NOME;LOTACAO;CARGO;FUNCAO;VINCULO;REMUNERACAO LEGAL TOTAL(R$);DESC.TETO(R$); REMUNERACAO LEGAL DEVIDA(R$);DESCONTOS LEGAIS(R$);LIQUIDO DISPONIVEL(R$);
ALCIDES SAGGIORO NETO;DEPTO.DE ANALISE ECONOMICA;ASSESSOR I;NAO INFORMADO; CARGO COMISSION.S/VINCULO;4229,77;;4229,77;676,15;3553,62;
ALDIRA MARIA PONTES BARBOSA;DEPTO.DE ADM.E FINANCAS;GERENTE;NAO INFORMADO; CARGO COMISSION.S/VINCULO;4209,79;;4209,79;641,84;3567,95;
ALEX BRUNO DANTAS ALEXANDRINO;GERENCIA DE INFORMATICA;ASSESSOR IV;NAO INFORMADO; CARGO COMISSION.S/VINCULO;2575,61;;2575,61;264,79;2310,82;
ALEXANDRA SILVA DOS S FIGUEIREDO;GERENCIA DE GESTAO DE PESSOAL;ASSESSOR III;; CARGO COMISSION.S/VINCULO;3191,80;;3191,80;407,12;2784,68;
ALIETE VELLOSO DA FONSECA;DEPTO.DE DESENV.REGIONAL;TECNICO DE INCENTIVO 1A.CL.-T.INC-I;; ESTATUTARIO;52214,77;16752,55;35462,22;11583,21;23879,01;
ANA TEREZA JATAHY SANTOS;DEPTO.POL.IND.E COMERCIAIS;TNS-II;; ESTATUTARIO;4954,64;;4954,64;767,89;4186,75;
ANDERSON BARROSO GRIMM;DEPTO.POL.IND.E COMERCIAIS;CHEFE DE DEPARTAMENTO;CHEFE DE DPTO.; CARGO COMISSION.S/VINCULO;5229,77;;5229,77;986,40;4243,37;
ANDRÉ LUIZ LIMA COSTA;SECRETARIA EXECUTIVA;CHEFE DE DEPARTAMENTO;NAO INFORMADO; CARGO COMISSION.S/VINCULO;8716,28;;8716,28;1993,31;6722,97;
ANDRE LUIS WILLERDING;GABINETE DO SECRETARIO;CHEFE DE DEPARTAMENTO;CHEFE DEPART. AD-1; CARGO COMISSION.S/VINCULO;5229,77;;5229,77;568,83;4660,94;
ANDRE ZUMAK AZEVEDO NASCIMENTO;GABINETE DO SECRETARIO;CHEFE DE DEPARTAMENTO;; CARGO COMISSION.S/VINCULO;5229,77;;5229,77;986,40;4243,37;
ANGELA MONTEIRO MARTINS;GERENCIA DE GESTAO DE PESSOAL;A.TEC-I;; ESTATUTARIO;3710,32;;3710,32;262,56;3447,76;
ANTONIO IRAN GADELHA;DEPTO.DE DESENV.REGIONAL;ASSESSOR I;; CARGO COMISSION.S/VINCULO;6973,03;;6973,03;1513,91;5459,12;
ANTONIO MACIEL DA SILVA;GERENCIA DE APOIO LOGISTICO;A.TEC-I;; ESTATUTARIO;13632,45;;13632,45;3695,22;9937,23;
APPIO DA SILVA TOLENTINO;DEPTO.POL.IND.E COMERCIAIS;TECNICO DE INCENTIVO 1A.CL.-T.INC-I;; ESTATUTARIO;44790,64;9328,42;35462,22;11584,22;23878,00;
ARLETE NOGUEIRA VIANA;DEPARTAMENTO DE PLANEJAMENTO;ASSISTENTE ADMINISTRATIVO;CHEFE DE DEPARTAMENT; ESTATUTARIO;5771,54;;5771,54;669,76;5101,78;
CLENEIDE NEVES HAYDEN;GERENCIA DE GESTAO DE PESSOAL;TNS-I;ASSESSOR II, AD2; ESTATUTARIO;8326,31;;8326,31;1709,74;6616,57;
DARCY DE OLIVEIRA FALCAO;GERENCIA DE APOIO LOGISTICO;AUX.O-I;; ESTATUTARIO;2770,05;;2770,05;191,58;2578,47;
DENISE BEZERRA LIMA;DEPTO.DE ADMINIST.E FINANCAS;ASSISTENTE TECNICO I;GERENTE; ESTATUTARIO;1281,62;;1281,62;194,65;1086,97;
DEUSDEDIT DE BRITO RAMOS;ASSESSORIA;ASSESSOR I;NAO INFORMADO; CARGO COMISSION.S/VINCULO;5229,77;;5229,77;943,74;4286,03;
DULCE MARGARETE DA SILVA JATAHY;DEPTO.POL.IND.E COMERCIAIS;TECNICO DE INCENTIVO 1A.CL.-T.INC-I;; ESTATUTARIO;52035,04;12671,98;39363,06;12657,67;26705,39;
EDERSON CESAR SANTOS LIBORIO;GERENCIA DE PLAN.ORC.E GESTAO;ASSESSOR III;ASSESSOR III AD-3; CARGO COMISSION.S/VINCULO;3191,80;;3191,80;422,40;2769,40;
EDIVALDO EVANGELISTA DE ALMEIDA;GERENCIA DE APOIO LOGISTICO;ASSESSOR III;NAO INFORMADO; CARGO COMISSION.S/VINCULO;3191,80;;3191,80;422,40;2769,40;
EDMAR LOPES MAGALHAES;DEPTO.DE DESENV.REGIONAL;ASSESSOR I;; CARGO COMISSION.S/VINCULO;5229,77;;5229,77;986,40;4243,37;
EDUARDO HENRIQUE ARCHER PINTO;DEPTO.POL.IND.E COMERCIAIS;TECNICO DE INCENTIVO 1A.CL.-T.INC-I;; ESTATUTARIO;4628,46;;4628,46;591,79;4036,67;
EDUARDO JORGE DE ALMEIDA F SILVA;DEPTO.POL.IND.E COMERCIAIS;A.TEC-I;ASSIST.TEC.2ª CLASSE; ESTATUTARIO;22612,93;;22612,93;6952,20;15660,73;
EFRAHIM TAVARES DE MELLO;DEPTO.DE ADMINIST.E FINANCAS;A.TEC-I;; ESTATUTARIO;21181,24;;21181,24;6106,49;15074,75;
ELCY SEREJO CORREA;DEPTO.EST.PESQ.E INFORMACOES;TNS-I;; ESTATUTARIO;4618,75;;4618,75;669,02;3949,73;
ERALDO BOECHAT LEAL;COM.POL.FIN.INV.ESTRATEGICOS;SECRETARIO DO COMITE;; CARGO COMISSION.S/VINCULO;5229,77;;5229,77;986,40;4243,37;
EZELINA DA GLORIA LAVAREDA;DEPTO.DE ADMINIST.E FINANCAS;A.TEC-I;; ESTATUTARIO;15973,13;;15973,13;4673,82;11299,31;
FABIANA BATISTA DA COSTA;GERENCIA DE GESTAO DE PESSOAL;ASSESSOR IV;ASSESSORA IV AD4; CARGO COMISSION.S/VINCULO;3175,61;;3175,61;418,48;2757,13;
FATIMA MARIA RAMOS ELIAS;DEPTO.POL.IND.E COMERCIAIS;TECNICO DE INCENTIVO 1A.CL.-T.INC-I;; ESTATUTARIO;22777,06;;22777,06;6939,22;15837,84;
FERNANDO BRUNO CÉSAR DE QUEIROZ;GER.ANAL.CONCES.INV.FISCAIS;GERENTE;NAO INFORMADO; CARGO COMISSION.S/VINCULO;4209,79;;4209,79;521,64;3688,15;
FRANCISCO ALVES DE FREITAS;DEPTO.EST.PESQ.E INFORMACOES;TNS-I;; ESTATUTARIO;5060,50;;5060,50;676,91;4383,59;
FRANCISCO CHARLES BARROS MARTINS;GERENCIA DE APOIO LOGISTICO;ASSESSOR III;NAO INFORMADO; CARGO COMISSION.S/VINCULO;3191,80;;3191,80;422,40;2769,40;
FRANCISCO DAS CHAGAS COELHO LIMA;GERENCIA DE APOIO LOGISTICO;A.TEC-I;; ESTATUTARIO;18551,71;;18551,71;5460,98;13090,73;
FRANCISCO VIEIRA DA ROCHA;GERENCIA DE APOIO LOGISTICO;ASSESSOR IV;ASSESSOR IV AD4; CARGO COMISSION.S/VINCULO;2575,61;;2575,61;264,79;2310,82;
GILSON NUNO DE PONTES E SOUZA;DEPTO.POL.IND.E COMERCIAIS;TECNICO DE INCENTIVO 2A.CL-T.INC-II;; ESTATUTARIO;42468,40;7006,18;35462,22;11532,47;23929,75;
HERCULES ANTONIO RIBEIRO FREIRE;GERENCIA DE APOIO LOGISTICO;A.OPE-II;; ESTATUTARIO;3633,19;;3633,19;226,80;3406,39;
HILDA SILVA MARTINS SOUZA;SECRETARIA EXECUTIVA;ASSESSOR III;NAO INFORMADO; CARGO COMISSION.S/VINCULO;5319,66;;5319,66;1017,79;4301,87;
ICARO DE MENDONCA JUCA;DEPARTAMENTO DE PLANEJAMENTO;ASSESSOR IV;; CARGO COMISSION.S/VINCULO;3175,61;;3175,61;418,48;2757,13;
IONE DE MELO BERNARDO CUNHA;DEPTO.DE ADMINIST.E FINANCAS;A.TEC-II;; ESTATUTARIO;3641,46;;3641,46;267,23;3374,23;
IRACEMA DE LIMA COLLYER;GERENCIA DE GESTAO DE PESSOAL;A.TEC-I;; ESTATUTARIO;3760,26;;3760,26;360,65;3399,61;
IRLENE MARIA PESSOA;DEPTO.DE ADMINIST.E FINANCAS;A.TEC-I;; ESTATUTARIO;3736,68;;3736,68;321,63;3415,05;
IVO JORGE GARCEZ TEIXEIRA;DEPTO.DE ADM.E FINANCAS;ASSESSOR I;NAO INFORMADO; CARGO COMISSION.S/VINCULO;5229,77;;5229,77;575,27;4654,50;
JOÃO BATISTA DA COSTA PAULA;DEPTO.DE ADM.E FINANCAS;ASSESSOR III;NAO INFORMADO; CARGO COMISSION.S/VINCULO;3191,80;;3191,80;407,12;2784,68;
JOANA MARIA VIEIRA MARQUES;DEPTO.DE MICRO E PEQ.EMPRESA;A.TEC-I;; ESTATUTARIO;16654,01;;16654,01;4802,76;11851,25;
JOHN VANE BESSA ROSA;DEPTO.POL.IND.E COMERCIAIS;GERENTE;; CARGO COMISSION.S/VINCULO;4209,79;;4209,79;670,28;3539,51;
JONAS PEREIRA CARVALHO DA S FILHO;GERENCIA DE APOIO LOGISTICO;A.TEC-I;; ESTATUTARIO;12030,10;;12030,10;3190,15;8839,95;
JOSE ALBERTO MARQUES DE MATOS;GERENCIA DE PLAN.ORC.E GESTAO;AUX.S.G-I;GERENTE; ESTATUTARIO;5494,02;;5494,02;595,82;4898,20;
JOSE ANTONIO PADILHA;GERENCIA DE APOIO LOGISTICO;ASSISTENTE ADMINISTRATIVO;; ESTATUTARIO;3577,54;;3577,54;279,63;3297,91;
JOSE LIRA COSTA;GERENCIA DE APOIO LOGISTICO;ASSESSOR IV;ASSESSOR IV AD4; CARGO COMISSION.S/VINCULO;2575,61;;2575,61;264,79;2310,82;
JOSE SANDRO DA MOTA RIBEIRO;DEPTO.DE DESENV.REGIONAL;A.TEC-II;CHEFE DE DEPARTAMENT; ESTATUTARIO;5835,46;;5835,46;851,99;4983,47;
JOSENETE CAVALCANTE COSTA;DEPTO.EST.PESQ.E INFORMACOES;CHEFE DE DEPARTAMENTO;; CARGO COMISSION.S/VINCULO;5229,77;;5229,77;986,40;4243,37;
JUDITH FRANCISCA SANCHES OLIVEIRA;DEPTO.DE MICRO E PEQ.EMPRESA;TNS-I;ASSESSOR I; ESTATUTARIO;7290,07;;7290,07;1418,63;5871,44;
JULIA MAGALHAES DA ROCHA;DEPTO.POL.IND.E COMERCIAIS;A.TEC-I;; ESTATUTARIO;19916,97;;19916,97;5962,43;13954,54;
JULIO AFONSO DA SILVA FILHO;DEPTO.EST.PESQ.E INFORMACOES;A.TEC-I;GERENTE AD-2; ESTATUTARIO;6723,63;;6723,63;948,56;5775,07;
JULIO RAMON MARCHIORE TEIXEIRA;GABINETE DO SECRETARIO;SECRETARIO EXECUTIVO ADJUNTO;NAO INFORMADO; CARGO COMISSION.S/VINCULO;9000,00;;9000,00;1595,99;7404,01;
JÓRIO DE ALBUQUERQUE VEIGA FILHO;GABINETE DO SECRETARIO;SECRETARIO DE ESTADO;NAO INFORMADO; CARGO COMISSION.S/VINCULO;28060,00;;28060,00;7312,83;20747,17;
KAMILA SARKIS DE CASTRO;ASSESSORIA JURIDICA;ASSESSOR I;ASSESSOR I AD-1; CARGO COMISSION.S/VINCULO;6973,03;;6973,03;1513,91;5459,12;
KEDIMA LUZIA PRADO TAUMATURGO;DEPTO.DE ADMINIST.E FINANCAS;A.TEC-I;; ESTATUTARIO;3110,34;;3110,34;215,57;2894,77;
LEONARDO RODRIGO DA SILVA;GABINETE DO SECRETARIO;ASSESSOR I;; CARGO COMISSION.S/VINCULO;5229,77;;5229,77;986,40;4243,37;
LUCIANI AGUIAR PINTO;GABINETE DO SECRETARIO;GERENTE;GERENTE AD-2; CARGO COMISSION.S/VINCULO;4209,79;;4209,79;670,28;3539,51;
LUCKAS PIMENTA MORAES;GERENCIA DE MAT. E PATRIMONIO;ASSESSOR III;; CARGO COMISSION.S/VINCULO;3191,80;;3191,80;422,40;2769,40;
LUIZ ALMIR DE MENEZES FONSECA;COMITE TEC.PLANEJ.-COTEPLAN;SECRETARIO DO COMITE;NAO INFORMADO; CARGO COMISSION.S/VINCULO;5229,77;;5229,77;986,40;4243,37;
MANOEL DO CARMO LIMA;GERENCIA DE APOIO LOGISTICO;COZINHEIRO A;; ESTATUTARIO;3461,81;;3461,81;191,93;3269,88;
MARCELINO PEREIRA DE SOUZA;GERENCIA DE APOIO LOGISTICO;AUX.S.G-I;; ESTATUTARIO;11382,58;;11382,58;3120,76;8261,82;
MARCELO AZEVEDO DA SILVA MOTA;DEPTO.DE ANALISE ECONOMICA;ASSESSOR III;; CARGO COMISSION.S/VINCULO;3191,80;;3191,80;422,40;2769,40;
MARCELO GOMES DE OLIVEIRA;DEPTO.DE ADMINIST.E FINANCAS;A.TEC-II;; ESTATUTARIO;3641,46;;3641,46;174,35;3467,11;
MARCONDE CARVALHO DE NORONHA;SECRETARIA EXEC.ADJ.REL.INTER.;ASSESSOR I;; CARGO COMISSION.S/VINCULO;5229,77;;5229,77;986,40;4243,37;
MARCUS ANTONIO NOBRE DE ARAUJO;DEPTO.POL.IND.E COMERCIAIS;A.TEC-I;; ESTATUTARIO;22596,63;;22596,63;6946,63;15650,00;
MARIA ANGELA AGUIAR DE LIMA;GERENCIA DE GESTAO DE PESSOAL;A.TEC-I;AG. ADMIN. 2º CLASSE; ESTATUTARIO;15941,02;;15941,02;4611,11;11329,91;
MARIA ANTONIA ALEXANDRE MELO;DEPTO.POL.IND.E COMERCIAIS;A.TEC-I;ASSISTENTE TECNICO; ESTATUTARIO;3882,24;;3882,24;373,67;3508,57;
MARIA AUXILIADORA GOMES BEZERRA;DEPARTAMENTO DE PLANEJAMENTO;TNS-I;; ESTATUTARIO;5090,28;;5090,28;815,50;4274,78;
MARIA CAMILA FOWLER BARROS;DEPTO.POL.IND.E COMERCIAIS;A.TEC-I;; ESTATUTARIO;22536,38;;22536,38;6927,49;15608,89;
MARIA CELESTE DA COSTA FREITAS;DEPARTAMENTO DE PLANEJAMENTO;TNS-I;; ESTATUTARIO;5172,30;;5172,30;795,45;4376,85;
MARIA DAS GRACAS BRANDAO DOS REIS;DEPARTAMENTO DE PLANEJAMENTO;GERENTE;; CARGO COMISSION.S/VINCULO;4209,79;;4209,79;670,28;3539,51;
MARIA DAS GRACAS COSTA BRINGEL;DEPTO.POL.IND.E COMERCIAIS;TECNICO DE INCENTIVO 1A.CL.-T.INC-I;; ESTATUTARIO;18320,60;;18320,60;5339,71;12980,89;
MARIA DO PERPETUO SOCORRO R MACIEL;DEPARTAMENTO DE PLANEJAMENTO;TNS-II;TECNICO 3ª CLASSE; ESTATUTARIO;4974,06;;4974,06;731,10;4242,96;
MARIA DO ROSARIO ALENCAR DE SOUZA;DEPTO.POL.IND.E COMERCIAIS;A.TEC-I;GERENTE AD -2; ESTATUTARIO;4895,97;;4895,97;599,46;4296,51;
MARIA DO ROSARIO SA DE OLIVEIRA;DEPTO.POL.IND.E COMERCIAIS;TECNICO DE INCENTIVO 2A.CL-T.INC-II;; ESTATUTARIO;46058,80;6695,74;39363,06;12731,45;26631,61;
MARIA IVANI DE CASTRO RODRIGUES;COM.POL.FIN.INV.ESTRATEGICOS;ASSESSOR I;; CARGO COMISSION.S/VINCULO;5229,77;;5229,77;986,40;4243,37;
MARLON ANDREK DA SILVA ALVES;SECRETARIA EXECUTIVA;GERENTE;NAO INFORMADO; CARGO COMISSION.S/VINCULO;4209,79;;4209,79;670,28;3539,51;
MARY ANNE GAMA PARENTE;GABINETE DO SECRETARIO;TEC. DE NIVEL SUPERIOR 1A CLASSE;CHEFE DE GABINETE; ESTATUTARIO;6752,62;;6752,62;1156,38;5596,24;
MILENA ARYCE MENTA BARKER;GABINETE DO SECRETARIO;GERENTE;GERENTE AD2; CARGO COMISSION.S/VINCULO;4209,79;;4209,79;670,28;3539,51;
NADJA SIMOES BARBOSA BRITO;GABINETE DO SECRETARIO;A.TEC-I;; ESTATUTARIO;20570,50;;20570,50;6066,80;14503,70;
NAIR CAVALCANTE ESTEVES;GABINETE DO SECRETARIO;TNS-I;; ESTATUTARIO;5082,63;;5082,63;727,54;4355,09;
NEILA DO ROSÁRIO MONTEIRO DA SILVA;ASSESSORIA JURIDICA;ASSESSOR I;NAO INFORMADO; CARGO COMISSION.S/VINCULO;5229,77;;5229,77;943,74;4286,03;
NICOLLE EVELYN LUZEIRO FIGUEIRA;COMITE TEC.PLANEJ.-COTEPLAN;ASSESSOR IV;; CARGO COMISSION.S/VINCULO;3175,61;;3175,61;418,48;2757,13;
NILSON TAVARES PIMENTEL;DEPTO.POL.P/O SETOR TERCIARIO;TECNICO DE INCENTIVO 1A.CL.-T.INC-I;; ESTATUTARIO;52553,28;13190,22;39363,06;12552,43;26810,63;
NINA JULIETTE BEST;SECRETARIA EXECUTIVA;CHEFE DE DEPARTAMENTO;NAO INFORMADO; CARGO COMISSION.S/VINCULO;5229,77;;5229,77;986,40;4243,37;
OLDOVANI RODRIGUES BARROSO;DEPTO.DE ADMINIST.E FINANCAS;A.TEC-I;; ESTATUTARIO;15994,96;;15994,96;4571,93;11423,03;
OLGA SANTANA DE FREITAS;SECRETARIA EXEC.ADJ.REL.INTER.;A.TEC-I;ASSI.TEC.NI/REFIII; ESTATUTARIO;4252,04;;4252,04;431,86;3820,18;
OTAVIANO ANTONIO CAVALCANTI K SILVA;DEPTO.POL.IND.E COMERCIAIS;TECNICO DE INCENTIVO 1A.CL.-T.INC-I;; ESTATUTARIO;49668,07;;49668,07;15288,70;34379,37;
PAULA FRANCINETTE DE LIMA MONARI;DEPTO.DE DESENV.REGIONAL;A.TEC-I;; ESTATUTARIO;3701,57;;3701,57;288,87;3412,70;
PAULO DA COSTA FRANÇA;GERENCIA DE APOIO LOGISTICO;ASSESSOR III;NAO INFORMADO; CARGO COMISSION.S/VINCULO;2591,80;;2591,80;253,13;2338,67;
PAULO RICARDO RODRIGUES DE SOUZA;DEPTO.DE ADM.E FINANCAS;CHEFE DE DEPARTAMENTO;; CARGO COMISSION.S/VINCULO;5229,77;;5229,77;986,40;4243,37;
POJUCAN JOSE BACELLAR DE SOUZA;ASSESSORIA DE COM.SOCIAL;TNS-I;; ESTATUTARIO;10885,15;;10885,15;2650,74;8234,41;
PRISCILA DA SILVA COSTA;GABINETE DO SECRETARIO;ASSESSOR III;; CARGO COMISSION.S/VINCULO;3191,80;;3191,80;422,40;2769,40;
PRISCYLLA DE PAULA DANTAS TOMAZ;GERENCIA DE GESTAO DE PESSOAL;ASSESSOR III;ASSESSOR III AD3; CARGO COMISSION.S/VINCULO;3191,80;;3191,80;422,40;2769,40;
RAIMUNDO GILMAR VASCONCELOS BELEM;DEPTO.POL.IND.E COMERCIAIS;A.TEC-I;; ESTATUTARIO;18448,25;;18448,25;5402,63;13045,62;
RAIMUNDO NONATO SILVA DE OLIVEIRA;GERENCIA DE APOIO LOGISTICO;AUX.O-I;; ESTATUTARIO;2468,58;;2468,58;181,26;2287,32;
RAPHAEL DOS SANTOS PARA;GABINETE DO SECRETARIO;GERENTE;; CARGO COMISSION.S/VINCULO;4209,79;;4209,79;584,96;3624,83;
REGINA LUCIA VIEIRA MARQUES GOMES;GERENCIA DE PLAN.ORC.E GESTAO;A.TEC-I;; ESTATUTARIO;12021,05;;12021,05;3242,16;8778,89;
RITA DE CASSIA ALMEIDA LIMA;DEPTO.DE DESENV.REGIONAL;TNS-I;; ESTATUTARIO;6089,20;;6089,20;1058,89;5030,31;
ROGER MATHEUS CINTRA MARANHÃO;ASSESSORIA JURIDICA;ASSESSOR IV;NAO INFORMADO; CARGO COMISSION.S/VINCULO;3175,61;;3175,61;418,48;2757,13;
ROOSEVELT ARAUJO FERREIRA;GERENCIA DE APOIO LOGISTICO;FISCAL RODOVIARIO;; ESTATUTARIO;2581,54;;2581,54;148,52;2433,02;
SABRINA SENA DA FONSECA;GERENCIA DE MAT. E PATRIMONIO;GERENTE;; CARGO COMISSION.S/VINCULO;4209,79;;4209,79;670,28;3539,51;
SALOMAO YURI OLIVEIRA R COSTA;SEC.GER.CONS.DESEN.DO AM-CODAM;SECRETARIO DO CODAM AD-1;SEC DO CODAM; CARGO COMISSION.S/VINCULO;5229,77;;5229,77;986,40;4243,37;
SAMUEL ARTUR MAIA MENDES;DEPARTAMENTO DE PLANEJAMENTO;GERENTE;; CARGO COMISSION.S/VINCULO;4209,79;;4209,79;670,28;3539,51;
SANDRA MARIA ALEIXO DOS SANTOS;DEPTO.DES.ORG.E REC.HUMANOS;ASSISTENTE TECNICO 2A CLASSE;; ESTATUTARIO;3885,35;;3885,35;347,88;3537,47;
SAVANA SANTINNA ALVES XAVIER;DEPTO.DE ADM.E FINANCAS;ASSESSOR III;NAO INFORMADO; CARGO COMISSION.S/VINCULO;2591,80;;2591,80;267,35;2324,45;
SERGIO ARAUJO CALDEIRA BRANT;CAMARAS IND.AG.C.S.T.B.M.P.EMP;ASSESSOR III;NAO INFORMADO; CARGO COMISSION.S/VINCULO;5319,66;;5319,66;1017,79;4301,87;
SIGRID DA SILVA ABINADER;DEPTO.POL.IND.E COMERCIAIS;A.TEC-I;; ESTATUTARIO;22223,65;;22223,65;6866,45;15357,20;
SILENE RODRIGUES DE ALMEIDA;SEC.GER.CONS.DESEN.DO AM-CODAM;A.TEC-I;; ESTATUTARIO;13471,57;;13471,57;3691,36;9780,21;
SILVIA MARIA NASCIMENTO BRAGA;DEPTO.DE MICRO E PEQ.EMPRESA;A.TEC-I;; ESTATUTARIO;3110,34;;3110,34;221,73;2888,61;
SILVIA RODRIGUES DE MENEZES;CAMARAS IND.AG.C.S.T.B.M.P.EMP;A.TEC-II;; ESTATUTARIO;3676,05;;3676,05;337,13;3338,92;
SONIA JANETE GUERRA DOS S GOMES;DEPARTAMENTO DE PLANEJAMENTO;ENGENHEIRO DE PESCA;SECRET.EXE.ADJUNT; ESTATUTARIO;10613,24;;10613,24;2374,95;8238,29;
SYLVANIO RODRIGUES MEDEIROS;DEPTO.DE ANALISE ECONOMICA;ASSESSOR III;NAO INFORMADO; CARGO COMISSION.S/VINCULO;3191,80;;3191,80;392,90;2798,90;
TANIA REGINA DE SA RIBEIRO;DEPARTAMENTO DE PLANEJAMENTO;TNS-II;; ESTATUTARIO;4999,48;;4999,48;781,43;4218,05;
TATIANA SCHOR;SECRETARIA EXECUTIVA;SECRETARIO EXECUTIVO;; DISP. OUTROS ESFERAS;9900,00;;9900,00;1853,14;8046,86;
TELMA LUCIA NATIVIDADE ARAUJO;GERENCIA DE GESTAO DE PESSOAL;AGENTE ADMINISTRATIVO 3A CLASSE;GERENTE AD-2-; ESTATUTARIO;4780,28;;4780,28;469,96;4310,32;
VANIA RITA MARTINS DAS NEVES;GERENCIA DE GESTAO DE PESSOAL;A.TEC-I;; ESTATUTARIO;4029,92;;4029,92;415,68;3614,24;
VERA RUTH CONDURU CORREA;GERENCIA DE GESTAO DE PESSOAL;TNS-I;; ESTATUTARIO;4616,78;;4616,78;655,01;3961,77;
VINÍCIUS MEDRADO TEIXEIRA;GABINETE DO SECRETARIO;ASSESSOR IV;; CARGO COMISSION.S/VINCULO;3175,61;;3175,61;418,48;2757,13;
WALDIMAR PEDROSA DE SOUZA;DEPTO.DE ADMINIST.E FINANCAS;AUX.S.G-I;; ESTATUTARIO;11815,87;;11815,87;3166,74;8649,13;
WANDERLEY FEITOSA DA COSTA;GERENCIA DE APOIO LOGISTICO;GERENTE;NAO INFORMADO; CARGO COMISSION.S/VINCULO;4209,79;;4209,79;641,84;3567,95;
YETH DOMINGUES DE ABREU;GABINETE DO SECRETARIO;A.TEC-I;; ESTATUTARIO;17608,06;;17608,06;5421,95;12186,11;
ZACARIAS OLIVEIRA DA SILVA;GERENCIA DE APOIO LOGISTICO;MOT-II;; ESTATUTARIO;3752,91;;3752,91;258,69;3494,22;
