NOME;LOTACAO;CARGO;FUNCAO;VINCULO;REMUNERACAO LEGAL TOTAL(R$);DESC.TETO(R$); REMUNERACAO LEGAL DEVIDA(R$);DESCONTOS LEGAIS(R$);LIQUIDO DISPONIVEL(R$);
ALCIDES SAGGIORO NETO;DEPTO.DE ANALISE ECONOMICA;ASSESSOR I;NAO INFORMADO; CARGO COMISSION.S/VINCULO;4229,77;;4229,77;676,15;3553,62;
ALDIRA MARIA PONTES BARBOSA;DEPTO.DE ADM.E FINANCAS;GERENTE;NAO INFORMADO; CARGO COMISSION.S/VINCULO;4209,79;;4209,79;641,84;3567,95;
ALEX BRUNO DANTAS ALEXANDRINO;GERENCIA DE INFORMATICA;ASSESSOR IV;NAO INFORMADO; CARGO COMISSION.S/VINCULO;2575,61;;2575,61;264,79;2310,82;
ALEX LUZ DE OLIVEIRA;REMANEJADOS SETRAB;A.TEC-II;; ESTATUTARIO;3041,46;;3041,46;219,86;2821,60;
ALEXANDRA SILVA DOS S FIGUEIREDO;GERENCIA DE PLAN.ORC.E GESTAO;ASSESSOR III;; CARGO COMISSION.S/VINCULO;3191,80;;3191,80;407,12;2784,68;
ALICE HELENA LOPES ALVES;REMANEJADOS SETRAB;A.TEC-I;; ESTATUTARIO;3701,57;;3701,57;345,74;3355,83;
ALIETE VELLOSO DA FONSECA;DEPTO.DE DESENV.REGIONAL;TECNICO DE INCENTIVO 1A.CL.-T.INC-I;; ESTATUTARIO;52214,77;16752,55;35462,22;11635,34;23826,88;
ALMIR MOCAMBITE PINTO;REMANEJADOS SETRAB;A.TEC-II;; ESTATUTARIO;3641,46;;3641,46;328,12;3313,34;
ALYSSON ROBERTO ROCHA FERREIRA;REMANEJADOS SETRAB;CHEFE DE DEPARTAMENTO;NAO INFORMADO; CARGO COMISSION.S/VINCULO;5229,77;;5229,77;986,40;4243,37;
ANA PAULA DA ROCHA FERNANDES;REMANEJADOS SETRAB;A.TEC-I;AG. ADMIN. 3ª CLASSE; ESTATUTARIO;2429,83;;2429,83;200,91;2228,92;
ANA REGINA ARAUJO TEIXEIRA GOMES;REMANEJADOS SETRAB;AUX.S.G-II;; ESTATUTARIO;2218,15;;2218,15;151,07;2067,08;
ANA TEREZA JATAHY SANTOS;DEPTO.POL.IND.E COMERCIAIS;TNS-II;; ESTATUTARIO;4954,64;;4954,64;767,89;4186,75;
ANDERSON BARROSO GRIMM;DEPTO.POL.IND.E COMERCIAIS;CHEFE DE DEPARTAMENTO;CHEFE DE DPTO.; CARGO COMISSION.S/VINCULO;5229,77;;5229,77;986,40;4243,37;
ANDRÉ LUIZ LIMA COSTA;SECRETARIA EXECUTIVA;CHEFE DE DEPARTAMENTO;NAO INFORMADO; CARGO COMISSION.S/VINCULO;5229,77;;5229,77;986,40;4243,37;
ANDRE LUIS WILLERDING;GABINETE DO SECRETARIO;CHEFE DE DEPARTAMENTO;CHEFE DEPART. AD-1; CARGO COMISSION.S/VINCULO;5229,77;;5229,77;568,83;4660,94;
ANDRE ZUMAK AZEVEDO NASCIMENTO;GABINETE DO SECRETARIO;CHEFE DE DEPARTAMENTO;; CARGO COMISSION.S/VINCULO;5229,77;;5229,77;986,40;4243,37;
ANGELA DA SILVA MELO;REMANEJADOS SETRAB;A.TEC-I;; ESTATUTARIO;3675,52;;3675,52;281,31;3394,21;
ANGELA MONTEIRO MARTINS;GERENCIA DE GESTAO DE PESSOAL;A.TEC-I;; ESTATUTARIO;3882,24;;3882,24;363,41;3518,83;
ANTONIA PAULA VIEIRA CAVALCANTE;REMANEJADOS SETRAB;ASSESSOR I;NAO INFORMADO; CARGO COMISSION.S/VINCULO;5229,77;;5229,77;986,40;4243,37;
APPIO DA SILVA TOLENTINO;DEPTO.POL.IND.E COMERCIAIS;TECNICO DE INCENTIVO 1A.CL.-T.INC-I;; ESTATUTARIO;44790,64;9328,42;35462,22;11636,36;23825,86;
ARIZANEIDE ARAUJO LEITE;REMANEJADOS SETRAB;TNS-I;; ESTATUTARIO;3132,80;;3132,80;410,92;2721,88;
ARLETE NOGUEIRA VIANA;DEPARTAMENTO DE PLANEJAMENTO;ASSISTENTE ADMINISTRATIVO;CHEFE DE DEPARTAMENT; ESTATUTARIO;5771,54;;5771,54;721,90;5049,64;
ARNALDO SOUZA DOS REIS;REMANEJADOS SETRAB;GERENTE;NAO INFORMADO; CARGO COMISSION.S/VINCULO;4209,79;;4209,79;670,28;3539,51;
ARNOLDO DE OLIVEIRA BARRETO;REMANEJADOS SETRAB;VIGIA-III;; ESTATUTARIO;2465,81;;2465,81;108,87;2356,94;
ARTHUR GOMES BENAYON;REMANEJADOS SETRAB;ASSISTENTE TECNICO 1A CLASSE;; ESTATUTARIO;3595,02;;3595,02;258,22;3336,80;
CELENE MARIA LEMOS MENDES;REMANEJADOS SETRAB;ASSISTENTE TECNICO 3A CLASSE;; ESTATUTARIO;2986,28;;2986,28;146,34;2839,94;
CEZAR AUGUSTO VIEIRA DE SOUZA;GABINETE DO SECRETARIO;A.OPE-I;; ESTATUTARIO;3732,11;;3732,11;353,18;3378,93;
CLAUDIA REGINA OLIVEIRA MONTEIRO;REMANEJADOS SETRAB;ASSISTENTE TECNICO 3A CLASSE;; ESTATUTARIO;3586,28;;3586,28;256,10;3330,18;
CLENEIDE NEVES HAYDEN;GERENCIA DE GESTAO DE PESSOAL;TNS-I;ASSESSOR II, AD2; ESTATUTARIO;6344,51;;6344,51;1164,74;5179,77;
DANIELLE COSTA DA SILVA;REMANEJADOS SETRAB;ASSESSOR IV;NAO INFORMADO; CARGO COMISSION.S/VINCULO;3175,61;;3175,61;418,48;2757,13;
DARCY DE OLIVEIRA FALCAO;GERENCIA DE APOIO LOGISTICO;AUX.O-I;; ESTATUTARIO;2770,05;;2770,05;205,80;2564,25;
DENISE BEZERRA LIMA;DEPTO.DE ADMINIST.E FINANCAS;ASSISTENTE TECNICO I;GERENTE; ESTATUTARIO;1281,62;;1281,62;194,65;1086,97;
DEUSDEDIT DE BRITO RAMOS;ASSESSORIA;ASSESSOR I;NAO INFORMADO; CARGO COMISSION.S/VINCULO;5229,77;;5229,77;943,74;4286,03;
DEUZA MARIA DA ROCHA MARTINIANO;REMANEJADOS SETRAB;AGENTE ADMINISTRATIVO 3A CLASSE;; ESTATUTARIO;2986,28;;2986,28;166,10;2820,18;
DJAVAN PEREIRA DE MELO;REMANEJADOS SETRAB;ASSESSOR II;NAO INFORMADO; CARGO COMISSION.S/VINCULO;4209,79;;4209,79;641,84;3567,95;
DULCE MARGARETE DA SILVA JATAHY;DEPTO.POL.IND.E COMERCIAIS;TECNICO DE INCENTIVO 1A.CL.-T.INC-I;; ESTATUTARIO;52035,04;12671,98;39363,06;12657,67;26705,39;
EDERSON CESAR SANTOS LIBORIO;GERENCIA DE PLAN.ORC.E GESTAO;ASSESSOR III;ASSESSOR III AD-3; CARGO COMISSION.S/VINCULO;3191,80;;3191,80;422,40;2769,40;
EDINILSON DE CASTRO VIANA;REMANEJADOS SETRAB;A.TEC-II;; ESTATUTARIO;3041,46;;3041,46;219,86;2821,60;
EDIVALDO EVANGELISTA DE ALMEIDA;GERENCIA DE APOIO LOGISTICO;ASSESSOR III;NAO INFORMADO; CARGO COMISSION.S/VINCULO;3191,80;;3191,80;422,40;2769,40;
EDMAR LOPES MAGALHAES;DEPTO.DE DESENV.REGIONAL;ASSESSOR I;; CARGO COMISSION.S/VINCULO;5229,77;;5229,77;986,40;4243,37;
EDNA SOUSA FERREIRA;REMANEJADOS SETRAB;AUX.S.G-I;; ESTATUTARIO;2418,66;;2418,66;174,40;2244,26;
EDUARDO HENRIQUE ARCHER PINTO;DEPTO.POL.IND.E COMERCIAIS;TECNICO DE INCENTIVO 1A.CL.-T.INC-I;; ESTATUTARIO;4628,46;;4628,46;591,79;4036,67;
EDUARDO JORGE DE ALMEIDA F SILVA;DEPTO.POL.IND.E COMERCIAIS;A.TEC-I;ASSIST.TEC.2ª CLASSE; ESTATUTARIO;22612,93;;22612,93;7056,47;15556,46;
EDVALDO GRANGEIRO PINHEIRO;REMANEJADOS SETRAB;A.TEC-II;; ESTATUTARIO;3041,46;;3041,46;238,12;2803,34;
EFRAHIM TAVARES DE MELLO;DEPTO.DE ADMINIST.E FINANCAS;A.TEC-I;; ESTATUTARIO;15933,53;;15933,53;4715,51;11218,02;
ELCY SEREJO CORREA;DEPTO.EST.PESQ.E INFORMACOES;TNS-I;; ESTATUTARIO;4618,75;;4618,75;669,02;3949,73;
ELIETE DA SILVEIRA VIEIRA;REMANEJADOS SETRAB;MONITOR 2A CLASSE;; ESTATUTARIO;3160,88;;3160,88;199,77;2961,11;
ELISSON DA SILVA LIMA;REMANEJADOS SETRAB;SUBGERENTE;NAO INFORMADO; CARGO COMISSION.S/VINCULO;3191,80;;3191,80;422,40;2769,40;
ENEDINA PEREIRA DE OLIVEIRA;REMANEJADOS SETRAB;AGENTE ADMINISTRATIVO 3A CLASSE;; ESTATUTARIO;2288,28;;2288,28;108,21;2180,07;
ERALDO BOECHAT LEAL;COM.POL.FIN.INV.ESTRATEGICOS;SECRETARIO DO COMITE;; CARGO COMISSION.S/VINCULO;5229,77;;5229,77;986,40;4243,37;
ERISMAR ALVES DE CARVALHO;REMANEJADOS SETRAB;ASSESSOR III;NAO INFORMADO; CARGO COMISSION.S/VINCULO;3191,80;;3191,80;422,40;2769,40;
ERNANDES SANTOS DA SILVA;REMANEJADOS SETRAB;A.TEC-I;; ESTATUTARIO;2412,34;;2412,34;183,60;2228,74;
EZELINA DA GLORIA LAVAREDA;DEPTO.DE ADMINIST.E FINANCAS;A.TEC-I;; ESTATUTARIO;15973,13;;15973,13;4725,96;11247,17;
FABIANA BATISTA DA COSTA;GERENCIA DE GESTAO DE PESSOAL;ASSESSOR IV;ASSESSORA IV AD4; CARGO COMISSION.S/VINCULO;3175,61;;3175,61;418,48;2757,13;
FABIO BATISTA DOS SANTOS;REMANEJADOS SETRAB;ASSESSOR II;NAO INFORMADO; CARGO COMISSION.S/VINCULO;4209,79;;4209,79;670,28;3539,51;
FATIMA MARIA RAMOS ELIAS;DEPTO.POL.IND.E COMERCIAIS;TECNICO DE INCENTIVO 1A.CL.-T.INC-I;; ESTATUTARIO;22777,06;;22777,06;6939,22;15837,84;
FERNANDO BRUNO CÉSAR DE QUEIROZ;GER.ANAL.CONCES.INV.FISCAIS;GERENTE;NAO INFORMADO; CARGO COMISSION.S/VINCULO;4209,79;;4209,79;521,64;3688,15;
FRANCISCA FLAVIA DA SILVA RODRIGUES;REMANEJADOS SETRAB;AGENTE ADMINISTRATIVO 2A CLASSE;; ESTATUTARIO;2590,28;;2590,28;130,86;2459,42;
FRANCISCO ALVES DE FREITAS;DEPTO.EST.PESQ.E INFORMACOES;TNS-I;; ESTATUTARIO;5060,50;;5060,50;762,23;4298,27;
FRANCISCO CHARLES BARROS MARTINS;GERENCIA DE APOIO LOGISTICO;ASSESSOR III;NAO INFORMADO; CARGO COMISSION.S/VINCULO;3191,80;;3191,80;422,40;2769,40;
FRANCISCO DAS CHAGAS COELHO LIMA;GERENCIA DE APOIO LOGISTICO;A.TEC-I;; ESTATUTARIO;20563,11;;20563,11;6170,53;14392,58;
FRANCISCO VIEIRA DA ROCHA;GERENCIA DE APOIO LOGISTICO;ASSESSOR IV;ASSESSOR IV AD4; CARGO COMISSION.S/VINCULO;2575,61;;2575,61;264,79;2310,82;
GENY BERONY DA SILVA PINHEIRO;REMANEJADOS SETRAB;AUX.S.G-I;; ESTATUTARIO;2566,46;;2566,46;161,70;2404,76;
GILBERTO CAVALCANTI GOMES DA SILVA;REMANEJADOS SETRAB;MOTORISTA 3A CLASSE;; ESTATUTARIO;2684,46;;2684,46;147,51;2536,95;
GILSON NUNO DE PONTES E SOUZA;DEPTO.POL.IND.E COMERCIAIS;TECNICO DE INCENTIVO 2A.CL-T.INC-II;; ESTATUTARIO;42468,40;7006,18;35462,22;11532,47;23929,75;
GREICE AMELIA MULLER MUBARAC;REMANEJADOS SETRAB;A.TEC-I;GERENTE DE POSTO; ESTATUTARIO;2372,98;;2372,98;194,87;2178,11;
HAROLDO DE OLIVEIRA SANTOS;REMANEJADOS SETRAB;A.TEC-I;; ESTATUTARIO;2646,53;;2646,53;206,81;2439,72;
HAROLDO FURTADO DE PAIVA;REMANEJADOS SETRAB;TNS-I;TNS; ESTATUTARIO;9211,30;;9211,30;2193,94;7017,36;
HELDER CINTRA BASTOS;REMANEJADOS SETRAB;CHEFE DE DEPARTAMENTO;NAO INFORMADO; CARGO COMISSION.S/VINCULO;5229,77;;5229,77;986,40;4243,37;
HERCULES ANTONIO RIBEIRO FREIRE;GERENCIA DE APOIO LOGISTICO;A.OPE-II;; ESTATUTARIO;3633,19;;3633,19;226,80;3406,39;
HILDA SILVA MARTINS SOUZA;SECRETARIA EXECUTIVA;ASSESSOR III;NAO INFORMADO; CARGO COMISSION.S/VINCULO;3191,80;;3191,80;422,40;2769,40;
ICARO DE MENDONCA JUCA;DEPARTAMENTO DE PLANEJAMENTO;ASSESSOR IV;; CARGO COMISSION.S/VINCULO;3175,61;;3175,61;418,48;2757,13;
IONE DE MELO BERNARDO CUNHA;DEPTO.DE ADMINIST.E FINANCAS;A.TEC-II;; ESTATUTARIO;3641,46;;3641,46;267,23;3374,23;
IRACEMA DE LIMA COLLYER;GERENCIA DE GESTAO DE PESSOAL;A.TEC-I;; ESTATUTARIO;3760,26;;3760,26;360,65;3399,61;
IRLENE MARIA PESSOA;DEPTO.DE ADMINIST.E FINANCAS;A.TEC-I;; ESTATUTARIO;3736,68;;3736,68;350,07;3386,61;
IVANILSE ALMEIDA DE SOUZA;REMANEJADOS SETRAB;AGENTE ADMINISTRATIVO 3A CLASSE;; ESTATUTARIO;2590,28;;2590,28;85,83;2504,45;
IVO JORGE GARCEZ TEIXEIRA;DEPTO.DE ADM.E FINANCAS;ASSESSOR I;NAO INFORMADO; CARGO COMISSION.S/VINCULO;5229,77;;5229,77;575,27;4654,50;
IZABEL CRISTINA PERRONE DO ROSARIO;REMANEJADOS SETRAB;A.TEC-I;; ESTATUTARIO;3150,73;;3150,73;177,70;2973,03;
IZABEL PAULA CUNHA DE SOUZA;DEPTO.DE ADM.E FINANCAS;ASSESSOR III;NAO INFORMADO; CARGO COMISSION.S/VINCULO;3191,80;;3191,80;407,12;2784,68;
JOÃO BATISTA DA COSTA PAULA;DEPTO.DE ADM.E FINANCAS;ASSESSOR III;NAO INFORMADO; CARGO COMISSION.S/VINCULO;3191,80;;3191,80;407,12;2784,68;
JOANA MARIA VIEIRA MARQUES;DEPTO.DE MICRO E PEQ.EMPRESA;A.TEC-I;; ESTATUTARIO;16654,01;;16654,01;4867,90;11786,11;
JOAO BRAS DE OLIVEIRA SANTIAGO;REMANEJADOS SETRAB;A.TEC-I;; ESTATUTARIO;2421,09;;2421,09;199,37;2221,72;
JOAO CARLOS DE SOUZA GRANJEIRO;REMANEJADOS SETRAB;A.TEC-II;; ESTATUTARIO;2343,46;;2343,46;160,83;2182,63;
JOAO RIBEIRO DE OLIVEIRA;REMANEJADOS SETRAB;AUX.S.G-I;; ESTATUTARIO;2446,98;;2446,98;179,64;2267,34;
JOHN VANE BESSA ROSA;DEPTO.POL.IND.E COMERCIAIS;GERENTE;; CARGO COMISSION.S/VINCULO;4209,79;;4209,79;670,28;3539,51;
JONAS PEREIRA CARVALHO DA S FILHO;GERENCIA DE APOIO LOGISTICO;A.TEC-I;; ESTATUTARIO;12030,10;;12030,10;3346,56;8683,54;
JOSE ALBERTO MARQUES DE MATOS;GERENCIA DE PLAN.ORC.E GESTAO;AUX.S.G-I;GERENTE; ESTATUTARIO;5494,02;;5494,02;654,76;4839,26;
JOSE ANTONIO PADILHA;GERENCIA DE APOIO LOGISTICO;ASSISTENTE ADMINISTRATIVO;; ESTATUTARIO;3577,54;;3577,54;308,07;3269,47;
JOSE CARLOS DE SOUZA COUTO;REMANEJADOS SETRAB;MOTORISTA 3A CLASSE;; ESTATUTARIO;2179,20;;2179,20;97,15;2082,05;
JOSE LIRA COSTA;GERENCIA DE APOIO LOGISTICO;ASSESSOR IV;ASSESSOR IV AD4; CARGO COMISSION.S/VINCULO;2575,61;;2575,61;264,79;2310,82;
JOSE MAURICIO DO ESPIRITO SANTO;REMANEJADOS SETRAB;AUXILIAR DE SERV GERAIS 3A CLASSE;; ESTATUTARIO;2189,35;;2189,35;73,10;2116,25;
JOSE SANDRO DA MOTA RIBEIRO;DEPTO.DE DESENV.REGIONAL;A.TEC-II;CHEFE DE DEPARTAMENT; ESTATUTARIO;5835,46;;5835,46;851,99;4983,47;
JOSENETE CAVALCANTE COSTA;DEPTO.EST.PESQ.E INFORMACOES;CHEFE DE DEPARTAMENTO;; CARGO COMISSION.S/VINCULO;5229,77;;5229,77;986,40;4243,37;
JUDITH FRANCISCA SANCHES OLIVEIRA;DEPTO.DE MICRO E PEQ.EMPRESA;TNS-I;ASSESSOR I; ESTATUTARIO;7290,07;;7290,07;1418,63;5871,44;
JULIA MAGALHAES DA ROCHA;DEPTO.POL.IND.E COMERCIAIS;A.TEC-I;; ESTATUTARIO;19916,97;;19916,97;5962,43;13954,54;
JULIO AFONSO DA SILVA FILHO;DEPTO.EST.PESQ.E INFORMACOES;A.TEC-I;GERENTE AD-2; ESTATUTARIO;5085,94;;5085,94;654,61;4431,33;
JULIO RAMON MARCHIORE TEIXEIRA;SECRETARIA EXECUTIVA;SECRETARIO EXECUTIVO;NAO INFORMADO; CARGO COMISSION.S/VINCULO;50508,00;;50508,00;19978,39;30529,61;
JURACY DA TRINDADE MAGNO;REMANEJADOS SETRAB;AGENTE ADMINISTRATIVO 1A CLASSE;MONITOR; ESTATUTARIO;3681,81;;3681,81;271,24;3410,57;
JÓRIO DE ALBUQUERQUE VEIGA FILHO;GABINETE DO SECRETARIO;SECRETARIO DE ESTADO;NAO INFORMADO; CARGO COMISSION.S/VINCULO;28060,00;;28060,00;7312,83;20747,17;
KAMILA SARKIS DE CASTRO;ASSESSORIA JURIDICA;ASSESSOR I;ASSESSOR I AD-1; CARGO COMISSION.S/VINCULO;5229,77;;5229,77;986,40;4243,37;
KEMER UGARTE AMORIM;REMANEJADOS SETRAB;A.TEC-II;; ESTATUTARIO;3641,46;;3641,46;299,69;3341,77;
KLEIBIANNO TELES DE SOUZA;REMANEJADOS SETRAB;ASSESSOR I;NAO INFORMADO; CARGO COMISSION.S/VINCULO;5229,77;;5229,77;986,40;4243,37;
LAURO MENEZES DE ARAUJO;REMANEJADOS SETRAB;ASSISTENTE TECNICO 3A CLASSE;; ESTATUTARIO;1925,28;;1925,28;85,83;1839,45;
LEANDRO SOUZA BENEVIDES;SECRETARIA EXECUTIVA;SECRETARIO EXECUTIVO;NAO INFORMADO; CARGO COMISSION.S/VINCULO;25254,00;;25254,00;6541,18;18712,82;
LEONARDO RODRIGO DA SILVA;GABINETE DO SECRETARIO;ASSESSOR I;; CARGO COMISSION.S/VINCULO;5229,77;;5229,77;986,40;4243,37;
LIGIA AUGUSTA RIBEIRO DOS S COSTA;REMANEJADOS SETRAB;TECNICO 3A CLASSE;; ESTATUTARIO;4091,90;;4091,90;394,17;3697,73;
LUCIANA HOLANDA DE SOUZA;SECRETARIA EXECUTIVA;SECRETARIO EXECUTIVO;NAO INFORMADO; CARGO COMISSION.S/VINCULO;25254,00;;25254,00;6489,04;18764,96;
LUCIANI AGUIAR PINTO;GABINETE DO SECRETARIO;GERENTE;GERENTE AD-2; CARGO COMISSION.S/VINCULO;4209,79;;4209,79;670,28;3539,51;
LUCKAS PIMENTA MORAES;GERENCIA DE MAT. E PATRIMONIO;ASSESSOR III;; CARGO COMISSION.S/VINCULO;3191,80;;3191,80;422,40;2769,40;
LUIZ ALMIR DE MENEZES FONSECA;COMITE TEC.PLANEJ.-COTEPLAN;SECRETARIO DO COMITE;NAO INFORMADO; CARGO COMISSION.S/VINCULO;5229,77;;5229,77;986,40;4243,37;
LUIZ BERNARDO FERREIRA PINTO;DEPTO.DE ADM.E FINANCAS;ASSESSOR III;NAO INFORMADO; CARGO COMISSION.S/VINCULO;3191,80;;3191,80;392,90;2798,90;
LUIZA PINHEIRO RODRIGUES;DEPTO.DE ADM.E FINANCAS;ASSESSOR III;NAO INFORMADO; CARGO COMISSION.S/VINCULO;3191,80;;3191,80;422,40;2769,40;
LUZANHA BUDIENE DE ARAUJO ZANOLI;REMANEJADOS SETRAB;ASSISTENTE TECNICO 3A CLASSE;OFICIAL DE GABINETE; ESTATUTARIO;2590,28;;2590,28;130,86;2459,42;
MANOEL DO CARMO LIMA;GERENCIA DE APOIO LOGISTICO;COZINHEIRO A;; ESTATUTARIO;3461,81;;3461,81;215,80;3246,01;
MANOEL RIBEIRO DE OLIVEIRA;REMANEJADOS SETRAB;A.TEC-I;; ESTATUTARIO;2604,40;;2604,40;214,01;2390,39;
MARCELINO PEREIRA DE SOUZA;GERENCIA DE APOIO LOGISTICO;AUX.S.G-I;; ESTATUTARIO;11382,58;;11382,58;3120,76;8261,82;
MARCELO AZEVEDO DA SILVA MOTA;DEPTO.DE ANALISE ECONOMICA;ASSESSOR III;; CARGO COMISSION.S/VINCULO;3191,80;;3191,80;422,40;2769,40;
MARCELO GOMES DE OLIVEIRA;DEPTO.DE ADMINIST.E FINANCAS;A.TEC-II;; ESTATUTARIO;3641,46;;3641,46;200,76;3440,70;
MARCONDE CARVALHO DE NORONHA;CAMARAS IND.AG.C.S.T.B.M.P.EMP;ASSESSOR I;; CARGO COMISSION.S/VINCULO;5229,77;;5229,77;986,40;4243,37;
MARCOS ANTONIO SOUZA DOS SANTOS;REMANEJADOS SETRAB;A.TEC-II;; ESTATUTARIO;3641,46;;3641,46;271,25;3370,21;
MARCUS ANTONIO NOBRE DE ARAUJO;DEPTO.POL.IND.E COMERCIAIS;A.TEC-I;; ESTATUTARIO;22596,63;;22596,63;7050,91;15545,72;
MARGARETE SOCORRO LAVAREDA OLIVEIRA;REMANEJADOS SETRAB;MONITOR 2A CLASSE;; ESTATUTARIO;2093,77;;2093,77;87,75;2006,02;
MARIA ANGELA AGUIAR DE LIMA;GERENCIA DE GESTAO DE PESSOAL;A.TEC-I;AG. ADMIN. 2º CLASSE; ESTATUTARIO;15941,02;;15941,02;4676,25;11264,77;
MARIA ANTONIA ALEXANDRE MELO;DEPTO.POL.IND.E COMERCIAIS;A.TEC-I;ASSISTENTE TECNICO; ESTATUTARIO;3882,24;;3882,24;316,79;3565,45;
MARIA AUXILIADORA GOMES BEZERRA;DEPARTAMENTO DE PLANEJAMENTO;TNS-I;; ESTATUTARIO;5090,28;;5090,28;815,50;4274,78;
MARIA CAMILA FOWLER BARROS;DEPTO.POL.IND.E COMERCIAIS;A.TEC-I;; ESTATUTARIO;22536,38;;22536,38;6979,63;15556,75;
MARIA CELESTE DA COSTA FREITAS;DEPARTAMENTO DE PLANEJAMENTO;TNS-I;; ESTATUTARIO;5172,30;;5172,30;843,35;4328,95;
MARIA DAS GRACAS BRANDAO DOS REIS;DEPARTAMENTO DE PLANEJAMENTO;GERENTE;; CARGO COMISSION.S/VINCULO;4209,79;;4209,79;670,28;3539,51;
MARIA DAS GRACAS COSTA BRINGEL;DEPTO.POL.IND.E COMERCIAIS;TECNICO DE INCENTIVO 1A.CL.-T.INC-I;; ESTATUTARIO;18320,60;;18320,60;5391,85;12928,75;
MARIA DE FATIMA LOPES DE ASSIS;REMANEJADOS SETRAB;SUBGERENTE;NAO INFORMADO; CARGO COMISSION.S/VINCULO;3191,80;;3191,80;123,97;3067,83;
MARIA DE LOURDES GALVAO LIMA;REMANEJADOS SETRAB;AUX.S.G-II;; ESTATUTARIO;2520,15;;2520,15;173,72;2346,43;
MARIA DE LOURDES RAMOS DA SILVA;REMANEJADOS SETRAB;A.TEC-I;; ESTATUTARIO;2386,26;;2386,26;191,22;2195,04;
MARIA DO PERPETUO SOCORRO C MIRANDA;REMANEJADOS SETRAB;AUX.S.G-II;; ESTATUTARIO;2520,15;;2520,15;173,72;2346,43;
MARIA DO PERPETUO SOCORRO R MACIEL;DEPARTAMENTO DE PLANEJAMENTO;TNS-II;TECNICO 3ª CLASSE; ESTATUTARIO;4974,06;;4974,06;773,76;4200,30;
MARIA DO ROSARIO ALENCAR DE SOUZA;DEPTO.POL.IND.E COMERCIAIS;A.TEC-I;ASSESSOR I; ESTATUTARIO;5895,97;;5895,97;874,46;5021,51;
MARIA DO ROSARIO SA DE OLIVEIRA;DEPTO.POL.IND.E COMERCIAIS;TECNICO DE INCENTIVO 2A.CL-T.INC-II;; ESTATUTARIO;46058,80;6695,74;39363,06;12783,59;26579,47;
MARIA ELIZABETH DE AZEVEDO NORONHA;REMANEJADOS SETRAB;A.TEC-II;; ESTATUTARIO;2343,46;;2343,46;181,73;2161,73;
MARIA IVANI DE CASTRO RODRIGUES;COM.POL.FIN.INV.ESTRATEGICOS;ASSESSOR I;; CARGO COMISSION.S/VINCULO;5229,77;;5229,77;986,40;4243,37;
MARILIA BARROS CHAYEN MARTINS;REMANEJADOS SETRAB;A.TEC-I;; ESTATUTARIO;3292,70;;3292,70;258,24;3034,46;
MARLON ANDREK DA SILVA ALVES;SECRETARIA EXECUTIVA;GERENTE;NAO INFORMADO; CARGO COMISSION.S/VINCULO;4209,79;;4209,79;670,28;3539,51;
MARY ANNE GAMA PARENTE;GABINETE DO SECRETARIO;TEC. DE NIVEL SUPERIOR 1A CLASSE;CHEFE DE GABINETE; ESTATUTARIO;6752,62;;6752,62;1156,38;5596,24;
MILENA ARYCE MENTA BARKER;GABINETE DO SECRETARIO;GERENTE;GERENTE AD2; CARGO COMISSION.S/VINCULO;4209,79;;4209,79;670,28;3539,51;
MURILO ALVES DA CUNHA JUNIOR;REMANEJADOS SETRAB;TNS-I;ASSESSOR IV; ESTATUTARIO;4513,07;;4513,07;610,55;3902,52;
NADEGE OLIVEIRA DA SILVA SANTOS;REMANEJADOS SETRAB;A.TEC-I;; ESTATUTARIO;3119,09;;3119,09;260,63;2858,46;
NADJA SIMOES BARBOSA BRITO;GABINETE DO SECRETARIO;A.TEC-I;; ESTATUTARIO;20570,50;;20570,50;6118,94;14451,56;
NAZARE MIRANDA DA SILVA;REMANEJADOS SETRAB;ASSISTENTE TECNICO 3A CLASSE;; ESTATUTARIO;2986,28;;2986,28;132,13;2854,15;
NEILA DO ROSÁRIO MONTEIRO DA SILVA;ASSESSORIA JURIDICA;ASSESSOR I;NAO INFORMADO; CARGO COMISSION.S/VINCULO;5229,77;;5229,77;943,74;4286,03;
NEILA MARIA DANTAS AZRAK;SECRETARIA EXECUTIVA;SECRETARIO EXECUTIVO;NAO INFORMADO; CARGO COMISSION.S/VINCULO;25254,00;;25254,00;6541,18;18712,82;
NEILA MOREIRA DE OLIVEIRA;REMANEJADOS SETRAB;AGENTE ADMINISTRATIVO 3A CLASSE;; ESTATUTARIO;2977,54;;2977,54;163,97;2813,57;
NELSON DE SOUZA CALDAS JUNIOR;REMANEJADOS SETRAB;CHEFE DE DEPARTAMENTO;NAO INFORMADO; CARGO COMISSION.S/VINCULO;5229,77;;5229,77;943,74;4286,03;
NICOLLE EVELYN LUZEIRO FIGUEIRA;COMITE TEC.PLANEJ.-COTEPLAN;ASSESSOR IV;; CARGO COMISSION.S/VINCULO;3175,61;;3175,61;418,48;2757,13;
NILSON TAVARES PIMENTEL;DEPTO.POL.P/O SETOR TERCIARIO;TECNICO DE INCENTIVO 1A.CL.-T.INC-I;; ESTATUTARIO;52553,28;13190,22;39363,06;12656,71;26706,35;
NINA JULIETTE BEST;SECRETARIA EXECUTIVA;CHEFE DE DEPARTAMENTO;NAO INFORMADO; CARGO COMISSION.S/VINCULO;5229,77;;5229,77;986,40;4243,37;
OLGA SANTANA DE FREITAS;CAMARAS IND.AG.C.S.T.B.M.P.EMP;A.TEC-I;ASSI.TEC.NI/REFIII; ESTATUTARIO;4252,04;;4252,04;474,52;3777,52;
ORCINEIDE MARIA DA SILVA OLIVEIRA;REMANEJADOS SETRAB;A.TEC-I;; ESTATUTARIO;3110,34;;3110,34;258,50;2851,84;
ORLEY DE ANDRADE GERONIMO;REMANEJADOS SETRAB;ASSESSOR II;NAO INFORMADO; CARGO COMISSION.S/VINCULO;4209,79;;4209,79;670,28;3539,51;
OTAVIANO ANTONIO CAVALCANTI K SILVA;DEPTO.POL.IND.E COMERCIAIS;TECNICO DE INCENTIVO 1A.CL.-T.INC-I;; ESTATUTARIO;38259,35;;38259,35;12255,58;26003,77;
PATRICIA RODRIGUES LIMA DE OLIVEIRA;REMANEJADOS SETRAB;ASSESSOR II;NAO INFORMADO; CARGO COMISSION.S/VINCULO;3209,79;;3209,79;426,78;2783,01;
PAULA FRANCINETTE DE LIMA MONARI;DEPTO.DE DESENV.REGIONAL;A.TEC-I;; ESTATUTARIO;3701,57;;3701,57;345,74;3355,83;
PAULO DA COSTA FRANÇA;GERENCIA DE APOIO LOGISTICO;ASSESSOR III;ASSESSOR III; CARGO COMISSION.S/VINCULO;3191,80;;3191,80;407,12;2784,68;
PAULO RICARDO RODRIGUES DE SOUZA;DEPTO.DE ADM.E FINANCAS;CHEFE DE DEPARTAMENTO;; CARGO COMISSION.S/VINCULO;5229,77;;5229,77;986,40;4243,37;
POJUCAN JOSE BACELLAR DE SOUZA;ASSESSORIA DE COM.SOCIAL;TNS-I;; ESTATUTARIO;10885,15;;10885,15;2807,15;8078,00;
PRISCILA DA SILVA COSTA;GABINETE DO SECRETARIO;ASSESSOR III;; CARGO COMISSION.S/VINCULO;3191,80;;3191,80;422,40;2769,40;
PRISCYLLA DE PAULA DANTAS TOMAZ;GERENCIA DE GESTAO DE PESSOAL;ASSESSOR III;ASSESSOR III AD3; CARGO COMISSION.S/VINCULO;3191,80;;3191,80;422,40;2769,40;
RAIMUNDO EURIPEDES PAIVA;REMANEJADOS SETRAB;AUX.S.G-II;; ESTATUTARIO;2234,95;;2234,95;137,85;2097,10;
RAIMUNDO GILMAR VASCONCELOS BELEM;DEPTO.POL.IND.E COMERCIAIS;A.TEC-I;; ESTATUTARIO;18448,25;;18448,25;5611,18;12837,07;
RAIMUNDO NONATO SERUDO REBELO;REMANEJADOS SETRAB;A.TEC-I;; ESTATUTARIO;2714,34;;2714,34;172,64;2541,70;
RAIMUNDO NONATO SILVA DE OLIVEIRA;GERENCIA DE APOIO LOGISTICO;AUX.O-I;; ESTATUTARIO;2446,98;;2446,98;179,64;2267,34;
RAISSA CAVALCANTE DA SILVA;GABINETE DO SECRETARIO;SECRETARIO EXECUTIVO ADJUNTO;NAO INFORMADO; CARGO COMISSION.S/VINCULO;22728,60;;22728,60;5846,69;16881,91;
RAPHAEL DOS SANTOS PARA;GABINETE DO SECRETARIO;GERENTE;; CARGO COMISSION.S/VINCULO;4209,79;;4209,79;584,96;3624,83;
REGINA LUCIA VIEIRA MARQUES GOMES;GERENCIA DE PLAN.ORC.E GESTAO;A.TEC-I;; ESTATUTARIO;12021,05;;12021,05;3294,30;8726,75;
RENATO MENDES FREITAS;SECRETARIA EXECUTIVA;SECRETARIO EXECUTIVO;; DISP. OUTROS ESFERAS;21465,90;;21465,90;4981,63;16484,27;
RITA CASSIA MATIAS DA SILVEIRA;REMANEJADOS SETRAB;AGENTE ADMINISTRATIVO 3A CLASSE;; ESTATUTARIO;2986,28;;2986,28;166,10;2820,18;
RITA DE CASSIA ALMEIDA LIMA;DEPTO.DE DESENV.REGIONAL;TNS-I;; ESTATUTARIO;4654,39;;4654,39;682,33;3972,06;
ROGER MATHEUS CINTRA MARANHÃO;ASSESSORIA JURIDICA;ASSESSOR IV;NAO INFORMADO; CARGO COMISSION.S/VINCULO;3175,61;;3175,61;418,48;2757,13;
ROOSEVELT ARAUJO FERREIRA;GERENCIA DE APOIO LOGISTICO;FISCAL RODOVIARIO;; ESTATUTARIO;2977,54;;2977,54;189,46;2788,08;
ROSA TEREZINHA ARANHA CARDOSO;REMANEJADOS SETRAB;A.TEC-I;CHEFE DE SERVICO; ESTATUTARIO;2704,74;;2704,74;230,73;2474,01;
ROSANGELA DE SOUZA BENTO;REMANEJADOS SETRAB;A.TEC-II;; ESTATUTARIO;3641,46;;3641,46;328,12;3313,34;
ROSEMARY SILVA DE BRITO;REMANEJADOS SETRAB;AUX.S.G-II;; ESTATUTARIO;2916,15;;2916,15;203,42;2712,73;
SÉRGIO ARA JO CALDEIRA BRANT;CAMARAS IND.AG.C.S.T.B.M.P.EMP;SECRETARIO DAS CAMARAS;NAO INFORMADO; CARGO COMISSION.S/VINCULO;5229,77;;5229,77;986,40;4243,37;
SABRINA SENA DA FONSECA;GERENCIA DE MAT. E PATRIMONIO;GERENTE;; CARGO COMISSION.S/VINCULO;4209,79;;4209,79;670,28;3539,51;
SALOMAO YURI OLIVEIRA R COSTA;SEC.GER.CONS.DESEN.DO AM-CODAM;SECRETARIO DO CODAM AD-1;SEC DO CODAM; CARGO COMISSION.S/VINCULO;5229,77;;5229,77;986,40;4243,37;
SAMEA MARIA ALMEIDA DE FREITAS;REMANEJADOS SETRAB;AUX.S.G-II;; ESTATUTARIO;2496,99;;2496,99;137,85;2359,14;
SAMUEL ARTUR MAIA MENDES;DEPARTAMENTO DE PLANEJAMENTO;GERENTE;; CARGO COMISSION.S/VINCULO;4209,79;;4209,79;670,28;3539,51;
SANDRA LEILA PINHEIRO DOS SANTOS;REMANEJADOS SETRAB;A.TEC-I;; ESTATUTARIO;2584,98;;2584,98;210,77;2374,21;
SANDRA MARIA ALEIXO DOS SANTOS;DEPTO.DES.ORG.E REC.HUMANOS;ASSISTENTE TECNICO 2A CLASSE;; ESTATUTARIO;3885,35;;3885,35;376,32;3509,03;
SANDRA MARIA PIRES JEHSUS;REMANEJADOS SETRAB;A.TEC-I;; ESTATUTARIO;2696,87;;2696,87;216,05;2480,82;
SIDELMA DA LUZ BARBOSA;REMANEJADOS SETRAB;MONITOR 3A CLASSE;; ESTATUTARIO;3595,02;;3595,02;258,22;3336,80;
SIGRID DA SILVA ABINADER;DEPTO.POL.IND.E COMERCIAIS;A.TEC-I;; ESTATUTARIO;24638,52;;24638,52;7582,68;17055,84;
SILENE RODRIGUES DE ALMEIDA;SEC.GER.CONS.DESEN.DO AM-CODAM;A.TEC-I;; ESTATUTARIO;13471,57;;13471,57;3743,50;9728,07;
SILVANO JANUARIO DA SILVA;REMANEJADOS SETRAB;A.TEC-II;; ESTATUTARIO;3641,46;;3641,46;299,69;3341,77;
SILVIA MARIA NASCIMENTO BRAGA;DEPTO.DE MICRO E PEQ.EMPRESA;A.TEC-I;; ESTATUTARIO;3882,98;;3882,98;374,39;3508,59;
SILVIA RODRIGUES DE MENEZES;CAMARAS IND.AG.C.S.T.B.M.P.EMP;A.TEC-II;; ESTATUTARIO;3676,05;;3676,05;337,13;3338,92;
SIMONE DA CONCEICAO PEREIRA ARAUJO;REMANEJADOS SETRAB;A.TEC-II;; ESTATUTARIO;4059,19;;4059,19;390,78;3668,41;
SONIA JANETE GUERRA DOS S GOMES;DEPARTAMENTO DE PLANEJAMENTO;ENGENHEIRO DE PESCA;SECRETARIO EXECUTIVO; ESTATUTARIO;54944,10;;54944,10;29081,22;25862,88;
SUBIAMARA SILVA LIRA;REMANEJADOS SETRAB;MONITOR 3A CLASSE;; ESTATUTARIO;2297,02;;2297,02;109,76;2187,26;
SUELY SANTOS PEREIRA;REMANEJADOS SETRAB;MONITOR 2A CLASSE;; ESTATUTARIO;4002,65;;4002,65;259,95;3742,70;
SYLVANIO RODRIGUES MEDEIROS;DEPTO.DE ANALISE ECONOMICA;GERENTE;NAO INFORMADO; CARGO COMISSION.S/VINCULO;4209,79;;4209,79;641,84;3567,95;
TANIA REGINA DE SA RIBEIRO;DEPARTAMENTO DE PLANEJAMENTO;TNS-II;; ESTATUTARIO;4999,48;;4999,48;610,80;4388,68;
TATIANA SCHOR;SECRETARIA EXECUTIVA;SECRETARIO EXECUTIVO;; DISP. OUTROS ESFERAS;21465,90;;21465,90;4981,63;16484,27;
TELMA LUCIA NATIVIDADE ARAUJO;GERENCIA DE GESTAO DE PESSOAL;AGENTE ADMINISTRATIVO 3A CLASSE;GERENTE AD-2-; ESTATUTARIO;4780,28;;4780,28;469,96;4310,32;
VANGRESSA COSTA DE LIMA;REMANEJADOS SETRAB;ASSESSOR III;NAO INFORMADO; CARGO COMISSION.S/VINCULO;3191,80;;3191,80;422,40;2769,40;
VANIA RITA MARTINS DAS NEVES;GERENCIA DE GESTAO DE PESSOAL;A.TEC-I;; ESTATUTARIO;4029,92;;4029,92;396,38;3633,54;
VERA RUTH CONDURU CORREA;GERENCIA DE GESTAO DE PESSOAL;TNS-I;; ESTATUTARIO;4997,45;;4997,45;783,32;4214,13;
VINÍCIUS MEDRADO TEIXEIRA;GABINETE DO SECRETARIO;ASSESSOR IV;; CARGO COMISSION.S/VINCULO;3175,61;;3175,61;418,48;2757,13;
WALDIMAR PEDROSA DE SOUZA;DEPTO.DE ADMINIST.E FINANCAS;AUX.S.G-I;; ESTATUTARIO;11815,87;;11815,87;3166,74;8649,13;
WANDERLEY FEITOSA DA COSTA;GERENCIA DE APOIO LOGISTICO;GERENTE;NAO INFORMADO; CARGO COMISSION.S/VINCULO;4209,79;;4209,79;641,84;3567,95;
WILLIAM MONTEIRO DE FREITAS;REMANEJADOS SETRAB;MONITOR 2A CLASSE;; ESTATUTARIO;2305,77;;2305,77;111,30;2194,47;
ZACARIAS OLIVEIRA DA SILVA;GERENCIA DE APOIO LOGISTICO;MOT-II;; ESTATUTARIO;3752,91;;3752,91;344,00;3408,91;
