NOME;LOTACAO;CARGO;FUNCAO;VINCULO;REMUNERACAO LEGAL TOTAL(R$);DESC.TETO(R$); REMUNERACAO LEGAL DEVIDA(R$);DESCONTOS LEGAIS(R$);LIQUIDO DISPONIVEL(R$);
ACSA TOMAS LITAIFF;SUBCOMISSAO DE LICT.OBRAS.SERV;MEMBRO;; CONSELHO;7300,00;;7300,00;1055,64;6244,36;
ADERSON BENTO PENAFORT;SUBCOMISSAO DE LICT.OBRAS.SERV;MEMBRO;; CONSELHO;7300,00;;7300,00;1055,64;6244,36;
ADRIANA GABRIELLE A RAMPIN;SUBCOMISSAO DE LICT.OBRAS.SERV;MEMBRO;; CONSELHO;7300,00;;7300,00;1055,64;6244,36;
AGENOR DA COSTA BRAGA;DEPARTAMENTO EXECUTIVO;ASSESSOR II;NAO INFORMADO; CARGO COMISSION.S/VINCULO;4509,79;;4509,79;670,28;3839,51;
AGEU SA MONTEIRO;DEPARTAMENTO DE ADMINISTRACAO;ASSESSOR III;; CARGO COMISSION.S/VINCULO;2891,80;;2891,80;267,35;2624,45;
ALAN CLAUDIO MENEZES DA COSTA;SUBCOMISSAO DE LICT.OBRAS.SERV;MEMBRO;MEMBRO SUBCOMISSAO; CONSELHO;7300,00;;7300,00;951,37;6348,63;
ALBERTO LUCIO DE SOUZA SIMONETTI;SUBCOMISSAO DE LICT.OBRAS.SERV;MEMBRO;; CONSELHO;7300,00;;7300,00;1003,50;6296,50;
ALINE NEGREIROS MARINHO;DEPARTAMENTO DE ADMINISTRACAO;ASSESSOR III;NAO INFORMADO; CARGO COMISSION.S/VINCULO;3491,80;;3491,80;422,40;3069,40;
ANA CAROLINA YAMANE SANTOS;DEPARTAMENTO DE ADMINISTRACAO;ASSESSOR II;; CARGO COMISSION.S/VINCULO;3509,79;;3509,79;426,78;3083,01;
ANDERSON ORTIZ GRANJA DE SOUZA;CORREGEDORIA;ASSESSOR III;NAO INFORMADO; CARGO COMISSION.S/VINCULO;1418,58;;1418,58;;1418,58;
ANDERSON ORTIZ GRANJA DE SOUZA;CORREGEDORIA;ASSESSOR II;NAO INFORMADO; CARGO COMISSION.S/VINCULO;4509,79;;4509,79;670,28;3839,51;
ANDRE AFONSO DOS SANTOS LOUREIRO;DEPARTAMENTO DE ADMINISTRACAO;ASSESSOR III;ASSESSOR III AD-3; CARGO COMISSION.S/VINCULO;2891,80;;2891,80;267,35;2624,45;
ANDREA LASMAR DE MENDONÇA RAMOS;GABINETE DO PRESIDENTE;VICE-PRESIDENTE;NAO INFORMADO; CARGO COMISSION.S/VINCULO;11700,00;;11700,00;2813,83;8886,17;
ANDREYA FABIANA R CAVALCANTE;SUBCOMISSAO DE LICT.OBRAS.SERV;MEMBRO;MEMBRO SUBCOMISSAO; CONSELHO;7300,00;;7300,00;899,23;6400,77;
ANTONIA NONATA DA SILVA GOMES;DEPARTAMENTO DE ADMINISTRACAO;ASSESSOR IV;ASSESSOR IV AD-4; CARGO COMISSION.S/VINCULO;1814,61;;1814,61;121,16;1693,45;
ANTONINA MARIA DE SOUSA PONTE;SUBCOMISSAO DE LICT.OBRAS.SERV;MEMBRO;; CONSELHO;7300,00;;7300,00;1055,64;6244,36;
ANTONIO JURIMAR MAIA DE OLIVEIRA;DEPARTAMENTO DE ADMINISTRACAO;ASSESSOR IV;NAO INFORMADO; CARGO COMISSION.S/VINCULO;2479,61;;2479,61;196,16;2283,45;
ARIANE FURTADO DE CARVALHO;DEPARTAMENTO DE ADMINISTRACAO;ASSESSOR III;NAO INFORMADO; CARGO COMISSION.S/VINCULO;2495,80;;2495,80;197,62;2298,18;
ARTUR CESAR NOGUEIRA PERDIGAO;DEPARTAMENTO EXECUTIVO;GERENTE;NAO INFORMADO; CARGO COMISSION.S/VINCULO;4509,79;;4509,79;670,28;3839,51;
AUGUSTO LOBATO RODRIGUES GUIMARÃES;DEPARTAMENTO EXECUTIVO;ASSESSOR III;NAO INFORMADO; CARGO COMISSION.S/VINCULO;3491,80;;3491,80;422,40;3069,40;
CAMILA ANDREYA PESSOA RODRIGUES;DEPARTAMENTO DE ADMINISTRACAO;ASSESSOR III;; CARGO COMISSION.S/VINCULO;3227,73;;3227,73;374,68;2853,05;
CARLOS AUGUSTO LAURIA NORONHA;SUBCOMISSAO DE LICT.OBRAS.SERV;MEMBRO;MEMBRO SUBCOMISSAO; CONSELHO;7300,00;;7300,00;951,37;6348,63;
CARLOS KLINGER DE PAULA SEGUNDO;DEPARTAMENTO EXECUTIVO;ASSESSOR III;NAO INFORMADO; CARGO COMISSION.S/VINCULO;2891,80;;2891,80;267,35;2624,45;
CHALLA DE MEDEIROS SILVA;DEPARTAMENTO DE ADMINISTRACAO;GERENTE;NAO INFORMADO; CARGO COMISSION.S/VINCULO;4509,79;;4509,79;670,28;3839,51;
CIBELE SAMPAIO DE ARAUJO;DEPARTAMENTO DE ADMINISTRACAO;ASSESSOR III;NAO INFORMADO; CARGO COMISSION.S/VINCULO;3491,80;;3491,80;422,40;3069,40;
CIRO LUIZ PINHEIRO DE OLIVEIRA;SUBCOMISSAO DE LICT.OBRAS.SERV;MEMBRO;; CONSELHO;7300,00;;7300,00;1055,64;6244,36;
CREUZA TEREZA PAULINO CAVALCANTE;SUBCOMISSAO DE LICT.OBRAS.SERV;MEMBRO;; CONSELHO;7300,00;;7300,00;1055,64;6244,36;
DAIANA DA SILVA MARTINS;DEPARTAMENTO DE ADMINISTRACAO;ASSESSOR III;; CARGO COMISSION.S/VINCULO;3491,80;;3491,80;422,40;3069,40;
DANIEL MAIA TEIXEIRA;DEPARTAMENTO EXECUTIVO;GERENTE;NAO INFORMADO; CARGO COMISSION.S/VINCULO;4509,79;;4509,79;670,28;3839,51;
DANIEL OLIVEIRA LOBO COELHO;GABINETE DO PRESIDENTE;ASSESSOR I;NAO INFORMADO; CARGO COMISSION.S/VINCULO;5529,77;;5529,77;986,40;4543,37;
DANIEL PEREIRA DO CARMO;DEPARTAMENTO DE ADMINISTRACAO;ASSESSOR III;NAO INFORMADO; CARGO COMISSION.S/VINCULO;2891,80;;2891,80;267,35;2624,45;
DANIELA HAYDEN DA SILVA BARROSO;SUBCOMISSAO DE LICT.OBRAS.SERV;MEMBRO;; CONSELHO;7300,00;;7300,00;1055,64;6244,36;
DANIELA MORGANTINI TAVARES TEMPESTA;GABINETE DO PRESIDENTE;ASSESSOR I AD-1;; CARGO COMISSION.S/VINCULO;5529,77;;5529,77;986,40;4543,37;
DANIELLE DE MIRANDA PONTES;DEPARTAMENTO DE ADMINISTRACAO;ASSESSOR III;; CARGO COMISSION.S/VINCULO;3227,73;;3227,73;360,46;2867,27;
DAVISON RODRIGUES BATISTA;DEPARTAMENTO DE ADMINISTRACAO;ASSESSOR III;; CARGO COMISSION.S/VINCULO;3491,80;;3491,80;407,12;3084,68;
DJALMA ALBERTO DE SOUZA OLIVEIRA;SUBCOMISSAO DE LICT.OBRAS.SERV;MEMBRO;; CONSELHO;7300,00;;7300,00;1003,50;6296,50;
EDSANDRA MAGALHAES FERREIRA;SUBCOMISSAO DE LICT.OBRAS.SERV;MEMBRO;MEMBRO; CONSELHO;7300,00;;7300,00;951,37;6348,63;
ERE BIANCA PARENTE DE ASSIS;GABINETE DO PRESIDENTE;ASSESSOR I;ASSESSOR I AD-1; CARGO COMISSION.S/VINCULO;5529,77;;5529,77;986,40;4543,37;
ERICA DOS SANTOS VIEIRA;SUBCOMISSAO DE LICT.OBRAS.SERV;MEMBRO;; CONSELHO;7300,00;;7300,00;1055,64;6244,36;
ERICA POMAR TAVARES;DEPARTAMENTO DE ADMINISTRACAO;ASSESSOR III;; CARGO COMISSION.S/VINCULO;2193,80;;2193,80;170,44;2023,36;
ERNALDO COSTA DA SILVA;DEPARTAMENTO DE ADMINISTRACAO;ASSESSOR III;; CARGO COMISSION.S/VINCULO;2495,80;;2495,80;197,62;2298,18;
EUNELILSON AFFONSO HOLANDA;CORREGEDORIA;ASSESSOR III;NAO INFORMADO; CARGO COMISSION.S/VINCULO;2495,80;;2495,80;197,62;2298,18;
EZEQUIEL MARQUES ARAUJO LIMA;DEPARTAMENTO DE ADMINISTRACAO;ASSESSOR III;; CARGO COMISSION.S/VINCULO;1981,80;;1981,80;134,54;1847,26;
FABIOLA MOTA GUALBERTO LIMA;DEPARTAMENTO EXECUTIVO;ASSESSOR III;NAO INFORMADO; CARGO COMISSION.S/VINCULO;2891,80;;2891,80;267,35;2624,45;
FELISMINO FRANCISCO SOARES NETO;SUBCOMISSAO DE LICT.OBRAS.SERV;MEMBRO;; CONSELHO;7300,00;;7300,00;1055,64;6244,36;
GISELLA ANDRADE FERREIRA DOS SANTOS;DEPARTAMENTO DE ADMINISTRACAO;ASSESSOR III;; CARGO COMISSION.S/VINCULO;3491,80;;3491,80;422,40;3069,40;
GREICIANE FERREIRA BRASIL;DEPARTAMENTO DE ADMINISTRACAO;ASSESSOR IV;NAO INFORMADO; CARGO COMISSION.S/VINCULO;1814,61;;1814,61;121,16;1693,45;
GYESE KANAWATI LASMAR;SUBCOMISSAO DE LICT.OBRAS.SERV;MEMBRO;MEMBRO; CONSELHO;7300,00;;7300,00;951,37;6348,63;
HEDLEN MARIA BARROSO GUEDES FREITAS;GABINETE DO PRESIDENTE;ASSESSOR I;ASSESSOR I AD-1; CARGO COMISSION.S/VINCULO;5529,77;;5529,77;943,74;4586,03;
HELEN MARA BARROSO GUEDES;ASSESSORIA;ASSESSOR I;NAO INFORMADO; CARGO COMISSION.S/VINCULO;5529,77;;5529,77;986,40;4543,37;
IGOR COSTA DE SOUZA;SUBCOMISSAO DE LICT.OBRAS.SERV;MEMBRO;; CONSELHO;2633,33;;2633,33;32,20;2601,13;
ISABEL MARIA DE ARAUJO BRITO;DEPARTAMENTO DE ADMINISTRACAO;ASSESSOR IV;ASSESSOR IV AD-4; CARGO COMISSION.S/VINCULO;1814,61;;1814,61;121,16;1693,45;
JAQUELINE CRUZ ALVES;DEPARTAMENTO DE ADMINISTRACAO;PROFESSOR PF20.LPL-IV;GERENTE AD-2; ESTATUTARIO;5376,54;;5376,54;692,29;4684,25;
JOAO CARLOS BEZERRA DE A JUNIOR;SUBCOMISSAO DE LICT.OBRAS.SERV;MEMBRO;MEMBRO; CONSELHO;7300,00;;7300,00;1003,50;6296,50;
JOSE DO ROSARIO DOS SANTOS DRUMOND;DEPARTAMENTO DE ADMINISTRACAO;ASSESSOR III;; CARGO COMISSION.S/VINCULO;2193,80;;2193,80;170,44;2023,36;
JOSE FABIANO AFFONSO SOBRINHO;GABINETE DO PRESIDENTE;ASSESSOR I;; CARGO COMISSION.S/VINCULO;6973,03;;6973,03;;6973,03;
JULIANA MONTEIRO M R RODRIGUES;SUBCOMISSAO DE LICT.OBRAS.SERV;MEMBRO;MEMBRO; CONSELHO;7000,00;;7000,00;1055,64;5944,36;
KELLEN ETHER REBELO;DEPARTAMENTO DE ADMINISTRACAO;ASSESSOR III;; CARGO COMISSION.S/VINCULO;3491,80;;3491,80;422,40;3069,40;
KLEYTON COSTA DE LIMA;DEPARTAMENTO DE ADMINISTRACAO;ASSESSOR III;; CARGO COMISSION.S/VINCULO;2891,80;;2891,80;233,26;2658,54;
LARISSA DAVILA PORTUGAL;DEPARTAMENTO DE ADMINISTRACAO;ASSESSOR III;ASSESSOR III AD3; CARGO COMISSION.S/VINCULO;2495,80;;2495,80;197,62;2298,18;
LEANDRO DA SILVA AGUIAR;SUBCOMISSAO DE LICT.OBRAS.SERV;MEMBRO;MEMBROSUBCOMISSAO; CONSELHO;7300,00;;7300,00;1055,64;6244,36;
LEANDRO MENEZES DOS SANTOS;ASSESSORIA;ASSESSOR I;NAO INFORMADO; CARGO COMISSION.S/VINCULO;5529,77;;5529,77;986,40;4543,37;
LEILA DE QUEIROZ PONTES;SUBCOMISSAO DE LICT.OBRAS.SERV;MEMBRO;MEMBRO; CONSELHO;7300,00;;7300,00;1055,64;6244,36;
LUANA MODESTO VERAS;GABINETE DO PRESIDENTE;ASSESSOR I;NAO INFORMADO; CARGO COMISSION.S/VINCULO;1931,06;;1931,06;130,48;1800,58;
LUCIANA COUTO CRESPO;SUBCOMISSAO DE LICT.OBRAS.SERV;MEMBRO;; CONSELHO;7300,00;;7300,00;1055,64;6244,36;
MARCELO MARCUS NOGUEIRA MARTINS;DEPARTAMENTO DE ADMINISTRACAO;GERENTE;NAO INFORMADO; CARGO COMISSION.S/VINCULO;4509,79;;4509,79;670,28;3839,51;
MARCO AURELIO RIBEIRO ESTEVES;DEPARTAMENTO DE ADMINISTRACAO;ASSESSOR III;; CARGO COMISSION.S/VINCULO;2495,80;;2495,80;197,62;2298,18;
MARIA HOZANIRA MACHADO DE S GALVAO;SUBCOMISSAO DE LICT.OBRAS.SERV;MEMBRO;MEMBRO SUBCOMISSAO; CONSELHO;7300,00;;7300,00;1003,50;6296,50;
MARIA INES SANTIAGO CAVALEIRO MELO;GABINETE DO PRESIDENTE;ASSESSOR I;; CARGO COMISSION.S/VINCULO;7273,03;;7273,03;1513,91;5759,12;
MARIA LUIZA SANTANA DE OLIVEIRA;DEPARTAMENTO DE ADMINISTRACAO;ASSESSOR III;NAO INFORMADO; CARGO COMISSION.S/VINCULO;2495,80;;2495,80;197,62;2298,18;
MARIETE DO CARMO MAIA;DEPARTAMENTO DE ADMINISTRACAO;GERENTE;NAO INFORMADO; CARGO COMISSION.S/VINCULO;4509,79;;4509,79;670,28;3839,51;
MELYNDA MARIA VIEIRALVES BECKER;GABINETE DO PRESIDENTE;ASSESSOR I;; CARGO COMISSION.S/VINCULO;5529,77;;5529,77;986,40;4543,37;
NATASHA MELO DE MENDONCA;DEPARTAMENTO DE ADMINISTRACAO;ASSESSOR III;ASSESSOR III AD-3; CARGO COMISSION.S/VINCULO;3491,80;;3491,80;422,40;3069,40;
NAYLA GONÇALVES LIMA LOBATO;ASSESSORIA;ASSESSOR I;NAO INFORMADO; CARGO COMISSION.S/VINCULO;5529,77;;5529,77;986,40;4543,37;
ORLEANDESON SILVA DE CASTRO;DEPARTAMENTO DE ADMINISTRACAO;ASSESSOR II;NAO INFORMADO; CARGO COMISSION.S/VINCULO;3509,79;;3509,79;426,78;3083,01;
PAOLA DI ANGELIS BRASIL PASSOS;DEPARTAMENTO DE ADMINISTRACAO;GERENTE;NAO INFORMADO; CARGO COMISSION.S/VINCULO;4509,79;;4509,79;670,28;3839,51;
PRISCIANY COSTA DE FREITAS;GABINETE DO PRESIDENTE;ASSESSOR I;; CARGO COMISSION.S/VINCULO;7273,03;;7273,03;1513,91;5759,12;
RAFAEL BASTOS ARAUJO;SUBCOMISSAO DE LICT.OBRAS.SERV;MEMBRO;; CONSELHO;7300,00;;7300,00;1055,64;6244,36;
RAISSA LOPES ELIAS STONE;GABINETE DO PRESIDENTE;ASSESSOR I;; CARGO COMISSION.S/VINCULO;5529,77;;5529,77;986,40;4543,37;
RAPHAELA RAQUEL DOS SANTOS PIMENTA;DEPARTAMENTO DE ADMINISTRACAO;ASSESSOR III;; CARGO COMISSION.S/VINCULO;3491,80;;3491,80;422,40;3069,40;
RAQUEL DE OLIVEIRA GONCALVES;DEPARTAMENTO DE ADMINISTRACAO;ASSESSOR II;; CARGO COMISSION.S/VINCULO;2513,79;;2513,79;199,24;2314,55;
RODRIGO NELSON AMARAL OLIVEIRA;DEPARTAMENTO DE ADMINISTRACAO;ASSESSOR III;ASSESSOR III AD-3; CARGO COMISSION.S/VINCULO;3491,80;;3491,80;422,40;3069,40;
ROZANA DE ALMEIDA FARIAS;DEPARTAMENTO DE ADMINISTRACAO;ASSESSOR II;; CARGO COMISSION.S/VINCULO;2513,79;;2513,79;199,24;2314,55;
ROZANGELA LIMA DE SALES;DEPARTAMENTO DE ADMINISTRACAO;ASSESSOR III;; CARGO COMISSION.S/VINCULO;2891,80;;2891,80;267,35;2624,45;
RUI JORGE PIEDADE DE LIMA;DEPARTAMENTO DE ADMINISTRACAO;ASSESSOR IV;; CARGO COMISSION.S/VINCULO;2177,61;;2177,61;168,98;2008,63;
RUTH MARA FREITAS DA SILVA;DEPARTAMENTO DE ADMINISTRACAO;ASSESSOR III;ASSESSOR III/AD-3; CARGO COMISSION.S/VINCULO;3227,73;;3227,73;374,68;2853,05;
SANNY SAHDO CETRARO;SUBCOMISSAO DE LICT.OBRAS.SERV;MEMBRO;MEMBRO; CONSELHO;7300,00;;7300,00;951,37;6348,63;
SILVIO FRANCISCO ANDRADE DE QUEIROZ;DEPARTAMENTO DE ADMINISTRACAO;ASSESSOR IV;; CARGO COMISSION.S/VINCULO;1965,61;;1965,61;133,24;1832,37;
SIMONE DA COSTA MARTINS ESTEVAM;DEPARTAMENTO DE ADMINISTRACAO;ASSESSOR IV;ASSESSOR IV AD-4; CARGO COMISSION.S/VINCULO;1814,61;;1814,61;121,16;1693,45;
STELLA BRUNA DE JESUS P C MARTINS;CORREGEDORIA;ASSESSOR II;NAO INFORMADO; CARGO COMISSION.S/VINCULO;3509,79;;3509,79;426,78;3083,01;
STELLA BRUNA DE JESUS P C MARTINS;DEPARTAMENTO DE ADMINISTRACAO;ASSESSOR III AD-3;; CARGO COMISSION.S/VINCULO;3546,44;;3546,44;;3546,44;
TALITA PIMENTA CORREA;DEPARTAMENTO DE ADMINISTRACAO;ASSESSOR III;ASSESSOR III AD-3; CARGO COMISSION.S/VINCULO;3227,73;;3227,73;374,68;2853,05;
TAMARA PIMENTA CORREA;DEPARTAMENTO DE ADMINISTRACAO;ASSESSOR IV;ASSESSOR IV AD-1; CARGO COMISSION.S/VINCULO;3206,15;;3206,15;317,10;2889,05;
TATIANA CORREA ALVES;DEPARTAMENTO DE ADMINISTRACAO;ASSESSOR III;; CARGO COMISSION.S/VINCULO;2891,80;;2891,80;253,13;2638,67;
THAIS MARTINS ALVES;DEPARTAMENTO DE ADMINISTRACAO;ASSESSOR II;; CARGO COMISSION.S/VINCULO;5145,29;;5145,29;;5145,29;
THAIS MARTINS ALVES;CORREGEDORIA;ASSESSOR I;NAO INFORMADO; CARGO COMISSION.S/VINCULO;5529,77;;5529,77;986,40;4543,37;
THIAGO ANDRADE CASTELLO BRANCO;SUBCOMISSAO DE LICT.OBRAS.SERV;MEMBRO;MEMBRO SUBCOMISSAO; CONSELHO;7300,00;;7300,00;1003,50;6296,50;
VANESSA DA SILVA JACAUNA;ASSESSORIA;ASSESSOR I;NAO INFORMADO; CARGO COMISSION.S/VINCULO;5529,77;;5529,77;986,40;4543,37;
VANESSA ROSAS KRAMER;GABINETE DO PRESIDENTE;ASSESSOR I;NAO INFORMADO; CARGO COMISSION.S/VINCULO;5529,77;;5529,77;986,40;4543,37;
VLADILCE DE ARAUJO FRAGATA;DEPARTAMENTO DE ADMINISTRACAO;ASSESSOR III;; CARGO COMISSION.S/VINCULO;2891,80;;2891,80;267,35;2624,45;
VLADIMIR MARTINS RIBEIRO JUNIOR;SUBCOMISSAO DE LICT.OBRAS.SERV;MEMBRO;MEMBRO SUBCOMISSAO; CONSELHO;7300,00;;7300,00;899,23;6400,77;
WAGNER DE ALMEIDA SILVA;DEPARTAMENTO DE ADMINISTRACAO;ASSESSOR III;ASSESSOR III AD-3; CARGO COMISSION.S/VINCULO;3491,80;;3491,80;422,40;3069,40;
WALTER SIQUEIRA BRITO;GABINETE DO PRESIDENTE;PRESIDENTE;NAO INFORMADO; CARGO COMISSION.S/VINCULO;33351,22;17744,87;15606,35;3339,89;12266,46;
WILSON ALEXANDRE TAVARES;DEPARTAMENTO DE ADMINISTRACAO;ASSESSOR III;; CARGO COMISSION.S/VINCULO;1981,80;;1981,80;134,54;1847,26;
WIVIANE SANTOS DA SILVA;ASSESSORIA;ASSESSOR III;NAO INFORMADO; CARGO COMISSION.S/VINCULO;3491,80;;3491,80;422,40;3069,40;
YASMIN KANANDA COSTA DE LIMA MELO;DEPARTAMENTO DE ADMINISTRACAO;ASSESSOR III;; CARGO COMISSION.S/VINCULO;3491,80;;3491,80;422,40;3069,40;
