NOME;LOTACAO;CARGO;FUNCAO;VINCULO;REMUNERACAO LEGAL TOTAL(R$);DESC.TETO(R$); REMUNERACAO LEGAL DEVIDA(R$);DESCONTOS LEGAIS(R$);LIQUIDO DISPONIVEL(R$);
ACSA TOMAS LITAIFF;SUBCOMISSAO DE LICT.OBRAS.SERV;MEMBRO;; CONSELHO;7300,00;;7300,00;951,37;6348,63;
ADERSON BENTO PENAFORT;SUBCOMISSAO DE LICT.OBRAS.SERV;MEMBRO;; CONSELHO;7300,00;;7300,00;951,37;6348,63;
ADRIANA GABRIELLE A RAMPIN;SUBCOMISSAO DE LICT.OBRAS.SERV;MEMBRO;; CONSELHO;7300,00;;7300,00;1055,64;6244,36;
AGENOR DA COSTA BRAGA;DEPARTAMENTO EXECUTIVO;ASSESSOR III;ASSESSOR III; CARGO COMISSION.S/VINCULO;3404,86;;3404,86;405,98;2998,88;
AGEU SÁ MONTEIRO;DEPARTAMENTO EXECUTIVO;GERENTE;NAO INFORMADO; CARGO COMISSION.S/VINCULO;9019,58;;9019,58;1911,71;7107,87;
ALAN CLAUDIO MENEZES DA COSTA;SUBCOMISSAO DE LICT.OBRAS.SERV;MEMBRO;MEMBRO SUBCOMISSAO; CONSELHO;1946,67;;1946,67;;1946,67;
ALBERTO LUCIO DE SOUZA SIMONETTI;SUBCOMISSAO DE LICT.OBRAS.SERV;MEMBRO;; CONSELHO;7300,00;;7300,00;1003,50;6296,50;
ALEXANDRE BATISTA MENDES;SUBCOMISSAO DE LICT.OBRAS.SERV;MEMBRO;; CONSELHO;7300,00;;7300,00;1055,64;6244,36;
ALINE NEGREIROS MARINHO;SUBCOMISSAO DE LICT.OBRAS.SERV;MEMBRO;; CONSELHO;7300,00;;7300,00;1055,64;6244,36;
ANA CAROLINA YAMANE SANTOS;CORREGEDORIA;ASSESSOR III;NAO INFORMADO; CARGO COMISSION.S/VINCULO;3491,80;;3491,80;422,40;3069,40;
ANDERSON ORTIZ GRANJA DE SOUZA;CORREGEDORIA;ASSESSOR II;NAO INFORMADO; CARGO COMISSION.S/VINCULO;4509,79;;4509,79;670,28;3839,51;
ANDRE AFONSO DOS SANTOS LOUREIRO;DEPARTAMENTO DE ADMINISTRACAO;ASSESSOR III;ASSESSOR III AD-3; CARGO COMISSION.S/VINCULO;2891,80;;2891,80;267,35;2624,45;
ANDREA LASMAR DE MENDONÇA RAMOS;GABINETE DO PRESIDENTE;VICE-PRESIDENTE;NAO INFORMADO; CARGO COMISSION.S/VINCULO;14400,00;;14400,00;2813,83;11586,17;
ANTONIA NONATA DA SILVA GOMES;DEPARTAMENTO DE ADMINISTRACAO;ASSESSOR IV;ASSESSOR IV AD-4; CARGO COMISSION.S/VINCULO;300,00;;300,00;;300,00;
ANTONINA MARIA DE SOUSA PONTE;SUBCOMISSAO DE LICT.OBRAS.SERV;MEMBRO;; CONSELHO;7300,00;;7300,00;1055,64;6244,36;
ANTONIO JOSE GUERREIRO DA SILVA;SUBCOMISSAO DE LICT.OBRAS.SERV;MEMBRO;; CONSELHO;12653,33;;12653,33;2467,31;10186,02;
ANTONIO JURIMAR MAIA DE OLIVEIRA;DEPARTAMENTO DE ADMINISTRACAO;ASSESSOR IV;NAO INFORMADO; CARGO COMISSION.S/VINCULO;2479,61;;2479,61;196,16;2283,45;
ARIANE FURTADO DE CARVALHO;DEPARTAMENTO DE ADMINISTRACAO;ASSESSOR III;ASSESSOR III; CARGO COMISSION.S/VINCULO;2891,80;;2891,80;267,35;2624,45;
ARTUR CESAR NOGUEIRA PERDIGÃO;DEPARTAMENTO EXECUTIVO;ASSESSOR III;ASSESSOR III; CARGO COMISSION.S/VINCULO;3491,80;;3491,80;422,40;3069,40;
AUGUSTO LOBATO RODRIGUES GUIMARÃES;DEPARTAMENTO EXECUTIVO;ASSESSOR III;NAO INFORMADO; CARGO COMISSION.S/VINCULO;3491,80;;3491,80;422,40;3069,40;
CARLOS AUGUSTO LAURIA NORONHA;SUBCOMISSAO DE LICT.OBRAS.SERV;MEMBRO;MEMBRO SUBCOMISSAO; CONSELHO;7300,00;;7300,00;951,37;6348,63;
CARLOS AUGUSTO NASCIMENTO NORMANDO;GABINETE DO PRESIDENTE;ASSESSOR IV;NAO INFORMADO; CARGO COMISSION.S/VINCULO;1965,61;;1965,61;133,24;1832,37;
CARLOS KLINGER DE PAULA SEGUNDO;DEPARTAMENTO EXECUTIVO;ASSESSOR III;NAO INFORMADO; CARGO COMISSION.S/VINCULO;2891,80;;2891,80;267,35;2624,45;
CHALLA DE MEDEIROS SILVA;DEPARTAMENTO DE ADMINISTRACAO;GERENTE;NAO INFORMADO; CARGO COMISSION.S/VINCULO;4509,79;;4509,79;670,28;3839,51;
CIBELE SAMPAIO DE ARAUJO;SUBCOMISSAO DE LICT.OBRAS.SERV;MEMBRO;; CONSELHO;14600,00;;14600,00;2980,64;11619,36;
CIRO LUIZ PINHEIRO DE OLIVEIRA;SUBCOMISSAO DE LICT.OBRAS.SERV;MEMBRO;; CONSELHO;7300,00;;7300,00;1055,64;6244,36;
CREUZA TEREZA PAULINO CAVALCANTE;SUBCOMISSAO DE LICT.OBRAS.SERV;MEMBRO;; CONSELHO;7300,00;;7300,00;1055,64;6244,36;
DAIANA DA SILVA MARTINS;DEPARTAMENTO DE ADMINISTRACAO;ASSESSOR III;; CARGO COMISSION.S/VINCULO;3491,80;;3491,80;422,40;3069,40;
DANIEL MAIA TEIXEIRA;DEPARTAMENTO EXECUTIVO;ASSESSOR III;NAO INFORMADO; CARGO COMISSION.S/VINCULO;3491,80;;3491,80;422,40;3069,40;
DANIEL OLIVEIRA LOBO COELHO;GABINETE DO PRESIDENTE;ASSESSOR I;NAO INFORMADO; CARGO COMISSION.S/VINCULO;5529,77;;5529,77;986,40;4543,37;
DANIEL PEREIRA DO CARMO;DEPARTAMENTO DE ADMINISTRACAO;ASSESSOR III;NAO INFORMADO; CARGO COMISSION.S/VINCULO;2891,80;;2891,80;267,35;2624,45;
DANIELA HAYDEN DA SILVA BARROSO;SUBCOMISSAO DE LICT.OBRAS.SERV;MEMBRO;; CONSELHO;7300,00;;7300,00;951,37;6348,63;
DANIELA MORGANTINI TAVARES TEMPESTA;GABINETE DO PRESIDENTE;ASSESSOR I AD-1;; CARGO COMISSION.S/VINCULO;5529,77;;5529,77;986,40;4543,37;
DANIELLE DE MIRANDA PONTES;DEPARTAMENTO DE ADMINISTRACAO;ASSESSOR III;; CARGO COMISSION.S/VINCULO;2495,80;;2495,80;197,62;2298,18;
DAVISON RODRIGUES BATISTA;DEPARTAMENTO DE ADMINISTRACAO;ASSESSOR III;; CARGO COMISSION.S/VINCULO;3491,80;;3491,80;407,12;3084,68;
DIEGO BARROS JACOB;DEPARTAMENTO EXECUTIVO;ASSESSOR III;NAO INFORMADO; CARGO COMISSION.S/VINCULO;5687,20;;5687,20;945,27;4741,93;
DJALMA ALBERTO DE SOUZA OLIVEIRA;SUBCOMISSAO DE LICT.OBRAS.SERV;MEMBRO;; CONSELHO;7300,00;;7300,00;1003,50;6296,50;
EDIMAR FRANÇA DA SILVA;DEPARTAMENTO EXECUTIVO;ASSESSOR II;NAO INFORMADO; CARGO COMISSION.S/VINCULO;4509,79;;4509,79;670,28;3839,51;
EDSANDRA MAGALHAES FERREIRA;SUBCOMISSAO DE LICT.OBRAS.SERV;MEMBRO;MEMBRO; CONSELHO;7300,00;;7300,00;951,37;6348,63;
ERE BIANCA PARENTE DE ASSIS;GABINETE DO PRESIDENTE;ASSESSOR I;ASSESSOR I AD-1; CARGO COMISSION.S/VINCULO;5529,77;;5529,77;986,40;4543,37;
ERICA DOS SANTOS VIEIRA;SUBCOMISSAO DE LICT.OBRAS.SERV;MEMBRO;; CONSELHO;7300,00;;7300,00;1055,64;6244,36;
ERICKSON ARLEY FERREIRA MASSULO;SUBCOMISSAO DE LICT.OBRAS.SERV;MEMBRO;; CONSELHO;12653,33;;12653,33;2467,31;10186,02;
ERNALDO COSTA DA SILVA;DEPARTAMENTO DE ADMINISTRACAO;ASSESSOR III;; CARGO COMISSION.S/VINCULO;2495,80;;2495,80;197,62;2298,18;
EZEQUIEL MARQUES ARAUJO LIMA;DEPARTAMENTO DE ADMINISTRACAO;ASSESSOR III;; CARGO COMISSION.S/VINCULO;2542,40;;2542,40;201,81;2340,59;
FABIOLA MOTA GUALBERTO LIMA;DEPARTAMENTO EXECUTIVO;ASSESSOR III;ASSESSOR III; CARGO COMISSION.S/VINCULO;3491,80;;3491,80;422,40;3069,40;
FELISMINO FRANCISCO SOARES NETO;SUBCOMISSAO DE LICT.OBRAS.SERV;MEMBRO;; CONSELHO;7300,00;;7300,00;1055,64;6244,36;
FERNANDO QUEIROZ DE LIMA;DEPARTAMENTO DE ADMINISTRACAO;ASSESSOR III;NAO INFORMADO; CARGO COMISSION.S/VINCULO;1830,80;;1830,80;122,46;1708,34;
FLAVIANO DRUMOND DE OLIVEIRA;SUBCOMISSAO DE LICT.OBRAS.SERV;MEMBRO;; CONSELHO;14356,67;;14356,67;2916,47;11440,20;
GABRYELLE ROCHA DE LIMA BASTOS;GABINETE DO PRESIDENTE;ASSESSOR III;NAO INFORMADO; CARGO COMISSION.S/VINCULO;2495,80;;2495,80;197,62;2298,18;
GINA GUIMARAES CAMPELO;GABINETE DO PRESIDENTE;ASSESSOR III;NAO INFORMADO; CARGO COMISSION.S/VINCULO;2495,80;;2495,80;197,62;2298,18;
GISELLA ANDRADE FERREIRA DOS SANTOS;DEPARTAMENTO DE ADMINISTRACAO;ASSESSOR III;; CARGO COMISSION.S/VINCULO;4555,73;;4555,73;684,21;3871,52;
GREICIANE FERREIRA BRASIL;DEPARTAMENTO DE ADMINISTRACAO;ASSESSOR IV;NAO INFORMADO; CARGO COMISSION.S/VINCULO;1814,61;;1814,61;121,16;1693,45;
GYESE KANAWATI LASMAR;SUBCOMISSAO DE LICT.OBRAS.SERV;MEMBRO;MEMBRO; CONSELHO;7300,00;;7300,00;951,37;6348,63;
HEDLEN MARIA BARROSO GUEDES FREITAS;GABINETE DO PRESIDENTE;ASSESSOR I;ASSESSOR I AD-1; CARGO COMISSION.S/VINCULO;5529,77;;5529,77;943,74;4586,03;
HELEN MARA BARROSO GUEDES;ASSESSORIA;ASSESSOR I;NAO INFORMADO; CARGO COMISSION.S/VINCULO;5529,77;;5529,77;986,40;4543,37;
ISABEL MARIA DE ARAUJO BRITO;DEPARTAMENTO DE ADMINISTRACAO;ASSESSOR IV;ASSESSOR IV AD-4; CARGO COMISSION.S/VINCULO;1814,61;;1814,61;121,16;1693,45;
JACKSON ANTONIO BARBOZA DE SOUZA;DEPARTAMENTO EXECUTIVO;ASSESSOR II;NAO INFORMADO; CARGO COMISSION.S/VINCULO;3509,79;;3509,79;426,78;3083,01;
JAIME BATISTA DAS CHAGAS NETO;GABINETE DO PRESIDENTE;ASSESSOR III;NAO INFORMADO; CARGO COMISSION.S/VINCULO;2193,80;;2193,80;170,44;2023,36;
JAQUELINE CRUZ ALVES;DEPARTAMENTO DE ADMINISTRACAO;PROFESSOR PF20.LPL-IV;GERENTE AD-2; ESTATUTARIO;6474,76;;6474,76;1002,13;5472,63;
JOAO CARLOS BEZERRA DE A JUNIOR;SUBCOMISSAO DE LICT.OBRAS.SERV;MEMBRO;MEMBRO; CONSELHO;7300,00;;7300,00;426,00;6874,00;
JOSÉ DO ROSÁRIO SANTOS DRUMOND;DEPARTAMENTO DE ADMINISTRACAO;ASSESSOR IV;NAO INFORMADO; CARGO COMISSION.S/VINCULO;2479,61;;2479,61;196,16;2283,45;
KELLEN ETHER REBELO;DEPARTAMENTO DE ADMINISTRACAO;ASSESSOR III;; CARGO COMISSION.S/VINCULO;3491,80;;3491,80;422,40;3069,40;
KLEYTON COSTA DE LIMA;DEPARTAMENTO DE ADMINISTRACAO;ASSESSOR III;; CARGO COMISSION.S/VINCULO;2891,80;;2891,80;233,26;2658,54;
LEANDRO DA SILVA AGUIAR;SUBCOMISSAO DE LICT.OBRAS.SERV;MEMBRO;MEMBROSUBCOMISSAO; CONSELHO;7300,00;;7300,00;1055,64;6244,36;
LEANDRO MENEZES DOS SANTOS;ASSESSORIA;ASSESSOR I;NAO INFORMADO; CARGO COMISSION.S/VINCULO;5529,77;;5529,77;986,40;4543,37;
LEILA DE QUEIROZ PONTES;SUBCOMISSAO DE LICT.OBRAS.SERV;MEMBRO;MEMBRO; CONSELHO;7300,00;;7300,00;1055,64;6244,36;
LEONARDO LIMA TOLEDANO;CORREGEDORIA;ASSESSOR I;ASSESSOR I; CARGO COMISSION.S/VINCULO;4529,77;;4529,77;676,15;3853,62;
LEUDES ARAUJO DE OLIVEIRA;SUBCOMISSAO DE LICT.OBRAS.SERV;ASSESSOR III;NAO INFORMADO; CARGO COMISSION.S/VINCULO;3491,80;;3491,80;422,40;3069,40;
LUANA MODESTO VERAS;GABINETE DO PRESIDENTE;ASSESSOR III;NAO INFORMADO; CARGO COMISSION.S/VINCULO;3491,80;;3491,80;422,40;3069,40;
LUCIANA COUTO CRESPO;SUBCOMISSAO DE LICT.OBRAS.SERV;MEMBRO;; CONSELHO;7300,00;;7300,00;1003,50;6296,50;
MANUEL VILDO TIAGO;DEPARTAMENTO DE ADMINISTRACAO;ASSESSOR III;NAO INFORMADO; CARGO COMISSION.S/VINCULO;1830,80;;1830,80;122,46;1708,34;
MARCELO MARCUS NOGUEIRA MARTINS;DEPARTAMENTO DE ADMINISTRACAO;GERENTE;NAO INFORMADO; CARGO COMISSION.S/VINCULO;4509,79;;4509,79;613,40;3896,39;
MARCO AURELIO RIBEIRO ESTEVES;DEPARTAMENTO DE ADMINISTRACAO;ASSESSOR III;; CARGO COMISSION.S/VINCULO;2495,80;;2495,80;197,62;2298,18;
MARIA HOZANIRA MACHADO DE S GALVAO;SUBCOMISSAO DE LICT.OBRAS.SERV;MEMBRO;MEMBRO SUBCOMISSAO; CONSELHO;7300,00;;7300,00;1003,50;6296,50;
MARIA INES SANTIAGO CAVALEIRO MELO;GABINETE DO PRESIDENTE;ASSESSOR I;; CARGO COMISSION.S/VINCULO;5529,77;;5529,77;986,40;4543,37;
MARIA LUIZA SANTANA DE OLIVEIRA;DEPARTAMENTO DE ADMINISTRACAO;ASSESSOR III;NAO INFORMADO; CARGO COMISSION.S/VINCULO;2495,80;;2495,80;197,62;2298,18;
MARIETE DO CARMO MAIA;DEPARTAMENTO DE ADMINISTRACAO;GERENTE;NAO INFORMADO; CARGO COMISSION.S/VINCULO;4509,79;;4509,79;641,84;3867,95;
MELYNDA MARIA VIEIRALVES BECKER;GABINETE DO PRESIDENTE;ASSESSOR I;; CARGO COMISSION.S/VINCULO;5529,77;;5529,77;986,40;4543,37;
NATASHA MELO DE MENDONCA;DEPARTAMENTO EXECUTIVO;ASSESSOR III;NAO INFORMADO; CARGO COMISSION.S/VINCULO;2891,80;;2891,80;267,35;2624,45;
NAYLA GONÇALVES LIMA LOBATO;ASSESSORIA;ASSESSOR I;NAO INFORMADO; CARGO COMISSION.S/VINCULO;5529,77;;5529,77;986,40;4543,37;
ORLEANDESON SILVA DE CASTRO;DEPARTAMENTO DE ADMINISTRACAO;ASSESSOR II;NAO INFORMADO; CARGO COMISSION.S/VINCULO;4509,79;;4509,79;670,28;3839,51;
PAOLA DI ANGELIS BRASIL PASSOS;DEPARTAMENTO DE ADMINISTRACAO;GERENTE;NAO INFORMADO; CARGO COMISSION.S/VINCULO;4509,79;;4509,79;641,84;3867,95;
PRISCIANY COSTA DE FREITAS;GABINETE DO PRESIDENTE;ASSESSOR I;; CARGO COMISSION.S/VINCULO;5529,77;;5529,77;986,40;4543,37;
RAFAEL BASTOS ARAUJO;SUBCOMISSAO DE LICT.OBRAS.SERV;MEMBRO;; CONSELHO;7300,00;;7300,00;1055,64;6244,36;
RAISSA LOPES ELIAS STONE;GABINETE DO PRESIDENTE;ASSESSOR I;; CARGO COMISSION.S/VINCULO;5529,77;;5529,77;986,40;4543,37;
RAQUEL DE OLIVEIRA GONÇALVES;CORREGEDORIA;ASSESSOR III;NAO INFORMADO; CARGO COMISSION.S/VINCULO;2495,80;;2495,80;197,62;2298,18;
RAQUEL NASCIMENTO GAMA;GABINETE DO PRESIDENTE;ASSESSOR I;NAO INFORMADO; CARGO COMISSION.S/VINCULO;5529,77;;5529,77;986,40;4543,37;
ROBERSON PAULO DA SILVA;CORREGEDORIA;ASSESSOR I;NAO INFORMADO; CARGO COMISSION.S/VINCULO;4529,77;;4529,77;676,15;3853,62;
RODRIGO NELSON AMARAL OLIVEIRA;DEPARTAMENTO DE ADMINISTRACAO;GERENTE;NAO INFORMADO; CARGO COMISSION.S/VINCULO;4509,79;;4509,79;670,28;3839,51;
RODRIGO VASCONCELOS PIRES CARVALHO;GABINETE DO PRESIDENTE;ASSESSOR II;NAO INFORMADO; CARGO COMISSION.S/VINCULO;4509,79;;4509,79;613,40;3896,39;
ROSANY SIMÕES CHAVES;CORREGEDORIA;ASSESSOR III;NAO INFORMADO; CARGO COMISSION.S/VINCULO;3491,80;;3491,80;422,40;3069,40;
ROZANA DE ALMEIDA FARIAS;CORREGEDORIA;ASSESSOR III;NAO INFORMADO; CARGO COMISSION.S/VINCULO;3491,80;;3491,80;422,40;3069,40;
ROZANGELA LIMA DE SALES;DEPARTAMENTO DE ADMINISTRACAO;ASSESSOR III;; CARGO COMISSION.S/VINCULO;2891,80;;2891,80;267,35;2624,45;
RUI JORGE PIEDADE DE LIMA;DEPARTAMENTO DE ADMINISTRACAO;ASSESSOR IV;; CARGO COMISSION.S/VINCULO;2177,61;;2177,61;168,98;2008,63;
SAMANTA GONZAGA DE FIGUEIREDO;DEPARTAMENTO EXECUTIVO;ASSESSOR IV;ASSESSOR IV; CARGO COMISSION.S/VINCULO;2177,61;;2177,61;168,98;2008,63;
SANNY SAHDO CETRARO;SUBCOMISSAO DE LICT.OBRAS.SERV;MEMBRO;MEMBRO; CONSELHO;7300,00;;7300,00;951,37;6348,63;
SILVIA MARTINS MELO;DEPARTAMENTO DE ADMINISTRACAO;ASSESSOR II;NAO INFORMADO; CARGO COMISSION.S/VINCULO;4509,79;;4509,79;670,28;3839,51;
SIMONE DA COSTA MARTINS ESTEVAM;DEPARTAMENTO DE ADMINISTRACAO;ASSESSOR IV;ASSESSOR IV AD-4; CARGO COMISSION.S/VINCULO;1814,61;;1814,61;121,16;1693,45;
STELLA BRUNA DE JESUS P C MARTINS;CORREGEDORIA;ASSESSOR III;NAO INFORMADO; CARGO COMISSION.S/VINCULO;3491,80;;3491,80;422,40;3069,40;
TALITA PIMENTA CORREA;DEPARTAMENTO DE ADMINISTRACAO;ASSESSOR III;ASSESSOR III AD-3; CARGO COMISSION.S/VINCULO;2495,80;;2495,80;197,62;2298,18;
TATIANA CORREA ALVES;DEPARTAMENTO DE ADMINISTRACAO;ASSESSOR III;; CARGO COMISSION.S/VINCULO;2891,80;;2891,80;253,13;2638,67;
THAIS MARTINS ALVES;CORREGEDORIA;ASSESSOR I;NAO INFORMADO; CARGO COMISSION.S/VINCULO;5529,77;;5529,77;901,09;4628,68;
THAIZA FABIANE CARRIÇO CORREA;ASSESSORIA;ASSESSOR I;NAO INFORMADO; CARGO COMISSION.S/VINCULO;5529,77;;5529,77;901,09;4628,68;
THIAGO ANDRADE CASTELLO BRANCO;SUBCOMISSAO DE LICT.OBRAS.SERV;MEMBRO;MEMBRO SUBCOMISSAO; CONSELHO;7300,00;;7300,00;1003,50;6296,50;
VANESSA DA SILVA JACAUNA;ASSESSORIA;ASSESSOR I;NAO INFORMADO; CARGO COMISSION.S/VINCULO;5529,77;;5529,77;986,40;4543,37;
VANESSA ROSAS KRAMER;GABINETE DO PRESIDENTE;ASSESSOR I;NAO INFORMADO; CARGO COMISSION.S/VINCULO;5529,77;;5529,77;986,40;4543,37;
VLADIMIR MARTINS RIBEIRO JUNIOR;SUBCOMISSAO DE LICT.OBRAS.SERV;MEMBRO;MEMBRO SUBCOMISSAO; CONSELHO;1946,67;;1946,67;;1946,67;
WAGNER DE ALMEIDA SILVA;DEPARTAMENTO DE ADMINISTRACAO;ASSESSOR III;ASSESSOR III AD-3; CARGO COMISSION.S/VINCULO;2495,80;;2495,80;197,62;2298,18;
WALTER SIQUEIRA BRITO;GABINETE DO PRESIDENTE;PRESIDENTE;NAO INFORMADO; DISP. OUTROS ESFERAS;28360,00;17744,87;10615,13;1967,30;8647,83;
WILSON ALEXANDRE TAVARES;DEPARTAMENTO DE ADMINISTRACAO;ASSESSOR III;; CARGO COMISSION.S/VINCULO;2542,40;;2542,40;212,05;2330,35;
WIVIANE SANTOS DA SILVA;ASSESSORIA;ASSESSOR III;NAO INFORMADO; CARGO COMISSION.S/VINCULO;3491,80;;3491,80;422,40;3069,40;
YASMIN KANANDA COSTA DE LIMA MELO;DEPARTAMENTO DE ADMINISTRACAO;ASSESSOR III;; CARGO COMISSION.S/VINCULO;3491,80;;3491,80;422,40;3069,40;
