NOME;LOTACAO;CARGO;FUNCAO;VINCULO;REMUNERACAO LEGAL TOTAL(R$);DESC.TETO(R$); REMUNERACAO LEGAL DEVIDA(R$);DESCONTOS LEGAIS(R$);LIQUIDO DISPONIVEL(R$);
ADEMIR LIMA DE SOUZA;CB - CIVIL;ENG.O-I;ENG OPERACIONAL; ESTATUTARIO;5140,46;;5140,46;611,68;4528,78;
ALBERTO COELHO NETO;CB - CIVIL;A.TEC-I;; ESTATUTARIO;4332,67;;4332,67;263,14;4069,53;
ALESSANDRA OLIVEIRA AMADOR;CB - CIVIL;CHEFE DE DEPARTAMENTO;ASSESSOR I; CARGO COMISSION.S/VINCULO;5849,77;;5849,77;986,40;4863,37;
ALOYSIO SIQUEIRA CAVALCANTI FILHO;CB - CIVIL;AUXILIAR ADMINISTRATIVO;; ESTATUTARIO;6000,90;;6000,90;730,27;5270,63;
BARBARA COSTA FERREIRA;CB - CIVIL;ASSESSOR I;; CARGO COMISSION.S/VINCULO;5849,77;;5849,77;986,40;4863,37;
CLEIVISON SOUZA PINHEIRO;CB - CIVIL;ASSESSOR I;; CARGO COMISSION.S/VINCULO;7593,03;;7593,03;1513,91;6079,12;
DANIEL DE LIMA ALBUQUERQUE;CB - CIVIL;ASSESSOR I;; CARGO COMISSION.S/VINCULO;5849,77;;5849,77;986,40;4863,37;
FERNANDO SERGIO AUSTREGESILO LUZ;COMANDO GERAL;COORDENADOR;NAO INFORMADO; CARGO COMISSION.S/VINCULO;9320,00;;9320,00;1936,69;7383,31;
FRANCISCO BENTES DE ALMEIDA;CB - CIVIL;CHEFE DE DEPARTAMENTO;CH DE DEPARTAMENTO; CARGO COMISSION.S/VINCULO;9917,36;;9917,36;5640,90;4276,46;
FUNMILAYO KATHERINE OGUNNIYA;CB - CIVIL;ASSESSOR I;NAO INFORMADO; CARGO COMISSION.S/VINCULO;3742,10;;3742,10;409,03;3333,07;
JORGE NELSON DA CUNHA MENDONCA;CB - CIVIL;A.TEC-I;; ESTATUTARIO;4532,11;;4532,11;352,78;4179,33;
JOSE FRANCISCO SILVA DE MORAIS;CB - CIVIL;COORDENADOR REGIONAL AD-1;; CARGO COMISSION.S/VINCULO;8174,10;;8174,10;5640,90;2533,20;
JOSIMAR MOREIRA MATOS DE SOUZA;CB - CIVIL;ASSESSOR II;; CARGO COMISSION.S/VINCULO;3229,79;;3229,79;270,20;2959,59;
JUNIA DE CARVALHO TORRES;CB - CIVIL;AGENTE ADMINISTRATIVO 1A CLASSE;; ESTATUTARIO;4981,65;;4981,65;384,91;4596,74;
LARISSA BARROSO SEGADILHA FRANCA;COMANDO GERAL;ASSESSOR I;NAO INFORMADO; CARGO COMISSION.S/VINCULO;5675,43;;5675,43;932,31;4743,12;
MARCIA GUERREIRO PINHEIRO;CB - CIVIL;ASSESSOR I;; CARGO COMISSION.S/VINCULO;3849,77;;3849,77;431,65;3418,12;
MARIA ALZIRA BARBOSA ASSUMPCAO;CB - CIVIL;AUX.ADM-I;ARQUIVISTA; ESTATUTARIO;5534,65;;5534,65;594,44;4940,21;
MARIA DE FATIMA RODRIGUES ONETY;CB - CIVIL;A.OPE-I;; ESTATUTARIO;5578,79;;5578,79;620,17;4958,62;
MARIA DE JESUS MONTEIRO DUARTE;CB - CIVIL;A.TEC-I;; ESTATUTARIO;4304,26;;4304,26;340,32;3963,94;
MARIA DE NAZARE DOS SANTOS BARROSO;CB - CIVIL;A.TEC-I;CHEFE PROTOCOLO; ESTATUTARIO;4568,95;;4568,95;361,41;4207,54;
MARIA DO PERPETUO SOCORRO V ARAUJO;CB - CIVIL;A.TEC-I;; ESTATUTARIO;5726,38;;5726,38;559,98;5166,40;
MARIO LUIZ PASSARINHO;CB - CIVIL;COORDENADOR REGIONAL AD-1;COORDENADOR REGIONAL; CARGO COMISSION.S/VINCULO;5849,77;;5849,77;986,40;4863,37;
MICHAEL LIMA DE MELO;CB - CIVIL;ASSESSOR II;; CARGO COMISSION.S/VINCULO;4829,79;;4829,79;670,28;4159,51;
MICHELE DOS SANTOS AQUINO;CB - CIVIL;ASSESSOR II;; CARGO COMISSION.S/VINCULO;3229,79;;3229,79;234,88;2994,91;
PRISCILA SENA DA SILVA;COMANDO GERAL;COORDENADOR REGIONAL AD-1;; CARGO COMISSION.S/VINCULO;7110,52;;7110,52;3102,69;4007,83;
RAQUEL MORAES SILVA ALBUQUERQUE;CB - CIVIL;ASSESSOR I;; CARGO COMISSION.S/VINCULO;9336,27;;9336,27;5640,90;3695,37;
REGINA AUXILIADORA DA MATA LUSTOSA;CB - CIVIL;TNS-I;CHEFE DE GABINETE; ESTATUTARIO;10024,40;;10024,40;5961,39;4063,01;
SANDRA ASSAYAG;CB - CIVIL;A.TEC-I;; ESTATUTARIO;5752,40;;5752,40;615,78;5136,62;
SILVIO RAFAEL OLIVEIRA DO LAGO;COMANDO GERAL;COORDENADOR;; CARGO COMISSION.S/VINCULO;12250,00;;12250,00;5665,58;6584,42;
ULLA HAVANNE DE PAIVA VIEIRA;CB - CIVIL;ASSESSOR I;; CARGO COMISSION.S/VINCULO;5849,77;;5849,77;943,74;4906,03;
WESLEY DA SILVA PRATA;COMANDO GERAL;COORDENADOR REGIONAL AD-1;NAO INFORMADO; CARGO COMISSION.S/VINCULO;5675,43;;5675,43;932,31;4743,12;
ZULMA SOARES CARDOSO;CB - CIVIL;ASSESSOR I;ASSESSOR I AD-1; CARGO COMISSION.S/VINCULO;5849,77;;5849,77;986,40;4863,37;
