NOME;LOTACAO;CARGO;FUNCAO;VINCULO;REMUNERACAO LEGAL TOTAL(R$);DESC.TETO(R$); REMUNERACAO LEGAL DEVIDA(R$);DESCONTOS LEGAIS(R$);LIQUIDO DISPONIVEL(R$);
ACRAM SALAMEH ISPER;GABINETE DO DIRETOR PRESIDENTE;DIRETOR PRESIDENTE;NAO INFORMADO; CARGO COMISSION.S/VINCULO;11700,00;;11700,00;2813,83;8886,17;
ACRAM SALAMEH ISPER JR;CONS.EST.REG.CONT.SERV.PUB.CON;PRESIDENTE DO CONSELHO;; CONSELHO;2000,00;;2000,00;;2000,00;
ADANAIR TEIXEIRA ALVES;DIRETORIA TEC.CONC.REG.QUALID.;GERENTE;NAO INFORMADO; CARGO COMISSION.S/VINCULO;4809,79;;4809,79;641,84;4167,95;
ADIMAR DE MELO CARNEIRO;DEPARTAMENTO DE ADMINISTRACAO;AGENTE ADMINISTRATIVO;CHEF DE DEPARTAMENTO; ESTATUTARIO;6533,37;;6533,37;830,76;5702,61;
ALCEMIR FILOMENO PINTO;DIRETORIA TEC.CONC.REG.QUALID.;AGENTE ADM.-AGA-T.S.N.A.-E;GERENTE; ESTATUTARIO;5340,44;;5340,44;568,13;4772,31;
ALEANE MENEZES DA COSTA CARDOSO;DIRETORIA TEC.CONC.REG.QUALID.;GERENTE;NAO INFORMADO; CARGO COMISSION.S/VINCULO;4809,79;;4809,79;670,28;4139,51;
ALTAIR PEREIRA RIBEIRO;CONS.EST.REG.CONT.SERV.PUB.CON;MEMBRO DE CONSELHO;; CONSELHO;1000,00;;1000,00;;1000,00;
AMALIZA EVANGELISTA DA COSTA;DIRETORIA ADM.FINANCEIRA;CHEFE DE DEPARTAMENTO;NAO INFORMADO; CARGO COMISSION.S/VINCULO;5829,77;;5829,77;986,40;4843,37;
ANA CAROLINA SANTOS SILVA RIZO;DIRETORIA TEC.CONC.REG.QUALID.;CHEFE DE DEPARTAMENTO;NAO INFORMADO; CARGO COMISSION.S/VINCULO;5829,77;;5829,77;986,40;4843,37;
ANDRIELLE DOS SANTOS NOGUEIRA;DIRETORIA TEC.CONC.REG.QUALID.;CHEFE DE DEPARTAMENTO;NAO INFORMADO; CARGO COMISSION.S/VINCULO;5829,77;;5829,77;986,40;4843,37;
AYRTON PENALBER DA SILVA;DIRETORIA TEC.CONC.REG.QUALID.;GERENTE;NAO INFORMADO; CARGO COMISSION.S/VINCULO;4809,79;;4809,79;670,28;4139,51;
BASILIO GARCIA CARESTO NETO;DIRETORIA TEC.CONC.REG.QUALID.;GERENTE;NAO INFORMADO; CARGO COMISSION.S/VINCULO;4809,79;;4809,79;670,28;4139,51;
BENEDICTO CRUZ LYRA NETTO;DIRETORIA TEC.CONC.REG.QUALID.;ASSESSOR II;NAO INFORMADO; CARGO COMISSION.S/VINCULO;4809,79;;4809,79;670,28;4139,51;
CÁSSIA CIRHAME AZEVEDO DE ARAUJO;GABINETE DO DIRETOR PRESIDENTE;ASSESSOR II;NAO INFORMADO; CARGO COMISSION.S/VINCULO;4809,79;;4809,79;670,28;4139,51;
CLICIA COELHO HOLANDA;DEPARTAMENTO DE FINANCAS;GERENTE;GERENTE AD-2; CARGO COMISSION.S/VINCULO;4809,79;;4809,79;641,84;4167,95;
CRISTIANE MARTINS ARAUJO;DIRETORIA ADM.FINANCEIRA;GERENTE;; CARGO COMISSION.S/VINCULO;4809,79;;4809,79;613,40;4196,39;
DANIEL DA SILVA ANTUNES;DIRETORIA TEC.CONC.REG.QUALID.;AUXILIAR TECNICO;; ESTATUTARIO;3595,02;;3595,02;;3595,02;
DANIEL HENRIQUE BARBOSA;DIRETORIA TEC.CONC.REG.QUALID.;ASSESSOR I;NAO INFORMADO; CARGO COMISSION.S/VINCULO;5829,77;;5829,77;986,40;4843,37;
ERICK EDELMAN DOS SANTOS;DIRETORIA TEC.CONC.REG.QUALID.;TECNICO DE NIVEL MEDIO;TEC NIVEL SUPERIOR; C.L.T.;4036,00;;4036,00;441,29;3594,71;
EVELINN FLORES DE OLIVEIRA CUNHA;ASSESSORIA;ASSESSOR I;NAO INFORMADO; CARGO COMISSION.S/VINCULO;5829,77;;5829,77;986,40;4843,37;
FABIO JR ARAUJO CABRAL;DIRETORIA TEC.CONC.REG.QUALID.;ASSESSOR I;NAO INFORMADO; CARGO COMISSION.S/VINCULO;5829,77;;5829,77;986,40;4843,37;
FABIONEY BARBOSA MONTEIRO;DIRETORIA TEC.CONC.REG.QUALID.;GERENTE;NAO INFORMADO; CARGO COMISSION.S/VINCULO;4809,79;;4809,79;670,28;4139,51;
FATIMA MARIA GAVINHO FROTA;DIRETORIA TEC.CONC.REG.QUALID.;ASSESSOR I;ASSESSOR I AD 1; CARGO COMISSION.S/VINCULO;5829,77;;5829,77;986,40;4843,37;
FRANCISCO DE ASSIS DE O MARQUES;DEPARTAMENTO DE FISCALIZACAO;FISCAL RODOVIARIO;; ESTATUTARIO;4177,54;;4177,54;222,76;3954,78;
GIOCONDA BERENICE DE ALMEIDA CORREA;DEPTO.DE REGUL.DA QUALIDADE;GERENTE;; CARGO COMISSION.S/VINCULO;4809,79;;4809,79;670,28;4139,51;
GIOVANNI FIGLIUOLO NETO;DIRETORIA TEC.CONC.REG.QUALID.;GERENTE;NAO INFORMADO; CARGO COMISSION.S/VINCULO;4809,79;;4809,79;641,84;4167,95;
GISELLE CASTANHOLA DE MENEZES;DIRETORIA TEC.CONC.REG.QUALID.;GERENTE;NAO INFORMADO; CARGO COMISSION.S/VINCULO;4809,79;;4809,79;670,28;4139,51;
HERALDO ANTONIO CORREA JUNIOR;GABINETE DO DIRETOR PRESIDENTE;CHEFE DE GABINETE;NAO INFORMADO; CARGO COMISSION.S/VINCULO;5829,77;;5829,77;901,09;4928,68;
HERALDO ANTONIO CORREA JUNIOR;CONS.EST.REG.CONT.SERV.PUB.CON;MEMBRO DE CONSELHO;; CONSELHO;1000,00;;1000,00;;1000,00;
HERMANN SAUNDERS FERNANDES;ASSESSORIA;ASSESSOR I;; CARGO COMISSION.S/VINCULO;5829,77;;5829,77;986,40;4843,37;
IUÇANARA SOARES FREITAS DE OLIVEIRA;GABINETE DO DIRETOR PRESIDENTE;OUVIDOR;NAO INFORMADO; CARGO COMISSION.S/VINCULO;5829,77;;5829,77;901,09;4928,68;
IVANETE RIBEIRO GAMA;DEPARTAMENTO DE ADMINISTRACAO;AUXILIAR DE SERVICOS GERAIS;; C.L.T.;2180,00;;2180,00;126,40;2053,60;
JALIL FRAXE CAMPOS;CONS.EST.REG.CONT.SERV.PUB.CON;MEMBRO DE CONSELHO;; CONSELHO;1000,00;;1000,00;;1000,00;
JORGE ANDRE CHIXARO SARRAFF REZENDE;DIRETORIA ADM.FINANCEIRA;CHEFE DE DEPARTAMENTO;NAO INFORMADO; CARGO COMISSION.S/VINCULO;5829,77;;5829,77;986,40;4843,37;
JOSE ITAMAR DE SOUTO;CONS.EST.REG.CONT.SERV.PUB.CON;MEMBRO DE CONSELHO;; CONSELHO;1000,00;;1000,00;;1000,00;
JOSE SELVIO TEIXEIRA PICANCO;DIRETORIA TEC.CONC.REG.QUALID.;CHEFE DE DEPARTAMENTO;CHEFE DE DEPTO. AD-1; CARGO COMISSION.S/VINCULO;5829,77;;5829,77;901,09;4928,68;
JULIO CEZAR PRADO;DEPARTAMENTO DE FISCALIZACAO;ASSISTENTE TECNICO 3A CLASSE;; ESTATUTARIO;4382,79;;4382,79;298,97;4083,82;
J LIO CESAR DE CASTRO CABRAL ANJOS;DIRETORIA ADM.FINANCEIRA;DIRETOR ADMINISTRATIVO E FINANCEIRO;NAO INFORMADO; CARGO COMISSION.S/VINCULO;9600,00;;9600,00;2071,33;7528,67;
KAREN CRISTINNE DIB DE ASSIS;DEPTO.DE REGUL.DA QUALIDADE;ASSESSOR II;NAO INFORMADO; CARGO COMISSION.S/VINCULO;4809,79;;4809,79;670,28;4139,51;
LEILA MOTA LEMOS DA COSTA;DIRETORIA TEC.CONC.REG.QUALID.;GERENTE;GERENTE AD-2; CARGO COMISSION.S/VINCULO;4809,79;;4809,79;613,40;4196,39;
LIZ SANER BARROS SENA;DEPARTAMENTO DE LOGISTICA;A.TEC-I;ASSIST. TECNICO I; ESTATUTARIO;4301,57;;4301,57;345,74;3955,83;
LIZELANNE GUIMARAES PINHEIRO ROCHA;GABINETE DO DIRETOR PRESIDENTE;ASSESSOR I;ASSESSOR I AD-1; CARGO COMISSION.S/VINCULO;5829,77;;5829,77;986,40;4843,37;
MARIA ANTONIA RODRIGUES CASTELO;DEPARTAMENTO DE ADMINISTRACAO;A.TEC-I;; ESTATUTARIO;4380,69;;4380,69;365,01;4015,68;
MARIA DIVINA VARGAS DE LIMA;DEPARTAMENTO DE ADMINISTRACAO;ASSESSOR I;ASSESSOR I AD 1; CARGO COMISSION.S/VINCULO;5829,77;;5829,77;986,40;4843,37;
MARIA MISTE RIBEIRO SILVA;DEPARTAMENTO DE REC.HUMANOS;A.TEC-I;; ESTATUTARIO;4532,08;;4532,08;300,03;4232,05;
MARIA RAIMUNDA SALES DE SOUZA;DEPARTAMENTO DE LOGISTICA;AUXILIAR DE SERVICOS GERAIS;; C.L.T.;2180,00;;2180,00;126,40;2053,60;
NADIA MARIA DE SOUZA SARAIVA;DIRETORIA TEC.CONC.REG.QUALID.;ASSESSOR I;ASSESSOR I AD 1; CARGO COMISSION.S/VINCULO;5829,77;;5829,77;986,40;4843,37;
NORMANDO LOPES DE OLIVEIRA;DIRETORIA TEC.CONC.REG.QUALID.;ASSESSOR I;ASSESSOR I AD 1; CARGO COMISSION.S/VINCULO;5829,77;;5829,77;858,43;4971,34;
OZIEL OLIVEIRA MINEIRO;DIRETORIA TEC.CONC.REG.QUALID.;AUXILIAR TECNICO;CHEFE DE DEPARTAMENT; ESTATUTARIO;6389,02;;6389,02;727,42;5661,60;
PAULO FREDERICO SOLART COELHO;DIRETORIA TEC.CONC.REG.QUALID.;GERENTE;NAO INFORMADO; CARGO COMISSION.S/VINCULO;4809,79;;4809,79;670,28;4139,51;
PAULO ROBERTO COLARES CAVALCANTE;DIRETORIA TEC.CONC.REG.QUALID.;ASSESSOR I;NAO INFORMADO; CARGO COMISSION.S/VINCULO;5829,77;;5829,77;986,40;4843,37;
PAULO VICTOR OLIVEIRA QUEIROZ;CONS.EST.REG.CONT.SERV.PUB.CON;MEMBRO DE CONSELHO;; CONSELHO;1000,00;;1000,00;;1000,00;
PAULO VICTOR OLIVEIRA QUEIROZ;GABINETE DO DIRETOR PRESIDENTE;ASSESSOR I;NAO INFORMADO; CARGO COMISSION.S/VINCULO;5829,77;;5829,77;986,40;4843,37;
PEDRO CASTRO DE ALBUQUERQUE FILHO;DIRETORIA TEC.CONC.REG.QUALID.;ASSESSOR II;NAO INFORMADO; CARGO COMISSION.S/VINCULO;4809,79;;4809,79;584,96;4224,83;
RAFAEL REBELO AFFONSO;DEPARTAMENTO DE INFORMATICA;AUX.ADM-III;; ESTATUTARIO;4088,44;;4088,44;230,44;3858,00;
RAFAELA DA SILVA GOMES;ASSESSORIA;ASSESSOR I;; CARGO COMISSION.S/VINCULO;5829,77;;5829,77;943,74;4886,03;
RAQUEL CALDAS FERREIRA;CONS.EST.REG.CONT.SERV.PUB.CON;MEMBRO DE CONSELHO SUPLENTE;; CONSELHO;1000,00;;1000,00;;1000,00;
RENATA KELLY SALGADO DA C MEDEIROS;ASSESSORIA;ASSESSOR II;NAO INFORMADO; CARGO COMISSION.S/VINCULO;4809,79;;4809,79;670,28;4139,51;
ROBERTA ALFAIA DI TOMMASO;ASSESSORIA;ASSESSOR I;NAO INFORMADO; CARGO COMISSION.S/VINCULO;5829,77;;5829,77;943,74;4886,03;
RODRIGO BEZERRA SIMOES;DIRETORIA TEC.CONC.REG.QUALID.;GERENTE;; CARGO COMISSION.S/VINCULO;4809,79;;4809,79;670,28;4139,51;
ROQUE MENDONCA DE BRITO JUNIOR;ASSESSORIA;ASSESSOR II;NAO INFORMADO; CARGO COMISSION.S/VINCULO;4809,79;;4809,79;670,28;4139,51;
ROSIMEIRE RODRIGUES DE CARVALHO;DIRETORIA ADM.FINANCEIRA;GERENTE;NAO INFORMADO; CARGO COMISSION.S/VINCULO;4809,79;;4809,79;641,84;4167,95;
ROSINETE MARIA DA SILVA;GABINETE DO DIRETOR PRESIDENTE;ASSESSOR I;NAO INFORMADO; CARGO COMISSION.S/VINCULO;5829,77;;5829,77;986,40;4843,37;
SERGIO FIGUEIREDO PIMENTA;DIRETORIA TEC.CONC.REG.QUALID.;ASSESSOR I;NAO INFORMADO; CARGO COMISSION.S/VINCULO;5829,77;;5829,77;943,74;4886,03;
SILVIA GOMES CARMIM;DEPARTAMENTO DE FINANCAS;CHEFE DE DEPARTAMENTO;; CARGO COMISSION.S/VINCULO;5829,77;;5829,77;986,40;4843,37;
SISSY VASCONCELOS CORREA L SANTOS;DIRETORIA TEC.CONC.REG.QUALID.;DIRETOR TEC.DE CONCES.REG.QUALIDADE;DIR TEC DE CONC REG; CARGO COMISSION.S/VINCULO;9600,00;;9600,00;2071,33;7528,67;
THAIS DA COSTA BATISTA MENDES;DIR.DE PROCDIMEN.E LOGISTICA;ASSESSOR II;; CARGO COMISSION.S/VINCULO;6213,05;;6213,05;1121,87;5091,18;
THAIS GIOVANA TEIXEIRA DE CASTRO;CONS.EST.REG.CONT.SERV.PUB.CON;SECRETARIO DE CONSELHO;NAO INFORMADO; CARGO COMISSION.S/VINCULO;5829,77;;5829,77;986,40;4843,37;
UILIAN CAVALCANTE RUFINO;DIRETORIA TEC.CONC.REG.QUALID.;GERENTE;NAO INFORMADO; CARGO COMISSION.S/VINCULO;4809,79;;4809,79;670,28;4139,51;
VERA LUCIA DE SA CARREIRA;DEPARTAMENTO DE LOGISTICA;ASSISTENTE TECNICO ADMINISTRATIVO A;; ESTATUTARIO;4345,46;;4345,46;334,89;4010,57;
WALDECY DE SOUZA GONCALVES;DEPARTAMENTO DE ADMINISTRACAO;A.TEC-I;; ESTATUTARIO;4521,05;;4521,05;325,88;4195,17;
WYLLIAN PINHEIRO DE SOUZA;DIRETORIA TEC.CONC.REG.QUALID.;ASSESSOR I;NAO INFORMADO; CARGO COMISSION.S/VINCULO;5829,77;;5829,77;943,74;4886,03;
