NOME;LOTACAO;CARGO;FUNCAO;VINCULO;REMUNERACAO LEGAL TOTAL(R$);DESC.TETO(R$); REMUNERACAO LEGAL DEVIDA(R$);DESCONTOS LEGAIS(R$);LIQUIDO DISPONIVEL(R$);
ALEXANDRE SILVA GOMES;GERENCIA DE ORC.E FINANCAS;ASSISTENTE ADMINISTRATIVO;; C.L.T.;2463,00;;2463,00;246,97;2216,03;
ANA MICHELE DA SILVA NOGUEIRA;DIRETORIA DE ADM.E FINANCAS;ASSESSOR ADMINISTRATIVO;; C.L.T.;2953,00;;2953,00;350,70;2602,30;
ANA PAULA CARDOSO NAZARE;CONSELHO FISCAL;MEMBRO DE CONSELHO;; CARGO COMISSION.S/VINCULO;1000,00;;1000,00;80,00;920,00;
ARCHIBAL SAUNIER D ORAN FILHO;GERENCIA DE CONTABILIDADE;GERENTE;; CARGO COMISSION.S/VINCULO;4209,79;;4209,79;670,28;3539,51;
AUREO LUCIO MACHADO DA COSTA;DIR.DE NEG.AGROP.E PESQUEIRO;MOTORISTA;; C.L.T.;1817,20;;1817,20;132,00;1685,20;
BRUNO DE SOUZA PEREIRA;DEPTO.DE ORCAMENTO E FINANCAS;ASSISTENTE ADMINISTRATIVO;; C.L.T.;2463,00;;2463,00;232,75;2230,25;
CAROLINA QUERCIA GADELHA;PROCURADORIA;ASSESSOR TECNICO;; C.L.T.;3555,00;;3555,00;510,84;3044,16;
CAROLINE SKROBOT GROSSO LINDENBERG;GABINETE DA PRESIDENCIA;CHEFE DE GABINETE;; CARGO COMISSION.S/VINCULO;7229,77;;7229,77;1584,52;5645,25;
CLEUCY VANJA GOMES MOTA;DIR.DE NEG.AGROP.E PESQUEIRO;ASSESSOR IV;; CARGO COMISSION.S/VINCULO;2179,61;;2179,61;196,16;1983,45;
DARLENE MARIA DE SOUZA REGIS;DIR.DE NEG.AGROP.E PESQUEIRO;ASSESSOR III;; CARGO COMISSION.S/VINCULO;3191,80;;3191,80;422,40;2769,40;
DIEGO AUGUSTO SIMOES RAMOS;DIR.DE NEG.AGROP.E PESQUEIRO;GERENTE;; CARGO COMISSION.S/VINCULO;4209,79;;4209,79;670,28;3539,51;
DIEGO BERNARDO CAVALCANTE;GERENCIA DE ADM.PAT.E SERVICOS;ASSESSOR IV;; CARGO COMISSION.S/VINCULO;2004,00;;2004,00;;2004,00;
DRIELY DOS SANTOS PACHECO;GERENCIA DE ORC.E FINANCAS;GERENTE;; CARGO COMISSION.S/VINCULO;4209,79;;4209,79;670,28;3539,51;
EDENILCE FARACO CALDAS;GERENCIA DE ADM.PAT.E SERVICOS;AUXILIAR DE SERVICOS GERAIS;; C.L.T.;1304,20;;1304,20;90,96;1213,24;
EDILAMAR VIEIRA DA SILVA;GERENCIA DE ADM.PAT.E SERVICOS;AUXILIAR DE SERVICOS GERAIS;; C.L.T.;1304,20;;1304,20;90,96;1213,24;
ELIELZA SOUZA CAVALCANTE;GERENCIA DE ADM.PAT.E SERVICOS;ASSESSOR IV;; CARGO COMISSION.S/VINCULO;2179,61;;2179,61;196,16;1983,45;
EMERSON RODRIGUES MOREIRA;DIR.DE NEG.AGROP.E PESQUEIRO;ASSESSOR TECNICO;; C.L.T.;3555,00;;3555,00;510,84;3044,16;
FLAVIO CORDEIRO ANTONY FILHO;PRESIDENCIA;DIRETOR PRESIDENTE;; CARGO COMISSION.S/VINCULO;11700,00;;11700,00;2709,55;8990,45;
GISELLE LIRA MILLER;GERENCIA DE CONTABILIDADE;ASSESSOR III;; CARGO COMISSION.S/VINCULO;3191,80;;3191,80;422,40;2769,40;
GLORIA RAQUEL CAVALCANTE MENDONCA;ASSESSORIA;ASSESSOR II;; CARGO COMISSION.S/VINCULO;4209,79;;4209,79;670,28;3539,51;
HEITOR RODRIGUES LIBERATO JUNIOR;DIR.DE NEG.AGROP.E PESQUEIRO;DIRETOR TECNICO;; CARGO COMISSION.S/VINCULO;9000,00;;9000,00;2071,33;6928,67;
HELIO LOBO REGO NETO;CONSELHO FISCAL;MEMBRO DE CONSELHO;; CARGO COMISSION.S/VINCULO;1000,00;;1000,00;80,00;920,00;
HELIO PARACAIMA DE MAGALHAES;DIR.DE NEG.AGROP.E PESQUEIRO;ASSESSOR TECNICO;; C.L.T.;3555,00;;3555,00;510,84;3044,16;
INES GOMES DA SILVA;GERENCIA DE RECURSOS HUMANOS;GERENTE;; CARGO COMISSION.S/VINCULO;6709,79;;6709,79;1441,52;5268,27;
JACQUELINE MARIA AZEVEDO GUARLOTE;PROCURADORIA;ASSESSOR III;; CARGO COMISSION.S/VINCULO;3191,80;;3191,80;422,40;2769,40;
JARDEL AUGUSTO ANDRADE LUZEIRO;DIR.DE NEG.AGROP.E PESQUEIRO;CHEFE DE DEPARTAMENTO;; CARGO COMISSION.S/VINCULO;7229,77;;7229,77;1584,52;5645,25;
JOAO BOSCO DOS SANTOS SEABRA;GERENCIA DE ADM.PAT.E SERVICOS;MOTORISTA;; C.L.T.;1650,00;;1650,00;132,00;1518,00;
JOAO GOMES DE SOUSA;GERENCIA DE ADM.PAT.E SERVICOS;ASSESSOR IV;; CARGO COMISSION.S/VINCULO;2179,61;;2179,61;196,16;1983,45;
JULIANO DOS SANTOS FEITOSA;ASSESSORIA;ASSESSOR III;; CARGO COMISSION.S/VINCULO;3191,80;;3191,80;422,40;2769,40;
JULIANO YUITI IKUNO OSAWA;DIR.DE NEG.AGROP.E PESQUEIRO;GERENTE;; CARGO COMISSION.S/VINCULO;4209,79;;4209,79;670,28;3539,51;
KELLYSON LUIZ REIS MOTA;DIR.DE NEG.AGROP.E PESQUEIRO;ASSESSOR TECNICO;; C.L.T.;3555,00;;3555,00;510,84;3044,16;
LIDINA DO NASCIMENTO PRAIA;GERENCIA DE ADM.PAT.E SERVICOS;ASSESSOR IV;; CARGO COMISSION.S/VINCULO;2179,61;;2179,61;196,16;1983,45;
LOURENCO SOUSA DA SILVA;PROCURADORIA;ASSESSOR II;; CARGO COMISSION.S/VINCULO;4209,79;;4209,79;670,28;3539,51;
LUANA MARIA LINS LOPES;DEPTO.DE ORCAMENTO E FINANCAS;ASSESSOR ADMINISTRATIVO;; C.L.T.;2953,00;;2953,00;379,14;2573,86;
LUCILENE PAULA DE ABREU;DEPTO.DE ORCAMENTO E FINANCAS;ASSESSOR II;; CARGO COMISSION.S/VINCULO;4950,08;;4950,08;491,91;4458,17;
LUIZ AUGUSTO DE BORBOREMA BLASCH;PROCURADORIA;PROCURADOR CHEFE;; CARGO COMISSION.S/VINCULO;5229,77;;5229,77;986,40;4243,37;
MARCO AURELIO ALCOFORADO GUERRA;GERENCIA DE ADM.PAT.E SERVICOS;ASSESSOR IV;; CARGO COMISSION.S/VINCULO;2179,61;;2179,61;196,16;1983,45;
MARIA ELIANE RAMOS FERREIRA SOUZA;DIR.DE NEG.AGROP.E PESQUEIRO;GERENTE;; CARGO COMISSION.S/VINCULO;4000,00;;4000,00;263,87;3736,13;
MARIA GORETH DOS SANTOS VIEIRA;DIRETORIA DE ADM.E FINANCAS;DIRETOR ADMINISTRATIVO E FINANCEIRO;; CARGO COMISSION.S/VINCULO;9000,00;;9000,00;1605,64;7394,36;
MARIO SERGIO DE SOUZA MOURA;DIR.DE NEG.AGROP.E PESQUEIRO;GERENTE;; CARGO COMISSION.S/VINCULO;4209,79;;4209,79;670,28;3539,51;
MARTA ARAUJO MELO PARAENSE;GERENCIA DE ORC.E FINANCAS;ASSISTENTE ADMINISTRATIVO;; C.L.T.;2463,00;;2463,00;246,97;2216,03;
PAULO RICARDO DE CARVALHO MORAES;GERENCIA DE ADM.PAT.E SERVICOS;ASSISTENTE ADMINISTRATIVO;; C.L.T.;1540,00;;1540,00;123,20;1416,80;
PEDRO LUIZ TREVISAN DE A BIONDO;DIR.DE NEG.AGROP.E PESQUEIRO;GERENTE;; CARGO COMISSION.S/VINCULO;4209,79;;4209,79;670,28;3539,51;
PEDRO PEREIRA DA COSTA CRUZ;DIR.DE NEG.AGROP.E PESQUEIRO;AUXILIAR DE SERVICOS GERAIS;; C.L.T.;1304,20;;1304,20;90,96;1213,24;
RAIMUNDO NONATO MESQUITA DE MELO;DIR.DE NEG.AGROP.E PESQUEIRO;ASSESSOR III;; CARGO COMISSION.S/VINCULO;3191,80;;3191,80;422,40;2769,40;
RAY HILTON ROCHA DE LIMA;DIR.DE NEG.AGROP.E PESQUEIRO;GERENTE;; CARGO COMISSION.S/VINCULO;4209,79;;4209,79;670,28;3539,51;
ROBSON JOSE VALENTE DO NASCIMENTO;GERENCIA DE ADM.PAT.E SERVICOS;GERENTE;; CARGO COMISSION.S/VINCULO;4209,79;;4209,79;670,28;3539,51;
ROGERIO ALEX SILVA E SILVA;DIR.DE NEG.AGROP.E PESQUEIRO;ASSESSOR I;; CARGO COMISSION.S/VINCULO;5229,77;;5229,77;986,40;4243,37;
ROSA MARIA NOGUEIRA PINTO;DEPTO.DE ORCAMENTO E FINANCAS;ASSISTENTE ADMINISTRATIVO;; C.L.T.;2463,00;;2463,00;246,97;2216,03;
SERGIO PAULO MONTEIRO LITAIFF FILHO;PROCURADORIA;ASSESSOR I;; CARGO COMISSION.S/VINCULO;8229,77;;8229,77;1859,52;6370,25;
STANLEY GOMES CARDOSO JUNIOR;ASSESSORIA;ASSESSOR II;; CARGO COMISSION.S/VINCULO;6209,79;;6209,79;1304,02;4905,77;
SUSY MARCELLA PEREIRA PENA;GERENCIA DE RECURSOS HUMANOS;ASSESSOR III;; CARGO COMISSION.S/VINCULO;3191,80;;3191,80;422,40;2769,40;
TAHUANA YREN NERY JESUS R TORQUATO;GABINETE DA PRESIDENCIA;ASSESSOR TECNICO;; C.L.T.;7355,00;;7355,00;1566,82;5788,18;
TANIS GUIMARAES DE CASTRO;DIR.DE NEG.AGROP.E PESQUEIRO;ASSESSOR I;; CARGO COMISSION.S/VINCULO;5229,77;;5229,77;986,40;4243,37;
TARCISIO FABIANO DA SILVA;DIR.DE NEG.AGROP.E PESQUEIRO;GERENTE;; CARGO COMISSION.S/VINCULO;4209,79;;4209,79;670,28;3539,51;
TOMAS IGO MUNOZ SANCHES;DIR.DE NEG.AGROP.E PESQUEIRO;CHEFE DE DEPARTAMENTO;; CARGO COMISSION.S/VINCULO;5229,77;;5229,77;986,40;4243,37;
VALERIA LIMA GUIMARAES;CONSELHO FISCAL;MEMBRO DE CONSELHO;; CARGO COMISSION.S/VINCULO;1000,00;;1000,00;80,00;920,00;
WASLLEY AGUIAR VIANA;GERENCIA DE CONTABILIDADE;ASSISTENTE ADMINISTRATIVO;; C.L.T.;2463,00;;2463,00;221,67;2241,33;
YASMIM PEREIRA NEGREIROS;ASSESSORIA;ASSISTENTE ADMINISTRATIVO;; C.L.T.;2463,00;;2463,00;246,97;2216,03;
