NOME;LOTACAO;CARGO;FUNCAO;VINCULO;REMUNERACAO LEGAL TOTAL(R$);DESC.TETO(R$); REMUNERACAO LEGAL DEVIDA(R$);DESCONTOS LEGAIS(R$);LIQUIDO DISPONIVEL(R$);
ALEXANDRE SILVA GOMES;GERENCIA DE ORC.E FINANCAS;ASSISTENTE ADMINISTRATIVO;; C.L.T.;3386,50;;3386,50;469,81;2916,69;
ANA MICHELE DA SILVA NOGUEIRA;DEPTO.DE ORCAMENTO E FINANCAS;ASSESSOR ADMINISTRATIVO;; C.L.T.;3839,00;;3839,00;523,12;3315,88;
AUREO LUCIO MACHADO DA COSTA;GERENCIA DE ADM.PAT.E SERVICOS;MOTORISTA;; C.L.T.;2312,40;;2312,40;193,06;2119,34;
AYRTON AUGUSTO FONSECA DA SILVA;GERENCIA DE ADM.PAT.E SERVICOS;ASSESSOR IV;; CARGO COMISSION.S/VINCULO;2179,61;;2179,61;196,16;1983,45;
BRUNO DE SOUZA PEREIRA;DEPTO.DE ORCAMENTO E FINANCAS;ASSISTENTE ADMINISTRATIVO;; C.L.T.;3386,50;;3386,50;441,54;2944,96;
CAROLINE SKROBOT GROSSO LINDENBERG;GABINETE DA PRESIDENCIA;CHEFE DE GABINETE;; CARGO COMISSION.S/VINCULO;7229,77;;7229,77;1584,52;5645,25;
CLEUCY VANJA GOMES MOTA;DIR.DE NEG.AGROP.E PESQUEIRO;ASSESSOR III;; CARGO COMISSION.S/VINCULO;3191,80;;3191,80;422,40;2769,40;
DARLENE MARIA DE SOUZA REGIS;DIR.DE NEG.AGROP.E PESQUEIRO;ASSESSOR III;; CARGO COMISSION.S/VINCULO;3191,80;;3191,80;422,40;2769,40;
DIEGO AUGUSTO SIMOES RAMOS;DIR.DE NEG.AGROP.E PESQUEIRO;GERENTE;; CARGO COMISSION.S/VINCULO;4209,79;;4209,79;670,28;3539,51;
DIEGO BERNARDO CAVALCANTE;GERENCIA DE ADM.PAT.E SERVICOS;ASSESSOR IV;; CARGO COMISSION.S/VINCULO;2004,00;;2004,00;;2004,00;
DORENICY FARIAS PINTO;GERENCIA DE ADM.PAT.E SERVICOS;AUXILIAR DE SERVICOS GERAIS;; C.L.T.;1402,60;;1402,60;90,96;1311,64;
DRIELY DOS SANTOS PACHECO;GERENCIA DE ORC.E FINANCAS;GERENTE;; CARGO COMISSION.S/VINCULO;4209,79;;4209,79;670,28;3539,51;
EDENILCE FARACO CALDAS;GERENCIA DE ADM.PAT.E SERVICOS;AUXILIAR DE SERVICOS GERAIS;; C.L.T.;1304,20;;1304,20;90,96;1213,24;
EDILAMAR VIEIRA DA SILVA;GERENCIA DE ADM.PAT.E SERVICOS;AUXILIAR DE SERVICOS GERAIS;; C.L.T.;1304,20;;1304,20;90,96;1213,24;
EDSON LUNIERE PORTO;DIR.DE NEG.AGROP.E PESQUEIRO;CHEFE DE DEPARTAMENTO;; CARGO COMISSION.S/VINCULO;5229,77;;5229,77;986,40;4243,37;
EMERSON RODRIGUES MOREIRA;DIR.DE NEG.AGROP.E PESQUEIRO;ASSESSOR TECNICO;; C.L.T.;3555,00;;3555,00;510,84;3044,16;
FLAVIO CORDEIRO ANTONY FILHO;PRESIDENCIA;DIRETOR PRESIDENTE;; CARGO COMISSION.S/VINCULO;32400,00;;32400,00;8402,05;23997,95;
GISELLE LIRA MILLER;GERENCIA DE CONTABILIDADE;ASSESSOR III;; CARGO COMISSION.S/VINCULO;3191,80;;3191,80;422,40;2769,40;
GLORIA RAQUEL CAVALCANTE MENDONCA;ASSESSORIA;ASSESSOR II;; CARGO COMISSION.S/VINCULO;4209,79;;4209,79;670,28;3539,51;
HELIO PARACAIMA DE MAGALHAES;DIR.DE NEG.AGROP.E PESQUEIRO;ASSESSOR TECNICO;; C.L.T.;3555,00;;3555,00;510,84;3044,16;
IAN HENDERSON CARMO RIBEIRO;PROCURADORIA;PROCURADOR CHEFE;; CARGO COMISSION.S/VINCULO;5229,77;;5229,77;986,40;4243,37;
INES GOMES DA SILVA;GERENCIA DE RECURSOS HUMANOS;GERENTE;; CARGO COMISSION.S/VINCULO;4209,79;;4209,79;670,28;3539,51;
JACQUELINE MARIA AZEVEDO GUARLOTE;PROCURADORIA;ASSESSOR III;; CARGO COMISSION.S/VINCULO;3191,80;;3191,80;422,40;2769,40;
JARDEL AUGUSTO ANDRADE LUZEIRO;DIR.DE NEG.AGROP.E PESQUEIRO;CHEFE DE DEPARTAMENTO;; CARGO COMISSION.S/VINCULO;7229,77;;7229,77;1584,52;5645,25;
JOAO BOSCO DOS SANTOS SEABRA;GERENCIA DE ADM.PAT.E SERVICOS;MOTORISTA;; C.L.T.;1650,00;;1650,00;132,00;1518,00;
JULIANE MANSUSE PACHECO GOMES;GERENCIA DE ADM.PAT.E SERVICOS;ASSESSOR III;; CARGO COMISSION.S/VINCULO;3191,80;;3191,80;422,40;2769,40;
JULIANO DOS SANTOS FEITOSA;ASSESSORIA;ASSESSOR III;; CARGO COMISSION.S/VINCULO;3191,80;;3191,80;422,40;2769,40;
JULIANO YUITI IKUNO OSAWA;DIR.DE NEG.AGROP.E PESQUEIRO;GERENTE;; CARGO COMISSION.S/VINCULO;4209,79;;4209,79;670,28;3539,51;
LEANDRO NASCIMENTO SARAIVA;ASSESSORIA;ASSESSOR III;; CARGO COMISSION.S/VINCULO;3191,80;;3191,80;422,40;2769,40;
LILIAN BONNE CALDAS LOECHLE;PROCURADORIA;ASSESSOR II;; CARGO COMISSION.S/VINCULO;4209,79;;4209,79;670,28;3539,51;
LUANA MARIA LINS LOPES;DEPTO.DE ORCAMENTO E FINANCAS;ASSESSOR ADMINISTRATIVO;; C.L.T.;4953,00;;4953,00;900,54;4052,46;
LUCILENE PAULA DE ABREU;DEPTO.DE ORCAMENTO E FINANCAS;ASSESSOR II;; CARGO COMISSION.S/VINCULO;4950,08;;4950,08;899,63;4050,45;
MARCELA TOMAZ DA LAPA MOURAO;ASSESSORIA;ASSESSOR I;; CARGO COMISSION.S/VINCULO;5229,77;;5229,77;901,09;4328,68;
MARCO AURELIO ALCOFORADO GUERRA;GERENCIA DE ADM.PAT.E SERVICOS;ASSESSOR IV;; CARGO COMISSION.S/VINCULO;2179,61;;2179,61;196,16;1983,45;
MARDEN BRYAN LIMA PERES;GERENCIA DE CONTABILIDADE;GERENTE;; CARGO COMISSION.S/VINCULO;4209,79;;4209,79;670,28;3539,51;
MARIA ELIANE RAMOS FERREIRA SOUZA;DIR.DE NEG.AGROP.E PESQUEIRO;GERENTE;; CARGO COMISSION.S/VINCULO;4000,00;;4000,00;263,87;3736,13;
MARIA GORETH DOS SANTOS VIEIRA;DIRETORIA DE ADM.E FINANCAS;DIRETOR ADMINISTRATIVO E FINANCEIRO;; CARGO COMISSION.S/VINCULO;29976,00;;29976,00;7374,04;22601,96;
MARIO SERGIO DE SOUZA MOURA;DIR.DE NEG.AGROP.E PESQUEIRO;GERENTE;; CARGO COMISSION.S/VINCULO;4209,79;;4209,79;670,28;3539,51;
MARTA ARAUJO MELO PARAENSE;GERENCIA DE ORC.E FINANCAS;ASSISTENTE ADMINISTRATIVO;; C.L.T.;3386,50;;3386,50;469,81;2916,69;
PAULO RICARDO DE CARVALHO MORAES;GERENCIA DE ADM.PAT.E SERVICOS;ASSISTENTE ADMINISTRATIVO;; C.L.T.;2002,00;;2002,00;180,18;1821,82;
PEDRO LUIZ TREVISAN DE A BIONDO;DIR.DE NEG.AGROP.E PESQUEIRO;GERENTE;; CARGO COMISSION.S/VINCULO;4209,79;;4209,79;670,28;3539,51;
RAIMUNDO NONATO MESQUITA DE MELO;DIR.DE NEG.AGROP.E PESQUEIRO;ASSESSOR IV;; CARGO COMISSION.S/VINCULO;2179,61;;2179,61;196,16;1983,45;
RAY HILTON ROCHA DE LIMA;DIR.DE NEG.AGROP.E PESQUEIRO;GERENTE;; CARGO COMISSION.S/VINCULO;4209,79;;4209,79;670,28;3539,51;
ROBERTO DE SOUZA SIMONETTI NETO;PROCURADORIA;ASSESSOR TECNICO;; C.L.T.;3555,00;;3555,00;510,84;3044,16;
ROGERIO ALEX SILVA E SILVA;DIR.DE NEG.AGROP.E PESQUEIRO;ASSESSOR I;; CARGO COMISSION.S/VINCULO;5229,77;;5229,77;986,40;4243,37;
ROSA MARIA NOGUEIRA PINTO;DEPTO.DE ORCAMENTO E FINANCAS;ASSISTENTE ADMINISTRATIVO;; C.L.T.;3017,10;;3017,10;390,47;2626,63;
ROSE MAYRE GOMES DA COSTA;ASSESSORIA;ASSESSOR IV;; CARGO COMISSION.S/VINCULO;2179,61;;2179,61;196,16;1983,45;
SERGIO PAULO MONTEIRO LITAIFF FILHO;PROCURADORIA;ASSESSOR I;; CARGO COMISSION.S/VINCULO;8229,77;;8229,77;1859,52;6370,25;
STANLEY GOMES CARDOSO JUNIOR;ASSESSORIA;ASSESSOR II;; CARGO COMISSION.S/VINCULO;6709,79;;6709,79;1441,52;5268,27;
SUSY MARCELLA PEREIRA PENA;DEPTO.DE ORCAMENTO E FINANCAS;ASSESSOR IV;; CARGO COMISSION.S/VINCULO;2179,61;;2179,61;196,16;1983,45;
TAHUANA YREN NERY JESUS R TORQUATO;GABINETE DA PRESIDENCIA;ASSESSOR TECNICO;; C.L.T.;6555,00;;6555,00;1346,82;5208,18;
TANIS GUIMARAES DE CASTRO;DIR.DE NEG.AGROP.E PESQUEIRO;ASSESSOR I;; CARGO COMISSION.S/VINCULO;5229,77;;5229,77;986,40;4243,37;
TARCISIO FABIANO DA SILVA;DIR.DE NEG.AGROP.E PESQUEIRO;GERENTE;; CARGO COMISSION.S/VINCULO;4209,79;;4209,79;670,28;3539,51;
TAYZ HELENA GUIMARAES DE M MATTOS;GERENCIA DE ADM.PAT.E SERVICOS;GERENTE;; CARGO COMISSION.S/VINCULO;4209,79;;4209,79;670,28;3539,51;
TOMAS IGO MUNOZ SANCHES;DIR.DE NEG.AGROP.E PESQUEIRO;DIRETOR TECNICO;; CARGO COMISSION.S/VINCULO;29976,00;;29976,00;7839,73;22136,27;
VANEZA DA SILVA SANTOS;DIR.DE NEG.AGROP.E PESQUEIRO;ASSESSOR TECNICO;; C.L.T.;3555,00;;3555,00;510,84;3044,16;
WASLLEY AGUIAR VIANA;GERENCIA DE CONTABILIDADE;ASSISTENTE ADMINISTRATIVO;; C.L.T.;3201,80;;3201,80;352,19;2849,61;
YASMIM PEREIRA NEGREIROS;ASSESSORIA;ASSISTENTE ADMINISTRATIVO;; C.L.T.;2463,00;;2463,00;246,97;2216,03;
