NOME;LOTACAO;CARGO;FUNCAO;VINCULO;REMUNERACAO LEGAL TOTAL(R$);DESC.TETO(R$); REMUNERACAO LEGAL DEVIDA(R$);DESCONTOS LEGAIS(R$);LIQUIDO DISPONIVEL(R$);
ALCELANIA DE SOUZA ALMEIDA FLORES;ASSESSORIA;ASSESSOR III;; CARGO COMISSION.S/VINCULO;8010,69;;8010,69;642,33;7368,36;
ALDIRA MARIA PONTES BARBOSA;DIR.DE NEG.AGROP.E PESQUEIRO;DIRETOR TECNICO;; C.L.T.;9000,00;;9000,00;642,33;8357,67;
ALEXANDRE SILVA GOMES;GERENCIA DE ORC.E FINANCAS;ASSISTENTE ADMINISTRATIVO;; C.L.T.;2463,00;;2463,00;246,97;2216,03;
ANA MICHELE DA SILVA NOGUEIRA;DIRETORIA DE ADM.E FINANCAS;ASSESSOR ADMINISTRATIVO;; C.L.T.;2953,00;;2953,00;350,70;2602,30;
ANA PAULA CARDOSO NAZARE;CONSELHO FISCAL;MEMBRO DE CONSELHO;; CARGO COMISSION.S/VINCULO;1000,00;;1000,00;80,00;920,00;
ARCHIBAL SAUNIER D ORAN FILHO;GERENCIA DE CONTABILIDADE;GERENTE;; CARGO COMISSION.S/VINCULO;4209,79;;4209,79;670,28;3539,51;
AUREO LUCIO MACHADO DA COSTA;DIR.DE NEG.AGROP.E PESQUEIRO;MOTORISTA;; C.L.T.;1817,20;;1817,20;132,00;1685,20;
BRUNO DE SOUZA PEREIRA;DEPTO.DE ORCAMENTO E FINANCAS;ASSISTENTE ADMINISTRATIVO;; C.L.T.;2463,00;;2463,00;232,75;2230,25;
CAROLINA QUERCIA GADELHA;PROCURADORIA;ASSESSOR TECNICO;; C.L.T.;3555,00;;3555,00;510,84;3044,16;
CAROLINE SKROBOT GROSSO LINDENBERG;GABINETE DA PRESIDENCIA;CHEFE DE GABINETE;; CARGO COMISSION.S/VINCULO;7229,77;;7229,77;1584,52;5645,25;
CLAUDIO DE OLIVEIRA SILVA;DEPTO.DE ORCAMENTO E FINANCAS;ASSESSOR I;; CARGO COMISSION.S/VINCULO;5623,14;;5623,14;618,54;5004,60;
CLEUCY VANJA GOMES MOTA;DIR.DE NEG.AGROP.E PESQUEIRO;ASSESSOR III;; CARGO COMISSION.S/VINCULO;5613,53;;5613,53;667,75;4945,78;
DANIEL SOARES LOPES;PROCURADORIA;ASSESSOR II;; CARGO COMISSION.S/VINCULO;3274,22;;3274,22;360,16;2914,06;
DARLENE MARIA DE SOUZA REGIS;DIR.DE NEG.AGROP.E PESQUEIRO;ASSESSOR III;; CARGO COMISSION.S/VINCULO;3901,08;;3901,08;493,51;3407,57;
DEBORAH TRAJANO CORREA;PROCURADORIA;ASSESSOR III;; CARGO COMISSION.S/VINCULO;1264,82;;1264,82;101,18;1163,64;
DIEGO AUGUSTO SIMOES RAMOS;DIR.DE NEG.AGROP.E PESQUEIRO;GERENTE;; CARGO COMISSION.S/VINCULO;6080,77;;6080,77;822,65;5258,12;
DIEGO BERNARDO CAVALCANTE;GERENCIA DE ADM.PAT.E SERVICOS;ASSESSOR IV;; CARGO COMISSION.S/VINCULO;2004,00;;2004,00;;2004,00;
DOMYLSON VICENTE OLIVEIRA MUNHOZ;DIR.DE NEG.AGROP.E PESQUEIRO;ASSESSOR II;; CARGO COMISSION.S/VINCULO;1870,98;;1870,98;168,38;1702,60;
DRIELY DOS SANTOS PACHECO;GERENCIA DE ORC.E FINANCAS;GERENTE;; CARGO COMISSION.S/VINCULO;9039,60;;9039,60;822,65;8216,95;
EDENILCE FARACO CALDAS;GERENCIA DE ADM.PAT.E SERVICOS;AUXILIAR DE SERVICOS GERAIS;; C.L.T.;1304,20;;1304,20;90,96;1213,24;
EDILAMAR VIEIRA DA SILVA;GERENCIA DE ADM.PAT.E SERVICOS;AUXILIAR DE SERVICOS GERAIS;; C.L.T.;1304,20;;1304,20;90,96;1213,24;
ELIELZA SOUZA CAVALCANTE;GERENCIA DE ADM.PAT.E SERVICOS;ASSESSOR IV;; CARGO COMISSION.S/VINCULO;2663,95;;2663,95;239,75;2424,20;
EMERSON RODRIGUES MOREIRA;DIR.DE NEG.AGROP.E PESQUEIRO;ASSESSOR TECNICO;; C.L.T.;3555,00;;3555,00;510,84;3044,16;
FABIO MORAES CASTELLO BRANCO;PROCURADORIA;PROCURADOR CHEFE;; CARGO COMISSION.S/VINCULO;1828,82;;1828,82;164,59;1664,23;
FLAVIO CORDEIRO ANTONY FILHO;PRESIDENCIA;DIRETOR PRESIDENTE;; CARGO COMISSION.S/VINCULO;11700,00;;11700,00;2709,55;8990,45;
GISELLE LIRA MILLER;GERENCIA DE CONTABILIDADE;ASSESSOR III;; CARGO COMISSION.S/VINCULO;6383,56;;6383,56;690,74;5692,82;
GLORIA RAQUEL CAVALCANTE MENDONCA;ASSESSORIA;ASSESSOR II;; CARGO COMISSION.S/VINCULO;4209,79;;4209,79;670,28;3539,51;
HEITOR RODRIGUES LIBERATO JUNIOR;DIR.DE NEG.AGROP.E PESQUEIRO;DIRETOR TECNICO;; CARGO COMISSION.S/VINCULO;11905,59;;11905,59;2071,33;9834,26;
HELIO LOBO REGO NETO;CONSELHO FISCAL;MEMBRO DE CONSELHO;; CARGO COMISSION.S/VINCULO;1000,00;;1000,00;80,00;920,00;
HELIO PARACAIMA DE MAGALHAES;DIR.DE NEG.AGROP.E PESQUEIRO;ASSESSOR TECNICO;; C.L.T.;3555,00;;3555,00;510,84;3044,16;
INES GOMES DA SILVA;GERENCIA DE RECURSOS HUMANOS;GERENTE;; CARGO COMISSION.S/VINCULO;8580,77;;8580,77;1441,52;7139,25;
JACQUELINE MARIA AZEVEDO GUARLOTE;PROCURADORIA;ASSESSOR III;; CARGO COMISSION.S/VINCULO;3901,08;;3901,08;493,51;3407,57;
JARDEL AUGUSTO ANDRADE LUZEIRO;DIR.DE NEG.AGROP.E PESQUEIRO;CHEFE DE DEPARTAMENTO;; CARGO COMISSION.S/VINCULO;10716,25;;10716,25;1584,52;9131,73;
JEFFERSON DO NASCIMENTO VERAS;DIR.DE NEG.AGROP.E PESQUEIRO;ASSESSOR I;; CARGO COMISSION.S/VINCULO;2324,32;;2324,32;54,32;2270,00;
JOAO BOSCO DOS SANTOS SEABRA;GERENCIA DE ADM.PAT.E SERVICOS;MOTORISTA;; C.L.T.;1650,00;;1650,00;132,00;1518,00;
JOAO GOMES DE SOUSA;GERENCIA DE ADM.PAT.E SERVICOS;ASSESSOR IV;; CARGO COMISSION.S/VINCULO;3517,97;;3517,97;386,97;3131,00;
JULIANO DOS SANTOS FEITOSA;ASSESSORIA;ASSESSOR III;; CARGO COMISSION.S/VINCULO;3191,80;;3191,80;422,40;2769,40;
JULIANO YUITI IKUNO OSAWA;DIR.DE NEG.AGROP.E PESQUEIRO;GERENTE;; CARGO COMISSION.S/VINCULO;7046,91;;7046,91;822,65;6224,26;
KELLYSON LUIZ REIS MOTA;DIR.DE NEG.AGROP.E PESQUEIRO;ASSESSOR TECNICO;; C.L.T.;3555,00;;3555,00;510,84;3044,16;
LEANDRO NASCIMENTO SARAIVA;ASSESSORIA;ASSESSOR III;; CARGO COMISSION.S/VINCULO;3191,80;;3191,80;422,40;2769,40;
LIDINA DO NASCIMENTO PRAIA;GERENCIA DE ADM.PAT.E SERVICOS;ASSESSOR IV;; CARGO COMISSION.S/VINCULO;2663,95;;2663,95;239,75;2424,20;
LOURENCO SOUSA DA SILVA;PROCURADORIA;ASSESSOR II;; CARGO COMISSION.S/VINCULO;8673,29;;8673,29;822,65;7850,64;
LUANA MARIA LINS LOPES;DEPTO.DE ORCAMENTO E FINANCAS;ASSESSOR ADMINISTRATIVO;; C.L.T.;2953,00;;2953,00;379,14;2573,86;
LUCILENE PAULA DE ABREU;DEPTO.DE ORCAMENTO E FINANCAS;ASSESSOR II;; CARGO COMISSION.S/VINCULO;14900,12;;14900,12;975,44;13924,68;
LUIZ AUGUSTO DE BORBOREMA BLASCH;PROCURADORIA;PROCURADOR CHEFE;; CARGO COMISSION.S/VINCULO;5229,77;;5229,77;986,40;4243,37;
MARCO AURELIO ALCOFORADO GUERRA;GERENCIA DE ADM.PAT.E SERVICOS;ASSESSOR IV;; CARGO COMISSION.S/VINCULO;3874,82;;3874,82;426,23;3448,59;
MARIA ELIANE RAMOS FERREIRA SOUZA;DIR.DE NEG.AGROP.E PESQUEIRO;GERENTE;; CARGO COMISSION.S/VINCULO;4000,00;;4000,00;263,87;3736,13;
MARIA GORETH DOS SANTOS VIEIRA;DIRETORIA DE ADM.E FINANCAS;DIRETOR ADMINISTRATIVO E FINANCEIRO;; CARGO COMISSION.S/VINCULO;9000,00;;9000,00;1605,64;7394,36;
MARIO SERGIO DE SOUZA MOURA;DIR.DE NEG.AGROP.E PESQUEIRO;GERENTE;; CARGO COMISSION.S/VINCULO;4209,79;;4209,79;670,28;3539,51;
MARTA ARAUJO MELO PARAENSE;GERENCIA DE ORC.E FINANCAS;ASSISTENTE ADMINISTRATIVO;; C.L.T.;2463,00;;2463,00;246,97;2216,03;
PAULO RICARDO DE CARVALHO MORAES;GERENCIA DE ADM.PAT.E SERVICOS;ASSISTENTE ADMINISTRATIVO;; C.L.T.;1540,00;;1540,00;123,20;1416,80;
PEDRO LUIZ TREVISAN DE A BIONDO;DIR.DE NEG.AGROP.E PESQUEIRO;GERENTE;; CARGO COMISSION.S/VINCULO;8419,51;;8419,51;822,65;7596,86;
PEDRO PEREIRA DA COSTA CRUZ;DIR.DE NEG.AGROP.E PESQUEIRO;AUXILIAR DE SERVICOS GERAIS;; C.L.T.;1304,20;;1304,20;90,96;1213,24;
RAIMUNDO NONATO MESQUITA DE MELO;DIR.DE NEG.AGROP.E PESQUEIRO;ASSESSOR IV;; CARGO COMISSION.S/VINCULO;2179,61;;2179,61;196,16;1983,45;
RAY HILTON ROCHA DE LIMA;DIR.DE NEG.AGROP.E PESQUEIRO;GERENTE;; CARGO COMISSION.S/VINCULO;6548,52;;6548,52;822,65;5725,87;
ROBSON JOSE VALENTE DO NASCIMENTO;GERENCIA DE ADM.PAT.E SERVICOS;GERENTE;; CARGO COMISSION.S/VINCULO;6080,77;;6080,77;822,65;5258,12;
ROGERIO ALEX SILVA E SILVA;DIR.DE NEG.AGROP.E PESQUEIRO;ASSESSOR I;; CARGO COMISSION.S/VINCULO;7568,50;;7568,50;1038,37;6530,13;
ROSA MARIA NOGUEIRA PINTO;DEPTO.DE ORCAMENTO E FINANCAS;ASSISTENTE ADMINISTRATIVO;; C.L.T.;2463,00;;2463,00;246,97;2216,03;
SERGIO PAULO MONTEIRO LITAIFF FILHO;PROCURADORIA;ASSESSOR I;; CARGO COMISSION.S/VINCULO;8229,77;;8229,77;1859,52;6370,25;
STANLEY GOMES CARDOSO JUNIOR;ASSESSORIA;ASSESSOR II;; CARGO COMISSION.S/VINCULO;6209,79;;6209,79;1304,02;4905,77;
SUSY MARCELLA PEREIRA PENA;GERENCIA DE RECURSOS HUMANOS;ASSESSOR III;; CARGO COMISSION.S/VINCULO;3191,80;;3191,80;422,40;2769,40;
TAFFAREL EDGAR FRANCA DO NASCIMENTO;ASSESSORIA;ASSESSOR III;; CARGO COMISSION.S/VINCULO;2482,48;;2482,48;223,42;2259,06;
TAHUANA YREN NERY JESUS R TORQUATO;GABINETE DA PRESIDENCIA;ASSESSOR TECNICO;; C.L.T.;6555,00;;6555,00;1346,82;5208,18;
TANIS GUIMARAES DE CASTRO;DIR.DE NEG.AGROP.E PESQUEIRO;ASSESSOR I;; CARGO COMISSION.S/VINCULO;5810,85;;5810,85;1035,94;4774,91;
TARCISIO FABIANO DA SILVA;DIR.DE NEG.AGROP.E PESQUEIRO;GERENTE;; CARGO COMISSION.S/VINCULO;6548,52;;6548,52;822,65;5725,87;
TOMAS IGO MUNOZ SANCHES;DIR.DE NEG.AGROP.E PESQUEIRO;CHEFE DE DEPARTAMENTO;; CARGO COMISSION.S/VINCULO;6165,26;;6165,26;1038,37;5126,89;
TULIO CACERES KNIPHOFF;PRESIDENCIA;DIRETOR PRESIDENTE;; C.L.T.;11700,00;;11700,00;642,33;11057,67;
VALERIA LIMA GUIMARAES;CONSELHO FISCAL;MEMBRO DE CONSELHO;; CARGO COMISSION.S/VINCULO;1000,00;;1000,00;80,00;920,00;
VANUZA BARRONCAS VIANA;ASSESSORIA;ASSESSOR II;; CARGO COMISSION.S/VINCULO;3711,82;;3711,82;408,30;3303,52;
WASLLEY AGUIAR VIANA;GERENCIA DE CONTABILIDADE;ASSISTENTE ADMINISTRATIVO;; C.L.T.;2463,00;;2463,00;221,67;2241,33;
YASMIM PEREIRA NEGREIROS;ASSESSORIA;ASSISTENTE ADMINISTRATIVO;; C.L.T.;2463,00;;2463,00;246,97;2216,03;
