NOME;LOTACAO;CARGO;FUNCAO;VINCULO;REMUNERACAO LEGAL TOTAL(R$);DESC.TETO(R$); REMUNERACAO LEGAL DEVIDA(R$);DESCONTOS LEGAIS(R$);LIQUIDO DISPONIVEL(R$);
ADEILDO COSTA FARIAS;DIOPE-DIVISAO OPERACIONAL;AGENTE AQUAVIARIO IV;; ESTATUTARIO;1486,20;;1486,20;152,07;1334,13;
ADONIS BRASIL;ITACOATIARA;AGENTE PORTUARIO II;AG.PORTUARIO II; ESTATUTARIO;1349,42;;1349,42;148,44;1200,98;
ADRIANA MOREIRA DA SILVA GUSMAO;ASPRE-ASSESSOR.DA PRESIDENCIA;ASSESSOR I;NAO INFORMADO; CARGO COMISSION.S/VINCULO;5229,77;;5229,77;986,40;4243,37;
AFRANIO SANTOS DA SILVA;DIOPE-DIVISAO OPERACIONAL;AGENTE AQUAVIARIO III;; ESTATUTARIO;3057,11;;3057,11;219,00;2838,11;
ALDEMIR LIMA DE SOUSA;DIOPE-DIVISAO OPERACIONAL;AGENTE AQUAVIARIO II;; ESTATUTARIO;2554,96;;2554,96;278,73;2276,23;
ALDER JOSE SIMOES DE ALBUQUERQUE;ASPRE-ASSESSOR.DA PRESIDENCIA;AGENTE PORTUARIO III;; ESTATUTARIO;1849,62;;1849,62;98,96;1750,66;
ANTONIO CARLOS VASCONCELOS DA COSTA;DIOPE-DIVISAO OPERACIONAL;AGENTE AQUAVIARIO III;; ESTATUTARIO;4537,48;;4537,48;394,34;4143,14;
AUGUSTO FLAVIO SANTOS DE ANDRADE;PROCURADORIA JURIDICA;PROCURADOR CHEFE AD-1;NAO INFORMADO; CARGO COMISSION.S/VINCULO;5229,77;;5229,77;901,09;4328,68;
BASILEU FERREIRA DA SILVA;DIOPE-DIVISAO OPERACIONAL;AGENTE AQUAVIARIO IV;; ESTATUTARIO;1486,20;;1486,20;152,07;1334,13;
BREYTNER PEREIRA TELLES;TABATINGA;AGENTE PORTUARIO III;AGENTE PORT III; ESTATUTARIO;998,00;;998,00;109,78;888,22;
CARLOS FABIO SOUZA DE JESUS;DIOPE-DIVISAO OPERACIONAL;AGENTE AQUAVIARIO IV;; ESTATUTARIO;2436,20;;2436,20;152,07;2284,13;
CARLOS FERNANDO SAMPAIO DE OLIVEIRA;ASCOF-ASS.DE CONTAB.E FINANCAS;AGENTE PORTUARIO II;AGENTE PORTUARIO II; ESTATUTARIO;4155,42;;4155,42;371,22;3784,20;
CARLOS JORGE SOZINHO FAUSTO;DIOPE-DIVISAO OPERACIONAL;AGENTE AQUAVIARIO IV;AGENTE AQUAVIARIO IV; ESTATUTARIO;2436,20;;2436,20;167,89;2268,31;
CELIO DA SILVA LIMA;DIOPE-DIVISAO OPERACIONAL;AGENTE AQUAVIARIO III;; ESTATUTARIO;2107,11;;2107,11;219,00;1888,11;
CLENILDO FREITAS DE FIGUEIREDO;DIOPE-DIVISAO OPERACIONAL;AGENTE AQUAVIARIO IV;; ESTATUTARIO;1486,20;;1486,20;152,07;1334,13;
CLESON PAES ARAUJO;DIOPE-DIVISAO OPERACIONAL;AGENTE PORTUARIO III;AG PORTUARIO III; ESTATUTARIO;3705,62;;3705,62;228,28;3477,34;
DELSON WAUGHAN DE SOUSA;DIOPE-DIVISAO OPERACIONAL;AGENTE AQUAVIARIO III;AG AQUAVIRIO III; ESTATUTARIO;2592,11;;2592,11;238,02;2354,09;
DENILSON MACIEL RIBEIRO;COARI;AGENTE PORTUARIO III;AG.PORTUARIO III; ESTATUTARIO;998,00;;998,00;109,78;888,22;
EDSON COELHO PERES;DIOPE-DIVISAO OPERACIONAL;AGENTE AQUAVIARIO IV;AG.AQUAVIARIO IV; ESTATUTARIO;2211,20;;2211,20;152,07;2059,13;
EDSON SILVA SOUZA;DIOPE-DIVISAO OPERACIONAL;AGENTE AQUAVIARIO IV;AG AQUAVIARIO IV; ESTATUTARIO;1806,20;;1806,20;152,07;1654,13;
ELI CARLOS BORGES DE OLIVEIRA;TABATINGA;AGENTE PORTUARIO III;AG.PORTUARIO III; ESTATUTARIO;998,00;;998,00;109,78;888,22;
ELISEU BARBOSA MACIEL;ASCOF-ASS.DE CONTAB.E FINANCAS;AGENTE PORTUARIO III;AG PORTUARIO III; ESTATUTARIO;3105,62;;3105,62;195,16;2910,46;
ELSON LIMA PACHECO;DIOPE-DIVISAO OPERACIONAL;AGENTE AQUAVIARIO IV;; ESTATUTARIO;1486,20;;1486,20;152,07;1334,13;
EMMANUEL ADONES DAS N NASCIMENTO;DIOPE-DIVISAO OPERACIONAL;AGENTE AQUAVIARIO IV;; ESTATUTARIO;2436,20;;2436,20;167,89;2268,31;
ERIANE DE OLIVEIRA NASCIMENTO;DIPAL-DIV.PATRIM.ALMOXARIFADO;AGENTE PORTUARIO II;AGENTE PORT II; ESTATUTARIO;4155,42;;4155,42;413,88;3741,54;
ERIVAN CRUZ DE ASSUNCAO;DIOPE-DIVISAO OPERACIONAL;AGENTE AQUAVIARIO IV;; ESTATUTARIO;1486,20;;1486,20;152,07;1334,13;
FABIOLA DA SILVA ROTHEN;ASADM-ASSESSORIA ADMINISTRACAO;AGENTE PORTUARIO II;AGENTE PORTUARIO II; ESTATUTARIO;4155,42;;4155,42;413,88;3741,54;
FERNANDO DE SOUZA ANDRADE;DIOPE-DIVISAO OPERACIONAL;MARINHEIRO FLUVIAL DE CONVES;; ESTATUTARIO;1872,88;;1872,88;171,26;1701,62;
FRANCISCO CARLOS MARTINS RIBEIRO;DEAFI-DEPTO.DE ADM.E FINANCAS;AGENTE PORTUARIO III;; ESTATUTARIO;3705,62;;3705,62;141,34;3564,28;
FRANCISCO OSCAR OLIVEIRA DA SILVA;DIOPE-DIVISAO OPERACIONAL;AGENTE AQUAVIARIO II;; ESTATUTARIO;5360,96;;5360,96;680,62;4680,34;
FRANSOAISE TORRES LIMA;ASADM-ASSESSORIA ADMINISTRACAO;AGENTE PORTUARIO III;AG.PORTUARIO III; ESTATUTARIO;3105,62;;3105,62;195,16;2910,46;
GENIVAL DOS SANTOS BRASIL;DIOPE-DIVISAO OPERACIONAL;AGENTE AQUAVIARIO IV;AG AQUAVIARIO IV; ESTATUTARIO;1486,20;;1486,20;152,07;1334,13;
GERALDO DA COSTA SOUZA;PESSOAL PROCESSO APOSENTADORIA;AGENTE AQUAVIARIO III;AG AQUAVIARIO III; ESTATUTARIO;2107,11;;2107,11;219,00;1888,11;
GILBERTO MENDES DE LIMA;DIOPE-DIVISAO OPERACIONAL;AGENTE AQUAVIARIO IV;AG AQUAVIARIO IV; ESTATUTARIO;2436,20;;2436,20;152,07;2284,13;
GILSON DA COSTA AMARAL;DIOPE-DIVISAO OPERACIONAL;AGENTE AQUAVIARIO IV;AG AQUAVIARIO IV; ESTATUTARIO;2436,20;;2436,20;167,89;2268,31;
GLEICY LIRA FERREIRA;PROCURADORIA JURIDICA;AGENTE PORTUARIO II;AGENTE PORTUARIO II; ESTATUTARIO;3159,42;;3159,42;245,29;2914,13;
HELCIO OLIVEIRA DE LIMA;DIOPE-DIVISAO OPERACIONAL;AGENTE PORTUARIO II;AG PORTUARIO II; ESTATUTARIO;2299,42;;2299,42;148,44;2150,98;
HENRIQUE DA SILVA CABRAL;PARINTINS;AGENTE PORTUARIO III;AG.PORTUARIO III; ESTATUTARIO;998,00;;998,00;109,78;888,22;
HENRY CHALLU PINHEIRO MOTA;DIOPE-DIVISAO OPERACIONAL;AGENTE PORTUARIO III;AG.PORTUARIO III; ESTATUTARIO;3105,62;;3105,62;153,22;2952,40;
HINDEMBURGO OLIVEIRA E SILVA FILHO;DIOPE-DIVISAO OPERACIONAL;MOTORISTA FLUVIAL;; ESTATUTARIO;4357,27;;4357,27;388,20;3969,07;
IDERLAN VALE RODRIGUES;DEAFI-DEPTO.DE ADM.E FINANCAS;CHEFE DE DEPARTAMENTO;NAO INFORMADO; CARGO COMISSION.S/VINCULO;5229,77;;5229,77;901,09;4328,68;
JACKSON CARLOS BARROSO BELCHIOR;DEAFI-DEPTO.DE ADM.E FINANCAS;AGENTE PORTUARIO I;AGENTE PORTUARIO I; ESTATUTARIO;5279,94;;5279,94;677,44;4602,50;
JAIME MONTEFUSCO DA SILVA;DIOPE-DIVISAO OPERACIONAL;AGENTE AQUAVIARIO III;; ESTATUTARIO;2107,11;;2107,11;219,00;1888,11;
JANDER DE OLIVEIRA REIS;PARINTINS;AGENTE PORTUARIO II;AG.PORTUARIO II; ESTATUTARIO;1349,42;;1349,42;148,44;1200,98;
JOAO BATISTA DO NASCIMENTO PLACIDO;DIOPE-DIVISAO OPERACIONAL;MARINHEIRO FLUVIAL DE MAQUINA;; ESTATUTARIO;2705,03;;2705,03;185,67;2519,36;
JOAO CARLOS FERNANDES;DIOPE-DIVISAO OPERACIONAL;AGENTE AQUAVIARIO IV;; ESTATUTARIO;2948,27;;2948,27;163,64;2784,63;
JORGE DE ALMEIDA BARROSO;PRESI - PRESIDENCIA;DIRETOR PRESIDENTE;NAO INFORMADO; CARGO COMISSION.S/VINCULO;25254,00;;25254,00;6436,90;18817,10;
JOSÉ CARLOS BRAGA BASTOS J NIOR;ASCOF-ASS.DE CONTAB.E FINANCAS;ASSESSOR I;NAO INFORMADO; CARGO COMISSION.S/VINCULO;5229,77;;5229,77;986,40;4243,37;
JOSE ADILSON FALCAO SARAIVA;DIOPE-DIVISAO OPERACIONAL;AGENTE AQUAVIARIO IV;AGENTE AQUAVIARIO IV; ESTATUTARIO;2436,20;;2436,20;152,07;2284,13;
JOSE ALVES CAVALCANTE FILHO;DIPAL-DIV.PATRIM.ALMOXARIFADO;AGENTE PORTUARIO III;; ESTATUTARIO;2709,62;;2709,62;137,74;2571,88;
JOSE BENEDITO MAIA PRIMO;DIOPE-DIVISAO OPERACIONAL;AGENTE AQUAVIARIO IV;AG AQUAVIAIRO IV; ESTATUTARIO;2436,20;;2436,20;167,89;2268,31;
JOSE DE CASTRO MOURA;DIOPE-DIVISAO OPERACIONAL;AGENTE AQUAVIARIO II;AG AQUAVIARIO II; ESTATUTARIO;2554,96;;2554,96;268,26;2286,70;
JUSCELINO DA COSTA SILVA;DIOPE-DIVISAO OPERACIONAL;AGENTE PORTUARIO II;AGENTE PORTUARIO II; ESTATUTARIO;4155,42;;4155,42;309,37;3846,05;
MADSON LUIZ GOMES MARINHO;DIOPE-DIVISAO OPERACIONAL;AGENTE AQUAVIARIO IV;AG AQUAVIARIO IV; ESTATUTARIO;1971,20;;1971,20;152,07;1819,13;
MARCIA HITOTUZI HIRAMATSU;DEAFI-DEPTO.DE ADM.E FINANCAS;AGENTE PORTUARIO I;AGENTE PORTUARIO I; ESTATUTARIO;5279,94;;5279,94;779,92;4500,02;
MARCIO NEY VIEIRA BRANDAO;COARI;AGENTE PORTUARIO II;AG.PORTUARIO II; ESTATUTARIO;1349,42;;1349,42;148,44;1200,98;
NIVALDO COSTA DE OLIVEIRA;DIOPE-DIVISAO OPERACIONAL;AGENTE AQUAVIARIO III;AG AQUAVIARIO III; ESTATUTARIO;3057,11;;3057,11;272,90;2784,21;
ORNEY BENTES BARROS;DIOPE-DIVISAO OPERACIONAL;AGENTE AQUAVIARIO IV;AG AQUAVIARIO IV; ESTATUTARIO;1971,20;;1971,20;152,07;1819,13;
OSEAS MENDONCA DOS SANTOS;DIOPE-DIVISAO OPERACIONAL;AGENTE AQUAVIARIO IV;AG AQUAVIARIO IV; ESTATUTARIO;1486,20;;1486,20;;1486,20;
PATRICK FRANCOIS RIBEIRO MOREIRA;DIOPE-DIVISAO OPERACIONAL;AGENTE AQUAVIARIO III;AG AQUAVIARIO III; ESTATUTARIO;4336,15;;4336,15;460,75;3875,40;
PAULO MOISES SANTOS DA SILVA;DIOPE-DIVISAO OPERACIONAL;AGENTE AQUAVIARIO III;AG AQUAVIARIO III; ESTATUTARIO;2107,11;;2107,11;219,00;1888,11;
PEDRO SANTOS DA SILVA;DIOPE-DIVISAO OPERACIONAL;COMANDANTE FLUVIAL;; ESTATUTARIO;3772,31;;3772,31;363,33;3408,98;
RAIMUNDO ALDECY DE SOUZA;DIOPE-DIVISAO OPERACIONAL;MARINHEIRO FLUVIAL DE CONVES;; ESTATUTARIO;2868,88;;2868,88;208,74;2660,14;
RAIMUNDO CORREIA DA SILVA;DIOPE-DIVISAO OPERACIONAL;MARINHEIRO FLUVIAL DE CONVES;; ESTATUTARIO;2787,23;;2787,23;204,43;2582,80;
RAIMUNDO JAIRO DOS SANTOS ALVES;DIOPE-DIVISAO OPERACIONAL;AGENTE AQUAVIARIO IV;AGENTE AQUAVIARIO IV; ESTATUTARIO;3248,27;;3248,27;186,14;3062,13;
RAIMUNDO JOSE LUCENA BARROS;DIOPE-DIVISAO OPERACIONAL;AGENTE AQUAVIARIO II;AG AQUAVIARIO II; ESTATUTARIO;2554,96;;2554,96;268,26;2286,70;
RAIMUNDO MOTA PEDROSA;PESSOAL PROCESSO APOSENTADORIA;AGENTE AQUAVIARIO III;AG AQUAVIARIO III; ESTATUTARIO;2107,11;;2107,11;219,00;1888,11;
RAIMUNDO NAZARENO DE LIMA;DIOPE-DIVISAO OPERACIONAL;AGENTE AQUAVIARIO III;AG AQUAVIARIO III; ESTATUTARIO;2107,11;;2107,11;219,00;1888,11;
RAIMUNDO NONATO DE LIMA;DIOPE-DIVISAO OPERACIONAL;AGENTE PORTUARIO III;AGENTE PORTUARIO III; ESTATUTARIO;3105,62;;3105,62;167,44;2938,18;
RAIMUNDO NONATO DE SOUZA;DIOPE-DIVISAO OPERACIONAL;MARINHEIRO FLUVIAL DE MAQUINA;; ESTATUTARIO;1764,14;;1764,14;159,29;1604,85;
RAIMUNDO TEIXEIRA FILHO;PARINTINS;AGENTE PORTUARIO III;AG.PORTUARIO III; ESTATUTARIO;998,00;;998,00;109,78;888,22;
RAPHAEL DOS SANTOS MARINHO;DIRETORIA ADMNINST-FINANCEIRO;DIRETOR ADMINISTRATIVO E FINANCEIRO;NAO INFORMADO; CARGO COMISSION.S/VINCULO;22728,60;;22728,60;5794,56;16934,04;
ROBERCI BENTES DE ARAUJO;DIOPE-DIVISAO OPERACIONAL;AGENTE AQUAVIARIO IV;AG AQUAVIARIO IV; ESTATUTARIO;1806,20;;1806,20;152,07;1654,13;
ROBERTO NONATO DA SILVA;DIOPE-DIVISAO OPERACIONAL;AGENTE AQUAVIARIO III;AG AQUAVIARIO III; ESTATUTARIO;2107,11;;2107,11;219,00;1888,11;
RUBENS DACIO FALCAO;TABATINGA;AGENTE PORTUARIO III;AG.PORTUARIO III; ESTATUTARIO;1330,67;;1330,67;109,78;1220,89;
SEBASTIAO CESAR SOUSA DE SA;DIOPE-DIVISAO OPERACIONAL;AGENTE AQUAVIARIO II;; ESTATUTARIO;3504,96;;3504,96;362,49;3142,47;
SELEZIO SERGIO SARAYVA MATOS;DIOPE-DIVISAO OPERACIONAL;AGENTE AQUAVIARIO III;; ESTATUTARIO;2107,11;;2107,11;219,00;1888,11;
TACIANO SAMPAIO FILHO;DIOPE-DIVISAO OPERACIONAL;AGENTE AQUAVIARIO IV;; ESTATUTARIO;1486,20;;1486,20;152,07;1334,13;
THIAGO COLARES DA SILVA FILHO;DIOPE-DIVISAO OPERACIONAL;AGENTE AQUAVIARIO IV;; ESTATUTARIO;1486,20;;1486,20;152,07;1334,13;
THIAGO FARIAS SOUZA;ASADM-ASSESSORIA ADMINISTRACAO;AGENTE PORTUARIO III;; ESTATUTARIO;3105,62;;3105,62;195,16;2910,46;
VALDEMIR OLIVEIRA DE MENDONÇA;ASPRE-ASSESSOR.DA PRESIDENCIA;ASSESSOR I;NAO INFORMADO; CARGO COMISSION.S/VINCULO;5229,77;;5229,77;943,74;4286,03;
VALDENOR GUIMARAES DA SILVA;DIOPE-DIVISAO OPERACIONAL;AGENTE AQUAVIARIO IV;; ESTATUTARIO;2436,20;;2436,20;167,89;2268,31;
VALPERCIR CANDIDO DA SILVA;DIOPE-DIVISAO OPERACIONAL;AGENTE AQUAVIARIO III;; ESTATUTARIO;2107,11;;2107,11;219,00;1888,11;
WALDIR MARTINS DE OLIVEIRA;DIOPE-DIVISAO OPERACIONAL;MARINHEIRO FLUVIAL DE CONVES;; ESTATUTARIO;3095,02;;3095,02;162,97;2932,05;
WALFRIDO DE OLIVEIRA SILVA NETO;DIOPE-DIVISAO OPERACIONAL;AGENTE PORTUARIO I;AGENTE PORTUARIO I; ESTATUTARIO;5279,94;;5279,94;727,78;4552,16;
WASHINGTON LUIZ DO NASCIMENTO;DIOPE-DIVISAO OPERACIONAL;AGENTE AQUAVIARIO IV;; ESTATUTARIO;1486,20;;1486,20;152,07;1334,13;
WELISSON MORIZ CORREA;ASADM-ASSESSORIA ADMINISTRACAO;AGENTE PORTUARIO II;AG.PORTUARIO II; ESTATUTARIO;4155,42;;4155,42;309,37;3846,05;
WILLIAM PEIXOTO DE AQUINO;DIOPE-DIVISAO OPERACIONAL;AGENTE PORTUARIO II;AG.PORTUARIO II; ESTATUTARIO;3555,42;;3555,42;304,69;3250,73;
