NOME;LOTACAO;CARGO;FUNCAO;VINCULO;REMUNERACAO LEGAL TOTAL(R$);DESC.TETO(R$); REMUNERACAO LEGAL DEVIDA(R$);DESCONTOS LEGAIS(R$);LIQUIDO DISPONIVEL(R$);
ADALTO GUILHERME XAVIER GIL;DEPTO.COM.SOC.,MARK.E PUBLIC.;ASSESSOR I;NAO INFORMADO; CARGO COMISSION.S/VINCULO;5229,77;;5229,77;986,40;4243,37;
ALFREDO FERNANDES TORRES;DEPTO.COM.SOC.,MARK.E PUBLIC.;TNS-II;ASS.DEP.DE.COM.FG-3; ESTATUTARIO;5487,34;;5487,34;831,45;4655,89;
AMANDA CRISTINA OLIVEIRA M FLORES;DEPTO.DE ADMINIST.E FINANCAS;CHEFE DE DEPARTAMENTO;NAO INFORMADO; CARGO COMISSION.S/VINCULO;5229,77;;5229,77;901,09;4328,68;
ANA LILIAM BRAZ ROSOS;DEPTO.COM.SOC.,MARK.E PUBLIC.;ASSESSOR I;; CARGO COMISSION.S/VINCULO;5229,77;;5229,77;943,74;4286,03;
ANA PAULA TELES COSTA;DEPTO.DE ADMINIST.E FINANCAS;GERENTE;NAO INFORMADO; CARGO COMISSION.S/VINCULO;4209,79;;4209,79;670,28;3539,51;
ANDRESSA MORAES DA COSTA;DEPTO.COM.SOC.,MARK.E PUBLIC.;CHEFE DE GABINETE;NAO INFORMADO; CARGO COMISSION.S/VINCULO;5229,77;;5229,77;901,09;4328,68;
ANTONIO MARTINS GONCALVES CARVALHO;DEPTO.DE ADMINIST.E FINANCAS;A.TEC-II;ASS DEP ADM FG-2; ESTATUTARIO;5860,82;;5860,82;818,67;5042,15;
ANTONIO RODRIGO SANTOS DA SILVA;DEPTO.COM.SOC.,MARK.E PUBLIC.;ASSESSOR II;; CARGO COMISSION.S/VINCULO;4209,79;;4209,79;670,28;3539,51;
ARTUR CESAR CUNHA DOS SANTOS JUNIOR;DEPTO.COM.SOC.,MARK.E PUBLIC.;CHEFE DE DEPARTAMENTO;NAO INFORMADO; CARGO COMISSION.S/VINCULO;5229,77;;5229,77;986,40;4243,37;
BRUNO JOSÉ ZANARDO DONATO;DEPTO.COM.SOC.,MARK.E PUBLIC.;ASSESSOR I;NAO INFORMADO; CARGO COMISSION.S/VINCULO;5229,77;;5229,77;943,74;4286,03;
CARLA FERREIRA MENDES;DEPTO.DE ADMINIST.E FINANCAS;ASSESSOR I;NAO INFORMADO; CARGO COMISSION.S/VINCULO;5229,77;;5229,77;986,40;4243,37;
CHRYSTIANNE BRAGA SILVA;DEPTO.COM.SOC.,MARK.E PUBLIC.;ASSESSOR II;NAO INFORMADO; CARGO COMISSION.S/VINCULO;4209,79;;4209,79;670,28;3539,51;
CLAIR FERREIRA DA SILVA;DEPTO.COM.SOC.,MARK.E PUBLIC.;TNS-I;CHEF.SET.DOCUM.FG-1; ESTATUTARIO;7162,13;;7162,13;1362,89;5799,24;
CRISTIANE MOTA DE CARVALHO;DEPTO.COM.SOC.,MARK.E PUBLIC.;SECRETARIO EXECUTIVO;NAO INFORMADO; CARGO COMISSION.S/VINCULO;25254,00;;25254,00;6541,18;18712,82;
DANIELA LEMOS ASSAYAG;DEPTO.COM.SOC.,MARK.E PUBLIC.;SECRETARIO DE ESTADO;NAO INFORMADO; CARGO COMISSION.S/VINCULO;28060,00;;28060,00;7208,55;20851,45;
EDER DA SILVA MELO FILHO;DEPTO.COM.SOC.,MARK.E PUBLIC.;ASSESSOR I;NAO INFORMADO; CARGO COMISSION.S/VINCULO;5229,77;;5229,77;986,40;4243,37;
EDNEY DA SILVA QUEIROZ;DEPTO.DE ADMINIST.E FINANCAS;ASSESSOR I;NAO INFORMADO; CARGO COMISSION.S/VINCULO;5229,77;;5229,77;901,09;4328,68;
ELIANA GUEDES SOARES BRAGA;DEPTO.DE ADMINIST.E FINANCAS;ASSISTENTE TECNICO GOVERNAMENTAL;ASSESOR-GAB-FG1; ESTATUTARIO;5986,28;;5986,28;885,24;5101,04;
EMIDIO MARTINS DOS ANJOS;DEPTO.DE ADMINIST.E FINANCAS;MOTORISTA A;ASS.SET.TRANSP-FG-3; ESTATUTARIO;4826,44;;4826,44;577,54;4248,90;
EMILLY CRUZ GUIMARAES;DEPTO.COM.SOC.,MARK.E PUBLIC.;ASSESSOR I;NAO INFORMADO; CARGO COMISSION.S/VINCULO;5229,77;;5229,77;986,40;4243,37;
ERNANDO DE MENEZES BATISTA;DEPTO.COM.SOC.,MARK.E PUBLIC.;ASSESSOR II;ASSESSOR II AD-2; CARGO COMISSION.S/VINCULO;5613,05;;5613,05;1121,87;4491,18;
FABIANO MATOS DE OLIVEIRA;DEPTO.DE ADMINIST.E FINANCAS;GERENTE;GERENTE AD2; CARGO COMISSION.S/VINCULO;4209,79;;4209,79;584,96;3624,83;
FABIOLA RIBEIRO MADURO;DEPTO.DE ADMINIST.E FINANCAS;ASSESSOR II;NAO INFORMADO; CARGO COMISSION.S/VINCULO;4209,79;;4209,79;670,28;3539,51;
FLAÍZE VIANA DE SOUZA;DEPTO.COM.SOC.,MARK.E PUBLIC.;ASSESSOR II;NAO INFORMADO; CARGO COMISSION.S/VINCULO;4209,79;;4209,79;670,28;3539,51;
FRANCISCA DE MELO CAVALCANTE VALE;DEPTO.COM.SOC.,MARK.E PUBLIC.;TNS-I;TEC.COM.SOC.GOV; ESTATUTARIO;3212,90;;3212,90;427,54;2785,36;
FRANCISCA SILENE TENORIO C AZEVEDO;DEPTO.DE ADMINIST.E FINANCAS;ASSISTENTE TECNICO GOVERNAMENTAL;CHEFE.REC.HUMANO.FG1; ESTATUTARIO;6035,41;;6035,41;850,54;5184,87;
FRANCISCO EDSON DE AQUINO RODRIGUES;DEPTO.COM.SOC.,MARK.E PUBLIC.;ASSESSOR I;; CARGO COMISSION.S/VINCULO;6973,03;;6973,03;1409,64;5563,39;
GABRIELA STÉFFANY TORRES DE ASSIS;DEPTO.COM.SOC.,MARK.E PUBLIC.;ASSESSOR III;NAO INFORMADO; CARGO COMISSION.S/VINCULO;3191,80;;3191,80;422,40;2769,40;
GETULIO EMIDIO DA SILVA;PESSOAL PROC,DE APOSENTADORIA;A.TEC-III;GERENTE AD/02; ESTATUTARIO;3874,96;;3874,96;380,50;3494,46;
GISELLE CRISTINA N HOLLANDA;DEPTO.COM.SOC.,MARK.E PUBLIC.;ASSESSOR III;NAO INFORMADO; CARGO COMISSION.S/VINCULO;3191,80;;3191,80;422,40;2769,40;
GUSTAVO ANTONIO COUTO FERREIRA;DEPTO.COM.SOC.,MARK.E PUBLIC.;GERENTE;; CARGO COMISSION.S/VINCULO;4209,79;;4209,79;670,28;3539,51;
HERIVALDO DA MATTA VIANNA COSTA;DEPTO.COM.SOC.,MARK.E PUBLIC.;ASSESSOR II;NAO INFORMADO; CARGO COMISSION.S/VINCULO;4209,79;;4209,79;670,28;3539,51;
HIANNE DE MOURA LIMA;DEPTO.DE ADMINIST.E FINANCAS;ASSESSOR II;ASSESSOR II AD-2; CARGO COMISSION.S/VINCULO;4209,79;;4209,79;670,28;3539,51;
HUDSON ANTÔNIO CRISTO BRAGA;DEPTO.COM.SOC.,MARK.E PUBLIC.;SECRETARIO EXECUTIVO ADJUNTO;NAO INFORMADO; CARGO COMISSION.S/VINCULO;22728,60;;22728,60;6384,41;16344,19;
IGOR SIDNEY MENEZES DE OLIVEIRA;DEPTO.COM.SOC.,MARK.E PUBLIC.;ASSESSOR II;NAO INFORMADO; CARGO COMISSION.S/VINCULO;4209,79;;4209,79;670,28;3539,51;
ISLANIA QUEIROZ DE LIMA;DEPTO.COM.SOC.,MARK.E PUBLIC.;GERENTE;; CARGO COMISSION.S/VINCULO;4209,79;;4209,79;584,96;3624,83;
IVO DA SILVA PEREIRA;DEPTO.COM.SOC.,MARK.E PUBLIC.;GERENTE;NAO INFORMADO; CARGO COMISSION.S/VINCULO;4209,79;;4209,79;641,84;3567,95;
JABERSON JAIRO DA SILVA SIMAS;DEPTO.DE ADMINIST.E FINANCAS;ASSESSOR II;NAO INFORMADO; CARGO COMISSION.S/VINCULO;4209,79;;4209,79;641,84;3567,95;
JANIO AUGUSTO ESPINDOLA PENA;DEPTO.DE ADMINIST.E FINANCAS;AUX.O-I;ASS.SET.TRANSP.FG-3; ESTATUTARIO;5115,25;;5115,25;292,87;4822,38;
JOAO EVANGELISTA DE SANTANA NETO;DEPTO.COM.SOC.,MARK.E PUBLIC.;PROFESSOR PF20.LIC-V;SECRET.EXECT.ADJT; ESTATUTARIO;21613,43;;21613,43;5214,89;16398,54;
JOAO FREITAS RODRIGUES;DEPTO.COM.SOC.,MARK.E PUBLIC.;TNS-I;ASS.DEP.DE.COM.FG-3; ESTATUTARIO;5902,79;;5902,79;957,30;4945,49;
JONY CLAY DE MENEZES BORGES;DEPTO.COM.SOC.,MARK.E PUBLIC.;ASSESSOR I;NAO INFORMADO; CARGO COMISSION.S/VINCULO;5229,77;;5229,77;986,40;4243,37;
JUDITE MARIA SANTOS ARAUJO;DEPTO.COM.SOC.,MARK.E PUBLIC.;ASSESSOR III;; CARGO COMISSION.S/VINCULO;3191,80;;3191,80;422,40;2769,40;
LEONARDO JOSÉ MANCINI;DEPTO.COM.SOC.,MARK.E PUBLIC.;GERENTE;NAO INFORMADO; CARGO COMISSION.S/VINCULO;4209,79;;4209,79;670,28;3539,51;
LIA PAULA DE SOUZA ALBUQUERQUE;DEPTO.COM.SOC.,MARK.E PUBLIC.;ASSESSOR II;; CARGO COMISSION.S/VINCULO;4209,79;;4209,79;670,28;3539,51;
LUCAS PECEU CARDOSO QUEIROZ;DEPTO.COM.SOC.,MARK.E PUBLIC.;ASSESSOR II;NAO INFORMADO; CARGO COMISSION.S/VINCULO;4209,79;;4209,79;670,28;3539,51;
MANOEL IVAN SOUZA DE OLIVEIRA;DEPTO.COM.SOC.,MARK.E PUBLIC.;OPERADOR DE SOM;ASS.DEP.DE.COM.FG-3; ESTATUTARIO;4843,77;;4843,77;572,45;4271,32;
MARIA HILMA FILGUEIRAS DE AZEVEDO;DEPTO.DE ADMINIST.E FINANCAS;ASSIS.TEC.GOVERNAMENTAL NIV.M REF.I;ASS.SET.DOCUM.FG-3; ESTATUTARIO;6446,69;;6446,69;1012,55;5434,14;
MARIO WILSON DA SILVA JUNIOR;DEPTO.DE ADMINIST.E FINANCAS;A.TEC-I;ASS.DEP.ADM.FG-2; ESTATUTARIO;7534,31;;7534,31;1305,29;6229,02;
MAURA RAFAEL DA LAPA;DEPTO.COM.SOC.,MARK.E PUBLIC.;ASSESSOR I;NAO INFORMADO; CARGO COMISSION.S/VINCULO;5229,77;;5229,77;986,40;4243,37;
MICHELL MELO BEZERRA E SILVA;DEPTO.COM.SOC.,MARK.E PUBLIC.;ASSESSOR II;NAO INFORMADO; CARGO COMISSION.S/VINCULO;4209,79;;4209,79;670,28;3539,51;
MIGUEL PEDRO PEREIRA DOS SANTOS;DEPTO.DE ADMINIST.E FINANCAS;ASSESSOR III;; CARGO COMISSION.S/VINCULO;2591,80;;2591,80;253,13;2338,67;
NATHÁLIA ANDRADE NOGUEIRA;DEPTO.COM.SOC.,MARK.E PUBLIC.;ASSESSOR I;; CARGO COMISSION.S/VINCULO;5229,77;;5229,77;986,40;4243,37;
OTACILIO GOMES BARREIROS;DEPTO.DE ADMINIST.E FINANCAS;A.TEC-II;ASS TEC GOV; ESTATUTARIO;4916,05;;4916,05;470,13;4445,92;
RAIMUNDO NONATO DE ALMEIDA DUARTE;DEPTO.DE ADMINIST.E FINANCAS;MOT-I;ASS.SET.TRASP. FG-3; ESTATUTARIO;5263,95;;5263,95;558,10;4705,85;
ROBERTO CARLOS MENDES NOVO;DEPTO.COM.SOC.,MARK.E PUBLIC.;A.TEC-II;ASS DEP.DE.COM.FG-3; ESTATUTARIO;4907,30;;4907,30;599,31;4307,99;
ROSENILDO ROCHA DO NASCIMENTO;DEPTO.DE ADMINIST.E FINANCAS;ASSISTENTE TECNICO GOVERNAMENTAL;CHEF.PAT.TRASP.FG-1; ESTATUTARIO;5995,02;;5995,02;836,20;5158,82;
RUBERCY SENA;DEPTO.DE ADMINIST.E FINANCAS;MOTORISTA 3A CLASSE;; ESTATUTARIO;4929,20;;4929,20;548,33;4380,87;
SELMA DE MOURA LIMA;DEPTO.DE ADMINIST.E FINANCAS;ASSIS.TEC.GOVERNAMENTAL NIV.M REF.I;ASS.SETOR.DOCUM.FG-3; ESTATUTARIO;4826,28;;4826,28;566,24;4260,04;
VALDERES SANTOS DE LIRA MILERIO;DEPTO.DE ADMINIST.E FINANCAS;A.TEC-II;ASS.SETOR.DOCUM.FG-3; ESTATUTARIO;4907,30;;4907,30;467,42;4439,88;
