NOME;LOTACAO;CARGO;FUNCAO;VINCULO;REMUNERACAO LEGAL TOTAL(R$);DESC.TETO(R$); REMUNERACAO LEGAL DEVIDA(R$);DESCONTOS LEGAIS(R$);LIQUIDO DISPONIVEL(R$);
ABRAHAM DE OLIVEIRA ANSELMO JUNIOR;SEAP-EFETIVOS;ASSISTENTE TECNICO GOVERNAMENTAL;; ESTATUTARIO;3899,78;;3899,78;283,79;3615,99;
ADAUMIR DIEGO SOUZA DA SILVA;SEAP-COMISSIONADOS;TENENTE 2;DIRETOR DE UNIDADE P; ESTATUTARIO;5000,00;;5000,00;505,64;4494,36;
ADELSON EMANUEL MONTEIRO DA SILVA;SEAP-EFETIVOS;A.TEC-I;; ESTATUTARIO;3829,86;;3829,86;292,29;3537,57;
ADEMAR FERNANDO GUNSCH GRUBER;MUNICIPIO DE MAUES;DIRETOR DE UNIDADE PRISIONAL AD-1;DIR.UNID.PRIS.AD-1; CARGO COMISSION.S/VINCULO;5529,77;;5529,77;986,40;4543,37;
ADEMAR PEIXOTO DA SILVA;CASA DO ALBERGADO DE MANAUS;A.TEC-I;; ESTATUTARIO;4032,59;;4032,59;324,22;3708,37;
ADICA JAMILLY SOUSA E MOURA;SEAP-COMISSIONADOS;ASSESSOR III;NAO INFORMADO; CARGO COMISSION.S/VINCULO;3491,80;;3491,80;422,40;3069,40;
ADILSON PENEDO DE ARAUJO;UNID.PRIS.SEMIABERTO FEM-UPSF;AUX.O-I;; ESTATUTARIO;3110,64;;3110,64;198,35;2912,29;
ADRIANA DA SILVA MARTINS;SEAP-COMISSIONADOS;ASSESSOR IV;; CARGO COMISSION.S/VINCULO;2479,61;;2479,61;196,16;2283,45;
ADRIANA OFELIA RAMOS DE OLIVEIRA;CASA DO ALBERGADO DE MANAUS;AUX.S.G-I;; ESTATUTARIO;2534,98;;2534,98;150,18;2384,80;
ADRIELLE LEOCADIO DE LIRA;SEAP-COMISSIONADOS;ASSESSOR IV;ASSESSOR IV AD-4; CARGO COMISSION.S/VINCULO;3475,61;;3475,61;418,48;3057,13;
AIDA MORENO DE MELO;SEAP-EFETIVOS;ASSISTENTE TECNICO GOVERNAMENTAL;; ESTATUTARIO;3895,02;;3895,02;209,11;3685,91;
AILTON DE ALMEIDA PAIVA;SEAP-COMISSIONADOS;GERENTE;NAO INFORMADO; CARGO COMISSION.S/VINCULO;4509,79;;4509,79;670,28;3839,51;
ALCINEI MACIEL PINTO;SEAP-COMISSIONADOS;ASSESSOR III;; CARGO COMISSION.S/VINCULO;3491,80;;3491,80;422,40;3069,40;
ALDAIR DE PAULA EDWARDS;CASA DO ALBERGADO DE MANAUS;A.TEC-I;; ESTATUTARIO;5445,00;;5445,00;671,38;4773,62;
ALDO BATISTA BRAGA;CASA DO ALBERGADO DE MANAUS;AG.PEN-I;; ESTATUTARIO;3940,29;;3940,29;376,92;3563,37;
ALESSANDRO DA SILVA;SEAP-COMISSIONADOS;SARGENTO 3;GERENTE; ESTATUTARIO;4000,00;;4000,00;263,87;3736,13;
ALEX DE FREITAS CHAVES;MUNICIPIO DE HUMAITA;ASSESSOR III;; CARGO COMISSION.S/VINCULO;2193,80;;2193,80;170,44;2023,36;
ALEXANDRA DA FONSECA DE SOUZA;SEAP-COMISSIONADOS;SUBGERENTE;NAO INFORMADO; CARGO COMISSION.S/VINCULO;3491,80;;3491,80;422,40;3069,40;
ALEXANDRE MICHEL ROCHA CAVALCANTE;SEAP-COMISSIONADOS;SARGENTO 2;ASSESSOR III; ESTATUTARIO;3000,00;;3000,00;53,76;2946,24;
ALEXANDRE VIANA DE CASTRO;SEAP-COMISSIONADOS;ASSESSOR I;NAO INFORMADO; CARGO COMISSION.S/VINCULO;4529,77;;4529,77;676,15;3853,62;
ALINE GOMES LIMA;SEAP-COMISSIONADOS;ASSESSOR II;NAO INFORMADO; CARGO COMISSION.S/VINCULO;4509,79;;4509,79;670,28;3839,51;
ALLAN DE AZEVEDO ALVES;SEAP-COMISSIONADOS;TENENTE 1;ASSESSOR I; ESTATUTARIO;5000,00;;5000,00;360,90;4639,10;
ALONSO MARCOLINO DA SILVA;CASA DO ALBERGADO DE MANAUS;MOT-I;MOTORISTA; ESTATUTARIO;4303,24;;4303,24;313,16;3990,08;
ALUÍZIO BENTES CERDEIRA;MUNICIPIO DE PARINTINS;DIRETOR DE UNIDADE PRISIONAL;DIR UNI PRIS AD1; CARGO COMISSION.S/VINCULO;5529,77;;5529,77;986,40;4543,37;
ALYNE ELIZA TAUMATURGO BOTELHO;SEAP-COMISSIONADOS;ASSESSOR II;NAO INFORMADO; CARGO COMISSION.S/VINCULO;4509,79;;4509,79;670,28;3839,51;
AMARILDO SOUZA CARNEIRO DA CUNHA;SEAP-EFETIVOS;AUX.S.G-I;; ESTATUTARIO;3862,46;;3862,46;246,26;3616,20;
AMSTERDAM DOS SANTOS LIMA;SEAP-COMISSIONADOS;CABO;ASSESSOR IV; ESTATUTARIO;3000,00;;3000,00;95,20;2904,80;
ANA BEATRIZ SANTOS DO CARMO;SEAP-COMISSIONADOS;CABO;GERENTE; ESTATUTARIO;4000,00;;4000,00;221,21;3778,79;
ANA CAROLINA MAIA DA SILVA;SEAP-COMISSIONADOS;SUBGERENTE;; CARGO COMISSION.S/VINCULO;3491,80;;3491,80;422,40;3069,40;
ANA CLAUDIA MACEDO ARAUJO SILVA;SEAP-EFETIVOS;PSI-II;; ESTATUTARIO;3898,44;;3898,44;436,44;3462,00;
ANA CRISTINA PEREIRA ABREU;SEAP-COMISSIONADOS;ASSESSOR III;NAO INFORMADO; CARGO COMISSION.S/VINCULO;2495,80;;2495,80;197,62;2298,18;
ANA RAQUEL LAHAN DE ANDRADE;SEAP-COMISSIONADOS;ASSESSOR II;NAO INFORMADO; CARGO COMISSION.S/VINCULO;4509,79;;4509,79;670,28;3839,51;
ANA SARAH TELES MONTEIRO MOREL;SEAP-COMISSIONADOS;OUVIDOR AD-1;; CARGO COMISSION.S/VINCULO;5529,77;;5529,77;986,40;4543,37;
ANDERSON ANGELIN DA SILVA;COMPAJ FECHADO;CABO;DIRETOR ADJUNTO DE U; ESTATUTARIO;3000,00;;3000,00;95,20;2904,80;
ANDRE LUIZ BARROS GIOIA;SEAP-COMISSIONADOS;TENENTE CORONEL;SECRETARIO EXECUTIVO; ESTATUTARIO;8100,00;331,86;7768,14;1214,74;6553,40;
ANDREA ALESSANDRA DE OLIVEIRA;SEAP-EFETIVOS;A.TEC-II;; ESTATUTARIO;3341,46;;3341,46;205,64;3135,82;
ANDRESSON RENATO NASCIMENTO LEMOS;SEAP-COMISSIONADOS;SARGENTO 2;ASSESSOR II; ESTATUTARIO;4000,00;;4000,00;263,87;3736,13;
ANDRI GEOVANI ALVES DOS SANTOS;MUNICIPIO DE TABATINGA;ASSESSOR III;; CARGO COMISSION.S/VINCULO;2193,80;;2193,80;170,44;2023,36;
ANGELITA MARIA DA CONCEICAO S MUNIZ;HOSP.DE CUST.TRAT.PSIQUIATRICO;AUX.S.G-II;; ESTATUTARIO;2820,15;;2820,15;159,50;2660,65;
ANNE CAROLINE DA SILVA MACEDO;SEAP-COMISSIONADOS;GERENTE;; CARGO COMISSION.S/VINCULO;4509,79;;4509,79;670,28;3839,51;
ANTONIO ABENONIZ GOMES;INSTIT.PENAL ANTONIO TRINDADE;A.TEC-II;; ESTATUTARIO;3941,46;;3941,46;214,73;3726,73;
ANTONIO CARLOS DE SOUZA;HOSP.DE CUST.TRAT.PSIQUIATRICO;AG.PEN-II;; ESTATUTARIO;3954,96;;3954,96;321,24;3633,72;
ANTONIO CARLOS LIRA DE FARIAS;CENT.DETEN PROV.MANAUS-CDPM II;AUX.HSP-I;; ESTATUTARIO;3859,83;;3859,83;154,46;3705,37;
ANTONIO CARLOS NUNES DA FONSECA;SEAP-EFETIVOS;MED-II;; ESTATUTARIO;4400,11;;4400,11;631,31;3768,80;
ANTONIO CARLOS SEIXAS DA SILVA;CASA DO ALBERGADO DE MANAUS;AG.PEN-I;; ESTATUTARIO;4019,09;;4019,09;286,04;3733,05;
ANTONIO CARNEIRO DA COSTA;SEAP-EFETIVOS;AUX.S.G-I;; ESTATUTARIO;3886,06;;3886,06;281,51;3604,55;
ANTONIO DE PADUA PINHEIRO SENA;SEAP-EFETIVOS;A.TEC-II;; ESTATUTARIO;1762,06;;1762,06;156,10;1605,96;
ANTONIO ENRIQUES CORDEIRO;MUNICIPIO DE ITACOATIARA;DIRETOR DE UNIDADE PRISIONAL AD-1;; CARGO COMISSION.S/VINCULO;5529,77;;5529,77;986,40;4543,37;
ANTONIO GONCALVES DA SILVA;SEAP-EFETIVOS;AUX.S.G-I;; ESTATUTARIO;3877,31;;3877,31;205,75;3671,56;
ANTONIO JORGE DE A SANTIAGO;UNID.PRIS.SEMIABERTO FEM-UPSF;AG.PEN-I;; ESTATUTARIO;3723,84;;3723,84;279,47;3444,37;
ANTONIO JORGE OLIVEIRA COSTA;SEAP-EFETIVOS;AUX.S.G-I;; ESTATUTARIO;3860,58;;3860,58;302,67;3557,91;
ANTONIO JOSE BENIGNO DE OLIVEIRA;SEAP-INTERIOR;AUX.S.G-I;; ESTATUTARIO;3899,56;;3899,56;194,10;3705,46;
ANTONIO JOSE DE ASSIS;SEAP-EFETIVOS;CINEGRAFISTA 1A CLASSE;CINEGRAFISTA; ESTATUTARIO;4014,21;;4014,21;341,35;3672,86;
ANTONIO JOSE LEITE DE OLIVEIRA;SEAP-INTERIOR;AG.PEN-I;; ESTATUTARIO;4001,57;;4001,57;309,39;3692,18;
ANTONIO MARQUES DE OLIVEIRA;CASA DO ALBERGADO DE MANAUS;AG.PEN-I;; ESTATUTARIO;3710,34;;3710,34;197,03;3513,31;
ANTONIO MENDONCA DA SILVA;CASA DO ALBERGADO DE MANAUS;AG.PEN-I;; ESTATUTARIO;4207,37;;4207,37;398,78;3808,59;
ARACI RIBEIRO MENEZES;SEAP-INTERIOR;A.TEC-I;CH SECAO ESTATISTICA; ESTATUTARIO;2894,70;;2894,70;183,95;2710,75;
ARIELA LOPES;CENT.DE DETEN.PROV.MANAUS-CDPM;A.TEC-III;AG ADMINISTRATIVO; ESTATUTARIO;3877,54;;3877,54;279,63;3597,91;
ARIOMAR FERMIN;SEAP-INTERIOR;AG.PEN-II;; ESTATUTARIO;3946,69;;3946,69;346,89;3599,80;
ARLISSON CHAVES PASSOS;SEAP-COMISSIONADOS;CABO;SUBGERENTE AD-3; ESTATUTARIO;2400,00;;2400,00;37,20;2362,80;
ARMANDO CAJUEIRO GOMES;COMPAJ SEMI ABERTO;A.TEC-II;; ESTATUTARIO;3941,46;;3941,46;328,12;3613,34;
ARMANDO GARCIA QUEIROZ FILHO;CASA DO ALBERGADO DE MANAUS;A.TEC-I;; ESTATUTARIO;4001,60;;4001,60;346,37;3655,23;
ARNOLDO DA SILVA MENDONCA;SEAP-EFETIVOS;A.TEC-I;; ESTATUTARIO;4180,34;;4180,34;269,20;3911,14;
ARNOUD CRUZ DOS SANTOS;CENT.DETEN PROV.MANAUS-CDPM II;AG.PEN-II;; ESTATUTARIO;3946,69;;3946,69;261,57;3685,12;
ARTHUR SANT ANNA FERREIRA MACEDO;CONSELHO PENITENCIARIO;MEMBRO DE CONSELHO;; CONSELHO;429,20;;429,20;;429,20;
ASSIS DA SILVA RIBEIRO;SEAP-INTERIOR;A.TEC-I;; ESTATUTARIO;4010,34;;4010,34;263,18;3747,16;
AUGUSTO CASTRO DOS SANTOS;INSTIT.PENAL ANTONIO TRINDADE;CABO;GERENTE; ESTATUTARIO;3000,00;;3000,00;95,20;2904,80;
AURILENE MACHADO BEZERRA;SEAP-COMISSIONADOS;ASSESSOR III;ASSESSOR III AD-3; CARGO COMISSION.S/VINCULO;3491,80;;3491,80;422,40;3069,40;
BARBARA DO NASCIMENTO MARTINS;GABINETE DO SECRETARIO;ASSESSOR TECNICO;NAO INFORMADO; CARGO COMISSION.S/VINCULO;7300,00;;7300,00;1521,33;5778,67;
BERENICE GUEDES MONTEIRO;SEAP-EFETIVOS;A.TEC-I;; ESTATUTARIO;2693,85;;2693,85;214,69;2479,16;
BERGSON LUIZ NUNES BARBOSA LIMA;CASA DO ALBERGADO DE MANAUS;A.TEC-I;; ESTATUTARIO;3984,13;;3984,13;340,89;3643,24;
BOAVENTURA FERREIRA AVELINO;CASA DO ALBERGADO DE MANAUS;A.TEC-I;; ESTATUTARIO;4191,94;;4191,94;290,62;3901,32;
BRENO BARBOSA SOARES ALVES;SEAP-COMISSIONADOS;SUBGERENTE;NAO INFORMADO; CARGO COMISSION.S/VINCULO;2891,80;;2891,80;267,35;2624,45;
BRUNO COLARES DOS REIS;SEAP-COMISSIONADOS;ASSESSOR II;NAO INFORMADO; CARGO COMISSION.S/VINCULO;4509,79;;4509,79;670,28;3839,51;
BRUNO LEONARDO MELO VIEIRA;SEAP-COMISSIONADOS;ASSESSOR II;NAO INFORMADO; CARGO COMISSION.S/VINCULO;4509,79;;4509,79;670,28;3839,51;
BRUNO PEREIRA REGIS;SEAP-COMISSIONADOS;CABO;ASSESSOR IV; ESTATUTARIO;3000,00;;3000,00;95,20;2904,80;
CAMILA VIEIRA BRANDAO;SEAP-COMISSIONADOS;ASSESSOR III;NAO INFORMADO; CARGO COMISSION.S/VINCULO;2495,80;;2495,80;197,62;2298,18;
CARLOS ALBERTO AZEVEDO MARINHO;MUNICIPIO DE PARINTINS;AG.PEN-II;DIR.ADJ.UNID.PRI AD1; ESTATUTARIO;3941,46;;3941,46;290,77;3650,69;
CARLOS ALBERTO FERNANDES DA SILVA;UNID.PRIS.SEMIABERTO FEM-UPSF;AG.PEN-II;; ESTATUTARIO;3933,19;;3933,19;259,55;3673,64;
CARLOS AUGUSTO DUTRA CECILIO;SEAP-INTERIOR;AG.PEN-I;; ESTATUTARIO;5078,66;;5078,66;515,61;4563,05;
CARLOS HUMBERTO MENDES AROUCHE;SEAP-COMISSIONADOS;GERENTE;NAO INFORMADO; CARGO COMISSION.S/VINCULO;4509,79;;4509,79;670,28;3839,51;
CARLOS JOSE RIBEIRO LANHELLAS;CASA DO ALBERGADO DE MANAUS;AG.PEN-II;; ESTATUTARIO;3925,00;;3925,00;285,23;3639,77;
CARLOS ROBERTO FARIAS ALEIXO;CENT.DETEN PROV.MANAUS-CDPM II;AUX.O-I;; ESTATUTARIO;5074,89;;5074,89;452,78;4622,11;
CARLOS SERGIO MOTA DE CASTRO;SEAP-INTERIOR;FISCAL RODOVIARIO;; ESTATUTARIO;2881,54;;2881,54;188,20;2693,34;
CARLOS VITOR GARCIA BARBOSA;SEAP-COMISSIONADOS;ASSESSOR II;NAO INFORMADO; CARGO COMISSION.S/VINCULO;4509,79;;4509,79;670,28;3839,51;
CARLOS WILLIAMS TOBIAS DE SOUZA;SEAP-COMISSIONADOS;SARGENTO 2;ASSESSOR III; ESTATUTARIO;2400,00;;2400,00;;2400,00;
CECILIA DO ROSARIO DOS SANTOS SOUZA;UNID.PRIS.SEMIABERTO FEM-UPSF;AG.PEN-II;; ESTATUTARIO;3954,96;;3954,96;349,67;3605,29;
CELIA REGINA PARENTE ABREU;SEAP-COMISSIONADOS;ASSESSOR III;; CARGO COMISSION.S/VINCULO;3491,80;;3491,80;422,40;3069,40;
CELSO LUIZ DE SOUZA RIBEIRO CUNHA;SEAP-INTERIOR;AG.PEN-II;; ESTATUTARIO;5157,75;;5157,75;598,46;4559,29;
CLAUDECI PIMENTEL DE SOUZA;SEAP-EFETIVOS;AUX.O-I;; ESTATUTARIO;2881,31;;2881,31;148,25;2733,06;
CLAUDESTONE SANTOS NASCIMENTO;CASA DO ALBERGADO DE MANAUS;MOT-II;; ESTATUTARIO;4052,91;;4052,91;347,45;3705,46;
CLAUDIA SOCORRO SILVA DE ANDRADE;UNID.PRIS.SEMIABERTO FEM-UPSF;ASSESSOR III;ASSESSOR III AD-3; CARGO COMISSION.S/VINCULO;2495,80;;2495,80;197,62;2298,18;
CLAUDIOMAR DUARTE FREIRE;SEAP-EFETIVOS;AG.PEN-II;; ESTATUTARIO;5144,25;;5144,25;594,86;4549,39;
CLAUDIONORA DELGADO DO NASCIMENTO;SEAP-EFETIVOS;A.TEC-I;; ESTATUTARIO;4244,53;;4244,53;360,37;3884,16;
CLEA MARIA OLIVEIRA DE LIMA;SEAP-EFETIVOS;A.SOC-I;; ESTATUTARIO;5190,59;;5190,59;669,59;4521,00;
CLEBER SOUZA DA COSTA;CENT.DETEN PROV.MANAUS-CDPM II;SOLDADO;ASSESSOR IV; ESTATUTARIO;3000,00;;3000,00;95,20;2904,80;
CLEDSON DE JESUS MACEDO;SEAP-COMISSIONADOS;GERENTE;NAO INFORMADO; CARGO COMISSION.S/VINCULO;4509,79;;4509,79;670,28;3839,51;
CLEDSON MARLON GUIMARAES DE AQUINO;UNIDADE PRISIONAL PURAQUEQUARA;DIRETOR ADJUNTO DE UNID.PRISIONAL;NAO INFORMADO; CARGO COMISSION.S/VINCULO;9019,58;;9019,58;1553,78;7465,80;
CLEIDE PEREIRA FOLHADELA;SEAP-COMISSIONADOS;ASSESSOR II;ASSESSOR II AD-2; CARGO COMISSION.S/VINCULO;3509,79;;3509,79;426,78;3083,01;
CLEOMAR ANDRADE CONCEICAO;HOSP.DE CUST.TRAT.PSIQUIATRICO;A.TEC-I;; ESTATUTARIO;3206,40;;3206,40;194,00;3012,40;
CLODOALDO ARAUJO BARROS;SEAP-INTERIOR;AG.PEN-I;; ESTATUTARIO;4010,34;;4010,34;260,85;3749,49;
COEMA DE ARAUJO BASTOS;SEAP-EFETIVOS;A.TEC-II;; ESTATUTARIO;3941,46;;3941,46;328,12;3613,34;
CONSTANTINO CORNELIO DA COSTA;MUNICIPIO DE COARI;AUX.S.G-I;; ESTATUTARIO;3586,06;;3586,06;207,31;3378,75;
CRISTOVAO BRASIL DA SILVA;CASA DO ALBERGADO DE MANAUS;MARINHEIRO DE MAQUINAS;; ESTATUTARIO;3779,29;;3779,29;195,03;3584,26;
DANIEL CRUZ GOMES;CASA DO ALBERGADO DE MANAUS;A.TEC-I;; ESTATUTARIO;4017,14;;4017,14;239,49;3777,65;
DANIEL MARCELO BENVENUTTI DE SALES;SEAP-COMISSIONADOS;ASSESSOR I;NAO INFORMADO; CARGO COMISSION.S/VINCULO;7273,03;;7273,03;1513,91;5759,12;
DANIELE MEDEIROS MENDES DANTAS;SEAP-COMISSIONADOS;ASSESSOR I;NAO INFORMADO; CARGO COMISSION.S/VINCULO;5529,77;;5529,77;986,40;4543,37;
DANIELE MOREIRA FIGUEIREDO;SEAP-COMISSIONADOS;SUBGERENTE;NAO INFORMADO; CARGO COMISSION.S/VINCULO;3491,80;;3491,80;422,40;3069,40;
DANIELLE BARBOSA REBOUCAS;SEAP-COMISSIONADOS;ASSISTENTE TECNICO PNM.ANM-III;ASSESSOR I; ESTATUTARIO;6798,38;;6798,38;985,05;5813,33;
DEBORAH MENDES DA SILVA;SEAP-EFETIVOS;COZINHEIRO 3A CLASSE;; ESTATUTARIO;3857,62;;3857,62;267,57;3590,05;
DEIVISON GONCALVES DAS CHAGAS;MUNICIPIO DE HUMAITA;CABO;DIRETOR ADJUNTO DE U; ESTATUTARIO;3000,00;;3000,00;67,98;2932,02;
DELCIRA RODRIGUES DA COSTA E SILVA;SEAP-EFETIVOS;AUX.S.G-II;; ESTATUTARIO;3816,15;;3816,15;191,55;3624,60;
DENIS CAETANO GOMES CAVALCANTE;SEAP-COMISSIONADOS;ASSESSOR I;NAO INFORMADO; CARGO COMISSION.S/VINCULO;5529,77;;5529,77;986,40;4543,37;
DIATAI ANUTE DE LIMA CARIOCA;SEAP-COMISSIONADOS;GERENTE;NAO INFORMADO; CARGO COMISSION.S/VINCULO;4509,79;;4509,79;670,28;3839,51;
DILLANEY SILVA FABAR;COMPAJ FECHADO;SARGENTO 2;DIRETOR ADJUNTO DE U; ESTATUTARIO;4000,00;;4000,00;263,87;3736,13;
DIONIZIO DA CRUZ GOMES;SEAP-EFETIVOS;AG.PEN-I;; ESTATUTARIO;4023,84;;4023,84;342,81;3681,03;
DORALICY SOARES PEREIRA;UNID.PRIS.SEMIABERTO FEM-UPSF;A.TEC-I;; ESTATUTARIO;5247,12;;5247,12;482,79;4764,33;
DORGIVAL EPIFANIO RIBEIRO JUNIOR;CASA DO ALBERGADO DE MANAUS;ASSISTENTE TECNICO 3A CLASSE;; ESTATUTARIO;2588,28;;2588,28;149,48;2438,80;
DYEGO CORREA CASTELO BRANCO;CENT.DE DETEN.PROV.MANAUS-CDPM;DIRETOR ADJUNTO DE UNID.PRISIONAL;NAO INFORMADO; CARGO COMISSION.S/VINCULO;4509,79;;4509,79;670,28;3839,51;
EDER WILLIAN LISBOA SANTIAGO;SEAP-COMISSIONADOS;SOLDADO;SUBGERENTE AD-3; ESTATUTARIO;3000,00;;3000,00;95,20;2904,80;
EDILSON BARBOSA REGO;SEAP-INTERIOR;A.OPE-I;; ESTATUTARIO;4091,84;;4091,84;338,64;3753,20;
EDMAR ELIAS JOSE;CASA DO ALBERGADO DE MANAUS;A.TEC-I;; ESTATUTARIO;4010,32;;4010,32;319,44;3690,88;
EDMILSON SARKIS MAIA;PESSOAL PROC.DE APOSENTADORIA;MED-I;; ESTATUTARIO;4557,88;;4557,88;698,17;3859,71;
EDSON ANAZILDO ARAUJO FONTES;HOSP.DE CUST.TRAT.PSIQUIATRICO;ASSISTENTE TECNICO 3A CLASSE;GERENTE AD-2; ESTATUTARIO;3895,02;;3895,02;255,45;3639,57;
EDSON NOGUEIRA DE ARAUJO;SEAP-INTERIOR;AG.PEN-I;; ESTATUTARIO;4217,08;;4217,08;315,74;3901,34;
EDUARDO TELES DOS SANTOS COSTA;SEAP-COMISSIONADOS;SOLDADO;ASSESSOR II; ESTATUTARIO;3000,00;;3000,00;95,20;2904,80;
ELANE RODRIGUES SOARES;SEAP-EFETIVOS;AUX.HSP-II;; ESTATUTARIO;3509,11;;3509,11;265,59;3243,52;
ELDA PACHECO DA SILVA;SEAP-COMISSIONADOS;GERENTE;GERENTE AD-2; CARGO COMISSION.S/VINCULO;4509,79;;4509,79;670,28;3839,51;
ELDMAR DE OLIVEIRA LIMA;SEAP-COMISSIONADOS;SARGENTO 2;ASSESSOR III; ESTATUTARIO;3000,00;;3000,00;95,20;2904,80;
ELIANE ANDRADE MARTINS;SEAP-COMISSIONADOS;ASSESSOR I;NAO INFORMADO; CARGO COMISSION.S/VINCULO;5529,77;;5529,77;986,40;4543,37;
ELIANE COSTA CASTRO DE OLIVEIRA;SEAP-EFETIVOS;A.TEC-III;AGENTE ADMINISTRAT.; ESTATUTARIO;1650,19;;1650,19;148,52;1501,67;
ELIONEI PASSOS DE OLIVEIRA;CENTRO DE DET.PROV.FEMIN.-CDPF;DIRETOR ADJUNTO DE UNID.PRISIONAL;; CARGO COMISSION.S/VINCULO;4509,79;;4509,79;670,28;3839,51;
ELISANA PENEDO DA SILVA;MUNICIPIO DE TABATINGA;ASSESSOR III;NAO INFORMADO; CARGO COMISSION.S/VINCULO;2193,80;;2193,80;170,44;2023,36;
ELISANDRO FERREIRA DE ARAUJO;SEAP-COMISSIONADOS;GERENTE;; CARGO COMISSION.S/VINCULO;3509,79;;3509,79;426,78;3083,01;
ELISANGELA PATRICIA F PICANCO;SEAP-COMISSIONADOS;SECRETARIO DE CONSELHO;NAO INFORMADO; CARGO COMISSION.S/VINCULO;3090,21;;3090,21;280,88;2809,33;
EMERSON TIZATTO;COMPAJ SEMI ABERTO;TENENTE 2;DIRETOR DE UNIDADE P; ESTATUTARIO;5000,00;;5000,00;360,90;4639,10;
EPITACIO SIQUEIRA DE PAIVA;UNID.PRIS.SEMIABERTO FEM-UPSF;AG.PEN-II;; ESTATUTARIO;3946,69;;3946,69;346,89;3599,80;
ERIVAN CARLOS DE SOUZA;CASA DO ALBERGADO DE MANAUS;AG.PEN-II;; ESTATUTARIO;3933,19;;3933,19;241,14;3692,05;
ERIVAN MILLER DA SILVA;INSTIT.PENAL ANTONIO TRINDADE;SARGENTO 2;DIRETOR DE UNIDADE P; ESTATUTARIO;5000,00;;5000,00;505,64;4494,36;
ERNANDES PERES FERNANDES JUNIOR;MUNICIPIO DE HUMAITA;A.TEC-II;; ESTATUTARIO;3954,96;;3954,96;218,84;3736,12;
EURICA BRAGA BAIMA;SEAP-COMISSIONADOS;GERENTE;NAO INFORMADO; CARGO COMISSION.S/VINCULO;4509,79;;4509,79;670,28;3839,51;
EVANDRO DA SILVA ARAUJO;SEAP-COMISSIONADOS;ASSESSOR IV;NAO INFORMADO; CARGO COMISSION.S/VINCULO;6951,22;;6951,22;1342,91;5608,31;
FABIANO FERREIRA DA SILVA;SEAP-INTERIOR;AUX.HSP-I;; ESTATUTARIO;3846,40;;3846,40;248,53;3597,87;
FELIPE DA SILVA ABREU;CENT.DETEN PROV.MANAUS-CDPM II;CABO;DIRETOR ADJUNTO DE U; ESTATUTARIO;4000,00;;4000,00;221,21;3778,79;
FELIPHE BARROS NASCIMENTO;SEAP-COMISSIONADOS;ASSESSOR II;NAO INFORMADO; CARGO COMISSION.S/VINCULO;4509,79;;4509,79;670,28;3839,51;
FELIPPE DE LUCENA VERAS;SEAP-COMISSIONADOS;SOLDADO;GERENTE AD-2; ESTATUTARIO;3000,00;;3000,00;95,20;2904,80;
FERNANDA DE LIMA TEIXEIRA;SEAP-EFETIVOS;ASSESSOR I;NAO INFORMADO; CARGO COMISSION.S/VINCULO;5529,77;;5529,77;986,40;4543,37;
FERNANDA DO SOCORRO C FERNANDES;SEAP-COMISSIONADOS;SUBGERENTE;NAO INFORMADO; CARGO COMISSION.S/VINCULO;3491,80;;3491,80;422,40;3069,40;
FLAVIA TEREZA MATOS RODRIGUES;SEAP-EFETIVOS;A.TEC-I;CHEF.DE SEC.PESSOAL; ESTATUTARIO;4192,70;;4192,70;376,67;3816,03;
FRANCIMARY TELES DE FRANCA GRATELI;SEAP-COMISSIONADOS;ASSESSOR IV;NAO INFORMADO; CARGO COMISSION.S/VINCULO;3475,61;;3475,61;418,48;3057,13;
FRANCISCA CHRISTINA MAGLIONE G CRUZ;SEAP-EFETIVOS;AUX.ADM-I;; ESTATUTARIO;2288,06;;2288,06;157,35;2130,71;
FRANCISCA DE ASSIS LIMA MARAES;COMPAJ SEMI ABERTO;COZINHEIRO;; ESTATUTARIO;2484,31;;2484,31;152,88;2331,43;
FRANCISCO CAMURCA BEZERRA NETO;SEAP-COMISSIONADOS;CAPITAO;CHEFE DE DEPARTAMENT; ESTATUTARIO;5000,00;;5000,00;453,50;4546,50;
FRANCISCO CARLOS MARTINS LEDO;UNID.PRIS.SEMIABERTO FEM-UPSF;AG.PEN-II;; ESTATUTARIO;3946,69;;3946,69;242,16;3704,53;
FRANCISCO CORREA DUARTE;SEAP-INTERIOR;A.TEC-I;; ESTATUTARIO;4027,83;;4027,83;267,44;3760,39;
FRANCISCO JANIO DE AGUIAR;CASA DO ALBERGADO DE MANAUS;CENOTECNICO;CENOTECNICO; ESTATUTARIO;3992,74;;3992,74;334,86;3657,88;
FRANCISCO JORGE DE AMORIM DIAS;CASA DO ALBERGADO DE MANAUS;A.TEC-I;; ESTATUTARIO;3692,87;;3692,87;233,87;3459,00;
FRANCISCO MARQUES DE OLIVEIRA;CASA DO ALBERGADO DE MANAUS;AUX.O-I;; ESTATUTARIO;2367,31;;2367,31;148,25;2219,06;
FRANCISCO MOISES CAVALCANTE DANTAS;CONSELHO PENITENCIARIO;MEMBRO DE CONSELHO;; CONSELHO;429,20;;429,20;;429,20;
FRANCISCO MOISES CAVALCANTE DANTAS;PENITENCIARIA FEMIN.DE MANAUS;CABO;DIRETOR ADJUNTO AD2; ESTATUTARIO;5333,33;;5333,33;493,03;4840,30;
FRANCISCO MOREIRA FILHO;SEAP-INTERIOR;A.OPE-I;; ESTATUTARIO;4001,09;;4001,09;405,95;3595,14;
FRANCISCO RAIMUNDO VALENTE FERREIRA;CASA DO ALBERGADO DE MANAUS;MOT-I;; ESTATUTARIO;3091,90;;3091,90;208,16;2883,74;
FRANCISCO SOARES DE SOUZA FILHO;COMPAJ SEMI ABERTO;AUX.O-I;; ESTATUTARIO;4120,46;;4120,46;295,40;3825,06;
FRANK JUNIOR MENEZES DO N FILHO;SEAP-COMISSIONADOS;ASSESSOR TECNICO;ASSESSOR TECNICO; CARGO COMISSION.S/VINCULO;7300,00;;7300,00;1521,33;5778,67;
FRANKLIN SOUZA DE OLIVEIRA;SEAP-COMISSIONADOS;SARGENTO 2;SUBGERENTE; ESTATUTARIO;3000,00;;3000,00;39,54;2960,46;
GERALDO RICARDO PEREIRA;SEAP-EFETIVOS;MOT-I;; ESTATUTARIO;3141,39;;3141,39;219,68;2921,71;
GERUSA DE ARAUJO SILVA;UNID.PRIS.SEMIABERTO FEM-UPSF;A.TEC-II;; ESTATUTARIO;2652,20;;2652,20;161,79;2490,41;
GETULIO VARGAS FILHO;SEAP-COMISSIONADOS;CABO;SUBGERENTE; ESTATUTARIO;3000,00;;3000,00;95,20;2904,80;
GIBSON ALVES DOS SANTOS;SEAP-EFETIVOS;PSI-II;; ESTATUTARIO;3050,49;;3050,49;395,35;2655,14;
GILBERTO DA GRACA BANDEIRA;SEAP-COMISSIONADOS;AG.PEN-I;; ESTATUTARIO;4638,37;;4638,37;302,82;4335,55;
GILBERTO NASCIMENTO RIBEIRO;CASA DO ALBERGADO DE MANAUS;AUX.O-I;; ESTATUTARIO;3277,31;;3277,31;174,97;3102,34;
GINA CARLA SARKIS ROMEIRO MACHADO;CONSELHO PENITENCIARIO;MEMBRO DE CONSELHO;; CONSELHO;429,20;;429,20;;429,20;
GINO EDUARDO RANCIARO;SEAP-COMISSIONADOS;DIRETOR ADJ.DE UNID.PRISIONAL AD-2;; CARGO COMISSION.S/VINCULO;5913,05;;5913,05;1121,87;4791,18;
GLEUSOM GOMES STECKEL;SEAP-COMISSIONADOS;GERENTE;; CARGO COMISSION.S/VINCULO;5913,05;;5913,05;1121,87;4791,18;
HELIO MUNIZ VIEIRA;SEAP-COMISSIONADOS;ASSESSOR III;NAO INFORMADO; CARGO COMISSION.S/VINCULO;3491,80;;3491,80;422,40;3069,40;
HELIOMIRO THOME DE SOUZA;CASA DO ALBERGADO DE MANAUS;AG.PEN-I;; ESTATUTARIO;4230,58;;4230,58;289,32;3941,26;
HERBERT DE ALMEIDA TELES;SEAP-EFETIVOS;ASSISTENTE TECNICO 2A CLASSE;; ESTATUTARIO;3886,28;;3886,28;193,34;3692,94;
HERMES ALBERTO UGARTE JUNIOR;SEAP-EFETIVOS;AG.PEN-II;; ESTATUTARIO;1654,38;;1654,38;181,98;1472,40;
INGRID SALES DA COSTA;SEAP-COMISSIONADOS;ASSESSOR II;NAO INFORMADO; CARGO COMISSION.S/VINCULO;3509,79;;3509,79;426,78;3083,01;
IONE TEIXEIRA FILGUEIRAS;UNID.PRIS.SEMIABERTO FEM-UPSF;SUBGERENTE;; CARGO COMISSION.S/VINCULO;3491,80;;3491,80;422,40;3069,40;
IRIS TANARA LITAIFF DE SAO P AGUIAR;SEAP-COMISSIONADOS;ASSESSOR II;; CARGO COMISSION.S/VINCULO;5913,05;;5913,05;1121,87;4791,18;
IRNE DE SOUZA DUTRA;UNID.PRIS.SEMIABERTO FEM-UPSF;AG.PEN-I;; ESTATUTARIO;4207,37;;4207,37;398,78;3808,59;
ITELVINA RIBEIRO BARREIROS;HOSP.DE CUST.TRAT.PSIQUIATRICO;AUX.HSP-II;; ESTATUTARIO;2909,11;;2909,11;180,21;2728,90;
IURI BRUCO DE MELO;HOSP.DE CUST.TRAT.PSIQUIATRICO;AG.PEN-II;GERENTE AD 2; ESTATUTARIO;3946,69;;3946,69;290,01;3656,68;
IVAN DA SILVA CORREA;SEAP-COMISSIONADOS;ASSESSOR I;NAO INFORMADO; CARGO COMISSION.S/VINCULO;4529,77;;4529,77;676,15;3853,62;
IVAN LOPES DE SOUZA;UNID.PRIS.SEMIABERTO FEM-UPSF;A.TEC-I;; ESTATUTARIO;5458,51;;5458,51;574,51;4884,00;
JAIME MOURAO DE CARVALHO;SEAP-EFETIVOS;AUX.S.G-I;; ESTATUTARIO;3886,06;;3886,06;253,07;3632,99;
JEAN CARLO SILVA DE OLIVEIRA;UNIDADE PRISIONAL PURAQUEQUARA;DIRETOR DE UNIDADE PRISIONAL AD-1;; CARGO COMISSION.S/VINCULO;5529,77;;5529,77;986,40;4543,37;
JESSICA MACENA AMARAL;CENT.DE DETEN.PROV.MANAUS-CDPM;DIRETOR DE UNIDADE PRISIONAL;DIR.UNIDADE AD1; CARGO COMISSION.S/VINCULO;11059,54;;11059,54;2472,70;8586,84;
JOÃO VICTOR DE SOUZA MARTINS SANTOS;SEAP-COMISSIONADOS;SUBGERENTE;NAO INFORMADO; CARGO COMISSION.S/VINCULO;3491,80;;3491,80;422,40;3069,40;
JOAN CANDIDO MATOS;CENT.DE DETEN.PROV.MANAUS-CDPM;SARGENTO 3;ASSESSOR III; ESTATUTARIO;3000,00;;3000,00;53,76;2946,24;
JOAO BOSCO DAS CHAGAS PAULAIN;MUNICIPIO DE PARINTINS;AG.PEN-I;DIR.UND.PRIS. AD-1; ESTATUTARIO;3992,87;;3992,87;278,03;3714,84;
JOAO BRITO DE SOUZA;CASA DO ALBERGADO DE MANAUS;A.TEC-II;; ESTATUTARIO;3941,46;;3941,46;328,12;3613,34;
JOAO KENNEDY PEREIRA BARBOSA;SEAP-EFETIVOS;MOT-I;; ESTATUTARIO;3528,64;;3528,64;205,18;3323,46;
JOAO PEDRO TAVARES GATO;CASA DO ALBERGADO DE MANAUS;MOT-II;; ESTATUTARIO;4052,91;;4052,91;290,57;3762,34;
JONAS NASCIMENTO DA SILVA;SEAP-COMISSIONADOS;SARGENTO 3;ASSESSOR III AD-3; ESTATUTARIO;4000,00;;4000,00;221,21;3778,79;
JONAS PEREIRA NUNES;SEAP-EFETIVOS;ASSISTENTE TECNICO GOVERNAMENTAL;; ESTATUTARIO;1350,19;;1350,19;148,52;1201,67;
JORGE ALBERTO DA SILVA;CASA DO ALBERGADO DE MANAUS;A.TEC-I;; ESTATUTARIO;5145,01;;5145,01;486,16;4658,85;
JORGE ROBERTO PEREIRA RIBEIRO;COMPAJ SEMI ABERTO;MECANICO;; ESTATUTARIO;2885,08;;2885,08;127,30;2757,78;
JOSE AUGUSTO DO VALLE SILVA;COMPAJ SEMI ABERTO;A.OPE-I;ASSIST.TEC.3º CLASSE; ESTATUTARIO;2903,52;;2903,52;174,28;2729,24;
JOSE BALDUINO DOS SANTOS PEREIRA;HOSP.DE CUST.TRAT.PSIQUIATRICO;A.TEC-I;; ESTATUTARIO;4032,59;;4032,59;267,34;3765,25;
JOSE DIVINO PEREZ ATAIDE;SEAP-EFETIVOS;AG.PEN-I;; ESTATUTARIO;4032,59;;4032,59;316,50;3716,09;
JOSE EMERSON PIRES BINDA;SEAP-COMISSIONADOS;ASSESSOR IV;NAO INFORMADO; CARGO COMISSION.S/VINCULO;2875,61;;2875,61;264,79;2610,82;
JOSE FRANCISCO CATIVO REGIS;SEAP-EFETIVOS;AG.PEN-II;; ESTATUTARIO;3933,19;;3933,19;316,42;3616,77;
JOSE GAMA DE ALBUQUERQUE;CASA DO ALBERGADO DE MANAUS;TNS-I;; ESTATUTARIO;4985,99;;4985,99;692,12;4293,87;
JOSE HENRIQUE DA CRUZ GLORIA;HOSP.DE CUST.TRAT.PSIQUIATRICO;AUX.HSP-I;; ESTATUTARIO;2890,06;;2890,06;182,78;2707,28;
JOSE LAZARO BEZERRA CAMPELO;CASA DO ALBERGADO DE MANAUS;DIRETOR DE UNIDADE PRISIONAL AD-1;DIR. UNID.PRIS. AD-1; CARGO COMISSION.S/VINCULO;7273,03;;7273,03;1513,91;5759,12;
JOSE LUIS DA SILVA OLIVEIRA;CASA DO ALBERGADO DE MANAUS;A.TEC-I;; ESTATUTARIO;3675,73;;3675,73;337,64;3338,09;
JOSE LUIZ HONORATO DE OLIVEIRA;MUNICIPIO DE ITACOATIARA;AG.PEN-I;; ESTATUTARIO;4207,37;;4207,37;313,47;3893,90;
JOSE MILTON DE ANDRADE TORRES;SEAP-COMISSIONADOS;SOLDADO;SUBGERENTE AD-3; ESTATUTARIO;3000,00;;3000,00;95,20;2904,80;
JOSE PEDRO BARBOSA DOS SANTOS;SEAP-INTERIOR;AG.PEN-I;; ESTATUTARIO;4010,34;;4010,34;232,41;3777,93;
JOSE RAIMUNDO CATIVO REGIS;SEAP-EFETIVOS;MOT-II;; ESTATUTARIO;2754,91;;2754,91;163,90;2591,01;
JOSE RIBAMAR MAIA BEZERRA;CASA DO ALBERGADO DE MANAUS;A.TEC-I;; ESTATUTARIO;4095,83;;4095,83;369,32;3726,51;
JOSE RIBAMAR MARTE DE MELO;SEAP-EFETIVOS;ARTIFICE;; ESTATUTARIO;3179,29;;3179,29;164,25;3015,04;
JOSE SIQUEIRA DE LIMA;CASA DO ALBERGADO DE MANAUS;AG.PEN-II;; ESTATUTARIO;3933,19;;3933,19;259,55;3673,64;
JOSE TADEU DE NAZARE REBELO;UNID.PRIS.SEMIABERTO FEM-UPSF;A.TEC-I;; ESTATUTARIO;4235,97;;4235,97;328,79;3907,18;
JOSELICE CAVALCANTE CARDOSO;SEAP-COMISSIONADOS;SUBGERENTE;SUBGERENTE AD-3; CARGO COMISSION.S/VINCULO;4555,73;;4555,73;684,21;3871,52;
JOSENIR DA SILVA ARAUJO;SEAP-EFETIVOS;A.OPE-I;; ESTATUTARIO;4010,34;;4010,34;238,29;3772,05;
JOSSE DOS SANTOS NASCIMENTO;SEAP-COMISSIONADOS;ASSESSOR I;NAO INFORMADO; CARGO COMISSION.S/VINCULO;5529,77;;5529,77;986,40;4543,37;
JOVINIANO DA SILVEIRA CUNHA;UNID.PRIS.SEMIABERTO FEM-UPSF;AG.PEN-II;; ESTATUTARIO;3946,69;;3946,69;227,94;3718,75;
JOYCIMIRLA DA CUNHA FREITAS;SEAP-COMISSIONADOS;SUBGERENTE;NAO INFORMADO; CARGO COMISSION.S/VINCULO;3491,80;;3491,80;422,40;3069,40;
JULIANA BERTUCCELLI DA SILVA MOURA;SEAP-COMISSIONADOS;SUBGERENTE;; CARGO COMISSION.S/VINCULO;3755,73;;3755,73;486,67;3269,06;
JULIO CEZAR DA SILVA FERNANDES;SEAP-INTERIOR;AG.PEN-II;; ESTATUTARIO;3933,19;;3933,19;316,42;3616,77;
KAREN DUARTE NAVEGANTE;SEAP-COMISSIONADOS;ASSESSOR II;NAO INFORMADO; CARGO COMISSION.S/VINCULO;4509,79;;4509,79;670,28;3839,51;
KARLA ALEXANDRA DE SOUZA COELHO;SEAP-COMISSIONADOS;ASSESSOR III;NAO INFORMADO; CARGO COMISSION.S/VINCULO;3491,80;;3491,80;422,40;3069,40;
KARLA LAYSE DANTAS ROCHA;SEAP-COMISSIONADOS;ASSESSOR II;NAO INFORMADO; CARGO COMISSION.S/VINCULO;3509,79;;3509,79;426,78;3083,01;
KARLA MARIA MARTINS LEDO;SEAP-INTERIOR;AG.PEN-I;; ESTATUTARIO;4010,34;;4010,34;340,79;3669,55;
KEILA AMORIM DA GRACA;SEAP-EFETIVOS;AUX.S.G-II;; ESTATUTARIO;3216,15;;3216,15;160,76;3055,39;
KEYLA MARIA PINHEIRO PRADO;SEAP-COMISSIONADOS;CHEFE DE DEPARTAMENTO;NAO INFORMADO; CARGO COMISSION.S/VINCULO;5529,77;;5529,77;986,40;4543,37;
LAERCIO ESTUMANO DA SILVA;GABINETE DO SECRETARIO;SUB-TENENTE;ASSESSOR I; ESTATUTARIO;5000,00;;5000,00;403,55;4596,45;
LEANDRO CASTRO PEREIRA;SEAP-COMISSIONADOS;CABO;ASSESSOR III AD-3; ESTATUTARIO;3000,00;;3000,00;95,20;2904,80;
LEANDRO SOUZA DE LIMA;SEAP-COMISSIONADOS;SUBGERENTE;NAO INFORMADO; CARGO COMISSION.S/VINCULO;3491,80;;3491,80;422,40;3069,40;
LECI DE SOUZA OLIVEIRA;SEAP-COMISSIONADOS;SARGENTO 2;ASSESSOR II; ESTATUTARIO;4000,00;;4000,00;221,21;3778,79;
LEONILDO BELEM DOS SANTOS;SEAP-INTERIOR;AG.PEN-I;; ESTATUTARIO;4010,34;;4010,34;312,35;3697,99;
LEONILDO FRAGOSO DE OLIVEIRA;MUNICIPIO DE TEFE;DIRETOR DE UNIDADE PRISIONAL;; CARGO COMISSION.S/VINCULO;5529,77;;5529,77;986,40;4543,37;
LIDIANE DE ALMEIDA ALVES;SEAP-COMISSIONADOS;GERENTE;NAO INFORMADO; CARGO COMISSION.S/VINCULO;3509,79;;3509,79;426,78;3083,01;
LILIAN REJANE NEGREIROS GUIMARAES;SEAP-COMISSIONADOS;ASSESSOR II;; CARGO COMISSION.S/VINCULO;4509,79;;4509,79;601,94;3907,85;
LINCON BATISTA DE OLIVEIRA;MUNICIPIO DE PARINTINS;SUBGERENTE;NAO INFORMADO; CARGO COMISSION.S/VINCULO;3227,73;;3227,73;374,68;2853,05;
LINDALVA MARTINS MOREIRA TRINDADE M;SEAP-EFETIVOS;TNS-I;; ESTATUTARIO;5183,01;;5183,01;800,50;4382,51;
LOURIVAL DA SILVA SOUZA;UNID.PRIS.SEMIABERTO FEM-UPSF;A.TEC-I;; ESTATUTARIO;4291,38;;4291,38;284,90;4006,48;
LUCIANA OLIVEIRA DO VALE;COMPAJ FECHADO;ASSESSOR II;; CARGO COMISSION.S/VINCULO;3509,79;;3509,79;426,78;3083,01;
LUCIANE COSTA DA SILVA;SEAP-COMISSIONADOS;GERENTE;NAO INFORMADO; CARGO COMISSION.S/VINCULO;4509,79;;4509,79;670,28;3839,51;
LUCIO DE HOLANDA BRAGA CAMPELO;CENT.DETEN PROV.MANAUS-CDPM II;TOPOGRAFO 3A CLASSE;; ESTATUTARIO;3963,02;;3963,02;328,89;3634,13;
LUIS ALBERTO SILVA DE MEDEIROS;MUNICIPIO DE PARINTINS;ASSISTENTE TECNICO A;; ESTATUTARIO;3877,54;;3877,54;308,07;3569,47;
LUIS ANAZILDO NASCIMENTO LIMA;SEAP-EFETIVOS;A.TEC-I;; ESTATUTARIO;4010,34;;4010,34;238,29;3772,05;
LUIS GONZAGA MONTEIRO RODRIGUES;CASA DO ALBERGADO DE MANAUS;AG.PEN-I;; ESTATUTARIO;4023,84;;4023,84;342,81;3681,03;
LUIZ CARLOS ANTONINA DA COSTA;CENT.DETEN PROV.MANAUS-CDPM II;A.TEC-II;; ESTATUTARIO;3641,46;;3641,46;220,50;3420,96;
LUIZ CARLOS BEZERRA DE OLIVEIRA;COMPAJ SEMI ABERTO;AUX.S.G-I;; ESTATUTARIO;3754,69;;3754,69;308,43;3446,26;
LUIZ CARLOS CARVALHO MATELINS;CENT.DE DETEN.PROV.MANAUS-CDPM;AG.PEN-II;; ESTATUTARIO;3933,19;;3933,19;259,55;3673,64;
LUIZ NAZARENO MIRANDA CHAVES;SEAP-COMISSIONADOS;GERENTE;NAO INFORMADO; CARGO COMISSION.S/VINCULO;4509,79;;4509,79;670,28;3839,51;
LUIZ RAFAEL PINHEIRO DA SILVA;SEAP-COMISSIONADOS;CABO;ASSESSOR IV; ESTATUTARIO;3000,00;;3000,00;67,98;2932,02;
MAGNO RAPOSO LARANJEIRA;CENTRO DE DET.PROV.FEMIN.-CDPF;CABO;ASSESSOR III; ESTATUTARIO;3000,00;;3000,00;95,20;2904,80;
MANOEL COELHO SA;MUNICIPIO DE TABATINGA;ASSESSOR III;ASSESSOR III AD-3; CARGO COMISSION.S/VINCULO;2193,80;;2193,80;170,44;2023,36;
MANOEL LOPES DE VASCONCELOS FILHO;UNID.PRIS.SEMIABERTO FEM-UPSF;A.TEC-I;; ESTATUTARIO;4023,84;;4023,84;350,52;3673,32;
MANOEL LUIZ DE CASTRO PERDIGAO;SEAP-EFETIVOS;A.TEC-I;; ESTATUTARIO;4010,34;;4010,34;342,83;3667,51;
MANOEL TAVARES DOS SANTOS;CENT.DE DETEN.PROV.MANAUS-CDPM;AG.PEN-I;; ESTATUTARIO;4032,59;;4032,59;344,94;3687,65;
MARCEL AMORIM BORGES;MUNICIPIO DE ITACOATIARA;CABO;DIRT.ADJ.UNID.AD-2; ESTATUTARIO;4000,00;;4000,00;159,88;3840,12;
MARCELO RAMOS PEREIRA;COMPAJ FECHADO;SOLDADO;DIRETOR ADJUNTO DE U; ESTATUTARIO;4000,00;;4000,00;263,87;3736,13;
MARCIA MARTINS SOARES;SEAP-EFETIVOS;AG.PEN-I;; ESTATUTARIO;4010,34;;4010,34;260,85;3749,49;
MARCILENE DUTRA SINIMBU;SEAP-EFETIVOS;AUXILIAR ADMINISTRATIVO;AUX. ADMINISTRATIVO; ESTATUTARIO;3761,81;;3761,81;278,69;3483,12;
MARCILENE MORAES SILVA;SEAP-COMISSIONADOS;CAPITAO;CHEFE DE GABINETE; ESTATUTARIO;5000,00;;5000,00;505,64;4494,36;
MARCIO ANDRE ARAUJO PINHO;CENT.DE DETEN.PROV.MANAUS-CDPM;SARGENTO 3;DIR. UNID. PRIS.AD-1; ESTATUTARIO;5000,00;;5000,00;453,50;4546,50;
MARCIO CALDAS DA SILVA;SEAP-COMISSIONADOS;SOLDADO;SUBGERENTE AD-3; ESTATUTARIO;3000,00;;3000,00;53,76;2946,24;
MARCIO SATURNINO MARICAUA;INSTIT.PENAL ANTONIO TRINDADE;SUB-TENENTE;ASSESSOR III; ESTATUTARIO;3000,00;;3000,00;39,54;2960,46;
MARCOS ANTONIO ASSUNCAO LIMA;CASA DO ALBERGADO DE MANAUS;AG.PEN-II;; ESTATUTARIO;3955,43;;3955,43;292,14;3663,29;
MARCOS GARCIA DE MORAES;CASA DO ALBERGADO DE MANAUS;ASSISTENTE TECNICO GOVERNAMENTAL;; ESTATUTARIO;3891,04;;3891,04;253,22;3637,82;
MARCOS JORGE DE OLIVEIRA E SILVA;HOSP.DE CUST.TRAT.PSIQUIATRICO;AUX.O-I;DIR.ADJUNTO AD-2; ESTATUTARIO;5090,29;;5090,29;387,57;4702,72;
MARCOS ROGERIO DA SILVA;CASA DO ALBERGADO DE MANAUS;AG.PEN-II;GERENTE AD-2; ESTATUTARIO;3946,69;;3946,69;290,01;3656,68;
MARCUS DE ARAUJO COSTA;CASA DO ALBERGADO DE MANAUS;A.TEC-I;; ESTATUTARIO;4023,84;;4023,84;322,08;3701,76;
MARCUS VINICIUS OLIVEIRA DE ALMEIDA;SEAP-COMISSIONADOS;TENENTE CORONEL;SECRETARIO DE ESTADO; ESTATUTARIO;28060,00;10582,72;17477,28;3936,89;13540,39;
MARIA DAS GRACAS MENDONCA FERREIRA;UNID.PRIS.SEMIABERTO FEM-UPSF;AG.PEN-I;; ESTATUTARIO;4217,08;;4217,08;344,18;3872,90;
MARIA DE FATIMA CRUZ GONCALVES;SEAP-EFETIVOS;A.TEC-I;; ESTATUTARIO;2420,55;;2420,55;180,48;2240,07;
MARIA DE FATIMA LIMA DA SILVA;SEAP-EFETIVOS;ASSISTENTE TECNICO 3A CLASSE;; ESTATUTARIO;4115,37;;4115,37;265,95;3849,42;
MARIA DE LOURDES FERREIRA;UNID.PRIS.SEMIABERTO FEM-UPSF;A.TEC-I;; ESTATUTARIO;4192,70;;4192,70;348,24;3844,46;
MARIA DE NAZARE RIBEIRO;SEAP-EFETIVOS;AG.PEN-I;; ESTATUTARIO;3907,37;;3907,37;341,90;3565,47;
MARIA DO PERPETUO SOCORRO S UCHOA;SEAP-EFETIVOS;A.OPE-I;; ESTATUTARIO;2712,34;;2712,34;197,82;2514,52;
MARIA DO SOCORRO FREITAS P SOUZA;CENTRO DE DET.PROV.FEMIN.-CDPF;DIRETOR DE UNIDADE PRISIONAL AD-1;; CARGO COMISSION.S/VINCULO;5529,77;;5529,77;986,40;4543,37;
MARIA ELZA DA SILVA RAPOZO;UNID.PRIS.SEMIABERTO FEM-UPSF;A.TEC-I;; ESTATUTARIO;4848,98;;4848,98;529,68;4319,30;
MARIA FERNANDA DANTAS DE SOUSA;PENITENCIARIA FEMIN.DE MANAUS;ASSISTENTE TECNICO GOVERNAMENTAL;; ESTATUTARIO;2757,18;;2757,18;181,54;2575,64;
MARIA LUCIA MATIAS SOUZA;SEAP-EFETIVOS;A.TEC-I;; ESTATUTARIO;4181,56;;4181,56;345,62;3835,94;
MARIA LUIZA OLIVEIRA DA SILVA;UNID.PRIS.SEMIABERTO FEM-UPSF;AG.PEN-I;AGENTE PENITENCIARIO; ESTATUTARIO;4220,87;;4220,87;315,49;3905,38;
MARIA RAIMUNDA JANUARIO DE SOUZA;MUNICIPIO DE ITACOATIARA;ASSESSOR III;ASSESSOR III AD-3; CARGO COMISSION.S/VINCULO;3491,80;;3491,80;422,40;3069,40;
MARIANA CUNHA DA SILVA;CENTRO DE DET.PROV.FEMIN.-CDPF;GERENTE;; CARGO COMISSION.S/VINCULO;3509,79;;3509,79;426,78;3083,01;
MARILU MONTENEGRO PEIXOTO;SEAP-COMISSIONADOS;GERENTE;GERENTE AD-2; CARGO COMISSION.S/VINCULO;4509,79;;4509,79;670,28;3839,51;
MARINETE DA COSTA SUBIRANA;CASA DO ALBERGADO DE MANAUS;AG.PEN-I;; ESTATUTARIO;3973,62;;3973,62;357,43;3616,19;
MARIVALDO GOMES DOS SANTOS;COMPAJ SEMI ABERTO;MOT-I;; ESTATUTARIO;3537,39;;3537,39;176,86;3360,53;
MARLI SOUZA DA SILVA;SEAP-EFETIVOS;A.TEC-I;CHF S APOIO TRABALHO; ESTATUTARIO;3632,83;;3632,83;228,77;3404,06;
MATHEUS OLIVEIRA DA SILVA ROCHA;COMPAJ SEMI ABERTO;SUBGERENTE;SUBGERENTE AD-3; CARGO COMISSION.S/VINCULO;3491,80;;3491,80;422,40;3069,40;
MAURIDIO GEORGE DE MOURA COSTA;HOSP.DE CUST.TRAT.PSIQUIATRICO;DENTISTA 1A.CLASSE-DENT-I;; ESTATUTARIO;4646,61;;4646,61;616,67;4029,94;
MAYARA SOARES SANTIAGO;SEAP-COMISSIONADOS;ASSESSOR II;ASSESSOR II AD-2; CARGO COMISSION.S/VINCULO;3509,79;;3509,79;426,78;3083,01;
MESSIAS GARCIA CORDEIRO;SEAP-EFETIVOS;A.TEC-I;; ESTATUTARIO;3410,34;;3410,34;235,95;3174,39;
MICAEL ASSUNCAO LIMA;SEAP-COMISSIONADOS;SARGENTO 3;DIRETOR ADJUNTO DE U; ESTATUTARIO;4000,00;;4000,00;159,88;3840,12;
MICHELLE SOARES DOS SANTOS;SEAP-COMISSIONADOS;GERENTE;NAO INFORMADO; CARGO COMISSION.S/VINCULO;4509,79;;4509,79;670,28;3839,51;
MIGUEL AUGUSTO GOMES ANDRADE;CASA DO ALBERGADO DE MANAUS;A.TEC-I;; ESTATUTARIO;4215,90;;4215,90;241,27;3974,63;
MONICA ALVES DA SILVA MACEDO;SEAP-COMISSIONADOS;ASSESSOR IV;NAO INFORMADO; CARGO COMISSION.S/VINCULO;3475,61;;3475,61;418,48;3057,13;
NAASSON SERRAO DA COSTA;COMPAJ SEMI ABERTO;AG.PEN-II;; ESTATUTARIO;3946,69;;3946,69;318,45;3628,24;
NATANAEL FIGUEIREDO DE SOUZA FILHO;SEAP-COMISSIONADOS;ASSESSOR I;NAO INFORMADO; CARGO COMISSION.S/VINCULO;5529,77;;5529,77;727,69;4802,08;
NEILY DUARTE BURGOS;SEAP-COMISSIONADOS;GERENTE;GERENTE AD-2; CARGO COMISSION.S/VINCULO;4509,79;;4509,79;670,28;3839,51;
NEIZONEIDE SALDANHA RIBEIRO;MUNICIPIO DE TABATINGA;SARGENTO 3;DIRETOR ADJUNTO DE U; ESTATUTARIO;2400,00;;2400,00;;2400,00;
NELVANIZE NASCIMENTO DA SILVEIRA;SEAP-EFETIVOS;ASSISTENTE TECNICO 3A CLASSE;; ESTATUTARIO;3891,31;;3891,31;208,46;3682,85;
NICOLLE LOUREIRO AMORIM;GABINETE DO SECRETARIO;ASSESSOR I;NAO INFORMADO; CARGO COMISSION.S/VINCULO;4529,77;;4529,77;676,15;3853,62;
NILMAR DE OLIVEIRA SANTOS;CASA DO ALBERGADO DE MANAUS;AUX.S.G-I;; ESTATUTARIO;3899,56;;3899,56;283,53;3616,03;
NILZA DA COSTA LIMA;SEAP-EFETIVOS;AUX.S.G-I;AUX SERV GERAIS; ESTATUTARIO;4035,28;;4035,28;247,01;3788,27;
OBERDAN BARROS BATISTA;CASA DO ALBERGADO DE MANAUS;AG.PEN-II;; ESTATUTARIO;3941,46;;3941,46;262,33;3679,13;
OCLEODO DOS SANTOS TORRES;SEAP-COMISSIONADOS;ASSESSOR IV;NAO INFORMADO; CARGO COMISSION.S/VINCULO;3475,61;;3475,61;418,48;3057,13;
ODILON DE ALBUQUERQUE MAMEDE;UNIDADE PRISIONAL PURAQUEQUARA;CABO;ASSESSOR III; ESTATUTARIO;3000,00;;3000,00;67,98;2932,02;
ODILSON SERGIO DA SILVA AQUINO;CASA DO ALBERGADO DE MANAUS;A.TEC-II;; ESTATUTARIO;3954,96;;3954,96;186,28;3768,68;
ORDEMIRO BARBOSA MARINHO;CASA DO ALBERGADO DE MANAUS;AG.PEN-I;; ESTATUTARIO;4230,58;;4230,58;289,32;3941,26;
ORLANDO AUGUSTO DA SILVA BELOTA;CASA DO ALBERGADO DE MANAUS;A.TEC-I;; ESTATUTARIO;4019,09;;4019,09;293,76;3725,33;
OSCAR LEAO RUBIM;SEAP-EFETIVOS;A.TEC-I;; ESTATUTARIO;4001,57;;4001,57;288,87;3712,70;
OSIEL FIRMINO DE SOUZA;CASA DO ALBERGADO DE MANAUS;AG.PEN-I;; ESTATUTARIO;4010,32;;4010,32;196,07;3814,25;
OSTAFO CAMPOS MONTEIRO;CASA DO ALBERGADO DE MANAUS;A.TEC-I;; ESTATUTARIO;4032,59;;4032,59;226,64;3805,95;
OSVALDO DE FREITAS ELOI NETO;MUNICIPIO DE COARI;SARGENTO 3;DIRETOR DE UNIDADE P; ESTATUTARIO;5000,00;;5000,00;453,50;4546,50;
PATRESE RICH PROCOPIO DE ARRUDA;SEAP-COMISSIONADOS;SUBGERENTE;; CARGO COMISSION.S/VINCULO;3491,80;;3491,80;422,40;3069,40;
PATRICIA ANDRADE LIMA;SEAP-COMISSIONADOS;SARGENTO 3;GERENTE; ESTATUTARIO;4000,00;;4000,00;221,21;3778,79;
PATRICK LIMA DE OLIVEIRA;SEAP-COMISSIONADOS;ASSESSOR IV;; CARGO COMISSION.S/VINCULO;3475,61;;3475,61;418,48;3057,13;
PAULA FERNANDA COSTA DE CASTRO;SEAP-COMISSIONADOS;SUBGERENTE;NAO INFORMADO; CARGO COMISSION.S/VINCULO;3491,80;;3491,80;422,40;3069,40;
PAULO CESAR GOMES DE O JUNIOR;SEAP-COMISSIONADOS;TENENTE CORONEL;SECRETARIA EXECUTIVA; ESTATUTARIO;9900,00;;9900,00;1696,73;8203,27;
PAULO ELVIS DA COSTA SOARES;CENT.DETEN PROV.MANAUS-CDPM II;A.TEC-I;; ESTATUTARIO;3992,86;;3992,86;227,21;3765,65;
PAULO JEFFERSON CATUNDA;CASA DO ALBERGADO DE MANAUS;A.TEC-I;; ESTATUTARIO;4096,50;;4096,50;254,50;3842,00;
PAULO NUNES DA CRUZ;MUNICIPIO DE TABATINGA;DIRETOR DE UNIDADE PRISIONAL;DIR DE UNI PRIS; CARGO COMISSION.S/VINCULO;7273,03;;7273,03;1513,91;5759,12;
PAULO ONEY SANTOS CAVALCANTE;MUNICIPIO DE TEFE;CABO;DIRETOR ADJUNTO DE U; ESTATUTARIO;3000,00;;3000,00;95,20;2904,80;
PAULO ROBERTO JENNINGS;CASA DO ALBERGADO DE MANAUS;A.TEC-I;; ESTATUTARIO;4215,90;;4215,90;267,22;3948,68;
PAULO ROBERTO PINTO DE VASCONCELOS;CASA DO ALBERGADO DE MANAUS;AG.PEN-I;; ESTATUTARIO;4032,59;;4032,59;255,25;3777,34;
PAULO SERGIO CORDEIRO OLIVEIRA;PENITENCIARIA FEMIN.DE MANAUS;DIRETOR DE UNIDADE PRISIONAL;; CARGO COMISSION.S/VINCULO;5529,77;;5529,77;986,40;4543,37;
PAULO WILLCON BARRETO CRISPIM;SEAP-COMISSIONADOS;MAJOR;ASSESSOR II; ESTATUTARIO;4000,00;;4000,00;188,32;3811,68;
PEDRO BENTES BARANDA BISNETO;SEAP-COMISSIONADOS;SUBGERENTE;NAO INFORMADO; CARGO COMISSION.S/VINCULO;2495,80;;2495,80;197,62;2298,18;
PEDRO COSTA DA CUNHA;COMPAJ SEMI ABERTO;AUX.O-I;; ESTATUTARIO;3890,81;;3890,81;252,96;3637,85;
PEDRO HELCIO CASTILHO COELHO;MUNICIPIO DE MAUES;ASSESSOR III;; CARGO COMISSION.S/VINCULO;2193,80;;2193,80;170,44;2023,36;
POTIGUARA MATIAS DOS SANTOS;COMPAJ FECHADO;GERENTE;GERENTE AD-2; CARGO COMISSION.S/VINCULO;3509,79;;3509,79;426,78;3083,01;
PRISCILLA MALTA MARINHO DE ARAUJO;SEAP-COMISSIONADOS;TENENTE 2;CHEFE DE DEPARTAMENT; ESTATUTARIO;5000,00;;5000,00;453,50;4546,50;
RAFAEL GONZAGA PINHEIRO;SEAP-COMISSIONADOS;TENENTE 1;CHEFE DE DEPARTAMENT; ESTATUTARIO;5000,00;;5000,00;453,50;4546,50;
RAIMUNDA DORALICE LOPES DE SOUZA;MUNICIPIO DE TABATINGA;ASSESSOR III;ASSESSOR III AD-3; CARGO COMISSION.S/VINCULO;2193,80;;2193,80;170,44;2023,36;
RAIMUNDA FRANCISCA CARVALHO SOUZA;SEAP-EFETIVOS;A.TEC-I;; ESTATUTARIO;4015,26;;4015,26;224,94;3790,32;
RAIMUNDA MARQUES SAMPAIO;SEAP-INTERIOR;ASSISTENTE TECNICO GOVERNAMENTAL;; ESTATUTARIO;3895,02;;3895,02;255,45;3639,57;
RAIMUNDO ANTONIO MOTA MESQUITA;SEAP-INTERIOR;AG.PEN-I;; ESTATUTARIO;4010,34;;4010,34;312,35;3697,99;
RAIMUNDO AROLDO LUCAS DE MACEDA;CENT.DETEN PROV.MANAUS-CDPM II;CABO;DIRETOR DE UNIDADE P; ESTATUTARIO;5000,00;;5000,00;453,50;4546,50;
RAIMUNDO FREITAS DE MORAES;CENT.DETEN PROV.MANAUS-CDPM II;A.TEC-I;DIGITADOR; ESTATUTARIO;4010,34;;4010,34;348,50;3661,84;
RAIMUNDO GONZAGA DA SILVA GOMES;SEAP-INTERIOR;AG.PEN-I;; ESTATUTARIO;4019,09;;4019,09;286,04;3733,05;
RAIMUNDO MAYCON MORAES DE SOUZA;MUNICIPIO DE PARINTINS;DIRETOR ADJUNTO DE UNID.PRISIONAL;NAO INFORMADO; CARGO COMISSION.S/VINCULO;3509,79;;3509,79;426,78;3083,01;
RAIMUNDO NONATO DIMAS;SEAP-INTERIOR;AGENTE PENITENCIARIO 3A CLASSE;; ESTATUTARIO;3951,28;;3951,28;344,06;3607,22;
RAIMUNDO NONATO DOS SANTOS MELLO;SEAP-EFETIVOS;AUX.HSP-I;; ESTATUTARIO;3255,14;;3255,14;205,07;3050,07;
RAIMUNDO NONATO NASCIMENTO TAVARES;HOSP.DE CUST.TRAT.PSIQUIATRICO;AUX.S.G-I;; ESTATUTARIO;3294,80;;3294,80;222,07;3072,73;
RAIMUNDO SOARES NOGUEIRA;SEAP-EFETIVOS;AUX.O-I;; ESTATUTARIO;3853,72;;3853,72;171,99;3681,73;
RAIMUNDO XAVIER CARDOSO TAVARES;SEAP-INTERIOR;AG.PEN-I;; ESTATUTARIO;4032,59;;4032,59;263,41;3769,18;
RAQUEL AUGUSTA LIMA COSTA;MUNICIPIO DE COARI;ASSESSOR III;NAO INFORMADO; CARGO COMISSION.S/VINCULO;2193,80;;2193,80;170,44;2023,36;
RAYSSA FERNANDA DE SOUZA GADELHA;CONSELHO PENITENCIARIO;MEMBRO DE CONSELHO;; CONSELHO;429,20;;429,20;;429,20;
RAYSSA FERNANDA DE SOUZA GADELHA;SEAP-COMISSIONADOS;ASSESSOR II;NAO INFORMADO; CARGO COMISSION.S/VINCULO;4509,79;;4509,79;670,28;3839,51;
RENAN OLIVEIRA DE CARVALHO;SEAP-COMISSIONADOS;CAPITAO;COORD.DO SISTEMA PRI; ESTATUTARIO;8100,00;;8100,00;877,33;7222,67;
RICARDO ALEXANDRE DEIRÓ SANTOS;SEAP-COMISSIONADOS;GERENTE;NAO INFORMADO; CARGO COMISSION.S/VINCULO;4509,79;;4509,79;670,28;3839,51;
RITA BATISTA MAIA;SEAP-EFETIVOS;ASSISTENTE TECNICO GOVERNAMENTAL;; ESTATUTARIO;2279,54;;2279,54;148,52;2131,02;
ROBERT WASHINGTON BARRETO;COMPAJ FECHADO;SARGENTO 3;DIRETOR DE UNIDADE P; ESTATUTARIO;5000,00;;5000,00;505,64;4494,36;
ROBERTO ANTONIO PEREIRA DOS SANTOS;COMPAJ SEMI ABERTO;A.TEC-I;AG ADMINISTRATIVO; ESTATUTARIO;3410,34;;3410,34;207,51;3202,83;
ROCINALDO JESUS DA SILVA;CASA DO ALBERGADO DE MANAUS;AG.PEN-II;; ESTATUTARIO;3933,19;;3933,19;316,42;3616,77;
RODRIGO MARTINS DE OLIVEIRA;MUNICIPIO DE HUMAITA;DIRETOR DE UNIDADE PRISIONAL;DIR. DE UNIDADE; CARGO COMISSION.S/VINCULO;5529,77;;5529,77;986,40;4543,37;
RODRIGO MELO DA SILVA;SEAP-COMISSIONADOS;SUBGERENTE;NAO INFORMADO; CARGO COMISSION.S/VINCULO;3491,80;;3491,80;422,40;3069,40;
ROGERIO FONSECA;CASA DO ALBERGADO DE MANAUS;A.TEC-I;; ESTATUTARIO;4291,38;;4291,38;341,77;3949,61;
RONALDO FERREIRA COELHO;SEAP-COMISSIONADOS;SUBGERENTE;SUBGERENTE; CARGO COMISSION.S/VINCULO;2891,80;;2891,80;267,35;2624,45;
RONILSON DA COSTA OTERO;SEAP-COMISSIONADOS;SOLDADO;SUBGERENTE AD-3; ESTATUTARIO;3000,00;;3000,00;53,76;2946,24;
ROSACLEIDE PEREIRA FOLHADELA;UNID.PRIS.SEMIABERTO FEM-UPSF;ASSISTENTE TECNICO 3A CLASSE;; ESTATUTARIO;4018,97;;4018,97;341,25;3677,72;
ROSANGELA CRISTINA TAVARES PINHEIRO;SEAP-COMISSIONADOS;ASSESSOR II;ASSESSOR II AD-2; CARGO COMISSION.S/VINCULO;3509,79;;3509,79;426,78;3083,01;
ROSARIA GONCALVES DE SOUZA;SEAP-EFETIVOS;AUX.S.G-II;; ESTATUTARIO;2306,15;;2306,15;137,85;2168,30;
ROSEANE TORRES LIMA;CONSELHO PENITENCIARIO;MEMBRO DE CONSELHO;; CONSELHO;429,20;;429,20;;429,20;
ROSINEIDE PEREIRA DE LIMA;SEAP-COMISSIONADOS;ASSESSOR III;ASSESSOR III AD3; CARGO COMISSION.S/VINCULO;3491,80;;3491,80;422,40;3069,40;
ROSSEMARILANE VIANA DE OLIVEIRA;SEAP-INTERIOR;AG.PEN-I;; ESTATUTARIO;3989,02;;3989,02;360,33;3628,69;
ROSSICLEIDE DE SOUZA SILVA;SEAP-COMISSIONADOS;GERENTE;GERENTE AD-2; CARGO COMISSION.S/VINCULO;4509,79;;4509,79;670,28;3839,51;
RUAN LUKA LIMA DE MELO;CENT.DE DETEN.PROV.MANAUS-CDPM;CABO;DIRETOR ADJUNTO DE U; ESTATUTARIO;3000,00;;3000,00;95,20;2904,80;
RUDNEY DOS SANTOS CUNHA;UNIDADE PRISIONAL PURAQUEQUARA;SOLDADO;SUBGERENTE; ESTATUTARIO;6000,00;;6000,00;780,64;5219,36;
SAMUEL FERREIRA DA SILVA;MUNICIPIO DE PARINTINS;AG.PEN-I;; ESTATUTARIO;3710,34;;3710,34;369,23;3341,11;
SAMUEL MARTINS COELHO JUNIOR;SEAP-COMISSIONADOS;ASSESSOR IV;NAO INFORMADO; CARGO COMISSION.S/VINCULO;3475,61;;3475,61;418,48;3057,13;
SANSAO DA SILVA BELEM;SEAP-EFETIVOS;MOT-II;; ESTATUTARIO;4066,41;;4066,41;264,73;3801,68;
SARKIS BORGES;MUNICIPIO DE MAUES;DIRETOR ADJ.DE UNID.PRISIONAL AD-2;; CARGO COMISSION.S/VINCULO;2909,79;;2909,79;270,20;2639,59;
SAUL RODRIGUES DE MELO FILHO;CASA DO ALBERGADO DE MANAUS;A.TEC-I;; ESTATUTARIO;4019,09;;4019,09;350,63;3668,46;
SEBASTIANA GRACA DE SENNA PINAGE;SEAP-EFETIVOS;A.TEC-I;; ESTATUTARIO;3005,57;;3005,57;189,81;2815,76;
SEBASTIAO PINHEIRO DA SILVA;SEAP-INTERIOR;ASSISTENTE TECNICO GOVERNAMENTAL;; ESTATUTARIO;3893,99;;3893,99;180,49;3713,50;
SERGIO PAULO LIMA GONZAGA;SEAP-COMISSIONADOS;SARGENTO 2;ASSESSOR I AD-1; ESTATUTARIO;4000,00;;4000,00;159,88;3840,12;
SILVIA HELENA ANTUNES DOS SANTOS;SEAP-COMISSIONADOS;CORREGEDOR AD-1;NAO INFORMADO; CARGO COMISSION.S/VINCULO;8847,63;;8847,63;1431,74;7415,89;
SIMONE FARIAS NEGRAO;SEAP-COMISSIONADOS;ASSESSOR II;NAO INFORMADO; CARGO COMISSION.S/VINCULO;4509,79;;4509,79;670,28;3839,51;
SONIA MARIA BEZERRA CABRAL;SEAP-COMISSIONADOS;TNS-I;DIR. ESC.PENIT.AD-1; ESTATUTARIO;7325,67;;7325,67;1203,40;6122,27;
SONIA MARIA DOS SANTOS GOMES;SEAP-COMISSIONADOS;ASSESSOR II;ASSESSOR II AD-2; CARGO COMISSION.S/VINCULO;4509,79;;4509,79;670,28;3839,51;
SUELEN CRISTINA DE SOUZA CAVALCANTE;PENITENCIARIA FEMIN.DE MANAUS;SUBGERENTE;; CARGO COMISSION.S/VINCULO;2591,80;;2591,80;267,35;2324,45;
SUELY BORGES OLIVEIRA;UNID.PRIS.SEMIABERTO FEM-UPSF;DIRETOR DE UNIDADE PRISIONAL AD-1;DIR. UND. PRIS. AD-1; CARGO COMISSION.S/VINCULO;5529,77;;5529,77;986,40;4543,37;
SUELY DE MELO COSTA;SEAP-EFETIVOS;TECNICO DE NIVEL SUPERIOR;; ESTATUTARIO;4400,64;;4400,64;522,95;3877,69;
SUZALINDA DA SILVA E SILVA;UNID.PRIS.SEMIABERTO FEM-UPSF;AG.PEN-II;; ESTATUTARIO;5326,23;;5326,23;593,15;4733,08;
SUZY DAYANA PEREIRA CHAGAS;SEAP-COMISSIONADOS;TENENTE 1;ASSESSOR I; ESTATUTARIO;5000,00;;5000,00;505,64;4494,36;
TATIANA DA SILVA RIBEIRO;CASA DO ALBERGADO DE MANAUS;GERENTE;GERENTE AD-2; CARGO COMISSION.S/VINCULO;3509,79;;3509,79;426,78;3083,01;
TATIANA FERREIRA DA SILVA;SEAP-COMISSIONADOS;SUBGERENTE;; CARGO COMISSION.S/VINCULO;2495,80;;2495,80;197,62;2298,18;
TATIANE LOPES MARTINS;SEAP-COMISSIONADOS;ASSESSOR III;NAO INFORMADO; CARGO COMISSION.S/VINCULO;5783,60;;5783,60;972,08;4811,52;
TATIANE LOPES PEREIRA;MUNICIPIO DE TABATINGA;ASSESSOR III;ASSESSOR III AD-3; CARGO COMISSION.S/VINCULO;2193,80;;2193,80;170,44;2023,36;
TEREZINHA PINHEIRO DA SILVA;UNID.PRIS.SEMIABERTO FEM-UPSF;AUX.HSP-I;; ESTATUTARIO;2735,69;;2735,69;184,53;2551,16;
THATIANY SOARES MOREIRA;SEAP-COMISSIONADOS;ASSESSOR IV;; CARGO COMISSION.S/VINCULO;3475,61;;3475,61;418,48;3057,13;
THAYS BRITO PESSOA;SEAP-COMISSIONADOS;ASSESSOR II;NAO INFORMADO; CARGO COMISSION.S/VINCULO;3509,79;;3509,79;426,78;3083,01;
THYAGO DE SOUZA PIRES;CENT.DE DETEN.PROV.MANAUS-CDPM;GERENTE;; CARGO COMISSION.S/VINCULO;3509,79;;3509,79;426,78;3083,01;
VALDEIA MAGALHÃES ROCHA;MUNICIPIO DE PARINTINS;ASSISTENTE TECNICO GOVERNAMENTAL;; ESTATUTARIO;3895,02;;3895,02;209,11;3685,91;
VALDEMAR ARAUJO COSTA;CASA DO ALBERGADO DE MANAUS;A.TEC-I;; ESTATUTARIO;3783,56;;3783,56;274,50;3509,06;
VALERIA ARAUJO DIAS;SEAP-COMISSIONADOS;ASSESSOR II;; CARGO COMISSION.S/VINCULO;4509,79;;4509,79;670,28;3839,51;
VALNECI GOMES DE SOUZA;SEAP-COMISSIONADOS;SARGENTO 1;ASSESSOR III; ESTATUTARIO;3000,00;;3000,00;95,20;2904,80;
VANESSA DE MOURA PEREIRA;SEAP-COMISSIONADOS;GERENTE;NAO INFORMADO; CARGO COMISSION.S/VINCULO;5913,05;;5913,05;1121,87;4791,18;
VICTOR CASTRO BARBOSA;SEAP-COMISSIONADOS;CABO;SUBGERENTE; ESTATUTARIO;3000,00;;3000,00;95,20;2904,80;
VICTOR NEGRAO REIS;SEAP-COMISSIONADOS;ASSESSOR II;; CARGO COMISSION.S/VINCULO;4509,79;;4509,79;670,28;3839,51;
VICTOR NEGRAO REIS;CONSELHO PENITENCIARIO;MEMBRO DE CONSELHO;; CONSELHO;3219,00;;3219,00;128,05;3090,95;
VITOR MORAES DE SOUZA;SEAP-COMISSIONADOS;CAPITAO;ASSESSOR I; ESTATUTARIO;5000,00;;5000,00;403,55;4596,45;
VIVIAN MONTENEGRO PEIXOTO;SEAP-COMISSIONADOS;ASSESSOR III;ASSESSOR III; CARGO COMISSION.S/VINCULO;3491,80;;3491,80;422,40;3069,40;
WASNEY AGUIAR BITTENCOURT;SEAP-EFETIVOS;AUX.HSP-I;; ESTATUTARIO;3877,31;;3877,31;229,40;3647,91;
WELLINGTON DOS SANTOS MACIEL;MUNICIPIO DE TABATINGA;ASSESSOR III;; CARGO COMISSION.S/VINCULO;2825,07;;2825,07;256,79;2568,28;
WENDEL PINTO DA SILVA;SEAP-COMISSIONADOS;SUBGERENTE;NAO INFORMADO; CARGO COMISSION.S/VINCULO;3491,80;;3491,80;422,40;3069,40;
WENDEL SALES CAVALCANTE;MUNICIPIO DE COARI;CABO;DIRETOR ADJUNTO DE U; ESTATUTARIO;2400,00;;2400,00;22,98;2377,02;
WENDERSON SILVA SOEIRO;SEAP-COMISSIONADOS;CABO;ASSESSOR IV; ESTATUTARIO;3000,00;;3000,00;95,20;2904,80;
WENGLAY FREITAS DA COSTA;SEAP-COMISSIONADOS;GERENTE;NAO INFORMADO; CARGO COMISSION.S/VINCULO;3509,79;;3509,79;426,78;3083,01;
WILKENS CARLEM DALMEIDA BEZERRA;SEAP-COMISSIONADOS;ASSESSOR III;NAO INFORMADO; CARGO COMISSION.S/VINCULO;2891,80;;2891,80;267,35;2624,45;
WILLIAM ORAN BARROS COUPE;SEAP-COMISSIONADOS;SUBGERENTE;NAO INFORMADO; CARGO COMISSION.S/VINCULO;5783,60;;5783,60;570,19;5213,41;
WILLIAMS SANTOS DAMASCENO;SEAP-COMISSIONADOS;T.HSP-I;; ESTATUTARIO;4027,83;;4027,83;373,49;3654,34;
ZEINE SAID RUIZ;CASA DO ALBERGADO DE MANAUS;A.TEC-I;; ESTATUTARIO;4196,48;;4196,48;376,42;3820,06;
