NOME;LOTACAO;CARGO;FUNCAO;VINCULO;REMUNERACAO LEGAL TOTAL(R$);DESC.TETO(R$); REMUNERACAO LEGAL DEVIDA(R$);DESCONTOS LEGAIS(R$);LIQUIDO DISPONIVEL(R$);
ADALBERTO SENA DE ASSIS;NUCLEO DE TRANSPORTE;MOTORISTA 3A CLASSE;; ESTATUTARIO;4074,49;;4074,49;348,82;3725,67;
ADALGISA TAVARES DOS SANTOS CAMPOS;GERENCIA DE REGISTRO DE DADOS;A.TEC-I;; ESTATUTARIO;4191,94;;4191,94;347,50;3844,44;
ADMIR BRAGA DA SILVA;NUCLEO DE VIGILANCIA;AUXILIAR ADMINISTRATIVO;; ESTATUTARIO;2549,09;;2549,09;143,76;2405,33;
ADRIANO DOS SANTOS;PESSOAL PROC.DE APOSENTADORIA;AUX.O-I;; ESTATUTARIO;2707,22;;2707,22;174,62;2532,60;
ADRIELE SALES LIRA;DEPTO.DE TEC.DE INFORMACAO;ASSESSOR I;; CARGO COMISSION.S/VINCULO;5529,77;;5529,77;986,40;4543,37;
AGDA MARTINS COLADO;GERENCIA DE REGISTRO DE DADOS;A.TEC-I;; ESTATUTARIO;3992,87;;3992,87;343,02;3649,85;
AGENOR PANILHA CAMPOS;GER.DE APOIO, MANUT.LOGISTICA;A.TEC-I;; ESTATUTARIO;3397,79;;3397,79;232,40;3165,39;
AGOSTINHO MAIA JUNIOR;GER.DE BEM ESTAR DE SERVIDOR;CHEFE DE DEPARTAMENTO;; CARGO COMISSION.S/VINCULO;5529,77;;5529,77;986,40;4543,37;
ALBERTINA JUSTINA DOS SANTOS;GABINETE DO SECRETARIO APOIO;AUX.S.G-I;; ESTATUTARIO;2751,05;;2751,05;180,32;2570,73;
ALDECY PESSOA DE MELO;NUCLEO DE VIGILANCIA;VIGIA PNF.VIG-III;; ESTATUTARIO;3161,81;;3161,81;233,31;2928,50;
ALDENIR DA SILVA MACHADO;GER.DE CONT.PATR.IMOBILIARIO;ASSESSOR III;; CARGO COMISSION.S/VINCULO;3491,80;;3491,80;422,40;3069,40;
ALEANDRO DANTAS CHAVES;GER.DE CONTR.PATRIM.MOBILIARIO;AUX.ADM-II;GERENTE; ESTATUTARIO;3816,15;;3816,15;296,31;3519,84;
ALESSANDRA DA ROCHA COSTA;JUNTA MEDICO-PERICIAL DO EST.;AUX.S.G-II;AUX. SERVICOS GERAIS; ESTATUTARIO;2799,27;;2799,27;133,80;2665,47;
ALEX HARLEY SALES LAUDELINO;NUCLEO DE VIGILANCIA;MARINHEIRO FLUVIAL DE CONVES;; ESTATUTARIO;3364,13;;3364,13;225,02;3139,11;
ALEXANDRE DULVAL LUCENA NASCIMENTO;GERENC.DE APOIO ADMINISTRATIVO;ASSISTENTE TECNICO 1A CLASSE;; ESTATUTARIO;6502,08;;6502,08;905,01;5597,07;
ALFREDO JOSE DE CAMPOS BANDEIRA;GERENC.DE APOIO ADMINISTRATIVO;TNS-I;; ESTATUTARIO;3407,08;;3407,08;394,78;3012,30;
ALLYNE KELLY MENEZES B OLIVEIRA;JUNTA MEDICO-PERICIAL DO EST.;MEDICO GENERALISTA;PERITO; ESTATUTARIO;1250,00;;1250,00;;1250,00;
ALMIR SALES DE ANDRADE;DISPONIVEL SEAD;OPERADOR DE RADIO;; ESTATUTARIO;1157,00;;1157,00;109,78;1047,22;
ALMIR SAMPAIO CAVALCANTE;GRUP.INT.PREV.INVAS.AREAS PUB.;TNS-I;ASS DE SEG FUNCIONAL; ESTATUTARIO;7292,96;;7292,96;1208,40;6084,56;
ALUISIO DE SOUSA PIMENTEL;NUCLEO DE TRANSPORTE;MOT-III;; ESTATUTARIO;3002,03;;3002,03;202,67;2799,36;
ALVARO MONTEIRO MAIA;DISPONIVEL SEAD;ENGENHEIRO 1A CLASSE;; ESTATUTARIO;1367,63;;1367,63;128,95;1238,68;
ANA LUCIA BATISTA LIMA;EXTINTO B.CARGOS AGUARD.RELOT.;TNS-I;; ESTATUTARIO;3084,47;;3084,47;402,38;2682,09;
ANA MARIA BOTINELLY CUNHA E SILVA;DISPONIVEL TCM;AUDITOR ADJUNTO;; ESTATUTARIO;10864,60;;10864,60;2434,26;8430,34;
ANA MARIA FARIAS EVANGELISTA;PESSOAL PROC.DE APOSENTADORIA;AUDITOR ASSISTENTE - N.S.;; ESTATUTARIO;1097,23;;1097,23;99,18;998,05;
ANA PAULA ARAUJO MACIEL;GERENCIA DE PESSOAL;ASSESSOR II;; CARGO COMISSION.S/VINCULO;4509,79;;4509,79;670,28;3839,51;
ANA SERGIA ALVES DA SILVA LIMA;GER.DE CONT.PATR.IMOBILIARIO;GERENTE;; CARGO COMISSION.S/VINCULO;4509,79;;4509,79;670,28;3839,51;
ANA VIRGINIA DE VASCONCELOS NORONHA;DISPONIVEL TCM;AUDITOR ADJUNTO;; ESTATUTARIO;8460,21;;8460,21;1666,66;6793,55;
ANA VIRGINIA SILVA LEMOS DE AGUIAR;CHEFIA DE GABINETE;CHEFE DE GABINETE;NAO INFORMADO; CARGO COMISSION.S/VINCULO;5529,77;;5529,77;986,40;4543,37;
ANDRE LUIZ NOGUEIRA DE SOUZA;GER.DE DIAGNOST.PLANEJAMENTO;GERENTE;; CARGO COMISSION.S/VINCULO;4509,79;;4509,79;670,28;3839,51;
ANDREA COELHO DA SILVA CORREA;GER.DE PLANEJ.ORC.E FINANCAS;GERENTE;; CARGO COMISSION.S/VINCULO;4300,00;;4300,00;263,87;4036,13;
ANDREZA HELENA DA SILVA;COORD.TEC.DE AUD.DOS SISTEMAS;A.TEC-II;COORD.REC.HUMANOS; ESTATUTARIO;9300,00;;9300,00;1668,94;7631,06;
ANELY CRISTINA RIBEIRO ARRUDA;GERENCIA DE REGISTRO DE DADOS;ASSESSOR II;; CARGO COMISSION.S/VINCULO;4509,79;;4509,79;641,84;3867,95;
ANICE GODINHO PINTO;NUCLEO DE PROTOCOLO;A.TEC-I;; ESTATUTARIO;4001,57;;4001,57;345,74;3655,83;
ANIZIMAR LOPES MESSIAS;DEPTO.DE GESTAO DE PESSOAS;A.TEC-I;; ESTATUTARIO;4001,57;;4001,57;345,74;3655,83;
ANTONIA CORREA DA SILVA;PENSIONISTAS ALFREDO DA MATA;PENSIONISTA LEI 1735 DE 14.11.85;; PENSIONISTA POR LEI;954,00;;954,00;;954,00;
ANTONIA NEDINA DA COSTA LIMA;GER.DE PROG.DE DESENVOLVIMENTO;AUX.ADM-I;; ESTATUTARIO;5049,95;;5049,95;508,79;4541,16;
ANTONIA ROBERTA SANTANA;GERENCIA DE FOLHA DE PAGAMENTO;A.TEC-I;F. GRATIFICADA, FG-3; ESTATUTARIO;5428,44;;5428,44;666,52;4761,92;
ANTONIO CARLOS FERNANDES DE SOUZA;DISPONIVEL SEAD;OPERADOR DE MAQUINA RODOVIARIA;; ESTATUTARIO;1157,00;;1157,00;109,78;1047,22;
ANTONIO CARLOS NERY SANTANA;ARQUIVO PUB.EST.DO AMAZONAS;A.TEC-I;; ESTATUTARIO;3650,66;;3650,66;297,95;3352,71;
ANTONIO CESAR BARONI PEREIRA;PESSOAL PROC.DE APOSENTADORIA;ENGENHEIRO AGRONOMO;; ESTATUTARIO;998,00;;998,00;109,78;888,22;
ANTONIO IRAN DE SOUZA LIMA;EXTINTO B.CARGOS AGUARD.RELOT.;TECNICO EM AGROPECUARIA;; ESTATUTARIO;1505,53;;1505,53;165,61;1339,92;
ANTONIO LUCIO DE MORAIS;NUCLEO DE VIGILANCIA;AUX.S.G-II;; ESTATUTARIO;2463,81;;2463,81;72,14;2391,67;
ANTONIO NERY DA SILVA;REMANEJADOS EXT.OUVID.GER.EST.;ASSISTENTE TECNICO;ASSISTENTE TECNICO; ESTATUTARIO;2056,51;;2056,51;152,37;1904,14;
ANTONIO NUNES PINHEIRO FILHO;DISPONIVEL POLICIA CIVIL;ESCRIVAO DE POLICIA 2A CLASSE;; ESTATUTARIO;22854,63;;22854,63;6544,67;16309,96;
APOENA NASCIMENTO TEIXEIRA;GERENC.DE DIARIAS E PASSAGENS;ASSESSOR II;; CARGO COMISSION.S/VINCULO;4509,79;;4509,79;550,86;3958,93;
ARQUIMEDES CARVALHO LASMAR;JUNTA MEDICO-PERICIAL DO EST.;A.TEC-I;; ESTATUTARIO;4001,62;;4001,62;345,15;3656,47;
ATILA DA SILVA GADELHA;GERENCIA DE FROTA;ASSESSOR II;; CARGO COMISSION.S/VINCULO;4509,79;;4509,79;613,40;3896,39;
AUREO GONCALVES NEVES;DISPONIVEL SEAD;TECNICO 2A CLASSE;; ESTATUTARIO;1157,00;;1157,00;109,78;1047,22;
CAMILA FROES BARROS;QUADRO DE RESERVA CARGO COM.;ASSESSOR II;; CARGO COMISSION.S/VINCULO;4509,79;;4509,79;670,28;3839,51;
CARLOS ALONSO ALENCAR QUEIROZ;EXTINTO B.CARGOS AGUARD.RELOT.;TECNICO;; ESTATUTARIO;5329,11;;5329,11;1136,19;4192,92;
CARLOS EDUARDO RAPOSO DA C ALENCAR;CONSULTORIA TEC-ADMINISTRATIVA;ASSESSOR I;; CARGO COMISSION.S/VINCULO;5529,77;;5529,77;986,40;4543,37;
CARLOS FERNANDO LIMA SOUZA;PESSOAL PROC.DE APOSENTADORIA;A.TEC-I;; ESTATUTARIO;1545,39;;1545,39;169,99;1375,40;
CARLOS GEISER RODRIGUES DE SOUZA;COMISSAO DE REGIME DISCIPLINAR;ASSESSOR II;; CARGO COMISSION.S/VINCULO;3509,79;;3509,79;426,78;3083,01;
CARLOS LIMA MARTINEZ NAVARRO;COORDENAD.DE GASTOS PUBLICOS;ASSESSOR I;NAO INFORMADO; CARGO COMISSION.S/VINCULO;5999,27;;5999,27;1152,45;4846,82;
CARMEM LUCIA ROSAS GOMES;COMISSAO DE REGIME DISCIPLINAR;A.TEC-I;F.GRATIFICADA, FG-3; ESTATUTARIO;5924,26;;5924,26;802,52;5121,74;
CASIMIRO CARDOSO DE ARAUJO FILHO;GERENC.DE APOIO ADMINISTRATIVO;MOTORISTA RODOVIARIO;; ESTATUTARIO;4158,77;;4158,77;298,06;3860,71;
CESAR DE SOUZA CAVALCANTE;COORDENAD.DE GASTOS PUBLICOS;COORDENADOR DE GASTOS PUBLICOS;; CARGO COMISSION.S/VINCULO;10708,26;;10708,26;2177,00;8531,26;
CEZARINA BARBOSA DE MEDEIROS;ARQUIVO PUB.EST.DO AMAZONAS;A.TEC-I;; ESTATUTARIO;3619,90;;3619,90;290,75;3329,15;
CHRYSTIANE APARECIDA DOS S PINAGE;GERENCIA DE REGISTRO DE DADOS;A.TEC-I;; ESTATUTARIO;4010,34;;4010,34;348,50;3661,84;
CLARICE CABRAL CARNEIRO DA CUNHA;GABINETE DO SECRETARIO APOIO;A.TEC-I;; ESTATUTARIO;4010,34;;4010,34;348,50;3661,84;
CLAUDIO SANTANA TRINDADE;GERENCIA DE PESSOAL;A.TEC-I;; ESTATUTARIO;4001,57;;4001,57;260,43;3741,14;
CLEIA FREITAS DE SOUZA E SILVA;GERENC.DE APOIO ADMINISTRATIVO;TNS-I;; ESTATUTARIO;9717,27;;9717,27;2003,28;7713,99;
CLEODIVAN MENEZES DE PAULA;GERENCIA DE FROTA;GERENTE;; CARGO COMISSION.S/VINCULO;5913,05;;5913,05;1069,73;4843,32;
CLERME MELO DE OLIVEIRA;GERENCIA DE PESSOAL;A.TEC-II;GERENTE; ESTATUTARIO;5140,38;;5140,38;578,74;4561,64;
CRISTIANE LARANJEIRA DA SILVA;SEC.EXEC.GESTAO E GAST.PUBLI.;ASSESSOR IV;; CARGO COMISSION.S/VINCULO;3475,61;;3475,61;418,48;3057,13;
CRISTIANO PANTOJA RIBEIRO;NUCLEO DE RECEPCAO;A.TEC-I;; ESTATUTARIO;3612,11;;3612,11;262,78;3349,33;
CRISTINA DE ALMEIDA CAMPOS;NUCLEO DE PROTOCOLO;TECNICO EM CONTABILIDADE;; ESTATUTARIO;5350,63;;5350,63;542,26;4808,37;
CRISTINO SOUZA LIMA;PENSIONISTAS DE LABREA;PENSIONISTA LEI 1735 DE 14.11.85;; PENSIONISTA POR LEI;954,00;;954,00;;954,00;
DANIEL REIS ARMOND DE MELO;SEC.EXEC.GESTAO E GAST.PUBLI.;SEC.EXEC.GEST.PATR.GASTOS PUBLICOS;; CARGO COMISSION.S/VINCULO;10200,00;;10200,00;1644,59;8555,41;
DANIEL SOUZA PARA DE MACEDO;GER.DE CONTR.PATRIM.MOBILIARIO;GERENTE;; CARGO COMISSION.S/VINCULO;4509,79;;4509,79;670,28;3839,51;
DANIELLE MAIA QUEIROZ BATISTA;CHEFIA DE GABINETE;TEC.DA FAZENDA ESTADUAL 3A.CL.III;CHEFE DE DEPARTM.; ESTATUTARIO;10300,00;;10300,00;1828,50;8471,50;
DAVYD ROGERIO D OLIVEIRA SILVA;DEPTO.DE GESTAO DE FROTAS;CHEFE DE DEPARTAMENTO;; CARGO COMISSION.S/VINCULO;7378,73;;7378,73;632,10;6746,63;
DELZINDA FERREIRA BARCELOS;ASSESSORIA TEC.ADMINISTRATIVA;TNS-III;ASSESSOR I, AD-1; ESTATUTARIO;12285,67;;12285,67;2675,61;9610,06;
DENISMAR MARIA ASSIS DA ROCHA;NUCLEO DE RECEPCAO;A.TEC-I;AG. ADMINISTRATIVO; ESTATUTARIO;4010,34;;4010,34;291,62;3718,72;
DORIAM PANTOJA COSTA;DISPONIVEL SEAD;AGENTE ADMINISTRATIVO 3A CLASSE;; ESTATUTARIO;1157,00;;1157,00;109,78;1047,22;
EDMILSON BEZERRA ALVES;JUNTA MEDICO-PERICIAL DO EST.;A.TEC-I;; ESTATUTARIO;3200,54;;3200,54;253,38;2947,16;
EDNALDO FONSECA DE MELO;DISPONIVEL SEAD;AUXILIAR DE SERV GERAIS 2A CLASSE;; ESTATUTARIO;1157,00;;1157,00;109,78;1047,22;
EDNILSON GOMES DE OLIVEIRA JUNIOR;COORD.TEC.DE AUD.DOS SISTEMAS;ASSESSOR I;; CARGO COMISSION.S/VINCULO;5529,77;;5529,77;986,40;4543,37;
EDSON DA SILVA PAULA;REMANEJADOS EXT.OUVID.GER.EST.;A.TEC-I;; ESTATUTARIO;4045,91;;4045,91;176,56;3869,35;
EDUARDO MOREIRA DOS SANTOS;DEPTO.DE TEC.DE INFORMACAO;AUX.DE SERV.GERAIS PNF.ASG-III;AUX. SERVICOS GERAIS; ESTATUTARIO;3761,81;;3761,81;255,98;3505,83;
EDUARDO RIBEIRO DA SILVA;PESSOAL PROC.DE APOSENTADORIA;AUX.S.G-I;AUX. DE SERVIÇO B; ESTATUTARIO;2198,69;;2198,69;151,14;2047,55;
ELANE ALVES DE ARAUJO;COORD.TEC.DE AUD.DOS SISTEMAS;ASSESSOR I;; CARGO COMISSION.S/VINCULO;5529,77;;5529,77;943,74;4586,03;
ELCI OLIVEIRA NOBRE;GER.BENEFICIO DOS SERVIDORES;ASSISTENTE TECNICO 1A CLASSE;; ESTATUTARIO;14422,22;;14422,22;3384,94;11037,28;
ELDA SOARES DE MOURA;GERENCIA DE REGISTRO DE DADOS;A.TEC-I;; ESTATUTARIO;4218,46;;4218,46;382,71;3835,75;
ELIAS CARNEIRO DE SOUZA;JUNTA MEDICO-PERICIAL DO EST.;AUXILIAR DE SERVICOS GERAIS;; ESTATUTARIO;3092,64;;3092,64;213,86;2878,78;
ELISA MARIA RIBEIRO BARROSO;GERENC.DE DIARIAS E PASSAGENS;GERENTE;; CARGO COMISSION.S/VINCULO;4509,79;;4509,79;670,28;3839,51;
ELIZABETE OLIVEIRA DE ARAUJO;GER.BENEFICIO DOS SERVIDORES;AUXILIAR TECNICO;0; ESTATUTARIO;4055,18;;4055,18;337,18;3718,00;
ELIZABETH DA SILVA ALVES;DEPTO.DE ADMINIST.E FINANCAS;A.TEC-I;GERENTE, AD-2; ESTATUTARIO;4208,75;;4208,75;351,99;3856,76;
ELIZABETH DE LIMA TRINDADE;DISPONIVEL POLICIA CIVIL;AGENTE DE POLICIA 1A CLASSE;; ESTATUTARIO;1157,00;;1157,00;109,78;1047,22;
ELIZABETH RODRIGUES DIAS;REMANEJADOS EXT.OUVID.GER.EST.;A.TEC-I;; ESTATUTARIO;2154,34;;2154,34;172,64;1981,70;
ELSIMAR FERNANDO SANTIAGO;GABINETE DO SECRETARIO APOIO;TECNICO GRAFICO;ASSESSOR II, AD-2; ESTATUTARIO;5165,57;;5165,57;539,08;4626,49;
EMERSON LINS DE LIMA;GER.DE APOIO, MANUT.LOGISTICA;FISCAL RODOVIARIO;GERENTE, AD-2; ESTATUTARIO;5071,54;;5071,54;424,60;4646,94;
EMILIA CONCEICAO FREIRE MORY;PESSOAL PROC.DE APOSENTADORIA;TECNICO ADMINISTRATIVO;; ESTATUTARIO;1157,00;;1157,00;109,78;1047,22;
ENA MARA DE AZEDO SANTANA;JUNTA MEDICO-PERICIAL DO EST.;A.TEC-I;; ESTATUTARIO;2726,01;;2726,01;200,24;2525,77;
ENEIDA MARLY MARQUES CACHEADO;ASSESSORIA DE COMUNICACAO;ASSESSOR I;NAO INFORMADO; CARGO COMISSION.S/VINCULO;5529,77;;5529,77;986,40;4543,37;
ERLANDIA CARVALHO DA SILVA;COMISSAO DE REGIME DISCIPLINAR;A.TEC-I;; ESTATUTARIO;4009,06;;4009,06;291,31;3717,75;
ETIANE TEREZA RUAS FARIA;EXTINTO B.CARGOS AGUARD.RELOT.;TECNICO GOVERNAMENTAL;; ESTATUTARIO;1503,50;;1503,50;328,05;1175,45;
EUDENIRA BARBOSA BATISTA BRITO;GERENCIA DE FOLHA DE PAGAMENTO;A.TEC-I;F. GRATIFICADA, FG-3; ESTATUTARIO;5250,34;;5250,34;568,83;4681,51;
EUGENIA TERESA MONTEIRO REZENDE;ASSESSORIA TEC.ADMINISTRATIVA;TNS-I;ASSESSOR I, AD-1; ESTATUTARIO;8966,56;;8966,56;1715,64;7250,92;
EVANDRO ALVES DE ALMEIDA;DISPONIVEL POLICIA CIVIL;AGENTE DE POLICIA 2A CLASSE;; ESTATUTARIO;1157,00;;1157,00;109,78;1047,22;
EVANDRO FERNANDES SAMPAIO;DISPONIVEL POLICIA CIVIL;AGENTE DE POLICIA 1A CLASSE;; ESTATUTARIO;1157,00;;1157,00;109,78;1047,22;
FERNANDA DE OLIVEIRA GONCALVES;CONSULTORIA TEC-ADMINISTRATIVA;ASSESSOR I;; CARGO COMISSION.S/VINCULO;5529,77;;5529,77;986,40;4543,37;
FLÁVIA CRISTINA CAVALCANTE DO RÊGO;CONSULTORIA TEC-ADMINISTRATIVA;ASSESSOR II;NAO INFORMADO; CARGO COMISSION.S/VINCULO;4509,79;;4509,79;670,28;3839,51;
FLAVIO AUGUSTO CARVALHO MONTENEGRO;GERENC.DE DIARIAS E PASSAGENS;TNS-I;; ESTATUTARIO;4587,05;;4587,05;555,65;4031,40;
FLAVIO MOURA VIANA;GERENCIA DE PESSOAL;AFP-U;; ESTATUTARIO;9228,01;;9228,01;2161,79;7066,22;
FRANCIMAR CAMARA LIMA;REMANEJADOS EXT.OUVID.GER.EST.;A.TEC-I;; ESTATUTARIO;3984,13;;3984,13;340,89;3643,24;
FRANCISCA CHAGAS CAMPOS NASCIMENTO;PESSOAL PROC.DE APOSENTADORIA;TECNICO DE NIVEL SUPERIOR;; ESTATUTARIO;998,00;;998,00;109,78;888,22;
FRANCISCA DEUZIMAR FERREIRA MENEZES;ASSESSORIA TEC.ADMINISTRATIVA;A.TEC-I;; ESTATUTARIO;3610,34;;3610,34;273,50;3336,84;
FRANCISCA MARLINDA DE O BRITO;DEPTO.DE GESTAO DE PESSOAS;A.TEC-I;OP.MAQ.CONT,A; ESTATUTARIO;4182,98;;4182,98;374,39;3808,59;
FRANCISCA ROSANA DA SILVA;NUCLEO DE SERVICOS GERAIS;AUX.S.G-I;; ESTATUTARIO;3920,54;;3920,54;316,27;3604,27;
FRANCISCO CARLOS DOS SANTOS;PESSOAL PROC.DE APOSENTADORIA;A.TEC-I;; ESTATUTARIO;1580,37;;1580,37;173,84;1406,53;
FRANCISCO CHAGAS DE OLIVEIRA FILHO;NUCLEO DE TRANSPORTE;MOT-I;; ESTATUTARIO;3528,64;;3528,64;250,57;3278,07;
FRANCISCO DAS CHAGAS NERES;DISPONIVEL SEAD;MECANICO DE MANUTENCAO DE AERONAVE;; ESTATUTARIO;1157,00;;1157,00;109,78;1047,22;
FRANCISCO DE ASSIS SOUZA NASCIMENTO;NUCLEO DE SERVICOS GERAIS;AUX.O-I;; ESTATUTARIO;2949,63;;2949,63;199,95;2749,68;
FRANCISCO DE ASSIS SOUZA TAVARES;NUCLEO DE SERVICOS GERAIS;AUX.O-I;; ESTATUTARIO;3886,06;;3886,06;309,95;3576,11;
FRANCISCO DE PAULA XAVIER LEITE;PESSOAL PROC.DE APOSENTADORIA;PROCURADOR DE CONTAS B;; ESTATUTARIO;25796,45;;25796,45;7172,59;18623,86;
FRANCISCO ELNO BEZERRA HERCULANO;DISPONIVEL SEAD;TECNICO 2A CLASSE;; ESTATUTARIO;1157,00;;1157,00;109,78;1047,22;
FRANCISCO PEDROSA DE ARAUJO;NUCLEO DE SERVICOS GERAIS;AUX.S.G-I;; ESTATUTARIO;2746,98;;2746,98;165,42;2581,56;
FRANCISCO PESSOA FERREIRA FILHO;DISPONIVEL SEAD;AGENTE ADMINISTRATIVO 3A CLASSE;; ESTATUTARIO;1157,00;;1157,00;109,78;1047,22;
FRANZ LISZT SOUTO DA CUNHA;GRUP.INT.PREV.INVAS.AREAS PUB.;A.TEC-I;; ESTATUTARIO;3419,09;;3419,09;237,50;3181,59;
GABRIEL LENIN QUEIROZ AMARO;DEPTO.DE TEC.DE INFORMACAO;CHEFE DE DEPARTAMENTO;; CARGO COMISSION.S/VINCULO;5529,77;;5529,77;986,40;4543,37;
GABRIELLE MARIE BELMONT MADEIRA;CONSULTORIA TEC-ADMINISTRATIVA;ASSESSOR II;NAO INFORMADO; CARGO COMISSION.S/VINCULO;4509,79;;4509,79;670,28;3839,51;
GERALDINA PEREIRA PONTES GOES;JUNTA MEDICO-PERICIAL DO EST.;AUX.S.G-I;; ESTATUTARIO;2866,46;;2866,46;184,15;2682,31;
GERALDO CARLOS DA SILVA PRATA FILHO;GERENCIA DE REGISTRO DE DADOS;ASSESSOR III;NAO INFORMADO; CARGO COMISSION.S/VINCULO;3491,80;;3491,80;422,40;3069,40;
GESTER TUPINIQUIM DE SOUZA BENTES;DISPONIVEL SEAD;TECNICO EM AGROPECUARIA;; ESTATUTARIO;1157,00;;1157,00;109,78;1047,22;
GETRO MENEZES;NUCLEO DE VIGILANCIA;VIGIA-II;; ESTATUTARIO;2820,15;;2820,15;169,98;2650,17;
GLAURA JANNE MOTA DE V DIAS;JUNTA MEDICO-PERICIAL DO EST.;MEDICO ESPECIALISTA;PRESID. JUNTA MEDICA; ESTATUTARIO;2000,00;;2000,00;;2000,00;
GRAZIELA DE OLIVEIRA REIS;SEC.EXEC.DE ADMINIST.E GESTAO;ASSESSOR III;; CARGO COMISSION.S/VINCULO;3491,80;;3491,80;422,40;3069,40;
GUILHERME FREDERICO DA S GOMES;CONSULTORIA TEC-ADMINISTRATIVA;C.TEC-U;; ESTATUTARIO;30884,11;;30884,11;9928,21;20955,90;
GUTEMBERG FERREIRA DE LUNA;DEPTO.DE ADMINIST.E FINANCAS;PERITO LIQUIDADOR;; COMISSAO;5000,00;;5000,00;505,64;4494,36;
HAMILTON DOS SANTOS OLIVEIRA;GERENCIA DE PESSOAL;A.TEC-I;; ESTATUTARIO;3439,56;;3439,56;203,69;3235,87;
HEBER PINHEIRO MARTINS;DEPTO.DE TEC.DE INFORMACAO;ASSESSOR II;; CARGO COMISSION.S/VINCULO;4509,79;;4509,79;641,84;3867,95;
HELADIA MARIA ARAUJO DOS SANTOS;JUNTA MEDICO-PERICIAL DO EST.;TELEFONISTA;; ESTATUTARIO;3259,44;;3259,44;192,63;3066,81;
HELDER CAMARA CARDOSO DOS SANTOS;GER.DE CONT.PATR.IMOBILIARIO;A.TEC-I;; ESTATUTARIO;4015,26;;4015,26;321,25;3694,01;
HELENO RODRIGUES DOS SANTOS;NUCLEO DE SERVICOS GERAIS;A.TEC-I;; ESTATUTARIO;5432,40;;5432,40;615,78;4816,62;
HELIANA CUNHA MOTTA DE OLIVEIRA;COMISSAO DE REGIME DISCIPLINAR;A.TEC-I;; ESTATUTARIO;4188,44;;4188,44;375,67;3812,77;
HELLEN CREMILDES PORTO S PINHEIRO;DEPTO.DE GESTAO DE PESSOAS;A.TEC-II;; ESTATUTARIO;3941,46;;3941,46;214,96;3726,50;
HILDA BALBI CASTRO;GER.BENEFICIO DOS SERVIDORES;TECNICO;; ESTATUTARIO;4718,66;;4718,66;595,50;4123,16;
HIRAIRTON GONCALVES COSTA;NUCLEO DE SERVICOS GERAIS;AUX.S.G-III;AUX. SERVICOS GERAIS; ESTATUTARIO;3161,81;;3161,81;189,59;2972,22;
HUDSON DE ANDRADE FERNANDES;GERENCIA DE REGISTRO DE DADOS;A.TEC-I;; ESTATUTARIO;4015,26;;4015,26;215,63;3799,63;
HUMBERTO DE MELO HORTA;GERENC.DE APOIO ADMINISTRATIVO;A.TEC-I;; ESTATUTARIO;2178,69;;2178,69;186,18;1992,51;
IDUCEIDES DE SOUZA CARNEIRO;GER.BENEFICIO DOS SERVIDORES;A.TEC-I;ASSISTENTE TÉCNICO; ESTATUTARIO;7518,07;;7518,07;1271,84;6246,23;
ILEANA FERNANDES LIMA;DISPONIVEL TCM;TECNICO DE CONTAS A;; ESTATUTARIO;1157,00;;1157,00;109,78;1047,22;
INES CAROLINA BARBOSA F S CABRAL;GABINETE DO SECRETARIO;SECRETARIO DE ESTADO;NAO INFORMADO; CARGO COMISSION.S/VINCULO;28360,00;;28360,00;7312,83;21047,17;
ISABEL CRISTINA FONSECA;GER.DE APOIO, MANUT.LOGISTICA;A.TEC-I;; ESTATUTARIO;3984,48;;3984,48;339,77;3644,71;
ISAIAS DE LIMA SOARES;GER.DE CONTR.PATRIM.MOBILIARIO;VIGIA-III;; ESTATUTARIO;3181,67;;3181,67;194,65;2987,02;
ITACIARA REBELO NOVAES;PESSOAL PROC.DE APOSENTADORIA;AUX.ADM-I;; ESTATUTARIO;3877,31;;3877,31;195,30;3682,01;
IVAN DE SOUZA NASCIMENTO;NUCLEO DE TRANSPORTE;AUX.O-I;; ESTATUTARIO;3465,21;;3465,21;257,44;3207,77;
IVANETE PASCARELI REIS DE FREITAS;PESSOAL PROC.DE APOSENTADORIA;A.TEC-I;; ESTATUTARIO;2145,57;;2145,57;170,95;1974,62;
IVONE DA SILVA FONSECA;GABINETE DO SECRETARIO APOIO;A.TEC-I;ASSESSOR II; ESTATUTARIO;5247,12;;5247,12;616,26;4630,86;
IZAIAS SANTOS DA SILVA;JUNTA MEDICO-PERICIAL DO EST.;VIGIA-II;VIGIA; ESTATUTARIO;2518,15;;2518,15;137,85;2380,30;
JAKSON VEIGA FROTA;JUNTA MEDICO-PERICIAL DO EST.;VIGIA-III;; ESTATUTARIO;3614,23;;3614,23;253,82;3360,41;
JANEIDE DE SOUZA GUEDES;GER.BENEFICIO DOS SERVIDORES;A.TEC-I;; ESTATUTARIO;4192,70;;4192,70;376,67;3816,03;
JERSEY QUINTELA DE ALENCAR;DISPONIVEL SEAD;TECNICO 1A CLASSE;; ESTATUTARIO;1157,00;;1157,00;109,78;1047,22;
JERUZA COLARES DA SILVA;NUCLEO DE SERVICOS GERAIS;AUX.S.G-II;AUX. SERVICOS GERAIS; ESTATUTARIO;2799,27;;2799,27;154,19;2645,08;
JOAO ALFREDO MONTEIRO DA COSTA;DISPONIVEL POLICIA CIVIL;AGENTE DE POLICIA 2A CLASSE;; ESTATUTARIO;1157,00;;1157,00;109,78;1047,22;
JOAO DAS CHAGAS DANTAS;REMANEJADOS EXT.OUVID.GER.EST.;A.TEC-I;; ESTATUTARIO;4202,40;;4202,40;240,26;3962,14;
JOAO GOMES VILELA;PESSOAL PROC.DE APOSENTADORIA;ENG-I;; ESTATUTARIO;5568,24;;5568,24;973,07;4595,17;
JOAO SALES BASTOS ATHAN;DISPONIVEL POLICIA CIVIL;AGENTE DE POLICIA 1A CLASSE;; ESTATUTARIO;1157,00;;1157,00;109,78;1047,22;
JOAO SILVA DA SILVA DE AQUINO;DISPONIVEL SEAD;TECNICO 2A CLASSE;; ESTATUTARIO;1157,00;;1157,00;109,78;1047,22;
JOAO SOUZA DA SILVA;EXTINTO B.CARGOS AGUARD.RELOT.;AUXILIAR DE SERVICOS GERAIS;; ESTATUTARIO;1028,48;;1028,48;168,30;860,18;
JOE VIANA COUTO;DISPONIVEL POLICIA CIVIL;AGENTE DE POLICIA 1A CLASSE;; ESTATUTARIO;14963,53;;14963,53;3693,01;11270,52;
JOEL DO NASCIMENTO DIAS;NUCLEO DE SERVICOS GERAIS;AUX.S.G-I;; ESTATUTARIO;3753,41;;3753,41;183,14;3570,27;
JOESIA MOREIRA JULIAO PACHECO;GERENC.DE APOIO ADMINISTRATIVO;ENG-I;; ESTATUTARIO;5888,41;;5888,41;1192,94;4695,47;
JOHN GUIMARAES BICHARRA;COORD.TEC.DE AUD.DOS SISTEMAS;TNS-I;F. GRATIFICADA, FG-1; ESTATUTARIO;7772,97;;7772,97;1095,05;6677,92;
JONAS MANOEL PEREIRA SA;NUCLEO DE VIGILANCIA;MARINHEIRO FLUVIAL DE MAQUINA;; ESTATUTARIO;2662,55;;2662,55;200,42;2462,13;
JORGE BOTELHO RUFINO;NUCLEO DE VIGILANCIA;A.TEC-I;; ESTATUTARIO;3821,91;;3821,91;326,85;3495,06;
JORGE LUIZ BARROSO DE OLIVEIRA;DISPONIVEL SEAD;TECNICO 1A CLASSE;; ESTATUTARIO;1157,00;;1157,00;109,78;1047,22;
JOSE ALBERTO REGIS BATISTA;GER.DE CONT.PATR.IMOBILIARIO;ASSESSOR III;ASSESSOR III AD-3; CARGO COMISSION.S/VINCULO;3491,80;;3491,80;422,40;3069,40;
JOSE ANTONIO PEREIRA DO VAL;NUCLEO DE RECEPCAO;MARINHEIRO FLUVIAL DE CONVES;; ESTATUTARIO;3507,48;;3507,48;186,64;3320,84;
JOSE BEZERRA DE ARAUJO;EXTINTO B.CARGOS AGUARD.RELOT.;A.OPE-II;; ESTATUTARIO;998,00;;998,00;179,40;818,60;
JOSE CAVALCANTE LINS;PESSOAL PROC.DE APOSENTADORIA;A.TEC-I;; ESTATUTARIO;998,00;;998,00;182,22;815,78;
JOSE GOMES CORDEIRO;NUCLEO DE VIGILANCIA;AUX.S.G-II;; ESTATUTARIO;2518,15;;2518,15;137,85;2380,30;
JOSE LUIZ DAMIAN;GERENCIA DE FOLHA DE PAGAMENTO;ASSESSOR II;; CARGO COMISSION.S/VINCULO;4509,79;;4509,79;670,28;3839,51;
JOSE MARIA ROCHA DE OLIVEIRA;COMISSAO DE REGIME DISCIPLINAR;A.TEC-I;; ESTATUTARIO;4212,11;;4212,11;352,78;3859,33;
JOSE MAYRATA VIEIRA PEREIRA;GER.DE COMPLEXO ADMINISTRATIVO;GERENTE;; CARGO COMISSION.S/VINCULO;4509,79;;4509,79;670,28;3839,51;
JOSE RIBAMAR GOMES DE AQUINO;DISPONIVEL TCM;ANALISTA DE FINAN.E CONTR.EXTERNO A;; ESTATUTARIO;1157,00;;1157,00;109,78;1047,22;
JOSE ROBERTO SARAIVA DOS SANTOS;NUCLEO DE VIGILANCIA;AUX.O-I;; ESTATUTARIO;2967,81;;2967,81;240,88;2726,93;
JOSE VIRGILIO BATISTA DE OLIVEIRA;COMISSAO DE REGIME DISCIPLINAR;TNS-I;; ESTATUTARIO;6932,92;;6932,92;1239,70;5693,22;
JUDITE GUIMARAES DE BARROS;GERENCIA DE REGISTRO DE DADOS;A.TEC-I;; ESTATUTARIO;5419,76;;5419,76;611,60;4808,16;
JULIANA MARIA MELAZI GIRARDI VARGAS;GABINETE DO SECRETARIO APOIO;ASSESSOR II;NAO INFORMADO; CARGO COMISSION.S/VINCULO;4509,79;;4509,79;670,28;3839,51;
JULIANA PEIXOTO TEIXEIRA;COORDENADORIA ESC.GOVERNAR;COORDENADOR DA ESCOLA GOVERNAR;NAO INFORMADO; CARGO COMISSION.S/VINCULO;8800,00;;8800,00;1933,83;6866,17;
JUSCELINO SOARES DOS SANTOS;NUCLEO DE VIGILANCIA;AUX.O-I;; ESTATUTARIO;2579,31;;2579,31;148,25;2431,06;
JUSSI SOARES CALOBA;DISPONIVEL TCM;AUDITOR;; ESTATUTARIO;6301,70;;6301,70;648,76;5652,94;
KARLA VIRGINIA CAVALCANTI MONTEIRO;JUNTA MEDICO-PERICIAL DO EST.;ASSISTENTE SOCIAL;ASSIST SOCIAL; ESTATUTARIO;1250,00;;1250,00;;1250,00;
KARLENO JOSE PEREIRA;COMISSAO DE REGIME DISCIPLINAR;MEMBRO COMISSAO REGIME DISCIPLINAR;; CONSELHO;700,00;;700,00;;700,00;
KATIA DESSIMONI VICTORIA;GER.DE PROG.DE DESENVOLVIMENTO;AUX.ADM-I;GERENTE, AD-2; ESTATUTARIO;7849,14;;7849,14;1212,46;6636,68;
KATIO TRAVESSA DA SILVA;GABINETE DO SECRETARIO APOIO;ASSESSOR III;; CARGO COMISSION.S/VINCULO;2891,80;;2891,80;267,35;2624,45;
KELMA MARTINS DA SILVA;RELOTADOS DA SEC/AMAZONASTUR;ASSISTENTE TECNICO I;ASSIST. TECNICO I; ESTATUTARIO;3734,00;;3734,00;246,47;3487,53;
KLINGER REIS DA COSTA;JUNTA MEDICO-PERICIAL DO EST.;MEDICO GRADUADO;MEMBRO PERITO JMIS; ESTATUTARIO;1250,00;;1250,00;;1250,00;
LENITA BENTES MAGALHAES;JUNTA MEDICO-PERICIAL DO EST.;A.TEC-I;; ESTATUTARIO;4036,58;;4036,58;326,45;3710,13;
LEONETE CONCEICAO ARAUJO DA SILVA;GERENCIA DE REGISTRO DE DADOS;ASSISTENTE TECNICO II;; ESTATUTARIO;4336,94;;4336,94;396,00;3940,94;
LUANA LOPES VIANA;GER.DE TELEF.MOV.INSITUCIONAL;GERENTE;; CARGO COMISSION.S/VINCULO;4509,79;;4509,79;641,84;3867,95;
LUCIANA ALMEIDA DE SOUSA E SILVA;DISPONIVEL TCM;PROCURADOR DE CONTAS B;; ESTATUTARIO;35549,63;;35549,63;10258,95;25290,68;
LUCIANA DE CASTRO SANTORO;CONSULTORIA TEC-ADMINISTRATIVA;TEC. DE NIVEL SUPERIOR 1A CLASSE;ASSESSOR II; ESTATUTARIO;4928,23;;4928,23;670,05;4258,18;
LUCILENE MARQUES RIBEIRO;EXTINTO B.CARGOS AGUARD.RELOT.;A.TEC-II;; ESTATUTARIO;998,00;;998,00;178,71;819,29;
LUIZ CARLOS BENTO DE SANTANA;REMANEJADOS EXT.OUVID.GER.EST.;A.TEC-I;; ESTATUTARIO;2128,26;;2128,26;167,62;1960,64;
LUIZ CARLOS MARQUES CARNEIRO;GER.DE APOIO, MANUT.LOGISTICA;A.TEC-I;; ESTATUTARIO;5445,01;;5445,01;528,82;4916,19;
LUIZ CLAUDIO DOS SANTOS P SOUZA;NUCLEO DE ARQ.ADMINISTRATIVO;A.TEC-II;; ESTATUTARIO;3325,00;;3325,00;173,03;3151,97;
LUIZ FERREIRA FONTENELE;NUCLEO DE VIGILANCIA;VIGIA-I;; ESTATUTARIO;2661,56;;2661,56;156,70;2504,86;
LUIZ ROBERTO DE MELO FONSECA;CONSULTORIA TEC-ADMINISTRATIVA;C.TEC-U;; ESTATUTARIO;58270,91;;58270,91;11449,66;46821,25;
LUIZ RODRIGUES DE QUEIROZ;PESSOAL PROC.DE APOSENTADORIA;MOTORISTA 2A CLASSE;; ESTATUTARIO;1548,97;;1548,97;170,22;1378,75;
LUZIA NUNES DE OLIVEIRA;NUCLEO DE RECEPCAO;A.TEC-I;; ESTATUTARIO;3617,57;;3617,57;240,44;3377,13;
MALENE MARIA DE CASTRO PERDIGAO;GERENCIA DE REGISTRO DE DADOS;ASSESSOR II;; CARGO COMISSION.S/VINCULO;4509,79;;4509,79;641,84;3867,95;
MANUEL BRAZ DA SILVA;NUCLEO DE ARQ.ADMINISTRATIVO;A.TEC-I;; ESTATUTARIO;4191,94;;4191,94;375,94;3816,00;
MANUEL BULCAO FILHO;GABINETE DO SECRETARIO APOIO;ASSESSOR IV;NAO INFORMADO; CARGO COMISSION.S/VINCULO;2875,61;;2875,61;264,79;2610,82;
MANUEL FERNANDES DA SILVA;NUCLEO DE VIGILANCIA;TRABALHADOR DE CAMPO 1A CLASSE;; ESTATUTARIO;3303,84;;3303,84;194,37;3109,47;
MARCELO ARAUJO SILVA;ARQUIVO PUB.EST.DO AMAZONAS;CHEFE DE ARQ.PUB.DO EST.DO AMAZONAS;NAO INFORMADO; CARGO COMISSION.S/VINCULO;5529,77;;5529,77;986,40;4543,37;
MARCIA AUGUSTA DE SOUZA;DEPTO.DE ADMINIST.E FINANCAS;A.TEC-II;CHEFE DE DEPARTAMENT; ESTATUTARIO;9405,46;;9405,46;1751,24;7654,22;
MARCINEIDE REIS CAMPOS;REMANEJADOS EXT.OUVID.GER.EST.;A.TEC-I;; ESTATUTARIO;2366,02;;2366,02;172,64;2193,38;
MARCO AURELIO MARTINS DA SILVA;COMISSAO DE REGIME DISCIPLINAR;MEMBRO COMISSAO REGIME DISCIPLINAR;; CARGO COMISSION.S/VINCULO;700,00;;700,00;;700,00;
MARCOS ANTONIO NASCIMENTO SILVA;EXTINTO B.CARGOS AGUARD.RELOT.;ENGENHEIRO AGRONOMO;; ESTATUTARIO;4478,80;;4478,80;696,37;3782,43;
MARGARIDA VINHOTE FRANCA;GABINETE DO SECRETARIO APOIO;ENCADERNADOR;; ESTATUTARIO;4130,43;;4130,43;354,80;3775,63;
MARIA ALBERTIZA DA COSTA FERNANDES;GERENCIA DE PESSOAL;A.TEC-I;; ESTATUTARIO;3415,26;;3415,26;259,69;3155,57;
MARIA APARECIDA R CAVALCANTE;CONSULTORIA TEC-ADMINISTRATIVA;A.TEC-I;; ESTATUTARIO;4192,70;;4192,70;376,67;3816,03;
MARIA AUREA MOURA DE OLIVEIRA;GERENCIA DE FOLHA DE PAGAMENTO;A.TEC-I;F. GRATIFICADA, FG-3; ESTATUTARIO;5432,70;;5432,70;615,86;4816,84;
MARIA AUXILIADORA DA C S PORTILIO;CONSULTORIA TEC-ADMINISTRATIVA;A.TEC-I;ASSESSOR I, AD-1; ESTATUTARIO;9186,70;;9186,70;1596,08;7590,62;
MARIA AUXILIADORA SILVA DE OLIVEIRA;NUCLEO DE ARQ.ADMINISTRATIVO;AGENTE ADMINISTRATIVO 1A CLASSE;; ESTATUTARIO;3530,43;;3530,43;264,80;3265,63;
MARIA D ASSUNCAO DA COSTA PINHEIRO;DISPONIVEL TCM;CONSULTOR TECNICO B;; ESTATUTARIO;1137,00;;1137,00;96,58;1040,42;
MARIA DA CONCEICAO RIBEIRO DUARTE;NUCLEO DE PROTOCOLO;ASSISTENTE TECNICO GOVERNAMENTAL;; ESTATUTARIO;2579,54;;2579,54;148,52;2431,02;
MARIA DA CONCEICAO SOUZA;JUNTA MEDICO-PERICIAL DO EST.;A.TEC-I;; ESTATUTARIO;4202,40;;4202,40;378,94;3823,46;
MARIA DA PAZ ALVES DA SILVA AMORIM;JUNTA MEDICO-PERICIAL DO EST.;A.TEC-I;; ESTATUTARIO;3450,01;;3450,01;242,97;3207,04;
MARIA DA PENHA SAID LOPES;ARQUIVO PUB.EST.DO AMAZONAS;CHEFE DE DEPARTAMENTO;; CARGO COMISSION.S/VINCULO;5529,77;;5529,77;986,40;4543,37;
MARIA DAS GRACAS DE SOUZA TORRES;GERENCIA DE PESSOAL;A.TEC-I;; ESTATUTARIO;4010,34;;4010,34;291,62;3718,72;
MARIA DAS GRACAS ROCHA DE SOUZA;GERENC.DE DIARIAS E PASSAGENS;A.TEC-I;ASSISTENTE TECNICO; ESTATUTARIO;4202,40;;4202,40;378,94;3823,46;
MARIA DE FATIMA DA SILVA MELO;GERENCIA DE FOLHA DE PAGAMENTO;A.TEC-I;F. GRATIFICADA, FG-3; ESTATUTARIO;5538,02;;5538,02;652,39;4885,63;
MARIA DE FATIMA DE SOUZA ALENCAR;GER.DE BEM ESTAR DE SERVIDOR;A.TEC-I;GERENTE, AD-2; ESTATUTARIO;5213,09;;5213,09;607,61;4605,48;
MARIA DE LOURDES OLIVEIRA XAVIER;JUNTA MEDICO-PERICIAL DO EST.;A.TEC-I;; ESTATUTARIO;3592,70;;3592,70;286,67;3306,03;
MARIA DE NAZARÉ JATOBÁ DO LAGO;COORDENADORIA DE REC.HUMANOS;ASSESSOR II;; CARGO COMISSION.S/VINCULO;4509,79;;4509,79;670,28;3839,51;
MARIA DO PERPETUO SOCORRO L BARROS;JUNTA MEDICO-PERICIAL DO EST.;AUXILIAR DE SERV GERAIS 3A CLASSE;; ESTATUTARIO;4127,40;;4127,40;328,34;3799,06;
MARIA DO PERPETUO SOCORRO S GUERRA;DEPTO.DE GESTAO DE PESSOAS;A.TEC-I;; ESTATUTARIO;4202,40;;4202,40;378,94;3823,46;
MARIA DO SOCORRO DA COSTA OLIVEIRA;GER.DE DIAGNOST.PLANEJAMENTO;ASSISTENTE TECNICO 1A CLASSE;GERENTE, AD-2; ESTATUTARIO;4086,24;;4086,24;328,07;3758,17;
MARIA DO SOCORRO LAMONGI DE SOUZA;CONSULTORIA TEC-ADMINISTRATIVA;C.TEC-U;; ESTATUTARIO;48377,38;;48377,38;14983,96;33393,42;
MARIA DOLORES SILVA DE ARAUJO;GERENC.DE DIARIAS E PASSAGENS;A.TEC-I;F. GRATIFICADA, FG-1; ESTATUTARIO;5300,16;;5300,16;631,94;4668,22;
MARIA DOS ANJOS MARQUES LEITE;DISPONIVEL SEAD;TECNICO 3A CLASSE;; ESTATUTARIO;1160,90;;1160,90;109,78;1051,12;
MARIA DULCILENE FROTA DA SILVA;REMANEJADOS EXT.OUVID.GER.EST.;ASSISTENTE TECNICO GOVERNAMENTAL;; ESTATUTARIO;2737,76;;2737,76;149,48;2588,28;
MARIA FERREIRA DE SOUZA;GERENCIA DE REGISTRO DE DADOS;A.TEC-I;; ESTATUTARIO;4188,44;;4188,44;375,67;3812,77;
MARIA HELENA JUREMA CAMPOS;GERENCIA DE PESSOAL;A.TEC-I;; ESTATUTARIO;9783,19;;9783,19;1995,84;7787,35;
MARIA IZABEL OLIVEIRA MOINHO;GER.BENEFICIO DOS SERVIDORES;A.TEC-I;; ESTATUTARIO;4202,40;;4202,40;350,51;3851,89;
MARIA JOSE BRANDAO MOTA;GER.BENEFICIO DOS SERVIDORES;AGENTE ADMINISTRATIVO 3A CLASSE;; ESTATUTARIO;5105,03;;5105,03;519,69;4585,34;
MARIA JOSE LIMA COSTA;NUCLEO DE RECEPCAO;AUXILIAR DE SERV GERAIS 2A CLASSE;; ESTATUTARIO;3170,55;;3170,55;191,14;2979,41;
MARIA JULIA DE OLIVEIRA BRAGA ROCHA;PESSOAL PROC.DE APOSENTADORIA;CONSULTOR TECNICO B;; ESTATUTARIO;998,00;;998,00;109,78;888,22;
MARIA LINDINALVA DE LIRA BARBOSA;DISPONIVEL TCM;ASSISTENTE TECNICO ADMINISTRATIVO B;; ESTATUTARIO;1150,18;;1150,18;105,28;1044,90;
MARIA MITZI DINELLI MAGNANI;DISPONIVEL TCM;ASSISTENTE TECNICO ADMINISTRATIVO B;; ESTATUTARIO;1457,00;;1457,00;109,78;1347,22;
MARIA NILMA DE SOUSA SILVA;GER.DE PLANEJ.ORC.E FINANCAS;A.TEC-II;GERENTE, AD-2; ESTATUTARIO;5135,46;;5135,46;576,99;4558,47;
MARIA RITA GARCEZ VIEIRA FREDERICO;SEC.EXEC.DE ADMINIST.E GESTAO;A.TEC-I;; ESTATUTARIO;4192,70;;4192,70;376,67;3816,03;
MARIA SEBASTIANA DE OLIVEIRA BRITO;COMISSAO DE REGIME DISCIPLINAR;A.TEC-I;; ESTATUTARIO;4212,11;;4212,11;381,22;3830,89;
MARIA VALDA BARROSO;DEPTO.DE ADMINIST.E FINANCAS;AUX.S.G-I;; ESTATUTARIO;3741,75;;3741,75;259,04;3482,71;
MARIA VALDECIRA AIRES DA SILVA;ARQUIVO PUB.EST.DO AMAZONAS;AUX.ADM-I;; ESTATUTARIO;3453,40;;3453,40;252,80;3200,60;
MARIA VALDENIZIA DA COSTA VAZ;GABINETE DO SECRETARIO APOIO;AUX.ADM-I;ASSESSOR II, AD-2; ESTATUTARIO;3877,31;;3877,31;286,28;3591,03;
MARIA WALDELICE DE AZEVEDO FREITAS;REMANEJADOS EXT.OUVID.GER.EST.;A.TEC-I;ASSESSORA; ESTATUTARIO;2136,83;;2136,83;169,99;1966,84;
MARIA ZENIRA VIEIRA DE OLIVEIRA;CONSULTORIA TEC-ADMINISTRATIVA;AUX.S.G-I;; ESTATUTARIO;4049,05;;4049,05;307,11;3741,94;
MARILENE NOBRE CAVALCANTE DE SOUSA;DISPONIVEL TCM;AUDITOR;; ESTATUTARIO;9802,65;;9802,65;2111,35;7691,30;
MARINDIA GUERRO DUTRA;JUNTA MEDICO-PERICIAL DO EST.;MEDICO GENERALISTA;PERITO; ESTATUTARIO;1250,00;;1250,00;;1250,00;
MARIO JORGE MARTINS DE PAULA;PESSOAL PROC.DE APOSENTADORIA;TECNICO EM PLANEJAMENTO 1A CLASSE;; ESTATUTARIO;998,00;;998,00;109,78;888,22;
MARIO PORTO DE AGUIAR;DISPONIVEL POLICIA CIVIL;AGENTE DE POLICIA 1A CLASSE;; ESTATUTARIO;13536,95;;13536,95;2933,62;10603,33;
MARLENE RAMOS DA SILVA;JUNTA MEDICO-PERICIAL DO EST.;PERITO;; CONSELHO;1250,00;;1250,00;;1250,00;
MARLUCIA FERNANDES DA SILVA;DEPTO.DE GESTAO DE PESSOAS;AUX.O-I;; ESTATUTARIO;4025,56;;4025,56;330,05;3695,51;
MATHEUS MARQUES AZEVEDO;COORDENADORIA DE REC.HUMANOS;ASSESSOR III;NAO INFORMADO; CARGO COMISSION.S/VINCULO;3491,80;;3491,80;422,40;3069,40;
MAX AZEVEDO ARAUJO;PESSOAL PROC.DE APOSENTADORIA;A.TEC-I;; ESTATUTARIO;1569,48;;1569,48;172,64;1396,84;
MICHELLE BELOTA TROMBONI;NUCLEO DE PROTOCOLO;A.TEC-II;GERENTE, AD-2; ESTATUTARIO;5144,20;;5144,20;493,89;4650,31;
MIGUEL RODRIGUES DA FONSECA;NUCLEO DE VIGILANCIA;MARINHEIRO FLUVIAL DE CONVES;; ESTATUTARIO;2897,43;;2897,43;235,10;2662,33;
MILENA DOS SANTOS PINHEIRO;GERENCIA DE FROTA;ASSESSOR IV;; CARGO COMISSION.S/VINCULO;3475,61;;3475,61;418,48;3057,13;
MIRIAN DA CRUZ PINHEIRO;NUCLEO DE PROTOCOLO;AUX.S.G-I;; ESTATUTARIO;4049,91;;4049,91;335,76;3714,15;
MONIQUE DA SILVA TAPAJOS;DISPONIVEL TCM;PROCURADOR DE CONTAS A;; ESTATUTARIO;10318,58;;10318,58;2268,23;8050,35;
NAIME SA TAMER;JUNTA MEDICO-PERICIAL DO EST.;AGENTE ADMINISTRATIVO 2A CLASSE;; ESTATUTARIO;4054,69;;4054,69;294,34;3760,35;
NAIRO AGUIAR CORDEIRO;COMISSAO DE REGIME DISCIPLINAR;MEMBRO COMISSAO REGIME DISCIPLINAR;; CONSELHO;700,00;;700,00;;700,00;
NATALIA SAGAYDO;COORDENADORIA ESC.GOVERNAR;ASSESSOR IV;NAO INFORMADO; CARGO COMISSION.S/VINCULO;1965,61;;1965,61;133,24;1832,37;
NEUZA NASCIMENTO FERREIRA;ARQUIVO PUB.EST.DO AMAZONAS;A.TEC-I;; ESTATUTARIO;4191,94;;4191,94;375,94;3816,00;
NEY GEORGE BELTRAO DA COSTA;NUCLEO DE VIGILANCIA;MARINHEIRO FLUVIAL DE CONVES;; ESTATUTARIO;2843,66;;2843,66;208,22;2635,44;
NILZETE NEVES RODRIGUES;GER.BENEFICIO DOS SERVIDORES;A.TEC-I;; ESTATUTARIO;4016,06;;4016,06;349,89;3666,17;
NORMA DA SILVA JATOBA;JUNTA MEDICO-PERICIAL DO EST.;PERITO;PERITO; ESTATUTARIO;1250,00;;1250,00;;1250,00;
NORMA MOURA DA SILVA;ARQUIVO PUB.EST.DO AMAZONAS;ENCADERNADOR;; ESTATUTARIO;3398,77;;3398,77;245,05;3153,72;
OCIMAR PIRES DE SOUSA;GABINETE DO SECRETARIO APOIO;A.TEC-I;; ESTATUTARIO;4027,83;;4027,83;352,76;3675,07;
OLINETE BATISTA DE OLIVEIRA;EXTINTO B.CARGOS AGUARD.RELOT.;AUX.S.G-II;; ESTATUTARIO;998,00;;998,00;168,92;829,08;
OSVALDIZIA MELO VEIGA;GERENCIA DE PESSOAL;ASSISTENTE TECNICO I;; ESTATUTARIO;4334,00;;4334,00;408,95;3925,05;
OTILIA RIBEIRO BARROSO;REMANEJADOS EXT.OUVID.GER.EST.;A.TEC-I;; ESTATUTARIO;1929,34;;1929,34;172,64;1756,70;
OTILIO TADEU LINHARES;DISPONIVEL SEAD;ENGENHEIRO AGRONOMO;; ESTATUTARIO;1157,00;;1157,00;109,78;1047,22;
PAULA GRETHEANE FONSECA DE OLIVEIRA;GER.DE PROG.DE DESENVOLVIMENTO;ASSESSOR III;; CARGO COMISSION.S/VINCULO;3491,80;;3491,80;407,12;3084,68;
PAULO ROBERTO IOPPI;DISPONIVEL SEAD;ENGENHEIRO 2A CLASSE;; ESTATUTARIO;1142,94;;1142,94;100,50;1042,44;
PEDRO BRUNO DOS PRAZERES;NUCLEO DE VIGILANCIA;AUX.O-III;; ESTATUTARIO;2463,81;;2463,81;127,30;2336,51;
PEDRO DA SILVA MAIA;NUCLEO DE VIGILANCIA;AUX.O-I;; ESTATUTARIO;3732,29;;3732,29;347,37;3384,92;
PEDRO DE SOUZA MOREIRA;NUCLEO DE VIGILANCIA;VIGIA;; ESTATUTARIO;2582,06;;2582,06;138,99;2443,07;
PERICLES DE PINHO CORREA;GER.BENEFICIO DOS SERVIDORES;A.TEC-I;; ESTATUTARIO;4027,83;;4027,83;324,32;3703,51;
PRISCILA BARBOSA DOS SANTOS;CONSULTORIA TEC-ADMINISTRATIVA;ASSESSOR I;; CARGO COMISSION.S/VINCULO;5529,77;;5529,77;986,40;4543,37;
RACHEL DA SILVA ANDRADE;JUNTA MEDICO-PERICIAL DO EST.;ENCADERNADOR;; ESTATUTARIO;3557,63;;3557,63;268,88;3288,75;
RAFAELLA DA ROCHA REBOUCAS;DEPTO.DE GESTAO DE PESSOAS;AGENTE ADM.-AGA-T.S.N.A.-E;ASSESSOR I AD1; ESTATUTARIO;6005,18;;6005,18;822,21;5182,97;
RAIMUNDA CORREA DA SILVA;NUCLEO DE SERVICOS GERAIS;AUX.S.G-II;AUX. SERVIÇOS GERAIS; ESTATUTARIO;2827,25;;2827,25;175,53;2651,72;
RAIMUNDA NONATA DE OLIVEIRA BEZERRA;NUCLEO DE ARQ.ADMINISTRATIVO;AUXILIAR DE SERVICOS GERAIS;; ESTATUTARIO;5467,95;;5467,95;610,27;4857,68;
RAIMUNDA NONATA SOUZA GOMES;CONSULTORIA TEC-ADMINISTRATIVA;A.TEC-I;ASSIST. ADMINIST.; ESTATUTARIO;4195,30;;4195,30;377,28;3818,02;
RAIMUNDO AGUIAR COELHO;NUCLEO DE VIGILANCIA;VIGIA-I;; ESTATUTARIO;2661,96;;2661,96;178,85;2483,11;
RAIMUNDO ALBERTO DA SILVA MENTA;COORD.TEC.DE AUD.DOS SISTEMAS;A.TEC-I;F. GRATIFICADA, FG-1; ESTATUTARIO;6425,05;;6425,05;675,18;5749,87;
RAIMUNDO BARROS WAUGHON;REMANEJADOS EXT.OUVID.GER.EST.;A.TEC-I;GERENTE AD-2; ESTATUTARIO;4019,09;;4019,09;322,19;3696,90;
RAIMUNDO DA COSTA GONCALVES;JUNTA MEDICO-PERICIAL DO EST.;VIGIA-II;; ESTATUTARIO;2820,15;;2820,15;173,72;2646,43;
RAIMUNDO FERREIRA DA SILVA;NUCLEO DE VIGILANCIA;MARINHEIRO FLUVIAL DE CONVES;; ESTATUTARIO;2647,48;;2647,48;186,64;2460,84;
RAIMUNDO LIMA DE HOLANDA;NUCLEO DE SERVICOS GERAIS;AUX.O-I;; ESTATUTARIO;3657,60;;3657,60;238,99;3418,61;
RAIMUNDO RODRIGUES DE MORAES;NUCLEO DE SERVICOS GERAIS;AUX.O-I;; ESTATUTARIO;3277,31;;3277,31;217,81;3059,50;
RANSES GADELHA BEZERRA;COORDENADORIA DE PATRIMONIO;ASSESSOR II;ASSESSOR II, AD-2; CARGO COMISSION.S/VINCULO;4509,79;;4509,79;670,28;3839,51;
REGINA LUCIA BRANDAO LIMA JAEGER;EXTINTO B.CARGOS DISP.P/ORGAOS;ASSISTENTE SOCIAL 3A CLASSE;; ESTATUTARIO;2893,27;;2893,27;368,59;2524,68;
RIAD ABRAHIM BALLUT;DEPTO.DE ADMINIST.E FINANCAS;AFP-U;; ESTATUTARIO;8358,33;;8358,33;1939,09;6419,24;
RICARDO QUEIROZ DE PAIVA;COMISSAO DE REGIME DISCIPLINAR;MEMBRO COMISSAO REGIME DISCIPLINAR;MEMBRO CRD; CONSELHO;700,00;;700,00;;700,00;
RITA MARIA DE SOUZA GONCALVES;DISPONIVEL SEAD;TECNICO 2A CLASSE;; ESTATUTARIO;1157,00;;1157,00;109,78;1047,22;
ROBERTO CONTE DE MELO;DISPONIVEL SEAD;ASSISTENTE TECNICO 3A CLASSE;; ESTATUTARIO;1157,00;;1157,00;109,78;1047,22;
ROBERTO FAGNER DUARTE DA SILVA DIAS;DEPTO.DE TEC.DE INFORMACAO;ASSESSOR II;ASSESSOR AD-2; CARGO COMISSION.S/VINCULO;4509,79;;4509,79;670,28;3839,51;
ROBERTO SOBREIRA NASCIMENTO;DISPONIVEL SEAD;ELETRICISTA;; ESTATUTARIO;1157,00;;1157,00;109,78;1047,22;
ROBERVAL DOS SANTOS DE CARVALHO;PESSOAL PROC.DE APOSENTADORIA;MARINHEIRO FLUVIAL DE MAQUINA;; ESTATUTARIO;2006,23;;2006,23;208,97;1797,26;
ROBERVAL WILKENS MARINHO;PESSOAL PROC.DE APOSENTADORIA;ESCRIVAO DE POLICIA 3A CLASSE;; ESTATUTARIO;1157,00;;1157,00;109,78;1047,22;
ROBSON GUIMARAES DE SOUSA;RELOTADOS DA SEC/AMAZONASTUR;ASSISTENTE TECNICO I;; ESTATUTARIO;3089,62;;3089,62;211,23;2878,39;
RODRIGO DE MOURA MOTA;COORDENADORIA DE REC.HUMANOS;GERENTE;; CARGO COMISSION.S/VINCULO;4509,79;;4509,79;670,28;3839,51;
RODRIGO ROCHA PINTO PEREIRA;JUNTA MEDICO-PERICIAL DO EST.;ASSESSOR III;NAO INFORMADO; CARGO COMISSION.S/VINCULO;3491,80;;3491,80;422,40;3069,40;
ROOSEVELT DOS SANTOS LOPES;GER.DE CONT.PATR.IMOBILIARIO;AUX.ADM-III;AGENTE ADMINISTRAT.; ESTATUTARIO;3761,81;;3761,81;221,82;3539,99;
RORIZ MOTA DE BRITO;NUCLEO DE TRANSPORTE;MOT-III;MOTORISTA; ESTATUTARIO;3002,03;;3002,03;202,67;2799,36;
ROSALINA MALMACEDO GONCALVES;DISPONIVEL SEAD;ASSISTENTE TECNICO 2A CLASSE;; ESTATUTARIO;1157,00;;1157,00;109,78;1047,22;
ROSANGELA ABREU DA COSTA LINS;DISPONIVEL TCM;AUDITOR ASSISTENTE - N.S.;; ESTATUTARIO;1157,00;;1157,00;109,78;1047,22;
ROSILENE VIDAL BARRETO;GER.BENEFICIO DOS SERVIDORES;ASSESSOR III;; CARGO COMISSION.S/VINCULO;3491,80;;3491,80;422,40;3069,40;
RUBEM CARLOS DO LAGO ARAUJO;DISPONIVEL SEAD;ENGENHEIRO 2A CLASSE;; ESTATUTARIO;1157,00;;1157,00;109,78;1047,22;
RUI DA SILVA CAVALCANTE;DISPONIVEL TCM;AUDITOR ASSISTENTE - N.S.;; ESTATUTARIO;1157,00;;1157,00;109,78;1047,22;
RUTH RODRIGUES PINTO;GABINETE DO SECRETARIO APOIO;AUX.S.G-I;; ESTATUTARIO;2727,56;;2727,56;162,18;2565,38;
SANDER JOSE COUTO DA SILVA;COORDENADORIA DE PATRIMONIO;ASSIST.ADM.FAZENDA EST.3A.CL.III;COORD.DE PATRIMN.; ESTATUTARIO;7500,00;;7500,00;1141,00;6359,00;
SANDRA HELENE SANTANA G ANDRADE;ASSESSORIA TEC.ADMINISTRATIVA;A.TEC-I;ASSESSOR I; ESTATUTARIO;9004,34;;9004,34;1597,36;7406,98;
SANDRA MARIA CUVELLO DE ANDRADE;DISPONIVEL TCM;CONSULTOR TECNICO B;; ESTATUTARIO;1157,00;;1157,00;109,78;1047,22;
SANDRA MARIA KANAWATI LASMAR;JUNTA MEDICO-PERICIAL DO EST.;MEDICO ESPECIALISTA;PERITO; ESTATUTARIO;1250,00;;1250,00;;1250,00;
SANDRA MARIA STONE DE ARAUJO;ARQUIVO PUB.EST.DO AMAZONAS;A.OPE-I;; ESTATUTARIO;2970,39;;2970,39;190,51;2779,88;
SANDRA REGINA MAQUINE BARBOSA;COORD.TEC.DE AUD.DOS SISTEMAS;TEC. DE NIVEL SUPERIOR 1A CLASSE;F. GRATIFICADA, FG-1; ESTATUTARIO;9562,03;;9562,03;1847,25;7714,78;
SAULO ELGALY DOS REIS ANTAO;GER.BENEFICIO DOS SERVIDORES;GERENTE;; CARGO COMISSION.S/VINCULO;4509,79;;4509,79;613,40;3896,39;
SEBASTIAO FILHO FERREIRA DA SILVA;JUNTA MEDICO-PERICIAL DO EST.;MARINHEIRO;1; ESTATUTARIO;2828,59;;2828,59;206,56;2622,03;
SEBASTIAO GILSON FARIAS GONDIM;EXTINTO B.CARGOS AGUARD.RELOT.;ASSISTENTE TECNICO;; ESTATUTARIO;998,00;;998,00;173,43;824,57;
SERGIO GUILHERME TEIXEIRA ARANHA;NUCLEO DE SERVICOS GERAIS;AUX.S.G-I;; ESTATUTARIO;3124,46;;3124,46;214,87;2909,59;
SEVERINO ANTONIO AGUIAR RAMOS;DISPONIVEL SEAD;ENGENHEIRO 1A CLASSE;; ESTATUTARIO;1149,10;;1149,10;101,83;1047,27;
SHEILA MARA PEREIRA FRANCO;GERENCIA DE FOLHA DE PAGAMENTO;AGENTE ADMINISTRATIVO 4A CLASSE;F. GRATIFICADA, FG-3; ESTATUTARIO;5137,74;;5137,74;570,31;4567,43;
SIGRID MARIA LOPES FREIRE;DEPTO.DE GESTAO DE PATRIMONIO;A.TEC-II;CHEFE DE DEPARTAMENT; ESTATUTARIO;3925,00;;3925,00;294,52;3630,48;
SILVIO EDUARDO LIMA SARMENTO;DEPTO.DE DESENVOLV.DE PESSOAS;ASSESSOR II;; CARGO COMISSION.S/VINCULO;4509,79;;4509,79;641,84;3867,95;
SIMON DERZI CARDOSO;DEPTO.DE TEC.DE INFORMACAO;ASSESSOR II;; CARGO COMISSION.S/VINCULO;4509,79;;4509,79;670,28;3839,51;
SOCORRO MAGDA MENDES BORGES;GERENCIA DE REGISTRO DE DADOS;AUX.ADM-I;; ESTATUTARIO;4033,69;;4033,69;338,18;3695,51;
SUELI JACOB;DISPONIVEL SEAD;TECNICO A;; ESTATUTARIO;1157,00;;1157,00;109,78;1047,22;
SUELY FARIAS DA SILVA;EXTINTO B.CARGOS AGUARD.RELOT.;A.TEC-I;; ESTATUTARIO;1578,23;;1578,23;173,61;1404,62;
TATIANNE VIEIRA ASSAYAG TOLEDO;SEC.EXEC.DE ADMINIST.E GESTAO;PROCURADOR DO ESTADO 2A CLASSE;SECRETARIO EXEC.DE A; ESTATUTARIO;9900,00;605,93;9294,07;1530,10;7763,97;
TEREZA CRISTINA FROES DA CRUZ SILVA;DEPTO.DE ADMINIST.E FINANCAS;A.TEC-I;; ESTATUTARIO;4010,34;;4010,34;348,50;3661,84;
TEREZINHA DE JESUS ARAUJO VAZ;GERENC.DE APOIO ADMINISTRATIVO;A.TEC-I;; ESTATUTARIO;2894,70;;2894,70;212,39;2682,31;
TEREZINHA DE OLIVEIRA ROCHA;DISPONIVEL TCM;CONSULTOR TECNICO A;; ESTATUTARIO;580,63;;580,63;38,98;541,65;
THAIS LIMA RODRIGUES;CONSULTORIA TEC-ADMINISTRATIVA;ASSESSOR II;; CARGO COMISSION.S/VINCULO;4509,79;;4509,79;556,52;3953,27;
THANIA REGINA PEREIRA DE S FALCAO;GERENCIA DE REGISTRO DE DADOS;A.TEC-I;; ESTATUTARIO;5426,86;;5426,86;666,08;4760,78;
VALCLEMAR GUIMARAES FARACHE;NUCLEO DE TRANSPORTE;MOT-I;; ESTATUTARIO;5413,28;;5413,28;663,47;4749,81;
VALDEMIR GUIMARAES DE OLIVEIRA;PESSOAL PROC.DE APOSENTADORIA;AGENTE ADMINISTRATIVO 3A CLASSE;; ESTATUTARIO;1157,00;;1157,00;109,78;1047,22;
VALDINETE COELHO DE MENEZES;COMISSAO DE REGIME DISCIPLINAR;A.TEC-I;; ESTATUTARIO;4182,98;;4182,98;374,39;3808,59;
VANDA DA CRUZ CARVALHO CALADO;GERENCIA DE REGISTRO DE DADOS;AUXILIAR TECNICO;; ESTATUTARIO;4055,18;;4055,18;337,18;3718,00;
VANDERRUBEM MARCELINO NEVES;GERENCIA DE REGISTRO DE DADOS;A.TEC-I;ASSISTENTE TECNICO; ESTATUTARIO;4010,34;;4010,34;232,13;3778,21;
VANESSA CRISTINA DE OLIVEIRA GUERRA;GER.DE PROG.DE DESENVOLVIMENTO;GERENTE;; CARGO COMISSION.S/VINCULO;4509,79;;4509,79;641,84;3867,95;
VANIA MARIA NONATA DA SILVA;GER.DE PLANEJ.ORC.E FINANCAS;AUX.ADM-I;; ESTATUTARIO;4033,69;;4033,69;309,74;3723,95;
VERA COELHO DE MENEZES DO VALE;GERENCIA DE PESSOAL;A.TEC-I;; ESTATUTARIO;4019,09;;4019,09;322,19;3696,90;
VERONICA PEREIRA FIGUEIREDO;GERENCIA DE PESSOAL;A.TEC-I;; ESTATUTARIO;5445,01;;5445,01;672,08;4772,93;
VICENTE DE PAULO VIEIRA COLOMBO;JUNTA MEDICO-PERICIAL DO EST.;MARINHEIRO;; ESTATUTARIO;3522,55;;3522,55;272,35;3250,20;
VIRGINIA DE SOUSA PAIVA;GERENCIA DE REGISTRO DE DADOS;ASSISTENTE TECNICO 3A CLASSE;; ESTATUTARIO;4035,76;;4035,76;332,62;3703,14;
WALDEMARINA PINTO BARROSO;GER.BENEFICIO DOS SERVIDORES;A.TEC-I;; ESTATUTARIO;4202,40;;4202,40;378,94;3823,46;
WALDENY TAVEIRA PARDO;NUCLEO DE TRANSPORTE;MOT-I;; ESTATUTARIO;2608,69;;2608,69;174,18;2434,51;
WALTERLOO MARQUES PERES;DEPTO.DE ADMINIST.E FINANCAS;AFP-U;; ESTATUTARIO;9485,52;;9485,52;2251,11;7234,41;
WILMA NASCIMENTO FERREIRA;REMANEJADOS EXT.OUVID.GER.EST.;A.TEC-I;; ESTATUTARIO;2145,60;;2145,60;171,68;1973,92;
ZELIA MACHADO RIBEIRO FILHA;NUCLEO DE ARQ.ADMINISTRATIVO;AUXILIAR TECNICO;; ESTATUTARIO;4055,18;;4055,18;337,18;3718,00;
