NOME;LOTACAO;CARGO;FUNCAO;VINCULO;REMUNERACAO LEGAL TOTAL(R$);DESC.TETO(R$); REMUNERACAO LEGAL DEVIDA(R$);DESCONTOS LEGAIS(R$);LIQUIDO DISPONIVEL(R$);
ADRIANA ANDRADE DA SILVA;UNIDADES DESCENTRAL.EDUC.PROF.;SECRETARIO DE ESC.DE EDUC.PROF.AD-2;; CARGO COMISSION.S/VINCULO;2909,79;;2909,79;270,20;2639,59;
ADRIANA LISBOA ROSA;UNIDADES DESCENTRAL.EDUC.PROF.;DIRETOR DE ESC.DE EDUC.PROFISS.AD-1;; CARGO COMISSION.S/VINCULO;5529,77;;5529,77;986,40;4543,37;
ADRIAO CAVALCANTE ROCHA NETO;UNIDADES DESCENTRAL.EDUC.PROF.;ANALISTA TEC.EDUC.3A.CL-A.T.E-III;; ESTATUTARIO;4264,88;;4264,88;582,21;3682,67;
ADRIELY OLIVEIRA PEREIRA;UNIDADES DESCENTRAL.EDUC.PROF.;ASS.TEC.EDUC.3A.CL-A.T.ED-III;; ESTATUTARIO;2264,32;;2264,32;216,08;2048,24;
AGRIPINO ABDON DE OLIVEIRA;UNIDADES DESCENTRAL.EDUC.PROF.;ASS.TEC.EDUC.3A.CL-A.T.ED-III;; ESTATUTARIO;2264,32;;2264,32;216,08;2048,24;
ALBERTO GOMES PINTO;NUCLEOS DE EDUC.PROFISSIONAL;GERENTE ACADEMICO AD-2;NAO INFORMADO; CARGO COMISSION.S/VINCULO;5819,58;;5819,58;983,24;4836,34;
ALCIMARA PINHEIRO ALBERTINO;NUCLEOS DE EDUC.PROFISSIONAL;GERENTE ACADEMICO AD-2;NAO INFORMADO; CARGO COMISSION.S/VINCULO;5819,58;;5819,58;983,24;4836,34;
AMANDA ALECSANDRA MOTA R RODRIGUES;UNIDADES DESCENTRAL.EDUC.PROF.;ASS.TEC.EDUC.3A.CL-A.T.ED-III;; ESTATUTARIO;2264,32;;2264,32;216,08;2048,24;
ANA CRISTINA RIBEIRO DE BRITO;GABINETE DO DIRETOR GERAL;CHEFE DE GABINETE;NAO INFORMADO; CARGO COMISSION.S/VINCULO;4529,77;;4529,77;676,15;3853,62;
ANA MARIA DE LUCENA RODRIGUES;DIRETORIA ACADEMICA;PROFESSOR C4 ED-LPL-IV;; ESTATUTARIO;3889,75;;3889,75;256,94;3632,81;
ANA MARIA SERRAO DE ARAUJO;UNIDADES DESCENTRAL.EDUC.PROF.;PROFESSOR C3 ED-ESP-III;; ESTATUTARIO;1298,00;;1298,00;109,78;1188,22;
ANA MARIA SERRAO DE ARAUJO;UNIDADES DESCENTRAL.EDUC.PROF.;PROFESSOR C3 ED-ESP-III;; ESTATUTARIO;3175,51;;3175,51;212,18;2963,33;
ANA PAULA HADDAD NEVES;NUCLEOS DE EDUC.PROFISSIONAL;ANALISTA TEC.EDUC.3A.CL-A.T.E-III;; ESTATUTARIO;4264,88;;4264,88;610,65;3654,23;
ANELIANY DA SILVA LIMA;UNIDADES DESCENTRAL.EDUC.PROF.;ASSESSOR III;NAO INFORMADO; CARGO COMISSION.S/VINCULO;3491,80;;3491,80;422,40;3069,40;
ANGELO MACIEL DE SOUZA;ASSESSORIA;ASS.TEC.EDUC.3A.CL-A.T.ED-III;; ESTATUTARIO;2264,32;;2264,32;216,08;2048,24;
ANTONIA LISBOA DA ROCHA;COMISSAO PERMAN.DE CONCURSOS;ASSESSOR III;; CARGO COMISSION.S/VINCULO;2495,80;;2495,80;197,62;2298,18;
ANTONIA MARIA FARIAS ABREU;DIRETORIA ACADEMICA;ASSESSOR II;NAO INFORMADO; CARGO COMISSION.S/VINCULO;2909,79;;2909,79;270,20;2639,59;
ANTONIO SOARES DA SILVA FILHO;DIRETORIA ADM.FINANCEIRA;AUX.S.G-III;; ESTATUTARIO;2546,26;;2546,26;136,37;2409,89;
ARACY MARTINS DE ARAUJO;DIRETORIA ADM.FINANCEIRA;GERENTE;; CARGO COMISSION.S/VINCULO;4509,79;;4509,79;670,28;3839,51;
ARAMIS DA CRUZ NORONHA;DIRETORIA ACADEMICA;ANALISTA TEC.EDUC.3A.CL-A.T.E-III;; ESTATUTARIO;4264,88;;4264,88;610,65;3654,23;
ARIADNE MARIA BOH DOS SANTOS;DIRETORIA ACADEMICA;PROFESSOR C3 ED-ESP-III;; ESTATUTARIO;6145,73;;6145,73;753,53;5392,20;
ARIADNE MARIA BOH DOS SANTOS;DIRETORIA ACADEMICA;PEDAGOGO C3 ED-ESP-III;; ESTATUTARIO;1209,24;;1209,24;133,02;1076,22;
ARIANA GRIJO DA SILVA;DIRETORIA ACADEMICA;ANALISTA TEC.EDUC.3A.CL-A.T.E-III;; ESTATUTARIO;4264,88;;4264,88;610,65;3654,23;
ARLENE SILVA OLIVEIRA BONFIM;DIRETORIA ACADEMICA;ANALISTA TEC.EDUC.3A.CL-A.T.E-III;DIRETOR DE ESC.DE ED; ESTATUTARIO;6611,41;;6611,41;1132,37;5479,04;
AUGUSTO RANIERE DE SOUSA TORRES;UNIDADES DESCENTRAL.EDUC.PROF.;ASS.TEC.EDUC.3A.CL-A.T.ED-III;; ESTATUTARIO;2264,32;;2264,32;216,08;2048,24;
CARLA YAEL DE VASCONCELOS NOGUEIRA;ASSESSORIA;ASSESSOR I;NAO INFORMADO; CARGO COMISSION.S/VINCULO;5529,77;;5529,77;986,40;4543,37;
CARLOS AUGUSTO AQUINO NEGREIROS;DIRETORIA ACADEMICA;ANALISTA TEC.EDUC.3A.CL-A.T.E-III;; ESTATUTARIO;4264,88;;4264,88;610,65;3654,23;
CARMEM LUCIA SOUZA RIBEIRO;DIRETORIA ACADEMICA;PROFESSOR;; ESTATUTARIO;2836,00;;2836,00;103,60;2732,40;
CARMEM LUCIA SOUZA RIBEIRO;DIRETORIA ACADEMICA;PEDAGOGO C4 ED-LPL-IV;PEDAGOGO; ESTATUTARIO;1119,94;;1119,94;123,19;996,75;
CARMITA DA SILVA LIMA;DIRETORIA ADM.FINANCEIRA;COORDENADOR DE NUCLEO;NAO INFORMADO; CARGO COMISSION.S/VINCULO;5529,77;;5529,77;986,40;4543,37;
CARMO GONCALVES DA COSTA;DIRETORIA ADM.FINANCEIRA;VIGIA-III;; ESTATUTARIO;1702,49;;1702,49;129,69;1572,80;
CLAUDENILSA SANTOS DE O MENDONÇA;UNIDADES DESCENTRAL.EDUC.PROF.;ANALISTA TEC.EDUC.3A.CL-A.T.E-III;; ESTATUTARIO;4264,88;;4264,88;610,65;3654,23;
CLEIDE MONTEIRO PORTO;GABINETE DO DIRETOR GERAL;ASSESSOR I;NAO INFORMADO; CARGO COMISSION.S/VINCULO;5529,77;;5529,77;986,40;4543,37;
DANIEL LUCAS DE MATOS CARVALHO;DIRETORIA ADM.FINANCEIRA;GERENTE;NAO INFORMADO; CARGO COMISSION.S/VINCULO;3509,79;;3509,79;426,78;3083,01;
DARCY PEREIRA LIMA;DIRETORIA ADM.FINANCEIRA;AGENTE ADMINISTRATIVO A - N.B.;; ESTATUTARIO;3060,46;;3060,46;266,98;2793,48;
DEBORAH LOPES TAVARES;DIRETORIA ACADEMICA;ASSESSOR II;NAO INFORMADO; CARGO COMISSION.S/VINCULO;3509,79;;3509,79;426,78;3083,01;
DEBORAH RENATA PACHECO DOS SANTOS;UNIDADES DESCENTRAL.EDUC.PROF.;ASSESSOR II;NAO INFORMADO; CARGO COMISSION.S/VINCULO;3509,79;;3509,79;426,78;3083,01;
EDILSON RAMOS DOS SANTOS;UNIDADES DESCENTRAL.EDUC.PROF.;SECRETARIO DE ESC.DE EDUC.PROF.AD-2;SEC.DE ESC.ED.PROFIS; CARGO COMISSION.S/VINCULO;2909,79;;2909,79;270,20;2639,59;
EDINELZA SANTOS DE ALBUQUERQUE;DIRETORIA ACADEMICA;ASSESSOR II;NAO INFORMADO; CARGO COMISSION.S/VINCULO;2909,79;;2909,79;270,20;2639,59;
EDMUNDO FERREIRA BRITO NETTO;DIRETORIA ADM.FINANCEIRA;GERENTE;NAO INFORMADO; CARGO COMISSION.S/VINCULO;4509,79;;4509,79;670,28;3839,51;
ELITON DE ARAUJO SANTOS;NUCLEOS DE EDUC.PROFISSIONAL;DIRETOR DE ESC.DE EDUC.PROFISS.AD-1;NAO INFORMADO; CARGO COMISSION.S/VINCULO;5529,77;;5529,77;986,40;4543,37;
ELLEN THAIS DA SILVA AZEVEDO;DIRETORIA ACADEMICA;ANALISTA TEC.EDUC.3A.CL-A.T.E-III;; ESTATUTARIO;4264,88;;4264,88;610,65;3654,23;
ENYSSON ALCÂNTARA BARROSO;PROCURADORIA;PROCURADOR CHEFE AD-1;NAO INFORMADO; CARGO COMISSION.S/VINCULO;5529,77;;5529,77;986,40;4543,37;
ERIK SILVA DO NASCIMENTO;DIRETORIA DE REL.EMP.INSTITUC.;ASS.TEC.EDUC.3A.CL-A.T.ED-III;; ESTATUTARIO;2264,32;;2264,32;216,08;2048,24;
ERIKA MARIA NOGUEIRA DA SILVA;DIRETORIA ACADEMICA;ASSESSOR II;; CARGO COMISSION.S/VINCULO;4509,79;;4509,79;613,40;3896,39;
ERNO PAULO PORN;UNIDADES DESCENTRAL.EDUC.PROF.;TEC.DE TECNOL.INF.3A.CL-T.T.I-III;; ESTATUTARIO;2264,32;;2264,32;216,08;2048,24;
FÁTIMA DE JESUS FERREIRA DAVID;NUCLEOS DE EDUC.PROFISSIONAL;GERENTE ACADEMICO AD-2;NAO INFORMADO; CARGO COMISSION.S/VINCULO;5819,58;;5819,58;983,24;4836,34;
FABIANA SILVA OLIVEIRA;NUCLEOS DE EDUC.PROFISSIONAL;GERENTE ACADEMICO AD-2;NAO INFORMADO; CARGO COMISSION.S/VINCULO;5819,58;;5819,58;983,24;4836,34;
FABIENE DA SILVA PACHECO;NUCLEOS DE EDUC.PROFISSIONAL;GERENTE ACADEMICO AD-2;NAO INFORMADO; CARGO COMISSION.S/VINCULO;5819,58;;5819,58;983,24;4836,34;
FELIPE DOS SANTOS DE SOUZA;DIRETORIA ADM.FINANCEIRA;ASS.TEC.EDUC.3A.CL-A.T.ED-III;; ESTATUTARIO;2264,32;;2264,32;216,08;2048,24;
FRANCIANE LIMA DE OLIVEIRA;NUCLEOS DE EDUC.PROFISSIONAL;GERENTE ACADEMICO AD-2;NAO INFORMADO; CARGO COMISSION.S/VINCULO;2909,79;;2909,79;270,20;2639,59;
FRANCINALDO DE MATOS PINTO;NUCLEOS DE EDUC.PROFISSIONAL;GERENTE ACADEMICO AD-2;NAO INFORMADO; CARGO COMISSION.S/VINCULO;5819,58;;5819,58;983,24;4836,34;
FRANCISCA CRISTIANE M FERREIRA;NUCLEOS DE EDUC.PROFISSIONAL;GERENTE ACADEMICO AD-2;NAO INFORMADO; CARGO COMISSION.S/VINCULO;5819,58;;5819,58;983,24;4836,34;
FRANCISCO COSMO DA SILVA DOMINGOS;NUCLEOS DE EDUC.PROFISSIONAL;PROFESSOR PF20.LPL-IV;GERENTE ACADEMICO AD; ESTATUTARIO;8100,00;;8100,00;1110,64;6989,36;
FRANCISCO JOSÉ NOGUEIRA DE MENEZES;NUCLEOS DE EDUC.PROFISSIONAL;GERENTE ACADEMICO AD-2;NAO INFORMADO; CARGO COMISSION.S/VINCULO;5819,58;;5819,58;983,24;4836,34;
FRANCISCO QUEIROZ MENEZES;UNIDADES DESCENTRAL.EDUC.PROF.;COORDENADOR DE CURSO AD-1;; CARGO COMISSION.S/VINCULO;4529,77;;4529,77;676,15;3853,62;
FRANKLENO FERREIRA DA ENCARNAÇÃO;DIRETORIA ACADEMICA;ANALISTA TEC.EDUC.3A.CL-A.T.E-III;; ESTATUTARIO;4264,88;;4264,88;610,65;3654,23;
GERSON BARROS PEREIRA;DIRETORIA ACADEMICA;COORDENADOR DE CURSO AD-1;; CARGO COMISSION.S/VINCULO;2929,77;;2929,77;273,35;2656,42;
GILMARXE SANTANA PENAFORTE;NUCLEOS DE EDUC.PROFISSIONAL;GERENTE ACADEMICO AD-2;NAO INFORMADO; CARGO COMISSION.S/VINCULO;5819,58;;5819,58;983,24;4836,34;
GISELE DE BRITO BRAGA;DIRETORIA ACADEMICA;ASSESSOR I;NAO INFORMADO; CARGO COMISSION.S/VINCULO;4529,77;;4529,77;676,15;3853,62;
GLAUCO BARROS E SILVA;DIRETORIA ACADEMICA;ANALISTA TEC.EDUC.3A.CL-A.T.E-III;; ESTATUTARIO;4264,88;;4264,88;610,65;3654,23;
GRECIANE ROSSETTI MATHIAS;UNIDADES DESCENTRAL.EDUC.PROF.;ASS.TEC.EDUC.3A.CL-A.T.ED-III;ASSIST. ADMINISTRAT.; ESTATUTARIO;3053,10;;3053,10;251,93;2801,17;
HALISSON WELLAME GRANA;UNIDADES DESCENTRAL.EDUC.PROF.;ASS.TEC.EDUC.3A.CL-A.T.ED-III;; ESTATUTARIO;2264,32;;2264,32;216,08;2048,24;
HELAN DE SOUSA;DIRETORIA ACADEMICA;ANALISTA TEC.EDUC.3A.CL-A.T.E-III;; ESTATUTARIO;4264,88;;4264,88;610,65;3654,23;
HONORATO RODRIGUES NUNES;DIRETORIA ADM.FINANCEIRA;AUX.S.G-III;; ESTATUTARIO;1702,49;;1702,49;129,69;1572,80;
IRES ALVES DA SILVA;DIRETORIA ACADEMICA;COORDENADOR DE CURSO AD-1;; CARGO COMISSION.S/VINCULO;4529,77;;4529,77;676,15;3853,62;
ITELVINA ANDREA DE SOUZA AYRES;UNIDADES DESCENTRAL.EDUC.PROF.;GERENTE ACADEMICO AD-2;NAO INFORMADO; CARGO COMISSION.S/VINCULO;2909,79;;2909,79;270,20;2639,59;
JACQUES DOS SANTOS CARNEIRO CUNHA;DIRETORIA ADM.FINANCEIRA;ANALISTA TEC.EDUC.3A.CL-A.T.E-III;; ESTATUTARIO;4264,88;;4264,88;610,65;3654,23;
JANDIRA FROTA MAGALHAES;NUCLEOS DE EDUC.PROFISSIONAL;ASS.TEC.EDUC.3A.CL-A.T.ED-III;; ESTATUTARIO;2264,32;;2264,32;216,08;2048,24;
JANEIDE MEDEIROS DE ALMEIDA;DIRETORIA ADM.FINANCEIRA;ASS.TEC.EDUC.3A.CL-A.T.ED-III;; ESTATUTARIO;2264,32;;2264,32;216,08;2048,24;
JANNYNIE KELLY HATTA SCHNNYDER;DIRETORIA ACADEMICA;ASSESSOR II;NAO INFORMADO; CARGO COMISSION.S/VINCULO;3509,79;;3509,79;426,78;3083,01;
JOAO KLEBER SERRAO DE FREITAS;UNIDADES DESCENTRAL.EDUC.PROF.;ANALISTA TEC.EDUC.3A.CL-A.T.E-III;; ESTATUTARIO;4264,88;;4264,88;610,65;3654,23;
JOED BARBOSA MENDES;NUCLEOS DE EDUC.PROFISSIONAL;TEC.DE TECNOL.INF.3A.CL-T.T.I-III;; ESTATUTARIO;2264,32;;2264,32;216,08;2048,24;
JOESIA MOREIRA JULIAO PACHECO;GABINETE DO DIRETOR GERAL;ENG-I;DIRETOR PRESIDENTE; ESTATUTARIO;9900,00;;9900,00;2221,30;7678,70;
JOSÉ MARIA GUEDES TROVÃO;NUCLEOS DE EDUC.PROFISSIONAL;GERENTE ACADEMICO AD-2;NAO INFORMADO; CARGO COMISSION.S/VINCULO;2909,79;;2909,79;270,20;2639,59;
JOSE GUEDES DA SILVA;UNIDADES DESCENTRAL.EDUC.PROF.;AUX.S.G-III;; ESTATUTARIO;1457,31;;1457,31;127,30;1330,01;
JOSE MANUEL SALUSTIANO MENDES;DIRETORIA ADM.FINANCEIRA;GERENTE;NAO INFORMADO; CARGO COMISSION.S/VINCULO;3509,79;;3509,79;426,78;3083,01;
JOSE PAULO CLAUDINO DA SILVA;DIRETORIA DE REL.EMP.INSTITUC.;ANALISTA TEC.EDUC.3A.CL-A.T.E-III;; ESTATUTARIO;4264,88;;4264,88;525,34;3739,54;
JOSE SEBASTIAO CARDOSO SILVA;DIRETORIA ADM.FINANCEIRA;MOT-III;; ESTATUTARIO;2485,49;;2485,49;129,69;2355,80;
JOSELMA BASTOS GONCALVES;UNIDADES DESCENTRAL.EDUC.PROF.;ASS.TEC.EDUC.3A.CL-A.T.ED-III;; ESTATUTARIO;2264,32;;2264,32;216,08;2048,24;
JOSIANY DANTAS DA MOTA;DIRETORIA ACADEMICA;ANALISTA TEC.EDUC.3A.CL-A.T.E-III;; ESTATUTARIO;4264,88;;4264,88;610,65;3654,23;
JOYCE MALENA REGIS VIEIRA;DIRETORIA ACADEMICA;PROFESSOR C4 ED-LPL-IV;; ESTATUTARIO;3289,75;;3289,75;166,94;3122,81;
JOYCE MALENA REGIS VIEIRA;DIRETORIA ACADEMICA;PROFESSOR C4 ED-LPL-IV;; ESTATUTARIO;998,00;;998,00;109,78;888,22;
JOYCE VIVIANNE VELOSO DE LIMA;DIRETORIA ADM.FINANCEIRA;DIRETOR ADMINISTRATIVO E FINANCEIRO;NAO INFORMADO; CARGO COMISSION.S/VINCULO;9300,00;;9300,00;2071,33;7228,67;
JOZENILSON LOPES DE PONTES;UNIDADES DESCENTRAL.EDUC.PROF.;GERENTE ACADEMICO AD-2;NAO INFORMADO; CARGO COMISSION.S/VINCULO;2909,79;;2909,79;270,20;2639,59;
JULIANA MARTINS DE MEDEIROS RIBEIRO;PROCURADORIA;ASS.TEC.EDUC.3A.CL-A.T.ED-III;; ESTATUTARIO;2264,32;;2264,32;216,08;2048,24;
JUSSARA NEGREIROS FERREIRA;UNIDADES DESCENTRAL.EDUC.PROF.;ASSESSOR II;NAO INFORMADO; CARGO COMISSION.S/VINCULO;4509,79;;4509,79;670,28;3839,51;
KASSIO DA SILVA FERNANDES;NUCLEOS DE EDUC.PROFISSIONAL;GERENTE ACADEMICO AD-2;NAO INFORMADO; CARGO COMISSION.S/VINCULO;5819,58;;5819,58;983,24;4836,34;
KATIUCHA DE CASTRO NIGRO;DIRETORIA DE REL.EMP.E INSTIT.;ANALISTA TEC.EDUC.3A.CL-A.T.E-III;; ESTATUTARIO;3964,88;;3964,88;610,65;3354,23;
KELLEN BARBOSA;UNIDADES DESCENTRAL.EDUC.PROF.;SECRETARIO DE ESC.DE EDUC.PROF.AD-2;; CARGO COMISSION.S/VINCULO;2909,79;;2909,79;270,20;2639,59;
KERRIANE VERÇOSA DE ARA JO;NUCLEOS DE EDUC.PROFISSIONAL;GERENTE ACADEMICO AD-2;NAO INFORMADO; CARGO COMISSION.S/VINCULO;5819,58;;5819,58;983,24;4836,34;
KEUMISON MARQUES DE OLIVEIRA;NUCLEOS DE EDUC.PROFISSIONAL;GERENTE ACADEMICO AD-2;NAO INFORMADO; CARGO COMISSION.S/VINCULO;2909,79;;2909,79;270,20;2639,59;
KINDREULLY RALINY SILVA DE SOUZA;GABINETE DO DIRETOR GERAL;ASS.TEC.EDUC.3A.CL-A.T.ED-III;ASSIST.TEC.3CLASSE; ESTATUTARIO;2264,32;;2264,32;216,08;2048,24;
LÍVIA GISELA NASCIMENTO DA CUNHA;DIRETORIA ADM.FINANCEIRA;ANALISTA TEC.EDUC.3A.CL-A.T.E-III;; ESTATUTARIO;4264,88;;4264,88;610,65;3654,23;
LARYSSA SOUZA NORONHA;UNIDADES DESCENTRAL.EDUC.PROF.;ASS.TEC.EDUC.3A.CL-A.T.ED-III;; ESTATUTARIO;2264,32;;2264,32;216,08;2048,24;
LEANDRO MADY DA SILVA;DIRETORIA ADM.FINANCEIRA;ASS.TEC.EDUC.3A.CL-A.T.ED-III;; ESTATUTARIO;2264,32;;2264,32;216,08;2048,24;
LEONARDO BRUNO BARBOSA MONTEIRO;DIRETORIA DE REL.EMP.INSTITUC.;DIRETOR DE REL.EMPRES.E INSTITUC.;NAO INFORMADO; CARGO COMISSION.S/VINCULO;9300,00;;9300,00;2071,33;7228,67;
LEONILSON TAVARES DE MELO;NUCLEOS DE EDUC.PROFISSIONAL;GERENTE ACADEMICO AD-2;NAO INFORMADO; CARGO COMISSION.S/VINCULO;5819,58;;5819,58;983,24;4836,34;
LEONIR ERONICE REINERT DE ABREU;DIRETORIA ACADEMICA;PROFESSOR;; ESTATUTARIO;3232,00;;3232,00;133,30;3098,70;
LEONIR ERONICE REINERT DE ABREU;DIRETORIA ACADEMICA;PROFESSOR;; ESTATUTARIO;998,00;;998,00;98,78;899,22;
LEONOR FARIAS ABREU;DIRETORIA ACADEMICA;PROFESSOR;PROFESSOR; ESTATUTARIO;3832,00;;3832,00;218,53;3613,47;
LIDIA ALENCAR DE QUEIROZ;DIRETORIA ACADEMICA;SECRETARIO DE ESC.DE EDUC.PROF.AD-2;SEC.DE ESC.DE EDUC.; CARGO COMISSION.S/VINCULO;2909,79;;2909,79;270,20;2639,59;
LIDIANE TAMIRES PANTOJA DA SILVA;DIRETORIA ADM.FINANCEIRA;ASS.TEC.EDUC.3A.CL-A.T.ED-III;; ESTATUTARIO;2264,32;;2264,32;216,08;2048,24;
LILIANE SOUZA DA PAIXAO;COMISSAO PERMAN.DE CONCURSOS;ASSESSOR II;NAO INFORMADO; CARGO COMISSION.S/VINCULO;2513,79;;2513,79;199,24;2314,55;
LORENA DE SOUZA RIBEIRO GATTO;NUCLEOS DE EDUC.PROFISSIONAL;SECRETARIO DE ESC.DE EDUC.PROF.AD-2;NAO INFORMADO; CARGO COMISSION.S/VINCULO;2909,79;;2909,79;270,20;2639,59;
LUCIANA BARROSO ALMEIDA;DIRETORIA ADM.FINANCEIRA;ASS.TEC.EDUC.3A.CL-A.T.ED-III;; ESTATUTARIO;2264,32;;2264,32;216,08;2048,24;
LUCIO MATHEUS FERREIRA DO REGO;ASSESSORIA;TEC.DE TECNOL.INF.3A.CL-T.T.I-III;; ESTATUTARIO;2264,32;;2264,32;216,08;2048,24;
LUIS VANDERLEY NASCIMENTO SILVA;NUCLEOS DE EDUC.PROFISSIONAL;PROFESSOR PF20.ESP-III;GERENTE ACADEMICO AD; ESTATUTARIO;11038,17;;11038,17;2206,92;8831,25;
LUIZ ANDRE CANTO PANTOJA;DIRETORIA ACADEMICA;ASS.TEC.EDUC.3A.CL-A.T.ED-III;; ESTATUTARIO;2264,32;;2264,32;216,08;2048,24;
LUIZ DE MOURA FERREIRA;NUCLEOS DE EDUC.PROFISSIONAL;GERENTE ACADEMICO AD-2;NAO INFORMADO; CARGO COMISSION.S/VINCULO;2909,79;;2909,79;270,20;2639,59;
LUSSANDRA MIRELLI DE MELO PINTO;UNIDADES DESCENTRAL.EDUC.PROF.;ASSESSOR II;; CARGO COMISSION.S/VINCULO;4509,79;;4509,79;670,28;3839,51;
MANOEL DOS SANTOS VIEIRA;UNIDADES DESCENTRAL.EDUC.PROF.;AUXILIAR DE SERVICOS GERAIS;; ESTATUTARIO;1440,81;;1440,81;127,30;1313,51;
MARCELO AUGUSTO MARTINS LEMOS;DIRETORIA ADM.FINANCEIRA;ASSESSOR III;NAO INFORMADO; CARGO COMISSION.S/VINCULO;2891,80;;2891,80;267,35;2624,45;
MARCELO FABIANO DE OLIVEIRA FARIAS;NUCLEOS DE EDUC.PROFISSIONAL;GERENTE ACADEMICO AD-2;NAO INFORMADO; CARGO COMISSION.S/VINCULO;5819,58;;5819,58;983,24;4836,34;
MARCIA CRISTINA THOMAZ;UNIDADES DESCENTRAL.EDUC.PROF.;ASSESSOR III;NAO INFORMADO; CARGO COMISSION.S/VINCULO;2891,80;;2891,80;267,35;2624,45;
MARCIA FERNANDA IZIDORIO GOMES;DIRETORIA ACADEMICA;PROFESSOR;PROFESSOR; ESTATUTARIO;3832,00;;3832,00;161,65;3670,35;
MARCIA TORRES DA SILVA;DIRETORIA ADM.FINANCEIRA;COORDENADOR DE CURSO AD-1;NAO INFORMADO; CARGO COMISSION.S/VINCULO;4529,77;;4529,77;676,15;3853,62;
MARCOS EVANDRO LEON LEITE;UNIDADES DESCENTRAL.EDUC.PROF.;AUX.S.G-III;; ESTATUTARIO;2463,81;;2463,81;127,30;2336,51;
MARGARETH CORDEIRO DA SILVA;DIRETORIA ADM.FINANCEIRA;ASSESSOR II;; CARGO COMISSION.S/VINCULO;3509,79;;3509,79;426,78;3083,01;
MARIA DA CONCEICAO DAVILA TOMAZ;DIRETORIA ADM.FINANCEIRA;ASSESSOR IV;NAO INFORMADO; CARGO COMISSION.S/VINCULO;2875,61;;2875,61;264,79;2610,82;
MARIA DE NAZARE LIMA DOS SANTOS;NUCLEOS DE EDUC.PROFISSIONAL;GERENTE ACADEMICO AD-2;NAO INFORMADO; CARGO COMISSION.S/VINCULO;2909,79;;2909,79;270,20;2639,59;
MARIA DO PERPETUO S R CAVALCANTI;UNIDADES DESCENTRAL.EDUC.PROF.;ANALISTA TEC.EDUC.3A.CL-A.T.E-III;; ESTATUTARIO;4264,88;;4264,88;610,65;3654,23;
MARIA DO SOCORRO SERRAO BRASIL;UNIDADES DESCENTRAL.EDUC.PROF.;PROFESSOR C3 ED-ESP-III;; ESTATUTARIO;3404,58;;3404,58;138,81;3265,77;
MARIA DO SOCORRO SERRAO BRASIL;UNIDADES DESCENTRAL.EDUC.PROF.;PROFESSOR C3 ED-ESP-III;; ESTATUTARIO;998,00;;998,00;109,78;888,22;
MARIA EMILIA FREITAS DE SOUZA SILVA;DIRETORIA ADM.FINANCEIRA;A.OPE-III;; ESTATUTARIO;3891,14;;3891,14;254,51;3636,63;
MARIA IRACELMA ARAUJO DOS SANTOS;NUCLEOS DE EDUC.PROFISSIONAL;COORDENADOR DE CURSO AD-1;NAO INFORMADO; CARGO COMISSION.S/VINCULO;3529,77;;3529,77;431,65;3098,12;
MARIA LUCELIA DOS SANTOS TEIXEIRA;UNIDADES DESCENTRAL.EDUC.PROF.;ANALISTA TEC.EDUC.3A.CL-A.T.E-III;; ESTATUTARIO;4264,88;;4264,88;582,21;3682,67;
MARIA OLINDA SAMPAIO SALDANHA;DIRETORIA ADM.FINANCEIRA;AUX.S.G-III;; ESTATUTARIO;1702,49;;1702,49;129,69;1572,80;
MARIA ROGERIA DA SILVA MESQUITA;DIRETORIA ACADEMICA;ANALISTA TEC.EDUC.3A.CL-A.T.E-III;; ESTATUTARIO;4264,88;;4264,88;610,65;3654,23;
MARIA SOLANGE MESQUITA;UNIDADES DESCENTRAL.EDUC.PROF.;ASSESSOR II;NAO INFORMADO; CARGO COMISSION.S/VINCULO;2909,79;;2909,79;270,20;2639,59;
MARIA VERONICA CASTRO NETA;DIRETORIA ADM.FINANCEIRA;ASSESSOR III;; CARGO COMISSION.S/VINCULO;2891,80;;2891,80;267,35;2624,45;
MARIA ZULEIDE FERREIRA;DIRETORIA ADM.FINANCEIRA;ASS.TEC.EDUC.3A.CL-A.T.ED-III;COORDENADOR DE CURSO; ESTATUTARIO;6262,74;;6262,74;919,75;5342,99;
MARILIA JAQUES DA SILVA;NUCLEOS DE EDUC.PROFISSIONAL;GERENTE ACADEMICO AD-2;NAO INFORMADO; CARGO COMISSION.S/VINCULO;2909,79;;2909,79;270,20;2639,59;
MARIQUINHA GOMES PONTES;NUCLEOS DE EDUC.PROFISSIONAL;GERENTE ACADEMICO AD-2;NAO INFORMADO; CARGO COMISSION.S/VINCULO;2909,79;;2909,79;270,20;2639,59;
MARLETE LOPES CORREA;COMISSAO PERMAN.DE CONCURSOS;ANALISTA TEC.EDUC.3A.CL-A.T.E-III;; ESTATUTARIO;7688,81;;7688,81;1448,67;6240,14;
MERNIQUE ALMEIDA DA SILVA;UNIDADES DESCENTRAL.EDUC.PROF.;AUXILIAR DE SERVICOS GERAIS;; ESTATUTARIO;1440,81;;1440,81;127,30;1313,51;
MIGUEL GERALDO LIMA DA CUNHA;UNIDADES DESCENTRAL.EDUC.PROF.;ASS.TEC.EDUC.3A.CL-A.T.ED-III;; ESTATUTARIO;2264,32;;2264,32;216,08;2048,24;
NANCI HELENA BACH MOREIRA;UNIDADES DESCENTRAL.EDUC.PROF.;ANALISTA TEC.EDUC.3A.CL-A.T.E-III;; ESTATUTARIO;4264,88;;4264,88;610,65;3654,23;
NATASHA NASCIMENTO DE SOUSA;UNIDADES DESCENTRAL.EDUC.PROF.;SECRETARIO DE ESC.DE EDUC.PROF.AD-2;NAO INFORMADO; CARGO COMISSION.S/VINCULO;2909,79;;2909,79;270,20;2639,59;
NEY MAGALHÃES DA SILVA;NUCLEOS DE EDUC.PROFISSIONAL;GERENTE ACADEMICO AD-2;NAO INFORMADO; CARGO COMISSION.S/VINCULO;5819,58;;5819,58;983,24;4836,34;
NUBIA SILVA CAVALCANTE E SOUZA;DIRETORIA ACADEMICA;GERENTE DE PROJETOS AD-2;GERENTE PROJETO AD-2; CARGO COMISSION.S/VINCULO;4509,79;;4509,79;670,28;3839,51;
ODELÂNDIA RABELO SILVA;UNIDADES DESCENTRAL.EDUC.PROF.;ASS.TEC.EDUC.3A.CL-A.T.ED-III;; ESTATUTARIO;2264,32;;2264,32;216,08;2048,24;
OLAVO DE ANGIOLIS SILVA;NUCLEOS DE EDUC.PROFISSIONAL;GERENTE ACADEMICO AD-2;NAO INFORMADO; CARGO COMISSION.S/VINCULO;5819,58;;5819,58;983,24;4836,34;
OTILIA FAUSTA GOES TAVARES;UNIDADES DESCENTRAL.EDUC.PROF.;PROFESSOR;; ESTATUTARIO;2864,18;;2864,18;126,25;2737,93;
OTILIA FAUSTA GOES TAVARES;UNIDADES DESCENTRAL.EDUC.PROF.;PROFESSOR C6 ED-ADC-VI;; ESTATUTARIO;998,00;;998,00;109,78;888,22;
PAULO CESAR MOREIRA DE SOUZA;ASSESSORIA;ANALISTA TEC.EDUC.3A.CL-A.T.E-III;; ESTATUTARIO;4264,88;;4264,88;582,21;3682,67;
PEDRO SANTAREM DE SOUZA;DIRETORIA ACADEMICA;ANALISTA TEC.EDUC.3A.CL-A.T.E-III;; ESTATUTARIO;4264,88;;4264,88;610,65;3654,23;
RAFAEL BARBOSA ALVES;ASSESSORIA;TEC.DE TECNOL.INF.3A.CL-T.T.I-III;; ESTATUTARIO;2264,32;;2264,32;216,08;2048,24;
RAFAEL DE ARAUJO MIRANDA;ASSESSORIA;ASS.TEC.EDUC.3A.CL-A.T.ED-III;; ESTATUTARIO;2264,32;;2264,32;216,08;2048,24;
RAIMUNDO DE JESUS DA SILVA LEONEL;NUCLEOS DE EDUC.PROFISSIONAL;GERENTE ACADEMICO AD-2;NAO INFORMADO; CARGO COMISSION.S/VINCULO;5819,58;;5819,58;983,24;4836,34;
RAIZINARA DE OLIVEIRA ZURRA;UNIDADES DESCENTRAL.EDUC.PROF.;DIRETOR DE ESC.DE EDUC.PROFISS.AD-1;NAO INFORMADO; CARGO COMISSION.S/VINCULO;5529,77;;5529,77;986,40;4543,37;
RALFA GOMES DE SOUZA;NUCLEOS DE EDUC.PROFISSIONAL;ANALISTA TEC.EDUC.3A.CL-A.T.E-III;; ESTATUTARIO;16917,35;;16917,35;4709,92;12207,43;
RAQUEL AGUIAR DA SILVA;DIRETORIA ACADEMICA;COORDENADOR DE CURSO AD-1;; CARGO COMISSION.S/VINCULO;3529,77;;3529,77;431,65;3098,12;
RAYANA BRANDÃO FERREIRA;NUCLEOS DE EDUC.PROFISSIONAL;ASS.TEC.EDUC.3A.CL-A.T.ED-III;; ESTATUTARIO;2264,32;;2264,32;216,08;2048,24;
REGIANE OLIVEIRA DA SILVA;DIRETORIA ADM.FINANCEIRA;ASSESSOR II;NAO INFORMADO; CARGO COMISSION.S/VINCULO;3509,79;;3509,79;426,78;3083,01;
REGIOMARA LASMAR COSTA;UNIDADES DESCENTRAL.EDUC.PROF.;COORDENADOR DE CURSO AD-1;NAO INFORMADO; CARGO COMISSION.S/VINCULO;2929,77;;2929,77;273,35;2656,42;
RENATA LIBORIO BRUCE;DIRETORIA ACADEMICA;ASS.TEC.EDUC.3A.CL-A.T.ED-III;; ESTATUTARIO;2264,32;;2264,32;216,08;2048,24;
ROBERTA DA SILVA PINHEIRO;DIRETORIA ACADEMICA;SECRETARIO DE ESC.DE EDUC.PROF.AD-2;SEC.ESC.EDUC.PROF.; CARGO COMISSION.S/VINCULO;2909,79;;2909,79;270,20;2639,59;
RODRIGO ALBERTO DE ABREU LIMA;PROCURADORIA;GERENTE DE PROJETOS AD-2;NAO INFORMADO; CARGO COMISSION.S/VINCULO;4509,79;;4509,79;670,28;3839,51;
RUBEM PEREIRA BARBOSA;UNIDADES DESCENTRAL.EDUC.PROF.;DIRETOR DE ESC.DE EDUC.PROFISS.AD-1;NAO INFORMADO; CARGO COMISSION.S/VINCULO;5529,77;;5529,77;986,40;4543,37;
SALATIEL DA ROCHA GOMES;UNIDADES DESCENTRAL.EDUC.PROF.;ANALISTA TEC.EDUC.3A.CL-A.T.E-III;DIRETOR DE ESC.DE ED; ESTATUTARIO;6585,90;;6585,90;1123,33;5462,57;
SIDILANDE PICANCO FERREIRA;DIRETORIA ACADEMICA;COORDENADOR DE CURSO AD-1;; CARGO COMISSION.S/VINCULO;4529,77;;4529,77;676,15;3853,62;
SIDNEI CARVALHO CINTRA;NUCLEOS DE EDUC.PROFISSIONAL;GERENTE ACADEMICO AD-2;NAO INFORMADO; CARGO COMISSION.S/VINCULO;2909,79;;2909,79;270,20;2639,59;
SONIA FERREIRA DA SILVA;COMISSAO PERMAN.DE CONCURSOS;PRESIDENTE COM.PERMAN.CONCUR.AD-1;; CARGO COMISSION.S/VINCULO;5529,77;;5529,77;986,40;4543,37;
SUANY DE ARAUJO SARAIVA;NUCLEOS DE EDUC.PROFISSIONAL;MERENDEIRO PNF.MNF-III;GERENTE ACADEMICO AD; ESTATUTARIO;6246,48;;6246,48;1228,72;5017,76;
TAINA ABECASSIS TEIXEIRA;DIRETORIA DE REL.EMP.INSTITUC.;ANALISTA TEC.EDUC.3A.CL-A.T.E-III;; ESTATUTARIO;4264,88;;4264,88;610,65;3654,23;
TAMYRES MENEZES DE ANDRADE;UNIDADES DESCENTRAL.EDUC.PROF.;ASS.TEC.EDUC.3A.CL-A.T.ED-III;; ESTATUTARIO;2264,32;;2264,32;216,08;2048,24;
TANIA MARIA BEZERRA CARREIRA;COMISSAO PERMAN.DE CONCURSOS;ASSESSOR II;NAO INFORMADO; CARGO COMISSION.S/VINCULO;2513,79;;2513,79;199,24;2314,55;
THAMARA PAIVA SILVA;DIRETORIA ADM.FINANCEIRA;ASS.TEC.EDUC.3A.CL-A.T.ED-III;; ESTATUTARIO;2264,32;;2264,32;216,08;2048,24;
THIAGO DA CUNHA QUEIROZ;NUCLEOS DE EDUC.PROFISSIONAL;GERENTE ACADEMICO AD-2;NAO INFORMADO; CARGO COMISSION.S/VINCULO;5819,58;;5819,58;983,24;4836,34;
THIAGO TEIXEIRA GILONA;DIRETORIA ADM.FINANCEIRA;GERENTE;NAO INFORMADO; CARGO COMISSION.S/VINCULO;3509,79;;3509,79;426,78;3083,01;
VALCIR MELO DA SILVA;NUCLEOS DE EDUC.PROFISSIONAL;PROFESSOR PF20.ESP-III;GERENTE ACADEMICO AD; ESTATUTARIO;7747,12;;7747,12;1389,70;6357,42;
VALDENOR ALVES CORDEIRO;UNIDADES DESCENTRAL.EDUC.PROF.;ASSISTENTE ADMINISTRATIVO;; ESTATUTARIO;2264,32;;2264,32;216,08;2048,24;
VALERIA GOMES DE MELO;NUCLEOS DE EDUC.PROFISSIONAL;SECRETARIO DE ESC.DE EDUC.PROF.AD-2;NAO INFORMADO; CARGO COMISSION.S/VINCULO;2513,79;;2513,79;199,24;2314,55;
VANESSA HOLANDA GONÇALVES;DIRETORIA ADM.FINANCEIRA;COORDENADOR DE NUCLEO;NAO INFORMADO; CARGO COMISSION.S/VINCULO;5529,77;;5529,77;986,40;4543,37;
VANESSA KAREN PINTO B MEDEIROS;GABINETE DO DIRETOR GERAL;ASSESSOR III;NAO INFORMADO; CARGO COMISSION.S/VINCULO;2891,80;;2891,80;267,35;2624,45;
VICTOR BARROCO HARB;PROCURADORIA;GERENTE DE PROJETOS AD-2;NAO INFORMADO; CARGO COMISSION.S/VINCULO;4509,79;;4509,79;670,28;3839,51;
VITOR CANTANHEDE BARRETO;DIRETORIA ADM.FINANCEIRA;ASS.TEC.EDUC.3A.CL-A.T.ED-III;; ESTATUTARIO;2264,32;;2264,32;216,08;2048,24;
VIVIAN CHRISTIANE ATAIDE DE MORAES;DIRETORIA ACADEMICA;ASSESSOR II;ASSESSOR II AD-2; CARGO COMISSION.S/VINCULO;4509,79;;4509,79;670,28;3839,51;
WAGNER GAMA DA ROCHA MATOS;ASSESSORIA;ASSESSOR II;; CARGO COMISSION.S/VINCULO;4509,79;;4509,79;670,28;3839,51;
WALDERLENE MONTEIRO DA SILVA;NUCLEOS DE EDUC.PROFISSIONAL;GERENTE ACADEMICO AD-2;NAO INFORMADO; CARGO COMISSION.S/VINCULO;2909,79;;2909,79;270,20;2639,59;
WELLINGTHON SALES BATALHA;UNIDADES DESCENTRAL.EDUC.PROF.;TEC.DE TECNOL.INF.3A.CL-T.T.I-III;; ESTATUTARIO;2264,32;;2264,32;216,08;2048,24;
WELLINGTON COSTA DA SILVA;ASSESSORIA;ANALISTA TEC.EDUC.3A.CL-A.T.E-III;; ESTATUTARIO;4264,88;;4264,88;610,65;3654,23;
ZAIRA NOGUEIRA QUEIROZ;DIRETORIA ACADEMICA;GERENTE DE PROJETOS AD-2;GERENTE PROJETO AD-2; CARGO COMISSION.S/VINCULO;3509,79;;3509,79;426,78;3083,01;
