NOME;LOTACAO;CARGO;FUNCAO;VINCULO;REMUNERACAO LEGAL TOTAL(R$);DESC.TETO(R$); REMUNERACAO LEGAL DEVIDA(R$);DESCONTOS LEGAIS(R$);LIQUIDO DISPONIVEL(R$);
ADRIANA DIAS DE ALMEIDA;SUBCONTROL.DE OUVIDORIA;ASSESSOR III;NAO INFORMADO; CARGO COMISSION.S/VINCULO;3491,80;;3491,80;392,90;3098,90;
ALDINE DE AGUIAR CASTRO GOMES;SUBCONTROL.DE OUVIDORIA;ASSESSOR III;NAO INFORMADO; CARGO COMISSION.S/VINCULO;3491,80;;3491,80;422,40;3069,40;
ALESSANDRO MOREIRA SILVA;GABINETE DO SECRETARIO;ANALISTA DO TESOURO EST.3A.CL.III;CONTROLADOR GERAL DO; ESTATUTARIO;28360,00;12126,39;16233,61;3408,11;12825,50;
ANA CRISTINA SILVA DE MELLO;DPTO.ADMINISTRACAO E FINANCAS;CHEFE DE DEPARTAMENTO;; CARGO COMISSION.S/VINCULO;5529,77;;5529,77;986,40;4543,37;
ANA PAULA DE FREITAS LOPES;SUBCONTROL.DE CONTROL.INTERNO;ASSESSOR II;NAO INFORMADO; CARGO COMISSION.S/VINCULO;4509,79;;4509,79;670,28;3839,51;
ANATHILDE LAPA MAIA;GABINETE DO SECRETARIO;GERENTE;; CARGO COMISSION.S/VINCULO;4509,79;;4509,79;670,28;3839,51;
ANDRE LUIZ DE SOUZA ANZOATEGUI;SUBCONTROL.DE CONTROL.INTERNO;INVEST.DE POL. 4A.CL. PC-INV.IV;ASSESSOR I AD-1; ESTATUTARIO;5300,00;;5300,00;453,50;4846,50;
ANTONIO ELIAS DE SOUZA;DPTO.ADMINISTRACAO E FINANCAS;ASSESSOR I;NAO INFORMADO; CARGO COMISSION.S/VINCULO;10329,77;;10329,77;2305,90;8023,87;
AURICLEIA NASCIMENTO DE A REBOUCAS;SUBCONTROL.DE CONTROL.INTERNO;DIGITADOR;ASSESSOR II AD-2; ESTATUTARIO;5071,54;;5071,54;424,60;4646,94;
CARLOS RAFAEL OLIVEIRA C SEIXAS;DEPTO.RECURSOS DA INFORMACAO;ASSESSOR II;NAO INFORMADO; CARGO COMISSION.S/VINCULO;4509,79;;4509,79;670,28;3839,51;
CAROL DE PINHO ASSI ALENCAR;GABINETE DO SECRETARIO;CHEFE DE GABINETE;NAO INFORMADO; CARGO COMISSION.S/VINCULO;5529,77;;5529,77;901,09;4628,68;
CASSIA DE OLIVEIRA DUARTE G SILVA;DPTO.ADMINISTRACAO E FINANCAS;GERENTE;; CARGO COMISSION.S/VINCULO;4509,79;;4509,79;670,28;3839,51;
CLEONE BARROS DE ALMEIDA;SUBCONTROL.DE CONTROL.INTERNO;TNS-II;ASSESSOR II AD-2; ESTATUTARIO;6406,70;;6406,70;918,84;5487,86;
CYAILLEN CARVALHO ESPINDOLA;DPTO.ADMINISTRACAO E FINANCAS;ASSESSOR III;NAO INFORMADO; CARGO COMISSION.S/VINCULO;3491,80;;3491,80;422,40;3069,40;
EDENILSON PINHEIRO SILVA;DPTO.ADMINISTRACAO E FINANCAS;ASSESSOR III;NAO INFORMADO; CARGO COMISSION.S/VINCULO;3491,80;;3491,80;392,90;3098,90;
ELAINE PEIXOTO MATTOS;ASSESSORIA TECNICA;ASSESSOR I;NAO INFORMADO; CARGO COMISSION.S/VINCULO;5529,77;;5529,77;986,40;4543,37;
ELEM DO SOCORRO MEDEIROS DE AZEVEDO;DPTO.ADMINISTRACAO E FINANCAS;GERENTE;; CARGO COMISSION.S/VINCULO;4509,79;;4509,79;670,28;3839,51;
ELIONILDE ARAUJO DA SILVA;DPTO.ADMINISTRACAO E FINANCAS;ASSESSOR I;NAO INFORMADO; CARGO COMISSION.S/VINCULO;5529,77;;5529,77;986,40;4543,37;
ENEIAS PEREIRA NASCIMENTO;DEPTO.RECURSOS DA INFORMACAO;ASSESSOR III;; CARGO COMISSION.S/VINCULO;3491,80;;3491,80;392,90;3098,90;
ENOQUE MOREIRA NUNES JUNIOR;SUBCONTROL.DE CONTROL.INTERNO;ASSESSOR III;NAO INFORMADO; CARGO COMISSION.S/VINCULO;3491,80;;3491,80;422,40;3069,40;
ENZA RAFAELA RODRIGUES P AQUINO;SUBCONTROL.DE CONTROL.INTERNO;ASSESSOR III;; CARGO COMISSION.S/VINCULO;3491,80;;3491,80;407,12;3084,68;
FABIO DIEGO GOMES RAMOS;DEPTO.RECURSOS DA INFORMACAO;CHEFE DE DEPARTAMENTO;; CARGO COMISSION.S/VINCULO;7273,03;;7273,03;1409,64;5863,39;
GLAUCIA LANE BRAGA FERREIRA;DPTO.ADMINISTRACAO E FINANCAS;TNS-I;; ESTATUTARIO;4662,79;;4662,79;600,84;4061,95;
HOEBER SILVA E SILVA;DPTO.ADMINISTRACAO E FINANCAS;ASSESSOR III;; CARGO COMISSION.S/VINCULO;3491,80;;3491,80;422,40;3069,40;
IRISMAR AUGUSTA FREITAS DE S COELHO;SUBCONTROL.DE OUVIDORIA;ASSESSOR IV;NAO INFORMADO; CARGO COMISSION.S/VINCULO;2875,61;;2875,61;264,79;2610,82;
ISABELLE FERNANDES BELOTA;SUBCONTROL.DE CONTROL.INTERNO;ASSESSOR II;NAO INFORMADO; CARGO COMISSION.S/VINCULO;4209,79;;4209,79;670,28;3539,51;
JACQUELINE SIQUEIRA SURIADAKIS;SUBCONTROL.DE CONTROL.INTERNO;ASSESSOR II;NAO INFORMADO; CARGO COMISSION.S/VINCULO;4509,79;;4509,79;670,28;3839,51;
JEANE MARIA MAR PASSOS;SEC.EXEC.ADJ.DE ADMINISTRACAO;A.TEC-I;SEC.EXEC.ADJ. ADM; ESTATUTARIO;9317,48;;9317,48;1734,39;7583,09;
JESSICA DE SOUZA COSTA;SUBCONTROL.DE CONTROL.INTERNO;ASSESSOR IV;NAO INFORMADO; CARGO COMISSION.S/VINCULO;2875,61;;2875,61;264,79;2610,82;
JONATAS BARBOSA PESSOA;SUBCONTROL.DE OUVIDORIA;ASSESSOR III;NAO INFORMADO; CARGO COMISSION.S/VINCULO;3491,80;;3491,80;422,40;3069,40;
JUCIMARA SILVA DOS SANTOS;SUBCONTROL.DE CONTROL.INTERNO;MERENDEIRO PNF.MNF-III;ASSESSOR III AD-3; ESTATUTARIO;4610,18;;4610,18;398,81;4211,37;
LARISSA MONTEIRO PINTO DE ANDRADE;SUBCONTROL.DE OUVIDORIA;CHEFE DE DEPARTAMENTO;; CARGO COMISSION.S/VINCULO;7273,03;;7273,03;1513,91;5759,12;
LICIA DA SILVA BARNABE;SUBCONTROL.DE OUVIDORIA;ASSESSOR IV;NAO INFORMADO; CARGO COMISSION.S/VINCULO;2875,61;;2875,61;264,79;2610,82;
LIVIA HELENA VENTURA RIBEIRO;DPTO.ADMINISTRACAO E FINANCAS;GERENTE;NAO INFORMADO; CARGO COMISSION.S/VINCULO;4509,79;;4509,79;641,84;3867,95;
LUCAS DOS SANTOS ROCHA;SUBCONTROL.DE CONTROL.INTERNO;ASSESSOR IV;; CARGO COMISSION.S/VINCULO;2875,61;;2875,61;264,79;2610,82;
LUIZ ROCHA DE ARAUJO;SUBCONTROL.DE CONTROL.INTERNO;TNS-I;AUDITOR CHEFE AD-1; ESTATUTARIO;6560,23;;6560,23;960,20;5600,03;
MANUEL LOPES DE VASCONCELOS;DPTO.ADMINISTRACAO E FINANCAS;ASSESSOR III;ASSESSOR III AD-3; CARGO COMISSION.S/VINCULO;3491,80;;3491,80;407,12;3084,68;
MANUELLA SILVESTRE GONCALVES SILVA;ASSESSORIA TECNICA;ASSESSOR I;NAO INFORMADO; CARGO COMISSION.S/VINCULO;5529,77;;5529,77;986,40;4543,37;
MARCELA MELO PEREIRA;DPTO.ADMINISTRACAO E FINANCAS;ASSESSOR III;; CARGO COMISSION.S/VINCULO;3491,80;;3491,80;422,40;3069,40;
MARCIO MALAGUETA DE AZEVEDO;DPTO.ADMINISTRACAO E FINANCAS;GERENTE;NAO INFORMADO; CARGO COMISSION.S/VINCULO;4509,79;;4509,79;613,40;3896,39;
MARCOS PAULO MATOS DE SOUZA;SUBCONTROL.DE CONTROL.INTERNO;ASSESSOR II;NAO INFORMADO; CARGO COMISSION.S/VINCULO;4509,79;;4509,79;670,28;3839,51;
MARIA TEREZA ELIAS BEZERRA MENEZES;SUBCONTROL.DE CONTROL.INTERNO;ASSESSOR II;; CARGO COMISSION.S/VINCULO;4509,79;;4509,79;670,28;3839,51;
MARILENE PINHEIRO FONSECA PALHARES;SUBCONTROL.DE OUVIDORIA;ASSESSOR III;NAO INFORMADO; CARGO COMISSION.S/VINCULO;3491,80;;3491,80;422,40;3069,40;
MATHEUS DANTAS DA SILVA;DPTO.ADMINISTRACAO E FINANCAS;ASSESSOR III;; CARGO COMISSION.S/VINCULO;2495,80;;2495,80;197,62;2298,18;
MATHEUS PHELIPE FURTADO RODRIGUES;SUBCONTROL.DE CONTROL.INTERNO;ASSESSOR III;NAO INFORMADO; CARGO COMISSION.S/VINCULO;3491,80;;3491,80;422,40;3069,40;
MICHEL KRISTHIAN LAVOR CRUZ TAMER;SUBCONTROL.DE CONTROL.INTERNO;CHEFE DE DEPARTAMENTO;; CARGO COMISSION.S/VINCULO;7273,03;;7273,03;1409,64;5863,39;
MIGUEL ANTONIO BRANDT CRUZ;SUBCONTROL.DE OUVIDORIA;CHEFE DA CENTRAL DE OUVIDORIA;NAO INFORMADO; CARGO COMISSION.S/VINCULO;5529,77;;5529,77;986,40;4543,37;
NARA MARLY ALVES DE OLIVEIRA SOUZA;SUBCONTROL.DE OUVIDORIA;ASSESSOR IV;NAO INFORMADO; CARGO COMISSION.S/VINCULO;2875,61;;2875,61;264,79;2610,82;
NUBIA CRISTINA DE JESUS PEREIRA;SUBCONTROL.DE OUVIDORIA;ASSESSOR I;NAO INFORMADO; CARGO COMISSION.S/VINCULO;5529,77;;5529,77;943,74;4586,03;
PALOMA PEREIRA MARTINS;GABINETE DO SECRETARIO;ASSESSOR IV;NAO INFORMADO; CARGO COMISSION.S/VINCULO;2875,61;;2875,61;264,79;2610,82;
PAULA SILVA DE OLIVEIRA;DPTO.ADMINISTRACAO E FINANCAS;ASSESSOR III;; CARGO COMISSION.S/VINCULO;3491,80;;3491,80;407,12;3084,68;
PRISCILA ARAUJO CALDAS;SUBCONTROL.DE OUVIDORIA;ASSESSOR II;; CARGO COMISSION.S/VINCULO;4509,79;;4509,79;641,84;3867,95;
RENATA INGRID PANTOJA DA SILVA;SUBCONTROL.DE CONTROL.INTERNO;ASSESSOR III;; CARGO COMISSION.S/VINCULO;3491,80;;3491,80;422,40;3069,40;
RIANDRY PIZANO CARVALHO;SUBCONTROL.DE CONTROL.INTERNO;ASSESSOR IV;; CARGO COMISSION.S/VINCULO;2875,61;;2875,61;264,79;2610,82;
RICARDO DOS SANTOS PONTES;DPTO.ADMINISTRACAO E FINANCAS;A.TEC-I;ASSESSOR I; ESTATUTARIO;6242,30;;6242,30;684,42;5557,88;
ROBERTA PINTO DOS SANTOS;ASSESSORIA TECNICA;ASSESSOR I;; CARGO COMISSION.S/VINCULO;5529,77;;5529,77;986,40;4543,37;
ROBSON CARVALHO DA SILVA;SUBCONTROL.DE OUVIDORIA;ASSESSOR TECNICO;NAO INFORMADO; CARGO COMISSION.S/VINCULO;7300,00;;7300,00;1521,33;5778,67;
RODRIGO JUNIO ALVES DE SOUZA;SUBCONTROL.DE OUVIDORIA;ASSESSOR IV;NAO INFORMADO; CARGO COMISSION.S/VINCULO;2875,61;;2875,61;264,79;2610,82;
ROGERIO SIQUEIRA DE SA NOGUEIRA;SUBCONTROL.DE OUVIDORIA;SUBCONTROLADOR-GERAL DE OUVIDORIA;NAO INFORMADO; CARGO COMISSION.S/VINCULO;12000,00;;12000,00;2813,83;9186,17;
ROOSEVELT FARIAS DE MORAES;GABINETE DO SECRETARIO;ASSESSOR II;NAO INFORMADO; CARGO COMISSION.S/VINCULO;4509,79;;4509,79;613,40;3896,39;
ROSANA CARVALHO IPIRANGA;DPTO.ADMINISTRACAO E FINANCAS;CHEFE DE DEPARTAMENTO;NAO INFORMADO; CARGO COMISSION.S/VINCULO;5529,77;;5529,77;943,74;4586,03;
RUY BRASIL CORREA FILHO;SUBCONTROL.DE CONTROL.INTERNO;TNS-I;CH DE DPTO AD-1; ESTATUTARIO;7165,11;;7165,11;1198,57;5966,54;
SUELEN OLIVEIRA MOTA;SUBCONTROL.DE CONTROL.INTERNO;ASSESSOR III;NAO INFORMADO; CARGO COMISSION.S/VINCULO;3491,80;;3491,80;422,40;3069,40;
TEREZA CRISTINA MOTA DOS S PINTO;SUBCONTROL.DE CONTROL.INTERNO;ASSIST.ADMIN.-ASA-T.S.N.M.-A;ASSESSOR TECNICO; ESTATUTARIO;7300,00;;7300,00;1187,26;6112,74;
WILLIAM JAMES RODRIGUES DE OLIVEIRA;SUBCONTROL.DE CONTROL.INTERNO;CHEFE DE DEPARTAMENTO;; CARGO COMISSION.S/VINCULO;5529,77;;5529,77;943,74;4586,03;
