NOME;LOTACAO;CARGO;FUNCAO;VINCULO;REMUNERACAO LEGAL TOTAL(R$);DESC.TETO(R$); REMUNERACAO LEGAL DEVIDA(R$);DESCONTOS LEGAIS(R$);LIQUIDO DISPONIVEL(R$);
ADELTON QUEIROZ DOS SANTOS;PRESIDENTE FIGUEIREDO;AG.AGRO-III;; ESTATUTARIO;4742,57;;4742,57;656,89;4085,68;
ADERALDO ALVES DE FRANCA;GUAJARA;T.AG-III;TEC.EM AGROPECUARIA; ESTATUTARIO;4742,57;;4742,57;656,89;4085,68;
ADRIANO NUNES DE LIMA D AMORIM;DEPTO.DEFESA AGROP.E FLORESTAL;COORDENADOR LOCAL II-AD-3;NAO INFORMADO; CARGO COMISSION.S/VINCULO;4555,73;;4555,73;684,21;3871,52;
AGEMIRO MOURA LOPES;PAUINI;COORDENADOR LOCAL II-AD-3;; CARGO COMISSION.S/VINCULO;3491,80;;3491,80;422,40;3069,40;
AJAX DE SOUSA FERREIRA;DEPTO.DEFESA AGROP.E FLORESTAL;TECNICO EM AGROPECUARIA;; ESTATUTARIO;4796,57;;4796,57;683,24;4113,33;
ALEXANDRE HENRIQUE FREITAS ARAUJO;GABINETE;ENGENHEIRO AGRONOMO;DIRETOR; ESTATUTARIO;14606,15;;14606,15;3708,07;10898,08;
ALEXSANDRO TREVISAN;PRESIDENTE FIGUEIREDO;T.AG-III;TEC.EM AGROPECUARIA; ESTATUTARIO;4742,57;;4742,57;699,55;4043,02;
ALMIR ASTERIO CARVALHAL;ASSESSORIA;ENGENHEIRO AGRONOMO;ASSESSOR II AD2; ESTATUTARIO;12071,26;;12071,26;2882,14;9189,12;
ALOYSIO MAIA MALVEIRA JUNIOR;DEPTO.DEFESA AGROP.E FLORESTAL;ENGENHEIRO AGRONOMO;; ESTATUTARIO;7884,95;;7884,95;1769,26;6115,69;
ALTAIR DE ALMEIDA CAVALCANTE;DEPTO.DEFESA AGROP.E FLORESTAL;TECNICO EM AGROPECUARIA;; ESTATUTARIO;4796,57;;4796,57;758,93;4037,64;
AMILCAR DA SILVA FERREIRA;DEPTO.DEFESA AGROP.E FLORESTAL;TECNICO EM AGROPECUARIA;GERENTE; ESTATUTARIO;6010,50;;6010,50;1067,23;4943,27;
ANA CRISTINA KRZYZANIAK;DEPTO.DEFESA AGROP.E FLORESTAL;F.AGR-III;FISCAL AGROP-III CL; ESTATUTARIO;7340,30;;7340,30;1628,18;5712,12;
ANDERSON CARVALHO DA ROCHA;HUMAITA;AUX.AGR-III;; ESTATUTARIO;3097,95;;3097,95;252,77;2845,18;
ANDRE PARANHOS ALBUQUERQUE;SANTO ANTONIO DO MATUPI;AUX.AGR-III;COORD. LOCAL II AD-3; ESTATUTARIO;4757,48;;4757,48;562,70;4194,78;
ANDREZZA RIBEIRO DE LIMA MORENO;MANACAPURU;COORDENADOR LOCAL II-AD-3;; CARGO COMISSION.S/VINCULO;3491,80;;3491,80;422,40;3069,40;
ANGELO BRAMANTE DOS SANTOS MACHADO;AUTAZES;COORDENADOR LOCAL I-AD-2;; CARGO COMISSION.S/VINCULO;4509,79;;4509,79;670,28;3839,51;
ANSELMO DE SOUZA BEZERRA;EIRUNEPE;TECNICO EM AGROPECUARIA;; ESTATUTARIO;5023,64;;5023,64;785,07;4238,57;
ANTONIELLY CARREIRO DE OLIVEIRA;SANTO ANTONIO DO MATUPI;COORDENADOR LOCAL II-AD-3;NAO INFORMADO; CARGO COMISSION.S/VINCULO;3491,80;;3491,80;422,40;3069,40;
ANTONIO EDSON DE SOUZA SOARES;DEPTO.DEFESA AGROP.E FLORESTAL;T.AG-III;TEC.EM AGROPECUARIA; ESTATUTARIO;4242,57;;4242,57;530,12;3712,45;
ANTONIO RODRIGUES VIANA;ITACOATIARA;AUX.AGR-III;; ESTATUTARIO;2797,95;;2797,95;272,42;2525,53;
BARBARA BRANDAO FERREIRA SILVEIRA;DEPTO.DEFESA AGROP.E FLORESTAL;F.AGR-III;; ESTATUTARIO;6870,95;;6870,95;1357,41;5513,54;
BRENDA CAROLINE DA COSTA ARAUJO;SANTA IZABEL DO RIO NEGRO;AUX.AGR-III;AUX. AGROPECUARIO; ESTATUTARIO;3097,95;;3097,95;272,42;2825,53;
BRUNO SILVA E SILVA;NOVO REMANSO;T.AG-III;TEC.EM AGROPECUARIA; ESTATUTARIO;4742,57;;4742,57;594,90;4147,67;
CAMILA DA COSTA AZEVEDO;ITACOATIARA;AUX.AGR-III;AUX. AGROPECUARIO; ESTATUTARIO;3097,95;;3097,95;286,64;2811,31;
CARLEU BARBA SOARES;DEPTO.DEFESA AGROP.E FLORESTAL;T.AG-III;TEC.EM AGROPECUARIA; ESTATUTARIO;4242,57;;4242,57;605,21;3637,36;
CARLOS ANDRE FELIX VASCONCELOS;DEPTO.DEFESA AGROP.E FLORESTAL;COORDENADOR LOCAL II-AD-3;NAO INFORMADO; CARGO COMISSION.S/VINCULO;3491,80;;3491,80;422,40;3069,40;
CARLOS AUGUSTO NUNES DA SILVA;PRESIDENTE FIGUEIREDO;AUX.AGR-III;; ESTATUTARIO;3097,95;;3097,95;300,86;2797,09;
CARLOS PEDRO DA SILVA;MANACAPURU;T.AG-III;TEC.EM AGROPECUARIA; ESTATUTARIO;4742,57;;4742,57;699,55;4043,02;
CARLOS PETRONIO DE SOUZA QUEIROZ;GUAJARA;AG.AGRO-III;AG.AGROPECUARIO; ESTATUTARIO;4742,57;;4742,57;538,21;4204,36;
CASEMIRO DA PAZ DE SOUZA;DEPTO.ADM.FIN.COM.E FOMENTO;AUX.AGR-III;; ESTATUTARIO;2597,95;;2597,95;263,36;2334,59;
CHRISSOSTOMO PEREIRA NINA NETO;DEPTO.DEFESA AGROP.E FLORESTAL;T.AG-III;TEC.EM AGROPECUARIA; ESTATUTARIO;4242,57;;4242,57;576,78;3665,79;
CHRISTIAN BARNADD D G E SILVA;CAREIRO DA VARZEA;F.AGR-III;; ESTATUTARIO;7370,95;;7370,95;1577,41;5793,54;
CILENE PIRES DE SOUZA;DEPTO.ADM.FIN.COM.E FOMENTO;GERENTE;; CARGO COMISSION.S/VINCULO;4509,79;;4509,79;670,28;3839,51;
CLAUDIA DE FATIMA RAMOS CAMPOS;PARINTINS;MEDICO VETERINARIO;; ESTATUTARIO;8684,95;;8684,95;2041,40;6643,55;
CLAUDINEI VENTURA DO NASCIMENTO;APUI;T.AG-III;TEC.EM AGROPECUARIA; ESTATUTARIO;4742,57;;4742,57;656,89;4085,68;
CLEIDE PEREIRA LOPES;DEPTO.ADM.FIN.COM.E FOMENTO;COORDENADOR LOCAL II-AD-3;; CARGO COMISSION.S/VINCULO;3491,80;;3491,80;378,69;3113,11;
CRISTIANE DA SILVA KLEHM;RIO PRETO DA EVA;F.AGR-III;FIS.AGROP.AGRONOMIA; ESTATUTARIO;8234,17;;8234,17;1829,35;6404,82;
DANIEL MACHADO ROCHA;MANACAPURU;F.AGR-III;FISCAL AGROP-III CL; ESTATUTARIO;7670,95;;7670,95;1577,41;6093,54;
DANIELA CARVALHO MESQUITA;DEPTO.DEFESA AGROP.E FLORESTAL;F.AGR-III;FISCAL AGROP-III CL; ESTATUTARIO;6870,95;;6870,95;1409,54;5461,41;
DERLANI JOSE PEREIRA SERRAO;URUCURITUBA;T.AG-III;TEC. AGROPECUARIA; ESTATUTARIO;4742,57;;4742,57;656,89;4085,68;
DEYSERREEN DE SOUZA COSTA DA SILVA;ASSESSORIA;COORDENADOR LOCAL II-AD-3;; CARGO COMISSION.S/VINCULO;3491,80;;3491,80;422,40;3069,40;
DIEGO LANER;DEPTO.DEFESA AGROP.E FLORESTAL;F.AGR-III;FISCAL AGROP-III CL; ESTATUTARIO;7340,30;;7340,30;1628,18;5712,12;
DORIVALDO SALES PASSOS;PRESIDENTE FIGUEIREDO;T.AG-III;TEC.AGROPECUARIA; ESTATUTARIO;4742,57;;4742,57;656,89;4085,68;
EDER PEDRENO BELTRAO;PARINTINS;T.AG-III;; ESTATUTARIO;4742,57;;4742,57;656,89;4085,68;
EDIVAN LIMA RIBEIRO;IRANDUBA;AUX.AGR-III;AUX.AGROPECUARIO; ESTATUTARIO;3097,95;;3097,95;272,42;2825,53;
EDSON AZEVEDO FERNANDES;BOCA DO ACRE;MEDICO VETERINARIO;; ESTATUTARIO;7670,95;;7670,95;1447,00;6223,95;
EDUARDO REIS DA SILVA;TABATINGA;COORDENADOR LOCAL II-AD-3;NAO INFORMADO; CARGO COMISSION.S/VINCULO;3491,80;;3491,80;422,40;3069,40;
ELIEDNA CREUSA AYRES COSTA;ASSESSORIA;ASSESSOR I;; CARGO COMISSION.S/VINCULO;5529,77;;5529,77;986,40;4543,37;
ERIVANOR ARAUJO DOS SANTOS;MANAQUIRI;TECNICO EM AGROPECUARIA;; ESTATUTARIO;5030,70;;5030,70;745,12;4285,58;
ERNESTINA FARIAS PINTO NETA;DEPTO.ADM.FIN.COM.E FOMENTO;GERENTE;GERENTE AD 2; CARGO COMISSION.S/VINCULO;4509,79;;4509,79;641,84;3867,95;
EUDIMAR COSTA ROCHA;DEPTO.DEFESA AGROP.E FLORESTAL;COORDENADOR LOCAL I-AD-2;; CARGO COMISSION.S/VINCULO;4509,79;;4509,79;670,28;3839,51;
FABIANO PIMENTEL DOS SANTOS;MAUES;F.AGR-III;FISCAL AGROP-III CL; ESTATUTARIO;7670,95;;7670,95;1106,12;6564,83;
FELIPE MIRANDA MARQUES;ASSESSORIA;ASSESSOR II;NAO INFORMADO; CARGO COMISSION.S/VINCULO;4509,79;;4509,79;670,28;3839,51;
FRANCISCO ANTONIO OLIVEIRA QUEIROZ;LABREA;COORDENADOR LOCAL II-AD-3;COORD LOCAL; CARGO COMISSION.S/VINCULO;3491,80;;3491,80;422,40;3069,40;
FRANCISCO AUGUSTO TAVARES PINTO;IRANDUBA;AUX.AGR-III;; ESTATUTARIO;3097,95;;3097,95;300,86;2797,09;
FRANCISCO DE JESUS OLIVEIRA ARAUJO;NOVO ARIPUANA;T.AG-III;; ESTATUTARIO;4742,57;;4742,57;699,55;4043,02;
FRANCISCO MENDES DA CUNHA;CAREIRO CASTANHO;COORDENADOR LOCAL II-AD-3;COORD.LOCALII AD3; CARGO COMISSION.S/VINCULO;3491,80;;3491,80;398,14;3093,66;
GELCINEI DE SOUZA ARAUJO;NOVA OLINDA DO NORTE;COORDENADOR LOCAL II-AD-3;COORD LOCAL II AD3; CARGO COMISSION.S/VINCULO;3491,80;;3491,80;422,40;3069,40;
GIRLEY JORGE BEZERRA;ITACOATIARA;MEDICO VETERINARIO;; ESTATUTARIO;8684,95;;8684,95;2041,40;6643,55;
GRAZIELE DOMINGUES;ASSESSORIA;ASSESSOR I;NAO INFORMADO; CARGO COMISSION.S/VINCULO;5529,77;;5529,77;986,40;4543,37;
HARUO TAKATANI;DEPTO.DEFESA AGROP.E FLORESTAL;F.AGR-III;; ESTATUTARIO;7340,30;;7340,30;1628,18;5712,12;
HAYLA KALINE RODRIGUES LIMA;CAREIRO DA VARZEA;F.AGR-III;FISCAL AGROP-III CL; ESTATUTARIO;8140,30;;8140,30;1848,18;6292,12;
HEITOR TEIXEIRA MACHADO;PARINTINS;T.AG-III;TEC.EM AGROPECUARIA; ESTATUTARIO;4742,57;;4742,57;699,55;4043,02;
ISAAC FRANKLIN PAZUELLO;GUAJARA;COORDENADOR LOCAL II-AD-3;; CARGO COMISSION.S/VINCULO;3491,80;;3491,80;422,40;3069,40;
ITALO CORREA DE LIMA;PRESIDENTE FIGUEIREDO;T.AG-III;TEC.AGROPECUARIA; ESTATUTARIO;4742,57;;4742,57;699,55;4043,02;
IZAQUE OLIVEIRA DA SILVA;DEPTO.DEFESA AGROP.E FLORESTAL;AUX.AGR-III;AUX. AGROPECUARIO; ESTATUTARIO;2597,95;;2597,95;263,36;2334,59;
JAILSON ALVES DE ARAUJO;ITACOATIARA;T.AG-III;TEC.EM AGROPECUARIA; ESTATUTARIO;4742,57;;4742,57;623,34;4119,23;
JAIR JUNIOR PAIVA DE ALMEIDA;CANUTAMA;COORDENADOR LOCAL II-AD-3;; CARGO COMISSION.S/VINCULO;3491,80;;3491,80;422,40;3069,40;
JEICIMARA FERREIRA DOS SANTOS;AUTAZES;T.AG-III;TEC.EM AGROPECUARIA; ESTATUTARIO;4742,57;;4742,57;623,34;4119,23;
JESSICA LOPES DO LIVRAMENTO;DEPTO.DEFESA AGROP.E FLORESTAL;AUX.AGR-III;AUX. AGROPECUARIO; ESTATUTARIO;2597,95;;2597,95;252,77;2345,18;
JOAO LEONARDO BENTES PEREIRA;DEPTO.ADM.FIN.COM.E FOMENTO;ASSESSOR II;NAO INFORMADO; CARGO COMISSION.S/VINCULO;4509,79;;4509,79;670,28;3839,51;
JOAO VICENTE OLIVEIRA DE AZEVEDO;DEPTO.DEFESA AGROP.E FLORESTAL;MEDICO VETERINARIO;; ESTATUTARIO;7884,95;;7884,95;1769,26;6115,69;
JOCILEIA FREITAS E SILVA;IRANDUBA;AUX.AGR-III;; ESTATUTARIO;3097,95;;3097,95;300,86;2797,09;
JONILSON ROLIM MACEDO;MANACAPURU;T.AG-III;TEC.EM AGROPECUARIA; ESTATUTARIO;4742,57;;4742,57;594,90;4147,67;
JOSANE FONTOURA BLOS ZENI;ASSESSORIA;ASSESSOR I;; CARGO COMISSION.S/VINCULO;5529,77;;5529,77;986,40;4543,37;
JOSE MIRANDA AZEVEDO;NHAMUNDA;T.AG-III;; ESTATUTARIO;4742,57;;4742,57;699,55;4043,02;
JOSE RAIMUNDO DE SOUZA PINTO;PARINTINS;T.AG-III;TEC.EM AGROP.; ESTATUTARIO;4742,57;;4742,57;699,55;4043,02;
JOSE ROGERIO VASCONCELLOS DE ARAUJO;ITACOATIARA;MEDICO VETERINARIO;DIRETOR PRESIDENTE; ESTATUTARIO;8684,95;;8684,95;1549,56;7135,39;
JOSUE ROBERTO MONTEIRO DA SILVA;PRESIDENTE FIGUEIREDO;COORDENADOR LOCAL I-AD-2;; CARGO COMISSION.S/VINCULO;4509,79;;4509,79;670,28;3839,51;
JULCILEIA ARRUDA DE FARIA;DEPTO.DEFESA AGROP.E FLORESTAL;F.AGR-III;FISCAL AGROP-III CL; ESTATUTARIO;7340,30;;7340,30;1628,18;5712,12;
JULIANA PAULA DE SOUZA DO PRADO;DEPTO.DEFESA AGROP.E FLORESTAL;GERENTE;; CARGO COMISSION.S/VINCULO;4509,79;;4509,79;670,28;3839,51;
JULIO AUGUSTO MORAES MARTINS;MANACAPURU;T.AG-III;TEC.AGROPECUARIA; ESTATUTARIO;4742,57;;4742,57;656,89;4085,68;
KARLA PAZ GARCIA;TABATINGA;AG.AGRO-III;AGENTE AGROPECUARIO; ESTATUTARIO;4742,57;;4742,57;699,55;4043,02;
KEDMA ROCHA DE MELO;BOCA DO ACRE;T.AG-III;TEC.AGROPECUARIA; ESTATUTARIO;4742,57;;4742,57;699,55;4043,02;
LAZARO ARAUJO DE ALMEIDA;DEPTO.ADM.FIN.COM.E FOMENTO;ASSISTENTE TECNICO;GERENTE; ESTATUTARIO;5407,98;;5407,98;617,71;4790,27;
LILIANE GUIMARAES SILVA;DEPTO.ADM.FIN.COM.E FOMENTO;COORDENADOR LOCAL II-AD-3;; CARGO COMISSION.S/VINCULO;3491,80;;3491,80;422,40;3069,40;
LUCIANA FERREIRA DA SILVA;CODAJAS;T.AG-III;TEC.EM AGROPECUARIA; ESTATUTARIO;4742,57;;4742,57;699,55;4043,02;
LUIZ ALVES DE ARRUDA NETO;RIO PRETO DA EVA;T.AG-III;TEC.EM AGROPECUARIA; ESTATUTARIO;6223,43;;6223,43;1021,86;5201,57;
LUIZ ANTONIO DA SILVA;DEPTO.DEFESA AGROP.E FLORESTAL;ENGENHEIRO AGRONOMO;CHEFE DE DEPARTAM; ESTATUTARIO;11594,00;;11594,00;3060,61;8533,39;
LUIZ CARLOS ALBUQUERQUE FERREIRA;DEPTO.DEFESA AGROP.E FLORESTAL;AUX.AGR-III;; ESTATUTARIO;2597,95;;2597,95;252,77;2345,18;
LUIZ CARLOS DE SA MORAIS GONCALVES;DEPTO.DEFESA AGROP.E FLORESTAL;TECNICO EM AGROPECUARIA;COORD.LOCAL II AD3; ESTATUTARIO;4899,25;;4899,25;825,77;4073,48;
LUIZ FERNANDO DA SILVA;DEPTO.DEFESA AGROP.E FLORESTAL;ENGENHEIRO AGRONOMO;GERENTE AD-2; ESTATUTARIO;12323,61;;12323,61;3350,82;8972,79;
LUIZ MAGALHAES DE FREITAS;CAREIRO DA VARZEA;AG.AGRO-III;AG.AGROPECUARIO; ESTATUTARIO;4742,57;;4742,57;623,34;4119,23;
MAILTON DA SILVA GUALBERTO;RIO PRETO DA EVA;AUX.AGR-III;AUX. AGROPECUARIO; ESTATUTARIO;3097,95;;3097,95;300,86;2797,09;
MANOEL MOURAO NETO;DEPTO.ADM.FIN.COM.E FOMENTO;ASSESSOR I;NAO INFORMADO; CARGO COMISSION.S/VINCULO;5529,77;;5529,77;986,40;4543,37;
MARCAM ZIK UCHOA;GABINETE;CHEFE DE GABINETE;NAO INFORMADO; CARGO COMISSION.S/VINCULO;5529,77;;5529,77;986,40;4543,37;
MARCELO DANTAS XIMENES;HUMAITA;AUX.AGR-III;; ESTATUTARIO;3097,95;;3097,95;300,86;2797,09;
MARCELO VIEIRA ZEFERINO;BOA VISTA DO RAMOS;T.AG-III;TEC.EM AGRONOMIA; ESTATUTARIO;4742,57;;4742,57;699,55;4043,02;
MARCIA REGINA CANCIO SANTIAGO;DEPTO.DEFESA AGROP.E FLORESTAL;AUX.AGR-III;; ESTATUTARIO;2597,95;;2597,95;252,77;2345,18;
MARIA AUXILIADORA DUARTE DAS CHAGAS;DEPTO.DEFESA AGROP.E FLORESTAL;COORDENADOR LOCAL II-AD-3;; CARGO COMISSION.S/VINCULO;3491,80;;3491,80;422,40;3069,40;
MARIA DA SILVA MELO;HUMAITA;AUX.AGR-III;AUX.AGROPECUARIO; ESTATUTARIO;3097,95;;3097,95;300,86;2797,09;
MARIA IVANE BRITO DE SOUZA;PRESIDENTE FIGUEIREDO;T.AG-III;; ESTATUTARIO;4742,57;;4742,57;699,55;4043,02;
MATEUS SOARES BARROSO;MANACAPURU;T.AG-III;; ESTATUTARIO;5923,43;;5923,43;1021,86;4901,57;
MELQUISEDEQUE MACHADO DA CRUZ;HUMAITA;AUX.AGR-III;AUX.AGROPECUARIO; ESTATUTARIO;3097,95;;3097,95;272,42;2825,53;
MICHAELL DA SILVA SANTOS;DEPTO.DEFESA AGROP.E FLORESTAL;F.AGR-III;FISCAL AGROP-III CL; ESTATUTARIO;7040,30;;7040,30;1471,77;5568,53;
MICHELE MODESTO MEIRELES;COARI;F.AGR-III;FISC.AGROP.III CL; ESTATUTARIO;7670,95;;7670,95;1681,68;5989,27;
NILDA MARIA FIGUEIREDO DA FROTA;DEPTO.DEFESA AGROP.E FLORESTAL;GERENTE;NAO INFORMADO; CARGO COMISSION.S/VINCULO;4509,79;;4509,79;670,28;3839,51;
ORLENCLEISON MARQUES TEMO;HUMAITA;AUX.AGR-III;; ESTATUTARIO;3097,95;;3097,95;272,42;2825,53;
PATRICIA MERLINI DE ALMEIDA;LABREA;F.AGR-III;FISCAL AGROP.; ESTATUTARIO;8140,30;;8140,30;1743,91;6396,39;
PAULO PEDRO TORRES BARROS FILHO;HUMAITA;T.AG-III;; ESTATUTARIO;4742,57;;4742,57;699,55;4043,02;
PAULO VICTOR ZAU DE OLIVEIRA;DEPTO.DEFESA AGROP.E FLORESTAL;T.AG-III;TEC.AGROPECUARIA; ESTATUTARIO;4242,57;;4242,57;605,21;3637,36;
RAIMUNDO ROBERTO DE MELO CARDOSO;BOCA DO ACRE;TECNICO EM AGROPECUARIA;; ESTATUTARIO;4777,55;;4777,55;667,75;4109,80;
RAMERSON VASCONCELOS FERREIRA;DEPTO.DEFESA AGROP.E FLORESTAL;T.AG-III;TEC.EM AGROPECUARIA; ESTATUTARIO;4242,57;;4242,57;576,78;3665,79;
RAYLEN JORGE SOARES DE SOUZA;IRANDUBA;T.AG-III;; ESTATUTARIO;4742,57;;4742,57;492,04;4250,53;
RICARDO AUGUSTO GONCALVES BORGES;MANICORE;F.AGR-III;FIS.AGROP.III CL; ESTATUTARIO;8140,30;;8140,30;1796,05;6344,25;
ROBERIO DANTAS MAGALHAES;DEPTO.DEFESA AGROP.E FLORESTAL;T.AG-III;TEC.EM AGROPECUARIA; ESTATUTARIO;4242,57;;4242,57;519,90;3722,67;
RODRIGO MARQUES DIAS;DEPTO.DEFESA AGROP.E FLORESTAL;COORDENADOR LOCAL I-AD-2;; CARGO COMISSION.S/VINCULO;4509,79;;4509,79;641,84;3867,95;
RONNAN FERREIRA DA COSTA;PRESIDENTE FIGUEIREDO;AUX.AGR-III;AUX. AGROPECUARIO; ESTATUTARIO;3097,95;;3097,95;300,86;2797,09;
RUTHE RIBEIRO DE OLIVEIRA;DEPTO.DEFESA AGROP.E FLORESTAL;COORDENADOR LOCAL II-AD-3;; CARGO COMISSION.S/VINCULO;3491,80;;3491,80;422,40;3069,40;
SANDOVAL SALERNO PINHEIRO;DEPTO.DEFESA AGROP.E FLORESTAL;F.AGR-III;; ESTATUTARIO;6870,95;;6870,95;1409,54;5461,41;
SERGIO ROBERTO ROLIM DA SILVA;ITACOATIARA;T.AG-III;TECNICO EM AGRONOMIA; ESTATUTARIO;4742,57;;4742,57;699,55;4043,02;
SEVERINO DE AZEVEDO NEVES FILHO;DEPTO.DEFESA AGROP.E FLORESTAL;MEDICO VETERINARIO;; ESTATUTARIO;7122,84;;7122,84;1480,47;5642,37;
SHAMILA EVELLEM MAGALHAES DA SILVA;DEPTO.DEFESA AGROP.E FLORESTAL;AG.AGRO-III;AG. AGROPECUARIO; ESTATUTARIO;4242,57;;4242,57;605,21;3637,36;
SIVANDRO CAMPOS DE FREITAS;DEPTO.DEFESA AGROP.E FLORESTAL;TECNICO EM AGROPECUARIA;; ESTATUTARIO;4796,57;;4796,57;626,04;4170,53;
THIAGO FARIAS GOES DE SOUZA;PARINTINS;COORDENADOR LOCAL II-AD-3;; CARGO COMISSION.S/VINCULO;3491,80;;3491,80;422,40;3069,40;
THIAGO SANCHES AGUIAR;BOCA DO ACRE;MED.V-III;MEDICO VETERINARIO; ESTATUTARIO;7670,95;;7670,95;1681,68;5989,27;
VALCINEIA LIMA SANTOS;MAUES;PROFESSOR PF20.ESP-III;COORDENADOR LOCAL II; ESTATUTARIO;7612,59;;7612,59;1339,74;6272,85;
VALDERLI MESQUITA GOMES;BENJAMIN CONSTANT;T.AG-III;TEC.EM AGROPECUARIA; ESTATUTARIO;4742,57;;4742,57;656,89;4085,68;
VALDINEIA PRADO BATISTA;RIO PRETO DA EVA;T.AG-III;TEC.EM AGROPECUARIA; ESTATUTARIO;4742,57;;4742,57;699,55;4043,02;
VIVIAN SARAIVA BARROSO;GABINETE;COORDENADOR LOCAL II-AD-3;; CARGO COMISSION.S/VINCULO;3491,80;;3491,80;422,40;3069,40;
WAGNER CAMPAGNARO VERNECK;BOCA DO ACRE;F.AGR-III;FISC.AGROP.; ESTATUTARIO;7670,95;;7670,95;1629,54;6041,41;
WALACE CIRNE LOPES;MANAQUIRI;T.AG-III;TEC.EM AGROPECUARIA; ESTATUTARIO;4742,57;;4742,57;656,89;4085,68;
WANDERLEIA GONCALVES RIBEIRO;PARINTINS;COORDENADOR LOCAL II-AD-3;; CARGO COMISSION.S/VINCULO;3491,80;;3491,80;422,40;3069,40;
WILLIAM DIAS FEITOSA;PRESIDENTE FIGUEIREDO;T.AG-III;TEC. EM AGROPECUARIA; ESTATUTARIO;4742,57;;4742,57;699,55;4043,02;
ZALA ARYSSA TREVISAN MACIEL;LABREA;COORDENADOR LOCAL II-AD-3;; CARGO COMISSION.S/VINCULO;3491,80;;3491,80;422,40;3069,40;
ZENILDO DOS SANTOS OLIVEIRA FILHO;DEPTO.DEFESA AGROP.E FLORESTAL;AUX.AGR-III;AUX. AGROPECUARIO; ESTATUTARIO;2597,95;;2597,95;263,36;2334,59;
