NOME;LOTACAO;CARGO;FUNCAO;VINCULO;REMUNERACAO LEGAL TOTAL(R$);DESC.TETO(R$); REMUNERACAO LEGAL DEVIDA(R$);DESCONTOS LEGAIS(R$);LIQUIDO DISPONIVEL(R$);
ABIANCY ROCHA REGO DE OLIVEIRA;CASA CIVIL;A.TEC-I;FG-1 ASSESSORIA; ESTATUTARIO;9272,39;;9272,39;1916,44;7355,95;
ADALBERTO FONSECA DE SOUZA;CASA CIVIL;PROFESSOR PF20.ESP-III;ASSESSOR I; ESTATUTARIO;7971,52;;7971,52;1453,36;6518,16;
ADAUCEA VIANA DOS SANTOS;CASA CIVIL;A.TEC-I;; ESTATUTARIO;4192,70;;4192,70;319,80;3872,90;
ADEMILDE DA SILVA FERNANDES;CASA CIVIL;AUX.S.G-I;FG-3 DE ASSESSORIA; ESTATUTARIO;5284,98;;5284,98;232,29;5052,69;
ADNA MARIA MOTA RAPOSO;CASA CIVIL;ASSESSOR I;; CARGO COMISSION.S/VINCULO;11185,89;;11185,89;4793,96;6391,93;
ADRIANA BARBOSA DAMASCENO;CASA CIVIL;ASSESSOR TECNICO;NAO INFORMADO; CARGO COMISSION.S/VINCULO;7300,00;;7300,00;1521,33;5778,67;
ADRIANA BRAGA ROCHA;CASA CIVIL;ASSESSOR I;NAO INFORMADO; CARGO COMISSION.S/VINCULO;5529,77;;5529,77;986,40;4543,37;
ADRIANA CRISTINA BATISTA AFONSO;CASA CIVIL;ASSESSOR I;NAO INFORMADO; CARGO COMISSION.S/VINCULO;5529,77;;5529,77;986,40;4543,37;
ADRIANA DOS REIS TAVARES;CASA CIVIL;ASSESSOR III;; CARGO COMISSION.S/VINCULO;3191,80;;3191,80;351,09;2840,71;
ADRIANA PERES DE JESUS SANTOS;CASA CIVIL;ASSESSOR II;NAO INFORMADO; CARGO COMISSION.S/VINCULO;4509,79;;4509,79;641,84;3867,95;
AETE DO SOCORRO MARTINS DE MATOS;CASA CIVIL;AGENTE ADMINISTRATIVO 3A CLASSE;REP.MUNIC.DE JUTAI; ESTATUTARIO;5266,06;;5266,06;603,98;4662,08;
AGENOR VEIGA NEGRAO;CASA CIVIL;A.TEC-II;; ESTATUTARIO;4160,79;;4160,79;230,37;3930,42;
ALADIO CORREA JUNIOR;CASA CIVIL;ASSESSOR I;; CARGO COMISSION.S/VINCULO;8135,19;;8135,19;5359,24;2775,95;
ALAN FERNANDO RODRIGUES DE SOUZA;CASA CIVIL;ASSESSOR I;; CARGO COMISSION.S/VINCULO;7554,11;;7554,11;5229,77;2324,34;
ALBERTO JORGE FERNANDES RIBEIRO;CASA CIVIL;ASSISTENTE TECNICO GOVERNAMENTAL;; ESTATUTARIO;5070,05;;5070,05;509,58;4560,47;
ALCIDES MULLER;CASA CIVIL;ASSISTENTE TECNICO GOVERNAMENTAL;FG-1 ASSESSORIA; ESTATUTARIO;6277,54;;6277,54;673,59;5603,95;
ALCINEA DA CUNHA CIDADE;CASA CIVIL;ASSESSOR I;; CARGO COMISSION.S/VINCULO;6391,93;;6391,93;5359,24;1032,69;
ALCYNEY FERNANDES RODRIGUES;CASA CIVIL;REDATOR GOVERNAMENTAL;FG-3 DE ASSESSORIA; ESTATUTARIO;5143,77;;5143,77;329,83;4813,94;
ALDRIN DE OLIVEIRA BARBOSA;CASA CIVIL;CONSULTOR TECNICO I;NAO INFORMADO; CARGO COMISSION.S/VINCULO;7800,00;;7800,00;1658,83;6141,17;
ALESSANDRA COSTA MARQUES BENTES;FUNDO DE PROMOCAO SOCIAL-FPS;SECRETARIO EXECUTIVO;NAO INFORMADO; CARGO COMISSION.S/VINCULO;11700,00;;11700,00;2813,83;8886,17;
ALESSANDRA GUEDES MOURA CAVALCANTE;CASA CIVIL;CONSULTOR TECNICO LEGISLATIVO I;NAO INFORMADO; CARGO COMISSION.S/VINCULO;8442,33;;8442,33;1513,21;6929,12;
ALESSANDRA PAIXAO OLIVEIRA FREITAS;CASA CIVIL;ASSESSOR TECNICO;NAO INFORMADO; CARGO COMISSION.S/VINCULO;2722,21;;2722,21;1166,67;1555,54;
ALINE CHIXARO PIMENTA;CASA CIVIL;ASSESSOR I;NAO INFORMADO; CARGO COMISSION.S/VINCULO;5529,77;;5529,77;986,40;4543,37;
ALINE MASSULO LOUBET DA MATA;CASA CIVIL;ASSESSOR III;; CARGO COMISSION.S/VINCULO;4075,82;;4075,82;609,22;3466,60;
ANA BEATRIZ LOBO MOUTINHO BREVAL;CASA CIVIL;ESCRIVAO DE POL.2A.CL. PC-ESC-II;SECRETARIO EXECUTIVO; ESTATUTARIO;23600,00;;23600,00;5458,39;18141,61;
ANA CARLA JERONIMO DE MOURA;CASA CIVIL;CONSULTOR TECNICO II;NAO INFORMADO; CARGO COMISSION.S/VINCULO;13373,33;;13373,33;3111,75;10261,58;
ANA CAROLINA ARRUDA VASCONCELOS;CASA CIVIL;CONSULTOR TECNICO III;NAO INFORMADO; CARGO COMISSION.S/VINCULO;5800,00;;5800,00;1081,77;4718,23;
ANA CAROLINA BARBOSA GIL DE SOUZA;CASA CIVIL;ASSESSOR TECNICO;NAO INFORMADO; CARGO COMISSION.S/VINCULO;7000,00;;7000,00;1521,33;5478,67;
ANA CAROLINA DE ALENCAR BALIEIRO;CASA CIVIL;CONSULTOR TECNICO I;NAO INFORMADO; CARGO COMISSION.S/VINCULO;7800,00;;7800,00;1658,83;6141,17;
ANA CLAUDIA DE SOUZA E SILVA;CASA CIVIL;ASSESSOR I;NAO INFORMADO; CARGO COMISSION.S/VINCULO;5529,77;;5529,77;986,40;4543,37;
ANA CLEICE MATOS MEIRELES CARVALHO;FUNDO DE PROMOCAO SOCIAL-FPS;ASSESSOR III;NAO INFORMADO; CARGO COMISSION.S/VINCULO;3191,80;;3191,80;422,40;2769,40;
ANA CRISTINA RODRIGUES DE SOUZA;CASA CIVIL;ASSISTENTE TECNICO GOVERNAMENTAL;FG-1 ASSESSORIA; ESTATUTARIO;6286,28;;6286,28;780,97;5505,31;
ANA KARINE MAIA DE OLIVEIRA ROMAO;CASA CIVIL;ASSESSOR I;; CARGO COMISSION.S/VINCULO;5529,77;;5529,77;986,40;4543,37;
ANA MARIA ABINADER BARBOSA;CASA CIVIL;ASSESSOR I;NAO INFORMADO; CARGO COMISSION.S/VINCULO;5529,77;;5529,77;986,40;4543,37;
ANA MARIA GATO BENTES;CASA CIVIL;A.TEC-II;SECRETARIO EXECUTIVO; ESTATUTARIO;3925,00;;3925,00;322,96;3602,04;
ANA MARIA HOLANDA FARIAS SALES;CASA CIVIL;CONSULTOR TECNICO I;NAO INFORMADO; CARGO COMISSION.S/VINCULO;7800,00;;7800,00;1658,83;6141,17;
ANA PAULA ALVES CAMPELO;CASA CIVIL;ASSESSOR I;; CARGO COMISSION.S/VINCULO;9152,09;;9152,09;3922,33;5229,76;
ANA PAULA MACIEL MORENO;CASA CIVIL;ASSESSOR II;; CARGO COMISSION.S/VINCULO;4509,79;;4509,79;670,28;3839,51;
ANA RITA GARCIA DA SILVA;CASA CIVIL;CONSULTOR TECNICO III;NAO INFORMADO; CARGO COMISSION.S/VINCULO;5800,00;;5800,00;1081,77;4718,23;
ANDERSON LUZ GONCALVES;CASA CIVIL;ASSESSOR III;NAO INFORMADO; CARGO COMISSION.S/VINCULO;6867,20;;6867,20;1322,56;5544,64;
ANDREA RENATA DO NASCIMENTO SOUZA;CASA CIVIL;ASSESSOR II;NAO INFORMADO; CARGO COMISSION.S/VINCULO;3917,44;;3917,44;1578,67;2338,77;
ANDREIA CARVALHO CHAGAS;CASA CIVIL;ASSESSOR I;; CARGO COMISSION.S/VINCULO;5810,85;;5810,85;5229,77;581,08;
ANDREIA DA SILVA LACERDA;CASA CIVIL;ASSESSOR II;; CARGO COMISSION.S/VINCULO;6080,79;;6080,79;4209,79;1871,00;
ANDREY KAWAMURA FELIPE;CASA CIVIL;CONSULTOR TECNICO LEGISLATIVO III;NAO INFORMADO; CARGO COMISSION.S/VINCULO;11406,66;;11406,66;2254,97;9151,69;
ANDREZA RODRIGUES DA SILVA;CASA CIVIL;ASSESSOR II;NAO INFORMADO; CARGO COMISSION.S/VINCULO;4509,79;;4509,79;670,28;3839,51;
ANGELA MARIA SOUZA DE BARROS;CASA CIVIL;ASSISTENTE TECNICO GOVERNAMENTAL;FG-3 DE ASSESSORIA; ESTATUTARIO;5795,02;;5795,02;594,43;5200,59;
ANGELO ROBERTO LOPES DA SILVA;CASA CIVIL;ASSESSOR TECNICO;NAO INFORMADO; CARGO COMISSION.S/VINCULO;7300,00;;7300,00;1521,33;5778,67;
ANTONIA NIZALIA DA SILVA;CASA CIVIL;CONSULTOR TECNICO III;NAO INFORMADO; CARGO COMISSION.S/VINCULO;5800,00;;5800,00;1081,77;4718,23;
ANTONIA OCINEIDE BOM JESUS;CASA CIVIL;ASSESSOR I;NAO INFORMADO; CARGO COMISSION.S/VINCULO;5529,77;;5529,77;986,40;4543,37;
ANTONIO CARLOS CONCEICAO OLIVEIRA;CASA CIVIL;A.TEC-I;FG-1 CHEFE DE GAB; ESTATUTARIO;7290,26;;7290,26;1072,53;6217,73;
ANTONIO CARLOS FARIAS DO NASCIMENTO;CASA CIVIL;PROFESSOR PF20.LIC-V;ASSESSOR I; ESTATUTARIO;14740,33;;14740,33;5049,84;9690,49;
ANTONIO DO NASCIMENTO P AMORIM;CASA CIVIL;ASSESSOR III;NAO INFORMADO; CARGO COMISSION.S/VINCULO;3191,80;;3191,80;422,40;2769,40;
ANTONIO ERIVELTO AQUINO DE OLIVEIRA;CASA CIVIL;ASSESSOR I;; CARGO COMISSION.S/VINCULO;5529,77;;5529,77;986,40;4543,37;
ANTONIO FERREIRA FALCAO;CASA CIVIL;MOT-I;; ESTATUTARIO;4414,26;;4414,26;364,22;4050,04;
ANTONIO FRANCISCO DA SILVA;CASA CIVIL;A.TEC-I;FUNCAO GRATIFICAD; ESTATUTARIO;8470,44;;8470,44;1243,39;7227,05;
ANTONIO FRANCISCO SILVA CASTRO;CASA CIVIL;MOT-I;; ESTATUTARIO;3141,39;;3141,39;219,68;2921,71;
ANTONIO SANTINO DE SOUZA;CASA CIVIL;A.TEC-I;; ESTATUTARIO;6663,50;;6663,50;1079,71;5583,79;
ANTÔNIO CARLOS SANTOS DOS REIS;CASA CIVIL;ASSESSOR I;; CARGO COMISSION.S/VINCULO;9152,09;;9152,09;5229,77;3922,32;
ARABI AMED E SILVA;CASA CIVIL;ASSISTENTE SOCIAL;FG-2 ASSESSORIA; ESTATUTARIO;6291,90;;6291,90;998,89;5293,01;
ARLEDNEY CAVALCANTI MENDES;CASA CIVIL;ASSISTENTE TECNICO GOVERNAMENTAL;FG-2 ASSESSORIA; ESTATUTARIO;5795,02;;5795,02;646,57;5148,45;
ARLETE FELIZARDO DE SOUSA LUZ;CASA CIVIL;ASSESSOR I;; CARGO COMISSION.S/VINCULO;6391,93;;6391,93;5229,77;1162,16;
ARLINDO JOSÉ LOPES PAIVA;CASA CIVIL;ASSESSOR I;NAO INFORMADO; CARGO COMISSION.S/VINCULO;10875,21;;10875,21;2424,76;8450,45;
ARNOLDO DE OLIVEIRA NAZARETH FILHO;CASA CIVIL;ASSESSOR I;; CARGO COMISSION.S/VINCULO;6973,02;;6973,02;5229,77;1743,25;
ARSINOE KARINA QUEIROZ DE OLIVEIRA;CASA CIVIL;ASSESSOR TECNICO;; CARGO COMISSION.S/VINCULO;9333,33;;9333,33;7000,00;2333,33;
ARY RENATO VASCONCELOS DE SOUZA;CASA CIVIL;SECRETARIO EXECUTIVO;NAO INFORMADO; CARGO COMISSION.S/VINCULO;12000,00;;12000,00;2813,83;9186,17;
ATHOS ILKER CORDEIRO VULCAO;CASA CIVIL;ASSESSOR III;NAO INFORMADO; CARGO COMISSION.S/VINCULO;6867,20;;6867,20;1322,56;5544,64;
AUDRIA REGINA SOARES DE ALBUQUERQUE;CASA CIVIL;ESCRIVAO DE POL.4A.CL. PC-ESC-IV;CONSULTOR TECNICO I; ESTATUTARIO;7000,00;;7000,00;921,00;6079,00;
AUGUSTO CESAR TEIXEIRA NASCIMENTO;CASA CIVIL;ASSISTENTE TECNICO GOVERNAMENTAL;FG-1 CHEFE DE SETOR; ESTATUTARIO;6295,02;;6295,02;784,07;5510,95;
AUXILIADORA BEZERRA FERREIRA;CASA CIVIL;COZINHEIRO GOVERNAMENTAL;; ESTATUTARIO;2888,04;;2888,04;194,23;2693,81;
AUZEMIR FERNANDES DE ARA JO;FUNDO DE PROMOCAO SOCIAL-FPS;ASSESSOR II;NAO INFORMADO; CARGO COMISSION.S/VINCULO;8869,25;;8869,25;1873,12;6996,13;
AYDA MIRTES LUZEIRO LOPES CRUZ;CASA CIVIL;A.TEC-I;FG-2 ASSESSORIA; ESTATUTARIO;8358,48;;8358,48;1453,28;6905,20;
AYLA KAROL DA SILVA ROSARIO FREIRE;FUNDO DE PROMOCAO SOCIAL-FPS;ASSESSOR TECNICO;NAO INFORMADO; CARGO COMISSION.S/VINCULO;7000,00;;7000,00;1521,33;5478,67;
AYR JOSE DE SOUZA;CASA CIVIL;ASSESSOR I;; CARGO COMISSION.S/VINCULO;5810,85;;5810,85;5229,77;581,08;
AYRTON SENNA PONCE RAPOSO;CASA CIVIL;ASSESSOR I;NAO INFORMADO; CARGO COMISSION.S/VINCULO;5529,77;;5529,77;986,40;4543,37;
BARBARA LOPES MESQUITA;CASA CIVIL;ASSESSOR II;; CARGO COMISSION.S/VINCULO;4509,79;;4509,79;670,28;3839,51;
BARBARA MIRANDA MENDES;FUNDO DE PROMOCAO SOCIAL-FPS;ASSESSOR III;NAO INFORMADO; CARGO COMISSION.S/VINCULO;6867,20;;6867,20;1402,31;5464,89;
BEATRIZ TOLEDO SILVA;CASA CIVIL;ASSESSOR II;NAO INFORMADO; CARGO COMISSION.S/VINCULO;4509,79;;4509,79;670,28;3839,51;
BELISA RAQUEL DE OLIVEIRA SANTOS;CASA CIVIL;ASSESSOR II;NAO INFORMADO; CARGO COMISSION.S/VINCULO;4092,84;;4092,84;1578,67;2514,17;
BELMIRA DOS SANTOS DE OLIVEIRA;CASA CIVIL;A.TEC-I;FG-1 CHEFE DE SETOR; ESTATUTARIO;7921,06;;7921,06;1472,08;6448,98;
BERLEI DE SA ARRUDA;CASA CIVIL;ASSESSOR I;; CARGO COMISSION.S/VINCULO;5529,77;;5529,77;986,40;4543,37;
BERNADETH FERREIRA GODINHO;CASA CIVIL;A.TEC-I;FG-1 ASSESSORIA; ESTATUTARIO;6826,87;;6826,87;1083,91;5742,96;
BIANCA ALENCAR FARIAS DE PAULA;CASA CIVIL;CONSULTOR TECNICO II;NAO INFORMADO; CARGO COMISSION.S/VINCULO;6800,00;;6800,00;1383,83;5416,17;
BIANKA CAELLI BARRETO RODRIGUES;CASA CIVIL;ASSESSOR I;; CARGO COMISSION.S/VINCULO;11185,89;;11185,89;9894,26;1291,63;
BRENA LUANA PINHEIRO DE OLIVEIRA;CASA CIVIL;ASSESSOR I;NAO INFORMADO; CARGO COMISSION.S/VINCULO;10875,21;;10875,21;2424,76;8450,45;
BRENDA QUEIROZ LINS;CASA CIVIL;ASSESSOR I;; CARGO COMISSION.S/VINCULO;6973,02;;6973,02;5229,77;1743,25;
BRUNO HENRIQUE SABBA G PAULA;CASA CIVIL;ASSESSOR TECNICO;; CARGO COMISSION.S/VINCULO;10111,11;;10111,11;6416,67;3694,44;
CAIO LUIZ GOMES CUNHA;CASA CIVIL;ASSESSOR I;NAO INFORMADO; CARGO COMISSION.S/VINCULO;5529,77;;5529,77;986,40;4543,37;
CANDIDA FERNANDES DE SOUZA;CASA CIVIL;TNS-III;FG-1 ASSESSORIA; ESTATUTARIO;9093,42;;9093,42;1579,19;7514,23;
CANDIDO ALVIM PEREIRA SOARES JUNIOR;CASA CIVIL;ASSESSOR I;NAO INFORMADO; CARGO COMISSION.S/VINCULO;10875,21;;10875,21;2424,76;8450,45;
CARLOS ALBERTO DE OLIVEIRA NAZARE;CASA CIVIL;ASSISTENTE TECNICO GOVERNAMENTAL;; ESTATUTARIO;5081,71;;5081,71;427,63;4654,08;
CARLOS ALBERTO GONCALVES DE MELO;CASA CIVIL;A.TEC-I;FG-2 GESTOR DE CONT.; ESTATUTARIO;6102,40;;6102,40;548,76;5553,64;
CARLOS ALBERTO SOUZA DOS SANTOS;CASA CIVIL;ASSESSOR III;; CARGO COMISSION.S/VINCULO;3546,43;;3546,43;3191,80;354,63;
CARLOS ANDRE LIUZZI GOMES;CASA CIVIL;CONSULTOR TECNICO II;NAO INFORMADO; CARGO COMISSION.S/VINCULO;6800,00;;6800,00;1042,93;5757,07;
CARLOS EDUARDO DOS SANTOS GOMES;CASA CIVIL;ASSESSOR I;NAO INFORMADO; CARGO COMISSION.S/VINCULO;10875,21;;10875,21;2424,76;8450,45;
CARLOS EDUARDO TEIXEIRA FONSECA;CASA CIVIL;ASSESSOR TECNICO;; CARGO COMISSION.S/VINCULO;9391,66;;9391,66;4083,33;5308,33;
CASSIUS CLEY CARNEIRO;CASA CIVIL;ASSESSOR I;; CARGO COMISSION.S/VINCULO;10759,54;;10759,54;1983,72;8775,82;
CELIO ROBERTO DO CARMO DE OLIVEIRA;CASA CIVIL;ASSESSOR TECNICO;NAO INFORMADO; CARGO COMISSION.S/VINCULO;2722,21;;2722,21;1166,67;1555,54;
CELIO VICTOR DOS SANTOS SOARES;FUNDO DE PROMOCAO SOCIAL-FPS;ASSESSOR IV;NAO INFORMADO; CARGO COMISSION.S/VINCULO;5655,36;;5655,36;935,39;4719,97;
CLAIR PANTOJA DO NASCIMENTO;CASA CIVIL;ASSESSOR I;NAO INFORMADO; CARGO COMISSION.S/VINCULO;5529,77;;5529,77;986,40;4543,37;
CLAUDEMIR CHAVES FEITOSA;CASA CIVIL;ASSESSOR II;NAO INFORMADO; CARGO COMISSION.S/VINCULO;4509,79;;4509,79;613,40;3896,39;
CLAUDIA AMED EH SILVA;CASA CIVIL;ASSESSOR I;NAO INFORMADO; CARGO COMISSION.S/VINCULO;5529,77;;5529,77;986,40;4543,37;
CLAUDIA LEONOR GOMES BARROS;FUNDO DE PROMOCAO SOCIAL-FPS;ASSESSOR TECNICO;; CARGO COMISSION.S/VINCULO;7300,00;;7300,00;1521,33;5778,67;
CLEBER BERNARDES FERREIRA FILHO;CASA CIVIL;CONSULTOR TECNICO LEGISLATIVO I;NAO INFORMADO; CARGO COMISSION.S/VINCULO;7800,00;;7800,00;1658,83;6141,17;
CLEONICE LIMA DOS REIS;CASA CIVIL;ASSISTENTE TECNICO GOVERNAMENTAL;; ESTATUTARIO;5285,46;;5285,46;559,53;4725,93;
COSMO VASCONCELOS DE CARVALHO;CASA CIVIL;A.TEC-I;; ESTATUTARIO;4212,11;;4212,11;241,88;3970,23;
CRISLENE DE VASCONCELOS F ARA JO;CASA CIVIL;ASSESSOR I;NAO INFORMADO; CARGO COMISSION.S/VINCULO;5529,77;;5529,77;986,40;4543,37;
CRISTINA LUCIANA MOREIRA R PARENTE;CASA CIVIL;ASSESSOR TECNICO;NAO INFORMADO; CARGO COMISSION.S/VINCULO;7300,00;;7300,00;1521,33;5778,67;
CYNTHIA ROCHA MENDONCA;CASA CIVIL;CONSULTOR TECNICO I;NAO INFORMADO; CARGO COMISSION.S/VINCULO;8442,33;;8442,33;1514,27;6928,06;
DAIANE SILVA VASCONCELOS;CASA CIVIL;ASSESSOR I;NAO INFORMADO; CARGO COMISSION.S/VINCULO;5529,77;;5529,77;986,40;4543,37;
DAIANE VIEIRA DOS SANTOS;CASA CIVIL;ASSESSOR I;NAO INFORMADO; CARGO COMISSION.S/VINCULO;5529,77;;5529,77;986,40;4543,37;
DALTON DAS NEVES PICANCO;CASA CIVIL;TECNICO GOVERNAMENTAL;TEC IV SUP 3 CLASSE; ESTATUTARIO;3404,64;;3404,64;372,25;3032,39;
DANIEL COSTA DE MELO;CASA CIVIL;ASSESSOR I;; CARGO COMISSION.S/VINCULO;5529,77;;5529,77;986,40;4543,37;
DANIEL DUARTE SANTOS;CASA CIVIL;ASSESSOR III;; CARGO COMISSION.S/VINCULO;3546,43;;3546,43;3191,80;354,63;
DANIEL MOREIRA DA COSTA;CASA CIVIL;CONSULTOR TECNICO II;NAO INFORMADO; CARGO COMISSION.S/VINCULO;6800,00;;6800,00;1383,83;5416,17;
DANIEL SODRE GURGEL DO AMARAL;CASA CIVIL;ASSESSOR I;; CARGO COMISSION.S/VINCULO;11185,89;;11185,89;4358,14;6827,75;
DANIELA BARRONCAS HOLANDA DIAS;CASA CIVIL;ASSESSOR TECNICO;; CARGO COMISSION.S/VINCULO;7300,00;;7300,00;1469,19;5830,81;
DANIELA TOILZA NUNES;CASA CIVIL;ASSESSOR II;; CARGO COMISSION.S/VINCULO;4509,79;;4509,79;641,84;3867,95;
DANIELLE FARIAS DA CRUZ FERNANDES;CASA CIVIL;ASSESSOR I;; CARGO COMISSION.S/VINCULO;5810,86;;5810,86;;5810,86;
DANIELLE FERNANDES AMORIM;CASA CIVIL;CONSULTOR TECNICO II;; CARGO COMISSION.S/VINCULO;6800,00;;6800,00;1383,83;5416,17;
DANILO GONCALVES DE SOUZA JUNIOR;CASA CIVIL;A.TEC-I;FG-3 DE ASSESSORIA; ESTATUTARIO;6410,34;;6410,34;779,74;5630,60;
DANNA DOUGLAS BRELAZ DE OLIVEIRA;CASA CIVIL;ASSESSOR I;NAO INFORMADO; CARGO COMISSION.S/VINCULO;4939,22;;4939,22;2033,80;2905,42;
DAVI MARQUES LITAIFF;CASA CIVIL;ASSESSOR I;; CARGO COMISSION.S/VINCULO;5529,77;;5529,77;986,40;4543,37;
DAVID MOURAO CORREA;CASA CIVIL;MOT-I;; ESTATUTARIO;3788,52;;3788,52;250,06;3538,46;
DAVIDSON DE ALBUQUERQUE RAMOS;CASA CIVIL;ASSESSOR TECNICO;; CARGO COMISSION.S/VINCULO;7300,00;;7300,00;1521,33;5778,67;
DENISE NASCIMENTO DE REZENDE;CASA CIVIL;ASSESSOR I;; CARGO COMISSION.S/VINCULO;5810,85;;5810,85;5229,77;581,08;
DERMILSON DE SOUZA ARAUJO;CASA CIVIL;A.TEC-II;FG-2 GESTOR DE CONT.; ESTATUTARIO;5825,00;;5825,00;361,78;5463,22;
DIEGO BATISTA DE OLIVEIRA;CASA CIVIL;ASSESSOR I;ASSESSOR I AD-1; CARGO COMISSION.S/VINCULO;5529,77;;5529,77;986,40;4543,37;
DIEGO BEZERRA PERES;CASA CIVIL;ASSESSOR I;NAO INFORMADO; CARGO COMISSION.S/VINCULO;10875,21;;10875,21;2424,76;8450,45;
DIEGO DE SOUZA ANDRADE;CASA CIVIL;CONSULTOR TECNICO II;; CARGO COMISSION.S/VINCULO;6800,00;;6800,00;1383,83;5416,17;
DIEGO HENRIQUE SANTOS DOS ANJOS;CASA CIVIL;ASSESSOR I;NAO INFORMADO; CARGO COMISSION.S/VINCULO;5529,77;;5529,77;986,40;4543,37;
DILENE MARIA DA COSTA GONCALVES;CASA CIVIL;ASSESSOR I;ASSESSOR I AD 1; CARGO COMISSION.S/VINCULO;5529,77;;5529,77;986,40;4543,37;
DIRLEI CORDEIRO DA SILVA;CASA CIVIL;ASSESSOR II;ASSESSOR II AD-2; CARGO COMISSION.S/VINCULO;4209,79;;4209,79;;4209,79;
DJALMA MARTINS DA COSTA JUNIOR;CASA CIVIL;SECRETARIO EXECUTIVO ADJUNTO;NAO INFORMADO; CARGO COMISSION.S/VINCULO;18290,00;;18290,00;4463,83;13826,17;
DOUGLAS MARTINS BENAION;CASA CIVIL;A.TEC-I;FG-2 ASSESSORIA; ESTATUTARIO;6355,20;;6355,20;747,92;5607,28;
EDBERG MEDEIROS SOARES;CASA CIVIL;ASSESSOR I;; CARGO COMISSION.S/VINCULO;5300,00;;5300,00;915,12;4384,88;
EDIANE SALES VENÂNCIO;FUNDO DE PROMOCAO SOCIAL-FPS;SECRETARIO EXECUTIVO ADJUNTO;NAO INFORMADO; CARGO COMISSION.S/VINCULO;9000,00;;9000,00;2019,19;6980,81;
EDIMIRK DE VASCONCELOS COSTA;CASA CIVIL;ASSESSOR I;NAO INFORMADO; CARGO COMISSION.S/VINCULO;10875,21;;10875,21;2424,76;8450,45;
EDISSANDRA OLIVEIRA GUIMARAES;CASA CIVIL;AGENTE PREVIDENCIARIO;CONSULTOR TECNICO II; ESTATUTARIO;6966,67;;6966,67;1336,15;5630,52;
EDNA MACHADO MELLO;CASA CIVIL;A.TEC-I;CHEFE DE GABINETE; ESTATUTARIO;9393,20;;9393,20;1958,34;7434,86;
EDSON BRANDAO DO NASCIMENTO;CASA CIVIL;REDATOR GOVERNAMENTAL;FG-1 CHEFE DE SETOR; ESTATUTARIO;6312,51;;6312,51;738,14;5574,37;
EDUARDO DIAS DE SOUZA;CASA CIVIL;ASSESSOR I;; CARGO COMISSION.S/VINCULO;10168,99;;10168,99;3922,33;6246,66;
EDUARDO GONCALVES DE A JUNIOR;CASA CIVIL;MOT-I;; ESTATUTARIO;3141,39;;3141,39;205,46;2935,93;
ELIDIANE PAES BONFIM;CASA CIVIL;ASSESSOR I;NAO INFORMADO; CARGO COMISSION.S/VINCULO;5529,77;;5529,77;986,40;4543,37;
ELIETE DE OLIVEIRA CARDOSO;CASA CIVIL;ASSESSOR I;NAO INFORMADO; CARGO COMISSION.S/VINCULO;10875,21;;10875,21;2424,76;8450,45;
ELINELSON FERREIRA COLARES;CASA CIVIL;CONSULTOR TECNICO II;; CARGO COMISSION.S/VINCULO;6800,00;;6800,00;1383,83;5416,17;
ELISANDRA CESAR DE QUEIROZ;FUNDO DE PROMOCAO SOCIAL-FPS;CHEFE DE GABINETE;NAO INFORMADO; CARGO COMISSION.S/VINCULO;5229,77;;5229,77;986,40;4243,37;
ELIZA CATARINA DE MELO BERNARDO;CASA CIVIL;ASSISTENTE TECNICO GOVERNAMENTAL;FG-3 ASSESSORIA; ESTATUTARIO;5135,02;;5135,02;525,68;4609,34;
ELIZABETH SOARES RAPOSO;CASA CIVIL;A.TEC-I;ASSESSOR I; ESTATUTARIO;6343,79;;6343,79;820,26;5523,53;
ELIZABETH TRIBUZZI ARCE;CASA CIVIL;ASSESSOR II;NAO INFORMADO; CARGO COMISSION.S/VINCULO;3999,29;;3999,29;1754,08;2245,21;
ELIZAMARA MOREIRA DOS S AZEVEDO;CASA CIVIL;ASSESSOR III;; CARGO COMISSION.S/VINCULO;3491,80;;3491,80;422,40;3069,40;
ELKIANNE ALMEIDA DE SOUZA;CASA CIVIL;CONSULTOR TECNICO II;; CARGO COMISSION.S/VINCULO;10111,10;;10111,10;4477,78;5633,32;
ELSO SIMOES DE OLIVEIRA;CASA CIVIL;ASSESSOR I;NAO INFORMADO; CARGO COMISSION.S/VINCULO;10875,21;;10875,21;2424,76;8450,45;
ELY FELETE BARBOSA DE SOUZA;CASA CIVIL;ASSESSOR I;NAO INFORMADO; CARGO COMISSION.S/VINCULO;5529,77;;5529,77;986,40;4543,37;
EMERSON DA SILVA CASTRO;FUNDO DE PROMOCAO SOCIAL-FPS;ASSESSOR TECNICO;; CARGO COMISSION.S/VINCULO;7300,00;;7300,00;1521,33;5778,67;
EMERSON LIMA DO CARMO;CASA CIVIL;CONSULTOR TECNICO III;NAO INFORMADO; CARGO COMISSION.S/VINCULO;5800,00;;5800,00;1081,77;4718,23;
ERISANGELA MATOS MEIRELES;FUNDO DE PROMOCAO SOCIAL-FPS;SECRETARIO EXECUTIVO ADJUNTO;NAO INFORMADO; CARGO COMISSION.S/VINCULO;9000,00;;9000,00;2071,33;6928,67;
ERIVEUTO DE OLIVEIRA PRAIA;CASA CIVIL;ASSESSOR II;; CARGO COMISSION.S/VINCULO;5589,65;;5589,65;2455,71;3133,94;
ERLEN CRUZ DO AMARAL;CASA CIVIL;ASSESSOR I;NAO INFORMADO; CARGO COMISSION.S/VINCULO;5529,77;;5529,77;986,40;4543,37;
ESTANISLAU GASPAR FERNANDES;CASA CIVIL;A.TEC-I;FG-1 ASSESSORIA; ESTATUTARIO;6944,28;;6944,28;1004,67;5939,61;
ETELVINA DE CASSIA PERES VICTORIA;CASA CIVIL;A.TEC-I;FG-2 DE ASSESSORIA; ESTATUTARIO;5910,34;;5910,34;746,51;5163,83;
ETHEL MARINHO IRIGARAY;FUNDO DE PROMOCAO SOCIAL-FPS;ASSESSOR TECNICO;NAO INFORMADO; CARGO COMISSION.S/VINCULO;14356,66;;14356,66;3382,16;10974,50;
EVANILDO PINTO ALMEIDA;CASA CIVIL;MOT-I;; ESTATUTARIO;4146,13;;4146,13;373,27;3772,86;
EWERTON RIBEIRO TEXEIRA;CASA CIVIL;ASSESSOR III;NAO INFORMADO; CARGO COMISSION.S/VINCULO;3491,80;;3491,80;422,40;3069,40;
EZIO FERREIRA DE SOUZA JUNIOR;CASA CIVIL;ASSESSOR TECNICO;; CARGO COMISSION.S/VINCULO;9333,33;;9333,33;7000,00;2333,33;
FABÍOLA PINHEIRO VIEIRA BARRETO;CASA CIVIL;ASSESSOR I;NAO INFORMADO; CARGO COMISSION.S/VINCULO;5529,77;;5529,77;986,40;4543,37;
FABIANO DOMINGOS FIORI;CASA CIVIL;TNS-I;TEC NIVEL SUPERIOR; ESTATUTARIO;4664,56;;4664,56;623,67;4040,89;
FABIO MURILO DE O S FERNANDES;CASA CIVIL;ASSESSOR II;ASSESSOR II-AD-2; CARGO COMISSION.S/VINCULO;8419,56;;8419,56;4209,79;4209,77;
FABIOLA XAVIER DESTERRO E SILVA;CASA CIVIL;PROFESSOR PF40.LPL-IV;CHEF.ADJ.CONS.T-LEGI; ESTATUTARIO;12553,06;;12553,06;2831,44;9721,62;
FABIULA VASCONCELOS BARRETO;CASA CIVIL;ASSESSOR TECNICO;NAO INFORMADO; CARGO COMISSION.S/VINCULO;7000,00;;7000,00;1521,33;5478,67;
FABRICIO ROGERIO CYRINO BARBOSA;CASA CIVIL;SECRETARIO EXECUTIVO;NAO INFORMADO; CARGO COMISSION.S/VINCULO;10200,00;;10200,00;2318,83;7881,17;
FARID MENDONCA JUNIOR;CASA CIVIL;ANALISTA TEC.EDUC.3A.CL-A.T.E-III;ASSESSOR TECNICO; ESTATUTARIO;7585,90;;7585,90;1236,81;6349,09;
FATIMA MARIA DE CASTRO PERDIGÃO;CASA CIVIL;ASSESSOR I;NAO INFORMADO; CARGO COMISSION.S/VINCULO;10875,21;;10875,21;2424,76;8450,45;
FERNANDA SANTOS SILVA;CASA CIVIL;CONSULTOR TECNICO III;NAO INFORMADO; CARGO COMISSION.S/VINCULO;5800,00;;5800,00;1029,63;4770,37;
FERNANDO DE ALENCAR TAVARES;CASA CIVIL;CONSULTOR TECNICO III;NAO INFORMADO; CARGO COMISSION.S/VINCULO;5800,00;;5800,00;1081,77;4718,23;
FLAVIA SOUZA DOS SANTOS;CASA CIVIL;ASSESSOR II;NAO INFORMADO; CARGO COMISSION.S/VINCULO;4509,79;;4509,79;670,28;3839,51;
FRANCELANE COSTA ALVES;CASA CIVIL;CONSULTOR TECNICO I;NAO INFORMADO; CARGO COMISSION.S/VINCULO;4500,00;;4500,00;;4500,00;
FRANCISCA EVANILDE COSTA DA SILVA;CASA CIVIL;ASSESSOR II;ASSESSOR II AD-2; CARGO COMISSION.S/VINCULO;4509,79;;4509,79;670,28;3839,51;
FRANCISCA HELENA DE SOUZA DA SILVA;CASA CIVIL;ASSESSOR TECNICO;; CARGO COMISSION.S/VINCULO;7300,00;;7300,00;1521,33;5778,67;
FRANCISCA SILVA DA ROCHA;CASA CIVIL;ASSESSOR I;NAO INFORMADO; CARGO COMISSION.S/VINCULO;5529,77;;5529,77;986,40;4543,37;
FRANCISCO BONETH;CASA CIVIL;MOT-I;; ESTATUTARIO;3318,25;;3318,25;204,51;3113,74;
FRANCISCO CARLOS CRUZ PESSOA DE SIQ;CASA CIVIL;ASSESSOR II;ASSESSOR II AD 2; CARGO COMISSION.S/VINCULO;4509,79;;4509,79;670,28;3839,51;
FRANCISCO DAS CHAGAS DA SILVA;CASA CIVIL;SUB-TENENTE;ASSESSOR I; ESTATUTARIO;5300,00;;5300,00;453,50;4846,50;
FRANCISCO DE ASSIS BULCAO DE SOUZA;CASA CIVIL;ASSESSOR I;; CARGO COMISSION.S/VINCULO;5529,77;;5529,77;986,40;4543,37;
FRANCISCO FERREIRA ALVES NETO;FUNDO DE PROMOCAO SOCIAL-FPS;ASSESSOR II;NAO INFORMADO; CARGO COMISSION.S/VINCULO;4509,79;;4509,79;670,28;3839,51;
FRANCISCO HELIO BEZERRA BESSA FILHO;CASA CIVIL;ASSESSOR II;; CARGO COMISSION.S/VINCULO;5145,29;;5145,29;4209,79;935,50;
FRANCISCO PEREIRA DE SOUZA;FUNDO DE PROMOCAO SOCIAL-FPS;ASSESSOR I;NAO INFORMADO; CARGO COMISSION.S/VINCULO;5229,77;;5229,77;986,40;4243,37;
FRANCISCO PEREIRA GOMES;CASA CIVIL;MOT-I;; ESTATUTARIO;3141,39;;3141,39;176,86;2964,53;
FRANCISCO RICARDO PEREIRA FERNANDES;CASA CIVIL;CHEFE ADJUNTO DA CTL;; CARGO COMISSION.S/VINCULO;8400,00;;8400,00;1823,83;6576,17;
FRANCISCO SOARES DE MOURA;CASA CIVIL;MOT-I;FG-3 DE ASSESSORIA; ESTATUTARIO;8139,33;;8139,33;1206,83;6932,50;
GABRIEL RAIKER ABRAHIM;CASA CIVIL;ASSESSOR II;NAO INFORMADO; CARGO COMISSION.S/VINCULO;4509,79;;4509,79;670,28;3839,51;
GABRIELA BRAGA MATOS DE PAULO;CASA CIVIL;ASSESSOR II;NAO INFORMADO; CARGO COMISSION.S/VINCULO;8869,25;;8869,25;1873,12;6996,13;
GABRIELA COUTO FERREIRA;CASA CIVIL;ASSESSOR II;; CARGO COMISSION.S/VINCULO;4911,41;;4911,41;1906,10;3005,31;
GABRIELLA GOMES SOARES;CASA CIVIL;ASSESSOR TECNICO;NAO INFORMADO; CARGO COMISSION.S/VINCULO;7300,00;;7300,00;1521,33;5778,67;
GEANE NASCIMENTO DA COSTA PINTO;CASA CIVIL;ASSESSOR I;NAO INFORMADO; CARGO COMISSION.S/VINCULO;5529,77;;5529,77;986,40;4543,37;
GEISON MAICON OLIVEIRA DE ASSIS;CASA CIVIL;ASSESSOR TECNICO;NAO INFORMADO; CARGO COMISSION.S/VINCULO;7300,00;;7300,00;1521,33;5778,67;
GEORGE ATHAUALPA DE QUEIROZ BARBOSA;CASA CIVIL;A.TEC-III;FG-3 ASSESSORIA; ESTATUTARIO;5135,02;;5135,02;440,37;4694,65;
GERALDO ALBANO DE SOUZA;CASA CIVIL;TNS-III;TEC.NIVEL SUPERIOR; ESTATUTARIO;6361,58;;6361,58;923,16;5438,42;
GERBERSON OLIVEIRA LIMA;CASA CIVIL;ASSESSOR TECNICO;NAO INFORMADO; CARGO COMISSION.S/VINCULO;7000,00;;7000,00;1521,33;5478,67;
GETULIO RODRIGUES LOBO;CASA CIVIL;ASSESSOR I;; CARGO COMISSION.S/VINCULO;6391,93;;6391,93;5229,77;1162,16;
GILBERTO DOS SANTOS CARNEIRO;CASA CIVIL;MOT-I;; ESTATUTARIO;4127,62;;4127,62;201,11;3926,51;
GILBERTO MESTRINHO DE M R FILHO;CASA CIVIL;ASSESSOR I;; CARGO COMISSION.S/VINCULO;11185,89;;11185,89;4793,96;6391,93;
GILDO DA COSTA;CASA CIVIL;ASSESSOR I;NAO INFORMADO; CARGO COMISSION.S/VINCULO;5529,77;;5529,77;986,40;4543,37;
GILVANEY ACOSTA ALMEIDA;FUNDO DE PROMOCAO SOCIAL-FPS;ASSESSOR TECNICO;NAO INFORMADO; CARGO COMISSION.S/VINCULO;7000,00;;7000,00;1521,33;5478,67;
GINA MORAES DE ALMEIDA;CASA CIVIL;ASSESSOR I;; CARGO COMISSION.S/VINCULO;5810,85;;5810,85;5229,77;581,08;
GIRLANDIA BARROS TRINDADE;FUNDO DE PROMOCAO SOCIAL-FPS;ASSESSOR III;NAO INFORMADO; CARGO COMISSION.S/VINCULO;3191,80;;3191,80;422,40;2769,40;
GIULIA REGINA MARTINS VIEIRA;CASA CIVIL;ASSESSOR I;ASSESSOR I AD-1; CARGO COMISSION.S/VINCULO;5529,77;;5529,77;986,40;4543,37;
GIULIANA SÃO THIAGO PUGLIESE;CASA CIVIL;ASSESSOR TECNICO;CHEFE DO DEP ADM; CARGO COMISSION.S/VINCULO;7300,00;;7300,00;1521,33;5778,67;
GLAURACY BENEVIDES CORREA;CASA CIVIL;ASSESSOR II;ASSESSOR II AD-2; CARGO COMISSION.S/VINCULO;8719,58;;8719,58;1911,71;6807,87;
GLEICIANE MARTINS MOREIRA;CASA CIVIL;ASSESSOR I;; CARGO COMISSION.S/VINCULO;5529,77;;5529,77;986,40;4543,37;
GLENDA MARGARETH DE A J D MENEZES;CASA CIVIL;ASSESSOR I;; CARGO COMISSION.S/VINCULO;8135,19;;8135,19;5229,77;2905,42;
GLEUCIMAR DA SILVA LIMA;CASA CIVIL;CONSULTOR TECNICO III;NAO INFORMADO; CARGO COMISSION.S/VINCULO;5800,00;;5800,00;1081,77;4718,23;
GONTRAN DE MORAES CAMPBELL PENA;CASA CIVIL;ASSESSOR II;; CARGO COMISSION.S/VINCULO;5613,04;;5613,04;4209,79;1403,25;
HAMIDA ISSA YACUB;CASA CIVIL;CONSULTOR TECNICO III;CONSULTOR TEC. III; CARGO COMISSION.S/VINCULO;5800,00;;5800,00;1081,77;4718,23;
HENRIQUE CICERO DE SENA RAIOL;FUNDO DE PROMOCAO SOCIAL-FPS;ASSESSOR IV;NAO INFORMADO; CARGO COMISSION.S/VINCULO;5655,36;;5655,36;935,39;4719,97;
HERON DE SOUZA MOREIRA;CASA CIVIL;ASSESSOR IV;NAO INFORMADO; CARGO COMISSION.S/VINCULO;2875,61;;2875,61;264,79;2610,82;
HESTON SILVA DE QUEIROZ;CASA CIVIL;A.TEC-II;FG-2 GESTO DE CONT.; ESTATUTARIO;5833,19;;5833,19;715,57;5117,62;
HUDSON ANTONIO CRISTO BRAGA;CASA CIVIL;CONSULTOR TECNICO II;NAO INFORMADO; CARGO COMISSION.S/VINCULO;13373,33;;13373,33;3191,50;10181,83;
HUMBERTO PASCARELLI NETO;CASA CIVIL;ASSESSOR I;; CARGO COMISSION.S/VINCULO;9152,09;;9152,09;4793,96;4358,13;
ILNAH MARIA LIMA MONTEIRO DE CASTRO;CASA CIVIL;CONSULTOR TECNICO LEGISLATIVO II;NAO INFORMADO; CARGO COMISSION.S/VINCULO;6800,00;;6800,00;1383,83;5416,17;
INGRID CRISTINA DOS SANTOS MARTH;CASA CIVIL;ASSESSOR TECNICO;NAO INFORMADO; CARGO COMISSION.S/VINCULO;7000,00;;7000,00;1521,33;5478,67;
INGRID QUEIROZ CASSIO;CASA CIVIL;ASSESSOR I;; CARGO COMISSION.S/VINCULO;5229,77;;5229,77;738,65;4491,12;
IVA DA COSTA FERREIRA;CASA CIVIL;A.TEC-I;; ESTATUTARIO;4866,73;;4866,73;492,38;4374,35;
IVANETE RAMOS DE PAULA;CASA CIVIL;TNS-II;FG-3 DE ASSESSORIA; ESTATUTARIO;7802,07;;7802,07;1401,81;6400,26;
IVANILDE LIMA MACHADO VIANA;FUNDO DE PROMOCAO SOCIAL-FPS;ASSESSOR II;NAO INFORMADO; CARGO COMISSION.S/VINCULO;4509,79;;4509,79;670,28;3839,51;
IZABELA LOPES FURTADO;CASA CIVIL;ASSESSOR I;; CARGO COMISSION.S/VINCULO;9878,44;;9878,44;5229,77;4648,67;
IZABELLA MONTENEGRO GONCALVES;CASA CIVIL;ASSESSOR I;; CARGO COMISSION.S/VINCULO;5529,77;;5529,77;986,40;4543,37;
IZOLDA BRANDAO ARMELAU;CASA CIVIL;REDATOR GOVERNAMENTAL;; ESTATUTARIO;4055,18;;4055,18;308,74;3746,44;
JACKSON DA SILVA BRAGA;CASA CIVIL;A.TEC-II;; ESTATUTARIO;3676,05;;3676,05;251,81;3424,24;
JACO VIANA CAVALCANTE;CASA CIVIL;ASSESSOR II;; CARGO COMISSION.S/VINCULO;5145,30;;5145,30;;5145,30;
JAIME BARBOSA REZENDE;CASA CIVIL;AUX.O-I;FG-2 CHEFE DE SETOR; ESTATUTARIO;6435,28;;6435,28;613,20;5822,08;
JAMES WANDERSON CASTRO ITALIANO;CASA CIVIL;ASSESSOR TECNICO;; CARGO COMISSION.S/VINCULO;7300,00;;7300,00;1521,33;5778,67;
JANAINA NUNES DA COSTA;CASA CIVIL;ASSESSOR II;NAO INFORMADO; CARGO COMISSION.S/VINCULO;1637,14;;1637,14;701,63;935,51;
JANAINA PITALUGA MORENO;CASA CIVIL;ASSESSOR I;ASSESSOR I AD 1; CARGO COMISSION.S/VINCULO;5529,77;;5529,77;901,09;4628,68;
JANE KELLY VASQUES DE OLIVEIRA;CASA CIVIL;ASSESSOR I;NAO INFORMADO; CARGO COMISSION.S/VINCULO;5529,77;;5529,77;986,40;4543,37;
JANIO DE SOUZA ALVES;CASA CIVIL;ASSESSOR I;NAO INFORMADO; CARGO COMISSION.S/VINCULO;5529,77;;5529,77;986,40;4543,37;
JANIO TORRES BARROS;CASA CIVIL;ASSISTENTE TECNICO GOVERNAMENTAL;FG-2 GESTOR DE CONT.; ESTATUTARIO;5803,77;;5803,77;597,54;5206,23;
JANUARIO FRANCISCO ROCHA;CASA CIVIL;CONSULTOR TECNICO III;; CARGO COMISSION.S/VINCULO;7486,10;;7486,10;3208,33;4277,77;
JASON MILLER FIGUEIREDO DA COSTA;CASA CIVIL;ASSESSOR TECNICO;NAO INFORMADO; CARGO COMISSION.S/VINCULO;7000,00;;7000,00;1469,19;5530,81;
JAYLENE BRANDAO PAULA;CASA CIVIL;ASSISTENTE TECNICO GOVERNAMENTAL;FG-2 ASSESSORIA; ESTATUTARIO;5795,02;;5795,02;750,84;5044,18;
JEFERSON DA SILVA COELHO;FUNDO DE PROMOCAO SOCIAL-FPS;ASSESSOR IV;; CARGO COMISSION.S/VINCULO;4507,31;;4507,31;4292,68;214,63;
JENNIFER LIMA DE ARAUJO PEREIRA;CASA CIVIL;INVEST.DE POL. 4A.CL. PC-INV.IV;ASSESSOR I, AD-1; ESTATUTARIO;5300,00;;5300,00;453,50;4846,50;
JESSICA OLIVEIRA AQUINO DE SOUSA;CASA CIVIL;ASSESSOR I;NAO INFORMADO; CARGO COMISSION.S/VINCULO;10875,21;;10875,21;2424,76;8450,45;
JHENNY KELLY GOMES DE MORAES;FUNDO DE PROMOCAO SOCIAL-FPS;ASSESSOR III;NAO INFORMADO; CARGO COMISSION.S/VINCULO;3191,80;;3191,80;422,40;2769,40;
JOÃO VICTOR LIMA CORDEIRO;CASA CIVIL;ASSESSOR III;NAO INFORMADO; CARGO COMISSION.S/VINCULO;6867,20;;6867,20;1322,56;5544,64;
JOANA VITA MORAES DE SOUZA MORILLAS;CASA CIVIL;TNS-I;FG-1 ASSESSORIA; ESTATUTARIO;11446,55;;11446,55;2639,40;8807,15;
JOAO DANILO PINTO;CASA CIVIL;MOT-I;; ESTATUTARIO;4323,95;;4323,95;314,62;4009,33;
JOAO LUIZ SOUZA AZEVEDO;CASA CIVIL;SECRETARIO EXECUTIVO ADJUNTO;NAO INFORMADO; CARGO COMISSION.S/VINCULO;9000,00;;9000,00;2071,33;6928,67;
JOAO MARIA OLIVEIRA CORDEIRO;CASA CIVIL;SARGENTO 2;ASSESSOR II; ESTATUTARIO;4300,00;;4300,00;221,21;4078,79;
JOAO MATHIAS DE AGUIAR;CASA CIVIL;ASSESSOR III;ASSESSOR III AD-3; CARGO COMISSION.S/VINCULO;3491,80;;3491,80;422,40;3069,40;
JOAO SILVA MARQUES;CASA CIVIL;ASSESSOR II;NAO INFORMADO; CARGO COMISSION.S/VINCULO;4509,79;;4509,79;670,28;3839,51;
JOAQUIM MARQUES DOS SANTOS NETO;CASA CIVIL;ASSESSOR I;; CARGO COMISSION.S/VINCULO;8716,27;;8716,27;5229,77;3486,50;
JOCIMAR DUARTE DA ROCHA;CASA CIVIL;A.TEC-I;FG-1 CHEFE DE SETOR; ESTATUTARIO;9927,82;;9927,82;1935,22;7992,60;
JOEBER BELEM TEIXEIRA;CASA CIVIL;CONSULTOR TECNICO III;NAO INFORMADO; CARGO COMISSION.S/VINCULO;5800,00;;5800,00;984,93;4815,07;
JOEL JUNIOR BENICIO DE LIMA;CASA CIVIL;ASSESSOR I;; CARGO COMISSION.S/VINCULO;5529,77;;5529,77;986,40;4543,37;
JORGE DO NASCIMENTO GOMES;CASA CIVIL;A.TEC-I;ASSESSOR I; ESTATUTARIO;11318,90;;11318,90;2152,89;9166,01;
JORGE GUEDES LOBO JUNIOR;CASA CIVIL;ASSESSOR I;; CARGO COMISSION.S/VINCULO;10759,54;;10759,54;2472,70;8286,84;
JORGE HELENO MELO CAVALCANTE;CASA CIVIL;ASSESSOR II;; CARGO COMISSION.S/VINCULO;4509,79;;4509,79;670,28;3839,51;
JOSE AGAPITO DA SILVEIRA;CASA CIVIL;A.TEC-II;; ESTATUTARIO;4141,37;;4141,37;227,13;3914,24;
JOSE ALBUQUERQUE CAVALCANTI FILHO;CASA CIVIL;ASSESSOR I;; CARGO COMISSION.S/VINCULO;5529,77;;5529,77;986,40;4543,37;
JOSE AMERICO MORAES DA COSTA;CASA CIVIL;ASSESSOR III;NAO INFORMADO; CARGO COMISSION.S/VINCULO;3491,80;;3491,80;422,40;3069,40;
JOSE CARLOS FERREIRA DO NASCIMENTO;CASA CIVIL;ASSESSOR III;NAO INFORMADO; CARGO COMISSION.S/VINCULO;3491,80;;3491,80;422,40;3069,40;
JOSE CARLOS RABELO;FUNDO DE PROMOCAO SOCIAL-FPS;ASSESSOR II;; CARGO COMISSION.S/VINCULO;4509,79;;4509,79;670,28;3839,51;
JOSE DE AQUINO FREIRE;CASA CIVIL;A.TEC-I;FG-2 DE ASSESSORIA; ESTATUTARIO;9187,58;;9187,58;1870,81;7316,77;
JOSEFA SELANE SABINO DE SOUZA;CASA CIVIL;ASSISTENTE TECNICO GOVERNAMENTAL;FG-3 DE ASSESSORIA; ESTATUTARIO;5135,02;;5135,02;483,03;4651,99;
JOSINETE NOGUEIRA FERREIRA;CASA CIVIL;ASSESSOR I;; CARGO COMISSION.S/VINCULO;7554,10;;7554,10;6958,50;595,60;
JOYCIANE RODRIGUES MENDES;CASA CIVIL;ASSESSOR TECNICO;ASSESSOR TECNICO; CARGO COMISSION.S/VINCULO;7300,00;;7300,00;1469,19;5830,81;
JUCINEIDE NASCIMENTO SILVA;CASA CIVIL;ASSESSOR I;NAO INFORMADO; CARGO COMISSION.S/VINCULO;4048,22;;4048,22;1292,91;2755,31;
JULIETA BARROS BRANDAO C PEREIRA;CASA CIVIL;PROFESSOR;CONSULTOR TECNICO LE; ESTATUTARIO;10453,08;;10453,08;2253,95;8199,13;
JULIO CESAR MENDES BRASIL;CASA CIVIL;CONSULTOR TECNICO II;NAO INFORMADO; CARGO COMISSION.S/VINCULO;13373,33;;13373,33;3111,75;10261,58;
JULIO CESAR SILVA CAMPOS;CASA CIVIL;ASSESSOR TECNICO;NAO INFORMADO; CARGO COMISSION.S/VINCULO;7000,00;;7000,00;1521,33;5478,67;
JULIO CONCEIÇÃO BRASIL DA SILVA;CASA CIVIL;ASSESSOR II;NAO INFORMADO; CARGO COMISSION.S/VINCULO;4509,79;;4509,79;670,28;3839,51;
JURACEMA LIMA DE MEDEIROS;CASA CIVIL;REPRESENTANTE;ASSESSOR I AD-1; ESTATUTARIO;4158,91;;4158,91;376,59;3782,32;
KARIME ALENCAR PONTES BESSA;CASA CIVIL;ASSESSOR I;; CARGO COMISSION.S/VINCULO;6391,93;;6391,93;5229,77;1162,16;
KARLA COSTA DE JESUS;CASA CIVIL;ASSESSOR I;; CARGO COMISSION.S/VINCULO;5810,85;;5810,85;5229,77;581,08;
KATHELEN DE OLIVEIRA BRAZ SANTOS;FUNDO DE PROMOCAO SOCIAL-FPS;SECRETARIO EXECUTIVO;NAO INFORMADO; CARGO COMISSION.S/VINCULO;12000,00;;12000,00;2813,83;9186,17;
KATIA REGINA BARBOSA DE M CARVALHO;FUNDO DE PROMOCAO SOCIAL-FPS;TEC.DE NIVEL SUPERIOR 2A CLASSE;ASSESSOR I AD-1; ESTATUTARIO;12629,99;;12629,99;11667,64;962,35;
KATIA REGINA DE OLIVEIRA ALVES;CASA CIVIL;ASSISTENTE TECNICO GOVERNAMENTAL;FG-2 DE ASSESSORIA; ESTATUTARIO;5795,02;;5795,02;750,84;5044,18;
KEILA OLIVEIRA DE FREITAS;FUNDO DE PROMOCAO SOCIAL-FPS;ASSESSOR TECNICO;NAO INFORMADO; CARGO COMISSION.S/VINCULO;14356,66;;14356,66;3461,91;10894,75;
KEILA REGINA CHAPARRO LOBATO;CASA CIVIL;ASSISTENTE TECNICO GOVERNAMENTAL;FG-2 DE ASSESSORIA; ESTATUTARIO;7626,69;;7626,69;1254,55;6372,14;
KEITY ANNY PRADO TAUMARTUGO;CASA CIVIL;ASSESSOR I;NAO INFORMADO; CARGO COMISSION.S/VINCULO;5529,77;;5529,77;986,40;4543,37;
KELLEN CRISTINA AGUIAR DE OLIVEIRA;CASA CIVIL;ASSESSOR III;NAO INFORMADO; CARGO COMISSION.S/VINCULO;6867,20;;6867,20;1322,56;5544,64;
KELLY MOTA DE LIMA;FUNDO DE PROMOCAO SOCIAL-FPS;ASSESSOR III;NAO INFORMADO; CARGO COMISSION.S/VINCULO;6867,20;;6867,20;1322,56;5544,64;
LAERCIO REINALDO DE SOUZA;CASA CIVIL;ASSESSOR III;NAO INFORMADO; CARGO COMISSION.S/VINCULO;3491,80;;3491,80;422,40;3069,40;
LAFAYETTE CARNEIRO VIEIRA NETO;CASA CIVIL;CONSULTOR TECNICO I;; CARGO COMISSION.S/VINCULO;7800,00;;7800,00;1658,83;6141,17;
LAISA MAIDA PINTO LIMA;FUNDO DE PROMOCAO SOCIAL-FPS;ASSESSOR III;NAO INFORMADO; CARGO COMISSION.S/VINCULO;3191,80;;3191,80;422,40;2769,40;
LAIZE ROCHA DE PAIVA;CASA CIVIL;CONSULTOR TECNICO III;NAO INFORMADO; CARGO COMISSION.S/VINCULO;4277,77;;4277,77;1894,44;2383,33;
LARISSA CORREA DA SILVEIRA;FUNDO DE PROMOCAO SOCIAL-FPS;ASSESSOR II;NAO INFORMADO; CARGO COMISSION.S/VINCULO;4509,79;;4509,79;670,28;3839,51;
LARISSA COSTA DOS ANJOS;CASA CIVIL;ASSESSOR I;; CARGO COMISSION.S/VINCULO;5529,77;;5529,77;986,40;4543,37;
LARISSA NAGYLA ABREU SILVA;FUNDO DE PROMOCAO SOCIAL-FPS;ASSESSOR II;NAO INFORMADO; CARGO COMISSION.S/VINCULO;4209,79;;4209,79;670,28;3539,51;
LAUDETE LUCIA LAGO OSMARI;CASA CIVIL;CONSULTOR TECNICO III;NAO INFORMADO; CARGO COMISSION.S/VINCULO;5800,00;;5800,00;1081,77;4718,23;
LEANDRO RABELO DE OLIVEIRA;CASA CIVIL;ASSESSOR I;NAO INFORMADO; CARGO COMISSION.S/VINCULO;5229,77;;5229,77;986,40;4243,37;
LEANDRO SOUZA BENEVIDES;CASA CIVIL;SECRETARIO DE ESTADO;NAO INFORMADO; CARGO COMISSION.S/VINCULO;28060,00;;28060,00;7312,83;20747,17;
LEMMOS CUNHA RIBEIRO;CASA CIVIL;CONSULTOR TECNICO III;; CARGO COMISSION.S/VINCULO;5800,00;;5800,00;1081,77;4718,23;
LEONARDO WILSON FEITOSA MEIRELLES;CASA CIVIL;ASSESSOR II;NAO INFORMADO; CARGO COMISSION.S/VINCULO;8869,25;;8869,25;1873,12;6996,13;
LIANE DIAS DE SOUZA;CASA CIVIL;ASSESSOR I;; CARGO COMISSION.S/VINCULO;6973,02;;6973,02;5229,77;1743,25;
LISCIANE VIDEIRA ZEFERINO;CASA CIVIL;ASSESSOR I;NAO INFORMADO; CARGO COMISSION.S/VINCULO;5229,77;;5229,77;986,40;4243,37;
LIVIA MARIA MONTEIRO LINS DE LIMA;CASA CIVIL;CONSULTOR TECNICO III;; CARGO COMISSION.S/VINCULO;9625,00;;9625,00;3666,67;5958,33;
LOURENÇO DOS SANTOS P B JUNIOR;CASA CIVIL;CHEFE DA CONSULT.TEC.LEGISLATIVO;; CARGO COMISSION.S/VINCULO;12000,00;;12000,00;2813,83;9186,17;
LUÍS MÁRIO BRAGA BONATES;CASA CIVIL;SECRETARIO DE ESTADO EXTRAORDINARIO;NAO INFORMADO; CARGO COMISSION.S/VINCULO;28060,00;;28060,00;7312,83;20747,17;
LUANA DO NASCIMENTO JUCA;CASA CIVIL;CONSULTOR TECNICO II;NAO INFORMADO; CARGO COMISSION.S/VINCULO;6800,00;;6800,00;1383,83;5416,17;
LUANA SIQUEIRA DA SILVA;CASA CIVIL;ASSESSOR I;NAO INFORMADO; CARGO COMISSION.S/VINCULO;10875,21;;10875,21;2424,76;8450,45;
LUCAS BASTOS PIRES;CASA CIVIL;ASSESSOR III;; CARGO COMISSION.S/VINCULO;3546,43;;3546,43;3191,80;354,63;
LUCAS CASTRO DE CARVALHO;CASA CIVIL;ASSESSOR TECNICO;; CARGO COMISSION.S/VINCULO;10111,11;;10111,11;6416,67;3694,44;
LUCAS NILMAR CIDADE DE OLIVEIRA;CASA CIVIL;CONSULTOR TECNICO III;; CARGO COMISSION.S/VINCULO;6722,22;;6722,22;5500,00;1222,22;
LUCENISE REZENDE DA COSTA;CASA CIVIL;ASSESSOR III;; CARGO COMISSION.S/VINCULO;4255,72;;4255,72;3191,80;1063,92;
LUCIA CARLA DA GAMA RODRIGUES;CASA CIVIL;SEC.DO GAB.PESSOAL DO GOVERNADOR;NAO INFORMADO; CARGO COMISSION.S/VINCULO;28360,00;;28360,00;7312,83;21047,17;
LUCIANA HOLANDA DE SOUZA;CASA CIVIL;SECRETARIO EXECUTIVO;NAO INFORMADO; CARGO COMISSION.S/VINCULO;11700,00;;11700,00;2813,83;8886,17;
LUCIANA PITALUGA MORENO;CASA CIVIL;ASSESSOR I;ASSESSOR I AD 1; CARGO COMISSION.S/VINCULO;5529,77;;5529,77;986,40;4543,37;
LUCIANO PEREIRA DE SOUZA;CASA CIVIL;ASSESSOR I;NAO INFORMADO; CARGO COMISSION.S/VINCULO;5529,77;;5529,77;986,40;4543,37;
LUIZ ANDRÉ SOUTO PASSOS;CASA CIVIL;ASSESSOR III;NAO INFORMADO; CARGO COMISSION.S/VINCULO;6867,20;;6867,20;1322,56;5544,64;
LUIZ CLAUDIO DA SILVEIRA GOMES;CASA CIVIL;SUBCHEFE DO GAB.PESSOAL DO GOVERN.;NAO INFORMADO; CARGO COMISSION.S/VINCULO;11700,00;;11700,00;2761,69;8938,31;
LUIZ FELIPE RODRIGUES DE MOURA;CASA CIVIL;ASSESSOR III;; CARGO COMISSION.S/VINCULO;3491,80;;3491,80;422,40;3069,40;
LUIZ HERON DA SILVA BRAZ;FUNDO DE PROMOCAO SOCIAL-FPS;ASSESSOR II;NAO INFORMADO; CARGO COMISSION.S/VINCULO;4209,79;;4209,79;670,28;3539,51;
LUIZ JAILTON LOPES CORDEIRO;CASA CIVIL;ASSESSOR II;NAO INFORMADO; CARGO COMISSION.S/VINCULO;8869,25;;8869,25;1873,12;6996,13;
LUIZA LIMA MACEDO;CASA CIVIL;A.TEC-I;FG-3 DE ASSESSORIA; ESTATUTARIO;5250,34;;5250,34;568,83;4681,51;
MÁRIO CÉLIO FERREIRA DE C ALVES;CASA CIVIL;CONSULTOR TECNICO III;; CARGO COMISSION.S/VINCULO;11300,00;;11300,00;2569,19;8730,81;
MANOEL DIOMEDIO DA SILVA FILHO;CASA CIVIL;ASSESSOR III;; CARGO COMISSION.S/VINCULO;5585,64;;5585,64;2393,84;3191,80;
MARCELA DA CUNHA CARVALHO;CASA CIVIL;ASSIST.ADMIN.-ASA-T.S.N.M.-A;ASSESSOR TECNICO; ESTATUTARIO;7300,00;;7300,00;1187,26;6112,74;
MARCELO ALEX HOSSAINE NUNES;CASA CIVIL;SECRETARIO DE ESTADO EXTRAORDINARIO;NAO INFORMADO; CARGO COMISSION.S/VINCULO;34977,33;;34977,33;9113,35;25863,98;
MARCELO ANDRADE DE OLIVEIRA;CASA CIVIL;AGENTE ADM.-AGA-T.S.N.A.-E;ASSESSOR I AD-1; ESTATUTARIO;6001,38;;6001,38;809,84;5191,54;
MARCELO FRASSEI;CASA CIVIL;SECRETARIO EXECUTIVO;NAO INFORMADO; CARGO COMISSION.S/VINCULO;12000,00;;12000,00;2813,83;9186,17;
MARCIA ALESSANDRA MOURA DA SILVA;CASA CIVIL;ASSESSOR I;NAO INFORMADO; CARGO COMISSION.S/VINCULO;10875,21;;10875,21;2424,76;8450,45;
MARCIA CRISTINA OLIVEIRA DA COSTA;CASA CIVIL;TECNICO GOVERNAMENTAL;; ESTATUTARIO;4391,90;;4391,90;473,77;3918,13;
MARCIA ROBERTA LIMA BEZERRA;CASA CIVIL;ASSESSOR I;NAO INFORMADO; CARGO COMISSION.S/VINCULO;10875,21;;10875,21;2424,76;8450,45;
MARCILEIDE RODRIGUES BARRETO;FUNDO DE PROMOCAO SOCIAL-FPS;ASSESSOR II;NAO INFORMADO; CARGO COMISSION.S/VINCULO;4209,79;;4209,79;670,28;3539,51;
MARCIO FERREIRA DA ROCHA;CASA CIVIL;CONSULTOR TECNICO III;; CARGO COMISSION.S/VINCULO;5800,00;;5800,00;1081,77;4718,23;
MARCIO PINHEIRO DOS SANTOS;CASA CIVIL;CONSULTOR TECNICO II;; CARGO COMISSION.S/VINCULO;6319,44;;6319,44;2816,66;3502,78;
MARCO AURELIO DE FREITAS GUIMARAES;CASA CIVIL;TECNICO GOVERNAMENTAL;FG-3 ASSESSORIA; ESTATUTARIO;7738,55;;7738,55;1398,12;6340,43;
MARCO AURELIO FEIO DE A CERVEIRA;CASA CIVIL;ASSESSOR II;NAO INFORMADO; CARGO COMISSION.S/VINCULO;4509,79;;4509,79;670,28;3839,51;
MARCOS ALEXANDRO ALVES CORREA;CASA CIVIL;ASSESSOR III;; CARGO COMISSION.S/VINCULO;6683,60;;6683,60;1351,82;5331,78;
MARCOS DOUGLAS DO NASCIMENTO;CASA CIVIL;ASSESSOR I;; CARGO COMISSION.S/VINCULO;6391,93;;6391,93;5229,77;1162,16;
MARCOS PAULO BARBOSA DE OLIVEIRA;CASA CIVIL;ASSESSOR I;; CARGO COMISSION.S/VINCULO;5529,77;;5529,77;986,40;4543,37;
MARCOS RODRIGUES VALERIO;CASA CIVIL;ASSESSOR I;; CARGO COMISSION.S/VINCULO;5529,77;;5529,77;986,40;4543,37;
MARCUS ANTONIO DA ROCHA;CASA CIVIL;ASSESSOR I;; CARGO COMISSION.S/VINCULO;5529,77;;5529,77;986,40;4543,37;
MARIA CAROLINE DO CARMO C MARCONDES;CASA CIVIL;A.TEC-III;CONSULTOR TÉC. II; ESTATUTARIO;3877,54;;3877,54;308,07;3569,47;
MARIA CATARINA RODRIGUES PESSOA;CASA CIVIL;ASSESSOR II;NAO INFORMADO; CARGO COMISSION.S/VINCULO;4509,79;;4509,79;670,28;3839,51;
MARIA DA CONCEICAO COSTA PIRES;CASA CIVIL;A.TEC-I;CONSULTOR TECNICO II; ESTATUTARIO;16843,59;;16843,59;3950,08;12893,51;
MARIA DALVA SANTOS DE LIMA;CASA CIVIL;CONSULTOR TECNICO III;; CARGO COMISSION.S/VINCULO;7486,10;;7486,10;3300,00;4186,10;
MARIA DAS GRACAS BENAYON DA SILVA;CASA CIVIL;A.SOC-I;FG-2 DE ASSESSORIA; ESTATUTARIO;6887,17;;6887,17;990,84;5896,33;
MARIA DAS GRACAS SOARES BORGES;CASA CIVIL;ASSISTENTE TECNICO 3A CLASSE;FG-2 GESTOR DE CONT.; ESTATUTARIO;6459,86;;6459,86;866,36;5593,50;
MARIA DE FATIMA COMAPE FERNANDES;CASA CIVIL;A.TEC-I;FG-3 DE ASSESSORIA; ESTATUTARIO;6097,72;;6097,72;693,61;5404,11;
MARIA DE JESUS GUIMARÃES SILVA PAES;FUNDO DE PROMOCAO SOCIAL-FPS;ASSESSOR II;NAO INFORMADO; CARGO COMISSION.S/VINCULO;4209,79;;4209,79;670,28;3539,51;
MARIA DE JESUS MOTA RAPOSO BORGHI;CASA CIVIL;ASSESSOR I;; CARGO COMISSION.S/VINCULO;10459,53;;10459,53;5229,77;5229,76;
MARIA DO CARMO CRISTO S M FERNANDES;CASA CIVIL;CONSULTOR ESPECIAL;; ESTATUTARIO;32301,67;;32301,67;10483,23;21818,44;
MARIA DO CARMO LOPES DOS SANTOS;CASA CIVIL;ASSESSOR TECNICO;NAO INFORMADO; CARGO COMISSION.S/VINCULO;7000,00;;7000,00;1521,33;5478,67;
MARIA DO PERPETUO SOCORRO B SOARES;CASA CIVIL;ASSISTENTE TECNICO GOVERNAMENTAL;FG-1 ASSESSORIA; ESTATUTARIO;6303,77;;6303,77;787,17;5516,60;
MARIA DO SOCORRO BRITO VASCONCELOS;CASA CIVIL;ASSESSOR I;NAO INFORMADO; CARGO COMISSION.S/VINCULO;5229,77;;5229,77;918,90;4310,87;
MARIA DO SOCORRO CRUZ DE A MEDEIROS;CASA CIVIL;TNS-II;; ESTATUTARIO;8290,89;;8290,89;1868,77;6422,12;
MARIA DO SOCORRO FERREIRA CALDERARO;CASA CIVIL;ASSISTENTE TECNICO GOVERNAMENTAL;FG-2 DE ASSESSORIA; ESTATUTARIO;5945,46;;5945,46;792,21;5153,25;
MARIA EMILIA PESSOA DOS SANTOS;CASA CIVIL;ASSISTENTE TECNICO;FG-1 ASSESSORIA; ESTATUTARIO;6872,30;;6872,30;906,42;5965,88;
MARIA FREIRE DE SOUZA;CASA CIVIL;ASSESSOR I;NAO INFORMADO; CARGO COMISSION.S/VINCULO;5529,77;;5529,77;986,40;4543,37;
MARIA GILMA MONTEIRO DAS CHAGAS;CASA CIVIL;TNS-II;FG-1 CHEFE DE SETOR; ESTATUTARIO;6504,58;;6504,58;815,13;5689,45;
MARIA HELENA SOUSA DA SILVA;CASA CIVIL;CONSULTOR TECNICO III;NAO INFORMADO; CARGO COMISSION.S/VINCULO;5800,00;;5800,00;1081,77;4718,23;
MARIA INÊZ MOREIRA DE AZEVEDO;CASA CIVIL;ASSESSOR II;NAO INFORMADO; CARGO COMISSION.S/VINCULO;4509,79;;4509,79;670,28;3839,51;
MARIA JOSE FREITAS CARLOS;CASA CIVIL;C.TEC.L-U;FG-3 ASSESSORIA; ESTATUTARIO;37319,13;;37319,13;11356,36;25962,77;
MARIA JOSE LEONEL BEZERRA;CASA CIVIL;ASSESSOR TECNICO;NAO INFORMADO; CARGO COMISSION.S/VINCULO;7000,00;;7000,00;1521,33;5478,67;
MARIA LENISE MAFRA NEGREIROS;CASA CIVIL;PEDAGOGO PD20.LPL-IV;; ESTATUTARIO;8685,29;;8685,29;1626,82;7058,47;
MARIA LUIZA CASTELO BARROS;CASA CIVIL;TENENTE 1;ASSESSOR II; ESTATUTARIO;8456,66;;8456,66;1293,97;7162,69;
MARIA LUIZA DE ALMEIDA SAN MARTIN;CASA CIVIL;A.TEC-I;; ESTATUTARIO;4010,34;;4010,34;263,18;3747,16;
MARIA NAZARE DE AGUILA;CASA CIVIL;A.TEC-I;CHEFE DO CERIMONIAL; ESTATUTARIO;13214,56;;13214,56;2871,33;10343,23;
MARIA ROSANA PEREIRA DOS SANTOS;CASA CIVIL;ASSESSOR I;; CARGO COMISSION.S/VINCULO;6391,93;;6391,93;5229,77;1162,16;
MARIA SANTOS DA SILVA;CASA CIVIL;ASSESSOR III;NAO INFORMADO; CARGO COMISSION.S/VINCULO;3491,80;;3491,80;422,40;3069,40;
MARIA SOCORRO DE SOUSA;CASA CIVIL;ASSISTENTE TECNICO GOVERNAMENTAL;; ESTATUTARIO;3886,28;;3886,28;310,20;3576,08;
MARIA TEREZINHA RIBEIRO COUTINHO;CASA CIVIL;ASSESSOR II;; CARGO COMISSION.S/VINCULO;4509,79;;4509,79;670,28;3839,51;
MARIANA DA ROCHA NORMANDO;CASA CIVIL;AFP-U;FG-1 DE CHEFE DA DA; ESTATUTARIO;23144,01;;23144,01;6372,37;16771,64;
MARIANA HAGGE MOURAO;CASA CIVIL;ASSESSOR I;; CARGO COMISSION.S/VINCULO;5529,77;;5529,77;986,40;4543,37;
MARICILIA TEIXEIRA DA COSTA;FUNDO DE PROMOCAO SOCIAL-FPS;ASSESSOR TECNICO;; CARGO COMISSION.S/VINCULO;300,00;;300,00;;300,00;
MARIETHEL BASTOS RODRIGUES;CASA CIVIL;PROFESSOR;ASSESSOR I AD1; ESTATUTARIO;7376,54;;7376,54;1242,29;6134,25;
MARINETE DE CASTRO PERDIGAO;CASA CIVIL;A.TEC-I;ASSESSOR I AD-1; ESTATUTARIO;4311,24;;4311,24;410,05;3901,19;
MARINILDES DA SILVEIRA FORTES;CASA CIVIL;A.TEC-I;FG-1 ASSESSORIA; ESTATUTARIO;11515,44;;11515,44;2500,05;9015,39;
MARIO ADOLFO ARYCE DE CASTRO;CASA CIVIL;TECNICO;; ESTATUTARIO;4409,38;;4409,38;493,30;3916,08;
MARIO CABRAL DE HOLANDA;CASA CIVIL;MOT-I;; ESTATUTARIO;4424,30;;4424,30;338,13;4086,17;
MARIO CESAR DOS SANTOS B FILHO;CASA CIVIL;ASSESSOR I;; CARGO COMISSION.S/VINCULO;5529,77;;5529,77;986,40;4543,37;
MARJANA SILVA CARVALHO;CASA CIVIL;ASSESSOR I;NAO INFORMADO; CARGO COMISSION.S/VINCULO;5229,77;;5229,77;986,40;4243,37;
MARKILZE ALVES PEREIRA;CASA CIVIL;ASSESSOR I;NAO INFORMADO; CARGO COMISSION.S/VINCULO;10875,21;;10875,21;2424,76;8450,45;
MARLICE OLIVEIRA MAR;FUNDO DE PROMOCAO SOCIAL-FPS;ASSESSOR TECNICO;NAO INFORMADO; CARGO COMISSION.S/VINCULO;14356,66;;14356,66;3382,16;10974,50;
MARLUCIA MOREIRA DE AZEVEDO;CASA CIVIL;A.TEC-I;; ESTATUTARIO;4122,72;;4122,72;262,10;3860,62;
MARLUCIA MOURA BATISTA;CASA CIVIL;ASSISTENTE TECNICO GOVERNAMENTAL;FG-1 ASSESSORIA; ESTATUTARIO;6286,28;;6286,28;885,24;5401,04;
MARY IVAN CAVALCANTE DE OLIVEIRA;CASA CIVIL;ASSESSOR I;; CARGO COMISSION.S/VINCULO;6391,93;;6391,93;5229,77;1162,16;
MATHILDE ESTHER BEMERGUY EZAGUY;CASA CIVIL;ASSESSOR I;; CARGO COMISSION.S/VINCULO;5229,77;;5229,77;738,65;4491,12;
MAURICIO DA GAMA MONTEIRO;CASA CIVIL;CONSULTOR TECNICO I;CONS.TECNICO I; CARGO COMISSION.S/VINCULO;7800,00;;7800,00;1658,83;6141,17;
MAURILIO FERREIRA RODRIGUES;CASA CIVIL;ASSESSOR I;NAO INFORMADO; CARGO COMISSION.S/VINCULO;10875,21;;10875,21;2424,76;8450,45;
MAURO FRANCISCO DE OLIVEIRA;FUNDO DE PROMOCAO SOCIAL-FPS;DIRETOR ADMINISTRATIVO E FINANCEIRO;NAO INFORMADO; CARGO COMISSION.S/VINCULO;7200,00;;7200,00;1576,33;5623,67;
MAYARA TAVARES MARQUES;CASA CIVIL;ASSESSOR II;NAO INFORMADO; CARGO COMISSION.S/VINCULO;4509,79;;4509,79;670,28;3839,51;
MICHELLE VITÓRIA CUSTÓDIO;CASA CIVIL;ASSESSOR II;NAO INFORMADO; CARGO COMISSION.S/VINCULO;8869,25;;8869,25;1292,22;7577,03;
MINEIA URBAX PEREIRA;CASA CIVIL;ASSESSOR I;NAO INFORMADO; CARGO COMISSION.S/VINCULO;5529,77;;5529,77;986,40;4543,37;
MIQUEIAS RODRIGO DO PRADO PEREIRA;CASA CIVIL;ASSESSOR I;; CARGO COMISSION.S/VINCULO;5810,85;;5810,85;5229,77;581,08;
MONICA ARAUJO RISUENHO DE SOUZA;CASA CIVIL;CONSULTOR TECNICO III;NAO INFORMADO; CARGO COMISSION.S/VINCULO;5800,00;;5800,00;1081,77;4718,23;
MONICA CAMARA DE ALENCAR BRASIL;CASA CIVIL;CONSULTOR TECNICO II;NAO INFORMADO; CARGO COMISSION.S/VINCULO;6800,00;;6800,00;1383,83;5416,17;
MONICA GOMES DA SILVA;CASA CIVIL;CONSULTOR TECNICO III;NAO INFORMADO; CARGO COMISSION.S/VINCULO;5800,00;;5800,00;984,93;4815,07;
MONICA GOMES DA SILVA;CASA CIVIL;ASSESSOR I;; CARGO COMISSION.S/VINCULO;2324,34;;2324,34;;2324,34;
MONIQUE SHAYANE DOS SANTOS PIRES;CASA CIVIL;ASSESSOR I;; CARGO COMISSION.S/VINCULO;5529,77;;5529,77;986,40;4543,37;
MURILO CAVALCANTI CAMPOS;CASA CIVIL;A.TEC-I;FG-2 DE ASSESSORIA; ESTATUTARIO;6102,40;;6102,40;644,31;5458,09;
NADIA MARIA GAMA PEREIRA;CASA CIVIL;A.TEC-II;CHEF.ADJ.CONS.T-LEGI; ESTATUTARIO;3641,46;;3641,46;328,12;3313,34;
NATAL SOARES LEANDRO DA SILVA;FUNDO DE PROMOCAO SOCIAL-FPS;ASSESSOR I;; CARGO COMISSION.S/VINCULO;5529,77;;5529,77;868,73;4661,04;
NATASHA DE OLIVEIRA FRANCO;FUNDO DE PROMOCAO SOCIAL-FPS;ASSESSOR I;NAO INFORMADO; CARGO COMISSION.S/VINCULO;10875,21;;10875,21;2504,51;8370,70;
NAYARA DA SILVA RODRIGUES;CASA CIVIL;ASSESSOR II;NAO INFORMADO; CARGO COMISSION.S/VINCULO;4509,79;;4509,79;670,28;3839,51;
NAZARE DO SOCORRO PINTO DE ALMEIDA;CASA CIVIL;A.TEC-I;FG-2 DE ASSESSORIA; ESTATUTARIO;5866,78;;5866,78;677,36;5189,42;
NILCILENE DE LIMA TAVARES;CASA CIVIL;ASSESSOR III;; CARGO COMISSION.S/VINCULO;3491,80;;3491,80;422,40;3069,40;
NIRVANA DE JESUS PRADO DE N COMB;CASA CIVIL;AGENTE ADM.-AGA-T.S.N.A.-E;SECRETARIO EXECUTIVO; ESTATUTARIO;9300,00;;9300,00;1605,64;7694,36;
NISMAILY CAVALCANTE LEMOS;CASA CIVIL;ASSESSOR I;; CARGO COMISSION.S/VINCULO;6391,93;;6391,93;5229,77;1162,16;
NISSIM FIGUEIRA BENOLIEL;CASA CIVIL;A.TEC-II;; ESTATUTARIO;3916,90;;3916,90;291,98;3624,92;
NIVEA MARIA AZRAK DE ANDRADE;CASA CIVIL;ASSESSOR TECNICO;NAO INFORMADO; CARGO COMISSION.S/VINCULO;7300,00;;7300,00;1521,33;5778,67;
NIXON ALVES DE MELO;CASA CIVIL;ASSESSOR II;NAO INFORMADO; CARGO COMISSION.S/VINCULO;8869,25;;8869,25;845,10;8024,15;
NIXON SILVA LIMA DE QUEIROZ;CASA CIVIL;ASSESSOR TECNICO;; CARGO COMISSION.S/VINCULO;10888,88;;10888,88;4413,89;6474,99;
NORMANDO KLINGER DA SILVA FONSECA;CASA CIVIL;ASSESSOR III;; CARGO COMISSION.S/VINCULO;6826,89;;6826,89;2934,68;3892,21;
OSMAN RIBEIRO DE ARAUJO FILHO;CASA CIVIL;A.TEC-I;FG-3 DE ASSESSORIA; ESTATUTARIO;5250,34;;5250,34;427,83;4822,51;
PABLO MICHELL SOUZA GUIMARÃES;FUNDO DE PROMOCAO SOCIAL-FPS;ASSESSOR II;NAO INFORMADO; CARGO COMISSION.S/VINCULO;8869,25;;8869,25;1952,87;6916,38;
PATRÍCIA MACHADO DA VEIGA;CASA CIVIL;ASSESSOR I;NAO INFORMADO; CARGO COMISSION.S/VINCULO;5529,77;;5529,77;986,40;4543,37;
PATRICIA DIAS GOES;CASA CIVIL;CONSULTOR TECNICO II;; CARGO COMISSION.S/VINCULO;6800,00;;6800,00;1331,69;5468,31;
PATRICIA GOMES BARTOLOTTI CHAVES;CASA CIVIL;JORNALISTA;; ESTATUTARIO;6317,64;;6317,64;883,16;5434,48;
PATRICIA VIEIRA BRANDAO DA SILVA;CASA CIVIL;ASSESSOR II;NAO INFORMADO; CARGO COMISSION.S/VINCULO;4509,79;;4509,79;670,28;3839,51;
PAULO DA SILVA SANTOS;CASA CIVIL;ASSESSOR I;; CARGO COMISSION.S/VINCULO;11621,70;;11621,70;5229,77;6391,93;
PAULO DEODATO VIEIRA PACHECO;CASA CIVIL;CONSULTOR TECNICO I;; CARGO COMISSION.S/VINCULO;7800,00;;7800,00;1658,83;6141,17;
PAULO ROBERTO DE MOURA BRANDÃO;CASA CIVIL;ASSESSOR I;NAO INFORMADO; CARGO COMISSION.S/VINCULO;5529,77;;5529,77;986,40;4543,37;
PAULO ROBERTO FIGUEIREDO DE CASTRO;CASA CIVIL;TNS-II;SECRETARIO FG 3; ESTATUTARIO;5958,11;;5958,11;555,35;5402,76;
PAULO SEIXAS DA SILVA;FUNDO DE PROMOCAO SOCIAL-FPS;ASSESSOR II;NAO INFORMADO; CARGO COMISSION.S/VINCULO;8869,25;;8869,25;1952,87;6916,38;
PAULO SERGIO PAES LESSA;CASA CIVIL;A.TEC-I;FG-1 DE ASSESSORIA; ESTATUTARIO;7942,28;;7942,28;1350,82;6591,46;
PAULO VICTOR DOS SANTOS BASTOS;CASA CIVIL;CONSULTOR TECNICO III;; CARGO COMISSION.S/VINCULO;9625,00;;9625,00;3941,67;5683,33;
POLYANA MOTTA PRADO DE NEGREIROS;CASA CIVIL;CONSULTOR TECNICO I;; CARGO COMISSION.S/VINCULO;10000,00;;10000,00;7500,00;2500,00;
PRISCILLA FRANCA ATALA;CASA CIVIL;SECRETARIO EXECUTIVO;NAO INFORMADO; CARGO COMISSION.S/VINCULO;12642,33;;12642,33;2524,78;10117,55;
RAFAEL BATISTA RODRIGUES;FUNDO DE PROMOCAO SOCIAL-FPS;ASSESSOR TECNICO;NAO INFORMADO; CARGO COMISSION.S/VINCULO;7000,00;;7000,00;1521,33;5478,67;
RAFAEL CASTELO BESSA CARAPEBA;FUNDO DE PROMOCAO SOCIAL-FPS;SECRETARIO EXECUTIVO ADJUNTO;NAO INFORMADO; CARGO COMISSION.S/VINCULO;9000,00;;9000,00;2071,33;6928,67;
RAIMUNDO EDSON SANTOS LOPES;CASA CIVIL;ASSESSOR II;NAO INFORMADO; CARGO COMISSION.S/VINCULO;4509,79;;4509,79;670,28;3839,51;
RAIMUNDO JOSE BRANDAO DO NASCIMENTO;CASA CIVIL;ASSISTENTE TECNICO GOVERNAMENTAL;FG-1 CHEFE S PESSOAL; ESTATUTARIO;8281,71;;8281,71;1381,85;6899,86;
RAIMUNDO JOSE GADELHA DE ASSIS;CASA CIVIL;A.TEC-III;; ESTATUTARIO;6923,77;;6923,77;1025,69;5898,08;
RAIMUNDO MODESTO NORONHA;CASA CIVIL;MECANICO;; ESTATUTARIO;3761,81;;3761,81;184,17;3577,64;
RAIMUNDO NONATO CIPRIANO NETO;CASA CIVIL;ASSESSOR III;; CARGO COMISSION.S/VINCULO;3595,05;;3595,05;1467,20;2127,85;
RAIMUNDO NONATO DA SILVA;CASA CIVIL;MOT-I;; ESTATUTARIO;4314,25;;4314,25;203,70;4110,55;
RAIMUNDO PEREIRA DOS SANTOS FILHO;CASA CIVIL;ASSESSOR III;NAO INFORMADO; CARGO COMISSION.S/VINCULO;3491,80;;3491,80;422,40;3069,40;
RAIMUNDO RODRIGUES;CASA CIVIL;ASSESSOR I;; CARGO COMISSION.S/VINCULO;8135,19;;8135,19;3297,66;4837,53;
RAISSA BARROS DE JESUS SODRE;CASA CIVIL;ASSESSOR I;; CARGO COMISSION.S/VINCULO;5529,77;;5529,77;986,40;4543,37;
RAISSA CAVALCANTE DA SILVA;CASA CIVIL;ASSESSOR TECNICO;NAO INFORMADO; CARGO COMISSION.S/VINCULO;7000,00;;7000,00;1521,33;5478,67;
RALIME GRECIA DA SILVA;CASA CIVIL;A.TEC-I;FG-3 DE ASSESSORIA; ESTATUTARIO;5274,45;;5274,45;533,66;4740,79;
RAULLISON SANTOS FARIAS;CASA CIVIL;ASSESSOR III;NAO INFORMADO; CARGO COMISSION.S/VINCULO;3491,80;;3491,80;422,40;3069,40;
REBECCA BEATRIZ MARINHO FIGUEIRA;CASA CIVIL;SEC EXEC ADJ ADMINISTRACAO;NAO INFORMADO; CARGO COMISSION.S/VINCULO;9300,00;;9300,00;2071,33;7228,67;
REGINA COELI BARRETO LIMA E SILVA;CASA CIVIL;A.TEC-I;FG-1 CHEFE DE SETOR; ESTATUTARIO;7287,40;;7287,40;1123,68;6163,72;
REGINA COELI BRITO DOS SANTOS;CASA CIVIL;A.TEC-I;FG-1 ASSESSORIA; ESTATUTARIO;9919,24;;9919,24;2140,79;7778,45;
REGINALDO PIMENTEL DE ALMEIDA;CASA CIVIL;ASSESSOR II;NAO INFORMADO; CARGO COMISSION.S/VINCULO;4509,79;;4509,79;670,28;3839,51;
REINALDO JOSE RODER FILHO;CASA CIVIL;CONSULTOR TECNICO II;NAO INFORMADO; CARGO COMISSION.S/VINCULO;13373,33;;13373,33;3111,75;10261,58;
REINALDO SILVA DE QUEIROZ;CASA CIVIL;AUX.S.G-III;FG-3 DE ASSESSORIA; ESTATUTARIO;5008,36;;5008,36;522,90;4485,46;
RENATA CRISTINA ALVES DE A LAMAS;CASA CIVIL;ESCRIVAO DE POL.4A.CL. PC-ESC-IV;ASSESSOR I; ESTATUTARIO;5300,00;;5300,00;403,55;4896,45;
RENATA KELLY SALGADO DA C MEDEIROS;CASA CIVIL;CONSULTOR TEC.LEGISLATIVO IV- AD-1;; CARGO COMISSION.S/VINCULO;11040,61;;11040,61;5229,77;5810,84;
RICARDINA MARIA MENEZES DOS SANTOS;CASA CIVIL;TNS-I;TEC DE NIV SUPERIOR; ESTATUTARIO;6333,29;;6333,29;1223,27;5110,02;
RICARDO MIRANDA NOGUEIRA;CASA CIVIL;ASSESSOR II;; CARGO COMISSION.S/VINCULO;5145,29;;5145,29;4209,79;935,50;
RISEUDA NASCIMENTO DE MOURA;FUNDO DE PROMOCAO SOCIAL-FPS;ASSESSOR II;NAO INFORMADO; CARGO COMISSION.S/VINCULO;4509,79;;4509,79;670,28;3839,51;
RITA DE CASSIA DOS SANTOS GONCALVES;CASA CIVIL;ASSISTENTE TECNICO ADMINISTRATIVO B;; ESTATUTARIO;3958,25;;3958,25;273,63;3684,62;
ROBERTO ALENCAR DOS SANTOS;CASA CIVIL;AUX.S.G-I;; ESTATUTARIO;5944,98;;5944,98;537,09;5407,89;
ROBERTO RUI GUERRA DE SOUZA;CASA CIVIL;ASSESSOR TECNICO;; CARGO COMISSION.S/VINCULO;12250,00;;12250,00;5016,66;7233,34;
ROBINE PEREIRA GUIMARAES DE FREITAS;CASA CIVIL;ASSESSOR I;; CARGO COMISSION.S/VINCULO;5529,77;;5529,77;986,40;4543,37;
ROBSON BEZERRA SAMPAIO;FUNDO DE PROMOCAO SOCIAL-FPS;ASSESSOR I;NAO INFORMADO; CARGO COMISSION.S/VINCULO;5229,77;;5229,77;986,40;4243,37;
RODRIGO GIRÃO DOS SANTOS;CASA CIVIL;ASSESSOR I;; CARGO COMISSION.S/VINCULO;5529,77;;5529,77;986,40;4543,37;
RODRIGO HAMILTON MOURAO;CASA CIVIL;ASSESSOR TECNICO;; CARGO COMISSION.S/VINCULO;10888,88;;10888,88;7077,77;3811,11;
ROGERIO CAMPOS DA SILVA;CASA CIVIL;ASSESSOR II;NAO INFORMADO; CARGO COMISSION.S/VINCULO;8869,25;;8869,25;1873,12;6996,13;
ROGERIO DE ARAUJO BARBOZA;CASA CIVIL;CHEFE ADJUNTO DA CTL;; CARGO COMISSION.S/VINCULO;9300,00;;9300,00;2071,33;7228,67;
ROSA MARIA SIMOES ALVES DA SILVA;CASA CIVIL;C.TEC.L-U;; ESTATUTARIO;35873,21;;35873,21;11364,82;24508,39;
ROSANGELA ALMEIDA DOS S LITAIFF;FUNDO DE PROMOCAO SOCIAL-FPS;ASSESSOR TECNICO;NAO INFORMADO; CARGO COMISSION.S/VINCULO;7000,00;;7000,00;1521,33;5478,67;
ROSANGELA MACEDO REGO;CASA CIVIL;ASSESSOR II;; CARGO COMISSION.S/VINCULO;5613,04;;5613,04;4209,79;1403,25;
ROSE LENE SERPA DOS SANTOS;CASA CIVIL;ASSESSOR II;; CARGO COMISSION.S/VINCULO;4509,79;;4509,79;670,28;3839,51;
ROSENALDO ROCHA;CASA CIVIL;A.TEC-I;FG-2 ASSESSORIA; ESTATUTARIO;5919,09;;5919,09;697,48;5221,61;
ROSIANE SILVA E SILVA;CASA CIVIL;CONSULTOR TECNICO II;NAO INFORMADO; CARGO COMISSION.S/VINCULO;13373,33;;13373,33;3111,75;10261,58;
ROSIVAN NASCIMENTO DE MOURA;CASA CIVIL;ASSESSOR I;NAO INFORMADO; CARGO COMISSION.S/VINCULO;10875,21;;10875,21;2424,76;8450,45;
RUBEM CELANDRO DE SOUZA GUIMARAES;CASA CIVIL;A.TEC-I;FG-1 ASSESSORIA; ESTATUTARIO;6602,40;;6602,40;833,95;5768,45;
RUBIANNE KELLY GOMES SANTOS;CASA CIVIL;ASSESSOR II;NAO INFORMADO; CARGO COMISSION.S/VINCULO;1637,14;;1637,14;841,96;795,18;
SALUA PAVAO DA SILVA;CASA CIVIL;SECRETARIO EXECUTIVO ADJUNTO;NAO INFORMADO; CARGO COMISSION.S/VINCULO;9300,00;;9300,00;2071,33;7228,67;
SAMUEL FARIAS DE OLIVEIRA FILHO;CASA CIVIL;ASSESSOR I;; CARGO COMISSION.S/VINCULO;8135,19;;8135,19;3559,15;4576,04;
SARAH SERRUYA ASSIS;CASA CIVIL;CONSULTOR TECNICO II;; CARGO COMISSION.S/VINCULO;8666,66;;8666,66;3611,11;5055,55;
SAULO MOYSES REZENDE DA COSTA;FUNDO DE PROMOCAO SOCIAL-FPS;SECRETARIO EXECUTIVO;NAO INFORMADO; CARGO COMISSION.S/VINCULO;12000,00;;12000,00;2813,83;9186,17;
SEBASTIAO LUIZ DE LIMA;CASA CIVIL;A.TEC-I;FG-1 CHEFE DE SETOR; ESTATUTARIO;12969,04;;12969,04;2823,69;10145,35;
SERGIO ALEXANDRE NASCIMENTO RIBEIRO;CASA CIVIL;ASSESSOR TECNICO;NAO INFORMADO; CARGO COMISSION.S/VINCULO;7300,00;;7300,00;1521,33;5778,67;
SERGIO ALVES DE SOUSA;CASA CIVIL;ASSESSOR I;; CARGO COMISSION.S/VINCULO;6391,93;;6391,93;5229,77;1162,16;
SERGIO DE LIMA MACHADO;CASA CIVIL;ASSESSOR CONTABIL;ASSESSOR CONTABIL; CARGO COMISSION.S/VINCULO;6800,00;;6800,00;1331,69;5468,31;
SIDNEY ARAUJO DA SILVA;CASA CIVIL;ASSESSOR III;ASSESSOR III AD-3; CARGO COMISSION.S/VINCULO;3491,80;;3491,80;422,40;3069,40;
SIDNEY HUMBERTO PERRONE FALCAO;CASA CIVIL;ASSESSOR I;; CARGO COMISSION.S/VINCULO;6391,93;;6391,93;5229,77;1162,16;
SILVIA GOMES DE OLIVEIRA;CASA CIVIL;ASSESSOR II;; CARGO COMISSION.S/VINCULO;5613,04;;5613,04;4209,79;1403,25;
SOLANGE PEREIRA SALES DE OLIVEIRA;CASA CIVIL;ASSISTENTE TECNICO GOVERNAMENTAL;; ESTATUTARIO;3903,77;;3903,77;314,46;3589,31;
SONIA MARIA DE SOUSA DA SILVA;CASA CIVIL;ASSESSOR III;; CARGO COMISSION.S/VINCULO;3491,80;;3491,80;422,40;3069,40;
SONJA MARIA BRAGA DOS SANTOS;CASA CIVIL;TECNICO 3A CLASSE;FG-2 DE ASSESSORIA; ESTATUTARIO;6596,01;;6596,01;1082,52;5513,49;
SUELEN FELIPE DA CUNHA;FUNDO DE PROMOCAO SOCIAL-FPS;ASSESSOR II;NAO INFORMADO; CARGO COMISSION.S/VINCULO;8869,25;;8869,25;1952,87;6916,38;
SUELLEN REGINA DE FREITAS FERREIRA;FUNDO DE PROMOCAO SOCIAL-FPS;ASSESSOR TECNICO;; CARGO COMISSION.S/VINCULO;7300,00;;7300,00;1521,33;5778,67;
SULENI BITAR RUAS;CASA CIVIL;ASSISTENTE TECNICO III;FG-3 DE ASSESSORIA; ESTATUTARIO;7571,66;;7571,66;1245,30;6326,36;
SUMAIA KALID OSSAMI;CASA CIVIL;ASSESSOR I;; CARGO COMISSION.S/VINCULO;5529,77;;5529,77;986,40;4543,37;
SUZANA FLEURY MENDES DA SILVA;CASA CIVIL;ASSESSOR II;; CARGO COMISSION.S/VINCULO;4209,79;;4209,79;511,27;3698,52;
SUZIANE CAVALCANTE SANTOS MACHADO;CASA CIVIL;CONSULTOR TECNICO I;NAO INFORMADO; CARGO COMISSION.S/VINCULO;7500,00;;7500,00;1658,83;5841,17;
SYND MARIA DE SOUZA PINHEIRO;CASA CIVIL;ASSESSOR II;; CARGO COMISSION.S/VINCULO;4509,79;;4509,79;670,28;3839,51;
TABAJARA RODRIGUES MORENO;CASA CIVIL;ASSESSOR TECNICO;; CARGO COMISSION.S/VINCULO;7300,00;;7300,00;1521,33;5778,67;
TANIA ZUNAIDE BRAGA RIBEIRO;CASA CIVIL;CONSULTOR TECNICO LEGISLATIVO I;NAO INFORMADO; CARGO COMISSION.S/VINCULO;7800,00;;7800,00;1658,83;6141,17;
TASSIA CAMILA COELHO GOMES;CASA CIVIL;ASSESSOR I;NAO INFORMADO; CARGO COMISSION.S/VINCULO;5529,77;;5529,77;986,40;4543,37;
TATIANA MEIRELLES DE FRANCA;CASA CIVIL;ASSESSOR I;NAO INFORMADO; CARGO COMISSION.S/VINCULO;10875,21;;10875,21;2424,76;8450,45;
TERESINHA DE JESUS ASSUNCAO ALVES;CASA CIVIL;ASSISTENTE TECNICO GOVERNAMENTAL;FG-3 DE ASSESSORIA; ESTATUTARIO;5135,02;;5135,02;569,34;4565,68;
TEREZA CRISTINA MATOS FEITOZA;CASA CIVIL;ASSESSOR I;ASSESSOR I AD 1; CARGO COMISSION.S/VINCULO;5529,77;;5529,77;986,40;4543,37;
TEREZINHA BONATES MIRANDA;CASA CIVIL;A.TEC-I;FG-1 ASSESSORIA; ESTATUTARIO;8837,84;;8837,84;1374,27;7463,57;
TEREZINHA DE JESUS O B C RODRIGUES;CASA CIVIL;ASSESSOR III;ASSESSOR III AD 3; CARGO COMISSION.S/VINCULO;3491,80;;3491,80;422,40;3069,40;
THAIS ROCHA PINHEIRO LEMOS SOBRAL;CASA CIVIL;CONSULTOR TECNICO III;NAO INFORMADO; CARGO COMISSION.S/VINCULO;5800,00;;5800,00;1081,77;4718,23;
THAIZA DE SOUZA BARROS;CASA CIVIL;ASSESSOR I;NAO INFORMADO; CARGO COMISSION.S/VINCULO;10875,21;;10875,21;2424,76;8450,45;
THALIRIA FELIX BENAION;FUNDO DE PROMOCAO SOCIAL-FPS;ASSESSOR TECNICO;NAO INFORMADO; CARGO COMISSION.S/VINCULO;7000,00;;7000,00;1521,33;5478,67;
THELCYANNE DE CARVALHO NUNES DIAS;CASA CIVIL;SECRETARIO EXECUTIVO;NAO INFORMADO; CARGO COMISSION.S/VINCULO;9900,00;;9900,00;2046,65;7853,35;
THEREZA NAGILA SILVA DE OLIVEIRA;FUNDO DE PROMOCAO SOCIAL-FPS;ASSESSOR III;NAO INFORMADO; CARGO COMISSION.S/VINCULO;6867,20;;6867,20;1322,56;5544,64;
THIAGO TEIXEIRA DE CASTRO;CASA CIVIL;ASSESSOR II;; CARGO COMISSION.S/VINCULO;4509,79;;4509,79;670,28;3839,51;
TIAGO MARQUES DA SILVA;CASA CIVIL;CONSULTOR TECNICO I;; CARGO COMISSION.S/VINCULO;10000,00;;10000,00;7500,00;2500,00;
TOSHIZO BORBOREMA NAKAJIMA;CASA CIVIL;ASSESSOR I;NAO INFORMADO; CARGO COMISSION.S/VINCULO;10875,21;;10875,21;2424,76;8450,45;
UBIRAGILDO DO NASCIMENTO SARAIVA;CASA CIVIL;ASSISTENTE TECNICO GOVERNAMENTAL;; ESTATUTARIO;4026,06;;4026,06;301,91;3724,15;
UBIRAJARA RAMOS MORAES JUNIOR;CASA CIVIL;TNS-II;FG-2 ASSESSORIA; ESTATUTARIO;10388,52;;10388,52;2147,21;8241,31;
VALDIBERTO RIBEIRO ROCHA;CASA CIVIL;ASSESSOR I;; CARGO COMISSION.S/VINCULO;6973,02;;6973,02;2905,43;4067,59;
VALDIR ALVES DE VASCONCELOS;CASA CIVIL;A.TEC-I;ASSIST TECNICO; ESTATUTARIO;3110,34;;3110,34;172,64;2937,70;
VALNIZA DA SILVA NASCIMENTO;CASA CIVIL;ASSESSOR II;NAO INFORMADO; CARGO COMISSION.S/VINCULO;4509,79;;4509,79;670,28;3839,51;
VALQUIRIA CORREIA DA COSTA;CASA CIVIL;CONSULTOR TECNICO III;NAO INFORMADO; CARGO COMISSION.S/VINCULO;5800,00;;5800,00;1081,77;4718,23;
VANESSA DE LIMA PADILHA;CASA CIVIL;ASSESSOR III;; CARGO COMISSION.S/VINCULO;5830,89;;5830,89;3191,80;2639,09;
VANESSA NUNES ZOGAHIB;CASA CIVIL;CONSULTOR TECNICO II;NAO INFORMADO; CARGO COMISSION.S/VINCULO;13373,33;;13373,33;3111,75;10261,58;
VANUSA DA SILVA CUNHA;CASA CIVIL;ASSISTENTE TECNICO GOVERNAMENTAL;FG-3 DE ASSESSORIA; ESTATUTARIO;6735,04;;6735,04;1008,65;5726,39;
VERA DOS SANTOS GUIMARAES;CASA CIVIL;ASSISTENTE TECNICO GOVERNAMENTAL;FG-2 GESTOR DE CONT.; ESTATUTARIO;5795,02;;5795,02;750,84;5044,18;
VERA ELANE ROCHA DOS SANTOS;CASA CIVIL;A.TEC-I;FG-2 DE ASSESSORIA; ESTATUTARIO;7780,45;;7780,45;1156,52;6623,93;
VERANILCE FERNANDES PANTOJA;CASA CIVIL;A.TEC-I;FG-3 ASSESSORIA; ESTATUTARIO;5259,09;;5259,09;528,90;4730,19;
VICENTE DE CASTRO ASSUNCAO;CASA CIVIL;MOT-III;; ESTATUTARIO;2827,32;;2827,32;195,35;2631,97;
VICTOR BRENO ALMADA GOMES;CASA CIVIL;ASSESSOR I;; CARGO COMISSION.S/VINCULO;5529,77;;5529,77;986,40;4543,37;
VINICIUS ABREU DE ALMEIDA;CASA CIVIL;ASSESSOR I;NAO INFORMADO; CARGO COMISSION.S/VINCULO;5529,77;;5529,77;986,40;4543,37;
VINICIUS LOPES CALAZANS;CASA CIVIL;ASSESSOR II;NAO INFORMADO; CARGO COMISSION.S/VINCULO;4509,79;;4509,79;670,28;3839,51;
VIRGINIA MIRANDA DA COSTA;CASA CIVIL;ASSISTENTE TECNICO GOVERNAMENTAL;FG-2 ASSESSORIA; ESTATUTARIO;5955,18;;5955,18;691,31;5263,87;
VIVALDO RODRIGUES CARDOSO NETO;FUNDO DE PROMOCAO SOCIAL-FPS;ASSESSOR II;NAO INFORMADO; CARGO COMISSION.S/VINCULO;4209,79;;4209,79;670,28;3539,51;
WANDA DE SOUZA TRINDADE;CASA CIVIL;REDATOR GOVERNAMENTAL;FG-1 ASSESSORIA; ESTATUTARIO;8930,48;;8930,48;1687,36;7243,12;
WELLINGTON DE OLIVEIRA GONÇALVES;FUNDO DE PROMOCAO SOCIAL-FPS;ASSESSOR II;NAO INFORMADO; CARGO COMISSION.S/VINCULO;4209,79;;4209,79;670,28;3539,51;
WENDEL FRANCO RODRIGUES;CASA CIVIL;ASSESSOR II;NAO INFORMADO; CARGO COMISSION.S/VINCULO;4509,79;;4509,79;670,28;3839,51;
WILLIAM FRANCO RODRIGUES;CASA CIVIL;SECRETARIO EXECUTIVO ADJUNTO;NAO INFORMADO; CARGO COMISSION.S/VINCULO;9300,00;;9300,00;2071,33;7228,67;
WILSON MIRANDA LIMA;CASA CIVIL;GOVERNADOR DE ESTADO;NAO INFORMADO; CARGO COMISSION.S/VINCULO;34070,00;;34070,00;8965,58;25104,42;
WILSON TEIXEIRA MARIANO;CASA CIVIL;A.TEC-I;; ESTATUTARIO;4019,09;;4019,09;239,84;3779,25;
WILTON PEREIRA DOS SANTOS;CASA CIVIL;ASSESSOR TECNICO;NAO INFORMADO; CARGO COMISSION.S/VINCULO;3927,77;;3927,77;1750,00;2177,77;
YANA DEISY MARINHO DE ARAUJO;CASA CIVIL;ASSESSOR TECNICO;NAO INFORMADO; CARGO COMISSION.S/VINCULO;7000,00;;7000,00;1417,05;5582,95;
YANNA BRUNA CAVALCANTE DA SILVA;FUNDO DE PROMOCAO SOCIAL-FPS;ASSESSOR III;NAO INFORMADO; CARGO COMISSION.S/VINCULO;3191,80;;3191,80;422,40;2769,40;
YASMIN FEITOSA DA SILVA;FUNDO DE PROMOCAO SOCIAL-FPS;ASSESSOR III;NAO INFORMADO; CARGO COMISSION.S/VINCULO;6867,20;;6867,20;1322,56;5544,64;
YONE ALVES DE MACEDO;CASA CIVIL;ASSESSOR I;NAO INFORMADO; CARGO COMISSION.S/VINCULO;5529,77;;5529,77;986,40;4543,37;
YONE PAES LESSA;CASA CIVIL;A.TEC-I;CHEFE DE UNID FG 3; ESTATUTARIO;7528,96;;7528,96;1379,90;6149,06;
YURI MOISES TAKETOMI OLIMPIO;CASA CIVIL;AGENTE ADM.-AGA-T.S.N.A.-E;ASSESSOR TECNICO; ESTATUTARIO;7300,00;;7300,00;1178,29;6121,71;
ZEINILA DE BRITO DAVILA;CASA CIVIL;ASSESSOR I;NAO INFORMADO; CARGO COMISSION.S/VINCULO;2033,79;;2033,79;871,63;1162,16;
