NOME;LOTACAO;CARGO;FUNCAO;VINCULO;REMUNERACAO LEGAL TOTAL(R$);DESC.TETO(R$); REMUNERACAO LEGAL DEVIDA(R$);DESCONTOS LEGAIS(R$);LIQUIDO DISPONIVEL(R$);
ABIANCY ROCHA REGO DE OLIVEIRA;CASA CIVIL;A.TEC-I;FG-1 ASSESSORIA; ESTATUTARIO;9272,39;;9272,39;1916,44;7355,95;
ADALBERTO FONSECA DE SOUZA;CASA CIVIL;PROFESSOR PF20.ESP-III;ASSESSOR I; ESTATUTARIO;8097,88;;8097,88;1498,19;6599,69;
ADAUCEA VIANA DOS SANTOS;CASA CIVIL;A.TEC-I;; ESTATUTARIO;4192,70;;4192,70;319,80;3872,90;
ADEMILDE DA SILVA FERNANDES;CASA CIVIL;AUX.S.G-I;FG-3 DE ASSESSORIA; ESTATUTARIO;5284,98;;5284,98;232,29;5052,69;
ADRIANA BARBOSA DAMASCENO;CASA CIVIL;ASSESSOR TECNICO;; CARGO COMISSION.S/VINCULO;7300,00;;7300,00;1469,19;5830,81;
ADRIANA BRAGA ROCHA;CASA CIVIL;ASSESSOR I;NAO INFORMADO; CARGO COMISSION.S/VINCULO;5529,77;;5529,77;986,40;4543,37;
ADRIANA CRISTINA BATISTA AFONSO;CASA CIVIL;ASSESSOR I;NAO INFORMADO; CARGO COMISSION.S/VINCULO;5529,77;;5529,77;986,40;4543,37;
ADRIANA DOS REIS TAVARES;CASA CIVIL;ASSESSOR III;; CARGO COMISSION.S/VINCULO;3191,80;;3191,80;422,40;2769,40;
ADRIANA PERES DE JESUS SANTOS;CASA CIVIL;ASSESSOR II;NAO INFORMADO; CARGO COMISSION.S/VINCULO;4509,79;;4509,79;641,84;3867,95;
AETE DO SOCORRO MARTINS DE MATOS;CASA CIVIL;AGENTE ADMINISTRATIVO 3A CLASSE;REP.MUNIC.DE JUTAI; ESTATUTARIO;3726,06;;3726,06;293,15;3432,91;
AGENOR VEIGA NEGRAO;CASA CIVIL;A.TEC-II;; ESTATUTARIO;4160,79;;4160,79;230,37;3930,42;
ALBERTO JORGE FERNANDES RIBEIRO;CASA CIVIL;ASSISTENTE TECNICO GOVERNAMENTAL;; ESTATUTARIO;3877,54;;3877,54;279,63;3597,91;
ALCIDES MULLER;CASA CIVIL;ASSISTENTE TECNICO GOVERNAMENTAL;FG-1 ASSESSORIA; ESTATUTARIO;6277,54;;6277,54;673,59;5603,95;
ALCYNEY FERNANDES RODRIGUES;CASA CIVIL;REDATOR GOVERNAMENTAL;FG-3 DE ASSESSORIA; ESTATUTARIO;5143,77;;5143,77;329,83;4813,94;
ALDRIN DE OLIVEIRA BARBOSA;CASA CIVIL;CONSULTOR TECNICO I;NAO INFORMADO; CARGO COMISSION.S/VINCULO;7800,00;;7800,00;1658,83;6141,17;
ALESSANDRA COSTA MARQUES BENTES;FUNDO DE PROMOCAO SOCIAL-FPS;SECRETARIO EXECUTIVO;NAO INFORMADO; CARGO COMISSION.S/VINCULO;12000,00;;12000,00;2813,83;9186,17;
ALESSANDRA GUEDES MOURA CAVALCANTE;CASA CIVIL;CONSULTOR TECNICO LEGISLATIVO I;NAO INFORMADO; CARGO COMISSION.S/VINCULO;7800,00;;7800,00;1336,57;6463,43;
ALEXANDRE GUIMARAES DE PAIVA;CASA CIVIL;ASSESSOR I;NAO INFORMADO; CARGO COMISSION.S/VINCULO;5529,77;;5529,77;943,74;4586,03;
ALINE CHIXARO PIMENTA;CASA CIVIL;ASSESSOR I;NAO INFORMADO; CARGO COMISSION.S/VINCULO;5529,77;;5529,77;986,40;4543,37;
ALINE MASSULO LOUBET DA MATA;CASA CIVIL;ASSESSOR TECNICO;NAO INFORMADO; CARGO COMISSION.S/VINCULO;7300,00;;7300,00;1521,33;5778,67;
ALYNE RODRIGUES MENEZES;CASA CIVIL;CONSULTOR TECNICO II;NAO INFORMADO; CARGO COMISSION.S/VINCULO;6800,00;;6800,00;1383,83;5416,17;
AMANDA SILVA MOUTA;CASA CIVIL;ASSESSOR II;NAO INFORMADO; CARGO COMISSION.S/VINCULO;4509,79;;4509,79;670,28;3839,51;
ANA BEATRIZ LOBO MOUTINHO BREVAL;CASA CIVIL;ESCRIVAO DE POL.2A.CL. PC-ESC-II;SECRETARIO EXECUTIVO; ESTATUTARIO;9900,00;;9900,00;1853,14;8046,86;
ANA CARLA JERONIMO DE MOURA;CASA CIVIL;CONSULTOR TECNICO II;NAO INFORMADO; CARGO COMISSION.S/VINCULO;6800,00;;6800,00;1331,69;5468,31;
ANA CAROLINA BARBOSA GIL DE SOUZA;CASA CIVIL;ASSESSOR TECNICO;NAO INFORMADO; CARGO COMISSION.S/VINCULO;7300,00;;7300,00;1521,33;5778,67;
ANA CAROLINA DE ALENCAR BALIEIRO;CASA CIVIL;CONSULTOR TECNICO I;NAO INFORMADO; CARGO COMISSION.S/VINCULO;7800,00;;7800,00;1658,83;6141,17;
ANA CLAUDIA DE AZEVEDO MONTEIRO;CASA CIVIL;CONSULTOR TECNICO LEGISLATIVO II;NAO INFORMADO; CARGO COMISSION.S/VINCULO;6800,00;;6800,00;1383,83;5416,17;
ANA CLAUDIA DE SOUSA E SILVA;CASA CIVIL;ASSESSOR I;NAO INFORMADO; CARGO COMISSION.S/VINCULO;5529,77;;5529,77;986,40;4543,37;
ANA CLEICE MATOS MEIRELES CARVALHO;FUNDO DE PROMOCAO SOCIAL-FPS;ASSESSOR III;NAO INFORMADO; CARGO COMISSION.S/VINCULO;3491,80;;3491,80;422,40;3069,40;
ANA CRISTINA RODRIGUES DE SOUZA;CASA CIVIL;ASSISTENTE TECNICO GOVERNAMENTAL;FG-1 ASSESSORIA; ESTATUTARIO;6286,28;;6286,28;780,97;5505,31;
ANA KARINE MAIA DE OLIVEIRA ROMAO;CASA CIVIL;ASSESSOR I;; CARGO COMISSION.S/VINCULO;5529,77;;5529,77;986,40;4543,37;
ANA LUCIA CARVALHO DA SILVA;CASA CIVIL;ASSESSOR I;NAO INFORMADO; CARGO COMISSION.S/VINCULO;5529,77;;5529,77;986,40;4543,37;
ANA MARIA DA SILVA ABINADER;CASA CIVIL;ASSESSOR I;NAO INFORMADO; CARGO COMISSION.S/VINCULO;5529,77;;5529,77;986,40;4543,37;
ANA MARIA GATO BENTES;CASA CIVIL;A.TEC-II;SECRETARIO EXECUTIVO; ESTATUTARIO;3925,00;;3925,00;322,96;3602,04;
ANA MARIA HOLANDA FARIAS SALES;CASA CIVIL;CONSULTOR TECNICO I;NAO INFORMADO; CARGO COMISSION.S/VINCULO;7800,00;;7800,00;1658,83;6141,17;
ANA PAULA MACIEL MORENO;CASA CIVIL;CONSULTOR TEC.LEGISLATIVO IV- AD-1;NAO INFORMADO; CARGO COMISSION.S/VINCULO;5529,77;;5529,77;986,40;4543,37;
ANA RITA GARCIA DA SILVA;CASA CIVIL;CONSULTOR TECNICO III;NAO INFORMADO; CARGO COMISSION.S/VINCULO;5800,00;;5800,00;1081,77;4718,23;
ANDERSON LUZ GONCALVES;CASA CIVIL;ASSESSOR III;NAO INFORMADO; CARGO COMISSION.S/VINCULO;3491,80;;3491,80;392,90;3098,90;
ANDREY KAWAMURA FELIPE;CASA CIVIL;CONSULTOR TECNICO LEGISLATIVO III;NAO INFORMADO; CARGO COMISSION.S/VINCULO;5800,00;;5800,00;1029,63;4770,37;
ANDREZA RODRIGUES DA SILVA;CASA CIVIL;ASSESSOR I;; CARGO COMISSION.S/VINCULO;5529,77;;5529,77;986,40;4543,37;
ANGELA MARIA SOUZA DE BARROS;CASA CIVIL;ASSISTENTE TECNICO GOVERNAMENTAL;FG-3 DE ASSESSORIA; ESTATUTARIO;5795,02;;5795,02;594,43;5200,59;
ANGELO ROBERTO LOPES DA SILVA;CASA CIVIL;CONSULTOR TECNICO II;NAO INFORMADO; CARGO COMISSION.S/VINCULO;6800,00;;6800,00;1383,83;5416,17;
ANTONIA NIZALIA DA SILVA;CASA CIVIL;CONSULTOR TECNICO III;NAO INFORMADO; CARGO COMISSION.S/VINCULO;5800,00;;5800,00;1081,77;4718,23;
ANTONIA OCINEIDE BOM JESUS;CASA CIVIL;ASSESSOR I;NAO INFORMADO; CARGO COMISSION.S/VINCULO;5529,77;;5529,77;986,40;4543,37;
ANTONIO CARLOS CONCEICAO OLIVEIRA;CASA CIVIL;A.TEC-I;FG-1 CHEFE DE GAB; ESTATUTARIO;7290,26;;7290,26;1072,53;6217,73;
ANTONIO CARLOS FARIAS DO NASCIMENTO;CASA CIVIL;PROFESSOR PF20.LIC-V;ASSESSOR I; ESTATUTARIO;7461,81;;7461,81;860,87;6600,94;
ANTONIO DO NASCIMENTO P AMORIM;CASA CIVIL;ASSESSOR III;NAO INFORMADO; CARGO COMISSION.S/VINCULO;3491,80;;3491,80;422,40;3069,40;
ANTONIO ERIVELTO AQUINO DE OLIVEIRA;CASA CIVIL;ASSESSOR I;; CARGO COMISSION.S/VINCULO;5529,77;;5529,77;986,40;4543,37;
ANTONIO FERREIRA FALCAO;CASA CIVIL;MOT-I;; ESTATUTARIO;4414,26;;4414,26;364,22;4050,04;
ANTONIO FRANCISCO DA SILVA;CASA CIVIL;ASSISTENTE TECNICO;CONSULTOR TECNICO II; ESTATUTARIO;11135,80;;11135,80;2322,11;8813,69;
ANTONIO FRANCISCO SILVA CASTRO;CASA CIVIL;MOT-I;; ESTATUTARIO;3141,39;;3141,39;219,68;2921,71;
ANTONIO SANTINO DE SOUZA;CASA CIVIL;A.TEC-I;; ESTATUTARIO;6363,50;;6363,50;1079,71;5283,79;
AQUILA SENA COLARES;CASA CIVIL;ASSESSOR I;NAO INFORMADO; CARGO COMISSION.S/VINCULO;5529,77;;5529,77;986,40;4543,37;
ARABI AMED E SILVA;CASA CIVIL;ASSISTENTE SOCIAL;FG-2 ASSESSORIA; ESTATUTARIO;6291,90;;6291,90;998,89;5293,01;
ARLEDNEY CAVALCANTI MENDES;CASA CIVIL;ASSISTENTE TECNICO GOVERNAMENTAL;FG-2 ASSESSORIA; ESTATUTARIO;5795,02;;5795,02;646,57;5148,45;
ARLINDO JOSÉ LOPES PAIVA;CASA CIVIL;ASSESSOR I;NAO INFORMADO; CARGO COMISSION.S/VINCULO;5529,77;;5529,77;986,40;4543,37;
ARTHUR HARTMANN MALHEIROS;CASA CIVIL;CONSULTOR TECNICO III;NAO INFORMADO; CARGO COMISSION.S/VINCULO;5800,00;;5800,00;1081,77;4718,23;
ARY RENATO VASCONCELOS DE SOUZA;CASA CIVIL;SECRETARIO EXECUTIVO;NAO INFORMADO; CARGO COMISSION.S/VINCULO;12000,00;;12000,00;2813,83;9186,17;
ATHOS ILKER CORDEIRO VULCAO;CASA CIVIL;ASSESSOR III;NAO INFORMADO; CARGO COMISSION.S/VINCULO;3491,80;;3491,80;422,40;3069,40;
AUDRIA REGINA SOARES DE ALBUQUERQUE;CASA CIVIL;ESCRIVAO DE POL.4A.CL. PC-ESC-IV;ASSESSOR I; ESTATUTARIO;5300,00;;5300,00;453,50;4846,50;
AUGUSTO CESAR TEIXEIRA NASCIMENTO;CASA CIVIL;ASSISTENTE TECNICO GOVERNAMENTAL;FG-1 CHEFE DE SETOR; ESTATUTARIO;6295,02;;6295,02;784,07;5510,95;
AUXILIADORA BEZERRA FERREIRA;CASA CIVIL;COZINHEIRO GOVERNAMENTAL;; ESTATUTARIO;2888,04;;2888,04;194,23;2693,81;
AUZEMIR FERNANDES DE ARA JO;FUNDO DE PROMOCAO SOCIAL-FPS;ASSESSOR II;NAO INFORMADO; CARGO COMISSION.S/VINCULO;4509,79;;4509,79;670,28;3839,51;
AYDA MIRTES LUZEIRO LOPES CRUZ;CASA CIVIL;A.TEC-I;FG-2 ASSESSORIA; ESTATUTARIO;6343,86;;6343,86;899,26;5444,60;
AYLA KAROL DA SILVA ROSARIO FREIRE;FUNDO DE PROMOCAO SOCIAL-FPS;ASSESSOR TECNICO;NAO INFORMADO; CARGO COMISSION.S/VINCULO;7300,00;;7300,00;1521,33;5778,67;
AYRTON SENNA PONCE RAPOSO;CASA CIVIL;ASSESSOR I;NAO INFORMADO; CARGO COMISSION.S/VINCULO;5529,77;;5529,77;986,40;4543,37;
BARBARA MIRANDA MENDES;FUNDO DE PROMOCAO SOCIAL-FPS;ASSESSOR III;; CARGO COMISSION.S/VINCULO;3491,80;;3491,80;422,40;3069,40;
BEATRIZ ALBUQUERQUE DA SILVA;CASA CIVIL;ASSESSOR II;NAO INFORMADO; CARGO COMISSION.S/VINCULO;4509,79;;4509,79;670,28;3839,51;
BEATRIZ TOLEDO SILVA;CASA CIVIL;ASSESSOR II;NAO INFORMADO; CARGO COMISSION.S/VINCULO;4509,79;;4509,79;670,28;3839,51;
BELMIRA DOS SANTOS DE OLIVEIRA;CASA CIVIL;A.TEC-I;FG-1 CHEFE DE SETOR; ESTATUTARIO;7921,06;;7921,06;1472,08;6448,98;
BERLEI DE SA ARRUDA;CASA CIVIL;ASSESSOR I;; CARGO COMISSION.S/VINCULO;5529,77;;5529,77;986,40;4543,37;
BERNADETH FERREIRA GODINHO;CASA CIVIL;A.TEC-I;FG-1 ASSESSORIA; ESTATUTARIO;7045,33;;7045,33;1143,99;5901,34;
BIANCA ALMEIDA DE ALBUQUERQUE;CASA CIVIL;ASSESSOR II;NAO INFORMADO; CARGO COMISSION.S/VINCULO;4509,79;;4509,79;670,28;3839,51;
BRENA LUANA PINHEIRO DE OLIVEIRA;CASA CIVIL;ASSESSOR I;NAO INFORMADO; CARGO COMISSION.S/VINCULO;5529,77;;5529,77;943,74;4586,03;
BRENDA QUEIROZ LINS;CASA CIVIL;ASSESSOR II;NAO INFORMADO; CARGO COMISSION.S/VINCULO;4509,79;;4509,79;670,28;3839,51;
BRUNA ARAUJO MENDES;CASA CIVIL;ASSESSOR I;NAO INFORMADO; CARGO COMISSION.S/VINCULO;5529,77;;5529,77;986,40;4543,37;
BRUNO MARCEL VIEIRA ROCHA;CASA CIVIL;ASSESSOR I;NAO INFORMADO; CARGO COMISSION.S/VINCULO;5529,77;;5529,77;986,40;4543,37;
CAIO LUIZ GOMES CUNHA;CASA CIVIL;ASSESSOR I;NAO INFORMADO; CARGO COMISSION.S/VINCULO;5529,77;;5529,77;986,40;4543,37;
CAMILA BERTOLINI DE PAIVA;CASA CIVIL;ASSESSOR TECNICO;NAO INFORMADO; CARGO COMISSION.S/VINCULO;7300,00;;7300,00;1469,19;5830,81;
CANDIDA FERNANDES DE SOUZA;CASA CIVIL;TNS-III;FG-1 ASSESSORIA; ESTATUTARIO;6693,42;;6693,42;919,19;5774,23;
CANDIDO ALVIM PEREIRA SOARES JUNIOR;CASA CIVIL;ASSESSOR I;NAO INFORMADO; CARGO COMISSION.S/VINCULO;5529,77;;5529,77;986,40;4543,37;
CARLOS ALBERTO DE OLIVEIRA NAZARE;CASA CIVIL;ASSISTENTE TECNICO GOVERNAMENTAL;; ESTATUTARIO;3886,28;;3886,28;224,88;3661,40;
CARLOS ALBERTO GONCALVES DE MELO;CASA CIVIL;A.TEC-I;FG-2 GESTOR DE CONT.; ESTATUTARIO;6102,40;;6102,40;548,76;5553,64;
CARLOS ALBERTO SOUZA DE A FILHO;CASA CIVIL;SECRETARIO DE ESTADO;; DISP. OUTROS ESFERAS;28060,00;12043,16;16016,84;3535,27;12481,57;
CARLOS ANDRE LIUZZI GOMES;CASA CIVIL;CONSULTOR TECNICO II;NAO INFORMADO; CARGO COMISSION.S/VINCULO;6800,00;;6800,00;1042,93;5757,07;
CARLOS EDUARDO DOS SANTOS GOMES;CASA CIVIL;ASSESSOR I;NAO INFORMADO; CARGO COMISSION.S/VINCULO;5529,77;;5529,77;986,40;4543,37;
CARLOS EDUARDO GOMES LIMA FILHO;CASA CIVIL;ASSESSOR II;NAO INFORMADO; CARGO COMISSION.S/VINCULO;4509,79;;4509,79;670,28;3839,51;
CASSIUS CLEY CARNEIRO;CASA CIVIL;ASSESSOR I;; CARGO COMISSION.S/VINCULO;5529,77;;5529,77;786,36;4743,41;
CELIO VICTOR DOS SANTOS SOARES;FUNDO DE PROMOCAO SOCIAL-FPS;ASSESSOR IV;NAO INFORMADO; CARGO COMISSION.S/VINCULO;2875,61;;2875,61;264,79;2610,82;
CLAIR PANTOJA DO NASCIMENTO;CASA CIVIL;ASSESSOR I;NAO INFORMADO; CARGO COMISSION.S/VINCULO;5529,77;;5529,77;986,40;4543,37;
CLAUDEMIR CHAVES FEITOSA;CASA CIVIL;ASSESSOR II;NAO INFORMADO; CARGO COMISSION.S/VINCULO;4509,79;;4509,79;613,40;3896,39;
CLAUDIA AMED E SILVA;CASA CIVIL;ASSESSOR I;NAO INFORMADO; CARGO COMISSION.S/VINCULO;5529,77;;5529,77;986,40;4543,37;
CLEBE ARRUDA DA ROCHA;CASA CIVIL;ASSESSOR TECNICO;NAO INFORMADO; CARGO COMISSION.S/VINCULO;7300,00;;7300,00;1521,33;5778,67;
CLEBER BERNARDES FERREIRA FILHO;CASA CIVIL;CONSULTOR TECNICO LEGISLATIVO I;NAO INFORMADO; CARGO COMISSION.S/VINCULO;7800,00;;7800,00;1658,83;6141,17;
CLEONICE LIMA DOS REIS;CASA CIVIL;ASSISTENTE TECNICO GOVERNAMENTAL;; ESTATUTARIO;5285,46;;5285,46;559,53;4725,93;
CLISSYANNE BRAGA ARA JO;CASA CIVIL;CONSULTOR TECNICO I;NAO INFORMADO; CARGO COMISSION.S/VINCULO;10140,00;;10140,00;2277,58;7862,42;
COSMO VASCONCELOS DE CARVALHO;CASA CIVIL;A.TEC-I;; ESTATUTARIO;4212,11;;4212,11;241,88;3970,23;
CRISLENE DE VASCONCELOS F ARA JO;CASA CIVIL;ASSESSOR I;NAO INFORMADO; CARGO COMISSION.S/VINCULO;5529,77;;5529,77;943,74;4586,03;
CRISTINA LUCIANA MOREIRA R PARENTE;CASA CIVIL;ASSESSOR TECNICO;NAO INFORMADO; CARGO COMISSION.S/VINCULO;7300,00;;7300,00;1521,33;5778,67;
CYNTHIA ROCHA MENDONÇA;CASA CIVIL;ASSESSOR I;; DISP. OUTROS ESFERAS;7188,70;;7188,70;1000,28;6188,42;
DAIANE SILVA VASCONCELOS;CASA CIVIL;ASSESSOR I;NAO INFORMADO; CARGO COMISSION.S/VINCULO;5529,77;;5529,77;986,40;4543,37;
DAIANE VIEIRA DOS SANTOS;CASA CIVIL;ASSESSOR I;NAO INFORMADO; CARGO COMISSION.S/VINCULO;5529,77;;5529,77;943,74;4586,03;
DALTON DAS NEVES PICANCO;CASA CIVIL;TECNICO GOVERNAMENTAL;TEC IV SUP 3 CLASSE; ESTATUTARIO;3404,64;;3404,64;372,25;3032,39;
DANIEL COSTA DE MELO;CASA CIVIL;ASSESSOR I;; CARGO COMISSION.S/VINCULO;5529,77;;5529,77;986,40;4543,37;
DANIEL GOMES PINHO;CASA CIVIL;ASSESSOR II;NAO INFORMADO; CARGO COMISSION.S/VINCULO;4509,79;;4509,79;670,28;3839,51;
DANIEL MOREIRA DA COSTA;CASA CIVIL;CONSULTOR TECNICO II;NAO INFORMADO; CARGO COMISSION.S/VINCULO;6800,00;;6800,00;1227,42;5572,58;
DANIELA BARRONCAS HOLANDA DIAS;CASA CIVIL;ASSESSOR TECNICO;; CARGO COMISSION.S/VINCULO;7300,00;;7300,00;1469,19;5830,81;
DANIELA TOILZA NUNES;CASA CIVIL;ASSESSOR II;; CARGO COMISSION.S/VINCULO;4509,79;;4509,79;641,84;3867,95;
DANIELE COSTA DE PINHO;CASA CIVIL;ASSESSOR I;NAO INFORMADO; CARGO COMISSION.S/VINCULO;11059,54;;11059,54;4931,34;6128,20;
DANIELLE FERNANDES AMORIM;CASA CIVIL;CONSULTOR TECNICO II;; CARGO COMISSION.S/VINCULO;6800,00;;6800,00;1383,83;5416,17;
DANILO GONCALVES DE SOUZA JUNIOR;CASA CIVIL;A.TEC-I;FG-3 DE ASSESSORIA; ESTATUTARIO;7538,86;;7538,86;779,74;6759,12;
DAVI MARQUES LITAIFF;CASA CIVIL;ASSESSOR I;; CARGO COMISSION.S/VINCULO;5529,77;;5529,77;986,40;4543,37;
DAVID LOHAN CARDOSO;CASA CIVIL;ASSESSOR II;NAO INFORMADO; CARGO COMISSION.S/VINCULO;4509,79;;4509,79;670,28;3839,51;
DAVID MOURAO CORREA;CASA CIVIL;MOT-I;; ESTATUTARIO;2841,39;;2841,39;176,86;2664,53;
DAVID PINTO DE BARROS;CASA CIVIL;ASSESSOR III;NAO INFORMADO; CARGO COMISSION.S/VINCULO;3491,80;;3491,80;407,12;3084,68;
DERMILSON DE SOUZA ARAUJO;CASA CIVIL;A.TEC-II;FG-2 GESTOR DE CONT.; ESTATUTARIO;6325,00;;6325,00;456,08;5868,92;
DIEGO BATISTA DE OLIVEIRA;CASA CIVIL;ASSESSOR I;ASSESSOR I AD-1; CARGO COMISSION.S/VINCULO;5529,77;;5529,77;986,40;4543,37;
DIEGO BEZERRA PERES;CASA CIVIL;ASSESSOR I;NAO INFORMADO; CARGO COMISSION.S/VINCULO;5529,77;;5529,77;986,40;4543,37;
DIEGO DE SOUZA ANDRADE;CASA CIVIL;CONSULTOR TECNICO II;; CARGO COMISSION.S/VINCULO;6800,00;;6800,00;1383,83;5416,17;
DIEGO HENRIQUE SANTOS DOS ANJOS;CASA CIVIL;ASSESSOR I;NAO INFORMADO; CARGO COMISSION.S/VINCULO;5529,77;;5529,77;986,40;4543,37;
DILENE MARIA DA COSTA GONCALVES;CASA CIVIL;ASSESSOR I;ASSESSOR I AD 1; CARGO COMISSION.S/VINCULO;5529,77;;5529,77;986,40;4543,37;
DJALMA MARTINS DA COSTA JUNIOR;CASA CIVIL;SECRETARIO EXECUTIVO ADJUNTO;NAO INFORMADO; CARGO COMISSION.S/VINCULO;9300,00;;9300,00;2071,33;7228,67;
DOUGLAS MARTINS BENAION;CASA CIVIL;A.TEC-I;FG-2 ASSESSORIA; ESTATUTARIO;6355,20;;6355,20;747,92;5607,28;
EDBERG MEDEIROS SOARES;CASA CIVIL;ASSESSOR I;; CARGO COMISSION.S/VINCULO;5300,00;;5300,00;915,12;4384,88;
EDIANE SALES VENÂNCIO;FUNDO DE PROMOCAO SOCIAL-FPS;SECRETARIO EXECUTIVO ADJUNTO;NAO INFORMADO; CARGO COMISSION.S/VINCULO;9300,00;;9300,00;2019,19;7280,81;
EDIMIRK DE VASCONCELOS COSTA;CASA CIVIL;ASSESSOR I;NAO INFORMADO; CARGO COMISSION.S/VINCULO;5529,77;;5529,77;943,74;4586,03;
EDISSANDRA OLIVEIRA GUIMARAES;CASA CIVIL;AGENTE PREVIDENCIARIO;CONSULTOR TECNICO II; ESTATUTARIO;5300,00;;5300,00;857,13;4442,87;
EDLEUSA RAMOS DA COSTA;CASA CIVIL;CONSULTOR TECNICO II;NAO INFORMADO; CARGO COMISSION.S/VINCULO;6800,00;;6800,00;1383,83;5416,17;
EDNA MACHADO MELLO;CASA CIVIL;A.TEC-I;CHEFE DE GABINETE; ESTATUTARIO;6993,20;;6993,20;1298,34;5694,86;
EDNELZA COSTA DE LIMA;CASA CIVIL;ASSESSOR IV;NAO INFORMADO; CARGO COMISSION.S/VINCULO;2875,61;;2875,61;264,79;2610,82;
EDSON BRANDAO DO NASCIMENTO;CASA CIVIL;REDATOR GOVERNAMENTAL;FG-1 CHEFE DE SETOR; ESTATUTARIO;6312,51;;6312,51;738,14;5574,37;
EDUARDO GONCALVES DE A JUNIOR;CASA CIVIL;MOT-I;; ESTATUTARIO;3318,25;;3318,25;218,73;3099,52;
ELIDIANE PAES BONFIM;CASA CIVIL;ASSESSOR I;NAO INFORMADO; CARGO COMISSION.S/VINCULO;5529,77;;5529,77;986,40;4543,37;
ELIETE DE OLIVEIRA CARDOSO;CASA CIVIL;ASSESSOR I;NAO INFORMADO; CARGO COMISSION.S/VINCULO;5529,77;;5529,77;986,40;4543,37;
ELINELSON FERREIRA COLARES;CASA CIVIL;CONSULTOR TECNICO II;; CARGO COMISSION.S/VINCULO;6800,00;;6800,00;1383,83;5416,17;
ELISANDRA CESAR DE QUEIROZ;FUNDO DE PROMOCAO SOCIAL-FPS;CHEFE DE GABINETE;NAO INFORMADO; CARGO COMISSION.S/VINCULO;5529,77;;5529,77;986,40;4543,37;
ELISANGELA GARCIA ARAUJO;CASA CIVIL;ASSESSOR I;NAO INFORMADO; CARGO COMISSION.S/VINCULO;11059,54;;11059,54;2472,70;8586,84;
ELIZA CATARINA DE MELO BERNARDO;CASA CIVIL;ASSISTENTE TECNICO GOVERNAMENTAL;FG-3 ASSESSORIA; ESTATUTARIO;5135,02;;5135,02;525,68;4609,34;
ELIZABETH AMORIM CARPINTEIRO PERES;FUNDO DE PROMOCAO SOCIAL-FPS;ASSESSOR II;NAO INFORMADO; CARGO COMISSION.S/VINCULO;4509,79;;4509,79;670,28;3839,51;
ELIZABETH SOARES RAPOSO;CASA CIVIL;A.TEC-I;ASSESSOR I; ESTATUTARIO;6288,23;;6288,23;804,98;5483,25;
ELIZAMARA MOREIRA DOS S AZEVEDO;CASA CIVIL;ASSESSOR III;; CARGO COMISSION.S/VINCULO;3491,80;;3491,80;422,40;3069,40;
ELSO SIMOES DE OLIVEIRA;CASA CIVIL;ASSESSOR I;NAO INFORMADO; CARGO COMISSION.S/VINCULO;5529,77;;5529,77;986,40;4543,37;
ELY FELETE BARBOSA DE SOUZA;CASA CIVIL;ASSESSOR I;NAO INFORMADO; CARGO COMISSION.S/VINCULO;5529,77;;5529,77;986,40;4543,37;
EMERSON DA SILVA CASTRO;FUNDO DE PROMOCAO SOCIAL-FPS;ASSESSOR TECNICO;; CARGO COMISSION.S/VINCULO;7300,00;;7300,00;1521,33;5778,67;
EMERSON LIMA DO CARMO;CASA CIVIL;CONSULTOR TECNICO III;NAO INFORMADO; CARGO COMISSION.S/VINCULO;5800,00;;5800,00;1081,77;4718,23;
ERILANE RODRIGUES DA SILVA;FUNDO DE PROMOCAO SOCIAL-FPS;ASSESSOR TECNICO;NAO INFORMADO; CARGO COMISSION.S/VINCULO;7300,00;;7300,00;1417,05;5882,95;
ERISANGELA MATOS MEIRELES;FUNDO DE PROMOCAO SOCIAL-FPS;SECRETARIO EXECUTIVO ADJUNTO;NAO INFORMADO; CARGO COMISSION.S/VINCULO;9300,00;;9300,00;2071,33;7228,67;
ERLEN CRUZ DO AMARAL;CASA CIVIL;ASSESSOR I;NAO INFORMADO; CARGO COMISSION.S/VINCULO;5529,77;;5529,77;986,40;4543,37;
ESTANISLAU GASPAR FERNANDES;CASA CIVIL;A.TEC-I;FG-1 ASSESSORIA; ESTATUTARIO;6944,28;;6944,28;1004,67;5939,61;
ETELVINA DE CASSIA PERES VICTORIA;CASA CIVIL;A.TEC-I;FG-2 DE ASSESSORIA; ESTATUTARIO;5910,34;;5910,34;746,51;5163,83;
ETHEL MARINHO IRIGARAY;FUNDO DE PROMOCAO SOCIAL-FPS;ASSESSOR TECNICO;NAO INFORMADO; CARGO COMISSION.S/VINCULO;7300,00;;7300,00;1521,33;5778,67;
EVANILDO PINTO ALMEIDA;CASA CIVIL;MOT-I;; ESTATUTARIO;4146,13;;4146,13;373,27;3772,86;
EWERTON RIBEIRO TEXEIRA;CASA CIVIL;ASSESSOR III;NAO INFORMADO; CARGO COMISSION.S/VINCULO;3491,80;;3491,80;422,40;3069,40;
FABÍOLA PINHEIRO VIEIRA BARRETO;CASA CIVIL;ASSESSOR I;NAO INFORMADO; CARGO COMISSION.S/VINCULO;5529,77;;5529,77;986,40;4543,37;
FABIANO DOMINGOS FIORI;CASA CIVIL;TNS-I;TEC NIVEL SUPERIOR; ESTATUTARIO;5022,98;;5022,98;704,32;4318,66;
FABIOLA XAVIER DESTERRO E SILVA;CASA CIVIL;PROFESSOR PF40.LPL-IV;CHEF.ADJ.CONS.T-LEGI; ESTATUTARIO;12749,50;;12749,50;2901,13;9848,37;
FABRICIO ROGERIO CYRINO BARBOSA;CASA CIVIL;SECRETARIO EXECUTIVO;NAO INFORMADO; CARGO COMISSION.S/VINCULO;9900,00;;9900,00;1856,77;8043,23;
FATIMA MARIA DE CASTRO PERDIGÃO;CASA CIVIL;ASSESSOR I;NAO INFORMADO; CARGO COMISSION.S/VINCULO;5529,77;;5529,77;986,40;4543,37;
FERNANDA SANTOS SILVA;CASA CIVIL;CONSULTOR TECNICO III;NAO INFORMADO; CARGO COMISSION.S/VINCULO;5800,00;;5800,00;1029,63;4770,37;
FERNANDO DE ALENCAR TAVARES;CASA CIVIL;CONSULTOR TECNICO III;NAO INFORMADO; CARGO COMISSION.S/VINCULO;5800,00;;5800,00;1081,77;4718,23;
FLAVIA SOUZA DOS SANTOS;CASA CIVIL;ASSESSOR II;NAO INFORMADO; CARGO COMISSION.S/VINCULO;4509,79;;4509,79;670,28;3839,51;
FRANCISCA EVANILDE COSTA DA SILVA;CASA CIVIL;ASSESSOR II;ASSESSOR II AD-2; CARGO COMISSION.S/VINCULO;4509,79;;4509,79;670,28;3839,51;
FRANCISCA HELENA DE SOUZA DA SILVA;CASA CIVIL;ASSESSOR TECNICO;; CARGO COMISSION.S/VINCULO;7300,00;;7300,00;1469,19;5830,81;
FRANCISCO ALEXANDRE CORREA DE MELO;FUNDO DE PROMOCAO SOCIAL-FPS;ASSESSOR TECNICO;NAO INFORMADO; CARGO COMISSION.S/VINCULO;7300,00;;7300,00;1521,33;5778,67;
FRANCISCO ALEXANDRE DOS ANJOS COSTA;CASA CIVIL;OPERADOR DE AUDIO DE TV;OP.DE AUDIO DE TV; ESTATUTARIO;4557,75;;4557,75;480,24;4077,51;
FRANCISCO CAVALCANTE DE LIMA;CASA CIVIL;ASSESSOR I;NAO INFORMADO; CARGO COMISSION.S/VINCULO;5529,77;;5529,77;986,40;4543,37;
FRANCISCO DAS CHAGAS DA SILVA;CASA CIVIL;SUB-TENENTE;ASSESSOR I; ESTATUTARIO;5000,00;;5000,00;453,50;4546,50;
FRANCISCO FERREIRA ALVES NETO;FUNDO DE PROMOCAO SOCIAL-FPS;ASSESSOR II;NAO INFORMADO; CARGO COMISSION.S/VINCULO;4509,79;;4509,79;670,28;3839,51;
FRANCISCO PEREIRA DE SOUZA;FUNDO DE PROMOCAO SOCIAL-FPS;ASSESSOR I;NAO INFORMADO; CARGO COMISSION.S/VINCULO;5529,77;;5529,77;986,40;4543,37;
FRANCISCO PEREIRA GOMES;CASA CIVIL;MOT-I;; ESTATUTARIO;3141,39;;3141,39;176,86;2964,53;
FRANCISCO RICARDO PEREIRA FERNANDES;CASA CIVIL;CHEFE ADJUNTO DA CTL;; CARGO COMISSION.S/VINCULO;8400,00;;8400,00;1823,83;6576,17;
FRANCISCO SOARES DE MOURA;CASA CIVIL;MOT-I;FG-3 DE ASSESSORIA; ESTATUTARIO;6223,95;;6223,95;680,10;5543,85;
GABRIEL DE OLIVEIRA RIBEIRO;CASA CIVIL;ASSESSOR I;NAO INFORMADO; CARGO COMISSION.S/VINCULO;5529,77;;5529,77;986,40;4543,37;
GABRIEL RAIKER ABRAHIM;CASA CIVIL;ASSESSOR II;NAO INFORMADO; CARGO COMISSION.S/VINCULO;4509,79;;4509,79;670,28;3839,51;
GABRIELA BRAGA MATOS DE PAULO;CASA CIVIL;ASSESSOR II;NAO INFORMADO; CARGO COMISSION.S/VINCULO;4509,79;;4509,79;670,28;3839,51;
GEANE NASCIMENTO DA COSTA PINTO;CASA CIVIL;ASSESSOR I;NAO INFORMADO; CARGO COMISSION.S/VINCULO;5529,77;;5529,77;986,40;4543,37;
GEISON MAICON OLIVEIRA DE ASSIS;CASA CIVIL;ASSESSOR TECNICO;NAO INFORMADO; CARGO COMISSION.S/VINCULO;7300,00;;7300,00;1521,33;5778,67;
GERALDO ALBANO DE SOUZA;CASA CIVIL;TNS-III;TEC.NIVEL SUPERIOR; ESTATUTARIO;6361,58;;6361,58;923,16;5438,42;
GERBERSON OLIVEIRA LIMA;CASA CIVIL;ASSESSOR TECNICO;NAO INFORMADO; CARGO COMISSION.S/VINCULO;7300,00;;7300,00;1521,33;5778,67;
GILBERTO DOS SANTOS CARNEIRO;CASA CIVIL;MOT-I;; ESTATUTARIO;4127,62;;4127,62;177,13;3950,49;
GILDENI DE CASTRO UCHOA;CASA CIVIL;ASSESSOR II;NAO INFORMADO; CARGO COMISSION.S/VINCULO;4509,79;;4509,79;670,28;3839,51;
GILDO DA COSTA;CASA CIVIL;ASSESSOR I;NAO INFORMADO; CARGO COMISSION.S/VINCULO;5529,77;;5529,77;986,40;4543,37;
GILVANEY ACOSTA ALMEIDA;FUNDO DE PROMOCAO SOCIAL-FPS;ASSESSOR TECNICO;NAO INFORMADO; CARGO COMISSION.S/VINCULO;7300,00;;7300,00;1521,33;5778,67;
GIMES GAMA DA SILVA;CASA CIVIL;ASSESSOR III;NAO INFORMADO; CARGO COMISSION.S/VINCULO;3491,80;;3491,80;422,40;3069,40;
GIRLANDIA BARROS TRINDADE;FUNDO DE PROMOCAO SOCIAL-FPS;ASSESSOR III;NAO INFORMADO; CARGO COMISSION.S/VINCULO;3491,80;;3491,80;422,40;3069,40;
GIULIA REGINA MARTINS VIEIRA;CASA CIVIL;ASSESSOR I;ASSESSOR I AD-1; CARGO COMISSION.S/VINCULO;5529,77;;5529,77;986,40;4543,37;
GLAURACY BENEVIDES CORREA;CASA CIVIL;ASSESSOR II;ASSESSOR II AD-2; CARGO COMISSION.S/VINCULO;4509,79;;4509,79;670,28;3839,51;
GLEICIANE MARTINS MOREIRA;FUNDO DE PROMOCAO SOCIAL-FPS;ASSESSOR I;; CARGO COMISSION.S/VINCULO;5529,77;;5529,77;986,40;4543,37;
GLEUCIMAR DA SILVA LIMA;CASA CIVIL;CONSULTOR TECNICO III;NAO INFORMADO; CARGO COMISSION.S/VINCULO;5800,00;;5800,00;1081,77;4718,23;
GUSTAVO TALYSON LEITE SEMEAO;CASA CIVIL;ASSESSOR III;NAO INFORMADO; CARGO COMISSION.S/VINCULO;3491,80;;3491,80;422,40;3069,40;
HAMIDA ISSA YACUB;CASA CIVIL;CONSULTOR TECNICO III;CONSULTOR TEC. III; CARGO COMISSION.S/VINCULO;5800,00;;5800,00;1081,77;4718,23;
HELLEN ROBERTA D`ALMEIDA DO MONTE;CASA CIVIL;CONSULTOR TECNICO II;NAO INFORMADO; CARGO COMISSION.S/VINCULO;6800,00;;6800,00;1383,83;5416,17;
HENRIQUE CICERO DE SENA RAIOL;FUNDO DE PROMOCAO SOCIAL-FPS;ASSESSOR IV;NAO INFORMADO; CARGO COMISSION.S/VINCULO;2875,61;;2875,61;264,79;2610,82;
HENRIQUE VIDAL ISRAEL DOS SANTOS;CASA CIVIL;CONSULTOR TECNICO LEGISLATIVO II;NAO INFORMADO; CARGO COMISSION.S/VINCULO;13373,33;;13373,33;3111,75;10261,58;
HERON DE SOUZA MOREIRA;CASA CIVIL;ASSESSOR II;NAO INFORMADO; CARGO COMISSION.S/VINCULO;4509,79;;4509,79;670,28;3839,51;
HESTON SILVA DE QUEIROZ;CASA CIVIL;A.TEC-II;FG-2 GESTO DE CONT.; ESTATUTARIO;5833,19;;5833,19;715,57;5117,62;
HILDENE BEZERRA BORGES;CASA CIVIL;CONSULTOR TECNICO III;NAO INFORMADO; CARGO COMISSION.S/VINCULO;5800,00;;5800,00;1081,77;4718,23;
ILNAH MARIA LIMA MONTEIRO DE CASTRO;CASA CIVIL;CONSULTOR TECNICO LEGISLATIVO II;NAO INFORMADO; CARGO COMISSION.S/VINCULO;6800,00;;6800,00;1331,69;5468,31;
INGRID QUEIROZ CASSIO;CASA CIVIL;ASSESSOR I;; CARGO COMISSION.S/VINCULO;5229,77;;5229,77;986,40;4243,37;
IVA DA COSTA FERREIRA;CASA CIVIL;A.TEC-I;; ESTATUTARIO;4866,73;;4866,73;492,38;4374,35;
IVANETE RAMOS DE PAULA;CASA CIVIL;TNS-II;FG-3 DE ASSESSORIA; ESTATUTARIO;7802,07;;7802,07;1401,81;6400,26;
IVANILDE LIMA MACHADO VIANA;FUNDO DE PROMOCAO SOCIAL-FPS;ASSESSOR II;NAO INFORMADO; CARGO COMISSION.S/VINCULO;4509,79;;4509,79;670,28;3839,51;
IZOLDA BRANDAO ARMELAU;CASA CIVIL;REDATOR GOVERNAMENTAL;; ESTATUTARIO;4055,18;;4055,18;308,74;3746,44;
JACKSON DA SILVA BRAGA;CASA CIVIL;A.TEC-II;; ESTATUTARIO;3676,05;;3676,05;251,81;3424,24;
JAIME BARBOSA REZENDE;CASA CIVIL;AUX.O-I;FG-2 CHEFE DE SETOR; ESTATUTARIO;6435,28;;6435,28;613,20;5822,08;
JANAINA PITALUGA MORENO;CASA CIVIL;ASSESSOR I;ASSESSOR I AD 1; CARGO COMISSION.S/VINCULO;5529,77;;5529,77;901,09;4628,68;
JANE KELLY VASQUES DE OLIVEIRA;CASA CIVIL;ASSESSOR I;NAO INFORMADO; CARGO COMISSION.S/VINCULO;5529,77;;5529,77;986,40;4543,37;
JANIO DE SOUZA ALVES;CASA CIVIL;ASSESSOR I;NAO INFORMADO; CARGO COMISSION.S/VINCULO;5529,77;;5529,77;986,40;4543,37;
JANIO TORRES BARROS;CASA CIVIL;ASSISTENTE TECNICO GOVERNAMENTAL;FG-2 GESTOR DE CONT.; ESTATUTARIO;5803,77;;5803,77;597,54;5206,23;
JASON MILLER FIGUEIREDO DA COSTA;CASA CIVIL;ASSESSOR TECNICO;NAO INFORMADO; CARGO COMISSION.S/VINCULO;7300,00;;7300,00;1469,19;5830,81;
JAYLENE BRANDAO PAULA;CASA CIVIL;ASSISTENTE TECNICO GOVERNAMENTAL;FG-2 ASSESSORIA; ESTATUTARIO;5795,02;;5795,02;750,84;5044,18;
JENNIFER LIMA DE ARAUJO PEREIRA;CASA CIVIL;INVEST.DE POL. 4A.CL. PC-INV.IV;ASSESSOR I, AD-1; ESTATUTARIO;5000,00;;5000,00;453,50;4546,50;
JESSICA OLIVEIRA AQUINO DE SOUSA;CASA CIVIL;ASSESSOR I;NAO INFORMADO; CARGO COMISSION.S/VINCULO;5529,77;;5529,77;986,40;4543,37;
JHENNY KELLY GOMES DE MORAES;FUNDO DE PROMOCAO SOCIAL-FPS;ASSESSOR III;NAO INFORMADO; CARGO COMISSION.S/VINCULO;3491,80;;3491,80;422,40;3069,40;
JOÃO VICTOR LIMA CORDEIRO;CASA CIVIL;ASSESSOR III;NAO INFORMADO; CARGO COMISSION.S/VINCULO;3491,80;;3491,80;422,40;3069,40;
JOANA VITA MORAES DE SOUZA MORILLAS;CASA CIVIL;TNS-I;FG-1 ASSESSORIA; ESTATUTARIO;11446,55;;11446,55;2639,40;8807,15;
JOAO DANILO PINTO;CASA CIVIL;MOT-I;; ESTATUTARIO;4323,95;;4323,95;314,62;4009,33;
JOAO LUIZ SOUZA AZEVEDO;CASA CIVIL;SECRETARIO EXECUTIVO ADJUNTO;NAO INFORMADO; CARGO COMISSION.S/VINCULO;9300,00;;9300,00;2071,33;7228,67;
JOAO MARIA OLIVEIRA CORDEIRO;CASA CIVIL;SARGENTO 2;ASSESSOR II; ESTATUTARIO;4300,00;;4300,00;221,21;4078,79;
JOAO MATHIAS DE AGUIAR;CASA CIVIL;ASSESSOR III;ASSESSOR III AD-3; CARGO COMISSION.S/VINCULO;3491,80;;3491,80;422,40;3069,40;
JOAO SILVA MARQUES;CASA CIVIL;ASSESSOR II;NAO INFORMADO; CARGO COMISSION.S/VINCULO;4509,79;;4509,79;670,28;3839,51;
JOAQUIM MARQUES DOS SANTOS NETO;CASA CIVIL;ASSESSOR I;NAO INFORMADO; CARGO COMISSION.S/VINCULO;5529,77;;5529,77;986,40;4543,37;
JOCIMAR DUARTE DA ROCHA;CASA CIVIL;A.TEC-I;FG-1 CHEFE DE SETOR; ESTATUTARIO;9927,82;;9927,82;1935,22;7992,60;
JOEBER BELEM TEIXEIRA;CASA CIVIL;CONSULTOR TECNICO III;NAO INFORMADO; CARGO COMISSION.S/VINCULO;5800,00;;5800,00;984,93;4815,07;
JOEL JUNIOR BENICIO DE LIMA;CASA CIVIL;ASSESSOR I;; CARGO COMISSION.S/VINCULO;5529,77;;5529,77;986,40;4543,37;
JORGE DO NASCIMENTO GOMES;CASA CIVIL;A.TEC-I;ASSESSOR I; ESTATUTARIO;6195,57;;6195,57;823,72;5371,85;
JORGE GUEDES LOBO JUNIOR;CASA CIVIL;ASSESSOR I;; CARGO COMISSION.S/VINCULO;5529,77;;5529,77;986,40;4543,37;
JORGE HELENO MELO CAVALCANTE;CASA CIVIL;ASSESSOR II;; CARGO COMISSION.S/VINCULO;4509,79;;4509,79;670,28;3839,51;
JOSE AGAPITO DA SILVEIRA;CASA CIVIL;A.TEC-II;; ESTATUTARIO;4141,37;;4141,37;227,13;3914,24;
JOSE ALBUQUERQUE CAVALCANTI FILHO;CASA CIVIL;ASSESSOR I;; CARGO COMISSION.S/VINCULO;5529,77;;5529,77;986,40;4543,37;
JOSE AMERICO MORAES DA COSTA;CASA CIVIL;ASSESSOR III;NAO INFORMADO; CARGO COMISSION.S/VINCULO;3491,80;;3491,80;422,40;3069,40;
JOSE CARLOS FERREIRA DO NASCIMENTO;CASA CIVIL;ASSESSOR III;NAO INFORMADO; CARGO COMISSION.S/VINCULO;3491,80;;3491,80;422,40;3069,40;
JOSE CARLOS RABELO;FUNDO DE PROMOCAO SOCIAL-FPS;ASSESSOR II;; CARGO COMISSION.S/VINCULO;4509,79;;4509,79;670,28;3839,51;
JOSE DE AQUINO FREIRE;CASA CIVIL;A.TEC-I;FG-2 DE ASSESSORIA; ESTATUTARIO;9187,58;;9187,58;1870,81;7316,77;
JOSE FRANCISCO SANTOS SILVA;CASA CIVIL;ASSESSOR I;NAO INFORMADO; CARGO COMISSION.S/VINCULO;5529,77;;5529,77;986,40;4543,37;
JOSEFA SELANE SABINO DE SOUZA;CASA CIVIL;ASSISTENTE TECNICO GOVERNAMENTAL;FG-3 DE ASSESSORIA; ESTATUTARIO;5135,02;;5135,02;483,03;4651,99;
JOYCIANE RODRIGUES MENDES;CASA CIVIL;ASSESSOR I;NAO INFORMADO; CARGO COMISSION.S/VINCULO;5529,77;;5529,77;986,40;4543,37;
JULIETA BARROS BRANDAO C PEREIRA;CASA CIVIL;PROFESSOR;CONSULTOR TECNICO LE; ESTATUTARIO;8376,54;;8376,54;1517,29;6859,25;
JULIO CESAR SILVA CAMPOS;CASA CIVIL;ASSESSOR TECNICO;NAO INFORMADO; CARGO COMISSION.S/VINCULO;7300,00;;7300,00;1521,33;5778,67;
JULIO CONCEIÇÃO BRASIL DA SILVA;CASA CIVIL;ASSESSOR II;NAO INFORMADO; CARGO COMISSION.S/VINCULO;4509,79;;4509,79;670,28;3839,51;
JURACEMA LIMA DE MEDEIROS;CASA CIVIL;REPRESENTANTE;ASSESSOR I AD-1; ESTATUTARIO;5398,91;;5398,91;662,96;4735,95;
JUSSARA SHAENE SOUZA DOS SANTOS;CASA CIVIL;ASSESSOR I;; CARGO COMISSION.S/VINCULO;5529,77;;5529,77;943,74;4586,03;
KARILENA MESQUITA VIANA;FUNDO DE PROMOCAO SOCIAL-FPS;ASSESSOR II;NAO INFORMADO; CARGO COMISSION.S/VINCULO;4509,79;;4509,79;670,28;3839,51;
KATHELEN DE OLIVEIRA BRAZ SANTOS;FUNDO DE PROMOCAO SOCIAL-FPS;SECRETARIO EXECUTIVO;NAO INFORMADO; CARGO COMISSION.S/VINCULO;12000,00;;12000,00;2813,83;9186,17;
KATIA REGINA BARBOSA DE M CARVALHO;FUNDO DE PROMOCAO SOCIAL-FPS;TEC.DE NIVEL SUPERIOR 2A CLASSE;ASSESSOR I AD-1; ESTATUTARIO;4917,52;;4917,52;562,64;4354,88;
KATIA REGINA DE OLIVEIRA ALVES;CASA CIVIL;ASSISTENTE TECNICO GOVERNAMENTAL;FG-2 DE ASSESSORIA; ESTATUTARIO;5795,02;;5795,02;750,84;5044,18;
KEILA OLIVEIRA DE FREITAS;FUNDO DE PROMOCAO SOCIAL-FPS;ASSESSOR TECNICO;NAO INFORMADO; CARGO COMISSION.S/VINCULO;7300,00;;7300,00;1521,33;5778,67;
KEILA REGINA CHAPARRO LOBATO;CASA CIVIL;ASSISTENTE TECNICO GOVERNAMENTAL;FG-2 DE ASSESSORIA; ESTATUTARIO;5795,02;;5795,02;750,84;5044,18;
KEITY ANNY PRADO TAUMARTUGO;CASA CIVIL;ASSESSOR I;NAO INFORMADO; CARGO COMISSION.S/VINCULO;5529,77;;5529,77;986,40;4543,37;
KELLEN CRISTINA AGUIAR DE OLIVEIRA;CASA CIVIL;ASSESSOR III;NAO INFORMADO; CARGO COMISSION.S/VINCULO;3491,80;;3491,80;422,40;3069,40;
KELLY MOTA DE LIMA;FUNDO DE PROMOCAO SOCIAL-FPS;ASSESSOR III;NAO INFORMADO; CARGO COMISSION.S/VINCULO;3491,80;;3491,80;378,69;3113,11;
LACY DE SOUZA BRITO;CASA CIVIL;ASSESSOR I;NAO INFORMADO; CARGO COMISSION.S/VINCULO;8478,98;;8478,98;1801,55;6677,43;
LAERCIO REINALDO DE SOUZA;CASA CIVIL;ASSESSOR III;NAO INFORMADO; CARGO COMISSION.S/VINCULO;3491,80;;3491,80;422,40;3069,40;
LAFAYETTE CARNEIRO VIEIRA NETO;CASA CIVIL;CONSULTOR TECNICO I;; CARGO COMISSION.S/VINCULO;7800,00;;7800,00;1658,83;6141,17;
LAISA MAIDA PINTO LIMA;FUNDO DE PROMOCAO SOCIAL-FPS;ASSESSOR III;NAO INFORMADO; CARGO COMISSION.S/VINCULO;3491,80;;3491,80;422,40;3069,40;
LARISSA CORREA DA SILVEIRA;FUNDO DE PROMOCAO SOCIAL-FPS;ASSESSOR II;NAO INFORMADO; CARGO COMISSION.S/VINCULO;4509,79;;4509,79;641,84;3867,95;
LARISSA COSTA DOS ANJOS;CASA CIVIL;ASSESSOR I;; CARGO COMISSION.S/VINCULO;5529,77;;5529,77;986,40;4543,37;
LARISSA NAGYLA ABREU SILVA;FUNDO DE PROMOCAO SOCIAL-FPS;ASSESSOR II;NAO INFORMADO; CARGO COMISSION.S/VINCULO;4509,79;;4509,79;670,28;3839,51;
LAUDETE LUCIA LAGO OSMARI;CASA CIVIL;CONSULTOR TECNICO III;NAO INFORMADO; CARGO COMISSION.S/VINCULO;5800,00;;5800,00;1081,77;4718,23;
LEANDRO RABELO DE OLIVEIRA;CASA CIVIL;ASSESSOR I;NAO INFORMADO; CARGO COMISSION.S/VINCULO;5529,77;;5529,77;986,40;4543,37;
LEIA MIRANDA DIAS;CASA CIVIL;ASSESSOR III;NAO INFORMADO; CARGO COMISSION.S/VINCULO;3491,80;;3491,80;422,40;3069,40;
LEONARDO WILSON FEITOSA MEIRELLES;CASA CIVIL;ASSESSOR II;NAO INFORMADO; CARGO COMISSION.S/VINCULO;4509,79;;4509,79;670,28;3839,51;
LISCIANE VIDEIRA ZEFERINO;CASA CIVIL;ASSESSOR I;NAO INFORMADO; CARGO COMISSION.S/VINCULO;5529,77;;5529,77;986,40;4543,37;
LIVIA MARIA MONTEIRO LINS LIMA;CASA CIVIL;CONSULTOR TEC.LEGISLATIVO IV- AD-1;NAO INFORMADO; CARGO COMISSION.S/VINCULO;5529,77;;5529,77;986,40;4543,37;
LIVIA MARIA RODRIGUES DE O AMORIM;CASA CIVIL;ASSESSOR II;NAO INFORMADO; CARGO COMISSION.S/VINCULO;4509,79;;4509,79;670,28;3839,51;
LOURENÇO DOS SANTOS P B JUNIOR;CASA CIVIL;CHEFE DA CONSULT.TEC.LEGISLATIVO;; CARGO COMISSION.S/VINCULO;12000,00;;12000,00;2813,83;9186,17;
LUANA DO NASCIMENTO JUCA;CASA CIVIL;CONSULTOR TECNICO II;NAO INFORMADO; CARGO COMISSION.S/VINCULO;6800,00;;6800,00;1383,83;5416,17;
LUANA SIQUEIRA DA SILVA;CASA CIVIL;ASSESSOR I;NAO INFORMADO; CARGO COMISSION.S/VINCULO;5529,77;;5529,77;986,40;4543,37;
LUCIA CARLA DA GAMA RODRIGUES;CASA CIVIL;SEC.DO GAB.PESSOAL DO GOVERNADOR;NAO INFORMADO; CARGO COMISSION.S/VINCULO;28360,00;;28360,00;7312,83;21047,17;
LUCIANA HOLANDA DE SOUZA;CASA CIVIL;SECRETARIO EXECUTIVO;NAO INFORMADO; CARGO COMISSION.S/VINCULO;11700,00;;11700,00;2813,83;8886,17;
LUCIANA PITALUGA MORENO;CASA CIVIL;ASSESSOR I;ASSESSOR I AD 1; CARGO COMISSION.S/VINCULO;5529,77;;5529,77;986,40;4543,37;
LUCIANO PEREIRA DE SOUZA;CASA CIVIL;ASSESSOR I;NAO INFORMADO; CARGO COMISSION.S/VINCULO;5529,77;;5529,77;986,40;4543,37;
LUIS MARIO BRAGA BONATES;CASA CIVIL;SECRETARIO EXEC.PROJ.ESP.DO GOVERNO;NAO INFORMADO; CARGO COMISSION.S/VINCULO;12000,00;;12000,00;2813,83;9186,17;
LUIZ ANDRÉ SOUTO PASSOS;CASA CIVIL;ASSESSOR III;NAO INFORMADO; CARGO COMISSION.S/VINCULO;3491,80;;3491,80;422,40;3069,40;
LUIZ CLAUDIO DA SILVEIRA GOMES;CASA CIVIL;SUBCHEFE DO GAB.PESSOAL DO GOVERN.;NAO INFORMADO; CARGO COMISSION.S/VINCULO;12000,00;;12000,00;2761,69;9238,31;
LUIZ FELIPE RODRIGUES DE MOURA;CASA CIVIL;ASSESSOR III;; CARGO COMISSION.S/VINCULO;3491,80;;3491,80;422,40;3069,40;
LUIZ HERON DA SILVA BRAZ;FUNDO DE PROMOCAO SOCIAL-FPS;ASSESSOR II;NAO INFORMADO; CARGO COMISSION.S/VINCULO;4509,79;;4509,79;670,28;3839,51;
LUIZ MILTON DE BRITO GONÇALVES;CASA CIVIL;ASSESSOR TECNICO;NAO INFORMADO; CARGO COMISSION.S/VINCULO;7300,00;;7300,00;1364,92;5935,08;
LUIZA LIMA MACEDO;CASA CIVIL;A.TEC-I;FG-3 DE ASSESSORIA; ESTATUTARIO;5422,98;;5422,98;612,49;4810,49;
MÁRIO CÉLIO FERREIRA DE C ALVES;CASA CIVIL;CONSULTOR TECNICO III;; CARGO COMISSION.S/VINCULO;5800,00;;5800,00;1029,63;4770,37;
MARCELA DA CUNHA CARVALHO;CASA CIVIL;ASSIST.ADMIN.-ASA-T.S.N.M.-A;ASSESSOR TECNICO; ESTATUTARIO;7300,00;;7300,00;1193,85;6106,15;
MARCELA TOMAZ DA LAPA MOURAO;CASA CIVIL;CONSULTOR TECNICO LEGISLATIVO III;; CARGO COMISSION.S/VINCULO;5800,00;;5800,00;984,93;4815,07;
MARCELO ANDRADE DE OLIVEIRA;CASA CIVIL;AGENTE ADM.-AGA-T.S.N.A.-E;ASSESSOR I AD-1; ESTATUTARIO;6001,38;;6001,38;809,84;5191,54;
MARCIA ALESSANDRA MOURA DA SILVA;CASA CIVIL;ASSESSOR I;NAO INFORMADO; CARGO COMISSION.S/VINCULO;5529,77;;5529,77;986,40;4543,37;
MARCIA CRISTINA OLIVEIRA DA COSTA;CASA CIVIL;TECNICO GOVERNAMENTAL;; ESTATUTARIO;4391,90;;4391,90;473,77;3918,13;
MARCIA ROBERTA LIMA BEZERRA;CASA CIVIL;ASSESSOR I;NAO INFORMADO; CARGO COMISSION.S/VINCULO;5529,77;;5529,77;858,43;4671,34;
MARCILEIDE RODRIGUES BARRETO;FUNDO DE PROMOCAO SOCIAL-FPS;ASSESSOR II;NAO INFORMADO; CARGO COMISSION.S/VINCULO;4509,79;;4509,79;670,28;3839,51;
MARCIO FERREIRA DA ROCHA;CASA CIVIL;CONSULTOR TECNICO III;; CARGO COMISSION.S/VINCULO;5800,00;;5800,00;1081,77;4718,23;
MARCO AURELIO DE FREITAS GUIMARAES;CASA CIVIL;TECNICO GOVERNAMENTAL;FG-3 ASSESSORIA; ESTATUTARIO;5955,42;;5955,42;907,76;5047,66;
MARCO AURELIO FEIO DE A CERVEIRA;CASA CIVIL;ASSESSOR II;NAO INFORMADO; CARGO COMISSION.S/VINCULO;4509,79;;4509,79;670,28;3839,51;
MARCOS PAULO BARBOSA DE OLIVEIRA;CASA CIVIL;ASSESSOR I;; CARGO COMISSION.S/VINCULO;5529,77;;5529,77;986,40;4543,37;
MARCOS RODRIGUES VALERIO;CASA CIVIL;ASSESSOR I;; CARGO COMISSION.S/VINCULO;5529,77;;5529,77;986,40;4543,37;
MARCUS ANTONIO DA ROCHA;CASA CIVIL;ASSESSOR I;; CARGO COMISSION.S/VINCULO;5529,77;;5529,77;986,40;4543,37;
MARIA CATARINA RODRIGUES PESSOA;CASA CIVIL;ASSESSOR II;NAO INFORMADO; CARGO COMISSION.S/VINCULO;4509,79;;4509,79;670,28;3839,51;
MARIA DA CONCEICAO COSTA PIRES;CASA CIVIL;A.TEC-I;CONSULTOR TECNICO II; ESTATUTARIO;10843,59;;10843,59;2300,08;8543,51;
MARIA DAS GRACAS BENAYON DA SILVA;CASA CIVIL;A.SOC-I;FG-2 DE ASSESSORIA; ESTATUTARIO;7387,17;;7387,17;1128,34;6258,83;
MARIA DAS GRACAS SOARES BORGES;CASA CIVIL;ASSISTENTE TECNICO 3A CLASSE;FG-2 GESTOR DE CONT.; ESTATUTARIO;6459,86;;6459,86;866,36;5593,50;
MARIA DE FATIMA COMAPE FERNANDES;CASA CIVIL;A.TEC-I;FG-3 DE ASSESSORIA; ESTATUTARIO;4648,29;;4648,29;358,69;4289,60;
MARIA DE JESUS GUIMARÃES SILVA PAES;FUNDO DE PROMOCAO SOCIAL-FPS;ASSESSOR II;NAO INFORMADO; CARGO COMISSION.S/VINCULO;4509,79;;4509,79;641,84;3867,95;
MARIA DO CARMO CRISTO S M FERNANDES;CASA CIVIL;CONSULTOR ESPECIAL;; ESTATUTARIO;32301,67;;32301,67;10483,23;21818,44;
MARIA DO CARMO LOPES DOS SANTOS;CASA CIVIL;ASSESSOR TECNICO;NAO INFORMADO; CARGO COMISSION.S/VINCULO;7300,00;;7300,00;1521,33;5778,67;
MARIA DO PERPETUO SOCORRO B SOARES;CASA CIVIL;ASSISTENTE TECNICO GOVERNAMENTAL;FG-1 ASSESSORIA; ESTATUTARIO;6455,18;;6455,18;828,81;5626,37;
MARIA DO SOCORRO BRITO VASCONCELOS;CASA CIVIL;ASSESSOR I;NAO INFORMADO; CARGO COMISSION.S/VINCULO;5229,77;;5229,77;986,40;4243,37;
MARIA DO SOCORRO CRUZ DE A MEDEIROS;CASA CIVIL;TNS-II;; ESTATUTARIO;7587,07;;7587,07;1675,22;5911,85;
MARIA DO SOCORRO DUAILIBE GARCIA;FUNDO DE PROMOCAO SOCIAL-FPS;ASSESSOR I;NAO INFORMADO; CARGO COMISSION.S/VINCULO;5529,77;;5529,77;986,40;4543,37;
MARIA DO SOCORRO FERREIRA CALDERARO;CASA CIVIL;ASSISTENTE TECNICO GOVERNAMENTAL;FG-2 DE ASSESSORIA; ESTATUTARIO;5945,46;;5945,46;792,21;5153,25;
MARIA EMILIA PESSOA DOS SANTOS;CASA CIVIL;ASSISTENTE TECNICO;FG-1 ASSESSORIA; ESTATUTARIO;6872,30;;6872,30;906,42;5965,88;
MARIA FREIRE DE SOUZA;CASA CIVIL;ASSESSOR I;NAO INFORMADO; CARGO COMISSION.S/VINCULO;5529,77;;5529,77;986,40;4543,37;
MARIA GEANE MENDES SOUZA;CASA CIVIL;ASSESSOR TECNICO;NAO INFORMADO; CARGO COMISSION.S/VINCULO;7300,00;;7300,00;1521,33;5778,67;
MARIA GILMA MONTEIRO DAS CHAGAS;CASA CIVIL;TNS-II;FG-1 CHEFE DE SETOR; ESTATUTARIO;6504,58;;6504,58;815,13;5689,45;
MARIA HELENA SOUSA DA SILVA;CASA CIVIL;CONSULTOR TECNICO III;NAO INFORMADO; CARGO COMISSION.S/VINCULO;5800,00;;5800,00;1081,77;4718,23;
MARIA INÊZ MOREIRA DE AZEVEDO;CASA CIVIL;ASSESSOR II;NAO INFORMADO; CARGO COMISSION.S/VINCULO;4509,79;;4509,79;670,28;3839,51;
MARIA JOSE FREITAS CARLOS;CASA CIVIL;C.TEC.L-U;FG-3 ASSESSORIA; ESTATUTARIO;28769,68;;28769,68;9005,26;19764,42;
MARIA JOSE LEONEL BEZERRA;CASA CIVIL;ASSESSOR TECNICO;NAO INFORMADO; CARGO COMISSION.S/VINCULO;7300,00;;7300,00;1417,05;5882,95;
MARIA LUISA BUSSONS ALBUQUERQUE;CASA CIVIL;ASSESSOR III;NAO INFORMADO; CARGO COMISSION.S/VINCULO;3491,80;;3491,80;422,40;3069,40;
MARIA LUIZA DE ALMEIDA SAN MARTIN;CASA CIVIL;A.TEC-I;; ESTATUTARIO;4010,34;;4010,34;263,18;3747,16;
MARIA NAZARE DE AGUILA;CASA CIVIL;A.TEC-I;CHEFE DO CERIMONIAL; ESTATUTARIO;13214,56;;13214,56;2871,33;10343,23;
MARIA SANTOS DA SILVA;CASA CIVIL;ASSESSOR III;NAO INFORMADO; CARGO COMISSION.S/VINCULO;3491,80;;3491,80;422,40;3069,40;
MARIA SOCORRO DE SOUSA;CASA CIVIL;ASSISTENTE TECNICO GOVERNAMENTAL;; ESTATUTARIO;5126,28;;5126,28;566,24;4560,04;
MARIA TEREZINHA RIBEIRO COUTINHO;CASA CIVIL;ASSESSOR II;; CARGO COMISSION.S/VINCULO;4509,79;;4509,79;670,28;3839,51;
MARIANA DA ROCHA NORMANDO;CASA CIVIL;AFP-U;FG-1 DE CHEFE DA DA; ESTATUTARIO;17858,79;;17858,79;4918,93;12939,86;
MARIANA HAGGE MOURAO;CASA CIVIL;ASSESSOR I;; CARGO COMISSION.S/VINCULO;5529,77;;5529,77;986,40;4543,37;
MARICILIA TEIXEIRA DA COSTA;FUNDO DE PROMOCAO SOCIAL-FPS;ASSESSOR TECNICO;; CARGO COMISSION.S/VINCULO;7300,00;;7300,00;1521,33;5778,67;
MARIETHEL BASTOS RODRIGUES;CASA CIVIL;PROFESSOR;ASSESSOR I AD1; ESTATUTARIO;7474,76;;7474,76;1277,13;6197,63;
MARINETE DE CASTRO PERDIGAO;CASA CIVIL;A.TEC-I;ASSESSOR I AD-1; ESTATUTARIO;4311,24;;4311,24;410,05;3901,19;
MARINILDES DA SILVEIRA FORTES;CASA CIVIL;A.TEC-I;FG-1 ASSESSORIA; ESTATUTARIO;8809,91;;8809,91;1756,03;7053,88;
MARIO ADOLFO ARYCE DE CASTRO;CASA CIVIL;TECNICO;; ESTATUTARIO;4409,38;;4409,38;493,30;3916,08;
MARIO CABRAL DE HOLANDA;CASA CIVIL;MOT-I;; ESTATUTARIO;4424,30;;4424,30;338,13;4086,17;
MARIO CESAR DOS SANTOS B FILHO;CASA CIVIL;ASSESSOR I;; CARGO COMISSION.S/VINCULO;5529,77;;5529,77;986,40;4543,37;
MARJANA SILVA CARVALHO;CASA CIVIL;ASSESSOR I;NAO INFORMADO; CARGO COMISSION.S/VINCULO;5529,77;;5529,77;986,40;4543,37;
MARKILZE ALVES PEREIRA;CASA CIVIL;ASSESSOR I;NAO INFORMADO; CARGO COMISSION.S/VINCULO;5529,77;;5529,77;986,40;4543,37;
MARLICE OLIVEIRA MAR;FUNDO DE PROMOCAO SOCIAL-FPS;ASSESSOR TECNICO;NAO INFORMADO; CARGO COMISSION.S/VINCULO;7300,00;;7300,00;1521,33;5778,67;
MARLUCIA MOREIRA DE AZEVEDO;CASA CIVIL;A.TEC-I;; ESTATUTARIO;5396,96;;5396,96;483,43;4913,53;
MARLUCIA MOURA BATISTA;CASA CIVIL;ASSISTENTE TECNICO GOVERNAMENTAL;FG-1 ASSESSORIA; ESTATUTARIO;6286,28;;6286,28;885,24;5401,04;
MATEUS JOSE PENHA TELES DE FRANCA;CASA CIVIL;ASSESSOR II;NAO INFORMADO; CARGO COMISSION.S/VINCULO;4509,79;;4509,79;670,28;3839,51;
MATHILDE ESTHER BEMERGUY EZAGUY;CASA CIVIL;ASSESSOR I;; CARGO COMISSION.S/VINCULO;5229,77;;5229,77;986,40;4243,37;
MAURICIO DA GAMA MONTEIRO;CASA CIVIL;CONSULTOR TECNICO I;CONS.TECNICO I; CARGO COMISSION.S/VINCULO;7800,00;;7800,00;1658,83;6141,17;
MAURILIO FERREIRA RODRIGUES;CASA CIVIL;ASSESSOR I;NAO INFORMADO; CARGO COMISSION.S/VINCULO;5529,77;;5529,77;986,40;4543,37;
MAURO FORTUNATO DE AZEVEDO COHEN;CASA CIVIL;CONSULTOR TECNICO II;NAO INFORMADO; CARGO COMISSION.S/VINCULO;6800,00;;6800,00;1383,83;5416,17;
MAURO FRANCISCO DE OLIVEIRA;FUNDO DE PROMOCAO SOCIAL-FPS;DIRETOR ADMINISTRATIVO E FINANCEIRO;NAO INFORMADO; CARGO COMISSION.S/VINCULO;7500,00;;7500,00;1419,92;6080,08;
MAYARA TAVARES MARQUES;CASA CIVIL;ASSESSOR II;NAO INFORMADO; CARGO COMISSION.S/VINCULO;4509,79;;4509,79;670,28;3839,51;
MEIRIJANE CARVALHO DE FARIAS;CASA CIVIL;ASSESSOR II;NAO INFORMADO; CARGO COMISSION.S/VINCULO;4509,79;;4509,79;641,84;3867,95;
MESSIAS RODRIGUES DA CONCEIÇÃO;FUNDO DE PROMOCAO SOCIAL-FPS;ASSESSOR II;NAO INFORMADO; CARGO COMISSION.S/VINCULO;4509,79;;4509,79;670,28;3839,51;
MICHELLE VITÓRIA CUSTÓDIO;CASA CIVIL;ASSESSOR II;NAO INFORMADO; CARGO COMISSION.S/VINCULO;4509,79;;4509,79;670,28;3839,51;
MINEIA URBAX PEREIRA;CASA CIVIL;ASSESSOR TECNICO;NAO INFORMADO; CARGO COMISSION.S/VINCULO;7300,00;;7300,00;1417,05;5882,95;
MONICA ARAUJO RISUENHO DE SOUZA;CASA CIVIL;CONSULTOR TECNICO III;NAO INFORMADO; CARGO COMISSION.S/VINCULO;5800,00;;5800,00;1029,63;4770,37;
MONICA CAMARA DE ALENCAR BRASIL;CASA CIVIL;CONSULTOR TECNICO II;NAO INFORMADO; CARGO COMISSION.S/VINCULO;6800,00;;6800,00;1383,83;5416,17;
MONICA GOMES DA SILVA;CASA CIVIL;CONSULTOR TECNICO III;NAO INFORMADO; CARGO COMISSION.S/VINCULO;5800,00;;5800,00;984,93;4815,07;
MURILO CAVALCANTI CAMPOS;CASA CIVIL;A.TEC-I;FG-2 DE ASSESSORIA; ESTATUTARIO;6102,40;;6102,40;644,31;5458,09;
MYLENA LEÃO MATOS;FUNDO DE PROMOCAO SOCIAL-FPS;ASSESSOR IV;NAO INFORMADO; CARGO COMISSION.S/VINCULO;2875,61;;2875,61;264,79;2610,82;
NADIA MARIA GAMA PEREIRA;CASA CIVIL;A.TEC-II;CHEF.ADJ.CONS.T-LEGI; ESTATUTARIO;3641,46;;3641,46;328,12;3313,34;
NATAL SOARES LEANDRO DA SILVA;FUNDO DE PROMOCAO SOCIAL-FPS;ASSESSOR I;; CARGO COMISSION.S/VINCULO;5529,77;;5529,77;868,73;4661,04;
NATASHA DE OLIVEIRA FRANCO;FUNDO DE PROMOCAO SOCIAL-FPS;ASSESSOR I;NAO INFORMADO; CARGO COMISSION.S/VINCULO;5529,77;;5529,77;986,40;4543,37;
NAYARA DA SILVA RODRIGUES;CASA CIVIL;ASSESSOR I;NAO INFORMADO; CARGO COMISSION.S/VINCULO;5529,77;;5529,77;986,40;4543,37;
NAYARA SANTOS CRUZ;FUNDO DE PROMOCAO SOCIAL-FPS;ASSESSOR II;NAO INFORMADO; CARGO COMISSION.S/VINCULO;4509,79;;4509,79;670,28;3839,51;
NAZARE DO SOCORRO PINTO DE ALMEIDA;CASA CIVIL;A.TEC-I;FG-2 DE ASSESSORIA; ESTATUTARIO;5866,78;;5866,78;677,36;5189,42;
NILCILENE DE LIMA TAVARES;CASA CIVIL;ASSESSOR III;; CARGO COMISSION.S/VINCULO;3491,80;;3491,80;422,40;3069,40;
NIRVANA DE JESUS PRADO DE N COMB;CASA CIVIL;AGENTE ADM.-AGA-T.S.N.A.-E;SECRETARIO EXECUTIVO; ESTATUTARIO;9300,00;;9300,00;1734,42;7565,58;
NISSIM FIGUEIRA BENOLIEL;CASA CIVIL;A.TEC-II;; ESTATUTARIO;5816,90;;5816,90;708,82;5108,08;
NIVEA MARIA AZRAK DE ANDRADE;CASA CIVIL;ASSESSOR TECNICO;NAO INFORMADO; CARGO COMISSION.S/VINCULO;7300,00;;7300,00;1417,05;5882,95;
NIXON ALVES DE MELO;CASA CIVIL;ASSESSOR II;NAO INFORMADO; CARGO COMISSION.S/VINCULO;4509,79;;4509,79;670,28;3839,51;
NOEMY MENDES BENTES;CASA CIVIL;ASSESSOR I;; CARGO COMISSION.S/VINCULO;5529,77;;5529,77;901,09;4628,68;
ORLEYLSON DOS SANTOS LIMA;FUNDO DE PROMOCAO SOCIAL-FPS;ASSESSOR I;NAO INFORMADO; CARGO COMISSION.S/VINCULO;5529,77;;5529,77;986,40;4543,37;
OSMAN RIBEIRO DE ARAUJO FILHO;CASA CIVIL;A.TEC-I;FG-3 DE ASSESSORIA; ESTATUTARIO;5250,34;;5250,34;427,83;4822,51;
PABLO MICHELL SOUZA GUIMARÃES;FUNDO DE PROMOCAO SOCIAL-FPS;ASSESSOR II;NAO INFORMADO; CARGO COMISSION.S/VINCULO;4509,79;;4509,79;641,84;3867,95;
PALOMA SAVANA VIANA AMORIM;CASA CIVIL;ASSESSOR II;NAO INFORMADO; CARGO COMISSION.S/VINCULO;4509,79;;4509,79;670,28;3839,51;
PATRICIA DIAS GOES;CASA CIVIL;CONSULTOR TECNICO II;; CARGO COMISSION.S/VINCULO;6800,00;;6800,00;1331,69;5468,31;
PATRICIA GOMES BARTOLOTTI CHAVES;CASA CIVIL;JORNALISTA;; ESTATUTARIO;4813,23;;4813,23;534,76;4278,47;
PATRICIA VIEIRA BRANDAO DA SILVA;CASA CIVIL;ASSESSOR II;NAO INFORMADO; CARGO COMISSION.S/VINCULO;4509,79;;4509,79;613,40;3896,39;
PAULO ROBERTO DE MOURA BRANDÃO;CASA CIVIL;ASSESSOR I;NAO INFORMADO; CARGO COMISSION.S/VINCULO;5529,77;;5529,77;986,40;4543,37;
PAULO ROBERTO FIGUEIREDO DE CASTRO;CASA CIVIL;TNS-II;SECRETARIO FG 3; ESTATUTARIO;4543,58;;4543,58;398,82;4144,76;
PAULO SEIXAS DA SILVA;FUNDO DE PROMOCAO SOCIAL-FPS;ASSESSOR II;NAO INFORMADO; CARGO COMISSION.S/VINCULO;4509,79;;4509,79;670,28;3839,51;
PAULO SERGIO PAES LESSA;CASA CIVIL;A.TEC-I;FG-1 DE ASSESSORIA; ESTATUTARIO;7942,28;;7942,28;1350,82;6591,46;
PEDRO VICTOR MORAIS RIBEIRO;CASA CIVIL;ASSESSOR I;NAO INFORMADO; CARGO COMISSION.S/VINCULO;5529,77;;5529,77;986,40;4543,37;
PETERSON DE MATOS RIBEIRO;CASA CIVIL;CONSULTOR TECNICO I;NAO INFORMADO; CARGO COMISSION.S/VINCULO;7800,00;;7800,00;1554,55;6245,45;
PRISCILLA FRANCA ATALA;CASA CIVIL;SECRETARIO EXECUTIVO;NAO INFORMADO; CARGO COMISSION.S/VINCULO;12000,00;;12000,00;2348,14;9651,86;
RAFAEL BATISTA RODRIGUES;FUNDO DE PROMOCAO SOCIAL-FPS;ASSESSOR TECNICO;NAO INFORMADO; CARGO COMISSION.S/VINCULO;7300,00;;7300,00;1521,33;5778,67;
RAFAEL CASTELO BESSA CARAPEBA;FUNDO DE PROMOCAO SOCIAL-FPS;SECRETARIO EXECUTIVO ADJUNTO;NAO INFORMADO; CARGO COMISSION.S/VINCULO;9300,00;;9300,00;2071,33;7228,67;
RAIMUNDO EDSON SANTOS LOPES;CASA CIVIL;ASSESSOR II;NAO INFORMADO; CARGO COMISSION.S/VINCULO;4509,79;;4509,79;670,28;3839,51;
RAIMUNDO JOSE BRANDAO DO NASCIMENTO;CASA CIVIL;ASSISTENTE TECNICO GOVERNAMENTAL;FG-1 CHEFE S PESSOAL; ESTATUTARIO;6286,28;;6286,28;833,10;5453,18;
RAIMUNDO JOSE GADELHA DE ASSIS;CASA CIVIL;A.TEC-III;; ESTATUTARIO;5369,23;;5369,23;598,19;4771,04;
RAIMUNDO MODESTO NORONHA;CASA CIVIL;MECANICO;; ESTATUTARIO;3761,81;;3761,81;184,17;3577,64;
RAIMUNDO NONATO DA SILVA;CASA CIVIL;MOT-I;; ESTATUTARIO;4314,25;;4314,25;203,70;4110,55;
RAIMUNDO PEREIRA DOS SANTOS FILHO;CASA CIVIL;ASSESSOR III;NAO INFORMADO; CARGO COMISSION.S/VINCULO;3491,80;;3491,80;392,90;3098,90;
RAISSA BARROS DE JESUS SODRE;CASA CIVIL;ASSESSOR I;; CARGO COMISSION.S/VINCULO;5529,77;;5529,77;986,40;4543,37;
RAISSA CAVALCANTE DA SILVA;CASA CIVIL;ASSESSOR TECNICO;NAO INFORMADO; CARGO COMISSION.S/VINCULO;7300,00;;7300,00;1521,33;5778,67;
RALIME GRECIA DA SILVA;CASA CIVIL;A.TEC-I;FG-3 DE ASSESSORIA; ESTATUTARIO;5934,45;;5934,45;702,92;5231,53;
RAULLISON SANTOS FARIAS;CASA CIVIL;ASSESSOR III;NAO INFORMADO; CARGO COMISSION.S/VINCULO;3491,80;;3491,80;422,40;3069,40;
REBECCA BEATRIZ MARINHO FIGUEIRA;CASA CIVIL;SEC EXEC ADJ ADMINISTRACAO;NAO INFORMADO; CARGO COMISSION.S/VINCULO;9300,00;;9300,00;2071,33;7228,67;
REGINA COELI BARRETO LIMA E SILVA;CASA CIVIL;A.TEC-I;FG-1 CHEFE DE SETOR; ESTATUTARIO;9535,72;;9535,72;1741,96;7793,76;
REGINA COELI BRITO DOS SANTOS;CASA CIVIL;A.TEC-I;FG-1 ASSESSORIA; ESTATUTARIO;9919,24;;9919,24;2140,79;7778,45;
REGINALDO PIMENTEL DE ALMEIDA;CASA CIVIL;ASSESSOR II;NAO INFORMADO; CARGO COMISSION.S/VINCULO;4509,79;;4509,79;641,84;3867,95;
REINALDO JOSE RODER FILHO;CASA CIVIL;CONSULTOR TECNICO II;NAO INFORMADO; CARGO COMISSION.S/VINCULO;6800,00;;6800,00;1383,83;5416,17;
REINALDO SILVA DE QUEIROZ;CASA CIVIL;AUX.S.G-III;FG-3 DE ASSESSORIA; ESTATUTARIO;5008,36;;5008,36;522,90;4485,46;
RENAN DIAS MEDEIROS;CASA CIVIL;ASSESSOR I;NAO INFORMADO; CARGO COMISSION.S/VINCULO;5529,77;;5529,77;901,09;4628,68;
RICARDINA MARIA MENEZES DOS SANTOS;CASA CIVIL;TNS-I;TEC DE NIV SUPERIOR; ESTATUTARIO;6333,29;;6333,29;1223,27;5110,02;
RISEUDA NASCIMENTO DE MOURA;FUNDO DE PROMOCAO SOCIAL-FPS;ASSESSOR II;NAO INFORMADO; CARGO COMISSION.S/VINCULO;4509,79;;4509,79;556,52;3953,27;
RITA DE CASSIA DOS SANTOS GONCALVES;CASA CIVIL;A.TEC-I;; ESTATUTARIO;3958,25;;3958,25;273,63;3684,62;
ROBERTO ALENCAR DOS SANTOS;CASA CIVIL;AUX.S.G-I;; ESTATUTARIO;5944,98;;5944,98;537,09;5407,89;
ROBINE PEREIRA GUIMARÃES DE FREITAS;CASA CIVIL;ASSESSOR II;NAO INFORMADO; CARGO COMISSION.S/VINCULO;8267,94;;8267,94;1718,76;6549,18;
ROBSON BEZERRA SAMPAIO;FUNDO DE PROMOCAO SOCIAL-FPS;ASSESSOR I;NAO INFORMADO; CARGO COMISSION.S/VINCULO;5529,77;;5529,77;986,40;4543,37;
RODRIGO CAVALCANTE DOS SANTOS;CASA CIVIL;SECRETARIO EX.DE ART.INSTITUCIONAL;NAO INFORMADO; CARGO COMISSION.S/VINCULO;12000,00;;12000,00;2813,83;9186,17;
ROGERIO CAMPOS DA SILVA;CASA CIVIL;ASSESSOR II;NAO INFORMADO; CARGO COMISSION.S/VINCULO;4509,79;;4509,79;670,28;3839,51;
ROGERIO DE ARAUJO BARBOZA;CASA CIVIL;CHEFE ADJUNTO DA CTL;; CARGO COMISSION.S/VINCULO;9300,00;;9300,00;2071,33;7228,67;
ROSA MARIA SIMOES ALVES DA SILVA;CASA CIVIL;C.TEC.L-U;; ESTATUTARIO;35873,21;;35873,21;11364,82;24508,39;
ROSANGELA ALMEIDA DOS S LITAIFF;FUNDO DE PROMOCAO SOCIAL-FPS;ASSESSOR TECNICO;NAO INFORMADO; CARGO COMISSION.S/VINCULO;7300,00;;7300,00;1521,33;5778,67;
ROSANGELA MACEDO REGO;CASA CIVIL;ASSESSOR II;NAO INFORMADO; CARGO COMISSION.S/VINCULO;4509,79;;4509,79;670,28;3839,51;
ROSE LENE SERPA DOS SANTOS;CASA CIVIL;ASSESSOR II;; CARGO COMISSION.S/VINCULO;4509,79;;4509,79;670,28;3839,51;
ROSENALDO ROCHA;CASA CIVIL;A.TEC-I;FG-2 ASSESSORIA; ESTATUTARIO;5919,09;;5919,09;697,48;5221,61;
ROSIANE SILVA E SILVA;CASA CIVIL;CONSULTOR TECNICO II;NAO INFORMADO; CARGO COMISSION.S/VINCULO;6800,00;;6800,00;1331,69;5468,31;
ROSIMEIRE MEDEIROS A GONCALVES;CASA CIVIL;ASSESSOR I;NAO INFORMADO; CARGO COMISSION.S/VINCULO;5529,77;;5529,77;986,40;4543,37;
ROSIVAN NASCIMENTO DE MOURA;CASA CIVIL;ASSESSOR I;NAO INFORMADO; CARGO COMISSION.S/VINCULO;5529,77;;5529,77;986,40;4543,37;
RUBEM CELANDRO DE SOUZA GUIMARAES;CASA CIVIL;A.TEC-I;FG-1 ASSESSORIA; ESTATUTARIO;6602,40;;6602,40;833,95;5768,45;
SALUA PAVAO DA SILVA;CASA CIVIL;SECRETARIO EXECUTIVO ADJUNTO;NAO INFORMADO; CARGO COMISSION.S/VINCULO;9300,00;;9300,00;2071,33;7228,67;
SAULO MOYSES REZENDE DA COSTA;FUNDO DE PROMOCAO SOCIAL-FPS;SECRETARIO EXECUTIVO;NAO INFORMADO; CARGO COMISSION.S/VINCULO;12000,00;;12000,00;2813,83;9186,17;
SEBASTIAO LUIZ DE LIMA;CASA CIVIL;A.TEC-I;FG-1 CHEFE DE SETOR; ESTATUTARIO;9927,81;;9927,81;1987,36;7940,45;
SERGIO ALEXANDRE NASCIMENTO RIBEIRO;CASA CIVIL;ASSESSOR TECNICO;NAO INFORMADO; CARGO COMISSION.S/VINCULO;7300,00;;7300,00;1521,33;5778,67;
SERGIO DE LIMA MACHADO;CASA CIVIL;ASSESSOR CONTABIL;ASSESSOR CONTABIL; CARGO COMISSION.S/VINCULO;6800,00;;6800,00;1331,69;5468,31;
SIDNEY ARAUJO DA SILVA;CASA CIVIL;ASSESSOR III;ASSESSOR III AD-3; CARGO COMISSION.S/VINCULO;3491,80;;3491,80;422,40;3069,40;
SIDNEY DE SOUZA CABRAL;CASA CIVIL;ASSESSOR III;NAO INFORMADO; CARGO COMISSION.S/VINCULO;3491,80;;3491,80;422,40;3069,40;
SOLANGE PEREIRA SALES DE OLIVEIRA;CASA CIVIL;ASSISTENTE TECNICO GOVERNAMENTAL;; ESTATUTARIO;3903,77;;3903,77;314,46;3589,31;
SONIA MARIA DE SOUSA DA SILVA;CASA CIVIL;ASSESSOR III;; CARGO COMISSION.S/VINCULO;3491,80;;3491,80;422,40;3069,40;
SONJA MARIA BRAGA DOS SANTOS;CASA CIVIL;TECNICO 3A CLASSE;FG-2 DE ASSESSORIA; ESTATUTARIO;6596,01;;6596,01;1082,52;5513,49;
SUELEN CRISTINA MAIA A ALBUQUERQUE;CASA CIVIL;ASSESSOR I;NAO INFORMADO; CARGO COMISSION.S/VINCULO;5529,77;;5529,77;986,40;4543,37;
SUELLEN DE CASTRO LOPES;CASA CIVIL;ASSESSOR I;NAO INFORMADO; CARGO COMISSION.S/VINCULO;5529,77;;5529,77;901,09;4628,68;
SUELLEN REGINA DE FREITAS FERREIRA;FUNDO DE PROMOCAO SOCIAL-FPS;ASSESSOR TECNICO;; CARGO COMISSION.S/VINCULO;7300,00;;7300,00;1521,33;5778,67;
SULENI BITAR RUAS;CASA CIVIL;ASSISTENTE TECNICO III;FG-3 DE ASSESSORIA; ESTATUTARIO;5826,16;;5826,16;765,29;5060,87;
SUMAIA KALID OSSAMI;CASA CIVIL;ASSESSOR I;; CARGO COMISSION.S/VINCULO;5529,77;;5529,77;986,40;4543,37;
SUZANA FLEURY MENDES DA SILVA;CASA CIVIL;ASSESSOR II;; CARGO COMISSION.S/VINCULO;4209,79;;4209,79;670,28;3539,51;
SUZANE DAS CHAGAS DE OLIVEIRA;FUNDO DE PROMOCAO SOCIAL-FPS;ASSESSOR TECNICO;NAO INFORMADO; CARGO COMISSION.S/VINCULO;7300,00;;7300,00;1521,33;5778,67;
SUZIANE CAVALCANTE SANTOS MACHADO;CASA CIVIL;CONSULTOR TECNICO I;NAO INFORMADO; CARGO COMISSION.S/VINCULO;7800,00;;7800,00;1606,69;6193,31;
SYND MARIA DE SOUZA PINHEIRO;CASA CIVIL;ASSESSOR II;; CARGO COMISSION.S/VINCULO;4509,79;;4509,79;670,28;3839,51;
TABAJARA RODRIGUES MORENO;CASA CIVIL;ASSESSOR TECNICO;; CARGO COMISSION.S/VINCULO;7300,00;;7300,00;1521,33;5778,67;
TANIA ZUNAIDE BRAGA RIBEIRO;CASA CIVIL;CONSULTOR TECNICO LEGISLATIVO I;NAO INFORMADO; CARGO COMISSION.S/VINCULO;7800,00;;7800,00;1658,83;6141,17;
TASSIA CAMILA COELHO GOMES;CASA CIVIL;ASSESSOR I;NAO INFORMADO; CARGO COMISSION.S/VINCULO;5529,77;;5529,77;943,74;4586,03;
TATIANA MEIRELLES DE FRANCA;CASA CIVIL;ASSESSOR I;NAO INFORMADO; CARGO COMISSION.S/VINCULO;5529,77;;5529,77;986,40;4543,37;
TERESINHA DE JESUS ASSUNCAO ALVES;CASA CIVIL;ASSISTENTE TECNICO GOVERNAMENTAL;FG-3 DE ASSESSORIA; ESTATUTARIO;5135,02;;5135,02;569,34;4565,68;
TEREZA CRISTINA MATOS FEITOZA;CASA CIVIL;ASSESSOR I;ASSESSOR I AD 1; CARGO COMISSION.S/VINCULO;5529,77;;5529,77;986,40;4543,37;
TEREZINHA BONATES MIRANDA;CASA CIVIL;A.TEC-I;FG-1 ASSESSORIA; ESTATUTARIO;8837,84;;8837,84;1374,27;7463,57;
TEREZINHA DE JESUS O B C RODRIGUES;CASA CIVIL;ASSESSOR III;ASSESSOR III AD 3; CARGO COMISSION.S/VINCULO;3491,80;;3491,80;422,40;3069,40;
THAIS ROCHA PINHEIRO LEMOS SOBRAL;CASA CIVIL;CONSULTOR TECNICO III;NAO INFORMADO; CARGO COMISSION.S/VINCULO;5800,00;;5800,00;1081,77;4718,23;
THAISA ALVES DANTAS BALDUINO;CASA CIVIL;ASSESSOR I;NAO INFORMADO; CARGO COMISSION.S/VINCULO;5529,77;;5529,77;986,40;4543,37;
THAIZA DE SOUZA BARROS;CASA CIVIL;ASSESSOR I;NAO INFORMADO; CARGO COMISSION.S/VINCULO;5529,77;;5529,77;986,40;4543,37;
THALIRIA FELIX BENAION;FUNDO DE PROMOCAO SOCIAL-FPS;ASSESSOR TECNICO;NAO INFORMADO; CARGO COMISSION.S/VINCULO;7300,00;;7300,00;1521,33;5778,67;
THAMILLY QUEIROZ CUNHA;CASA CIVIL;CONSULTOR TECNICO I;NAO INFORMADO; CARGO COMISSION.S/VINCULO;7800,00;;7800,00;1658,83;6141,17;
THAYLA GALATE GOMES;CASA CIVIL;ASSESSOR TECNICO;NAO INFORMADO; CARGO COMISSION.S/VINCULO;7300,00;;7300,00;1521,33;5778,67;
THELCYANNE DE CARVALHO NUNES DIAS;CASA CIVIL;SECRETARIO EXECUTIVO;; DISP. OUTROS ESFERAS;10200,00;;10200,00;1580,96;8619,04;
THEREZA NAGILA SILVA DE OLIVEIRA;FUNDO DE PROMOCAO SOCIAL-FPS;ASSESSOR III;; CARGO COMISSION.S/VINCULO;3491,80;;3491,80;407,12;3084,68;
THEREZA THALITA DE JESUS MARTINS;CASA CIVIL;ASSESSOR I;NAO INFORMADO; CARGO COMISSION.S/VINCULO;5529,77;;5529,77;986,40;4543,37;
THIAGO TEIXEIRA DE CASTRO;CASA CIVIL;CONSULTOR TEC.LEGISLATIVO IV- AD-1;NAO INFORMADO; CARGO COMISSION.S/VINCULO;5529,77;;5529,77;986,40;4543,37;
TIAGO MARQUES DA SILVA;CASA CIVIL;ASSESSOR I;NAO INFORMADO; CARGO COMISSION.S/VINCULO;5529,77;;5529,77;986,40;4543,37;
TOSHIZO BORBOREMA NAKAJIMA;CASA CIVIL;ASSESSOR I;NAO INFORMADO; CARGO COMISSION.S/VINCULO;5529,77;;5529,77;986,40;4543,37;
UBIRAGILDO DO NASCIMENTO SARAIVA;CASA CIVIL;ASSISTENTE TECNICO GOVERNAMENTAL;; ESTATUTARIO;4026,06;;4026,06;301,91;3724,15;
UBIRAJARA RAMOS MORAES JUNIOR;CASA CIVIL;TNS-II;FG-2 ASSESSORIA; ESTATUTARIO;10388,52;;10388,52;2147,21;8241,31;
VALDIR ALVES DE VASCONCELOS;CASA CIVIL;A.TEC-I;ASSIST TECNICO; ESTATUTARIO;3110,34;;3110,34;193,29;2917,05;
VALERIA DA SILVA SODRE;CASA CIVIL;ASSESSOR I;; DISP. OUTROS ESFERAS;5300,00;;5300,00;453,50;4846,50;
VALQUIRIA CORREIA DA COSTA;CASA CIVIL;CONSULTOR TECNICO III;NAO INFORMADO; CARGO COMISSION.S/VINCULO;5800,00;;5800,00;1081,77;4718,23;
VANESSA NUNES ZOGAHIB;CASA CIVIL;CONSULTOR TECNICO II;NAO INFORMADO; CARGO COMISSION.S/VINCULO;6800,00;;6800,00;1383,83;5416,17;
VANIA CRISTINA DA SILVA BARBOSA;FUNDO DE PROMOCAO SOCIAL-FPS;ASSESSOR I;NAO INFORMADO; CARGO COMISSION.S/VINCULO;5529,77;;5529,77;986,40;4543,37;
VANUSA DA SILVA CUNHA;CASA CIVIL;ASSISTENTE TECNICO GOVERNAMENTAL;FG-3 DE ASSESSORIA; ESTATUTARIO;5126,28;;5126,28;566,24;4560,04;
VERA DOS SANTOS GUIMARAES;CASA CIVIL;ASSISTENTE TECNICO GOVERNAMENTAL;FG-2 GESTOR DE CONT.; ESTATUTARIO;5795,02;;5795,02;750,84;5044,18;
VERA ELANE ROCHA DOS SANTOS;CASA CIVIL;A.TEC-I;FG-2 DE ASSESSORIA; ESTATUTARIO;5910,34;;5910,34;642,24;5268,10;
VERANILCE FERNANDES PANTOJA;CASA CIVIL;A.TEC-I;FG-3 ASSESSORIA; ESTATUTARIO;5259,09;;5259,09;528,90;4730,19;
VICTOR BRENO ALMADA GOMES;CASA CIVIL;ASSESSOR TECNICO;NAO INFORMADO; CARGO COMISSION.S/VINCULO;7300,00;;7300,00;1521,33;5778,67;
VINICIUS ABREU DE ALMEIDA;CASA CIVIL;ASSESSOR I;NAO INFORMADO; CARGO COMISSION.S/VINCULO;5529,77;;5529,77;986,40;4543,37;
VINICIUS LOPES CALAZANS;CASA CIVIL;ASSESSOR II;NAO INFORMADO; CARGO COMISSION.S/VINCULO;4509,79;;4509,79;670,28;3839,51;
VIRGINIA MIRANDA DA COSTA;CASA CIVIL;ASSISTENTE TECNICO GOVERNAMENTAL;FG-2 ASSESSORIA; ESTATUTARIO;5955,18;;5955,18;691,31;5263,87;
VIVALDO RODRIGUES CARDOSO NETO;FUNDO DE PROMOCAO SOCIAL-FPS;ASSESSOR II;NAO INFORMADO; CARGO COMISSION.S/VINCULO;4509,79;;4509,79;670,28;3839,51;
VIVIANNE GARRETT LIDORIO;CASA CIVIL;CONSULTOR TEC.LEGISLATIVO IV- AD-1;NAO INFORMADO; CARGO COMISSION.S/VINCULO;5529,77;;5529,77;986,40;4543,37;
WAGNER ALEXANDRE R FILGUEIRAS;CASA CIVIL;ASSESSOR III;NAO INFORMADO; CARGO COMISSION.S/VINCULO;3491,80;;3491,80;422,40;3069,40;
WALLACE SABOIA DOS SANTOS;CASA CIVIL;ASSESSOR I;NAO INFORMADO; CARGO COMISSION.S/VINCULO;5529,77;;5529,77;986,40;4543,37;
WALTERNY DE SOUZA FERREIRA;CASA CIVIL;ASSESSOR I;NAO INFORMADO; CARGO COMISSION.S/VINCULO;5529,77;;5529,77;943,74;4586,03;
WANDA DE SOUZA TRINDADE;CASA CIVIL;REDATOR GOVERNAMENTAL;FG-1 ASSESSORIA; ESTATUTARIO;8930,48;;8930,48;1687,36;7243,12;
WELLINGTON DE OLIVEIRA GONÇALVES;FUNDO DE PROMOCAO SOCIAL-FPS;ASSESSOR II;NAO INFORMADO; CARGO COMISSION.S/VINCULO;4509,79;;4509,79;641,84;3867,95;
WENDEL FRANCO RODRIGUES;CASA CIVIL;ASSESSOR II;NAO INFORMADO; CARGO COMISSION.S/VINCULO;4509,79;;4509,79;641,84;3867,95;
WILLIAM FRANCO RODRIGUES;CASA CIVIL;SECRETARIO EXECUTIVO ADJUNTO;NAO INFORMADO; CARGO COMISSION.S/VINCULO;9300,00;;9300,00;2071,33;7228,67;
WILSON MIRANDA LIMA;CASA CIVIL;GOVERNADOR DE ESTADO;NAO INFORMADO; CARGO COMISSION.S/VINCULO;34070,00;;34070,00;8965,58;25104,42;
WILSON TEIXEIRA MARIANO;CASA CIVIL;A.TEC-I;; ESTATUTARIO;4192,70;;4192,70;262,92;3929,78;
YANA DEISY MARINHO DE ARAUJO;CASA CIVIL;ASSESSOR TECNICO;NAO INFORMADO; CARGO COMISSION.S/VINCULO;7300,00;;7300,00;1417,05;5882,95;
YANNA BRUNA CAVALCANTE DA SILVA;FUNDO DE PROMOCAO SOCIAL-FPS;ASSESSOR III;NAO INFORMADO; CARGO COMISSION.S/VINCULO;3491,80;;3491,80;422,40;3069,40;
YASMIN ARAUJO DA SILVA;CASA CIVIL;ASSESSOR IV;NAO INFORMADO; CARGO COMISSION.S/VINCULO;3475,61;;3475,61;418,48;3057,13;
YASMIN FEITOSA DA SILVA;FUNDO DE PROMOCAO SOCIAL-FPS;ASSESSOR III;NAO INFORMADO; CARGO COMISSION.S/VINCULO;3491,80;;3491,80;422,40;3069,40;
YOLANDA CORREA MANSUR;CASA CIVIL;ASSESSOR I;NAO INFORMADO; CARGO COMISSION.S/VINCULO;5529,77;;5529,77;986,40;4543,37;
YONE ALVES DE MACEDO;CASA CIVIL;ASSESSOR I;NAO INFORMADO; CARGO COMISSION.S/VINCULO;5529,77;;5529,77;986,40;4543,37;
YONE PAES LESSA;CASA CIVIL;A.TEC-I;CHEFE DE UNID FG 3; ESTATUTARIO;7528,96;;7528,96;1379,90;6149,06;
YURI MOISES TAKETOMI OLIMPIO;CASA CIVIL;AGENTE ADM.-AGA-T.S.N.A.-E;ASSESSOR TECNICO; ESTATUTARIO;7300,00;;7300,00;1184,42;6115,58;
ZULMIRA GUEDES DE SOUZA;CASA CIVIL;ASSESSOR II;NAO INFORMADO; CARGO COMISSION.S/VINCULO;4509,79;;4509,79;670,28;3839,51;
