NOME;LOTACAO;CARGO;FUNCAO;VINCULO;REMUNERACAO LEGAL TOTAL(R$);DESC.TETO(R$); REMUNERACAO LEGAL DEVIDA(R$);DESCONTOS LEGAIS(R$);LIQUIDO DISPONIVEL(R$);
ANY JUSSARA CAMPOS PINTO;CONTRATADOS;ASSESSOR I;NAO INFORMADO; CARGO COMISSION.S/VINCULO;5229,77;;5229,77;986,40;4243,37;
ARGEL RICARDO DO NASCIMENTO;CONTRATADOS;ASSESSOR III;NAO INFORMADO; CARGO COMISSION.S/VINCULO;3191,80;;3191,80;378,69;2813,11;
CARLOS ALBERTO SOUZA DE A FILHO;CONTRATADOS;VICE-GOVERNADOR;NAO INFORMADO; CARGO COMISSION.S/VINCULO;34070,00;14624,61;19445,39;7207,91;12237,48;
EDVALDO RAMOS DE SOUZA;CONTRATADOS;ASSESSOR I;NAO INFORMADO; CARGO COMISSION.S/VINCULO;5229,77;;5229,77;901,09;4328,68;
FABIO LAMEGO DE ALMEIDA;CONTRATADOS;ASSESSOR II;NAO INFORMADO; CARGO COMISSION.S/VINCULO;4209,79;;4209,79;670,28;3539,51;
FABIOLA DE SOUZA SILVA;CONTRATADOS;ASSESSOR TECNICO;NAO INFORMADO; CARGO COMISSION.S/VINCULO;7000,00;;7000,00;1521,33;5478,67;
GUILHERME JERONIMO FEITOSA BARROS;CONTRATADOS;ASSESSOR I;NAO INFORMADO; CARGO COMISSION.S/VINCULO;5229,77;;5229,77;986,40;4243,37;
HALISON YURI SERRAO DA COSTA;CONTRATADOS;ASSESSOR II;NAO INFORMADO; CARGO COMISSION.S/VINCULO;4560,61;;4560,61;670,28;3890,33;
HERIVANDO JERONIMO CIDADE;CONTRATADOS;ASSESSOR II;NAO INFORMADO; CARGO COMISSION.S/VINCULO;4209,79;;4209,79;613,40;3596,39;
IRIA SAFIRA CORDEIRO OLIVEIRA;CONTRATADOS;GERENTE;NAO INFORMADO; CARGO COMISSION.S/VINCULO;4209,79;;4209,79;613,40;3596,39;
IVANETE GOMES DE ALMEIDA;EFETIVOS;AGENTE ADM.-AGA-T.S.N.A.-G;CHEFE DE DEPARTAMENT; ESTATUTARIO;6379,24;;6379,24;990,29;5388,95;
JOSE CARLOS NASCIMENTO BRITO;CONTRATADOS;ASSESSOR I;NAO INFORMADO; CARGO COMISSION.S/VINCULO;5229,77;;5229,77;986,40;4243,37;
JULIO CESAR MENDES BRASIL;CONTRATADOS;SECRETARIO EXECUTIVO ADJUNTO;NAO INFORMADO; CARGO COMISSION.S/VINCULO;22728,60;;22728,60;5846,69;16881,91;
KAREN REGINA SANTANA DE ANDRADE;CONTRATADOS;ASSESSOR IV;NAO INFORMADO; CARGO COMISSION.S/VINCULO;2575,61;;2575,61;264,79;2310,82;
KELLY DA SILVA COUTO;CONTRATADOS;ASSESSOR IV;NAO INFORMADO; CARGO COMISSION.S/VINCULO;2575,61;;2575,61;250,57;2325,04;
LILIANE DA FONSECA MONTEIRO;CONTRATADOS;ASSESSOR IV;NAO INFORMADO; CARGO COMISSION.S/VINCULO;2575,61;;2575,61;250,57;2325,04;
LISÂNGELA ALVES DA COSTA;CONTRATADOS;ASSESSOR I;NAO INFORMADO; CARGO COMISSION.S/VINCULO;5229,77;;5229,77;986,40;4243,37;
MARCOS SIMPLICIO DE ARAUJO;CONTRATADOS;ASSESSOR I;NAO INFORMADO; CARGO COMISSION.S/VINCULO;5229,77;;5229,77;986,40;4243,37;
MATHEUS SOARES DA SILVA;CONTRATADOS;ASSESSOR IV;NAO INFORMADO; CARGO COMISSION.S/VINCULO;2575,61;;2575,61;264,79;2310,82;
MILTINHO CASTRO DA SILVA;CONTRATADOS;SECRETARIO EXECUTIVO;NAO INFORMADO; CARGO COMISSION.S/VINCULO;28060,00;;28060,00;7312,83;20747,17;
RAQUEL DA MATA SERIQUE;CONTRATADOS;ASSESSOR III;NAO INFORMADO; CARGO COMISSION.S/VINCULO;3191,80;;3191,80;422,40;2769,40;
RENATO NOGUEIRA DE OLIVEIRA;CONTRATADOS;SECRETARIO EXECUTIVO;NAO INFORMADO; CARGO COMISSION.S/VINCULO;25254,00;;25254,00;6541,18;18712,82;
RODRIGO VASCONCELOS PIRES CARVALHO;CONTRATADOS;ASSESSOR I;NAO INFORMADO; CARGO COMISSION.S/VINCULO;5229,77;;5229,77;986,40;4243,37;
ROSIANE SILVA E SILVA;CONTRATADOS;SECRETARIO EXECUTIVO ADJUNTO;NAO INFORMADO; CARGO COMISSION.S/VINCULO;22728,60;;22728,60;5846,69;16881,91;
ROZILENE DO NASCIMENTO PRAIA;CONTRATADOS;ASSESSOR IV;NAO INFORMADO; CARGO COMISSION.S/VINCULO;2575,61;;2575,61;250,57;2325,04;
SEBASTIÃO ALVES LAVOR NETO;CONTRATADOS;ASSESSOR TECNICO;NAO INFORMADO; CARGO COMISSION.S/VINCULO;7000,00;;7000,00;1521,33;5478,67;
THAISA ALVES DANTAS BALDUINO;CONTRATADOS;ASSESSOR I;NAO INFORMADO; CARGO COMISSION.S/VINCULO;5229,77;;5229,77;986,40;4243,37;
VALERIA ANDRADE BARROSO;CONTRATADOS;ASSESSOR I;NAO INFORMADO; CARGO COMISSION.S/VINCULO;5229,77;;5229,77;986,40;4243,37;
