NOME;LOTACAO;CARGO;FUNCAO;VINCULO;REMUNERACAO LEGAL TOTAL(R$);DESC.TETO(R$); REMUNERACAO LEGAL DEVIDA(R$);DESCONTOS LEGAIS(R$);LIQUIDO DISPONIVEL(R$);
ARGEL RICARDO DO NASCIMENTO;CONTRATADOS;ASSESSOR III;NAO INFORMADO; CARGO COMISSION.S/VINCULO;3191,80;;3191,80;378,69;2813,11;
CARLOS ALBERTO SOUZA DE A FILHO;CONTRATADOS;VICE-GOVERNADOR;NAO INFORMADO; CARGO COMISSION.S/VINCULO;34070,00;12522,87;21547,13;7786,68;13760,45;
EDER DA SILVA MELO FILHO;CONTRATADOS;ASSESSOR I;NAO INFORMADO; CARGO COMISSION.S/VINCULO;5229,77;;5229,77;986,40;4243,37;
EDVALDO RAMOS DE SOUZA;CONTRATADOS;ASSESSOR I;NAO INFORMADO; CARGO COMISSION.S/VINCULO;5229,77;;5229,77;901,09;4328,68;
FABIO LAMEGO DE ALMEIDA;CONTRATADOS;ASSESSOR II;NAO INFORMADO; CARGO COMISSION.S/VINCULO;4209,79;;4209,79;670,28;3539,51;
FABIOLA DE SOUZA SILVA;CONTRATADOS;ASSESSOR II;NAO INFORMADO; CARGO COMISSION.S/VINCULO;4209,79;;4209,79;670,28;3539,51;
GUILHERME JERONIMO FEITOSA BARROS;CONTRATADOS;ASSESSOR I;NAO INFORMADO; CARGO COMISSION.S/VINCULO;5229,77;;5229,77;986,40;4243,37;
HENRIQUE VIDAL ISRAEL DOS SANTOS;CONTRATADOS;ASSESSOR I;NAO INFORMADO; CARGO COMISSION.S/VINCULO;5229,77;;5229,77;943,74;4286,03;
HERIVANDO JERONIMO CIDADE;CONTRATADOS;ASSESSOR II;NAO INFORMADO; CARGO COMISSION.S/VINCULO;4209,79;;4209,79;613,40;3596,39;
HUDSON ANTONIO CRISTO BRAGA;CONTRATADOS;ASSESSOR TECNICO;NAO INFORMADO; CARGO COMISSION.S/VINCULO;7000,00;;7000,00;1469,19;5530,81;
IRIA SAFIRA CORDEIRO OLIVEIRA;CONTRATADOS;GERENTE;NAO INFORMADO; CARGO COMISSION.S/VINCULO;4209,79;;4209,79;613,40;3596,39;
IVANETE GOMES DE ALMEIDA;EFETIVOS;AGENTE ADM.-AGA-T.S.N.A.-G;CHEFE DE DEPARTAMENT; ESTATUTARIO;6467,62;;6467,62;1021,64;5445,98;
JOSE CARLOS NASCIMENTO BRITO;CONTRATADOS;ASSESSOR I;NAO INFORMADO; CARGO COMISSION.S/VINCULO;5229,77;;5229,77;986,40;4243,37;
JULIO CESAR MENDES BRASIL;CONTRATADOS;ASSESSOR TECNICO;NAO INFORMADO; CARGO COMISSION.S/VINCULO;7000,00;;7000,00;1521,33;5478,67;
KAREN REGINA SANTANA DE ANDRADE;CONTRATADOS;ASSESSOR IV;NAO INFORMADO; CARGO COMISSION.S/VINCULO;2575,61;;2575,61;264,79;2310,82;
KELLY DA SILVA COUTO;CONTRATADOS;ASSESSOR IV;NAO INFORMADO; CARGO COMISSION.S/VINCULO;2575,61;;2575,61;250,57;2325,04;
LILIANE DA FONSECA MONTEIRO;CONTRATADOS;ASSESSOR IV;NAO INFORMADO; CARGO COMISSION.S/VINCULO;2575,61;;2575,61;250,57;2325,04;
MARLENE BARROS MONTEIRO LEITE;CONTRATADOS;SECRETARIO EXECUTIVO ADJUNTO;NAO INFORMADO; CARGO COMISSION.S/VINCULO;9000,00;;9000,00;2071,33;6928,67;
MATHEUS SOARES DA SILVA;CONTRATADOS;ASSESSOR IV;NAO INFORMADO; CARGO COMISSION.S/VINCULO;2575,61;;2575,61;264,79;2310,82;
MILTINHO CASTRO DA SILVA;CONTRATADOS;SECRETARIO EXECUTIVO;NAO INFORMADO; CARGO COMISSION.S/VINCULO;11700,00;;11700,00;2813,83;8886,17;
RAQUEL DA MATA SERIQUE;CONTRATADOS;ASSESSOR III;NAO INFORMADO; CARGO COMISSION.S/VINCULO;3191,80;;3191,80;422,40;2769,40;
RENATO NOGUEIRA DE OLIVEIRA;CONTRATADOS;SECRETARIO EXECUTIVO ADJUNTO;NAO INFORMADO; CARGO COMISSION.S/VINCULO;9000,00;;9000,00;2071,33;6928,67;
ROZILENE DO NASCIMENTO PRAIA;CONTRATADOS;ASSESSOR IV;NAO INFORMADO; CARGO COMISSION.S/VINCULO;2575,61;;2575,61;250,57;2325,04;
SEBASTIÃO ALVES LAVOR NETO;CONTRATADOS;ASSESSOR I;NAO INFORMADO; CARGO COMISSION.S/VINCULO;5229,77;;5229,77;943,74;4286,03;
VALERIA ANDRADE BARROSO;CONTRATADOS;ASSESSOR I;NAO INFORMADO; CARGO COMISSION.S/VINCULO;5229,77;;5229,77;986,40;4243,37;
