NOME;LOTACAO;CARGO;FUNCAO;VINCULO;REMUNERACAO LEGAL TOTAL(R$);DESC.TETO(R$); REMUNERACAO LEGAL DEVIDA(R$);DESCONTOS LEGAIS(R$);LIQUIDO DISPONIVEL(R$);
ADRIANO MENDONÇA PONTE;GABINETE;SECRETARIO DE ESTADO;NAO INFORMADO; CARGO COMISSION.S/VINCULO;28060,00;;28060,00;7312,83;20747,17;
AILTON RODRIGUES PEREIRA;ASSESSORIA;ASSESSOR II;; CARGO COMISSION.S/VINCULO;3209,79;;3209,79;426,78;2783,01;
ANDRE ALVES DE SOUZA;ASSESSORIA;ASSESSOR II;NAO INFORMADO; CARGO COMISSION.S/VINCULO;2609,79;;2609,79;270,20;2339,59;
ANDREIA BRAGA DE SOUZA;GABINETE;CHEFE DE GABINETE;; CARGO COMISSION.S/VINCULO;5229,77;;5229,77;986,40;4243,37;
ANTONIA PEREIRA DA SILVA;ASSESSORIA;ASSESSOR III;; CARGO COMISSION.S/VINCULO;2591,80;;2591,80;267,35;2324,45;
BARBARA ZAPATTA ANDRADE NUNES;ASSESSORIA;ASSESSOR I;NAO INFORMADO; CARGO COMISSION.S/VINCULO;3229,77;;3229,77;431,65;2798,12;
BEATRIZ ROCHA PATTERSON;DEPTO.DE ADM.E FINANCAS;CHEFE DE DEPARTAMENTO;NAO INFORMADO; CARGO COMISSION.S/VINCULO;5229,77;;5229,77;986,40;4243,37;
BRUNA DANYELY DE OLIVEIRA FARIAS;ASSESSORIA;ASSESSOR I;NAO INFORMADO; CARGO COMISSION.S/VINCULO;5229,77;;5229,77;986,40;4243,37;
CEZAR AUGUSTO VIEIRA DE SOUZA;GABINETE;A.OPE-I;MEMBRO SERIRA; ESTATUTARIO;7000,00;;7000,00;1021,78;5978,22;
CHARLES BELCHIEUR;DEPTO.DE ADM.E FINANCAS;TNS-I;; ESTATUTARIO;11306,52;;11306,52;3009,42;8297,10;
CLAUDIO MUNIZ PAGANO DE MELLO;GABINETE;SECRETARIO EXECUTIVO ADJUNTO;NAO INFORMADO; CARGO COMISSION.S/VINCULO;9000,00;;9000,00;2071,33;6928,67;
DANIELA GOMES DOS SANTOS;ASSESSORIA;ASSESSOR I;; CARGO COMISSION.S/VINCULO;5229,77;;5229,77;986,40;4243,37;
DANIELE DA ROCHA MACHADO RIBEIRO;GABINETE;MEMBRO;NAO INFORMADO; CARGO COMISSION.S/VINCULO;7000,00;;7000,00;1521,33;5478,67;
DANILO AGUIAR MACEDO DE ALMEIDA;ASSESSORIA;ASSESSOR I;NAO INFORMADO; CARGO COMISSION.S/VINCULO;5229,77;;5229,77;986,40;4243,37;
FABIO BENICIO DE CARVALHO;ASSESSORIA;ASSESSOR III;NAO INFORMADO; CARGO COMISSION.S/VINCULO;2591,80;;2591,80;267,35;2324,45;
FERNANDO PEREIRA DA CRUZ;GABINETE;MEMBRO;NAO INFORMADO; CARGO COMISSION.S/VINCULO;7000,00;;7000,00;1521,33;5478,67;
FRANCISCA EDILANDIA DANTAS PAULA;DEPTO.DE ADM.E FINANCAS;ASSESSOR III;ASSESSOR III AD-3; CARGO COMISSION.S/VINCULO;3191,80;;3191,80;422,40;2769,40;
GLAUBER SOARES GOMES;GABINETE;PROFESSOR PF20.LPL-IV;MEMBRO; ESTATUTARIO;7000,00;;7000,00;989,84;6010,16;
JANES DE SOUSA FIGUEREDO ASSUNÇÃO;DEPTO.DE ADM.E FINANCAS;AUX.S.G-II;; ESTATUTARIO;2916,15;;2916,15;174,98;2741,17;
LUANA PIRES DE OLIVEIRA;GABINETE;CONSULTOR TECNICO I;NAO INFORMADO; CARGO COMISSION.S/VINCULO;7500,00;;7500,00;1658,83;5841,17;
LUIS CLAUDIO QUARESMA DE MENEZES;ASSESSORIA;ASSESSOR I;NAO INFORMADO; CARGO COMISSION.S/VINCULO;5229,77;;5229,77;986,40;4243,37;
MANOEL CORNELIO DA COSTA E SILVA;GABINETE;SECRETARIO EXECUTIVO;; CARGO COMISSION.S/VINCULO;15600,00;;15600,00;3886,33;11713,67;
MARIA CONCEBIDA DE ARAUJO LEAL;GABINETE;MEMBRO;MEMBRO; CARGO COMISSION.S/VINCULO;7000,00;;7000,00;1521,33;5478,67;
MARIA DAS DORES DE ALMEIDA;DEPTO.DE ADM.E FINANCAS;TNS-II;ASSESSOR I AD-1; ESTATUTARIO;7146,97;;7146,97;1365,36;5781,61;
MOISES CASSIMIRO DIAS;ASSESSORIA;ASSESSOR I;NAO INFORMADO; CARGO COMISSION.S/VINCULO;3229,77;;3229,77;431,65;2798,12;
NILTON PEREIRA ROCHA FILHO;ASSESSORIA;ASSESSOR II;NAO INFORMADO; CARGO COMISSION.S/VINCULO;2609,79;;2609,79;270,20;2339,59;
PATRICIA REGIANE RIBEIRO DE ANDRADE;ASSESSORIA;ASSESSOR I;NAO INFORMADO; CARGO COMISSION.S/VINCULO;2629,77;;2629,77;273,35;2356,42;
SANDRA MARIA CASTRO LOUREIRO;DEPTO.DE ADM.E FINANCAS;A.TEC-I;; ESTATUTARIO;2713,06;;2713,06;220,24;2492,82;
SISLANDIA FERREIRA DA SILVA CASTRO;GABINETE;MEMBRO;NAO INFORMADO; CARGO COMISSION.S/VINCULO;7000,00;;7000,00;1521,33;5478,67;
SOCORRO APARECIDA ARAUJO MAIERON;DEPTO.DE ADM.E FINANCAS;A.TEC-II;ASSESSOR I AD1; ESTATUTARIO;3641,46;;3641,46;271,25;3370,21;
TALITA SILVA DAVID;ASSESSORIA;ASSESSOR I;NAO INFORMADO; CARGO COMISSION.S/VINCULO;5229,77;;5229,77;986,40;4243,37;
VALTER VIANA DOS SANTOS;ASSESSORIA;ASSESSOR I;NAO INFORMADO; CARGO COMISSION.S/VINCULO;3229,77;;3229,77;431,65;2798,12;
WASHINGTON DE CARVALHO ESCOBAR;ASSESSORIA;ASSESSOR I;; CARGO COMISSION.S/VINCULO;5229,77;;5229,77;986,40;4243,37;
WIVIANNY FARIAS PEREIRA LACERDA;GABINETE;AGENTE PREVIDENCIARIO;CHEFE DE GABINETE; ESTATUTARIO;5000,00;;5000,00;857,13;4142,87;
YAEL CONCEICAO MENEZES DA CRUZ;ASSESSORIA;PROFESSOR C3 ED-ESP-III;ASSESSOR III; ESTATUTARIO;5325,72;;5325,72;780,69;4545,03;
