NOME;LOTACAO;CARGO;FUNCAO;VINCULO;REMUNERACAO LEGAL TOTAL(R$);DESC.TETO(R$); REMUNERACAO LEGAL DEVIDA(R$);DESCONTOS LEGAIS(R$);LIQUIDO DISPONIVEL(R$);
ADAIL RIBEIRO DE MATOS;ASSESSORIA;ASSESSOR I;NAO INFORMADO; CARGO COMISSION.S/VINCULO;5529,77;;5529,77;986,40;4543,37;
AGUINILSON ARAUJO PERES;DEPTO.INDIGENA DES.SUSTENTAVEL;ASSESSOR III;NAO INFORMADO; CARGO COMISSION.S/VINCULO;3491,80;;3491,80;392,90;3098,90;
CARLA CRISTINA SILVA MENDONÇA;DEPTO.DE ADMINIST.E FINANCAS;CHEFE DE DEPARTAMENTO;NAO INFORMADO; CARGO COMISSION.S/VINCULO;5529,77;;5529,77;986,40;4543,37;
CLAUDIANA PEDROZA SANTIAGO;DIRETORIA ADM-FINANCEIRA;ASSESSOR III;ASSESSOR III; CARGO COMISSION.S/VINCULO;3491,80;;3491,80;407,12;3084,68;
DOMINGOS SAVIO CAMICO AGUDELOS;DIRETORIA TECNICA;PROFESSOR PF20.ESP-III;DIRETOR TECNICO; ESTATUTARIO;11143,01;;11143,01;2331,22;8811,79;
EDIVALDO DOS SANTOS OLIVEIRA;GABINETE;DIRETOR PRESIDENTE;NAO INFORMADO; CARGO COMISSION.S/VINCULO;12000,00;;12000,00;2657,42;9342,58;
ELIENE DE AZEVEDO CARDOSO;PRODURADORIA JURIDICA;ASSESSOR III;NAO INFORMADO; CARGO COMISSION.S/VINCULO;3491,80;;3491,80;422,40;3069,40;
ELIZENIRA COSTA CABRAL;GABINETE;ASSESSOR III;NAO INFORMADO; CARGO COMISSION.S/VINCULO;3491,80;;3491,80;422,40;3069,40;
FABRICIO GONÇALVES CORREA;DEPTO.INDIGENA DES.SUSTENTAVEL;CHEFE DE DEPARTAMENTO;NAO INFORMADO; CARGO COMISSION.S/VINCULO;5529,77;;5529,77;986,40;4543,37;
FRANCISCO WESLLEY COUTO DOS SANTOS;DIRETORIA ADM-FINANCEIRA;ASSIST.ADMIN.-ASA-T.S.N.M.-A;DIRETOR ADMINISTRATI; ESTATUTARIO;9398,00;;9398,00;1712,18;7685,82;
HERTON FABRICIO RODRIGUES FILGUEIRA;DEPTO.INDIGENA DES.SUSTENTAVEL;ASSESSOR II;NAO INFORMADO; DISP. OUTROS ESFERAS;4300,00;;4300,00;263,87;4036,13;
KARLENE SOBRINHO DA SILVA;DEPTO.DE ADMINIST.E FINANCAS;GERENTE;NAO INFORMADO; CARGO COMISSION.S/VINCULO;4509,79;;4509,79;641,84;3867,95;
LUIZ HENRIQUE BRAZ JUNIOR;PRODURADORIA JURIDICA;ASSESSOR I;NAO INFORMADO; CARGO COMISSION.S/VINCULO;5529,77;;5529,77;986,40;4543,37;
NEIDA MARIA DE OLIVEIRA FARIAS;DEPTO.DE ADMINIST.E FINANCAS;ASSESSOR II;NAO INFORMADO; CARGO COMISSION.S/VINCULO;4509,79;;4509,79;670,28;3839,51;
RANILDO MELO DE CASTRO;DEPTO.INDIGENA DES.SUSTENTAVEL;GERENTE;NAO INFORMADO; CARGO COMISSION.S/VINCULO;4509,79;;4509,79;670,28;3839,51;
ROSE MEIRE BARBOSA CORRÊA;GABINETE;CHEFE DE GABINETE;NAO INFORMADO; CARGO COMISSION.S/VINCULO;5529,77;;5529,77;943,74;4586,03;
VIELO DE MOURA LUNA;DEPTO.DE ADMINIST.E FINANCAS;GERENTE;NAO INFORMADO; CARGO COMISSION.S/VINCULO;4509,79;;4509,79;670,28;3839,51;
ZUZA DOS SANTOS CAVALCANTE;DEPTO.INDIGENA DES.SUSTENTAVEL;GERENTE;; CARGO COMISSION.S/VINCULO;4509,79;;4509,79;641,84;3867,95;
