NOME;LOTACAO;CARGO;FUNCAO;VINCULO;REMUNERACAO LEGAL TOTAL(R$);DESC.TETO(R$); REMUNERACAO LEGAL DEVIDA(R$);DESCONTOS LEGAIS(R$);LIQUIDO DISPONIVEL(R$);
ABILIO LEITAO DA COSTA MACEDO;EFETIVOS;AGENTE PREVIDENCIARIO;AG. PREVIDENCIARIO; ESTATUTARIO;7250,74;;7250,74;1437,85;5812,89;
ADALBERTO DA COSTA BARRONCAS;CEDIDOS;A.OPE-I;ASSESSOR IIAMZ-5; ESTATUTARIO;6802,38;;6802,38;562,49;6239,89;
ADELSON MACIEL DANTAS;COMISSIONADOS;ASSESSOR I;ASSESSOR I - AMZ-6; CARGO COMISSION.S/VINCULO;8704,00;;8704,00;1824,93;6879,07;
ADINILSON COELHO CORDEIRO;EFETIVOS;AGENTE PREVIDENCIARIO;AG. PREVIDENCIARIO; ESTATUTARIO;7250,74;;7250,74;1489,99;5760,75;
ALAN CARDEC SOARES DA SILVA;CEDIDOS;A.TEC-II;COORDENADOR AMZ-3; ESTATUTARIO;7099,28;;7099,28;1035,94;6063,34;
ALAN CYNARA BATISTA NASCIMENTO;EFETIVOS;AGENTE PREVIDENCIARIO;COORDENADOR AMZ-3; ESTATUTARIO;10250,74;;10250,74;2158,58;8092,16;
ALAN NASCIMENTO TEIXEIRA;EFETIVOS;AGENTE PREVIDENCIARIO;; ESTATUTARIO;9467,65;;9467,65;2099,64;7368,01;
ALBERMAR LINDALVA DAMASCENO POLARES;EFETIVOS;AGENTE PREVIDENCIARIO;AG. PREVIDENCIARIO; ESTATUTARIO;7250,74;;7250,74;1437,85;5812,89;
ALBERTO TELES CAVALCANTE NETO;EFETIVOS;AGENTE PREVIDENCIARIO;; ESTATUTARIO;9467,65;;9467,65;1891,09;7576,56;
ALINE DE ALBUQUERQUE WRIGHT;EFETIVOS;ADVOGADO;; ESTATUTARIO;11770,50;;11770,50;3041,24;8729,26;
ALOISIO DA COSTA FILGUEIRAS JUNIOR;EFETIVOS;ADVOGADO;; ESTATUTARIO;11770,50;;11770,50;2818,93;8951,57;
ANA CELIA ALENCAR BEZERRA;AMAZONPREV-ATIVOS;TEC. EM REGISTRO DE SAUDE 3A CLASSE;COORDENADOR AMZ-3; ESTATUTARIO;8291,47;;8291,47;1397,66;6893,81;
ANA LUCIA SANTOS DA SILVA;CEDIDOS;A.TEC-II;; ESTATUTARIO;2951,82;;2951,82;156,10;2795,72;
ANA PAULA DOS SANTOS OZORIO;EFETIVOS;AGENTE PREVIDENCIARIO;AG, PREVIDENCIARIO; ESTATUTARIO;9467,65;;9467,65;2047,50;7420,15;
ANDRE LUIS BENTES DE SOUZA;EFETIVOS;AGENTE PREVIDENCIARIO;; ESTATUTARIO;7250,74;;7250,74;1437,85;5812,89;
ANDRE LUIZ MOUCO FERNANDES;EFETIVOS;ADVOGADO;GERENTE AMZ7; ESTATUTARIO;16770,50;;16770,50;4468,38;12302,12;
ANDRE LUIZ NUNES ZOGAHIB;CODIR;PROF.DOUTOR ADJ.C 40HS-PD.111.20;DIRETOR PRESIDENTE; ESTATUTARIO;10500,00;;10500,00;1853,15;8646,85;
ANDRE RICARDO PINHEIRO MARTINS;EFETIVOS;AGENTE PREVIDENCIARIO;AG. PREVIDENCIARIO; ESTATUTARIO;7250,74;;7250,74;1385,71;5865,03;
ANDREZA DE SOUZA SILVA;CODIR;DIRETOR ADMINISTRATIVO E FINANCEIRO;NAO INFORMADO; CARGO COMISSION.S/VINCULO;9300,00;;9300,00;1988,83;7311,17;
ANETE FURTADO LIMA;EFETIVOS;AGENTE PREVIDENCIARIO;; ESTATUTARIO;6650,74;;6650,74;1489,99;5160,75;
ANNE KEITY TUPINAMBA DE C MENEZES;EFETIVOS;ADVOGADO;; ESTATUTARIO;15494,00;;15494,00;4013,07;11480,93;
ANTONIO DE JESUS ALVES PACIFICO;COMISSIONADOS;ASSESSOR III AMZ.4;; CARGO COMISSION.S/VINCULO;5664,00;;5664,00;934,98;4729,02;
ARCISE CAMARA DE ASSIS;EFETIVOS;AGENTE PREVIDENCIARIO;; ESTATUTARIO;9467,65;;9467,65;2099,64;7368,01;
AUDENOR GRANDES BELIDO;EFETIVOS;AGENTE PREVIDENCIARIO;COORDENADOR AMZ 3; ESTATUTARIO;13467,65;;13467,65;2768,78;10698,87;
BALDUINO GOMES CAMARA;EFETIVOS;AGENTE PREVIDENCIARIO;AG. PREVIDENCIARIO; ESTATUTARIO;7250,74;;7250,74;1437,85;5812,89;
BRUNO DAMASCENO COSTA NOVO;COMISSIONADOS;ASSESSOR I AMZ.6;; CARGO COMISSION.S/VINCULO;8704,00;;8704,00;1824,93;6879,07;
CAROLINE RETTO FROTA;EFETIVOS;ADVOGADO;; ESTATUTARIO;11770,50;;11770,50;3093,38;8677,12;
CHRISTIANO COSTA NOVO DE SENA;COMISSIONADOS;ASSESSOR I AMZ.6;; CARGO COMISSION.S/VINCULO;8704,00;;8704,00;1772,79;6931,21;
CHRISTOVAO CAVALCANTE ALVES;EFETIVOS;AGENTE PREVIDENCIARIO;AG. PREVIDENCIARIO; ESTATUTARIO;7694,12;;7694,12;1297,29;6396,83;
CLAUDINEI SOARES;EFETIVOS;AGENTE PREVIDENCIARIO;AG. PREVIDENCIARIO; ESTATUTARIO;7250,74;;7250,74;1385,71;5865,03;
CLAUDIO MARCELO CARDIA PACHECO;EFETIVOS;AGENTE PREVIDENCIARIO;; ESTATUTARIO;7250,74;;7250,74;1437,85;5812,89;
CRISTIANE DE ANDRADE COURA MACIEL;COMISSIONADOS;ASSESSOR III;ASSESSOR III AMZ-4; CARGO COMISSION.S/VINCULO;6076,80;;6076,80;81,02;5995,78;
CYNTHIA MARIA REIS GONZALEZ;CEDIDOS;PROFESSOR PF20.MAG-VII;ASSESSOR III-AD-3; ESTATUTARIO;5664,00;;5664,00;657,80;5006,20;
DAYANA ESPERANCA DOS SANTOS;COMISSIONADOS;ASSISTENTE DA PRESIDENCIA AMZ. 2;; CARGO COMISSION.S/VINCULO;4043,00;;4043,00;483,57;3559,43;
EDERSON DE SOUZA LIMA;COMISSIONADOS;ASS. DE DIRETORIA E GERENCIA AMZ. 1;NAO INFORMADO; CARGO COMISSION.S/VINCULO;2868,79;;2868,79;216,24;2652,55;
EDISSANDRA OLIVEIRA GUIMARAES;EFETIVOS;AGENTE PREVIDENCIARIO;; ESTATUTARIO;6650,74;;6650,74;1437,85;5212,89;
EDIVANDER SOUZA DOS SANTOS;EFETIVOS;AGENTE PREVIDENCIARIO;AG. PREVIDENCIARIO; ESTATUTARIO;7250,74;;7250,74;1385,71;5865,03;
EMILY CASTELO BRANCO ENCARNACAO;EFETIVOS;ADVOGADO;ASSESSOR I AMZ-6; ESTATUTARIO;11770,50;;11770,50;2989,10;8781,40;
EUNICE PEREIRA DA SILVA;CEDIDOS;A.TEC-I;; ESTATUTARIO;4488,44;;4488,44;375,67;4112,77;
FABIO DE CARVALHO ROSA;EFETIVOS;AGENTE PREVIDENCIARIO;COORDENADOR AMZ-3; ESTATUTARIO;13467,65;;13467,65;3043,23;10424,42;
FABIO MARTINS RIBEIRO;EFETIVOS;ADVOGADO;; ESTATUTARIO;11770,50;;11770,50;3093,38;8677,12;
FLAVIA MARA MOREIRA COSTA ROCHA;COMISSIONADOS;ASSESSOR III;ASSESSOR III-AMZ-4; CARGO COMISSION.S/VINCULO;5664,00;;5664,00;934,98;4729,02;
FLAVIANA GALUCIO ZOUMBOUNELOS;COMISSIONADOS;COORDENADOR;COORDENADOR-AMZ-3; CARGO COMISSION.S/VINCULO;6170,00;;6170,00;1106,60;5063,40;
FRANCISCO DE ASSIS SOUZA OLIVEIRA;COMISSIONADOS;ASS. DE DIRETORIA E GERENCIA AMZ. 1;; CARGO COMISSION.S/VINCULO;3436,00;;3436,00;306,00;3130,00;
GAL MONICA MARINHEIRO PEREIRA;COMISSIONADOS;ASS. DE DIRETORIA E GERENCIA AMZ. 1;; CARGO COMISSION.S/VINCULO;3436,00;;3436,00;306,00;3130,00;
GENECI BEHLING BETT;EFETIVOS;AGENTE PREVIDENCIARIO;; ESTATUTARIO;9822,36;;9822,36;2114,12;7708,24;
GIZA ALLEM NAZARE DE ANDRADE;COMISSIONADOS;GERENTE;GERENTE; CARGO COMISSION.S/VINCULO;12729,00;;12729,00;2381,80;10347,20;
GIZELE CORDOVIL MAIA;COMISSIONADOS;GERENTE;GERENTE; CARGO COMISSION.S/VINCULO;14105,33;;14105,33;3310,30;10795,03;
ISAIAS DE SOUZA CAVALCANTE;CEDIDOS;A.TEC-I;; ESTATUTARIO;4512,11;;4512,11;295,90;4216,21;
IVANILDO DA COSTA E SILVA;EFETIVOS;AGENTE PREVIDENCIARIO;AG. PREVIDENCIARIO; ESTATUTARIO;7250,74;;7250,74;1385,71;5865,03;
IZABEL ELEINA MOREIRA;EFETIVOS;AGENTE PREVIDENCIARIO;AG. PREVIDENCIARIO; ESTATUTARIO;7250,74;;7250,74;1489,99;5760,75;
JANIS LISANDRA BATISTA CRUZ;EFETIVOS;AGENTE PREVIDENCIARIO;AG. PREVIDENCIARIO; ESTATUTARIO;7694,12;;7694,12;1349,42;6344,70;
JONATHAS CARREIRA MADEIRA JUNIOR;EFETIVOS;ADVOGADO;ADVOGADO; ESTATUTARIO;9536,40;;9536,40;2300,83;7235,57;
JORGE PIETRO RODRIGUES DE ARAUJO;EFETIVOS;AGENTE PREVIDENCIARIO;AG. PREVIDENCIARIO; ESTATUTARIO;5920,59;;5920,59;971,92;4948,67;
JOSE ANTONIO L SENHORAES;CEDIDOS;MOT-I;; ESTATUTARIO;5691,59;;5691,59;604,97;5086,62;
JOSE EMERSON CAMPOS RODRIGUES;EFETIVOS;AGENTE PREVIDENCIARIO;AG. PREVIDENCIARIO; ESTATUTARIO;5920,59;;5920,59;1018,12;4902,47;
LEONARDO ALMEIDA DE S CAVALCANTI;EFETIVOS;AGENTE PREVIDENCIARIO;GERENTE AMZ-7; ESTATUTARIO;16134,32;;16134,32;3828,70;12305,62;
LIGIA DA SILVA BARROS;COFIS;MEMBRO DE CONSELHO;VICE PRES CONS FISC; CARGO COMISSION.S/VINCULO;936,00;;936,00;;936,00;
LUCIANE BARROS DE SOUZA;EFETIVOS;ADVOGADO;ADVOGADO; ESTATUTARIO;15494,00;;15494,00;4065,20;11428,80;
LUIZ CARLOS REGO FREITAS;EFETIVOS;AGENTE PREVIDENCIARIO;AG. PREVIDENCIARIO; ESTATUTARIO;5920,59;;5920,59;869,37;5051,22;
LUIZ ROMULO PESSOA PEGADO;CEDIDOS;A.TEC-I;; ESTATUTARIO;4289,98;;4289,98;256,39;4033,59;
MANOEL FERREIRA LIMA JUNIOR;EFETIVOS;AGENTE PREVIDENCIARIO;COORDENADOR AMZ-3; ESTATUTARIO;10250,74;;10250,74;2210,71;8040,03;
MARCELO MORAES CASTELLO BRANCO;CONAD;MEMBRO DE CONSELHO;MEMBRO.CONS.ADM.; CARGO COMISSION.S/VINCULO;1170,00;;1170,00;;1170,00;
MARCELO SOARES CAVALCANTE;EFETIVOS;AGENTE PREVIDENCIARIO;AG. PREVIDENCIARIO; ESTATUTARIO;9467,65;;9467,65;1995,36;7472,29;
MARCIO RYS MEIRELLES DE MIRANDA;CODIR;DIRETOR PRESIDENTE;; CARGO COMISSION.S/VINCULO;28600,00;;28600,00;13871,50;14728,50;
MARCO ANTONIO OLIVEIRA DE ARAUJO;COMISSIONADOS;ASSESSOR I AMZ.6;; CARGO COMISSION.S/VINCULO;8704,00;;8704,00;1772,79;6931,21;
MARCOS HOMERO XAVIER VENTILARI;EFETIVOS;AGENTE PREVIDENCIARIO;AG. PREVIDENCIARIO; ESTATUTARIO;10667,65;;10667,65;1995,36;8672,29;
MARIA ADELAIDE RIBEIRO CRUZ;CODIR;AGENTE PREVIDENCIARIO;DIRETOR DE PREVIDENC; ESTATUTARIO;28362,36;;28362,36;14102,14;14260,22;
MARIA DA CONCEICAO GUERREIRO SILVA;CONAD;MEMBRO DE CONSELHO;MEMBRO.CONS.ADM.; CARGO COMISSION.S/VINCULO;1170,00;60,90;1109,10;;1109,10;
MARIA DAS GRACAS VALENTE AMERICO;COMISSIONADOS;ASS. DE DIRETORIA E GERENCIA AMZ. 1;; CARGO COMISSION.S/VINCULO;3436,00;;3436,00;306,00;3130,00;
MARIA EDNA ALVES DA COSTA;CEDIDOS;A.TEC-I;; ESTATUTARIO;4492,70;;4492,70;376,67;4116,03;
MARIA LUCIA LIMA DUTRA;EFETIVOS;AGENTE PREVIDENCIARIO;AG. PREVIDENCIARIO; ESTATUTARIO;9467,65;;9467,65;2099,64;7368,01;
MARLENE AMANCIO DO AMARAL;CEDIDOS;A.TEC-I;; ESTATUTARIO;4502,41;;4502,41;378,95;4123,46;
MARTA REGINA OLIVEIRA DE FARIAS;CEDIDOS;A.TEC-II;ASSIST.TéCNICO II; ESTATUTARIO;4225,00;;4225,00;294,52;3930,48;
MARTHA DUTRA GADELHA DE ALBUQUERQUE;COFIS;MEMBRO DE CONSELHO;MEMBRO CONS.FISCAL; CARGO COMISSION.S/VINCULO;936,00;;936,00;;936,00;
MARY JANE MATTUTE SILVA;COMISSIONADOS;GERENTE;GERENTE; CARGO COMISSION.S/VINCULO;14105,33;;14105,33;3206,02;10899,31;
MOISES DA SILVA MENEZES;EFETIVOS;ADVOGADO;ADVOGADO; ESTATUTARIO;11770,50;;11770,50;2780,56;8989,94;
NAIS ALVES DE CAMPOS;COMISSIONADOS;ASSESSOR III AMZ.4;NAO INFORMADO; CARGO COMISSION.S/VINCULO;4651,20;;4651,20;631,67;4019,53;
NEILDO ROSAS DE LIMA;CEDIDOS;VIGIA-I;; ESTATUTARIO;4177,31;;4177,31;148,25;4029,06;
NELCI CAVALCANTE TOME;COMISSIONADOS;COORDENADOR;COORDENADOR-AMZ-3; CARGO COMISSION.S/VINCULO;6170,00;;6170,00;921,33;5248,67;
NUNO PONCE DE LEAO GONCALVES;COMISSIONADOS;ASSESSOR I AMZ.6;NAO INFORMADO; CARGO COMISSION.S/VINCULO;7083,19;;7083,19;1379,21;5703,98;
PRISCILLA TEIXEIRA FREIRE;EFETIVOS;AGENTE PREVIDENCIARIO;AG. PREVIDENCIARIO; ESTATUTARIO;6650,74;;6650,74;1489,99;5160,75;
RAIMUNDO NONATO PEREIRA DE AGUIAR;EFETIVOS;AGENTE PREVIDENCIARIO;AG. PREVIDENCIARIO; ESTATUTARIO;7250,74;;7250,74;1385,71;5865,03;
RAQUEL COELHO CAMARDELLA;COMISSIONADOS;ASS. DE DIRETORIA E GERENCIA AMZ. 1;; CARGO COMISSION.S/VINCULO;3436,00;;3436,00;306,00;3130,00;
RAWLISON THALES MARTINS NASCIMENTO;EFETIVOS;AGENTE PREVIDENCIARIO;AG. PREVIDENCIARIO; ESTATUTARIO;7250,74;;7250,74;1385,71;5865,03;
RENIZIO DE OLIVEIRA FERREIRA;EFETIVOS;AGENTE PREVIDENCIARIO;; ESTATUTARIO;7250,74;;7250,74;1437,85;5812,89;
RICLEITON WALLACE PEDROSO BATISTA;EFETIVOS;AGENTE PREVIDENCIARIO;; ESTATUTARIO;7250,74;;7250,74;997,55;6253,19;
RILMA FERREIRA DA COSTA;EFETIVOS;AGENTE PREVIDENCIARIO;ASSESSOR III AMZ-4; ESTATUTARIO;8750,74;;8750,74;1850,35;6900,39;
ROBERVANE MORAES DE MELLO COMPTON;EFETIVOS;AGENTE PREVIDENCIARIO;AG. PREVIDENCIARIO; ESTATUTARIO;7250,74;;7250,74;1385,71;5865,03;
ROBSON SORIA NEGREIROS;EFETIVOS;AGENTE PREVIDENCIARIO;; ESTATUTARIO;9467,65;;9467,65;2047,50;7420,15;
RONALDO ROSALINO JUNIOR;EFETIVOS;AGENTE PREVIDENCIARIO;AG. PREVIDENCIARIO; ESTATUTARIO;7250,74;;7250,74;1489,99;5760,75;
SERGIO FERREIRA NETO;EFETIVOS;AGENTE PREVIDENCIARIO;; ESTATUTARIO;7250,74;;7250,74;1489,99;5760,75;
SID ALVES DA SILVA GUILHERME;EFETIVOS;ADVOGADO;; ESTATUTARIO;15494,00;;15494,00;4117,34;11376,66;
SIMELBE CARNEIRO FURTADO;EFETIVOS;AGENTE PREVIDENCIARIO;; ESTATUTARIO;7250,74;;7250,74;1437,85;5812,89;
VALDIR RODRIGUES BARBOSA;CONAD;MEMBRO DE CONSELHO;MEMBRO.CONS.ADM.; CARGO COMISSION.S/VINCULO;1170,00;511,07;658,93;;658,93;
VANDER LAAN REIS GOES;CONAD;MEMBRO DE CONSELHO;MEMBRO.CONS.ADM.; CARGO COMISSION.S/VINCULO;1170,00;;1170,00;;1170,00;
WANDER ARAUJO MOTTA;CONAD;MEMBRO DE CONSELHO;VICE-PRES CONS.ADM.; CARGO COMISSION.S/VINCULO;1170,00;;1170,00;;1170,00;
WELLINGTON GUIMARAES BENTES;EFETIVOS;AGENTE PREVIDENCIARIO;; ESTATUTARIO;7250,74;;7250,74;1489,99;5760,75;
WILZA DO NASCIMENTO MOREIRA;COMISSIONADOS;ASS. DE DIRETORIA E GERENCIA AMZ. 1;; CARGO COMISSION.S/VINCULO;3436,00;;3436,00;306,00;3130,00;
WIVIANNY FARIAS PEREIRA LACERDA;EFETIVOS;AGENTE PREVIDENCIARIO;; ESTATUTARIO;5320,59;;5320,59;929,26;4391,33;
ZIRLEY RAMOS AQUINO;EFETIVOS;AGENTE PREVIDENCIARIO;AG. PREVIDENCIARIO; ESTATUTARIO;8150,74;;8150,74;1489,99;6660,75;
