NOME;LOTACAO;CARGO;FUNCAO;VINCULO;REMUNERACAO LEGAL TOTAL(R$);DESC.TETO(R$); REMUNERACAO LEGAL DEVIDA(R$);DESCONTOS LEGAIS(R$);LIQUIDO DISPONIVEL(R$);
ABILIO LEITAO DA COSTA MACEDO;EFETIVOS;ANALISTA PREVIDENCIARIO;AG. PREVIDENCIARIO; ESTATUTARIO;13157,50;;13157,50;3533,28;9624,22;
ADALBERTO DA COSTA BARRONCAS;CEDIDOS;A.TEC-I;ASSESSOR IIAMZ-5; ESTATUTARIO;7689,24;;7689,24;754,30;6934,94;
ADELSON MACIEL DANTAS;COMISSIONADOS;ASSESSOR I;ASSESSOR I - AMZ-6; CARGO COMISSION.S/VINCULO;8704,00;;8704,00;1824,93;6879,07;
ADINILSON COELHO CORDEIRO;EFETIVOS;ANALISTA PREVIDENCIARIO;AG. PREVIDENCIARIO; ESTATUTARIO;13157,50;;13157,50;3585,42;9572,08;
ALAN CARDEC SOARES DA SILVA;CEDIDOS;A.TEC-II;COORDENADOR AMZ-3; ESTATUTARIO;6187,48;;6187,48;785,19;5402,29;
ALAN CYNARA BATISTA NASCIMENTO;EFETIVOS;ANALISTA PREVIDENCIARIO;COORDENADOR AMZ-3; ESTATUTARIO;16157,50;;16157,50;4254,01;11903,49;
ALAN NASCIMENTO TEIXEIRA;EFETIVOS;ANALISTA PREVIDENCIARIO;; ESTATUTARIO;13157,50;;13157,50;3585,42;9572,08;
ALBERMAR LINDALVA DAMASCENO POLARES;EFETIVOS;ANALISTA PREVIDENCIARIO;AG. PREVIDENCIARIO; ESTATUTARIO;13157,50;;13157,50;3533,28;9624,22;
ALBERTO TELES CAVALCANTE NETO;EFETIVOS;ANALISTA PREVIDENCIARIO;; ESTATUTARIO;13157,50;;13157,50;3376,87;9780,63;
ALOISIO DA COSTA FILGUEIRAS JUNIOR;EFETIVOS;ADVOGADO PUBLICO;; ESTATUTARIO;16987,29;;16987,29;4669,58;12317,71;
ANA CELIA ALENCAR BEZERRA;AMAZONPREV-ATIVOS;TEC. EM REGISTRO DE SAUDE 3A CLASSE;COORDENADOR AMZ-3; ESTATUTARIO;6420,97;;6420,97;883,27;5537,70;
ANA LUCIA SANTOS DA SILVA;CEDIDOS;A.TEC-II;; ESTATUTARIO;2951,82;;2951,82;162,44;2789,38;
ANA PAULA DOS SANTOS OZORIO;EFETIVOS;ANALISTA PREVIDENCIARIO;AG, PREVIDENCIARIO; ESTATUTARIO;13157,50;;13157,50;3533,28;9624,22;
ANDRE LUIS BENTES DE SOUZA;EFETIVOS;ANALISTA PREVIDENCIARIO;; ESTATUTARIO;13157,50;;13157,50;3533,28;9624,22;
ANDRE LUIZ MOUCO FERNANDES;EFETIVOS;ADVOGADO PUBLICO;GERENTE AMZ7; ESTATUTARIO;21987,29;;21987,29;6319,03;15668,26;
ANDRE LUIZ NUNES ZOGAHIB;CODIR;PROF.DOUTOR ADJ.C 40HS-PD.111.20;DIRETOR PRESIDENTE; ESTATUTARIO;10500,00;;10500,00;1853,14;8646,86;
ANDRE RICARDO PINHEIRO MARTINS;EFETIVOS;ANALISTA PREVIDENCIARIO;AG. PREVIDENCIARIO; ESTATUTARIO;13157,50;;13157,50;3481,14;9676,36;
ANDREZA DE SOUZA SILVA;CODIR;DIRETOR ADMINISTRATIVO E FINANCEIRO;NAO INFORMADO; CARGO COMISSION.S/VINCULO;9600,00;;9600,00;2071,33;7528,67;
ANETE FURTADO LIMA;EFETIVOS;ANALISTA PREVIDENCIARIO;; ESTATUTARIO;12557,50;;12557,50;3585,42;8972,08;
ANNE KEITY TUPINAMBA DE C MENEZES;EFETIVOS;ADVOGADO PUBLICO;; ESTATUTARIO;16987,29;;16987,29;4839,76;12147,53;
ANTONIO DE JESUS ALVES PACIFICO;COMISSIONADOS;ASSESSOR III AMZ.4;; CARGO COMISSION.S/VINCULO;5664,00;;5664,00;934,98;4729,02;
ARCISE CAMARA DE ASSIS;EFETIVOS;ANALISTA PREVIDENCIARIO;; ESTATUTARIO;13157,50;;13157,50;3585,42;9572,08;
AUDENOR GRANDES BELIDO;EFETIVOS;ANALISTA PREVIDENCIARIO;COORDENADOR AMZ 3; ESTATUTARIO;16157,50;;16157,50;3979,56;12177,94;
BALDUINO GOMES CAMARA;EFETIVOS;ANALISTA PREVIDENCIARIO;AG. PREVIDENCIARIO; ESTATUTARIO;13157,50;;13157,50;3533,28;9624,22;
BRUNO DAMASCENO COSTA NOVO;COMISSIONADOS;ASSESSOR I AMZ.6;; CARGO COMISSION.S/VINCULO;8704,00;;8704,00;1824,93;6879,07;
CAROLINE RETTO FROTA;EFETIVOS;ADVOGADO PUBLICO;; ESTATUTARIO;16987,29;;16987,29;4944,03;12043,26;
CHRISTIANO COSTA NOVO DE SENA;COMISSIONADOS;ASSESSOR I AMZ.6;; CARGO COMISSION.S/VINCULO;8704,00;;8704,00;1772,79;6931,21;
CHRISTOVAO CAVALCANTE ALVES;EFETIVOS;ANALISTA PREVIDENCIARIO;AG. PREVIDENCIARIO; ESTATUTARIO;10646,00;;10646,00;2485,91;8160,09;
CLAUDINEI SOARES;EFETIVOS;ANALISTA PREVIDENCIARIO;AG. PREVIDENCIARIO; ESTATUTARIO;17343,33;;17343,33;4632,25;12711,08;
CLAUDIO MARCELO CARDIA PACHECO;EFETIVOS;ANALISTA PREVIDENCIARIO;; ESTATUTARIO;13157,50;;13157,50;3533,28;9624,22;
CYNTHIA MARIA REIS GONZALEZ;CEDIDOS;PROFESSOR PF20.MAG-VII;ASSESSOR III-AD-3; ESTATUTARIO;7352,00;;7352,00;1122,00;6230,00;
DANIELA LOBO FROES DESCHOOLMEESTER;COMISSIONADOS;GERENTE;NAO INFORMADO; CARGO COMISSION.S/VINCULO;10729,00;;10729,00;2381,80;8347,20;
DAYANA ESPERANCA DOS SANTOS;COMISSIONADOS;ASSISTENTE DA PRESIDENCIA AMZ. 2;; CARGO COMISSION.S/VINCULO;4043,00;;4043,00;483,57;3559,43;
EDERSON DE SOUZA LIMA;COMISSIONADOS;ASS. DE DIRETORIA E GERENCIA AMZ. 1;NAO INFORMADO; CARGO COMISSION.S/VINCULO;3436,00;;3436,00;306,00;3130,00;
EDISSANDRA OLIVEIRA GUIMARAES;EFETIVOS;ANALISTA PREVIDENCIARIO;; ESTATUTARIO;12557,50;;12557,50;3481,14;9076,36;
EDIVANDER SOUZA DOS SANTOS;EFETIVOS;ANALISTA PREVIDENCIARIO;AG. PREVIDENCIARIO; ESTATUTARIO;13157,50;;13157,50;3481,14;9676,36;
EMILY CASTELO BRANCO ENCARNACAO;EFETIVOS;ADVOGADO PUBLICO;ASSESSOR I AMZ-6; ESTATUTARIO;16987,29;;16987,29;4839,76;12147,53;
EUNICE PEREIRA DA SILVA;CEDIDOS;A.TEC-I;; ESTATUTARIO;4488,44;;4488,44;375,67;4112,77;
FABIO DE CARVALHO ROSA;EFETIVOS;ANALISTA PREVIDENCIARIO;COORDENADOR AMZ-3; ESTATUTARIO;16157,50;;16157,50;4254,01;11903,49;
FABIO MARTINS RIBEIRO;EFETIVOS;ADVOGADO PUBLICO;; ESTATUTARIO;16987,29;;16987,29;4944,03;12043,26;
FABIO ROBERTO GALVAO DA SILVA;COMISSIONADOS;ASS. DE DIRETORIA E GERENCIA AMZ. 1;NAO INFORMADO; CARGO COMISSION.S/VINCULO;3436,00;;3436,00;306,00;3130,00;
FLAVIA MARA MOREIRA COSTA ROCHA;COMISSIONADOS;ASSESSOR III;ASSESSOR III-AMZ-4; CARGO COMISSION.S/VINCULO;5664,00;;5664,00;934,98;4729,02;
FLAVIANA GALUCIO ZOUMBOUNELOS;COMISSIONADOS;COORDENADOR;COORDENADOR-AMZ-3; CARGO COMISSION.S/VINCULO;6170,00;;6170,00;1106,60;5063,40;
FRANCISCO DE ASSIS SOUZA OLIVEIRA;COMISSIONADOS;ASS. DE DIRETORIA E GERENCIA AMZ. 1;; CARGO COMISSION.S/VINCULO;3436,00;;3436,00;306,00;3130,00;
GAL MONICA MARINHEIRO PEREIRA;COMISSIONADOS;ASS. DE DIRETORIA E GERENCIA AMZ. 1;; CARGO COMISSION.S/VINCULO;4381,33;;4381,33;565,95;3815,38;
GENECI BEHLING BETT;EFETIVOS;ANALISTA PREVIDENCIARIO;; ESTATUTARIO;13659,80;;13659,80;3659,33;10000,47;
GIZA ALLEM NAZARE DE ANDRADE;COMISSIONADOS;GERENTE;GERENTE; CARGO COMISSION.S/VINCULO;10729,00;;10729,00;2381,80;8347,20;
GIZELE CORDOVIL MAIA;COMISSIONADOS;GERENTE;GERENTE; CARGO COMISSION.S/VINCULO;10729,00;;10729,00;2381,80;8347,20;
ISAIAS DE SOUZA CAVALCANTE;CEDIDOS;A.TEC-I;; ESTATUTARIO;4512,11;;4512,11;295,90;4216,21;
IVANILDO DA COSTA E SILVA;EFETIVOS;ANALISTA PREVIDENCIARIO;AG. PREVIDENCIARIO; ESTATUTARIO;13157,50;;13157,50;3481,14;9676,36;
IZABEL ELEINA MOREIRA;EFETIVOS;ANALISTA PREVIDENCIARIO;AG. PREVIDENCIARIO; ESTATUTARIO;13157,50;;13157,50;3533,28;9624,22;
JANIS LISANDRA BATISTA CRUZ;EFETIVOS;ANALISTA PREVIDENCIARIO;AG. PREVIDENCIARIO; ESTATUTARIO;10646,00;;10646,00;2538,05;8107,95;
JONATHAS CARREIRA MADEIRA JUNIOR;EFETIVOS;ADVOGADO PUBLICO;ADVOGADO; ESTATUTARIO;13709,83;;13709,83;3781,35;9928,48;
JORGE PIETRO RODRIGUES DE ARAUJO;EFETIVOS;ANALISTA PREVIDENCIARIO;AG. PREVIDENCIARIO; ESTATUTARIO;10646,00;;10646,00;2642,32;8003,68;
JOSE ANTONIO L SENHORAES;CEDIDOS;MOT-I;; ESTATUTARIO;4418,69;;4418,69;337,62;4081,07;
JOSE EMERSON CAMPOS RODRIGUES;EFETIVOS;ANALISTA PREVIDENCIARIO;AG. PREVIDENCIARIO; ESTATUTARIO;10646,00;;10646,00;2694,46;7951,54;
LEONARDO ALMEIDA DE S CAVALCANTI;EFETIVOS;ANALISTA PREVIDENCIARIO;GERENTE AMZ-7; ESTATUTARIO;18157,50;;18157,50;4856,14;13301,36;
LIGIA DA SILVA BARROS;COFIS;MEMBRO DE CONSELHO;VICE PRES CONS FISC; CARGO COMISSION.S/VINCULO;936,00;;936,00;;936,00;
LUCIANE BARROS DE SOUZA;EFETIVOS;ADVOGADO PUBLICO;ADVOGADO; ESTATUTARIO;16987,29;;16987,29;4891,89;12095,40;
LUIZ CARLOS REGO FREITAS;EFETIVOS;ANALISTA PREVIDENCIARIO;AG. PREVIDENCIARIO; ESTATUTARIO;13994,67;;13994,67;3350,08;10644,59;
LUIZ ROMULO PESSOA PEGADO;CEDIDOS;A.TEC-I;; ESTATUTARIO;4289,98;;4289,98;256,39;4033,59;
MANOEL FERREIRA LIMA JUNIOR;EFETIVOS;ANALISTA PREVIDENCIARIO;COORDENADOR AMZ-3; ESTATUTARIO;21343,33;;21343,33;5732,25;15611,08;
MARCELO MORAES CASTELLO BRANCO;CONAD;MEMBRO DE CONSELHO;MEMBRO.CONS.ADM.; CARGO COMISSION.S/VINCULO;1170,00;;1170,00;;1170,00;
MARCELO SOARES CAVALCANTE;EFETIVOS;ANALISTA PREVIDENCIARIO;AG. PREVIDENCIARIO; ESTATUTARIO;13157,50;;13157,50;3481,14;9676,36;
MARCO ANTONIO OLIVEIRA DE ARAUJO;COMISSIONADOS;ASSESSOR I AMZ.6;; CARGO COMISSION.S/VINCULO;8704,00;;8704,00;1772,79;6931,21;
MARCOS HOMERO XAVIER VENTILARI;EFETIVOS;ANALISTA PREVIDENCIARIO;AG. PREVIDENCIARIO; ESTATUTARIO;13157,50;;13157,50;3481,14;9676,36;
MARIA ADELAIDE RIBEIRO CRUZ;CODIR;ANALISTA PREVIDENCIARIO;DIRETOR DE PREVIDENC; ESTATUTARIO;21759,80;;21759,80;5641,81;16117,99;
MARIA DA CONCEICAO GUERREIRO SILVA;CONAD;MEMBRO DE CONSELHO;MEMBRO.CONS.ADM.; CARGO COMISSION.S/VINCULO;1170,00;65,69;1104,31;;1104,31;
MARIA DAS GRACAS VALENTE AMERICO;COMISSIONADOS;ASS. DE DIRETORIA E GERENCIA AMZ. 1;; CARGO COMISSION.S/VINCULO;3436,00;;3436,00;306,00;3130,00;
MARIA EDNA ALVES DA COSTA;CEDIDOS;A.TEC-I;; ESTATUTARIO;4492,70;;4492,70;376,67;4116,03;
MARIA LUCIA LIMA DUTRA;EFETIVOS;ANALISTA PREVIDENCIARIO;AG. PREVIDENCIARIO; ESTATUTARIO;13157,50;;13157,50;3585,42;9572,08;
MARIA SUELEN RIBEIRO DOS REIS;CEDIDOS;JORNALISTA;JORNALISTA; ESTATUTARIO;8114,51;;8114,51;1370,68;6743,83;
MARLENE AMANCIO DO AMARAL;CEDIDOS;A.TEC-I;; ESTATUTARIO;4502,41;;4502,41;378,95;4123,46;
MARTA REGINA OLIVEIRA DE FARIAS;CEDIDOS;A.TEC-II;ASSIST.TéCNICO II; ESTATUTARIO;4225,00;;4225,00;294,52;3930,48;
MARTHA DUTRA GADELHA DE ALBUQUERQUE;COFIS;MEMBRO DE CONSELHO;MEMBRO CONS.FISCAL; CARGO COMISSION.S/VINCULO;936,00;;936,00;;936,00;
MARY JANE MATTUTE SILVA;COMISSIONADOS;GERENTE;GERENTE; CARGO COMISSION.S/VINCULO;10729,00;;10729,00;2277,53;8451,47;
MOISES DA SILVA MENEZES;EFETIVOS;ADVOGADO PUBLICO;ADVOGADO; ESTATUTARIO;16987,29;;16987,29;4631,21;12356,08;
NAIS ALVES DE CAMPOS;COMISSIONADOS;ASSESSOR III AMZ.4;NAO INFORMADO; CARGO COMISSION.S/VINCULO;5664,00;;5664,00;934,98;4729,02;
NEILDO ROSAS DE LIMA;CEDIDOS;VIGIA-I;; ESTATUTARIO;4177,31;;4177,31;148,25;4029,06;
NELCI CAVALCANTE TOME;COMISSIONADOS;COORDENADOR;COORDENADOR-AMZ-3; CARGO COMISSION.S/VINCULO;6170,00;;6170,00;921,33;5248,67;
NUNO PONCE DE LEAO GONCALVES;COMISSIONADOS;ASSESSOR I AMZ.6;NAO INFORMADO; CARGO COMISSION.S/VINCULO;8704,00;;8704,00;1824,93;6879,07;
PRISCILLA TEIXEIRA FREIRE;EFETIVOS;ANALISTA PREVIDENCIARIO;AG. PREVIDENCIARIO; ESTATUTARIO;12557,50;;12557,50;3481,14;9076,36;
RAIMUNDO NONATO PEREIRA DE AGUIAR;EFETIVOS;ANALISTA PREVIDENCIARIO;AG. PREVIDENCIARIO; ESTATUTARIO;13157,50;;13157,50;3429,01;9728,49;
RAQUEL COELHO CAMARDELLA;COMISSIONADOS;ASS. DE DIRETORIA E GERENCIA AMZ. 1;; CARGO COMISSION.S/VINCULO;3436,00;;3436,00;306,00;3130,00;
RAWLISON THALES MARTINS NASCIMENTO;EFETIVOS;ANALISTA PREVIDENCIARIO;AG. PREVIDENCIARIO; ESTATUTARIO;13157,50;;13157,50;3481,14;9676,36;
RENIZIO DE OLIVEIRA FERREIRA;EFETIVOS;ANALISTA PREVIDENCIARIO;; ESTATUTARIO;13157,50;;13157,50;3533,28;9624,22;
RICLEITON WALLACE PEDROSO BATISTA;EFETIVOS;ANALISTA PREVIDENCIARIO;; ESTATUTARIO;13157,50;;13157,50;3210,67;9946,83;
RILMA FERREIRA DA COSTA;EFETIVOS;ANALISTA PREVIDENCIARIO;ASSESSOR III AMZ-4; ESTATUTARIO;19343,33;;19343,33;5234,38;14108,95;
ROBERVANE MORAES DE MELLO COMPTON;EFETIVOS;ANALISTA PREVIDENCIARIO;AG. PREVIDENCIARIO; ESTATUTARIO;13157,50;;13157,50;3481,14;9676,36;
ROBSON SORIA NEGREIROS;EFETIVOS;ANALISTA PREVIDENCIARIO;; ESTATUTARIO;13157,50;;13157,50;3481,14;9676,36;
RONALDO ROSALINO JUNIOR;EFETIVOS;ANALISTA PREVIDENCIARIO;AG. PREVIDENCIARIO; ESTATUTARIO;13157,50;;13157,50;3585,42;9572,08;
SERGIO FERREIRA NETO;EFETIVOS;ANALISTA PREVIDENCIARIO;; ESTATUTARIO;13157,50;;13157,50;3585,42;9572,08;
SID ALVES DA SILVA GUILHERME;EFETIVOS;ADVOGADO PUBLICO;; ESTATUTARIO;16987,29;;16987,29;4944,03;12043,26;
SIMELBE CARNEIRO FURTADO CAMARA;EFETIVOS;ANALISTA PREVIDENCIARIO;; ESTATUTARIO;13157,50;;13157,50;3533,28;9624,22;
VALDIR RODRIGUES BARBOSA;CONAD;MEMBRO DE CONSELHO;MEMBRO.CONS.ADM.; CARGO COMISSION.S/VINCULO;1170,00;511,07;658,93;;658,93;
VANDER LAAN REIS GOES;CONAD;MEMBRO DE CONSELHO;MEMBRO.CONS.ADM.; CARGO COMISSION.S/VINCULO;1170,00;;1170,00;;1170,00;
WANDER ARAUJO MOTTA;CONAD;MEMBRO DE CONSELHO;VICE-PRES CONS.ADM.; CARGO COMISSION.S/VINCULO;1170,00;;1170,00;;1170,00;
WELLINGTON GUIMARAES BENTES;EFETIVOS;ANALISTA PREVIDENCIARIO;; ESTATUTARIO;17343,33;;17343,33;4736,52;12606,81;
WILZA DO NASCIMENTO MOREIRA;COMISSIONADOS;ASS. DE DIRETORIA E GERENCIA AMZ. 1;; CARGO COMISSION.S/VINCULO;3436,00;;3436,00;306,00;3130,00;
WIVIANNY FARIAS PEREIRA LACERDA;EFETIVOS;ANALISTA PREVIDENCIARIO;; ESTATUTARIO;10046,00;;10046,00;2590,18;7455,82;
ZIRLEY RAMOS AQUINO;EFETIVOS;ANALISTA PREVIDENCIARIO;AG. PREVIDENCIARIO; ESTATUTARIO;13157,50;;13157,50;3585,42;9572,08;
