NOME;LOTACAO;CARGO;FUNCAO;VINCULO;REMUNERACAO LEGAL TOTAL(R$);DESC.TETO(R$); REMUNERACAO LEGAL DEVIDA(R$);DESCONTOS LEGAIS(R$);LIQUIDO DISPONIVEL(R$);
Alan Jorge Gonçalves;AGENCIA DE REPRES.PROM.DO AM;ASSESSOR III;; CARGO COMISSION.S/VINCULO;3191,80;;3191,80;407,12;2784,68;
DENIZE RONDINA;AGENCIA DE REPRES.PROM.DO AM;ASSESSOR I;NAO INFORMADO; CARGO COMISSION.S/VINCULO;4229,77;;4229,77;676,15;3553,62;
ELAINE COLETTO DOS SANTOS ARCANGELI;AGENCIA DE REPRES.PROM.DO AM;CHEFE DE ESCRITOR.DE REPRESENTACAO;; CARGO COMISSION.S/VINCULO;28060,00;;28060,00;7312,83;20747,17;
IRINEIDE DA SILVA ARAUJO;GABINETE DO SECRETARIO;A.TEC-I;FG-2 ASSESSORIA; ESTATUTARIO;4947,12;;4947,12;616,26;4330,86;
JOSE FELIX PEREIRA VALOZ JUNIOR;AGENCIA DE REPRES.PROM.DO AM;ASSESSOR TECNICO;; CARGO COMISSION.S/VINCULO;7000,00;;7000,00;1521,33;5478,67;
LEILA CRISTINE DE OLIVEIRA COELHO;AGENCIA DE REPRES.PROM.DO AM;CHEFE DE GABINETE;; CARGO COMISSION.S/VINCULO;5229,77;;5229,77;986,40;4243,37;
LUIZ CARLOS GONCALVES;AGENCIA DE REPRES.PROM.DO AM;TNS-I;MOT.DO SECRETARIO; ESTATUTARIO;3658,12;;3658,12;376,08;3282,04;
MARCIO ROBERTO DA SILVA;AGENCIA DE REPRES.PROM.DO AM;ASSESSOR II;; CARGO COMISSION.S/VINCULO;3209,79;;3209,79;426,78;2783,01;
ROCINEIDE MARIA VENANCIO DA SILVA;AGENCIA DE REPRES.PROM.DO AM;AUX.O-I;ASSESSOR I AD-1; ESTATUTARIO;6330,67;;6330,67;5576,74;753,93;
SALETE MARIA SIQUEIRA;AGENCIA DE REPRES.PROM.DO AM;ASSESSOR III;NAO INFORMADO; CARGO COMISSION.S/VINCULO;1681,80;;1681,80;134,54;1547,26;
SANDRA ANDREA DA COSTA RIBEIRO;AGENCIA DE REPRES.PROM.DO AM;ASSESSOR I;; CARGO COMISSION.S/VINCULO;4229,77;;4229,77;676,15;3553,62;
TADEU LUIS RODRIGUES MATSUNAGA;AGENCIA DE REPRES.PROM.DO AM;ASSESSOR TECNICO;; CARGO COMISSION.S/VINCULO;7000,00;;7000,00;1521,33;5478,67;
VERUSCA KUROKI CRUZ;AGENCIA DE REPRES.PROM.DO AM;CHEFE DE DEPARTAMENTO;; CARGO COMISSION.S/VINCULO;5229,77;;5229,77;986,40;4243,37;
