NOME;LOTACAO;CARGO;FUNCAO;VINCULO;REMUNERACAO LEGAL TOTAL(R$);DESC.TETO(R$); REMUNERACAO LEGAL DEVIDA(R$);DESCONTOS LEGAIS(R$);LIQUIDO DISPONIVEL(R$);
ALAN JORGE GONÇALVES;AGENCIA DE REPRES.PROM.DO AM;ASSESSOR III;; CARGO COMISSION.S/VINCULO;3191,80;;3191,80;407,12;2784,68;
DENIZE RONDINA;AGENCIA DE REPRES.PROM.DO AM;ASSESSOR I;NAO INFORMADO; CARGO COMISSION.S/VINCULO;5639,69;;5639,69;1131,32;4508,37;
ISABEL NUNES FERNANDEZ;GABINETE DO SECRETARIO;CHEFE DE DEPARTAMENTO;NAO INFORMADO; CARGO COMISSION.S/VINCULO;5229,77;;5229,77;986,40;4243,37;
LAYSA PIRES STONE;GABINETE EXECUTIVO;ASSESSOR TECNICO;NAO INFORMADO; CARGO COMISSION.S/VINCULO;7000,00;;7000,00;1521,33;5478,67;
LEANDRO SOUZA BENEVIDES;AGENCIA DE REPRES.PROM.DO AM;CHEFE DE ESCRITOR.DE REPRESENTACAO;NAO INFORMADO; CARGO COMISSION.S/VINCULO;28060,00;;28060,00;7312,83;20747,17;
LEILA CRISTINE COELHO MEIRELES;AGENCIA DE REPRES.PROM.DO AM;CHEFE DE GABINETE;; CARGO COMISSION.S/VINCULO;5229,77;;5229,77;986,40;4243,37;
LUIZ CARLOS GONCALVES;AGENCIA DE REPRES.PROM.DO AM;TNS-I;MOT.DO SECRETARIO; ESTATUTARIO;3658,12;;3658,12;376,08;3282,04;
MARCIO ROBERTO DA SILVA;AGENCIA DE REPRES.PROM.DO AM;ASSESSOR II;; CARGO COMISSION.S/VINCULO;3209,79;;3209,79;426,78;2783,01;
MICHEL FERREIRA DO VALE;AGENCIA DE REPRES.PROM.DO AM;TEC.DA FAZENDA ESTADUAL 3A.CL.IV;ASSESSOR TECNICO; ESTATUTARIO;7000,00;;7000,00;1055,64;5944,36;
ROCINEIDE MARIA VENANCIO DA SILVA;AGENCIA DE REPRES.PROM.DO AM;AUX.O-I;ASSESSOR I; ESTATUTARIO;3172,70;;3172,70;384,26;2788,44;
SALETE MARIA SIQUEIRA;AGENCIA DE REPRES.PROM.DO AM;ASSESSOR III;NAO INFORMADO; CARGO COMISSION.S/VINCULO;1681,80;;1681,80;134,54;1547,26;
SANDRA ANDREA DA COSTA RIBEIRO;AGENCIA DE REPRES.PROM.DO AM;ASSESSOR I;; CARGO COMISSION.S/VINCULO;4229,77;;4229,77;676,15;3553,62;
TATIANE MARTINS SIMÃO;GABINETE EXECUTIVO;ASSESSOR I;NAO INFORMADO; CARGO COMISSION.S/VINCULO;5229,77;;5229,77;986,40;4243,37;
VALERIA SERPA VIEIRA LEITE;AGENCIA DE REPRES.PROM.DO AM;ASSESSOR TECNICO;NAO INFORMADO; CARGO COMISSION.S/VINCULO;7000,00;;7000,00;1521,33;5478,67;
