NOME;LOTACAO;CARGO;FUNCAO;VINCULO;REMUNERACAO LEGAL TOTAL(R$);DESC.TETO(R$); REMUNERACAO LEGAL DEVIDA(R$);DESCONTOS LEGAIS(R$);LIQUIDO DISPONIVEL(R$);
ADELI FRANCY FERREIRA MASSULO;FUND.DERM.TROP.VEN.ALFRED.MATA;AUX. EM REGISTRO DE SAUDE 2A CLASSE;SUBGERENTE AD3; ESTATUTARIO;2956,46;;2956,46;351,32;2605,14;
ADRIANA ANDRADE RAPOSO;FUND.DERM.TROP.VEN.ALFRED.MATA;MEDICO ESPECIALISTA;; ESTATUTARIO;7589,00;;7589,00;1788,73;5800,27;
ADRIANO PLACIDO DA ROCHA SOBRAL;FUND.DERM.TROP.VEN.ALF.DA MATA;AGENTE ADM.-AGA-T.S.N.A.-E;SUBGERENTE; ESTATUTARIO;5064,79;;5064,79;539,86;4524,93;
AGLIMAR COSTA BARRONCAS;FUND.DERM.TROP.VEN.ALFRED.MATA;AUXILIAR DE ENFERMAGEM A;GERENTE; ESTATUTARIO;6148,35;;6148,35;795,50;5352,85;
ALESSANDRA MARIA MOURA S SOUZA;FUND.DERM.TROP.VEN.ALFRED.MATA;GERENTE;GERENTE AD-2; CARGO COMISSION.S/VINCULO;4543,27;;4543,27;641,90;3901,37;
ALESSANDRA MARQUES NASCIMENTO;FUND.DERM.TROP.VEN.ALF.DA MATA;AGENTE ADM.-AGA-T.S.N.A.-E;; ESTATUTARIO;2064,79;;2064,79;177,63;1887,16;
ALEXANDRA DE FREITAS COSTA;FUND.DERM.TROP.VEN.ALFRED.MATA;TECNICO DE SAUDE EM DERMATOLOGIA;TED DE SAUDE DERMAT; ESTATUTARIO;3324,64;;3324,64;292,17;3032,47;
ALFREDO VIDAL DA SILVA JUNIOR;FUND.DERM.TROP.VEN.ALF.DA MATA;AGENTE ADM.-AGA-T.S.N.A.-E;ASSESSOR III; ESTATUTARIO;5064,79;;5064,79;539,86;4524,93;
ALINE BASILICE CIPRIANO GUERREIRO;FUND.DERM.TROP.VEN.ALF.DA MATA;ENFERMEIRO-ENF-P.S.N.S.-A;; ESTATUTARIO;6200,25;;6200,25;1170,54;5029,71;
ALVARO LUIS BRANDAO DE FREITAS;FUND.DERM.TROP.VEN.ALFRED.MATA;TECNICO EM DERMAT SANITARIA;; ESTATUTARIO;3045,44;;3045,44;273,18;2772,26;
AMANDA COSTA DA SILVA;FUND.DERM.TROP.VEN.ALFRED.MATA;AUXILIAR DE ENFERMAGEM A;AUX. DE ENFERMAGEM; ESTATUTARIO;2337,34;;2337,34;191,32;2146,02;
AMAURI DAMASCENO PASSOS;FUND.DERM.TROP.VEN.ALFRED.MATA;TECNICO EM DERMAT SANITARIA;ASSESSOR III - AD3; ESTATUTARIO;2870,92;;2870,92;266,30;2604,62;
ANA CELIA DA SILVA MOURA;FUND.DERM.TROP.VEN.ALFRED.MATA;FARMACEUTICO;FARMACEUTICO; ESTATUTARIO;7376,78;;7376,78;1553,61;5823,17;
ANA CLAUDIA ARAUJO LOPES C CAMILLO;FUND.DERM.TROP.VEN.ALFRED.MATA;ENFERMEIRO-ENF-P.S.N.S.-B;ENFERMEIRA; ESTATUTARIO;7058,40;;7058,40;1422,83;5635,57;
ANA CRISTINA DE LIMA MIRANDA;FUND.DERM.TROP.VEN.ALFRED.MATA;TECNICO DE PATOLOGIA CLINICA A;TEC. PATOL. CLINICA; ESTATUTARIO;2860,49;;2860,49;230,34;2630,15;
ANA CRISTINA MEZA BATAGINI;FUND.DERM.TROP.VEN.ALFRED.MATA;CIR.DENT.-CCRD-P.S.N.S.-A;CIRURGIAO DENTISTA; ESTATUTARIO;6200,25;;6200,25;1170,54;5029,71;
ANA LUCIA ALVES DE MESQUITA;FUND.DERM.TROP.VEN.ALFRED.MATA;TECNICO DE SAUDE EM DERMATOLOGIA;SUBGERENTE; ESTATUTARIO;5605,98;;5605,98;720,48;4885,50;
ANA RUTH SILVA DE ARAUJO;FUND.DERM.TROP.VEN.ALFRED.MATA;MEDICO DOUTOR;; ESTATUTARIO;12998,76;;12998,76;3433,50;9565,26;
ANA VERONICA MATIAS P DAMASCENO;FUND.DERM.TROP.VEN.ALFRED.MATA;TEC.DE PAT.CLINICA-TPC-P.S.N.M.-A;TEC. PATOLOGIA; ESTATUTARIO;2655,99;;2655,99;225,28;2430,71;
ANDRE LUIZ LETURIONDO;FUND.DERM.TROP.VEN.ALFRED.MATA;FARMACEUTICO BIOQUIMICO A;FARMAC. BIOQUIMICO; ESTATUTARIO;6594,11;;6594,11;1310,26;5283,85;
ANDRE LUIZ LETURIONDO;FUND.DERM.TROP.VEN.ALF.DA MATA;FARMAC.BIOQ. -FAB-P.S.N.S.-A;FARMAC. BIOQUIMICO; ESTATUTARIO;6222,88;;6222,88;1338,21;4884,67;
ANDREY AMORIM DE LIMA;FUND.DERM.TROP.VEN.ALF.DA MATA;MEDICO RESIDENTE;; RESIDENTE;3698,63;;3698,63;366,34;3332,29;
ANDREZA TELES GUIMARAES;FUND.DERM.TROP.VEN.ALFRED.MATA;AUXILIAR DE ENFERMAGEM A;AUX. DE ENFERMAGEM; ESTATUTARIO;2132,84;;2132,84;191,32;1941,52;
ANIZE MARLY SIMOES;FUND.DERM.TROP.VEN.ALFRED.MATA;COPEIRO A;; ESTATUTARIO;2230,85;;2230,85;195,89;2034,96;
ANTONIO CLOVES CARVALHO DE MOURA;FUND.DERM.TROP.VEN.ALF.DA MATA;TEC. DE ENFERMAGEM-TEN-P.S.N.M.-A;SUBGERENTE; ESTATUTARIO;5048,03;;5048,03;682,18;4365,85;
ANTONIO PEDRO MENDES SCHETTINI;FUND.DERM.TROP.VEN.ALF.DA MATA;MEDICO MESTRE;; ESTATUTARIO;10040,27;;10040,27;2648,24;7392,03;
ARIANA SARMENTO DA CUNHA LEAO;FUND.DERM.TROP.VEN.ALF.DA MATA;AGENTE ADM.-AGA-T.S.N.A.-E;; ESTATUTARIO;2064,79;;2064,79;177,63;1887,16;
ARINILDA DA SILVA PRADO;FUND.DERM.TROP.VEN.ALFRED.MATA;AUXILIAR DE ENFERMAGEM;AUX. DE ENFERMAGEM; ESTATUTARIO;2337,34;;2337,34;191,32;2146,02;
BENIVALDA DOS SANTOS DOLZANE;FUND.DERM.TROP.VEN.ALFRED.MATA;TECNICO DE SAUDE EM DERMATOLOGIA;; ESTATUTARIO;2952,29;;2952,29;250,03;2702,26;
BENJAMIN PERPETUO DE SOUZA FILHO;FUND.DERM.TROP.VEN.ALFRED.MATA;ASSIST. DA ADM. AUXILIAR 2A CLASSE;ASSESSOR III; ESTATUTARIO;5384,23;;5384,23;351,95;5032,28;
Claudia Zanardo Alves da Graca;FUND.DERM.TROP.VEN.ALFRED.MATA;MEDICO ESPECIALISTA;; ESTATUTARIO;10368,56;;10368,56;2418,39;7950,17;
CAMILA GURGEL DOS SANTOS DA SILVA;FUND.DERM.TROP.VEN.ALFRED.MATA;FARMAC.BIOQ. -FAB-P.S.N.S.-A;; ESTATUTARIO;6200,25;;6200,25;1170,54;5029,71;
CARLA ANTONIA NAZARETH JAIME;FUND.DERM.TROP.VEN.ALFRED.MATA;CIR.DENT.-CCRD-P.S.N.S.-A;CIRUGIAO DENTISTA; ESTATUTARIO;6727,63;;6727,63;1253,36;5474,27;
CARLA BARROS DA ROCHA RIBAS;FUND.DERM.TROP.VEN.ALFRED.MATA;MEDICO MESTRE;; ESTATUTARIO;10838,21;;10838,21;2727,41;8110,80;
CARLOS ALBERTO CASTRO BARROS;FUND.DERM.TROP.VEN.ALFRED.MATA;ENFERMEIRO-ENF-P.S.N.S.-A;GERENTE; ESTATUTARIO;6432,72;;6432,72;1148,74;5283,98;
CARLOS ALBERTO CHIRANO RODRIGUES;FUND.DERM.TROP.VEN.ALFRED.MATA;MEDICO ESPECIALISTA;; ESTATUTARIO;8244,40;;8244,40;1703,80;6540,60;
CAROLINA CHRUSCIAK TALHARI CORTEZ;FUND.DERM.TROP.VEN.ALF.DA MATA;PESQUISADOR TIT.-PET-P.S.N.S.-A;; ESTATUTARIO;6909,20;;6909,20;1369,90;5539,30;
CELIA MARIA FERREIRA CORREIA;FUND.DERM.TROP.VEN.ALFRED.MATA;MEDICO ESPECIALISTA;; ESTATUTARIO;11076,29;;11076,29;2801,45;8274,84;
CELILIA DE LIMA BORGES;FUND.DERM.TROP.VEN.ALFRED.MATA;ENFERMEIRO-ENF-P.S.N.S.-A;; ESTATUTARIO;5982,72;;5982,72;350,67;5632,05;
CHRISTIAN SILVA DE SOUZA;FUND.DERM.TROP.VEN.ALF.DA MATA;AGENTE ADM.-AGA-T.S.N.A.-E;; ESTATUTARIO;2064,79;;2064,79;177,63;1887,16;
CLAUDIA MARINA PUGA ANTONY;FUND.DERM.TROP.VEN.ALFRED.MATA;MEDICO ESPECIALISTA;; ESTATUTARIO;7888,92;;7888,92;1736,49;6152,43;
CLAUDIA REGINA DE SOUSA CUNHA;FUND.DERM.TROP.VEN.ALFRED.MATA;TECNICO DE PATOLOGIA CLINICA A;TEC. PATOL. CLINICA; ESTATUTARIO;2498,03;;2498,03;225,28;2272,75;
CLEIBY ANDRADE DOS SANTOS;FUND.DERM.TROP.VEN.ALFRED.MATA;TECNICO EM PATOLOGIA CLINICA;TEC. PATOL. CLINICA; ESTATUTARIO;2498,03;;2498,03;225,28;2272,75;
CLEOCINEIDE MESSIAS DA SILVA;FUND.DERM.TROP.VEN.ALFRED.MATA;TEC. EM REGISTRO DE SAUDE 3A CLASSE;SUBGERENTE; ESTATUTARIO;5853,26;;5853,26;703,92;5149,34;
CYNTHIA DE OLIVEIRA FERREIRA;FUND.DERM.TROP.VEN.ALFRED.MATA;FARMAC.BIOQ. -FAB-P.S.N.S.-A;FARMAC BIOQUIMICO; ESTATUTARIO;6672,88;;6672,88;1338,21;5334,67;
DAMIANA SILVA DE OLIVEIRA GOMES;FUND.DERM.TROP.VEN.ALFRED.MATA;TECNICO DE SAUDE EM DERMATOLOGIA;; ESTATUTARIO;2498,03;;2498,03;225,28;2272,75;
DANIELA FROTA DE SOUZA;FUND.DERM.TROP.VEN.ALFRED.MATA;MEDICO ESPECIALISTA;MED GENERALISTA; ESTATUTARIO;8573,62;;8573,62;1978,38;6595,24;
DANIELLA GOMES DE MORAES;FUND.DERM.TROP.VEN.ALF.DA MATA;TEC.DE PAT.CLINICA-TPC-P.S.N.M.-A;; ESTATUTARIO;2860,49;;2860,49;230,34;2630,15;
DANIELLE CRISTINE WESTPHAL;FUND.DERM.TROP.VEN.ALFRED.MATA;MEDICO ESPECIALISTA;; ESTATUTARIO;7888,92;;7888,92;1736,49;6152,43;
DANIELLE FARIAS DA CRUZ FERNANDES;FUND.DERM.TROP.VEN.ALF.DA MATA;CHEFE DE GABINETE;NAO INFORMADO; CARGO COMISSION.S/VINCULO;5550,30;;5550,30;946,24;4604,06;
DANILO NEVES DE OLIVEIRA;FUND.DERM.TROP.VEN.ALFRED.MATA;TECNICO DE SAUDE EM DERMATOLOGIA;; ESTATUTARIO;2860,49;;2860,49;232,17;2628,32;
DAYSE DE OLIVEIRA BRILHANTE;FUND.DERM.TROP.VEN.ALF.DA MATA;AGENTE ADM.-AGA-T.S.N.A.-E;; ESTATUTARIO;1614,79;;1614,79;;1614,79;
DEBORA CRISTINA DE LIMA FERNANDES;FUND.DERM.TROP.VEN.ALF.DA MATA;FARMACEUTICO-FAR-P.S.N.S.-A;GERENTE; ESTATUTARIO;6200,25;;6200,25;1170,54;5029,71;
DEBORAH MACHADO DE SOUZA ROCHA;FUND.DERM.TROP.VEN.ALFRED.MATA;AGENTE ADM.-AGA-T.S.N.A.-G;; ESTATUTARIO;2577,81;;2577,81;234,06;2343,75;
DELMARAH MACHADO DE BRITO LIMA;FUND.DERM.TROP.VEN.ALFRED.MATA;AGENTE ADM.-AGA-T.S.N.A.-G;; ESTATUTARIO;2431,80;;2431,80;187,25;2244,55;
DENISE HARIANNE FERREIRA SIMOES;FUND.DERM.TROP.VEN.ALF.DA MATA;ENFERMEIRO-ENF-P.S.N.S.-A;; ESTATUTARIO;6200,25;;6200,25;1170,54;5029,71;
DIANA MARA DOS SANTOS GOMES PEREIRA;FUND.DERM.TROP.VEN.ALF.DA MATA;TEC. DE ENFERMAGEM-TEN-P.S.N.M.-A;; ESTATUTARIO;2498,03;;2498,03;225,28;2272,75;
DIRCE MARIANNE LIRA DE SERRA;FUND.DERM.TROP.VEN.ALFRED.MATA;AGENTE ADM.-AGA-T.S.N.A.-G;; ESTATUTARIO;2578,86;;2578,86;211,18;2367,68;
EDINELZA PORTO DIAS PERIN;FUND.DERM.TROP.VEN.ALF.DA MATA;ENFERMEIRO-ENF-P.S.N.S.-A;GERENTE; ESTATUTARIO;10200,25;;10200,25;2270,54;7929,71;
EDIVALDO LOPES BARROSO;FUND.DERM.TROP.VEN.ALFRED.MATA;OPERADOR DE MANUTENCAO E APO;OPE DE MANUT APOIO; ESTATUTARIO;2051,40;;2051,40;176,15;1875,25;
EDIVAR DOS SANTOS FERNANDES FILHO;FUND.DERM.TROP.VEN.ALFRED.MATA;FARMAC.BIOQ. -FAB-P.S.N.S.-D;; ESTATUTARIO;9155,02;;9155,02;2378,38;6776,64;
ELAINE DA SILVA BRASIL PAIVA;FUND.DERM.TROP.VEN.ALFRED.MATA;AUXILIAR DE ENFERMAGEM A;AUX. DE ENFERMAGEM; ESTATUTARIO;2561,16;;2561,16;191,32;2369,84;
ELAINE DIAS MELO;FUND.DERM.TROP.VEN.ALF.DA MATA;MEDICO RESIDENTE;; RESIDENTE;3780,43;;3780,43;366,34;3414,09;
ELBIO CORREA ROLA;FUND.DERM.TROP.VEN.ALFRED.MATA;TECNICO EM DERMAT SANITARIA;; ESTATUTARIO;3065,89;;3065,89;273,18;2792,71;
ELEADE DE OLIVEIRA FALCAO SOARES;FUND.DERM.TROP.VEN.ALFRED.MATA;TEC.DE PAT.CLINICA-TPC-P.S.N.M.-A;TEC.PAT.CLINICA; ESTATUTARIO;2498,03;;2498,03;225,28;2272,75;
ELEADE DE OLIVEIRA FALCAO SOARES;FUND.DERM.TROP.VEN.ALFRED.MATA;TEC.DE PAT.CLINICA-TPC-P.S.N.M.-A;; ESTATUTARIO;2048,03;;2048,03;225,28;1822,75;
ELIANA MARIA OLIVEIRA DA CAMARA;FUND.DERM.TROP.VEN.ALF.DA MATA;FISIOTERAPEUTA-FIS-P.S.N.S.-A;; ESTATUTARIO;6200,25;;6200,25;1170,54;5029,71;
ELIANE DOS SANTOS BRANDAO;FUND.DERM.TROP.VEN.ALF.DA MATA;ENFERMEIRO-ENF-P.S.N.S.-A;; ESTATUTARIO;8117,00;;8117,00;1697,65;6419,35;
ELIZABETH DE FATIMA P NASCIMENTO;FUND.DERM.TROP.VEN.ALFRED.MATA;AUXILIAR DE SAUDE 3A CLASSE;; ESTATUTARIO;2293,10;;2293,10;227,24;2065,86;
ELOILDO CLAUDIO DA COSTA;FUND.DERM.TROP.VEN.ALF.DA MATA;TEC. DE ENFERMAGEM-TEN-P.S.N.M.-A;; ESTATUTARIO;2498,03;;2498,03;225,28;2272,75;
ELYANA ALMEIDA MARQUES;FUND.DERM.TROP.VEN.ALF.DA MATA;MEDICO RESIDENTE;; RESIDENTE;3780,43;;3780,43;366,34;3414,09;
ELZENIR DA SILVA GOMES;FUND.DERM.TROP.VEN.ALFRED.MATA;AUXILIAR DE SERVICOS GERAIS;; ESTATUTARIO;2563,37;;2563,37;209,43;2353,94;
EMERSON LUIS DE CASTRO T SILVA;FUND.DERM.TROP.VEN.ALFRED.MATA;MEDICO ESPECIALISTA;MED ESPECIALISTA; ESTATUTARIO;8039,00;;8039,00;1788,73;6250,27;
EUCILENE PEREIRA DE LIMA;FUND.DERM.TROP.VEN.ALF.DA MATA;TEC. DE ENFERMAGEM-TEN-P.S.N.M.-A;; ESTATUTARIO;2048,03;;2048,03;225,28;1822,75;
EUGENIO MEDEIROS FRAZAO;FUND.DERM.TROP.VEN.ALFRED.MATA;TEC.DE PAT.CLINICA-TPC-P.S.N.M.-D;; ESTATUTARIO;2420,92;;2420,92;266,30;2154,62;
EUNICIANO MOREIRA DE OLIVEIRA;FUND.DERM.TROP.VEN.ALFRED.MATA;ARTIFICE-ART-T.S.N.A.-C;; ESTATUTARIO;2353,94;;2353,94;209,43;2144,51;
EZEQUIAS GOMES SICSU;FUND.DERM.TROP.VEN.ALF.DA MATA;AGENTE ADM.-AGA-T.S.N.A.-E;ASSESSOR III; ESTATUTARIO;5064,79;;5064,79;539,86;4524,93;
FANIA JEAN NAZARE PEREIRA;FUND.DERM.TROP.VEN.ALF.DA MATA;TEC. DE ENFERMAGEM-TEN-P.S.N.M.-A;; ESTATUTARIO;2498,03;;2498,03;225,28;2272,75;
FERNANDA QUEIROZ DE LIMA;FUND.DERM.TROP.VEN.ALFRED.MATA;TECNICO DE SAUDE EM DERMATOLOGIA;GERENTE; ESTATUTARIO;6498,03;;6498,03;957,18;5540,85;
FLAVIA DE JESUS PADILHA;FUND.DERM.TROP.VEN.ALF.DA MATA;MEDICO ESPECIALISTA;; ESTATUTARIO;7888,92;;7888,92;1648,53;6240,39;
FLAVIANO DA SILVA OLIVEIRA;FUND.DERM.TROP.VEN.ALFRED.MATA;MEDICO ESPECIALISTA;; ESTATUTARIO;9115,36;;9115,36;2115,61;6999,75;
FRANCINETE MOTTA LOPES;FUND.DERM.TROP.VEN.ALFRED.MATA;TEC.DE PAT.CLINICA-TPC-P.S.N.M.-C;; ESTATUTARIO;2403,26;;2403,26;264,36;2138,90;
FRANCINETHE MIRANDA SEIXAS;FUND.DERM.TROP.VEN.ALFRED.MATA;ASSESSOR III;ASSESSOR III AD-3; CARGO COMISSION.S/VINCULO;3536,94;;3536,94;402,81;3134,13;
FRANCISCO ESMERINDO LOPES OLIVEIRA;FUND.DERM.TROP.VEN.ALF.DA MATA;TEC. DE ENFERMAGEM-TEN-P.S.N.M.-A;; ESTATUTARIO;2498,03;;2498,03;225,28;2272,75;
FRANCISCO HELDER CAVALCANTE SOUSA;FUND.DERM.TROP.VEN.ALFRED.MATA;PESQUISADOR INIC.-PEI-P.S.N.S.-D;DIRETOR PRESIDENTE; ESTATUTARIO;8520,70;;8520,70;1993,72;6526,98;
FRANQUEL FIGUEIREDO DE BRITO;FUND.DERM.TROP.VEN.ALF.DA MATA;AGENTE ADM.-AGA-T.S.N.A.-E;; ESTATUTARIO;2064,79;;2064,79;177,63;1887,16;
GEYSE GLEYSE DA COSTA G OLIVEIRA;FUND.DERM.TROP.VEN.ALF.DA MATA;FARMACEUTICO-FAR-P.S.N.S.-A;; ESTATUTARIO;6200,25;;6200,25;1170,54;5029,71;
GILMEIRE NAPOLEAO SABOGAL;FUND.DERM.TROP.VEN.ALFRED.MATA;ENFERMEIRO-ENF-P.S.N.S.-A;; ESTATUTARIO;6200,25;;6200,25;1170,54;5029,71;
GISELE COLARES SALES DE OLIVEIRA;FUND.DERM.TROP.VEN.ALF.DA MATA;MEDICO ESPECIALISTA;; ESTATUTARIO;7888,92;;7888,92;1736,49;6152,43;
GISELLY DA COSTA LEAL;FUND.DERM.TROP.VEN.ALF.DA MATA;AGENTE ADM.-AGA-T.S.N.A.-E;; ESTATUTARIO;2064,79;;2064,79;177,63;1887,16;
GLAUDOMIRA FERREIRA DOS S RODRIGUES;FUND.DERM.TROP.VEN.ALF.DA MATA;CHEFE DE DEPARTAMENTO;NAO INFORMADO; CARGO COMISSION.S/VINCULO;5509,40;;5509,40;946,24;4563,16;
GUSTAVO AVILA MAQUINE;FUND.DERM.TROP.VEN.ALF.DA MATA;MEDICO ESPECIALISTA;; ESTATUTARIO;7786,67;;7786,67;1736,49;6050,18;
HELENA DE NAZARE RODRIGUES E SANTO;FUND.DERM.TROP.VEN.ALFRED.MATA;ASSESSOR III;ASSESSOR III - AD3; CARGO COMISSION.S/VINCULO;3536,94;;3536,94;402,81;3134,13;
HELIANA JAMILE DOS SANTOS BRANDÃO;FUND.DERM.TROP.VEN.ALF.DA MATA;AGENTE ADM.-AGA-T.S.N.A.-E;; ESTATUTARIO;2064,79;;2064,79;177,63;1887,16;
HELOISA HELENA SANTANA XAUD REIS;FUND.DERM.TROP.VEN.ALFRED.MATA;PSICOLOGO-PSI-P.S.N.S.-B;ASSESSOR I - AD1; ESTATUTARIO;11640,91;;11640,91;2716,38;8924,53;
HERALDO LUCAS MELO;FUND.DERM.TROP.VEN.ALF.DA MATA;DIRETOR ADMINISTRATIVO E FINANCEIRO;NAO INFORMADO; CARGO COMISSION.S/VINCULO;9347,75;;9347,75;2019,19;7328,56;
HERCULANO GONCALVES DE SOUZA;FUND.DERM.TROP.VEN.ALFRED.MATA;MOTORISTA-MOT-T.S.N.A.-C;SUBGERENTE AD3; ESTATUTARIO;2660,10;;2660,10;244,80;2415,30;
HILARIO AQUINO DE OLIVEIRA;FUND.DERM.TROP.VEN.ALF.DA MATA;TECNICO EM DERMAT SANITARIA;; ESTATUTARIO;3233,97;;3233,97;271,20;2962,77;
HUMBERTO SANTOS DA SILVA;FUND.DERM.TROP.VEN.ALFRED.MATA;OPER.MAN.E APOIO-OMA-T.S.N.A-A;OPERADOR MANUTENCAO; ESTATUTARIO;2051,40;;2051,40;176,15;1875,25;
HYONY BRAGA LOPES;FUND.DERM.TROP.VEN.ALF.DA MATA;CHEFE DE DEPARTAMENTO;NAO INFORMADO; CARGO COMISSION.S/VINCULO;5550,30;;5550,30;946,24;4604,06;
IANE CRISTINA DE OLIVEIRA FERREIRA;FUND.DERM.TROP.VEN.ALFRED.MATA;AUXILIAR DE ENFERMAGEM A;; ESTATUTARIO;2386,30;;2386,30;212,99;2173,31;
IAUATA FIRMO DA SILVA;FUND.DERM.TROP.VEN.ALF.DA MATA;PROGRAMADOR-PRO-T.S.N.M.-A;; ESTATUTARIO;2760,61;;2760,61;171,56;2589,05;
IGOR ARGUELLES LEAO;FUND.DERM.TROP.VEN.ALF.DA MATA;TECNICO-TEC-T.S.N.S.-A;SUBGERENTE; ESTATUTARIO;7782,39;;7782,39;1492,55;6289,84;
IONE DA SILVA FREIRE;FUND.DERM.TROP.VEN.ALFRED.MATA;ASSIST.SOC.ASS-P.S.N.S.-CL.B;; ESTATUTARIO;7975,76;;7975,76;1682,54;6293,22;
ISABEL CRISTINA LIMA ENCARNACAO;FUND.DERM.TROP.VEN.ALFRED.MATA;MEDICO ESPECIALISTA;MEDICA ESPECIALISTA; ESTATUTARIO;8895,92;;8895,92;2190,77;6705,15;
ISABELE MARIA LINS CARLOS;FUND.DERM.TROP.VEN.ALFRED.MATA;TECNICO-TEC-T.S.N.S.-D;SUBGERENTE; ESTATUTARIO;9652,28;;9652,28;2106,88;7545,40;
ISABELLE NOBREGA DE OLIVEIRA;FUND.DERM.TROP.VEN.ALFRED.MATA;FISIOTERAPEUTA;SUBGERENTE; ESTATUTARIO;9594,11;;9594,11;2135,26;7458,85;
ISY PEIXOTO FIGUEIREDO;FUND.DERM.TROP.VEN.ALFRED.MATA;MEDICO ESPECIALISTA;; ESTATUTARIO;7888,92;;7888,92;1736,49;6152,43;
ITAMAR SALES BEZERRA DE MENEZES;FUND.DERM.TROP.VEN.ALF.DA MATA;ASSIST.ADMIN.-ASA-T.S.N.M.-A;; ESTATUTARIO;2182,96;;2182,96;190,63;1992,33;
IVETE DE BRITO DA SILVEIRA;FUND.DERM.TROP.VEN.ALFRED.MATA;ASSIST. DA ADM. AUXILIAR 1A CLASSE;ASSESSOR III - AD3; ESTATUTARIO;2481,66;;2481,66;223,48;2258,18;
JACKELINE DE SOUZA MAXIMO;FUND.DERM.TROP.VEN.ALF.DA MATA;CONTADOR-CON-T.S.N.S.-A;; ESTATUTARIO;6226,52;;6226,52;1064,69;5161,83;
JACQUELINE DE ALMEIDA G SACHETT;FUND.DERM.TROP.VEN.ALF.DA MATA;ENFERMEIRO-ENF-P.S.N.S.-A;; ESTATUTARIO;6200,25;;6200,25;1170,54;5029,71;
JAIME CAVALCANTE DE CARVALHO;FUND.DERM.TROP.VEN.ALFRED.MATA;TECNICO EM DERMAT SANITARIA;; ESTATUTARIO;2870,92;;2870,92;266,30;2604,62;
JAIRO DE SOUZA GOMES;FUND.DERM.TROP.VEN.ALFRED.MATA;TEC.DE PAT.CLINICA-TPC-P.S.N.M.-C;; ESTATUTARIO;3175,77;;3175,77;277,73;2898,04;
JAMES MOURA DE SOUZA;FUND.DERM.TROP.VEN.ALFRED.MATA;AUXILIAR DE SAUDE;; ESTATUTARIO;2559,68;;2559,68;212,99;2346,69;
JAMILE IZAN LOPES PALHETA JUNIOR;FUND.DERM.TROP.VEN.ALFRED.MATA;AGENTE ADMINISTRATIVO A - N.B.;GERENTE; ESTATUTARIO;6064,79;;6064,79;803,49;5261,30;
JANE MARIA PIMENTEL DE FARIA;FUND.DERM.TROP.VEN.ALFRED.MATA;AGENTE ADM.-AGA-T.S.N.A.-H;ASSESSOR I AD-1; ESTATUTARIO;7384,23;;7384,23;1191,81;6192,42;
JANETE QUEIROZ MORAES;FUND.DERM.TROP.VEN.ALFRED.MATA;TECNICO EM DERMAT SANITARIA;; ESTATUTARIO;2971,27;;2971,27;277,73;2693,54;
JEFERSON DE MATOS COELHO;FUND.DERM.TROP.VEN.ALFRED.MATA;AUXILIAR DE SERVICOS GERAIS A;AUX SER GERAIS; ESTATUTARIO;2141,98;;2141,98;186,12;1955,86;
JEORGIO CLAUDINO PEREIRA SANTOS;FUND.DERM.TROP.VEN.ALF.DA MATA;ASSIST.ADMIN.-ASA-T.S.N.M.-A;; ESTATUTARIO;2182,96;;2182,96;184,27;1998,69;
JESSICA DANIELY SILVA RIBEIRO;FUND.DERM.TROP.VEN.ALFRED.MATA;MEDICO RESIDENTE;; RESIDENTE;3780,43;;3780,43;366,34;3414,09;
JOÃO BOSCO CORREA LIMA OMENA;FUND.DERM.TROP.VEN.ALF.DA MATA;ASSESSOR I;; DISP. OUTROS ESFERAS;5450,00;;5450,00;505,64;4944,36;
JOANA DARC NAZARETH GALLUP;FUND.DERM.TROP.VEN.ALF.DA MATA;ENFERMEIRO-ENF-P.S.N.S.-A;; ESTATUTARIO;6200,25;;6200,25;1170,54;5029,71;
JOAO CATARINO DA SILVA DUTRA JUNIOR;FUND.DERM.TROP.VEN.ALFRED.MATA;MEDICO ESPECIALISTA;MEDICO; ESTATUTARIO;7888,92;;7888,92;1736,49;6152,43;
JOCELENE DIAS ALBUQUERQUE;FUND.DERM.TROP.VEN.ALF.DA MATA;TEC. DE ENFERMAGEM-TEN-P.S.N.M.-A;; ESTATUTARIO;2498,03;;2498,03;225,28;2272,75;
JOCELINA BENITA COSTA DE OLIVEIRA;FUND.DERM.TROP.VEN.ALF.DA MATA;TEC. DE ENFERMAGEM-TEN-P.S.N.M.-A;; ESTATUTARIO;2498,03;;2498,03;225,28;2272,75;
JOCLIMAR CORREA MOURAO;FUND.DERM.TROP.VEN.ALFRED.MATA;AUXILIAR ADMINISTRATIVO;SUBGERENTE AD3; ESTATUTARIO;5064,79;;5064,79;539,86;4524,93;
JOEL ARAUJO DOS SANTOS;FUND.DERM.TROP.VEN.ALF.DA MATA;AGENTE ADM.-AGA-T.S.N.A.-E;; ESTATUTARIO;2064,79;;2064,79;177,63;1887,16;
JOHN EWERTON DE SOUZA GUIMARÃES;FUND.DERM.TROP.VEN.ALF.DA MATA;AGENTE ADM.-AGA-T.S.N.A.-E;; ESTATUTARIO;2064,79;;2064,79;177,63;1887,16;
JONISMAR FREITAS COSTA;FUND.DERM.TROP.VEN.ALFRED.MATA;AUXILIAR DE SAUDE;ASSESSOR III; ESTATUTARIO;5458,33;;5458,33;576,64;4881,69;
JORGE ALBERTO RODRIGUES DE OLIVEIRA;FUND.DERM.TROP.VEN.ALFRED.MATA;TECNICO DE PATOLOGIA CLINICA A;TEC. PATOL. CLINICA; ESTATUTARIO;2655,57;;2655,57;242,61;2412,96;
JORGE CASTRO BARROS;FUND.DERM.TROP.VEN.ALF.DA MATA;TECNICO EM DERMAT SANITARIA;ASSESSOR III - AD3; ESTATUTARIO;5870,92;;5870,92;762,32;5108,60;
JORGE DE SOUZA CRUZ;FUND.DERM.TROP.VEN.ALFRED.MATA;VIGIA A;VIGIA; ESTATUTARIO;2051,40;;2051,40;164,41;1886,99;
JORGE EWERTON DOS SANTOS SALES;FUND.DERM.TROP.VEN.ALFRED.MATA;FARMAC.BIOQ. -FAB-P.S.N.S.-A;GERENTE - AD2; ESTATUTARIO;6211,81;;6211,81;1158,79;5053,02;
JOSE ANSELMO DOS SANTOS FERREIRA;FUND.DERM.TROP.VEN.ALF.DA MATA;MOTORISTA-MOT-T.S.N.A.-D;; ESTATUTARIO;2677,48;;2677,48;246,73;2430,75;
JOSE CARLOS GOMES SARDINHA;FUND.DERM.TROP.VEN.ALF.DA MATA;MEDICO ESPECIALISTA;; ESTATUTARIO;8833,48;;8833,48;2226,64;6606,84;
JOSE CARLOS GOMES SARDINHA;FUND.DERM.TROP.VEN.ALFRED.MATA;MEDICO ESPECIALISTA;; ESTATUTARIO;9223,31;;9223,31;2205,67;7017,64;
JOSE LUSIRAN DA SILVA;FUND.DERM.TROP.VEN.ALF.DA MATA;OPERADOR DE MAQUINA REPOGRAFICA;; ESTATUTARIO;2461,00;;2461,00;211,01;2249,99;
JOSE MARIA GUEDES DA COSTA;FUND.DERM.TROP.VEN.ALFRED.MATA;MOTORISTA-MOT-T.S.N.A.-C;ASSESSOR III; ESTATUTARIO;5826,55;;5826,55;544,00;5282,55;
JOSE MARIA MOREIRA MATIAS;FUND.DERM.TROP.VEN.ALF.DA MATA;MOTORISTA-MOT-T.S.N.A.-D;; ESTATUTARIO;3216,70;;3216,70;284,02;2932,68;
JOSE YRANIR DO NASCIMENTO;FUND.DERM.TROP.VEN.ALFRED.MATA;TECNICO EM DERMAT SANITARIA;CHEFE DEPT.-AD1; ESTATUTARIO;7423,81;;7423,81;1253,92;6169,89;
JOSIAS CORREIA DE FREITAS;FUND.DERM.TROP.VEN.ALFRED.MATA;TECNICO DE SAUDE EM DERMATOLOGIA;; ESTATUTARIO;2550,82;;2550,82;231,09;2319,73;
JULIO CESAR LIMA SAMPAIO;FUND.DERM.TROP.VEN.ALFRED.MATA;TECNICO DE NIVEL SUPERIOR;ASSESSOR III - AD3; ESTATUTARIO;5159,77;;5159,77;810,27;4349,50;
KAMILA ABTIBOL ALVES;FUND.DERM.TROP.VEN.ALFRED.MATA;MEDICO RESIDENTE;; RESIDENTE;3780,43;;3780,43;366,34;3414,09;
KARIM TABHADA CHAGAS LOPEZ;FUND.DERM.TROP.VEN.ALFRED.MATA;PSICOLOGO-PSI-P.S.N.S.-A;PSICOLOGO; ESTATUTARIO;6594,11;;6594,11;1153,85;5440,26;
LAIRTON CAVALCANTE LIMA;FUND.DERM.TROP.VEN.ALFRED.MATA;AGENTE ADM.-AGA-T.S.N.A.-H;; ESTATUTARIO;2384,23;;2384,23;212,77;2171,46;
LANIA MARIA MESTRINHO DE OLIVEIRA;FUND.DERM.TROP.VEN.ALFRED.MATA;TECNICO DE INFORMATICA;SUBGERENTE AD-3; ESTATUTARIO;5261,73;;5261,73;600,96;4660,77;
LARISSA DANIELE MACHADO GOES;FUND.DERM.TROP.VEN.ALFRED.MATA;MEDICO RESIDENTE;; RESIDENTE;3759,98;;3759,98;366,34;3393,64;
LARISSA EVA DOS SANTOS LOBO;FUND.DERM.TROP.VEN.ALF.DA MATA;MEDICO RESIDENTE;; RESIDENTE;3780,43;;3780,43;366,34;3414,09;
LEUDA CARNEIRO DE SOUZA;FUND.DERM.TROP.VEN.ALFRED.MATA;TECNICO DE SAUDE EM DERMATOLOGIA;TEC.SAUDE DERMAT; ESTATUTARIO;2155,98;;2155,98;237,16;1918,82;
LIANA HORTENCIA MIRANDA T MATHIAS;FUND.DERM.TROP.VEN.ALFRED.MATA;MEDICO ESPECIALISTA;MEDICO; ESTATUTARIO;7888,92;;7888,92;1648,53;6240,39;
LIDIA MARIA VALE DE MATOS;FUND.DERM.TROP.VEN.ALFRED.MATA;ASSIST.SOC.ASS-P.S.N.S.-CL.A;ASS SOCIAL; ESTATUTARIO;6866,95;;6866,95;1354,91;5512,04;
LILIA DE OLIVEIRA ROY;FUND.DERM.TROP.VEN.ALF.DA MATA;MEDICO ESPECIALISTA;; ESTATUTARIO;7888,92;;7888,92;1736,49;6152,43;
LINDINALVA BRAGA VIEIRA;FUND.DERM.TROP.VEN.ALFRED.MATA;ASSIST.SOC.ASS-P.S.N.S.-CL.A;ASSISTENTE SOCIAL; ESTATUTARIO;6416,95;;6416,95;1407,05;5009,90;
LINEIA BORGES TOSCANO;FUND.DERM.TROP.VEN.ALFRED.MATA;ENFERMEIRO;CHEFE DE DEPARTAMENT; ESTATUTARIO;6200,25;;6200,25;1170,54;5029,71;
LINEIA BORGES TOSCANO;FUND.DERM.TROP.VEN.ALFRED.MATA;ENFERMEIRO-ENF-P.S.N.S.-A;ENFERMEIRO; ESTATUTARIO;5982,72;;5982,72;1253,01;4729,71;
LISIANE MACHADO CONTENTE NOGUEIRA;FUND.DERM.TROP.VEN.ALF.DA MATA;MEDICO ESPECIALISTA;; ESTATUTARIO;7888,92;;7888,92;1736,49;6152,43;
LUCILENE SALES DE SOUZA;FUND.DERM.TROP.VEN.ALFRED.MATA;MEDICO ESPECIALISTA;DIRETOR TECNICO; ESTATUTARIO;17355,46;;17355,46;4340,30;13015,16;
LUCILIA DE FATIMA SANTANA JARDIM;FUND.DERM.TROP.VEN.ALFRED.MATA;ENFERMEIRO-ENF-P.S.N.S.-B;; ESTATUTARIO;6681,81;;6681,81;1289,24;5392,57;
LUCIO FIGUEIRA PIMENTEL;FUND.DERM.TROP.VEN.ALFRED.MATA;FARMACEUTICO-FAR-P.S.N.S.-A;SUBGERENTE AD-3; ESTATUTARIO;6953,79;;6953,79;1437,86;5515,93;
LUIZ CLAUDIO DIAS;FUND.DERM.TROP.VEN.ALFRED.MATA;MEDICO ESPECIALISTA;; ESTATUTARIO;9372,40;;9372,40;2102,15;7270,25;
MANOEL JOAQUIM BERNARDES RABELO;FUND.DERM.TROP.VEN.ALF.DA MATA;TECNICO 1A CLASSE;ASSESSOR III; ESTATUTARIO;5333,79;;5333,79;879,07;4454,72;
MARCOS BRANDAO DE FREITAS;FUND.DERM.TROP.VEN.ALFRED.MATA;TEC. EM REGISTRO DE SAUDE 2A CLASSE;; ESTATUTARIO;2978,20;;2978,20;278,10;2700,10;
MARCUS VINICIUS MONTEIRO ALVES;FUND.DERM.TROP.VEN.ALFRED.MATA;FISIOTERAPEUTA-FIS-P.S.N.S.-D;GERENTE - AD2; ESTATUTARIO;13504,36;;13504,36;3312,67;10191,69;
MARGARETE CONCEICAO DAMASCENO;FUND.DERM.TROP.VEN.ALF.DA MATA;TECNICO EM DERMAT SANITARIA;; ESTATUTARIO;2932,72;;2932,72;305,07;2627,65;
MARIA ANETE QUEIROZ DE MORAES;FUND.DERM.TROP.VEN.ALFRED.MATA;TECNICO EM DERMAT SANITARIA;SUBGERENTE; ESTATUTARIO;2716,85;;2716,85;295,79;2421,06;
MARIA CARMELIA DE LIMA ALMEIDA;FUND.DERM.TROP.VEN.ALFRED.MATA;ASSIST. DA ADM. AUXILIAR 2A CLASSE;ASSESSOR III AD3; ESTATUTARIO;2578,86;;2578,86;211,18;2367,68;
MARIA CELIA PEREIRA CEZARIO;FUND.DERM.TROP.VEN.ALFRED.MATA;TECNICO DE SAUDE EM DERMATOLOGIA;SUBGERENTE; ESTATUTARIO;5340,49;;5340,49;626,29;4714,20;
MARIA CILENE DIAS DA COSTA;FUND.DERM.TROP.VEN.ALFRED.MATA;AUXILIAR DE ENFERMAGEM A;AUX. DE ENFERMAGEM; ESTATUTARIO;2391,16;;2391,16;191,32;2199,84;
MARIA DA ESPERANÇA PERDIGÃO LIMA;FUND.DERM.TROP.VEN.ALF.DA MATA;GERENTE;NAO INFORMADO; CARGO COMISSION.S/VINCULO;4543,27;;4543,27;641,90;3901,37;
MARIA DA GRACA SOUZA CUNHA;FUND.DERM.TROP.VEN.ALFRED.MATA;MEDICO DOUTOR;; ESTATUTARIO;14178,68;;14178,68;4003,40;10175,28;
MARIA DAS GRACAS PEREIRA DE SOUSA;FUND.DERM.TROP.VEN.ALFRED.MATA;FARMAC.BIOQ. -FAB-P.S.N.S.-A;; ESTATUTARIO;7183,24;;7183,24;1449,94;5733,30;
MARIA DE JESUS VIEIRA DOS SANTOS;FUND.DERM.TROP.VEN.ALF.DA MATA;AUXILIAR DE SAUDE;; ESTATUTARIO;2968,23;;2968,23;233,64;2734,59;
MARIA DE LOURDES RIBEIRO;FUND.DERM.TROP.VEN.ALF.DA MATA;ENFERMEIRO-ENF-P.S.N.S.-A;; ESTATUTARIO;7912,50;;7912,50;1697,65;6214,85;
MARIA DO SOCORRO DE SOUSA CUNHA;FUND.DERM.TROP.VEN.ALFRED.MATA;TEC.DE PAT.CLINICA-TPC-P.S.N.M.-C;; ESTATUTARIO;3815,11;;3815,11;464,60;3350,51;
MARIA DO SOCORRO DIAS DE S LELIS;FUND.DERM.TROP.VEN.ALF.DA MATA;FARMAC.BIOQ. -FAB-P.S.N.S.-A;; ESTATUTARIO;6200,25;;6200,25;1170,54;5029,71;
MARIA DORENILDA ARAUJO LOPES;FUND.DERM.TROP.VEN.ALFRED.MATA;TECNICO DE SAUDE EM DERMATOLOGIA;TEC DAUDE EM DERM; ESTATUTARIO;2834,13;;2834,13;233,25;2600,88;
MARIA GEDALVA DA SILVA COSTA;FUND.DERM.TROP.VEN.ALFRED.MATA;AUXILIAR ADMINISTRATIVO;AUX DE ADM; ESTATUTARIO;1860,29;;1860,29;177,63;1682,66;
MARIA GORETTI CAMPOS BANDEIRA;FUND.DERM.TROP.VEN.ALFRED.MATA;FARMAC.BIOQ. -FAB-P.S.N.S.-C;; ESTATUTARIO;6908,37;;6908,37;1581,38;5326,99;
MARIA IANE SANTOS DA SILVA;FUND.DERM.TROP.VEN.ALFRED.MATA;TECNICO DE PATOLOGIA CLINICA A;TEC. PATOL. CLINICA; ESTATUTARIO;2860,49;;2860,49;225,28;2635,21;
MARIA INEZ MELO DA CUNHA;FUND.DERM.TROP.VEN.ALFRED.MATA;ASSIST.ADMIN.-ASA-T.S.N.M.-A;; ESTATUTARIO;2182,96;;2182,96;190,63;1992,33;
MARIA LEIDE BARBOSA PINTO;FUND.DERM.TROP.VEN.ALF.DA MATA;AGENTE ADM.-AGA-T.S.N.A.-G;CHEFE DE DEPARTAMENT; ESTATUTARIO;7404,93;;7404,93;1147,01;6257,92;
MARIA MARLICE MAR NUNES;FUND.DERM.TROP.VEN.ALFRED.MATA;AUXILIAR DE ENFERMAGEM A;; ESTATUTARIO;2386,30;;2386,30;212,99;2173,31;
MARIA NESIONEIA RODRIGUES CORREA;FUND.DERM.TROP.VEN.ALFRED.MATA;TEC.DE PAT.CLINICA-TPC-P.S.N.M.-A;TEC DE PATOLOGIA; ESTATUTARIO;3251,09;;3251,09;281,04;2970,05;
MARIA NESIONEIA RODRIGUES CORREA;FUND.DERM.TROP.VEN.ALF.DA MATA;TEC.DE PAT.CLINICA-TPC-P.S.N.M.-A;; ESTATUTARIO;2730,71;;2730,71;270,39;2460,32;
MARIA NIZA VILAS BOAS CONCEICAO;FUND.DERM.TROP.VEN.ALFRED.MATA;TECNICO DE SAUDE EM DERMATOLOGIA;TEC.SAUDE EM DERMAT.; ESTATUTARIO;2293,53;;2293,53;225,28;2068,25;
MARIA SALETE BAHIA MARQUES;FUND.DERM.TROP.VEN.ALFRED.MATA;CONTADOR-CON-T.S.N.S.-B;SUBGERENTE; ESTATUTARIO;5699,89;;5699,89;857,90;4841,99;
MARIA SENA DE CASTRO;FUND.DERM.TROP.VEN.ALF.DA MATA;ASSIST. DA ADM. AUXILIAR 2A CLASSE;; ESTATUTARIO;2642,78;;2642,78;217,30;2425,48;
MARIA TEREZA COSTA DA ROCHA;FUND.DERM.TROP.VEN.ALF.DA MATA;AGENTE ADM.-AGA-T.S.N.A.-E;; ESTATUTARIO;2064,79;;2064,79;177,63;1887,16;
MIGUEL DE JESUS QUEIROS DE P JUNIOR;FUND.DERM.TROP.VEN.ALF.DA MATA;AGENTE ADM.-AGA-T.S.N.A.-E;SUBGERENTE; ESTATUTARIO;5064,79;;5064,79;360,13;4704,66;
MONICA NUNES DE SOUZA SANTOS;FUND.DERM.TROP.VEN.ALFRED.MATA;MEDICO DOUTOR;DIR.ENSINO PESQUISA; ESTATUTARIO;10899,42;;10899,42;2790,67;8108,75;
MONICA VASCONCELOS GUIMARAES;FUND.DERM.TROP.VEN.ALFRED.MATA;FARMAC.BIOQ. -FAB-P.S.N.S.-B;GERENTE; ESTATUTARIO;10681,81;;10681,81;2441,38;8240,43;
NADIA LIMA NEVES;FUND.DERM.TROP.VEN.ALFRED.MATA;AUXILIAR DE ENFERMAGEM A;; ESTATUTARIO;2599,29;;2599,29;212,99;2386,30;
NADIA NEY SOUSA DOS SANTOS;FUND.DERM.TROP.VEN.ALF.DA MATA;TECNICO EM DERMAT SANITARIA;GERENTE -AD2; ESTATUTARIO;6870,92;;6870,92;1037,32;5833,60;
NADIA SOCORRO NOGUEIRA PIMENTEL;FUND.DERM.TROP.VEN.ALFRED.MATA;ENFERMEIRO-ENF-P.S.N.S.-A;GERENTE AD2; ESTATUTARIO;6866,95;;6866,95;1407,05;5459,90;
NADYA FERNANDES PICANCO LOPES;FUND.DERM.TROP.VEN.ALFRED.MATA;MEDICO ESPECIALISTA;; ESTATUTARIO;9304,75;;9304,75;2124,02;7180,73;
NAGILA MARILIA RAMOS F ALBUQUERQUE;FUND.DERM.TROP.VEN.ALF.DA MATA;TEC. DE ENFERMAGEM-TEN-P.S.N.M.-A;; ESTATUTARIO;2498,03;;2498,03;225,28;2272,75;
NATALIA DE CASTRO LOUREIRO;FUND.DERM.TROP.VEN.ALFRED.MATA;PSICOLOGO A;GERENTE; ESTATUTARIO;10594,11;;10594,11;2410,26;8183,85;
NATALIA TENORIO CAVALCANTE BEZERRA;FUND.DERM.TROP.VEN.ALFRED.MATA;MEDICO RESIDENTE;; RESIDENTE;3780,43;;3780,43;366,34;3414,09;
NATHALIE DE CASSIA FARIAS OLIVEIRA;FUND.DERM.TROP.VEN.ALF.DA MATA;TEC. DE ENFERMAGEM-TEN-P.S.N.M.-A;; ESTATUTARIO;2860,49;;2860,49;246,37;2614,12;
OCIREMA MELLO DA ROCHA;FUND.DERM.TROP.VEN.ALFRED.MATA;AUXILIAR DE ENFERMAGEM A;AUX. ENFERMAGEM; ESTATUTARIO;1984,75;;1984,75;191,32;1793,43;
ORANGE DA SILVA BATISTA;FUND.DERM.TROP.VEN.ALF.DA MATA;TEC. DE ENFERMAGEM-TEN-P.S.N.M.-A;; ESTATUTARIO;2498,03;;2498,03;225,28;2272,75;
PAOLA RENATA MELO DE SOUZA;FUND.DERM.TROP.VEN.ALF.DA MATA;ASSIST.ADMIN.-ASA-T.S.N.M.-A;; ESTATUTARIO;2760,61;;2760,61;206,83;2553,78;
PATRICIA MOTTA DE MORAIS;FUND.DERM.TROP.VEN.ALFRED.MATA;MEDICO MESTRE;; ESTATUTARIO;9651,37;;9651,37;2354,83;7296,54;
PATRICK SUELL DA COSTA RIBEIRO;FUND.DERM.TROP.VEN.ALF.DA MATA;MOTORISTA-MOT-T.S.N.A.-A;; ESTATUTARIO;2307,87;;2307,87;204,37;2103,50;
PAULA FRASSINETTI BESSA REBELLO;FUND.DERM.TROP.VEN.ALFRED.MATA;MEDICO MESTRE;; ESTATUTARIO;10924,99;;10924,99;2750,94;8174,05;
PAULO ANTONIO SILVA CONTENTE;FUND.DERM.TROP.VEN.ALFRED.MATA;MEDICO ESPECIALISTA;MEDICO; ESTATUTARIO;7888,92;;7888,92;1632,22;6256,70;
PAULO CHAVES MARTINS;FUND.DERM.TROP.VEN.ALFRED.MATA;PSICOLOGO-PSI-P.S.N.S.-A;PSICOLOGO; ESTATUTARIO;7183,24;;7183,24;1449,94;5733,30;
PAULO DAVID MORAES DE SOUZA;FUND.DERM.TROP.VEN.ALFRED.MATA;OPERADOR DE MANUTENCAO E APO;OPERADOR MANT.E APOI; ESTATUTARIO;2095,67;;2095,67;181,02;1914,65;
PAULO ROSEMBERG GOES DA SILVA;FUND.DERM.TROP.VEN.ALF.DA MATA;AGENTE ADM.-AGA-T.S.N.A.-E;SUBGERENTE; ESTATUTARIO;5064,79;;5064,79;539,86;4524,93;
PAULO TADEU CAVALCANTE SAIF;FUND.DERM.TROP.VEN.ALFRED.MATA;TEC.DE PAT.CLINICA-TPC-P.S.N.M.-D;; ESTATUTARIO;3249,94;;3249,94;273,18;2976,76;
RAFAELA DE ANDRADE FERREIRA;FUND.DERM.TROP.VEN.ALF.DA MATA;ENFERMEIRO-ENF-P.S.N.S.-A;; ESTATUTARIO;6200,25;;6200,25;1170,54;5029,71;
RAIMUNDA NONATA MESTRINHO OLIVEIRA;FUND.DERM.TROP.VEN.ALFRED.MATA;SUBGERENTE;; CARGO COMISSION.S/VINCULO;3536,94;;3536,94;402,81;3134,13;
RAIMUNDO AUGUSTO CARVALHO AZEVEDO;FUND.DERM.TROP.VEN.ALFRED.MATA;AGENTE ADMINISTRATIVO A - N.B.;ASSESSOR III; ESTATUTARIO;5064,79;;5064,79;454,55;4610,24;
RAIMUNDO MOREIRA DE OLIVEIRA;FUND.DERM.TROP.VEN.ALFRED.MATA;ASSISTENTE TECNICO A;SUBGERENTE; ESTATUTARIO;6741,99;;6741,99;993,18;5748,81;
RAIMUNDO NONATO BARBOSA DA SILVA;FUND.DERM.TROP.VEN.ALFRED.MATA;AUXILIAR DE SAUDE 3A CLASSE;ASSESSOR III; ESTATUTARIO;5515,86;;5515,86;637,14;4878,72;
RAQUEL DO CARMO MENEZES;FUND.DERM.TROP.VEN.ALFRED.MATA;TECNICO DE SAUDE EM DERMATOLOGIA;TEC.DE SAUDE; ESTATUTARIO;2410,49;;2410,49;207,95;2202,54;
RAQUEL MARIA NAVARRO;FUND.DERM.TROP.VEN.ALF.DA MATA;PSICOLOGO-PSI-P.S.N.S.-A;; ESTATUTARIO;8117,00;;8117,00;1697,65;6419,35;
REJANE MAGALHAES PINTO DA SILVA;FUND.DERM.TROP.VEN.ALF.DA MATA;TEC.DE PAT.CLINICA-TPC-P.S.N.M.-A;; ESTATUTARIO;2498,03;;2498,03;225,28;2272,75;
RENATA ALMEIDA SCHETTINI COSTA;FUND.DERM.TROP.VEN.ALFRED.MATA;MEDICO ESPECIALISTA;; ESTATUTARIO;7888,92;;7888,92;1736,49;6152,43;
RENATO CANDIDO DA SILVA JUNIOR;FUND.DERM.TROP.VEN.ALFRED.MATA;MEDICO ESPECIALISTA;MEDICO; ESTATUTARIO;7888,92;;7888,92;1312,85;6576,07;
RICARDO VICTOR ARAUJO CAVALCANTE;FUND.DERM.TROP.VEN.ALF.DA MATA;MOTORISTA-MOT-T.S.N.A.-A;; ESTATUTARIO;2266,97;;2266,97;204,37;2062,60;
RITA MARIA VALCACIO NOGUEIRA;FUND.DERM.TROP.VEN.ALF.DA MATA;ASSIST.SOC.ASS-P.S.N.S.-CL.A;; ESTATUTARIO;6200,25;;6200,25;1170,54;5029,71;
ROBERTA FERREIRA NAZARETH ALAGIA;FUND.DERM.TROP.VEN.ALFRED.MATA;MEDICO ESPECIALISTA;; ESTATUTARIO;8800,73;;8800,73;2057,57;6743,16;
ROBERTO PINELA PALHETA;FUND.DERM.TROP.VEN.ALFRED.MATA;AGENTE ADM.-AGA-T.S.N.A.-H;; ESTATUTARIO;2384,23;;2384,23;212,77;2171,46;
RODOLFO KENNEDY PALHETA DA SILVA;FUND.DERM.TROP.VEN.ALFRED.MATA;TECNICO DE PATOLOGIA CLINICA A;TEC. PATOL. CLINICA; ESTATUTARIO;2498,03;;2498,03;225,28;2272,75;
ROGER NEVES DE ASSIS;FUND.DERM.TROP.VEN.ALFRED.MATA;PSICOLOGO-PSI-P.S.N.S.-A;SUBGERENTE; ESTATUTARIO;6594,11;;6594,11;1310,26;5283,85;
ROGERIO NOGUEIRA DE CAMARGOS;FUND.DERM.TROP.VEN.ALF.DA MATA;CONTADOR-CON-T.S.N.S.-A;SUBGERENTE AD-3; ESTATUTARIO;4782,39;;4782,39;614,82;4167,57;
ROMULO DE OLIVEIRA SANTIAGO;FUND.DERM.TROP.VEN.ALFRED.MATA;MOTORISTA-MOT-T.S.N.A.-A;; ESTATUTARIO;2307,87;;2307,87;204,37;2103,50;
RONALDO DE FREITAS DAMASCENO;FUND.DERM.TROP.VEN.ALFRED.MATA;FARMACEUTICO;FARMACEUTICO; ESTATUTARIO;8117,00;;8117,00;1697,65;6419,35;
RONALDO DERZY AMAZONAS;FUND.DERM.TROP.VEN.ALF.DA MATA;FARMAC.BIOQ. -FAB-P.S.N.S.-D;DIRETOR PRESIDENTE; ESTATUTARIO;19778,84;;19778,84;5085,14;14693,70;
ROSA BATISTA CORREA;FUND.DERM.TROP.VEN.ALFRED.MATA;MEDICO ESPECIALISTA;MEDICA ESPECIALISTA; ESTATUTARIO;7988,59;;7988,59;1771,18;6217,41;
ROSANA FERREIRA LOPES;FUND.DERM.TROP.VEN.ALFRED.MATA;TEC. EM REGISTRO DE SAUDE 3A CLASSE;GERENTE AD2; ESTATUTARIO;2853,26;;2853,26;281,98;2571,28;
ROSANGELA LOPES CAVALCANTI;FUND.DERM.TROP.VEN.ALFRED.MATA;AGENTE ADMINISTRATIVO A - N.B.;AG. ADMINISTRATIVO; ESTATUTARIO;2064,79;;2064,79;177,63;1887,16;
ROSARILDA DIAS DA SILVA;FUND.DERM.TROP.VEN.ALFRED.MATA;AUXILIAR DE SAUDE 3A CLASSE;; ESTATUTARIO;2515,86;;2515,86;174,22;2341,64;
ROSEMARY GONCALVES DE LIMA;FUND.DERM.TROP.VEN.ALFRED.MATA;AGENTE ADM.-AGA-T.S.N.A.-G;ASSESSOR III; ESTATUTARIO;5580,97;;5580,97;596,69;4984,28;
ROSEMERE LIMA BENTES GATO;FUND.DERM.TROP.VEN.ALF.DA MATA;TEC. DE ENFERMAGEM-TEN-P.S.N.M.-A;; ESTATUTARIO;2498,03;;2498,03;225,28;2272,75;
ROSSILENE CONCEICAO DA SILVA CRUZ;FUND.DERM.TROP.VEN.ALFRED.MATA;MEDICO MESTRE;; ESTATUTARIO;11338,26;;11338,26;2868,18;8470,08;
ROSSILENE CONCEICAO DA SILVA CRUZ;FUND.DERM.TROP.VEN.ALF.DA MATA;MEDICO MESTRE;; ESTATUTARIO;11083,76;;11083,76;2883,07;8200,69;
ROZILDA PEREIRA DA COSTA;FUND.DERM.TROP.VEN.ALFRED.MATA;TEC.DE PAT.CLINICA-TPC-P.S.N.M.-D;; ESTATUTARIO;3570,80;;3570,80;320,06;3250,74;
SAMUEL RUFINO DA SILVA;FUND.DERM.TROP.VEN.ALF.DA MATA;ASSIST.ADMIN.-ASA-T.S.N.M.-A;; ESTATUTARIO;2182,96;;2182,96;190,63;1992,33;
SANDRA REGINA SALES DE M AQUINO;FUND.DERM.TROP.VEN.ALFRED.MATA;MEDICO MESTRE;; ESTATUTARIO;9189,97;;9189,97;2032,70;7157,27;
SANDRA VALERIA SILVA DE GOUVEIA;FUND.DERM.TROP.VEN.ALFRED.MATA;AGENTE ADM.-AGA-T.S.N.A.-G;; ESTATUTARIO;2369,79;;2369,79;211,18;2158,61;
SARAH DE SOUZA LIMA;FUND.DERM.TROP.VEN.ALF.DA MATA;ASSIST.SOC.ASS-P.S.N.S.-CL.A;; ESTATUTARIO;5750,25;;5750,25;1170,54;4579,71;
SEBASTIAO PASCOAL DE FARIA;FUND.DERM.TROP.VEN.ALFRED.MATA;TECNICO A;CHEFE DE DEPARTAMENT; ESTATUTARIO;5333,79;;5333,79;793,75;4540,04;
SIGRID LORIS GUIMARAES;FUND.DERM.TROP.VEN.ALF.DA MATA;TECNICO DE ENFERMAGEM;; ESTATUTARIO;2317,04;;2317,04;266,73;2050,31;
SILMARA NAVARRO PENNINI;FUND.DERM.TROP.VEN.ALFRED.MATA;MEDICO MESTRE;CHEFE DE DEPARTAMENT; ESTATUTARIO;10268,05;;10268,05;2570,29;7697,76;
SILVIA MACEDO DA SILVA;FUND.DERM.TROP.VEN.ALF.DA MATA;TEC.DE PAT.CLINICA-TPC-P.S.N.M.-A;; ESTATUTARIO;2048,03;;2048,03;225,28;1822,75;
SILVIA MACEDO DA SILVA;FUND.DERM.TROP.VEN.ALFRED.MATA;TECNICO DE PATOLOGIA CLINICA A;SUBGERENTE; ESTATUTARIO;2498,03;;2498,03;225,28;2272,75;
SILVIA ROCHA NAKAJIMA;FUND.DERM.TROP.VEN.ALF.DA MATA;MEDICO ESPECIALISTA;; ESTATUTARIO;8673,80;;8673,80;1952,33;6721,47;
SIMONE CAROL LOPES FERREIRA TAVARES;FUND.DERM.TROP.VEN.ALFRED.MATA;TEC.DE NIV.SUP.-COMUNICACAO SOCIAL;COMUN.SOCIAL; ESTATUTARIO;5594,00;;5594,00;902,33;4691,67;
SINESIO TALHARI;FUND.DERM.TROP.VEN.ALFRED.MATA;PESQUISADOR ADJ.-PAD-P.S.N.S-C;; ESTATUTARIO;14562,92;;14562,92;4296,84;10266,08;
SIRLEY MARTINS DE OLIVEIRA;FUND.DERM.TROP.VEN.ALFRED.MATA;TECNICO DE NIVEL SUPERIOR;CHEFE DE DEPARTAMENT; ESTATUTARIO;10420,31;;10420,31;2268,85;8151,46;
SOLANGE GONCALVES KANEKO;FUND.DERM.TROP.VEN.ALFRED.MATA;ASSIST.SOC.ASS-P.S.N.S.-CL.A;ASSIST.SOCIAL; ESTATUTARIO;5750,25;;5750,25;;5750,25;
SONIA COUTO BALBI;FUND.DERM.TROP.VEN.ALFRED.MATA;AGENTE ADM.-AGA-T.S.N.A.-G;GERENTE; ESTATUTARIO;4000,00;;4000,00;188,32;3811,68;
SUELY BEZERRA GOMES;FUND.DERM.TROP.VEN.ALFRED.MATA;AUXILIAR DE ENFERMAGEM A;; ESTATUTARIO;2023,70;;2023,70;222,61;1801,09;
SUELY FERREIRA DA SILVA;FUND.DERM.TROP.VEN.ALFRED.MATA;ASSISTENTE TECNICO A;ASSESSOR I; ESTATUTARIO;7728,66;;7728,66;1191,88;6536,78;
SUZANE DA SILVA LEMOS;FUND.DERM.TROP.VEN.ALF.DA MATA;AGENTE ADM.-AGA-T.S.N.A.-E;; ESTATUTARIO;2064,79;;2064,79;177,63;1887,16;
TANIA REGINA SILVA E SILVA;FUND.DERM.TROP.VEN.ALF.DA MATA;GERENTE;GERENTE AD2; CARGO COMISSION.S/VINCULO;4543,27;;4543,27;641,90;3901,37;
TATIANA DE MELO BARBOSA;FUND.DERM.TROP.VEN.ALFRED.MATA;AGENTE ADM.-AGA-T.S.N.A.-E;; ESTATUTARIO;2064,79;;2064,79;177,63;1887,16;
TATIANA PEREIRA NAZARE VIEIRA;FUND.DERM.TROP.VEN.ALF.DA MATA;TEC. DE ENFERMAGEM-TEN-P.S.N.M.-A;; ESTATUTARIO;2498,03;;2498,03;225,28;2272,75;
TEREZA VASCONCELOS MOTA;FUND.DERM.TROP.VEN.ALFRED.MATA;ENFERMEIRO-ENF-P.S.N.S.-A;ENFERMEIRA; ESTATUTARIO;7085,17;;7085,17;1388,77;5696,40;
THAISE MARA DA SILVA BARROS;FUND.DERM.TROP.VEN.ALF.DA MATA;AGENTE ADM.-AGA-T.S.N.A.-E;; ESTATUTARIO;2064,79;;2064,79;177,63;1887,16;
THAYS DANIELLY MENDONCA P ALMEIDA;FUND.DERM.TROP.VEN.ALF.DA MATA;AGENTE ADM.-AGA-T.S.N.A.-E;; ESTATUTARIO;2064,79;;2064,79;177,63;1887,16;
THEODOMIRO SANTOS DE OLIVEIRA;FUND.DERM.TROP.VEN.ALF.DA MATA;ASSISTENTE TECNICO;SUBGERENTE - AD3; ESTATUTARIO;2474,39;;2474,39;222,68;2251,71;
THIAGO MONTENEGRO DA SILVA;FUND.DERM.TROP.VEN.ALF.DA MATA;MEDICO ESPECIALISTA;; ESTATUTARIO;7807,12;;7807,12;1736,49;6070,63;
THIELLE PEREIRA DA CRUZ;FUND.DERM.TROP.VEN.ALF.DA MATA;FARMAC.BIOQ. -FAB-P.S.N.S.-A;; ESTATUTARIO;6200,25;;6200,25;1170,54;5029,71;
UBIRATAN CRUZ DA SILVA;FUND.DERM.TROP.VEN.ALFRED.MATA;AGENTE ADM.-AGA-T.S.N.A.-E;GERENTE; ESTATUTARIO;6064,79;;6064,79;803,49;5261,30;
VALCIMAR NASCIMENTO DA SILVEIRA;FUND.DERM.TROP.VEN.ALF.DA MATA;TECNICO EM DERMAT SANITARIA;; ESTATUTARIO;3477,44;;3477,44;369,62;3107,82;
VALDERIZA LOURENCO PEDROSA;FUND.DERM.TROP.VEN.ALFRED.MATA;ASSIST.SOC.ASS-P.S.N.S.-CL.C;DIRETOR DE ENSINO E; ESTATUTARIO;15476,41;;15476,41;3866,07;11610,34;
VALDINEI MENDONCA SANTAREM;FUND.DERM.TROP.VEN.ALFRED.MATA;TECNICO DE PATOLOGIA CLINICA A;TEC.DE PATOL.CLINICA; ESTATUTARIO;2498,03;;2498,03;225,28;2272,75;
VANDERLECIA ORTEGA DOS SANTOS;FUND.DERM.TROP.VEN.ALF.DA MATA;TEC. DE ENFERMAGEM-TEN-P.S.N.M.-A;; ESTATUTARIO;2860,49;;2860,49;246,37;2614,12;
VANESSA CRISTIELE TAVARES FREITAS;FUND.DERM.TROP.VEN.ALF.DA MATA;TEC.DE PAT.CLINICA-TPC-P.S.N.M.-A;; ESTATUTARIO;2498,03;;2498,03;225,28;2272,75;
VANIA LUCIA SAMPAIO;FUND.DERM.TROP.VEN.ALFRED.MATA;TEC.DE PAT.CLINICA-TPC-P.S.N.M.-C;; ESTATUTARIO;3440,13;;3440,13;283,34;3156,79;
WALDEIZA DA COSTA PASSOS;FUND.DERM.TROP.VEN.ALFRED.MATA;AUXILIAR DE ENFERMAGEM A;; ESTATUTARIO;2515,86;;2515,86;227,24;2288,62;
WALDEMARA VASCONCELOS GOMES;FUND.DERM.TROP.VEN.ALFRED.MATA;TEC.DE PAT.CLINICA-TPC-P.S.N.M.-A;TEC PATOL.CLINICA; ESTATUTARIO;2155,98;;2155,98;237,16;1918,82;
WALDEMARA VASCONCELOS GOMES;FUND.DERM.TROP.VEN.ALFRED.MATA;TEC.DE PAT.CLINICA-TPC-P.S.N.M.-B;; ESTATUTARIO;2263,68;;2263,68;249,00;2014,68;
WALID ALI MUSA SALEH;FUND.DERM.TROP.VEN.ALFRED.MATA;FARMACEUTICO BIOQUIMICO A;FARMACEUTICO BIOQ.; ESTATUTARIO;5750,25;;5750,25;1066,27;4683,98;
WALQUIRIA LIMA TUPINAMBA;FUND.DERM.TROP.VEN.ALFRED.MATA;MEDICO ESPECIALISTA;; ESTATUTARIO;7888,92;;7888,92;1736,49;6152,43;
WILLIAM ANTUNES FERREIRA;FUND.DERM.TROP.VEN.ALFRED.MATA;FARMAC.BIOQ. -FAB-P.S.N.S.-B;; ESTATUTARIO;6889,46;;6889,46;1574,68;5314,78;
WILLIAM ANTUNES FERREIRA;FUND.DERM.TROP.VEN.ALFRED.MATA;FARMAC.BIOQ. -FAB-P.S.N.S.-C;; ESTATUTARIO;7717,04;;7717,04;1708,62;6008,42;
YAMA MAYURA ALVES DE SOUSA;FUND.DERM.TROP.VEN.ALFRED.MATA;FARMACEUTICO-FAR-P.S.N.S.-A;SUBGERENTE - AD3; ESTATUTARIO;6314,08;;6314,08;1210,92;5103,16;
YONE MARQUES AVELINO;FUND.DERM.TROP.VEN.ALF.DA MATA;TEC. DE ENFERMAGEM-TEN-P.S.N.M.-A;; ESTATUTARIO;2498,03;;2498,03;225,28;2272,75;
ZULEMA ABENSUR LIMA;FUND.DERM.TROP.VEN.ALFRED.MATA;AGENTE ADM.-AGA-T.S.N.A.-G;; ESTATUTARIO;2369,79;;2369,79;211,18;2158,61;
