NOME;LOTACAO;CARGO;FUNCAO;VINCULO;REMUNERACAO LEGAL TOTAL(R$);DESC.TETO(R$); REMUNERACAO LEGAL DEVIDA(R$);DESCONTOS LEGAIS(R$);LIQUIDO DISPONIVEL(R$);
ABNER VARELA MORAES;NUCLEO MEDICO-ASSISTENCIAL;TEC.DE RAD.MEDICA-TRM-P.S.N.M.-A;SUPERVISOR EM RADIOP; ESTATUTARIO;2400,00;;2400,00;37,20;2362,80;
ADEMIR PINTO DOS SANTOS;CONSELHO DIRETOR;MEDICO MEDICINA TROPICAL;; ESTATUTARIO;6571,61;;6571,61;1243,32;5328,29;
ADRIANO MAIA SIQUEIRA;SERV.CLIN.MED.ONC.E APOIO TER.;GERENTE;; CARGO COMISSION.S/VINCULO;5877,69;;5877,69;1066,75;4810,94;
AGENOR LIMA MENDONÇA FILHO;SETOR DE PATOLOGIA CLINICA;FARMAC.BIOQ. -FAB-P.S.N.S.-A;; ESTATUTARIO;5596,43;;5596,43;1106,41;4490,02;
AGENOR LIMA MENDONCA FILHO;SETOR DE ENFERMARIA;FARMACEUTICO BIOQUIMICO B;; ESTATUTARIO;5963,23;;5963,23;1039,64;4923,59;
AIDA DE SOUZA ROSAS;SETOR DE ENFERMARIA;TECNICO DE PATOLOGIA CLINICA A;; ESTATUTARIO;3020,68;;3020,68;250,72;2769,96;
ALBERTO DIAS DE FIGUEIREDO;SETOR DE ZELAD.VIG.TRANSPORTES;MOTORISTA-MOT-T.S.N.A.-A;MOTORISTA; ESTATUTARIO;2231,54;;2231,54;199,27;2032,27;
ALDEMIR COELHO MACIEL;SERVICO DE RADIOTERAPIA;TECNICO-TEC-T.S.N.S.-C;; ESTATUTARIO;5411,52;;5411,52;1050,38;4361,14;
ALDERINA SILVANA DE SOUZA PEREIRA;SETOR DE REGISTRO E CONTROLE;AGENTE ADM.-AGA-T.S.N.A.-F;; ESTATUTARIO;2130,53;;2130,53;188,16;1942,37;
ALDO MOREIRA DA SILVA;SECAO DE SERVICOS GERAIS;ARTIFICE 3A CLASSE;; ESTATUTARIO;2249,44;;2249,44;201,24;2048,20;
ALESSANDRA FERREIRA ALVES;SETOR DE PSIC.REABIL.E FISIOT.;FISIOTERAPEUTA-FIS-P.S.N.S.-A;; ESTATUTARIO;5896,43;;5896,43;1073,41;4823,02;
ALFREDO COIMBRA REICHL;SETOR DE RADIOTERAPIA;MEDICO ESPECIALISTA;GERENTE; ESTATUTARIO;11504,68;;11504,68;2712,40;8792,28;
ALICIA NEVES NASCIMENTO;SAME;TELEFONISTA-TEL-T.S.N.A.-E;; ESTATUTARIO;1957,89;;1957,89;169,17;1788,72;
ANA CLAUDIA LAZAMETH BRASILEIRO;SERVICO DE RADIOTERAPIA;ENFERMEIRO-ENF-P.S.N.S.-A;ENFERMEIRA; ESTATUTARIO;8391,57;;8391,57;1799,62;6591,95;
ANA ELIS GUIMARAES ARAUJO;SETOR DE ENFERMARIA;ENFERMEIRO-ENF-P.S.N.S.-A;; ESTATUTARIO;5896,43;;5896,43;1073,41;4823,02;
ANA LUCIA DA SILVA SANTOS;SETOR DE ANATOMIA PATOLOGICA;ASSISTENTE TECNICO A;; ESTATUTARIO;2017,34;;2017,34;221,91;1795,43;
ANA MARCIA PROGENIO DA SILVA CUNHA;SETOR DE PATOLOGIA CLINICA;TEC.DE PAT.CLINICA-TPC-P.S.N.M.-A;; ESTATUTARIO;2370,51;;2370,51;214,56;2155,95;
ANA ROSA VASQUES DE OLIVEIRA;SETOR DE PATOLOGIA CLINICA;TEC.DE PAT.CLINICA-TPC-P.S.N.M.-A;; ESTATUTARIO;1950,51;;1950,51;214,56;1735,95;
ANANIAS PEREIRA MARQUES;SETOR DE PATOLOGIA CLINICA;AUX.DE PATOL.CLIN.-APC-P.S.N.A.-A;; ESTATUTARIO;2171,27;;2171,27;192,64;1978,63;
ANDERSON FERREIRA GONCALVES;SETOR NEUROLOGICO;MEDICO ESPECIALISTA;MEDICO ESPECIALISTA; ESTATUTARIO;7599,62;;7599,62;1645,45;5954,17;
ANDRE ABITBOL PINTO;DIVISAO DE ADMINISTRACAO;ASSIST.ADMIN.-ASA-T.S.N.M.-A;; ESTATUTARIO;2070,43;;2070,43;181,55;1888,88;
ANDRE CESAR GURGEL DE LIMA FERREIRA;SAME;ASSIST.ADMIN.-ASA-T.S.N.M.-A;; ESTATUTARIO;2070,43;;2070,43;181,55;1888,88;
ANDRE LUIS SALES DA COSTA;SERV.CLIN.MED.ONC.E APOIO TER.;PSICOLOGO-PSI-P.S.N.S.-A;; ESTATUTARIO;6271,53;;6271,53;1206,47;5065,06;
ANDRE LUIZ DOMINGUES;NUCLEO MEDICO-ASSISTENCIAL;MEDICO ESPECIALISTA;; ESTATUTARIO;7504,68;;7504,68;1612,40;5892,28;
ANDREA DE SOUZA BEZERRA;SETOR DE ENFERMARIA;TEC. DE ENFERMAGEM-TEN-P.S.N.M.-A;; ESTATUTARIO;3036,41;;3036,41;251,90;2784,51;
ANDREA LIMA DE SOUZA MARQUES;SETOR DE FARMACIA;FARMACEUTICO-FAR-P.S.N.S.-A;FARMACEUTICO; ESTATUTARIO;6004,83;;6004,83;1111,86;4892,97;
ANDREA PEREZ DE CASTRO;SERVICO COMPLEM.DE DIAGNOSTICO;TECNICO DE PATOLOGIA CLINICA A;TEC.DE PAT.CLINICA A; ESTATUTARIO;2370,51;;2370,51;214,56;2155,95;
ANDREIA RIBEIRO DA SILVA;SERVICO DE ENFERMAGEM;TEC. DE ENFERMAGEM-TEN-P.S.N.M.-A;TEC ENFERMAGEM; ESTATUTARIO;2420,77;;2420,77;220,08;2200,69;
ANDRESSA DOS SANTOS SIQUEIRA;SETOR DE PATOLOGIA CLINICA;TEC.DE PAT.CLINICA-TPC-P.S.N.M.-A;; ESTATUTARIO;2370,51;;2370,51;214,56;2155,95;
ANDREZA NUNES BEZERRA;SERVICO DE RADIOTERAPIA;TEC.DE RADIOTERAPIA-TER-P.S.N.M.-A;; ESTATUTARIO;2370,51;;2370,51;214,56;2155,95;
ANDREZZA DEZINCOURT DE OLIVEIRA;DIVISAO DE ADMINISTRACAO;TELEFONISTA-TEL-T.S.N.A.-E;; ESTATUTARIO;1957,89;;1957,89;169,17;1788,72;
ANGELA DA COSTA LINS;SETOR DE RADIOTERAPIA;TEC.DE RADIOTERAPIA-TER-P.S.N.M.-A;TEC EM RADIO TERAPIA; ESTATUTARIO;2420,77;;2420,77;220,08;2200,69;
ANTONIA GILVA DA SILVA DO CASAL;SETOR DE FARMACIA;FARMACEUTICO-FAR-P.S.N.S.-A;; ESTATUTARIO;5896,43;;5896,43;1073,41;4823,02;
ANTONIA LIMA ARAUJO;SETOR DE ENFERMARIA;AUXILIAR DE SAUDE 3A CLASSE;; ESTATUTARIO;2076,42;;2076,42;182,21;1894,21;
ANTONINA DE CASTRO PONTES;SERVICO DE ENFERMAGEM;TEC. DE ENFERMAGEM-TEN-P.S.N.M.-A;; ESTATUTARIO;2420,77;;2420,77;220,08;2200,69;
ANTONIO CARLOS BITENCOURT DA COSTA;SERVICO DE ENFERMAGEM;TEC. DE ENFERMAGEM-TEN-P.S.N.M.-A;TEC. DE ENFERMAGEM; ESTATUTARIO;2558,35;;2558,35;220,08;2338,27;
ANTONIO CARLOS DA SILVA;SETOR DE REGISTRO E CONTROLE;AGENTE ADM.-AGA-T.S.N.A.-F;; ESTATUTARIO;2318,69;;2318,69;188,16;2130,53;
ANTONIO RODRIGUES DE SOUSA;SECAO DE SERVICOS GERAIS;AUX.DE SERV.GER.-ASG-T.S.N.A.-D;SUBGERENTE AD 3; ESTATUTARIO;2289,87;;2289,87;205,69;2084,18;
ARLENE MACHADO DE SOUZA;SAME;ASSISTENTE TECNICO A;SUBGERENTE AD-3; ESTATUTARIO;5744,74;;5744,74;569,85;5174,89;
ARLETE MACHADO DE MOURA;SETOR DE AMBULATORIO;ASSISTENTE TECNICO A;; ESTATUTARIO;2675,71;;2675,71;223,54;2452,17;
ARTHENIZE RIAME PRAIA G C ARAUJO;SETOR DE ENFERMARIA;TEC. DE ENFERMAGEM-TEN-P.S.N.M.-A;; ESTATUTARIO;2381,57;;2381,57;193,10;2188,47;
BARBARA FONSECA ABRAHIM;SETOR DE NUTRICAO E DIETETICA;GERENTE;GERENTE AD-2; CARGO COMISSION.S/VINCULO;4513,27;;4513,27;641,90;3871,37;
BARBARA SILVA DE OLIVEIRA BINDA;SETOR DE PATOLOGIA CLINICA;TEC.DE PAT.CLINICA-TPC-P.S.N.M.-A;; ESTATUTARIO;2370,51;;2370,51;214,56;2155,95;
BERNADETE ALENCAR DE SOUZA;SETOR DE ONCOLOGIA CLINICA;TEC. DE ENFERMAGEM-TEN-P.S.N.M.-D;; ESTATUTARIO;2702,58;;2702,58;307,63;2394,95;
BERNARDES LEITE DE OLIVEIRA;SETOR DE AMBULATORIO;MEDICO ESPECIALISTA;; ESTATUTARIO;7504,68;;7504,68;1612,40;5892,28;
BIANCA DE LIMA LADISLAU;SETOR DE FARMACIA;ASSESSOR III;; CARGO COMISSION.S/VINCULO;3506,94;;3506,94;402,81;3104,13;
BIANCA FARIAS DOS SANTOS;DIVISAO DE ADMINISTRACAO;ASSIST.ADMIN.-ASA-T.S.N.M.-A;; ESTATUTARIO;2070,43;;2070,43;181,55;1888,88;
BIANCA PAIVA MAIA PRIMO;SERVICO DE ENFERMAGEM;TEC. DE ENFERMAGEM-TEN-P.S.N.M.-A;; ESTATUTARIO;2420,77;;2420,77;220,08;2200,69;
BRENA DE LOURDES AGUIAR LIMA;SETOR DE FARMACIA;FARMAC.BIOQ. -FAB-P.S.N.S.-A;; ESTATUTARIO;5896,43;;5896,43;1073,41;4823,02;
BRENA LUIZE FERREIRA URATANI;SETOR DE ONCOLOGIA CLINICA;MEDICO ESPECIALISTA;; ESTATUTARIO;7504,68;;7504,68;1612,40;5892,28;
BRUCE DIEGO LACERDA PEREIRA;SERVICO DE RADIOTERAPIA;TEC.DE RADIOTERAPIA-TER-P.S.N.M.-A;; ESTATUTARIO;2370,51;;2370,51;214,56;2155,95;
BRUNO DE SOUZA SILVA;DIVISAO DE ADMINISTRACAO;ASSIST.ADMIN.-ASA-T.S.N.M.-A;; ESTATUTARIO;2070,43;;2070,43;181,55;1888,88;
BRUNO FREIRE DE ALMEIDA;SETOR DE FARMACIA;AUX.DE FARMACIA-AFA-P.S.N.A.-A;; ESTATUTARIO;2076,42;;2076,42;182,21;1894,21;
BRUNO NAZARE NOGUEIRA;SAME;ASSIST.ADMIN.-ASA-T.S.N.M.-A;; ESTATUTARIO;2070,43;;2070,43;181,55;1888,88;
BRUNO SERGIO COSTA BRASIL;SETOR DE IMAGENOLOGIA;ASSIST.ADMIN.-ASA-T.S.N.M.-A;; ESTATUTARIO;2070,43;;2070,43;181,55;1888,88;
CARLA NATERCIA CABRAL DE OLIVEIRA;SETOR DE FARMACIA;FARMACEUTICO-FAR-P.S.N.S.-A;; ESTATUTARIO;5896,43;;5896,43;1073,41;4823,02;
CARLOS ALBERTO GUIMARAES;SETOR DE PATOLOGIA CLINICA;TEC.DE HISTOLOGIA-THI-P.S.N.M.-C;; ESTATUTARIO;2938,65;;2938,65;276,98;2661,67;
CARLOS MICHEL ALBUQUERQUE PERES;SETOR NEUROLOGICO;MEDICO ESPECIALISTA;GERENTE AD 2; ESTATUTARIO;7179,62;;7179,62;1645,45;5534,17;
CARLOS WAGNER DE JESUS TOSCANO;SETOR DE ENFERMARIA;TEC. DE ENFERMAGEM-TEN-P.S.N.M.-A;TEC ENFERMAGEM; ESTATUTARIO;2420,77;;2420,77;200,25;2220,52;
CAYO CESAR FERREIRA ALVES;SETOR DE ENDOSCOPIA;ASSIST.ADMIN.-ASA-T.S.N.M.-A;; ESTATUTARIO;2070,43;;2070,43;181,55;1888,88;
CECILIA EMILY FERREIRA DE SOUZA;SETOR DE ENFERMARIA;TEC. DE ENFERMAGEM-TEN-P.S.N.M.-A;; ESTATUTARIO;2370,51;;2370,51;214,56;2155,95;
CECILIA OLIVEIRA DE CARVALHO;SETOR DE FARMACIA;FARMACEUTICO-FAR-P.S.N.S.-A;; ESTATUTARIO;5896,43;;5896,43;1073,41;4823,02;
CELINA DE JESUS GUIMARAES;SETOR DE FARMACIA;FARMACEUTICO-FAR-P.S.N.S.-A;FARMACEUTICO; ESTATUTARIO;8496,60;;8496,60;1834,79;6661,81;
CHRISTIANE MENDES COSTA;SETOR DE CITOPATOLOGIA;TEC.DE HISTOLOGIA-THI-P.S.N.M.-A;TEC.HISTOLOGIA; ESTATUTARIO;2420,77;;2420,77;220,08;2200,69;
CLAUDIA DE ARAUJO LIRA;SERVICO DE ENFERMAGEM;AGENTE ADM.-AGA-T.S.N.A.-G;; ESTATUTARIO;2255,43;;2255,43;201,90;2053,53;
CLAUDIA PATRICIA DA SILVA CHAVES;SETOR DE ANATOMIA PATOLOGICA;TEC.DE HISTOLOGIA-THI-P.S.N.M.-A;; ESTATUTARIO;2370,51;;2370,51;214,56;2155,95;
CLAUDIA RODRIGUES DE CASTRO SANTANA;SETOR DE ENFERMARIA;AUXILIAR DE ENFERMAGEM A;AUX. DE ENFERMAGEM A; ESTATUTARIO;2120,42;;2120,42;182,21;1938,21;
CLAUDINEIA DE PAULA CHINCKR;DIVISAO DE ADMINISTRACAO;RECEPCIONISTA-REC-T.S.N.A.-E;; ESTATUTARIO;1957,89;;1957,89;169,17;1788,72;
CLAUDIO ROBERTO DE OLIVEIRA VIEIRA;SETOR DE PLASTICA RESTAURADORA;MEDICO ESPECIALISTA;; ESTATUTARIO;8025,50;;8025,50;1941,08;6084,42;
CLECIO LEITE GOMES;SETOR DE PATOLOGIA CLINICA;TECNICO DE PATOLOGIA CLINICA A;; ESTATUTARIO;2370,51;;2370,51;214,56;2155,95;
CLEOPATRA MEDINA NORONHA AREOSA;SETOR DE CENTRO MEDICO;MEDICO DOUTOR;MEDICO ESPECIALISTA; ESTATUTARIO;10300,93;;10300,93;2591,68;7709,25;
CRISTIANE SILVEIRA LIMA;NUCLEO MEDICO-ASSISTENCIAL;MEDICO ESPECIALISTA;GERENTE AD 2; ESTATUTARIO;7179,62;;7179,62;1645,45;5534,17;
CRISTIANO DE MOURA PEREIRA;SETOR DE IMAGENOLOGIA;TEC.DE RAD.MEDICA-TRM-P.S.N.M.-A;; ESTATUTARIO;2420,77;;2420,77;220,08;2200,69;
DAMIANA CELESTE PONTES;SETOR DE ENFERMARIA;TEC.DE PAT.CLINICA-TPC-P.S.N.M.-D;; ESTATUTARIO;2805,35;;2805,35;262,39;2542,96;
DANGELA MARIA DOS SANTOS BARBOSA;SETOR DE IMAGENOLOGIA;TEC.DE RAD.MEDICA-TRM-P.S.N.M.-A;; ESTATUTARIO;2420,77;;2420,77;220,08;2200,69;
DANIEL DA SILVA GLORIA;SETOR DE PSIC.REABIL.E FISIOT.;FISIOTERAPEUTA-FIS-P.S.N.S.-A;; ESTATUTARIO;5896,43;;5896,43;1073,41;4823,02;
DANIEL FERREIRA DIAS;SECAO DE PESSOAL;ASSIST.ADMIN.-ASA-T.S.N.M.-A;; ESTATUTARIO;2070,43;;2070,43;181,55;1888,88;
DANIEL FREIRE NAKAMURA;SETOR DE AMBULATORIO;MEDICO ESPECIALISTA; MEDICO ESPECIALISTA; ESTATUTARIO;7599,62;;7599,62;1645,45;5954,17;
DANIEL MACEDO CARNEIRO;SETOR DE FARMACIA;ASSISTENTE TECNICO A;ASSIST. TECNICO; ESTATUTARIO;2681,09;;2681,09;199,33;2481,76;
DANIELE RODRIGUES CAMPOS;SETOR DE PATOLOGIA CLINICA;AUX.DE PATOL.CLIN.-APC-P.S.N.A.-A;; ESTATUTARIO;2171,27;;2171,27;192,64;1978,63;
DANIELLE DA SILVA GOMES;NUCLEO MEDICO-ASSISTENCIAL;GERENTE;; CARGO COMISSION.S/VINCULO;4513,27;;4513,27;641,90;3871,37;
DANIELLE GUIMARAES COELHO;DIVISAO DE ADMINISTRACAO;TELEFONISTA-TEL-T.S.N.A.-E;; ESTATUTARIO;1957,89;;1957,89;169,17;1788,72;
DELCIDIA DA SILVA ALMEIDA;SETOR DE ENFERMARIA;TEC. DE ENFERMAGEM-TEN-P.S.N.M.-A;; ESTATUTARIO;2370,51;;2370,51;214,56;2155,95;
DENIZE AQUINO DE SOUZA;SETOR DE ENFERMARIA;TEC. DE ENFERMAGEM-TEN-P.S.N.M.-A;TEC DE ENFERMAGEM; ESTATUTARIO;3087,69;;3087,69;260,85;2826,84;
DENIZE DA CRUZ LEMOS;SETOR DE CITOPATOLOGIA;TEC.DE HISTOLOGIA-THI-P.S.N.M.-A;TEC.HISTOLOGIA; ESTATUTARIO;2420,77;;2420,77;220,08;2200,69;
DENIZE DA SILVA CASTRO;SECAO DE MATERIAL E PATRIMONIO;ASSIST.ADMIN.-ASA-T.S.N.M.-A;; ESTATUTARIO;2015,41;;2015,41;175,50;1839,91;
DENIZE MATILDE MELO DE AGUIAR;SETOR DE HEMATOL.E HEMOTERAPIA;TEC. DE HEMOTERAP.-THE-P.S.N.M.-D;; ESTATUTARIO;2368,23;;2368,23;275,79;2092,44;
DEUZIMAR AZEVEDO DA SILVA;SETOR DE IMAGENOLOGIA;TEC.DE RAD.MEDICA-TRM-P.S.N.M.-A;; ESTATUTARIO;2420,77;;2420,77;220,08;2200,69;
DIANA NOGUEIRA DO NASCIMENTO;SETOR DE AMBULATORIO;MEDICO ESPECIALISTA;MED ESPECIALISTA; ESTATUTARIO;7599,62;;7599,62;1645,45;5954,17;
DIEGO DA SILVA FRONER;DIVISAO DE ADMINISTRACAO;BACHAREL EM COMP.-BQO-T.S.N.S.-A;; ESTATUTARIO;4546,08;;4546,08;649,90;3896,18;
DIOGENES DE LIMA FRANCA;SETOR DE ENFERMARIA;TEC. DE ENFERMAGEM-TEN-P.S.N.M.-D;; ESTATUTARIO;2319,12;;2319,12;255,10;2064,02;
DIOMARA DE OLIVEIRA BEZERRA;SETOR DE ENFERMARIA;TEC. DE ENFERMAGEM-TEN-P.S.N.M.-A;; ESTATUTARIO;2370,51;;2370,51;214,56;2155,95;
DIRCE COSTA ONETY;SERVICO DE ENFERMAGEM;MEDICO ESPECIALISTA;MEDICO URGENTISTA; ESTATUTARIO;7599,62;;7599,62;1645,45;5954,17;
EDER FRANCISCO HERCULANO LEITE;SERVICO DE ENFERMAGEM;TEC. DE ENFERMAGEM-TEN-P.S.N.M.-A;; ESTATUTARIO;2463,90;;2463,90;200,25;2263,65;
EDILANE PORTO DIAS;SETOR DE ENFERMARIA;ENFERMEIRO-ENF-P.S.N.S.-A;; ESTATUTARIO;5896,43;;5896,43;1073,41;4823,02;
EDILANE SILVA MENDONÇA;SETOR DE ENFERMARIA;TEC. DE ENFERMAGEM-TEN-P.S.N.M.-A;; ESTATUTARIO;2370,51;;2370,51;214,56;2155,95;
EDILENE FERREIRA DOS SANTOS;SETOR DE HEMATOL.E HEMOTERAPIA;TECNICO DE HEMOTERAPIA A;; ESTATUTARIO;2370,51;;2370,51;214,56;2155,95;
EDLA ANTUNES FALCAO DE SOUZA;SETOR DE NUTRICAO E DIETETICA;NUTRICIONISTA C;; ESTATUTARIO;6271,53;;6271,53;1102,20;5169,33;
EDMILZA PORTO DIAS;SETOR DE ENFERMARIA;ENFERMEIRO-ENF-P.S.N.S-D;; ESTATUTARIO;7317,06;;7317,06;1525,24;5791,82;
EDNA AUZIER FELIX;SETOR DE ENFERMARIA;TEC. DE ENFERMAGEM-TEN-P.S.N.M.-A;; ESTATUTARIO;2053,31;;2053,31;225,86;1827,45;
EDSON DE OLIVEIRA ANDRADE;SETOR ABDOMINO-TORAXICO;MEDICO DOUTOR;; ESTATUTARIO;12240,48;;12240,48;3186,09;9054,39;
EDSON MAURO SILVA OLIVEIRA;SETOR DE AMBULATORIO;MEDICO ESPECIALISTA;MEDICO ESPECIALISTA; ESTATUTARIO;7599,62;;7599,62;1417,17;6182,45;
EJANDRE LUNIERES DE SANTIAGO;SETOR ABDOMINO-TORAXICO;MEDICO ESPECIALISTA;; ESTATUTARIO;8044,83;;8044,83;1800,37;6244,46;
ELAINE CRISTINA REIS CORREA;SETOR DE PATOLOGIA CLINICA;TEC.DE PAT.CLINICA-TPC-P.S.N.M.-B;; ESTATUTARIO;2575,89;;2575,89;237,15;2338,74;
ELAINE DOS SANTOS MAIA;SETOR DE AMBULATORIO;TEC. DE ENFERMAGEM-TEN-P.S.N.M.-A;; ESTATUTARIO;2420,77;;2420,77;220,08;2200,69;
ELANE ALMEIDA DA COSTA;SETOR DE ENFERMARIA;AUXILIAR DE ENFERMAGEM A;; ESTATUTARIO;2076,42;;2076,42;182,21;1894,21;
ELENISE CHAVES DOS SANTOS;SETOR DE ENFERMARIA;TEC. DE ENFERMAGEM-TEN-P.S.N.M.-A;TEC DE ENFERMAGEN; ESTATUTARIO;3087,69;;3087,69;260,85;2826,84;
ELEONIS FREITAS NUNES;SETOR DE ZELAD.VIG.TRANSPORTES;MOTORISTA-MOT-T.S.N.A.-A;; ESTATUTARIO;2257,91;;2257,91;199,27;2058,64;
ELI MASSAO SHIRAYANAGUI DOS SANTOS;SETOR DE PATOLOGIA CLINICA;FARMAC.BIOQ. -FAB-P.S.N.S.-A;; ESTATUTARIO;5896,43;;5896,43;977,62;4918,81;
ELIANA MUNIZ BRASIL;SECAO DE PESSOAL;GERENTE;; CARGO COMISSION.S/VINCULO;5877,69;;5877,69;1066,75;4810,94;
ELIENE CAVALCANTI BUENO DE CASTRO;SERVICOS TECNICOS;ASSIST.SOC.ASS-P.S.N.S.-CL.A;ASSIST SOCIAL; ESTATUTARIO;7866,44;;7866,44;1623,80;6242,64;
ELIENE SILVA MOTA;SECAO DE ORCAMENTO E FINANCAS;ASSIST.ADMIN.-ASA-T.S.N.M.-A;; ESTATUTARIO;2070,43;;2070,43;181,55;1888,88;
ELINE SOCORRO REIS LAURIA;SETOR DE SERVICO SOCIAL;ASSIST.SOC.ASS-P.S.N.S.-CL.D;; ESTATUTARIO;6897,06;;6897,06;1577,37;5319,69;
ELISAMAR ANDREA CANTO DOS SANTOS;SERVICO DE ENFERMAGEM;TEC. DE ENFERMAGEM-TEN-P.S.N.M.-A;TEC. DE ENFERMAGEM; ESTATUTARIO;2433,09;;2433,09;220,08;2213,01;
ELISANGELA LACERDA DOS REIS;SETOR DE PATOLOGIA CLINICA;FARMAC.BIOQ. -FAB-P.S.N.S.-A;; ESTATUTARIO;5896,43;;5896,43;1073,41;4823,02;
ELIVELTON GOMES VARGAS;DIVISAO DE ADMINISTRACAO;ASSIST.ADMIN.-ASA-T.S.N.M.-A;; ESTATUTARIO;2070,43;;2070,43;181,55;1888,88;
ELIZABETH NOGUEIRA DE ANDRADE;SETOR DE AMBULATORIO;CHEFE DE DEPARTAMENTO;; CARGO COMISSION.S/VINCULO;5520,30;;5520,30;946,24;4574,06;
ELIZANGELA DA SILVA;SAME;ASSIST.ADMIN.-ASA-T.S.N.M.-A;; ESTATUTARIO;2070,43;;2070,43;181,55;1888,88;
ELLEN ALBUQUERQUE DE FREITAS;SETOR DE ENFERMARIA;ENFERMEIRO-ENF-P.S.N.S.-A;; ESTATUTARIO;5896,43;;5896,43;1073,41;4823,02;
ELLERY BARRETO COSTA;SETOR DE FARMACIA;FARMACEUTICO-FAR-P.S.N.S.-A;; ESTATUTARIO;5476,43;;5476,43;1073,41;4403,02;
EMILY DOS SANTOS FRANCO;SETOR DE ANATOMIA PATOLOGICA;MEDICO ESPECIALISTA;; ESTATUTARIO;7504,68;;7504,68;1612,40;5892,28;
ENEIDE MARIA DE SOUSA;SETOR DE IMAGENOLOGIA;TEC.DE RAD.MEDICA-TRM-P.S.N.M.-B;; ESTATUTARIO;2575,89;;2575,89;237,15;2338,74;
ENIO LUCIO COELHO DUARTE;SETOR DE RADIOTERAPIA;MEDICO ESPECIALISTA;DIRETOR TECNICO; ESTATUTARIO;7599,62;;7599,62;1645,45;5954,17;
ERIVALDO MOREIRA DIAS;SECAO DE PESSOAL;AUX.DE SERV.GER.-ASG-T.S.N.A.-B;; ESTATUTARIO;2116,04;;2116,04;186,56;1929,48;
ERNANDA RAQUEL DE Q G S E FERNANDES;SETOR DE PATOLOGIA CLINICA;FARMAC.BIOQ. -FAB-P.S.N.S.-A;; ESTATUTARIO;5896,43;;5896,43;1073,41;4823,02;
ERONILDES AUGUSTO DOS SANTOS;SERVICO DE ENFERMAGEM;FISIOTERAPEUTA A;; ESTATUTARIO;6271,53;;6271,53;1206,47;5065,06;
EUGENIA SEIXAS DOS SANTOS MARQUES;SERVICO DE ENFERMAGEM;AUXILIAR DE ENFERMAGEM A;; ESTATUTARIO;2076,42;;2076,42;182,21;1894,21;
EVA MOTA DA SILVA;DIVISAO DE ADMINISTRACAO;ASSIST.ADMIN.-ASA-T.S.N.M.-A;; ESTATUTARIO;2070,43;;2070,43;181,55;1888,88;
EVELAN RENE ARAUJO BATISTA;NUCLEO MEDICO-ASSISTENCIAL;TEC. DE ENFERMAGEM-TEN-P.S.N.M.-A;TECNICO ENFERMAGEM; ESTATUTARIO;3211,51;;3211,51;270,14;2941,37;
FABIANA LO PRESTI MENDONCA ROSAS;SETOR DE AMBULATORIO;MEDICO ESPECIALISTA;MEDICO ESPECIALISTA; ESTATUTARIO;7179,62;;7179,62;1645,45;5534,17;
FABIOLA DE PAULA FERREIRA;SETOR DE ENFERMARIA;AUXILIAR DE ENFERMAGEM A;; ESTATUTARIO;1656,42;;1656,42;182,21;1474,21;
FABIOLA DE PAULA FERREIRA;SERVICO DE ENFERMAGEM;TEC. DE ENFERMAGEM-TEN-P.S.N.M.-A;TEC. DE ENFERMAGEM; ESTATUTARIO;2420,77;;2420,77;220,08;2200,69;
FABIOLA LIMA DA SILVA;DIVISAO DE ADMINISTRACAO;ASSIST.ADMIN.-ASA-T.S.N.M.-A;; ESTATUTARIO;2070,43;;2070,43;181,55;1888,88;
FABIOLA MENDES DE OLIVEIRA;SETOR DE RADIOTERAPIA;TEC.DE RADIOTERAPIA-TER-P.S.N.M.-A;; ESTATUTARIO;2370,51;;2370,51;214,56;2155,95;
FABRICIO LIMA MOURA;NUCLEO MEDICO-ASSISTENCIAL;MEDICO ESPECIALISTA;; ESTATUTARIO;7504,68;;7504,68;1508,13;5996,55;
FABRICIO PIMENTEL DOS SANTOS;SECAO DE EXPEDIENTE;MOTORISTA-MOT-T.S.N.A.-A;; ESTATUTARIO;2119,14;;2119,14;186,91;1932,23;
FATIMA KANAWATI DE OLIVEIRA;ASSESSORIA;ASSISTENTE TECNICO B;ASSESSOR III AD 3; ESTATUTARIO;5744,74;;5744,74;709,83;5034,91;
FELIPE JEZINI III;SETOR ABDOMINO-TORAXICO;GERENTE;; CARGO COMISSION.S/VINCULO;4513,27;;4513,27;641,90;3871,37;
FERNANDO HENRIQUE DA SILVA CASCAES;DIVISAO DE ADMINISTRACAO;TELEFONISTA-TEL-T.S.N.A.-E;; ESTATUTARIO;1957,89;;1957,89;169,17;1788,72;
FERNANDO MARTINS MOREIRA;SECAO DE SERVICOS GERAIS;SUBGERENTE;; CARGO COMISSION.S/VINCULO;3506,94;;3506,94;402,81;3104,13;
FILIPE DIEGO RODRIGUES DOS SANTOS;SECAO DE ORCAMENTO E FINANCAS;AGENTE ADM.-AGA-T.S.N.A.-E;GERENTE AD-2; ESTATUTARIO;5957,89;;5957,89;776,21;5181,68;
FRANCELINA DE SOUZA MONTEIRO;SETOR DE ENFERMARIA;TEC. DE ENFERMAGEM-TEN-P.S.N.M.-A;TEC ENFERMAGEM; ESTATUTARIO;3087,69;;3087,69;260,85;2826,84;
FRANCILENA MARINHO SOARES DE JESUS;SERVICO DE ENFERMAGEM;TEC. DE ENFERMAGEM-TEN-P.S.N.M.-A;; ESTATUTARIO;2420,77;;2420,77;220,08;2200,69;
FRANCINEIDA COLARES DE OLIVEIRA;SETOR DE ENFERMARIA;AUXILIAR DE ENFERMAGEM - F;; ESTATUTARIO;2076,42;;2076,42;182,21;1894,21;
FRANCISCO BATISTA PIMENTEL;SETOR DE ENFERMARIA;TEC. DE ENFERMAGEM-TEN-P.S.N.M.-A;; ESTATUTARIO;2370,51;;2370,51;214,56;2155,95;
FRANCISCO CARLOS ALVES DE LIMA;SETOR DE ALMOXARIFADO;AGENTE ADM.-AGA-T.S.N.A.-G;; ESTATUTARIO;2157,00;;2157,00;191,07;1965,93;
FRANCISCO DAMIAO SILVA DE SOUZA;SETOR DE ZELAD.VIG.TRANSPORTES;MOTORISTA-MOT-T.S.N.A.-A;; ESTATUTARIO;2201,93;;2201,93;193,35;2008,58;
FRANCISCO DE ASSIS VIEIRA;SETOR DE ENFERMARIA;TEC. DE ENFERMAGEM-TEN-P.S.N.M.-A;; ESTATUTARIO;2420,32;;2420,32;214,56;2205,76;
FRANCISCO DELMAR PEREIRA DOS SANTOS;NUCLEO MEDICO-ASSISTENCIAL;AGENTE ADM.-AGA-T.S.N.A.-G;; ESTATUTARIO;1830,92;;1830,92;201,40;1629,52;
FRANCISCO ENIO DOS SANTOS;SETOR DE RADIOTERAPIA;TECNICO EM RADIOTERAPIA;TEC DE RADIOTERAPIA; ESTATUTARIO;2370,51;;2370,51;214,56;2155,95;
FRANCISCO GILVAN MOREIRA NEVES;SETOR DE ENFERMARIA;TEC. DE ENFERMAGEM-TEN-P.S.N.M.-A;TEC. DE ENFERMAGEM; ESTATUTARIO;2746,30;;2746,30;266,75;2479,55;
FRANCISCO HELIVELTON F SOUSA;ASSESSORIA;ASSESSOR II;NAO INFORMADO; CARGO COMISSION.S/VINCULO;4513,27;;4513,27;641,90;3871,37;
FRANK LANDE BELEM MAGALHAES;SETOR DE NUTRICAO E DIETETICA;COZINHEIRO-T.S.N.A.-A;COZINHEIRO; ESTATUTARIO;2562,47;;2562,47;172,40;2390,07;
FUMIE ISHIZAWA;SETOR DE AMBULATORIO;GERENTE;; CARGO COMISSION.S/VINCULO;4513,27;;4513,27;641,90;3871,37;
GEISA SALVADOR GOES;ASSESSORIA;ASSESSOR II;; CARGO COMISSION.S/VINCULO;4513,27;;4513,27;641,90;3871,37;
GEORGE AUGUSTO M L ALBUQUERQUE;SETOR GENITO PELVICO UROLOGICO;MEDICO ESPECIALISTA;; ESTATUTARIO;7504,68;;7504,68;1612,40;5892,28;
GEORGIANA BESERRA DO NASCIMENTO;SETOR DE PATOLOGIA CLINICA;AUX.DE PATOL.CLIN.-APC-P.S.N.A.-A;; ESTATUTARIO;2171,27;;2171,27;192,64;1978,63;
GEOVANA GOMES NERI;NUCLEO MEDICO-ASSISTENCIAL;FONOAUDIOLOGO-FON-P.S.N.S.-A;; ESTATUTARIO;2245,48;;2245,48;200,80;2044,68;
GERSON ANTONIO DOS SANTOS MOURAO;SETOR GENITO PELVICO UROLOGICO;MEDICO ESPECIALISTA;GERENTE AD-2; ESTATUTARIO;7734,60;;7734,60;1839,66;5894,94;
GERSON EDUARDO MACENA;SERVICO DE ENFERMAGEM;ASSIST.ADMIN.-ASA-T.S.N.M.-A;; ESTATUTARIO;2070,43;;2070,43;181,55;1888,88;
GEYZA CAMARA AREQUE;DIVISAO DE ADMINISTRACAO;TELEFONISTA-TEL-T.S.N.A.-E;; ESTATUTARIO;1957,89;;1957,89;169,17;1788,72;
GICELDA PEREIRA DE SOUZA;SETOR DE ENFERMARIA;TEC. DE HEMOTERAP.-THE-P.S.N.M.-C;; ESTATUTARIO;2765,75;;2765,75;267,39;2498,36;
GILCIMAR BENFICA ALVES;SETOR DE IMAGENOLOGIA;TEC.DE RAD.MEDICA-TRM-P.S.N.M.-A;TEC EM RADIOLOGIA; ESTATUTARIO;2420,77;;2420,77;220,08;2200,69;
GILMARA ANNE DA SILVA RESENDE;SETOR DE AMBULATORIO;MEDICO ESPECIALISTA;; ESTATUTARIO;11504,68;;11504,68;2712,40;8792,28;
GILMARA BRAGA BENTES;SETOR DE NUTRICAO E DIETETICA;NUTRICIONISTA-NUT-P.S.N.S.-A;; ESTATUTARIO;5896,43;;5896,43;1073,41;4823,02;
GILSON JOSE CORREA;SETOR ABDOMINO-TORAXICO;MEDICO MESTRE;; ESTATUTARIO;8267,53;;8267,53;2023,91;6243,62;
GISELY DE SOUSA IMBIRIBA;SERVICO DE ENFERMAGEM;TEC. DE ENFERMAGEM-TEN-P.S.N.M.-A;TEC. DE ENFERMAGEM; ESTATUTARIO;2000,77;;2000,77;220,08;1780,69;
GIUSEPPE FIGLIUOLO;SETOR DE AMBULATORIO;MEDICO ESPECIALISTA;GERENTE AD 2; ESTATUTARIO;8204,57;;8204,57;1860,05;6344,52;
GLAUCIANE DO SOCORRO MOREIRA NEVES;SETOR DE ENFERMARIA;ENFERMEIRO-ENF-P.S.N.S.-A;ENFERMEIRA; ESTATUTARIO;8391,57;;8391,57;1799,62;6591,95;
GLEICY VIVIANE BRASIL MENDES;SETOR DE ENFERMARIA;AUXILIAR DE ENFERMAGEM A;AUX. DE ENFERMAGEM A; ESTATUTARIO;2076,42;;2076,42;182,21;1894,21;
GRACA MARIA GONDIM DE ALBUQUERQUE;CONSELHO DIRETOR;ENFERMEIRO-ENF-P.S.N.S.-B;; ESTATUTARIO;10314,95;;10314,95;2321,87;7993,08;
GREICY MONTEIRO MARQUES;SETOR DE PATOLOGIA CLINICA;FARMAC.BIOQ. -FAB-P.S.N.S.-A;FARMACEUTICOB.QUIMI; ESTATUTARIO;6398,68;;6398,68;1251,57;5147,11;
GUIOMAR PEREIRA DE OLIVEIRA;SECAO DE SERVICOS GERAIS;AUX.DE SERV.GER.-ASG-T.S.N.A.-B;; ESTATUTARIO;2116,04;;2116,04;186,56;1929,48;
HADISON PEREIRA DE SOUZA;SETOR DE LIQ.DE CONTAS HOSPIT.;ASSIST.ADMIN.-ASA-T.S.N.M.-A;; ESTATUTARIO;2070,43;;2070,43;181,55;1888,88;
HELBER FREITAS ALAGIA;CONSELHO DIRETOR;MEDICO ESPECIALISTA A;MEDICO ESPECIALISTA; ESTATUTARIO;7504,68;;7504,68;1560,18;5944,50;
HENRI HORSTMANN;SETOR DE AMBULATORIO;MEDICO ESPECIALISTA;MED ESPECIALISTA; ESTATUTARIO;7599,62;;7599,62;1645,45;5954,17;
HIGINO FELIPE FIGUEIREDO;SETOR DE AMBULATORIO;MEDICO ESPECIALISTA;; ESTATUTARIO;7504,68;;7504,68;1612,40;5892,28;
HILDA FERREIRA DE MELO;SETOR DE PATOLOGIA CLINICA;TEC.DE PAT.CLINICA-TPC-P.S.N.M.-A;; ESTATUTARIO;2511,55;;2511,55;214,56;2296,99;
HILDEBERTO FERREIRA ASSUNCAO FILHO;SERVICO COMPLEM.DE DIAGNOSTICO;TEC.DE PAT.CLINICA-TPC-P.S.N.M.-A;; ESTATUTARIO;2420,77;;2420,77;220,08;2200,69;
HILLEN SANTOS ANTUNES;SETOR DE FARMACIA;AUX.DE FARMACIA-AFA-P.S.N.A.-A;; ESTATUTARIO;2076,42;;2076,42;182,21;1894,21;
ICARO AUGUSTO PAIVA FALCAO;DIVISAO DE ADMINISTRACAO;ASSIST.ADMIN.-ASA-T.S.N.M.-A;; ESTATUTARIO;2070,43;;2070,43;181,55;1888,88;
IDA PAULA DA SILVA MOURA;SETOR DE ENFERMARIA;FARMACEUTICO-FAR-P.S.N.S.-A;FARMACEUTICO; ESTATUTARIO;9049,03;;9049,03;1986,71;7062,32;
IEZA MARIA FARIAS HAYDEN;SERVICO COMPLEM.DE DIAGNOSTICO;TEC.DE PAT.CLINICA-TPC-P.S.N.M.-D;; ESTATUTARIO;2702,58;;2702,58;293,41;2409,17;
INALDO CALIXTO DA SILVA;SETOR DE ENFERMARIA;FARMACEUTICO BIOQUIMICO B;; ESTATUTARIO;6172,11;;6172,11;1149,22;5022,89;
IRANEIDE FERREIRA MAFRA;SETOR DE ENFERMARIA;ENFERMEIRO-ENF-P.S.N.S.-A;; ESTATUTARIO;5896,43;;5896,43;1073,41;4823,02;
ISAIR DA SILVA LOPES;SETOR DE RADIOTERAPIA;TEC.DE RADIOTERAPIA-TER-P.S.N.M.-A;TEC EM RADIOTERAPIA; ESTATUTARIO;1950,51;;1950,51;214,56;1735,95;
ISAIR DA SILVA LOPES;SERVICO DE RADIOTERAPIA;TECNICO DE RADIOTERAPIA A;; ESTATUTARIO;2420,77;;2420,77;220,08;2200,69;
IVANCY VALENTE DE QUEIROZ;SETOR DE ZELAD.VIG.TRANSPORTES;MOTORISTA-MOT-T.S.N.A.-A;; ESTATUTARIO;2231,54;;2231,54;199,27;2032,27;
IVANEIDE PANTOJA DE OLIVEIRA SILVA;SETOR DE AMBULATORIO;TEC. DE ENFERMAGEM-TEN-P.S.N.M.-D;; ESTATUTARIO;2788,23;;2788,23;260,51;2527,72;
IVANETE ANDRADE DE SOUZA SILVA;SETOR DE ENFERMARIA;ENFERMEIRO-ENF-P.S.N.S.-A;; ESTATUTARIO;5896,43;;5896,43;1073,41;4823,02;
IVANETE DE LIMA SAMPAIO;SETOR DE ENFERMARIA;FARMAC.BIOQ. -FAB-P.S.N.S.-A;; ESTATUTARIO;6422,18;;6422,18;1235,64;5186,54;
IVARLI DA SILVA LOPES;SECAO DE EXPEDIENTE;ASSISTENTE TECNICO;; ESTATUTARIO;2326,10;;2326,10;209,67;2116,43;
JACILEIA HELENA DE SOUZA ANDRADE;SERVICO DE ENFERMAGEM;TEC. DE ENFERMAGEM-TEN-P.S.N.M.-A;TEC DE ENFERMAGEM; ESTATUTARIO;2420,77;;2420,77;220,08;2200,69;
JACKQUELINE ALBUQUERQUE DA SILVA;SERVICOS TECNICOS;TEC.DE NUT.E DIET.-TND-P.S.N.M.-A;; ESTATUTARIO;2350,83;;2350,83;214,56;2136,27;
JACQUELINE BOTELHO DA SILVA;SETOR DE PATOLOGIA CLINICA;FARMAC.BIOQ. -FAB-P.S.N.S.-A;; ESTATUTARIO;6117,83;;6117,83;1151,94;4965,89;
JAILSON FREITAS DE LIMA;SETOR DE ZELAD.VIG.TRANSPORTES;MOTORISTA-MOT-T.S.N.A.-A;; ESTATUTARIO;2242,09;;2242,09;199,27;2042,82;
JANILDE DOS SANTOS SILVA;SETOR DE ENFERMARIA;TEC. DE ENFERMAGEM-TEN-P.S.N.M.-A;; ESTATUTARIO;2370,51;;2370,51;214,56;2155,95;
JANILSON CAMPOS VIEIRA;SETOR DE AMBULATORIO;RECEPCIONISTA-REC-T.S.N.A.-E;; ESTATUTARIO;1957,89;;1957,89;169,17;1788,72;
JANIO DE SOUSA PEREIRA;DIVISAO DE ADMINISTRACAO;MOTORISTA-MOT-T.S.N.A.-A;; ESTATUTARIO;2177,75;;2177,75;193,35;1984,40;
JEAN MICHEL MARTINS CARDOSO;SETOR DE ZELAD.VIG.TRANSPORTES;MOTORISTA-MOT-T.S.N.A.-A;; ESTATUTARIO;2177,75;;2177,75;193,35;1984,40;
JEANNE LEE COUTINHO MEDEIROS;SERVICO DE CIRURGIA ANCOLOGICA;MEDICO ESPECIALISTA;SUBGERENTE AD-3; ESTATUTARIO;10599,62;;10599,62;2470,45;8129,17;
JOAO KLINGER POGGI DE FIGUEIREDO;SETOR DE ZELAD.VIG.TRANSPORTES;MOTORISTA-MOT-T.S.N.A.-D;GERENTE AD 2; ESTATUTARIO;2575,84;;2575,84;233,63;2342,21;
JOCIANNE DOS SANTOS BARROS;SETOR DE NUTRICAO E DIETETICA;TEC.DE NUT.E DIET.-TND-P.S.N.M.-A;; ESTATUTARIO;2370,51;;2370,51;214,56;2155,95;
JOEDE CAVALCANTE DE OLIVEIRA;SETOR GENITO PELVICO UROLOGICO;MEDICO ESPECIALISTA;; ESTATUTARIO;8154,09;;8154,09;1986,70;6167,39;
JOELMA CAVALCANTE RICARDO;SETOR DE AMBULATORIO;MEDICO ESPECIALISTA;MED ESPECIALISTA; ESTATUTARIO;7179,62;;7179,62;1645,45;5534,17;
JOHNATAN DE OLIVEIRA NEVES;DIVISAO DE ADMINISTRACAO;ASSIST.ADMIN.-ASA-T.S.N.M.-A;; ESTATUTARIO;2070,43;;2070,43;181,55;1888,88;
JOICE HORACIO PEREIRA;SETOR DE RADIOTERAPIA;TEC.DE RADIOTERAPIA-TER-P.S.N.M.-A;; ESTATUTARIO;2370,51;;2370,51;214,56;2155,95;
JONAS BALAN DE PADUA;SETOR DE AMBULATORIO;MEDICO ESPECIALISTA;; ESTATUTARIO;7504,68;;7504,68;1612,40;5892,28;
JONAS MINEIRO DE CASTRO;DIVISAO DE ADMINISTRACAO;ASSIST.ADMIN.-ASA-T.S.N.M.-A;; ESTATUTARIO;2070,43;;2070,43;181,55;1888,88;
JONES COSTA FONSECA;SETOR DE FARMACIA;FARMACEUTICO-FAR-P.S.N.S.-A;; ESTATUTARIO;5896,43;;5896,43;1073,41;4823,02;
JORDANA RAFAELE NOGUEIRA DA SILVA;SETOR DE SERVICO SOCIAL;ASSIST.SOC.ASS-P.S.N.S.-CL.A;; ESTATUTARIO;5896,43;;5896,43;1073,41;4823,02;
JORGE ADRIANO ECARD MOREIRA;SETOR DE RADIOTERAPIA;TEC.DE RADIOTERAPIA-TER-P.S.N.M.-A;; ESTATUTARIO;2370,51;;2370,51;214,56;2155,95;
JORGE AFONSO DA SILVA PINHEIRO;SECAO DE PESSOAL;ASSIST.ADMIN.-ASA-T.S.N.M.-A;; ESTATUTARIO;2070,43;;2070,43;181,55;1888,88;
JORGE AUGUSTO ANDRADE DE G BEZERRA;SETOR DE HEMATOL.E HEMOTERAPIA;MEDICO ESPECIALISTA;; ESTATUTARIO;7504,68;;7504,68;1612,40;5892,28;
JOSE ALEXANDRE PIRES DE ALMEIDA;SETOR DE PSIC.REABIL.E FISIOT.;FISIOTERAPEUTA-FIS-P.S.N.S.-A;; ESTATUTARIO;5896,43;;5896,43;1073,41;4823,02;
JOSE ARTEMIS DE SOUZA LIMA;SETOR DE ENFERMARIA;TEC. DE ENFERMAGEM-TEN-P.S.N.M.-A;TEC. DE ENFERMAGEM; ESTATUTARIO;2723,28;;2723,28;265,02;2458,26;
JOSE CARLOS DA SILVA;SETOR DE ENFERMARIA;AUXILIAR DE ENFERMAGEM A;; ESTATUTARIO;2076,42;;2076,42;182,21;1894,21;
JOSE CASTRO PONTES;SETOR DE IMAGENOLOGIA;TEC.DE RAD.MEDICA-TRM-P.S.N.M.-B;; ESTATUTARIO;2155,89;;2155,89;237,15;1918,74;
JOSE MARQUES PINA JUNIOR;SETOR DE HEMATOL.E HEMOTERAPIA;MEDICO ESPECIALISTA;; ESTATUTARIO;7843,24;;7843,24;1730,23;6113,01;
JOSE MUNIZ DA SILVA;SECAO DE EXPEDIENTE;AGENTE ADM.-AGA-T.S.N.A.-G;; ESTATUTARIO;2199,34;;2199,34;195,73;2003,61;
JOSEFA SUELY CUNHA DE SOUZA;SETOR DE FARMACIA;FARMACEUTICO-FAR-P.S.N.S.-A;FARMACEUTICO; ESTATUTARIO;7866,44;;7866,44;1623,80;6242,64;
JOSIANE DA SILVA NEVES;ASSESSORIA;ASSESSOR III;; CARGO COMISSION.S/VINCULO;4535,92;;4535,92;647,43;3888,49;
JOSIANE DIAS DUARTE;SETOR DE FARMACIA;AUX.DE FARMACIA-AFA-P.S.N.A.-A;; ESTATUTARIO;2076,42;;2076,42;182,21;1894,21;
JOSIEL DE AQUINO MARTINS;DIVISAO DE ADMINISTRACAO;CHEFE DE DEPARTAMENTO;; CARGO COMISSION.S/VINCULO;5520,30;;5520,30;946,24;4574,06;
JOSINEIDE MARIA ABREU MARINATO;SETOR DE CENTRO MEDICO;ENFERMEIRO-ENF-P.S.N.S.-A;ENFERMEIRA; ESTATUTARIO;8514,09;;8514,09;1833,31;6680,78;
JOSSIMAR FARIAS FERREIRA;SETOR DE RADIOTERAPIA;ASSIST.ADMIN.-ASA-T.S.N.M.-A;; ESTATUTARIO;2070,43;;2070,43;181,55;1888,88;
JOVANIO MELO SARMENTO;SETOR DE PATOLOGIA CLINICA;AUX.DE PATOL.CLIN.-APC-P.S.N.A.-C;; ESTATUTARIO;2292,76;;2292,76;206,00;2086,76;
JUCENILDA VIEIRA FERNANDES;SETOR DE PATOLOGIA CLINICA;FARMAC.BIOQ. -FAB-P.S.N.S.-A;; ESTATUTARIO;5896,43;;5896,43;1073,41;4823,02;
JULCILENE FREIRE RODRIGUES;DIVISAO DE ADMINISTRACAO;TELEFONISTA-TEL-T.S.N.A.-E;; ESTATUTARIO;1957,89;;1957,89;169,17;1788,72;
JULIA MONICA MARCELINO BENEVIDES;SETOR DE ENFERMARIA;ENFERMEIRO-ENF-P.S.N.S.-A;; ESTATUTARIO;5476,43;;5476,43;1073,41;4403,02;
JULIA MONICA MARCELINO BENEVIDES;SERVICO DE ENFERMAGEM;ENFERMEIRO-ENF-P.S.N.S.-B;CHEFE DE DEPART.; ESTATUTARIO;6802,43;;6802,43;1394,81;5407,62;
JULIANE CRISTINE LOPES DOS SANTOS;SETOR DE LIQ.DE CONTAS HOSPIT.;ASSIST.ADMIN.-ASA-T.S.N.M.-A;; ESTATUTARIO;2070,43;;2070,43;181,55;1888,88;
JULIO CESAR LOPES GARCIA;SECAO DE EXPEDIENTE;AGENTE ADM.-AGA-T.S.N.A.-H;; ESTATUTARIO;2583,38;;2583,38;214,39;2368,99;
JUSSARA PEREIRA LEAL GUIMARAES;SETOR DE ENFERMARIA;AUXILIAR DE ENFERMAGEM;; ESTATUTARIO;1656,42;;1656,42;182,21;1474,21;
JUSSARA PEREIRA LEAL GUIMARAES;SETOR DE ENFERMARIA;TEC. DE ENFERMAGEM-TEN-P.S.N.M.-A;TEC DE ENFERMAGEN; ESTATUTARIO;2667,69;;2667,69;260,85;2406,84;
JUSSARA PRAXEDES REBOUCAS;SETOR DE PATOLOGIA CLINICA;FARMAC.BIOQ. -FAB-P.S.N.S.-A;; ESTATUTARIO;5896,43;;5896,43;1073,41;4823,02;
KAMILA KEROENY FERNANDES PEREIRA;SETOR DE ENFERMARIA;TEC. DE ENFERMAGEM-TEN-P.S.N.M.-A;; ESTATUTARIO;2370,51;;2370,51;214,56;2155,95;
KAMILLA NIVEA DANTAS LIRA;ASSESSORIA;ASSESSOR I;NAO INFORMADO; CARGO COMISSION.S/VINCULO;5520,30;;5520,30;946,24;4574,06;
KAREN SILVIA MELO DE SOUZA;ASSESSORIA;ASSESSOR II;; CARGO COMISSION.S/VINCULO;4513,27;;4513,27;641,90;3871,37;
KARINA RIBEIRO LOPES;SETOR DE PATOLOGIA CLINICA;TEC.DE PAT.CLINICA-TPC-P.S.N.M.-A;; ESTATUTARIO;2305,49;;2305,49;207,40;2098,09;
KARYELLEN FREITAS DE ARAUJO;SERVICO COMPLEM.DE DIAGNOSTICO;GERENTE;; CARGO COMISSION.S/VINCULO;4513,27;;4513,27;641,90;3871,37;
KATIA LUZ TORRES SILVA;DIRETORIA TECNICA;FARMACEUTICO BIOQUIMICO A;DIRETOR ENS.PESQUISA; ESTATUTARIO;14521,57;;14521,57;3487,20;11034,37;
KATIA SOCORRO SILVA CORREA;SETOR GENITO PELVICO UROLOGICO;MEDICO ESPECIALISTA;; ESTATUTARIO;7843,24;;7843,24;1730,23;6113,01;
KATIA UCHOA DO NASCIMENTO;SECAO DE PESSOAL;AGENTE ADM.-AGA-T.S.N.A.-G;; ESTATUTARIO;2255,43;;2255,43;201,90;2053,53;
KATIANY REGINA RABELO NAZARETH;SETOR DE NUTRICAO E DIETETICA;AGENTE ADM.-AGA-T.S.N.A.-G;; ESTATUTARIO;2199,34;;2199,34;195,73;2003,61;
KATYELLEN FREITAS DE ARAUJO;SETOR DE FARMACIA;GERENTE;; CARGO COMISSION.S/VINCULO;4513,27;;4513,27;641,90;3871,37;
KAZUKO BELEM NOGUCHI;SETOR DE NUTRICAO E DIETETICA;COPEIRO-COP-T.S.N.A.-A;COPEIRO; ESTATUTARIO;1987,30;;1987,30;172,40;1814,90;
KEILA SOUZA DA SILVA;SETOR DE ENFERMARIA;TEC. DE ENFERMAGEM-TEN-P.S.N.M.-A;; ESTATUTARIO;2409,25;;2409,25;214,56;2194,69;
KEYTE FABIOLA DE LIMA F BENTES;SETOR DE SERVICO SOCIAL;ASSIST.SOC.ASS-P.S.N.S.-CL.A;; ESTATUTARIO;5896,43;;5896,43;1073,41;4823,02;
KLEBER SANDRO BRASIL DOS SANTOS;SETOR DE HEMATOL.E HEMOTERAPIA;FARMACEUTICO BIOQUIMICO A;GERENTE AD 2; ESTATUTARIO;9896,43;;9896,43;2173,41;7723,02;
KLEYBE JEFFERSON GARCIA OLIVEIRA;SETOR DE RADIOTERAPIA;ASSIST.ADMIN.-ASA-T.S.N.M.-A;; ESTATUTARIO;2070,43;;2070,43;181,55;1888,88;
KLYWTER BRUNO FREIRE TEIXEIRA;SETOR DE FARMACIA;AUX.DE FARMACIA-AFA-P.S.N.A.-A;; ESTATUTARIO;2076,42;;2076,42;182,21;1894,21;
LAILA PATRICIA FIDELIS DUTRA;SETOR DE IMAGENOLOGIA;MEDICO ESPECIALISTA;MEDICA ESPECIALISTA; ESTATUTARIO;7179,62;;7179,62;1645,45;5534,17;
LARISSA GABRIELA LINS NEVES;SERVICOS TECNICOS;PSICOLOGO-PSI-P.S.N.S.-A;; ESTATUTARIO;5896,43;;5896,43;1073,41;4823,02;
LAURA RITA CAVALCANTE DA SILVEIRA;SECAO DE EXPEDIENTE;CHEFE DE GABINETE;; CARGO COMISSION.S/VINCULO;7220,40;;7220,40;1466,44;5753,96;
LAYANE QUINCO MAGALHAES;SETOR DE PATOLOGIA CLINICA;ASSIST.ADMIN.-ASA-T.S.N.M.-A;; ESTATUTARIO;2015,41;;2015,41;175,50;1839,91;
LEA CHAVES AMORIM;SETOR DE FARMACIA;FARMACEUTICO-FAR-P.S.N.S.-A;; ESTATUTARIO;5476,43;;5476,43;1073,41;4403,02;
LEANDRO BALDINO;SETOR DE RADIOTERAPIA;MEDICO ESPECIALISTA;; ESTATUTARIO;7599,62;;7599,62;1645,45;5954,17;
LEDIANNE DA SILVA OLIVEIRA;DIVISAO DE ADMINISTRACAO;TELEFONISTA-TEL-T.S.N.A.-E;; ESTATUTARIO;1957,89;;1957,89;169,17;1788,72;
LEIDIANE MENDES BRITO;NUCLEO DE ESTUDOS E PESQUISAS;PESQUISADOR INIC.-PEI-P.S.N.S.-A;; ESTATUTARIO;6571,61;;6571,61;1312,93;5258,68;
LEINA TUPINAMBA DE QUEIROZ;SETOR DE REGISTRO E CONTROLE;AGENTE ADM.-AGA-T.S.N.A.-F;; ESTATUTARIO;2130,53;;2130,53;188,16;1942,37;
LEIVA REGINA DA ENCARNACAO DA SILVA;SERVICO DE ENFERMAGEM;TEC. DE ENFERMAGEM-TEN-P.S.N.M.-A;TEC. ENFERMAGEM; ESTATUTARIO;2470,06;;2470,06;220,08;2249,98;
LENIMAR ALVES DE OLIVEIRA;SERV.CLIN.MED.ONC.E APOIO TER.;AUX.DE SERV.GER.-ASG-T.S.N.A.-C;; ESTATUTARIO;2435,55;;2435,55;199,74;2235,81;
LEONARDO LEAL DO NASCIMENTO;SETOR DE ZELAD.VIG.TRANSPORTES;MOTORISTA-MOT-T.S.N.A.-A;MOTORISTA; ESTATUTARIO;2231,54;;2231,54;199,27;2032,27;
LEONIDAS ALVES DA SILVA;SETOR DE CABECA E PESCOCO;MEDICO ESPECIALISTA;; ESTATUTARIO;8647,46;;8647,46;2161,72;6485,74;
LEONIDAS ALVES DA SILVA;SETOR DE CABECA E PESCOCO;MEDICO ESPECIALISTA;; ESTATUTARIO;14353,50;;14353,50;4187,02;10166,48;
LIA MIZOBE ONO;CONSELHO DIRETOR;CIRURGIAO DENTISTA A;; ESTATUTARIO;5896,43;;5896,43;1021,27;4875,16;
LILIAN DE PAULA DUARTE PAES;SERVICO DE RADIOTERAPIA;ASSISTENTE TECNICO A;ASSIST TEC; ESTATUTARIO;2681,09;;2681,09;199,33;2481,76;
LILIAN GRACE COELHO DE ARAUJO;SETOR DE REGISTRO E CONTROLE;AGENTE ADM.-AGA-T.S.N.A.-F;; ESTATUTARIO;2130,53;;2130,53;188,16;1942,37;
LILIAN MARIA DE ALBUQUERQUE CHAVES;SETOR DE HEMATOL.E HEMOTERAPIA;TEC. DE HEMOTERAP.-THE-P.S.N.M.-C;; ESTATUTARIO;2689,05;;2689,05;249,60;2439,45;
LIZETE DE SOUZA AZEVEDO;SERVICO DE ENFERMAGEM;AGENTE ADM.-AGA-T.S.N.A.-G;; ESTATUTARIO;1765,93;;1765,93;194,25;1571,68;
LORENA BARROS DA SILVEIRA;SETOR DE ENFERMARIA;ENFERMEIRO-ENF-P.S.N.S.-A;; ESTATUTARIO;5896,43;;5896,43;1073,41;4823,02;
LOURDES PEREIRA DE SOUZA;SETOR DE ALMOXARIFADO;AGENTE ADM.-AGA-T.S.N.A.-G;; ESTATUTARIO;1835,43;;1835,43;201,90;1633,53;
LUCAS VIDEO PENEDO;DIVISAO DE ADMINISTRACAO;ASSIST.ADMIN.-ASA-T.S.N.M.-A;; ESTATUTARIO;2070,43;;2070,43;181,55;1888,88;
LUCIA DE FATIMA ALVES DO NASCIMENTO;SECAO DE PESSOAL;AGENTE ADM.-AGA-T.S.N.A.-G;GERENTE AD 2; ESTATUTARIO;2226,49;;2226,49;198,71;2027,78;
LUCIA MELO DA SILVA;SETOR DE ENFERMARIA;TEC. DE ENFERMAGEM-TEN-P.S.N.M.-A;TECNICO ENFERMAGEM; ESTATUTARIO;3087,69;;3087,69;260,85;2826,84;
LUCIANO AFONSO TEIXEIRA BRANDAO;SECAO DE PESSOAL;MEDICO ESPECIALISTA;; ESTATUTARIO;7843,24;;7843,24;1730,23;6113,01;
LUCIANO OLIVEIRA DE MELO;DIVISAO DE ADMINISTRACAO;ASSIST.ADMIN.-ASA-T.S.N.M.-A;; ESTATUTARIO;2070,43;;2070,43;181,55;1888,88;
LUCICLEIA FREITAS MADY;SERVICO DE ENFERMAGEM;TECNICO DE PATOLOGIA CLINICA A;; ESTATUTARIO;2403,72;;2403,72;214,56;2189,16;
LUCILENE GUIMARAES DE OLIVEIRA;SAME;TEC.DE RAD.MEDICA-TRM-P.S.N.M.-D;; ESTATUTARIO;2702,58;;2702,58;279,19;2423,39;
LUCINETE VIANA DA SILVA;SETOR DE ENFERMARIA;AUXILIAR DE ENFERMAGEM A;; ESTATUTARIO;2076,42;;2076,42;182,21;1894,21;
LUCIVALDO MORAIS DOS REIS;SETOR DE RADIOTERAPIA;TEC.DE RADIOTERAPIA-TER-P.S.N.M.-A;TEC. EM RADIOTERAPIA; ESTATUTARIO;2420,77;;2420,77;220,08;2200,69;
LUIGI GUIDOBONO NUNES;SETOR DE NUTRICAO E DIETETICA;COPEIRO-COP-T.S.N.A.-A;; ESTATUTARIO;2428,39;;2428,39;172,40;2255,99;
LUIS ARTURO ULLOA PEREZ;SETOR DE PATOLOGIA CLINICA;FARMAC.BIOQ. -FAB-P.S.N.S.-D;; ESTATUTARIO;6773,11;;6773,11;1384,40;5388,71;
LUIS FELIPE MENEZES DA COSTA;SECAO DE ORCAMENTO E FINANCAS;SUBGERENTE;; CARGO COMISSION.S/VINCULO;3506,94;;3506,94;402,81;3104,13;
LUIS MANSUETO PEREIRA FILHO;DIVISAO DE ADMINISTRACAO;COMUNICADOR SOC.-COS-T.S.N.S.-A;; ESTATUTARIO;4546,08;;4546,08;649,90;3896,18;
LUISA DOS SANTOS TORRES;SECAO DE MATERIAL E PATRIMONIO;ASSIST.ADMIN.-ASA-T.S.N.M.-A;; ESTATUTARIO;1685,33;;1685,33;139,19;1546,14;
LUIZ CARLOS DOS SANTOS JUNIOR;SETOR ABDOMINO-TORAXICO;MEDICO ESPECIALISTA;; ESTATUTARIO;8074,23;;8074,23;1811,15;6263,08;
LUIZ SERGIO MACHADO DOS SANTOS;SETOR DE CABECA E PESCOCO;CIR.DENT.-CCRD-P.S.N.S.-B;; ESTATUTARIO;6483,64;;6483,64;1281,72;5201,92;
LUZIA DE OLIVEIRA SILVA;SETOR DE ENFERMARIA;ENFERMEIRO-ENF-P.S.N.S.-C;; ESTATUTARIO;7520,63;;7520,63;1739,15;5781,48;
LYRES MARGARETH SOARES BENTES;SERVICO DE ENFERMAGEM;ENFERMEIRO-ENF-P.S.N.S-D;; ESTATUTARIO;6897,06;;6897,06;1577,37;5319,69;
MAIKO RAMOS MAIA;SETOR DE PATOLOGIA CLINICA;MEDICO ESPECIALISTA;; ESTATUTARIO;11504,68;;11504,68;2712,40;8792,28;
MANOEL JESUS PINHEIRO COELHO;SETOR ABDOMINO-TORAXICO;MEDICO ESPECIALISTA;; ESTATUTARIO;10897,25;;10897,25;2961,61;7935,64;
MANOEL JESUS PINHEIRO COELHO JUNIOR;SERVICO DE CIRURGIA ANCOLOGICA;MEDICO ESPECIALISTA;; ESTATUTARIO;7504,68;;7504,68;1612,40;5892,28;
MANUEL MATIAS PINTO;DIRETORIA TECNICA;MEDICO ESPECIALISTA;; ESTATUTARIO;8200,12;;8200,12;2004,81;6195,31;
MARA LUCIA DE FREITAS;SECAO DE PESSOAL;SUBGERENTE;; CARGO COMISSION.S/VINCULO;4535,92;;4535,92;647,43;3888,49;
MARA TATIANE SILVA DOS S MARIALVA;SETOR DE ENFERMARIA;TEC. DE ENFERMAGEM-TEN-P.S.N.M.-A;; ESTATUTARIO;2370,51;;2370,51;214,56;2155,95;
MARCELA DE MATOS QUEIROZ;SETOR DE ENFERMARIA;TEC. DE ENFERMAGEM-TEN-P.S.N.M.-A;TEC ENFERMAGEM; ESTATUTARIO;3087,69;;3087,69;22,01;3065,68;
MARCELO JOSE FERREIRA DE SOUZA;SETOR DE ZELAD.VIG.TRANSPORTES;MOTORISTA-MOT-T.S.N.A.-B;; ESTATUTARIO;2393,47;;2393,47;217,08;2176,39;
MARCELO TAPAJOS ARAUJO;DIRETORIA TECNICA;MEDICO DOUTOR;; ESTATUTARIO;10160,83;;10160,83;2478,48;7682,35;
MARCIA ANDRADE DE SOUZA;SETOR DE ENFERMARIA;AUXILIAR DE ENFERMAGEM A;; ESTATUTARIO;2115,53;;2115,53;182,21;1933,32;
MARCIA DOS SANTOS LIRA DA SILVA;SETOR DE ENFERMARIA;AUXILIAR DE ENFERMAGEM A;; ESTATUTARIO;2076,42;;2076,42;182,21;1894,21;
MARCIA MARIA DE OLIVEIRA PASTOR;SETOR DE AMBULATORIO;FONOAUDIOLOGO-FON-P.S.N.S.-A;; ESTATUTARIO;5896,43;;5896,43;1073,41;4823,02;
MARCILENE RODRIGUES DOS SANTOS;SERVICO DE ENFERMAGEM;TEC. DE ENFERMAGEM-TEN-P.S.N.M.-A;TEC DE ENFERMAGEM; ESTATUTARIO;2420,77;;2420,77;220,08;2200,69;
MARCIO COSTA FERNANDES;SERV.CLIN.MED.ONC.E APOIO TER.;GERENTE;NAO INFORMADO; CARGO COMISSION.S/VINCULO;4513,27;;4513,27;641,90;3871,37;
MARCIO NEVES STEFANI;CONSELHO DIRETOR;PROF.ESPECIAL AUX.A 40HS-PE.111.20;CH.DE DEPARTAMENTO; ESTATUTARIO;9593,80;;9593,80;2318,47;7275,33;
MARCO ANTONIO CRUZ ROCHA;SERVICO DE CIRURGIA ANCOLOGICA;MEDICO ESPECIALISTA;MEDICO ESPECIALISTA; ESTATUTARIO;7599,62;;7599,62;1645,45;5954,17;
MARCO ANTONIO RICCI CORREA JUNIOR;SERVICO DE CIRURGIA ANCOLOGICA;MEDICO ESPECIALISTA;DIRETOR PRESIDENTE; ESTATUTARIO;7599,62;;7599,62;1645,45;5954,17;
MARCOS AURELIO FERREIRA DA SILVA;SETOR DE ENFERMARIA;FARMAC.BIOQ. -FAB-P.S.N.S.-A;FARMACEUTICO; ESTATUTARIO;6117,83;;6117,83;1151,94;4965,89;
MARCOS DE JESUS VILELA;SETOR DE AMBULATORIO;PROFESSOR C4 ED-LPL-IV;ASSESSOR I AD1; ESTATUTARIO;7520,54;;7520,54;1250,81;6269,73;
MARCOS GOMES BEZERRA JUNIOR;SETOR DE ZELAD.VIG.TRANSPORTES;MOTORISTA-MOT-T.S.N.A.-A;; ESTATUTARIO;2177,75;;2177,75;193,35;1984,40;
MARESSA GASPAROTO LENGLUBE LISBOA;SETOR DE ENFERMARIA;ENFERMEIRO-ENF-P.S.N.S.-A;; ESTATUTARIO;5896,43;;5896,43;1073,41;4823,02;
MARIA ANGELA COSTA LIMA GIOIA;DIVISAO DE ADMINISTRACAO;ADMINISTRADOR ADM.T.S.N.S.-A;GERENTE AD 2; ESTATUTARIO;8921,18;;8921,18;1827,43;7093,75;
MARIA APARECIDA FLORES DOS SANTOS;SETOR NEUROLOGICO;MEDICO ESPECIALISTA;; ESTATUTARIO;8073,72;;8073,72;1958,19;6115,53;
MARIA AUREA PEREIRA DOS SANTOS;SETOR DE NUTRICAO E DIETETICA;COZINHEIRO-COZ-T.S.N.A.-D;; ESTATUTARIO;2344,37;;2344,37;211,68;2132,69;
MARIA AUXILIADORA BRAGA DE OLIVEIRA;SETOR DE ENFERMARIA;ENFERMEIRO-ENF-P.S.N.S.-B;; ESTATUTARIO;6802,43;;6802,43;1394,81;5407,62;
MARIA AUXILIADORA DA SILVA SILVA;CONS.TECNICO-ADMINISTRATIVO;CONTADOR-CON-T.S.N.S.-A;; ESTATUTARIO;4640,97;;4640,97;673,43;3967,54;
MARIA AUXILIADORA DE MELO;SETOR DE PATOLOGIA CLINICA;ASSISTENTE TECNICO ADMINISTRATIVO B;; ESTATUTARIO;2397,00;;2397,00;237,54;2159,46;
MARIA AUXILIADORA FERNANDES SILVA;SETOR DE ENFERMARIA;AUX.DE ENFERM.-AEF-P.S.N.A.-B;; ESTATUTARIO;1844,09;;1844,09;202,85;1641,24;
MARIA AUXILIADORA TRINDADE REBELO;SETOR DE AMBULATORIO;MEDICO ESPECIALISTA;; ESTATUTARIO;7084,68;;7084,68;1612,40;5472,28;
MARIA AUXILIADORA TRINDADE REBELO;SERV.CLIN.MED.ONC.E APOIO TER.;MEDICO ESPECIALISTA A;; ESTATUTARIO;7504,68;;7504,68;1560,18;5944,50;
MARIA CELIA CASTRO DA COSTA;SERVICO DE RADIOTERAPIA;TECNICO DE RADIOTERAPIA A;; ESTATUTARIO;2370,51;;2370,51;214,56;2155,95;
MARIA CELIA LOPES DE SOUZA;SECAO DE ORCAMENTO E FINANCAS;ASSISTENTE TECNICO A;CHEFE DE DEPART; ESTATUTARIO;2559,11;;2559,11;211,98;2347,13;
MARIA CELIA VIANA CIDRONIO;SERVICOS TECNICOS;ASSIST.SOC.ASS-P.S.N.S.-CL.D;GERENTE AD 2; ESTATUTARIO;11318,69;;11318,69;2664,83;8653,86;
MARIA CINTIA DA COSTA B C E SOUZA;SETOR DE FARMACIA;AUX.DE FARMACIA-AFA-P.S.N.A.-A;; ESTATUTARIO;2076,42;;2076,42;;2076,42;
MARIA CLAUDIA DA SILVA ANDRADE;SERVICO DE ENFERMAGEM;TEC. DE ENFERMAGEM-TEN-P.S.N.M.-A;TEC.DE ENFERMAGEM; ESTATUTARIO;2420,77;;2420,77;220,08;2200,69;
MARIA DA PENHA PICANCO PIRAICE;SETOR DE ENFERMARIA;TEC. DE ENFERMAGEM-TEN-P.S.N.M.-A;; ESTATUTARIO;1950,51;;1950,51;214,56;1735,95;
MARIA DA PENHA PICANCO PIRAICE;SETOR DE ENFERMARIA;TEC. DE ENFERMAGEM-TEN-P.S.N.M.-A;TECNICO  ENFERMAGEN; ESTATUTARIO;2667,69;;2667,69;260,85;2406,84;
MARIA DAS GRACAS BASTOS DE LIMA;SETOR DE CITOPATOLOGIA;TEC.DE HISTOLOGIA-THI-P.S.N.M.-A;TEC.HISTOLOGIA; ESTATUTARIO;2420,77;;2420,77;220,08;2200,69;
MARIA DAS GRACAS BORGES LOPES;SETOR DE ENFERMARIA;AUX.DE ENFERM.-AEF-P.S.N.A.-C;; ESTATUTARIO;2394,54;;2394,54;217,20;2177,34;
MARIA DAS GRACAS COSTA DE SENA;SERVICO DE ENFERMAGEM;ENFERMEIRO-ENF-P.S.N.S.-A;ENFERMERO; ESTATUTARIO;7866,44;;7866,44;1623,80;6242,64;
MARIA DAS GRACAS DO VALLE CORTEZ;NUCLEO MEDICO-ASSISTENCIAL;MEDICO ESPECIALISTA;; ESTATUTARIO;8089,79;;8089,79;1963,89;6125,90;
MARIA DAS GRACAS TEIXEIRA DE M MAIA;SETOR DE ENFERMARIA;TEC. DE ENFERMAGEM-TEN-P.S.N.M.-D;; ESTATUTARIO;2788,23;;2788,23;275,79;2512,44;
MARIA DE DEUS MOURAO XAVIER;SETOR DE ENFERMARIA;AUXILIAR DE ENFERMAGEM A;AUX. DE ENFERMAGEM A; ESTATUTARIO;2076,42;;2076,42;182,21;1894,21;
MARIA DE FATIMA ALVES NOGUEIRA;SETOR DE ENFERMARIA;TEC. DE ENFERMAGEM-TEN-P.S.N.M.-B;; ESTATUTARIO;2575,89;;2575,89;237,15;2338,74;
MARIA DE FATIMA BERNARDO GUEDES;SETOR DE AMBULATORIO;AUX.DE ENFERM.-AEF-P.S.N.A.-D;; ESTATUTARIO;2033,37;;2033,37;223,67;1809,70;
MARIA DE FATIMA EDWARDS AMAZONAS;SETOR DE ENFERMARIA;AUX. OPERACIONAL DE SAUDE A;AUX. OP. DE SAUDE A; ESTATUTARIO;1656,42;;1656,42;182,21;1474,21;
MARIA DE LOURDES DA SILVA VIEIRA;SETOR DE ENFERMARIA;TECNICO DE PATOLOGIA CLINICA A;; ESTATUTARIO;1950,51;;1950,51;214,56;1735,95;
MARIA DE LOURDES DOS SANTOS;SECAO DE SERVICOS GERAIS;AUX.DE SERV.GER.-ASG-T.S.N.A.-D;; ESTATUTARIO;2249,44;;2249,44;201,24;2048,20;
MARIA DE LOURDES MARINHO DE MAGALHA;CONSELHO DIRETOR;MEDICO ESPECIALISTA;; ESTATUTARIO;9000,55;;9000,55;2219,47;6781,08;
MARIA DE NAZARE CORREA DE AZEVEDO;SETOR DE ENFERMARIA;ENFERMEIRO A;; ESTATUTARIO;5896,43;;5896,43;1073,41;4823,02;
MARIA DE NAZARE PICANCO BARBOSA;DIRETORIA TECNICA;AGENTE ADM.-AGA-T.S.N.A.-G;; ESTATUTARIO;2250,92;;2250,92;201,40;2049,52;
MARIA DIVINA GONCALVES DE ALMEIDA;SETOR DE CITOPATOLOGIA;TEC.DE HISTOLOGIA-THI-P.S.N.M.-A;TEC. HISTOLOGIA; ESTATUTARIO;2420,77;;2420,77;220,08;2200,69;
MARIA DO CARMO LOURENCO;SETOR DE ENFERMARIA;AUXILIAR DE ENFERMAGEM A;; ESTATUTARIO;1656,42;;1656,42;182,21;1474,21;
MARIA DO PERPETUO SOCORRO G AMARAL;SETOR DE ENFERMARIA;AUXILIAR DE ENFERMAGEM A;; ESTATUTARIO;2076,42;;2076,42;182,21;1894,21;
MARIA DO SOCORRO ANDRADE RIBEIRO;SETOR DE ENFERMARIA;TEC. DE ENFERMAGEM-TEN-P.S.N.M.-A;TEC ENFERMAGEM; ESTATUTARIO;3211,51;;3211,51;270,14;2941,37;
MARIA DO SOCORRO BARROZO BATALHA;SETOR DE ENFERMARIA;TEC.DE RADIOTERAPIA-TER-P.S.N.M.-A;TEC. RADIOTERAPIA; ESTATUTARIO;2370,51;;2370,51;214,56;2155,95;
MARIA DO SOCORRO BARROZO BATALHA;SETOR DE RADIOTERAPIA;TECNICO EM RADIOTERAPIA;TEC. EM RADIOTERAPIA; ESTATUTARIO;2000,77;;2000,77;220,08;1780,69;
MARIA DO SOCORRO DAS CHAGAS;SERVICO DE ENFERMAGEM;ENFERMEIRO-ENF-P.S.N.S.-A;ENFERMERO; ESTATUTARIO;7446,44;;7446,44;1623,80;5822,64;
MARIA DO SOCORRO DE O L MACEDO;SETOR DE ENFERMARIA;ENFERMEIRO-ENF-P.S.N.S.-B;; ESTATUTARIO;6802,43;;6802,43;1394,81;5407,62;
MARIA DO SOCORRO MARQUES CARVALHO;SERV.CLIN.MED.ONC.E APOIO TER.;TEC.DE HEMOTERAP.-THE-P.S.N.M.-A;TEC HEMATERAPIA; ESTATUTARIO;2473,31;;2473,31;225,86;2247,45;
MARIA DO SOCORRO SANTOS DE ARAUJO;SETOR DE HEMATOL.E HEMOTERAPIA;TEC.DE HEMOTERAP.-THE-P.S.N.M.-A;; ESTATUTARIO;2473,31;;2473,31;225,86;2247,45;
MARIA EMILIA DIAS DE ALMEIDA;SERVICO DE ENFERMAGEM;ENFERMEIRO-ENF-P.S.N.S.-C;; ESTATUTARIO;6610,43;;6610,43;1378,56;5231,87;
MARIA GRACIETE RIBEIRO CARNEIRO;SETOR DE HEMATOL.E HEMOTERAPIA;PSICOLOGO-PSI-P.S.N.S.-B;GERENTE AD 2; ESTATUTARIO;10802,43;;10802,43;2338,40;8464,03;
MARIA GRASIELA CORREIA LEITE;NUCLEO MEDICO-ASSISTENCIAL;MEDICO ESPECIALISTA;; ESTATUTARIO;7423,24;;7423,24;1730,23;5693,01;
MARIA GREICE FREITAS DE SOUZA;SECAO DE MATERIAL E PATRIMONIO;GERENTE;; CARGO COMISSION.S/VINCULO;5877,69;;5877,69;1066,75;4810,94;
MARIA JOSE DE OLIVEIRA DA S NUNES;SETOR DE NUTRICAO E DIETETICA;COZINHEIRO-T.S.N.A.-A;COZINHEIRA; ESTATUTARIO;1987,30;;1987,30;172,40;1814,90;
MARIA LEITE MARTINS;SETOR DE ENFERMARIA;TEC. DE ENFERMAGEM-TEN-P.S.N.M.-A;; ESTATUTARIO;2370,51;;2370,51;214,56;2155,95;
MARIA LUCIA FERREIRA MARCIAO;SETOR DE ENFERMARIA;TEC. DE ENFERMAGEM-TEN-P.S.N.M.-C;; ESTATUTARIO;2269,05;;2269,05;249,60;2019,45;
MARIA LUCILENA FERREIRA DA SILVA;SETOR DE PATOLOGIA CLINICA;TEC.DE PAT.CLINICA-TPC-P.S.N.M.-A;; ESTATUTARIO;2370,51;;2370,51;214,56;2155,95;
MARIA MARGARETH FERREIRA GOMES;SETOR DE NUTRICAO E DIETETICA;COZINHEIRO-T.S.N.A.-A;COZINHEIRA; ESTATUTARIO;1833,91;;1833,91;155,53;1678,38;
MARIA SARA PEDROZA FREIRE OLIVEIRA;SETOR DE NUTRICAO E DIETETICA;COZINHEIRO-T.S.N.A.-A;COZINHEIRA; ESTATUTARIO;2089,73;;2089,73;172,40;1917,33;
MARIA TEREZA DE OLIVEIRA B SILVA;SETOR ABDOMINO-TORAXICO;TEC.DE PAT.CLINICA-TPC-P.S.N.M.-B;; ESTATUTARIO;2155,89;;2155,89;237,15;1918,74;
MARIA VERBENE COSTA AGUIAR;SETOR DE ENFERMARIA;ENFERMEIRO-ENF-P.S.N.S.-A;; ESTATUTARIO;6119,14;;6119,14;1134,65;4984,49;
MARIA VILANIR DA SILVA;SETOR DE SERVICO SOCIAL;ASSIST.SOC.ASS-P.S.N.S.-CL.A;; ESTATUTARIO;5896,43;;5896,43;1073,41;4823,02;
MARIA WILMA TORRES DA COSTA;CHEFIA DE GABINETE;COPEIRO-COP-T.S.N.A.-A;; ESTATUTARIO;1945,14;;1945,14;167,77;1777,37;
MARIA ZILMAR DE ARAUJO TAVARES;SETOR DE PATOLOGIA CLINICA;FARMAC.BIOQ. -FAB-P.S.N.S.-D;; ESTATUTARIO;6992,30;;6992,30;1506,88;5485,42;
MARILIA BATISTA AZEVEDO;SETOR DE ENFERMARIA;TEC. DE ENFERMAGEM-TEN-P.S.N.M.-A;; ESTATUTARIO;2370,51;;2370,51;214,56;2155,95;
MARILIA MUNIZ CAVALCANTE OLIVEIRA;SERVICO DE ENFERMAGEM;ENFERMEIRO-ENF-P.S.N.S.-B;CHEFE DE DEPART.; ESTATUTARIO;11534,00;;11534,00;2674,58;8859,42;
MARINEIA SILVA DO NASCIMENTO;SETOR DE ENFERMARIA;TEC. DE ENFERMAGEM-TEN-P.S.N.M.-A;TECNICO ENFERMAGEM; ESTATUTARIO;2667,69;;2667,69;260,85;2406,84;
MARIO JOSE CASTELO BRANCO;SETOR DE FARMACIA;ASSISTENTE TECNICO A;; ESTATUTARIO;2543,41;;2543,41;223,54;2319,87;
MARIO MARCELO DE OLIVEIRA FEITOSA;SETOR DE ZELAD.VIG.TRANSPORTES;MOTORISTA-MOT-T.S.N.A.-A;; ESTATUTARIO;2263,75;;2263,75;199,27;2064,48;
MARIO SERGIO DE MORAES PINTO;SERV.CLIN.MED.ONC.E APOIO TER.;MEDICO ESPECIALISTA;; ESTATUTARIO;7504,68;;7504,68;1612,40;5892,28;
MARISE DA SILVA PEREIRA;DIVISAO DE ADMINISTRACAO;TELEFONISTA-TEL-T.S.N.A.-E;; ESTATUTARIO;1957,89;;1957,89;169,17;1788,72;
MARIZA FEITOZA DA COSTA;SETOR DE ENFERMARIA;TEC. DE ENFERMAGEM-TEN-P.S.N.M.-A;TEC ENFERMAGEM; ESTATUTARIO;2667,69;;2667,69;260,85;2406,84;
MARLICE FIGUEIREDO DA COSTA;SERVICOS TECNICOS;COPEIRO-COP-T.S.N.A.-A;; ESTATUTARIO;1945,14;;1945,14;167,77;1777,37;
MARLY MENDES FREITAS;SETOR DE RADIOTERAPIA;AUX.DE ENFERM.-AEF-P.S.N.A.-D;; ESTATUTARIO;2628,26;;2628,26;218,84;2409,42;
MARTA DE OLIVEIRA FRANCA;SECAO DE PESSOAL;AGENTE ADM.-AGA-T.S.N.A.-G;.; ESTATUTARIO;2069,44;;2069,44;205,08;1864,36;
MARTA JOYCE MATOS VIEIRA DA CUNHA;CHEFIA DE GABINETE;COPEIRO-COP-T.S.N.A.-A;; ESTATUTARIO;1945,14;;1945,14;167,77;1777,37;
MARY SA MORAIS DAMIAO;SETOR DE ZELAD.VIG.TRANSPORTES;ASSISTENTE TECNICO A;; ESTATUTARIO;2032,17;;2032,17;223,54;1808,63;
MARYZANGELA DE MIRANDA FERREIRA;SERV.CLIN.MED.ONC.E APOIO TER.;TEC.DE HEMOTERAP.-THE-P.S.N.M.-A;; ESTATUTARIO;2053,31;;2053,31;225,86;1827,45;
MAURA ANDREA NEGREIROS BIANCO;SETOR DE AMBULATORIO;SUBGERENTE;; CARGO COMISSION.S/VINCULO;3513,27;;3513,27;403,93;3109,34;
MAURICIO DE NASSAU AREOSA VALE;SETOR DE IMAGENOLOGIA;MEDICO ESPECIALISTA TEMPORARIO;; ESTATUTARIO;7084,68;;7084,68;1560,18;5524,50;
MAURICIO SOARES BECHMAN;SECAO DE ORCAMENTO E FINANCAS;ASSIST.ADMIN.-ASA-T.S.N.M.-A;; ESTATUTARIO;2070,43;;2070,43;181,55;1888,88;
MAYSA DE SOUZA CRUZ;SECAO DE PESSOAL;PSICOLOGO C;; ESTATUTARIO;5896,43;;5896,43;1073,41;4823,02;
MICHELE CRISTIANE DE S ALBUQUERQUE;SETOR DE ONCOLOGIA CLINICA;ENFERMEIRO-ENF-P.S.N.S.-A;GERENTE AD 2; ESTATUTARIO;10271,53;;10271,53;2306,47;7965,06;
MIRLANE GUIMARAES DE MELO CARDOSO;SETOR DE ANESTESIOLOGIA;GERENTE;; CARGO COMISSION.S/VINCULO;4513,27;;4513,27;641,90;3871,37;
MIRZA PINHO ICAVINO GARCIA;SETOR DE PATOLOGIA CLINICA;TEC.DE PAT.CLINICA-TPC-P.S.N.M.-D;; ESTATUTARIO;2368,23;;2368,23;260,51;2107,72;
MOISES CAMPOS ASSUNCAO;SECAO DE ORCAMENTO E FINANCAS;GERENTE;; CARGO COMISSION.S/VINCULO;4513,27;;4513,27;641,90;3871,37;
MONICA DO SOCORRO ROCHA DE OLIVEIRA;SETOR DE ENFERMARIA;ENFERMEIRO-ENF-P.S.N.S.-A;; ESTATUTARIO;5896,43;;5896,43;1073,41;4823,02;
MONICA FERREIRA AMARAL VITAL;SETOR DE HEMATOL.E HEMOTERAPIA;TEC.DE HEMOTERAP.-THE-P.S.N.M.-A;TEC. DE HEMOTERAPIA; ESTATUTARIO;2420,77;;2420,77;220,08;2200,69;
MONICA MAQUINE BATISTA TEIXEIRA;SETOR DE AMBULATORIO;ENFERMEIRO-ENF-P.S.N.S.-A;GERENTE AD-2; ESTATUTARIO;10004,83;;10004,83;2211,86;7792,97;
MONICA MARIA BANDEIRA DE MELO;SETOR GENITO PELVICO UROLOGICO;MEDICO ESPECIALISTA;; ESTATUTARIO;7655,92;;7655,92;1666,05;5989,87;
MONICA MARIA COSTA SIMOES;SETOR DE ENFERMARIA;AUXILIAR DE ENFERMAGEM A;; ESTATUTARIO;2125,31;;2125,31;182,21;1943,10;
MONIQUE FREIRE DOS REIS;NUCLEO DE ESTUDOS E PESQUISAS;PESQUISADOR INIC.-PEI-P.S.N.S.-A;; ESTATUTARIO;6571,61;;6571,61;1312,93;5258,68;
NAJLA DE OLIVEIRA PINHEIRO;SETOR DE AMBULATORIO;MEDICO ESPECIALISTA;; ESTATUTARIO;7599,62;;7599,62;1645,45;5954,17;
NANCY GISELA ALMEIDA DE SOUZA;SERVICO DE ENFERMAGEM;TEC. DE ENFERMAGEM-TEN-P.S.N.M.-A;TEC. ENFERMAGEM; ESTATUTARIO;2420,77;;2420,77;220,08;2200,69;
NARA FARIAS DE SOUSA;SETOR DE ENFERMARIA;ENFERMEIRO-ENF-P.S.N.S.-A;; ESTATUTARIO;5896,43;;5896,43;1073,41;4823,02;
NAZIVALDO CACIOCLEY CAMELO CORREA;SERVICO DE CIRURGIA ANCOLOGICA;GERENTE;; CARGO COMISSION.S/VINCULO;5877,69;;5877,69;1014,61;4863,08;
NEIVA OLIVEIRA CAMPOS;DIVISAO DE ADMINISTRACAO;TELEFONISTA-TEL-T.S.N.A.-E;; ESTATUTARIO;1957,89;;1957,89;169,17;1788,72;
NELLY DE FREITAS BATALHA;SETOR DE ENFERMARIA;TEC. DE ENFERMAGEM-TEN-P.S.N.M.-A;; ESTATUTARIO;2409,25;;2409,25;214,56;2194,69;
NEYLANE MACEDO GONCALVES;SETOR DE CENTRO MEDICO;ENFERMEIRO-ENF-P.S.N.S.-A;ENFERMEIRA; ESTATUTARIO;6004,83;;6004,83;1111,86;4892,97;
NORTHON CESAR MARQUES MELO;SETOR DE IMAGENOLOGIA;TEC.DE RAD.MEDICA-TRM-P.S.N.M.-A;TEC EM RADIOLOGIA; ESTATUTARIO;2420,77;;2420,77;220,08;2200,69;
ORNAN AUGUSTO DA COSTA;SETOR DE ENFERMARIA;TEC. DE ENFERMAGEM-TEN-P.S.N.M.-A;; ESTATUTARIO;2370,51;;2370,51;214,56;2155,95;
PATRICIA CHAGAS LIMA;SAME;FISIOTERAPEUTA-FIS-P.S.N.S.-A;; ESTATUTARIO;5713,86;;5713,86;1008,63;4705,23;
PATRICIA FRANCINETTE OLIVEIRA COSTA;DIVISAO DE ADMINISTRACAO;TELEFONISTA-TEL-T.S.N.A.-E;; ESTATUTARIO;1957,89;;1957,89;169,17;1788,72;
PAULO GUSTAVO BARROSO SOBRAL;SERVICO COMPLEM.DE DIAGNOSTICO;TEC.DE PAT.CLINICA-TPC-P.S.N.M.-D;; ESTATUTARIO;2788,23;;2788,23;275,79;2512,44;
PEDRO IVO MACEDO COSTA;SETOR DE ZELAD.VIG.TRANSPORTES;MOTORISTA-MOT-T.S.N.A.-A;; ESTATUTARIO;2257,91;;2257,91;199,27;2058,64;
PEDRO PAULO OLIVEIRA SANTOS;SETOR DE ENFERMARIA;ENFERMEIRO-ENF-P.S.N.S.-A;; ESTATUTARIO;5896,43;;5896,43;1073,41;4823,02;
PERLA AZIZE ASSAYAG;SETOR DE CABECA E PESCOCO;CIRURGIAO DENTISTA A;GERENTE AD 2; ESTATUTARIO;9896,43;;9896,43;2173,41;7723,02;
PETRONIO SILVEIRA QUINTELO;SETOR DE AMBULATORIO;MEDICO ESPECIALISTA;; ESTATUTARIO;7504,68;;7504,68;970,27;6534,41;
PITAGUARAS COSTA DE O SARAIVA;SETOR DE LIQ.DE CONTAS HOSPIT.;ASSIST.ADMIN.-ASA-T.S.N.M.-A;; ESTATUTARIO;2070,43;;2070,43;181,55;1888,88;
POLIANA ALBUQUERQUE SIGNORINI;SETOR DE AMBULATORIO;MEDICO ESPECIALISTA;GERENTE; ESTATUTARIO;11504,68;;11504,68;2712,40;8792,28;
PRISCILA DE LIMA FARIAS;SETOR DE HEMATOL.E HEMOTERAPIA;TEC.DE HEMOTERAP.-THE-P.S.N.M.-A;; ESTATUTARIO;2370,51;;2370,51;214,56;2155,95;
PRISCILA OLIVEIRA DE SOUZA;SERVICO DE RADIOTERAPIA;TEC.DE RADIOTERAPIA-TER-P.S.N.M.-A;; ESTATUTARIO;2370,51;;2370,51;214,56;2155,95;
PRISCILLA RUTH DA COSTA E SILVA;CHEFIA DE GABINETE;ASSIST.ADMIN.-ASA-T.S.N.M.-A;; ESTATUTARIO;2070,43;;2070,43;181,55;1888,88;
RAFAEL DA SILVA BANDEIRA;SETOR DE ENFERMARIA;ENFERMEIRO-ENF-P.S.N.S.-A;; ESTATUTARIO;7922,36;;7922,36;1630,54;6291,82;
RAFIZIA FERNANDA ALBUQUERQUE SILVA;SETOR DE LIQ.DE CONTAS HOSPIT.;ASSIST.ADMIN.-ASA-T.S.N.M.-A;; ESTATUTARIO;2070,43;;2070,43;181,55;1888,88;
RAIMUNDA BARBOSA PINTO FERREIRA;DIVISAO DE ADMINISTRACAO;RECEPCIONISTA-REC-T.S.N.A.-E;; ESTATUTARIO;1957,89;;1957,89;169,17;1788,72;
RAIMUNDA GOMES LESCH;SETOR DE RADIOTERAPIA;ASSISTENTE TECNICO A;; ESTATUTARIO;2744,74;;2744,74;244,66;2500,08;
RAIMUNDA NONATA SILVA TELES;SETOR DE NUTRICAO E DIETETICA;COZINHEIRO-T.S.N.A.-A;; ESTATUTARIO;1987,30;;1987,30;172,40;1814,90;
RAIMUNDA SORAYA DE F ZANETTI;SETOR DE ENFERMARIA;AUX.DE ENFERM.-AEF-P.S.N.A.-C;; ESTATUTARIO;1945,14;;1945,14;213,97;1731,17;
RAIMUNDO ANTONIO BRAGA DOS SANTOS;SECAO DE SERVICOS GERAIS;AUX.DE SERV.GER.-ASG-T.S.N.A.-B;; ESTATUTARIO;2116,04;;2116,04;186,56;1929,48;
RAIMUNDO NONATO CAVALCANTE MACIEL;SETOR DE ZELAD.VIG.TRANSPORTES;MOTORISTA-MOT-T.S.N.A.-A;MOTORISTA; ESTATUTARIO;2651,54;;2651,54;199,27;2452,27;
RAIMUNDO NONATO NUNES;SETOR DE ENFERMARIA;TEC. DE ENFERMAGEM-TEN-P.S.N.M.-A;TEC. DE ENFERMAGEM; ESTATUTARIO;3087,69;;3087,69;260,85;2826,84;
RAIMUNDO WANDEUVES LORIS GUIMARAES;SETOR DE PATOLOGIA CLINICA;TECNICO DE SAUDE 3A CLASSE;; ESTATUTARIO;1950,51;;1950,51;214,56;1735,95;
RAKEL NEVES DOS SANTOS;SETOR DE LIQ.DE CONTAS HOSPIT.;ASSIST.ADMIN.-ASA-T.S.N.M.-A;; ESTATUTARIO;2070,43;;2070,43;181,55;1888,88;
RAQUEL BENTES DA SILVA;DIR.ADMINISTRATIVA-FINANCEIRA;AGENTE ADM.-AGA-T.S.N.A.-G;; ESTATUTARIO;1830,92;;1830,92;201,40;1629,52;
RAQUEL CHAVES AMORIM;SERVICO COMPLEM.DE DIAGNOSTICO;FARMAC.BIOQ. -FAB-P.S.N.S.-B;; ESTATUTARIO;7157,94;;7157,94;1440,44;5717,50;
REBECA APARECIDA DOS SANTOS TOMMASO;SERVICO DE CIRURGIA ANCOLOGICA;GERENTE;NAO INFORMADO; CARGO COMISSION.S/VINCULO;4513,27;;4513,27;641,90;3871,37;
REIGIANE MARTINS DE SOUZA;DIVISAO DE ADMINISTRACAO;RECEPCIONISTA-REC-T.S.N.A.-E;; ESTATUTARIO;1957,89;;1957,89;169,17;1788,72;
REINALDO CORREA LOPES;SETOR DE HEMATOL.E HEMOTERAPIA;TEC.DE HEMOTERAP.-THE-P.S.N.M.-A;; ESTATUTARIO;2486,83;;2486,83;225,86;2260,97;
RENATA CAMPOS GOMIDES;SETOR DE NUTRICAO E DIETETICA;TEC.DE NUT.E DIET.-TND-P.S.N.M.-A;; ESTATUTARIO;2387,11;;2387,11;214,56;2172,55;
RENATO DA SILVA REPILLA;SETOR DE CABECA E PESCOCO;CIRURGIAO DENTISTA A;; ESTATUTARIO;5896,43;;5896,43;1073,41;4823,02;
RIAN VICTOR MELO;SAME;ASSIST.ADMIN.-ASA-T.S.N.M.-A;; ESTATUTARIO;2070,43;;2070,43;181,55;1888,88;
RICARDO DIAS DA ROCHA;SERVICO DE ENFERMAGEM;MEDICO ESPECIALISTA;MEDICO URGENTISTA; ESTATUTARIO;7599,62;;7599,62;1645,45;5954,17;
RICARDO HENRIQUE DE SOUZA DA SILVA;SECAO DE MATERIAL E PATRIMONIO;CHEFE DE DEPARTAMENTO;; CARGO COMISSION.S/VINCULO;5520,30;;5520,30;946,24;4574,06;
RICARDO MELO DE ARAUJO;SETOR DE ALMOXARIFADO;AGENTE ADM.-AGA-T.S.N.A.-G;; ESTATUTARIO;2255,43;;2255,43;201,90;2053,53;
RICARDO RIBEIRO DE MORAIS;DIVISAO DE ADMINISTRACAO;BACHAREL EM COMP.-BQO-T.S.N.S.-A;; ESTATUTARIO;1795,35;;1795,35;151,29;1644,06;
RICARDO SERGIO XAVIER PINTO;SETOR DE ENFERMARIA;ENFERMEIRO A;; ESTATUTARIO;6271,53;;6271,53;1206,47;5065,06;
RITA DE CASSIA ALENCAR REFFERT;SETOR DE ENFERMARIA;FARMACEUTICO BIOQUIMICO B;; ESTATUTARIO;6271,53;;6271,53;1206,47;5065,06;
RITA DE CASSIA RODRIGUES CAMPOS;SETOR DE PATOLOGIA CLINICA;AUX.DE PATOL.CLIN.-APC-P.S.N.A.-A;; ESTATUTARIO;2171,27;;2171,27;192,64;1978,63;
RITA DE CASSIA UCHOA DE P MOUZINHO;SETOR DE PATOLOGIA CLINICA;TEC.DE PAT.CLINICA-TPC-P.S.N.M.-C;; ESTATUTARIO;3489,72;;3489,72;321,69;3168,03;
RITA MARIA DO SOCORRO LEITE SILVA;SETOR GENITO PELVICO UROLOGICO;MEDICO ESPECIALISTA;; ESTATUTARIO;9000,55;;9000,55;2219,47;6781,08;
ROBERLAN DAS CHAGAS LIMA;SETOR DE PATOLOGIA CLINICA;TEC.DE PAT.CLINICA-TPC-P.S.N.M.-A;; ESTATUTARIO;2370,51;;2370,51;214,56;2155,95;
ROBERTO MENDES DE OLIVEIRA;SETOR DE PATOLOGIA CLINICA;TEC.DE PAT.CLINICA-TPC-P.S.N.M.-D;; ESTATUTARIO;2385,35;;2385,35;262,39;2122,96;
ROCINELE RIBEIRO DE ALMEIDA;SECAO DE EXPEDIENTE;AGENTE ADM.-AGA-T.S.N.A.-G;; ESTATUTARIO;2255,43;;2255,43;201,90;2053,53;
RODRIGO BATISTA NEVES;SETOR DE FARMACIA;AUX.DE FARMACIA-AFA-P.S.N.A.-A;; ESTATUTARIO;2076,42;;2076,42;182,21;1894,21;
RODRIGO FERREIRA ANDRADE;SECAO DE MATERIAL E PATRIMONIO;ASSIST.ADMIN.-ASA-T.S.N.M.-A;; ESTATUTARIO;2070,43;;2070,43;181,55;1888,88;
RODRIGO POLO DA COSTA;SETOR DE AMBULATORIO;MEDICO ESPECIALISTA;MEDICO ESPECIALISTA; ESTATUTARIO;7599,62;;7599,62;1645,45;5954,17;
ROGERIO LIMA DOS SANTOS;SETOR DE AMBULATORIO;MEDICO ESPECIALISTA;MED ESPECIALISTA; ESTATUTARIO;8103,74;;8103,74;1824,28;6279,46;
ROMILDO TORRES CAMELO;SETOR DE ANATOMIA PATOLOGICA;MEDICO ESPECIALISTA;; ESTATUTARIO;10465,41;479,98;9985,43;2476,28;7509,15;
RONALDO RODRIGUES DA COSTA;SECAO DE EXPEDIENTE;ASSISTENTE TECNICO A;GERENTE; ESTATUTARIO;6405,20;;6405,20;778,48;5626,72;
ROSE ANE SOUZA MORAL;SECAO DE EXPEDIENTE;AGENTE ADM.-AGA-T.S.N.A.-G;; ESTATUTARIO;2958,44;;2958,44;209,42;2749,02;
ROSE MARY FERREIRA DA FROTA;SETOR DE ENFERMARIA;TEC. DE ENFERMAGEM-TEN-P.S.N.M.-B;; ESTATUTARIO;2624,19;;2624,19;242,46;2381,73;
ROSILENE BRAGA BATISTA;SETOR DE CITOPATOLOGIA;ASSISTENTE TECNICO A;; ESTATUTARIO;2277,25;;2277,25;204,30;2072,95;
ROSILENE NEVES BEZERRA DE SA;SETOR DE ENFERMARIA;FARMACEUTICO-FAR-P.S.N.S.-A;; ESTATUTARIO;6361,32;;6361,32;1218,90;5142,42;
ROSILENE VIANA DE ANDRADE;SETOR DE AMBULATORIO;MEDICO MESTRE;GERENTE AD 2; ESTATUTARIO;8580,91;;8580,91;2027,67;6553,24;
ROSSIONE COSTA DA SILVA;SETOR DE ENFERMARIA;ENFERMEIRO-ENF-P.S.N.S.-A;; ESTATUTARIO;5896,43;;5896,43;1073,41;4823,02;
ROXANIA CASTRO ALEXANDRE;SETOR DE PATOLOGIA CLINICA;TEC.DE PAT.CLINICA-TPC-P.S.N.M.-A;; ESTATUTARIO;2370,51;;2370,51;214,56;2155,95;
ROZANGELA RODRIGUES DA COSTA;SECAO DE EXPEDIENTE;ASSISTENTE TECNICO A;GERENTE; ESTATUTARIO;6361,47;;6361,47;919,38;5442,09;
RUAN MACEDO FERREIRA;SETOR DE RADIOTERAPIA;TEC.DE RADIOTERAPIA-TER-P.S.N.M.-A;; ESTATUTARIO;2370,51;;2370,51;214,56;2155,95;
RUTH MESQUITA FERREIRA;SETOR DE ENFERMARIA;TEC. DE ENFERMAGEM-TEN-P.S.N.M.-A;; ESTATUTARIO;1950,51;;1950,51;214,56;1735,95;
RUTH MESQUITA FERREIRA;SERVICO DE ENFERMAGEM;TEC. DE ENFERMAGEM-TEN-P.S.N.M.-A;; ESTATUTARIO;2463,90;;2463,90;220,08;2243,82;
SABRINA RAMOS BIANCO;SETOR DE IMAGENOLOGIA;MEDICO ESPECIALISTA;GERENTE AD 2; ESTATUTARIO;11647,60;;11647,60;2762,15;8885,45;
SAINTCLAYTON DA SILVA SOARES;SETOR DE PATOLOGIA CLINICA;FARMAC.BIOQ. -FAB-P.S.N.S.-A;; ESTATUTARIO;5896,43;;5896,43;1021,27;4875,16;
SAMARA DE OLIVEIRA MORENO;SERVICO DE ENFERMAGEM;AUX.DE ENFERM.-AEF-P.S.N.A.-B;; ESTATUTARIO;2264,09;;2264,09;202,85;2061,24;
SAMARONE SCHRAMM DE ARAUJO;SETOR DE ZELAD.VIG.TRANSPORTES;MOTORISTA-MOT-T.S.N.A.-A;; ESTATUTARIO;2177,75;;2177,75;193,35;1984,40;
SAMUEL OTAS MARTINS;DIVISAO DE ADMINISTRACAO;ASSIST.ADMIN.-ASA-T.S.N.M.-A;; ESTATUTARIO;2070,43;;2070,43;181,55;1888,88;
SANDRA MARIA EVANGELISTA CARANHAS;SETOR DE CITOPATOLOGIA;TEC.DE HISTOLOGIA-THI-P.S.N.M.-A;TEC. DE HISTOLOGIA; ESTATUTARIO;2000,77;;2000,77;220,08;1780,69;
SANDRO AUGUSTO RAMOS SOARES;SETOR DE AMBULATORIO;PSICOLOGO-PSI-P.S.N.S.-A;; ESTATUTARIO;5896,43;;5896,43;1073,41;4823,02;
SANELLVA SHEILLA ROCHA;SETOR DE ALMOXARIFADO;AGENTE ADMINISTRATIVO A - N.B.;; ESTATUTARIO;1957,89;;1957,89;169,17;1788,72;
SARA JESSICA TEIXEIRA DE ANDRADE;SETOR DE PATOLOGIA CLINICA;TEC.DE PAT.CLINICA-TPC-P.S.N.M.-A;; ESTATUTARIO;2395,51;;2395,51;214,56;2180,95;
SHEILA COELHO DA ROCHA;SETOR DE IMAGENOLOGIA;TEC.DE RAD.MEDICA-TRM-P.S.N.M.-A;; ESTATUTARIO;2420,77;;2420,77;220,08;2200,69;
SHEILA MARIA MACIEL NOGUEIRA;SETOR DE SERVICO SOCIAL;AGENTE ADM.-AGA-T.S.N.A.-G;; ESTATUTARIO;2255,43;;2255,43;201,90;2053,53;
SHIRLEY FRAGOSO MONTEIRO;CONSELHO DIRETOR;ENFERMEIRO A;SUBGERENTE; ESTATUTARIO;9271,53;;9271,53;2031,47;7240,06;
SIDNEY RAIMUNDO SILVA CHALUB;CONSELHO DIRETOR;MEDICO MESTRE;; ESTATUTARIO;9557,32;;9557,32;2332,46;7224,86;
SILVANA DA SILVA SOLIMOES;SERVICO COMPLEM.DE DIAGNOSTICO;TEC.DE PAT.CLINICA-TPC-P.S.N.M.-B;; ESTATUTARIO;2575,89;;2575,89;237,15;2338,74;
SILVELANE DA SILVA MATOS;SECAO DE PESSOAL;AGENTE ADM.-AGA-T.S.N.A.-G;; ESTATUTARIO;2255,43;;2255,43;201,90;2053,53;
SILVIA BARBOSA CAVALCANTE;SAME;ASSIST.ADMIN.-ASA-T.S.N.M.-A;; ESTATUTARIO;2070,43;;2070,43;181,55;1888,88;
SIMONE DA SILVA MONTEIRO;SETOR DE FARMACIA;AUX.DE FARMACIA-AFA-P.S.N.A.-A;; ESTATUTARIO;2187,36;;2187,36;182,21;2005,15;
SIRLENE MUNIZ BARBOSA;CONSELHO DIRETOR;ASSIST.SOC.ASS-P.S.N.S.-CL.A;; ESTATUTARIO;5896,43;;5896,43;1073,41;4823,02;
SOCRATES LOTE DE OLIVEIRA;SETOR DE IMAGENOLOGIA;MEDICO ESPECIALISTA;CHEFE DE DEPART.; ESTATUTARIO;13044,83;;13044,83;3018,96;10025,87;
SOLANGE SOUZA MICHELE;SERVICO DE ENFERMAGEM;AUXILIAR DE ENFERMAGEM A;; ESTATUTARIO;2076,42;;2076,42;182,21;1894,21;
SONIA PERPETUA BATISTA E RIBEIRO;SETOR DE FARMACIA;AUX.DE FARMACIA-AFA-P.S.N.A.-A;; ESTATUTARIO;2076,42;;2076,42;182,21;1894,21;
STHEFANY CAROLINE MENDES AZEVEDO;NUCLEO DE ESTUDOS E PESQUISAS;PESQUISADOR INIC.-PEI-P.S.N.S.-A;; ESTATUTARIO;6366,54;;6366,54;1240,18;5126,36;
SUZAN CAROL DE OLIVEIRA BISCARO;SETOR DE AMBULATORIO;PSICOLOGO-PSI-P.S.N.S.-A;; ESTATUTARIO;5896,43;;5896,43;1073,41;4823,02;
SYLK NAGAWO AREB;CONSELHO DIRETOR;TEC.DE RADIOTERAPIA-TER-P.S.N.M.-A;; ESTATUTARIO;2370,51;;2370,51;214,56;2155,95;
SYLVIO GOUVEA JUNIOR;SETOR DE ALMOXARIFADO;ASSISTENTE TECNICO A;GERENTE AD 2; ESTATUTARIO;2681,09;;2681,09;199,33;2481,76;
TADEU AFONSO DE SENA SILVA;SECAO DE ORCAMENTO E FINANCAS;ASSISTENTE TECNICO;; ESTATUTARIO;1970,50;;1970,50;216,76;1753,74;
TAMILLE VIEIRA MACHADO;SETOR DE ENFERMARIA;ENFERMEIRO-ENF-P.S.N.S.-A;; ESTATUTARIO;5896,43;;5896,43;1073,41;4823,02;
TANIA DE SOUZA E SOUZA;SETOR DE ENFERMARIA;TEC. DE ENFERMAGEM-TEN-P.S.N.M.-A;TEC. DE ENFERMAGEM; ESTATUTARIO;3087,69;;3087,69;260,85;2826,84;
TATIANA AMARAL PIRES DE ALMEIDA;NUCLEO DE ESTUDOS E PESQUISAS;PESQUISADOR INIC.-PEI-P.S.N.S.-A;; ESTATUTARIO;6571,61;;6571,61;1312,93;5258,68;
TATIANA MINDA HERCULANO CATTEBEKE;SETOR DE AMBULATORIO;MEDICO ESPECIALISTA;; ESTATUTARIO;7599,62;;7599,62;1645,45;5954,17;
TERESINHA DA SILVA BANDEIRA;SETOR DE FARMACIA;ASSISTENTE TECNICO B;; ESTATUTARIO;3445,90;;3445,90;254,80;3191,10;
TEREZA MARIA FURTADO FARIAS SANTOS;SETOR DE ENFERMARIA;ENFERMEIRO C;CHEFE DE DEPARTº; ESTATUTARIO;10851,53;;10851,53;2581,47;8270,06;
THAIS PAIVA SILVA;SAME;ASSIST.ADMIN.-ASA-T.S.N.M.-A;; ESTATUTARIO;2070,43;;2070,43;181,55;1888,88;
THALITA GOMES MARTINS;SETOR DE ANATOMIA PATOLOGICA;MEDICO ESPECIALISTA;; ESTATUTARIO;7504,68;;7504,68;1612,40;5892,28;
THATIANA FERREIRA MARCIAO GUEDES;SETOR DE CITOPATOLOGIA;TEC. EM CITOTECNICA-TCI-P.S.N.M.-A;; ESTATUTARIO;2370,51;;2370,51;214,56;2155,95;
THAUAN ALESSANDRO FEITOZA LOPES;SETOR DE REGISTRO E CONTROLE;ASSIST.ADMIN.-ASA-T.S.N.M.-A;; ESTATUTARIO;2015,41;;2015,41;175,50;1839,91;
THIAGO FELIPE LEMOS DE OLIVEIRA;SAME;ASSIST.ADMIN.-ASA-T.S.N.M.-A;; ESTATUTARIO;2015,41;;2015,41;175,50;1839,91;
THIAGO SILVEIRA PAIVA;SETOR DE ENDOSCOPIA;MEDICO ESPECIALISTA;GERENTE AD-2; ESTATUTARIO;11599,62;;11599,62;1423,46;10176,16;
THIANE FEITOZA DE SOUZA;DIVISAO DE ADMINISTRACAO;ASSIST.ADMIN.-ASA-T.S.N.M.-A;; ESTATUTARIO;2070,43;;2070,43;181,55;1888,88;
TIRSO RODRIGUES ALVES JUNIOR;SETOR GENITO PELVICO UROLOGICO;MEDICO ESPECIALISTA;; ESTATUTARIO;8021,19;;8021,19;1939,91;6081,28;
ULICEIA LOPES DA SILVA RIBEIRO;SETOR DE ENFERMARIA;TEC. DE ENFERMAGEM-TEN-P.S.N.M.-A;; ESTATUTARIO;2370,51;;2370,51;214,56;2155,95;
VALDENIA COSTA AGUIAR;SETOR DE ENFERMARIA;TEC. DE ENFERMAGEM-TEN-P.S.N.M.-A;TEC ENFERMAGEM; ESTATUTARIO;3087,69;;3087,69;260,85;2826,84;
VALDIRENE PINHEIRO DE ANDRADE;SETOR DE HEMATOL.E HEMOTERAPIA;TEC.DE HEMOTERAP.-THE-P.S.N.M.-A;TEC. DE  HEMOTERAPIA; ESTATUTARIO;2420,77;;2420,77;220,08;2200,69;
VALDIRENE PINHEIRO DE ANDRADE;SETOR DE HEMATOL.E HEMOTERAPIA;TEC.DE HEMOTERAP.-THE-P.S.N.M.-A;; ESTATUTARIO;1950,51;;1950,51;214,56;1735,95;
VALMIER BARBOSA DE SOUZA;SAME;ASSIST.ADMIN.-ASA-T.S.N.M.-A;; ESTATUTARIO;2070,43;;2070,43;181,55;1888,88;
VALNICE MACHADO PORTELA;SETOR DE ENFERMARIA;ENFERMEIRO-ENF-P.S.N.S.-A;ENFERMEIRA; ESTATUTARIO;8391,57;;8391,57;1799,62;6591,95;
VALQUIRIA DO CARMO ALVES MARTINS;SERVICO COMPLEM.DE DIAGNOSTICO;FARMAC.BIOQ. -FAB-P.S.N.S.-B;; ESTATUTARIO;6802,43;;6802,43;1394,81;5407,62;
VANDERLEI RODRIGUES ALVES;SETOR DE PATOLOGIA CLINICA;FARMAC.BIOQ. -FAB-P.S.N.S.-A;; ESTATUTARIO;5713,86;;5713,86;1008,63;4705,23;
VANDERLENE DE MENEZES DA MATA;SERVICO DE ENFERMAGEM;TEC. DE ENFERMAGEM-TEN-P.S.N.M.-A;TEC DE ENFERMAGEM; ESTATUTARIO;2420,77;;2420,77;220,08;2200,69;
VANDERNEILA MARIA LIBORIO DA COSTA;SETOR DE NUTRICAO E DIETETICA;TEC.DE NUT.E DIET.-TND-P.S.N.M.-A;TEC DE NUTRICAO; ESTATUTARIO;3087,69;;3087,69;260,85;2826,84;
VANIA MARIA CAVALCANTE DE ARAUJO;SETOR DE ENFERMARIA;AUX.DE ENFERM.-AEF-P.S.N.A.-C;; ESTATUTARIO;2336,20;;2336,20;210,78;2125,42;
VANIA MARIA COSTA PAULA;SETOR DE ENFERMARIA;TEC. DE ENFERMAGEM-TEN-P.S.N.M.-A;; ESTATUTARIO;2370,51;;2370,51;214,56;2155,95;
VANIA MARIA LIMA DA SILVA;SETOR DE ONCOLOGIA CLINICA;ENFERMEIRO C;; ESTATUTARIO;6004,83;;6004,83;1111,86;4892,97;
VANIA MARIA LIMA DA SILVA;SETOR DE ONCOLOGIA CLINICA;ENFERMEIRO-ENF-P.S.N.S.-A;ENFERMEIRA; ESTATUTARIO;7802,04;;7802,04;1742,86;6059,18;
VITOR BERENGUER BARBOSA JUNIOR;DIVISAO DE ADMINISTRACAO;ADVOGADO-ADV-T.S.N.S.-A;; ESTATUTARIO;4546,08;;4546,08;649,90;3896,18;
VIVIANE DA SILVA FERREIRA;SERVICO DE ENFERMAGEM;TEC. DE ENFERMAGEM-TEN-P.S.N.M.-A;TEC. DE ENFERMAGEM; ESTATUTARIO;2420,77;;2420,77;220,08;2200,69;
Willame Ferreira da Silva;CONS.TECNICO-ADMINISTRATIVO;ASSIST.ADMIN.-ASA-T.S.N.M.-A;; ESTATUTARIO;2070,43;;2070,43;181,55;1888,88;
WALDINEI RODRIGUES DA COSTA;SETOR DE NUTRICAO E DIETETICA;COZINHEIRO-T.S.N.A.-A;COZINHEIRO; ESTATUTARIO;2509,73;;2509,73;172,40;2337,33;
WALNEIDE PINHEIRO DE ANDRADE SILVA;SETOR DE ENFERMARIA;TEC.DE HEMOTERAP.-THE-P.S.N.M.-B;; ESTATUTARIO;2575,89;;2575,89;237,15;2338,74;
WANDERLEY RIBEIRO SARMENTO;SETOR DE IMAGENOLOGIA;TEC.DE RAD.MEDICA-TRM-P.S.N.M.-A;TEC DE RADIOLOGIA; ESTATUTARIO;2420,77;;2420,77;220,08;2200,69;
WILIBRAN CANDIDO DE BARROS;SETOR DE FARMACIA;FARMACEUTICO-FAR-P.S.N.S.-A;; ESTATUTARIO;5896,43;;5896,43;1073,41;4823,02;
YAGO VINICIUS SERRA DOS SANTOS;SETOR DE ANATOMIA PATOLOGICA;TEC.DE HISTOLOGIA-THI-P.S.N.M.-A;; ESTATUTARIO;2370,51;;2370,51;214,56;2155,95;
YASMIN EMILE CONTE ABI ABIB;SETOR DE CITOPATOLOGIA;TEC. EM CITOTECNICA-TCI-P.S.N.M.-A;; ESTATUTARIO;2370,51;;2370,51;214,56;2155,95;
ZENOBIA DOS SANTOS DE ALMEIDA FILHA;SETOR DE SERVICO SOCIAL;ASSIST.SOC.ASS-P.S.N.S.-CL.A;GERENTE AD-2; ESTATUTARIO;9896,43;;9896,43;2173,41;7723,02;
