NOME;LOTACAO;CARGO;FUNCAO;VINCULO;REMUNERACAO LEGAL TOTAL(R$);DESC.TETO(R$); REMUNERACAO LEGAL DEVIDA(R$);DESCONTOS LEGAIS(R$);LIQUIDO DISPONIVEL(R$);
ADRIANO LUIZ ARAUJO CARDOSO;PRESIDENCIA;A.TEC-III;CHEFE DE DEPTO. AD-1; ESTATUTARIO;5771,54;;5771,54;814,37;4957,17;
ALICIA DAIANA OLIVEIRA BENTES;PRESIDENCIA;GERENTE;NAO INFORMADO; CARGO COMISSION.S/VINCULO;4209,79;;4209,79;670,28;3539,51;
ALINE PINTO DE MATOS;PRESIDENCIA;GERENTE;NAO INFORMADO; CARGO COMISSION.S/VINCULO;4209,79;;4209,79;670,28;3539,51;
ANA CLAUDIA SANTANA DA COSTA;PRESIDENCIA;GERENTE;NAO INFORMADO; CARGO COMISSION.S/VINCULO;4209,79;;4209,79;670,28;3539,51;
DAVI ALBERTO OLIVEIRA MEIRES;PRESIDENCIA;ASSESSOR I;NAO INFORMADO; CARGO COMISSION.S/VINCULO;5229,77;;5229,77;986,40;4243,37;
EDENILSON ALVES DE SOUZA;PRESIDENCIA;MOT-III;; ESTATUTARIO;3680,46;;3680,46;269,05;3411,41;
EDIRLEY DE SOUZA SALES;PRESIDENCIA;ASSESSOR III;NAO INFORMADO; CARGO COMISSION.S/VINCULO;3191,80;;3191,80;422,40;2769,40;
FELIPE MATTOS DE ARAUJO LIMA;PRESIDENCIA;GERENTE;GERENTE AD2; CARGO COMISSION.S/VINCULO;4209,79;;4209,79;670,28;3539,51;
FRANCIENE PESSOA DE ALMEIDA;PRESIDENCIA;GERENTE;NAO INFORMADO; CARGO COMISSION.S/VINCULO;4209,79;;4209,79;670,28;3539,51;
FRANCISCO BERNARDINO DOS SANTOS;PRESIDENCIA;VIGIA;VIGIA; ESTATUTARIO;2288,59;;2288,59;139,07;2149,52;
GIOVANNA MIRANDA AUFIERO;PRESIDENCIA;ASSESSOR III;NAO INFORMADO; CARGO COMISSION.S/VINCULO;3191,80;;3191,80;422,40;2769,40;
GUSTAVO AMORIM CORREA;PRESIDENCIA;PROCURADOR CHEFE AD-1;NAO INFORMADO; CARGO COMISSION.S/VINCULO;5229,77;;5229,77;986,40;4243,37;
IVALDITE SOARES FARIAS;PRESIDENCIA;AUX.S.G-III;; ESTATUTARIO;2163,81;;2163,81;127,30;2036,51;
JAILDO JACKSON DO AMARAL MOREIRA;PRESIDENCIA;GERENTE;NAO INFORMADO; CARGO COMISSION.S/VINCULO;4209,79;;4209,79;670,28;3539,51;
JESSIKA JAQUELINE DE AQUINO BEZERRA;PRESIDENCIA;GERENTE;NAO INFORMADO; CARGO COMISSION.S/VINCULO;4209,79;;4209,79;670,28;3539,51;
JEU LINHARES BENTES;PRESIDENCIA;ASSISTENTE TECNICO 3A CLASSE;; ESTATUTARIO;3800,62;;3800,62;391,14;3409,48;
JORDAN ALBUQUERQUE SIMONETTI MELO;PRESIDENCIA;GERENTE;NAO INFORMADO; CARGO COMISSION.S/VINCULO;4209,79;;4209,79;670,28;3539,51;
JOSE ITAMAR DE SOUTO;PRESIDENCIA;DIRETOR TECNICO;NAO INFORMADO; CARGO COMISSION.S/VINCULO;22728,60;;22728,60;5846,69;16881,91;
LUIZ EDUARDO SILVA DE SOUZA;PRESIDENCIA;GERENTE;NAO INFORMADO; CARGO COMISSION.S/VINCULO;4209,79;;4209,79;670,28;3539,51;
LUIZ GRACIO FONSECA;PRESIDENCIA;A.TEC-III;; ESTATUTARIO;3593,74;;3593,74;360,11;3233,63;
MANOEL DE OLIVEIRA CORREA;PRESIDENCIA;AUX.S.G-III;; ESTATUTARIO;2163,81;;2163,81;127,30;2036,51;
MARCIO ANDRE OLIVEIRA BRITO;PRESIDENCIA;DIRETOR PRESIDENTE;NAO INFORMADO; CARGO COMISSION.S/VINCULO;25254,00;;25254,00;6541,18;18712,82;
MARCO ANTONIO BATISTA;PRESIDENCIA;A.TEC-III;; ESTATUTARIO;3601,82;;3601,82;305,20;3296,62;
MARIA AUXILIADORA FIGUEIREDO SILVA;PRESIDENCIA;AUX.S.G-III;; ESTATUTARIO;3461,81;;3461,81;191,93;3269,88;
MYSIA OLIVEIRA DE PAULA;PRESIDENCIA;TNS-III;CH PROC JURIDICA; ESTATUTARIO;4414,00;;4414,00;594,09;3819,91;
NATALIA REGINA ANTUNES SALINAS;PRESIDENCIA;GERENTE;NAO INFORMADO; CARGO COMISSION.S/VINCULO;4209,79;;4209,79;670,28;3539,51;
OSWALDO WANDERLEY DA SILVA NETO;PRESIDENCIA;TNS-III;OUVIDOR AD-1; ESTATUTARIO;11181,59;;11181,59;2755,95;8425,64;
RAIMUNDO DE AMORIM F S FILHO;PRESIDENCIA;CHEFE DE PROCURADORIA JURIDICA AD-I;NAO INFORMADO; CARGO COMISSION.S/VINCULO;5229,77;;5229,77;986,40;4243,37;
RAIMUNDO NONATO SOUTELO DA SILVA;PRESIDENCIA;VIGIA-III;; ESTATUTARIO;2180,61;;2180,61;127,30;2053,31;
REGINETE MELO DE OLIVEIRA;PRESIDENCIA;GERENTE;NAO INFORMADO; CARGO COMISSION.S/VINCULO;4209,79;;4209,79;670,28;3539,51;
RENATO MARINHO BEZERRA JUNIOR;PRESIDENCIA;DIRETOR ADMINISTRATIVO E FINANCEIRO;; CARGO COMISSION.S/VINCULO;22728,60;;22728,60;5846,69;16881,91;
SELMA CARVALHO ZANIRATO MAIA;PRESIDENCIA;CHEFE DE GABINETE;CHEFE DE GAB.AD-1; CARGO COMISSION.S/VINCULO;5229,77;;5229,77;986,40;4243,37;
SILVESTRE CABRAL ABRANTES;PRESIDENCIA;AUX.S.G-III;AUXILIAR SERV GERAIS; ESTATUTARIO;2188,09;;2188,09;129,97;2058,12;
WANESSA PEREIRA SETTE;PRESIDENCIA;CHEFE DE DEPARTAMENTO;NAO INFORMADO; CARGO COMISSION.S/VINCULO;5229,77;;5229,77;986,40;4243,37;
