NOME;LOTACAO;CARGO;FUNCAO;VINCULO;REMUNERACAO LEGAL TOTAL(R$);DESC.TETO(R$); REMUNERACAO LEGAL DEVIDA(R$);DESCONTOS LEGAIS(R$);LIQUIDO DISPONIVEL(R$);
ÁTRIO CHAGAS DE SOUZA;CARAUARI;ASSESSOR II;NAO INFORMADO; CARGO COMISSION.S/VINCULO;13379,04;;13379,04;6082,93;7296,11;
ABDON BATISTA LEITE NETO;DIRETORIA ADMINIST.FINANCEIRA;MOT-III;; ESTATUTARIO;3147,31;;3147,31;317,54;2829,77;
ADEMIR CAPRA;MANACAPURU;MOTORISTA;; ESTATUTARIO;3571,09;;3571,09;370,27;3200,82;
ADEMIR VIANA BENTES;MAUES;TECNICO EM AGROPECUARIA;; ESTATUTARIO;5296,57;;5296,57;786,11;4510,46;
ADERALDO CRAVEIRO MACIEL;TABATINGA;MOTORISTA;; ESTATUTARIO;3627,07;;3627,07;337,51;3289,56;
ADEVALDO ANTONIO CAMPINAS SANTOS;ALVARAES;TECNICO EM AGROPECUARIA;GERENTE AD-2; ESTATUTARIO;6288,45;;6288,45;957,40;5331,05;
ADOMILTON MONTEFUSCO LIMA;NOVO AIRAO;TECNICO EM AGROPECUARIA;; ESTATUTARIO;5296,57;;5296,57;828,77;4467,80;
ADRIANA ALVES MACHADO GRACA;BORBA;TECNICO EM AGROPECUARIA;; ESTATUTARIO;5296,57;;5296,57;743,46;4553,11;
ADRIANILSON GOES DE SOUZA;PARINTINS;ENGENHEIRO AGRONOMO;; ESTATUTARIO;9768,30;;9768,30;2300,51;7467,79;
AFRANIO CONCEICAO DA SILVA;BARREIRINHA;TECNICO EM AGROPECUARIA;; ESTATUTARIO;5296,57;;5296,57;871,43;4425,14;
AGLEI DUQUES MACIEL;DIR.DE ASSIST.TEC.E EXT.RURAL;T.AG-III;; ESTATUTARIO;4797,64;;4797,64;641,82;4155,82;
ALBERTO ALVES EDWARDS;CODAJAS;TECNICO EM AGROPECUARIA;; ESTATUTARIO;5559,55;;5559,55;913,01;4646,54;
ALBERTO NASCIMENTO DE HOLANDA LIMA;DIR.DE ASSIST.TEC.E EXT.RURAL;TECNICO EM AGROPECUARIA;; ESTATUTARIO;4457,24;;4457,24;599,97;3857,27;
ALCELENE SALERNO GOMES DE LIMA;CAREIRO DA VARZEA;GERENTE;NAO INFORMADO; CARGO COMISSION.S/VINCULO;7516,31;;7516,31;1525,81;5990,50;
ALDAIR SILVA OLIVEIRA;PRESIDENTE FIGUEIREDO;TECNICO EM AGROPECUARIA;; ESTATUTARIO;5002,86;;5002,86;780,30;4222,56;
ALDENIR SILVA DE ARAUJO;MANACAPURU;ASSISTENTE TECNICO;; ESTATUTARIO;4870,87;;4870,87;616,28;4254,59;
ALDIZIO DE SOUZA LIMEIRA;HUMAITA;MOTORISTA;; ESTATUTARIO;3579,18;;3579,18;305,71;3273,47;
ALFEU FERRAZ FILHO;DIR.DE ASSIST.TEC.E EXT.RURAL;ENGENHEIRO DE PESCA;GERENTE AD/2; ESTATUTARIO;14386,13;;14386,13;3714,83;10671,30;
ALFREDO DA SILVA PINHEIRO;DIR.DE ASSIST.TEC.E EXT.RURAL;ENGENHEIRO AGRONOMO;CHEFE DE DEPARTAMENT; ESTATUTARIO;16402,75;;16402,75;4367,65;12035,10;
ANA PATRICIA DE SOUZA MARTINS;PROCURADORIA JURIDICA;A.TEC-III;; ESTATUTARIO;3396,84;;3396,84;472,33;2924,51;
ANA PAULA CARDOSO QUEIROZ DE PAIVA;DIR.DE ASSIST.TEC.E EXT.RURAL;ENGENHEIRO FLORESTAL;; ESTATUTARIO;9956,62;;9956,62;2452,05;7504,57;
ANDRESON OLIVEIRA CARDOSO;EIRUNEPE;GERENTE;GERENTE AD2; CARGO COMISSION.S/VINCULO;4509,79;;4509,79;670,28;3839,51;
ANGELA CONCEICAO PAES;DIR.DE ASSIST.TEC.E EXT.RURAL;TECNICO EM CONTABILIDADE;TEC.DE CONTABILIDADE; ESTATUTARIO;4428,04;;4428,04;541,78;3886,26;
ANGELA GONCALVES DE ANDRADE;DIRETORIA DE FOMENTO;AGENTE ADMINISTRATIVO;; ESTATUTARIO;4330,91;;4330,91;518,14;3812,77;
ANTONIO AFONSO DA FONSECA PINTO;CAREIRO;TECNICO EM AGROPECUARIA;; ESTATUTARIO;5107,29;;5107,29;658,81;4448,48;
ANTONIO CARLOS LACERDA DE SOUZA;LABREA;ASSISTENTE TECNICO;; ESTATUTARIO;4965,25;;4965,25;605,72;4359,53;
ANTONIO CLARET MAGALHAES FERREIRA;DIR.DE ASSIST.TEC.E EXT.RURAL;ENGENHEIRO AGRONOMO;GERENTE AD/2; ESTATUTARIO;12389,33;;12389,33;3262,72;9126,61;
ANTONIO CLAUDIO RODRIGUES DE SA;DIRETORIA DE FOMENTO;TECNICO EM AGROPECUARIA;; ESTATUTARIO;4564,15;;4564,15;683,88;3880,27;
ANTONIO DIONES SILVA DE SOUZA;GUAJARA;GERENTE;NAO INFORMADO; CARGO COMISSION.S/VINCULO;9019,58;;9019,58;1911,71;7107,87;
ANTONIO GARGANTA DOMINGUES FILHO;ITACOATIARA;TECNICO EM AGROPECUARIA;; ESTATUTARIO;5525,70;;5525,70;903,45;4622,25;
ANTONIO JANDIR CONTENTE MORAIS;DIR.DE ASSIST.TEC.E EXT.RURAL;TNS-III;; ESTATUTARIO;13528,94;;13528,94;3735,42;9793,52;
ANTONIO LUIZ BARBOSA DE OLIVEIRA;MANACAPURU;ENGENHEIRO AGRONOMO;; ESTATUTARIO;7921,65;;7921,65;1612,82;6308,83;
ANTONIO MARQUES DE LIMA SOBRINHO;IRANDUBA;MOTORISTA FLUVIAL;; ESTATUTARIO;3496,89;;3496,89;314,50;3182,39;
ANTONIO PAZ DOS SANTOS;DIRETORIA ADMINIST.FINANCEIRA;VIGIA;; ESTATUTARIO;2947,33;;2947,33;295,64;2651,69;
ANTONIO SILVA DE HOLANDA;MANAQUIRI;AGENTE ADMINISTRATIVO;; ESTATUTARIO;4430,06;;4430,06;490,37;3939,69;
ARCENIO JOSE LOBATO JUNIOR;MAUES;TECNICO EM AGROPECUARIA;; ESTATUTARIO;5296,57;;5296,57;871,43;4425,14;
ARI BATISTA DA COSTA;IRANDUBA;ENGENHEIRO AGRONOMO;; ESTATUTARIO;10419,86;;10419,86;2375,49;8044,37;
ARLETE DOS SANTOS COELHO;FONTE BOA;ASSISTENTE TECNICO;ASSISTENTE TECNICO; ESTATUTARIO;5718,44;;5718,44;904,93;4813,51;
ARLINDO ELIAS REGIS;DIR.DE ASSIST.TEC.E EXT.RURAL;OPERADOR DE MAQUINA;; ESTATUTARIO;2936,20;;2936,20;308,93;2627,27;
ARLINDO RODRIGUES DOS SANTOS FILHO;BOA VISTA DO RAMOS;TECNICO EM AGROPECUARIA;; ESTATUTARIO;6480,45;;6480,45;1136,73;5343,72;
ARMANDO JORGE LUZ DA SILVA;DIR.DE ASSIST.TEC.E EXT.RURAL;ECONOMISTA;DIRETOR DE ASSIST.TE; ESTATUTARIO;10968,71;;10968,71;2479,68;8489,03;
ATENOR COSTA DE LIMA;BOCA DO ACRE;TECNICO EM AGROPECUARIA;; ESTATUTARIO;5296,57;;5296,57;871,43;4425,14;
AUGUSTO CESAR SANTANA DE ABREU;DIRETORIA ADMINIST.FINANCEIRA;AGENTE ADMINISTRATIVO;; ESTATUTARIO;4018,11;;4018,11;488,96;3529,15;
AUGUSTO RUBENS PEREIRA DA COSTA;PARINTINS;TECNICO EM AGROPECUARIA;; ESTATUTARIO;5629,61;;5629,61;881,77;4747,84;
AUREO ENRIQUE SANTOS CARVALHO;CAAPIRANGA;GERENTE;GERENTE AD-2; CARGO COMISSION.S/VINCULO;4509,79;;4509,79;641,84;3867,95;
BENJAMIN RODRIGUES DA COSTA;ANORI;MOTORISTA;; ESTATUTARIO;3530,11;;3530,11;363,03;3167,08;
BISMARCK BATALHA BENACON;JURUA;GERENTE;GERENTE AD-2; CARGO COMISSION.S/VINCULO;4509,79;;4509,79;670,28;3839,51;
CARLOS ALBERTO CRUZ FARIAS;BERURI;TECNICO EM AGROPECUARIA;; ESTATUTARIO;5052,18;;5052,18;549,20;4502,98;
CARLOS ALBERTO SOARES DE MAGALHAES;DIR.DE ASSIST.TEC.E EXT.RURAL;ENGENHEIRO AGRONOMO;; ESTATUTARIO;9487,27;;9487,27;2389,82;7097,45;
CARLOS ALBERTO VALES PEREIRA;BORBA;ASSESSOR III;NAO INFORMADO; CARGO COMISSION.S/VINCULO;6867,20;;6867,20;1322,56;5544,64;
CARLOS ANTONIO PANTOJA;LABREA;ENGENHEIRO AGRONOMO;GERENTE AD/2; ESTATUTARIO;11394,00;;11394,00;3005,61;8388,39;
CARLOS LACERDA FERREIRA F AMORIM;TEFE;TECNICO EM AGROPECUARIA;; ESTATUTARIO;4807,27;;4807,27;763,05;4044,22;
CARLOS LEILSON DA MOTA SILVA;DIRETORIA ADMINIST.FINANCEIRA;AGENTE ADMINISTRATIVO;; ESTATUTARIO;5043,85;;5043,85;561,38;4482,47;
CARLOS ROBERTO VIANA PINTO;DIRETORIA ADMINIST.FINANCEIRA;AUX.S.G-III;; ESTATUTARIO;2228,43;;2228,43;245,13;1983,30;
CELSO FERNANDES ROCHA;NOVO ARIPUANA;GERENTE;; CARGO COMISSION.S/VINCULO;4509,79;;4509,79;584,96;3924,83;
CLAUDIO ADRIANO CARDOSO AMANAJAS;MANACAPURU;TECNICO EM AGROPECUARIA;; ESTATUTARIO;5261,78;;5261,78;752,46;4509,32;
CLAUSAK MACIEL BONIFACIO;DIR.DE ASSIST.TEC.E EXT.RURAL;ENGENHEIRO DE PESCA;; ESTATUTARIO;9265,06;;9265,06;2258,86;7006,20;
CLEUBI JOSE DE PAULA ROL;JUTAI;MOTORISTA;; ESTATUTARIO;3420,70;;3420,70;315,25;3105,45;
CLEUDO BRASIL BERNARDO DE OLIVEIRA;MANICORE;TECNICO EM AGROPECUARIA;; ESTATUTARIO;5111,66;;5111,66;644,86;4466,80;
CRISTINA ZULMA ESCATE LAY;DEPTO.ASSIST.TEC.EXT.FLORESTAL;GERENTE;; CARGO COMISSION.S/VINCULO;4509,79;;4509,79;641,84;3867,95;
DALMO DE SOUZA DOS ANJOS;PROCURADORIA JURIDICA;ENGENHEIRO AGRONOMO;PROCURADOR CHEFE; ESTATUTARIO;13119,12;;13119,12;3502,75;9616,37;
DANIELA PERALES AUSIER;DEPARTAMENTO FINANCEIRO;GERENTE;NAO INFORMADO; CARGO COMISSION.S/VINCULO;4509,79;;4509,79;641,84;3867,95;
DEIVID FARIAS GOMES;MARAA;GERENTE;NAO INFORMADO; CARGO COMISSION.S/VINCULO;4509,79;;4509,79;641,84;3867,95;
DELDUQUE TOUCIMA DE ARAUJO;MANACAPURU;TECNICO EM AGROPECUARIA;; ESTATUTARIO;5027,16;;5027,16;742,41;4284,75;
DIMITRI LOUZADA TORRES PORTUGAL;DIR.DE ASSIST.TEC.E EXT.RURAL;GERENTE;GERENTE AD/2; CARGO COMISSION.S/VINCULO;4509,79;;4509,79;670,28;3839,51;
DJANEIDE DA SILVA LISBOA;DIRETORIA DE FOMENTO;TECNICO EM AGROPECUARIA;; ESTATUTARIO;5845,75;;5845,75;987,42;4858,33;
DOMINGOS DE LIMA MARQUES;CAREIRO;MOTORISTA;; ESTATUTARIO;3579,51;;3579,51;343,32;3236,19;
DORATY CHAVES DE OLIVEIRA;IRANDUBA;AGENTE ADMINISTRATIVO;AGENTE ADMINISTRAT.; ESTATUTARIO;4349,15;;4349,15;499,11;3850,04;
EDA MARIA OLIVA SOUZA;DIRETORIA EXECUTIVA;DIRETOR PRESIDENTE;NAO INFORMADO; CARGO COMISSION.S/VINCULO;12000,00;;12000,00;2813,83;9186,17;
EDELUZA BARBOSA DE OLIVEIRA;IRANDUBA;ENGENHEIRO AGRONOMO;; ESTATUTARIO;10440,55;;10440,55;2538,24;7902,31;
EDILENE MARIA SANTANA A KAWAKAMI;PARINTINS;AGENTE ADMINISTRATIVO 4A CLASSE;; ESTATUTARIO;4179,35;;4179,35;514,63;3664,72;
EDINELSO CABUIA MARAGUA;SAO GABRIEL DA CACHOEIRA;GERENTE;NAO INFORMADO; CARGO COMISSION.S/VINCULO;4509,79;;4509,79;670,28;3839,51;
EDMAR RAIMUNDO NASCIMENTO DE SOUZA;DIRETORIA ADMINIST.FINANCEIRA;MOT-III;; ESTATUTARIO;2847,65;;2847,65;280,24;2567,41;
EDNO SOARES DA COSTA;HUMAITA;ASSISTENTE TECNICO;; ESTATUTARIO;5571,94;;5571,94;729,44;4842,50;
ELCIDES RICARDO DE OLIVEIRA NETO;COARI;GERENTE;NAO INFORMADO; CARGO COMISSION.S/VINCULO;4509,79;;4509,79;613,40;3896,39;
ELCINA DE LIMA DA SILVA;NOVA OLINDA DO NORTE;ASSISTENTE TECNICO;; ESTATUTARIO;4160,58;;4160,58;610,33;3550,25;
ELIANDRO RIBEIRO REINALDO;BENJAMIN CONSTANT;GERENTE;; CARGO COMISSION.S/VINCULO;4509,79;;4509,79;670,28;3839,51;
ELIANE DEBORA LEITE SOARES;DIR.DE ASSIST.TEC.E EXT.RURAL;GERENTE;GERENTE AD-2; CARGO COMISSION.S/VINCULO;4509,79;;4509,79;670,28;3839,51;
ELIZABETH CAVALCANTE DE LIMA GOMES;TABATINGA;ASSISTENTE TECNICO;; ESTATUTARIO;4396,12;;4396,12;567,41;3828,71;
ELIZAMA BARBOSA DA SILVA;DIR.DE ASSIST.TEC.E EXT.RURAL;ASSISTENTE TECNICO;; ESTATUTARIO;5015,49;;5015,49;736,34;4279,15;
EMERSON PEDRACA DE FRANCA;MANICORE;ASSISTENTE TECNICO;; ESTATUTARIO;4594,53;;4594,53;593,96;4000,57;
EMILIO ANDRADE REZK;ITACOATIARA;TECNICO EM AGROPECUARIA;TEC. EM AGROPECUARIA; ESTATUTARIO;5047,84;;5047,84;747,43;4300,41;
EUGENIA TERESA MONTEIRO REZENDE;GABINETE;MEMBRO DE CONSELHO;; COMISSAO;3000,00;;3000,00;95,20;2904,80;
EUGENIO BORGES;MAUES;TECNICO EM AGROPECUARIA;ASSESSOR II; ESTATUTARIO;8681,95;;8681,95;4358,41;4323,54;
EUGENIO OLIVEIRA BRAS;TABATINGA;VIGIA;; ESTATUTARIO;3124,41;;3124,41;302,85;2821,56;
EURICO DE PAULO BARBOSA DA SILVA;ANORI;GERENTE;; CARGO COMISSION.S/VINCULO;4509,79;;4509,79;641,84;3867,95;
EVANDRO DA SILVA AZEVEDO;DIRETORIA ADMINIST.FINANCEIRA;AUXILIAR DE SERVICOS GERAIS;; ESTATUTARIO;3166,61;;3166,61;253,15;2913,46;
EVANI DA CONCEICAO TAVARES MALCHER;DIRETORIA ADMINIST.FINANCEIRA;GERENTE;GERENTE AD-2; CARGO COMISSION.S/VINCULO;4509,79;;4509,79;670,28;3839,51;
FABIANNY DE SOUZA ALENCAR;DEPARTAMENTO FINANCEIRO;GERENTE;NAO INFORMADO; CARGO COMISSION.S/VINCULO;4509,79;;4509,79;641,84;3867,95;
FABRIZIA MARGARIDA BARROS;DIRETORIA ADMINIST.FINANCEIRA;ASSISTENTE TECNICO;GERENTE; ESTATUTARIO;5247,11;;5247,11;521,72;4725,39;
FAVILLA GENTIL NETO;SAO SEBASTIAO DO UATUMA;ENGENHEIRO AGRONOMO;GERENTE AD/2; ESTATUTARIO;10609,67;;10609,67;2675,23;7934,44;
FERNANDO BATISTA DA SILVA;DIRETORIA ADMINIST.FINANCEIRA;AUXILIAR DE SERVICOS GERAIS;; ESTATUTARIO;2861,35;;2861,35;268,91;2592,44;
FRANCIOMAR DA ROCHA COSTA;DIRETORIA DE FOMENTO;OPERADOR GRAFICO;; ESTATUTARIO;4497,48;;4497,48;338,29;4159,19;
FRANCISCO ALDENEI FERREIRA PICANCO;PARINTINS;MOTORISTA;; ESTATUTARIO;3903,73;;3903,73;390,33;3513,40;
FRANCISCO BRASIL NEPONUCENO;CODAJAS;ASSESSOR III;NAO INFORMADO; CARGO COMISSION.S/VINCULO;10359,00;;10359,00;2200,30;8158,70;
FRANCISCO DE ASSIS BRANDAO CARLOS;DIRETORIA ADMINIST.FINANCEIRA;ASSISTENTE TECNICO;; ESTATUTARIO;4483,22;;4483,22;526,78;3956,44;
FRANCISCO EDUARDO DE MORAIS;LABREA;TECNICO EM AGROPECUARIA;; ESTATUTARIO;5020,44;;5020,44;657,33;4363,11;
FRANCISCO LIMA DA SILVA;MANAQUIRI;TECNICO EM AGROPECUARIA;; ESTATUTARIO;6962,09;;6962,09;1321,31;5640,78;
FRANCISCO MACEDO DE OLIVEIRA FILHO;DIRETORIA DE FOMENTO;TECNICO EM AGROPECUARIA;; ESTATUTARIO;5974,41;;5974,41;1026,22;4948,19;
FRANCISCO OSMAR LINHARES;RIO PRETO DA EVA;ENGENHEIRO AGRONOMO;; ESTATUTARIO;9433,07;;9433,07;2291,78;7141,29;
FRANKLÂNIO DUARTE FERREIRA;TAPAUA;GERENTE;NAO INFORMADO; CARGO COMISSION.S/VINCULO;8869,25;;8869,25;1873,12;6996,13;
GEORGE MARIO GRIJO DA SILVA;ANAMA;TECNICO EM AGROPECUARIA;GERENTE; ESTATUTARIO;5296,57;;5296,57;644,48;4652,09;
GERALDO DE CARVALHO SILVA;PARINTINS;TECNICO EM AGROPECUARIA;; ESTATUTARIO;5617,25;;5617,25;749,95;4867,30;
GERALDO DOS SANTOS REIS CONCEICAO;DIRETORIA DE FOMENTO;ENGENHEIRO AGRONOMO;; ESTATUTARIO;10500,24;;10500,24;2593,18;7907,06;
GERARDO HONORIO DE BRITO;NOVA OLINDA DO NORTE;AUXILIAR DE SERVICOS GERAIS;; ESTATUTARIO;3098,01;;3098,01;286,65;2811,36;
GERMIRO JOSE GOMES DAMIAO;DIR.DE ASSIST.TEC.E EXT.RURAL;AUX.O-III;; ESTATUTARIO;2528,43;;2528,43;245,13;2283,30;
GILBERTO DO NASCIMENTO RODRIGUES;MANICORE;VIGIA;; ESTATUTARIO;3124,41;;3124,41;288,63;2835,78;
GILCIANE PLACIDO BRAULE;SANTO ANTONIO DO ICA;GERENTE;; CARGO COMISSION.S/VINCULO;4509,79;;4509,79;670,28;3839,51;
GISELY DA SILVA MELO;HUMAITA;GERENTE;; CARGO COMISSION.S/VINCULO;4509,79;;4509,79;641,84;3867,95;
HELENIO ARAUJO FIGUEIREDO;DIR.DE ASSIST.TEC.E EXT.RURAL;TECNICO EM AGROPECUARIA;CHEFE DE DEPARTAMENT; ESTATUTARIO;6736,92;;6736,92;1184,40;5552,52;
HELISON RAMOS SAMPAIO;JUTAI;GERENTE;GERENTE AD-2; CARGO COMISSION.S/VINCULO;4509,79;;4509,79;670,28;3839,51;
HELTON FARIAS DA SILVA;AUTAZES;TECNICO EM AGROPECUARIA;; ESTATUTARIO;5017,60;;5017,60;741,02;4276,58;
HUGO STENIO GAMA DOS SANTOS;DIR.DE ASSIST.TEC.E EXT.RURAL;TECNICO EM AGROPECUARIA;CHEFE DE DEPARTAMENT; ESTATUTARIO;14994,84;;14994,84;3895,51;11099,33;
ILCINEI DA SILVA FERNANDES;JAPURA;GERENTE;NAO INFORMADO; CARGO COMISSION.S/VINCULO;4509,79;;4509,79;613,40;3896,39;
ILZINALDO CARVALHO GUIMARAES FILHO;DIRETORIA DE FOMENTO;TECNICO EM AGROPECUARIA;; ESTATUTARIO;4796,57;;4796,57;716,27;4080,30;
ISVALDO LIMA DA SILVA;IRANDUBA;TECNICO EM AGROPECUARIA;; ESTATUTARIO;5049,13;;5049,13;792,53;4256,60;
IVAN PONCE DE LEAO;DIRETORIA ADMINIST.FINANCEIRA;AGENTE ADMINISTRATIVO;; ESTATUTARIO;5250,62;;5250,62;788,81;4461,81;
IVANEIDE MUNIZ DOS SANTOS;DIRETORIA DE FOMENTO;AUX.S.G-III;; ESTATUTARIO;2502,20;;2502,20;242,24;2259,96;
IVO ROBERTO PEREIRA DOS SANTOS;DIR.DE ASSIST.TEC.E EXT.RURAL;TECNICO EM AGROPECUARIA;; ESTATUTARIO;4527,50;;4527,50;589,14;3938,36;
JACINEIDE RABELO PEREIRA;DEPTO.ADMINISTRATIVO;GERENTE;NAO INFORMADO; CARGO COMISSION.S/VINCULO;4509,79;;4509,79;670,28;3839,51;
JACINTA MOREIRA COELHO;PROCURADORIA JURIDICA;EXTENSIONISTA SOCIAL;DIRETOR ADMINISTRATI; ESTATUTARIO;9960,45;;9960,45;2136,29;7824,16;
JAGUANHARA DE ANDRADE LOPES;DIR.DE ASSIST.TEC.E EXT.RURAL;ENGENHEIRO AGRONOMO;; ESTATUTARIO;12060,82;;12060,82;2877,71;9183,11;
JAIME GATENHA FERREIRA FILHO;VILA RICA DE CAVIANA;ASSESSOR III;ASSESSOR III AD-3; CARGO COMISSION.S/VINCULO;3491,80;;3491,80;422,40;3069,40;
JAIME VITOR DOS SANTOS;DIR.DE ASSIST.TEC.E EXT.RURAL;TECNICO EM AGROPECUARIA;GERENTE AD/2; ESTATUTARIO;5681,62;;5681,62;942,52;4739,10;
JALPERY VIANA DE SOUZA;DIRETORIA DE FOMENTO;ASSISTENTE TECNICO;; ESTATUTARIO;5776,67;;5776,67;920,18;4856,49;
JAMES PINHEIRO DE FRANCA;ENVIRA;GERENTE;NAO INFORMADO; CARGO COMISSION.S/VINCULO;9019,58;;9019,58;1911,71;7107,87;
JAMILSON PAULO BARROS LARAY;RIO PRETO DA EVA;TECNICO EM AGROPECUARIA;; ESTATUTARIO;5018,20;;5018,20;785,07;4233,13;
JANDECI ANDRADE AGUIAR;SANTA IZABEL DO RIO NEGRO;GERENTE;; CARGO COMISSION.S/VINCULO;4509,79;;4509,79;584,96;3924,83;
JANDER DE JESUS FONSECA DA SILVA;NOVO AIRAO;A.TEC-III;; ESTATUTARIO;4732,45;;4732,45;569,16;4163,29;
JANIO FERREIRA FRANCO DE AMORIM;TABATINGA;TECNICO EM AGROPECUARIA;; ESTATUTARIO;5101,23;;5101,23;761,54;4339,69;
JEAN BARROS FERREIRA;DIR.DE ASSIST.TEC.E EXT.RURAL;TECNICO EM AGROPECUARIA;; ESTATUTARIO;4418,14;;4418,14;591,09;3827,05;
JEAN FRANK CAVALCANTE MAGALHAES;IRANDUBA;TECNICO EM AGROPECUARIA;GERENTE; ESTATUTARIO;6480,45;;6480,45;860,59;5619,86;
JOAO ALMEIDA DE OLIVEIRA;ITACOATIARA;ASSISTENTE TECNICO;; ESTATUTARIO;4696,10;;4696,10;733,75;3962,35;
JOAO BATISTA DE OLIVEIRA LACERDA;BARCELOS;GERENTE;; CARGO COMISSION.S/VINCULO;4509,79;;4509,79;670,28;3839,51;
JOAO BATISTA GOMES DO NASCIMENTO;CANUTAMA;GERENTE;; CARGO COMISSION.S/VINCULO;4509,79;;4509,79;584,96;3924,83;
JOAO BOSCO ALVES DE SIQUEIRA;DIR.DE ASSIST.TEC.E EXT.RURAL;ENGENHEIRO DE PESCA;ENGENHEIRO DE PESCA; ESTATUTARIO;9660,21;;9660,21;2407,76;7252,45;
JOAO BOSCO ANDRE GORDIANO;DIR.DE ASSIST.TEC.E EXT.RURAL;TECNICO EM AGROPECUARIA;; ESTATUTARIO;4796,57;;4796,57;716,27;4080,30;
JOAO CLAUDIR DA SILVA LEITAO;IRANDUBA;TECNICO EM AGROPECUARIA;; ESTATUTARIO;6962,09;;6962,09;1269,18;5692,91;
JOAO HILARIO BORGES DE BASTOS;APUI;GERENTE;GERENTE AD2; CARGO COMISSION.S/VINCULO;4509,79;;4509,79;584,96;3924,83;
JOAO NESTOR DE SOUZA HAGE;ITACOATIARA;TECNICO EM AGROPECUARIA;GERENTE AD-2; ESTATUTARIO;5630,68;;5630,68;796,49;4834,19;
JOAQUIM FONSECA DE LIMA;LABREA;AGENTE ADMINISTRATIVO;; ESTATUTARIO;4600,51;;4600,51;670,63;3929,88;
JOEL FERREIRA DA TRINDADE;BARREIRINHA;GERENTE;NAO INFORMADO; CARGO COMISSION.S/VINCULO;9019,58;;9019,58;1911,71;7107,87;
JONAS CICERO DE OLIVEIRA;AMATURA;GERENTE;NAO INFORMADO; CARGO COMISSION.S/VINCULO;4509,79;;4509,79;670,28;3839,51;
JORGE ANTONIO FERREIRA CARVALHO;CARAUARI;TECNICO EM AGROPECUARIA;; ESTATUTARIO;4924,80;;4924,80;511,73;4413,07;
JORGE AUGUSTO REIS MONTEIRO;DIRETORIA DE FOMENTO;TECNICO EM AGROPECUARIA;; ESTATUTARIO;4796,57;;4796,57;758,93;4037,64;
JOSAFA NOVAIS MACEDO;VILA EXTREMA - LABREA;GERENTE;; CARGO COMISSION.S/VINCULO;4509,79;;4509,79;584,96;3924,83;
JOSE ALEXANDRE MESQUITA LIMA;BOCA DO ACRE;GERENTE;GERENTE AD-2; CARGO COMISSION.S/VINCULO;4509,79;;4509,79;670,28;3839,51;
JOSE ALFREDO FELICIANO DA SILVA;ENVIRA;ASSISTENTE TECNICO;; ESTATUTARIO;5718,44;;5718,44;852,79;4865,65;
JOSE ARIMATEIA SIMOES;URUCARA;TECNICO EM AGROPECUARIA;; ESTATUTARIO;4801,23;;4801,23;718,88;4082,35;
JOSE ARTEMIS RODRIGUES MONTECONRADO;ITAMARATI;TECNICO EM AGROPECUARIA;GERENTE AD-2; ESTATUTARIO;6480,45;;6480,45;494,62;5985,83;
JOSE BARROSO SALVIANO;DIRETORIA DE FOMENTO;AGENTE ADMINISTRATIVO;; ESTATUTARIO;4368,00;;4368,00;567,87;3800,13;
JOSE CARLOS OLIVEIRA DE MENDONCA;DIRETORIA ADMINIST.FINANCEIRA;A.TEC-III;; ESTATUTARIO;3789,91;;3789,91;504,49;3285,42;
JOSE COELHO DAVILA;TABATINGA;TECNICO EM CONTABILIDADE;; ESTATUTARIO;3970,25;;3970,25;508,33;3461,92;
JOSE DE OLIVEIRA NEVES;SILVES;MOTORISTA;; ESTATUTARIO;3435,43;;3435,43;361,93;3073,50;
JOSE DE OLIVEIRA RAMOS;PARINTINS;ASSISTENTE TECNICO;; ESTATUTARIO;4568,87;;4568,87;574,59;3994,28;
JOSE DE OLIVEIRA RIBEIRO;PROCURADORIA JURIDICA;TECNICO EM AGROPECUARIA;; ESTATUTARIO;4130,74;;4130,74;651,03;3479,71;
JOSE EONE DE SOUZA MONTEFUSCO;DIRETORIA ADMINIST.FINANCEIRA;TNS-III;; ESTATUTARIO;6628,27;;6628,27;1377,50;5250,77;
JOSE ERISON GOES CASTRO;BARREIRINHA;MOTORISTA FLUVIAL;; ESTATUTARIO;3003,89;;3003,89;283,94;2719,95;
JOSE LIRA DO NASCIMENTO;CARAUARI;MOTORISTA;; ESTATUTARIO;3587,29;;3587,29;398,90;3188,39;
JOSE LUIS ANDRADE PINTO;BOA VISTA DO RAMOS;MOTORISTA;; ESTATUTARIO;3406,55;;3406,55;286,72;3119,83;
JOSE MARIA DE MATOS;COARI;TECNICO EM AGROPECUARIA;; ESTATUTARIO;5101,23;;5101,23;804,19;4297,04;
JOSE MARIA FERREIRA;IRANDUBA;TECNICO EM AGROPECUARIA;; ESTATUTARIO;5088,42;;5088,42;759,23;4329,19;
JOSE MARIA FRADE JUNIOR;RIO PRETO DA EVA;ENGENHEIRO AGRONOMO;GERENTE AD/2; ESTATUTARIO;11285,37;;11285,37;2967,07;8318,30;
JOSE MARIA RAMOS DE SOUZA;DIRETORIA ADMINIST.FINANCEIRA;TECNICO EM AGROPECUARIA;; ESTATUTARIO;4800,41;;4800,41;804,77;3995,64;
JOSE MILTON BARBOSA FILHO;DIR.DE ASSIST.TEC.E EXT.RURAL;ENGENHEIRO AGRONOMO;DIRETOR DE ASSISTENC; ESTATUTARIO;17838,51;;17838,51;4896,93;12941,58;
JOSE NORTINO NUNES MEDEIROS;DIR.DE ASSIST.TEC.E EXT.RURAL;T.AG-III;; ESTATUTARIO;4277,55;;4277,55;613,73;3663,82;
JOSE RAIMUNDO MARINHO GARCIA;DIRETORIA DE FOMENTO;AUXILIAR DE SERVICOS GERAIS;; ESTATUTARIO;2649,29;;2649,29;252,78;2396,51;
JOSE RAIMUNDO NORONHA CALACINA;BOCA DO ACRE;MOTORISTA;; ESTATUTARIO;3579,51;;3579,51;371,76;3207,75;
JOSE RAMONILSON DE SOUZA GOMES;DIR.DE ASSIST.TEC.E EXT.RURAL;ENGENHEIRO AGRONOMO;; ESTATUTARIO;7069,87;;7069,87;1566,45;5503,42;
JOSE RICARDO GONCALVES MACIEL;NOVO ARIPUANA;TECNICO EM AGROPECUARIA;; ESTATUTARIO;4914,97;;4914,97;710,38;4204,59;
JOSE SILVA MICHILES;ITAPIRANGA;TECNICO EM AGROPECUARIA;; ESTATUTARIO;5296,57;;5296,57;743,46;4553,11;
JOSE TARCISIO DA SILVA E SOUSA;BORBA;TECNICO EM AGROPECUARIA;; ESTATUTARIO;5223,93;;5223,93;855,72;4368,21;
JOSE VASCONCELOS DE FARIAS NETO;CAREIRO DA VARZEA;TECNICO EM AGROPECUARIA;GERENTE AD/2; ESTATUTARIO;5102,90;;5102,90;762,34;4340,56;
JOSINALDO BEZERRA PACHECO;CAREIRO DA VARZEA;TECNICO EM AGROPECUARIA;; ESTATUTARIO;4617,40;;4617,40;494,63;4122,77;
JOSUÉ RAMOS DA SILVA;ITAPIRANGA;ASSESSOR III;NAO INFORMADO; CARGO COMISSION.S/VINCULO;3491,80;;3491,80;422,40;3069,40;
JULIA SANTOS DE SEIXAS;DIR.DE ASSIST.TEC.E EXT.RURAL;A.TEC-III;; ESTATUTARIO;4363,73;;4363,73;638,37;3725,36;
JULIO CESAR DE LIMA GOES;SILVES;TECNICO EM AGROPECUARIA;; ESTATUTARIO;4925,25;;4925,25;616,89;4308,36;
JUNEVAL PINHEIRO CARDOSO;PARINTINS;TECNICO EM AGROPECUARIA;; ESTATUTARIO;5099,57;;5099,57;803,40;4296,17;
KÁTIA MARIA SOARES DA ROCHA;DEPARTAMENTO FINANCEIRO;ASSESSOR III;; CARGO COMISSION.S/VINCULO;3491,80;;3491,80;422,40;3069,40;
LAURO DE MEDEIROS MARTINS;BARREIRINHA;AUXILIAR DE SERVICOS GERAIS;; ESTATUTARIO;3411,66;;3411,66;331,94;3079,72;
LAZARO MONTEIRO REIS;DIR.DE ASSIST.TEC.E EXT.RURAL;TECNICO EM AGROPECUARIA;GERENTE AD/2; ESTATUTARIO;5826,76;;5826,76;839,74;4987,02;
LENA GUIOMAR CAVALCANTE F BARBOSA;PROCURADORIA JURIDICA;GERENTE;GERENTE AD-2; CARGO COMISSION.S/VINCULO;7509,79;;7509,79;1396,92;6112,87;
LICURGO MALHEIROS RODRIGUES;URUCARA;ASSISTENTE TECNICO;; ESTATUTARIO;4205,58;;4205,58;549,46;3656,12;
LOURIVALDO NASCIMENTO BARROS;BORBA;TECNICO EM AGROPECUARIA;; ESTATUTARIO;5296,57;;5296,57;786,11;4510,46;
LUCELISY SILVA BORGES;GABINETE;MEMBRO DE CONSELHO;; COMISSAO;3000,00;;3000,00;95,20;2904,80;
LUCIANO LOBO PINHEIRO VAZ;NOVO REMANSO;GERENTE;GERENTE AD-2; CARGO COMISSION.S/VINCULO;4509,79;;4509,79;641,84;3867,95;
LUCIVALDO RIBEIRO PEREIRA;PARINTINS;ENGENHEIRO DE PESCA;; ESTATUTARIO;11394,00;;11394,00;3057,75;8336,25;
LUIS ANTONIO DA SILVA CRISTO;MANAQUIRI;MOTORISTA;; ESTATUTARIO;3593,99;;3593,99;307,34;3286,65;
LUIZ ALBERTO LIRA DA CRUZ;DIR.DE ASSIST.TEC.E EXT.RURAL;TECNICO EM AGROPECUARIA;; ESTATUTARIO;4601,23;;4601,23;691,69;3909,54;
LUIZ ALDINEY ALVES DE OLIVEIRA;PRESIDENTE FIGUEIREDO;TECNICO EM AGROPECUARIA;GERENTE AD-2; ESTATUTARIO;6480,45;;6480,45;903,25;5577,20;
LUIZ ANTONIO NASCIMENTO;DIR.DE ASSIST.TEC.E EXT.RURAL;TECNICO EM AGROPECUARIA;GERENTE; ESTATUTARIO;5608,68;;5608,68;867,34;4741,34;
LUIZ EUCLIDES PESSOA SOUZA;NHAMUNDA;TECNICO EM AGROPECUARIA;GERENTE AD-2; ESTATUTARIO;6016,52;;6016,52;920,01;5096,51;
LUIZ NUNES DIAS;ENVIRA;TECNICO EM AGROPECUARIA;; ESTATUTARIO;6962,09;;6962,09;1164,90;5797,19;
LUIZ ROBERTO PEREIRA DA COSTA;BOA VISTA DO RAMOS;TECNICO EM AGROPECUARIA;; ESTATUTARIO;5143,03;;5143,03;632,54;4510,49;
LUIZ ROCHA MACIEL;DIR.DE ASSIST.TEC.E EXT.RURAL;GERENTE;; CARGO COMISSION.S/VINCULO;4509,79;;4509,79;641,84;3867,95;
LUIZ VANDERLEI NEVES AZEVEDO;PAUINI;TECNICO EM AGROPECUARIA;; ESTATUTARIO;5296,57;;5296,57;786,11;4510,46;
LUIZA IREIDE BEZERRA SOUZA;GABINETE;A.TEC-III;; ESTATUTARIO;5566,59;;5566,59;753,12;4813,47;
LUZIANE CRISTINE SIQUEIRA TAVARES;DIRETORIA ADMINIST.FINANCEIRA;ASSISTENTE TECNICO;; ESTATUTARIO;3854,95;;3854,95;482,39;3372,56;
MAEWE XAVIER DA CRUZ;FONTE BOA;GERENTE;NAO INFORMADO; CARGO COMISSION.S/VINCULO;8869,25;;8869,25;1873,12;6996,13;
MALVINO SALVADOR;DEPTO.ASSIST.TEC.EXT.FLORESTAL;GERENTE;NAO INFORMADO; CARGO COMISSION.S/VINCULO;13379,04;;13379,04;11338,99;2040,05;
MANOEL LIBORIO DA COSTA FILHO;URUCARA;ASSISTENTE TECNICO;; ESTATUTARIO;4974,64;;4974,64;730,21;4244,43;
MANOEL PEDRO BRAGA PAES;URUCARA;GERENTE;; CARGO COMISSION.S/VINCULO;4509,79;;4509,79;670,28;3839,51;
MANOEL PEREIRA DA SILVA;UARINI;TECNICO EM AGROPECUARIA;ASSESSOR II; ESTATUTARIO;15331,74;;15331,74;9380,53;5951,21;
MARCELO FRANCA GADELHA;ITACOATIARA;TECNICO EM AGROPECUARIA;; ESTATUTARIO;5296,57;;5296,57;828,77;4467,80;
MARCILIO PASCHOALINO;DIRETORIA DE FOMENTO;ENGENHEIRO AGRONOMO;; ESTATUTARIO;10139,95;;10139,95;2326,23;7813,72;
MARCOS ANTONIO CERQUEIRA;DIR.DE ASSIST.TEC.E EXT.RURAL;ENGENHEIRO DE PESCA;; ESTATUTARIO;9248,88;;9248,88;1708,99;7539,89;
MARCOS EUGENIO CHIXARO DE ALMEIDA;HUMAITA;TECNICO EM AGROPECUARIA;; ESTATUTARIO;6962,09;;6962,09;962,63;5999,46;
MARGARETH NASCIMENTO BARROS;ITACOATIARA;ASSISTENTE TECNICO;; ESTATUTARIO;4498,37;;4498,37;559,95;3938,42;
MARIA AMELIA CENA ARROJAVE;DIRETORIA ADMINIST.FINANCEIRA;COZINHEIRO;; ESTATUTARIO;2724,41;;2724,41;266,69;2457,72;
MARIA AUXILIADORA RIBEIRO;BORBA;ASSISTENTE TECNICO;; ESTATUTARIO;4601,64;;4601,64;668,04;3933,60;
MARIA BARBARA DE SOUZA MAGALHAES;PARINTINS;AUXILIAR TECNICO;; ESTATUTARIO;4570,49;;4570,49;614,31;3956,18;
MARIA DAS GRACAS BARBOSA DA SILVA;DIRETORIA ADMINIST.FINANCEIRA;TNS-III;ASSESSOR III; ESTATUTARIO;6144,04;;6144,04;1195,94;4948,10;
MARIA DAS GRACAS MACHADO LOPES;PARINTINS;ASSISTENTE TECNICO;; ESTATUTARIO;4911,48;;4911,48;669,05;4242,43;
MARIA DE LOURDES DE SOUZA;APUI;AUXILIAR DE SERVICOS GERAIS;; ESTATUTARIO;3404,27;;3404,27;314,00;3090,27;
MARIA DELZILENE VIEIRA DA COSTA;EIRUNEPE;ASSISTENTE TECNICO;; ESTATUTARIO;4868,98;;4868,98;703,72;4165,26;
MARIA DO CARMO ARAUJO;ASSESSORIA;CHEFE DE GABINETE;NAO INFORMADO; CARGO COMISSION.S/VINCULO;5529,77;;5529,77;986,40;4543,37;
MARIA DO SOCORRO FERNANDES DA SILVA;DIR.DE ASSIST.TEC.E EXT.RURAL;TECNICO EM CONTABILIDADE;; ESTATUTARIO;4996,58;;4996,58;726,57;4270,01;
MARIA EULINA BATALHA DOS ANJOS;URUCARA;ASSISTENTE TECNICO;; ESTATUTARIO;4430,20;;4430,20;604,15;3826,05;
MARIA HELENA DA COSTA RODRIGUES;DIR.DE ASSIST.TEC.E EXT.RURAL;FILOSOFO;EXTENS RURAL SUPERIO; ESTATUTARIO;7209,45;;7209,45;1688,19;5521,26;
MARIA JOSE DE MELO ANDREOLA;DIRETORIA ADMINIST.FINANCEIRA;AGENTE ADMINISTRATIVO;CHEFE DE DEPARTAMENT; ESTATUTARIO;9537,74;;9537,74;1845,12;7692,62;
MARIA JOSE MENDONCA DE OLIVEIRA;SAO PAULO DE OLIVENCA;GERENTE;GERENTE AD-2; CARGO COMISSION.S/VINCULO;4509,79;;4509,79;641,84;3867,95;
MARIA LUCINEIDE DA SILVA SANTOS;DIRETORIA ADMINIST.FINANCEIRA;A.TEC-III;GERENTE AD/2; ESTATUTARIO;9089,27;;9089,27;1830,32;7258,95;
MARIA NAZARE SOUZA MARTINS;PARINTINS;ASSISTENTE TECNICO;ASSISTENTE TECNICO; ESTATUTARIO;4144,60;;4144,60;607,21;3537,39;
MARILDO XIMENDES DA SILVA;MANACAPURU;TECNICO EM AGROPECUARIA;; ESTATUTARIO;6962,09;;6962,09;1217,04;5745,05;
MARINEZIO PESSOA DE SOUZA;NHAMUNDA;TECNICO EM AGROPECUARIA;; ESTATUTARIO;6453,21;;6453,21;1150,94;5302,27;
MARIO FRANCISCO CALDAS ONO;DIR.DE ASSIST.TEC.E EXT.RURAL;TECNICO EM AGROPECUARIA;; ESTATUTARIO;4796,57;;4796,57;716,27;4080,30;
MARIO JORGE MACEDO CORREIA;DIRETORIA ADMINIST.FINANCEIRA;A.TEC-III;; ESTATUTARIO;3705,58;;3705,58;446,02;3259,56;
MARIO REGIS SOARES GOMES;TABATINGA;TECNICO AGRICOLA;; ESTATUTARIO;4742,57;;4742,57;623,34;4119,23;
MARISA DA COSTA BEZERRA;DIRETORIA ADMINIST.FINANCEIRA;ASSISTENTE TECNICO;; ESTATUTARIO;5046,55;;5046,55;743,29;4303,26;
MARIZA DA PAZ DANTAS RODRIGUES;CODAJAS;ASSISTENTE TECNICO;ASSISTENTE TECNICO; ESTATUTARIO;4555,47;;4555,47;634,71;3920,76;
MARIZA LISLEY DA SILVA JUREMA;MANICORE;GERENTE;; CARGO COMISSION.S/VINCULO;4509,79;;4509,79;641,84;3867,95;
MARLENE RAMOS REIS;COARI;ASSISTENTE TECNICO;; ESTATUTARIO;5712,45;;5712,45;799,79;4912,66;
MAURICIO BORGES;AUTAZES;TECNICO EM AGROPECUARIA;; ESTATUTARIO;5559,92;;5559,92;864,96;4694,96;
MICHELEN BRITO LOBO;DEPTO.ADMINISTRATIVO;GERENTE;; CARGO COMISSION.S/VINCULO;4509,79;;4509,79;613,40;3896,39;
MIRTA DOS SANTOS PONTES;PRESIDENTE FIGUEIREDO;ASSISTENTE TECNICO;; ESTATUTARIO;5654,43;;5654,43;977,02;4677,41;
MOACIR ALVES MARAES;DIR.DE ASSIST.TEC.E EXT.RURAL;AUXILIAR DE SERVICOS GERAIS;; ESTATUTARIO;2598,01;;2598,01;252,78;2345,23;
MOISES DE SOUZA BRUNO;ANORI;GERENTE;NAO INFORMADO; CARGO COMISSION.S/VINCULO;4509,79;;4509,79;670,28;3839,51;
NADIELE PEREIRA PACHECO;DEPATO.DE ASSIST.TEC.EXT.RURAL;CHEFE DE DEPARTAMENTO;; CARGO COMISSION.S/VINCULO;5529,77;;5529,77;986,40;4543,37;
NEDER DE SOUZA FALCAO;IRANDUBA;TECNICO EM AGROPECUARIA;; ESTATUTARIO;5296,57;;5296,57;743,46;4553,11;
NEILA DOS SANTOS CARDOSO DUARTE;CAREIRO DA VARZEA;ASSISTENTE TECNICO;; ESTATUTARIO;4443,55;;4443,55;578,26;3865,29;
NELCYRLANE ALCANTARA CASCAES;MANAQUIRI;TECNICO EM AGROPECUARIA;; ESTATUTARIO;5296,57;;5296,57;871,43;4425,14;
NELIO DE OLIVEIRA SENA;RIO PRETO DA EVA;TECNICO EM AGROPECUARIA;; ESTATUTARIO;5296,57;;5296,57;786,11;4510,46;
NESTOR RIBEIRO NETO;TONANTINS;TECNICO EM AGROPECUARIA;; ESTATUTARIO;5296,57;;5296,57;871,43;4425,14;
NEUDA MARIA DE LIMA;DIRETORIA DE FOMENTO;TECNICO EM CONTABILIDADE;; ESTATUTARIO;4350,68;;4350,68;594,01;3756,67;
NEY DE FREITAS ASSIS;BOCA DO ACRE;TECNICO EM AGROPECUARIA;; ESTATUTARIO;5613,75;;5613,75;879,27;4734,48;
NILZOMAR FERREIRA BARBOSA;PARINTINS;TECNICO EM AGROPECUARIA;; ESTATUTARIO;5357,54;;5357,54;744,44;4613,10;
NONATO RAIMUNDO GOMES DE ALMEIDA;EIRUNEPE;VIGIA;; ESTATUTARIO;3178,74;;3178,74;298,24;2880,50;
OCTACILIO JOSE PESSOA FERREIRA NETO;PARINTINS;MEDICO VETERINARIO;; ESTATUTARIO;8738,34;;8738,34;1832,27;6906,07;
OFIR DE SOUZA HAGE;DIRETORIA DE FOMENTO;TECNICO EM AGROPECUARIA;GERENTE AD/2; ESTATUTARIO;5791,75;;5791,75;874,33;4917,42;
OMESIAS MACEDO DOS SANTOS;URUCARA;TECNICO EM AGROPECUARIA;; ESTATUTARIO;5018,20;;5018,20;742,41;4275,79;
ORDIVAL LEITE RUBIM FILHO;DIRETORIA ADMINIST.FINANCEIRA;A.TEC-III;; ESTATUTARIO;3696,84;;3696,84;429,15;3267,69;
ORLANDO JUSTINO DA COSTA;DIR.DE ASSIST.TEC.E EXT.RURAL;A.TEC-III;ASSESSOR I; ESTATUTARIO;8743,51;;8743,51;2910,31;5833,20;
ORLANDO PEREIRA ANTUNES;BOA VISTA DO RAMOS;ASSISTENTE TECNICO;; ESTATUTARIO;4354,92;;4354,92;500,51;3854,41;
OSIMAR DA SILVA OLIVEIRA;AUTAZES;MED.V-III;; ESTATUTARIO;8238,21;;8238,21;1759,12;6479,09;
OSMAR DE SOUZA MENEZES;EIRUNEPE;ASSISTENTE TECNICO;; ESTATUTARIO;4956,91;;4956,91;681,70;4275,21;
OSMAR LIRA DE CARVALHO;DIRETORIA ADMINIST.FINANCEIRA;AUXILIAR DE SERVICOS GERAIS;; ESTATUTARIO;2561,29;;2561,29;283,12;2278,17;
OYAMA RODRIGUES PEDRACA;MANICORE;TECNICO EM AGROPECUARIA;; ESTATUTARIO;5291,70;;5291,70;873,14;4418,56;
OZENILDO OLIVEIRA MINEIRO;DIRETORIA DE FOMENTO;TECNICO EM AGROPECUARIA;; ESTATUTARIO;6295,43;;6295,43;1033,71;5261,72;
PATRYCK ALLESSANDER GRACA SANDOVAL;ATALAIA DO NORTE;GERENTE;NAO INFORMADO; CARGO COMISSION.S/VINCULO;9019,58;;9019,58;1911,71;7107,87;
PAULO CESAR FERREIRA DA SILVA;APUI;ASSESSOR II;NAO INFORMADO; CARGO COMISSION.S/VINCULO;13379,04;;13379,04;7778,53;5600,51;
PAULO FERREIRA GALVAO;DIR.DE ASSIST.TEC.E EXT.RURAL;ENGENHEIRO CIVIL;; ESTATUTARIO;10014,15;;10014,15;2396,55;7617,60;
PAULO RAMOS ROLIM;DIR.DE ASSIST.TEC.E EXT.RURAL;ENGENHEIRO DE PESCA;; ESTATUTARIO;11150,47;;11150,47;2663,97;8486,50;
PAULO SERGIO FERREIRA DAMASO;ITACOATIARA;TECNICO EM AGROPECUARIA;; ESTATUTARIO;5286,68;;5286,68;922,41;4364,27;
PAULO SOARES COSTA;MANAQUIRI;ENGENHEIRO AGRONOMO;GERENTE AD-2; ESTATUTARIO;11892,32;;11892,32;3030,48;8861,84;
PEDRO CASTRO DA SILVA;URUCARA;AUXILIAR TECNICO;; ESTATUTARIO;4760,06;;4760,06;490,34;4269,72;
PEDRO CHAVES DA SILVA;DIR.DE ASSIST.TEC.E EXT.RURAL;GERENTE;; CARGO COMISSION.S/VINCULO;4509,79;;4509,79;613,40;3896,39;
PEDRO HAMILTON MARQUES DE OLIVEIRA;ENVIRA;TECNICO EM AGROPECUARIA;; ESTATUTARIO;5296,57;;5296,57;661,64;4634,93;
PERPETUO SOCORRO DE OLIVEIRA LOPES;PARINTINS;TECNICO EM CONTABILIDADE;; ESTATUTARIO;4980,53;;4980,53;730,06;4250,47;
PHILLIPE GABRIEL BRANDAO;CAREIRO;GERENTE;GERENTE AD-2; CARGO COMISSION.S/VINCULO;4509,79;;4509,79;641,84;3867,95;
PLACIDO DA SILVA RAMOS FILHO;MANACAPURU;ENGENHEIRO AGRONOMO;; ESTATUTARIO;9555,71;;9555,71;1910,37;7645,34;
QUÊNIA DE SOUZA BARROS;DEPARTAMENTO DE PLANEJAMENTO;GERENTE;NAO INFORMADO; CARGO COMISSION.S/VINCULO;4509,79;;4509,79;670,28;3839,51;
RAIMUNDA GONCALVES DA CUNHA;CAREIRO;AGENTE ADMINISTRATIVO;; ESTATUTARIO;5597,63;;5597,63;864,47;4733,16;
RAIMUNDA MARIA RODRIGUES DA SILVA;DIRETORIA DE FOMENTO;A.TEC-III;; ESTATUTARIO;4070,49;;4070,49;528,38;3542,11;
RAIMUNDO DA SILVA QUEIROZ;CODAJAS;MOTORISTA;; ESTATUTARIO;3406,55;;3406,55;341,19;3065,36;
RAIMUNDO GERSON SOUZA DA COSTA;DIRETORIA DE FOMENTO;ENGENHEIRO FLORESTAL;; ESTATUTARIO;16242,50;;16242,50;4548,69;11693,81;
RAIMUNDO MACIEL DE OLIVEIRA;DIRETORIA DE FOMENTO;MOTORISTA;; ESTATUTARIO;4315,05;;4315,05;479,12;3835,93;
RAIMUNDO MENDES LEAL FILHO;MAUES;TECNICO EM AGROPECUARIA;; ESTATUTARIO;5296,57;;5296,57;871,43;4425,14;
RAIMUNDO NONATO DE LIMA LYRA;DIRETORIA ADMINIST.FINANCEIRA;ASSISTENTE TECNICO;; ESTATUTARIO;3714,33;;3714,33;476,59;3237,74;
RAIMUNDO NONATO RIBEIRO AMBROSIO;CAREIRO;AUX.O-III;; ESTATUTARIO;3028,43;;3028,43;288,58;2739,85;
RAIMUNDO OBERTO CASCAES;MANAQUIRI;MOTORISTA;; ESTATUTARIO;3885,26;;3885,26;414,44;3470,82;
RAIMUNDO OSCAR VIEIRA DE OLIVEIRA;PARINTINS;TECNICO EM AGROPECUARIA;; ESTATUTARIO;5069,52;;5069,52;754,36;4315,16;
RAIMUNDO PASCOAL DO ROSARIO;ITACOATIARA;MOTORISTA;; ESTATUTARIO;3892,82;;3892,82;416,21;3476,61;
RAIMUNDO PEREIRA AMORIM;DIR.DE ASSIST.TEC.E EXT.RURAL;TECNICO EM AGROPECUARIA;; ESTATUTARIO;4608,31;;4608,31;604,05;4004,26;
RAIMUNDO VIEIRA DA SILVA;DIR.DE ASSIST.TEC.E EXT.RURAL;PEDAGOGO;; ESTATUTARIO;7852,17;;7852,17;1586,95;6265,22;
RAIMUNDO ZOROASTRO N BRANDAO;TABATINGA;TECNICO AGRICOLA;GERENTE; ESTATUTARIO;5926,45;;5926,45;888,06;5038,39;
REDINE CLAUDIO XAVIER;ENVIRA;TECNICO EM AGROPECUARIA;; ESTATUTARIO;5065,03;;5065,03;576,16;4488,87;
REGIMARA ALVES BREVES;DIRETORIA ADMINIST.FINANCEIRA;AGENTE ADMINISTRATIVO;GERENTE AD/2; ESTATUTARIO;5604,99;;5604,99;775,49;4829,50;
RENATA MAGNENTI LUCIANO SANTOS;DEPTO.DE OPERACOES TECNICAS;GERENTE;NAO INFORMADO; CARGO COMISSION.S/VINCULO;12026,10;;12026,10;2683,51;9342,59;
RENATO ALVES DE ARAUJO;ITACOATIARA;AUX.O-III;; ESTATUTARIO;3338,91;;3338,91;329,23;3009,68;
RENATO MARQUES DO NASCIMENTO;DIRETORIA ADMINIST.FINANCEIRA;AUXILIAR DE SERVICOS GERAIS;; ESTATUTARIO;2598,01;;2598,01;252,78;2345,23;
RENATO PALMA DE LIMA;BORBA;ASSISTENTE TECNICO;; ESTATUTARIO;4930,08;;4930,08;717,09;4212,99;
RICKSON DA CRUZ VALENTE;PARINTINS;TECNICO EM AGROPECUARIA;; ESTATUTARIO;4914,97;;4914,97;710,38;4204,59;
RITA CELIA DE SIQUEIRA C ARAUJO;DIR.DE ASSIST.TEC.E EXT.RURAL;TNS-III;; ESTATUTARIO;6383,65;;6383,65;1333,64;5050,01;
ROBERTO AIRES EDWARDS DE OLIVEIRA;CAREIRO DA VARZEA;TECNICO EM AGROPECUARIA;; ESTATUTARIO;5296,57;;5296,57;871,43;4425,14;
ROBERTO VANDERLEI DE ARRUDA;APUI;AGENTE ADMINISTRATIVO;; ESTATUTARIO;4995,79;;4995,79;645,65;4350,14;
RODERICO DE LIMA LIMEIRA;MANICORE;MOTORISTA;; ESTATUTARIO;3579,83;;3579,83;371,81;3208,02;
ROLANGIO PEREIRA DE SOUSA;IRANDUBA;ENGENHEIRO AGRONOMO;; ESTATUTARIO;8386,99;;8386,99;1829,95;6557,04;
ROMUALDO FIGUEIREDO RAMOS;DIR.DE ASSIST.TEC.E EXT.RURAL;TECNICO EM AGROPECUARIA;GERENTE; ESTATUTARIO;6972,99;;6972,99;1280,41;5692,58;
RONAN DE SOUZA;URICURITUBA;GERENTE;; CARGO COMISSION.S/VINCULO;4509,79;;4509,79;613,40;3896,39;
ROSALBINA MOURA CAVALCANTE;DIRETORIA ADMINIST.FINANCEIRA;AUX.S.G-III;; ESTATUTARIO;3516,37;;3516,37;336,02;3180,35;
ROSEMIRO PICANCO ROCHA FILHO;PARINTINS;TECNICO EM CONTABILIDADE;TEC.DE CONTABILIDADE; ESTATUTARIO;4567,47;;4567,47;573,26;3994,21;
ROSENAY DA SILVA DOMINGUES;ITACOATIARA;ASSISTENTE TECNICO;; ESTATUTARIO;4955,61;;4955,61;724,36;4231,25;
ROSILQUE MENDES DE FRANCA;SILVES;GERENTE;GERENTE AD-2; CARGO COMISSION.S/VINCULO;4509,79;;4509,79;641,84;3867,95;
ROSINEI SOUSA DA SILVA;BORBA;GERENTE;; CARGO COMISSION.S/VINCULO;4509,79;;4509,79;670,28;3839,51;
RUI LIMA DE SOUZA;IRANDUBA;TECNICO EM AGROPECUARIA;; ESTATUTARIO;5064,83;;5064,83;710,46;4354,37;
RUI PEREIRA SAMPAIO;URUCARA;A.TEC-III;; ESTATUTARIO;5113,29;;5113,29;741,68;4371,61;
SANDRO SOUZA MARTINS;AUTAZES;GERENTE;NAO INFORMADO; CARGO COMISSION.S/VINCULO;4509,79;;4509,79;641,84;3867,95;
SCHIRLEY ELVIRA PINTO ATAIDE;ITACOATIARA;TECNICO EM AGROPECUARIA;; ESTATUTARIO;6962,09;;6962,09;1269,18;5692,91;
SEBASTIAO DA SILVA GOMES;DIRETORIA ADMINIST.FINANCEIRA;AUXILIAR DE SERVICOS GERAIS;; ESTATUTARIO;3364,01;;3364,01;274,86;3089,15;
SEBASTIAO DIAS DE MENDONCA;DIR.DE ASSIST.TEC.E EXT.RURAL;ENGENHEIRO AGRONOMO;GERENTE AD/2; ESTATUTARIO;12380,95;;12380,95;3317,22;9063,73;
SEBASTIAO JOSE PINHEIRO DA PAIXAO;IRANDUBA;CAD-III;; ESTATUTARIO;4589,91;;4589,91;579,49;4010,42;
SEBASTIAO ROQUE DA CRUZ;DIRETORIA DE FOMENTO;TECNICO EM AGROPECUARIA;; ESTATUTARIO;5161,62;;5161,62;691,63;4469,99;
SERGIO AUGUSTO FROES CAVALCANTE;RIO PRETO DA EVA;TECNICO EM AGROPECUARIA;; ESTATUTARIO;5296,57;;5296,57;720,84;4575,73;
SERGIO ROCHA MUNIZ;DIR.DE ASSIST.TEC.E EXT.RURAL;MEDICO VETERINARIO;; ESTATUTARIO;7387,78;;7387,78;1579,09;5808,69;
SIDNEY HERNANI DE OLIVEIRA;CODAJAS;TECNICO EM AGROPECUARIA;; ESTATUTARIO;5014,31;;5014,31;698,54;4315,77;
SIDNEY SOUZA DE ARAUJO;TEFE;GERENTE;GERENTE AD-2; CARGO COMISSION.S/VINCULO;4509,79;;4509,79;613,40;3896,39;
SILDOVERIO ALMEIDA TUNDIS;DIR.DE ASSIST.TEC.E EXT.RURAL;ENG-III;; ESTATUTARIO;9932,14;;9932,14;2471,52;7460,62;
SILVIA CHRISTINA DOMINGUES DE ABREU;DIR.DE ASSIST.TEC.E EXT.RURAL;ENGENHEIRO AGRONOMO;; ESTATUTARIO;8354,30;;8354,30;1883,63;6470,67;
SIMONE ANDRADE DE SOUZA;PAUINI;GERENTE;; CARGO COMISSION.S/VINCULO;4509,79;;4509,79;584,96;3924,83;
SUELEN ALVES BOMFIM;DEPARTAMENTO DE PLANEJAMENTO;ASSESSOR III;NAO INFORMADO; CARGO COMISSION.S/VINCULO;3491,80;;3491,80;422,40;3069,40;
SUZAMAR DA SILVA SANTOS;DIR.DE ASSIST.TEC.E EXT.RURAL;AUXILIAR TECNICO;; ESTATUTARIO;4258,77;;4258,77;494,10;3764,67;
TADEU VELOSO PACHECO;ITAPIRANGA;TECNICO EM AGROPECUARIA;; ESTATUTARIO;5296,57;;5296,57;786,11;4510,46;
VALDECIO DA SILVA GOMES;IPIXUNA;GERENTE;; CARGO COMISSION.S/VINCULO;4509,79;;4509,79;613,40;3896,39;
VALDEMIR BAIA SOARES;DIR.DE ASSIST.TEC.E EXT.RURAL;A.TEC-III;; ESTATUTARIO;5299,88;;5299,88;784,16;4515,72;
VALDENIZA PRAIANO DE SOUZA;DIRETORIA ADMINIST.FINANCEIRA;TECNICO EM CONTABILIDADE;; ESTATUTARIO;4320,15;;4320,15;602,00;3718,15;
VALDENOR PEREIRA DE AZEVEDO;BORBA;AUXILIAR DE SERVICOS GERAIS;; ESTATUTARIO;3100,35;;3100,35;253,04;2847,31;
VALDERLINE DE SOUZA TOME;ANORI;GERENTE;NAO INFORMADO; CARGO COMISSION.S/VINCULO;4509,79;;4509,79;670,28;3839,51;
VALDO DE OLIVEIRA E SILVA;NOVA OLINDA DO NORTE;GERENTE;; CARGO COMISSION.S/VINCULO;4509,79;;4509,79;641,84;3867,95;
VALERIA NOGUEIRA DE JESUS;DIR.DE ASSIST.TEC.E EXT.RURAL;A.TEC-III;; ESTATUTARIO;8678,88;;8678,88;2059,51;6619,37;
VASCO BENTO DOS SANTOS RIBEIRO;GABINETE;TECNICO EM AGROPECUARIA;; ESTATUTARIO;4274,94;;4274,94;613,10;3661,84;
VICENTE MARQUES DA SILVA FILHO;NOVA OLINDA DO NORTE;TECNICO EM AGROPECUARIA;; ESTATUTARIO;6680,39;;6680,39;1169,10;5511,29;
VILDO PEDRO TEIXEIRA;BARREIRINHA;MOTORISTA;; ESTATUTARIO;3302,39;;3302,39;375,80;2926,59;
WALDIR EUGENIO DE SOUZA;PROCURADORIA JURIDICA;GERENTE;NAO INFORMADO; CARGO COMISSION.S/VINCULO;4509,79;;4509,79;670,28;3839,51;
WALDOMIRO BORGES DE ARAUJO;NOVO AIRAO;ASSISTENTE TECNICO;; ESTATUTARIO;4576,24;;4576,24;576,16;4000,08;
WALTER RIBEIRO DE CARVALHO;DIRETORIA ADMINIST.FINANCEIRA;ENGENHEIRO AGRONOMO;; ESTATUTARIO;15231,15;;15231,15;4028,36;11202,79;
WANDERLEY HOLLANDA CAVALCANTE;PARINTINS;SOCIOLOGO;; ESTATUTARIO;7799,43;;7799,43;1647,31;6152,12;
WASHINGTON LUIS AGUIAR;DIR.DE ASSIST.TEC.E EXT.RURAL;ENGENHEIRO AGRONOMO;GERENTE AD/2; ESTATUTARIO;12411,31;;12411,31;3322,76;9088,55;
ZACARIAS DA SILVA GONDIM;IRANDUBA;TECNICO EM AGROPECUARIA;; ESTATUTARIO;5018,73;;5018,73;699,32;4319,41;
