NOME;LOTACAO;CARGO;FUNCAO;VINCULO;REMUNERACAO LEGAL TOTAL(R$);DESC.TETO(R$); REMUNERACAO LEGAL DEVIDA(R$);DESCONTOS LEGAIS(R$);LIQUIDO DISPONIVEL(R$);
ÁTRIO CHAGAS DE SOUZA;CARAUARI;ASSESSOR II;NAO INFORMADO; CARGO COMISSION.S/VINCULO;4509,79;;4509,79;670,28;3839,51;
ABDON BATISTA LEITE NETO;DIRETORIA ADMINIST.FINANCEIRA;MOT-III;; ESTATUTARIO;3147,31;;3147,31;331,76;2815,55;
ADEMIR CAPRA;MANACAPURU;MOTORISTA;; ESTATUTARIO;4661,45;;4661,45;581,43;4080,02;
ADEMIR VIANA BENTES;MAUES;TECNICO EM AGROPECUARIA;; ESTATUTARIO;5296,57;;5296,57;786,11;4510,46;
ADERALDO CRAVEIRO MACIEL;TABATINGA;MOTORISTA;; ESTATUTARIO;3627,07;;3627,07;337,51;3289,56;
ADEVALDO ANTONIO CAMPINAS SANTOS;ALVARAES;TECNICO EM AGROPECUARIA;; ESTATUTARIO;5104,57;;5104,57;720,48;4384,09;
ADOMILTON MONTEFUSCO LIMA;NOVO AIRAO;TECNICO EM AGROPECUARIA;; ESTATUTARIO;5296,57;;5296,57;828,77;4467,80;
ADRIANA ALVES MACHADO GRACA;BORBA;TECNICO EM AGROPECUARIA;; ESTATUTARIO;5296,57;;5296,57;743,46;4553,11;
ADRIANILSON GOES DE SOUZA;PARINTINS;ENGENHEIRO AGRONOMO;GERENTE; ESTATUTARIO;12477,35;;12477,35;3421,13;9056,22;
AFRANIO CONCEICAO DA SILVA;BARREIRINHA;TECNICO EM AGROPECUARIA;; ESTATUTARIO;5296,57;;5296,57;871,43;4425,14;
AGLEI DUQUES MACIEL;DIR.DE ASSIST.TEC.E EXT.RURAL;T.AG-III;; ESTATUTARIO;4797,64;;4797,64;678,61;4119,03;
ALBERTO ALVES EDWARDS;CODAJAS;TECNICO EM AGROPECUARIA;; ESTATUTARIO;5259,55;;5259,55;913,01;4346,54;
ALCELENE SALERNO GOMES DE LIMA;CAREIRO DA VARZEA;GERENTE;NAO INFORMADO; CARGO COMISSION.S/VINCULO;4509,79;;4509,79;613,40;3896,39;
ALCIMAR DAS MERCES RIBEIRO;BARCELOS;GERENTE;NAO INFORMADO; CARGO COMISSION.S/VINCULO;4509,79;;4509,79;584,96;3924,83;
ALDAIR SILVA OLIVEIRA;PRESIDENTE FIGUEIREDO;TECNICO EM AGROPECUARIA;; ESTATUTARIO;5002,86;;5002,86;780,30;4222,56;
ALDENIR SILVA DE ARAUJO;MANACAPURU;ASSISTENTE TECNICO;; ESTATUTARIO;4870,87;;4870,87;701,59;4169,28;
ALDENIRA SANTOS DA COSTA;ASSESSORIA;ASSESSOR III;NAO INFORMADO; CARGO COMISSION.S/VINCULO;3491,80;;3491,80;422,40;3069,40;
ALDIZIO DE SOUZA LIMEIRA;HUMAITA;MOTORISTA;; ESTATUTARIO;3579,18;;3579,18;324,44;3254,74;
ALFEU FERRAZ FILHO;DIR.DE ASSIST.TEC.E EXT.RURAL;ENGENHEIRO DE PESCA;GERENTE AD/2; ESTATUTARIO;11386,13;;11386,13;2994,11;8392,02;
ALFREDO DA SILVA PINHEIRO;DIR.DE ASSIST.TEC.E EXT.RURAL;ENGENHEIRO AGRONOMO;CHEFE DE DEPARTAMENT; ESTATUTARIO;13402,75;;13402,75;3594,79;9807,96;
ANA PATRICIA DE SOUZA MARTINS;PROCURADORIA JURIDICA;A.TEC-III;; ESTATUTARIO;3696,84;;3696,84;472,33;3224,51;
ANA PAULA CARDOSO QUEIROZ DE PAIVA;DIR.DE ASSIST.TEC.E EXT.RURAL;ENGENHEIRO FLORESTAL;; ESTATUTARIO;9956,62;;9956,62;2452,05;7504,57;
ANDREA CUNHA NOGUEIRA;DEPARTAMENTO DE PLANEJAMENTO;GERENTE;NAO INFORMADO; CARGO COMISSION.S/VINCULO;4509,79;;4509,79;641,84;3867,95;
ANGELA CONCEICAO PAES;DIR.DE ASSIST.TEC.E EXT.RURAL;TECNICO EM CONTABILIDADE;TEC.DE CONTABILIDADE; ESTATUTARIO;4428,04;;4428,04;570,22;3857,82;
ANGELA GONCALVES DE ANDRADE;DIRETORIA DE FOMENTO;AGENTE ADMINISTRATIVO;; ESTATUTARIO;4330,91;;4330,91;546,57;3784,34;
ANTONIO AFONSO DA FONSECA PINTO;CAREIRO;TECNICO EM AGROPECUARIA;; ESTATUTARIO;5107,29;;5107,29;658,81;4448,48;
ANTONIO CARLOS LACERDA DE SOUZA;LABREA;ASSISTENTE TECNICO;; ESTATUTARIO;4665,25;;4665,25;727,26;3937,99;
ANTONIO CLARET MAGALHAES FERREIRA;DIR.DE ASSIST.TEC.E EXT.RURAL;ENGENHEIRO AGRONOMO;GERENTE AD/2; ESTATUTARIO;12389,33;;12389,33;3314,86;9074,47;
ANTONIO CLAUDIO RODRIGUES DE SA;DIRETORIA DE FOMENTO;TECNICO EM AGROPECUARIA;; ESTATUTARIO;4564,15;;4564,15;683,88;3880,27;
ANTONIO GARGANTA DOMINGUES FILHO;ITACOATIARA;TECNICO EM AGROPECUARIA;; ESTATUTARIO;5525,70;;5525,70;903,45;4622,25;
ANTONIO JANDIR CONTENTE MORAIS;DIR.DE ASSIST.TEC.E EXT.RURAL;TNS-III;; ESTATUTARIO;12213,29;;12213,29;3373,62;8839,67;
ANTONIO LUIZ BARBOSA DE OLIVEIRA;MANACAPURU;ENGENHEIRO AGRONOMO;; ESTATUTARIO;7921,65;;7921,65;1717,10;6204,55;
ANTONIO MARQUES DE LIMA SOBRINHO;IRANDUBA;MOTORISTA FLUVIAL;; ESTATUTARIO;3496,89;;3496,89;376,89;3120,00;
ANTONIO PAZ DOS SANTOS;DIRETORIA ADMINIST.FINANCEIRA;VIGIA;; ESTATUTARIO;2947,33;;2947,33;295,64;2651,69;
ANTONIO SILVA DE HOLANDA;MANAQUIRI;AGENTE ADMINISTRATIVO;; ESTATUTARIO;5806,75;;5806,75;934,50;4872,25;
ANTÔNIO MARCOS BATISTA;BARREIRINHA;GERENTE;NAO INFORMADO; CARGO COMISSION.S/VINCULO;4509,79;;4509,79;641,84;3867,95;
ARCENIO JOSE LOBATO JUNIOR;MAUES;TECNICO EM AGROPECUARIA;; ESTATUTARIO;5296,57;;5296,57;871,43;4425,14;
ARI BATISTA DA COSTA;IRANDUBA;ENGENHEIRO AGRONOMO;; ESTATUTARIO;10419,86;;10419,86;2636,18;7783,68;
ARLETE DOS SANTOS COELHO;FONTE BOA;ASSISTENTE TECNICO;ASSISTENTE TECNICO; ESTATUTARIO;4363,83;;4363,83;587,99;3775,84;
ARLINDO ELIAS REGIS;DIR.DE ASSIST.TEC.E EXT.RURAL;OPERADOR DE MAQUINA;; ESTATUTARIO;2936,20;;2936,20;323,15;2613,05;
ARLINDO RODRIGUES DOS SANTOS FILHO;BOA VISTA DO RAMOS;TECNICO EM AGROPECUARIA;GERENTE; ESTATUTARIO;6480,45;;6480,45;1188,86;5291,59;
ARMANDO JORGE LUZ DA SILVA;DIR.DE ASSIST.TEC.E EXT.RURAL;ECONOMISTA;DIR DE PLAN INST; ESTATUTARIO;23028,60;;23028,60;5830,18;17198,42;
ATENOR COSTA DE LIMA;BOCA DO ACRE;TECNICO EM AGROPECUARIA;; ESTATUTARIO;5296,57;;5296,57;871,43;4425,14;
AUGUSTO CESAR SANTANA DE ABREU;DIRETORIA ADMINIST.FINANCEIRA;AGENTE ADMINISTRATIVO;; ESTATUTARIO;4018,11;;4018,11;545,84;3472,27;
AUGUSTO RUBENS PEREIRA DA COSTA;PARINTINS;TECNICO EM AGROPECUARIA;; ESTATUTARIO;5629,61;;5629,61;881,77;4747,84;
AUREO ENRIQUE SANTOS CARVALHO;CAAPIRANGA;GERENTE;NAO INFORMADO; CARGO COMISSION.S/VINCULO;4509,79;;4509,79;641,84;3867,95;
BENJAMIN RODRIGUES DA COSTA;ANORI;MOTORISTA;; ESTATUTARIO;3530,11;;3530,11;384,98;3145,13;
CARLOS ALBERTO CRUZ FARIAS;BERURI;TECNICO EM AGROPECUARIA;; ESTATUTARIO;5052,18;;5052,18;549,20;4502,98;
CARLOS ALBERTO SOARES DE MAGALHAES;DIR.DE ASSIST.TEC.E EXT.RURAL;ENGENHEIRO AGRONOMO;; ESTATUTARIO;9487,27;;9487,27;2389,82;7097,45;
CARLOS ALBERTO VALES PEREIRA;BORBA;ASSESSOR III;NAO INFORMADO; CARGO COMISSION.S/VINCULO;3491,80;;3491,80;422,40;3069,40;
CARLOS ANTONIO PANTOJA;LABREA;ENGENHEIRO AGRONOMO;GERENTE AD/2; ESTATUTARIO;11394,00;;11394,00;3005,61;8388,39;
CARLOS AUGUSTO BARROS;ITACOATIARA;GERENTE;NAO INFORMADO; CARGO COMISSION.S/VINCULO;4509,79;;4509,79;641,84;3867,95;
CARLOS LACERDA FERREIRA F AMORIM;TEFE;TECNICO EM AGROPECUARIA;; ESTATUTARIO;5107,27;;5107,27;805,71;4301,56;
CARLOS LEILSON DA MOTA SILVA;DIRETORIA ADMINIST.FINANCEIRA;AGENTE ADMINISTRATIVO;; ESTATUTARIO;3857,89;;3857,89;434,48;3423,41;
CARLOS ROBERTO VIANA PINTO;DIRETORIA ADMINIST.FINANCEIRA;AUX.S.G-III;; ESTATUTARIO;2228,43;;2228,43;245,13;1983,30;
CLAUSAK MACIEL BONIFACIO;DIR.DE ASSIST.TEC.E EXT.RURAL;ENGENHEIRO DE PESCA;; ESTATUTARIO;9265,06;;9265,06;2258,86;7006,20;
CLEUBI JOSE DE PAULA ROL;JUTAI;MOTORISTA;; ESTATUTARIO;3120,70;;3120,70;358,34;2762,36;
CLEUDO BRASIL BERNARDO DE OLIVEIRA;MANICORE;TECNICO EM AGROPECUARIA;; ESTATUTARIO;5111,66;;5111,66;674,26;4437,40;
CRISTINA ZULMA ESCATE LAY;DEPTO.ASSIST.TEC.EXT.FLORESTAL;GERENTE;; CARGO COMISSION.S/VINCULO;4509,79;;4509,79;641,84;3867,95;
DALMO DE SOUZA DOS ANJOS;PROCURADORIA JURIDICA;ENGENHEIRO AGRONOMO;PROCURADOR CHEFE; ESTATUTARIO;13119,12;;13119,12;3554,89;9564,23;
DANIEL LIMA LEANDRO;AMATURA;ASSISTENTE TECNICO PNM.ANM-III;GERENTE; ESTATUTARIO;5828,48;;5828,48;772,87;5055,61;
DANIELA PERALES AUSIER;DEPARTAMENTO FINANCEIRO;GERENTE;NAO INFORMADO; CARGO COMISSION.S/VINCULO;4509,79;;4509,79;641,84;3867,95;
DEIVID FARIAS GOMES;MARAA;GERENTE;NAO INFORMADO; CARGO COMISSION.S/VINCULO;4509,79;;4509,79;641,84;3867,95;
DELDUQUE TOUCIMA DE ARAUJO;MANACAPURU;TECNICO EM AGROPECUARIA;; ESTATUTARIO;5027,16;;5027,16;785,07;4242,09;
DENIS ALMEIDA DE LIMA;BENJAMIN CONSTANT;GERENTE;NAO INFORMADO; CARGO COMISSION.S/VINCULO;4509,79;;4509,79;641,84;3867,95;
DENISE PAES BARBOSA;SAO SEBASTIAO DO UATUMA;GERENTE;NAO INFORMADO; CARGO COMISSION.S/VINCULO;4509,79;;4509,79;670,28;3839,51;
DIMITRI LOUZADA TORRES PORTUGAL;DIR.DE ASSIST.TEC.E EXT.RURAL;GERENTE;GERENTE AD/2; CARGO COMISSION.S/VINCULO;4509,79;;4509,79;670,28;3839,51;
DJANEIDE DA SILVA LISBOA;DIRETORIA DE FOMENTO;TECNICO EM AGROPECUARIA;; ESTATUTARIO;4459,31;;4459,31;657,99;3801,32;
DOMINGOS DE LIMA MARQUES;CAREIRO;MOTORISTA;; ESTATUTARIO;3579,51;;3579,51;397,01;3182,50;
DORATY CHAVES DE OLIVEIRA;IRANDUBA;AGENTE ADMINISTRATIVO;AGENTE ADMINISTRAT.; ESTATUTARIO;4349,15;;4349,15;584,42;3764,73;
DULCILENE OLIVEIRA DA SILVA;URUCARA;GERENTE;; DISP. OUTROS ESFERAS;4509,79;;4509,79;268,42;4241,37;
EDA MARIA OLIVA SOUZA;DIRETORIA EXECUTIVA;DIRETOR PRESIDENTE;NAO INFORMADO; CARGO COMISSION.S/VINCULO;25554,00;;25554,00;6541,18;19012,82;
EDELUZA BARBOSA DE OLIVEIRA;IRANDUBA;ENGENHEIRO AGRONOMO;; ESTATUTARIO;10440,55;;10440,55;2590,38;7850,17;
EDILENE MARIA SANTANA A KAWAKAMI;PARINTINS;AGENTE ADMINISTRATIVO 4A CLASSE;; ESTATUTARIO;4179,35;;4179,35;514,63;3664,72;
EDMAR RAIMUNDO NASCIMENTO DE SOUZA;DIRETORIA ADMINIST.FINANCEIRA;MOT-III;; ESTATUTARIO;2847,65;;2847,65;280,24;2567,41;
EDNO SOARES DA COSTA;HUMAITA;ASSISTENTE TECNICO;; ESTATUTARIO;5571,94;;5571,94;864,39;4707,55;
EDUARDO ANTONIO NEVES DOS SANTOS;URICURITUBA;GERENTE;NAO INFORMADO; CARGO COMISSION.S/VINCULO;4509,79;;4509,79;670,28;3839,51;
ELBA NOURA DE SOUZA MARINHO;DEPTO.ASSIST.TEC.EXT.FLORESTAL;ASSESSOR III;NAO INFORMADO; CARGO COMISSION.S/VINCULO;3491,80;;3491,80;422,40;3069,40;
ELCINA DE LIMA DA SILVA;NOVA OLINDA DO NORTE;ASSISTENTE TECNICO;; ESTATUTARIO;4160,58;;4160,58;610,33;3550,25;
ELIZABETH CAVALCANTE DE LIMA GOMES;TABATINGA;ASSISTENTE TECNICO;; ESTATUTARIO;4096,12;;4096,12;595,85;3500,27;
ELIZAMA BARBOSA DA SILVA;DIR.DE ASSIST.TEC.E EXT.RURAL;ASSISTENTE TECNICO;; ESTATUTARIO;5015,49;;5015,49;736,34;4279,15;
ELIZANGELA CASTRO;NOVO ARIPUANA;ASSESSOR II;NAO INFORMADO; CARGO COMISSION.S/VINCULO;4509,79;;4509,79;670,28;3839,51;
ELIZEU RODRIGUES BAIA JUNIOR;PRESIDENTE FIGUEIREDO;GERENTE;NAO INFORMADO; CARGO COMISSION.S/VINCULO;4509,79;;4509,79;670,28;3839,51;
EMERSON PEDRACA DE FRANCA;MANICORE;ASSISTENTE TECNICO;; ESTATUTARIO;4594,53;;4594,53;669,45;3925,08;
EMILIO ANDRADE REZK;ITACOATIARA;TECNICO EM AGROPECUARIA;TEC. EM AGROPECUARIA; ESTATUTARIO;5047,84;;5047,84;790,09;4257,75;
EUGENIO BORGES;MAUES;ASSESSOR II;NAO INFORMADO; CARGO COMISSION.S/VINCULO;4509,79;;4509,79;670,28;3839,51;
EUGENIO OLIVEIRA BRAS;TABATINGA;VIGIA;; ESTATUTARIO;3124,41;;3124,41;302,85;2821,56;
EURICO DE PAULO BARBOSA DA SILVA;ANAMA;GERENTE;NAO INFORMADO; CARGO COMISSION.S/VINCULO;4509,79;;4509,79;641,84;3867,95;
EVANDRO DA SILVA AZEVEDO;DIRETORIA ADMINIST.FINANCEIRA;AUXILIAR DE SERVICOS GERAIS;; ESTATUTARIO;3166,61;;3166,61;253,15;2913,46;
EVANI DA CONCEICAO TAVARES MALCHER;DIRETORIA ADMINIST.FINANCEIRA;GERENTE;GERENTE AD-2; CARGO COMISSION.S/VINCULO;4509,79;;4509,79;670,28;3839,51;
FABIANNY DE SOUZA ALENCAR DA COSTA;DEPARTAMENTO FINANCEIRO;GERENTE;NAO INFORMADO; CARGO COMISSION.S/VINCULO;4509,79;;4509,79;641,84;3867,95;
FABRIZIA MARGARIDA BARROS N SOUZA;DIRETORIA ADMINIST.FINANCEIRA;ASSISTENTE TECNICO;GERENTE; ESTATUTARIO;5247,11;;5247,11;521,72;4725,39;
FAVILLA GENTIL NETO;URUCARA;ENGENHEIRO AGRONOMO;; ESTATUTARIO;7600,62;;7600,62;1763,16;5837,46;
FERNANDO BATISTA DA SILVA;DIRETORIA ADMINIST.FINANCEIRA;AUXILIAR DE SERVICOS GERAIS;; ESTATUTARIO;2861,35;;2861,35;283,13;2578,22;
FRANCIMAR LIZARDO DOS SANTOS;SAO GABRIEL DA CACHOEIRA;GERENTE;NAO INFORMADO; CARGO COMISSION.S/VINCULO;4509,79;;4509,79;613,40;3896,39;
FRANCIOMAR DA ROCHA COSTA;DIRETORIA DE FOMENTO;OPERADOR GRAFICO;; ESTATUTARIO;4497,48;;4497,48;443,96;4053,52;
FRANCISCO ALDENEI FERREIRA PICANCO;PARINTINS;MOTORISTA;; ESTATUTARIO;3903,73;;3903,73;447,20;3456,53;
FRANCISCO BRASIL NEPONUCENO;CODAJAS;ASSESSOR III;NAO INFORMADO; CARGO COMISSION.S/VINCULO;3491,80;;3491,80;392,90;3098,90;
FRANCISCO DE ASSIS BRANDAO CARLOS;DIRETORIA ADMINIST.FINANCEIRA;ASSISTENTE TECNICO;; ESTATUTARIO;4483,22;;4483,22;583,66;3899,56;
FRANCISCO EDUARDO DE MORAIS;LABREA;TECNICO EM AGROPECUARIA;; ESTATUTARIO;5020,44;;5020,44;628,89;4391,55;
FRANCISCO LIMA DA SILVA;MANAQUIRI;TECNICO EM AGROPECUARIA;; ESTATUTARIO;5296,57;;5296,57;871,43;4425,14;
FRANCISCO MACEDO DE OLIVEIRA FILHO;DIRETORIA DE FOMENTO;TECNICO EM AGROPECUARIA;; ESTATUTARIO;4259,01;;4259,01;681,25;3577,76;
FRANCISCO OSMAR LINHARES;RIO PRETO DA EVA;ENGENHEIRO AGRONOMO;; ESTATUTARIO;9733,07;;9733,07;2291,78;7441,29;
FRANKLÂNIO DUARTE FERREIRA;TAPAUA;GERENTE;NAO INFORMADO; CARGO COMISSION.S/VINCULO;4509,79;;4509,79;641,84;3867,95;
GEORGE MARIO GRIJO DA SILVA;DIR.DE ASSIST.TEC.E EXT.RURAL;TECNICO EM AGROPECUARIA;GERENTE; ESTATUTARIO;4796,57;;4796,57;626,36;4170,21;
GERALDO DE CARVALHO SILVA;PARINTINS;TECNICO EM AGROPECUARIA;; ESTATUTARIO;5317,25;;5317,25;927,90;4389,35;
GERALDO DOS SANTOS REIS CONCEICAO;DIRETORIA DE FOMENTO;ENGENHEIRO AGRONOMO;; ESTATUTARIO;10500,24;;10500,24;2645,31;7854,93;
GERARDO HONORIO DE BRITO;NOVA OLINDA DO NORTE;AUXILIAR DE SERVICOS GERAIS;; ESTATUTARIO;3098,01;;3098,01;286,65;2811,36;
GERMIRO JOSE GOMES DAMIAO;DIR.DE ASSIST.TEC.E EXT.RURAL;AUX.O-III;; ESTATUTARIO;2473,56;;2473,56;255,24;2218,32;
GESTER TUPINIQUIM DE SOUZA BENTES;BORBA;TECNICO EM AGROPECUARIA;; ESTATUTARIO;4762,97;;4762,97;663,23;4099,74;
GILBERTO DO NASCIMENTO RODRIGUES;MANICORE;VIGIA;; ESTATUTARIO;3124,41;;3124,41;302,85;2821,56;
GILCIANE PLACIDO BRAULE;SANTO ANTONIO DO ICA;GERENTE;; CARGO COMISSION.S/VINCULO;4509,79;;4509,79;670,28;3839,51;
GISELY DA SILVA MELO;HUMAITA;GERENTE;; CARGO COMISSION.S/VINCULO;4509,79;;4509,79;641,84;3867,95;
HELENIO ARAUJO FIGUEIREDO;DIR.DE ASSIST.TEC.E EXT.RURAL;TECNICO EM AGROPECUARIA;CHEFE DE DEPARTAMENT; ESTATUTARIO;6736,92;;6736,92;1236,54;5500,38;
HELISON RAMOS SAMPAIO;JUTAI;GERENTE;GERENTE AD-2; CARGO COMISSION.S/VINCULO;4509,79;;4509,79;670,28;3839,51;
HELTON FARIAS DA SILVA;AUTAZES;TECNICO EM AGROPECUARIA;; ESTATUTARIO;5017,60;;5017,60;783,68;4233,92;
HUGO STENIO GAMA DOS SANTOS;DIR.DE ASSIST.TEC.E EXT.RURAL;TECNICO EM AGROPECUARIA;CHEFE DE DEPARTAMENT; ESTATUTARIO;6619,59;;6619,59;1198,35;5421,24;
ILZINALDO CARVALHO GUIMARAES FILHO;DIRETORIA DE FOMENTO;TECNICO EM AGROPECUARIA;; ESTATUTARIO;4796,57;;4796,57;716,27;4080,30;
ISVALDO LIMA DA SILVA;IRANDUBA;TECNICO EM AGROPECUARIA;; ESTATUTARIO;5049,13;;5049,13;792,53;4256,60;
IVAN PONCE DE LEAO;DIRETORIA ADMINIST.FINANCEIRA;AGENTE ADMINISTRATIVO;; ESTATUTARIO;4424,57;;4424,57;606,87;3817,70;
IVANEIDE MUNIZ DOS SANTOS;DIRETORIA DE FOMENTO;AUX.S.G-III;; ESTATUTARIO;2502,20;;2502,20;242,24;2259,96;
IVO ROBERTO PEREIRA DOS SANTOS;DIR.DE ASSIST.TEC.E EXT.RURAL;TECNICO EM AGROPECUARIA;; ESTATUTARIO;4527,50;;4527,50;617,58;3909,92;
IZAQUIEL DA COSTA OLIVEIRA;GUAJARA;GERENTE;NAO INFORMADO; CARGO COMISSION.S/VINCULO;4509,79;;4509,79;613,40;3896,39;
JACINEIDE RABELO PEREIRA;DEPTO.ADMINISTRATIVO;GERENTE;NAO INFORMADO; CARGO COMISSION.S/VINCULO;4509,79;;4509,79;670,28;3839,51;
JACINTA MOREIRA COELHO;PROCURADORIA JURIDICA;EXTENSIONISTA SOCIAL;DIRETOR ADMINISTRATI; ESTATUTARIO;23028,60;;23028,60;5695,42;17333,18;
JACKSONEY LIMA DA ROCHA;COARI;GERENTE;NAO INFORMADO; CARGO COMISSION.S/VINCULO;4509,79;;4509,79;641,84;3867,95;
JAGUANHARA DE ANDRADE LOPES;DIR.DE ASSIST.TEC.E EXT.RURAL;ENGENHEIRO AGRONOMO;; ESTATUTARIO;10107,98;;10107,98;2392,81;7715,17;
JAIME GATENHA FERREIRA FILHO;VILA RICA DE CAVIANA;ASSESSOR III;ASSESSOR III AD-3; CARGO COMISSION.S/VINCULO;3491,80;;3491,80;422,40;3069,40;
JAIME VITOR DOS SANTOS;DIR.DE ASSIST.TEC.E EXT.RURAL;TECNICO EM AGROPECUARIA;GERENTE AD/2; ESTATUTARIO;6142,49;;6142,49;1069,26;5073,23;
JALPERY VIANA DE SOUZA;DIRETORIA DE FOMENTO;ASSISTENTE TECNICO;; ESTATUTARIO;4407,50;;4407,50;593,66;3813,84;
JAMES PINHEIRO DE FRANCA;ENVIRA;GERENTE;NAO INFORMADO; CARGO COMISSION.S/VINCULO;4509,79;;4509,79;641,84;3867,95;
JAMILSON PAULO BARROS LARAY;RIO PRETO DA EVA;TECNICO EM AGROPECUARIA;; ESTATUTARIO;5018,20;;5018,20;785,07;4233,13;
JANDECI ANDRADE AGUIAR;SANTA IZABEL DO RIO NEGRO;GERENTE;; CARGO COMISSION.S/VINCULO;4509,79;;4509,79;584,96;3924,83;
JANDER DE JESUS FONSECA DA SILVA;NOVO AIRAO;A.TEC-III;; ESTATUTARIO;4732,45;;4732,45;569,16;4163,29;
JANIO FERREIRA FRANCO DE AMORIM;TABATINGA;TECNICO EM AGROPECUARIA;; ESTATUTARIO;4801,23;;4801,23;804,19;3997,04;
JEAN BARROS FERREIRA;DIR.DE ASSIST.TEC.E EXT.RURAL;TECNICO EM AGROPECUARIA;; ESTATUTARIO;4418,14;;4418,14;591,09;3827,05;
JEAN FRANK CAVALCANTE MAGALHAES;IRANDUBA;TECNICO EM AGROPECUARIA;GERENTE; ESTATUTARIO;6480,45;;6480,45;903,25;5577,20;
JOÃO MENDES DOS SANTOS;ALVARAES;GERENTE;NAO INFORMADO; CARGO COMISSION.S/VINCULO;4509,79;;4509,79;584,96;3924,83;
JOAO ALMEIDA DE OLIVEIRA;ITACOATIARA;ASSISTENTE TECNICO;; ESTATUTARIO;4696,10;;4696,10;733,75;3962,35;
JOAO BOSCO ALVES DE SIQUEIRA;DIR.DE ASSIST.TEC.E EXT.RURAL;ENGENHEIRO DE PESCA;ENGENHEIRO DE PESCA; ESTATUTARIO;9660,21;;9660,21;2459,90;7200,31;
JOAO BOSCO ANDRE GORDIANO;DIR.DE ASSIST.TEC.E EXT.RURAL;TECNICO EM AGROPECUARIA;; ESTATUTARIO;4796,57;;4796,57;716,27;4080,30;
JOAO CLAUDIR DA SILVA LEITAO;IRANDUBA;TECNICO EM AGROPECUARIA;; ESTATUTARIO;5296,57;;5296,57;871,43;4425,14;
JOAO HILARIO BORGES DE BASTOS;APUI;GERENTE;GERENTE AD2; CARGO COMISSION.S/VINCULO;4509,79;;4509,79;613,40;3896,39;
JOAO NESTOR DE SOUZA HAGE;ITACOATIARA;TECNICO EM AGROPECUARIA;; ESTATUTARIO;4855,19;;4855,19;774,82;4080,37;
JORGE ANTONIO FERREIRA CARVALHO;CARAUARI;TECNICO EM AGROPECUARIA;; ESTATUTARIO;4924,80;;4924,80;557,41;4367,39;
JORGE AUGUSTO REIS MONTEIRO;DIRETORIA DE FOMENTO;TECNICO EM AGROPECUARIA;; ESTATUTARIO;4796,57;;4796,57;758,93;4037,64;
JOSÉ EDINELSON RIBEIRO DE OLIVEIRA;EIRUNEPE;GERENTE;NAO INFORMADO; CARGO COMISSION.S/VINCULO;4509,79;;4509,79;670,28;3839,51;
JOSAFA NOVAIS MACEDO;VILA EXTREMA - LABREA;GERENTE;; CARGO COMISSION.S/VINCULO;4509,79;;4509,79;584,96;3924,83;
JOSE ALFREDO FELICIANO DA SILVA;ENVIRA;ASSISTENTE TECNICO;; ESTATUTARIO;4363,83;;4363,83;559,55;3804,28;
JOSE ARIMATEIA SIMOES;URUCARA;TECNICO EM AGROPECUARIA;; ESTATUTARIO;5572,01;;5572,01;915,88;4656,13;
JOSE ARTEMIS RODRIGUES MONTECONRADO;ITAMARATI;TECNICO EM AGROPECUARIA;GERENTE AD-2; ESTATUTARIO;6480,45;;6480,45;506,36;5974,09;
JOSE BARROSO SALVIANO;DIRETORIA DE FOMENTO;AGENTE ADMINISTRATIVO;; ESTATUTARIO;4368,00;;4368,00;596,31;3771,69;
JOSE COELHO DAVILA;TABATINGA;TECNICO EM CONTABILIDADE;; ESTATUTARIO;4270,25;;4270,25;536,77;3733,48;
JOSE DE OLIVEIRA NEVES;SILVES;MOTORISTA;; ESTATUTARIO;3435,43;;3435,43;361,93;3073,50;
JOSE DE OLIVEIRA RAMOS;PARINTINS;ASSISTENTE TECNICO;; ESTATUTARIO;4568,87;;4568,87;603,03;3965,84;
JOSE DE OLIVEIRA RIBEIRO;PROCURADORIA JURIDICA;TECNICO EM AGROPECUARIA;; ESTATUTARIO;4130,74;;4130,74;651,03;3479,71;
JOSE ERISON GOES CASTRO;BARREIRINHA;MOTORISTA FLUVIAL;; ESTATUTARIO;3904,62;;3904,62;391,54;3513,08;
JOSE LIRA DO NASCIMENTO;CARAUARI;MOTORISTA;; ESTATUTARIO;3587,29;;3587,29;398,90;3188,39;
JOSE LUIS ANDRADE PINTO;BOA VISTA DO RAMOS;MOTORISTA;; ESTATUTARIO;3406,55;;3406,55;286,72;3119,83;
JOSE MARIA DE MATOS;COARI;TECNICO EM AGROPECUARIA;; ESTATUTARIO;5101,23;;5101,23;804,19;4297,04;
JOSE MARIA FERREIRA;IRANDUBA;TECNICO EM AGROPECUARIA;; ESTATUTARIO;4788,42;;4788,42;801,89;3986,53;
JOSE MARIA FRADE JUNIOR;RIO PRETO DA EVA;ENGENHEIRO AGRONOMO;GERENTE AD/2; ESTATUTARIO;11285,37;;11285,37;3019,21;8266,16;
JOSE MILTON BARBOSA FILHO;DIR.DE ASSIST.TEC.E EXT.RURAL;ENGENHEIRO AGRONOMO;DIRETOR DE ASSISTENC; ESTATUTARIO;29057,82;;29057,82;7982,24;21075,58;
JOSE NORTINO NUNES MEDEIROS;DIR.DE ASSIST.TEC.E EXT.RURAL;T.AG-III;; ESTATUTARIO;4715,08;;4715,08;696,35;4018,73;
JOSE RAIMUNDO MARINHO GARCIA;DIRETORIA DE FOMENTO;AUXILIAR DE SERVICOS GERAIS;; ESTATUTARIO;2649,29;;2649,29;267,22;2382,07;
JOSE RAIMUNDO NORONHA CALACINA;BOCA DO ACRE;MOTORISTA;; ESTATUTARIO;3579,51;;3579,51;397,01;3182,50;
JOSE RICARDO GONCALVES MACIEL;NOVO ARIPUANA;TECNICO EM AGROPECUARIA;GERENTE; ESTATUTARIO;6098,85;;6098,85;1053,50;5045,35;
JOSE SILVA MICHILES;ITAPIRANGA;TECNICO EM AGROPECUARIA;; ESTATUTARIO;5296,57;;5296,57;786,11;4510,46;
JOSE VASCONCELOS DE FARIAS NETO;CAREIRO DA VARZEA;TECNICO EM AGROPECUARIA;; ESTATUTARIO;5573,97;;5573,97;916,88;4657,09;
JOSINEI LIMA DA SILVA;AUTAZES;GERENTE;NAO INFORMADO; CARGO COMISSION.S/VINCULO;4509,79;;4509,79;613,40;3896,39;
JOSUE RAMOS DA SILVA;ITAPIRANGA;ASSESSOR III;NAO INFORMADO; CARGO COMISSION.S/VINCULO;3491,80;;3491,80;422,40;3069,40;
JULIA SANTOS DE SEIXAS;DIR.DE ASSIST.TEC.E EXT.RURAL;A.TEC-III;; ESTATUTARIO;4363,73;;4363,73;638,37;3725,36;
JULIO BELARMINO FERREIRA LINS;FONTE BOA;GERENTE;NAO INFORMADO; CARGO COMISSION.S/VINCULO;4509,79;;4509,79;613,40;3896,39;
JULIO CESAR DE LIMA GOES;SILVES;TECNICO EM AGROPECUARIA;; ESTATUTARIO;4925,25;;4925,25;679,82;4245,43;
JUNEVAL PINHEIRO CARDOSO;PARINTINS;TECNICO EM AGROPECUARIA;; ESTATUTARIO;5099,57;;5099,57;803,40;4296,17;
KÁTIA MARIA SOARES DA ROCHA;DEPARTAMENTO FINANCEIRO;ASSESSOR III;; CARGO COMISSION.S/VINCULO;3491,80;;3491,80;422,40;3069,40;
KELLY ANDREZA VASCONCELOS DE SOUZA;DEPTO.ADMINISTRATIVO;ASSESSOR I;NAO INFORMADO; CARGO COMISSION.S/VINCULO;5529,77;;5529,77;901,09;4628,68;
LAURO DE MEDEIROS MARTINS;BARREIRINHA;AUXILIAR DE SERVICOS GERAIS;; ESTATUTARIO;3411,66;;3411,66;331,94;3079,72;
LAZARO MONTEIRO REIS;DIR.DE ASSIST.TEC.E EXT.RURAL;TECNICO EM AGROPECUARIA;GERENTE AD/2; ESTATUTARIO;5826,76;;5826,76;933,38;4893,38;
LENA GUIOMAR CAVALCANTE F BARBOSA;PROCURADORIA JURIDICA;GERENTE;GERENTE AD-2; CARGO COMISSION.S/VINCULO;4509,79;;4509,79;641,84;3867,95;
LEONARDO BARBOSA DA SILVA;JURUA;GERENTE;NAO INFORMADO; CARGO COMISSION.S/VINCULO;4509,79;;4509,79;641,84;3867,95;
LICURGO MALHEIROS RODRIGUES;URUCARA;ASSISTENTE TECNICO;; ESTATUTARIO;4580,19;;4580,19;617,24;3962,95;
LOURIVALDO NASCIMENTO BARROS;BORBA;TECNICO EM AGROPECUARIA;; ESTATUTARIO;5296,57;;5296,57;786,11;4510,46;
LUCIANO LOBO PINHEIRO VAZ;NOVO REMANSO;GERENTE;GERENTE AD-2; CARGO COMISSION.S/VINCULO;5913,05;;5913,05;1121,87;4791,18;
LUCIVALDO RIBEIRO PEREIRA;PARINTINS;ENGENHEIRO DE PESCA;; ESTATUTARIO;8684,95;;8684,95;2041,40;6643,55;
LUIS ANTONIO DA SILVA CRISTO;MANAQUIRI;MOTORISTA;; ESTATUTARIO;3593,99;;3593,99;307,34;3286,65;
LUIZ ALBERTO LIRA DA CRUZ;DIR.DE ASSIST.TEC.E EXT.RURAL;TECNICO EM AGROPECUARIA;; ESTATUTARIO;4601,23;;4601,23;691,69;3909,54;
LUIZ ALDINEY ALVES DE OLIVEIRA;PRESIDENTE FIGUEIREDO;TECNICO EM AGROPECUARIA;; ESTATUTARIO;5296,57;;5296,57;719,49;4577,08;
LUIZ ANTONIO NASCIMENTO;DIR.DE ASSIST.TEC.E EXT.RURAL;TECNICO EM AGROPECUARIA;GERENTE; ESTATUTARIO;5608,68;;5608,68;919,48;4689,20;
LUIZ EUCLIDES PESSOA SOUZA;NHAMUNDA;TECNICO EM AGROPECUARIA;GERENTE AD-2; ESTATUTARIO;7922,03;;7922,03;1444,03;6478,00;
LUIZ NUNES DIAS;ENVIRA;TECNICO EM AGROPECUARIA;; ESTATUTARIO;5296,57;;5296,57;743,46;4553,11;
LUIZ ROBERTO PEREIRA DA COSTA;BOA VISTA DO RAMOS;TECNICO EM AGROPECUARIA;; ESTATUTARIO;5617,25;;5617,25;714,47;4902,78;
LUIZ ROCHA MACIEL;DIR.DE ASSIST.TEC.E EXT.RURAL;GERENTE;; CARGO COMISSION.S/VINCULO;4509,79;;4509,79;641,84;3867,95;
LUIZ VANDERLEI NEVES AZEVEDO;PAUINI;TECNICO EM AGROPECUARIA;; ESTATUTARIO;5296,57;;5296,57;871,43;4425,14;
LUIZA IREIDE BEZERRA SOUZA;GABINETE;A.TEC-III;; ESTATUTARIO;3949,94;;3949,94;526,86;3423,08;
LUZIANE CRISTINE SIQUEIRA TAVARES;DIRETORIA ADMINIST.FINANCEIRA;ASSISTENTE TECNICO;; ESTATUTARIO;3854,95;;3854,95;482,39;3372,56;
MALVINO SALVADOR;DEPTO.ASSIST.TEC.EXT.FLORESTAL;GERENTE;NAO INFORMADO; CARGO COMISSION.S/VINCULO;4509,79;;4509,79;670,28;3839,51;
MANOEL LIBORIO DA COSTA FILHO;URUCARA;ASSISTENTE TECNICO;; ESTATUTARIO;6388,91;;6388,91;1098,05;5290,86;
MANOEL LISBOA DOS SANTOS;PAUINI;GERENTE;NAO INFORMADO; CARGO COMISSION.S/VINCULO;4509,79;;4509,79;613,40;3896,39;
MANOEL PEREIRA DA SILVA;UARINI;TECNICO EM AGROPECUARIA;ASSESSOR II; ESTATUTARIO;6480,45;;6480,45;980,31;5500,14;
MARCELO FRANCA GADELHA;ITACOATIARA;TECNICO EM AGROPECUARIA;; ESTATUTARIO;5296,57;;5296,57;828,77;4467,80;
MARCOS ANTONIO CERQUEIRA;PRESIDENTE FIGUEIREDO;ENGENHEIRO DE PESCA;; ESTATUTARIO;10048,88;;10048,88;1944,00;8104,88;
MARGARETH NASCIMENTO BARROS;ITACOATIARA;ASSISTENTE TECNICO;; ESTATUTARIO;4498,37;;4498,37;588,39;3909,98;
MARIA AMELIA CENA ARROJAVE;DIRETORIA ADMINIST.FINANCEIRA;COZINHEIRO;; ESTATUTARIO;2724,41;;2724,41;285,72;2438,69;
MARIA BARBARA DE SOUZA MAGALHAES;PARINTINS;ASSISTENTE TECNICO;; ESTATUTARIO;4570,49;;4570,49;614,31;3956,18;
MARIA DAS GRACAS BARBOSA DA SILVA;DIRETORIA ADMINIST.FINANCEIRA;TNS-III;ASSESSOR III; ESTATUTARIO;6898,86;;6898,86;1403,52;5495,34;
MARIA DAS GRACAS MACHADO LOPES;PARINTINS;ASSISTENTE TECNICO;; ESTATUTARIO;6307,34;;6307,34;1019,58;5287,76;
MARIA DE LOURDES DE SOUZA;APUI;AUXILIAR DE SERVICOS GERAIS;; ESTATUTARIO;3404,27;;3404,27;329,72;3074,55;
MARIA DELZILENE VIEIRA DA COSTA;EIRUNEPE;ASSISTENTE TECNICO;; ESTATUTARIO;4868,98;;4868,98;703,72;4165,26;
MARIA DO CARMO ARAUJO;ASSESSORIA;CHEFE DE GABINETE;NAO INFORMADO; CARGO COMISSION.S/VINCULO;5529,77;;5529,77;986,40;4543,37;
MARIA DO SOCORRO FERNANDES DA SILVA;DIR.DE ASSIST.TEC.E EXT.RURAL;TECNICO EM CONTABILIDADE;; ESTATUTARIO;4996,58;;4996,58;726,57;4270,01;
MARIA EULINA BATALHA DOS ANJOS;URUCARA;ASSISTENTE TECNICO;; ESTATUTARIO;4430,20;;4430,20;604,15;3826,05;
MARIA JOSE DE MELO ANDREOLA;DIRETORIA ADMINIST.FINANCEIRA;AGENTE ADMINISTRATIVO;CHEFE DE DEPARTAMENT; ESTATUTARIO;6537,74;;6537,74;1020,12;5517,62;
MARIA LUCINEIDE DA SILVA SANTOS;DEPTO.ADMINISTRATIVO;GERENTE;NAO INFORMADO; CARGO COMISSION.S/VINCULO;4509,79;;4509,79;670,28;3839,51;
MARILDO XIMENDES DA SILVA;MANACAPURU;TECNICO EM AGROPECUARIA;; ESTATUTARIO;5296,57;;5296,57;786,11;4510,46;
MARINEZIO PESSOA DE SOUZA;NHAMUNDA;TECNICO EM AGROPECUARIA;; ESTATUTARIO;4914,91;;4914,91;753,02;4161,89;
MARIO FRANCISCO CALDAS ONO;DIR.DE ASSIST.TEC.E EXT.RURAL;TECNICO EM AGROPECUARIA;GERENTE; ESTATUTARIO;5980,45;;5980,45;1051,36;4929,09;
MARIO JORGE MACEDO CORREIA;DIRETORIA ADMINIST.FINANCEIRA;A.TEC-III;; ESTATUTARIO;3705,58;;3705,58;474,46;3231,12;
MARIO REGIS SOARES GOMES;TABATINGA;TECNICO AGRICOLA;; ESTATUTARIO;4742,57;;4742,57;623,34;4119,23;
MARISA DA COSTA BEZERRA;DIRETORIA ADMINIST.FINANCEIRA;ASSISTENTE TECNICO;; ESTATUTARIO;5046,55;;5046,55;743,29;4303,26;
MARIZA DA PAZ DANTAS RODRIGUES;CODAJAS;ASSISTENTE TECNICO;ASSISTENTE TECNICO; ESTATUTARIO;4555,47;;4555,47;634,71;3920,76;
MARLENE RAMOS REIS;COARI;ASSISTENTE TECNICO;; ESTATUTARIO;4359,34;;4359,34;530,02;3829,32;
MAURICIO BORGES;AUTAZES;TECNICO EM AGROPECUARIA;; ESTATUTARIO;5559,92;;5559,92;913,01;4646,91;
MICHELEN BRITO LOBO;DEPTO.ADMINISTRATIVO;GERENTE;; CARGO COMISSION.S/VINCULO;5913,05;;5913,05;1020,00;4893,05;
MIRTA DOS SANTOS PONTES;PRESIDENTE FIGUEIREDO;ASSISTENTE TECNICO;; ESTATUTARIO;4955,78;;4955,78;724,36;4231,42;
MOACIR ALVES MARAES;DIR.DE ASSIST.TEC.E EXT.RURAL;AUXILIAR DE SERVICOS GERAIS;; ESTATUTARIO;2598,01;;2598,01;263,37;2334,64;
MOISES DE SOUZA BRUNO;ANORI;GERENTE;NAO INFORMADO; CARGO COMISSION.S/VINCULO;4509,79;;4509,79;670,28;3839,51;
NADIELE PEREIRA PACHECO;DEPATO.DE ASSIST.TEC.EXT.RURAL;CHEFE DE DEPARTAMENTO;; CARGO COMISSION.S/VINCULO;5529,77;;5529,77;986,40;4543,37;
NEDER DE SOUZA FALCAO;IRANDUBA;TECNICO EM AGROPECUARIA;; ESTATUTARIO;5296,57;;5296,57;871,43;4425,14;
NEILA DOS SANTOS CARDOSO DUARTE;CAREIRO DA VARZEA;ASSISTENTE TECNICO;; ESTATUTARIO;4443,55;;4443,55;606,70;3836,85;
NELCYRLANE ALCANTARA CASCAES;MANAQUIRI;TECNICO EM AGROPECUARIA;; ESTATUTARIO;5296,57;;5296,57;871,43;4425,14;
NELIO DE OLIVEIRA SENA;RIO PRETO DA EVA;TECNICO EM AGROPECUARIA;; ESTATUTARIO;5296,57;;5296,57;828,77;4467,80;
NESTOR RIBEIRO NETO;TEFE;TECNICO EM AGROPECUARIA;GERENTE; ESTATUTARIO;6480,45;;6480,45;1136,73;5343,72;
NEY DE FREITAS ASSIS;BOCA DO ACRE;TECNICO EM AGROPECUARIA;GERENTE; ESTATUTARIO;8797,28;;8797,28;1804,92;6992,36;
NONATO RAIMUNDO GOMES DE ALMEIDA;EIRUNEPE;VIGIA;; ESTATUTARIO;3178,74;;3178,74;312,46;2866,28;
OCTACILIO JOSE PESSOA FERREIRA NETO;PARINTINS;MEDICO VETERINARIO;; ESTATUTARIO;8738,34;;8738,34;1884,41;6853,93;
OFIR DE SOUZA HAGE;DIRETORIA DE FOMENTO;TECNICO EM AGROPECUARIA;GERENTE AD/2; ESTATUTARIO;5791,75;;5791,75;976,29;4815,46;
OMESIAS MACEDO DOS SANTOS;URUCARA;TECNICO EM AGROPECUARIA;; ESTATUTARIO;5018,20;;5018,20;742,41;4275,79;
ORDIVAL LEITE RUBIM FILHO;DIRETORIA ADMINIST.FINANCEIRA;A.TEC-III;; ESTATUTARIO;4249,94;;4249,94;498,42;3751,52;
ORLANDO JUSTINO DA COSTA;DIR.DE ASSIST.TEC.E EXT.RURAL;A.TEC-III;; ESTATUTARIO;3699,75;;3699,75;473,04;3226,71;
ORLANDO PEREIRA ANTUNES;BOA VISTA DO RAMOS;ASSISTENTE TECNICO;; ESTATUTARIO;4354,92;;4354,92;557,38;3797,54;
OSIMAR DA SILVA OLIVEIRA;AUTAZES;MED.V-III;; ESTATUTARIO;8238,21;;8238,21;1811,26;6426,95;
OSMAR DE SOUZA MENEZES;EIRUNEPE;ASSISTENTE TECNICO;; ESTATUTARIO;4956,91;;4956,91;681,70;4275,21;
OSMAR LIRA DE CARVALHO;DIRETORIA ADMINIST.FINANCEIRA;AUXILIAR DE SERVICOS GERAIS;; ESTATUTARIO;2861,29;;2861,29;283,12;2578,17;
OZENILDO OLIVEIRA MINEIRO;DIRETORIA DE FOMENTO;TECNICO EM AGROPECUARIA;; ESTATUTARIO;4796,57;;4796,57;716,27;4080,30;
PAULO CESAR FERREIRA DA SILVA;MATUPI;ASSESSOR II;NAO INFORMADO; CARGO COMISSION.S/VINCULO;4509,79;;4509,79;670,28;3839,51;
PAULO FERREIRA GALVAO;DIR.DE ASSIST.TEC.E EXT.RURAL;ENGENHEIRO CIVIL;; ESTATUTARIO;10014,15;;10014,15;2344,41;7669,74;
PAULO RAMOS ROLIM;DIR.DE ASSIST.TEC.E EXT.RURAL;ENGENHEIRO DE PESCA;; ESTATUTARIO;11150,47;;11150,47;2820,38;8330,09;
PAULO SOARES COSTA;MANAQUIRI;ENGENHEIRO AGRONOMO;; ESTATUTARIO;8508,98;;8508,98;1911,20;6597,78;
PEDRO CASTRO DA SILVA;URUCARA;AUXILIAR TECNICO;; ESTATUTARIO;4760,06;;4760,06;490,34;4269,72;
PEDRO CHAVES DA SILVA;DIR.DE ASSIST.TEC.E EXT.RURAL;GERENTE;; CARGO COMISSION.S/VINCULO;4509,79;;4509,79;613,40;3896,39;
PEDRO HAMILTON MARQUES DE OLIVEIRA;ENVIRA;TECNICO EM AGROPECUARIA;; ESTATUTARIO;5296,57;;5296,57;661,64;4634,93;
PEDRO RODRIGUES REINALDO FILHO;JAPURA;GERENTE;NAO INFORMADO; CARGO COMISSION.S/VINCULO;4509,79;;4509,79;641,84;3867,95;
PERPETUO SOCORRO DE OLIVEIRA LOPES;PARINTINS;TECNICO EM CONTABILIDADE;; ESTATUTARIO;4680,53;;4680,53;730,06;3950,47;
PLACIDO DA SILVA RAMOS FILHO;MANACAPURU;ENGENHEIRO AGRONOMO;; ESTATUTARIO;10484,33;;10484,33;2128,71;8355,62;
QUÊNIA DE SOUZA BARROS;DEPARTAMENTO DE PLANEJAMENTO;GERENTE;NAO INFORMADO; CARGO COMISSION.S/VINCULO;4509,79;;4509,79;670,28;3839,51;
RAIMUNDA GONCALVES DA CUNHA;CAREIRO;AGENTE ADMINISTRATIVO;; ESTATUTARIO;4273,22;;4273,22;565,93;3707,29;
RAIMUNDA MARIA RODRIGUES DA SILVA;DIRETORIA DE FOMENTO;A.TEC-III;; ESTATUTARIO;4070,49;;4070,49;528,38;3542,11;
RAIMUNDO DA SILVA QUEIROZ;CODAJAS;MOTORISTA;; ESTATUTARIO;3406,55;;3406,55;355,41;3051,14;
RAIMUNDO FRANCISCO DA S CORDEIRO;CANUTAMA;GERENTE;NAO INFORMADO; CARGO COMISSION.S/VINCULO;4509,79;;4509,79;613,40;3896,39;
RAIMUNDO GERSON SOUZA DA COSTA;DIRETORIA DE FOMENTO;ENGENHEIRO FLORESTAL;; ESTATUTARIO;16242,50;;16242,50;4600,83;11641,67;
RAIMUNDO MACIEL DE OLIVEIRA;DIRETORIA DE FOMENTO;MOTORISTA;; ESTATUTARIO;3387,79;;3387,79;371,83;3015,96;
RAIMUNDO MENDES LEAL FILHO;MAUES;TECNICO EM AGROPECUARIA;; ESTATUTARIO;5296,57;;5296,57;871,43;4425,14;
RAIMUNDO NONATO DE LIMA LYRA;DIRETORIA ADMINIST.FINANCEIRA;ASSISTENTE TECNICO;; ESTATUTARIO;3714,33;;3714,33;476,59;3237,74;
RAIMUNDO NONATO RIBEIRO AMBROSIO;CAREIRO;AUX.O-III;; ESTATUTARIO;3028,43;;3028,43;288,58;2739,85;
RAIMUNDO OBERTO CASCAES;MANAQUIRI;MOTORISTA;; ESTATUTARIO;3885,26;;3885,26;442,88;3442,38;
RAIMUNDO OSCAR VIEIRA DE OLIVEIRA;PARINTINS;TECNICO EM AGROPECUARIA;; ESTATUTARIO;5069,52;;5069,52;797,02;4272,50;
RAIMUNDO PEREIRA AMORIM;DIR.DE ASSIST.TEC.E EXT.RURAL;TECNICO EM AGROPECUARIA;; ESTATUTARIO;4608,31;;4608,31;694,27;3914,04;
RAIMUNDO VIEIRA DA SILVA;DIR.DE ASSIST.TEC.E EXT.RURAL;PEDAGOGO;; ESTATUTARIO;7852,17;;7852,17;1639,09;6213,08;
RAIMUNDO ZOROASTRO N BRANDAO;TABATINGA;TECNICO AGRICOLA;; ESTATUTARIO;4742,57;;4742,57;623,34;4119,23;
REDINE CLAUDIO XAVIER;ENVIRA;TECNICO EM AGROPECUARIA;; ESTATUTARIO;5065,03;;5065,03;576,16;4488,87;
REGIMARA ALVES BREVES;DIRETORIA ADMINIST.FINANCEIRA;AGENTE ADMINISTRATIVO;GERENTE AD/2; ESTATUTARIO;5604,99;;5604,99;775,49;4829,50;
RENATA MAGNENTI LUCIANO SANTOS;DEPTO.DE OPERACOES TECNICAS;GERENTE;NAO INFORMADO; CARGO COMISSION.S/VINCULO;4509,79;;4509,79;670,28;3839,51;
RENATO ALVES DE ARAUJO;ITACOATIARA;AUX.O-III;; ESTATUTARIO;3338,91;;3338,91;329,23;3009,68;
RENATO MARQUES DO NASCIMENTO;DIRETORIA ADMINIST.FINANCEIRA;AUXILIAR DE SERVICOS GERAIS;; ESTATUTARIO;2598,01;;2598,01;252,78;2345,23;
RENATO PALMA DE LIMA;BORBA;ASSISTENTE TECNICO;; ESTATUTARIO;4930,08;;4930,08;717,09;4212,99;
RICARDO DE SOUZA SOBREIRA;MANAQUIRI;GERENTE;NAO INFORMADO; CARGO COMISSION.S/VINCULO;4509,79;;4509,79;530,18;3979,61;
RICKSON DA CRUZ VALENTE;PARINTINS;TECNICO EM AGROPECUARIA;; ESTATUTARIO;4914,97;;4914,97;710,38;4204,59;
RIGONEY DA SILVA NASCIMENTO;MANICORE;GERENTE;NAO INFORMADO; CARGO COMISSION.S/VINCULO;4509,79;;4509,79;641,84;3867,95;
RITA CELIA DE SIQUEIRA C ARAUJO;DIR.DE ASSIST.TEC.E EXT.RURAL;TNS-III;; ESTATUTARIO;5754,22;;5754,22;1160,54;4593,68;
ROBERTO AIRES EDWARDS DE OLIVEIRA;CAREIRO DA VARZEA;TECNICO EM AGROPECUARIA;; ESTATUTARIO;5296,57;;5296,57;871,43;4425,14;
ROBERTO VANDERLEI DE ARRUDA;APUI;AGENTE ADMINISTRATIVO;; ESTATUTARIO;4995,79;;4995,79;730,97;4264,82;
RODERICO DE LIMA LIMEIRA;MANICORE;MOTORISTA;; ESTATUTARIO;4673,11;;4673,11;584,80;4088,31;
ROLANGIO PEREIRA DE SOUSA;IRANDUBA;ENGENHEIRO AGRONOMO;; ESTATUTARIO;8386,99;;8386,99;1934,22;6452,77;
ROMUALDO FIGUEIREDO RAMOS;MANACAPURU;TECNICO EM AGROPECUARIA;GERENTE; ESTATUTARIO;6306,32;;6306,32;1109,34;5196,98;
ROSALBINA MOURA CAVALCANTE;DIRETORIA ADMINIST.FINANCEIRA;AUX.S.G-III;; ESTATUTARIO;2773,56;;2773,56;269,46;2504,10;
ROSEMIRO PICANCO ROCHA FILHO;PARINTINS;TECNICO EM CONTABILIDADE;TEC.DE CONTABILIDADE; ESTATUTARIO;4978,53;;4978,53;685,58;4292,95;
ROSENAY DA SILVA DOMINGUES;ITACOATIARA;ASSISTENTE TECNICO;; ESTATUTARIO;4655,61;;4655,61;724,36;3931,25;
ROSILQUE MENDES DE FRANCA;SILVES;GERENTE;GERENTE AD-2; CARGO COMISSION.S/VINCULO;5913,05;;5913,05;1069,73;4843,32;
ROSINEI SOUSA DA SILVA;BORBA;GERENTE;; CARGO COMISSION.S/VINCULO;5913,05;;5913,05;1121,87;4791,18;
RUI LIMA DE SOUZA;IRANDUBA;TECNICO EM AGROPECUARIA;; ESTATUTARIO;5064,83;;5064,83;795,77;4269,06;
RUI PEREIRA SAMPAIO;URUCARA;A.TEC-III;; ESTATUTARIO;5133,29;;5133,29;741,68;4391,61;
RÔMULO J NIOR ALVES DA SILVA;CASTANHO;GERENTE;NAO INFORMADO; CARGO COMISSION.S/VINCULO;4509,79;;4509,79;641,84;3867,95;
SCHIRLEY ELVIRA PINTO ATAIDE;ITACOATIARA;TECNICO EM AGROPECUARIA;; ESTATUTARIO;5296,57;;5296,57;828,77;4467,80;
SEBASTIAO DA SILVA GOMES;DIRETORIA ADMINIST.FINANCEIRA;AUXILIAR DE SERVICOS GERAIS;; ESTATUTARIO;2598,01;;2598,01;252,78;2345,23;
SEBASTIAO DIAS DE MENDONCA;DIR.DE ASSIST.TEC.E EXT.RURAL;ENGENHEIRO AGRONOMO;GERENTE AD/2; ESTATUTARIO;15939,65;;15939,65;4295,87;11643,78;
SEBASTIAO JOSE PINHEIRO DA PAIXAO;IRANDUBA;CAD-III;; ESTATUTARIO;4589,91;;4589,91;579,49;4010,42;
SEBASTIAO ROQUE DA CRUZ;DIRETORIA DE FOMENTO;TECNICO EM AGROPECUARIA;; ESTATUTARIO;5161,62;;5161,62;819,60;4342,02;
SERGIO AUGUSTO FROES CAVALCANTE;ITAPIRANGA;TECNICO EM AGROPECUARIA;; ESTATUTARIO;5296,57;;5296,57;720,84;4575,73;
SERGIO ROCHA MUNIZ;DIR.DE ASSIST.TEC.E EXT.RURAL;MEDICO VETERINARIO;; ESTATUTARIO;7387,78;;7387,78;1579,09;5808,69;
SIDNEY HERNANI DE OLIVEIRA;CODAJAS;TECNICO EM AGROPECUARIA;; ESTATUTARIO;5014,31;;5014,31;741,20;4273,11;
SILDOVERIO ALMEIDA TUNDIS;DIR.DE ASSIST.TEC.E EXT.RURAL;ENG-III;; ESTATUTARIO;12824,67;;12824,67;3266,97;9557,70;
SILVIA CHRISTINA DOMINGUES DE ABREU;DIR.DE ASSIST.TEC.E EXT.RURAL;ENGENHEIRO AGRONOMO;; ESTATUTARIO;8354,30;;8354,30;1883,63;6470,67;
SUZAMAR DA SILVA SANTOS;DIR.DE ASSIST.TEC.E EXT.RURAL;AUXILIAR TECNICO;; ESTATUTARIO;4258,77;;4258,77;609,16;3649,61;
TADEU VELOSO PACHECO;NOVO AIRAO;TECNICO EM AGROPECUARIA;; ESTATUTARIO;5296,57;;5296,57;786,11;4510,46;
TAINAH BRUNA TEIXEIRA DE SOUSA;TABATINGA;GERENTE;NAO INFORMADO; CARGO COMISSION.S/VINCULO;4509,79;;4509,79;670,28;3839,51;
VALDECIO DA SILVA GOMES;IPIXUNA;GERENTE;; CARGO COMISSION.S/VINCULO;4509,79;;4509,79;613,40;3896,39;
VALDEMIR BAIA SOARES;DIR.DE ASSIST.TEC.E EXT.RURAL;A.TEC-III;; ESTATUTARIO;4145,17;;4145,17;545,87;3599,30;
VALDENIZA PRAIANO DE SOUZA;DIRETORIA ADMINIST.FINANCEIRA;TECNICO EM CONTABILIDADE;; ESTATUTARIO;4320,15;;4320,15;602,00;3718,15;
VALDENOR PEREIRA DE AZEVEDO;BORBA;AUXILIAR DE SERVICOS GERAIS;; ESTATUTARIO;3100,35;;3100,35;287,07;2813,28;
VALDERLINE DE SOUZA TOME;CODAJAS;GERENTE;NAO INFORMADO; CARGO COMISSION.S/VINCULO;4509,79;;4509,79;670,28;3839,51;
VALDIMAR NASCIMENTO AIAMBO;SAO PAULO DE OLIVENCA;GERENTE;; DISP. OUTROS ESFERAS;4509,79;;4509,79;311,07;4198,72;
VALDO DE OLIVEIRA E SILVA;NOVA OLINDA DO NORTE;GERENTE;; CARGO COMISSION.S/VINCULO;4509,79;;4509,79;641,84;3867,95;
VALERIA NOGUEIRA DE JESUS;DIR.DE ASSIST.TEC.E EXT.RURAL;A.TEC-III;; ESTATUTARIO;3392,95;;3392,95;471,38;2921,57;
VANDRICIA GOMES BARROSO;ATALAIA DO NORTE;GERENTE;NAO INFORMADO; CARGO COMISSION.S/VINCULO;4509,79;;4509,79;641,84;3867,95;
VICENTE MARQUES DA SILVA FILHO;NOVA OLINDA DO NORTE;TECNICO EM AGROPECUARIA;; ESTATUTARIO;5559,55;;5559,55;913,01;4646,54;
WALDIR EUGENIO DE SOUZA;PROCURADORIA JURIDICA;GERENTE;NAO INFORMADO; CARGO COMISSION.S/VINCULO;4509,79;;4509,79;670,28;3839,51;
WALDOMIRO BORGES DE ARAUJO;NOVO AIRAO;ASSISTENTE TECNICO;; ESTATUTARIO;4576,24;;4576,24;639,44;3936,80;
WALTER RIBEIRO DE CARVALHO;DIRETORIA ADMINIST.FINANCEIRA;ENGENHEIRO AGRONOMO;; ESTATUTARIO;14931,15;;14931,15;4080,50;10850,65;
WANDERLEY HOLLANDA CAVALCANTE;PARINTINS;SOCIOLOGO;; ESTATUTARIO;10273,10;;10273,10;2379,70;7893,40;
WASHINGTON LUIS AGUIAR;DIR.DE ASSIST.TEC.E EXT.RURAL;ENGENHEIRO AGRONOMO;GERENTE AD/2; ESTATUTARIO;15974,80;;15974,80;4302,72;11672,08;
ZACARIAS DA SILVA GONDIM;IRANDUBA;TECNICO EM AGROPECUARIA;; ESTATUTARIO;6591,00;;6591,00;1196,43;5394,57;
