NOME;LOTACAO;CARGO;FUNCAO;VINCULO;REMUNERACAO LEGAL TOTAL(R$);DESC.TETO(R$); REMUNERACAO LEGAL DEVIDA(R$);DESCONTOS LEGAIS(R$);LIQUIDO DISPONIVEL(R$);
ADELIA EMANUELLY LIMA DOS SANTOS;PENSIONISTA ESPECIAL;PENSIONISTA;PENSAO ESPECIAL; PENSAO POR ORDEM JUDICIAL;332,66;;332,66;;332,66;
ALAN SOUZA DA ROCHA;PENSIONISTA ESPECIAL;PENSIONISTA;; PENSAO POR DECRETO;998,00;;998,00;;998,00;
ALCILENE BARBOSA CENA;PENSIONISTA ESPECIAL;PENSIONISTA;PENSÃO ESPECIAL; PENSAO POR ORDEM JUDICIAL;166,33;;166,33;;166,33;
ALDENISES VIEIRA DOS SANTOS;PENSIONISTA ESPECIAL;PENSIONISTA;PENSÃO ESPECIAL; PENSAO POR ORDEM JUDICIAL;499,00;;499,00;;499,00;
ALDO MORAES JUNIOR;PENSIONISTA ESPECIAL;PENSIONISTA;; PENSAO POR DECRETO;20650,42;;20650,42;;20650,42;
ALEXSANDER LIMA BATISTA;PENSIONISTA ESPECIAL;PENSIONISTA;; PENSAO POR ORDEM JUDICIAL;998,00;;998,00;;998,00;
ALEXSANDRO DOUGLAS BATISTA VIEIRA;PENSIONISTA ESPECIAL;PENSIONISTA;; PENSAO POR DECRETO;802,79;;802,79;;802,79;
ALEXSSANDRA DOS ANJOS MELO;PENSIONISTA ESPECIAL;PENSIONISTA;; PENSAO POR ORDEM JUDICIAL;499,00;;499,00;;499,00;
ALICE CATARINA MORAES;PENSIONISTA ESPECIAL;PENSIONISTA;; PENSAO POR DECRETO;20650,42;;20650,42;;20650,42;
ALIETE BORGES COELHO;PENSIONISTA ESPECIAL;PENSIONISTA;; PENSAO POR DECRETO;35462,22;;35462,22;;35462,22;
AMADEU THIAGO DE MELLO;PENSIONISTA ESPECIAL;PENSIONISTA;; PENSAO POR LEI;7096,75;;7096,75;;7096,75;
AMAZILES MOURA CAVALCANTE;PENSIONISTA ESPECIAL;PENSIONISTA;; PENSAO POR DECRETO;998,00;;998,00;;998,00;
AMAZONINO ARMANDO MENDES;PENSIONISTA ESPECIAL;PENSIONISTA EX-GOVERNADOR;; PENSAO POR LEI;35462,22;;35462,22;;35462,22;
AMETHISTA DA COSTA LAVAREDO;PENSIONISTA ESPECIAL;PENSIONISTA;; PENSAO POR DECRETO;1200,00;;1200,00;;1200,00;
ANA BEATRIZ PEREIRA DA SILVA;PENSIONISTA ESPECIAL;PENSIONISTA;PENSAO ESPECIAL; PENSAO POR ORDEM JUDICIAL;133,06;;133,06;;133,06;
ANA BIANCA PEREIRA DA SILVA;PENSIONISTA ESPECIAL;PENSIONISTA;PENSAO ESPECIAL; PENSAO POR ORDEM JUDICIAL;133,06;;133,06;;133,06;
ANA CRISTINA ANTONY DE OLIVEIRA;PENSIONISTA ESPECIAL;SUB-SECRETARIO DE ESTADO;; PENSAO POR DECRETO;11700,00;;11700,00;2348,14;9351,86;
ANA CRISTINA GUEDES DA SILVA;PENSIONISTA ESPECIAL;PENSIONISTA;PENSAO ESPECIAL; PENSAO POR DECRETO;332,63;;332,63;;332,63;
ANDREW CORREA DE ABREU;PENSIONISTA ESPECIAL;PENSIONISTA;; PENSAO POR DECRETO;2495,00;;2495,00;44,33;2450,67;
BERNARDO DOS SANTOS MARQUES;PENSIONISTA ESPECIAL;PENSIONISTA;; PENSAO POR ORDEM JUDICIAL;166,33;;166,33;;166,33;
BRUNA LETICIA DE SOUZA REBELLO;PENSIONISTA ESPECIAL;PENSIONISTA;; PENSAO POR DECRETO;476,92;;476,92;;476,92;
BRYAN FABIO DA SILVA SOARES;PENSIONISTA ESPECIAL;PENSIONISTA;; PENSAO POR ORDEM JUDICIAL;499,00;;499,00;;499,00;
CARLA BIANCA LIRA DE LIMA;PENSIONISTA ESPECIAL;PENSIONISTA;; PENSAO POR ORDEM JUDICIAL;998,00;;998,00;;998,00;
CARLOS ALBERTO FROES;PENSIONISTA ESPECIAL;PENSIONISTA;PENSAO ESPECIAL; PENSAO POR DECRETO;998,00;;998,00;;998,00;
CELSO VIEIRA BIVAR;PENSIONISTA ESPECIAL;PENSIONISTA;; PENSAO POR ORDEM JUDICIAL;8614,83;;8614,83;;8614,83;
CLAUDENORA ALFAIA DA COSTA ARAUJO;PENSIONISTA ESPECIAL;PENSIONISTA;; PENSAO POR ORDEM JUDICIAL;998,00;;998,00;;998,00;
CLEOMAR VIANA DE OLIVEIRA;PENSIONISTA ESPECIAL;PENSIONISTA;; PENSAO POR ORDEM JUDICIAL;998,00;;998,00;;998,00;
DAYLA CORREA DE ABREU;PENSIONISTA ESPECIAL;PENSIONISTA;; PENSAO POR DECRETO;2495,00;;2495,00;44,33;2450,67;
DELMIRA MARCOS ARAUJO;PENSIONISTA ESPECIAL;PENSIONISTA;; PENSAO POR LEI;998,00;;998,00;;998,00;
DEUZO FRAZAO CENA;PENSIONISTA ESPECIAL;PENSIONISTA;PENSAO ESPECIAL; PENSAO POR ORDEM JUDICIAL;166,33;;166,33;;166,33;
DIEGO GUILHERME DE SOUZA FERNANDES;PENSIONISTA ESPECIAL;PENSIONISTA;PENSÃO ESPECIAL; PENSAO POR ORDEM JUDICIAL;665,33;;665,33;;665,33;
DNANCIR MOURA MONTECONRADO;PENSIONISTA ESPECIAL;PENSIONISTA;; PENSAO POR DECRETO;1800,00;;1800,00;;1800,00;
DORIAN CAVALCANTE NOGUEIRA;PENSIONISTA ESPECIAL;PENSIONISTA;; PENSAO POR LEI;1263,52;;1263,52;;1263,52;
DOROTEIA MARQUES COSTA;PENSIONISTA ESPECIAL;PENSIONISTA;; PENSAO POR DECRETO;998,00;;998,00;;998,00;
DOUGLAS DE OLIVEIRA BELEZA;PENSIONISTA ESPECIAL;PENSIONISTA;; PENSAO POR LEI;1360,00;;1360,00;;1360,00;
DULCINEIA LESSA BRAGA;PENSIONISTA ESPECIAL;PENSIONISTA;PENSIONISTA; PENSAO POR DECRETO;763,60;;763,60;;763,60;
EDNA AGUIAR ANTONY;PENSIONISTA ESPECIAL;PENSIONISTA;; PENSAO POR DECRETO;998,00;;998,00;;998,00;
ELIAS MARTINS DA SILVA;PENSIONISTA ESPECIAL;PENSIONISTA;PENSAO ESPECIAL; PENSAO POR DECRETO;332,63;;332,63;;332,63;
ELIZA GARCIA DE SOUSA;PENSIONISTA ESPECIAL;PENSIONISTA;; PENSAO POR LEI;2139,00;;2139,00;;2139,00;
ELIZABETE PINHEIRO ZUIDGEEST;PENSIONISTA ESPECIAL;PENSIONISTA;; PENSAO POR DECRETO;998,00;;998,00;;998,00;
ELIZABETH ANDRADE CAVALCANTE;PENSIONISTA ESPECIAL;PENSIONISTA;; PENSAO POR LEI;1996,00;;1996,00;;1996,00;
ENEIDA SILVA MIRANDA BRAGA;PENSIONISTA ESPECIAL;PENSIONISTA;; PENSAO POR DECRETO;1274,40;;1274,40;;1274,40;
ETELVINA PEREIRA BARROSO;PENSIONISTA ESPECIAL;PENSIONISTA;; PENSAO POR ORDEM JUDICIAL;499,00;;499,00;;499,00;
FLAVIA CRISTINA DA CONCEICAO;PENSIONISTA ESPECIAL;PENSIONISTA;; PENSAO POR DECRETO;998,00;;998,00;;998,00;
FRANCIMARA CAMPOS DE CARVALHO;PENSIONISTA ESPECIAL;PENSIONISTA;; PENSAO POR ORDEM JUDICIAL;332,66;;332,66;;332,66;
FRANCISCO CHAGAS DA SILVA;PENSIONISTA ESPECIAL;PENSIONISTA;; PENSAO POR LEI;4990,00;;4990,00;108,10;4881,90;
FRANCISCO DE FREITAS ROLA;PENSIONISTA ESPECIAL;PENSIONISTA;; PENSAO POR LEI;31589,57;;31589,57;7294,18;24295,39;
FRANCISCO FERREIRA DA SILVA;PENSIONISTA ESPECIAL;PENSIONISTA;PENSAO ESPECIAL; PENSAO POR LEI;3661,68;;3661,68;;3661,68;
GISELE CARDOSO PEREIRA;PENSIONISTA ESPECIAL;PENSIONISTA;PENSAO ESPECIAL; PENSAO POR ORDEM JUDICIAL;133,06;;133,06;;133,06;
HORLANDINA DA SILVA CAVALCANTE;PENSIONISTA ESPECIAL;PENSIONISTA;PENSAO ESPECIAL; PENSAO POR DECRETO;332,66;;332,66;;332,66;
JANEIDE PROTAZIO DE SOUZA;PENSIONISTA ESPECIAL;PENSIONISTA;; PENSAO POR DECRETO;332,66;;332,66;;332,66;
JAQUELINE ANGELITA DA CONCEICAO;PENSIONISTA ESPECIAL;PENSIONISTA LEI 1735 DE 14.11.85;; PENSAO POR LEI;825,59;;825,59;;825,59;
JELSON JONY SILVA DE LIMA;PENSIONISTA ESPECIAL;PENSIONISTA;; PENSAO POR ORDEM JUDICIAL;998,00;;998,00;;998,00;
JOAO BATISTA FREITAS DE SOUZA;PENSIONISTA ESPECIAL;PENSIONISTA;; PENSAO POR ORDEM JUDICIAL;1996,00;;1996,00;;1996,00;
JOAO VICTOR MAGALHAES SOARES;PENSIONISTA ESPECIAL;PENSIONISTA;; PENSAO POR ORDEM JUDICIAL;499,00;;499,00;;499,00;
JOAO VITOR BEZERRA SANTOS MENEZES;PENSIONISTA ESPECIAL;PENSIONISTA;; PENSAO POR ORDEM JUDICIAL;998,00;;998,00;;998,00;
JOSE ALBERTO DE LIMA;PENSIONISTA ESPECIAL;PENSIONISTA;; PENSAO POR ORDEM JUDICIAL;838,98;;838,98;;838,98;
JOSE BRUNO DA SILVA;PENSIONISTA ESPECIAL;PENSIONISTA;; PENSAO POR ORDEM JUDICIAL;332,66;;332,66;;332,66;
JOSE FERNANDO DE CASTRO PINTO;PENSIONISTA ESPECIAL;PENSIONISTA;; PENSAO POR ORDEM JUDICIAL;998,00;;998,00;;998,00;
JOSE LUIZ GOMES SOARES;PENSIONISTA ESPECIAL;PENSIONISTA;PENSAO ESPECIAL; PENSAO POR ORDEM JUDICIAL;998,00;;998,00;;998,00;
JOSE MELO DE OLIVEIRA;PENSIONISTA ESPECIAL;PENSIONISTA EX-GOVERNADOR;; PENSAO POR LEI;34070,00;;34070,00;7976,30;26093,70;
JOSE RIBAMAR RIOS;PENSIONISTA ESPECIAL;PENSIONISTA;PENSAO ESPECIAL; PENSAO POR DECRETO;998,00;;998,00;;998,00;
JUDITE RODRIGUES DE SOUZA;PENSIONISTA ESPECIAL;PENSIONISTA;PENSAO ESPECIAL; PENSAO POR DECRETO;1600,00;;1600,00;;1600,00;
KACIEL DOS SANTOS MARQUES;PENSIONISTA ESPECIAL;PENSIONISTA;PENSAO ESPECIAL; PENSAO POR ORDEM JUDICIAL;166,33;;166,33;;166,33;
KAMILE DE OLIVEIRA PEREIRA;PENSIONISTA ESPECIAL;PENSIONISTA;; PENSAO POR ORDEM JUDICIAL;665,27;;665,27;;665,27;
KASSIANE VITORIA DE O PEREIRA;PENSIONISTA ESPECIAL;PENSIONISTA;; PENSAO POR ORDEM JUDICIAL;665,27;;665,27;;665,27;
KEZIA KYSSILEM FERREIRA PINTO;PENSIONISTA ESPECIAL;PENSIONISTA;; PENSAO POR DECRETO;1996,00;;1996,00;;1996,00;
LAYHANDRA SOUZA DE OLIVEIRA;PENSIONISTA ESPECIAL;PENSIONISTA;; PENSAO POR ORDEM JUDICIAL;332,66;;332,66;;332,66;
LUCIMAR LEMOS DOS SANTOS;PENSIONISTA ESPECIAL;PENSIONISTA;PENSÃO ESPECIAL; PENSAO POR ORDEM JUDICIAL;499,00;;499,00;;499,00;
LUCIRENE OLIVA REZENDE;PENSIONISTA ESPECIAL;SECRETARIO DE ESTADO;; PENSAO POR DECRETO;28060,00;;28060,00;6323,55;21736,45;
MANUEL RAVIGNAN SARAIVA AGRA;PENSIONISTA ESPECIAL;PENSIONISTA;; PENSAO POR DECRETO;998,00;;998,00;;998,00;
MANUELA DE OLIVEIRA DOS SANTOS;PENSIONISTA ESPECIAL;PENSIONISTA;; PENSAO POR ORDEM JUDICIAL;166,33;;166,33;;166,33;
MANUELA VITORIA FELIX SOARES;PENSIONISTA ESPECIAL;PENSIONISTA;PENSAO ESPECIAL; PENSAO POR ORDEM JUDICIAL;1996,00;;1996,00;;1996,00;
MARCELO DA SILVA SALES;PENSIONISTA ESPECIAL;PENSIONISTA;PENSAO ESPECIAL; PENSAO POR ORDEM JUDICIAL;998,00;;998,00;;998,00;
MARCOS DANIEL PEREIRA DA SILVA;PENSIONISTA ESPECIAL;PENSIONISTA;PENSAO ESPECIAL; PENSAO POR ORDEM JUDICIAL;133,06;;133,06;;133,06;
MARCOS DE OLIVEIRA;PENSIONISTA ESPECIAL;PENSIONISTA;; PENSAO POR DECRETO;998,00;;998,00;;998,00;
MARCUS TULIO CAVALCANTE COSTA;PENSIONISTA ESPECIAL;PENSIONISTA;; PENSAO POR DECRETO;998,00;;998,00;;998,00;
MARIA AUXILIADORA MONTEIRO DE LUNAS;PENSIONISTA ESPECIAL;PENSIONISTA;; PENSAO POR ORDEM JUDICIAL;332,66;;332,66;;332,66;
MARIA CLARA DA SILVA SAMPAIO;PENSIONISTA ESPECIAL;PENSIONISTA;PENSAO ESPECIAL; PENSAO POR ORDEM JUDICIAL;665,33;;665,33;;665,33;
MARIA DE JESUS CORREA DA COSTA;PENSIONISTA ESPECIAL;PENSIONISTA;; PENSAO POR DECRETO;1543,57;;1543,57;;1543,57;
MARIA DE LOURDES PEREIRA RAMOS;PENSIONISTA ESPECIAL;PENSIONISTA;; PENSAO POR DECRETO;332,66;;332,66;;332,66;
MARIA DE LOURDES RODRIGUES C TELLES;PENSIONISTA ESPECIAL;PENSIONISTA;; PENSAO POR ORDEM JUDICIAL;9900,00;;9900,00;1329,55;8570,45;
MARIA DE NAZARE OLIVEIRA REZENDE;PENSIONISTA ESPECIAL;PENSIONISTA;; PENSAO POR DECRETO;5378,94;;5378,94;166,44;5212,50;
MARIA DO PERPETUO S C BITTENCOURT;PENSIONISTA ESPECIAL;PENSIONISTA;; PENSAO POR LEI;998,00;;998,00;;998,00;
MARIA DO SOCORRO CAMPOS;PENSIONISTA ESPECIAL;PENSIONISTA;; PENSAO POR DECRETO;665,27;;665,27;;665,27;
MARIA HELOISE ROCHA CAVALCANTE;PENSIONISTA ESPECIAL;PENSIONISTA;PENSAO ESPECIAL; PENSAO POR ORDEM JUDICIAL;665,33;;665,33;;665,33;
MARIA JULIA SILVEIRA DE MELO;PENSIONISTA ESPECIAL;PENSIONISTA;PENSAO ESPECIAL; PENSAO POR ORDEM JUDICIAL;998,00;;998,00;;998,00;
MARIA MIRACEMA TEIXEIRA CARDOSO SAU;PENSIONISTA ESPECIAL;PENSIONISTA;PENSAO ESPECIAL; PENSAO POR DECRETO;1800,00;;1800,00;;1800,00;
MARIA RUTH PORTO DE MORAES;PENSIONISTA ESPECIAL;PENSIONISTA;; PENSAO POR ORDEM JUDICIAL;998,00;;998,00;;998,00;
MARIA SUELY DE LOUREDO BIE DA SILVA;PENSIONISTA ESPECIAL;PENSIONISTA;PENSAO ESPECIAL; PENSAO POR DECRETO;665,33;;665,33;;665,33;
MARIA VITORIA GRACA PEREIRA;PENSIONISTA ESPECIAL;PENSIONISTA;; PENSAO POR ORDEM JUDICIAL;221,77;;221,77;;221,77;
MARILIA PEREIRA MACHADO;PENSIONISTA ESPECIAL;SUB-SECRETARIO DE ESTADO;; PENSAO POR LEI;11700,00;;11700,00;1824,55;9875,45;
MARISA DOS SANTOS RODRIGUES;PENSIONISTA ESPECIAL;PENSIONISTA;PENSAO ESPECIAL; PENSAO POR DECRETO;5000,00;;5000,00;109,60;4890,40;
MARLENE MORAES GIRAO;PENSIONISTA ESPECIAL;PENSIONISTA;; PENSAO POR DECRETO;1800,00;;1800,00;;1800,00;
MATHEUS DA ROCHA ALMEIDA;PENSIONISTA ESPECIAL;PENSIONISTA;; PENSAO POR DECRETO;998,00;;998,00;;998,00;
MAURA DA SILVA SALES;PENSIONISTA ESPECIAL;PENSIONISTA;PENSAO ESPECIAL; PENSAO POR ORDEM JUDICIAL;998,00;;998,00;;998,00;
MAXWELL DE OLIVEIRA DOS SANTOS;PENSIONISTA ESPECIAL;PENSIONISTA;; PENSAO POR ORDEM JUDICIAL;166,33;;166,33;;166,33;
MICHAEL MARVILLEM DE O FERREIRA;PENSIONISTA ESPECIAL;PENSIONISTA;; PENSAO POR ORDEM JUDICIAL;499,00;;499,00;;499,00;
PAULO VICTOR GRACA PEREIRA;PENSIONISTA ESPECIAL;PENSIONISTA;; PENSAO POR ORDEM JUDICIAL;221,77;;221,77;;221,77;
RAIMUNDA VIEIRA DA SILVA;PENSIONISTA ESPECIAL;PENSIONISTA;PENSAO ESPECIAL; PENSAO POR ORDEM JUDICIAL;998,00;;998,00;;998,00;
RAMAIANA NOGUEIRA HENRIQUES;PENSIONISTA ESPECIAL;PENSIONISTA;PENSAO ESPECIAL; PENSAO POR DECRETO;998,00;;998,00;;998,00;
REJANE MARIA LEBRE DE OLIVEIRA;PENSIONISTA ESPECIAL;PENSIONISTA;; PENSAO POR DECRETO;998,00;;998,00;;998,00;
RICARDO MENDES SALES FILHO;PENSIONISTA ESPECIAL;PENSIONISTA;; PENSAO POR ORDEM JUDICIAL;998,00;;998,00;;998,00;
RICARDO OLIVEIRA DOS SANTOS;PENSIONISTA ESPECIAL;PENSIONISTA;; PENSAO POR ORDEM JUDICIAL;998,00;;998,00;;998,00;
ROBERTO MARINHO PEREIRA;PENSIONISTA ESPECIAL;PENSIONISTA;; PENSAO POR ORDEM JUDICIAL;1996,00;;1996,00;;1996,00;
ROSIMEIRE VENANCIO DA SILVA;PENSIONISTA ESPECIAL;PENSIONISTA;; PENSAO POR ORDEM JUDICIAL;1996,00;;1996,00;;1996,00;
RUBENS RODRIGUES MARQUES NETO;PENSIONISTA ESPECIAL;PENSIONISTA;PENSAO ESPECIAL; PENSAO POR ORDEM JUDICIAL;166,33;;166,33;;166,33;
SAMELA REBECA TAVARES DOS SANTOS;PENSIONISTA ESPECIAL;PENSIONISTA;PENSAO ESPECIAL; PENSAO POR ORDEM JUDICIAL;332,66;;332,66;;332,66;
SAMILA DE LIMA MONTEIRO;PENSIONISTA ESPECIAL;PENSIONISTA;PENSAO ESPECIAL; PENSAO POR DECRETO;885,66;;885,66;;885,66;
SAMUEL PEREIRA DA SILVA;PENSIONISTA ESPECIAL;PENSIONISTA;PENSAO ESPECIAL; PENSAO POR ORDEM JUDICIAL;133,06;;133,06;;133,06;
SILVINHA MACEDO SILVA;PENSIONISTA ESPECIAL;PENSIONISTA;; PENSAO POR DECRETO;998,00;;998,00;;998,00;
STEFANY RAQUEL SARAIVA AGRA;PENSIONISTA ESPECIAL;PENSIONISTA;; PENSAO POR DECRETO;998,00;;998,00;;998,00;
STEPHANIE RIBEIRO DA SILVA;PENSIONISTA ESPECIAL;PENSIONISTA;PENSAO ESPECIAL; PENSAO POR DECRETO;998,00;;998,00;;998,00;
TATIANE DE SOUZA GOMES;PENSIONISTA ESPECIAL;PENSIONISTA;; PENSAO POR ORDEM JUDICIAL;998,00;;998,00;;998,00;
TEREZA BENEVIDES SCHERMULY SANTOS;PENSIONISTA ESPECIAL;PENSIONISTA LEI 1735 DE 14.11.85;; PENSAO POR DECRETO;998,00;;998,00;;998,00;
TEREZINHA MARTINS MACHADO;PENSIONISTA ESPECIAL;PENSIONISTA;; PENSAO POR ORDEM JUDICIAL;998,00;;998,00;;998,00;
ULYSSES DE SOUZA DA SILVEIRA;PENSIONISTA ESPECIAL;PENSIONISTA;; PENSAO POR DECRETO;2495,00;;2495,00;;2495,00;
VALENTINA FIDELIS;PENSIONISTA ESPECIAL;PENSIONISTA;; PENSAO POR LEI;998,00;;998,00;;998,00;
VANEIDE SIMOES MONTEIRO;PENSIONISTA ESPECIAL;PENSIONISTA;; PENSAO POR DECRETO;1350,00;;1350,00;;1350,00;
VANUZA RUBIA GUIMARAES HARTZ;PENSIONISTA ESPECIAL;SUB-SECRETARIO DE ESTADO;; PENSAO POR DECRETO;11700,00;;11700,00;2348,14;9351,86;
VIOLETA CASTELO BRANCO GONCALVES;PENSIONISTA ESPECIAL;PENSIONISTA;; PENSAO POR DECRETO;5000,00;;5000,00;109,60;4890,40;
WARLLEN BATISTA DO NASCIMENTO;PENSIONISTA ESPECIAL;PENSIONISTA;; PENSAO POR ORDEM JUDICIAL;1996,00;;1996,00;;1996,00;
YARA MIRANDA LITAIFF;PENSIONISTA ESPECIAL;PENSIONISTA;PENSAO ESPECIAL; PENSAO POR ORDEM JUDICIAL;665,27;;665,27;;665,27;
YASMIM NATHALIA DE MATOS PEREIRA;PENSIONISTA ESPECIAL;PENSIONISTA;PENSAO ESPECIAL; PENSAO POR ORDEM JUDICIAL;221,77;;221,77;;221,77;
