NOME;LOTACAO;CARGO;FUNCAO;VINCULO;REMUNERACAO LEGAL TOTAL(R$);DESC.TETO(R$); REMUNERACAO LEGAL DEVIDA(R$);DESCONTOS LEGAIS(R$);LIQUIDO DISPONIVEL(R$);
ALVARO RODRIGUES MARQUES NETO;PENSAO ESPECIAL - POL MILITAR;PENSIONISTA;PENSAO ESPECIAL; PENSAO POR DECRETO;5114,39;;5114,39;537,10;4577,29;
ANA CARLA REGO DA SILVA;PENSAO ESPECIAL - POL MILITAR;PENSIONISTA;PENSAO ESPECIAL; PENSAO POR DECRETO;1042,39;;1042,39;;1042,39;
ANA CAROLINA REGO DA SILVA;PENSAO ESPECIAL - POL MILITAR;PENSIONISTA;PENSAO ESPECIAL; PENSAO POR DECRETO;1042,39;;1042,39;;1042,39;
ANA CLAUDIA DOS SANTOS ALVES;PENSAO ESPECIAL - POL MILITAR;PENSIONISTA;; PENSAO POR DECRETO;5114,39;;5114,39;537,10;4577,29;
ANA CLEURY DA COSTA MENEZES;PENSAO ESPECIAL - POL MILITAR;PENSIONISTA;PENSIONISTA; PENSAO POR DECRETO;5211,96;;5211,96;563,93;4648,03;
ANDREA SANTIAGO GONCALVES;PENSAO ESPECIAL - POL MILITAR;PENSIONISTA;; PENSAO POR DECRETO;5114,39;;5114,39;537,10;4577,29;
ANGELA MARIA AGRA PEREIRA;PENSAO ESPECIAL - POL MILITAR;PENSIONISTA;; PENSAO POR DECRETO;16951,92;;16951,92;3792,42;13159,50;
ANTONIA MARIA DE OLIVEIRA;PENSAO ESPECIAL - POL MILITAR;PENSIONISTA;; PENSAO POR DECRETO;5211,96;;5211,96;141,40;5070,56;
ANTONIA SEBASTIANA PEREIRA DA SILVA;PENSAO ESPECIAL - POL MILITAR;PENSIONISTA;; PENSAO POR DECRETO;6430,99;;6430,99;899,16;5531,83;
BIANCA LYRA FALCAO;PENSAO ESPECIAL - POL MILITAR;PENSIONISTA;; PENSAO POR DECRETO;5150,40;;5150,40;547,00;4603,40;
CLEIDE DOS SANTOS CALHEIROS;PENSAO ESPECIAL - POL MILITAR;PENSIONISTA;; PENSAO POR DECRETO;12968,73;;12968,73;2173,45;10795,28;
DEUZANIRA OLIVEIRA VIEIRA;PENSAO ESPECIAL - POL MILITAR;PENSIONISTA;; PENSAO POR DECRETO;5114,39;;5114,39;537,10;4577,29;
DULCILENE FERREIRA DA SILVA;PENSAO ESPECIAL - POL MILITAR;PENSIONISTA;; PENSAO POR DECRETO;6396,22;;6396,22;374,62;6021,60;
EDINEIDE LIMA BATALHA CARNEIRO;PENSAO ESPECIAL - POL MILITAR;PENSIONISTA;; PENSAO POR DECRETO;5114,39;;5114,39;537,10;4577,29;
EDNA SILVA RIBEIRO;PENSAO ESPECIAL - POL MILITAR;PENSIONISTA;; PENSAO POR DECRETO;4779,30;;4779,30;444,95;4334,35;
ESTHER KRAMER SOARES CAVALCANTE;PENSAO ESPECIAL - POL MILITAR;PENSIONISTA;; PENSAO POR DECRETO;5211,96;;5211,96;563,93;4648,03;
FRANCISCA BARRETO PINTO;PENSAO ESPECIAL - POL MILITAR;PENSIONISTA;; PENSAO POR DECRETO;5150,40;;5150,40;547,00;4603,40;
FRANCISCA LUZINETTE BRASIL GUEDES;PENSAO ESPECIAL - POL MILITAR;PENSIONISTA;; PENSAO POR DECRETO;6247,54;;6247,54;848,71;5398,83;
GABRIEL ISMAEL LOPES;PENSAO ESPECIAL - POL MILITAR;PENSIONISTA;; PENSAO POR DECRETO;1278,61;;1278,61;;1278,61;
GIRLEY MAR DO NASCIMENTO;PENSAO ESPECIAL - POL MILITAR;PENSIONISTA;; PENSAO POR DECRETO;5114,39;;5114,39;537,10;4577,29;
GLAUCIMARA VILHENA CORREA;PENSAO ESPECIAL - POL MILITAR;PENSIONISTA;; PENSAO POR DECRETO;6247,54;;6247,54;505,10;5742,44;
JUCIENE SILVA DA SILVA;PENSAO ESPECIAL - POL MILITAR;PENSIONISTA;PENSIONISTA; PENSAO POR DECRETO;5150,40;;5150,40;547,00;4603,40;
LUCAS FERREIRA GIL DA SILVA;PENSAO ESPECIAL - POL MILITAR;PENSIONISTA;PENSAO ESPECIAL; PENSAO POR DECRETO;1042,39;;1042,39;;1042,39;
LUCENILZA TEIXEIRA DA SILVA;PENSAO ESPECIAL - POL MILITAR;PENSIONISTA;; PENSAO POR DECRETO;6210,38;;6210,38;838,49;5371,89;
LUCIA MARIA DOS SANTOS ZIK;PENSAO ESPECIAL - POL MILITAR;PENSIONISTA;; PENSAO POR DECRETO;5114,39;;5114,39;126,76;4987,63;
LUIS ELISEU GOIS LOPES;PENSAO ESPECIAL - POL MILITAR;PENSIONISTA;; PENSAO POR DECRETO;1278,61;;1278,61;;1278,61;
LUIS VITOR LEITAO LOPES;PENSAO ESPECIAL - POL MILITAR;PENSIONISTA;PENSIONISTA; PENSAO POR DECRETO;1278,61;;1278,61;;1278,61;
MARIA AUXILIADORA QUEIROZ DA SILVA;PENSAO ESPECIAL - POL MILITAR;PENSIONISTA;; PENSAO POR DECRETO;14824,82;;14824,82;2188,26;12636,56;
MARIA EDIELIA DOS SANTOS FEITOSA;PENSAO ESPECIAL - POL MILITAR;CABO;; PENSAO POR DECRETO;5211,96;;5211,96;341,09;4870,87;
MARIA LEONOR PEREIRA DA SILVA;PENSAO ESPECIAL - POL MILITAR;PENSIONISTA;; PENSAO POR DECRETO;5150,40;;5150,40;547,00;4603,40;
MARIA SANDRA CORDEIRO DE SOUZA;PENSAO ESPECIAL - POL MILITAR;PENSIONISTA;PENSIONISTA; PENSAO POR DECRETO;6210,38;;6210,38;665,47;5544,91;
MARLENE SARAIVA DE SOUZA;PENSAO ESPECIAL - POL MILITAR;PENSIONISTA;; PENSAO POR DECRETO;11738,89;;11738,89;2358,83;9380,06;
MARLY SOUSA OLIVEIRA;PENSAO ESPECIAL - POL MILITAR;PENSIONISTA;; PENSAO POR DECRETO;5114,39;;5114,39;126,76;4987,63;
NAIDE MALVEIRA LIMA;PENSAO ESPECIAL - POL MILITAR;PENSIONISTA;; PENSAO POR DECRETO;5114,39;;5114,39;126,76;4987,63;
NORMACY FERREIRA COSTA;PENSAO ESPECIAL - POL MILITAR;PENSIONISTA;; PENSAO POR DECRETO;4631,84;;4631,84;406,03;4225,81;
OSMARINA DANTAS MAGALHAES;PENSAO ESPECIAL - POL MILITAR;PENSIONISTA;; PENSAO POR DECRETO;6284,73;;6284,73;858,94;5425,79;
ROSALINA CUNHA DE SOUZA;PENSAO ESPECIAL - POL MILITAR;PENSIONISTA;; PENSAO POR DECRETO;6210,38;;6210,38;332,81;5877,57;
ROSINALVA LEMOS REGO;PENSAO ESPECIAL - POL MILITAR;PENSIONISTA;PENSAO ESPECIAL; PENSAO POR DECRETO;291,68;;291,68;;291,68;
SILVIA QUEIROZ DE SOUZA;PENSAO ESPECIAL - POL MILITAR;PENSIONISTA;; PENSAO POR DECRETO;5150,40;;5150,40;547,00;4603,40;
ZULEIDE MELO DOS SANTOS;PENSAO ESPECIAL - POL MILITAR;PENSIONISTA;; PENSAO POR DECRETO;5114,39;;5114,39;126,76;4987,63;
