NOME;LOTACAO;CARGO;FUNCAO;VINCULO;REMUNERACAO LEGAL TOTAL(R$);DESC.TETO(R$); REMUNERACAO LEGAL DEVIDA(R$);DESCONTOS LEGAIS(R$);LIQUIDO DISPONIVEL(R$);
ALCY NASCIMENTO LIMA;GERENCIA DE OBRAS DO INTERIOR;ENG-I;; ESTATUTARIO;11880,79;;11880,79;2429,49;9451,30;
ALCY VIEIRA DA SILVA;DEPTO.DE ENGENHARIA;A.OPE-I;; ESTATUTARIO;4502,74;;4502,74;345,57;4157,17;
ALEANDRA TAVARES MEIRELES;GERENCIA DE GESTAO DE PESSOAS;ASSESSOR IV;NAO INFORMADO; CARGO COMISSION.S/VINCULO;3675,61;;3675,61;404,26;3271,35;
ALESSANDRO VASCONCELOS BANDEIRA;ASSESSORIA DE COMUNICACAO;CHEFE DE DEPARTAMENTO;NAO INFORMADO; CARGO COMISSION.S/VINCULO;5729,77;;5729,77;986,40;4743,37;
ALEX ALMEIDA DOS REIS;GERENCIA DE ORCAMENTO;DIGITADOR;; ESTATUTARIO;4077,54;;4077,54;199,21;3878,33;
ALEXSANDRA D KARLA CABRAL DA SILVA;GABINETE DO SECRETARIO;ASSESSOR IV;; CARGO COMISSION.S/VINCULO;3675,61;;3675,61;418,48;3257,13;
ALFREDO TAPAJOS NETTO;PESSOAL PROC.DE APOSENTADORIA;ENG-I;; ESTATUTARIO;10984,59;;10984,59;2392,51;8592,08;
ALINE RAMOS CERQUINHO;ASSESSORIA JURIDICA;ASSESSOR III;ASSESSOR III AD 3; CARGO COMISSION.S/VINCULO;3691,80;;3691,80;422,40;3269,40;
ALLAN ALMEIDA DOS REIS;GERENCIA DE ORCAMENTO;DIGITADOR;GERENTE; ESTATUTARIO;5271,54;;5271,54;537,99;4733,55;
ALZENEIDE MORAIS DE SOUZA;ASSESSORIA JURIDICA;ASSESSOR IV;NAO INFORMADO; CARGO COMISSION.S/VINCULO;3075,61;;3075,61;264,79;2810,82;
ANA CRISTINA SOUZA DE CAMPOS;GERENCIA DE ORCAMENTO;ASSESSOR I;NAO INFORMADO; CARGO COMISSION.S/VINCULO;5729,77;;5729,77;929,16;4800,61;
ANA LUCIA DE MATOS SAMPAIO;GERENCIA DE OBRAS DO INTERIOR;ASSESSOR TECNICO;; CARGO COMISSION.S/VINCULO;7500,00;;7500,00;1503,51;5996,49;
ANDERSON RICARDO DE SOUZA BENCHIMOL;ASSESSORIA JURIDICA;ASSESSOR I;ASSESSOR I AD-1; CARGO COMISSION.S/VINCULO;7473,03;;7473,03;1513,91;5959,12;
ANDRE DA SILVA SANTOS;GABINETE DO SECRETARIO;ASSESSOR III;NAO INFORMADO; CARGO COMISSION.S/VINCULO;3691,80;;3691,80;378,69;3313,11;
ANDRE GOMES DE OLIVEIRA;GERENCIA DE OBRAS DO INTERIOR;ENG-I;; ESTATUTARIO;11400,55;;11400,55;2497,39;8903,16;
ANDREA IKEDA;ASSESSORIA DE COMUNICACAO;ASSESSOR TECNICO;; CARGO COMISSION.S/VINCULO;7500,00;;7500,00;1503,51;5996,49;
ANNE BARBOSA DE CARVALHO;GERENCIA DE OBRAS DA CAPITAL;ASSESSOR TECNICO;NAO INFORMADO; CARGO COMISSION.S/VINCULO;7500,00;;7500,00;1521,33;5978,67;
ANTONIA CLICE MENDES FIALHO;GERENCIA DE GESTAO DE PESSOAS;SUBGERENTE;NAO INFORMADO; CARGO COMISSION.S/VINCULO;3691,80;;3691,80;407,12;3284,68;
ANTONIO CARLOS GOMES MIRANDA FILHO;GERENCIA DE OBRAS DO INTERIOR;ASSESSOR I;; CARGO COMISSION.S/VINCULO;5729,77;;5729,77;971,82;4757,95;
ARI CASTELO BRANCO;GERENCIA DE ORCAMENTO;ENG-I;; ESTATUTARIO;11995,21;;11995,21;2677,72;9317,49;
ARTHUR GABRIEL GONCALVES NETO;GERENCIA DE OBRAS DO INTERIOR;ASSESSOR I;NAO INFORMADO; CARGO COMISSION.S/VINCULO;5729,77;;5729,77;986,40;4743,37;
ARY DE ALMEIDA COSTA;GERENCIA DE OBRAS DO INTERIOR;ENG-I;; ESTATUTARIO;11976,41;;11976,41;2671,20;9305,21;
AUGUSTA EDMEA ROCHA DAS NEVES;GERENCIA DE PROJETOS;ARQUITETO;; ESTATUTARIO;9264,68;;9264,68;1657,13;7607,55;
BRUNO EDUARDO MORAIS DAS NEVES;GERENCIA DE CONTR.FINANCEIROS;ASSESSOR III;; CARGO COMISSION.S/VINCULO;3691,80;;3691,80;407,12;3284,68;
CARLOS ALBERTO DO N E SILVA;GABINETE DO SECRETARIO;ASSESSOR II;; CARGO COMISSION.S/VINCULO;4709,79;;4709,79;670,28;4039,51;
CARLOS EDUARDO ABREU DE OLIVEIRA;GABINETE DO SECRETARIO;ASSESSOR I;; CARGO COMISSION.S/VINCULO;5729,77;;5729,77;929,16;4800,61;
CARLOS FREDERICO SANTOS BELOTA;GABINETE DO SECRETARIO;CADISTA;; ESTATUTARIO;4077,54;;4077,54;279,63;3797,91;
CARLOS HENRIQUE DOS REIS LIMA;GABINETE DO SECRETARIO;SECRETARIO DE ESTADO;NAO INFORMADO; CARGO COMISSION.S/VINCULO;28560,00;;28560,00;7312,83;21247,17;
CELINA DA SILVA MELO;GERENCIA DE GESTAO DE PESSOAS;A.TEC-I;GERENTE AD-2; ESTATUTARIO;6378,26;;6378,26;656,44;5721,82;
CELIO ALCANTARA CIPRIANO;GERENCIA DE CONVENIOS FEDERAIS;A.OPE-I;ASSESSOR I AD-1; ESTATUTARIO;4201,70;;4201,70;226,14;3975,56;
CLAUDIO JOSE SILVA DE ALBUQUERQUE;ASSESSORIA JURIDICA;DIGITADOR;; ESTATUTARIO;8195,39;;8195,39;1354,55;6840,84;
CLODOALDO PEREIRA SILVA;DEPARTAMENTO DE ADM.E FINANCAS;SUBGERENTE;; CARGO COMISSION.S/VINCULO;3691,80;;3691,80;422,40;3269,40;
DALYENNE SOUZA ALENCAR DA ROCHA;GERENCIA DE CONTR.FINANCEIROS;CHEFE DE DEPARTAMENTO;NAO INFORMADO; CARGO COMISSION.S/VINCULO;5729,77;;5729,77;986,40;4743,37;
DAMASSIRIO MAMED DAS CHAGAS;GERENCIA DE OBRAS DA CAPITAL;GERENTE;GERENTE AD-2; CARGO COMISSION.S/VINCULO;4709,79;;4709,79;670,28;4039,51;
DAMIANA LOPES DE MELO;GERENCIA DE PROTOC.E ARQUIVO;A.TEC-I;; ESTATUTARIO;4402,40;;4402,40;322,07;4080,33;
DANIEL QUINTINO DUTRA;GERENCIA DE CONTR.FINANCEIROS;CADISTA;; ESTATUTARIO;4077,54;;4077,54;232,77;3844,77;
DANIELA RAMOS NOGUEIRA C ALEGRIA;GABINETE DO SECRETARIO;ASSESSOR I;; CARGO COMISSION.S/VINCULO;5729,77;;5729,77;986,40;4743,37;
DANIELE BATISTA LOPES;SECRETARIA EXECUTIVA;ASSESSOR I;; CARGO COMISSION.S/VINCULO;7473,03;;7473,03;1513,91;5959,12;
DANIELLE ANTONY ASSIS;DEPARTAMENTO DE ADM.E FINANCAS;GERENTE;; CARGO COMISSION.S/VINCULO;4709,79;;4709,79;670,28;4039,51;
DANIELLE NATALIA FREIRE DE OLIVEIRA;GERENCIA DE CONTR.FINANCEIROS;ASSESSOR I;; CARGO COMISSION.S/VINCULO;5729,77;;5729,77;986,40;4743,37;
DAWID RAMOS MARTINS;GERENCIA DE OBRAS DA CAPITAL;ASSESSOR IV;; CARGO COMISSION.S/VINCULO;3075,74;;3075,74;250,59;2825,15;
DAYANNE LEITE PERRONE;SECRETARIA EXECUTIVA;ASSESSOR IV;NAO INFORMADO; CARGO COMISSION.S/VINCULO;3075,61;;3075,61;264,79;2810,82;
DORVAL DO NASCIMENTO FEITOZA;GERENCIA DE PROJETOS;AUXILIAR DE TOPOGRAFIA;; ESTATUTARIO;3961,81;;3961,81;149,27;3812,54;
EDINEIDE DA SILVA FURTADO;GERENCIA DE GESTAO DE PESSOAS;A.TEC-I;; ESTATUTARIO;4210,34;;4210,34;348,50;3861,84;
EDIRSON MENDONCA DA COSTA;GERENCIA DE MANUTENCAO;AUX.O-I;ELETRICISTA; ESTATUTARIO;4416,43;;4416,43;346,32;4070,11;
EDMUNDO SOUZA DO NASCIMENTO;GERENCIA DE MANUTENCAO;AUX.O-I;ELETRICISTA; ESTATUTARIO;4339,87;;4339,87;271,51;4068,36;
EDSON ALVES;GABINETE DO SECRETARIO;ASSESSOR IV;; CARGO COMISSION.S/VINCULO;3675,61;;3675,61;418,48;3257,13;
EDUARDO DA SILVA PAULA;ASSESSORIA DE COMUNICACAO;ASSESSOR I;NAO INFORMADO; CARGO COMISSION.S/VINCULO;5729,77;;5729,77;986,40;4743,37;
EDUARDO GOMES DA FROTA;DEPARTAMENTO DE INFORMATICA;GERENTE;GERENTE AD-2; CARGO COMISSION.S/VINCULO;4709,79;;4709,79;641,84;4067,95;
EDUARDO PEREIRA DE FREITAS;GERENCIA DE OBRAS DA CAPITAL;ENG-I;CH NUC EXERC PROJETO; ESTATUTARIO;11923,60;;11923,60;2548,61;9374,99;
EDUARDO TUYOSHI CHIBA;PESSOAL PROC.DE APOSENTADORIA;ENG-I;; ESTATUTARIO;11114,39;;11114,39;2542,83;8571,56;
EDVALDO ROCHA RIBEIRO;GERENCIA DE PROJETOS;AUX.O-I;; ESTATUTARIO;4086,06;;4086,06;309,95;3776,11;
ELENICE MARIA DE XEREZ V ARIAS;UGPAC/AM-UNID.PROG.ACEL.CRESC.;ASSESSOR TECNICO;; CARGO COMISSION.S/VINCULO;7500,00;;7500,00;1512,42;5987,58;
ELIANA MARIA DA SILVA FEITOSA;GERENCIA DE PROTOC.E ARQUIVO;AUX.S.G-II;; ESTATUTARIO;4016,15;;4016,15;289,80;3726,35;
ELIZA DO CARMO DE OLIVEIRA DA SILVA;ASSESSORIA JURIDICA;A.TEC-I;ASSESSOR II, AD-2; ESTATUTARIO;5576,98;;5576,98;599,84;4977,14;
ELTON ROBERTO RODRIGUES SILVA;DEPARTAMENTO DE ADM.E FINANCAS;CHEFE DE DEPARTAMENTO;; CARGO COMISSION.S/VINCULO;5729,77;;5729,77;943,74;4786,03;
ELZA FERREIRA DA COSTA;GABINETE DO SECRETARIO;A.TEC-II;; ESTATUTARIO;4331,66;;4331,66;274,34;4057,32;
EMERSON SILVEIRA FERREIRA;GERENCIA DE CONTABILIDADE;A.TEC-II;GERENTE; ESTATUTARIO;5344,20;;5344,20;281,84;5062,36;
ERICKSON GONCALVES DE ARRUDA;GERENCIA DE MANUTENCAO;ASSESSOR IV;NAO INFORMADO; CARGO COMISSION.S/VINCULO;3075,61;;3075,61;264,79;2810,82;
ERNESTO DE OLIVEIRA SILVA NETO;ASSESSORIA JURIDICA;ASSESSOR IV;NAO INFORMADO; CARGO COMISSION.S/VINCULO;3075,61;;3075,61;264,79;2810,82;
EUCLYCES MARIA DE PAULA FREITAS;GABINETE DO SECRETARIO;ASSISTENTE ADMINISTRATIVO I;CHEFE GABINETE AD-1; ESTATUTARIO;8393,15;;8393,15;1420,77;6972,38;
EVELLYN POLLYANA CHAVES DE LIMA;SECRETARIA EXECUTIVA;GERENTE;; CARGO COMISSION.S/VINCULO;500,00;;500,00;;500,00;
FAUSTINIANO FONSECA NETO;GERENCIA DE OBRAS DO INTERIOR;ENG-I;; ESTATUTARIO;11282,50;;11282,50;2320,82;8961,68;
FERNANDO ELIAS PRESTES GONCALVES;GABINETE DO SECRETARIO;ENG-I;; ESTATUTARIO;11808,58;;11808,58;2569,77;9238,81;
FERNANDO VIEIRA PIRES;GERENCIA DE CONTR.FINANCEIROS;SUBGERENTE;NAO INFORMADO; CARGO COMISSION.S/VINCULO;3691,80;;3691,80;422,40;3269,40;
FRANCILENE BESSA DA SILVA;GERENCIA DE PROJETOS;ASSESSOR I;NAO INFORMADO; CARGO COMISSION.S/VINCULO;5729,77;;5729,77;943,74;4786,03;
FRANCIS ALBERT GAMA PARENTE;GERENCIA DE PROJETOS;ENGENHEIRO;; ESTATUTARIO;12785,90;;12785,90;2193,06;10592,84;
FRANCISCA MOTA DE LIMA;GABINETE DO SECRETARIO;ASSESSOR IV;ASSESSOR IV AD-4; CARGO COMISSION.S/VINCULO;3075,61;;3075,61;264,79;2810,82;
FRANCISCO BARROSO GOMES;GERENCIA DE MANUTENCAO;VIGIA-I;; ESTATUTARIO;4352,94;;4352,94;192,47;4160,47;
FRANCISCO CHAGAS SANTOS DA SILVA;GERENCIA DE GESTAO DE PESSOAS;A.TEC-II;; ESTATUTARIO;4351,07;;4351,07;364,20;3986,87;
FRANCISCO DAS CHAGAS ROSA DE LIMA;GERENCIA DE MANUTENCAO;MOT-I;; ESTATUTARIO;4523,95;;4523,95;371,50;4152,45;
FRANCISCO DE PAULA PENA DE ARAUJO;GERENCIA DE PROJETOS;ASSESSOR III;ASSESSOR III AD-3; CARGO COMISSION.S/VINCULO;3691,80;;3691,80;422,40;3269,40;
FRANCISCO JOSE DE CASTRO E SILVA;ASSESSORIA JURIDICA;ASSESSOR III;ASSESSOR III AD-3; CARGO COMISSION.S/VINCULO;3691,80;;3691,80;422,40;3269,40;
FRANCISCO OLIVEIRA DE SOUZA FILHO;UNID.GEST.PR.SOC.AMB.IGARAPES;ENG-I;; ESTATUTARIO;11330,07;;11330,07;2224,51;9105,56;
FRANK DOUGLAS THOME DE SOUZA;DEPARTAMENTO DE ENGENHARIA;ASSESSOR I;; CARGO COMISSION.S/VINCULO;7473,03;;7473,03;1496,09;5976,94;
FRANQUIMAR SANTANA CIDRONIO;GERENCIA DE OBRAS DA CAPITAL;TNS-I;; ESTATUTARIO;10021,67;;10021,67;1362,46;8659,21;
GILTEMBERG MESSIAS DE O SILVA;GABINETE DO SECRETARIO;ASSESSOR IV;NAO INFORMADO; CARGO COMISSION.S/VINCULO;3675,61;;3675,61;418,48;3257,13;
GIRLANE PESSOA BRASIL;GERENCIA DE GESTAO DE PESSOAS;SUBGERENTE;SUBGERENTE AD-3; CARGO COMISSION.S/VINCULO;4755,73;;4755,73;684,21;4071,52;
GLAUPERCIO SANTOS CASTELO BRANCO;DEPTO.DE ENGENHARIA;ENG-I;; ESTATUTARIO;11871,08;;11871,08;2435,03;9436,05;
GUSTAVO BRUGNARA DA SILVEIRA;SECRETARIA EXECUTIVA;SECRETARIO EXECUTIVO ADJUNTO;NAO INFORMADO; CARGO COMISSION.S/VINCULO;9500,00;;9500,00;2071,33;7428,67;
HARLEY AUGUSTO VIEIRA DOS SANTOS;DEPARTAMENTO DE ENGENHARIA;ASSESSOR II;NAO INFORMADO; CARGO COMISSION.S/VINCULO;4709,79;;4709,79;670,28;4039,51;
HELANE ARAUJO DA COSTA;ASSESSORIA JURIDICA;ASSESSOR TECNICO;NAO INFORMADO; CARGO COMISSION.S/VINCULO;7500,00;;7500,00;1521,33;5978,67;
HELIDA ARAUJO DA COSTA;DEPTO.DE ENGENHARIA;ASSESSOR III;NAO INFORMADO; CARGO COMISSION.S/VINCULO;3691,80;;3691,80;422,40;3269,40;
HENNYSOW RENATO TRAJANO GANDRA;GERENCIA DE PROJETOS;CADISTA;; ESTATUTARIO;4077,54;;4077,54;279,63;3797,91;
HENRIETT SANTOS VIANNA COSTA;GERENCIA DE CONTABILIDADE;A.TEC-I;; ESTATUTARIO;4392,70;;4392,70;319,80;4072,90;
IRISNALDO VALENTE DE LIRA;GERENCIA DE GESTAO DE PESSOAS;A.TEC-I;; ESTATUTARIO;4402,40;;4402,40;293,63;4108,77;
IVAN MATIAS LIMA;GERENCIA DE MANUTENCAO;AGENTE PORTUARIO II;ASSESSOR II; ESTATUTARIO;5849,42;;5849,42;605,08;5244,34;
IVANIZE MARIA SIQUEIRA DE FARIAS;DEPARTAMENTO DE ADM.E FINANCAS;ASSESSOR II;ASSESSOR II AD-2; CARGO COMISSION.S/VINCULO;4709,79;;4709,79;670,28;4039,51;
IVETE COELHO DIBO;GERENCIA DE OBRAS DO INTERIOR;ASSESSOR TECNICO;; CARGO COMISSION.S/VINCULO;7500,00;;7500,00;1399,23;6100,77;
JADIR MILLER RAMOS;GERENCIA DE MANUTENCAO;AUX.O-I;; ESTATUTARIO;4417,69;;4417,69;210,12;4207,57;
JAIR TEOFILO DE PONTES FILHO;GERENCIA DE TRANSPORTES;ENG.O-II;; ESTATUTARIO;10393,74;;10393,74;2161,94;8231,80;
JANNES HENRIQUE DA SILVA;GERENCIA DE ORCAMENTOS;ASSESSOR III;NAO INFORMADO; CARGO COMISSION.S/VINCULO;3691,80;;3691,80;422,40;3269,40;
JANNY MARY MOTA DA SILVA;GERENCIA DE OBRAS DO INTERIOR;ASSESSOR II;; CARGO COMISSION.S/VINCULO;4709,79;;4709,79;670,28;4039,51;
JANSEN DE OLIVEIRA MONTE;DEPTO.DE ENGENHARIA;DIGITADOR;; ESTATUTARIO;4077,54;;4077,54;251,20;3826,34;
JARLAN BIASE DE LIMA;GERENCIA DE TRANSPORTES;FISCAL RODOVIARIO;; ESTATUTARIO;4077,54;;4077,54;251,20;3826,34;
JEROCILIO ROBERTO SIMOES A SILVA;GERENCIA DE OBRAS DA CAPITAL;ENG-I;; ESTATUTARIO;18856,62;;18856,62;4857,95;13998,67;
JOACY DE SOUZA CASTELO;GERENCIA DE GESTAO DE PESSOAS;ASSESSOR IV;ASSESSOR IV AD-4; CARGO COMISSION.S/VINCULO;3675,61;;3675,61;418,48;3257,13;
JOAO IBERNON DE MOURA;GERENCIA DE PROJETOS;TPG-I;; ESTATUTARIO;5767,55;;5767,55;581,09;5186,46;
JOAO NUNES CORREA JUNIOR;GERENCIA DE MANUTENCAO;ASSESSOR IV;ASSESSOR IV AD-4; CARGO COMISSION.S/VINCULO;4734,15;;4734,15;677,51;4056,64;
JOAO PINTO DOS SANTOS;GERENCIA DE PROJETOS;AUX.O-I;; ESTATUTARIO;4487,79;;4487,79;277,72;4210,07;
JOAO SEIXAS DA SILVA;GERENCIA DE MANUTENCAO;AUX.O-I;; ESTATUTARIO;4320,46;;4320,46;266,96;4053,50;
JORGE RENATO CASTRO DA SILVA;DEPARTAMENTO DE ADM.E FINANCAS;SECRETARIO EXECUTIVO ADJUNTO;NAO INFORMADO; CARGO COMISSION.S/VINCULO;9500,00;;9500,00;2071,33;7428,67;
JOSE ALMEIDA DE OLIVEIRA;ASSESSORIA JURIDICA;ENG-I;ASSESSOR I; ESTATUTARIO;13013,07;;13013,07;2957,63;10055,44;
JOSE DE RIBAMAR XAVIER D E SILVA;GERENCIA DE PROJETOS;TNS-I;GERENTE, AD-2; ESTATUTARIO;11980,94;;11980,94;2540,22;9440,72;
JOSE MAURICIO DOS SANTOS TOMAZ;ASSESSORIA JURIDICA;ASSESSOR I;ASSESSOR I AD-1; CARGO COMISSION.S/VINCULO;5729,77;;5729,77;986,40;4743,37;
JOSEANE CASTRO ALMEIDA;GABINETE DO SECRETARIO;ASSESSOR III;NAO INFORMADO; CARGO COMISSION.S/VINCULO;3691,80;;3691,80;422,40;3269,40;
JOYCE SOUZA DE SENA MARINHO;GERENCIA DE OBRAS DO INTERIOR;ASSESSOR TECNICO;ASSESSOR TECNICO; CARGO COMISSION.S/VINCULO;9833,33;;9833,33;2163,00;7670,33;
JULIANO TELES RAMOS;GERENCIA DE OBRAS DO INTERIOR;ASSESSOR I;NAO INFORMADO; CARGO COMISSION.S/VINCULO;5729,77;;5729,77;986,40;4743,37;
JURACI SILVA CARDOSO;DEPTO.DE ENGENHARIA;A.TEC-I;; ESTATUTARIO;4402,40;;4402,40;378,94;4023,46;
KARLA CRISTINA PEREIRA P PORTELLA;GERENCIA DE PROJETOS;ASSESSOR II;ASSESSOR II AD-2; CARGO COMISSION.S/VINCULO;6113,05;;6113,05;1121,87;4991,18;
KATIA MARIA SOARES B C CAPOBIANGO;GABINETE DO SECRETARIO;ARQUITETO;; ESTATUTARIO;10591,90;;10591,90;1969,98;8621,92;
KEITOKU TOYODA;GERENCIA DE ORCAMENTO;ENG-I;CHEFE SETOR CUSTOS; ESTATUTARIO;11505,98;;11505,98;1512,17;9993,81;
KELLY SUELEN CORREA HOLANDA;DEPARTAMENTO DE INFORMATICA;ASSESSOR I;ASSESSOR I AD 1; CARGO COMISSION.S/VINCULO;7473,03;;7473,03;1513,91;5959,12;
KEN NISHIKIDO;GERENCIA DE ORCAMENTO;ENG-I;; ESTATUTARIO;11936,99;;11936,99;2487,17;9449,82;
LAZARO ROQUE DOS SANTOS;GERENCIA DE PROJETOS;AUX.O-I;; ESTATUTARIO;5418,71;;5418,71;509,68;4909,03;
LESSIANE DE SOUSA SOARES;DEPARTAMENTO DE ADM.E FINANCAS;DIGITADOR;; ESTATUTARIO;5270,05;;5270,05;552,23;4717,82;
LINDOMAR DA SILVA VARGAS;GERENCIA DE CONTABILIDADE;ASSESSOR TECNICO;NAO INFORMADO; CARGO COMISSION.S/VINCULO;7500,00;;7500,00;1521,33;5978,67;
LIZANDRA VALERIA PEREIRA BRUGNARA;ASSESSORIA DE PLANEJAMENTO;ASSESSOR TECNICO;NAO INFORMADO; CARGO COMISSION.S/VINCULO;7500,00;;7500,00;1521,33;5978,67;
LUCAS MACEDO BEZERRA;ASSESSORIA JURIDICA;ASSESSOR TECNICO;NAO INFORMADO; CARGO COMISSION.S/VINCULO;7500,00;;7500,00;1521,33;5978,67;
LUCICLEY BARBOSA E SA;GERENCIA DE GESTAO DE PESSOAS;ASSESSOR III;ASSESSOR III AD-3; CARGO COMISSION.S/VINCULO;3691,80;;3691,80;422,40;3269,40;
LUIZ ANTONIO DE V D JUNIOR;GERENCIA DE PROJETOS;ASSESSOR I;ASSESSOR I AD-1; CARGO COMISSION.S/VINCULO;5729,77;;5729,77;843,85;4885,92;
LUIZ CARLOS PEREIRA DO NASCIMENTO;GERENCIA DE PROJETOS;MOT-I;; ESTATUTARIO;4618,85;;4618,85;435,71;4183,14;
LUIZ HENRIQUE MARTINS LINHARES;GERENCIA DE TRANSPORTES;A.OPE-I;; ESTATUTARIO;6395,58;;6395,58;823,73;5571,85;
LUIZA DE ALMEIDA AFONSO;ASSESSORIA JURIDICA;ASSESSOR TECNICO;NAO INFORMADO; CARGO COMISSION.S/VINCULO;7500,00;;7500,00;1521,33;5978,67;
MAIRA CASTRO LOPES;GERENCIA DE PROJETOS;ASSESSOR I;; CARGO COMISSION.S/VINCULO;5729,77;;5729,77;986,40;4743,37;
MANOEL BESSA NETO;GERENCIA DE MANUTENCAO;ASSESSOR III;NAO INFORMADO; CARGO COMISSION.S/VINCULO;3691,80;;3691,80;422,40;3269,40;
MANOEL DE CASTRO PAIVA;SECRETARIA EXECUTIVA;ENG.O-I;; ESTATUTARIO;11031,31;;11031,31;2352,31;8679,00;
MANOEL FERNANDES DA SILVA;GERENCIA DE PROJETOS;AUX.O-I;; ESTATUTARIO;5372,08;;5372,08;496,22;4875,86;
MANUEL RIBAMAR VALDEVINO OLIVEIRA;GERENCIA DE TRANSPORTES;ENG.O-I;; ESTATUTARIO;10618,73;;10618,73;2024,30;8594,43;
MANUELA GOMES DA SILVA;DEPARTAMENTO DE ADM.E FINANCAS;ASSESSOR I;NAO INFORMADO; CARGO COMISSION.S/VINCULO;5729,77;;5729,77;971,82;4757,95;
MARA SOCORRO DE SOUZA LOBO;GABINETE DO SECRETARIO;ASSESSOR II;ASSESSOR II AD-2; CARGO COMISSION.S/VINCULO;4709,79;;4709,79;670,28;4039,51;
MARCELLUS JOSE BARROSO CAMPELO;SECRETARIA EXECUTIVA;SECRETARIO EXECUTIVO;NAO INFORMADO; CARGO COMISSION.S/VINCULO;12200,00;;12200,00;2813,83;9386,17;
MARCELO CELSO BASTOS DE AGUIAR;GERENCIA DE OBRAS DA CAPITAL;ENG-I;; ESTATUTARIO;14192,94;;14192,94;3827,86;10365,08;
MARCELO TAVARES DE CARVALHO;ASSESSORIA DE PLANEJAMENTO;ASSESSOR TECNICO;NAO INFORMADO; CARGO COMISSION.S/VINCULO;7500,00;;7500,00;1521,33;5978,67;
MARCIO BRITO DA SILVA;GERENCIA DE MANUTENCAO;ASSESSOR IV;NAO INFORMADO; CARGO COMISSION.S/VINCULO;3675,61;;3675,61;404,26;3271,35;
MARCO ANTONIO MUNIZ RIBEIRO;GERENCIA DE OBRAS DA CAPITAL;ASSESSOR II;NAO INFORMADO; CARGO COMISSION.S/VINCULO;4709,79;;4709,79;603,68;4106,11;
MARCO AYALLA BEZERRA PAIVA;ASSESSORIA JURIDICA;ASSESSOR TECNICO;NAO INFORMADO; CARGO COMISSION.S/VINCULO;7500,00;;7500,00;1521,33;5978,67;
MARCOS CASTRO DE SOUZA;DEPARTAMENTO DE ADM.E FINANCAS;ASSESSOR III;; CARGO COMISSION.S/VINCULO;3691,80;;3691,80;422,40;3269,40;
MARCOS VINICIUS BARROS DE ANDRADE;DEPTO.DE ENGENHARIA;GERENTE;; CARGO COMISSION.S/VINCULO;4709,79;;4709,79;670,28;4039,51;
MARIA DE FATIMA LIMA DE MATOS;DEPARTAMENTO DE ADM.E FINANCAS;ASSISTENTE TECNICO 1A CLASSE;; ESTATUTARIO;4086,28;;4086,28;281,76;3804,52;
MARIA DE FATIMA NUNES RIBEIRO;GERENCIA DE TRANSPORTES;A.TEC-I;SECRETARIA DA DO; ESTATUTARIO;4201,57;;4201,57;345,74;3855,83;
MARIA DO CARMO FERREIRA DA SILVA;GERENCIA DE PROJETOS;A.TEC-I;; ESTATUTARIO;4200,29;;4200,29;345,43;3854,86;
MARIA DO CARMO VIEIRA GOLVIM;GERENCIA DE ORCAMENTO;ENG-I;; ESTATUTARIO;11377,39;;11377,39;2510,89;8866,50;
MARIA DO PERPETUO S F OLIVEIRA;GERENCIA DE GESTAO DE PESSOAS;ASSESSOR I;; CARGO COMISSION.S/VINCULO;5729,77;;5729,77;986,40;4743,37;
MARIA EMILIA LEITE FRANCA;GERENCIA DE MANUTENCAO;AUX.ADM-I;; ESTATUTARIO;4243,41;;4243,41;312,02;3931,39;
MARIA JOSE LITAIFF E LITAIFF;GERENCIA DE PROJETOS;DES-I;ASSESSOR I - AD-1; ESTATUTARIO;6369,52;;6369,52;830,61;5538,91;
MARIA MARIANA CARNEIRO;GERENCIA DE GESTAO DE PESSOAS;AUXILIAR DE SERV GERAIS 3A CLASSE;; ESTATUTARIO;3970,55;;3970,55;193,48;3777,07;
MARILENA BO AGUIAR;GERENCIA DE ORCAMENTO;ENGENHEIRO;; ESTATUTARIO;10687,91;;10687,91;2195,11;8492,80;
MARIO JORGE DUTRA DA SILVA;GERENCIA DE OBRAS DO INTERIOR;ENG-I;ASSESSOR TECNICO; ESTATUTARIO;11321,32;;11321,32;2368,91;8952,41;
MARIO RODRIGUES MONTEIRO JUNIOR;GERENCIA DE CONTR.FINANCEIROS;ASSESSOR II;NAO INFORMADO; CARGO COMISSION.S/VINCULO;4709,79;;4709,79;641,84;4067,95;
MARLA ALMEIDA DE SAN MARTIN;GABINETE DO SECRETARIO;ASSESSOR II;; CARGO COMISSION.S/VINCULO;4709,79;;4709,79;584,96;4124,83;
MARLENE LOPES DO NASCIMENTO;GERENCIA DE ORCAMENTO;DES-I;; ESTATUTARIO;4406,39;;4406,39;340,94;4065,45;
MIKAELEN SARINA BATISTA VALENTE;GERENCIA DE OBRAS DA CAPITAL;ASSESSOR II;NAO INFORMADO; CARGO COMISSION.S/VINCULO;4709,79;;4709,79;670,28;4039,51;
NEY AFONSO SIQUEIRA AGUIAR;GERENCIA DE PROJETOS;DES-I;; ESTATUTARIO;4227,83;;4227,83;373,49;3854,34;
NIVALNETT DOS SANTOS OSORIO;GERENCIA DE CONTR.FINANCEIROS;GERENTE;NAO INFORMADO; CARGO COMISSION.S/VINCULO;4709,79;;4709,79;670,28;4039,51;
ODENILSON ROBERTO AZEVEDO SERIQUE;ASSESSORIA DE PLANEJAMENTO;ASSESSOR TECNICO;NAO INFORMADO; CARGO COMISSION.S/VINCULO;7500,00;;7500,00;1521,33;5978,67;
ODILENO RABELO DA SILVA;GERENCIA DE MANUTENCAO;ASSESSOR II;ASSESSOR II AD2; CARGO COMISSION.S/VINCULO;4709,79;;4709,79;641,84;4067,95;
ORLANDO AUGUSTO VIEIRA DE M JUNIOR;SECRETARIA EXECUTIVA;ENG-I;; ESTATUTARIO;17132,09;;17132,09;4729,75;12402,34;
ORLANDO SILVIO DE PAULA LIMA;GERENCIA DE PROJETOS;AUX.O-I;; ESTATUTARIO;4330,17;;4330,17;354,55;3975,62;
OSVALDO PEREIRA PINTO;GERENCIA DE MANUTENCAO;AUX.O-I;; ESTATUTARIO;4333,52;;4333,52;267,28;4066,24;
OSWALDO SAID JUNIOR;GERENCIA DE OBRAS DA CAPITAL;TNS-I;; ESTATUTARIO;9767,75;;9767,75;1939,87;7827,88;
PAULO JOSE DO NASCIMENTO;DEPTO.DE ENGENHARIA;ASSESSOR IV;ASSESSOR IV AD-4; CARGO COMISSION.S/VINCULO;3675,61;;3675,61;418,48;3257,13;
PAULO ROGERIO DE OLIVEIRA LEITE;GERENCIA DE PROJETOS;A.TEC-I;; ESTATUTARIO;4210,34;;4210,34;320,06;3890,28;
PAULO ROMEU LAMMEL HENDGES;DEPTO.DE ENGENHARIA;ASSESSOR I;; CARGO COMISSION.S/VINCULO;5729,77;;5729,77;971,82;4757,95;
RAFAELA ALMEIDA GUIMARAES;GERENCIA DE PROJETOS;ASSESSOR I;ASSESSOR I AD1; CARGO COMISSION.S/VINCULO;5729,77;;5729,77;986,40;4743,37;
RAIMUNDO CARNEIRO DE CASTRO;GERENCIA DE MANUTENCAO;MOT-I;; ESTATUTARIO;4644,72;;4644,72;400,86;4243,86;
RAIMUNDO MONTEIRO DO NASCIMENTO;DEPTO.DE ENGENHARIA;AUX.O-I;; ESTATUTARIO;5554,02;;5554,02;635,50;4918,52;
RAIMUNDO NONATO BELO SOARES;GERENCIA DE OBRAS DA CAPITAL;ENG-II;; ESTATUTARIO;15025,64;;15025,64;3445,55;11580,09;
RAIMUNDO NONATO FERREIRA DA SILVA;GERENCIA DE MANUTENCAO;AUX.O-I;; ESTATUTARIO;4487,79;;4487,79;337,60;4150,19;
RAIMUNDO NONATO GASPAR DE MELO;PESSOAL PROC.DE APOSENTADORIA;A.OPE-I;ASSESSOR II,AD-2; ESTATUTARIO;4263,99;;4263,99;247,80;4016,19;
RAIMUNDO PEDRACA FILGUEIRAS JUNIOR;GERENCIA DE ORCAMENTO;A.TEC-I;GERENTE, AD-2; ESTATUTARIO;4201,57;;4201,57;317,30;3884,27;
RAYANNY SILVA SIQUEIRA MONTEIRO;ASSESSORIA JURIDICA;ASSESSOR TECNICO;NAO INFORMADO; CARGO COMISSION.S/VINCULO;7500,00;;7500,00;1521,33;5978,67;
REGIANE CAMPOS DE CASTRO;GERENCIA DE PROJETOS;SUBGERENTE;NAO INFORMADO; CARGO COMISSION.S/VINCULO;3691,80;;3691,80;422,40;3269,40;
REGINALDO HILARIO DO NASCIMENTO;GERENCIA DE OBRAS DO INTERIOR;ASSISTENTE TECNICO 3A CLASSE;; ESTATUTARIO;6280,28;;6280,28;758,63;5521,65;
RENATA BEZERRA DE MELO;DEPARTAMENTO DE ADM.E FINANCAS;DIGITADOR;; ESTATUTARIO;1498,00;;1498,00;173,43;1324,57;
RENATO ANTONIO PAES BENAION;GERENCIA DE ORCAMENTO;ENG-I;; ESTATUTARIO;12224,39;;12224,39;2713,99;9510,40;
ROBERTO ALVES DE MENEZES;GERENCIA DE MANUTENCAO;AUX.O-I;AMOXARIFE; ESTATUTARIO;4264,39;;4264,39;253,83;4010,56;
ROBERTO PALMEIRA REIS;GERENCIA DE OBRAS DO INTERIOR;ASSESSOR TECNICO;ASSESSOR TECNICO; CARGO COMISSION.S/VINCULO;7500,00;;7500,00;1521,33;5978,67;
ROBERVAL DANTAS CAMPOS;GABINETE DO SECRETARIO;ASSESSOR IV;; CARGO COMISSION.S/VINCULO;3075,61;;3075,61;264,79;2810,82;
ROCICLEIA FERREIRA DA SILVA;GERENCIA DE GESTAO DE PESSOAS;ASSESSOR III;; CARGO COMISSION.S/VINCULO;3691,80;;3691,80;422,40;3269,40;
ROGERIO GENICIO LUCENA JUNIOR;GERENCIA DE TRANSPORTES;ASSESSOR TECNICO;ASSESSOR TECNICO; CARGO COMISSION.S/VINCULO;7500,00;;7500,00;1521,33;5978,67;
RONY MONTEIRO DA SILVA;GERENCIA DE CONTABILIDADE;ASSESSOR III;; CARGO COMISSION.S/VINCULO;3691,80;;3691,80;422,40;3269,40;
SALIME SOUZA NOBREGA;ASSESSORIA DE PLANEJAMENTO;ASSESSOR TECNICO;; CARGO COMISSION.S/VINCULO;7500,00;;7500,00;1521,33;5978,67;
SAMUEL CARVALHO DE SOUZA;SECRETARIA EXECUTIVA;ASSESSOR II;ASSESSOR II AD-2; CARGO COMISSION.S/VINCULO;4709,79;;4709,79;641,84;4067,95;
SANDRA SUELI FONTES RODRIGUES;DEPTO.DE ENGENHARIA;TNS-I;SECRETARIO EXECUTIVO; ESTATUTARIO;9663,93;;9663,93;1746,63;7917,30;
SERGIO REINALDO COLARES ALEGRIA;GERENCIA DE PROJETOS;ASSESSOR II;NAO INFORMADO; CARGO COMISSION.S/VINCULO;4709,79;;4709,79;670,28;4039,51;
SIDNEY MENDONCA DIAS DE ALMEIDA;GERENCIA DE MANUTENCAO;MOT-I;; ESTATUTARIO;4308,84;;4308,84;172,47;4136,37;
SILVIA PATRICIA MATOS GABRIEL;GERENCIA DE ORCAMENTO;ASSESSOR I;; CARGO COMISSION.S/VINCULO;5729,77;;5729,77;886,50;4843,27;
SIMONE COSTA MALAQUIAS;UNID.GEST.PR.SOC.AMB.IGARAPES;GERENTE;; CARGO COMISSION.S/VINCULO;4709,79;;4709,79;641,84;4067,95;
STELLA MARIA LOBATO HORTENCIO;GERENCIA DE PROJETOS;ASSESSOR III;; CARGO COMISSION.S/VINCULO;3691,80;;3691,80;392,90;3298,90;
SYLVANA CELIVIA GOMES FREITAS;SECRETARIA EXECUTIVA;ASSESSOR II;ASSESSOR II AD-2; CARGO COMISSION.S/VINCULO;4709,79;;4709,79;641,84;4067,95;
TALITA DO SOCORRO DE SOUZA VIANA;GERENCIA DE GESTAO DE PESSOAS;GERENTE;NAO INFORMADO; CARGO COMISSION.S/VINCULO;4709,79;;4709,79;641,84;4067,95;
TELMO FERNANDES TORRES;DEPTO.DE ENGENHARIA;AUX.O-I;; ESTATUTARIO;4375,46;;4375,46;365,16;4010,30;
TEREZA CRISTINA PEREIRA DE MELO;GERENCIA DE ORCAMENTO;DIGITADOR;ASSESSOR II; ESTATUTARIO;6862,05;;6862,05;921,88;5940,17;
THAIS CAMPOS DE OLIVEIRA SAMPAIO;DEPARTAMENTO DE ADM.E FINANCAS;GERENTE;NAO INFORMADO; CARGO COMISSION.S/VINCULO;4709,79;;4709,79;670,28;4039,51;
THIAGO GUEDES DE OLIVEIRA;GABINETE DO SECRETARIO;ASSESSOR I;NAO INFORMADO; CARGO COMISSION.S/VINCULO;5729,77;;5729,77;986,40;4743,37;
TYSSIA REGIA RAYOL C OLIVEIRA;GERENCIA DE OBRAS DO INTERIOR;ENG-III;; ESTATUTARIO;10848,84;;10848,84;2292,04;8556,80;
VALDENILSON CABRAL QUEIROZ;DEPTO.DE ENGENHARIA;ASSESSOR I;NAO INFORMADO; CARGO COMISSION.S/VINCULO;5729,77;;5729,77;986,40;4743,37;
VENANCIO WILLIAMS DA S FREIRE;GERENCIA DE TRANSPORTES;FISCAL RODOVIARIO;; ESTATUTARIO;4077,54;;4077,54;308,07;3769,47;
VERA LANE DE CASTRO MARTINS;GABINETE DO SECRETARIO;ASSESSOR I;; CARGO COMISSION.S/VINCULO;5729,77;;5729,77;971,82;4757,95;
VICENTE PARENTE DE ARAUJO JUNIOR;GERENCIA DE ORCAMENTO;AUXILIAR DE TOPOGRAFIA;ASSESSOR I; ESTATUTARIO;6155,81;;6155,81;573,49;5582,32;
VINICIUS SILVEIRA DA SILVA CARVALHO;GERENCIA DE PROJETOS;ASSESSOR TECNICO;NAO INFORMADO; CARGO COMISSION.S/VINCULO;7500,00;;7500,00;1521,33;5978,67;
VITORIA DE LIMA FEITOSA NORONHA;DEPARTAMENTO DE ADM.E FINANCAS;ASSESSOR IV;NAO INFORMADO; CARGO COMISSION.S/VINCULO;3675,61;;3675,61;418,48;3257,13;
VLADIMIR ANTONIO DE LIMA GOMES;GERENCIA DE ORCAMENTO;ASSESSOR TECNICO;; CARGO COMISSION.S/VINCULO;7500,00;;7500,00;1399,23;6100,77;
WALMEM DE MELO BOTELHO;PESSOAL PROC.DE APOSENTADORIA;DES-I;; ESTATUTARIO;3736,58;;3736,58;318,74;3417,84;
WALTER DA SILVA MERGULHAO;GERENCIA DE OBRAS DO INTERIOR;ASSESSOR TECNICO;ASSESSOR TECNICO; CARGO COMISSION.S/VINCULO;7500,00;;7500,00;1521,33;5978,67;
WENDELL DA SILVA AFONSO;GERENCIA DE CONTR.FINANCEIROS;GERENTE;; CARGO COMISSION.S/VINCULO;4709,79;;4709,79;670,28;4039,51;
WILSON LUIZ SOUZA TINOCO;GERENCIA DE OBRAS DO INTERIOR;ASSESSOR I;; CARGO COMISSION.S/VINCULO;5729,77;;5729,77;971,82;4757,95;
WLADIMIR BARROSO GUEDES DE A JUNIOR;GERENCIA DE PROJETOS;A.OPE-I;; ESTATUTARIO;4315,80;;4315,80;316,69;3999,11;
