NOME;LOTACAO;CARGO;FUNCAO;VINCULO;REMUNERACAO LEGAL TOTAL(R$);DESC.TETO(R$); REMUNERACAO LEGAL DEVIDA(R$);DESCONTOS LEGAIS(R$);LIQUIDO DISPONIVEL(R$);
ADONIAS DE OLIVEIRA BRITO;GERENCIA DE VISTORIA;ASSESSOR III;NAO INFORMADO; CARGO COMISSION.S/VINCULO;3691,80;;3691,80;422,40;3269,40;
ADRIANA DE ARAUJO BASTOS;DEPARTAMENTO DE POL.FUNDIARIA;CHEFE DE DEPARTAMENTO;NAO INFORMADO; CARGO COMISSION.S/VINCULO;5729,77;;5729,77;986,40;4743,37;
ADRIANA MARTINS DA SILVA;GABINETE DO SECRETARIO;ASSESSOR III;NAO INFORMADO; CARGO COMISSION.S/VINCULO;3691,80;;3691,80;422,40;3269,40;
AFONSO AURINO DE OLIVEIRA E SILVA;SECRETARIA EXECUTIVA;AUXILIAR TECNICO;; C.L.T.;3936,00;;3936,00;412,86;3523,14;
ALBERICO LIMA DE OLIVEIRA;SECRETARIA EXECUTIVA;A.TEC-I;; ESTATUTARIO;4392,70;;4392,70;319,80;4072,90;
ALEX EDER DE LIMA RODRIGUES;SECRETARIA EXECUTIVA;GERENTE;NAO INFORMADO; CARGO COMISSION.S/VINCULO;4709,79;;4709,79;670,28;4039,51;
ALEX SANDRO PEREIRA DE ABREU;ASSESSORIA;ASSESSOR III;NAO INFORMADO; CARGO COMISSION.S/VINCULO;3691,80;;3691,80;422,40;3269,40;
ALMIR DO NASCIMENTO LIMA;GERENCIA DE MATER.E PATRIMONIO;VIGIA;; ESTATUTARIO;2596,98;;2596,98;137,77;2459,21;
ALMIRA HENRIQUES BENOLIEL;GERENCIA DE ORC.E FINANCAS;CHEFE DE DEPARTAMENTO;NAO INFORMADO; CARGO COMISSION.S/VINCULO;5729,77;;5729,77;986,40;4743,37;
ANA MAURA MAGALHAES GENTIL;DEPARTAMENTO DE ADM.E FINANCAS;ENGENHEIRO AGRONOMO;; ESTATUTARIO;7006,46;;7006,46;1305,63;5700,83;
ANA SIMONE DE OLIVEIRA MORAES;DEPARTAMENTO DE ADM.E FINANCAS;AUX.O-I;; ESTATUTARIO;4210,34;;4210,34;270,89;3939,45;
ANDERSON OSCAR SOUZA DA SILVEIRA;GERENCIA DE CARTOGRAFIA;ASSESSOR II;NAO INFORMADO; CARGO COMISSION.S/VINCULO;4709,79;;4709,79;670,28;4039,51;
ANDRE RAMOS DE SOUZA;ASSESSORIA;ASSESSOR I;NAO INFORMADO; CARGO COMISSION.S/VINCULO;5729,77;;5729,77;986,40;4743,37;
ANDREZA MAIA DA SILVA BOTELHO;ASSESSORIA;ASSESSOR II;ASSESSOR II AD-2; CARGO COMISSION.S/VINCULO;4709,79;;4709,79;670,28;4039,51;
ANITA LEOCADIA V S MELCHOR;GERENCIA DE PROG.E PESQUISAS;TECNICO II;; ESTATUTARIO;6131,05;;6131,05;929,68;5201,37;
ANNIK JACOB GENTIL;GABINETE DO SECRETARIO;SECRETARIO EXECUTIVO ADJUNTO;NAO INFORMADO; CARGO COMISSION.S/VINCULO;9500,00;;9500,00;2071,33;7428,67;
ANTONIETA TORRES DE LIMA NETA;ASSESSORIA;ASSESSOR IV;NAO INFORMADO; CARGO COMISSION.S/VINCULO;3675,61;;3675,61;418,48;3257,13;
ANTONIO ALFREDO COSTA FILHO;GERENCIA DE MATER.E PATRIMONIO;A.OPE-I;; ESTATUTARIO;5470,44;;5470,44;489,54;4980,90;
ANTONIO DOS SANTOS MARQUES FILHO;GERENCIA DE PROG.E PESQUISAS;ASSESSOR III;NAO INFORMADO; CARGO COMISSION.S/VINCULO;3691,80;;3691,80;422,40;3269,40;
AURELIO BRANDAO DA SILVA;GERENCIA DE MATER.E PATRIMONIO;AUX.S.G-III;AUX. SERV. GERAIS; ESTATUTARIO;2972,36;;2972,36;161,56;2810,80;
BEATRIZ ALBUQUERQUE DA SILVA;SECRETARIA EXECUTIVA;ASSESSOR II;NAO INFORMADO; CARGO COMISSION.S/VINCULO;4709,79;;4709,79;670,28;4039,51;
BRUNNO DOS SANTOS FERNANDES;ASSESSORIA;ASSESSOR I;ASSESSOR I AD-1; CARGO COMISSION.S/VINCULO;5729,77;;5729,77;986,40;4743,37;
CARLOS ALBERTO CARDOSO DE SOUZA;DEPARTAMENTO DE ADM.E FINANCAS;ASSISTENTE TECNICO;; ESTATUTARIO;3512,51;;3512,51;181,42;3331,09;
CARLOS HORACIO DA ROCHA GAMA;DEPARTAMENTO DE ADM.E FINANCAS;TNS-I;; ESTATUTARIO;7659,16;;7659,16;1547,72;6111,44;
CLAUDENIZA OZORIO DE CARVALHO;GERENCIA DE ORC.E FINANCAS;A.TEC-I;; ESTATUTARIO;3745,91;;3745,91;328,72;3417,19;
CLODUALDO LIMA DUARTE;DEPARTAMENTO DE ADM.E FINANCAS;ASSISTENTE TECNICO;; ESTATUTARIO;3503,77;;3503,77;224,46;3279,31;
CRISTINA MARIA SANCHES GOMES MAR;ASSESSORIA;ASSESSOR II;NAO INFORMADO; CARGO COMISSION.S/VINCULO;4709,79;;4709,79;670,28;4039,51;
CRISTOVAM DA COSTA CORDEIRO;DEPARTAMENTO DE ADM.E FINANCAS;MOT-I;; ESTATUTARIO;4337,39;;4337,39;257,39;4080,00;
DAIANE MOREIRA CARDOZO;GERENCIA DE CARTOGRAFIA;ASSESSOR II;; CARGO COMISSION.S/VINCULO;4709,79;;4709,79;670,28;4039,51;
DAYANE CAMPOS FRANCO E SILVA;SECRETARIA EXECUTIVA;GERENTE;NAO INFORMADO; CARGO COMISSION.S/VINCULO;4709,79;;4709,79;670,28;4039,51;
DEUSDETE COSTA SENNA;GERENCIA DE MATER.E PATRIMONIO;MOTORISTA 3A CLASSE;; ESTATUTARIO;4189,20;;4189,20;271,18;3918,02;
EDER JOSE DA CUNHA TEIXEIRA;SECRETARIA EXECUTIVA;ASSISTENTE TECNICO;; ESTATUTARIO;4095,03;;4095,03;312,33;3782,70;
EDNEIA PEREIRA DOURADO;SECRETARIA EXECUTIVA;ASSISTENTE ADMINISTRATIVO I;; C.L.T.;3936,00;;3936,00;441,29;3494,71;
EDSON SILVA ARAUJO;SECRETARIA EXECUTIVA;A.TEC-I;; ESTATUTARIO;4219,09;;4219,09;173,61;4045,48;
EDUARDO MENDONCA JUNIOR;GERENCIA DE ORC.E FINANCAS;A.TEC-II;; ESTATUTARIO;4141,46;;4141,46;328,12;3813,34;
ELEONORA FERREIRA DOS SANTOS;SECRETARIA EXECUTIVA;A.TEC-I;; ESTATUTARIO;4210,34;;4210,34;291,62;3918,72;
ERNANDO DOS SANTOS DIAS;DEPARTAMENTO DE ADM.E FINANCAS;ASSISTENTE TECNICO;; ESTATUTARIO;3503,77;;3503,77;208,32;3295,45;
ETY DOS SANTOS;DEPARTAMENTO DE ADM.E FINANCAS;AUX.S.G-II;; ESTATUTARIO;3167,70;;3167,70;138,81;3028,89;
EZEGLAIR PEREIRA DE SOUZA;GERENCIA DE MATER.E PATRIMONIO;MOT-II;; ESTATUTARIO;4252,91;;4252,91;219,18;4033,73;
FABIANA CRUZ DE OLIVEIRA;GABINETE DO SECRETARIO;ASSESSOR I;NAO INFORMADO; CARGO COMISSION.S/VINCULO;5729,77;;5729,77;986,40;4743,37;
FABIO DOS SANTOS PATRICIO;ASSESSORIA;ASSESSOR I;; CARGO COMISSION.S/VINCULO;5729,77;;5729,77;943,74;4786,03;
FELIPE PINHEIRO MOREIRA;ASSESSORIA;GERENTE;NAO INFORMADO; CARGO COMISSION.S/VINCULO;4709,79;;4709,79;670,28;4039,51;
FERNANDA BATALHA IANNUZZI;ASSESSORIA;ASSESSOR I;; CARGO COMISSION.S/VINCULO;5729,77;;5729,77;986,40;4743,37;
FLAVIA REBECA GOMES DA SILVA;ASSESSORIA;ASSESSOR III;NAO INFORMADO; CARGO COMISSION.S/VINCULO;3691,80;;3691,80;422,40;3269,40;
FRANCISCA DAS CHAGAS F GARCEZ;DEPARTAMENTO DE ADM.E FINANCAS;AGENTE DE ADMINISTRACAO;; ESTATUTARIO;2093,77;;2093,77;151,41;1942,36;
FRANCISCA DO NASCIMENTO ELIAS;DEPARTAMENTO DE ADM.E FINANCAS;A.TEC-I;; ESTATUTARIO;3792,70;;3792,70;222,08;3570,62;
FRANCISCO DE ASSIS SOUTO;DEPARTAMENTO DE ADM.E FINANCAS;TNS-I;; ESTATUTARIO;5813,22;;5813,22;742,48;5070,74;
FRANKLIN ROLIM ODA;ASSESSORIA;AGENTE ADMINISTRATIVO;GERENTE AD-2; ESTATUTARIO;5098,57;;5098,57;449,57;4649,00;
GEANNY GRIFFITH DUARTE SILVA;ASSESSORIA;ASSESSOR IV;NAO INFORMADO; CARGO COMISSION.S/VINCULO;3075,61;;3075,61;264,79;2810,82;
GERMAN CUSQUISIBAN ESCOBAL;DEPARTAMENTO DE ADM.E FINANCAS;A.TEC-I;; ESTATUTARIO;4623,81;;4623,81;424,04;4199,77;
GILSON AGUIAR DA SILVA;GERENCIA DE PROG.E PESQUISAS;ASSESSOR I;NAO INFORMADO; CARGO COMISSION.S/VINCULO;5729,77;;5729,77;986,40;4743,37;
GREYCE FIGUEREDO PEREIRA;GERENCIA DE CARTOGRAFIA;ASSESSOR II;NAO INFORMADO; CARGO COMISSION.S/VINCULO;4709,79;;4709,79;670,28;4039,51;
HANNA BEATRICE MACHADO LIMA;ASSESSORIA;ASSESSOR II;NAO INFORMADO; CARGO COMISSION.S/VINCULO;4709,79;;4709,79;670,28;4039,51;
HELLEN REGINA PINHEIRO JORDAO;ASSESSORIA;ASSESSOR IV;ASSESSOR IV AD-4; CARGO COMISSION.S/VINCULO;3675,61;;3675,61;418,48;3257,13;
HEROS LOPES RODRIGUES;ASSESSORIA;CHEFE DE DEPARTAMENTO;NAO INFORMADO; CARGO COMISSION.S/VINCULO;5729,77;;5729,77;986,40;4743,37;
IPOJUCAN EDEN BATURITE;SECRETARIA EXECUTIVA;TECNICO EM AGROPECUARIA;; ESTATUTARIO;4674,04;;4674,04;362,38;4311,66;
IRAILSON CARDOSO DE ALMEIDA;ASSESSORIA;ASSESSOR II;ASSESSOR II AD-2; CARGO COMISSION.S/VINCULO;4709,79;;4709,79;670,28;4039,51;
IVONE DA SILVA FREIRE;DEPARTAMENTO DE ADM.E FINANCAS;A.TEC-I;; ESTATUTARIO;4432,83;;4432,83;386,38;4046,45;
IZA LEITAO SOBRINHO;ASSESSORIA;ASSESSOR I;NAO INFORMADO; CARGO COMISSION.S/VINCULO;5729,77;;5729,77;986,40;4743,37;
JESSICA DE OLIVEIRA ARAUJO;GERENCIA DE PROG.E PESQUISAS;ASSESSOR III;NAO INFORMADO; CARGO COMISSION.S/VINCULO;3091,80;;3091,80;267,35;2824,45;
JOAQUIM MARQUES DOS SANTOS JUNIOR;GERENCIA DE PROG.E PESQUISAS;TECNICO III;ASSESSOR I - AD-1; ESTATUTARIO;8719,51;;8719,51;904,40;7815,11;
JOHNANTHAN DOS SANTOS PEREIRA;GERENCIA DE MATER.E PATRIMONIO;ASSESSOR IV;NAO INFORMADO; CARGO COMISSION.S/VINCULO;3675,61;;3675,61;418,48;3257,13;
JONES GOMES BENTES;ASSESSORIA;ASSESSOR II;NAO INFORMADO; CARGO COMISSION.S/VINCULO;4709,79;;4709,79;670,28;4039,51;
JOSE DAVID NOGUEIRA DA SILVA;SECRETARIA EXECUTIVA;SECRETARIO EXECUTIVO;NAO INFORMADO; CARGO COMISSION.S/VINCULO;12200,00;;12200,00;2813,83;9386,17;
KAREN PESSOA PEREIRA;GERENCIA DE CARTOGRAFIA;ASSESSOR I;NAO INFORMADO; CARGO COMISSION.S/VINCULO;5729,77;;5729,77;986,40;4743,37;
KARINE SOUZA FLORES;ASSESSORIA;ASSESSOR I;NAO INFORMADO; CARGO COMISSION.S/VINCULO;5729,77;;5729,77;986,40;4743,37;
KELLEN DE SOUSA MOURA;GABINETE DO SECRETARIO;GERENTE;NAO INFORMADO; CARGO COMISSION.S/VINCULO;4709,79;;4709,79;670,28;4039,51;
LEANDRO RIBEIRO PAIXAO;ASSESSORIA;ASSESSOR I;NAO INFORMADO; CARGO COMISSION.S/VINCULO;5729,77;;5729,77;986,40;4743,37;
LEONARDO CESAR RABELLO ITUASSU;ASSESSORIA;ASSESSOR I;; CARGO COMISSION.S/VINCULO;5729,77;;5729,77;986,40;4743,37;
LEONARDO ONO;ASSESSORIA;ASSESSOR IV;NAO INFORMADO; CARGO COMISSION.S/VINCULO;3675,61;;3675,61;418,48;3257,13;
LILIA MARIA DA MOTA SILVA;DEPARTAMENTO DE ADM.E FINANCAS;ASSISTENTE TECNICO;; ESTATUTARIO;4095,02;;4095,02;312,33;3782,69;
LUCAS DE OLIVEIRA BRILHANTE;SECRETARIA EXECUTIVA;AGENTE ADM.-AGA-T.S.N.A.-E;GERENTE; ESTATUTARIO;5240,44;;5240,44;568,13;4672,31;
LUCIA REGINE SANTOS DA SILVA;GERENCIA DE MATER.E PATRIMONIO;AUXILIAR DE SERV GERAIS 2A CLASSE;; ESTATUTARIO;3799,40;;3799,40;180,65;3618,75;
LUCINDA AURORA OLIVEIRA LIMA;DEPARTAMENTO DE ADM.E FINANCAS;A.TEC-I;; ESTATUTARIO;4382,24;;4382,24;316,79;4065,45;
LUIZ CARLOS RENOVATO DOS SANTOS;GERENCIA DE PROG.E PESQUISAS;A.TEC-I;; ESTATUTARIO;4210,34;;4210,34;348,50;3861,84;
LUIZ RICARDO DA SILVA TAKAFAZ;ASSESSORIA;ASSESSOR III;NAO INFORMADO; CARGO COMISSION.S/VINCULO;3691,80;;3691,80;422,40;3269,40;
LUKAS PEREIRA MENDES;ASSESSORIA;ASSESSOR III;NAO INFORMADO; CARGO COMISSION.S/VINCULO;3691,80;;3691,80;422,40;3269,40;
MAIZA LEITE ANDRADE;DEPARTAMENTO DE ADM.E FINANCAS;AUX.ADM-III;; ESTATUTARIO;2406,71;;2406,71;163,78;2242,93;
MANOEL RAIMUNDO DA ROCHA;GERENCIA DE CARTOGRAFIA;A.TEC-II;; ESTATUTARIO;4142,48;;4142,48;241,90;3900,58;
MARCELO AUGUSTO BORGES DA SILVA;GERENCIA DE MATER.E PATRIMONIO;ASSESSOR II;NAO INFORMADO; CARGO COMISSION.S/VINCULO;4709,79;;4709,79;670,28;4039,51;
MARIA APARECIDA MACEDO GUIMARAES;DEPARTAMENTO DE ADM.E FINANCAS;A.TEC-I;; ESTATUTARIO;3792,70;;3792,70;236,30;3556,40;
MARIA BEATRIZ CORDEIRO CALDAS;SECRETARIA EXECUTIVA;A.TEC-I;; ESTATUTARIO;5447,12;;5447,12;525,45;4921,67;
MARIA DA CONCEICAO DE O NAZARETH;SECRETARIA EXECUTIVA;ASSISTENTE ADMINISTRATIVO II;ASS ADMINISTRATIVO; ESTATUTARIO;3101,24;;3101,24;235,61;2865,63;
MARIA DAS GRACAS DA COSTA CAMPELO;DEPARTAMENTO DE POL.FUNDIARIA;A.TEC-I;; ESTATUTARIO;4502,74;;4502,74;317,13;4185,61;
MARIA DO SOCORRO GOMES DIAS;SECRETARIA EXECUTIVA;ASSISTENTE TECNICO;; ESTATUTARIO;6645,79;;6645,79;918,53;5727,26;
MARIA EDUARDA PEREIRA DOS SANTOS;GERENCIA DE VISTORIA;ASSISTENTE ADMINISTRATIVO III;; ESTATUTARIO;4570,13;;4570,13;403,87;4166,26;
MARIA ELENA ARAUJO MENDES;SECRETARIA EXECUTIVA;TECNICO II;; ESTATUTARIO;6536,03;;6536,03;839,99;5696,04;
MARIA EUNICE PINHEIRO DE CARVALHO;SECRETARIA EXECUTIVA;A.TEC-I;; ESTATUTARIO;5067,62;;5067,62;492,65;4574,97;
MARIA ONEIDE DA COSTA;GERENCIA DE MATER.E PATRIMONIO;AUX.S.G-II;; ESTATUTARIO;3158,00;;3158,00;137,85;3020,15;
MARIA SANDRA DA SILVA MIRANDA;ASSESSORIA;ASSESSOR IV;ASSESSOR IV AD-4; CARGO COMISSION.S/VINCULO;2679,61;;2679,61;196,16;2483,45;
MARIA SONIA FERNANDES DA S SANTOS;DEPARTAMENTO DE ADM.E FINANCAS;A.TEC-I;; ESTATUTARIO;4210,34;;4210,34;291,62;3918,72;
MERCIA NOGUEIRA MONTEIRO;ASSESSORIA;SECRETARIO EXECUTIVO ADJUNTO;; CARGO COMISSION.S/VINCULO;9500,00;;9500,00;2071,33;7428,67;
MOISES DA GAMA PESSOA;DEPARTAMENTO DE POL.FUNDIARIA;ASSESSOR II;NAO INFORMADO; CARGO COMISSION.S/VINCULO;4709,79;;4709,79;670,28;4039,51;
MONIKE DE OLIVEIRA MOURA;ASSESSORIA;ASSESSOR III;NAO INFORMADO; CARGO COMISSION.S/VINCULO;3691,80;;3691,80;422,40;3269,40;
NANCY MEIRELES MONTEIRO;GABINETE DO SECRETARIO;ASSESSOR I;NAO INFORMADO; CARGO COMISSION.S/VINCULO;5729,77;;5729,77;986,40;4743,37;
NELCIMARA LIMA DA SILVA;GERENCIA DE CARTOGRAFIA;ASSESSOR II;NAO INFORMADO; CARGO COMISSION.S/VINCULO;4709,79;;4709,79;670,28;4039,51;
NILCE MARIA GOMES DA S VASCONCELOS;GERENCIA DE PROG.E PESQUISAS;AUX.ADM-III;; ESTATUTARIO;3961,81;;3961,81;379,33;3582,48;
NILTON FERNANDES DA SILVA;GERENCIA DE MATER.E PATRIMONIO;AUX.O-I;; ESTATUTARIO;3558,69;;3558,69;161,25;3397,44;
NUBIA RODRIGUES LEOPOLDO DE MENEZES;GABINETE DO SECRETARIO;ASSESSOR II;; CARGO COMISSION.S/VINCULO;4709,79;;4709,79;670,28;4039,51;
OSCAR CORDEIRO DE SOUZA;GERENCIA DE MATER.E PATRIMONIO;A.TEC-I;; ESTATUTARIO;4215,26;;4215,26;292,82;3922,44;
PAULO ALMEIDA DE OLIVEIRA;GERENCIA DE PROG.E PESQUISAS;ASSESSOR II;NAO INFORMADO; CARGO COMISSION.S/VINCULO;4709,79;;4709,79;670,28;4039,51;
PAULO BRIGIDO DOS SANTOS BRAGA;ASSESSORIA;ASSESSOR II;NAO INFORMADO; CARGO COMISSION.S/VINCULO;4709,79;;4709,79;670,28;4039,51;
PAULO CEZAR LEVY DE CARVALHO;DEPARTAMENTO DE ADM.E FINANCAS;A.TEC-I;; ESTATUTARIO;4219,09;;4219,09;213,75;4005,34;
PEDRO MOURA DOS SANTOS;DEPARTAMENTO DE ADM.E FINANCAS;ASSISTENTE TECNICO;; ESTATUTARIO;4077,54;;4077,54;308,07;3769,47;
RAFAEL EMILE CONTE ABI ABIB;ASSESSORIA;ASSESSOR I;NAO INFORMADO; CARGO COMISSION.S/VINCULO;5729,77;;5729,77;986,40;4743,37;
RAIMUNDA SOUZA DA SILVA;DEPARTAMENTO DE ADM.E FINANCAS;TECNICO I;; ESTATUTARIO;5355,08;;5355,08;708,10;4646,98;
RAIMUNDO JOSÉ DO NASCIMENTO A NETO;ASSESSORIA;GERENTE;NAO INFORMADO; CARGO COMISSION.S/VINCULO;9419,58;;9419,58;1911,71;7507,87;
RAIMUNDO JOSUE MOREIRA PESSOA;DEPARTAMENTO DE ADM.E FINANCAS;TNS-I;; ESTATUTARIO;5243,06;;5243,06;549,25;4693,81;
RAIMUNDO MOREIRA DE FARIAS;DEPARTAMENTO DE ADM.E FINANCAS;TNS-I;; ESTATUTARIO;4327,82;;4327,82;510,28;3817,54;
RAIMUNDO NONATO SABOIA DE SOUZA;ASSESSORIA;ASSESSOR IV;NAO INFORMADO; CARGO COMISSION.S/VINCULO;5023,48;;5023,48;669,56;4353,92;
RAQUEL FERREIRA DA SILVA;DEPARTAMENTO DE ADM.E FINANCAS;ASSISTENTE ADMINISTRATIVO II;; ESTATUTARIO;4399,15;;4399,15;313,62;4085,53;
REGINA NASCIMENTO DE MOURA;SECRETARIA EXECUTIVA;ASSESSOR II;NAO INFORMADO; CARGO COMISSION.S/VINCULO;4709,79;;4709,79;670,28;4039,51;
RENATO SOUZA BARROS;ASSESSORIA;ASSESSOR IV;NAO INFORMADO; CARGO COMISSION.S/VINCULO;3075,61;;3075,61;264,79;2810,82;
RENNAN DA SILVA SALGADO;ASSESSORIA;GERENTE;NAO INFORMADO; CARGO COMISSION.S/VINCULO;4709,79;;4709,79;670,28;4039,51;
RICARDO ALEXANDRE CORDEIRO ALVES;ASSESSORIA;ASSESSOR II;; CARGO COMISSION.S/VINCULO;4709,79;;4709,79;670,28;4039,51;
RICARDO LUIZ MONTEIRO FRANCISCO;GABINETE DO SECRETARIO;SECRETARIO DE ESTADO;NAO INFORMADO; CARGO COMISSION.S/VINCULO;34271,98;;34271,98;7285,33;26986,65;
RICARDO RAMOS DE SOUZA;DEPARTAMENTO DE ADM.E FINANCAS;TECNICO EM AGROPECUARIA;; ESTATUTARIO;3381,59;;3381,59;215,89;3165,70;
RODRIGO ROCHA VIANA;GERENCIA DE RECURSOS HUMANOS;GERENTE;GERENTE AD-2; CARGO COMISSION.S/VINCULO;4709,79;;4709,79;670,28;4039,51;
ROSALVO DOS SANTOS MIRANDA FILHO;GERENCIA DE MATER.E PATRIMONIO;MOT-I;; ESTATUTARIO;4328,64;;4328,64;340,57;3988,07;
RUAN CARLOS PEIXOTO DA SILVA;ASSESSORIA;ASSESSOR II;NAO INFORMADO; CARGO COMISSION.S/VINCULO;4709,79;;4709,79;670,28;4039,51;
SANDRA JAINE DE CARVALHO;ASSESSORIA;ASSESSOR I;NAO INFORMADO; CARGO COMISSION.S/VINCULO;5729,77;;5729,77;986,40;4743,37;
SANDRO SOARES FERREIRA;SECRETARIA EXECUTIVA;GERENTE;NAO INFORMADO; CARGO COMISSION.S/VINCULO;4709,79;;4709,79;670,28;4039,51;
SARA ALMEIDA AGUIAR;GABINETE DO SECRETARIO;CHEFE DE GABINETE;NAO INFORMADO; CARGO COMISSION.S/VINCULO;5729,77;;5729,77;986,40;4743,37;
SHEILA MEIRA TORRES LEVY;DEPARTAMENTO DE ADM.E FINANCAS;ASSISTENTE TECNICO;; ESTATUTARIO;4245,46;;4245,46;278,02;3967,44;
SOCORRO ANASTACIO DE LIMA;ASSESSORIA;ASSESSOR IV;NAO INFORMADO; CARGO COMISSION.S/VINCULO;2679,61;;2679,61;196,16;2483,45;
SONIA ROCHA VIANA;GERENCIA DE RECURSOS HUMANOS;ASSISTENTE ADMINISTRATIVO III;; ESTATUTARIO;4543,28;;4543,28;396,61;4146,67;
SORAYA PRAIA LEITE;SECRETARIA EXECUTIVA;ASSISTENTE ADMINISTRATIVO III;; ESTATUTARIO;4547,08;;4547,08;396,71;4150,37;
SUELY BRANDAO DA SILVA;GERENCIA DE MATER.E PATRIMONIO;AUXILIAR DE SERV GERAIS 2A CLASSE;; ESTATUTARIO;2974,55;;2974,55;128,27;2846,28;
TAMIR MOHAMED EL MENOUFI;ASSESSORIA;ASSESSOR I;; CARGO COMISSION.S/VINCULO;5729,77;;5729,77;986,40;4743,37;
TESSALIA INES DOS SANTOS OLIVEIRA;DEPARTAMENTO DE ADM.E FINANCAS;ENG-I;; ESTATUTARIO;6964,80;;6964,80;991,83;5972,97;
THAIS RIVERA BRANDAO DA CUNHA;ASSESSORIA;ASSESSOR II;NAO INFORMADO; CARGO COMISSION.S/VINCULO;4709,79;;4709,79;670,28;4039,51;
THAIS XIMENES DE SOUZA;ASSESSORIA;ASSESSOR II;NAO INFORMADO; CARGO COMISSION.S/VINCULO;4709,79;;4709,79;670,28;4039,51;
THELMA SOUZA DA COSTA;GABINETE DO SECRETARIO;A.TEC-I;; ESTATUTARIO;4232,75;;4232,75;353,96;3878,79;
VANESSA ADRIANA DE OLIVEIRA;SECRETARIA EXECUTIVA;ASSESSOR I;NAO INFORMADO; CARGO COMISSION.S/VINCULO;5729,77;;5729,77;986,40;4743,37;
VANILUCE FELIX DE SOUZA;DEPARTAMENTO DE ADM.E FINANCAS;ASSISTENTE ADMINISTRATIVO I;; ESTATUTARIO;4399,57;;4399,57;371,71;4027,86;
VERA LUCIA DOS ANJOS SANTOS;ASSESSORIA;ASSESSOR III;NAO INFORMADO; CARGO COMISSION.S/VINCULO;3691,80;;3691,80;422,40;3269,40;
VILIANA E SILVA CAIMO;DEPARTAMENTO DE ADM.E FINANCAS;A.TEC-II;; ESTATUTARIO;3541,46;;3541,46;238,12;3303,34;
WILLAMS PACHECO BORGES;GABINETE DO SECRETARIO;ASSESSOR IV;NAO INFORMADO; CARGO COMISSION.S/VINCULO;3675,61;;3675,61;418,48;3257,13;
ZAYRA TAYS ALBUQUERQUE DA SILVA;ASSESSORIA;CHEFE DE DEPARTAMENTO;NAO INFORMADO; CARGO COMISSION.S/VINCULO;5729,77;;5729,77;986,40;4743,37;
