NOME;LOTACAO;CARGO;FUNCAO;VINCULO;REMUNERACAO LEGAL TOTAL(R$);DESC.TETO(R$); REMUNERACAO LEGAL DEVIDA(R$);DESCONTOS LEGAIS(R$);LIQUIDO DISPONIVEL(R$);
ADELANE VIEIRA RAMOS;GERENCIA DE HABILITACAO;TECNICO DE NIVEL MEDIO;; C.L.T.;3356,50;;3356,50;462,50;2894,00;
ADEMIR ROCHA RODRIGUES;DEPTO.ADMINISTRAT.-FINANCEIRO;ASSISTENTE ADMINISTRATIVO;; C.L.T.;8125,00;;8125,00;1383,83;6741,17;
ADILSON BENTO CARDOSO;SUBGERENCIA DE APOIO LOGISTICO;AUXILIAR DE MANUTENCAO;; C.L.T.;2594,60;;2594,60;253,57;2341,03;
AFONSO CELSO BENZEEV LOBO;ASSESSORIA TECNICA;DELEGADO DE POLICIA 1A.CL. PC-DEL-I;GERENTE; ESTATUTARIO;8400,00;622,87;7777,13;777,21;6999,92;
AGILCIMAR VASCONCELOS LOPES;SUB-GER.I DE EMPLACAMENTO;AUXILIAR ADMINISTRATIVO;; C.L.T.;2257,00;;2257,00;203,13;2053,87;
ALCINEIA ALMEIDA DOS SANTOS;GER.CONTR.REG.TRANSITO- CRT;AUXILIAR DE MANUTENCAO;; C.L.T.;2815,00;;2815,00;302,67;2512,33;
ALCIO VARGAS COSTA SAMPAIO;CETRAN-CONS.EST.DE TRANSITO;MEMBRO DO CETRAN;; CONSELHO;3110,00;;3110,00;111,70;2998,30;
ALDENICE DA SILVA SAHDO;SUBGERENCIA DE VEICULOS;TECNICO DE NIVEL MEDIO;; C.L.T.;2682,00;;2682,00;281,63;2400,37;
ALDENIZIA LIMA FREIRE;DIRETOR PRESIDENTE;TECNICO DE NIVEL MEDIO;; C.L.T.;3869,13;;3869,13;587,33;3281,80;
ALDREA NORONHA RAMOS;DEPTO.ADMINISTRAT.-FINANCEIRO;TECNICO DE NIVEL MEDIO;; C.L.T.;3440,00;;3440,00;482,84;2957,16;
ALDSON XAVIER COSTA;SUB-GER.I DE EMPLACAMENTO;TECNICO DE NIVEL MEDIO;; C.L.T.;5081,20;;5081,20;940,31;4140,89;
ALESSANDRA AVINTE DE SOUZA FREIRE;SUB-GER.I DE INF.DE TRANSITO;TECNICO DE NIVEL SUPERIOR;; C.L.T.;4938,00;;4938,00;853,23;4084,77;
ALESSANDRA BARROSO DE ALMEIDA;DEPTO.ADMINISTRAT.-FINANCEIRO;ASSESSOR IV;NAO INFORMADO; CARGO COMISSION.S/VINCULO;6464,95;;6464,95;1374,19;5090,76;
ALFREDO BARBOSA MACIEL FILHO;GERENCIA DE VEICULOS;REPRESENTANTE DETRAN/AM MUN. -AD-3;REP. MUNICIPIO AD-3; CARGO COMISSION.S/VINCULO;1681,80;;1681,80;134,54;1547,26;
ALFREDO JACAUNA PINHEIRO FILHO;DEPARTAMENTO OPERACIONAL;INVESTIGADOR DE POL.CL.ESPECIAL;ASSESSOR II; ESTATUTARIO;7200,00;;7200,00;1006,37;6193,63;
ALICE MARIA FARIAS DE SOUZA;GERENCIA DE VEICULOS;TECNICO DE NIVEL MEDIO;; C.L.T.;1982,00;;1982,00;178,38;1803,62;
ALIRIA MARIA TELES COELHO;GERENCIA DE VEICULOS;TECNICO DE NIVEL MEDIO;; C.L.T.;4163,50;;4163,50;659,01;3504,49;
ALTAIR DEIVID GADELHA DA SILVA;GERENCIA DE VEICULOS;INVEST.DE POL. 3A.CL. PC-INV-III;GERENTE; ESTATUTARIO;7130,00;;7130,00;987,12;6142,88;
AMANDA DA SILVA TEIXEIRA;GABINETE;ESCRIVAO DE POL.3A.CL. PC-ESC-III;CHEFE DE GABINETE; ESTATUTARIO;8900,00;;8900,00;1220,64;7679,36;
ANA AMELIA DE MENEZES BARBOSA;SUBGERENCIA DE VEICULOS;GERENTE;; CARGO COMISSION.S/VINCULO;9019,79;;9019,79;2076,77;6943,02;
ANA CECILIA DE SOUZA GAZEL;SUB-GER.I DE MAT.E PATRIMONIO;ASSISTENTE ADMINISTRATIVO;ASSIS ADMINISTRATIVO; ESTATUTARIO;5200,00;;5200,00;672,29;4527,71;
ANA CELIA DOS SANTOS RAMOS;SUBGERENCIA DE VEICULOS;TECNICO DE NIVEL MEDIO;; C.L.T.;2979,20;;2979,20;383,77;2595,43;
ANA CRISTINA MARQUES BENTES;GABINETE;TECNICO DE NIVEL MEDIO;; C.L.T.;8846,00;;8846,00;2028,98;6817,02;
ANA MARIA COSTA DA SILVA;JARI-JUNTA ADM.DE REC.DE INFR.;AUXILIAR ADMINISTRATIVO;; C.L.T.;2777,00;;2777,00;296,66;2480,34;
ANA MARIA DA SILVA FERNANDES;DEPTO.ADMINISTRAT.-FINANCEIRO;TECNICO DE NIVEL MEDIO;; C.L.T.;3740,00;;3740,00;555,89;3184,11;
ANA PAULA BRASIL DE HOLANDA;SUBGERENCIA DE VEICULOS;TECNICO DE NIVEL MEDIO;; C.L.T.;5412,50;;5412,50;1000,44;4412,06;
ANA PAULA COSTA DE SOUSA;ASSESSORIA JURIDICA;TECNICO DE NIVEL MEDIO;; C.L.T.;6280,00;;6280,00;1323,33;4956,67;
ANA PAULA MAGALHAES DE MELLO SILVA;GERENCIA DE AVAL.MED.PSICOLOG.;AUXILIAR ADMINISTRATIVO;; C.L.T.;7109,00;;7109,00;1447,03;5661,97;
ANA SOCORRO MATOS FEITOZA;GERENCIA DE VEICULOS;TECNICO DE NIVEL MEDIO;; C.L.T.;2280,00;;2280,00;205,20;2074,80;
ANDRE SOUZA DA SILVA;CETRAN-CONS.EST.DE TRANSITO;MEMBRO DO CETRAN;; CONSELHO;3110,00;;3110,00;111,70;2998,30;
ANDREA GOMES DE SALES BRAGA;DIRETOR PRESIDENTE;TECNICO DE NIVEL MEDIO;; C.L.T.;3280,66;;3280,66;422,84;2857,82;
ANDREIA DIVINA SA DE OLIVEIRA;GERENCIA DE VEICULOS;TECNICO DE NIVEL MEDIO;; C.L.T.;1880,00;;1880,00;169,20;1710,80;
ANDREZA VIEIRA FERREIRA;ASSESSORIA JURIDICA;ASSESSOR IV;ASSESSOR IV; CARGO COMISSION.S/VINCULO;6179,61;;6179,61;1194,15;4985,46;
ANGELA ROSA SILVA DO NASCIMENTO;GERENCIA DE HABILITACAO;TECNICO DE NIVEL MEDIO;; C.L.T.;3237,00;;3237,00;386,68;2850,32;
ANTONIA MARIA LIMA MOREIRA;GERENCIA DE VEICULOS;AUXILIAR ADMINISTRATIVO;; C.L.T.;3031,50;;3031,50;350,36;2681,14;
ANTONIO ALFREDO REGO DA MATTA FILHO;DIRETOR PRESIDENTE;TECNICO DE NIVEL MEDIO;; C.L.T.;1880,00;;1880,00;169,20;1710,80;
ANTONIO MARCOS ASSEM SALAZAR;ASSESSORIA TECNICA;ASSESSOR IV;ASSESSOR IV; CARGO COMISSION.S/VINCULO;4379,61;;4379,61;722,64;3656,97;
ARACY COSTA SALES;GER.CONTR.REG.TRANSITO- CRT;AUXILIAR DE MANUTENCAO;; C.L.T.;2407,00;;2407,00;216,63;2190,37;
ARILSON DE ALMEIDA LIMA;SUB-GER.I DE EMPLACAMENTO;TECNICO DE NIVEL MEDIO;; C.L.T.;3956,50;;3956,50;580,17;3376,33;
ARISTOTELES MAGALHAES BENACON;GERENCIA DE VEICULOS;AUXILIAR ADMINISTRATIVO;; C.L.T.;2055,00;;2055,00;184,95;1870,05;
ARLETE DANTAS PINTO;GERENCIA DE HABILITACAO;TECNICO DE NIVEL MEDIO;; C.L.T.;4728,00;;4728,00;830,73;3897,27;
ARMANDO LIMA DO CANTO;SUBGERENCIA DE VEICULOS;TECNICO DE NIVEL MEDIO;; C.L.T.;3979,20;;3979,20;557,26;3421,94;
ARODILSON FERREIRA DA SILVA;GER.CONTR.REG.TRANSITO- CRT;TECNICO DE NIVEL MEDIO;; C.L.T.;3186,50;;3186,50;391,97;2794,53;
ARTHUR FRANCISCO DOS SANTOS V CRUZ;GABINETE;ESCRIVAO DE POL.3A.CL. PC-ESC-III;SUBGERENTE; ESTATUTARIO;6530,00;;6530,00;822,12;5707,88;
AUREO SERGIO CORREA PINHEIRO;GER.CONTR.REG.TRANSITO- CRT;ASSESSOR I;ASSESSOR I AD-1; CARGO COMISSION.S/VINCULO;5229,77;;5229,77;986,40;4243,37;
BRUNA PAES BARRETO DE SOUSA;GABINETE;SUBGERENTE;SUBGERENTE AD-3; CARGO COMISSION.S/VINCULO;5491,80;;5491,80;1078,85;4412,95;
CARLOS RODRIGUES DE ANDRADE;SUBGERENCIA DE APOIO LOGISTICO;AUXILIAR DE MANUTENCAO;; C.L.T.;3205,60;;3205,60;409,57;2796,03;
CARLOS ROUCELLI ALVES SIQUEIRA;SUBGERENCIA DE VEICULOS;TECNICO DE NIVEL SUPERIOR;TEC. NIVEL SUPERIOR; C.L.T.;3668,00;;3668,00;509,92;3158,08;
CATIA FRANCISCA GUEDES SARAIVA;GERENCIA DE VEICULOS;TECNICO DE NIVEL MEDIO;; C.L.T.;2982,00;;2982,00;384,27;2597,73;
CELSO DANIEL ALBUQUERQUE DA SILVA;DEPTO.ADMINISTRAT.-FINANCEIRO;TECNICO DE NIVEL MEDIO;; C.L.T.;4440,66;;4440,66;698,93;3741,73;
CHRISTIAN CASTRO DOS SANTOS;SECAO DE EXP.DOC.DE HABILIT.;CHEFE DE DEPARTAMENTO;NAO INFORMADO; CARGO COMISSION.S/VINCULO;6329,77;;6329,77;1337,02;4992,75;
CINTIA OLIVEIRA REIS;DIRETOR PRESIDENTE;AUXILIAR ADMINISTRATIVO;; C.L.T.;3055,66;;3055,66;383,07;2672,59;
CLARICE LEMOS MARTINS;GERENCIA DE HABILITACAO;TECNICO DE NIVEL MEDIO;; C.L.T.;1982,00;;1982,00;178,38;1803,62;
CLAUDIA DE OLIVEIRA TELES;GERENCIA DE VEICULOS;ASSISTENTE ADMINISTRATIVO;ASSIST.ADMINIST; ESTATUTARIO;2200,00;;2200,00;164,65;2035,35;
CLAUDINETTE LINS REBOUCAS;SUB-GER.I DE MAT.E PATRIMONIO;TECNICO DE NIVEL SUPERIOR;; C.L.T.;2438,00;;2438,00;243,01;2194,99;
CLAUDIO JOSE PEREIRA MACHADO;SUB-GER.I DE MAT.E PATRIMONIO;TECNICO DE NIVEL MEDIO;; C.L.T.;5194,00;;5194,00;975,31;4218,69;
CLEIDEMAR COSTA;SUBGERENCIA DE VEICULOS;TECNICO DE NIVEL MEDIO;; C.L.T.;2482,00;;2482,00;223,38;2258,62;
CLEUCIMAR DA COSTA MONTANHA;SUBGERENCIA DE DOCUMENTACAO;AUXILIAR DE MANUTENCAO;; C.L.T.;3475,00;;3475,00;442,97;3032,03;
COSMA DA SILVA GAMA;DEPTO.ADMINISTRAT.-FINANCEIRO;AUXILIAR DE MANUTENCAO;; C.L.T.;1658,00;;1658,00;132,64;1525,36;
CRISTINA FERREIRA LIMA;DIRETORIA TECNICA;TECNICO DE NIVEL MEDIO;; C.L.T.;5480,00;;5480,00;663,03;4816,97;
DALVA FERREIRA MOTA;GER.CONTR.REG.TRANSITO- CRT;TECNICO DE NIVEL MEDIO;; C.L.T.;4662,50;;4662,50;810,41;3852,09;
DALVA INEZ DE OLIVEIRA LOPES;DIRETOR PRESIDENTE;TECNICO DE NIVEL SUPERIOR;; C.L.T.;4067,16;;4067,16;635,55;3431,61;
DANIEL MARQUES DE SOUZA;SUBGERENCIA DE VEICULOS;REPRESENTANTE DO MUNICIPIO;; CARGO COMISSION.S/VINCULO;1681,80;;1681,80;134,54;1547,26;
DAVID FERNANDES DOS SANTOS;DEPARTAMENTO OPERACIONAL;GERENTE;NAO INFORMADO; CARGO COMISSION.S/VINCULO;8749,45;;8749,45;2002,43;6747,02;
DELMO JOSE DE MEDEIROS ANSELMO;SUB-GER.I DE EMPLACAMENTO;ASSISTENTE ADMINISTRATIVO;; C.L.T.;2380,00;;2380,00;233,84;2146,16;
DELNANDINA MARIA MACEDO MONTEIRO;GER.EDUCACAO PARA O TRANSITO;TECNICO DE NIVEL SUPERIOR;; C.L.T.;4290,00;;4290,00;632,94;3657,06;
DENILSON CRAVO CARDOSO;GERENCIA DE VEICULOS;REPRESENTANTE DETRAN/AM MUN. -AD-3;NAO INFORMADO; CARGO COMISSION.S/VINCULO;1681,80;;1681,80;134,54;1547,26;
DEUSA CIRRAME LIMA SAMPAIO;SUBGERENCIA DE VEICULOS;TECNICO DE NIVEL SUPERIOR;; C.L.T.;3138,00;;3138,00;397,62;2740,38;
DORALICE NERIS DE SOUZA;GERENCIA DE VEICULOS;AUXILIAR DE MANUTENCAO;; C.L.T.;1505,00;;1505,00;120,40;1384,60;
DORIVAL MARINHO CORREA;SUBGERENCIA DE APOIO LOGISTICO;AUXILIAR DE MANUTENCAO;; C.L.T.;1581,50;;1581,50;126,52;1454,98;
EDILIO PAIVA DE SOUZA;SUBGERENCIA DE DOCUMENTACAO;AUXILIAR ADMINISTRATIVO;; C.L.T.;1655,00;;1655,00;132,40;1522,60;
EDIVALDO JOSE DE LIMA ROLIM;GABINETE;INVESTIGADOR DE POL.CL.ESPECIAL;ASSESSOR I; ESTATUTARIO;10430,00;;10430,00;1432,84;8997,16;
EDMO NEVES DE LIMA;SUB-GER.I DE EMPLACAMENTO;AUXILIAR ADMINISTRATIVO;; C.L.T.;3438,00;;3438,00;482,35;2955,65;
EDNILSON JUNIOR CESAR;DIRETOR PRESIDENTE;TECNICO DE NIVEL SUPERIOR;; C.L.T.;3736,00;;3736,00;554,92;3181,08;
EDSLANGELA RODRIGUES DOS SANTOS;DEPTO.ADMINISTRAT.-FINANCEIRO;DIRETOR ADMINISTRATIVO E FINANCEIRO;NAO INFORMADO; CARGO COMISSION.S/VINCULO;11816,14;;11816,14;2845,77;8970,37;
ELANE CRISTINA DE OLIVEIRA KARAM;CETRAN-CONS.EST.DE TRANSITO;MEMBRO DO CETRAN;; CARGO COMISSION.S/VINCULO;3110,00;;3110,00;406,89;2703,11;
ELDER RIÇA CRUZ;GERENCIA DE VEICULOS;REPRESENTANTE DETRAN/AM MUN. -AD-3;NAO INFORMADO; CARGO COMISSION.S/VINCULO;1681,80;;1681,80;134,54;1547,26;
ELEN APARECIDA DA COSTA S RODRIGUES;DEPTO.ADMINISTRAT.-FINANCEIRO;ASSESSOR II;NAO INFORMADO; CARGO COMISSION.S/VINCULO;4209,79;;4209,79;670,28;3539,51;
ELEONORA SILVA MARIANO;SUBGERENCIA DE VEICULOS;TECNICO DE NIVEL MEDIO;; C.L.T.;2682,00;;2682,00;241,38;2440,62;
ELIANE SOUZA DA SILVA;SUBGERENCIA DE VEICULOS;TECNICO DE NIVEL MEDIO;; C.L.T.;3736,00;;3736,00;526,48;3209,52;
ELIANI DE FREITAS PEREIRA;GERENCIA DE VEICULOS;TECNICO DE NIVEL MEDIO;; C.L.T.;7112,50;;7112,50;1140,48;5972,02;
ELLEN CRISTINA DE OLIVEIRA XAVIER;SUBGERENCIA DE VEICULOS;AUXILIAR ADMINISTRATIVO;; C.L.T.;2431,50;;2431,50;218,83;2212,67;
ERIVAN CORREA DA SILVA;SUB-GER.I DE EMPLACAMENTO;AUXILIAR ADMINISTRATIVO;; C.L.T.;2655,00;;2655,00;277,35;2377,65;
EUDORIA PEREIRA LOPES;SUB-GER.I DE MAT.E PATRIMONIO;AUXILIAR DE MANUTENCAO;; C.L.T.;2643,70;;2643,70;261,34;2382,36;
FABIO RODRIGUES MARQUES;CETRAN-CONS.EST.DE TRANSITO;MEMBRO DO CETRAN;; CONSELHO;3110,00;;3110,00;;3110,00;
FARIDES MOTA DIAS;SUBGERENCIA DE VEICULOS;TECNICO DE NIVEL MEDIO;; C.L.T.;3077,00;;3077,00;386,84;2690,16;
FATIMA ALMERINDA RODRIGUES LOPRESTI;DIR.ADMINISTRATIVA-FINANCEIRA;ASSISTENTE TECNICO 3A CLASSE;; C.L.T.;3082,00;;3082,00;401,94;2680,06;
FATIMA DAMIANA DOS SANTOS;GERENCIA DE ORC.E PLANEJAMENTO;TECNICO DE NIVEL MEDIO;; C.L.T.;4996,66;;4996,66;618,54;4378,12;
FATIMA MESQUITA PICANCO DOS SANTOS;GERENCIA DE VEICULOS;AUXILIAR DE MANUTENCAO;AUX.DE MANUTEN¦AO; C.L.T.;1505,00;;1505,00;120,40;1384,60;
FAUSTO ISAAC SAHDO;DIRETOR PRESIDENTE;TECNICO DE NIVEL MEDIO;; C.L.T.;3816,16;;3816,16;574,43;3241,73;
FERNANDO DE LIMA SANTANA;GER.CONTR.REG.TRANSITO- CRT;TECNICO DE NIVEL MEDIO;; C.L.T.;7438,00;;7438,00;1375,24;6062,76;
FRANCINETE PINHEIRO PEDROSA;SUBGERENCIA DE VEICULOS;AUXILIAR ADMINISTRATIVO;; C.L.T.;2457,00;;2457,00;246,02;2210,98;
FRANCISCA DIVA FELICIO DE CASTRO;SUBGERENCIA DE VEICULOS;AUXILIAR DE MANUTENCAO;AUX.ADMINISTRATIVO; C.L.T.;2770,00;;2770,00;295,55;2474,45;
FRANCISCA MARIA DA SILVA PONTES;SUBGERENCIA DE VEICULOS;AUXILIAR ADMINISTRATIVO;; C.L.T.;1808,00;;1808,00;162,72;1645,28;
FRANCISCA PINHEIRO VIEIRA;SUBGERENCIA DE VEICULOS;TECNICO DE NIVEL MEDIO;; C.L.T.;4607,50;;4607,50;793,34;3814,16;
FRANCISCA TEIDE SOUZA FREITAS SILVA;GERENCIA DE VEICULOS;TECNICO DE NIVEL MEDIO;; C.L.T.;2228,00;;2228,00;200,52;2027,48;
FRANCISCO DAS CHAGAS DA SILVA;DEPARTAMENTO OPERACIONAL;AUXILIAR DE MANUTENCAO;; C.L.T.;5472,27;;5472,27;1071,92;4400,35;
FRANCISCO DE ARAUJO SILVA;DEPARTAMENTO OPERACIONAL;MOTORISTA 2A.CL. MOT-II;ASSESSOR IV; ESTATUTARIO;4204,00;;4204,00;285,11;3918,89;
FRANCISCO DE ASSIS MESQUITA SIMAS;DEPARTAMENTO OPERACIONAL;AUXILIAR DE MANUTENCAO;; C.L.T.;2181,50;;2181,50;196,33;1985,17;
FRANCISCO FERREIRA DA GLORIA;GERENCIA DE VEICULOS;TECNICO DE NIVEL MEDIO;; C.L.T.;2253,50;;2253,50;202,81;2050,69;
FRANCISCO GOMES DA SILVA;DEPARTAMENTO OPERACIONAL;TECNICO DE NIVEL SUPERIOR;; C.L.T.;6366,00;;6366,00;1346,98;5019,02;
FRANCISCO PENHA DAS CHAGAS;GER.EDUCACAO PARA O TRANSITO;AUXILIAR DE MANUTENCAO;; C.L.T.;3981,20;;3981,20;557,74;3423,46;
GENEZIA LOPES DE CASTRO;ASSESSORIA JURIDICA;AUXILIAR DE MANUTENCAO;; C.L.T.;1505,00;;1505,00;120,40;1384,60;
GENY VASCONCELLOS LOPES;GER.CONTR.REG.TRANSITO- CRT;TECNICO DE NIVEL SUPERIOR;; C.L.T.;2540,00;;2540,00;259,16;2280,84;
GEORGETE GADELHA VIEIRA;GERENCIA DE VEICULOS;TECNICO DE NIVEL MEDIO;; C.L.T.;2228,00;;2228,00;200,52;2027,48;
GEORGINA DA SILVA ARCOS;DIR.ADMINISTRATIVA-FINANCEIRA;TECNICO DE NIVEL MEDIO;; C.L.T.;3889,00;;3889,00;592,17;3296,83;
GETULIO DE JESUS LOPES JUNIOR;CETRAN-CONS.EST.DE TRANSITO;MEMBRO DO CETRAN;MEMBRO DO CETRAN-AM; CARGO COMISSION.S/VINCULO;3110,00;;3110,00;406,89;2703,11;
GIBSON ALVES DOS SANTOS;CETRAN-CONS.EST.DE TRANSITO;MEMBRO DO CETRAN;; CONSELHO;3110,00;;3110,00;111,70;2998,30;
GILBERTO LIRA DA SILVA;GERENCIA DE HABILITACAO;TECNICO DE NIVEL MEDIO;; C.L.T.;6838,00;;6838,00;1372,50;5465,50;
GILRIMAR GLORIA MARTINS;SUB-GER.I DE INF.DE TRANSITO;TECNICO DE NIVEL MEDIO;; C.L.T.;6012,50;;6012,50;1249,77;4762,73;
GLAUCY ALENCAR DE SOUZA;GERENCIA DE VEICULOS;REPRESENTANTE DETRAN/AM MUN. -AD-3;REP.DEMUNIC.AD-3; CARGO COMISSION.S/VINCULO;4791,80;;4791,80;850,52;3941,28;
GLEICE DOS SANTOS BARROS;SUBGERENCIA DE VEICULOS;TECNICO DE NIVEL SUPERIOR;; C.L.T.;8322,83;;8322,83;1527,61;6795,22;
GRACA MARTINS PINHEIRO;SUB-GER.I DE MAT.E PATRIMONIO;AUXILIAR DE MANUTENCAO;; C.L.T.;2207,00;;2207,00;198,63;2008,37;
GRACILDA SAMPAIO DE ARAUJO;ASSESSORIA JURIDICA;TECNICO DE NIVEL MEDIO;; C.L.T.;4892,00;;4892,00;881,61;4010,39;
GRACINETE LOIOLA LIMA;GERENCIA DE VEICULOS;REPRESENTANTE DETRAN/AM MUN. -AD-3;REP.DO DETRAN MUNIC.; CARGO COMISSION.S/VINCULO;1681,80;;1681,80;134,54;1547,26;
GUILHERME UGO CALIRI NETO;SUBGERENCIA DE DOCUMENTACAO;FISCAL RODOVIARIO;; ESTATUTARIO;2890,83;;2890,83;170,50;2720,33;
HÉRBISON DA SILVA DAMASCENO;GERENCIA DE ORC.E PLANEJAMENTO;ASSESSOR IV;ASSESSOR IV; CARGO COMISSION.S/VINCULO;4552,61;;4552,61;776,31;3776,30;
HELAINE CRISTINA LABORDA DE CASTRO;GER.EDUCACAO PARA O TRANSITO;SUBGERENTE;NAO INFORMADO; CARGO COMISSION.S/VINCULO;6011,80;;6011,80;1249,57;4762,23;
HELENA CASSIA DA SILVA;DIRETOR PRESIDENTE;TECNICO DE NIVEL SUPERIOR;; C.L.T.;4788,00;;4788,00;806,69;3981,31;
IKE KENNEDY VEIGA DA SILVA;ASSESSORIA JURIDICA;TECNICO DE NIVEL SUPERIOR;; C.L.T.;6056,00;;6056,00;1261,73;4794,27;
IRANETE REIS DE ALMEIDA;GERENCIA DE HABILITACAO;TECNICO DE NIVEL MEDIO;; C.L.T.;3282,00;;3282,00;423,07;2858,93;
ISAIAS DE PAIVA VIEIRA;SUBGERENCIA DE APOIO LOGISTICO;AUXILIAR DE MANUTENCAO;AUX.DE MANUTENCAO; C.L.T.;4426,00;;4426,00;694,49;3731,51;
ISRAEL DA SILVA MARTINS;DEPARTAMENTO OPERACIONAL;AUXILIAR ADMINISTRATIVO;; C.L.T.;5876,20;;5876,20;1055,87;4820,33;
IVETH SOUZA DE MELO;SUBGERENCIA DE VEICULOS;TECNICO DE NIVEL MEDIO;; C.L.T.;2965,50;;2965,50;381,35;2584,15;
IVSON DE LIMA GOMES;DIRETOR PRESIDENTE;TECNICO DE NIVEL MEDIO;; C.L.T.;3680,00;;3680,00;512,84;3167,16;
JACILEIA ALFAIA DA CRUZ;GERENCIA DE VEICULOS;REPRESENTANTE DETRAN/AM MUN. -AD-3;NAO INFORMADO; CARGO COMISSION.S/VINCULO;1681,80;;1681,80;134,54;1547,26;
JAIME RODRIGUES DUARTE;SUBGERENCIA DE APOIO LOGISTICO;AUXILIAR DE MANUTENCAO;AUX.DE MANUTEN¦AO; C.L.T.;2504,20;;2504,20;225,37;2278,83;
JAIR DE MATOS SAMPAIO;SUBGERENCIA DE VEICULOS;TECNICO DE NIVEL MEDIO;; C.L.T.;3581,20;;3581,20;426,64;3154,56;
JAIRO RODRIGUES DOS SANTOS;DEPTO.ADMINISTRAT.-FINANCEIRO;ESCRIVAO DE POL.3A.CL. PC-ESC-III;SUBGERENTE; ESTATUTARIO;5320,00;;5320,00;437,23;4882,77;
JANDER FERNANDES MENDES;SECAO ADMINISTRATIVA;AGENTE ADM.-AGA-T.S.N.A.-E;GERENTE; ESTATUTARIO;9459,16;;9459,16;1860,69;7598,47;
JANDERLAINE OLIVEIRA MARTINS;SUBGERENCIA DE VEICULOS;TECNICO DE NIVEL MEDIO;; C.L.T.;2608,67;;2608,67;270,02;2338,65;
JANE DE OLIVEIRA PEREIRA;DEPTO.ADMINISTRAT.-FINANCEIRO;TECNICO DE NIVEL MEDIO;; C.L.T.;4080,00;;4080,00;610,24;3469,76;
JANE NEIRE SANTANA LIRA;GERENCIA DE VEICULOS;REPRESENTANTE DETRAN/AM MUN. -AD-3;NAO INFORMADO; CARGO COMISSION.S/VINCULO;1681,80;;1681,80;134,54;1547,26;
JANETE ANALIA MATOS TEIXEIRA;SUB-GER.I DE MAT.E PATRIMONIO;TECNICO DE NIVEL MEDIO;; C.L.T.;6396,66;;6396,66;951,52;5445,14;
JANIE GOMES DOMINGUES;ASSESSORIA JURIDICA;TECNICO DE NIVEL SUPERIOR;; C.L.T.;5016,50;;5016,50;920,24;4096,26;
JANIO NERY DE SOUZA;DEPARTAMENTO OPERACIONAL;AUXILIAR DE MANUTENCAO;; C.L.T.;2580,70;;2580,70;232,26;2348,44;
JEFFERSON MEDEIROS DA SILVA;SUB-GER.I DE EMPLACAMENTO;AUXILIAR ADMINISTRATIVO;; C.L.T.;5305,00;;5305,00;967,09;4337,91;
JEROCILIO ROBERTO SIMOES A SILVA;CETRAN-CONS.EST.DE TRANSITO;MEMBRO DO CETRAN;MEMBRO DO CETRAN; CONSELHO;3110,00;;3110,00;111,70;2998,30;
JEZREEL DA SILVA PATROCINIO;GERENCIA DE VEICULOS;REPRESENTANTE DETRAN/AM MUN. -AD-3;NAO INFORMADO; CARGO COMISSION.S/VINCULO;1681,80;;1681,80;134,54;1547,26;
JOAO BOSCO BEZERRA DE ARAUJO;GERENCIA DE AVAL.MED.PSICOLOG.;TECNICO DE NIVEL SUPERIOR;; C.L.T.;3130,72;;3130,72;410,55;2720,17;
JOAO CARDOSO PEREIRA;SUBGERENCIA DE APOIO LOGISTICO;AUXILIAR DE MANUTENCAO;; C.L.T.;2094,60;;2094,60;188,51;1906,09;
JOAO CORDEIRO DE NAZARE;DEPARTAMENTO OPERACIONAL;AUXILIAR DE MANUTENCAO;; C.L.T.;2040,50;;2040,50;183,64;1856,86;
JOAQUIM EUZEBIO BORGES NASCIMENTO;SUBGERENCIA DE APOIO LOGISTICO;AUXILIAR DE MANUTENCAO;; C.L.T.;2504,20;;2504,20;253,48;2250,72;
JOAS SAMPAIO DE SOUZA;DEPARTAMENTO OPERACIONAL;TECNICO DE NIVEL MEDIO;; C.L.T.;4895,00;;4895,00;839,89;4055,11;
JOSE AMURINE FEITOSA TOMAZ FILHO;GERENCIA DE VEICULOS;DIRETOR TECNICO;NAO INFORMADO; CARGO COMISSION.S/VINCULO;13830,00;;13830,00;3399,58;10430,42;
JOSE ARIMATEIA PAIVA DE GOES;SUBGERENCIA DE VEICULOS;AUXILIAR ADMINISTRATIVO;; C.L.T.;2355,00;;2355,00;211,95;2143,05;
JOSE DA CONCEICAO MOREIRA;SUBGERENCIA DE APOIO LOGISTICO;AUXILIAR DE MANUTENCAO;; C.L.T.;2054,20;;2054,20;184,87;1869,33;
JOSE DEOCLECIO VIANA DE CASTRO;SUB-GER.I DE EMPLACAMENTO;AUXILIAR ADMINISTRATIVO;; C.L.T.;3055,00;;3055,00;382,95;2672,05;
JOSE IRINEU LABORDA DE VASCONCELOS;SUB-GER.I DE EMPLACAMENTO;TECNICO DE NIVEL MEDIO;; C.L.T.;3958,70;;3958,70;580,70;3378,00;
JOSE JANEY PEREIRA DA SILVA;GERENCIA DE VEICULOS;REPRESENTANTE DETRAN/AM MUN. -AD-3;NAO INFORMADO; CARGO COMISSION.S/VINCULO;1681,80;;1681,80;134,54;1547,26;
JOSE JOAQUIM FREIRE;GERENCIA DE VEICULOS;AUXILIAR ADMINISTRATIVO;; C.L.T.;4956,20;;4956,20;858,87;4097,33;
JOSE LEITE PEREIRA FILHO;GERENCIA ENG. E ESTATISTICA;TECNICO DE NIVEL MEDIO;; C.L.T.;5429,20;;5429,20;962,96;4466,24;
JOSE PERCEU VALENTE DE FREITAS;CETRAN-CONS.EST.DE TRANSITO;MEMBRO DO CETRAN;; CONSELHO;3110,00;;3110,00;111,70;2998,30;
JOSE RIBAMAR BATISTA SILVA;SUBGERENCIA DE VEICULOS;TECNICO DE NIVEL MEDIO;; C.L.T.;1880,00;;1880,00;169,20;1710,80;
JOSE ROBERTO GIOIA ALFAIA;ASSESSORIA JURIDICA;TECNICO DE NIVEL SUPERIOR;; C.L.T.;15085,89;;15085,89;3744,95;11340,94;
JULIA DA SILVA FEITOSA;JARI-JUNTA ADM.DE REC.DE INFR.;AUXILIAR ADMINISTRATIVO;; C.L.T.;2353,50;;2353,50;229,64;2123,86;
JUSSUELI DA SILVA;GERENCIA ENG. E ESTATISTICA;AUXILIAR ADMINISTRATIVO;; C.L.T.;2054,20;;2054,20;184,87;1869,33;
KEULISON DA SILVA RAMOS;CETRAN-CONS.EST.DE TRANSITO;MEMBRO DO CETRAN;; CONSELHO;3110,00;;3110,00;111,70;2998,30;
LEIDJANE SILVEIRA DOS SANTOS;GERENCIA DE VEICULOS;REPRESENTANTE DETRAN/AM MUN. -AD-3;REP.DE MUNIC.AD-3; CARGO COMISSION.S/VINCULO;1681,80;;1681,80;134,54;1547,26;
LEILA MARIA CAVALCANTE NOGUEIRA;SUBGERENCIA DE VEICULOS;TECNICO DE NIVEL MEDIO;; C.L.T.;2682,00;;2682,00;281,63;2400,37;
LEONOR CRUZ DE OLIVEIRA;ASSESSORIA JURIDICA;AUXILIAR DE MANUTENCAO;; C.L.T.;1505,00;;1505,00;120,40;1384,60;
LICINHO PEREIRA DA SILVA;SUBGERENCIA DE APOIO LOGISTICO;AUXILIAR DE MANUTENCAO;; C.L.T.;4180,70;;4180,70;545,79;3634,91;
LIGIA PEREIRA DA SILVA;GERENCIA DE VEICULOS;TECNICO DE NIVEL MEDIO;; C.L.T.;2842,50;;2842,50;307,02;2535,48;
LILIANE DANTAS DE OLIVEIRA;JARI-JUNTA ADM.DE REC.DE INFR.;TECNICO DE NIVEL MEDIO;; C.L.T.;4124,00;;4124,00;649,39;3474,61;
LINDOMAR DUARTE DOS SANTOS;GERENCIA DE VEICULOS;TECNICO DE NIVEL MEDIO;; C.L.T.;1880,00;;1880,00;169,20;1710,80;
LUCIANE D'ORAN MELLO;GER.EDUCACAO PARA O TRANSITO;TECNICO DE NIVEL MEDIO;; C.L.T.;3106,50;;3106,50;406,27;2700,23;
LUCILENE MARTINS DE SOUZA;GERENCIA DE VEICULOS;TECNICO DE NIVEL MEDIO;; C.L.T.;2956,50;;2956,50;379,76;2576,74;
LUCIMAYRE ALVES CARVALHO;GERENCIA DE AVAL.MED.PSICOLOG.;TECNICO DE NIVEL MEDIO;; C.L.T.;3282,00;;3282,00;444,37;2837,63;
LUIZ AUGUSTO LINS AGUIAR;JARI-JUNTA ADM.DE REC.DE INFR.;MEMBRO DA JARI;; CONSELHO;3110,00;;3110,00;111,70;2998,30;
LUIZ CARLOS PINHEIRO DO NASCIMENTO;SUBGERENCIA DE APOIO LOGISTICO;AUXILIAR DE MANUTENCAO;; C.L.T.;5701,70;;5701,70;1101,18;4600,52;
LUIZ CARLOS SILVA LIMA;DIRETOR PRESIDENTE;AUXILIAR ADMINISTRATIVO;; C.L.T.;5255,66;;5255,66;909,12;4346,54;
LUZIA SENA DE CARVALHO;JARI-JUNTA ADM.DE REC.DE INFR.;DELEGADO DE POLICIA CLASSE ESPECIAL;PRESIDENTE JARI; ESTATUTARIO;3421,00;609,33;2811,67;;2811,67;
MANOEL DE JESUS MARINHO DE SOUZA;GERENCIA DE VEICULOS;REPRESENTANTE DETRAN/AM MUN. -AD-3;; CARGO COMISSION.S/VINCULO;1681,80;;1681,80;134,54;1547,26;
MARCELO FREITAS FERREIRA DA SILVA;DIRETOR PRESIDENTE;AUXILIAR ADMINISTRATIVO;; C.L.T.;5255,66;;5255,66;995,08;4260,58;
MARCELO MONTENEGRO DA SILVA;GER.CONTR.REG.TRANSITO- CRT;CHEFE DE DEPARTAMENTO AD-1;; CARGO COMISSION.S/VINCULO;5229,77;;5229,77;986,40;4243,37;
MARCO ANTONIO CORREA NAZARETH;DIRETOR PRESIDENTE;TECNICO DE NIVEL MEDIO;; C.L.T.;2480,00;;2480,00;249,66;2230,34;
MARCO ANTONIO FIRMINO DE ARAUJO;SUBGERENCIA DE VEICULOS;AUXILIAR ADMINISTRATIVO;; C.L.T.;2355,00;;2355,00;229,88;2125,12;
MARCOS ANTONIO GOMES;SUB-GER.I DE EMPLACAMENTO;AUXILIAR ADMINISTRATIVO;; C.L.T.;4355,00;;4355,00;623,74;3731,26;
MARCOS ROGERIO FERREIRA MORENO;DIRETOR PRESIDENTE;AUXILIAR ADMINISTRATIVO;; C.L.T.;6340,66;;6340,66;1340,01;5000,65;
MARCUS ABRANCHES BRAULE PINTO;SUBGERENCIA DE VEICULOS;AUXILIAR ADMINISTRATIVO;; C.L.T.;5255,66;;5255,66;951,78;4303,88;
MARGARETE BRITO DE SOUZA;GERENCIA DE VEICULOS;AUXILIAR ADMINISTRATIVO;; C.L.T.;2731,50;;2731,50;289,46;2442,04;
MARGARETH DE SOUSA COZENDEY;SUBGERENCIA DE VEICULOS;TECNICO DE NIVEL MEDIO;; C.L.T.;2656,50;;2656,50;263,37;2393,13;
MARIA ADELAIDE LOPES DE OLIVEIRA;DEPTO.ADMINISTRAT.-FINANCEIRO;AUXILIAR DE MANUTENCAO;; C.L.T.;1505,00;;1505,00;120,40;1384,60;
MARIA AMELIA SILVA DOS REIS;DIRETOR PRESIDENTE;AUXILIAR DE MANUTENCAO;; C.L.T.;2755,66;;2755,66;264,84;2490,82;
MARIA AUXILIADORA SOUZA CORREA;GER.CONTR.REG.TRANSITO- CRT;TECNICO DE NIVEL MEDIO;; C.L.T.;2162,00;;2162,00;194,58;1967,42;
MARIA CLEONICE DE SOUZA COSTA;SUBGERENCIA DE DOCUMENTACAO;TECNICO DE NIVEL MEDIO;; C.L.T.;2702,50;;2702,50;284,87;2417,63;
MARIA CONSOLATA BARRETO QUEIROZ;GERENCIA DE VEICULOS;TECNICO DE NIVEL SUPERIOR;; C.L.T.;2540,00;;2540,00;244,94;2295,06;
MARIA DA GLORIA CAVALCANTE MAIA;SUBGERENCIA DE DOCUMENTACAO;AUXILIAR DE MANUTENCAO;; C.L.T.;1607,00;;1607,00;128,56;1478,44;
MARIA DAS GRACAS ARRUDA LARANJEIRA;SUBGERENCIA DE VEICULOS;TECNICO DE NIVEL MEDIO;; C.L.T.;2776,37;;2776,37;296,56;2479,81;
MARIA DAS GRACAS FREIRE DE CARVALHO;ASSESSORIA JURIDICA;TECNICO DE NIVEL MEDIO;; C.L.T.;4422,36;;4422,36;735,90;3686,46;
MARIA DAS GRACAS LIRA PONTES;GERENCIA DE VEICULOS;AUXILIAR ADMINISTRATIVO;; C.L.T.;1655,00;;1655,00;132,40;1522,60;
MARIA DAS GRACAS VEIGA DA MOTA;SUBGERENCIA DE VEICULOS;TECNICO DE NIVEL MEDIO;; C.L.T.;1982,00;;1982,00;178,38;1803,62;
MARIA DE FATIMA FIRMINO DE ARAUJO;SUBGERENCIA DE DOCUMENTACAO;AUXILIAR DE MANUTENCAO;; C.L.T.;2005,00;;2005,00;180,45;1824,55;
MARIA DE FATIMA FREITAS DO M REIS;GER.EDUCACAO PARA O TRANSITO;TECNICO DE NIVEL MEDIO;; C.L.T.;3378,00;;3378,00;467,74;2910,26;
MARIA DE FATIMA RODRIGUES OLIVEIRA;SUBGERENCIA DE APOIO LOGISTICO;AUXILIAR DE MANUTENCAO;; C.L.T.;1505,00;;1505,00;120,40;1384,60;
MARIA DE LOURDES FREIRE TOGA;GERENCIA DE AVAL.MED.PSICOLOG.;TECNICO DE NIVEL MEDIO;; C.L.T.;3314,50;;3314,50;452,28;2862,22;
MARIA DE NAZARE DOS ANJOS S NUNES;GER.CONTR.REG.TRANSITO- CRT;TECNICO DE NIVEL SUPERIOR;TECNICO; C.L.T.;3040,00;;3040,00;394,52;2645,48;
MARIA DE NAZARE FREIRE TOGA;SUBGERENCIA DE DOCUMENTACAO;TECNICO DE NIVEL MEDIO;; C.L.T.;2228,00;;2228,00;200,52;2027,48;
MARIA DELCI PEREIRA PINTO;GER.CONTR.REG.TRANSITO- CRT;TECNICO DE NIVEL MEDIO;; C.L.T.;4472,00;;4472,00;677,26;3794,74;
MARIA DIONEIDE MONTEFUSCO MELO;SUB-GER.I DE MAT.E PATRIMONIO;TECNICO DE NIVEL SUPERIOR;TECNICO; C.L.T.;8400,59;;8400,59;1444,46;6956,13;
MARIA DO PERPETUO SOCORRO A SOUZA;ASSESSORIA JURIDICA;TECNICO DE NIVEL MEDIO;; C.L.T.;10859,00;;10859,00;2225,05;8633,95;
MARIA DO PERPETUO SOCORRO S SANTOS;SUBGERENCIA DE VEICULOS;TECNICO DE NIVEL MEDIO;; C.L.T.;2480,00;;2480,00;235,44;2244,56;
MARIA DO ROSARIO COSTA DOS SANTOS;SUBGERENCIA DE VEICULOS;TECNICO DE NIVEL MEDIO;; C.L.T.;2556,50;;2556,50;247,54;2308,96;
MARIA DO ROSARIO MANHUARI;DIRETOR PRESIDENTE;AUXILIAR DE MANUTENCAO;AUXILIAR MANUTENCAO; C.L.T.;4419,82;;4419,82;499,68;3920,14;
MARIA DO SOCORRO FIGUEIREDO BINDA;SUBGERENCIA DE VEICULOS;AUXILIAR DE SERV GERAIS 3A CLASSE;; C.L.T.;2905,66;;2905,66;317,01;2588,65;
MARIA GOMES MOURA;SUBGERENCIA DE VEICULOS;TECNICO DE NIVEL MEDIO;; C.L.T.;2980,00;;2980,00;369,70;2610,30;
MARIA GORETE FELIX DE ARAUJO;GERENCIA DE HABILITACAO;TECNICO DE NIVEL MEDIO;; C.L.T.;4646,00;;4646,00;805,29;3840,71;
MARIA GORETTE DANTAS PINTO;GERENCIA DE VEICULOS;TECNICO DE NIVEL MEDIO;; C.L.T.;5336,00;;5336,00;976,71;4359,29;
MARIA HELENA LEITE DE MENEZES;GERENCIA DE VEICULOS;AUXILIAR DE MANUTENCAO;; C.L.T.;2058,00;;2058,00;185,22;1872,78;
MARIA IVANEIDE MARQUES VITA;SUBGERENCIA DE VEICULOS;TECNICO DE NIVEL MEDIO;; C.L.T.;2507,50;;2507,50;254,01;2253,49;
MARIA IZABEL FERNANDES DE SOUZA;GERENCIA DE VEICULOS;TECNICO DE NIVEL SUPERIOR;; C.L.T.;3738,00;;3738,00;498,53;3239,47;
MARIA JOANA DO ROSARIO;GERENCIA DE HABILITACAO;AUXILIAR DE MANUTENCAO;; C.L.T.;1607,00;;1607,00;128,56;1478,44;
MARIA JOSE DE SENA R BEZERRA;GERENCIA DE HABILITACAO;TECNICO DE NIVEL SUPERIOR;; C.L.T.;2438,00;;2438,00;243,01;2194,99;
MARIA JOSE MENDES DE LIMA;GERENCIA DE VEICULOS;REPRESENTANTE DETRAN/AM MUN. -AD-3;REP.DE MUNIC.AD-3; CARGO COMISSION.S/VINCULO;1681,80;;1681,80;134,54;1547,26;
MARIA LEONICE REIS BATISTA;GER.EDUCACAO PARA O TRANSITO;TECNICO DE NIVEL MEDIO;; C.L.T.;3300,00;;3300,00;448,75;2851,25;
MARIA LUCIA PEREIRA GARCIA;GERENCIA DE HABILITACAO;TECNICO DE NIVEL MEDIO;; C.L.T.;3382,00;;3382,00;468,72;2913,28;
MARIA LUIZA PERES DE ARAUJO;GERENCIA DE HABILITACAO;TECNICO DE NIVEL MEDIO;; C.L.T.;2033,00;;2033,00;182,97;1850,03;
MARIA MAGALHAES CESAR;GER.CONTR.REG.TRANSITO- CRT;TECNICO DE NIVEL MEDIO;; C.L.T.;2228,00;;2228,00;200,52;2027,48;
MARIA OLINDA NOGUEIRA DE QUEIROZ;DIRETOR PRESIDENTE;TECNICO DE NIVEL MEDIO;; C.L.T.;3765,77;;3765,77;480,14;3285,63;
MARIA ROSALINA DE SOUZA;GERENCIA DE VEICULOS;TECNICO DE NIVEL MEDIO;; C.L.T.;3082,00;;3082,00;387,72;2694,28;
MARIA SENA DE GOES;DIR.ADMINISTRATIVA-FINANCEIRA;TECNICO DE NIVEL SUPERIOR;; C.L.T.;5089,00;;5089,00;900,07;4188,93;
MARIA SOCORRO PINHEIRO TEIXEIRA;DIRETOR PRESIDENTE;AUXILIAR DE MANUTENCAO;; C.L.T.;1505,00;;1505,00;120,40;1384,60;
MARIA SOCORRO VIANA DE SOUZA;GERENCIA DE HABILITACAO;AUXILIAR DE MANUTENCAO;; C.L.T.;3505,00;;3505,00;434,05;3070,95;
MARIA TELMA DE LEMOS SOARES;SUBGERENCIA DE VEICULOS;TECNICO DE NIVEL MEDIO;; C.L.T.;4922,50;;4922,50;604,10;4318,40;
MARILANE MOREIRA DE SOUZA;DEPTO.ADMINISTRAT.-FINANCEIRO;AUXILIAR DE MANUTENCAO;AUX.DE MANUTEN¦AOS; C.L.T.;2005,00;;2005,00;180,45;1824,55;
MARIO ANIBAL GOMES DA COSTA;GER.CONTR.REG.TRANSITO- CRT;AUXILIAR DE MANUTENCAO;; C.L.T.;2581,50;;2581,50;265,72;2315,78;
MARIO COELHO AMORIM FILHO;GERENCIA DE VEICULOS;TECNICO DE NIVEL MEDIO;; C.L.T.;5936,00;;5936,00;1228,73;4707,27;
MARIO JORGE CAVALCANTE;GERENCIA DE AVAL.MED.PSICOLOG.;GERENTE;; CARGO COMISSION.S/VINCULO;6209,79;;6209,79;1304,02;4905,77;
MARITA SANTOS DE OLIVEIRA CORREA;ASSESSORIA JURIDICA;TECNICO DE NIVEL SUPERIOR;; C.L.T.;6336,00;;6336,00;1286,59;5049,41;
MARLENE LEAO;GERENCIA DE VEICULOS;TECNICO DE NIVEL MEDIO;TECNICO AUXILIAR; C.L.T.;3153,50;;3153,50;414,58;2738,92;
MARLY CORREA AMAZONAS;GER.CONTR.REG.TRANSITO- CRT;TECNICO DE NIVEL MEDIO;; C.L.T.;3691,00;;3691,00;543,96;3147,04;
MARTA REGINA DOS SANTOS MARQUES;SUBGERENCIA DE DOCUMENTACAO;AUXILIAR DE MANUTENCAO;; C.L.T.;1607,00;;1607,00;128,56;1478,44;
MARY LEAO DE OLIVEIRA;SUBGERENCIA DE VEICULOS;AUXILIAR ADMINISTRATIVO;; C.L.T.;2220,27;;2220,27;199,82;2020,45;
MAUREEN LIMA BRASIL CARNEIRO;GER.CONTR.REG.TRANSITO- CRT;TECNICO DE NIVEL MEDIO;; C.L.T.;5428,00;;5428,00;1005,25;4422,75;
MAYARA KIMURA TAKETOMI OLIMPIO;CETRAN-CONS.EST.DE TRANSITO;MEMBRO DO CETRAN;; CONSELHO;3110,00;;3110,00;111,70;2998,30;
MIRLAN FREITAS DA SILVA;GER.CONTR.REG.TRANSITO- CRT;TECNICO DE NIVEL MEDIO;; C.L.T.;2800,00;;2800,00;252,00;2548,00;
MITZA BRASIL ROBERTO;GER.EDUCACAO PARA O TRANSITO;TECNICO DE NIVEL SUPERIOR;; C.L.T.;6062,96;;6062,96;1211,51;4851,45;
MONICA DA COSTA GONDIM;ASSESSORIA JURIDICA;TECNICO DE NIVEL SUPERIOR;; C.L.T.;5636,00;;5636,00;1130,01;4505,99;
NAIRA DA COSTA NASCIMENTO;DIR.GER/ASSESSORIA DE IMPRENSA;SUBGERENTE;NAO INFORMADO; CARGO COMISSION.S/VINCULO;5391,80;;5391,80;1043,38;4348,42;
NILA MARIA LAGOS PERDIGAO;SUBGERENCIA DE APOIO LOGISTICO;TECNICO DE NIVEL SUPERIOR;; C.L.T.;3112,99;;3112,99;407,41;2705,58;
NILDES DUTRA NOGUEIRA;GER.CONTR.REG.TRANSITO- CRT;AUXILIAR DE MANUTENCAO;; C.L.T.;2486,50;;2486,50;250,68;2235,82;
ODETE DE OLIVEIRA NASCIMENTO;GERENCIA DE AVAL.MED.PSICOLOG.;TECNICO DE NIVEL MEDIO;; C.L.T.;4680,00;;4680,00;815,84;3864,16;
ODINEI FELICIO DE ARAUJO;GER.CONTR.REG.TRANSITO- CRT;AUXILIAR DE MANUTENCAO;; C.L.T.;2005,00;;2005,00;180,45;1824,55;
ODINILCE FELICIO DE ARAUJO;SUBGERENCIA DE VEICULOS;TECNICO DE NIVEL MEDIO;; C.L.T.;2580,00;;2580,00;265,49;2314,51;
OLINDA MARIA RIBEIRO DA SILVA;SUBGERENCIA DE VEICULOS;TECNICO DE NIVEL MEDIO;; C.L.T.;1880,00;;1880,00;169,20;1710,80;
OSIAS DA COSTA SOUZA;GERENCIA DE ORC.E PLANEJAMENTO;TECNICO DE NIVEL SUPERIOR;; C.L.T.;3008,07;;3008,07;388,87;2619,20;
OSVALDO ALLAN MEDEIROS CHAVES;SUB-GER.I DE EMPLACAMENTO;AUXILIAR ADMINISTRATIVO;; C.L.T.;3055,66;;3055,66;397,29;2658,37;
PAULO DAVID TRIBUZZI DE OLIVEIRA;DIRETOR PRESIDENTE;TECNICO DE NIVEL MEDIO;; C.L.T.;8537,98;;8537,98;1944,27;6593,71;
PAULO JORGE BAHIA MARQUES JUNIOR;DIR.GER/ASSESSORIA DE IMPRENSA;GERENTE;GERENTE; CARGO COMISSION.S/VINCULO;7709,79;;7709,79;1359,02;6350,77;
PAULO LEVY DE OLIVEIRA;SUB-GER.I DE MAT.E PATRIMONIO;TECNICO DE NIVEL SUPERIOR;; C.L.T.;4040,00;;4040,00;600,50;3439,50;
PAULO SERGIO MARTINS;SUB-GER.I DE EMPLACAMENTO;AUXILIAR ADMINISTRATIVO;; C.L.T.;3054,20;;3054,20;354,37;2699,83;
PEDRO CLAUDIO RAMOS DA SILVA;SUBGERENCIA DE APOIO LOGISTICO;AUXILIAR ADMINISTRATIVO;; C.L.T.;8686,16;;8686,16;1403,01;7283,15;
PRISCILA ARAUJO DA SILVA;SUBGERENCIA DE DOCUMENTACAO;SUBGERENTE;; CARGO COMISSION.S/VINCULO;3891,82;;3891,82;592,86;3298,96;
QUELCIMAR DOS SANTOS DELGADO;GERENCIA DE VEICULOS;REPRESENTANTE DETRAN/AM MUN. -AD-3;NAO INFORMADO; CARGO COMISSION.S/VINCULO;1681,80;;1681,80;134,54;1547,26;
RAIMUNDA NONATA DA SILVA OLIVEIRA;SUB-GER.I DE INF.DE TRANSITO;TECNICO DE NIVEL MEDIO;; C.L.T.;4292,67;;4292,67;662,02;3630,65;
RAIMUNDO JOSE AIRES DE ALMEIDA;DIRETOR PRESIDENTE;TECNICO DE NIVEL MEDIO;; C.L.T.;3280,66;;3280,66;444,04;2836,62;
RAIMUNDO LIMA DA COSTA MOURA;SUB-GER.I DE EMPLACAMENTO;AUXILIAR ADMINISTRATIVO;; C.L.T.;2655,00;;2655,00;277,35;2377,65;
REGINA CELIA MATOS NOGUEIRA;DIRETOR PRESIDENTE;TECNICO DE NIVEL MEDIO;; C.L.T.;5070,90;;5070,90;894,45;4176,45;
REGINALDO DANTAS DE SOUZA;SUB-GER.I DE EMPLACAMENTO;AUXILIAR ADMINISTRATIVO;; C.L.T.;3540,00;;3540,00;507,19;3032,81;
RENATO ALVES DOURADO;GERENCIA DE VEICULOS;TECNICO DE NIVEL MEDIO;; C.L.T.;1982,00;;1982,00;178,38;1803,62;
RICARDO BIANCHI RAMALHO DE CASTRO;GERENCIA ENG. E ESTATISTICA;GERENTE;; CARGO COMISSION.S/VINCULO;5209,79;;5209,79;980,20;4229,59;
RITA AMELIA VASCO FURTADO;DEPTO.ADMINISTRAT.-FINANCEIRO;TECNICO DE NIVEL SUPERIOR;; C.L.T.;6846,44;;6846,44;1479,10;5367,34;
RITA BENTO DE CARVALHO;SUBGERENCIA DE VEICULOS;TECNICO DE NIVEL MEDIO;TECNICO AUXILIAR; C.L.T.;4463,50;;4463,50;748,67;3714,83;
RITA DE CASSIA TRINDADE REBELO;GERENCIA DE HABILITACAO;TECNICO AUXILIAR;; C.L.T.;6061,50;;6061,50;1263,24;4798,26;
RITA MARIA DE ALMEIDA FERREIRA;GERENCIA DE VEICULOS;TECNICO DE NIVEL MEDIO;; C.L.T.;3927,50;;3927,50;398,33;3529,17;
RIVANDA DE OLIVEIRA GONCALVES;DEPTO.ADMINISTRAT.-FINANCEIRO;AUXILIAR DE MANUTENCAO;; C.L.T.;1607,00;;1607,00;128,56;1478,44;
RODRIGO DE SA BARBOSA;GABINETE;DELEGADO DE POLICIA 2A.CL.PC-DEL-II;DIRETOR PRESIDENTE; ESTATUTARIO;9900,00;848,14;9051,86;1567,76;7484,10;
ROMULO DA SILVA FABRIS;GER.CONTR.REG.TRANSITO- CRT;TECNICO DE NIVEL MEDIO;; C.L.T.;3680,00;;3680,00;541,28;3138,72;
ROSA RODRIGUES PIRES;DEPTO.ADMINISTRAT.-FINANCEIRO;AUXILIAR DE MANUTENCAO;; C.L.T.;5936,66;;5936,66;813,30;5123,36;
ROSANE APARECIDA CORREA LUSTOSA;GERENCIA DE HABILITACAO;TECNICO DE NIVEL SUPERIOR;; C.L.T.;5238,00;;5238,00;988,96;4249,04;
ROSANGELA VIEIRA HITOTUZI;DIR.ADMINISTRATIVA-FINANCEIRA;TECNICO DE NIVEL MEDIO;; C.L.T.;3802,50;;3802,50;571,10;3231,40;
ROSEMBERG DA SILVA HAYDEN;GERENCIA DE ORC.E PLANEJAMENTO;TECNICO DE NIVEL MEDIO;; C.L.T.;6894,00;;6894,00;1492,18;5401,82;
ROSENEY KIMURA TAKETOMI OLIMPIO;DIRETOR PRESIDENTE;TECNICO DE NIVEL SUPERIOR;; C.L.T.;2177,00;;2177,00;195,93;1981,07;
RUBENIL ROSA DE ALMEIDA;CETRAN-CONS.EST.DE TRANSITO;MEMBRO DO CETRAN;; CONSELHO;3110,00;;3110,00;111,70;2998,30;
SANDRA TEREZA PINHEIRO FERREIRA;GERENCIA DE HABILITACAO;TECNICO DE NIVEL MEDIO;; C.L.T.;2780,00;;2780,00;297,14;2482,86;
SANDRO SANTOS SILVA;CETRAN-CONS.EST.DE TRANSITO;MEMBRO DO CETRAN;; CONSELHO;3110,00;;3110,00;111,70;2998,30;
SANDRYVALDO SANTOS DO NASCIMENTO;SUBGERENCIA DE VEICULOS;AUXILIAR ADMINISTRATIVO;; C.L.T.;2355,00;;2355,00;211,95;2143,05;
SANTANA DOURADO GOMES;DEPTO.ADMINISTRAT.-FINANCEIRO;AUXILIAR ADMINISTRATIVO;; C.L.T.;1731,50;;1731,50;138,52;1592,98;
SEBASTIAO FERREIRA DA SILVA;SUBGERENCIA DE APOIO LOGISTICO;AUXILIAR DE MANUTENCAO;; C.L.T.;2396,60;;2396,60;215,69;2180,91;
SELMA DE OLIVEIRA PINHEIRO;GERENCIA DE HABILITACAO;TECNICO DE NIVEL MEDIO;; C.L.T.;3382,00;;3382,00;468,72;2913,28;
SELMA FERNANDA DE OLIVEIRA VALLE;SUBGERENCIA DE VEICULOS;TECNICO DE NIVEL MEDIO;; C.L.T.;2480,00;;2480,00;249,66;2230,34;
SELMA MACEDO LOPES;SUBGERENCIA DE DOCUMENTACAO;AUXILIAR ADMINISTRATIVO;; C.L.T.;4738,00;;4738,00;833,83;3904,17;
SERGIO AUGUSTO GRACA CAVALCANTE;ASSESSORIA JURIDICA;TECNICO DE NIVEL MEDIO;; C.L.T.;11148,00;;11148,00;2609,89;8538,11;
SEVERINO DA SILVA SANTOS;SUBGERENCIA DE VEICULOS;AUXILIAR ADMINISTRATIVO;; C.L.T.;3906,00;;3906,00;596,31;3309,69;
SHIRLENE MAIA FARIAS;DIRETORIA TECNICA;AUXILIAR ADMINISTRATIVO;; C.L.T.;7636,00;;7636,00;1338,73;6297,27;
SIDNEY SOUSA DA SILVA;GERENCIA DE VEICULOS;REPRESENTANTE DETRAN/AM MUN. -AD-3;NAO INFORMADO; CARGO COMISSION.S/VINCULO;1681,80;;1681,80;134,54;1547,26;
SILIS CALAZANS GOMES;SUBGERENCIA DE APOIO LOGISTICO;MOTORISTA 1A CLASSE;; ESTATUTARIO;3352,83;;3352,83;383,00;2969,83;
SILVIA JANE DA SILVA;GERENCIA DE VEICULOS;AUXILIAR ADMINISTRATIVO;; C.L.T.;4855,00;;4855,00;870,13;3984,87;
SILVIA MARGARETE VALERIO OLIVEIRA;DIR.ADMINISTRATIVA-FINANCEIRA;TECNICO DE NIVEL MEDIO;; C.L.T.;4314,50;;4314,50;702,44;3612,06;
SIRLEIDE DOS SANTOS CASANOVA COELHO;SUBGERENCIA DE VEICULOS;TECNICO DE NIVEL MEDIO;; C.L.T.;7438,00;;7438,00;1180,00;6258,00;
SOLIANE CARDOSO DE CARVALHO;GERENCIA DE VEICULOS;TECNICO DE NIVEL MEDIO;; C.L.T.;2880,00;;2880,00;312,96;2567,04;
SONIA MARIA SILVA PEREIRA;SUBGERENCIA DE VEICULOS;TECNICO DE NIVEL MEDIO;; C.L.T.;2982,00;;2982,00;370,05;2611,95;
SONIA OLIMPIO DA CUNHA;GERENCIA DE VEICULOS;TECNICO DE NIVEL MEDIO;; C.L.T.;3603,33;;3603,33;494,17;3109,16;
SUELI DE CASTRO JOHNSON;GERENCIA DE ORC.E PLANEJAMENTO;TECNICO DE NIVEL MEDIO;; C.L.T.;2828,00;;2828,00;304,73;2523,27;
TEREZINHA DE JESUS O C SABOIA;SUBGERENCIA DE VEICULOS;TECNICO DE NIVEL MEDIO;; C.L.T.;2802,50;;2802,50;300,69;2501,81;
THAIS BENTES JUCA;ASSESSORIA DE IMPRENSA;ASSESSOR I;NAO INFORMADO; CARGO COMISSION.S/VINCULO;8355,43;;8355,43;1536,57;6818,86;
THANNY MONIK DE GUSMAO SILVA;DIRETORIA GERAL;INVEST.DE POL. 3A.CL. PC-INV-III;ASSESSOR II; ESTATUTARIO;7900,00;;7900,00;893,50;7006,50;
THEREZINHA SOARES DE VASCONCELLOS;GERENCIA ENG. E ESTATISTICA;TECNICO DE NIVEL MEDIO;; C.L.T.;2007,50;;2007,50;180,67;1826,83;
TULIMAR MORAES DE LIMA;SUB-GER.I DE EMPLACAMENTO;TECNICO DE NIVEL MEDIO;; C.L.T.;2728,00;;2728,00;274,69;2453,31;
VALDA RITA FARIAS REIS;SUBGERENCIA DE VEICULOS;TECNICO DE NIVEL MEDIO;; C.L.T.;2506,67;;2506,67;253,88;2252,79;
VALERIANA DO ROSARIO DA SILVA;GERENCIA DE HABILITACAO;AUXILIAR DE MANUTENCAO;; C.L.T.;1658,00;;1658,00;132,64;1525,36;
VILSON EVANGELISTA DE ARAUJO;SUBGERENCIA DE VEICULOS;TECNICO DE NIVEL MEDIO;; C.L.T.;5462,00;;5462,00;1068,28;4393,72;
WALMIR WALACE DOS SANTOS DALLES;GER.CONTR.REG.TRANSITO- CRT;TECNICO DE NIVEL SUPERIOR;; C.L.T.;8043,34;;8043,34;1474,76;6568,58;
WANDA DOS SANTOS FREIRE;SUBGERENCIA DE DOCUMENTACAO;TECNICO DE NIVEL MEDIO;; C.L.T.;2482,00;;2482,00;249,98;2232,02;
WENDELL DANTAS MENEZES;GER.CONTR.REG.TRANSITO- CRT;TECNICO DE NIVEL MEDIO;; C.L.T.;9286,00;;9286,00;1740,34;7545,66;
WENDELL WAUGHAN MONTEIRO;SECAO ADMINISTRATIVA;ASSESSOR I;ASSESSOR I; CARGO COMISSION.S/VINCULO;9895,77;;9895,77;2317,67;7578,10;
YANNE DAS NEVES FALCAO LIMA;SUBGERENCIA DE VEICULOS;TECNICO DE NIVEL MEDIO;; C.L.T.;5080,00;;5080,00;537,19;4542,81;
ZI CUNHA MOREIRA;SUBGERENCIA DE VEICULOS;TECNICO DE NIVEL MEDIO;; C.L.T.;3982,00;;3982,00;586,38;3395,62;
ZULEIDE CARVALHO FEITOSA;SUBGERENCIA DE VEICULOS;TECNICO DE NIVEL MEDIO;; C.L.T.;2580,00;;2580,00;265,49;2314,51;
