NOME;LOTACAO;CARGO;FUNCAO;VINCULO;REMUNERACAO LEGAL TOTAL(R$);DESC.TETO(R$); REMUNERACAO LEGAL DEVIDA(R$);DESCONTOS LEGAIS(R$);LIQUIDO DISPONIVEL(R$);
ADELANE VIEIRA RAMOS;GERENCIA DE HABILITACAO;TECNICO DE NIVEL MEDIO;; C.L.T.;3356,50;;3356,50;462,50;2894,00;
ADEMIR ROCHA RODRIGUES;DEPTO.ADMINISTRAT.-FINANCEIRO;ASSISTENTE ADMINISTRATIVO;; C.L.T.;4875,00;;4875,00;876,34;3998,66;
ADENILTON DE SOUZA BARBALHO;GERENCIA DE VEICULOS;CAPITAO;GERENTE; ESTATUTARIO;6530,00;;6530,00;717,84;5812,16;
ADIL ALVES PINTO;DIRETORIA TECNICA;TENENTE CORONEL;DIRETOR TECNICO; ESTATUTARIO;11531,32;;11531,32;2301,75;9229,57;
ADILSON BENTO CARDOSO;SUBGERENCIA DE APOIO LOGISTICO;AUXILIAR DE MANUTENCAO;; C.L.T.;2762,93;;2762,93;280,21;2482,72;
AFONSO CELSO BENZEEV LOBO;ASSESSORIA TECNICA;DELEGADO DE POLICIA 1A.CL. PC-DEL-I;GERENTE; ESTATUTARIO;8400,00;;8400,00;948,50;7451,50;
AGILCIMAR VASCONCELOS LOPES;SUB-GER.I DE EMPLACAMENTO;AUXILIAR ADMINISTRATIVO;; C.L.T.;2257,00;;2257,00;203,13;2053,87;
ALCINEIA ALMEIDA DOS SANTOS;GER.CONTR.REG.TRANSITO- CRT;AUXILIAR DE MANUTENCAO;; C.L.T.;2155,00;;2155,00;193,95;1961,05;
ALCIO VARGAS COSTA SAMPAIO;CETRAN-CONS.EST.DE TRANSITO;MEMBRO DO CETRAN;; CONSELHO;3110,00;;3110,00;111,70;2998,30;
ALDENICE DA SILVA SAHDO;SUBGERENCIA DE VEICULOS;TECNICO DE NIVEL MEDIO;; C.L.T.;2682,00;;2682,00;281,63;2400,37;
ALDENIZIA LIMA FREIRE;DIRETOR PRESIDENTE;TECNICO DE NIVEL MEDIO;; C.L.T.;4018,47;;4018,47;623,70;3394,77;
ALDREA NORONHA RAMOS;DEPTO.ADMINISTRAT.-FINANCEIRO;TECNICO DE NIVEL MEDIO;; C.L.T.;3440,00;;3440,00;482,84;2957,16;
ALDSON XAVIER COSTA;SUB-GER.I DE EMPLACAMENTO;TECNICO DE NIVEL MEDIO;; C.L.T.;5081,20;;5081,20;940,31;4140,89;
ALESSANDRA AVINTE DE SOUZA FREIRE;SUB-GER.I DE INF.DE TRANSITO;TECNICO DE NIVEL SUPERIOR;; C.L.T.;4938,00;;4938,00;853,23;4084,77;
ALFREDO JACAUNA PINHEIRO FILHO;DEPARTAMENTO OPERACIONAL;INVESTIGADOR DE POL.CL.ESPECIAL;ASSESSOR II; ESTATUTARIO;7200,00;;7200,00;1006,37;6193,63;
ALICE MARIA FARIAS DE SOUZA;GERENCIA DE VEICULOS;TECNICO DE NIVEL MEDIO;; C.L.T.;1982,00;;1982,00;178,38;1803,62;
ALIRIA MARIA TELES COELHO;GERENCIA DE VEICULOS;TECNICO DE NIVEL MEDIO;; C.L.T.;3663,50;;3663,50;537,26;3126,24;
ALTAIR DEIVID GADELHA DA SILVA;DIRETORIA TECNICA;INVEST.DE POL. 3A.CL. PC-INV-III;SUBGERENTE; ESTATUTARIO;6130,00;;6130,00;712,12;5417,88;
AMANDA DA SILVA TEIXEIRA;GABINETE;ESCRIVAO DE POL.3A.CL. PC-ESC-III;CHEFE DE GABINETE; ESTATUTARIO;7900,00;;7900,00;945,64;6954,36;
ANA AMELIA DE MENEZES BARBOSA;SUBGERENCIA DE VEICULOS;GERENTE;; CARGO COMISSION.S/VINCULO;9745,45;;9745,45;2276,33;7469,12;
ANA CECILIA DE SOUZA GAZEL;SUB-GER.I DE MAT.E PATRIMONIO;ASSISTENTE ADMINISTRATIVO;ASSIS ADMINISTRATIVO; ESTATUTARIO;5200,00;;5200,00;672,29;4527,71;
ANA CELIA DOS SANTOS RAMOS;SUBGERENCIA DE VEICULOS;TECNICO DE NIVEL MEDIO;; C.L.T.;2979,20;;2979,20;383,77;2595,43;
ANA CRISTINA MARQUES BENTES;GABINETE;TECNICO DE NIVEL MEDIO;; C.L.T.;8846,00;;8846,00;2028,98;6817,02;
ANA LUCIA SOARES DE LIRA LIMA;GER.EDUCACAO PARA O TRANSITO;TECNICO DE NIVEL MEDIO;; C.L.T.;3840,00;;3840,00;551,80;3288,20;
ANA MARIA COSTA DA SILVA;JARI-JUNTA ADM.DE REC.DE INFR.;AUXILIAR ADMINISTRATIVO;; C.L.T.;2777,00;;2777,00;296,66;2480,34;
ANA MARIA DA SILVA FERNANDES;DEPTO.ADMINISTRAT.-FINANCEIRO;TECNICO DE NIVEL MEDIO;; C.L.T.;3740,00;;3740,00;555,89;3184,11;
ANA PAULA BRASIL DE HOLANDA;SUBGERENCIA DE VEICULOS;TECNICO DE NIVEL MEDIO;; C.L.T.;7216,67;;7216,67;1528,78;5687,89;
ANA PAULA COSTA DE SOUSA;ASSESSORIA JURIDICA;TECNICO DE NIVEL MEDIO;; C.L.T.;6280,00;;6280,00;1323,33;4956,67;
ANA PAULA MAGALHAES DE MELLO SILVA;GERENCIA DE AVAL.MED.PSICOLOG.;AUXILIAR ADMINISTRATIVO;; C.L.T.;7109,00;;7109,00;1447,03;5661,97;
ANA SOCORRO MATOS FEITOZA;GERENCIA DE VEICULOS;TECNICO DE NIVEL MEDIO;; C.L.T.;2280,00;;2280,00;205,20;2074,80;
ANDRE SOUZA DA SILVA;CETRAN-CONS.EST.DE TRANSITO;MEMBRO DO CETRAN;; CONSELHO;3110,00;;3110,00;111,70;2998,30;
ANDREA GOMES DE SALES BRAGA;DIRETOR PRESIDENTE;TECNICO DE NIVEL MEDIO;; C.L.T.;2786,46;;2786,46;283,94;2502,52;
ANDREIA DIVINA SA DE OLIVEIRA;GERENCIA DE VEICULOS;TECNICO DE NIVEL MEDIO;; C.L.T.;1880,00;;1880,00;169,20;1710,80;
ANDREZA VIEIRA FERREIRA;ASSESSORIA JURIDICA;ASSESSOR IV;ASSESSOR IV; CARGO COMISSION.S/VINCULO;5379,61;;5379,61;949,78;4429,83;
ANGELA ROSA SILVA DO NASCIMENTO;GERENCIA DE HABILITACAO;TECNICO DE NIVEL MEDIO;; C.L.T.;3237,00;;3237,00;386,68;2850,32;
ANTONIA MARIA LIMA MOREIRA;GERENCIA DE VEICULOS;AUXILIAR ADMINISTRATIVO;; C.L.T.;3031,50;;3031,50;350,36;2681,14;
ANTONIO ALFREDO REGO DA MATTA FILHO;DIRETOR PRESIDENTE;TECNICO DE NIVEL MEDIO;; C.L.T.;3536,46;;3536,46;477,89;3058,57;
ANTONIO MARCOS ASSEM SALAZAR;ASSESSORIA TECNICA;ASSESSOR IV;ASSESSOR IV; CARGO COMISSION.S/VINCULO;5119,98;;5119,98;952,34;4167,64;
ARACY COSTA SALES;GER.CONTR.REG.TRANSITO- CRT;AUXILIAR DE MANUTENCAO;; C.L.T.;2317,00;;2317,00;208,53;2108,47;
ARILSON DE ALMEIDA LIMA;SUB-GER.I DE EMPLACAMENTO;TECNICO DE NIVEL MEDIO;; C.L.T.;3556,50;;3556,50;482,77;3073,73;
ARISTOTELES MAGALHAES BENACON;GERENCIA DE VEICULOS;AUXILIAR ADMINISTRATIVO;; C.L.T.;2055,00;;2055,00;184,95;1870,05;
ARLETE DANTAS PINTO;GERENCIA DE HABILITACAO;TECNICO DE NIVEL MEDIO;; C.L.T.;5128,00;;5128,00;954,83;4173,17;
ARMANDO LIMA DO CANTO;SUBGERENCIA DE VEICULOS;TECNICO DE NIVEL MEDIO;; C.L.T.;4139,20;;4139,20;596,22;3542,98;
ARODILSON FERREIRA DA SILVA;GER.CONTR.REG.TRANSITO- CRT;TECNICO DE NIVEL MEDIO;; C.L.T.;2904,40;;2904,40;288,38;2616,02;
ARTHUR FRANCISCO DOS SANTOS V CRUZ;GABINETE;ESCRIVAO DE POL.3A.CL. PC-ESC-III;SUBGERENTE; ESTATUTARIO;6320,00;;6320,00;764,37;5555,63;
AUREO SERGIO CORREA PINHEIRO;GER.CONTR.REG.TRANSITO- CRT;ASSESSOR I;ASSESSOR I AD-1; CARGO COMISSION.S/VINCULO;5229,77;;5229,77;986,40;4243,37;
BRUNA PAES BARRETO DE SOUSA;GABINETE;SUBGERENTE;SUBGERENTE AD-3; CARGO COMISSION.S/VINCULO;7322,40;;7322,40;1609,99;5712,41;
CARLOS RODRIGUES DE ANDRADE;SUBGERENCIA DE APOIO LOGISTICO;AUXILIAR DE MANUTENCAO;; C.L.T.;2404,20;;2404,20;216,37;2187,83;
CARLOS ROUCELLI ALVES SIQUEIRA;SUBGERENCIA DE VEICULOS;TECNICO DE NIVEL SUPERIOR;TEC. NIVEL SUPERIOR; C.L.T.;4760,51;;4760,51;798,16;3962,35;
CATIA FRANCISCA GUEDES SARAIVA;GERENCIA DE VEICULOS;TECNICO DE NIVEL MEDIO;; C.L.T.;2982,00;;2982,00;384,27;2597,73;
CELSO DANIEL ALBUQUERQUE DA SILVA;DEPTO.ADMINISTRAT.-FINANCEIRO;TECNICO DE NIVEL MEDIO;; C.L.T.;3540,00;;3540,00;478,75;3061,25;
CHRISTIAN CASTRO DOS SANTOS;SECAO DE EXP.DOC.DE HABILIT.;CHEFE DE DEPARTAMENTO;NAO INFORMADO; CARGO COMISSION.S/VINCULO;6329,77;;6329,77;1337,02;4992,75;
CINTIA OLIVEIRA REIS;DIRETOR PRESIDENTE;AUXILIAR ADMINISTRATIVO;; C.L.T.;3197,51;;3197,51;408,14;2789,37;
CLARICE LEMOS MARTINS;GERENCIA DE HABILITACAO;TECNICO DE NIVEL MEDIO;; C.L.T.;2642,67;;2642,67;237,84;2404,83;
CLAUDIA DE OLIVEIRA TELES;GERENCIA DE VEICULOS;ASSISTENTE ADMINISTRATIVO;ASSIST.ADMINIST; ESTATUTARIO;2200,00;;2200,00;164,65;2035,35;
CLAUDINETTE LINS REBOUCAS;SUB-GER.I DE MAT.E PATRIMONIO;TECNICO DE NIVEL SUPERIOR;; C.L.T.;2438,00;;2438,00;243,01;2194,99;
CLAUDIO JOSE PEREIRA MACHADO;SUB-GER.I DE MAT.E PATRIMONIO;TECNICO DE NIVEL MEDIO;; C.L.T.;5194,00;;5194,00;975,31;4218,69;
CLEIDEMAR COSTA;SUBGERENCIA DE VEICULOS;TECNICO DE NIVEL MEDIO;; C.L.T.;2937,80;;2937,80;333,79;2604,01;
CLEUCIMAR DA COSTA MONTANHA;SUBGERENCIA DE DOCUMENTACAO;AUXILIAR DE MANUTENCAO;; C.L.T.;3475,00;;3475,00;442,97;3032,03;
COSMA DA SILVA GAMA;DEPTO.ADMINISTRAT.-FINANCEIRO;AUXILIAR DE MANUTENCAO;; C.L.T.;1658,00;;1658,00;132,64;1525,36;
CRISTINA FERREIRA LIMA;DIRETORIA TECNICA;TECNICO DE NIVEL MEDIO;; C.L.T.;5480,00;;5480,00;663,03;4816,97;
DALVA FERREIRA MOTA;GER.CONTR.REG.TRANSITO- CRT;TECNICO DE NIVEL MEDIO;; C.L.T.;3862,50;;3862,50;585,71;3276,79;
DALVA INEZ DE OLIVEIRA LOPES;DIRETOR PRESIDENTE;TECNICO DE NIVEL SUPERIOR;; C.L.T.;5211,13;;5211,13;980,62;4230,51;
DAVID FERNANDES DOS SANTOS;DEPARTAMENTO OPERACIONAL;ASSESSOR I;ASSESSOR I AD-1; CARGO COMISSION.S/VINCULO;8909,77;;8909,77;2046,52;6863,25;
DELMO JOSE DE MEDEIROS ANSELMO;SUB-GER.I DE EMPLACAMENTO;ASSISTENTE ADMINISTRATIVO;; C.L.T.;2380,00;;2380,00;233,84;2146,16;
DELNANDINA MARIA MACEDO MONTEIRO;GER.EDUCACAO PARA O TRANSITO;TECNICO DE NIVEL SUPERIOR;; C.L.T.;3900,00;;3900,00;537,97;3362,03;
DEUSA CIRRAME LIMA SAMPAIO;SUBGERENCIA DE VEICULOS;TECNICO DE NIVEL SUPERIOR;; C.L.T.;3138,00;;3138,00;397,62;2740,38;
DORALICE NERIS DE SOUZA;GERENCIA DE VEICULOS;AUXILIAR DE MANUTENCAO;; C.L.T.;1505,00;;1505,00;120,40;1384,60;
DORIVAL MARINHO CORREA;SUBGERENCIA DE APOIO LOGISTICO;AUXILIAR DE MANUTENCAO;; C.L.T.;1581,50;;1581,50;126,52;1454,98;
EDILIO PAIVA DE SOUZA;SUBGERENCIA DE DOCUMENTACAO;AUXILIAR ADMINISTRATIVO;; C.L.T.;2206,67;;2206,67;179,71;2026,96;
EDIVALDO JOSE DE LIMA ROLIM;GABINETE;INVESTIGADOR DE POL.CL.ESPECIAL;ASSESSOR I; ESTATUTARIO;10430,00;;10430,00;1432,84;8997,16;
EDMO NEVES DE LIMA;SUB-GER.I DE EMPLACAMENTO;AUXILIAR ADMINISTRATIVO;; C.L.T.;2655,00;;2655,00;277,35;2377,65;
EDNILSON JUNIOR CESAR;DIRETOR PRESIDENTE;TECNICO DE NIVEL SUPERIOR;; C.L.T.;5236,00;;5236,00;988,34;4247,66;
EDSLANGELA RODRIGUES DOS SANTOS;DEPTO.ADMINISTRAT.-FINANCEIRO;DIRETOR ADMINISTRATIVO E FINANCEIRO;NAO INFORMADO; CARGO COMISSION.S/VINCULO;11816,14;;11816,14;2845,77;8970,37;
ELANE CRISTINA DE OLIVEIRA KARAM;CETRAN-CONS.EST.DE TRANSITO;MEMBRO DO CETRAN;; CARGO COMISSION.S/VINCULO;3110,00;;3110,00;406,89;2703,11;
ELEN APARECIDA DA COSTA S RODRIGUES;DEPTO.ADMINISTRAT.-FINANCEIRO;ASSESSOR II;NAO INFORMADO; CARGO COMISSION.S/VINCULO;12489,04;;12489,04;3030,82;9458,22;
ELEONORA SILVA MARIANO;SUBGERENCIA DE VEICULOS;TECNICO DE NIVEL MEDIO;; C.L.T.;2682,00;;2682,00;241,38;2440,62;
ELIANE SOUZA DA SILVA;SUBGERENCIA DE VEICULOS;TECNICO DE NIVEL MEDIO;; C.L.T.;3736,00;;3736,00;526,48;3209,52;
ELIANI DE FREITAS PEREIRA;GERENCIA DE VEICULOS;TECNICO DE NIVEL MEDIO;; C.L.T.;7112,50;;7112,50;1140,48;5972,02;
ELLEN CRISTINA DE OLIVEIRA XAVIER;SUBGERENCIA DE VEICULOS;AUXILIAR ADMINISTRATIVO;; C.L.T.;2431,50;;2431,50;218,83;2212,67;
ERIVAN CORREA DA SILVA;SUB-GER.I DE EMPLACAMENTO;AUXILIAR ADMINISTRATIVO;; C.L.T.;3540,00;;3540,00;507,19;3032,81;
EUDORIA PEREIRA LOPES;SUB-GER.I DE MAT.E PATRIMONIO;AUXILIAR DE MANUTENCAO;; C.L.T.;2643,70;;2643,70;261,34;2382,36;
FABIO RODRIGUES MARQUES;CETRAN-CONS.EST.DE TRANSITO;MEMBRO DO CETRAN;; CONSELHO;3110,00;;3110,00;111,70;2998,30;
FARIDES MOTA DIAS;SUBGERENCIA DE VEICULOS;TECNICO DE NIVEL MEDIO;; C.L.T.;3077,00;;3077,00;386,84;2690,16;
FATIMA ALMERINDA RODRIGUES LOPRESTI;DIR.ADMINISTRATIVA-FINANCEIRA;ASSISTENTE TECNICO 3A CLASSE;; C.L.T.;3082,00;;3082,00;401,94;2680,06;
FATIMA DAMIANA DOS SANTOS;GERENCIA DE ORC.E PLANEJAMENTO;TECNICO DE NIVEL MEDIO;; C.L.T.;2998,00;;2998,00;387,10;2610,90;
FATIMA MESQUITA PICANCO DOS SANTOS;GERENCIA DE VEICULOS;AUXILIAR DE MANUTENCAO;AUX.DE MANUTEN¦AO; C.L.T.;1505,00;;1505,00;120,40;1384,60;
FAUSTO ISAAC SAHDO;DIRETOR PRESIDENTE;TECNICO DE NIVEL MEDIO;; C.L.T.;3321,96;;3321,96;454,09;2867,87;
FERNANDO DE LIMA SANTANA;GER.CONTR.REG.TRANSITO- CRT;TECNICO DE NIVEL MEDIO;; C.L.T.;6938,00;;6938,00;1247,71;5690,29;
FRANCINETE PINHEIRO PEDROSA;SUBGERENCIA DE VEICULOS;AUXILIAR ADMINISTRATIVO;; C.L.T.;2457,00;;2457,00;246,02;2210,98;
FRANCISCA DIVA FELICIO DE CASTRO;SUBGERENCIA DE VEICULOS;AUXILIAR DE MANUTENCAO;AUX.ADMINISTRATIVO; C.L.T.;2770,00;;2770,00;295,55;2474,45;
FRANCISCA MARIA DA SILVA PONTES;SUBGERENCIA DE VEICULOS;AUXILIAR ADMINISTRATIVO;; C.L.T.;1808,00;;1808,00;162,72;1645,28;
FRANCISCA PINHEIRO VIEIRA;SUBGERENCIA DE VEICULOS;TECNICO DE NIVEL MEDIO;; C.L.T.;4512,50;;4512,50;524,24;3988,26;
FRANCISCA TEIDE SOUZA FREITAS SILVA;GERENCIA DE VEICULOS;TECNICO DE NIVEL MEDIO;; C.L.T.;2228,00;;2228,00;200,52;2027,48;
FRANCISCO DAS CHAGAS DA SILVA;DEPARTAMENTO OPERACIONAL;AUXILIAR DE MANUTENCAO;; C.L.T.;4104,20;;4104,20;644,57;3459,63;
FRANCISCO DE ARAUJO SILVA;DEPARTAMENTO OPERACIONAL;MOTORISTA 2A.CL. MOT-II;ASSESSOR IV; ESTATUTARIO;4204,00;;4204,00;285,11;3918,89;
FRANCISCO DE ASSIS MESQUITA SIMAS;DEPARTAMENTO OPERACIONAL;AUXILIAR DE MANUTENCAO;; C.L.T.;2181,50;;2181,50;196,33;1985,17;
FRANCISCO FERREIRA DA GLORIA;GERENCIA DE VEICULOS;TECNICO DE NIVEL MEDIO;; C.L.T.;2253,50;;2253,50;202,81;2050,69;
FRANCISCO GOMES DA SILVA;DEPARTAMENTO OPERACIONAL;TECNICO DE NIVEL SUPERIOR;; C.L.T.;6966,00;;6966,00;1511,98;5454,02;
FRANCISCO PENHA DAS CHAGAS;GER.EDUCACAO PARA O TRANSITO;AUXILIAR DE MANUTENCAO;; C.L.T.;6235,34;;6235,34;863,39;5371,95;
FRANK ALDOVAR FERREIRA BORGES;SUBGERENCIA DE VEICULOS;TECNICO DE NIVEL MEDIO;; C.L.T.;1880,00;;1880,00;169,20;1710,80;
GENEZIA LOPES DE CASTRO;ASSESSORIA JURIDICA;AUXILIAR DE MANUTENCAO;; C.L.T.;2006,67;;2006,67;180,60;1826,07;
GENY VASCONCELLOS LOPES;GER.CONTR.REG.TRANSITO- CRT;TECNICO DE NIVEL SUPERIOR;; C.L.T.;3386,67;;3386,67;469,85;2916,82;
GEORGETE GADELHA VIEIRA;GERENCIA DE VEICULOS;TECNICO DE NIVEL MEDIO;; C.L.T.;2228,00;;2228,00;200,52;2027,48;
GEORGINA DA SILVA ARCOS;DIR.ADMINISTRATIVA-FINANCEIRA;TECNICO DE NIVEL MEDIO;; C.L.T.;3889,00;;3889,00;592,17;3296,83;
GETULIO DE JESUS LOPES JUNIOR;CETRAN-CONS.EST.DE TRANSITO;MEMBRO DO CETRAN;MEMBRO DO CETRAN-AM; CARGO COMISSION.S/VINCULO;3110,00;;3110,00;406,89;2703,11;
GIBSON ALVES DOS SANTOS;CETRAN-CONS.EST.DE TRANSITO;MEMBRO DO CETRAN;; CONSELHO;3110,00;;3110,00;111,70;2998,30;
GILBERTO LIRA DA SILVA;GERENCIA DE HABILITACAO;TECNICO DE NIVEL MEDIO;; C.L.T.;6638,00;;6638,00;1317,50;5320,50;
GILRIMAR GLORIA MARTINS;SUB-GER.I DE INF.DE TRANSITO;TECNICO DE NIVEL MEDIO;; C.L.T.;6012,50;;6012,50;1249,77;4762,73;
GLAUCY ALENCAR DE SOUZA;GERENCIA DE VEICULOS;REPRESENTANTE DETRAN/AM MUN. -AD-3;REP.DEMUNIC.AD-3; CARGO COMISSION.S/VINCULO;4791,80;;4791,80;850,52;3941,28;
GLEICE DOS SANTOS BARROS;SUBGERENCIA DE VEICULOS;TECNICO DE NIVEL SUPERIOR;; C.L.T.;8322,83;;8322,83;1527,61;6795,22;
GRACA MARTINS PINHEIRO;SUB-GER.I DE MAT.E PATRIMONIO;AUXILIAR DE MANUTENCAO;; C.L.T.;2207,00;;2207,00;198,63;2008,37;
GRACILDA SAMPAIO DE ARAUJO;ASSESSORIA JURIDICA;TECNICO DE NIVEL MEDIO;; C.L.T.;3824,50;;3824,50;576,46;3248,04;
GUILHERME UGO CALIRI NETO;SUBGERENCIA DE DOCUMENTACAO;FISCAL RODOVIARIO;; ESTATUTARIO;2890,83;;2890,83;170,50;2720,33;
HÉRBISON DA SILVA DAMASCENO;GERENCIA DE ORC.E PLANEJAMENTO;ASSESSOR IV;ASSESSOR IV; CARGO COMISSION.S/VINCULO;5292,61;;5292,61;1008,19;4284,42;
HELAINE CRISTINA LABORDA DE CASTRO;GER.EDUCACAO PARA O TRANSITO;SUBGERENTE;NAO INFORMADO; CARGO COMISSION.S/VINCULO;5391,80;;5391,80;1043,38;4348,42;
HELENA CASSIA DA SILVA;DIRETOR PRESIDENTE;TECNICO DE NIVEL SUPERIOR;; C.L.T.;4613,80;;4613,80;752,64;3861,16;
IKE KENNEDY VEIGA DA SILVA;ASSESSORIA JURIDICA;TECNICO DE NIVEL SUPERIOR;; C.L.T.;5696,00;;5696,00;1151,30;4544,70;
IRANETE REIS DE ALMEIDA;GERENCIA DE HABILITACAO;TECNICO DE NIVEL MEDIO;; C.L.T.;3282,00;;3282,00;423,07;2858,93;
ISAIAS DE PAIVA VIEIRA;SUBGERENCIA DE APOIO LOGISTICO;AUXILIAR DE MANUTENCAO;AUX.DE MANUTENCAO; C.L.T.;4426,00;;4426,00;694,49;3731,51;
ISRAEL DA SILVA MARTINS;DEPARTAMENTO OPERACIONAL;AUXILIAR ADMINISTRATIVO;; C.L.T.;3676,20;;3676,20;464,31;3211,89;
IVETH SOUZA DE MELO;SUBGERENCIA DE VEICULOS;TECNICO DE NIVEL MEDIO;; C.L.T.;2965,50;;2965,50;381,35;2584,15;
IVSON DE LIMA GOMES;DIRETOR PRESIDENTE;TECNICO DE NIVEL MEDIO;; C.L.T.;5134,57;;5134,57;914,21;4220,36;
JACQUES DA SILVA PRADO;SUBGERENCIA DE APOIO LOGISTICO;AGENTE ADMINISTRATIVO 1A CLASSE;; ESTATUTARIO;1713,60;;1713,60;155,50;1558,10;
JAIME RODRIGUES DUARTE;SUBGERENCIA DE APOIO LOGISTICO;AUXILIAR DE MANUTENCAO;AUX.DE MANUTEN¦AO; C.L.T.;2504,20;;2504,20;225,37;2278,83;
JAIR DE MATOS SAMPAIO;SUBGERENCIA DE VEICULOS;TECNICO DE NIVEL MEDIO;; C.L.T.;3581,20;;3581,20;426,64;3154,56;
JANDER FERNANDES MENDES;SECAO ADMINISTRATIVA;AGENTE ADM.-AGA-T.S.N.A.-E;GERENTE; ESTATUTARIO;8715,20;;8715,20;1684,00;7031,20;
JANDERLAINE OLIVEIRA MARTINS;SUBGERENCIA DE VEICULOS;TECNICO DE NIVEL MEDIO;; C.L.T.;1956,50;;1956,50;176,08;1780,42;
JANE DE OLIVEIRA PEREIRA;DEPTO.ADMINISTRAT.-FINANCEIRO;TECNICO DE NIVEL MEDIO;; C.L.T.;4080,00;;4080,00;610,24;3469,76;
JANETE ANALIA MATOS TEIXEIRA;SUB-GER.I DE MAT.E PATRIMONIO;TECNICO DE NIVEL MEDIO;; C.L.T.;3838,00;;3838,00;579,75;3258,25;
JANIE GOMES DOMINGUES;ASSESSORIA JURIDICA;TECNICO DE NIVEL SUPERIOR;; C.L.T.;5016,50;;5016,50;920,24;4096,26;
JANIO NERY DE SOUZA;DEPARTAMENTO OPERACIONAL;AUXILIAR DE MANUTENCAO;; C.L.T.;2580,70;;2580,70;232,26;2348,44;
JEFFERSON MEDEIROS DA SILVA;SUB-GER.I DE EMPLACAMENTO;AUXILIAR ADMINISTRATIVO;; C.L.T.;4355,00;;4355,00;677,20;3677,80;
JEROCILIO ROBERTO SIMOES A SILVA;CETRAN-CONS.EST.DE TRANSITO;MEMBRO DO CETRAN;MEMBRO DO CETRAN; CONSELHO;3110,00;;3110,00;111,70;2998,30;
JOAO BOSCO BEZERRA DE ARAUJO;GERENCIA DE AVAL.MED.PSICOLOG.;TECNICO DE NIVEL SUPERIOR;; C.L.T.;3130,72;;3130,72;410,55;2720,17;
JOAO CARDOSO PEREIRA;SUBGERENCIA DE APOIO LOGISTICO;AUXILIAR DE MANUTENCAO;; C.L.T.;2094,60;;2094,60;188,51;1906,09;
JOAO CORDEIRO DE NAZARE;DEPARTAMENTO OPERACIONAL;AUXILIAR DE MANUTENCAO;; C.L.T.;2040,50;;2040,50;183,64;1856,86;
JOAQUIM EUZEBIO BORGES NASCIMENTO;SUBGERENCIA DE APOIO LOGISTICO;AUXILIAR DE MANUTENCAO;; C.L.T.;2504,20;;2504,20;253,48;2250,72;
JOAS SAMPAIO DE SOUZA;DEPARTAMENTO OPERACIONAL;TECNICO DE NIVEL MEDIO;; C.L.T.;4775,00;;4775,00;802,66;3972,34;
JOSE AMURINE FEITOSA TOMAZ FILHO;SUB-GER.I DE EMPLACAMENTO;TECNICO DE NIVEL MEDIO;; C.L.T.;8136,00;;8136,00;1781,59;6354,41;
JOSE ARIMATEIA PAIVA DE GOES;SUBGERENCIA DE VEICULOS;AUXILIAR ADMINISTRATIVO;; C.L.T.;2355,00;;2355,00;211,95;2143,05;
JOSE DA CONCEICAO MOREIRA;SUBGERENCIA DE APOIO LOGISTICO;AUXILIAR DE MANUTENCAO;; C.L.T.;2054,20;;2054,20;184,87;1869,33;
JOSE DEOCLECIO VIANA DE CASTRO;SUB-GER.I DE EMPLACAMENTO;AUXILIAR ADMINISTRATIVO;; C.L.T.;2755,00;;2755,00;278,96;2476,04;
JOSE IRINEU LABORDA DE VASCONCELOS;SUB-GER.I DE EMPLACAMENTO;TECNICO DE NIVEL MEDIO;; C.L.T.;5278,27;;5278,27;958,79;4319,48;
JOSE JOAQUIM FREIRE;GERENCIA DE VEICULOS;AUXILIAR ADMINISTRATIVO;; C.L.T.;6608,27;;6608,27;1361,47;5246,80;
JOSE LEITE PEREIRA FILHO;GERENCIA ENG. E ESTATISTICA;TECNICO DE NIVEL MEDIO;; C.L.T.;4479,20;;4479,20;679,01;3800,19;
JOSE PERCEU VALENTE DE FREITAS;CETRAN-CONS.EST.DE TRANSITO;MEMBRO DO CETRAN;; CONSELHO;3110,00;;3110,00;111,70;2998,30;
JOSE RIBAMAR BATISTA SILVA;SUBGERENCIA DE VEICULOS;TECNICO DE NIVEL MEDIO;; C.L.T.;2506,67;;2506,67;253,88;2252,79;
JOSE ROBERTO GIOIA ALFAIA;ASSESSORIA JURIDICA;TECNICO DE NIVEL SUPERIOR;; C.L.T.;15085,89;;15085,89;3744,95;11340,94;
JULIA DA SILVA FEITOSA;JARI-JUNTA ADM.DE REC.DE INFR.;AUXILIAR ADMINISTRATIVO;; C.L.T.;2353,50;;2353,50;229,64;2123,86;
JUSSUELI DA SILVA;GERENCIA ENG. E ESTATISTICA;AUXILIAR ADMINISTRATIVO;; C.L.T.;3423,66;;3423,66;290,63;3133,03;
KATHYUDY MARQUES ARAUJO TEIXEIRA;DIR.ADMINISTRATIVA-FINANCEIRA;GERENTE;GERENTE AD-2; CARGO COMISSION.S/VINCULO;5067,79;;5067,79;936,15;4131,64;
KEULISON DA SILVA RAMOS;CETRAN-CONS.EST.DE TRANSITO;MEMBRO DO CETRAN;; CONSELHO;3110,00;;3110,00;111,70;2998,30;
LEILA MARIA CAVALCANTE NOGUEIRA;SUBGERENCIA DE VEICULOS;TECNICO DE NIVEL MEDIO;; C.L.T.;2682,00;;2682,00;281,63;2400,37;
LEONOR CRUZ DE OLIVEIRA;ASSESSORIA JURIDICA;AUXILIAR DE MANUTENCAO;; C.L.T.;1505,00;;1505,00;120,40;1384,60;
LICINHO PEREIRA DA SILVA;SUBGERENCIA DE APOIO LOGISTICO;AUXILIAR DE MANUTENCAO;; C.L.T.;5574,27;;5574,27;1039,49;4534,78;
LIGIA PEREIRA DA SILVA;GERENCIA DE VEICULOS;TECNICO DE NIVEL MEDIO;; C.L.T.;2752,50;;2752,50;292,78;2459,72;
LILIANE DANTAS DE OLIVEIRA;JARI-JUNTA ADM.DE REC.DE INFR.;TECNICO DE NIVEL MEDIO;; C.L.T.;4079,80;;4079,80;638,62;3441,18;
LINDOMAR DUARTE DOS SANTOS;GERENCIA DE VEICULOS;TECNICO DE NIVEL MEDIO;; C.L.T.;1880,00;;1880,00;169,20;1710,80;
LUCIANE D'ORAN MELLO;GER.EDUCACAO PARA O TRANSITO;TECNICO DE NIVEL MEDIO;; C.L.T.;2956,50;;2956,50;379,76;2576,74;
LUCILENE MARTINS DE SOUZA;GERENCIA DE VEICULOS;TECNICO DE NIVEL MEDIO;; C.L.T.;2956,50;;2956,50;379,76;2576,74;
LUCIMAYRE ALVES CARVALHO;GERENCIA DE AVAL.MED.PSICOLOG.;TECNICO DE NIVEL MEDIO;; C.L.T.;3432,00;;3432,00;480,89;2951,11;
LUIZ AUGUSTO LINS AGUIAR;JARI-JUNTA ADM.DE REC.DE INFR.;MEMBRO DA JARI;; CONSELHO;3110,00;;3110,00;111,70;2998,30;
LUIZ CARLOS PINHEIRO DO NASCIMENTO;SUBGERENCIA DE APOIO LOGISTICO;AUXILIAR DE MANUTENCAO;; C.L.T.;5957,50;;5957,50;1182,50;4775,00;
LUIZ CARLOS SILVA LIMA;DIRETOR PRESIDENTE;AUXILIAR ADMINISTRATIVO;; C.L.T.;4305,66;;4305,66;636,75;3668,91;
LUZIA SENA DE CARVALHO;JARI-JUNTA ADM.DE REC.DE INFR.;DELEGADO DE POLICIA CLASSE ESPECIAL;PRESIDENTE JARI; ESTATUTARIO;3421,00;263,89;3157,11;22,89;3134,22;
MARCELO FREITAS FERREIRA DA SILVA;DIRETOR PRESIDENTE;AUXILIAR ADMINISTRATIVO;; C.L.T.;5511,46;;5511,46;1085,83;4425,63;
MARCELO MONTENEGRO DA SILVA;GER.CONTR.REG.TRANSITO- CRT;CHEFE DE DEPARTAMENTO AD-1;; CARGO COMISSION.S/VINCULO;6973,03;;6973,03;1513,91;5459,12;
MARCO ANTONIO CORREA NAZARETH;DIRETOR PRESIDENTE;TECNICO DE NIVEL MEDIO;; C.L.T.;3728,56;;3728,56;553,10;3175,46;
MARCO ANTONIO FIRMINO DE ARAUJO;SUBGERENCIA DE VEICULOS;AUXILIAR ADMINISTRATIVO;; C.L.T.;2355,00;;2355,00;229,88;2125,12;
MARCOS ANTONIO GOMES;SUB-GER.I DE EMPLACAMENTO;AUXILIAR ADMINISTRATIVO;; C.L.T.;4355,00;;4355,00;623,74;3731,26;
MARCOS ROGERIO FERREIRA MORENO;DIRETOR PRESIDENTE;AUXILIAR ADMINISTRATIVO;; C.L.T.;6716,46;;6716,46;1443,36;5273,10;
MARCUS ABRANCHES BRAULE PINTO;SUBGERENCIA DE VEICULOS;AUXILIAR ADMINISTRATIVO;; C.L.T.;4555,00;;4555,00;734,40;3820,60;
MARGARETE BRITO DE SOUZA;GERENCIA DE VEICULOS;AUXILIAR ADMINISTRATIVO;; C.L.T.;2731,50;;2731,50;289,46;2442,04;
MARGARETH DE SOUSA COZENDEY;SUBGERENCIA DE VEICULOS;TECNICO DE NIVEL MEDIO;; C.L.T.;2656,50;;2656,50;263,37;2393,13;
MARIA ADELAIDE LOPES DE OLIVEIRA;DEPTO.ADMINISTRAT.-FINANCEIRO;AUXILIAR DE MANUTENCAO;; C.L.T.;1505,00;;1505,00;120,40;1384,60;
MARIA AMELIA SILVA DOS REIS;DIRETOR PRESIDENTE;AUXILIAR DE MANUTENCAO;; C.L.T.;2560,80;;2560,80;230,47;2330,33;
MARIA AUXILIADORA SOUZA CORREA;GER.CONTR.REG.TRANSITO- CRT;TECNICO DE NIVEL MEDIO;; C.L.T.;1982,00;;1982,00;178,38;1803,62;
MARIA CLEONICE DE SOUZA COSTA;SUBGERENCIA DE DOCUMENTACAO;TECNICO DE NIVEL MEDIO;; C.L.T.;2702,50;;2702,50;284,87;2417,63;
MARIA CONSOLATA BARRETO QUEIROZ;GERENCIA DE VEICULOS;TECNICO DE NIVEL SUPERIOR;; C.L.T.;2540,00;;2540,00;244,94;2295,06;
MARIA DA GLORIA CAVALCANTE MAIA;SUBGERENCIA DE DOCUMENTACAO;AUXILIAR DE MANUTENCAO;; C.L.T.;1607,00;;1607,00;128,56;1478,44;
MARIA DAS GRACAS ARRUDA LARANJEIRA;SUBGERENCIA DE VEICULOS;TECNICO DE NIVEL MEDIO;; C.L.T.;2776,37;;2776,37;296,56;2479,81;
MARIA DAS GRACAS FREIRE DE CARVALHO;ASSESSORIA JURIDICA;TECNICO DE NIVEL MEDIO;; C.L.T.;3316,77;;3316,77;452,83;2863,94;
MARIA DAS GRACAS LIRA PONTES;GERENCIA DE VEICULOS;AUXILIAR ADMINISTRATIVO;; C.L.T.;1655,00;;1655,00;132,40;1522,60;
MARIA DAS GRACAS VEIGA DA MOTA;SUBGERENCIA DE VEICULOS;TECNICO DE NIVEL MEDIO;; C.L.T.;1982,00;;1982,00;178,38;1803,62;
MARIA DE FATIMA FIRMINO DE ARAUJO;SUBGERENCIA DE DOCUMENTACAO;AUXILIAR DE MANUTENCAO;; C.L.T.;2673,33;;2673,33;280,25;2393,08;
MARIA DE FATIMA FREITAS DO M REIS;GER.EDUCACAO PARA O TRANSITO;TECNICO DE NIVEL MEDIO;; C.L.T.;3228,00;;3228,00;431,22;2796,78;
MARIA DE FATIMA RODRIGUES OLIVEIRA;SUBGERENCIA DE APOIO LOGISTICO;AUXILIAR DE MANUTENCAO;; C.L.T.;1505,00;;1505,00;120,40;1384,60;
MARIA DE LOURDES FREIRE TOGA;GERENCIA DE AVAL.MED.PSICOLOG.;TECNICO DE NIVEL MEDIO;; C.L.T.;3314,50;;3314,50;452,28;2862,22;
MARIA DE NAZARE DOS ANJOS S NUNES;GER.CONTR.REG.TRANSITO- CRT;TECNICO DE NIVEL SUPERIOR;TECNICO; C.L.T.;3040,00;;3040,00;394,52;2645,48;
MARIA DE NAZARE FREIRE TOGA;SUBGERENCIA DE DOCUMENTACAO;TECNICO DE NIVEL MEDIO;; C.L.T.;2228,00;;2228,00;200,52;2027,48;
MARIA DELCI PEREIRA PINTO;GER.CONTR.REG.TRANSITO- CRT;TECNICO DE NIVEL MEDIO;; C.L.T.;4382,00;;4382,00;655,34;3726,66;
MARIA DIONEIDE MONTEFUSCO MELO;SUB-GER.I DE MAT.E PATRIMONIO;TECNICO DE NIVEL SUPERIOR;TECNICO; C.L.T.;5040,35;;5040,35;927,63;4112,72;
MARIA DO PERPETUO SOCORRO A SOUZA;ASSESSORIA JURIDICA;TECNICO DE NIVEL MEDIO;; C.L.T.;10859,00;;10859,00;2225,05;8633,95;
MARIA DO PERPETUO SOCORRO S SANTOS;SUBGERENCIA DE VEICULOS;TECNICO DE NIVEL MEDIO;; C.L.T.;2480,00;;2480,00;235,44;2244,56;
MARIA DO ROSARIO COSTA DOS SANTOS;SUBGERENCIA DE VEICULOS;TECNICO DE NIVEL MEDIO;; C.L.T.;2556,50;;2556,50;247,54;2308,96;
MARIA DO ROSARIO MANHUARI;DIRETOR PRESIDENTE;AUXILIAR DE MANUTENCAO;AUXILIAR MANUTENCAO; C.L.T.;2637,30;;2637,30;260,33;2376,97;
MARIA DO SOCORRO FIGUEIREDO BINDA;SUBGERENCIA DE VEICULOS;AUXILIAR DE SERV GERAIS 3A CLASSE;; C.L.T.;2546,85;;2546,85;260,23;2286,62;
MARIA GOMES MOURA;SUBGERENCIA DE VEICULOS;TECNICO DE NIVEL MEDIO;; C.L.T.;2980,00;;2980,00;369,70;2610,30;
MARIA GORETE FELIX DE ARAUJO;GERENCIA DE HABILITACAO;TECNICO DE NIVEL MEDIO;; C.L.T.;4436,00;;4436,00;740,14;3695,86;
MARIA GORETTE DANTAS PINTO;GERENCIA DE VEICULOS;TECNICO DE NIVEL MEDIO;; C.L.T.;9048,00;;9048,00;2032,39;7015,61;
MARIA HELENA LEITE DE MENEZES;GERENCIA DE VEICULOS;AUXILIAR DE MANUTENCAO;; C.L.T.;2058,00;;2058,00;185,22;1872,78;
MARIA IVANEIDE MARQUES VITA;SUBGERENCIA DE VEICULOS;TECNICO DE NIVEL MEDIO;; C.L.T.;2507,50;;2507,50;254,01;2253,49;
MARIA IZABEL FERNANDES DE SOUZA;GERENCIA DE VEICULOS;TECNICO DE NIVEL SUPERIOR;; C.L.T.;3738,00;;3738,00;498,53;3239,47;
MARIA JOANA DO ROSARIO;GERENCIA DE HABILITACAO;AUXILIAR DE MANUTENCAO;; C.L.T.;2142,67;;2142,67;192,84;1949,83;
MARIA JOSE DE SENA R BEZERRA;GERENCIA DE HABILITACAO;TECNICO DE NIVEL SUPERIOR;; C.L.T.;2438,00;;2438,00;243,01;2194,99;
MARIA LEONICE REIS BATISTA;GER.EDUCACAO PARA O TRANSITO;TECNICO DE NIVEL MEDIO;; C.L.T.;3240,00;;3240,00;434,14;2805,86;
MARIA LUCIA PEREIRA GARCIA;GERENCIA DE HABILITACAO;TECNICO DE NIVEL MEDIO;; C.L.T.;3382,00;;3382,00;468,72;2913,28;
MARIA LUIZA PERES DE ARAUJO;GERENCIA DE HABILITACAO;TECNICO DE NIVEL MEDIO;; C.L.T.;2033,00;;2033,00;182,97;1850,03;
MARIA MAGALHAES CESAR;GER.CONTR.REG.TRANSITO- CRT;TECNICO DE NIVEL MEDIO;; C.L.T.;2228,00;;2228,00;200,52;2027,48;
MARIA OLINDA NOGUEIRA DE QUEIROZ;DIRETOR PRESIDENTE;TECNICO DE NIVEL MEDIO;; C.L.T.;3765,77;;3765,77;480,14;3285,63;
MARIA ROSALINA DE SOUZA;GERENCIA DE VEICULOS;TECNICO DE NIVEL MEDIO;; C.L.T.;3082,00;;3082,00;387,72;2694,28;
MARIA SENA DE GOES;DIR.ADMINISTRATIVA-FINANCEIRA;TECNICO DE NIVEL SUPERIOR;; C.L.T.;5089,00;;5089,00;900,07;4188,93;
MARIA SOCORRO PINHEIRO TEIXEIRA;DIRETOR PRESIDENTE;AUXILIAR DE MANUTENCAO;; C.L.T.;2560,80;;2560,80;230,47;2330,33;
MARIA SOCORRO VIANA DE SOUZA;GERENCIA DE HABILITACAO;AUXILIAR DE MANUTENCAO;; C.L.T.;2905,00;;2905,00;274,26;2630,74;
MARIA TELMA DE LEMOS SOARES;SUBGERENCIA DE VEICULOS;TECNICO DE NIVEL MEDIO;; C.L.T.;2953,50;;2953,50;379,23;2574,27;
MARILANE MOREIRA DE SOUZA;DEPTO.ADMINISTRAT.-FINANCEIRO;AUXILIAR DE MANUTENCAO;AUX.DE MANUTEN¦AOS; C.L.T.;2005,00;;2005,00;180,45;1824,55;
MARIO ANIBAL GOMES DA COSTA;GER.CONTR.REG.TRANSITO- CRT;AUXILIAR DE MANUTENCAO;; C.L.T.;2581,50;;2581,50;265,72;2315,78;
MARIO COELHO AMORIM FILHO;GERENCIA DE VEICULOS;TECNICO DE NIVEL MEDIO;; C.L.T.;5936,00;;5936,00;1228,73;4707,27;
MARIO JORGE CAVALCANTE;GERENCIA DE AVAL.MED.PSICOLOG.;GERENTE;; CARGO COMISSION.S/VINCULO;7946,39;;7946,39;1781,59;6164,80;
MARITA SANTOS DE OLIVEIRA CORREA;ASSESSORIA JURIDICA;TECNICO DE NIVEL SUPERIOR;; C.L.T.;6336,00;;6336,00;1286,59;5049,41;
MARLENE LEAO;GERENCIA DE VEICULOS;TECNICO DE NIVEL MEDIO;TECNICO AUXILIAR; C.L.T.;3153,50;;3153,50;414,58;2738,92;
MARLY CORREA AMAZONAS;GER.CONTR.REG.TRANSITO- CRT;TECNICO DE NIVEL MEDIO;; C.L.T.;3691,00;;3691,00;543,96;3147,04;
MARTA REGINA DOS SANTOS MARQUES;SUBGERENCIA DE DOCUMENTACAO;AUXILIAR DE MANUTENCAO;; C.L.T.;1607,00;;1607,00;128,56;1478,44;
MARY LEAO DE OLIVEIRA;SUBGERENCIA DE VEICULOS;AUXILIAR ADMINISTRATIVO;; C.L.T.;2220,27;;2220,27;199,82;2020,45;
MAUREEN LIMA BRASIL CARNEIRO;GER.CONTR.REG.TRANSITO- CRT;TECNICO DE NIVEL MEDIO;; C.L.T.;4728,00;;4728,00;788,07;3939,93;
MAYARA KIMURA TAKETOMI OLIMPIO;CETRAN-CONS.EST.DE TRANSITO;MEMBRO DO CETRAN;; CONSELHO;3110,00;;3110,00;111,70;2998,30;
MIRLAN FREITAS DA SILVA;GER.CONTR.REG.TRANSITO- CRT;TECNICO DE NIVEL MEDIO;; C.L.T.;2590,00;;2590,00;233,10;2356,90;
MITZA BRASIL ROBERTO;GER.EDUCACAO PARA O TRANSITO;TECNICO DE NIVEL SUPERIOR;; C.L.T.;6062,96;;6062,96;1211,51;4851,45;
MONICA DA COSTA GONDIM;ASSESSORIA JURIDICA;TECNICO DE NIVEL SUPERIOR;; C.L.T.;5636,00;;5636,00;1130,01;4505,99;
NAIRA DA COSTA NASCIMENTO;DIR.GER/ASSESSORIA DE IMPRENSA;SUBGERENTE;NAO INFORMADO; CARGO COMISSION.S/VINCULO;5391,80;;5391,80;1043,38;4348,42;
NILA MARIA LAGOS PERDIGAO;SUBGERENCIA DE APOIO LOGISTICO;TECNICO DE NIVEL SUPERIOR;; C.L.T.;3112,99;;3112,99;407,41;2705,58;
NILDES DUTRA NOGUEIRA;GER.CONTR.REG.TRANSITO- CRT;AUXILIAR DE MANUTENCAO;; C.L.T.;2486,50;;2486,50;250,68;2235,82;
ODETE DE OLIVEIRA NASCIMENTO;GERENCIA DE AVAL.MED.PSICOLOG.;TECNICO DE NIVEL MEDIO;; C.L.T.;3330,00;;3330,00;456,06;2873,94;
ODINEI FELICIO DE ARAUJO;GER.CONTR.REG.TRANSITO- CRT;AUXILIAR DE MANUTENCAO;; C.L.T.;2005,00;;2005,00;180,45;1824,55;
ODINILCE FELICIO DE ARAUJO;SUBGERENCIA DE VEICULOS;TECNICO DE NIVEL MEDIO;; C.L.T.;2580,00;;2580,00;265,49;2314,51;
OLINDA MARIA RIBEIRO DA SILVA;SUBGERENCIA DE VEICULOS;TECNICO DE NIVEL MEDIO;; C.L.T.;1880,00;;1880,00;169,20;1710,80;
OSIAS DA COSTA SOUZA;GERENCIA DE ORC.E PLANEJAMENTO;TECNICO DE NIVEL SUPERIOR;; C.L.T.;3008,07;;3008,07;388,87;2619,20;
OSVALDO ALLAN MEDEIROS CHAVES;SUB-GER.I DE EMPLACAMENTO;AUXILIAR ADMINISTRATIVO;; C.L.T.;2655,00;;2655,00;277,35;2377,65;
PAULO DAVID TRIBUZZI DE OLIVEIRA;DIRETOR PRESIDENTE;TECNICO DE NIVEL MEDIO;; C.L.T.;8863,78;;8863,78;2033,87;6829,91;
PAULO JORGE BAHIA MARQUES JUNIOR;DIR.GER/ASSESSORIA DE IMPRENSA;GERENTE;GERENTE; CARGO COMISSION.S/VINCULO;12495,79;;12495,79;2675,17;9820,62;
PAULO LEVY DE OLIVEIRA;SUB-GER.I DE MAT.E PATRIMONIO;TECNICO DE NIVEL SUPERIOR;; C.L.T.;4040,00;;4040,00;600,50;3439,50;
PAULO SERGIO MARTINS;SUB-GER.I DE EMPLACAMENTO;AUXILIAR ADMINISTRATIVO;; C.L.T.;3054,20;;3054,20;354,37;2699,83;
PEDRO CLAUDIO RAMOS DA SILVA;SUBGERENCIA DE APOIO LOGISTICO;AUXILIAR ADMINISTRATIVO;; C.L.T.;5211,70;;5211,70;895,48;4316,22;
PRISCILA ARAUJO DA SILVA;SUBGERENCIA DE DOCUMENTACAO;SUBGERENTE;; CARGO COMISSION.S/VINCULO;3891,82;;3891,82;592,86;3298,96;
RAIMUNDA NONATA DA SILVA OLIVEIRA;SUB-GER.I DE INF.DE TRANSITO;TECNICO DE NIVEL MEDIO;; C.L.T.;3432,00;;3432,00;452,45;2979,55;
RAIMUNDO JOSE AIRES DE ALMEIDA;DIRETOR PRESIDENTE;TECNICO DE NIVEL MEDIO;; C.L.T.;3536,46;;3536,46;506,33;3030,13;
RAIMUNDO LIMA DA COSTA MOURA;SUB-GER.I DE EMPLACAMENTO;AUXILIAR ADMINISTRATIVO;; C.L.T.;2655,00;;2655,00;277,35;2377,65;
REGINA CELIA MATOS NOGUEIRA;DIRETOR PRESIDENTE;TECNICO DE NIVEL MEDIO;; C.L.T.;5276,70;;5276,70;958,30;4318,40;
REGINALDO DANTAS DE SOUZA;SUB-GER.I DE EMPLACAMENTO;AUXILIAR ADMINISTRATIVO;; C.L.T.;2655,00;;2655,00;277,35;2377,65;
RENATO ALVES DOURADO;GERENCIA DE VEICULOS;TECNICO DE NIVEL MEDIO;; C.L.T.;1982,00;;1982,00;178,38;1803,62;
RICARDO BIANCHI RAMALHO DE CASTRO;GERENCIA ENG. E ESTATISTICA;GERENTE;; CARGO COMISSION.S/VINCULO;5209,79;;5209,79;980,20;4229,59;
RITA AMELIA VASCO FURTADO;DEPTO.ADMINISTRAT.-FINANCEIRO;TECNICO DE NIVEL SUPERIOR;; C.L.T.;6846,44;;6846,44;1479,10;5367,34;
RITA BENTO DE CARVALHO;SUBGERENCIA DE VEICULOS;TECNICO DE NIVEL MEDIO;TECNICO AUXILIAR; C.L.T.;4463,50;;4463,50;748,67;3714,83;
RITA DE CASSIA TRINDADE REBELO;GERENCIA DE HABILITACAO;TECNICO AUXILIAR;; C.L.T.;6061,50;;6061,50;1263,24;4798,26;
RITA MARIA DE ALMEIDA FERREIRA;GERENCIA DE VEICULOS;TECNICO DE NIVEL MEDIO;; C.L.T.;2356,50;;2356,50;212,08;2144,42;
RIVANDA DE OLIVEIRA GONCALVES;DEPTO.ADMINISTRAT.-FINANCEIRO;AUXILIAR DE MANUTENCAO;; C.L.T.;1607,00;;1607,00;128,56;1478,44;
RODRIGO DE SA BARBOSA;GABINETE;DELEGADO DE POLICIA 2A.CL.PC-DEL-II;DIRETOR PRESIDENTE; ESTATUTARIO;9900,00;;9900,00;1801,00;8099,00;
ROMULO DA SILVA FABRIS;GER.CONTR.REG.TRANSITO- CRT;TECNICO DE NIVEL MEDIO;; C.L.T.;2380,00;;2380,00;233,84;2146,16;
ROSA RODRIGUES PIRES;DEPTO.ADMINISTRAT.-FINANCEIRO;AUXILIAR DE MANUTENCAO;; C.L.T.;3592,00;;3592,00;491,41;3100,59;
ROSANE APARECIDA CORREA LUSTOSA;GERENCIA DE HABILITACAO;TECNICO DE NIVEL SUPERIOR;; C.L.T.;4738,00;;4738,00;833,83;3904,17;
ROSANGELA VIEIRA HITOTUZI;DIR.ADMINISTRATIVA-FINANCEIRA;TECNICO DE NIVEL MEDIO;; C.L.T.;3802,50;;3802,50;571,10;3231,40;
ROSEMBERG DA SILVA HAYDEN;GERENCIA DE ORC.E PLANEJAMENTO;TECNICO DE NIVEL MEDIO;; C.L.T.;10251,34;;10251,34;1953,81;8297,53;
ROSENEY KIMURA TAKETOMI OLIMPIO;DIRETOR PRESIDENTE;TECNICO DE NIVEL SUPERIOR;; C.L.T.;2177,00;;2177,00;195,93;1981,07;
RUBENIL ROSA DE ALMEIDA;CETRAN-CONS.EST.DE TRANSITO;MEMBRO DO CETRAN;; CONSELHO;3110,00;;3110,00;111,70;2998,30;
SANDRA TEREZA PINHEIRO FERREIRA;GERENCIA DE HABILITACAO;TECNICO DE NIVEL MEDIO;; C.L.T.;2780,00;;2780,00;297,14;2482,86;
SANDRO SANTOS SILVA;CETRAN-CONS.EST.DE TRANSITO;MEMBRO DO CETRAN;; CONSELHO;3110,00;;3110,00;111,70;2998,30;
SANDRYVALDO SANTOS DO NASCIMENTO;SUBGERENCIA DE VEICULOS;AUXILIAR ADMINISTRATIVO;; C.L.T.;2355,00;;2355,00;211,95;2143,05;
SANTANA DOURADO GOMES;DEPTO.ADMINISTRAT.-FINANCEIRO;AUXILIAR ADMINISTRATIVO;; C.L.T.;1731,50;;1731,50;138,52;1592,98;
SEBASTIAO FERREIRA DA SILVA;SUBGERENCIA DE APOIO LOGISTICO;AUXILIAR DE MANUTENCAO;; C.L.T.;2396,60;;2396,60;215,69;2180,91;
SELMA DE OLIVEIRA PINHEIRO;GERENCIA DE HABILITACAO;TECNICO DE NIVEL MEDIO;; C.L.T.;3382,00;;3382,00;468,72;2913,28;
SELMA FERNANDA DE OLIVEIRA VALLE;SUBGERENCIA DE VEICULOS;TECNICO DE NIVEL MEDIO;; C.L.T.;2480,00;;2480,00;249,66;2230,34;
SELMA MACEDO LOPES;SUBGERENCIA DE DOCUMENTACAO;AUXILIAR ADMINISTRATIVO;; C.L.T.;4738,00;;4738,00;833,83;3904,17;
SERGIO AUGUSTO GRACA CAVALCANTE;ASSESSORIA JURIDICA;TECNICO DE NIVEL MEDIO;; C.L.T.;11148,00;;11148,00;2609,89;8538,11;
SEVERINO DA SILVA SANTOS;SUBGERENCIA DE VEICULOS;AUXILIAR ADMINISTRATIVO;; C.L.T.;5687,20;;5687,20;1148,17;4539,03;
SHIRLENE MAIA FARIAS;DIRETORIA TECNICA;AUXILIAR ADMINISTRATIVO;; C.L.T.;7636,00;;7636,00;1338,73;6297,27;
SILIS CALAZANS GOMES;SUBGERENCIA DE APOIO LOGISTICO;MOTORISTA 1A CLASSE;; ESTATUTARIO;2852,83;;2852,83;326,76;2526,07;
SILVIA JANE DA SILVA;GERENCIA DE VEICULOS;AUXILIAR ADMINISTRATIVO;; C.L.T.;4855,00;;4855,00;870,13;3984,87;
SILVIA MARGARETE VALERIO OLIVEIRA;DIR.ADMINISTRATIVA-FINANCEIRA;TECNICO DE NIVEL MEDIO;; C.L.T.;4314,50;;4314,50;702,44;3612,06;
SIRLEIDE DOS SANTOS CASANOVA COELHO;SUBGERENCIA DE VEICULOS;TECNICO DE NIVEL MEDIO;; C.L.T.;7438,00;;7438,00;1180,00;6258,00;
SOLIANE CARDOSO DE CARVALHO;GERENCIA DE VEICULOS;TECNICO DE NIVEL MEDIO;; C.L.T.;2880,00;;2880,00;312,96;2567,04;
SONIA MARIA SILVA PEREIRA;SUBGERENCIA DE VEICULOS;TECNICO DE NIVEL MEDIO;; C.L.T.;2982,00;;2982,00;370,05;2611,95;
SONIA OLIMPIO DA CUNHA;GERENCIA DE VEICULOS;TECNICO DE NIVEL MEDIO;; C.L.T.;2702,50;;2702,50;270,65;2431,85;
SUELI DE CASTRO JOHNSON;GERENCIA DE ORC.E PLANEJAMENTO;TECNICO DE NIVEL MEDIO;; C.L.T.;2828,00;;2828,00;304,73;2523,27;
TEREZINHA DE JESUS O C SABOIA;SUBGERENCIA DE VEICULOS;TECNICO DE NIVEL MEDIO;; C.L.T.;2802,50;;2802,50;300,69;2501,81;
THAIS BENTES JUCA;DIR.GER/ASSESSORIA DE IMPRENSA;ASSESSOR IV;ASSESSOR IV; CARGO COMISSION.S/VINCULO;6219,98;;6219,98;890,29;5329,69;
THANNY MONIK DE GUSMAO SILVA;DIRETORIA GERAL;INVEST.DE POL. 3A.CL. PC-INV-III;ASSESSOR II; ESTATUTARIO;7900,00;;7900,00;893,50;7006,50;
THEREZINHA SOARES DE VASCONCELLOS;GERENCIA ENG. E ESTATISTICA;TECNICO DE NIVEL MEDIO;; C.L.T.;2007,50;;2007,50;180,67;1826,83;
TULIMAR MORAES DE LIMA;SUB-GER.I DE EMPLACAMENTO;TECNICO DE NIVEL MEDIO;; C.L.T.;2728,00;;2728,00;274,69;2453,31;
VALDA RITA FARIAS REIS;SUBGERENCIA DE VEICULOS;TECNICO DE NIVEL MEDIO;; C.L.T.;1880,00;;1880,00;169,20;1710,80;
VALERIANA DO ROSARIO DA SILVA;GERENCIA DE HABILITACAO;AUXILIAR DE MANUTENCAO;; C.L.T.;1658,00;;1658,00;132,64;1525,36;
VILSON EVANGELISTA DE ARAUJO;SUBGERENCIA DE VEICULOS;TECNICO DE NIVEL MEDIO;; C.L.T.;6168,46;;6168,46;1292,66;4875,80;
WALMIR WALACE DOS SANTOS DALLES;GER.CONTR.REG.TRANSITO- CRT;TECNICO DE NIVEL SUPERIOR;; C.L.T.;5058,00;;5058,00;933,11;4124,89;
WANDA DOS SANTOS FREIRE;SUBGERENCIA DE DOCUMENTACAO;TECNICO DE NIVEL MEDIO;; C.L.T.;2482,00;;2482,00;249,98;2232,02;
WENDELL DANTAS MENEZES;GER.CONTR.REG.TRANSITO- CRT;TECNICO DE NIVEL MEDIO;; C.L.T.;9316,00;;9316,00;1748,59;7567,41;
WENDELL WAUGHAN MONTEIRO;SECAO ADMINISTRATIVA;ASSESSOR I;ASSESSOR I; CARGO COMISSION.S/VINCULO;14451,77;;14451,77;3570,57;10881,20;
YANNE DAS NEVES FALCAO LIMA;SUBGERENCIA DE VEICULOS;TECNICO DE NIVEL MEDIO;; C.L.T.;5080,00;;5080,00;537,19;4542,81;
ZI CUNHA MOREIRA;SUBGERENCIA DE VEICULOS;TECNICO DE NIVEL MEDIO;; C.L.T.;3982,00;;3982,00;586,38;3395,62;
ZULEIDE CARVALHO FEITOSA;SUBGERENCIA DE VEICULOS;TECNICO DE NIVEL MEDIO;; C.L.T.;2580,00;;2580,00;265,49;2314,51;
