NOME;LOTACAO;CARGO;FUNCAO;VINCULO;REMUNERACAO LEGAL TOTAL(R$);DESC.TETO(R$); REMUNERACAO LEGAL DEVIDA(R$);DESCONTOS LEGAIS(R$);LIQUIDO DISPONIVEL(R$);
ABRAHAM LINCOLN BENAYON MOREIRA;ASSESSORIA;ASSESSOR II;; CARGO COMISSION.S/VINCULO;4509,79;;4509,79;670,28;3839,51;
ADEVANE DA SILVA ARAUJO;ASSESSORIA;GERENTE;; CARGO COMISSION.S/VINCULO;4509,79;;4509,79;670,28;3839,51;
AKIS ALVES DA SILVA;ASSESSORIA;GERENTE;; CARGO COMISSION.S/VINCULO;4509,79;;4509,79;670,28;3839,51;
ALDEIZA LAGO DOS SANTOS;ASSESSORIA;GERENTE;; CARGO COMISSION.S/VINCULO;4509,79;;4509,79;670,28;3839,51;
ALTEMAR LOPES E SILVA;ASSESSORIA;GERENTE;; CARGO COMISSION.S/VINCULO;4509,79;;4509,79;670,28;3839,51;
AMANDA BOTELHO GOMES;ASSESSORIA;GERENTE;; CARGO COMISSION.S/VINCULO;4509,79;;4509,79;641,84;3867,95;
ANA CLAUDIA DA COSTA LEITAO;ASSESSORIA;ASSESSOR II;; CARGO COMISSION.S/VINCULO;4509,79;;4509,79;670,28;3839,51;
ANA MARIA PAIVA CHAVES B S RESENDE;DEPARTAMENTO DE ADM.E FINANCAS;CHEFE DE DEPARTAMENTO;NAO INFORMADO; CARGO COMISSION.S/VINCULO;5529,77;;5529,77;986,40;4543,37;
ANA RUTH DE PAULA BOTELHO LAMEGO;DEPARTAMENTO DE ADM.E FINANCAS;A.TEC-I;ASSESSOR II AD-2; ESTATUTARIO;5187,01;;5187,01;418,31;4768,70;
ANTONIA NONATA DA COSTA;DEPARTAMENTO DE ADM.E FINANCAS;ASSISTENTE ADMINISTRATIVO;; ESTATUTARIO;3877,54;;3877,54;308,07;3569,47;
ARIANNA BIANCA CAMPOS RABELO;ASSESSORIA;ASSESSOR II;; CARGO COMISSION.S/VINCULO;4509,79;;4509,79;641,84;3867,95;
ARLETE PIRES DE OLIVEIRA;ASSESSORIA;ASSESSOR II;; CARGO COMISSION.S/VINCULO;4509,79;;4509,79;584,96;3924,83;
ARNOLDO SEBASTIAO DO CARMO VELLOSO;DEPARTAMENTO DE ADM.E FINANCAS;AUX.S.G-I;; ESTATUTARIO;5087,27;;5087,27;471,71;4615,56;
AYUB BORGES MARQUES;ASSESSORIA;ASSESSOR II;; CARGO COMISSION.S/VINCULO;4509,79;;4509,79;641,84;3867,95;
CAROLINE YOSHIDA KAWAKAMI;ASSESSORIA;ASSESSOR II;; CARGO COMISSION.S/VINCULO;4509,79;;4509,79;670,28;3839,51;
CHRISTINA FISCHER;SEC.EXEC.ADJ.DE GEST.AMBIENTAL;A.AMB-II;SECRETARIO EXECUTIVO; ESTATUTARIO;8100,00;;8100,00;1358,14;6741,86;
CLAUDENI ALVES PINHEIRO;DEPARTAMENTO DE ADM.E FINANCAS;A.TEC-II;ASSESSOR AD-2; ESTATUTARIO;4390,25;;4390,25;411,05;3979,20;
CRISTIANO GONCALVES;ASSESSORIA;GERENTE;GERENTE AD-2; CARGO COMISSION.S/VINCULO;4509,79;;4509,79;670,28;3839,51;
EDIJANDRIA CARVALHO DE SOUZA;GABINETE DO SECRETARIO;ASSESSOR I;; CARGO COMISSION.S/VINCULO;5529,77;;5529,77;986,40;4543,37;
EDSON PINHEIRO DA SILVA;DEPARTAMENTO DE ADM.E FINANCAS;MOTORISTA 3A CLASSE;; ESTATUTARIO;5207,28;;5207,28;589,88;4617,40;
EDUARDO COSTA TAVEIRA;GABINETE DO SECRETARIO;SECRETARIO DE ESTADO;NAO INFORMADO; CARGO COMISSION.S/VINCULO;28360,00;;28360,00;7260,69;21099,31;
ELIANA MENDES DE SOUSA;DEPARTAMENTO DE ADM.E FINANCAS;AUX.S.G-I;; ESTATUTARIO;4035,28;;4035,28;204,28;3831,00;
ELMA FARIAS BORGES;DEPARTAMENTO DE ADM.E FINANCAS;A.TEC-I;; ESTATUTARIO;5253,68;;5253,68;484,69;4768,99;
ENGRIDE FERREIRA AQUINO;CENTRO EST.DE MUDAN.CLIMATICAS;AUX.ADM-I;; ESTATUTARIO;5075,57;;5075,57;422,61;4652,96;
FABRICIA ARRUDA MOREIRA AMAZONAS;ASSESSORIA;ASSESSOR I;; CARGO COMISSION.S/VINCULO;5529,77;;5529,77;943,74;4586,03;
FRANCISCO CAVALCANTE DE LIMA;ASSESSORIA;GERENTE;; CARGO COMISSION.S/VINCULO;4209,79;;4209,79;670,28;3539,51;
FRANCISCO JUSTINO DA COSTA;ASSESSORIA;ASSESSOR II;; CARGO COMISSION.S/VINCULO;4509,79;;4509,79;670,28;3839,51;
FRANCISCO OTAVIO ALEIXO;ASSESSORIA;ASSESSOR II; ASSESSOR II AD-2; CARGO COMISSION.S/VINCULO;4509,79;;4509,79;670,28;3839,51;
GILBERTO OLAVO COSTA DE OLIVEIRA;ASSESSORIA;TECNICO EM AGROPECUARIA;GERENTE AD-2; ESTATUTARIO;5608,69;;5608,69;781,99;4826,70;
GILMAR JOSE DE OLIVEIRA SOUZA;ASSESSORIA;ASSESSOR II;ASSESSOR II AD-2; CARGO COMISSION.S/VINCULO;4509,79;;4509,79;670,28;3839,51;
GILZETE DA SILVA BELEZA;DEPARTAMENTO DE ADM.E FINANCAS;A.TEC-I;ASSESSOR AD-2; ESTATUTARIO;5376,24;;5376,24;651,25;4724,99;
GIULIANO PIOTTO GUIMARAES;SEC.EXEC.ADJ.DE GEST.AMBIENTAL;CHEFE DE DEPARTAMENTO;; CARGO COMISSION.S/VINCULO;5529,77;;5529,77;986,40;4543,37;
GLAUCE MARIA TAVARES MONTEIRO;ASSESSORIA;ASSESSOR II;NAO INFORMADO; CARGO COMISSION.S/VINCULO;5109,79;;5109,79;670,28;4439,51;
IRISMAR RIBEIRO DAVILA DE SOUZA;DEPARTAMENTO DE ADM.E FINANCAS;AUX.ADM-I;; ESTATUTARIO;5073,67;;5073,67;559,40;4514,27;
ISABELE AUGUSTA FERREIRA P RIBEIRO;DEPTO.DE ADM.E FINANCAS;ASSESSOR II;; CARGO COMISSION.S/VINCULO;4509,79;;4509,79;670,28;3839,51;
IZAIAS NASCIMENTO DOS SANTOS;ASSESSORIA;ASSESSOR I;NAO INFORMADO; CARGO COMISSION.S/VINCULO;6129,77;;6129,77;986,40;5143,37;
JACOB DA SILVA SICSU;DEPARTAMENTO DE ADM.E FINANCAS;MOT-I;; ESTATUTARIO;5614,47;;5614,47;669,37;4945,10;
JAIME GOMES NERY JUNIOR;ASSESSORIA;GERENTE;; CARGO COMISSION.S/VINCULO;4509,79;;4509,79;670,28;3839,51;
JOEL GOMES GARCEZ;ASSESSORIA;ASSESSOR II;; CARGO COMISSION.S/VINCULO;4509,79;;4509,79;670,28;3839,51;
JOSE CARLOS RIBEIRO;DEPARTAMENTO DE ADM.E FINANCAS;VIGIA-II;GERENTE; ESTATUTARIO;6580,20;;6580,20;806,61;5773,59;
JOSE ELIZIO DA SILVA LIMA;DEPARTAMENTO DE ADM.E FINANCAS;A.TEC-I;; ESTATUTARIO;5313,12;;5313,12;544,53;4768,59;
JOSE RONALDO MOURA RODRIGUES;DEPARTAMENTO DE ADM.E FINANCAS;VIGIA-II;; ESTATUTARIO;4960,36;;4960,36;430,83;4529,53;
JULIA DE MOURA LINHARES;ASSESSORIA;ASSESSOR II;; CARGO COMISSION.S/VINCULO;4509,79;;4509,79;670,28;3839,51;
LENIR MARTA LEITE ATHAYDE;DEPARTAMENTO DE ADM.E FINANCAS;A.TEC-I;ASSESSOR AD-3; ESTATUTARIO;4192,70;;4192,70;291,36;3901,34;
LORENA DE OLIVEIRA PEREIRA;ASSESSORIA;ASSESSOR I;NAO INFORMADO; CARGO COMISSION.S/VINCULO;5529,77;;5529,77;986,40;4543,37;
LUCELIA PEREIRA DE SOUZA;DEPARTAMENTO DE ADM.E FINANCAS;A.TEC-II;; ESTATUTARIO;5155,28;;5155,28;582,44;4572,84;
LUIS HENRIQIUE PIVA;SECRETARIA EXECUTIVA_DE GESTAO;SECRETARIO EXECUTIVO;NAO INFORMADO; CARGO COMISSION.S/VINCULO;13200,00;;13200,00;3143,83;10056,17;
LUISA CRISTINA VIEIRA DE SOUZA;ASSESSORIA;ASSESSOR II;; CARGO COMISSION.S/VINCULO;4509,79;;4509,79;670,28;3839,51;
LUIZ CARLOS BARROS DE CARVALHO;SEC.EXEC.DE GEOD.REC.HIDRICOS;ENG-I;; ESTATUTARIO;7129,44;;7129,44;1157,40;5972,04;
LUIZ CARLOS DOS SANTOS SOUZA;DEPARTAMENTO DE ADM.E FINANCAS;AUX.S.G-II;; ESTATUTARIO;4988,20;;4988,20;397,58;4590,62;
LUZINETE ARAUJO DE SOUSA;DEPARTAMENTO DE ADM.E FINANCAS;AGENTE ADMINISTRATIVO 3A CLASSE;; ESTATUTARIO;3877,54;;3877,54;251,20;3626,34;
MÁRCIO ALVES GUIMARÃES;ASSESSORIA;ASSESSOR II;; CARGO COMISSION.S/VINCULO;4509,79;;4509,79;670,28;3839,51;
MARCIA SOCORRO MARTINS LINS;ASSESSORIA;ASSESSOR II;; CARGO COMISSION.S/VINCULO;4509,79;;4509,79;670,28;3839,51;
MARIA DO SOCORRO PEREIRA E SILVA;DEPARTAMENTO DE ADM.E FINANCAS;A.TEC-I;; ESTATUTARIO;4202,40;;4202,40;265,19;3937,21;
MARIA ELIENE GOMES DA CRUZ;ASSESSORIA;ASSESSOR II;; CARGO COMISSION.S/VINCULO;4509,79;;4509,79;670,28;3839,51;
MAYCON DOUGLAS DE OLIVEIRA CASTRO;ASSESSORIA;ASSESSOR III;; CARGO COMISSION.S/VINCULO;3491,80;;3491,80;422,40;3069,40;
MIQUEIAS SANTOS DE SOUZA;ASSESSORIA;GERENTE;; CARGO COMISSION.S/VINCULO;4509,79;;4509,79;613,40;3896,39;
PABLO JOSE MELO SERRA;ASSESSORIA;ASSESSOR II;; CARGO COMISSION.S/VINCULO;4509,79;;4509,79;670,28;3839,51;
PEDRO DE CRISTO SOARES VENTURA;DEPARTAMENTO DE ADM.E FINANCAS;AUX.ADM-I;; ESTATUTARIO;3890,45;;3890,45;317,92;3572,53;
RAIMUNDA SERRATHY SOUZA DA CRUZ;DEPARTAMENTO DE ADM.E FINANCAS;A.TEC-I;; ESTATUTARIO;5180,87;;5180,87;539,00;4641,87;
RAIMUNDO RIBEIRO ROMAINE;ASSESSORIA;GERENTE;; CARGO COMISSION.S/VINCULO;4509,79;;4509,79;670,28;3839,51;
REGINA COELI MINEIRO DE ALENCAR;DEPARTAMENTO DE ADM.E FINANCAS;A.TEC-II;ASSISTENTE TECNICO; ESTATUTARIO;5171,48;;5171,48;542,44;4629,04;
REGINA FARIAS DA SILVA;DEPARTAMENTO DE ADM.E FINANCAS;AUX.S.G-I;; ESTATUTARIO;5073,67;;5073,67;467,78;4605,89;
ROGERIO SAMPAIO BESSA;ASSESSORIA;ASSESSOR I;; CARGO COMISSION.S/VINCULO;5529,77;;5529,77;986,40;4543,37;
RONEI FLEURY DA SILVA;ASSESSORIA;ASSESSOR II;; CARGO COMISSION.S/VINCULO;4509,79;;4509,79;670,28;3839,51;
SANDRA DA SILVA AZULAY;SEC.EXEC.ADJ.DE GEST.AMBIENTAL;A.TEC-I;; ESTATUTARIO;5419,76;;5419,76;564,30;4855,46;
SANDRA REGINA LOYO PENHA;DEPARTAMENTO DE ADM.E FINANCAS;AUX.ADM-I;ASSESSOR AD-2; ESTATUTARIO;3586,06;;3586,06;235,62;3350,44;
VANYLTON BEZERRA DOS SANTOS;SECRETARIA EXECUTIVA;SECRETARIO EXECUTIVO;NAO INFORMADO; CARGO COMISSION.S/VINCULO;5600,00;;5600,00;1067,58;4532,42;
WALBEN JUNIOR DOS SANTOS FERREIRA;ASSESSORIA;GERENTE;; CARGO COMISSION.S/VINCULO;4509,79;;4509,79;670,28;3839,51;
WALDELICE HOLANDA SALGADO;SEC.EXEC.ADJ.DE FLOR.ESTRATIV.;ASSESSOR II;; CARGO COMISSION.S/VINCULO;4509,79;;4509,79;670,28;3839,51;
