NOME;LOTACAO;CARGO;FUNCAO;VINCULO;REMUNERACAO LEGAL TOTAL(R$);DESC.TETO(R$); REMUNERACAO LEGAL DEVIDA(R$);DESCONTOS LEGAIS(R$);LIQUIDO DISPONIVEL(R$);
ADRIANE ELLEN BARBOSA D BRAGA;DEPTO.DE ADMINISTR.E FINANCAS;CHEFE DE DEPARTAMENTO;NAO INFORMADO; CARGO COMISSION.S/VINCULO;6172,10;;6172,10;568,83;5603,27;
AIRTON JOSE SCHNEIDER;SECRETARIA EXECUTIVA;ENGENHEIRO AGRONOMO;SECRETARIO EXECUTIVO; ESTATUTARIO;15163,35;;15163,35;4079,61;11083,74;
ALBERTO MARTINS DE FREITAS;GABINETE DO SECRETARIO;ASSESSOR I;NAO INFORMADO; CARGO COMISSION.S/VINCULO;5529,77;;5529,77;986,40;4543,37;
ALEX PENHA DO AMARAL;DEPTO.DE ADMINIST.E FINANCAS;A.TEC-III;ASSISTENTE TECNICO; ESTATUTARIO;3379,35;;3379,35;468,07;2911,28;
ANA CRISTINA LEITE MENEZES;SEC.EXEC.ADJ.PESCA AQUICULTURA;ENG-III;ENGENHEIRO III CLAS; ESTATUTARIO;7434,17;;7434,17;1609,35;5824,82;
ANDRE DA SILVA GOUVEA;PAUINI;AG.AGRO-III;; ESTATUTARIO;4742,57;;4742,57;656,89;4085,68;
ANGELO AUGUSTO CAVALCANTE REIS;DEPTO.DE ADMINISTR.E FINANCAS;ASSESSOR II;NAO INFORMADO; CARGO COMISSION.S/VINCULO;4509,79;;4509,79;670,28;3839,51;
ANTONIA MARIA CONCEICAO DE O GOMES;SEC.EXEC.ADJ.PESCA E AQUICULT.;ASSESSOR II;ASSESSOR II AD-2; CARGO COMISSION.S/VINCULO;3509,79;;3509,79;426,78;3083,01;
ARI EVERTON BRAGA GARCEZ;MANAQUIRI;AUX.AGR-III;; ESTATUTARIO;3097,95;;3097,95;300,86;2797,09;
AUREO NAPOLEAO MAIA;COM.EXEC.PERM.DEF.SAN.ANIM.VEG;A.TEC-III;; ESTATUTARIO;4120,33;;4120,33;483,17;3637,16;
BENJAMIN DE SOUZA MAFRA;GER.DE INFRA-EST.E ENG.RURAL;GERENTE;; CARGO COMISSION.S/VINCULO;4509,79;;4509,79;670,28;3839,51;
BRUNO DE SOUZA CAVALCANTE;CHEFIA DE GABINETE;ASSESSOR I;; CARGO COMISSION.S/VINCULO;5529,77;;5529,77;986,40;4543,37;
CARLOS ALBERTO RAMALHO DA SILVA;CAREIRO DA VARZEA;M.FLU-III;; ESTATUTARIO;3002,20;;3002,20;242,24;2759,96;
CARLOS HENRIQUE SILVA DA CONCEICAO;GABINETE DO SECRETARIO;ASSESSOR II;NAO INFORMADO; CARGO COMISSION.S/VINCULO;4509,79;;4509,79;670,28;3839,51;
CHRIS ROCHA DOS ANJOS;ITACOATIARA;ENG-III;ENGENHEIRO III CLASS; ESTATUTARIO;8234,17;;8234,17;1777,21;6456,96;
CINELANDIA DE OLIVEIRA VILACORTE;DEPTO.DE ADMINIST.E FINANCAS;AUX.S.G-III;AUX. SERVICOS GERAIS; ESTATUTARIO;2502,20;;2502,20;242,24;2259,96;
CIRA SENNA DE OLIVEIRA;DEPTO.DE PLANEJ.E PROJETOS;CHEFE DE DEPARTAMENTO;NAO INFORMADO; CARGO COMISSION.S/VINCULO;5529,77;;5529,77;986,40;4543,37;
CLEIA GOMES MOREIRA;GABINETE DO SECRETARIO;CHEFE DE GABINETE;NAO INFORMADO; CARGO COMISSION.S/VINCULO;5529,77;;5529,77;986,40;4543,37;
DANIEL ALMEIDA SOARES;ASSESSORIA DE COMUNICACAO;A.TEC-III;ASSISTENTE TECNICO; ESTATUTARIO;3679,35;;3679,35;468,07;3211,28;
DENIS ALVES MENDONCA;DEPTO.DE ADMINIST.E FINANCAS;MOT-III;MOTORISTA III; ESTATUTARIO;2502,20;;2502,20;242,24;2259,96;
DEYVID LOPES COSTA;SEC.EXEC.ADJ.POL.AGRIC.PEC.FLO;CAD-III;; ESTATUTARIO;3679,35;;3679,35;403,81;3275,54;
DIEGO LUIS CARDOSO FONSECA;SEC.EXEC.ADJ.POL.AGRIC.PEC.FLO;TNS-III;T.N.S.OP.RED.INF.; ESTATUTARIO;5932,23;;5932,23;1076,54;4855,69;
DJALMA FARIAS TEIXEIRA DE LUSTOSA;SEC.EXEC.ADJ.POL.AGRIC.PEC.FLO;ENG-III;ASSESSOR III; ESTATUTARIO;7699,68;;7699,68;1667,19;6032,49;
EDILSON ROTONDANO;SEC.EXEC.ADJ.POL.AGRIC.PEC.FLO;ENG-III;GERENTE AD-2; ESTATUTARIO;7652,65;;7652,65;1212,96;6439,69;
EDIMAR VIZOLLI;SEC.EXEC.ADJ.PESCA AQUICULTURA;TECNICO EM AGROPECUARIA;ASSESSOR I; ESTATUTARIO;6452,68;;6452,68;1087,00;5365,68;
EDSON CAVALCANTI CATAO;SEC.EXEC.ADJ.POL.AGRIC.PEC.FLO;ENG-III;; ESTATUTARIO;14580,32;;14580,32;3995,92;10584,40;
EDUARDO RIZZO GUIMARAES;SEC.EXEC.ADJ.POL.AGRIC.PEC.FLO;ENG-III;; ESTATUTARIO;11143,22;;11143,22;2952,83;8190,39;
EMANUELE SOUZA RIBEIRO;SEC.EXEC.ADJ.DE ADM.E FINANCAS;A.TEC-III;ASSISTENTE TECNICO; ESTATUTARIO;3679,35;;3679,35;468,07;3211,28;
ERINILSON SOUZA DE VASCONCELOS;SEC.EXEC.ADJ.DE ADM.E FINANCAS;AUX.S.G-III;AUX.SERV.GERAIS; ESTATUTARIO;2502,20;;2502,20;242,24;2259,96;
FERNANDO SEABRA BARROS;SEC.EXEC.ADJ.DE ADM.E FINANCAS;TNS-III;; ESTATUTARIO;6257,75;;6257,75;1151,98;5105,77;
FRANCISCO EDICELMO PEREIRA PESSOA;HUMAITA;M.FLU-III;MOTORISTA FLUVIAL; ESTATUTARIO;3902,93;;3902,93;363,11;3539,82;
FRANCISCO LOPES DE OLIVEIRA;COM.EXEC.PERM.DEF.SAN.ANIM.VEG;VIGIA;; ESTATUTARIO;2231,69;;2231,69;244,17;1987,52;
FRANCISCO NEWTON QUEIROZ LIMA;GABINETE DO SECRETARIO;ASSESSOR I;NAO INFORMADO; CARGO COMISSION.S/VINCULO;5529,77;;5529,77;986,40;4543,37;
FREDSON CRUZ LIMA;COARI;AUX.AGR-III;; ESTATUTARIO;3097,95;;3097,95;252,77;2845,18;
GABRIELLE BATISTA PERON GOMES;DEPTO.DE ADMINISTR.E FINANCAS;ASSESSOR III;NAO INFORMADO; CARGO COMISSION.S/VINCULO;3491,80;;3491,80;422,40;3069,40;
GEOVANI GONCALVES BROZZO;COM.EXEC.PERM.DEF.SAN.ANIM.VEG;A.TEC-III;; ESTATUTARIO;4232,45;;4232,45;551,04;3681,41;
GERALDO BERNARDINO;GABINETE DO SECRETARIO;ASSESSOR II;NAO INFORMADO; CARGO COMISSION.S/VINCULO;4509,79;;4509,79;311,07;4198,72;
GILSON DA SILVA PEREIRA;DEPTO.DE ADMINIST.E FINANCAS;MOT-III;MOTORISTA; ESTATUTARIO;2553,48;;2553,48;242,24;2311,24;
GLAUCIA DA SILVA LIMA;SEC.EXEC.ADJ.PESCA E AQUICULT.;ASSESSOR III;NAO INFORMADO; CARGO COMISSION.S/VINCULO;3491,80;;3491,80;422,40;3069,40;
GUILHERME PEDROSA DE OLIVEIRA;PARINTINS;M.FLU-III;MOTORISTA FLUVIAL; ESTATUTARIO;2702,20;;2702,20;242,24;2459,96;
HERBERTH DE LIMA LOPES;ASSESSORIA DE COMUNICACAO;ASSESSOR III;; CARGO COMISSION.S/VINCULO;3491,80;;3491,80;422,40;3069,40;
HITALO ALEXANDRE OLIVEIRA SOARES;COM.EXEC.PERM.DEF.SAN.ANIM.VEG;OPERADOR DE MAQUINA;; ESTATUTARIO;2936,20;;2936,20;289,98;2646,22;
HUDSON SANTOS DA SILVA;GABINETE DO SECRETARIO;A.TEC-III;; ESTATUTARIO;3679,35;;3679,35;426,06;3253,29;
IVANO FREITAS CORDEIRO;ASSESSORIA TECNICA;TEC.DE NIVEL SUPERIOR 2A CLASSE;TEC NIVEL SUP; ESTATUTARIO;6394,74;;6394,74;1292,75;5101,99;
IVO DA ROCHA CALADO;DEPTO.DE PESCA E AQUICULTURA;TECNICO;CHEFE DE GAB.AD-1; ESTATUTARIO;6447,54;;6447,54;1307,58;5139,96;
JAIR DA SILVA FEITOZA;DEPTO.DE PLANEJ.E PROJETOS;TNS-III;TEC NIVEL SUPERIOR; ESTATUTARIO;6101,58;;6101,58;1295,17;4806,41;
JANE CLEA FERNANDES QUINCO;SECRETARIA EXECUTIVA;GERENTE;NAO INFORMADO; CARGO COMISSION.S/VINCULO;4509,79;;4509,79;670,28;3839,51;
JANICE FERNANDES CARVALHO;SEC.EXEC.ADJ.POL.AGRIC.PEC.FLO;CAD-III;; ESTATUTARIO;3696,84;;3696,84;472,33;3224,51;
JARBAS BREVES DA SILVA;SEC.EXEC.ADJ.POL.AGRIC.PEC.FLO;M.FLU-III;MOTORISTA FLUVIAL; ESTATUTARIO;2502,20;;2502,20;242,24;2259,96;
JERSEY TEIXEIRA PESSOA;SEC.EXEC.ADJ.POL.AGRIC.PEC.FLO;ENG-III;ENG. ELETRICISTA; ESTATUTARIO;7340,30;;7340,30;1576,05;5764,25;
JOAO ALFREDO RAMOS BRAGA;ITACOATIARA;AUX.S.G-III;AUX.DE SERV. GERAIS; ESTATUTARIO;3002,20;;3002,20;283,94;2718,26;
JOILCE SOCORRO NASCIMENTO TAVARES;DEPTO.DE ADMINIST.E FINANCAS;GERENTE;; CARGO COMISSION.S/VINCULO;4509,79;;4509,79;670,28;3839,51;
JORGE ALBERTO VASCONCELOS JUNIOR;DEPTO.APOIO A ORG.COMUNITARIA;TECNICO EM AGROPECUARIA;; ESTATUTARIO;4942,05;;4942,05;572,52;4369,53;
JOSE ALVES DE LIMA;ESTACAO DE BALBINA-M.AMAZONAS;AUXILIAR DE SERVICOS GERAIS;; ESTATUTARIO;4030,68;;4030,68;391,23;3639,45;
JOSE DE JESUS NUNES PEREIRA;DEPTO.DE ADMINISTR.E FINANCAS;ASSESSOR II;NAO INFORMADO; CARGO COMISSION.S/VINCULO;4509,79;;4509,79;670,28;3839,51;
JOSE EVERARDO TORRES PORTUGUAL;DEPTO.DE PESCA E AQUICULTURA;ASSESSOR II;NAO INFORMADO; CARGO COMISSION.S/VINCULO;4509,79;;4509,79;670,28;3839,51;
JOSE FERNANDES VIANA;COM.EXEC.PERM.DEF.SAN.ANIM.VEG;MOTORISTA DE AUTOS;; ESTATUTARIO;3964,11;;3964,11;423,32;3540,79;
JOSE MARIO BARACHO DE FRANCA;ESTACAO DE BALBINA-M.AMAZONAS;ENGENHEIRO DE PESCA;GERENTE AD-2; ESTATUTARIO;10943,22;;10943,22;2895,66;8047,56;
JOSE MATIAS JUNIOR;SEC.EXEC.ADJ.POL.AGRIC.PEC.FLO;ENG-III;ENGº AGRONOMO; ESTATUTARIO;7340,30;;7340,30;1576,05;5764,25;
JOYCIMARA ALVES DOS SANTOS R AMARAL;DEPTO.DE ADMINIST.E FINANCAS;AUX.S.G-III;AUX SERV GERAIS; ESTATUTARIO;2502,20;;2502,20;242,24;2259,96;
LAENA CARDOSO FARIAS;PARINTINS;A.TEC-III;; ESTATUTARIO;4179,35;;4179,35;543,07;3636,28;
LEOCY CUTRIM DOS SANTOS FILHO;SEC.EXEC.ADJ.PESCA E AQUICULT.;SECRETARIO EXECUTIVO ADJUNTO;NAO INFORMADO; CARGO COMISSION.S/VINCULO;9900,00;;9900,00;1795,10;8104,90;
LEONCIO NEVES ROLIM;ESTACAO DE BALBINA-M.AMAZONAS;AUXILIAR DE SERVICOS GERAIS;; ESTATUTARIO;3098,01;;3098,01;272,43;2825,58;
LINDON JONHSON ALMEIDA DA SILVA;IRANDUBA;OPERADOR GRAFICO;; ESTATUTARIO;3436,20;;3436,20;346,43;3089,77;
LUCELISY SILVA BORGES;ASSESSORIA TECNICA;BIOLOGO;SUPERVISOR REGIONAL; ESTATUTARIO;12695,44;;12695,44;2854,04;9841,40;
LUCILENE DOS SANTOS NUNES;SEC.EXEC.ADJ.DE ADM.E FINANCAS;PROFESSOR PF20.ESP-III;ASSESSOR I; ESTATUTARIO;10506,87;;10506,87;2311,63;8195,24;
LUCIO MEIRELLES DA SILVA B MENEZES;SECRETARIA EXECUTIVA;SECRETARIO EXECUTIVO;NAO INFORMADO; CARGO COMISSION.S/VINCULO;11700,00;;11700,00;2813,83;8886,17;
LUIS OTAVIO RODRIGUES DA SILVA;GABINETE DO SECRETARIO;ASSESSOR I;NAO INFORMADO; CARGO COMISSION.S/VINCULO;5529,77;;5529,77;986,40;4543,37;
LUIZ CARLOS DO HERVAL FILHO;GABINETE DO SECRETARIO;ENGENHEIRO AGRONOMO;ASSESSOR I; ESTATUTARIO;12063,35;;12063,35;3227,11;8836,24;
MARCELEN SUYAMME MELO COSTA;GABINETE DO SECRETARIO;ASSESSOR II;NAO INFORMADO; CARGO COMISSION.S/VINCULO;4509,79;;4509,79;670,28;3839,51;
MARCELO ARRUDA DA SILVA;DEPTO.DE ADMINIST.E FINANCAS;ASSESSOR III;; CARGO COMISSION.S/VINCULO;2495,80;;2495,80;197,62;2298,18;
MARCELO VIEIRA DA GAMA;CAREIRO DA VARZEA;MED.V-III;; ESTATUTARIO;7670,95;;7670,95;1681,68;5989,27;
MARCEU MACEDO DA COSTA E SILVA;COM.EXEC.PERM.DEF.SAN.ANIM.VEG;A.TEC-III;ASSISTENTE TECNOCO; ESTATUTARIO;3679,35;;3679,35;468,07;3211,28;
MARCIO PINHEIRO SILVA;SEC.EXEC.ADJ.PESCA AQUICULTURA;ENG-III;CHEFE DE DEPARTAMENT; ESTATUTARIO;7177,41;;7177,41;1171,65;6005,76;
MARCONE CHAVES DE MELO;RIO PRETO DA EVA;AUX.AGR-III;; ESTATUTARIO;3097,95;;3097,95;286,64;2811,31;
MARCUS JULIANO REIS BATISTA;SEC.EXEC.ADJ.POL.AGRIC.PEC.FLO;CAD-III;CADISTA; ESTATUTARIO;3679,35;;3679,35;468,07;3211,28;
MARIA AUXILIADORA NUNES HERCULANO;SEC.EXEC.ADJ.POL.AGRIC.PEC.FLO;A.TEC-III;SECRET DO PRESIDENTE; ESTATUTARIO;3949,94;;3949,94;555,29;3394,65;
MARIA CLARA FERREIRA MOTTA;GABINETE DO SECRETARIO;ASSESSOR I;NAO INFORMADO; CARGO COMISSION.S/VINCULO;5529,77;;5529,77;986,40;4543,37;
MARIA DAS DORES FERREIRA DA SILVA;SEC.EXEC.ADJ.DE ADM.E FINANCAS;AUX.S.G-III;AUX.DE SERV.GERAIS; ESTATUTARIO;3236,27;;3236,27;287,27;2949,00;
MARIA ELIZABETH ALVES DE CASTRO;ASSESSORIA TECNICA;CHEFE DE DEPARTAMENTO;NAO INFORMADO; CARGO COMISSION.S/VINCULO;5529,77;;5529,77;986,40;4543,37;
MARIA ROSIMAR DE SOUZA ARAUJO;DEPTO.DE ADMINIST.E FINANCAS;ASSISTENTE TECNICO;; ESTATUTARIO;5193,17;;5193,17;729,36;4463,81;
MARINEIDA COSTA PINTO;GERENCIA DE SERVICOS GERAIS;AUX.S.G-III;AUX.SERV.GERAIS; ESTATUTARIO;2502,20;;2502,20;242,24;2259,96;
MARLEY MARIA DE CASTRO PERDIGAO;DEPTO.DE ADMINIST.E FINANCAS;ASSESSOR III;; CARGO COMISSION.S/VINCULO;3491,80;;3491,80;422,40;3069,40;
MAYANA TOMAZ COSTA;ASSESSORIA TECNICA;ASSESSOR I;NAO INFORMADO; CARGO COMISSION.S/VINCULO;5529,77;;5529,77;986,40;4543,37;
NAYLA CHAVES SILVA;DEPTO.PLAN.PROJ.CAP.TECNOLOGIC;ASSESSOR II;NAO INFORMADO; CARGO COMISSION.S/VINCULO;4509,79;;4509,79;607,58;3902,21;
NAZARIO TEIXEIRA DE FREITAS;DEPTO.APOIO A ORG.COMUNITARIA;MOT-III;MOTORISTA CT. D; ESTATUTARIO;2502,20;;2502,20;242,24;2259,96;
NISLENE MOLINA GUERREIRO E PAULA;SUPERVISAO REGIONAL;SUPERVISOR REGIONAL;NAO INFORMADO; CARGO COMISSION.S/VINCULO;5529,77;;5529,77;986,40;4543,37;
OMAR MAMED FILHO;GABINETE DO SECRETARIO;ASSESSOR II;; CARGO COMISSION.S/VINCULO;3509,79;;3509,79;426,78;3083,01;
ORNEY ALENCAR DE OLIVEIRA;COM.EXEC.PERM.DEF.SAN.ANIM.VEG;A.TEC-III;; ESTATUTARIO;5578,24;;5578,24;853,75;4724,49;
PATRICIA DA SILVA BATISTA;DEPTO.DE ADMINIST.E FINANCAS;TECNICO EM CONTABILIDADE;; ESTATUTARIO;5593,28;;5593,28;771,85;4821,43;
PAULO ADNAEL ANDRADE DE ALMEIDA;GABINETE DO SECRETARIO;PROFESSOR C4 ED-LPL-IV;ASSESSOR II; ESTATUTARIO;9243,20;;9243,20;1655,63;7587,57;
PEDRO JOSE DE FARIAS SOUZA NETO;SEC.EXEC.ADJ.PESCA E AQUICULT.;ASSESSOR III;NAO INFORMADO; CARGO COMISSION.S/VINCULO;3491,80;;3491,80;422,40;3069,40;
PETRUCIO PEREIRA DE M JUNIOR;GABINETE DO SECRETARIO;SECRETARIO DE ESTADO;SECRETARIO; CARGO COMISSION.S/VINCULO;28360,00;;28360,00;7312,83;21047,17;
PLACIDO FERREIRA LIMA;PESSOAL PROC.DE APOSENTADORIA;ENG.O-III;; ESTATUTARIO;9045,30;;9045,30;2235,82;6809,48;
RAFAELLE DA CRUZ CARVALHO CALADO;DEPTO.DE PESCA E AQUICULTURA;GERENTE;; CARGO COMISSION.S/VINCULO;3509,79;;3509,79;426,78;3083,01;
RAIMUNDO ALVARO MACEDO JUNIOR;GERENCIA DE AGROINDUSTRIA;ENG-III;; ESTATUTARIO;6870,95;;6870,95;1461,68;5409,27;
RENATA LEIKO ISHIDA;SEC.EXEC.ADJ.POL.AGRIC.PEC.FLO;MED.V-III;MEDICO VETERINARIO; ESTATUTARIO;6870,95;;6870,95;1409,54;5461,41;
RENATO DOS SANTOS PIRES;SEC.EXEC.ADJ.POL.AGRIC.PEC.FLO;TNS-III;TEC.NIVEL SUPERIOR; ESTATUTARIO;5932,23;;5932,23;1128,68;4803,55;
RENATO FLAVIO PERSILVA;ASSESSORIA TECNICA;ASSESSOR II;NAO INFORMADO; CARGO COMISSION.S/VINCULO;4509,79;;4509,79;670,28;3839,51;
ROBERTA ANDRADE PEIXOTO;ASSESSORIA DE COMUNICACAO;TNS-III;; ESTATUTARIO;5932,23;;5932,23;1128,68;4803,55;
ROSA ESTER BARBOSA DABELA;DEPTO.DE PLANEJ.E PROJETOS;GERENTE;NAO INFORMADO; CARGO COMISSION.S/VINCULO;4509,79;;4509,79;670,28;3839,51;
ROSANA DA SILVA AMARAL;ASSESSORIA TECNICA;ASSESSOR IV;; CARGO COMISSION.S/VINCULO;2479,61;;2479,61;196,16;2283,45;
ROSEMAR GONCALVES FEITOSA;DEPTO.DE ADMINIST.E FINANCAS;PROFESSOR PF20.ADC-VI;ASSESSOR II AD-2; ESTATUTARIO;6233,37;;6233,37;1065,75;5167,62;
SAMUEL FARIAS SOLEDADE;ESTACAO DE BALBINA-M.AMAZONAS;ASSISTENTE TECNICO;; ESTATUTARIO;4915,08;;4915,08;705,31;4209,77;
SEBASTIAO BATALHA PINTO DE SOUZA;PARINTINS;ENG-III;ENGENHEIRO III CLASS; ESTATUTARIO;8234,17;;8234,17;1829,35;6404,82;
SEBASTIAO DA SILVA COSTA SOBRINHO;COM.EXEC.PERM.DEF.SAN.ANIM.VEG;MOT-III;; ESTATUTARIO;3137,60;;3137,60;301,69;2835,91;
SEBASTIAO DO NASCIMENTO GUERREIRO;SEC.EXEC.ADJ.PESCA E AQUICULT.;ASSESSOR I;NAO INFORMADO; CARGO COMISSION.S/VINCULO;5529,77;;5529,77;986,40;4543,37;
SEBASTIAO PINHEIRO MAGALHAES;GABINETE DO SECRETARIO;ASSESSOR II;NAO INFORMADO; CARGO COMISSION.S/VINCULO;4509,79;;4509,79;670,28;3839,51;
SELMA DE PAULA DOS SANTOS;SEC.EXEC.ADJ.DE ADM.E FINANCAS;GERENTE;NAO INFORMADO; CARGO COMISSION.S/VINCULO;4509,79;;4509,79;670,28;3839,51;
SELMO ANDRADE DA COSTA;MANAQUIRI;ENG-III;ENGENHEIRO III CLASS; ESTATUTARIO;8140,30;;8140,30;1796,05;6344,25;
SEVERINO GOMES DA SILVA;SEC.EXEC.ADJ.POL.AGRIC.PEC.FLO;A.TEC-III;; ESTATUTARIO;4652,71;;4652,71;635,05;4017,66;
SHERON TORRES DE MACEDO;SEC.EXEC.ADJ.POL.AGRIC.PEC.FLO;ENG-III;ENGENHEIRO FLORESTAL; ESTATUTARIO;7434,17;;7434,17;1661,49;5772,68;
SILVIA PATRICIA MOTA MAR;SECRETARIA EXECUTIVA;ASSESSOR III;NAO INFORMADO; CARGO COMISSION.S/VINCULO;3491,80;;3491,80;422,40;3069,40;
SONIA PEREIRA DA SILVA OLIVEIRA;SEC.EXEC.ADJ.PESCA E AQUICULT.;GERENTE;NAO INFORMADO; CARGO COMISSION.S/VINCULO;2909,79;;2909,79;270,20;2639,59;
THAIS GOMES VIEIRA DA ROCHA;ASSESSORIA JURIDICA;ASSESSOR I;NAO INFORMADO; CARGO COMISSION.S/VINCULO;5529,77;;5529,77;986,40;4543,37;
THOMAZ ANTONIO PEREZ DA SILVA;GABINETE DO SECRETARIO;ASSESSOR TECNICO;NAO INFORMADO; CARGO COMISSION.S/VINCULO;7300,00;;7300,00;1521,33;5778,67;
UBIRAJARA PEREIRA DE FARIAS JUNIOR;CHEFIA DE GABINETE;ASSESSOR I;NAO INFORMADO; CARGO COMISSION.S/VINCULO;5529,77;;5529,77;986,40;4543,37;
ULISSES EMILIANO SA FERREIRA;DEPTO.DE ADMINIST.E FINANCAS;TECNICO EM AGROPECUARIA;; ESTATUTARIO;4414,92;;4414,92;452,64;3962,28;
VANDENILSA SILVA DOS SANTOS;GABINETE DO SECRETARIO;ASSESSOR III;NAO INFORMADO; CARGO COMISSION.S/VINCULO;2495,80;;2495,80;197,62;2298,18;
VASCO BENTO DOS SANTOS RIBEIRO;ASSESSORIA TECNICA;TECNICO EM AGROPECUARIA;ASSESSOR II; ESTATUTARIO;8325,48;;8325,48;7040,25;1285,23;
VERONICA TAVARES DA SILVA;COM.EX.PERM.DEF.S.ANIM.CODESAV;AUX.AGR-III;; ESTATUTARIO;2597,95;;2597,95;263,36;2334,59;
VIVIANE MATOS CORREIA LIMA;ASSESSORIA TECNICA;PROFESSOR C3 ED-ESP-III;GERENTE; ESTATUTARIO;4000,00;;4000,00;263,87;3736,13;
WALDELIA MARA LEAL GARCIA;SEC.EXEC.ADJ.DE ADM.E FINANCAS;ENG-III;; ESTATUTARIO;7340,30;;7340,30;1628,18;5712,12;
WENCESLAU ABTIBOL FILHO;DEPTO.DE ADMINIST.E FINANCAS;GERENTE;; CARGO COMISSION.S/VINCULO;4509,79;;4509,79;670,28;3839,51;
WILLACE LIMA DE SOUZA;SEC.EXEC.ADJ.POL.AGRIC.PEC.FLO;ENG-III;ENGENHEIRO CIVIL; ESTATUTARIO;9580,00;;9580,00;2425,89;7154,11;
WILMAR FERREIRA DE CARVALHO;SEC.EXEC.ADJ.POL.AGRIC.PEC.FLO;TPG-III;TOPOGRAFO; ESTATUTARIO;4242,57;;4242,57;605,21;3637,36;
