NOME;LOTACAO;CARGO;FUNCAO;CARGA HR SEM;DT DE ADMISSAO;VINCULO;REMUNERACAO LEGAL TOTAL(R$);DESC.TETO(R$); REMUNERACAO LEGAL DEVIDA(R$);DESCONTOS LEGAIS(R$);LIQUIDO DISPONIVEL(R$);
ADANAIR TEIXEIRA ALVES;DEPARTAMENTO DE ADMINISTRACAO;GERENTE;NAO INFORMADO; 30:00;01/04/2020;CARGO COMISSION.S/VINCULO;4209,79;;4209,79;579,58;3630,21;
ADIMAR DE MELO CARNEIRO;DEPARTAMENTO DE ADMINISTRACAO;AGENTE ADMINISTRATIVO;COORDENADOR; 30:00;22/09/1981;ESTATUTARIO;4933,37;;4933,37;799,42;4133,95;
ADRIANO LUIZ ARAUJO CARDOSO;CONS.EST.REG.CONT.SERV.PUB.CON;MEMBRO DE CONSELHO SUPLENTE;; 20:00;24/02/2023;CONSELHO;1000,00;;1000,00;;1000,00;
AFONSO HENRIQUE ALVES DE ALMEIDA;DIRETORIA;CHEFE DE DEPARTAMENTO;CHEFE DE DEPARTAMENT; 30:00;01/03/2023;CARGO COMISSION.S/VINCULO;5229,77;;5229,77;909,32;4320,45;
AIDSON PONCIANO DIAS JUNIOR;DIRETORIA;ASSESSOR II;ASSESSOR II; 30:00;06/02/2023;CARGO COMISSION.S/VINCULO;4209,79;;4209,79;579,58;3630,21;
ALEANE MENEZES DA COSTA CARDOSO;DIRETORIA TEC.CONC.REG.QUALID.;COORDENADOR;; 30:00;01/04/2020;CARGO COMISSION.S/VINCULO;4209,79;;4209,79;579,58;3630,21;
AMALIZA EVANGELISTA DA COSTA;DIRETORIA ADM.FINANCEIRA;CHEFE DE DEPARTAMENTO;NAO INFORMADO; 30:00;01/02/2019;CARGO COMISSION.S/VINCULO;6973,03;;6973,03;1609,03;5364,00;
ANA CAROLINA SANTOS SILVA RIZO;DIRETORIA TEC.CONC.REG.QUALID.;ASSESSOR JURIDICO;ASSESSOR JURIDICO; 30:00;01/02/2019;CARGO COMISSION.S/VINCULO;6973,03;;6973,03;1504,75;5468,28;
ANA CAROLINE FERREIRA DE SOUZA;DIRETORIA;CHEFE DE DEPARTAMENTO;CHEFE DE DEPARTAMENT; 30:00;01/10/2023;CARGO COMISSION.S/VINCULO;5229,77;;5229,77;909,32;4320,45;
AVELINO GOMES NETO;ASSESSORIA;ASSESSOR JURIDICO;ASSESSOR JURIDICO; 30:00;01/01/2023;CARGO COMISSION.S/VINCULO;5229,77;;5229,77;952,69;4277,08;
AYRTON PENALBER DA SILVA;DIRETORIA TEC.CONC.REG.QUALID.;GERENTE;NAO INFORMADO; 30:00;01/04/2020;CARGO COMISSION.S/VINCULO;4209,79;;4209,79;590,05;3619,74;
BEATRIZ AQUINO DA SILVA MENEZES;ASSESSORIA;GERENTE;GERENTE; 30:00;01/03/2023;CARGO COMISSION.S/VINCULO;4209,79;;4209,79;590,05;3619,74;
BELTIMAR SANTOS;DIRETORIA ADM.FINANCEIRA;CHEFE DE DEPARTAMENTO;; 30:00;01/01/2021;CARGO COMISSION.S/VINCULO;6973,03;;6973,03;1609,03;5364,00;
BENEDICTO CRUZ LYRA NETTO;DIRETORIA TEC.CONC.REG.QUALID.;ASSESSOR II;NAO INFORMADO; 30:00;01/02/2019;CARGO COMISSION.S/VINCULO;4209,79;;4209,79;590,05;3619,74;
CASSIA CIRHAME AZEVEDO DE ARAUJO;GABINETE DO DIRETOR PRESIDENTE;ASSESSOR II;NAO INFORMADO; 30:00;01/02/2019;CARGO COMISSION.S/VINCULO;4209,79;;4209,79;579,58;3630,21;
CASSIO JUNIO DA SILVA LOPES;DIRETORIA TEC.CONC.REG.QUALID.;ASSESSOR I;NAO INFORMADO; 30:00;01/09/2021;CARGO COMISSION.S/VINCULO;5229,77;;5229,77;952,69;4277,08;
CLAUDIONOR FERREIRA DE C NETO;GABINETE DO DIRETOR PRESIDENTE;CONTROLADOR INTERNO;CONTROLADOR INTERNO; 30:00;01/03/2022;CARGO COMISSION.S/VINCULO;5229,77;;5229,77;952,69;4277,08;
DANIEL DA SILVA ANTUNES;DIRETORIA TEC.CONC.REG.QUALID.;AUXILIAR TECNICO;; 30:00;03/02/1986;ESTATUTARIO;4793,36;;4793,36;782,99;4010,37;
DANIEL OSCAR PEREIRA SOARES;GABINETE DO DIRETOR PRESIDENTE;ASSESSOR I;ASSESSOR I; 30:00;01/12/2023;CARGO COMISSION.S/VINCULO;5229,77;;5229,77;952,69;4277,08;
ELSON ANDRADE FERREIRA JUNIOR;CONS.EST.REG.CONT.SERV.PUB.CON;MEMBRO DE CONSELHO;; 20:00;24/02/2023;CONSELHO;1000,00;;1000,00;;1000,00;
ERICK EDELMAN DOS SANTOS;DIRETORIA;DIRETOR TECNICO;NAO INFORMADO; 30:00;01/09/2021;CARGO COMISSION.S/VINCULO;9000,00;;9000,00;2144,68;6855,32;
EVELINN FLORES DE OLIVEIRA CUNHA;ASSESSORIA;ASSESSOR JURIDICO;ASSESSOR JURIDICO; 30:00;01/02/2019;CARGO COMISSION.S/VINCULO;6973,03;;6973,03;1556,89;5416,14;
FELIPE RAPHAEL PINTO SILVA;CONS.EST.REG.CONT.SERV.PUB.CON;MEMBRO DE CONSELHO;; 20:00;31/03/2023;CONSELHO;1000,00;;1000,00;;1000,00;
FRANCISCO DE ASSIS DE O MARQUES;DEPARTAMENTO DE FISCALIZACAO;FISCAL RODOVIARIO;; 40:00;10/11/1999;ESTATUTARIO;3577,54;;3577,54;559,60;3017,94;
GIOVANNI FIGLIUOLO NETTO;DIRETORIA TEC.CONC.REG.QUALID.;COORDENADOR;; 30:00;01/02/2019;CARGO COMISSION.S/VINCULO;4209,79;;4209,79;579,58;3630,21;
GISELLE CASTANHOLA DE MENEZES;DIRETORIA TEC.CONC.REG.QUALID.;COORDENADOR;; 30:00;01/02/2019;CARGO COMISSION.S/VINCULO;4209,79;;4209,79;590,05;3619,74;
HELDER PINTO DA SILVEIRA;CONS.EST.REG.CONT.SERV.PUB.CON;MEMBRO DE CONSELHO;; 20:00;24/02/2023;CONSELHO;1000,00;;1000,00;;1000,00;
HERMANN SAUNDERS FERNANDES;ASSESSORIA;ASSESSOR I;; 30:00;15/10/2017;CARGO COMISSION.S/VINCULO;5229,77;;5229,77;952,69;4277,08;
IGOR CARDOZO E OLIVEIRA SANTOS;DEPTO.DE REGUL.DA QUALIDADE;GERENTE;; 30:00;11/07/2022;CARGO COMISSION.S/VINCULO;4209,79;;4209,79;579,58;3630,21;
ITALO BRUNO LIMA NONATO;ASSESSORIA;ASSESSOR I;ASSESSOR I; 30:00;01/03/2023;CARGO COMISSION.S/VINCULO;5229,77;;5229,77;866,66;4363,11;
IUCANARA SOARES FREITAS DE OLIVEIRA;GABINETE DO DIRETOR PRESIDENTE;OUVIDOR;NAO INFORMADO; 30:00;01/02/2019;CARGO COMISSION.S/VINCULO;5229,77;;5229,77;866,66;4363,11;
IVANETE RIBEIRO GAMA;DEPARTAMENTO DE ADMINISTRACAO;AUXILIAR DE SERVICOS GERAIS;; 40:00;01/07/2002;C.L.T.;2066,67;;2066,67;164,82;1901,85;
JESSICA CAROLINA MEDEIROS OLIVEIRA;DIRETORIA;GERENTE;GERENTE; 30:00;01/10/2023;CARGO COMISSION.S/VINCULO;4209,79;;4209,79;522,71;3687,08;
JOÃO RUFINO JUNIOR;GABINETE DO DIRETOR PRESIDENTE;DIRETOR PRESIDENTE;NAO INFORMADO; 30:00;01/04/2021;DISP. OUTROS ESFERAS;11700,00;;11700,00;2187,34;9512,66;
JOAO GOMES ESPERANCA NETO;DIRETORIA;CHEFE DE DEPARTAMENTO;CHEFE DE DEPARTAMENT; 30:00;01/08/2022;CARGO COMISSION.S/VINCULO;5229,77;;5229,77;952,69;4277,08;
JOAO RUFINO JUNIOR;CONS.EST.REG.CONT.SERV.PUB.CON;PRESIDENTE DO CONSELHO;; 20:00;31/03/2021;CONSELHO;2000,00;;2000,00;;2000,00;
JORGE ANDRE CHIXARO SARRAFF REZENDE;DEPARTAMENTO DE ADMINISTRACAO;ASSESSOR I;; 30:00;01/07/2020;CARGO COMISSION.S/VINCULO;5229,77;;5229,77;952,69;4277,08;
JULIO CEZAR PRADO;DEPARTAMENTO DE FISCALIZACAO;ASSISTENTE TECNICO 3A CLASSE;; 30:00;29/03/1993;ESTATUTARIO;5040,70;;5040,70;819,06;4221,64;
LADJANE MELO BRAGA;DIRETORIA;CHEFE DE DEPARTAMENTO;CHEFE DE DEPARTAMENT; 30:00;16/05/2022;CARGO COMISSION.S/VINCULO;5229,77;;5229,77;952,69;4277,08;
LEILA MOTA LEMOS DA COSTA;DIRETORIA TEC.CONC.REG.QUALID.;COORDENADOR;NAO INFORMADO; 30:00;01/04/2020;CARGO COMISSION.S/VINCULO;4209,79;;4209,79;590,05;3619,74;
LEONARDO GARCIA MINEIRO;DIRETORIA;ASSESSOR I;ASSESSOR I; 30:00;19/10/2023;CARGO COMISSION.S/VINCULO;5229,77;;5229,77;909,32;4320,45;
LIDIANE DA SILVA DE SOUZA;DIRETORIA;ASSESSOR I;; 30:00;01/10/2023;CARGO COMISSION.S/VINCULO;5229,77;;5229,77;952,69;4277,08;
LUCIANA CRISTINNE NERY DE O PEDROSO;CONS.EST.REG.CONT.SERV.PUB.CON;MEMBRO DE CONSELHO SUPLENTE;; 30:00;11/01/2023;CONSELHO;1000,00;;1000,00;;1000,00;
LUCIANO KLEINER DA SILVA MIRANDA;DIRETORIA ADM.FINANCEIRA;DIRETOR ADMINISTRATIVO E FINANCEIRO;DIRETOR ADMINISTRATI; 30:00;01/04/2022;CARGO COMISSION.S/VINCULO;9000,00;;9000,00;2196,82;6803,18;
LUIZ FELIPE DANTAS GRIMM D FARIAS;ASSESSORIA;GERENTE;GERENTE; 30:00;01/03/2023;CARGO COMISSION.S/VINCULO;4209,79;;4209,79;590,05;3619,74;
MARIA ANTONIA RODRIGUES CASTELO;DEPARTAMENTO DE ADMINISTRACAO;A.TEC-I;; 30:00;01/02/1984;ESTATUTARIO;4489,58;;4489,58;785,72;3703,86;
MARIA DIVINA VARGAS DE LIMA;DEPARTAMENTO DE ADMINISTRACAO;CHEFE DE DEPARTAMENTO;ASSESSOR I AD 1; 30:00;01/04/2015;CARGO COMISSION.S/VINCULO;5229,77;;5229,77;952,69;4277,08;
MARIA DO SOCORRO BALBY DA P CORREA;DIRETORIA COMERC.E DE TARIFAS;CHEFE DE DEPARTAMENTO;NAO INFORMADO; 30:00;10/08/2021;CARGO COMISSION.S/VINCULO;5229,77;;5229,77;952,69;4277,08;
MARIA MISTE RIBEIRO SILVA;DEPARTAMENTO DE REC.HUMANOS;A.TEC-I;; 30:00;09/04/1975;ESTATUTARIO;5764,80;;5764,80;1097,51;4667,29;
MARIA RAIMUNDA SALES DE SOUZA;DEPARTAMENTO DE LOGISTICA;AUXILIAR DE SERVICOS GERAIS;; 40:00;01/09/2001;C.L.T.;1580,00;;1580,00;121,02;1458,98;
NICOLY CARVALHO DE AGUIAR;DIRETORIA TEC.CONC.REG.QUALID.;COORDENADOR;NAO INFORMADO; 30:00;01/04/2021;CARGO COMISSION.S/VINCULO;4209,79;;4209,79;590,05;3619,74;
NORMANDO LOPES DE OLIVEIRA;DIRETORIA;ASSESSOR II;ASSESSOR II; 30:00;01/03/2023;CARGO COMISSION.S/VINCULO;4209,79;;4209,79;590,05;3619,74;
PATRICK EVERTON VIEIRA LIMA;DIRETORIA;COORDENADOR;COORDENADOR; 30:00;01/10/2023;CARGO COMISSION.S/VINCULO;4209,79;;4209,79;590,05;3619,74;
PAULO FREDERICO SOLART COELHO;DIRETORIA TEC.CONC.REG.QUALID.;GERENTE;NAO INFORMADO; 30:00;01/02/2019;CARGO COMISSION.S/VINCULO;4209,79;;4209,79;590,05;3619,74;
PEDRO CASTRO DE ALBUQUERQUE FILHO;DIRETORIA;GERENTE;GERENTE; 30:00;01/03/2023;CARGO COMISSION.S/VINCULO;4209,79;;4209,79;579,58;3630,21;
RAFAEL REBELO AFFONSO;DEPARTAMENTO DE INFORMATICA;AUX.ADM-III;; 30:00;22/02/2001;ESTATUTARIO;4651,25;;4651,25;373,83;4277,42;
RAFAEL SANTOS OLIVEIRA;DEPARTAMENTO DE FINANCAS;ASSISTENTE TECNICO 1A CLASSE;; 30:00;29/03/1993;ESTATUTARIO;3938,04;;3938,04;688,94;3249,10;
RAFAEL SEIXAS DE ALMEIDA;ASSESSORIA;ASSESSOR I;NAO INFORMADO; 30:00;17/08/2021;CARGO COMISSION.S/VINCULO;5229,77;;5229,77;952,69;4277,08;
RAQUEL NASCIMENTO GAMA;GABINETE DO DIRETOR PRESIDENTE;CHEFE DE GABINETE;CHEFE DE GABINETE; 30:00;01/03/2022;CARGO COMISSION.S/VINCULO;5229,77;;5229,77;866,66;4363,11;
RENATA KELLY SALGADO DA C MEDEIROS;ASSESSORIA;ASSESSOR I;ASSESSOR I; 30:00;01/03/2023;CARGO COMISSION.S/VINCULO;5229,77;;5229,77;909,32;4320,45;
ROBERTO CARLOS MOTA DOS SANTOS;DIRETORIA;COORDENADOR;; 30:00;01/10/2023;CARGO COMISSION.S/VINCULO;4209,79;;4209,79;590,05;3619,74;
ROQUE MENDONCA DE BRITO JUNIOR;ASSESSORIA;ASSESSOR II;NAO INFORMADO; 30:00;01/03/2019;CARGO COMISSION.S/VINCULO;4209,79;;4209,79;590,05;3619,74;
ROSANGELA FERREIRA DO CARMO;DIRETORIA;ASSESSOR II;NAO INFORMADO; 30:00;10/09/2020;CARGO COMISSION.S/VINCULO;4209,79;;4209,79;590,05;3619,74;
ROSIMEIRE RODRIGUES DE CARVALHO;DIRETORIA ADM.FINANCEIRA;GERENTE;NAO INFORMADO; 30:00;01/02/2019;CARGO COMISSION.S/VINCULO;4209,79;;4209,79;579,58;3630,21;
SERGIO FIGUEIREDO PIMENTA;DEPTO.DE REGUL.DA QUALIDADE;ASSESSOR I;NAO INFORMADO; 30:00;01/08/2021;CARGO COMISSION.S/VINCULO;5229,77;;5229,77;952,69;4277,08;
SILVIA GOMES CARMIM;DEPARTAMENTO DE FINANCAS;CHEFE DE DEPARTAMENTO;; 30:00;09/05/2018;CARGO COMISSION.S/VINCULO;5229,77;;5229,77;866,66;4363,11;
THAIS DA COSTA BATISTA MENDES;GABINETE DO DIRETOR PRESIDENTE;SECRETARIO DE CONSELHO;NAO INFORMADO; 30:00;17/08/2021;CARGO COMISSION.S/VINCULO;5229,77;;5229,77;866,66;4363,11;
VALERIA ANDRADE BARROSO;DIRETORIA;ASSESSOR I;ASSESSOR I; 30:00;01/01/2023;CARGO COMISSION.S/VINCULO;6973,03;;6973,03;1609,03;5364,00;
VERA LUCIA DE SA CARREIRA;DEPARTAMENTO DE LOGISTICA;ASSISTENTE TECNICO ADMINISTRATIVO A;; 30:00;04/02/1987;ESTATUTARIO;5268,37;;5268,37;893,65;4374,72;
WALDECY DE SOUZA GONCALVES;DEPARTAMENTO DE ADMINISTRACAO;A.TEC-I;; 30:00;15/10/1983;ESTATUTARIO;5750,17;;5750,17;1092,48;4657,69;
