NOME;LOTACAO;CARGO;FUNCAO;CARGA HR SEM;DT DE ADMISSAO;VINCULO;REMUNERACAO LEGAL TOTAL(R$);DESC.TETO(R$); REMUNERACAO LEGAL DEVIDA(R$);DESCONTOS LEGAIS(R$);LIQUIDO DISPONIVEL(R$);
ADEILDO COSTA FARIAS;DIOPE-DIVISAO OPERACIONAL;AGENTE AQUAVIARIO IV;; 30:00;22/11/2010;ESTATUTARIO;2017,18;;2017,18;223,08;1794,10;
ADONIS BRASIL;ITACOATIARA;AGENTE PORTUARIO II;AG.PORTUARIO II; 30:00;22/11/2010;ESTATUTARIO;2368,32;;2368,32;248,67;2119,65;
ADRIANA MOREIRA DA SILVA GUSMAO;ASPRE-ASSESSOR.DA PRESIDENCIA;ASSESSOR I;NAO INFORMADO; 40:00;02/01/2019;CARGO COMISSION.S/VINCULO;5229,77;;5229,77;941,65;4288,12;
AFRANIO SANTOS DA SILVA;DIOPE-DIVISAO OPERACIONAL;AGENTE AQUAVIARIO III;; 30:00;22/11/2010;ESTATUTARIO;3293,51;;3293,51;311,82;2981,69;
ALDER JOSE SIMOES DE ALBUQUERQUE;ASPRE-ASSESSOR.DA PRESIDENCIA;AGENTE PORTUARIO III;; 40:00;22/01/2007;ESTATUTARIO;3390,17;;3390,17;165,78;3224,39;
ANTONIO CARLOS VASCONCELOS DA COSTA;DIOPE-DIVISAO OPERACIONAL;AGENTE AQUAVIARIO III;; 40:00;12/12/2005;ESTATUTARIO;4153,51;;4153,51;417,44;3736,07;
AUGUSTO FLAVIO SANTOS DE ANDRADE;PROCURADORIA JURIDICA;PROCURADOR CHEFE;NAO INFORMADO; 40:00;02/01/2019;CARGO COMISSION.S/VINCULO;5229,77;;5229,77;855,62;4374,15;
BASILEU FERREIRA DA SILVA;DIOPE-DIVISAO OPERACIONAL;AGENTE AQUAVIARIO IV;; 40:00;21/09/2005;ESTATUTARIO;1697,18;;1697,18;223,08;1474,10;
BREYTNER PEREIRA TELLES;DIOPE-DIVISAO OPERACIONAL;AGENTE PORTUARIO III;AGENTE PORT III; 40:00;27/07/2009;ESTATUTARIO;2480,17;;2480,17;165,78;2314,39;
CARLOS FABIO SOUZA DE JESUS;DIOPE-DIVISAO OPERACIONAL;AGENTE AQUAVIARIO IV;; 40:00;03/11/2005;ESTATUTARIO;2647,18;;2647,18;223,08;2424,10;
CARLOS FERNANDO SAMPAIO DE OLIVEIRA;ASCOF-ASS.DE CONTAB.E FINANCAS;AGENTE PORTUARIO II;AGENTE PORTUARIO II; 40:00;01/02/2006;ESTATUTARIO;4582,24;;4582,24;489,82;4092,42;
CARLOS JORGE SOZINHO FAUSTO;DIOPE-DIVISAO OPERACIONAL;AGENTE AQUAVIARIO IV;AGENTE AQUAVIARIO IV; 30:00;26/08/2009;ESTATUTARIO;2647,18;;2647,18;223,08;2424,10;
CELIO DA SILVA LIMA;DIOPE-DIVISAO OPERACIONAL;AGENTE AQUAVIARIO III;; 40:00;09/11/2005;ESTATUTARIO;2663,51;;2663,51;311,82;2351,69;
CLENILDO FREITAS DE FIGUEIREDO;DIOPE-DIVISAO OPERACIONAL;AGENTE AQUAVIARIO IV;; 40:00;12/01/2006;ESTATUTARIO;2017,18;;2017,18;223,08;1794,10;
CLESON PAES ARAUJO;DIOPE-DIVISAO OPERACIONAL;AGENTE PORTUARIO III;AG PORTUARIO III; 40:00;01/12/2005;ESTATUTARIO;3990,17;;3990,17;298,15;3692,02;
CLOVES DOS SANTOS JACOB;DIOPE-DIVISAO OPERACIONAL;AGENTE AQUAVIARIO IV;AG AQUAVIARIO IV; 40:00;12/01/2006;ESTATUTARIO;1697,18;;1697,18;223,08;1474,10;
DELSON WAUGHAN DE SOUSA;DIOPE-DIVISAO OPERACIONAL;AGENTE AQUAVIARIO III;AG AQUAVIRIO III; 40:00;03/11/2005;ESTATUTARIO;2828,51;;2828,51;311,82;2516,69;
DENILSON MACIEL RIBEIRO;COARI;AGENTE PORTUARIO III;AG.PORTUARIO III; 40:00;01/02/2006;ESTATUTARIO;1412,00;;1412,00;197,68;1214,32;
EDSON COELHO PERES;DIOPE-DIVISAO OPERACIONAL;AGENTE AQUAVIARIO IV;AG.AQUAVIARIO IV; 40:00;09/11/2005;ESTATUTARIO;3229,57;;3229,57;223,08;3006,49;
EDSON SILVA SOUZA;DIOPE-DIVISAO OPERACIONAL;AGENTE AQUAVIARIO IV;AG AQUAVIARIO IV; 40:00;21/09/2005;ESTATUTARIO;2017,18;;2017,18;223,08;1794,10;
ELI CARLOS BORGES DE OLIVEIRA;TABATINGA;AGENTE PORTUARIO III;AG.PORTUARIO III; 40:00;02/01/2006;ESTATUTARIO;1412,00;;1412,00;197,68;1214,32;
ELSON LIMA PACHECO;DIOPE-DIVISAO OPERACIONAL;AGENTE AQUAVIARIO IV;; 40:00;09/11/2005;ESTATUTARIO;2017,18;;2017,18;223,08;1794,10;
EMMANUEL ADONES DAS N NASCIMENTO;DIOPE-DIVISAO OPERACIONAL;AGENTE AQUAVIARIO IV;; 40:00;09/11/2005;ESTATUTARIO;3529,57;;3529,57;263,31;3266,26;
ERIANE DE OLIVEIRA NASCIMENTO;DIPAL-DIV.PATRIM.ALMOXARIFADO;AGENTE PORTUARIO II;AGENTE PORT II; 40:00;27/07/2009;ESTATUTARIO;4582,24;;4582,24;489,82;4092,42;
ERIVAN CRUZ DE ASSUNCAO;DIOPE-DIVISAO OPERACIONAL;AGENTE AQUAVIARIO IV;; 40:00;01/02/2006;ESTATUTARIO;2017,18;;2017,18;223,08;1794,10;
FABIOLA DA SILVA ROTHEN;ASADM-ASSESSORIA ADMINISTRACAO;AGENTE PORTUARIO II;AGENTE PORTUARIO II; 30:00;26/08/2009;ESTATUTARIO;6109,65;;6109,65;877,50;5232,15;
FERNANDO DE SOUZA ANDRADE;DIOPE-DIVISAO OPERACIONAL;MARINHEIRO FLUVIAL DE CONVES;; 40:00;01/06/1993;ESTATUTARIO;2083,86;;2083,86;247,50;1836,36;
FRANCISCO CARLOS MARTINS RIBEIRO;DEAFI-DEPTO.DE ADM.E FINANCAS;AGENTE PORTUARIO III;; 40:00;12/02/2007;ESTATUTARIO;3990,17;;3990,17;215,81;3774,36;
FRANCISCO OSCAR OLIVEIRA DA SILVA;DIOPE-DIVISAO OPERACIONAL;AGENTE AQUAVIARIO II;; 40:00;17/09/2005;ESTATUTARIO;5597,36;;5597,36;795,61;4801,75;
FRANSOAISE TORRES LIMA;ASADM-ASSESSORIA ADMINISTRACAO;AGENTE PORTUARIO III;AG.PORTUARIO III; 40:00;26/12/2005;ESTATUTARIO;3390,17;;3390,17;208,24;3181,93;
GERALDO DA COSTA SOUZA;PESSOAL PROCESSO APOSENTADORIA;AGENTE AQUAVIARIO III;AG AQUAVIARIO III; 40:00;13/08/2007;ESTATUTARIO;2343,51;;2343,51;311,82;2031,69;
GILBERTO MENDES DE LIMA;DIOPE-DIVISAO OPERACIONAL;AGENTE AQUAVIARIO IV;AG AQUAVIARIO IV; 40:00;09/11/2005;ESTATUTARIO;2647,18;;2647,18;223,08;2424,10;
GILSON DA COSTA AMARAL;DIOPE-DIVISAO OPERACIONAL;AGENTE AQUAVIARIO IV;AG AQUAVIARIO IV; 40:00;09/11/2005;ESTATUTARIO;2647,18;;2647,18;223,08;2424,10;
GLEICY LIRA FERREIRA;DEAFI-DEPTO.DE ADM.E FINANCAS;AGENTE PORTUARIO II;AGENTE PORTUARIO II; 40:00;26/12/2005;ESTATUTARIO;2726,24;;2726,24;248,67;2477,57;
HELCIO OLIVEIRA DE LIMA;DIOPE-DIVISAO OPERACIONAL;AGENTE PORTUARIO II;AG PORTUARIO II; 40:00;12/12/2005;ESTATUTARIO;4378,99;;4378,99;444,09;3934,90;
HENRIQUE DA SILVA CABRAL;PARINTINS;AGENTE PORTUARIO III;AG.PORTUARIO III; 40:00;07/02/2007;ESTATUTARIO;1412,00;;1412,00;197,68;1214,32;
HENRY CHALLU PINHEIRO MOTA;DIOPE-DIVISAO OPERACIONAL;AGENTE PORTUARIO III;AG.PORTUARIO III; 40:00;26/12/2005;ESTATUTARIO;3390,17;;3390,17;208,24;3181,93;
HINDEMBURGO OLIVEIRA E SILVA FILHO;DIOPE-DIVISAO OPERACIONAL;MOTORISTA FLUVIAL;; 40:00;22/03/1987;ESTATUTARIO;4593,67;;4593,67;502,69;4090,98;
IDERLAN VALE RODRIGUES;DEAFI-DEPTO.DE ADM.E FINANCAS;CHEFE DE DEPARTAMENTO;NAO INFORMADO; 40:00;02/01/2019;CARGO COMISSION.S/VINCULO;5229,77;;5229,77;855,62;4374,15;
JACKSON CARLOS BARROSO BELCHIOR;DEAFI-DEPTO.DE ADM.E FINANCAS;AGENTE PORTUARIO I;AGENTE PORTUARIO I; 40:00;26/12/2005;ESTATUTARIO;7283,27;;7283,27;1333,15;5950,12;
JANDER DE OLIVEIRA REIS;PARINTINS;AGENTE PORTUARIO II;AG.PORTUARIO II; 40:00;02/05/2006;ESTATUTARIO;1776,24;;1776,24;248,67;1527,57;
JOAO CARLOS FERNANDES;DIOPE-DIVISAO OPERACIONAL;AGENTE AQUAVIARIO IV;; 40:00;01/12/2005;ESTATUTARIO;2422,18;;2422,18;223,08;2199,10;
JORGE DE ALMEIDA BARROSO;PRESI - PRESIDENCIA;DIRETOR PRESIDENTE;NAO INFORMADO; 40:00;02/01/2019;CARGO COMISSION.S/VINCULO;11700,00;;11700,00;2876,14;8823,86;
JOSE ADILSON FALCAO SARAIVA;DIOPE-DIVISAO OPERACIONAL;AGENTE AQUAVIARIO IV;AGENTE AQUAVIARIO IV; 40:00;27/07/2009;ESTATUTARIO;2647,18;;2647,18;223,08;2424,10;
JOSE ALVES CAVALCANTE FILHO;DIPAL-DIV.PATRIM.ALMOXARIFADO;AGENTE PORTUARIO III;; 40:00;12/02/2007;ESTATUTARIO;3990,17;;3990,17;298,15;3692,02;
JOSE BENEDITO MAIA PRIMO;DIOPE-DIVISAO OPERACIONAL;AGENTE AQUAVIARIO IV;AG AQUAVIAIRO IV; 40:00;09/11/2005;ESTATUTARIO;3205,18;;3205,18;238,98;2966,20;
JOSE CARLOS BRAGA BASTOS JUNIOR;ASCOF-ASS.DE CONTAB.E FINANCAS;ASSESSOR I;NAO INFORMADO; 40:00;02/01/2019;CARGO COMISSION.S/VINCULO;5229,77;;5229,77;941,65;4288,12;
JOSE DE CASTRO MOURA;DIOPE-DIVISAO OPERACIONAL;AGENTE AQUAVIARIO II;AG AQUAVIARIO II; 40:00;12/12/2005;ESTATUTARIO;3111,36;;3111,36;374,52;2736,84;
JOSEFINA GOMES DANTAS JOHNSON;ASADM-ASSESSORIA ADMINISTRACAO;ASSISTENTE TEC.ADMINISTRATIVO II;ASSIT.TEC. ADMIN. II; 30:00;06/02/2023;C.L.T.;1412,00;;1412,00;105,90;1306,10;
JUSCELINO DA COSTA SILVA;DIOPE-DIVISAO OPERACIONAL;AGENTE PORTUARIO II;AGENTE PORTUARIO II; 40:00;02/01/2006;ESTATUTARIO;4582,24;;4582,24;475,64;4106,60;
MADSON LUIZ GOMES MARINHO;DIOPE-DIVISAO OPERACIONAL;AGENTE AQUAVIARIO IV;AG AQUAVIARIO IV; 40:00;13/08/2007;ESTATUTARIO;2182,18;;2182,18;223,08;1959,10;
MARCIA HITOTUZI HIRAMATSU;DEAFI-DEPTO.DE ADM.E FINANCAS;AGENTE PORTUARIO I;AGENTE PORTUARIO I; 40:00;27/07/2009;ESTATUTARIO;6062,45;;6062,45;1071,75;4990,70;
MARCIO NEY VIEIRA BRANDAO;COARI;AGENTE PORTUARIO II;AG.PORTUARIO II; 40:00;12/01/2006;ESTATUTARIO;1776,24;;1776,24;248,67;1527,57;
NIVALDO COSTA DE OLIVEIRA;DIOPE-DIVISAO OPERACIONAL;AGENTE AQUAVIARIO III;AG AQUAVIARIO III; 40:00;01/12/2005;ESTATUTARIO;3293,51;;3293,51;330,87;2962,64;
ORNEY BENTES BARROS;DIOPE-DIVISAO OPERACIONAL;AGENTE AQUAVIARIO IV;AG AQUAVIARIO IV; 40:00;23/09/2005;ESTATUTARIO;2182,18;;2182,18;223,08;1959,10;
PATRICK FRANCOIS RIBEIRO MOREIRA;DIOPE-DIVISAO OPERACIONAL;AGENTE AQUAVIARIO III;AG AQUAVIARIO III; 40:00;23/09/2005;ESTATUTARIO;4549,51;;4549,51;497,13;4052,38;
PAULO MOISES SANTOS DA SILVA;DIOPE-DIVISAO OPERACIONAL;AGENTE AQUAVIARIO III;AG AQUAVIARIO III; 40:00;01/12/2005;ESTATUTARIO;3551,35;;3551,35;350,21;3201,14;
PEDRO SANTOS DA SILVA;DIOPE-DIVISAO OPERACIONAL;COMANDANTE FLUVIAL;; 40:00;01/06/1993;ESTATUTARIO;4008,71;;4008,71;430,75;3577,96;
RAIMUNDO ALDECY DE SOUZA;DIOPE-DIVISAO OPERACIONAL;MARINHEIRO FLUVIAL DE CONVES;; 40:00;14/04/1989;ESTATUTARIO;3079,86;;3079,86;249,28;2830,58;
RAIMUNDO CORREIA DA SILVA;DIOPE-DIVISAO OPERACIONAL;MARINHEIRO FLUVIAL DE CONVES;; 40:00;06/04/1993;ESTATUTARIO;2998,21;;2998,21;247,50;2750,71;
RAIMUNDO JOSE LUCENA BARROS;DIOPE-DIVISAO OPERACIONAL;AGENTE AQUAVIARIO II;AG AQUAVIARIO II; 40:00;09/11/2005;ESTATUTARIO;3721,81;;3721,81;430,16;3291,65;
RAIMUNDO NAZARENO DE LIMA;DIOPE-DIVISAO OPERACIONAL;AGENTE AQUAVIARIO III;AG AQUAVIARIO III; 40:00;01/02/2006;ESTATUTARIO;2343,51;;2343,51;311,82;2031,69;
RAIMUNDO NONATO DE LIMA;DIOPE-DIVISAO OPERACIONAL;AGENTE PORTUARIO III;AGENTE PORTUARIO III; 40:00;27/07/2009;ESTATUTARIO;3990,17;;3990,17;298,15;3692,02;
RAIMUNDO TEIXEIRA FILHO;PARINTINS;AGENTE PORTUARIO III;AG.PORTUARIO III; 40:00;01/09/2006;ESTATUTARIO;1412,00;;1412,00;197,68;1214,32;
RAPHAEL DOS SANTOS MARINHO;DIRETORIA ADMNINST-FINANCEIRO;DIRETOR ADMINISTRATIVO E FINANCEIRO;NAO INFORMADO; 40:00;02/01/2019;CARGO COMISSION.S/VINCULO;9000,00;;9000,00;2185,78;6814,22;
ROBERCI BENTES DE ARAUJO;DIOPE-DIVISAO OPERACIONAL;AGENTE AQUAVIARIO IV;AG AQUAVIARIO IV; 40:00;13/08/2007;ESTATUTARIO;2017,18;;2017,18;223,08;1794,10;
ROBERTO NONATO DA SILVA;DIOPE-DIVISAO OPERACIONAL;AGENTE AQUAVIARIO III;AG AQUAVIARIO III; 40:00;04/04/2007;ESTATUTARIO;2663,51;;2663,51;311,82;2351,69;
SEBASTIAO CESAR SOUSA DE SA;DIOPE-DIVISAO OPERACIONAL;AGENTE AQUAVIARIO II;; 40:00;01/12/2005;ESTATUTARIO;3741,36;;3741,36;433,09;3308,27;
SELEZIO SERGIO SARAYVA MATOS;DIOPE-DIVISAO OPERACIONAL;AGENTE AQUAVIARIO III;; 40:00;01/02/2006;ESTATUTARIO;2663,51;;2663,51;311,82;2351,69;
TACIANO SAMPAIO FILHO;DIOPE-DIVISAO OPERACIONAL;AGENTE AQUAVIARIO IV;; 40:00;01/02/2006;ESTATUTARIO;2017,18;;2017,18;223,08;1794,10;
THIAGO COLARES DA SILVA FILHO;DIOPE-DIVISAO OPERACIONAL;AGENTE AQUAVIARIO IV;; 40:00;17/09/2005;ESTATUTARIO;1697,18;;1697,18;223,08;1474,10;
THIAGO FARIAS SOUZA;ASADM-ASSESSORIA ADMINISTRACAO;AGENTE PORTUARIO III;; 40:00;15/08/2007;ESTATUTARIO;3990,17;;3990,17;298,15;3692,02;
VALDEMIR OLIVEIRA DE MENDONCA;ASPRE-ASSESSOR.DA PRESIDENCIA;ASSESSOR I;NAO INFORMADO; 40:00;02/01/2019;CARGO COMISSION.S/VINCULO;5229,77;;5229,77;941,65;4288,12;
VALDENOR GUIMARAES DA SILVA;DIOPE-DIVISAO OPERACIONAL;AGENTE AQUAVIARIO IV;; 40:00;26/12/2005;ESTATUTARIO;2647,18;;2647,18;223,08;2424,10;
WALDIR MARTINS DE OLIVEIRA;DIOPE-DIVISAO OPERACIONAL;MARINHEIRO FLUVIAL DE CONVES;; 40:00;10/08/1978;ESTATUTARIO;4056,96;;4056,96;337,47;3719,49;
WALFRIDO DE OLIVEIRA SILVA NETO;DIOPE-DIVISAO OPERACIONAL;AGENTE PORTUARIO I;AGENTE PORTUARIO I; 40:00;24/03/2006;ESTATUTARIO;6062,45;;6062,45;1071,75;4990,70;
WASHINGTON LUIZ DO NASCIMENTO;DIOPE-DIVISAO OPERACIONAL;AGENTE AQUAVIARIO IV;; 40:00;01/12/2005;ESTATUTARIO;1697,18;;1697,18;223,08;1474,10;
WELISSON MORIZ CORREA;ASADM-ASSESSORIA ADMINISTRACAO;AGENTE PORTUARIO II;AG.PORTUARIO II; 40:00;26/12/2005;ESTATUTARIO;6109,65;;6109,65;877,50;5232,15;
WILLIAM PEIXOTO DE AQUINO;DIOPE-DIVISAO OPERACIONAL;AGENTE PORTUARIO II;AG.PORTUARIO II; 40:00;18/01/2006;ESTATUTARIO;3982,24;;3982,24;379,85;3602,39;
