NOME;LOTACAO;CARGO;FUNCAO;CARGA HR SEM;DT DE ADMISSAO;VINCULO;REMUNERACAO LEGAL TOTAL(R$);DESC.TETO(R$); REMUNERACAO LEGAL DEVIDA(R$);DESCONTOS LEGAIS(R$);LIQUIDO DISPONIVEL(R$);
ABIANCY ROCHA REGO DE OLIVEIRA;CASA CIVIL;A.TEC-I;FG-1 ASSESSORIA; 30:00;01/05/1975;ESTATUTARIO;9605,22;;9605,22;2386,95;7218,27;
ADALBERTO FONSECA DE SOUZA;CASA CIVIL;PROFESSOR PF20.ESP-III;ASSESSOR I; 30:00;02/01/2019;ESTATUTARIO;8359,98;;8359,98;1718,07;6641,91;
ADAUCEA VIANA DOS SANTOS;CASA CIVIL;A.TEC-I;FUNCAO GRATIFICADA F; 30:00;22/02/1983;ESTATUTARIO;6353,10;;6353,10;1242,65;5110,45;
ADEMILDE DA SILVA FERNANDES;CASA CIVIL;AUX.S.G-I;FG-3 DE ASSESSORIA; 30:00;01/01/1976;ESTATUTARIO;6805,15;;6805,15;776,02;6029,13;
ADRIANA CRISTINA AFONSO ROCHA;CASA CIVIL;ASSESSOR TECNICO;ASSESSOR TECNICO; 40:00;01/01/2024;CARGO COMISSION.S/VINCULO;7000,00;;7000,00;1608,14;5391,86;
ADRIANA DOS REIS TAVARES;CASA CIVIL;ASSESSOR III;; 40:00;02/04/2018;CARGO COMISSION.S/VINCULO;3191,80;;3191,80;309,42;2882,38;
ADRIANA PERES DE JESUS SANTOS;CASA CIVIL;ASSESSOR II;NAO INFORMADO; 40:00;02/01/2019;CARGO COMISSION.S/VINCULO;4209,79;;4209,79;568,54;3641,25;
ADRIANA RODRIGUES DA CONCEICAO;FUNDO DE PROMOCAO SOCIAL-FPS;ASSESSOR IV;NAO INFORMADO; 40:00;13/10/2020;CARGO COMISSION.S/VINCULO;2575,61;;2575,61;210,62;2364,99;
ADRIANA VIEIRA FERREIRA;CASA CIVIL;CONSULTOR TECNICO II;NAO INFORMADO; 40:00;10/02/2021;CARGO COMISSION.S/VINCULO;6500,00;;6500,00;1419,89;5080,11;
ADRIANO SANTOS DE PAULA;CASA CIVIL;ASSESSOR II;ASSESSOR II; 40:00;01/01/2023;CARGO COMISSION.S/VINCULO;4209,79;;4209,79;573,49;3636,30;
ADRIEL SOUZA DE SA;FUNDO DE PROMOCAO SOCIAL-FPS;ASSESSOR I;ASSESSOR I; 40:00;16/01/2023;CARGO COMISSION.S/VINCULO;5229,77;;5229,77;941,65;4288,12;
AETE DO SOCORRO MARTINS DE MATOS;CASA CIVIL;AGENTE ADMINISTRATIVO 3A CLASSE;FUNCAO GRATIFICADA F; 40:00;23/06/2004;ESTATUTARIO;5006,57;;5006,57;525,66;4480,91;
AGDA JENNIFE NORONHA FIGUEIRA;FUNDO DE PROMOCAO SOCIAL-FPS;ASSESSOR III;ASSESSOR III; 40:00;06/02/2023;CARGO COMISSION.S/VINCULO;3191,80;;3191,80;309,42;2882,38;
AGOSTINHO PEREIRA CORREA;CASA CIVIL;ASSESSOR TECNICO;ASSESSOR TECNICO; 40:00;01/11/2023;CARGO COMISSION.S/VINCULO;7000,00;;7000,00;1608,14;5391,86;
AIRTON LUIS DA SILVA VEIGA FILHO;FUNDO DE PROMOCAO SOCIAL-FPS;ASSESSOR I;ASSESSOR I; 40:00;16/01/2023;CARGO COMISSION.S/VINCULO;5229,77;;5229,77;941,65;4288,12;
ALBERTO JORGE FERNANDES RIBEIRO;CASA CIVIL;ASSISTENTE TECNICO GOVERNAMENTAL;; 30:00;23/03/1990;ESTATUTARIO;3577,54;;3577,54;259,50;3318,04;
ALCIDES MULLER;CASA CIVIL;ASSISTENTE TECNICO GOVERNAMENTAL;; 30:00;23/03/1990;ESTATUTARIO;3766,57;;3766,57;287,86;3478,71;
ALCYNEY FERNANDES RODRIGUES;CASA CIVIL;REDATOR GOVERNAMENTAL;FUNCAO GRATIFICADA F; 30:00;22/07/1980;ESTATUTARIO;6196,47;;6196,47;843,46;5353,01;
ALDILANDIA COSTA FERREIRA;FUNDO DE PROMOCAO SOCIAL-FPS;ASSESSOR TECNICO;ASSESSOR TECNICO; 40:00;19/01/2022;CARGO COMISSION.S/VINCULO;7000,00;;7000,00;1556,00;5444,00;
ALDRIN DE OLIVEIRA BARBOSA;CASA CIVIL;CONSULTOR TECNICO I;NAO INFORMADO; 40:00;02/01/2019;CARGO COMISSION.S/VINCULO;10000,00;;10000,00;2460,78;7539,22;
ALDRIN PATRIK BRUCE GOMES;FUNDO DE PROMOCAO SOCIAL-FPS;ASSESSOR I;NAO INFORMADO; 40:00;01/03/2021;CARGO COMISSION.S/VINCULO;5229,77;;5229,77;941,65;4288,12;
ALESSANDRA COSTA MARQUES BENTES;FUNDO DE PROMOCAO SOCIAL-FPS;SECRETARIO EXECUTIVO;NAO INFORMADO; 40:00;02/01/2019;CARGO COMISSION.S/VINCULO;11700,00;;11700,00;2980,42;8719,58;
ALESSANDRA GUEDES MOURA CAVALCANTI;CASA CIVIL;CONSULTOR TECNICO LEGISLATIVO I;NAO INFORMADO; 40:00;02/01/2019;CARGO COMISSION.S/VINCULO;7500,00;;7500,00;1262,97;6237,03;
ALESSANDRA MACIEL PEREIRA;CASA CIVIL;ASSESSOR I;; 40:00;03/08/2020;CARGO COMISSION.S/VINCULO;19611,63;;19611,63;;19611,63;
ALESSANDRO VASCONCELOS BANDEIRA;UNID.DE GESTAO INTEGRADA - UGI;ASSESSOR I;NAO INFORMADO; 40:00;01/12/2020;CARGO COMISSION.S/VINCULO;5229,77;;5229,77;941,65;4288,12;
ALEXANDRE FERREIRA LIMA;FUNDO DE PROMOCAO SOCIAL-FPS;ASSESSOR IV;NAO INFORMADO; 40:00;20/02/2020;CARGO COMISSION.S/VINCULO;2575,61;;2575,61;210,62;2364,99;
ALEXANDRE GUIMARÃES DE PAIVA;CASA CIVIL;CONSULTOR TECNICO II;NAO INFORMADO; 40:00;23/07/2020;CARGO COMISSION.S/VINCULO;6500,00;;6500,00;1419,89;5080,11;
ALINE CHIXARO PIMENTA;CASA CIVIL;CONSULTOR TECNICO III;CONSULTOR TECNICO II; 40:00;22/08/2023;CARGO COMISSION.S/VINCULO;5500,00;;5500,00;1043,39;4456,61;
ALINE DOS SANTOS DINELLI;CASA CIVIL;CONSULTOR TECNICO II;CONSULTOR TECNICO II; 40:00;22/08/2023;CARGO COMISSION.S/VINCULO;6500,00;;6500,00;1419,89;5080,11;
ALVARO CESAR DE CARVALHO NETO;CASA CIVIL;CONSULTOR TECNICO LEGISLATIVO IV;; 30:00;01/03/2021;CARGO COMISSION.S/VINCULO;6973,03;;6973,03;1597,99;5375,04;
ALYNE RODRIGUES MENEZES;CASA CIVIL;ASSESSOR I;ASSESSOR I; 40:00;10/11/2022;CARGO COMISSION.S/VINCULO;6973,03;;6973,03;1597,99;5375,04;
ANA BEATRIZ LOBO MOUTINHO BREVAL;CASA CIVIL;ESCRIVAO DE POL.2A.CL. PC-ESC-II;SECRETARIO EXECUTIVO; 30:00;02/01/2019;ESTATUTARIO;9900,00;;9900,00;1671,18;8228,82;
ANA CECILIA CARVALHO PEREIRA;CASA CIVIL;ASSESSOR II;ASSESSOR II; 40:00;01/01/2023;CARGO COMISSION.S/VINCULO;4209,79;;4209,79;568,54;3641,25;
ANA CECILIA CERDEIRA ABRAHIM;CASA CIVIL;ASSESSOR I;NAO INFORMADO; 40:00;01/10/2021;CARGO COMISSION.S/VINCULO;5229,77;;5229,77;941,65;4288,12;
ANA CRISTINA RODRIGUES DE SOUZA;CASA CIVIL;ASSISTENTE TECNICO GOVERNAMENTAL;FG-1 ASSESSORIA; 30:00;04/01/1993;ESTATUTARIO;5986,28;;5986,28;785,16;5201,12;
ANA GISELLA MENDES GUEDES CORREA;CASA CIVIL;ASSESSOR I;ASSESSOR I; 40:00;01/02/2024;CARGO COMISSION.S/VINCULO;5229,77;;5229,77;941,65;4288,12;
ANA HELENA DA SILVA E SILVA;CASA CIVIL;ASSESSOR IV;NAO INFORMADO; 40:00;01/01/2020;CARGO COMISSION.S/VINCULO;2575,61;;2575,61;210,62;2364,99;
ANA JESSICA GUIMARAES DE M MATTOS;CASA CIVIL;MEMBRO;; 20:00;01/03/2023;GRUPO DE TRABALHO;4000,00;;4000,00;133,84;3866,16;
ANA KARINE MAIA DE OLIVEIRA ROMAO;CASA CIVIL;ASSESSOR I;; 40:00;19/04/2017;CARGO COMISSION.S/VINCULO;5229,77;;5229,77;941,65;4288,12;
ANA LUCIA CARVALHO DA SILVA;CASA CIVIL;ASSESSOR I;NAO INFORMADO; 40:00;02/01/2019;CARGO COMISSION.S/VINCULO;5229,77;;5229,77;941,65;4288,12;
ANA LUISA DA ROCHA GENTIL LITAIFF;CASA CIVIL;CONSULTOR TECNICO III;CONSULTOR TECNICO II; 40:00;01/08/2023;CARGO COMISSION.S/VINCULO;5500,00;;5500,00;945,74;4554,26;
ANA MARIA DA SILVA ABINADER;CASA CIVIL;ASSESSOR I;NAO INFORMADO; 40:00;02/01/2019;CARGO COMISSION.S/VINCULO;5229,77;;5229,77;941,65;4288,12;
ANA MARIA GATO BENTES;CASA CIVIL;A.TEC-II;FUNCAO GRATIFICADA F; 30:00;15/07/1996;ESTATUTARIO;6025,00;;6025,00;1107,20;4917,80;
ANA MARIA HOLANDA FARIAS SALES;CASA CIVIL;CONSULTOR TECNICO I;NAO INFORMADO; 40:00;02/01/2019;CARGO COMISSION.S/VINCULO;7500,00;;7500,00;1796,39;5703,61;
ANA MARIA PINA PAIVA;CASA CIVIL;ASSESSOR III;ASSESSOR III; 40:00;01/04/2023;CARGO COMISSION.S/VINCULO;3191,80;;3191,80;309,42;2882,38;
ANA MICHELE DA SILVA NOGUEIRA;CASA CIVIL;ASSESSOR I;ASSESSOR I; 40:00;01/03/2023;CARGO COMISSION.S/VINCULO;5229,77;;5229,77;855,62;4374,15;
ANA RITA GARCIA DA SILVA;CASA CIVIL;CONSULTOR TECNICO III;NAO INFORMADO; 40:00;02/01/2019;CARGO COMISSION.S/VINCULO;5500,00;;5500,00;1043,39;4456,61;
ANABELA CARDOSO FREITAS;CASA CIVIL;INVEST.DE POL. 3A.CL. PC-INV-III;ASSESSOR TECNICO; 40:00;01/11/2023;ESTATUTARIO;6000,00;;6000,00;598,68;5401,32;
ANDERSON LUZ GONCALVES;CASA CIVIL;ASSESSOR III;; 40:00;29/05/2020;CARGO COMISSION.S/VINCULO;3191,80;;3191,80;309,42;2882,38;
ANDREZA RODRIGUES DA SILVA;FUNDO DE PROMOCAO SOCIAL-FPS;ASSESSOR I;; 40:00;01/04/2015;CARGO COMISSION.S/VINCULO;5229,77;;5229,77;941,65;4288,12;
ANGELA MARIA SOUZA DE BARROS;CASA CIVIL;ASSISTENTE TECNICO GOVERNAMENTAL;FG-3 DE ASSESSORIA; 30:00;01/08/1987;ESTATUTARIO;5495,02;;5495,02;651,28;4843,74;
ANNA JULIA PINTO CORREIA DA SILVA;FUNDO DE PROMOCAO SOCIAL-FPS;ASSESSOR III;ASSESSOR III; 40:00;23/01/2023;CARGO COMISSION.S/VINCULO;3191,80;;3191,80;309,42;2882,38;
ANNE CAROLYNNE ABECASSIS FIGLIUOLO;CASA CIVIL;ASSESSOR II;ASSESSOR II; 40:00;04/07/2023;CARGO COMISSION.S/VINCULO;4209,79;;4209,79;568,54;3641,25;
ANNE VITORIA SANTIAGO M NASCIMENTO;CASA CIVIL;ASSESSOR II;ASSESSOR II; 40:00;20/01/2024;CARGO COMISSION.S/VINCULO;5753,37;;5753,37;1138,78;4614,59;
ANNY CAROLINY RAFAEL PINTO;CASA CIVIL;ASSESSOR IV;ASSESSOR IV; 40:00;05/02/2024;CARGO COMISSION.S/VINCULO;2232,18;;2232,18;179,71;2052,47;
ANTONIA NIZALIA DA SILVA;CASA CIVIL;CONSULTOR TECNICO III;CONSULTOR TECNICO II; 40:00;01/01/2023;CARGO COMISSION.S/VINCULO;5500,00;;5500,00;1043,39;4456,61;
ANTONIA PAULA VIEIRA CAVALCANTE;FUNDO DE PROMOCAO SOCIAL-FPS;ASSESSOR TECNICO;ASSESSOR TECNICO; 40:00;01/09/2023;CARGO COMISSION.S/VINCULO;7000,00;;7000,00;1556,00;5444,00;
ANTONIO CARLOS CONCEICAO DE OLIVEIR;CASA CIVIL;A.TEC-I;FG-1 CHEFE DE GAB; 30:00;01/12/1977;ESTATUTARIO;7569,52;;7569,52;1645,88;5923,64;
ANTONIO CARLOS FARIAS DO NASCIMENTO;CASA CIVIL;PROFESSOR PF20.LIC-V;ASSESSOR I; 30:00;02/01/2019;ESTATUTARIO;7541,18;;7541,18;853,31;6687,87;
ANTONIO DAVI AGUILA DE SOUZA;CASA CIVIL;CONSULTOR TECNICO II;NAO INFORMADO; 40:00;17/08/2021;CARGO COMISSION.S/VINCULO;6500,00;;6500,00;1419,89;5080,11;
ANTONIO ERIVELTO AQUINO DE OLIVEIRA;CASA CIVIL;ASSESSOR I;; 40:00;28/01/2014;CARGO COMISSION.S/VINCULO;5229,77;;5229,77;941,65;4288,12;
ANTONIO FERREIRA FALCAO;CASA CIVIL;MOT-I;; 30:00;01/02/1976;ESTATUTARIO;5641,98;;5641,98;905,55;4736,43;
ANTONIO FRANCISCO SILVA CASTRO;CASA CIVIL;MOT-I;; 30:00;01/07/1983;ESTATUTARIO;2841,39;;2841,39;392,71;2448,68;
ANTONIO SANTINO DE SOUZA;CASA CIVIL;A.TEC-I;; 30:00;12/05/1976;ESTATUTARIO;6990,69;;6990,69;1648,86;5341,83;
ANYKELLY COSTA DA SILVA;CASA CIVIL;ASSESSOR II;NAO INFORMADO; 40:00;01/11/2020;CARGO COMISSION.S/VINCULO;4209,79;;4209,79;568,54;3641,25;
ARABI AMED E SILVA;CASA CIVIL;ASSISTENTE SOCIAL;FG-2 ASSESSORIA; 30:00;15/06/2004;ESTATUTARIO;7152,89;;7152,89;1604,21;5548,68;
ARLEDNEY CAVALCANTI MENDES;CASA CIVIL;ASSISTENTE TECNICO GOVERNAMENTAL;FG-2 ASSESSORIA; 40:00;01/08/1987;ESTATUTARIO;5686,49;;5686,49;703,93;4982,56;
ARTHUR ROMANO SALGADO BENJAMIN;CASA CIVIL;ASSESSOR IV;ASSESSOR IV; 40:00;16/01/2024;CARGO COMISSION.S/VINCULO;3863,41;;3863,41;475,77;3387,64;
ATHOS ILKER CORDEIRO VULCAO;CASA CIVIL;ASSESSOR II;ASSESSOR II; 40:00;01/02/2022;CARGO COMISSION.S/VINCULO;4209,79;;4209,79;540,10;3669,69;
AUDRIA REGINA DE ALBUQUERQUE MOTA;CASA CIVIL;ESCRIVAO DE POL.4A.CL. PC-ESC-IV;ASSESSOR I; 40:00;03/04/2019;ESTATUTARIO;6666,67;;6666,67;782,01;5884,66;
AUGUSTO CESAR TEIXEIRA NASCIMENTO;CASA CIVIL;ASSISTENTE TECNICO GOVERNAMENTAL;FUNCAO GRATIFICADA F; 30:00;01/08/1987;ESTATUTARIO;5026,49;;5026,49;532,58;4493,91;
AUZEMIR FERNANDES DE ARA JO;FUNDO DE PROMOCAO SOCIAL-FPS;ASSESSOR III;NAO INFORMADO; 40:00;01/10/2019;CARGO COMISSION.S/VINCULO;3191,80;;3191,80;309,42;2882,38;
AYDA MIRTES LUZEIRO LOPES CRUZ;CASA CIVIL;A.TEC-I;FG-1; 30:00;15/08/1982;ESTATUTARIO;8896,07;;8896,07;1984,03;6912,04;
AYLA KAROL DA SILVA ROSARIO FREIRE;FUNDO DE PROMOCAO SOCIAL-FPS;ASSESSOR TECNICO;NAO INFORMADO; 40:00;02/01/2019;CARGO COMISSION.S/VINCULO;7000,00;;7000,00;1608,14;5391,86;
AYRTON SENNA PONCE RAPOSO;CASA CIVIL;ASSESSOR I;NAO INFORMADO; 40:00;02/01/2019;CARGO COMISSION.S/VINCULO;5229,77;;5229,77;941,65;4288,12;
BARBARA CHAVES VILLELA;CASA CIVIL;ASSESSOR I;ASSESSOR I; 40:00;12/04/2023;CARGO COMISSION.S/VINCULO;5229,77;;5229,77;941,65;4288,12;
BELMIRA DOS SANTOS DE OLIVEIRA;CASA CIVIL;A.TEC-I;FG-1 CHEFE DE SETOR; 30:00;01/12/1981;ESTATUTARIO;11072,16;;11072,16;2691,17;8380,99;
BERLEI DE SA ARRUDA;CASA CIVIL;ASSESSOR I;; 40:00;02/01/2018;CARGO COMISSION.S/VINCULO;5229,77;;5229,77;941,65;4288,12;
BERNADETH FERREIRA GODINHO;CASA CIVIL;A.TEC-I;FG-1 ASSESSORIA; 30:00;01/02/1986;ESTATUTARIO;7317,97;;7317,97;1554,31;5763,66;
BERNARDO SOARES MONTEIRO DE PAULA;CASA CIVIL;COORDENADOR;; 40:00;01/01/2024;GRUPO DE TRABALHO;5000,00;;5000,00;335,15;4664,85;
BOLIVAR LUIZ ZANCHETTIN FILHO;CASA CIVIL;MEMBRO DE CONSELHO;; 20:00;01/03/2023;GRUPO DE TRABALHO;2004,00;;2004,00;;2004,00;
BRENDA QUEIROZ LINS;FUNDO DE PROMOCAO SOCIAL-FPS;ASSESSOR II;NAO INFORMADO; 40:00;02/01/2019;CARGO COMISSION.S/VINCULO;4209,79;;4209,79;573,49;3636,30;
BRENO DE SOUZA BRANDAO;FUNDO DE PROMOCAO SOCIAL-FPS;CINEGRAFISTA;ASSESSOR II; 36:00;01/11/2022;ESTATUTARIO;6775,91;;6775,91;1200,69;5575,22;
BRUHNA FIGUEIREDO LIBERATO;CASA CIVIL;CONSULTOR TECNICO I;CONSULTOR TECNICO I; 40:00;11/08/2022;CARGO COMISSION.S/VINCULO;7500,00;;7500,00;1796,39;5703,61;
BRUNA LUANA MONTEIRO FAYWEH;CASA CIVIL;ASSESSOR II;ASSESSOR II; 40:00;01/09/2023;CARGO COMISSION.S/VINCULO;4209,79;;4209,79;573,49;3636,30;
CAIO LUIZ GOMES CUNHA;CASA CIVIL;ASSESSOR I;NAO INFORMADO; 40:00;02/01/2019;CARGO COMISSION.S/VINCULO;5229,77;;5229,77;941,65;4288,12;
CAMILA SUZAN SENA SANTANA;CASA CIVIL;CONSULTOR TECNICO LEGISLATIVO III;CONSULTOR TECNICO LE; 40:00;31/05/2022;CARGO COMISSION.S/VINCULO;5500,00;;5500,00;1043,39;4456,61;
CAMILLA ARAUJO DA SILVA;CASA CIVIL;MEMBRO DE CONSELHO;; 20:00;01/03/2023;GRUPO DE TRABALHO;5000,00;;5000,00;335,15;4664,85;
CANDIDA FERNANDES DE SOUZA;CASA CIVIL;TNS-III;; 30:00;09/11/1957;ESTATUTARIO;7854,41;;7854,41;1108,64;6745,77;
CANDIDO ALVIM PEREIRA SOARES JUNIOR;CASA CIVIL;ASSESSOR I;NAO INFORMADO; 40:00;02/01/2019;CARGO COMISSION.S/VINCULO;5229,77;;5229,77;941,65;4288,12;
CARLOS ALBERTO DE OLIVEIRA NAZARE;CASA CIVIL;ASSISTENTE TECNICO GOVERNAMENTAL;; 30:00;20/06/1989;ESTATUTARIO;3586,28;;3586,28;262,03;3324,25;
CARLOS ALBERTO GONCALVES DE MELO;CASA CIVIL;A.TEC-I;FG-2 GESTOR DE CONT.; 30:00;01/06/1975;ESTATUTARIO;6363,07;;6363,07;1246,62;5116,45;
CARLOS ANDRE LIUZZI GOMES;CASA CIVIL;CONSULTOR TECNICO II;NAO INFORMADO; 40:00;02/01/2019;CARGO COMISSION.S/VINCULO;6500,00;;6500,00;1083,31;5416,69;
CARLOS AUGUSTO NASCIMENTO NORMANDO;CASA CIVIL;ASSESSOR III;NAO INFORMADO; 40:00;01/04/2021;CARGO COMISSION.S/VINCULO;3191,80;;3191,80;309,42;2882,38;
CARLOS EDUARDO DE CASTRO C ANJOS;CASA CIVIL;ASSESSOR I;NAO INFORMADO; 40:00;01/10/2020;CARGO COMISSION.S/VINCULO;5229,77;;5229,77;941,65;4288,12;
CAROLINA SILVA DOS REIS;FUNDO DE PROMOCAO SOCIAL-FPS;ASSESSOR III;NAO INFORMADO; 40:00;01/06/2020;CARGO COMISSION.S/VINCULO;3191,80;;3191,80;309,42;2882,38;
CAROLINE SKROBOT GROSSO LINDENBERG;CASA CIVIL;SECRETARIO EXECUTIVO ADJUNTO;NAO INFORMADO; 40:00;16/06/2020;CARGO COMISSION.S/VINCULO;9000,00;;9000,00;2237,92;6762,08;
CASSIO ROBERTO DO ESPIRITO SANTO;CASA CIVIL;MEMBRO DE CONSELHO;; 20:00;01/03/2023;GRUPO DE TRABALHO;5000,00;;5000,00;335,15;4664,85;
CELIO VICTOR DOS SANTOS SOARES;FUNDO DE PROMOCAO SOCIAL-FPS;ASSESSOR IV;NAO INFORMADO; 40:00;02/01/2019;CARGO COMISSION.S/VINCULO;2575,61;;2575,61;210,62;2364,99;
CESAR MATHEUS CARVALHO DUARTE;FUNDO DE PROMOCAO SOCIAL-FPS;ASSESSOR III;; 40:00;08/03/2023;CARGO COMISSION.S/VINCULO;4167,06;;4167,06;;4167,06;
CHRISTIAN PEREIRA DA SILVA;CASA CIVIL;ASSESSOR II;ASSESSOR II; 40:00;01/12/2023;CARGO COMISSION.S/VINCULO;4209,79;;4209,79;573,49;3636,30;
CLAUDIA DA COSTA ALVES;CASA CIVIL;ASSESSOR III;ASSESSOR III; 40:00;04/02/2024;CARGO COMISSION.S/VINCULO;2872,61;;2872,61;243,53;2629,08;
CLAUDIO ANTUNES CORREIA;SEGOV;MEMBRO;; 20:00;01/06/2023;COMISSAO;4000,00;;4000,00;133,84;3866,16;
CLAUDIO DA SILVA PEREIRA;UNID.DE GESTAO INTEGRADA - UGI;ASSESSOR III;NAO INFORMADO; 40:00;16/05/2020;CARGO COMISSION.S/VINCULO;3191,80;;3191,80;309,42;2882,38;
CLEBER BERNARDES FERREIRA FILHO;CASA CIVIL;CONSULTOR TECNICO I;CONSULTOR TECNICO I; 40:00;06/02/2023;CARGO COMISSION.S/VINCULO;7500,00;;7500,00;1796,39;5703,61;
CLELIA BRASILIA MORAIS FONTES;CASA CIVIL;ASSESSOR I;NAO INFORMADO; 40:00;03/01/2022;DISP. OUTROS ESFERAS;5000,00;;5000,00;335,15;4664,85;
CLEONICE LIMA DOS REIS;CASA CIVIL;ASSISTENTE TECNICO GOVERNAMENTAL;FG-3; 30:00;01/07/1989;ESTATUTARIO;5026,49;;5026,49;532,58;4493,91;
COSMO VASCONCELOS DE CARVALHO;CASA CIVIL;A.TEC-I;; 30:00;14/03/1973;ESTATUTARIO;4473,04;;4473,04;765,90;3707,14;
CRISTIANE FREITAS FIGUEIREDO;CASA CIVIL;ASSESSOR III;ASSESSOR III; 40:00;01/01/2023;CARGO COMISSION.S/VINCULO;3191,80;;3191,80;309,42;2882,38;
CRISTIANO XIMENES LEITAO;FUNDO DE PROMOCAO SOCIAL-FPS;ASSESSOR III;NAO INFORMADO; 40:00;17/02/2020;CARGO COMISSION.S/VINCULO;3191,80;;3191,80;309,42;2882,38;
CRISTINA LUCIANA MOREIRA R PARENTE;CASA CIVIL;CONSULTOR TECNICO I;CONSULTOR TECNICO I; 40:00;01/06/2023;CARGO COMISSION.S/VINCULO;7500,00;;7500,00;1796,39;5703,61;
DAIANE SILVA VASCONCELOS;CASA CIVIL;ASSESSOR I;NAO INFORMADO; 40:00;02/01/2019;CARGO COMISSION.S/VINCULO;5229,77;;5229,77;941,65;4288,12;
DALTON DAS NEVES PICANCO;CASA CIVIL;TECNICO GOVERNAMENTAL;TEC IV SUP 3 CLASSE; 30:00;15/07/1989;ESTATUTARIO;7015,51;;7015,51;1567,32;5448,19;
DANIEL COSTA DE MELO;CASA CIVIL;ASSESSOR I;; 40:00;14/03/2017;CARGO COMISSION.S/VINCULO;5229,77;;5229,77;941,65;4288,12;
DANIEL GOMES PINHO;CASA CIVIL;ASSESSOR II;NAO INFORMADO; 40:00;03/06/2019;CARGO COMISSION.S/VINCULO;4209,79;;4209,79;573,49;3636,30;
DANIEL MOREIRA DA COSTA;CASA CIVIL;CONSULTOR TECNICO III;CONSULTOR TECNICO II; 40:00;06/02/2023;CARGO COMISSION.S/VINCULO;5500,00;;5500,00;945,74;4554,26;
DANIELA BARRONCAS HOLANDA DIAS;CASA CIVIL;ASSESSOR TECNICO;; 20:00;14/05/2018;CARGO COMISSION.S/VINCULO;9333,33;;9333,33;2277,44;7055,89;
DANIELA FROTA FIGUEIREDO;SEGOV;MEMBRO;; 20:00;01/05/2023;GRUPO DE TRABALHO;3000,00;;3000,00;13,20;2986,80;
DANIELLE FERNANDES AMORIM;CASA CIVIL;ASSESSOR TECNICO;NAO INFORMADO; 40:00;16/06/2020;CARGO COMISSION.S/VINCULO;7000,00;;7000,00;1608,14;5391,86;
DANIELLE NATALIA FREIRE DE OLIVEIRA;CASA CIVIL;CONSULTOR TECNICO LEGISLATIVO II;CONSULTOR TECNICO LE; 40:00;11/08/2022;CARGO COMISSION.S/VINCULO;6500,00;;6500,00;1211,34;5288,66;
DANILO COSTA LIMA;CASA CIVIL;ASSESSOR II;ASSESSOR II; 40:00;01/01/2023;CARGO COMISSION.S/VINCULO;4209,79;;4209,79;573,49;3636,30;
DANILO GONCALVES DE SOUZA JUNIOR;FUNDO DE PROMOCAO SOCIAL-FPS;ASSISTENTE TECNICO;DIRETOR ADMINISTRATI; 30:00;02/05/2023;ESTATUTARIO;7200,00;;7200,00;928,68;6271,32;
DAVI MAFRA DOS ANJOS;CASA CIVIL;CONSULTOR TECNICO I;CONSULTOR TECNICO I; 40:00;01/02/2022;CARGO COMISSION.S/VINCULO;7500,00;;7500,00;1796,39;5703,61;
DAVI MARQUES LITAIFF;CASA CIVIL;ASSESSOR I;; 40:00;03/01/2018;CARGO COMISSION.S/VINCULO;6973,03;;6973,03;1597,99;5375,04;
DAVID BRUNO TEIXEIRA CINTRAO;CASA CIVIL;ASSESSOR III;; 40:00;01/01/2023;CARGO COMISSION.S/VINCULO;3191,80;;3191,80;302,20;2889,60;
DAVID MOURAO CORREA;CASA CIVIL;MOT-I;; 30:00;14/07/1980;ESTATUTARIO;4181,23;;4181,23;551,11;3630,12;
DAVID PINTO DE BARROS;CASA CIVIL;ASSESSOR III;NAO INFORMADO; 40:00;01/02/2019;CARGO COMISSION.S/VINCULO;4255,73;;4255,73;580,90;3674,83;
DAYANE BENTES DOS REIS;FUNDO DE PROMOCAO SOCIAL-FPS;ASSESSOR III;NAO INFORMADO; 40:00;10/09/2019;CARGO COMISSION.S/VINCULO;3191,80;;3191,80;309,42;2882,38;
DEBORA REGINA RIBEIRO DOS SANTOS;CASA CIVIL;ASSESSOR TECNICO;ASSESSOR TECNICO; 40:00;01/01/2023;CARGO COMISSION.S/VINCULO;7000,00;;7000,00;1608,14;5391,86;
DERMILSON DE SOUZA ARAUJO;CASA CIVIL;A.TEC-II;FG-1; 30:00;15/07/1996;ESTATUTARIO;6025,00;;6025,00;974,67;5050,33;
DEVALCI AMORIM FERREIRA;CASA CIVIL;CONSULTOR TECNICO II;CONSULTOR TECNICO II; 40:00;01/01/2023;CARGO COMISSION.S/VINCULO;6500,00;;6500,00;1315,61;5184,39;
DIEGO RABELO DE OLIVEIRA;FUNDO DE PROMOCAO SOCIAL-FPS;ASSESSOR III;NAO INFORMADO; 40:00;14/07/2020;CARGO COMISSION.S/VINCULO;3191,80;;3191,80;309,42;2882,38;
DIENIFFER FERREIRA DA COSTA;CASA CIVIL;ASSESSOR I;NAO INFORMADO; 40:00;01/06/2021;CARGO COMISSION.S/VINCULO;5229,77;;5229,77;941,65;4288,12;
DILENE MARIA DA COSTA GONCALVES;CASA CIVIL;ASSESSOR I;ASSESSOR I AD 1; 40:00;15/01/2011;CARGO COMISSION.S/VINCULO;5229,77;;5229,77;941,65;4288,12;
DJALMA MARTINS DA COSTA JUNIOR;CASA CIVIL;SECRETARIO EXECUTIVO ADJUNTO;NAO INFORMADO; 40:00;02/01/2019;CARGO COMISSION.S/VINCULO;9000,00;;9000,00;2237,92;6762,08;
DOUGLAS MARTINS BENAION;CASA CIVIL;A.TEC-I;FG-2 ASSESSORIA; 30:00;01/08/1979;ESTATUTARIO;6850,27;;6850,27;1160,20;5690,07;
EDBERG MEDEIROS SOARES;CASA CIVIL;CONSULTOR TECNICO II;CONSULTOR TECNICO II; 40:00;01/12/2019;CARGO COMISSION.S/VINCULO;8000,00;;8000,00;1962,92;6037,08;
EDIANE SALES VENANCIO;FUNDO DE PROMOCAO SOCIAL-FPS;SECRETARIO EXECUTIVO ADJUNTO;NAO INFORMADO; 40:00;02/01/2019;CARGO COMISSION.S/VINCULO;9000,00;;9000,00;2185,78;6814,22;
EDIMIRK DE VASCONCELOS COSTA;CASA CIVIL;ASSESSOR I;NAO INFORMADO; 40:00;02/01/2019;CARGO COMISSION.S/VINCULO;5229,77;;5229,77;898,28;4331,49;
EDISSANDRA OLIVEIRA GUIMARAES;CASA CIVIL;AGENTE PREVIDENCIARIO;CONS. TECNICO III; 40:00;02/01/2019;ESTATUTARIO;5000,00;;5000,00;996,85;4003,15;
EDNA MACHADO MELLO;CASA CIVIL;A.TEC-I;; 30:00;22/09/1975;ESTATUTARIO;7329,30;;7329,30;1772,12;5557,18;
EDNELZA COSTA DE LIMA;FUNDO DE PROMOCAO SOCIAL-FPS;ASSESSOR IV;NAO INFORMADO; 40:00;02/01/2019;CARGO COMISSION.S/VINCULO;2575,61;;2575,61;210,62;2364,99;
EDNILSON DA SILVA ALBUQUERQUE;CASA CIVIL;ASSESSOR I;ASSESSOR I; 40:00;02/05/2022;CARGO COMISSION.S/VINCULO;5229,77;;5229,77;898,28;4331,49;
EDSON BRANDAO DO NASCIMENTO;CASA CIVIL;REDATOR GOVERNAMENTAL;FG-1 CHEFE DE SETOR; 30:00;01/12/1994;ESTATUTARIO;6206,43;;6206,43;849,37;5357,06;
EDUARDO ENRIQUE A CARVALHO;CASA CIVIL;ASSESSOR II;ASSESSOR II; 40:00;01/01/2024;CARGO COMISSION.S/VINCULO;4209,79;;4209,79;573,49;3636,30;
ELEN CRISTINA DA SILVA C COSTA;FUNDO DE PROMOCAO SOCIAL-FPS;ASSESSOR II;ASSESSOR II; 40:00;18/07/2022;CARGO COMISSION.S/VINCULO;5613,05;;5613,05;1085,95;4527,10;
ELIAS RODRIGUES VERAS;CASA CIVIL;ASSESSOR I;ASSESSOR I; 40:00;01/01/2022;CARGO COMISSION.S/VINCULO;5229,77;;5229,77;941,65;4288,12;
ELINELSON FERREIRA COLARES;CASA CIVIL;CONSULTOR TECNICO III;NAO INFORMADO; 40:00;01/09/2021;CARGO COMISSION.S/VINCULO;5500,00;;5500,00;1043,39;4456,61;
ELISANDRA CESAR DE QUEIROZ PROENCA;FUNDO DE PROMOCAO SOCIAL-FPS;ASSESSOR I;ASSESSOR I; 40:00;02/05/2023;CARGO COMISSION.S/VINCULO;5229,77;;5229,77;941,65;4288,12;
ELISANGELA GARCIA ARAUJO;CASA CIVIL;ASSESSOR TECNICO;NAO INFORMADO; 40:00;01/01/2020;CARGO COMISSION.S/VINCULO;10000,00;;10000,00;2433,14;7566,86;
ELIZA CATARINA DE MELO BERNARDO;CASA CIVIL;ASSISTENTE TECNICO GOVERNAMENTAL;FG-3 ASSESSORIA; 30:00;01/08/1987;ESTATUTARIO;4835,02;;4835,02;489,50;4345,52;
ELIZABETH AMORIM CARPINTEIRO PERES;FUNDO DE PROMOCAO SOCIAL-FPS;ASSESSOR II;NAO INFORMADO; 40:00;02/01/2019;CARGO COMISSION.S/VINCULO;4209,79;;4209,79;573,49;3636,30;
ELIZABETH SOARES RAPOSO;CASA CIVIL;A.TEC-I;ASSESSOR I; 30:00;01/02/1986;ESTATUTARIO;5991,37;;5991,37;1154,14;4837,23;
ELIZAMARA MOREIRA DOS S AZEVEDO;CASA CIVIL;ASSESSOR III;; 40:00;01/04/2015;CARGO COMISSION.S/VINCULO;3191,80;;3191,80;309,42;2882,38;
ELKE DA SILVA GONDIM;CASA CIVIL;ASSESSOR II;ASSESSOR II; 40:00;01/01/2023;CARGO COMISSION.S/VINCULO;4209,79;;4209,79;573,49;3636,30;
ELSO SIMOES DE OLIVEIRA;CASA CIVIL;ASSESSOR I;NAO INFORMADO; 40:00;02/01/2019;CARGO COMISSION.S/VINCULO;5229,77;;5229,77;941,65;4288,12;
ELY FELETE BARBOSA DE SOUZA;CASA CIVIL;ASSESSOR I;NAO INFORMADO; 40:00;02/01/2019;CARGO COMISSION.S/VINCULO;5229,77;;5229,77;898,28;4331,49;
EMERSON DE SOUZA CRUZ;CASA CIVIL;ASSESSOR III;ASSESSOR III; 40:00;10/04/2023;CARGO COMISSION.S/VINCULO;3191,80;;3191,80;309,42;2882,38;
EMERSON LIMA DO CARMO;CASA CIVIL;CONSULTOR TECNICO III;NAO INFORMADO; 40:00;02/01/2019;CARGO COMISSION.S/VINCULO;5500,00;;5500,00;1043,39;4456,61;
EMILY CAMILA SILVA OLIVEIRA;CASA CIVIL;ASSESSOR I;ASSESSOR I; 40:00;05/10/2022;CARGO COMISSION.S/VINCULO;5229,77;;5229,77;941,65;4288,12;
ERICKA HENRIQUE DA SILVA;FUNDO DE PROMOCAO SOCIAL-FPS;ASSESSOR TECNICO;ASSESSOR TECNICO; 40:00;16/01/2023;CARGO COMISSION.S/VINCULO;7000,00;;7000,00;1608,14;5391,86;
ERILANE RODRIGUES DA SILVA;FUNDO DE PROMOCAO SOCIAL-FPS;ASSESSOR TECNICO;NAO INFORMADO; 40:00;10/05/2019;CARGO COMISSION.S/VINCULO;7000,00;;7000,00;1503,86;5496,14;
ERLEN CRUZ DO AMARAL;CASA CIVIL;ASSESSOR I;NAO INFORMADO; 40:00;02/01/2019;CARGO COMISSION.S/VINCULO;5229,77;;5229,77;941,65;4288,12;
ESTANISLAU GASPAR FERNANDES;CASA CIVIL;A.TEC-I;FG-1 ASSESSORIA; 30:00;17/04/1974;ESTATUTARIO;9421,85;;9421,85;2123,64;7298,21;
ESTEVAM PEDROSA;CASA CIVIL;ASSESSOR I;ASSESSOR I; 40:00;01/01/2023;CARGO COMISSION.S/VINCULO;5229,77;;5229,77;941,65;4288,12;
ESTHER OLIVA VELOSO RENGIFO;FUNDO DE PROMOCAO SOCIAL-FPS;ASSESSOR I;; 40:00;06/04/2020;CARGO COMISSION.S/VINCULO;5229,77;;5229,77;941,65;4288,12;
ETA PEREIRA CASTELO BRANCO;CASA CIVIL;PROCURADOR JUR.1A.CLASSE-NS.131.20;PROCURADOR JURIDICO; 40:00;27/05/2009;ESTATUTARIO;35527,96;;35527,96;11689,27;23838,69;
ETELVINA DE CASSIA PERES VICTORIA;CASA CIVIL;A.TEC-I;FG-2 DE ASSESSORIA; 30:00;28/05/1986;ESTATUTARIO;5797,48;;5797,48;1088,64;4708,84;
EVANILDO PINTO ALMEIDA;CASA CIVIL;MOT-I;; 30:00;27/06/1978;ESTATUTARIO;4240,07;;4240,07;563,79;3676,28;
EWERTON RIBEIRO TEIXEIRA;CASA CIVIL;ASSESSOR III;NAO INFORMADO; 40:00;02/01/2019;CARGO COMISSION.S/VINCULO;3191,80;;3191,80;309,42;2882,38;
FABIANA ANDRADE BARBOSA;FUNDO DE PROMOCAO SOCIAL-FPS;ASSESSOR I;NAO INFORMADO; 40:00;01/07/2021;CARGO COMISSION.S/VINCULO;5229,77;;5229,77;941,65;4288,12;
FABIANO DOMINGOS FIORI;CASA CIVIL;TNS-I;TEC NIVEL SUPERIOR; 30:00;01/10/1983;ESTATUTARIO;6975,12;;6975,12;1643,19;5331,93;
FABIOLA PINHEIRO VIEIRA BARRETO;CASA CIVIL;ASSESSOR III;ASSESSOR III; 40:00;22/08/2023;CARGO COMISSION.S/VINCULO;3191,80;;3191,80;302,20;2889,60;
FABIOLA RODRIGUES FIGUEIRA;CASA CIVIL;ASSESSOR TECNICO;NAO INFORMADO; 40:00;23/12/2019;CARGO COMISSION.S/VINCULO;7000,00;;7000,00;1608,14;5391,86;
FABIOLA XAVIER DESTERRO E SILVA;CASA CIVIL;PROFESSOR PF40.LPL-IV;CHEF.ADJ.CONS.T-LEGI; 40:00;27/12/2011;ESTATUTARIO;13331,75;;13331,75;3301,26;10030,49;
FELIPE CRUZ FERNANDES;CASA CIVIL;ASSESSOR I;NAO INFORMADO; 40:00;01/07/2020;CARGO COMISSION.S/VINCULO;5229,77;;5229,77;941,65;4288,12;
FERNANDA BENTES DA SILVA;FUNDO DE PROMOCAO SOCIAL-FPS;ASSESSOR II;ASSESSOR II; 40:00;16/01/2023;CARGO COMISSION.S/VINCULO;4209,79;;4209,79;573,49;3636,30;
FERNANDA PRESTES BRANDAO REIS;CASA CIVIL;ASSESSOR I;ASSESSOR I; 40:00;03/01/2024;CARGO COMISSION.S/VINCULO;5229,77;;5229,77;941,65;4288,12;
FERNANDA SANTOS SILVA;CASA CIVIL;CONSULTOR TECNICO III;NAO INFORMADO; 40:00;02/01/2019;CARGO COMISSION.S/VINCULO;5500,00;;5500,00;991,25;4508,75;
FLAVIA SOUZA DOS SANTOS;CASA CIVIL;ASSESSOR I;ASSESSOR I; 40:00;01/04/2022;CARGO COMISSION.S/VINCULO;5229,77;;5229,77;898,28;4331,49;
FLAVIO CORDEIRO ANTONY FILHO;CASA CIVIL;SECRETARIO DE ESTADO;NAO INFORMADO; 40:00;15/06/2020;CARGO COMISSION.S/VINCULO;28060,00;;28060,00;7479,42;20580,58;
FRANCISCA HELENA DE SOUZA DA SILVA;CASA CIVIL;ASSESSOR TECNICO;; 40:00;16/07/2018;CARGO COMISSION.S/VINCULO;7000,00;;7000,00;1556,00;5444,00;
FRANCISCA RAIMUNDA PEREIRA DA SILVA;CASA CIVIL;ASSESSOR TECNICO;ASSESSOR TECNICO; 40:00;01/01/2023;CARGO COMISSION.S/VINCULO;9333,33;;9333,33;2329,58;7003,75;
FRANCISCO ALEXANDRE CORREA DE MELO;FUNDO DE PROMOCAO SOCIAL-FPS;ASSESSOR TECNICO;NAO INFORMADO; 40:00;01/02/2019;CARGO COMISSION.S/VINCULO;7000,00;;7000,00;1608,14;5391,86;
FRANCISCO ALEXANDRE DOS ANJOS COSTA;CASA CIVIL;OPERADOR DE AUDIO DE TV;FG-1; 36:00;31/01/2012;ESTATUTARIO;4845,36;;4845,36;642,71;4202,65;
FRANCISCO BEZERRA DE ABREU JUNIOR;FUNDO DE PROMOCAO SOCIAL-FPS;ASSESSOR I;ASSESSOR I; 40:00;01/11/2022;CARGO COMISSION.S/VINCULO;5229,77;;5229,77;898,28;4331,49;
FRANCISCO DAS CHAGAS DA SILVA;CASA CIVIL;ASSESSOR I;ASSESSOR I; 40:00;01/04/2023;CARGO COMISSION.S/VINCULO;5229,77;;5229,77;941,65;4288,12;
FRANCISCO DE PAULA GRANA V JUNIOR;CASA CIVIL;ASSESSOR II;ASSESSOR II; 40:00;01/01/2023;CARGO COMISSION.S/VINCULO;4209,79;;4209,79;568,54;3641,25;
FRANCISCO EDNEY ESTEVES DA COSTA;CASA CIVIL;ASSESSOR IV;NAO INFORMADO; 40:00;09/12/2019;CARGO COMISSION.S/VINCULO;2575,61;;2575,61;210,62;2364,99;
FRANCISCO FERREIRA ALVES NETO;FUNDO DE PROMOCAO SOCIAL-FPS;ASSESSOR II;NAO INFORMADO; 40:00;02/01/2019;CARGO COMISSION.S/VINCULO;4209,79;;4209,79;486,62;3723,17;
FRANCISCO LIMA DA SILVA;FUNDO DE PROMOCAO SOCIAL-FPS;ASSESSOR II;NAO INFORMADO; 40:00;07/02/2020;CARGO COMISSION.S/VINCULO;4209,79;;4209,79;573,49;3636,30;
FRANCISCO PEREIRA DE SOUZA;FUNDO DE PROMOCAO SOCIAL-FPS;ASSESSOR I;ASSESSOR I; 40:00;01/09/2023;CARGO COMISSION.S/VINCULO;5229,77;;5229,77;941,65;4288,12;
FRANCISCO PEREIRA GOMES;CASA CIVIL;MOT-I;; 30:00;04/02/1981;ESTATUTARIO;2841,39;;2841,39;392,71;2448,68;
FRANCISCO RICARDO PEREIRA FERNANDES;CASA CIVIL;CHEFE ADJUNTO DA CTL;; 40:00;08/11/2016;CARGO COMISSION.S/VINCULO;8100,00;;8100,00;1990,42;6109,58;
FRANCISCO SOARES DE MOURA;CASA CIVIL;MOT-I;FG-2; 30:00;14/02/1977;ESTATUTARIO;6140,07;;6140,07;1031,14;5108,93;
FRANCISLENY LIMA DE ALMEIDA;CASA CIVIL;ASSESSOR III;ASSESSOR III; 40:00;28/08/2023;CARGO COMISSION.S/VINCULO;3191,80;;3191,80;309,42;2882,38;
GABRIEL DE OLIVEIRA RIBEIRO;UNID.DE GESTAO INTEGRADA - UGI;ASSESSOR I;NAO INFORMADO; 40:00;03/08/2020;CARGO COMISSION.S/VINCULO;5229,77;;5229,77;941,65;4288,12;
GABRIEL RAIKER ABRAHIM;CASA CIVIL;ASSESSOR II;NAO INFORMADO; 40:00;01/09/2018;CARGO COMISSION.S/VINCULO;4209,79;;4209,79;573,49;3636,30;
GABRIELA BRAGA MATOS DE PAULO;CASA CIVIL;ASSESSOR II;NAO INFORMADO; 40:00;02/01/2019;CARGO COMISSION.S/VINCULO;4209,79;;4209,79;573,49;3636,30;
GABRIELA STEFFANY TORRES DE ASSIS;FUNDO DE PROMOCAO SOCIAL-FPS;ASSESSOR I;ASSESSOR I; 40:00;10/11/2022;CARGO COMISSION.S/VINCULO;5229,77;;5229,77;941,65;4288,12;
GABRIELLA LOPES PINTO;CASA CIVIL;ASSESSOR II;ASSESSOR II; 40:00;01/05/2023;CARGO COMISSION.S/VINCULO;4209,79;;4209,79;573,49;3636,30;
GASPAR ALBERTO DE PAULA SILVA;FUNDO DE PROMOCAO SOCIAL-FPS;ASSESSOR II;; 40:00;07/04/2020;CARGO COMISSION.S/VINCULO;4209,79;;4209,79;573,49;3636,30;
GEORDANA SIMONSEN LIMA DE ARAUJO;CASA CIVIL;ASSESSOR III;; 40:00;01/01/2023;CARGO COMISSION.S/VINCULO;4131,59;;4131,59;23,93;4107,66;
GEORGIA MARIA MENDES JORGE DA SILVA;CASA CIVIL;ASSESSOR II;NAO INFORMADO; 40:00;21/09/2020;CARGO COMISSION.S/VINCULO;4209,79;;4209,79;573,49;3636,30;
GERALDO ALBANO DE SOUZA;CASA CIVIL;TNS-III;TEC.NIVEL SUPERIOR; 30:00;11/07/1985;ESTATUTARIO;7383,63;;7383,63;1831,80;5551,83;
GERSON PESSOA DOS SANTOS;CASA CIVIL;ASSESSOR I;ASSESSOR I; 40:00;01/07/2022;CARGO COMISSION.S/VINCULO;5229,77;;5229,77;941,65;4288,12;
GERSON RODRIGUES IBERNOM;CASA CIVIL;ASSESSOR II;NAO INFORMADO; 40:00;03/08/2020;CARGO COMISSION.S/VINCULO;4209,79;;4209,79;573,49;3636,30;
GIANLUCA DANIEL FERNANDES ALMEIDA;CASA CIVIL;ASSESSOR TECNICO;ASSESSOR TECNICO; 40:00;01/05/2023;CARGO COMISSION.S/VINCULO;7000,00;;7000,00;1608,14;5391,86;
GILBERTO DOS SANTOS CARNEIRO;CASA CIVIL;MOT-I;; 30:00;12/09/1982;ESTATUTARIO;4218,96;;4218,96;498,73;3720,23;
GILDENI DE CASTRO UCHOA;CASA CIVIL;ASSESSOR II;NAO INFORMADO; 40:00;02/01/2019;CARGO COMISSION.S/VINCULO;5613,05;;5613,05;1085,95;4527,10;
GILDO DA COSTA;CASA CIVIL;ASSESSOR I;NAO INFORMADO; 40:00;02/01/2019;CARGO COMISSION.S/VINCULO;5229,77;;5229,77;941,65;4288,12;
GIOVANNA CAMPBELL DA FONSECA ALVES;CASA CIVIL;ASSESSOR II;NAO INFORMADO; 40:00;27/07/2020;CARGO COMISSION.S/VINCULO;4209,79;;4209,79;573,49;3636,30;
GISELE DA SILVA ANSELMO;CASA CIVIL;ASSESSOR I;NAO INFORMADO; 40:00;01/10/2021;CARGO COMISSION.S/VINCULO;5229,77;;5229,77;898,28;4331,49;
GIULIA REGINA MARTINS VIEIRA;CASA CIVIL;ASSESSOR TECNICO;ASSESSOR TECNICO; 40:00;01/11/2022;CARGO COMISSION.S/VINCULO;7000,00;;7000,00;1608,14;5391,86;
GLAUCIA OLIVEIRA NUNES;FUNDO DE PROMOCAO SOCIAL-FPS;SECRETARIO EXECUTIVO ADJUNTO;SECRETARIO EXECUTIVO; 40:00;16/01/2023;CARGO COMISSION.S/VINCULO;9000,00;;9000,00;2237,92;6762,08;
GLAUCIA ROCHA FRANCO;CASA CIVIL;ASSESSOR III;ASSESSOR III; 40:00;01/12/2023;CARGO COMISSION.S/VINCULO;3191,80;;3191,80;309,42;2882,38;
GLAURACY BENEVIDES CORREA;CASA CIVIL;ASSESSOR II;ASSESSOR II AD-2; 40:00;01/01/2011;CARGO COMISSION.S/VINCULO;4209,79;;4209,79;573,49;3636,30;
GLEICIANE MARTINS MOREIRA;FUNDO DE PROMOCAO SOCIAL-FPS;ASSESSOR I;; 40:00;01/03/2018;CARGO COMISSION.S/VINCULO;5229,77;;5229,77;941,65;4288,12;
GLENDA MARGARETH DE ARAUJO JORGE DU;CASA CIVIL;ASSESSOR I;NAO INFORMADO; 40:00;01/10/2019;CARGO COMISSION.S/VINCULO;5229,77;;5229,77;941,65;4288,12;
GLORIA CRISTINA BRAGA DE LIMA;CASA CIVIL;ASSESSOR I;NAO INFORMADO; 40:00;01/12/2019;CARGO COMISSION.S/VINCULO;5229,77;;5229,77;941,65;4288,12;
GLORIA HONORAIDA DE LIMA;CASA CIVIL;TECNICO DE ENFERMAGEM A;ASSESSOR I; 30:00;01/02/2021;ESTATUTARIO;8036,23;;8036,23;1532,53;6503,70;
HAMIDA ISSA YACUB;CASA CIVIL;CONSULTOR TECNICO III;CONSULTOR TEC. III; 40:00;01/06/2015;CARGO COMISSION.S/VINCULO;5500,00;;5500,00;1043,39;4456,61;
HERON DE SOUZA MOREIRA;CASA CIVIL;ASSESSOR II;NAO INFORMADO; 40:00;01/08/2019;CARGO COMISSION.S/VINCULO;4209,79;;4209,79;573,49;3636,30;
HESTON SILVA DE QUEIROZ;CASA CIVIL;A.TEC-II;FG-1; 30:00;15/07/1996;ESTATUTARIO;6033,19;;6033,19;1078,31;4954,88;
IDANETE MEDEIROS PINTO;CASA CIVIL;CONSULTOR TEC.LEGISLATIVO;CONSULTOR TEC.LEGISL; 40:00;01/11/2022;CARGO COMISSION.S/VINCULO;5229,77;;5229,77;898,28;4331,49;
ILNAH MARIA LIMA MONTEIRO DE CASTRO;CASA CIVIL;CONSULTOR TECNICO LEGISLATIVO II;NAO INFORMADO; 40:00;02/01/2019;CARGO COMISSION.S/VINCULO;6500,00;;6500,00;1367,75;5132,25;
ILTON SOARES OLIVEIRA;CASA CIVIL;MEMBRO;; 40:00;01/09/2023;GRUPO DE TRABALHO;4000,00;;4000,00;133,84;3866,16;
INGRID QUEIROZ CASSIO;CASA CIVIL;ASSESSOR I;; 40:00;01/11/2017;CARGO COMISSION.S/VINCULO;5229,77;;5229,77;941,65;4288,12;
INTYANA TAYNNA LOPES FREITAS;CASA CIVIL;ASSESSOR II;ASSESSOR II; 40:00;13/06/2022;CARGO COMISSION.S/VINCULO;4209,79;;4209,79;568,54;3641,25;
IRIS TANARA LITAIFF DE SAO P AGUIAR;FUNDO DE PROMOCAO SOCIAL-FPS;CHEFE DE GABINETE;CHEFE DE GABINETE; 40:00;02/05/2023;CARGO COMISSION.S/VINCULO;5229,78;;5229,78;898,28;4331,50;
ISABEL LINHARES REIS;CASA CIVIL;CONSULTOR TECNICO III;CONSULTOR TECNICO II; 40:00;01/08/2023;CARGO COMISSION.S/VINCULO;5500,00;;5500,00;1043,39;4456,61;
ISABELLA LIMA SIQUEIRA;CASA CIVIL;ASSESSOR I;NAO INFORMADO; 40:00;09/11/2021;CARGO COMISSION.S/VINCULO;6973,03;;6973,03;1597,99;5375,04;
ISADORA ALFAIA DE MELO LIMA;CASA CIVIL;VICE-PRESIDENTE;; 40:00;01/01/2024;GRUPO DE TRABALHO;7000,00;;7000,00;873,68;6126,32;
IVA DA COSTA FERREIRA;CASA CIVIL;A.TEC-I;FG-3; 30:00;01/01/1976;ESTATUTARIO;6385,36;;6385,36;1318,09;5067,27;
IVANETE GOMES DE ALMEIDA;CASA CIVIL;AUX.O-I;; 30:00;01/04/1988;ESTATUTARIO;3000,40;;3000,40;433,29;2567,11;
IVANETE RAMOS DE PAULA;CASA CIVIL;TNS-II;FUNCAO GRATIFICADA F; 40:00;25/09/1975;ESTATUTARIO;10212,77;;10212,77;2652,64;7560,13;
IVANILDE LIMA MACHADO VIANA;FUNDO DE PROMOCAO SOCIAL-FPS;ASSESSOR II;NAO INFORMADO; 40:00;02/01/2019;CARGO COMISSION.S/VINCULO;4209,79;;4209,79;573,49;3636,30;
IZA EMANUELA DA SILVA DE MORAES;CASA CIVIL;ASSESSOR III;ASSESSOR III; 40:00;16/01/2023;CARGO COMISSION.S/VINCULO;3191,80;;3191,80;309,42;2882,38;
IZOLDA BRANDAO ARMELAU;CASA CIVIL;REDATOR GOVERNAMENTAL;; 30:00;01/12/1994;ESTATUTARIO;4997,73;;4997,73;527,34;4470,39;
JAIME BARBOSA REZENDE;CASA CIVIL;AUX.O-I;FG-1; 30:00;29/12/1981;ESTATUTARIO;6343,59;;6343,59;1003,42;5340,17;
JANAINA PITALUGA MORENO;CASA CIVIL;ASSESSOR I;ASSESSOR I AD 1; 40:00;17/09/2012;CARGO COMISSION.S/VINCULO;6973,03;;6973,03;1545,85;5427,18;
JANDERSON DE OLIVEIRA PEREIRA;CASA CIVIL;ASSESSOR I;ASSESSOR I; 40:00;13/11/2023;DISP. OUTROS ESFERAS;5000,00;;5000,00;335,15;4664,85;
JANDERSON PINTO LIMA;CASA CIVIL;ASSESSOR TECNICO;ASSESSOR TECNICO; 40:00;01/03/2023;CARGO COMISSION.S/VINCULO;7000,00;;7000,00;1556,00;5444,00;
JANE KELLY VASQUES DE OLIVEIRA;CASA CIVIL;CONSULTOR TECNICO LEGISLATIVO II;CONSULTOR TECNICO LE; 40:00;10/03/2023;CARGO COMISSION.S/VINCULO;6500,00;;6500,00;1367,75;5132,25;
JANIO DE SOUZA ALVES;CASA CIVIL;ASSESSOR I;NAO INFORMADO; 40:00;02/01/2019;CARGO COMISSION.S/VINCULO;6973,03;;6973,03;1597,99;5375,04;
JANIO TORRES BARROS;CASA CIVIL;ASSISTENTE TECNICO GOVERNAMENTAL;FG-1; 30:00;01/08/1987;ESTATUTARIO;6196,47;;6196,47;845,41;5351,06;
JASON MILLER FIGUEIREDO DA COSTA;CASA CIVIL;ASSESSOR TECNICO;NAO INFORMADO; 40:00;02/01/2019;CARGO COMISSION.S/VINCULO;7000,00;;7000,00;1556,00;5444,00;
JAYLENE BRANDAO PAULA;CASA CIVIL;ASSISTENTE TECNICO GOVERNAMENTAL;FG-2 ASSESSORIA; 30:00;03/08/1987;ESTATUTARIO;5686,49;;5686,49;703,93;4982,56;
JENNIFER LIMA DE ARAUJO PEREIRA;CASA CIVIL;INVEST.DE POL. 4A.CL. PC-INV.IV;ASSESSOR I, AD-1; 40:00;19/04/2011;ESTATUTARIO;6666,67;;6666,67;782,01;5884,66;
JHONANTAN SAMPAIO COSTA;CASA CIVIL;CONSULTOR TECNICO II;CONSULTOR TECNICO II; 40:00;01/05/2022;CARGO COMISSION.S/VINCULO;6500,00;;6500,00;1419,89;5080,11;
JOANA VITA MORAES DE SOUZA MORILLAS;CASA CIVIL;TNS-I;FG-1 ASSESSORIA; 30:00;01/01/1976;ESTATUTARIO;13457,84;;13457,84;3789,44;9668,40;
JOAO DANILO PINTO;CASA CIVIL;MOT-I;; 30:00;01/12/1975;ESTATUTARIO;4240,07;;4240,07;563,79;3676,28;
JOAO LUIZ SOUZA AZEVEDO;CASA CIVIL;SECRETARIO EXECUTIVO ADJUNTO;NAO INFORMADO; 40:00;02/01/2019;CARGO COMISSION.S/VINCULO;9000,00;;9000,00;2237,92;6762,08;
JOAO SILVA MARQUES;CASA CIVIL;ASSESSOR I;ASSESSOR I; 40:00;12/08/2022;CARGO COMISSION.S/VINCULO;5229,77;;5229,77;941,65;4288,12;
JOAO VICTOR LIMA CORDEIRO;CASA CIVIL;ASSESSOR III;NAO INFORMADO; 40:00;02/01/2019;CARGO COMISSION.S/VINCULO;3191,80;;3191,80;309,42;2882,38;
JOAQUIM MARQUES DOS SANTOS NETO;CASA CIVIL;ASSESSOR I;NAO INFORMADO; 40:00;15/03/2019;CARGO COMISSION.S/VINCULO;5229,77;;5229,77;569,73;4660,04;
JOCIMAR DUARTE DA ROCHA;CASA CIVIL;A.TEC-I;FG-1 CHEFE DE SETOR; 30:00;01/10/1975;ESTATUTARIO;10278,37;;10278,37;2579,87;7698,50;
JOEBER BELEM TEIXEIRA;CASA CIVIL;CONSULTOR TECNICO III;NAO INFORMADO; 40:00;02/01/2019;CARGO COMISSION.S/VINCULO;5500,00;;5500,00;945,74;4554,26;
JOEL JUNIOR BENICIO DE LIMA;CASA CIVIL;CONSULTOR TECNICO II;NAO INFORMADO; 40:00;01/08/2021;CARGO COMISSION.S/VINCULO;6500,00;;6500,00;1419,89;5080,11;
JORGE DO NASCIMENTO GOMES;CASA CIVIL;A.TEC-I;ASSESSOR I; 30:00;02/01/2019;ESTATUTARIO;5878,09;;5878,09;1102,98;4775,11;
JORGE GUEDES LOBO JUNIOR;CASA CIVIL;ASSESSOR I;; 40:00;02/04/2018;CARGO COMISSION.S/VINCULO;5229,77;;5229,77;941,65;4288,12;
JOSE AGAPITO DA SILVEIRA;CASA CIVIL;A.TEC-II;; 30:00;27/03/1981;ESTATUTARIO;4238,47;;4238,47;690,12;3548,35;
JOSE AMERICO MORAES DA COSTA;CASA CIVIL;ASSESSOR III;NAO INFORMADO; 40:00;02/01/2019;CARGO COMISSION.S/VINCULO;3191,80;;3191,80;309,42;2882,38;
JOSE CARLOS FERREIRA DO NASCIMENTO;CASA CIVIL;ASSESSOR III;NAO INFORMADO; 40:00;02/01/2019;CARGO COMISSION.S/VINCULO;3191,80;;3191,80;309,42;2882,38;
JOSE CIRANO CIPRIANO SAMPAIO;CASA CIVIL;ASSESSOR III;ASSESSOR III; 40:00;08/05/2023;CARGO COMISSION.S/VINCULO;3191,80;;3191,80;309,42;2882,38;
JOSE DE AQUINO FREIRE;CASA CIVIL;A.TEC-I;FG-2 DE ASSESSORIA; 30:00;16/05/1973;ESTATUTARIO;9531,63;;9531,63;2404,68;7126,95;
JOSE EDSON LIMA DE ALMEIDA;CASA CIVIL;ASSESSOR I;ASSESSOR I; 40:00;01/06/2023;CARGO COMISSION.S/VINCULO;5229,77;;5229,77;898,28;4331,49;
JOSE FRANCISCO SANTOS SILVA;CASA CIVIL;ASSESSOR I;NAO INFORMADO; 40:00;02/01/2019;CARGO COMISSION.S/VINCULO;5229,77;;5229,77;941,65;4288,12;
JOSE MARANHAO RODRIGUES;UNID.DE GESTAO INTEGRADA - UGI;ASSESSOR I;NAO INFORMADO; 40:00;01/09/2020;CARGO COMISSION.S/VINCULO;5229,77;;5229,77;941,65;4288,12;
JOSE MAURICIO DOS SANTOS TOMAZ;CASA CIVIL;ASSESSOR I;ASSESSOR I; 40:00;01/02/2022;CARGO COMISSION.S/VINCULO;5229,77;;5229,77;941,65;4288,12;
JOSENI MARTINS SILVA PONTES;CASA CIVIL;CONSULTOR TEC.LEGISLATIVO;NAO INFORMADO; 40:00;20/09/2021;CARGO COMISSION.S/VINCULO;5229,77;;5229,77;941,65;4288,12;
JOSIANY MUNHOZ DE ALMEIDA COSTA;CASA CIVIL;CONSULTOR TECNICO LEGISLATIVO III;CONSULTOR TECNICO LE; 40:00;01/02/2023;CARGO COMISSION.S/VINCULO;5500,00;;5500,00;1043,39;4456,61;
JOYCIANE RODRIGUES MENDES;CASA CIVIL;ASSESSOR I;; 40:00;20/05/2019;CARGO COMISSION.S/VINCULO;5229,77;;5229,77;941,65;4288,12;
JUAREZ NOGUEIRA COTA DA COSTA;CASA CIVIL;GERENTE;; 40:00;01/06/2022;CARGO COMISSION.S/VINCULO;5613,05;;5613,05;1033,82;4579,23;
JULIANA ARAUJO RIOS;CASA CIVIL;CONSULTOR TECNICO LEGISLATIVO III;CONSULTOR TECNICO LE; 40:00;22/08/2023;CARGO COMISSION.S/VINCULO;5500,00;;5500,00;1043,39;4456,61;
JULIANA DA SILVA MORELI;UNID.DE GESTAO INTEGRADA - UGI;CHEFE DE GABINETE;CHEFE DE GABINETE; 40:00;01/05/2023;CARGO COMISSION.S/VINCULO;5229,77;;5229,77;941,65;4288,12;
JULIAO LEMOS SOBRAL NETTO;CASA CIVIL;CONSULTOR TECNICO III;CONSULTOR TECNICO II; 40:00;01/01/2023;CARGO COMISSION.S/VINCULO;5500,00;;5500,00;1043,39;4456,61;
JULIETA BARROS BRANDAO C PEREIRA;CASA CIVIL;PROFESSOR;CONSULTOR TECNICO LE; 20:00;02/01/2019;ESTATUTARIO;8564,59;;8564,59;1662,98;6901,61;
JULIO CESAR SILVA CAMPOS;CASA CIVIL;ASSESSOR TECNICO;NAO INFORMADO; 40:00;02/01/2019;CARGO COMISSION.S/VINCULO;7000,00;;7000,00;1608,14;5391,86;
JULIO CONCEI O BRASIL DA SILVA;CASA CIVIL;ASSESSOR II;NAO INFORMADO; 40:00;02/01/2019;CARGO COMISSION.S/VINCULO;4209,79;;4209,79;573,49;3636,30;
JURACEMA LIMA DE MEDEIROS;CASA CIVIL;REPRESENTANTE;FG-3; 30:00;01/08/1983;ESTATUTARIO;5471,42;;5471,42;699,43;4771,99;
JUSCELINO MOURA TAVARES;CASA CIVIL;ASSESSOR III;ASSESSOR III; 40:00;16/11/2023;CARGO COMISSION.S/VINCULO;3191,80;;3191,80;309,42;2882,38;
KAREN REGINA SANTANA DE ANDRADE;FUNDO DE PROMOCAO SOCIAL-FPS;ASSESSOR IV;NAO INFORMADO; 40:00;03/08/2020;CARGO COMISSION.S/VINCULO;2575,61;;2575,61;210,62;2364,99;
KARILENA MESQUITA VIANA;FUNDO DE PROMOCAO SOCIAL-FPS;ASSESSOR TECNICO;ASSESSOR TECNICO; 40:00;16/01/2023;CARGO COMISSION.S/VINCULO;9333,33;;9333,33;2329,58;7003,75;
KARIME ALENCAR PONTES BESSA;CASA CIVIL;ASSESSOR I;; 40:00;03/08/2020;CARGO COMISSION.S/VINCULO;5229,77;;5229,77;898,28;4331,49;
KARLA FERREIRA DE CASTRO;CASA CIVIL;ASSESSOR I;NAO INFORMADO; 40:00;01/08/2021;CARGO COMISSION.S/VINCULO;5229,77;;5229,77;941,65;4288,12;
KAROLLINA GOMES DA SILVA PESSOA;CASA CIVIL;AGENTE ADM.-AGA-T.S.N.A.-E;FUNCAO GRATIFICADA F; 30:00;02/10/2017;ESTATUTARIO;2865,53;;2865,53;294,80;2570,73;
KATHELEN DE OLIVEIRA BRAZ SANTOS;FUNDO DE PROMOCAO SOCIAL-FPS;SECRETARIO EXECUTIVO;NAO INFORMADO; 40:00;02/01/2019;CARGO COMISSION.S/VINCULO;11700,00;;11700,00;2980,42;8719,58;
KATIA REGINA BARBOSA DE M CARVALHO;FUNDO DE PROMOCAO SOCIAL-FPS;TEC.DE NIVEL SUPERIOR 2A CLASSE;; 30:00;18/01/1988;ESTATUTARIO;6571,55;;6571,55;1454,79;5116,76;
KATIA REGINA DE OLIVEIRA ALVES;CASA CIVIL;ASSISTENTE TECNICO GOVERNAMENTAL;FG-2 DE ASSESSORIA; 30:00;01/08/1987;ESTATUTARIO;5686,49;;5686,49;703,93;4982,56;
KATYANNE KEILA SALIM COLAÇO;FUNDO DE PROMOCAO SOCIAL-FPS;ASSESSOR TECNICO;NAO INFORMADO; 40:00;01/04/2021;CARGO COMISSION.S/VINCULO;7000,00;;7000,00;1608,14;5391,86;
KEILA CRISTIANE BATISTA DO VALLE;CASA CIVIL;ASSESSOR I;ASSESSOR I; 40:00;11/10/2022;CARGO COMISSION.S/VINCULO;5229,77;;5229,77;941,65;4288,12;
KEILA OLIVEIRA DE FREITAS;FUNDO DE PROMOCAO SOCIAL-FPS;SECRETARIO EXECUTIVO ADJUNTO;SECRETARIO EXECUTIVO; 40:00;16/01/2023;CARGO COMISSION.S/VINCULO;9000,00;;9000,00;2237,92;6762,08;
KEITY ANNY PRADO TAUMATURGO;CASA CIVIL;ASSESSOR I;NAO INFORMADO; 40:00;19/10/2018;CARGO COMISSION.S/VINCULO;6973,03;;6973,03;1597,99;5375,04;
KEIVISON BRAZ GAMA;CASA CIVIL;ASSESSOR III;ASSESSOR III; 40:00;01/02/2023;CARGO COMISSION.S/VINCULO;3191,80;;3191,80;309,42;2882,38;
KELLEN CRISTINA AGUIAR DE OLIVEIRA;CASA CIVIL;ASSESSOR III;NAO INFORMADO; 40:00;17/08/2020;CARGO COMISSION.S/VINCULO;3191,80;;3191,80;309,42;2882,38;
KEYTE REGIANE DA SILVA BATISTA;CASA CIVIL;ASSESSOR II;NAO INFORMADO; 40:00;10/08/2021;CARGO COMISSION.S/VINCULO;4209,79;;4209,79;511,67;3698,12;
LARISSA COSTA DOS ANJOS;CASA CIVIL;ASSESSOR I;; 40:00;02/03/2015;CARGO COMISSION.S/VINCULO;7233,77;;7233,77;1492,75;5741,02;
LARISSA DA SILVA PERES;CASA CIVIL;ASSISTENTE TECNICO PNM.ANM-III;CONSULTOR TECNICO I; 30:00;01/03/2021;ESTATUTARIO;11689,29;;11689,29;2410,61;9278,68;
LARISSA MARIA LIMA MOTA;CASA CIVIL;ASSESSOR II;ASSESSOR II; 40:00;01/01/2023;CARGO COMISSION.S/VINCULO;5613,05;;5613,05;1085,95;4527,10;
LARISSA MONTEFUSCO DA CRUZ CECILIO;CASA CIVIL;MEMBRO DE CONSELHO;; 20:00;01/03/2023;GRUPO DE TRABALHO;3000,00;;3000,00;13,20;2986,80;
LARISSA NAGYLA ABREU DA SILVA;FUNDO DE PROMOCAO SOCIAL-FPS;ASSESSOR TECNICO;ASSESSOR TECNICO; 40:00;16/01/2023;CARGO COMISSION.S/VINCULO;7000,00;;7000,00;1608,14;5391,86;
LARYSSA ARAUJO MULLER;CASA CIVIL;ASSESSOR TECNICO;NAO INFORMADO; 40:00;26/11/2019;CARGO COMISSION.S/VINCULO;7000,00;;7000,00;1608,14;5391,86;
LAUDETE LUCIA LAGO OSMARI;CASA CIVIL;CONSULTOR TECNICO III;NAO INFORMADO; 40:00;02/01/2019;CARGO COMISSION.S/VINCULO;7333,33;;7333,33;1733,64;5599,69;
LEANDRO RABELO DE OLIVEIRA;CASA CIVIL;ASSESSOR I;NAO INFORMADO; 40:00;30/11/2018;CARGO COMISSION.S/VINCULO;5229,77;;5229,77;941,65;4288,12;
LEIA MIRANDA DIAS;CASA CIVIL;ASSESSOR III;NAO INFORMADO; 40:00;12/06/2019;CARGO COMISSION.S/VINCULO;3191,80;;3191,80;309,42;2882,38;
LEILA MARIA RAMOS PINTO;CASA CIVIL;ASSESSOR III;ASSESSOR III; 40:00;22/08/2023;CARGO COMISSION.S/VINCULO;3191,80;;3191,80;309,42;2882,38;
LEONARDO WILSON FEITOSA MEIRELLES;CASA CIVIL;ASSESSOR II;NAO INFORMADO; 40:00;02/01/2019;CARGO COMISSION.S/VINCULO;4209,79;;4209,79;573,49;3636,30;
LIA PAULA DE SOUZA ALBUQUERQUE;CASA CIVIL;CONSULTOR TECNICO II;CONSULTOR TECNICO II; 40:00;10/11/2022;CARGO COMISSION.S/VINCULO;6500,00;;6500,00;1419,89;5080,11;
LIBNA TOBAR DO NASCIMENTO;CASA CIVIL;ASSESSOR II;NAO INFORMADO; 40:00;10/02/2021;CARGO COMISSION.S/VINCULO;4209,79;;4209,79;573,49;3636,30;
LIDIANY ARRUDA DE LIMA MORAES;CASA CIVIL;ASSESSOR II;NAO INFORMADO; 40:00;01/12/2019;CARGO COMISSION.S/VINCULO;4209,79;;4209,79;540,10;3669,69;
LIVIA MARIA MONTEIRO LINS LIMA;CASA CIVIL;CONSULTOR TEC.LEGISLATIVO;NAO INFORMADO; 40:00;18/03/2019;CARGO COMISSION.S/VINCULO;5229,77;;5229,77;941,65;4288,12;
LIVIA MARIA RODRIGUES DE O AMORIM;CASA CIVIL;ASSESSOR TECNICO;NAO INFORMADO; 40:00;15/07/2020;CARGO COMISSION.S/VINCULO;7000,00;;7000,00;1608,14;5391,86;
LOUISE OLIVEIRA BRAGA DE BRITTO;CASA CIVIL;ASSESSOR I;ASSESSOR I; 40:00;10/03/2023;CARGO COMISSION.S/VINCULO;5229,77;;5229,77;941,65;4288,12;
LUA GABRIEL ALVES SALES;CASA CIVIL;ASSESSOR IV;ASSESSOR IV; 40:00;01/01/2023;CARGO COMISSION.S/VINCULO;2575,61;;2575,61;210,62;2364,99;
LUANA CEC LIA MELO LEITE;FUNDO DE PROMOCAO SOCIAL-FPS;ASSESSOR II;; 40:00;01/02/2020;CARGO COMISSION.S/VINCULO;4209,79;;4209,79;573,49;3636,30;
LUANA DE OLIVEIRA GUIMARAES;CASA CIVIL;ASSESSOR II;ASSESSOR II; 40:00;03/01/2024;CARGO COMISSION.S/VINCULO;4209,79;;4209,79;573,49;3636,30;
LUANA DO NASCIMENTO JUCA;CASA CIVIL;CONSULTOR TECNICO II;NAO INFORMADO; 40:00;02/01/2019;CARGO COMISSION.S/VINCULO;8666,67;;8666,67;2146,25;6520,42;
LUANA SIQUEIRA DA SILVA;CASA CIVIL;ASSESSOR I;NAO INFORMADO; 40:00;02/01/2019;CARGO COMISSION.S/VINCULO;5229,77;;5229,77;941,65;4288,12;
LUCAS PITALUGA MORENO LOPES;CASA CIVIL;ASSESSOR I;ASSESSOR I; 40:00;23/06/2022;CARGO COMISSION.S/VINCULO;5229,77;;5229,77;898,28;4331,49;
LUCAS VIEIRA PEREIRA DE LUNA;CASA CIVIL;ANALISTA JURIDICO;ASSESSOR I; 40:00;01/02/2023;ESTATUTARIO;14000,00;;14000,00;3512,25;10487,75;
LUCIA CARLA DA GAMA RODRIGUES;CASA CIVIL;COORD.DA UNID.DE GESTAO INTEGRADA;COORD.DA UNID.DE GES; 40:00;01/05/2022;CARGO COMISSION.S/VINCULO;28060,00;;28060,00;7479,42;20580,58;
LUCIANA PITALUGA MORENO;CASA CIVIL;ASSESSOR I;ASSESSOR I AD 1; 40:00;01/09/2012;CARGO COMISSION.S/VINCULO;5229,77;;5229,77;941,65;4288,12;
LUCIANE AMARANTE FERREIRA PARENTE;CASA CIVIL;ASSESSOR I;ASSESSOR I; 40:00;22/08/2023;CARGO COMISSION.S/VINCULO;5229,77;;5229,77;898,28;4331,49;
LUCIANO PEREIRA DE SOUZA;CASA CIVIL;ASSESSOR I;NAO INFORMADO; 40:00;02/01/2019;CARGO COMISSION.S/VINCULO;5229,77;;5229,77;941,65;4288,12;
LUDUVINA DE MELO SAMPAIO;UNID.DE GESTAO INTEGRADA - UGI;ASSESSOR II;ASSESSOR II; 40:00;05/02/2024;CARGO COMISSION.S/VINCULO;3648,47;;3648,47;417,74;3230,73;
LUIZ ANDRE SOUTO PASSOS;CASA CIVIL;ASSESSOR III;; 40:00;02/01/2019;CARGO COMISSION.S/VINCULO;3191,80;;3191,80;309,42;2882,38;
LUIZ CLAUDIO DA SILVEIRA GOMES;CASA CIVIL;SEC.DO GAB.PESSOAL DO GOVERNADOR;SEC.DO GAB.PESSOAL D; 40:00;01/11/2022;CARGO COMISSION.S/VINCULO;28060,00;;28060,00;7479,42;20580,58;
LUIZ EDUARDO LOPES FURTADO;CASA CIVIL;CONSULTOR TECNICO II;CONSULTOR TECNICO II; 40:00;13/11/2023;CARGO COMISSION.S/VINCULO;6500,00;;6500,00;1419,89;5080,11;
LUIZ FELIPE RODRIGUES DE MOURA;CASA CIVIL;ASSESSOR III;; 40:00;18/10/2017;CARGO COMISSION.S/VINCULO;3191,80;;3191,80;309,42;2882,38;
LUIZ HERON DA SILVA BRAZ;FUNDO DE PROMOCAO SOCIAL-FPS;ASSESSOR II;NAO INFORMADO; 40:00;02/01/2019;CARGO COMISSION.S/VINCULO;4209,79;;4209,79;573,49;3636,30;
LUIZ MILTON DE BRITO GONCALVES;CASA CIVIL;ASSESSOR TECNICO;NAO INFORMADO; 40:00;29/04/2019;CARGO COMISSION.S/VINCULO;7000,00;;7000,00;1451,73;5548,27;
LUIZ PAULO GABRIEL GONCALVES SILVA;CASA CIVIL;CONSULTOR TEC.LEGISLATIVO;NAO INFORMADO; 40:00;22/07/2020;CARGO COMISSION.S/VINCULO;5229,77;;5229,77;941,65;4288,12;
LUIZA LIMA MACEDO;CASA CIVIL;A.TEC-I;FG-3 DE ASSESSORIA; 30:00;01/02/1986;ESTATUTARIO;5683,13;;5683,13;1057,19;4625,94;
LYCIA FABIOLA SANTOS DE ANDRADE;CASA CIVIL;ASSESSOR I;ASSESSOR I; 40:00;01/04/2023;CARGO COMISSION.S/VINCULO;5229,77;;5229,77;941,65;4288,12;
MAIRA COSTA PIZZETTI;CASA CIVIL;CONSULTOR TECNICO II;CONSULTOR TECNICO II; 40:00;01/10/2022;CARGO COMISSION.S/VINCULO;6500,00;;6500,00;1419,89;5080,11;
MARCELA DA CUNHA CARVALHO;CASA CIVIL;ASSIST.ADMIN.-ASA-T.S.N.M.-A;ASSESSOR TECNICO; 30:00;02/01/2019;ESTATUTARIO;7000,00;;7000,00;1190,05;5809,95;
MARCELO DA SILVA COLARES FILHO;CASA CIVIL;ASSESSOR II;ASSESSOR II; 40:00;01/01/2023;CARGO COMISSION.S/VINCULO;4209,79;;4209,79;573,49;3636,30;
MARCELO NORMANDO BARBOSA;CASA CIVIL;ASSESSOR III;ASSESSOR III; 40:00;01/01/2023;CARGO COMISSION.S/VINCULO;3191,80;;3191,80;309,42;2882,38;
MARCIA AUGUSTA DE SOUZA;CASA CIVIL;A.TEC-II;CONSULTOR TECNICO LE; 30:00;01/01/2023;ESTATUTARIO;7835,46;;7835,46;1615,15;6220,31;
MARCIA CRISTINA OLIVEIRA DA COSTA;CASA CIVIL;TECNICO GOVERNAMENTAL;FUNCAO GRATIFICADA F; 30:00;01/03/1994;ESTATUTARIO;10203,85;;10203,85;2443,22;7760,63;
MARCIA ROBERTA LIMA BEZERRA;CASA CIVIL;ASSESSOR I;NAO INFORMADO; 40:00;02/01/2019;CARGO COMISSION.S/VINCULO;5229,77;;5229,77;855,62;4374,15;
MARCIO AYDEN SIMOES DE OLIVEIRA;FUNDO DE PROMOCAO SOCIAL-FPS;ASSESSOR TECNICO;NAO INFORMADO; 40:00;23/01/2020;CARGO COMISSION.S/VINCULO;7000,00;;7000,00;1608,14;5391,86;
MARCIO FERREIRA DA ROCHA;CASA CIVIL;ASSESSOR TECNICO;ASSESSOR TECNICO; 40:00;22/08/2023;CARGO COMISSION.S/VINCULO;7000,00;;7000,00;1608,14;5391,86;
MARCO AURELIO DE FREITAS GUIMARAES;CASA CIVIL;TECNICO GOVERNAMENTAL;FG-3 ASSESSORIA; 30:00;01/05/1988;ESTATUTARIO;7248,22;;7248,22;1632,20;5616,02;
MARCO AURELIO FEIO DE A CERVEIRA;CASA CIVIL;ASSESSOR I;NAO INFORMADO; 40:00;20/02/2020;CARGO COMISSION.S/VINCULO;5229,77;;5229,77;941,65;4288,12;
MARCOS ANTONIO PAIXAO FEITOZA;CASA CIVIL;ASSESSOR I;ASSESSOR I; 40:00;01/04/2022;CARGO COMISSION.S/VINCULO;5229,77;;5229,77;941,65;4288,12;
MARCOS PAULO BARBOSA DE OLIVEIRA;CASA CIVIL;ASSESSOR I;; 40:00;01/05/2016;CARGO COMISSION.S/VINCULO;5229,77;;5229,77;941,65;4288,12;
MARCUS ANTONIO DA ROCHA;CASA CIVIL;ASSESSOR I;; 40:00;01/09/2016;CARGO COMISSION.S/VINCULO;5229,77;;5229,77;941,65;4288,12;
MARCUS VINICIUS LIMA DA COSTA;CASA CIVIL;TECNICO-TEC-T.S.N.S.-A;CONSULTOR TECNICO II; 30:00;30/11/2023;ESTATUTARIO;7054,35;;7054,35;1617,36;5436,99;
MARIA ANGELITA DA COSTA RIBEIRO;FUNDO DE PROMOCAO SOCIAL-FPS;ASSESSOR II;ASSESSOR II; 40:00;01/01/2023;CARGO COMISSION.S/VINCULO;4209,79;;4209,79;573,49;3636,30;
MARIA CATARINA RODRIGUES PESSOA;CASA CIVIL;ASSESSOR I;ASSESSOR I; 40:00;01/05/2022;CARGO COMISSION.S/VINCULO;6973,03;;6973,03;1597,99;5375,04;
MARIA CLARA BENTES LIMA;CASA CIVIL;ASSESSOR I;NAO INFORMADO; 40:00;01/10/2021;CARGO COMISSION.S/VINCULO;9229,77;;9229,77;2041,65;7188,12;
MARIA CLAUDIA MAGRO DE OLIVEIRA;CASA CIVIL;CHEFE DE DEPARTAMENTO;NAO INFORMADO; 40:00;02/01/2019;CARGO COMISSION.S/VINCULO;5229,77;;5229,77;941,65;4288,12;
MARIA CONCEBIDA DE ARAUJO LEAL;CASA CIVIL;CHEFE DE DEPARTAMENTO;CHEFE DE DEPARTAMENT; 40:00;16/01/2023;CARGO COMISSION.S/VINCULO;5229,77;;5229,77;941,65;4288,12;
MARIA DA CONCEICAO COSTA PIRES;CASA CIVIL;A.TEC-I;CONSULTOR TECNICO II; 30:00;01/04/1974;ESTATUTARIO;11010,29;;11010,29;2844,42;8165,87;
MARIA DAS GRACAS BENAYON DA SILVA;CASA CIVIL;A.SOC-I;FG-1; 30:00;01/08/1976;ESTATUTARIO;9338,35;;9338,35;2289,80;7048,55;
MARIA DAS GRACAS SOARES BORGES;CASA CIVIL;ASSISTENTE TECNICO 3A CLASSE;FG-1; 30:00;01/07/1973;ESTATUTARIO;6714,79;;6714,79;1051,60;5663,19;
MARIA DE JESUS GUIMARAES SILVA PAES;FUNDO DE PROMOCAO SOCIAL-FPS;ASSESSOR TECNICO;ASSESSOR TECNICO; 40:00;01/06/2022;CARGO COMISSION.S/VINCULO;7000,00;;7000,00;1608,14;5391,86;
MARIA DO CARMO CRISTO SOTTO MAYOR F;CASA CIVIL;CONSULTOR ESPECIAL;; 30:00;02/02/1994;ESTATUTARIO;45025,05;;45025,05;14913,42;30111,63;
MARIA DO PERPETUO SOCORRO B SOARES;CASA CIVIL;ASSISTENTE TECNICO GOVERNAMENTAL;FG-1 ASSESSORIA; 30:00;16/03/1987;ESTATUTARIO;6196,47;;6196,47;845,41;5351,06;
MARIA DO PERPETUO SOCORRO RODRIGUES;CASA CIVIL;ASSESSOR III;NAO INFORMADO; 40:00;27/07/2020;CARGO COMISSION.S/VINCULO;3191,80;;3191,80;309,42;2882,38;
MARIA DO SOCORRO BRITO VASCONCELOS;CASA CIVIL;ASSESSOR I;NAO INFORMADO; 40:00;02/01/2019;CARGO COMISSION.S/VINCULO;5229,77;;5229,77;941,65;4288,12;
MARIA DO SOCORRO FERREIRA CALDERARO;CASA CIVIL;ASSISTENTE TECNICO GOVERNAMENTAL;FG-2 DE ASSESSORIA; 30:00;01/08/1987;ESTATUTARIO;5686,49;;5686,49;703,93;4982,56;
MARIA EDUARDA ALMEIDA BARROS;FUNDO DE PROMOCAO SOCIAL-FPS;ASSESSOR II;ASSESSOR II; 40:00;16/01/2023;CARGO COMISSION.S/VINCULO;4209,79;;4209,79;573,49;3636,30;
MARIA ELENILDA RODRIGUES S LEANDRO;CASA CIVIL;ASSESSOR II;ASSESSOR II; 40:00;06/02/2023;CARGO COMISSION.S/VINCULO;5613,05;;5613,05;1085,95;4527,10;
MARIA ELIZETE PAULINO PINTO;CASA CIVIL;ASSESSOR II;NAO INFORMADO; 40:00;24/07/2020;CARGO COMISSION.S/VINCULO;4209,79;;4209,79;573,49;3636,30;
MARIA EMILIA PESSOA DOS SANTOS;CASA CIVIL;ASSISTENTE TECNICO;FG-1 ASSESSORIA; 30:00;01/04/1976;ESTATUTARIO;6623,70;;6623,70;998,24;5625,46;
MARIA FLAVIA RAPOSO DA CAMARA GOMES;CASA CIVIL;ASSESSOR I;ASSESSOR I; 40:00;19/04/2023;CARGO COMISSION.S/VINCULO;5229,77;;5229,77;941,65;4288,12;
MARIA FREIRE DE SOUZA;CASA CIVIL;ASSESSOR I;NAO INFORMADO; 40:00;02/01/2019;CARGO COMISSION.S/VINCULO;6973,03;;6973,03;1597,99;5375,04;
MARIA GORETH DOS SANTOS VIEIRA;CASA CIVIL;SECRETARIO EXECUTIVO;NAO INFORMADO; 40:00;07/07/2020;DISP. OUTROS ESFERAS;11700,00;;11700,00;2166,18;9533,82;
MARIA HELENA STONE ARNOUD DA ROSA;CASA CIVIL;ASSESSOR II;ASSESSOR II; 40:00;01/01/2023;DISP. OUTROS ESFERAS;4000,00;;4000,00;133,84;3866,16;
MARIA INEZ MOREIRA DE AZEVEDO;CASA CIVIL;ASSESSOR II;NAO INFORMADO; 40:00;02/01/2019;CARGO COMISSION.S/VINCULO;4209,79;;4209,79;573,49;3636,30;
MARIA JOSE FREITAS CARLOS;CASA CIVIL;C.TEC.L-U;; 30:00;09/06/1975;ESTATUTARIO;30850,75;;30850,75;10334,76;20515,99;
MARIA LUIZA DE ALMEIDA SAN MARTIN;CASA CIVIL;A.TEC-I;; 30:00;04/06/1984;ESTATUTARIO;3897,48;;3897,48;664,11;3233,37;
MARIA NAZARE DE AGUILA;CASA CIVIL;ASSISTENTE TECNICO;CHEFE DE CERIMONIAL; 30:00;24/02/2023;ESTATUTARIO;9900,00;;9900,00;1671,18;8228,82;
MARIA SANTOS DA SILVA;CASA CIVIL;ASSESSOR III;NAO INFORMADO; 40:00;02/01/2019;CARGO COMISSION.S/VINCULO;4255,73;;4255,73;586,81;3668,92;
MARIA SOCORRO DE SOUSA;CASA CIVIL;ASSISTENTE TECNICO GOVERNAMENTAL;FG-3; 30:00;01/08/1987;ESTATUTARIO;5016,53;;5016,53;529,12;4487,41;
MARIA TEREZINHA RIBEIRO COUTINHO;CASA CIVIL;ASSESSOR I;ASSESSOR I; 40:00;01/01/2023;CARGO COMISSION.S/VINCULO;5229,77;;5229,77;941,65;4288,12;
MARIANA HAGGE MOURAO;CASA CIVIL;ASSESSOR I;; 40:00;19/07/2018;CARGO COMISSION.S/VINCULO;5229,77;;5229,77;941,65;4288,12;
MARIETHEL BASTOS RODRIGUES;CASA CIVIL;PROFESSOR;ASSESSOR I; 20:00;20/03/2023;ESTATUTARIO;7564,59;;7564,59;1387,98;6176,61;
MARINETE DE CASTRO PERDIGAO;CASA CIVIL;A.TEC-I;; 30:00;23/09/1983;ESTATUTARIO;4574,85;;4574,85;801,31;3773,54;
MARINILDES DA SILVEIRA FORTES;CASA CIVIL;A.TEC-I;FG-1 ASSESSORIA; 30:00;01/02/1982;ESTATUTARIO;9130,24;;9130,24;2214,04;6916,20;
MARIO ADOLFO ARYCE DE CASTRO;CASA CIVIL;TECNICO;; 30:00;01/03/1988;ESTATUTARIO;5270,37;;5270,37;1094,90;4175,47;
MARIO CABRAL DE HOLANDA;CASA CIVIL;MOT-I;; 30:00;01/01/1973;ESTATUTARIO;4343,12;;4343,12;593,94;3749,18;
MARIO CELIO FERREIRA DE C ALVES;CASA CIVIL;CONSULTOR TECNICO III;; 40:00;31/07/2018;CARGO COMISSION.S/VINCULO;10043,22;;10043,22;945,74;9097,48;
MARIO CESAR DOS SANTOS BRANDAO FILH;CASA CIVIL;ASSESSOR I;; 40:00;19/04/2017;CARGO COMISSION.S/VINCULO;5229,77;;5229,77;941,65;4288,12;
MARIO FERREIRA SAID NETO;CASA CIVIL;ASSESSOR II;ASSESSOR II; 40:00;23/08/2023;CARGO COMISSION.S/VINCULO;4209,79;;4209,79;573,49;3636,30;
MARIO SERGIO DE SOUZA MOURA JUNIOR;CASA CIVIL;ASSESSOR I;NAO INFORMADO; 40:00;01/10/2019;CARGO COMISSION.S/VINCULO;5229,77;;5229,77;941,65;4288,12;
MARKILZE ALVES PEREIRA;CASA CIVIL;SECRETARIO PARTICULAR;NAO INFORMADO; 40:00;05/11/2019;CARGO COMISSION.S/VINCULO;28060,00;;28060,00;7479,42;20580,58;
MARLICE OLIVEIRA MAR;FUNDO DE PROMOCAO SOCIAL-FPS;ASSESSOR I;ASSESSOR I; 40:00;01/02/2023;CARGO COMISSION.S/VINCULO;6973,03;;6973,03;1597,99;5375,04;
MARLUCIA MOURA BATISTA;CASA CIVIL;ASSISTENTE TECNICO GOVERNAMENTAL;FG-1 ASSESSORIA; 30:00;18/03/1993;ESTATUTARIO;5986,28;;5986,28;785,16;5201,12;
MATHEUS ENCARNACAO DE MORAIS;CASA CIVIL;ASSESSOR I;ASSESSOR I; 40:00;01/01/2023;CARGO COMISSION.S/VINCULO;5229,77;;5229,77;941,65;4288,12;
MATHILDE ESTHER BEMERGUY EZAGUY;CASA CIVIL;ASSESSOR I;; 40:00;02/01/2018;CARGO COMISSION.S/VINCULO;6973,03;;6973,03;1597,99;5375,04;
MAURICIO DA GAMA MONTEIRO;CASA CIVIL;CONSULTOR TECNICO I;CONS.TECNICO I; 40:00;22/11/2011;CARGO COMISSION.S/VINCULO;7500,00;;7500,00;1796,39;5703,61;
MAURO FRANCISCO DE OLIVEIRA;FUNDO DE PROMOCAO SOCIAL-FPS;ASSESSOR II;ASSESSOR II; 40:00;19/07/2023;CARGO COMISSION.S/VINCULO;4209,79;;4209,79;573,49;3636,30;
MAXIMILIANO FRANCISCO LOPES NETO;CASA CIVIL;CONSULTOR TECNICO II;CONSULTOR TECNICO II; 40:00;01/03/2023;CARGO COMISSION.S/VINCULO;6500,00;;6500,00;1419,89;5080,11;
MAYAH MAIA DOS SANTOS;FUNDO DE PROMOCAO SOCIAL-FPS;ASSESSOR I;ASSESSOR I; 40:00;02/05/2023;CARGO COMISSION.S/VINCULO;5229,77;;5229,77;941,65;4288,12;
MAYARA TAVARES MARQUES;CASA CIVIL;ASSESSOR I;ASSESSOR I; 40:00;06/02/2023;CARGO COMISSION.S/VINCULO;5229,77;;5229,77;941,65;4288,12;
MELICIA CHAGAS MACIEL;CASA CIVIL;ASSESSOR II;ASSESSOR II; 40:00;01/01/2023;CARGO COMISSION.S/VINCULO;4209,79;;4209,79;573,49;3636,30;
MIRIAM RODRIGUES MOTA;CASA CIVIL;ASSESSOR I;NAO INFORMADO; 40:00;05/10/2020;CARGO COMISSION.S/VINCULO;5229,77;;5229,77;898,28;4331,49;
MIRIAN CAMPOS ADVINCULA;CASA CIVIL;ASSESSOR III;ASSESSOR III; 40:00;08/11/2022;CARGO COMISSION.S/VINCULO;3191,80;;3191,80;309,42;2882,38;
MIZAEL VITOR VALE REIS;CASA CIVIL;ASSESSOR I;NAO INFORMADO; 40:00;01/10/2021;CARGO COMISSION.S/VINCULO;5229,77;;5229,77;941,65;4288,12;
MONICA BASTOS CASTRO;CASA CIVIL;CONSULTOR TECNICO II;CONSULTOR TECNICO II; 40:00;06/02/2023;CARGO COMISSION.S/VINCULO;6500,00;;6500,00;1419,89;5080,11;
MONICA CAMARA DE ALENCAR BRASIL;CASA CIVIL;CONSULTOR TECNICO II;NAO INFORMADO; 40:00;02/01/2019;CARGO COMISSION.S/VINCULO;6500,00;;6500,00;1419,89;5080,11;
MONICA GOMES DA SILVA DIAS;CASA CIVIL;CONSULTOR TECNICO III;NAO INFORMADO; 40:00;02/01/2019;CARGO COMISSION.S/VINCULO;5500,00;;5500,00;945,74;4554,26;
MONICA SOARES GUIMARAES;CASA CIVIL;ASSESSOR I;ASSESSOR I; 40:00;01/01/2023;CARGO COMISSION.S/VINCULO;5229,77;;5229,77;941,65;4288,12;
MURILO CAVALCANTI CAMPOS;CASA CIVIL;A.TEC-I;FG-2 DE ASSESSORIA; 40:00;07/08/1978;ESTATUTARIO;6363,07;;6363,07;1246,62;5116,45;
NADIA MARIA GAMA PEREIRA;CASA CIVIL;A.TEC-II;; 30:00;15/07/1996;ESTATUTARIO;3655,15;;3655,15;593,83;3061,32;
NARA IDELFONSO SOUTO;CASA CIVIL;CONSULTOR TECNICO II;CONSULTOR TECNICO II; 40:00;10/11/2022;CARGO COMISSION.S/VINCULO;6500,00;;6500,00;1367,75;5132,25;
NATAL SOARES LEANDRO DA SILVA;FUNDO DE PROMOCAO SOCIAL-FPS;ASSESSOR I;; 40:00;01/04/2015;CARGO COMISSION.S/VINCULO;5229,77;;5229,77;823,27;4406,50;
NATALIA LIMA DE ALMEIDA;CASA CIVIL;ASSESSOR TECNICO;ASSESSOR TECNICO; 40:00;01/05/2022;CARGO COMISSION.S/VINCULO;7000,00;;7000,00;1608,14;5391,86;
NATALIA MARIA MAIA MATOS;CASA CIVIL;ASSESSOR II;ASSESSOR II; 40:00;01/04/2023;CARGO COMISSION.S/VINCULO;4209,79;;4209,79;568,54;3641,25;
NATASHA DE OLIVEIRA FRANCO;FUNDO DE PROMOCAO SOCIAL-FPS;ASSESSOR TECNICO;NAO INFORMADO; 40:00;17/03/2021;CARGO COMISSION.S/VINCULO;7000,00;;7000,00;1608,14;5391,86;
NAYARA DA SILVA RODRIGUES;CASA CIVIL;ASSESSOR TECNICO;NAO INFORMADO; 40:00;01/12/2019;CARGO COMISSION.S/VINCULO;7000,00;;7000,00;1556,00;5444,00;
NAZARE DO SOCORRO PINTO DE ALMEIDA;CASA CIVIL;A.TEC-I;FG-2 DE ASSESSORIA; 30:00;01/03/1985;ESTATUTARIO;5665,90;;5665,90;992,23;4673,67;
NICOLE DE QUEIROZ SILVA;FUNDO DE PROMOCAO SOCIAL-FPS;ASSESSOR I;ASSESSOR I; 40:00;31/01/2022;CARGO COMISSION.S/VINCULO;5229,77;;5229,77;941,65;4288,12;
NILCE MARIA BARTHOLO DE BIASI;FUNDO DE PROMOCAO SOCIAL-FPS;ASSESSOR II;NAO INFORMADO; 40:00;01/06/2020;CARGO COMISSION.S/VINCULO;4209,79;;4209,79;573,49;3636,30;
NILCILENE DE LIMA TAVARES;CASA CIVIL;ASSESSOR III;; 40:00;16/03/2017;CARGO COMISSION.S/VINCULO;3191,80;;3191,80;309,42;2882,38;
NILZOBET PINHEIRO DE SOUSA;FUNDO DE PROMOCAO SOCIAL-FPS;ASSESSOR III;ASSESSOR III; 40:00;01/02/2024;CARGO COMISSION.S/VINCULO;3191,80;;3191,80;309,42;2882,38;
NIRVANA DE JESUS PRADO DE N COMB;CASA CIVIL;AGENTE ADM.-AGA-T.S.N.A.-E;SECRETARIO EXECUTIVO; 30:00;02/01/2019;ESTATUTARIO;9000,00;;9000,00;1718,48;7281,52;
NISSIM FIGUEIRA BENOLIEL;CASA CIVIL;A.TEC-II;FG-1; 30:00;15/07/1996;ESTATUTARIO;6016,90;;6016,90;802,00;5214,90;
NIXON ALVES DE MELO;CASA CIVIL;ASSESSOR II;ASSESSOR II; 40:00;01/05/2022;CARGO COMISSION.S/VINCULO;4209,79;;4209,79;573,49;3636,30;
ORLEYLSON DOS SANTOS LIMA;FUNDO DE PROMOCAO SOCIAL-FPS;ASSESSOR TECNICO;ASSESSOR TECNICO; 40:00;16/01/2023;CARGO COMISSION.S/VINCULO;7000,00;;7000,00;1608,14;5391,86;
OSMAN RIBEIRO DE ARAUJO FILHO;CASA CIVIL;A.TEC-I;FG-3 DE ASSESSORIA; 30:00;01/08/1984;ESTATUTARIO;5683,13;;5683,13;939,68;4743,45;
PATRICIA DIAS GOES;CASA CIVIL;CONSULTOR TECNICO II;; 40:00;15/06/2018;CARGO COMISSION.S/VINCULO;6500,00;;6500,00;1367,75;5132,25;
PATRICIA GOMES BARTOLOTTI CHAVES;CASA CIVIL;JORNALISTA;; 30:00;29/03/1993;ESTATUTARIO;5674,22;;5674,22;1188,21;4486,01;
PATRICIA KELLEM MADDY PEREIRA;CASA CIVIL;ASSESSOR TECNICO;ASSESSOR TECNICO; 40:00;01/01/2023;CARGO COMISSION.S/VINCULO;7000,00;;7000,00;1556,00;5444,00;
PATRICIA VIEIRA BRANDAO DA SILVA;CASA CIVIL;ASSESSOR II;NAO INFORMADO; 40:00;02/01/2019;CARGO COMISSION.S/VINCULO;4209,79;;4209,79;540,10;3669,69;
PAULO HENRIQUE BEZERRA DE MELO;CASA CIVIL;ASSESSOR III;ASSESSOR III; 40:00;01/02/2023;CARGO COMISSION.S/VINCULO;6191,80;;6191,80;933,26;5258,54;
PAULO ROBERTO FIGUEIREDO DE CASTRO;CASA CIVIL;TNS-II;; 30:00;14/02/1978;ESTATUTARIO;6584,85;;6584,85;1270,57;5314,28;
PAULO SEIXAS DA SILVA;FUNDO DE PROMOCAO SOCIAL-FPS;ASSESSOR II;NAO INFORMADO; 40:00;02/01/2019;CARGO COMISSION.S/VINCULO;4209,79;;4209,79;573,49;3636,30;
PAULO SERGIO PAES LESSA;CASA CIVIL;A.TEC-I;FG-1 DE ASSESSORIA; 30:00;01/06/1973;ESTATUTARIO;8052,02;;8052,02;1838,20;6213,82;
PERICLES PINHO DE LIMA;CASA CIVIL;ASSESSOR II;ASSESSOR II; 40:00;01/01/2023;CARGO COMISSION.S/VINCULO;4209,79;;4209,79;573,49;3636,30;
PITAGORAS MARQUES ALENCAR;FUNDO DE PROMOCAO SOCIAL-FPS;ASSESSOR II;ASSESSOR II; 40:00;20/06/2022;CARGO COMISSION.S/VINCULO;4209,79;;4209,79;573,49;3636,30;
PRISCILLA ATALA MAGALHAES;CASA CIVIL;SECRETARIO EXECUTIVO;NAO INFORMADO; 40:00;02/01/2019;DISP. OUTROS ESFERAS;11700,00;;11700,00;2166,18;9533,82;
RAFAELA FURTADO BRITO LIMA;CASA CIVIL;ASSESSOR I;ASSESSOR I; 40:00;01/01/2024;CARGO COMISSION.S/VINCULO;5229,77;;5229,77;941,65;4288,12;
RAFAELLA TELES MADDY;CASA CIVIL;ASSESSOR I;ASSESSOR I; 40:00;01/01/2023;CARGO COMISSION.S/VINCULO;5229,77;;5229,77;898,28;4331,49;
RAIMUNDO EDSON SANTOS LOPES;CASA CIVIL;ASSESSOR II;NAO INFORMADO; 40:00;02/01/2019;CARGO COMISSION.S/VINCULO;4209,79;;4209,79;573,49;3636,30;
RAIMUNDO JOSE BRANDAO DO NASCIMENTO;CASA CIVIL;ASSISTENTE TECNICO GOVERNAMENTAL;FG-1 CHEFE S PESSOAL; 30:00;23/03/1990;ESTATUTARIO;5986,28;;5986,28;785,16;5201,12;
RAIMUNDO JOSE GADELHA DE ASSIS;CASA CIVIL;A.TEC-I;FG-3; 30:00;01/10/1997;ESTATUTARIO;5703,07;;5703,07;1065,12;4637,95;
RAIMUNDO NONATO DA SILVA;CASA CIVIL;MOT-I;; 30:00;13/06/1986;ESTATUTARIO;4230,10;;4230,10;430,26;3799,84;
RAISSA BARROS DE JESUS SODRE;CASA CIVIL;ASSESSOR I;; 40:00;28/01/2014;CARGO COMISSION.S/VINCULO;5229,77;;5229,77;941,65;4288,12;
RAISSA CAVALCANTE DA SILVA;SEGOV;MEMBRO;; 20:00;01/05/2023;GRUPO DE TRABALHO;2004,00;;2004,00;;2004,00;
RALIME GRECIA DA SILVA;CASA CIVIL;A.TEC-I;FUNCAO GRATIFICADA F; 30:00;31/03/1986;ESTATUTARIO;6870,61;;6870,61;1387,12;5483,49;
RAPHAEL CARRICO DE AGUIAR;CASA CIVIL;ASSESSOR I;NAO INFORMADO; 40:00;01/03/2021;CARGO COMISSION.S/VINCULO;5229,77;;5229,77;941,65;4288,12;
RAPHAEL CONCEICAO ROQUE;CASA CIVIL;ASSESSOR III;ASSESSOR III; 40:00;22/08/2023;CARGO COMISSION.S/VINCULO;3191,80;;3191,80;309,42;2882,38;
RAQUEL SILVA CAMPOS;CASA CIVIL;ASSESSOR I;ASSESSOR I; 40:00;01/01/2023;CARGO COMISSION.S/VINCULO;5229,77;;5229,77;898,28;4331,49;
RAYAN CARVALHO DA SILVA;CASA CIVIL;ASSESSOR II;ASSESSOR II; 40:00;01/02/2023;CARGO COMISSION.S/VINCULO;4209,79;;4209,79;573,49;3636,30;
REBECCA BEATRIZ FIGUEIRA ARRAEZ;CASA CIVIL;SECRETARIO EXECUTIVO;SECRETARIO EXECUTIVO; 40:00;17/08/2023;CARGO COMISSION.S/VINCULO;14700,00;;14700,00;3805,42;10894,58;
REBEKAH PESSOA REIS AGUIAR ALVES;CASA CIVIL;ASSESSOR I;ASSESSOR I; 40:00;24/04/2023;CARGO COMISSION.S/VINCULO;5229,77;;5229,77;941,65;4288,12;
REGINA COELI BARRETO LIMA E SILVA;CASA CIVIL;A.TEC-I;FG-1 CHEFE DE SETOR; 30:00;01/08/1974;ESTATUTARIO;7566,58;;7566,58;1644,81;5921,77;
REGINA COELI BRITO DOS SANTOS;CASA CIVIL;A.TEC-I;FG-1 ASSESSORIA; 30:00;01/03/1976;ESTATUTARIO;10269,56;;10269,56;2628,80;7640,76;
REGINALDO PIMENTEL DE ALMEIDA;CASA CIVIL;ASSESSOR I;NAO INFORMADO; 40:00;01/12/2019;CARGO COMISSION.S/VINCULO;6973,03;;6973,03;1597,99;5375,04;
REINALDO JOSE RODER FILHO;FUNDO DE PROMOCAO SOCIAL-FPS;ASSESSOR I;ASSESSOR I; 40:00;27/09/2022;CARGO COMISSION.S/VINCULO;5229,77;;5229,77;941,65;4288,12;
REINALDO SILVA DE QUEIROZ;CASA CIVIL;AUX.S.G-III;FG-3 DE ASSESSORIA; 30:00;21/06/2006;ESTATUTARIO;4708,36;;4708,36;580,45;4127,91;
REJANE MARIA DE ARAUJO;UNID.DE GESTAO INTEGRADA - UGI;ASSESSOR I;ASSESSOR I; 40:00;01/01/2023;CARGO COMISSION.S/VINCULO;6973,03;;6973,03;1597,99;5375,04;
RENAN DIAS DE MEDEIROS;CASA CIVIL;ASSESSOR I;NAO INFORMADO; 40:00;02/01/2019;CARGO COMISSION.S/VINCULO;5229,77;;5229,77;855,62;4374,15;
RENATA DE PAULA E SILVA;CASA CIVIL;CONSULTOR TECNICO LEGISLATIVO III;CONSULTOR TECNICO LE; 40:00;13/11/2023;CARGO COMISSION.S/VINCULO;5500,00;;5500,00;1043,39;4456,61;
RICARDINA MARIA MENEZES DOS SANTOS;CASA CIVIL;TNS-I;TEC DE NIV SUPERIOR; 30:00;01/11/1983;ESTATUTARIO;9456,92;;9456,92;2546,65;6910,27;
RISEUDA NASCIMENTO DE MOURA;CASA CIVIL;ASSESSOR I;ASSESSOR I; 40:00;01/01/2023;CARGO COMISSION.S/VINCULO;5229,77;;5229,77;941,65;4288,12;
RITA DE CASSIA DOS SANTOS GONCALVES;CASA CIVIL;A.TEC-I;; 30:00;30/07/1982;ESTATUTARIO;4625,40;;4625,40;818,17;3807,23;
ROBERTO ALENCAR DOS SANTOS;CASA CIVIL;AUX.S.G-I;FG-2; 30:00;19/02/1976;ESTATUTARIO;5853,55;;5853,55;869,55;4984,00;
ROBINE PEREIRA GUIMARAES DE FREITAS;CASA CIVIL;ASSESSOR I;NAO INFORMADO; 40:00;13/09/2019;CARGO COMISSION.S/VINCULO;6973,03;;6973,03;1597,99;5375,04;
RODRIGO DE MOURA MOTA;CASA CIVIL;ASSESSOR I;NAO INFORMADO; 40:00;01/08/2021;CARGO COMISSION.S/VINCULO;5229,77;;5229,77;941,65;4288,12;
ROGERIO CAMPOS DA SILVA;CASA CIVIL;ASSESSOR II;NAO INFORMADO; 40:00;02/01/2019;CARGO COMISSION.S/VINCULO;4209,79;;4209,79;511,45;3698,34;
ROGERIO DE ARAUJO BARBOZA;CASA CIVIL;CHEFE ADJUNTO DA CTL;; 40:00;09/03/2015;CARGO COMISSION.S/VINCULO;9000,00;;9000,00;2237,92;6762,08;
ROSA MARIA SIMOES ALVES DA SILVA;CASA CIVIL;C.TEC.L-U;; 30:00;21/05/1974;ESTATUTARIO;38549,17;;38549,17;13137,25;25411,92;
ROSE LENE SERPA DOS SANTOS;CASA CIVIL;ASSESSOR II;; 40:00;14/03/2017;CARGO COMISSION.S/VINCULO;4209,79;;4209,79;573,49;3636,30;
ROSELIA RODRIGUES SALDANHA;CASA CIVIL;ASSESSOR I;ASSESSOR I; 40:00;13/06/2023;CARGO COMISSION.S/VINCULO;5229,77;;5229,77;941,65;4288,12;
ROSENALDO ROCHA;CASA CIVIL;A.TEC-I;FG-2 ASSESSORIA; 30:00;01/01/1986;ESTATUTARIO;5619,09;;5619,09;993,59;4625,50;
ROSIMEIRE MEDEIROS A GONCALVES;CASA CIVIL;ASSESSOR I;NAO INFORMADO; 40:00;01/02/2019;CARGO COMISSION.S/VINCULO;5229,77;;5229,77;941,65;4288,12;
ROSINEIA NASCIMENTO DE MOURA;FUNDO DE PROMOCAO SOCIAL-FPS;ASSESSOR II;ASSESSOR II; 40:00;01/01/2023;CARGO COMISSION.S/VINCULO;4209,79;;4209,79;573,49;3636,30;
ROSINEIDE D ASSUMPCAO BEZERRA;CASA CIVIL;ASSESSOR I;NAO INFORMADO; 40:00;08/11/2019;CARGO COMISSION.S/VINCULO;5229,77;;5229,77;941,65;4288,12;
ROSIVAN NASCIMENTO DE MOURA;CASA CIVIL;ASSESSOR I;NAO INFORMADO; 40:00;02/01/2019;CARGO COMISSION.S/VINCULO;5229,77;;5229,77;941,65;4288,12;
RUBEM CELANDRO DE SOUZA GUIMARAES;CASA CIVIL;A.TEC-I;FUNCAO GRATIFICADA F; 30:00;17/04/1978;ESTATUTARIO;6363,07;;6363,07;1199,08;5163,99;
RUBENS GONCALVES BRITO;CASA CIVIL;CONSULTOR TECNICO III;CONSULTOR TECNICO II; 40:00;01/01/2023;CARGO COMISSION.S/VINCULO;5500,00;;5500,00;1043,39;4456,61;
SABRINA PESSOA LOBO;CASA CIVIL;ASSESSOR II;ASSESSOR II; 40:00;01/01/2023;CARGO COMISSION.S/VINCULO;4209,79;;4209,79;573,49;3636,30;
SAHMIA MARINHO ABDEL AZIZ;CASA CIVIL;ASSESSOR I;ASSESSOR I; 40:00;17/03/2022;CARGO COMISSION.S/VINCULO;6973,03;;6973,03;1493,71;5479,32;
SALUA PAVAO DA SILVA;CASA CIVIL;SECRETARIO EXECUTIVO ADJUNTO;NAO INFORMADO; 40:00;02/01/2019;CARGO COMISSION.S/VINCULO;9000,00;;9000,00;1680,05;7319,95;
SAMUEL CARVALHO DE SOUZA;CASA CIVIL;MEMBRO DE CONSELHO;; 20:00;01/03/2023;GRUPO DE TRABALHO;5000,00;;5000,00;335,15;4664,85;
SEBASTIAO LUIZ DE LIMA;CASA CIVIL;A.TEC-I;FG-1 CHEFE DE SETOR; 30:00;01/12/1975;ESTATUTARIO;13381,97;;13381,97;3485,49;9896,48;
SEILANI NOGUEIRA ALMENDROS OLIVEIRA;CASA CIVIL;ASSESSOR TECNICO;ASSESSOR TECNICO; 40:00;01/11/2023;CARGO COMISSION.S/VINCULO;7000,00;;7000,00;1608,14;5391,86;
SERGIO ALEXANDRE NASCIMENTO RIBEIRO;CASA CIVIL;ASSESSOR TECNICO;ASSESSOR TECNICO; 40:00;01/11/2022;CARGO COMISSION.S/VINCULO;7000,00;;7000,00;1608,14;5391,86;
SERGIO DE LIMA MACHADO;CASA CIVIL;ASSESSOR CONTABIL;ASSESSOR CONTABIL; 40:00;01/01/2011;CARGO COMISSION.S/VINCULO;6500,00;;6500,00;1367,75;5132,25;
SERGIO PAULO MONTEIRO LITAIFF FILHO;CASA CIVIL;PRESIDENTE;; 40:00;01/01/2024;GRUPO DE TRABALHO;7000,00;;7000,00;873,68;6126,32;
SIDNEY DE SOUZA CABRAL;CASA CIVIL;ASSESSOR III;NAO INFORMADO; 40:00;04/06/2019;CARGO COMISSION.S/VINCULO;3191,80;;3191,80;309,42;2882,38;
SIGRID RAMOS CETRARO;CASA CIVIL;CONSULTOR TECNICO III;CONSULTOR TECNICO II; 40:00;01/07/2023;CARGO COMISSION.S/VINCULO;5500,00;;5500,00;1043,39;4456,61;
SILVANA SILVA DE SOUSA;CASA CIVIL;ASSESSOR II;NAO INFORMADO; 40:00;12/05/2021;CARGO COMISSION.S/VINCULO;4209,79;;4209,79;568,54;3641,25;
SIMONE MAIA AFONSO;CASA CIVIL;ASSESSOR I;ASSESSOR I; 40:00;01/01/2023;CARGO COMISSION.S/VINCULO;5229,77;;5229,77;941,65;4288,12;
SOLANGE DE OLIVEIRA CARDOSO;CASA CIVIL;ASSESSOR II;ASSESSOR II; 40:00;27/09/2022;CARGO COMISSION.S/VINCULO;4209,79;;4209,79;573,49;3636,30;
SOLANGE PEREIRA SALES ALVES;CASA CIVIL;ASSISTENTE TECNICO GOVERNAMENTAL;; 30:00;01/12/1994;ESTATUTARIO;4805,03;;4805,03;483,98;4321,05;
SONIA MARIA DE SOUSA DA SILVA;CASA CIVIL;ASSESSOR III;; 40:00;09/03/2015;CARGO COMISSION.S/VINCULO;3191,80;;3191,80;309,42;2882,38;
SUELEN CRISTINA MAIA A ALBUQUERQUE;CASA CIVIL;ASSESSOR I;; 40:00;01/02/2019;CARGO COMISSION.S/VINCULO;5229,77;;5229,77;941,65;4288,12;
SUELINE CHIXARO AYRES;CASA CIVIL;MEMBRO DE CONSELHO;; 20:00;01/03/2023;GRUPO DE TRABALHO;3000,00;;3000,00;13,20;2986,80;
SUMAIA KALID OSSAMI;CASA CIVIL;ASSESSOR I;; 40:00;15/02/2017;CARGO COMISSION.S/VINCULO;5229,77;;5229,77;941,65;4288,12;
SUZANA AIRES DE OLIVEIRA;FUNDO DE PROMOCAO SOCIAL-FPS;ASSESSOR III;ASSESSOR III; 40:00;19/10/2022;CARGO COMISSION.S/VINCULO;4255,73;;4255,73;524,02;3731,71;
SUZANA FLEURY MENDES DA SILVA;CASA CIVIL;ASSESSOR II;; 40:00;01/11/2017;CARGO COMISSION.S/VINCULO;4209,79;;4209,79;573,49;3636,30;
SUZANE DAS CHAGAS DE OLIVEIRA;FUNDO DE PROMOCAO SOCIAL-FPS;ASSESSOR TECNICO;NAO INFORMADO; 40:00;09/07/2019;CARGO COMISSION.S/VINCULO;7000,00;;7000,00;1608,14;5391,86;
SYND MARIA DE SOUZA HUAMAN NUNES;CASA CIVIL;ASSESSOR II;; 40:00;20/04/2017;CARGO COMISSION.S/VINCULO;5613,05;;5613,05;1085,95;4527,10;
TALITA BASTOS LOUREIRO RAMOS;CASA CIVIL;ASSESSOR I;NAO INFORMADO; 40:00;10/04/2021;CARGO COMISSION.S/VINCULO;5229,77;;5229,77;941,65;4288,12;
TALITA MAILA ALVES BATISTA;CASA CIVIL;ASSESSOR II;ASSESSOR II; 40:00;01/11/2023;CARGO COMISSION.S/VINCULO;6213,79;;6213,79;1065,65;5148,14;
TANIA ZUNAIDE BRAGA RIBEIRO;CASA CIVIL;CONSULTOR TECNICO LEGISLATIVO I;NAO INFORMADO; 40:00;02/01/2019;CARGO COMISSION.S/VINCULO;10000,00;;10000,00;2512,92;7487,08;
TASSIA CAMILA COELHO GOMES;CASA CIVIL;ASSESSOR I;NAO INFORMADO; 40:00;02/01/2019;CARGO COMISSION.S/VINCULO;5229,77;;5229,77;898,28;4331,49;
TATIANA MEIRELLES DE FRANCA;CASA CIVIL;ASSESSOR I;NAO INFORMADO; 40:00;02/01/2019;CARGO COMISSION.S/VINCULO;6973,03;;6973,03;1597,99;5375,04;
TATIANA SANTOS ARAGAO;CASA CIVIL;ASSESSOR II;ASSESSOR II; 40:00;01/12/2022;CARGO COMISSION.S/VINCULO;4209,79;;4209,79;568,54;3641,25;
TATIANNE VIEIRA ASSAYAG TOLEDO;CASA CIVIL;PROCURADOR DO ESTADO 2A CLASSE;CHEFE DA CONSULT.TEC; 30:00;09/01/2023;ESTATUTARIO;12862,69;1011,94;11850,75;2206,54;9644,21;
TAYZ HELENA GUIMARAES DE M MATTOS;CASA CIVIL;SECRETARIO EXEC.EXTR.DE PROJETOS;SECRETARIO EXEC.EXTR; 40:00;22/05/2023;CARGO COMISSION.S/VINCULO;11700,00;;11700,00;2980,42;8719,58;
TERESINHA DE JESUS ASSUNCAO ALVES;CASA CIVIL;ASSISTENTE TECNICO GOVERNAMENTAL;FUNCAO GRATIFICADA F; 30:00;01/08/1987;ESTATUTARIO;5686,49;;5686,49;703,93;4982,56;
TEREZINHA BONATES MIRANDA;CASA CIVIL;A.TEC-I;FG-1 ASSESSORIA; 30:00;22/04/1964;ESTATUTARIO;8724,98;;8724,98;1348,05;7376,93;
TEREZINHA DE JESUS ORAN BARROS COEL;CASA CIVIL;ASSESSOR III;ASSESSOR III AD 3; 40:00;09/03/2015;CARGO COMISSION.S/VINCULO;3191,80;;3191,80;309,42;2882,38;
THAIS OLIVEIRA MAIA;CASA CIVIL;ASSESSOR I;ASSESSOR I; 40:00;09/06/2022;CARGO COMISSION.S/VINCULO;5229,77;;5229,77;941,65;4288,12;
THAISA HONDA DE SOUSA;CASA CIVIL;ASSESSOR I;ASSESSOR I; 40:00;13/11/2023;CARGO COMISSION.S/VINCULO;5229,77;;5229,77;898,28;4331,49;
THALIRIA FELIX BENAION;FUNDO DE PROMOCAO SOCIAL-FPS;ASSESSOR TECNICO;NAO INFORMADO; 40:00;02/01/2019;CARGO COMISSION.S/VINCULO;7000,00;;7000,00;1608,14;5391,86;
THAYLA GALATE GOMES;CASA CIVIL;SECRETARIO EXECUTIVO ADJUNTO;SECRETARIO EXECUTIVO; 40:00;22/08/2023;CARGO COMISSION.S/VINCULO;9000,00;;9000,00;2237,92;6762,08;
THAYNA RIBEIRO FONTENELLE;FUNDO DE PROMOCAO SOCIAL-FPS;ASSESSOR II;ASSESSOR II; 40:00;01/08/2023;CARGO COMISSION.S/VINCULO;4209,79;;4209,79;573,49;3636,30;
THEREZA NAGILA SILVA DE OLIVEIRA;FUNDO DE PROMOCAO SOCIAL-FPS;ASSESSOR IV;ASSESSOR IV; 40:00;16/01/2023;CARGO COMISSION.S/VINCULO;2575,61;;2575,61;210,62;2364,99;
THEREZA THALYTA DE JESUS MARTINS;CASA CIVIL;ASSESSOR I;NAO INFORMADO; 40:00;08/07/2019;CARGO COMISSION.S/VINCULO;5229,77;;5229,77;941,65;4288,12;
THIAGO TEIXEIRA DE CASTRO;CASA CIVIL;CONSULTOR TEC.LEGISLATIVO;NAO INFORMADO; 40:00;01/04/2019;CARGO COMISSION.S/VINCULO;5229,77;;5229,77;941,65;4288,12;
TIAGO MONTEIRO DE PAIVA;CASA CIVIL;SUBCHEFE DO GAB.PESSOAL DO GOVERN.;SUBCHEFE DO GAB.PESS; 40:00;01/05/2022;CARGO COMISSION.S/VINCULO;11700,00;;11700,00;2980,42;8719,58;
UBIRAGILDO DO NASCIMENTO SARAIVA;CASA CIVIL;ASSISTENTE TECNICO GOVERNAMENTAL;; 30:00;15/01/1989;ESTATUTARIO;3766,57;;3766,57;287,86;3478,71;
UBIRAJARA RAMOS MORAES JUNIOR;CASA CIVIL;TNS-II;FG-2 ASSESSORIA; 30:00;13/02/1978;ESTATUTARIO;10291,28;;10291,28;2850,39;7440,89;
VALDIR ALVES DE VASCONCELOS;CASA CIVIL;A.TEC-I;ASSIST TECNICO; 30:00;01/01/1985;ESTATUTARIO;4443,13;;4443,13;755,50;3687,63;
VALERIA DA SILVA SODRE;CASA CIVIL;ASSESSOR TECNICO;; 40:00;01/12/2019;DISP. OUTROS ESFERAS;6000,00;;6000,00;598,68;5401,32;
VANIA LUCIA PINHEIRO NASCIMENTO;UNID.DE GESTAO INTEGRADA - UGI;ASSESSOR III;; 40:00;01/06/2020;CARGO COMISSION.S/VINCULO;3191,80;;3191,80;309,42;2882,38;
VANUSA DA SILVA CUNHA;CASA CIVIL;ASSISTENTE TECNICO GOVERNAMENTAL;FG-3 DE ASSESSORIA; 30:00;04/01/1993;ESTATUTARIO;6435,04;;6435,04;908,57;5526,47;
VERA DOS SANTOS GUIMARAES;CASA CIVIL;ASSISTENTE TECNICO GOVERNAMENTAL;FG-2 GESTOR DE CONT.; 30:00;16/03/1987;ESTATUTARIO;5686,49;;5686,49;703,93;4982,56;
VERA LUCIA MARTINS PINTO;CASA CIVIL;ASSESSOR I;ASSESSOR I; 40:00;18/01/2022;CARGO COMISSION.S/VINCULO;6973,03;;6973,03;1597,99;5375,04;
VERANILCE FERNANDES PANTOJA;CASA CIVIL;A.TEC-I;FG-3 ASSESSORIA; 30:00;21/09/1983;ESTATUTARIO;5693,10;;5693,10;1061,15;4631,95;
VIRNA SOUZA DA ROCHA;CASA CIVIL;ASSESSOR III;NAO INFORMADO; 40:00;14/09/2021;CARGO COMISSION.S/VINCULO;3191,80;;3191,80;309,42;2882,38;
VIVIANE CRISTINA FARIAS MAIA;FUNDO DE PROMOCAO SOCIAL-FPS;ASSESSOR II;ASSESSOR II; 40:00;01/01/2023;CARGO COMISSION.S/VINCULO;4209,79;;4209,79;573,49;3636,30;
WAGNER ALEXANDRE R FILGUEIRAS;CASA CIVIL;ASSESSOR III;NAO INFORMADO; 40:00;01/02/2019;CARGO COMISSION.S/VINCULO;3191,80;;3191,80;309,42;2882,38;
WALESKA SALES DE SANTANA;FUNDO DE PROMOCAO SOCIAL-FPS;ASSESSOR II;NAO INFORMADO; 40:00;07/02/2020;CARGO COMISSION.S/VINCULO;4209,79;;4209,79;573,49;3636,30;
WALTERNY DE SOUZA FERREIRA;CASA CIVIL;ASSESSOR I;NAO INFORMADO; 40:00;01/02/2019;CARGO COMISSION.S/VINCULO;5229,77;;5229,77;898,28;4331,49;
WANDA DE SOUZA TRINDADE;CASA CIVIL;REDATOR GOVERNAMENTAL;FG-1 ASSESSORIA; 30:00;23/03/1990;ESTATUTARIO;8738,67;;8738,67;1856,71;6881,96;
WELLAS GOES RAMOS;CASA CIVIL;ASSESSOR I;ASSESSOR I; 40:00;01/03/2022;CARGO COMISSION.S/VINCULO;5229,77;;5229,77;941,65;4288,12;
WELLINGTON DE OLIVEIRA GONCALVES;FUNDO DE PROMOCAO SOCIAL-FPS;ASSESSOR II;NAO INFORMADO; 40:00;02/01/2019;CARGO COMISSION.S/VINCULO;4209,79;;4209,79;568,54;3641,25;
WENDEL FRANCO RODRIGUES;CASA CIVIL;ASSESSOR I;NAO INFORMADO; 40:00;01/12/2019;CARGO COMISSION.S/VINCULO;5229,77;;5229,77;941,65;4288,12;
WILLIAM FRANCO RODRIGUES;CASA CIVIL;SECRETARIO EXECUTIVO ADJUNTO;NAO INFORMADO; 40:00;02/01/2019;CARGO COMISSION.S/VINCULO;9000,00;;9000,00;2237,92;6762,08;
WILSON FERREIRA CARDOSO;CASA CIVIL;ASSESSOR TECNICO;ASSESSOR TECNICO; 40:00;01/11/2023;CARGO COMISSION.S/VINCULO;7000,00;;7000,00;1608,14;5391,86;
WILSON MIRANDA LIMA;CASA CIVIL;GOVERNADOR DE ESTADO;NAO INFORMADO; 40:00;01/01/2019;CARGO COMISSION.S/VINCULO;34070,00;;34070,00;9132,17;24937,83;
WILSON TEIXEIRA MARIANO;CASA CIVIL;A.TEC-I;; 30:00;08/07/1980;ESTATUTARIO;4453,10;;4453,10;758,97;3694,13;
WISSILENE FERREIRA LIMA;FUNDO DE PROMOCAO SOCIAL-FPS;ASSESSOR II;ASSESSOR II; 40:00;01/06/2022;CARGO COMISSION.S/VINCULO;4209,79;;4209,79;573,49;3636,30;
YANA DEISY MARINHO DE ARAUJO;SEGOV;MEMBRO;; 20:00;01/05/2023;GRUPO DE TRABALHO;2004,00;;2004,00;;2004,00;
YARA CHAVES GALDINO RAMOS;CASA CIVIL;COORDENADOR UNID COORD PROJETO;NAO INFORMADO; 40:00;01/03/2021;CARGO COMISSION.S/VINCULO;9000,00;;9000,00;2237,92;6762,08;
YASMIN ATALLA COSTA DE MELO LOPES;FUNDO DE PROMOCAO SOCIAL-FPS;ASSESSOR III;ASSESSOR III; 40:00;01/02/2023;CARGO COMISSION.S/VINCULO;3191,80;;3191,80;309,42;2882,38;
YNGRID VENTILARI DE F BEZERRA;CASA CIVIL;ASSESSOR TECNICO;NAO INFORMADO; 40:00;01/04/2021;CARGO COMISSION.S/VINCULO;7000,00;;7000,00;1503,86;5496,14;
YONE PAES LESSA;CASA CIVIL;A.TEC-I;; 30:00;05/04/1974;ESTATUTARIO;7879,53;;7879,53;1972,42;5907,11;
YURI MOISES TAKETOMI OLIMPIO;CASA CIVIL;AGENTE ADM.-AGA-T.S.N.A.-E;ASSESSOR II; 30:00;01/01/2023;ESTATUTARIO;4965,53;;4965,53;622,19;4343,34;
