NOME;LOTACAO;CARGO;FUNCAO;CARGA HR SEM;DT DE ADMISSAO;VINCULO;REMUNERACAO LEGAL TOTAL(R$);DESC.TETO(R$); REMUNERACAO LEGAL DEVIDA(R$);DESCONTOS LEGAIS(R$);LIQUIDO DISPONIVEL(R$);
ALEXANDRE MOREIRA FIGUEIREDO;CONTRATADOS;ASSESSOR IV;; 40:00;01/03/2023;CARGO COMISSION.S/VINCULO;1931,70;;1931,70;152,67;1779,03;
ANA CAROLINA DA COSTA MAIA;CONTRATADOS;SECRETARIO EXECUTIVO ADJUNTO;SECRETARIO EXECUTIVO; 40:00;01/05/2023;CARGO COMISSION.S/VINCULO;9500,00;;9500,00;2237,92;7262,08;
ANDRE LUIZ BARROS GIOIA;EFETIVOS;CORONEL;SECRETARIO EXECUTIVO; 30:00;02/01/2023;ESTATUTARIO;10045,53;1748,33;8297,20;1230,41;7066,79;
ANDRE PEREIRA AMAZONAS;CONTRATADOS;ASSESSOR II;ASSESSOR II; 40:00;02/01/2023;CARGO COMISSION.S/VINCULO;4709,79;;4709,79;643,49;4066,30;
ANNA CAROLINE ANDRADE PINTO;CONTRATADOS;ASSESSOR II;ASSESSOR II; 40:00;02/01/2023;CARGO COMISSION.S/VINCULO;4709,79;;4709,79;643,49;4066,30;
DAMIAO SARAIVA PEREIRA JUNIOR;CONTRATADOS;ASSESSOR III;ASSESSOR III; 40:00;01/09/2023;CARGO COMISSION.S/VINCULO;3691,80;;3691,80;369,42;3322,38;
FABIANE NOGUEIRA MARINHO;EFETIVOS;ASSESSOR III;ASSESSOR III; 40:00;01/03/2023;CARGO COMISSION.S/VINCULO;4755,73;;4755,73;656,81;4098,92;
GABRIEL JACAUNA DE LIMA;CONTRATADOS;ASSESSOR II;ASSESSOR II; 40:00;01/09/2023;CARGO COMISSION.S/VINCULO;4709,79;;4709,79;643,49;4066,30;
JULIA BEATRIZ NAVEGANTE QUEIROZ;CONTRATADOS;ASSESSOR IV;ASSESSOR IV; 40:00;01/03/2023;CARGO COMISSION.S/VINCULO;3934,15;;3934,15;419,87;3514,28;
LAERTE NOGUEIRA DA SILVA;CONTRATADOS;ASSESSOR TECNICO;ASSESSOR TECNICO; 40:00;01/05/2023;CARGO COMISSION.S/VINCULO;7500,00;;7500,00;1658,89;5841,11;
LARYSSA FARIAS FEITOZA LOBATO;CONTRATADOS;ASSESSOR TECNICO;ASSESSOR TECNICO; 40:00;01/05/2023;CARGO COMISSION.S/VINCULO;7500,00;;7500,00;1658,89;5841,11;
LEANDRO EDMEE LIMA DE OLIVEIRA;CONTRATADOS;ASSESSOR IV;ASSESSOR IV; 40:00;01/09/2023;CARGO COMISSION.S/VINCULO;3075,61;;3075,61;267,89;2807,72;
LUANA GUIANA SAUNIER DE ALCANTARA;CONTRATADOS;ASSESSOR I;ASSESSOR I; 40:00;01/06/2023;CARGO COMISSION.S/VINCULO;5229,77;;5229,77;941,65;4288,12;
MARIA CANDIDA TAMER DE PAULA;CONTRATADOS;ASSESSOR I;ASSESSOR I; 40:00;01/03/2023;CARGO COMISSION.S/VINCULO;7473,03;;7473,03;1648,74;5824,29;
RICARDO SANTOS MACHADO DE SOUSA;CONTRATADOS;ASSESSOR I;ASSESSOR I; 40:00;02/01/2023;CARGO COMISSION.S/VINCULO;5729,77;;5729,77;995,19;4734,58;
SERGIO RENAM DE MELLO FREITAS;CONTRATADOS;ASSESSOR II;ASSESSOR II; 40:00;01/03/2023;CARGO COMISSION.S/VINCULO;6113,05;;6113,05;1136,70;4976,35;
TADEU DE SOUZA SILVA;CONTRATADOS;PROCURADOR DO ESTADO 3A CLASSE;VICE GOVERNADOR; 40:00;01/08/2023;EFETIVO EM CARGO ELETIVO;38924,74;;38924,74;12982,56;25942,18;
TAMMY SUKY RIBEIRO DA SILVA;CONTRATADOS;ASSESSOR I;ASSESSOR I; 40:00;01/09/2023;CARGO COMISSION.S/VINCULO;5729,77;;5729,77;995,19;4734,58;
THIAGO BARROS GOMES;CONTRATADOS;ASSESSOR I;ASSESSOR I; 40:00;21/06/2023;CARGO COMISSION.S/VINCULO;5729,77;;5729,77;995,19;4734,58;
UBIRACY RIBEIRO FIGUEIRA JUNIOR;CONTRATADOS;ASSESSOR I;; 40:00;01/07/2023;CARGO COMISSION.S/VINCULO;5723,68;;5723,68;91,52;5632,16;
