NOME;LOTACAO;CARGO;FUNCAO;CARGA HR SEM;DT DE ADMISSAO;VINCULO;REMUNERACAO LEGAL TOTAL(R$);DESC.TETO(R$); REMUNERACAO LEGAL DEVIDA(R$);DESCONTOS LEGAIS(R$);LIQUIDO DISPONIVEL(R$);
ALICE LIMA VEIGA;PROCON;ASSESSOR III;ASSESSOR III; 30:00;02/10/2023;CARGO COMISSION.S/VINCULO;3208,46;;3208,46;325,22;2883,24;
ANA BEATRIZ DUQUE JOHNSON CAETANO;PROCON;ASSESSOR III;NAO INFORMADO; 40:00;08/11/2021;CARGO COMISSION.S/VINCULO;3208,46;;3208,46;325,22;2883,24;
ANNALU MENDES GUEDES MORAIS;PROCON;CHEFE DE GABINETE;CHEFE DE GABINETE; 40:00;08/09/2022;CARGO COMISSION.S/VINCULO;6989,69;;6989,69;1610,72;5378,97;
BRENO LEANDRO DE SEIXAS DUARTE;PROCON;ASSESSOR III;ASSESSOR III; 30:00;01/12/2023;CARGO COMISSION.S/VINCULO;3208,46;;3208,46;325,22;2883,24;
BRIAN CARNEIRO DA SILVA PESSOA;PROCON;ASSESSOR III;NAO INFORMADO; 40:00;12/08/2020;CARGO COMISSION.S/VINCULO;3208,46;;3208,46;325,22;2883,24;
BRUNA DAYANA DE SOUZA B PANTOJA;PROCON;ASSESSOR III;NAO INFORMADO; 40:00;06/03/2020;CARGO COMISSION.S/VINCULO;3208,46;;3208,46;325,22;2883,24;
BRUNO UCHOA REBOUCAS;PROCON;ASSESSOR II;NAO INFORMADO; 40:00;06/03/2020;CARGO COMISSION.S/VINCULO;4226,45;;4226,45;592,38;3634,07;
CAMILA DOS SANTOS SOUZA;PROCON;ASSESSOR II;NAO INFORMADO; 40:00;06/03/2020;CARGO COMISSION.S/VINCULO;5629,71;;5629,71;1046,54;4583,17;
CARLA ADAO MARQUES;PROCON;ASSESSOR II;NAO INFORMADO; 40:00;06/03/2020;CARGO COMISSION.S/VINCULO;4226,45;;4226,45;581,56;3644,89;
CARLOS MARCOLINO DA SILVA;PROCON;ASSESSOR II;NAO INFORMADO; 40:00;08/07/2020;CARGO COMISSION.S/VINCULO;4226,45;;4226,45;553,13;3673,32;
CHARLES OLIVEIRA DO VALLE FILHO;PROCON;ASSESSOR II;ASSESSOR II; 40:00;01/04/2022;CARGO COMISSION.S/VINCULO;4226,45;;4226,45;592,38;3634,07;
CINTIA SUELEN COSTA ALENCAR;PROCON;DIRETOR ADMINISTRATIVO E FINANCEIRO;NAO INFORMADO; 40:00;01/04/2021;CARGO COMISSION.S/VINCULO;12016,66;;12016,66;3073,96;8942,70;
CONCEICAO COSTA VIANNA;PROCON;ASSESSOR III;ASSESSOR III; 40:00;01/01/2023;CARGO COMISSION.S/VINCULO;4272,39;;4272,39;605,71;3666,68;
DEUSDEDIT DE BRITO RAMOS;PROCON;ASSESSOR I;ASSESSOR I; 40:00;01/06/2022;CARGO COMISSION.S/VINCULO;5246,43;;5246,43;911,13;4335,30;
EDMUNDO GABRIEL DUTRA QUEIROZ;PROCON;ASSESSOR III;ASSESSOR III; 40:00;01/03/2022;CARGO COMISSION.S/VINCULO;3208,46;;3208,46;325,22;2883,24;
FABIANA LIMA DA ROCHA;PROCON;CHEFE DE DEPARTAMENTO;NAO INFORMADO; 40:00;06/03/2020;CARGO COMISSION.S/VINCULO;5246,43;;5246,43;954,38;4292,05;
FABIO RONDINELLY DA SILVA E SILVA;PROCON;ASSESSOR III;NAO INFORMADO; 40:00;06/03/2020;CARGO COMISSION.S/VINCULO;3208,46;;3208,46;325,22;2883,24;
FLAVIA MAIA RIBEIRO;PROCON;ASSESSOR II;ASSESSOR II; 40:00;11/11/2022;CARGO COMISSION.S/VINCULO;5629,71;;5629,71;1046,54;4583,17;
ISABELLE GIOVANNA DA S RODRIGUES;PROCON;ASSESSOR III;NAO INFORMADO; 40:00;06/03/2020;CARGO COMISSION.S/VINCULO;3208,46;;3208,46;325,22;2883,24;
JALIL FRAXE CAMPOS;PROCON;DIRETOR PRESIDENTE;NAO INFORMADO; 40:00;01/03/2020;CARGO COMISSION.S/VINCULO;15616,66;;15616,66;4063,96;11552,70;
JOAO PEDRO SALES SANTANA CARVALHO;PROCON;ASSESSOR II;NAO INFORMADO; 40:00;06/03/2020;CARGO COMISSION.S/VINCULO;4226,45;;4226,45;592,38;3634,07;
JUCY ANY GOMES BARBOSA;PROCON;ASSESSOR II;NAO INFORMADO; 40:00;06/03/2020;CARGO COMISSION.S/VINCULO;4226,45;;4226,45;592,38;3634,07;
JUCYRNEI ALENCAR CANIZO DE BRITO;PROCON;ASSESSOR III;ASSESSOR III; 30:00;04/12/2023;CARGO COMISSION.S/VINCULO;3208,46;;3208,46;325,22;2883,24;
LAIS HADDAD FORONDA;PROCON;ASSESSOR III;ASSESSOR III; 40:00;25/04/2023;CARGO COMISSION.S/VINCULO;3208,46;;3208,46;315,09;2893,37;
LARISSA FREIRE DE SOUSA;PROCON;ASSESSOR II;NAO INFORMADO; 40:00;08/11/2021;CARGO COMISSION.S/VINCULO;5629,71;;5629,71;1046,54;4583,17;
LENIA SOCORRO AMARO DOS SANTOS;PROCON;ASSESSOR II;ASSESSOR II; 40:00;09/02/2023;CARGO COMISSION.S/VINCULO;5629,71;;5629,71;1098,68;4531,03;
LORENA NATALIA BANQUERO BARREIRO;PROCON;GERENTE;; 40:00;06/03/2020;CARGO COMISSION.S/VINCULO;9705,90;;9705,90;551,14;9154,76;
LUCELIA REGINA PACHECO ARAUJO;PROCON;ASSESSOR II;ASSESSOR II; 40:00;25/04/2023;CARGO COMISSION.S/VINCULO;4226,45;;4226,45;592,38;3634,07;
LUCIANA CRISTINNE NERY DE O PEDROSO;PROCON;ASSESSOR I;ASSESSOR I; 40:00;10/03/2023;CARGO COMISSION.S/VINCULO;5246,43;;5246,43;954,38;4292,05;
LUIS HENRIQUE TUPINAMBA DE A LINS;PROCON;GERENTE;NAO INFORMADO; 40:00;06/03/2020;CARGO COMISSION.S/VINCULO;5629,71;;5629,71;1098,68;4531,03;
MARIA MIRTES SALES DE OLIVEIRA;PROCON;ASSESSOR I;ASSESSOR I; 40:00;16/05/2023;CARGO COMISSION.S/VINCULO;5246,43;;5246,43;954,38;4292,05;
MARIETE DO CARMO MAIA;PROCON;ASSESSOR II;NAO INFORMADO; 40:00;06/03/2020;CARGO COMISSION.S/VINCULO;5629,71;;5629,71;1098,68;4531,03;
MATHEUS CASTRO DE ANDRADE ANTUNES;PROCON;ASSESSOR III;ASSESSOR III; 40:00;06/03/2023;CARGO COMISSION.S/VINCULO;3208,46;;3208,46;325,22;2883,24;
PEDRO COELHO MALTA;PROCON;CHEFE DE DEPARTAMENTO;CHEFE DE DEPARTAMENT; 40:00;10/03/2023;CARGO COMISSION.S/VINCULO;5246,43;;5246,43;954,38;4292,05;
RAFAEL FREIRE DE ABREU;PROCON;ASSESSOR III;NAO INFORMADO; 40:00;06/03/2020;CARGO COMISSION.S/VINCULO;3208,46;;3208,46;325,22;2883,24;
RAIMUNDO JOSE DO NASCIMENTO AMORIM;PROCON;ASSESSOR II;NAO INFORMADO; 40:00;03/08/2020;CARGO COMISSION.S/VINCULO;4709,79;;4709,79;610,64;4099,15;
RAQUEL LIMA MOTA MORAIS SILVEIRA;PROCON;CHEFE DE DEPARTAMENTO;CHEFE DE DEPARTAMENT; 40:00;01/07/2022;CARGO COMISSION.S/VINCULO;5246,43;;5246,43;954,38;4292,05;
SASHA CAMILO SUANO D A VEIGA;PROCON;DIRETOR TECNICO;NAO INFORMADO; 40:00;01/03/2020;CARGO COMISSION.S/VINCULO;9016,66;;9016,66;2248,96;6767,70;
STERFFSON LUIS TARGINO CRUZ;PROCON;ASSESSOR II;NAO INFORMADO; 40:00;08/11/2021;CARGO COMISSION.S/VINCULO;5629,71;;5629,71;1098,68;4531,03;
VLADILCE DE ARAUJO FRAGATA;PROCON;GERENTE;NAO INFORMADO; 40:00;06/03/2020;CARGO COMISSION.S/VINCULO;4226,45;;4226,45;581,56;3644,89;
WALDEMAR DOUGLAS BELOTA ROCHA;PROCON;ASSESSOR I;ASSESSOR I; 40:00;01/07/2022;CARGO COMISSION.S/VINCULO;5246,43;;5246,43;954,38;4292,05;
WALDIR BARROS DE LIMA FILHO;PROCON;CHEFE DE DEPARTAMENTO;NAO INFORMADO; 40:00;20/07/2021;CARGO COMISSION.S/VINCULO;5246,43;;5246,43;911,13;4335,30;
WALLACE SABOIA DOS SANTOS;PROCON;ASSESSOR I;NAO INFORMADO; 40:00;01/02/2021;CARGO COMISSION.S/VINCULO;5246,43;;5246,43;954,38;4292,05;
WARLEY VICENTE DA SILVA;PROCON;ASSESSOR III;ASSESSOR III; 40:00;01/09/2022;CARGO COMISSION.S/VINCULO;3208,46;;3208,46;325,22;2883,24;
YASMIM QUEIROZ FREITAS;PROCON;CHEFE DE DEPARTAMENTO;CHEFE DE DEPARTAMENT; 40:00;01/04/2022;CARGO COMISSION.S/VINCULO;6989,69;;6989,69;1610,72;5378,97;
ZILDA NATALIA LOPES GALDINO;PROCON;ASSESSOR III;; 40:00;06/03/2020;CARGO COMISSION.S/VINCULO;13742,46;;13742,46;364,61;13377,85;
