NOME;LOTACAO;CARGO;FUNCAO;CARGA HR SEM;DT DE ADMISSAO;VINCULO;REMUNERACAO LEGAL TOTAL(R$);DESC.TETO(R$); REMUNERACAO LEGAL DEVIDA(R$);DESCONTOS LEGAIS(R$);LIQUIDO DISPONIVEL(R$);
ADALBERTO AROUCA REIS;FUND.DERM.TROP.VEN.ALFRED.MATA;TEC.DE PAT.CLINICA-TPC-P.S.N.M.-A;; 30:00;03/11/1997;ESTATUTARIO;3585,20;;3585,20;357,22;3227,98;
ADRIANA ANDRADE RAPOSO;FUND.DERM.TROP.VEN.ALFRED.MATA;MEDICO ESPECIALISTA;; 20:00;03/10/2005;ESTATUTARIO;10028,50;;10028,50;2822,56;7205,94;
ADRIANO PLACIDO DA ROCHA SOBRAL;FUND.DERM.TROP.VEN.ALF.DA MATA;AGENTE ADM.-AGA-T.S.N.A.-E;; 30:00;20/03/2018;ESTATUTARIO;2705,69;;2705,69;294,80;2410,89;
ADRIANY PRISCILA C NCIO ARAUJO;FUND.DERM.TROP.VEN.ALF.DA MATA;AGENTE ADM.-AGA-T.S.N.A.-E;SUBGERENTE; 30:00;01/02/2024;ESTATUTARIO;5105,69;;5105,69;653,73;4451,96;
AGLIMAR COSTA BARRONCAS;FUND.DERM.TROP.VEN.ALFRED.MATA;AUXILIAR DE ENFERMAGEM A;; 30:00;01/03/2000;ESTATUTARIO;3024,87;;3024,87;317,52;2707,35;
ALESSANDRA MARIA MOURA S SOUZA;FUND.DERM.TROP.VEN.ALFRED.MATA;GERENTE;GERENTE AD-2; 40:00;01/02/2011;CARGO COMISSION.S/VINCULO;4693,27;;4693,27;623,70;4069,57;
ALESSANDRA MARQUES NASCIMENTO;FUND.DERM.TROP.VEN.ALF.DA MATA;AGENTE ADM.-AGA-T.S.N.A.-E;GERENTE; 30:00;22/03/2018;ESTATUTARIO;6705,69;;6705,69;922,54;5783,15;
ALEXANDRA DE FREITAS COSTA;FUND.DERM.TROP.VEN.ALFRED.MATA;TECNICO DE SAUDE EM DERMATOLOGIA;GERENTE; 30:00;03/10/2005;ESTATUTARIO;6411,40;;6411,40;940,42;5470,98;
ALFREDO VIDAL DA SILVA JUNIOR;FUND.DERM.TROP.VEN.ALF.DA MATA;AGENTE ADM.-AGA-T.S.N.A.-E;; 30:00;01/03/2018;ESTATUTARIO;2705,69;;2705,69;294,80;2410,89;
ALINE BASILICE CIPRIANO GUERREIRO;FUND.DERM.TROP.VEN.ALF.DA MATA;ENFERMEIRO-ENF-P.S.N.S.-A;; 30:00;01/03/2018;ESTATUTARIO;8098,34;;8098,34;1927,13;6171,21;
ALVARO LUIS BRANDAO DE FREITAS;FUND.DERM.TROP.VEN.ALFRED.MATA;TECNICO EM DERMAT SANITARIA;; 30:00;26/03/1981;ESTATUTARIO;4518,68;;4518,68;571,61;3947,07;
AMANDA COSTA DA SILVA;FUND.DERM.TROP.VEN.ALFRED.MATA;AUXILIAR DE ENFERMAGEM A;AUX. DE ENFERMAGEM; 30:00;01/03/2000;ESTATUTARIO;2461,08;;2461,08;317,52;2143,56;
AMAURI DAMASCENO PASSOS;FUND.DERM.TROP.VEN.ALFRED.MATA;TECNICO EM DERMAT SANITARIA;; 30:00;12/03/1986;ESTATUTARIO;3740,67;;3740,67;463,44;3277,23;
ANA CELIA DA SILVA MOURA;FUND.DERM.TROP.VEN.ALFRED.MATA;FARMACEUTICO;FARMACEUTICO; 30:00;01/03/2000;ESTATUTARIO;12334,75;;12334,75;3144,27;9190,48;
ANA CLAUDIA ARAUJO LOPES CHAVES CAM;FUND.DERM.TROP.VEN.ALFRED.MATA;ENFERMEIRO-ENF-P.S.N.S.-B;ENFERMEIRA; 30:00;27/10/2005;ESTATUTARIO;12170,48;;12170,48;3166,68;9003,80;
ANA CRISTINA DE LIMA MIRANDA;FUND.DERM.TROP.VEN.ALFRED.MATA;TECNICO DE PATOLOGIA CLINICA A;TEC. PATOL. CLINICA; 20:00;01/03/2000;ESTATUTARIO;3270,63;;3270,63;373,89;2896,74;
ANA CRISTINA MEZA BATAGINI;FUND.DERM.TROP.VEN.ALFRED.MATA;CIR.DENT.-CCRD-P.S.N.S.-A;CIRURGIAO DENTISTA; 30:00;04/06/2009;ESTATUTARIO;8098,34;;8098,34;1927,13;6171,21;
ANA LUCIA ALVES DE MESQUITA;FUND.DERM.TROP.VEN.ALFRED.MATA;TEC. DE ENFERMAGEM-TEN-P.S.N.M.-A;; 30:00;07/03/2006;ESTATUTARIO;3486,62;;3486,62;404,13;3082,49;
ANA VERONICA MATIAS P DAMASCENO;FUND.DERM.TROP.VEN.ALFRED.MATA;TEC.DE PAT.CLINICA-TPC-P.S.N.M.-A;TEC. PATOLOGIA; 30:00;30/05/2008;ESTATUTARIO;3643,76;;3643,76;399,39;3244,37;
ANDRE LUIZ LETURIONDO;FUND.DERM.TROP.VEN.ALFRED.MATA;FARMACEUTICO BIOQUIMICO A;FARMAC. BIOQUIMICO; 20:00;01/03/2000;ESTATUTARIO;11282,57;;11282,57;2854,92;8427,65;
ANDRE LUIZ LETURIONDO;FUND.DERM.TROP.VEN.ALF.DA MATA;FARMAC.BIOQ. -FAB-P.S.N.S.-A;FARMAC. BIOQUIMICO; 20:00;30/05/2008;ESTATUTARIO;11202,32;;11202,32;3037,41;8164,91;
ANDREZA AZEVEDO TELES;FUND.DERM.TROP.VEN.ALFRED.MATA;AUXILIAR DE ENFERMAGEM A;AUX. DE ENFERMAGEM; 30:00;01/03/2000;ESTATUTARIO;2867,98;;2867,98;317,52;2550,46;
ANIZE MARLY SIMOES;FUND.DERM.TROP.VEN.ALFRED.MATA;COPEIRO A;; 30:00;13/11/1997;ESTATUTARIO;2322,24;;2322,24;325,11;1997,13;
ANTONIO CLOVES CARVALHO DE MOURA;FUND.DERM.TROP.VEN.ALF.DA MATA;TEC. DE ENFERMAGEM-TEN-P.S.N.M.-A;; 30:00;05/03/2018;ESTATUTARIO;2670,63;;2670,63;373,89;2296,74;
ARIANA SARMENTO DA CUNHA LEAO;FUND.DERM.TROP.VEN.ALF.DA MATA;AGENTE ADM.-AGA-T.S.N.A.-E;; 30:00;25/09/2018;ESTATUTARIO;2705,69;;2705,69;294,80;2410,89;
ARINILDA DA SILVA PRADO MARTINHO;FUND.DERM.TROP.VEN.ALFRED.MATA;AUXILIAR DE ENFERMAGEM;AUX. DE ENFERMAGEM; 30:00;14/03/1994;ESTATUTARIO;3061,08;;3061,08;317,52;2743,56;
ARNOLDO ARAUJO DOS SANTOS;FUND.DERM.TROP.VEN.ALFRED.MATA;ASSESSOR I;ASSESSOR I; 40:00;01/01/2023;CARGO COMISSION.S/VINCULO;5700,30;;5700,30;962,86;4737,44;
BEATRIZ COSTA CARDOSO;FUND.DERM.TROP.VEN.ALFRED.MATA;MEDICO RESIDENTE;; 40:00;01/03/2023;RESIDENTE;4706,09;;4706,09;;4706,09;
BENIVALDA DOS SANTOS DOLZANE;FUND.DERM.TROP.VEN.ALFRED.MATA;TECNICO DE SAUDE EM DERMATOLOGIA;; 30:00;07/03/2006;ESTATUTARIO;3411,40;;3411,40;393,60;3017,80;
BENJAMIN PERPETUO DE SOUZA FILHO;FUND.DERM.TROP.VEN.ALFRED.MATA;ASSIST. DA ADM. AUXILIAR 2A CLASSE;; 30:00;25/07/1985;ESTATUTARIO;4320,18;;4320,18;423,03;3897,15;
CAIO AUGUSTO MASCARENHAS DIAS;FUND.DERM.TROP.VEN.ALFRED.MATA;ASSESSOR I;ASSESSOR I; 40:00;01/01/2023;CARGO COMISSION.S/VINCULO;5700,30;;5700,30;920,20;4780,10;
CAMILA GURGEL DOS SANTOS DA SILVA;FUND.DERM.TROP.VEN.ALFRED.MATA;FARMAC.BIOQ. -FAB-P.S.N.S.-A;; 20:00;19/07/2018;ESTATUTARIO;9503,78;;9503,78;2334,47;7169,31;
CARLA ANTONIA NAZARETH JAIME;FUND.DERM.TROP.VEN.ALFRED.MATA;CIR.DENT.-CCRD-P.S.N.S.-A;CIRUGIAO DENTISTA; 20:00;21/06/2006;ESTATUTARIO;8967,73;;8967,73;2150,17;6817,56;
CARLOS ALBERTO CASTRO BARROS;FUND.DERM.TROP.VEN.ALFRED.MATA;ENFERMEIRO-ENF-P.S.N.S.-A;GERENTE; 30:00;03/10/2005;ESTATUTARIO;17343,15;;17343,15;4576,94;12766,21;
CARLOS ALBERTO CHIRANO RODRIGUES;FUND.DERM.TROP.VEN.ALFRED.MATA;MEDICO ESPECIALISTA;DIRETOR PRESIDENTE; 20:00;29/05/1996;ESTATUTARIO;20800,38;;20800,38;5645,10;15155,28;
CAROLINA CHRUSCIAK TALHARI CORTEZ;FUND.DERM.TROP.VEN.ALF.DA MATA;PESQUISADOR TIT.-PET-P.S.N.S.-A;; 30:00;24/01/2017;ESTATUTARIO;9741,84;;9741,84;2493,77;7248,07;
CHRISTIAN SILVA DE SOUZA;FUND.DERM.TROP.VEN.ALF.DA MATA;AGENTE ADM.-AGA-T.S.N.A.-E;SUBGERENTE; 30:00;21/01/2019;ESTATUTARIO;5705,69;;5705,69;653,73;5051,96;
CIRLENE DE AZEVEDO ARAUJO;FUND.DERM.TROP.VEN.ALF.DA MATA;AGENTE ADM.-AGA-T.S.N.A.-E;GERENTE; 30:00;01/02/2024;ESTATUTARIO;6105,69;;6105,69;922,54;5183,15;
CIRLENE DE AZEVEDO ARAUJO;FUND.DERM.TROP.VEN.ALF.DA MATA;AGENTE ADM.-AGA-T.S.N.A.-E;; 30:00;13/02/2023;ESTATUTARIO;250,00;;250,00;;250,00;
CLAUDIA MARINA PUGA OLIVEIRA ANTONY;FUND.DERM.TROP.VEN.ALFRED.MATA;MEDICO ESPECIALISTA;; 20:00;13/08/2018;ESTATUTARIO;10300,35;;10300,35;2649,10;7651,25;
CLAUDIA REGINA DE SOUSA CUNHA;FUND.DERM.TROP.VEN.ALFRED.MATA;TECNICO DE PATOLOGIA CLINICA A;TEC. PATOL. CLINICA; 20:00;01/05/1993;ESTATUTARIO;3585,20;;3585,20;385,98;3199,22;
CLAUDIA ZANARDO ALVES DA GRACA;FUND.DERM.TROP.VEN.ALFRED.MATA;MEDICO ESPECIALISTA;; 20:00;06/08/2018;ESTATUTARIO;9700,35;;9700,35;2701,24;6999,11;
CLEIBY ANDRADE DOS SANTOS;FUND.DERM.TROP.VEN.ALFRED.MATA;TECNICO EM PATOLOGIA CLINICA;TEC. PATOL. CLINICA; 20:00;27/01/1994;ESTATUTARIO;3270,63;;3270,63;373,89;2896,74;
CLEOCINEIDE MESSIAS DA SILVA;FUND.DERM.TROP.VEN.ALFRED.MATA;TEC. EM REGISTRO DE SAUDE 3A CLASSE;; 30:00;13/05/1986;ESTATUTARIO;3117,62;;3117,62;458,49;2659,13;
CRIS ARLEN ROQUE FELIPE;FUND.DERM.TROP.VEN.ALFRED.MATA;ASSESSOR III;ASSESSOR III; 40:00;16/11/2023;CARGO COMISSION.S/VINCULO;3686,94;;3686,94;360,97;3325,97;
CYNTHIA DE OLIVEIRA FERREIRA;FUND.DERM.TROP.VEN.ALFRED.MATA;FARMAC.BIOQ. -FAB-P.S.N.S.-A;SUBGERENTE; 20:00;27/08/2008;ESTATUTARIO;15658,52;;15658,52;4086,92;11571,60;
DANIELA FROTA DE SOUZA;FUND.DERM.TROP.VEN.ALFRED.MATA;MEDICO ESPECIALISTA;MED GENERALISTA; 40:00;03/10/2005;ESTATUTARIO;11357,02;;11357,02;3094,36;8262,66;
DANIELLA GOMES DE MORAES;FUND.DERM.TROP.VEN.ALF.DA MATA;TEC.DE PAT.CLINICA-TPC-P.S.N.M.-A;; 20:00;28/09/2018;ESTATUTARIO;3585,20;;3585,20;385,98;3199,22;
DANIELLE CRISTINE WESTPHAL;FUND.DERM.TROP.VEN.ALFRED.MATA;MEDICO ESPECIALISTA;; 30:00;27/08/2018;ESTATUTARIO;9700,35;;9700,35;2701,24;6999,11;
DANILO NEVES DE OLIVEIRA;FUND.DERM.TROP.VEN.ALFRED.MATA;TECNICO DE SAUDE EM DERMATOLOGIA;; 30:00;02/06/2009;ESTATUTARIO;4580,27;;4580,27;504,77;4075,50;
DARCY RAMOS DE AMORIM;FUND.DERM.TROP.VEN.ALF.DA MATA;ASSIST.SOC.ASS-P.S.N.S.-CL.A;; 30:00;10/07/2023;ESTATUTARIO;8098,34;;8098,34;877,36;7220,98;
DAYSE DE OLIVEIRA BRILHANTE;FUND.DERM.TROP.VEN.ALF.DA MATA;AGENTE ADM.-AGA-T.S.N.A.-E;; 30:00;08/03/2018;ESTATUTARIO;2105,69;;2105,69;;2105,69;
DEBORA CRISTINA DE LIMA FERNANDES;FUND.DERM.TROP.VEN.ALF.DA MATA;FARMACEUTICO-FAR-P.S.N.S.-A;SUBGERENTE; 20:00;12/01/2017;ESTATUTARIO;11098,34;;11098,34;2752,13;8346,21;
DENISE HARIANNE FERREIRA SIMOES;FUND.DERM.TROP.VEN.ALF.DA MATA;ENFERMEIRO-ENF-P.S.N.S.-A;; 30:00;28/03/2018;ESTATUTARIO;8098,34;;8098,34;1927,13;6171,21;
DIANA MARA DOS SANTOS GOMES PEREIRA;FUND.DERM.TROP.VEN.ALF.DA MATA;TEC. DE ENFERMAGEM-TEN-P.S.N.M.-A;; 30:00;01/03/2018;ESTATUTARIO;3270,63;;3270,63;373,89;2896,74;
DIANA MARA DOS SANTOS GOMES PEREIRA;FUND.DERM.TROP.VEN.ALFRED.MATA;TEC. DE ENFERMAGEM-TEN-P.S.N.M.-A;; 30:00;02/10/2006;ESTATUTARIO;3339,47;;3339,47;383,53;2955,94;
DIRCE MARIANNE LIRA DE SERRA;FUND.DERM.TROP.VEN.ALFRED.MATA;AGENTE ADM.-AGA-T.S.N.A.-G;; 30:00;30/03/1990;ESTATUTARIO;3431,89;;3431,89;348,20;3083,69;
DJANEIDE RODRIGUES CASAS;FUND.DERM.TROP.VEN.ALFRED.MATA;ASSESSOR I;ASSESSOR I; 40:00;15/05/2023;CARGO COMISSION.S/VINCULO;5700,30;;5700,30;962,86;4737,44;
DOUGLAS SOUZA DE MOURA;FUND.DERM.TROP.VEN.ALFRED.MATA;SUBGERENTE;SUBGERENTE; 40:00;01/01/2023;CARGO COMISSION.S/VINCULO;3686,94;;3686,94;360,97;3325,97;
EDIVALDO LOPES BARROSO;FUND.DERM.TROP.VEN.ALFRED.MATA;OPERADOR DE MANUTENCAO E APO;OPE DE MANUT APOIO; 30:00;04/06/2009;ESTATUTARIO;2688,23;;2688,23;292,35;2395,88;
EDIVAR DOS SANTOS FERNANDES FILHO;FUND.DERM.TROP.VEN.ALFRED.MATA;FARMAC.BIOQ. -FAB-P.S.N.S.-D;; 20:00;01/09/1984;ESTATUTARIO;11344,44;;11344,44;3375,18;7969,26;
EDSON MARCOS DA SILVA FERREIRA;FUND.DERM.TROP.VEN.ALF.DA MATA;AGENTE DE ENDEM.-AEN-P.S.N.A.-A;SUBGERENTE; 40:00;01/02/2024;ESTATUTARIO;3000,00;;3000,00;13,20;2986,80;
ELAINE DA SILVA BRASIL PAIVA;FUND.DERM.TROP.VEN.ALFRED.MATA;AUXILIAR DE ENFERMAGEM A;AUX. DE ENFERMAGEM; 30:00;01/03/2001;ESTATUTARIO;2267,98;;2267,98;317,52;1950,46;
ELBIO CORREA ROLA;FUND.DERM.TROP.VEN.ALFRED.MATA;TECNICO EM DERMAT SANITARIA;; 30:00;26/03/1981;ESTATUTARIO;4427,42;;4427,42;546,71;3880,71;
ELEADE DE OLIVEIRA FALCAO SOARES;FUND.DERM.TROP.VEN.ALFRED.MATA;TEC.DE PAT.CLINICA-TPC-P.S.N.M.-A;TEC.PAT.CLINICA; 30:00;30/05/2008;ESTATUTARIO;4252,63;;4252,63;465,26;3787,37;
ELEADE DE OLIVEIRA FALCAO SOARES;FUND.DERM.TROP.VEN.ALFRED.MATA;TEC.DE PAT.CLINICA-TPC-P.S.N.M.-A;; 20:00;01/03/2018;ESTATUTARIO;3560,84;;3560,84;441,86;3118,98;
ELIANA MARIA OLIVEIRA DA CAMARA;FUND.DERM.TROP.VEN.ALF.DA MATA;FISIOTERAPEUTA-FIS-P.S.N.S.-A;; 30:00;02/03/2018;ESTATUTARIO;8098,34;;8098,34;1927,13;6171,21;
ELIANE DOS SANTOS BRANDAO;FUND.DERM.TROP.VEN.ALF.DA MATA;ENFERMEIRO-ENF-P.S.N.S.-A;GERENTE; 30:00;20/09/2018;ESTATUTARIO;15931,12;;15931,12;4081,14;11849,98;
ELIENE CANTO DUARTE;FUND.DERM.TROP.VEN.ALFRED.MATA;FARMACEUTICO-FAR-P.S.N.S.-A;FARMACEUTICO; 30:00;03/10/2005;ESTATUTARIO;9276,26;;9276,26;2370,61;6905,65;
ELOILDO CLAUDIO DA COSTA;FUND.DERM.TROP.VEN.ALF.DA MATA;TEC. DE ENFERMAGEM-TEN-P.S.N.M.-A;; 30:00;01/03/2018;ESTATUTARIO;3270,63;;3270,63;373,89;2896,74;
ELZENIR DA SILVA GOMES;FUND.DERM.TROP.VEN.ALFRED.MATA;AUXILIAR DE SERVICOS GERAIS;; 30:00;12/03/1987;ESTATUTARIO;3411,83;;3411,83;345,31;3066,52;
EUCILENE PEREIRA DE LIMA;FUND.DERM.TROP.VEN.ALF.DA MATA;TEC. DE ENFERMAGEM-TEN-P.S.N.M.-A;; 30:00;28/03/2018;ESTATUTARIO;3270,63;;3270,63;373,89;2896,74;
EZEQUIAS GOMES SICSU;FUND.DERM.TROP.VEN.ALF.DA MATA;AGENTE ADM.-AGA-T.S.N.A.-E;; 30:00;22/03/2018;ESTATUTARIO;2705,69;;2705,69;294,80;2410,89;
FANIA JEAN NAZARE PEREIRA DE SOUZA;FUND.DERM.TROP.VEN.ALF.DA MATA;TEC. DE ENFERMAGEM-TEN-P.S.N.M.-A;; 30:00;19/03/2018;ESTATUTARIO;3270,63;;3270,63;373,89;2896,74;
FERNANDA QUEIROZ DE LIMA;FUND.DERM.TROP.VEN.ALFRED.MATA;TECNICO DE SAUDE EM DERMATOLOGIA;; 30:00;30/05/2008;ESTATUTARIO;4160,84;;4160,84;441,86;3718,98;
FLAVIA DE JESUS PADILHA;FUND.DERM.TROP.VEN.ALF.DA MATA;MEDICO ESPECIALISTA;; 20:00;26/12/2016;ESTATUTARIO;10300,35;;10300,35;2701,24;7599,11;
FLAVIANO DA SILVA OLIVEIRA;FUND.DERM.TROP.VEN.ALFRED.MATA;MEDICO ESPECIALISTA;; 20:00;12/04/1990;ESTATUTARIO;12023,45;;12023,45;3343,02;8680,43;
FRANCINETHE MIRANDA SEIXAS;FUND.DERM.TROP.VEN.ALFRED.MATA;ASSESSOR III;ASSESSOR III AD-3; 40:00;01/01/2011;CARGO COMISSION.S/VINCULO;3686,94;;3686,94;360,97;3325,97;
FRANCISCO ESMERINDO LOPES DE OLIVEI;FUND.DERM.TROP.VEN.ALF.DA MATA;TEC. DE ENFERMAGEM-TEN-P.S.N.M.-A;; 30:00;12/03/2018;ESTATUTARIO;3270,63;;3270,63;373,89;2896,74;
FRANCISCO WESLLEY COUTO DOS SANTOS;FUND.DERM.TROP.VEN.ALFRED.MATA;ASSIST.ADMIN.-ASA-T.S.N.M.-A;; 30:00;08/01/2019;ESTATUTARIO;2859,78;;2859,78;316,37;2543,41;
FRANQUEL FIGUEIREDO DE BRITO;FUND.DERM.TROP.VEN.ALF.DA MATA;AGENTE ADM.-AGA-T.S.N.A.-E;ASSESSOR III; 30:00;02/03/2018;ESTATUTARIO;5705,69;;5705,69;653,73;5051,96;
GEYSE GLEYSE DA COSTA G OLIVEIRA;FUND.DERM.TROP.VEN.ALF.DA MATA;FARMACEUTICO-FAR-P.S.N.S.-A;; 30:00;01/03/2018;ESTATUTARIO;11734,75;;11734,75;3144,27;8590,48;
GILMEIRE NAPOLEAO SABOGAL;FUND.DERM.TROP.VEN.ALFRED.MATA;ENFERMEIRO-ENF-P.S.N.S.-A;; 30:00;23/04/2018;ESTATUTARIO;8098,34;;8098,34;1927,13;6171,21;
GISELE COLARES SALES DE OLIVEIRA;FUND.DERM.TROP.VEN.ALF.DA MATA;MEDICO ESPECIALISTA;; 20:00;28/03/2018;ESTATUTARIO;10300,35;;10300,35;2701,24;7599,11;
GISELLY DA COSTA LEAL;FUND.DERM.TROP.VEN.ALF.DA MATA;AGENTE ADM.-AGA-T.S.N.A.-E;; 30:00;28/03/2018;ESTATUTARIO;2705,69;;2705,69;294,80;2410,89;
GUSTAVO AVILA MAQUINE;FUND.DERM.TROP.VEN.ALF.DA MATA;MEDICO ESPECIALISTA;; 20:00;09/05/2016;ESTATUTARIO;10300,35;;10300,35;2701,24;7599,11;
HELIANA JAMILE DOS SANTOS BRANDAO;FUND.DERM.TROP.VEN.ALF.DA MATA;AGENTE ADM.-AGA-T.S.N.A.-E;; 30:00;01/03/2018;ESTATUTARIO;3407,59;;3407,59;294,80;3112,79;
HELOISA HELENA SANTANA XAUD REIS;FUND.DERM.TROP.VEN.ALFRED.MATA;PSICOLOGO-PSI-P.S.N.S.-B;ASSESSOR I - AD1; 30:00;13/11/1997;ESTATUTARIO;11508,84;;11508,84;2934,37;8574,47;
HERCULANO GONCALVES DE SOUZA;FUND.DERM.TROP.VEN.ALFRED.MATA;MOTORISTA-MOT-T.S.N.A.-C;SUBGERENTE AD3; 30:00;16/03/1987;ESTATUTARIO;3866,97;;3866,97;434,43;3432,54;
HUMBERTO SANTOS DA SILVA;FUND.DERM.TROP.VEN.ALFRED.MATA;OPER.MAN.E APOIO-OMA-T.S.N.A-A;; 30:00;04/06/2009;ESTATUTARIO;2688,23;;2688,23;292,35;2395,88;
IANE CRISTINA DE OLIVEIRA FERREIRA;FUND.DERM.TROP.VEN.ALFRED.MATA;AUXILIAR DE ENFERMAGEM A;; 30:00;13/11/1997;ESTATUTARIO;3966,61;;3966,61;394,19;3572,42;
IAUATA FIRMO DA SILVA;FUND.DERM.TROP.VEN.ALF.DA MATA;PROGRAMADOR-PRO-T.S.N.M.-A;GERENTE; 30:00;26/10/2018;ESTATUTARIO;6859,78;;6859,78;986,49;5873,29;
IEDA LUCIA SANTOS MAGNO;FUND.DERM.TROP.VEN.ALF.DA MATA;MEDICO RESIDENTE;; 40:00;02/03/2022;RESIDENTE;4706,09;;4706,09;477,66;4228,43;
IGOR ARGUELLES LEAO;FUND.DERM.TROP.VEN.ALFRED.MATA;TECNICO-TEC-T.S.N.S.-A;SUBGERENTE; 30:00;01/01/2023;ESTATUTARIO;9249,45;;9249,45;2003,88;7245,57;
IONE DA SILVA FREIRE;FUND.DERM.TROP.VEN.ALFRED.MATA;ASSIST.SOC.ASS-P.S.N.S.-CL.B;; 30:00;13/11/1997;ESTATUTARIO;10105,37;;10105,37;2611,21;7494,16;
ISABEL CRISTINA LIMA ENCARNACAO;FUND.DERM.TROP.VEN.ALFRED.MATA;MEDICO ESPECIALISTA;MEDICA ESPECIALISTA; 30:00;05/10/2005;ESTATUTARIO;11332,62;;11332,62;3087,65;8244,97;
ISABELLE LOUISE DA C L FIGUEIREDO;FUND.DERM.TROP.VEN.ALFRED.MATA;MEDICO RESIDENTE;; 40:00;01/03/2021;RESIDENTE;4706,09;;4706,09;477,66;4228,43;
ISABELLE NOBREGA DE OLIVEIRA;FUND.DERM.TROP.VEN.ALFRED.MATA;FISIOTERAPEUTA;; 30:00;27/04/2011;ESTATUTARIO;8611,93;;8611,93;2120,49;6491,44;
ISY PEIXOTO FIGUEIREDO;FUND.DERM.TROP.VEN.ALFRED.MATA;MEDICO ESPECIALISTA;; 20:00;06/08/2018;ESTATUTARIO;9700,35;;9700,35;2701,24;6999,11;
ITAMAR SALES BEZERRA DE MENEZES;FUND.DERM.TROP.VEN.ALF.DA MATA;ASSIST.ADMIN.-ASA-T.S.N.M.-A;; 30:00;04/04/2018;ESTATUTARIO;2259,78;;2259,78;316,37;1943,41;
IVETE DE BRITO DA SILVEIRA;FUND.DERM.TROP.VEN.ALFRED.MATA;ASSIST. DA ADM. AUXILIAR 1A CLASSE;ASSESSOR III - AD3; 30:00;15/01/1976;ESTATUTARIO;3583,20;;3583,20;378,30;3204,90;
IZAIAS GOMES DA SILVA JUNIOR;FUND.DERM.TROP.VEN.ALFRED.MATA;MEDICO RESIDENTE;; 40:00;01/03/2023;RESIDENTE;4706,09;;4706,09;;4706,09;
JACKELINE DE SOUZA MAXIMO;FUND.DERM.TROP.VEN.ALF.DA MATA;CONTADOR-CON-T.S.N.S.-A;; 30:00;26/10/2018;ESTATUTARIO;6582,78;;6582,78;1231,02;5351,76;
JACQUELINE DE ALMEIDA GONCALVES SAC;FUND.DERM.TROP.VEN.ALF.DA MATA;ENFERMEIRO-ENF-P.S.N.S.-A;; 30:00;01/03/2018;ESTATUTARIO;8817,36;;8817,36;2197,84;6619,52;
JAIRO DE SOUZA GOMES;FUND.DERM.TROP.VEN.ALFRED.MATA;TEC.DE PAT.CLINICA-TPC-P.S.N.M.-C;SUBGERENTE; 20:00;16/03/1987;ESTATUTARIO;6717,62;;6717,62;1067,50;5650,12;
JAMES MOURA DE SOUZA;FUND.DERM.TROP.VEN.ALFRED.MATA;AUXILIAR DE SAUDE;; 30:00;13/11/1997;ESTATUTARIO;3244,64;;3244,64;353,49;2891,15;
JAMILE IZAN LOPES PALHETA JUNIOR;FUND.DERM.TROP.VEN.ALFRED.MATA;AGENTE ADMINISTRATIVO A - N.B.;GERENTE; 30:00;01/03/2000;ESTATUTARIO;8740,92;;8740,92;1482,23;7258,69;
JANETE QUEIROZ MORAES;FUND.DERM.TROP.VEN.ALFRED.MATA;TECNICO EM DERMAT SANITARIA;; 30:00;12/03/1986;ESTATUTARIO;3980,10;;3980,10;478,18;3501,92;
JAQUELINE DA SILVA MENDES;FUND.DERM.TROP.VEN.ALFRED.MATA;SUBGERENTE;SUBGERENTE; 40:00;01/01/2022;CARGO COMISSION.S/VINCULO;3686,94;;3686,94;360,97;3325,97;
JEANE MATOS MARANHAO;FUND.DERM.TROP.VEN.ALFRED.MATA;ASSESSOR III;; 40:00;01/01/2023;CARGO COMISSION.S/VINCULO;3687,17;;3687,17;;3687,17;
JEORGIO CLAUDINO PEREIRA SANTOS;FUND.DERM.TROP.VEN.ALF.DA MATA;ASSIST.ADMIN.-ASA-T.S.N.M.-A;ASSESSOR III; 30:00;13/03/2018;ESTATUTARIO;5259,78;;5259,78;574,97;4684,81;
JOAO CATARINO DA SILVA DUTRA JUNIOR;FUND.DERM.TROP.VEN.ALFRED.MATA;MEDICO ESPECIALISTA;MEDICO; 20:00;01/03/2000;ESTATUTARIO;10300,35;;10300,35;2701,24;7599,11;
JOCELINA BENITA COSTA DE OLIVEIRA;FUND.DERM.TROP.VEN.ALF.DA MATA;TEC. DE ENFERMAGEM-TEN-P.S.N.M.-A;; 30:00;19/03/2018;ESTATUTARIO;3270,63;;3270,63;373,89;2896,74;
JOCLIMAR CORREA MOURAO;FUND.DERM.TROP.VEN.ALFRED.MATA;AUXILIAR ADMINISTRATIVO;SUBGERENTE; 30:00;26/08/2008;ESTATUTARIO;5705,69;;5705,69;653,73;5051,96;
JONISMAR FREITAS COSTA;FUND.DERM.TROP.VEN.ALFRED.MATA;AUXILIAR DE SAUDE;; 30:00;04/01/1991;ESTATUTARIO;3210,75;;3210,75;365,51;2845,24;
JORGE ALBERTO RODRIGUES DE OLIVEIRA;FUND.DERM.TROP.VEN.ALFRED.MATA;TECNICO DE PATOLOGIA CLINICA A;TEC. PATOL. CLINICA; 20:00;01/03/2000;ESTATUTARIO;3270,63;;3270,63;373,89;2896,74;
JORGE CASTRO BARROS;FUND.DERM.TROP.VEN.ALF.DA MATA;TECNICO EM DERMAT SANITARIA;ASSESSOR III - AD3; 30:00;05/10/1984;ESTATUTARIO;3580,36;;3580,36;510,58;3069,78;
JORGE EWERTON DOS SANTOS SALES;FUND.DERM.TROP.VEN.ALFRED.MATA;FARMAC.BIOQ. -FAB-P.S.N.S.-A;; 20:00;07/03/2006;ESTATUTARIO;8401,50;;8401,50;1989,13;6412,37;
JOSE ANSELMO DOS SANTOS FERREIRA;FUND.DERM.TROP.VEN.ALF.DA MATA;MOTORISTA-MOT-T.S.N.A.-D;; 30:00;29/03/1990;ESTATUTARIO;2911,26;;2911,26;407,58;2503,68;
JOSE LUSIRAN DA SILVA;FUND.DERM.TROP.VEN.ALF.DA MATA;OPERADOR DE MAQUINA REPOGRAFICA;; 30:00;08/10/1984;ESTATUTARIO;2954,05;;2954,05;347,93;2606,12;
JOSE YRANIR DO NASCIMENTO;FUND.DERM.TROP.VEN.ALFRED.MATA;TECNICO EM DERMAT SANITARIA;CHEFE DEPT.-AD1; 30:00;14/05/1986;ESTATUTARIO;3717,62;;3717,62;458,49;3259,13;
JOSIAS CORREIA DE FREITAS;FUND.DERM.TROP.VEN.ALFRED.MATA;TECNICO DE SAUDE EM DERMATOLOGIA;; 30:00;07/03/2006;ESTATUTARIO;3339,47;;3339,47;383,53;2955,94;
JULIO CESAR LIMA SAMPAIO;FUND.DERM.TROP.VEN.ALFRED.MATA;TECNICO-TEC-T.S.N.S.-A;; 30:00;30/05/2008;ESTATUTARIO;8675,68;;8675,68;1939,58;6736,10;
KANANDA KESYE SOUSA NUNES;FUND.DERM.TROP.VEN.ALF.DA MATA;MEDICO RESIDENTE;; 40:00;02/03/2022;RESIDENTE;4706,09;;4706,09;477,66;4228,43;
KARIM TABHADA LOPEZ DE OLIVEIRA;FUND.DERM.TROP.VEN.ALFRED.MATA;PSICOLOGO-PSI-P.S.N.S.-A;ASSESSOR I; 30:00;04/06/2009;ESTATUTARIO;13611,93;;13611,93;3443,35;10168,58;
KELLEN CRISTINA DE MELLO GARCES;FUND.DERM.TROP.VEN.ALF.DA MATA;TEC. DE ENFERMAGEM-TEN-P.S.N.M.-A;ASSESSOR III; 30:00;27/11/2023;ESTATUTARIO;6270,63;;6270,63;881,99;5388,64;
LAIRTON CAVALCANTE LIMA;FUND.DERM.TROP.VEN.ALFRED.MATA;AGENTE ADM.-AGA-T.S.N.A.-H;; 30:00;09/10/1984;ESTATUTARIO;3966,68;;3966,68;394,20;3572,48;
LANIA MARIA MESTRINHO DE OLIVEIRA;FUND.DERM.TROP.VEN.ALFRED.MATA;TECNICO DE INFORMATICA;SUBGERENTE AD-3; 30:00;01/03/2000;ESTATUTARIO;3613,04;;3613,04;330,55;3282,49;
LEIDE INGRID DE ALMEIDA MENEZES;FUND.DERM.TROP.VEN.ALFRED.MATA;SUBGERENTE;SUBGERENTE; 40:00;08/11/2023;CARGO COMISSION.S/VINCULO;3686,94;;3686,94;360,97;3325,97;
LEUDA CARNEIRO DE SOUZA;FUND.DERM.TROP.VEN.ALFRED.MATA;TECNICO DE SAUDE EM DERMATOLOGIA;TEC.SAUDE DERMAT; 30:00;07/03/2006;ESTATUTARIO;2811,40;;2811,40;393,60;2417,80;
LIANA HORTENCIA MIRANDA T MATHIAS;FUND.DERM.TROP.VEN.ALFRED.MATA;MEDICO ESPECIALISTA;MEDICO; 20:00;01/03/2000;ESTATUTARIO;10300,35;;10300,35;2701,24;7599,11;
LIDIA MARIA VALE DE MATOS;FUND.DERM.TROP.VEN.ALFRED.MATA;ASSIST.SOC.ASS-P.S.N.S.-CL.A;ASS SOCIAL; 30:00;03/10/2005;ESTATUTARIO;13207,84;;13207,84;3439,73;9768,11;
LILIA DE OLIVEIRA ROY;FUND.DERM.TROP.VEN.ALF.DA MATA;MEDICO ESPECIALISTA;; 20:00;19/01/2017;ESTATUTARIO;10300,35;;10300,35;2701,24;7599,11;
LINDINALVA BRAGA VIEIRA;FUND.DERM.TROP.VEN.ALFRED.MATA;ASSIST.SOC.ASS-P.S.N.S.-CL.A;ASSISTENTE SOCIAL; 30:00;03/10/2005;ESTATUTARIO;9157,36;;9157,36;2325,85;6831,51;
LINEIA BORGES TOSCANO;FUND.DERM.TROP.VEN.ALFRED.MATA;ENFERMEIRO;CHEFE DE DEPARTAMENT; 30:00;01/03/2000;ESTATUTARIO;7498,34;;7498,34;1927,13;5571,21;
LINEIA BORGES TOSCANO;FUND.DERM.TROP.VEN.ALFRED.MATA;ENFERMEIRO-ENF-P.S.N.S.-A;CHEFE DE DEPARTAMENT; 30:00;07/03/2006;ESTATUTARIO;13562,81;;13562,81;3477,00;10085,81;
LISIANE MACHADO CONTENTE NOGUEIRA;FUND.DERM.TROP.VEN.ALF.DA MATA;MEDICO ESPECIALISTA;; 20:00;09/05/2016;ESTATUTARIO;10300,35;;10300,35;2701,24;7599,11;
LUCILIA DE FATIMA SANTANA JARDIM;FUND.DERM.TROP.VEN.ALFRED.MATA;ENFERMEIRO-ENF-P.S.N.S.-B;; 30:00;13/11/1997;ESTATUTARIO;11435,05;;11435,05;2908,46;8526,59;
LUCIO FIGUEIRA PIMENTEL;FUND.DERM.TROP.VEN.ALFRED.MATA;FARMACEUTICO-FAR-P.S.N.S.-A;SUBGERENTE; 30:00;03/10/2005;ESTATUTARIO;12276,26;;12276,26;3195,61;9080,65;
MANOEL JOAQUIM BERNARDES RABELO;FUND.DERM.TROP.VEN.ALF.DA MATA;TECNICO 1A CLASSE;ASSESSOR III; 30:00;05/10/1998;ESTATUTARIO;6763,04;;6763,04;1424,39;5338,65;
MARIA CARMELIA DE LIMA ALMEIDA;FUND.DERM.TROP.VEN.ALFRED.MATA;ASSIST. DA ADM. AUXILIAR 2A CLASSE;ASSESSOR III AD3; 30:00;16/03/1987;ESTATUTARIO;3453,35;;3453,35;350,84;3102,51;
MARIA CELIA PEREIRA CEZARIO;FUND.DERM.TROP.VEN.ALFRED.MATA;TECNICO DE SAUDE EM DERMATOLOGIA;; 30:00;26/08/2008;ESTATUTARIO;2670,63;;2670,63;373,89;2296,74;
MARIA CILENE DIAS DA COSTA;FUND.DERM.TROP.VEN.ALFRED.MATA;AUXILIAR DE ENFERMAGEM A;AUX. DE ENFERMAGEM; 30:00;01/03/2000;ESTATUTARIO;2867,98;;2867,98;317,52;2550,46;
MARIA DA ESPERANCA PERDIGAO LIMA;FUND.DERM.TROP.VEN.ALF.DA MATA;ASSESSOR III;ASSESSOR III; 40:00;01/01/2023;CARGO COMISSION.S/VINCULO;3686,94;;3686,94;360,97;3325,97;
MARIA DAS GRACAS PEREIRA DE SOUSA;FUND.DERM.TROP.VEN.ALFRED.MATA;FARMAC.BIOQ. -FAB-P.S.N.S.-A;; 20:00;07/03/2006;ESTATUTARIO;9148,51;;9148,51;2246,69;6901,82;
MARIA DAS GRACAS VALE B GUERRA;FUND.DERM.TROP.VEN.ALFRED.MATA;PESQUISADOR INIC.-PEI-P.S.N.S.-A;DIRETOR DE ENSINO E; 40:00;01/01/2023;ESTATUTARIO;18867,92;;18867,92;5094,76;13773,16;
MARIA DE JESUS VIEIRA DOS SANTOS;FUND.DERM.TROP.VEN.ALF.DA MATA;AUXILIAR DE SAUDE;; 30:00;13/08/1982;ESTATUTARIO;3853,90;;3853,90;419,49;3434,41;
MARIA DO SOCORRO DE SOUSA CUNHA;FUND.DERM.TROP.VEN.ALFRED.MATA;TEC.DE PAT.CLINICA-TPC-P.S.N.M.-C;; 30:00;03/07/1985;ESTATUTARIO;5439,29;;5439,29;1013,87;4425,42;
MARIA DO SOCORRO DIAS DE SOUZA LELI;FUND.DERM.TROP.VEN.ALF.DA MATA;FARMAC.BIOQ. -FAB-P.S.N.S.-A;; 20:00;07/03/2018;ESTATUTARIO;8098,34;;8098,34;1927,13;6171,21;
MARIA DORENILDA ARAUJO LOPES;FUND.DERM.TROP.VEN.ALFRED.MATA;TECNICO DE SAUDE EM DERMATOLOGIA;TEC DAUDE EM DERM; 30:00;18/06/2009;ESTATUTARIO;3270,63;;3270,63;373,89;2896,74;
MARIA GEDALVA DA SILVA COSTA;FUND.DERM.TROP.VEN.ALFRED.MATA;AUXILIAR ADMINISTRATIVO;AUX DE ADM; 30:00;04/06/2009;ESTATUTARIO;2705,69;;2705,69;294,80;2410,89;
MARIA IANE SANTOS DA SILVA;FUND.DERM.TROP.VEN.ALFRED.MATA;TECNICO DE PATOLOGIA CLINICA A;TEC. PATOL. CLINICA; 20:00;01/03/2000;ESTATUTARIO;3585,20;;3585,20;385,98;3199,22;
MARIA INEZ MELO DA CUNHA;FUND.DERM.TROP.VEN.ALFRED.MATA;ASSIST.ADMIN.-ASA-T.S.N.M.-A;; 30:00;20/09/2018;ESTATUTARIO;2859,78;;2859,78;316,37;2543,41;
MARIA LEIDE BARBOSA PINTO;FUND.DERM.TROP.VEN.ALF.DA MATA;AGENTE ADM.-AGA-T.S.N.A.-G;CHEFE DE DEPARTAMENT; 30:00;30/03/1990;ESTATUTARIO;8512,52;;8512,52;1482,30;7030,22;
MARIA MARLICE MAR NUNES;FUND.DERM.TROP.VEN.ALFRED.MATA;AUXILIAR DE ENFERMAGEM A;; 30:00;13/11/1997;ESTATUTARIO;3124,96;;3124,96;353,49;2771,47;
MARIA NESIONEIA RODRIGUES CORREA;FUND.DERM.TROP.VEN.ALFRED.MATA;TEC.DE PAT.CLINICA-TPC-P.S.N.M.-A;TEC DE PATOLOGIA; 20:00;07/03/2006;ESTATUTARIO;3339,47;;3339,47;383,53;2955,94;
MARIA NESIONEIA RODRIGUES CORREA;FUND.DERM.TROP.VEN.ALF.DA MATA;TEC.DE PAT.CLINICA-TPC-P.S.N.M.-A;; 20:00;01/03/2018;ESTATUTARIO;2670,63;;2670,63;373,89;2296,74;
MARIA NIZA VILAS BOAS CONCEICAO;FUND.DERM.TROP.VEN.ALFRED.MATA;TECNICO DE SAUDE EM DERMATOLOGIA;TEC.SAUDE EM DERMAT.; 30:00;30/05/2008;ESTATUTARIO;2670,63;;2670,63;373,89;2296,74;
MARIA SALETE BAHIA MARQUES;FUND.DERM.TROP.VEN.ALFRED.MATA;CONTADOR-CON-T.S.N.S.-B;; 30:00;13/11/1997;ESTATUTARIO;10032,28;;10032,28;2261,70;7770,58;
MARIA SENA DE CASTRO;FUND.DERM.TROP.VEN.ALF.DA MATA;ASSIST. DA ADM. AUXILIAR 2A CLASSE;; 30:00;13/08/1982;ESTATUTARIO;3508,94;;3508,94;357,24;3151,70;
MATHIAS GAMA DE AGUIAR FERREIRA;FUND.DERM.TROP.VEN.ALFRED.MATA;MEDICO RESIDENTE;; 40:00;01/03/2021;RESIDENTE;4706,09;;4706,09;477,66;4228,43;
MINERVINA CARDOSO DE OLIVEIRA;FUND.DERM.TROP.VEN.ALF.DA MATA;CHEFE DE DEPARTAMENTO;CHEFE DE DEPARTAMENT; 40:00;01/01/2023;CARGO COMISSION.S/VINCULO;5700,30;;5700,30;962,86;4737,44;
MONICA NUNES DE SOUZA SANTOS;FUND.DERM.TROP.VEN.ALFRED.MATA;MEDICO DOUTOR;DIR.ENSINO PESQUISA; 20:00;03/10/2005;ESTATUTARIO;13626,07;;13626,07;4156,38;9469,69;
MONICA SALES MOREIRA DE SOUZA;FUND.DERM.TROP.VEN.ALF.DA MATA;DIRETOR ADMINISTRATIVO E FINANCEIRO;DIRETOR ADMINISTRATI; 40:00;01/01/2023;CARGO COMISSION.S/VINCULO;9600,00;;9600,00;2237,92;7362,08;
MONICA VASCONCELOS GUIMARAES;FUND.DERM.TROP.VEN.ALFRED.MATA;FARMAC.BIOQ. -FAB-P.S.N.S.-B;; 30:00;05/03/1998;ESTATUTARIO;8781,63;;8781,63;2184,39;6597,24;
NADIA NEY SOUZA DOS SANTOS;FUND.DERM.TROP.VEN.ALF.DA MATA;GERENTE;GERENTE; 40:00;01/01/2023;CARGO COMISSION.S/VINCULO;4693,27;;4693,27;623,70;4069,57;
NADIA SOCORRO NOGUEIRA PIMENTEL;FUND.DERM.TROP.VEN.ALFRED.MATA;ENFERMEIRO-ENF-P.S.N.S.-A;SUBGERENTE; 30:00;03/10/2005;ESTATUTARIO;12157,36;;12157,36;3150,85;9006,51;
NADYA FERNANDES PICANCO LOPES;FUND.DERM.TROP.VEN.ALFRED.MATA;MEDICO ESPECIALISTA;; 20:00;01/07/1987;ESTATUTARIO;10733,95;;10733,95;3081,68;7652,27;
NAGILA MARILIA RAMOS DE FARIAS ALBU;FUND.DERM.TROP.VEN.ALF.DA MATA;TEC. DE ENFERMAGEM-TEN-P.S.N.M.-A;; 30:00;27/03/2018;ESTATUTARIO;3270,63;;3270,63;373,89;2896,74;
NATALIA DE CASTRO LOUREIRO;FUND.DERM.TROP.VEN.ALFRED.MATA;PSICOLOGO A;; 30:00;02/08/1999;ESTATUTARIO;8611,93;;8611,93;2120,49;6491,44;
NATHALIE DE CASSIA FARIAS OLIVEIRA;FUND.DERM.TROP.VEN.ALF.DA MATA;TEC. DE ENFERMAGEM-TEN-P.S.N.M.-A;; 30:00;01/03/2018;ESTATUTARIO;3585,20;;3585,20;385,98;3199,22;
OCIREMA MELLO DA ROCHA;FUND.DERM.TROP.VEN.ALFRED.MATA;AUXILIAR DE ENFERMAGEM A;AUX. ENFERMAGEM; 30:00;01/03/2000;ESTATUTARIO;3623,97;;3623,97;332,52;3291,45;
ORANGE DA SILVA BATISTA;FUND.DERM.TROP.VEN.ALF.DA MATA;TEC. DE ENFERMAGEM-TEN-P.S.N.M.-A;; 30:00;06/03/2018;ESTATUTARIO;3270,63;;3270,63;373,89;2896,74;
PAOLA RENATA MELO GARCIA;FUND.DERM.TROP.VEN.ALF.DA MATA;ASSIST.ADMIN.-ASA-T.S.N.M.-A;; 30:00;23/10/2018;ESTATUTARIO;3613,04;;3613,04;330,55;3282,49;
PATRICIA MOTTA DE MORAIS;FUND.DERM.TROP.VEN.ALFRED.MATA;MEDICO MESTRE;; 30:00;03/10/2005;ESTATUTARIO;16785,55;;16785,55;4722,01;12063,54;
PATRICK SUELL DA COSTA RIBEIRO;FUND.DERM.TROP.VEN.ALF.DA MATA;MOTORISTA-MOT-T.S.N.A.-A;; 30:00;02/03/2018;ESTATUTARIO;3808,96;;3808,96;365,81;3443,15;
PAULO ANTONIO SILVA CONTENTE;FUND.DERM.TROP.VEN.ALFRED.MATA;MEDICO ESPECIALISTA;MEDICO; 20:00;01/03/1998;ESTATUTARIO;10300,35;;10300,35;2701,24;7599,11;
PAULO CHAVES MARTINS;FUND.DERM.TROP.VEN.ALFRED.MATA;PSICOLOGO-PSI-P.S.N.S.-A;; 30:00;11/05/2012;ESTATUTARIO;8246,77;;8246,77;1983,01;6263,76;
PAULO ROSEMBERG GOES DA SILVA;FUND.DERM.TROP.VEN.ALF.DA MATA;AGENTE ADM.-AGA-T.S.N.A.-E;; 30:00;10/03/2018;ESTATUTARIO;2955,69;;2955,69;294,80;2660,89;
PAULO TADEU CAVALCANTE SAIF;FUND.DERM.TROP.VEN.ALFRED.MATA;TEC.DE PAT.CLINICA-TPC-P.S.N.M.-D;; 30:00;02/02/1986;ESTATUTARIO;5252,89;;5252,89;710,32;4542,57;
RAFAELA DE ANDRADE FERREIRA;FUND.DERM.TROP.VEN.ALF.DA MATA;ENFERMEIRO-ENF-P.S.N.S.-A;; 30:00;28/03/2018;ESTATUTARIO;8098,34;;8098,34;1927,13;6171,21;
RAIMUNDO AUGUSTO CARVALHO DE AZEVED;FUND.DERM.TROP.VEN.ALFRED.MATA;AGENTE ADMINISTRATIVO A - N.B.;; 30:00;03/04/2000;ESTATUTARIO;2705,69;;2705,69;294,80;2410,89;
RAIMUNDO MOREIRA DE OLIVEIRA;FUND.DERM.TROP.VEN.ALFRED.MATA;ASSISTENTE TECNICO A;; 30:00;04/05/1977;ESTATUTARIO;4696,29;;4696,29;651,33;4044,96;
RAIMUNDO NONATO BARBOSA DA SILVA;FUND.DERM.TROP.VEN.ALFRED.MATA;AUXILIAR DE SAUDE 3A CLASSE;; 30:00;13/05/1986;ESTATUTARIO;4170,23;;4170,23;444,24;3725,99;
RAQUEL BAMOND REIS;FUND.DERM.TROP.VEN.ALF.DA MATA;GERENTE;GERENTE; 40:00;01/01/2023;CARGO COMISSION.S/VINCULO;4693,27;;4693,27;608,60;4084,67;
RAQUEL MARIA NAVARRO;FUND.DERM.TROP.VEN.ALF.DA MATA;PSICOLOGO-PSI-P.S.N.S.-A;; 30:00;20/06/2013;ESTATUTARIO;8011,93;;8011,93;2120,49;5891,44;
RAQUEL MARIA NAVARRO;FUND.DERM.TROP.VEN.ALF.DA MATA;PSICOLOGO-PSI-P.S.N.S.-A;; 30:00;09/03/2018;ESTATUTARIO;8714,65;;8714,65;2159,17;6555,48;
REJANE MAGALHAES PINTO DA SILVA;FUND.DERM.TROP.VEN.ALF.DA MATA;TEC.DE PAT.CLINICA-TPC-P.S.N.M.-A;; 30:00;05/03/2018;ESTATUTARIO;3270,63;;3270,63;373,89;2896,74;
RENATA ALMEIDA SCHETTINI COSTA;FUND.DERM.TROP.VEN.ALFRED.MATA;MEDICO ESPECIALISTA;; 20:00;01/08/2018;ESTATUTARIO;9700,35;;9700,35;2701,24;6999,11;
RENATO CANDIDO DA SILVA JUNIOR;FUND.DERM.TROP.VEN.ALFRED.MATA;MEDICO ESPECIALISTA;DIRETOR TECNICO; 20:00;01/03/2000;ESTATUTARIO;18400,35;;18400,35;4928,74;13471,61;
RICARDO VICTOR ARAUJO CAVALCANTE;FUND.DERM.TROP.VEN.ALF.DA MATA;MOTORISTA-MOT-T.S.N.A.-A;; 30:00;22/09/2018;ESTATUTARIO;3006,72;;3006,72;336,94;2669,78;
RITA MARIA VALCACIO NOGUEIRA;FUND.DERM.TROP.VEN.ALF.DA MATA;ASSIST.SOC.ASS-P.S.N.S.-CL.A;; 30:00;09/03/2018;ESTATUTARIO;7498,34;;7498,34;1874,99;5623,35;
ROBERTA FERREIRA NAZARETH ALAGIA;FUND.DERM.TROP.VEN.ALFRED.MATA;MEDICO ESPECIALISTA;; 20:00;29/05/1996;ESTATUTARIO;11633,09;;11633,09;3198,46;8434,63;
ROBERTO PINELA PALHETA;FUND.DERM.TROP.VEN.ALFRED.MATA;AGENTE ADM.-AGA-T.S.N.A.-H;; 30:00;24/11/1977;ESTATUTARIO;3456,86;;3456,86;350,84;3106,02;
RODOLFO KENNEDY PALHETA DA SILVA;FUND.DERM.TROP.VEN.ALFRED.MATA;TECNICO DE PATOLOGIA CLINICA A;TEC. PATOL. CLINICA; 20:00;01/03/2000;ESTATUTARIO;3585,20;;3585,20;385,98;3199,22;
RODRIGO FERREIRA ANDRADE;FUND.DERM.TROP.VEN.ALFRED.MATA;ASSIST.ADMIN.-ASA-T.S.N.M.-A;SUBGERENTE; 30:00;01/01/2023;ESTATUTARIO;5859,78;;5859,78;711,49;5148,29;
ROGER NEVES DE ASSIS;FUND.DERM.TROP.VEN.ALFRED.MATA;PSICOLOGO-PSI-P.S.N.S.-A;SUBGERENTE; 30:00;04/06/2009;ESTATUTARIO;8611,93;;8611,93;2120,49;6491,44;
ROGERIO NOGUEIRA DE CAMARGOS;FUND.DERM.TROP.VEN.ALF.DA MATA;CONTADOR-CON-T.S.N.S.-A;; 40:00;29/12/2016;ESTATUTARIO;6163,04;;6163,04;1372,25;4790,79;
ROMULO DE OLIVEIRA SANTIAGO;FUND.DERM.TROP.VEN.ALFRED.MATA;MOTORISTA-MOT-T.S.N.A.-A;; 30:00;06/03/2018;ESTATUTARIO;3006,72;;3006,72;336,94;2669,78;
RONALDO DE FREITAS DAMASCENO;FUND.DERM.TROP.VEN.ALFRED.MATA;FARMACEUTICO;FARMACEUTICO; 30:00;01/03/2000;ESTATUTARIO;8098,34;;8098,34;1927,13;6171,21;
ROSA BATISTA CORREA;FUND.DERM.TROP.VEN.ALFRED.MATA;MEDICO ESPECIALISTA;MEDICA ESPECIALISTA; 20:00;30/05/2008;ESTATUTARIO;10561,77;;10561,77;2798,00;7763,77;
ROSANA FERREIRA LOPES;FUND.DERM.TROP.VEN.ALFRED.MATA;TEC. EM REGISTRO DE SAUDE 3A CLASSE;SUBGERENTE; 30:00;16/03/1987;ESTATUTARIO;7154,09;;7154,09;1187,52;5966,57;
ROSEMERE LIMA BENTES GATO;FUND.DERM.TROP.VEN.ALF.DA MATA;TEC. DE ENFERMAGEM-TEN-P.S.N.M.-A;; 30:00;27/03/2018;ESTATUTARIO;3270,63;;3270,63;373,89;2896,74;
ROZILDA PEREIRA DA COSTA;FUND.DERM.TROP.VEN.ALFRED.MATA;TEC.DE PAT.CLINICA-TPC-P.S.N.M.-D;; 30:00;01/02/1979;ESTATUTARIO;3973,36;;3973,36;586,85;3386,51;
SAMUEL RUFINO DA SILVA;FUND.DERM.TROP.VEN.ALF.DA MATA;ASSIST.ADMIN.-ASA-T.S.N.M.-A;SUBGERENTE; 30:00;15/03/2018;ESTATUTARIO;5859,78;;5859,78;711,49;5148,29;
SANDRA VALERIA SILVA DE GOUVEIA;FUND.DERM.TROP.VEN.ALFRED.MATA;AGENTE ADM.-AGA-T.S.N.A.-H;; 30:00;01/05/1986;ESTATUTARIO;3456,86;;3456,86;350,84;3106,02;
SARAH DE SOUZA LIMA;FUND.DERM.TROP.VEN.ALF.DA MATA;ASSIST.SOC.ASS-P.S.N.S.-CL.A;; 30:00;09/01/2017;ESTATUTARIO;8098,34;;8098,34;1927,13;6171,21;
SILMARA NAVARRO PENNINI;FUND.DERM.TROP.VEN.ALFRED.MATA;MEDICO MESTRE;CHEFE DE DEPARTAMENT; 20:00;18/04/1990;ESTATUTARIO;15259,17;;15259,17;4376,77;10882,40;
SILVIA MACEDO DA SILVA;FUND.DERM.TROP.VEN.ALF.DA MATA;TEC.DE PAT.CLINICA-TPC-P.S.N.M.-A;; 20:00;01/03/2018;ESTATUTARIO;2670,63;;2670,63;373,89;2296,74;
SILVIA MACEDO DA SILVA;FUND.DERM.TROP.VEN.ALFRED.MATA;TECNICO DE PATOLOGIA CLINICA A;; 20:00;01/03/2000;ESTATUTARIO;3270,63;;3270,63;373,89;2896,74;
SILVIA ROCHA NAKAJIMA;FUND.DERM.TROP.VEN.ALF.DA MATA;MEDICO ESPECIALISTA;; 20:00;09/05/2016;ESTATUTARIO;10959,04;;10959,04;2778,11;8180,93;
SIMONE CAROL LOPES FERREIRA TAVARES;FUND.DERM.TROP.VEN.ALFRED.MATA;TEC.DE NIV.SUP.-COMUNICACAO SOCIAL;; 30:00;04/06/2009;ESTATUTARIO;7081,29;;7081,29;1492,07;5589,22;
SINESIO TALHARI;FUND.DERM.TROP.VEN.ALFRED.MATA;CHEFE DE DEPARTAMENTO;CHEFE DE DEPARTAMENT; 40:00;01/01/2023;CARGO COMISSION.S/VINCULO;5700,30;;5700,30;962,86;4737,44;
SIRLEY MARTINS DE OLIVEIRA;FUND.DERM.TROP.VEN.ALFRED.MATA;TECNICO DE NIVEL SUPERIOR;CHEFE DE GABINETE; 30:00;03/10/2005;ESTATUTARIO;12988,67;;12988,67;3168,73;9819,94;
SOLANGE GONCALVES KANEKO;FUND.DERM.TROP.VEN.ALFRED.MATA;ASSIST.SOC.ASS-P.S.N.S.-CL.A;ASSIST.SOCIAL; 30:00;27/08/2008;ESTATUTARIO;7498,34;;7498,34;1927,13;5571,21;
SOLEDAD COUTO VALLE BORBOREMA;FUND.DERM.TROP.VEN.ALFRED.MATA;MEDICO ESPECIALISTA;; 20:00;15/07/1996;ESTATUTARIO;10780,81;;10780,81;2878,75;7902,06;
SUELY FERREIRA DA SILVA;FUND.DERM.TROP.VEN.ALFRED.MATA;ASSISTENTE TECNICO A;ASSESSOR III; 30:00;30/03/1990;ESTATUTARIO;6636,21;;6636,21;981,51;5654,70;
SUZANE DA SILVA LEMOS;FUND.DERM.TROP.VEN.ALF.DA MATA;AGENTE ADM.-AGA-T.S.N.A.-E;; 30:00;19/12/2019;ESTATUTARIO;2705,69;;2705,69;294,80;2410,89;
TAMYRES BARBOSA DE LIMA;FUND.DERM.TROP.VEN.ALFRED.MATA;AGENTE ADM.-AGA-T.S.N.A.-E;SUBGERENTE; 30:00;13/11/2023;ESTATUTARIO;5705,69;;5705,69;653,73;5051,96;
TATIANA DE MELO BARBOSA;FUND.DERM.TROP.VEN.ALFRED.MATA;AGENTE ADM.-AGA-T.S.N.A.-E;; 30:00;26/09/2018;ESTATUTARIO;2705,69;;2705,69;294,80;2410,89;
TATIANA PEREIRA NAZARE VIEIRA;FUND.DERM.TROP.VEN.ALF.DA MATA;TEC. DE ENFERMAGEM-TEN-P.S.N.M.-A;; 30:00;01/03/2018;ESTATUTARIO;4160,84;;4160,84;441,86;3718,98;
TEREZA VASCONCELOS MOTA;FUND.DERM.TROP.VEN.ALFRED.MATA;ENFERMEIRO-ENF-P.S.N.S.-A;ENFERMEIRA; 30:00;30/05/2008;ESTATUTARIO;9015,36;;9015,36;2194,37;6820,99;
THAISE MARA DA SILVA BARROS;FUND.DERM.TROP.VEN.ALF.DA MATA;AGENTE ADM.-AGA-T.S.N.A.-E;; 30:00;16/03/2018;ESTATUTARIO;2705,69;;2705,69;294,80;2410,89;
THAYS DANIELLY DE ALMEIDA ALVES;FUND.DERM.TROP.VEN.ALF.DA MATA;AGENTE ADM.-AGA-T.S.N.A.-E;ASSESSOR III; 30:00;01/03/2018;ESTATUTARIO;5955,69;;5955,69;629,16;5326,53;
THIAGO MONTENEGRO DA SILVA;FUND.DERM.TROP.VEN.ALF.DA MATA;MEDICO ESPECIALISTA;; 20:00;18/01/2017;ESTATUTARIO;10300,35;;10300,35;2701,24;7599,11;
THIELLE DA CRUZ DOS SANTOS;FUND.DERM.TROP.VEN.ALF.DA MATA;FARMAC.BIOQ. -FAB-P.S.N.S.-A;; 20:00;29/05/2018;ESTATUTARIO;8887,47;;8887,47;2144,14;6743,33;
UBIRATAN CRUZ DA SILVA;FUND.DERM.TROP.VEN.ALFRED.MATA;AGENTE ADM.-AGA-T.S.N.A.-E;; 30:00;19/09/2018;ESTATUTARIO;2705,69;;2705,69;294,80;2410,89;
VALCIMAR NASCIMENTO DA SILVEIRA;FUND.DERM.TROP.VEN.ALFRED.MATA;GERENTE;GERENTE; 40:00;01/01/2023;CARGO COMISSION.S/VINCULO;4693,27;;4693,27;623,70;4069,57;
VALDERIZA LOURENCO PEDROSA;FUND.DERM.TROP.VEN.ALFRED.MATA;ASSIST.SOC.ASS-P.S.N.S.-CL.C;CHEFE DE DEPARTAMENT; 30:00;16/03/1987;ESTATUTARIO;14779,64;;14779,64;3935,13;10844,51;
VALDINEI MENDONCA SANTAREM;FUND.DERM.TROP.VEN.ALFRED.MATA;TECNICO DE PATOLOGIA CLINICA A;TEC.DE PATOL.CLINICA; 20:00;01/03/2000;ESTATUTARIO;3270,63;;3270,63;373,89;2896,74;
VANESSA CRISTIELE TAVARES DE FREITA;FUND.DERM.TROP.VEN.ALF.DA MATA;TEC.DE PAT.CLINICA-TPC-P.S.N.M.-A;; 20:00;27/03/2018;ESTATUTARIO;3585,20;;3585,20;385,98;3199,22;
VANIA LUCIA SAMPAIO;FUND.DERM.TROP.VEN.ALFRED.MATA;TEC.DE PAT.CLINICA-TPC-P.S.N.M.-C;; 30:00;16/03/1987;ESTATUTARIO;4416,57;;4416,57;542,80;3873,77;
WALDEIZA DA COSTA PASSOS;FUND.DERM.TROP.VEN.ALFRED.MATA;AUXILIAR DE ENFERMAGEM A;; 30:00;13/06/1986;ESTATUTARIO;3277,67;;3277,67;374,87;2902,80;
WALDEMARA VASCONCELOS GOMES;FUND.DERM.TROP.VEN.ALFRED.MATA;TEC.DE PAT.CLINICA-TPC-P.S.N.M.-A;GERENTE; 30:00;13/11/1997;ESTATUTARIO;7486,62;;7486,62;1246,63;6239,99;
WALDEMARA VASCONCELOS GOMES;FUND.DERM.TROP.VEN.ALFRED.MATA;TEC.DE PAT.CLINICA-TPC-P.S.N.M.-A;TEC PATOL.CLINICA; 30:00;03/10/2005;ESTATUTARIO;2886,62;;2886,62;404,13;2482,49;
WALID ALI MUSA SALEH;FUND.DERM.TROP.VEN.ALFRED.MATA;FARMACEUTICO BIOQUIMICO A;FARMACEUTICO BIOQ.; 20:00;01/03/2000;ESTATUTARIO;8098,34;;8098,34;1822,85;6275,49;
WILLIAM ANTUNES FERREIRA;FUND.DERM.TROP.VEN.ALFRED.MATA;FARMAC.BIOQ. -FAB-P.S.N.S.-B;; 20:00;15/07/1996;ESTATUTARIO;8983,87;;8983,87;2486,43;6497,44;
YAMA MAYURA ALVES DE SOUSA;FUND.DERM.TROP.VEN.ALFRED.MATA;FARMACEUTICO-FAR-P.S.N.S.-A;SUBGERENTE; 30:00;07/03/2006;ESTATUTARIO;11967,73;;11967,73;3079,45;8888,28;
YONE MARQUES AVELINO;FUND.DERM.TROP.VEN.ALF.DA MATA;TEC. DE ENFERMAGEM-TEN-P.S.N.M.-A;; 30:00;12/03/2018;ESTATUTARIO;3270,63;;3270,63;373,89;2896,74;
ZULEMA ABENSUR LIMA;FUND.DERM.TROP.VEN.ALFRED.MATA;AGENTE ADM.-AGA-T.S.N.A.-G;; 30:00;30/03/1990;ESTATUTARIO;3087,17;;3087,17;348,20;2738,97;
