NOME;LOTACAO;CARGO;FUNCAO;CARGA HR SEM;DT DE ADMISSAO;VINCULO;REMUNERACAO LEGAL TOTAL(R$);DESC.TETO(R$); REMUNERACAO LEGAL DEVIDA(R$);DESCONTOS LEGAIS(R$);LIQUIDO DISPONIVEL(R$);
ABNER SOUZA PAZ;SECAO DE EXPEDIENTE;GERENTE;GERENTE; 40:00;10/05/2022;CARGO COMISSION.S/VINCULO;4693,27;;4693,27;623,70;4069,57;
ADEMIR PINTO DOS SANTOS;CONSELHO DIRETOR;MEDICO MEDICINA TROPICAL;; 20:00;01/04/2000;ESTATUTARIO;12705,11;;12705,11;3304,67;9400,44;
AIDA DE SOUZA ROSAS;SETOR DE ENFERMARIA;TECNICO DE PATOLOGIA CLINICA A;; 20:00;01/04/2000;ESTATUTARIO;3270,63;;3270,63;274,18;2996,45;
ALBERTO DIAS DE FIGUEIREDO;SETOR DE ZELAD.VIG.TRANSPORTES;MOTORISTA-MOT-T.S.N.A.-A;MOTORISTA; 30:00;16/05/2006;ESTATUTARIO;3115,87;;3115,87;347,25;2768,62;
ALDERINA SILVANA DE SOUZA PEREIRA;SETOR DE REGISTRO E CONTROLE;AGENTE ADM.-AGA-T.S.N.A.-F;; 30:00;15/07/1996;ESTATUTARIO;2942,07;;2942,07;327,89;2614,18;
ALESSANDRA FERREIRA ALVES;SETOR DE PSIC.REABIL.E FISIOT.;FISIOTERAPEUTA-FIS-P.S.N.S.-A;; 20:00;10/10/2018;ESTATUTARIO;8098,34;;8098,34;1927,13;6171,21;
ALFREDO COIMBRA REICHL;SETOR DE RADIOTERAPIA;MEDICO ESPECIALISTA;; 20:00;01/08/2018;ESTATUTARIO;10300,35;;10300,35;2701,24;7599,11;
ALICIA NEVES NASCIMENTO;SAME;TELEFONISTA-TEL-T.S.N.A.-E;; 30:00;01/10/2018;ESTATUTARIO;2764,01;;2764,01;302,96;2461,05;
ALINE PEREIRA DA COSTA;SERVICO DE ESTUDOS E APERFEIC.;MEDICO RESIDENTE;; 40:00;01/12/2023;RESIDENTE;4106,09;;4106,09;;4106,09;
ANA CLAUDIA LAZAMETH BRASILEIRO;SERVICO DE RADIOTERAPIA;ENFERMEIRO-ENF-P.S.N.S.-A;; 30:00;09/01/2005;ESTATUTARIO;8967,73;;8967,73;2202,31;6765,42;
ANA CLAUDIA LEMOS DO NASCIMENTO;DIR.ADMINISTRATIVA-FINANCEIRA;AGENTE ADM.-AGA-T.S.N.A.-E;; 30:00;01/04/2022;ESTATUTARIO;2105,69;;2105,69;294,80;1810,89;
ANA ELIS GUIMARAES ARAUJO;SETOR DE ENFERMARIA;ENFERMEIRO-ENF-P.S.N.S.-A;; 30:00;22/02/2017;ESTATUTARIO;8098,34;;8098,34;1927,13;6171,21;
ANA ELISA DE LANDA MORAES GROSSI;SERVICO DE ESTUDOS E APERFEIC.;MEDICO RESIDENTE;; 40:00;01/12/2023;RESIDENTE;4106,09;;4106,09;;4106,09;
ANA LUIZA LOUREIRO GUERREIRO;MANDADO DE SEGURANCA;FISIOTERAPEUTA-FIS-P.S.N.S.-A;; 30:00;12/11/2019;ESTATUTARIO;8098,34;;8098,34;1927,13;6171,21;
ANA MARCIA PROGENIO DA SILVA CUNHA;SETOR DE PATOLOGIA CLINICA;TEC.DE PAT.CLINICA-TPC-P.S.N.M.-A;; 20:00;01/03/2018;ESTATUTARIO;2670,63;;2670,63;373,89;2296,74;
ANA ROSA VASQUES DE OLIVEIRA;SETOR DE PATOLOGIA CLINICA;TEC.DE PAT.CLINICA-TPC-P.S.N.M.-A;; 30:00;13/03/2018;ESTATUTARIO;3307,11;;3307,11;373,89;2933,22;
ANANDA THAMARA GEAN TIBAO;SERVICO DE ESTUDOS E APERFEIC.;MEDICO RESIDENTE;; 20:00;01/12/2023;RESIDENTE;4106,09;;4106,09;;4106,09;
ANANIAS PEREIRA MARQUES;SETOR DE PATOLOGIA CLINICA;AUX.DE PATOL.CLIN.-APC-P.S.N.A.-A;; 20:00;03/10/2005;ESTATUTARIO;3144,49;;3144,49;356,23;2788,26;
ANDERSON FERREIRA GONCALVES;SETOR NEUROLOGICO;MEDICO ESPECIALISTA;MEDICO ESPECIALISTA; 20:00;23/08/2006;ESTATUTARIO;10496,06;;10496,06;2773,26;7722,80;
ANDRE CESAR GURGEL DE LIMA FERREIRA;SAME;ASSIST.ADMIN.-ASA-T.S.N.M.-A;; 30:00;01/08/2018;ESTATUTARIO;2921,92;;2921,92;314,23;2607,69;
ANDRE LUIS SALES DA COSTA;SERV.CLIN.MED.ONC.E APOIO TER.;PSICOLOGO-PSI-P.S.N.S.-A;; 30:00;12/07/2013;ESTATUTARIO;11282,57;;11282,57;2854,92;8427,65;
ANDRE LUIZ CAMPOS MANCINI;SERV.CLIN.MED.ONC.E APOIO TER.;MEDICO ESPECIALISTA;GERENTE; 30:00;15/06/2020;ESTATUTARIO;14300,35;;14300,35;3801,24;10499,11;
ANDREA DE SOUZA BEZERRA;SETOR DE FARMACIA;TEC. DE ENFERMAGEM-TEN-P.S.N.M.-A;; 40:00;01/02/2017;ESTATUTARIO;3280,87;;3280,87;373,89;2906,98;
ANDREA LIMA DE SOUZA MARQUES;SETOR DE FARMACIA;FARMACEUTICO-FAR-P.S.N.S.-A;FARMACEUTICO; 20:00;07/03/2006;ESTATUTARIO;8401,50;;8401,50;2041,26;6360,24;
ANDREA PEREZ DE CASTRO;SERVICO COMPLEM.DE DIAGNOSTICO;TECNICO DE PATOLOGIA CLINICA A;TEC.DE PAT.CLINICA A; 30:00;23/07/1993;ESTATUTARIO;3270,63;;3270,63;373,89;2896,74;
ANDREIA RIBEIRO DA SILVA;SERVICO DE ENFERMAGEM;TEC. DE ENFERMAGEM-TEN-P.S.N.M.-C;TEC ENFERMAGEM; 30:00;16/05/2006;ESTATUTARIO;3596,25;;3596,25;432,40;3163,85;
ANDRESSA DOS SANTOS SIQUEIRA;SETOR DE PATOLOGIA CLINICA;TEC.DE PAT.CLINICA-TPC-P.S.N.M.-A;; 30:00;01/08/2018;ESTATUTARIO;3297,99;;3297,99;373,89;2924,10;
ANDREY VICTOR MOTA LIMA;SETOR DE TELEFONIA - D.A.F.;SUBGERENTE;SUBGERENTE; 40:00;10/11/2023;CARGO COMISSION.S/VINCULO;3686,94;;3686,94;360,97;3325,97;
ANDREZA NUNES BEZERRA;SERVICO DE RADIOTERAPIA;TEC.DE RADIOTERAPIA-TER-P.S.N.M.-A;; 20:00;01/02/2017;ESTATUTARIO;3270,63;;3270,63;373,89;2896,74;
ANDREZZA DEZINCOURT DE OLIVEIRA;DIVISAO DE ADMINISTRACAO;TELEFONISTA-TEL-T.S.N.A.-E;; 30:00;23/03/2018;ESTATUTARIO;2764,01;;2764,01;292,86;2471,15;
ANGELA DA COSTA LINS;SETOR DE RADIOTERAPIA;TEC.DE RADIOTERAPIA-TER-P.S.N.M.-A;TEC EM RADIO TERAPIA; 20:00;16/05/2006;ESTATUTARIO;3411,40;;3411,40;380,48;3030,92;
ANGELA MARIA COELHO MOURA;SECAO DE SERVICOS GERAIS;AUX.DE SERV.GER.-ASG-T.S.N.A.-A;; 30:00;03/06/2019;ESTATUTARIO;2688,23;;2688,23;292,35;2395,88;
ANTONIA GILVA DA SILVA DO CASAL;SETOR DE FARMACIA;FARMACEUTICO-FAR-P.S.N.S.-A;; 30:00;01/10/2019;ESTATUTARIO;8098,34;;8098,34;1927,13;6171,21;
ANTONIA GRACIONY DANIEL SILVA;SECAO DE SERVICOS GERAIS;AUX.DE SERV.GER.-ASG-T.S.N.A.-A;; 30:00;03/06/2019;ESTATUTARIO;2688,23;;2688,23;292,35;2395,88;
ANTONIA LIMA ARAUJO;SETOR DE ENFERMARIA;AUXILIAR DE SAUDE 3A CLASSE;; 30:00;11/06/1988;ESTATUTARIO;3061,08;;3061,08;317,52;2743,56;
ANTONINA DE CASTRO PONTES;SERVICO DE ENFERMAGEM;TEC. DE ENFERMAGEM-TEN-P.S.N.M.-B;; 30:00;16/05/2006;ESTATUTARIO;3573,96;;3573,96;427,60;3146,36;
ANTONIO CARLOS BITENCOURT DA COSTA;SERVICO DE ENFERMAGEM;TEC. DE ENFERMAGEM-TEN-P.S.N.M.-A;TEC. DE ENFERMAGEM; 20:00;07/03/2006;ESTATUTARIO;3562,60;;3562,60;404,00;3158,60;
ANTONIO CARLOS DA SILVA;SETOR DE REGISTRO E CONTROLE;AGENTE ADM.-AGA-T.S.N.A.-H;; 30:00;17/07/1996;ESTATUTARIO;3417,68;;3417,68;346,03;3071,65;
ARLENE MACHADO DE SOUZA;SAME;ASSISTENTE TECNICO A;SUBGERENTE AD-3; 30:00;01/08/1978;ESTATUTARIO;6814,95;;6814,95;1052,61;5762,34;
ARTHENIZE RIAME PRAIA G C ARAUJO;SETOR DE ENFERMARIA;TEC. DE ENFERMAGEM-TEN-P.S.N.M.-A;; 30:00;02/03/2017;ESTATUTARIO;2670,63;;2670,63;373,89;2296,74;
AUGUSTO GUILHERME DE A MARTINOT;SECAO DE SERVICOS GERAIS;ENGENHEIRO ELETR.-EEL-T.S.N.S.-A;; 30:00;02/01/2019;ESTATUTARIO;6249,45;;6249,45;1231,02;5018,43;
BARBARA FONSECA ABRAHIM;SETOR DE NUTRICAO E DIETETICA;GERENTE;GERENTE AD-2; 40:00;03/06/2013;CARGO COMISSION.S/VINCULO;4693,27;;4693,27;623,70;4069,57;
BARBARA SILVA DE OLIVEIRA BINDA;SETOR DE PATOLOGIA CLINICA;TEC.DE PAT.CLINICA-TPC-P.S.N.M.-A;; 20:00;01/11/2018;ESTATUTARIO;3332,31;;3332,31;373,89;2958,42;
BIANCA FARIAS DOS SANTOS;DIVISAO DE ADMINISTRACAO;ASSIST.ADMIN.-ASA-T.S.N.M.-A;; 30:00;02/08/2018;ESTATUTARIO;2859,78;;2859,78;316,37;2543,41;
BIANCA PAIVA MAIA PRIMO;SERVICO DE ENFERMAGEM;TEC. DE ENFERMAGEM-TEN-P.S.N.M.-A;; 30:00;16/05/2006;ESTATUTARIO;3411,40;;3411,40;393,60;3017,80;
BRUCE DIEGO LACERDA PEREIRA;SERVICO DE RADIOTERAPIA;TEC.DE RADIOTERAPIA-TER-P.S.N.M.-A;; 20:00;06/05/2016;ESTATUTARIO;3270,63;;3270,63;348,96;2921,67;
BRUNA VALESSA MOUTINHO PEREIRA;SERVICO DE ESTUDOS E APERFEIC.;MEDICO RESIDENTE;; 40:00;01/12/2023;RESIDENTE;4106,09;;4106,09;;4106,09;
BRUNO DE SOUZA SILVA;DIVISAO DE ADMINISTRACAO;ASSIST.ADMIN.-ASA-T.S.N.M.-A;; 30:00;01/08/2018;ESTATUTARIO;2921,92;;2921,92;325,07;2596,85;
BRUNO FREIRE DE ALMEIDA;SETOR DE FARMACIA;AUX.DE FARMACIA-AFA-P.S.N.A.-A;; 30:00;01/08/2018;ESTATUTARIO;2867,98;;2867,98;317,52;2550,46;
BRUNO NAZARE NOGUEIRA;SAME;ASSIST.ADMIN.-ASA-T.S.N.M.-A;; 30:00;12/03/2018;ESTATUTARIO;2921,92;;2921,92;325,07;2596,85;
CARLA NATERCIA CABRAL DE OLIVEIRA;SETOR DE FARMACIA;FARMACEUTICO-FAR-P.S.N.S.-A;; 30:00;06/05/2016;ESTATUTARIO;8098,34;;8098,34;1927,13;6171,21;
CARLOS ALBERTO GUIMARAES;SETOR DE PATOLOGIA CLINICA;TEC.DE HISTOLOGIA-THI-P.S.N.M.-C;; 30:00;29/03/1990;ESTATUTARIO;4272,97;;4272,97;535,86;3737,11;
CASSIANA PINHEIRO DE ARAUJO;MANDADO DE SEGURANCA;ENFERMEIRO-ENF-P.S.N.S.-A;; 40:00;06/11/2023;ESTATUTARIO;8303,94;;8303,94;933,90;7370,04;
CAYO CESAR FERREIRA ALVES;SETOR DE ENDOSCOPIA;ASSIST.ADMIN.-ASA-T.S.N.M.-A;; 30:00;01/02/2017;ESTATUTARIO;7859,78;;7859,78;1261,49;6598,29;
CECILIA OLIVEIRA DE CARVALHO;SETOR DE FARMACIA;FARMACEUTICO-FAR-P.S.N.S.-A;; 30:00;01/08/2018;ESTATUTARIO;7498,34;;7498,34;1927,13;5571,21;
CELINA DE JESUS GUIMARAES;SETOR DE FARMACIA;FARMACEUTICO-FAR-P.S.N.S.-A;FARMACEUTICO; 20:00;09/12/2005;ESTATUTARIO;8893,89;;8893,89;2226,65;6667,24;
CHRISTIANE MENDES COSTA;SETOR DE CITOPATOLOGIA;TEC.DE HISTOLOGIA-THI-P.S.N.M.-B;TEC.HISTOLOGIA; 20:00;07/03/2006;ESTATUTARIO;3573,96;;3573,96;427,60;3146,36;
CIBELE DE SOUSA MENEZES;SETOR DE BIBLIOTECA;BIBLIOTECARIO-BIB-T.S.N.S.-A;; 30:00;25/01/2019;ESTATUTARIO;11899,10;;11899,10;3358,11;8540,99;
CLAUDIA DE ARAUJO LIRA;SERVICO DE ENFERMAGEM;AGENTE ADM.-AGA-T.S.N.A.-G;; 30:00;03/03/1986;ESTATUTARIO;3167,98;;3167,98;359,52;2808,46;
CLAUDIA PATRICIA DA SILVA CHAVES;SETOR DE ANATOMIA PATOLOGICA;TEC.DE HISTOLOGIA-THI-P.S.N.M.-A;; 20:00;01/10/2018;ESTATUTARIO;3270,63;;3270,63;373,89;2896,74;
CLAUDIA RODRIGUES DE CASTRO SANTANA;SETOR DE ENFERMARIA;AUXILIAR DE ENFERMAGEM A;AUX. DE ENFERMAGEM A; 30:00;01/04/2000;ESTATUTARIO;3061,08;;3061,08;317,52;2743,56;
CLAUDINEIA DE PAULA CHINCKR;DIVISAO DE ADMINISTRACAO;RECEPCIONISTA-REC-T.S.N.A.-E;; 30:00;03/04/2018;ESTATUTARIO;2105,69;;2105,69;;2105,69;
CLECIO LEITE GOMES;SETOR DE PATOLOGIA CLINICA;TECNICO DE PATOLOGIA CLINICA A;; 20:00;23/07/1993;ESTATUTARIO;3325,35;;3325,35;373,89;2951,46;
CLEOPATRA MEDINA NORONHA AREOSA;SETOR DE CENTRO MEDICO;MEDICO DOUTOR;MEDICO ESPECIALISTA; 20:00;16/05/2006;ESTATUTARIO;20121,00;;20121,00;5872,34;14248,66;
CRISTIANE SILVEIRA LIMA;NUCLEO MEDICO-ASSISTENCIAL;MEDICO ESPECIALISTA;; 20:00;16/05/2006;ESTATUTARIO;9830,35;;9830,35;;9830,35;
CRISTIANO DE MOURA PEREIRA;SETOR DE IMAGENOLOGIA;TEC.DE RAD.MEDICA-TRM-P.S.N.M.-A;; 20:00;16/05/2006;ESTATUTARIO;3502,12;;3502,12;393,60;3108,52;
CRISTINA RIBEIRO LOPES;NUCLEO MEDICO-ASSISTENCIAL;TEC.DE PAT.CLINICA-TPC-P.S.N.M.-A;; 20:00;02/03/2021;ESTATUTARIO;3270,63;;3270,63;373,89;2896,74;
DAMIANA CELESTE PONTES;SETOR DE ENFERMARIA;TEC.DE PAT.CLINICA-TPC-P.S.N.M.-D;; 20:00;01/04/1981;ESTATUTARIO;3830,43;;3830,43;391,96;3438,47;
DANGELA MARIA DOS SANTOS BARBOSA;SETOR DE IMAGENOLOGIA;TEC.DE RAD.MEDICA-TRM-P.S.N.M.-A;; 20:00;16/05/2006;ESTATUTARIO;3502,12;;3502,12;393,60;3108,52;
DANIEL DA SILVA GLORIA;SETOR DE PSIC.REABIL.E FISIOT.;FISIOTERAPEUTA-FIS-P.S.N.S.-A;; 30:00;01/08/2018;ESTATUTARIO;8098,34;;8098,34;1927,13;6171,21;
DANIEL FERREIRA DIAS;SECAO DE PESSOAL;ASSIST.ADMIN.-ASA-T.S.N.M.-A;; 20:00;01/02/2017;ESTATUTARIO;2921,92;;2921,92;325,07;2596,85;
DANIEL FREIRE NAKAMURA;SETOR DE AMBULATORIO;MEDICO ESPECIALISTA; MEDICO ESPECIALISTA; 20:00;16/05/2006;ESTATUTARIO;13707,13;;13707,13;3650,19;10056,94;
DANIEL MACEDO CARNEIRO;SETOR DE FARMACIA;ASSISTENTE TECNICO A;ASSIST. TECNICO; 30:00;09/12/2005;ESTATUTARIO;3087,73;;3087,73;334,17;2753,56;
DANIELE RODRIGUES CAMPOS;SETOR DE PATOLOGIA CLINICA;AUX.DE PATOL.CLIN.-APC-P.S.N.A.-A;; 20:00;03/10/2005;ESTATUTARIO;4434,94;;4434,94;335,70;4099,24;
DANIELLE GUIMARAES COELHO;DIVISAO DE ADMINISTRACAO;TELEFONISTA-TEL-T.S.N.A.-E;; 30:00;01/03/2018;ESTATUTARIO;2705,69;;2705,69;294,80;2410,89;
DEBORA CRISTINA NASCIMENTO DA COSTA;ASSESSORIA;AGENTE ADM.-AGA-T.S.N.A.-E;; 30:00;01/10/2023;ESTATUTARIO;2705,69;;2705,69;;2705,69;
DELCIDIA DA SILVA ALMEIDA;SETOR DE ENFERMARIA;TEC. DE ENFERMAGEM-TEN-P.S.N.M.-A;; 30:00;01/02/2016;ESTATUTARIO;2670,63;;2670,63;;2670,63;
DENIZE AQUINO DE SOUZA;SETOR DE ENFERMARIA;TEC. DE ENFERMAGEM-TEN-P.S.N.M.-A;TEC DE ENFERMAGEM; 20:00;09/12/2005;ESTATUTARIO;3339,47;;3339,47;383,53;2955,94;
DEUZA MARIA NOGUEIRA ROSARIO;SECAO DE ORCAMENTO E FINANCAS;TECNICO-TEC-T.S.N.S.-D;CHEFE DE DEPARTAMENT; 30:00;21/01/2019;ESTATUTARIO;14184,91;;14184,91;3604,21;10580,70;
DEUZIMAR AZEVEDO DA SILVA;SETOR DE IMAGENOLOGIA;TEC.DE RAD.MEDICA-TRM-P.S.N.M.-A;; 20:00;16/05/2006;ESTATUTARIO;2700,82;;2700,82;383,53;2317,29;
DIANA NOGUEIRA DO NASCIMENTO;SETOR DE AMBULATORIO;MEDICO ESPECIALISTA;MED ESPECIALISTA; 20:00;05/10/2005;ESTATUTARIO;10496,06;;10496,06;2773,26;7722,80;
DIEGO DA SILVA FRONER;DIVISAO DE ADMINISTRACAO;BACHAREL EM COMP.-BQO-T.S.N.S.-A;GERENTE; 30:00;20/03/2018;ESTATUTARIO;14502,03;;14502,03;3579,35;10922,68;
DIOGENES DE LIMA FRANCA;SETOR DE ENFERMARIA;TEC. DE ENFERMAGEM-TEN-P.S.N.M.-D;; 30:00;14/08/1985;ESTATUTARIO;3774,45;;3774,45;177,77;3596,68;
DIOMARA DE OLIVEIRA BEZERRA;SETOR DE ENFERMARIA;TEC. DE ENFERMAGEM-TEN-P.S.N.M.-A;; 30:00;01/02/2017;ESTATUTARIO;3270,63;;3270,63;373,89;2896,74;
DIRCE COSTA ONETY;SERVICO DE ENFERMAGEM;MEDICO ESPECIALISTA;MEDICO URGENTISTA; 20:00;16/05/2006;ESTATUTARIO;10430,35;;10430,35;2749,08;7681,27;
EDILANE PORTO DIAS;SETOR DE ENFERMARIA;ENFERMEIRO-ENF-P.S.N.S.-A;; 30:00;01/02/2017;ESTATUTARIO;8098,34;;8098,34;1927,13;6171,21;
EDILANE SILVA MENDONCA;SETOR DE ENFERMARIA;TEC. DE ENFERMAGEM-TEN-P.S.N.M.-A;; 30:00;01/02/2017;ESTATUTARIO;3270,63;;3270,63;336,50;2934,13;
EDILENE FERREIRA DOS SANTOS;SETOR DE HEMATOL.E HEMOTERAPIA;TEC.DE HEMOTERAP.-THE-P.S.N.M.-A;; 20:00;28/01/1994;ESTATUTARIO;2670,63;;2670,63;373,89;2296,74;
EDMILZA PORTO DIAS;SETOR DE ENFERMARIA;ENFERMEIRO-ENF-P.S.N.S-D;; 30:00;12/09/1982;ESTATUTARIO;9372,29;;9372,29;2632,67;6739,62;
EDNA AUZIER FELIX;SETOR DE ENFERMARIA;TEC. DE ENFERMAGEM-TEN-P.S.N.M.-B;; 30:00;03/10/2005;ESTATUTARIO;3573,96;;3573,96;427,60;3146,36;
EDSON MAURO SILVA OLIVEIRA;SETOR DE AMBULATORIO;MEDICO ESPECIALISTA;MEDICO ESPECIALISTA; 20:00;07/03/2006;ESTATUTARIO;10430,35;;10430,35;2456,98;7973,37;
EJANDRE LUNIERES DE SANTIAGO;SETOR ABDOMINO-TORAXICO;MEDICO ESPECIALISTA;; 20:00;01/06/1989;ESTATUTARIO;10439,94;;10439,94;2869,06;7570,88;
ELAINE DOS SANTOS MAIA;SETOR DE AMBULATORIO;TEC. DE ENFERMAGEM-TEN-P.S.N.M.-A;; 30:00;16/05/2006;ESTATUTARIO;3411,40;;3411,40;393,60;3017,80;
ELANE ALMEIDA DA COSTA;SETOR DE ENFERMARIA;AUXILIAR DE ENFERMAGEM A;; 30:00;01/03/2001;ESTATUTARIO;3061,08;;3061,08;317,52;2743,56;
ELENISE CHAVES DOS SANTOS;SETOR DE ENFERMARIA;TEC. DE ENFERMAGEM-TEN-P.S.N.M.-A;TEC DE ENFERMAGEN; 20:00;09/12/2005;ESTATUTARIO;3339,47;;3339,47;191,76;3147,71;
ELEONIS FREITAS NUNES;SETOR DE ZELAD.VIG.TRANSPORTES;MOTORISTA-MOT-T.S.N.A.-A;; 30:00;16/05/2006;ESTATUTARIO;3614,59;;3614,59;420,88;3193,71;
ELI MASSAO SHIRAYANAGUI DOS SANTOS;SETOR DE PATOLOGIA CLINICA;FARMAC.BIOQ. -FAB-P.S.N.S.-A;; 20:00;01/03/2018;ESTATUTARIO;8262,50;;8262,50;1868,00;6394,50;
ELIENE CAVALCANTI BUENO DE CASTRO;SERVICOS TECNICOS;ASSIST.SOC.ASS-P.S.N.S.-CL.A;ASSIST SOCIAL; 20:00;09/12/2005;ESTATUTARIO;8401,50;;8401,50;2041,26;6360,24;
ELIENE SILVA MOTA;SECAO DE ORCAMENTO E FINANCAS;ASSIST.ADMIN.-ASA-T.S.N.M.-A;; 30:00;01/02/2017;ESTATUTARIO;2921,92;;2921,92;325,07;2596,85;
ELISAMAR ANDREA CANTO DOS SANTOS;SERVICO DE ENFERMAGEM;TEC. DE ENFERMAGEM-TEN-P.S.N.M.-A;TEC. DE ENFERMAGEM; 30:00;16/05/2006;ESTATUTARIO;3512,20;;3512,20;393,60;3118,60;
ELISANGELA LACERDA DOS REIS;SETOR DE PATOLOGIA CLINICA;FARMAC.BIOQ. -FAB-P.S.N.S.-A;; 20:00;06/05/2016;ESTATUTARIO;10761,95;;10761,95;2659,62;8102,33;
ELIZANGELA DA SILVA;SAME;ASSIST.ADMIN.-ASA-T.S.N.M.-A;; 30:00;02/03/2018;ESTATUTARIO;2921,92;;2921,92;314,23;2607,69;
ELIZIANE LIMA DA SILVA;MANDADO DE SEGURANCA;FARMACEUTICO-FAR-P.S.N.S.-A;; 30:00;16/04/2020;ESTATUTARIO;8098,34;;8098,34;1927,13;6171,21;
ELLEN ALBUQUERQUE DE FREITAS;SETOR DE ENFERMARIA;ENFERMEIRO-ENF-P.S.N.S.-A;; 30:00;01/02/2017;ESTATUTARIO;8098,34;;8098,34;1927,13;6171,21;
EMILY DOS SANTOS FRANCO;SETOR DE ANATOMIA PATOLOGICA;MEDICO ESPECIALISTA;GERENTE; 20:00;01/08/2018;ESTATUTARIO;14300,35;;14300,35;3801,24;10499,11;
ENEIDE MARIA DE SOUSA;SETOR DE IMAGENOLOGIA;TEC.DE RAD.MEDICA-TRM-P.S.N.M.-B;; 20:00;25/08/1997;ESTATUTARIO;3649,75;;3649,75;430,19;3219,56;
ENIO LUCIO COELHO DUARTE;SETOR DE RADIOTERAPIA;MEDICO ESPECIALISTA;; 20:00;03/10/2005;ESTATUTARIO;10430,35;;10430,35;2749,08;7681,27;
ENNY LUANA CARMO DE VASCONCELOS;SERVICO DE ESTUDOS E APERFEIC.;MEDICO RESIDENTE;; 40:00;01/12/2023;RESIDENTE;4106,09;;4106,09;;4106,09;
ERICK ANDRADE DE PAIVA;SETOR DE FARMACIA;AUX.DE FARMACIA-AFA-P.S.N.A.-A;; 30:00;03/06/2019;ESTATUTARIO;2867,98;;2867,98;317,52;2550,46;
ERIVALDO MOREIRA DIAS;SECAO DE PESSOAL;AUX.DE SERV.GER.-ASG-T.S.N.A.-D;; 30:00;15/07/1996;ESTATUTARIO;3031,82;;3031,82;340,45;2691,37;
ERNANDA RAQUEL DE Q G S E FERNANDES;SETOR DE PATOLOGIA CLINICA;FARMAC.BIOQ. -FAB-P.S.N.S.-A;; 20:00;01/08/2018;ESTATUTARIO;8098,34;;8098,34;1927,13;6171,21;
ERONILDES AUGUSTO DOS SANTOS;SERVICO DE ENFERMAGEM;FISIOTERAPEUTA A;; 20:00;23/07/1993;ESTATUTARIO;8611,93;;8611,93;2120,49;6491,44;
EUGENIA SEIXAS DOS SANTOS MARQUES;SERVICO DE ENFERMAGEM;AUXILIAR DE ENFERMAGEM A;; 30:00;23/07/1993;ESTATUTARIO;3086,76;;3086,76;283,06;2803,70;
EULER MARTINS MARQUES;SETOR DE ONCOLOGIA CLINICA;CHEFE DE DEPARTAMENTO;CHEFE DE DEPARTAMENT; 40:00;01/04/2023;DISP. OUTROS ESFERAS;5700,30;;5700,30;357,72;5342,58;
EVA MOTA DA SILVA;DIVISAO DE ADMINISTRACAO;ASSIST.ADMIN.-ASA-T.S.N.M.-A;; 30:00;01/08/2018;ESTATUTARIO;2259,78;;2259,78;;2259,78;
EVELYN GUIMARAES LORIS;DIR.ADMINISTRATIVA-FINANCEIRA;AGENTE ADMINISTRATIVO A - N.B.;SUBGERENTE; 30:00;17/01/2022;ESTATUTARIO;7530,44;;7530,44;1149,35;6381,09;
FABIANA LO PRESTI MENDONCA ROSAS;SETOR DE AMBULATORIO;MEDICO ESPECIALISTA;MEDICO ESPECIALISTA; 20:00;16/05/2006;ESTATUTARIO;10496,06;;10496,06;2773,26;7722,80;
FABIANA SOUZA MOREIRA;SETOR DE IMAGENOLOGIA;GERENTE;GERENTE; 40:00;13/11/2023;CARGO COMISSION.S/VINCULO;4693,27;;4693,27;623,70;4069,57;
FABIOLA CARDOSO GOMES;NUCLEO MEDICO-ASSISTENCIAL;FARMACEUTICO-FAR-P.S.N.S.-A;; 30:00;27/03/2020;ESTATUTARIO;8098,34;;8098,34;1927,13;6171,21;
FABIOLA DE PAULA FERREIRA;SERVICO DE ENFERMAGEM;TEC. DE ENFERMAGEM-TEN-P.S.N.M.-C;TEC. DE ENFERMAGEM; 30:00;16/05/2006;ESTATUTARIO;2996,25;;2996,25;432,40;2563,85;
FABIOLA DE PAULA FERREIRA;SETOR DE ENFERMARIA;AUXILIAR DE ENFERMAGEM A;; 30:00;01/04/2000;ESTATUTARIO;3061,08;;3061,08;317,52;2743,56;
FABIOLA LIMA DA SILVA;DIVISAO DE ADMINISTRACAO;ASSIST.ADMIN.-ASA-T.S.N.M.-A;; 30:00;08/03/2018;ESTATUTARIO;2859,78;;2859,78;316,37;2543,41;
FABIOLA MENDES DE OLIVEIRA;SETOR DE RADIOTERAPIA;TEC.DE RADIOTERAPIA-TER-P.S.N.M.-A;; 20:00;06/05/2016;ESTATUTARIO;3270,63;;3270,63;373,89;2896,74;
FABRICIO LIMA MOURA;NUCLEO MEDICO-ASSISTENCIAL;MEDICO ESPECIALISTA;; 20:00;03/12/2018;ESTATUTARIO;10300,35;;10300,35;2649,10;7651,25;
FABRICIO PIMENTEL DOS SANTOS;SECAO DE EXPEDIENTE;MOTORISTA-MOT-T.S.N.A.-A;; 30:00;02/01/2019;ESTATUTARIO;3160,51;;3160,51;347,25;2813,26;
FATIMA KANAWATI DE OLIVEIRA;ASSESSORIA;ASSISTENTE TECNICO B;ASSESSOR III AD 3; 30:00;01/10/1974;ESTATUTARIO;6814,95;;6814,95;1052,61;5762,34;
FERNANDO HENRIQUE DA SILVA CASCAES;DIVISAO DE ADMINISTRACAO;TELEFONISTA-TEL-T.S.N.A.-E;; 30:00;12/11/2018;ESTATUTARIO;2764,01;;2764,01;302,96;2461,05;
FERNANDO MARTINS MOREIRA;DIVISAO DE ADMINISTRACAO;GERENTE;NAO INFORMADO; 40:00;19/10/2021;CARGO COMISSION.S/VINCULO;4693,27;;4693,27;623,70;4069,57;
FRANCELINA DE SOUZA MONTEIRO;SETOR DE ENFERMARIA;TEC. DE ENFERMAGEM-TEN-P.S.N.M.-A;TEC ENFERMAGEM; 20:00;09/12/2005;ESTATUTARIO;4252,63;;4252,63;465,26;3787,37;
FRANCILENA MARINHO SOARES DE JESUS;SERVICO DE ENFERMAGEM;TEC. DE ENFERMAGEM-TEN-P.S.N.M.-A;; 40:00;31/05/2006;ESTATUTARIO;3502,28;;3502,28;393,60;3108,68;
FRANCINEIDA COLARES DE OLIVEIRA;SETOR DE ENFERMARIA;AUXILIAR DE ENFERMAGEM - F;; 30:00;01/05/1994;ESTATUTARIO;3061,08;;3061,08;317,52;2743,56;
FRANCISCA RODRIGUES DUARTE;SECAO DE SERVICOS GERAIS;AUX.DE SERV.GER.-ASG-T.S.N.A.-A;; 30:00;03/06/2019;ESTATUTARIO;2688,23;;2688,23;292,35;2395,88;
FRANCISCO BATISTA PIMENTEL;SETOR DE ENFERMARIA;TEC. DE ENFERMAGEM-TEN-P.S.N.M.-A;; 30:00;01/02/2017;ESTATUTARIO;3270,63;;3270,63;373,89;2896,74;
FRANCISCO CARLOS ALVES DE LIMA;SETOR DE ALMOXARIFADO;AGENTE ADM.-AGA-T.S.N.A.-G;; 30:00;29/07/1993;ESTATUTARIO;2978,30;;2978,30;332,96;2645,34;
FRANCISCO DAMIAO SILVA DE SOUZA;SETOR DE ZELAD.VIG.TRANSPORTES;MOTORISTA-MOT-T.S.N.A.-A;; 30:00;01/02/2017;ESTATUTARIO;3023,68;;3023,68;336,94;2686,74;
FRANCISCO DE ASSIS VIEIRA;SETOR DE ENFERMARIA;TEC. DE ENFERMAGEM-TEN-P.S.N.M.-A;; 30:00;01/02/2017;ESTATUTARIO;3325,35;;3325,35;373,89;2951,46;
FRANCISCO ENIO DOS SANTOS;SETOR DE RADIOTERAPIA;TECNICO EM RADIOTERAPIA;TEC DE RADIOTERAPIA; 20:00;01/04/2000;ESTATUTARIO;3270,63;;3270,63;373,89;2896,74;
FRANCISCO GILVAN MOREIRA NEVES;SETOR DE ENFERMARIA;TEC. DE ENFERMAGEM-TEN-P.S.N.M.-A;TEC. DE ENFERMAGEM; 20:00;09/12/2005;ESTATUTARIO;3411,40;;3411,40;393,60;3017,80;
FRANK LANDE BELEM MAGALHAES;SETOR DE NUTRICAO E DIETETICA;COZINHEIRO-T.S.N.A.-A;COZINHEIRO; 30:00;09/12/2005;ESTATUTARIO;2899,93;;2899,93;308,89;2591,04;
GEISA SALVADOR GOES;ASSESSORIA;ASSESSOR II;; 40:00;10/02/2016;CARGO COMISSION.S/VINCULO;4693,27;;4693,27;623,70;4069,57;
GEORGIANA BESERRA DO NASCIMENTO;SETOR DE PATOLOGIA CLINICA;AUX.DE PATOL.CLIN.-APC-P.S.N.A.-A;; 20:00;03/10/2005;ESTATUTARIO;3067,35;;3067,35;345,43;2721,92;
GEOVANA GOMES NERI;NUCLEO MEDICO-ASSISTENCIAL;FONOAUDIOLOGO-FON-P.S.N.S.-A;; 30:00;21/01/2019;ESTATUTARIO;8098,34;;8098,34;1927,13;6171,21;
GERSON ANTONIO DOS SANTOS MOURAO;SETOR GENITO PELVICO UROLOGICO;MEDICO ESPECIALISTA;DIRETOR PRESIDENTE; 30:00;29/03/1990;ESTATUTARIO;21030,90;;21030,90;5730,69;15300,21;
GERSON EDUARDO MACENA;ASSESSORIA;ASSIST.ADMIN.-ASA-T.S.N.M.-A;; 30:00;26/12/2016;ESTATUTARIO;2321,92;;2321,92;325,07;1996,85;
GEYZA CAMARA AREQUE;DIVISAO DE ADMINISTRACAO;TELEFONISTA-TEL-T.S.N.A.-E;; 30:00;08/10/2018;ESTATUTARIO;2764,01;;2764,01;282,76;2481,25;
GILBERSON FIGUEIRA BARBOSA;SECAO DE PESSOAL;GERENTE;GERENTE; 40:00;06/03/2023;ESTATUTARIO;10763,04;;10763,04;2524,39;8238,65;
GILCIMAR BENFICA ALVES;SETOR DE IMAGENOLOGIA;TEC.DE RAD.MEDICA-TRM-P.S.N.M.-A;TEC EM RADIOLOGIA; 20:00;16/05/2006;ESTATUTARIO;3425,87;;3425,87;383,53;3042,34;
GILMARA BRAGA BENTES;SETOR DE NUTRICAO E DIETETICA;NUTRICIONISTA-NUT-P.S.N.S.-A;; 30:00;23/03/2018;ESTATUTARIO;8098,34;;8098,34;1927,13;6171,21;
GISELY DE SOUSA IMBIRIBA;SERVICO DE ENFERMAGEM;TEC. DE ENFERMAGEM-TEN-P.S.N.M.-A;TEC. DE ENFERMAGEM; 30:00;16/05/2006;ESTATUTARIO;3411,40;;3411,40;380,48;3030,92;
GIUSEPPE FIGLIUOLO;SETOR DE AMBULATORIO;MEDICO ESPECIALISTA;; 20:00;07/03/2006;ESTATUTARIO;11258,64;;11258,64;3060,93;8197,71;
GLAUCIANE DO SOCORRO MOREIRA NEVES;SETOR DE ENFERMARIA;ENFERMEIRO-ENF-P.S.N.S.-A;ENFERMEIRA; 30:00;09/12/2005;ESTATUTARIO;8186,04;;8186,04;2186,05;5999,99;
GRACA MARIA GONDIM DE ALBUQUERQUE;CONSELHO DIRETOR;ENFERMEIRO-ENF-P.S.N.S.-C;GERENTE; 30:00;01/12/1999;ESTATUTARIO;13007,24;;13007,24;3369,32;9637,92;
GREICY MONTEIRO MARQUES;SETOR DE PATOLOGIA CLINICA;FARMAC.BIOQ. -FAB-P.S.N.S.-A;FARMACEUTICOB.QUIMI; 20:00;16/05/2006;ESTATUTARIO;8967,73;;8967,73;2254,45;6713,28;
GUIOMAR PEREIRA DE OLIVEIRA;SECAO DE SERVICOS GERAIS;AUX.DE SERV.GER.-ASG-T.S.N.A.-D;; 30:00;15/07/1996;ESTATUTARIO;3031,82;;3031,82;340,45;2691,37;
HADISON PEREIRA DE SOUZA;SETOR DE LIQ.DE CONTAS HOSPIT.;ASSIST.ADMIN.-ASA-T.S.N.M.-A;; 30:00;01/08/2018;ESTATUTARIO;2921,92;;2921,92;325,07;2596,85;
HELBER FREITAS ALAGIA;CONSELHO DIRETOR;MEDICO ESPECIALISTA A;; 20:00;02/06/1993;ESTATUTARIO;10696,19;;10696,19;2846,89;7849,30;
HENRI HORSTMANN;SETOR DE AMBULATORIO;MEDICO ESPECIALISTA;MED ESPECIALISTA; 20:00;05/10/2005;ESTATUTARIO;13707,13;;13707,13;3650,19;10056,94;
HIGINO FELIPE FIGUEIREDO;SETOR DE AMBULATORIO;MEDICO ESPECIALISTA;; 20:00;05/03/2018;ESTATUTARIO;10300,35;;10300,35;2701,24;7599,11;
HILDA FERREIRA DE MELO;SETOR DE PATOLOGIA CLINICA;TEC.DE PAT.CLINICA-TPC-P.S.N.M.-A;; 20:00;01/08/2018;ESTATUTARIO;3352,87;;3352,87;373,89;2978,98;
HILDEBERTO FERREIRA ASSUNCAO FILHO;SERVICO COMPLEM.DE DIAGNOSTICO;TEC.DE PAT.CLINICA-TPC-P.S.N.M.-A;; 20:00;16/05/2006;ESTATUTARIO;3411,40;;3411,40;393,60;3017,80;
HILKA FLAVIA BARRA DO E S A PEREIRA;NUCLEO MEDICO-ASSISTENCIAL;MEDICO ESPECIALISTA;GERENTE; 20:00;14/01/2019;ESTATUTARIO;14245,98;;14245,98;3835,71;10410,27;
ICARO AUGUSTO PAIVA FALCAO;DIVISAO DE ADMINISTRACAO;ASSIST.ADMIN.-ASA-T.S.N.M.-A;SUBGERENTE; 30:00;02/04/2018;ESTATUTARIO;5921,92;;5921,92;737,28;5184,64;
IDA PAULA DA SILVA MOURA;SETOR DE ENFERMARIA;FARMACEUTICO-FAR-P.S.N.S.-A;FARMACEUTICO; 20:00;09/12/2005;ESTATUTARIO;8293,89;;8293,89;2226,65;6067,24;
INALDO CALIXTO DA SILVA;SETOR DE ENFERMARIA;FARMACEUTICO BIOQUIMICO B;; 20:00;01/04/2000;ESTATUTARIO;8235,14;;8235,14;1964,75;6270,39;
IRANEIDE FERREIRA MAFRA;SETOR DE ENFERMARIA;ENFERMEIRO-ENF-P.S.N.S.-A;GERENTE; 30:00;26/12/2016;ESTATUTARIO;12246,77;;12246,77;3083,01;9163,76;
IRISMARA CORREA CONCEICAO;DIVISAO DE ADMINISTRACAO;SUBGERENTE;NAO INFORMADO; 40:00;19/10/2021;CARGO COMISSION.S/VINCULO;4715,92;;4715,92;630,27;4085,65;
ISA MONICA COSTA DE ANDRADE;MANDADO DE SEGURANCA;FARMACEUTICO-FAR-P.S.N.S.-A;; 30:00;20/10/2023;ESTATUTARIO;8098,34;;8098,34;877,36;7220,98;
ISAIR DA SILVA LOPES;SERVICO DE RADIOTERAPIA;TECNICO DE RADIOTERAPIA A;; 20:00;27/05/1996;ESTATUTARIO;3339,47;;3339,47;383,53;2955,94;
ISAIR DA SILVA LOPES;SETOR DE RADIOTERAPIA;TEC.DE RADIOTERAPIA-TER-P.S.N.M.-A;TEC EM RADIOTERAPIA; 30:00;16/05/2006;ESTATUTARIO;2739,47;;2739,47;383,53;2355,94;
IVANCY VALENTE DE QUEIROZ;SETOR DE ZELAD.VIG.TRANSPORTES;MOTORISTA-MOT-T.S.N.A.-A;; 30:00;16/05/2006;ESTATUTARIO;3504,19;;3504,19;406,59;3097,60;
IVANETE ANDRADE DE SOUZA SILVA;SETOR DE ENFERMARIA;ENFERMEIRO-ENF-P.S.N.S.-A;; 30:00;01/02/2017;ESTATUTARIO;10597,79;;10597,79;2614,48;7983,31;
IVANETE DE LIMA SAMPAIO;SETOR DE ENFERMARIA;FARMAC.BIOQ. -FAB-P.S.N.S.-A;; 20:00;03/10/2005;ESTATUTARIO;7801,50;;7801,50;2041,26;5760,24;
IVARLI DA SILVA LOPES;SECAO DE EXPEDIENTE;ASSIST.ADMIN.-ASA-T.S.N.M.-D;; 30:00;30/03/1990;ESTATUTARIO;3354,65;;3354,65;385,65;2969,00;
JACIELEM LIMA PEREIRA;SETOR DE SERVICO SOCIAL;ASSIST.SOC.ASS-P.S.N.S.-CL.A;; 30:00;03/06/2019;ESTATUTARIO;8098,34;;8098,34;1927,13;6171,21;
JACILEIA HELENA DE SOUZA ANDRADE;SERVICO DE ENFERMAGEM;TEC. DE ENFERMAGEM-TEN-P.S.N.M.-A;TEC DE ENFERMAGEM; 30:00;16/05/2006;ESTATUTARIO;3411,40;;3411,40;393,60;3017,80;
JACKSON ANTONIO SILVA PEREIRA;SECAO DE SERVICOS GERAIS;AUX.DE SERV.GER.-ASG-T.S.N.A.-A;; 30:00;03/06/2019;ESTATUTARIO;2688,23;;2688,23;292,35;2395,88;
JACQUELINE BOTELHO DA SILVA;SETOR DE PATOLOGIA CLINICA;FARMAC.BIOQ. -FAB-P.S.N.S.-A;; 20:00;03/10/2005;ESTATUTARIO;8401,50;;8401,50;2041,26;6360,24;
JAILSON FREITAS DE LIMA;SETOR DE ZELAD.VIG.TRANSPORTES;MOTORISTA-MOT-T.S.N.A.-A;; 30:00;16/05/2006;ESTATUTARIO;4472,25;;4472,25;438,99;4033,26;
JANETE PINTO DO NASCIMENTO;SECAO DE SERVICOS GERAIS;AUX.DE SERV.GER.-ASG-T.S.N.A.-A;; 30:00;03/06/2019;ESTATUTARIO;2688,23;;2688,23;282,61;2405,62;
JANILDE DOS SANTOS SILVA;SETOR DE ENFERMARIA;TEC. DE ENFERMAGEM-TEN-P.S.N.M.-A;; 30:00;01/02/2017;ESTATUTARIO;4160,84;;4160,84;441,86;3718,98;
JANILSON CAMPOS VIEIRA;SETOR DE AMBULATORIO;RECEPCIONISTA-REC-T.S.N.A.-E;; 30:00;04/04/2018;ESTATUTARIO;2705,69;;2705,69;294,80;2410,89;
JANIO DE SOUSA PEREIRA;DIVISAO DE ADMINISTRACAO;MOTORISTA-MOT-T.S.N.A.-A;; 30:00;01/08/2018;ESTATUTARIO;2406,72;;2406,72;;2406,72;
JARILZA VIANA DE MENDONCA;SETOR DE ENFERMARIA;SUBGERENTE;SUBGERENTE; 40:00;14/11/2023;CARGO COMISSION.S/VINCULO;3686,94;;3686,94;341,25;3345,69;
JEAN MICHEL MARTINS CARDOSO;SETOR DE ZELAD.VIG.TRANSPORTES;MOTORISTA-MOT-T.S.N.A.-A;; 30:00;22/03/2018;ESTATUTARIO;3808,96;;3808,96;336,94;3472,02;
JEANNE LEE COUTINHO MEDEIROS;SERVICO DE CIRURGIA ANCOLOGICA;MEDICO ESPECIALISTA;SUBGERENTE AD-3; 20:00;07/03/2006;ESTATUTARIO;14181,11;;14181,11;3850,26;10330,85;
JOCIANNE DOS SANTOS BARROS;SETOR DE NUTRICAO E DIETETICA;TEC.DE NUT.E DIET.-TND-P.S.N.M.-A;; 30:00;08/03/2018;ESTATUTARIO;3270,63;;3270,63;373,89;2896,74;
JOELMA CAVALCANTE RICARDO;SETOR DE AMBULATORIO;MEDICO ESPECIALISTA;MED ESPECIALISTA; 20:00;05/10/2005;ESTATUTARIO;9896,06;;9896,06;2773,26;7122,80;
JOHNATAN DE OLIVEIRA NEVES;DIVISAO DE ADMINISTRACAO;ASSIST.ADMIN.-ASA-T.S.N.M.-A;; 30:00;09/03/2018;ESTATUTARIO;2921,92;;2921,92;325,07;2596,85;
JOICE HORACIO PEREIRA;SETOR DE RADIOTERAPIA;TEC.DE RADIOTERAPIA-TER-P.S.N.M.-A;; 20:00;01/02/2017;ESTATUTARIO;3270,63;;3270,63;361,43;2909,20;
JONAS MINEIRO DE CASTRO;DIVISAO DE ADMINISTRACAO;ASSIST.ADMIN.-ASA-T.S.N.M.-A;; 30:00;01/10/2018;ESTATUTARIO;2921,92;;2921,92;325,07;2596,85;
JORDANA RAFAELE NOGUEIRA DA SILVA;SETOR DE SERVICO SOCIAL;ASSIST.SOC.ASS-P.S.N.S.-CL.A;; 30:00;01/08/2018;ESTATUTARIO;8098,34;;8098,34;1927,13;6171,21;
JORGE AFONSO DA SILVA PINHEIRO;SECAO DE PESSOAL;ASSIST.ADMIN.-ASA-T.S.N.M.-A;; 30:00;20/03/2018;ESTATUTARIO;2921,92;;2921,92;325,07;2596,85;
JORGE AUGUSTO ANDRADE DE G BEZERRA;SETOR DE HEMATOL.E HEMOTERAPIA;MEDICO ESPECIALISTA;; 20:00;06/05/2016;ESTATUTARIO;10562,28;;10562,28;2797,63;7764,65;
JORGE DE ALMEIDA CECILIO;SECAO DE SERVICOS GERAIS;AUX.DE SERV.GER.-ASG-T.S.N.A.-A;; 30:00;03/06/2019;ESTATUTARIO;2688,23;;2688,23;292,35;2395,88;
JORGE DE SOUZA DA SILVA;SETOR DE PATOLOGIA CLINICA;FARMAC.BIOQ. -FAB-P.S.N.S.-A;; 20:00;03/06/2019;ESTATUTARIO;8098,34;;8098,34;1927,13;6171,21;
JOSE ALEXANDRE PIRES DE ALMEIDA;SETOR DE PSIC.REABIL.E FISIOT.;FISIOTERAPEUTA-FIS-P.S.N.S.-A;; 30:00;01/08/2018;ESTATUTARIO;8098,34;;8098,34;1927,13;6171,21;
JOSE ARTEMIS DE SOUZA LIMA;SETOR DE ENFERMARIA;TEC. DE ENFERMAGEM-TEN-P.S.N.M.-A;TEC. DE ENFERMAGEM; 30:00;09/12/2005;ESTATUTARIO;3683,56;;3683,56;435,82;3247,74;
JOSE CARLOS DA SILVA;SETOR DE ENFERMARIA;AUXILIAR DE ENFERMAGEM A;; 30:00;05/04/1993;ESTATUTARIO;3146,68;;3146,68;317,52;2829,16;
JOSE CASTRO PONTES;SETOR DE IMAGENOLOGIA;TEC.DE RAD.MEDICA-TRM-P.S.N.M.-B;; 20:00;15/07/1996;ESTATUTARIO;3064,26;;3064,26;429,00;2635,26;
JOSE MARQUES PINA JUNIOR;SETOR DE HEMATOL.E HEMOTERAPIA;MEDICO ESPECIALISTA;; 20:00;15/07/1996;ESTATUTARIO;11252,50;;11252,50;3051,51;8200,99;
JOSE MUNIZ DA SILVA;SECAO DE EXPEDIENTE;AGENTE ADM.-AGA-T.S.N.A.-G;; 30:00;29/03/1990;ESTATUTARIO;3139,04;;3139,04;355,47;2783,57;
JOSE NOGUEIRA BRAGA;SECAO DE SERVICOS GERAIS;AUX.DE SERV.GER.-ASG-T.S.N.A.-A;; 30:00;03/06/2019;ESTATUTARIO;2688,23;;2688,23;292,35;2395,88;
JOSIANE ALBINO MUNIZ;AMBULATORIO-DEPTO.ENFERMAGEM;GERENTE;GERENTE; 40:00;25/01/2022;CARGO COMISSION.S/VINCULO;6057,69;;6057,69;1088,36;4969,33;
JOSIANE DA SILVA NEVES;ASSESSORIA;TECNICO-TEC-T.S.N.S.-A;ASSESSOR III; 30:00;12/07/2019;ESTATUTARIO;9249,45;;9249,45;2056,02;7193,43;
JOSIANE DIAS DUARTE;SETOR DE FARMACIA;AUX.DE FARMACIA-AFA-P.S.N.A.-A;; 30:00;01/11/2018;ESTATUTARIO;2867,98;;2867,98;285,77;2582,21;
JOSIEL DE AQUINO MARTINS;DIVISAO DE ADMINISTRACAO;CHEFE DE DEPARTAMENTO;; 40:00;01/03/2017;CARGO COMISSION.S/VINCULO;5700,30;;5700,30;962,86;4737,44;
JOSINEIDE MARIA ABREU MARINATO;SETOR DE CENTRO MEDICO;ENFERMEIRO-ENF-P.S.N.S.-A;ENFERMEIRA; 30:00;09/12/2005;ESTATUTARIO;8967,73;;8967,73;2254,45;6713,28;
JOSSIMAR FARIAS FERREIRA;SETOR DE RADIOTERAPIA;ASSIST.ADMIN.-ASA-T.S.N.M.-A;; 30:00;01/02/2017;ESTATUTARIO;2859,78;;2859,78;189,82;2669,96;
JOVANIO MELO SARMENTO;SETOR DE PATOLOGIA CLINICA;AUX.DE PATOL.CLIN.-APC-P.S.N.A.-C;; 20:00;25/08/1992;ESTATUTARIO;3184,06;;3184,06;361,77;2822,29;
JULIA FERNANDA MIRANDA MARQUES;CONSELHO DIRETOR;ENFERMEIRO A;ENFERMEIRO; 30:00;01/03/2001;ESTATUTARIO;7909,21;;7909,21;2040,12;5869,09;
JULIA MONICA MARCELINO BENEVIDES;SERVICO DE ENFERMAGEM;ENFERMEIRO-ENF-P.S.N.S-D;; 30:00;25/08/1997;ESTATUTARIO;12153,27;;12153,27;3371,31;8781,96;
JULIA MONICA MARCELINO BENEVIDES;SETOR DE ENFERMARIA;ENFERMEIRO-ENF-P.S.N.S.-A;; 30:00;22/02/2017;ESTATUTARIO;7433,59;;7433,59;1744,32;5689,27;
JULIO CESAR LOPES GARCIA;SECAO DE EXPEDIENTE;AGENTE ADM.-AGA-T.S.N.A.-H;; 30:00;09/12/1976;ESTATUTARIO;3593,46;;3593,46;380,33;3213,13;
JUSSARA PEREIRA LEAL GUIMARAES;SETOR DE ENFERMARIA;TEC. DE ENFERMAGEM-TEN-P.S.N.M.-A;TEC DE ENFERMAGEN; 30:00;09/01/2006;ESTATUTARIO;2739,47;;2739,47;383,53;2355,94;
JUSSARA PEREIRA LEAL GUIMARAES;SETOR DE ENFERMARIA;AUXILIAR DE ENFERMAGEM;; 30:00;01/03/2001;ESTATUTARIO;2267,98;;2267,98;317,52;1950,46;
JUSSARA PRAXEDES REBOUCAS;SETOR DE PATOLOGIA CLINICA;FARMAC.BIOQ. -FAB-P.S.N.S.-A;; 20:00;01/08/2018;ESTATUTARIO;8098,34;;8098,34;1927,13;6171,21;
KACIO FELIPE SILVA SOUZA;NUCLEO MEDICO-ASSISTENCIAL;FARMACEUTICO-FAR-P.S.N.S.-A;GERENTE; 30:00;04/06/2020;ESTATUTARIO;15931,12;;15931,12;4081,14;11849,98;
KAMILA KEROENY FERNANDES PEREIRA;SETOR DE ENFERMARIA;TEC. DE ENFERMAGEM-TEN-P.S.N.M.-A;; 30:00;01/02/2017;ESTATUTARIO;3270,63;;3270,63;373,89;2896,74;
KAREN SILVIA MELO DE SOUZA;ASSESSORIA;ASSESSOR II;; 40:00;01/09/2013;CARGO COMISSION.S/VINCULO;4693,27;;4693,27;623,70;4069,57;
KARINA RIBEIRO LOPES;SETOR DE PATOLOGIA CLINICA;TEC.DE PAT.CLINICA-TPC-P.S.N.M.-A;; 20:00;02/01/2019;ESTATUTARIO;3270,63;;3270,63;373,89;2896,74;
KARLEN SANTOS SILVA;DIR.ADMINISTRATIVA-FINANCEIRA;GERENTE;NAO INFORMADO; 40:00;01/12/2020;CARGO COMISSION.S/VINCULO;4693,27;;4693,27;623,70;4069,57;
KATIA LUZ TORRES SILVA;DIRETORIA TECNICA;FARMAC.BIOQ. -FAB-P.S.N.S.-B;DIRETOR ENS.PESQUISA; 20:00;03/10/2005;ESTATUTARIO;17328,25;;17328,25;4580,04;12748,21;
KATIA SOCORRO SILVA CORREA;SETOR GENITO PELVICO UROLOGICO;MEDICO ESPECIALISTA;; 20:00;15/07/1996;ESTATUTARIO;10763,91;;10763,91;2871,81;7892,10;
KATIANY REGINA RABELO NAZARETH;SETOR DE NUTRICAO E DIETETICA;AGENTE ADM.-AGA-T.S.N.A.-G;; 30:00;30/03/1990;ESTATUTARIO;3044,09;;3044,09;342,17;2701,92;
KEILA CATARINA MOTA DE SOUSA;SECAO DE SERVICOS GERAIS;AUX.DE SERV.GER.-ASG-T.S.N.A.-A;; 30:00;03/06/2019;ESTATUTARIO;2688,23;;2688,23;292,35;2395,88;
KEILA SOUZA DA SILVA;SETOR DE ENFERMARIA;TEC. DE ENFERMAGEM-TEN-P.S.N.M.-A;; 40:00;06/02/2017;ESTATUTARIO;4263,24;;4263,24;457,22;3806,02;
KEYTH FABIOLA DE LIMA F BENTES;SETOR DE SERVICO SOCIAL;ASSIST.SOC.ASS-P.S.N.S.-CL.A;GERENTE; 30:00;01/08/2018;ESTATUTARIO;12098,34;;12098,34;3027,13;9071,21;
KLEYBE JEFFERSON GARCIA OLIVEIRA;SETOR DE RADIOTERAPIA;ASSIST.ADMIN.-ASA-T.S.N.M.-A;; 30:00;16/03/2018;ESTATUTARIO;2859,78;;2859,78;316,37;2543,41;
KLYWTER BRUNO FREIRE TEIXEIRA;SETOR DE FARMACIA;AUX.DE FARMACIA-AFA-P.S.N.A.-A;; 30:00;01/08/2018;ESTATUTARIO;2996,78;;2996,78;317,52;2679,26;
LAILA PATRICIA FIDELIS DUTRA;SETOR DE IMAGENOLOGIA;MEDICO ESPECIALISTA;MEDICA ESPECIALISTA; 20:00;16/05/2006;ESTATUTARIO;10496,06;;10496,06;2773,26;7722,80;
LAIS DA MOTTA POMPEU;ASSESSORIA;ASSESSOR I;NAO INFORMADO; 40:00;17/04/2019;CARGO COMISSION.S/VINCULO;5700,30;;5700,30;962,86;4737,44;
LANO ERMENSON MIRANDA MACEDO;SERVICO DE ENFERMAGEM;MEDICO ESPECIALISTA;; 20:00;16/05/2006;ESTATUTARIO;14334,55;;14334,55;3866,45;10468,10;
LARISSA GABRIELA LINS NEVES;SERVICOS TECNICOS;PSICOLOGO-PSI-P.S.N.S.-A;; 30:00;01/08/2018;ESTATUTARIO;8893,89;;8893,89;2226,65;6667,24;
LAURA RITA CAVALCANTE DA SILVEIRA;SECAO DE EXPEDIENTE;CHEFE DE GABINETE;; 40:00;01/01/2011;CARGO COMISSION.S/VINCULO;5700,30;;5700,30;962,86;4737,44;
LEA CHAVES AMORIM;SETOR DE FARMACIA;FARMACEUTICO-FAR-P.S.N.S.-A;; 30:00;01/08/2018;ESTATUTARIO;8098,34;;8098,34;1927,13;6171,21;
LEANDRO BALDINO;SETOR DE RADIOTERAPIA;MEDICO ESPECIALISTA;GERENTE; 20:00;07/03/2006;ESTATUTARIO;19128,08;;19128,08;5147,07;13981,01;
LEDIANNE DA SILVA OLIVEIRA;DIVISAO DE ADMINISTRACAO;TELEFONISTA-TEL-T.S.N.A.-E;; 30:00;01/10/2018;ESTATUTARIO;2764,01;;2764,01;292,86;2471,15;
LEIDIANE MENDES BRITO CACCIOLA;NUCLEO DE ESTUDOS E PESQUISAS;PESQUISADOR INIC.-PEI-P.S.N.S.-A;; 30:00;01/11/2018;ESTATUTARIO;8422,82;;8422,82;2223,05;6199,77;
LEINA TUPINAMBA DE QUEIROZ;SETOR DE REGISTRO E CONTROLE;AGENTE ADM.-AGA-T.S.N.A.-F;; 30:00;15/07/1996;ESTATUTARIO;2960,09;;2960,09;330,41;2629,68;
LEIVA REGINA DA ENCARNACAO DA SILVA;SERVICO DE ENFERMAGEM;TEC. DE ENFERMAGEM-TEN-P.S.N.M.-A;TEC. ENFERMAGEM; 30:00;16/05/2006;ESTATUTARIO;3411,40;;3411,40;393,60;3017,80;
LEONARDO LEAL DO NASCIMENTO;SETOR DE ZELAD.VIG.TRANSPORTES;MOTORISTA-MOT-T.S.N.A.-A;MOTORISTA; 30:00;16/05/2006;ESTATUTARIO;3504,19;;3504,19;406,59;3097,60;
LEONIDAS ALVES DA SILVA;SETOR DE CABECA E PESCOCO;MEDICO ESPECIALISTA;; 20:00;16/03/1987;ESTATUTARIO;17630,42;;17630,42;5678,07;11952,35;
LIA MIZOBE ONO;CONSELHO DIRETOR;CIRURGIAO DENTISTA A;; 20:00;01/08/1999;ESTATUTARIO;8509,21;;8509,21;1935,84;6573,37;
LILIAN DE PAULA DUARTE PAES;SERVICO DE RADIOTERAPIA;ASSISTENTE TECNICO A;GERENTE; 30:00;09/12/2005;ESTATUTARIO;7150,59;;7150,59;1107,17;6043,42;
LISSETT CARIDAD GONZALEZ PEREZ;NUCLEO MEDICO-ASSISTENCIAL;GERENTE;NAO INFORMADO; 30:00;03/02/2020;CARGO COMISSION.S/VINCULO;4693,27;;4693,27;623,70;4069,57;
LORENA BARROS DA SILVEIRA;SETOR DE ENFERMARIA;ENFERMEIRO-ENF-P.S.N.S.-A;; 30:00;01/02/2017;ESTATUTARIO;8171,30;;8171,30;1947,19;6224,11;
LOURENCO CANDIDO NEVES;SETOR DE ONCOLOGIA CLINICA;GERENTE;GERENTE; 40:00;01/08/2022;CARGO COMISSION.S/VINCULO;4693,27;;4693,27;608,60;4084,67;
LUCIA MELO DA SILVA;SETOR DE ENFERMARIA;TEC. DE ENFERMAGEM-TEN-P.S.N.M.-A;TECNICO ENFERMAGEM; 20:00;09/12/2005;ESTATUTARIO;3562,60;;3562,60;393,60;3169,00;
LUCIANO AFONSO TEIXEIRA BRANDAO;SECAO DE PESSOAL;MEDICO ESPECIALISTA;; 20:00;29/05/1996;ESTATUTARIO;10832,15;;10832,15;2896,91;7935,24;
LUCIANO OLIVEIRA DE MELO;DIVISAO DE ADMINISTRACAO;ASSIST.ADMIN.-ASA-T.S.N.M.-A;GERENTE; 30:00;12/03/2018;ESTATUTARIO;6921,92;;6921,92;1012,28;5909,64;
LUCICLEIA FREITAS MADY;SERVICO DE ENFERMAGEM;TECNICO DE PATOLOGIA CLINICA A;; 30:00;01/04/2000;ESTATUTARIO;3334,47;;3334,47;373,89;2960,58;
LUCINETE VIANA DA SILVA;SETOR DE ENFERMARIA;AUXILIAR DE ENFERMAGEM A;; 30:00;01/04/2000;ESTATUTARIO;3061,08;;3061,08;317,52;2743,56;
LUCIVALDO MORAIS DOS REIS;SETOR DE RADIOTERAPIA;TEC.DE RADIOTERAPIA-TER-P.S.N.M.-A;TEC. EM RADIOTERAPIA; 20:00;16/05/2006;ESTATUTARIO;3411,40;;3411,40;380,48;3030,92;
LUIGI GUIDOBONO NUNES;SETOR DE NUTRICAO E DIETETICA;COPEIRO-COP-T.S.N.A.-A;; 30:00;16/05/2006;ESTATUTARIO;2853,13;;2853,13;308,89;2544,24;
LUIS MANSUETO PEREIRA FILHO;DIVISAO DE ADMINISTRACAO;COMUNICADOR SOC.-COS-T.S.N.S.-A;; 30:00;01/03/2018;ESTATUTARIO;6379,40;;6379,40;1279,95;5099,45;
LUIZ COSME VINHOTE ARAUJO;SETOR DE TELEFONIA - D.A.F.;AGENTE ADM.-AGA-T.S.N.A.-E;; 30:00;04/02/2019;ESTATUTARIO;3407,59;;3407,59;294,80;3112,79;
LUIZ SERGIO MACHADO DOS SANTOS;SETOR DE CABECA E PESCOCO;CIR.DENT.-CCRD-P.S.N.S.-D;; 30:00;01/10/1985;ESTATUTARIO;8651,24;;8651,24;2361,19;6290,05;
MAELEN SENA MARQUES;SECAO DE SERVICOS GERAIS;AUX.DE SERV.GER.-ASG-T.S.N.A.-A;; 30:00;03/06/2019;ESTATUTARIO;2688,23;;2688,23;292,35;2395,88;
MAIKO RAMOS MAIA;SETOR DE PATOLOGIA CLINICA;MEDICO ESPECIALISTA;GERENTE; 20:00;01/05/2016;ESTATUTARIO;10300,35;;10300,35;2701,24;7599,11;
MANOEL JESUS PINHEIRO COELHO;SETOR ABDOMINO-TORAXICO;MEDICO ESPECIALISTA;; 20:00;30/03/1990;ESTATUTARIO;14198,09;;14198,09;4388,28;9809,81;
MANOEL JESUS PINHEIRO COELHO JUNIOR;SERVICO DE CIRURGIA ANCOLOGICA;MEDICO ESPECIALISTA;; 20:00;01/08/2018;ESTATUTARIO;9700,35;;9700,35;;9700,35;
MARA TATIANE SILVA DOS SANTOS MARIA;SETOR DE CENTRO MEDICO;TEC. DE ENFERMAGEM-TEN-P.S.N.M.-A;; 40:00;01/02/2017;ESTATUTARIO;3339,47;;3339,47;383,53;2955,94;
MARCELA DE MATOS QUEIROZ;SETOR DE ENFERMARIA;TEC. DE ENFERMAGEM-TEN-P.S.N.M.-A;TEC ENFERMAGEM; 20:00;09/12/2005;ESTATUTARIO;2739,47;;2739,47;383,53;2355,94;
MARCELO BENTES DA SILVA;MANDADO DE SEGURANCA;PSICOLOGO-PSI-P.S.N.S.-A;; 30:00;07/08/2020;ESTATUTARIO;8098,34;;8098,34;1927,13;6171,21;
MARCELO JOSE FERREIRA DE SOUZA;SETOR DE ZELAD.VIG.TRANSPORTES;MOTORISTA-MOT-T.S.N.A.-D;; 30:00;15/07/1996;ESTATUTARIO;3457,90;;3457,90;400,11;3057,79;
MARCELO TAPAJOS ARAUJO;DIRETORIA TECNICA;MEDICO DOUTOR;GERENTE; 12:00;29/05/1996;ESTATUTARIO;19346,76;;19346,76;5669,32;13677,44;
MARCIA ANDRADE DE SOUZA;SETOR DE ENFERMARIA;AUXILIAR DE ENFERMAGEM A;; 30:00;01/04/2000;ESTATUTARIO;3112,44;;3112,44;214,15;2898,29;
MARCIA DOS SANTOS LIRA DA SILVA;SETOR DE ENFERMARIA;AUXILIAR DE ENFERMAGEM A;; 30:00;01/04/2000;ESTATUTARIO;3881,44;;3881,44;351,83;3529,61;
MARCIA MARIA DE OLIVEIRA PASTOR;SETOR DE AMBULATORIO;FONOAUDIOLOGO-FON-P.S.N.S.-A;; 30:00;16/03/2018;ESTATUTARIO;8098,34;;8098,34;1676,61;6421,73;
MARCILENE RODRIGUES DOS SANTOS;SERVICO DE ENFERMAGEM;TEC. DE ENFERMAGEM-TEN-P.S.N.M.-A;TEC DE ENFERMAGEM; 30:00;16/05/2006;ESTATUTARIO;3411,40;;3411,40;393,60;3017,80;
MARCO ANTONIO CRUZ ROCHA;SERVICO DE CIRURGIA ANCOLOGICA;MEDICO ESPECIALISTA;DIRETOR TECNICO; 20:00;07/03/2006;ESTATUTARIO;18596,06;;18596,06;5000,76;13595,30;
MARCO ANTONIO RICCI CORREA JUNIOR;SERVICO DE CIRURGIA ANCOLOGICA;MEDICO ESPECIALISTA;; 20:00;07/03/2006;ESTATUTARIO;10430,35;;10430,35;2749,08;7681,27;
MARCOS AURELIO FERREIRA DA SILVA;SETOR DE ENFERMARIA;FARMAC.BIOQ. -FAB-P.S.N.S.-A;FARMACEUTICO; 20:00;03/10/2005;ESTATUTARIO;8126,29;;8126,29;2163,55;5962,74;
MARCOS GOMES BEZERRA JUNIOR;SETOR DE ZELAD.VIG.TRANSPORTES;MOTORISTA-MOT-T.S.N.A.-A;; 30:00;05/03/2018;ESTATUTARIO;3080,35;;3080,35;347,25;2733,10;
MARESSA GASPAROTO LENGLUBE LISBOA;SETOR DE ENFERMARIA;ENFERMEIRO-ENF-P.S.N.S.-A;; 30:00;01/02/2017;ESTATUTARIO;10597,79;;10597,79;2520,37;8077,42;
MARIA ANGELA COSTA LIMA GIOIA;DIVISAO DE ADMINISTRACAO;ADMINISTRADOR ADM.T.S.N.S.-A;GERENTE AD 2; 30:00;24/04/2009;ESTATUTARIO;11350,32;;11350,32;2745,49;8604,83;
MARIA AUREA PEREIRA DOS SANTOS;SETOR DE NUTRICAO E DIETETICA;COZINHEIRO-COZ-T.S.N.A.-D;; 30:00;01/03/1978;ESTATUTARIO;3558,84;;3558,84;373,48;3185,36;
MARIA AUXILIADORA BRAGA DE OLIVEIRA;SETOR DE ENFERMARIA;ENFERMEIRO-ENF-P.S.N.S.-B;; 30:00;25/08/1997;ESTATUTARIO;9400,32;;9400,32;1865,10;7535,22;
MARIA AUXILIADORA DA SILVA SILVA;CONS.TECNICO-ADMINISTRATIVO;CONTADOR-CON-T.S.N.S.-A;; 30:00;16/05/2006;ESTATUTARIO;6515,06;;6515,06;1331,02;5184,04;
MARIA AUXILIADORA FERNANDES DA SILV;SETOR DE ENFERMARIA;AUX.DE ENFERM.-AEF-P.S.N.A.-B;; 30:00;25/08/1997;ESTATUTARIO;2524,96;;2524,96;353,49;2171,47;
MARIA AUXILIADORA TRINDADE REBELO;SETOR DE AMBULATORIO;MEDICO ESPECIALISTA;; 20:00;01/08/2018;ESTATUTARIO;10300,35;;10300,35;2701,24;7599,11;
MARIA CELIA CASTRO DA COSTA;SERVICO DE RADIOTERAPIA;TECNICO DE RADIOTERAPIA A;; 20:00;27/05/1996;ESTATUTARIO;3270,63;;3270,63;373,89;2896,74;
MARIA CELIA VIANA CIDRONIO;SERVICOS TECNICOS;ASSIST.SOC.ASS-P.S.N.S.-CL.D;GERENTE AD 2; 20:00;12/10/1979;ESTATUTARIO;8923,13;;8923,13;2463,56;6459,57;
MARIA CINTIA DA COSTA B C E SOUZA;SETOR DE FARMACIA;AUX.DE FARMACIA-AFA-P.S.N.A.-A;; 00:30;01/08/2018;ESTATUTARIO;2267,98;;2267,98;317,52;1950,46;
MARIA DAS GRACAS BASTOS DE LIMA;SETOR DE CITOPATOLOGIA;TEC.DE HISTOLOGIA-THI-P.S.N.M.-A;TEC.HISTOLOGIA; 20:00;07/03/2006;ESTATUTARIO;2739,47;;2739,47;383,53;2355,94;
MARIA DAS GRACAS COSTA DE SENA;SERVICO DE ENFERMAGEM;ENFERMEIRO-ENF-P.S.N.S.-A;ENFERMERO; 30:00;09/12/2005;ESTATUTARIO;7646,77;;7646,77;1983,01;5663,76;
MARIA DAS GRACAS TEIXEIRA DE M MAIA;SETOR DE ENFERMARIA;TEC. DE ENFERMAGEM-TEN-P.S.N.M.-D;; 30:00;12/09/1982;ESTATUTARIO;3206,59;;3206,59;477,61;2728,98;
MARIA DE DEUS MOURAO XAVIER;SETOR DE ENFERMARIA;AUXILIAR DE ENFERMAGEM A;AUX. DE ENFERMAGEM A; 30:00;01/04/2000;ESTATUTARIO;3061,08;;3061,08;283,06;2778,02;
MARIA DE LOURDES DOS SANTOS;SECAO DE SERVICOS GERAIS;AUX.DE SERV.GER.-ASG-T.S.N.A.-D;; 30:00;14/08/1985;ESTATUTARIO;3104,00;;3104,00;350,56;2753,44;
MARIA DE NAZARE CORREA DE AZEVEDO;SETOR DE ENFERMARIA;ENFERMEIRO A;; 30:00;01/04/2000;ESTATUTARIO;8098,34;;8098,34;1927,13;6171,21;
MARIA DIVINA GONCALVES DE ALMEIDA;SETOR DE CITOPATOLOGIA;TEC.DE HISTOLOGIA-THI-P.S.N.M.-B;TEC. HISTOLOGIA; 20:00;07/03/2006;ESTATUTARIO;3573,96;;3573,96;427,60;3146,36;
MARIA DO SOCORRO ANDRADE RIBEIRO;SETOR DE ENFERMARIA;TEC. DE ENFERMAGEM-TEN-P.S.N.M.-A;TEC ENFERMAGEM; 20:00;09/12/2005;ESTATUTARIO;3411,40;;3411,40;393,60;3017,80;
MARIA DO SOCORRO BARROZO BATALHA;SETOR DE RADIOTERAPIA;TEC.DE RADIOTERAPIA-TER-P.S.N.M.-A;TEC. RADIOTERAPIA; 20:00;16/05/2006;ESTATUTARIO;3339,47;;3339,47;383,53;2955,94;
MARIA DO SOCORRO BARROZO BATALHA;SETOR DE RADIOTERAPIA;TECNICO EM RADIOTERAPIA;TEC. EM RADIOTERAPIA; 20:00;03/03/2000;ESTATUTARIO;2670,63;;2670,63;373,89;2296,74;
MARIA DO SOCORRO DAS CHAGAS;SERVICO DE ENFERMAGEM;ENFERMEIRO-ENF-P.S.N.S.-A;ENFERMERO; 30:00;09/12/2005;ESTATUTARIO;8401,50;;8401,50;2041,26;6360,24;
MARIA DO SOCORRO DE OLIVEIRA LIMA M;SETOR DE ENFERMARIA;ENFERMEIRO-ENF-P.S.N.S.-B;; 12:00;25/08/1997;ESTATUTARIO;9400,32;;9400,32;2417,32;6983,00;
MARIA DO SOCORRO MARQUES CARVALHO;SERV.CLIN.MED.ONC.E APOIO TER.;TEC.DE HEMOTERAP.-THE-P.S.N.M.-A;TEC HEMATERAPIA; 30:00;03/10/2005;ESTATUTARIO;3486,62;;3486,62;404,13;3082,49;
MARIA DO SOCORRO SANTOS DE ARAUJO;SETOR DE HEMATOL.E HEMOTERAPIA;TEC. DE HEMOTERAP.-THE-P.S.N.M.-C;; 30:00;03/10/2005;ESTATUTARIO;3596,25;;3596,25;432,40;3163,85;
MARIA GRACIETE RIBEIRO CARNEIRO;SETOR DE HEMATOL.E HEMOTERAPIA;PSICOLOGO-PSI-P.S.N.S.-B;GERENTE AD 2; 30:00;19/08/1996;ESTATUTARIO;14991,04;;14991,04;3986,70;11004,34;
MARIA JOSE DE OLIVEIRA DA S NUNES;SETOR DE NUTRICAO E DIETETICA;COZINHEIRO-T.S.N.A.-A;COZINHEIRA; 30:00;16/05/2006;ESTATUTARIO;3088,74;;3088,74;348,42;2740,32;
MARIA LEITE MARTINS;SETOR DE CENTRO MEDICO;TEC. DE ENFERMAGEM-TEN-P.S.N.M.-A;; 30:00;01/02/2017;ESTATUTARIO;3425,87;;3425,87;345,17;3080,70;
MARIA LUCILENA FERREIRA DA SILVA;SETOR DE PATOLOGIA CLINICA;TEC.DE PAT.CLINICA-TPC-P.S.N.M.-A;; 20:00;01/10/2018;ESTATUTARIO;3270,63;;3270,63;373,89;2896,74;
MARIA MARGARETH FERREIRA GOMES;SETOR DE NUTRICAO E DIETETICA;COZINHEIRO-COZ-T.S.N.A.-B;COZINHEIRA; 30:00;16/05/2006;ESTATUTARIO;2340,11;;2340,11;327,62;2012,49;
MARIA SARA PEDROZA FREIRE;SETOR DE NUTRICAO E DIETETICA;COZINHEIRO-T.S.N.A.-A;COZINHEIRA; 30:00;09/12/2005;ESTATUTARIO;2806,33;;2806,33;308,89;2497,44;
MARIA VERBENE COSTA AGUIAR;SETOR DE ENFERMARIA;ENFERMEIRO-ENF-P.S.N.S.-A;; 30:00;01/02/2017;ESTATUTARIO;8098,34;;8098,34;1927,13;6171,21;
MARIA VILANIR DA SILVA;SETOR DE SERVICO SOCIAL;ASSIST.SOC.ASS-P.S.N.S.-CL.A;; 30:00;07/03/2018;ESTATUTARIO;8098,34;;8098,34;1927,13;6171,21;
MARIA WILMA TORRES DA COSTA;CHEFIA DE GABINETE;COPEIRO-COP-T.S.N.A.-A;; 30:00;08/03/2018;ESTATUTARIO;2688,23;;2688,23;292,35;2395,88;
MARILIA BATISTA AZEVEDO;SETOR DE ENFERMARIA;TEC. DE ENFERMAGEM-TEN-P.S.N.M.-A;; 30:00;01/02/2017;ESTATUTARIO;3270,63;;3270,63;373,89;2896,74;
MARILIA MUNIZ CAVALCANTE DE OLIVEIR;SERVICO DE ENFERMAGEM;ENFERMEIRO-ENF-P.S.N.S-D;CHEFE DE DEPART.; 30:00;15/07/1996;ESTATUTARIO;14385,35;;14385,35;3786,69;10598,66;
MARINEIA SILVA DO NASCIMENTO;SETOR DE ENFERMARIA;TEC. DE ENFERMAGEM-TEN-P.S.N.M.-A;TECNICO ENFERMAGEM; 20:00;09/12/2005;ESTATUTARIO;2811,40;;2811,40;393,60;2417,80;
MARIO JOSE CASTELO BRANCO;SETOR DE FARMACIA;ASSISTENTE TECNICO A;; 30:00;12/09/1982;ESTATUTARIO;3897,50;;3897,50;425,83;3471,67;
MARIO MARCELO DE OLIVEIRA FEITOSA;SETOR DE ZELAD.VIG.TRANSPORTES;MOTORISTA-MOT-T.S.N.A.-A;; 30:00;16/05/2006;ESTATUTARIO;3080,35;;3080,35;347,25;2733,10;
MARIO SERGIO DE MORAES PINTO;SERV.CLIN.MED.ONC.E APOIO TER.;MEDICO ESPECIALISTA;; 20:00;08/10/2018;ESTATUTARIO;10300,35;;10300,35;2701,24;7599,11;
MARISE DA SILVA PEREIRA;DIVISAO DE ADMINISTRACAO;TELEFONISTA-TEL-T.S.N.A.-E;; 30:00;01/03/2018;ESTATUTARIO;2764,01;;2764,01;302,96;2461,05;
MARIZA FEITOZA DA COSTA;SETOR DE ENFERMARIA;TEC. DE ENFERMAGEM-TEN-P.S.N.M.-A;TEC ENFERMAGEM; 20:00;09/12/2005;ESTATUTARIO;3562,60;;3562,60;404,00;3158,60;
MARLICE FIGUEIREDO DA COSTA;SERVICOS TECNICOS;COPEIRO-COP-T.S.N.A.-A;; 30:00;09/04/2013;ESTATUTARIO;2688,23;;2688,23;292,35;2395,88;
MARTA JOYCE MATOS VIEIRA DA CUNHA;CHEFIA DE GABINETE;COPEIRO-COP-T.S.N.A.-A;; 30:00;02/05/2018;ESTATUTARIO;2745,94;;2745,94;300,43;2445,51;
MARYZANGELA DE MIRANDA FERREIRA;SERV.CLIN.MED.ONC.E APOIO TER.;TEC.DE HEMOTERAP.-THE-P.S.N.M.-A;; 30:00;03/10/2005;ESTATUTARIO;3411,40;;3411,40;393,60;3017,80;
MAURA ANDREA NEGREIROS BIANCO;ASSESSORIA;ASSESSOR I;NAO INFORMADO; 40:00;18/02/2019;CARGO COMISSION.S/VINCULO;5700,30;;5700,30;962,86;4737,44;
MAURICIO SOARES BECHMAN;SECAO DE ORCAMENTO E FINANCAS;ASSIST.ADMIN.-ASA-T.S.N.M.-A;; 30:00;15/03/2018;ESTATUTARIO;2859,78;;2859,78;316,37;2543,41;
MAYSA DE SOUZA CRUZ;SECAO DE PESSOAL;PSICOLOGO C;; 30:00;01/04/2000;ESTATUTARIO;8098,34;;8098,34;1833,03;6265,31;
MICHELE CRISTIANE DE SOUZA ALBUQUER;SETOR DE ONCOLOGIA CLINICA;ENFERMEIRO-ENF-P.S.N.S.-A;; 30:00;18/03/2009;ESTATUTARIO;11282,57;;11282,57;2854,92;8427,65;
MIRLANE GUIMARAES DE MELO CARDOSO;SETOR DE ANESTESIOLOGIA;GERENTE;; 30:00;01/01/2011;CARGO COMISSION.S/VINCULO;4693,27;;4693,27;623,70;4069,57;
MOISES CAMPOS ASSUNCAO;SECAO DE ORCAMENTO E FINANCAS;GERENTE;; 40:00;05/12/2016;CARGO COMISSION.S/VINCULO;4693,27;;4693,27;623,70;4069,57;
MONICA DO SOCORRO ROCHA DE OLIVEIRA;SETOR DE ENFERMARIA;ENFERMEIRO-ENF-P.S.N.S.-A;; 30:00;01/02/2017;ESTATUTARIO;8098,34;;8098,34;1927,13;6171,21;
MONICA MARIA BANDEIRA DE MELO;SETOR GENITO PELVICO UROLOGICO;MEDICO ESPECIALISTA;GERENTE; 20:00;01/04/1986;ESTATUTARIO;15475,66;;15475,66;4234,90;11240,76;
MONICA MARIA COSTA SIMOES;SETOR DE ENFERMARIA;AUXILIAR DE ENFERMAGEM A;; 30:00;15/04/1993;ESTATUTARIO;3095,32;;3095,32;317,52;2777,80;
MONIQUE FREIRE DOS REIS;NUCLEO DE ESTUDOS E PESQUISAS;PESQUISADOR INIC.-PEI-P.S.N.S.-A;; 30:00;03/04/2018;ESTATUTARIO;11230,43;;11230,43;3047,28;8183,15;
NAJLA DE OLIVEIRA PINHEIRO;SETOR DE AMBULATORIO;MEDICO ESPECIALISTA;; 20:00;03/10/2005;ESTATUTARIO;10430,35;;10430,35;2749,08;7681,27;
NARA FARIAS DE SOUSA;SETOR DE ENFERMARIA;ENFERMEIRO-ENF-P.S.N.S.-A;; 30:00;01/02/2017;ESTATUTARIO;8246,77;;8246,77;1503,17;6743,60;
NEIVA OLIVEIRA CAMPOS;DIVISAO DE ADMINISTRACAO;TELEFONISTA-TEL-T.S.N.A.-E;; 30:00;01/08/2018;ESTATUTARIO;2764,01;;2764,01;292,86;2471,15;
NELLY DE FREITAS BATALHA;SETOR DE ENFERMARIA;TEC. DE ENFERMAGEM-TEN-P.S.N.M.-A;; 30:00;01/02/2017;ESTATUTARIO;3270,63;;3270,63;373,89;2896,74;
NILDA MARIA DA SILVA;DIR.ADMINISTRATIVA-FINANCEIRA;DIRETOR ADMINISTRATIVO E FINANCEIRO;NAO INFORMADO; 40:00;14/01/2019;CARGO COMISSION.S/VINCULO;9600,00;;9600,00;2237,92;7362,08;
NORTHON CESAR MARQUES MELO;SETOR DE IMAGENOLOGIA;TEC.DE RAD.MEDICA-TRM-P.S.N.M.-A;TEC EM RADIOLOGIA; 20:00;16/05/2006;ESTATUTARIO;3411,40;;3411,40;393,60;3017,80;
ORNAN AUGUSTO DA COSTA;SETOR DE ENFERMARIA;TEC. DE ENFERMAGEM-TEN-P.S.N.M.-A;; 30:00;01/02/2017;ESTATUTARIO;3270,63;;3270,63;373,89;2896,74;
PATRICIA CHAGAS LIMA;SAME;FISIOTERAPEUTA-FIS-P.S.N.S.-A;GERENTE; 30:00;02/01/2019;ESTATUTARIO;12098,34;;12098,34;3027,13;9071,21;
PATRICIA FRANCINETTE OLIVEIRA COSTA;DIVISAO DE ADMINISTRACAO;TELEFONISTA-TEL-T.S.N.A.-E;; 30:00;01/11/2018;ESTATUTARIO;2764,01;;2764,01;302,96;2461,05;
PAULO ROBERTO MENDONCA DOS S JUNIOR;SERVICO DE CIRURGIA ANCOLOGICA;MEDICO ESPECIALISTA;CHEFE DE DEPARTAMENT; 20:00;07/03/2006;ESTATUTARIO;15430,35;;15430,35;4124,08;11306,27;
PAULO SERGIO SARAIVA SANTIAGO;NUCLEO MEDICO-ASSISTENCIAL;MEDICO GENERALISTA;; 20:00;03/04/2020;ESTATUTARIO;6459,20;;6459,20;1503,91;4955,29;
PEDRO IVO MACEDO COSTA;SETOR DE ZELAD.VIG.TRANSPORTES;MOTORISTA-MOT-T.S.N.A.-A;; 30:00;16/05/2006;ESTATUTARIO;3504,19;;3504,19;406,59;3097,60;
PEDRO PAULO OLIVEIRA SANTOS;SERVICO DE CIRURGIA ANCOLOGICA;ENFERMEIRO-ENF-P.S.N.S.-A;; 30:00;01/02/2017;ESTATUTARIO;8438,77;;8438,77;2035,81;6402,96;
PERLA AZIZE ASSAYAG;SETOR DE CABECA E PESCOCO;CIRURGIAO DENTISTA A;GERENTE AD 2; 20:00;29/05/1992;ESTATUTARIO;12509,21;;12509,21;3140,12;9369,09;
PETRONIO SILVEIRA QUINTELO;SETOR DE AMBULATORIO;MEDICO ESPECIALISTA;; 20:00;01/02/2017;ESTATUTARIO;10300,35;;10300,35;1767,58;8532,77;
PITAGUARAS COSTA DE O SARAIVA;SETOR DE LIQ.DE CONTAS HOSPIT.;ASSIST.ADMIN.-ASA-T.S.N.M.-A;; 30:00;01/03/2018;ESTATUTARIO;2921,92;;2921,92;325,07;2596,85;
POLIANA ALBUQUERQUE SIGNORINI;SETOR DE AMBULATORIO;MEDICO ESPECIALISTA;; 20:00;12/09/2017;ESTATUTARIO;14300,35;;14300,35;3801,24;10499,11;
PRISCILA DE LIMA FARIAS;SETOR DE HEMATOL.E HEMOTERAPIA;TEC.DE HEMOTERAP.-THE-P.S.N.M.-A;; 30:00;09/03/2018;ESTATUTARIO;2670,63;;2670,63;373,89;2296,74;
PRISCILA OLIVEIRA DE SOUZA;SERVICO DE RADIOTERAPIA;TEC.DE RADIOTERAPIA-TER-P.S.N.M.-A;; 20:00;06/05/2016;ESTATUTARIO;3270,63;;3270,63;373,89;2896,74;
PRISCILLA RUTH DA COSTA E SILVA;CHEFIA DE GABINETE;ASSIST.ADMIN.-ASA-T.S.N.M.-A;; 30:00;05/03/2018;ESTATUTARIO;2321,92;;2321,92;325,07;1996,85;
RAFAEL DA SILVA BANDEIRA;SETOR DE ENFERMARIA;ENFERMEIRO-ENF-P.S.N.S.-A;; 30:00;22/02/2017;ESTATUTARIO;8280,74;;8280,74;1977,29;6303,45;
RAFIZIA FERNANDA ALBUQUERQUE SILVA;SETOR DE LIQ.DE CONTAS HOSPIT.;ASSIST.ADMIN.-ASA-T.S.N.M.-A;; 30:00;01/08/2018;ESTATUTARIO;2921,92;;2921,92;325,07;2596,85;
RAIMUNDA BARBOSA PINTO FERREIRA;DIVISAO DE ADMINISTRACAO;RECEPCIONISTA-REC-T.S.N.A.-E;; 30:00;02/10/2018;ESTATUTARIO;2764,01;;2764,01;292,86;2471,15;
RAIMUNDA GOMES LESCH;SETOR DE RADIOTERAPIA;ASSISTENTE TECNICO A;; 30:00;01/08/1977;ESTATUTARIO;3814,95;;3814,95;424,14;3390,81;
RAIMUNDA NONATA SILVA TELES;SETOR DE NUTRICAO E DIETETICA;COZINHEIRO-T.S.N.A.-A;; 30:00;16/05/2006;ESTATUTARIO;2806,33;;2806,33;308,89;2497,44;
RAIMUNDO NONATO NUNES;SETOR DE ENFERMARIA;TEC. DE ENFERMAGEM-TEN-P.S.N.M.-A;TEC. DE ENFERMAGEM; 20:00;09/12/2005;ESTATUTARIO;2739,47;;2739,47;383,53;2355,94;
RAMIRO QUIRINO DE MATOS;NUCLEO MEDICO-ASSISTENCIAL;SUPERVISOR EM RADIOPROTECAO FISICA;NAO INFORMADO; 40:00;03/09/2020;CARGO COMISSION.S/VINCULO;3081,24;;3081,24;268,56;2812,68;
RAYANNE DA SILVA SOUZA;SERV.CLIN.MED.ONC.E APOIO TER.;FARMAC.BIOQ. -FAB-P.S.N.S.-A;GERENTE; 20:00;06/10/2023;ESTATUTARIO;12098,34;;12098,34;3027,13;9071,21;
REBECA AMOEDO DA SILVA;SETOR DE FARMACIA;FARMACEUTICO-FAR-P.S.N.S.-A;; 30:00;05/12/2022;ESTATUTARIO;8098,34;;8098,34;877,36;7220,98;
REBECA MARCIAO AZEVEDO;DIR.ADMINISTRATIVA-FINANCEIRA;ASSESSOR I;ASSESSOR I; 40:00;03/07/2023;CARGO COMISSION.S/VINCULO;5700,30;;5700,30;962,86;4737,44;
REIGIANE MARTINS DE SOUZA;DIVISAO DE ADMINISTRACAO;RECEPCIONISTA-REC-T.S.N.A.-E;; 30:00;05/04/2018;ESTATUTARIO;3407,59;;3407,59;294,80;3112,79;
REINALDO CORREA LOPES;SETOR DE HEMATOL.E HEMOTERAPIA;TEC. DE HEMOTERAP.-THE-P.S.N.M.-C;; 30:00;03/10/2005;ESTATUTARIO;3596,25;;3596,25;432,40;3163,85;
RENATA CAMPOS GOMIDES NASCIMENTO;SETOR DE NUTRICAO E DIETETICA;TEC.DE NUT.E DIET.-TND-P.S.N.M.-A;; 30:00;13/03/2018;ESTATUTARIO;3343,59;;3343,59;336,50;3007,09;
RENATO DA SILVA REPILLA;SETOR DE CABECA E PESCOCO;CIRURGIAO DENTISTA A;; 20:00;29/05/1992;ESTATUTARIO;8509,21;;8509,21;2040,12;6469,09;
RICARDO DIAS DA ROCHA;SERVICO DE ENFERMAGEM;MEDICO ESPECIALISTA;MEDICO URGENTISTA; 20:00;03/10/2005;ESTATUTARIO;10430,35;;10430,35;2749,08;7681,27;
RICARDO SERGIO XAVIER PINTO;SETOR DE ENFERMARIA;ENFERMEIRO A;; 30:00;01/04/2000;ESTATUTARIO;8011,93;;8011,93;2120,49;5891,44;
RITA DE CASSIA ALENCAR REFFERT;SETOR DE ENFERMARIA;FARMACEUTICO BIOQUIMICO B;; 20:00;01/04/2000;ESTATUTARIO;8694,01;;8694,01;2143,06;6550,95;
ROBERLAN DAS CHAGAS LIMA;SETOR DE PATOLOGIA CLINICA;TEC.DE PAT.CLINICA-TPC-P.S.N.M.-A;; 20:00;06/05/2016;ESTATUTARIO;3339,03;;3339,03;373,89;2965,14;
ROBSON DO NASCIMENTO CAVALCANTE;SECAO DE PESSOAL;AGENTE ADM.-AGA-T.S.N.A.-E;GERENTE; 30:00;12/01/2023;ESTATUTARIO;6705,69;;6705,69;922,54;5783,15;
RODRIGO BATISTA NEVES;SETOR DE FARMACIA;AUX.DE FARMACIA-AFA-P.S.N.A.-A;; 30:00;01/08/2018;ESTATUTARIO;2867,98;;2867,98;317,52;2550,46;
RODRIGO PERRONE SILVEIRA;SETOR DE FARMACIA;FARMACEUTICO-FAR-P.S.N.S.-A;; 30:00;29/05/2023;ESTATUTARIO;8098,34;;8098,34;877,36;7220,98;
RODRIGO POLO DA COSTA;SETOR DE AMBULATORIO;MEDICO ESPECIALISTA;MEDICO ESPECIALISTA; 20:00;07/03/2006;ESTATUTARIO;10430,35;;10430,35;2749,08;7681,27;
ROGERIO LIMA DOS SANTOS;SETOR DE AMBULATORIO;MEDICO ESPECIALISTA;MED ESPECIALISTA; 20:00;05/10/2005;ESTATUTARIO;14627,47;;14627,47;3973,35;10654,12;
ROMILDO TORRES CAMELO;SETOR DE ANATOMIA PATOLOGICA;MEDICO ESPECIALISTA;; 20:00;01/02/1984;ESTATUTARIO;10822,22;250,13;10572,09;3047,25;7524,84;
RONALDO RODRIGUES DA COSTA;SECAO DE EXPEDIENTE;ASSISTENTE TECNICO A;GERENTE; 30:00;11/07/1985;ESTATUTARIO;9607,79;;9607,79;1811,64;7796,15;
ROSANGELA DAS NEVES SMITH;AMBULATORIO-DEPTO.ENFERMAGEM;TEC. DE ENFERMAGEM-TEN-P.S.N.M.-A;GERENTE; 30:00;01/04/2021;ESTATUTARIO;7270,63;;7270,63;1156,99;6113,64;
ROSE ANE SOUZA MORAL;SECAO DE EXPEDIENTE;AGENTE ADM.-AGA-T.S.N.A.-G;; 30:00;01/01/1992;ESTATUTARIO;2717,47;;2717,47;380,45;2337,02;
ROSILENE NEVES BEZERRA DE SA;SETOR DE FARMACIA;FARMACEUTICO-FAR-P.S.N.S.-A;; 40:00;01/11/2005;ESTATUTARIO;8800,41;;8800,41;2115,20;6685,21;
ROSILENE VIANA DE ANDRADE;SETOR DE AMBULATORIO;MEDICO ESPECIALISTA;; 20:00;03/10/2005;ESTATUTARIO;11458,41;;11458,41;3225,65;8232,76;
ROXANIA REIS DE CASTRO;SETOR DE PATOLOGIA CLINICA;TEC.DE PAT.CLINICA-TPC-P.S.N.M.-A;; 20:00;01/08/2018;ESTATUTARIO;3270,63;;3270,63;;3270,63;
ROZANGELA RODRIGUES DA COSTA;SECAO DE EXPEDIENTE;ASSIST.ADMIN.-ASA-T.S.N.M.-C;GERENTE; 30:00;30/03/1990;ESTATUTARIO;7254,32;;7254,32;1150,22;6104,10;
RUAN MACEDO FERREIRA;SETOR DE RADIOTERAPIA;TEC.DE RADIOTERAPIA-TER-P.S.N.M.-A;; 20:00;01/02/2017;ESTATUTARIO;3339,47;;3339,47;383,53;2955,94;
RUTH MESQUITA FERREIRA;SERVICO DE ENFERMAGEM;TEC. DE ENFERMAGEM-TEN-P.S.N.M.-A;; 30:00;16/05/2006;ESTATUTARIO;4348,53;;4348,53;489,72;3858,81;
RUTH MESQUITA FERREIRA;SETOR DE ENFERMARIA;TEC. DE ENFERMAGEM-TEN-P.S.N.M.-A;; 30:00;01/02/2017;ESTATUTARIO;3560,84;;3560,84;441,86;3118,98;
SABRINA RAMOS BIANCO;SETOR DE IMAGENOLOGIA;MEDICO ESPECIALISTA;GERENTE AD 2; 20:00;16/05/2006;ESTATUTARIO;9896,06;;9896,06;2773,26;7122,80;
SAINTCLAYTON DA SILVA SOARES;SETOR DE PATOLOGIA CLINICA;FARMAC.BIOQ. -FAB-P.S.N.S.-A;; 20:00;01/03/2018;ESTATUTARIO;8850,84;;8850,84;2151,73;6699,11;
SAMARA DE OLIVEIRA MORENO;SERVICO DE ENFERMAGEM;AUX.DE ENFERM.-AEF-P.S.N.A.-B;; 30:00;25/08/1997;ESTATUTARIO;3144,49;;3144,49;356,23;2788,26;
SAMARONE SCHRAMM DE ARAUJO;SETOR DE ZELAD.VIG.TRANSPORTES;MOTORISTA-MOT-T.S.N.A.-A;; 30:00;14/03/2018;ESTATUTARIO;3089,23;;3089,23;347,25;2741,98;
SAMUEL OTAS MARTINS;DIVISAO DE ADMINISTRACAO;ASSIST.ADMIN.-ASA-T.S.N.M.-A;; 30:00;01/10/2018;ESTATUTARIO;2921,92;;2921,92;314,23;2607,69;
SANDRA MARIA EVANGELISTA CARANHAS;SETOR DE CITOPATOLOGIA;TEC.DE HISTOLOGIA-THI-P.S.N.M.-B;TEC. DE HISTOLOGIA; 20:00;07/03/2006;ESTATUTARIO;3573,96;;3573,96;427,60;3146,36;
SANELLVA SHEILLA ROCHA DE FARIAS;SETOR DE ALMOXARIFADO;AGENTE ADMINISTRATIVO A - N.B.;; 30:00;01/05/2000;ESTATUTARIO;3820,21;;3820,21;367,84;3452,37;
SARA JESSICA TEIXEIRA DE ANDRADE;SETOR DE PATOLOGIA CLINICA;TEC.DE PAT.CLINICA-TPC-P.S.N.M.-A;; 20:00;19/03/2018;ESTATUTARIO;3325,35;;3325,35;373,89;2951,46;
SARDE COSTA SOUZA;ASSESSORIA;AGENTE ADM.-AGA-T.S.N.A.-E;; 30:00;12/02/2019;ESTATUTARIO;6931,45;;6931,45;1016,23;5915,22;
SHEILA COELHO DA ROCHA;SETOR DE IMAGENOLOGIA;TEC.DE RAD.MEDICA-TRM-P.S.N.M.-A;; 20:00;16/05/2006;ESTATUTARIO;3456,76;;3456,76;393,60;3063,16;
SHIRLEY FRAGOSO MONTEIRO;CONSELHO DIRETOR;ENFERMEIRO A;CHEFE DE DEPARTAMENT; 30:00;05/03/2018;ESTATUTARIO;13611,93;;13611,93;3495,49;10116,44;
SIDNEY RAIMUNDO SILVA CHALUB;CONSELHO DIRETOR;MEDICO DOUTOR;; 20:00;29/05/1996;ESTATUTARIO;13787,18;;13787,18;4049,91;9737,27;
SILVANA DA SILVA SOLIMOES;SERVICO COMPLEM.DE DIAGNOSTICO;TEC.DE PAT.CLINICA-TPC-P.S.N.M.-B;; 00:20;15/07/1996;ESTATUTARIO;2951,83;;2951,83;413,26;2538,57;
SILVIA BARBOSA CAVALCANTE;SAME;ASSIST.ADMIN.-ASA-T.S.N.M.-A;; 30:00;01/08/2018;ESTATUTARIO;3613,04;;3613,04;305,82;3307,22;
SIMONE DA SILVA MONTEIRO;SETOR DE FARMACIA;AUX.DE FARMACIA-AFA-P.S.N.A.-A;; 30:00;01/08/2018;ESTATUTARIO;2996,78;;2996,78;317,52;2679,26;
SINFRONIO DE SOUZA;SETOR DE ANATOMIA PATOLOGICA;FARMAC.BIOQ. -FAB-P.S.N.S.-A;; 20:00;01/03/2016;ESTATUTARIO;8295,50;;8295,50;2001,36;6294,14;
SIRLENE MUNIZ BARBOSA;CONSELHO DIRETOR;ASSIST.SOC.ASS-P.S.N.S.-CL.A;; 30:00;06/05/2016;ESTATUTARIO;8098,34;;8098,34;1927,13;6171,21;
SOCRATES LOTE DE OLIVEIRA;SETOR DE IMAGENOLOGIA;MEDICO ESPECIALISTA;CHEFE DE DEPART.; 20:00;15/03/1989;ESTATUTARIO;15800,12;;15800,12;4483,33;11316,79;
SOLANGE SOUZA MICHELE;SERVICO DE ENFERMAGEM;AUXILIAR DE ENFERMAGEM A;; 30:00;01/04/1988;ESTATUTARIO;3881,44;;3881,44;351,83;3529,61;
SONIA PERPETUA BATISTA E RIBEIRO;SETOR DE FARMACIA;AUX.DE FARMACIA-AFA-P.S.N.A.-A;; 20:00;19/05/2016;ESTATUTARIO;2996,78;;2996,78;317,52;2679,26;
STHEFANNY CAROLINE MENDES AZEVEDO;NUCLEO DE ESTUDOS E PESQUISAS;PESQUISADOR INIC.-PEI-P.S.N.S.-A;; 30:00;02/01/2019;ESTATUTARIO;9639,13;;9639,13;2455,10;7184,03;
SUENE CAMPOS DE QUEIROZ;MANDADO DE SEGURANCA;ENGENHEIRO CIVIL-ECI-T.S.N.S.-A;; 30:00;06/11/2019;ESTATUTARIO;6249,45;;6249,45;1231,02;5018,43;
SUZAN CAROL DE OLIVEIRA BISCARO;SETOR DE AMBULATORIO;PSICOLOGO-PSI-P.S.N.S.-A;; 30:00;01/02/2017;ESTATUTARIO;8246,77;;8246,77;1983,01;6263,76;
SYLK NAGAWO AREB;CONSELHO DIRETOR;TEC.DE RADIOTERAPIA-TER-P.S.N.M.-A;; 20:00;06/05/2016;ESTATUTARIO;3270,63;;3270,63;361,43;2909,20;
TADEU AFONSO DE SENA SILVA;SECAO DE ORCAMENTO E FINANCAS;ASSISTENTE TECNICO;; 30:00;01/05/1986;ESTATUTARIO;3294,40;;3294,40;377,22;2917,18;
TAMILLE VIEIRA MACHADO;SETOR DE ENFERMARIA;ENFERMEIRO-ENF-P.S.N.S.-A;; 30:00;01/02/2017;ESTATUTARIO;10725,47;;10725,47;2649,59;8075,88;
TANIA DE SOUZA E SOUZA;SETOR DE ENFERMARIA;TEC. DE ENFERMAGEM-TEN-P.S.N.M.-C;TEC. DE ENFERMAGEM; 20:00;09/12/2005;ESTATUTARIO;3596,25;;3596,25;432,40;3163,85;
TATIANA AMARAL PIRES DE ALMEIDA;NUCLEO DE ESTUDOS E PESQUISAS;PESQUISADOR INIC.-PEI-P.S.N.S.-A;; 30:00;23/03/2018;ESTATUTARIO;9175,86;;9175,86;2280,67;6895,19;
TATIANA MINDA HERCULANO CATTEBEKE;SETOR DE AMBULATORIO;MEDICO ESPECIALISTA;; 20:00;03/10/2005;ESTATUTARIO;10496,06;;10496,06;2773,26;7722,80;
TERESINHA DA SILVA BANDEIRA;SETOR DE FARMACIA;ASSISTENTE TECNICO B;; 30:00;20/02/1974;ESTATUTARIO;3828,07;;3828,07;426,74;3401,33;
TEREZA CRISTINA RODRIGUES FERREIRA;DIVISAO DE ADMINISTRACAO;AGENTE ADM.-AGA-T.S.N.A.-E;GERENTE; 36:00;01/02/2022;ESTATUTARIO;8740,92;;8740,92;1482,23;7258,69;
TEREZA MARIA FURTADO FARIAS SANTOS;SETOR DE ENFERMARIA;ENFERMEIRO C;; 30:00;01/04/2000;ESTATUTARIO;8611,93;;8611,93;2120,49;6491,44;
THAIS PAIVA SILVA;SAME;ASSIST.ADMIN.-ASA-T.S.N.M.-A;; 30:00;01/08/2018;ESTATUTARIO;2921,92;;2921,92;325,07;2596,85;
THALITA GOMES MARTINS;SETOR DE ANATOMIA PATOLOGICA;MEDICO ESPECIALISTA;; 20:00;06/05/2016;ESTATUTARIO;13533,80;;13533,80;3590,44;9943,36;
THALYTA GABRIELLE BESSA GIL;SETOR DE ENFERMARIA;ENFERMEIRO-ENF-P.S.N.S.-A;; 30:00;03/06/2019;ESTATUTARIO;7498,34;;7498,34;1927,13;5571,21;
THATIANA FERREIRA MARCIAO GUEDES;SETOR DE CITOPATOLOGIA;TEC. EM CITOTECNICA-TCI-P.S.N.M.-A;; 20:00;23/03/2018;ESTATUTARIO;3270,63;;3270,63;373,89;2896,74;
THAUAN ALESSANDRO FEITOZA LOPES;SETOR DE REGISTRO E CONTROLE;ASSIST.ADMIN.-ASA-T.S.N.M.-A;; 30:00;02/01/2019;ESTATUTARIO;2259,78;;2259,78;316,37;1943,41;
THIAGO FELIPE LEMOS DE OLIVEIRA;SAME;ASSIST.ADMIN.-ASA-T.S.N.M.-A;; 30:00;02/01/2019;ESTATUTARIO;2859,78;;2859,78;316,37;2543,41;
THIAGO SILVEIRA PAIVA;SETOR DE ENDOSCOPIA;MEDICO ESPECIALISTA;GERENTE AD-2; 20:00;23/01/2008;ESTATUTARIO;10028,98;;10028,98;2803,70;7225,28;
THIANE FEITOZA DE SOUZA;DIVISAO DE ADMINISTRACAO;ASSIST.ADMIN.-ASA-T.S.N.M.-A;; 30:00;01/03/2018;ESTATUTARIO;2921,92;;2921,92;314,23;2607,69;
ULICEIA LOPES DA SILVA RIBEIRO;SETOR DE ENFERMARIA;TEC. DE ENFERMAGEM-TEN-P.S.N.M.-A;; 30:00;01/02/2017;ESTATUTARIO;3339,47;;3339,47;345,17;2994,30;
VALDENIA COSTA AGUIAR;SETOR DE ENFERMARIA;TEC. DE ENFERMAGEM-TEN-P.S.N.M.-A;TEC ENFERMAGEM; 30:00;09/12/2005;ESTATUTARIO;3411,40;;3411,40;393,60;3017,80;
VALDIRENE PINHEIRO DE ANDRADE;SETOR DE HEMATOL.E HEMOTERAPIA;TEC.DE HEMOTERAP.-THE-P.S.N.M.-A;TEC. DE  HEMOTERAPIA; 30:00;16/05/2006;ESTATUTARIO;3411,40;;3411,40;354,24;3057,16;
VALDIRENE PINHEIRO DE ANDRADE;SETOR DE HEMATOL.E HEMOTERAPIA;TEC.DE HEMOTERAP.-THE-P.S.N.M.-A;; 30:00;03/04/2018;ESTATUTARIO;2670,63;;2670,63;373,89;2296,74;
VALMIER BARBOSA DE SOUZA;SAME;ASSIST.ADMIN.-ASA-T.S.N.M.-A;; 30:00;09/10/2018;ESTATUTARIO;3695,89;;3695,89;345,46;3350,43;
VALNICE MACHADO PORTELA;SETOR DE ENFERMARIA;ENFERMEIRO-ENF-P.S.N.S.-A;ENFERMEIRA; 30:00;09/12/2005;ESTATUTARIO;8367,73;;8367,73;2254,45;6113,28;
VALQUIRIA DO CARMO ALVES MARTINS;SERVICO COMPLEM.DE DIAGNOSTICO;FARMAC.BIOQ. -FAB-P.S.N.S.-B;; 20:00;25/08/1997;ESTATUTARIO;9400,32;;9400,32;2313,04;7087,28;
VANDERLEI RODRIGUES ALVES;SETOR DE PATOLOGIA CLINICA;FARMAC.BIOQ. -FAB-P.S.N.S.-A;GERENTE; 20:00;02/01/2019;ESTATUTARIO;12098,34;;12098,34;3027,13;9071,21;
VANDERLENE DE MENEZES DA MATA;SERVICO DE ENFERMAGEM;TEC. DE ENFERMAGEM-TEN-P.S.N.M.-A;TEC DE ENFERMAGEM; 30:00;16/05/2006;ESTATUTARIO;3411,40;;3411,40;393,60;3017,80;
VANDERNEILA MARIA LIBORIO DA COSTA;SETOR DE NUTRICAO E DIETETICA;TEC.DE NUT.E DIET.-TND-P.S.N.M.-A;TEC DE NUTRICAO; 40:00;09/01/2006;ESTATUTARIO;4048,53;;4048,53;489,72;3558,81;
VANIA MARIA CAVALCANTE DE ARAUJO;SETOR DE ENFERMARIA;AUX.DE ENFERM.-AEF-P.S.N.A.-C;; 30:00;13/06/1990;ESTATUTARIO;2617,75;;2617,75;366,49;2251,26;
VANIA MARIA COSTA PAULA;SETOR DE ENFERMARIA;TEC. DE ENFERMAGEM-TEN-P.S.N.M.-A;; 30:00;01/02/2017;ESTATUTARIO;3270,63;;3270,63;373,89;2896,74;
VANIA MARIA LIMA DA SILVA ARACATY;SETOR DE INFECCAO HOSPITALAR;ENFERMEIRO-ENF-P.S.N.S.-A;ENFERMEIRA; 30:00;09/12/2005;ESTATUTARIO;10914,72;;10914,72;2833,69;8081,03;
VANIA MARIA LIMA DA SILVA ARACATY;SETOR DE RADIOTERAPIA;ENFERMEIRO C;; 30:00;01/04/2000;ESTATUTARIO;10795,69;;10795,69;2683,96;8111,73;
VINICIUS LIMA FERREIRA DIAS;SERV.CLIN.MED.ONC.E APOIO TER.;CIR.DENT.-CCRD-P.S.N.S.-A;; 20:00;03/06/2019;ESTATUTARIO;8098,34;;8098,34;1927,13;6171,21;
VITOR BERENGUER BARBOSA JUNIOR;DIVISAO DE ADMINISTRACAO;ADVOGADO-ADV-T.S.N.S.-A;; 30:00;17/08/2018;ESTATUTARIO;6249,45;;6249,45;1231,02;5018,43;
VIVIANE DA SILVA FERREIRA;SETOR DE ENFERMARIA;TEC. DE ENFERMAGEM-TEN-P.S.N.M.-B;TEC. DE ENFERMAGEM; 20:00;31/05/2006;ESTATUTARIO;3573,96;;3573,96;427,60;3146,36;
WALDINEI RODRIGUES DA COSTA;SETOR DE NUTRICAO E DIETETICA;COZINHEIRO-T.S.N.A.-A;COZINHEIRO; 30:00;09/12/2005;ESTATUTARIO;2853,13;;2853,13;308,89;2544,24;
WANDERLEY RIBEIRO SARMENTO;SETOR DE IMAGENOLOGIA;TEC.DE RAD.MEDICA-TRM-P.S.N.M.-A;TEC DE RADIOLOGIA; 20:00;16/05/2006;ESTATUTARIO;2739,47;;2739,47;383,53;2355,94;
WILIBRAN CANDIDO DE BARROS;SETOR DE FARMACIA;FARMACEUTICO-FAR-P.S.N.S.-A;; 30:00;01/08/2018;ESTATUTARIO;7744,58;;7744,58;1942,71;5801,87;
WILLAME FERREIRA DA SILVA;CONS.TECNICO-ADMINISTRATIVO;ASSIST.ADMIN.-ASA-T.S.N.M.-A;ASSESSOR III; 30:00;06/05/2016;ESTATUTARIO;5986,93;;5986,93;764,26;5222,67;
YAGO VINICIUS SERRA DOS SANTOS;SETOR DE ANATOMIA PATOLOGICA;TEC.DE HISTOLOGIA-THI-P.S.N.M.-A;; 30:00;28/03/2018;ESTATUTARIO;3270,63;;3270,63;373,89;2896,74;
YASMIN EMILE CONTE ABI ABIB;SETOR DE CITOPATOLOGIA;TEC. EM CITOTECNICA-TCI-P.S.N.M.-A;; 20:00;22/03/2018;ESTATUTARIO;3270,63;;3270,63;373,89;2896,74;
ZENOBIA DOS SANTOS DE ALMEIDA FILHA;SETOR DE SERVICO SOCIAL;ASSIST.SOC.ASS-P.S.N.S.-CL.A;; 30:00;01/02/2017;ESTATUTARIO;10195,69;;10195,69;2683,96;7511,73;
