NOME;LOTACAO;CARGO;FUNCAO;CARGA HR SEM;DT DE ADMISSAO;VINCULO;REMUNERACAO LEGAL TOTAL(R$);DESC.TETO(R$); REMUNERACAO LEGAL DEVIDA(R$);DESCONTOS LEGAIS(R$);LIQUIDO DISPONIVEL(R$);
ADAISA DE ALENCAR MELO;COORD. ADMINISTRAT. FINANCEIRA;BIBLI-III;BIBLIOTECARIO; 30:00;13/03/2013;ESTATUTARIO;5252,89;;5252,89;1089,07;4163,82;
ADONIAS DE OLIVEIRA PRAIA JUNIOR;COORD. ADMINISTRAT. FINANCEIRA;GERENTE;NAO INFORMADO; 40:00;04/11/2020;CARGO COMISSION.S/VINCULO;1911,79;;1911,79;150,88;1760,91;
ADRIANA BATISTA BATALHA;COORD. ADMINISTRAT. FINANCEIRA;ASSESSOR III;ASSESSOR III AD-3; 40:00;01/05/2013;CARGO COMISSION.S/VINCULO;3191,80;;3191,80;309,42;2882,38;
ADRIANA LINS BARROS;COORD. ADMINISTRAT. FINANCEIRA;AUX.O-III;AUX OP CAMAR TEATRO; 30:00;13/03/2013;ESTATUTARIO;2198,89;;2198,89;307,84;1891,05;
ALAN DA SILVA GOMES;COORD. ADMINISTRAT. FINANCEIRA;AUX.O-III;; 30:00;05/06/2013;ESTATUTARIO;2198,89;;2198,89;307,84;1891,05;
ALBERTO MOURA;COORD. ADMINISTRAT. FINANCEIRA;AUX.S.G-II;; 30:00;15/07/1996;ESTATUTARIO;3516,15;;3516,15;394,61;3121,54;
ALCIONE LIMA DE ALMEIDA CRUZ BARBOS;COORD. ADMINISTRAT. FINANCEIRA;SUBGERENTE;SUBGERENTE AD-3; 40:00;08/03/2013;CARGO COMISSION.S/VINCULO;2195,80;;2195,80;176,44;2019,36;
ALDERLANI DE OLIVEIRA LEITE;COORD. ADMINISTRAT. FINANCEIRA;GERENTE;GERENTE AD-2; 40:00;01/05/2013;CARGO COMISSION.S/VINCULO;2609,79;;2609,79;213,70;2396,09;
ALESSANDRA COSTA CESAR DE SOUZA;COORD. ADMINISTRAT. FINANCEIRA;ASSESSOR II;NAO INFORMADO; 40:00;24/08/2018;CARGO COMISSION.S/VINCULO;3209,79;;3209,79;312,92;2896,87;
ALESSANDRA D AVILA ALMEIDA SILVA;COORD. ADMINISTRAT. FINANCEIRA;GERENTE;GERENTE AD-2; 40:00;01/12/2012;CARGO COMISSION.S/VINCULO;1286,32;;1286,32;;1286,32;
ALESSANDRA MARIA DA SILVA GOMES;COORD. ADMINISTRAT. FINANCEIRA;GERENTE;GERENTE AD-2; 40:00;15/09/2014;CARGO COMISSION.S/VINCULO;2609,79;;2609,79;213,70;2396,09;
ALEX CLEI DA SILVA BAIA;COORD. ADMINISTRAT. FINANCEIRA;AUX.O-III;AUX. OPER. CENOTECN; 30:00;13/03/2013;ESTATUTARIO;2861,81;;2861,81;307,84;2553,97;
ALFRELENE PAES BARRETO PINTO;COORD. ADMINISTRAT. FINANCEIRA;ASSISTENTE TECNICO II;; 30:00;13/08/1982;ESTATUTARIO;4400,19;;4400,19;705,62;3694,57;
ALINE DE SOUZA SANTANA;COORD. ADMINISTRAT. FINANCEIRA;CHEFE DE DEPARTAMENTO;CHEFE DE DEPARTAMENT; 40:00;01/04/2023;CARGO COMISSION.S/VINCULO;5229,77;;5229,77;941,65;4288,12;
ALINE ROSANA ALEXANDRINA DA SILVA;COORD. ADMINISTRAT. FINANCEIRA;A.TEC-III;; 30:00;05/06/2013;ESTATUTARIO;3375,48;;3375,48;513,93;2861,55;
ALISON RABELO NAZARETH;COORD. ADMINISTRAT. FINANCEIRA;SUBGERENTE;SUBGERENTE; 40:00;01/12/2023;CARGO COMISSION.S/VINCULO;2591,80;;2591,80;212,08;2379,72;
ALIZIANE CUNEGONDES FONTES;COORD. ADMINISTRAT. FINANCEIRA;AUX.ADM-III;; 30:00;05/06/2013;ESTATUTARIO;2321,04;;2321,04;324,95;1996,09;
ALLANA LARISSA DE OLIVEIRA LIMA;COORD. ADMINISTRAT. FINANCEIRA;GERENTE;GERENTE AD-2; 40:00;01/07/2013;CARGO COMISSION.S/VINCULO;3209,79;;3209,79;312,92;2896,87;
AMANDA BRASIL BARBOSA;COORD. ADMINISTRAT. FINANCEIRA;GERENTE;GERENTE; 40:00;14/02/2022;CARGO COMISSION.S/VINCULO;4209,79;;4209,79;573,49;3636,30;
AMANDA SANTOS LAMEIRAS AMORIM;COORD. ADMINISTRAT. FINANCEIRA;GERENTE;GERENTE AD-2; 40:00;08/03/2013;CARGO COMISSION.S/VINCULO;4279,72;;4279,72;593,77;3685,95;
ANA CHRISTINA DE FREITAS SANTOS;COORD. ADMINISTRAT. FINANCEIRA;A.TEC-I;ASSESSOR I; 30:00;08/03/1982;ESTATUTARIO;8394,13;;8394,13;1792,97;6601,16;
ANA CRISTINA LIRA MANSOUR;COORD. ADMINISTRAT. FINANCEIRA;GERENTE;GERENTE AD-2; 40:00;01/05/2013;CARGO COMISSION.S/VINCULO;2213,79;;2213,79;178,06;2035,73;
ANA ESTELA DOS SANTOS FERREIRA;COORD. ADMINISTRAT. FINANCEIRA;AUX.ADM-III;AUX ADM; 30:00;13/03/2013;ESTATUTARIO;2321,04;;2321,04;324,95;1996,09;
ANA ILKA IZEL ASSUMPCAO;COORD. ADMINISTRAT. FINANCEIRA;ASSESSOR II;; 40:00;01/03/2018;CARGO COMISSION.S/VINCULO;4209,79;;4209,79;573,49;3636,30;
ANA KAROLINE DA SILVA CORDEIRO;COORD. ADMINISTRAT. FINANCEIRA;AUX.ADM-III;AUX. ADMINISTRATIVO; 30:00;13/03/2013;ESTATUTARIO;2321,04;;2321,04;324,95;1996,09;
ANA KATIA DA SILVA;COORD. ADMINISTRAT. FINANCEIRA;A.TEC-III;CHEFE DE DEPARTAMENT; 30:00;13/03/2013;ESTATUTARIO;5771,54;;5771,54;723,95;5047,59;
ANA LIDIA ROLIM DE LIMA;COORD. ADMINISTRAT. FINANCEIRA;AUX.ADM-III;; 30:00;05/06/2013;ESTATUTARIO;2321,04;;2321,04;324,95;1996,09;
ANA LUZIA AMARO DOS SANTOS;COORD. ADMINISTRAT. FINANCEIRA;ASSESSOR II;ASSESSOR II; 40:00;01/09/2023;CARGO COMISSION.S/VINCULO;3209,79;;3209,79;312,92;2896,87;
ANA ORDOENHA BENCHIMOL;COORD. ADMINISTRAT. FINANCEIRA;GERENTE;NAO INFORMADO; 40:00;01/07/2020;CARGO COMISSION.S/VINCULO;3209,79;;3209,79;312,92;2896,87;
ANABETE RODRIGUES DE LIMA;COORD. ADMINISTRAT. FINANCEIRA;A.TEC-I;; 30:00;30/03/1990;ESTATUTARIO;3888,74;;3888,74;661,57;3227,17;
ANDREA RODRIGUES DE MOURA;COORD. ADMINISTRAT. FINANCEIRA;ASSESSOR III;NAO INFORMADO; 40:00;02/01/2019;CARGO COMISSION.S/VINCULO;2195,80;;2195,80;176,44;2019,36;
ANDRESSA DE OLIVEIRA HOLSBACH;COORD. ADMINISTRAT. FINANCEIRA;CHEFE DE DEPARTAMENTO;CH.DE DPTO. AD-1; 40:00;01/07/2013;CARGO COMISSION.S/VINCULO;9152,09;;9152,09;;9152,09;
ANIBAL AUGUSTO TURENKO BECA;COORD. ADMINISTRAT. FINANCEIRA;ASSESSOR I;NAO INFORMADO; 40:00;01/07/2020;CARGO COMISSION.S/VINCULO;5229,77;;5229,77;941,65;4288,12;
ANNE RUTH BRANDAO DA SILVA;COORD. ADMINISTRAT. FINANCEIRA;GERENTE;GERENTE AD-2; 40:00;01/01/2011;CARGO COMISSION.S/VINCULO;5613,05;;5613,05;1033,82;4579,23;
ANTONIA ALVES MOURAO;COORD. ADMINISTRAT. FINANCEIRA;AUX.DE APOIO ADMINISTRATIVO I;; 30:00;16/08/1988;ESTATUTARIO;2557,46;;2557,46;335,28;2222,18;
ANTONIO FONSECA BENEVENUTO;COORD. ADMINISTRAT. FINANCEIRA;AUX.BIBLI-III;AUX. BIBLIOTECA; 30:00;13/03/2013;ESTATUTARIO;2320,84;;2320,84;324,92;1995,92;
ANTONIO FRANCISCO AUSIER RAMOS;COORD. ADMINISTRAT. FINANCEIRA;CHEFE DE DEPARTAMENTO;NAO INFORMADO; 40:00;01/06/2020;CARGO COMISSION.S/VINCULO;5229,77;;5229,77;941,65;4288,12;
ANTONIO KAYTON DA SILVA ROSARIO;COORD. ADMINISTRAT. FINANCEIRA;AUX.O-III;AUX. OPER. CENOTECN; 30:00;13/03/2013;ESTATUTARIO;2861,81;;2861,81;307,84;2553,97;
ARIADNE DA ROCHA DE S PAULO AGUIAR;COORD. ADMINISTRAT. FINANCEIRA;ASSESSOR II;NAO INFORMADO; 40:00;21/02/2019;CARGO COMISSION.S/VINCULO;3209,79;;3209,79;312,92;2896,87;
ARNALDO BARRETO ALVES;COORD. ADMINISTRAT. FINANCEIRA;ASSESSOR III;ASSESSOR III; 40:00;21/02/2019;CARGO COMISSION.S/VINCULO;1893,80;;1893,80;149,26;1744,54;
ARTHUR JORGE FREIRE VILAS BOAS;COORD. ADMINISTRAT. FINANCEIRA;AUX.O-III;; 30:00;05/06/2013;ESTATUTARIO;2198,89;;2198,89;307,84;1891,05;
AUGUSTO HARLLEY GOMES DOS SANTOS;COORD. ADMINISTRAT. FINANCEIRA;AUX.O-III;AUX. OP. MONT. EVENT; 30:00;13/03/2013;ESTATUTARIO;2198,89;;2198,89;307,84;1891,05;
BARBARA BANDEIRA TORRES;COORD. ADMINISTRAT. FINANCEIRA;ASSESSOR III;ASSESSOR III; 40:00;14/09/2023;CARGO COMISSION.S/VINCULO;2195,80;;2195,80;176,44;2019,36;
BARBARA IASMINI DE SOUZA MENDES;COORD. ADMINISTRAT. FINANCEIRA;ASSESSOR III;ASSESSOR III; 40:00;11/07/2022;CARGO COMISSION.S/VINCULO;2195,80;;2195,80;176,44;2019,36;
BEATRIZ BRILHANTE MARQUES;COORD. ADMINISTRAT. FINANCEIRA;GERENTE;GERENTE; 40:00;21/02/2019;CARGO COMISSION.S/VINCULO;4279,72;;4279,72;593,77;3685,95;
BEATRIZ DO CARMO ALVES;COORD. ADMINISTRAT. FINANCEIRA;BIBLI-III;BIBLIOTECARIO; 30:00;13/03/2013;ESTATUTARIO;5574,37;;5574,37;1202,75;4371,62;
BIANCA NASCIMENTO MAIA;COORD. ADMINISTRAT. FINANCEIRA;SUBGERENTE;SUBGERENTE; 40:00;01/09/2023;CARGO COMISSION.S/VINCULO;2195,80;;2195,80;176,44;2019,36;
BRUNO ROGERIO DE VASCONCELOS BASTOS;COORD. ADMINISTRAT. FINANCEIRA;A.OPE-III;ASS. OP. MAQUINISTA; 30:00;13/03/2013;ESTATUTARIO;3375,48;;3375,48;472,57;2902,91;
CABRAL NEVES DE MELO;COORD. ADMINISTRAT. FINANCEIRA;ASSISTENTE TECNICO 3A CLASSE;; 30:00;01/10/1983;ESTATUTARIO;3503,41;;3503,41;532,79;2970,62;
CAIO ANDRE NASCIMENTO ARAUJO;COORD. ADMINISTRAT. FINANCEIRA;SUBGERENTE;SUBGERENTE AD-3; 40:00;17/11/2017;CARGO COMISSION.S/VINCULO;4255,73;;4255,73;524,02;3731,71;
CAIO MIRANDA RODRIGUES;COORD. ADMINISTRAT. FINANCEIRA;A.TEC-III;; 30:00;05/06/2013;ESTATUTARIO;3375,48;;3375,48;513,93;2861,55;
CAIO TASSO GAMA SAMPAIO CALLADO;COORD. ADMINISTRAT. FINANCEIRA;ASSESSOR I;ASSESSOR I; 40:00;01/09/2023;CARGO COMISSION.S/VINCULO;5229,77;;5229,77;941,65;4288,12;
CANDIDO JEREMIAS CUMARU NETO;COORD. ADMINISTRAT. FINANCEIRA;SECRETARIO EXECUTIVO;NAO INFORMADO; 40:00;16/03/2020;CARGO COMISSION.S/VINCULO;11700,00;;11700,00;2980,42;8719,58;
CARLOS ALBERTO SANTOS NUNES;COORD. ADMINISTRAT. FINANCEIRA;AUX.O-III;AUX.OP.MONT.EVENTOS; 30:00;13/03/2013;ESTATUTARIO;2861,81;;2861,81;307,84;2553,97;
CARLOS ALEXANDRE LEAO AUZIER;COORD. ADMINISTRAT. FINANCEIRA;AUX.O-III;AUX.OP MONT.EVENTOS; 30:00;13/03/2013;ESTATUTARIO;2861,81;;2861,81;307,84;2553,97;
CARLOS AUGUSTO MAIA DA SILVA;COORD. ADMINISTRAT. FINANCEIRA;AUX.TECNICO ADMINISTRATIVO I;; 30:00;22/01/1988;ESTATUTARIO;3659,87;;3659,87;576,83;3083,04;
CARLOS JORGE PISSANGO DOS SANTOS;COORD. ADMINISTRAT. FINANCEIRA;AUX.O-III;AUX. OPER. ARTIFICE; 30:00;13/03/2013;ESTATUTARIO;2198,89;;2198,89;307,84;1891,05;
CAROLINE THOME DE SOUZA;COORD. ADMINISTRAT. FINANCEIRA;ASSESSOR II;ASSESSOR II; 40:00;10/01/2024;CARGO COMISSION.S/VINCULO;4209,79;;4209,79;573,49;3636,30;
CASSIA CRISTINA UCHOA MARQUES;COORD. ADMINISTRAT. FINANCEIRA;GERENTE;GERENTE AD-2; 40:00;01/01/2011;CARGO COMISSION.S/VINCULO;3209,79;;3209,79;312,92;2896,87;
CELIO SOUZA DE CARVALHO JUNIOR;COORD. ADMINISTRAT. FINANCEIRA;TNS-III;T.N.S TURISMO; 30:00;13/03/2013;ESTATUTARIO;5574,37;;5574,37;1202,75;4371,62;
CHRYSTIANNE DA SILVA OLIVEIRA;COORD. ADMINISTRAT. FINANCEIRA;GERENTE;; 40:00;16/01/2018;CARGO COMISSION.S/VINCULO;2609,79;;2609,79;213,70;2396,09;
CINTHIA SANTIAGO PACHECO;COORD. ADMINISTRAT. FINANCEIRA;ASSISTENTE TECNICO I;; 30:00;03/07/1989;ESTATUTARIO;4309,16;;4309,16;686,25;3622,91;
CINTHYA OLIVEIRA DE SOUZA;COORD. ADMINISTRAT. FINANCEIRA;GERENTE;GERENTE; 40:00;01/03/2022;CARGO COMISSION.S/VINCULO;2609,79;;2609,79;213,70;2396,09;
CLEBER BATISTA DE SOUZA;COORD. ADMINISTRAT. FINANCEIRA;ASSISTENTE TECNICO II;; 30:00;14/08/1978;ESTATUTARIO;4104,66;;4104,66;663,47;3441,19;
CRISTIANA PAULA MELO ZANY BRANDAO;COORD. ADMINISTRAT. FINANCEIRA;TNS-I;CH. DE DPTO  AD 1; 30:00;01/10/1985;ESTATUTARIO;7232,31;;7232,31;1736,82;5495,49;
CRISTOVAO COUTINHO BATISTA;COORD. ADMINISTRAT. FINANCEIRA;ASSESSOR II;; 40:00;01/06/2018;CARGO COMISSION.S/VINCULO;4209,79;;4209,79;573,49;3636,30;
DANIEL SALES COSTA;COORD. ADMINISTRAT. FINANCEIRA;A.OPE-III;ASS. OP. MAQUINISTA; 30:00;13/03/2013;ESTATUTARIO;3375,48;;3375,48;506,63;2868,85;
DANILO DE ASSIS RIBEIRO;COORD. ADMINISTRAT. FINANCEIRA;AUX.BIBLI-III;AUX. BIBLIOTECA; 30:00;13/03/2013;ESTATUTARIO;2320,84;;2320,84;324,92;1995,92;
DAVID CARVALHO DE LIMA;COORD. ADMINISTRAT. FINANCEIRA;BIBLI-III;BIBLIOTECARIO; 30:00;13/03/2013;ESTATUTARIO;5574,37;;5574,37;1202,75;4371,62;
DAVISON MAIA BRAGA;COORD. ADMINISTRAT. FINANCEIRA;AUX.ADM-III;AUX ADM; 30:00;13/03/2013;ESTATUTARIO;2321,04;;2321,04;324,95;1996,09;
DAYANNA ARAUJO PEREIRA;COORD. ADMINISTRAT. FINANCEIRA;GERENTE;NAO INFORMADO; 40:00;21/02/2019;CARGO COMISSION.S/VINCULO;2213,79;;2213,79;178,06;2035,73;
DAYSE DA SILVA PRESTES;COORD. ADMINISTRAT. FINANCEIRA;GERENTE;GERENTE AD 2; 40:00;01/06/2013;CARGO COMISSION.S/VINCULO;2213,79;;2213,79;178,06;2035,73;
DEAN MORAES VIEIRA;COORD. ADMINISTRAT. FINANCEIRA;GERENTE;GERENTE; 40:00;01/02/2023;CARGO COMISSION.S/VINCULO;1911,79;;1911,79;150,88;1760,91;
DEBORA DA SILVA MARQUES;COORD. ADMINISTRAT. FINANCEIRA;GERENTE;GERENTE AD-2; 40:00;08/03/2013;CARGO COMISSION.S/VINCULO;4209,79;;4209,79;573,49;3636,30;
DELMA DE JESUS AZEVEDO;COORD. ADMINISTRAT. FINANCEIRA;ASSESSOR III;ASSESSOR III; 40:00;02/05/2023;CARGO COMISSION.S/VINCULO;1412,00;;1412,00;105,90;1306,10;
DENIO ALEX SILVA DA MOTA;COORD. ADMINISTRAT. FINANCEIRA;GERENTE;GERENTE AD-2; 40:00;01/02/2013;CARGO COMISSION.S/VINCULO;2609,79;;2609,79;213,70;2396,09;
DENIS CARVALHO DA SILVA;COORD. ADMINISTRAT. FINANCEIRA;GERENTE;GERENTE; 40:00;01/04/2023;CARGO COMISSION.S/VINCULO;4209,79;;4209,79;573,49;3636,30;
DERIK DA CONCEICAO VILA;COORD. ADMINISTRAT. FINANCEIRA;SUBGERENTE;SUBGERENTE; 40:00;01/08/2022;CARGO COMISSION.S/VINCULO;2591,80;;2591,80;212,08;2379,72;
DIANGELYS DOS SANTOS CONCEICAO;COORD. ADMINISTRAT. FINANCEIRA;AUX.ADM-III;AUX ADM; 30:00;13/03/2013;ESTATUTARIO;2321,04;;2321,04;324,95;1996,09;
DIEGO DE SOUZA PEREIRA;COORD. ADMINISTRAT. FINANCEIRA;ASSESSOR III;ASSESSOR III; 40:00;01/07/2020;CARGO COMISSION.S/VINCULO;1893,80;;1893,80;149,26;1744,54;
DIOGO PEREIRA NEVES;COORD. ADMINISTRAT. FINANCEIRA;AUX.O-III;AUX.OP.MONTA.EVENTOS; 30:00;13/03/2013;ESTATUTARIO;2198,89;;2198,89;307,84;1891,05;
DIONE MACIEL DA SILVA;COORD. ADMINISTRAT. FINANCEIRA;AUX.O-III;AUX OP CAMAM TEATRO; 30:00;13/03/2013;ESTATUTARIO;2198,89;;2198,89;307,84;1891,05;
DOUGLAS SOARES DA SILVA;COORD. ADMINISTRAT. FINANCEIRA;AUX.O-III;AUX.OP.MONT.EVENTOS; 30:00;13/03/2013;ESTATUTARIO;2198,89;;2198,89;307,84;1891,05;
EDMAR PEREIRA RIBEIRO;COORD. ADMINISTRAT. FINANCEIRA;VIGIA-II;; 30:00;15/07/1996;ESTATUTARIO;2381,08;;2381,08;333,35;2047,73;
EDMYLSON ROSAS JUNIOR;COORD. ADMINISTRAT. FINANCEIRA;ASSISTENTE TECNICO I;; 30:00;01/04/1993;ESTATUTARIO;3764,47;;3764,47;610,03;3154,44;
EDNA GOMES REZENDE;COORD. ADMINISTRAT. FINANCEIRA;GERENTE;GERENTE AD-2; 40:00;08/03/2013;CARGO COMISSION.S/VINCULO;3209,79;;3209,79;312,92;2896,87;
EDNEA ROCHA DA SILVA;COORD. ADMINISTRAT. FINANCEIRA;AUX.O-III;; 30:00;05/06/2013;ESTATUTARIO;2198,89;;2198,89;307,84;1891,05;
EDSON DE SOUZA MELO;COORD. ADMINISTRAT. FINANCEIRA;AUX.O-III;AUX. OPER. CENOTECN; 30:00;13/03/2013;ESTATUTARIO;2931,85;;2931,85;307,84;2624,01;
EILEN MARIA DE SOUZA QUEIROZ;COORD. ADMINISTRAT. FINANCEIRA;GERENTE;GERENTE AD-2; 40:00;01/05/2013;CARGO COMISSION.S/VINCULO;1911,79;;1911,79;150,88;1760,91;
ELENICE CORREA BASTOS;COORD. ADMINISTRAT. FINANCEIRA;ENG-III;ENGENHEIRO; 30:00;01/09/2014;ESTATUTARIO;5837,02;;5837,02;1301,64;4535,38;
ELIANE DE VASCONCELOS GOMES BATISTA;COORD. ADMINISTRAT. FINANCEIRA;AUX.O-III;AUX OP COSTUREIRA; 30:00;13/03/2013;ESTATUTARIO;2198,89;;2198,89;307,84;1891,05;
ELIEZER BACELAR DA SILVA;COORD. ADMINISTRAT. FINANCEIRA;AFINADOR DE INSTRUMENTOS;; 30:00;29/06/1991;ESTATUTARIO;4783,52;;4783,52;760,42;4023,10;
ELISEA MARIA DOS SANTOS BATALHA;COORD. ADMINISTRAT. FINANCEIRA;ASSESSOR II;NAO INFORMADO; 40:00;28/02/2019;CARGO COMISSION.S/VINCULO;4209,79;;4209,79;568,54;3641,25;
ELISIA CRISTINA DE VASCONCELOS;COORD. ADMINISTRAT. FINANCEIRA;GERENTE;GERENTE; 40:00;01/04/2023;CARGO COMISSION.S/VINCULO;4209,79;;4209,79;573,49;3636,30;
ELIZABETH GUERRA CANTANHEDE;COORD. ADMINISTRAT. FINANCEIRA;TNS-III;CHEFE DE DEPARTAMENT; 30:00;08/01/1988;ESTATUTARIO;7171,25;;7171,25;1641,81;5529,44;
ELIZABETH MARIA MACEDO DE LIMA;COORD. ADMINISTRAT. FINANCEIRA;GERENTE;GERENTE AD-2; 40:00;01/05/2013;CARGO COMISSION.S/VINCULO;3209,79;;3209,79;312,92;2896,87;
ELLEN CRISTINA DOS SANTOS NASCIMENT;COORD. ADMINISTRAT. FINANCEIRA;GERENTE;; 40:00;08/03/2018;CARGO COMISSION.S/VINCULO;3209,79;;3209,79;312,92;2896,87;
ELLEN CRYSTINA SOUSA DA SILVA;COORD. ADMINISTRAT. FINANCEIRA;GERENTE;GERENTE; 40:00;02/05/2023;CARGO COMISSION.S/VINCULO;1412,00;;1412,00;105,90;1306,10;
ELOIZA FERNANDA DA SILVA OLIVEIRA;COORD. ADMINISTRAT. FINANCEIRA;GERENTE;GERENTE; 40:00;21/09/2022;CARGO COMISSION.S/VINCULO;1699,79;;1699,79;131,80;1567,99;
ELSON DA COSTA SALES;COORD. ADMINISTRAT. FINANCEIRA;ASSESSOR III;; 40:00;01/02/2016;CARGO COMISSION.S/VINCULO;1893,80;;1893,80;149,26;1744,54;
ELSON SILVA DA ROCHA;CONSELHO ESTADUAL DE CULTURA;MEMBRO DE CONSELHO;; 20:00;14/01/2022;CONSELHO;450,00;;450,00;;450,00;
EMANUELLE MENEZES FIGUEIREDO;COORD. ADMINISTRAT. FINANCEIRA;ASSESSOR II;; 40:00;01/06/2018;CARGO COMISSION.S/VINCULO;3209,79;;3209,79;312,92;2896,87;
ERISVALDO AZEVEDO SILVA;COORD. ADMINISTRAT. FINANCEIRA;ASSESSOR III;NAO INFORMADO; 40:00;17/07/2019;CARGO COMISSION.S/VINCULO;1893,80;;1893,80;149,26;1744,54;
ERNANI GARCIA LINO DOS SANTOS;COORD. ADMINISTRAT. FINANCEIRA;A.TEC-III;ASSIST. TEC. GUIA; 30:00;13/03/2013;ESTATUTARIO;3375,48;;3375,48;513,93;2861,55;
EVERALDO DOS SANTOS BARBOSA;CONSELHO ESTADUAL DE CULTURA;MEMBRO DE CONSELHO;; 20:00;14/02/2022;CONSELHO;450,00;;450,00;;450,00;
EXPEDITO LUIZ BATISTA NETO;COORD. ADMINISTRAT. FINANCEIRA;AUX.BIBLI-III;AUX. BIBLIOTECA; 30:00;13/03/2013;ESTATUTARIO;2320,84;;2320,84;324,92;1995,92;
FABIANA DE ALMEIDA LIMA;COORD. ADMINISTRAT. FINANCEIRA;ASSESSOR I;; 40:00;01/03/2018;CARGO COMISSION.S/VINCULO;5229,77;;5229,77;941,65;4288,12;
FABIANA ROBERTA GENTIL PEREIRA;COORD. ADMINISTRAT. FINANCEIRA;AUX.BIBLI-III;; 30:00;05/06/2013;ESTATUTARIO;2320,84;;2320,84;324,92;1995,92;
FABIANO CARDOSO DE OLIVEIRA;CONSELHO ESTADUAL DE CULTURA;MEMBRO DE CONSELHO;; 20:00;14/01/2022;CONSELHO;450,00;;450,00;;450,00;
FABIO GREY BRITO MORENO;COORD. ADMINISTRAT. FINANCEIRA;A.TEC-III;ASS. TEC. SONOPLASTA; 30:00;13/03/2013;ESTATUTARIO;3375,48;;3375,48;492,41;2883,07;
FATIMA DIANA DA GLORIA MOREIRA;COORD. ADMINISTRAT. FINANCEIRA;TEC.DE NIVEL SUPERIOR 2A CLASSE;; 30:00;01/12/1977;ESTATUTARIO;5904,67;;5904,67;1264,61;4640,06;
FERNANDA DA SILVA FROTA;COORD. ADMINISTRAT. FINANCEIRA;ARQT-III;ARQUITETO; 30:00;13/03/2013;ESTATUTARIO;5837,02;;5837,02;1301,64;4535,38;
FERNANDO GONCALVES MARQUES JUNIOR;COORD. ADMINISTRAT. FINANCEIRA;GERENTE;; 40:00;01/12/2017;CARGO COMISSION.S/VINCULO;2951,72;;2951,72;253,02;2698,70;
FLAVIO SENA CARVALHO;COORD. ADMINISTRAT. FINANCEIRA;ASSESSOR III;NAO INFORMADO; 40:00;02/01/2019;CARGO COMISSION.S/VINCULO;3191,80;;3191,80;309,42;2882,38;
FRANCISCA FRANCY COSTA BARROSO;COORD. ADMINISTRAT. FINANCEIRA;AUX.DE APOIO ADMINISTRATIVO II;; 30:00;20/10/1988;ESTATUTARIO;2460,93;;2460,93;340,54;2120,39;
FRANCISCA PORTELA MACIEL;COORD. ADMINISTRAT. FINANCEIRA;SUBGERENTE;SUBGERENTE AD-3; 40:00;01/10/2015;CARGO COMISSION.S/VINCULO;1893,80;;1893,80;149,26;1744,54;
FRANCISCO ALESSANDRO PEREIRA ROSA;COORD. ADMINISTRAT. FINANCEIRA;AUX.O-III;ARTIFICE; 30:00;02/09/2014;ESTATUTARIO;2198,89;;2198,89;307,84;1891,05;
FRANCISCO CARLOS DE SOUZA ANDRADE;COORD. ADMINISTRAT. FINANCEIRA;GERENTE;GERENTE AD-2; 40:00;01/05/2013;CARGO COMISSION.S/VINCULO;2609,79;;2609,79;213,70;2396,09;
FRANCISCO EDUARDO ALVES DE ALMEIDA;COORD. ADMINISTRAT. FINANCEIRA;AUX.BIBLI-III;AUX. BIBLIOTECA; 30:00;13/03/2013;ESTATUTARIO;2320,84;;2320,84;324,92;1995,92;
FRANKLIN CARNEIRO DA MOTA;COORD. ADMINISTRAT. FINANCEIRA;ENG-I;GERENTE AD 2; 30:00;02/01/1978;ESTATUTARIO;14186,99;;14186,99;3920,85;10266,14;
FRED MARCIO DOS SANTOS BARBOSA;COORD. ADMINISTRAT. FINANCEIRA;GERENTE;GERENTE AD-2; 40:00;01/05/2013;CARGO COMISSION.S/VINCULO;1911,79;;1911,79;150,88;1760,91;
FUED FELIPE PRESTES LACOUTH;COORD. ADMINISTRAT. FINANCEIRA;SUBGERENTE;SUBGERENTE; 40:00;04/02/2019;CARGO COMISSION.S/VINCULO;2591,80;;2591,80;212,08;2379,72;
GABRIELE LIMA DA CUNHA;COORD. ADMINISTRAT. FINANCEIRA;CHEFE DE DEPARTAMENTO;; 40:00;01/04/2023;CARGO COMISSION.S/VINCULO;6246,66;;6246,66;;6246,66;
GABRIELE LIMA DA CUNHA;COORD. ADMINISTRAT. FINANCEIRA;GERENTE;GERENTE; 40:00;01/02/2024;CARGO COMISSION.S/VINCULO;4209,79;;4209,79;573,49;3636,30;
GALBEN GABRIEL LACERDA DE SOUSA;COORD. ADMINISTRAT. FINANCEIRA;A.TEC-III;AS.TEC. DESEN/CADIST; 30:00;13/03/2013;ESTATUTARIO;3375,48;;3375,48;472,57;2902,91;
GELSON PEREIRA LIMA;COORD. ADMINISTRAT. FINANCEIRA;SUBGERENTE;NAO INFORMADO; 40:00;17/07/2019;CARGO COMISSION.S/VINCULO;1681,80;;1681,80;130,18;1551,62;
GERALDA MARIA MAGELA BRAGA DE SOUZA;COORD. ADMINISTRAT. FINANCEIRA;ASSISTENTE TECNICO I;; 30:00;13/08/1982;ESTATUTARIO;3827,91;;3827,91;616,37;3211,54;
GEYSIANE GOMES SEVERIANO;COORD. ADMINISTRAT. FINANCEIRA;ASSESSOR III;NAO INFORMADO; 40:00;21/02/2019;CARGO COMISSION.S/VINCULO;1530,80;;1530,80;116,59;1414,21;
GILBERTO RODRIGUES DE SOUZA JUNIOR;COORD. ADMINISTRAT. FINANCEIRA;OPERADOR DE SOM;; 30:00;21/12/1981;ESTATUTARIO;3503,41;;3503,41;532,79;2970,62;
GILDOMAR DA ROCHA CAMPOS;COORD. ADMINISTRAT. FINANCEIRA;AUX.TECNICO ADMINISTRATIVO II;; 30:00;01/11/1977;ESTATUTARIO;4299,40;;4299,40;676,84;3622,56;
GILMAR CASTRO DE AQUINO JUNIOR;COORD. ADMINISTRAT. FINANCEIRA;AUX.O-III;AUX. OP. MONT. EVENT; 30:00;13/03/2013;ESTATUTARIO;2861,81;;2861,81;307,84;2553,97;
GILSON MAURO DE OLIVEIRA PEREIRA;COORD. ADMINISTRAT. FINANCEIRA;GERENTE;GERENTE AD-2; 40:00;01/01/2011;CARGO COMISSION.S/VINCULO;3209,79;;3209,79;312,92;2896,87;
GIOVANNI ARAUJO SANTIAGO;COORD. ADMINISTRAT. FINANCEIRA;A.TEC-III;AS. TEC. WEB DESIGN; 30:00;13/03/2013;ESTATUTARIO;3375,48;;3375,48;513,93;2861,55;
GISELE FELIPE CUNHA FERNANDES;COORD. ADMINISTRAT. FINANCEIRA;TNS-III;T.N.S TURISMO; 30:00;13/03/2013;ESTATUTARIO;5574,37;;5574,37;1202,75;4371,62;
GLEICE SOUZA BARROS;COORD. ADMINISTRAT. FINANCEIRA;AUX.O-III;AUX.OP.MONT.EVENTOS; 30:00;13/03/2013;ESTATUTARIO;3815,75;;3815,75;395,71;3420,04;
GLORIA MARIA QUEIROZ MENDONCA;COORD. ADMINISTRAT. FINANCEIRA;TNS-I;; 30:00;25/06/1980;ESTATUTARIO;7392,55;;7392,55;1794,06;5598,49;
GUINEVERE MONTEIRO AYDEM;COORD. ADMINISTRAT. FINANCEIRA;ASSESSOR II;ASSESSOR II; 40:00;16/05/2023;CARGO COMISSION.S/VINCULO;3209,79;;3209,79;312,92;2896,87;
HANY MATOS CANDIDO;COORD. ADMINISTRAT. FINANCEIRA;TNS-III;; 30:00;05/06/2013;ESTATUTARIO;5574,37;;5574,37;1110,97;4463,40;
HARLEY HERON DA SILVA MENDONCA;COORD. ADMINISTRAT. FINANCEIRA;AUX.O-III;AUX.OP.MONT.EVENTOS; 30:00;13/03/2013;ESTATUTARIO;2198,89;;2198,89;307,84;1891,05;
HELIO DA COSTA DANTAS;COORD. ADMINISTRAT. FINANCEIRA;HIST-III;HISTORIADOR; 30:00;13/03/2013;ESTATUTARIO;7003,85;;7003,85;1563,22;5440,63;
HELIO MIKE FRANCA COSTA;COORD. ADMINISTRAT. FINANCEIRA;ASSESSOR II;ASSESSOR II; 40:00;01/04/2023;CARGO COMISSION.S/VINCULO;2213,79;;2213,79;178,06;2035,73;
HELLEN CRISTINA DA SILVA ALMEIDA;COORD. ADMINISTRAT. FINANCEIRA;AUX.ADM-III;AUX ADM; 30:00;13/03/2013;ESTATUTARIO;2321,04;;2321,04;324,95;1996,09;
HERMES DA SILVA DOS SANTOS;COORD. ADMINISTRAT. FINANCEIRA;AUX.ADM-III;AUX ADM; 30:00;13/03/2013;ESTATUTARIO;2321,04;;2321,04;324,95;1996,09;
HERSON DE SOUZA CRISPIM;COORD. ADMINISTRAT. FINANCEIRA;A.TEC-III;; 30:00;29/08/2014;ESTATUTARIO;1350,19;;1350,19;189,03;1161,16;
HINCIA DE SOUZA PEREIRA;COORD. ADMINISTRAT. FINANCEIRA;GERENTE;GERENTE AD-2; 40:00;02/09/2013;CARGO COMISSION.S/VINCULO;3209,79;;3209,79;312,92;2896,87;
IARA LANE ARAUJO DA SILVA;COORD. ADMINISTRAT. FINANCEIRA;TECNICO DE NIVEL SUPERIOR;TEC. NIV. SUPERIOR; 30:00;02/05/1988;ESTATUTARIO;5784,16;;5784,16;1230,01;4554,15;
IEDA CLAUDIA PINTO DE OLIVEIRA;COORD. ADMINISTRAT. FINANCEIRA;ASSISTENTE TECNICO I;ASSISTENTE TECNICO I; 30:00;25/11/1988;ESTATUTARIO;3890,06;;3890,06;350,13;3539,93;
IEDA DE CASTRO RODRIGUES;COORD. ADMINISTRAT. FINANCEIRA;ASSISTENTE TECNICO I;ASSISTENTE TECNICO I; 30:00;13/08/1982;ESTATUTARIO;3894,60;;3894,60;642,33;3252,27;
INES DO SOCORRO DA SILVA COSTA;COORD. ADMINISTRAT. FINANCEIRA;GERENTE;NAO INFORMADO; 40:00;29/03/2021;CARGO COMISSION.S/VINCULO;4279,72;;4279,72;593,77;3685,95;
IRENILCE CARVALHO DUARTE COLHYER;COORD. ADMINISTRAT. FINANCEIRA;GERENTE;GERENTE AD-2; 40:00;01/05/2013;CARGO COMISSION.S/VINCULO;4209,79;;4209,79;573,49;3636,30;
IVAN FELIPE DOS REIS OLIVEIRA;COORD. ADMINISTRAT. FINANCEIRA;AUX.O-III;AUX. OPER. CENOTECN; 30:00;13/03/2013;ESTATUTARIO;2861,81;;2861,81;307,84;2553,97;
IVANA EBERLE LESSA;COORD. ADMINISTRAT. FINANCEIRA;SUBGERENTE;SUBGERENTE; 40:00;04/02/2022;CARGO COMISSION.S/VINCULO;2591,80;;2591,80;212,08;2379,72;
IVETE PESSOA DA SILVA;COORD. ADMINISTRAT. FINANCEIRA;A.TEC-I;GERENTE AD 2; 30:00;01/04/1986;ESTATUTARIO;5515,26;;5515,26;1019,04;4496,22;
IZOLINA VIEIRA BENTOLILA;COORD. ADMINISTRAT. FINANCEIRA;A.TEC-I;; 30:00;23/09/1975;ESTATUTARIO;4478,09;;4478,09;767,66;3710,43;
JAINARA OLIVEIRA PRESTES;COORD. ADMINISTRAT. FINANCEIRA;GERENTE;GERENTE; 40:00;01/05/2022;CARGO COMISSION.S/VINCULO;2213,79;;2213,79;178,06;2035,73;
JAIR JACQMONT CANTANHEDE;COORD. ADMINISTRAT. FINANCEIRA;A.TEC-I;; 30:00;12/05/1982;ESTATUTARIO;4061,37;;4061,37;704,12;3357,25;
JANAINA MARGARIDA CARLOS COSTA;COORD. ADMINISTRAT. FINANCEIRA;GERENTE;GERENTE AD-2; 40:00;01/01/2011;CARGO COMISSION.S/VINCULO;3209,79;;3209,79;312,92;2896,87;
JANDR LUCIO GUIMARAES DOS REIS;COORD. ADMINISTRAT. FINANCEIRA;GERENTE;GERENTE AD 2; 40:00;01/05/2013;CARGO COMISSION.S/VINCULO;3209,79;;3209,79;312,92;2896,87;
JANE DOS SANTOS FONTENELLE;COORD. ADMINISTRAT. FINANCEIRA;A.TEC-II;; 30:00;15/07/1996;ESTATUTARIO;6562,23;;6562,23;1265,01;5297,22;
JANETE ALBUQUERQUE DE SOUZA;COORD. ADMINISTRAT. FINANCEIRA;A.TEC-II;ASSESSOR II; 30:00;15/07/1996;ESTATUTARIO;4835,46;;4835,46;502,82;4332,64;
JANILSON DOS SANTOS LOPES;COORD. ADMINISTRAT. FINANCEIRA;AUX.O-III;; 30:00;05/06/2013;ESTATUTARIO;2861,81;;2861,81;307,84;2553,97;
JENNIFFER RIBEIRO DA SILVA;COORD. ADMINISTRAT. FINANCEIRA;CHEFE DE GABINETE;CHEFE DE GABINETE; 40:00;01/04/2023;CARGO COMISSION.S/VINCULO;5229,77;;5229,77;941,65;4288,12;
JESSICA KETLEN MENDES DA SILVA;COORD. ADMINISTRAT. FINANCEIRA;ASSESSOR II;ASSESSOR II; 40:00;09/11/2022;CARGO COMISSION.S/VINCULO;3209,79;;3209,79;312,92;2896,87;
JESSILDA RIBEIRO FURTADO;COORD. ADMINISTRAT. FINANCEIRA;A.TEC-I;; 30:00;30/03/1990;ESTATUTARIO;4356,01;;4356,01;725,20;3630,81;
JOAO BOSCO BORGES FERREIRA;CONSELHO ESTADUAL DE CULTURA;MEMBRO DE CONSELHO;; 20:00;14/01/2022;CONSELHO;450,00;;450,00;;450,00;
JOAO MARCOS OLIVEIRA DE PAULA;COORD. ADMINISTRAT. FINANCEIRA;REST-III;; 30:00;01/11/2017;ESTATUTARIO;5252,89;;5252,89;1089,07;4163,82;
JOAO PAULO TOMAS DA SILVA DE AQUINO;COORD. ADMINISTRAT. FINANCEIRA;AUX.O-III;AUX. OPER. CENOTECN; 30:00;13/03/2013;ESTATUTARIO;2861,81;;2861,81;307,84;2553,97;
JOAO PEDRO PEREIRA FURTADO;COORD. ADMINISTRAT. FINANCEIRA;SUBGERENTE;SUBGERENTE; 40:00;01/04/2023;CARGO COMISSION.S/VINCULO;1681,80;;1681,80;130,18;1551,62;
JOAO VINICIUS DE BRITO A SANTOS;COORD. ADMINISTRAT. FINANCEIRA;SUBGERENTE;SUBGERENTE; 40:00;01/07/2022;CARGO COMISSION.S/VINCULO;1681,80;;1681,80;130,18;1551,62;
JOAO VITOR DIAS DE JESUS;COORD. ADMINISTRAT. FINANCEIRA;GERENTE;GERENTE; 40:00;01/08/2022;CARGO COMISSION.S/VINCULO;2213,79;;2213,79;178,06;2035,73;
JOARA MARIA FERREIRA MARQUES;COORD. ADMINISTRAT. FINANCEIRA;CHEFE DE DEPARTAMENTO;NAO INFORMADO; 40:00;01/04/2020;CARGO COMISSION.S/VINCULO;5229,77;;5229,77;941,65;4288,12;
JONAS WESEN DE SOUZA;COORD. ADMINISTRAT. FINANCEIRA;GERENTE;GERENTE AD-2; 40:00;01/05/2013;CARGO COMISSION.S/VINCULO;2213,79;;2213,79;178,06;2035,73;
JONIFERSON VIEIRA DA SILVA;CONSELHO ESTADUAL DE CULTURA;MEMBRO DE CONSELHO;; 20:00;14/01/2022;CONSELHO;450,00;;450,00;;450,00;
JORDANIA DAMASCENO GALDINO;CONSELHO ESTADUAL DE CULTURA;MEMBRO DE CONSELHO;; 20:00;14/01/2022;CONSELHO;450,00;;450,00;;450,00;
JOSE ABILIO DE MOURA FARIAS JUNIOR;COORD. ADMINISTRAT. FINANCEIRA;AUX.ADM-III;AUX ADM; 30:00;13/03/2013;ESTATUTARIO;2321,04;;2321,04;324,95;1996,09;
JOSE AUGUSTO DA SILVA GUIMARAES;COORD. ADMINISTRAT. FINANCEIRA;A.TEC-I;; 30:00;10/06/1986;ESTATUTARIO;3897,48;;3897,48;638,55;3258,93;
JOSE CASTELO DO NASCIMENTO;COORD. ADMINISTRAT. FINANCEIRA;ASSISTENTE TECNICO III;ASSIST. TECNICO III; 30:00;09/05/1975;ESTATUTARIO;4486,44;;4486,44;730,64;3755,80;
JOSE LUCIO DOS SANTOS;COORD. ADMINISTRAT. FINANCEIRA;AUX.BIBLI-III;AUXILIAR DE BIBLIOT.; 30:00;13/03/2013;ESTATUTARIO;2320,84;;2320,84;324,92;1995,92;
JOSE LUIS ALMEIDA DOS SANTOS;COORD. ADMINISTRAT. FINANCEIRA;A.TEC-I;CHEFE DE DEPARTAMENT; 30:00;01/10/1981;ESTATUTARIO;6019,89;;6019,89;840,05;5179,84;
JOSE MARIA MARQUES H JUNIOR;COORD. ADMINISTRAT. FINANCEIRA;A.TEC-III;CHEFE DE DEPARTAMENT; 30:00;13/03/2013;ESTATUTARIO;5771,54;;5771,54;1008,42;4763,12;
JOSE PEREIRA BELEM;COORD. ADMINISTRAT. FINANCEIRA;VIGIA;; 30:00;03/05/1993;ESTATUTARIO;2207,63;;2207,63;309,07;1898,56;
JOSE ROGERIO DOS REIS OLIVEIRA;COORD. ADMINISTRAT. FINANCEIRA;GERENTE;NAO INFORMADO; 40:00;01/04/2020;CARGO COMISSION.S/VINCULO;5613,05;;5613,05;1085,95;4527,10;
JUDETH MARIA FERREIRA DA COSTA;COORD. ADMINISTRAT. FINANCEIRA;TNS-II;; 30:00;05/01/1982;ESTATUTARIO;5714,36;;5714,36;1255,46;4458,90;
JULIANA MOURA ALVES DOS SANTOS;COORD. ADMINISTRAT. FINANCEIRA;ASSESSOR III;ASSESSOR III; 40:00;01/04/2023;CARGO COMISSION.S/VINCULO;1681,80;;1681,80;130,18;1551,62;
JULIANE FERNANDES PEREIRA;COORD. ADMINISTRAT. FINANCEIRA;AUX.BIBLI-III;; 30:00;01/09/2014;ESTATUTARIO;2320,84;;2320,84;324,92;1995,92;
KAMILA KAROLINE CORDOVIL CERQUEIRA;COORD. ADMINISTRAT. FINANCEIRA;GERENTE;GERENTE; 40:00;01/02/2019;CARGO COMISSION.S/VINCULO;4209,79;;4209,79;573,49;3636,30;
KARINE DE FREITAS SANTOS;COORD. ADMINISTRAT. FINANCEIRA;GERENTE;GERENTE; 40:00;08/11/2019;CARGO COMISSION.S/VINCULO;2213,79;;2213,79;178,06;2035,73;
KAROLINY VERAS PEREIRA DA COSTA;COORD. ADMINISTRAT. FINANCEIRA;AUX.BIBLI-III;AUX. BIBLIOTECA; 30:00;13/03/2013;ESTATUTARIO;2320,84;;2320,84;324,92;1995,92;
KATHYUSCIA CASTILHO CORREA;COORD. ADMINISTRAT. FINANCEIRA;GERENTE;GERENTE AD-2; 40:00;01/05/2013;CARGO COMISSION.S/VINCULO;3479,72;;3479,72;372,18;3107,54;
KATTERINE ELIZABETH SUANO DA COSTA;COORD. ADMINISTRAT. FINANCEIRA;GERENTE;GERENTE AD-2; 40:00;01/03/2016;CARGO COMISSION.S/VINCULO;2609,79;;2609,79;213,70;2396,09;
KELLEN DIANE NASCIMENTO DE SOUZA;COORD. ADMINISTRAT. FINANCEIRA;AUX.BIBLI-III;AUX. BIBLIOTECA; 30:00;13/03/2013;ESTATUTARIO;2320,84;;2320,84;324,92;1995,92;
KELVIN SANTOS DE LUCENA;COORD. ADMINISTRAT. FINANCEIRA;AUX.O-III;AUX. OPER. CENOTECN; 30:00;13/03/2013;ESTATUTARIO;2198,89;;2198,89;307,84;1891,05;
KIRK DOUGLAS DE LIMA BENTES;COORD. ADMINISTRAT. FINANCEIRA;MEMBRO DE CONSELHO;; 20:00;27/12/2021;CONSELHO;450,00;;450,00;;450,00;
KLEYSON DE MELO LOPES;COORD. ADMINISTRAT. FINANCEIRA;ASSESSOR II;ASSESSOR II; 40:00;03/11/2020;CARGO COMISSION.S/VINCULO;3209,79;;3209,79;312,92;2896,87;
LAIS CAVALCANTE BIVAR CORREA;COORD. ADMINISTRAT. FINANCEIRA;ASSESSOR III;NAO INFORMADO; 40:00;27/01/2020;CARGO COMISSION.S/VINCULO;2195,80;;2195,80;176,44;2019,36;
LARISSA FERREIRA PEREIRA;COORD. ADMINISTRAT. FINANCEIRA;TNS-III;T.N.S. TURISMO; 30:00;13/03/2013;ESTATUTARIO;5252,89;;5252,89;1089,07;4163,82;
LEANDRO DOS SANTOS SOARES;COORD. ADMINISTRAT. FINANCEIRA;AUX.O-III;AUX. OP. MONT. ORQ; 30:00;13/03/2013;ESTATUTARIO;2198,89;;2198,89;307,84;1891,05;
LEIDE FOLGOSA BARROSO MUNOZ;COORD. ADMINISTRAT. FINANCEIRA;A.TEC-III;; 30:00;05/06/2013;ESTATUTARIO;3375,48;;3375,48;513,93;2861,55;
LEILA CRISTINA DOS SANTOS AZEVEDO;COORD. ADMINISTRAT. FINANCEIRA;CHEFE DE DEPARTAMENTO;CHEFE DE DEPARTAMENT; 40:00;01/02/2024;CARGO COMISSION.S/VINCULO;5229,77;;5229,77;941,65;4288,12;
LEILSON ASSAD DE SOUZA;COORD. ADMINISTRAT. FINANCEIRA;A.TEC-II;; 30:00;15/07/1996;ESTATUTARIO;3655,15;;3655,15;593,83;3061,32;
LICYANE SANTIAGO PIMENTEL;COORD. ADMINISTRAT. FINANCEIRA;GERENTE;GERENTE; 40:00;12/09/2022;CARGO COMISSION.S/VINCULO;1911,79;;1911,79;150,88;1760,91;
LIVIA MIRANDA DE ARAUJO;COORD. ADMINISTRAT. FINANCEIRA;SUBGERENTE;NAO INFORMADO; 40:00;01/02/2021;CARGO COMISSION.S/VINCULO;2195,80;;2195,80;176,44;2019,36;
LUCIANA PESSOA BALTAR;COORD. ADMINISTRAT. FINANCEIRA;A.TEC-II;GERENTE AD-2; 30:00;15/07/1996;ESTATUTARIO;4835,46;;4835,46;736,48;4098,98;
LUCIANO COELHO DE LIMA;COORD. ADMINISTRAT. FINANCEIRA;GERENTE;NAO INFORMADO; 40:00;17/07/2019;CARGO COMISSION.S/VINCULO;1699,79;;1699,79;131,80;1567,99;
LUCIMAR BEZERRA MARQUES;CONSELHO ESTADUAL DE CULTURA;MEMBRO DE CONSELHO;; 20:00;14/01/2022;CONSELHO;450,00;;450,00;;450,00;
LUCIO BRAZ DE LIMA REIS;COORD. ADMINISTRAT. FINANCEIRA;A.TEC-III;ASSIST.TEC.OP.ILUM.; 30:00;13/03/2013;ESTATUTARIO;3375,48;;3375,48;513,93;2861,55;
LUIS AURELIO NINA DEL CAMPO;COORD. ADMINISTRAT. FINANCEIRA;A.TEC-III;; 30:00;05/06/2013;ESTATUTARIO;4500,64;;4500,64;695,36;3805,28;
LUIZ CARLOS DE MATOS BONATES;COORD. ADMINISTRAT. FINANCEIRA;SECRETARIO EXECUTIVO;NAO INFORMADO; 40:00;16/03/2020;CARGO COMISSION.S/VINCULO;11700,00;;11700,00;2980,42;8719,58;
LUIZ GAJOLA FERREIRA BRAGA;COORD. ADMINISTRAT. FINANCEIRA;A.OPE-III;ASSIST.TEC.OP.CINEG.; 30:00;13/03/2013;ESTATUTARIO;3375,48;;3375,48;513,93;2861,55;
LUZIENE PINHEIRO PASSOS;COORD. ADMINISTRAT. FINANCEIRA;A.OPE-III;AS. OP. EDIT. IMAGEM; 30:00;13/03/2013;ESTATUTARIO;3577,54;;3577,54;543,04;3034,50;
MANOEL DEMOSTHENES LINS DE FARIAS;COORD. ADMINISTRAT. FINANCEIRA;GERENTE;GERENTE; 40:00;20/06/2022;CARGO COMISSION.S/VINCULO;2213,79;;2213,79;178,06;2035,73;
MARCELO FURTADO MACHADO LEITAO;COORD. ADMINISTRAT. FINANCEIRA;AUX.ADM-III;AUX ADM; 30:00;13/03/2013;ESTATUTARIO;2321,04;;2321,04;324,95;1996,09;
MARCELY GOMES DA CRUZ;COORD. ADMINISTRAT. FINANCEIRA;GERENTE;GERENTE; 40:00;09/11/2023;CARGO COMISSION.S/VINCULO;4209,79;;4209,79;573,49;3636,30;
MARCIO GONCALVES BENTES DE SOUZA;COORD. ADMINISTRAT. FINANCEIRA;CHEFE DE DEPARTAMENTO;CHEFE DE DEPARTAMENT; 40:00;01/04/2023;CARGO COMISSION.S/VINCULO;5229,77;;5229,77;941,65;4288,12;
MARCIO JUNIO SILVA DO NASCIMENTO;COORD. ADMINISTRAT. FINANCEIRA;GERENTE;; 40:00;06/02/2017;CARGO COMISSION.S/VINCULO;2213,79;;2213,79;178,06;2035,73;
MARCOS ANDRE DURAND PEREIRA;CONSELHO ESTADUAL DE CULTURA;MEMBRO DE CONSELHO;; 20:00;14/01/2022;CONSELHO;450,00;;450,00;;450,00;
MARCOS ANTONIO REPOLHO RAMOS;COORD. ADMINISTRAT. FINANCEIRA;AUX.ADM-III;; 30:00;28/08/2014;ESTATUTARIO;2321,04;;2321,04;324,95;1996,09;
MARCOS APOLO MUNIZ DE ARAUJO;CONSELHO ESTADUAL DE CULTURA;MEMBRO DE CONSELHO;; 20:00;14/01/2022;CONSELHO;450,00;;450,00;;450,00;
MARCOS APOLO MUNIZ DE ARAUJO;COORD. ADMINISTRAT. FINANCEIRA;SECRETARIO DE ESTADO;SECRETARIO DE ESTADO; 40:00;07/11/2022;CARGO COMISSION.S/VINCULO;28060,00;;28060,00;7323,00;20737,00;
MARCOS LEAO SILVA;COORD. ADMINISTRAT. FINANCEIRA;GERENTE;GERENTE; 40:00;01/11/2023;CARGO COMISSION.S/VINCULO;2213,79;;2213,79;178,06;2035,73;
MARCOS ROBERTO SILVA LIMA;COORD. ADMINISTRAT. FINANCEIRA;AUX.BIBLI-III;AUX. BIBLIOTECA; 30:00;13/03/2013;ESTATUTARIO;2320,84;;2320,84;324,92;1995,92;
MARCOS RODRIGUES DE LIMA;COORD. ADMINISTRAT. FINANCEIRA;ASSESSOR IV;NAO INFORMADO; 40:00;02/01/2019;CARGO COMISSION.S/VINCULO;2179,61;;2179,61;174,98;2004,63;
MARCOS WILLIAMS RODRIGUES DA SILVA;COORD. ADMINISTRAT. FINANCEIRA;ASSISTENTE ADMINISTRATIVO;; 30:00;04/04/1994;ESTATUTARIO;3384,22;;3384,22;515,81;2868,41;
MARGARETH NOGUEIRA RODRIGUES;COORD. ADMINISTRAT. FINANCEIRA;AUX.ADM-III;AUX ADM; 30:00;13/03/2013;ESTATUTARIO;2321,04;;2321,04;324,95;1996,09;
MARIA ANALIA BENETTON;COORD. ADMINISTRAT. FINANCEIRA;ASSESSOR II;ASSESSOR II AD-2; 40:00;08/03/2013;CARGO COMISSION.S/VINCULO;4209,79;;4209,79;573,49;3636,30;
MARIA AUXILIADORA DA SILVA CRUZ;COORD. ADMINISTRAT. FINANCEIRA;TEC.EM ADMINISTR.5A.CL-NM.215.11;ASSESSOR II AD 2; 30:00;05/07/1983;ESTATUTARIO;6933,20;;6933,20;1572,77;5360,43;
MARIA CLARA DA GAMA BENTES;COORD. ADMINISTRAT. FINANCEIRA;GERENTE;GERENTE AD-2; 40:00;01/01/2011;CARGO COMISSION.S/VINCULO;4209,79;;4209,79;573,49;3636,30;
MARIA DA CONCEICAO DE SOUZA E SILVA;COORD. ADMINISTRAT. FINANCEIRA;AUX.O-III;AUX OP CAMAM TEATRO; 30:00;13/03/2013;ESTATUTARIO;2198,89;;2198,89;307,84;1891,05;
MARIA DAS GRACAS COELHO BRAGA;COORD. ADMINISTRAT. FINANCEIRA;TEC.DE NIVEL SUPERIOR 2A CLASSE;; 30:00;13/08/1982;ESTATUTARIO;5789,58;;5789,58;1238,83;4550,75;
MARIA DE FATIMA DE ALMEIDA CAMPOS;COORD. ADMINISTRAT. FINANCEIRA;ASSISTENTE TECNICO III;; 30:00;21/03/1977;ESTATUTARIO;4776,81;;4776,81;792,55;3984,26;
MARIA DE FATIMA TOLEDANO BINDA;COORD. ADMINISTRAT. FINANCEIRA;ASSISTENTE TECNICO III;; 30:00;01/07/1977;ESTATUTARIO;4478,07;;4478,07;726,76;3751,31;
MARIA DE NAZARE COSTA SOARES;COORD. ADMINISTRAT. FINANCEIRA;ASSISTENTE TECNICO I;; 30:00;02/02/1988;ESTATUTARIO;3796,21;;3796,21;586,90;3209,31;
MARIA DO PERPETUO SOCORRO GUIMARAES;COORD. ADMINISTRAT. FINANCEIRA;ASSISTENTE TECNICO II;; 30:00;01/07/1976;ESTATUTARIO;4428,02;;4428,02;712,80;3715,22;
MARIA DO SOCORRO GOUVEA;COORD. ADMINISTRAT. FINANCEIRA;A.OPE-I;; 30:00;21/09/1984;ESTATUTARIO;4313,05;;4313,05;710,47;3602,58;
MARIA DO SOCORRO TEODORA DA COSTA;COORD. ADMINISTRAT. FINANCEIRA;AUX.ADM-III;AUX ADM; 30:00;13/03/2013;ESTATUTARIO;3094,72;;3094,72;345,25;2749,47;
MARIA EMILIA GOMES DE LEIROS;COORD. ADMINISTRAT. FINANCEIRA;GERENTE;GERENTE AD-2; 40:00;08/03/2013;CARGO COMISSION.S/VINCULO;3209,79;;3209,79;312,92;2896,87;
MARIA GELICE ALBUQUERQUE DE SOUZA;COORD. ADMINISTRAT. FINANCEIRA;GERENTE;GERENTE AD-2; 40:00;01/01/2011;CARGO COMISSION.S/VINCULO;2609,79;;2609,79;213,70;2396,09;
MARIA INEZ DE SOUSA;COORD. ADMINISTRAT. FINANCEIRA;ASSISTENTE TECNICO I;; 30:00;01/08/1992;ESTATUTARIO;4247,48;;4247,48;681,49;3565,99;
MARIA NAZARENE MAIA;COORD. ADMINISTRAT. FINANCEIRA;ASSISTENTE TECNICO III;; 30:00;08/09/1987;ESTATUTARIO;5895,06;;5895,06;1066,29;4828,77;
MARIA SHEILA DE SOUZA CAMPOS;COORD. ADMINISTRAT. FINANCEIRA;TNS-III;; 30:00;13/05/1986;ESTATUTARIO;6039,13;;6039,13;1302,46;4736,67;
MARIA VICTORIA PEREIRA GONCALVES;COORD. ADMINISTRAT. FINANCEIRA;A.TEC-III;; 30:00;05/06/2013;ESTATUTARIO;3375,48;;3375,48;513,93;2861,55;
MARIANE SANTOS DA COSTA;COORD. ADMINISTRAT. FINANCEIRA;ASSESSOR III;ASSESSOR III AD-3; 40:00;01/01/2011;CARGO COMISSION.S/VINCULO;3191,80;;3191,80;309,42;2882,38;
MARIETE FRANCA ARAUJO;COORD. ADMINISTRAT. FINANCEIRA;A.TEC-I;; 30:00;19/05/1986;ESTATUTARIO;3897,48;;3897,48;664,11;3233,37;
MARILDA GALVAO DE OLIVEIRA;COORD. ADMINISTRAT. FINANCEIRA;ASSISTENTE TECNICO III;; 30:00;04/02/1988;ESTATUTARIO;3856,12;;3856,12;621,96;3234,16;
MARINA DE SEIXAS;COORD. ADMINISTRAT. FINANCEIRA;AUX.S.G-II;; 30:00;15/07/1996;ESTATUTARIO;2381,08;;2381,08;333,35;2047,73;
MARIZETE BRANDAO DA SILVA;COORD. ADMINISTRAT. FINANCEIRA;ASSISTENTE TECNICO I;; 30:00;01/06/1993;ESTATUTARIO;3764,51;;3764,51;600,49;3164,02;
MARONILCO MORAES DAS CHAGAS;COORD. ADMINISTRAT. FINANCEIRA;A.TEC-I;; 30:00;31/01/1985;ESTATUTARIO;7807,27;;7807,27;1893,98;5913,29;
MARSSICLEA BRITO DOS SANTOS;COORD. ADMINISTRAT. FINANCEIRA;GERENTE;; 40:00;29/11/2017;CARGO COMISSION.S/VINCULO;3209,79;;3209,79;312,92;2896,87;
MATIAS DIOGO BELFORT MAR;COORD. ADMINISTRAT. FINANCEIRA;A.OPE-III;ASSIST.TEC.OP.ELETRI; 30:00;13/03/2013;ESTATUTARIO;4500,64;;4500,64;695,36;3805,28;
MAX DEULEN BARAUNA NOGUEIRA;CONSELHO ESTADUAL DE CULTURA;MEMBRO DE CONSELHO;; 20:00;14/02/2022;CONSELHO;450,00;;450,00;;450,00;
MELKE ZEDEK GONZAGA DA SILVA;COORD. ADMINISTRAT. FINANCEIRA;AUX.O-III;MONTADOR DE EVENTOS; 30:00;02/09/2014;ESTATUTARIO;2861,81;;2861,81;307,84;2553,97;
MICHELL MELO BEZERRA E SILVA;CONSELHO ESTADUAL DE CULTURA;MEMBRO DE CONSELHO;; 20:00;14/01/2022;CONSELHO;450,00;;450,00;;450,00;
MIGUEL DA COSTA RIOS FILHO;COORD. ADMINISTRAT. FINANCEIRA;GERENTE;NAO INFORMADO; 40:00;10/05/2021;CARGO COMISSION.S/VINCULO;1911,79;;1911,79;150,88;1760,91;
MIGUEL DOS SANTOS BARBOSA JUNIOR;COORD. ADMINISTRAT. FINANCEIRA;AUX.BIBLI-III;AUXILIAR BIBLIOTECA; 30:00;13/03/2013;ESTATUTARIO;2320,84;;2320,84;324,92;1995,92;
MILTON WILFREDO PAREDES ROMAN;COORD. ADMINISTRAT. FINANCEIRA;A.TEC-III;ASS. TEC. INDICADOR; 30:00;13/03/2013;ESTATUTARIO;3375,48;;3375,48;513,93;2861,55;
MIMOSA MARIA DE NOGUEIRA PAIVA;COORD. ADMINISTRAT. FINANCEIRA;TNS-I;; 30:00;02/01/1980;ESTATUTARIO;9533,07;;9533,07;2371,36;7161,71;
MOISES SIMOES DOS SANTOS FILHO;COORD. ADMINISTRAT. FINANCEIRA;A.TEC-III;ASS. TEC. INDICADOR; 30:00;13/03/2013;ESTATUTARIO;3375,48;;3375,48;513,93;2861,55;
MOYSES DE ALMEIDA GARCIA;COORD. ADMINISTRAT. FINANCEIRA;AUX.O-III;AUX.OP.MONT.EVENTOS; 30:00;13/03/2013;ESTATUTARIO;2198,89;;2198,89;307,84;1891,05;
MURILO ALVES ACIOLI;COORD. ADMINISTRAT. FINANCEIRA;A.TEC-III;OPER. SOM/SONOPLASTA; 30:00;05/06/2013;ESTATUTARIO;4500,64;;4500,64;695,36;3805,28;
NAHIM CALELI ESPINOSA DUQUE;COORD. ADMINISTRAT. FINANCEIRA;GERENTE;GERENTE AD-2; 40:00;01/01/2011;CARGO COMISSION.S/VINCULO;3209,79;;3209,79;312,92;2896,87;
NAIANA SOUSA CAVALCANTE;COORD. ADMINISTRAT. FINANCEIRA;AUX.ADM-III;AUX ADM; 30:00;13/03/2013;ESTATUTARIO;2321,04;;2321,04;324,95;1996,09;
NAIARA ARRUDA DA COSTA;COORD. ADMINISTRAT. FINANCEIRA;TNS-III;; 30:00;05/06/2013;ESTATUTARIO;5574,37;;5574,37;1202,75;4371,62;
NESTOR RIBEIRO NASCIMENTO;COORD. ADMINISTRAT. FINANCEIRA;ASSISTENTE TECNICO I;GERENTEAD-2; 30:00;29/01/1980;ESTATUTARIO;3844,95;;3844,95;597,68;3247,27;
NILDA PEREIRA VERAS;COORD. ADMINISTRAT. FINANCEIRA;GERENTE;GERENTE AD-2; 40:00;01/05/2013;CARGO COMISSION.S/VINCULO;2213,79;;2213,79;178,06;2035,73;
NIRLANDSON DA GRACA DIAS;COORD. ADMINISTRAT. FINANCEIRA;A.OPE-III;ASS. OP. MAQUINISTA; 30:00;13/03/2013;ESTATUTARIO;3375,48;;3375,48;513,93;2861,55;
OIANA DO COUTO E SILVA;COORD. ADMINISTRAT. FINANCEIRA;GERENTE;GERENTE AD-2; 40:00;20/05/2014;CARGO COMISSION.S/VINCULO;3209,79;;3209,79;312,92;2896,87;
OMAR DE OLIVEIRA GUSMAO JUNIOR;COORD. ADMINISTRAT. FINANCEIRA;GERENTE;GERENTE; 40:00;01/02/2023;CARGO COMISSION.S/VINCULO;4209,79;;4209,79;573,49;3636,30;
ORLANDO DA SILVA CAMARA;COORD. ADMINISTRAT. FINANCEIRA;TEC.DE NIVEL SUPERIOR 2A CLASSE;; 30:00;01/05/1992;ESTATUTARIO;5922,01;;5922,01;1233,62;4688,39;
PAMELA JENIFER SOUZA DE OLIVEIRA;COORD. ADMINISTRAT. FINANCEIRA;GERENTE;GERENTE; 40:00;01/08/2023;CARGO COMISSION.S/VINCULO;3209,79;;3209,79;312,92;2896,87;
PAMELLA CARDOSO DA SILVA;COORD. ADMINISTRAT. FINANCEIRA;GERENTE;GERENTE; 40:00;08/09/2020;CARGO COMISSION.S/VINCULO;3209,79;;3209,79;312,92;2896,87;
PAULO JUNIOR DA SILVA MENEZES;COORD. ADMINISTRAT. FINANCEIRA;AUX.ADM-III;; 30:00;28/08/2014;ESTATUTARIO;2321,04;;2321,04;324,95;1996,09;
PEDRO HENRIQUE SECATTI CACHEADO;CONSELHO ESTADUAL DE CULTURA;MEMBRO DE CONSELHO;; 40:00;18/10/2023;CONSELHO;450,00;;450,00;;450,00;
PEDRO MARCOS MANSOUR ANDES;COORD. ADMINISTRAT. FINANCEIRA;HIST-III;HISTORIADOR; 30:00;13/03/2013;ESTATUTARIO;7432,49;;7432,49;1661,59;5770,90;
PRINCE BRUNO DA SILVA LOPES;COORD. ADMINISTRAT. FINANCEIRA;ENG-III;ENGENHEIRO; 30:00;13/03/2013;ESTATUTARIO;7782,69;;7782,69;1680,28;6102,41;
PRISCILA NOGUEIRA DE SOUZA;COORD. ADMINISTRAT. FINANCEIRA;GERENTE;GERENTE; 40:00;21/02/2019;CARGO COMISSION.S/VINCULO;2213,79;;2213,79;178,06;2035,73;
RAFAEL SANTOS DA COSTA LOPES;COORD. ADMINISTRAT. FINANCEIRA;ASSESSOR II;ASSESSOR II; 40:00;01/06/2022;CARGO COMISSION.S/VINCULO;3479,72;;3479,72;372,18;3107,54;
RAIMUNDA LIMA DA SILVA;COORD. ADMINISTRAT. FINANCEIRA;GERENTE;GERENTE AD-2; 40:00;01/05/2013;CARGO COMISSION.S/VINCULO;1911,79;;1911,79;150,88;1760,91;
RAIMUNDO NONATO DOS SANTOS BRAGA;COORD. ADMINISTRAT. FINANCEIRA;A.TEC-I;; 30:00;08/10/1987;ESTATUTARIO;3897,48;;3897,48;638,55;3258,93;
RAIMUNDO NONATO PEREIRA NASCIMENTO;COORD. ADMINISTRAT. FINANCEIRA;ASSESSOR III;; 40:00;19/10/2017;CARGO COMISSION.S/VINCULO;2927,73;;2927,73;250,14;2677,59;
RAISSA PANTOJA OLIVEIRA DE MATOS;COORD. ADMINISTRAT. FINANCEIRA;SUBGERENTE;SUBGERENTE AD-3; 40:00;01/05/2013;CARGO COMISSION.S/VINCULO;3191,80;;3191,80;309,42;2882,38;
RANOLFO CASSIANO RABELO;COORD. ADMINISTRAT. FINANCEIRA;AUX.TECNICO ADMINISTRATIVO II;; 30:00;16/03/1987;ESTATUTARIO;3640,04;;3640,04;554,20;3085,84;
RAQUEL PEREIRA DA FONTOURA;COORD. ADMINISTRAT. FINANCEIRA;GERENTE;GERENTE AD-2; 40:00;01/05/2013;CARGO COMISSION.S/VINCULO;3209,79;;3209,79;312,92;2896,87;
RAQUEL SERIQUE REIS;COORD. ADMINISTRAT. FINANCEIRA;TNS-III;T.N.S TURISMO; 30:00;13/03/2013;ESTATUTARIO;5638,66;;5638,66;1226,95;4411,71;
RAYDMA LOUREIRO ARAUJO BOTELHO;COORD. ADMINISTRAT. FINANCEIRA;ASSISTENTE TECNICO I;; 30:00;01/04/1993;ESTATUTARIO;3744,28;;3744,28;604,18;3140,10;
REGINA MARIA LOPES PEREIRA LOBATO;COORD. ADMINISTRAT. FINANCEIRA;TNS-I;CH. DE DPTO AD 1; 30:00;16/06/1977;ESTATUTARIO;22886,30;;22886,30;6846,53;16039,77;
REGMA DA SILVA MAGNO;COORD. ADMINISTRAT. FINANCEIRA;GERENTE;GERENTE; 40:00;01/04/2022;CARGO COMISSION.S/VINCULO;4543,12;;4543,12;687,20;3855,92;
RENATO PEREIRA DA SILVA JUNIOR;COORD. ADMINISTRAT. FINANCEIRA;GERENTE;GERENTE AD 2; 40:00;01/05/2013;CARGO COMISSION.S/VINCULO;2609,79;;2609,79;213,70;2396,09;
RICARDO DA SILVA MACEDO JUNIOR;COORD. ADMINISTRAT. FINANCEIRA;GERENTE;GERENTE; 40:00;09/11/2022;CARGO COMISSION.S/VINCULO;3209,79;;3209,79;312,92;2896,87;
ROBERTA MELO PEREIRA;COORD. ADMINISTRAT. FINANCEIRA;ASSESSOR II;ASSESSOR II; 40:00;01/04/2022;CARGO COMISSION.S/VINCULO;2213,79;;2213,79;178,06;2035,73;
ROCHEL DA SILVA ROCHA;COORD. ADMINISTRAT. FINANCEIRA;A.TEC-III;ASSISTENTE TECNICO; 30:00;05/06/2013;ESTATUTARIO;3375,48;;3375,48;513,93;2861,55;
RODRIGO DA CRUZ DE OLIVEIRA;COORD. ADMINISTRAT. FINANCEIRA;AUX.ADM-III;AUX ADM; 30:00;13/03/2013;ESTATUTARIO;2321,04;;2321,04;324,95;1996,09;
ROMULO CESAR COELHO DE CASTRO;COORD. ADMINISTRAT. FINANCEIRA;A.TEC-III;ASSIST TECNICO; 30:00;13/03/2013;ESTATUTARIO;3577,54;;3577,54;543,04;3034,50;
RONILTON LEAO DE SOUZA;COORD. ADMINISTRAT. FINANCEIRA;AUX.ADM-III;; 30:00;28/08/2014;ESTATUTARIO;2321,04;;2321,04;324,95;1996,09;
ROSA CAPOTE VIEIRA;COORD. ADMINISTRAT. FINANCEIRA;GERENTE;GERENTE AD-2; 40:00;01/01/2011;CARGO COMISSION.S/VINCULO;4209,79;;4209,79;573,49;3636,30;
ROSANGELA LOPEZ ALANIS;CONSELHO ESTADUAL DE CULTURA;MEMBRO DE CONSELHO;; 20:00;14/01/2022;CONSELHO;450,00;;450,00;;450,00;
ROSIANE GARCIA PEREIRA;COORD. ADMINISTRAT. FINANCEIRA;A.TEC-III;; 30:00;13/03/2013;ESTATUTARIO;3375,48;;3375,48;513,93;2861,55;
ROSILDA OTAVIA MARQUES TEIXEIRA;COORD. ADMINISTRAT. FINANCEIRA;TEC.DE NIVEL SUPERIOR 2A CLASSE;; 30:00;14/03/1988;ESTATUTARIO;5778,50;;5778,50;1236,69;4541,81;
ROSIMAR SOBRINHO DOS SANTOS;COORD. ADMINISTRAT. FINANCEIRA;ASSESSOR III;ASSESSOR III AD-3; 40:00;24/09/2013;CARGO COMISSION.S/VINCULO;2195,80;;2195,80;176,44;2019,36;
ROSINEIDA LIMA PIMENTEL;COORD. ADMINISTRAT. FINANCEIRA;TNS-III;TEC. N. SUP. CONTAB; 30:00;13/03/2013;ESTATUTARIO;5574,37;;5574,37;1153,62;4420,75;
RUCEAN VIEIRA DA SILVA;COORD. ADMINISTRAT. FINANCEIRA;ASSESSOR III;ASSESSOR III; 40:00;21/02/2019;CARGO COMISSION.S/VINCULO;4255,73;;4255,73;580,90;3674,83;
RUY ALBERTO LINS LOURENCO ALMEIDA;COORD. ADMINISTRAT. FINANCEIRA;ASSESSOR II;; 40:00;21/06/2018;CARGO COMISSION.S/VINCULO;5613,05;;5613,05;1085,95;4527,10;
SAMIR TORRES PEREIRA;COORD. ADMINISTRAT. FINANCEIRA;A.TEC-III;; 30:00;29/08/2014;ESTATUTARIO;3375,48;;3375,48;513,93;2861,55;
SAMUEL SOUZA DA SILVA;COORD. ADMINISTRAT. FINANCEIRA;BIBLI-III;BIBLIOTECARIO; 30:00;13/03/2013;ESTATUTARIO;5252,89;;5252,89;1089,07;4163,82;
SANDRA FEIJAO DE BRITO;COORD. ADMINISTRAT. FINANCEIRA;GERENTE;GERENTE AD-2; 40:00;01/05/2013;CARGO COMISSION.S/VINCULO;2609,79;;2609,79;213,70;2396,09;
SANDRA MARIA DOS SANTOS;COORD. ADMINISTRAT. FINANCEIRA;TNS-III;T.N.S TURISMO; 30:00;13/03/2013;ESTATUTARIO;5638,66;;5638,66;1226,95;4411,71;
SANDRA MESQUITA ARAUJO;COORD. ADMINISTRAT. FINANCEIRA;A.TEC-III;ASS.TEC.CONTABILIDAD; 30:00;01/09/2014;ESTATUTARIO;3375,48;;3375,48;513,93;2861,55;
SANDRO DE SOUZA PAULO;COORD. ADMINISTRAT. FINANCEIRA;GERENTE;NAO INFORMADO; 40:00;27/01/2020;CARGO COMISSION.S/VINCULO;3209,79;;3209,79;312,92;2896,87;
SANTANA RIBEIRO DUARTE;COORD. ADMINISTRAT. FINANCEIRA;AUX.O-I;; 30:00;14/05/1986;ESTATUTARIO;3995,43;;3995,43;497,04;3498,39;
SARIE SAMMY TEIXEIRA BRASIL;COORD. ADMINISTRAT. FINANCEIRA;ASSISTENTE TECNICO I;; 30:00;01/03/1988;ESTATUTARIO;3796,21;;3796,21;608,43;3187,78;
SERGIO RICARDO MONTEIRO DE ALMEIDA;COORD. ADMINISTRAT. FINANCEIRA;MEMBRO DE CONSELHO;; 20:00;25/08/2022;CONSELHO;450,00;;450,00;;450,00;
SERGIO VIEIRA CARDOSO;COORD. ADMINISTRAT. FINANCEIRA;CHEFE DE DEPARTAMENTO;CH.DPTO. AD-1; 40:00;01/01/2011;CARGO COMISSION.S/VINCULO;5229,77;657,48;4572,29;793,00;3779,29;
SHARLES SILVA DA COSTA;COORD. ADMINISTRAT. FINANCEIRA;A.TEC-II;GERENTE; 30:00;15/07/1996;ESTATUTARIO;4835,46;;4835,46;665,09;4170,37;
SHIRLEY MONTEIRO DE LIMA;COORD. ADMINISTRAT. FINANCEIRA;GERENTE;GERENTE; 40:00;17/08/2020;CARGO COMISSION.S/VINCULO;2213,79;;2213,79;178,06;2035,73;
SIDNEY CASTRO MEDINO;COORD. ADMINISTRAT. FINANCEIRA;AUX.O-III;AUX. OPER. CENOTECN; 30:00;13/03/2013;ESTATUTARIO;3461,81;;3461,81;360,95;3100,86;
SILVIA ANGELINA LIMA DOS SANTOS;COORD. ADMINISTRAT. FINANCEIRA;AUX.BIBLI-III;; 30:00;13/03/2013;ESTATUTARIO;3094,45;;3094,45;345,20;2749,25;
SILVIO DA SILVA PINTO JUNIOR;COORD. ADMINISTRAT. FINANCEIRA;ASSISTENTE TECNICO I;; 30:00;18/05/1990;ESTATUTARIO;3992,01;;3992,01;546,22;3445,79;
SOLANGE ACORDI MAKAREM;COORD. ADMINISTRAT. FINANCEIRA;GERENTE;GERENTE AD-2; 40:00;01/05/2013;CARGO COMISSION.S/VINCULO;2609,79;;2609,79;213,70;2396,09;
SOLANGE RAMOS DA SILVA;COORD. ADMINISTRAT. FINANCEIRA;AUX.O-III;AUX. OP. COSTUREIRA; 30:00;13/03/2013;ESTATUTARIO;2198,89;;2198,89;307,84;1891,05;
STHEFANY RODRIGUES DA SILVA;COORD. ADMINISTRAT. FINANCEIRA;GERENTE;GERENTE; 40:00;01/03/2022;CARGO COMISSION.S/VINCULO;1699,79;;1699,79;131,80;1567,99;
SUELEN DA SILVA ALEXANDRE;COORD. ADMINISTRAT. FINANCEIRA;AUX.BIBLI-III;AUX. BIBLIOTECA; 30:00;13/03/2013;ESTATUTARIO;2320,84;;2320,84;324,92;1995,92;
SUELLEN RODRIGUES DE SOUZA;COORD. ADMINISTRAT. FINANCEIRA;SUBGERENTE;SUBGERENTE; 40:00;01/04/2022;CARGO COMISSION.S/VINCULO;1893,80;;1893,80;149,26;1744,54;
SUZY PEIXOTO OSAQUI;COORD. ADMINISTRAT. FINANCEIRA;TEC.DE NIVEL SUPERIOR 2A CLASSE;; 30:00;21/09/1987;ESTATUTARIO;5778,50;;5778,50;1236,69;4541,81;
TAMIRIS DA SILVA LIMA;COORD. ADMINISTRAT. FINANCEIRA;GERENTE;NAO INFORMADO; 40:00;01/03/2021;CARGO COMISSION.S/VINCULO;3209,79;;3209,79;312,92;2896,87;
TANIA MARIA BARROSO DA SILVA;COORD. ADMINISTRAT. FINANCEIRA;GERENTE;GERENTE AD 2; 40:00;01/06/2013;CARGO COMISSION.S/VINCULO;4279,72;;4279,72;593,77;3685,95;
TATIANA DE LIMA PEDROSA SANTOS;COORD. ADMINISTRAT. FINANCEIRA;ARQ-III;ARQUEOLOGO; 30:00;13/03/2013;ESTATUTARIO;5702,96;;5702,96;1251,16;4451,80;
TATIANA MESQUITA MARQUES;COORD. ADMINISTRAT. FINANCEIRA;GERENTE;NAO INFORMADO; 40:00;15/10/2019;CARGO COMISSION.S/VINCULO;2213,79;;2213,79;178,06;2035,73;
TATIANE SARMENTO GUIMARAES;COORD. ADMINISTRAT. FINANCEIRA;SUBGERENTE;SUBGERENTE AD-3; 40:00;01/05/2013;CARGO COMISSION.S/VINCULO;3191,80;;3191,80;309,42;2882,38;
TELMA INES VEIGA DO NASCIMENTO;COORD. ADMINISTRAT. FINANCEIRA;A.TEC-I;; 30:00;12/05/1982;ESTATUTARIO;6005,62;;6005,62;1290,25;4715,37;
TEREZA LUCIANA SOARES DE SENA;COORD. ADMINISTRAT. FINANCEIRA;TNS-III;TEC. NIVEL SUPERIOR; 30:00;02/05/2013;ESTATUTARIO;5574,37;;5574,37;1202,75;4371,62;
THARCIANA CURINTIMA NOGUEIRA PENA;COORD. ADMINISTRAT. FINANCEIRA;AUX.ADM-III;; 30:00;28/08/2014;ESTATUTARIO;3461,81;;3461,81;378,06;3083,75;
THATIANA TEIXEIRA DE SOUZA COHEN;COORD. ADMINISTRAT. FINANCEIRA;GERENTE;GERENTE; 40:00;01/02/2024;CARGO COMISSION.S/VINCULO;2213,79;;2213,79;178,06;2035,73;
THAYLINE CASTRO GAMA;COORD. ADMINISTRAT. FINANCEIRA;GERENTE;; 40:00;13/05/2020;CARGO COMISSION.S/VINCULO;2213,79;;2213,79;178,06;2035,73;
THAYNA MARIANA DE OLIVEIRA SANTOS;COORD. ADMINISTRAT. FINANCEIRA;GERENTE;NAO INFORMADO; 40:00;01/03/2019;CARGO COMISSION.S/VINCULO;1548,79;;1548,79;118,21;1430,58;
THIAGO HERMIDO DA SILVA;COORD. ADMINISTRAT. FINANCEIRA;ASSESSOR I;ASSESSOR I; 40:00;01/09/2022;CARGO COMISSION.S/VINCULO;5229,77;;5229,77;941,65;4288,12;
THIAGO MAGALHAES DO COUTO;COORD. ADMINISTRAT. FINANCEIRA;ASSESSOR III;ASSESSOR III; 40:00;01/04/2022;CARGO COMISSION.S/VINCULO;2195,80;;2195,80;176,44;2019,36;
TICIANA PEREIRA DE OLIVEIRA;COORD. ADMINISTRAT. FINANCEIRA;AUXILIAR ADMINISTRATIVO;AUXILIAR ADMINISTRAT; 30:00;04/06/2009;ESTATUTARIO;2321,04;;2321,04;324,95;1996,09;
VALCIENE RIBEIRO DE FARIAS;COORD. ADMINISTRAT. FINANCEIRA;GERENTE;GERENTE AD-2; 40:00;01/01/2011;CARGO COMISSION.S/VINCULO;4209,79;;4209,79;573,49;3636,30;
VALDENIRA NASCIMENTO DE AMARAL;COORD. ADMINISTRAT. FINANCEIRA;AUX.BIBLI-III;; 30:00;01/09/2014;ESTATUTARIO;2320,84;;2320,84;324,92;1995,92;
VALERIA LIMA MACHADO;COORD. ADMINISTRAT. FINANCEIRA;BIBLI-III;BIBLIOTECARIA 3ª CL.; 30:00;29/08/2014;ESTATUTARIO;5574,37;;5574,37;1202,75;4371,62;
VANDERLECIA ORTEGA DOS SANTOS;COORD. ADMINISTRAT. FINANCEIRA;MEMBRO DE CONSELHO;; 20:00;24/08/2022;CONSELHO;450,00;;450,00;;450,00;
VANDERLEY PINHEIRO;CONSELHO ESTADUAL DE CULTURA;MEMBRO DE CONSELHO;; 20:00;14/01/2022;CONSELHO;450,00;;450,00;;450,00;
VANERSSA MOTA DIAS;COORD. ADMINISTRAT. FINANCEIRA;ASSESSOR II;ASSESSOR II; 40:00;06/02/2020;CARGO COMISSION.S/VINCULO;2213,79;;2213,79;178,06;2035,73;
VANESSA COSTA DE ARAUJO;COORD. ADMINISTRAT. FINANCEIRA;ASSESSOR II;ASSESSOR II; 40:00;01/08/2022;CARGO COMISSION.S/VINCULO;3209,79;;3209,79;312,92;2896,87;
VICTOR DANIEL COSTA DIAS;COORD. ADMINISTRAT. FINANCEIRA;A.TEC-III;ASSIST TECNICO; 30:00;13/03/2013;ESTATUTARIO;3375,48;;3375,48;513,93;2861,55;
VICTOR MARTINS DE LIRA;COORD. ADMINISTRAT. FINANCEIRA;AUX.O-III;AUX. OP. MONT. ORQ; 30:00;13/03/2013;ESTATUTARIO;2198,89;;2198,89;307,84;1891,05;
VITOR ALFAIA DA PAZ;COORD. ADMINISTRAT. FINANCEIRA;A.TEC-III;ASSIST TEC; 30:00;13/03/2013;ESTATUTARIO;4500,64;;4500,64;673,46;3827,18;
VIVIAN SALES COSTA BARBOSA;COORD. ADMINISTRAT. FINANCEIRA;A.TEC-II;; 30:00;15/07/1996;ESTATUTARIO;3655,15;;3655,15;573,36;3081,79;
WAGNER DIAS ELEUTERIO;COORD. ADMINISTRAT. FINANCEIRA;MAQUINISTA;; 30:00;01/11/1984;ESTATUTARIO;3497,38;;3497,38;548,08;2949,30;
WALDEANE REGINA DA SILVA DE QUEIROZ;COORD. ADMINISTRAT. FINANCEIRA;GERENTE;NAO INFORMADO; 40:00;08/10/2019;CARGO COMISSION.S/VINCULO;1699,79;;1699,79;131,80;1567,99;
WELLISSON BRITO BATISTA;CONSELHO ESTADUAL DE CULTURA;MEMBRO DE CONSELHO;; 20:00;14/01/2022;CONSELHO;450,00;;450,00;;450,00;
WILL DOUGLAS PEREIRA CILEIRO;COORD. ADMINISTRAT. FINANCEIRA;AUX.ADM-III;AUX ADM; 30:00;13/03/2013;ESTATUTARIO;2321,04;;2321,04;324,95;1996,09;
YASMIN PINHO WOODCOCK;COORD. ADMINISTRAT. FINANCEIRA;ASSESSOR III;ASSESSOR III; 40:00;01/03/2023;CARGO COMISSION.S/VINCULO;1412,00;;1412,00;105,90;1306,10;
ZACARIAS OLIVEIRA SOUSA;COORD. ADMINISTRAT. FINANCEIRA;AUX.O-III;AUX. OPER. CENOTECN; 30:00;13/03/2013;ESTATUTARIO;2198,89;;2198,89;307,84;1891,05;
