NOME;LOTACAO;CARGO;FUNCAO;CARGA HR SEM;DT DE ADMISSAO;VINCULO;REMUNERACAO LEGAL TOTAL(R$);DESC.TETO(R$); REMUNERACAO LEGAL DEVIDA(R$);DESCONTOS LEGAIS(R$);LIQUIDO DISPONIVEL(R$);
ADMIRSON MAFRA NETO;GERENCIA DE MAT.E PATRIMONIO;ASSESSOR III;ASSESSOR III; 40:00;17/05/2023;CARGO COMISSION.S/VINCULO;3191,80;;3191,80;309,42;2882,38;
AIRTON JOSE SCHNEIDER;SEC.EXEC.ADJ.POL.AGRIC.PEC.FLO;ENGENHEIRO AGRONOMO;SECRETARIO EXECUTIVO; 40:00;21/01/2019;ESTATUTARIO;14948,18;;14948,18;3857,71;11090,47;
ALAN SABOIA DINIZ DE CARVALHO;SEC.EXEC.ADJ.POL.AGRIC.PEC.FLO;GERENTE;NAO INFORMADO; 40:00;08/07/2021;CARGO COMISSION.S/VINCULO;4209,79;;4209,79;573,49;3636,30;
ALESSANDRO COHEN MELO;SEC.EXEC.ADJ.PESCA E AQUICULT.;SECRETARIO EXECUTIVO ADJUNTO;SECRETARIO EXECUTIVO; 40:00;11/04/2023;CARGO COMISSION.S/VINCULO;9000,00;;9000,00;2237,92;6762,08;
ALEX PENHA DO AMARAL;ASSESSORIA JURIDICA;A.TEC-III;ASSISTENTE TECNICO; 40:00;15/05/2012;ESTATUTARIO;3990,13;;3990,13;690,98;3299,15;
ALEXANDRE CHAVES MAIA;SECRETARIA EXECUTIVA;ASSESSOR I;ASSESSOR I; 40:00;11/10/2023;CARGO COMISSION.S/VINCULO;5229,77;;5229,77;941,65;4288,12;
ALEXANDRE HENRIQUE FREITAS ARAUJO;GABINETE DO SECRETARIO;ENGENHEIRO AGRONOMO;SEC EXECUTIVO; 30:00;10/08/1988;ESTATUTARIO;9990,41;;9990,41;2462,25;7528,16;
ALMERIO AUGUSTO C A C E COSTA;GABINETE DO SECRETARIO;ASSESSOR II;ASSESSOR II; 40:00;01/06/2023;CARGO COMISSION.S/VINCULO;4209,79;;4209,79;573,49;3636,30;
ANA CRISTINA LEITE MENEZES;SEC.EXEC.ADJ.PESCA AQUICULTURA;ENG-III;ENGENHEIRO III CLAS; 40:00;15/05/2012;ESTATUTARIO;8423,60;;8423,60;2223,35;6200,25;
ANDRE DA SILVA GOUVEA;PAUINI;AG.AGRO-III;; 40:00;23/09/2013;ESTATUTARIO;6873,53;;6873,53;1414,58;5458,95;
ANDREA ARAUJO DE OLIVEIRA LIBERATO;SEC.EXEC.ADJ.DO PLANEJ.COORDEN;ASSESSOR I;ASSESSOR I; 40:00;21/09/2023;DISP. OUTROS ESFERAS;5229,77;;5229,77;386,87;4842,90;
ANDRESSA RAFAELA LOPES LEITE;GERENCIA DE PROJ.EST.SETORIAIS;GERENTE;GERENTE; 40:00;09/02/2023;CARGO COMISSION.S/VINCULO;5613,05;;5613,05;1085,95;4527,10;
ANTONIA ROBERTA SANTANA;GERENCIA DE ORCAM.E FINANCAS;A.TEC-I;F. GRATIFICADA, FG-3; 30:00;25/03/1986;ESTATUTARIO;5676,56;;5676,56;1170,47;4506,09;
ANTONIO CLAUDIO SILVA DE MENEZES;GABINETE DO SECRETARIO;ASSESSOR I;; 40:00;21/01/2020;CARGO COMISSION.S/VINCULO;2179,07;;2179,07;;2179,07;
ARTHEMIO COELHO DOS REIS;ITAPIRANGA;ASSESSOR I;NAO INFORMADO; 40:00;16/11/2020;CARGO COMISSION.S/VINCULO;5229,77;;5229,77;941,65;4288,12;
ASCLE FEITOSA MORAES;GABINETE DO SECRETARIO;ASSESSOR IV;ASSESSOR IV; 40:00;21/09/2023;CARGO COMISSION.S/VINCULO;2575,61;;2575,61;210,62;2364,99;
AUREO NAPOLEAO MAIA;COM.EXEC.PERM.DEF.SAN.ANIM.VEG;A.TEC-III;; 30:00;01/02/1981;ESTATUTARIO;4052,52;;4052,52;708,69;3343,83;
BISMARCK PEREIRA LOBO;GABINETE DO SECRETARIO;GERENTE;GERENTE; 40:00;21/09/2023;CARGO COMISSION.S/VINCULO;2609,79;;2609,79;213,70;2396,09;
BRUNO DE SOUZA CAVALCANTE;ASSESSORIA JURIDICA;ASSESSOR I;; 40:00;01/03/2019;CARGO COMISSION.S/VINCULO;6973,03;;6973,03;1597,99;5375,04;
CAMILA RIBEIRO DOS REIS;GABINETE DO SECRETARIO;ASSESSOR II;ASSESSOR II; 40:00;01/02/2023;CARGO COMISSION.S/VINCULO;5613,05;;5613,05;1085,95;4527,10;
CARLOS ALBERTO RAMALHO DA SILVA;CAREIRO DA VARZEA;M.FLU-III;; 40:00;23/09/2013;ESTATUTARIO;3100,22;;3100,22;364,03;2736,19;
CATIA REGINA DE CARVALHO TAVARES;GERENCIA DE SERVICOS GERAIS;ASSESSOR II;ASSESSOR II; 40:00;21/09/2023;CARGO COMISSION.S/VINCULO;4209,79;;4209,79;540,10;3669,69;
CHALI FERREIRA DE SOUZA;GERENCIA DE MATER.E PATRIMONIO;ASSESSOR IV;ASSESSOR IV; 40:00;17/05/2023;CARGO COMISSION.S/VINCULO;2575,61;;2575,61;210,62;2364,99;
CHRIS ROCHA DOS ANJOS;ITACOATIARA;ENG-III;ENGENHEIRO III CLASS; 40:00;15/05/2012;ESTATUTARIO;9223,60;;9223,60;2339,07;6884,53;
CINELANDIA DE OLIVEIRA VILACORTE;GERENCIA DE SERVICOS GERAIS;AUX.S.G-III;AUX. SERVICOS GERAIS; 40:00;13/02/2014;ESTATUTARIO;2600,22;;2600,22;364,03;2236,19;
DANIEL ALMEIDA SOARES;ASSESSORIA DE COMUNICACAO;A.TEC-III;ASSISTENTE TECNICO; 40:00;15/05/2012;ESTATUTARIO;3990,13;;3990,13;690,98;3299,15;
DANIEL PINTO BORGES;GABINETE DO SECRETARIO;T.AG-III;SECRETARIO DE ESTADO; 40:00;16/08/2023;ESTATUTARIO;28060,00;;28060,00;6665,18;21394,82;
DANIELE SOUZA RODRIGUES;SEC.EXEC.ADJ.POL.AGRIC.PEC.FLO;ASSESSOR I;NAO INFORMADO; 40:00;22/07/2020;CARGO COMISSION.S/VINCULO;5229,77;;5229,77;941,65;4288,12;
DANTE MAIA DE ALMEIDA;SEC.EXEC.ADJ.PLANEJ.E COORDEN.;GERENTE;GERENTE; 40:00;01/06/2023;CARGO COMISSION.S/VINCULO;3209,79;;3209,79;312,92;2896,87;
DAVI NABUYON PEDROZA;SEC.EXEC.ADJ.DE ADM.E FINANCAS;ASSESSOR II;ASSESSOR II; 40:00;05/09/2023;CARGO COMISSION.S/VINCULO;4209,79;;4209,79;573,49;3636,30;
DELANO GOMES DA SILVA;GABINETE DO SECRETARIO;AUX.AGR-III;; 40:00;04/11/2021;ESTATUTARIO;2713,28;;2713,28;379,86;2333,42;
DENIS ALVES MENDONCA;DEPTO.DE ADMINIST.E FINANCAS;MOT-III;MOTORISTA III; 40:00;29/01/2013;ESTATUTARIO;2600,22;;2600,22;364,03;2236,19;
DEYVID LOPES COSTA;SEC.EXEC.ADJ.POL.AGRIC.PEC.FLO;CAD-III;ASSESSOR I; 40:00;23/09/2013;ESTATUTARIO;6330,04;;6330,04;909,57;5420,47;
DIANA DA SILVA RIBEIRO;GABINETE DO SECRETARIO;ASSESSOR II;ASSESSOR II; 40:00;01/05/2022;CARGO COMISSION.S/VINCULO;3209,79;;3209,79;312,92;2896,87;
DIEGO DA SILVA ALVES;GABINETE DO SECRETARIO;ASSESSOR II;ASSESSOR II; 40:00;10/02/2022;CARGO COMISSION.S/VINCULO;4209,79;;4209,79;573,49;3636,30;
DIEGO DAVIS LOPES PINHEIRO;GABINETE DO SECRETARIO;ASSESSOR II;ASSESSOR II; 40:00;01/06/2022;CARGO COMISSION.S/VINCULO;4209,79;;4209,79;573,49;3636,30;
EDUARDO RIZZO GUIMARAES;SEC.EXEC.ADJ.POL.AGRIC.PEC.FLO;ENG-III;; 40:00;06/11/2013;ESTATUTARIO;11231,47;;11231,47;3047,65;8183,82;
ELINE TRINDADE DA SILVA;SEC.EXEC.ADJ.PESCA E AQUICULT.;ASSESSOR I;ASSESSOR I; 40:00;03/10/2022;CARGO COMISSION.S/VINCULO;5229,77;;5229,77;898,28;4331,49;
EMANUELE SOUZA RIBEIRO;ASSESSORIA TECNICA;A.TEC-III;ASSESSOR I; 40:00;15/05/2012;ESTATUTARIO;6330,04;;6330,04;1248,06;5081,98;
ERINILSON SOUZA DE VASCONCELOS;SEC.EXEC.ADJ.DE ADM.E FINANCAS;AUX.S.G-III;AUX.SERV.GERAIS; 40:00;15/05/2012;ESTATUTARIO;2600,22;;2600,22;364,03;2236,19;
EVANDRO O DONELL REBELO DE A JUNIOR;DEPTO.APOIO A ORG.COMUNITARIA;ASSESSOR II;NAO INFORMADO; 40:00;21/10/2019;CARGO COMISSION.S/VINCULO;4209,79;;4209,79;573,49;3636,30;
EVANILSON ANTONIO FREITAS CORDEIRO;GABINETE DO SECRETARIO;ASSESSOR II;NAO INFORMADO; 40:00;30/03/2020;CARGO COMISSION.S/VINCULO;4209,79;;4209,79;573,49;3636,30;
FABIO GADELHA CARDOSO;GABINETE DO SECRETARIO;ASSESSOR I;ASSESSOR I; 40:00;01/03/2023;CARGO COMISSION.S/VINCULO;6973,03;;6973,03;1597,99;5375,04;
FERNANDA SANTOS DE OLIVEIRA;GABINETE DO SECRETARIO;ASSESSOR II;ASSESSOR II; 40:00;01/01/2022;CARGO COMISSION.S/VINCULO;4209,79;;4209,79;573,49;3636,30;
FRANCISCO EDICELMO PEREIRA PESSOA;HUMAITA;M.FLU-III;MOTORISTA FLUVIAL; 40:00;15/05/2012;ESTATUTARIO;3100,22;;3100,22;364,03;2736,19;
FRANCISCO ELSON LIMA GRIJO;GERENCIA DE SERVICOS GERAIS;ASSESSOR III;NAO INFORMADO; 40:00;01/07/2020;CARGO COMISSION.S/VINCULO;2195,80;;2195,80;176,44;2019,36;
FREDSON CRUZ LIMA;COARI;AUX.AGR-III;; 40:00;24/03/2014;ESTATUTARIO;3213,28;;3213,28;394,49;2818,79;
GABRIEL MAR DA SILVA;ASSESSORIA JURIDICA;ASSESSOR I;; 40:00;02/05/2019;CARGO COMISSION.S/VINCULO;5229,77;;5229,77;941,65;4288,12;
GEOVANI GONCALVES BROZZO;GERENCIA DE SERVICOS GERAIS;A.TEC-III;; 30:00;15/07/1996;ESTATUTARIO;4136,04;;4136,04;712,87;3423,17;
GILMARA ELEOTERIO DA SILVA;GABINETE DO SECRETARIO;ASSESSOR IV;NAO INFORMADO; 40:00;30/01/2020;CARGO COMISSION.S/VINCULO;2575,61;;2575,61;210,62;2364,99;
GILSON DA SILVA PEREIRA;DEPTO.DE ADMINIST.E FINANCAS;MOT-III;MOTORISTA; 40:00;15/05/2012;ESTATUTARIO;2600,22;;2600,22;364,03;2236,19;
GINA CARLA SARKIS ROMEIRO;ASSESSORIA JURIDICA;ASSESSOR I;NAO INFORMADO; 40:00;14/09/2020;CARGO COMISSION.S/VINCULO;5229,77;;5229,77;941,65;4288,12;
GREYCEMAR SAMPAIO RABELO;SECRETARIA EXECUTIVA;ASSESSOR II;ASSESSOR II; 40:00;06/06/2022;CARGO COMISSION.S/VINCULO;4209,79;;4209,79;568,54;3641,25;
GUILHERME PEDROSA DE OLIVEIRA;PARINTINS;M.FLU-III;MOTORISTA FLUVIAL; 40:00;15/05/2012;ESTATUTARIO;3100,22;;3100,22;364,03;2736,19;
HUDSON SANTOS DA SILVA;SEC.EXEC.ADJ.POL.AGRIC.PEC.FLO;A.TEC-III;; 40:00;23/09/2013;ESTATUTARIO;5514,72;;5514,72;925,66;4589,06;
IVANO FREITAS CORDEIRO;ASSESSORIA TECNICA;TEC.DE NIVEL SUPERIOR 2A CLASSE;TEC NIVEL SUP; 30:00;23/02/2001;ESTATUTARIO;7112,71;;7112,71;1781,94;5330,77;
IVO DA ROCHA CALADO;DEPTO.DE PESCA E AQUICULTURA;TECNICO;; 30:00;16/04/1979;ESTATUTARIO;7250,34;;7250,34;1829,62;5420,72;
JAIR DA SILVA FEITOZA;DEPTO.PLAN.PROJ.CAP.TECNOLOGIC;TNS-III;TEC NIVEL SUPERIOR; 40:00;02/01/2015;ESTATUTARIO;7204,38;;7204,38;1816,45;5387,93;
JANAINA RAYSSA FERREIRA NASCIMENTO;GABINETE DO SECRETARIO;ASSESSOR III;ASSESSOR III; 40:00;21/09/2023;CARGO COMISSION.S/VINCULO;3191,80;;3191,80;309,42;2882,38;
JANICE FERNANDES CARVALHO;SEC.EXEC.ADJ.POL.AGRIC.PEC.FLO;CAD-III;; 30:00;02/05/1986;ESTATUTARIO;4568,69;;4568,69;799,18;3769,51;
JAYNA DO SOCORRO GUARLLOTI DA CRUZ;ENVIRA;ASSESSOR III;NAO INFORMADO; 40:00;01/07/2020;CARGO COMISSION.S/VINCULO;3191,80;;3191,80;309,42;2882,38;
JERSEY TEIXEIRA PESSOA;SEC.EXEC.ADJ.POL.AGRIC.PEC.FLO;ENG-III;ENG. ELETRICISTA; 40:00;15/05/2012;ESTATUTARIO;8312,76;;8312,76;2181,62;6131,14;
JOAO ALFREDO RAMOS BRAGA;ITACOATIARA;AUX.S.G-III;AUX.DE SERV. GERAIS; 40:00;15/05/2012;ESTATUTARIO;3100,22;;3100,22;384,75;2715,47;
JOAO BOSCO CORREA RUBIM;SEC.EXEC.ADJ.POL.AGRIC.PEC.FLO;GERENTE;GERENTE; 40:00;01/06/2023;CARGO COMISSION.S/VINCULO;4209,79;;4209,79;573,49;3636,30;
JOILCE SOCORRO NASCIMENTO TAVARES;DEPTO.DE ADMINIST.E FINANCAS;ASSESSOR I;NAO INFORMADO; 40:00;01/10/2021;CARGO COMISSION.S/VINCULO;5229,77;;5229,77;941,65;4288,12;
JORGE ALBERTO VASCONCELOS JUNIOR;DEPTO.APOIO A ORG.COMUNITARIA;TECNICO EM AGROPECUARIA;; 40:00;01/08/1991;ESTATUTARIO;4754,26;;4754,26;922,78;3831,48;
JOSE DE JESUS NUNES PEREIRA;GABINETE DO SECRETARIO;ASSESSOR II;NAO INFORMADO; 40:00;01/03/2019;CARGO COMISSION.S/VINCULO;4209,79;;4209,79;573,49;3636,30;
JOSE EVERARDO TORRES PORTUGUAL;DEPTO.DE PESCA E AQUICULTURA;GERENTE;GERENTE; 40:00;01/06/2023;CARGO COMISSION.S/VINCULO;4209,79;;4209,79;573,49;3636,30;
JOSE FERNANDES VIANA;IRANDUBA;MOTORISTA DE AUTOS;; 30:00;12/03/1985;ESTATUTARIO;3203,80;;3203,80;477,02;2726,78;
JOSE MARIO BARACHO DE FRANCA;ESTACAO DE BALBINA-M.AMAZONAS;ENG-III;GERENTE AD-2; 30:00;01/01/1992;ESTATUTARIO;10745,02;;10745,02;3222,03;7522,99;
JOSE MARTINS DE SOUZA JUNIOR;SEC.EXEC.ADJ.POL.AGRIC.PEC.FLO;GERENTE;NAO INFORMADO; 40:00;01/08/2020;CARGO COMISSION.S/VINCULO;4209,79;;4209,79;573,49;3636,30;
JOSE MATIAS JUNIOR;GER.DE APOIO A AGRIC.FAMILIAR;ENG-III;ENGº AGRONOMO; 40:00;29/01/2013;ESTATUTARIO;8312,76;;8312,76;2181,62;6131,14;
JOYCIMARA ALVES DOS SANTOS R AMARAL;GERENCIA DE SERVICOS GERAIS;AUX.S.G-III;AUX SERV GERAIS; 40:00;29/01/2013;ESTATUTARIO;2600,22;;2600,22;364,03;2236,19;
KAMILA SUE MENDES DE MENEZES;DEPTO.DE ADMINIST.E FINANCAS;ASSESSOR II;ASSESSOR II; 40:00;01/06/2023;CARGO COMISSION.S/VINCULO;4209,79;;4209,79;573,49;3636,30;
KATIA MARIA SOARES DA ROCHA;SEC.EXEC.ADJ.DE ADM.E FINANCAS;CHEFE DE DEPARTAMENTO;CHEFE DE DEPARTAMENT; 40:00;01/09/2023;CARGO COMISSION.S/VINCULO;5229,77;;5229,77;941,65;4288,12;
LAIANA MARTINS LIMA PINHEIRO;SEC.EXEC.ADJ.POL.AGRIC.PEC.FLO;TNS-III;T.N.S. ARQUITETO; 40:00;15/05/2012;ESTATUTARIO;6650,20;;6650,20;1607,80;5042,40;
LARISSA AROUCK MONTEIRO FRANCA;SECRETARIA EXECUTIVA;T.AG-III;SECRETARIO EXECUTIVO; 40:00;21/08/2023;ESTATUTARIO;11700,00;;11700,00;2166,18;9533,82;
LEONCIO NEVES ROLIM;ESTACAO DE BALBINA-M.AMAZONAS;AUXILIAR DE SERVICOS GERAIS;; 30:00;01/01/1992;ESTATUTARIO;3196,03;;3196,03;405,34;2790,69;
LILIAN QUEIROZ RODRIGUES;SEC.EXEC.ADJ.DE ADM.E FINANCAS;AGENTE ADM.-AGA-T.S.N.A.-E;ASSESSOR II; 30:00;19/10/2023;ESTATUTARIO;4965,53;;4965,53;622,19;4343,34;
LINDON JONHSON ALMEIDA DA SILVA;IRANDUBA;OPERADOR GRAFICO;; 30:00;01/03/1999;ESTATUTARIO;4038,28;;4038,28;634,94;3403,34;
LUCELISY SILVA BORGES;ASSESSORIA TECNICA;TNS-III;SUPERVISOR REGIONAL; 30:00;01/03/1999;ESTATUTARIO;8218,38;;8218,38;2093,94;6124,44;
LUCILENE DOS SANTOS NUNES;GERENCIA DE RECURSOS HUMANOS;PROFESSOR PF20.ESP-III;ASSESSOR I; 30:00;02/01/2019;ESTATUTARIO;11081,27;;11081,27;2692,79;8388,48;
LUIS OTAVIO RODRIGUES DA SILVA;GABINETE DO SECRETARIO;ASSESSOR TECNICO;NAO INFORMADO; 40:00;02/05/2019;CARGO COMISSION.S/VINCULO;7000,00;;7000,00;1608,14;5391,86;
LUIZA ELIZIA SANTOS SOUZA;GABINETE DO SECRETARIO;ASSESSOR IV;; 40:00;18/04/2023;CARGO COMISSION.S/VINCULO;2790,24;;2790,24;;2790,24;
MARCAM ZIK UCHOA;SEC.EXEC.ADJ.POL.AGRIC.PEC.FLO;GERENTE;GERENTE; 40:00;22/11/2023;CARGO COMISSION.S/VINCULO;4209,79;;4209,79;573,49;3636,30;
MARCELO VIEIRA DA GAMA;CAREIRO DA VARZEA;MED.V-III;; 40:00;13/02/2014;ESTATUTARIO;8558,58;;8558,58;2245,10;6313,48;
MARCEU MACEDO DA COSTA E SILVA;COM.EXEC.PERM.DEF.SAN.ANIM.VEG;A.TEC-III;ASSISTENTE TECNOCO; 40:00;15/05/2012;ESTATUTARIO;3990,13;;3990,13;690,98;3299,15;
MARCIO LIMA ABREU;SEC.EXEC.ADJ.POL.AGRIC.PEC.FLO;GERENTE;GERENTE; 40:00;01/06/2023;CARGO COMISSION.S/VINCULO;4209,79;;4209,79;573,49;3636,30;
MARCIO PINHEIRO SILVA;DEPTO.DE PESCA E AQUICULTURA;ENG-III;CHEFE DE DEPARTAMENT; 40:00;15/05/2012;ESTATUTARIO;7216,73;;7216,73;1788,10;5428,63;
MARCONE CHAVES DE MELO;CAREIRO;AUX.AGR-III;; 40:00;13/02/2014;ESTATUTARIO;4284,37;;4284,37;555,66;3728,71;
MARCUS JULIANO REIS BATISTA;ASSESSORIA TECNICA;CAD-III;CADISTA; 40:00;15/05/2012;ESTATUTARIO;3990,13;;3990,13;690,98;3299,15;
MARDEN WESLEY NOGUEIRA BRAGA;GABINETE DO SECRETARIO;ASSESSOR IV;; 40:00;02/10/2023;CARGO COMISSION.S/VINCULO;1359,34;;1359,34;;1359,34;
MARIA DAS DORES FERREIRA DA SILVA;GERENCIA DE SERVICOS GERAIS;AUX.S.G-III;AUX.DE SERV.GERAIS; 40:00;15/05/2012;ESTATUTARIO;2600,22;;2600,22;364,03;2236,19;
MARIA JOSE DE MELO ANDREOLA;GABINETE DO SECRETARIO;AGENTE ADMINISTRATIVO;CHEFE DE GABINETE; 40:00;21/09/2023;ESTATUTARIO;6441,33;;6441,33;917,39;5523,94;
MARIA ROSIMAR DE SOUZA ARAUJO;DEPTO.DE ADMINIST.E FINANCAS;ASSISTENTE TECNICO;; 30:00;26/03/1979;ESTATUTARIO;5297,23;;5297,23;991,65;4305,58;
MARIA ROZELANI ALVES TORRES;ASSESSORIA TECNICA;CHEFE DE DEPARTAMENTO;NAO INFORMADO; 40:00;20/10/2021;CARGO COMISSION.S/VINCULO;5229,77;;5229,77;941,65;4288,12;
MATHEUS LEANDRO DE AMORIM SOARES;GABINETE DO SECRETARIO;ASSESSOR IV;ASSESSOR IV; 40:00;14/07/2022;CARGO COMISSION.S/VINCULO;2575,61;;2575,61;210,62;2364,99;
NATALIE CHRISTINE MAGRO DE OLIVEIRA;GABINETE DO SECRETARIO;ASSESSOR I;NAO INFORMADO; 40:00;01/11/2019;CARGO COMISSION.S/VINCULO;5229,77;;5229,77;941,65;4288,12;
NAYARA NARIA SOUZA DA SILVA;ASSESSORIA DE COMUNICACAO;ASSESSOR IV;ASSESSOR IV; 40:00;01/02/2024;CARGO COMISSION.S/VINCULO;2575,61;;2575,61;210,62;2364,99;
NAYARA SANTOS CRUZ;GABINETE DO SECRETARIO;ASSESSOR II;ASSESSOR II; 40:00;01/06/2023;CARGO COMISSION.S/VINCULO;4209,79;;4209,79;573,49;3636,30;
NAYLA CHAVES SILVA;ASSESSORIA JURIDICA;ASSESSOR II;NAO INFORMADO; 40:00;02/01/2019;CARGO COMISSION.S/VINCULO;4209,79;;4209,79;573,49;3636,30;
NAZARIO TEIXEIRA DE FREITAS;DEPTO.APOIO A ORG.COMUNITARIA;MOT-III;MOTORISTA CT. D; 40:00;15/05/2012;ESTATUTARIO;2600,22;;2600,22;364,03;2236,19;
NILTON CESAR BASTOS RODRIGUES;SEC.EXEC.ADJ.PESCA E AQUICULT.;ASSESSOR III;NAO INFORMADO; 40:00;08/05/2020;CARGO COMISSION.S/VINCULO;3191,80;;3191,80;309,42;2882,38;
NISLENE MOLINA GUERREIRO E PAULA;HUMAITA;SUPERVISOR REGIONAL;NAO INFORMADO; 40:00;02/01/2019;CARGO COMISSION.S/VINCULO;5229,77;;5229,77;941,65;4288,12;
PATRICIA DA SILVA BATISTA;GERENCIA DE ORC.E FINANCAS;TECNICO EM CONTABILIDADE;; 30:00;29/03/1993;ESTATUTARIO;5496,87;;5496,87;939,74;4557,13;
PAULO HENRIQUE DE OLIVEIRA BARBOSA;GERENCIA DE ORCAM.E FINANCAS;ASSESSOR I;ASSESSOR I; 40:00;16/01/2024;CARGO COMISSION.S/VINCULO;7844,65;;7844,65;1920,20;5924,45;
PAULO ROBERTO SOUZA DE SOUZA;GERENCIA DE SERVICOS GERAIS;ASSESSOR IV;NAO INFORMADO; 40:00;06/02/2020;CARGO COMISSION.S/VINCULO;2575,61;;2575,61;210,62;2364,99;
RAIMUNDO ALVARO MACEDO JUNIOR;SEC.EXEC.ADJ.POL.AGRIC.PEC.FLO;ENG-III;; 40:00;10/04/2017;ESTATUTARIO;8312,76;;8312,76;2233,76;6079,00;
RAONI KADAFF MARTINS BARBOSA;GABINETE DO SECRETARIO;ASSESSOR IV;ASSESSOR IV; 40:00;01/02/2024;CARGO COMISSION.S/VINCULO;2575,61;;2575,61;210,62;2364,99;
REGIMARA ALVES BREVES;GABINETE DO SECRETARIO;AGENTE ADMINISTRATIVO;ASSESSOR III; 40:00;01/01/2024;ESTATUTARIO;4508,58;;4508,58;398,28;4110,30;
RENATA LEIKO ISHIDA;SEC.EXEC.ADJ.POL.AGRIC.PEC.FLO;MED.V-III;MEDICO VETERINARIO; 40:00;29/01/2013;ESTATUTARIO;8312,76;;8312,76;2181,62;6131,14;
RENATA PESSOA BEZERRA;SECRETARIA EXECUTIVA;ASSESSOR II;ASSESSOR II; 40:00;01/06/2023;CARGO COMISSION.S/VINCULO;3209,79;;3209,79;312,92;2896,87;
RENATO DOS SANTOS PIRES;SEC.EXEC.ADJ.POL.AGRIC.PEC.FLO;TNS-III;TEC.NIVEL SUPERIOR; 40:00;15/05/2012;ESTATUTARIO;6650,20;;6650,20;1607,80;5042,40;
REOBE DE OLIVEIRA PINTO;GERENCIA DE SERVICOS GERAIS;ASSESSOR III;NAO INFORMADO; 40:00;01/01/2020;CARGO COMISSION.S/VINCULO;4255,73;;4255,73;580,90;3674,83;
ROBERTA ANDRADE PEIXOTO;ASSESSORIA DE COMUNICACAO;TNS-III;; 40:00;06/11/2013;ESTATUTARIO;6650,20;;6650,20;1503,53;5146,67;
ROSANA DA SILVA AMARAL;ASSESSORIA TECNICA;ASSESSOR IV;; 40:00;01/04/2015;CARGO COMISSION.S/VINCULO;2179,61;;2179,61;174,98;2004,63;
ROSE MARY AZEVEDO DE CARVALHO;GERENCIA DE RECURSOS HUMANOS;ASSESSOR III;NAO INFORMADO; 40:00;01/07/2020;CARGO COMISSION.S/VINCULO;3191,80;;3191,80;309,42;2882,38;
RUY ARAUJO FILHO;SEC.EXEC.ADJ.POL.AGRIC.PEC.FLO;ASSESSOR III;ASSESSOR III; 40:00;02/05/2023;CARGO COMISSION.S/VINCULO;3191,80;;3191,80;309,42;2882,38;
SEBASTIAO BATALHA PINTO DE SOUZA;PRESIDENTE FIGUEIREDO;ENG-III;ENGENHEIRO III CLASS; 40:00;15/05/2012;ESTATUTARIO;9223,60;;9223,60;2495,48;6728,12;
SEBASTIAO PINHEIRO MAGALHAES;GABINETE DO SECRETARIO;ASSESSOR II;NAO INFORMADO; 40:00;01/04/2019;CARGO COMISSION.S/VINCULO;4209,79;;4209,79;573,49;3636,30;
SELMA DE PAULA DOS SANTOS;SEC.EXEC.ADJ.DE ADM.E FINANCAS;GERENTE;NAO INFORMADO; 40:00;02/01/2019;CARGO COMISSION.S/VINCULO;4209,79;;4209,79;573,49;3636,30;
SELMO ANDRADE DA COSTA;MANAQUIRI;ENG-III;ENGENHEIRO III CLASS; 40:00;15/05/2012;ESTATUTARIO;9112,76;;9112,76;2401,62;6711,14;
SHERON TORRES DE MACEDO;SEC.EXEC.ADJ.POL.AGRIC.PEC.FLO;ENG-III;ENGENHEIRO FLORESTAL; 40:00;15/05/2012;ESTATUTARIO;8423,60;;8423,60;2275,48;6148,12;
STEPHANIE MAURINE BEZERRA T MIRANDA;GABINETE DO SECRETARIO;ASSESSOR I;NAO INFORMADO; 40:00;21/01/2020;CARGO COMISSION.S/VINCULO;5229,77;;5229,77;941,65;4288,12;
TANIS GUIMARAES DE CASTRO;DEPTO.APOIO A ORG.COMUNITARIA;SUPERVISOR REGIONAL;NAO INFORMADO; 40:00;29/05/2020;CARGO COMISSION.S/VINCULO;5229,77;;5229,77;941,65;4288,12;
ULISSES EMILIANO SA FERREIRA;DEPTO.DE ADMINIST.E FINANCAS;TECNICO EM AGROPECUARIA;; 30:00;16/03/1990;ESTATUTARIO;4827,49;;4827,49;675,85;4151,64;
VALDINEY MEIRELES GUIMARAES;GERENCIA DE RECURSOS HUMANOS;ASSESSOR III;NAO INFORMADO; 40:00;01/07/2020;CARGO COMISSION.S/VINCULO;3191,80;;3191,80;309,42;2882,38;
VENIZA CASTRO REBELO DE ALMEIDA;GABINETE DO SECRETARIO;ASSESSOR I;; 40:00;13/01/2021;CARGO COMISSION.S/VINCULO;5229,77;;5229,77;941,65;4288,12;
VERONICA TAVARES DA SILVA;COM.EX.PERM.DEF.S.ANIM.CODESAV;AUX.AGR-III;; 40:00;24/03/2014;ESTATUTARIO;2713,28;;2713,28;379,86;2333,42;
WALDELIA MARA LEAL GARCIA;SEC.EXEC.ADJ.POL.AGRIC.PEC.FLO;ENG-III;CHEFE DE DEPARTAMENT; 40:00;15/05/2012;ESTATUTARIO;10834,18;;10834,18;3238,06;7596,12;
WANDERCLAU CUNHA DE OLIVEIRA;SECRETARIA EXECUTIVA;ASSESSOR III;ASSESSOR III; 40:00;01/06/2023;CARGO COMISSION.S/VINCULO;3191,80;;3191,80;309,42;2882,38;
WENCESLAU ABTIBOL FILHO;GERENCIA DE PROCESSAM.DE DADOS;GERENTE;; 40:00;13/03/2017;CARGO COMISSION.S/VINCULO;4209,79;;4209,79;573,49;3636,30;
