NOME;LOTACAO;CARGO;FUNCAO;CARGA HR SEM;DT DE ADMISSAO;VINCULO;REMUNERACAO LEGAL TOTAL(R$);DESC.TETO(R$); REMUNERACAO LEGAL DEVIDA(R$);DESCONTOS LEGAIS(R$);LIQUIDO DISPONIVEL(R$);
ACUCENA MOTA REBOUCAS LEITE;COMANDO GERAL;ASSESSOR II;ASSESSOR II; 30:00;01/04/2022;CARGO COMISSION.S/VINCULO;3829,79;;3829,79;401,12;3428,67;
ADRIANA BARROS CORDEIRO DA CUNHA;COMANDO GERAL;ASSESSOR I;; 40:00;01/11/2013;CARGO COMISSION.S/VINCULO;5849,77;;5849,77;1019,25;4830,52;
AFFONSO HENRIQUE CHAVES DE SOUZA;COMANDO GERAL;ASSESSOR II;NAO INFORMADO; 30:00;01/11/2021;CARGO COMISSION.S/VINCULO;4829,79;;4829,79;676,85;4152,94;
ALDERVAN BRAGA FERREIRA;COMANDO GERAL;AGENTE ADMINISTRATIVO;; 30:00;01/02/1989;ESTATUTARIO;4465,53;;4465,53;350,25;4115,28;
ANA GRAZIELA MAIA DA SILVA;COMANDO GERAL;ASSESSOR II;ASSESSOR II; 30:00;01/12/2023;CARGO COMISSION.S/VINCULO;7671,63;;7671,63;676,85;6994,78;
ANA LUCIA DE SOUZA MARTINS;COMANDO GERAL;A.TEC-I;; 30:00;01/04/1985;ESTATUTARIO;5555,43;;5555,43;465,32;5090,11;
AROLDO DA SILVA RIBEIRO;COMANDO GERAL;ASSESSOR I;ASSESSOR I; 30:00;20/06/2022;CARGO COMISSION.S/VINCULO;4849,77;;4849,77;682,65;4167,12;
BARBARA CRISTINA SOUZA DA SILVA;COMANDO GERAL;ASSESSOR IV;; 30:00;01/08/2023;CARGO COMISSION.S/VINCULO;3087,40;;3087,40;2275,85;811,55;
BARBARA CRISTINA SOUZA DA SILVA;COMANDO GERAL;ASSESSOR I;ASSESSOR I; 30:00;23/12/2023;CARGO COMISSION.S/VINCULO;7409,70;;7409,70;1557,47;5852,23;
BRENA BRITO DE FREITAS;COMANDO GERAL;ASSESSOR IV;NAO INFORMADO; 30:00;02/01/2019;CARGO COMISSION.S/VINCULO;4854,15;;4854,15;683,91;4170,24;
CARLA LILIANE COSTA DA S ARAUJO;COMANDO GERAL;ASSESSOR I;ASSESSOR I; 30:00;01/12/2023;CARGO COMISSION.S/VINCULO;5849,77;;5849,77;1019,25;4830,52;
CARLOS AUGUSTO OLIVEIRA DE ARAUJO;COMANDO GERAL;A.TEC-I;; 30:00;01/08/1980;ESTATUTARIO;2688,48;;2688,48;122,99;2565,49;
CECILIA CANDIDA COSTA;COMANDO GERAL;AUXILIAR DE SERV GERAIS 3A CLASSE;; 30:00;05/04/1983;ESTATUTARIO;3112,04;;3112,04;165,70;2946,34;
CLARA REGINA CHAVES DE SOUZA;COMANDO GERAL;ASSESSOR II;NAO INFORMADO; 30:00;27/05/2019;CARGO COMISSION.S/VINCULO;4829,79;;4829,79;676,85;4152,94;
CLAUDIA MARIA SAMPAIO TEIXEIRA;COMANDO GERAL;ASSESSOR I;; 40:00;01/11/2013;CARGO COMISSION.S/VINCULO;4849,77;;4849,77;682,65;4167,12;
DANIEL SABOIA DOS SANTOS SOUZA;COMANDO GERAL;ASSESSOR II;ASSESSOR II; 30:00;01/02/2023;CARGO COMISSION.S/VINCULO;4829,79;;4829,79;653,36;4176,43;
DANIELE SUELLY D ARCANCHY RODRIGUES;COMANDO GERAL;A.TEC-II;ASSESSOR I; 30:00;15/07/1996;ESTATUTARIO;8378,67;;8378,67;1218,13;7160,54;
DANIELLE BILBY BORGES;COMANDO GERAL;ASSESSOR I;NAO INFORMADO; 30:00;01/11/2021;CARGO COMISSION.S/VINCULO;7593,03;;7593,03;1671,96;5921,07;
EDIMAR GODINHO DE ALMEIDA;COMANDO GERAL;ASSESSOR I;NAO INFORMADO; 30:00;01/07/2021;CARGO COMISSION.S/VINCULO;4849,77;;4849,77;682,65;4167,12;
EDIMILSON ALVES LOUZADA;COMANDO GERAL;MOTORISTA FLUVIAL CLASSE UNICA;; 30:00;08/10/1987;ESTATUTARIO;3085,81;;3085,81;162,02;2923,79;
EDUARDO MAZZONI ARAUJO;COMANDO GERAL;ASSESSOR I;NAO INFORMADO; 30:00;02/01/2019;CARGO COMISSION.S/VINCULO;5849,77;;5849,77;1019,25;4830,52;
ESDRA VICENTE DA SILVA BARBOSA;COMANDO GERAL;ASSESSOR II;NAO INFORMADO; 30:00;07/04/2021;CARGO COMISSION.S/VINCULO;4829,79;;4829,79;676,85;4152,94;
FABIANA MIRRELLY REGO BOTELHO;COMANDO GERAL;ASSESSOR II;ASSESSOR II; 30:00;01/03/2022;CARGO COMISSION.S/VINCULO;4829,79;;4829,79;676,85;4152,94;
FABIOLA PEREIRA DO LAGO ROMANO;COMANDO GERAL;ASSESSOR I;ASSESSOR I; 30:00;01/04/2022;CARGO COMISSION.S/VINCULO;5849,77;;5849,77;1019,25;4830,52;
FRANCISCA SOARES DE SOUZA;COMANDO GERAL;AUX.S.G-II;; 30:00;15/07/1996;ESTATUTARIO;3140,15;;3140,15;99,42;3040,73;
GERALDA FRANCINETE KRAMER DA ROCHA;COMANDO GERAL;A.TEC-I;; 30:00;01/10/1975;ESTATUTARIO;6521,24;;6521,24;1144,42;5376,82;
GERALDO MAGELA DE SOUZA FILHO;PM - CIVIL;ASSESSOR I;; 30:00;13/02/2017;CARGO COMISSION.S/VINCULO;5849,77;;5849,77;1019,25;4830,52;
GLEICE PAMELA DE JESUS SOUZA FREIRE;COMANDO GERAL;ASSESSOR II;ASSESSOR II; 30:00;01/01/2023;CARGO COMISSION.S/VINCULO;4829,79;;4829,79;676,85;4152,94;
GLEYSS DA SILVA FREIRE;COMANDO GERAL;AUX.S.G-II;; 30:00;15/07/1996;ESTATUTARIO;3536,15;;3536,15;120,13;3416,02;
HENRIQUE LAMARAO PINTO;COMANDO GERAL;ASSESSOR IV;ASSESSOR IV; 30:00;14/03/2023;CARGO COMISSION.S/VINCULO;3795,61;;3795,61;394,46;3401,15;
HIGSON DA SILVA ALVES;COMANDO GERAL;ASSESSOR I;NAO INFORMADO; 30:00;01/07/2021;CARGO COMISSION.S/VINCULO;5849,77;;5849,77;1019,25;4830,52;
HILDEBRANDO LUIZ ANTONY DE SOUZA FI;COMANDO GERAL;A.TEC-I;AUXILIAR DE GABINETE; 30:00;16/02/1979;ESTATUTARIO;5578,75;;5578,75;473,02;5105,73;
HILDO CASTRO SILVA;COMANDO GERAL;ASSESSOR I;ASSESSOR I; 30:00;01/01/2023;CARGO COMISSION.S/VINCULO;5849,77;;5849,77;1019,25;4830,52;
IARIANNE DA SILVA BARBOSA;COMANDO GERAL;ASSESSOR II;ASSESSOR II AD-2; 40:00;03/09/2014;CARGO COMISSION.S/VINCULO;4829,79;;4829,79;676,85;4152,94;
IDENILSON GUIMARAES DO NASCIMENTO;COMANDO GERAL;ASSESSOR I;ASSESSOR I; 30:00;01/06/2022;CARGO COMISSION.S/VINCULO;4849,77;;4849,77;682,65;4167,12;
ILMA DE CARVALHO ERAZO;COMANDO GERAL;ASSESSOR I;; 30:00;01/09/2016;CARGO COMISSION.S/VINCULO;4849,77;;4849,77;682,65;4167,12;
JAIME DA SILVA HOUNSELL;COMANDO GERAL;ASSESSOR I;ASSESSOR I AD1; 40:00;01/11/2013;CARGO COMISSION.S/VINCULO;4849,77;;4849,77;682,65;4167,12;
JANDIRA FERREIRA DE MORAES;COMANDO GERAL;ASSISTENTE TECNICO B;; 30:00;15/06/1975;ESTATUTARIO;3012,51;;3012,51;221,86;2790,65;
JANIELY LOYANA CORREIA DE MENEZES;COMANDO GERAL;ASSESSOR I;ASSESSOR I; 30:00;01/04/2023;CARGO COMISSION.S/VINCULO;4849,77;;4849,77;682,65;4167,12;
JANSEN RODRIGUES DE SOUZA;COMANDO GERAL;ASSESSOR I;ASSESSOR I; 30:00;01/02/2022;CARGO COMISSION.S/VINCULO;4849,77;;4849,77;682,65;4167,12;
JOAO OSMUNDO FONTINELLIS;COMANDO GERAL;ARTIFICE 2A CLASSE;; 30:00;15/01/1983;ESTATUTARIO;4108,04;;4108,04;239,31;3868,73;
JORGE ALVES DE VASCONCELOS;COMANDO GERAL;AUX.O-I;; 30:00;29/03/1990;ESTATUTARIO;3659,08;;3659,08;386,23;3272,85;
JUSSARA GONCALVES ADONIAS;COMANDO GERAL;AGENTE ADMINISTRATIVO 4A CLASSE;; 30:00;01/02/1983;ESTATUTARIO;4223,77;;4223,77;283,67;3940,10;
KAMILLA NIVEA DANTAS LIRA;COMANDO GERAL;ASSESSOR I;ASSESSOR I; 30:00;20/09/2023;CARGO COMISSION.S/VINCULO;5849,77;;5849,77;1019,25;4830,52;
KAROLINE ANDRADE DA SILVA;COMANDO GERAL;ASSESSOR IV;ASSESSOR IV; 30:00;01/02/2023;CARGO COMISSION.S/VINCULO;3795,61;;3795,61;394,46;3401,15;
KIARA ALMEIDA TAVARES;COMANDO GERAL;ASSESSOR I;ASSESSOR I; 30:00;16/10/2023;CARGO COMISSION.S/VINCULO;5849,77;;5849,77;1019,25;4830,52;
LARYSSA CARDOSO SILVA FURTADO;COMANDO GERAL;ASSESSOR IV;ASSESSOR IV; 30:00;23/12/2023;CARGO COMISSION.S/VINCULO;4807,76;;4807,76;645,66;4162,10;
LAZARO ALVES DE MAGALHAES;COMANDO GERAL;AUX.O-I;; 30:00;17/04/1978;ESTATUTARIO;3062,40;;3062,40;390,43;2671,97;
LEILA MARIA REIS DA CRUZ;COMANDO GERAL;A.TEC-I;; 30:00;06/04/1982;ESTATUTARIO;5578,79;;5578,79;473,03;5105,76;
LOURDES ROMERO DE OLIVEIRA;COMANDO GERAL;ASSISTENTE TECNICO 2A CLASSE;; 30:00;01/06/1981;ESTATUTARIO;4223,77;;4223,77;283,67;3940,10;
LOURDO GOMES DE SOUZA FILHO;COMANDO GERAL;ASSESSOR I;NAO INFORMADO; 30:00;09/11/2018;CARGO COMISSION.S/VINCULO;7593,03;;7593,03;1671,96;5921,07;
LUANA COSTA DA SILVA;COMANDO GERAL;ASSESSOR I;ASSESSOR I AD-1; 40:00;01/05/2014;CARGO COMISSION.S/VINCULO;8716,27;;8716,27;6798,68;1917,59;
LUANA MENDONCA DE SOUZA;COMANDO GERAL;ASSESSOR II;ASSESSOR II; 30:00;01/08/2022;CARGO COMISSION.S/VINCULO;4829,79;;4829,79;676,85;4152,94;
LUANNA MOURA DE OLIVEIRA;COMANDO GERAL;ASSESSOR II;ASSESSOR II; 30:00;01/01/2023;CARGO COMISSION.S/VINCULO;6233,05;;6233,05;1159,92;5073,13;
LUIZ CARLOS DOS SANTOS MATIAS;COMANDO GERAL;ASSESSOR I;; 30:00;06/06/2018;CARGO COMISSION.S/VINCULO;4849,77;;4849,77;682,65;4167,12;
LUZIELE DE OLIVEIRA CORREA;COMANDO GERAL;A.TEC-II;; 30:00;15/07/1996;ESTATUTARIO;4675,28;;4675,28;275,65;4399,63;
MAHIRA ALMEIDA DE SA;COMANDO GERAL;ASSESSOR I;ASSESSOR I; 30:00;02/01/2019;CARGO COMISSION.S/VINCULO;7593,03;;7593,03;1671,96;5921,07;
MAIRA CASTRO LOPES CARDOSO;COMANDO GERAL;ASSESSOR I;ASSESSOR I; 30:00;01/01/2022;CARGO COMISSION.S/VINCULO;7593,03;;7593,03;1671,96;5921,07;
MARCIA MARIA CAMPOS DE SOUZA;COMANDO GERAL;A.TEC-II;; 30:00;15/07/1996;ESTATUTARIO;5475,28;;5475,28;438,87;5036,41;
MARIA AUXILIADORA DE MELO RODRIGUES;COMANDO GERAL;ASSESSOR II;ASSESSOR II; 30:00;01/04/2022;CARGO COMISSION.S/VINCULO;4829,79;;4829,79;676,85;4152,94;
MARIA CAMPELO BRAGA;COMANDO GERAL;ASSESSOR II;ASSESSOR II; 30:00;01/07/2022;CARGO COMISSION.S/VINCULO;3829,79;;3829,79;401,12;3428,67;
MARIA DE JESUS DO AMARAL VIANA;COMANDO GERAL;AUX.S.G-II;; 30:00;15/07/1996;ESTATUTARIO;3140,15;;3140,15;99,42;3040,73;
MARIA EULALIA RUFINO PAULINO CAMPOS;COMANDO GERAL;ASSESSOR II;ASSESSOR II; 30:00;01/02/2023;CARGO COMISSION.S/VINCULO;4829,79;;4829,79;676,85;4152,94;
MARIA KAROLYNE ALEGRIA PAZ;COMANDO GERAL;ASSESSOR II;ASSESSOR II; 30:00;01/01/2023;CARGO COMISSION.S/VINCULO;6233,05;;6233,05;1159,92;5073,13;
MARIA LUZANIRA VILLAROUCA GUIMARAES;COMANDO GERAL;A.TEC-I;; 30:00;02/01/1986;ESTATUTARIO;5543,83;;5543,83;461,49;5082,34;
MARINETE DA SILVA;COMANDO GERAL;A.SOC-I;; 30:00;12/01/1976;ESTATUTARIO;7617,74;;7617,74;1662,46;5955,28;
MAXIMINO FIRMINO DOS SANTOS FILHO;COMANDO GERAL;ASSISTENTE TECNICO 3A CLASSE;; 30:00;04/01/1993;ESTATUTARIO;3606,28;;3606,28;216,22;3390,06;
NAZIMARA DE ASSIS BEZERRA;COMANDO GERAL;ASSESSOR I;ASSESSOR AD-1; 40:00;01/01/2011;CARGO COMISSION.S/VINCULO;6259,69;;6259,69;1169,95;5089,74;
NELSON PEREIRA DA SILVA;COMANDO GERAL;ASSESSOR I;ASSESSOR I; 30:00;01/06/2022;CARGO COMISSION.S/VINCULO;5849,77;;5849,77;1019,25;4830,52;
NIKOLE KATARINE DOS SANTOS SOUZA;COMANDO GERAL;ASSESSOR I;NAO INFORMADO; 30:00;01/11/2020;CARGO COMISSION.S/VINCULO;5849,77;;5849,77;1019,25;4830,52;
PATRICIA ARACELI CHAVES DA SILVA;COMANDO GERAL;ASSESSOR I;NAO INFORMADO; 30:00;07/04/2021;CARGO COMISSION.S/VINCULO;4849,77;;4849,77;682,65;4167,12;
PATRICIA OLIMPIO DA SILVA;COMANDO GERAL;ASSESSOR I;ASSESSOR I; 30:00;20/09/2023;CARGO COMISSION.S/VINCULO;5849,77;;5849,77;1019,25;4830,52;
PAULA REGINA NEO DE OLIVEIRA;COMANDO GERAL;ASSESSOR I;NAO INFORMADO; 30:00;02/01/2019;CARGO COMISSION.S/VINCULO;6259,69;;6259,69;1169,95;5089,74;
PAULO SERGIO DA COSTA BEZERRA;COMANDO GERAL;A.TEC-II;; 30:00;15/07/1996;ESTATUTARIO;4261,46;;4261,46;213,58;4047,88;
PLINIO DE PAULA E SOUZA BENFICA;COMANDO GERAL;ASSESSOR I;NAO INFORMADO; 30:00;29/05/2019;CARGO COMISSION.S/VINCULO;4849,77;;4849,77;682,65;4167,12;
RAIMUNDO LIMA COUTO;COMANDO GERAL;MOTORISTA FLUVIAL CLASSE UNICA;; 30:00;01/12/1994;ESTATUTARIO;3085,81;;3085,81;162,02;2923,79;
RAIMUNDO PINHEIRO DA SILVA;COMANDO GERAL;ASSISTENTE TECNICO GOVERNAMENTAL;; 30:00;02/01/1986;ESTATUTARIO;3615,02;;3615,02;218,10;3396,92;
RODRIGO PEROTE MASCARENHAS;COMANDO GERAL;ASSESSOR IV;ASSESSOR IV; 30:00;01/02/2023;CARGO COMISSION.S/VINCULO;3795,61;;3795,61;394,46;3401,15;
SILVIA GUIMARAES DE OLIVEIRA;PM - CIVIL;ASSESSOR II;; 30:00;01/03/2017;CARGO COMISSION.S/VINCULO;4829,79;;4829,79;676,85;4152,94;
SIMONE GOMES DA SILVA;COMANDO GERAL;ASSESSOR I;; 40:00;01/11/2013;CARGO COMISSION.S/VINCULO;4849,77;;4849,77;682,65;4167,12;
TAMIRES LIMA DE SOUZA;COMANDO GERAL;ASSESSOR II;ASSESSOR II; 30:00;01/02/2023;CARGO COMISSION.S/VINCULO;4829,79;;4829,79;676,85;4152,94;
THAIS LIMA DE SOUSA;COMANDO GERAL;ASSESSOR I;ASSESSOR I; 30:00;01/02/2023;CARGO COMISSION.S/VINCULO;5849,77;;5849,77;1019,25;4830,52;
THAYNA VIEIRA CAVALCANTI;COMANDO GERAL;ASSESSOR II;ASSESSOR II; 30:00;01/02/2023;CARGO COMISSION.S/VINCULO;3829,79;;3829,79;401,12;3428,67;
THIAGO RODRIGO FERNANDES NASCIMENTO;COMANDO GERAL;ASSESSOR IV;; 30:00;06/06/2018;CARGO COMISSION.S/VINCULO;3795,61;;3795,61;394,46;3401,15;
VANESSA BENAYON DE CARVALHO SIMAO;PM - CIVIL;ASSESSOR I;; 30:00;01/05/2017;CARGO COMISSION.S/VINCULO;5849,77;;5849,77;1019,25;4830,52;
ZENY TRINDADE REBELO;COMANDO GERAL;ASSESSOR I;ASSESSOR I AD1; 40:00;01/11/2013;CARGO COMISSION.S/VINCULO;4849,77;;4849,77;682,65;4167,12;
ZILDENIR PEREIRA BRAGA DE CARVALHO;COMANDO GERAL;A.TEC-II;; 30:00;15/07/1996;ESTATUTARIO;4675,28;;4675,28;275,65;4399,63;
