NOME;LOTACAO;CARGO;FUNCAO;CARGA HR SEM;DT DE ADMISSAO;VINCULO;REMUNERACAO LEGAL TOTAL(R$);DESC.TETO(R$); REMUNERACAO LEGAL DEVIDA(R$);DESCONTOS LEGAIS(R$);LIQUIDO DISPONIVEL(R$);
AARON BENJAMIM BENCHIMOL;SUHAB SANEAMENTO;ASSESSOR II;ASSESSOR II AD 2; 40:00;08/10/2015;CARGO COMISSION.S/VINCULO;4209,79;;4209,79;573,49;3636,30;
ABELARDO JANIO FARIAS DA SILVA;DIRETORIA DE HABITACAO;ASSESSOR II;NAO INFORMADO; 40:00;01/02/2019;CARGO COMISSION.S/VINCULO;4209,79;;4209,79;573,49;3636,30;
ADALBERTO BENTES DE MENEZES;SUHAB SANEAMENTO;ASSESSOR I;; 40:00;03/04/2017;CARGO COMISSION.S/VINCULO;10229,77;;10229,77;2316,65;7913,12;
ADALBERTO MORAIS CARDOSO;DEPTO.ADMINISTRATIVO;ASSESSOR II;ASSESSOR II; 40:00;18/01/2023;CARGO COMISSION.S/VINCULO;4209,79;;4209,79;573,49;3636,30;
ADEMIR BEZERRA DE ALMEIDA;GERENCIA FCVS E SEGUROS;ASSESSOR IV;ASSESSOR IV; 40:00;01/04/2023;CARGO COMISSION.S/VINCULO;2575,61;;2575,61;210,62;2364,99;
ADRIANA SILVA TEIXEIRA;DIRETORIA DE HABITACAO;ASSISTENTE TECNICO I;; 30:00;25/04/1996;C.L.T.;3451,30;;3451,30;327,54;3123,76;
ADRIANE ELLEN BARBOSA D BRAGA;DEPTO.DE ORC.E FINANCAS;ASSESSOR I;ASSESSOR I; 40:00;01/11/2023;CARGO COMISSION.S/VINCULO;5229,77;;5229,77;386,87;4842,90;
ADRIENE SOARES NASCIMENTO;DEPARTAMENTO IMOBILIARIO;ASSESSOR IV;ASSESSOR IV; 40:00;26/10/2020;CARGO COMISSION.S/VINCULO;3175,61;;3175,61;306,26;2869,35;
ALBERTO AFONSO CAVALCANTE DE SAMPAI;DIRETORIA DE HABITACAO;TECNICO II;CHEFE DE DEPARTAMENT; 30:00;01/04/1985;ESTATUTARIO;5862,89;;5862,89;1279,18;4583,71;
ALBERTO EVILASIO DE MENEZES;GERENCIA DE RECURSOS HUMANOS;AUXILIAR DE SERVICOS GERAIS I;; 30:00;20/09/1991;ESTATUTARIO;3960,72;;3960,72;489,50;3471,22;
ALCILENE DE ALENCAR BATISTA;GERENCIA ADMINISTRATIVA;TECNICO I;; 30:00;01/03/1978;ESTATUTARIO;7014,87;;7014,87;1611,37;5403,50;
ALCIONE VIEIRA REZZUTT;GERENCIA DE INFORMACAO;ASSISTENTE ADMINISTRATIVO II;; 30:00;16/03/1987;ESTATUTARIO;4568,62;;4568,62;706,17;3862,45;
ALDENIZA VIDAL RODRIGUES;C.P.D.;ASSISTENTE TECNICO I;; 30:00;18/03/1996;C.L.T.;3451,30;;3451,30;327,54;3123,76;
ALESSANDRA CARVALHO;DEPARTAMENTO IMOBILIARIO;ASSESSOR I;NAO INFORMADO; 40:00;01/09/2020;CARGO COMISSION.S/VINCULO;5229,77;;5229,77;941,65;4288,12;
ALESSANDRA COSTA BRANDAO;DIRETORIA DE HABITACAO;ASSISTENTE TECNICO I;; 30:00;03/02/1997;C.L.T.;3482,20;;3482,20;333,29;3148,91;
ALEX PINTO MATOS;DIRETORIA ADMINISTRATIVA;ASSESSOR II;NAO INFORMADO; 40:00;01/02/2019;CARGO COMISSION.S/VINCULO;4209,79;;4209,79;573,49;3636,30;
ALINE DA SILVA FREIRE;DEPTO.ADMINISTRATIVO;ASSESSOR II;ASSESSOR II; 40:00;01/02/2023;CARGO COMISSION.S/VINCULO;4209,79;;4209,79;573,49;3636,30;
ALINE DO NASCIMENTO PAIXAO;GERENCIA ADMINISTRATIVA;ASSESSOR I;ASSESSOR I; 40:00;02/07/2023;CARGO COMISSION.S/VINCULO;5229,77;;5229,77;941,65;4288,12;
ALISON SALES CASTELO BRANCO;DIRETORIA ADMINISTRATIVA;ASSESSOR III;NAO INFORMADO; 40:00;01/02/2019;CARGO COMISSION.S/VINCULO;4255,73;;4255,73;586,81;3668,92;
ALTIVA CARDOSO;GERENCIA DE RECURSOS HUMANOS;AUXILIAR DE SERVICOS GERAIS II;; 30:00;12/06/1986;ESTATUTARIO;3795,22;;3795,22;441,48;3353,74;
ANA AMALIA MATTOS DE VASCONCELOS;GERENCIA DE RECURSOS HUMANOS;ASSISTENTE ADMINISTRATIVO I;; 30:00;03/02/1992;ESTATUTARIO;3907,72;;3907,72;620,29;3287,43;
ANA BEATRIZ OLIVEIRA DE SOUZA;DEPTO.ADMINISTRATIVO;ASSESSOR II;ASSESSOR II.; 40:00;11/10/2023;CARGO COMISSION.S/VINCULO;4209,79;;4209,79;573,49;3636,30;
ANA CLAUDIA DE SOUZA PINTO;GABINETE DA PRESIDENCIA;ASSESSOR III;; 40:00;01/07/2023;CARGO COMISSION.S/VINCULO;2748,49;;2748,49;;2748,49;
ANA LUCIA DE MENDONCA DIAS;GERENCIA DE ORCAMENTO;TECNICO II;; 30:00;01/05/1981;ESTATUTARIO;7208,79;;7208,79;1654,78;5554,01;
ANAMARIA CRISTINA LEVENTI;GABINETE DA PRESIDENCIA;ASSESSOR I;ASSESSOR I; 40:00;14/07/2022;CARGO COMISSION.S/VINCULO;5229,77;;5229,77;941,65;4288,12;
ANATOLE MARIA ARAUJO MARQUES SANTOS;GABINETE DA PRESIDENCIA;CHEFE DE GABINETE;CHEFE DE GABINETE; 40:00;12/01/2023;CARGO COMISSION.S/VINCULO;5229,77;;5229,77;941,65;4288,12;
ANDRESA LIMA PINHEIRO;DEPARTAMENTO IMOBILIARIO;ASSESSOR II;NAO INFORMADO; 40:00;01/10/2019;CARGO COMISSION.S/VINCULO;4209,79;;4209,79;573,49;3636,30;
ANDRESSA AZANCOTH DE SAO PEDRO;DEPARTAMENTO IMOBILIARIO;ASSESSOR II;ASSESSOR II; 40:00;01/01/2023;CARGO COMISSION.S/VINCULO;4209,79;;4209,79;573,49;3636,30;
ANDREY FRANK WILLIAMS SANT A ARCOS;DEPTO.ADMINISTRATIVO;ASSESSOR II;ASSESSOR II; 40:00;02/09/2022;CARGO COMISSION.S/VINCULO;4209,79;;4209,79;573,49;3636,30;
ANDREY JULIO SANTOS PINTO;DEPTO.ADMINISTRATIVO;ASSESSOR III;NAO INFORMADO; 40:00;16/04/2021;CARGO COMISSION.S/VINCULO;3191,80;;3191,80;309,42;2882,38;
ANDREZA PACHECO BANDEIRA BRITO;ASSESSORIA DE COMUNICACAO;ASSESSOR II;NAO INFORMADO; 40:00;02/01/2019;CARGO COMISSION.S/VINCULO;4209,79;;4209,79;573,49;3636,30;
ANGELA MARIA LEMOS DE ALMEIDA;DIRETORIA DE HABITACAO;ASSISTENTE TECNICO I;; 30:00;26/07/1996;C.L.T.;3476,80;;3476,80;332,29;3144,51;
ANTONIA MARIA COELHO VERAS;DIR.DE ORCAMENTO E FINANCAS;ASSISTENTE TECNICO I;; 30:00;01/05/1981;ESTATUTARIO;3278,57;;3278,57;506,66;2771,91;
ANTONIO COSTA PAES;DIRETORIA ADMINISTRATIVA;TECNICO III;; 30:00;02/05/1980;ESTATUTARIO;8149,21;;8149,21;1957,75;6191,46;
ANTONIO DELGADO CAMPOS;DEPARTAMENTO IMOBILIARIO;ASSISTENTE ADMINISTRATIVO I;; 30:00;26/06/1989;ESTATUTARIO;3920,98;;3920,98;625,03;3295,95;
ANTONIO LUIZ DA SILVA PEREIRA FILHO;GERENCIA TECNICA;AUXILIAR DE TOPOGRAFIA;; 30:00;18/09/1983;ESTATUTARIO;4329,73;;4329,73;392,21;3937,52;
ARCENIO REINA XAVIER;DEPTO.ADMINISTRATIVO;ASSESSOR II;NAO INFORMADO; 40:00;01/10/2019;CARGO COMISSION.S/VINCULO;5613,05;;5613,05;1085,95;4527,10;
ARTUR FARIAS LIMA;DEPTO.ADMINISTRATIVO;ASSESSOR II;ASSESSOR II.; 40:00;14/06/2023;CARGO COMISSION.S/VINCULO;4209,79;;4209,79;573,49;3636,30;
ARYANA GOMES DE QUEIROZ;DEPTO.ADMINISTRATIVO;ASSESSOR II;ASSESSOR II; 40:00;01/05/2023;CARGO COMISSION.S/VINCULO;4209,79;;4209,79;573,49;3636,30;
AUREA SIMONE MEDEIROS SANTANA;GERENCIA TECNICA;ASSISTENTE ADMINISTRATIVO III;; 30:00;18/07/1988;ESTATUTARIO;3929,56;;3929,56;623,89;3305,67;
BIANKA CRISTINA SILVA R PORTO;DIRETORIA DE HABITACAO;ASSESSOR II;; 40:00;07/12/2017;CARGO COMISSION.S/VINCULO;4209,79;;4209,79;540,10;3669,69;
BRUNO MIRANDA DE LIMA;DEPTO.ADMINISTRATIVO;ASSESSOR III;ASSESSOR III; 40:00;31/12/2021;CARGO COMISSION.S/VINCULO;3191,80;;3191,80;309,42;2882,38;
CAREN ARAUJO MEDEIROS BESSA;PROCURADORIA JURIDICA;ASSESSOR III;NAO INFORMADO; 40:00;04/08/2020;CARGO COMISSION.S/VINCULO;3191,80;;3191,80;309,42;2882,38;
CARLA CRISTINA DE MATOS ARAGAO;DEPTO.ADMINISTRATIVO;ASSESSOR III;NAO INFORMADO; 40:00;05/10/2020;CARGO COMISSION.S/VINCULO;3191,80;;3191,80;309,42;2882,38;
CARLOS AUGUSTO DA SILVA ARAUJO;GERENCIA DE RECURSOS HUMANOS;ASSISTENTE TECNICO I;; 30:00;19/03/1986;ESTATUTARIO;5923,87;;5923,87;1071,66;4852,21;
CARLOS FIGUEIRA RODRIGUES;DIRETORIA ADMINISTRATIVA;ASSESSOR III;NAO INFORMADO; 40:00;13/05/2019;CARGO COMISSION.S/VINCULO;3191,80;;3191,80;309,42;2882,38;
CARLOS LIMA MARTINEZ NAVARRO;DEPTO.ADMINISTRATIVO;ASSESSOR II;ASSESSOR II; 40:00;01/05/2023;CARGO COMISSION.S/VINCULO;4209,79;;4209,79;573,49;3636,30;
CARLOS PANTOJA DOS SANTOS;GERENCIA FUNDIARIA;AUXILIAR DE TOPOGRAFIA;; 30:00;19/04/1995;ESTATUTARIO;3578,21;;3578,21;217,63;3360,58;
CARLOS VENICIOS DE ASSIS SANTANA;GERENCIA ADMINISTRATIVA;ASSESSOR III;ASSESSOR III; 40:00;01/02/2024;CARGO COMISSION.S/VINCULO;3191,80;;3191,80;309,42;2882,38;
CAROLINA MAYUME DE OLIVEIRA SATO;DEPTO.ADMINISTRATIVO;ASSESSOR II;ASSESSOR II; 40:00;01/05/2023;CARGO COMISSION.S/VINCULO;4209,79;;4209,79;573,49;3636,30;
CELSO ROBERTO DA SILVA ASSANTE;GERENCIA TECNICA;DESENHISTA;; 30:00;02/08/1982;ESTATUTARIO;4840,52;;4840,52;858,03;3982,49;
CLARINDA EULALIA DA COSTA ALENCAR;C.P.D.;TECNICO I;; 30:00;01/08/1988;ESTATUTARIO;5996,91;;5996,91;1302,49;4694,42;
CLEA FEITOZA PEREIRA;DEPTO.ADMINISTRATIVO;ASSESSOR III;ASSESSOR III; 40:00;01/05/2023;CARGO COMISSION.S/VINCULO;3191,80;;3191,80;309,42;2882,38;
CLEIA VIANA GUIMARAES;DEPTO.ADMINISTRATIVO;PROFESSOR PF20.LPL-IV;ASSESSOR II; 20:00;01/02/2023;ESTATUTARIO;4030,29;;4030,29;142,62;3887,67;
COSMO CUSTODIO DA SILVA;DEPTO.ADMINISTRATIVO;ASSESSOR II;NAO INFORMADO; 40:00;02/01/2021;CARGO COMISSION.S/VINCULO;4209,79;;4209,79;573,49;3636,30;
CRISLANE MIKAELE DE ANDRADE FRANCA;GERENCIA ADMINISTRATIVA;ASSESSOR IV;; 40:00;21/01/2020;CARGO COMISSION.S/VINCULO;2575,61;;2575,61;210,62;2364,99;
CRISTIANE ARAUJO PINHEIRO;DIRETORIA TECNICA;DIRETOR TECNICO;DIRETOR TECNICO; 40:00;13/07/2022;CARGO COMISSION.S/VINCULO;9000,00;;9000,00;2237,92;6762,08;
CRISTIANE DO SOCORRO PAIVA REIS;DIRETORIA DE HABITACAO;ASSESSOR II;NAO INFORMADO; 40:00;01/02/2019;CARGO COMISSION.S/VINCULO;4209,79;;4209,79;573,49;3636,30;
DANIEL AUGUSTO MAUES CARVALHO;SUHAB SANEAMENTO;ASSESSOR I;ASSESSOR I AD-1; 40:00;08/10/2015;CARGO COMISSION.S/VINCULO;10229,77;;10229,77;2264,51;7965,26;
DANIELLE CAMPOS DE LIMA;DEPTO.ADMINISTRATIVO;ASSESSOR II;; 40:00;08/10/2015;CARGO COMISSION.S/VINCULO;4209,79;;4209,79;568,54;3641,25;
DANIELLE FRANCA SPENER;DEPARTAMENTO IMOBILIARIO;ASSESSOR II;ASSESSOR II; 40:00;02/05/2022;CARGO COMISSION.S/VINCULO;4209,79;;4209,79;573,49;3636,30;
DANIZIO ELIAS SOUZA;GERENCIA ADMINISTRATIVA;ASSESSOR II;ASSESSOR II; 40:00;01/05/2023;CARGO COMISSION.S/VINCULO;4209,79;;4209,79;573,49;3636,30;
DELMA DO REGO MACHADO;DEPTO.ADMINISTRATIVO;ASSESSOR I;ASSESSOR I; 40:00;01/04/2022;CARGO COMISSION.S/VINCULO;5229,77;;5229,77;941,65;4288,12;
DENIZE VASCONCELOS TAVARES;SUHAB SANEAMENTO;ASSESSOR II;NAO INFORMADO; 40:00;02/01/2019;CARGO COMISSION.S/VINCULO;4209,79;;4209,79;573,49;3636,30;
DENORA DA SILVA ROCHA CAUPER;DEPARTAMENTO FUNDIARIO;ASSESSOR I;ASSESSOR I; 40:00;01/03/2023;CARGO COMISSION.S/VINCULO;5229,77;;5229,77;941,65;4288,12;
DIEGO DA SILVA VASCONCELOS;DIRETORIA DE HABITACAO;ASSESSOR III;NAO INFORMADO; 40:00;01/02/2019;CARGO COMISSION.S/VINCULO;3191,80;;3191,80;309,42;2882,38;
DORIS FERNANDES SOUZA STEFANES;GABINETE DA PRESIDENCIA;ASSESSOR I;ASSESSOR I; 40:00;01/03/2023;CARGO COMISSION.S/VINCULO;5229,77;;5229,77;941,65;4288,12;
EDER JOFRE COSTA DE LIMA;DEPTO.ADMINISTRATIVO;ASSESSOR IV;ASSESSOR IV; 40:00;01/04/2022;CARGO COMISSION.S/VINCULO;3175,61;;3175,61;306,26;2869,35;
EDERVANDIA NOGUEIRA DO NASCIMENTO;GERENCIA TECNICA;ASSISTENTE ADMINISTRATIVO I;GERENTE AD-2; 30:00;01/06/1991;ESTATUTARIO;4406,53;;4406,53;696,15;3710,38;
EDILENE PINHEIRO LOPES;DEPARTAMENTO DE PROJETOS;ASSESSOR III;ASSESSOR III; 40:00;01/03/2023;CARGO COMISSION.S/VINCULO;3191,80;;3191,80;309,42;2882,38;
EDINHO CUNHA SOARES;GABINETE DA PRESIDENCIA;ASSESSOR III;ASSESSOR III; 40:00;01/12/2023;CARGO COMISSION.S/VINCULO;3191,80;;3191,80;309,42;2882,38;
EDMILSON DE SOUZA BATISTA;DIRETORIA DE HABITACAO;ASSISTENTE TECNICO II;CHEFE DE DEPARTAMENT; 30:00;01/03/1977;ESTATUTARIO;6943,90;;6943,90;1116,00;5827,90;
ELAYNNE CANUTO AREVALO MARINHO;DEPARTAMENTO DE PROJETOS;ASSESSOR II;; 40:00;26/10/2020;CARGO COMISSION.S/VINCULO;3858,97;;3858,97;168,26;3690,71;
ELDECY AMORIM;DEPTO.ADMINISTRATIVO;GERENTE;GERENTE; 40:00;10/02/2023;CARGO COMISSION.S/VINCULO;4209,79;;4209,79;573,49;3636,30;
ELENISE BARRETO RIBEIRO;DEPTO.ADMINISTRATIVO;ASSESSOR IV;NAO INFORMADO; 40:00;28/11/2019;CARGO COMISSION.S/VINCULO;2575,61;;2575,61;210,62;2364,99;
ELERES DO BOM JESUS LEAO ALVES;DIR ADMINISTRATIVA;MOTORISTA;; 30:00;26/06/1989;C.L.T.;3436,00;;3436,00;324,70;3111,30;
ELIANA CAMPOS WANDERLEY;GERENCIA DE INFORMACAO;DESENHISTA;; 30:00;01/07/1983;ESTATUTARIO;4836,07;;4836,07;856,61;3979,46;
ELIANA CHAVES ALMEIDA NEVES;DIRETORIA DE HABITACAO;ASSISTENTE ADMINISTRATIVO II;; 30:00;01/05/1981;ESTATUTARIO;3933,99;;3933,99;626,58;3307,41;
ELIANA DE BRITO PORTO;GERENCIA ADMINISTRATIVA;ASSISTENTE ADMINISTRATIVO I;; 30:00;13/09/1990;ESTATUTARIO;4388,92;;4388,92;690,72;3698,20;
ELIANE MARIA DE ARAUJO DUTRA;DEPARTAMENTO DE OBRAS;ASSESSOR II;ASSESSOR II; 40:00;01/03/2023;CARGO COMISSION.S/VINCULO;4209,79;;4209,79;573,49;3636,30;
ELIENE DE FIGUEIREDO BRANDAO;GERENCIA DE INFORMACAO;ASSISTENTE ADMINISTRATIVO I;; 30:00;27/01/1987;ESTATUTARIO;4420,50;;4420,50;700,63;3719,87;
ELIJANE MARQUES CERDEIRA BRUNO;DIRETORIA ADMINISTRATIVA;ASSESSOR III;NAO INFORMADO; 40:00;01/02/2019;CARGO COMISSION.S/VINCULO;3191,80;;3191,80;309,42;2882,38;
ELIZABETH DA COSTA SANTOS;GERENCIA DE INFORMACAO;ASSISTENTE ADMINISTRATIVO I;; 30:00;12/05/1988;ESTATUTARIO;3890,84;;3890,84;616,29;3274,55;
ELVIS RIBEIRO DE MIRANDA;GABINETE DA PRESIDENCIA;ASSESSOR II;ASSESSOR II.; 40:00;01/07/2023;CARGO COMISSION.S/VINCULO;4209,79;;4209,79;573,49;3636,30;
ERIKA BRAGA PINHEIRO;DIRETORIA ADMINISTRATIVA;ASSESSOR III;NAO INFORMADO; 40:00;04/06/2019;CARGO COMISSION.S/VINCULO;3191,80;;3191,80;309,42;2882,38;
ERIVAN PEREIRA SIQUEIRA;DEPTO.ADMINISTRATIVO;ASSESSOR II;NAO INFORMADO; 30:00;01/10/2021;CARGO COMISSION.S/VINCULO;4209,79;;4209,79;573,49;3636,30;
EULALIA NASCIMENTO PEREIRA;DEPARTAMENTO DE ARRECADACAO;ASSISTENTE TECNICO I;; 30:00;02/05/1980;ESTATUTARIO;3968,69;;3968,69;632,76;3335,93;
EVANDRO OLIVEIRA DE PAULA;GERENCIA TECNICA;TECNICO III;; 30:00;19/10/1984;ESTATUTARIO;9247,45;;9247,45;2209,05;7038,40;
FABIANA BEZERRA DE ARAUJO;GABINETE DA PRESIDENCIA;ASSESSOR II;ASSESSOR II; 40:00;14/07/2022;CARGO COMISSION.S/VINCULO;5613,05;;5613,05;1085,95;4527,10;
FABIO GOMES MENDES;DEPTO.ADMINISTRATIVO;ASSESSOR II;NAO INFORMADO; 30:00;01/11/2021;CARGO COMISSION.S/VINCULO;4209,79;;4209,79;515,78;3694,01;
FELIPE GOMES RODRIGUES DE LIMA;DIRETORIA DE HABITACAO;ASSESSOR III;NAO INFORMADO; 40:00;01/08/2018;CARGO COMISSION.S/VINCULO;4255,73;;4255,73;586,81;3668,92;
FELIPE NOGUEIRA PICANCO;DEPARTAMENTO DE ARRECADACAO;ASSESSOR IV;ASSESSOR IV; 40:00;12/04/2023;CARGO COMISSION.S/VINCULO;2575,61;;2575,61;210,62;2364,99;
FERNANDO COSTA ALVES;DIRETORIA ADMINISTRATIVA;ASSESSOR I;NAO INFORMADO; 40:00;01/03/2019;CARGO COMISSION.S/VINCULO;6973,03;;6973,03;1597,99;5375,04;
FLAVIA DALCIN MACHADO;DIR.DE ORCAMENTO E FINANCAS;ASSESSOR II;ASSESSOR II.; 40:00;01/12/2023;CARGO COMISSION.S/VINCULO;4209,79;;4209,79;573,49;3636,30;
FRANCISCA PAULA CORDEIRO MONTEIRO;DEPTO.ADMINISTRATIVO;ASSESSOR III;ASSESSOR III; 40:00;16/11/2022;CARGO COMISSION.S/VINCULO;3191,80;;3191,80;309,42;2882,38;
FRANCISCO AGILDO ALVES DE ASSIS;DEPTO.ADMINISTRATIVO;ASSESSOR II;NAO INFORMADO; 40:00;01/09/2020;CARGO COMISSION.S/VINCULO;5613,05;;5613,05;1085,95;4527,10;
FRANCISCO EUTO BARBOSA DE OLIVEIRA;GERENCIA DE RECURSOS HUMANOS;VIGIA;; 30:00;02/08/1982;ESTATUTARIO;5353,88;;5353,88;775,87;4578,01;
FRANCISCO GOMES DA SILVA;GERENCIA DE RECURSOS HUMANOS;MOTORISTA;; 30:00;02/05/1980;ESTATUTARIO;4513,27;;4513,27;593,94;3919,33;
FRANCISCO KLEBER CHAVES DA SILVA;DIRETORIA ADMINISTRATIVA;ASSESSOR I;NAO INFORMADO; 40:00;01/07/2020;CARGO COMISSION.S/VINCULO;5229,77;;5229,77;941,65;4288,12;
FRANCISCO NILO MELO DA SILVA;DIR TECNICA;AUXILIAR DE TOPOGRAFIA;; 30:00;14/10/1987;ESTATUTARIO;4086,68;;4086,68;352,79;3733,89;
FRANCISCO PAULO DA SILVA SEIXAS;DIR TECNICA;AUXILIAR DE TOPOGRAFIA;AUX. DE TOPOGRAFIA; 30:00;19/07/1989;ESTATUTARIO;3592,66;;3592,66;176,30;3416,36;
FRANCISCO SANTOS DE ASSIS;GERENCIA FUNDIARIA;AUXILIAR DE TOPOGRAFIA;; 30:00;22/05/1995;ESTATUTARIO;3576,21;;3576,21;153,44;3422,77;
FRANCISCO SEBASTIAO DE O FREITAS;GERENCIA ADMINISTRATIVA;ASSESSOR II;ASSESSOR II.; 40:00;01/07/2023;CARGO COMISSION.S/VINCULO;4209,79;;4209,79;573,49;3636,30;
FREDERICO ALBERT DA SILVA CARNEIRO;GERENCIA TECNICA;AUXILIAR DE SERVICOS GERAIS;; 30:00;29/03/1993;ESTATUTARIO;3557,62;;3557,62;242,92;3314,70;
GABRIELA SOUTO BRANCO;PROCURADORIA JURIDICA;ASSESSOR I;NAO INFORMADO; 40:00;02/01/2019;CARGO COMISSION.S/VINCULO;5229,77;;5229,77;941,65;4288,12;
GEISY LUCIO LOUREN O SILVA;PROCURADORIA JURIDICA;ASSESSOR II;NAO INFORMADO; 40:00;01/12/2020;CARGO COMISSION.S/VINCULO;4209,79;;4209,79;573,49;3636,30;
GERMANA AGUIAR DOS REIS;DIRETORIA DE HABITACAO;GERENTE;NAO INFORMADO; 40:00;02/01/2019;CARGO COMISSION.S/VINCULO;4209,79;;4209,79;573,49;3636,30;
GERSON DA SILVA GOMES;GERENCIA DE INFORMACAO;ASSESSOR IV;ASSESSOR IV; 40:00;01/03/2023;CARGO COMISSION.S/VINCULO;3175,61;;3175,61;306,26;2869,35;
GIZELE ZAIRA MELGUEIROS LOPES SILVA;GERENCIA ADMINISTRATIVA;ASSESSOR II;ASSESSOR II; 40:00;01/03/2023;CARGO COMISSION.S/VINCULO;4209,79;;4209,79;573,49;3636,30;
GLAUCIO ANT NIO MELGUEIRO DOS SANTO;PRESIDENCIA;ASSESSOR II;NAO INFORMADO; 40:00;01/02/2019;CARGO COMISSION.S/VINCULO;4209,79;;4209,79;573,49;3636,30;
GLEICIELE MATOS BEZERRA;DEPTO.ADMINISTRATIVO;ASSESSOR IV;ASSESSOR IV; 40:00;02/05/2022;CARGO COMISSION.S/VINCULO;4234,15;;4234,15;580,55;3653,60;
GRASIELY VASCONCELOS DOS S AZEVEDO;DEPARTAMENTO IMOBILIARIO;ASSESSOR II;NAO INFORMADO; 40:00;26/10/2020;CARGO COMISSION.S/VINCULO;4209,79;;4209,79;573,49;3636,30;
GUSTAVO DA COSTA SILVA;DEPTO.ADMINISTRATIVO;GERENTE;NAO INFORMADO; 30:00;16/09/2021;CARGO COMISSION.S/VINCULO;4209,79;;4209,79;573,49;3636,30;
HELEN CRISTINA GAMA DA SILVA;DEPARTAMENTO IMOBILIARIO;ASSESSOR II;NAO INFORMADO; 40:00;01/05/2020;CARGO COMISSION.S/VINCULO;5613,05;;5613,05;1085,95;4527,10;
HELONEIDA LOPES TORRES;DEPARTAMENTO IMOBILIARIO;ASSESSOR II;NAO INFORMADO; 40:00;01/09/2020;CARGO COMISSION.S/VINCULO;4209,79;;4209,79;573,49;3636,30;
HENRIQUE VIDAL ISRAEL DOS SANTOS;PROCURADORIA JURIDICA;ASSESSOR II;ASSESSOR II; 40:00;01/01/2023;CARGO COMISSION.S/VINCULO;5613,05;;5613,05;1085,95;4527,10;
HERCILIA DA SILVA ALVES;GERENCIA DE RECURSOS HUMANOS;GERENTE;NAO INFORMADO; 40:00;01/10/2020;CARGO COMISSION.S/VINCULO;4209,79;;4209,79;568,54;3641,25;
HUGO FABIO SAMPAIO TELLES DE SOUZA;SUHAB SANEAMENTO;ASSESSOR I;ASSESSOR I AD 1; 40:00;08/10/2015;CARGO COMISSION.S/VINCULO;5229,77;;5229,77;941,65;4288,12;
IRACEMA DE PAULA MAIA A FREITAS;PROCURADORIA JURIDICA;ASSESSOR I;NAO INFORMADO; 40:00;11/05/2020;CARGO COMISSION.S/VINCULO;5229,77;;5229,77;941,65;4288,12;
IRACY DE MATOS VIANA;GERENCIA DE RECURSOS HUMANOS;ASSISTENTE ADMINISTRATIVO I;; 30:00;27/10/1987;ESTATUTARIO;3906,48;;3906,48;619,93;3286,55;
ISMAEL DE MELO SILVA;DIRETORIA DE HABITACAO;ASSESSOR I;NAO INFORMADO; 40:00;25/03/2019;CARGO COMISSION.S/VINCULO;5229,77;;5229,77;941,65;4288,12;
IVO FONSECA PASSOS NETO;DEPARTAMENTO DE PROJETOS;ASSESSOR IV;ASSESSOR IV; 40:00;01/03/2023;CARGO COMISSION.S/VINCULO;3175,61;;3175,61;306,26;2869,35;
JAMESSON DA SILVA LIMA;DIRETORIA ADMINISTRATIVA;ASSESSOR IV;ASSESSOR IV; 40:00;01/02/2019;CARGO COMISSION.S/VINCULO;3175,61;;3175,61;306,26;2869,35;
JAN KLEBER FARIAS SAYD;DIRETORIA ADMINISTRATIVA;GERENTE;NAO INFORMADO; 40:00;01/09/2019;CARGO COMISSION.S/VINCULO;4209,79;;4209,79;573,49;3636,30;
JANE MARIA PIMENTEL DE FARIA;DEPTO.ADMINISTRATIVO;AGENTE ADM.-AGA-T.S.N.A.-H;ASSESSOR II; 30:00;01/05/2023;ESTATUTARIO;7971,62;;7971,62;1759,34;6212,28;
JANILCE FATIN CASTRO FERNANDES;DEPTO.ADMINISTRATIVO;GERENTE;NAO INFORMADO; 40:00;14/04/2021;CARGO COMISSION.S/VINCULO;4209,79;;4209,79;573,49;3636,30;
JAQUELINE SILVA DE ARAUJO;CONSULTORIA JURIDICA;ASSISTENTE TECNICO I;; 30:00;20/03/1996;C.L.T.;3451,30;;3451,30;327,54;3123,76;
JEBERSON CAVALCANTE DE PAULA;DEPTO.ADMINISTRATIVO;ASSESSOR II;NAO INFORMADO; 40:00;01/02/2019;CARGO COMISSION.S/VINCULO;4209,79;;4209,79;573,49;3636,30;
JEFERSON DE ARAUJO BELEM;DEPTO.ADMINISTRATIVO;ASSESSOR II;NAO INFORMADO; 40:00;01/01/2020;CARGO COMISSION.S/VINCULO;4209,79;;4209,79;573,49;3636,30;
JENIFFER AMORIM TERRA REGIS;DEPTO.ADMINISTRATIVO;ASSESSOR I;ASSESSOR I; 40:00;01/05/2023;CARGO COMISSION.S/VINCULO;5229,77;;5229,77;941,65;4288,12;
JIVAGO AFONSO DOMINGUES DE CASTRO;GABINETE DA PRESIDENCIA;DIRETOR PRESIDENTE;DIRETOR PRESIDENTE; 40:00;12/01/2023;CARGO COMISSION.S/VINCULO;16700,00;;16700,00;4355,42;12344,58;
JOAO PAULO AVELINO BRAGA;DEPTO.DE ORC.E FINANCAS;ASSESSOR III;ASSESSOR III; 40:00;01/12/2023;CARGO COMISSION.S/VINCULO;3191,80;;3191,80;309,42;2882,38;
JOARA NATHALIA CARVALHO DA SILVA;DEPTO.ADMINISTRATIVO;ASSESSOR III;ASSESSOR III; 40:00;01/07/2023;CARGO COMISSION.S/VINCULO;3191,80;;3191,80;309,42;2882,38;
JOELSON DA SILVA SANTOS;DEPTO.ADMINISTRATIVO;ASSESSOR II;NAO INFORMADO; 40:00;01/02/2019;CARGO COMISSION.S/VINCULO;4209,79;;4209,79;573,49;3636,30;
JORGETE ZANE DA COSTA;GERENCIA FUNDIARIA;ASSISTENTE TECNICO I;; 30:00;02/08/1982;ESTATUTARIO;5268,52;;5268,52;892,60;4375,92;
JOSE AUGUSTO ROCHA DOS SANTOS;DEPTO.ADMINISTRATIVO;ASSESSOR III;NAO INFORMADO; 30:00;01/09/2021;CARGO COMISSION.S/VINCULO;3191,80;;3191,80;309,42;2882,38;
JOSE AUGUSTO ROQUE DA CUNHA JUNIOR;DEPARTAMENTO DE ARRECADACAO;ASSESSOR IV;ASSESSOR IV; 40:00;16/04/2021;CARGO COMISSION.S/VINCULO;3175,61;;3175,61;306,26;2869,35;
JOSE CARLOS MEDEIROS CAVALCANTE;GERENCIA DE RECURSOS HUMANOS;A.TEC-I;; 30:00;01/02/1976;ESTATUTARIO;4593,57;;4593,57;807,82;3785,75;
JOSE DA SILVA CAMARDELLA;GERENCIA DE RECURSOS HUMANOS;MOTORISTA;; 30:00;13/02/1986;ESTATUTARIO;4125,79;;4125,79;519,37;3606,42;
JOSE ESTEVAM TORRES DE ARAUJO;DEPTO.ADMINISTRATIVO;ASSESSOR III;NAO INFORMADO; 30:00;01/10/2021;CARGO COMISSION.S/VINCULO;3191,80;;3191,80;309,42;2882,38;
JOSE HEYNAR LOPES DA SILVA;GERENCIA ADMINISTRATIVA;ASSESSOR II;NAO INFORMADO; 40:00;17/09/2019;CARGO COMISSION.S/VINCULO;4209,79;;4209,79;573,49;3636,30;
JOSE JULIO DE OLIVEIRA MIRANDA;DEPARTAMENTO DE PROJETOS;ASSESSOR II;NAO INFORMADO; 40:00;01/02/2019;CARGO COMISSION.S/VINCULO;4209,79;;4209,79;573,49;3636,30;
JOSYELLI DE SOUZA MACIEL CORDEIRO;DIRETORIA DE HABITACAO;ASSESSOR III;NAO INFORMADO; 40:00;01/02/2019;CARGO COMISSION.S/VINCULO;3191,80;;3191,80;309,42;2882,38;
JUCILENE BRITO DE LIMA;DEPARTAMENTO IMOBILIARIO;ASSISTENTE ADMINISTRATIVO I;; 30:00;24/05/1990;ESTATUTARIO;3884,90;;3884,90;614,57;3270,33;
JULIANA SOARES FAGUNDES;DEPTO.ADMINISTRATIVO;ASSESSOR IV;ASSESSOR IV; 40:00;31/12/2021;CARGO COMISSION.S/VINCULO;3175,61;;3175,61;306,26;2869,35;
JUSCELINO PRASERES DA SILVA;GERENCIA DE RECURSOS HUMANOS;MOTORISTA;; 30:00;04/02/1993;ESTATUTARIO;4124,90;;4124,90;483,63;3641,27;
KAMILA CRISTINA MUNIZ DE BRITO;GERENCIA DE RECURSOS HUMANOS;ASSESSOR II;ASSESSOR II.; 40:00;16/10/2023;CARGO COMISSION.S/VINCULO;4209,79;;4209,79;573,49;3636,30;
KAMILA GOMES NOGUEIRA;DEPTO.ADMINISTRATIVO;ASSESSOR III;NAO INFORMADO; 40:00;02/01/2019;CARGO COMISSION.S/VINCULO;3191,80;;3191,80;309,42;2882,38;
KAMILLY CRISTINA RODRIGUES MACIEL;DEPTO.ADMINISTRATIVO;ASSESSOR III;ASSESSOR III; 40:00;01/03/2023;CARGO COMISSION.S/VINCULO;3191,80;;3191,80;309,42;2882,38;
KATARINE PINHEIRO MEIRINO;GABINETE DA PRESIDENCIA;ASSESSOR IV;ASSESSOR IV; 40:00;11/12/2023;CARGO COMISSION.S/VINCULO;2575,61;;2575,61;210,62;2364,99;
KATHERINE FIGUEIRA DOS ANJOS;DEPTO.ADMINISTRATIVO;ASSESSOR II;ASSESSOR II; 40:00;11/08/2022;CARGO COMISSION.S/VINCULO;4209,79;;4209,79;573,49;3636,30;
KATIANY RODRIGUES FONSECA;DEPTO.ADMINISTRATIVO;ASSESSOR II;NAO INFORMADO; 40:00;01/09/2020;CARGO COMISSION.S/VINCULO;4209,79;;4209,79;573,49;3636,30;
KEILLA SUELY CASTELO BRANCO DE LIMA;DEPTO.ADMINISTRATIVO;ASSESSOR II;NAO INFORMADO; 40:00;01/12/2020;CARGO COMISSION.S/VINCULO;4209,79;;4209,79;573,49;3636,30;
KELLY PRISCILLA BRANDAO DE OLIVEIRA;PROCURADORIA JURIDICA;ASSESSOR I;NAO INFORMADO; 40:00;01/05/2020;CARGO COMISSION.S/VINCULO;5229,77;;5229,77;941,65;4288,12;
LEILA MARIA BEZERRA DA SILVA MENDES;DEPTO.ADMINISTRATIVO;ASSESSOR II;NAO INFORMADO; 40:00;01/09/2020;CARGO COMISSION.S/VINCULO;4209,79;;4209,79;573,49;3636,30;
LEONARDO FRANCO CARRAMANHO;PROCURADORIA JURIDICA;ASSESSOR III;ASSESSOR III; 40:00;14/07/2022;CARGO COMISSION.S/VINCULO;4255,73;;4255,73;586,81;3668,92;
LEOPOLDO TADASHI IHARA;GERENCIA TECNICA;TECNICO III;; 30:00;19/09/1980;ESTATUTARIO;8413,07;;8413,07;1982,68;6430,39;
LIGIANE FROTA BARBOSA;DEPTO.ADMINISTRATIVO;ASSESSOR IV;ASSESSOR IV; 40:00;16/10/2023;CARGO COMISSION.S/VINCULO;2575,61;;2575,61;210,62;2364,99;
LILIAN DA SILVA ALVES;GABINETE DA PRESIDENCIA;PROCURADOR CHEFE;PROCURADOR CHEFE; 40:00;14/07/2022;CARGO COMISSION.S/VINCULO;5229,77;;5229,77;941,65;4288,12;
LISNILDO GUIMARAES SOARES;DEPTO.ADMINISTRATIVO;ASSESSOR III;ASSESSOR III; 40:00;01/03/2022;CARGO COMISSION.S/VINCULO;3191,80;;3191,80;309,42;2882,38;
LUCIANA DE ARAUJO CARVALHO VIEIRA;DEPTO.ADMINISTRATIVO;ASSESSOR I;NAO INFORMADO; 40:00;16/04/2021;CARGO COMISSION.S/VINCULO;5229,77;;5229,77;941,65;4288,12;
LUCILENE MORAIS MOTA;DIRETORIA ADMINISTRATIVA;ASSESSOR II;ASSESSOR II; 40:00;14/07/2022;CARGO COMISSION.S/VINCULO;4209,79;;4209,79;573,49;3636,30;
LUCILENE REIS SILVA;DIRETORIA DE HABITACAO;ASSESSOR II;NAO INFORMADO; 40:00;02/01/2019;CARGO COMISSION.S/VINCULO;4209,79;;4209,79;573,49;3636,30;
LUIZ HENRIQUE MAMED LEVY;DIRETORIA ADMINISTRATIVA;ASSESSOR I;NAO INFORMADO; 40:00;21/08/2019;CARGO COMISSION.S/VINCULO;5229,77;;5229,77;941,65;4288,12;
LYANNA AZEVEDO WEIL;DEPTO.ADMINISTRATIVO;ASSESSOR II;NAO INFORMADO; 40:00;01/01/2020;CARGO COMISSION.S/VINCULO;4209,79;;4209,79;573,49;3636,30;
MANOEL RAIMUNDO RODRIGUES DA COSTA;DIRETORIA DE HABITACAO;ASSESSOR II;NAO INFORMADO; 40:00;01/02/2019;CARGO COMISSION.S/VINCULO;4209,79;;4209,79;573,49;3636,30;
MARCELINO DA SILVA RIBEIRO;DEPARTAMENTO DE OBRAS;ASSESSOR III;ASSESSOR III; 40:00;14/07/2022;CARGO COMISSION.S/VINCULO;3191,80;;3191,80;309,42;2882,38;
MARCELLE CHRISTINE MILERIO PINTO;DIRETORIA ADMINISTRATIVA;GERENTE;NAO INFORMADO; 40:00;02/01/2019;CARGO COMISSION.S/VINCULO;8209,79;;8209,79;1614,55;6595,24;
MARCIA CRISTINA ALVES PEREIRA;DEPTO.ADMINISTRATIVO;ASSESSOR I;NAO INFORMADO; 40:00;01/07/2020;CARGO COMISSION.S/VINCULO;5229,77;;5229,77;941,65;4288,12;
MARCIA ETHIANE ALMEIDA DE MIRANDA;DEPTO.ADMINISTRATIVO;ASSESSOR II;ASSESSOR II AD-2; 40:00;08/10/2015;CARGO COMISSION.S/VINCULO;4209,79;;4209,79;573,49;3636,30;
MARCIA SABRINA ABREU DA SILVA;DIRETORIA ADMINISTRATIVA;ASSESSOR III;NAO INFORMADO; 40:00;01/02/2019;CARGO COMISSION.S/VINCULO;3191,80;;3191,80;309,42;2882,38;
MARCIO CUNHA DOS SANTOS;DIRETORIA ADMINISTRATIVA;ASSESSOR III;NAO INFORMADO; 40:00;01/02/2019;CARGO COMISSION.S/VINCULO;3191,80;;3191,80;309,42;2882,38;
MARGENCIO FONSECA SALDANHA;GERENCIA DE CONTABILIDADE;ASSISTENTE TECNICO I;; 30:00;02/05/1980;ESTATUTARIO;4646,02;;4646,02;726,07;3919,95;
MARIA AURI FELIX MACIEL;GERENCIA DE ORCAMENTO;TECNICO II;; 30:00;02/06/1980;ESTATUTARIO;6950,62;;6950,62;1572,64;5377,98;
MARIA DAS GRACAS RODRIGUES DA SILVA;GERENCIA DE INFORMACAO;ASSISTENTE TECNICO I;; 30:00;01/06/1982;ESTATUTARIO;4513,14;;4513,14;721,76;3791,38;
MARIA DOROTEIA DE SOUZA MACIEL;DEPARTAMENTO DE ARRECADACAO;ASSISTENTE TECNICO I;; 30:00;01/06/1975;ESTATUTARIO;5007,83;;5007,83;850,42;4157,41;
MARIA ELIZA MIRANDA DE OLIVEIRA;GERENCIA DE RECURSOS HUMANOS;ASSISTENTE ADMINISTRATIVO I;; 30:00;26/07/1989;ESTATUTARIO;3921,62;;3921,62;614,88;3306,74;
MARIA IVANILDE NUNES PORTO;GERENCIA ADMINISTRATIVA;ASSISTENTE TECNICO II;; 30:00;04/05/1977;ESTATUTARIO;5037,48;;5037,48;888,99;4148,49;
MARIA IZABEL MARQUES SOBRAL;DIRETORIA DE HABITACAO;ASSISTENTE ADMINISTRATIVO I;; 30:00;19/08/1988;ESTATUTARIO;4401,96;;4401,96;695,25;3706,71;
MARIA JOSE PEREIRA MOTA DE ALCANTAR;GERENCIA ADMINISTRATIVA;ASSISTENTE ADMINISTRATIVO III;; 30:00;01/10/1984;ESTATUTARIO;4554,06;;4554,06;743,81;3810,25;
MARIA JOSE SOUZA SILVA;GERENCIA DE RECURSOS HUMANOS;AUXILIAR DE SERVICOS GERAIS I;; 30:00;09/04/1991;ESTATUTARIO;3774,55;;3774,55;432,80;3341,75;
MARIA JOSIMA DOS SANTOS PEREIRA;GERENCIA DE RECURSOS HUMANOS;AUXILIAR DE SERVICOS GERAIS I;; 30:00;10/10/1991;ESTATUTARIO;4121,28;;4121,28;484,54;3636,74;
MARIA LUCIA DE OLIVEIRA VIEIRA;GERENCIA DE INFORMACAO;ASSISTENTE ADMINISTRATIVO I;; 30:00;01/09/1987;ESTATUTARIO;4076,66;;4076,66;304,73;3771,93;
MARIA ROSELY GUIMARAES LORIS;DEPARTAMENTO IMOBILIARIO;ASSISTENTE TECNICO II;; 30:00;01/02/1978;ESTATUTARIO;4709,79;;4709,79;779,21;3930,58;
MARIA VALDIRENE DA CRUZ FIGUEIREDO;DEPTO.ADMINISTRATIVO;ASSESSOR I;; 40:00;01/11/2019;CARGO COMISSION.S/VINCULO;5229,77;;5229,77;941,65;4288,12;
MARILDA BENTES NUNES;DEPARTAMENTO IMOBILIARIO;ASSISTENTE ADMINISTRATIVO I;; 30:00;17/01/1990;ESTATUTARIO;3886,00;;3886,00;614,88;3271,12;
MARIO JORGE DE OLIVEIRA AZEDO;DIRETORIA ADMINISTRATIVA;TECNICO I;; 30:00;01/04/1993;ESTATUTARIO;5864,97;;5864,97;1245,86;4619,11;
MARISTELA DA SILVA FREITAS;DIRETORIA DE HABITACAO;ASSISTENTE TECNICO I;; 30:00;02/08/1982;ESTATUTARIO;4648,48;;4648,48;759,96;3888,52;
MARLINICE TEREZA DE MELO PINHEIRO;DEPARTAMENTO DE ARRECADACAO;ASSISTENTE TECNICO II;; 30:00;17/02/1977;ESTATUTARIO;4822,77;;4822,77;820,54;4002,23;
MATHEUS SANTOS DA SILVA;OUTRAS DEPENDENCIAS;ASSESSOR II;ASSESSOR II; 40:00;11/10/2022;CARGO COMISSION.S/VINCULO;4209,79;;4209,79;573,49;3636,30;
MELISSIA BEATRIZ FERNANDES MENDES;PROCURADORIA JURIDICA;ASSESSOR II;ASSESSOR II; 40:00;03/11/2022;CARGO COMISSION.S/VINCULO;4209,79;;4209,79;573,49;3636,30;
MELYSSA CASTRO DOS REIS;ASSESSORIA INSTITUCIONAL;ASSESSOR II;ASSESSOR II.; 40:00;16/01/2024;CARGO COMISSION.S/VINCULO;6314,68;;6314,68;1350,12;4964,56;
MERY MACEDO ARAUJO DE SOUZA;DEPTO.DE ORC.E FINANCAS;ASSESSOR II;NAO INFORMADO; 40:00;01/02/2019;CARGO COMISSION.S/VINCULO;5613,05;;5613,05;1085,95;4527,10;
MESAC ROCHA DE MENDONCA JUNIOR;DEPTO.ADMINISTRATIVO;ASSESSOR II;ASSESSOR II.; 40:00;01/11/2023;CARGO COMISSION.S/VINCULO;4209,79;;4209,79;573,49;3636,30;
MICHAEL JORGE HARRAQUIAN NETO;DIRETORIA ADMINISTRATIVA;ASSESSOR I;NAO INFORMADO; 40:00;10/07/2019;CARGO COMISSION.S/VINCULO;5229,77;;5229,77;898,28;4331,49;
MILLENA MARQUES PENA;GERENCIA ADMINISTRATIVA;GERENTE;NAO INFORMADO; 40:00;01/10/2019;CARGO COMISSION.S/VINCULO;5613,05;;5613,05;1033,82;4579,23;
MINEIDE VITOR DE VERCOSA MARQUES;SUHAB SANEAMENTO;GERENTE;GERENTE AD-2; 40:00;01/12/2015;CARGO COMISSION.S/VINCULO;4209,79;;4209,79;573,49;3636,30;
NAIRA MARIA MOURA MONTECONRADO;DEPARTAMENTO DE OBRAS;ASSESSOR I;ASSESSOR I; 40:00;03/11/2022;CARGO COMISSION.S/VINCULO;5229,77;;5229,77;941,65;4288,12;
NATANAEL SANTOS DA SILVA;DEPTO.ADMINISTRATIVO;ASSESSOR II;ASSESSOR II; 40:00;01/02/2022;CARGO COMISSION.S/VINCULO;4209,79;;4209,79;573,49;3636,30;
NELSIMAR FERREIRA DE MENDONCA;DEPARTAMENTO DE ARRECADACAO;ASSISTENTE ADMINISTRATIVO I;; 30:00;02/06/1986;ESTATUTARIO;4411,09;;4411,09;697,35;3713,74;
NICELI DE SOUZA OLIVEIRA;DIRETORIA DE HABITACAO;ASSESSOR II;NAO INFORMADO; 40:00;02/01/2019;CARGO COMISSION.S/VINCULO;4209,79;;4209,79;483,23;3726,56;
NICODEMOS CASTRO DE OLIVEIRA;DEPARTAMENTO DE OBRAS;ASSESSOR III;NAO INFORMADO; 40:00;02/01/2019;CARGO COMISSION.S/VINCULO;3191,80;;3191,80;309,42;2882,38;
NILSON DE MELO SANTOS;SUHAB SANEAMENTO;DIRETOR ADMINISTRATIVO E FINANCEIRO;NAO INFORMADO; 40:00;01/03/2019;CARGO COMISSION.S/VINCULO;9000,00;;9000,00;2237,92;6762,08;
NILTON MELO DOS SANTOS;GERENCIA FUNDIARIA;AUXILIAR DE SERVICOS GERAIS I;; 30:00;03/06/1989;ESTATUTARIO;4061,87;;4061,87;511,89;3549,98;
NIVALDO CONTE DOS SANTOS;DIRETORIA ADMINISTRATIVA;ASSISTENTE ADMINISTRATIVO I;; 30:00;22/10/1987;ESTATUTARIO;3915,22;;3915,22;622,46;3292,76;
NYTON PAES DE OLIVEIRA;DEPARTAMENTO IMOBILIARIO;DIRETOR HABITACIONAL;DIRETOR HABITACIONAL; 40:00;13/07/2022;CARGO COMISSION.S/VINCULO;9000,00;;9000,00;2237,92;6762,08;
ODINEIA VIEIRA DE CARVALHO;DEPARTAMENTO DE ARRECADACAO;ASSISTENTE ADMINISTRATIVO I;; 30:00;12/08/1988;ESTATUTARIO;5179,21;;5179,21;870,96;4308,25;
PATRICIA SANTOS VILACA;DEPTO.ADMINISTRATIVO;GERENTE;GERENTE; 40:00;01/09/2022;CARGO COMISSION.S/VINCULO;5613,05;;5613,05;1085,95;4527,10;
PAULA ANDREA BARBOSA ALVES;DEPARTAMENTO IMOBILIARIO;ASSISTENTE TECNICO I;; 30:00;26/07/1996;C.L.T.;3446,20;;3446,20;326,60;3119,60;
PAULA ANDREA DANIEL DA SILVA;GERENCIA ADMINISTRATIVA;ASSESSOR III;ASSESSOR III; 40:00;01/03/2023;CARGO COMISSION.S/VINCULO;3191,80;;3191,80;309,42;2882,38;
PAULO FERNANDO REBOUCAS M FILHO;DEPARTAMENTO DE OBRAS;ASSESSOR II;ASSESSOR II; 40:00;14/07/2022;CARGO COMISSION.S/VINCULO;4209,79;;4209,79;573,49;3636,30;
PAULO RICARDO OLIVEIRA CARRATE;DEPARTAMENTO DE PROJETOS;ASSESSOR II;ASSESSOR II; 40:00;10/08/2022;CARGO COMISSION.S/VINCULO;4209,79;;4209,79;573,49;3636,30;
PEDRO GONCHAROV DE SOUZA;DIRETORIA DE HABITACAO;ASSESSOR II;NAO INFORMADO; 40:00;01/02/2019;CARGO COMISSION.S/VINCULO;5613,05;;5613,05;1085,95;4527,10;
PEDRO PAULO GONCALVES SOARES;DIRETORIA ADMINISTRATIVA;ASSESSOR II;ASSESSOR II; 40:00;14/07/2022;CARGO COMISSION.S/VINCULO;8209,79;;8209,79;1614,55;6595,24;
PLINIO JOSE CORREIA DOS SANTOS;GERENCIA TECNICA;ASSISTENTE TECNICO II;; 30:00;09/07/1977;ESTATUTARIO;4811,01;;4811,01;814,42;3996,59;
RAFAEL CAMPOS DE LIMA;DIRETORIA DE HABITACAO;ASSESSOR II;NAO INFORMADO; 40:00;01/02/2019;CARGO COMISSION.S/VINCULO;4209,79;;4209,79;573,49;3636,30;
RAIMUNDO NONATO SANTOS DE ASSIS;GERENCIA DE RECURSOS HUMANOS;VIGIA;; 30:00;13/06/1986;ESTATUTARIO;3856,88;;3856,88;451,24;3405,64;
RAIMUNDO PEREIRA DOS SANTOS FILHO;DEPTO.ADMINISTRATIVO;ASSESSOR III;NAO INFORMADO; 40:00;03/08/2020;CARGO COMISSION.S/VINCULO;3191,80;;3191,80;309,42;2882,38;
RAISSA CRUZ WAUGHON;DEPTO.ADMINISTRATIVO;ASSESSOR IV;ASSESSOR IV; 40:00;01/03/2023;CARGO COMISSION.S/VINCULO;2575,61;;2575,61;210,62;2364,99;
RAVANI PAIXAO RIBEIRO;DEPTO.ADMINISTRATIVO;GERENTE;GERENTE; 40:00;01/02/2023;CARGO COMISSION.S/VINCULO;4209,79;;4209,79;573,49;3636,30;
RAYSSA MARIA DA SILVA BANDEIRA;GERENCIA DE RECURSOS HUMANOS;ASSESSOR III;ASSESSOR III; 40:00;12/04/2023;CARGO COMISSION.S/VINCULO;3191,80;;3191,80;309,42;2882,38;
REBECA OLIVEIRA VALENTE ARAUJO;DEPTO.ADMINISTRATIVO;ASSESSOR II;ASSESSOR II; 40:00;12/01/2023;CARGO COMISSION.S/VINCULO;4209,79;;4209,79;573,49;3636,30;
REBECCA CRISTINA CUNHA DA SILVA;DEPARTAMENTO DE ARRECADACAO;ASSESSOR I;ASSESSOR I; 40:00;01/02/2023;CARGO COMISSION.S/VINCULO;6973,03;;6973,03;1597,99;5375,04;
REGINA LANY RIKER DE SOUZA COSTA;DIRETORIA ADMINISTRATIVA;ASSISTENTE ADMINISTRATIVO I;ASSISTENTE ADMINIST.; 30:00;07/11/1995;ESTATUTARIO;3691,94;;3691,94;521,88;3170,06;
REGINA LUCIA GOMES OLIVEIRA;GERENCIA TECNICA;TECNICO I;; 30:00;01/06/1991;ESTATUTARIO;6002,91;;6002,91;1252,61;4750,30;
RICHARDSON ANDRADE ALBUQUERQUE;GERENCIA ADMINISTRATIVA;ASSESSOR II;ASSESSOR II.; 40:00;01/11/2023;CARGO COMISSION.S/VINCULO;4209,79;;4209,79;573,49;3636,30;
RIVALDO CUSTODIO DA SILVA;GERENCIA DE CONTABILIDADE;ASSESSOR IV;ASSESSOR IV; 40:00;01/02/2022;CARGO COMISSION.S/VINCULO;3434,15;;3434,15;359,87;3074,28;
ROBERTO HONDA DE SOUZA;DIR TECNICA;TECNICO III;; 30:00;02/05/1980;ESTATUTARIO;5337,85;;5337,85;1117,40;4220,45;
ROBERTO TEIXEIRA DE ARAUJO;DEPTO.ADMINISTRATIVO;GERENTE;GERENTE; 40:00;12/01/2023;CARGO COMISSION.S/VINCULO;4209,79;;4209,79;573,49;3636,30;
RODOLFO SOUZA DOS SANTOS;DIRETORIA DE HABITACAO;ASSESSOR II;NAO INFORMADO; 40:00;01/02/2019;CARGO COMISSION.S/VINCULO;4209,79;;4209,79;573,49;3636,30;
RODRIGO MATOS AFONSO;DEPTO.ADMINISTRATIVO;ASSESSOR I;ASSESSOR I; 40:00;14/07/2022;CARGO COMISSION.S/VINCULO;10229,77;;10229,77;2316,65;7913,12;
RONALDO CARVALHO DE ABREU;GERENCIA DE RECURSOS HUMANOS;MOTORISTA;; 30:00;31/05/1994;ESTATUTARIO;3761,53;;3761,53;426,99;3334,54;
ROSA MARIA CARVALHO DE SA;C.P.D.;ASSISTENTE TECNICO I;; 30:00;02/01/1982;ESTATUTARIO;3959,40;;3959,40;628,07;3331,33;
ROSALIA LIRA DE SOUZA;GERENCIA TECNICA;ASSISTENTE ADMINISTRATIVO I;; 30:00;01/06/1991;ESTATUTARIO;3887,14;;3887,14;615,21;3271,93;
SAMUELSON BUZAGLO PIMENTA;DEPARTAMENTO DE PROJETOS;ASSESSOR I;ASSESSOR I; 40:00;12/01/2023;CARGO COMISSION.S/VINCULO;5229,77;;5229,77;941,65;4288,12;
SANDRO DE SOUZA RAMOS;DEPTO.ADMINISTRATIVO;ASSESSOR III;ASSESSOR III; 40:00;01/05/2023;CARGO COMISSION.S/VINCULO;3191,80;;3191,80;309,42;2882,38;
SARAH RAQUEL MENEZES DA SILVA;DEPARTAMENTO IMOBILIARIO;ASSESSOR II;NAO INFORMADO; 40:00;09/01/2020;CARGO COMISSION.S/VINCULO;4209,79;;4209,79;573,49;3636,30;
SARAH REGINA PINHEIRO DO NASCIMENTO;SUHAB SANEAMENTO;ASSESSOR II;ASSESSOR II AD-2; 30:00;08/10/2015;CARGO COMISSION.S/VINCULO;4209,79;;4209,79;568,54;3641,25;
SHEILA DOS SANTOS CUNHA;DEPTO.ADMINISTRATIVO;ASSESSOR II;ASSESSOR II.; 40:00;09/08/2023;CARGO COMISSION.S/VINCULO;4209,79;;4209,79;573,49;3636,30;
SIDNEY ROBERTSON OLIVEIRA DE PAULA;GERENCIA TECNICA;TNS-III;; 30:00;13/08/1976;ESTATUTARIO;7940,16;;7940,16;1883,34;6056,82;
SUELI RIBEIRO COLARES;DEPARTAMENTO DE ARRECADACAO;ASSISTENTE ADMINISTRATIVO III;ASSISTENTE ADM. III; 30:00;01/10/1984;ESTATUTARIO;3926,38;;3926,38;622,98;3303,40;
TAINA LIMA RODRIGUES DE BRITO;DIRETORIA DE HABITACAO;ASSESSOR III;NAO INFORMADO; 40:00;01/02/2019;CARGO COMISSION.S/VINCULO;4255,73;;4255,73;552,46;3703,27;
TALITA ALEXANDRA ASSAYAG GAIOTO;DEPARTAMENTO DE PROJETOS;CHEFE DE DEPARTAMENTO;CHEFE DE DEPARTAMENT; 40:00;09/08/2022;CARGO COMISSION.S/VINCULO;6973,03;;6973,03;1597,99;5375,04;
TALITA DE CASSIA DE SOUZA NOGUEIRA;GERENCIA ADMINISTRATIVA;ASSESSOR II;ASSESSOR II; 40:00;01/06/2022;CARGO COMISSION.S/VINCULO;4209,79;;4209,79;573,49;3636,30;
TERCIO HUDSON REIS RAMOS;GERENCIA DE RECURSOS HUMANOS;AUXILIAR DE TOPOGRAFIA;; 30:00;22/05/1995;ESTATUTARIO;3599,31;;3599,31;223,75;3375,56;
THAYLA KATTERINE DE SOUZA PICANCO;GERENCIA ADMINISTRATIVA;ASSESSOR II;ASSESSOR II; 40:00;01/03/2023;CARGO COMISSION.S/VINCULO;4209,79;;4209,79;573,49;3636,30;
THIAGO COSTA DE LIMA;GERENCIA ADMINISTRATIVA;ASSESSOR III;NAO INFORMADO; 40:00;01/02/2019;CARGO COMISSION.S/VINCULO;3191,80;;3191,80;309,42;2882,38;
TUYLLA PONTES DE ARRUDA;DIRETORIA ADMINISTRATIVA;ASSESSOR II;NAO INFORMADO; 40:00;25/03/2019;CARGO COMISSION.S/VINCULO;4209,79;;4209,79;573,49;3636,30;
ULYSSES CASTRO DA SILVEIRA;GERENCIA ADMINISTRATIVA;ASSESSOR III;ASSESSOR III; 40:00;01/11/2023;CARGO COMISSION.S/VINCULO;3191,80;;3191,80;309,42;2882,38;
VANESSA CESAR DA COSTA DE ANDRADE;DEPARTAMENTO IMOBILIARIO;CHEFE DE DEPARTAMENTO;CHEFE DE DEPARTAMENT; 40:00;09/08/2022;CARGO COMISSION.S/VINCULO;5229,77;;5229,77;941,65;4288,12;
VANUSA MARIA MESQUITA C GUIMARAES;DIRETORIA DE HABITACAO;ASSESSOR I;NAO INFORMADO; 40:00;01/07/2020;CARGO COMISSION.S/VINCULO;5229,77;;5229,77;941,65;4288,12;
VERA LUCIA GOMES BERGER;DEPTO.ADMINISTRATIVO;ASSESSOR III;NAO INFORMADO; 30:00;01/11/2021;CARGO COMISSION.S/VINCULO;3191,80;;3191,80;309,42;2882,38;
VICTORIA ALVES DE ALBUQUERQUE;DEPTO.ADMINISTRATIVO;ASSESSOR I;ASSESSOR I; 40:00;11/05/2023;CARGO COMISSION.S/VINCULO;5229,77;;5229,77;941,65;4288,12;
WALTER GABRIEL MADY LIRA;DEPTO.ADMINISTRATIVO;ASSESSOR IV;ASSESSOR IV; 40:00;17/07/2020;CARGO COMISSION.S/VINCULO;3175,61;;3175,61;306,26;2869,35;
WILLIAM CEZAR QUEIROZ DA SILVA;DEPTO.ADMINISTRATIVO;ASSESSOR III;NAO INFORMADO; 40:00;01/02/2019;CARGO COMISSION.S/VINCULO;3191,80;;3191,80;309,42;2882,38;
YARA POLLIANA CAUPER RIOS ROBERTO;DEPARTAMENTO DE PROJETOS;ASSESSOR III;ASSESSOR III; 40:00;16/01/2023;CARGO COMISSION.S/VINCULO;3191,80;;3191,80;309,42;2882,38;
YGOR CAMPOS OLIVEIRA;DEPTO.ADMINISTRATIVO;ASSESSOR III;NAO INFORMADO; 40:00;01/02/2019;CARGO COMISSION.S/VINCULO;4255,73;;4255,73;586,81;3668,92;
YONARA CRISTINA MOREIRA DA SILVA;SUHAB SANEAMENTO;ASSESSOR II;ASSESSOR II AD-2; 40:00;08/10/2015;CARGO COMISSION.S/VINCULO;4209,79;;4209,79;568,54;3641,25;
YURI CEI HAGE SAADE;GABINETE DA PRESIDENCIA;ASSESSOR I;ASSESSOR I; 40:00;09/08/2022;CARGO COMISSION.S/VINCULO;5229,77;;5229,77;941,65;4288,12;
