NOME;LOTACAO;CARGO;FUNCAO;VINCULO;REMUNERACAO LEGAL TOTAL(R$);DESC.TETO(R$); REMUNERACAO LEGAL DEVIDA(R$);DESCONTOS LEGAIS(R$);LIQUIDO DISPONIVEL(R$);
AFRANIO CESAR DA SILVA E COSTA;GABINETE DO SECRETARIO;ASSESSOR III;NAO INFORMADO; CARGO COMISSION.S/VINCULO;3691,80;;3691,80;379,31;3312,49;
ALCIDES SAGGIORO NETO;DEPTO.DE ANALISE ECONOMICA;ASSESSOR I;NAO INFORMADO; CARGO COMISSION.S/VINCULO;4729,77;;4729,77;659,23;4070,54;
ALDIRA MARIA PONTES BARBOSA;DEPTO.DE ADM.E FINANCAS;GERENTE;NAO INFORMADO; CARGO COMISSION.S/VINCULO;6113,05;;6113,05;1083,99;5029,06;
ALEX BRUNO DANTAS ALEXANDRINO;GERENCIA DE INFORMATICA;ASSESSOR IV;NAO INFORMADO; CARGO COMISSION.S/VINCULO;3075,61;;3075,61;259,85;2815,76;
ALEX LUZ DE OLIVEIRA;REMANEJADOS SETRAB;A.TEC-II;; ESTATUTARIO;3541,46;;3541,46;260,43;3281,03;
ALEXANDRA SILVA DOS S FIGUEIREDO;GERENCIA DE PLAN.ORC.E GESTAO;ASSESSOR III;; CARGO COMISSION.S/VINCULO;3691,80;;3691,80;360,24;3331,56;
ALICE HELENA LOPES ALVES;REMANEJADOS SETRAB;A.TEC-I;; ESTATUTARIO;4201,57;;4201,57;385,38;3816,19;
ALLYSSON SANTOS DO NASCIMENTO;SECRETARIA EXECUTIVA;ASSESSOR IV;NAO INFORMADO; CARGO COMISSION.S/VINCULO;3175,61;;3175,61;375,23;2800,38;
ALMIR MOCAMBITE PINTO;REMANEJADOS SETRAB;A.TEC-II;; ESTATUTARIO;4141,46;;4141,46;365,41;3776,05;
ANA PAULA DA ROCHA FERNANDES;REMANEJADOS SETRAB;A.TEC-I;AG. ADMIN. 3ª CLASSE; ESTATUTARIO;3152,01;;3152,01;261,62;2890,39;
ANA REGINA ARAUJO TEIXEIRA GOMES;REMANEJADOS SETRAB;AUX.S.G-II;; ESTATUTARIO;2718,15;;2718,15;185,85;2532,30;
ANA SILVA DE SOUZA;SECRETARIA EXECUTIVA;ASSESSOR IV;NAO INFORMADO; CARGO COMISSION.S/VINCULO;3675,61;;3675,61;375,23;3300,38;
ANA TEREZA JATAHY SANTOS;DEPTO.POL.IND.E COMERCIAIS;TNS-II;; ESTATUTARIO;5556,43;;5556,43;869,68;4686,75;
ANDERSON BARROSO GRIMM;DEPTO.POL.IND.E COMERCIAIS;CHEFE DE DEPARTAMENTO;CHEFE DE DPTO.; CARGO COMISSION.S/VINCULO;5729,77;;5729,77;992,73;4737,04;
ANDREA CUNHA RODRIGUES;REMANEJADOS SETRAB;AGENTE ADMINISTRATIVO 3A CLASSE;; ESTATUTARIO;3081,54;;3081,54;150,73;2930,81;
ANDREA MENDONÇA CARVALHO DA SILVA;SECRETARIA EXECUTIVA;GERENTE;NAO INFORMADO; CARGO COMISSION.S/VINCULO;4709,79;;4709,79;652,57;4057,22;
ANDREZZA SILVA DE SOUZA;SECRETARIA EXECUTIVA;ASSESSOR II;NAO INFORMADO; CARGO COMISSION.S/VINCULO;4709,79;;4709,79;652,57;4057,22;
ANGELA DA SILVA MELO;REMANEJADOS SETRAB;A.TEC-I;GERENTE; ESTATUTARIO;5369,52;;5369,52;538,58;4830,94;
ANGELA MONTEIRO MARTINS;GERENCIA DE GESTAO DE PESSOAL;A.TEC-I;; ESTATUTARIO;4210,32;;4210,32;387,73;3822,59;
ANTONIO DE ANDRADE DIAS;GERENCIA DE APOIO LOGISTICO;ASSESSOR IV;NAO INFORMADO; CARGO COMISSION.S/VINCULO;3075,61;;3075,61;245,63;2829,98;
ANTÔNIA PAULA VIEIRA CAVALCANTE;SECRETARIA EXECUTIVA;GERENTE;NAO INFORMADO; CARGO COMISSION.S/VINCULO;6113,05;;6113,05;1136,13;4976,92;
APPIO DA SILVA TOLENTINO;DEPTO.POL.IND.E COMERCIAIS;TECNICO DE INCENTIVO 1A.CL.-T.INC-I;; ESTATUTARIO;44790,64;9328,42;35462,22;12407,67;23054,55;
ARIZANEIDE ARAUJO LEITE;REMANEJADOS SETRAB;TNS-I;; ESTATUTARIO;3632,80;;3632,80;497,86;3134,94;
ARLETE NOGUEIRA VIANA;DEPARTAMENTO DE PLANEJAMENTO;ASSISTENTE ADMINISTRATIVO;CHEFE DE DEPARTAMENT; ESTATUTARIO;6271,54;;6271,54;751,27;5520,27;
ARNALDO SOUZA DOS REIS;SECRETARIA EXECUTIVA;ASSESSOR I;NAO INFORMADO; CARGO COMISSION.S/VINCULO;5729,77;;5729,77;822,10;4907,67;
ARNOLDO DE OLIVEIRA BARRETO;REMANEJADOS SETRAB;VIGIA-III;; ESTATUTARIO;2965,81;;2965,81;127,06;2838,75;
ARTHUR GOMES BENAYON;REMANEJADOS SETRAB;ASSISTENTE TECNICO 1A CLASSE;; ESTATUTARIO;4095,02;;4095,02;278,34;3816,68;
CAIO RODRIGUES DE MELO;SECRETARIA EXECUTIVA;ASSESSOR III;NAO INFORMADO; CARGO COMISSION.S/VINCULO;3691,80;;3691,80;379,31;3312,49;
CARLA SANTOS TORRES CHAGAS;SECRETARIA EXECUTIVA;GERENTE;NAO INFORMADO; CARGO COMISSION.S/VINCULO;4709,79;;4709,79;652,57;4057,22;
CELENE MARIA LEMOS MENDES;REMANEJADOS SETRAB;ASSISTENTE TECNICO 3A CLASSE;; ESTATUTARIO;3486,28;;3486,28;168,00;3318,28;
CISNEA MENEZES BASILIO DE SOUZA;GABINETE DO SECRETARIO;SECRETARIO DO COMITE;NAO INFORMADO; CARGO COMISSION.S/VINCULO;5729,77;;5729,77;992,73;4737,04;
CLARICE BRANCO ROCHA;SECRETARIA EXECUTIVA;ASSESSOR III;NAO INFORMADO; CARGO COMISSION.S/VINCULO;3691,80;;3691,80;379,31;3312,49;
CLAUDIA REGINA OLIVEIRA MONTEIRO;REMANEJADOS SETRAB;ASSISTENTE TECNICO 3A CLASSE;CHEFE DE DEPARTAMENT; ESTATUTARIO;6280,28;;6280,28;799,42;5480,86;
CLENEIDE NEVES HAYDEN;GERENCIA DE GESTAO DE PESSOAL;TNS-I;GERENTE; ESTATUTARIO;6953,36;;6953,36;1273,59;5679,77;
DARCY DE OLIVEIRA FALCAO;GERENCIA DE APOIO LOGISTICO;AUX.O-I;; ESTATUTARIO;2811,57;;2811,57;247,32;2564,25;
DENISE BEZERRA LIMA;DEPTO.DE ADMINIST.E FINANCAS;ASSISTENTE TECNICO I;GERENTE; ESTATUTARIO;1281,62;;1281,62;247,74;1033,88;
DEUSDEDIT DE BRITO RAMOS;ASSESSORIA;ASSESSOR I;NAO INFORMADO; CARGO COMISSION.S/VINCULO;7473,03;;7473,03;1541,26;5931,77;
DEUZA MARIA DA ROCHA MARTINIANO;REMANEJADOS SETRAB;AGENTE ADMINISTRATIVO 3A CLASSE;; ESTATUTARIO;4086,28;;4086,28;276,00;3810,28;
DULCE MARGARETE DA SILVA JATAHY;DEPTO.POL.IND.E COMERCIAIS;TECNICO DE INCENTIVO 1A.CL.-T.INC-I;; ESTATUTARIO;64830,22;12671,98;52158,24;16947,65;35210,59;
EDERSON CESAR SANTOS LIBORIO;GERENCIA DE PLAN.ORC.E GESTAO;ASSESSOR III;ASSESSOR III AD-3; CARGO COMISSION.S/VINCULO;4755,73;;4755,73;667,90;4087,83;
EDINILSON DE CASTRO VIANA;REMANEJADOS SETRAB;A.TEC-II;; ESTATUTARIO;3541,46;;3541,46;232,10;3309,36;
EDIVALDO EVANGELISTA DE ALMEIDA;GERENCIA DE APOIO LOGISTICO;ASSESSOR III;NAO INFORMADO; CARGO COMISSION.S/VINCULO;3691,80;;3691,80;379,31;3312,49;
EDMAR LOPES MAGALHAES;DEPTO.DE DESENV.REGIONAL;ASSESSOR I;; CARGO COMISSION.S/VINCULO;5729,77;;5729,77;992,73;4737,04;
EDNA SOUSA FERREIRA;REMANEJADOS SETRAB;AUX.S.G-I;; ESTATUTARIO;2958,70;;2958,70;214,44;2744,26;
EDUARDO HENRIQUE ARCHER PINTO;DEPTO.POL.IND.E COMERCIAIS;TECNICO DE INCENTIVO 1A.CL.-T.INC-I;; ESTATUTARIO;5222,31;;5222,31;685,64;4536,67;
EDUARDO JORGE DE ALMEIDA F SILVA;DEPTO.POL.IND.E COMERCIAIS;A.TEC-I;ASSIST.TEC.2ª CLASSE; ESTATUTARIO;23112,93;;23112,93;7542,41;15570,52;
EDVALDO GRANGEIRO PINHEIRO;REMANEJADOS SETRAB;A.TEC-II;; ESTATUTARIO;3541,46;;3541,46;275,41;3266,05;
EFRAHIM TAVARES DE MELLO;DEPTO.DE ADMINIST.E FINANCAS;A.TEC-I;; ESTATUTARIO;16433,53;;16433,53;4953,65;11479,88;
ELANE DA SILVA SAMPAIO;SECRETARIA EXECUTIVA;ASSESSOR III;NAO INFORMADO; CARGO COMISSION.S/VINCULO;3691,80;;3691,80;379,31;3312,49;
ELCY SEREJO CORREA;DEPTO.EST.PESQ.E INFORMACOES;TNS-I;; ESTATUTARIO;5212,33;;5212,33;762,60;4449,73;
ELIDA DE SOUZA XAVIER GAMA;GERENCIA DE PESSOAL;ASSESSOR IV;NAO INFORMADO; CARGO COMISSION.S/VINCULO;3075,61;;3075,61;226,46;2849,15;
ELIETE DA SILVEIRA VIEIRA;REMANEJADOS SETRAB;MONITOR 2A CLASSE;; ESTATUTARIO;4708,77;;4708,77;404,18;4304,59;
ELISSON DA SILVA LIMA;REMANEJADOS SETRAB;SUBGERENTE;NAO INFORMADO; CARGO COMISSION.S/VINCULO;3691,80;;3691,80;379,31;3312,49;
ENEDINA PEREIRA DE OLIVEIRA;REMANEJADOS SETRAB;AGENTE ADMINISTRATIVO 3A CLASSE;; ESTATUTARIO;2788,28;;2788,28;129,87;2658,41;
ERISMAR ALVES DE CARVALHO;SECRETARIA EXECUTIVA;SUBGERENTE;NAO INFORMADO; CARGO COMISSION.S/VINCULO;4755,73;;4755,73;667,90;4087,83;
ERNANDES SANTOS DA SILVA;REMANEJADOS SETRAB;A.TEC-I;; ESTATUTARIO;2912,34;;2912,34;219,73;2692,61;
EUDES JOSÉ COELHO NETO;SECRETARIA EXECUTIVA;ASSESSOR III;NAO INFORMADO; CARGO COMISSION.S/VINCULO;3691,80;;3691,80;379,31;3312,49;
EZELINA DA GLORIA LAVAREDA;DEPTO.DE ADMINIST.E FINANCAS;A.TEC-I;; ESTATUTARIO;15973,13;;15973,13;5069,01;10904,12;
FABIANA BATISTA DA COSTA;GERENCIA DE GESTAO DE PESSOAL;ASSESSOR IV;ASSESSORA IV AD4; CARGO COMISSION.S/VINCULO;3675,61;;3675,61;375,23;3300,38;
FABIO BATISTA DOS SANTOS;SECRETARIA EXECUTIVA;GERENTE;NAO INFORMADO; CARGO COMISSION.S/VINCULO;4709,79;;4709,79;652,57;4057,22;
FATIMA MARIA RAMOS ELIAS;DEPTO.POL.IND.E COMERCIAIS;TECNICO DE INCENTIVO 1A.CL.-T.INC-I;; ESTATUTARIO;23885,53;;23885,53;7547,69;16337,84;
FERNANDO BRUNO CESAR DE QUEIROZ;SEC.GER.CONS.DESEN.DO AM-CODAM;SECRETARIO DO CODAM;NAO INFORMADO; CARGO COMISSION.S/VINCULO;5730,17;;5730,17;735,02;4995,15;
FRANCISCA FLAVIA DA SILVA RODRIGUES;REMANEJADOS SETRAB;AGENTE ADMINISTRATIVO 2A CLASSE;; ESTATUTARIO;2590,28;;2590,28;152,52;2437,76;
FRANCISCO ALVES DE FREITAS;DEPTO.EST.PESQ.E INFORMACOES;TNS-I;; ESTATUTARIO;5666,92;;5666,92;868,65;4798,27;
FRANCISCO DAS CHAGAS COELHO LIMA;GERENCIA DE APOIO LOGISTICO;A.TEC-I;; ESTATUTARIO;21111,67;;21111,67;6719,09;14392,58;
FRANCISCO SÉRGIO COSTA DE S JUNIOR;SECRETARIA EXECUTIVA;ASSESSOR III;NAO INFORMADO; CARGO COMISSION.S/VINCULO;3691,80;;3691,80;379,31;3312,49;
GABRIELLA BRAGA DE MORAES C PIRES;SECRETARIA EXECUTIVA;ASSESSOR II;NAO INFORMADO; CARGO COMISSION.S/VINCULO;3709,79;;3709,79;383,84;3325,95;
GENY BERONY DA SILVA PINHEIRO;REMANEJADOS SETRAB;AUX.S.G-I;; ESTATUTARIO;3066,46;;3066,46;196,08;2870,38;
GILBERTO CAVALCANTI GOMES DA SILVA;REMANEJADOS SETRAB;MOTORISTA 3A CLASSE;; ESTATUTARIO;3184,46;;3184,46;171,77;3012,69;
GILSON NUNO DE PONTES E SOUZA;DEPTO.POL.IND.E COMERCIAIS;TECNICO DE INCENTIVO 2A.CL-T.INC-II;; ESTATUTARIO;42968,40;7006,18;35962,22;12303,78;23658,44;
GISELLE SAMARA DOS SANTOS GONZAGA;GABINETE DO SECRETARIO;ASSESSOR I;; CARGO COMISSION.S/VINCULO;5729,77;;5729,77;992,73;4737,04;
GREICE AMELIA MULLER MUBARAC;REMANEJADOS SETRAB;A.TEC-I;GERENTE DE POSTO; ESTATUTARIO;2920,07;;2920,07;241,96;2678,11;
GUSTAVO DOS SANTOS OLIVEIRA;SECRETARIA EXECUTIVA;ASSESSOR I;NAO INFORMADO; CARGO COMISSION.S/VINCULO;5729,77;;5729,77;992,73;4737,04;
HAROLDO DE OLIVEIRA SANTOS;REMANEJADOS SETRAB;A.TEC-I;; ESTATUTARIO;3195,28;;3195,28;255,56;2939,72;
HAROLDO FURTADO DE PAIVA;REMANEJADOS SETRAB;TNS-I;TNS-I; ESTATUTARIO;9930,36;;9930,36;2413,00;7517,36;
HELDER CINTRA BASTOS;REMANEJADOS SETRAB;CHEFE DE DEPARTAMENTO;NAO INFORMADO; CARGO COMISSION.S/VINCULO;5729,77;;5729,77;992,73;4737,04;
HERCULES ANTONIO RIBEIRO FREIRE;GERENCIA DE APOIO LOGISTICO;A.OPE-II;; ESTATUTARIO;4133,19;;4133,19;267,42;3865,77;
ICARO DE MENDONCA JUCA;DEPARTAMENTO DE PLANEJAMENTO;ASSESSOR IV;; CARGO COMISSION.S/VINCULO;3675,61;;3675,61;375,23;3300,38;
IONE DE MELO BERNARDO CUNHA;DEPTO.DE ADMINIST.E FINANCAS;A.TEC-II;; ESTATUTARIO;4141,46;;4141,46;308,53;3832,93;
IRACEMA DE LIMA COLLYER;GERENCIA DE GESTAO DE PESSOAL;A.TEC-I;; ESTATUTARIO;3760,26;;3760,26;401,95;3358,31;
IRLENE MARIA PESSOA;DEPTO.DE ADMINIST.E FINANCAS;A.TEC-I;; ESTATUTARIO;4459,17;;4459,17;428,19;4030,98;
IVANILSE ALMEIDA DE SOUZA;REMANEJADOS SETRAB;AGENTE ADMINISTRATIVO 3A CLASSE;; ESTATUTARIO;3090,28;;3090,28;109,24;2981,04;
IZABEL CRISTINA PERRONE DO ROSARIO;REMANEJADOS SETRAB;A.TEC-I;; ESTATUTARIO;4250,73;;4250,73;291,79;3958,94;
IZANE FERREIRA BARRONCAS SILVESTRE;SECRETARIA EXECUTIVA;ASSESSOR III;NAO INFORMADO; CARGO COMISSION.S/VINCULO;3691,80;;3691,80;379,31;3312,49;
JEFFERSON MAGNO SILVA DOS SANTOS;GERENCIA DE APOIO LOGISTICO;ASSESSOR IV;NAO INFORMADO; CARGO COMISSION.S/VINCULO;3675,61;;3675,61;343,01;3332,60;
JEIBI MEDEIROS DA COSTA;SECRETARIA EXECUTIVA;CHEFE DE DEPARTAMENTO;NAO INFORMADO; CARGO COMISSION.S/VINCULO;7473,03;;7473,03;1593,40;5879,63;
JESSE NATANAEL DE JESUS ALMEIDA;SECRETARIA EXECUTIVA;ASSESSOR III;NAO INFORMADO; CARGO COMISSION.S/VINCULO;3691,80;;3691,80;360,24;3331,56;
JOANA MARIA VIEIRA MARQUES;DEPTO.DE MICRO E PEQ.EMPRESA;A.TEC-I;; ESTATUTARIO;17387,45;;17387,45;5357,14;12030,31;
JOAO BRAS DE OLIVEIRA SANTIAGO;REMANEJADOS SETRAB;A.TEC-I;; ESTATUTARIO;3142,04;;3142,04;259,73;2882,31;
JOAO CARLOS DE SOUZA GRANJEIRO;REMANEJADOS SETRAB;A.TEC-II;; ESTATUTARIO;2343,46;;2343,46;204,69;2138,77;
JOAO PAULO FERREIRA RUFINO;SECRETARIA EXECUTIVA;CHEFE DE DEPARTAMENTO;NAO INFORMADO; CARGO COMISSION.S/VINCULO;5729,77;;5729,77;992,73;4737,04;
JOAO RIBEIRO DE OLIVEIRA;REMANEJADOS SETRAB;AUX.S.G-I;; ESTATUTARIO;2987,94;;2987,94;220,60;2767,34;
JOHN VANE BESSA ROSA;DEPTO.POL.IND.E COMERCIAIS;GERENTE;; CARGO COMISSION.S/VINCULO;4709,79;;4709,79;652,57;4057,22;
JONAS DA ROSA GONÇALVES;SECRETARIA EXECUTIVA;GERENTE;NAO INFORMADO; CARGO COMISSION.S/VINCULO;4709,79;;4709,79;652,57;4057,22;
JOSE ALBERTO MARQUES DE MATOS;GERENCIA DE PLAN.ORC.E GESTAO;AUX.S.G-I;; ESTATUTARIO;4800,02;;4800,02;441,70;4358,32;
JOSE ANTONIO PADILHA;GERENCIA DE APOIO LOGISTICO;ASSISTENTE ADMINISTRATIVO;; ESTATUTARIO;4077,54;;4077,54;342,51;3735,03;
JOSE CARLOS DE SOUZA COUTO;REMANEJADOS SETRAB;MOTORISTA 3A CLASSE;; ESTATUTARIO;2179,20;;2179,20;123,65;2055,55;
JOSE MAURICIO DO ESPIRITO SANTO;REMANEJADOS SETRAB;AUXILIAR DE SERV GERAIS 3A CLASSE;; ESTATUTARIO;2689,35;;2689,35;93,04;2596,31;
JOSE SANDRO DA MOTA RIBEIRO;DEPTO.DE DESENV.REGIONAL;A.TEC-II;CHEFE DE DEPARTAMENT; ESTATUTARIO;6335,46;;6335,46;883,79;5451,67;
JOSENETE CAVALCANTE COSTA;DEPTO.EST.PESQ.E INFORMACOES;CHEFE DE DEPARTAMENTO;; CARGO COMISSION.S/VINCULO;5729,77;;5729,77;992,73;4737,04;
JUDITH FRANCISCA SANCHES OLIVEIRA;DEPTO.DE MICRO E PEQ.EMPRESA;TNS-I;ASSESSOR I; ESTATUTARIO;7897,27;;7897,27;1525,83;6371,44;
JULIA MAGALHAES DA ROCHA;DEPTO.POL.IND.E COMERCIAIS;A.TEC-I;; ESTATUTARIO;20449,32;;20449,32;6494,78;13954,54;
JULIO AFONSO DA SILVA FILHO;DEPTO.EST.PESQ.E INFORMACOES;A.TEC-I;GERENTE AD-2; ESTATUTARIO;5633,09;;5633,09;701,76;4931,33;
JULIO RAMON MARCHIORE TEIXEIRA;SECRETARIA EXECUTIVA;SECRETARIO EXECUTIVO;NAO INFORMADO; CARGO COMISSION.S/VINCULO;12200,00;;12200,00;1733,12;10466,88;
JURACY DA TRINDADE MAGNO;REMANEJADOS SETRAB;AGENTE ADMINISTRATIVO 1A CLASSE;MONITOR; ESTATUTARIO;5403,82;;5403,82;559,27;4844,55;
JÓRIO DE ALBUQUERQUE VEIGA FILHO;GABINETE DO SECRETARIO;SECRETARIO DE ESTADO;NAO INFORMADO; CARGO COMISSION.S/VINCULO;28560,00;;28560,00;7392,32;21167,68;
KAMILA SARKIS DE CASTRO;ASSESSORIA JURIDICA;ASSESSOR I;ASSESSOR I AD-1; CARGO COMISSION.S/VINCULO;5729,77;;5729,77;992,73;4737,04;
KARLA FABIANE SOARES TAVARES;SEC.EXEC.ADJ.DE POL.SETORIAIS;ASSESSOR I;NAO INFORMADO; CARGO COMISSION.S/VINCULO;5729,77;;5729,77;992,73;4737,04;
KARLA KAROLINE LIRA MARTINS;SECRETARIA EXECUTIVA;CHEFE DE DEPARTAMENTO;NAO INFORMADO; CARGO COMISSION.S/VINCULO;5729,77;;5729,77;992,73;4737,04;
KAROLINE ANDRADE BARROS;SECRETARIA EXECUTIVA;GERENTE;NAO INFORMADO; CARGO COMISSION.S/VINCULO;4709,79;;4709,79;652,57;4057,22;
KEMER UGARTE AMORIM;REMANEJADOS SETRAB;A.TEC-II;; ESTATUTARIO;4141,46;;4141,46;336,97;3804,49;
KETHELEN STHEPHANIE DO S NASCIMENTO;SECRETARIA EXECUTIVA;ASSESSOR III;NAO INFORMADO; CARGO COMISSION.S/VINCULO;3691,80;;3691,80;379,31;3312,49;
KLEIBIANNO TELES DE SOUZA;REMANEJADOS SETRAB;ASSESSOR I;NAO INFORMADO; CARGO COMISSION.S/VINCULO;5729,77;;5729,77;992,73;4737,04;
LAURO MENEZES DE ARAUJO;REMANEJADOS SETRAB;ASSISTENTE TECNICO 3A CLASSE;; ESTATUTARIO;3090,28;;3090,28;152,52;2937,76;
LEONARDO RODRIGO DA SILVA;SECRETARIA EXECUTIVA;CHEFE DE DEPARTAMENTO;NAO INFORMADO; CARGO COMISSION.S/VINCULO;7473,03;;7473,03;1541,26;5931,77;
LETICIA MARA MESQUITA DA SILVA;SECRETARIA EXECUTIVA;CHEFE DE DEPARTAMENTO;NAO INFORMADO; CARGO COMISSION.S/VINCULO;5729,77;;5729,77;992,73;4737,04;
LIGIA AUGUSTA RIBEIRO DOS S COSTA;REMANEJADOS SETRAB;TECNICO 3A CLASSE;; ESTATUTARIO;4591,90;;4591,90;424,07;4167,83;
LIGIA LAISE DE ARAUJO LOBATO;SECRETARIA EXECUTIVA;ASSESSOR II;NAO INFORMADO; CARGO COMISSION.S/VINCULO;4709,79;;4709,79;652,57;4057,22;
LILIA MARINA FERREIRA DE ASSUNÇÃO;SECRETARIA EXECUTIVA;CHEFE DE DEPARTAMENTO;NAO INFORMADO; CARGO COMISSION.S/VINCULO;5729,77;;5729,77;992,73;4737,04;
LORENA MENDONCA FONSECA;GERENCIA DE APOIO LOGISTICO;ASSESSOR II;NAO INFORMADO; CARGO COMISSION.S/VINCULO;4709,79;;4709,79;652,57;4057,22;
LUCIANI AGUIAR PINTO;SECRETARIA EXECUTIVA;CHEFE DE DEPARTAMENTO;NAO INFORMADO; CARGO COMISSION.S/VINCULO;5729,77;;5729,77;950,08;4779,69;
LUCKAS PIMENTA MORAES;GERENCIA DE MAT. E PATRIMONIO;ASSESSOR III;; CARGO COMISSION.S/VINCULO;3691,80;;3691,80;379,31;3312,49;
LUIZ BERNARDO FERREIRA PINTO;SECRETARIA EXECUTIVA;GERENTE;NAO INFORMADO; CARGO COMISSION.S/VINCULO;4709,79;;4709,79;652,57;4057,22;
LUIZ FELIPE LIMA ROCHA;SECRETARIA EXECUTIVA;A.OPE-III;GERENTE; ESTATUTARIO;5271,54;;5271,54;583,96;4687,58;
LUIZA PINHEIRO RODRIGUES;DEPTO.DE ADM.E FINANCAS;ASSESSOR III;NAO INFORMADO; CARGO COMISSION.S/VINCULO;3691,80;;3691,80;379,31;3312,49;
LUPUNA CORREA DE SOUZA;SECRETARIA EXECUTIVA;GERENTE;NAO INFORMADO; CARGO COMISSION.S/VINCULO;4709,79;;4709,79;652,57;4057,22;
LUZANHA BUDIENE DE ARAUJO ZANOLI;REMANEJADOS SETRAB;ASSISTENTE TECNICO 3A CLASSE;OFICIAL DE GABINETE; ESTATUTARIO;3486,28;;3486,28;186,00;3300,28;
MANOEL RIBEIRO DE OLIVEIRA;REMANEJADOS SETRAB;A.TEC-I;; ESTATUTARIO;4062,62;;4062,62;368,45;3694,17;
MARCELO GOMES DE OLIVEIRA;DEPTO.DE ADMINIST.E FINANCAS;A.TEC-II;; ESTATUTARIO;5355,28;;5355,28;338,20;5017,08;
MARCIA SOUZA AMORIM LOBATO;GABINETE DO SECRETARIO;ASSESSOR II;NAO INFORMADO; CARGO COMISSION.S/VINCULO;4709,79;;4709,79;652,57;4057,22;
MARCIO ANDRE MARIALVA MENEZES;SECRETARIA EXECUTIVA;ASSESSOR III;NAO INFORMADO; CARGO COMISSION.S/VINCULO;3691,80;;3691,80;379,31;3312,49;
MARCO ANTONIO DE OLIVEIRA VILLELA;SECRETARIA EXECUTIVA;SECRETARIO EXECUTIVO;NAO INFORMADO; CARGO COMISSION.S/VINCULO;12200,00;;12200,00;2789,04;9410,96;
MARCOS ANTONIO SOUZA DOS SANTOS;REMANEJADOS SETRAB;A.TEC-II;; ESTATUTARIO;4141,46;;4141,46;308,53;3832,93;
MARCUS ANTONIO NOBRE DE ARAUJO;DEPTO.POL.IND.E COMERCIAIS;A.TEC-I;; ESTATUTARIO;26222,32;;26222,32;8396,07;17826,25;
MARGARETE SOCORRO LAVAREDA OLIVEIRA;REMANEJADOS SETRAB;MONITOR 2A CLASSE;; ESTATUTARIO;2593,77;;2593,77;111,69;2482,08;
MARIA ANTONIA ALEXANDRE MELO;DEPTO.POL.IND.E COMERCIAIS;A.TEC-I;ASSISTENTE TECNICO; ESTATUTARIO;4429,12;;4429,12;363,67;4065,45;
MARIA AUXILIADORA GOMES BEZERRA;DEPARTAMENTO DE PLANEJAMENTO;TNS-I;; ESTATUTARIO;7263,22;;7263,22;1353,30;5909,92;
MARIA CAMILA FOWLER BARROS;DEPTO.POL.IND.E COMERCIAIS;A.TEC-I;; ESTATUTARIO;23036,38;;23036,38;7464,05;15572,33;
MARIA CELESTE DA COSTA FREITAS;DEPARTAMENTO DE PLANEJAMENTO;TNS-I;; ESTATUTARIO;5781,69;;5781,69;952,74;4828,95;
MARIA DAS GRACAS BRANDAO DOS REIS;DEPARTAMENTO DE PLANEJAMENTO;GERENTE;; CARGO COMISSION.S/VINCULO;4709,79;;4709,79;652,57;4057,22;
MARIA DAS GRACAS COSTA BRINGEL;DEPTO.POL.IND.E COMERCIAIS;TECNICO DE INCENTIVO 1A.CL.-T.INC-I;; ESTATUTARIO;19308,48;;19308,48;5879,73;13428,75;
MARIA DE FATIMA LOPES DE ASSIS;SECRETARIA EXECUTIVA;GERENTE;NAO INFORMADO; CARGO COMISSION.S/VINCULO;4709,79;;4709,79;652,57;4057,22;
MARIA DE LOURDES GALVAO LIMA;REMANEJADOS SETRAB;AUX.S.G-II;; ESTATUTARIO;3020,15;;3020,15;208,50;2811,65;
MARIA DE LOURDES RAMOS DA SILVA;REMANEJADOS SETRAB;A.TEC-I;; ESTATUTARIO;2886,26;;2886,26;233,51;2652,75;
MARIA DO PERPETUO SOCORRO C MIRANDA;REMANEJADOS SETRAB;AUX.S.G-II;; ESTATUTARIO;3020,15;;3020,15;208,50;2811,65;
MARIA DO PERPETUO SOCORRO R MACIEL;DEPARTAMENTO DE PLANEJAMENTO;TNS-II;TECNICO 3ª CLASSE; ESTATUTARIO;5576,37;;5576,37;876,07;4700,30;
MARIA DO ROSARIO ALENCAR DE SOUZA;DEPTO.POL.IND.E COMERCIAIS;A.TEC-I;ASSESSOR I; ESTATUTARIO;6395,97;;6395,97;907,85;5488,12;
MARIA DO ROSARIO SA DE OLIVEIRA;DEPTO.POL.IND.E COMERCIAIS;TECNICO DE INCENTIVO 2A.CL-T.INC-II;; ESTATUTARIO;47622,67;6695,74;40926,93;13847,46;27079,47;
MARIA ELIZABETH DE AZEVEDO NORONHA;REMANEJADOS SETRAB;A.TEC-II;; ESTATUTARIO;2843,46;;2843,46;222,30;2621,16;
MARIA IVANI DE CASTRO RODRIGUES;COM.POL.FIN.INV.ESTRATEGICOS;ASSESSOR I;; CARGO COMISSION.S/VINCULO;5729,77;;5729,77;992,73;4737,04;
MARIANA PEREIRA DE ALMEIDA COHEN;SECRETARIA EXECUTIVA;ASSESSOR III;NAO INFORMADO; CARGO COMISSION.S/VINCULO;3691,80;;3691,80;379,31;3312,49;
MARILIA BARROS CHAYEN MARTINS;REMANEJADOS SETRAB;A.TEC-I;; ESTATUTARIO;4440,04;;4440,04;395,58;4044,46;
MARLON JOSÉ LIMA DUTRA;SECRETARIA EXECUTIVA;GERENTE;NAO INFORMADO; CARGO COMISSION.S/VINCULO;4709,79;;4709,79;652,57;4057,22;
MARY ANNE GAMA PARENTE;GABINETE DO SECRETARIO;TEC. DE NIVEL SUPERIOR 1A CLASSE;CHEFE DE GABINETE; ESTATUTARIO;7252,62;;7252,62;1224,40;6028,22;
MILENA ARYCE MENTA BARKER;GABINETE DO SECRETARIO;GERENTE;GERENTE AD2; CARGO COMISSION.S/VINCULO;4709,79;;4709,79;652,57;4057,22;
MILENA MARIA COSTA DA SILVA;SECRETARIA EXECUTIVA;ASSESSOR III;NAO INFORMADO; CARGO COMISSION.S/VINCULO;3691,80;;3691,80;379,31;3312,49;
MURILO ALVES DA CUNHA JUNIOR;REMANEJADOS SETRAB;TNS-I;; ESTATUTARIO;4668,88;;4668,88;609,05;4059,83;
NADEGE OLIVEIRA DA SILVA SANTOS;REMANEJADOS SETRAB;A.TEC-I;; ESTATUTARIO;3619,09;;3619,09;300,87;3318,22;
NADJA SIMOES BARBOSA BRITO;GABINETE DO SECRETARIO;A.TEC-I;; ESTATUTARIO;21619,11;;21619,11;6667,55;14951,56;
NAIRO SILVA ALENCAR;SECRETARIA EXECUTIVA;ASSESSOR III;NAO INFORMADO; CARGO COMISSION.S/VINCULO;3691,80;;3691,80;360,24;3331,56;
NATACHA SOARES BULCÃO DA COSTA;SECRETARIA EXECUTIVA;ASSESSOR III;NAO INFORMADO; CARGO COMISSION.S/VINCULO;3691,80;;3691,80;379,31;3312,49;
NATALIA SAGAYDO;SECRETARIA EXECUTIVA;GERENTE;NAO INFORMADO; CARGO COMISSION.S/VINCULO;4709,79;;4709,79;652,57;4057,22;
NAYRA DOS SANTOS MOUMEH;SECRETARIA EXECUTIVA;ASSESSOR II;NAO INFORMADO; CARGO COMISSION.S/VINCULO;4209,79;;4209,79;622,77;3587,02;
NAZARE MIRANDA DA SILVA;REMANEJADOS SETRAB;ASSISTENTE TECNICO 3A CLASSE;; ESTATUTARIO;4086,28;;4086,28;219,12;3867,16;
NEILA DO ROSÁRIO MONTEIRO DA SILVA;ASSESSORIA JURIDICA;ASSESSOR I;NAO INFORMADO; CARGO COMISSION.S/VINCULO;5729,77;;5729,77;950,08;4779,69;
NEILA MARIA DANTAS AZRAK;SECRETARIA EXECUTIVA;SECRETARIO EXECUTIVO;NAO INFORMADO; CARGO COMISSION.S/VINCULO;16100,00;;16100,00;3965,82;12134,18;
NEILA MOREIRA DE OLIVEIRA;REMANEJADOS SETRAB;AGENTE ADMINISTRATIVO 3A CLASSE;; ESTATUTARIO;3477,54;;3477,54;183,65;3293,89;
NELSON GOMES COSTA;DEPTO.DE ADM.E FINANCAS;ASSESSOR III;NAO INFORMADO; CARGO COMISSION.S/VINCULO;3691,80;;3691,80;379,31;3312,49;
NILSON TAVARES PIMENTEL;DEPTO.POL.P/O SETOR TERCIARIO;TECNICO DE INCENTIVO 1A.CL.-T.INC-I;; ESTATUTARIO;54117,15;13190,22;40926,93;13720,58;27206,35;
OLGA SANTANA DE FREITAS;CAMARAS IND.AG.C.S.T.B.M.P.EMP;A.TEC-I;ASSI.TEC.NI/REFIII; ESTATUTARIO;4808,37;;4808,37;530,85;4277,52;
ORCINEIDE MARIA DA SILVA OLIVEIRA;REMANEJADOS SETRAB;A.TEC-I;; ESTATUTARIO;3610,34;;3610,34;298,52;3311,82;
ORLEY DE ANDRADE GERONIMO;SECRETARIA EXECUTIVA;ASSESSOR IV;NAO INFORMADO; CARGO COMISSION.S/VINCULO;3675,61;;3675,61;375,23;3300,38;
PATRICIA NINA FREITAS;SECRETARIA EXECUTIVA;ASSESSOR II;NAO INFORMADO; CARGO COMISSION.S/VINCULO;4709,79;;4709,79;594,34;4115,45;
PATRIK DA SILVA COSTA;SECRETARIA EXECUTIVA;ASSESSOR III;NAO INFORMADO; CARGO COMISSION.S/VINCULO;3691,80;;3691,80;379,31;3312,49;
PAULA FRANCINETTE DE L M RODRIGUES;DEPTO.DE DESENV.REGIONAL;A.TEC-I;; ESTATUTARIO;4201,57;;4201,57;385,38;3816,19;
PAULO DA COSTA FRANÇA;DEPTO.DE ADM.E FINANCAS;GERENTE;NAO INFORMADO; CARGO COMISSION.S/VINCULO;4709,79;;4709,79;652,57;4057,22;
PAULO RICARDO RODRIGUES DE SOUZA;DEPTO.DE ADM.E FINANCAS;CHEFE DE DEPARTAMENTO;; CARGO COMISSION.S/VINCULO;5729,77;;5729,77;992,73;4737,04;
POJUCAN JOSE BACELLAR DE SOUZA;ASSESSORIA DE COM.SOCIAL;TNS-I;; ESTATUTARIO;10885,15;;10885,15;3013,92;7871,23;
PRISCILA DA SILVA COSTA;GABINETE DO SECRETARIO;ASSESSOR III;; CARGO COMISSION.S/VINCULO;3691,80;;3691,80;379,31;3312,49;
PRISCILA SEELIGMANN DE F BESSA;SECRETARIA EXECUTIVA;ASSESSOR III;NAO INFORMADO; CARGO COMISSION.S/VINCULO;3691,80;;3691,80;379,31;3312,49;
PRISCYLLA DE PAULA DANTAS TOMAZ;GERENCIA DE GESTAO DE PESSOAL;ASSESSOR III;ASSESSOR III AD3; CARGO COMISSION.S/VINCULO;3691,80;;3691,80;379,31;3312,49;
RAIMUNDO EURIPEDES PAIVA;REMANEJADOS SETRAB;AUX.S.G-II;; ESTATUTARIO;2734,95;;2734,95;175,45;2559,50;
RAIMUNDO GILMAR VASCONCELOS BELEM;DEPTO.POL.IND.E COMERCIAIS;A.TEC-I;; ESTATUTARIO;18948,25;;18948,25;5956,38;12991,87;
RAIMUNDO NONATO SERUDO REBELO;REMANEJADOS SETRAB;A.TEC-I;; ESTATUTARIO;3214,34;;3214,34;219,73;2994,61;
RAIMUNDO NONATO SILVA DE OLIVEIRA;GERENCIA DE APOIO LOGISTICO;AUX.O-I;; ESTATUTARIO;3289,94;;3289,94;243,25;3046,69;
RAISSA CAVALCANTE DA SILVA;GABINETE DO SECRETARIO;SECRETARIO EXECUTIVO ADJUNTO;NAO INFORMADO; CARGO COMISSION.S/VINCULO;9500,00;;9500,00;2150,82;7349,18;
RENATO MENDES FREITAS;SECRETARIA EXECUTIVA;SECRETARIO EXECUTIVO;; DISP. OUTROS ESFERAS;10400,00;;10400,00;1801,00;8599,00;
RENILDA OLIVEIRA DE ABREU;SECRETARIA EXECUTIVA;GERENTE;NAO INFORMADO; CARGO COMISSION.S/VINCULO;4709,79;;4709,79;652,57;4057,22;
RICHARDSON GUTEMBERG COUTINHO LEMOS;SECRETARIA EXECUTIVA;ASSESSOR III;NAO INFORMADO; CARGO COMISSION.S/VINCULO;3691,80;;3691,80;379,31;3312,49;
RITA CASSIA MATIAS DA SILVEIRA;REMANEJADOS SETRAB;AGENTE ADMINISTRATIVO 3A CLASSE;; ESTATUTARIO;3486,28;;3486,28;186,00;3300,28;
RITA DE CASSIA ALMEIDA LIMA;DEPTO.DE DESENV.REGIONAL;TNS-I;; ESTATUTARIO;6684,64;;6684,64;1154,33;5530,31;
ROGER MATHEUS CINTRA MARANHÃO;ASSESSORIA JURIDICA;ASSESSOR III;NAO INFORMADO; CARGO COMISSION.S/VINCULO;3691,80;;3691,80;379,31;3312,49;
RONNAYANA RAYLA DOS SANTOS R SILVA;SECRETARIA EXECUTIVA;GERENTE;NAO INFORMADO; CARGO COMISSION.S/VINCULO;4709,79;;4709,79;652,57;4057,22;
ROOSEVELT ARAUJO FERREIRA;GERENCIA DE APOIO LOGISTICO;FISCAL RODOVIARIO;; ESTATUTARIO;3477,54;;3477,54;226,93;3250,61;
ROSA TEREZINHA ARANHA CARDOSO;REMANEJADOS SETRAB;A.TEC-I;CHEFE DE SERVICO; ESTATUTARIO;3255,06;;3255,06;281,05;2974,01;
ROSANGELA DE SOUZA BENTO;REMANEJADOS SETRAB;A.TEC-II;ASSESSOR II; ESTATUTARIO;6947,28;;6947,28;1052,04;5895,24;
ROSEMARY SILVA DE BRITO;REMANEJADOS SETRAB;AUX.S.G-II;; ESTATUTARIO;3416,15;;3416,15;238,20;3177,95;
SABRINA SENA DA FONSECA;GERENCIA DE MAT. E PATRIMONIO;GERENTE;; CARGO COMISSION.S/VINCULO;4709,79;;4709,79;652,57;4057,22;
SAMANTHA OLIVEIRA GOMES DA SILVA;DEPTO.DE ADM.E FINANCAS;CHEFE DE DEPARTAMENTO;NAO INFORMADO; CARGO COMISSION.S/VINCULO;5729,77;;5729,77;992,73;4737,04;
SAMEA MARIA ALMEIDA DE FREITAS;REMANEJADOS SETRAB;AUX.S.G-II;; ESTATUTARIO;2506,15;;2506,15;175,45;2330,70;
SAMUEL ARTUR MAIA MENDES;DEPARTAMENTO DE PLANEJAMENTO;GERENTE;; CARGO COMISSION.S/VINCULO;4709,79;;4709,79;652,57;4057,22;
SANDRA LEILA PINHEIRO DOS SANTOS;REMANEJADOS SETRAB;A.TEC-I;; ESTATUTARIO;3803,57;;3803,57;362,50;3441,07;
SANDRA MARIA ALEIXO DOS SANTOS;DEPTO.DES.ORG.E REC.HUMANOS;ASSISTENTE TECNICO 2A CLASSE;; ESTATUTARIO;4385,35;;4385,35;417,89;3967,46;
SANDRA MARIA PIRES JEHSUS;REMANEJADOS SETRAB;A.TEC-I;; ESTATUTARIO;2696,87;;2696,87;258,76;2438,11;
SERGIO ARAUJO CALDEIRA BRANT;CAMARAS IND.AG.C.S.T.B.M.P.EMP;SECRETARIO DAS CAMARAS;NAO INFORMADO; CARGO COMISSION.S/VINCULO;7473,03;;7473,03;1593,40;5879,63;
SIDELMA DA LUZ BARBOSA;REMANEJADOS SETRAB;MONITOR 3A CLASSE;; ESTATUTARIO;4095,02;;4095,02;278,34;3816,68;
SIDNEY ARAUJO DA SILVA;SECRETARIA EXECUTIVA;GERENTE;NAO INFORMADO; CARGO COMISSION.S/VINCULO;4709,79;;4709,79;652,57;4057,22;
SIGRID DA SILVA ABINADER;DEPTO.POL.IND.E COMERCIAIS;A.TEC-I;; ESTATUTARIO;25797,12;;25797,12;8241,28;17555,84;
SILENE RODRIGUES DE ALMEIDA;SEC.GER.CONS.DESEN.DO AM-CODAM;A.TEC-I;; ESTATUTARIO;14331,01;;14331,01;4102,94;10228,07;
SILVANO JANUARIO DA SILVA;REMANEJADOS SETRAB;A.TEC-II;; ESTATUTARIO;4141,46;;4141,46;336,97;3804,49;
SILVIA MARIA NASCIMENTO BRAGA;DEPTO.DE MICRO E PEQ.EMPRESA;A.TEC-I;; ESTATUTARIO;4430,07;;4430,07;421,48;4008,59;
SILVIA RODRIGUES DE MENEZES;CAMARAS IND.AG.C.S.T.B.M.P.EMP;A.TEC-II;; ESTATUTARIO;4176,05;;4176,05;375,46;3800,59;
SIMONE DA CONCEICAO PEREIRA ARAUJO;REMANEJADOS SETRAB;A.TEC-II;; ESTATUTARIO;4141,46;;4141,46;365,41;3776,05;
SONIA JANETE GUERRA DOS S GOMES;DEPARTAMENTO DE PLANEJAMENTO;ENGENHEIRO DE PESCA;SECRETARIO EXECUTIVO; ESTATUTARIO;13576,47;;13576,47;3207,51;10368,96;
SUBIAMARA SILVA LIRA;REMANEJADOS SETRAB;MONITOR 3A CLASSE;; ESTATUTARIO;2907,48;;2907,48;139,94;2767,54;
SUELY SANTOS PEREIRA;REMANEJADOS SETRAB;MONITOR 2A CLASSE;; ESTATUTARIO;4215,46;;4215,46;240,58;3974,88;
SYLVANIO RODRIGUES MEDEIROS;DEPTO.DE ANALISE ECONOMICA;GERENTE;NAO INFORMADO; CARGO COMISSION.S/VINCULO;6113,05;;6113,05;1083,99;5029,06;
TANIA REGINA DE SA RIBEIRO;DEPARTAMENTO DE PLANEJAMENTO;TNS-II;GERENTE; ESTATUTARIO;6796,47;;6796,47;1002,08;5794,39;
TATIANA SCHOR;SECRETARIA EXECUTIVA;SECRETARIO EXECUTIVO;; DISP. OUTROS ESFERAS;10400,00;;10400,00;1801,00;8599,00;
TELMA LUCIA NATIVIDADE ARAUJO;GERENCIA DE GESTAO DE PESSOAL;AGENTE ADMINISTRATIVO 3A CLASSE;GERENTE AD-2-; ESTATUTARIO;5280,28;;5280,28;501,56;4778,72;
THIAGO DE SOUZA LINS;GABINETE DO SECRETARIO;ASSESSOR II;NAO INFORMADO; CARGO COMISSION.S/VINCULO;4709,79;;4709,79;652,57;4057,22;
THIAGO GUIMARAES FRANCO;SECRETARIA EXECUTIVA;CHEFE DE DEPARTAMENTO;NAO INFORMADO; CARGO COMISSION.S/VINCULO;5729,77;;5729,77;992,73;4737,04;
VANESSA GOMES VIANNA;SECRETARIA EXECUTIVA;SECRETARIO DO COMITE;NAO INFORMADO; CARGO COMISSION.S/VINCULO;5729,77;;5729,77;992,73;4737,04;
VANGRESSA COSTA DE LIMA;REMANEJADOS SETRAB;ASSESSOR III;; CARGO COMISSION.S/VINCULO;3691,80;;3691,80;346,02;3345,78;
VANIA RITA MARTINS DAS NEVES;GERENCIA DE GESTAO DE PESSOAL;A.TEC-I;; ESTATUTARIO;4580,98;;4580,98;447,44;4133,54;
VERA RUTH CONDURU CORREA;GERENCIA DE GESTAO DE PESSOAL;TNS-I;; ESTATUTARIO;5601,27;;5601,27;887,14;4714,13;
VINICIUS MEDRADO TEIXEIRA;SECRETARIA EXECUTIVA;GERENTE;NAO INFORMADO; CARGO COMISSION.S/VINCULO;4709,79;;4709,79;652,57;4057,22;
WALDIMAR PEDROSA DE SOUZA;DEPTO.DE ADMINIST.E FINANCAS;AUX.S.G-I;; ESTATUTARIO;11815,87;;11815,87;3420,58;8395,29;
WALKISON PINHEIRO SOARES;GERENCIA DE APOIO LOGISTICO;AUX.S.G-II;; ESTATUTARIO;2170,93;;2170,93;175,45;1995,48;
WANDERLEY FEITOSA DA COSTA;GERENCIA DE APOIO LOGISTICO;GERENTE;NAO INFORMADO; CARGO COMISSION.S/VINCULO;4709,79;;4709,79;622,77;4087,02;
WILLIAM MONTEIRO DE FREITAS;REMANEJADOS SETRAB;MONITOR 2A CLASSE;; ESTATUTARIO;2805,77;;2805,77;133,45;2672,32;
WILSON BRITO E SILVA;SECRETARIA EXECUTIVA;GERENTE;NAO INFORMADO; CARGO COMISSION.S/VINCULO;4709,79;;4709,79;652,57;4057,22;
YASMIN BRAGA BARRETO;SECRETARIA EXECUTIVA;GERENTE;NAO INFORMADO; CARGO COMISSION.S/VINCULO;4709,79;;4709,79;652,57;4057,22;
YASMIN KAMYLLA JACAUNA PEREIRA;SECRETARIA EXECUTIVA;ASSESSOR IV;NAO INFORMADO; CARGO COMISSION.S/VINCULO;3075,61;;3075,61;259,85;2815,76;
ZACARIAS OLIVEIRA DA SILVA;GERENCIA DE APOIO LOGISTICO;MOT-II;; ESTATUTARIO;4252,91;;4252,91;385,44;3867,47;
