NOME;LOTACAO;CARGO;FUNCAO;VINCULO;REMUNERACAO LEGAL TOTAL(R$);DESC.TETO(R$); REMUNERACAO LEGAL DEVIDA(R$);DESCONTOS LEGAIS(R$);LIQUIDO DISPONIVEL(R$);
ACSA TOMAS LITAIFF;SUBCOMISSAO DE LICT.OBRAS.SERV;MEMBRO;; CONSELHO;7000,00;;7000,00;951,37;6048,63;
ADIL FARIAS DE MIRANDA JUNIOR;DEPARTAMENTO DE ADMINISTRACAO;ASSESSOR III;NAO INFORMADO; CARGO COMISSION.S/VINCULO;3191,80;;3191,80;379,31;2812,49;
ADRIANA GABRIELLE A RAMPIN;SUBCOMISSAO DE LICT.OBRAS.SERV;MEMBRO;; CONSELHO;7000,00;;7000,00;1055,64;5944,36;
ADRIANA VENTILARI MARTINS;CORREGEDORIA;ASSESSOR I;NAO INFORMADO; CARGO COMISSION.S/VINCULO;5229,77;;5229,77;992,73;4237,04;
AGEU SÁ MONTEIRO;DEPARTAMENTO EXECUTIVO;ASSESSOR I;ASSESSOR I; CARGO COMISSION.S/VINCULO;4229,77;;4229,77;659,23;3570,54;
ALBERT CESAR VIANA MONTEIRO;GABINETE DO PRESIDENTE;ASSIST.ADM.DA FAZENDA EST.3A.CL.IV;ASSESSOR II; ESTATUTARIO;5333,33;;5333,33;597,31;4736,02;
ALBERTO LUCIO DE SOUZA SIMONETTI;SUBCOMISSAO DE LICT.OBRAS.SERV;MEMBRO;; CONSELHO;7000,00;;7000,00;1003,50;5996,50;
ALDINE DE AGUIAR CASTRO GOMES;GABINETE DO PRESIDENTE;ASSESSOR I;NAO INFORMADO; CARGO COMISSION.S/VINCULO;4229,77;;4229,77;659,23;3570,54;
ALEXANDRE BATISTA MENDES;SUBCOMISSAO DE LICT.OBRAS.SERV;MEMBRO;; CONSELHO;7000,00;;7000,00;1003,50;5996,50;
ALINE NEGREIROS MARINHO;SUBCOMISSAO DE LICT.OBRAS.SERV;MEMBRO;; CONSELHO;7000,00;;7000,00;1003,50;5996,50;
ANA CAROLINA YAMANE SANTOS;CORREGEDORIA;ASSESSOR I;NAO INFORMADO; CARGO COMISSION.S/VINCULO;4229,77;;4229,77;659,23;3570,54;
ANA PAULA FROTA DE MELO;ASSESSORIA;ASSESSOR I;NAO INFORMADO; CARGO COMISSION.S/VINCULO;5229,77;;5229,77;992,73;4237,04;
ANA RUTH FERREIRA DE ARAUJO;ASSESSORIA;ASSESSOR II;NAO INFORMADO; CARGO COMISSION.S/VINCULO;3209,79;;3209,79;383,84;2825,95;
ANDERSON ORTIZ GRANJA DE SOUZA;DEPARTAMENTO EXECUTIVO;ASSESSOR I;NAO INFORMADO; CARGO COMISSION.S/VINCULO;5229,77;;5229,77;992,73;4237,04;
ANDRE AFONSO DOS SANTOS LOUREIRO;DEPARTAMENTO DE ADMINISTRACAO;ASSESSOR III;ASSESSOR III AD-3; CARGO COMISSION.S/VINCULO;3191,80;;3191,80;379,31;2812,49;
ANDREA DE FATIMA S CAVALCANTI;GABINETE DO PRESIDENTE;ANALISTA DO TESOURO EST.3A.CL.IV;ASSESSOR III; ESTATUTARIO;3857,71;426,88;3430,83;102,95;3327,88;
ANDREA LASMAR DE MENDONÇA RAMOS;GABINETE DO PRESIDENTE;VICE-PRESIDENTE;NAO INFORMADO; CARGO COMISSION.S/VINCULO;11700,00;;11700,00;2893,32;8806,68;
ANNE ELISA DO NASCIMENTO DE SOUSA;DEPARTAMENTO DE ADMINISTRACAO;ASSESSOR III;NAO INFORMADO; CARGO COMISSION.S/VINCULO;3191,80;;3191,80;379,31;2812,49;
ANTONIA NONATA DA SILVA GOMES;DEPARTAMENTO DE ADMINISTRACAO;ASSESSOR IV;ASSESSOR IV AD-4; CARGO COMISSION.S/VINCULO;1877,61;;1877,61;152,48;1725,13;
ANTONINA MARIA DE SOUSA PONTE;SUBCOMISSAO DE LICT.OBRAS.SERV;MEMBRO;; CONSELHO;7000,00;;7000,00;1055,64;5944,36;
ANTONIO JOSE GUERREIRO DA SILVA;SUBCOMISSAO DE LICT.OBRAS.SERV;MEMBRO;; CONSELHO;7000,00;;7000,00;1055,64;5944,36;
ANTONIO JURIMAR MAIA DE OLIVEIRA;DEPARTAMENTO DE ADMINISTRACAO;ASSESSOR IV;NAO INFORMADO; CARGO COMISSION.S/VINCULO;2179,61;;2179,61;179,66;1999,95;
ARIANE FURTADO DE CARVALHO;DEPARTAMENTO DE ADMINISTRACAO;ASSESSOR III;ASSESSOR III; CARGO COMISSION.S/VINCULO;3191,80;;3191,80;379,31;2812,49;
ARTHUR BRUNO SENA LIMA;GABINETE DO PRESIDENTE;ASSESSOR III;NAO INFORMADO; CARGO COMISSION.S/VINCULO;3191,80;;3191,80;379,31;2812,49;
AUGUSTO LOBATO RODRIGUES GUIMARAES;DEPARTAMENTO EXECUTIVO;ASSESSOR II;NAO INFORMADO; CARGO COMISSION.S/VINCULO;3209,79;;3209,79;383,84;2825,95;
CAMILA MAYARA FIGUEIRA CAMELO;GABINETE DO PRESIDENTE;ASSESSOR I;NAO INFORMADO; CARGO COMISSION.S/VINCULO;4229,77;;4229,77;659,23;3570,54;
CARLOS AUGUSTO LAURIA NORONHA;SUBCOMISSAO DE LICT.OBRAS.SERV;MEMBRO;MEMBRO SUBCOMISSAO; CONSELHO;7000,00;;7000,00;951,37;6048,63;
CARLOS KLINGER DE PAULA SEGUNDO;DEPARTAMENTO EXECUTIVO;ASSESSOR III;NAO INFORMADO; CARGO COMISSION.S/VINCULO;2591,80;;2591,80;262,86;2328,94;
CHALLA DE MEDEIROS SILVA;DEPARTAMENTO EXECUTIVO;ASSESSOR I;NAO INFORMADO; CARGO COMISSION.S/VINCULO;4229,77;;4229,77;659,23;3570,54;
CIBELE SAMPAIO DE ARAUJO;SUBCOMISSAO DE LICT.OBRAS.SERV;MEMBRO;; CONSELHO;7000,00;;7000,00;1055,64;5944,36;
CIRO LUIZ PINHEIRO DE OLIVEIRA;SUBCOMISSAO DE LICT.OBRAS.SERV;MEMBRO;; CONSELHO;7000,00;;7000,00;1055,64;5944,36;
CLAUDETE RAMOS VILELA;GABINETE DO PRESIDENTE;ASSIST.ADM.DA FAZENDA EST.3A.CL.IV;ASSESSOR II; ESTATUTARIO;4000,00;;4000,00;263,87;3736,13;
CREUZA TEREZA PAULINO CAVALCANTE;SUBCOMISSAO DE LICT.OBRAS.SERV;MEMBRO;; CONSELHO;7000,00;;7000,00;1055,64;5944,36;
DAIANA DA SILVA MARTINS;GABINETE DO PRESIDENTE;ASSESSOR I;NAO INFORMADO; CARGO COMISSION.S/VINCULO;4229,77;;4229,77;659,23;3570,54;
DANIEL MAIA TEIXEIRA;DEPARTAMENTO EXECUTIVO;ASSESSOR II;ASSESSOR II; CARGO COMISSION.S/VINCULO;3209,79;;3209,79;383,84;2825,95;
DANIELA FREITAS DE A BULCAO;GABINETE DO PRESIDENTE;ASSESSOR I;NAO INFORMADO; CARGO COMISSION.S/VINCULO;5229,77;;5229,77;907,42;4322,35;
DANIELA HAYDEN DA SILVA BARROSO;SUBCOMISSAO DE LICT.OBRAS.SERV;MEMBRO;; CONSELHO;7000,00;;7000,00;951,37;6048,63;
DANIELA MORGANTINI TAVARES TEMPESTA;GABINETE DO PRESIDENTE;ASSESSOR I AD-1;; CARGO COMISSION.S/VINCULO;5229,77;;5229,77;992,73;4237,04;
DANIELLE DE MIRANDA PONTES;DEPARTAMENTO DE ADMINISTRACAO;ASSESSOR III;; CARGO COMISSION.S/VINCULO;2195,80;;2195,80;181,12;2014,68;
DAVISON RODRIGUES BATISTA;SUBCOMISSAO DE LICT.OBRAS.SERV;MEMBRO;; CONSELHO;7000,00;;7000,00;1055,64;5944,36;
DIEGO BARROS JACOB;DEPARTAMENTO EXECUTIVO;ASSESSOR III;ASSESSOR III; CARGO COMISSION.S/VINCULO;3191,80;;3191,80;379,31;2812,49;
DJALMA ALBERTO DE SOUZA OLIVEIRA;SUBCOMISSAO DE LICT.OBRAS.SERV;MEMBRO;; CONSELHO;7000,00;;7000,00;1003,50;5996,50;
EDILBERTO SOUZA DOS SANTOS;GABINETE DO PRESIDENTE;ASSIST.ADM.DA FAZENDA EST.3A.CL.IV;GERENTE; ESTATUTARIO;5333,33;;5333,33;545,17;4788,16;
EDILSON BATISTA CAVALCANTE JUNIOR;GABINETE DO PRESIDENTE;ASSESSOR I;ASSESSOR I; CARGO COMISSION.S/VINCULO;5229,77;;5229,77;992,73;4237,04;
EDIMAR FRANÇA DA SILVA;DEPARTAMENTO EXECUTIVO;ASSESSOR II;NAO INFORMADO; CARGO COMISSION.S/VINCULO;4209,79;;4209,79;594,34;3615,45;
EDMAR ALVES CABRAL;GABINETE DO PRESIDENTE;ASSESSOR III;NAO INFORMADO; CARGO COMISSION.S/VINCULO;4681,30;;4681,30;809,82;3871,48;
EDSANDRA MAGALHAES FERREIRA;SUBCOMISSAO DE LICT.OBRAS.SERV;MEMBRO;MEMBRO; CONSELHO;7000,00;;7000,00;951,37;6048,63;
EDSON MELO DE SOUSA;GABINETE DO PRESIDENTE;ASSIST.ADM.DA FAZENDA EST.3A.CL.IV;GERENTE; ESTATUTARIO;4000,00;;4000,00;221,21;3778,79;
EDUARDO AUGUSTO DE SOUSA M MENDES;GABINETE DO PRESIDENTE;ANALISTA DO TESOURO EST.1A.CL.V;ASSESSOR III; ESTATUTARIO;3000,00;1107,65;1892,35;;1892,35;
EDUARDO REIS DOS SANTOS;GABINETE DO PRESIDENTE;ASSIST.ADM.DA FAZENDA EST.3A.CL.IV;ASSESSOR I; ESTATUTARIO;5000,00;;5000,00;453,50;4546,50;
EDVANIA CARLA DOS SANTOS PEREIRA;GABINETE DO PRESIDENTE;ASSESSOR III;NAO INFORMADO; CARGO COMISSION.S/VINCULO;3191,80;;3191,80;360,24;2831,56;
ERE BIANCA PARENTE DE ASSIS;GABINETE DO PRESIDENTE;ASSESSOR I;ASSESSOR I AD-1; CARGO COMISSION.S/VINCULO;5229,77;;5229,77;950,08;4279,69;
ERICA DOS SANTOS VIEIRA;SUBCOMISSAO DE LICT.OBRAS.SERV;MEMBRO;; CONSELHO;7000,00;;7000,00;1055,64;5944,36;
ERICA GOMES ALVES;GABINETE DO PRESIDENTE;ASSESSOR III;NAO INFORMADO; CARGO COMISSION.S/VINCULO;2591,80;;2591,80;262,86;2328,94;
ERNALDO COSTA DA SILVA;DEPARTAMENTO DE ADMINISTRACAO;ASSESSOR III;; CARGO COMISSION.S/VINCULO;2195,80;;2195,80;181,12;2014,68;
ESTEFANY DOS SANTOS CARVALHO;GABINETE DO PRESIDENTE;ASSESSOR III;NAO INFORMADO; CARGO COMISSION.S/VINCULO;2591,80;;2591,80;262,86;2328,94;
EZEQUIEL MARQUES ARAUJO LIMA;DEPARTAMENTO DE ADMINISTRACAO;ASSESSOR III;; CARGO COMISSION.S/VINCULO;3191,80;;3191,80;360,24;2831,56;
FABIO BARBOSA PEREIRA;GABINETE DO PRESIDENTE;TEC.DA FAZENDA ESTADUAL 3A.CL.IV;ASSESSOR III; ESTATUTARIO;3000,00;;3000,00;67,98;2932,02;
FABIO BRUNO CAMPOS;DEPARTAMENTO DE ADMINISTRACAO;ASSESSOR III;NAO INFORMADO; CARGO COMISSION.S/VINCULO;2591,80;;2591,80;262,86;2328,94;
FABIO ROCHA SILVA;GABINETE DO PRESIDENTE;ASSIST.ADM.DA FAZENDA EST.3A.CL.IV;ASSESSOR III; ESTATUTARIO;4000,00;;4000,00;188,32;3811,68;
FABIOLA MOTA GUALBERTO LIMA;ASSESSORIA;ASSESSOR I;NAO INFORMADO; CARGO COMISSION.S/VINCULO;4229,77;;4229,77;628,15;3601,62;
FABIOLA RODRIGUES DO NASCIMENTO;CORREGEDORIA;ASSESSOR III;NAO INFORMADO; CARGO COMISSION.S/VINCULO;3191,80;;3191,80;379,31;2812,49;
FABRICIO MAFRA DA SILVA;GABINETE DO PRESIDENTE;ASSIST.ADM.DA FAZENDA EST.3A.CL.IV;GERENTE; ESTATUTARIO;4000,00;;4000,00;263,87;3736,13;
FELIPE SILVA DE LIMA;CORREGEDORIA;ASSESSOR I;NAO INFORMADO; CARGO COMISSION.S/VINCULO;5229,77;;5229,77;992,73;4237,04;
FELISMINO FRANCISCO SOARES NETO;SUBCOMISSAO DE LICT.OBRAS.SERV;MEMBRO;; CONSELHO;7000,00;;7000,00;1055,64;5944,36;
FERNANDO QUEIROZ DE LIMA;DEPARTAMENTO DE ADMINISTRACAO;ASSESSOR III;ASSESSOR III; CARGO COMISSION.S/VINCULO;2195,80;;2195,80;181,12;2014,68;
FIDEL FRANCISCO CONCEIÇÃO OLIVEIRA;DEPARTAMENTO EXECUTIVO;ASSESSOR III;NAO INFORMADO; CARGO COMISSION.S/VINCULO;3191,80;;3191,80;379,31;2812,49;
FLAVIANO DRUMOND DE OLIVEIRA;SUBCOMISSAO DE LICT.OBRAS.SERV;MEMBRO;; CONSELHO;7000,00;;7000,00;951,37;6048,63;
GABRYELLE ROCHA DE LIMA BASTOS;GABINETE DO PRESIDENTE;ASSESSOR III;; CARGO COMISSION.S/VINCULO;2195,80;;2195,80;181,12;2014,68;
GINA GUIMARAES CAMPELO;GABINETE DO PRESIDENTE;ASSESSOR III;NAO INFORMADO; CARGO COMISSION.S/VINCULO;2195,80;;2195,80;181,12;2014,68;
GREICIANE FERREIRA BRASIL;DEPARTAMENTO DE ADMINISTRACAO;ASSESSOR IV;ASSESSOR IV; CARGO COMISSION.S/VINCULO;1877,61;;1877,61;152,48;1725,13;
GYESE KANAWATI LASMAR;SUBCOMISSAO DE LICT.OBRAS.SERV;MEMBRO;MEMBRO; CONSELHO;7000,00;;7000,00;951,37;6048,63;
HEDLEN MARIA BARROSO GUEDES FREITAS;GABINETE DO PRESIDENTE;ASSESSOR I;ASSESSOR I AD-1; CARGO COMISSION.S/VINCULO;5229,77;;5229,77;950,08;4279,69;
HELEN MARA BARROSO GUEDES OLIVEIRA;ASSESSORIA;ASSESSOR I;NAO INFORMADO; CARGO COMISSION.S/VINCULO;5229,77;;5229,77;992,73;4237,04;
IRIS MODESTO DE VERAS;CONSULTORIA JURIDICA;ASSESSOR III;NAO INFORMADO; CARGO COMISSION.S/VINCULO;2591,80;;2591,80;262,86;2328,94;
ISABEL MARIA DE ARAUJO BRITO;DEPARTAMENTO DE ADMINISTRACAO;ASSESSOR IV;ASSESSOR IV AD-4; CARGO COMISSION.S/VINCULO;1877,61;;1877,61;152,48;1725,13;
IZABELLE CRISTINA VIEIRA SILVA;GABINETE DO PRESIDENTE;ASSESSOR I;NAO INFORMADO; CARGO COMISSION.S/VINCULO;5229,77;;5229,77;992,73;4237,04;
JACKSON ANTONIO BARBOZA DE SOUZA;DEPARTAMENTO EXECUTIVO;ASSESSOR II;NAO INFORMADO; CARGO COMISSION.S/VINCULO;3209,79;;3209,79;383,84;2825,95;
JAIME BATISTA DAS CHAGAS NETO;GABINETE DO PRESIDENTE;ASSESSOR III;NAO INFORMADO; CARGO COMISSION.S/VINCULO;1893,80;;1893,80;153,94;1739,86;
JAMES SALIM MUSSA;GABINETE DO PRESIDENTE;ASSESSOR I;NAO INFORMADO; CARGO COMISSION.S/VINCULO;5229,77;;5229,77;992,73;4237,04;
JAQUELINE CRUZ ALVES;DEPARTAMENTO DE ADMINISTRACAO;PROFESSOR PF20.LPL-IV;GERENTE AD-2; ESTATUTARIO;6174,76;;6174,76;997,30;5177,46;
JARDEL SOUZA DE OLIVEIRA;ASSESSORIA;ASSESSOR III;NAO INFORMADO; CARGO COMISSION.S/VINCULO;2591,80;;2591,80;262,86;2328,94;
JAYME MARQUES BRASIL JUNIOR;ASSESSORIA;ASSESSOR I;NAO INFORMADO; CARGO COMISSION.S/VINCULO;5229,77;;5229,77;992,73;4237,04;
JAYNNE DE ARAUJO MOREIRA;GABINETE DO PRESIDENTE;ASSESSOR III;NAO INFORMADO; CARGO COMISSION.S/VINCULO;3455,73;;3455,73;448,38;3007,35;
JOANNA DE LACERDA MOSS ESTEVES;GABINETE DO PRESIDENTE;ASSIST.ADM.DA FAZENDA EST.4A.CL.V;ASSESSOR I; ESTATUTARIO;5000,00;;5000,00;505,64;4494,36;
JOAO CARLOS BEZERRA DE A JUNIOR;SUBCOMISSAO DE LICT.OBRAS.SERV;MEMBRO;MEMBRO; CONSELHO;7000,00;;7000,00;426,00;6574,00;
JOSÉ DO ROSÁRIO DOS SANTOS DRUMOND;DEPARTAMENTO DE ADMINISTRACAO;ASSESSOR IV;NAO INFORMADO; CARGO COMISSION.S/VINCULO;2179,61;;2179,61;179,66;1999,95;
JOSE RIBAMAR MAIA DE OLIVEIRA;DEPARTAMENTO DE ADMINISTRACAO;ASSESSOR III;NAO INFORMADO; CARGO COMISSION.S/VINCULO;2195,80;;2195,80;181,12;2014,68;
KAMILLA DE MIRANDA BRITO;DEPARTAMENTO EXECUTIVO;ASSESSOR III;NAO INFORMADO; CARGO COMISSION.S/VINCULO;2927,73;;2927,73;325,35;2602,38;
KARLA ROBERTA MACEDO DE LIMA;GABINETE DO PRESIDENTE;TEC.DA FAZENDA ESTADUAL 3A.CL.IV;ASSESSOR III; ESTATUTARIO;3000,00;;3000,00;95,20;2904,80;
KEIVISON BRAZ GAMA;GABINETE DO PRESIDENTE;ASSESSOR IV;NAO INFORMADO; CARGO COMISSION.S/VINCULO;1665,61;;1665,61;133,40;1532,21;
KELLEN ETHER REBELO;DEPARTAMENTO DE ADMINISTRACAO;GERENTE;NAO INFORMADO; CARGO COMISSION.S/VINCULO;4209,79;;4209,79;652,57;3557,22;
KLEYTON COSTA DE LIMA;DEPARTAMENTO DE ADMINISTRACAO;ASSESSOR III;; CARGO COMISSION.S/VINCULO;3191,80;;3191,80;331,80;2860,00;
KLYSSIA ALVES DA SILVA;CORREGEDORIA;ASSESSOR I;NAO INFORMADO; CARGO COMISSION.S/VINCULO;5229,77;;5229,77;992,73;4237,04;
LARISSA ANTONIA SARAIVA MELO;GABINETE DO PRESIDENTE;ASSESSOR III;NAO INFORMADO; CARGO COMISSION.S/VINCULO;2591,80;;2591,80;262,86;2328,94;
LEANDRO DA SILVA AGUIAR;SUBCOMISSAO DE LICT.OBRAS.SERV;MEMBRO;MEMBROSUBCOMISSAO; CONSELHO;7000,00;;7000,00;1055,64;5944,36;
LEANDRO MENEZES DOS SANTOS;ASSESSORIA;ASSESSOR I;NAO INFORMADO; CARGO COMISSION.S/VINCULO;5229,77;;5229,77;992,73;4237,04;
LEILA DE QUEIROZ PONTES;SUBCOMISSAO DE LICT.OBRAS.SERV;MEMBRO;MEMBRO; CONSELHO;7000,00;;7000,00;1055,64;5944,36;
LEONARDO BRUNO BARBOSA MONTEIRO;SUBCOMISSAO DE LICT.OBRAS.SERV;MEMBRO;; CONSELHO;7000,00;;7000,00;1055,64;5944,36;
LEONARDO LIMA TOLEDANO;CORREGEDORIA;ASSESSOR I;ASSESSOR I; CARGO COMISSION.S/VINCULO;5229,77;;5229,77;992,73;4237,04;
LOHAN FERNANDES VERAS;GABINETE DO PRESIDENTE;ASSESSOR III;NAO INFORMADO; CARGO COMISSION.S/VINCULO;3191,80;;3191,80;379,31;2812,49;
LUANA MODESTO VERAS;DEPARTAMENTO EXECUTIVO;ASSESSOR I;NAO INFORMADO; CARGO COMISSION.S/VINCULO;4229,77;;4229,77;659,23;3570,54;
LUANA MUNIZ DE OLIVEIRA;GABINETE DO PRESIDENTE;ASSESSOR III;NAO INFORMADO; CARGO COMISSION.S/VINCULO;2591,80;;2591,80;262,86;2328,94;
LUCAS PIMENTEL VIEIRA;DEPARTAMENTO DE ADMINISTRACAO;ASSESSOR III;NAO INFORMADO; CARGO COMISSION.S/VINCULO;2591,80;;2591,80;262,86;2328,94;
LUCIANA COUTO CRESPO;SUBCOMISSAO DE LICT.OBRAS.SERV;MEMBRO;; CONSELHO;7000,00;;7000,00;1003,50;5996,50;
LUCIO ANTONIO SIMOES MONTEIRO;CORREGEDORIA;ASSESSOR I;NAO INFORMADO; CARGO COMISSION.S/VINCULO;5229,77;;5229,77;992,73;4237,04;
LUIZ ANDRE LIMA DE OLIVEIRA;GABINETE DO PRESIDENTE;ASSESSOR III;NAO INFORMADO; CARGO COMISSION.S/VINCULO;3191,80;;3191,80;352,77;2839,03;
LUIZ AUGUSTO RIBEIRO REBELO FILHO;GABINETE DO PRESIDENTE;ASSESSOR III;NAO INFORMADO; CARGO COMISSION.S/VINCULO;3191,80;;3191,80;379,31;2812,49;
MARCELLO ISPER DE OLIVEIRA;GABINETE DO PRESIDENTE;ASSESSOR I;NAO INFORMADO; CARGO COMISSION.S/VINCULO;5229,77;;5229,77;992,73;4237,04;
MARCELO GOMES DE OLIVEIRA;SUBCOMISSAO DE LICT.OBRAS.SERV;MEMBRO;; CONSELHO;7000,00;;7000,00;565,23;6434,77;
MARCELO MARCUS NOGUEIRA MARTINS;DEPARTAMENTO EXECUTIVO;ASSESSOR I;NAO INFORMADO; CARGO COMISSION.S/VINCULO;4229,77;;4229,77;659,23;3570,54;
MARCO AURELIO RIBEIRO ESTEVES;DEPARTAMENTO DE ADMINISTRACAO;ASSESSOR III;; CARGO COMISSION.S/VINCULO;3191,80;;3191,80;379,31;2812,49;
MARIA DA SILVA SEVALHO DE OLIVEIRA;GABINETE DO PRESIDENTE;ASSESSOR II;NAO INFORMADO; CARGO COMISSION.S/VINCULO;4209,79;;4209,79;652,57;3557,22;
MARIA INES SANTIAGO CAVALEIRO MELO;GABINETE DO PRESIDENTE;ASSESSOR I;; CARGO COMISSION.S/VINCULO;5229,77;;5229,77;992,73;4237,04;
MARIA LUIZA SANTANA DE OLIVEIRA;DEPARTAMENTO DE ADMINISTRACAO;ASSESSOR III;NAO INFORMADO; CARGO COMISSION.S/VINCULO;2195,80;;2195,80;181,12;2014,68;
MARLA MARYANNY STONE DO AMARAL;DEPARTAMENTO EXECUTIVO;ASSESSOR II;NAO INFORMADO; CARGO COMISSION.S/VINCULO;4209,79;;4209,79;652,57;3557,22;
MATHEUS BRITO DOS SANTOS;GABINETE DO PRESIDENTE;GERENTE;GERENTE; CARGO COMISSION.S/VINCULO;4209,79;;4209,79;652,57;3557,22;
MAYARA MORAES CORDEIRO;GABINETE DO PRESIDENTE;ASSESSOR III;NAO INFORMADO; CARGO COMISSION.S/VINCULO;3191,80;;3191,80;379,31;2812,49;
MELYNDA MARIA VIEIRALVES BECKER;GABINETE DO PRESIDENTE;ASSESSOR I;; CARGO COMISSION.S/VINCULO;5229,77;;5229,77;992,73;4237,04;
MICHEL DAS CHAGAS RIBEIRO;SUBCOMISSAO DE LICT.OBRAS.SERV;ASSESSOR I;NAO INFORMADO; CARGO COMISSION.S/VINCULO;3229,77;;3229,77;388,88;2840,89;
MICHELE KAKIHARA;GABINETE DO PRESIDENTE;ASSIST.ADM.DA FAZENDA EST.3A.CL.IV;ASSESSOR III; ESTATUTARIO;3000,00;;3000,00;95,20;2904,80;
MIRIAN SAMARA DE OLIVEIRA SANTIAGO;GABINETE DO PRESIDENTE;ASSESSOR I;NAO INFORMADO; CARGO COMISSION.S/VINCULO;5229,77;;5229,77;992,73;4237,04;
MIUCHA SANTAREM FAVACHO;ASSESSORIA;ASSESSOR I;NAO INFORMADO; CARGO COMISSION.S/VINCULO;5229,77;;5229,77;992,73;4237,04;
NATASHA MELO DE MENDONCA;DEPARTAMENTO EXECUTIVO;ASSESSOR III;NAO INFORMADO; CARGO COMISSION.S/VINCULO;2591,80;;2591,80;262,86;2328,94;
NATHALIA DE PAULA VASCONCELOS;GABINETE DO PRESIDENTE;ASSESSOR III;NAO INFORMADO; CARGO COMISSION.S/VINCULO;2591,80;;2591,80;262,86;2328,94;
NAYLA GONÇALVES LIMA LOBATO;ASSESSORIA;ASSESSOR I;NAO INFORMADO; CARGO COMISSION.S/VINCULO;5229,77;;5229,77;992,73;4237,04;
ORLEANDESON SILVA DE CASTRO;GABINETE DO PRESIDENTE;ASSESSOR I;NAO INFORMADO; CARGO COMISSION.S/VINCULO;5229,77;;5229,77;992,73;4237,04;
PAOLA DI ANGELIS BRASIL PASSOS;DEPARTAMENTO DE ADMINISTRACAO;GERENTE;NAO INFORMADO; CARGO COMISSION.S/VINCULO;4209,79;;4209,79;622,77;3587,02;
PATRICIA RENATA DE Q NASCIMENTO;DEPARTAMENTO DE ADMINISTRACAO;ASSESSOR II;NAO INFORMADO; CARGO COMISSION.S/VINCULO;3209,79;;3209,79;383,84;2825,95;
PAULINE CHIXARO VOSS;ASSESSORIA;ASSESSOR I;NAO INFORMADO; CARGO COMISSION.S/VINCULO;5229,77;;5229,77;992,73;4237,04;
PAULO VICTOR NOBRE LANGBECK;GABINETE DO PRESIDENTE;ASSESSOR II;ASSESSOR II; CARGO COMISSION.S/VINCULO;3209,79;;3209,79;383,84;2825,95;
PRISCIANY COSTA DE FREITAS;GABINETE DO PRESIDENTE;ASSESSOR I;; CARGO COMISSION.S/VINCULO;5229,77;;5229,77;992,73;4237,04;
RAFFAEL AUGUSTO OLIVEIRA E SILVA;GABINETE DO PRESIDENTE;ASSESSOR III;NAO INFORMADO; CARGO COMISSION.S/VINCULO;3191,80;;3191,80;379,31;2812,49;
RAIMUNDO NONATO FIGUEIRA DA FROTA;GABINETE DO PRESIDENTE;TEC.DA FAZENDA ESTADUAL 3A.CL.IV;ASSESSOR III; ESTATUTARIO;3000,00;;3000,00;67,98;2932,02;
RAISSA LOPES ELIAS STONE;GABINETE DO PRESIDENTE;ASSESSOR I;; CARGO COMISSION.S/VINCULO;5229,77;;5229,77;950,08;4279,69;
REGINA PEREIRA DA SILVA;GABINETE DO PRESIDENTE;ASSESSOR III;NAO INFORMADO; CARGO COMISSION.S/VINCULO;3191,80;;3191,80;379,31;2812,49;
ROBERSON PAULO DA SILVA;CORREGEDORIA;ASSESSOR I;ASSESSOR I; CARGO COMISSION.S/VINCULO;5229,77;;5229,77;992,73;4237,04;
ROBERVAL TEIXEIRA RUIZ;SUBCOMISSAO DE LICT.OBRAS.SERV;MEMBRO;; CONSELHO;7000,00;;7000,00;1055,64;5944,36;
RODRIGO NELSON AMARAL OLIVEIRA;GABINETE DO PRESIDENTE;ASSESSOR I;NAO INFORMADO; CARGO COMISSION.S/VINCULO;5639,69;;5639,69;1146,16;4493,53;
RODRIGO RODRIGUES DO COUTO;DEPARTAMENTO EXECUTIVO;ASSESSOR III;NAO INFORMADO; CARGO COMISSION.S/VINCULO;3191,80;;3191,80;379,31;2812,49;
ROSANY SIMÕES CHAVES;CORREGEDORIA;ASSESSOR I;NAO INFORMADO; CARGO COMISSION.S/VINCULO;6973,03;;6973,03;1593,40;5379,63;
ROZANA DE ALMEIDA FARIAS;CORREGEDORIA;ASSESSOR III;NAO INFORMADO; CARGO COMISSION.S/VINCULO;3191,80;;3191,80;379,31;2812,49;
RUI JORGE PIEDADE DE LIMA;DEPARTAMENTO DE ADMINISTRACAO;ASSESSOR IV;ASSESSOR IV; CARGO COMISSION.S/VINCULO;2179,61;;2179,61;179,66;1999,95;
SALIME SOUZA NOBREGA;DEPARTAMENTO EXECUTIVO;ASSESSOR I;NAO INFORMADO; CARGO COMISSION.S/VINCULO;5229,77;;5229,77;992,73;4237,04;
SAMANTA GONZAGA DE FIGUEIREDO;DEPARTAMENTO EXECUTIVO;ASSESSOR IV;ASSESSOR IV; CARGO COMISSION.S/VINCULO;3175,61;;3175,61;375,23;2800,38;
SAMUEL PINHEIRO WANDERLEY DA SILVA;GABINETE DO PRESIDENTE;ASSESSOR III;NAO INFORMADO; CARGO COMISSION.S/VINCULO;2591,80;;2591,80;262,86;2328,94;
SANDRÉA ISRAEL SANTANA;GABINETE DO PRESIDENTE;ASSESSOR II;NAO INFORMADO; CARGO COMISSION.S/VINCULO;4209,79;;4209,79;652,57;3557,22;
SAYTA MOANA MARTINS SOARES;GABINETE DO PRESIDENTE;ASSESSOR II;NAO INFORMADO; CARGO COMISSION.S/VINCULO;4209,79;;4209,79;652,57;3557,22;
SIMONE DA COSTA MARTINS ESTEVAM;DEPARTAMENTO DE ADMINISTRACAO;ASSESSOR IV;ASSESSOR IV AD-4; CARGO COMISSION.S/VINCULO;1877,61;;1877,61;152,48;1725,13;
SORAYA LOPES NERY;GABINETE DO PRESIDENTE;ASSESSOR III;NAO INFORMADO; CARGO COMISSION.S/VINCULO;3191,80;;3191,80;379,31;2812,49;
STELLA BRUNA DE JESUS P C MARTINS;DEPARTAMENTO EXECUTIVO;ASSESSOR I;NAO INFORMADO; CARGO COMISSION.S/VINCULO;5639,69;;5639,69;1146,16;4493,53;
TALITA PIMENTA CORREA;DEPARTAMENTO DE ADMINISTRACAO;ASSESSOR III;ASSESSOR III AD-3; CARGO COMISSION.S/VINCULO;2927,73;;2927,73;325,35;2602,38;
TATIANNE PEREIRA NAZARE;ASSESSORIA;ASSESSOR I;NAO INFORMADO; CARGO COMISSION.S/VINCULO;6973,03;;6973,03;1593,40;5379,63;
THAIS MARTINS ALVES;CORREGEDORIA;ASSESSOR I;NAO INFORMADO; CARGO COMISSION.S/VINCULO;5229,77;;5229,77;907,42;4322,35;
THAIZA FABIANE CARRIÇO CORREA;ASSESSORIA;ASSESSOR I;NAO INFORMADO; CARGO COMISSION.S/VINCULO;5229,77;;5229,77;907,42;4322,35;
THATIANE MUNIZ TAVARES;GABINETE DO PRESIDENTE;ASSESSOR I;NAO INFORMADO; CARGO COMISSION.S/VINCULO;5229,77;;5229,77;992,73;4237,04;
THIAGO ANDRADE CASTELLO BRANCO;SUBCOMISSAO DE LICT.OBRAS.SERV;MEMBRO;MEMBRO SUBCOMISSAO; CONSELHO;7000,00;;7000,00;1003,50;5996,50;
THIAGO FERREIRA DA CRUZ;GABINETE DO PRESIDENTE;ASSESSOR III;NAO INFORMADO; CARGO COMISSION.S/VINCULO;3191,80;;3191,80;379,31;2812,49;
THIAGO FLORES DOS SANTOS;GABINETE DO PRESIDENTE;COORDENADOR CCGOV;NAO INFORMADO; CARGO COMISSION.S/VINCULO;9000,00;;9000,00;2150,82;6849,18;
VAN DAMME ALBUQUERQUE PAES;GABINETE DO PRESIDENTE;ASSESSOR III;NAO INFORMADO; CARGO COMISSION.S/VINCULO;2591,80;;2591,80;262,86;2328,94;
VANESSA JACA NA FERREIRA;ASSESSORIA;ASSESSOR I;NAO INFORMADO; CARGO COMISSION.S/VINCULO;5229,77;;5229,77;992,73;4237,04;
VANESSA ROSAS KRAMER;GABINETE DO PRESIDENTE;ASSESSOR I;NAO INFORMADO; CARGO COMISSION.S/VINCULO;5229,77;;5229,77;992,73;4237,04;
VANISON FRANCISCO LORENÇO DE MELO;GABINETE DO PRESIDENTE;ASSESSOR III;NAO INFORMADO; CARGO COMISSION.S/VINCULO;3191,80;;3191,80;379,31;2812,49;
WAGNER DE ALMEIDA SILVA;DEPARTAMENTO DE ADMINISTRACAO;ASSESSOR III;ASSESSOR III AD-3; CARGO COMISSION.S/VINCULO;3191,80;;3191,80;379,31;2812,49;
WALTER SIQUEIRA BRITO;GABINETE DO PRESIDENTE;PRESIDENTE;NAO INFORMADO; DISP. OUTROS ESFERAS;23851,00;14823,74;9027,26;1613,14;7414,12;
WILSON ALEXANDRE TAVARES;DEPARTAMENTO DE ADMINISTRACAO;ASSESSOR III;; CARGO COMISSION.S/VINCULO;2591,80;;2591,80;262,86;2328,94;
WIVIANNE SANTOS DA SILVA;ASSESSORIA;ASSESSOR I;NAO INFORMADO; CARGO COMISSION.S/VINCULO;4229,77;;4229,77;659,23;3570,54;
