NOME;LOTACAO;CARGO;FUNCAO;VINCULO;REMUNERACAO LEGAL TOTAL(R$);DESC.TETO(R$); REMUNERACAO LEGAL DEVIDA(R$);DESCONTOS LEGAIS(R$);LIQUIDO DISPONIVEL(R$);
ADEMIR LIMA DE SOUZA;CB - CIVIL;ENG.O-I;ENG OPERACIONAL; ESTATUTARIO;4520,46;;4520,46;847,65;3672,81;
ALBERTO COELHO NETO;COMANDO GERAL;A.TEC-I;; ESTATUTARIO;4551,80;;4551,80;421,23;4130,57;
ALESSANDRA OLIVEIRA AMADOR;DEFESA CIV.DO EST.DO AMAZONAS;CHEFE DE DEPARTAMENTO;ASSESSOR I; CARGO COMISSION.S/VINCULO;5849,77;;5849,77;992,73;4857,04;
BARBARA COSTA FERREIRA;COMANDO GERAL;ASSESSOR I;; CARGO COMISSION.S/VINCULO;5849,77;;5849,77;992,73;4857,04;
CAMILA DE CASTRO SOARES;DEFESA CIV.DO EST.DO AMAZONAS;CHEFE DE DEPARTAMENTO;NAO INFORMADO; CARGO COMISSION.S/VINCULO;5849,77;;5849,77;992,73;4857,04;
CLEIVISON SOUZA PINHEIRO;COMANDO GERAL;ASSESSOR I;; CARGO COMISSION.S/VINCULO;5849,77;;5849,77;864,76;4985,01;
CRISTINA TAILA DE JESUS MORAES;COMANDO GERAL;ASSESSOR I;NAO INFORMADO; CARGO COMISSION.S/VINCULO;6658,26;;6658,26;1130,56;5527,70;
DANIEL DE LIMA ALBUQUERQUE;CB - CIVIL;ASSESSOR I;; CARGO COMISSION.S/VINCULO;5849,77;;5849,77;992,73;4857,04;
DHIEGO NEGREIROS DE FREITAS;DEFESA CIV.DO EST.DO AMAZONAS;CHEFE DE GABINETE;NAO INFORMADO; CARGO COMISSION.S/VINCULO;5849,77;;5849,77;992,73;4857,04;
ENEIDE PEREIRA REIS;DEFESA CIV.DO EST.DO AMAZONAS;ASSESSOR II;NAO INFORMADO; CARGO COMISSION.S/VINCULO;4829,79;;4829,79;652,57;4177,22;
EWILA SOUTO COSTA;DEFESA CIV.DO EST.DO AMAZONAS;ASSESSOR III;NAO INFORMADO; CARGO COMISSION.S/VINCULO;5328,51;;5328,51;738,86;4589,65;
FUNMILAYO KATHERINE OGUNNIYA;DEFESA CIV.DO EST.DO AMAZONAS;ASSESSOR II;NAO INFORMADO; CARGO COMISSION.S/VINCULO;4829,79;;4829,79;652,57;4177,22;
JESSYCA LEVER DOS SANTOS DANTAS;DEFESA CIV.DO EST.DO AMAZONAS;ASSESSOR II;NAO INFORMADO; CARGO COMISSION.S/VINCULO;4829,79;;4829,79;652,57;4177,22;
JORGE NELSON DA CUNHA MENDONCA;CB - CIVIL;A.TEC-I;; ESTATUTARIO;4579,98;;4579,98;429,09;4150,89;
JOSIMAR MOREIRA MATOS DE SOUZA;COMANDO GERAL;ASSESSOR II;; CARGO COMISSION.S/VINCULO;3229,79;;3229,79;266,20;2963,59;
JUAREZ NASCIMENTO DE OLIVEIRA FILHO;DEFESA CIV.DO EST.DO AMAZONAS;ASSESSOR I;NAO INFORMADO; CARGO COMISSION.S/VINCULO;5849,77;;5849,77;992,73;4857,04;
JUNIA DE CARVALHO TORRES;CB - CIVIL;AGENTE ADMINISTRATIVO 1A CLASSE;; ESTATUTARIO;3891,24;;3891,24;191,25;3699,99;
KAROLINE QUEIROZ DE BARROS;DEFESA CIV.DO EST.DO AMAZONAS;ASSESSOR II;NAO INFORMADO; CARGO COMISSION.S/VINCULO;3229,79;;3229,79;266,20;2963,59;
LARISSA BARROSO SEGADILHA FRANCA;DEFESA CIV.DO EST.DO AMAZONAS;ASSESSOR I;NAO INFORMADO; CARGO COMISSION.S/VINCULO;5849,77;;5849,77;992,73;4857,04;
LEILA CRISTINA DOS SANTOS AZEVEDO;DEFESA CIV.DO EST.DO AMAZONAS;COORDENADOR REGIONAL;NAO INFORMADO; CARGO COMISSION.S/VINCULO;5849,77;;5849,77;992,73;4857,04;
LUCAS DA SILVA LIMA;DEFESA CIV.DO EST.DO AMAZONAS;ASSESSOR III;NAO INFORMADO; CARGO COMISSION.S/VINCULO;3811,80;;3811,80;379,31;3432,49;
MARCIA GUERREIRO PINHEIRO;DEFESA CIV.DO EST.DO AMAZONAS;COORDENADOR REGIONAL;NAO INFORMADO; CARGO COMISSION.S/VINCULO;5849,77;;5849,77;992,73;4857,04;
MARIA ALZIRA BARBOSA ASSUMPCAO;COMANDO GERAL;AUX.ADM-I;ARQUIVISTA; ESTATUTARIO;4386,94;;4386,94;377,77;4009,17;
MARIA DE FATIMA RODRIGUES ONETY;COMANDO GERAL;A.OPE-I;; ESTATUTARIO;3719,09;;3719,09;390,87;3328,22;
MARIA DE JESUS MONTEIRO DUARTE;COMANDO GERAL;A.TEC-I;; ESTATUTARIO;4304,26;;4304,26;379,18;3925,08;
MARIA DO PERPETUO SOCORRO V ARAUJO;COMANDO GERAL;A.TEC-I;; ESTATUTARIO;4539,15;;4539,15;418,02;4121,13;
MICHAEL LIMA DE MELO;DEFESA CIV.DO EST.DO AMAZONAS;ASSESSOR II;; CARGO COMISSION.S/VINCULO;4829,79;;4829,79;652,57;4177,22;
MICHELE DOS SANTOS AQUINO;DEFESA CIV.DO EST.DO AMAZONAS;ASSESSOR III;NAO INFORMADO; CARGO COMISSION.S/VINCULO;3811,80;;3811,80;379,31;3432,49;
MIRLENE PALHETA DE SOUZA;DEFESA CIV.DO EST.DO AMAZONAS;COORDENADOR REGIONAL;NAO INFORMADO; CARGO COMISSION.S/VINCULO;10124,93;;10124,93;3531,99;6592,94;
NILSON SILVA DA CUNHA;DEFESA CIV.DO EST.DO AMAZONAS;ASSESSOR II;NAO INFORMADO; CARGO COMISSION.S/VINCULO;4829,79;;4829,79;652,57;4177,22;
PATRICIA COSTA GUIMARAES;DEFESA CIV.DO EST.DO AMAZONAS;ASSESSOR II;NAO INFORMADO; CARGO COMISSION.S/VINCULO;4829,79;;4829,79;652,57;4177,22;
PAULO CELA DE MORAES FILHO;DEFESA CIV.DO EST.DO AMAZONAS;COORDENADOR REGIONAL;NAO INFORMADO; CARGO COMISSION.S/VINCULO;5849,77;;5849,77;992,73;4857,04;
REGINA AUXILIADORA DA MATA LUSTOSA;DEFESA CIV.DO EST.DO AMAZONAS;TNS-I;CHEFE DE GABINETE; ESTATUTARIO;7429,47;;7429,47;1325,94;6103,53;
SANDRA ASSAYAG;CB - CIVIL;A.TEC-I;; ESTATUTARIO;4560,04;;4560,04;424,01;4136,03;
ULLA HAVANNE DE PAIVA VIEIRA;COMANDO GERAL;ASSESSOR I;; CARGO COMISSION.S/VINCULO;5849,77;;5849,77;907,42;4942,35;
WESLEY DA SILVA PRATA;DEFESA CIV.DO EST.DO AMAZONAS;ASSESSOR II;NAO INFORMADO; CARGO COMISSION.S/VINCULO;4829,79;;4829,79;652,57;4177,22;
WILSON VIDAL DE OLIVEIRA;DEFESA CIV.DO EST.DO AMAZONAS;ASSESSOR III;NAO INFORMADO; CARGO COMISSION.S/VINCULO;3811,80;;3811,80;379,31;3432,49;
