NOME;LOTACAO;CARGO;FUNCAO;VINCULO;REMUNERACAO LEGAL TOTAL(R$);DESC.TETO(R$); REMUNERACAO LEGAL DEVIDA(R$);DESCONTOS LEGAIS(R$);LIQUIDO DISPONIVEL(R$);
ADEMIR LIMA DE SOUZA;CB - CIVIL;ENG.O-I;ENG OPERACIONAL; ESTATUTARIO;6027,28;;6027,28;1224,71;4802,57;
ALBERTO COELHO NETO;COMANDO GERAL;A.TEC-I;; ESTATUTARIO;4491,80;;4491,80;421,23;4070,57;
ALESSANDRA OLIVEIRA AMADOR;DEFESA CIV.DO EST.DO AMAZONAS;CHEFE DE DEPARTAMENTO;ASSESSOR I; CARGO COMISSION.S/VINCULO;5789,77;;5789,77;992,73;4797,04;
BARBARA COSTA FERREIRA;COMANDO GERAL;ASSESSOR I;; CARGO COMISSION.S/VINCULO;7533,03;;7533,03;1593,40;5939,63;
CAMILA DE CASTRO SOARES;DEFESA CIV.DO EST.DO AMAZONAS;CHEFE DE DEPARTAMENTO;NAO INFORMADO; CARGO COMISSION.S/VINCULO;5789,77;;5789,77;992,73;4797,04;
CLEIVISON SOUZA PINHEIRO;COMANDO GERAL;ASSESSOR I;; CARGO COMISSION.S/VINCULO;5789,77;;5789,77;864,76;4925,01;
DANIEL DE LIMA ALBUQUERQUE;CB - CIVIL;ASSESSOR I;; CARGO COMISSION.S/VINCULO;5789,77;;5789,77;992,73;4797,04;
DHIEGO NEGREIROS DE FREITAS;DEFESA CIV.DO EST.DO AMAZONAS;CHEFE DE GABINETE;NAO INFORMADO; CARGO COMISSION.S/VINCULO;5789,77;;5789,77;992,73;4797,04;
ENEIDE PEREIRA REIS;DEFESA CIV.DO EST.DO AMAZONAS;ASSESSOR II;NAO INFORMADO; CARGO COMISSION.S/VINCULO;4769,79;;4769,79;652,57;4117,22;
FERNANDO CAVALCANTE CATUNDA SOUZA;DEFESA CIV.DO EST.DO AMAZONAS;ASSESSOR II;NAO INFORMADO; CARGO COMISSION.S/VINCULO;4769,79;;4769,79;652,57;4117,22;
FUNMILAYO KATHERINE OGUNNIYA;DEFESA CIV.DO EST.DO AMAZONAS;ASSESSOR I;NAO INFORMADO; CARGO COMISSION.S/VINCULO;4866,36;;4866,36;684,78;4181,58;
JORGE NELSON DA CUNHA MENDONCA;CB - CIVIL;A.TEC-I;; ESTATUTARIO;4519,98;;4519,98;429,09;4090,89;
JOSIMAR MOREIRA MATOS DE SOUZA;COMANDO GERAL;ASSESSOR II;; CARGO COMISSION.S/VINCULO;3169,79;;3169,79;266,20;2903,59;
JUAREZ NASCIMENTO DE OLIVEIRA FILHO;DEFESA CIV.DO EST.DO AMAZONAS;ASSESSOR I;NAO INFORMADO; CARGO COMISSION.S/VINCULO;5789,77;;5789,77;992,73;4797,04;
JUNIA DE CARVALHO TORRES;CB - CIVIL;AGENTE ADMINISTRATIVO 1A CLASSE;; ESTATUTARIO;3831,24;;3831,24;191,25;3639,99;
KAROLINE QUEIROZ DE BARROS;DEFESA CIV.DO EST.DO AMAZONAS;ASSESSOR II;NAO INFORMADO; CARGO COMISSION.S/VINCULO;6399,58;;6399,58;989,34;5410,24;
LARISSA BARROSO SEGADILHA FRANCA;DEFESA CIV.DO EST.DO AMAZONAS;ASSESSOR I;NAO INFORMADO; CARGO COMISSION.S/VINCULO;5789,77;;5789,77;992,73;4797,04;
LEILA CRISTINA DOS SANTOS AZEVEDO;DEFESA CIV.DO EST.DO AMAZONAS;COORDENADOR REGIONAL;NAO INFORMADO; CARGO COMISSION.S/VINCULO;5789,77;;5789,77;992,73;4797,04;
LEONARDO MONTEIRO NERES DE LIMA;DEFESA CIV.DO EST.DO AMAZONAS;ASSESSOR III;NAO INFORMADO; CARGO COMISSION.S/VINCULO;3751,80;;3751,80;379,31;3372,49;
MAIARA DE SOUZA COELHO;DEFESA CIV.DO EST.DO AMAZONAS;COORDENADOR REGIONAL;NAO INFORMADO; CARGO COMISSION.S/VINCULO;5789,77;;5789,77;992,73;4797,04;
MARCIA GUERREIRO PINHEIRO;DEFESA CIV.DO EST.DO AMAZONAS;COORDENADOR REGIONAL;NAO INFORMADO; CARGO COMISSION.S/VINCULO;5789,77;;5789,77;992,73;4797,04;
MARIA ALZIRA BARBOSA ASSUMPCAO;COMANDO GERAL;AUX.ADM-I;ARQUIVISTA; ESTATUTARIO;4326,94;;4326,94;377,77;3949,17;
MARIA DE FATIMA RODRIGUES ONETY;COMANDO GERAL;A.OPE-I;; ESTATUTARIO;4279,09;;4279,09;390,87;3888,22;
MARIA DE JESUS MONTEIRO DUARTE;COMANDO GERAL;A.TEC-I;; ESTATUTARIO;4244,26;;4244,26;379,18;3865,08;
MARIA DE NAZARE DOS SANTOS BARROSO;COMANDO GERAL;A.TEC-I;CHEFE PROTOCOLO; ESTATUTARIO;4557,82;;4557,82;440,12;4117,70;
MARIA DO PERPETUO SOCORRO V ARAUJO;COMANDO GERAL;A.TEC-I;; ESTATUTARIO;4479,15;;4479,15;418,02;4061,13;
MARIO LUIZ PASSARINHO;DEFESA CIV.DO EST.DO AMAZONAS;COORDENADOR REGIONAL;COORDENADOR REGIONAL; CARGO COMISSION.S/VINCULO;5789,77;;5789,77;992,73;4797,04;
MAXSON DE SOUZA COELHO;DEFESA CIV.DO EST.DO AMAZONAS;ASSESSOR III;NAO INFORMADO; CARGO COMISSION.S/VINCULO;3751,80;;3751,80;379,31;3372,49;
MICHAEL LIMA DE MELO;DEFESA CIV.DO EST.DO AMAZONAS;ASSESSOR II;; CARGO COMISSION.S/VINCULO;4769,79;;4769,79;652,57;4117,22;
MICHELE DOS SANTOS AQUINO;DEFESA CIV.DO EST.DO AMAZONAS;ASSESSOR III;NAO INFORMADO; CARGO COMISSION.S/VINCULO;7563,60;;7563,60;1426,24;6137,36;
NILSON SILVA DA CUNHA;DEFESA CIV.DO EST.DO AMAZONAS;ASSESSOR II;NAO INFORMADO; CARGO COMISSION.S/VINCULO;4769,79;;4769,79;652,57;4117,22;
PATRICIA COSTA GUIMARAES;DEFESA CIV.DO EST.DO AMAZONAS;ASSESSOR II;NAO INFORMADO; CARGO COMISSION.S/VINCULO;4769,79;;4769,79;652,57;4117,22;
PAULO CELA DE MORAES FILHO;DEFESA CIV.DO EST.DO AMAZONAS;ASSESSOR II;NAO INFORMADO; CARGO COMISSION.S/VINCULO;4769,79;;4769,79;652,57;4117,22;
REGINA AUXILIADORA DA MATA LUSTOSA;DEFESA CIV.DO EST.DO AMAZONAS;TNS-I;CHEFE DE GABINETE; ESTATUTARIO;7369,47;;7369,47;1325,94;6043,53;
SANDRA ASSAYAG;CB - CIVIL;A.TEC-I;; ESTATUTARIO;4500,04;;4500,04;424,01;4076,03;
ULLA HAVANNE DE PAIVA VIEIRA;COMANDO GERAL;ASSESSOR I;; CARGO COMISSION.S/VINCULO;5789,77;;5789,77;950,08;4839,69;
WESLEY DA SILVA PRATA;DEFESA CIV.DO EST.DO AMAZONAS;ASSESSOR II;NAO INFORMADO; CARGO COMISSION.S/VINCULO;4769,79;;4769,79;652,57;4117,22;
WILSON VIDAL DE OLIVEIRA;DEFESA CIV.DO EST.DO AMAZONAS;ASSESSOR III;NAO INFORMADO; CARGO COMISSION.S/VINCULO;3751,80;;3751,80;379,31;3372,49;
