NOME;LOTACAO;CARGO;FUNCAO;VINCULO;REMUNERACAO LEGAL TOTAL(R$);DESC.TETO(R$); REMUNERACAO LEGAL DEVIDA(R$);DESCONTOS LEGAIS(R$);LIQUIDO DISPONIVEL(R$);
ADEMIR LIMA DE SOUZA;CB - CIVIL;ENG.O-I;ENG OPERACIONAL; ESTATUTARIO;4520,46;;4520,46;847,65;3672,81;
ALBERTO COELHO NETO;COMANDO GERAL;A.TEC-I;; ESTATUTARIO;4531,80;;4531,80;421,23;4110,57;
ALESSANDRA OLIVEIRA AMADOR;DEFESA CIV.DO EST.DO AMAZONAS;CHEFE DE DEPARTAMENTO;ASSESSOR I; CARGO COMISSION.S/VINCULO;5829,77;;5829,77;992,73;4837,04;
BARBARA COSTA FERREIRA;COMANDO GERAL;ASSESSOR I;; CARGO COMISSION.S/VINCULO;5829,77;;5829,77;992,73;4837,04;
CAMILA DE CASTRO SOARES;DEFESA CIV.DO EST.DO AMAZONAS;CHEFE DE DEPARTAMENTO;NAO INFORMADO; CARGO COMISSION.S/VINCULO;5829,77;;5829,77;992,73;4837,04;
CLEIVISON SOUZA PINHEIRO;COMANDO GERAL;ASSESSOR I;; CARGO COMISSION.S/VINCULO;5829,77;;5829,77;864,76;4965,01;
DANIEL DE LIMA ALBUQUERQUE;CB - CIVIL;ASSESSOR I;; CARGO COMISSION.S/VINCULO;5829,77;;5829,77;992,73;4837,04;
DHIEGO NEGREIROS DE FREITAS;DEFESA CIV.DO EST.DO AMAZONAS;CHEFE DE GABINETE;NAO INFORMADO; CARGO COMISSION.S/VINCULO;5829,77;;5829,77;992,73;4837,04;
ENEIDE PEREIRA REIS;DEFESA CIV.DO EST.DO AMAZONAS;ASSESSOR II;NAO INFORMADO; CARGO COMISSION.S/VINCULO;6213,05;;6213,05;1136,13;5076,92;
FUNMILAYO KATHERINE OGUNNIYA;DEFESA CIV.DO EST.DO AMAZONAS;ASSESSOR II;NAO INFORMADO; CARGO COMISSION.S/VINCULO;9639,58;;9639,58;1991,20;7648,38;
JESSYCA LEVER DOS SANTOS DANTAS;DEFESA CIV.DO EST.DO AMAZONAS;ASSESSOR II;NAO INFORMADO; CARGO COMISSION.S/VINCULO;4809,79;;4809,79;652,57;4157,22;
JORGE NELSON DA CUNHA MENDONCA;CB - CIVIL;A.TEC-I;; ESTATUTARIO;4559,98;;4559,98;429,09;4130,89;
JOSIMAR MOREIRA MATOS DE SOUZA;COMANDO GERAL;ASSESSOR II;; CARGO COMISSION.S/VINCULO;3209,79;;3209,79;266,20;2943,59;
JUAREZ NASCIMENTO DE OLIVEIRA FILHO;DEFESA CIV.DO EST.DO AMAZONAS;ASSESSOR I;NAO INFORMADO; CARGO COMISSION.S/VINCULO;5829,77;;5829,77;992,73;4837,04;
JUNIA DE CARVALHO TORRES;CB - CIVIL;AGENTE ADMINISTRATIVO 1A CLASSE;; ESTATUTARIO;3871,24;;3871,24;191,25;3679,99;
KAROLINE QUEIROZ DE BARROS;DEFESA CIV.DO EST.DO AMAZONAS;ASSESSOR II;NAO INFORMADO; CARGO COMISSION.S/VINCULO;3209,79;;3209,79;266,20;2943,59;
LARISSA BARROSO SEGADILHA FRANCA;DEFESA CIV.DO EST.DO AMAZONAS;ASSESSOR I;NAO INFORMADO; CARGO COMISSION.S/VINCULO;5829,77;;5829,77;992,73;4837,04;
LEILA CRISTINA DOS SANTOS AZEVEDO;DEFESA CIV.DO EST.DO AMAZONAS;COORDENADOR REGIONAL;NAO INFORMADO; CARGO COMISSION.S/VINCULO;5829,77;;5829,77;992,73;4837,04;
LUCAS DA SILVA LIMA;DEFESA CIV.DO EST.DO AMAZONAS;ASSESSOR III;NAO INFORMADO; CARGO COMISSION.S/VINCULO;3791,80;;3791,80;379,31;3412,49;
MARCIA GUERREIRO PINHEIRO;DEFESA CIV.DO EST.DO AMAZONAS;COORDENADOR REGIONAL;NAO INFORMADO; CARGO COMISSION.S/VINCULO;5829,77;;5829,77;992,73;4837,04;
MARIA ALZIRA BARBOSA ASSUMPCAO;COMANDO GERAL;AUX.ADM-I;ARQUIVISTA; ESTATUTARIO;4366,94;;4366,94;377,77;3989,17;
MARIA DE FATIMA RODRIGUES ONETY;COMANDO GERAL;A.OPE-I;; ESTATUTARIO;3719,09;;3719,09;390,87;3328,22;
MARIA DE JESUS MONTEIRO DUARTE;COMANDO GERAL;A.TEC-I;; ESTATUTARIO;5512,35;;5512,35;636,21;4876,14;
MARIA DO PERPETUO SOCORRO V ARAUJO;COMANDO GERAL;A.TEC-I;; ESTATUTARIO;4519,15;;4519,15;418,02;4101,13;
MICHAEL LIMA DE MELO;DEFESA CIV.DO EST.DO AMAZONAS;ASSESSOR II;; CARGO COMISSION.S/VINCULO;4809,79;;4809,79;652,57;4157,22;
MICHELE DOS SANTOS AQUINO;DEFESA CIV.DO EST.DO AMAZONAS;ASSESSOR III;NAO INFORMADO; CARGO COMISSION.S/VINCULO;3791,80;;3791,80;379,31;3412,49;
MIRLENE PALHETA DE SOUZA;DEFESA CIV.DO EST.DO AMAZONAS;ASSESSOR III;NAO INFORMADO; CARGO COMISSION.S/VINCULO;3791,80;;3791,80;379,31;3412,49;
NILSON SILVA DA CUNHA;DEFESA CIV.DO EST.DO AMAZONAS;ASSESSOR II;NAO INFORMADO; CARGO COMISSION.S/VINCULO;6213,05;;6213,05;1136,13;5076,92;
PATRICIA COSTA GUIMARAES;DEFESA CIV.DO EST.DO AMAZONAS;ASSESSOR II;NAO INFORMADO; CARGO COMISSION.S/VINCULO;4809,79;;4809,79;652,57;4157,22;
PAULO CELA DE MORAES FILHO;DEFESA CIV.DO EST.DO AMAZONAS;COORDENADOR REGIONAL;NAO INFORMADO; CARGO COMISSION.S/VINCULO;11679,54;;11679,54;2552,19;9127,35;
REGINA AUXILIADORA DA MATA LUSTOSA;DEFESA CIV.DO EST.DO AMAZONAS;TNS-I;CHEFE DE GABINETE; ESTATUTARIO;7409,47;;7409,47;1325,94;6083,53;
SANDRA ASSAYAG;CB - CIVIL;A.TEC-I;; ESTATUTARIO;4540,04;;4540,04;424,01;4116,03;
ULLA HAVANNE DE PAIVA VIEIRA;COMANDO GERAL;ASSESSOR I;; CARGO COMISSION.S/VINCULO;5829,77;;5829,77;907,42;4922,35;
WESLEY DA SILVA PRATA;DEFESA CIV.DO EST.DO AMAZONAS;ASSESSOR II;NAO INFORMADO; CARGO COMISSION.S/VINCULO;4809,79;;4809,79;652,57;4157,22;
WILSON VIDAL DE OLIVEIRA;DEFESA CIV.DO EST.DO AMAZONAS;ASSESSOR III;NAO INFORMADO; CARGO COMISSION.S/VINCULO;3791,80;;3791,80;379,31;3412,49;
