NOME;LOTACAO;CARGO;FUNCAO;VINCULO;REMUNERACAO LEGAL TOTAL(R$);DESC.TETO(R$); REMUNERACAO LEGAL DEVIDA(R$);DESCONTOS LEGAIS(R$);LIQUIDO DISPONIVEL(R$);
ADANAIR TEIXEIRA ALVES;DEPARTAMENTO DE ADMINISTRACAO;GERENTE;NAO INFORMADO; CARGO COMISSION.S/VINCULO;4209,79;;4209,79;622,77;3587,02;
ADIMAR DE MELO CARNEIRO;DEPARTAMENTO DE ADMINISTRACAO;AGENTE ADMINISTRATIVO;COORDENADOR; ESTATUTARIO;4933,37;;4933,37;595,27;4338,10;
ADRIANO LUIZ ARAUJO CARDOSO;CONS.EST.REG.CONT.SERV.PUB.CON;MEMBRO DE CONSELHO;; CONSELHO;1000,00;;1000,00;;1000,00;
AFONSO HENRIQUE ALVES DE ALMEIDA;DIRETORIA TEC.CONC.REG.QUALID.;GERENTE;NAO INFORMADO; CARGO COMISSION.S/VINCULO;4209,79;;4209,79;622,77;3587,02;
ALBERTO D'ALMEIDA COELHO;DIRETORIA;ASSESSOR II;NAO INFORMADO; CARGO COMISSION.S/VINCULO;4209,79;;4209,79;594,34;3615,45;
ALEANE MENEZES DA COSTA CARDOSO;DIRETORIA TEC.CONC.REG.QUALID.;COORDENADOR;; CARGO COMISSION.S/VINCULO;4209,79;;4209,79;622,77;3587,02;
ALTAIR PEREIRA RIBEIRO;CONS.EST.REG.CONT.SERV.PUB.CON;MEMBRO DE CONSELHO;; CONSELHO;1000,00;;1000,00;;1000,00;
ALVARO CESAR DE CARVALHO NETO;DEPTO.DE REGUL.DA QUALIDADE;ASSESSOR JURIDICO;NAO INFORMADO; CARGO COMISSION.S/VINCULO;5229,77;;5229,77;934,60;4295,17;
AMALIZA EVANGELISTA DA COSTA;DIRETORIA ADM.FINANCEIRA;CHEFE DE DEPARTAMENTO;NAO INFORMADO; CARGO COMISSION.S/VINCULO;5229,77;;5229,77;992,73;4237,04;
AMIRALDO DA COSTA BRAGA JUNIOR;CONS.EST.REG.CONT.SERV.PUB.CON;MEMBRO DE CONSELHO;; CONSELHO;1000,00;;1000,00;;1000,00;
ANA CAROLINA SANTOS SILVA RIZO;DIRETORIA TEC.CONC.REG.QUALID.;ASSESSOR JURIDICO;ASSESSOR JURIDICO; CARGO COMISSION.S/VINCULO;5229,77;;5229,77;907,42;4322,35;
ANTONIO CARLOS DA SILVA;CONS.EST.REG.CONT.SERV.PUB.CON;MEMBRO DE CONSELHO;; CONSELHO;1000,00;;1000,00;;1000,00;
AYRTON PENALBER DA SILVA;DIRETORIA TEC.CONC.REG.QUALID.;GERENTE;NAO INFORMADO; CARGO COMISSION.S/VINCULO;4209,79;;4209,79;652,57;3557,22;
BASILIO GARCIA CARESTO NETO;DIRETORIA TEC.CONC.REG.QUALID.;GERENTE;NAO INFORMADO; CARGO COMISSION.S/VINCULO;4209,79;;4209,79;652,57;3557,22;
BELTIMAR SANTOS;DIRETORIA ADM.FINANCEIRA;CHEFE DE DEPARTAMENTO;NAO INFORMADO; CARGO COMISSION.S/VINCULO;5229,77;;5229,77;992,73;4237,04;
BENEDICTO CRUZ LYRA NETTO;DIRETORIA TEC.CONC.REG.QUALID.;ASSESSOR II;NAO INFORMADO; CARGO COMISSION.S/VINCULO;4209,79;;4209,79;652,57;3557,22;
CÁSSIA CIRHAME AZEVEDO DE ARAUJO;GABINETE DO DIRETOR PRESIDENTE;ASSESSOR II;NAO INFORMADO; CARGO COMISSION.S/VINCULO;5613,05;;5613,05;1136,13;4476,92;
CASSIO JUNIO DA SILVA LOPES;DIRETORIA TEC.CONC.REG.QUALID.;ASSESSOR I;NAO INFORMADO; CARGO COMISSION.S/VINCULO;5229,77;;5229,77;992,73;4237,04;
DANIEL DA SILVA ANTUNES;DIRETORIA TEC.CONC.REG.QUALID.;AUXILIAR TECNICO;; ESTATUTARIO;3595,02;;3595,02;347,20;3247,82;
DANIEL HENRIQUE BARBOSA;DEPTO.DE REGUL.DA QUALIDADE;CHEFE DE DEPARTAMENTO;NAO INFORMADO; CARGO COMISSION.S/VINCULO;5229,77;;5229,77;992,73;4237,04;
ERICK EDELMAN DOS SANTOS;DIRETORIA;DIRETOR TECNICO;NAO INFORMADO; CARGO COMISSION.S/VINCULO;9000,00;;9000,00;2150,82;6849,18;
EVELINN FLORES DE OLIVEIRA CUNHA;ASSESSORIA;ASSESSOR JURIDICO;ASSESSOR JURIDICO; CARGO COMISSION.S/VINCULO;6973,03;;6973,03;1541,26;5431,77;
FRANCISCO DE ASSIS DE O MARQUES;DEPARTAMENTO DE FISCALIZACAO;FISCAL RODOVIARIO;; ESTATUTARIO;3577,54;;3577,54;342,51;3235,03;
GIOVANNI FIGLIUOLO NETTO;DIRETORIA TEC.CONC.REG.QUALID.;COORDENADOR;; CARGO COMISSION.S/VINCULO;4209,79;;4209,79;622,77;3587,02;
GISELLE CASTANHOLA DE MENEZES;DIRETORIA TEC.CONC.REG.QUALID.;COORDENADOR;; CARGO COMISSION.S/VINCULO;4209,79;;4209,79;652,57;3557,22;
HERMANN SAUNDERS FERNANDES;ASSESSORIA;ASSESSOR I;; CARGO COMISSION.S/VINCULO;5229,77;;5229,77;992,73;4237,04;
IUÇANARA SOARES FREITAS DE OLIVEIRA;GABINETE DO DIRETOR PRESIDENTE;OUVIDOR;NAO INFORMADO; CARGO COMISSION.S/VINCULO;5229,77;;5229,77;907,42;4322,35;
IVAN DE SOUZA BRITO;GABINETE DO DIRETOR PRESIDENTE;ASSESSOR I;NAO INFORMADO; CARGO COMISSION.S/VINCULO;5229,77;;5229,77;950,08;4279,69;
IVANETE RIBEIRO GAMA;DEPARTAMENTO DE ADMINISTRACAO;AUXILIAR DE SERVICOS GERAIS;; C.L.T.;1580,00;;1580,00;125,70;1454,30;
JALIL FRAXE CAMPOS;CONS.EST.REG.CONT.SERV.PUB.CON;MEMBRO DE CONSELHO;; CONSELHO;1000,00;;1000,00;;1000,00;
JOÃO RUFINO JUNIOR;GABINETE DO DIRETOR PRESIDENTE;DIRETOR PRESIDENTE;NAO INFORMADO; DISP. OUTROS ESFERAS;11700,00;;11700,00;2348,14;9351,86;
JOAO RUFINO JUNIOR;CONS.EST.REG.CONT.SERV.PUB.CON;PRESIDENTE DO CONSELHO;; CONSELHO;2000,00;;2000,00;;2000,00;
JORGE ANDRÉ CHÍXARO SARRAFF REZENDE;DEPARTAMENTO DE ADMINISTRACAO;ASSESSOR I;; CARGO COMISSION.S/VINCULO;6973,03;;6973,03;1593,40;5379,63;
JOSE SELVIO TEIXEIRA PICANCO;DIRETORIA TEC.CONC.REG.QUALID.;CHEFE DE DEPARTAMENTO;CHEFE DE DEPTO. AD-1; CARGO COMISSION.S/VINCULO;5229,77;;5229,77;992,73;4237,04;
JULIO CEZAR PRADO;DEPARTAMENTO DE FISCALIZACAO;ASSISTENTE TECNICO 3A CLASSE;; ESTATUTARIO;3782,79;;3782,79;338,40;3444,39;
JUSCELINO RODRIGUES DE OLIVEIRA;GABINETE DO DIRETOR PRESIDENTE;CHEFE DE GABINETE;NAO INFORMADO; CARGO COMISSION.S/VINCULO;5229,77;;5229,77;950,08;4279,69;
LEILA MOTA LEMOS DA COSTA;DIRETORIA TEC.CONC.REG.QUALID.;COORDENADOR;NAO INFORMADO; CARGO COMISSION.S/VINCULO;4209,79;;4209,79;652,57;3557,22;
LUCIANO KLEINER DA SILVA MIRANDA;DIRETORIA ADM.FINANCEIRA;CHEFE DE DEPARTAMENTO;NAO INFORMADO; CARGO COMISSION.S/VINCULO;5229,77;;5229,77;950,08;4279,69;
MARA NUBIA DE ALMEIDA CINTRA;DIRETORIA TEC.CONC.REG.QUALID.;GERENTE;NAO INFORMADO; CARGO COMISSION.S/VINCULO;6174,35;;6174,35;1347,45;4826,90;
MARIA ANTONIA RODRIGUES CASTELO;DEPARTAMENTO DE ADMINISTRACAO;A.TEC-I;; ESTATUTARIO;3780,69;;3780,69;406,66;3374,03;
MARIA DIVINA VARGAS DE LIMA;DEPARTAMENTO DE ADMINISTRACAO;CHEFE DE DEPARTAMENTO;ASSESSOR I AD 1; CARGO COMISSION.S/VINCULO;5229,77;;5229,77;992,73;4237,04;
MARIA DO SOCORRO BALBY DA P CORREA;DIRETORIA COMERC.E DE TARIFAS;CHEFE DE DEPARTAMENTO;NAO INFORMADO; CARGO COMISSION.S/VINCULO;8890,60;;8890,60;2120,73;6769,87;
MARIA MISTE RIBEIRO SILVA;DEPARTAMENTO DE REC.HUMANOS;A.TEC-I;; ESTATUTARIO;3980,31;;3980,31;433,88;3546,43;
MARIA RAIMUNDA SALES DE SOUZA;DEPARTAMENTO DE LOGISTICA;AUXILIAR DE SERVICOS GERAIS;; C.L.T.;1580,00;;1580,00;125,70;1454,30;
MARLICLEA ALVES DA SILVA;DIRETORIA TEC.CONC.REG.QUALID.;GERENTE;NAO INFORMADO; CARGO COMISSION.S/VINCULO;6174,35;;6174,35;1347,45;4826,90;
MICHELE BRITO DE OLIVEIRA;DEPARTAMENTO DE ADMINISTRACAO;ASSESSOR I;NAO INFORMADO; CARGO COMISSION.S/VINCULO;5229,77;;5229,77;907,42;4322,35;
NADIA MARIA DE SOUZA SARAIVA;DIRETORIA TEC.CONC.REG.QUALID.;ASSESSOR I;ASSESSOR I AD 1; CARGO COMISSION.S/VINCULO;5229,77;;5229,77;992,73;4237,04;
NICOLY CARVALHO DE AGUIAR;DIRETORIA TEC.CONC.REG.QUALID.;COORDENADOR;NAO INFORMADO; CARGO COMISSION.S/VINCULO;4209,79;;4209,79;652,57;3557,22;
NORMANDO LOPES DE OLIVEIRA;DIRETORIA TEC.CONC.REG.QUALID.;ASSESSOR I;ASSESSOR I AD 1; CARGO COMISSION.S/VINCULO;5229,77;;5229,77;992,73;4237,04;
OZIEL OLIVEIRA MINEIRO;DIRETORIA TEC.CONC.REG.QUALID.;AUXILIAR TECNICO;ASSESSOR I; ESTATUTARIO;5789,02;;5789,02;861,44;4927,58;
PAULO FREDERICO SOLART COELHO;DIRETORIA TEC.CONC.REG.QUALID.;GERENTE;NAO INFORMADO; CARGO COMISSION.S/VINCULO;4209,79;;4209,79;652,57;3557,22;
PEDRO CASTRO DE ALBUQUERQUE FILHO;DIRETORIA TEC.CONC.REG.QUALID.;CHEFE DE DEPARTAMENTO;NAO INFORMADO; CARGO COMISSION.S/VINCULO;5229,77;;5229,77;864,76;4365,01;
RAFAEL REBELO AFFONSO;DEPARTAMENTO DE INFORMATICA;AUX.ADM-III;; ESTATUTARIO;3488,44;;3488,44;291,30;3197,14;
RAFAEL SANTOS OLIVEIRA;DEPARTAMENTO DE FINANCAS;ASSISTENTE TECNICO 1A CLASSE;; ESTATUTARIO;3867,69;;3867,69;351,70;3515,99;
RAFAEL SEIXAS DE ALMEIDA;ASSESSORIA;ASSESSOR I;NAO INFORMADO; CARGO COMISSION.S/VINCULO;7670,32;;7670,32;1785,16;5885,16;
RAFAELA DA SILVA GOMES;ASSESSORIA;ASSESSOR JURIDICO;; CARGO COMISSION.S/VINCULO;5229,77;;5229,77;950,08;4279,69;
RAQUEL CALDAS FERREIRA;CONS.EST.REG.CONT.SERV.PUB.CON;MEMBRO DE CONSELHO SUPLENTE;; CONSELHO;1000,00;;1000,00;;1000,00;
RAQUEL NASCIMENTO GAMA;GABINETE DO DIRETOR PRESIDENTE;CONTROLADOR INTERNO;NAO INFORMADO; CARGO COMISSION.S/VINCULO;5229,77;;5229,77;950,08;4279,69;
REINALDO LADISLAU MENEZES;DIRETORIA TEC.CONC.REG.QUALID.;COORDENADOR;NAO INFORMADO; CARGO COMISSION.S/VINCULO;6174,35;;6174,35;1347,45;4826,90;
RENATA KELLY SALGADO DA C MEDEIROS;ASSESSORIA;ASSESSOR II;NAO INFORMADO; CARGO COMISSION.S/VINCULO;4209,79;;4209,79;622,77;3587,02;
ROQUE MENDONCA DE BRITO JUNIOR;ASSESSORIA;ASSESSOR II;NAO INFORMADO; CARGO COMISSION.S/VINCULO;4209,79;;4209,79;652,57;3557,22;
ROSANGELA FERREIRA DO CARMO;DIRETORIA;ASSESSOR II;NAO INFORMADO; CARGO COMISSION.S/VINCULO;4209,79;;4209,79;652,57;3557,22;
ROSIMEIRE RODRIGUES DE CARVALHO;DIRETORIA ADM.FINANCEIRA;GERENTE;NAO INFORMADO; CARGO COMISSION.S/VINCULO;4209,79;;4209,79;622,77;3587,02;
RUSINETE DE SOUZA PEREIRA;DIRETORIA ADM.FINANCEIRA;GERENTE;NAO INFORMADO; CARGO COMISSION.S/VINCULO;6174,35;;6174,35;1347,45;4826,90;
SERGIO FIGUEIREDO PIMENTA;DEPTO.DE REGUL.DA QUALIDADE;ASSESSOR I;NAO INFORMADO; CARGO COMISSION.S/VINCULO;5229,77;;5229,77;992,73;4237,04;
SILVIA GOMES CARMIM;DEPARTAMENTO DE FINANCAS;CHEFE DE DEPARTAMENTO;; CARGO COMISSION.S/VINCULO;5229,77;;5229,77;907,42;4322,35;
SUZY LIMA TAVARES;CONS.EST.REG.CONT.SERV.PUB.CON;MEMBRO DE CONSELHO;; CONSELHO;1000,00;;1000,00;;1000,00;
THAIS DA COSTA BATISTA MENDES;GABINETE DO DIRETOR PRESIDENTE;SECRETARIO DE CONSELHO;NAO INFORMADO; CARGO COMISSION.S/VINCULO;7670,32;;7670,32;1657,22;6013,10;
THIAGO ALLENDE SILVA DE LIMA;DIRETORIA;DIRETOR ADMINISTRATIVO E FINANCEIRO;NAO INFORMADO; CARGO COMISSION.S/VINCULO;9000,00;;9000,00;2046,54;6953,46;
UILIAN CAVALCANTE RUFINO;DIRETORIA TEC.CONC.REG.QUALID.;COORDENADOR;; CARGO COMISSION.S/VINCULO;4209,79;;4209,79;622,77;3587,02;
VERA LUCIA DE SA CARREIRA;DEPARTAMENTO DE LOGISTICA;ASSISTENTE TECNICO ADMINISTRATIVO A;; ESTATUTARIO;3786,49;;3786,49;375,92;3410,57;
WALDECY DE SOUZA GONCALVES;DEPARTAMENTO DE ADMINISTRACAO;A.TEC-I;; ESTATUTARIO;3968,99;;3968,99;430,69;3538,30;
WESLLANDRISSAR DAMARES F CARVALHO;ASSESSORIA;ASSESSOR I;NAO INFORMADO; CARGO COMISSION.S/VINCULO;5229,77;;5229,77;992,73;4237,04;
