NOME;LOTACAO;CARGO;FUNCAO;VINCULO;REMUNERACAO LEGAL TOTAL(R$);DESC.TETO(R$); REMUNERACAO LEGAL DEVIDA(R$);DESCONTOS LEGAIS(R$);LIQUIDO DISPONIVEL(R$);
ADRIELE ALBINO MARTINS;GABINETE DA PRESIDENCIA;CHEFE DE GABINETE;; CARGO COMISSION.S/VINCULO;5229,77;;5229,77;950,08;4279,69;
ALEXANDRE LEDA CALVO;DIRETORIA TECNICA;GERENTE;; CARGO COMISSION.S/VINCULO;4209,79;;4209,79;652,57;3557,22;
ALEXANDRE SILVA GOMES;DIRETORIA DE ADM.E FINANCAS;ASSISTENTE ADMINISTRATIVO;; C.L.T.;2463,00;;2463,00;238,90;2224,10;
ANA MICHELE DA SILVA NOGUEIRA;DIRETORIA DE ADM.E FINANCAS;ASSESSOR TECNICO;; C.L.T.;3555,00;;3555,00;418,20;3136,80;
ANAYRA TAVARES NEVES BENEVIDES;ASSESSORIA;ASSESSOR II;; CARGO COMISSION.S/VINCULO;4209,79;;4209,79;652,57;3557,22;
AUREO LUCIO MACHADO DA COSTA;GERENCIA DE ADM.PAT.E SERVICOS;MOTORISTA;; C.L.T.;1817,20;;1817,20;132,00;1685,20;
AYRTON AUGUSTO FONSECA DA SILVA;GERENCIA DE ADM.PAT.E SERVICOS;ASSESSOR III;; CARGO COMISSION.S/VINCULO;3191,80;;3191,80;379,31;2812,49;
BRUNO DE SOUZA PEREIRA;GERENCIA DE ORC.E FINANCAS;ASSESSOR ADMINISTRATIVO;; C.L.T.;3937,33;;3937,33;422,55;3514,78;
CAMILA CAVALCANTE ARANHA;DIRETORIA TECNICA;ASSESSOR II;ASSESSOR II; CARGO COMISSION.S/VINCULO;5613,05;;5613,05;1136,13;4476,92;
CAROLINE SKROBOT GROSSO LINDENBERG;COMISSAO INT.DE LICITACAO-CIL;CHEFE DE GABINETE;; CARGO COMISSION.S/VINCULO;2000,00;;2000,00;163,50;1836,50;
DARLENE MARIA DE SOUZA REGIS;DIRETORIA TECNICA;ASSESSOR III;; CARGO COMISSION.S/VINCULO;3191,80;;3191,80;379,31;2812,49;
DIEGO AUGUSTO SIMOES RAMOS;DIRETORIA TECNICA;GERENTE;; CARGO COMISSION.S/VINCULO;4209,79;;4209,79;622,77;3587,02;
DIMESON ANDRADE DA SILVA;DIRETORIA TECNICA;ASSESSOR II;; CARGO COMISSION.S/VINCULO;4209,79;;4209,79;652,57;3557,22;
DORENICY FARIAS PINTO;GERENCIA DE ADM.PAT.E SERVICOS;AUXILIAR DE SERVICOS GERAIS;; C.L.T.;1458,01;;1458,01;85,83;1372,18;
DRIELY DOS SANTOS PACHECO;GERENCIA DE ORC.E FINANCAS;GERENTE;; CARGO COMISSION.S/VINCULO;4209,79;;4209,79;622,77;3587,02;
EDENILCE FARACO CALDAS;GERENCIA DE ADM.PAT.E SERVICOS;AUXILIAR DE SERVICOS GERAIS;; C.L.T.;1304,20;;1304,20;85,83;1218,37;
EDILAMAR VIEIRA DA SILVA;GERENCIA DE ADM.PAT.E SERVICOS;AUXILIAR DE SERVICOS GERAIS;; C.L.T.;1304,20;;1304,20;85,83;1218,37;
EDSON LUNIERE PORTO;DIRETORIA TECNICA;CHEFE DE DEPARTAMENTO;; CARGO COMISSION.S/VINCULO;5229,77;;5229,77;992,73;4237,04;
EMERSON RODRIGUES MOREIRA;DIRETORIA TECNICA;ASSESSOR TECNICO;; C.L.T.;3555,00;;3555,00;418,20;3136,80;
FLAVIA EMANUELE ROSAS COSTA;DIRETORIA DE ADM.E FINANCAS;GERENTE;; CARGO COMISSION.S/VINCULO;4209,79;;4209,79;652,57;3557,22;
GESSICA QUEIROZ FREIRE GONCALVES;DIRETORIA TECNICA;GERENTE;; CARGO COMISSION.S/VINCULO;4209,79;;4209,79;594,34;3615,45;
GUSTAVO DE ARAUJO SAMPAIO;COMISSAO INT.DE LICITACAO-CIL;MEMBRO DE CONSELHO;; CARGO COMISSION.S/VINCULO;3000,00;;3000,00;338,79;2661,21;
HELIO PARACAIMA DE MAGALHAES;DIRETORIA TECNICA;GERENTE;; CARGO COMISSION.S/VINCULO;3333,18;;3333,18;415,41;2917,77;
IAN HENDERSON CARMO RIBEIRO;DIRETORIA DE ADM.E FINANCAS;DIRETOR ADMINISTRATIVO E FINANCEIRO;; CARGO COMISSION.S/VINCULO;9000,00;;9000,00;2046,54;6953,46;
JACQUELINE MARIA AZEVEDO GUARLOTE;GERENCIA DE ADM.PAT.E SERVICOS;ASSESSOR III;; CARGO COMISSION.S/VINCULO;4255,73;;4255,73;635,14;3620,59;
JAMILIS GOMES DA SILVA;GERENCIA DE ADM.PAT.E SERVICOS;ASSESSOR IV;; CARGO COMISSION.S/VINCULO;2179,61;;2179,61;179,66;1999,95;
JARDEL AUGUSTO ANDRADE LUZEIRO;DIRETORIA TECNICA;CHEFE DE DEPARTAMENTO;; CARGO COMISSION.S/VINCULO;5229,77;;5229,77;950,08;4279,69;
JESSICA CAVALCANTE DOS SANTOS;DIRETORIA TECNICA;ASSESSOR III;; CARGO COMISSION.S/VINCULO;4255,73;;4255,73;667,90;3587,83;
JHONANTAN SAMPAIO COSTA;DEPTO.DE ORCAMENTO E FINANCAS;ASSESSOR IV;; CARGO COMISSION.S/VINCULO;2179,61;;2179,61;179,66;1999,95;
JHONATA CARIOLANO DE LIMA;GERENCIA DE CONTABILIDADE;ASSESSOR III;; CARGO COMISSION.S/VINCULO;4255,73;;4255,73;667,90;3587,83;
JOALISSON SALES MOTA;CONSELHO FISCAL;MEMBRO DE CONSELHO;; CARGO COMISSION.S/VINCULO;1000,00;;1000,00;75,00;925,00;
JULIANO DOS SANTOS FEITOSA;ASSESSORIA;ASSESSOR III;; CARGO COMISSION.S/VINCULO;3191,80;;3191,80;379,31;2812,49;
KARIME SAID E SAID;PROCURADORIA;ASSESSOR II;; CARGO COMISSION.S/VINCULO;4209,79;;4209,79;652,57;3557,22;
KATIA CRISTINA PEREIRA NOGUEIRA;DEPTO.DE ORCAMENTO E FINANCAS;ASSESSOR I;; CARGO COMISSION.S/VINCULO;5229,77;;5229,77;950,08;4279,69;
KLEISON SOUZA MEDEIROS;DIRETORIA TECNICA;ASSISTENTE ADMINISTRATIVO;; C.L.T.;2647,70;;2647,70;273,25;2374,45;
LEONE LEITE PERES;DIRETORIA TECNICA;ASSESSOR IV;; CARGO COMISSION.S/VINCULO;2179,61;;2179,61;179,66;1999,95;
LUANA MARIA LINS LOPES;DIRETORIA DE ADM.E FINANCAS;ASSESSOR ADMINISTRATIVO;; C.L.T.;4953,00;;4953,00;900,43;4052,57;
LUIZ FLORENCIO DA SILVA NUNES FILHO;CONSELHO FISCAL;MEMBRO DE CONSELHO;; CARGO COMISSION.S/VINCULO;1000,00;;1000,00;75,00;925,00;
MARCELA TOMAZ DA LAPA MOURAO;ASSESSORIA;ASSESSOR I;; CARGO COMISSION.S/VINCULO;5229,77;;5229,77;907,42;4322,35;
MARCO AURELIO ALCOFORADO GUERRA;GERENCIA DE ADM.PAT.E SERVICOS;ASSESSOR IV;; CARGO COMISSION.S/VINCULO;2906,15;;2906,15;291,58;2614,57;
MARCOS ADRIANO GOMES DA CUNHA;DIRETORIA DE ADM.E FINANCAS;ASSESSOR II;; CARGO COMISSION.S/VINCULO;4209,79;;4209,79;652,57;3557,22;
MARDEN BRYAN LIMA PERES;GERENCIA DE CONTABILIDADE;GERENTE;; CARGO COMISSION.S/VINCULO;4209,79;;4209,79;652,57;3557,22;
MARIA DE JESUS DOS SANTOS DIAS;GERENCIA DE ORC.E FINANCAS;ASSISTENTE ADMINISTRATIVO;; C.L.T.;3284,00;;3284,00;330,03;2953,97;
MARIA ELIANE RAMOS FERREIRA SOUZA;DIRETORIA TECNICA;GERENTE;; CARGO COMISSION.S/VINCULO;4000,00;;4000,00;263,87;3736,13;
MARIA HELENA STONE ARNOUD DA ROSA;CONSELHO FISCAL;MEMBRO DE CONSELHO;; CARGO COMISSION.S/VINCULO;1000,00;;1000,00;75,00;925,00;
MARIO SERGIO DE SOUZA MOURA;DIRETORIA TECNICA;GERENTE;; CARGO COMISSION.S/VINCULO;4209,79;;4209,79;652,57;3557,22;
MARTA ARAUJO MELO PARAENSE;GERENCIA DE RECURSOS HUMANOS;GERENTE;; CARGO COMISSION.S/VINCULO;4209,79;;4209,79;622,77;3587,02;
MIKAEL SMITH GOMES DOS SANTOS;GERENCIA DE ADM.PAT.E SERVICOS;MOTORISTA;; C.L.T.;2200,00;;2200,00;181,50;2018,50;
PAULO RICARDO DE CARVALHO MORAES;GERENCIA DE ADM.PAT.E SERVICOS;ASSISTENTE ADMINISTRATIVO;; C.L.T.;3284,00;;3284,00;311,47;2972,53;
RAIMUNDO NONATO MESQUITA DE MELO;DIRETORIA TECNICA;ASSESSOR IV;; CARGO COMISSION.S/VINCULO;2179,61;;2179,61;179,66;1999,95;
RAY HILTON ROCHA DE LIMA;DIRETORIA TECNICA;GERENTE;; CARGO COMISSION.S/VINCULO;4209,79;;4209,79;622,77;3587,02;
ROBERTO DE SOUZA SIMONETTI NETO;PROCURADORIA;ASSESSOR TECNICO;; C.L.T.;5555,00;;5555,00;1062,13;4492,87;
ROBERTO RAMOS DE CASTRO JUNIOR;GERENCIA DE ADM.PAT.E SERVICOS;ASSESSOR I;; CARGO COMISSION.S/VINCULO;5229,77;;5229,77;992,73;4237,04;
ROSA MARIA NOGUEIRA PINTO;GERENCIA DE RECURSOS HUMANOS;ASSISTENTE ADMINISTRATIVO;; C.L.T.;2463,00;;2463,00;238,90;2224,10;
RUTH JUCA RAMOS;ASSESSORIA;ASSESSOR III;; CARGO COMISSION.S/VINCULO;3191,80;;3191,80;379,31;2812,49;
RUY SILVIO LIMA DE MENDONCA;PROCURADORIA;PROCURADOR CHEFE;; CARGO COMISSION.S/VINCULO;5229,77;;5229,77;950,08;4279,69;
SERGIO PAULO MONTEIRO LITAIFF FILHO;PROCURADORIA;PRESIDENTE EM EXERCICIO;; CARGO COMISSION.S/VINCULO;11700,00;;11700,00;2789,04;8910,96;
STANLEY GOMES CARDOSO JUNIOR;COMISSAO INT.DE LICITACAO-CIL;ASSESSOR I;; CARGO COMISSION.S/VINCULO;2500,00;;2500,00;245,79;2254,21;
SUSY MARCELLA PEREIRA PENA;DIRETORIA DE ADM.E FINANCAS;ASSESSOR IV;; CARGO COMISSION.S/VINCULO;2179,61;;2179,61;179,66;1999,95;
TAHUANA YREN NERY JESUS R TORQUATO;GABINETE DA PRESIDENCIA;ASSESSOR TECNICO;; C.L.T.;6555,00;;6555,00;1374,17;5180,83;
TALISSA VIEIRA DE SOUZA;DIRETORIA DE ADM.E FINANCAS;ASSESSOR III;; CARGO COMISSION.S/VINCULO;4255,73;;4255,73;667,90;3587,83;
TAYANA RHAELLA SILVA DE BASTOS;GERENCIA DE ADM.PAT.E SERVICOS;ASSESSOR III;; CARGO COMISSION.S/VINCULO;3191,80;;3191,80;346,02;2845,78;
TOMAS IGO MUNOZ SANCHES;DIRETORIA TECNICA;DIRETOR TECNICO;; CARGO COMISSION.S/VINCULO;9000,00;;9000,00;2046,54;6953,46;
WASLLEY AGUIAR VIANA;GERENCIA DE ORC.E FINANCAS;ASSISTENTE ADMINISTRATIVO;; C.L.T.;3284,00;;3284,00;311,47;2972,53;
YASMIM PEREIRA NEGREIROS;ASSESSORIA;ASSISTENTE ADMINISTRATIVO;; C.L.T.;2463,00;;2463,00;238,90;2224,10;
