NOME;LOTACAO;CARGO;FUNCAO;VINCULO;REMUNERACAO LEGAL TOTAL(R$);DESC.TETO(R$); REMUNERACAO LEGAL DEVIDA(R$);DESCONTOS LEGAIS(R$);LIQUIDO DISPONIVEL(R$);
ADEILDO COSTA FARIAS;DIOPE-DIVISAO OPERACIONAL;AGENTE AQUAVIARIO IV;; ESTATUTARIO;2408,27;;2408,27;204,16;2204,11;
ADONIS BRASIL;ITACOATIARA;AGENTE PORTUARIO II;AG.PORTUARIO II; ESTATUTARIO;1349,42;;1349,42;188,92;1160,50;
ADRIANA MOREIRA DA SILVA GUSMAO;ASPRE-ASSESSOR.DA PRESIDENCIA;ASSESSOR I;NAO INFORMADO; CARGO COMISSION.S/VINCULO;5229,77;;5229,77;992,73;4237,04;
AFRANIO SANTOS DA SILVA;DIOPE-DIVISAO OPERACIONAL;AGENTE AQUAVIARIO III;; ESTATUTARIO;3057,11;;3057,11;278,72;2778,39;
ALDEMIR LIMA DE SOUSA;PESSOAL PROCESSO APOSENTADORIA;AGENTE AQUAVIARIO II;; ESTATUTARIO;2554,96;;2554,96;341,42;2213,54;
ALDER JOSE SIMOES DE ALBUQUERQUE;ASPRE-ASSESSOR.DA PRESIDENCIA;AGENTE PORTUARIO III;; ESTATUTARIO;3210,16;;3210,16;125,95;3084,21;
ANTONIO CARLOS VASCONCELOS DA COSTA;DIOPE-DIVISAO OPERACIONAL;AGENTE AQUAVIARIO III;; ESTATUTARIO;3917,11;;3917,11;352,05;3565,06;
AUGUSTO FLAVIO SANTOS DE ANDRADE;PROCURADORIA JURIDICA;PROCURADOR CHEFE;NAO INFORMADO; CARGO COMISSION.S/VINCULO;5229,77;;5229,77;907,42;4322,35;
BASILEU FERREIRA DA SILVA;DIOPE-DIVISAO OPERACIONAL;AGENTE AQUAVIARIO IV;; ESTATUTARIO;1486,20;;1486,20;193,54;1292,66;
BREYTNER PEREIRA TELLES;DIOPE-DIVISAO OPERACIONAL;AGENTE PORTUARIO III;AGENTE PORT III; ESTATUTARIO;2195,62;;2195,62;125,95;2069,67;
CARLOS ALBERTO A VILAGELIM;DIOPE-DIVISAO OPERACIONAL;AGENTE AQUAVIARIO IV;; ESTATUTARIO;1486,20;;1486,20;193,54;1292,66;
CARLOS FABIO SOUZA DE JESUS;DIOPE-DIVISAO OPERACIONAL;AGENTE AQUAVIARIO IV;; ESTATUTARIO;2436,20;;2436,20;193,54;2242,66;
CARLOS FERNANDO SAMPAIO DE OLIVEIRA;ASCOF-ASS.DE CONTAB.E FINANCAS;AGENTE PORTUARIO II;AGENTE PORTUARIO II; ESTATUTARIO;4155,42;;4155,42;402,59;3752,83;
CARLOS JORGE SOZINHO FAUSTO;DIOPE-DIVISAO OPERACIONAL;AGENTE AQUAVIARIO IV;AGENTE AQUAVIARIO IV; ESTATUTARIO;2436,20;;2436,20;206,25;2229,95;
CELIO DA SILVA LIMA;DIOPE-DIVISAO OPERACIONAL;AGENTE AQUAVIARIO III;; ESTATUTARIO;2107,11;;2107,11;278,72;1828,39;
CLENILDO FREITAS DE FIGUEIREDO;DIOPE-DIVISAO OPERACIONAL;AGENTE AQUAVIARIO IV;; ESTATUTARIO;1806,20;;1806,20;193,54;1612,66;
CLESON PAES ARAUJO;DIOPE-DIVISAO OPERACIONAL;AGENTE PORTUARIO III;AG PORTUARIO III; ESTATUTARIO;3705,62;;3705,62;251,22;3454,40;
CLOVES DOS SANTOS JACOB;DIOPE-DIVISAO OPERACIONAL;AGENTE AQUAVIARIO IV;AG AQUAVIARIO IV; ESTATUTARIO;1486,20;;1486,20;193,54;1292,66;
DELSON WAUGHAN DE SOUSA;DIOPE-DIVISAO OPERACIONAL;AGENTE AQUAVIARIO III;AG AQUAVIRIO III; ESTATUTARIO;2592,11;;2592,11;293,27;2298,84;
DENILSON MACIEL RIBEIRO;COARI;AGENTE PORTUARIO III;AG.PORTUARIO III; ESTATUTARIO;1300,38;;1300,38;182,05;1118,33;
EDSON COELHO PERES;DIOPE-DIVISAO OPERACIONAL;AGENTE AQUAVIARIO IV;AG.AQUAVIARIO IV; ESTATUTARIO;2211,20;;2211,20;193,54;2017,66;
EDSON SILVA SOUZA;DIOPE-DIVISAO OPERACIONAL;AGENTE AQUAVIARIO IV;AG AQUAVIARIO IV; ESTATUTARIO;1806,20;;1806,20;193,54;1612,66;
ELI CARLOS BORGES DE OLIVEIRA;TABATINGA;AGENTE PORTUARIO III;AG.PORTUARIO III; ESTATUTARIO;1300,38;;1300,38;182,05;1118,33;
ELISEU BARBOSA MACIEL;ASCOF-ASS.DE CONTAB.E FINANCAS;AGENTE PORTUARIO III;AG PORTUARIO III; ESTATUTARIO;3705,62;;3705,62;308,10;3397,52;
ELSON LIMA PACHECO;DIOPE-DIVISAO OPERACIONAL;AGENTE AQUAVIARIO IV;; ESTATUTARIO;1806,20;;1806,20;193,54;1612,66;
EMMANUEL ADONES DAS N NASCIMENTO;DIOPE-DIVISAO OPERACIONAL;AGENTE AQUAVIARIO IV;; ESTATUTARIO;2436,20;;2436,20;206,25;2229,95;
ERIANE DE OLIVEIRA NASCIMENTO;DIPAL-DIV.PATRIM.ALMOXARIFADO;AGENTE PORTUARIO II;AGENTE PORT II; ESTATUTARIO;4155,42;;4155,42;445,25;3710,17;
ERIVAN CRUZ DE ASSUNCAO;DIOPE-DIVISAO OPERACIONAL;AGENTE AQUAVIARIO IV;; ESTATUTARIO;1806,20;;1806,20;193,54;1612,66;
FABIOLA DA SILVA ROTHEN;ASADM-ASSESSORIA ADMINISTRACAO;AGENTE PORTUARIO II;AGENTE PORTUARIO II; ESTATUTARIO;4155,42;;4155,42;445,25;3710,17;
FERNANDO DE SOUZA ANDRADE;DIOPE-DIVISAO OPERACIONAL;MARINHEIRO FLUVIAL DE CONVES;; ESTATUTARIO;1872,88;;1872,88;217,96;1654,92;
FRANCISCO CARLOS MARTINS RIBEIRO;DEAFI-DEPTO.DE ADM.E FINANCAS;AGENTE PORTUARIO III;; ESTATUTARIO;3705,62;;3705,62;166,31;3539,31;
FRANCISCO OSCAR OLIVEIRA DA SILVA;DIOPE-DIVISAO OPERACIONAL;AGENTE AQUAVIARIO II;; ESTATUTARIO;5360,96;;5360,96;737,32;4623,64;
FRANSOAISE TORRES LIMA;ASADM-ASSESSORIA ADMINISTRACAO;AGENTE PORTUARIO III;AG.PORTUARIO III; ESTATUTARIO;3105,62;;3105,62;218,10;2887,52;
GERALDO DA COSTA SOUZA;PESSOAL PROCESSO APOSENTADORIA;AGENTE AQUAVIARIO III;AG AQUAVIARIO III; ESTATUTARIO;2107,11;;2107,11;278,72;1828,39;
GILBERTO MENDES DE LIMA;DIOPE-DIVISAO OPERACIONAL;AGENTE AQUAVIARIO IV;AG AQUAVIARIO IV; ESTATUTARIO;2436,20;;2436,20;193,54;2242,66;
GILSON DA COSTA AMARAL;DIOPE-DIVISAO OPERACIONAL;AGENTE AQUAVIARIO IV;AG AQUAVIARIO IV; ESTATUTARIO;2436,20;;2436,20;206,25;2229,95;
GLEICY LIRA FERREIRA;PROCURADORIA JURIDICA;AGENTE PORTUARIO II;AGENTE PORTUARIO II; ESTATUTARIO;1349,42;;1349,42;188,92;1160,50;
HELCIO OLIVEIRA DE LIMA;DIOPE-DIVISAO OPERACIONAL;AGENTE PORTUARIO II;AG PORTUARIO II; ESTATUTARIO;2857,42;;2857,42;232,04;2625,38;
HELIOMARA ANDRADE SOARES;ITACOATIARA;AGENTE PORTUARIO III;AG.PORTUARIO III; ESTATUTARIO;1300,38;;1300,38;182,05;1118,33;
HENRIQUE DA SILVA CABRAL;PARINTINS;AGENTE PORTUARIO III;AG.PORTUARIO III; ESTATUTARIO;1300,38;;1300,38;182,05;1118,33;
HENRY CHALLU PINHEIRO MOTA;DIOPE-DIVISAO OPERACIONAL;AGENTE PORTUARIO III;AG.PORTUARIO III; ESTATUTARIO;3105,62;;3105,62;178,19;2927,43;
HINDEMBURGO OLIVEIRA E SILVA FILHO;DIOPE-DIVISAO OPERACIONAL;MOTORISTA FLUVIAL;; ESTATUTARIO;4357,27;;4357,27;471,71;3885,56;
IDERLAN VALE RODRIGUES;DEAFI-DEPTO.DE ADM.E FINANCAS;CHEFE DE DEPARTAMENTO;NAO INFORMADO; CARGO COMISSION.S/VINCULO;5229,77;;5229,77;907,42;4322,35;
JACKSON CARLOS BARROSO BELCHIOR;DEAFI-DEPTO.DE ADM.E FINANCAS;AGENTE PORTUARIO I;AGENTE PORTUARIO I; ESTATUTARIO;5279,94;;5279,94;734,96;4544,98;
JAIME MONTEFUSCO DA SILVA;PESSOAL PROCESSO APOSENTADORIA;AGENTE AQUAVIARIO III;; ESTATUTARIO;2107,11;;2107,11;278,72;1828,39;
JANDER DE OLIVEIRA REIS;PARINTINS;AGENTE PORTUARIO II;AG.PORTUARIO II; ESTATUTARIO;1349,42;;1349,42;188,92;1160,50;
JOAO CARLOS FERNANDES;DIOPE-DIVISAO OPERACIONAL;AGENTE AQUAVIARIO IV;; ESTATUTARIO;2211,20;;2211,20;193,54;2017,66;
JORGE DE ALMEIDA BARROSO;PRESI - PRESIDENCIA;DIRETOR PRESIDENTE;NAO INFORMADO; CARGO COMISSION.S/VINCULO;11700,00;;11700,00;2789,04;8910,96;
JOSE ADILSON FALCAO SARAIVA;DIOPE-DIVISAO OPERACIONAL;AGENTE AQUAVIARIO IV;AGENTE AQUAVIARIO IV; ESTATUTARIO;2436,20;;2436,20;206,25;2229,95;
JOSE ALVES CAVALCANTE FILHO;DIPAL-DIV.PATRIM.ALMOXARIFADO;AGENTE PORTUARIO III;; ESTATUTARIO;3105,62;;3105,62;192,41;2913,21;
JOSE BENEDITO MAIA PRIMO;DIOPE-DIVISAO OPERACIONAL;AGENTE AQUAVIARIO IV;AG AQUAVIAIRO IV; ESTATUTARIO;2994,20;;2994,20;248,10;2746,10;
JOSE CARLOS BRAGA BASTOS JUNIOR;ASCOF-ASS.DE CONTAB.E FINANCAS;ASSESSOR I;NAO INFORMADO; CARGO COMISSION.S/VINCULO;5229,77;;5229,77;992,73;4237,04;
JOSE DE CASTRO MOURA;DIOPE-DIVISAO OPERACIONAL;AGENTE AQUAVIARIO II;AG AQUAVIARIO II; ESTATUTARIO;2554,96;;2554,96;341,42;2213,54;
JUSCELINO DA COSTA SILVA;DIOPE-DIVISAO OPERACIONAL;AGENTE PORTUARIO II;AGENTE PORTUARIO II; ESTATUTARIO;4155,42;;4155,42;372,22;3783,20;
MADSON LUIZ GOMES MARINHO;DIOPE-DIVISAO OPERACIONAL;AGENTE AQUAVIARIO IV;AG AQUAVIARIO IV; ESTATUTARIO;1971,20;;1971,20;193,54;1777,66;
MARCIA HITOTUZI HIRAMATSU;DEAFI-DEPTO.DE ADM.E FINANCAS;AGENTE PORTUARIO I;AGENTE PORTUARIO I; ESTATUTARIO;5279,94;;5279,94;833,73;4446,21;
MARCIO NEY VIEIRA BRANDAO;COARI;AGENTE PORTUARIO II;AG.PORTUARIO II; ESTATUTARIO;1349,42;;1349,42;188,92;1160,50;
NIVALDO COSTA DE OLIVEIRA;DIOPE-DIVISAO OPERACIONAL;AGENTE AQUAVIARIO III;AG AQUAVIARIO III; ESTATUTARIO;3057,11;;3057,11;328,14;2728,97;
ORNEY BENTES BARROS;DIOPE-DIVISAO OPERACIONAL;AGENTE AQUAVIARIO IV;AG AQUAVIARIO IV; ESTATUTARIO;2628,27;;2628,27;220,66;2407,61;
OSEAS MENDONCA DOS SANTOS;DIOPE-DIVISAO OPERACIONAL;AGENTE AQUAVIARIO IV;AG AQUAVIARIO IV; ESTATUTARIO;1486,20;;1486,20;;1486,20;
PATRICK FRANCOIS RIBEIRO MOREIRA;DIOPE-DIVISAO OPERACIONAL;AGENTE AQUAVIARIO III;AG AQUAVIARIO III; ESTATUTARIO;3615,11;;3615,11;392,06;3223,05;
PAULO MOISES SANTOS DA SILVA;DIOPE-DIVISAO OPERACIONAL;AGENTE AQUAVIARIO III;AG AQUAVIARIO III; ESTATUTARIO;2427,11;;2427,11;278,72;2148,39;
PEDRO SANTOS DA SILVA;DIOPE-DIVISAO OPERACIONAL;COMANDANTE FLUVIAL;; ESTATUTARIO;3772,31;;3772,31;423,78;3348,53;
RAIMUNDO ALDECY DE SOUZA;DIOPE-DIVISAO OPERACIONAL;MARINHEIRO FLUVIAL DE CONVES;; ESTATUTARIO;2868,88;;2868,88;252,30;2616,58;
RAIMUNDO CORREIA DA SILVA;DIOPE-DIVISAO OPERACIONAL;MARINHEIRO FLUVIAL DE CONVES;; ESTATUTARIO;2787,23;;2787,23;247,62;2539,61;
RAIMUNDO JAIRO DOS SANTOS ALVES;DIOPE-DIVISAO OPERACIONAL;AGENTE AQUAVIARIO IV;AGENTE AQUAVIARIO IV; ESTATUTARIO;2436,20;;2436,20;193,54;2242,66;
RAIMUNDO JOSE LUCENA BARROS;DIOPE-DIVISAO OPERACIONAL;AGENTE AQUAVIARIO II;AG AQUAVIARIO II; ESTATUTARIO;2554,96;;2554,96;341,42;2213,54;
RAIMUNDO NAZARENO DE LIMA;DIOPE-DIVISAO OPERACIONAL;AGENTE AQUAVIARIO III;AG AQUAVIARIO III; ESTATUTARIO;2107,11;;2107,11;278,72;1828,39;
RAIMUNDO NONATO DE LIMA;DIOPE-DIVISAO OPERACIONAL;AGENTE PORTUARIO III;AGENTE PORTUARIO III; ESTATUTARIO;3705,62;;3705,62;279,66;3425,96;
RAIMUNDO NONATO DE SOUZA;PESSOAL PROCESSO APOSENTADORIA;MARINHEIRO FLUVIAL DE MAQUINA;; ESTATUTARIO;1764,14;;1764,14;202,74;1561,40;
RAIMUNDO TEIXEIRA FILHO;PARINTINS;AGENTE PORTUARIO III;AG.PORTUARIO III; ESTATUTARIO;1300,38;;1300,38;182,05;1118,33;
RAPHAEL DOS SANTOS MARINHO;DIRETORIA ADMNINST-FINANCEIRO;DIRETOR ADMINISTRATIVO E FINANCEIRO;NAO INFORMADO; CARGO COMISSION.S/VINCULO;9000,00;;9000,00;2098,68;6901,32;
ROBERCI BENTES DE ARAUJO;DIOPE-DIVISAO OPERACIONAL;AGENTE AQUAVIARIO IV;AG AQUAVIARIO IV; ESTATUTARIO;2408,27;;2408,27;204,16;2204,11;
ROBERTO NONATO DA SILVA;DIOPE-DIVISAO OPERACIONAL;AGENTE AQUAVIARIO III;AG AQUAVIARIO III; ESTATUTARIO;2427,11;;2427,11;278,72;2148,39;
SEBASTIAO CESAR SOUSA DE SA;DIOPE-DIVISAO OPERACIONAL;AGENTE AQUAVIARIO II;; ESTATUTARIO;3504,96;;3504,96;424,68;3080,28;
SELEZIO SERGIO SARAYVA MATOS;DIOPE-DIVISAO OPERACIONAL;AGENTE AQUAVIARIO III;; ESTATUTARIO;2427,11;;2427,11;278,72;2148,39;
TACIANO SAMPAIO FILHO;DIOPE-DIVISAO OPERACIONAL;AGENTE AQUAVIARIO IV;; ESTATUTARIO;1486,20;;1486,20;193,54;1292,66;
THIAGO COLARES DA SILVA FILHO;DIOPE-DIVISAO OPERACIONAL;AGENTE AQUAVIARIO IV;; ESTATUTARIO;1486,20;;1486,20;193,54;1292,66;
THIAGO FARIAS SOUZA;ASADM-ASSESSORIA ADMINISTRACAO;AGENTE PORTUARIO III;; ESTATUTARIO;3705,62;;3705,62;308,10;3397,52;
VALDEMIR OLIVEIRA DE MENDONÇA;ASPRE-ASSESSOR.DA PRESIDENCIA;ASSESSOR I;NAO INFORMADO; CARGO COMISSION.S/VINCULO;5229,77;;5229,77;950,08;4279,69;
VALDENOR GUIMARAES DA SILVA;DIOPE-DIVISAO OPERACIONAL;AGENTE AQUAVIARIO IV;; ESTATUTARIO;2436,20;;2436,20;206,25;2229,95;
WALDIR MARTINS DE OLIVEIRA;DIOPE-DIVISAO OPERACIONAL;MARINHEIRO FLUVIAL DE CONVES;; ESTATUTARIO;3302,44;;3302,44;275,81;3026,63;
WALFRIDO DE OLIVEIRA SILVA NETO;DIOPE-DIVISAO OPERACIONAL;AGENTE PORTUARIO I;AGENTE PORTUARIO I; ESTATUTARIO;5279,94;;5279,94;833,73;4446,21;
WASHINGTON LUIZ DO NASCIMENTO;DIOPE-DIVISAO OPERACIONAL;AGENTE AQUAVIARIO IV;; ESTATUTARIO;1486,20;;1486,20;193,54;1292,66;
WELISSON MORIZ CORREA;ASADM-ASSESSORIA ADMINISTRACAO;AGENTE PORTUARIO II;AG.PORTUARIO II; ESTATUTARIO;4155,42;;4155,42;343,78;3811,64;
WILLIAM PEIXOTO DE AQUINO;DIOPE-DIVISAO OPERACIONAL;AGENTE PORTUARIO II;AG.PORTUARIO II; ESTATUTARIO;3555,42;;3555,42;339,10;3216,32;
