NOME;LOTACAO;CARGO;FUNCAO;VINCULO;REMUNERACAO LEGAL TOTAL(R$);DESC.TETO(R$); REMUNERACAO LEGAL DEVIDA(R$);DESCONTOS LEGAIS(R$);LIQUIDO DISPONIVEL(R$);
ABRAHAM DE OLIVEIRA ANSELMO JUNIOR;SEAP-EFETIVOS;ASSISTENTE TECNICO GOVERNAMENTAL;; ESTATUTARIO;3599,78;;3599,78;346,88;3252,90;
ADAUTO CRUZ DE SOUZA;SEAP-COMISSIONADOS;ASSESSOR III;NAO INFORMADO; CARGO COMISSION.S/VINCULO;3191,80;;3191,80;379,31;2812,49;
ADELSON EMANUEL MONTEIRO DA SILVA;SEAP-EFETIVOS;A.TEC-I;; ESTATUTARIO;3829,86;;3829,86;420,67;3409,19;
ADEMAR PEIXOTO DA SILVA;SEAP-EFETIVOS;A.TEC-I;; ESTATUTARIO;3732,59;;3732,59;364,46;3368,13;
ADILSON PENEDO DE ARAUJO;UNID.PRIS.SEMIABERTO FEM-UPSF;AUX.O-I;; ESTATUTARIO;3249,26;;3249,26;301,66;2947,60;
ADRIANA DA SILVA MARTINS;SEAP-COMISSIONADOS;ASSESSOR IV;; CARGO COMISSION.S/VINCULO;3175,61;;3175,61;375,23;2800,38;
ADRIANA OFELIA RAMOS DE OLIVEIRA;CASA DO ALBERGADO DE MANAUS;AUX.S.G-I;; ESTATUTARIO;2789,94;;2789,94;243,25;2546,69;
ADRIANE DE MATTOS BRAGA;SEAP-COMISSIONADOS;A.OPE-III;ASSESSOR I; ESTATUTARIO;5771,54;;5771,54;854,86;4916,68;
ADRIELLE LEOCADIO DE LIRA;CENT.DETEN PROV.MANAUS-CDPM II;ASSESSOR IV;ASSESSOR IV AD-4; CARGO COMISSION.S/VINCULO;3175,61;;3175,61;375,23;2800,38;
AIDA MORENO DE MELO;SEAP-EFETIVOS;ASSISTENTE TECNICO GOVERNAMENTAL;; ESTATUTARIO;3595,02;;3595,02;347,20;3247,82;
AILTON DE ALMEIDA PAIVA;SEAP-COMISSIONADOS;GERENTE;NAO INFORMADO; CARGO COMISSION.S/VINCULO;4209,79;;4209,79;652,57;3557,22;
ALCINEI MACIEL PINTO;SEAP-COMISSIONADOS;ASSESSOR III;; CARGO COMISSION.S/VINCULO;3191,80;;3191,80;379,31;2812,49;
ALDAIR DE PAULA EDWARDS;SEAP-EFETIVOS;A.TEC-I;; ESTATUTARIO;3952,64;;3952,64;397,47;3555,17;
ALDEMAR DOS SANTOS BONATES NETO;SEAP-COMISSIONADOS;INVEST.DE POL. 3A.CL. PC-INV-III;ASSESSOR I; ESTATUTARIO;5000,00;;5000,00;505,64;4494,36;
ALDO BATISTA BRAGA;CASA DO ALBERGADO DE MANAUS;AG.PEN-I;; ESTATUTARIO;3741,33;;3741,33;421,64;3319,69;
ALESSANDRO DA SILVA;SEAP-COMISSIONADOS;SARGENTO 3;GERENTE; ESTATUTARIO;4000,00;;4000,00;263,87;3736,13;
ALEX DE FREITAS CHAVES;MUNICIPIO DE HUMAITA;ASSESSOR III;ASSESSOR III; CARGO COMISSION.S/VINCULO;2195,80;;2195,80;181,12;2014,68;
ALEXANDRA DA FONSECA DE SOUZA;SEAP-COMISSIONADOS;SUBGERENTE;NAO INFORMADO; CARGO COMISSION.S/VINCULO;3191,80;;3191,80;379,31;2812,49;
ALEXANDRE MICHEL ROCHA CAVALCANTE;SEAP-COMISSIONADOS;SARGENTO 2;ASSESSOR III; ESTATUTARIO;3000,00;;3000,00;53,76;2946,24;
ALEXANDRE VIANA DE CASTRO;SEAP-COMISSIONADOS;ASSESSOR II;NAO INFORMADO; CARGO COMISSION.S/VINCULO;4209,79;;4209,79;652,57;3557,22;
ALLAN DE AZEVEDO ALVES;SEAP-COMISSIONADOS;TENENTE 1;ASSESSOR I; ESTATUTARIO;5000,00;;5000,00;403,55;4596,45;
ALMIR DE AQUINO CORREA NETO;SEAP-COMISSIONADOS;ASSESSOR IV;NAO INFORMADO; CARGO COMISSION.S/VINCULO;3175,61;;3175,61;375,23;2800,38;
ALONSO MARCOLINO DA SILVA;CASA DO ALBERGADO DE MANAUS;MOT-I;MOTORISTA; ESTATUTARIO;3492,39;;3492,39;363,51;3128,88;
ALUIZIO BARBOSA DE LIMA JUNIOR;SEAP-COMISSIONADOS;SARGENTO 3;SUBGERENTE; ESTATUTARIO;3000,00;;3000,00;53,76;2946,24;
ALUIZIO BENTES CERDEIRA;MUNICIPIO DE PARINTINS;DIRETOR DE UNIDADE PRISIONAL;DIR UNI PRIS AD1; CARGO COMISSION.S/VINCULO;5229,77;;5229,77;992,73;4237,04;
ALYNE ELIZA TAUMATURGO BOTELHO;SEAP-COMISSIONADOS;ASSESSOR I;NAO INFORMADO; CARGO COMISSION.S/VINCULO;5229,77;;5229,77;992,73;4237,04;
AMARILDO SOUZA CARNEIRO DA CUNHA;SEAP-EFETIVOS;AUX.S.G-I;; ESTATUTARIO;3562,46;;3562,46;336,84;3225,62;
AMSTERDAM DOS SANTOS LIMA;CENT.DE DETEN.PROV.MANAUS-CDPM;CABO;DIRETOR ADJUNTO DE U; ESTATUTARIO;4000,00;;4000,00;263,87;3736,13;
ANA BEATRIZ SANTOS DO CARMO;SEAP-COMISSIONADOS;CABO;GERENTE; ESTATUTARIO;4000,00;;4000,00;221,21;3778,79;
ANA CLAUDIA MACEDO ARAUJO SILVA;SEAP-EFETIVOS;PSI-II;; ESTATUTARIO;4198,44;;4198,44;633,34;3565,10;
ANA CRISTINA PEREIRA ABREU;SEAP-COMISSIONADOS;ASSESSOR III;ASSESSOR III; CARGO COMISSION.S/VINCULO;3191,80;;3191,80;379,31;2812,49;
ANDERSON ANGELIN DA SILVA;SEAP-COMISSIONADOS;CABO;DIRETOR ADJUNTO DE U; ESTATUTARIO;3000,00;;3000,00;95,20;2904,80;
ANDRE LUIZ BARROS GIOIA;SEAP-COMISSIONADOS;TENENTE CORONEL;SECRETARIO EXECUTIVO; ESTATUTARIO;8100,00;855,29;7244,71;1122,94;6121,77;
ANDREA ALESSANDRA DE OLIVEIRA MELO;SEAP-EFETIVOS;A.TEC-II;; ESTATUTARIO;4855,28;;4855,28;614,94;4240,34;
ANDRESSON RENATO NASCIMENTO LEMOS;SEAP-COMISSIONADOS;SARGENTO 2;ASSESSOR II; ESTATUTARIO;4000,00;;4000,00;263,87;3736,13;
ANGELA EMILIA GAMA DA SILVA;SEAP-COMISSIONADOS;ASSESSOR IV;NAO INFORMADO; CARGO COMISSION.S/VINCULO;3175,61;;3175,61;375,23;2800,38;
ANGELITA MARIA DA CONCEICAO S MUNIZ;HOSP.DE CUST.TRAT.PSIQUIATRICO;AUX.S.G-II;; ESTATUTARIO;3516,15;;3516,15;321,76;3194,39;
ANTONIO ABENONIZ GOMES;SEAP-EFETIVOS;A.TEC-II;; ESTATUTARIO;4855,28;;4855,28;614,94;4240,34;
ANTONIO ADEVAN SALDANHA RODRIGUES;MUNICIPIO DE TABATINGA;ASSESSOR III;NAO INFORMADO; CARGO COMISSION.S/VINCULO;2195,80;;2195,80;181,12;2014,68;
ANTONIO CARLOS DE SOUZA;HOSP.DE CUST.TRAT.PSIQUIATRICO;AG.PEN-II;; ESTATUTARIO;3654,96;;3654,96;392,28;3262,68;
ANTONIO CARLOS LIRA DE FARIAS;SEAP-INTERIOR;AUX.HSP-I;; ESTATUTARIO;3559,83;;3559,83;196,59;3363,24;
ANTONIO CARLOS NUNES DA FONSECA;SEAP-EFETIVOS;MED-II;; ESTATUTARIO;4400,11;;4400,11;831,31;3568,80;
ANTONIO CARLOS SEIXAS DA SILVA;CASA DO ALBERGADO DE MANAUS;AG.PEN-I;; ESTATUTARIO;3971,08;;3971,08;455,05;3516,03;
ANTONIO CARNEIRO DA COSTA;COMPAJ SEMI ABERTO;AUX.S.G-I;; ESTATUTARIO;4781,41;;4781,41;544,21;4237,20;
ANTONIO DE PADUA PINHEIRO SENA;SEAP-EFETIVOS;A.TEC-II;; ESTATUTARIO;6265,46;;6265,46;602,94;5662,52;
ANTONIO ENRIQUES CORDEIRO;MUNICIPIO DE ITACOATIARA;DIRETOR DE UNIDADE PRISIONAL AD-1;; CARGO COMISSION.S/VINCULO;6973,03;;6973,03;1593,40;5379,63;
ANTONIO FERNANDO DO N PAIVA;INSTIT.PENAL ANTONIO TRINDADE;ASSESSOR IV;NAO INFORMADO; CARGO COMISSION.S/VINCULO;3175,61;;3175,61;375,23;2800,38;
ANTONIO GONCALVES DA SILVA;SEAP-EFETIVOS;AUX.S.G-I;; ESTATUTARIO;3577,31;;3577,31;342,18;3235,13;
ANTONIO JORGE DE A SANTIAGO;UNID.PRIS.SEMIABERTO FEM-UPSF;AG.PEN-I;; ESTATUTARIO;3723,84;;3723,84;388,49;3335,35;
ANTONIO JORGE OLIVEIRA COSTA;CASA DO ALBERGADO DE MANAUS;AUX.S.G-I;; ESTATUTARIO;3560,58;;3560,58;336,32;3224,26;
ANTONIO JOSE BENIGNO DE OLIVEIRA;SEAP-INTERIOR;AUX.S.G-I;; ESTATUTARIO;3599,56;;3599,56;318,12;3281,44;
ANTONIO JOSE DE ASSIS;SEAP-EFETIVOS;CINEGRAFISTA 1A CLASSE;CINEGRAFISTA; ESTATUTARIO;3714,21;;3714,21;379,27;3334,94;
ANTONIO JOSE LEITE DE OLIVEIRA;SEAP-INTERIOR;AG.PEN-I;; ESTATUTARIO;3701,57;;3701,57;411,50;3290,07;
ANTONIO MARQUES DE OLIVEIRA;SEAP-EFETIVOS;AG.PEN-I;; ESTATUTARIO;3961,11;;3961,11;250,77;3710,34;
ANTONIO MENDONCA DA SILVA;CASA DO ALBERGADO DE MANAUS;AG.PEN-I;; ESTATUTARIO;3961,11;;3961,11;452,52;3508,59;
ARACI MENEZES DIMAS;SEAP-INTERIOR;A.TEC-I;CH SECAO ESTATISTICA; ESTATUTARIO;2944,04;;2944,04;268,16;2675,88;
ARIELA LOPES;SEAP-EFETIVOS;A.TEC-III;AG ADMINISTRATIVO; ESTATUTARIO;3577,54;;3577,54;314,07;3263,47;
ARIOMAR FERMIN;CASA DO ALBERGADO DE MANAUS;AG.PEN-II;; ESTATUTARIO;3646,69;;3646,69;389,07;3257,62;
ARLISSON CHAVES PASSOS;SEAP-COMISSIONADOS;SARGENTO 2;ASSESSOR II; ESTATUTARIO;4000,00;;4000,00;263,87;3736,13;
ARMANDO CAJUEIRO GOMES;COMPAJ SEMI ABERTO;A.TEC-II;; ESTATUTARIO;3641,46;;3641,46;365,41;3276,05;
ARMANDO GARCIA QUEIROZ FILHO;SEAP-EFETIVOS;A.TEC-I;; ESTATUTARIO;3701,60;;3701,60;386,17;3315,43;
ARNOLDO DA SILVA MENDONCA;SEAP-EFETIVOS;A.TEC-I;; ESTATUTARIO;3930,07;;3930,07;368,85;3561,22;
ARNOUD CRUZ DOS SANTOS;SEAP-EFETIVOS;AG.PEN-II;; ESTATUTARIO;3646,69;;3646,69;332,20;3314,49;
ASSIS DA SILVA RIBEIRO;SEAP-INTERIOR;A.TEC-I;; ESTATUTARIO;3710,34;;3710,34;388,52;3321,82;
AUGUSTO CASTRO DOS SANTOS;COMPAJ FECHADO;SARGENTO 3;DIRETOR ADJUNTO DE U; ESTATUTARIO;4000,00;;4000,00;263,87;3736,13;
AURILENE MACHADO BEZERRA;SEAP-COMISSIONADOS;ASSESSOR III;ASSESSOR III AD-3; CARGO COMISSION.S/VINCULO;3191,80;;3191,80;379,31;2812,49;
BARBARA DO NASCIMENTO MARTINS;SEAP-COMISSIONADOS;ASSESSOR TECNICO;NAO INFORMADO; CARGO COMISSION.S/VINCULO;7000,00;;7000,00;1600,82;5399,18;
BERENICE GUEDES MONTEIRO;SEAP-EFETIVOS;A.TEC-I;; ESTATUTARIO;3045,88;;3045,88;301,59;2744,29;
BERGSON LUIZ NUNES BARBOSA LIMA;CASA DO ALBERGADO DE MANAUS;A.TEC-I;; ESTATUTARIO;3684,13;;3684,13;379,91;3304,22;
BRENO BARBOSA SOARES ALVES;SEAP-COMISSIONADOS;SUBGERENTE;SUBGERENTE; CARGO COMISSION.S/VINCULO;3191,80;;3191,80;379,31;2812,49;
BRENO NUNES LOPES;SEAP-COMISSIONADOS;SUBGERENTE;NAO INFORMADO; CARGO COMISSION.S/VINCULO;3191,80;;3191,80;379,31;2812,49;
BRUNO COLARES DOS REIS;SEAP-COMISSIONADOS;ASSESSOR II;NAO INFORMADO; CARGO COMISSION.S/VINCULO;4209,79;;4209,79;652,57;3557,22;
BRUNO PEREIRA REGIS;SEAP-COMISSIONADOS;CABO;ASSESSOR IV; ESTATUTARIO;3000,00;;3000,00;95,20;2904,80;
CAIQUE PESSOA LAGO;UNIDADE PRISIONAL PURAQUEQUARA;ASSESSOR III;NAO INFORMADO; CARGO COMISSION.S/VINCULO;3191,80;;3191,80;379,31;2812,49;
CAMILA VIEIRA BRANDAO;UNID.PRIS.SEMIABERTO FEM-UPSF;ASSESSOR III;NAO INFORMADO; CARGO COMISSION.S/VINCULO;2195,80;;2195,80;181,12;2014,68;
CARLOS ALBERTO AZEVEDO MARINHO;MUNICIPIO DE PARINTINS;AG.PEN-II;AG. PENITENCIARIO; ESTATUTARIO;3641,46;;3641,46;361,82;3279,64;
CARLOS ALBERTO FERNANDES DA SILVA;SEAP-EFETIVOS;AG.PEN-II;; ESTATUTARIO;4133,19;;4133,19;387,05;3746,14;
CARLOS AUGUSTO DUTRA CECILIO;SEAP-INTERIOR;AG.PEN-I;; ESTATUTARIO;4778,66;;4778,66;706,67;4071,99;
CARLOS HUMBERTO MENDES AROUCHE;SEAP-COMISSIONADOS;GERENTE;NAO INFORMADO; CARGO COMISSION.S/VINCULO;4209,79;;4209,79;652,57;3557,22;
CARLOS JOSE RIBEIRO LANHELLAS;CASA DO ALBERGADO DE MANAUS;AG.PEN-II;; ESTATUTARIO;3625,00;;3625,00;383,87;3241,13;
CARLOS ROBERTO FARIAS ALEIXO;CASA DO ALBERGADO DE MANAUS;AUX.O-I;; ESTATUTARIO;3876,96;;3876,96;397,31;3479,65;
CARLOS SERGIO MOTA DE CASTRO;SEAP-INTERIOR;FISCAL RODOVIARIO;; ESTATUTARIO;2977,54;;2977,54;255,37;2722,17;
CARLOS VITOR GARCIA BARBOSA;SEAP-COMISSIONADOS;ASSESSOR II;NAO INFORMADO; CARGO COMISSION.S/VINCULO;4209,79;;4209,79;652,57;3557,22;
CARLOS WILLIAMS TOBIAS DE SOUZA;SEAP-COMISSIONADOS;SARGENTO 2;ASSESSOR III; ESTATUTARIO;3000,00;;3000,00;53,76;2946,24;
CAROLINE FUGOLARI FREITAS;SEAP-COMISSIONADOS;ASSESSOR I;NAO INFORMADO; CARGO COMISSION.S/VINCULO;5229,77;;5229,77;992,73;4237,04;
CECILIA DO ROSARIO DOS SANTOS SOUZA;UNID.PRIS.SEMIABERTO FEM-UPSF;AG.PEN-II;; ESTATUTARIO;3654,96;;3654,96;392,28;3262,68;
CELIA REGINA PARENTE ABREU;SEAP-COMISSIONADOS;ASSESSOR III;; CARGO COMISSION.S/VINCULO;3191,80;;3191,80;379,31;2812,49;
CELSO LUIZ DE SOUZA RIBEIRO CUNHA;SEAP-INTERIOR;AG.PEN-II;; ESTATUTARIO;3646,69;;3646,69;389,07;3257,62;
CLAUDECI PIMENTEL DE SOUZA;SEAP-EFETIVOS;AUX.O-I;; ESTATUTARIO;7389,31;;7389,31;370,98;7018,33;
CLAUDESTONE SANTOS NASCIMENTO;CASA DO ALBERGADO DE MANAUS;MOT-II;; ESTATUTARIO;3752,91;;3752,91;385,44;3367,47;
CLAUDIOMAR DUARTE FREIRE;CASA DO ALBERGADO DE MANAUS;AG.PEN-II;; ESTATUTARIO;3633,19;;3633,19;387,05;3246,14;
CLAUDIONORA DELGADO DO NASCIMENTO;SEAP-EFETIVOS;A.TEC-I;; ESTATUTARIO;3993,28;;3993,28;438,66;3554,62;
CLEA MARIA OLIVEIRA DE LIMA;SEAP-EFETIVOS;A.SOC-I;; ESTATUTARIO;4992,87;;4992,87;857,18;4135,69;
CLEDSON DE JESUS MACEDO;SEAP-COMISSIONADOS;GERENTE;NAO INFORMADO; CARGO COMISSION.S/VINCULO;4209,79;;4209,79;652,57;3557,22;
CLEOMAR ANDRADE CONCEICAO;HOSP.DE CUST.TRAT.PSIQUIATRICO;A.TEC-I;; ESTATUTARIO;3350,01;;3350,01;336,55;3013,46;
CLODOALDO ARAUJO BARROS;SEAP-INTERIOR;AG.PEN-I;; ESTATUTARIO;3710,34;;3710,34;414,91;3295,43;
COEMA DE ARAUJO BASTOS;SEAP-EFETIVOS;A.TEC-II;; ESTATUTARIO;3641,46;;3641,46;365,41;3276,05;
CONSTANTINO CORNELIO DA COSTA;MUNICIPIO DE COARI;AUX.S.G-I;; ESTATUTARIO;3586,06;;3586,06;344,53;3241,53;
CRISTOVAO BRASIL DA SILVA;CASA DO ALBERGADO DE MANAUS;MARINHEIRO DE MAQUINAS;; ESTATUTARIO;3479,29;;3479,29;278,45;3200,84;
DANIEL CAMARA LIMA;SEAP-COMISSIONADOS;ASSESSOR II;NAO INFORMADO; CARGO COMISSION.S/VINCULO;3209,79;;3209,79;383,84;2825,95;
DANIEL CRUZ GOMES;CASA DO ALBERGADO DE MANAUS;A.TEC-I;; ESTATUTARIO;3717,14;;3717,14;361,91;3355,23;
DANIEL DA SILVA BARBOSA;MUNICIPIO DE TABATINGA;SARGENTO 3;DIRETOR DE UNIDADE P; ESTATUTARIO;5000,00;;5000,00;403,55;4596,45;
DANIEL MARCELO BENVENUTTI DE SALES;SEAP-COMISSIONADOS;OUVIDOR;NAO INFORMADO; CARGO COMISSION.S/VINCULO;5229,77;;5229,77;992,73;4237,04;
DANIELE MEDEIROS MENDES DANTAS;SEAP-COMISSIONADOS;ASSESSOR I;NAO INFORMADO; CARGO COMISSION.S/VINCULO;5229,77;;5229,77;992,73;4237,04;
DANIELLE BARBOSA REBOUCAS;SEAP-COMISSIONADOS;ASSISTENTE TECNICO PNM.ANM-III;ASSESSOR I; ESTATUTARIO;6498,38;;6498,38;1017,64;5480,74;
DEBORA LOBATO DE MELO;COMPAJ FECHADO;ASSESSOR III;NAO INFORMADO; CARGO COMISSION.S/VINCULO;3191,80;;3191,80;379,31;2812,49;
DEBORAH MENDES DA SILVA;SEAP-EFETIVOS;COZINHEIRO 3A CLASSE;; ESTATUTARIO;3557,62;;3557,62;327,97;3229,65;
DEIVISON GONCALVES DAS CHAGAS;MUNICIPIO DE HUMAITA;CABO;DIRETOR ADJUNTO DE U; ESTATUTARIO;3000,00;;3000,00;67,98;2932,02;
DELCIRA RODRIGUES DA COSTA E SILVA;SEAP-EFETIVOS;AUX.S.G-II;; ESTATUTARIO;3516,15;;3516,15;321,76;3194,39;
DENIS CAETANO GOMES CAVALCANTE;SEAP-COMISSIONADOS;ASSESSOR TECNICO;NAO INFORMADO; CARGO COMISSION.S/VINCULO;7000,00;;7000,00;1600,82;5399,18;
DIATAI ANUTE DE LIMA CARIOCA;SEAP-COMISSIONADOS;GERENTE;NAO INFORMADO; CARGO COMISSION.S/VINCULO;4209,79;;4209,79;652,57;3557,22;
DILLANEY SILVA FABAR;INSTIT.PENAL ANTONIO TRINDADE;SARGENTO 2;DIRETOR ADJUNTO DE U; ESTATUTARIO;5333,33;;5333,33;597,31;4736,02;
DIONIZIO DA CRUZ GOMES;SEAP-EFETIVOS;AG.PEN-I;; ESTATUTARIO;3723,84;;3723,84;416,93;3306,91;
DORALICY SOARES PEREIRA;UNID.PRIS.SEMIABERTO FEM-UPSF;A.TEC-I;; ESTATUTARIO;3710,34;;3710,34;360,08;3350,26;
DORGIVAL EPIFANIO RIBEIRO JUNIOR;CASA DO ALBERGADO DE MANAUS;ASSISTENTE TECNICO 3A CLASSE;; ESTATUTARIO;8393,71;;8393,71;695,30;7698,41;
DOUGLAS PONTES DE OLIVEIRA;SEAP-COMISSIONADOS;ASSESSOR IV;ASSESSOR IV; CARGO COMISSION.S/VINCULO;3175,61;;3175,61;375,23;2800,38;
DYEGO CORREA CASTELO BRANCO;CENT.DE DETEN.PROV.MANAUS-CDPM;DIRETOR DE UNIDADE PRISIONAL;NAO INFORMADO; CARGO COMISSION.S/VINCULO;5229,77;;5229,77;992,73;4237,04;
EDILSON BARBOSA REGO;CASA DO ALBERGADO DE MANAUS;A.OPE-I;; ESTATUTARIO;3791,84;;3791,84;380,40;3411,44;
EDIVALDO SILVA DOS SANTOS FILHO;SEAP-COMISSIONADOS;CABO;SUBGERENTE; ESTATUTARIO;3000,00;;3000,00;67,98;2932,02;
EDMAR ELIAS JOSE;CASA DO ALBERGADO DE MANAUS;A.TEC-I;; ESTATUTARIO;3710,32;;3710,32;387,73;3322,59;
EDMILSON FREITAS DA SILVA;COMPAJ FECHADO;ASSESSOR III;NAO INFORMADO; CARGO COMISSION.S/VINCULO;3191,80;;3191,80;379,31;2812,49;
EDSON ANAZILDO ARAUJO FONTES;SEAP-EFETIVOS;ASSISTENTE TECNICO 3A CLASSE;GERENTE AD-2; ESTATUTARIO;3595,02;;3595,02;318,76;3276,26;
EDSON NOGUEIRA DE ARAUJO;SEAP-INTERIOR;AG.PEN-I;; ESTATUTARIO;3971,08;;3971,08;455,05;3516,03;
EDUARDO MANFRED FREITAS DOS SANTOS;SEAP-COMISSIONADOS;SOLDADO;ASSESSOR III; ESTATUTARIO;4000,00;;4000,00;263,87;3736,13;
EDUARDO TELES DOS SANTOS COSTA;SEAP-COMISSIONADOS;SOLDADO;ASSESSOR II; ESTATUTARIO;3000,00;;3000,00;95,20;2904,80;
ELANE RODRIGUES SOARES;SEAP-EFETIVOS;AUX.HSP-II;; ESTATUTARIO;3509,11;;3509,11;298,98;3210,13;
ELDA PACHECO DA SILVA;SEAP-COMISSIONADOS;GERENTE;GERENTE AD-2; CARGO COMISSION.S/VINCULO;4209,79;;4209,79;652,57;3557,22;
ELIANE ANDRADE MARTINS;SEAP-COMISSIONADOS;ASSESSOR I;NAO INFORMADO; CARGO COMISSION.S/VINCULO;5229,77;;5229,77;992,73;4237,04;
ELIANE COSTA CASTRO DE OLIVEIRA;SEAP-EFETIVOS;A.TEC-III;AGENTE ADMINISTRAT.; ESTATUTARIO;1350,19;;1350,19;189,03;1161,16;
ELIONEI PASSOS DE OLIVEIRA;CENTRO DE DET.PROV.FEMIN.-CDPF;DIRETOR DE UNIDADE PRISIONAL;NAO INFORMADO; CARGO COMISSION.S/VINCULO;5229,77;;5229,77;992,73;4237,04;
ELISANDRO FERREIRA DE ARAUJO;SEAP-COMISSIONADOS;GERENTE;; CARGO COMISSION.S/VINCULO;4209,79;;4209,79;652,57;3557,22;
ELISANGELA PATRICIA F PICANCO;SEAP-COMISSIONADOS;SECRETARIO DE CONSELHO;SECRETARIO DE CONSEL; CARGO COMISSION.S/VINCULO;3390,21;;3390,21;407,42;2982,79;
ELSO CACAU LOFIEGO;MUNICIPIO DE TABATINGA;ASSESSOR III;; CARGO COMISSION.S/VINCULO;2195,80;;2195,80;181,12;2014,68;
EMERSON TIZATTO;COMPAJ SEMI ABERTO;TENENTE 2;DIRETOR DE UNIDADE P; ESTATUTARIO;5000,00;;5000,00;403,55;4596,45;
EPITACIO SIQUEIRA DE PAIVA;UNID.PRIS.SEMIABERTO FEM-UPSF;AG.PEN-II;; ESTATUTARIO;3646,69;;3646,69;389,07;3257,62;
ERICLENIO FAUSTINO DE O CASTRO;SEAP-COMISSIONADOS;CABO;ASSESSOR III; ESTATUTARIO;3000,00;;3000,00;95,20;2904,80;
ERIVAN CARLOS DE SOUZA;CASA DO ALBERGADO DE MANAUS;AG.PEN-II;; ESTATUTARIO;3633,19;;3633,19;387,05;3246,14;
ERNANDES PERES FERNANDES JUNIOR;SEAP-EFETIVOS;A.TEC-II;; ESTATUTARIO;3654,96;;3654,96;305,44;3349,52;
ESDRAS FABRICIO MARINHO KOIDE;MUNICIPIO DE MAUES;DIRETOR ADJUNTO DE UNID.PRISIONAL;DIRETOR ADJUNTO DE U; CARGO COMISSION.S/VINCULO;3209,79;;3209,79;383,84;2825,95;
EURICA BRAGA BAIMA;SEAP-COMISSIONADOS;GERENTE;NAO INFORMADO; CARGO COMISSION.S/VINCULO;4209,79;;4209,79;652,57;3557,22;
EVANDRO DA SILVA ARAUJO;CENTRO DE DET.PROV.FEMIN.-CDPF;ASSESSOR IV;NAO INFORMADO; CARGO COMISSION.S/VINCULO;3175,61;;3175,61;375,23;2800,38;
FABIANO FERREIRA DA SILVA;SEAP-EFETIVOS;AUX.HSP-I;; ESTATUTARIO;3546,40;;3546,40;340,39;3206,01;
FELIPE DA SILVA ABREU;UNIDADE PRISIONAL PURAQUEQUARA;SARGENTO 3;DIRETOR DE UNIDADE P; ESTATUTARIO;5000,00;;5000,00;453,50;4546,50;
FELIPHE BARROS NASCIMENTO;SEAP-COMISSIONADOS;ASSESSOR I;NAO INFORMADO; CARGO COMISSION.S/VINCULO;5229,77;;5229,77;992,73;4237,04;
FELIPPE DE LUCENA VERAS;SEAP-COMISSIONADOS;SOLDADO;GERENTE AD-2; ESTATUTARIO;3000,00;;3000,00;95,20;2904,80;
FERNANDA DE LIMA TEIXEIRA;SEAP-COMISSIONADOS;ASSESSOR I;NAO INFORMADO; CARGO COMISSION.S/VINCULO;5229,77;;5229,77;992,73;4237,04;
FERNANDA DO SOCORRO C FERNANDES;SEAP-COMISSIONADOS;SUBGERENTE;NAO INFORMADO; CARGO COMISSION.S/VINCULO;3191,80;;3191,80;379,31;2812,49;
FILIPE DA SILVA GUERREIRO;CENT.DETEN PROV.MANAUS-CDPM II;CABO;ASSESSOR III; ESTATUTARIO;3000,00;;3000,00;95,20;2904,80;
FILIPE REZK SANCHES;SEAP-COMISSIONADOS;ASSESSOR III;NAO INFORMADO; CARGO COMISSION.S/VINCULO;3191,80;;3191,80;379,31;2812,49;
FLAVIA TEREZA MATOS RODRIGUES;SEAP-EFETIVOS;A.TEC-I;CHEF.DE SEC.PESSOAL; ESTATUTARIO;3940,04;;3940,04;424,01;3516,03;
FRANCIMARY TELES DE FRANCA GRATELI;SEAP-EFETIVOS;ASSESSOR IV;NAO INFORMADO; CARGO COMISSION.S/VINCULO;3175,61;;3175,61;375,23;2800,38;
FRANCISCA DE ASSIS LIMA MARAES;CENT.DETEN PROV.MANAUS-CDPM II;COZINHEIRO;; ESTATUTARIO;2698,31;;2698,31;225,33;2472,98;
FRANCISCO CAMURCA BEZERRA NETO;SEAP-COMISSIONADOS;CAPITAO;CHEFE DE DEPARTAMENT; ESTATUTARIO;5000,00;;5000,00;453,50;4546,50;
FRANCISCO CARLOS MARTINS LEDO;UNID.PRIS.SEMIABERTO FEM-UPSF;AG.PEN-II;; ESTATUTARIO;3646,69;;3646,69;360,63;3286,06;
FRANCISCO JANIO DE AGUIAR;CASA DO ALBERGADO DE MANAUS;CENOTECNICO;CENOTECNICO; ESTATUTARIO;3692,74;;3692,74;371,88;3320,86;
FRANCISCO JORGE DE AMORIM DIAS;CASA DO ALBERGADO DE MANAUS;A.TEC-I;; ESTATUTARIO;3692,87;;3692,87;353,82;3339,05;
FRANCISCO MARQUES DE OLIVEIRA;CASA DO ALBERGADO DE MANAUS;AUX.O-I;; ESTATUTARIO;3441,75;;3441,75;321,85;3119,90;
FRANCISCO MOISES CAVALCANTE DANTAS;CONSELHO PENITENCIARIO;MEMBRO DE CONSELHO;; CONSELHO;429,20;;429,20;;429,20;
FRANCISCO MOISES CAVALCANTE DANTAS;SEAP-COMISSIONADOS;CABO;DIRETOR ADJUNTO AD2; ESTATUTARIO;4000,00;;4000,00;188,32;3811,68;
FRANCISCO MOREIRA FILHO;SEAP-INTERIOR;A.OPE-I;; ESTATUTARIO;4051,00;;4051,00;455,86;3595,14;
FRANCISCO RAIMUNDO VALENTE FERREIRA;CASA DO ALBERGADO DE MANAUS;MOT-I;; ESTATUTARIO;2823,90;;2823,90;274,94;2548,96;
FRANCISCO SOARES DE SOUZA FILHO;COMPAJ SEMI ABERTO;AUX.O-I;; ESTATUTARIO;3863,46;;3863,46;395,28;3468,18;
FRANCISCO VALBERTO DA S M JUNIOR;SEAP-COMISSIONADOS;ASSESSOR III;ASSESSOR III; CARGO COMISSION.S/VINCULO;3191,80;;3191,80;379,31;2812,49;
FRANKLIN SOUZA DE OLIVEIRA;SEAP-COMISSIONADOS;SARGENTO 2;SUBGERENTE; ESTATUTARIO;3000,00;;3000,00;53,76;2946,24;
GABRIEL BARBOSA DE SANTANA;SEAP-COMISSIONADOS;ASSESSOR II;NAO INFORMADO; CARGO COMISSION.S/VINCULO;2609,79;;2609,79;266,20;2343,59;
GABRIELA DA COSTA NAZARETH;SEAP-COMISSIONADOS;ASSESSOR II;; CARGO COMISSION.S/VINCULO;3209,79;;3209,79;383,84;2825,95;
GERALDO RICARDO PEREIRA;SEAP-EFETIVOS;MOT-I;; ESTATUTARIO;4541,62;;4541,62;517,53;4024,09;
GERUSA DE ARAUJO SILVA;UNID.PRIS.SEMIABERTO FEM-UPSF;A.TEC-II;; ESTATUTARIO;3050,20;;3050,20;277,75;2772,45;
GIBSON ALVES DOS SANTOS;SEAP-EFETIVOS;PSI-II;; ESTATUTARIO;4067,32;;4067,32;617,12;3450,20;
GILBERTO DA GRACA BANDEIRA;SEAP-EFETIVOS;AG.PEN-I;; ESTATUTARIO;4403,76;;4403,76;421,03;3982,73;
GILBERTO NASCIMENTO RIBEIRO;SEAP-EFETIVOS;AUX.O-I;; ESTATUTARIO;2977,31;;2977,31;255,04;2722,27;
GINO EDUARDO RANCIARO;SEAP-COMISSIONADOS;DIRETOR ADJ.DE UNID.PRISIONAL AD-2;; CARGO COMISSION.S/VINCULO;4209,79;;4209,79;652,57;3557,22;
GLEUSOM GOMES STECKEL;SEAP-COMISSIONADOS;GERENTE;; CARGO COMISSION.S/VINCULO;4209,79;;4209,79;652,57;3557,22;
HALLHITON MACIEL GEBER;SEAP-COMISSIONADOS;GERENTE;NAO INFORMADO; CARGO COMISSION.S/VINCULO;4209,79;;4209,79;652,57;3557,22;
HELDER SABELI MATOS;SEAP-COMISSIONADOS;ASSESSOR II;NAO INFORMADO; CARGO COMISSION.S/VINCULO;4209,79;;4209,79;652,57;3557,22;
HELIO MUNIZ VIEIRA;SEAP-COMISSIONADOS;ASSESSOR III;NAO INFORMADO; CARGO COMISSION.S/VINCULO;4255,73;;4255,73;667,90;3587,83;
HELIOMIRO THOME DE SOUZA;CASA DO ALBERGADO DE MANAUS;AG.PEN-I;; ESTATUTARIO;3984,58;;3984,58;457,08;3527,50;
HERBERT DE ALMEIDA TELES;SEAP-EFETIVOS;ASSISTENTE TECNICO 2A CLASSE;; ESTATUTARIO;3586,28;;3586,28;245,28;3341,00;
HERMES ALBERTO UGARTE JUNIOR;SEAP-EFETIVOS;AG.PEN-II;; ESTATUTARIO;1654,38;;1654,38;231,61;1422,77;
HEVERSON BARROS DO NASCIMENTO;SEAP-COMISSIONADOS;ASSESSOR I;NAO INFORMADO; CARGO COMISSION.S/VINCULO;5229,77;;5229,77;992,73;4237,04;
HIGSON OLIVEIRA LIMA;CENT.DE DETEN.PROV.MANAUS-CDPM;ASSESSOR III;NAO INFORMADO; CARGO COMISSION.S/VINCULO;3191,80;;3191,80;379,31;2812,49;
HUGO ALBERTO DE OLIVEIRA QUEIROZ;SEAP-COMISSIONADOS;ASSESSOR II;NAO INFORMADO; CARGO COMISSION.S/VINCULO;4209,79;;4209,79;652,57;3557,22;
INGRID SALES DA COSTA;SEAP-COMISSIONADOS;ASSESSOR II;NAO INFORMADO; CARGO COMISSION.S/VINCULO;4279,72;;4279,72;675,90;3603,82;
IONE TEIXEIRA FILGUEIRAS;UNID.PRIS.SEMIABERTO FEM-UPSF;DIRETOR ADJUNTO DE UNID.PRISIONAL;NAO INFORMADO; CARGO COMISSION.S/VINCULO;4209,79;;4209,79;652,57;3557,22;
IRNE DE SOUZA DUTRA;UNID.PRIS.SEMIABERTO FEM-UPSF;AG.PEN-I;; ESTATUTARIO;3961,11;;3961,11;452,52;3508,59;
ITELVINA RIBEIRO BARREIROS;COMPAJ SEMI ABERTO;AUX.HSP-II;; ESTATUTARIO;4678,81;;4678,81;473,39;4205,42;
IURI BRUCO DE MELO;HOSP.DE CUST.TRAT.PSIQUIATRICO;AG.PEN-II;GERENTE AD 2; ESTATUTARIO;3646,69;;3646,69;389,07;3257,62;
IVAN DA SILVA CORREA;SEAP-COMISSIONADOS;GERENTE;NAO INFORMADO; CARGO COMISSION.S/VINCULO;4209,79;;4209,79;652,57;3557,22;
IVAN LOPES DE SOUZA;UNID.PRIS.SEMIABERTO FEM-UPSF;A.TEC-I;; ESTATUTARIO;3963,51;;3963,51;371,70;3591,81;
JAIME MOURAO DE CARVALHO;COMPAJ SEMI ABERTO;AUX.S.G-I;; ESTATUTARIO;3586,06;;3586,06;316,09;3269,97;
JANIELY LOYANA CORREIA DE MENEZES;SEAP-COMISSIONADOS;ASSESSOR II;NAO INFORMADO; CARGO COMISSION.S/VINCULO;3209,79;;3209,79;383,84;2825,95;
JEAN CARLO SILVA DE OLIVEIRA;CENT.DETEN PROV.MANAUS-CDPM II;DIRETOR DE UNIDADE PRISIONAL AD-1;; CARGO COMISSION.S/VINCULO;5229,77;;5229,77;992,73;4237,04;
JOÃO VICTOR DE SOUZA MARTINS SANTOS;SEAP-COMISSIONADOS;SUBGERENTE;NAO INFORMADO; CARGO COMISSION.S/VINCULO;4255,73;;4255,73;667,90;3587,83;
JOAN CANDIDO MATOS;PENITENCIARIA FEMIN.DE MANAUS;SARGENTO 2;ASSESSOR II; ESTATUTARIO;4000,00;;4000,00;221,21;3778,79;
JOAO BOSCO DAS CHAGAS PAULAIN;MUNICIPIO DE PARINTINS;AG.PEN-I;AG. PENITENCIARIO; ESTATUTARIO;3692,87;;3692,87;408,13;3284,74;
JOAO BRITO DE SOUZA;CASA DO ALBERGADO DE MANAUS;A.TEC-II;; ESTATUTARIO;3641,46;;3641,46;365,41;3276,05;
JOAO CARLOS DE ALMEIDA RAMOS;COMPAJ SEMI ABERTO;SUBGERENTE;NAO INFORMADO; CARGO COMISSION.S/VINCULO;3191,80;;3191,80;379,31;2812,49;
JOAO GABRIEL MESQUITA DE MENEZES;SEAP-COMISSIONADOS;SUBGERENTE;NAO INFORMADO; CARGO COMISSION.S/VINCULO;2195,80;;2195,80;181,12;2014,68;
JOAO KENNEDY PEREIRA BARBOSA;SEAP-EFETIVOS;MOT-I;; ESTATUTARIO;3828,64;;3828,64;409,79;3418,85;
JOAO PAULINO DOS SANTOS;INSTIT.PENAL ANTONIO TRINDADE;GERENTE;NAO INFORMADO; CARGO COMISSION.S/VINCULO;3209,79;;3209,79;383,84;2825,95;
JOAO PEDRO TAVARES GATO;CASA DO ALBERGADO DE MANAUS;MOT-II;; ESTATUTARIO;3752,91;;3752,91;385,44;3367,47;
JONAS NASCIMENTO DA SILVA;SEAP-COMISSIONADOS;SARGENTO 3;ASSESSOR III AD-3; ESTATUTARIO;3000,00;;3000,00;67,98;2932,02;
JONAS PEREIRA NUNES;CASA DO ALBERGADO DE MANAUS;ASSISTENTE TECNICO GOVERNAMENTAL;; ESTATUTARIO;1350,19;;1350,19;189,03;1161,16;
JONATHAN RODRIGUES GUIMARAES;SEAP-COMISSIONADOS;SUBGERENTE;NAO INFORMADO; CARGO COMISSION.S/VINCULO;3455,73;;3455,73;376,23;3079,50;
JORGE ALBERTO DA SILVA;CASA DO ALBERGADO DE MANAUS;A.TEC-I;; ESTATUTARIO;3950,01;;3950,01;426,55;3523,46;
JOSE AUGUSTO DO VALLE SILVA;SEAP-EFETIVOS;A.OPE-I;ASSIST.TEC.3º CLASSE; ESTATUTARIO;2729,24;;2729,24;86,32;2642,92;
JOSE BALDUINO DOS SANTOS PEREIRA;HOSP.DE CUST.TRAT.PSIQUIATRICO;A.TEC-I;; ESTATUTARIO;3732,59;;3732,59;392,90;3339,69;
JOSE EMERSON PIRES BINDA;SEAP-COMISSIONADOS;ASSESSOR IV;NAO INFORMADO; CARGO COMISSION.S/VINCULO;3434,15;;3434,15;442,57;2991,58;
JOSE FRANCISCO CATIVO REGIS;CASA DO ALBERGADO DE MANAUS;AG.PEN-II;; ESTATUTARIO;3633,19;;3633,19;358,61;3274,58;
JOSE GAMA DE ALBUQUERQUE;SEAP-EFETIVOS;TNS-I;; ESTATUTARIO;4782,38;;4782,38;788,51;3993,87;
JOSE HENRIQUE DA CRUZ GLORIA;HOSP.DE CUST.TRAT.PSIQUIATRICO;AUX.HSP-I;; ESTATUTARIO;2986,06;;2986,06;266,40;2719,66;
JOSE LAZARO BEZERRA CAMPELO;CASA DO ALBERGADO DE MANAUS;DIRETOR DE UNIDADE PRISIONAL AD-1;DIR. UNID.PRIS. AD-1; CARGO COMISSION.S/VINCULO;5229,77;;5229,77;992,73;4237,04;
JOSE LUIS DA SILVA OLIVEIRA;CASA DO ALBERGADO DE MANAUS;A.TEC-I;; ESTATUTARIO;3675,73;;3675,73;376,12;3299,61;
JOSE LUIZ HONORATO DE OLIVEIRA;MUNICIPIO DE ITACOATIARA;AG.PEN-I;; ESTATUTARIO;3961,11;;3961,11;452,52;3508,59;
JOSE MILTON DE ANDRADE TORRES;SEAP-COMISSIONADOS;SOLDADO;SUBGERENTE AD-3; ESTATUTARIO;4000,00;;4000,00;263,87;3736,13;
JOSE PEDRO BARBOSA DOS SANTOS;SEAP-INTERIOR;AG.PEN-I;; ESTATUTARIO;3710,34;;3710,34;414,91;3295,43;
JOSE RAIMUNDO CATIVO REGIS;COMPAJ SEMI ABERTO;MOT-II;; ESTATUTARIO;2756,91;;2756,91;242,69;2514,22;
JOSE RIBAMAR MAIA BEZERRA;CASA DO ALBERGADO DE MANAUS;A.TEC-I;; ESTATUTARIO;4027,53;;4027,53;449,63;3577,90;
JOSE RIBAMAR MARTE DE MELO;SEAP-EFETIVOS;ARTIFICE;; ESTATUTARIO;2879,29;;2879,29;225,28;2654,01;
JOSE SIQUEIRA DE LIMA;CASA DO ALBERGADO DE MANAUS;AG.PEN-II;; ESTATUTARIO;4844,25;;4844,25;633,32;4210,93;
JOSE TADEU DE NAZARE REBELO;UNID.PRIS.SEMIABERTO FEM-UPSF;A.TEC-I;; ESTATUTARIO;5206,12;;5206,12;723,40;4482,72;
JOSE WILLIAM GUIMARAES DE S JUNIOR;SEAP-COMISSIONADOS;ASSESSOR II;NAO INFORMADO; CARGO COMISSION.S/VINCULO;4209,79;;4209,79;652,57;3557,22;
JOSELICE CAVALCANTE CARDOSO;SEAP-COMISSIONADOS;SUBGERENTE;SUBGERENTE AD-3; CARGO COMISSION.S/VINCULO;3191,80;;3191,80;379,31;2812,49;
JOSENIR DA SILVA ARAUJO;SEAP-EFETIVOS;A.OPE-I;; ESTATUTARIO;3710,34;;3710,34;281,85;3428,49;
JOSSE DOS SANTOS NASCIMENTO;SEAP-COMISSIONADOS;ASSESSOR I;NAO INFORMADO; CARGO COMISSION.S/VINCULO;6973,03;;6973,03;1593,40;5379,63;
JOVINIANO DA SILVEIRA CUNHA;UNID.PRIS.SEMIABERTO FEM-UPSF;AG.PEN-II;; ESTATUTARIO;3646,69;;3646,69;389,07;3257,62;
JOYCIMIRLA DA CUNHA FREITAS;SEAP-COMISSIONADOS;SUBGERENTE;NAO INFORMADO; CARGO COMISSION.S/VINCULO;3191,80;;3191,80;379,31;2812,49;
JULIANA BERTUCCELLI DA SILVA MOURA;SEAP-COMISSIONADOS;SUBGERENTE;; CARGO COMISSION.S/VINCULO;3191,80;;3191,80;379,31;2812,49;
JULIANA COSTA NASCIMENTO ALMEIDA;CASA DO ALBERGADO DE MANAUS;GERENTE;NAO INFORMADO; CARGO COMISSION.S/VINCULO;3209,79;;3209,79;383,84;2825,95;
JULIO CEZAR DA SILVA FERNANDES;SEAP-INTERIOR;AG.PEN-II;; ESTATUTARIO;3633,19;;3633,19;387,05;3246,14;
KAL EL BESSA NASCIMENTO SALEM;SEAP-COMISSIONADOS;ASSESSOR II;NAO INFORMADO; CARGO COMISSION.S/VINCULO;4209,79;;4209,79;652,57;3557,22;
KARLA MARIA MARTINS LEDO;SEAP-INTERIOR;AG.PEN-I;; ESTATUTARIO;3961,11;;3961,11;452,52;3508,59;
KEILA AMORIM DA GRACA;SEAP-EFETIVOS;AUX.S.G-II;; ESTATUTARIO;2916,15;;2916,15;238,20;2677,95;
KEYLA MARIA PINHEIRO PRADO;SEAP-COMISSIONADOS;CHEFE DE DEPARTAMENTO;NAO INFORMADO; CARGO COMISSION.S/VINCULO;5229,77;;5229,77;992,73;4237,04;
LAERCIO ESTUMANO DA SILVA;SEAP-COMISSIONADOS;SUB-TENENTE;ASSESSOR I; ESTATUTARIO;5000,00;;5000,00;453,50;4546,50;
LARISSA CARVALHO DE SOUZA;SEAP-COMISSIONADOS;ASSESSOR II;NAO INFORMADO; CARGO COMISSION.S/VINCULO;4209,79;;4209,79;652,57;3557,22;
LARRANA KALIANDRA NAPOLEAO DA COSTA;SEAP-COMISSIONADOS;ASSESSOR III;NAO INFORMADO; CARGO COMISSION.S/VINCULO;3191,80;;3191,80;379,31;2812,49;
LEANDRO CASTRO PEREIRA;SEAP-COMISSIONADOS;CABO;ASSESSOR III AD-3; ESTATUTARIO;3000,00;;3000,00;95,20;2904,80;
LEANDRO RODRIGUES DAS MERCES;CENT.DE DETEN.PROV.MANAUS-CDPM;CABO;ASSESSOR III; ESTATUTARIO;3000,00;;3000,00;67,98;2932,02;
LEANDRO SOUZA DE LIMA;SEAP-COMISSIONADOS;ASSESSOR II;NAO INFORMADO; CARGO COMISSION.S/VINCULO;4209,79;;4209,79;652,57;3557,22;
LECI DE SOUZA OLIVEIRA;SEAP-COMISSIONADOS;SARGENTO 2;ASSESSOR II; ESTATUTARIO;5333,33;;5333,33;545,17;4788,16;
LEONILDO BELEM DOS SANTOS;SEAP-INTERIOR;AG.PEN-I;; ESTATUTARIO;4947,12;;4947,12;672,91;4274,21;
LIDIANE DE ALMEIDA ALVES;SEAP-COMISSIONADOS;GERENTE;GERENTE; CARGO COMISSION.S/VINCULO;4209,79;;4209,79;652,57;3557,22;
LILIAN REJANE NEGREIROS GUIMARAES;SEAP-COMISSIONADOS;ASSESSOR II;; CARGO COMISSION.S/VINCULO;4209,79;;4209,79;652,57;3557,22;
LINCON BATISTA DE OLIVEIRA;MUNICIPIO DE PARINTINS;SUBGERENTE;SUBGERENTE; CARGO COMISSION.S/VINCULO;2591,80;;2591,80;262,86;2328,94;
LINDALVA MARTINS MOREIRA TRINDADE M;SEAP-EFETIVOS;TNS-I;; ESTATUTARIO;5293,20;;5293,20;959,07;4334,13;
LOURIVAL DA SILVA SOUZA;UNID.PRIS.SEMIABERTO FEM-UPSF;A.TEC-I;; ESTATUTARIO;4041,03;;4041,03;452,67;3588,36;
LUAN VIEIRA DA CUNHA;SEAP-COMISSIONADOS;ASSESSOR II;NAO INFORMADO; CARGO COMISSION.S/VINCULO;4209,79;;4209,79;652,57;3557,22;
LUCIANE COSTA DA SILVA;SEAP-COMISSIONADOS;GERENTE;NAO INFORMADO; CARGO COMISSION.S/VINCULO;4209,79;;4209,79;652,57;3557,22;
LUCIO DE HOLANDA BRAGA CAMPELO;SEAP-EFETIVOS;TOPOGRAFO 3A CLASSE;; ESTATUTARIO;3663,02;;3663,02;365,49;3297,53;
LUIS ALBERTO SILVA DE MEDEIROS;SEAP-EFETIVOS;ASSISTENTE TECNICO A;; ESTATUTARIO;3577,54;;3577,54;342,51;3235,03;
LUIS ANAZILDO NASCIMENTO LIMA;SEAP-EFETIVOS;A.TEC-I;; ESTATUTARIO;3710,34;;3710,34;360,08;3350,26;
LUIS GONZAGA MONTEIRO RODRIGUES;CASA DO ALBERGADO DE MANAUS;AG.PEN-I;; ESTATUTARIO;3723,84;;3723,84;388,49;3335,35;
LUIZ CARLOS BEZERRA DE OLIVEIRA;COMPAJ SEMI ABERTO;AUX.S.G-I;; ESTATUTARIO;3795,91;;3795,91;378,09;3417,82;
LUIZ CARLOS CARVALHO MATELINS;COMPAJ SEMI ABERTO;AG.PEN-II;; ESTATUTARIO;3633,19;;3633,19;358,61;3274,58;
LUIZ NAZARENO MIRANDA CHAVES;SEAP-COMISSIONADOS;GERENTE;NAO INFORMADO; CARGO COMISSION.S/VINCULO;4209,79;;4209,79;652,57;3557,22;
MAGNO RAPOSO LARANJEIRA;UNIDADE PRISIONAL PURAQUEQUARA;CABO;DIRETOR ADJUNTO DE U; ESTATUTARIO;4000,00;;4000,00;263,87;3736,13;
MANOEL ARMANDO QUEIROS FILHO;MUNICIPIO DE MAUES;DIRETOR DE UNIDADE PRISIONAL;NAO INFORMADO; CARGO COMISSION.S/VINCULO;5229,77;;5229,77;992,73;4237,04;
MANOEL COELHO SA;MUNICIPIO DE TABATINGA;ASSESSOR III;ASSESSOR III AD-3; CARGO COMISSION.S/VINCULO;2195,80;;2195,80;181,12;2014,68;
MANOEL LIMA DOS SANTOS FILHO;MUNICIPIO DE TEFE;SARGENTO 3;DIRETOR ADJUNTO DE U; ESTATUTARIO;3000,00;;3000,00;95,20;2904,80;
MANOEL LOPES DE VASCONCELOS FILHO;UNID.PRIS.SEMIABERTO FEM-UPSF;A.TEC-I;; ESTATUTARIO;3723,84;;3723,84;390,55;3333,29;
MANOEL TAVARES DOS SANTOS;COMPAJ SEMI ABERTO;AG.PEN-I;; ESTATUTARIO;3732,59;;3732,59;419,28;3313,31;
MARCELO ANDRE DE FREITAS BICHARRA;SEAP-COMISSIONADOS;SARGENTO 1;ASSESSOR II; ESTATUTARIO;4000,00;;4000,00;263,87;3736,13;
MARCIA MARTINS SOARES;SEAP-EFETIVOS;AG.PEN-I;; ESTATUTARIO;3961,11;;3961,11;452,52;3508,59;
MARCILEIDE SILVA DE MELO;SEAP-COMISSIONADOS;ASSESSOR II;ASSESSOR II; CARGO COMISSION.S/VINCULO;4209,79;;4209,79;652,57;3557,22;
MARCILENE DUTRA SINIMBU;SEAP-EFETIVOS;AUXILIAR ADMINISTRATIVO;AUX. ADMINISTRATIVO; ESTATUTARIO;3461,81;;3461,81;309,84;3151,97;
MARCILENE MORAES SILVA;SEAP-COMISSIONADOS;CAPITAO;CHEFE DE GABINETE; ESTATUTARIO;5000,00;;5000,00;505,64;4494,36;
MARCIO ANDRE ARAUJO PINHO;INSTIT.PENAL ANTONIO TRINDADE;SARGENTO 3;DIR. UNID. PRIS.AD-1; ESTATUTARIO;5000,00;;5000,00;453,50;4546,50;
MARCIO CALDAS DA SILVA;COMPAJ FECHADO;CABO;DIRETOR ADJUNTO DE U; ESTATUTARIO;4000,00;;4000,00;221,21;3778,79;
MARCIO ROBERTO PEREIRA MENDES;SEAP-COMISSIONADOS;SARGENTO 3;ASSESSOR III; ESTATUTARIO;3000,00;;3000,00;67,98;2932,02;
MARCO ANTONIO FROES LIMA;SEAP-COMISSIONADOS;SUBGERENTE;NAO INFORMADO; CARGO COMISSION.S/VINCULO;3191,80;;3191,80;379,31;2812,49;
MARCOS ANTONIO ASSUNCAO LIMA;CASA DO ALBERGADO DE MANAUS;AG.PEN-II;; ESTATUTARIO;3655,43;;3655,43;391,43;3264,00;
MARCOS GARCIA DE MORAES;CASA DO ALBERGADO DE MANAUS;ASSISTENTE TECNICO GOVERNAMENTAL;; ESTATUTARIO;3591,04;;3591,04;316,09;3274,95;
MARCOS JORGE DE OLIVEIRA E SILVA;HOSP.DE CUST.TRAT.PSIQUIATRICO;AUX.O-I;DIRETOR DE UNIDADE P; ESTATUTARIO;5790,29;;5790,29;861,69;4928,60;
MARCOS PAULO GUEDES PINTO;SEAP-COMISSIONADOS;ASSESSOR II;NAO INFORMADO; CARGO COMISSION.S/VINCULO;4209,79;;4209,79;652,57;3557,22;
MARCOS ROGERIO DA SILVA;CASA DO ALBERGADO DE MANAUS;AG.PEN-II;GERENTE AD-2; ESTATUTARIO;3646,69;;3646,69;332,20;3314,49;
MARCOS VINICIUS THOMAZ;SEAP-COMISSIONADOS;ASSESSOR I;NAO INFORMADO; CARGO COMISSION.S/VINCULO;5229,77;;5229,77;992,73;4237,04;
MARCUS DE ARAUJO COSTA;CASA DO ALBERGADO DE MANAUS;A.TEC-I;; ESTATUTARIO;3723,84;;3723,84;390,55;3333,29;
MARCUS MARCELO DE PAIVA PRADO;SEAP-COMISSIONADOS;ASSESSOR I;NAO INFORMADO; CARGO COMISSION.S/VINCULO;5229,77;;5229,77;992,73;4237,04;
MARCUS VINICIUS OLIVEIRA DE ALMEIDA;SEAP-COMISSIONADOS;TENENTE CORONEL;SECRETARIO DE ESTADO; ESTATUTARIO;23851,00;8583,08;15267,92;3329,32;11938,60;
MARCUS VINICIUS PESSOA ARYCE CASTRO;SEAP-COMISSIONADOS;GERENTE;NAO INFORMADO; CARGO COMISSION.S/VINCULO;4209,79;;4209,79;652,57;3557,22;
MARIA DAS GRACAS MENDONCA FERREIRA;UNID.PRIS.SEMIABERTO FEM-UPSF;AG.PEN-I;; ESTATUTARIO;3971,08;;3971,08;455,05;3516,03;
MARIA DE FATIMA CRUZ GONCALVES;SEAP-EFETIVOS;A.TEC-I;; ESTATUTARIO;2785,55;;2785,55;278,59;2506,96;
MARIA DE LOURDES FERREIRA;UNID.PRIS.SEMIABERTO FEM-UPSF;A.TEC-I;; ESTATUTARIO;3940,04;;3940,04;424,01;3516,03;
MARIA DE NAZARE SARAIVA ALCANTARA;CONSELHO PENITENCIARIO;MEMBRO DE CONSELHO;; CONSELHO;429,20;;429,20;;429,20;
MARIA DO PERPETUO SOCORRO S UCHOA;SEAP-EFETIVOS;A.OPE-I;; ESTATUTARIO;2412,34;;2412,34;241,38;2170,96;
MARIA ELZA DA SILVA RAPOZO;UNID.PRIS.SEMIABERTO FEM-UPSF;A.TEC-I;; ESTATUTARIO;4614,07;;4614,07;637,43;3976,64;
MARIA FERNANDA DANTAS DE SOUSA;SEAP-EFETIVOS;ASSISTENTE TECNICO GOVERNAMENTAL;; ESTATUTARIO;9408,47;;9408,47;862,18;8546,29;
MARIA LUCIA MATIAS SOUZA;SEAP-EFETIVOS;A.TEC-I;; ESTATUTARIO;3928,61;;3928,61;421,11;3507,50;
MARIA RAIMUNDA JANUARIO DE SOUZA;MUNICIPIO DE ITACOATIARA;ASSESSOR III;ASSESSOR III AD-3; CARGO COMISSION.S/VINCULO;3191,80;;3191,80;379,31;2812,49;
MARIANA CUNHA DA SILVA;CENT.DE DETEN.PROV.MANAUS-CDPM;ASSESSOR IV;NAO INFORMADO; CARGO COMISSION.S/VINCULO;3175,61;;3175,61;375,23;2800,38;
MARILANDIA MARIA ENES R HATTORI;SEAP-COMISSIONADOS;ASSESSOR I;NAO INFORMADO; CARGO COMISSION.S/VINCULO;5229,77;;5229,77;992,73;4237,04;
MARILU MONTENEGRO PEIXOTO;SEAP-COMISSIONADOS;GERENTE;GERENTE AD-2; CARGO COMISSION.S/VINCULO;4209,79;;4209,79;652,57;3557,22;
MARINETE DA COSTA SUBIRANA;CASA DO ALBERGADO DE MANAUS;AG.PEN-I;; ESTATUTARIO;4029,14;;4029,14;441,38;3587,76;
MARIO SERGIO DA SILVA CARDOSO;COMPAJ FECHADO;ASSESSOR III;NAO INFORMADO; CARGO COMISSION.S/VINCULO;3191,80;;3191,80;379,31;2812,49;
MARIVALDO GOMES DOS SANTOS;SEAP-EFETIVOS;MOT-I;; ESTATUTARIO;9674,49;;9674,49;357,91;9316,58;
MARLI SOUZA DA SILVA;SEAP-EFETIVOS;A.TEC-I;CHF S APOIO TRABALHO; ESTATUTARIO;3381,26;;3381,26;344,50;3036,76;
MATHEUS OLIVEIRA DA SILVA ROCHA;COMPAJ SEMI ABERTO;DIRETOR DE UNIDADE PRISIONAL;NAO INFORMADO; CARGO COMISSION.S/VINCULO;5229,77;;5229,77;992,73;4237,04;
MAYARA RODRIGUES CUNHA MOREIRA;SEAP-COMISSIONADOS;CHEFE DE DEPARTAMENTO;NAO INFORMADO; CARGO COMISSION.S/VINCULO;5229,77;;5229,77;992,73;4237,04;
MESSIAS GARCIA CORDEIRO;CASA DO ALBERGADO DE MANAUS;A.TEC-I;; ESTATUTARIO;3110,34;;3110,34;298,52;2811,82;
MICAEL ASSUNCAO LIMA;SEAP-COMISSIONADOS;SARGENTO 3;DIRETOR ADJUNTO DE U; ESTATUTARIO;4000,00;;4000,00;159,88;3840,12;
MICHELLE SOARES DOS SANTOS;SEAP-COMISSIONADOS;GERENTE;NAO INFORMADO; CARGO COMISSION.S/VINCULO;4209,79;;4209,79;652,57;3557,22;
MIGUEL AUGUSTO GOMES ANDRADE;CASA DO ALBERGADO DE MANAUS;A.TEC-I;; ESTATUTARIO;3963,51;;3963,51;428,58;3534,93;
MONICA ALVES DA SILVA MACEDO;SEAP-COMISSIONADOS;GERENTE;NAO INFORMADO; CARGO COMISSION.S/VINCULO;4209,79;;4209,79;652,57;3557,22;
NAASSON SERRAO DA COSTA;UNID.PRIS.SEMIABERTO FEM-UPSF;AG.PEN-II;; ESTATUTARIO;3646,69;;3646,69;389,07;3257,62;
NATALIA CRUZ NEPONUCENA;SEAP-COMISSIONADOS;ASSESSOR II;NAO INFORMADO; CARGO COMISSION.S/VINCULO;4209,79;;4209,79;652,57;3557,22;
NEILY DUARTE BURGOS;SEAP-COMISSIONADOS;GERENTE;GERENTE AD-2; CARGO COMISSION.S/VINCULO;4209,79;;4209,79;652,57;3557,22;
NELVANIZE NASCIMENTO DA SILVEIRA;SEAP-EFETIVOS;ASSISTENTE TECNICO 3A CLASSE;; ESTATUTARIO;3586,28;;3586,28;259,54;3326,74;
NILMAR DE OLIVEIRA SANTOS;CASA DO ALBERGADO DE MANAUS;AUX.S.G-I;; ESTATUTARIO;3599,56;;3599,56;346,56;3253,00;
NILZA DA COSTA LIMA;SEAP-EFETIVOS;AUX.S.G-I;AUX SERV GERAIS; ESTATUTARIO;3775,97;;3775,97;373,02;3402,95;
OBERDAN BARROS BATISTA;CASA DO ALBERGADO DE MANAUS;AG.PEN-II;; ESTATUTARIO;4855,28;;4855,28;637,60;4217,68;
OCLEODO DOS SANTOS TORRES;SEAP-COMISSIONADOS;ASSESSOR IV;NAO INFORMADO; CARGO COMISSION.S/VINCULO;3175,61;;3175,61;375,23;2800,38;
ODILON DE ALBUQUERQUE MAMEDE;CENT.DETEN PROV.MANAUS-CDPM II;CABO;ASSESSOR III; ESTATUTARIO;3000,00;;3000,00;67,98;2932,02;
ODILSON SERGIO DA SILVA AQUINO;CASA DO ALBERGADO DE MANAUS;A.TEC-II;; ESTATUTARIO;3654,96;;3654,96;256,70;3398,26;
OIRA ARAUJO PEREIRA;SEAP-COMISSIONADOS;CABO;ASSESSOR IV; ESTATUTARIO;3000,00;;3000,00;95,20;2904,80;
ORDEMIRO BARBOSA MARINHO;CASA DO ALBERGADO DE MANAUS;AG.PEN-I;; ESTATUTARIO;3984,58;;3984,58;457,08;3527,50;
OSCAR LEAO RUBIM;SEAP-EFETIVOS;A.TEC-I;; ESTATUTARIO;3701,57;;3701,57;385,38;3316,19;
OSIEL FIRMINO DE SOUZA;CASA DO ALBERGADO DE MANAUS;AG.PEN-I;; ESTATUTARIO;3710,32;;3710,32;288,43;3421,89;
OSTAFO CAMPOS MONTEIRO;SEAP-EFETIVOS;A.TEC-I;; ESTATUTARIO;3732,59;;3732,59;336,02;3396,57;
OSVALDO DE FREITAS ELOI NETO;MUNICIPIO DE COARI;SARGENTO 3;DIRETOR DE UNIDADE P; ESTATUTARIO;5000,00;;5000,00;453,50;4546,50;
PATRESE RICH PROCÓPIO DE ARRUDA;SEAP-COMISSIONADOS;ASSESSOR II;NAO INFORMADO; CARGO COMISSION.S/VINCULO;4209,79;;4209,79;652,57;3557,22;
PATRICIA ANDRADE LIMA;SEAP-COMISSIONADOS;SARGENTO 3;GERENTE; ESTATUTARIO;4000,00;;4000,00;221,21;3778,79;
PATRICK LIMA DE OLIVEIRA;SEAP-COMISSIONADOS;GERENTE;NAO INFORMADO; CARGO COMISSION.S/VINCULO;4209,79;;4209,79;652,57;3557,22;
PAULA FERNANDA COSTA DE CASTRO;COMPAJ SEMI ABERTO;SUBGERENTE;NAO INFORMADO; CARGO COMISSION.S/VINCULO;3191,80;;3191,80;379,31;2812,49;
PAULO CESAR GOMES DE O JUNIOR;SEAP-COMISSIONADOS;TENENTE CORONEL;SECRETARIA EXECUTIVA; ESTATUTARIO;9900,00;515,97;9384,03;1554,84;7829,19;
PAULO ELVIS DA COSTA SOARES;SEAP-EFETIVOS;A.TEC-I;; ESTATUTARIO;3692,86;;3692,86;285,51;3407,35;
PAULO JEFFERSON CATUNDA;CASA DO ALBERGADO DE MANAUS;A.TEC-I;; ESTATUTARIO;3796,50;;3796,50;410,14;3386,36;
PAULO JORGE DE SOUZA CASTRO;MUNICIPIO DE ITACOATIARA;DIRETOR ADJUNTO DE UNID.PRISIONAL;NAO INFORMADO; CARGO COMISSION.S/VINCULO;4209,79;;4209,79;652,57;3557,22;
PAULO ONEY SANTOS CAVALCANTE;MUNICIPIO DE TEFE;SARGENTO 3;DIRETOR DE UNIDADE P; ESTATUTARIO;5000,00;;5000,00;505,64;4494,36;
PAULO ROBERTO JENNINGS;CASA DO ALBERGADO DE MANAUS;A.TEC-I;; ESTATUTARIO;3963,51;;3963,51;428,58;3534,93;
PAULO ROBERTO PINTO DE VASCONCELOS;CASA DO ALBERGADO DE MANAUS;AG.PEN-I;; ESTATUTARIO;3732,59;;3732,59;320,54;3412,05;
PAULO SERGIO CORDEIRO OLIVEIRA;PENITENCIARIA FEMIN.DE MANAUS;DIRETOR DE UNIDADE PRISIONAL;; CARGO COMISSION.S/VINCULO;5229,77;;5229,77;992,73;4237,04;
PAULO WILLCON BARRETO CRISPIM;SEAP-COMISSIONADOS;MAJOR;ASSESSOR I; ESTATUTARIO;5000,00;;5000,00;453,50;4546,50;
PEDRO COSTA DA CUNHA;COMPAJ SEMI ABERTO;AUX.O-I;; ESTATUTARIO;3590,81;;3590,81;315,77;3275,04;
PEDRO HELCIO CASTILHO COELHO;MUNICIPIO DE MAUES;ASSESSOR III;; CARGO COMISSION.S/VINCULO;2195,80;;2195,80;181,12;2014,68;
POLYANNA DE ANDRADE ANDRADE;SEAP-COMISSIONADOS;SUBGERENTE;NAO INFORMADO; CARGO COMISSION.S/VINCULO;3191,80;;3191,80;379,31;2812,49;
POTIGUARA MATIAS DOS SANTOS;UNIDADE PRISIONAL PURAQUEQUARA;GERENTE;GERENTE AD-2; CARGO COMISSION.S/VINCULO;3209,79;;3209,79;383,84;2825,95;
RAIMUNDA FRANCISCA CARVALHO SOUZA;SEAP-EFETIVOS;A.TEC-I;; ESTATUTARIO;3715,26;;3715,26;361,41;3353,85;
RAIMUNDA MARQUES SAMPAIO;COMPAJ SEMI ABERTO;ASSISTENTE TECNICO GOVERNAMENTAL;; ESTATUTARIO;3595,02;;3595,02;347,20;3247,82;
RAIMUNDO ANTONIO MOTA MESQUITA;SEAP-INTERIOR;AG.PEN-I;; ESTATUTARIO;3710,34;;3710,34;414,91;3295,43;
RAIMUNDO AROLDO LUCAS DE MACEDA;COMPAJ FECHADO;CABO;DIRETOR DE UNIDADE P; ESTATUTARIO;5000,00;;5000,00;453,50;4546,50;
RAIMUNDO FREITAS DE MORAES;CENT.DETEN PROV.MANAUS-CDPM II;A.TEC-I;DIGITADOR; ESTATUTARIO;3710,34;;3710,34;388,52;3321,82;
RAIMUNDO GONZAGA DA SILVA GOMES;SEAP-INTERIOR;AG.PEN-I;; ESTATUTARIO;3719,09;;3719,09;417,26;3301,83;
RAIMUNDO MAYCON MORAES DE SOUZA;MUNICIPIO DE PARINTINS;DIRETOR ADJUNTO DE UNID.PRISIONAL;NAO INFORMADO; CARGO COMISSION.S/VINCULO;3209,79;;3209,79;383,84;2825,95;
RAIMUNDO NONATO DIMAS;SEAP-INTERIOR;AGENTE PENITENCIARIO 3A CLASSE;; ESTATUTARIO;3651,28;;3651,28;385,29;3265,99;
RAIMUNDO NONATO DOS SANTOS MELLO;SEAP-EFETIVOS;AUX.HSP-I;; ESTATUTARIO;4740,19;;4740,19;580,18;4160,01;
RAIMUNDO NONATO NASCIMENTO TAVARES;SEAP-INTERIOR;AUX.S.G-I;; ESTATUTARIO;3594,80;;3594,80;346,89;3247,91;
RAIMUNDO SOARES NOGUEIRA;COMPAJ SEMI ABERTO;AUX.O-I;; ESTATUTARIO;3553,72;;3553,72;306,04;3247,68;
RAIMUNDO XAVIER CARDOSO TAVARES;SEAP-INTERIOR;AG.PEN-I;; ESTATUTARIO;3732,59;;3732,59;419,28;3313,31;
RALPH PERES TINOCO;CENTRO DE DET.PROV.FEMIN.-CDPF;CABO;ASSESSOR III; ESTATUTARIO;3000,00;;3000,00;53,76;2946,24;
RAMON ALVES DA SILVA;SEAP-COMISSIONADOS;SUBGERENTE;NAO INFORMADO; CARGO COMISSION.S/VINCULO;2195,80;;2195,80;181,12;2014,68;
RAQUEL AUGUSTA LIMA COSTA;MUNICIPIO DE COARI;ASSESSOR III;ASSESSOR III; CARGO COMISSION.S/VINCULO;2195,80;;2195,80;181,12;2014,68;
RAYSSA FERNANDA DE SOUZA GADELHA;SEAP-COMISSIONADOS;ASSESSOR II;NAO INFORMADO; CARGO COMISSION.S/VINCULO;4209,79;;4209,79;652,57;3557,22;
REGINALDO BARROS DE OLIVEIRA;SEAP-COMISSIONADOS;TENENTE 1;ASSESSOR I; ESTATUTARIO;5000,00;;5000,00;505,64;4494,36;
RENAN OLIVEIRA DE CARVALHO;SEAP-COMISSIONADOS;CAPITAO;COORD.DO SISTEMA PRI; ESTATUTARIO;8100,00;;8100,00;877,33;7222,67;
RENATO DANTAS DA SILVA;UNIDADE PRISIONAL PURAQUEQUARA;ASSESSOR III;NAO INFORMADO; CARGO COMISSION.S/VINCULO;3191,80;;3191,80;379,31;2812,49;
RITA BATISTA MAIA;CASA DO ALBERGADO DE MANAUS;ASSISTENTE TECNICO GOVERNAMENTAL;; ESTATUTARIO;2581,54;;2581,54;225,67;2355,87;
RIVALDO SOUZA DA COSTA;SEAP-COMISSIONADOS;TENENTE 1;GERENTE; ESTATUTARIO;4000,00;;4000,00;221,21;3778,79;
ROBERT WASHINGTON BARRETO;CENT.DE DETEN.PROV.MANAUS-CDPM;SARGENTO 3;DIRETOR DE UNIDADE P; ESTATUTARIO;5000,00;;5000,00;505,64;4494,36;
ROBERTO ANTONIO PEREIRA DOS SANTOS;COMPAJ SEMI ABERTO;A.TEC-I;AG ADMINISTRATIVO; ESTATUTARIO;3930,07;;3930,07;421,48;3508,59;
ROBSON FALCAO LOPES;SEAP-COMISSIONADOS;ASSESSOR III;NAO INFORMADO; CARGO COMISSION.S/VINCULO;2195,80;;2195,80;181,12;2014,68;
ROCINALDO JESUS DA SILVA;CASA DO ALBERGADO DE MANAUS;AG.PEN-II;; ESTATUTARIO;4844,25;;4844,25;590,67;4253,58;
RODRIGO MARTINS DE OLIVEIRA;MUNICIPIO DE HUMAITA;DIRETOR DE UNIDADE PRISIONAL;DIR. DE UNIDADE; CARGO COMISSION.S/VINCULO;5229,77;;5229,77;992,73;4237,04;
RODRIGO MELO DA SILVA;SEAP-COMISSIONADOS;SUBGERENTE;NAO INFORMADO; CARGO COMISSION.S/VINCULO;3191,80;;3191,80;379,31;2812,49;
RODRIGO OTAVIO SANTOS DE SOUZA;SEAP-COMISSIONADOS;ASSESSOR III;NAO INFORMADO; CARGO COMISSION.S/VINCULO;3191,80;;3191,80;379,31;2812,49;
RODRIGO PAES DO NASCIMENTO;CENT.DE DETEN.PROV.MANAUS-CDPM;SARGENTO 2;ASSESSOR III; ESTATUTARIO;3000,00;;3000,00;25,32;2974,68;
ROGERIO FONSECA;UNID.PRIS.SEMIABERTO FEM-UPSF;A.TEC-I;; ESTATUTARIO;4041,03;;4041,03;452,67;3588,36;
ROMARIO DA SILVA DE OLIVEIRA;SEAP-COMISSIONADOS;ASSESSOR II;ASSESSOR II; CARGO COMISSION.S/VINCULO;2609,79;;2609,79;266,20;2343,59;
RONALDO FERREIRA COELHO;SEAP-COMISSIONADOS;SUBGERENTE;SUBGERENTE; CARGO COMISSION.S/VINCULO;2591,80;;2591,80;262,86;2328,94;
RONILSON DA COSTA OTERO;SEAP-COMISSIONADOS;SOLDADO;SUBGERENTE AD-3; ESTATUTARIO;3000,00;;3000,00;53,76;2946,24;
ROSARIA GONCALVES DE SOUZA;SEAP-EFETIVOS;AUX.S.G-II;; ESTATUTARIO;3020,15;;3020,15;208,50;2811,65;
ROSSEMARILANE VIANA DE OLIVEIRA;SEAP-INTERIOR;AG.PEN-I;; ESTATUTARIO;3689,02;;3689,02;404,46;3284,56;
ROSSICLEIDE DE SOUZA SILVA;SEAP-COMISSIONADOS;GERENTE;GERENTE AD-2; CARGO COMISSION.S/VINCULO;4209,79;;4209,79;652,57;3557,22;
RUAN LUKA LIMA DE MELO;SEAP-COMISSIONADOS;CABO;DIRETOR ADJUNTO DE U; ESTATUTARIO;3000,00;;3000,00;95,20;2904,80;
RUDNEY DOS SANTOS CUNHA;UNIDADE PRISIONAL PURAQUEQUARA;SOLDADO;SUBGERENTE; ESTATUTARIO;3000,00;;3000,00;95,20;2904,80;
SABINO DA SILVA MARQUES;SEAP-COMISSIONADOS;ASSESSOR I;NAO INFORMADO; CARGO COMISSION.S/VINCULO;5229,77;;5229,77;992,73;4237,04;
SAMISON ROLDAO DE LIMA;MUNICIPIO DE TABATINGA;CABO;DIRETOR ADJUNTO DE U; ESTATUTARIO;3000,00;;3000,00;95,20;2904,80;
SAMUEL FERREIRA DA SILVA;MUNICIPIO DE PARINTINS;AG.PEN-I;; ESTATUTARIO;3710,34;;3710,34;414,91;3295,43;
SAMUEL MARTINS COELHO JUNIOR;SEAP-COMISSIONADOS;ASSESSOR II;NAO INFORMADO; CARGO COMISSION.S/VINCULO;4209,79;;4209,79;652,57;3557,22;
SANSAO DA SILVA BELEM;COMPAJ SEMI ABERTO;MOT-II;; ESTATUTARIO;3766,41;;3766,41;302,72;3463,69;
SAUL RODRIGUES DE MELO FILHO;CASA DO ALBERGADO DE MANAUS;A.TEC-I;; ESTATUTARIO;3940,04;;3940,04;424,01;3516,03;
SEBASTIANA GRACA DE SENNA PINAGE;SEAP-EFETIVOS;A.TEC-I;; ESTATUTARIO;2923,15;;2923,15;277,70;2645,45;
SEBASTIAO PINHEIRO DA SILVA;SEAP-INTERIOR;ASSISTENTE TECNICO GOVERNAMENTAL;; ESTATUTARIO;3593,99;;3593,99;218,41;3375,58;
SERGIO PAULO LIMA GONZAGA;SEAP-COMISSIONADOS;TENENTE 2;CHEFE DE DEPARTAMENT; ESTATUTARIO;5000,00;;5000,00;403,55;4596,45;
SILVIA HELENA ANTUNES DOS SANTOS;SEAP-COMISSIONADOS;CORREGEDOR;NAO INFORMADO; CARGO COMISSION.S/VINCULO;5229,77;;5229,77;568,83;4660,94;
SIMONE FARIAS NEGRAO;SEAP-COMISSIONADOS;ASSESSOR II;NAO INFORMADO; CARGO COMISSION.S/VINCULO;4209,79;;4209,79;652,57;3557,22;
SONIA MARIA BEZERRA CABRAL;SEAP-COMISSIONADOS;TNS-I;DIR. ESC.PENIT.AD-1; ESTATUTARIO;7025,67;;7025,67;1440,84;5584,83;
SONIA MARIA DOS SANTOS GOMES;SEAP-COMISSIONADOS;ASSESSOR II;ASSESSOR II AD-2; CARGO COMISSION.S/VINCULO;4209,79;;4209,79;652,57;3557,22;
SUELEN CRISTINA DE SOUZA CAVALCANTE;CENTRO DE DET.PROV.FEMIN.-CDPF;DIRETOR ADJUNTO DE UNID.PRISIONAL;NAO INFORMADO; CARGO COMISSION.S/VINCULO;4209,79;;4209,79;652,57;3557,22;
SUELY DE MELO COSTA;SEAP-EFETIVOS;TECNICO DE NIVEL SUPERIOR;; ESTATUTARIO;4100,64;;4100,64;590,33;3510,31;
SUZALINDA DA SILVA E SILVA;UNID.PRIS.SEMIABERTO FEM-UPSF;AG.PEN-II;; ESTATUTARIO;3864,80;;3864,80;421,79;3443,01;
TALES RENAN SILVA DA SILVA;SEAP-COMISSIONADOS;TENENTE 1;ASSESSOR I; ESTATUTARIO;6666,67;;6666,67;571,92;6094,75;
TATIANA FERREIRA DA SILVA;SEAP-COMISSIONADOS;SUBGERENTE;; CARGO COMISSION.S/VINCULO;4255,73;;4255,73;667,90;3587,83;
TATIANE LOPES MARTINS;SEAP-COMISSIONADOS;ASSESSOR III;ASSESSOR III; CARGO COMISSION.S/VINCULO;3191,80;;3191,80;379,31;2812,49;
TATIANE LOPES PEREIRA;MUNICIPIO DE TABATINGA;ASSESSOR III;ASSESSOR III AD-3; CARGO COMISSION.S/VINCULO;2195,80;;2195,80;181,12;2014,68;
TAYANE GABRIELE ARANTE DOS SANTOS;SEAP-COMISSIONADOS;SUBGERENTE;NAO INFORMADO; CARGO COMISSION.S/VINCULO;2195,80;;2195,80;181,12;2014,68;
TEREZINHA PINHEIRO DA SILVA;UNID.PRIS.SEMIABERTO FEM-UPSF;AUX.HSP-I;; ESTATUTARIO;3176,35;;3176,35;290,84;2885,51;
VALDEIA MAGALHÃES ROCHA;MUNICIPIO DE PARINTINS;ASSISTENTE TECNICO GOVERNAMENTAL;; ESTATUTARIO;3595,02;;3595,02;247,06;3347,96;
VALDEMAR ARAUJO COSTA;CASA DO ALBERGADO DE MANAUS;A.TEC-I;; ESTATUTARIO;4136,07;;4136,07;445,45;3690,62;
VALERIA ARAUJO DIAS;SEAP-COMISSIONADOS;ASSESSOR II;; CARGO COMISSION.S/VINCULO;5613,05;;5613,05;1136,13;4476,92;
VALNECI GOMES DE SOUZA;SEAP-COMISSIONADOS;SARGENTO 1;ASSESSOR III; ESTATUTARIO;3000,00;;3000,00;95,20;2904,80;
VICTOR CASTRO BARBOSA;SEAP-COMISSIONADOS;CABO;SUBGERENTE; ESTATUTARIO;3000,00;;3000,00;95,20;2904,80;
VICTOR NEGRAO REIS;SEAP-COMISSIONADOS;ASSESSOR I;NAO INFORMADO; CARGO COMISSION.S/VINCULO;5229,77;;5229,77;992,73;4237,04;
VICTOR NEGRAO REIS;CONSELHO PENITENCIARIO;MEMBRO DE CONSELHO;; CONSELHO;643,80;;643,80;;643,80;
VIVIAN MONTENEGRO PEIXOTO;SEAP-COMISSIONADOS;ASSESSOR III;ASSESSOR III; CARGO COMISSION.S/VINCULO;3191,80;;3191,80;379,31;2812,49;
WASNEY AGUIAR BITTENCOURT;SEAP-EFETIVOS;AUX.HSP-I;; ESTATUTARIO;3577,31;;3577,31;266,95;3310,36;
WELLINGTON DOS SANTOS MACIEL;MUNICIPIO DE TABATINGA;MERENDEIRO PNF.MNF-III;ASSESSOR III; ESTATUTARIO;3157,85;;3157,85;256,19;2901,66;
WELLINGTON FRANK MACENA CABRAL;COMPAJ FECHADO;CABO;ASSESSOR IV; ESTATUTARIO;3000,00;;3000,00;67,98;2932,02;
WENDEL PINTO DA SILVA;SEAP-COMISSIONADOS;SUBGERENTE;NAO INFORMADO; CARGO COMISSION.S/VINCULO;3191,80;;3191,80;379,31;2812,49;
WENDEL SALES CAVALCANTE;MUNICIPIO DE COARI;CABO;DIRETOR ADJUNTO DE U; ESTATUTARIO;3000,00;;3000,00;67,98;2932,02;
WENDERSON SILVA SOEIRO;SEAP-COMISSIONADOS;CABO;ASSESSOR IV; ESTATUTARIO;3000,00;;3000,00;95,20;2904,80;
WENGLAY FREITAS DA COSTA;SEAP-COMISSIONADOS;GERENTE;NAO INFORMADO; CARGO COMISSION.S/VINCULO;4279,72;;4279,72;675,90;3603,82;
WILKENS CARLEM DALMEIDA BEZERRA;SEAP-COMISSIONADOS;ASSESSOR III;ASSESSOR III; CARGO COMISSION.S/VINCULO;4255,73;;4255,73;667,90;3587,83;
WILLIAMS SANTOS DAMASCENO;SEAP-EFETIVOS;T.HSP-I;; ESTATUTARIO;3981,05;;3981,05;457,59;3523,46;
ZEINE SAID RUIZ;CASA DO ALBERGADO DE MANAUS;A.TEC-I;; ESTATUTARIO;3943,57;;3943,57;423,51;3520,06;
