NOME;LOTACAO;CARGO;FUNCAO;VINCULO;REMUNERACAO LEGAL TOTAL(R$);DESC.TETO(R$); REMUNERACAO LEGAL DEVIDA(R$);DESCONTOS LEGAIS(R$);LIQUIDO DISPONIVEL(R$);
ADALBERTO SENA DE ASSIS;NUCLEO DE TRANSPORTE;MOTORISTA 3A CLASSE;GERENTE; ESTATUTARIO;5468,49;;5468,49;646,18;4822,31;
ADALGISA TAVARES DOS SANTOS CAMPOS;GERENCIA DE REGISTRO DE DADOS;A.TEC-I;; ESTATUTARIO;4439,09;;4439,09;423,09;4016,00;
ADALTO FERREIRA PAULINO;PENSIONISTAS ALFREDO DA MATA;PENSIONISTA LEI 1735 DE 14.11.85;; PENSIONISTA POR LEI;998,00;;998,00;;998,00;
ADERSON JOSE DA SILVA;PENSIONISTAS ALFREDO DA MATA;PENSIONISTA LEI 1735 DE 14.11.85;; PENSIONISTA POR LEI;998,00;;998,00;;998,00;
ADILSON MOZART SILVA MAIA;PENSIONISTAS ALFREDO DA MATA;PENSIONISTA LEI 1735 DE 14.11.85;; PENSIONISTA POR LEI;998,00;;998,00;;998,00;
ADMIR BRAGA DA SILVA;NUCLEO DE VIGILANCIA;AUXILIAR ADMINISTRATIVO;; ESTATUTARIO;2749,09;;2749,09;182,96;2566,13;
AGENOR PANILHA CAMPOS;GER.DE APOIO, MANUT.LOGISTICA;A.TEC-I;; ESTATUTARIO;3597,79;;3597,79;293,59;3304,20;
ALBERTINA JUSTINA DOS SANTOS;GABINETE DO SECRETARIO APOIO;AUX.S.G-I;; ESTATUTARIO;2992,12;;2992,12;221,39;2770,73;
ALDECY PESSOA DE MELO;NUCLEO DE VIGILANCIA;VIGIA PNF.VIG-III;; ESTATUTARIO;3361,81;;3361,81;287,07;3074,74;
ALDENORA SILVA DE ALMEIDA ALVES;NUCLEO DE PROTOCOLO;ASSESSOR IV;; CARGO COMISSION.S/VINCULO;2679,61;;2679,61;179,66;2499,95;
ALEANDRO DANTAS CHAVES;COORD.DE BENS PATRIMONIAIS;AUX.ADM-II;GERENTE; ESTATUTARIO;5210,15;;5210,15;567,18;4642,97;
ALESSANDRA DA ROCHA COSTA;JUNTA MEDICO-PERICIAL DO EST.;AUX.S.G-II;AUX. SERVICOS GERAIS; ESTATUTARIO;4482,36;;4482,36;330,42;4151,94;
ALEX HARLEI SALES LAUDELINO;NUCLEO DE SERVICOS GERAIS;MARINHEIRO FLUVIAL DE CONVES;; ESTATUTARIO;2833,44;;2833,44;237,54;2595,90;
ALEXANDRE AUGUSTO ALENCAR QUEIROZ;CONSULTORIA TEC-ADMINISTRATIVA;COORDENADOR CTA;NAO INFORMADO; CARGO COMISSION.S/VINCULO;9000,00;;9000,00;2013,32;6986,68;
ALEXANDRE DULVAL LUCENA NASCIMENTO;DEPTO.DE ADMINIST.E FINANCAS;ASSISTENTE TECNICO 1A CLASSE;; ESTATUTARIO;6702,08;;6702,08;938,98;5763,10;
ALFREDO JOSE DE CAMPOS BANDEIRA;DEPTO.DE ADMINIST.E FINANCAS;TNS-I;; ESTATUTARIO;3201,06;;3201,06;502,98;2698,08;
ALLYNE KELLY MENEZES B OLIVEIRA;JUNTA MEDICO-PERICIAL DO EST.;MEDICO GENERALISTA;PERITO; ESTATUTARIO;1250,00;;1250,00;;1250,00;
ALMIR SALES DE ANDRADE;DISPONIVEL SEAD;OPERADOR DE RADIO;; ESTATUTARIO;1191,67;;1191,67;166,83;1024,84;
ALMIR SAMPAIO CAVALCANTE;GRUP.INT.PREV.INVAS.AREAS PUB.;TNS-I;ASS DE SEG FUNCIONAL; ESTATUTARIO;9806,00;;9806,00;2023,42;7782,58;
ALTAIR FERREIRA DA CUNHA;DEPTO.DE TECNOL.DA INFORMACAO;ASSESSOR II;NAO INFORMADO; CARGO COMISSION.S/VINCULO;4709,79;;4709,79;652,57;4057,22;
ALUISIO DE SOUSA PIMENTEL;NUCLEO DE TRANSPORTE;MOT-III;; ESTATUTARIO;4102,71;;4102,71;352,64;3750,07;
ALVARO MONTEIRO MAIA;DISPONIVEL SEAD;ENGENHEIRO 1A CLASSE;; ESTATUTARIO;1269,94;;1269,94;177,80;1092,14;
AMANDA NUBIA DA SILVA GUIMARAES;GER.DE PLANEJ.ORC.E FINANCAS;ASSESSOR III;NAO INFORMADO; CARGO COMISSION.S/VINCULO;3691,80;;3691,80;379,31;3312,49;
ANA ESTEFANIA SANCHES DE OLIVEIRA;COORD.DE BENS PATRIMONIAIS;COORDENADOR DE PATRIMONIO;NAO INFORMADO; CARGO COMISSION.S/VINCULO;8000,00;;8000,00;1738,32;6261,68;
ANA LUCIA BATISTA LIMA;EXTINTO B.CARGOS AGUARD.RELOT.;TNS-I;; ESTATUTARIO;3084,47;;3084,47;487,98;2596,49;
ANA MARIA BOTINELLY CUNHA E SILVA;DISPONIVEL TCM;AUDITOR ADJUNTO;; ESTATUTARIO;10088,56;;10088,56;2745,45;7343,11;
ANA MARIA FARIAS EVANGELISTA;PESSOAL PROC.DE APOSENTADORIA;AUDITOR ASSISTENTE - N.S.;; ESTATUTARIO;1100,00;;1100,00;126,62;973,38;
ANA MARIA PINA PAIVA;ESC.GEST.E APERF.DO SERV.PUBL.;ASSESSOR III;NAO INFORMADO; CARGO COMISSION.S/VINCULO;3691,80;;3691,80;379,31;3312,49;
ANA PAULA ARAUJO MACIEL;GERENCIA DE PESSOAL;ASSESSOR II;; CARGO COMISSION.S/VINCULO;4709,79;;4709,79;652,57;4057,22;
ANA SERGIA ALVES DA SILVA LIMA;COORD.DE BENS PATRIMONIAIS;TECNICO-TEC-T.S.N.S.-A;CHEFE DE DEPARTAMENT; ESTATUTARIO;7075,42;;7075,42;1098,79;5976,63;
ANA VIRGINIA DE VASCONCELOS NORONHA;DISPONIVEL TCM;AUDITOR ADJUNTO;; ESTATUTARIO;7864,48;;7864,48;1905,55;5958,93;
ANA VIRGINIA SILVA LEMOS DE AGUIAR;ESC.GEST.E APERF.DO SERV.PUBL.;COORD.ESC.DE GEST.APERF.DO SERV.PUB;COORD.ESC.DE GEST.AP; CARGO COMISSION.S/VINCULO;9000,00;;9000,00;2013,32;6986,68;
ANDRE LUIZ MELO BARBOSA;JUNTA MEDICO-PERICIAL DO EST.;AUX.ADM-III;; ESTATUTARIO;3711,81;;3711,81;230,03;3481,78;
ANDRE LUIZ NOGUEIRA DE SOUZA;ESC.GEST.E APERF.DO SERV.PUBL.;GERENTE;; CARGO COMISSION.S/VINCULO;6113,05;;6113,05;1136,13;4976,92;
ANDREA COELHO DA SILVA;GER.DE PLANEJ.ORC.E FINANCAS;GERENTE;GERENTE; DISP. OUTROS ESFERAS;5833,33;;5833,33;597,31;5236,02;
ANDREZA HELENA DA SILVA;COORD.GER.SEC.EX.ADJ.G.R.HUM.;ASSISTENTE TECNICO;SEC.EXEC.ADJ.GEST.RE; ESTATUTARIO;13400,83;;13400,83;3223,80;10177,03;
ANELY CRISTINA RIBEIRO ARRUDA;GERENCIA DE REGISTRO DE DADOS;ASSESSOR II;; CARGO COMISSION.S/VINCULO;4709,79;;4709,79;622,77;4087,02;
ANICE GODINHO PINTO;NUCLEO DE PROTOCOLO;A.TEC-I;GERENTE; ESTATUTARIO;5395,57;;5395,57;634,67;4760,90;
ANIZIMAR LOPES MESSIAS;GER.BENEFICIO DOS SERVIDORES;A.TEC-I;; ESTATUTARIO;4419,15;;4419,15;418,02;4001,13;
ANTONIA NEDINA DA COSTA LIMA;GER.DE VALORIZACAO DO SERVIDOR;AUX.ADM-I;; ESTATUTARIO;5445,11;;5445,11;632,04;4813,07;
ANTONIA ROBERTA SANTANA;GERENCIA DE REGISTRO DE DADOS;A.TEC-I;F. GRATIFICADA, FG-3; ESTATUTARIO;5675,68;;5675,68;713,76;4961,92;
ANTONIA SILEIDE VIEIRA DAMASCENO;PENSIONISTAS ALFREDO DA MATA;PENSIONISTA LEI 1735 DE 14.11.85;; PENSIONISTA POR LEI;998,00;;998,00;;998,00;
ANTONIO CARLOS FERNANDES DE SOUZA;DISPONIVEL SEAD;OPERADOR DE MAQUINA RODOVIARIA;; ESTATUTARIO;1191,67;;1191,67;166,83;1024,84;
ANTONIO CARLOS NERY SANTANA;ARQUIVO PUB.EST.DO AMAZONAS;A.TEC-I;; ESTATUTARIO;4956,84;;4956,84;540,90;4415,94;
ANTONIO CESAR BARONI PEREIRA;DISPONIVEL TCM;ENGENHEIRO AGRONOMO;; ESTATUTARIO;1191,67;;1191,67;166,83;1024,84;
ANTONIO LUCIO DE MORAIS;NUCLEO DE VIGILANCIA;AUX.S.G-II;; ESTATUTARIO;2718,15;;2718,15;185,85;2532,30;
ANTONIO NERY DA SILVA;REMANEJADOS EXT.OUVID.GER.EST.;ASSISTENTE TECNICO;ASSISTENTE TECNICO; ESTATUTARIO;2450,43;;2450,43;193,92;2256,51;
ANTONIO NUNES PINHEIRO FILHO;DISPONIVEL POLICIA CIVIL;ESCRIVAO DE POLICIA 2A CLASSE;; ESTATUTARIO;22142,28;;22142,28;7155,87;14986,41;
ANTONIO RODRIGUES DOS SANTOS;PENSIONISTAS ALFREDO DA MATA;PENSIONISTA LEI 1735 DE 14.11.85;; PENSIONISTA POR LEI;998,00;;998,00;;998,00;
APOENA NASCIMENTO TEIXEIRA;SEC.EXE.AD.G.PAT.GAST.PUBLICOS;ASSESSOR II;; CARGO COMISSION.S/VINCULO;4709,79;;4709,79;531,31;4178,48;
ARACELY ALBERTINO DE MELO;GABINETE DO SECRETARIO APOIO;ASSESSOR IV;NAO INFORMADO; CARGO COMISSION.S/VINCULO;3075,61;;3075,61;245,63;2829,98;
ARIANNA BIANCA CAMPOS RABELO;SEC.EXE.AD.G.PAT.GAST.PUBLICOS;ASSESSOR II;NAO INFORMADO; CARGO COMISSION.S/VINCULO;4709,79;;4709,79;622,77;4087,02;
ARQUIMEDES CARVALHO LASMAR;JUNTA MEDICO-PERICIAL DO EST.;A.TEC-I;; ESTATUTARIO;5435,49;;5435,49;644,99;4790,50;
AUREA RAIMUNDA ALMEIDA DE F VIEIRA;REMANEJADOS EXT.OUVID.GER.EST.;AGENTE ADMINISTRATIVO A - N.B.;; ESTATUTARIO;1157,31;;1157,31;143,64;1013,67;
AUREO GONCALVES NEVES;DISPONIVEL SEAD;TECNICO 2A CLASSE;; ESTATUTARIO;1191,67;;1191,67;166,83;1024,84;
AYMAN BAYDOUN;COORD.DE BENS PATRIMONIAIS;ASSESSOR I;NAO INFORMADO; CARGO COMISSION.S/VINCULO;7473,03;;7473,03;1593,40;5879,63;
BEATRIZ PAIVA MOREIRA LOPES;DEPTO.DE ADMINIST.E FINANCAS;ASSESSOR II;NAO INFORMADO; CARGO COMISSION.S/VINCULO;4709,79;;4709,79;652,57;4057,22;
BIANCA SANDRINI LIMA PEREIRA;JUNTA MEDICO-PERICIAL DO EST.;GERENTE;NAO INFORMADO; CARGO COMISSION.S/VINCULO;4709,79;;4709,79;652,57;4057,22;
CAMILA CRISTINE DE MATOS MARTINS;GABINETE DO SECRETARIO APOIO;ASSESSOR III;NAO INFORMADO; CARGO COMISSION.S/VINCULO;3691,80;;3691,80;379,31;3312,49;
CARLOS ALONSO ALENCAR QUEIROZ;EXTINTO B.CARGOS AGUARD.RELOT.;TECNICO;; ESTATUTARIO;5329,11;;5329,11;1293,94;4035,17;
CARLOS AUGUSTO DE SOUZA M JUNIOR;CONSULTORIA TEC-ADMINISTRATIVA;ASSESSOR I;NAO INFORMADO; CARGO COMISSION.S/VINCULO;7473,03;;7473,03;1541,26;5931,77;
CARLOS EDUARDO RAPOSO DA C ALENCAR;CONSULTORIA TEC-ADMINISTRATIVA;ASSESSOR I;; CARGO COMISSION.S/VINCULO;5729,77;;5729,77;992,73;4737,04;
CARLOS FERNANDO LIMA SOUZA;PESSOAL PROC.DE APOSENTADORIA;A.TEC-I;; ESTATUTARIO;1545,39;;1545,39;216,35;1329,04;
CARLOS GEISER RODRIGUES DE SOUZA;COMISSAO DE REGIME DISCIPLINAR;ASSESSOR III;NAO INFORMADO; CARGO COMISSION.S/VINCULO;3691,80;;3691,80;379,31;3312,49;
CARLY DA SILVA FARIA;COORD.DE BENS PATRIMONIAIS;GERENTE;NAO INFORMADO; CARGO COMISSION.S/VINCULO;4709,79;;4709,79;483,81;4225,98;
CARMEM LUCIA ROSAS GOMES;DEPTO.DE ADMINIST.E FINANCAS;A.TEC-I;F.GRATIFICADA, FG-3; ESTATUTARIO;3897,60;;3897,60;411,18;3486,42;
CAROLINE ARAUJO DE ANDRADE SOUZA;DEPTO.DE ADMINIST.E FINANCAS;ASSESSOR I;NAO INFORMADO; CARGO COMISSION.S/VINCULO;7473,03;;7473,03;1593,40;5879,63;
CASIMIRO CARDOSO DE ARAUJO FILHO;DEPTO.DE ADMINIST.E FINANCAS;MOTORISTA RODOVIARIO;; ESTATUTARIO;3900,77;;3900,77;340,06;3560,71;
CEZARINA BARBOSA DE MEDEIROS;ARQUIVO PUB.EST.DO AMAZONAS;A.TEC-I;; ESTATUTARIO;3867,24;;3867,24;338,09;3529,15;
CHRYSTIANE APARECIDA DOS S PINAGE;GERENCIA DE REGISTRO DE DADOS;A.TEC-I;; ESTATUTARIO;4210,34;;4210,34;388,52;3821,82;
CLARICE CABRAL CARNEIRO DA CUNHA;GABINETE DO SECRETARIO APOIO;A.TEC-I;; ESTATUTARIO;4430,07;;4430,07;421,48;4008,59;
CLAUDIO CARDOSO PALHETA;DEPTO.DE TECNOL.DA INFORMACAO;ASSESSOR II;NAO INFORMADO; CARGO COMISSION.S/VINCULO;4709,79;;4709,79;652,57;4057,22;
CLAUDIO COSTA DOS SANTOS;PENSIONISTAS ALFREDO DA MATA;PENSIONISTA LEI 1735 DE 14.11.85;; PENSIONISTA POR LEI;998,00;;998,00;;998,00;
CLAUDIO SANTANA TRINDADE;GERENCIA DE PESSOAL;A.TEC-I;; ESTATUTARIO;5435,43;;5435,43;645,63;4789,80;
CLEIA FREITAS DE SOUZA E SILVA;DEPTO.DE ADMINIST.E FINANCAS;TNS-I;; ESTATUTARIO;5166,92;;5166,92;911,59;4255,33;
CLERME MELO DE OLIVEIRA;GERENCIA DE PESSOAL;A.TEC-II;GERENTE; ESTATUTARIO;6953,84;;6953,84;1054,35;5899,49;
CRISTIANO PANTOJA RIBEIRO;NUCLEO DE RECEPCAO;A.TEC-I;; ESTATUTARIO;3859,98;;3859,98;339,09;3520,89;
CRISTINA DE ALMEIDA CAMPOS;GER.AUDITORIA DE FOLHA PAGTO.;TECNICO EM CONTABILIDADE;; ESTATUTARIO;4292,92;;4292,92;366,68;3926,24;
DAMIAO DE SOUZA LAVAREDA;PENSIONISTAS ALFREDO DA MATA;PENSIONISTA LEI 1735 DE 14.11.85;; PENSIONISTA POR LEI;998,00;;998,00;;998,00;
DANIEL DO NASCIMENTO MIRANDA;COORD.DE BENS PATRIMONIAIS;ASSESSOR IV;NAO INFORMADO; CARGO COMISSION.S/VINCULO;3075,61;;3075,61;259,85;2815,76;
DANIEL HERCULANO DE CARVALHO;GER.DE APOIO, MANUT.LOGISTICA;ASSESSOR II;NAO INFORMADO; CARGO COMISSION.S/VINCULO;4709,79;;4709,79;652,57;4057,22;
DELZINDA FERREIRA BARCELOS;ASSESSORIA TEC.ADMINISTRATIVA;TNS-III;ASSESSOR I, AD-1; ESTATUTARIO;7079,31;;7079,31;1394,25;5685,06;
DENISMAR MARIA ASSIS DA ROCHA;NUCLEO DE RECEPCAO;A.TEC-I;AG. ADMINISTRATIVO; ESTATUTARIO;4210,34;;4210,34;388,52;3821,82;
DIEGO FERREIRA PINHEIRO;GER.DE APOIO, MANUT.LOGISTICA;ASSESSOR III;NAO INFORMADO; CARGO COMISSION.S/VINCULO;3691,80;;3691,80;379,31;3312,49;
DORIAM PANTOJA COSTA;DISPONIVEL SEAD;AGENTE ADMINISTRATIVO 3A CLASSE;; ESTATUTARIO;1191,67;;1191,67;166,83;1024,84;
EDMILSON BEZERRA ALVES;JUNTA MEDICO-PERICIAL DO EST.;A.TEC-I;; ESTATUTARIO;3400,54;;3400,54;302,11;3098,43;
EDNALDO FONSECA DE MELO;DISPONIVEL SEAD;AUXILIAR DE SERV GERAIS 2A CLASSE;; ESTATUTARIO;1191,67;;1191,67;166,83;1024,84;
EDNILSON GOMES DE OLIVEIRA JUNIOR;COORD.GER.SEC.EX.ADJ.G.R.HUM.;ASSESSOR I;; CARGO COMISSION.S/VINCULO;5729,77;;5729,77;992,73;4737,04;
EDUARDO MOREIRA DOS SANTOS;DEPTO.DE TECNOL.DA INFORMACAO;AUX.S.G-III;AUX. SERVICOS GERAIS; ESTATUTARIO;5115,75;;5115,75;489,13;4626,62;
ELANE ALVES DE ARAUJO;COORD.GER.SEC.EX.ADJ.G.R.HUM.;ASSESSOR I;; CARGO COMISSION.S/VINCULO;7473,03;;7473,03;1541,26;5931,77;
ELCI OLIVEIRA NOBRE;GER.BENEFICIO DOS SERVIDORES;ASSISTENTE TECNICO 1A CLASSE;; ESTATUTARIO;8771,53;;8771,53;1943,46;6828,07;
ELDA SOARES DE MOURA;GERENCIA DE REGISTRO DE DADOS;A.TEC-I;; ESTATUTARIO;3966,50;;3966,50;430,75;3535,75;
ELIAS CARNEIRO DE SOUZA;JUNTA MEDICO-PERICIAL DO EST.;AUXILIAR DE SERVICOS GERAIS;; ESTATUTARIO;3292,64;;3292,64;254,45;3038,19;
ELISA MARIA RIBEIRO BARROSO;SEC.EXE.AD.G.PAT.GAST.PUBLICOS;GERENTE;; CARGO COMISSION.S/VINCULO;7709,79;;7709,79;1432,80;6276,99;
ELIZABETE OLIVEIRA DE ARAUJO;GER.BENEFICIO DOS SERVIDORES;AUXILIAR TECNICO;0; ESTATUTARIO;4296,47;;4296,47;378,47;3918,00;
ELIZABETH DA SILVA ALVES;GERENCIA DE PESSOAL;A.TEC-I;; ESTATUTARIO;4456,53;;4456,53;428,21;4028,32;
ELIZABETH RODRIGUES DIAS;REMANEJADOS EXT.OUVID.GER.EST.;A.TEC-I;; ESTATUTARIO;2574,07;;2574,07;219,73;2354,34;
ELSIMAR FERNANDO SANTIAGO;GABINETE DO SECRETARIO;TECNICO GRAFICO;ASSESSOR II, AD-2; ESTATUTARIO;5365,57;;5365,57;572,66;4792,91;
ELTON JONATHAS DA SILVA LUCAS;NUCLEO DE TRANSPORTE;ASSESSOR II;NAO INFORMADO; CARGO COMISSION.S/VINCULO;4709,79;;4709,79;652,57;4057,22;
EMERSON LINS DE LIMA;JUNTA MEDICO-PERICIAL DO EST.;FISCAL RODOVIARIO;; ESTATUTARIO;4470,05;;4470,05;316,07;4153,98;
EMILIA CONCEICAO FREIRE MORY;DISPONIVEL TCM;TECNICO ADMINISTRATIVO;; ESTATUTARIO;1191,67;;1191,67;166,83;1024,84;
ENA MARA DE AZEDO SANTANA;COORD.GER.SEC.EX.ADJ.G.R.HUM.;A.TEC-I;; ESTATUTARIO;2426,01;;2426,01;244,17;2181,84;
ERLANDIA CARVALHO DA SILVA;COMISSAO DE REGIME DISCIPLINAR;A.TEC-I;FUNCAO GRATIFICADA F; ESTATUTARIO;8251,63;;8251,63;1421,51;6830,12;
ETIANE TEREZA RUAS FARIA;EXTINTO B.CARGOS AGUARD.RELOT.;TECNICO GOVERNAMENTAL;; ESTATUTARIO;1503,50;;1503,50;417,52;1085,98;
EUDENIRA BARBOSA BATISTA BRITO;GER.AUDITORIA DE FOLHA PAGTO.;A.TEC-I;F. GRATIFICADA, FG-3; ESTATUTARIO;7320,18;;7320,18;1165,49;6154,69;
EUGENIA TERESA MONTEIRO REZENDE;ASSESSORIA TEC.ADMINISTRATIVA;TNS-I;ASSESSOR I, AD-1; ESTATUTARIO;9166,56;;9166,56;1837,01;7329,55;
EVANDRO ALVES DE ALMEIDA;DISPONIVEL POLICIA CIVIL;AGENTE DE POLICIA 2A CLASSE;; ESTATUTARIO;1191,67;;1191,67;166,83;1024,84;
EVANDRO FERNANDES SAMPAIO;DISPONIVEL POLICIA CIVIL;AGENTE DE POLICIA 1A CLASSE;; ESTATUTARIO;1191,67;;1191,67;166,83;1024,84;
FABRICIO ROGERIO CYRINO BARBOSA;SEC.EXEC.BENS PAT.GAST.PUBLI.;SEC.EXEC.GEST.PATR.GASTOS PUBLICOS;; CARGO COMISSION.S/VINCULO;12900,00;;12900,00;2723,00;10177,00;
FATIMA MARIA GAVINHO FROTA;SEC.EXE.AD.G.PAT.GAST.PUBLICOS;ASSESSOR I;NAO INFORMADO; CARGO COMISSION.S/VINCULO;5729,77;;5729,77;992,73;4737,04;
FELIPE MACHADO DE AMORIM PRATA;COORD.GER.SEC.EX.ADJ.G.R.HUM.;ASSESSOR II;NAO INFORMADO; CARGO COMISSION.S/VINCULO;4709,79;;4709,79;622,77;4087,02;
FERNANDA ELIS JANAINA M OLIVEIRA;GABINETE DO SECRETARIO;ASSESSOR I;NAO INFORMADO; CARGO COMISSION.S/VINCULO;8729,77;;8729,77;1712,55;7017,22;
FLAVIO ADRIANO ABREU DA SILVA;SEC.EXE.AD.G.PAT.GAST.PUBLICOS;ASSESSOR II;NAO INFORMADO; CARGO COMISSION.S/VINCULO;4709,79;;4709,79;622,77;4087,02;
FLAVIO AUGUSTO CARVALHO MONTENEGRO;SEC.EXE.AD.G.PAT.GAST.PUBLICOS;TNS-I;; ESTATUTARIO;4787,05;;4787,05;671,76;4115,29;
FLAVIO CORDEIRO ANTONY FILHO;SEC.EXEC.BENS PAT.GAST.PUBLI.;MEMBRO;; GRUPO DE TRABALHO;3000,00;;3000,00;95,20;2904,80;
FRANCIMAR CAMARA LIMA;REMANEJADOS EXT.OUVID.GER.EST.;A.TEC-I;; ESTATUTARIO;4398,35;;4398,35;412,04;3986,31;
FRANCISCA CHAGAS CAMPOS NASCIMENTO;DISPONIVEL SEAD;TECNICO DE NIVEL SUPERIOR;; ESTATUTARIO;1191,67;;1191,67;166,83;1024,84;
FRANCISCA DEUZIMAR FERREIRA MENEZES;ASSESSORIA TEC.ADMINISTRATIVA;A.TEC-I;; ESTATUTARIO;5166,85;;5166,85;710,83;4456,02;
FRANCISCA MARLINDA DE O BRITO;GER.BENEFICIO DOS SERVIDORES;A.TEC-I;OP.MAQ.CONT,A; ESTATUTARIO;4430,07;;4430,07;421,48;4008,59;
FRANCISCA ROSANA DA SILVA;NUCLEO DE SERVICOS GERAIS;AUX.S.G-I;; ESTATUTARIO;3294,12;;3294,12;244,04;3050,08;
FRANCISCO CARLOS DOS SANTOS;EXTINTO B.CARGOS AGUARD.RELOT.;A.TEC-I;; ESTATUTARIO;1580,55;;1580,55;221,28;1359,27;
FRANCISCO CARNEIRO PORTELA;PENSIONISTAS ALFREDO DA MATA;PENSIONISTA LEI 1735 DE 14.11.85;; PENSIONISTA POR LEI;998,00;;998,00;;998,00;
FRANCISCO CHAGAS DE OLIVEIRA FILHO;NUCLEO DE TRANSPORTE;MOT-I;; ESTATUTARIO;3728,64;;3728,64;319,79;3408,85;
FRANCISCO DAS CHAGAS NERES;DISPONIVEL SEAD;MECANICO DE MANUTENCAO DE AERONAVE;; ESTATUTARIO;1191,67;;1191,67;166,83;1024,84;
FRANCISCO DE ASSIS SOUZA NASCIMENTO;NUCLEO DE SERVICOS GERAIS;AUX.O-I;; ESTATUTARIO;3149,63;;3149,63;239,24;2910,39;
FRANCISCO DE ASSIS SOUZA TAVARES;NUCLEO DE SERVICOS GERAIS;AUX.O-I;; ESTATUTARIO;3586,06;;3586,06;344,53;3241,53;
FRANCISCO DE PAULA XAVIER LEITE;DISPONIVEL TCM;PROCURADOR DE CONTAS B;; ESTATUTARIO;33010,36;;33010,36;10979,49;22030,87;
FRANCISCO ELNO BEZERRA HERCULANO;DISPONIVEL SEAD;TECNICO 2A CLASSE;; ESTATUTARIO;1191,67;;1191,67;166,83;1024,84;
FRANCISCO PEDROSA DE ARAUJO;NUCLEO DE SERVICOS GERAIS;AUX.S.G-I;; ESTATUTARIO;3753,54;;3753,54;295,70;3457,84;
FRANCISCO PESSOA FERREIRA FILHO;DISPONIVEL SEAD;AGENTE ADMINISTRATIVO 3A CLASSE;; ESTATUTARIO;1191,67;;1191,67;166,83;1024,84;
FRANKLIN ROLIM ODA;COORD.DE BENS PATRIMONIAIS;AGENTE ADMINISTRATIVO;ASSESSOR III; ESTATUTARIO;4240,44;;4240,44;294,38;3946,06;
FRANZ LISZT SOUTO DA CUNHA;GRUP.INT.PREV.INVAS.AREAS PUB.;A.TEC-I;; ESTATUTARIO;3340,04;;3340,04;334,01;3006,03;
GABRIEL SOARES RETONDANO;ASSESSORIA DE COMUNICACAO;ASSESSOR I;NAO INFORMADO; CARGO COMISSION.S/VINCULO;10473,03;;10473,03;2418,40;8054,63;
GABRIELA ALVES ALBUQUERQUE;CONSULTORIA TEC-ADMINISTRATIVA;ASSESSOR I;NAO INFORMADO; CARGO COMISSION.S/VINCULO;5229,77;;5229,77;992,73;4237,04;
GABRIELLA GOMES SOARES;COORD.DE BENS PATRIMONIAIS;CHEFE DE DEPARTAMENTO;NAO INFORMADO; CARGO COMISSION.S/VINCULO;8729,77;;8729,77;1816,82;6912,95;
GABRIELLE MARIE BELMONT MADEIRA;CONSULTORIA TEC-ADMINISTRATIVA;ASSESSOR II;NAO INFORMADO; CARGO COMISSION.S/VINCULO;4709,79;;4709,79;652,57;4057,22;
GERALDINA PEREIRA PONTES GOES;JUNTA MEDICO-PERICIAL DO EST.;AUX.S.G-I;; ESTATUTARIO;3066,46;;3066,46;220,83;2845,63;
GETRO MENEZES;NUCLEO DE VIGILANCIA;VIGIA-II;; ESTATUTARIO;3020,15;;3020,15;203,73;2816,42;
GLAURA JANNE MOTA DE V DIAS;JUNTA MEDICO-PERICIAL DO EST.;MEDICO ESPECIALISTA;PRESID. JUNTA MEDICA; ESTATUTARIO;2000,00;;2000,00;;2000,00;
GRAZIELA DE OLIVEIRA REIS;SEC.EXEC.DE ADMINIST.E GESTAO;ASSESSOR II;NAO INFORMADO; CARGO COMISSION.S/VINCULO;4709,79;;4709,79;652,57;4057,22;
GRAZIELA NOGUEIRA AIRES DO VALE;CONSULTORIA TEC-ADMINISTRATIVA;ASSESSOR I;NAO INFORMADO; CARGO COMISSION.S/VINCULO;5729,77;;5729,77;992,73;4737,04;
GUILHERME FREDERICO DA S GOMES;CONSULTORIA TEC-ADMINISTRATIVA;C.TEC-U;; ESTATUTARIO;46211,54;5284,61;40926,93;13847,46;27079,47;
GUSTAVO MAIA ROCHA DA SILVA;COORD.DE BENS PATRIMONIAIS;ASSESSOR III;NAO INFORMADO; CARGO COMISSION.S/VINCULO;3691,80;;3691,80;379,31;3312,49;
HAMILTON DOS SANTOS OLIVEIRA;GERENCIA DE PESSOAL;A.TEC-I;; ESTATUTARIO;3639,56;;3639,56;244,23;3395,33;
HEBER PINHEIRO MARTINS;GER.DE APOIO, MANUT.LOGISTICA;ASSESSOR II;; CARGO COMISSION.S/VINCULO;4709,79;;4709,79;622,77;4087,02;
HELADIA MARIA ARAUJO DOS SANTOS;JUNTA MEDICO-PERICIAL DO EST.;TELEFONISTA;; ESTATUTARIO;3459,44;;3459,44;227,45;3231,99;
HELDER CAMARA CARDOSO DOS SANTOS;GERENCIA DE REGISTRO DE DADOS;A.TEC-I;; ESTATUTARIO;4215,26;;4215,26;389,85;3825,41;
HELENO RODRIGUES DOS SANTOS;NUCLEO DE SERVICOS GERAIS;A.TEC-I;; ESTATUTARIO;3940,04;;3940,04;424,01;3516,03;
HELIANA CUNHA MOTTA DE OLIVEIRA;COMISSAO DE REGIME DISCIPLINAR;A.TEC-I;; ESTATUTARIO;4435,68;;4435,68;422,91;4012,77;
HENRIQUE MARTINS DE AZEVEDO SILVA;COORD.DE BENS PATRIMONIAIS;GERENTE;NAO INFORMADO; CARGO COMISSION.S/VINCULO;6113,05;;6113,05;1083,99;5029,06;
HILDA BALBI CASTRO;PESSOAL PROC.DE APOSENTADORIA;TECNICO;; ESTATUTARIO;2785,08;;2785,08;426,75;2358,33;
HIRAIRTON GONCALVES COSTA;NUCLEO DE SERVICOS GERAIS;AUX.S.G-III;AUX. SERVICOS GERAIS; ESTATUTARIO;3361,81;;3361,81;221,70;3140,11;
HITALLA FERNANDES DOS SANTOS;SEC.EXEC.BENS PAT.GAST.PUBLI.;ASSESSOR II;NAO INFORMADO; CARGO COMISSION.S/VINCULO;7709,79;;7709,79;1432,80;6276,99;
HUDSON DE ANDRADE FERNANDES;GERENCIA DE REGISTRO DE DADOS;A.TEC-I;FUNCAO GRATIFICADA F; ESTATUTARIO;6615,26;;6615,26;609,76;6005,50;
HUMBERTO DE MELO HORTA;PESSOAL PROC.DE APOSENTADORIA;A.TEC-I;; ESTATUTARIO;1692,51;;1692,51;236,95;1455,56;
IDUCEIDES DE SOUZA CARNEIRO;GERENCIA DE PESSOAL;A.TEC-I;ASSISTENTE TÉCNICO; ESTATUTARIO;7855,29;;7855,29;1617,61;6237,68;
IGOR FRANCISCO TORRES A GONÇALVES;GABINETE DO SECRETARIO APOIO;ASSESSOR I;NAO INFORMADO; CARGO COMISSION.S/VINCULO;5729,77;;5729,77;992,73;4737,04;
ILEANA FERNANDES LIMA;DISPONIVEL TCM;TECNICO DE CONTAS A;; ESTATUTARIO;1191,67;;1191,67;166,83;1024,84;
INES CAROLINA BARBOSA F S CABRAL;GABINETE DO SECRETARIO;SECRETARIO DE ESTADO;NAO INFORMADO; CARGO COMISSION.S/VINCULO;37913,33;;37913,33;9964,48;27948,85;
IRIA SAFIRA CORDEIRO OLIVEIRA;GERENCIA DE PESSOAL;ASSESSOR II;NAO INFORMADO; CARGO COMISSION.S/VINCULO;4709,79;;4709,79;652,57;4057,22;
IRIS KAROLINNE RODRIGUES CORDEIRO;NUCLEO DE PROTOCOLO;ASSESSOR III;NAO INFORMADO; CARGO COMISSION.S/VINCULO;3691,80;;3691,80;379,31;3312,49;
ISABEL CRISTINA FONSECA;GER.DE APOIO, MANUT.LOGISTICA;A.TEC-I;; ESTATUTARIO;4184,48;;4184,48;378,47;3806,01;
ISAIAS DE LIMA SOARES;COORD.DE BENS PATRIMONIAIS;VIGIA-III;; ESTATUTARIO;3381,67;;3381,67;160,82;3220,85;
IVALDO DA SILVA MARQUES;PENSIONISTAS ALFREDO DA MATA;PENSIONISTA LEI 1735 DE 14.11.85;; PENSIONISTA POR LEI;998,00;;998,00;;998,00;
IVAN DE SOUZA NASCIMENTO;NUCLEO DE TRANSPORTE;AUX.O-I;; ESTATUTARIO;3717,41;;3717,41;334,90;3382,51;
IVANETE ALVES VIANA;PENSIONISTAS ALFREDO DA MATA;PENSIONISTA LEI 1735 DE 14.11.85;; PENSIONISTA POR LEI;998,00;;998,00;;998,00;
IVONE DA SILVA FONSECA;GABINETE DO SECRETARIO APOIO;A.TEC-I;; ESTATUTARIO;4210,34;;4210,34;388,52;3821,82;
IZAIAS SANTOS DA SILVA;JUNTA MEDICO-PERICIAL DO EST.;VIGIA-II;VIGIA; ESTATUTARIO;2718,15;;2718,15;185,85;2532,30;
JAKSON VEIGA FROTA;JUNTA MEDICO-PERICIAL DO EST.;VIGIA-III;; ESTATUTARIO;2985,67;;2985,67;131,12;2854,55;
JANAINA GOMES DE SOUZA;ASSESSORIA DE COMUNICACAO;ASSESSOR I;ASSESSOR I; CARGO COMISSION.S/VINCULO;7473,03;;7473,03;1593,40;5879,63;
JANAINA MARIA ALBUQUERQUE FOGASSA;CONSULTORIA TEC-ADMINISTRATIVA;ASSESSOR II;NAO INFORMADO; CARGO COMISSION.S/VINCULO;4709,79;;4709,79;652,57;4057,22;
JANEIDE DE SOUZA GUEDES;GERENCIA DE PESSOAL;A.TEC-I;; ESTATUTARIO;4440,04;;4440,04;424,01;4016,03;
JERSEY QUINTELA DE ALENCAR;DISPONIVEL SEAD;TECNICO 1A CLASSE;; ESTATUTARIO;1191,67;;1191,67;166,83;1024,84;
JERUZA COLARES DA SILVA;NUCLEO DE SERVICOS GERAIS;AUX.S.G-II;AUX. SERVICOS GERAIS; ESTATUTARIO;2999,27;;2999,27;187,94;2811,33;
JOAO ALFREDO MONTEIRO DA COSTA;DISPONIVEL POLICIA CIVIL;AGENTE DE POLICIA 2A CLASSE;; ESTATUTARIO;1191,67;;1191,67;166,83;1024,84;
JOAO DAS CHAGAS DANTAS;REMANEJADOS EXT.OUVID.GER.EST.;A.TEC-I;; ESTATUTARIO;4450,01;;4450,01;426,55;4023,46;
JOAO GOMES VILELA;PESSOAL PROC.DE APOSENTADORIA;ENG-I;; ESTATUTARIO;5568,24;;5568,24;1187,00;4381,24;
JOAO PEDRO DA SILVA BEZERRA;PENSIONISTAS ALFREDO DA MATA;PENSIONISTA LEI 1735 DE 14.11.85;; PENSIONISTA POR LEI;998,00;;998,00;;998,00;
JOAO SALES BASTOS ATHAN;DISPONIVEL POLICIA CIVIL;AGENTE DE POLICIA 1A CLASSE;; ESTATUTARIO;1191,67;;1191,67;166,83;1024,84;
JOAO SILVA DA SILVA DE AQUINO;DISPONIVEL SEAD;TECNICO 2A CLASSE;; ESTATUTARIO;1191,67;;1191,67;166,83;1024,84;
JOAO SOUZA DA SILVA;EXTINTO B.CARGOS AGUARD.RELOT.;AUXILIAR DE SERVICOS GERAIS;; ESTATUTARIO;1100,00;;1100,00;224,21;875,79;
JOE VIANA COUTO;DISPONIVEL POLICIA CIVIL;AGENTE DE POLICIA 1A CLASSE;; ESTATUTARIO;14250,96;;14250,96;4132,59;10118,37;
JOEL DO NASCIMENTO DIAS;NUCLEO DE SERVICOS GERAIS;AUX.S.G-I;; ESTATUTARIO;4481,41;;4481,41;346,96;4134,45;
JOHN GUIMARAES BICHARRA;COORD.GER.SEC.EX.ADJ.G.R.HUM.;TNS-I;F. GRATIFICADA, FG-1; ESTATUTARIO;8080,18;;8080,18;1306,53;6773,65;
JONAS MANOEL PEREIRA SA;NUCLEO DE VIGILANCIA;MARINHEIRO FLUVIAL DE MAQUINA;; ESTATUTARIO;3057,55;;3057,55;262,55;2795,00;
JORGE BOTELHO RUFINO;NUCLEO DE VIGILANCIA;A.TEC-I;; ESTATUTARIO;2738,92;;2738,92;276,25;2462,67;
JORGE LUIS BARROSO DE OLIVEIRA;DISPONIVEL SEAD;TECNICO 1A CLASSE;; ESTATUTARIO;1191,67;;1191,67;166,83;1024,84;
JOSE ALBERTO REGIS BATISTA;COORD.DE BENS PATRIMONIAIS;ASSESSOR III;ASSESSOR III AD-3; CARGO COMISSION.S/VINCULO;3691,80;;3691,80;379,31;3312,49;
JOSE ANTONIO PEREIRA DO VAL;NUCLEO DE RECEPCAO;MARINHEIRO FLUVIAL DE CONVES;; ESTATUTARIO;4103,48;;4103,48;282,17;3821,31;
JOSE ARMANDO OLIVEIRA DA SILVA;PENSIONISTAS DE URUCURITUBA;PENSIONISTA LEI 1735 DE 14.11.85;; PENSIONISTA POR LEI;998,00;;998,00;;998,00;
JOSE BEZERRA DE ARAUJO;EXTINTO B.CARGOS AGUARD.RELOT.;A.OPE-II;; ESTATUTARIO;1100,00;;1100,00;242,60;857,40;
JOSE CAVALCANTE LINS;PESSOAL PROC.DE APOSENTADORIA;A.TEC-I;; ESTATUTARIO;1100,00;;1100,00;246,20;853,80;
JOSE GOMES CORDEIRO;NUCLEO DE VIGILANCIA;AUX.S.G-II;; ESTATUTARIO;2718,15;;2718,15;185,85;2532,30;
JOSE MARIA ROCHA DE OLIVEIRA;COMISSAO DE REGIME DISCIPLINAR;A.TEC-I;; ESTATUTARIO;4459,98;;4459,98;400,65;4059,33;
JOSE RIBAMAR GOMES DE AQUINO;DISPONIVEL TCM;ANALISTA DE FINAN.E CONTR.EXTERNO A;; ESTATUTARIO;1191,67;;1191,67;166,83;1024,84;
JOSE RIBAMAR SIQUERA MARREIROS;PENSIONISTAS ALFREDO DA MATA;PENSIONISTA LEI 1735 DE 14.11.85;; PENSIONISTA POR LEI;998,00;;998,00;;998,00;
JOSE ROBERTO SARAIVA DOS SANTOS;NUCLEO DE VIGILANCIA;AUX.O-I;; ESTATUTARIO;3224,39;;3224,39;297,46;2926,93;
JOSE VIRGILIO BATISTA DE OLIVEIRA;COMISSAO DE REGIME DISCIPLINAR;TNS-I;; ESTATUTARIO;5680,18;;5680,18;917,92;4762,26;
JOZIEDE DA SILVA PINHEIRO;PENSIONISTAS ALFREDO DA MATA;PENSIONISTA LEI 1735 DE 14.11.85;; PENSIONISTA POR LEI;998,00;;998,00;;998,00;
JUDITE GUIMARAES DE BARROS;GERENCIA DE REGISTRO DE DADOS;A.TEC-I;; ESTATUTARIO;4430,07;;4430,07;421,48;4008,59;
JUSSI SOARES CALOBA;DISPONIVEL TCM;AUDITOR;; ESTATUTARIO;5851,58;;5851,58;860,81;4990,77;
KATIA DESSIMONI VICTORIA;ESC.GEST.E APERF.DO SERV.PUBL.;AUX.ADM-I;GERENTE, AD-2; ESTATUTARIO;6832,19;;6832,19;907,82;5924,37;
KATIO TRAVESSA DA SILVA;GABINETE DO SECRETARIO APOIO;ASSESSOR III;NAO INFORMADO; CARGO COMISSION.S/VINCULO;3691,80;;3691,80;379,31;3312,49;
KELMA MARTINS DA SILVA;RELOTADOS DA SEC/AMAZONASTUR;ASSISTENTE TECNICO I;ASSIST. TECNICO I; ESTATUTARIO;3934,00;;3934,00;295,12;3638,88;
KEYDMA MARIA FERREIRA PONCE DE LEAO;CONSULTORIA TEC-ADMINISTRATIVA;ASSESSOR I;NAO INFORMADO; CARGO COMISSION.S/VINCULO;5729,77;;5729,77;992,73;4737,04;
LARISSA FREIRE DE SOUSA;GABINETE DO SECRETARIO APOIO;ASSESSOR II;NAO INFORMADO; CARGO COMISSION.S/VINCULO;4709,79;;4709,79;652,57;4057,22;
LARISSA ROSAS NOGUEIRA CHAGAS;CONSULTORIA TEC-ADMINISTRATIVA;ASSESSOR II;NAO INFORMADO; CARGO COMISSION.S/VINCULO;4709,79;;4709,79;622,77;4087,02;
LEANDRO SILVIO LIRA DOS SANTOS;COORD.GER.SEC.EX.ADJ.G.R.HUM.;AGENTE ADM.-AGA-T.S.N.A.-E;ASSESSOR IV; ESTATUTARIO;3640,44;;3640,44;273,41;3367,03;
LENITA BENTES MAGALHAES;JUNTA MEDICO-PERICIAL DO EST.;A.TEC-I;; ESTATUTARIO;5705,51;;5705,51;671,98;5033,53;
LEONARDO LIMA DE ABREU;GER.DE APOIO, MANUT.LOGISTICA;GERENTE;NAO INFORMADO; CARGO COMISSION.S/VINCULO;4709,79;;4709,79;652,57;4057,22;
LEONETE CONCEICAO ARAUJO DA SILVA;GERENCIA DE REGISTRO DE DADOS;ASSISTENTE TECNICO II;; ESTATUTARIO;4536,94;;4536,94;439,64;4097,30;
LUAN MAGNO DE QUEIROZ;PENSIONISTAS ALFREDO DA MATA;PENSIONISTA LEI 1735 DE 14.11.85;; PENSIONISTA POR LEI;998,00;;998,00;;998,00;
LUANA LOPES VIANA;SEC.EXE.AD.G.PAT.GAST.PUBLICOS;GERENTE;; CARGO COMISSION.S/VINCULO;4709,79;;4709,79;622,77;4087,02;
LUCIA JESUS DA CONCEICAO;PENSIONISTAS ALFREDO DA MATA;PENSIONISTA LEI 1735 DE 14.11.85;; PENSIONISTA POR LEI;998,00;;998,00;;998,00;
LUCIANA DE CASTRO SANTORO;SEC.EXEC.DE ADMINIST.E GESTAO;TEC. DE NIVEL SUPERIOR 1A CLASSE;ASSESSOR II; ESTATUTARIO;6322,23;;6322,23;1046,68;5275,55;
LUCILENE MARQUES RIBEIRO CANTE;EXTINTO B.CARGOS AGUARD.RELOT.;A.TEC-II;; ESTATUTARIO;1100,00;;1100,00;241,72;858,28;
LUIZ CARLOS BENTO DE SANTANA;NUCLEO DE PROTOCOLO;A.TEC-I;; ESTATUTARIO;2328,26;;2328,26;213,34;2114,92;
LUIZ CARLOS MARQUES CARNEIRO;NUCLEO DE PROTOCOLO;A.TEC-I;; ESTATUTARIO;4450,01;;4450,01;426,55;4023,46;
LUIZ CLAUDIO DOS SANTOS P SOUZA;NUCLEO DE ARQ.ADMINISTRATIVO;A.TEC-II;; ESTATUTARIO;4533,33;;4533,33;363,88;4169,45;
LUIZ FERREIRA FONTENELE;NUCLEO DE VIGILANCIA;VIGIA-I;; ESTATUTARIO;3060,99;;3060,99;233,33;2827,66;
LUIZ ROBERTO DE MELO FONSECA;CONSULTORIA TEC-ADMINISTRATIVA;C.TEC-U;; ESTATUTARIO;51441,39;;51441,39;18446,17;32995,22;
LUIZ RODRIGUES DE QUEIROZ;PESSOAL PROC.DE APOSENTADORIA;MOTORISTA 2A CLASSE;; ESTATUTARIO;1548,97;;1548,97;216,64;1332,33;
LUZIA NUNES DE OLIVEIRA;NUCLEO DE RECEPCAO;A.TEC-I;; ESTATUTARIO;3365,59;;3365,59;312,08;3053,51;
MAELY AUGUSTA D ANGELO FARIAS;SEC.EXEC.BENS PAT.GAST.PUBLI.;MEMBRO;; GRUPO DE TRABALHO;3000,00;;3000,00;95,20;2904,80;
MALENE MARIA DE CASTRO PERDIGAO;GERENCIA DE REGISTRO DE DADOS;GERENTE;NAO INFORMADO; CARGO COMISSION.S/VINCULO;4709,79;;4709,79;652,57;4057,22;
MANUEL BRAZ DA SILVA;NUCLEO DE ARQ.ADMINISTRATIVO;A.TEC-I;; ESTATUTARIO;5678,78;;5678,78;714,33;4964,45;
MANUEL BULCAO FILHO;GABINETE DO SECRETARIO;ASSESSOR III;NAO INFORMADO; CARGO COMISSION.S/VINCULO;4755,73;;4755,73;667,90;4087,83;
MANUEL FERNANDES DA SILVA;NUCLEO DE SERVICOS GERAIS;TRABALHADOR DE CAMPO 1A CLASSE;; ESTATUTARIO;2754,08;;2754,08;121,89;2632,19;
MARCELO ARAUJO SILVA;ARQUIVO PUB.EST.DO AMAZONAS;CHEFE DE ARQ.PUB.DO EST.DO AMAZONAS;NAO INFORMADO; CARGO COMISSION.S/VINCULO;8729,77;;8729,77;1816,82;6912,95;
MARCIA AUGUSTA DE SOUZA;DEPTO.DE ADMINIST.E FINANCAS;A.TEC-II;DIR.DEPTO.ADMINISTR.; ESTATUTARIO;12640,61;;12640,61;2617,71;10022,90;
MARCIA MACEDO MAIA;GABINETE DO SECRETARIO APOIO;ASSESSOR III;NAO INFORMADO; CARGO COMISSION.S/VINCULO;3691,80;;3691,80;379,31;3312,49;
MARCINEIDE REIS CAMPOS;NUCLEO DE PROTOCOLO;A.TEC-I;; ESTATUTARIO;3249,13;;3249,13;251,16;2997,97;
MARCO AURELIO MARTINS DA SILVA;COMISSAO DE REGIME DISCIPLINAR;MEMBRO COMISSAO REGIME DISCIPLINAR;; CONSELHO;700,00;;700,00;;700,00;
MARCOS ANTONIO NASCIMENTO SILVA;EXTINTO B.CARGOS AGUARD.RELOT.;ENGENHEIRO AGRONOMO;; ESTATUTARIO;4478,80;;4478,80;784,95;3693,85;
MARCUS VINICIUS SANTOS DE P NUNES;GER.DE VALORIZACAO DO SERVIDOR;ASSESSOR I;NAO INFORMADO; CARGO COMISSION.S/VINCULO;5729,77;;5729,77;907,42;4822,35;
MARGARIDA VINHOTE FRANCA;GABINETE DO SECRETARIO APOIO;ENCADERNADOR;; ESTATUTARIO;4292,75;;4292,75;317,12;3975,63;
MARIA ALBERTIZA DA COSTA FERNANDES;GERENCIA DE PESSOAL;A.TEC-I;; ESTATUTARIO;4435,68;;4435,68;422,91;4012,77;
MARIA APARECIDA R CAVALCANTE;CONSULTORIA TEC-ADMINISTRATIVA;A.TEC-I;; ESTATUTARIO;5679,74;;5679,74;715,26;4964,48;
MARIA AUREA MOURA DE OLIVEIRA;GER.AUDITORIA DE FOLHA PAGTO.;A.TEC-I;F. GRATIFICADA, FG-3; ESTATUTARIO;5680,04;;5680,04;715,34;4964,70;
MARIA AUXILIADORA DA C S PORTILIO;CONSULTORIA TEC-ADMINISTRATIVA;A.TEC-I;ASSESSOR I, AD-1; ESTATUTARIO;8605,07;;8605,07;1467,59;7137,48;
MARIA AUXILIADORA SILVA DE OLIVEIRA;NUCLEO DE ARQ.ADMINISTRATIVO;AGENTE ADMINISTRATIVO 1A CLASSE;; ESTATUTARIO;3773,76;;3773,76;308,13;3465,63;
MARIA D ASSUNCAO DA COSTA PINHEIRO;DISPONIVEL TCM;CONSULTOR TECNICO B;; ESTATUTARIO;1181,67;;1181,67;148,63;1033,04;
MARIA DA CONCEICAO RIBEIRO DUARTE;COMISSAO DE REGIME DISCIPLINAR;ASSISTENTE TECNICO GOVERNAMENTAL;; ESTATUTARIO;2779,54;;2779,54;203,02;2576,52;
MARIA DA CONCEICAO SOUZA;JUNTA MEDICO-PERICIAL DO EST.;A.TEC-I;; ESTATUTARIO;4450,01;;4450,01;426,55;4023,46;
MARIA DA PAZ ALVES DA SILVA AMORIM;PESSOAL PROC.DE APOSENTADORIA;A.TEC-I;; ESTATUTARIO;3150,01;;3150,01;287,62;2862,39;
MARIA DA PENHA SAID LOPES;ARQUIVO PUB.EST.DO AMAZONAS;CHEFE DE DEPARTAMENTO;; CARGO COMISSION.S/VINCULO;5729,77;;5729,77;992,73;4737,04;
MARIA DAS DORES MARTINS SOARES;PENSIONISTAS ALFREDO DA MATA;PENSIONISTA LEI 1735 DE 14.11.85;; PENSIONISTA POR LEI;998,00;;998,00;;998,00;
MARIA DAS GRACAS DE SOUZA TORRES;DEPTO.DE ADMINIST.E FINANCAS;A.TEC-I;; ESTATUTARIO;4430,07;;4430,07;421,48;4008,59;
MARIA DAS GRACAS ROCHA DE SOUZA;SEC.EXE.AD.G.PAT.GAST.PUBLICOS;A.TEC-I;ASSISTENTE TECNICO; ESTATUTARIO;4450,01;;4450,01;426,55;4023,46;
MARIA DE FATIMA DA SILVA MELO;GER.AUDITORIA DE FOLHA PAGTO.;A.TEC-I;F. GRATIFICADA, FG-3; ESTATUTARIO;5788,22;;5788,22;754,72;5033,50;
MARIA DE FATIMA DE SOUZA ALENCAR;GER.DE VALORIZACAO DO SERVIDOR;A.TEC-I;GERENTE, AD-2; ESTATUTARIO;5634,04;;5634,04;702,69;4931,35;
MARIA DE LOURDES OLIVEIRA XAVIER;PESSOAL PROC.DE APOSENTADORIA;A.TEC-I;; ESTATUTARIO;1578,23;;1578,23;220,95;1357,28;
MARIA DE NAZARÉ JATOBÁ DO LAGO;GER.AUDITORIA DE FOLHA PAGTO.;ASSESSOR II;; CARGO COMISSION.S/VINCULO;6113,05;;6113,05;1136,13;4976,92;
MARIA DO PERPETUO SOCORRO L BARROS;JUNTA MEDICO-PERICIAL DO EST.;AUXILIAR DE SERV GERAIS 3A CLASSE;; ESTATUTARIO;3370,55;;3370,55;223,50;3147,05;
MARIA DO PERPETUO SOCORRO S GUERRA;GERENCIA DE PESSOAL;A.TEC-I;; ESTATUTARIO;3950,01;;3950,01;426,55;3523,46;
MARIA DO SOCORRO DA COSTA OLIVEIRA;GER.DE VALORIZACAO DO SERVIDOR;ASSISTENTE TECNICO 1A CLASSE;; ESTATUTARIO;4286,24;;4286,24;367,57;3918,67;
MARIA DO SOCORRO LAMONGI DE SOUZA;CONSULTORIA TEC-ADMINISTRATIVA;C.TEC-U;; ESTATUTARIO;53209,87;462,20;52747,67;17098,16;35649,51;
MARIA DOLORES SILVA DE ARAUJO;SEC.EXE.AD.G.PAT.GAST.PUBLICOS;A.TEC-I;F. GRATIFICADA, FG-1; ESTATUTARIO;5547,65;;5547,65;679,43;4868,22;
MARIA DOS ANJOS MARQUES LEITE;DISPONIVEL SEAD;TECNICO 3A CLASSE;; ESTATUTARIO;1191,67;;1191,67;166,83;1024,84;
MARIA DULCILENE FROTA DA SILVA;GER.BENEFICIO DOS SERVIDORES;ASSISTENTE TECNICO GOVERNAMENTAL;; ESTATUTARIO;2978,53;;2978,53;219,07;2759,46;
MARIA FERREIRA DE SOUZA;GERENCIA DE REGISTRO DE DADOS;A.TEC-I;; ESTATUTARIO;5674,10;;5674,10;713,32;4960,78;
MARIA GORETH DOS SANTOS VIEIRA;SEC.EXEC.BENS PAT.GAST.PUBLI.;MEMBRO;; GRUPO DE TRABALHO;3000,00;;3000,00;95,20;2904,80;
MARIA HELENA JUREMA CAMPOS;GERENCIA DE PESSOAL;A.TEC-I;; ESTATUTARIO;7879,44;;7879,44;1621,26;6258,18;
MARIA IZABEL OLIVEIRA MOINHO;GER.BENEFICIO DOS SERVIDORES;A.TEC-I;; ESTATUTARIO;4450,01;;4450,01;398,12;4051,89;
MARIA JOSE BRANDAO MOTA;GER.BENEFICIO DOS SERVIDORES;AGENTE ADMINISTRATIVO 3A CLASSE;; ESTATUTARIO;4103,77;;4103,77;349,56;3754,21;
MARIA JOSE LIMA COSTA;NUCLEO DE RECEPCAO;AUXILIAR DE SERV GERAIS 2A CLASSE;; ESTATUTARIO;2870,55;;2870,55;223,50;2647,05;
MARIA JULIA DE OLIVEIRA BRAGA DA RO;DISPONIVEL TCM;CONSULTOR TECNICO B;; ESTATUTARIO;1191,67;;1191,67;166,83;1024,84;
MARIA LIANA RABELO BARBOSA;PENSIONISTAS ALFREDO DA MATA;PENSIONISTA LEI 1735 DE 14.11.85;; PENSIONISTA POR LEI;998,00;;998,00;;998,00;
MARIA LINDINALVA DE LIRA BARBOSA;DISPONIVEL TCM;ASSISTENTE TECNICO ADMINISTRATIVO B;; ESTATUTARIO;1188,25;;1188,25;160,63;1027,62;
MARIA MITZI DINELLI MAGNANI;GERENCIA DE PESSOAL;ASSISTENTE TECNICO ADMINISTRATIVO B;; ESTATUTARIO;4201,06;;4201,06;293,79;3907,27;
MARIA NILMA DE SOUSA SILVA;GER.DE PLANEJ.ORC.E FINANCAS;A.TEC-II;GERENTE, AD-2; ESTATUTARIO;5335,46;;5335,46;610,48;4724,98;
MARIA RITA GARCEZ VIEIRA FREDERICO;SEC.EXEC.DE ADMINIST.E GESTAO;A.TEC-I;; ESTATUTARIO;3940,04;;3940,04;424,01;3516,03;
MARIA SEBASTIANA DE OLIVEIRA BRITO;COMISSAO DE REGIME DISCIPLINAR;A.TEC-I;; ESTATUTARIO;4459,98;;4459,98;429,09;4030,89;
MARIA VALDA BARROSO;NUCLEO DE SERVICOS GERAIS;AUX.S.G-I;; ESTATUTARIO;3081,31;;3081,31;211,12;2870,19;
MARIA VALDECIRA AIRES DA SILVA;ARQUIVO PUB.EST.DO AMAZONAS;AUX.ADM-I;; ESTATUTARIO;3696,58;;3696,58;295,98;3400,60;
MARIA VALDENIZIA DA COSTA VAZ;GABINETE DO SECRETARIO APOIO;AUX.ADM-I;; ESTATUTARIO;5269,75;;5269,75;548,66;4721,09;
MARIA WALDELICE DE AZEVEDO FREITAS;GERENCIA DE PESSOAL;A.TEC-I;; ESTATUTARIO;3413,18;;3413,18;258,11;3155,07;
MARIA ZENIRA VIEIRA DE OLIVEIRA;CONSULTORIA TEC-ADMINISTRATIVA;AUX.S.G-I;; ESTATUTARIO;5489,61;;5489,61;641,73;4847,88;
MARILENE NOBRE CAVALCANTE DE SOUSA;DISPONIVEL TCM;AUDITOR;; ESTATUTARIO;9102,46;;9102,46;2392,13;6710,33;
MARINDIA GUERRO DUTRA FEITOZA;JUNTA MEDICO-PERICIAL DO EST.;MEDICO GENERALISTA;PERITO; ESTATUTARIO;1250,00;;1250,00;;1250,00;
MARIO JORGE MARTINS DE PAULA;PESSOAL PROC.DE APOSENTADORIA;TECNICO EM PLANEJAMENTO 1A CLASSE;; ESTATUTARIO;1100,00;;1100,00;154,00;946,00;
MARIO JORGE QUADROS DE MACEDO;JUNTA MEDICO-PERICIAL DO EST.;PERITO;; CONSELHO;1250,00;;1250,00;;1250,00;
MARIO PORTO DE AGUIAR;DISPONIVEL POLICIA CIVIL;AGENTE DE POLICIA 1A CLASSE;; ESTATUTARIO;12887,24;;12887,24;3435,42;9451,82;
MARLUCIA FERNANDES DA SILVA;COORD.GER.SEC.EX.ADJ.G.R.HUM.;AUX.O-I;; ESTATUTARIO;4266,00;;4266,00;370,49;3895,51;
MARTINHO GARCIA DOS SANTOS;PENSIONISTAS ALFREDO DA MATA;PENSIONISTA LEI 1735 DE 14.11.85;; PENSIONISTA POR LEI;998,00;;998,00;;998,00;
MIGUEL RAIMUNDO COSTA DE ANDRADE;PENSIONISTAS ALFREDO DA MATA;PENSIONISTA LEI 1735 DE 14.11.85;; PENSIONISTA POR LEI;998,00;;998,00;;998,00;
MIGUEL RODRIGUES DA FONSECA;NUCLEO DE VIGILANCIA;MARINHEIRO FLUVIAL DE CONVES;; ESTATUTARIO;3097,43;;3097,43;288,04;2809,39;
MIRIAN DA CRUZ PINHEIRO;NUCLEO DE PROTOCOLO;AUX.S.G-I;; ESTATUTARIO;4291,00;;4291,00;376,85;3914,15;
MONICA BASTOS CASTRO;CONSULTORIA TEC-ADMINISTRATIVA;ASSESSOR I;NAO INFORMADO; CARGO COMISSION.S/VINCULO;5729,77;;5729,77;992,73;4737,04;
MONIQUE DA SILVA TAPAJOS;DISPONIVEL TCM;PROCURADOR DE CONTAS A;; ESTATUTARIO;9581,54;;9581,54;2563,78;7017,76;
NAIME SA TAMER;JUNTA MEDICO-PERICIAL DO EST.;AGENTE ADMINISTRATIVO 2A CLASSE;; ESTATUTARIO;4254,69;;4254,69;390,16;3864,53;
NAIRO AGUIAR CORDEIRO;COMISSAO DE REGIME DISCIPLINAR;MEMBRO COMISSAO REGIME DISCIPLINAR;; CONSELHO;700,00;;700,00;;700,00;
NATASHA LIMA DA SILVA NEVES ABREU;JUNTA MEDICO-PERICIAL DO EST.;PERITO;; CONSELHO;1250,00;;1250,00;;1250,00;
NEUZA NASCIMENTO FERREIRA;ARQUIVO PUB.EST.DO AMAZONAS;A.TEC-I;; ESTATUTARIO;4439,09;;4439,09;423,09;4016,00;
NEY GEORGE BELTRAO DA COSTA;NUCLEO DE VIGILANCIA;MARINHEIRO FLUVIAL DE CONVES;; ESTATUTARIO;3043,66;;3043,66;284,96;2758,70;
NILZETE NEVES RODRIGUES;GER.BENEFICIO DOS SERVIDORES;A.TEC-I;; ESTATUTARIO;4436,59;;4436,59;423,14;4013,45;
NORMA DA SILVA JATOBA;JUNTA MEDICO-PERICIAL DO EST.;PERITO;PERITO; ESTATUTARIO;1250,00;;1250,00;;1250,00;
NORMA MOURA DA SILVA;ARQUIVO PUB.EST.DO AMAZONAS;ENCADERNADOR;; ESTATUTARIO;3598,77;;3598,77;281,88;3316,89;
OCIMAR PIRES DE SOUSA;GABINETE DO SECRETARIO APOIO;A.TEC-I;; ESTATUTARIO;4227,83;;4227,83;393,23;3834,60;
OLINETE OLIVEIRA MAGALHAES;EXTINTO B.CARGOS AGUARD.RELOT.;AUX.S.G-II;; ESTATUTARIO;1100,00;;1100,00;229,27;870,73;
ORLANDO BARBOSA MARTINS;GER.DE PLANEJ.ORC.E FINANCAS;ASSESSOR I;NAO INFORMADO; CARGO COMISSION.S/VINCULO;5729,77;;5729,77;992,73;4737,04;
OSVALDIZIA MELO VEIGA;GERENCIA DE PESSOAL;ASSISTENTE TECNICO I;; ESTATUTARIO;4534,00;;4534,00;450,92;4083,08;
OTILIA RIBEIRO BARROSO;REMANEJADOS EXT.OUVID.GER.EST.;A.TEC-I;; ESTATUTARIO;2349,07;;2349,07;219,73;2129,34;
OTILIO TADEU LINHARES;DISPONIVEL SEAD;ENGENHEIRO AGRONOMO;; ESTATUTARIO;1191,67;;1191,67;166,83;1024,84;
PAMELA ROLIM DE LIMA;GER.DE PLANEJ.ORC.E FINANCAS;AGENTE ADM.-AGA-T.S.N.A.-E;ASSESSOR IV; ESTATUTARIO;3640,44;;3640,44;204,38;3436,06;
PAOLA DI ANGELIS BRASIL PASSOS;SEC.EXEC.BENS PAT.GAST.PUBLI.;MEMBRO;; GRUPO DE TRABALHO;3000,00;;3000,00;95,20;2904,80;
PAULA ANGELA OLIVEIRA CANTO;PENSIONISTAS ALFREDO DA MATA;PENSIONISTA LEI 1735 DE 14.11.85;; PENSIONISTA POR LEI;998,00;;998,00;;998,00;
PAULA GRETHEANE FONSECA DE OLIVEIRA;DEPTO.DE ADMINIST.E FINANCAS;ASSESSOR II;NAO INFORMADO; CARGO COMISSION.S/VINCULO;4709,79;;4709,79;652,57;4057,22;
PAULO ROBERTO IOPPI;DISPONIVEL SEAD;ENGENHEIRO 2A CLASSE;; ESTATUTARIO;1184,64;;1184,64;154,04;1030,60;
PAULO VICTOR MARQUES VIANA;DEPTO.DE TECNOL.DA INFORMACAO;ASSESSOR II;NAO INFORMADO; CARGO COMISSION.S/VINCULO;7709,79;;7709,79;1432,80;6276,99;
PEDRO BRUNO DOS PRAZERES;NUCLEO DE VIGILANCIA;AUX.O-III;; ESTATUTARIO;2833,59;;2833,59;182,98;2650,61;
PEDRO DA SILVA MAIA;NUCLEO DE VIGILANCIA;AUX.O-I;; ESTATUTARIO;3098,54;;3098,54;317,47;2781,07;
PEDRO DE SOUZA MOREIRA;NUCLEO DE VIGILANCIA;VIGIA;; ESTATUTARIO;2782,06;;2782,06;106,69;2675,37;
PERICLES DE PINHO CORREA;GER.BENEFICIO DOS SERVIDORES;A.TEC-I;; ESTATUTARIO;4227,83;;4227,83;364,79;3863,04;
PRISCILA HELLEN FIGUEREDO DA COSTA;SEC.EXEC.DE ADMINIST.E GESTAO;ASSESSOR III;NAO INFORMADO; CARGO COMISSION.S/VINCULO;3191,80;;3191,80;379,31;2812,49;
RACHEL DA SILVA ANDRADE;JUNTA MEDICO-PERICIAL DO EST.;ENCADERNADOR;; ESTATUTARIO;3800,96;;3800,96;312,21;3488,75;
RAIMUNDA CORREA DA SILVA;NUCLEO DE SERVICOS GERAIS;AUX.S.G-II;AUX. SERVIÇOS GERAIS; ESTATUTARIO;3027,25;;3027,25;210,65;2816,60;
RAIMUNDA NONATA DE OLIVEIRA BEZERRA;NUCLEO DE ARQ.ADMINISTRATIVO;AUXILIAR DE SERVICOS GERAIS;; ESTATUTARIO;4462,73;;4462,73;323,39;4139,34;
RAIMUNDA NONATA SOUZA GOMES;CONSULTORIA TEC-ADMINISTRATIVA;A.TEC-I;ASSIST. ADMINIST.; ESTATUTARIO;4442,72;;4442,72;424,70;4018,02;
RAIMUNDO AGUIAR COELHO;NUCLEO DE SERVICOS GERAIS;VIGIA-I;; ESTATUTARIO;2861,96;;2861,96;218,38;2643,58;
RAIMUNDO ALBERTO DA SILVA MENTA;GER.AUDITORIA DE FOLHA PAGTO.;A.TEC-I;F. GRATIFICADA, FG-1; ESTATUTARIO;8666,73;;8666,73;1312,01;7354,72;
RAIMUNDO BARROS WAUGHON;NUCLEO DE PROTOCOLO;A.TEC-I;; ESTATUTARIO;5679,74;;5679,74;715,26;4964,48;
RAIMUNDO DA COSTA GONCALVES;JUNTA MEDICO-PERICIAL DO EST.;VIGIA-II;; ESTATUTARIO;3020,15;;3020,15;208,50;2811,65;
RAIMUNDO FERREIRA DA SILVA;NUCLEO DE VIGILANCIA;MARINHEIRO FLUVIAL DE CONVES;; ESTATUTARIO;3578,17;;3578,17;299,65;3278,52;
RAIMUNDO LIMA DE HOLANDA;NUCLEO DE SERVICOS GERAIS;AUX.O-I;; ESTATUTARIO;3904,30;;3904,30;341,10;3563,20;
RAIMUNDO RODRIGUES DE MORAES;ARQUIVO PUB.EST.DO AMAZONAS;AUX.O-I;; ESTATUTARIO;3477,31;;3477,31;255,04;3222,27;
RANSES GADELHA BEZERRA;SEC.EXE.AD.G.PAT.GAST.PUBLICOS;CHEFE DE DEPARTAMENTO;NAO INFORMADO; CARGO COMISSION.S/VINCULO;8729,77;;8729,77;1764,68;6965,09;
REGINA LUCIA BRANDAO LIMA JAEGER;EXTINTO B.CARGOS AGUARD.RELOT.;ASSISTENTE SOCIAL 3A CLASSE;; ESTATUTARIO;2893,27;;2893,27;448,88;2444,39;
RIAD ABRAHIM BALLUT;DEPTO.DE ADMINIST.E FINANCAS;AFP-U;; ESTATUTARIO;8058,33;;8058,33;2111,28;5947,05;
RICARDO QUEIROZ DE PAIVA;COMISSAO DE REGIME DISCIPLINAR;MEMBRO COMISSAO REGIME DISCIPLINAR;MEMBRO CRD; CONSELHO;700,00;;700,00;;700,00;
RITA DE CASSIA MOREIRA PORTO;GABINETE DO SECRETARIO APOIO;ASSESSOR IV;NAO INFORMADO; CARGO COMISSION.S/VINCULO;3075,61;;3075,61;259,85;2815,76;
RITA MARIA DE SOUZA GONCALVES;DISPONIVEL SEAD;TECNICO 2A CLASSE;; ESTATUTARIO;1191,67;;1191,67;166,83;1024,84;
ROBERTO CONTE DE MELO;DISPONIVEL SEAD;ASSISTENTE TECNICO 3A CLASSE;; ESTATUTARIO;1191,67;;1191,67;166,83;1024,84;
ROBERTO FAGNER DUARTE DA SILVA DIAS;JUNTA MEDICO-PERICIAL DO EST.;ASSESSOR II;ASSESSOR AD-2; CARGO COMISSION.S/VINCULO;4709,79;;4709,79;652,57;4057,22;
ROBERTO SOBREIRA NASCIMENTO;DISPONIVEL SEAD;ELETRICISTA;; ESTATUTARIO;1191,67;;1191,67;166,83;1024,84;
ROBERVAL DOS SANTOS DE CARVALHO;PESSOAL PROC.DE APOSENTADORIA;MARINHEIRO FLUVIAL DE MAQUINA;; ESTATUTARIO;2006,23;;2006,23;265,96;1740,27;
ROBERVAL WILKENS MARINHO;DISPONIVEL POLICIA CIVIL;ESCRIVAO DE POLICIA 3A CLASSE;; ESTATUTARIO;1191,67;;1191,67;166,83;1024,84;
ROBSON GUIMARAES DE SOUSA;RELOTADOS DA SEC/AMAZONASTUR;ASSISTENTE TECNICO I;; ESTATUTARIO;3289,62;;3289,62;260,34;3029,28;
ROOSEVELT DOS SANTOS LOPES;COORD.DE BENS PATRIMONIAIS;AUX.ADM-III;AGENTE ADMINISTRAT.; ESTATUTARIO;3961,81;;3961,81;309,84;3651,97;
RORIZ MOTA DE BRITO;NUCLEO DE TRANSPORTE;MOT-III;MOTORISTA; ESTATUTARIO;3202,03;;3202,03;241,62;2960,41;
ROSANGELA ABREU DA COSTA LINS;DISPONIVEL TCM;AUDITOR ASSISTENTE - N.S.;; ESTATUTARIO;1191,67;;1191,67;166,83;1024,84;
ROSILENE DE DEUS MEDEIROS;ASSESSORIA DE COMUNICACAO;ASSESSOR I;NAO INFORMADO; CARGO COMISSION.S/VINCULO;5729,77;;5729,77;950,08;4779,69;
ROSILENE VIDAL BARRETO;COORD.GER.SEC.EX.ADJ.G.R.HUM.;ASSESSOR I;NAO INFORMADO; CARGO COMISSION.S/VINCULO;7473,03;;7473,03;1593,40;5879,63;
RUI DA SILVA CAVALCANTE;DISPONIVEL TCM;AUDITOR ASSISTENTE - N.S.;; ESTATUTARIO;1191,67;;1191,67;166,83;1024,84;
RUTH RODRIGUES PINTO;GABINETE DO SECRETARIO APOIO;AUX.S.G-I;; ESTATUTARIO;3727,77;;3727,77;289,75;3438,02;
SANDRA MARIA CUVELLO DE ANDRADE;DISPONIVEL TCM;CONSULTOR TECNICO B;; ESTATUTARIO;1191,67;;1191,67;166,83;1024,84;
SANDRA MARIA KANAWATI LASMAR;JUNTA MEDICO-PERICIAL DO EST.;MEDICO ESPECIALISTA;PERITO; ESTATUTARIO;1250,00;;1250,00;;1250,00;
SANDRA MARIA STONE DE ARAUJO;ARQUIVO PUB.EST.DO AMAZONAS;A.OPE-I;; ESTATUTARIO;3218,00;;3218,00;266,56;2951,44;
SEBASTIAO DIAS DOS SANTOS;PENSIONISTAS ALFREDO DA MATA;PENSIONISTA LEI 1735 DE 14.11.85;; PENSIONISTA POR LEI;998,00;;998,00;;998,00;
SEBASTIAO FILHO FERREIRA DA SILVA;JUNTA MEDICO-PERICIAL DO EST.;MARINHEIRO;1; ESTATUTARIO;3028,59;;3028,59;262,89;2765,70;
SEBASTIAO GILSON FARIAS GONDIM;EXTINTO B.CARGOS AGUARD.RELOT.;ASSISTENTE TECNICO;; ESTATUTARIO;1100,00;;1100,00;235,01;864,99;
SERGIO GUILHERME TEIXEIRA ARANHA;NUCLEO DE SERVICOS GERAIS;AUX.S.G-I;; ESTATUTARIO;3367,46;;3367,46;257,87;3109,59;
SEVERINO ANTONIO AGUIAR RAMOS;DISPONIVEL SEAD;ENGENHEIRO 1A CLASSE;; ESTATUTARIO;1185,64;;1185,64;155,87;1029,77;
SHEILA MARA PEREIRA FRANCO;GER.AUDITORIA DE FOLHA PAGTO.;AGENTE ADMINISTRATIVO 4A CLASSE;F. GRATIFICADA, FG-3; ESTATUTARIO;5529,59;;5529,59;652,87;4876,72;
SILVIO EDUARDO LIMA SARMENTO;ASSESSORIA DE COMUNICACAO;ASSESSOR II;; CARGO COMISSION.S/VINCULO;7709,79;;7709,79;1432,80;6276,99;
SIMON DERZI CARDOSO;DEPTO.DE TECNOL.DA INFORMACAO;CHEFE DE DEPARTAMENTO;NAO INFORMADO; CARGO COMISSION.S/VINCULO;8729,77;;8729,77;1816,82;6912,95;
SOCORRO MAGDA MENDES BORGES;GERENCIA DE REGISTRO DE DADOS;AUX.ADM-I;; ESTATUTARIO;5468,79;;5468,79;641,36;4827,43;
STANLEY GOMES CARDOSO JUNIOR;SEC.EXEC.BENS PAT.GAST.PUBLI.;MEMBRO;; GRUPO DE TRABALHO;3000,00;;3000,00;95,20;2904,80;
SUELI JACOB;DISPONIVEL SEAD;TECNICO A;; ESTATUTARIO;1191,67;;1191,67;166,83;1024,84;
SUELY FARIAS DA SILVA;EXTINTO B.CARGOS AGUARD.RELOT.;A.TEC-I;; ESTATUTARIO;1578,23;;1578,23;220,95;1357,28;
SUZANY LIMA DO NASCIMENTO;COORD.GER.SEC.EX.ADJ.G.R.HUM.;ASSESSOR II;NAO INFORMADO; CARGO COMISSION.S/VINCULO;4709,79;;4709,79;652,57;4057,22;
TALITA DO SOCORRO DE SOUZA VIANA;GER.AUDITORIA DE FOLHA PAGTO.;ASSESSOR III;NAO INFORMADO; CARGO COMISSION.S/VINCULO;3691,80;;3691,80;360,24;3331,56;
TARCIO COSTA AMORIM;SEC.EXE.AD.G.PAT.GAST.PUBLICOS;CHEFE DE DEPARTAMENTO;NAO INFORMADO; CARGO COMISSION.S/VINCULO;5729,77;;5729,77;950,08;4779,69;
TATIANNE VIEIRA ASSAYAG TOLEDO;SEC.EXEC.DE ADMINIST.E GESTAO;PROCURADOR DO ESTADO 2A CLASSE;SECRETARIO EXEC.DE A; ESTATUTARIO;12660,71;1617,88;11042,83;2011,01;9031,82;
TEREZA CRISTINA FROES DA CRUZ SILVA;DEPTO.DE ADMINIST.E FINANCAS;A.TEC-I;; ESTATUTARIO;4430,07;;4430,07;421,48;4008,59;
TEREZINHA DE JESUS ARAUJO VAZ;DEPTO.DE ADMINIST.E FINANCAS;A.TEC-I;; ESTATUTARIO;2642,04;;2642,04;259,73;2382,31;
TEREZINHA DE OLIVEIRA ROCHA;DISPONIVEL TCM;CONSULTOR TECNICO A;; ESTATUTARIO;383,90;;383,90;53,74;330,16;
THANIA REGINA PEREIRA DE S FALCAO;GERENCIA DE REGISTRO DE DADOS;A.TEC-I;; ESTATUTARIO;4435,68;;4435,68;422,91;4012,77;
THAYANE HELLEN LIRA BARRETO;COORD.GER.SEC.EX.ADJ.G.R.HUM.;ASSESSOR II;NAO INFORMADO; CARGO COMISSION.S/VINCULO;4709,79;;4709,79;652,57;4057,22;
THIAGO RODRIGUES DA COSTA;PENSIONISTAS ALFREDO DA MATA;PENSIONISTA LEI 1735 DE 14.11.85;; PENSIONISTA POR LEI;998,00;;998,00;;998,00;
TIMOTEO JOSE PINHEIRO DA SILVA;PENSIONISTAS ALFREDO DA MATA;PENSIONISTA LEI 1735 DE 14.11.85;; PENSIONISTA POR LEI;998,00;;998,00;;998,00;
VALCLEMAR GUIMARAES FARACHE;NUCLEO DE TRANSPORTE;MOT-I;; ESTATUTARIO;3834,96;;3834,96;409,48;3425,48;
VALDEMIR GUIMARAES DE OLIVEIRA;DISPONIVEL SEAD;AGENTE ADMINISTRATIVO 3A CLASSE;; ESTATUTARIO;1191,67;;1191,67;166,83;1024,84;
VALDENEI DOS SANTOS CORREA;GER.BENEFICIO DOS SERVIDORES;ASSESSOR I;NAO INFORMADO; CARGO COMISSION.S/VINCULO;5729,77;;5729,77;992,73;4737,04;
VALDINETE COELHO DE MENEZES;COMISSAO DE REGIME DISCIPLINAR;A.TEC-I;; ESTATUTARIO;5666,85;;5666,85;710,83;4956,02;
VANDA DA CRUZ CARVALHO CALADO;GERENCIA DE REGISTRO DE DADOS;AUXILIAR TECNICO;; ESTATUTARIO;4296,47;;4296,47;378,47;3918,00;
VANDERRUBEM MARCELINO NEVES;GERENCIA DE REGISTRO DE DADOS;A.TEC-I;ASSISTENTE TECNICO; ESTATUTARIO;3710,34;;3710,34;261,69;3448,65;
VANDO COSTA DA SILVA;PENSIONISTAS ALFREDO DA MATA;PENSIONISTA LEI 1735 DE 14.11.85;; PENSIONISTA POR LEI;998,00;;998,00;;998,00;
VANIA MARIA NONATA DA SILVA;GER.DE PLANEJ.ORC.E FINANCAS;AUX.ADM-I;; ESTATUTARIO;4276,35;;4276,35;380,84;3895,51;
VERA COELHO DE MENEZES DO VALE;DEPTO.DE ADMINIST.E FINANCAS;A.TEC-I;; ESTATUTARIO;5458,79;;5458,79;654,50;4804,29;
VERONICA PEREIRA FIGUEIREDO;GERENCIA DE PESSOAL;A.TEC-I;; ESTATUTARIO;4450,01;;4450,01;426,55;4023,46;
VICENTE DE PAULO VIEIRA COLOMBO;JUNTA MEDICO-PERICIAL DO EST.;MARINHEIRO;; ESTATUTARIO;3722,55;;3722,55;316,01;3406,54;
VIRGINIA DE SOUSA PAIVA;GERENCIA DE REGISTRO DE DADOS;ASSISTENTE TECNICO 3A CLASSE;; ESTATUTARIO;4276,53;;4276,53;373,39;3903,14;
VIVALDO MICHILES NETO;SEC.EXE.AD.G.PAT.GAST.PUBLICOS;SEC.EXEC.ADJ.GEST.PATR.GAST.PUBL.;SEC.EXEC.ADJ.GEST.PA; CARGO COMISSION.S/VINCULO;12500,00;;12500,00;2975,82;9524,18;
VIVIAN KRAMER STROSKI;GABINETE DO SECRETARIO;CHEFE DE GABINETE;NAO INFORMADO; CARGO COMISSION.S/VINCULO;5729,77;;5729,77;992,73;4737,04;
WALDEMARINA PINTO BARROSO;GERENCIA DE PESSOAL;A.TEC-I;; ESTATUTARIO;4450,01;;4450,01;426,55;4023,46;
WALDENY TAVEIRA PARDO;NUCLEO DE TRANSPORTE;MOT-I;; ESTATUTARIO;3078,25;;3078,25;295,37;2782,88;
WALTERLOO MARQUES PERES;DEPTO.DE ADMINIST.E FINANCAS;AFP-U;; ESTATUTARIO;9428,68;;9428,68;2494,27;6934,41;
WANDERLEY DA SILVA RAMALHO;SEC.EXEC.BENS PAT.GAST.PUBLI.;ASSESSOR III;NAO INFORMADO; CARGO COMISSION.S/VINCULO;3691,80;;3691,80;379,31;3312,49;
WILMA NASCIMENTO FERREIRA;DEPTO.DE ADMINIST.E FINANCAS;A.TEC-I;; ESTATUTARIO;2064,10;;2064,10;218,50;1845,60;
YOHANNA JAAMEL SOUSA MENEZES;GER.DE APOIO, MANUT.LOGISTICA;ASSESSOR I;NAO INFORMADO; CARGO COMISSION.S/VINCULO;5729,77;;5729,77;992,73;4737,04;
ZELIA MACHADO RIBEIRO FILHA;NUCLEO DE ARQ.ADMINISTRATIVO;AUXILIAR TECNICO;; ESTATUTARIO;5497,73;;5497,73;644,72;4853,01;
