NOME;LOTACAO;CARGO;FUNCAO;VINCULO;REMUNERACAO LEGAL TOTAL(R$);DESC.TETO(R$); REMUNERACAO LEGAL DEVIDA(R$);DESCONTOS LEGAIS(R$);LIQUIDO DISPONIVEL(R$);
ADALBERTO SENA DE ASSIS;NUCLEO DE TRANSPORTE;MOTORISTA 3A CLASSE;GERENTE; ESTATUTARIO;4968,49;;4968,49;646,18;4322,31;
ADALGISA TAVARES DOS SANTOS CAMPOS;GERENCIA DE REGISTRO DE DADOS;A.TEC-I;; ESTATUTARIO;3939,09;;3939,09;423,09;3516,00;
ADALTO FERREIRA PAULINO;PENSIONISTAS ALFREDO DA MATA;PENSIONISTA LEI 1735 DE 14.11.85;; PENSIONISTA POR LEI;998,00;;998,00;;998,00;
ADERSON JOSE DA SILVA;PENSIONISTAS ALFREDO DA MATA;PENSIONISTA LEI 1735 DE 14.11.85;; PENSIONISTA POR LEI;998,00;;998,00;;998,00;
ADILSON MOZART SILVA MAIA;PENSIONISTAS ALFREDO DA MATA;PENSIONISTA LEI 1735 DE 14.11.85;; PENSIONISTA POR LEI;998,00;;998,00;;998,00;
ADMIR BRAGA DA SILVA;NUCLEO DE VIGILANCIA;AUXILIAR ADMINISTRATIVO;; ESTATUTARIO;2249,09;;2249,09;182,96;2066,13;
AGENOR PANILHA CAMPOS;GER.DE APOIO, MANUT.LOGISTICA;A.TEC-I;; ESTATUTARIO;3097,79;;3097,79;293,59;2804,20;
ALBERTINA JUSTINA DOS SANTOS;GABINETE DO SECRETARIO APOIO;AUX.S.G-I;; ESTATUTARIO;2492,12;;2492,12;221,39;2270,73;
ALDECY PESSOA DE MELO;NUCLEO DE VIGILANCIA;VIGIA PNF.VIG-III;; ESTATUTARIO;3815,75;;3815,75;415,35;3400,40;
ALDENORA SILVA DE ALMEIDA ALVES;NUCLEO DE PROTOCOLO;ASSESSOR IV;; CARGO COMISSION.S/VINCULO;2179,61;;2179,61;179,66;1999,95;
ALEANDRO DANTAS CHAVES;COORD.DE BENS PATRIMONIAIS;AUX.ADM-II;GERENTE; ESTATUTARIO;4710,15;;4710,15;567,18;4142,97;
ALESSANDRA DA ROCHA GOMES;JUNTA MEDICO-PERICIAL DO EST.;AUX.S.G-II;AUX. SERVICOS GERAIS; ESTATUTARIO;3149,27;;3149,27;222,48;2926,79;
ALEX HARLEI SALES LAUDELINO;NUCLEO DE SERVICOS GERAIS;MARINHEIRO FLUVIAL DE CONVES;; ESTATUTARIO;2333,44;;2333,44;237,54;2095,90;
ALEXANDRE AUGUSTO ALENCAR QUEIROZ;CONSULTORIA TEC-ADMINISTRATIVA;COORDENADOR CTA;NAO INFORMADO; CARGO COMISSION.S/VINCULO;8500,00;;8500,00;2013,32;6486,68;
ALEXANDRE DULVAL LUCENA NASCIMENTO;DEPTO.DE ADMINIST.E FINANCAS;ASSISTENTE TECNICO 1A CLASSE;FG-1; ESTATUTARIO;7602,08;;7602,08;1323,98;6278,10;
ALFREDO JOSE DE CAMPOS BANDEIRA;DEPTO.DE ADMINIST.E FINANCAS;TNS-I;; ESTATUTARIO;3201,06;;3201,06;502,98;2698,08;
ALLYNE KELLY MENEZES B OLIVEIRA;JUNTA MEDICO-PERICIAL DO EST.;MEDICO GENERALISTA;PERITO; ESTATUTARIO;1250,00;;1250,00;;1250,00;
ALMIR SALES DE ANDRADE;DISPONIVEL SEAD;OPERADOR DE RADIO;; ESTATUTARIO;1191,67;;1191,67;166,84;1024,83;
ALMIR SAMPAIO CAVALCANTE;GRUP.INT.PREV.INVAS.AREAS PUB.;TNS-I;ASS DE SEG FUNCIONAL; ESTATUTARIO;6992,96;;6992,96;1387,34;5605,62;
ALTAIR FERREIRA DA CUNHA;DEPTO.DE TECNOL.DA INFORMACAO;ASSESSOR II;NAO INFORMADO; CARGO COMISSION.S/VINCULO;4209,79;;4209,79;652,57;3557,22;
ALUISIO DE SOUSA PIMENTEL;NUCLEO DE TRANSPORTE;MOT-III;; ESTATUTARIO;2702,03;;2702,03;241,62;2460,41;
ALVARO MONTEIRO MAIA;DISPONIVEL SEAD;ENGENHEIRO 1A CLASSE;; ESTATUTARIO;1269,94;;1269,94;177,80;1092,14;
AMANDA NUBIA DA SILVA GUIMARAES;GER.DE PLANEJ.ORC.E FINANCAS;ASSESSOR III;NAO INFORMADO; CARGO COMISSION.S/VINCULO;3191,80;;3191,80;379,31;2812,49;
ANA ESTEFANIA SANCHES DE OLIVEIRA;COORD.DE BENS PATRIMONIAIS;COORDENADOR DE PATRIMONIO;NAO INFORMADO; CARGO COMISSION.S/VINCULO;10000,00;;10000,00;2425,82;7574,18;
ANA LUCIA BATISTA LIMA;EXTINTO B.CARGOS AGUARD.RELOT.;TNS-I;; ESTATUTARIO;3084,47;;3084,47;487,98;2596,49;
ANA MARIA BOTINELLY CUNHA E SILVA;DISPONIVEL TCM;AUDITOR ADJUNTO;; ESTATUTARIO;10088,56;;10088,56;2795,50;7293,06;
ANA MARIA FARIAS EVANGELISTA;PESSOAL PROC.DE APOSENTADORIA;AUDITOR ASSISTENTE - N.S.;; ESTATUTARIO;1100,00;;1100,00;126,62;973,38;
ANA MARIA PINA PAIVA;ESC.GEST.E APERF.DO SERV.PUBL.;ASSESSOR III;NAO INFORMADO; CARGO COMISSION.S/VINCULO;3191,80;;3191,80;379,31;2812,49;
ANA PAULA ARAUJO MACIEL;GERENCIA DE PESSOAL;ASSESSOR II;; CARGO COMISSION.S/VINCULO;4209,79;;4209,79;652,57;3557,22;
ANA SERGIA ALVES DA SILVA LIMA;COORD.DE BENS PATRIMONIAIS;TECNICO-TEC-T.S.N.S.-A;CHEFE DE DEPARTAMENT; ESTATUTARIO;6575,42;;6575,42;1098,79;5476,63;
ANA VIRGINIA SILVA LEMOS DE AGUIAR;ESC.GEST.E APERF.DO SERV.PUBL.;COORD.ESC.DE GEST.APERF.DO SERV.PUB;COORD.ESC.DE GEST.AP; CARGO COMISSION.S/VINCULO;11333,33;;11333,33;2792,48;8540,85;
ANDRE LUIZ MELO BARBOSA;JUNTA MEDICO-PERICIAL DO EST.;AUX.ADM-III;; ESTATUTARIO;1221,60;;1221,60;171,02;1050,58;
ANDRE LUIZ NOGUEIRA DE SOUZA;ESC.GEST.E APERF.DO SERV.PUBL.;GERENTE;; CARGO COMISSION.S/VINCULO;4209,79;;4209,79;652,57;3557,22;
ANDREA COELHO DA SILVA;GER.DE PLANEJ.ORC.E FINANCAS;GERENTE;GERENTE; DISP. OUTROS ESFERAS;4000,00;;4000,00;263,87;3736,13;
ANDREZA HELENA DA SILVA;COORD.GER.SEC.EX.ADJ.G.R.HUM.;ASSISTENTE TECNICO;SEC.EXEC.ADJ.GEST.RE; ESTATUTARIO;8100,00;;8100,00;1306,00;6794,00;
ANELY CRISTINA RIBEIRO ARRUDA;GERENCIA DE REGISTRO DE DADOS;ASSESSOR II;; CARGO COMISSION.S/VINCULO;4209,79;;4209,79;622,77;3587,02;
ANICE GODINHO PINTO;NUCLEO DE PROTOCOLO;A.TEC-I;GERENTE; ESTATUTARIO;4895,57;;4895,57;634,67;4260,90;
ANIZIMAR LOPES MESSIAS;GER.BENEFICIO DOS SERVIDORES;A.TEC-I;; ESTATUTARIO;3919,15;;3919,15;418,02;3501,13;
ANTONIA NEDINA DA COSTA LIMA;COMISSAO DE REGIME DISCIPLINAR;AUX.ADM-I;; ESTATUTARIO;4457,62;;4457,62;518,08;3939,54;
ANTONIA ROBERTA SANTANA;GERENCIA DE REGISTRO DE DADOS;A.TEC-I;F. GRATIFICADA, FG-3; ESTATUTARIO;5175,68;;5175,68;713,76;4461,92;
ANTONIA SILEIDE VIEIRA DAMASCENO;PENSIONISTAS ALFREDO DA MATA;PENSIONISTA LEI 1735 DE 14.11.85;; PENSIONISTA POR LEI;998,00;;998,00;;998,00;
ANTONIO CARLOS FERNANDES DE SOUZA;DISPONIVEL SEAD;OPERADOR DE MAQUINA RODOVIARIA;; ESTATUTARIO;1191,67;;1191,67;166,84;1024,83;
ANTONIO CARLOS NERY SANTANA;ARQUIVO PUB.EST.DO AMAZONAS;A.TEC-I;; ESTATUTARIO;3398,84;;3398,84;346,13;3052,71;
ANTONIO CESAR BARONI PEREIRA;DISPONIVEL TCM;ENGENHEIRO AGRONOMO;; ESTATUTARIO;1191,67;;1191,67;166,84;1024,83;
ANTONIO LUCIO DE MORAIS;NUCLEO DE VIGILANCIA;AUX.S.G-II;; ESTATUTARIO;2218,15;;2218,15;185,85;2032,30;
ANTONIO NERY DA SILVA;REMANEJADOS EXT.OUVID.GER.EST.;ASSISTENTE TECNICO;ASSISTENTE TECNICO; ESTATUTARIO;1950,43;;1950,43;193,92;1756,51;
ANTONIO NUNES PINHEIRO FILHO;DISPONIVEL POLICIA CIVIL;ESCRIVAO DE POLICIA 2A CLASSE;; ESTATUTARIO;22142,28;;22142,28;7283,12;14859,16;
ANTONIO RODRIGUES DOS SANTOS;PENSIONISTAS ALFREDO DA MATA;PENSIONISTA LEI 1735 DE 14.11.85;; PENSIONISTA POR LEI;998,00;;998,00;;998,00;
APOENA NASCIMENTO TEIXEIRA;SEC.EXE.AD.G.PAT.GAST.PUBLICOS;ASSESSOR II;; CARGO COMISSION.S/VINCULO;4209,79;;4209,79;531,31;3678,48;
ARACELY ALBERTINO DE MELO;GABINETE DO SECRETARIO APOIO;ASSESSOR IV;NAO INFORMADO; CARGO COMISSION.S/VINCULO;2575,61;;2575,61;245,63;2329,98;
ARIANNA BIANCA CAMPOS RABELO;SEC.EXE.AD.G.PAT.GAST.PUBLICOS;ASSESSOR II;NAO INFORMADO; CARGO COMISSION.S/VINCULO;4209,79;;4209,79;622,77;3587,02;
ARQUIMEDES CARVALHO LASMAR;JUNTA MEDICO-PERICIAL DO EST.;A.TEC-I;; ESTATUTARIO;3701,62;;3701,62;384,61;3317,01;
AUREO GONCALVES NEVES;DISPONIVEL SEAD;TECNICO 2A CLASSE;; ESTATUTARIO;1191,67;;1191,67;166,84;1024,83;
AYMAN BAYDOUN;COORD.DE BENS PATRIMONIAIS;ASSESSOR I;NAO INFORMADO; CARGO COMISSION.S/VINCULO;5229,77;;5229,77;992,73;4237,04;
BEATRIZ PAIVA MOREIRA LOPES;DEPTO.DE ADMINIST.E FINANCAS;ASSESSOR II;NAO INFORMADO; CARGO COMISSION.S/VINCULO;4209,79;;4209,79;652,57;3557,22;
BIANCA SANDRINI LIMA PEREIRA;JUNTA MEDICO-PERICIAL DO EST.;GERENTE;NAO INFORMADO; CARGO COMISSION.S/VINCULO;4209,79;;4209,79;652,57;3557,22;
CAMILA CRISTINE DE MATOS MARTINS;GABINETE DO SECRETARIO APOIO;ASSESSOR III;NAO INFORMADO; CARGO COMISSION.S/VINCULO;3191,80;;3191,80;379,31;2812,49;
CARLOS AUGUSTO DE SOUZA M JUNIOR;CONSULTORIA TEC-ADMINISTRATIVA;ASSESSOR I;NAO INFORMADO; CARGO COMISSION.S/VINCULO;5229,77;;5229,77;950,08;4279,69;
CARLOS EDUARDO RAPOSO DA C ALENCAR;CONSULTORIA TEC-ADMINISTRATIVA;ASSESSOR I;; CARGO COMISSION.S/VINCULO;5229,77;;5229,77;992,73;4237,04;
CARLOS FERNANDO LIMA SOUZA;PESSOAL PROC.DE APOSENTADORIA;A.TEC-I;; ESTATUTARIO;1545,39;;1545,39;216,35;1329,04;
CARLOS GEISER RODRIGUES DE SOUZA;COMISSAO DE REGIME DISCIPLINAR;ASSESSOR III;NAO INFORMADO; CARGO COMISSION.S/VINCULO;3191,80;;3191,80;379,31;2812,49;
CARLY DA SILVA FARIA;COORD.DE BENS PATRIMONIAIS;GERENTE;NAO INFORMADO; CARGO COMISSION.S/VINCULO;4209,79;;4209,79;483,81;3725,98;
CARMEM LUCIA ROSAS GOMES;DEPTO.DE ADMINIST.E FINANCAS;A.TEC-I;F.GRATIFICADA, FG-3; ESTATUTARIO;3897,60;;3897,60;411,18;3486,42;
CAROLINE SKROBOT GROSSO LINDENBERG;SEC.EXEC.BENS PAT.GAST.PUBLI.;MEMBRO;; GRUPO DE TRABALHO;3000,00;;3000,00;95,20;2904,80;
CASIMIRO CARDOSO DE ARAUJO FILHO;DEPTO.DE ADMINIST.E FINANCAS;MOTORISTA RODOVIARIO;; ESTATUTARIO;3900,77;;3900,77;340,06;3560,71;
CEZARINA BARBOSA DE MEDEIROS;ARQUIVO PUB.EST.DO AMAZONAS;A.TEC-I;; ESTATUTARIO;3367,24;;3367,24;338,09;3029,15;
CHRYSTIANE APARECIDA DOS S PINAGE;GERENCIA DE REGISTRO DE DADOS;A.TEC-I;; ESTATUTARIO;3710,34;;3710,34;388,52;3321,82;
CLARICE CABRAL CARNEIRO DA CUNHA;GABINETE DO SECRETARIO APOIO;A.TEC-I;; ESTATUTARIO;3930,07;;3930,07;421,48;3508,59;
CLAUDIO CARDOSO PALHETA;DEPTO.DE TECNOL.DA INFORMACAO;ASSESSOR II;NAO INFORMADO; CARGO COMISSION.S/VINCULO;4209,79;;4209,79;652,57;3557,22;
CLAUDIO COSTA DOS SANTOS;PENSIONISTAS ALFREDO DA MATA;PENSIONISTA LEI 1735 DE 14.11.85;; PENSIONISTA POR LEI;998,00;;998,00;;998,00;
CLAUDIO SANTANA TRINDADE;GERENCIA DE PESSOAL;A.TEC-I;; ESTATUTARIO;3701,57;;3701,57;385,38;3316,19;
CLEIA FREITAS DE SOUZA E SILVA;DEPTO.DE ADMINIST.E FINANCAS;TNS-I;; ESTATUTARIO;5166,92;;5166,92;911,59;4255,33;
CLERME MELO DE OLIVEIRA;GERENCIA DE PESSOAL;A.TEC-II;GERENTE; ESTATUTARIO;4840,38;;4840,38;612,13;4228,25;
CRISTIANO PANTOJA RIBEIRO;NUCLEO DE RECEPCAO;A.TEC-I;; ESTATUTARIO;3359,98;;3359,98;339,09;3020,89;
CRISTINA DE ALMEIDA CAMPOS;GER.AUDITORIA DE FOLHA PAGTO.;TECNICO EM CONTABILIDADE;; ESTATUTARIO;5050,63;;5050,63;620,87;4429,76;
DAMIAO DE SOUZA LAVAREDA;PENSIONISTAS ALFREDO DA MATA;PENSIONISTA LEI 1735 DE 14.11.85;; PENSIONISTA POR LEI;998,00;;998,00;;998,00;
DANIEL DO NASCIMENTO MIRANDA;COORD.DE BENS PATRIMONIAIS;ASSESSOR IV;NAO INFORMADO; CARGO COMISSION.S/VINCULO;2575,61;;2575,61;259,85;2315,76;
DANIEL HERCULANO DE CARVALHO;GER.DE APOIO, MANUT.LOGISTICA;ASSESSOR II;NAO INFORMADO; CARGO COMISSION.S/VINCULO;4209,79;;4209,79;652,57;3557,22;
DELZINDA FERREIRA BARCELOS;ASSESSORIA TEC.ADMINISTRATIVA;TNS-III;ASSESSOR I, AD-1; ESTATUTARIO;7129,30;;7129,30;1394,25;5735,05;
DENISMAR MARIA ASSIS DA ROCHA;NUCLEO DE RECEPCAO;A.TEC-I;AG. ADMINISTRATIVO; ESTATUTARIO;3710,34;;3710,34;388,52;3321,82;
DIEGO FERREIRA PINHEIRO;GER.DE APOIO, MANUT.LOGISTICA;ASSESSOR III;NAO INFORMADO; CARGO COMISSION.S/VINCULO;3191,80;;3191,80;379,31;2812,49;
DORIAM PANTOJA COSTA;DISPONIVEL SEAD;AGENTE ADMINISTRATIVO 3A CLASSE;; ESTATUTARIO;1191,67;;1191,67;166,84;1024,83;
EDMEE SAMANTHA DE MEDEIROS R SEIXAS;DEPTO.DE ADMINIST.E FINANCAS;ASSISTENTE TECNICO I;; ESTATUTARIO;1777,51;;1777,51;243,16;1534,35;
EDMILSON BEZERRA ALVES;JUNTA MEDICO-PERICIAL DO EST.;A.TEC-I;; ESTATUTARIO;3867,39;;3867,39;434,24;3433,15;
EDNALDO FONSECA DE MELO;DISPONIVEL SEAD;AUXILIAR DE SERV GERAIS 2A CLASSE;; ESTATUTARIO;1191,67;;1191,67;166,84;1024,83;
EDNILSON GOMES DE OLIVEIRA JUNIOR;COORD.GER.SEC.EX.ADJ.G.R.HUM.;ASSESSOR I;; CARGO COMISSION.S/VINCULO;5229,77;;5229,77;992,73;4237,04;
EDUARDO MOREIRA DOS SANTOS;DEPTO.DE TECNOL.DA INFORMACAO;AUX.S.G-III;AUX. SERVICOS GERAIS; ESTATUTARIO;3461,81;;3461,81;277,92;3183,89;
ELANE ALVES DE ARAUJO;COORD.GER.SEC.EX.ADJ.G.R.HUM.;ASSESSOR I;; CARGO COMISSION.S/VINCULO;5229,77;;5229,77;950,08;4279,69;
ELCI OLIVEIRA NOBRE;GER.BENEFICIO DOS SERVIDORES;ASSISTENTE TECNICO 1A CLASSE;; ESTATUTARIO;10781,28;;10781,28;2633,64;8147,64;
ELDA SOARES DE MOURA;GERENCIA DE REGISTRO DE DADOS;A.TEC-I;; ESTATUTARIO;3966,50;;3966,50;430,75;3535,75;
ELIAS CARNEIRO DE SOUZA;JUNTA MEDICO-PERICIAL DO EST.;AUXILIAR DE SERVICOS GERAIS;; ESTATUTARIO;2792,64;;2792,64;254,45;2538,19;
ELISA MARIA BARROSO M NAVARRO;SEC.EXE.AD.G.PAT.GAST.PUBLICOS;GERENTE;; CARGO COMISSION.S/VINCULO;7209,79;;7209,79;1432,80;5776,99;
ELIZABETE OLIVEIRA DE ARAUJO;GER.BENEFICIO DOS SERVIDORES;AUXILIAR TECNICO;0; ESTATUTARIO;3796,47;;3796,47;378,47;3418,00;
ELIZABETH DA SILVA ALVES;GERENCIA DE PESSOAL;A.TEC-I;; ESTATUTARIO;5201,05;;5201,05;722,59;4478,46;
ELIZABETH RODRIGUES DIAS;REMANEJADOS EXT.OUVID.GER.EST.;A.TEC-I;; ESTATUTARIO;2074,07;;2074,07;219,73;1854,34;
ELSIMAR FERNANDO SANTIAGO;GABINETE DO SECRETARIO;TECNICO GRAFICO;ASSESSOR II, AD-2; ESTATUTARIO;6487,43;;6487,43;1061,27;5426,16;
EMERSON LINS DE LIMA;JUNTA MEDICO-PERICIAL DO EST.;FISCAL RODOVIARIO;; ESTATUTARIO;2977,54;;2977,54;212,71;2764,83;
EMILIA CONCEICAO FREIRE MORY;DISPONIVEL TCM;TECNICO ADMINISTRATIVO;; ESTATUTARIO;1191,67;;1191,67;166,84;1024,83;
ENA MARA DE AZEDO SANTANA;COORD.GER.SEC.EX.ADJ.G.R.HUM.;A.TEC-I;; ESTATUTARIO;2509,34;;2509,34;244,17;2265,17;
ERLANDIA CARVALHO DA SILVA;COMISSAO DE REGIME DISCIPLINAR;A.TEC-I;; ESTATUTARIO;3928,61;;3928,61;421,11;3507,50;
ETIANE TEREZA RUAS FARIA;EXTINTO B.CARGOS AGUARD.RELOT.;TECNICO GOVERNAMENTAL;; ESTATUTARIO;1503,50;;1503,50;417,52;1085,98;
EUDENIRA BARBOSA BATISTA BRITO;GER.AUDITORIA DE FOLHA PAGTO.;A.TEC-I;F. GRATIFICADA, FG-3; ESTATUTARIO;5170,07;;5170,07;711,71;4458,36;
EUGENIA TERESA MONTEIRO REZENDE;ASSESSORIA TEC.ADMINISTRATIVA;TNS-I;ASSESSOR I, AD-1; ESTATUTARIO;6499,92;;6499,92;1241,19;5258,73;
EVANDRO ALVES DE ALMEIDA;DISPONIVEL POLICIA CIVIL;AGENTE DE POLICIA 2A CLASSE;; ESTATUTARIO;1191,67;;1191,67;166,84;1024,83;
EVANDRO FERNANDES SAMPAIO;DISPONIVEL POLICIA CIVIL;AGENTE DE POLICIA 1A CLASSE;; ESTATUTARIO;1191,67;;1191,67;166,84;1024,83;
FABRICIO ROGERIO CYRINO BARBOSA;SEC.EXEC.BENS PAT.GAST.PUBLI.;SEC.EXEC.GEST.PATR.GASTOS PUBLICOS;; CARGO COMISSION.S/VINCULO;12900,00;;12900,00;2723,00;10177,00;
FATIMA MARIA GAVINHO FROTA;SEC.EXE.AD.G.PAT.GAST.PUBLICOS;ASSESSOR I;NAO INFORMADO; CARGO COMISSION.S/VINCULO;5229,77;;5229,77;992,73;4237,04;
FELIPE MACHADO DE AMORIM PRATA;COORD.GER.SEC.EX.ADJ.G.R.HUM.;ASSESSOR II;NAO INFORMADO; CARGO COMISSION.S/VINCULO;4209,79;;4209,79;622,77;3587,02;
FERNANDA ELIS JANAINA M OLIVEIRA;GABINETE DO SECRETARIO;ASSESSOR I;NAO INFORMADO; CARGO COMISSION.S/VINCULO;8229,77;;8229,77;1712,55;6517,22;
FLAVIO ADRIANO ABREU DA SILVA;SEC.EXE.AD.G.PAT.GAST.PUBLICOS;ASSESSOR II;NAO INFORMADO; CARGO COMISSION.S/VINCULO;4209,79;;4209,79;622,77;3587,02;
FLAVIO AUGUSTO CARVALHO MONTENEGRO;SEC.EXE.AD.G.PAT.GAST.PUBLICOS;TNS-I;; ESTATUTARIO;5716,07;;5716,07;1023,71;4692,36;
FLAVIO CORDEIRO ANTONY FILHO;SEC.EXEC.BENS PAT.GAST.PUBLI.;MEMBRO;; GRUPO DE TRABALHO;3000,00;;3000,00;95,20;2904,80;
FRANCIMAR CAMARA LIMA;REMANEJADOS EXT.OUVID.GER.EST.;A.TEC-I;; ESTATUTARIO;3898,35;;3898,35;412,04;3486,31;
FRANCISCA CHAGAS CAMPOS NASCIMENTO;DISPONIVEL SEAD;TECNICO DE NIVEL SUPERIOR;; ESTATUTARIO;1191,67;;1191,67;166,84;1024,83;
FRANCISCA DEUZIMAR FERREIRA MENEZES;ASSESSORIA TEC.ADMINISTRATIVA;A.TEC-I;; ESTATUTARIO;4913,40;;4913,40;421,48;4491,92;
FRANCISCA MARLINDA DE O BRITO;GER.BENEFICIO DOS SERVIDORES;A.TEC-I;OP.MAQ.CONT,A; ESTATUTARIO;5166,85;;5166,85;710,83;4456,02;
FRANCISCA ROSANA DA SILVA;NUCLEO DE SERVICOS GERAIS;AUX.S.G-I;; ESTATUTARIO;2794,12;;2794,12;244,04;2550,08;
FRANCISCO CARLOS DOS SANTOS;EXTINTO B.CARGOS AGUARD.RELOT.;A.TEC-I;; ESTATUTARIO;1580,55;;1580,55;221,28;1359,27;
FRANCISCO CARNEIRO PORTELA;PENSIONISTAS ALFREDO DA MATA;PENSIONISTA LEI 1735 DE 14.11.85;; PENSIONISTA POR LEI;998,00;;998,00;;998,00;
FRANCISCO CHAGAS DE OLIVEIRA FILHO;NUCLEO DE TRANSPORTE;MOT-I;; ESTATUTARIO;3228,64;;3228,64;319,79;2908,85;
FRANCISCO DAS CHAGAS NERES;DISPONIVEL SEAD;MECANICO DE MANUTENCAO DE AERONAVE;; ESTATUTARIO;1191,67;;1191,67;166,84;1024,83;
FRANCISCO DE ASSIS SOUZA NASCIMENTO;NUCLEO DE SERVICOS GERAIS;AUX.O-I;; ESTATUTARIO;2649,63;;2649,63;239,24;2410,39;
FRANCISCO DE ASSIS SOUZA TAVARES;NUCLEO DE SERVICOS GERAIS;AUX.O-I;; ESTATUTARIO;3586,06;;3586,06;344,53;3241,53;
FRANCISCO DE PAULA XAVIER LEITE;DISPONIVEL TCM;PROCURADOR DE CONTAS B;; ESTATUTARIO;33010,36;;33010,36;11559,05;21451,31;
FRANCISCO ELNO BEZERRA HERCULANO;DISPONIVEL SEAD;TECNICO 2A CLASSE;; ESTATUTARIO;1191,67;;1191,67;166,84;1024,83;
FRANCISCO PEDROSA DE ARAUJO;NUCLEO DE SERVICOS GERAIS;AUX.S.G-I;; ESTATUTARIO;2487,94;;2487,94;220,60;2267,34;
FRANCISCO PESSOA FERREIRA FILHO;DISPONIVEL SEAD;AGENTE ADMINISTRATIVO 3A CLASSE;; ESTATUTARIO;1191,67;;1191,67;166,84;1024,83;
FRANKLIN ROLIM ODA;COORD.DE BENS PATRIMONIAIS;AGENTE ADMINISTRATIVO;ASSESSOR III; ESTATUTARIO;3740,44;;3740,44;294,38;3446,06;
FRANZ LISZT SOUTO DA CUNHA;GRUP.INT.PREV.INVAS.AREAS PUB.;A.TEC-I;; ESTATUTARIO;3340,04;;3340,04;334,01;3006,03;
GABRIEL SOARES RETONDANO;ASSESSORIA DE COMUNICACAO;ASSESSOR I;NAO INFORMADO; CARGO COMISSION.S/VINCULO;8229,77;;8229,77;1816,82;6412,95;
GABRIELA ALVES ALBUQUERQUE;GABINETE DO SECRETARIO APOIO;ASSESSOR I;NAO INFORMADO; CARGO COMISSION.S/VINCULO;5613,10;;5613,10;992,73;4620,37;
GABRIELLA GOMES SOARES;COORD.DE BENS PATRIMONIAIS;CHEFE DE DEPARTAMENTO;NAO INFORMADO; CARGO COMISSION.S/VINCULO;8229,77;;8229,77;1816,82;6412,95;
GABRIELLE MARIE BELMONT MADEIRA;GABINETE DO SECRETARIO APOIO;ASSESSOR II;NAO INFORMADO; CARGO COMISSION.S/VINCULO;5613,05;;5613,05;1136,13;4476,92;
GERALDINA PEREIRA PONTES GOES;JUNTA MEDICO-PERICIAL DO EST.;AUX.S.G-I;; ESTATUTARIO;3421,95;;3421,95;315,76;3106,19;
GETRO MENEZES;NUCLEO DE VIGILANCIA;VIGIA-II;; ESTATUTARIO;2520,15;;2520,15;203,73;2316,42;
GLAURA JANNE MOTA DE V DIAS;JUNTA MEDICO-PERICIAL DO EST.;MEDICO ESPECIALISTA;PRESID. JUNTA MEDICA; ESTATUTARIO;2000,00;;2000,00;;2000,00;
GRAZIELA DE OLIVEIRA REIS;SEC.EXEC.DE ADMINIST.E GESTAO;ASSESSOR II;NAO INFORMADO; CARGO COMISSION.S/VINCULO;4209,79;;4209,79;652,57;3557,22;
GRAZIELA NOGUEIRA AIRES DO VALE;CONSULTORIA TEC-ADMINISTRATIVA;ASSESSOR I;NAO INFORMADO; CARGO COMISSION.S/VINCULO;5229,77;;5229,77;992,73;4237,04;
GUILHERME FREDERICO DA S GOMES;CONSULTORIA TEC-ADMINISTRATIVA;C.TEC-U;; ESTATUTARIO;47111,54;6684,61;40426,93;13847,46;26579,47;
GUSTAVO MAIA ROCHA DA SILVA;COORD.DE BENS PATRIMONIAIS;ASSESSOR III;NAO INFORMADO; CARGO COMISSION.S/VINCULO;3191,80;;3191,80;379,31;2812,49;
HAMILTON DOS SANTOS OLIVEIRA;GERENCIA DE PESSOAL;A.TEC-I;; ESTATUTARIO;4186,08;;4186,08;352,42;3833,66;
HELADIA MARIA ARAUJO DOS SANTOS;JUNTA MEDICO-PERICIAL DO EST.;TELEFONISTA;; ESTATUTARIO;2959,44;;2959,44;227,45;2731,99;
HELDER CAMARA CARDOSO DOS SANTOS;GERENCIA DE REGISTRO DE DADOS;A.TEC-I;; ESTATUTARIO;3715,26;;3715,26;389,85;3325,41;
HELENO RODRIGUES DOS SANTOS;NUCLEO DE SERVICOS GERAIS;A.TEC-I;; ESTATUTARIO;3940,04;;3940,04;424,01;3516,03;
HELIANA CUNHA MOTTA DE OLIVEIRA;COMISSAO DE REGIME DISCIPLINAR;A.TEC-I;; ESTATUTARIO;3935,68;;3935,68;422,91;3512,77;
HENRIQUE MARTINS DE AZEVEDO SILVA;COORD.DE BENS PATRIMONIAIS;GERENTE;NAO INFORMADO; CARGO COMISSION.S/VINCULO;4209,79;;4209,79;622,77;3587,02;
HILDA BALBI CASTRO;PESSOAL PROC.DE APOSENTADORIA;TECNICO;; ESTATUTARIO;2785,08;;2785,08;426,75;2358,33;
HIRAIRTON GONCALVES COSTA;NUCLEO DE SERVICOS GERAIS;AUX.S.G-III;AUX. SERVICOS GERAIS; ESTATUTARIO;2861,81;;2861,81;221,70;2640,11;
HITALLA FERNANDES DOS SANTOS;SEC.EXEC.BENS PAT.GAST.PUBLI.;ASSESSOR II;NAO INFORMADO; CARGO COMISSION.S/VINCULO;7209,79;;7209,79;1432,80;5776,99;
HUDSON DE ANDRADE FERNANDES;GERENCIA DE REGISTRO DE DADOS;A.TEC-I;FUNCAO GRATIFICADA F; ESTATUTARIO;6115,26;;6115,26;609,76;5505,50;
HUMBERTO DE MELO HORTA;PESSOAL PROC.DE APOSENTADORIA;A.TEC-I;; ESTATUTARIO;1692,51;;1692,51;236,95;1455,56;
IDUCEIDES DE SOUZA CARNEIRO;GERENCIA DE PESSOAL;A.TEC-I;ASSISTENTE TÉCNICO; ESTATUTARIO;7355,29;;7355,29;1617,61;5737,68;
IGOR FRANCISCO TORRES A GONÇALVES;GABINETE DO SECRETARIO APOIO;ASSESSOR I;NAO INFORMADO; CARGO COMISSION.S/VINCULO;5229,77;;5229,77;992,73;4237,04;
ILEANA FERNANDES LIMA;DISPONIVEL TCM;TECNICO DE CONTAS A;; ESTATUTARIO;1191,67;;1191,67;166,84;1024,83;
INES CAROLINA BARBOSA F S CABRAL;GABINETE DO SECRETARIO;SECRETARIO DE ESTADO;NAO INFORMADO; CARGO COMISSION.S/VINCULO;28060,00;;28060,00;7392,32;20667,68;
IRIA SAFIRA CORDEIRO OLIVEIRA;GERENCIA DE PESSOAL;ASSESSOR II;NAO INFORMADO; CARGO COMISSION.S/VINCULO;4209,79;;4209,79;652,57;3557,22;
IRIS KAROLINNE RODRIGUES CORDEIRO;NUCLEO DE PROTOCOLO;ASSESSOR III;NAO INFORMADO; CARGO COMISSION.S/VINCULO;3191,80;;3191,80;379,31;2812,49;
ISABEL CRISTINA FONSECA;GER.DE APOIO, MANUT.LOGISTICA;A.TEC-I;; ESTATUTARIO;3684,48;;3684,48;378,47;3306,01;
ISAIAS DE LIMA SOARES;COORD.DE BENS PATRIMONIAIS;VIGIA-III;; ESTATUTARIO;2881,67;;2881,67;160,82;2720,85;
IVALDO DA SILVA MARQUES;PENSIONISTAS ALFREDO DA MATA;PENSIONISTA LEI 1735 DE 14.11.85;; PENSIONISTA POR LEI;998,00;;998,00;;998,00;
IVAN DE SOUZA NASCIMENTO;NUCLEO DE TRANSPORTE;AUX.O-I;; ESTATUTARIO;3217,41;;3217,41;334,90;2882,51;
IVANETE ALVES VIANA;PENSIONISTAS ALFREDO DA MATA;PENSIONISTA LEI 1735 DE 14.11.85;; PENSIONISTA POR LEI;998,00;;998,00;;998,00;
IVONE DA SILVA FONSECA;GABINETE DO SECRETARIO APOIO;A.TEC-I;; ESTATUTARIO;5110,34;;5110,34;695,29;4415,05;
IZAIAS SANTOS DA SILVA;JUNTA MEDICO-PERICIAL DO EST.;VIGIA-II;VIGIA; ESTATUTARIO;2218,15;;2218,15;185,85;2032,30;
JAKSON VEIGA FROTA;JUNTA MEDICO-PERICIAL DO EST.;VIGIA-III;; ESTATUTARIO;2485,67;;2485,67;131,12;2354,55;
JANAINA GOMES DE SOUZA;ASSESSORIA DE COMUNICACAO;ASSESSOR I;ASSESSOR I; CARGO COMISSION.S/VINCULO;5229,77;;5229,77;992,73;4237,04;
JANAINA MARIA ALBUQUERQUE FOGASSA;CONSULTORIA TEC-ADMINISTRATIVA;ASSESSOR II;NAO INFORMADO; CARGO COMISSION.S/VINCULO;4209,79;;4209,79;652,57;3557,22;
JANEIDE DE SOUZA GUEDES;GERENCIA DE PESSOAL;A.TEC-I;; ESTATUTARIO;5179,74;;5179,74;715,26;4464,48;
JERSEY QUINTELA DE ALENCAR;DISPONIVEL SEAD;TECNICO 1A CLASSE;; ESTATUTARIO;1191,67;;1191,67;166,84;1024,83;
JERUZA COLARES DA SILVA;NUCLEO DE SERVICOS GERAIS;AUX.S.G-II;AUX. SERVICOS GERAIS; ESTATUTARIO;2499,27;;2499,27;187,94;2311,33;
JOAO ALFREDO MONTEIRO DA COSTA;DISPONIVEL POLICIA CIVIL;AGENTE DE POLICIA 2A CLASSE;; ESTATUTARIO;1191,67;;1191,67;166,84;1024,83;
JOAO DAS CHAGAS DANTAS;REMANEJADOS EXT.OUVID.GER.EST.;A.TEC-I;; ESTATUTARIO;3950,01;;3950,01;426,55;3523,46;
JOAO GOMES VILELA;PESSOAL PROC.DE APOSENTADORIA;ENG-I;; ESTATUTARIO;5568,24;;5568,24;1187,00;4381,24;
JOAO PEDRO DA SILVA BEZERRA;PENSIONISTAS ALFREDO DA MATA;PENSIONISTA LEI 1735 DE 14.11.85;; PENSIONISTA POR LEI;998,00;;998,00;;998,00;
JOAO SALES BASTOS ATHAN;DISPONIVEL POLICIA CIVIL;AGENTE DE POLICIA 1A CLASSE;; ESTATUTARIO;1191,67;;1191,67;166,84;1024,83;
JOAO SILVA DA SILVA DE AQUINO;DISPONIVEL SEAD;TECNICO 2A CLASSE;; ESTATUTARIO;1191,67;;1191,67;166,84;1024,83;
JOAO SOUZA DA SILVA;EXTINTO B.CARGOS AGUARD.RELOT.;AUXILIAR DE SERVICOS GERAIS;; ESTATUTARIO;1100,00;;1100,00;224,21;875,79;
JOE VIANA COUTO;DISPONIVEL POLICIA CIVIL;AGENTE DE POLICIA 1A CLASSE;; ESTATUTARIO;14250,96;;14250,96;4245,69;10005,27;
JOEL DO NASCIMENTO DIAS;NUCLEO DE SERVICOS GERAIS;AUX.S.G-I;; ESTATUTARIO;2590,06;;2590,06;212,90;2377,16;
JOHN GUIMARAES BICHARRA;COORD.GER.SEC.EX.ADJ.G.R.HUM.;TNS-I;F. GRATIFICADA, FG-1; ESTATUTARIO;8980,18;;8980,18;1691,53;7288,65;
JORGE LUIS BARROSO DE OLIVEIRA;DISPONIVEL SEAD;TECNICO 1A CLASSE;; ESTATUTARIO;1191,67;;1191,67;166,84;1024,83;
JOSE ANTONIO PEREIRA DO VAL;NUCLEO DE RECEPCAO;MARINHEIRO FLUVIAL DE CONVES;; ESTATUTARIO;3207,48;;3207,48;252,47;2955,01;
JOSE ARMANDO OLIVEIRA DA SILVA;PENSIONISTAS DE URUCURITUBA;PENSIONISTA LEI 1735 DE 14.11.85;; PENSIONISTA POR LEI;998,00;;998,00;;998,00;
JOSE BEZERRA DE ARAUJO;EXTINTO B.CARGOS AGUARD.RELOT.;A.OPE-II;; ESTATUTARIO;1100,00;;1100,00;242,60;857,40;
JOSE CAVALCANTE LINS;PESSOAL PROC.DE APOSENTADORIA;A.TEC-I;; ESTATUTARIO;1100,00;;1100,00;246,20;853,80;
JOSE GOMES CORDEIRO;NUCLEO DE VIGILANCIA;AUX.S.G-II;; ESTATUTARIO;2218,15;;2218,15;185,85;2032,30;
JOSE MACIEL FILHO;NUCLEO DE PROTOCOLO;AGENTE ADMINISTRATIVO 3A CLASSE;; ESTATUTARIO;1100,00;;1100,00;154,00;946,00;
JOSE MARIA ROCHA DE OLIVEIRA;COMISSAO DE REGIME DISCIPLINAR;A.TEC-I;; ESTATUTARIO;5205,51;;5205,51;671,98;4533,53;
JOSE RIBAMAR GOMES DE AQUINO;DISPONIVEL TCM;ANALISTA DE FINAN.E CONTR.EXTERNO A;; ESTATUTARIO;1191,67;;1191,67;166,84;1024,83;
JOSE RIBAMAR SIQUERA MARREIROS;PENSIONISTAS ALFREDO DA MATA;PENSIONISTA LEI 1735 DE 14.11.85;; PENSIONISTA POR LEI;998,00;;998,00;;998,00;
JOSE ROBERTO SARAIVA DOS SANTOS;NUCLEO DE VIGILANCIA;AUX.O-I;; ESTATUTARIO;2724,39;;2724,39;297,46;2426,93;
JOSE VIRGILIO BATISTA DE OLIVEIRA;COMISSAO DE REGIME DISCIPLINAR;TNS-I;; ESTATUTARIO;5180,18;;5180,18;917,92;4262,26;
JOZIEDE DA SILVA PINHEIRO;PENSIONISTAS ALFREDO DA MATA;PENSIONISTA LEI 1735 DE 14.11.85;; PENSIONISTA POR LEI;998,00;;998,00;;998,00;
JUDITE GUIMARAES DE BARROS;GERENCIA DE REGISTRO DE DADOS;A.TEC-I;; ESTATUTARIO;5166,85;;5166,85;710,83;4456,02;
KATIA DESSIMONI VICTORIA;ESC.GEST.E APERF.DO SERV.PUBL.;AUX.ADM-I;GERENTE, AD-2; ESTATUTARIO;4749,14;;4749,14;496,88;4252,26;
KATIO TRAVESSA DA SILVA;GABINETE DO SECRETARIO APOIO;ASSESSOR III;NAO INFORMADO; CARGO COMISSION.S/VINCULO;3191,80;;3191,80;379,31;2812,49;
KELMA MARTINS DE SOUZA;RELOTADOS DA SEC/AMAZONASTUR;ASSISTENTE TECNICO I;ASSIST. TECNICO I; ESTATUTARIO;3434,00;;3434,00;295,12;3138,88;
KEYDMA MARIA FERREIRA PONCE DE LEAO;CONSULTORIA TEC-ADMINISTRATIVA;ASSESSOR I;NAO INFORMADO; CARGO COMISSION.S/VINCULO;5229,77;;5229,77;992,73;4237,04;
LARISSA FREIRE DE SOUSA;GABINETE DO SECRETARIO APOIO;ASSESSOR II;NAO INFORMADO; CARGO COMISSION.S/VINCULO;4209,79;;4209,79;652,57;3557,22;
LARISSA ROSAS NOGUEIRA CHAGAS;CONSULTORIA TEC-ADMINISTRATIVA;ASSESSOR II;NAO INFORMADO; CARGO COMISSION.S/VINCULO;4209,79;;4209,79;622,77;3587,02;
LEANDRO SILVIO LIRA DOS SANTOS;COORD.GER.SEC.EX.ADJ.G.R.HUM.;AGENTE ADM.-AGA-T.S.N.A.-E;ASSESSOR IV; ESTATUTARIO;3740,44;;3740,44;341,55;3398,89;
LENITA BENTES MAGALHAES;JUNTA MEDICO-PERICIAL DO EST.;A.TEC-I;; ESTATUTARIO;3959,98;;3959,98;400,65;3559,33;
LEONARDO LIMA DE ABREU;GER.DE APOIO, MANUT.LOGISTICA;GERENTE;NAO INFORMADO; CARGO COMISSION.S/VINCULO;4209,79;;4209,79;652,57;3557,22;
LEONETE CONCEICAO ARAUJO DA SILVA;GERENCIA DE REGISTRO DE DADOS;ASSISTENTE TECNICO II;; ESTATUTARIO;4036,94;;4036,94;439,64;3597,30;
LUAN MAGNO DE QUEIROZ;PENSIONISTAS ALFREDO DA MATA;PENSIONISTA LEI 1735 DE 14.11.85;; PENSIONISTA POR LEI;998,00;;998,00;;998,00;
LUANA LOPES VIANA;SEC.EXE.AD.G.PAT.GAST.PUBLICOS;GERENTE;; CARGO COMISSION.S/VINCULO;4209,79;;4209,79;622,77;3587,02;
LUCIA JESUS DA CONCEICAO;PENSIONISTAS ALFREDO DA MATA;PENSIONISTA LEI 1735 DE 14.11.85;; PENSIONISTA POR LEI;998,00;;998,00;;998,00;
LUCIANA DE CASTRO SANTORO;SEC.EXEC.DE ADMINIST.E GESTAO;TEC. DE NIVEL SUPERIOR 1A CLASSE;ASSESSOR II; ESTATUTARIO;7745,16;;7745,16;1575,49;6169,67;
LUIZ CARLOS BENTO DE SANTANA;NUCLEO DE PROTOCOLO;A.TEC-I;; ESTATUTARIO;1828,26;;1828,26;213,34;1614,92;
LUIZ CARLOS MARQUES CARNEIRO;NUCLEO DE PROTOCOLO;A.TEC-I;; ESTATUTARIO;3950,01;;3950,01;426,55;3523,46;
LUIZ CLAUDIO DOS SANTOS P SOUZA;NUCLEO DE ARQ.ADMINISTRATIVO;A.TEC-II;; ESTATUTARIO;3025,00;;3025,00;241,25;2783,75;
LUIZ FERREIRA FONTENELE;NUCLEO DE VIGILANCIA;VIGIA-I;; ESTATUTARIO;3346,34;;3346,34;315,84;3030,50;
LUIZ ROBERTO DE MELO FONSECA;CONSULTORIA TEC-ADMINISTRATIVA;C.TEC-U;; ESTATUTARIO;33233,65;;33233,65;13439,04;19794,61;
LUIZ RODRIGUES DE QUEIROZ;PESSOAL PROC.DE APOSENTADORIA;MOTORISTA 2A CLASSE;; ESTATUTARIO;1548,97;;1548,97;216,64;1332,33;
LUZIA NUNES DE OLIVEIRA;NUCLEO DE RECEPCAO;A.TEC-I;; ESTATUTARIO;3365,59;;3365,59;312,08;3053,51;
MAELY AUGUSTA D ANGELO FARIAS;SEC.EXEC.BENS PAT.GAST.PUBLI.;MEMBRO;; GRUPO DE TRABALHO;3000,00;;3000,00;95,20;2904,80;
MALENE MARIA DE CASTRO PERDIGAO;GERENCIA DE REGISTRO DE DADOS;GERENTE;NAO INFORMADO; CARGO COMISSION.S/VINCULO;4209,79;;4209,79;652,57;3557,22;
MANUEL BRAZ DA SILVA;NUCLEO DE ARQ.ADMINISTRATIVO;A.TEC-I;; ESTATUTARIO;3939,09;;3939,09;423,09;3516,00;
MANUEL BULCAO FILHO;GABINETE DO SECRETARIO;ASSESSOR III;NAO INFORMADO; CARGO COMISSION.S/VINCULO;3191,80;;3191,80;379,31;2812,49;
MANUEL FERNANDES DA SILVA;NUCLEO DE SERVICOS GERAIS;TRABALHADOR DE CAMPO 1A CLASSE;; ESTATUTARIO;2254,08;;2254,08;121,89;2132,19;
MARCELLA MARIA FALCAO C AMORIM;GER.DE APOIO, MANUT.LOGISTICA;ASSESSOR I;NAO INFORMADO; CARGO COMISSION.S/VINCULO;2963,52;;2963,52;332,00;2631,52;
MARCELO ARAUJO SILVA;ARQUIVO PUB.EST.DO AMAZONAS;CHEFE DE ARQ.PUB.DO EST.DO AMAZONAS;NAO INFORMADO; CARGO COMISSION.S/VINCULO;8229,77;;8229,77;1816,82;6412,95;
MARCIA AUGUSTA DE SOUZA;DEPTO.DE ADMINIST.E FINANCAS;A.TEC-II;DIR.DEPTO.ADMINISTR.; ESTATUTARIO;9105,46;;9105,46;1783,04;7322,42;
MARCIA MACEDO MAIA;GABINETE DO SECRETARIO APOIO;ASSESSOR III;NAO INFORMADO; CARGO COMISSION.S/VINCULO;3191,80;;3191,80;379,31;2812,49;
MARCINEIDE REIS CAMPOS;NUCLEO DE PROTOCOLO;A.TEC-I;; ESTATUTARIO;2066,02;;2066,02;219,73;1846,29;
MARCO AURELIO MARTINS DA SILVA;COMISSAO DE REGIME DISCIPLINAR;MEMBRO COMISSAO REGIME DISCIPLINAR;; CONSELHO;700,00;;700,00;;700,00;
MARCOS ANTONIO NASCIMENTO SILVA;EXTINTO B.CARGOS AGUARD.RELOT.;ENGENHEIRO AGRONOMO;; ESTATUTARIO;4478,80;;4478,80;784,95;3693,85;
MARCUS VINICIUS SANTOS DE P NUNES;GER.DE VALORIZACAO DO SERVIDOR;ASSESSOR I;NAO INFORMADO; CARGO COMISSION.S/VINCULO;5229,77;;5229,77;907,42;4322,35;
MARGARIDA VINHOTE FRANCA;GABINETE DO SECRETARIO APOIO;ENCADERNADOR;; ESTATUTARIO;3792,75;;3792,75;317,12;3475,63;
MARIA ALBERTIZA DA COSTA FERNANDES;GERENCIA DE PESSOAL;A.TEC-I;; ESTATUTARIO;3335,68;;3335,68;332,91;3002,77;
MARIA APARECIDA R CAVALCANTE;CONSULTORIA TEC-ADMINISTRATIVA;A.TEC-I;; ESTATUTARIO;3940,04;;3940,04;424,01;3516,03;
MARIA AUREA MOURA DE OLIVEIRA;GER.AUDITORIA DE FOLHA PAGTO.;A.TEC-I;F. GRATIFICADA, FG-3; ESTATUTARIO;5180,04;;5180,04;715,34;4464,70;
MARIA AUXILIADORA DA C S PORTILIO;CONSULTORIA TEC-ADMINISTRATIVA;A.TEC-I;ASSESSOR I, AD-1; ESTATUTARIO;7884,04;;7884,04;1406,80;6477,24;
MARIA AUXILIADORA SILVA DE OLIVEIRA;NUCLEO DE ARQ.ADMINISTRATIVO;AGENTE ADMINISTRATIVO 1A CLASSE;; ESTATUTARIO;3273,76;;3273,76;308,13;2965,63;
MARIA D ASSUNCAO DA COSTA PINHEIRO;DISPONIVEL TCM;CONSULTOR TECNICO B;; ESTATUTARIO;1181,67;;1181,67;148,64;1033,03;
MARIA DA CONCEICAO RIBEIRO DUARTE;COMISSAO DE REGIME DISCIPLINAR;ASSISTENTE TECNICO GOVERNAMENTAL;; ESTATUTARIO;2279,54;;2279,54;203,02;2076,52;
MARIA DA CONCEICAO SOUZA;JUNTA MEDICO-PERICIAL DO EST.;A.TEC-I;; ESTATUTARIO;3950,01;;3950,01;426,55;3523,46;
MARIA DA PAZ ALVES DA SILVA AMORIM;PESSOAL PROC.DE APOSENTADORIA;A.TEC-I;; ESTATUTARIO;1609,15;;1609,15;225,28;1383,87;
MARIA DA PENHA SAID LOPES;ARQUIVO PUB.EST.DO AMAZONAS;CHEFE DE DEPARTAMENTO;; CARGO COMISSION.S/VINCULO;5229,77;;5229,77;992,73;4237,04;
MARIA DAS DORES MARTINS SOARES;PENSIONISTAS ALFREDO DA MATA;PENSIONISTA LEI 1735 DE 14.11.85;; PENSIONISTA POR LEI;998,00;;998,00;;998,00;
MARIA DAS GRACAS DE SOUZA TORRES;DEPTO.DE ADMINIST.E FINANCAS;A.TEC-I;; ESTATUTARIO;3930,07;;3930,07;421,48;3508,59;
MARIA DAS GRACAS ROCHA DE SOUZA;SEC.EXE.AD.G.PAT.GAST.PUBLICOS;A.TEC-I;ASSISTENTE TECNICO; ESTATUTARIO;3950,01;;3950,01;426,55;3523,46;
MARIA DE FATIMA DA SILVA MELO;GER.AUDITORIA DE FOLHA PAGTO.;A.TEC-I;F. GRATIFICADA, FG-3; ESTATUTARIO;5288,22;;5288,22;754,72;4533,50;
MARIA DE FATIMA DE SOUZA ALENCAR;GER.DE VALORIZACAO DO SERVIDOR;A.TEC-I;GERENTE, AD-2; ESTATUTARIO;5134,04;;5134,04;702,69;4431,35;
MARIA DE LOURDES OLIVEIRA XAVIER;PESSOAL PROC.DE APOSENTADORIA;A.TEC-I;; ESTATUTARIO;1578,23;;1578,23;220,95;1357,28;
MARIA DE NAZARÉ JATOBÁ DO LAGO;GER.AUDITORIA DE FOLHA PAGTO.;ASSESSOR II;; CARGO COMISSION.S/VINCULO;4209,79;;4209,79;652,57;3557,22;
MARIA DO PERPETUO SOCORRO B SOUZA;JUNTA MEDICO-PERICIAL DO EST.;AUXILIAR DE SERV GERAIS 3A CLASSE;; ESTATUTARIO;2870,55;;2870,55;223,50;2647,05;
MARIA DO PERPETUO SOCORRO S GUERRA;GERENCIA DE PESSOAL;A.TEC-I;; ESTATUTARIO;3950,01;;3950,01;426,55;3523,46;
MARIA DO SOCORRO DA COSTA OLIVEIRA;GER.DE VALORIZACAO DO SERVIDOR;ASSISTENTE TECNICO 1A CLASSE;; ESTATUTARIO;3786,24;;3786,24;367,57;3418,67;
MARIA DO SOCORRO LAMONGI DE SOUZA;CONSULTORIA TEC-ADMINISTRATIVA;C.TEC-U;; ESTATUTARIO;40889,13;462,20;40426,93;13847,46;26579,47;
MARIA DOLORES SILVA DE ARAUJO;SEC.EXE.AD.G.PAT.GAST.PUBLICOS;A.TEC-I;F. GRATIFICADA, FG-1; ESTATUTARIO;5047,65;;5047,65;679,43;4368,22;
MARIA DOS ANJOS MARQUES LEITE;DISPONIVEL SEAD;TECNICO 3A CLASSE;; ESTATUTARIO;1191,67;;1191,67;166,84;1024,83;
MARIA DULCILENE FROTA DA SILVA;GER.BENEFICIO DOS SERVIDORES;ASSISTENTE TECNICO GOVERNAMENTAL;; ESTATUTARIO;2478,53;;2478,53;219,07;2259,46;
MARIA FERREIRA DE SOUZA;GERENCIA DE REGISTRO DE DADOS;A.TEC-I;; ESTATUTARIO;3935,68;;3935,68;422,91;3512,77;
MARIA GORETH DOS SANTOS VIEIRA;SEC.EXEC.BENS PAT.GAST.PUBLI.;MEMBRO;; GRUPO DE TRABALHO;3000,00;;3000,00;95,20;2904,80;
MARIA HELENA JUREMA CAMPOS;GERENCIA DE PESSOAL;A.TEC-I;; ESTATUTARIO;7379,44;;7379,44;1621,26;5758,18;
MARIA IZABEL OLIVEIRA MOINHO;GER.BENEFICIO DOS SERVIDORES;A.TEC-I;; ESTATUTARIO;3950,01;;3950,01;398,12;3551,89;
MARIA JOSE BRANDAO MOTA;GER.BENEFICIO DOS SERVIDORES;AGENTE ADMINISTRATIVO 3A CLASSE;; ESTATUTARIO;3603,77;;3603,77;349,56;3254,21;
MARIA JOSE LIMA COSTA;NUCLEO DE RECEPCAO;AUXILIAR DE SERV GERAIS 2A CLASSE;; ESTATUTARIO;2870,55;;2870,55;736,70;2133,85;
MARIA JULIA DE OLIVEIRA BRAGA DA RO;DISPONIVEL TCM;CONSULTOR TECNICO B;; ESTATUTARIO;1191,67;;1191,67;166,84;1024,83;
MARIA LIANA RABELO BARBOSA;PENSIONISTAS ALFREDO DA MATA;PENSIONISTA LEI 1735 DE 14.11.85;; PENSIONISTA POR LEI;998,00;;998,00;;998,00;
MARIA LINDINALVA DE LIRA BARBOSA;DISPONIVEL TCM;ASSISTENTE TECNICO ADMINISTRATIVO B;; ESTATUTARIO;1188,25;;1188,25;160,62;1027,63;
MARIA MITZI DINELLI MAGNANI;GERENCIA DE PESSOAL;ASSISTENTE TECNICO ADMINISTRATIVO B;; ESTATUTARIO;3701,06;;3701,06;293,79;3407,27;
MARIA NILMA DE SOUSA SILVA;GER.DE PLANEJ.ORC.E FINANCAS;A.TEC-II;GERENTE, AD-2; ESTATUTARIO;4835,46;;4835,46;610,48;4224,98;
MARIA RITA GARCEZ VIEIRA FREDERICO;SEC.EXEC.DE ADMINIST.E GESTAO;A.TEC-I;; ESTATUTARIO;3940,04;;3940,04;424,01;3516,03;
MARIA SEBASTIANA DE OLIVEIRA BRITO;COMISSAO DE REGIME DISCIPLINAR;A.TEC-I;; ESTATUTARIO;3959,98;;3959,98;429,09;3530,89;
MARIA VALDA BARROSO;NUCLEO DE SERVICOS GERAIS;AUX.S.G-I;; ESTATUTARIO;2581,31;;2581,31;211,12;2370,19;
MARIA VALDECIRA AIRES DA SILVA;ARQUIVO PUB.EST.DO AMAZONAS;AUX.ADM-I;; ESTATUTARIO;3196,58;;3196,58;295,98;2900,60;
MARIA VALDENIZIA DA COSTA VAZ;GABINETE DO SECRETARIO APOIO;AUX.ADM-I;; ESTATUTARIO;3577,31;;3577,31;322,54;3254,77;
MARIA WALDELICE DE AZEVEDO FREITAS;GERENCIA DE PESSOAL;A.TEC-I;; ESTATUTARIO;2665,46;;2665,46;257,23;2408,23;
MARIA ZENIRA VIEIRA DE OLIVEIRA;CONSULTORIA TEC-ADMINISTRATIVA;AUX.S.G-I;; ESTATUTARIO;3790,12;;3790,12;376,62;3413,50;
MARILENE NOBRE CAVALCANTE DE SOUSA;DISPONIVEL TCM;AUDITOR;; ESTATUTARIO;9102,46;;9102,46;2429,98;6672,48;
MARINDIA GUERRO DUTRA FEITOZA;JUNTA MEDICO-PERICIAL DO EST.;MEDICO GENERALISTA;PERITO; ESTATUTARIO;1250,00;;1250,00;;1250,00;
MARIO JORGE MARTINS DE PAULA;PESSOAL PROC.DE APOSENTADORIA;TECNICO EM PLANEJAMENTO 1A CLASSE;; ESTATUTARIO;1100,00;;1100,00;154,00;946,00;
MARIO JORGE QUADROS DE MACEDO;JUNTA MEDICO-PERICIAL DO EST.;PERITO;; CONSELHO;1250,00;;1250,00;;1250,00;
MARIO PORTO DE AGUIAR;DISPONIVEL POLICIA CIVIL;AGENTE DE POLICIA 1A CLASSE;; ESTATUTARIO;12887,24;;12887,24;3463,06;9424,18;
MARLUCIA FERNANDES DA SILVA;COORD.GER.SEC.EX.ADJ.G.R.HUM.;AUX.O-I;; ESTATUTARIO;3766,00;;3766,00;370,49;3395,51;
MARTINHO GARCIA DOS SANTOS;PENSIONISTAS ALFREDO DA MATA;PENSIONISTA LEI 1735 DE 14.11.85;; PENSIONISTA POR LEI;998,00;;998,00;;998,00;
MIGUEL RAIMUNDO COSTA DE ANDRADE;PENSIONISTAS ALFREDO DA MATA;PENSIONISTA LEI 1735 DE 14.11.85;; PENSIONISTA POR LEI;998,00;;998,00;;998,00;
MIGUEL RODRIGUES DA FONSECA;NUCLEO DE VIGILANCIA;MARINHEIRO FLUVIAL DE CONVES;; ESTATUTARIO;2597,43;;2597,43;288,04;2309,39;
MIRIAN DA CRUZ PINHEIRO;NUCLEO DE PROTOCOLO;AUX.S.G-I;; ESTATUTARIO;3791,00;;3791,00;376,85;3414,15;
MONICA BASTOS CASTRO;CONSULTORIA TEC-ADMINISTRATIVA;ASSESSOR I;NAO INFORMADO; CARGO COMISSION.S/VINCULO;5229,77;;5229,77;992,73;4237,04;
MONIQUE DA SILVA TAPAJOS;DISPONIVEL TCM;PROCURADOR DE CONTAS A;; ESTATUTARIO;9581,54;;9581,54;2611,13;6970,41;
NAIME SA TAMER;JUNTA MEDICO-PERICIAL DO EST.;AGENTE ADMINISTRATIVO 2A CLASSE;; ESTATUTARIO;3754,69;;3754,69;390,16;3364,53;
NAIRO AGUIAR CORDEIRO;COMISSAO DE REGIME DISCIPLINAR;MEMBRO COMISSAO REGIME DISCIPLINAR;; CONSELHO;700,00;;700,00;;700,00;
NATASHA LIMA DA SILVA NEVES ABREU;JUNTA MEDICO-PERICIAL DO EST.;PERITO;; CONSELHO;1250,00;;1250,00;;1250,00;
NEUZA NASCIMENTO FERREIRA;ARQUIVO PUB.EST.DO AMAZONAS;A.TEC-I;; ESTATUTARIO;3939,09;;3939,09;423,09;3516,00;
NEY GEORGE BELTRAO DA COSTA;NUCLEO DE VIGILANCIA;MARINHEIRO FLUVIAL DE CONVES;; ESTATUTARIO;2543,66;;2543,66;284,96;2258,70;
NILZETE NEVES RODRIGUES;GER.BENEFICIO DOS SERVIDORES;A.TEC-I;; ESTATUTARIO;3936,59;;3936,59;423,14;3513,45;
NORMA DA SILVA JATOBA;JUNTA MEDICO-PERICIAL DO EST.;PERITO;PERITO; ESTATUTARIO;1250,00;;1250,00;;1250,00;
NORMA MOURA DA SILVA;ARQUIVO PUB.EST.DO AMAZONAS;ENCADERNADOR;; ESTATUTARIO;3098,77;;3098,77;281,88;2816,89;
OCIMAR PIRES DE SOUSA;GABINETE DO SECRETARIO APOIO;A.TEC-I;; ESTATUTARIO;4970,44;;4970,44;658,59;4311,85;
OLINETE OLIVEIRA MAGALHAES;EXTINTO B.CARGOS AGUARD.RELOT.;AUX.S.G-II;; ESTATUTARIO;1100,00;;1100,00;229,27;870,73;
ORLANDO BARBOSA MARTINS;GER.DE PLANEJ.ORC.E FINANCAS;ASSESSOR I;NAO INFORMADO; CARGO COMISSION.S/VINCULO;5229,77;;5229,77;992,73;4237,04;
OSVALDIZIA MELO VEIGA;GERENCIA DE PESSOAL;ASSISTENTE TECNICO I;; ESTATUTARIO;5360,85;;5360,85;768,13;4592,72;
OTILIA RIBEIRO BARROSO CESAR;REMANEJADOS EXT.OUVID.GER.EST.;A.TEC-I;; ESTATUTARIO;1849,07;;1849,07;219,73;1629,34;
OTILIO TADEU LINHARES;DISPONIVEL SEAD;ENGENHEIRO AGRONOMO;; ESTATUTARIO;1191,67;;1191,67;166,84;1024,83;
PAMELA ROLIM DE LIMA;GER.DE PLANEJ.ORC.E FINANCAS;AGENTE ADM.-AGA-T.S.N.A.-E;ASSESSOR IV; ESTATUTARIO;3140,44;;3140,44;204,38;2936,06;
PAOLA DI ANGELIS BRASIL PASSOS;SEC.EXEC.BENS PAT.GAST.PUBLI.;MEMBRO;; GRUPO DE TRABALHO;3000,00;;3000,00;95,20;2904,80;
PAULA ANGELA OLIVEIRA CANTO;PENSIONISTAS ALFREDO DA MATA;PENSIONISTA LEI 1735 DE 14.11.85;; PENSIONISTA POR LEI;998,00;;998,00;;998,00;
PAULA GRETHEANE FONSECA DE OLIVEIRA;DEPTO.DE ADMINIST.E FINANCAS;ASSESSOR II;NAO INFORMADO; CARGO COMISSION.S/VINCULO;4209,79;;4209,79;652,57;3557,22;
PAULO ROBERTO IOPPI;DISPONIVEL SEAD;ENGENHEIRO 2A CLASSE;; ESTATUTARIO;1184,64;;1184,64;154,04;1030,60;
PAULO VICTOR MARQUES VIANA;DEPTO.DE TECNOL.DA INFORMACAO;ASSESSOR II;NAO INFORMADO; CARGO COMISSION.S/VINCULO;7209,79;;7209,79;1432,80;5776,99;
PEDRO BRUNO DOS PRAZERES;NUCLEO DE VIGILANCIA;AUX.O-III;; ESTATUTARIO;2333,59;;2333,59;182,98;2150,61;
PEDRO DA SILVA MAIA;NUCLEO DE VIGILANCIA;AUX.O-I;; ESTATUTARIO;2598,54;;2598,54;317,47;2281,07;
PEDRO DE SOUZA MOREIRA;NUCLEO DE VIGILANCIA;VIGIA;; ESTATUTARIO;2282,06;;2282,06;106,69;2175,37;
PERICLES DE PINHO CORREA;GER.BENEFICIO DOS SERVIDORES;A.TEC-I;; ESTATUTARIO;3727,83;;3727,83;364,79;3363,04;
PRISCILA HELLEN FIGUEREDO DA COSTA;SEC.EXEC.DE ADMINIST.E GESTAO;ASSESSOR III;NAO INFORMADO; CARGO COMISSION.S/VINCULO;3208,46;;3208,46;379,31;2829,15;
RACHEL DA SILVA ANDRADE;JUNTA MEDICO-PERICIAL DO EST.;ENCADERNADOR;; ESTATUTARIO;3300,96;;3300,96;312,21;2988,75;
RAIMUNDA CORREA DA SILVA;NUCLEO DE SERVICOS GERAIS;AUX.S.G-II;AUX. SERVIÇOS GERAIS; ESTATUTARIO;2527,25;;2527,25;210,65;2316,60;
RAIMUNDA NONATA DE OLIVEIRA BEZERRA;NUCLEO DE ARQ.ADMINISTRATIVO;AUXILIAR DE SERVICOS GERAIS;; ESTATUTARIO;3962,73;;3962,73;323,39;3639,34;
RAIMUNDA NONATA SOUZA GOMES;CONSULTORIA TEC-ADMINISTRATIVA;A.TEC-I;ASSIST. ADMINIST.; ESTATUTARIO;3942,72;;3942,72;424,70;3518,02;
RAIMUNDO AGUIAR COELHO;NUCLEO DE SERVICOS GERAIS;VIGIA-I;; ESTATUTARIO;2361,96;;2361,96;218,38;2143,58;
RAIMUNDO ALBERTO DA SILVA MENTA;GER.AUDITORIA DE FOLHA PAGTO.;A.TEC-I;F. GRATIFICADA, FG-1; ESTATUTARIO;6125,05;;6125,05;750,55;5374,50;
RAIMUNDO BARROS WAUGHON;NUCLEO DE PROTOCOLO;A.TEC-I;; ESTATUTARIO;3940,04;;3940,04;424,01;3516,03;
RAIMUNDO DA COSTA GONCALVES;JUNTA MEDICO-PERICIAL DO EST.;VIGIA-II;; ESTATUTARIO;2520,15;;2520,15;208,50;2311,65;
RAIMUNDO FERREIRA DA SILVA;NUCLEO DE VIGILANCIA;MARINHEIRO FLUVIAL DE CONVES;; ESTATUTARIO;2347,48;;2347,48;237,54;2109,94;
RAIMUNDO LIMA DE HOLANDA;NUCLEO DE SERVICOS GERAIS;AUX.O-I;; ESTATUTARIO;3404,30;;3404,30;341,10;3063,20;
RAIMUNDO RODRIGUES DE MORAES;ARQUIVO PUB.EST.DO AMAZONAS;AUX.O-I;; ESTATUTARIO;2977,31;;2977,31;255,04;2722,27;
RANSES GADELHA BEZERRA;SEC.EXE.AD.G.PAT.GAST.PUBLICOS;CHEFE DE DEPARTAMENTO;NAO INFORMADO; CARGO COMISSION.S/VINCULO;8229,77;;8229,77;1764,68;6465,09;
REGINA LUCIA BRANDAO LIMA JAEGER;EXTINTO B.CARGOS AGUARD.RELOT.;ASSISTENTE SOCIAL 3A CLASSE;; ESTATUTARIO;2893,27;;2893,27;448,88;2444,39;
RIAD ABRAHIM BALLUT;DEPTO.DE ADMINIST.E FINANCAS;AFP-U;; ESTATUTARIO;9166,67;;9166,67;2416,07;6750,60;
RICARDO QUEIROZ DE PAIVA;COMISSAO DE REGIME DISCIPLINAR;MEMBRO COMISSAO REGIME DISCIPLINAR;MEMBRO CRD; CONSELHO;700,00;;700,00;;700,00;
RITA DE CASSIA MOREIRA PORTO;GABINETE DO SECRETARIO APOIO;ASSESSOR IV;NAO INFORMADO; CARGO COMISSION.S/VINCULO;2575,61;;2575,61;259,85;2315,76;
RITA MARIA DE SOUZA GONCALVES;DISPONIVEL SEAD;TECNICO 2A CLASSE;; ESTATUTARIO;1191,67;;1191,67;166,84;1024,83;
ROBERTO CONTE DE MELO;DISPONIVEL SEAD;ASSISTENTE TECNICO 3A CLASSE;; ESTATUTARIO;1191,67;;1191,67;166,84;1024,83;
ROBERTO FAGNER DUARTE DA SILVA DIAS;JUNTA MEDICO-PERICIAL DO EST.;ASSESSOR II;ASSESSOR AD-2; CARGO COMISSION.S/VINCULO;4209,79;;4209,79;652,57;3557,22;
ROBERTO SOBREIRA NASCIMENTO;DISPONIVEL SEAD;ELETRICISTA;; ESTATUTARIO;1191,67;;1191,67;166,84;1024,83;
ROBERVAL WILKENS MARINHO;DISPONIVEL POLICIA CIVIL;ESCRIVAO DE POLICIA 3A CLASSE;; ESTATUTARIO;1191,67;;1191,67;166,84;1024,83;
ROBSON GUIMARAES DE SOUSA;RELOTADOS DA SEC/AMAZONASTUR;ASSISTENTE TECNICO I;; ESTATUTARIO;2789,62;;2789,62;260,34;2529,28;
ROOSEVELT DOS SANTOS LOPES;COORD.DE BENS PATRIMONIAIS;AUX.ADM-III;AGENTE ADMINISTRAT.; ESTATUTARIO;3461,81;;3461,81;309,84;3151,97;
RORIZ MOTA DE BRITO;NUCLEO DE TRANSPORTE;MOT-III;MOTORISTA; ESTATUTARIO;3602,71;;3602,71;352,64;3250,07;
ROSANGELA ABREU DA COSTA LINS;DISPONIVEL TCM;AUDITOR ASSISTENTE - N.S.;; ESTATUTARIO;1191,67;;1191,67;166,84;1024,83;
ROSILENE DE DEUS MEDEIROS;ASSESSORIA DE COMUNICACAO;ASSESSOR I;NAO INFORMADO; CARGO COMISSION.S/VINCULO;5229,77;;5229,77;950,08;4279,69;
ROSILENE VIDAL BARRETO;COORD.GER.SEC.EX.ADJ.G.R.HUM.;ASSESSOR I;NAO INFORMADO; CARGO COMISSION.S/VINCULO;4183,82;;4183,82;644,23;3539,59;
RUBEMI ALMEIDA DE OLIVEIRA;SEC.EXEC.BENS PAT.GAST.PUBLI.;MEMBRO;; GRUPO DE TRABALHO;3000,00;;3000,00;95,20;2904,80;
RUI DA SILVA CAVALCANTE;DISPONIVEL TCM;AUDITOR ASSISTENTE - N.S.;; ESTATUTARIO;1191,67;;1191,67;166,84;1024,83;
RUTH RODRIGUES PINTO;GABINETE DO SECRETARIO APOIO;AUX.S.G-I;; ESTATUTARIO;2468,00;;2468,00;216,84;2251,16;
SANDRA MARIA CUVELLO DE ANDRADE;DISPONIVEL TCM;CONSULTOR TECNICO B;; ESTATUTARIO;1191,67;;1191,67;166,84;1024,83;
SANDRA MARIA KANAWATI LASMAR;JUNTA MEDICO-PERICIAL DO EST.;MEDICO ESPECIALISTA;PERITO; ESTATUTARIO;1250,00;;1250,00;;1250,00;
SANDRA MARIA STONE DE ARAUJO;ARQUIVO PUB.EST.DO AMAZONAS;A.OPE-I;; ESTATUTARIO;2094,06;;2094,06;222,18;1871,88;
SEBASTIAO DIAS DOS SANTOS;PENSIONISTAS ALFREDO DA MATA;PENSIONISTA LEI 1735 DE 14.11.85;; PENSIONISTA POR LEI;998,00;;998,00;;998,00;
SEBASTIAO FILHO FERREIRA DA SILVA;JUNTA MEDICO-PERICIAL DO EST.;MARINHEIRO;1; ESTATUTARIO;2528,59;;2528,59;262,89;2265,70;
SEBASTIAO GILSON FARIAS GONDIM;EXTINTO B.CARGOS AGUARD.RELOT.;ASSISTENTE TECNICO;; ESTATUTARIO;1100,00;;1100,00;235,01;864,99;
SERGIO GUILHERME TEIXEIRA ARANHA;NUCLEO DE SERVICOS GERAIS;AUX.S.G-I;; ESTATUTARIO;2867,46;;2867,46;257,87;2609,59;
SEVERINO ANTONIO AGUIAR RAMOS;DISPONIVEL SEAD;ENGENHEIRO 1A CLASSE;; ESTATUTARIO;1185,64;;1185,64;155,87;1029,77;
SHEILA MARA PEREIRA FRANCO;GER.AUDITORIA DE FOLHA PAGTO.;AGENTE ADMINISTRATIVO 4A CLASSE;F. GRATIFICADA, FG-3; ESTATUTARIO;5029,59;;5029,59;652,87;4376,72;
SILVIO EDUARDO LIMA SARMENTO;ASSESSORIA DE COMUNICACAO;ASSESSOR II;; CARGO COMISSION.S/VINCULO;7209,79;;7209,79;1432,80;5776,99;
SIMON DERZI CARDOSO;DEPTO.DE TECNOL.DA INFORMACAO;CHEFE DE DEPARTAMENTO;NAO INFORMADO; CARGO COMISSION.S/VINCULO;8229,77;;8229,77;1816,82;6412,95;
SOCORRO MAGDA MENDES BORGES;GERENCIA DE REGISTRO DE DADOS;AUX.ADM-I;; ESTATUTARIO;3776,35;;3776,35;380,84;3395,51;
STANLEY GOMES CARDOSO JUNIOR;SEC.EXEC.BENS PAT.GAST.PUBLI.;MEMBRO;; GRUPO DE TRABALHO;3000,00;;3000,00;95,20;2904,80;
SUELI JACOB;DISPONIVEL SEAD;TECNICO A;; ESTATUTARIO;1191,67;;1191,67;166,84;1024,83;
SUELY FARIAS DA SILVA;EXTINTO B.CARGOS AGUARD.RELOT.;A.TEC-I;; ESTATUTARIO;1578,23;;1578,23;220,95;1357,28;
SUZANY LIMA DO NASCIMENTO;COORD.GER.SEC.EX.ADJ.G.R.HUM.;ASSESSOR II;NAO INFORMADO; CARGO COMISSION.S/VINCULO;4209,79;;4209,79;652,57;3557,22;
TALITA DO SOCORRO DE SOUZA VIANA;GER.AUDITORIA DE FOLHA PAGTO.;ASSESSOR III;NAO INFORMADO; CARGO COMISSION.S/VINCULO;3191,80;;3191,80;360,24;2831,56;
TARCIO COSTA AMORIM;SEC.EXE.AD.G.PAT.GAST.PUBLICOS;CHEFE DE DEPARTAMENTO;NAO INFORMADO; CARGO COMISSION.S/VINCULO;6973,03;;6973,03;1541,26;5431,77;
TATIANNE VIEIRA ASSAYAG TOLEDO;SEC.EXEC.DE ADMINIST.E GESTAO;PROCURADOR DO ESTADO 2A CLASSE;SECRETARIO EXEC.DE A; ESTATUTARIO;9900,00;1617,88;8282,12;1251,81;7030,31;
TEREZA CRISTINA FROES DA CRUZ SILVA;DEPTO.DE ADMINIST.E FINANCAS;A.TEC-I;; ESTATUTARIO;3930,07;;3930,07;421,48;3508,59;
TEREZINHA DE JESUS ARAUJO VAZ;DEPTO.DE ADMINIST.E FINANCAS;A.TEC-I;; ESTATUTARIO;2642,04;;2642,04;259,73;2382,31;
TEREZINHA DE OLIVEIRA ROCHA;DISPONIVEL TCM;CONSULTOR TECNICO A;; ESTATUTARIO;383,90;;383,90;53,75;330,15;
THANIA REGINA PEREIRA DE S FALCAO;GERENCIA DE REGISTRO DE DADOS;A.TEC-I;; ESTATUTARIO;3935,68;;3935,68;422,91;3512,77;
THAYANE HELLEN LIRA BARRETO;COORD.GER.SEC.EX.ADJ.G.R.HUM.;ASSESSOR II;NAO INFORMADO; CARGO COMISSION.S/VINCULO;4209,79;;4209,79;652,57;3557,22;
THIAGO RODRIGUES DA COSTA;PENSIONISTAS ALFREDO DA MATA;PENSIONISTA LEI 1735 DE 14.11.85;; PENSIONISTA POR LEI;998,00;;998,00;;998,00;
TIMOTEO JOSE PINHEIRO DA SILVA;PENSIONISTAS ALFREDO DA MATA;PENSIONISTA LEI 1735 DE 14.11.85;; PENSIONISTA POR LEI;998,00;;998,00;;998,00;
VALCLEMAR GUIMARAES FARACHE;NUCLEO DE TRANSPORTE;MOT-I;; ESTATUTARIO;3834,96;;3834,96;409,48;3425,48;
VALDEMIR GUIMARAES DE OLIVEIRA;DISPONIVEL SEAD;AGENTE ADMINISTRATIVO 3A CLASSE;; ESTATUTARIO;1191,67;;1191,67;166,84;1024,83;
VALDENEI DOS SANTOS CORREA;GER.BENEFICIO DOS SERVIDORES;ASSESSOR I;NAO INFORMADO; CARGO COMISSION.S/VINCULO;5229,77;;5229,77;992,73;4237,04;
VALDINETE COELHO DE MENEZES;COMISSAO DE REGIME DISCIPLINAR;A.TEC-I;; ESTATUTARIO;3930,07;;3930,07;421,48;3508,59;
VANDA DA CRUZ CARVALHO CALADO;GERENCIA DE REGISTRO DE DADOS;AUXILIAR TECNICO;; ESTATUTARIO;3796,47;;3796,47;378,47;3418,00;
VANDERRUBEM MARCELINO NEVES;GER.DE VALORIZACAO DO SERVIDOR;A.TEC-I;ASSISTENTE TECNICO; ESTATUTARIO;3710,34;;3710,34;261,69;3448,65;
VANDO COSTA DA SILVA;PENSIONISTAS ALFREDO DA MATA;PENSIONISTA LEI 1735 DE 14.11.85;; PENSIONISTA POR LEI;998,00;;998,00;;998,00;
VANIA MARIA NONATA DA SILVA;GER.DE PLANEJ.ORC.E FINANCAS;AUX.ADM-I;; ESTATUTARIO;3776,35;;3776,35;380,84;3395,51;
VERA COELHO DE MENEZES DO VALE;DEPTO.DE ADMINIST.E FINANCAS;A.TEC-I;; ESTATUTARIO;3719,09;;3719,09;390,87;3328,22;
VERONICA PEREIRA FIGUEIREDO;GERENCIA DE PESSOAL;A.TEC-I;; ESTATUTARIO;3950,01;;3950,01;426,55;3523,46;
VICENTE DE PAULO VIEIRA COLOMBO;JUNTA MEDICO-PERICIAL DO EST.;MARINHEIRO;; ESTATUTARIO;3222,55;;3222,55;316,01;2906,54;
VIRGINIA DE SOUSA PAIVA;GERENCIA DE REGISTRO DE DADOS;ASSISTENTE TECNICO 3A CLASSE;; ESTATUTARIO;3776,53;;3776,53;373,39;3403,14;
VIVALDO MICHILES NETO;SEC.EXE.AD.G.PAT.GAST.PUBLICOS;SEC.EXEC.ADJ.GEST.PATR.GAST.PUBL.;SEC.EXEC.ADJ.GEST.PA; CARGO COMISSION.S/VINCULO;15000,00;;15000,00;3800,82;11199,18;
VIVIAN KRAMER STROSKI;GABINETE DO SECRETARIO;CHEFE DE GABINETE;NAO INFORMADO; CARGO COMISSION.S/VINCULO;5229,77;;5229,77;992,73;4237,04;
WALDEMARINA PINTO BARROSO;GERENCIA DE PESSOAL;A.TEC-I;; ESTATUTARIO;3950,01;;3950,01;426,55;3523,46;
WALDENY TAVEIRA PARDO;NUCLEO DE TRANSPORTE;MOT-I;; ESTATUTARIO;2308,69;;2308,69;235,41;2073,28;
WANDERLEY DA SILVA RAMALHO;SEC.EXEC.BENS PAT.GAST.PUBLI.;ASSESSOR III;NAO INFORMADO; CARGO COMISSION.S/VINCULO;3191,80;;3191,80;379,31;2812,49;
WILMA NASCIMENTO FERREIRA;GERENCIA DE PESSOAL;A.TEC-I;; ESTATUTARIO;2064,10;;2064,10;218,50;1845,60;
YOHANNA JAAMEL SOUSA MENEZES;GER.DE APOIO, MANUT.LOGISTICA;ASSESSOR I;NAO INFORMADO; CARGO COMISSION.S/VINCULO;5229,77;;5229,77;992,73;4237,04;
ZELIA MACHADO RIBEIRO FILHA;NUCLEO DE ARQ.ADMINISTRATIVO;AUXILIAR TECNICO;; ESTATUTARIO;3796,47;;3796,47;378,47;3418,00;
