NOME;LOTACAO;CARGO;FUNCAO;VINCULO;REMUNERACAO LEGAL TOTAL(R$);DESC.TETO(R$); REMUNERACAO LEGAL DEVIDA(R$);DESCONTOS LEGAIS(R$);LIQUIDO DISPONIVEL(R$);
ADRIANA ANDRADE DA SILVA;UNIDADES DESCENTRAL.EDUC.PROF.;SECRETARIO DE ESC.DE EDUC.PROF.;; CARGO COMISSION.S/VINCULO;3109,79;;3109,79;321,70;2788,09;
ADRIANNE MEDEIROS DO NASCIMENTO;UNIDADES DESCENTRAL.EDUC.PROF.;GERENTE ACADEMICO;NAO INFORMADO; CARGO COMISSION.S/VINCULO;3109,79;;3109,79;321,70;2788,09;
ADRIAO CAVALCANTE ROCHA NETO;UNIDADES DESCENTRAL.EDUC.PROF.;ANALISTA TEC.EDUC.3A.CL-A.T.E-III;; ESTATUTARIO;4464,88;;4464,88;683,31;3781,57;
ADRIELY OLIVEIRA PEREIRA;UNIDADES DESCENTRAL.EDUC.PROF.;ASS.TEC.EDUC.3A.CL-A.T.ED-III;; ESTATUTARIO;2464,32;;2464,32;275,00;2189,32;
AGRIPINO ABDON DE OLIVEIRA;UNIDADES DESCENTRAL.EDUC.PROF.;ASS.TEC.EDUC.3A.CL-A.T.ED-III;; ESTATUTARIO;2464,32;;2464,32;275,00;2189,32;
ALBERTO GOMES PINTO;NUCLEOS DE EDUC.PROFISSIONAL;GERENTE ACADEMICO;NAO INFORMADO; CARGO COMISSION.S/VINCULO;3109,79;;3109,79;321,70;2788,09;
ALCIMARA PINHEIRO ALBERTINO;NUCLEOS DE EDUC.PROFISSIONAL;GERENTE ACADEMICO;NAO INFORMADO; CARGO COMISSION.S/VINCULO;3109,79;;3109,79;321,70;2788,09;
ALYSSON TAKEU SANTOS IHARA;UNIDADES DESCENTRAL.EDUC.PROF.;GERENTE ACADEMICO;NAO INFORMADO; CARGO COMISSION.S/VINCULO;3109,79;;3109,79;321,70;2788,09;
AMANDA ALECSANDRA MOTA R RODRIGUES;UNIDADES DESCENTRAL.EDUC.PROF.;ASS.TEC.EDUC.3A.CL-A.T.ED-III;; ESTATUTARIO;2464,32;;2464,32;275,00;2189,32;
ANA PAULA HADDAD NEVES;NUCLEOS DE EDUC.PROFISSIONAL;ANALISTA TEC.EDUC.3A.CL-A.T.E-III;; ESTATUTARIO;4464,88;;4464,88;711,75;3753,13;
ANELIANY DA SILVA LIMA;UNIDADES DESCENTRAL.EDUC.PROF.;ASSESSOR III;NAO INFORMADO; CARGO COMISSION.S/VINCULO;3691,80;;3691,80;437,11;3254,69;
ANGELO MACIEL DE SOUZA;DIRETORIA ADM.FINANCEIRA;TEC.DE TECNOL.INF.3A.CL-T.T.I-III;; ESTATUTARIO;2464,32;;2464,32;275,00;2189,32;
ANTONIA MARIA FARIAS ABREU;DIRETORIA ACADEMICA;ASSESSOR II;ASSESSOR II; CARGO COMISSION.S/VINCULO;4709,79;;4709,79;710,71;3999,08;
ANTONIO MARCELINO MARQUES DA COSTA;NUCLEOS DE EDUC.PROFISSIONAL;ASSESSOR II;NAO INFORMADO; CARGO COMISSION.S/VINCULO;3109,79;;3109,79;321,70;2788,09;
ANTONIO MARCOS DE SOUZA CASTRO;ASSESSORIA;GERENTE DE PROJETOS;NAO INFORMADO; CARGO COMISSION.S/VINCULO;4709,79;;4709,79;710,71;3999,08;
ANTONIO SOARES DA SILVA FILHO;DIRETORIA ADM.FINANCEIRA;AUX.S.G-III;; ESTATUTARIO;3048,26;;3048,26;194,65;2853,61;
ARACY MARTINS DE ARAUJO;DIRETORIA ADM.FINANCEIRA;GERENTE;; CARGO COMISSION.S/VINCULO;4709,79;;4709,79;710,71;3999,08;
ARAMIS DA CRUZ NORONHA;DIRETORIA ACADEMICA;ANALISTA TEC.EDUC.3A.CL-A.T.E-III;; ESTATUTARIO;4464,88;;4464,88;654,87;3810,01;
ARIADNE MARIA BOH DOS SANTOS;DIRETORIA ACADEMICA;PEDAGOGO C3 ED-ESP-III;DIRETOR ESC.AD-1; ESTATUTARIO;7484,44;;7484,44;1441,03;6043,41;
ARIANA GRIJO DA SILVA AGRA;DIRETORIA ACADEMICA;ANALISTA TEC.EDUC.3A.CL-A.T.E-III;; ESTATUTARIO;4464,88;;4464,88;711,75;3753,13;
ARLENE SILVA OLIVEIRA BONFIM;UNIDADES DESCENTRAL.EDUC.PROF.;DIRETOR DE ESC.DE EDUC.PROFISS.;NAO INFORMADO; CARGO COMISSION.S/VINCULO;5729,77;;5729,77;1046,98;4682,79;
AUGUSTO RANIERE DE SOUSA TORRES;UNIDADES DESCENTRAL.EDUC.PROF.;ASS.TEC.EDUC.3A.CL-A.T.ED-III;; ESTATUTARIO;2464,32;;2464,32;275,00;2189,32;
CARLA YAEL DE VASCONCELOS NOGUEIRA;ASSESSORIA;ASSESSOR II;NAO INFORMADO; CARGO COMISSION.S/VINCULO;3709,79;;3709,79;441,71;3268,08;
CARLOS AUGUSTO AQUINO NEGREIROS;DIRETORIA ACADEMICA;ANALISTA TEC.EDUC.3A.CL-A.T.E-III;; ESTATUTARIO;4464,88;;4464,88;711,75;3753,13;
CARMO GONCALVES DA COSTA;DIRETORIA ADM.FINANCEIRA;VIGIA-III;; ESTATUTARIO;2292,55;;2292,55;165,06;2127,49;
CLAUDENILSA SANTOS DE O MENDONÇA;UNIDADES DESCENTRAL.EDUC.PROF.;ANALISTA TEC.EDUC.3A.CL-A.T.E-III;; ESTATUTARIO;4464,88;;4464,88;711,75;3753,13;
CLEIDE MONTEIRO PORTO;GABINETE DO DIRETOR GERAL;ASSESSOR I;NAO INFORMADO; CARGO COMISSION.S/VINCULO;5729,77;;5729,77;1046,98;4682,79;
CLEUDILON DE SOUZA SILVEIRA;ASSESSORIA;ASSESSOR II;NAO INFORMADO; CARGO COMISSION.S/VINCULO;4709,79;;4709,79;710,71;3999,08;
CLEUZENIR MELO NUNES;UNIDADES DESCENTRAL.EDUC.PROF.;GERENTE ACADEMICO;NAO INFORMADO; CARGO COMISSION.S/VINCULO;6219,58;;6219,58;1097,84;5121,74;
DANIEL LUCAS DE MATOS CARVALHO;DIRETORIA ADM.FINANCEIRA;GERENTE;NAO INFORMADO; CARGO COMISSION.S/VINCULO;3709,79;;3709,79;441,71;3268,08;
DARCY PEREIRA LIMA;DIRETORIA ADM.FINANCEIRA;AGENTE ADMINISTRATIVO A - N.B.;; ESTATUTARIO;3936,07;;3936,07;397,35;3538,72;
DEBORAH LOPES TAVARES;DIRETORIA ACADEMICA;ASSESSOR II;ASSESSOR II; CARGO COMISSION.S/VINCULO;4709,79;;4709,79;710,71;3999,08;
DEBORAH RENATA PACHECO DOS S CHAVES;UNIDADES DESCENTRAL.EDUC.PROF.;ASSESSOR II;NAO INFORMADO; CARGO COMISSION.S/VINCULO;3709,79;;3709,79;441,71;3268,08;
DECIO CURY GROHS;UNIDADES DESCENTRAL.EDUC.PROF.;GERENTE ACADEMICO;NAO INFORMADO; CARGO COMISSION.S/VINCULO;3109,79;;3109,79;321,70;2788,09;
DION EZEQUIEL VIEIRA DE LIMA;UNIDADES DESCENTRAL.EDUC.PROF.;TEC.DE TECNOL.INF.3A.CL-T.T.I-III;; ESTATUTARIO;2464,32;;2464,32;275,00;2189,32;
EDILSON RAMOS DOS SANTOS;UNIDADES DESCENTRAL.EDUC.PROF.;SECRETARIO DE ESC.DE EDUC.PROF.;SEC.DE ESC.ED.PROFIS; CARGO COMISSION.S/VINCULO;3109,79;;3109,79;321,70;2788,09;
EDINELZA SANTOS DE ALBUQUERQUE;DIRETORIA ACADEMICA;ASSESSOR II;ASSESSOR II; CARGO COMISSION.S/VINCULO;4709,79;;4709,79;710,71;3999,08;
EDMUNDO FERREIRA BRITO NETTO;DIRETORIA ADM.FINANCEIRA;GERENTE;NAO INFORMADO; CARGO COMISSION.S/VINCULO;4709,79;;4709,79;710,71;3999,08;
ELIDA CAMPOS CUNHA;DIRETORIA DE REL.EMP.E INSTIT.;ANALISTA TEC.EDUC.3A.CL-A.T.E-III;; ESTATUTARIO;4464,88;;4464,88;711,75;3753,13;
ELIZANGELA ROLIM FONSECA;UNIDADES DESCENTRAL.EDUC.PROF.;GERENTE ACADEMICO;NAO INFORMADO; CARGO COMISSION.S/VINCULO;3109,79;;3109,79;321,70;2788,09;
ELLEN THAIS DA SILVA AZEVEDO;DIRETORIA ACADEMICA;ANALISTA TEC.EDUC.3A.CL-A.T.E-III;; ESTATUTARIO;4464,88;;4464,88;711,75;3753,13;
ENYSSON ALCÂNTARA BARROSO;PROCURADORIA;PROCURADOR CHEFE;NAO INFORMADO; CARGO COMISSION.S/VINCULO;5729,77;;5729,77;1046,98;4682,79;
ERIK SILVA DO NASCIMENTO;DIRETORIA DE REL.EMP.INSTITUC.;ASS.TEC.EDUC.3A.CL-A.T.ED-III;; ESTATUTARIO;2464,32;;2464,32;275,00;2189,32;
ERIKA MARIA NOGUEIRA DA SILVA;DIRETORIA ACADEMICA;ASSESSOR II;; CARGO COMISSION.S/VINCULO;4709,79;;4709,79;653,84;4055,95;
ERIVAN DA SILVA ENEDINO;UNIDADES DESCENTRAL.EDUC.PROF.;GERENTE ACADEMICO;NAO INFORMADO; CARGO COMISSION.S/VINCULO;3109,79;;3109,79;321,70;2788,09;
ERNO PAULO PORN;UNIDADES DESCENTRAL.EDUC.PROF.;TEC.DE TECNOL.INF.3A.CL-T.T.I-III;; ESTATUTARIO;2464,32;;2464,32;275,00;2189,32;
FABIANA SILVA OLIVEIRA;NUCLEOS DE EDUC.PROFISSIONAL;GERENTE ACADEMICO;NAO INFORMADO; CARGO COMISSION.S/VINCULO;3109,79;;3109,79;321,70;2788,09;
FABIENE DA SILVA PACHECO;NUCLEOS DE EDUC.PROFISSIONAL;GERENTE ACADEMICO;NAO INFORMADO; CARGO COMISSION.S/VINCULO;3109,79;;3109,79;321,70;2788,09;
FELIPE DOS SANTOS DE SOUZA;DIRETORIA ADM.FINANCEIRA;ASS.TEC.EDUC.3A.CL-A.T.ED-III;; ESTATUTARIO;2464,32;;2464,32;275,00;2189,32;
FRANCIANE LIMA DE OLIVEIRA;NUCLEOS DE EDUC.PROFISSIONAL;GERENTE ACADEMICO;NAO INFORMADO; CARGO COMISSION.S/VINCULO;3109,79;;3109,79;321,70;2788,09;
FRANCISCA CRISTIANE M FERREIRA;NUCLEOS DE EDUC.PROFISSIONAL;GERENTE ACADEMICO;NAO INFORMADO; CARGO COMISSION.S/VINCULO;3109,79;;3109,79;321,70;2788,09;
FRANCISCO CARLOS MARTINS DE LIMA;UNIDADES DESCENTRAL.EDUC.PROF.;ASSISTENTE TECNICO PNM.ANM-I;; ESTATUTARIO;2252,62;;2252,62;245,37;2007,25;
FRANCISCO COSMO DA SILVA DOMINGOS;NUCLEOS DE EDUC.PROFISSIONAL;PROFESSOR PF20.LPL-IV;GERENTE ACADEMICO AD; ESTATUTARIO;4605,05;;4605,05;639,26;3965,79;
FRANCISCO QUEIROZ MENEZES;UNIDADES DESCENTRAL.EDUC.PROF.;COORDENADOR DE CURSO;; CARGO COMISSION.S/VINCULO;4729,77;;4729,77;716,09;4013,68;
FRANKLENO FERREIRA DA ENCARNAÇÃO;DIRETORIA ACADEMICA;ANALISTA TEC.EDUC.3A.CL-A.T.E-III;; ESTATUTARIO;4464,88;;4464,88;711,75;3753,13;
GEORGIANE LEAL BARROSO;UNIDADES DESCENTRAL.EDUC.PROF.;DIRETOR DE ESC.DE EDUC.PROFISS.;NAO INFORMADO; CARGO COMISSION.S/VINCULO;5729,77;;5729,77;1046,98;4682,79;
GERSON BARROS PEREIRA;DIRETORIA ACADEMICA;COORDENADOR DE CURSO;; CARGO COMISSION.S/VINCULO;4729,77;;4729,77;716,09;4013,68;
GILMARA CABRAL DOS SANTOS;UNIDADES DESCENTRAL.EDUC.PROF.;GERENTE ACADEMICO;NAO INFORMADO; CARGO COMISSION.S/VINCULO;3109,79;;3109,79;321,70;2788,09;
GILMARXE SANTANA PENAFORTE;NUCLEOS DE EDUC.PROFISSIONAL;GERENTE ACADEMICO;NAO INFORMADO; CARGO COMISSION.S/VINCULO;3109,79;;3109,79;321,70;2788,09;
GISELE DE BRITO BRAGA;DIRETORIA ACADEMICA;ASSESSOR I;ASSESSOR I; CARGO COMISSION.S/VINCULO;5729,77;;5729,77;1046,98;4682,79;
GLAUCO BARROS E SILVA;DIRETORIA ACADEMICA;ANALISTA TEC.EDUC.3A.CL-A.T.E-III;; ESTATUTARIO;4464,88;;4464,88;711,75;3753,13;
GRECIANE DE OLIVEIRA ROSSETTI;UNIDADES DESCENTRAL.EDUC.PROF.;ASS.TEC.EDUC.3A.CL-A.T.ED-III;ASSIST. ADMINISTRAT.; ESTATUTARIO;3253,10;;3253,10;321,37;2931,73;
GUILHERME JOSE SETTE JUNIOR;DIRETORIA DE REL.EMP.INSTITUC.;MAJOR;DIRETOR DE REL.EMPRE; ESTATUTARIO;8600,00;;8600,00;1253,87;7346,13;
HALISSON WELLAME GRANA;UNIDADES DESCENTRAL.EDUC.PROF.;ASS.TEC.EDUC.3A.CL-A.T.ED-III;; ESTATUTARIO;2264,32;;2264,32;275,00;1989,32;
HONORATO RODRIGUES NUNES;DIRETORIA ADM.FINANCEIRA;AUX.S.G-III;; ESTATUTARIO;2127,49;;2127,49;165,06;1962,43;
IRES ALVES DA SILVA;DIRETORIA ACADEMICA;COORDENADOR DE CURSO;; CARGO COMISSION.S/VINCULO;4729,77;;4729,77;716,09;4013,68;
ITELVINA ANDREA DE SOUZA AYRES;UNIDADES DESCENTRAL.EDUC.PROF.;GERENTE ACADEMICO;NAO INFORMADO; CARGO COMISSION.S/VINCULO;3109,79;;3109,79;321,70;2788,09;
IVANI FRANCISCO DE OLIVEIRA;NUCLEOS DE EDUC.PROFISSIONAL;ASS.TEC.EDUC.3A.CL-A.T.ED-III;; ESTATUTARIO;2464,32;;2464,32;275,00;2189,32;
JACQUELINE ROBERTO DA S SALDANHA;NUCLEOS DE EDUC.PROFISSIONAL;GERENTE ACADEMICO;NAO INFORMADO; CARGO COMISSION.S/VINCULO;3109,79;;3109,79;321,70;2788,09;
JANDIRA FROTA MAGALHAES;NUCLEOS DE EDUC.PROFISSIONAL;ASS.TEC.EDUC.3A.CL-A.T.ED-III;; ESTATUTARIO;2464,32;;2464,32;275,00;2189,32;
JANNYNIE KELLY HATTA SCHNNYDER;DIRETORIA ACADEMICA;ASSESSOR II;ASSESSOR II; CARGO COMISSION.S/VINCULO;4709,79;;4709,79;710,71;3999,08;
JEFESSON DA COSTA BRUCE;UNIDADES DESCENTRAL.EDUC.PROF.;GERENTE ACADEMICO;NAO INFORMADO; CARGO COMISSION.S/VINCULO;3109,79;;3109,79;321,70;2788,09;
JOAO DANTAS DE BRITO NETO;NUCLEOS DE EDUC.PROFISSIONAL;PROFESSOR PF20.LPL-IV;GERENTE ACADEMICO AD; ESTATUTARIO;5425,50;;5425,50;746,12;4679,38;
JOAO KLEBER SERRAO DE FREITAS;UNIDADES DESCENTRAL.EDUC.PROF.;ANALISTA TEC.EDUC.3A.CL-A.T.E-III;; ESTATUTARIO;4464,88;;4464,88;711,75;3753,13;
JOED BARBOSA MENDES;NUCLEOS DE EDUC.PROFISSIONAL;TEC.DE TECNOL.INF.3A.CL-T.T.I-III;; ESTATUTARIO;2464,32;;2464,32;275,00;2189,32;
JOELMA KEITH RODRIGUES;UNIDADES DESCENTRAL.EDUC.PROF.;ANALISTA TEC.EDUC.3A.CL-A.T.E-III;; ESTATUTARIO;4464,88;;4464,88;711,75;3753,13;
JOHN KENNER SENA DE OLIVEIRA;DIRETORIA ADM.FINANCEIRA;DIRETOR ADM-FIN E INTERIORIZACAO;NAO INFORMADO; CARGO COMISSION.S/VINCULO;10400,00;;10400,00;2150,82;8249,18;
JORGE SIQUEIRA CORREA;UNIDADES DESCENTRAL.EDUC.PROF.;PROFESSOR PF20.ESP-III;GERENTE ACADEMICO AD; ESTATUTARIO;5549,44;;5549,44;788,15;4761,29;
JOSÉ AUGUSTO SOUSA DA SILVA;UNIDADES DESCENTRAL.EDUC.PROF.;ANALISTA TEC.EDUC.3A.CL-A.T.E-III;; ESTATUTARIO;3964,88;;3964,88;711,75;3253,13;
JOSE AUGUSTO DE MELO NETO;DIRETORIA GERAL;PROFESSOR PF20.MSC-II;DIRETOR PRESIDENTE; ESTATUTARIO;14354,75;;14354,75;3342,11;11012,64;
JOSE FERREIRA DO NASCIMENTO;NUCLEOS DE EDUC.PROFISSIONAL;AUX.DE SERV.GERAIS PNF.ASG-III;GERENTE ACADEMICO AD; ESTATUTARIO;4244,96;;4244,96;347,85;3897,11;
JOSE GUEDES DA SILVA;UNIDADES DESCENTRAL.EDUC.PROF.;AUX.S.G-III;; ESTATUTARIO;1657,31;;1657,31;162,02;1495,29;
JOSE MANUEL SALUSTIANO MENDES;DIRETORIA ADM.FINANCEIRA;GERENTE;NAO INFORMADO; CARGO COMISSION.S/VINCULO;3709,79;;3709,79;398,12;3311,67;
JOSE PAULO CLAUDINO DA SILVA;DIRETORIA DE REL.EMP.INSTITUC.;ANALISTA TEC.EDUC.3A.CL-A.T.E-III;; ESTATUTARIO;4464,88;;4464,88;626,43;3838,45;
JOSE SEBASTIAO CARDOSO SILVA;DIRETORIA ADM.FINANCEIRA;MOT-III;; ESTATUTARIO;2987,49;;2987,49;196,44;2791,05;
JOSELMA BASTOS GONCALVES;UNIDADES DESCENTRAL.EDUC.PROF.;ASS.TEC.EDUC.3A.CL-A.T.ED-III;; ESTATUTARIO;2464,32;;2464,32;275,00;2189,32;
JOSIANY DANTAS DA MOTA;DIRETORIA ACADEMICA;ANALISTA TEC.EDUC.3A.CL-A.T.E-III;; ESTATUTARIO;4464,88;;4464,88;711,75;3753,13;
JOZENILSON LOPES DE PONTES;UNIDADES DESCENTRAL.EDUC.PROF.;GERENTE ACADEMICO;NAO INFORMADO; CARGO COMISSION.S/VINCULO;3109,79;;3109,79;321,70;2788,09;
JUCICLEIA GUIMARÃES DO NASCIMENTO;PROCURADORIA;ASSESSOR I;NAO INFORMADO; CARGO COMISSION.S/VINCULO;5729,77;;5729,77;1046,98;4682,79;
JULIA MARIA FERNANDES MONTEIRO;NUCLEOS DE EDUC.PROFISSIONAL;GERENTE ACADEMICO;NAO INFORMADO; CARGO COMISSION.S/VINCULO;3109,79;;3109,79;321,70;2788,09;
JULIANA MARTINS DE MEDEIROS RIBEIRO;PROCURADORIA;ASS.TEC.EDUC.3A.CL-A.T.ED-III;; ESTATUTARIO;2464,32;;2464,32;275,00;2189,32;
JUSSARA NEGREIROS FERREIRA;UNIDADES DESCENTRAL.EDUC.PROF.;ASSESSOR II;NAO INFORMADO; CARGO COMISSION.S/VINCULO;4709,79;;4709,79;710,71;3999,08;
KATIUCHA DE CASTRO NIGRO;DIRETORIA DE REL.EMP.E INSTIT.;ANALISTA TEC.EDUC.3A.CL-A.T.E-III;; ESTATUTARIO;3964,88;;3964,88;711,75;3253,13;
KEDLA SIMONE DOS SANTOS NASCIMENTO;NUCLEOS DE EDUC.PROFISSIONAL;GERENTE ACADEMICO;NAO INFORMADO; CARGO COMISSION.S/VINCULO;3109,79;;3109,79;321,70;2788,09;
KELLEN BARBOSA;UNIDADES DESCENTRAL.EDUC.PROF.;SECRETARIO DE ESC.DE EDUC.PROF.;; CARGO COMISSION.S/VINCULO;3109,79;;3109,79;321,70;2788,09;
KINDREULLY RALINY SILVA DE SOUZA;GABINETE DO DIRETOR GERAL;ASS.TEC.EDUC.3A.CL-A.T.ED-III;ASSIST.TEC.3CLASSE; ESTATUTARIO;2464,32;;2464,32;275,00;2189,32;
LÍVIA GISELA NASCIMENTO DA CUNHA;DIRETORIA ADM.FINANCEIRA;ANALISTA TEC.EDUC.3A.CL-A.T.E-III;; ESTATUTARIO;4464,88;;4464,88;711,75;3753,13;
LEANDRO MADY DA SILVA;DIRETORIA ADM.FINANCEIRA;ASS.TEC.EDUC.3A.CL-A.T.ED-III;; ESTATUTARIO;2464,32;;2464,32;275,00;2189,32;
LEONILSON TAVARES DE MELO;NUCLEOS DE EDUC.PROFISSIONAL;GERENTE ACADEMICO;NAO INFORMADO; CARGO COMISSION.S/VINCULO;3109,79;;3109,79;321,70;2788,09;
LIDIA ALENCAR DE QUEIROZ;DIRETORIA ACADEMICA;SECRETARIO DE ESC.DE EDUC.PROF.;SEC.DE ESC.DE EDUC.; CARGO COMISSION.S/VINCULO;3109,79;;3109,79;321,70;2788,09;
LIDIANE TAMIRES PANTOJA DA SILVA;DIRETORIA ADM.FINANCEIRA;ASS.TEC.EDUC.3A.CL-A.T.ED-III;; ESTATUTARIO;2464,32;;2464,32;275,00;2189,32;
LILIANE SOUZA DA PAIXAO;COMISSAO PERMAN.DE CONCURSOS;ASSESSOR II;NAO INFORMADO; CARGO COMISSION.S/VINCULO;2713,79;;2713,79;243,04;2470,75;
LORENA DE SOUZA RIBEIRO GATTO;NUCLEOS DE EDUC.PROFISSIONAL;SECRETARIO DE ESC.DE EDUC.PROF.;SECRETARIO DE ESC.DE; CARGO COMISSION.S/VINCULO;3709,79;;3709,79;441,71;3268,08;
LUCIANA BARROSO ALMEIDA;DIRETORIA ADM.FINANCEIRA;ASS.TEC.EDUC.3A.CL-A.T.ED-III;; ESTATUTARIO;2464,32;;2464,32;275,00;2189,32;
LUCIO MATHEUS FERREIRA DO REGO;ASSESSORIA;TEC.DE TECNOL.INF.3A.CL-T.T.I-III;ASSESSOR II; ESTATUTARIO;6464,32;;6464,32;970,20;5494,12;
LUIZ ANDRE CANTO PANTOJA;DIRETORIA ACADEMICA;ASS.TEC.EDUC.3A.CL-A.T.ED-III;; ESTATUTARIO;2464,32;;2464,32;275,00;2189,32;
LUIZ DE MOURA FERREIRA;NUCLEOS DE EDUC.PROFISSIONAL;GERENTE ACADEMICO;NAO INFORMADO; CARGO COMISSION.S/VINCULO;3109,79;;3109,79;321,70;2788,09;
LUSSANDRA MIRELLI DE MELO PINTO;UNIDADES DESCENTRAL.EDUC.PROF.;ASSESSOR II;; CARGO COMISSION.S/VINCULO;4709,79;;4709,79;710,71;3999,08;
MAIZA MENEZES DE MENDONÇA;NUCLEOS DE EDUC.PROFISSIONAL;ASSESSOR III;NAO INFORMADO; CARGO COMISSION.S/VINCULO;2695,80;;2695,80;240,88;2454,92;
MANOEL DOS SANTOS VIEIRA;UNIDADES DESCENTRAL.EDUC.PROF.;AUXILIAR DE SERVICOS GERAIS;; ESTATUTARIO;1880,81;;1880,81;162,02;1718,79;
MARCELO AUGUSTO MARTINS LEMOS;DIRETORIA ADM.FINANCEIRA;ASSESSOR III;ASSESSOR III; CARGO COMISSION.S/VINCULO;3691,80;;3691,80;437,11;3254,69;
MARCIA FERNANDA IZIDORIO GOMES;DIRETORIA ACADEMICA;PROFESSOR;PROFESSOR; ESTATUTARIO;4032,00;;4032,00;206,06;3825,94;
MARCIA TORRES DA SILVA;DIRETORIA ADM.FINANCEIRA;COORDENADOR DE CURSO;NAO INFORMADO; CARGO COMISSION.S/VINCULO;4729,77;;4729,77;716,09;4013,68;
MARCOS EVANDRO LEON LEITE;UNIDADES DESCENTRAL.EDUC.PROF.;AUX.S.G-III;; ESTATUTARIO;2663,81;;2663,81;162,02;2501,79;
MARIA DA CONCEICAO DAVILA TOMAZ;DIRETORIA ADM.FINANCEIRA;ASSESSOR IV;NAO INFORMADO; CARGO COMISSION.S/VINCULO;3075,61;;3075,61;315,35;2760,26;
MARIA DE NAZARE LIMA DOS SANTOS;NUCLEOS DE EDUC.PROFISSIONAL;GERENTE ACADEMICO;NAO INFORMADO; CARGO COMISSION.S/VINCULO;3109,79;;3109,79;321,70;2788,09;
MARIA DO PERPETUO S R CAVALCANTI;UNIDADES DESCENTRAL.EDUC.PROF.;ANALISTA TEC.EDUC.3A.CL-A.T.E-III;; ESTATUTARIO;4464,88;;4464,88;711,75;3753,13;
MARIA EMILIA FREITAS DE SOUZA SILVA;DIRETORIA ADM.FINANCEIRA;A.OPE-III;; ESTATUTARIO;4091,14;;4091,14;346,16;3744,98;
MARIA IRACELMA ARAUJO DOS SANTOS;NUCLEOS DE EDUC.PROFISSIONAL;COORDENADOR DE CURSO;NAO INFORMADO; CARGO COMISSION.S/VINCULO;3729,77;;3729,77;447,09;3282,68;
MARIA LUCIMAR JACINTO DE SOUSA;UNIDADES DESCENTRAL.EDUC.PROF.;PROFESSOR PF20.MSC-II;DIRETOR DE ESC.DE ED; ESTATUTARIO;9614,53;;9614,53;2054,76;7559,77;
MARIA OLINDA SAMPAIO SALDANHA;DIRETORIA ADM.FINANCEIRA;AUX.S.G-III;; ESTATUTARIO;2127,49;;2127,49;165,06;1962,43;
MARIA ROGERIA DA SILVA MESQUITA;DIRETORIA ACADEMICA;ANALISTA TEC.EDUC.3A.CL-A.T.E-III;; ESTATUTARIO;4464,88;;4464,88;711,75;3753,13;
MARIA SOLANGE MESQUITA;UNIDADES DESCENTRAL.EDUC.PROF.;ASSESSOR II;ASSESSOR II; CARGO COMISSION.S/VINCULO;3709,79;;3709,79;441,71;3268,08;
MARIA VERONICA CASTRO NETA;DIRETORIA ADM.FINANCEIRA;ASSESSOR III;; CARGO COMISSION.S/VINCULO;3691,80;;3691,80;437,11;3254,69;
MARIA ZULEIDE FERREIRA;DIRETORIA ADM.FINANCEIRA;ASS.TEC.EDUC.3A.CL-A.T.ED-III;COORDENADOR DE CURSO; ESTATUTARIO;6462,74;;6462,74;962,80;5499,94;
MARILIA JAQUES DA SILVA;NUCLEOS DE EDUC.PROFISSIONAL;GERENTE ACADEMICO;NAO INFORMADO; CARGO COMISSION.S/VINCULO;3109,79;;3109,79;321,70;2788,09;
MARIQUINHA GOMES PONTES;NUCLEOS DE EDUC.PROFISSIONAL;GERENTE ACADEMICO;NAO INFORMADO; CARGO COMISSION.S/VINCULO;3109,79;;3109,79;321,70;2788,09;
MARLETE LOPES CORREA;COMISSAO PERMAN.DE CONCURSOS;ANALISTA TEC.EDUC.3A.CL-A.T.E-III;; ESTATUTARIO;8078,90;;8078,90;1795,17;6283,73;
MERNIQUE ALMEIDA DA SILVA;UNIDADES DESCENTRAL.EDUC.PROF.;AUXILIAR DE SERVICOS GERAIS;; ESTATUTARIO;1880,81;;1880,81;162,02;1718,79;
MIGUEL GERALDO LIMA DA CUNHA;UNIDADES DESCENTRAL.EDUC.PROF.;ASS.TEC.EDUC.3A.CL-A.T.ED-III;; ESTATUTARIO;2464,32;;2464,32;275,00;2189,32;
NANCI HELENA BACH MOREIRA;UNIDADES DESCENTRAL.EDUC.PROF.;ANALISTA TEC.EDUC.3A.CL-A.T.E-III;; ESTATUTARIO;4464,88;;4464,88;711,75;3753,13;
NATASHA NASCIMENTO DE SOUSA;UNIDADES DESCENTRAL.EDUC.PROF.;SECRETARIO DE ESC.DE EDUC.PROF.;NAO INFORMADO; CARGO COMISSION.S/VINCULO;3109,79;;3109,79;321,70;2788,09;
NICOLAS SAMPAIO BEVILAQUA;DIRETORIA DE REL.EMP.INSTITUC.;ASS.TEC.EDUC.3A.CL-A.T.ED-III;; ESTATUTARIO;2464,32;;2464,32;275,00;2189,32;
NUBIA SILVA CAVALCANTE E SOUZA;DIRETORIA ACADEMICA;GERENTE DE PROJETOS;GERENTE PROJETO AD-2; CARGO COMISSION.S/VINCULO;4709,79;;4709,79;710,71;3999,08;
ODELÂNDIA RABELO SILVA;UNIDADES DESCENTRAL.EDUC.PROF.;ASS.TEC.EDUC.3A.CL-A.T.ED-III;; ESTATUTARIO;2464,32;;2464,32;275,00;2189,32;
PAULO CESAR MOREIRA DE SOUZA;ASSESSORIA;ANALISTA TEC.EDUC.3A.CL-A.T.E-III;; ESTATUTARIO;4464,88;;4464,88;683,31;3781,57;
PEDRO SANTAREM DE SOUZA;DIRETORIA ACADEMICA;ANALISTA TEC.EDUC.3A.CL-A.T.E-III;; ESTATUTARIO;3964,88;;3964,88;711,75;3253,13;
PRISCILA ROBERTA VIEIRA DE FREITAS;NUCLEOS DE EDUC.PROFISSIONAL;GERENTE ACADEMICO;NAO INFORMADO; CARGO COMISSION.S/VINCULO;3109,79;;3109,79;321,70;2788,09;
RAFAEL DE ARAUJO MIRANDA;ASSESSORIA;ASS.TEC.EDUC.3A.CL-A.T.ED-III;; ESTATUTARIO;2464,32;;2464,32;275,00;2189,32;
RAIZINARA DE OLIVEIRA ZURRA;UNIDADES DESCENTRAL.EDUC.PROF.;DIRETOR DE ESC.DE EDUC.PROFISS.;NAO INFORMADO; CARGO COMISSION.S/VINCULO;5729,77;;5729,77;1046,98;4682,79;
RALFA GOMES DE SOUZA;NUCLEOS DE EDUC.PROFISSIONAL;ANALISTA TEC.EDUC.3A.CL-A.T.E-III;; ESTATUTARIO;4464,88;;4464,88;711,75;3753,13;
RAQUEL AGUIAR DA SILVA;DIRETORIA ACADEMICA;COORDENADOR DE CURSO;; CARGO COMISSION.S/VINCULO;4729,77;;4729,77;716,09;4013,68;
REGIANE OLIVEIRA DA SILVA;DIRETORIA ADM.FINANCEIRA;ASSESSOR II;NAO INFORMADO; CARGO COMISSION.S/VINCULO;3709,79;;3709,79;441,71;3268,08;
REGIOMARA LASMAR COSTA;UNIDADES DESCENTRAL.EDUC.PROF.;COORDENADOR DE CURSO;COORDENADOR DE CURSO; CARGO COMISSION.S/VINCULO;3729,77;;3729,77;447,09;3282,68;
REINIER ALEX DE OLIVEIRA FREITAS;GABINETE DO DIRETOR GERAL;GERENTE;NAO INFORMADO; CARGO COMISSION.S/VINCULO;3709,79;;3709,79;441,71;3268,08;
RENATA LIBORIO BRUCE;DIRETORIA ACADEMICA;ASS.TEC.EDUC.3A.CL-A.T.ED-III;; ESTATUTARIO;2464,32;;2464,32;275,00;2189,32;
RITA MARA MIRANDA GARCIA;NUCLEOS DE EDUC.PROFISSIONAL;PROFESSOR PF20.ESP-III;DIRETOR ACADEMICO; ESTATUTARIO;11343,01;;11343,01;2390,88;8952,13;
ROBERTA DA SILVA PINHEIRO;DIRETORIA ACADEMICA;SECRETARIO DE ESC.DE EDUC.PROF.;SEC.ESC.EDUC.PROF.; CARGO COMISSION.S/VINCULO;3709,79;;3709,79;441,71;3268,08;
RODRIGO ALBERTO DE ABREU LIMA;PROCURADORIA;GERENTE DE PROJETOS;NAO INFORMADO; CARGO COMISSION.S/VINCULO;4709,79;;4709,79;710,71;3999,08;
RUBEM PEREIRA BARBOSA;UNIDADES DESCENTRAL.EDUC.PROF.;DIRETOR DE ESC.DE EDUC.PROFISS.;NAO INFORMADO; CARGO COMISSION.S/VINCULO;5729,77;;5729,77;1046,98;4682,79;
SÂMARA SARMENTO DA COSTA LIMA;UNIDADES DESCENTRAL.EDUC.PROF.;ASSESSOR III;NAO INFORMADO; CARGO COMISSION.S/VINCULO;3691,80;;3691,80;422,89;3268,91;
SALATIEL DA ROCHA GOMES;UNIDADES DESCENTRAL.EDUC.PROF.;ANALISTA TEC.EDUC.3A.CL-A.T.E-III;DIRETOR DE ESC.DE ED; ESTATUTARIO;6785,90;;6785,90;1209,56;5576,34;
SARA RAQUEL NEGREIROS FRANÇA;UNIDADES DESCENTRAL.EDUC.PROF.;ASS.TEC.EDUC.3A.CL-A.T.ED-III;; ESTATUTARIO;2464,32;;2464,32;275,00;2189,32;
SIDILANDE PICANCO FERREIRA;DIRETORIA ACADEMICA;COORDENADOR DE CURSO;; CARGO COMISSION.S/VINCULO;4729,77;;4729,77;716,09;4013,68;
SONIA FERREIRA DA SILVA;COMISSAO PERMAN.DE CONCURSOS;PRESIDENTE COM.PERMAN.CONCUR.AD-1;; CARGO COMISSION.S/VINCULO;5729,77;;5729,77;1046,98;4682,79;
SUANY DE ARAUJO SARAIVA;NUCLEOS DE EDUC.PROFISSIONAL;PROFESSOR PF20.LPL-IV;; ESTATUTARIO;5074,76;;5074,76;629,16;4445,60;
SUELENE MESQUITA;GABINETE DO DIRETOR GERAL;PEDAGOGO PD20.ESP-III;CHEFE DE GABINETE; ESTATUTARIO;8084,81;;8084,81;1478,82;6605,99;
TAINA ABECASSIS TEIXEIRA;DIRETORIA DE REL.EMP.INSTITUC.;ANALISTA TEC.EDUC.3A.CL-A.T.E-III;; ESTATUTARIO;4464,88;;4464,88;711,75;3753,13;
TAINAH BARBOSA NEPOMUCENO;NUCLEOS DE EDUC.PROFISSIONAL;ASS.TEC.EDUC.3A.CL-A.T.ED-III;; ESTATUTARIO;2464,32;;2464,32;275,00;2189,32;
TAMYRES MENEZES DE ANDRADE;UNIDADES DESCENTRAL.EDUC.PROF.;ASS.TEC.EDUC.3A.CL-A.T.ED-III;; ESTATUTARIO;2464,32;;2464,32;275,00;2189,32;
THAMARA PAIVA SILVA;DIRETORIA ADM.FINANCEIRA;ASS.TEC.EDUC.3A.CL-A.T.ED-III;; ESTATUTARIO;2464,32;;2464,32;275,00;2189,32;
THIAGO TEIXEIRA GILONA;DIRETORIA ADM.FINANCEIRA;COORDENADOR DE NUCLEO;NAO INFORMADO; CARGO COMISSION.S/VINCULO;5729,77;;5729,77;1046,98;4682,79;
VALDENICE DE CASTRO GOMES RAMOS;UNIDADES DESCENTRAL.EDUC.PROF.;GERENTE ACADEMICO;NAO INFORMADO; CARGO COMISSION.S/VINCULO;14408,68;;14408,68;3001,12;11407,56;
VALDENOR ALVES CORDEIRO;UNIDADES DESCENTRAL.EDUC.PROF.;ASSISTENTE ADMINISTRATIVO;; ESTATUTARIO;2464,32;;2464,32;275,00;2189,32;
VALERIA GOMES DE MELO;NUCLEOS DE EDUC.PROFISSIONAL;SECRETARIO DE ESC.DE EDUC.PROF.;SECRETARIO DE ESC.DE; CARGO COMISSION.S/VINCULO;3709,79;;3709,79;441,71;3268,08;
VANESSA HOLANDA GONÇALVES;DIRETORIA ADM.FINANCEIRA;COORDENADOR DE NUCLEO;NAO INFORMADO; CARGO COMISSION.S/VINCULO;5729,77;;5729,77;1046,98;4682,79;
VANESSA KAREN PINTO B MEDEIROS;GABINETE DO DIRETOR GERAL;ASSESSOR III;ASSESSOR III; CARGO COMISSION.S/VINCULO;3691,80;;3691,80;437,11;3254,69;
VICTOR LOZOVOI FIGUEIREDO DE ARAUJO;DIRETORIA ADM.FINANCEIRA;ASS.TEC.EDUC.3A.CL-A.T.ED-III;; ESTATUTARIO;2464,32;;2464,32;275,00;2189,32;
VITOR CANTANHEDE BARRETO;DIRETORIA ADM.FINANCEIRA;ASS.TEC.EDUC.3A.CL-A.T.ED-III;; ESTATUTARIO;2464,32;;2464,32;275,00;2189,32;
VIVIAN CHRISTIANE ATAIDE MORAES;DIRETORIA ACADEMICA;COORDENADOR DE CURSO;COORD.CURSO AD-1; CARGO COMISSION.S/VINCULO;4709,79;;4709,79;710,71;3999,08;
WALDERLENE MONTEIRO DA SILVA;NUCLEOS DE EDUC.PROFISSIONAL;GERENTE ACADEMICO;NAO INFORMADO; CARGO COMISSION.S/VINCULO;3109,79;;3109,79;321,70;2788,09;
WALDERLES FELIX BRANDÃO;UNIDADES DESCENTRAL.EDUC.PROF.;GERENTE ACADEMICO;NAO INFORMADO; CARGO COMISSION.S/VINCULO;3109,79;;3109,79;290,56;2819,23;
WELLINGTHON SALES BATALHA;UNIDADES DESCENTRAL.EDUC.PROF.;TEC.DE TECNOL.INF.3A.CL-T.T.I-III;; ESTATUTARIO;2464,32;;2464,32;275,00;2189,32;
WELLINGTON COSTA DA SILVA;ASSESSORIA;ANALISTA TEC.EDUC.3A.CL-A.T.E-III;; ESTATUTARIO;4464,88;;4464,88;711,75;3753,13;
ZAIRA NOGUEIRA QUEIROZ;DIRETORIA ACADEMICA;GERENTE DE PROJETOS;GERENTE PROJETO AD-2; CARGO COMISSION.S/VINCULO;4709,79;;4709,79;710,71;3999,08;
