NOME;LOTACAO;CARGO;FUNCAO;VINCULO;REMUNERACAO LEGAL TOTAL(R$);DESC.TETO(R$); REMUNERACAO LEGAL DEVIDA(R$);DESCONTOS LEGAIS(R$);LIQUIDO DISPONIVEL(R$);
ADRIANA DIAS DE ALMEIDA;SUBCONTROL.DE OUVIDORIA;ASSESSOR III;NAO INFORMADO; CARGO COMISSION.S/VINCULO;5607,49;;5607,49;866,64;4740,85;
ALINE DE ALENCAR CORREIA FIGUEIREDO;SUBCONTROL.DE CONTROL.INTERNO;ASSESSOR III;NAO INFORMADO; CARGO COMISSION.S/VINCULO;3691,80;;3691,80;379,31;3312,49;
ALINE PONTES BORGES VERAS;DPTO.ADMINISTRACAO E FINANCAS;ASSESSOR IV;NAO INFORMADO; CARGO COMISSION.S/VINCULO;3075,61;;3075,61;259,85;2815,76;
ANA PAULA DE FREITAS LOPES;SUBCONTROL.DE CONTROL.INTERNO;ASSESSOR TECNICO;NAO INFORMADO; CARGO COMISSION.S/VINCULO;7500,00;;7500,00;1600,82;5899,18;
ANATHILDE LAPA MAIA;GABINETE DO SECRETARIO;ASSESSOR DE CONTROLE INTERNO II;; CARGO COMISSION.S/VINCULO;4709,79;;4709,79;652,57;4057,22;
ANDRE LUIZ DE SOUZA ANZOATEGUI;SUBCONTROL.DE CONTROL.INTERNO;INVEST.DE POL. 4A.CL. PC-INV.IV;ASSESSOR I AD-1; ESTATUTARIO;7166,67;;7166,67;911,84;6254,83;
ANDRE MARCELO RIBEIRO VIGA;SUBCONTROL.DE CONTROL.INTERNO;ASSESSOR III;NAO INFORMADO; CARGO COMISSION.S/VINCULO;3691,80;;3691,80;360,24;3331,56;
ANDSON LIMA MOREIRA;DEPTO.RECURSOS DA INFORMACAO;ASSESSOR IV;NAO INFORMADO; CARGO COMISSION.S/VINCULO;3075,61;;3075,61;259,85;2815,76;
ANIELLY ROCHA DE ARAUJO;SUBCONTROL.DE CONTROL.INTERNO;ASSESSOR III;NAO INFORMADO; CARGO COMISSION.S/VINCULO;3191,80;;3191,80;322,74;2869,06;
ANTONIO ELIAS DE SOUZA;DPTO.ADMINISTRACAO E FINANCAS;CHEFE DE DEPARTAMENTO;NAO INFORMADO; CARGO COMISSION.S/VINCULO;7473,03;;7473,03;1593,40;5879,63;
ANTONIO LEOPOLDO OLIVEIRA DE LIMA;SUBCONTROL.DE CONTROL.INTERNO;ASSESSOR IV;NAO INFORMADO; CARGO COMISSION.S/VINCULO;3075,61;;3075,61;259,85;2815,76;
AURICLEIA NASCIMENTO DE A REBOUCAS;SUBCONTROL.DE CONTROL.INTERNO;DIGITADOR;ASSESSOR I; ESTATUTARIO;6271,54;;6271,54;698,45;5573,09;
BENEDITO SOUZA DA COSTA;DPTO.ADMINISTRACAO E FINANCAS;ASSESSOR III;NAO INFORMADO; CARGO COMISSION.S/VINCULO;3691,80;;3691,80;379,31;3312,49;
CAROL DE PINHO ASSI ALENCAR;GABINETE DO SECRETARIO;CHEFE DE GABINETE;NAO INFORMADO; CARGO COMISSION.S/VINCULO;5729,77;;5729,77;907,42;4822,35;
CASSIA DE OLIVEIRA DUARTE G SILVA;DPTO.ADMINISTRACAO E FINANCAS;GERENTE;; CARGO COMISSION.S/VINCULO;4709,79;;4709,79;652,57;4057,22;
CHARLENE MACIEL DE OLIVEIRA;SUBCONTROL.DE OUVIDORIA;ASSESSOR III;NAO INFORMADO; CARGO COMISSION.S/VINCULO;3691,80;;3691,80;360,24;3331,56;
CLEONE BARROS DE ALMEIDA;SUBCONTROL.DE CONTROL.INTERNO;TNS-II;ASSESSOR II AD-2; ESTATUTARIO;8529,15;;8529,15;657,90;7871,25;
CYAILLEN CARVALHO ESPINDOLA;GABINETE DO SECRETARIO;ASSESSOR III;NAO INFORMADO; CARGO COMISSION.S/VINCULO;3691,80;;3691,80;379,31;3312,49;
DEBORA THALIENY DA SILVA CARVALHO;SUBCONTROL.DE CONTROL.INTERNO;ASSESSOR IV;NAO INFORMADO; CARGO COMISSION.S/VINCULO;3075,61;;3075,61;259,85;2815,76;
DORVAL FERREIRA MARTINS FILHO;GABINETE DO SECRETARIO;ASSESSOR II;NAO INFORMADO; CARGO COMISSION.S/VINCULO;4709,79;;4709,79;652,57;4057,22;
EDENILSON PINHEIRO SILVA;DPTO.ADMINISTRACAO E FINANCAS;ASSESSOR III;NAO INFORMADO; CARGO COMISSION.S/VINCULO;3691,80;;3691,80;346,02;3345,78;
ELEM DO SOCORRO MEDEIROS DE AZEVEDO;DPTO.ADMINISTRACAO E FINANCAS;GERENTE;; CARGO COMISSION.S/VINCULO;4709,79;;4709,79;652,57;4057,22;
ELIONILDE ARAUJO DA SILVA;DPTO.ADMINISTRACAO E FINANCAS;ASSESSOR I;NAO INFORMADO; CARGO COMISSION.S/VINCULO;5729,77;;5729,77;992,73;4737,04;
ENEIAS PEREIRA NASCIMENTO;DEPTO.RECURSOS DA INFORMACAO;ASSESSOR III;; CARGO COMISSION.S/VINCULO;4755,73;;4755,73;606,70;4149,03;
ENOQUE MOREIRA NUNES JUNIOR;SUBCONTROL.DE CONTROL.INTERNO;ASSESSOR I;NAO INFORMADO; CARGO COMISSION.S/VINCULO;5729,77;;5729,77;907,42;4822,35;
ENZA RAFAELA RODRIGUES P AQUINO;SUBCONTROL.DE CONTROL.INTERNO;ASSESSOR II;NAO INFORMADO; CARGO COMISSION.S/VINCULO;4709,79;;4709,79;622,77;4087,02;
ERIVALDER ARAUJO BARREIROS;SUBCONTROL.DE CONTROL.INTERNO;ASSESSOR II;NAO INFORMADO; CARGO COMISSION.S/VINCULO;4709,79;;4709,79;652,57;4057,22;
FABIO DIEGO GOMES RAMOS;DEPTO.RECURSOS DA INFORMACAO;ASSESSOR DE TECNOL.DA INFORMACAO;; CARGO COMISSION.S/VINCULO;5729,77;;5729,77;907,42;4822,35;
FRANCISCA DARA DA SILVA;SUBCONTROL.DE CONTROL.INTERNO;ASSESSOR III;NAO INFORMADO; CARGO COMISSION.S/VINCULO;3691,80;;3691,80;379,31;3312,49;
HOEBER SILVA E SILVA;DPTO.ADMINISTRACAO E FINANCAS;ASSESSOR III;; CARGO COMISSION.S/VINCULO;3691,80;;3691,80;379,31;3312,49;
IANE VITORIA DUARTE DA COSTA;GABINETE DO SECRETARIO;ASSESSOR IV;NAO INFORMADO; CARGO COMISSION.S/VINCULO;3075,61;;3075,61;259,85;2815,76;
INGRID DE OLIVEIRA MENEZES;SUBCONTROL.DE CONTROL.INTERNO;ASSESSOR DE CONTROLE INTERNO II;NAO INFORMADO; CARGO COMISSION.S/VINCULO;4709,79;;4709,79;622,77;4087,02;
IRISMAR AUGUSTA FREITAS DE S COELHO;SUBCONTROL.DE OUVIDORIA;ASSESSOR IV;NAO INFORMADO; CARGO COMISSION.S/VINCULO;3934,15;;3934,15;442,57;3491,58;
ISABELLE FERNANDES BELOTA;SUBCONTROL.DE CONTROL.INTERNO;ASSESSOR DE CONTROLE INTERNO II;NAO INFORMADO; CARGO COMISSION.S/VINCULO;4709,79;;4709,79;652,57;4057,22;
ITAUNA HENRIQUE BASTOS LIMA;SUBCONTROL.DE CONTROL.INTERNO;ASSESSOR II;NAO INFORMADO; CARGO COMISSION.S/VINCULO;4709,79;;4709,79;652,57;4057,22;
JANAYNA CASTRO DE VASCONCELOS;ASSESSORIA TECNICA;ASSESSOR JURIDICO;NAO INFORMADO; CARGO COMISSION.S/VINCULO;5729,77;;5729,77;992,73;4737,04;
JEANE MARIA MAR PASSOS;SEC.EXEC.ADJ.DE ADMINISTRACAO;A.TEC-I;SEC.EXEC.ADJ. ADM; ESTATUTARIO;9735,06;;9735,06;1828,03;7907,03;
JESSICA DE SOUZA COSTA;SUBCONTROL.DE CONTROL.INTERNO;ASSESSOR DE CONTROLE INTERNO II;NAO INFORMADO; CARGO COMISSION.S/VINCULO;4709,79;;4709,79;652,57;4057,22;
JONATAS BARBOSA PESSOA;DPTO.ADMINISTRACAO E FINANCAS;ASSESSOR III;NAO INFORMADO; CARGO COMISSION.S/VINCULO;3691,80;;3691,80;379,31;3312,49;
JOSE LUIS CANTUARIA DOS REIS;ASSESSORIA TECNICA;ASSESSOR JURIDICO;NAO INFORMADO; CARGO COMISSION.S/VINCULO;5729,77;;5729,77;907,42;4822,35;
KEYLA CARVALHO CAVALCANTE;DEPTO.ADMINISTRAT.FINANCEIRO;ASSESSOR I;NAO INFORMADO; CARGO COMISSION.S/VINCULO;7473,03;;7473,03;1489,13;5983,90;
LARISSA MONTEIRO PINTO DE ANDRADE;SUBCONTROL.DE OUVIDORIA;CHEFE DE DEPARTAMENTO;; CARGO COMISSION.S/VINCULO;5229,77;;5229,77;950,08;4279,69;
LICIA DA SILVA BARNABE;SUBCONTROL.DE OUVIDORIA;ASSESSOR IV;NAO INFORMADO; CARGO COMISSION.S/VINCULO;3075,61;;3075,61;259,85;2815,76;
LIVIA HELENA VENTURA RIBEIRO;DPTO.ADMINISTRACAO E FINANCAS;GERENTE;NAO INFORMADO; CARGO COMISSION.S/VINCULO;4709,79;;4709,79;622,77;4087,02;
LUCIA DE FATIMA RIBEIRO MAGALHAES;SUBCONTROL.DE CONTROL.INTERNO;SUBCONTROLADOR-GERAL CONT.INTERNO;NAO INFORMADO; CARGO COMISSION.S/VINCULO;12200,00;;12200,00;2893,32;9306,68;
LUIZ ROCHA DE ARAUJO;SUBCONTROL.DE CONTROL.INTERNO;TNS-I;AUDITOR CHEFE AD-1; ESTATUTARIO;5385,82;;5385,82;737,60;4648,22;
MANUELLA SILVESTRE GONCALVES SILVA;SUBCONTROL.DE CONTROL.INTERNO;ASSESSOR DE CONTROLE INTERNO I;NAO INFORMADO; CARGO COMISSION.S/VINCULO;5729,77;;5729,77;992,73;4737,04;
MARCELA MELO PEREIRA;DPTO.ADMINISTRACAO E FINANCAS;ASSESSOR III;; CARGO COMISSION.S/VINCULO;4755,73;;4755,73;667,90;4087,83;
MARCOS PAULO MATOS DE SOUZA;SUBCONTROL.DE CONTROL.INTERNO;ASSESSOR DE CONTROLE INTERNO II;NAO INFORMADO; CARGO COMISSION.S/VINCULO;4709,79;;4709,79;594,34;4115,45;
MARIA TEREZA ELIAS BEZERRA MENEZES;SUBCONTROL.DE CONTROL.INTERNO;ASSESSOR DE CONTROLE INTERNO II;; CARGO COMISSION.S/VINCULO;4709,79;;4709,79;652,57;4057,22;
MARILENE PINHEIRO FONSECA PALHARES;SUBCONTROL.DE OUVIDORIA;ASSESSOR III;NAO INFORMADO; CARGO COMISSION.S/VINCULO;3691,80;;3691,80;379,31;3312,49;
MATHEUS DANTAS DA SILVA;DPTO.ADMINISTRACAO E FINANCAS;ASSESSOR III;; CARGO COMISSION.S/VINCULO;4755,73;;4755,73;667,90;4087,83;
MATHEUS PHELIPE FURTADO RODRIGUES;SUBCONTROL.DE CONTROL.INTERNO;ASSESSOR III;NAO INFORMADO; CARGO COMISSION.S/VINCULO;3691,80;;3691,80;379,31;3312,49;
MICHEL KRISTHIAN LAVOR CRUZ TAMER;SUBCONTROL.DE CONTROL.INTERNO;ASSESSOR DE CONTROLE INTERNO I;; CARGO COMISSION.S/VINCULO;5729,77;;5729,77;907,42;4822,35;
MIGUEL ANTONIO BRANDT CRUZ;SUBCONTROL.DE OUVIDORIA;CHEFE DE DEPARTAMENTO;NAO INFORMADO; CARGO COMISSION.S/VINCULO;5729,77;;5729,77;907,42;4822,35;
NARA MARLY ALVES DE OLIVEIRA SOUZA;SUBCONTROL.DE OUVIDORIA;ASSESSOR IV;NAO INFORMADO; CARGO COMISSION.S/VINCULO;3075,61;;3075,61;259,85;2815,76;
OTAVIO DE SOUZA GOMES;GABINETE DO SECRETARIO;CONTROLADOR GERAL DO ESTADO;NAO INFORMADO; CARGO COMISSION.S/VINCULO;28560,00;;28560,00;7392,32;21167,68;
PAULA SILVA DE OLIVEIRA;DPTO.ADMINISTRACAO E FINANCAS;ASSESSOR III;; CARGO COMISSION.S/VINCULO;3691,80;;3691,80;346,02;3345,78;
RENATA INGRID PANTOJA DA SILVA;SUBCONTROL.DE CONTROL.INTERNO;ASSESSOR III;NAO INFORMADO; CARGO COMISSION.S/VINCULO;3691,80;;3691,80;360,24;3331,56;
RIANDRY PIZANO CARVALHO;SUBCONTROL.DE CONTROL.INTERNO;ASSESSOR DE CONTROLE INTERNO II;NAO INFORMADO; CARGO COMISSION.S/VINCULO;4709,79;;4709,79;652,57;4057,22;
RICARDO DOS SANTOS PONTES;DPTO.ADMINISTRACAO E FINANCAS;A.TEC-I;; ESTATUTARIO;4248,30;;4248,30;370,29;3878,01;
ROBSON CARVALHO DA SILVA;SUBCONTROL.DE OUVIDORIA;ASSESSOR TECNICO;NAO INFORMADO; CARGO COMISSION.S/VINCULO;7500,00;;7500,00;1600,82;5899,18;
RODRIGO JUNIO ALVES DE SOUZA;DEPTO.RECURSOS DA INFORMACAO;ASSESSOR III;NAO INFORMADO; CARGO COMISSION.S/VINCULO;3691,80;;3691,80;379,31;3312,49;
ROGERIO SIQUEIRA DE SA NOGUEIRA;SUBCONTROL.DE OUVIDORIA;SUBCONTROLADOR-GERAL DE TRANP.E OUV;NAO INFORMADO; CARGO COMISSION.S/VINCULO;12200,00;;12200,00;2893,32;9306,68;
ROOSEVELT FARIAS DE MORAES;GABINETE DO SECRETARIO;ASSESSOR DE CONTROLE INTERNO II;NAO INFORMADO; CARGO COMISSION.S/VINCULO;4709,79;;4709,79;594,34;4115,45;
ROSA AMANDA DA SILVA OLIVEIRA;DPTO.ADMINISTRACAO E FINANCAS;GERENTE;NAO INFORMADO; CARGO COMISSION.S/VINCULO;4709,79;;4709,79;652,57;4057,22;
ROSANA CARVALHO IPIRANGA;DPTO.ADMINISTRACAO E FINANCAS;ASSESSOR I;NAO INFORMADO; CARGO COMISSION.S/VINCULO;5729,77;;5729,77;992,73;4737,04;
RUY BRASIL CORREA FILHO;SUBCONTROL.DE CONTROL.INTERNO;TNS-I;CH DE DPTO AD-1; ESTATUTARIO;7365,11;;7365,11;1380,39;5984,72;
SERGIO LUIZ VELOZO;GABINETE DO SECRETARIO;ASSESSOR DE COMUNICACAO;NAO INFORMADO; CARGO COMISSION.S/VINCULO;5729,77;;5729,77;992,73;4737,04;
SUELEN OLIVEIRA MOTA;SUBCONTROL.DE CONTROL.INTERNO;ASSESSOR DE CONTROLE INTERNO II;NAO INFORMADO; CARGO COMISSION.S/VINCULO;4709,79;;4709,79;652,57;4057,22;
VANESSA REIS DE LIMA;GABINETE DO SECRETARIO;ASSESSOR III;NAO INFORMADO; CARGO COMISSION.S/VINCULO;3691,80;;3691,80;360,24;3331,56;
VITOR ISAAC VICENTE DE LIMA;DPTO.ADMINISTRACAO E FINANCAS;ASSESSOR II;NAO INFORMADO; CARGO COMISSION.S/VINCULO;4709,79;;4709,79;652,57;4057,22;
WILLIAM JAMES RODRIGUES DE OLIVEIRA;SUBCONTROL.DE CONTROL.INTERNO;ASSESSOR DE CONTROLE INTERNO I;; CARGO COMISSION.S/VINCULO;5729,77;;5729,77;950,08;4779,69;
