NOME;LOTACAO;CARGO;FUNCAO;VINCULO;REMUNERACAO LEGAL TOTAL(R$);DESC.TETO(R$); REMUNERACAO LEGAL DEVIDA(R$);DESCONTOS LEGAIS(R$);LIQUIDO DISPONIVEL(R$);
ACASSIO COELHO EUGENIO;IRANDUBA;ENG.AGRO-III;; ESTATUTARIO;7370,95;;7370,95;1824,60;5546,35;
ADALCIRLON FABIO ALVES DE MATOS;TEFE;M.FLU-III;; ESTATUTARIO;2702,20;;2702,20;345,05;2357,15;
ADEILSON SILVA SOUSA;APUI;T.F.AGRO-III;; ESTATUTARIO;4442,57;;4442,57;723,87;3718,70;
ADELTON QUEIROZ DOS SANTOS;PRESIDENTE FIGUEIREDO;AG.F.AGRO-III;; ESTATUTARIO;4442,57;;4442,57;723,87;3718,70;
ADERALDO ALVES DE FRANCA;GUAJARA;T.F.AGRO-III;TEC.EM AGROPECUARIA; ESTATUTARIO;4442,57;;4442,57;723,87;3718,70;
ADILSON PEREIRA DA SILVA;APUI;T.F.AGRO-III;; ESTATUTARIO;4442,57;;4442,57;791,22;3651,35;
ADRIANA FURTADO ROBERTO;SILVES;T.F.AGRO-III;; ESTATUTARIO;4442,57;;4442,57;791,22;3651,35;
ADRIELE VICTORIA DE SOUZA FERREIRA;LABREA NOVA CALIFORNIA;T.F.AGRO-III;; ESTATUTARIO;4442,57;;4442,57;791,22;3651,35;
ADSON FERREIRA DE CARVALHO;AUTAZES - NOVO CEU;T.F.AGRO-III;; ESTATUTARIO;4442,57;;4442,57;791,22;3651,35;
AEUDES DA COSTA ERICEIRA;PARINTINS;T.F.AGRO-III;; ESTATUTARIO;4442,57;;4442,57;791,22;3651,35;
AGEMIRO MOURA LOPES;PAUINI;COORDENADOR LOCAL II;; CARGO COMISSION.S/VINCULO;3191,80;;3191,80;379,31;2812,49;
AJAX DE SOUSA FERREIRA;DEPTO.DEFESA AGROP.E FLORESTAL;TECNICO EM AGROPECUARIA;GERENTE; ESTATUTARIO;5680,45;;5680,45;1097,03;4583,42;
ALAOR MAGALHÃES PEREIRA;APUI;T.F.AGRO-III;; ESTATUTARIO;4442,57;;4442,57;752,31;3690,26;
ALDA LUCIA DE MOURA LOUREIRO;DEPTO.DEFESA AGROP.E FLORESTAL;COORDENADOR LOCAL II;NAO INFORMADO; CARGO COMISSION.S/VINCULO;3191,80;;3191,80;379,31;2812,49;
ALDEMIR GONCALO DA SILVA;AUTAZES;F.AGRO.MED.V-III;; ESTATUTARIO;7370,95;;7370,95;1469,80;5901,15;
ALESSANDRA BORGES DA SILVA;URUCARA;F.AGRO.MED.V-III;; ESTATUTARIO;7370,95;;7370,95;1824,60;5546,35;
ALEX DABSON DE ALMEIDA LIMA;DEPTO.ADM.FIN.COM.E FOMENTO;MOT-III;; ESTATUTARIO;2246,47;;2246,47;314,51;1931,96;
ALEXANDRE DA GAMA LOPES;MANACAPURU;M.FLU-III;; ESTATUTARIO;3602,93;;3602,93;447,70;3155,23;
ALEXANDRE DE SOUSA E SILVA;NOVO ARIPUANA;T.F.AGRO-III;; ESTATUTARIO;4442,57;;4442,57;723,87;3718,70;
ALEXANDRE HENRIQUE FREITAS ARAUJO;GABINETE;ENGENHEIRO AGRONOMO;DIRETOR PRESIDENT; ESTATUTARIO;14306,15;;14306,15;4048,34;10257,81;
ALICHELLY CARINA MACEDO VENTURA;GABINETE;ASSESSOR I;NAO INFORMADO; CARGO COMISSION.S/VINCULO;5229,77;;5229,77;992,73;4237,04;
ALINE LOPES DE OLIVEIRA;BOA VISTA DO RAMOS;T.F.AGRO-III;; ESTATUTARIO;4442,57;;4442,57;791,22;3651,35;
ALISON ANDRE XIMENES SOARES;DEPTO.DEFESA AGROP.E FLORESTAL;F.AGRO.MED.V-III;; ESTATUTARIO;6570,95;;6570,95;1604,60;4966,35;
ALISON EDMUNDO BATISTA;HUMAITA;MOT-III;; ESTATUTARIO;2522,03;;2522,03;312,52;2209,51;
ALMIR ASTERIO CARVALHAL;ASSESSORIA;ENGENHEIRO AGRONOMO;ASSESSOR II AD2; ESTATUTARIO;12102,82;;12102,82;3213,70;8889,12;
ALOYSIO MAIA MALVEIRA JUNIOR;DEPTO.DEFESA AGROP.E FLORESTAL;ENGENHEIRO AGRONOMO;; ESTATUTARIO;7584,95;;7584,95;1934,23;5650,72;
ALTAIR DE ALMEIDA CAVALCANTE;DEPTO.DEFESA AGROP.E FLORESTAL;TECNICO EM AGROPECUARIA;; ESTATUTARIO;4496,57;;4496,57;863,48;3633,09;
AMAURY AZEVEDO LUZ;DEPTO.DEFESA AGROP.E FLORESTAL;F.AGRO.MED.V-III;; ESTATUTARIO;6570,95;;6570,95;1604,60;4966,35;
ANA CAROLINA COSTA DE MOURA;DEPTO.DEFESA AGROP.E FLORESTAL;T.F.AGRO-III;; ESTATUTARIO;3942,57;;3942,57;705,75;3236,82;
ANA CRISTINA KRZYZANIAK;DEPTO.DEFESA AGROP.E FLORESTAL;F.AGRO.MED.V-III;FISCAL AGROP-III CL; ESTATUTARIO;7040,30;;7040,30;1781,31;5258,99;
ANDERSON CARVALHO DA ROCHA;HUMAITA;AUX.F.AGRO-III;; ESTATUTARIO;2797,95;;2797,95;321,71;2476,24;
ANDRE LUIZ BORBOREMA DA CUNHA;PARINTINS;T.F.AGRO-III;; ESTATUTARIO;4442,57;;4442,57;791,22;3651,35;
ANDRE LUIZ MEIRELES PATRICIO FILHO;CAREIRO CASTANHO;MOT-III;; ESTATUTARIO;2702,20;;2702,20;345,05;2357,15;
ANDRE PARANHOS ALBUQUERQUE;SANTO ANTONIO DO MATUPI;AUX.AGR-III;COORD. LOCAL II AD-3; ESTATUTARIO;4457,48;;4457,48;547,80;3909,68;
ANDRE RICARDO MORAIS DOS SANTOS;URUCARA;T.F.AGRO-III;; ESTATUTARIO;4442,57;;4442,57;791,22;3651,35;
ANDREZZA RIBEIRO DE LIMA MORENO;MANACAPURU;COORDENADOR LOCAL II;; CARGO COMISSION.S/VINCULO;3191,80;;3191,80;379,31;2812,49;
ANGELICA MARTINA GONCALVES PEREIRA;DEPTO.DEFESA AGROP.E FLORESTAL;F.AGRO.MED.V-III;; ESTATUTARIO;6570,95;;6570,95;1604,60;4966,35;
ANNYELLE BEZERRA DA SILVA TORRES;ASSESSORIA;COORDENADOR LOCAL II;NAO INFORMADO; CARGO COMISSION.S/VINCULO;4574,91;;4574,91;774,34;3800,57;
ANSELMO DE SOUZA BEZERRA;EIRUNEPE;TECNICO EM AGROPECUARIA;; ESTATUTARIO;4723,64;;4723,64;883,14;3840,50;
ANTONIELLY CARREIRO DE OLIVEIRA;SANTO ANTONIO DO MATUPI;COORDENADOR LOCAL II;NAO INFORMADO; CARGO COMISSION.S/VINCULO;3191,80;;3191,80;379,31;2812,49;
ANTONIO EDSON DE SOUZA SOARES;DEPTO.DEFESA AGROP.E FLORESTAL;T.F.AGRO-III;TEC.EM AGROPECUARIA; ESTATUTARIO;3942,57;;3942,57;632,92;3309,65;
ANTONIO GIOVANNI PONTES VIANA;BOCA DO ACRE;T.F.AGRO-III;; ESTATUTARIO;4442,57;;4442,57;791,22;3651,35;
ANTONIO JORGE SANTOS SILVA MATTOS;DEPTO.DEFESA AGROP.E FLORESTAL;F.AGRO.MED.V-III;; ESTATUTARIO;6570,95;;6570,95;1604,60;4966,35;
ANTONIO JOSE LEAL NINA ROLDAO;APUI;T.F.AGRO-III;; ESTATUTARIO;4442,57;;4442,57;791,22;3651,35;
ANTONIO RODRIGUES VIANA;ITACOATIARA;AUX.F.AGRO-III;; ESTATUTARIO;2797,95;;2797,95;336,19;2461,76;
ANTONIO YAN MENEZES C DELMIRO;EIRUNEPE;T.F.AGRO-III;; ESTATUTARIO;4442,57;;4442,57;752,31;3690,26;
ARQUIMIMO DO AMARAL SILVA;ITAMARATI;T.F.AGRO-III;; ESTATUTARIO;5923,43;;5923,43;1159,75;4763,68;
AUGUSTO CEZAR CRUZ DE CASTRO;TABATINGA;T.F.AGRO-III;; ESTATUTARIO;4442,57;;4442,57;791,22;3651,35;
AUREA SIQUEIRA DE CASTRO AZEVEDO;HUMAITA;F.A.ENG.FLOR-III;; ESTATUTARIO;7370,95;;7370,95;1824,60;5546,35;
BARBARA BRANDAO FERREIRA SILVEIRA;DEPTO.DEFESA AGROP.E FLORESTAL;F.A.ENG.AGRO-III;; ESTATUTARIO;6570,95;;6570,95;1500,33;5070,62;
BERGSON PEREIRA DE LIMA;ITACOATIARA;F.AGRO.MED.V-III;; ESTATUTARIO;7370,95;;7370,95;1824,60;5546,35;
BOAVENTURA BEZERRA DA SILVA FILHO;MARAA;T.F.AGRO-III;; ESTATUTARIO;5923,43;;5923,43;1159,75;4763,68;
BRENDA CAROLINE DA COSTA ARAUJO;SANTA IZABEL DO RIO NEGRO;AUX.F.AGRO-III;AUX. AGROPECUARIO; ESTATUTARIO;2797,95;;2797,95;336,19;2461,76;
BRUNO SILVA E SILVA;NOVO REMANSO;T.F.AGRO-III;TEC.EM AGROPECUARIA; ESTATUTARIO;4442,57;;4442,57;695,44;3747,13;
BRUNO SOARES MOURA COSTA;APUI;T.F.AGRO-III;; ESTATUTARIO;4442,57;;4442,57;791,22;3651,35;
CAETANINHA DA CUNHA CAVALCANTI;ASSESSORIA;TNS-III;; ESTATUTARIO;5632,23;;5632,23;1251,17;4381,06;
CAMILA DA COSTA AZEVEDO;ITACOATIARA;AG.F.AGRO-III;; ESTATUTARIO;4442,57;;4442,57;723,87;3718,70;
CARLEU BARBA SOARES;MANICORE;T.F.AGRO-III;TEC.EM AGROPECUARIA; ESTATUTARIO;4442,57;;4442,57;791,22;3651,35;
CARLOS AUGUSTO NUNES DA SILVA;PRESIDENTE FIGUEIREDO;AUX.F.AGRO-III;; ESTATUTARIO;3730,60;;3730,60;478,24;3252,36;
CARLOS ELSIO PEREIRA LIMA;APUI;T.F.AGRO-III;; ESTATUTARIO;4442,57;;4442,57;752,31;3690,26;
CARLOS JORGE RIBEIRO;ASSESSORIA;ASSESSOR I;ASSESSOR I; CARGO COMISSION.S/VINCULO;6973,03;;6973,03;1593,40;5379,63;
CARLOS PEDRO DA SILVA;MANACAPURU;T.F.AGRO-III;TEC.EM AGROPECUARIA; ESTATUTARIO;4442,57;;4442,57;752,31;3690,26;
CARLOS PETRONIO DE SOUZA QUEIROZ;DEPTO.DEFESA AGROP.E FLORESTAL;AG.F.AGRO-III;AG.AGROPECUARIO; ESTATUTARIO;3942,57;;3942,57;600,26;3342,31;
CASEMIRO DA PAZ DE SOUZA;DEPTO.ADM.FIN.COM.E FOMENTO;AUX.F.AGRO-III;; ESTATUTARIO;3063,93;;3063,93;384,58;2679,35;
CHARLLES LIKIYASU OSAWA DA SILVA;NOVO ARIPUANA;T.F.AGRO-III;; ESTATUTARIO;4442,57;;4442,57;695,44;3747,13;
CHRISSOSTOMO PEREIRA NINA NETO;DEPTO.DEFESA AGROP.E FLORESTAL;T.F.AGRO-III;TEC.EM AGROPECUARIA; ESTATUTARIO;5256,76;;5256,76;744,69;4512,07;
CILENE PIRES DE SOUZA;DEPTO.ADM.FIN.COM.E FOMENTO;GERENTE;; CARGO COMISSION.S/VINCULO;4209,79;;4209,79;652,57;3557,22;
CLAUDENICE DE MORAIS LIMA;AUTAZES;COORDENADOR LOCAL I;NAO INFORMADO; CARGO COMISSION.S/VINCULO;4209,79;;4209,79;652,57;3557,22;
CLAUDIA DE FATIMA RAMOS CAMPOS;PARINTINS;MEDICO VETERINARIO;; ESTATUTARIO;8384,95;;8384,95;2206,37;6178,58;
CLAUDINEI VENTURA DO NASCIMENTO;APUI;T.F.AGRO-III;TEC.EM AGROPECUARIA; ESTATUTARIO;4442,57;;4442,57;752,31;3690,26;
CLAUDIO EMANUEL MAGALHAES GURGEL;DEPTO.DEFESA AGROP.E FLORESTAL;ENG.AGRO-III;; ESTATUTARIO;6570,95;;6570,95;1604,60;4966,35;
CLEIDE PEREIRA LOPES;DEPTO.ADM.FIN.COM.E FOMENTO;COORDENADOR LOCAL II;; CARGO COMISSION.S/VINCULO;4255,73;;4255,73;578,26;3677,47;
CLEONICE CARDOSO GARCIA;DEPTO.ADM.FIN.COM.E FOMENTO;GERENTE;NAO INFORMADO; CARGO COMISSION.S/VINCULO;8419,58;;8419,58;1991,20;6428,38;
CRISTIANE DA SILVA KLEHM;DEPTO.DEFESA AGROP.E FLORESTAL;F.A.ENG.AGRO-III;FIS.AGROP.AGRONOMIA; ESTATUTARIO;7134,17;;7134,17;1764,52;5369,65;
DANIEL COSTA DE OLIVEIRA;DEPTO.ADM.FIN.COM.E FOMENTO;MOT-III;; ESTATUTARIO;2202,20;;2202,20;308,31;1893,89;
DANIEL DA SILVA BARBOSA;BOCA DO ACRE;T.F.AGRO-III;; ESTATUTARIO;4442,57;;4442,57;791,22;3651,35;
DANIEL MACHADO ROCHA;MANACAPURU;F.AGRO.MED.V-III;FISCAL AGROP-III CL; ESTATUTARIO;7370,95;;7370,95;1720,33;5650,62;
DANIEL RODRIGUES CHAGAS JUNIOR;ITACOATIARA;AUX.F.AGRO-III;; ESTATUTARIO;2797,95;;2797,95;364,63;2433,32;
DANIELLA APARECIDA DOS SANTOS;APUI;T.F.AGRO-III;; ESTATUTARIO;4442,57;;4442,57;791,22;3651,35;
DARLEY ARAUJO CRUZ;NOVO REMANSO;F.AGRO.MED.V-III;; ESTATUTARIO;9827,93;;9827,93;2500,27;7327,66;
DENILDO LOPES DA GAMA;PARINTINS;AUX.F.AGRO-III;; ESTATUTARIO;2797,95;;2797,95;364,63;2433,32;
DERLANI JOSE PEREIRA SERRAO;URUCURITUBA;T.F.AGRO-III;TEC. AGROPECUARIA; ESTATUTARIO;4442,57;;4442,57;752,31;3690,26;
DIEGO COELHO CARDOSO;NOVO ARIPUANA;M.FLU-III;; ESTATUTARIO;2702,20;;2702,20;345,05;2357,15;
DIEGO LANER;DEPTO.DEFESA AGROP.E FLORESTAL;F.AGRO.MED.V-III;FISCAL AGROP-III CL; ESTATUTARIO;7040,30;;7040,30;1729,17;5311,13;
DIELIA MARIA PICANCO PESSOA;INTERIOR;COORDENADOR LOCAL II;NAO INFORMADO; CARGO COMISSION.S/VINCULO;3191,80;;3191,80;379,31;2812,49;
DIOGENES DE OLIVEIRA MAGALHAES;BERURI;T.AG-III;; ESTATUTARIO;4442,57;;4442,57;791,22;3651,35;
DIOGO ROBERTO PFAU;APUI;F.AGRO.MED.V-III;; ESTATUTARIO;7370,95;;7370,95;1824,60;5546,35;
DORIVALDO SALES PASSOS;PRESIDENTE FIGUEIREDO;T.F.AGRO-III;TEC.AGROPECUARIA; ESTATUTARIO;4442,57;;4442,57;752,31;3690,26;
EDER PEDRENO BELTRAO;BARREIRINHA;T.F.AGRO-III;; ESTATUTARIO;4442,57;;4442,57;752,31;3690,26;
EDFRAN NASCIMENTO ANDRADE;SAO GABRIEL DA CACHOEIRA;T.F.AGRO-III;; ESTATUTARIO;4442,57;;4442,57;695,44;3747,13;
EDIMAR BRANCHES GALVAO;NOVO ARIPUANA;T.F.AGRO-III;; ESTATUTARIO;5923,43;;5923,43;1159,75;4763,68;
EDIVAN LIMA RIBEIRO;IRANDUBA;AUX.F.AGRO-III;AUX.AGROPECUARIO; ESTATUTARIO;2797,95;;2797,95;364,63;2433,32;
EDSON AZEVEDO FERNANDES;BOCA DO ACRE;MEDICO VETERINARIO;; ESTATUTARIO;7370,95;;7370,95;1595,81;5775,14;
EDSON FERREIRA GUIMARAES;APUI;T.F.AGRO-III;; ESTATUTARIO;4442,57;;4442,57;695,44;3747,13;
ELOISA MARTINS SOARES MACIEL;DEPTO.DEFESA AGROP.E FLORESTAL;F.AGRO.MED.V-III;; ESTATUTARIO;8761,27;;8761,27;2206,94;6554,33;
EMERSON CARLOS DE ALCANTARA PAULA;MANAQUIRI;AG.F.AGRO-III;; ESTATUTARIO;4442,57;;4442,57;791,22;3651,35;
EMILIO AFONSO DA SILVA;LABREA NOVA CALIFORNIA;MED.V-III;; ESTATUTARIO;6879,53;;6879,53;1645,00;5234,53;
EMILY LIRA SIMOES;DEPTO.DEFESA AGROP.E FLORESTAL;ENG.AGRO-III;; ESTATUTARIO;6570,95;;6570,95;1604,60;4966,35;
ERICA BEATRIZ VALENTE CARVALHO;DEPTO.ADM.FIN.COM.E FOMENTO;TNS-III;; ESTATUTARIO;5632,23;;5632,23;1251,17;4381,06;
ERILANE DOS SANTOS ALMEIDA;DEPTO.DEFESA AGROP.E FLORESTAL;AUX.F.AGRO-III;; ESTATUTARIO;3063,93;;3063,93;384,58;2679,35;
ERIVANOR ARAUJO DOS SANTOS;MANAQUIRI;TECNICO EM AGROPECUARIA;; ESTATUTARIO;4730,70;;4730,70;886,05;3844,65;
EUDES DE SOUZA LEITE;MANICORE;T.F.AGRO-III;; ESTATUTARIO;4442,57;;4442,57;791,22;3651,35;
EUDIMAR COSTA ROCHA;DEPTO.DEFESA AGROP.E FLORESTAL;GERENTE;NAO INFORMADO; CARGO COMISSION.S/VINCULO;4209,79;;4209,79;652,57;3557,22;
EVANDRO AZEVEDO BARROS JUNIOR;BOCA DO ACRE;T.F.AGRO-III;; ESTATUTARIO;4442,57;;4442,57;791,22;3651,35;
EVILASIO MONTEIRO NOGUEIRA;NOVO ARIPUANA;T.F.AGRO-III;; ESTATUTARIO;4442,57;;4442,57;791,22;3651,35;
EWERTON SALVADOR MARIANO;TONANTINS;T.F.AGRO-III;; ESTATUTARIO;4442,57;;4442,57;665,56;3777,01;
FABIANO PIMENTEL DOS SANTOS;MAUES;F.AGRO.MED.V-III;FISCAL AGROP-III CL; ESTATUTARIO;7370,95;;7370,95;1222,37;6148,58;
FABIO TRINDADE GONCALVES;PRESIDENTE FIGUEIREDO;F.AGRO.MED.V-III;; ESTATUTARIO;7370,95;;7370,95;1824,60;5546,35;
FERNANDA RECH;CAREIRO CASTANHO;F.AGRO.MED.V-III;; ESTATUTARIO;7370,95;;7370,95;1824,60;5546,35;
FLAVIA KATIELE FACIONI SILVA;DEPTO.ADM.FIN.COM.E FOMENTO;TNS-III;; ESTATUTARIO;5632,23;;5632,23;1199,56;4432,67;
FRANCISCA DAS CHAGAS DA S FARIAS;ENVIRA;T.F.AGRO-III;; ESTATUTARIO;4442,57;;4442,57;791,22;3651,35;
FRANCISCO ANTONIO OLIVEIRA QUEIROZ;LABREA;COORDENADOR LOCAL II;COORD LOCAL; CARGO COMISSION.S/VINCULO;3191,80;;3191,80;379,31;2812,49;
FRANCISCO AUGUSTO TAVARES PINTO;IRANDUBA;AUX.F.AGRO-III;; ESTATUTARIO;2797,95;;2797,95;364,63;2433,32;
FRANCISCO DE JESUS OLIVEIRA ARAUJO;NOVO ARIPUANA;T.F.AGRO-III;; ESTATUTARIO;4442,57;;4442,57;791,22;3651,35;
FRANCISCO DE OLIVEIRA DOS SANTOS;AUTAZES;T.F.AGRO-III;; ESTATUTARIO;4442,57;;4442,57;791,22;3651,35;
FRANCISCO MENDES DA CUNHA;CAREIRO CASTANHO;COORDENADOR LOCAL II;COORD.LOCALII AD3; CARGO COMISSION.S/VINCULO;3191,80;;3191,80;351,25;2840,55;
FRANCKIMAR PAZ DE CASTRO;MANICORE;T.F.AGRO-III;; ESTATUTARIO;4442,57;;4442,57;791,22;3651,35;
FRANCOAN DE OLIVEIRA DIAS;MANICORE;T.F.AGRO-III;; ESTATUTARIO;5923,43;;5923,43;1159,75;4763,68;
GELCIARA DA SILVA GOMES;DEPTO.DEFESA AGROP.E FLORESTAL;AG.F.AGRO-III;; ESTATUTARIO;3942,57;;3942,57;705,75;3236,82;
GELCINEI DE SOUZA ARAUJO;NOVA OLINDA DO NORTE;COORDENADOR LOCAL II;COORD LOCAL II AD3; CARGO COMISSION.S/VINCULO;3191,80;;3191,80;379,31;2812,49;
GERARDO LIMA BEZERRA;DEPTO.DEFESA AGROP.E FLORESTAL;COORDENADOR LOCAL I;; CARGO COMISSION.S/VINCULO;4209,79;;4209,79;652,57;3557,22;
GILMARA SANTOS MARTINS MONTEIRO;DEPTO.ADM.FIN.COM.E FOMENTO;COORDENADOR LOCAL II;NAO INFORMADO; CARGO COMISSION.S/VINCULO;3191,80;;3191,80;379,31;2812,49;
GIOVANI BATISTA DO CARMO;DEPTO.DEFESA AGROP.E FLORESTAL;A.TEC-III;; ESTATUTARIO;3379,35;;3379,35;505,62;2873,73;
GIRLEI RODRIGUES DO NASCIMENTO;PRESIDENTE FIGUEIREDO;MOT-III;; ESTATUTARIO;2702,20;;2702,20;345,05;2357,15;
GIRLEY JORGE BEZERRA;LABREA;F.AGRO.MED.V-III;; ESTATUTARIO;7370,95;;7370,95;1824,60;5546,35;
GISELE TORRES CLIMACO DE ARAUJO;NOVA OLINDA DO NORTE;F.AGRO.MED.V-III;; ESTATUTARIO;7370,95;;7370,95;1824,60;5546,35;
GRAZIELE DOMINGUES;ASSESSORIA;ASSESSOR I;NAO INFORMADO; CARGO COMISSION.S/VINCULO;5229,77;;5229,77;992,73;4237,04;
HANDERSON ERIVELTO C BUCARTH;APUI;T.F.AGRO-III;; ESTATUTARIO;4442,57;;4442,57;791,22;3651,35;
HANSLEY MENDERSON DE OLIVEIRA MELO;CODAJAS;A.TEC-III;; ESTATUTARIO;3879,35;;3879,35;629,25;3250,10;
HARUO TAKATANI;DEPTO.DEFESA AGROP.E FLORESTAL;F.AGRO.MED.V-III;; ESTATUTARIO;7040,30;;7040,30;1781,31;5258,99;
HAYLA KALINE RODRIGUES LIMA;CAREIRO DA VARZEA;F.AGRO.MED.V-III;FISCAL AGROP-III CL; ESTATUTARIO;7840,30;;7840,30;2001,31;5838,99;
HEITOR TEIXEIRA MACHADO;PARINTINS;T.F.AGRO-III;TEC.EM AGROPECUARIA; ESTATUTARIO;4442,57;;4442,57;791,22;3651,35;
HELIO APARECIDO DE MATOS FILHO;DEPTO.DEFESA AGROP.E FLORESTAL;F.A.ENG.AGRO-III;; ESTATUTARIO;6570,95;;6570,95;1552,46;5018,49;
HERCULES FERREIRA DA SILVA;LABREA - EXTREMA;T.F.AGRO-III;; ESTATUTARIO;5923,43;;5923,43;1159,75;4763,68;
HEUDER FABIO MENDES DA COSTA;BARREIRINHA;F.AGRO.MED.V-III;; ESTATUTARIO;7370,95;;7370,95;1772,46;5598,49;
HUERLEN MARLLON FERNANDES DIAS;LABREA - VISTA ALEGRE;T.F.AGRO-III;; ESTATUTARIO;4442,57;;4442,57;791,22;3651,35;
IDEUS COSTA NUNES JUNIOR;MANICORE;T.F.AGRO-III;; ESTATUTARIO;5923,43;;5923,43;1159,75;4763,68;
IRINELSON CONCEICAO DE MATOS;MANICORE;T.F.AGRO-III;; ESTATUTARIO;4442,57;;4442,57;791,22;3651,35;
ISABELLE MESQUITA FIALHO BUARQUE;DEPTO.ADM.FIN.COM.E FOMENTO;GERENTE;NAO INFORMADO; CARGO COMISSION.S/VINCULO;4209,79;;4209,79;652,57;3557,22;
ITALO CORREA DE LIMA;PRESIDENTE FIGUEIREDO;T.F.AGRO-III;TEC.AGROPECUARIA; ESTATUTARIO;4442,57;;4442,57;791,22;3651,35;
IZAQUE OLIVEIRA DA SILVA;NOVO ARIPUANA;AUX.F.AGRO-III;AUX. AGROPECUARIO; ESTATUTARIO;2797,95;;2797,95;321,71;2476,24;
JADSON RODRIGO LUNAS DE SOUZA;BOCA DO ACRE;T.F.AGRO-III;; ESTATUTARIO;4442,57;;4442,57;791,22;3651,35;
JAILSON ALVES DE ARAUJO;HUMAITA;T.F.AGRO-III;TEC.EM AGROPECUARIA; ESTATUTARIO;4442,57;;4442,57;723,87;3718,70;
JAIRO ALVES SOBRINHO;BOCA DO ACRE;T.F.AGRO-III;; ESTATUTARIO;4442,57;;4442,57;723,87;3718,70;
JAMMERSON ALVES DE OLIVEIRA;INTERIOR;M.FLU-III;; ESTATUTARIO;2522,03;;2522,03;312,52;2209,51;
JEAN CARLOS SILVEIRA DA SILVA;JAPURA;T.F.AGRO-III;; ESTATUTARIO;4442,57;;4442,57;791,22;3651,35;
JEFFISON DO NASCIMENTO P FERREIRA;DEPTO.DEFESA AGROP.E FLORESTAL;F.AGRO.MED.V-III;; ESTATUTARIO;6570,95;;6570,95;1552,46;5018,49;
JEICIMARA FERREIRA DOS SANTOS;AUTAZES;T.F.AGRO-III;TEC.EM AGROPECUARIA; ESTATUTARIO;4442,57;;4442,57;723,87;3718,70;
JESSICA LOPES DO LIVRAMENTO;DEPTO.DEFESA AGROP.E FLORESTAL;AUX.F.AGRO-III;AUX. AGROPECUARIO; ESTATUTARIO;2297,95;;2297,95;321,71;1976,24;
JOAO BATISTA DIAS DAMACENO;HUMAITA;F.A.ENG.AGRO-III;; ESTATUTARIO;7370,95;;7370,95;1824,60;5546,35;
JOAO LEONARDO BENTES PEREIRA;DEPTO.ADM.FIN.COM.E FOMENTO;ASSESSOR II;NAO INFORMADO; CARGO COMISSION.S/VINCULO;4209,79;;4209,79;652,57;3557,22;
JOAO VICENTE OLIVEIRA DE AZEVEDO;IRANDUBA;MEDICO VETERINARIO;; ESTATUTARIO;8384,95;;8384,95;2206,37;6178,58;
JOCILEIA FREITAS E SILVA;IRANDUBA;AUX.F.AGRO-III;; ESTATUTARIO;2797,95;;2797,95;364,63;2433,32;
JOEL PAULA FREITAS;DEPTO.ADM.FIN.COM.E FOMENTO;MOT-III;; ESTATUTARIO;2202,20;;2202,20;308,31;1893,89;
JOELMA SERRAO DA SILVA;DEPTO.DEFESA AGROP.E FLORESTAL;F.AGRO.MED.V-III;; ESTATUTARIO;6570,95;;6570,95;1604,60;4966,35;
JONILSON ROLIM MACEDO;DEPTO.DEFESA AGROP.E FLORESTAL;T.F.AGRO-III;TEC.EM AGROPECUARIA; ESTATUTARIO;3942,57;;3942,57;620,80;3321,77;
JORDEL OLIVEIRA DE LIMA;BOCA DO ACRE;T.F.AGRO-III;; ESTATUTARIO;4442,57;;4442,57;791,22;3651,35;
JORGEMAR PRADO MARQUES;JUTAI;T.F.AGRO-III;; ESTATUTARIO;4442,57;;4442,57;791,22;3651,35;
JOSE MIRANDA AZEVEDO;NHAMUNDA;T.F.AGRO-III;; ESTATUTARIO;4442,57;;4442,57;791,22;3651,35;
JOSE MOREIRA DE ANDRADE NETO;BOCA DO ACRE;A.TEC-III;; ESTATUTARIO;5301,77;;5301,77;1077,76;4224,01;
JOSE RAIMUNDO DE SOUZA PINTO;PARINTINS;T.F.AGRO-III;TEC.EM AGROP.; ESTATUTARIO;4442,57;;4442,57;791,22;3651,35;
JOSE RIBEIRO FIRMINO NETO;HUMAITA;AUX.F.AGRO-III;; ESTATUTARIO;2797,95;;2797,95;364,63;2433,32;
JOSE ROGERIO VASCONCELLOS DE ARAUJO;ITACOATIARA;MEDICO VETERINARIO;; ESTATUTARIO;8384,95;;8384,95;1725,87;6659,08;
JOSE SARAIVA DA COSTA;NOVA OLINDA DO NORTE;T.F.AGRO-III;; ESTATUTARIO;4442,57;;4442,57;791,22;3651,35;
JOSE VILACA DE OLIVEIRA;APUI;T.F.AGRO-III;; ESTATUTARIO;4442,57;;4442,57;791,22;3651,35;
JOSIELTON PINHEIRO CHAVES;PARINTINS;T.F.AGRO-III;; ESTATUTARIO;4442,57;;4442,57;791,22;3651,35;
JOSUE ROBERTO MONTEIRO DA SILVA;PRESIDENTE FIGUEIREDO;COORDENADOR LOCAL I;; CARGO COMISSION.S/VINCULO;4209,79;;4209,79;652,57;3557,22;
JOUBERT LIMA DOS SANTOS;ASSESSORIA;TNS-III;; ESTATUTARIO;5632,23;;5632,23;1251,17;4381,06;
JUAN CLEBSON FERREIRA CORDEIRO;CAREIRO DA VARZEA;T.F.AGRO-III;; ESTATUTARIO;5923,43;;5923,43;1107,62;4815,81;
JUCIMAR FERREIRA SILVA;HUMAITA;T.F.AGRO-III;; ESTATUTARIO;5923,43;;5923,43;1003,34;4920,09;
JULCILEIA ARRUDA DE FARIA;DEPTO.DEFESA AGROP.E FLORESTAL;F.AGRO.MED.V-III;FISCAL AGROP-III CL; ESTATUTARIO;9387,07;;9387,07;2374,54;7012,53;
JULIANA LIRA GAMA PIRES ALVES;TEFE;F.AGRO.MED.V-III;; ESTATUTARIO;7370,95;;7370,95;1824,60;5546,35;
JULIANA PEREIRA MENDES;HUMAITA;ENG.AGRO-III;; ESTATUTARIO;7370,95;;7370,95;1824,60;5546,35;
JULIO AUGUSTO MORAES MARTINS;MANACAPURU;T.F.AGRO-III;TEC.AGROPECUARIA; ESTATUTARIO;4442,57;;4442,57;752,31;3690,26;
JUMAR ARAUJO QUEIROZ ALENCAR;ITACOATIARA;AUX.F.AGRO-III;; ESTATUTARIO;2797,95;;2797,95;364,63;2433,32;
KAMILA REGINA ALVES DE S PEDROSA;DEPTO.DEFESA AGROP.E FLORESTAL;AUX.F.AGRO-III;AUX. AGROPECUARIO; ESTATUTARIO;3063,93;;3063,93;384,58;2679,35;
KARINE SANTOS DA CRUZ;BOCA DO ACRE;F.A.ENG.AGRO-III;; ESTATUTARIO;7370,95;;7370,95;1824,60;5546,35;
KARLA PAZ GARCIA;TEFE;AG.F.AGRO-III;AGENTE AGROPECUARIO; ESTATUTARIO;4442,57;;4442,57;791,22;3651,35;
KEDMA ROCHA DE MELO;BOCA DO ACRE;T.F.AGRO-III;TEC.AGROPECUARIA; ESTATUTARIO;4442,57;;4442,57;791,22;3651,35;
LAERCIO BANDEIRA DOS SANTOS;TEFE;T.F.AGRO-III;; ESTATUTARIO;4442,57;;4442,57;752,31;3690,26;
LAERCIO DOS REIS JUNIOR;DEPTO.DEFESA AGROP.E FLORESTAL;F.AGRO.MED.V-III;; ESTATUTARIO;8761,27;;8761,27;2050,53;6710,74;
LARISSA DE CARVALHO ARAUJO;TEFE;F.AGRO.MED.V-III;; ESTATUTARIO;7370,95;;7370,95;1824,60;5546,35;
LARISSA DE SA CARVALHO;TABATINGA;F.AGRO.MED.V-III;; ESTATUTARIO;7370,95;;7370,95;1824,60;5546,35;
LEANDRO MARTINS DA SILVA;DEPTO.DEFESA AGROP.E FLORESTAL;T.F.AGRO-III;; ESTATUTARIO;3942,57;;3942,57;705,75;3236,82;
LEONARDO DE BARROS PESSOA;BOCA DO ACRE;F.AGRO.MED.V-III;; ESTATUTARIO;9827,93;;9827,93;2500,27;7327,66;
LEONARDO NOGUEIRA ASSIS;COARI;F.AGRO.MED.V-III;; ESTATUTARIO;7370,95;;7370,95;1772,46;5598,49;
LILIAN TOFFANETTO;DEPTO.DEFESA AGROP.E FLORESTAL;F.AGRO.MED.V-III;; ESTATUTARIO;6570,95;;6570,95;1604,60;4966,35;
LILIANE GUIMARAES SILVA;DEPTO.ADM.FIN.COM.E FOMENTO;COORDENADOR LOCAL II;; CARGO COMISSION.S/VINCULO;3191,80;;3191,80;379,31;2812,49;
LOIANE PICANCO ALVES BASTOS;DEPTO.DEFESA AGROP.E FLORESTAL;A.TEC-III;; ESTATUTARIO;3379,35;;3379,35;554,25;2825,10;
LORRAINE ROSITA P B NASCIMENTO;BORBA;T.F.AGRO-III;; ESTATUTARIO;4442,57;;4442,57;791,22;3651,35;
LUCAS BARROSO JANUARIO;CODAJAS;T.F.AGRO-III;; ESTATUTARIO;4442,57;;4442,57;791,22;3651,35;
LUCAS LOPES DE SA;DEPTO.ADM.FIN.COM.E FOMENTO;A.TEC-III;; ESTATUTARIO;4505,80;;4505,80;744,34;3761,46;
LUCAS SILVA TEIXEIRA;APUI;F.A.ENG.AGRO-III;; ESTATUTARIO;7370,95;;7370,95;1824,60;5546,35;
LUCAS XAVIER SANT'ANNA;LABREA - VISTA ALEGRE;F.AGRO.MED.V-III;; ESTATUTARIO;7370,95;;7370,95;1824,60;5546,35;
LUCIANA FERREIRA DA SILVA;DEPTO.DEFESA AGROP.E FLORESTAL;T.F.AGRO-III;TEC.EM AGROPECUARIA; ESTATUTARIO;3942,57;;3942,57;705,75;3236,82;
LUIZ ALVES DE ARRUDA NETO;RIO PRETO DA EVA;T.F.AGRO-III;TEC.EM AGROPECUARIA; ESTATUTARIO;4442,57;;4442,57;752,31;3690,26;
LUIZ ANTONIO DA SILVA;DEPTO.DEFESA AGROP.E FLORESTAL;ENGENHEIRO AGRONOMO;CHEFE DE DEPARTAM; ESTATUTARIO;11294,00;;11294,00;3351,73;7942,27;
LUIZ CARLOS ALBUQUERQUE FERREIRA;MANICORE;T.F.AGRO-III;; ESTATUTARIO;4442,57;;4442,57;752,31;3690,26;
LUIZ FERNANDO DA SILVA;DEPTO.DEFESA AGROP.E FLORESTAL;ENGENHEIRO AGRONOMO;GERENTE AD-2; ESTATUTARIO;9181,90;;9181,90;2473,17;6708,73;
LUIZ HENRIQUE OLIVEIRA ORTIZ;AUTAZES;A.TEC-III;; ESTATUTARIO;3879,35;;3879,35;629,25;3250,10;
LUIZ MAGALHAES DE FREITAS;CAREIRO DA VARZEA;AG.F.AGRO-III;AG.AGROPECUARIO; ESTATUTARIO;4442,57;;4442,57;723,87;3718,70;
MAELSON RODRIGUES LOPES;MANICORE;T.F.AGRO-III;; ESTATUTARIO;4442,57;;4442,57;791,22;3651,35;
MAGDA ADEGAS DA SILVA;NOVO ARIPUANA;T.F.AGRO-III;; ESTATUTARIO;4442,57;;4442,57;791,22;3651,35;
MAILTON DA SILVA GUALBERTO;RIO PRETO DA EVA;AUX.F.AGRO-III;AUX. AGROPECUARIO; ESTATUTARIO;2797,95;;2797,95;364,63;2433,32;
MANOEL MOURAO NETO;DEPTO.ADM.FIN.COM.E FOMENTO;ASSESSOR I;NAO INFORMADO; CARGO COMISSION.S/VINCULO;5229,77;;5229,77;992,73;4237,04;
MARCAM ZIK UCHOA;GABINETE;CHEFE DE GABINETE;NAO INFORMADO; CARGO COMISSION.S/VINCULO;5229,77;;5229,77;992,73;4237,04;
MARCELO DANTAS XIMENES;HUMAITA;AUX.F.AGRO-III;; ESTATUTARIO;2797,95;;2797,95;364,63;2433,32;
MARCELO SCHULTZ DA SILVA;INTERIOR;M.FLU-III;; ESTATUTARIO;2702,20;;2702,20;345,05;2357,15;
MARCELO VIEIRA ZEFERINO;BOA VISTA DO RAMOS;T.F.AGRO-III;TEC.EM AGRONOMIA; ESTATUTARIO;4442,57;;4442,57;791,22;3651,35;
MARCIA REGINA CANCIO SANTIAGO;DEPTO.DEFESA AGROP.E FLORESTAL;AUX.F.AGRO-III;; ESTATUTARIO;2297,95;;2297,95;321,71;1976,24;
MARCIO ANDERSON FERREIRA BARROS;ITACOATIARA;M.FLU-III;; ESTATUTARIO;2702,20;;2702,20;345,05;2357,15;
MARCIO MERENCIO PANZA DE SIQUEIRA;SANTO ANTONIO DO MATUPI;F.AGRO.MED.V-III;; ESTATUTARIO;7370,95;;7370,95;1824,60;5546,35;
MARCOS ORELIO FROTA NOGUEIRA;MANICORE;AUX.F.AGRO-III;; ESTATUTARIO;2797,95;;2797,95;350,41;2447,54;
MARIA AUXILIADORA DUARTE DAS CHAGAS;DEPTO.DEFESA AGROP.E FLORESTAL;COORDENADOR LOCAL II;; CARGO COMISSION.S/VINCULO;3191,80;;3191,80;379,31;2812,49;
MARIA DA SILVA MELO;APUI;T.F.AGRO-III;; ESTATUTARIO;4442,57;;4442,57;791,22;3651,35;
MARIA IVANE BRITO DE SOUZA;PRESIDENTE FIGUEIREDO;T.F.AGRO-III;; ESTATUTARIO;4442,57;;4442,57;791,22;3651,35;
MARIA LUIZA GRIGIO;PRESIDENTE FIGUEIREDO;F.A.ENG.AGRO-III;; ESTATUTARIO;7370,95;;7370,95;1824,60;5546,35;
MARIO JONES REIS DE CASTRO;DEPTO.ADM.FIN.COM.E FOMENTO;A.TEC-III;; ESTATUTARIO;3379,35;;3379,35;554,25;2825,10;
MATEUS SOARES BARROSO;MANACAPURU;T.F.AGRO-III;; ESTATUTARIO;4442,57;;4442,57;752,31;3690,26;
MAURICIO JOSE GUIMARAES PEREIRA;NOVO ARIPUANA;T.F.AGRO-III;; ESTATUTARIO;4442,57;;4442,57;791,22;3651,35;
MELQUISEDEQUE MACHADO DA CRUZ;HUMAITA;AUX.F.AGRO-III;AUX.AGROPECUARIO; ESTATUTARIO;2797,95;;2797,95;336,19;2461,76;
MICAEL CASTRO DE SOUZA;DEPTO.ADM.FIN.COM.E FOMENTO;MOT-III;; ESTATUTARIO;2202,20;;2202,20;308,31;1893,89;
MICHAEL MACEDO BESSA;ASSESSORIA;ASSESSOR I;NAO INFORMADO; CARGO COMISSION.S/VINCULO;5229,77;;5229,77;992,73;4237,04;
MICHAELL DA SILVA SANTOS;DEPTO.DEFESA AGROP.E FLORESTAL;F.A.ENG.AGRO-III;FISCAL AGROP-III CL; ESTATUTARIO;7040,30;;7040,30;1624,90;5415,40;
MICHELE MODESTO MEIRELES;DEPTO.DEFESA AGROP.E FLORESTAL;F.AGRO.MED.V-III;FISC.AGROP.III CL; ESTATUTARIO;8761,27;;8761,27;2206,94;6554,33;
MICHELLA OLIVEIRA MATIAS DOS SANTOS;DEPTO.ADM.FIN.COM.E FOMENTO;COORDENADOR LOCAL II;NAO INFORMADO; CARGO COMISSION.S/VINCULO;3191,80;;3191,80;379,31;2812,49;
MYLENA DAMASCENO VASCONCELOS;DEPTO.DEFESA AGROP.E FLORESTAL;COORDENADOR LOCAL II;; CARGO COMISSION.S/VINCULO;3191,80;;3191,80;379,31;2812,49;
NADIA NARA DOS SANTOS VALENTE;DEPTO.DEFESA AGROP.E FLORESTAL;F.AGRO.MED.V-III;; ESTATUTARIO;6570,95;;6570,95;1604,60;4966,35;
NATHALIA DO NASCIMENTO LOPES SOARES;HUMAITA;T.F.AGRO-III;; ESTATUTARIO;4442,57;;4442,57;752,31;3690,26;
NICODEMOS PEIXOTO DE QUEIROZ;AUTAZES;M.FLU-III;; ESTATUTARIO;2702,20;;2702,20;345,05;2357,15;
NILDA MARIA FIGUEIREDO DA FROTA;ASSESSORIA;COORDENADOR LOCAL II;NAO INFORMADO; CARGO COMISSION.S/VINCULO;3191,80;;3191,80;379,31;2812,49;
ORLENCLEISON MARQUES TEMO;HUMAITA;AUX.F.AGRO-III;; ESTATUTARIO;2797,95;;2797,95;336,19;2461,76;
OSEIAS RICARDO MARTINS DE MOURA;GUAJARA;F.AGRO.MED.V-III;; ESTATUTARIO;7370,95;;7370,95;1824,60;5546,35;
OSVALDO PEREIRA DA SILVA NETO;RIO PRETO DA EVA;F.A.ENG.AGRO-III;; ESTATUTARIO;7370,95;;7370,95;1824,60;5546,35;
PABLO DIAS VIEIRA;DEPTO.ADM.FIN.COM.E FOMENTO;TNS-III;; ESTATUTARIO;5632,23;;5632,23;1251,17;4381,06;
PAMELA NUNES CABRAL;HUMAITA;T.F.AGRO-III;; ESTATUTARIO;4442,57;;4442,57;791,22;3651,35;
PATRICIA MERLINI DE ALMEIDA;HUMAITA;F.AGRO.MED.V-III;FISCAL AGROP.; ESTATUTARIO;7840,30;;7840,30;1897,04;5943,26;
PAULA DE CARVALHO MACHADO ARAUJO;DEPTO.DEFESA AGROP.E FLORESTAL;MED.V-III;; ESTATUTARIO;6570,95;;6570,95;1604,60;4966,35;
PAULO PEDRO TORRES BARROS FILHO;PRESIDENTE FIGUEIREDO;T.F.AGRO-III;; ESTATUTARIO;4442,57;;4442,57;791,22;3651,35;
PAULO ROBERTO BENTES LOPES JUNIOR;LABREA NOVA CALIFORNIA;T.F.AGRO-III;; ESTATUTARIO;4442,57;;4442,57;791,22;3651,35;
PAULO VICTOR ZAU DE OLIVEIRA;DEPTO.DEFESA AGROP.E FLORESTAL;T.F.AGRO-III;TEC.AGROPECUARIA; ESTATUTARIO;3942,57;;3942,57;705,75;3236,82;
PIETER JAN PINHEIRO ZUIDGEEST;DEPTO.ADM.FIN.COM.E FOMENTO;ASSESSOR II;NAO INFORMADO; CARGO COMISSION.S/VINCULO;4209,79;;4209,79;652,57;3557,22;
PRISCILLA AGUIAR MOLLER;DEPTO.DEFESA AGROP.E FLORESTAL;F.A.ENG.AGRO-III;; ESTATUTARIO;6570,95;;6570,95;1604,60;4966,35;
RAFAEL RODRIGUES DE SOUZA;DEPTO.ADM.FIN.COM.E FOMENTO;COORDENADOR LOCAL II;NAO INFORMADO; CARGO COMISSION.S/VINCULO;3191,80;;3191,80;379,31;2812,49;
RAIMUNDO FERREIRA DA SILVA FILHO;ANAMA;T.F.AGRO-III;; ESTATUTARIO;4442,57;;4442,57;791,22;3651,35;
RAIMUNDO FRANCISCO DA S CORDEIRO;CANUTAMA;COORDENADOR LOCAL II;NAO INFORMADO; CARGO COMISSION.S/VINCULO;4255,73;;4255,73;667,90;3587,83;
RAIMUNDO NONATO DE SOUSA ROSAS;MANICORE;AUX.F.AGRO-III;; ESTATUTARIO;2797,95;;2797,95;364,63;2433,32;
RAIMUNDO ROBERTO DE MELO CARDOSO;BOCA DO ACRE;TECNICO EM AGROPECUARIA;; ESTATUTARIO;4477,55;;4477,55;802,89;3674,66;
RAIURY SANTOS DA SILVA;INTERIOR;ENG.AGRO-III;; ESTATUTARIO;10073,62;;10073,62;2842,16;7231,46;
RAMERSON VASCONCELOS FERREIRA;DEPTO.DEFESA AGROP.E FLORESTAL;T.F.AGRO-III;; ESTATUTARIO;3942,57;;3942,57;648,87;3293,70;
RAYCKSON BENEZAR CARVALHO;SAO SEBASTIAO DO UATUMA;T.F.AGRO-III;; ESTATUTARIO;5923,43;;5923,43;1159,75;4763,68;
RAYLEN JORGE SOARES DE SOUZA;IRANDUBA;T.F.AGRO-III;; ESTATUTARIO;5923,43;;5923,43;767,36;5156,07;
REGINALDO CARIS DOS SANTOS;BOCA DO ACRE;T.F.AGRO-III;; ESTATUTARIO;4442,57;;4442,57;723,87;3718,70;
RENAN ROCHA DE ALMEIDA;INTERIOR;A.TEC-III;; ESTATUTARIO;3879,35;;3879,35;629,25;3250,10;
RENATO OLIVEIRA SANTOS;ITAPIRANGA;T.F.AGRO-III;; ESTATUTARIO;5923,43;;5923,43;1159,75;4763,68;
RHUAN SEBASTIAN ARAUJO LEAL;DEPTO.ADM.FIN.COM.E FOMENTO;COORDENADOR LOCAL II;NAO INFORMADO; CARGO COMISSION.S/VINCULO;4255,73;;4255,73;667,90;3587,83;
RICARDO AUGUSTO GONCALVES BORGES;HUMAITA;F.AGRO.MED.V-III;FIS.AGROP.III CL; ESTATUTARIO;7840,30;;7840,30;1949,17;5891,13;
ROBERIO DANTAS MAGALHAES;MAUES;T.F.AGRO-III;TEC.EM AGROPECUARIA; ESTATUTARIO;5923,43;;5923,43;1003,34;4920,09;
RODRIGO ALVES ORTIZ ABREU;APUI;T.F.AGRO-III;; ESTATUTARIO;4442,57;;4442,57;791,22;3651,35;
RODRIGO JOSE MENDONCA DA FONSECA;ANAMA;T.F.AGRO-III;; ESTATUTARIO;4442,57;;4442,57;791,22;3651,35;
RODRIGO MARQUES DIAS;DEPTO.DEFESA AGROP.E FLORESTAL;COORDENADOR LOCAL I;; CARGO COMISSION.S/VINCULO;5613,05;;5613,05;1083,99;4529,06;
ROMULO DIEGO DO AMARANTE LIMA;AUTAZES - NOVO CEU;T.F.AGRO-III;; ESTATUTARIO;5923,43;;5923,43;1159,75;4763,68;
RONALDO APARECIDO WESTFAL AUGUSTO;NOVO ARIPUANA;T.F.AGRO-III;; ESTATUTARIO;4442,57;;4442,57;791,22;3651,35;
RONNAN FERREIRA DA COSTA;PRESIDENTE FIGUEIREDO;AUX.F.AGRO-III;AUX. AGROPECUARIO; ESTATUTARIO;2797,95;;2797,95;364,63;2433,32;
RUBEN COELHO DOS SANTOS;DEPTO.DEFESA AGROP.E FLORESTAL;AUX.F.AGRO-III;; ESTATUTARIO;2297,95;;2297,95;321,71;1976,24;
RUTHE RIBEIRO DE OLIVEIRA;DEPTO.DEFESA AGROP.E FLORESTAL;COORDENADOR LOCAL II;; CARGO COMISSION.S/VINCULO;3191,80;;3191,80;379,31;2812,49;
SAMUEL BARBOSA DA COSTA;ENVIRA;T.F.AGRO-III;; ESTATUTARIO;4442,57;;4442,57;791,22;3651,35;
SANDOVAL SALERNO PINHEIRO;DEPTO.DEFESA AGROP.E FLORESTAL;F.A.ENG.AGRO-III;; ESTATUTARIO;6570,95;;6570,95;1552,46;5018,49;
SAULO RANON DE SOUZA COELHO;DEPTO.DEFESA AGROP.E FLORESTAL;F.A.ENG.FLOR-III;; ESTATUTARIO;6570,95;;6570,95;1604,60;4966,35;
SEBASTIAO ALUIZIO JESUS DA SILVA;HUMAITA;T.F.AGRO-III;; ESTATUTARIO;5923,43;;5923,43;1003,34;4920,09;
SERGIO ROBERTO ROLIM DA SILVA;ITACOATIARA;T.F.AGRO-III;TECNICO EM AGRONOMIA; ESTATUTARIO;4442,57;;4442,57;791,22;3651,35;
SEVERINO DE AZEVEDO NEVES FILHO;DEPTO.DEFESA AGROP.E FLORESTAL;MEDICO VETERINARIO;; ESTATUTARIO;8091,34;;8091,34;2001,55;6089,79;
SILAS ALVES DE OLIVEIRA;SANTO ANTONIO DO MATUPI;T.F.AGRO-III;; ESTATUTARIO;4442,57;;4442,57;791,22;3651,35;
SILNARA CRISTINY ANDRADE SOUSA;DEPTO.ADM.FIN.COM.E FOMENTO;A.TEC-III;; ESTATUTARIO;3379,35;;3379,35;554,25;2825,10;
SILVANO FREITAS SANTOS;URUCURITUBA;A.TEC-III;; ESTATUTARIO;3879,35;;3879,35;629,25;3250,10;
SILVIA TAVARES MAIA;NOVO ARIPUANA;T.F.AGRO-III;; ESTATUTARIO;4442,57;;4442,57;752,31;3690,26;
SILVIO DE ALMEIDA MORAES;MANICORE;T.F.AGRO-III;; ESTATUTARIO;5923,43;;5923,43;1107,62;4815,81;
SIMONE PEREIRA DOS SANTOS;LABREA NOVA CALIFORNIA;MED.V-III;; ESTATUTARIO;7370,95;;7370,95;1824,60;5546,35;
SIVANDRO CAMPOS DE FREITAS;DEPTO.DEFESA AGROP.E FLORESTAL;TECNICO EM AGROPECUARIA;GERENTE; ESTATUTARIO;5680,45;;5680,45;940,24;4740,21;
STEFANO SAMUEL BERNARDO COSTA;MANICORE;T.F.AGRO-III;; ESTATUTARIO;5923,43;;5923,43;1107,62;4815,81;
TAMARA REGINA DE SOUZA BAIA;CAREIRO DA VARZEA;AG.F.AGRO-III;; ESTATUTARIO;5923,43;;5923,43;1159,75;4763,68;
TAMIRES JORDANA SALES DA SILVA LEAL;DEPTO.DEFESA AGROP.E FLORESTAL;T.F.AGRO-III;; ESTATUTARIO;3942,57;;3942,57;705,75;3236,82;
TASSIO LUAN MACIEL BARBOSA;TEFE;T.F.AGRO-III;; ESTATUTARIO;4442,57;;4442,57;791,22;3651,35;
THAIS DA SILVA OLIVEIRA;MANACAPURU;A.TEC-III;; ESTATUTARIO;3879,35;;3879,35;629,25;3250,10;
THIAGO DE LAY FREITAS;SANTO ANTONIO DO MATUPI;T.F.AGRO-III;; ESTATUTARIO;4442,57;;4442,57;791,22;3651,35;
THIAGO FARIAS GOES DE SOUZA;BOA VISTA DO RAMOS;COORDENADOR LOCAL II;; CARGO COMISSION.S/VINCULO;3191,80;;3191,80;379,31;2812,49;
THIAGO SALLES DA SILVEIRA;DEPTO.ADM.FIN.COM.E FOMENTO;TNS-III;; ESTATUTARIO;5632,23;;5632,23;1251,17;4381,06;
THIAGO SANCHES AGUIAR;BOCA DO ACRE;MED.V-III;MEDICO VETERINARIO; ESTATUTARIO;7370,95;;7370,95;1772,46;5598,49;
TIAGO RAPOSO FERREIRA;CARAUARI;T.F.AGRO-III;; ESTATUTARIO;4442,57;;4442,57;791,22;3651,35;
VALCINEIA LIMA SANTOS;MAUES;PROFESSOR PF20.ESP-III;COORDENADOR LOCAL II; ESTATUTARIO;5484,44;;5484,44;891,03;4593,41;
VALDERLI MESQUITA GOMES;BENJAMIN CONSTANT;T.F.AGRO-III;TEC.EM AGROPECUARIA; ESTATUTARIO;4442,57;;4442,57;752,31;3690,26;
VALDINEIA PRADO BATISTA;RIO PRETO DA EVA;T.F.AGRO-III;TEC.EM AGROPECUARIA; ESTATUTARIO;4442,57;;4442,57;791,22;3651,35;
VALERIA CRISTINA DE PAULA FERREIRA;PARINTINS;F.A.ENG.AGRO-III;; ESTATUTARIO;7370,95;;7370,95;1824,60;5546,35;
VANDERSON RIBEIRO FERREIRA;AUTAZES;T.F.AGRO-III;; ESTATUTARIO;5923,43;;5923,43;1159,75;4763,68;
VICTOR HUGO DE SOUZA CORREA;APUI;T.F.AGRO-III;; ESTATUTARIO;4442,57;;4442,57;791,22;3651,35;
VILSON DE SOUZA ROCHA;DEPTO.DEFESA AGROP.E FLORESTAL;F.A.ENG.FLOR-III;; ESTATUTARIO;6570,95;;6570,95;1604,60;4966,35;
VITOR VICENTE KLEIN;CANUTAMA;T.F.AGRO-III;; ESTATUTARIO;4442,57;;4442,57;791,22;3651,35;
VIVIAN SARAIVA BARROSO;GABINETE;GERENTE;NAO INFORMADO; CARGO COMISSION.S/VINCULO;5613,05;;5613,05;1136,13;4476,92;
WAGNER CAMPAGNARO VERNECK;BOCA DO ACRE;F.AGRO.MED.V-III;FISC.AGROP.; ESTATUTARIO;7370,95;;7370,95;1720,33;5650,62;
WALACE CIRNE LOPES;MANAQUIRI;T.F.AGRO-III;TEC.EM AGROPECUARIA; ESTATUTARIO;4442,57;;4442,57;695,44;3747,13;
WANDERSON MAURICIO AGUIAR DA SILVA;NOVO ARIPUANA;T.F.AGRO-III;; ESTATUTARIO;5923,43;;5923,43;1159,75;4763,68;
WARLEN ARIEL CORNELIO FERMIN;NOVO ARIPUANA;T.F.AGRO-III;; ESTATUTARIO;4442,57;;4442,57;791,22;3651,35;
WILES SANTOS SILVA;MANACAPURU;F.AGRO.MED.V-III;; ESTATUTARIO;7370,95;;7370,95;1824,60;5546,35;
WILLIAM DIAS FEITOSA;PRESIDENTE FIGUEIREDO;T.F.AGRO-III;TEC. EM AGROPECUARIA; ESTATUTARIO;4442,57;;4442,57;791,22;3651,35;
WILLIAN BRESSAN PINTO;DEPTO.DEFESA AGROP.E FLORESTAL;F.AGRO.MED.V-III;; ESTATUTARIO;6570,95;;6570,95;1604,60;4966,35;
WILLIAN MARINHO PEDRO;BOCA DO ACRE;T.F.AGRO-III;; ESTATUTARIO;4442,57;;4442,57;723,87;3718,70;
WIUGUINER EMILIO COSTA FELIX;CANUTAMA;T.F.AGRO-III;; ESTATUTARIO;4442,57;;4442,57;791,22;3651,35;
YARA CINTIA VIEIRA E SILVA;NHAMUNDA;F.AGRO.MED.V-III;; ESTATUTARIO;7370,95;;7370,95;1824,60;5546,35;
ZALA ARYSSA TREVISAN MACIEL;LABREA;COORDENADOR LOCAL II;; CARGO COMISSION.S/VINCULO;3191,80;;3191,80;379,31;2812,49;
ZENILDO DOS SANTOS OLIVEIRA FILHO;DEPTO.DEFESA AGROP.E FLORESTAL;AUX.F.AGRO-III;AUX. AGROPECUARIO; ESTATUTARIO;2297,95;;2297,95;321,71;1976,24;
