NOME;LOTACAO;CARGO;FUNCAO;VINCULO;REMUNERACAO LEGAL TOTAL(R$);DESC.TETO(R$); REMUNERACAO LEGAL DEVIDA(R$);DESCONTOS LEGAIS(R$);LIQUIDO DISPONIVEL(R$);
ADEILSON SILVA SOUSA;APUI;T.F.AGRO-III;; ESTATUTARIO;4942,57;;4942,57;791,22;4151,35;
ADELTON QUEIROZ DOS SANTOS;PRESIDENTE FIGUEIREDO;AG.F.AGRO-III;; ESTATUTARIO;4442,57;;4442,57;752,31;3690,26;
ADERALDO ALVES DE FRANCA;GUAJARA;T.F.AGRO-III;TEC.EM AGROPECUARIA; ESTATUTARIO;6423,43;;6423,43;1055,48;5367,95;
ADILSON PEREIRA DA SILVA;APUI;T.F.AGRO-III;; ESTATUTARIO;4942,57;;4942,57;791,22;4151,35;
ADRIANA FURTADO ROBERTO;SILVES;T.F.AGRO-III;; ESTATUTARIO;3998,30;;3998,30;599,69;3398,61;
ADSON FERREIRA DE CARVALHO;AUTAZES - NOVO CEU;T.F.AGRO-III;; ESTATUTARIO;4942,57;;4942,57;791,22;4151,35;
AEUDES DA COSTA ERICEIRA;PARINTINS;T.F.AGRO-III;; ESTATUTARIO;3998,30;;3998,30;599,69;3398,61;
AGEMIRO MOURA LOPES;PAUINI;COORDENADOR LOCAL II;; CARGO COMISSION.S/VINCULO;3691,80;;3691,80;379,31;3312,49;
AJAX DE SOUSA FERREIRA;DEPTO.DEFESA AGROP.E FLORESTAL;TECNICO EM AGROPECUARIA;; ESTATUTARIO;6495,43;;6495,43;1183,65;5311,78;
ALAOR MAGALHÃES PEREIRA;NOVO ARIPUANA;T.F.AGRO-III;; ESTATUTARIO;4942,57;;4942,57;752,31;4190,26;
ALDA LUCIA DE MOURA LOUREIRO;DEPTO.DEFESA AGROP.E FLORESTAL;COORDENADOR LOCAL II;NAO INFORMADO; CARGO COMISSION.S/VINCULO;3691,80;;3691,80;379,31;3312,49;
ALDEMIR GONÇALO DA SILVA;AUTAZES;F.AGRO.MED.V-III;; ESTATUTARIO;7870,95;;7870,95;1469,80;6401,15;
ALEX DABSON DE ALMEIDA LIMA;DEPTO.ADM.FIN.COM.E FOMENTO;MOT-III;; ESTATUTARIO;2471,81;;2471,81;283,05;2188,76;
ALEXANDRE DA GAMA LOPES;PARINTINS;M.FLU-III;; ESTATUTARIO;3202,20;;3202,20;345,05;2857,15;
ALEXANDRE DE SOUZA E SILVA;NOVO ARIPUANA;T.F.AGRO-III;; ESTATUTARIO;4942,57;;4942,57;791,22;4151,35;
ALEXANDRE HENRIQUE FREITAS ARAUJO;GABINETE;ENGENHEIRO AGRONOMO;DIRETOR PRESIDENT; ESTATUTARIO;19558,46;;19558,46;5355,22;14203,24;
ALEXSANDRO TREVISAN;PRESIDENTE FIGUEIREDO;T.AG-III;TEC.EM AGROPECUARIA; ESTATUTARIO;4942,57;;4942,57;791,22;4151,35;
ALISON ANDRE XIMENES SOARES;DEPTO.DEFESA AGROP.E FLORESTAL;F.AGRO.MED.V-III;; ESTATUTARIO;7070,95;;7070,95;1604,60;5466,35;
ALMIR ASTERIO CARVALHAL;ASSESSORIA;ENGENHEIRO AGRONOMO;ASSESSOR II AD2; ESTATUTARIO;16055,66;;16055,66;4163,23;11892,43;
ALOYSIO MAIA MALVEIRA JUNIOR;DEPTO.DEFESA AGROP.E FLORESTAL;ENGENHEIRO AGRONOMO;; ESTATUTARIO;10613,27;;10613,27;2629,52;7983,75;
ALTAIR DE ALMEIDA CAVALCANTE;DEPTO.DEFESA AGROP.E FLORESTAL;TECNICO EM AGROPECUARIA;; ESTATUTARIO;4996,57;;4996,57;863,48;4133,09;
AMAURY AZEVEDO LUZ;DEPTO.DEFESA AGROP.E FLORESTAL;F.AGRO.MED.V-III;; ESTATUTARIO;7070,95;;7070,95;1604,60;5466,35;
ANA CAROLINA COSTA DE MOURA;NOVO ARIPUANA;T.F.AGRO-III;; ESTATUTARIO;3998,30;;3998,30;599,69;3398,61;
ANA CRISTINA KRZYZANIAK;DEPTO.DEFESA AGROP.E FLORESTAL;F.AGRO.MED.V-III;FISCAL AGROP-III CL; ESTATUTARIO;9387,07;;9387,07;2426,67;6960,40;
ANDERSON CARVALHO DA ROCHA;HUMAITA;AUX.F.AGRO-III;; ESTATUTARIO;3297,95;;3297,95;321,71;2976,24;
ANDRE PARANHOS ALBUQUERQUE;SANTO ANTONIO DO MATUPI;AUX.AGR-III;COORD. LOCAL II AD-3; ESTATUTARIO;4957,48;;4957,48;616,13;4341,35;
ANDREZZA RIBEIRO DE LIMA MORENO;MANACAPURU;COORDENADOR LOCAL II;; CARGO COMISSION.S/VINCULO;4755,73;;4755,73;667,90;4087,83;
ANGELICA MARTINA GONCALVES PEREIRA;DEPTO.DEFESA AGROP.E FLORESTAL;F.AGRO.MED.V-III;; ESTATUTARIO;7070,95;;7070,95;1604,60;5466,35;
ANGELO BRAMANTE DOS SANTOS MACHADO;AUTAZES;COORDENADOR LOCAL I;; CARGO COMISSION.S/VINCULO;4709,79;;4709,79;652,57;4057,22;
ANSELMO DE SOUZA BEZERRA;EIRUNEPE;TECNICO EM AGROPECUARIA;; ESTATUTARIO;6796,37;;6796,37;1288,79;5507,58;
ANTONIELLY CARREIRO DE OLIVEIRA;SANTO ANTONIO DO MATUPI;COORDENADOR LOCAL II;NAO INFORMADO; CARGO COMISSION.S/VINCULO;3691,80;;3691,80;379,31;3312,49;
ANTONIO EDSON DE SOUZA SOARES;DEPTO.DEFESA AGROP.E FLORESTAL;T.F.AGRO-III;TEC.EM AGROPECUARIA; ESTATUTARIO;4442,57;;4442,57;632,92;3809,65;
ANTONIO JORGE SANTOS SILVA MATTOS;TEFE;F.AGRO.MED.V-III;; ESTATUTARIO;7870,95;;7870,95;1824,60;6046,35;
ANTONIO RODRIGUES VIANA;ITACOATIARA;AUX.F.AGRO-III;; ESTATUTARIO;4230,60;;4230,60;421,37;3809,23;
ANTONIO YAN MENEZES C DELMIRO;ENVIRA;T.F.AGRO-III;; ESTATUTARIO;4942,57;;4942,57;791,22;4151,35;
ARQUIMIMO DO AMARAL SILVA;ITAMARATI;T.F.AGRO-III;; ESTATUTARIO;4942,57;;4942,57;791,22;4151,35;
BARBARA BRANDAO FERREIRA SILVEIRA;DEPTO.DEFESA AGROP.E FLORESTAL;F.A.ENG.AGRO-III;; ESTATUTARIO;7070,95;;7070,95;1500,33;5570,62;
BERGSON PEREIRA DE LIMA;ITACOATIARA;F.AGRO.MED.V-III;; ESTATUTARIO;7870,95;;7870,95;1824,60;6046,35;
BOAVENTURA BEZERRA DA SILVA FILHO;JAPURA;T.F.AGRO-III;; ESTATUTARIO;4942,57;;4942,57;791,22;4151,35;
BRENDA CAROLINE DA COSTA ARAUJO;SANTA IZABEL DO RIO NEGRO;AUX.F.AGRO-III;AUX. AGROPECUARIO; ESTATUTARIO;3297,95;;3297,95;336,19;2961,76;
BRUNO SILVA E SILVA;NOVO REMANSO;T.F.AGRO-III;TEC.EM AGROPECUARIA; ESTATUTARIO;6423,43;;6423,43;1003,34;5420,09;
CAETANINHA DA CUNHA CAVALCANTI;ASSESSORIA;TNS-III;; ESTATUTARIO;6132,23;;6132,23;1251,17;4881,06;
CAMILA DA COSTA AZEVEDO;CANUTAMA;AG.F.AGRO-III;; ESTATUTARIO;4942,57;;4942,57;791,22;4151,35;
CARLEU BARBA SOARES;DEPTO.DEFESA AGROP.E FLORESTAL;T.F.AGRO-III;TEC.EM AGROPECUARIA; ESTATUTARIO;4442,57;;4442,57;705,75;3736,82;
CARLOS AUGUSTO NUNES DA SILVA;PRESIDENTE FIGUEIREDO;AUX.F.AGRO-III;; ESTATUTARIO;3297,95;;3297,95;364,63;2933,32;
CARLOS ELSIO PEREIRA LIMA;APUI;T.F.AGRO-III;; ESTATUTARIO;4942,57;;4942,57;791,22;4151,35;
CARLOS JORGE RIBEIRO;ASSESSORIA;ASSESSOR I;ASSESSOR I; CARGO COMISSION.S/VINCULO;5729,77;;5729,77;992,73;4737,04;
CARLOS PEDRO DA SILVA;MANACAPURU;T.F.AGRO-III;TEC.EM AGROPECUARIA; ESTATUTARIO;4942,57;;4942,57;791,22;4151,35;
CARLOS PETRONIO DE SOUZA QUEIROZ;GUAJARA;AG.F.AGRO-III;AG.AGROPECUARIO; ESTATUTARIO;4442,57;;4442,57;600,26;3842,31;
CASEMIRO DA PAZ DE SOUZA;DEPTO.ADM.FIN.COM.E FOMENTO;AUX.F.AGRO-III;; ESTATUTARIO;2797,95;;2797,95;321,71;2476,24;
CHARLLES LIKIYASU OSAWA DA SILVA;NOVO ARIPUANA;T.F.AGRO-III;; ESTATUTARIO;4942,57;;4942,57;695,44;4247,13;
CHRISSOSTOMO PEREIRA NINA NETO;DEPTO.DEFESA AGROP.E FLORESTAL;T.F.AGRO-III;TEC.EM AGROPECUARIA; ESTATUTARIO;4442,57;;4442,57;677,31;3765,26;
CILENE PIRES DE SOUZA;DEPTO.ADM.FIN.COM.E FOMENTO;GERENTE;; CARGO COMISSION.S/VINCULO;4709,79;;4709,79;652,57;4057,22;
CLAUDIA DE FATIMA RAMOS CAMPOS;PARINTINS;MEDICO VETERINARIO;; ESTATUTARIO;11679,93;;11679,93;2974,99;8704,94;
CLAUDINEI VENTURA DO NASCIMENTO;APUI;T.F.AGRO-III;TEC.EM AGROPECUARIA; ESTATUTARIO;4942,57;;4942,57;752,31;4190,26;
CLEIDE PEREIRA LOPES;DEPTO.ADM.FIN.COM.E FOMENTO;COORDENADOR LOCAL II;; CARGO COMISSION.S/VINCULO;3691,80;;3691,80;331,80;3360,00;
CRISTIAN SOARES SAMPAIO ALVES;PARINTINS;AG.F.AGRO-III;; ESTATUTARIO;4942,57;;4942,57;791,22;4151,35;
CRISTIANE DA SILVA KLEHM;DEPTO.DEFESA AGROP.E FLORESTAL;F.A.ENG.AGRO-III;FIS.AGROP.AGRONOMIA; ESTATUTARIO;10012,23;;10012,23;2418,48;7593,75;
DANIEL MACHADO ROCHA;MANACAPURU;F.AGRO.MED.V-III;FISCAL AGROP-III CL; ESTATUTARIO;10327,93;;10327,93;2396,00;7931,93;
DANIEL RODRIGUES CHAGAS JUNIOR;ITACOATIARA;AUX.F.AGRO-III;; ESTATUTARIO;3297,95;;3297,95;364,63;2933,32;
DANIELA CARVALHO MESQUITA;URUCARA;F.AGRO.MED.V-III;FISCAL AGROP-III CL; ESTATUTARIO;10327,93;;10327,93;2448,13;7879,80;
DANIELLA APARECIDA DOS SANTOS;APUI;T.F.AGRO-III;; ESTATUTARIO;4942,57;;4942,57;791,22;4151,35;
DARLEY ARAUJO CRUZ;NOVO REMANSO;F.AGRO.MED.V-III;; ESTATUTARIO;7870,95;;7870,95;1824,60;6046,35;
DENILDO LOPES DA GAMA;PARINTINS;AUX.F.AGRO-III;; ESTATUTARIO;3297,95;;3297,95;364,63;2933,32;
DERLANI JOSE PEREIRA SERRAO;URUCURITUBA;T.F.AGRO-III;TEC. AGROPECUARIA; ESTATUTARIO;6423,43;;6423,43;1107,62;5315,81;
DEYSERREEN DE SOUZA COSTA DA SILVA;ASSESSORIA;COORDENADOR LOCAL II;; CARGO COMISSION.S/VINCULO;3691,80;;3691,80;379,31;3312,49;
DIEGO LANER;DEPTO.DEFESA AGROP.E FLORESTAL;F.AGRO.MED.V-III;FISCAL AGROP-III CL; ESTATUTARIO;9887,07;;9887,07;2374,54;7512,53;
DIELIA MARIA PICANCO PESSOA;INTERIOR;COORDENADOR LOCAL II;NAO INFORMADO; CARGO COMISSION.S/VINCULO;3691,80;;3691,80;379,31;3312,49;
DIOGO ROBERTO PFAU;APUI;F.AGRO.MED.V-III;; ESTATUTARIO;7870,95;;7870,95;1824,60;6046,35;
DJALMA TAKESHI SOUZA ISHIZAWA;CODAJAS;A.TEC-III;; ESTATUTARIO;4379,35;;4379,35;600,81;3778,54;
DORIVALDO SALES PASSOS;PRESIDENTE FIGUEIREDO;T.F.AGRO-III;TEC.AGROPECUARIA; ESTATUTARIO;4942,57;;4942,57;752,31;4190,26;
EDER PEDRENO BELTRAO;BARREIRINHA;T.F.AGRO-III;; ESTATUTARIO;4942,57;;4942,57;752,31;4190,26;
EDFRAN NASCIMENTO ANDRADE;SAO GABRIEL DA CACHOEIRA;T.F.AGRO-III;; ESTATUTARIO;3998,30;;3998,30;599,69;3398,61;
EDIMAR BRANCHES GALVAO;NOVO ARIPUANA;T.F.AGRO-III;; ESTATUTARIO;4942,57;;4942,57;791,22;4151,35;
EDIVAN LIMA RIBEIRO;IRANDUBA;AUX.F.AGRO-III;AUX.AGROPECUARIO; ESTATUTARIO;3730,60;;3730,60;478,24;3252,36;
EDSON AZEVEDO FERNANDES;BOCA DO ACRE;MEDICO VETERINARIO;; ESTATUTARIO;10327,93;;10327,93;2198,01;8129,92;
EDSON FERREIRA GUIMARAES;APUI;T.F.AGRO-III;; ESTATUTARIO;4942,57;;4942,57;791,22;4151,35;
EDUARDO PINHEIRO DO NASCIMENTO;ASSESSORIA;TNS-III;; ESTATUTARIO;6132,23;;6132,23;1251,17;4881,06;
ELIEDNA CREUSA AYRES COSTA;ASSESSORIA;ASSESSOR I;NAO INFORMADO; CARGO COMISSION.S/VINCULO;7473,03;;7473,03;1593,40;5879,63;
ELOISA MARTINS SOARES MACIEL;DEPTO.DEFESA AGROP.E FLORESTAL;F.AGRO.MED.V-III;; ESTATUTARIO;7070,95;;7070,95;1604,60;5466,35;
EMERSON CARLOS DE ALCANTARA PAULA;MANAQUIRI;AG.F.AGRO-III;; ESTATUTARIO;4942,57;;4942,57;791,22;4151,35;
ERICA BEATRIZ VALENTE CARVALHO;DEPTO.ADM.FIN.COM.E FOMENTO;TNS-III;; ESTATUTARIO;4088,14;;4088,14;655,24;3432,90;
ERILANE DOS SANTOS ALMEIDA;DEPTO.DEFESA AGROP.E FLORESTAL;AUX.F.AGRO-III;; ESTATUTARIO;2797,95;;2797,95;321,71;2476,24;
ERIVANOR ARAUJO DOS SANTOS;MANAQUIRI;TECNICO EM AGROPECUARIA;; ESTATUTARIO;6806,35;;6806,35;1292,89;5513,46;
ERNESTINA FARIAS PINTO NETA;DEPTO.ADM.FIN.COM.E FOMENTO;GERENTE;GERENTE AD 2; CARGO COMISSION.S/VINCULO;6113,05;;6113,05;1136,13;4976,92;
EUDES DE SOUZA LEITE;MANICORE;T.F.AGRO-III;; ESTATUTARIO;4942,57;;4942,57;791,22;4151,35;
EUDIMAR COSTA ROCHA;DEPTO.DEFESA AGROP.E FLORESTAL;COORDENADOR LOCAL I;; CARGO COMISSION.S/VINCULO;6113,05;;6113,05;1136,13;4976,92;
EVANDRO AZEVEDO BARROS JUNIOR;BOCA DO ACRE;T.F.AGRO-III;; ESTATUTARIO;4942,57;;4942,57;791,22;4151,35;
EVILASIO MONTEIRO NOGUEIRA;NOVO ARIPUANA;T.F.AGRO-III;; ESTATUTARIO;4942,57;;4942,57;791,22;4151,35;
EWERTON SALVADOR MARIANO;JUTAI;T.F.AGRO-III;; ESTATUTARIO;3998,30;;3998,30;553,67;3444,63;
FABIANO PIMENTEL DOS SANTOS;MAUES;F.AGRO.MED.V-III;FISCAL AGROP-III CL; ESTATUTARIO;7870,95;;7870,95;1222,37;6648,58;
FABIO TRINDADE GONCALVES;PRESIDENTE FIGUEIREDO;F.AGRO.MED.V-III;; ESTATUTARIO;7870,95;;7870,95;1824,60;6046,35;
FELIPE MIRANDA MARQUES;ASSESSORIA;ASSESSOR II;NAO INFORMADO; CARGO COMISSION.S/VINCULO;6113,05;;6113,05;1136,13;4976,92;
FERNANDA RECH;CAREIRO CASTANHO;F.AGRO.MED.V-III;; ESTATUTARIO;7870,95;;7870,95;1824,60;6046,35;
FLAVIA KATIELE FACIONI SILVA;DEPTO.ADM.FIN.COM.E FOMENTO;TNS-III;; ESTATUTARIO;6415,56;;6415,56;1251,17;5164,39;
FRANCISCO ANTONIO OLIVEIRA QUEIROZ;LABREA;COORDENADOR LOCAL II;COORD LOCAL; CARGO COMISSION.S/VINCULO;3691,80;;3691,80;379,31;3312,49;
FRANCISCO AUGUSTO TAVARES PINTO;IRANDUBA;AUX.F.AGRO-III;; ESTATUTARIO;3297,95;;3297,95;364,63;2933,32;
FRANCISCO DE JESUS OLIVEIRA ARAUJO;NOVO ARIPUANA;T.F.AGRO-III;; ESTATUTARIO;4942,57;;4942,57;791,22;4151,35;
FRANCISCO DE OLIVEIRA DOS SANTOS;AUTAZES;T.F.AGRO-III;; ESTATUTARIO;3998,30;;3998,30;599,69;3398,61;
FRANCISCO MENDES DA CUNHA;CAREIRO CASTANHO;COORDENADOR LOCAL II;COORD.LOCALII AD3; CARGO COMISSION.S/VINCULO;3691,80;;3691,80;351,25;3340,55;
FRANCKIMAR PAZ DE CASTRO;MANICORE;T.F.AGRO-III;; ESTATUTARIO;4942,57;;4942,57;791,22;4151,35;
FRANCOAN DE OLIVEIRA DIAS;MANICORE;T.F.AGRO-III;; ESTATUTARIO;4942,57;;4942,57;791,22;4151,35;
GABRIELE DA SILVA FARIA;NHAMUNDA;T.F.AGRO-III;; ESTATUTARIO;4942,57;;4942,57;791,22;4151,35;
GELCIARA DA SILVA GOMES;DEPTO.DEFESA AGROP.E FLORESTAL;AG.F.AGRO-III;; ESTATUTARIO;4442,57;;4442,57;705,75;3736,82;
GELCINEI DE SOUZA ARAUJO;NOVA OLINDA DO NORTE;COORDENADOR LOCAL II;COORD LOCAL II AD3; CARGO COMISSION.S/VINCULO;4755,73;;4755,73;667,90;4087,83;
GERARDO LIMA BEZERRA;DEPTO.ADM.FIN.COM.E FOMENTO;COORDENADOR LOCAL II;NAO INFORMADO; CARGO COMISSION.S/VINCULO;3691,80;;3691,80;379,31;3312,49;
GILMARA SANTOS MARTINS MONTEIRO;DEPTO.ADM.FIN.COM.E FOMENTO;COORDENADOR LOCAL II;NAO INFORMADO; CARGO COMISSION.S/VINCULO;3691,80;;3691,80;379,31;3312,49;
GIOVANI BATISTA DO CARMO;AUTAZES;A.TEC-III;; ESTATUTARIO;3879,35;;3879,35;534,06;3345,29;
GIRLEI RODRIGUES DO NASCIMENTO;PRESIDENTE FIGUEIREDO;MOT-III;; ESTATUTARIO;3202,20;;3202,20;345,05;2857,15;
GIRLEY JORGE BEZERRA;LABREA;F.AGRO.MED.V-III;; ESTATUTARIO;7870,95;;7870,95;1824,60;6046,35;
GRAZIELE DOMINGUES;ASSESSORIA;ASSESSOR I;NAO INFORMADO; CARGO COMISSION.S/VINCULO;5729,77;;5729,77;992,73;4737,04;
HANSLEY MENDERSON DE OLIVEIRA MELO;CODAJAS;A.TEC-III;; ESTATUTARIO;3491,40;;3491,40;479,17;3012,23;
HARUO TAKATANI;DEPTO.DEFESA AGROP.E FLORESTAL;F.AGRO.MED.V-III;; ESTATUTARIO;9887,07;;9887,07;2426,67;7460,40;
HAYLA KALINE RODRIGUES LIMA;CAREIRO DA VARZEA;F.AGRO.MED.V-III;FISCAL AGROP-III CL; ESTATUTARIO;7840,30;;7840,30;2001,31;5838,99;
HEITOR TEIXEIRA MACHADO;PARINTINS;T.F.AGRO-III;TEC.EM AGROPECUARIA; ESTATUTARIO;4942,57;;4942,57;791,22;4151,35;
HELIO APARECIDO DE MATOS FILHO;DEPTO.DEFESA AGROP.E FLORESTAL;F.A.ENG.AGRO-III;; ESTATUTARIO;7070,95;;7070,95;1604,60;5466,35;
HERCULES FERREIRA DA SILVA;APUI;T.F.AGRO-III;; ESTATUTARIO;4942,57;;4942,57;791,22;4151,35;
IDEUS COSTA NUNES JUNIOR;MANICORE;T.F.AGRO-III;; ESTATUTARIO;4942,57;;4942,57;791,22;4151,35;
IRINELSON CONCEICAO DE MATOS;MANICORE;T.F.AGRO-III;; ESTATUTARIO;4942,57;;4942,57;791,22;4151,35;
ITALO CORREA DE LIMA;PRESIDENTE FIGUEIREDO;T.F.AGRO-III;TEC.AGROPECUARIA; ESTATUTARIO;4942,57;;4942,57;791,22;4151,35;
IZAQUE OLIVEIRA DA SILVA;DEPTO.DEFESA AGROP.E FLORESTAL;AUX.F.AGRO-III;AUX. AGROPECUARIO; ESTATUTARIO;3563,93;;3563,93;344,39;3219,54;
JAILSON ALVES DE ARAUJO;HUMAITA;T.F.AGRO-III;TEC.EM AGROPECUARIA; ESTATUTARIO;4942,57;;4942,57;723,87;4218,70;
JEAN CARLOS SILVEIRA DA SILVA;JUTAI;T.F.AGRO-III;; ESTATUTARIO;4942,57;;4942,57;791,22;4151,35;
JEFFISON DO NASCIMENTO P FERREIRA;DEPTO.DEFESA AGROP.E FLORESTAL;F.AGRO.MED.V-III;; ESTATUTARIO;7070,95;;7070,95;1552,46;5518,49;
JEICIMARA FERREIRA DOS SANTOS;AUTAZES;T.F.AGRO-III;TEC.EM AGROPECUARIA; ESTATUTARIO;6423,43;;6423,43;1055,48;5367,95;
JESSICA LOPES DO LIVRAMENTO;DEPTO.DEFESA AGROP.E FLORESTAL;AUX.F.AGRO-III;AUX. AGROPECUARIO; ESTATUTARIO;3563,93;;3563,93;370,36;3193,57;
JOAO BATISTA DIAS DAMACENO;HUMAITA;F.A.ENG.AGRO-III;; ESTATUTARIO;7870,95;;7870,95;1824,60;6046,35;
JOAO LEONARDO BENTES PEREIRA;DEPTO.ADM.FIN.COM.E FOMENTO;ASSESSOR II;NAO INFORMADO; CARGO COMISSION.S/VINCULO;4709,79;;4709,79;652,57;4057,22;
JOAO VICENTE OLIVEIRA DE AZEVEDO;IRANDUBA;MEDICO VETERINARIO;; ESTATUTARIO;8884,95;;8884,95;2206,37;6678,58;
JOCILEIA FREITAS E SILVA;IRANDUBA;AUX.F.AGRO-III;; ESTATUTARIO;4230,60;;4230,60;478,24;3752,36;
JOEL PAULA FREITAS;CAREIRO CASTANHO;MOT-III;; ESTATUTARIO;3202,20;;3202,20;345,05;2857,15;
JOELMA SERRAO DA SILVA;DEPTO.DEFESA AGROP.E FLORESTAL;F.AGRO.MED.V-III;; ESTATUTARIO;7070,95;;7070,95;1604,60;5466,35;
JONILSON ROLIM MACEDO;MANACAPURU;T.F.AGRO-III;TEC.EM AGROPECUARIA; ESTATUTARIO;4942,57;;4942,57;695,44;4247,13;
JORDEL OLIVEIRA DE LIMA;BOCA DO ACRE;T.F.AGRO-III;; ESTATUTARIO;4942,57;;4942,57;710,41;4232,16;
JOSANE FONTOURA BLOS ZENI;ASSESSORIA;ASSESSOR I;; CARGO COMISSION.S/VINCULO;7473,03;;7473,03;1593,40;5879,63;
JOSE MIRANDA AZEVEDO;NHAMUNDA;T.F.AGRO-III;; ESTATUTARIO;6423,43;;6423,43;1159,75;5263,68;
JOSE RAIMUNDO DE SOUZA PINTO;PARINTINS;T.F.AGRO-III;TEC.EM AGROP.; ESTATUTARIO;4942,57;;4942,57;791,22;4151,35;
JOSE RIBEIRO FIRMINO NETO;HUMAITA;AUX.F.AGRO-III;; ESTATUTARIO;2424,88;;2424,88;278,82;2146,06;
JOSE ROGERIO VASCONCELLOS DE ARAUJO;ITACOATIARA;MEDICO VETERINARIO;; ESTATUTARIO;8884,95;;8884,95;1725,87;7159,08;
JOSE SARAIVA DA COSTA;NOVA OLINDA DO NORTE;T.F.AGRO-III;; ESTATUTARIO;2961,70;;2961,70;394,70;2567,00;
JOSIELTON PINHEIRO CHAVES;PARINTINS;T.F.AGRO-III;; ESTATUTARIO;4942,57;;4942,57;791,22;4151,35;
JOSUE ROBERTO MONTEIRO DA SILVA;PRESIDENTE FIGUEIREDO;COORDENADOR LOCAL I;; CARGO COMISSION.S/VINCULO;4709,79;;4709,79;652,57;4057,22;
JOUBERT LIMA DOS SANTOS;ASSESSORIA;TNS-III;; ESTATUTARIO;6132,23;;6132,23;1251,17;4881,06;
JUAN CLEBSON FERREIRA CORDEIRO;MANICORE;T.F.AGRO-III;; ESTATUTARIO;4942,57;;4942,57;752,31;4190,26;
JUCIMAR FERREIRA SILVA;BORBA;T.F.AGRO-III;; ESTATUTARIO;4942,57;;4942,57;791,22;4151,35;
JULCILEIA ARRUDA DE FARIA;DEPTO.DEFESA AGROP.E FLORESTAL;F.AGRO.MED.V-III;FISCAL AGROP-III CL; ESTATUTARIO;7540,30;;7540,30;1781,31;5758,99;
JULIANA PEREIRA MENDES;DEPTO.DEFESA AGROP.E FLORESTAL;ENG.AGRO-III;; ESTATUTARIO;7070,95;;7070,95;1604,60;5466,35;
JULIO AUGUSTO MORAES MARTINS;MANACAPURU;T.F.AGRO-III;TEC.AGROPECUARIA; ESTATUTARIO;6423,43;;6423,43;1107,62;5315,81;
JUMAR ARAUJO QUEIROZ ALENCAR;ITACOATIARA;AUX.F.AGRO-III;; ESTATUTARIO;3297,95;;3297,95;364,63;2933,32;
KAMILA REGINA ALVES DE SOUZA;DEPTO.DEFESA AGROP.E FLORESTAL;AUX.F.AGRO-III;AUX. AGROPECUARIO; ESTATUTARIO;2797,95;;2797,95;321,71;2476,24;
KARINE SANTOS DA CRUZ;BOCA DO ACRE;F.A.ENG.AGRO-III;; ESTATUTARIO;7870,95;;7870,95;1824,60;6046,35;
KARLA PAZ GARCIA;TABATINGA;AG.F.AGRO-III;AGENTE AGROPECUARIO; ESTATUTARIO;4942,57;;4942,57;791,22;4151,35;
KEDMA ROCHA DE MELO;BOCA DO ACRE;T.F.AGRO-III;TEC.AGROPECUARIA; ESTATUTARIO;4942,57;;4942,57;791,22;4151,35;
LAERCIO BANDEIRA DOS SANTOS;TEFE;T.F.AGRO-III;; ESTATUTARIO;4942,57;;4942,57;791,22;4151,35;
LAERCIO DOS REIS JUNIOR;DEPTO.DEFESA AGROP.E FLORESTAL;F.AGRO.MED.V-III;; ESTATUTARIO;7070,95;;7070,95;1436,08;5634,87;
LARISSA DE CARVALHO ARAUJO;TEFE;F.AGRO.MED.V-III;; ESTATUTARIO;7870,95;;7870,95;1824,60;6046,35;
LARISSA DE SA CARVALHO;TABATINGA;F.AGRO.MED.V-III;; ESTATUTARIO;7870,95;;7870,95;1824,60;6046,35;
LARISSA RIBAS DE LIMA;TABATINGA;F.AGRO.MED.V-III;; ESTATUTARIO;7870,95;;7870,95;1824,60;6046,35;
LAZARO ARAUJO DE ALMEIDA;DEPTO.ADM.FIN.COM.E FOMENTO;ASSISTENTE TECNICO;ASSESSOR II AD2; ESTATUTARIO;5962,89;;5962,89;751,99;5210,90;
LEANDRO MARTINS DA SILVA;PARINTINS;T.F.AGRO-III;; ESTATUTARIO;4942,57;;4942,57;791,22;4151,35;
LEONARDO DE BARROS PESSOA;BOCA DO ACRE;F.AGRO.MED.V-III;; ESTATUTARIO;7870,95;;7870,95;1824,60;6046,35;
LEONARDO NOGUEIRA ASSIS;COARI;F.AGRO.MED.V-III;; ESTATUTARIO;6363,84;;6363,84;1357,20;5006,64;
LILIAN TOFFANETTO;NOVA OLINDA DO NORTE;F.AGRO.MED.V-III;; ESTATUTARIO;7870,95;;7870,95;1824,60;6046,35;
LILIANE GUIMARAES SILVA;DEPTO.ADM.FIN.COM.E FOMENTO;COORDENADOR LOCAL II;; CARGO COMISSION.S/VINCULO;3691,80;;3691,80;379,31;3312,49;
LOIANE PICANCO ALVES BASTOS;BARREIRINHA;A.TEC-III;; ESTATUTARIO;4379,35;;4379,35;629,25;3750,10;
LUCAS BARROSO JANUARIO;CODAJAS;T.F.AGRO-III;; ESTATUTARIO;3998,30;;3998,30;599,69;3398,61;
LUCAS LOPES DE SA;URUCARA;A.TEC-III;; ESTATUTARIO;4379,35;;4379,35;629,25;3750,10;
LUCAS SILVA TEIXEIRA;APUI;F.A.ENG.AGRO-III;; ESTATUTARIO;7870,95;;7870,95;1824,60;6046,35;
LUCAS XAVIER SANT'ANNA;LABREA;F.AGRO.MED.V-III;; ESTATUTARIO;7870,95;;7870,95;1824,60;6046,35;
LUCIANA FERREIRA DA SILVA;CODAJAS;T.F.AGRO-III;TEC.EM AGROPECUARIA; ESTATUTARIO;4442,57;;4442,57;705,75;3736,82;
LUIZ ALVES DE ARRUDA NETO;RIO PRETO DA EVA;T.F.AGRO-III;TEC.EM AGROPECUARIA; ESTATUTARIO;6423,43;;6423,43;1107,62;5315,81;
LUIZ ANTONIO DA SILVA;DEPTO.DEFESA AGROP.E FLORESTAL;ENGENHEIRO AGRONOMO;CHEFE DE DEPARTAM; ESTATUTARIO;11794,00;;11794,00;3351,73;8442,27;
LUIZ CARLOS ALBUQUERQUE FERREIRA;MANICORE;T.F.AGRO-III;; ESTATUTARIO;4942,57;;4942,57;791,22;4151,35;
LUIZ FERNANDO DA SILVA;DEPTO.DEFESA AGROP.E FLORESTAL;ENGENHEIRO AGRONOMO;GERENTE AD-2; ESTATUTARIO;16455,09;;16455,09;4681,16;11773,93;
LUIZ HENRIQUE OLIVEIRA ORTIZ;AUTAZES;A.TEC-III;; ESTATUTARIO;3491,40;;3491,40;479,17;3012,23;
LUIZ MAGALHAES DE FREITAS;CAREIRO DA VARZEA;AG.F.AGRO-III;AG.AGROPECUARIO; ESTATUTARIO;4942,57;;4942,57;723,87;4218,70;
LYLIAN BRASIL DA SILVA;NOVO ARIPUANA;F.AGRO.MED.V-III;; ESTATUTARIO;7870,95;;7870,95;;7870,95;
MAELSON RODRIGUES LOPES;MANICORE;T.F.AGRO-III;; ESTATUTARIO;4942,57;;4942,57;791,22;4151,35;
MAGDA ADEGAS DA SILVA;NOVO ARIPUANA;T.F.AGRO-III;; ESTATUTARIO;4942,57;;4942,57;791,22;4151,35;
MAILTON DA SILVA GUALBERTO;RIO PRETO DA EVA;AUX.F.AGRO-III;AUX. AGROPECUARIO; ESTATUTARIO;4230,60;;4230,60;478,24;3752,36;
MANOEL MOURAO NETO;DEPTO.ADM.FIN.COM.E FOMENTO;ASSESSOR I;NAO INFORMADO; CARGO COMISSION.S/VINCULO;5729,77;;5729,77;992,73;4737,04;
MARCAM ZIK UCHOA;GABINETE;CHEFE DE GABINETE;NAO INFORMADO; CARGO COMISSION.S/VINCULO;5729,77;;5729,77;992,73;4737,04;
MARCELO DANTAS XIMENES;HUMAITA;AUX.F.AGRO-III;; ESTATUTARIO;3297,95;;3297,95;364,63;2933,32;
MARCELO VIEIRA ZEFERINO;BOA VISTA DO RAMOS;T.F.AGRO-III;TEC.EM AGRONOMIA; ESTATUTARIO;4942,57;;4942,57;791,22;4151,35;
MARCIA REGINA CANCIO SANTIAGO;DEPTO.DEFESA AGROP.E FLORESTAL;AUX.F.AGRO-III;; ESTATUTARIO;2797,95;;2797,95;321,71;2476,24;
MARCIO ANDERSON FERREIRA BARROS;ITACOATIARA;M.FLU-III;; ESTATUTARIO;3202,20;;3202,20;345,05;2857,15;
MARCIO MERENCIO PANZA DE SIQUEIRA;SANTO ANTONIO DO MATUPI;F.AGRO.MED.V-III;; ESTATUTARIO;6363,84;;6363,84;1357,20;5006,64;
MARCOS ORELIO FROTA NOGUEIRA;MANICORE;AUX.F.AGRO-III;; ESTATUTARIO;3297,95;;3297,95;350,41;2947,54;
MARIA AUXILIADORA DUARTE DAS CHAGAS;DEPTO.DEFESA AGROP.E FLORESTAL;COORDENADOR LOCAL II;; CARGO COMISSION.S/VINCULO;3691,80;;3691,80;379,31;3312,49;
MARIA DA SILVA MELO;APUI;T.F.AGRO-III;; ESTATUTARIO;4942,57;;4942,57;791,22;4151,35;
MARIA IVANE BRITO DE SOUZA;PRESIDENTE FIGUEIREDO;T.F.AGRO-III;; ESTATUTARIO;6423,43;;6423,43;1159,75;5263,68;
MARIA LUIZA GRIGIO;PRESIDENTE FIGUEIREDO;F.A.ENG.AGRO-III;; ESTATUTARIO;7870,95;;7870,95;1824,60;6046,35;
MARIO JONES REIS DE CASTRO;DEPTO.ADM.FIN.COM.E FOMENTO;A.TEC-III;; ESTATUTARIO;3491,40;;3491,40;479,17;3012,23;
MATEUS SOARES BARROSO;MANACAPURU;T.F.AGRO-III;; ESTATUTARIO;4942,57;;4942,57;752,31;4190,26;
MAURICIO JOSE GUIMARAES PEREIRA;NOVO ARIPUANA;T.F.AGRO-III;; ESTATUTARIO;4942,57;;4942,57;791,22;4151,35;
MELQUISEDEQUE MACHADO DA CRUZ;HUMAITA;AUX.F.AGRO-III;AUX.AGROPECUARIO; ESTATUTARIO;3297,95;;3297,95;336,19;2961,76;
MICAEL CASTRO DE SOUZA;DEPTO.ADM.FIN.COM.E FOMENTO;MOT-III;; ESTATUTARIO;2985,53;;2985,53;308,31;2677,22;
MICHAELL DA SILVA SANTOS;DEPTO.DEFESA AGROP.E FLORESTAL;F.A.ENG.AGRO-III;FISCAL AGROP-III CL; ESTATUTARIO;9887,07;;9887,07;2270,26;7616,81;
MICHELE MODESTO MEIRELES;COARI;F.AGRO.MED.V-III;FISC.AGROP.III CL; ESTATUTARIO;7070,95;;7070,95;1604,60;5466,35;
MYLENA DAMASCENO VASCONCELOS;DEPTO.DEFESA AGROP.E FLORESTAL;COORDENADOR LOCAL II;NAO INFORMADO; CARGO COMISSION.S/VINCULO;3691,80;;3691,80;379,31;3312,49;
NADIA NARA DOS SANTOS VALENTE;DEPTO.DEFESA AGROP.E FLORESTAL;F.AGRO.MED.V-III;; ESTATUTARIO;7070,95;;7070,95;1604,60;5466,35;
NATHALIA DO NASCIMENTO LOPES SOARES;APUI;T.F.AGRO-III;; ESTATUTARIO;4942,57;;4942,57;752,31;4190,26;
NICODEMOS PEIXOTO DE QUEIROZ;AUTAZES;M.FLU-III;; ESTATUTARIO;3202,20;;3202,20;345,05;2857,15;
NILDA MARIA FIGUEIREDO DA FROTA;ASSESSORIA;COORDENADOR LOCAL II;NAO INFORMADO; CARGO COMISSION.S/VINCULO;3691,80;;3691,80;379,31;3312,49;
OLAVO BARROS DE FREITAS;PAUINI;T.F.AGRO-III;; ESTATUTARIO;4942,57;;4942,57;791,22;4151,35;
ORLENCLEISON MARQUES TEMO;HUMAITA;AUX.F.AGRO-III;; ESTATUTARIO;3297,95;;3297,95;336,19;2961,76;
OSEIAS RICARDO MARTINS DE MOURA;GUAJARA;F.AGRO.MED.V-III;; ESTATUTARIO;7870,95;;7870,95;1824,60;6046,35;
OSVALDO PEREIRA DA SILVA NETO;RIO PRETO DA EVA;F.A.ENG.AGRO-III;; ESTATUTARIO;7870,95;;7870,95;1824,60;6046,35;
PAMELA NUNES CABRAL;APUI;T.F.AGRO-III;; ESTATUTARIO;4942,57;;4942,57;791,22;4151,35;
PATRICIA MERLINI DE ALMEIDA;HUMAITA;F.AGRO.MED.V-III;FISCAL AGROP.; ESTATUTARIO;10953,73;;10953,73;2615,73;8338,00;
PAULO PEDRO TORRES BARROS FILHO;HUMAITA;T.F.AGRO-III;; ESTATUTARIO;6423,43;;6423,43;1159,75;5263,68;
PAULO VICTOR ZAU DE OLIVEIRA;DEPTO.DEFESA AGROP.E FLORESTAL;T.F.AGRO-III;TEC.AGROPECUARIA; ESTATUTARIO;5756,76;;5756,76;976,42;4780,34;
PRISCILA COSTA VILELLA;URUCURITUBA;A.TEC-III;; ESTATUTARIO;4379,35;;4379,35;629,25;3750,10;
PRISCILLA AGUIAR MOLLER;DEPTO.DEFESA AGROP.E FLORESTAL;F.A.ENG.AGRO-III;; ESTATUTARIO;7070,95;;7070,95;1484,23;5586,72;
RAIMUNDO FRANCISCO DA S CORDEIRO;CANUTAMA;COORDENADOR LOCAL II;NAO INFORMADO; CARGO COMISSION.S/VINCULO;3691,80;;3691,80;379,31;3312,49;
RAIMUNDO NONATO DE SOUZA ROSAS;MANICORE;AUX.F.AGRO-III;; ESTATUTARIO;3297,95;;3297,95;364,63;2933,32;
RAIMUNDO ROBERTO DE MELO CARDOSO;BOCA DO ACRE;TECNICO EM AGROPECUARIA;; ESTATUTARIO;6470,07;;6470,07;1176,13;5293,94;
RAMERSON VASCONCELOS FERREIRA;DEPTO.DEFESA AGROP.E FLORESTAL;T.F.AGRO-III;GERENTE; ESTATUTARIO;7335,27;;7335,27;1306,24;6029,03;
RAYCKSON BENEZAR CARVALHO;SAO SEBASTIAO DO UATUMA;T.F.AGRO-III;; ESTATUTARIO;4942,57;;4942,57;791,22;4151,35;
RAYLEN JORGE SOARES DE SOUZA;IRANDUBA;T.F.AGRO-III;; ESTATUTARIO;4942,57;;4942,57;603,32;4339,25;
RENATO OLIVEIRA SANTOS;URUCARA;T.F.AGRO-III;; ESTATUTARIO;4942,57;;4942,57;791,22;4151,35;
RHUAN SEBASTIAN ARAUJO LEAL;DEPTO.ADM.FIN.COM.E FOMENTO;COORDENADOR LOCAL II;NAO INFORMADO; CARGO COMISSION.S/VINCULO;3691,80;;3691,80;379,31;3312,49;
RICARDO AUGUSTO GONCALVES BORGES;MANICORE;F.AGRO.MED.V-III;FIS.AGROP.III CL; ESTATUTARIO;8340,30;;8340,30;1949,17;6391,13;
ROBERIO DANTAS MAGALHAES;MAUES;T.F.AGRO-III;TEC.EM AGROPECUARIA; ESTATUTARIO;4942,57;;4942,57;695,44;4247,13;
RODRIGO JOSE MENDONCA DA FONSECA;ANAMA;T.F.AGRO-III;; ESTATUTARIO;4942,57;;4942,57;791,22;4151,35;
RODRIGO MARQUES DIAS;DEPTO.DEFESA AGROP.E FLORESTAL;COORDENADOR LOCAL I;; CARGO COMISSION.S/VINCULO;4709,79;;4709,79;622,77;4087,02;
ROMULO DIEGO DO AMARANTE LIMA;CODAJAS;T.F.AGRO-III;; ESTATUTARIO;4942,57;;4942,57;791,22;4151,35;
RONALDO APARECIDO WESTFAL AUGUSTO;NOVO ARIPUANA;T.F.AGRO-III;; ESTATUTARIO;3998,30;;3998,30;599,69;3398,61;
RONNAN FERREIRA DA COSTA;PRESIDENTE FIGUEIREDO;AUX.F.AGRO-III;AUX. AGROPECUARIO; ESTATUTARIO;3297,95;;3297,95;364,63;2933,32;
RUBEN COELHO DOS SANTOS;DEPTO.DEFESA AGROP.E FLORESTAL;AUX.F.AGRO-III;; ESTATUTARIO;2797,95;;2797,95;321,71;2476,24;
RUTHE RIBEIRO DE OLIVEIRA;DEPTO.DEFESA AGROP.E FLORESTAL;COORDENADOR LOCAL II;; CARGO COMISSION.S/VINCULO;4755,73;;4755,73;667,90;4087,83;
SANDOVAL SALERNO PINHEIRO;DEPTO.DEFESA AGROP.E FLORESTAL;F.A.ENG.AGRO-III;; ESTATUTARIO;7070,95;;7070,95;1552,46;5518,49;
SEBASTIAO ALUIZIO JESUS DA SILVA;APUI;T.F.AGRO-III;; ESTATUTARIO;4942,57;;4942,57;723,87;4218,70;
SERGIO ROBERTO ROLIM DA SILVA;ITACOATIARA;T.F.AGRO-III;TECNICO EM AGRONOMIA; ESTATUTARIO;4942,57;;4942,57;791,22;4151,35;
SEVERINO DE AZEVEDO NEVES FILHO;DEPTO.DEFESA AGROP.E FLORESTAL;MEDICO VETERINARIO;; ESTATUTARIO;10897,29;;10897,29;2635,68;8261,61;
SILNARA CRISTINY ANDRADE DE SOUSA;DEPTO.ADM.FIN.COM.E FOMENTO;A.TEC-III;; ESTATUTARIO;3491,40;;3491,40;479,17;3012,23;
SILVIO DE ALMEIDA MORAES;MANICORE;T.F.AGRO-III;; ESTATUTARIO;4942,57;;4942,57;752,31;4190,26;
SIMONE PEREIRA DOS SANTOS;LABREA;MED.V-III;; ESTATUTARIO;6363,84;;6363,84;1357,20;5006,64;
SIVANDRO CAMPOS DE FREITAS;DEPTO.DEFESA AGROP.E FLORESTAL;TECNICO EM AGROPECUARIA;; ESTATUTARIO;4996,57;;4996,57;742,42;4254,15;
STEFANO SAMUEL BERNARDO COSTA;MANICORE;T.F.AGRO-III;; ESTATUTARIO;4942,57;;4942,57;752,31;4190,26;
TAMARA REGINA DE SOUZA BAIA;CAREIRO DA VARZEA;AG.F.AGRO-III;; ESTATUTARIO;4942,57;;4942,57;791,22;4151,35;
TAMIRES JORDANA SALES DA SILVA LEAL;TABATINGA;T.F.AGRO-III;; ESTATUTARIO;4942,57;;4942,57;791,22;4151,35;
THAIS DA SILVA OLIVEIRA;MANACAPURU;A.TEC-III;; ESTATUTARIO;3491,40;;3491,40;479,17;3012,23;
THIAGO DE LAY FREITAS;SANTO ANTONIO DO MATUPI;T.F.AGRO-III;; ESTATUTARIO;4942,57;;4942,57;791,22;4151,35;
THIAGO FARIAS GOES DE SOUZA;PARINTINS;COORDENADOR LOCAL II;; CARGO COMISSION.S/VINCULO;3691,80;;3691,80;379,31;3312,49;
THIAGO MARINHO DE SOUSA;DEPTO.ADM.FIN.COM.E FOMENTO;TNS-III;; ESTATUTARIO;5518,99;;5518,99;1054,38;4464,61;
THIAGO SANCHES AGUIAR;BOCA DO ACRE;MED.V-III;MEDICO VETERINARIO; ESTATUTARIO;10327,93;;10327,93;2448,13;7879,80;
VALCINEIA LIMA SANTOS;MAUES;PROFESSOR PF20.ESP-III;COORDENADOR LOCAL II; ESTATUTARIO;7812,59;;7812,59;1393,77;6418,82;
VALDERLI MESQUITA GOMES;BENJAMIN CONSTANT;T.F.AGRO-III;TEC.EM AGROPECUARIA; ESTATUTARIO;4942,57;;4942,57;752,31;4190,26;
VALDINEIA PRADO BATISTA;RIO PRETO DA EVA;T.F.AGRO-III;TEC.EM AGROPECUARIA; ESTATUTARIO;6423,43;;6423,43;1159,75;5263,68;
VALERIA CRISTINA DE PAULA FERREIRA;PARINTINS;F.A.ENG.AGRO-III;; ESTATUTARIO;7870,95;;7870,95;1824,60;6046,35;
VANDERSON RIBEIRO FERREIRA;AUTAZES;T.F.AGRO-III;; ESTATUTARIO;4942,57;;4942,57;791,22;4151,35;
VIVIAN SARAIVA BARROSO;GABINETE;GERENTE;NAO INFORMADO; CARGO COMISSION.S/VINCULO;4709,79;;4709,79;652,57;4057,22;
WAGNER CAMPAGNARO VERNECK;BOCA DO ACRE;F.AGRO.MED.V-III;FISC.AGROP.; ESTATUTARIO;10327,93;;10327,93;2396,00;7931,93;
WALACE CIRNE LOPES;MANAQUIRI;T.F.AGRO-III;TEC.EM AGROPECUARIA; ESTATUTARIO;4942,57;;4942,57;752,31;4190,26;
WANDERSON MAURICIO AGUIAR DA SILVA;NOVO ARIPUANA;T.F.AGRO-III;; ESTATUTARIO;4942,57;;4942,57;791,22;4151,35;
WARLEN ARIEL CORNELIO FERMIN;NOVO ARIPUANA;T.F.AGRO-III;; ESTATUTARIO;4942,57;;4942,57;791,22;4151,35;
WILES SANTOS SILVA;MANACAPURU;F.AGRO.MED.V-III;; ESTATUTARIO;7870,95;;7870,95;1824,60;6046,35;
WILLIAM DIAS FEITOSA;PRESIDENTE FIGUEIREDO;T.F.AGRO-III;TEC. EM AGROPECUARIA; ESTATUTARIO;4942,57;;4942,57;791,22;4151,35;
WILLIAN BRESSAN PINTO;DEPTO.DEFESA AGROP.E FLORESTAL;F.AGRO.MED.V-III;; ESTATUTARIO;7070,95;;7070,95;1604,60;5466,35;
WILLIAN MARINHO PEDRO;BOCA DO ACRE;T.F.AGRO-III;; ESTATUTARIO;4942,57;;4942,57;791,22;4151,35;
YAN DE SOUZA BORGES;DEPTO.ADM.FIN.COM.E FOMENTO;COORDENADOR LOCAL II;NAO INFORMADO; CARGO COMISSION.S/VINCULO;3691,80;;3691,80;379,31;3312,49;
ZALA ARYSSA TREVISAN MACIEL;LABREA;COORDENADOR LOCAL II;; CARGO COMISSION.S/VINCULO;3691,80;;3691,80;379,31;3312,49;
ZENILDO DOS SANTOS OLIVEIRA FILHO;DEPTO.DEFESA AGROP.E FLORESTAL;AUX.F.AGRO-III;AUX. AGROPECUARIO; ESTATUTARIO;2797,95;;2797,95;321,71;2476,24;
