NOME;LOTACAO;CARGO;FUNCAO;VINCULO;REMUNERACAO LEGAL TOTAL(R$);DESC.TETO(R$); REMUNERACAO LEGAL DEVIDA(R$);DESCONTOS LEGAIS(R$);LIQUIDO DISPONIVEL(R$);
ABIANCY ROCHA REGO DE OLIVEIRA;CASA CIVIL;A.TEC-I;FG-1 ASSESSORIA; ESTATUTARIO;9092,16;;9092,16;2036,21;7055,95;
ADALBERTO DA CONCEICAO RODRIGUES;CASA CIVIL;ASSESSOR I;NAO INFORMADO; CARGO COMISSION.S/VINCULO;5229,77;;5229,77;992,73;4237,04;
ADALBERTO FONSECA DE SOUZA;CASA CIVIL;PROFESSOR PF20.ESP-III;ASSESSOR I; ESTATUTARIO;7858,45;;7858,45;1581,84;6276,61;
ADAUCEA VIANA DOS SANTOS;CASA CIVIL;A.TEC-I;FG-3; ESTATUTARIO;5180,04;;5180,04;715,34;4464,70;
ADEMILDE DA SILVA FERNANDES;CASA CIVIL;AUX.S.G-I;FG-3 DE ASSESSORIA; ESTATUTARIO;5025,94;;5025,94;364,70;4661,24;
ADRIANA CRISTINA AFONSO ROCHA;CASA CIVIL;ASSESSOR I;NAO INFORMADO; CARGO COMISSION.S/VINCULO;5229,77;;5229,77;992,73;4237,04;
ADRIANA DOS REIS TAVARES;CASA CIVIL;ASSESSOR III;; CARGO COMISSION.S/VINCULO;3191,80;;3191,80;379,31;2812,49;
ADRIANA PERES DE JESUS SANTOS;CASA CIVIL;ASSESSOR II;NAO INFORMADO; CARGO COMISSION.S/VINCULO;4209,79;;4209,79;622,77;3587,02;
ADRIANA RODRIGUES DA CONCEICAO;FUNDO DE PROMOCAO SOCIAL-FPS;ASSESSOR IV;NAO INFORMADO; CARGO COMISSION.S/VINCULO;3434,15;;3434,15;442,57;2991,58;
ADRIANA VIEIRA FERREIRA;CASA CIVIL;CONSULTOR TECNICO II;NAO INFORMADO; CARGO COMISSION.S/VINCULO;6500,00;;6500,00;1463,32;5036,68;
ADRYELLE FARIAS CORREA VIEIRA;CASA CIVIL;ASSESSOR I;NAO INFORMADO; CARGO COMISSION.S/VINCULO;5229,77;;5229,77;950,08;4279,69;
AETE DO SOCORRO MARTINS DE MATOS;CASA CIVIL;AGENTE ADMINISTRATIVO 3A CLASSE;FUNCAO GRATIFICADA F; ESTATUTARIO;5006,57;;5006,57;551,53;4455,04;
AILTON MARQUES DOS SANTOS;CASA CIVIL;ASSESSOR III;NAO INFORMADO; CARGO COMISSION.S/VINCULO;3191,80;;3191,80;379,31;2812,49;
ALBERTO JORGE FERNANDES RIBEIRO;CASA CIVIL;ASSISTENTE TECNICO GOVERNAMENTAL;; ESTATUTARIO;3577,54;;3577,54;342,51;3235,03;
ALCIDES MULLER;CASA CIVIL;ASSISTENTE TECNICO GOVERNAMENTAL;FG-1 ASSESSORIA; ESTATUTARIO;5977,54;;5977,54;911,51;5066,03;
ALCYNEY FERNANDES RODRIGUES;CASA CIVIL;REDATOR GOVERNAMENTAL;FG-3 DE ASSESSORIA; ESTATUTARIO;4843,77;;4843,77;432,43;4411,34;
ALDRIN DE OLIVEIRA BARBOSA;CASA CIVIL;CONSULTOR TECNICO I;NAO INFORMADO; CARGO COMISSION.S/VINCULO;7500,00;;7500,00;1738,32;5761,68;
ALDRIN PATRIK BRUCE GOMES;FUNDO DE PROMOCAO SOCIAL-FPS;ASSESSOR I;NAO INFORMADO; CARGO COMISSION.S/VINCULO;5229,77;;5229,77;992,73;4237,04;
ALESSANDRA COSTA MARQUES BENTES;FUNDO DE PROMOCAO SOCIAL-FPS;SECRETARIO EXECUTIVO;NAO INFORMADO; CARGO COMISSION.S/VINCULO;11700,00;;11700,00;2893,32;8806,68;
ALESSANDRA GUEDES MOURA CAVALCANTI;CASA CIVIL;CONSULTOR TECNICO LEGISLATIVO I;NAO INFORMADO; CARGO COMISSION.S/VINCULO;7500,00;;7500,00;1375,69;6124,31;
ALESSANDRA MACIEL PEREIRA;CASA CIVIL;ASSESSOR I;NAO INFORMADO; CARGO COMISSION.S/VINCULO;5229,77;;5229,77;992,73;4237,04;
ALESSANDRO VASCONCELOS BANDEIRA;UNID.DE GESTAO INTEGRADA - UGI;ASSESSOR I;NAO INFORMADO; CARGO COMISSION.S/VINCULO;5229,77;;5229,77;992,73;4237,04;
ALEXANDRE FERNANDES FREIRE;FUNDO DE PROMOCAO SOCIAL-FPS;ASSESSOR II;NAO INFORMADO; CARGO COMISSION.S/VINCULO;4209,79;;4209,79;652,57;3557,22;
ALEXANDRE FERREIRA LIMA;FUNDO DE PROMOCAO SOCIAL-FPS;ASSESSOR IV;NAO INFORMADO; CARGO COMISSION.S/VINCULO;2575,61;;2575,61;259,85;2315,76;
ALEXANDRE GUIMARÃES DE PAIVA;CASA CIVIL;CONSULTOR TECNICO II;NAO INFORMADO; CARGO COMISSION.S/VINCULO;6500,00;;6500,00;1463,32;5036,68;
ALFREDO PAES DOS SANTOS;CASA CIVIL;ASSESSOR TECNICO;NAO INFORMADO; CARGO COMISSION.S/VINCULO;8374,44;2876,67;5497,77;1187,71;4310,06;
ALINE CHIXARO PIMENTA;CASA CIVIL;ASSESSOR I;NAO INFORMADO; CARGO COMISSION.S/VINCULO;5229,77;;5229,77;992,73;4237,04;
ALINE DOS SANTOS DINELLI;UNID.DE GESTAO INTEGRADA - UGI;ASSESSOR II;; CARGO COMISSION.S/VINCULO;4209,79;;4209,79;652,57;3557,22;
ALINE TRIBUZY MELLO DE LIMA;CASA CIVIL;ASSESSOR III;NAO INFORMADO; CARGO COMISSION.S/VINCULO;3191,80;;3191,80;379,31;2812,49;
ALYNE RODRIGUES MENEZES;CASA CIVIL;CONSULTOR TECNICO II;NAO INFORMADO; CARGO COMISSION.S/VINCULO;6500,00;;6500,00;1359,04;5140,96;
ANA BEATRIZ LOBO MOUTINHO BREVAL;CASA CIVIL;ESCRIVAO DE POL.2A.CL. PC-ESC-II;SECRETARIO EXECUTIVO; ESTATUTARIO;9900,00;;9900,00;1853,14;8046,86;
ANA CAROLINA BARBOSA GIL DE SOUZA;CASA CIVIL;ASSESSOR TECNICO;NAO INFORMADO; CARGO COMISSION.S/VINCULO;7000,00;;7000,00;1600,82;5399,18;
ANA CAROLINA DA COSTA MAIA;UNID.DE GESTAO INTEGRADA - UGI;CHEFE DE GABINETE;NAO INFORMADO; CARGO COMISSION.S/VINCULO;5229,77;;5229,77;992,73;4237,04;
ANA CAROLINA DE ALENCAR BALIEIRO;CASA CIVIL;CONSULTOR TECNICO I;NAO INFORMADO; CARGO COMISSION.S/VINCULO;7500,00;;7500,00;1738,32;5761,68;
ANA CECILIA CERDEIRA ABRAHIM;CASA CIVIL;ASSESSOR I;NAO INFORMADO; CARGO COMISSION.S/VINCULO;5229,77;;5229,77;992,73;4237,04;
ANA CLAUDIA DE AZEVEDO MONTEIRO;CASA CIVIL;CONSULTOR TECNICO LEGISLATIVO II;NAO INFORMADO; CARGO COMISSION.S/VINCULO;6500,00;;6500,00;1463,32;5036,68;
ANA CLEICE MATOS MEIRELES CARVALHO;FUNDO DE PROMOCAO SOCIAL-FPS;ASSESSOR II;NAO INFORMADO; CARGO COMISSION.S/VINCULO;5332,40;;5332,40;1030,46;4301,94;
ANA CRISTINA RODRIGUES DE SOUZA;CASA CIVIL;ASSISTENTE TECNICO GOVERNAMENTAL;FG-1 ASSESSORIA; ESTATUTARIO;5986,28;;5986,28;914,80;5071,48;
ANA HELENA DA SILVA E SILVA;CASA CIVIL;ASSESSOR IV;NAO INFORMADO; CARGO COMISSION.S/VINCULO;2575,61;;2575,61;245,63;2329,98;
ANA KARINE MAIA DE OLIVEIRA ROMAO;CASA CIVIL;ASSESSOR I;; CARGO COMISSION.S/VINCULO;5229,77;;5229,77;992,73;4237,04;
ANA LUCIA CARVALHO DA SILVA;CASA CIVIL;ASSESSOR I;NAO INFORMADO; CARGO COMISSION.S/VINCULO;5229,77;;5229,77;992,73;4237,04;
ANA MARIA DA SILVA ABINADER;CASA CIVIL;ASSESSOR I;NAO INFORMADO; CARGO COMISSION.S/VINCULO;5229,77;;5229,77;992,73;4237,04;
ANA MARIA GATO BENTES;CASA CIVIL;A.TEC-II;FUNCAO GRATIFICADA F; ESTATUTARIO;6025,00;;6025,00;932,99;5092,01;
ANA MARIA HOLANDA FARIAS SALES;CASA CIVIL;CONSULTOR TECNICO I;NAO INFORMADO; CARGO COMISSION.S/VINCULO;7500,00;;7500,00;1738,32;5761,68;
ANA PAULA MACIEL MORENO;CASA CIVIL;CONSULTOR TEC.LEGISLATIVO;NAO INFORMADO; CARGO COMISSION.S/VINCULO;5229,77;;5229,77;992,73;4237,04;
ANA RITA GARCIA DA SILVA;CASA CIVIL;CONSULTOR TECNICO III;NAO INFORMADO; CARGO COMISSION.S/VINCULO;5500,00;;5500,00;1093,56;4406,44;
ANDERSON LUZ GONCALVES;CASA CIVIL;ASSESSOR III;; CARGO COMISSION.S/VINCULO;3191,80;;3191,80;379,31;2812,49;
ANDREA DE FATIMA NOGUEIRA;UNID.INT.ARTIC.COMUNID.UIAC;ASSESSOR II;NAO INFORMADO; CARGO COMISSION.S/VINCULO;5613,05;;5613,05;1136,13;4476,92;
ANDREIA PERES DE JESUS LIMA;UNID.INT.ARTIC.COMUNID.UIAC;ASSESSOR II;NAO INFORMADO; CARGO COMISSION.S/VINCULO;4209,79;;4209,79;622,77;3587,02;
ANDREZA RODRIGUES DA SILVA;CASA CIVIL;ASSESSOR I;; CARGO COMISSION.S/VINCULO;5229,77;;5229,77;992,73;4237,04;
ANGELA MARIA SOUZA DE BARROS;CASA CIVIL;ASSISTENTE TECNICO GOVERNAMENTAL;FG-3 DE ASSESSORIA; ESTATUTARIO;5495,02;;5495,02;624,17;4870,85;
ANGELINA SALES DE FREITAS;FUNDO DE PROMOCAO SOCIAL-FPS;ASSESSOR TECNICO;NAO INFORMADO; CARGO COMISSION.S/VINCULO;7000,00;;7000,00;1496,54;5503,46;
ANGELO ROBERTO LOPES DA SILVA;CASA CIVIL;CONSULTOR TECNICO II;NAO INFORMADO; CARGO COMISSION.S/VINCULO;6500,00;;6500,00;1463,32;5036,68;
ANTONIA NIZALIA DA SILVA;CASA CIVIL;CONSULTOR TECNICO III;NAO INFORMADO; CARGO COMISSION.S/VINCULO;5500,00;;5500,00;1093,56;4406,44;
ANTONIA OCINEIDE BOM JESUS;CASA CIVIL;ASSESSOR I;NAO INFORMADO; CARGO COMISSION.S/VINCULO;5229,77;;5229,77;992,73;4237,04;
ANTONIO CARLOS CONCEICAO OLIVEIRA;CASA CIVIL;A.TEC-I;FG-1 CHEFE DE GAB; ESTATUTARIO;7056,46;;7056,46;1295,14;5761,32;
ANTONIO CARLOS FARIAS DO NASCIMENTO;CASA CIVIL;PROFESSOR PF20.LIC-V;ASSESSOR I; ESTATUTARIO;7161,81;;7161,81;813,67;6348,14;
ANTONIO DAVI AGUILA DE SOUZA;CASA CIVIL;CONSULTOR TECNICO II;NAO INFORMADO; CARGO COMISSION.S/VINCULO;6500,00;;6500,00;1463,32;5036,68;
ANTONIO DO NASCIMENTO P AMORIM;CASA CIVIL;ASSESSOR III;NAO INFORMADO; CARGO COMISSION.S/VINCULO;3191,80;;3191,80;379,31;2812,49;
ANTONIO ERIVELTO AQUINO DE OLIVEIRA;CASA CIVIL;ASSESSOR I;; CARGO COMISSION.S/VINCULO;5229,77;;5229,77;992,73;4237,04;
ANTONIO FERREIRA FALCAO;CASA CIVIL;MOT-I;; ESTATUTARIO;4165,20;;4165,20;485,27;3679,93;
ANTONIO FRANCISCO DA SILVA;CASA CIVIL;ASSISTENTE TECNICO;CONSULTOR TECNICO II; ESTATUTARIO;6000,00;;6000,00;519,95;5480,05;
ANTONIO FRANCISCO SILVA CASTRO;CASA CIVIL;MOT-I;; ESTATUTARIO;2841,39;;2841,39;278,52;2562,87;
ANTONIO SANTINO DE SOUZA;CASA CIVIL;A.TEC-I;; ESTATUTARIO;6477,63;;6477,63;1298,12;5179,51;
ARABI AMED E SILVA;CASA CIVIL;ASSISTENTE SOCIAL;FG-2 ASSESSORIA; ESTATUTARIO;5991,90;;5991,90;1059,03;4932,87;
ARLEDNEY CAVALCANTI MENDES;CASA CIVIL;ASSISTENTE TECNICO GOVERNAMENTAL;FG-2 ASSESSORIA; ESTATUTARIO;5686,49;;5686,49;833,24;4853,25;
ARTHUR CESAR ZAHLUTH LINS;CASA CIVIL;ASSESSOR TECNICO;NAO INFORMADO; CARGO COMISSION.S/VINCULO;7000,00;;7000,00;1600,82;5399,18;
ARY RENATO VASCONCELOS DE SOUZA;CASA CIVIL;SECRETARIO EXECUTIVO;NAO INFORMADO; CARGO COMISSION.S/VINCULO;11700,00;;11700,00;2893,32;8806,68;
ATHOS ILKER CORDEIRO VULCAO;CASA CIVIL;ASSESSOR III;NAO INFORMADO; CARGO COMISSION.S/VINCULO;3191,80;;3191,80;379,31;2812,49;
AUDRIA REGINA DE ALBUQUERQUE MOTA;CASA CIVIL;ESCRIVAO DE POL.4A.CL. PC-ESC-IV;ASSESSOR I; ESTATUTARIO;5000,00;;5000,00;453,50;4546,50;
AUGUSTO CESAR TEIXEIRA NASCIMENTO;CASA CIVIL;ASSISTENTE TECNICO GOVERNAMENTAL;FUNCAO GRATIFICADA F; ESTATUTARIO;5026,49;;5026,49;651,74;4374,75;
AUXILIADORA BEZERRA FERREIRA;CASA CIVIL;COZINHEIRO GOVERNAMENTAL;; ESTATUTARIO;2888,04;;2888,04;227,08;2660,96;
AUZEMIR FERNANDES DE ARAUJO;CASA CIVIL;ASSESSOR III;NAO INFORMADO; CARGO COMISSION.S/VINCULO;3191,80;;3191,80;379,31;2812,49;
AYDA MIRTES LUZEIRO LOPES CRUZ;CASA CIVIL;A.TEC-I;FG-1; ESTATUTARIO;6543,86;;6543,86;1132,18;5411,68;
AYLA KAROL DA SILVA ROSARIO FREIRE;FUNDO DE PROMOCAO SOCIAL-FPS;ASSESSOR TECNICO;NAO INFORMADO; CARGO COMISSION.S/VINCULO;7000,00;;7000,00;1600,82;5399,18;
AYRTON SENNA PONCE RAPOSO;CASA CIVIL;ASSESSOR I;NAO INFORMADO; CARGO COMISSION.S/VINCULO;5229,77;;5229,77;992,73;4237,04;
BELMIRA DOS SANTOS DE OLIVEIRA;CASA CIVIL;A.TEC-I;FG-1 CHEFE DE SETOR; ESTATUTARIO;7621,06;;7621,06;1539,07;6081,99;
BERLEI DE SA ARRUDA;CASA CIVIL;ASSESSOR I;; CARGO COMISSION.S/VINCULO;5229,77;;5229,77;992,73;4237,04;
BERNADETH FERREIRA GODINHO;CASA CIVIL;A.TEC-I;FG-1 ASSESSORIA; ESTATUTARIO;6804,91;;6804,91;1203,57;5601,34;
BIANCA ALMEIDA DE ALBUQUERQUE;FUNDO DE PROMOCAO SOCIAL-FPS;ASSESSOR I;NAO INFORMADO; CARGO COMISSION.S/VINCULO;5229,77;;5229,77;992,73;4237,04;
BRENDA QUEIROZ LINS;CASA CIVIL;ASSESSOR II;NAO INFORMADO; CARGO COMISSION.S/VINCULO;4209,79;;4209,79;652,57;3557,22;
BRENO DE SOUZA BRANDAO;FUNDO DE PROMOCAO SOCIAL-FPS;CINEGRAFISTA;ASSESSOR II; ESTATUTARIO;6108,87;;6108,87;1024,63;5084,24;
BRENO PENHA SOUZA SERRA;CASA CIVIL;SECRETARIO EXECUTIVO;NAO INFORMADO; CARGO COMISSION.S/VINCULO;11700,00;;11700,00;2893,32;8806,68;
BRUHNA FIGUEIREDO LIBERATO;CASA CIVIL;CONSULTOR TECNICO III;NAO INFORMADO; CARGO COMISSION.S/VINCULO;5500,00;;5500,00;1093,56;4406,44;
BRUNA ARAUJO MENDES;CASA CIVIL;ASSESSOR I;; CARGO COMISSION.S/VINCULO;5229,77;;5229,77;992,73;4237,04;
CAIO LUIZ GOMES CUNHA;CASA CIVIL;ASSESSOR I;NAO INFORMADO; CARGO COMISSION.S/VINCULO;6973,03;;6973,03;1593,40;5379,63;
CAMILA BERTOLINI DE PAIVA;CASA CIVIL;ASSESSOR TECNICO;NAO INFORMADO; CARGO COMISSION.S/VINCULO;7000,00;;7000,00;1548,68;5451,32;
CANDIDA FERNANDES DE SOUZA;CASA CIVIL;TNS-III;; ESTATUTARIO;6693,42;;6693,42;971,33;5722,09;
CANDIDO ALVIM PEREIRA SOARES JUNIOR;CASA CIVIL;ASSESSOR I;NAO INFORMADO; CARGO COMISSION.S/VINCULO;5229,77;;5229,77;992,73;4237,04;
CARLOS AGUSTIN DA SILVA PALACIO;CASA CIVIL;CHEFE DE DEPARTAMENTO;NAO INFORMADO; CARGO COMISSION.S/VINCULO;5229,77;;5229,77;992,73;4237,04;
CARLOS ALBERTO DE OLIVEIRA NAZARE;CASA CIVIL;ASSISTENTE TECNICO GOVERNAMENTAL;; ESTATUTARIO;3586,28;;3586,28;344,85;3241,43;
CARLOS ALBERTO GONCALVES DE MELO;CASA CIVIL;A.TEC-I;FG-2 GESTOR DE CONT.; ESTATUTARIO;5850,01;;5850,01;900,47;4949,54;
CARLOS ANDRE LIUZZI GOMES;CASA CIVIL;CONSULTOR TECNICO II;NAO INFORMADO; CARGO COMISSION.S/VINCULO;6500,00;;6500,00;1127,90;5372,10;
CARLOS AUGUSTO ALVARENGA DE BARROS;UNID.INT.ARTIC.COMUNID.UIAC;COORDENADOR EXECUTIVO;NAO INFORMADO; CARGO COMISSION.S/VINCULO;11700,00;;11700,00;2893,32;8806,68;
CARLOS AUGUSTO NASCIMENTO NORMANDO;CASA CIVIL;ASSESSOR III;NAO INFORMADO; CARGO COMISSION.S/VINCULO;3191,80;;3191,80;379,31;2812,49;
CARLOS EDUARDO DE CASTRO C ANJOS;CASA CIVIL;ASSESSOR I;NAO INFORMADO; CARGO COMISSION.S/VINCULO;6973,03;;6973,03;1593,40;5379,63;
CARLOS EDUARDO DOS SANTOS GOMES;CASA CIVIL;ASSESSOR I;NAO INFORMADO; CARGO COMISSION.S/VINCULO;5229,77;;5229,77;992,73;4237,04;
CARLOS FABIO PINHEIRO DE OLIVEIRA;CASA CIVIL;ASSESSOR II;NAO INFORMADO; CARGO COMISSION.S/VINCULO;4209,79;;4209,79;622,77;3587,02;
CAROLINA PAZ LORDEIRO LIMA;CASA CIVIL;ASSESSOR II;NAO INFORMADO; CARGO COMISSION.S/VINCULO;4209,79;;4209,79;652,57;3557,22;
CAROLINA SILVA DOS REIS;FUNDO DE PROMOCAO SOCIAL-FPS;ASSESSOR III;NAO INFORMADO; CARGO COMISSION.S/VINCULO;3191,80;;3191,80;379,31;2812,49;
CAROLINE SKROBOT GROSSO LINDENBERG;CASA CIVIL;SECRETARIO EXECUTIVO ADJUNTO;NAO INFORMADO; CARGO COMISSION.S/VINCULO;9000,00;;9000,00;2150,82;6849,18;
CASSIUS CLEY CARNEIRO;CASA CIVIL;ASSESSOR I;; CARGO COMISSION.S/VINCULO;5229,77;;5229,77;792,70;4437,07;
CELIO VICTOR DOS SANTOS SOARES;FUNDO DE PROMOCAO SOCIAL-FPS;ASSESSOR IV;NAO INFORMADO; CARGO COMISSION.S/VINCULO;2575,61;;2575,61;259,85;2315,76;
CEZAR AUGUSTO VIEIRA DE SOUZA;CASA CIVIL;A.OPE-I;ASSESSOR I; ESTATUTARIO;5926,11;;5926,11;921,16;5004,95;
CHRYSTIANNE BRAGA SILVA;CASA CIVIL;CONSULTOR TECNICO LEGISLATIVO II;NAO INFORMADO; CARGO COMISSION.S/VINCULO;8666,67;;8666,67;2059,15;6607,52;
CLARA LUIZA SOARES DA SILVA;CASA CIVIL;CONSULTOR TECNICO LEGISLATIVO III;NAO INFORMADO; CARGO COMISSION.S/VINCULO;5500,00;;5500,00;1093,56;4406,44;
CLAUDEMIR CHAVES FEITOSA;CASA CIVIL;ASSESSOR II;NAO INFORMADO; CARGO COMISSION.S/VINCULO;4209,79;;4209,79;652,57;3557,22;
CLAUDIA AMED E SILVA;CASA CIVIL;ASSESSOR I;NAO INFORMADO; CARGO COMISSION.S/VINCULO;5229,77;;5229,77;992,73;4237,04;
CLAUDIO DA SILVA PEREIRA;UNID.DE GESTAO INTEGRADA - UGI;ASSESSOR III;NAO INFORMADO; CARGO COMISSION.S/VINCULO;3191,80;;3191,80;360,24;2831,56;
CLEBER BERNARDES FERREIRA FILHO;CASA CIVIL;CONSULTOR TECNICO LEGISLATIVO I;NAO INFORMADO; CARGO COMISSION.S/VINCULO;7500,00;;7500,00;1738,32;5761,68;
CLEONICE LIMA DOS REIS;CASA CIVIL;ASSISTENTE TECNICO GOVERNAMENTAL;FG-3; ESTATUTARIO;5026,49;;5026,49;651,74;4374,75;
CLISSYANNE BRAGA ARAUJO;CASA CIVIL;ASSESSOR I;NAO INFORMADO; CARGO COMISSION.S/VINCULO;5229,77;;5229,77;992,73;4237,04;
COSMO VASCONCELOS DE CARVALHO;CASA CIVIL;A.TEC-I;; ESTATUTARIO;3959,98;;3959,98;429,09;3530,89;
CRISTIANO XIMENES LEITÃO;FUNDO DE PROMOCAO SOCIAL-FPS;ASSESSOR III;NAO INFORMADO; CARGO COMISSION.S/VINCULO;3191,80;;3191,80;379,31;2812,49;
CRISTINA LUCIANA MOREIRA R PARENTE;CASA CIVIL;ASSESSOR TECNICO;NAO INFORMADO; CARGO COMISSION.S/VINCULO;7000,00;;7000,00;1600,82;5399,18;
DAIANE SILVA VASCONCELOS;CASA CIVIL;ASSESSOR I;NAO INFORMADO; CARGO COMISSION.S/VINCULO;5229,77;;5229,77;992,73;4237,04;
DAIANE VIEIRA DOS SANTOS;CASA CIVIL;ASSESSOR TECNICO;NAO INFORMADO; CARGO COMISSION.S/VINCULO;7000,00;;7000,00;1600,82;5399,18;
DALTON DAS NEVES PICANCO;CASA CIVIL;TECNICO GOVERNAMENTAL;TEC IV SUP 3 CLASSE; ESTATUTARIO;3104,64;;3104,64;449,21;2655,43;
DANIEL COSTA DE MELO;CASA CIVIL;ASSESSOR I;; CARGO COMISSION.S/VINCULO;5229,77;;5229,77;992,73;4237,04;
DANIEL GOMES PINHO;CASA CIVIL;ASSESSOR II;NAO INFORMADO; CARGO COMISSION.S/VINCULO;4209,79;;4209,79;652,57;3557,22;
DANIEL MOREIRA DA COSTA;CASA CIVIL;CONSULTOR TECNICO II;NAO INFORMADO; CARGO COMISSION.S/VINCULO;6500,00;;6500,00;1306,91;5193,09;
DANIELA BARRONCAS HOLANDA DIAS;CASA CIVIL;ASSESSOR TECNICO;; CARGO COMISSION.S/VINCULO;7000,00;;7000,00;1548,68;5451,32;
DANIELA TOILZA NUNES;CASA CIVIL;ASSESSOR II;; CARGO COMISSION.S/VINCULO;4209,79;;4209,79;594,34;3615,45;
DANIELLE FERNANDES AMORIM;CASA CIVIL;ASSESSOR TECNICO;NAO INFORMADO; CARGO COMISSION.S/VINCULO;9333,33;;9333,33;2242,48;7090,85;
DANIELLE NATALIA FREIRE DE OLIVEIRA;CASA CIVIL;CONSULTOR TECNICO LEGISLATIVO III;NAO INFORMADO; CARGO COMISSION.S/VINCULO;5500,00;;5500,00;997,54;4502,46;
DANILO GONCALVES DE SOUZA JUNIOR;FUNDO DE PROMOCAO SOCIAL-FPS;ASSISTENTE TECNICO;CHEFE DE GABINETE; ESTATUTARIO;6333,33;;6333,33;872,31;5461,02;
DAVI MARQUES LITAIFF;CASA CIVIL;ASSESSOR I;; CARGO COMISSION.S/VINCULO;5229,77;;5229,77;992,73;4237,04;
DAVID ALCANTARA DE OLIVEIRA PITA;CASA CIVIL;ASSESSOR TECNICO;NAO INFORMADO; CARGO COMISSION.S/VINCULO;7000,00;;7000,00;1600,82;5399,18;
DAVID BARROSO DE SOUZA;CASA CIVIL;ASSESSOR I;NAO INFORMADO; DISP. OUTROS ESFERAS;5649,02;;5649,02;1060,81;4588,21;
DAVID MOURAO CORREA;CASA CIVIL;MOT-I;; ESTATUTARIO;3066,49;;3066,49;281,19;2785,30;
DAVID PINTO DE BARROS;CASA CIVIL;ASSESSOR III;NAO INFORMADO; CARGO COMISSION.S/VINCULO;3191,80;;3191,80;360,24;2831,56;
DAYANE BENTES DOS REIS;FUNDO DE PROMOCAO SOCIAL-FPS;ASSESSOR III;NAO INFORMADO; CARGO COMISSION.S/VINCULO;3191,80;;3191,80;379,31;2812,49;
DERMILSON DE SOUZA ARAUJO;CASA CIVIL;A.TEC-II;FG-1; ESTATUTARIO;6025,00;;6025,00;578,09;5446,91;
DEVALCI AMORIM FERREIRA;CASA CIVIL;CONSULTOR TECNICO III;NAO INFORMADO; CARGO COMISSION.S/VINCULO;5500,00;;5500,00;1093,56;4406,44;
DIEGO BEZERRA PERES;CASA CIVIL;ASSESSOR I;NAO INFORMADO; CARGO COMISSION.S/VINCULO;5229,77;;5229,77;992,73;4237,04;
DIEGO HENRIQUE SANTOS DOS ANJOS;CASA CIVIL;ASSESSOR I;NAO INFORMADO; CARGO COMISSION.S/VINCULO;5229,77;;5229,77;992,73;4237,04;
DIEGO RABELO DE OLIVEIRA;FUNDO DE PROMOCAO SOCIAL-FPS;ASSESSOR III;NAO INFORMADO; CARGO COMISSION.S/VINCULO;3191,80;;3191,80;379,31;2812,49;
DIENIFFER FERREIRA DA COSTA;CASA CIVIL;ASSESSOR I;NAO INFORMADO; CARGO COMISSION.S/VINCULO;5229,77;;5229,77;992,73;4237,04;
DILENE MARIA DA COSTA GONCALVES;CASA CIVIL;ASSESSOR I;ASSESSOR I AD 1; CARGO COMISSION.S/VINCULO;5229,77;;5229,77;992,73;4237,04;
DJALMA MARTINS DA COSTA JUNIOR;CASA CIVIL;SECRETARIO EXECUTIVO ADJUNTO;NAO INFORMADO; CARGO COMISSION.S/VINCULO;9000,00;;9000,00;2150,82;6849,18;
DOUGLAS GALVÃO MONTEIRO;CASA CIVIL;ASSESSOR I;NAO INFORMADO; CARGO COMISSION.S/VINCULO;5229,77;;5229,77;992,73;4237,04;
DOUGLAS MARTINS BENAION;CASA CIVIL;A.TEC-I;FG-2 ASSESSORIA; ESTATUTARIO;6055,20;;6055,20;650,59;5404,61;
EDBERG MEDEIROS SOARES;CASA CIVIL;CONSULTOR TECNICO II;CONSULTOR TECNICO II; CARGO COMISSION.S/VINCULO;8000,00;;8000,00;1875,82;6124,18;
EDER DA SILVA MELO;UNID.INT.ARTIC.COMUNID.UIAC;ASSESSOR II AD-2;NAO INFORMADO; CARGO COMISSION.S/VINCULO;4209,79;;4209,79;652,57;3557,22;
EDIANE SALES VENÂNCIO;FUNDO DE PROMOCAO SOCIAL-FPS;SECRETARIO EXECUTIVO ADJUNTO;NAO INFORMADO; CARGO COMISSION.S/VINCULO;9000,00;;9000,00;2098,68;6901,32;
EDIMIRK DE VASCONCELOS COSTA;CASA CIVIL;ASSESSOR I;NAO INFORMADO; CARGO COMISSION.S/VINCULO;5229,77;;5229,77;950,08;4279,69;
EDISSANDRA OLIVEIRA GUIMARAES;CASA CIVIL;AGENTE PREVIDENCIARIO;CONS. TECNICO III; ESTATUTARIO;5000,00;;5000,00;980,84;4019,16;
EDNA MACHADO MELLO;CASA CIVIL;A.TEC-I;; ESTATUTARIO;6816,24;;6816,24;1421,38;5394,86;
EDNELZA COSTA DE LIMA;CASA CIVIL;ASSESSOR IV;NAO INFORMADO; CARGO COMISSION.S/VINCULO;2575,61;;2575,61;259,85;2315,76;
EDSON BRANDAO DO NASCIMENTO;CASA CIVIL;REDATOR GOVERNAMENTAL;FG-1 CHEFE DE SETOR; ESTATUTARIO;6012,51;;6012,51;924,67;5087,84;
EDUARDO GONCALVES DE A JUNIOR;CASA CIVIL;MOT-I;; ESTATUTARIO;3066,49;;3066,49;296,51;2769,98;
ELIAS RODRIGUES VERAS;CASA CIVIL;ASSESSOR III;NAO INFORMADO; CARGO COMISSION.S/VINCULO;3191,80;;3191,80;379,31;2812,49;
ELIDIANE PAES BONFIM;CASA CIVIL;ASSESSOR TECNICO;NAO INFORMADO; CARGO COMISSION.S/VINCULO;7000,00;;7000,00;1600,82;5399,18;
ELINELSON FERREIRA COLARES;CASA CIVIL;CONSULTOR TECNICO III;NAO INFORMADO; CARGO COMISSION.S/VINCULO;5500,00;;5500,00;1093,56;4406,44;
ELISANDRA CESAR DE QUEIROZ PROENCA;FUNDO DE PROMOCAO SOCIAL-FPS;ASSESSOR TECNICO;NAO INFORMADO; CARGO COMISSION.S/VINCULO;7000,00;;7000,00;1600,82;5399,18;
ELISANGELA GARCIA ARAUJO;CASA CIVIL;ASSESSOR TECNICO;NAO INFORMADO; CARGO COMISSION.S/VINCULO;7000,00;;7000,00;1600,82;5399,18;
ELISVALDO MARQUES VALE;FUNDO DE PROMOCAO SOCIAL-FPS;ASSESSOR III;NAO INFORMADO; CARGO COMISSION.S/VINCULO;3191,80;;3191,80;346,02;2845,78;
ELIZA CATARINA DE MELO BERNARDO;CASA CIVIL;ASSISTENTE TECNICO GOVERNAMENTAL;FG-3 ASSESSORIA; ESTATUTARIO;4835,02;;4835,02;600,14;4234,88;
ELIZABETH AMORIM CARPINTEIRO PERES;FUNDO DE PROMOCAO SOCIAL-FPS;ASSESSOR II;NAO INFORMADO; CARGO COMISSION.S/VINCULO;4209,79;;4209,79;652,57;3557,22;
ELIZABETH SOARES RAPOSO;CASA CIVIL;A.TEC-I;ASSESSOR I; ESTATUTARIO;5991,37;;5991,37;842,13;5149,24;
ELIZAMARA MOREIRA DOS S AZEVEDO;CASA CIVIL;ASSESSOR III;; CARGO COMISSION.S/VINCULO;3191,80;;3191,80;379,31;2812,49;
ELSO SIMOES DE OLIVEIRA;CASA CIVIL;ASSESSOR I;NAO INFORMADO; CARGO COMISSION.S/VINCULO;5229,77;;5229,77;992,73;4237,04;
ELY FELETE BARBOSA DE SOUZA;CASA CIVIL;ASSESSOR I;NAO INFORMADO; CARGO COMISSION.S/VINCULO;5229,77;;5229,77;950,08;4279,69;
EMANUELLE RODRIGUES DE FIGUEIREDO;CASA CIVIL;ASSESSOR I;NAO INFORMADO; CARGO COMISSION.S/VINCULO;5229,77;;5229,77;992,73;4237,04;
EMERSON LIMA DO CARMO;CASA CIVIL;CONSULTOR TECNICO III;NAO INFORMADO; CARGO COMISSION.S/VINCULO;5500,00;;5500,00;1093,56;4406,44;
ERILANE RODRIGUES DA SILVA;FUNDO DE PROMOCAO SOCIAL-FPS;ASSESSOR TECNICO;NAO INFORMADO; CARGO COMISSION.S/VINCULO;7000,00;;7000,00;1496,54;5503,46;
ERISANGELA MATOS MEIRELES;FUNDO DE PROMOCAO SOCIAL-FPS;SECRETARIO EXECUTIVO ADJUNTO;NAO INFORMADO; CARGO COMISSION.S/VINCULO;9000,00;;9000,00;2150,82;6849,18;
ERLEN CRUZ DO AMARAL;CASA CIVIL;ASSESSOR I;NAO INFORMADO; CARGO COMISSION.S/VINCULO;5229,77;;5229,77;992,73;4237,04;
ESTANISLAU GASPAR FERNANDES;CASA CIVIL;A.TEC-I;FG-1 ASSESSORIA; ESTATUTARIO;6701,13;;6701,13;1165,79;5535,34;
ESTHER OLIVA VELOSO RENGIFO;FUNDO DE PROMOCAO SOCIAL-FPS;ASSESSOR I;; CARGO COMISSION.S/VINCULO;5229,77;;5229,77;992,73;4237,04;
ETA PEREIRA CASTELO BRANCO;CASA CIVIL;PROCURADOR JUR.1A.CLASSE-NS.131.20;PROCURADOR JURIDICO; ESTATUTARIO;28422,37;;28422,37;9221,50;19200,87;
ETELVINA DE CASSIA PERES VICTORIA;CASA CIVIL;A.TEC-I;FG-2 DE ASSESSORIA; ESTATUTARIO;5610,34;;5610,34;832,79;4777,55;
ETHEL MARINHO IRIGARAY;FUNDO DE PROMOCAO SOCIAL-FPS;ASSESSOR TECNICO;NAO INFORMADO; CARGO COMISSION.S/VINCULO;7000,00;;7000,00;1600,82;5399,18;
EUZA KARLA NAZARE DE BRITO OLIVEIRA;FUNDO DE PROMOCAO SOCIAL-FPS;ASSESSOR I;NAO INFORMADO; CARGO COMISSION.S/VINCULO;6973,03;;6973,03;1489,13;5483,90;
EVANILDO PINTO ALMEIDA;CASA CIVIL;MOT-I;; ESTATUTARIO;3846,13;;3846,13;414,49;3431,64;
EWERTON RIBEIRO TEIXEIRA;CASA CIVIL;ASSESSOR III;NAO INFORMADO; CARGO COMISSION.S/VINCULO;3191,80;;3191,80;379,31;2812,49;
FABIANA ANDRADE BARBOSA;FUNDO DE PROMOCAO SOCIAL-FPS;ASSESSOR I;NAO INFORMADO; CARGO COMISSION.S/VINCULO;5229,77;;5229,77;992,73;4237,04;
FABIANO DOMINGOS FIORI;CASA CIVIL;TNS-I;TEC NIVEL SUPERIOR; ESTATUTARIO;4820,73;;4820,73;802,07;4018,66;
FABIOLA RODRIGUES FIGUEIRA;CASA CIVIL;ASSESSOR TECNICO;NAO INFORMADO; CARGO COMISSION.S/VINCULO;7000,00;;7000,00;1600,82;5399,18;
FABIOLA XAVIER DESTERRO E SILVA;CASA CIVIL;PROFESSOR PF40.LPL-IV;CHEF.ADJ.CONS.T-LEGI; ESTATUTARIO;12536,50;;12536,50;3028,48;9508,02;
FELIPE CARNEIRO CHAVES;CASA CIVIL;ASSESSOR I;NAO INFORMADO; DISP. OUTROS ESFERAS;5000,00;;5000,00;505,64;4494,36;
FELIPE CRUZ FERNANDES;CASA CIVIL;ASSESSOR I;NAO INFORMADO; CARGO COMISSION.S/VINCULO;5229,77;;5229,77;992,73;4237,04;
FERNANDA SANTOS SILVA;CASA CIVIL;CONSULTOR TECNICO III;NAO INFORMADO; CARGO COMISSION.S/VINCULO;5500,00;;5500,00;1041,42;4458,58;
FLAVIA SOUZA DOS SANTOS;CASA CIVIL;ASSESSOR II;NAO INFORMADO; CARGO COMISSION.S/VINCULO;4209,79;;4209,79;652,57;3557,22;
FLAVIA STHEPHAINNY SILVA DE SOUZA;FUNDO DE PROMOCAO SOCIAL-FPS;ASSESSOR I;NAO INFORMADO; CARGO COMISSION.S/VINCULO;6973,03;;6973,03;1593,40;5379,63;
FLAVIO CORDEIRO ANTONY FILHO;CASA CIVIL;SECRETARIO DE ESTADO;NAO INFORMADO; CARGO COMISSION.S/VINCULO;28060,00;;28060,00;7392,32;20667,68;
FRANCISCA EVANILDE COSTA DA SILVA;CASA CIVIL;ASSESSOR II;ASSESSOR II AD-2; CARGO COMISSION.S/VINCULO;4209,79;;4209,79;652,57;3557,22;
FRANCISCA HELENA DE SOUZA DA SILVA;CASA CIVIL;ASSESSOR TECNICO;; CARGO COMISSION.S/VINCULO;7000,00;;7000,00;1548,68;5451,32;
FRANCISCO ALEXANDRE CORREA DE MELO;FUNDO DE PROMOCAO SOCIAL-FPS;ASSESSOR TECNICO;NAO INFORMADO; CARGO COMISSION.S/VINCULO;7000,00;;7000,00;1600,82;5399,18;
FRANCISCO ALEXANDRE DOS ANJOS COSTA;CASA CIVIL;OPERADOR DE AUDIO DE TV;FG-1; ESTATUTARIO;4257,75;;4257,75;523,43;3734,32;
FRANCISCO DAS CHAGAS DA SILVA;CASA CIVIL;SUB-TENENTE;ASSESSOR I; ESTATUTARIO;5000,00;;5000,00;505,64;4494,36;
FRANCISCO DEODATO GUIMARAES;CASA CIVIL;MEDICO 2A CLASSE;ASSESSOR TECNICO; ESTATUTARIO;7575,42;;7575,42;1373,79;6201,63;
FRANCISCO EDNEY ESTEVES DA COSTA;CASA CIVIL;ASSESSOR IV;NAO INFORMADO; CARGO COMISSION.S/VINCULO;2575,61;;2575,61;259,85;2315,76;
FRANCISCO FERREIRA ALVES NETO;FUNDO DE PROMOCAO SOCIAL-FPS;ASSESSOR II;NAO INFORMADO; CARGO COMISSION.S/VINCULO;4209,79;;4209,79;542,07;3667,72;
FRANCISCO LIMA DA SILVA;FUNDO DE PROMOCAO SOCIAL-FPS;ASSESSOR II;NAO INFORMADO; CARGO COMISSION.S/VINCULO;4209,79;;4209,79;652,57;3557,22;
FRANCISCO PEREIRA DE SOUZA;FUNDO DE PROMOCAO SOCIAL-FPS;ASSESSOR I;NAO INFORMADO; CARGO COMISSION.S/VINCULO;5229,77;;5229,77;992,73;4237,04;
FRANCISCO PEREIRA GOMES;CASA CIVIL;MOT-I;; ESTATUTARIO;2841,39;;2841,39;278,52;2562,87;
FRANCISCO RICARDO PEREIRA FERNANDES;CASA CIVIL;CHEFE ADJUNTO DA CTL;; CARGO COMISSION.S/VINCULO;10800,00;;10800,00;2645,82;8154,18;
FRANCISCO SOARES DE MOURA;CASA CIVIL;MOT-I;FG-2; ESTATUTARIO;5972,45;;5972,45;937,15;5035,30;
GABRIEL DE OLIVEIRA RIBEIRO;UNID.DE GESTAO INTEGRADA - UGI;ASSESSOR I;NAO INFORMADO; CARGO COMISSION.S/VINCULO;5229,77;;5229,77;992,73;4237,04;
GABRIEL RAIKER ABRAHIM;CASA CIVIL;ASSESSOR II;NAO INFORMADO; CARGO COMISSION.S/VINCULO;4209,79;;4209,79;652,57;3557,22;
GABRIELA BRAGA MATOS DE PAULO;CASA CIVIL;ASSESSOR II;NAO INFORMADO; CARGO COMISSION.S/VINCULO;4209,79;;4209,79;652,57;3557,22;
GASPAR ALBERTO DE PAULA SILVA;FUNDO DE PROMOCAO SOCIAL-FPS;ASSESSOR II;; CARGO COMISSION.S/VINCULO;4209,79;;4209,79;652,57;3557,22;
GEORDANA SIMONSEN LIMA DE ARAUJO;CASA CIVIL;ASSESSOR I;NAO INFORMADO; CARGO COMISSION.S/VINCULO;5229,77;;5229,77;992,73;4237,04;
GEORGIA MARIA MENDES JORGE DA SILVA;CASA CIVIL;ASSESSOR II;NAO INFORMADO; CARGO COMISSION.S/VINCULO;4209,79;;4209,79;652,57;3557,22;
GERALDO ALBANO DE SOUZA;CASA CIVIL;TNS-III;TEC.NIVEL SUPERIOR; ESTATUTARIO;6061,58;;6061,58;1232,07;4829,51;
GERSON RODRIGUES IBERNOM;CASA CIVIL;ASSESSOR II;NAO INFORMADO; CARGO COMISSION.S/VINCULO;5613,05;;5613,05;1136,13;4476,92;
GESSICA HULY DA SILVA FERREIRA;CASA CIVIL;ASSESSOR I;; CARGO COMISSION.S/VINCULO;5229,77;;5229,77;992,73;4237,04;
GILBERTO DOS SANTOS CARNEIRO;CASA CIVIL;MOT-I;; ESTATUTARIO;4051,35;;4051,35;386,20;3665,15;
GILDENI DE CASTRO UCHOA;CASA CIVIL;ASSESSOR II;NAO INFORMADO; CARGO COMISSION.S/VINCULO;4209,79;;4209,79;652,57;3557,22;
GILDO DA COSTA;CASA CIVIL;ASSESSOR I;NAO INFORMADO; CARGO COMISSION.S/VINCULO;5229,77;;5229,77;992,73;4237,04;
GIMES GAMA DA SILVA;CASA CIVIL;ASSESSOR III;NAO INFORMADO; CARGO COMISSION.S/VINCULO;3191,80;;3191,80;379,31;2812,49;
GIOVANNA CAMPBELL DA FONSECA ALVES;CASA CIVIL;ASSESSOR II;NAO INFORMADO; CARGO COMISSION.S/VINCULO;4209,79;;4209,79;652,57;3557,22;
GISELE DA SILVA ANSELMO;CASA CIVIL;ASSESSOR I;NAO INFORMADO; CARGO COMISSION.S/VINCULO;5229,77;;5229,77;992,73;4237,04;
GISELLE NASCIMENTO CODA DOS SANTOS;CASA CIVIL;ASSESSOR TECNICO;NAO INFORMADO; CARGO COMISSION.S/VINCULO;7000,00;;7000,00;1600,82;5399,18;
GIULIA REGINA MARTINS VIEIRA;CASA CIVIL;ASSESSOR I;ASSESSOR I AD-1; CARGO COMISSION.S/VINCULO;5229,77;;5229,77;992,73;4237,04;
GLAUCIA OLIVEIRA NUNES;FUNDO DE PROMOCAO SOCIAL-FPS;DIRETOR ADMINISTRATIVO E FINANCEIRO;NAO INFORMADO; CARGO COMISSION.S/VINCULO;7200,00;;7200,00;1655,82;5544,18;
GLAURACY BENEVIDES CORREA;CASA CIVIL;ASSESSOR II;ASSESSOR II AD-2; CARGO COMISSION.S/VINCULO;4209,79;;4209,79;652,57;3557,22;
GLEICIANE MARTINS MOREIRA;FUNDO DE PROMOCAO SOCIAL-FPS;ASSESSOR I;; CARGO COMISSION.S/VINCULO;5229,77;;5229,77;992,73;4237,04;
GLENDA MARGARETH DE A J D MENEZES;CASA CIVIL;ASSESSOR I;NAO INFORMADO; CARGO COMISSION.S/VINCULO;5229,77;;5229,77;992,73;4237,04;
GLORIA CRISTINA BRAGA DE LIMA;CASA CIVIL;ASSESSOR I;NAO INFORMADO; CARGO COMISSION.S/VINCULO;5229,77;;5229,77;992,73;4237,04;
GLORIA HONORAIDA DE LIMA;CASA CIVIL;TECNICO DE ENFERMAGEM A;ASSESSOR I; ESTATUTARIO;5787,71;;5787,71;750,08;5037,63;
GLORIA RAQUEL CAVALCANTE MENDONÇA;CASA CIVIL;ASSESSOR I;NAO INFORMADO; CARGO COMISSION.S/VINCULO;5229,77;;5229,77;992,73;4237,04;
GUSTAVO TALYSON LEITE SIMEAO;CASA CIVIL;ASSESSOR III;; CARGO COMISSION.S/VINCULO;3191,80;;3191,80;379,31;2812,49;
HAMIDA ISSA YACUB;CASA CIVIL;CONSULTOR TECNICO III;CONSULTOR TEC. III; CARGO COMISSION.S/VINCULO;5500,00;;5500,00;1093,56;4406,44;
HENRIQUE CICERO DE SENA RAIOL;FUNDO DE PROMOCAO SOCIAL-FPS;ASSESSOR II;NAO INFORMADO; CARGO COMISSION.S/VINCULO;4209,79;;4209,79;652,57;3557,22;
HENRIQUE VIDAL ISRAEL DOS SANTOS;CASA CIVIL;CONSULTOR TECNICO LEGISLATIVO II;; CARGO COMISSION.S/VINCULO;6500,00;;6500,00;1463,32;5036,68;
HERON DE SOUZA MOREIRA;CASA CIVIL;ASSESSOR II;NAO INFORMADO; CARGO COMISSION.S/VINCULO;4209,79;;4209,79;652,57;3557,22;
HESTON SILVA DE QUEIROZ;CASA CIVIL;A.TEC-II;FG-1; ESTATUTARIO;6033,19;;6033,19;884,56;5148,63;
HUDSON ANTONIO CRISTO BRAGA;CASA CIVIL;ASSESSOR I;NAO INFORMADO; CARGO COMISSION.S/VINCULO;6973,03;;6973,03;1489,13;5483,90;
ILNAH MARIA LIMA MONTEIRO DE CASTRO;CASA CIVIL;CONSULTOR TECNICO LEGISLATIVO II;NAO INFORMADO; CARGO COMISSION.S/VINCULO;6500,00;;6500,00;1411,18;5088,82;
INGRID QUEIROZ CASSIO;CASA CIVIL;ASSESSOR I;; CARGO COMISSION.S/VINCULO;5229,77;;5229,77;992,73;4237,04;
IRIS TANARA LITAIFF DE SÃO P AGUIAR;CASA CIVIL;ASSESSOR II;NAO INFORMADO; CARGO COMISSION.S/VINCULO;4209,79;;4209,79;652,57;3557,22;
IVA DA COSTA FERREIRA;CASA CIVIL;A.TEC-I;FG-3; ESTATUTARIO;5872,30;;5872,30;967,35;4904,95;
IVANETE RAMOS DE PAULA;CASA CIVIL;TNS-II;FUNCAO GRATIFICADA F; ESTATUTARIO;8072,76;;8072,76;1598,27;6474,49;
IVANILDE LIMA MACHADO VIANA;FUNDO DE PROMOCAO SOCIAL-FPS;ASSESSOR II;NAO INFORMADO; CARGO COMISSION.S/VINCULO;4209,79;;4209,79;652,57;3557,22;
IZOLDA BRANDAO ARMELAU;CASA CIVIL;REDATOR GOVERNAMENTAL;; ESTATUTARIO;3796,47;;3796,47;378,47;3418,00;
JAIME BARBOSA REZENDE;CASA CIVIL;AUX.O-I;FG-1; ESTATUTARIO;6175,97;;6175,97;862,44;5313,53;
JANAINA PITALUGA MORENO;CASA CIVIL;ASSESSOR I;ASSESSOR I AD 1; CARGO COMISSION.S/VINCULO;5229,77;;5229,77;950,08;4279,69;
JANE CRISTINA DE V MONTEIRO;CASA CIVIL;ASSESSOR II;NAO INFORMADO; CARGO COMISSION.S/VINCULO;4209,79;;4209,79;652,57;3557,22;
JANE KELLY VASQUES DE OLIVEIRA;CASA CIVIL;ASSESSOR I;NAO INFORMADO; CARGO COMISSION.S/VINCULO;5229,77;;5229,77;950,08;4279,69;
JANIO DE SOUZA ALVES;CASA CIVIL;ASSESSOR I;NAO INFORMADO; CARGO COMISSION.S/VINCULO;5229,77;;5229,77;992,73;4237,04;
JANIO TORRES BARROS;CASA CIVIL;ASSISTENTE TECNICO GOVERNAMENTAL;FG-1; ESTATUTARIO;6196,47;;6196,47;974,38;5222,09;
JASON MILLER FIGUEIREDO DA COSTA;CASA CIVIL;ASSESSOR TECNICO;NAO INFORMADO; CARGO COMISSION.S/VINCULO;7000,00;;7000,00;1548,68;5451,32;
JAYLENE BRANDAO PAULA;CASA CIVIL;ASSISTENTE TECNICO GOVERNAMENTAL;FG-2 ASSESSORIA; ESTATUTARIO;5495,02;;5495,02;780,59;4714,43;
JENNIFER LIMA DE ARAUJO PEREIRA;CASA CIVIL;INVEST.DE POL. 4A.CL. PC-INV.IV;ASSESSOR I, AD-1; ESTATUTARIO;5000,00;;5000,00;453,50;4546,50;
JHENNY KELLY GOMES DE MORAES;FUNDO DE PROMOCAO SOCIAL-FPS;ASSESSOR III;NAO INFORMADO; CARGO COMISSION.S/VINCULO;3191,80;;3191,80;379,31;2812,49;
JHONANTAN SAMPAIO COSTA;CASA CIVIL;CONSULTOR TECNICO III;NAO INFORMADO; CARGO COMISSION.S/VINCULO;5500,00;;5500,00;1093,56;4406,44;
JOÃO VICTOR LIMA CORDEIRO;CASA CIVIL;ASSESSOR III;NAO INFORMADO; CARGO COMISSION.S/VINCULO;3191,80;;3191,80;379,31;2812,49;
JOANA VITA MORAES DE SOUZA MORILLAS;CASA CIVIL;TNS-I;FG-1 ASSESSORIA; ESTATUTARIO;11352,59;;11352,59;2949,71;8402,88;
JOAO CARLOS RODRIGUES DE S JUNIOR;CASA CIVIL;CONSULTOR TECNICO I;NAO INFORMADO; CARGO COMISSION.S/VINCULO;7500,00;;7500,00;1738,32;5761,68;
JOAO DANILO PINTO;CASA CIVIL;MOT-I;; ESTATUTARIO;4072,45;;4072,45;455,57;3616,88;
JOAO IRIMAR DA SILVA CRUZ;CASA CIVIL;ASSESSOR II;NAO INFORMADO; CARGO COMISSION.S/VINCULO;4209,79;;4209,79;652,57;3557,22;
JOAO LUIZ SOUZA AZEVEDO;CASA CIVIL;SECRETARIO EXECUTIVO ADJUNTO;NAO INFORMADO; CARGO COMISSION.S/VINCULO;9000,00;;9000,00;2150,82;6849,18;
JOAO SILVA MARQUES;CASA CIVIL;ASSESSOR II;NAO INFORMADO; CARGO COMISSION.S/VINCULO;4209,79;;4209,79;652,57;3557,22;
JOAO VICTOR DE ALENCAR BRANDAO;CASA CIVIL;ASSESSOR III;NAO INFORMADO; CARGO COMISSION.S/VINCULO;3191,80;;3191,80;379,31;2812,49;
JOAQUIM MARQUES DOS SANTOS NETO;CASA CIVIL;ASSESSOR I;NAO INFORMADO; CARGO COMISSION.S/VINCULO;5229,77;;5229,77;992,73;4237,04;
JOCIMAR DUARTE DA ROCHA;CASA CIVIL;A.TEC-I;FG-1 CHEFE DE SETOR; ESTATUTARIO;9765,31;;9765,31;2229,12;7536,19;
JOEBER BELEM TEIXEIRA;CASA CIVIL;CONSULTOR TECNICO III;NAO INFORMADO; CARGO COMISSION.S/VINCULO;5500,00;;5500,00;997,54;4502,46;
JOEL JUNIOR BENICIO DE LIMA;CASA CIVIL;CONSULTOR TECNICO II;NAO INFORMADO; CARGO COMISSION.S/VINCULO;6500,00;;6500,00;1463,32;5036,68;
JORGE DO NASCIMENTO GOMES;CASA CIVIL;A.TEC-I;ASSESSOR I; ESTATUTARIO;5878,09;;5878,09;903,08;4975,01;
JORGE GUEDES LOBO JUNIOR;CASA CIVIL;ASSESSOR I;; CARGO COMISSION.S/VINCULO;5229,77;;5229,77;992,73;4237,04;
JORGE HELENO MELO CAVALCANTE;CASA CIVIL;ASSESSOR II;; CARGO COMISSION.S/VINCULO;4209,79;;4209,79;652,57;3557,22;
JORGE VICTOR ARAUJO GONCALES;CASA CIVIL;ASSESSOR II;NAO INFORMADO; CARGO COMISSION.S/VINCULO;4209,79;;4209,79;652,57;3557,22;
JORGE WILLES LIRA CARDOSO;CASA CIVIL;ASSESSOR II;NAO INFORMADO; CARGO COMISSION.S/VINCULO;4209,79;;4209,79;652,57;3557,22;
JOSE AGAPITO DA SILVEIRA;CASA CIVIL;A.TEC-II;; ESTATUTARIO;3886,46;;3886,46;407,02;3479,44;
JOSE AMERICO MORAES DA COSTA;CASA CIVIL;ASSESSOR III;NAO INFORMADO; CARGO COMISSION.S/VINCULO;3191,80;;3191,80;379,31;2812,49;
JOSE CARLOS FERREIRA DO NASCIMENTO;CASA CIVIL;ASSESSOR III;NAO INFORMADO; CARGO COMISSION.S/VINCULO;3191,80;;3191,80;379,31;2812,49;
JOSE CARLOS RABELO;CASA CIVIL;ASSESSOR I;NAO INFORMADO; CARGO COMISSION.S/VINCULO;5229,77;;5229,77;992,73;4237,04;
JOSE COUTINHO MARREIRA;UNID.INT.ARTIC.COMUNID.UIAC;ASSESSOR I;NAO INFORMADO; CARGO COMISSION.S/VINCULO;5229,77;;5229,77;992,73;4237,04;
JOSE DE AQUINO FREIRE;CASA CIVIL;A.TEC-I;FG-2 DE ASSESSORIA; ESTATUTARIO;9018,57;;9018,57;2053,94;6964,63;
JOSE FRANCISCO SANTOS SILVA;CASA CIVIL;ASSESSOR I;NAO INFORMADO; CARGO COMISSION.S/VINCULO;5229,77;;5229,77;992,73;4237,04;
JOSE MARANHÃO RODRIGUES;UNID.DE GESTAO INTEGRADA - UGI;ASSESSOR I;NAO INFORMADO; CARGO COMISSION.S/VINCULO;5229,77;;5229,77;992,73;4237,04;
JOYCIANE RODRIGUES MENDES;CASA CIVIL;ASSESSOR I;; CARGO COMISSION.S/VINCULO;6973,03;;6973,03;1593,40;5379,63;
JULIANA ARAUJO RIOS;CASA CIVIL;ASSESSOR III;; CARGO COMISSION.S/VINCULO;3191,80;;3191,80;379,31;2812,49;
JULIETA BARROS BRANDAO C PEREIRA;CASA CIVIL;PROFESSOR;CONSULTOR TECNICO LE; ESTATUTARIO;8076,54;;8076,54;1562,46;6514,08;
JULIO CESAR SILVA CAMPOS;CASA CIVIL;ASSESSOR TECNICO;NAO INFORMADO; CARGO COMISSION.S/VINCULO;7000,00;;7000,00;1600,82;5399,18;
JULIO CONCEIÇÃO BRASIL DA SILVA;CASA CIVIL;ASSESSOR II;NAO INFORMADO; CARGO COMISSION.S/VINCULO;5613,05;;5613,05;1136,13;4476,92;
JURACEMA LIMA DE MEDEIROS;CASA CIVIL;REPRESENTANTE;FG-3; ESTATUTARIO;5471,42;;5471,42;813,71;4657,71;
JUSCELINO MOURA TAVARES;CASA CIVIL;ASSESSOR IV;NAO INFORMADO; CARGO COMISSION.S/VINCULO;2575,61;;2575,61;259,85;2315,76;
JUSSARA PEDROSA CELESTINO DA COSTA;CASA CIVIL;SECRETARIO EXEC.PROJ.ESP.DO GOVERNO;NAO INFORMADO; DISP. OUTROS ESFERAS;11700,00;;11700,00;2348,14;9351,86;
KAREN REGINA SANTANA DE ANDRADE;FUNDO DE PROMOCAO SOCIAL-FPS;ASSESSOR IV;NAO INFORMADO; CARGO COMISSION.S/VINCULO;2575,61;;2575,61;259,85;2315,76;
KARILENA MESQUITA VIANA;FUNDO DE PROMOCAO SOCIAL-FPS;ASSESSOR II;NAO INFORMADO; CARGO COMISSION.S/VINCULO;4209,79;;4209,79;652,57;3557,22;
KARIME ALENCAR PONTES BESSA;CASA CIVIL;ASSESSOR I;; CARGO COMISSION.S/VINCULO;5229,77;;5229,77;950,08;4279,69;
KARINA BATISTA RAMOS;CASA CIVIL;ASSESSOR II;NAO INFORMADO; CARGO COMISSION.S/VINCULO;4209,79;;4209,79;652,57;3557,22;
KARINA SILVA ROCHA;CASA CIVIL;ASSESSOR I;NAO INFORMADO; CARGO COMISSION.S/VINCULO;5229,77;;5229,77;992,73;4237,04;
KARLA FERREIRA DE CASTRO;CASA CIVIL;ASSESSOR I;NAO INFORMADO; CARGO COMISSION.S/VINCULO;5229,77;;5229,77;992,73;4237,04;
KAROLLINA GOMES DA SILVA PESSOA;CASA CIVIL;AGENTE ADM.-AGA-T.S.N.A.-E;FUNCAO GRATIFICADA F; ESTATUTARIO;2640,44;;2640,44;264,35;2376,09;
KATHELEN DE OLIVEIRA BRAZ SANTOS;FUNDO DE PROMOCAO SOCIAL-FPS;SECRETARIO EXECUTIVO;NAO INFORMADO; CARGO COMISSION.S/VINCULO;11700,00;;11700,00;2893,32;8806,68;
KATIA REGINA BARBOSA DE M CARVALHO;FUNDO DE PROMOCAO SOCIAL-FPS;TEC.DE NIVEL SUPERIOR 2A CLASSE;; ESTATUTARIO;5062,21;;5062,21;821,86;4240,35;
KATIA REGINA DE OLIVEIRA ALVES;CASA CIVIL;ASSISTENTE TECNICO GOVERNAMENTAL;FG-2 DE ASSESSORIA; ESTATUTARIO;5495,02;;5495,02;780,59;4714,43;
KATIANNY KEILA SALIM COLACO;FUNDO DE PROMOCAO SOCIAL-FPS;ASSESSOR TECNICO;NAO INFORMADO; CARGO COMISSION.S/VINCULO;7000,00;;7000,00;1600,82;5399,18;
KEILA OLIVEIRA DE FREITAS;FUNDO DE PROMOCAO SOCIAL-FPS;ASSESSOR TECNICO;NAO INFORMADO; CARGO COMISSION.S/VINCULO;9333,33;;9333,33;2242,48;7090,85;
KEILA REGINA CHAPARRO LOBATO;CASA CIVIL;ASSISTENTE TECNICO GOVERNAMENTAL;FG-2 DE ASSESSORIA; ESTATUTARIO;5495,02;;5495,02;780,59;4714,43;
KEITY ANNY PRADO TAUMATURGO;CASA CIVIL;ASSESSOR I;NAO INFORMADO; CARGO COMISSION.S/VINCULO;6973,03;;6973,03;1593,40;5379,63;
KELLEN CRISTINA AGUIAR DE OLIVEIRA;CASA CIVIL;ASSESSOR III;NAO INFORMADO; CARGO COMISSION.S/VINCULO;3191,80;;3191,80;379,31;2812,49;
KELLY DA SILVA COUTO;UNID.INT.ARTIC.COMUNID.UIAC;ASSESSOR II;NAO INFORMADO; CARGO COMISSION.S/VINCULO;4209,79;;4209,79;652,57;3557,22;
KEYTE REGIANE DA SILVA BATISTA;CASA CIVIL;ASSESSOR II;NAO INFORMADO; CARGO COMISSION.S/VINCULO;4209,79;;4209,79;565,90;3643,89;
LAFAYETTE CARNEIRO VIEIRA NETO;CASA CIVIL;CONSULTOR TECNICO I;; CARGO COMISSION.S/VINCULO;10000,00;;10000,00;2425,82;7574,18;
LARISSA CORREA DA SILVEIRA;FUNDO DE PROMOCAO SOCIAL-FPS;ASSESSOR II;NAO INFORMADO; CARGO COMISSION.S/VINCULO;4209,79;;4209,79;622,77;3587,02;
LARISSA COSTA DOS ANJOS;CASA CIVIL;ASSESSOR I;; CARGO COMISSION.S/VINCULO;5229,77;;5229,77;992,73;4237,04;
LARISSA DA SILVA PERES;CASA CIVIL;ASSISTENTE TECNICO PNM.ANM-III;CONSULTOR TECNICO I; ESTATUTARIO;8498,38;;8498,38;1619,78;6878,60;
LARISSA NAGYLA ABREU SILVA;FUNDO DE PROMOCAO SOCIAL-FPS;ASSESSOR II;NAO INFORMADO; CARGO COMISSION.S/VINCULO;4209,79;;4209,79;652,57;3557,22;
LARYSSA ARAUJO MULLER;CASA CIVIL;ASSESSOR TECNICO;NAO INFORMADO; CARGO COMISSION.S/VINCULO;7000,00;;7000,00;1600,82;5399,18;
LAUDETE LUCIA LAGO OSMARI;CASA CIVIL;CONSULTOR TECNICO III;NAO INFORMADO; CARGO COMISSION.S/VINCULO;5500,00;;5500,00;1093,56;4406,44;
LEANDRO RABELO DE OLIVEIRA;CASA CIVIL;ASSESSOR I;NAO INFORMADO; CARGO COMISSION.S/VINCULO;5229,77;;5229,77;992,73;4237,04;
LEIA MIRANDA DIAS;CASA CIVIL;ASSESSOR III;NAO INFORMADO; CARGO COMISSION.S/VINCULO;3191,80;;3191,80;379,31;2812,49;
LEONARDO NAZARETH PEREZ PINO;FUNDO DE PROMOCAO SOCIAL-FPS;ASSESSOR IV;NAO INFORMADO; CARGO COMISSION.S/VINCULO;2575,61;;2575,61;259,85;2315,76;
LEONARDO WILSON FEITOSA MEIRELLES;CASA CIVIL;ASSESSOR II;NAO INFORMADO; CARGO COMISSION.S/VINCULO;4209,79;;4209,79;652,57;3557,22;
LIBNA TOBAR DO NASCIMENTO;CASA CIVIL;ASSESSOR II;NAO INFORMADO; CARGO COMISSION.S/VINCULO;4209,79;;4209,79;652,57;3557,22;
LIDIANY ARRUDA DE LIMA MORAES;CASA CIVIL;ASSESSOR II;NAO INFORMADO; CARGO COMISSION.S/VINCULO;4209,79;;4209,79;594,34;3615,45;
LILIANE DA FONSECA MONTEIRO;CASA CIVIL;ASSESSOR IV;NAO INFORMADO; CARGO COMISSION.S/VINCULO;2575,61;;2575,61;245,63;2329,98;
LISCIANE PAULO VIDEIRA;CASA CIVIL;ASSESSOR I;NAO INFORMADO; CARGO COMISSION.S/VINCULO;5229,77;;5229,77;992,73;4237,04;
LIVIA MARIA MONTEIRO LINS LIMA;CASA CIVIL;CONSULTOR TEC.LEGISLATIVO;NAO INFORMADO; CARGO COMISSION.S/VINCULO;5229,77;;5229,77;992,73;4237,04;
LIVIA MARIA RODRIGUES DE O AMORIM;CASA CIVIL;ASSESSOR TECNICO;NAO INFORMADO; CARGO COMISSION.S/VINCULO;7000,00;;7000,00;1600,82;5399,18;
LOUISE OLIVEIRA BRAGA DE BRITTO;CASA CIVIL;CONSULTOR TECNICO LEGISLATIVO III;NAO INFORMADO; CARGO COMISSION.S/VINCULO;5500,00;;5500,00;1093,56;4406,44;
LUANA CECÍLIA MELO LEITE;FUNDO DE PROMOCAO SOCIAL-FPS;ASSESSOR II;; CARGO COMISSION.S/VINCULO;4209,79;;4209,79;652,57;3557,22;
LUANA DO NASCIMENTO JUCA;CASA CIVIL;CONSULTOR TECNICO II;NAO INFORMADO; CARGO COMISSION.S/VINCULO;6500,00;;6500,00;1463,32;5036,68;
LUANA SIQUEIRA DA SILVA;CASA CIVIL;ASSESSOR I;NAO INFORMADO; CARGO COMISSION.S/VINCULO;5229,77;;5229,77;992,73;4237,04;
LUCAS MACEDO BEZERRA;CASA CIVIL;ASSESSOR I;NAO INFORMADO; CARGO COMISSION.S/VINCULO;5229,77;;5229,77;992,73;4237,04;
LUCIA CARLA DA GAMA RODRIGUES;CASA CIVIL;SEC.DO GAB.PESSOAL DO GOVERNADOR;NAO INFORMADO; CARGO COMISSION.S/VINCULO;37413,33;;37413,33;9964,48;27448,85;
LUCIANA DA MOTA CASTELO CLEMENTE;UNID.INT.ARTIC.COMUNID.UIAC;CHEFE DE GABINETE;NAO INFORMADO; CARGO COMISSION.S/VINCULO;5229,77;;5229,77;992,73;4237,04;
LUCIANA EVANGELISTA TEIXEIRA;CASA CIVIL;ASSESSOR II;NAO INFORMADO; CARGO COMISSION.S/VINCULO;4209,79;;4209,79;652,57;3557,22;
LUCIANA PITALUGA MORENO;CASA CIVIL;ASSESSOR I;ASSESSOR I AD 1; CARGO COMISSION.S/VINCULO;5229,77;;5229,77;992,73;4237,04;
LUCIANO PEREIRA DE SOUZA;CASA CIVIL;ASSESSOR I;NAO INFORMADO; CARGO COMISSION.S/VINCULO;5229,77;;5229,77;992,73;4237,04;
LUIS FABIAN PEREIRA BARBOSA;CASA CIVIL;PROF.MESTRE ASSIST.A 40HS-PM.111.20;SECRETARIO DE GOVERN; ESTATUTARIO;28060,00;;28060,00;6795,00;21265,00;
LUIZ ANDRÉ SOUTO PASSOS;CASA CIVIL;ASSESSOR III;; CARGO COMISSION.S/VINCULO;3191,80;;3191,80;379,31;2812,49;
LUIZ CLAUDIO DA SILVEIRA GOMES;CASA CIVIL;SUBCHEFE DO GAB.PESSOAL DO GOVERN.;NAO INFORMADO; CARGO COMISSION.S/VINCULO;11700,00;;11700,00;2841,18;8858,82;
LUIZ FELIPE RODRIGUES DE MOURA;CASA CIVIL;ASSESSOR III;; CARGO COMISSION.S/VINCULO;4255,73;;4255,73;667,90;3587,83;
LUIZ FLORENCIO DA SILVA NUNES FILHO;CASA CIVIL;ASSESSOR III;NAO INFORMADO; CARGO COMISSION.S/VINCULO;3191,80;;3191,80;379,31;2812,49;
LUIZ HERON DA SILVA BRAZ;FUNDO DE PROMOCAO SOCIAL-FPS;ASSESSOR II;NAO INFORMADO; CARGO COMISSION.S/VINCULO;4209,79;;4209,79;652,57;3557,22;
LUIZ MILTON DE BRITO GONÇALVES;CASA CIVIL;ASSESSOR TECNICO;NAO INFORMADO; CARGO COMISSION.S/VINCULO;7000,00;;7000,00;1444,41;5555,59;
LUIZ PAULO GABRIEL GONCALVES SILVA;CASA CIVIL;CONSULTOR TEC.LEGISLATIVO;NAO INFORMADO; CARGO COMISSION.S/VINCULO;5229,77;;5229,77;992,73;4237,04;
LUIZA LIMA MACEDO;CASA CIVIL;A.TEC-I;FG-3 DE ASSESSORIA; ESTATUTARIO;5170,07;;5170,07;711,71;4458,36;
LUIZA MAURA BRITO DELMON;CASA CIVIL;ASSESSOR II;NAO INFORMADO; CARGO COMISSION.S/VINCULO;5613,05;;5613,05;1083,99;4529,06;
MÁRIO CÉLIO FERREIRA DE C ALVES;CASA CIVIL;CONSULTOR TECNICO III;; CARGO COMISSION.S/VINCULO;5500,00;;5500,00;1041,42;4458,58;
MARCELA DA CUNHA CARVALHO;CASA CIVIL;ASSIST.ADMIN.-ASA-T.S.N.M.-A;ASSESSOR TECNICO; ESTATUTARIO;7000,00;;7000,00;1231,53;5768,47;
MARCELO AMORIM DOS SANTOS;UNID.INT.ARTIC.COMUNID.UIAC;ASSESSOR I;NAO INFORMADO; CARGO COMISSION.S/VINCULO;5229,77;;5229,77;992,73;4237,04;
MARCELO ANDRADE DE OLIVEIRA;CASA CIVIL;AGENTE ADM.-AGA-T.S.N.A.-E;ASSESSOR I AD-1; ESTATUTARIO;5777,46;;5777,46;892,63;4884,83;
MARCIA CRISTINA MARTINS ANDRADE;CASA CIVIL;CONSULTOR TECNICO LEGISLATIVO III;NAO INFORMADO; CARGO COMISSION.S/VINCULO;5500,00;;5500,00;1093,56;4406,44;
MARCIA CRISTINA OLIVEIRA DA COSTA;CASA CIVIL;TECNICO GOVERNAMENTAL;; ESTATUTARIO;4091,90;;4091,90;568,54;3523,36;
MARCIA FERNANDES RODRIGUES DA SILVA;CASA CIVIL;CHEFE DA CONSULT.TEC.LEGISLATIVO;NAO INFORMADO; CARGO COMISSION.S/VINCULO;11700,00;;11700,00;2893,32;8806,68;
MARCIA ROBERTA LIMA BEZERRA;CASA CIVIL;ASSESSOR I;NAO INFORMADO; CARGO COMISSION.S/VINCULO;5229,77;;5229,77;864,76;4365,01;
MARCILIO JEFFERSON DA SILVA LIMA;CASA CIVIL;ASSESSOR TECNICO;NAO INFORMADO; CARGO COMISSION.S/VINCULO;9333,33;;9333,33;2242,48;7090,85;
MARCIO AYDEN SIMOES DE OLIVEIRA;FUNDO DE PROMOCAO SOCIAL-FPS;ASSESSOR TECNICO;NAO INFORMADO; CARGO COMISSION.S/VINCULO;7000,00;;7000,00;1600,82;5399,18;
MARCIO FERREIRA DA ROCHA;CASA CIVIL;CONSULTOR TECNICO III;; CARGO COMISSION.S/VINCULO;5500,00;;5500,00;1093,56;4406,44;
MARCO ANTONIO COELHO DOS SANTOS;FUNDO DE PROMOCAO SOCIAL-FPS;ASSESSOR I;NAO INFORMADO; CARGO COMISSION.S/VINCULO;5229,77;;5229,77;992,73;4237,04;
MARCO AURELIO DE FREITAS GUIMARAES;CASA CIVIL;TECNICO GOVERNAMENTAL;FG-3 ASSESSORIA; ESTATUTARIO;5738,88;;5738,88;991,22;4747,66;
MARCO AURELIO FEIO DE A CERVEIRA;CASA CIVIL;ASSESSOR I;NAO INFORMADO; CARGO COMISSION.S/VINCULO;5229,77;;5229,77;992,73;4237,04;
MARCOS ANTONIO PAIXAO FEITOZA;CASA CIVIL;ASSESSOR II;NAO INFORMADO; CARGO COMISSION.S/VINCULO;4209,79;;4209,79;652,57;3557,22;
MARCOS PAULO BARBOSA DE OLIVEIRA;CASA CIVIL;ASSESSOR I;; CARGO COMISSION.S/VINCULO;5229,77;;5229,77;992,73;4237,04;
MARCOS RODRIGUES VALERIO;CASA CIVIL;ASSESSOR I;; CARGO COMISSION.S/VINCULO;5229,77;;5229,77;992,73;4237,04;
MARCUS ANTONIO DA ROCHA;CASA CIVIL;ASSESSOR I;; CARGO COMISSION.S/VINCULO;5229,77;;5229,77;992,73;4237,04;
MARIA AMANDA SOUSA ANCHIETA;CASA CIVIL;ASSESSOR III;NAO INFORMADO; CARGO COMISSION.S/VINCULO;3191,80;;3191,80;360,24;2831,56;
MARIA ANGELITA DA COSTA RIBEIRO;UNID.DE GESTAO INTEGRADA - UGI;ASSESSOR III;NAO INFORMADO; CARGO COMISSION.S/VINCULO;3191,80;;3191,80;379,31;2812,49;
MARIA AUXILIADORA SOUZA E SILVA;CASA CIVIL;ASSESSOR TECNICO;NAO INFORMADO; CARGO COMISSION.S/VINCULO;7000,00;;7000,00;1600,82;5399,18;
MARIA CAROLINE DO CARMO C MARCONDES;CASA CIVIL;A.TEC-III;CONSULTOR TÉC. II; ESTATUTARIO;745,85;;745,85;189,03;556,82;
MARIA CATARINA RODRIGUES PESSOA;CASA CIVIL;ASSESSOR II;NAO INFORMADO; CARGO COMISSION.S/VINCULO;4209,79;;4209,79;652,57;3557,22;
MARIA CLARA BENTES LIMA;CASA CIVIL;ASSESSOR I;NAO INFORMADO; CARGO COMISSION.S/VINCULO;5229,77;;5229,77;992,73;4237,04;
MARIA CLAUDIA MAGRO DE OLIVEIRA;CASA CIVIL;CHEFE DE DEPARTAMENTO;NAO INFORMADO; CARGO COMISSION.S/VINCULO;5229,77;;5229,77;992,73;4237,04;
MARIA CONCEBIDA DE ARAUJO LEAL;FUNDO DE PROMOCAO SOCIAL-FPS;ASSESSOR III;NAO INFORMADO; CARGO COMISSION.S/VINCULO;3191,80;;3191,80;379,31;2812,49;
MARIA DA CONCEICAO COSTA PIRES;CASA CIVIL;A.TEC-I;CONSULTOR TECNICO II; ESTATUTARIO;10684,37;;10684,37;2545,14;8139,23;
MARIA DAS GRACAS BENAYON DA SILVA;CASA CIVIL;A.SOC-I;FG-1; ESTATUTARIO;9428,06;;9428,06;2050,81;7377,25;
MARIA DAS GRACAS SOARES BORGES;CASA CIVIL;ASSISTENTE TECNICO 3A CLASSE;FG-1; ESTATUTARIO;6714,79;;6714,79;1163,06;5551,73;
MARIA DE JESUS GUIMARAES SILVA PAES;FUNDO DE PROMOCAO SOCIAL-FPS;ASSESSOR II;NAO INFORMADO; CARGO COMISSION.S/VINCULO;4209,79;;4209,79;652,57;3557,22;
MARIA DO CARMO CRISTO S M FERNANDES;CASA CIVIL;CONSULTOR ESPECIAL;; ESTATUTARIO;32001,67;;32001,67;11179,27;20822,40;
MARIA DO CARMO LOPES DOS SANTOS;CASA CIVIL;ASSESSOR TECNICO;NAO INFORMADO; CARGO COMISSION.S/VINCULO;7000,00;;7000,00;1600,82;5399,18;
MARIA DO PERPETUO SOCORRO B SOARES;CASA CIVIL;ASSISTENTE TECNICO GOVERNAMENTAL;FG-1 ASSESSORIA; ESTATUTARIO;6196,47;;6196,47;974,38;5222,09;
MARIA DO PERPETUO SOCORRO RODRIGUES;CASA CIVIL;ASSESSOR III;NAO INFORMADO; CARGO COMISSION.S/VINCULO;3191,80;;3191,80;379,31;2812,49;
MARIA DO SOCORRO BRITO VASCONCELOS;CASA CIVIL;ASSESSOR I;NAO INFORMADO; CARGO COMISSION.S/VINCULO;5229,77;;5229,77;992,73;4237,04;
MARIA DO SOCORRO CRUZ DE A MEDEIROS;CASA CIVIL;TNS-II;; ESTATUTARIO;7587,07;;7587,07;1814,38;5772,69;
MARIA DO SOCORRO FERREIRA CALDERARO;CASA CIVIL;ASSISTENTE TECNICO GOVERNAMENTAL;FG-2 DE ASSESSORIA; ESTATUTARIO;5686,49;;5686,49;833,24;4853,25;
MARIA ELIZETE PAULINO PINTO;CASA CIVIL;ASSESSOR II;NAO INFORMADO; CARGO COMISSION.S/VINCULO;4209,79;;4209,79;652,57;3557,22;
MARIA EMILIA PESSOA DOS SANTOS;CASA CIVIL;ASSISTENTE TECNICO;FG-1 ASSESSORIA; ESTATUTARIO;6623,70;;6623,70;1114,23;5509,47;
MARIA FREIRE DE SOUZA;CASA CIVIL;ASSESSOR I;NAO INFORMADO; CARGO COMISSION.S/VINCULO;5229,77;;5229,77;992,73;4237,04;
MARIA GEANE MENDES SOUZA;CASA CIVIL;ASSESSOR TECNICO;NAO INFORMADO; CARGO COMISSION.S/VINCULO;7000,00;;7000,00;1600,82;5399,18;
MARIA GORETH DOS SANTOS VIEIRA;CASA CIVIL;SECRETARIO EXECUTIVO;NAO INFORMADO; DISP. OUTROS ESFERAS;11700,00;;11700,00;2348,14;9351,86;
MARIA INÊZ MOREIRA DE AZEVEDO;CASA CIVIL;ASSESSOR II;NAO INFORMADO; CARGO COMISSION.S/VINCULO;4209,79;;4209,79;652,57;3557,22;
MARIA JOSE FREITAS CARLOS;CASA CIVIL;C.TEC.L-U;; ESTATUTARIO;29239,13;;29239,13;9774,71;19464,42;
MARIA JOSE LEONEL BEZERRA;CASA CIVIL;ASSESSOR TECNICO;NAO INFORMADO; CARGO COMISSION.S/VINCULO;7000,00;;7000,00;1496,54;5503,46;
MARIA LUISA BUSSONS ALBUQUERQUE;CASA CIVIL;ASSESSOR III;NAO INFORMADO; CARGO COMISSION.S/VINCULO;3191,80;;3191,80;379,31;2812,49;
MARIA LUIZA DE ALMEIDA SAN MARTIN;CASA CIVIL;A.TEC-I;; ESTATUTARIO;3710,34;;3710,34;388,52;3321,82;
MARIA NAZARE DE AGUILA;CASA CIVIL;A.TEC-I;CHEFE DO CERIMONIAL; ESTATUTARIO;12914,56;;12914,56;3055,64;9858,92;
MARIA SANTOS DA SILVA;CASA CIVIL;ASSESSOR III;NAO INFORMADO; CARGO COMISSION.S/VINCULO;3191,80;;3191,80;379,31;2812,49;
MARIA SOCORRO DE SOUSA;CASA CIVIL;ASSISTENTE TECNICO GOVERNAMENTAL;FG-3; ESTATUTARIO;4826,28;;4826,28;597,23;4229,05;
MARIA TEREZINHA RIBEIRO COUTINHO;CASA CIVIL;ASSESSOR II;; CARGO COMISSION.S/VINCULO;4209,79;;4209,79;652,57;3557,22;
MARIANA DA ROCHA NORMANDO;CASA CIVIL;AFP-U;FG-1; ESTATUTARIO;17962,46;;17962,46;5374,74;12587,72;
MARIANA HAGGE MOURAO;CASA CIVIL;ASSESSOR I;; CARGO COMISSION.S/VINCULO;5229,77;;5229,77;992,73;4237,04;
MARIETHEL BASTOS RODRIGUES;CASA CIVIL;PROFESSOR;ASSESSOR I AD1; ESTATUTARIO;7174,76;;7174,76;1324,44;5850,32;
MARILENE DE SOUZA PERES;CASA CIVIL;ASSESSOR II;NAO INFORMADO; CARGO COMISSION.S/VINCULO;4209,79;;4209,79;652,57;3557,22;
MARINETE DE CASTRO PERDIGAO;CASA CIVIL;A.TEC-I;; ESTATUTARIO;4061,79;;4061,79;460,60;3601,19;
MARINILDES DA SILVEIRA FORTES;CASA CIVIL;A.TEC-I;FG-1 ASSESSORIA; ESTATUTARIO;8617,18;;8617,18;1863,30;6753,88;
MARIO ADOLFO ARYCE DE CASTRO;CASA CIVIL;TECNICO;; ESTATUTARIO;4109,38;;4109,38;592,68;3516,70;
MARIO CABRAL DE HOLANDA;CASA CIVIL;MOT-I;; ESTATUTARIO;4175,51;;4175,51;488,57;3686,94;
MARIO CESAR DOS SANTOS B FILHO;CASA CIVIL;ASSESSOR I;; CARGO COMISSION.S/VINCULO;5229,77;;5229,77;992,73;4237,04;
MARIO DANIEL QUEIROZ DE CARVALHO;FUNDO DE PROMOCAO SOCIAL-FPS;ASSESSOR I;NAO INFORMADO; CARGO COMISSION.S/VINCULO;7844,65;;7844,65;1833,10;6011,55;
MARIO SERGIO DE SOUZA MOURA JUNIOR;CASA CIVIL;ASSESSOR I;NAO INFORMADO; CARGO COMISSION.S/VINCULO;6973,03;;6973,03;1593,40;5379,63;
MARJANA SILVA CARVALHO;CASA CIVIL;ASSESSOR I;NAO INFORMADO; CARGO COMISSION.S/VINCULO;5229,77;;5229,77;992,73;4237,04;
MARKILZE ALVES PEREIRA;CASA CIVIL;SECRETARIO PARTICULAR;NAO INFORMADO; CARGO COMISSION.S/VINCULO;37413,33;;37413,33;9964,48;27448,85;
MARLICE OLIVEIRA MAR;FUNDO DE PROMOCAO SOCIAL-FPS;ASSESSOR II;NAO INFORMADO; CARGO COMISSION.S/VINCULO;4209,79;;4209,79;652,57;3557,22;
MARLINDA LEITE PERES;CASA CIVIL;ASSESSOR II;NAO INFORMADO; CARGO COMISSION.S/VINCULO;4209,79;;4209,79;652,57;3557,22;
MARLUCIA MOURA BATISTA;CASA CIVIL;ASSISTENTE TECNICO GOVERNAMENTAL;FG-1 ASSESSORIA; ESTATUTARIO;5986,28;;5986,28;914,80;5071,48;
MARY ANNE E SOUZA AGUIAR;FUNDO DE PROMOCAO SOCIAL-FPS;ASSESSOR III;NAO INFORMADO; CARGO COMISSION.S/VINCULO;4042,94;;4042,94;606,34;3436,60;
MATHILDE ESTHER BEMERGUY EZAGUY;CASA CIVIL;ASSESSOR I;; CARGO COMISSION.S/VINCULO;5229,77;;5229,77;992,73;4237,04;
MAURICIO DA GAMA MONTEIRO;CASA CIVIL;CONSULTOR TECNICO I;CONS.TECNICO I; CARGO COMISSION.S/VINCULO;7500,00;;7500,00;1738,32;5761,68;
MAURO FORTUNATO DE AZEVEDO COHEN;CASA CIVIL;CONSULTOR TECNICO II;NAO INFORMADO; CARGO COMISSION.S/VINCULO;6500,00;;6500,00;1463,32;5036,68;
MAXIMILIANO FRANCISCO LOPES NETO;CASA CIVIL;ASSESSOR III;NAO INFORMADO; CARGO COMISSION.S/VINCULO;4255,73;;4255,73;667,90;3587,83;
MAYARA TAVARES MARQUES;CASA CIVIL;ASSESSOR II;NAO INFORMADO; CARGO COMISSION.S/VINCULO;4209,79;;4209,79;652,57;3557,22;
MEIRIJANE CARVALHO DE FARIAS;CASA CIVIL;ASSESSOR I;NAO INFORMADO; CARGO COMISSION.S/VINCULO;5229,77;;5229,77;992,73;4237,04;
MESSIAS RODRIGUES DA CONCEICAO;FUNDO DE PROMOCAO SOCIAL-FPS;ASSESSOR III;NAO INFORMADO; CARGO COMISSION.S/VINCULO;3191,80;;3191,80;379,31;2812,49;
MICHAEL DE OLIVEIRA LIMA;UNID.INT.ARTIC.COMUNID.UIAC;ASSESSOR III;NAO INFORMADO; CARGO COMISSION.S/VINCULO;3191,80;;3191,80;379,31;2812,49;
MICHELLE LOPES SALES;CASA CIVIL;ASSESSOR II;NAO INFORMADO; CARGO COMISSION.S/VINCULO;4209,79;;4209,79;594,34;3615,45;
MICHELLE WILMA BRAGA MAGALHAES;FUNDO DE PROMOCAO SOCIAL-FPS;ASSESSOR I;NAO INFORMADO; CARGO COMISSION.S/VINCULO;5229,77;;5229,77;992,73;4237,04;
MIKAEL ANDRE SIQUEIRA CAVALCANTE;CASA CIVIL;ASSESSOR IV;NAO INFORMADO; CARGO COMISSION.S/VINCULO;2575,61;;2575,61;259,85;2315,76;
MINEIA URBAX PEREIRA;CASA CIVIL;ASSESSOR TECNICO;NAO INFORMADO; CARGO COMISSION.S/VINCULO;7000,00;;7000,00;1600,82;5399,18;
MINERVINA GOMES BATISTA;CASA CIVIL;ASSESSOR II;NAO INFORMADO; CARGO COMISSION.S/VINCULO;4209,79;;4209,79;652,57;3557,22;
MIRIAM RODRIGUES MOTA;CASA CIVIL;ASSESSOR I;NAO INFORMADO; CARGO COMISSION.S/VINCULO;6973,03;;6973,03;1541,26;5431,77;
MIZAEL VITOR VALE REIS;CASA CIVIL;ASSESSOR I;NAO INFORMADO; CARGO COMISSION.S/VINCULO;5229,77;;5229,77;992,73;4237,04;
MONICA ARAUJO RISUENHO DE SOUZA;CASA CIVIL;CONSULTOR TECNICO III;NAO INFORMADO; CARGO COMISSION.S/VINCULO;5500,00;;5500,00;1041,42;4458,58;
MONICA CAMARA DE ALENCAR BRASIL;CASA CIVIL;CONSULTOR TECNICO II;NAO INFORMADO; CARGO COMISSION.S/VINCULO;6500,00;;6500,00;1463,32;5036,68;
MONICA GOMES DA SILVA;CASA CIVIL;CONSULTOR TECNICO III;NAO INFORMADO; CARGO COMISSION.S/VINCULO;5500,00;;5500,00;997,54;4502,46;
MURILO CAVALCANTI CAMPOS;CASA CIVIL;A.TEC-I;FG-2 DE ASSESSORIA; ESTATUTARIO;5850,01;;5850,01;900,47;4949,54;
MYLENA LEÃO MATOS;FUNDO DE PROMOCAO SOCIAL-FPS;ASSESSOR IV;NAO INFORMADO; CARGO COMISSION.S/VINCULO;2575,61;;2575,61;259,85;2315,76;
NADIA MARIA GAMA PEREIRA;CASA CIVIL;A.TEC-II;; ESTATUTARIO;3641,46;;3641,46;365,41;3276,05;
NATAL SOARES LEANDRO DA SILVA;FUNDO DE PROMOCAO SOCIAL-FPS;ASSESSOR I;; CARGO COMISSION.S/VINCULO;5229,77;;5229,77;875,07;4354,70;
NATASHA DE OLIVEIRA FRANCO;FUNDO DE PROMOCAO SOCIAL-FPS;ASSESSOR TECNICO;NAO INFORMADO; CARGO COMISSION.S/VINCULO;7000,00;;7000,00;1600,82;5399,18;
NATASHA HAIKAL DE OLIVEIRA;CASA CIVIL;ASSESSOR I;NAO INFORMADO; CARGO COMISSION.S/VINCULO;5229,77;;5229,77;992,73;4237,04;
NAYARA RODRIGUES DE OLIVEIRA;CASA CIVIL;ASSESSOR TECNICO;NAO INFORMADO; CARGO COMISSION.S/VINCULO;7000,00;;7000,00;1600,82;5399,18;
NAYARA SANTOS CRUZ;FUNDO DE PROMOCAO SOCIAL-FPS;ASSESSOR II;NAO INFORMADO; CARGO COMISSION.S/VINCULO;4209,79;;4209,79;652,57;3557,22;
NAZARE DO SOCORRO PINTO DE ALMEIDA;CASA CIVIL;A.TEC-I;FG-2 DE ASSESSORIA; ESTATUTARIO;5566,78;;5566,78;762,26;4804,52;
NILCE MARIA BARTHOLO DE BIASI;FUNDO DE PROMOCAO SOCIAL-FPS;ASSESSOR II;NAO INFORMADO; CARGO COMISSION.S/VINCULO;4209,79;;4209,79;652,57;3557,22;
NILCILENE DE LIMA TAVARES;CASA CIVIL;ASSESSOR III;; CARGO COMISSION.S/VINCULO;3191,80;;3191,80;379,31;2812,49;
NILO DIOGO DE MELO NETO;FUNDO DE PROMOCAO SOCIAL-FPS;ASSESSOR III;NAO INFORMADO; CARGO COMISSION.S/VINCULO;4255,73;;4255,73;667,90;3587,83;
NIRVANA DE JESUS PRADO DE N COMB;CASA CIVIL;AGENTE ADM.-AGA-T.S.N.A.-E;SECRETARIO EXECUTIVO; ESTATUTARIO;9000,00;;9000,00;1769,54;7230,46;
NISSIM FIGUEIRA BENOLIEL;CASA CIVIL;A.TEC-II;FG-1; ESTATUTARIO;6016,90;;6016,90;877,19;5139,71;
ONILDA ABREU DA SILVA;CASA CIVIL;PROCURADOR DO ESTADO 2A CLASSE;ASSESSOR TECNICO; ESTATUTARIO;12000,00;683,69;11316,31;8909,68;2406,63;
ORLEYLSON DOS SANTOS LIMA;FUNDO DE PROMOCAO SOCIAL-FPS;ASSESSOR I;NAO INFORMADO; CARGO COMISSION.S/VINCULO;5229,77;;5229,77;992,73;4237,04;
OSMAN RIBEIRO DE ARAUJO FILHO;CASA CIVIL;A.TEC-I;FG-3 DE ASSESSORIA; ESTATUTARIO;4950,34;;4950,34;549,64;4400,70;
PALOMA SAVANA VIANA AMORIM;CASA CIVIL;ASSESSOR II;; CARGO COMISSION.S/VINCULO;4209,79;;4209,79;652,57;3557,22;
PATRICIA CAVALCANTE SOUZA;CASA CIVIL;PSICOLOGO-PSI-P.S.N.S.-A;ASSESSOR I; ESTATUTARIO;6575,42;;6575,42;1522,53;5052,89;
PATRICIA DIAS GOES;CASA CIVIL;CONSULTOR TECNICO II;; CARGO COMISSION.S/VINCULO;6500,00;;6500,00;1411,18;5088,82;
PATRICIA GOMES BARTOLOTTI CHAVES;CASA CIVIL;JORNALISTA;; ESTATUTARIO;4513,23;;4513,23;682,37;3830,86;
PATRICIA VIEIRA BRANDAO DA SILVA;CASA CIVIL;ASSESSOR II;NAO INFORMADO; CARGO COMISSION.S/VINCULO;4209,79;;4209,79;594,34;3615,45;
PAULO ROBERTO FIGUEIREDO DE CASTRO;CASA CIVIL;TNS-II;; ESTATUTARIO;4671,27;;4671,27;746,37;3924,90;
PAULO SEIXAS DA SILVA;FUNDO DE PROMOCAO SOCIAL-FPS;ASSESSOR II;NAO INFORMADO; CARGO COMISSION.S/VINCULO;4209,79;;4209,79;652,57;3557,22;
PAULO SERGIO PAES LESSA;CASA CIVIL;A.TEC-I;FG-1 DE ASSESSORIA; ESTATUTARIO;7726,10;;7726,10;1486,78;6239,32;
PEDRO HENRIQUE BARROS DE SENA;CASA CIVIL;CONSULTOR TECNICO III;NAO INFORMADO; CARGO COMISSION.S/VINCULO;5500,00;;5500,00;1093,56;4406,44;
PEDRO PAULO PEREIRA MARTINS SILVA;CASA CIVIL;ASSESSOR II;NAO INFORMADO; CARGO COMISSION.S/VINCULO;4209,79;;4209,79;652,57;3557,22;
PRISCILLA FRANCA ATALA;CASA CIVIL;SECRETARIO EXECUTIVO;NAO INFORMADO; DISP. OUTROS ESFERAS;11700,00;;11700,00;2348,14;9351,86;
RAFAEL BATISTA RODRIGUES;FUNDO DE PROMOCAO SOCIAL-FPS;SECRETARIO EXECUTIVO ADJUNTO;NAO INFORMADO; CARGO COMISSION.S/VINCULO;9000,00;;9000,00;2150,82;6849,18;
RAFAEL CASTELO BESSA CARAPEBA;FUNDO DE PROMOCAO SOCIAL-FPS;ASSESSOR TECNICO;NAO INFORMADO; CARGO COMISSION.S/VINCULO;7000,00;;7000,00;1600,82;5399,18;
RAFAELLA DA ROCHA REBOUCAS;CASA CIVIL;AGENTE ADM.-AGA-T.S.N.A.-E;; ESTATUTARIO;6740,44;;6740,44;1148,16;5592,28;
RAIMUNDO EDSON SANTOS LOPES;CASA CIVIL;ASSESSOR II;NAO INFORMADO; CARGO COMISSION.S/VINCULO;4209,79;;4209,79;652,57;3557,22;
RAIMUNDO FRANCA FREITAS;CASA CIVIL;ASSESSOR II;NAO INFORMADO; CARGO COMISSION.S/VINCULO;4209,79;;4209,79;652,57;3557,22;
RAIMUNDO JOSE BRANDAO DO NASCIMENTO;CASA CIVIL;ASSISTENTE TECNICO GOVERNAMENTAL;FG-1 CHEFE S PESSOAL; ESTATUTARIO;5986,28;;5986,28;862,66;5123,62;
RAIMUNDO JOSE GADELHA DE ASSIS;CASA CIVIL;A.TEC-III;FG-3; ESTATUTARIO;5096,89;;5096,89;625,85;4471,04;
RAIMUNDO NONATO DA SILVA;CASA CIVIL;MOT-I;; ESTATUTARIO;4062,49;;4062,49;313,70;3748,79;
RAISSA BARROS DE JESUS SODRE;CASA CIVIL;ASSESSOR I;; CARGO COMISSION.S/VINCULO;5229,77;;5229,77;992,73;4237,04;
RALIME GRECIA DA SILVA;CASA CIVIL;A.TEC-I;FG-2; ESTATUTARIO;5634,45;;5634,45;841,86;4792,59;
RAPHAEL CARRICO DE AGUIAR;CASA CIVIL;ASSESSOR I;NAO INFORMADO; CARGO COMISSION.S/VINCULO;5229,77;;5229,77;992,73;4237,04;
RAQUEL COLARES WITTKOWSKI;UNID.DE GESTAO INTEGRADA - UGI;ASSESSOR II;NAO INFORMADO; CARGO COMISSION.S/VINCULO;4209,79;;4209,79;652,57;3557,22;
RAULLISON SANTOS FARIAS;CASA CIVIL;ASSESSOR III;NAO INFORMADO; CARGO COMISSION.S/VINCULO;3191,80;;3191,80;379,31;2812,49;
REBECCA BEATRIZ MARINHO FIGUEIRA;CASA CIVIL;SEC EXEC ADJ ADMINISTRACAO;NAO INFORMADO; CARGO COMISSION.S/VINCULO;9000,00;;9000,00;2150,82;6849,18;
REGINA COELI BARRETO LIMA E SILVA;CASA CIVIL;A.TEC-I;FG-1 CHEFE DE SETOR; ESTATUTARIO;7053,52;;7053,52;1294,07;5759,45;
REGINA COELI BRITO DOS SANTOS;CASA CIVIL;A.TEC-I;FG-1 ASSESSORIA; ESTATUTARIO;9756,50;;9756,50;2278,05;7478,45;
REGINA MEDEIROS DE ALBUQUERQUE;CASA CIVIL;SARGENTO 1;ASSESSOR II; ESTATUTARIO;4000,00;;4000,00;221,21;3778,79;
REGINALDO PIMENTEL DE ALMEIDA;CASA CIVIL;ASSESSOR I;NAO INFORMADO; CARGO COMISSION.S/VINCULO;5229,77;;5229,77;992,73;4237,04;
REINALDO SILVA DE QUEIROZ;CASA CIVIL;AUX.S.G-III;FG-3 DE ASSESSORIA; ESTATUTARIO;4708,36;;4708,36;550,07;4158,29;
RENAN DIAS DE MEDEIROS;CASA CIVIL;ASSESSOR I;NAO INFORMADO; CARGO COMISSION.S/VINCULO;5229,77;;5229,77;907,42;4322,35;
RICARDINA MARIA MENEZES DOS SANTOS;CASA CIVIL;TNS-I;TEC DE NIV SUPERIOR; ESTATUTARIO;6196,36;;6196,36;1386,34;4810,02;
RIDENILCIA REGINA NELSON DA SILVA;CASA CIVIL;CONSULTOR TECNICO LEGISLATIVO III;NAO INFORMADO; CARGO COMISSION.S/VINCULO;5500,00;;5500,00;1093,56;4406,44;
RISEUDA NASCIMENTO DE MOURA;FUNDO DE PROMOCAO SOCIAL-FPS;ASSESSOR II;NAO INFORMADO; CARGO COMISSION.S/VINCULO;4209,79;;4209,79;537,46;3672,33;
RITA DE CASSIA DOS SANTOS GONCALVES;CASA CIVIL;A.TEC-I;; ESTATUTARIO;3828,70;;3828,70;341,21;3487,49;
ROBERTO ALENCAR DOS SANTOS;CASA CIVIL;AUX.S.G-I;FG-2; ESTATUTARIO;5685,94;;5685,94;728,58;4957,36;
ROBINE PEREIRA GUIMARAES DE FREITAS;CASA CIVIL;ASSESSOR I;NAO INFORMADO; CARGO COMISSION.S/VINCULO;5229,77;;5229,77;992,73;4237,04;
RODRIGO DE MOURA MOTA;CASA CIVIL;ASSESSOR I;NAO INFORMADO; CARGO COMISSION.S/VINCULO;5229,77;;5229,77;992,73;4237,04;
ROGERIO CAMPOS DA SILVA;CASA CIVIL;ASSESSOR II;NAO INFORMADO; CARGO COMISSION.S/VINCULO;4209,79;;4209,79;652,57;3557,22;
ROGERIO DE ARAUJO BARBOZA;CASA CIVIL;CHEFE ADJUNTO DA CTL;; CARGO COMISSION.S/VINCULO;9000,00;;9000,00;2150,82;6849,18;
ROMULO JOSE DE OLIVEIRA ZURRA;UNID.INT.ARTIC.COMUNID.UIAC;SUBCOORDENADOR SETORIAL;NAO INFORMADO; CARGO COMISSION.S/VINCULO;9000,00;;9000,00;2150,82;6849,18;
RONALDO MONTEIRO FRANCISCO;CASA CIVIL;SECRETARIO EXECUTIVO;NAO INFORMADO; CARGO COMISSION.S/VINCULO;11700,00;;11700,00;2893,32;8806,68;
ROSA MARIA SIMOES ALVES DA SILVA;CASA CIVIL;C.TEC.L-U;; ESTATUTARIO;36534,65;;36534,65;12430,53;24104,12;
ROSANGELA ALMEIDA DOS S LITAIFF;FUNDO DE PROMOCAO SOCIAL-FPS;ASSESSOR TECNICO;NAO INFORMADO; CARGO COMISSION.S/VINCULO;9333,33;;9333,33;2242,48;7090,85;
ROSE LENE SERPA DOS SANTOS;CASA CIVIL;ASSESSOR II;; CARGO COMISSION.S/VINCULO;4209,79;;4209,79;652,57;3557,22;
ROSELENE SILVA DE MEDEIROS;UNID.INT.ARTIC.COMUNID.UIAC;COORDENADOR GERAL;NAO INFORMADO; CARGO COMISSION.S/VINCULO;28060,00;;28060,00;7392,32;20667,68;
ROSENALDO ROCHA;CASA CIVIL;A.TEC-I;FG-2 ASSESSORIA; ESTATUTARIO;5619,09;;5619,09;731,80;4887,29;
ROSIMEIRE MEDEIROS A GONCALVES;CASA CIVIL;ASSESSOR I;NAO INFORMADO; CARGO COMISSION.S/VINCULO;5229,77;;5229,77;992,73;4237,04;
ROSINEIA NASCIMENTO DE MOURA;CASA CIVIL;ASSESSOR III;NAO INFORMADO; CARGO COMISSION.S/VINCULO;3191,80;;3191,80;379,31;2812,49;
ROSINEIDE D ASSUMPCAO BEZERRA;CASA CIVIL;ASSESSOR I;NAO INFORMADO; CARGO COMISSION.S/VINCULO;6973,03;;6973,03;1593,40;5379,63;
ROSIVAN NASCIMENTO DE MOURA;CASA CIVIL;ASSESSOR I;NAO INFORMADO; CARGO COMISSION.S/VINCULO;5229,77;;5229,77;992,73;4237,04;
ROSY CLEIA DA SILVA SEIXAS;CASA CIVIL;CONSULTOR TECNICO LEGISLATIVO III;NAO INFORMADO; CARGO COMISSION.S/VINCULO;5500,00;;5500,00;1093,56;4406,44;
RUBEM CELANDRO DE SOUZA GUIMARAES;CASA CIVIL;A.TEC-I;FG-1 ASSESSORIA; ESTATUTARIO;6350,01;;6350,01;985,84;5364,17;
SABRINA DO NASCIMENTO BARBOSA;CASA CIVIL;ASSESSOR III;NAO INFORMADO; CARGO COMISSION.S/VINCULO;3191,80;;3191,80;379,31;2812,49;
SALUA PAVAO DA SILVA;CASA CIVIL;SECRETARIO EXECUTIVO ADJUNTO;NAO INFORMADO; CARGO COMISSION.S/VINCULO;9000,00;;9000,00;1585,76;7414,24;
SEBASTIÃO ALVES LAVOR NETO;CASA CIVIL;ASSESSOR TECNICO;NAO INFORMADO; CARGO COMISSION.S/VINCULO;7000,00;;7000,00;1600,82;5399,18;
SEBASTIAO LUIZ DE LIMA;CASA CIVIL;A.TEC-I;FG-1 CHEFE DE SETOR; ESTATUTARIO;9765,30;;9765,30;2281,26;7484,04;
SERGIO ALEXANDRE NASCIMENTO RIBEIRO;CASA CIVIL;ASSESSOR TECNICO;NAO INFORMADO; CARGO COMISSION.S/VINCULO;7000,00;;7000,00;1600,82;5399,18;
SERGIO DE LIMA MACHADO;CASA CIVIL;ASSESSOR CONTABIL;ASSESSOR CONTABIL; CARGO COMISSION.S/VINCULO;6500,00;;6500,00;1411,18;5088,82;
SIDNEY DE SOUZA CABRAL;CASA CIVIL;ASSESSOR III;NAO INFORMADO; CARGO COMISSION.S/VINCULO;3191,80;;3191,80;379,31;2812,49;
SILVANA SILVA DE SOUSA;CASA CIVIL;ASSESSOR II;NAO INFORMADO; CARGO COMISSION.S/VINCULO;4209,79;;4209,79;622,77;3587,02;
SOLANGE PEREIRA SALES DE OLIVEIRA;CASA CIVIL;ASSISTENTE TECNICO GOVERNAMENTAL;; ESTATUTARIO;3603,77;;3603,77;349,56;3254,21;
SONIA MARIA DE SOUSA DA SILVA;CASA CIVIL;ASSESSOR III;; CARGO COMISSION.S/VINCULO;3191,80;;3191,80;379,31;2812,49;
STANLEY GOMES CARDOSO JUNIOR;CASA CIVIL;CONSULTOR TECNICO I;NAO INFORMADO; CARGO COMISSION.S/VINCULO;7500,00;;7500,00;1738,32;5761,68;
SUELEN CRISTINA MAIA A ALBUQUERQUE;CASA CIVIL;ASSESSOR I;; CARGO COMISSION.S/VINCULO;5229,77;;5229,77;992,73;4237,04;
SUMAIA KALID OSSAMI;CASA CIVIL;ASSESSOR I;; CARGO COMISSION.S/VINCULO;5229,77;;5229,77;992,73;4237,04;
SUZANA FLEURY MENDES DA SILVA;CASA CIVIL;ASSESSOR II;; CARGO COMISSION.S/VINCULO;4209,79;;4209,79;652,57;3557,22;
SUZANE DAS CHAGAS DE OLIVEIRA;FUNDO DE PROMOCAO SOCIAL-FPS;ASSESSOR TECNICO;NAO INFORMADO; CARGO COMISSION.S/VINCULO;7000,00;;7000,00;1600,82;5399,18;
SYND MARIA DE SOUZA HUAMAN NUNES;CASA CIVIL;ASSESSOR II;; CARGO COMISSION.S/VINCULO;4209,79;;4209,79;652,57;3557,22;
TABAJARA RODRIGUES MORENO;CASA CIVIL;ASSESSOR TECNICO;; CARGO COMISSION.S/VINCULO;7000,00;;7000,00;1600,82;5399,18;
TALITA BASTOS LOUREIRO RAMOS;CASA CIVIL;ASSESSOR I;NAO INFORMADO; CARGO COMISSION.S/VINCULO;5229,77;;5229,77;992,73;4237,04;
TANIA ZUNAIDE BRAGA RIBEIRO;CASA CIVIL;CONSULTOR TECNICO LEGISLATIVO I;NAO INFORMADO; CARGO COMISSION.S/VINCULO;7500,00;;7500,00;1738,32;5761,68;
TASSIA CAMILA COELHO GOMES;CASA CIVIL;ASSESSOR I;NAO INFORMADO; CARGO COMISSION.S/VINCULO;5229,77;;5229,77;950,08;4279,69;
TATIANA MEIRELLES DE FRANCA;CASA CIVIL;ASSESSOR I;NAO INFORMADO; CARGO COMISSION.S/VINCULO;5229,77;;5229,77;992,73;4237,04;
TATIANE DE SOUZA PINTO;CASA CIVIL;CONSULTOR TECNICO I;NAO INFORMADO; CARGO COMISSION.S/VINCULO;7500,00;;7500,00;1738,32;5761,68;
TERESINHA DE JESUS ASSUNCAO ALVES;CASA CIVIL;ASSISTENTE TECNICO GOVERNAMENTAL;FG-3 DE ASSESSORIA; ESTATUTARIO;4835,02;;4835,02;600,14;4234,88;
TEREZA CRISTINA MATOS FEITOZA;CASA CIVIL;ASSESSOR I;ASSESSOR I AD 1; CARGO COMISSION.S/VINCULO;5229,77;;5229,77;992,73;4237,04;
TEREZINHA BONATES MIRANDA;CASA CIVIL;A.TEC-I;FG-1 ASSESSORIA; ESTATUTARIO;8537,84;;8537,84;1478,55;7059,29;
TEREZINHA DE JESUS O B C RODRIGUES;CASA CIVIL;ASSESSOR III;ASSESSOR III AD 3; CARGO COMISSION.S/VINCULO;3191,80;;3191,80;379,31;2812,49;
THAIZA DE SOUZA BARROS;CASA CIVIL;ASSESSOR I;NAO INFORMADO; CARGO COMISSION.S/VINCULO;5229,77;;5229,77;992,73;4237,04;
THAIZA KATTERINE DOS SANTOS PICANÇO;CASA CIVIL;ASSESSOR II;NAO INFORMADO; CARGO COMISSION.S/VINCULO;4209,79;;4209,79;652,57;3557,22;
THALIRIA FELIX BENAION;FUNDO DE PROMOCAO SOCIAL-FPS;ASSESSOR TECNICO;NAO INFORMADO; CARGO COMISSION.S/VINCULO;7000,00;;7000,00;1600,82;5399,18;
THAYLA GALATE GOMES;CASA CIVIL;ASSESSOR TECNICO;NAO INFORMADO; CARGO COMISSION.S/VINCULO;7000,00;;7000,00;1600,82;5399,18;
THAYNA QUEIROZ LINS;CASA CIVIL;ASSESSOR II;NAO INFORMADO; CARGO COMISSION.S/VINCULO;4209,79;;4209,79;652,57;3557,22;
THEREZA THALYTA DE JESUS MARTINS;CASA CIVIL;ASSESSOR I;NAO INFORMADO; CARGO COMISSION.S/VINCULO;5229,77;;5229,77;992,73;4237,04;
THIAGO TEIXEIRA DE CASTRO;CASA CIVIL;CONSULTOR TEC.LEGISLATIVO;NAO INFORMADO; CARGO COMISSION.S/VINCULO;5229,77;;5229,77;992,73;4237,04;
TIAGO MONTEIRO DE PAIVA;UNID.DE GESTAO INTEGRADA - UGI;COORD.DA UNID.DE GESTAO INTEGRADA;NAO INFORMADO; CARGO COMISSION.S/VINCULO;28060,00;;28060,00;7392,32;20667,68;
UBIRAGILDO DO NASCIMENTO SARAIVA;CASA CIVIL;ASSISTENTE TECNICO GOVERNAMENTAL;; ESTATUTARIO;3766,57;;3766,57;370,86;3395,71;
UBIRAJARA RAMOS MORAES JUNIOR;CASA CIVIL;TNS-II;FG-2 ASSESSORIA; ESTATUTARIO;10277,70;;10277,70;2597,08;7680,62;
VALDIR ALVES DE VASCONCELOS;CASA CIVIL;A.TEC-I;ASSIST TECNICO; ESTATUTARIO;3110,34;;3110,34;298,52;2811,82;
VALERIA ANDRADE BARROSO;CASA CIVIL;CONSULTOR TECNICO II;NAO INFORMADO; CARGO COMISSION.S/VINCULO;6500,00;;6500,00;1463,32;5036,68;
VALERIA DA SILVA SODRE;CASA CIVIL;ASSESSOR TECNICO;; DISP. OUTROS ESFERAS;6000,00;;6000,00;780,64;5219,36;
VANESSA NUNES ZOGAHIB;CASA CIVIL;CONSULTOR TECNICO II;NAO INFORMADO; CARGO COMISSION.S/VINCULO;6500,00;;6500,00;1463,32;5036,68;
VANIA CRISTINA DA SILVA BARBOSA;FUNDO DE PROMOCAO SOCIAL-FPS;ASSESSOR I;NAO INFORMADO; CARGO COMISSION.S/VINCULO;5229,77;;5229,77;992,73;4237,04;
VANIA LUCIA PINHEIRO NASCIMENTO;UNID.DE GESTAO INTEGRADA - UGI;ASSESSOR III;; CARGO COMISSION.S/VINCULO;3191,80;;3191,80;379,31;2812,49;
VANUSA DA SILVA CUNHA;CASA CIVIL;ASSISTENTE TECNICO GOVERNAMENTAL;FG-3 DE ASSESSORIA; ESTATUTARIO;4826,28;;4826,28;597,23;4229,05;
VENANCIO SILVA FREITAS;CASA CIVIL;ASSESSOR II;NAO INFORMADO; CARGO COMISSION.S/VINCULO;4209,79;;4209,79;652,57;3557,22;
VERA DOS SANTOS GUIMARAES;CASA CIVIL;ASSISTENTE TECNICO GOVERNAMENTAL;FG-2 GESTOR DE CONT.; ESTATUTARIO;5686,49;;5686,49;833,24;4853,25;
VERA ELANE ROCHA DOS SANTOS;CASA CIVIL;A.TEC-I;FG-2 DE ASSESSORIA; ESTATUTARIO;5610,34;;5610,34;780,65;4829,69;
VERANILCE FERNANDES PANTOJA;CASA CIVIL;A.TEC-I;FG-3 ASSESSORIA; ESTATUTARIO;5180,04;;5180,04;715,34;4464,70;
VICTOR BRENO ALMADA GOMES;CASA CIVIL;ASSESSOR TECNICO;NAO INFORMADO; CARGO COMISSION.S/VINCULO;7000,00;;7000,00;1600,82;5399,18;
VINICIUS ABREU DE ALMEIDA;CASA CIVIL;ASSESSOR I;NAO INFORMADO; CARGO COMISSION.S/VINCULO;5229,77;;5229,77;992,73;4237,04;
VIRNA SOUZA DA ROCHA;CASA CIVIL;ASSESSOR III;NAO INFORMADO; CARGO COMISSION.S/VINCULO;5000,48;;5000,48;916,27;4084,21;
VIVALDO RODRIGUES CARDOSO NETO;FUNDO DE PROMOCAO SOCIAL-FPS;ASSESSOR I;NAO INFORMADO; CARGO COMISSION.S/VINCULO;5229,77;;5229,77;992,73;4237,04;
WAGNER ALEXANDRE R FILGUEIRAS;CASA CIVIL;ASSESSOR III;NAO INFORMADO; CARGO COMISSION.S/VINCULO;3191,80;;3191,80;379,31;2812,49;
WALESKA SALES DE SANTANA AUCAR;FUNDO DE PROMOCAO SOCIAL-FPS;ASSESSOR II;NAO INFORMADO; CARGO COMISSION.S/VINCULO;4209,79;;4209,79;652,57;3557,22;
WALTERNY DE SOUZA FERREIRA;CASA CIVIL;ASSESSOR I;NAO INFORMADO; CARGO COMISSION.S/VINCULO;5229,77;;5229,77;950,08;4279,69;
WANDA DE SOUZA TRINDADE;CASA CIVIL;REDATOR GOVERNAMENTAL;FG-1 ASSESSORIA; ESTATUTARIO;8738,67;;8738,67;1899,83;6838,84;
WELLAS GOES RAMOS;CASA CIVIL;ASSESSOR II;NAO INFORMADO; CARGO COMISSION.S/VINCULO;4209,79;;4209,79;652,57;3557,22;
WELLINGTON DE OLIVEIRA GONÇALVES;FUNDO DE PROMOCAO SOCIAL-FPS;ASSESSOR II;NAO INFORMADO; CARGO COMISSION.S/VINCULO;4209,79;;4209,79;622,77;3587,02;
WENDEL FRANCO RODRIGUES;CASA CIVIL;ASSESSOR I;NAO INFORMADO; CARGO COMISSION.S/VINCULO;5229,77;;5229,77;992,73;4237,04;
WILLIAM FRANCO RODRIGUES;CASA CIVIL;SECRETARIO EXECUTIVO ADJUNTO;NAO INFORMADO; CARGO COMISSION.S/VINCULO;9000,00;;9000,00;2150,82;6849,18;
WILSON CRUZ DE FREITAS;CASA CIVIL;ASSESSOR II;NAO INFORMADO; CARGO COMISSION.S/VINCULO;4209,79;;4209,79;652,57;3557,22;
WILSON MIRANDA LIMA;CASA CIVIL;GOVERNADOR DE ESTADO;NAO INFORMADO; CARGO COMISSION.S/VINCULO;34070,00;;34070,00;9045,07;25024,93;
WILSON TEIXEIRA MARIANO;CASA CIVIL;A.TEC-I;; ESTATUTARIO;3940,04;;3940,04;424,01;3516,03;
WIRLEN RAINOLDSON MIRANDA PEREIRA;CASA CIVIL;ASSESSOR III;NAO INFORMADO; CARGO COMISSION.S/VINCULO;3191,80;;3191,80;379,31;2812,49;
YARA CHAVES GALDINO RAMOS;CASA CIVIL;COORDENADOR UNID COORD PROJETO;NAO INFORMADO; CARGO COMISSION.S/VINCULO;9000,00;;9000,00;2150,82;6849,18;
YNGRID VENTILARI DE F BEZERRA;CASA CIVIL;ASSESSOR TECNICO;NAO INFORMADO; CARGO COMISSION.S/VINCULO;7000,00;;7000,00;1496,54;5503,46;
YOLANDA CORREA MANSUR;CASA CIVIL;ASSESSOR I;NAO INFORMADO; CARGO COMISSION.S/VINCULO;5229,77;;5229,77;992,73;4237,04;
YONE ALVES DE MACEDO;CASA CIVIL;ASSESSOR I;NAO INFORMADO; CARGO COMISSION.S/VINCULO;5229,77;;5229,77;992,73;4237,04;
YONE PAES LESSA;CASA CIVIL;A.TEC-I;; ESTATUTARIO;7366,47;;7366,47;1621,68;5744,79;
YURI MOISES TAKETOMI OLIMPIO;CASA CIVIL;AGENTE ADM.-AGA-T.S.N.A.-E;ASSESSOR TECNICO; ESTATUTARIO;7000,00;;7000,00;1219,54;5780,46;
