NOME;LOTACAO;CARGO;FUNCAO;VINCULO;REMUNERACAO LEGAL TOTAL(R$);DESC.TETO(R$); REMUNERACAO LEGAL DEVIDA(R$);DESCONTOS LEGAIS(R$);LIQUIDO DISPONIVEL(R$);
ALEX EDER DE LIMA RODRIGUES;CONTRATADOS;SECRETARIO EXECUTIVO ADJUNTO;NAO INFORMADO; CARGO COMISSION.S/VINCULO;9500,00;;9500,00;2150,82;7349,18;
CARLOS ALBERTO SOUZA DE A FILHO;CONTRATADOS;VICE-GOVERNADOR;NAO INFORMADO; DISP. OUTROS ESFERAS;42933,33;;42933,33;14535,65;28397,68;
CLAUDIA DA SILVA BRUCE;CONTRATADOS;ASSESSOR II;NAO INFORMADO; CARGO COMISSION.S/VINCULO;4709,79;;4709,79;652,57;4057,22;
CLEBE ARRUDA DA ROCHA;CONTRATADOS;ASSESSOR I;NAO INFORMADO; CARGO COMISSION.S/VINCULO;5729,77;;5729,77;992,73;4737,04;
FABIOLA DE SOUZA SILVA;CONTRATADOS;ASSESSOR TECNICO;NAO INFORMADO; CARGO COMISSION.S/VINCULO;7500,00;;7500,00;1600,82;5899,18;
HELLEN ROBERTA D'ALMEIDA DO MONTE;CONTRATADOS;ASSESSOR I;NAO INFORMADO; CARGO COMISSION.S/VINCULO;5729,77;;5729,77;992,73;4737,04;
IVANETE GOMES DE ALMEIDA;EFETIVOS;AGENTE ADM.-AGA-T.S.N.A.-G;CHEFE DE DEPARTAMENT; ESTATUTARIO;9005,65;;9005,65;1618,01;7387,64;
JULIO CESAR MENDES BRASIL;CONTRATADOS;SECRETARIO EXECUTIVO ADJUNTO;NAO INFORMADO; CARGO COMISSION.S/VINCULO;9500,00;;9500,00;2150,82;7349,18;
MARCO ANTONIO MACHADO MACIEL;CONTRATADOS;ASSESSOR I;NAO INFORMADO; CARGO COMISSION.S/VINCULO;5729,77;;5729,77;992,73;4737,04;
MARCOS SIMPLICIO DE ARAUJO;CONTRATADOS;ASSESSOR I;NAO INFORMADO; CARGO COMISSION.S/VINCULO;5729,77;;5729,77;992,73;4737,04;
MARIA VITORIA COELHO DA COSTA;CONTRATADOS;ASSESSOR II;NAO INFORMADO; CARGO COMISSION.S/VINCULO;4709,79;;4709,79;652,57;4057,22;
NATAIS CASTELO FERREIRA;CONTRATADOS;ASSESSOR I;NAO INFORMADO; CARGO COMISSION.S/VINCULO;5729,77;;5729,77;992,73;4737,04;
PAULINA SILVA DE SOUZA;CONTRATADOS;ASSESSOR IV;NAO INFORMADO; CARGO COMISSION.S/VINCULO;3075,61;;3075,61;259,85;2815,76;
RENATO NOGUEIRA DE OLIVEIRA;CONTRATADOS;SECRETARIO EXECUTIVO;NAO INFORMADO; CARGO COMISSION.S/VINCULO;12200,00;;12200,00;2893,32;9306,68;
RODRIGO VASCONCELOS PIRES CARVALHO;CONTRATADOS;ASSESSOR I;NAO INFORMADO; CARGO COMISSION.S/VINCULO;5729,77;;5729,77;992,73;4737,04;
ROZILENE DO NASCIMENTO PRAIA;CONTRATADOS;ASSESSOR IV;NAO INFORMADO; CARGO COMISSION.S/VINCULO;3934,15;;3934,15;414,14;3520,01;
VANESSA DA CUNHA NOGUEIRA;CONTRATADOS;ASSESSOR II;NAO INFORMADO; CARGO COMISSION.S/VINCULO;4709,79;;4709,79;652,57;4057,22;
