NOME;LOTACAO;CARGO;FUNCAO;VINCULO;REMUNERACAO LEGAL TOTAL(R$);DESC.TETO(R$); REMUNERACAO LEGAL DEVIDA(R$);DESCONTOS LEGAIS(R$);LIQUIDO DISPONIVEL(R$);
ALICIANE MACIEL FERNANDES;CONTRATADOS;ASSESSOR II;NAO INFORMADO; CARGO COMISSION.S/VINCULO;4209,79;;4209,79;652,57;3557,22;
ANDERSON LUIS MAIA ANDRADE;CONTRATADOS;SECRETARIO EXECUTIVO ADJUNTO;NAO INFORMADO; CARGO COMISSION.S/VINCULO;9000,00;;9000,00;2150,82;6849,18;
BARBARA DE AGUIAR LOBO;CONTRATADOS;ASSESSOR I;NAO INFORMADO; CARGO COMISSION.S/VINCULO;5229,77;;5229,77;992,73;4237,04;
CARLA SANTOS TORRES CHAGAS;CONTRATADOS;SECRETARIO EXECUTIVO ADJUNTO;NAO INFORMADO; CARGO COMISSION.S/VINCULO;9000,00;;9000,00;2150,82;6849,18;
CARLOS ALBERTO SOUZA DE A FILHO;CONTRATADOS;VICE-GOVERNADOR;NAO INFORMADO; DISP. OUTROS ESFERAS;32200,00;;32200,00;11583,99;20616,01;
CASSIO JUNIO DA SILVA LOPES;CONTRATADOS;ASSESSOR I;NAO INFORMADO; CARGO COMISSION.S/VINCULO;5229,77;;5229,77;992,73;4237,04;
CLEIA VIANA GUIMARAES;CONTRATADOS;PROFESSOR PF20.LPL-IV;ASSESSOR II; ESTATUTARIO;4000,00;;4000,00;221,21;3778,79;
DAYANA LOPES DA SILVA;CONTRATADOS;ASSESSOR I;NAO INFORMADO; CARGO COMISSION.S/VINCULO;2266,22;;2266,22;202,30;2063,92;
DORVAL DA SILVA NOGUEIRA NETO;CONTRATADOS;ASSESSOR III;NAO INFORMADO; CARGO COMISSION.S/VINCULO;3191,80;;3191,80;379,31;2812,49;
ELIVELTO MACEDO DE SOUZA;CONTRATADOS;ASSESSOR III;NAO INFORMADO; CARGO COMISSION.S/VINCULO;3191,80;;3191,80;379,31;2812,49;
ESTEVAM PEDROSA;CONTRATADOS;ASSESSOR I;NAO INFORMADO; CARGO COMISSION.S/VINCULO;5229,77;;5229,77;992,73;4237,04;
FABIOLA PINHEIRO VIEIRA BARRETO;CONTRATADOS;ASSESSOR II;NAO INFORMADO; CARGO COMISSION.S/VINCULO;4209,79;;4209,79;652,57;3557,22;
IVANETE GOMES DE ALMEIDA;EFETIVOS;AGENTE ADM.-AGA-T.S.N.A.-G;ASSESSOR TECNICO; ESTATUTARIO;7379,24;;7379,24;1395,16;5984,08;
JOAO MATHEUS NOGUEIRA MARINHO;CONTRATADOS;ASSESSOR IV;NAO INFORMADO; CARGO COMISSION.S/VINCULO;2575,61;;2575,61;259,85;2315,76;
JOHNNY MARKOS GUEDES RAMOS;CONTRATADOS;SECRETARIO EXECUTIVO;NAO INFORMADO; CARGO COMISSION.S/VINCULO;11700,00;;11700,00;2841,18;8858,82;
JOSY MATOS LOPES;CONTRATADOS;ASSESSOR I;NAO INFORMADO; CARGO COMISSION.S/VINCULO;5229,77;;5229,77;907,42;4322,35;
KELNER LUCAS DE MORAES CORREIA;CONTRATADOS;ASSESSOR II;NAO INFORMADO; CARGO COMISSION.S/VINCULO;4209,79;;4209,79;652,57;3557,22;
MARCIO LUIZ DA SILVA TRIBUZY;CONTRATADOS;ASSESSOR I;NAO INFORMADO; CARGO COMISSION.S/VINCULO;5229,77;;5229,77;992,73;4237,04;
NATANAEL AMORIM RODRIGUES;CONTRATADOS;ASSESSOR IV;NAO INFORMADO; CARGO COMISSION.S/VINCULO;2575,61;;2575,61;226,46;2349,15;
OZIEL GOMES MADURO;CONTRATADOS;ASSESSOR IV;NAO INFORMADO; CARGO COMISSION.S/VINCULO;2575,61;;2575,61;226,46;2349,15;
