NOME;LOTACAO;CARGO;FUNCAO;VINCULO;REMUNERACAO LEGAL TOTAL(R$);DESC.TETO(R$); REMUNERACAO LEGAL DEVIDA(R$);DESCONTOS LEGAIS(R$);LIQUIDO DISPONIVEL(R$);
ADERVAN FERREIRA CRUZ;COORD. ADMINISTRAT./FINANCEIRA;ASSISTENTE PROCURATORIAL-PGE;GERENTE AD-2; ESTATUTARIO;9018,31;;9018,31;2057,48;6960,83;
ADRIANA GOMES MATOS;CARGOS COMISSIONADOS S/VINCULO;ASSESSOR IV;; CARGO COMISSION.S/VINCULO;3175,61;;3175,61;357,23;2818,38;
ADRIANE SIMOES ASSAYAG RIBEIRO;GAB DO SUBPROCURADOR GERAL;PROCURADOR DO ESTADO 1A CLASSE;; ESTATUTARIO;49215,00;15456,32;33758,68;12246,13;21512,55;
AGDA MARTINS COLADO LIMA;COORD. ADMINISTRAT./FINANCEIRA;ASSISTENTE PROCURATORIAL-PGE;; ESTATUTARIO;5231,31;;5231,31;936,43;4294,88;
AGENILSO DE JESUS FIGUEIRA;SERV. DO QUADRO SUPLEMENTAR;VIGIA;; ESTATUTARIO;3772,80;;3772,80;315,00;3457,80;
ALANA DE SOUZA LEAO COSTA;CARGOS COMISSIONADOS S/VINCULO;ASSESSOR CONTABIL;ASSES.CONTABIL AD-1; CARGO COMISSION.S/VINCULO;5229,77;;5229,77;950,08;4279,69;
ALDENOR DE SOUZA RABELO;GAB DO SUBPROCURADOR GERAL;PROCURADOR DO ESTADO 3A CLASSE;COORDENADOR; ESTATUTARIO;39425,99;132,67;39293,32;13430,54;25862,78;
ALINE TEIXEIRA LEAL NUNES;GAB DO SUBPROCURADOR GERAL;PROCURADOR DO ESTADO 3A CLASSE;; ESTATUTARIO;33196,49;;33196,49;11629,12;21567,37;
ALMINO PEREIRA TINOCO;COORD. ADMINISTRAT./FINANCEIRA;AGENTE DE SEGURANCA-PGE;; ESTATUTARIO;4644,45;;4644,45;737,13;3907,32;
ALTIZA PEREIRA DE SOUZA;GAB DO SUBPROCURADOR GERAL;PROCURADOR DO ESTADO 3A CLASSE;; ESTATUTARIO;39343,99;50,67;39293,32;13924,57;25368,75;
AMERICO SILVA MARTINS;COORD. ADMINISTRAT./FINANCEIRA;AGENTE DE SEGURANCA-PGE;; ESTATUTARIO;4426,67;;4426,67;656,34;3770,33;
ANA CAROLINA FROTA DESIDERI;CARGOS COMISSIONADOS S/VINCULO;ASSESSOR IV;NAO INFORMADO; CARGO COMISSION.S/VINCULO;3175,61;;3175,61;375,23;2800,38;
ANA CLEA DA COSTA BAIMA;COORD. ADMINISTRAT./FINANCEIRA;AUXILIAR PROCURATORIAL-PGE;; ESTATUTARIO;4685,29;;4685,29;704,65;3980,64;
ANA EIMAR CORREA COELHO;SERV. DO QUADRO SUPLEMENTAR;ASSISTENTE TECNICO 3A CLASSE;CHEFE DE SECRETARIA; ESTATUTARIO;8436,00;;8436,00;1907,29;6528,71;
ANA EUNICE CARNEIRO ALVES;GAB DO SUBPROCURADOR GERAL;PROCURADOR DO ESTADO 1A CLASSE;; ESTATUTARIO;47828,76;3034,38;44794,38;15437,36;29357,02;
ANA LUCIA BESSA WANDERLEY SABINO;COORD. ADMINISTRAT./FINANCEIRA;ASSISTENTE PROCURATORIAL-PGE;ASSIST.DE SECRET.; ESTATUTARIO;9996,06;;9996,06;2413,42;7582,64;
ANA LUIZA BORGES COELHO CARDOSO;CARGOS COMISSIONADOS S/VINCULO;ASSESSOR I;NAO INFORMADO; CARGO COMISSION.S/VINCULO;5229,77;;5229,77;992,73;4237,04;
ANA MARCELA GRANA DE ALMEIDA;GAB DO SUBPROCURADOR GERAL;PROCURADOR DO ESTADO 3A CLASSE;; ESTATUTARIO;33196,49;;33196,49;11629,12;21567,37;
ANDRE LUIZ REGO DA SILVA;CARGOS COMISSIONADOS S/VINCULO;ASSESSOR ESPECIAL AD-1;; CARGO COMISSION.S/VINCULO;5229,77;;5229,77;992,73;4237,04;
ANDREA PEREIRA DE FREITAS;GAB DO SUBPROCURADOR GERAL;PROCURADOR DO ESTADO 3A CLASSE;; ESTATUTARIO;33196,49;;33196,49;11629,12;21567,37;
ANDREZA SAMPAIO PROGENIO;CARGOS COMISSIONADOS S/VINCULO;ASSESSOR II;NAO INFORMADO; CARGO COMISSION.S/VINCULO;4209,79;;4209,79;652,57;3557,22;
ANGELA BEATRIZ GONCALVES F O BASTOS;GAB DO SUBPROCURADOR GERAL;PROCURADOR DO ESTADO 1A CLASSE;; ESTATUTARIO;39460,00;166,68;39293,32;13820,30;25473,02;
ANGELA MARIA MENDONCA VIEIRA;SERV. DO QUADRO SUPLEMENTAR;ASSISTENTE TECNICO 1A CLASSE;CHEFE DE SEC.; ESTATUTARIO;8436,00;;8436,00;1855,15;6580,85;
ANNA KARINA LEAO BRASIL SALAMA;GAB DO SUBPROCURADOR GERAL;PROCURADOR DO ESTADO 2A CLASSE;; ESTATUTARIO;38346,51;;38346,51;13411,69;24934,82;
ANNE CAROLINE DOS SANTOS FERNANDES;CARGOS COMISSIONADOS S/VINCULO;ASSESSOR III;; CARGO COMISSION.S/VINCULO;3191,80;;3191,80;379,31;2812,49;
ANNY KELLY ALENCAR BARRETO LIMA;CARGOS COMISSIONADOS S/VINCULO;ASSESSOR III;NAO INFORMADO; CARGO COMISSION.S/VINCULO;3191,80;;3191,80;379,31;2812,49;
ANWAR ASSI;CARGOS COMISSIONADOS S/VINCULO;COORDENADOR;NAO INFORMADO; CARGO COMISSION.S/VINCULO;5229,77;;5229,77;992,73;4237,04;
APARECIDA SANTOS MELO;COORD. ADMINISTRAT./FINANCEIRA;AUXILIAR PROCURATORIAL-PGE;CHEFE DE SECRETARIA; ESTATUTARIO;7679,42;;7679,42;1540,88;6138,54;
ARETUZA CARVALHO RIBEIRO;CARGOS COMISSIONADOS S/VINCULO;ASSESSOR III;NAO INFORMADO; CARGO COMISSION.S/VINCULO;3191,80;;3191,80;379,31;2812,49;
ARTHUR MARCEL BATISTA GOMES;GAB DO SUBPROCURADOR GERAL;PROCURADOR DO ESTADO 3A CLASSE;; ESTATUTARIO;34425,99;;34425,99;12092,03;22333,96;
BARBARA CORDEIRO FIGLIUOLO;CARGOS COMISSIONADOS S/VINCULO;ASSESSOR I;NAO INFORMADO; CARGO COMISSION.S/VINCULO;5229,77;;5229,77;992,73;4237,04;
BARBARA FERNANDEZ DE BASTOS;GAB DO SUBPROCURADOR GERAL;PROCURADOR DO ESTADO 3A CLASSE;; ESTATUTARIO;40983,32;;40983,32;13520,91;27462,41;
BENEDITO EVALDO DE LIMA MORENO;GAB DO SUBPROCURADOR GERAL;PROCURADOR DO ESTADO 3A CLASSE;; ESTATUTARIO;44845,05;50,67;44794,38;14387,85;30406,53;
BRUNA CARDOSO DE AZEDO;CARGOS COMISSIONADOS S/VINCULO;ASSESSOR II;; CARGO COMISSION.S/VINCULO;4209,79;;4209,79;652,57;3557,22;
BRUNO SILVA DE ARAUJO;CARGOS COMISSIONADOS S/VINCULO;COORDENADOR;COORDENADOR AD-1; CARGO COMISSION.S/VINCULO;5229,77;;5229,77;950,08;4279,69;
CAMILLA PEREIRA DE MARCOS;GAB DO SUBPROCURADOR GERAL;PROCURADOR DO ESTADO 3A CLASSE;; ESTATUTARIO;30737,49;;30737,49;10703,31;20034,18;
CARLOS ALBERTO DE MORAES R FILHO;GAB DO SUBPROCURADOR GERAL;PROCURADOR DO ESTADO 1A CLASSE;; ESTATUTARIO;39459,99;14436,42;25023,57;10000,39;15023,18;
CARLOS ALEXANDRE MOREIRA C M MATOS;GAB DO SUBPROCURADOR GERAL;PROCURADOR DO ESTADO 2A CLASSE;SUBPROCURADOR GERAL; ESTATUTARIO;42068,30;2774,98;39293,32;13542,32;25751,00;
CARLOS VENICIOS DE ASSIS SANTANA;CARGOS COMISSIONADOS S/VINCULO;ASSESSOR II;; CARGO COMISSION.S/VINCULO;4209,79;;4209,79;565,90;3643,89;
CASSIA MAISA BEZERRA DA S FERNANDES;COORD. ADMINISTRAT./FINANCEIRA;ASSISTENTE PROCURATORIAL-PGE;CHEFE DE SECRETARIA; ESTATUTARIO;9469,75;;9469,75;2185,73;7284,02;
CELIO ALCANTARA CIPRIANO;COORD. ADMINISTRAT./FINANCEIRA;ASSISTENTE PROCURATORIAL-PGE;CHEF.DE SECRET.; ESTATUTARIO;7823,61;;7823,61;1435,46;6388,15;
CLARA MARIA LINDOSO E LIMA;GAB DO SUBPROCURADOR GERAL;PROCURADOR DO ESTADO 2A CLASSE;; ESTATUTARIO;44624,73;5331,41;39293,32;13924,57;25368,75;
CLOVIS SMITH FROTA JUNIOR;GAB DO SUBPROCURADOR GERAL;PROCURADOR DO ESTADO 2A CLASSE;; ESTATUTARIO;37068,29;;37068,29;13086,85;23981,44;
DAIANE VIEIRA DE SOUZA SOARES;COORD. ADMINISTRAT./FINANCEIRA;ASSISTENTE PROCURATORIAL-PGE;COORDENADOR  AD-1; ESTATUTARIO;10469,75;;10469,75;2512,87;7956,88;
DANIEL PINHEIRO VIEGAS;GAB DO SUBPROCURADOR GERAL;PROCURADOR DO ESTADO 3A CLASSE;PROCURADOR-CHEFE; ESTATUTARIO;39425,99;132,67;39293,32;13430,54;25862,78;
DANIEL SOMBRA DA SILVA;SERV. DO QUADRO SUPLEMENTAR;MOTORISTA A;ASSIST DE CHEFIA; ESTATUTARIO;8522,73;;8522,73;1728,45;6794,28;
DANIELLE LIMA DE FIGUEIREDO;CARGOS COMISSIONADOS S/VINCULO;ASSESSOR IV;; CARGO COMISSION.S/VINCULO;3175,61;;3175,61;349,87;2825,74;
DARCI MACEDO FERREIRA;COORD. ADMINISTRAT./FINANCEIRA;AGENTE DE MANUTENCAO-PGE;; ESTATUTARIO;4242,96;;4242,96;645,90;3597,06;
DARCYCLEIDE MARA CORREA PAIXAO;COORD. ADMINISTRAT./FINANCEIRA;ASSISTENTE PROCURATORIAL-PGE;CHEFE DE SECRETARIA; ESTATUTARIO;8013,95;;8013,95;1780,90;6233,05;
DEBORA BANDEIRA KOENOW;GAB DO SUBPROCURADOR GERAL;PROCURADOR DO ESTADO 3A CLASSE;; ESTATUTARIO;30737,49;;30737,49;10703,31;20034,18;
DIOGO DINIZ FERREIRA DE CARVALHO;GAB DO SUBPROCURADOR GERAL;PROCURADOR DO ESTADO 3A CLASSE;; ESTATUTARIO;30737,49;;30737,49;10703,31;20034,18;
EDDA MARIA FELIX DA SILVA CARVALHO;CARGOS COMISSIONADOS S/VINCULO;ASSESSOR II AD-2;; CARGO COMISSION.S/VINCULO;4209,79;;4209,79;622,77;3587,02;
EDILSON NONATO DA COSTA;SERV. DO QUADRO SUPLEMENTAR;AUXILIAR TECNICO;; ESTATUTARIO;4459,84;;4459,84;762,68;3697,16;
EDMILSON DOS SANTOS GOMES;COORD. ADMINISTRAT./FINANCEIRA;AGENTE DE SEGURANCA-PGE;; ESTATUTARIO;4166,21;;4166,21;554,21;3612,00;
EDNA ARAUJO LIMA;COORD. ADMINISTRAT./FINANCEIRA;AGENTE DE MANUTENCAO-PGE;COORDENADOR AD-1; ESTATUTARIO;9675,32;;9675,32;2046,34;7628,98;
EDYSSANDRO ALBUQUERQUE BATISTA;SERV. DO QUADRO SUPLEMENTAR;ASSISTENTE ADMINISTRATIVO;; ESTATUTARIO;3906,00;;3906,00;610,80;3295,20;
ELIDA DE LIMA REIS CORREA;GAB DO SUBPROCURADOR GERAL;PROCURADOR DO ESTADO 3A CLASSE;ASSESSOR I; ESTATUTARIO;38196,49;;38196,49;13004,12;25192,37;
ELIETE SANTIAGO GARCIA;COORD. ADMINISTRAT./FINANCEIRA;ASSISTENTE PROCURATORIAL-PGE;; ESTATUTARIO;5008,34;;5008,34;967,42;4040,92;
ELIRACILDA MARTINS CASTRO;CARGOS COMISSIONADOS S/VINCULO;ASSESSOR II;; CARGO COMISSION.S/VINCULO;4209,79;;4209,79;652,57;3557,22;
ELIZABETH LOPES DUARTE;CARGOS COMISSIONADOS S/VINCULO;ASSESSOR II;; CARGO COMISSION.S/VINCULO;4209,79;;4209,79;652,57;3557,22;
ELLEN FLORENCIO SANTOS ROCHA;GAB DO SUBPROCURADOR GERAL;PROCURADOR DO ESTADO 1A CLASSE;PROCURADOR-CHEFE PPC; ESTATUTARIO;44460,00;5166,68;39293,32;13820,30;25473,02;
ELZILENE BANDEIRA CARVALHO;CARGOS COMISSIONADOS S/VINCULO;ASSESSOR II;; CARGO COMISSION.S/VINCULO;4209,79;;4209,79;622,77;3587,02;
EMERSON GOMES SANTOS;CARGOS COMISSIONADOS S/VINCULO;ASSESSOR II;NAO INFORMADO; CARGO COMISSION.S/VINCULO;5613,05;;5613,05;1035,24;4577,81;
EMIGLEIA SOARES GOMES;COORD. ADMINISTRAT./FINANCEIRA;ASSISTENTE PROCURATORIAL-PGE;; ESTATUTARIO;5066,40;;5066,40;986,01;4080,39;
ERNANDO SIMIAO DA SILVA FILHO;GAB DO SUBPROCURADOR GERAL;PROCURADOR DO ESTADO 3A CLASSE;; ESTATUTARIO;49179,99;;49179,99;16190,42;32989,57;
EUGENIO AUGUSTO CARVALHO SEELIG;GAB DO SUBPROCURADOR GERAL;PROCURADOR DO ESTADO 3A CLASSE;PROCURADOR-CHEFE; ESTATUTARIO;49289,32;;49289,32;15929,85;33359,47;
EUGENIO NUNES SILVA;GAB DO SUBPROCURADOR GERAL;PROCURADOR DO ESTADO 3A CLASSE;; ESTATUTARIO;35655,49;;35655,49;12554,93;23100,56;
EULLEN MOREIRA CORREA;CARGOS COMISSIONADOS S/VINCULO;ASSESSOR III;ASSESSOR III AD-3; CARGO COMISSION.S/VINCULO;3191,80;;3191,80;379,31;2812,49;
EVANDRO EZIDRO DE LIMA REGIS;GAB DO SUBPROCURADOR GERAL;PROCURADOR DO ESTADO 1A CLASSE;; ESTATUTARIO;40775,33;1482,01;39293,32;9498,03;29795,29;
FABIANO BURIOL;GAB DO SUBPROCURADOR GERAL;PROCURADOR DO ESTADO 3A CLASSE;; ESTATUTARIO;47540,65;;47540,65;15823,35;31717,30;
FABIO JOSE DUARTE MARQUES;CARGOS COMISSIONADOS S/VINCULO;ASSESSOR I;; CARGO COMISSION.S/VINCULO;6973,03;;6973,03;1593,40;5379,63;
FABIO PEREIRA GARCIA DOS SANTOS;GAB DO SUBPROCURADOR GERAL;PROCURADOR DO ESTADO 2A CLASSE;SUBPROCURADOR GERAL; ESTATUTARIO;46078,07;6784,75;39293,32;13569,00;25724,32;
FATIMA PICANCO BARBOSA;COORD. ADMINISTRAT./FINANCEIRA;AGENTE DE MANUTENCAO-PGE;; ESTATUTARIO;4675,32;;4675,32;701,46;3973,86;
FELIPE DE OLIVEIRA PANTOJA;CARGOS COMISSIONADOS S/VINCULO;ASSESSOR III;; CARGO COMISSION.S/VINCULO;4255,73;;4255,73;667,90;3587,83;
FRANCISCA RUBIM MIRANDA;COORD. ADMINISTRAT./FINANCEIRA;ASSISTENTE PROCURATORIAL-PGE;CHEFE DE SECRETARIA; ESTATUTARIO;9032,48;;9032,48;2151,67;6880,81;
FRANCISCO BOLIVAR RUFINO DE ARAUJO;COORD. ADMINISTRAT./FINANCEIRA;AGENTE DE SEGURANCA-PGE;; ESTATUTARIO;4234,22;;4234,22;642,98;3591,24;
FRANKLIN ARTHUR MARTINZ FILHO;GAB DO SUBPROCURADOR GERAL;PROCURADOR DO ESTADO 3A CLASSE;; ESTATUTARIO;33196,49;;33196,49;11629,12;21567,37;
FRANQUIMAR DE LIMA BARNABE;SERV. DO QUADRO SUPLEMENTAR;AUXILIAR DE SERVICOS GERAIS;; ESTATUTARIO;3756,00;;3756,00;476,35;3279,65;
GABRIELA MUNIZ DE MOURA;GAB DO SUBPROCURADOR GERAL;PROCURADOR DO ESTADO 3A CLASSE;; ESTATUTARIO;25819,49;;25819,49;8851,68;16967,81;
GENICE SOCORRO FONSECA COELHO;COORD. ADMINISTRAT./FINANCEIRA;ASSISTENTE PROCURATORIAL-PGE;; ESTATUTARIO;5008,34;;5008,34;924,76;4083,58;
GERSON MEIRELLES DE FRANCA FILHO;CARGOS COMISSIONADOS S/VINCULO;ASSESSOR III;NAO INFORMADO; CARGO COMISSION.S/VINCULO;3191,80;;3191,80;379,31;2812,49;
GILBERT CHARLES DA SILVA LADISLAU;COORD. ADMINISTRAT./FINANCEIRA;AGENTE DE SEGURANCA-PGE;; ESTATUTARIO;8473,53;;8473,53;1297,20;7176,33;
GIORDANO BRUNO COSTA DA CRUZ;GAB DO SUBPROCURADOR GERAL;PROCURADOR DO ESTADO 3A CLASSE;PROCURADOR-CHEFE; ESTATUTARIO;39425,99;132,67;39293,32;13430,54;25862,78;
GLADSTON ARAUJO NICOLAU;COORD. ADMINISTRAT./FINANCEIRA;AUXILIAR PROCURATORIAL-PGE;; ESTATUTARIO;3756,00;;3756,00;476,35;3279,65;
GLICIA PEREIRA BRAGA;GAB DO SUBPROCURADOR GERAL;PROCURADOR DO ESTADO 2A CLASSE;; ESTATUTARIO;49424,40;;49424,40;16484,78;32939,62;
GRACIETE DA SILVA VALENTE;COORD. ADMINISTRAT./FINANCEIRA;ASSISTENTE PROCURATORIAL-PGE;CHEFE DE SECRET.; ESTATUTARIO;9006,02;;9006,02;2142,04;6863,98;
GUARACY TAVARES EDWARDS;SERV. DO QUADRO SUPLEMENTAR;ASSISTENTE ADMINISTRATIVO;; ESTATUTARIO;3949,22;;3949,22;671,13;3278,09;
GUILHERMINA INEZ DE LIMA BATISTA;COORD. ADMINISTRAT./FINANCEIRA;ASSISTENTE PROCURATORIAL-PGE;; ESTATUTARIO;5008,34;;5008,34;967,42;4040,92;
GUSTAVO CABREJOS MARQUES;CARGOS COMISSIONADOS S/VINCULO;ASSESSOR IV;NAO INFORMADO; CARGO COMISSION.S/VINCULO;3175,61;;3175,61;375,23;2800,38;
HELGA COSTA MENDONCA DE REZENDE;GAB DO SUBPROCURADOR GERAL;PROCURADOR DO ESTADO 3A CLASSE;; ESTATUTARIO;33196,49;;33196,49;11576,98;21619,51;
HELLEN CRISTINA SILVA MORAES;COORD. ADMINISTRAT./FINANCEIRA;ASSISTENTE PROCURATORIAL-PGE;; ESTATUTARIO;6408,00;;6408,00;1349,59;5058,41;
HELOYSA SIMONETTI TEIXEIRA;GAB DO SUBPROCURADOR GERAL;PROCURADOR DO ESTADO 1A CLASSE;DIRETOR; ESTATUTARIO;44459,99;5166,67;39293,32;13924,57;25368,75;
HERALDO ALFAIA DA SILVA;COORD. ADMINISTRAT./FINANCEIRA;AGENTE DE MANUTENCAO-PGE;; ESTATUTARIO;4685,29;;4685,29;747,31;3937,98;
INDRA MARA DOS SANTOS BESSA;GAB DO SUBPROCURADOR GERAL;PROCURADOR DO ESTADO 1A CLASSE;; ESTATUTARIO;49134,27;4339,89;44794,38;15437,36;29357,02;
INEIDE GOMES DE SOUZA MELO;COORD. ADMINISTRAT./FINANCEIRA;AGENTE DE MANUTENCAO-PGE;; ESTATUTARIO;4685,29;;4685,29;747,31;3937,98;
INGRID KHAMYLLA MONTEIRO X SOUSA;GAB DO SUBPROCURADOR GERAL;PROCURADOR DO ESTADO 3A CLASSE;ASSESSOR-CHEFE; ESTATUTARIO;44371,32;;44371,32;14203,02;30168,30;
IOLANDA MELO MESQUITA;CARGOS COMISSIONADOS S/VINCULO;ASSESSOR III;NAO INFORMADO; CARGO COMISSION.S/VINCULO;4255,73;;4255,73;667,90;3587,83;
ISABELA PERES RUSSO;GAB DO SUBPROCURADOR GERAL;PROCURADOR DO ESTADO 2A CLASSE;SECRETÁRIA CPE AD-2; ESTATUTARIO;40068,30;774,98;39293,32;13646,60;25646,72;
ISABELLE QUEIROZ DE LIMA;CARGOS COMISSIONADOS S/VINCULO;ASSESSOR II;; CARGO COMISSION.S/VINCULO;4209,79;;4209,79;652,57;3557,22;
ISALTINO JOSE BARBOSA NETO;GAB DO SUBPROCURADOR GERAL;PROCURADOR DO ESTADO 3A CLASSE;SUBPROCURADOR GERAL; ESTATUTARIO;40066,99;773,67;39293,32;13180,95;26112,37;
ISLENE BOTELHO BARROSO;COORD. ADMINISTRAT./FINANCEIRA;ASSISTENTE PROCURATORIAL-PGE;COORDENADOR AD-1; ESTATUTARIO;11577,67;;11577,67;2848,00;8729,67;
IVANIA LUCIA SILVA COSTA;GAB DO SUBPROCURADOR GERAL;PROCURADOR DO ESTADO 3A CLASSE;; ESTATUTARIO;34425,99;;34425,99;12092,03;22333,96;
JACIQUARA TAVARES EDWARDS;COORD. ADMINISTRAT./FINANCEIRA;ASSISTENTE PROCURATORIAL-PGE;CHEFE DE SECRETARIA; ESTATUTARIO;8154,93;;8154,93;1832,21;6322,72;
JAIR AGOSTINHO PEREIRA PINTO;CARGOS COMISSIONADOS S/VINCULO;ASSESSOR II;; CARGO COMISSION.S/VINCULO;4209,79;;4209,79;622,77;3587,02;
JANDIRA MARQUES DA SILVA;COORD. ADMINISTRAT./FINANCEIRA;AUXILIAR PROCURATORIAL-PGE;; ESTATUTARIO;4685,29;;4685,29;704,65;3980,64;
JANE CLAY PAIXAO DA SILVA;COORD. ADMINISTRAT./FINANCEIRA;ASSISTENTE PROCURATORIAL-PGE;; ESTATUTARIO;4393,28;;4393,28;798,55;3594,73;
JANEIDE RAMALHO DE SOUZA;COORD. ADMINISTRAT./FINANCEIRA;ASSISTENTE PROCURATORIAL-PGE;; ESTATUTARIO;5008,34;;5008,34;924,76;4083,58;
JANILSON DA COSTA BARROS;GAB DO SUBPROCURADOR GERAL;PROCURADOR DO ESTADO 3A CLASSE;; ESTATUTARIO;42622,65;;42622,65;14096,52;28526,13;
JANSER NEY CARNEIRO FREIRE;COORD. ADMINISTRAT./FINANCEIRA;AGENTE DE MANUTENCAO-PGE;; ESTATUTARIO;4242,96;;4242,96;645,90;3597,06;
JEFFERSON DA COSTA CORDEIRO;GABINETE DO PROCURADOR;TECNICO-TEC-T.S.N.S.-A;ASSESSOR II; ESTATUTARIO;5575,42;;5575,42;823,79;4751,63;
JESSE JORGE DE CARVALHO LINS;COORD. ADMINISTRAT./FINANCEIRA;ASSISTENTE PROCURATORIAL-PGE;CHEFE DE SECRETARIA; ESTATUTARIO;9006,02;;9006,02;2142,04;6863,98;
JOAO AUGUSTO BRUCE LOUREIRO;COORD. ADMINISTRAT./FINANCEIRA;ASSISTENTE PROCURATORIAL-PGE;; ESTATUTARIO;4393,28;;4393,28;829,03;3564,25;
JOAO DE SA BEZERRA;COORD. ADMINISTRAT./FINANCEIRA;AGENTE DE SEGURANCA-PGE;; ESTATUTARIO;4363,54;;4363,54;644,30;3719,24;
JOAO DO NASCIMENTO SANTOS;COORD. ADMINISTRAT./FINANCEIRA;AGENTE DE SEGURANCA-PGE;CHEFE DE SECRETARIA; ESTATUTARIO;7556,90;;7556,90;1434,98;6121,92;
JOAO MARCOS CONCEICAO BERNARDO;CARGOS COMISSIONADOS S/VINCULO;ASSESSOR II;; CARGO COMISSION.S/VINCULO;4209,79;;4209,79;652,57;3557,22;
JOAO VITOR CASTELLO BRANCO GIRAO;GAB DO SUBPROCURADOR GERAL;ASSESSOR II;NAO INFORMADO; CARGO COMISSION.S/VINCULO;6455,01;;6455,01;1450,95;5004,06;
JONAS DE PAULA MELO;COORD. ADMINISTRAT./FINANCEIRA;ASSISTENTE PROCURATORIAL-PGE;; ESTATUTARIO;4509,50;;4509,50;801,38;3708,12;
JORGE DE SOUZA SALES;COORD. ADMINISTRAT./FINANCEIRA;AGENTE DE MANUTENCAO-PGE;; ESTATUTARIO;5689,61;;5689,61;843,85;4845,76;
JORGE HENRIQUE DE FREITAS PINHO;GAB DO SUBPROCURADOR GERAL;PROCURADOR DO ESTADO 1A CLASSE;PROCURADOR GERAL; ESTATUTARIO;58049,66;18756,34;39293,32;13355,33;25937,99;
JOSE AUGUSTO MENEZES DA ROCHA;COORD. ADMINISTRAT./FINANCEIRA;ASSISTENTE PROCURATORIAL-PGE;ASSIST. DE CHEFIA; ESTATUTARIO;10006,02;;10006,02;2417,04;7588,98;
JOSE DARIO DE MATTOS NASCIMENTO;CARGOS COMISSIONADOS S/VINCULO;ASSESSOR III;; CARGO COMISSION.S/VINCULO;3191,80;;3191,80;379,31;2812,49;
JOSE MEDEIROS FILHO;COORD. ADMINISTRAT./FINANCEIRA;MOTORISTA-PGE;; ESTATUTARIO;5124,18;;5124,18;887,83;4236,35;
JOSE MIGUEL BATALHA SERRA;COORD. ADMINISTRAT./FINANCEIRA;ASSISTENTE PROCURATORIAL-PGE;; ESTATUTARIO;4393,28;;4393,28;713,65;3679,63;
JOSE RUY BALIEIRO LIMA;COORD. ADMINISTRAT./FINANCEIRA;MOTORISTA-PGE;; ESTATUTARIO;4892,70;;4892,70;819,92;4072,78;
JUAREZ DE ALMEIDA CUNHA;COORD. ADMINISTRAT./FINANCEIRA;AGENTE ADMINISTRATIVO 3A CLASSE;; ESTATUTARIO;4083,54;;4083,54;587,37;3496,17;
JUCELINNO ARAUJO LIMA;GAB DO SUBPROCURADOR GERAL;PROCURADOR DO ESTADO 3A CLASSE;; ESTATUTARIO;34425,99;;34425,99;11987,75;22438,24;
JUCIMAR NASCIMENTO DE SOUZA;CARGOS COMISSIONADOS S/VINCULO;ASSESSOR II;ASSESSOR II AD-2; CARGO COMISSION.S/VINCULO;4209,79;;4209,79;594,34;3615,45;
JUCINEIDE MOREIRA DE SOUZA;COORD. ADMINISTRAT./FINANCEIRA;AGENTE DE MANUTENCAO-PGE;; ESTATUTARIO;4387,66;;4387,66;652,02;3735,64;
JULIO CESAR DE VASCONCELLOS ASSAD;GAB DO SUBPROCURADOR GERAL;PROCURADOR DO ESTADO 3A CLASSE;PROCURADOR-CHEFE; ESTATUTARIO;43114,49;3821,17;39293,32;13700,65;25592,67;
JULIO CEZAR LIMA BRANDAO;GAB DO SUBPROCURADOR GERAL;PROCURADOR DO ESTADO 1A CLASSE;; ESTATUTARIO;42090,66;2797,34;39293,32;13119,79;26173,53;
KALINA MADDY MACEDO COHEN;GAB DO SUBPROCURADOR GERAL;PROCURADOR DO ESTADO 2A CLASSE;; ESTATUTARIO;42068,30;2774,98;39293,32;13594,46;25698,86;
KARINA ARAUJO NERY;CARGOS COMISSIONADOS S/VINCULO;ASSESSOR III;; CARGO COMISSION.S/VINCULO;3191,80;;3191,80;379,31;2812,49;
KARINE ROBERTA SOUZA DA SILVA;CARGOS COMISSIONADOS S/VINCULO;ASSESSOR I;NAO INFORMADO; CARGO COMISSION.S/VINCULO;5229,77;;5229,77;992,73;4237,04;
KARLA BRITO NOVO;GAB DO SUBPROCURADOR GERAL;PROCURADOR DO ESTADO 2A CLASSE;; ESTATUTARIO;35790,08;;35790,08;10066,30;25723,78;
KARLA PASSOS TELLES DE S ITUASSU;CARGOS COMISSIONADOS S/VINCULO;ASSESSOR ESPECIAL AD-1;; CARGO COMISSION.S/VINCULO;5229,77;;5229,77;992,73;4237,04;
KAROLINE ROCHA DA SILVA EVANGELISTA;CARGOS COMISSIONADOS S/VINCULO;ASSESSOR II;; CARGO COMISSION.S/VINCULO;4209,79;;4209,79;652,57;3557,22;
KATIA SANTOS CASTELLO BRANCO;COORD. ADMINISTRAT./FINANCEIRA;ASSISTENTE PROCURATORIAL-PGE;; ESTATUTARIO;5445,96;;5445,96;1085,91;4360,05;
KECIA RIBEIRO DOS SANTOS;CARGOS COMISSIONADOS S/VINCULO;ASSESSOR II;; CARGO COMISSION.S/VINCULO;4209,79;;4209,79;652,57;3557,22;
KERINNE MARIA FREITAS PINHEIRO;GAB DO SUBPROCURADOR GERAL;PROCURADOR DO ESTADO 3A CLASSE;; ESTATUTARIO;40983,32;;40983,32;13520,91;27462,41;
KEVIN SHOU HIGASHIOKA;CARGOS COMISSIONADOS S/VINCULO;ASSESSOR II;NAO INFORMADO; CARGO COMISSION.S/VINCULO;4209,79;;4209,79;652,57;3557,22;
LAERCIO DE CASTRO DOURADO JUNIOR;GAB DO SUBPROCURADOR GERAL;PROCURADOR DO ESTADO 3A CLASSE;; ESTATUTARIO;35655,49;;35655,49;12502,80;23152,69;
LARISSA AFONSO DOMINGUES DE CASTRO;CARGOS COMISSIONADOS S/VINCULO;ASSESSOR ESPECIAL AD-1;; CARGO COMISSION.S/VINCULO;5229,77;;5229,77;992,73;4237,04;
LEANDRO VENICIUS FONSECA ROZEIRA;GAB DO SUBPROCURADOR GERAL;PROCURADOR DO ESTADO 3A CLASSE;; ESTATUTARIO;34425,99;;34425,99;12092,03;22333,96;
LEILA MARIA RAPOSO XAVIER LEITE;GAB DO SUBPROCURADOR GERAL;PROCURADOR DO ESTADO 2A CLASSE;; ESTATUTARIO;54000,72;1609,63;52391,09;17526,46;34864,63;
LEONARDO DE BORBOREMA BLASCH;GAB DO SUBPROCURADOR GERAL;PROCURADOR DO ESTADO 2A CLASSE;SUBPROC.GERAL-ADJ; ESTATUTARIO;43890,08;4596,76;39293,32;12399,29;26894,03;
LIA SOUTO MAIOR MENDES;CARGOS COMISSIONADOS S/VINCULO;ASSESSOR III;NAO INFORMADO; CARGO COMISSION.S/VINCULO;3191,80;;3191,80;379,31;2812,49;
LILIAN VALERIA DO SOCORRO C HADDAD;COORD. ADMINISTRAT./FINANCEIRA;ASSISTENTE PROCURATORIAL-PGE;CHEFE DE SECRET.; ESTATUTARIO;8259,70;;8259,70;1831,64;6428,06;
LISIEUX RIBEIRO LIMA;GAB DO SUBPROCURADOR GERAL;PROCURADOR DO ESTADO 3A CLASSE;; ESTATUTARIO;33196,49;;33196,49;11629,12;21567,37;
LORENA SILVA DE ALBUQUERQUE;GAB DO SUBPROCURADOR GERAL;PROCURADOR DO ESTADO 3A CLASSE;; ESTATUTARIO;34425,99;;34425,99;12092,03;22333,96;
LUCAS MATHEUS MARTINS DOS SANTOS;CARGOS COMISSIONADOS S/VINCULO;ASSESSOR III;NAO INFORMADO; CARGO COMISSION.S/VINCULO;3191,80;;3191,80;379,31;2812,49;
LUCIANA ARAUJO PAES;GAB DO SUBPROCURADOR GERAL;PROCURADOR DO ESTADO 3A CLASSE;; ESTATUTARIO;34425,99;;34425,99;12092,03;22333,96;
LUCIANA BARROSO DE FREITAS;GAB DO SUBPROCURADOR GERAL;PROCURADOR DO ESTADO 3A CLASSE;; ESTATUTARIO;33196,49;;33196,49;11629,12;21567,37;
LUCIANA GUIMARAES PINHEIRO VIEIRA;GAB DO SUBPROCURADOR GERAL;PROCURADOR DO ESTADO 2A CLASSE;PROCURADOR-CHEFE; ESTATUTARIO;42068,30;2774,98;39293,32;13646,60;25646,72;
LUIS CARLOS DE PAULA E SOUSA;GAB DO SUBPROCURADOR GERAL;PROCURADOR DO ESTADO 1A CLASSE;; ESTATUTARIO;52557,77;166,68;52391,09;17474,32;34916,77;
LUIS EDUARDO MENDES DANTAS;GAB DO SUBPROCURADOR GERAL;PROCURADOR DO ESTADO 3A CLASSE;; ESTATUTARIO;30737,49;;30737,49;10703,31;20034,18;
LUIS NAZARE CRUZ DA SILVA;COORD. ADMINISTRAT./FINANCEIRA;TECNICO EM GESTAO PROCURATORIAL-PGE;ASSIST.DE CHEFIA; ESTATUTARIO;16394,20;;16394,20;4401,04;11993,16;
LUIS RICARDO DA SILVA SANTOS;CARGOS COMISSIONADOS S/VINCULO;ASSESSOR II;; CARGO COMISSION.S/VINCULO;4209,79;;4209,79;594,34;3615,45;
LUIZ GUSTAVO LOPES FURTADO BATISTA;CARGOS COMISSIONADOS S/VINCULO;ASSESSOR III;NAO INFORMADO; CARGO COMISSION.S/VINCULO;3191,80;;3191,80;379,31;2812,49;
MAIRA BATISTA COSTA;CARGOS COMISSIONADOS S/VINCULO;ASSESSOR II;NAO INFORMADO; CARGO COMISSION.S/VINCULO;4209,79;;4209,79;652,57;3557,22;
MANOEL LIRA DE SOUSA;COORD. ADMINISTRAT./FINANCEIRA;ASSISTENTE PROCURATORIAL-PGE;; ESTATUTARIO;5038,25;;5038,25;976,99;4061,26;
MARCELLO HENRIQUE SOARES CIPRIANO;GAB DO SUBPROCURADOR GERAL;PROCURADOR DO ESTADO 2A CLASSE;PROCURADOR-CHEFE; ESTATUTARIO;55166,07;2774,98;52391,09;17248,48;35142,61;
MARCELO AUGUSTO ALBUQUERQUE CUNHA;GAB DO SUBPROCURADOR GERAL;PROCURADOR DO ESTADO 1A CLASSE;; ESTATUTARIO;38144,66;;38144,66;13387,83;24756,83;
MARCIA SENA CASTRO DE SOUZA;COORD. ADMINISTRAT./FINANCEIRA;ASSISTENTE PROCURATORIAL-PGE;COORDENADOR AD-1; ESTATUTARIO;11378,85;;11378,85;2773,71;8605,14;
MARIA AUXILIADORA AIRES DE SOUZA;CARGOS COMISSIONADOS S/VINCULO;ASSESSOR II;; CARGO COMISSION.S/VINCULO;4209,79;;4209,79;652,57;3557,22;
MARIA DAS GRACAS BELEM NASCIMENTO;COORD. ADMINISTRAT./FINANCEIRA;AUXILIAR DE SERV GERAIS 2A CLASSE;; ESTATUTARIO;3764,74;;3764,74;478,70;3286,04;
MARIA DE BELEM CARDOSO DE ANDRADE;CARGOS COMISSIONADOS S/VINCULO;GERENTE;NAO INFORMADO; CARGO COMISSION.S/VINCULO;4209,79;;4209,79;652,57;3557,22;
MARIA DE FATIMA BRASIL AVELINO;COORD. ADMINISTRAT./FINANCEIRA;TELEFONISTA 180 HS;ASSIST.DE SECRET.; ESTATUTARIO;8732,18;;8732,18;1767,10;6965,08;
MARIA DE FATIMA SOARES GOMES;COORD. ADMINISTRAT./FINANCEIRA;ASSISTENTE PROCURATORIAL-PGE;; ESTATUTARIO;5025,04;;5025,04;972,76;4052,28;
MARIA DE MATTIAS DE SOUZA DA COSTA;CARGOS COMISSIONADOS S/VINCULO;ASSESSOR III;NAO INFORMADO; CARGO COMISSION.S/VINCULO;4255,73;;4255,73;667,90;3587,83;
MARIA DO PERPETUO S ALBUQUERQUE;COORD. ADMINISTRAT./FINANCEIRA;ASSISTENTE PROCURATORIAL-PGE;; ESTATUTARIO;5028,28;;5028,28;973,80;4054,48;
MARIA DO PERPETUO SOCORRO O SANTOS;COORD. ADMINISTRAT./FINANCEIRA;ASSISTENTE PROCURATORIAL-PGE;CHEFE DE SECRETARIA; ESTATUTARIO;10828,64;;10828,64;2792,00;8036,64;
MARIA DO SOCORRO PIRES DE MOURA;SERV. DO QUADRO SUPLEMENTAR;ASSISTENTE TECNICO 3A CLASSE;CHEF. DE SECRET.; ESTATUTARIO;8436,00;;8436,00;1907,29;6528,71;
MARIA FLORENCIA SILVA;GAB DO SUBPROCURADOR GERAL;PROCURADOR DO ESTADO 2A CLASSE;; ESTATUTARIO;51128,68;;51128,68;16978,92;34149,76;
MARIA GISLAINE LOUREIRO DE M MATTOS;COORD. ADMINISTRAT./FINANCEIRA;ASSISTENTE PROCURATORIAL-PGE;CHEFE DE SECRETARIA; ESTATUTARIO;8478,49;;8478,49;2018,29;6460,20;
MARIA GORETH DA SILVA CALDERARO;COORD. ADMINISTRAT./FINANCEIRA;ASSISTENTE PROCURATORIAL-PGE;CHEF-DE-SECRET.; ESTATUTARIO;9145,91;;9145,91;2192,97;6952,94;
MARIA HELENA MOUSSE PORTELA;CARGOS COMISSIONADOS S/VINCULO;ASSESSOR DE ENGENHARIA;NAO INFORMADO; CARGO COMISSION.S/VINCULO;6973,03;;6973,03;1593,40;5379,63;
MARIA HOSANA DE SOUZA MONTEIRO;GAB DO SUBPROCURADOR GERAL;PROCURADOR DO ESTADO 1A CLASSE;PROCURADOR-CHEFE; ESTATUTARIO;57557,77;5166,68;52391,09;17422,18;34968,91;
MARIA LUZIA DE OLIVEIRA PANTOJA;COORD. ADMINISTRAT./FINANCEIRA;ASSISTENTE PROCURATORIAL-PGE;GERENTE AD-2; ESTATUTARIO;10255,44;;10255,44;2455,70;7799,74;
MATEUS SEVERIANO DA COSTA;GAB DO SUBPROCURADOR GERAL;PROCURADOR DO ESTADO 3A CLASSE;; ESTATUTARIO;31966,99;;31966,99;11166,21;20800,78;
MATHEUS JOSE ALVES DE LIMA;CARGOS COMISSIONADOS S/VINCULO;ASSESSOR IV;NAO INFORMADO; CARGO COMISSION.S/VINCULO;3175,61;;3175,61;375,23;2800,38;
MAURO GOMES COELHO;CARGOS COMISSIONADOS S/VINCULO;ASSESSOR ESPECIAL AD-1;; CARGO COMISSION.S/VINCULO;5229,77;;5229,77;907,42;4322,35;
MICAEL PINHEIRO NEVES SILVA;GAB DO SUBPROCURADOR GERAL;PROCURADOR DO ESTADO 3A CLASSE;; ESTATUTARIO;33196,49;;33196,49;11472,71;21723,78;
MICKAELA ANTONY DANTAS BARROS;CARGOS COMISSIONADOS S/VINCULO;ASSESSOR ESPECIAL AD-1;; CARGO COMISSION.S/VINCULO;5229,77;;5229,77;992,73;4237,04;
MIGUEL RIBAMAR DE OLIVEIRA PROGENIO;SERV. DO QUADRO SUPLEMENTAR;AGENTE ADMINISTRATIVO;; ESTATUTARIO;4410,00;;4410,00;706,66;3703,34;
MILTON NEVES DE SOUZA JUNIOR;CARGOS COMISSIONADOS S/VINCULO;ASSESSOR III;NAO INFORMADO; CARGO COMISSION.S/VINCULO;3191,80;;3191,80;379,31;2812,49;
MILVA DA COSTA SERUDO MARTINS;COORD. ADMINISTRAT./FINANCEIRA;ASSISTENTE PROCURATORIAL-PGE;CHEFE DE SECRET.; ESTATUTARIO;9251,09;;9251,09;2231,26;7019,83;
NATASHA YUKIE HARA DE OLIVEIRA;GAB DO SUBPROCURADOR GERAL;PROCURADOR DO ESTADO 3A CLASSE;; ESTATUTARIO;30737,49;;30737,49;10703,31;20034,18;
NEUSA DIDIA BRANDAO SOARES ANGELUCI;GAB DO SUBPROCURADOR GERAL;PROCURADOR DO ESTADO 2A CLASSE;; ESTATUTARIO;45125,79;331,41;44794,38;15385,23;29409,15;
NEUSA MARIA DE FARIAS;COORD. ADMINISTRAT./FINANCEIRA;ASSISTENTE PROCURATORIAL-PGE;; ESTATUTARIO;5073,30;;5073,30;988,22;4085,08;
NICOLE BARBOSA DOS SANTOS;CARGOS COMISSIONADOS S/VINCULO;ASSESSOR ESPECIAL;NAO INFORMADO; CARGO COMISSION.S/VINCULO;5229,77;;5229,77;992,73;4237,04;
NISTON RIBEIRO SALDANHA;CARGOS COMISSIONADOS S/VINCULO;ASSESSOR II;; CARGO COMISSION.S/VINCULO;4209,79;;4209,79;652,57;3557,22;
NORMA SUELY LIMA DE MELO;COORD. ADMINISTRAT./FINANCEIRA;ASSISTENTE PROCURATORIAL-PGE;GERENTE AD-2; ESTATUTARIO;9996,06;;9996,06;2413,42;7582,64;
NUBIA ZELANDIA GOMES DA ROCHA;COORD. ADMINISTRAT./FINANCEIRA;ASSISTENTE PROCURATORIAL-PGE;CHEFE DE SECRETARIA; ESTATUTARIO;9008,34;;9008,34;2053,85;6954,49;
ONILDA ABREU DA SILVA;GAB DO SUBPROCURADOR GERAL;PROCURADOR DO ESTADO 2A CLASSE;COORDENADOR; ESTATUTARIO;43346,52;4053,20;39293,32;13776,34;25516,98;
PATRICIA PETRUCCELLI MARINHO;GAB DO SUBPROCURADOR GERAL;PROCURADOR DO ESTADO 2A CLASSE;; ESTATUTARIO;37068,30;;37068,30;12982,58;24085,72;
PAULO JOSE GOMES DE CARVALHO;GAB DO SUBPROCURADOR GERAL;PROCURADOR DO ESTADO 1A CLASSE;CORREGEDOR; ESTATUTARIO;60046,14;15251,76;44794,38;15437,36;29357,02;
PEDRO ANTONIO DE SOUZA MEIRELES;COORD. ADMINISTRAT./FINANCEIRA;ASSISTENTE PROCURATORIAL-PGE;GERENTE AD-2; ESTATUTARIO;8402,03;;8402,03;1835,86;6566,17;
PEDRO PICANCO BARBOSA;COORD. ADMINISTRAT./FINANCEIRA;ASSISTENTE PROCURATORIAL-PGE;; ESTATUTARIO;4402,03;;4402,03;687,15;3714,88;
RAFAEL CANDIDO DA SILVA;GAB DO SUBPROCURADOR GERAL;PROCURADOR DO ESTADO 3A CLASSE;; ESTATUTARIO;34425,99;;34425,99;12039,89;22386,10;
RAFAEL LINS BERTAZZO;GAB DO SUBPROCURADOR GERAL;PROCURADOR DO ESTADO 3A CLASSE;PROCURADOR-CHEFE; ESTATUTARIO;31966,99;;31966,99;11166,21;20800,78;
RAIANA FRANCIS DA COSTA CABRAL;CARGOS COMISSIONADOS S/VINCULO;ASSIST.ADM.DA FAZENDA EST.4A.CL.V;ASSESSOR I; ESTATUTARIO;5000,00;;5000,00;453,50;4546,50;
RAIANNE VITORINO DO NASCIMENTO;CARGOS COMISSIONADOS S/VINCULO;ASSESSOR IV;; CARGO COMISSION.S/VINCULO;4234,15;;4234,15;660,70;3573,45;
RAIMUNDA LACERDA DE AZEVEDO;COORD. ADMINISTRAT./FINANCEIRA;AGENTE DE MANUTENCAO-PGE;; ESTATUTARIO;4991,28;;4991,28;845,28;4146,00;
RAIMUNDA LOURDES ALVES DE ALMEIDA;SERV. DO QUADRO SUPLEMENTAR;ASSISTENTE ADMINISTRATIVO;CH DE SECRETARIA; ESTATUTARIO;7410,00;;7410,00;1533,79;5876,21;
RAIMUNDO DELFINO DA CUNHA FILHO;SERV. DO QUADRO SUPLEMENTAR;VIGIA;; ESTATUTARIO;5308,00;;5308,00;830,55;4477,45;
RAQUEL BENTES DE SOUZA NASCIMENTO;GAB DO SUBPROCURADOR GERAL;PROCURADOR DO ESTADO 3A CLASSE;PROCURADOR-CHEFE; ESTATUTARIO;40655,49;1362,17;39293,32;13503,20;25790,12;
RAYANNE PINHEIRO DE ARAUJO SOUSA;CARGOS COMISSIONADOS S/VINCULO;GERENTE;; CARGO COMISSION.S/VINCULO;4209,79;;4209,79;622,77;3587,02;
REBECA LIMA DOS SANTOS;CARGOS COMISSIONADOS S/VINCULO;ASSESSOR IV;; CARGO COMISSION.S/VINCULO;3175,61;;3175,61;343,01;2832,60;
REINALDO DE ARAUJO SILVA;COORD. ADMINISTRAT./FINANCEIRA;AUXILIAR DE SERV GERAIS 3A CLASSE;; ESTATUTARIO;3764,74;;3764,74;421,82;3342,92;
RENAN TAKETOMI DE MAGALHAES;GAB PROCURADOR GERAL DO ESTADO;PROCURADOR DO ESTADO 3A CLASSE;; ESTATUTARIO;31966,99;;31966,99;11166,21;20800,78;
RICARDO ANTONIO REZENDE DE JESUS;GAB DO SUBPROCURADOR GERAL;PROCURADOR DO ESTADO 1A CLASSE;; ESTATUTARIO;44459,99;5166,67;39293,32;13924,57;25368,75;
RITA DE CASSIA DE ALBUQUERQUE PINTO;SERV. DO QUADRO SUPLEMENTAR;DESENHISTA GRAFICO B;; ESTATUTARIO;3906,00;;3906,00;631,06;3274,94;
ROBERTA FERREIRA DE ANDRADE MOTA;GAB DO SUBPROCURADOR GERAL;PROCURADOR DO ESTADO 1A CLASSE;; ESTATUTARIO;39460,00;166,68;39293,32;13820,30;25473,02;
RODECILDO LEAL DA SILVA;COORD. ADMINISTRAT./FINANCEIRA;AGENTE DE MANUTENCAO-PGE;; ESTATUTARIO;4234,22;;4234,22;609,89;3624,33;
RODRIGO DO NASCIMENTO NUNES;COORD. ADMINISTRAT./FINANCEIRA;TECNICO EM GESTAO PROCURATORIAL-PGE;TEC. NIVEL SUPERIOR; ESTATUTARIO;6670,63;;6670,63;1642,13;5028,50;
ROMULO DE SOUZA CARPINTEIRO PERES;GAB DO SUBPROCURADOR GERAL;PROCURADOR DO ESTADO 2A CLASSE;COORDENADOR AD-1; ESTATUTARIO;40790,08;1496,76;39293,32;13569,00;25724,32;
RONALD DE SOUSA CARPINTEIRO PERES;GAB DO SUBPROCURADOR GERAL;PROCURADOR DO ESTADO 1A CLASSE;; ESTATUTARIO;39460,00;166,68;39293,32;13924,57;25368,75;
ROSINEIDE LOPES DO NASCIMENTO;COORD. ADMINISTRAT./FINANCEIRA;AGENTE DE MANUTENCAO-PGE;; ESTATUTARIO;4675,32;;4675,32;744,12;3931,20;
RUTH XIMENES DE SABOIA;GAB DO SUBPROCURADOR GERAL;PROCURADOR DO ESTADO 2A CLASSE;; ESTATUTARIO;47682,22;2887,84;44794,38;15228,81;29565,57;
SALVIA DE SOUZA HADDAD;GAB DO SUBPROCURADOR GERAL;PROCURADOR DO ESTADO 3A CLASSE;; ESTATUTARIO;45901,32;;45901,32;15247,74;30653,58;
SANDRA MARIA DO COUTO E SILVA;GAB DO SUBPROCURADOR GERAL;PROCURADOR DO ESTADO 1A CLASSE;PROCURADOR-CHEFE; ESTATUTARIO;48907,05;4112,67;44794,38;15437,36;29357,02;
SARA YULE AGUIAR MATOS;CARGOS COMISSIONADOS S/VINCULO;ASSESSOR II;ASSESSOR II AD-2; CARGO COMISSION.S/VINCULO;4209,79;;4209,79;652,57;3557,22;
SEBASTIAO DA COSTA E SILVA;COORD. ADMINISTRAT./FINANCEIRA;AGENTE DE MANUTENCAO-PGE;; ESTATUTARIO;3981,88;;3981,88;570,45;3411,43;
SELMA MARIA BATISTA DOS SANTOS;COORD. ADMINISTRAT./FINANCEIRA;ASSISTENTE PROCURATORIAL-PGE;COORDENADOR AD-1; ESTATUTARIO;10116,15;;10116,15;2315,96;7800,19;
SIGRID MARIA LOPES FREIRE;COORD. ADMINISTRAT./FINANCEIRA;ASSISTENTE PROCURATORIAL-PGE;; ESTATUTARIO;3906,00;;3906,00;631,06;3274,94;
SILENO KLEBER RAMOS LINS;SERV. DO QUADRO SUPLEMENTAR;VIGIA;; ESTATUTARIO;3756,00;;3756,00;419,47;3336,53;
SIMONETE GOMES SANTOS ARAUJO;GAB DO SUBPROCURADOR GERAL;PROCURADOR DO ESTADO 2A CLASSE;; ESTATUTARIO;45125,79;331,41;44794,38;15437,36;29357,02;
SOLANGE CORREA NUNES;SERV. DO QUADRO SUPLEMENTAR;ASSISTENTE ADMINISTRATIVO;CHEFE DE SECRETARIA; ESTATUTARIO;8230,80;;8230,80;1832,59;6398,21;
SUELEM CARNEIRO FONSECA;CARGOS COMISSIONADOS S/VINCULO;GERENTE;NAO INFORMADO; CARGO COMISSION.S/VINCULO;5613,05;;5613,05;1136,13;4476,92;
SUZY CORDEIRO ACRIZ;CARGOS COMISSIONADOS S/VINCULO;ASSESSOR II;NAO INFORMADO; CARGO COMISSION.S/VINCULO;4209,79;;4209,79;652,57;3557,22;
TADEU DE SOUZA SILVA;GAB DO SUBPROCURADOR GERAL;PROCURADOR DO ESTADO 3A CLASSE;; ESTATUTARIO;35655,49;;35655,49;10739,93;24915,56;
TATIANA DA COSTA PAZ;CARGOS COMISSIONADOS S/VINCULO;ASSESSOR II;; CARGO COMISSION.S/VINCULO;5613,05;;5613,05;1136,13;4476,92;
TATIANNE VIEIRA ASSAYAG TOLEDO;GAB DO SUBPROCURADOR GERAL;PROCURADOR DO ESTADO 2A CLASSE;; ESTATUTARIO;37068,30;6057,09;31011,21;11264,74;19746,47;
TAYNAH DE AMORIM LACERDA;CARGOS COMISSIONADOS S/VINCULO;ASSESSOR III;NAO INFORMADO; CARGO COMISSION.S/VINCULO;3191,80;;3191,80;379,31;2812,49;
TENORIO DOS SANTOS TEIXEIRA;COORD. ADMINISTRAT./FINANCEIRA;AGENTE DE MANUTENCAO-PGE;; ESTATUTARIO;3986,96;;3986,96;571,82;3415,14;
TEREZINHA DOS SANTOS SILVA;SERV. DO QUADRO SUPLEMENTAR;ASSISTENTE TECNICO 2A CLASSE;; ESTATUTARIO;4410,00;;4410,00;746,72;3663,28;
THALITA SAMPAIO SANTORO;CARGOS COMISSIONADOS S/VINCULO;ASSESSOR ESPECIAL AD-1;; CARGO COMISSION.S/VINCULO;5229,77;;5229,77;992,73;4237,04;
THAYANA PAMELA AMAZONAS PRAIA;CARGOS COMISSIONADOS S/VINCULO;ASSESSOR I;NAO INFORMADO; CARGO COMISSION.S/VINCULO;6973,03;;6973,03;1593,40;5379,63;
THELCYANNE DE CARVALHO NUNES DIAS;GAB DO SUBPROCURADOR GERAL;PROCURADOR DO ESTADO 3A CLASSE;; ESTATUTARIO;45901,32;;45901,32;15247,74;30653,58;
THIAGO ARAUJO REZENDE MENDES;GAB DO SUBPROCURADOR GERAL;PROCURADOR DO ESTADO 3A CLASSE;; ESTATUTARIO;31966,99;;31966,99;11166,21;20800,78;
THIAGO OLIVEIRA COSTA;GAB DO SUBPROCURADOR GERAL;PROCURADOR DO ESTADO 3A CLASSE;; ESTATUTARIO;31966,99;;31966,99;11166,21;20800,78;
THIAGO OLIVEIRA FARIAS;CARGOS COMISSIONADOS S/VINCULO;ASSESSOR I;NAO INFORMADO; CARGO COMISSION.S/VINCULO;5229,77;;5229,77;992,73;4237,04;
TICIANO ALVES E SILVA;GAB DO SUBPROCURADOR GERAL;PROCURADOR DO ESTADO 3A CLASSE;; ESTATUTARIO;33196,49;;33196,49;11629,12;21567,37;
VALTER ALFAIA DA SILVA;COORD. ADMINISTRAT./FINANCEIRA;MOTORISTA-PGE;; ESTATUTARIO;5124,18;;5124,18;887,83;4236,35;
VANESSA KARINE QUEIROZ GOMES;SERV. DO QUADRO SUPLEMENTAR;ASSISTENTE ADMINISTRATIVO;CHEFE DE SECRET.; ESTATUTARIO;6906,00;;6906,00;1343,05;5562,95;
VANESSA LIMA DO NASCIMENTO;GAB DO SUBPROCURADOR GERAL;PROCURADOR DO ESTADO 3A CLASSE;COORDENADOR; ESTATUTARIO;49289,32;;49289,32;15929,85;33359,47;
VANESSA PONTES DOS SANTOS RODRIGUES;CARGOS COMISSIONADOS S/VINCULO;ASSESSOR ESPECIAL AD-1;; CARGO COMISSION.S/VINCULO;5229,77;;5229,77;992,73;4237,04;
VDSON DA SILVA VERAS;COORD. ADMINISTRAT./FINANCEIRA;AGENTE DE SEGURANCA-PGE;CHEFE DE SECRET.; ESTATUTARIO;7516,45;;7516,45;1531,66;5984,79;
VICTOR FABIAN SOARES CIPRIANO;GAB DO SUBPROCURADOR GERAL;PROCURADOR DO ESTADO 3A CLASSE;; ESTATUTARIO;35655,49;;35655,49;12450,66;23204,83;
VICTOR HUGO FERREIRA CABRAL;COORD. ADMINISTRAT./FINANCEIRA;ASSISTENTE PROCURATORIAL-PGE;ASSIST.ADM.; ESTATUTARIO;4806,00;;4806,00;933,47;3872,53;
VIRGINIA NUNES BESSA;GAB DO SUBPROCURADOR GERAL;PROCURADOR DO ESTADO 3A CLASSE;; ESTATUTARIO;34425,99;;34425,99;12092,03;22333,96;
VIVALDO MUCA NORONHA JUNIOR;CARGOS COMISSIONADOS S/VINCULO;GERENTE;NAO INFORMADO; CARGO COMISSION.S/VINCULO;5613,05;;5613,05;1136,13;4476,92;
VIVIAN MARIA OLIVEIRA DA FROTA;GAB DO SUBPROCURADOR GERAL;PROCURADOR DO ESTADO 3A CLASSE;; ESTATUTARIO;34425,99;;34425,99;12092,03;22333,96;
VIVIEN MEDINA NORONHA;GAB DO SUBPROCURADOR GERAL;PROCURADOR DO ESTADO 2A CLASSE;; ESTATUTARIO;46404,01;1609,63;44794,38;15437,36;29357,02;
WANIA TAGNER BAIMA DE OLIVEIRA;COORD. ADMINISTRAT./FINANCEIRA;ASSISTENTE PROCURATORIAL-PGE;CHEFE DE SECRET.; ESTATUTARIO;11293,00;;11293,00;2791,40;8501,60;
YARA DA SILVA LIMA;COORD. ADMINISTRAT./FINANCEIRA;AUXILIAR PROCURATORIAL-PGE;CHEFE DE SECRETARIA; ESTATUTARIO;10803,10;;10803,10;2457,57;8345,53;
YOLANDA CORREA PEREIRA;GAB DO SUBPROCURADOR GERAL;PROCURADOR DO ESTADO 2A CLASSE;; ESTATUTARIO;37886,35;;37886,35;12922,60;24963,75;
