NOME;LOTACAO;CARGO;FUNCAO;VINCULO;REMUNERACAO LEGAL TOTAL(R$);DESC.TETO(R$); REMUNERACAO LEGAL DEVIDA(R$);DESCONTOS LEGAIS(R$);LIQUIDO DISPONIVEL(R$);
ADILSON RAIMUNDO MARQUES;ASSESSORIA;ASSESSOR III;NAO INFORMADO; CARGO COMISSION.S/VINCULO;3191,80;;3191,80;379,31;2812,49;
ADRIANO MENDONÇA PONTE;GABINETE;SECRETARIO DE ESTADO;NAO INFORMADO; CARGO COMISSION.S/VINCULO;28060,00;;28060,00;7392,32;20667,68;
AILTON RODRIGUES PEREIRA;ASSESSORIA;ASSESSOR I;ASSESSOR I; CARGO COMISSION.S/VINCULO;6973,03;;6973,03;1593,40;5379,63;
ANANIAS PALMEIRA DA SILVA;ASSESSORIA;ASSESSOR II;NAO INFORMADO; CARGO COMISSION.S/VINCULO;4209,79;;4209,79;652,57;3557,22;
ANDRE ALVES DE SOUZA;ASSESSORIA;ASSESSOR II;ASSESSOR II; CARGO COMISSION.S/VINCULO;4209,79;;4209,79;652,57;3557,22;
ANDREIA BANDEIRA FARIA;ASSESSORIA;ASSESSOR II;NAO INFORMADO; CARGO COMISSION.S/VINCULO;4209,79;;4209,79;652,57;3557,22;
ANTONIA PEREIRA DA SILVA;ASSESSORIA;ASSESSOR III;; CARGO COMISSION.S/VINCULO;4255,73;;4255,73;667,90;3587,83;
BARBARA ZAPATTA ANDRADE NUNES;ASSESSORIA;ASSESSOR I;ASSESSOR I; CARGO COMISSION.S/VINCULO;5229,77;;5229,77;992,73;4237,04;
BRUNA DANYELY DE OLIVEIRA FARIAS;GABINETE;MEMBRO;NAO INFORMADO; CARGO COMISSION.S/VINCULO;7000,00;;7000,00;1600,82;5399,18;
CHARLES BELCHIEUR;DEPTO.DE ADM.E FINANCAS;TNS-I;; ESTATUTARIO;11306,52;;11306,52;3250,43;8056,09;
CLAUDIO MUNIZ PAGANO DE MELLO;GABINETE;SECRETARIO EXECUTIVO;NAO INFORMADO; CARGO COMISSION.S/VINCULO;11700,00;;11700,00;2893,32;8806,68;
DANIELA GOMES DOS SANTOS;GABINETE;MEMBRO;NAO INFORMADO; CARGO COMISSION.S/VINCULO;7000,00;;7000,00;1600,82;5399,18;
DANILO AGUIAR MACEDO DE ALMEIDA;GABINETE;SECRETARIO EXECUTIVO ADJUNTO;NAO INFORMADO; CARGO COMISSION.S/VINCULO;9000,00;;9000,00;2150,82;6849,18;
EDILENE SAMPAIO;GABINETE;CHEFE DE GABINETE;NAO INFORMADO; CARGO COMISSION.S/VINCULO;5229,77;;5229,77;992,73;4237,04;
EDSON PEREIRA DE ANDRADE;ASSESSORIA;ASSESSOR I;NAO INFORMADO; CARGO COMISSION.S/VINCULO;5229,77;;5229,77;992,73;4237,04;
FERNANDO PEREIRA DA CRUZ;GABINETE;MEMBRO;NAO INFORMADO; CARGO COMISSION.S/VINCULO;7000,00;;7000,00;1600,82;5399,18;
FRANCINETE MORAIS DA SILVA MARIANO;GABINETE;MEMBRO;NAO INFORMADO; CARGO COMISSION.S/VINCULO;7000,00;;7000,00;1600,82;5399,18;
FRANCISCA EDILANDIA DANTAS PAULA;ASSESSORIA;ASSESSOR I;NAO INFORMADO; CARGO COMISSION.S/VINCULO;5229,77;;5229,77;992,73;4237,04;
GLAUBER SOARES GOMES;ASSESSORIA;PROFESSOR PF20.LPL-IV;ASSESSOR I; ESTATUTARIO;7307,87;;7307,87;1129,80;6178,07;
HELTON SANTOS ALMEIDA;GABINETE;CONSULTOR TECNICO I;NAO INFORMADO; CARGO COMISSION.S/VINCULO;7500,00;;7500,00;1738,32;5761,68;
ITALO JORGE SANTANA CHALUB;GABINETE;CHEFE DE GABINETE;CHEFE DE GABINETE; CARGO COMISSION.S/VINCULO;5229,77;;5229,77;992,73;4237,04;
JANES DE SOUSA FIGUEREDO ASSUNÇÃO;DEPTO.DE ADM.E FINANCAS;AUX.S.G-II;; ESTATUTARIO;3516,15;;3516,15;321,76;3194,39;
JORGE LUIS TRIANA RIVEROS;ASSESSORIA;ASSESSOR I;NAO INFORMADO; CARGO COMISSION.S/VINCULO;5229,77;;5229,77;992,73;4237,04;
LUIS CLAUDIO QUARESMA DE MENEZES;ASSESSORIA;ASSESSOR I;NAO INFORMADO; CARGO COMISSION.S/VINCULO;5229,77;;5229,77;992,73;4237,04;
MARIA DAS DORES DE ALMEIDA;DEPTO.DE ADM.E FINANCAS;TNS-II;ASSESSOR I AD-1; ESTATUTARIO;5054,28;;5054,28;867,47;4186,81;
MICHEL NERI DINIZ;ASSESSORIA;ASSESSOR III;NAO INFORMADO; CARGO COMISSION.S/VINCULO;3191,80;;3191,80;379,31;2812,49;
MOISES CASSIMIRO DIAS;ASSESSORIA;ASSESSOR I;ASSESSOR I; CARGO COMISSION.S/VINCULO;5229,77;;5229,77;992,73;4237,04;
MYRTES MOURAO DE OLIVEIRA;GABINETE;SECRETARIA EXECUTIVA;MEMBRO; ESTATUTARIO;7000,00;;7000,00;1088,41;5911,59;
NILTON PEREIRA ROCHA FILHO;ASSESSORIA;ASSESSOR II;ASSESSOR II; CARGO COMISSION.S/VINCULO;4209,79;;4209,79;652,57;3557,22;
PAMELA GABRIELLI LOPES NEVES;GABINETE;CHEFE DE DEPARTAMENTO;NAO INFORMADO; CARGO COMISSION.S/VINCULO;5229,77;;5229,77;992,73;4237,04;
PATRICIA REGIANE RIBEIRO DE ANDRADE;ASSESSORIA;ASSESSOR III;ASSESSOR III; CARGO COMISSION.S/VINCULO;3191,80;;3191,80;379,31;2812,49;
PAULO ROBERTO DE FARIA JUNIOR;ASSESSORIA;ASSESSOR II;NAO INFORMADO; CARGO COMISSION.S/VINCULO;4209,79;;4209,79;652,57;3557,22;
SANDRA MARIA CASTRO LOUREIRO;DEPTO.DE ADM.E FINANCAS;A.TEC-I;; ESTATUTARIO;2713,06;;2713,06;263,76;2449,30;
SERGIO RENNER VIEIRA DA SILVA;ASSESSORIA;ASSESSOR I;NAO INFORMADO; CARGO COMISSION.S/VINCULO;5229,77;;5229,77;992,73;4237,04;
SISLANDIA FERREIRA DA SILVA CASTRO;GABINETE;MEMBRO;NAO INFORMADO; CARGO COMISSION.S/VINCULO;7000,00;;7000,00;1600,82;5399,18;
SOCORRO APARECIDA ARAUJO MAIERON;DEPTO.DE ADM.E FINANCAS;A.TEC-II;ASSESSOR I AD1; ESTATUTARIO;3641,46;;3641,46;365,41;3276,05;
VALTER VIANA DOS SANTOS;ASSESSORIA;ASSESSOR I;ASSESSOR I; CARGO COMISSION.S/VINCULO;5229,77;;5229,77;992,73;4237,04;
WASHINGTON DE CARVALHO ESCOBAR;ASSESSORIA;ASSESSOR I;; CARGO COMISSION.S/VINCULO;6973,03;;6973,03;1593,40;5379,63;
