NOME;LOTACAO;CARGO;FUNCAO;VINCULO;REMUNERACAO LEGAL TOTAL(R$);DESC.TETO(R$); REMUNERACAO LEGAL DEVIDA(R$);DESCONTOS LEGAIS(R$);LIQUIDO DISPONIVEL(R$);
ADAIL RIBEIRO DE MATOS;ASSESSORIA;ASSESSOR I;NAO INFORMADO; CARGO COMISSION.S/VINCULO;5729,77;;5729,77;992,73;4737,04;
ANA PAULA RODRIGUES NUNES;DEPTO.INDIGENA DES.SUSTENTAVEL;ASSESSOR III;NAO INFORMADO; CARGO COMISSION.S/VINCULO;3691,80;;3691,80;379,31;3312,49;
CLAUDINEI ORIGENES BRAGA;DEPTO.DE ADMINIST.E FINANCAS;GERENTE;NAO INFORMADO; CARGO COMISSION.S/VINCULO;4709,79;;4709,79;652,57;4057,22;
EDIVALDO DOS SANTOS OLIVEIRA;GABINETE;DIRETOR PRESIDENTE;NAO INFORMADO; CARGO COMISSION.S/VINCULO;12200,00;;12200,00;2736,91;9463,09;
EDUARDO DUARTE DA SILVA;DEPTO.INDIGENA DES.SUSTENTAVEL;CHEFE DE DEPARTAMENTO;NAO INFORMADO; CARGO COMISSION.S/VINCULO;5729,77;;5729,77;992,73;4737,04;
ELIENE DE AZEVEDO CARDOSO;DEPTO.DE ADMINIST.E FINANCAS;CHEFE DE DEPARTAMENTO;NAO INFORMADO; CARGO COMISSION.S/VINCULO;5729,77;;5729,77;992,73;4737,04;
FABIO CARDOSO BATISTA;GABINETE;CHEFE DE GABINETE;NAO INFORMADO; CARGO COMISSION.S/VINCULO;5729,77;;5729,77;992,73;4737,04;
FABRICIO GONCALVES CORREA;DIRETORIA TECNICA;DIRETOR TECNICO;NAO INFORMADO; CARGO COMISSION.S/VINCULO;9500,00;;9500,00;2150,82;7349,18;
FABRICIO STANLEY CUNHA IGNACIO;DEPTO.DE ADMINIST.E FINANCAS;ASSESSOR III;NAO INFORMADO; CARGO COMISSION.S/VINCULO;3691,80;;3691,80;379,31;3312,49;
HERTON FABRICIO RODRIGUES FILGUEIRA;DEPTO.INDIGENA DES.SUSTENTAVEL;ASSESSOR II;NAO INFORMADO; DISP. OUTROS ESFERAS;4500,00;;4500,00;263,87;4236,13;
IANE DA SILVA REBOUÇAS;DEPTO.INDIGENA DES.SUSTENTAVEL;ASSESSOR III;NAO INFORMADO; CARGO COMISSION.S/VINCULO;3691,80;;3691,80;346,02;3345,78;
JEORGE FERREIRA FREITAS;DEPTO.DE ADMINIST.E FINANCAS;ASSESSOR III;NAO INFORMADO; CARGO COMISSION.S/VINCULO;3691,80;;3691,80;379,31;3312,49;
LUCIA ALMEIDA NEVES;DEPTO.INDIGENA DES.SUSTENTAVEL;GERENTE;NAO INFORMADO; CARGO COMISSION.S/VINCULO;4709,79;;4709,79;652,57;4057,22;
LUIZ HENRIQUE BRAZ JUNIOR;PRODURADORIA JURIDICA;ASSESSOR I;NAO INFORMADO; CARGO COMISSION.S/VINCULO;5729,77;;5729,77;992,73;4737,04;
MARIA DO PERPETUO SOCORRO C PAULAIN;PRODURADORIA JURIDICA;GERENTE;NAO INFORMADO; CARGO COMISSION.S/VINCULO;4709,79;;4709,79;652,57;4057,22;
MARTHA BENFICA DO N CARVALHO;DEPTO.INDIGENA DES.SUSTENTAVEL;PROFESSOR PF20.MSC-II;; ESTATUTARIO;4153,58;;4153,58;628,01;3525,57;
NEIDA MARIA DE OLIVEIRA FARIAS;DEPTO.DE ADMINIST.E FINANCAS;ASSESSOR II;NAO INFORMADO; CARGO COMISSION.S/VINCULO;4709,79;;4709,79;594,34;4115,45;
SAMARA KRISTINA ONET DE SOUZA;DEPTO.INDIGENA DES.SUSTENTAVEL;GERENTE;NAO INFORMADO; CARGO COMISSION.S/VINCULO;4709,79;;4709,79;652,57;4057,22;
VANDERLEI ALVINO;DIRETORIA ADM-FINANCEIRA;DIRETOR ADMINISTRATIVO E FINANCEIRO;NAO INFORMADO; CARGO COMISSION.S/VINCULO;9500,00;;9500,00;2150,82;7349,18;
