NOME;LOTACAO;CARGO;FUNCAO;VINCULO;REMUNERACAO LEGAL TOTAL(R$);DESC.TETO(R$); REMUNERACAO LEGAL DEVIDA(R$);DESCONTOS LEGAIS(R$);LIQUIDO DISPONIVEL(R$);
ADAIL RIBEIRO DE MATOS;ASSESSORIA;ASSESSOR I;NAO INFORMADO; CARGO COMISSION.S/VINCULO;5229,77;;5229,77;992,73;4237,04;
ANA PAULA RODRIGUES NUNES;DEPTO.INDIGENA DES.SUSTENTAVEL;ASSESSOR III;NAO INFORMADO; CARGO COMISSION.S/VINCULO;3191,80;;3191,80;379,31;2812,49;
CLAUDINEI ORIGENES BRAGA;DEPTO.DE ADMINIST.E FINANCAS;GERENTE;NAO INFORMADO; CARGO COMISSION.S/VINCULO;4209,79;;4209,79;652,57;3557,22;
EDUARDO DUARTE DA SILVA;DEPTO.INDIGENA DES.SUSTENTAVEL;CHEFE DE DEPARTAMENTO;NAO INFORMADO; CARGO COMISSION.S/VINCULO;5229,77;;5229,77;992,73;4237,04;
ELIENE DE AZEVEDO CARDOSO;DEPTO.DE ADMINIST.E FINANCAS;CHEFE DE DEPARTAMENTO;NAO INFORMADO; CARGO COMISSION.S/VINCULO;5229,77;;5229,77;992,73;4237,04;
FABRICIO STANLEY CUNHA IGNACIO;DEPTO.DE ADMINIST.E FINANCAS;ASSESSOR III;NAO INFORMADO; CARGO COMISSION.S/VINCULO;3191,80;;3191,80;379,31;2812,49;
HERTON FABRICIO RODRIGUES FILGUEIRA;DEPTO.INDIGENA DES.SUSTENTAVEL;ASSESSOR II;NAO INFORMADO; DISP. OUTROS ESFERAS;4000,00;;4000,00;263,87;3736,13;
JEORGE FERREIRA FREITAS;DEPTO.DE ADMINIST.E FINANCAS;GERENTE;NAO INFORMADO; CARGO COMISSION.S/VINCULO;4209,79;;4209,79;652,57;3557,22;
LUCIA ALMEIDA NEVES;DEPTO.INDIGENA DES.SUSTENTAVEL;GERENTE;NAO INFORMADO; CARGO COMISSION.S/VINCULO;4209,79;;4209,79;652,57;3557,22;
LUCINEIA SANTOS BORGES DE CAMPOS;DEPTO.DE ADMINIST.E FINANCAS;ASSESSOR III;NAO INFORMADO; CARGO COMISSION.S/VINCULO;3191,80;;3191,80;379,31;2812,49;
LUIZ HENRIQUE BRAZ JUNIOR;PRODURADORIA JURIDICA;ASSESSOR I;NAO INFORMADO; CARGO COMISSION.S/VINCULO;5229,77;;5229,77;992,73;4237,04;
MARIA DO PERPETUO SOCORRO C PAULAIN;GABINETE;CHEFE DE GABINETE;NAO INFORMADO; CARGO COMISSION.S/VINCULO;5229,77;;5229,77;992,73;4237,04;
RAFAEL DE MORAIS WANDERLEY;DEPTO.INDIGENA DES.SUSTENTAVEL;DIRETOR TECNICO;NAO INFORMADO; CARGO COMISSION.S/VINCULO;9000,00;;9000,00;2150,82;6849,18;
SAMARA KRISTINA ONETE DE SOUSA;DEPTO.INDIGENA DES.SUSTENTAVEL;GERENTE;NAO INFORMADO; CARGO COMISSION.S/VINCULO;4209,79;;4209,79;652,57;3557,22;
SERGIO RICARDO MONTEIRO DE ALMEIDA;DEPTO.INDIGENA DES.SUSTENTAVEL;ASSESSOR III;NAO INFORMADO; CARGO COMISSION.S/VINCULO;3191,80;;3191,80;379,31;2812,49;
VANDERLEI ALVINO;DIRETORIA ADM-FINANCEIRA;DIRETOR ADMINISTRATIVO E FINANCEIRO;NAO INFORMADO; CARGO COMISSION.S/VINCULO;9000,00;;9000,00;2150,82;6849,18;
WANDERSON SAID NEGREIROS;DEPTO.DE ADMINIST.E FINANCAS;ASSESSOR II;NAO INFORMADO; CARGO COMISSION.S/VINCULO;4209,79;;4209,79;652,57;3557,22;
ZENILTON DE SOUZA FERREIRA;GABINETE;DIRETOR PRESIDENTE;NAO INFORMADO; CARGO COMISSION.S/VINCULO;11700,00;;11700,00;2893,32;8806,68;
