NOME;LOTACAO;CARGO;FUNCAO;VINCULO;REMUNERACAO LEGAL TOTAL(R$);DESC.TETO(R$); REMUNERACAO LEGAL DEVIDA(R$);DESCONTOS LEGAIS(R$);LIQUIDO DISPONIVEL(R$);
ABILIO LEITAO DA COSTA MACEDO;EFETIVOS;ANALISTA PREVIDENCIARIO;AG. PREVIDENCIARIO; ESTATUTARIO;22163,54;;22163,54;7475,22;14688,32;
ADALBERTO DA COSTA BARRONCAS;AMAZONPREV-ATIVOS;ASSISTENTE TECNICO;GERENTE; ESTATUTARIO;11012,73;;11012,73;2091,26;8921,47;
ADELSON MACIEL DANTAS;COMISSIONADOS;ASSESSOR I;ASSESSOR I - AMZ-6; CARGO COMISSION.S/VINCULO;8104,00;;8104,00;1904,42;6199,58;
ADINILSON COELHO CORDEIRO;EFETIVOS;ANALISTA PREVIDENCIARIO;AG. PREVIDENCIARIO; ESTATUTARIO;22163,54;;22163,54;7475,22;14688,32;
AFRANIO CORREA LIMA JUNIOR;COFIS;MEMBRO DO CONSELHO FISCAL;; CONSELHO;2244,80;;2244,80;25,56;2219,24;
ALAN CARDEC SOARES DA SILVA;AMAZONPREV-ATIVOS;ASSISTENTE TECNICO;GERENTE; ESTATUTARIO;8904,83;;8904,83;2178,81;6726,02;
ALAN CYNARA BATISTA NASCIMENTO;EFETIVOS;ANALISTA PREVIDENCIARIO;COORDENADOR AMZ-3; ESTATUTARIO;25663,54;;25663,54;8333,44;17330,10;
ALAN NASCIMENTO TEIXEIRA;EFETIVOS;ANALISTA PREVIDENCIARIO;; ESTATUTARIO;28128,27;;28128,27;9007,18;19121,09;
ALBERMAR LINDALVA DAMASCENO POLARES;EFETIVOS;ANALISTA PREVIDENCIARIO;AG. PREVIDENCIARIO; ESTATUTARIO;21096,20;;21096,20;7073,36;14022,84;
ALBERTO ROCHA CAVALCANTE;CONAD;MEMBRO DE CONSELHO;; CONSELHO;2806,00;;2806,00;67,65;2738,35;
ALBERTO TELES CAVALCANTE NETO;EFETIVOS;ANALISTA PREVIDENCIARIO;; ESTATUTARIO;29551,39;;29551,39;9350,46;20200,93;
ALOISIO DA COSTA FILGUEIRAS JUNIOR;EFETIVOS;ADVOGADO PUBLICO;; ESTATUTARIO;24925,99;;24925,99;8212,78;16713,21;
ANA CELIA ALENCAR BEZERRA;AMAZONPREV-ATIVOS;TEC. EM REGISTRO DE SAUDE 3A CLASSE;COORDENADOR AMZ-3; ESTATUTARIO;7748,59;;7748,59;1454,78;6293,81;
ANA LUCIA SANTOS DA SILVA;RELOTADOS;ASSISTENTE TECNICO;; ESTATUTARIO;5887,35;;5887,35;1295,09;4592,26;
ANA PAULA DOS SANTOS OZORIO;EFETIVOS;ANALISTA PREVIDENCIARIO;AG, PREVIDENCIARIO; ESTATUTARIO;29551,39;;29551,39;9454,74;20096,65;
ANDRE LUIS BENTES DE SOUZA;EFETIVOS;ANALISTA PREVIDENCIARIO;ASSESSOR II AMZ.5; ESTATUTARIO;27063,54;;27063,54;8822,72;18240,82;
ANDRE LUIZ MOUCO FERNANDES;EFETIVOS;ADVOGADO PUBLICO;GERENTE AMZ7; ESTATUTARIO;29925,99;;29925,99;9890,28;20035,71;
ANDRE LUIZ NUNES ZOGAHIB;CODIR;PROF.DOUTOR ADJ.C 40HS-PD.111.20;DIRETOR PRESIDENTE; ESTATUTARIO;28060,00;;28060,00;6847,14;21212,86;
ANDRE RICARDO PINHEIRO MARTINS;EFETIVOS;ANALISTA PREVIDENCIARIO;AG. PREVIDENCIARIO; ESTATUTARIO;22163,54;;22163,54;7370,94;14792,60;
ANDREZA DE SOUZA SILVA;COMISSIONADOS;GERENTE;GERENTE; CARGO COMISSION.S/VINCULO;16005,33;;16005,33;3973,01;12032,32;
ANNE KEITY TUPINAMBA DE C MENEZES;EFETIVOS;ADVOGADO PUBLICO;; ESTATUTARIO;34657,77;;34657,77;11195,58;23462,19;
ANTONIO CARLOS SOUZA DA ROSA JUNIOR;COFIS;MEMBRO DO CONSELHO FISCAL;; CONSELHO;2244,80;;2244,80;25,56;2219,24;
ANTONIO DE JESUS ALVES PACIFICO;COMISSIONADOS;ASSESSOR III AMZ.4;; CARGO COMISSION.S/VINCULO;6752,00;;6752,00;1532,62;5219,38;
ARCISE CAMARA DE ASSIS;EFETIVOS;ANALISTA PREVIDENCIARIO;; ESTATUTARIO;30974,51;;30974,51;10006,56;20967,95;
AUDENOR GRANDES BELIDO;EFETIVOS;ANALISTA PREVIDENCIARIO;COORDENADOR AMZ 3; ESTATUTARIO;25163,54;;25163,54;7945,58;17217,96;
BALDUINO GOMES CAMARA;EFETIVOS;ANALISTA PREVIDENCIARIO;AG. PREVIDENCIARIO; ESTATUTARIO;29551,39;;29551,39;9506,87;20044,52;
BRUNO DAMASCENO COSTA NOVO;COMISSIONADOS;ASSESSOR I AMZ.6;; CARGO COMISSION.S/VINCULO;10604,00;;10604,00;2591,92;8012,08;
BRUNO RENE DA SILVA BARROSO;AMAZONPREV-ATIVOS;MEMBRO DE CONSELHO;; CONSELHO;2500,00;;2500,00;44,70;2455,30;
CAROLINE RETTO FROTA;EFETIVOS;ADVOGADO PUBLICO;; ESTATUTARIO;24925,99;;24925,99;8515,28;16410,71;
CHRISTIANO COSTA NOVO DE SENA;COMISSIONADOS;ASSESSOR I AMZ.6;; CARGO COMISSION.S/VINCULO;8104,00;;8104,00;1852,28;6251,72;
CHRISTOVAO CAVALCANTE ALVES;EFETIVOS;ANALISTA PREVIDENCIARIO;AG. PREVIDENCIARIO; ESTATUTARIO;23641,11;;23641,11;7431,63;16209,48;
CINTYA KAZUKO DIAS TAKANO;CONAD;MEMBRO DE CONSELHO;; CONSELHO;2806,00;;2806,00;67,65;2738,35;
CLAUDINEI SOARES;EFETIVOS;ANALISTA PREVIDENCIARIO;AG. PREVIDENCIARIO; ESTATUTARIO;24663,54;;24663,54;8058,44;16605,10;
CLAUDIO MARCELO CARDIA PACHECO;EFETIVOS;ANALISTA PREVIDENCIARIO;; ESTATUTARIO;21096,20;;21096,20;7073,36;14022,84;
CYNTHIA MARIA REIS GONZALEZ;CEDIDOS;PROFESSOR PF20.ESP-III;ASSESSOR III-AD-3; ESTATUTARIO;5064,00;;5064,00;801,65;4262,35;
DANIELA LOBO FROES DESCHOOLMEESTER;COMISSIONADOS;GERENTE;NAO INFORMADO; CARGO COMISSION.S/VINCULO;13505,33;;13505,33;3285,51;10219,82;
DAYANA ESPERANCA DOS SANTOS;COMISSIONADOS;ASSISTENTE DA PRESIDENCIA AMZ. 2;; CARGO COMISSION.S/VINCULO;3443,00;;3443,00;444,95;2998,05;
EDERSON DE SOUZA LIMA;COMISSIONADOS;ASS. DE DIRETORIA E GERENCIA AMZ. 1;NAO INFORMADO; CARGO COMISSION.S/VINCULO;2836,00;;2836,00;308,28;2527,72;
EDISSANDRA OLIVEIRA GUIMARAES;EFETIVOS;ANALISTA PREVIDENCIARIO;; ESTATUTARIO;22163,54;;22163,54;7318,80;14844,74;
EDIVANDER SOUZA DOS SANTOS;EFETIVOS;ANALISTA PREVIDENCIARIO;AG. PREVIDENCIARIO; ESTATUTARIO;21096,20;;21096,20;6969,09;14127,11;
EDUARDO MARTINS DE SOUZA;COFIS;MEMBRO DO CONSELHO FISCAL;; CONSELHO;2244,80;;2244,80;25,56;2219,24;
EMERSON OLIVEIRA DE QUEIROS;COFIS;MEMBRO DO CONSELHO FISCAL;; CONSELHO;2244,80;173,07;2071,73;12,58;2059,15;
EMILY CASTELO BRANCO ENCARNACAO;EFETIVOS;ADVOGADO PUBLICO;ASSESSOR I AMZ-6; ESTATUTARIO;25993,33;;25993,33;8812,86;17180,47;
EUNICE PEREIRA DA SILVA;AMAZONPREV-ATIVOS;ASSISTENTE TECNICO;; ESTATUTARIO;6731,51;;6731,51;1581,15;5150,36;
FABIO DE CARVALHO ROSA;EFETIVOS;ANALISTA PREVIDENCIARIO;COORDENADOR AMZ-3; ESTATUTARIO;33551,39;;33551,39;10502,60;23048,79;
FABIO MARTINS RIBEIRO;EFETIVOS;ADVOGADO PUBLICO;; ESTATUTARIO;50783,00;15320,78;35462,22;12482,17;22980,05;
FABIO ROBERTO GALVAO DA SILVA;COMISSIONADOS;ASS. DE DIRETORIA E GERENCIA AMZ. 1;NAO INFORMADO; CARGO COMISSION.S/VINCULO;3781,33;;3781,33;535,96;3245,37;
FLAVIA MARA MOREIRA COSTA ROCHA;COMISSIONADOS;ASSESSOR III;ASSESSOR III-AMZ-4; CARGO COMISSION.S/VINCULO;5064,00;;5064,00;937,45;4126,55;
FLAVIANA GALUCIO ZOUMBOUNELOS;COMISSIONADOS;COORDENADOR;COORDENADOR-AMZ-3; CARGO COMISSION.S/VINCULO;5570,00;;5570,00;1119,92;4450,08;
FRANCISCO DE ASSIS SOUZA OLIVEIRA;COMISSIONADOS;ASS. DE DIRETORIA E GERENCIA AMZ. 1;; CARGO COMISSION.S/VINCULO;2836,00;;2836,00;308,28;2527,72;
FRANCISCO LINO BARRETO NETO;COMISSIONADOS;COORDENADOR;NAO INFORMADO; CARGO COMISSION.S/VINCULO;7426,67;;7426,67;1718,15;5708,52;
FREDSON BERNARDO DA SILVA;CONAD;MEMBRO DE CONSELHO;; CONSELHO;2806,00;;2806,00;67,65;2738,35;
GAL MONICA MARINHEIRO PEREIRA;COMISSIONADOS;ASS. DE DIRETORIA E GERENCIA AMZ. 1;; CARGO COMISSION.S/VINCULO;2836,00;;2836,00;308,28;2527,72;
GENECI BEHLING BETT;EFETIVOS;ANALISTA PREVIDENCIARIO;; ESTATUTARIO;23333,23;;23333,23;7323,52;16009,71;
GILMAR DE SOUZA TORRES;COFIS;MEMBRO DO CONSELHO FISCAL;; CONSELHO;2244,80;;2244,80;25,56;2219,24;
GIZA ALLEM NAZARE DE ANDRADE;COMISSIONADOS;GERENTE;GERENTE; CARGO COMISSION.S/VINCULO;10129,00;;10129,00;2461,29;7667,71;
HELLEN CREMILDES PORTO S PINHEIRO;AMAZONPREV-ATIVOS;ASSISTENTE TECNICO;; ESTATUTARIO;5887,35;;5887,35;1347,23;4540,12;
ISAIAS DE SOUZA CAVALCANTE;AMAZONPREV-ATIVOS;ASSISTENTE TECNICO;; ESTATUTARIO;6761,42;;6761,42;1592,03;5169,39;
IVANILDO DA COSTA E SILVA;EFETIVOS;ANALISTA PREVIDENCIARIO;AG. PREVIDENCIARIO; ESTATUTARIO;22163,54;;22163,54;7370,94;14792,60;
IZABEL ELEINA MOREIRA;EFETIVOS;ANALISTA PREVIDENCIARIO;AG. PREVIDENCIARIO; ESTATUTARIO;20028,86;;20028,86;6619,37;13409,49;
JANIS LISANDRA BATISTA CRUZ;EFETIVOS;ANALISTA PREVIDENCIARIO;AG. PREVIDENCIARIO; ESTATUTARIO;16876,96;;16876,96;5328,40;11548,56;
JONATHAS CARREIRA MADEIRA JUNIOR;EFETIVOS;ADVOGADO PUBLICO;ADVOGADO; ESTATUTARIO;19940,79;;19940,79;6638,35;13302,44;
JORGE PIETRO RODRIGUES DE ARAUJO;EFETIVOS;ANALISTA PREVIDENCIARIO;AG. PREVIDENCIARIO; ESTATUTARIO;22163,54;;22163,54;7423,08;14740,46;
JOSE ANTONIO L SENHORAES;AMAZONPREV-ATIVOS;MOTORISTA;; ESTATUTARIO;6490,24;;6490,24;1409,53;5080,71;
JOSE EMERSON CAMPOS RODRIGUES;EFETIVOS;ANALISTA PREVIDENCIARIO;AG. PREVIDENCIARIO; ESTATUTARIO;23641,11;;23641,11;7431,63;16209,48;
KEYTIANE MENDES MODESTO DE SOUZA;COFIS;MEMBRO DO CONSELHO FISCAL;; CONSELHO;2244,80;;2244,80;25,56;2219,24;
LEONARDO ALMEIDA DE S CAVALCANTI;EFETIVOS;ANALISTA PREVIDENCIARIO;COORDENADOR; ESTATUTARIO;26596,20;;26596,20;8481,59;18114,61;
LIGIA DA SILVA BARROS;COFIS;MEMBRO DE CONSELHO;VICE PRES CONS FISC; CARGO COMISSION.S/VINCULO;2244,80;;2244,80;25,56;2219,24;
LUCIANE BARROS DE SOUZA;EFETIVOS;ADVOGADO PUBLICO;ADVOGADO; ESTATUTARIO;25993,33;;25993,33;8864,99;17128,34;
LUIZ CARLOS REGO FREITAS;EFETIVOS;ANALISTA PREVIDENCIARIO;AG. PREVIDENCIARIO; ESTATUTARIO;26705,15;;26705,15;7796,96;18908,19;
LUIZ ROMULO PESSOA PEGADO;AMAZONPREV-ATIVOS;ASSISTENTE TECNICO;; ESTATUTARIO;7880,73;;7880,73;1897,76;5982,97;
MANOEL FERREIRA LIMA JUNIOR;EFETIVOS;ANALISTA PREVIDENCIARIO;COORDENADOR AMZ-3; ESTATUTARIO;24298,21;;24298,21;8278,92;16019,29;
MARA ROBERTA OLIVEIRA DOS ANJOS;COFIS;MEMBRO DO CONSELHO FISCAL;; CONSELHO;2244,80;;2244,80;25,56;2219,24;
MARCELO SOARES CAVALCANTE;EFETIVOS;ANALISTA PREVIDENCIARIO;AG. PREVIDENCIARIO; ESTATUTARIO;28128,27;;28128,27;8902,91;19225,36;
MARCIO OSORIO FREITAS;CONAD;MEMBRO DE CONSELHO;; CONSELHO;2806,00;;2806,00;67,65;2738,35;
MARCO ANTONIO OLIVEIRA DE ARAUJO;COMISSIONADOS;ASSESSOR I AMZ.6;; CARGO COMISSION.S/VINCULO;10805,33;;10805,33;2595,15;8210,18;
MARCOS ANDRE ABENSUR;COFIS;MEMBRO DO CONSELHO FISCAL;; CONSELHO;2244,80;;2244,80;25,56;2219,24;
MARCOS HOMERO XAVIER VENTILARI;EFETIVOS;ANALISTA PREVIDENCIARIO;AG. PREVIDENCIARIO; ESTATUTARIO;29551,39;;29551,39;9402,60;20148,79;
MARIA ADELAIDE RIBEIRO CRUZ;CODIR;ANALISTA PREVIDENCIARIO;DIRETOR DE PREVIDENC; ESTATUTARIO;24160,11;;24160,11;8226,92;15933,19;
MARIA DA CONCEICAO GRANA CRUZ;CEDIDOS;ASSISTENTE ADMINISTRATIVO;ASSIST. ADMINIST; ESTATUTARIO;3308,38;;3308,38;319,76;2988,62;
MARIA DA CONCEICAO GUERREIRO SILVA;CONAD;MEMBRO DE CONSELHO;MEMBRO.CONS.ADM.; CARGO COMISSION.S/VINCULO;2244,80;360,96;1883,84;;1883,84;
MARIA DAS GRACAS VALENTE AMERICO;COMISSIONADOS;ASS. DE DIRETORIA E GERENCIA AMZ. 1;; CARGO COMISSION.S/VINCULO;2836,00;;2836,00;308,28;2527,72;
MARIA DE FATIMA LIMA DA SILVA;RELOTADOS;ASSISTENTE TECNICO 3A CLASSE;; ESTATUTARIO;8792,57;;8792,57;2102,19;6690,38;
MARIA EDNA ALVES DA COSTA;AMAZONPREV-ATIVOS;ASSISTENTE TECNICO;; ESTATUTARIO;8712,67;;8712,67;2126,85;6585,82;
MARIA LUCIA LIMA DUTRA;EFETIVOS;ANALISTA PREVIDENCIARIO;AG. PREVIDENCIARIO; ESTATUTARIO;22163,54;;22163,54;7475,22;14688,32;
MARIA SUELEN RIBEIRO DOS REIS;CEDIDOS;JORNALISTA;JORNALISTA; ESTATUTARIO;5635,88;;5635,88;915,60;4720,28;
MARLENE AMANCIO DO AMARAL;AMAZONPREV-ATIVOS;ASSISTENTE TECNICO;; ESTATUTARIO;6751,46;;6751,46;1588,41;5163,05;
MARTA REGINA OLIVEIRA DE FARIAS;RELOTADOS;ASSISTENTE TECNICO;COORD REGIONAL; ESTATUTARIO;7849,80;;7849,80;1834,76;6015,04;
MARTHA DUTRA GADELHA DE ALBUQUERQUE;COFIS;MEMBRO DE CONSELHO;MEMBRO CONS.FISCAL; CARGO COMISSION.S/VINCULO;2244,80;;2244,80;25,56;2219,24;
MARY JANE MATTUTE SILVA;COMISSIONADOS;GERENTE;GERENTE; CARGO COMISSION.S/VINCULO;10129,00;;10129,00;2461,29;7667,71;
MICHELLE BELOTA TROMBONI;AMAZONPREV-ATIVOS;ASSISTENTE TECNICO;GERENTE, AD-2; ESTATUTARIO;5896,09;;5896,09;1350,52;4545,57;
MILTONIR FRANCISCO BARBOSA C LIMA;CODIR;TECNICO DE NIVEL SUPERIOR;DIRETOR ADMINISTRATI; ESTATUTARIO;15200,52;;15200,52;3081,92;12118,60;
NAIS ALVES DE CAMPOS;COMISSIONADOS;ASSESSOR III AMZ.4;NAO INFORMADO; CARGO COMISSION.S/VINCULO;5064,00;;5064,00;937,45;4126,55;
NEILDO ROSAS DE LIMA;AMAZONPREV-ATIVOS;VIGIA;GERENTE; ESTATUTARIO;3867,48;;3867,48;585,73;3281,75;
NELCI CAVALCANTE TOME;COMISSIONADOS;COORDENADOR;COORDENADOR-AMZ-3; CARGO COMISSION.S/VINCULO;5570,00;;5570,00;1020,88;4549,12;
NUNO PONCE DE LEAO GONCALVES;COMISSIONADOS;ASSESSOR I AMZ.6;NAO INFORMADO; CARGO COMISSION.S/VINCULO;8104,00;;8104,00;1904,42;6199,58;
PRISCILLA TEIXEIRA FREIRE DE ARAUJO;EFETIVOS;ANALISTA PREVIDENCIARIO;AG. PREVIDENCIARIO; ESTATUTARIO;21096,20;;21096,20;6969,09;14127,11;
RAIMUNDO NONATO PEREIRA DE AGUIAR;EFETIVOS;ANALISTA PREVIDENCIARIO;AG. PREVIDENCIARIO; ESTATUTARIO;21096,20;;21096,20;6969,09;14127,11;
RAIMUNDO PEREIRA PONTES FILHO;CONAD;MEMBRO DE CONSELHO;; CONSELHO;2806,00;161,18;2644,82;55,56;2589,26;
RAQUEL COELHO CAMARDELLA;COMISSIONADOS;ASS. DE DIRETORIA E GERENCIA AMZ. 1;; CARGO COMISSION.S/VINCULO;2836,00;;2836,00;308,28;2527,72;
RAWLISON THALES MARTINS NASCIMENTO;EFETIVOS;ANALISTA PREVIDENCIARIO;AG. PREVIDENCIARIO; ESTATUTARIO;22163,54;;22163,54;7423,08;14740,46;
RENIZIO DE OLIVEIRA FERREIRA;EFETIVOS;ANALISTA PREVIDENCIARIO;; ESTATUTARIO;21096,20;;21096,20;7073,36;14022,84;
RICLEITON WALLACE PEDROSO BATISTA;EFETIVOS;ANALISTA PREVIDENCIARIO;; ESTATUTARIO;22163,54;;22163,54;6855,57;15307,97;
RILMA FERREIRA DA COSTA;EFETIVOS;ANALISTA PREVIDENCIARIO;ASSESSOR III AMZ-4; ESTATUTARIO;23663,54;;23663,54;7887,72;15775,82;
ROBERVANE MORAES DE MELLO COMPTON;EFETIVOS;ANALISTA PREVIDENCIARIO;AG. PREVIDENCIARIO; ESTATUTARIO;21096,20;;21096,20;7073,36;14022,84;
ROBSON SORIA NEGREIROS;EFETIVOS;ANALISTA PREVIDENCIARIO;; ESTATUTARIO;21096,20;;21096,20;6969,09;14127,11;
RONALDO ROSALINO JUNIOR;EFETIVOS;ANALISTA PREVIDENCIARIO;AG. PREVIDENCIARIO; ESTATUTARIO;21096,20;;21096,20;7073,36;14022,84;
SANDRA HELENE SANTANA GUSMAO ANDRAD;AMAZONPREV-ATIVOS;ASSISTENTE TECNICO;ASSESSOR I; ESTATUTARIO;11873,11;;11873,11;2995,09;8878,02;
SERGIO FERREIRA NETO;EFETIVOS;ANALISTA PREVIDENCIARIO;; ESTATUTARIO;21096,20;;21096,20;7073,36;14022,84;
SID ALVES DA SILVA GUILHERME;EFETIVOS;ADVOGADO PUBLICO;; ESTATUTARIO;34657,77;;34657,77;11299,85;23357,92;
SIMELBE CARNEIRO FURTADO CAMARA;EFETIVOS;ANALISTA PREVIDENCIARIO;; ESTATUTARIO;28128,27;;28128,27;9007,18;19121,09;
TURIBIO JOSE CORREA DA COSTA;CODIR;DELEGADO DE POLICIA 1A.CL. PC-DEL-I;DIRETOR DE PREVIDENC; ESTATUTARIO;9900,00;1816,05;8083,95;1353,73;6730,22;
VALDIR RODRIGUES BARBOSA;CONAD;MEMBRO DE CONSELHO;MEMBRO.CONS.ADM.; CARGO COMISSION.S/VINCULO;2806,00;1720,22;1085,78;;1085,78;
VANDER LAAN REIS GOES;CONAD;MEMBRO DE CONSELHO;MEMBRO.CONS.ADM.; CARGO COMISSION.S/VINCULO;2806,00;;2806,00;67,65;2738,35;
WELLINGTON GUIMARAES BENTES;EFETIVOS;ANALISTA PREVIDENCIARIO;; ESTATUTARIO;22163,54;;22163,54;7475,22;14688,32;
WILZA DO NASCIMENTO MOREIRA;COMISSIONADOS;ASS. DE DIRETORIA E GERENCIA AMZ. 1;; CARGO COMISSION.S/VINCULO;2836,00;;2836,00;308,28;2527,72;
WIVIANNY FARIAS PEREIRA LACERDA;EFETIVOS;ANALISTA PREVIDENCIARIO;; ESTATUTARIO;17730,83;;17730,83;5702,03;12028,80;
ZIRLEY RAMOS AQUINO;EFETIVOS;ANALISTA PREVIDENCIARIO;AG. PREVIDENCIARIO; ESTATUTARIO;22163,54;;22163,54;7475,22;14688,32;
