NOME;LOTACAO;CARGO;FUNCAO;VINCULO;REMUNERACAO LEGAL TOTAL(R$);DESC.TETO(R$); REMUNERACAO LEGAL DEVIDA(R$);DESCONTOS LEGAIS(R$);LIQUIDO DISPONIVEL(R$);
ABILIO LEITAO DA COSTA MACEDO;EFETIVOS;ANALISTA PREVIDENCIARIO;AG. PREVIDENCIARIO; ESTATUTARIO;23230,88;;23230,88;7877,06;15353,82;
ADALBERTO DA COSTA BARRONCAS;AMAZONPREV-ATIVOS;ASSISTENTE TECNICO;GERENTE; ESTATUTARIO;20596,93;;20596,93;5288,88;15308,05;
ADELSON MACIEL DANTAS;COMISSIONADOS;ASSESSOR I;ASSESSOR I - AMZ-6; CARGO COMISSION.S/VINCULO;8104,00;;8104,00;1904,42;6199,58;
ADINILSON COELHO CORDEIRO;EFETIVOS;ANALISTA PREVIDENCIARIO;AG. PREVIDENCIARIO; ESTATUTARIO;23230,88;;23230,88;7877,06;15353,82;
AFRANIO CORREA LIMA JUNIOR;COFIS;MEMBRO DO CONSELHO FISCAL;; CONSELHO;2244,80;;2244,80;25,56;2219,24;
ALAN CARDEC SOARES DA SILVA;AMAZONPREV-ATIVOS;ASSISTENTE TECNICO;GERENTE; ESTATUTARIO;19133,68;;19133,68;6029,97;13103,71;
ALAN CYNARA BATISTA NASCIMENTO;EFETIVOS;ANALISTA PREVIDENCIARIO;COORDENADOR AMZ-3; ESTATUTARIO;26730,88;;26730,88;8735,29;17995,59;
ALAN NASCIMENTO TEIXEIRA;EFETIVOS;ANALISTA PREVIDENCIARIO;; ESTATUTARIO;22163,54;;22163,54;7475,22;14688,32;
ALBERMAR LINDALVA DAMASCENO POLARES;EFETIVOS;ANALISTA PREVIDENCIARIO;AG. PREVIDENCIARIO; ESTATUTARIO;22163,54;;22163,54;7475,22;14688,32;
ALBERTO ROCHA CAVALCANTE;CONAD;MEMBRO DE CONSELHO;; CONSELHO;2806,00;;2806,00;67,65;2738,35;
ALBERTO TELES CAVALCANTE NETO;EFETIVOS;ANALISTA PREVIDENCIARIO;; ESTATUTARIO;23230,88;;23230,88;7720,65;15510,23;
ALOISIO DA COSTA FILGUEIRAS JUNIOR;EFETIVOS;ADVOGADO PUBLICO;; ESTATUTARIO;25993,33;;25993,33;8614,63;17378,70;
ANA CELIA ALENCAR BEZERRA;AMAZONPREV-ATIVOS;TEC. EM REGISTRO DE SAUDE 3A CLASSE;COORDENADOR AMZ-3; ESTATUTARIO;5878,09;;5878,09;940,39;4937,70;
ANA LUCIA SANTOS DA SILVA;RELOTADOS;ASSISTENTE TECNICO;; ESTATUTARIO;6387,75;;6387,75;1483,49;4904,26;
ANA PAULA DOS SANTOS OZORIO;EFETIVOS;ANALISTA PREVIDENCIARIO;AG, PREVIDENCIARIO; ESTATUTARIO;23230,88;;23230,88;7824,93;15405,95;
ANDRE LUIS BENTES DE SOUZA;EFETIVOS;ANALISTA PREVIDENCIARIO;ASSESSOR II AMZ.5; ESTATUTARIO;40141,17;;40141,17;12527,39;27613,78;
ANDRE LUIZ MOUCO FERNANDES;EFETIVOS;ADVOGADO PUBLICO;GERENTE AMZ7; ESTATUTARIO;30993,33;;30993,33;10292,13;20701,20;
ANDRE LUIZ NUNES ZOGAHIB;CODIR;PROF.DOUTOR ADJ.C 40HS-PD.111.20;DIRETOR PRESIDENTE; ESTATUTARIO;28060,00;;28060,00;6847,14;21212,86;
ANDRE RICARDO PINHEIRO MARTINS;EFETIVOS;ANALISTA PREVIDENCIARIO;AG. PREVIDENCIARIO; ESTATUTARIO;23230,88;;23230,88;7772,79;15458,09;
ANDREZA DE SOUZA SILVA;COMISSIONADOS;GERENTE;GERENTE; CARGO COMISSION.S/VINCULO;12629,00;;12629,00;3044,52;9584,48;
ANDREZA HELENA DA SILVA;AMAZONPREV-ATIVOS;ASSISTENTE TECNICO;COORD.REC.HUMANOS; ESTATUTARIO;12392,56;;12392,56;3744,30;8648,26;
ANNE KEITY TUPINAMBA DE C MENEZES;EFETIVOS;ADVOGADO PUBLICO;; ESTATUTARIO;27060,66;;27060,66;9214,70;17845,96;
ANTONIO CARLOS SOUZA DA ROSA JUNIOR;COFIS;MEMBRO DO CONSELHO FISCAL;; CONSELHO;2244,80;;2244,80;25,56;2219,24;
ANTONIO CAVALCANTE DE A JUNIOR;CONAD;MEMBRO DE CONSELHO;; CONSELHO;2806,00;;2806,00;67,65;2738,35;
ANTONIO DE JESUS ALVES PACIFICO;COMISSIONADOS;ASSESSOR III AMZ.4;; CARGO COMISSION.S/VINCULO;5064,00;;5064,00;937,45;4126,55;
ARCISE CAMARA DE ASSIS;EFETIVOS;ANALISTA PREVIDENCIARIO;; ESTATUTARIO;24298,21;;24298,21;8174,64;16123,57;
AUDENOR GRANDES BELIDO;EFETIVOS;ANALISTA PREVIDENCIARIO;COORDENADOR AMZ 3; ESTATUTARIO;26230,88;;26230,88;8347,43;17883,45;
BALDUINO GOMES CAMARA;EFETIVOS;ANALISTA PREVIDENCIARIO;AG. PREVIDENCIARIO; ESTATUTARIO;23230,88;;23230,88;7877,06;15353,82;
BRUNO DAMASCENO COSTA NOVO;COMISSIONADOS;ASSESSOR I AMZ.6;; CARGO COMISSION.S/VINCULO;10604,00;;10604,00;2591,92;8012,08;
BRUNO RENE DA SILVA BARROSO;AMAZONPREV-ATIVOS;MEMBRO DE CONSELHO;; CONSELHO;2500,00;;2500,00;44,70;2455,30;
CAROLINE RETTO FROTA;EFETIVOS;ADVOGADO PUBLICO;; ESTATUTARIO;25993,33;;25993,33;8917,13;17076,20;
CHRISTIANO COSTA NOVO DE SENA;COMISSIONADOS;ASSESSOR I AMZ.6;; CARGO COMISSION.S/VINCULO;8104,00;;8104,00;1852,28;6251,72;
CHRISTOVAO CAVALCANTE ALVES;EFETIVOS;ANALISTA PREVIDENCIARIO;AG. PREVIDENCIARIO; ESTATUTARIO;18584,70;;18584,70;6127,78;12456,92;
CINTYA KAZUKO DIAS TAKANO;CONAD;MEMBRO DE CONSELHO;; CONSELHO;2806,00;;2806,00;67,65;2738,35;
CLAUDINEI SOARES;EFETIVOS;ANALISTA PREVIDENCIARIO;AG. PREVIDENCIARIO; ESTATUTARIO;25730,88;;25730,88;8460,29;17270,59;
CLAUDIO MARCELO CARDIA PACHECO;EFETIVOS;ANALISTA PREVIDENCIARIO;; ESTATUTARIO;23230,88;;23230,88;7877,06;15353,82;
CYNTHIA MARIA REIS GONZALEZ;CEDIDOS;PROFESSOR PF20.ESP-III;ASSESSOR III-AD-3; ESTATUTARIO;5064,00;;5064,00;801,65;4262,35;
DANIELA LOBO FROES DESCHOOLMEESTER;COMISSIONADOS;GERENTE;NAO INFORMADO; CARGO COMISSION.S/VINCULO;10129,00;;10129,00;2357,02;7771,98;
DAYANA ESPERANCA DOS SANTOS;COMISSIONADOS;ASSISTENTE DA PRESIDENCIA AMZ. 2;; CARGO COMISSION.S/VINCULO;3443,00;;3443,00;444,95;2998,05;
EDERSON DE SOUZA LIMA;COMISSIONADOS;ASS. DE DIRETORIA E GERENCIA AMZ. 1;NAO INFORMADO; CARGO COMISSION.S/VINCULO;2836,00;;2836,00;308,28;2527,72;
EDISSANDRA OLIVEIRA GUIMARAES;EFETIVOS;ANALISTA PREVIDENCIARIO;; ESTATUTARIO;23230,88;;23230,88;7720,65;15510,23;
EDIVANDER SOUZA DOS SANTOS;EFETIVOS;ANALISTA PREVIDENCIARIO;AG. PREVIDENCIARIO; ESTATUTARIO;23230,88;;23230,88;7772,79;15458,09;
EDUARDO MARTINS DE SOUZA;COFIS;MEMBRO DO CONSELHO FISCAL;; CONSELHO;2244,80;;2244,80;25,56;2219,24;
EMERSON OLIVEIRA DE QUEIROS;COFIS;MEMBRO DO CONSELHO FISCAL;; CONSELHO;2244,80;173,07;2071,73;12,58;2059,15;
EMILY CASTELO BRANCO ENCARNACAO;EFETIVOS;ADVOGADO PUBLICO;ASSESSOR I AMZ-6; ESTATUTARIO;27060,66;;27060,66;9214,70;17845,96;
ENA MARA DE AZEDO SANTANA;AMAZONPREV-ATIVOS;ASSISTENTE TECNICO;; ESTATUTARIO;5887,35;;5887,35;1347,23;4540,12;
EUNICE PEREIRA DA SILVA;AMAZONPREV-ATIVOS;ASSISTENTE TECNICO;; ESTATUTARIO;14717,90;;14717,90;4488,47;10229,43;
FABIO DE CARVALHO ROSA;EFETIVOS;ANALISTA PREVIDENCIARIO;COORDENADOR AMZ-3; ESTATUTARIO;23230,88;;23230,88;7772,79;15458,09;
FABIO MARTINS RIBEIRO;EFETIVOS;ADVOGADO PUBLICO;; ESTATUTARIO;51408,00;15945,78;35462,22;12482,17;22980,05;
FABIO ROBERTO GALVAO DA SILVA;COMISSIONADOS;ASS. DE DIRETORIA E GERENCIA AMZ. 1;NAO INFORMADO; CARGO COMISSION.S/VINCULO;2836,00;;2836,00;308,28;2527,72;
FLAVIA MARA MOREIRA COSTA ROCHA;COMISSIONADOS;ASSESSOR III;ASSESSOR III-AMZ-4; CARGO COMISSION.S/VINCULO;5064,00;;5064,00;937,45;4126,55;
FLAVIANA GALUCIO ZOUMBOUNELOS;COMISSIONADOS;COORDENADOR;COORDENADOR-AMZ-3; CARGO COMISSION.S/VINCULO;5570,00;;5570,00;1119,92;4450,08;
FRANCISCA LIMA MOURA;COMISSIONADOS;ASS. DE DIRETORIA E GERENCIA AMZ. 1;NAO INFORMADO; CARGO COMISSION.S/VINCULO;4159,46;;4159,46;637,68;3521,78;
FRANCISCO DE ASSIS SOUZA OLIVEIRA;COMISSIONADOS;ASS. DE DIRETORIA E GERENCIA AMZ. 1;; CARGO COMISSION.S/VINCULO;2836,00;;2836,00;308,28;2527,72;
FRANCISCO LINO BARRETO NETO;COMISSIONADOS;COORDENADOR;NAO INFORMADO; CARGO COMISSION.S/VINCULO;5570,00;;5570,00;1119,92;4450,08;
FREDSON BERNARDO DA SILVA;CONAD;MEMBRO DE CONSELHO;; CONSELHO;2806,00;;2806,00;67,65;2738,35;
GENECI BEHLING BETT;EFETIVOS;ANALISTA PREVIDENCIARIO;; ESTATUTARIO;19719,99;;19719,99;6555,22;13164,77;
GIZA ALLEM NAZARE DE ANDRADE;COMISSIONADOS;GERENTE;GERENTE; CARGO COMISSION.S/VINCULO;10129,00;;10129,00;2461,29;7667,71;
HELLEN CREMILDES PORTO S PINHEIRO;AMAZONPREV-ATIVOS;ASSISTENTE TECNICO;; ESTATUTARIO;12892,96;;12892,96;3932,70;8960,26;
INES CAROLINA BARBOSA F S CABRAL;CONAD;MEMBRO DE CONSELHO;; CONSELHO;2806,00;;2806,00;67,65;2738,35;
ISAIAS DE SOUZA CAVALCANTE;AMAZONPREV-ATIVOS;ASSISTENTE TECNICO;; ESTATUTARIO;14747,82;;14747,82;4499,37;10248,45;
IVANILDO DA COSTA E SILVA;EFETIVOS;ANALISTA PREVIDENCIARIO;AG. PREVIDENCIARIO; ESTATUTARIO;23230,88;;23230,88;7772,79;15458,09;
IZABEL ELEINA MOREIRA;EFETIVOS;ANALISTA PREVIDENCIARIO;AG. PREVIDENCIARIO; ESTATUTARIO;21096,20;;21096,20;7021,22;14074,98;
JACKSON CARLOS GOMES SOARES;COMISSIONADOS;ASS. DE DIRETORIA E GERENCIA AMZ. 1;NAO INFORMADO; CARGO COMISSION.S/VINCULO;4159,46;;4159,46;637,68;3521,78;
JANIS LISANDRA BATISTA CRUZ;EFETIVOS;ANALISTA PREVIDENCIARIO;AG. PREVIDENCIARIO; ESTATUTARIO;17730,83;;17730,83;5649,89;12080,94;
JOAO AUGUSTO CORDEIRO RAMOS;COMISSIONADOS;GERENTE AMZ.7;; CARGO COMISSION.S/VINCULO;10129,00;;10129,00;2461,29;7667,71;
JONATHAS CARREIRA MADEIRA JUNIOR;EFETIVOS;ADVOGADO PUBLICO;ADVOGADO; ESTATUTARIO;20794,66;;20794,66;6959,83;13834,83;
JORGE PIETRO RODRIGUES DE ARAUJO;EFETIVOS;ANALISTA PREVIDENCIARIO;AG. PREVIDENCIARIO; ESTATUTARIO;30974,51;;30974,51;9954,43;21020,08;
JOSE ANTONIO L SENHORAES;AMAZONPREV-ATIVOS;MOTORISTA;; ESTATUTARIO;8138,70;;8138,70;2194,86;5943,84;
JOSE CESAR DA SILVA FONSECA;CONAD;MEMBRO DE CONSELHO;; CONSELHO;2806,00;;2806,00;67,65;2738,35;
JOSE EMERSON CAMPOS RODRIGUES;EFETIVOS;ANALISTA PREVIDENCIARIO;AG. PREVIDENCIARIO; ESTATUTARIO;18584,70;;18584,70;6127,78;12456,92;
KEYTIANE MENDES MODESTO DE SOUZA;COFIS;MEMBRO DO CONSELHO FISCAL;; CONSELHO;2244,80;;2244,80;25,56;2219,24;
LEONARDO ALMEIDA DE S CAVALCANTI;EFETIVOS;ANALISTA PREVIDENCIARIO;COORDENADOR; ESTATUTARIO;36051,39;;36051,39;11190,10;24861,29;
LIGIA DA SILVA BARROS;COFIS;MEMBRO DE CONSELHO;VICE PRES CONS FISC; CARGO COMISSION.S/VINCULO;2244,80;;2244,80;25,56;2219,24;
LUCIANE BARROS DE SOUZA;EFETIVOS;ADVOGADO PUBLICO;ADVOGADO; ESTATUTARIO;27060,66;;27060,66;9266,84;17793,82;
LUIZ CARLOS REGO FREITAS;EFETIVOS;ANALISTA PREVIDENCIARIO;AG. PREVIDENCIARIO; ESTATUTARIO;22163,54;;22163,54;6688,97;15474,57;
LUIZ ROMULO PESSOA PEGADO;AMAZONPREV-ATIVOS;ASSISTENTE TECNICO;; ESTATUTARIO;12916,16;;12916,16;3993,57;8922,59;
MANOEL FERREIRA LIMA JUNIOR;EFETIVOS;ANALISTA PREVIDENCIARIO;COORDENADOR AMZ-3; ESTATUTARIO;25365,55;;25365,55;8576,50;16789,05;
MARA ROBERTA OLIVEIRA DOS ANJOS;COFIS;MEMBRO DO CONSELHO FISCAL;; CONSELHO;2244,80;;2244,80;25,56;2219,24;
MARCELO SOARES CAVALCANTE;EFETIVOS;ANALISTA PREVIDENCIARIO;AG. PREVIDENCIARIO; ESTATUTARIO;22163,54;;22163,54;7370,94;14792,60;
MARCIO OSORIO FREITAS;CONAD;MEMBRO DE CONSELHO;; CONSELHO;2806,00;;2806,00;67,65;2738,35;
MARCO ANTONIO OLIVEIRA DE ARAUJO;COMISSIONADOS;ASSESSOR I AMZ.6;; CARGO COMISSION.S/VINCULO;8104,00;;8104,00;1508,44;6595,56;
MARCOS ANDRE ABENSUR;COFIS;MEMBRO DO CONSELHO FISCAL;; CONSELHO;2244,80;;2244,80;25,56;2219,24;
MARCOS HOMERO XAVIER VENTILARI;EFETIVOS;ANALISTA PREVIDENCIARIO;AG. PREVIDENCIARIO; ESTATUTARIO;23230,88;;23230,88;7772,79;15458,09;
MARIA ADELAIDE RIBEIRO CRUZ;CODIR;ANALISTA PREVIDENCIARIO;DIRETOR DE PREVIDENC; ESTATUTARIO;25270,14;;25270,14;8644,85;16625,29;
MARIA DA CONCEICAO GRANA CRUZ;CEDIDOS;ASSISTENTE ADMINISTRATIVO;ASSIST. ADMINIST; ESTATUTARIO;3308,38;;3308,38;319,76;2988,62;
MARIA DA CONCEICAO GUERREIRO SILVA;CONAD;MEMBRO DE CONSELHO;MEMBRO.CONS.ADM.; CARGO COMISSION.S/VINCULO;2244,80;360,96;1883,84;;1883,84;
MARIA DE FATIMA LIMA DA SILVA;RELOTADOS;ASSISTENTE TECNICO 3A CLASSE;; ESTATUTARIO;6803,30;;6803,30;1555,14;5248,16;
MARIA EDNA ALVES DA COSTA;AMAZONPREV-ATIVOS;ASSISTENTE TECNICO;; ESTATUTARIO;14727,88;;14727,88;4492,11;10235,77;
MARIA LUCIA LIMA DUTRA;EFETIVOS;ANALISTA PREVIDENCIARIO;AG. PREVIDENCIARIO; ESTATUTARIO;23230,88;;23230,88;7877,06;15353,82;
MARIA SUELEN RIBEIRO DOS REIS;CEDIDOS;JORNALISTA;JORNALISTA; ESTATUTARIO;5635,88;;5635,88;915,60;4720,28;
MARLENE AMANCIO DO AMARAL;AMAZONPREV-ATIVOS;ASSISTENTE TECNICO;; ESTATUTARIO;14737,85;;14737,85;4495,73;10242,12;
MARTA REGINA OLIVEIRA DE FARIAS;RELOTADOS;ASSISTENTE TECNICO;COORD REGIONAL; ESTATUTARIO;7984,69;;7984,69;2084,74;5899,95;
MARTHA DUTRA GADELHA DE ALBUQUERQUE;COFIS;MEMBRO DE CONSELHO;MEMBRO CONS.FISCAL; CARGO COMISSION.S/VINCULO;2244,80;;2244,80;25,56;2219,24;
MICHELLE BELOTA TROMBONI;AMAZONPREV-ATIVOS;ASSISTENTE TECNICO;GERENTE, AD-2; ESTATUTARIO;11400,50;;11400,50;3422,93;7977,57;
MILTONIR FRANCISCO BARBOSA C LIMA;CODIR;TECNICO DE NIVEL SUPERIOR;DIRETOR ADMINISTRATI; ESTATUTARIO;11400,39;;11400,39;2036,88;9363,51;
NAIS ALVES DE CAMPOS;COMISSIONADOS;ASSESSOR III AMZ.4;NAO INFORMADO; CARGO COMISSION.S/VINCULO;5064,00;;5064,00;937,45;4126,55;
NEILDO ROSAS DE LIMA;AMAZONPREV-ATIVOS;VIGIA;GERENTE; ESTATUTARIO;6463,96;;6463,96;1254,11;5209,85;
NELCI CAVALCANTE TOME;COMISSIONADOS;COORDENADOR;COORDENADOR-AMZ-3; CARGO COMISSION.S/VINCULO;5570,00;;5570,00;1020,88;4549,12;
NUNO PONCE DE LEAO GONCALVES;COMISSIONADOS;ASSESSOR I AMZ.6;NAO INFORMADO; CARGO COMISSION.S/VINCULO;8104,00;;8104,00;1904,42;6199,58;
PRISCILLA TEIXEIRA FREIRE DE ARAUJO;EFETIVOS;ANALISTA PREVIDENCIARIO;AG. PREVIDENCIARIO; ESTATUTARIO;29551,39;;29551,39;9402,60;20148,79;
RAIMUNDO NONATO PEREIRA DE AGUIAR;EFETIVOS;ANALISTA PREVIDENCIARIO;AG. PREVIDENCIARIO; ESTATUTARIO;23230,88;;23230,88;7772,79;15458,09;
RAIMUNDO PEREIRA PONTES FILHO;CONAD;MEMBRO DE CONSELHO;; CONSELHO;2806,00;58,90;2747,10;63,23;2683,87;
RAQUEL COELHO CAMARDELLA;COMISSIONADOS;ASS. DE DIRETORIA E GERENCIA AMZ. 1;; CARGO COMISSION.S/VINCULO;2836,00;;2836,00;308,28;2527,72;
RAWLISON THALES MARTINS NASCIMENTO;EFETIVOS;ANALISTA PREVIDENCIARIO;AG. PREVIDENCIARIO; ESTATUTARIO;23230,88;;23230,88;7824,93;15405,95;
RENIZIO DE OLIVEIRA FERREIRA;EFETIVOS;ANALISTA PREVIDENCIARIO;; ESTATUTARIO;22163,54;;22163,54;7475,22;14688,32;
RIAD ABRAHIM BALLUT;CONAD;MEMBRO DE CONSELHO;; CONSELHO;2806,00;;2806,00;67,65;2738,35;
RICLEITON WALLACE PEDROSO BATISTA;EFETIVOS;ANALISTA PREVIDENCIARIO;; ESTATUTARIO;30974,51;;30974,51;9443,28;21531,23;
RILMA FERREIRA DA COSTA;EFETIVOS;ANALISTA PREVIDENCIARIO;ASSESSOR III AMZ-4; ESTATUTARIO;24730,88;;24730,88;8289,56;16441,32;
ROBERVANE MORAES DE MELLO COMPTON;EFETIVOS;ANALISTA PREVIDENCIARIO;AG. PREVIDENCIARIO; ESTATUTARIO;24563,54;;24563,54;8135,22;16428,32;
ROBSON SORIA NEGREIROS;EFETIVOS;ANALISTA PREVIDENCIARIO;; ESTATUTARIO;23230,88;;23230,88;7772,79;15458,09;
RONALDO ROSALINO JUNIOR;EFETIVOS;ANALISTA PREVIDENCIARIO;AG. PREVIDENCIARIO; ESTATUTARIO;22163,54;;22163,54;7475,22;14688,32;
SANDRA HELENE SANTANA GUSMAO ANDRAD;AMAZONPREV-ATIVOS;ASSISTENTE TECNICO;COORDENADOR; ESTATUTARIO;15910,44;;15910,44;4816,42;11094,02;
SERGIO FERREIRA NETO;EFETIVOS;ANALISTA PREVIDENCIARIO;; ESTATUTARIO;22163,54;;22163,54;7475,22;14688,32;
SID ALVES DA SILVA GUILHERME;EFETIVOS;ADVOGADO PUBLICO;; ESTATUTARIO;27060,66;;27060,66;9318,98;17741,68;
SIMELBE CARNEIRO FURTADO CAMARA;EFETIVOS;ANALISTA PREVIDENCIARIO;; ESTATUTARIO;22163,54;;22163,54;7475,22;14688,32;
TURIBIO JOSE CORREA DA COSTA;CODIR;DELEGADO DE POLICIA 1A.CL. PC-DEL-I;DIRETOR DE PREVIDENC; ESTATUTARIO;9900,00;1556,85;8343,15;1425,01;6918,14;
VALDIR RODRIGUES BARBOSA;CONAD;MEMBRO DE CONSELHO;MEMBRO.CONS.ADM.; CARGO COMISSION.S/VINCULO;2806,00;1720,22;1085,78;;1085,78;
VANDER LAAN REIS GOES;CONAD;MEMBRO DE CONSELHO;MEMBRO.CONS.ADM.; CARGO COMISSION.S/VINCULO;2806,00;;2806,00;67,65;2738,35;
WELLINGTON GUIMARAES BENTES;EFETIVOS;ANALISTA PREVIDENCIARIO;; ESTATUTARIO;23230,88;;23230,88;7877,06;15353,82;
WILZA DO NASCIMENTO MOREIRA;COMISSIONADOS;ASS. DE DIRETORIA E GERENCIA AMZ. 1;; CARGO COMISSION.S/VINCULO;2836,00;;2836,00;308,28;2527,72;
WIVIANNY FARIAS PEREIRA LACERDA;EFETIVOS;ANALISTA PREVIDENCIARIO;; ESTATUTARIO;18584,70;;18584,70;6023,51;12561,19;
ZIRLEY RAMOS AQUINO;EFETIVOS;ANALISTA PREVIDENCIARIO;AG. PREVIDENCIARIO; ESTATUTARIO;23230,88;;23230,88;7877,06;15353,82;
