NOME;LOTACAO;CARGO;FUNCAO;VINCULO;REMUNERACAO LEGAL TOTAL(R$);DESC.TETO(R$); REMUNERACAO LEGAL DEVIDA(R$);DESCONTOS LEGAIS(R$);LIQUIDO DISPONIVEL(R$);
ADERITO DA COSTA PENAFORT JUNIOR;DIRETORIA ADM.FINANCEIRA;DIRETOR ADMINISTRATIVO E FINANCEIRO;NAO INFORMADO; CARGO COMISSION.S/VINCULO;9500,00;;9500,00;2150,82;7349,18;
AGNES NAIA GOMES DE SA FERNANDES;DIRETORIA ADM.FINANCEIRA;ASSESSOR I;; CARGO COMISSION.S/VINCULO;5729,77;;5729,77;992,73;4737,04;
ALEX SILVA DA ROCHA;ORGAOS DE ATIVIDADE MEIO;GERENTE;NAO INFORMADO; CARGO COMISSION.S/VINCULO;4709,79;;4709,79;652,57;4057,22;
ALEXSANDRO NERO MARTINS DA SILVA;ASSESSORIA;ASSESSOR III;NAO INFORMADO; CARGO COMISSION.S/VINCULO;9575,40;;9575,40;2309,05;7266,35;
ALLAN KARDEC RIBEIRO DE QUEIROZ;DIRETORIA TECNICA;GERENTE;NAO INFORMADO; CARGO COMISSION.S/VINCULO;4709,79;;4709,79;652,57;4057,22;
ANA CAROLINA FERNANDES VIANA;DIRETORIA TECNICA;GERENTE;NAO INFORMADO; CARGO COMISSION.S/VINCULO;4709,79;;4709,79;652,57;4057,22;
ANDRE LIMA GALVAO;DIRETORIA TECNICA;CHEFE DE DEPARTAMENTO;DIRETOR DE DPTO.; CARGO COMISSION.S/VINCULO;5729,77;;5729,77;568,83;5160,94;
ANDRE VICTOR PINHEIRO LIMA;DIRETORIA TECNICA;CHEFE DE DEPARTAMENTO;NAO INFORMADO; CARGO COMISSION.S/VINCULO;5729,77;;5729,77;950,08;4779,69;
ARTHUR SALES GESTA DE MELO;DIRETORIA TECNICA;GERENTE;NAO INFORMADO; CARGO COMISSION.S/VINCULO;4709,79;;4709,79;652,57;4057,22;
BERNARDO AUGUSTO CAMPOS MENDES;DIRETORIA TECNICA;ASSESSOR I;NAO INFORMADO; CARGO COMISSION.S/VINCULO;5729,77;;5729,77;712,42;5017,35;
BRAZ ANTONIO SERRA;FUNDACAO AMAZONAS DE ALTO RENDIMENT;ASSESSOR II;NAO INFORMADO; CARGO COMISSION.S/VINCULO;6113,05;;6113,05;1136,13;4976,92;
BRUNO MOTA DANTAS;DEPTO.DE ADMINIST.E FINANCAS;ASSESSOR II;NAO INFORMADO; CARGO COMISSION.S/VINCULO;4709,79;;4709,79;652,57;4057,22;
CALIL DUARTE SALAM;DIRETORIA TECNICA;ASSESSOR II;NAO INFORMADO; CARGO COMISSION.S/VINCULO;4709,79;;4709,79;622,77;4087,02;
CARLOS ANDRÉ CARIOCA DA SILVA;DIRETORIA TECNICA;ASSESSOR II;NAO INFORMADO; CARGO COMISSION.S/VINCULO;4709,79;;4709,79;622,77;4087,02;
CARLOS EDUARDO MENDONCA DA SILVA;DIRETORIA TECNICA;ASSESSOR II;NAO INFORMADO; CARGO COMISSION.S/VINCULO;3709,79;;3709,79;349,36;3360,43;
CARLOS FABIO PINHEIRO DE OLIVEIRA;DEPTO.DE ADMINIST.E FINANCAS;CHEFE DE DEPARTAMENTO;NAO INFORMADO; CARGO COMISSION.S/VINCULO;5729,77;;5729,77;992,73;4737,04;
CRISTIANE SOARES PIRES;DIRETORIA TECNICA;ASSESSOR II;NAO INFORMADO; CARGO COMISSION.S/VINCULO;4709,79;;4709,79;652,57;4057,22;
DIEGO CESAR MENDONCA FACANHA;DIRETORIA TECNICA;GERENTE;; CARGO COMISSION.S/VINCULO;4709,79;;4709,79;652,57;4057,22;
EDNEI FONSECA DA SILVA;DIRETORIA TECNICA;COORDENADOR OPERACIONAL;NAO INFORMADO; CARGO COMISSION.S/VINCULO;5729,77;;5729,77;992,73;4737,04;
ENNIO QUEIROZ DE OLIVEIRA;DIRETORIA TECNICA;TECNICO 1A CLASSE;COORDENADOR GERAL; ESTATUTARIO;7124,86;;7124,86;1117,40;6007,46;
ERALDO NUNES DE ALMEIDA;DIRETORIA TECNICA;ASSESSOR III;NAO INFORMADO; CARGO COMISSION.S/VINCULO;4755,73;;4755,73;667,90;4087,83;
ERLEISON DE SOUZA BRITO;ASSESSORIA;ASSESSOR I;NAO INFORMADO; CARGO COMISSION.S/VINCULO;5729,77;;5729,77;992,73;4737,04;
ESMAELINO GALUCIO BARROS;DIRETORIA ADM.FINANCEIRA;A.TEC-II;ASSESSOR I; ESTATUTARIO;6335,46;;6335,46;831,65;5503,81;
EVANDRO DA CRUZ CARIOCA JUNIOR;ORGAOS DE ATIVIDADE MEIO;GERENTE;NAO INFORMADO; CARGO COMISSION.S/VINCULO;4709,79;;4709,79;652,57;4057,22;
EWERSON DE OLIVEIRA CARVALHO;DIRETORIA TECNICA;ASSESSOR II;NAO INFORMADO; CARGO COMISSION.S/VINCULO;4709,79;;4709,79;652,57;4057,22;
FELISMINO JOSE TIUBA DOS S JUNIOR;ORGAOS DE ATIVIDADE MEIO;ASSESSOR II;NAO INFORMADO; CARGO COMISSION.S/VINCULO;4709,79;;4709,79;652,57;4057,22;
FERDEVALDO DE MOURA COSTA;DIRETORIA TECNICA;CHEFE DE DEPARTAMENTO;NAO INFORMADO; CARGO COMISSION.S/VINCULO;5729,77;;5729,77;568,83;5160,94;
FLORAMARA TELES MACHADO;DIRETORIA TECNICA;ASSESSOR II;NAO INFORMADO; CARGO COMISSION.S/VINCULO;4709,79;;4709,79;652,57;4057,22;
FRANCISCO EDSON MARQUES FILHO;DIRETORIA TECNICA;PROFESSOR PF20.LPL-IV;DIRETOR TECNICO; ESTATUTARIO;11121,16;;11121,16;2551,07;8570,09;
FRANCISCO HENRIQUE DE AZEVEDO SILVA;FUNDACAO AMAZONAS DE ALTO RENDIMENT;ASSESSOR II;NAO INFORMADO; CARGO COMISSION.S/VINCULO;4709,79;;4709,79;652,57;4057,22;
FRANCISCO JAILSON OLIMPIO VEIGA;DIRETORIA TECNICA;ASSESSOR I;NAO INFORMADO; CARGO COMISSION.S/VINCULO;5729,77;;5729,77;907,42;4822,35;
FRANCISCO WILLYK DA SILVA MONTEIRO;FUNDACAO AMAZONAS DE ALTO RENDIMENT;ASSESSOR II;NAO INFORMADO; CARGO COMISSION.S/VINCULO;4709,79;;4709,79;652,57;4057,22;
GEORGE SOUSA FROES;ORGAOS DE ATIVIDADES-FIM;CHEFE DE DEPARTAMENTO;NAO INFORMADO; CARGO COMISSION.S/VINCULO;5729,77;;5729,77;992,73;4737,04;
GLEISON CAVALCANTE BENJAMIN;DIRETORIA TECNICA;ASSESSOR II;NAO INFORMADO; CARGO COMISSION.S/VINCULO;4709,79;;4709,79;622,77;4087,02;
GRACIONE TABOZA DE LIMA;FUNDACAO AMAZONAS DE ALTO RENDIMENT;GERENTE;NAO INFORMADO; CARGO COMISSION.S/VINCULO;4709,79;;4709,79;652,57;4057,22;
HARLEY LIFISITSH SILVA;DEPTO.DE ADMINIST.E FINANCAS;ASSESSOR I;NAO INFORMADO; CARGO COMISSION.S/VINCULO;5729,77;;5729,77;992,73;4737,04;
HUGO ANDERSON LEITE PACHECO;DIRETORIA TECNICA;GERENTE;NAO INFORMADO; CARGO COMISSION.S/VINCULO;4709,79;;4709,79;594,34;4115,45;
ITALO ALEXANDRE ASSENCO VIANA;DIRETORIA TECNICA;ASSESSOR II;; CARGO COMISSION.S/VINCULO;4709,79;;4709,79;622,77;4087,02;
IVAN BEZERRA DA SILVA;DEPTO.DE ADMINIST.E FINANCAS;GERENTE;NAO INFORMADO; CARGO COMISSION.S/VINCULO;6113,05;;6113,05;1136,13;4976,92;
JAMES DE SOUZA E SOUZA;DIRETORIA TECNICA;ASSESSOR I;NAO INFORMADO; CARGO COMISSION.S/VINCULO;5729,77;;5729,77;907,42;4822,35;
JOABE SANTOS DE ARAUJO;DIRETORIA TECNICA;ASSESSOR II;NAO INFORMADO; CARGO COMISSION.S/VINCULO;4709,79;;4709,79;594,34;4115,45;
JOAO VICTOR PARA MARINHO;DEPTO.DE ADMINIST.E FINANCAS;CHEFE DE DEPARTAMENTO;NAO INFORMADO; CARGO COMISSION.S/VINCULO;5729,77;;5729,77;992,73;4737,04;
JOSE CARLOS SOARES CLEMENTE JUNIOR;ASSESSORIA;ASSESSOR II;NAO INFORMADO; CARGO COMISSION.S/VINCULO;4709,79;;4709,79;652,57;4057,22;
JOSE LEITE DE AMORIM;DIRETORIA TECNICA;ASSESSOR II;NAO INFORMADO; CARGO COMISSION.S/VINCULO;4709,79;;4709,79;652,57;4057,22;
JOSE THIAGO RIBEIRO BONATES CORREA;DIRETORIA TECNICA;GERENTE;NAO INFORMADO; CARGO COMISSION.S/VINCULO;4709,79;;4709,79;652,57;4057,22;
JOSE YURI RIBEIRO BONATES CORREA;DIRETORIA TECNICA;GERENTE;NAO INFORMADO; CARGO COMISSION.S/VINCULO;4709,79;;4709,79;652,57;4057,22;
KEILA DA SILVA MAQUINE;ORGAOS DE ATIVIDADE MEIO;ASSESSOR II;NAO INFORMADO; CARGO COMISSION.S/VINCULO;4709,79;;4709,79;652,57;4057,22;
LUAN FONTINELLE ARAUJO;DIRETORIA TECNICA;CHEFE DE DEPARTAMENTO;NAO INFORMADO; CARGO COMISSION.S/VINCULO;5729,77;;5729,77;950,08;4779,69;
LUCAS CANAVARRO ANTÔNIO DE SOUZA;DIRETORIA TECNICA;ASSESSOR II;NAO INFORMADO; CARGO COMISSION.S/VINCULO;4709,79;;4709,79;652,57;4057,22;
LUCIANA CASTELO BRANCO G CAMARA;DIRETORIA ADM.FINANCEIRA;GERENTE;NAO INFORMADO; CARGO COMISSION.S/VINCULO;6113,05;;6113,05;1136,13;4976,92;
LUCIANA MONTEIRO DA SILVA;GABINETE;CHEFE DE GABINETE;NAO INFORMADO; CARGO COMISSION.S/VINCULO;5729,77;;5729,77;992,73;4737,04;
LUIS PINTO ROCHA;DEPTO.DE PROGRAMAS E PROJETOS;ASSESSOR II;NAO INFORMADO; CARGO COMISSION.S/VINCULO;4709,79;;4709,79;652,57;4057,22;
LUIZ ROGERIO DE ANDRADE MELLO;DEPTO.DE PROGRAMAS E PROJETOS;GERENTE;NAO INFORMADO; CARGO COMISSION.S/VINCULO;6113,05;;6113,05;1136,13;4976,92;
MANUEL EURI DE ARAUJO BRASIL;DEPTO.DE ADMINIST.E FINANCAS;ASSESSOR II;NAO INFORMADO; CARGO COMISSION.S/VINCULO;6113,05;;6113,05;1136,13;4976,92;
MARIO SEVERIANO CAMARA NETO;DIRETORIA TECNICA;ASSESSOR I;NAO INFORMADO; CARGO COMISSION.S/VINCULO;5729,77;;5729,77;907,42;4822,35;
MAURO DE CARVALHO NETO;DIRETORIA TECNICA;ASSESSOR II;; CARGO COMISSION.S/VINCULO;4709,79;;4709,79;529,50;4180,29;
MIRIAN DE OLIVEIRA GUERRA;ASSESSORIA;ASSESSOR II;NAO INFORMADO; CARGO COMISSION.S/VINCULO;4779,72;;4779,72;675,90;4103,82;
MISAEL DE MELO GIBBS ARAUJO;DIRETORIA TECNICA;ASSESSOR III;NAO INFORMADO; CARGO COMISSION.S/VINCULO;4755,73;;4755,73;667,90;4087,83;
MONICA CINARA HOSSAINE NUNES;DIRETORIA TECNICA;COORDENADOR OPERACIONAL;NAO INFORMADO; CARGO COMISSION.S/VINCULO;5729,77;;5729,77;992,73;4737,04;
PAULO CEZAR DA SILVA CAMARA;ORGAOS DE ATIVIDADE MEIO;ASSESSOR I;NAO INFORMADO; CARGO COMISSION.S/VINCULO;5729,77;;5729,77;992,73;4737,04;
PRISCILA FRANCE CRUZ DA SILVA;GABINETE;ASSESSOR II;NAO INFORMADO; CARGO COMISSION.S/VINCULO;6113,05;;6113,05;1136,13;4976,92;
RAFAEL SIMOES SOARES;ORGAOS DE ATIVIDADE MEIO;ASSESSOR II;NAO INFORMADO; CARGO COMISSION.S/VINCULO;3709,79;;3709,79;383,84;3325,95;
RAIMUNDO DE VASCONCELOS TAPAJOS;ASSESSORIA;ASSESSOR II;NAO INFORMADO; CARGO COMISSION.S/VINCULO;4709,79;;4709,79;652,57;4057,22;
RAIMUNDO MATHIAS DE SOUZA NETTO;DIRETORIA TECNICA;GERENTE;NAO INFORMADO; CARGO COMISSION.S/VINCULO;4709,79;;4709,79;652,57;4057,22;
RICARDO SILVESTRE DA SILVA;ASSESSORIA;ASSESSOR II;NAO INFORMADO; CARGO COMISSION.S/VINCULO;4709,79;;4709,79;652,57;4057,22;
ROBERTO AUGUSTO TAPAJOS FOLHADELA;GABINETE;DIRETOR PRESIDENTE;; CARGO COMISSION.S/VINCULO;12200,00;;12200,00;2893,32;9306,68;
ROBERTO RODRIGUES DE CASTRO;DIRETORIA TECNICA;ASSESSOR II;NAO INFORMADO; CARGO COMISSION.S/VINCULO;4709,79;;4709,79;652,57;4057,22;
THAIS RICARDO DE OLIVEIRA;DIRETORIA TECNICA;GERENTE;NAO INFORMADO; CARGO COMISSION.S/VINCULO;4709,79;;4709,79;652,57;4057,22;
THYLON MAX DA SILVA FERREIRA;DEPTO.DE PROGRAMAS E PROJETOS;ASSESSOR III;NAO INFORMADO; CARGO COMISSION.S/VINCULO;3691,80;;3691,80;379,31;3312,49;
VERONICA DA SILVA E SILVA;ORGAOS DE ATIVIDADE MEIO;ASSESSOR II;NAO INFORMADO; CARGO COMISSION.S/VINCULO;4709,79;;4709,79;652,57;4057,22;
WALDESON LIMA BEZERRA;DEPTO.DE PROGRAMAS E PROJETOS;ASSESSOR II;NAO INFORMADO; CARGO COMISSION.S/VINCULO;6113,05;;6113,05;1136,13;4976,92;
ZULEINILSON PORTELA DA SILVA;ORGAOS DE ATIVIDADE MEIO;ASSESSOR I;NAO INFORMADO; CARGO COMISSION.S/VINCULO;5729,77;;5729,77;992,73;4737,04;
