NOME;LOTACAO;CARGO;FUNCAO;VINCULO;REMUNERACAO LEGAL TOTAL(R$);DESC.TETO(R$); REMUNERACAO LEGAL DEVIDA(R$);DESCONTOS LEGAIS(R$);LIQUIDO DISPONIVEL(R$);
ADSON SOARES GARCIA;ASSESSORIA;ASSESSOR I;NAO INFORMADO; CARGO COMISSION.S/VINCULO;5229,77;;5229,77;992,73;4237,04;
AGNES NAIA GOMES DE SA FERNANDES;DIRETORIA ADM.FINANCEIRA;ASSESSOR I;; CARGO COMISSION.S/VINCULO;5229,77;;5229,77;992,73;4237,04;
ALDERVAN SOUZA CORDOVIL;ASSESSORIA;GERENTE;NAO INFORMADO; CARGO COMISSION.S/VINCULO;4209,79;;4209,79;652,57;3557,22;
ALEXSANDRO NERO MARTINS DA SILVA;ASSESSORIA;ASSESSOR III;NAO INFORMADO; CARGO COMISSION.S/VINCULO;3191,80;;3191,80;727,33;2464,47;
ALINE RODRIGUES DO NASCIMENTO;FUNDACAO AMAZONAS DE ALTO RENDIMENT;GERENTE;NAO INFORMADO; CARGO COMISSION.S/VINCULO;4209,79;;4209,79;652,57;3557,22;
ANA CAROLINA FERNANDES VIANA;DIRETORIA TECNICA;GERENTE;NAO INFORMADO; CARGO COMISSION.S/VINCULO;5613,05;;5613,05;1136,13;4476,92;
ANGELO JOSE DO CARMO CASTRO;ASSESSORIA;ASSESSOR II;NAO INFORMADO; CARGO COMISSION.S/VINCULO;4209,79;;4209,79;622,77;3587,02;
ARTHUR SALES GESTA DE MELO;DIRETORIA TECNICA;GERENTE;NAO INFORMADO; CARGO COMISSION.S/VINCULO;4209,79;;4209,79;652,57;3557,22;
BERNARDO AUGUSTO CAMPOS MENDES;DIRETORIA TECNICA;ASSESSOR I;NAO INFORMADO; CARGO COMISSION.S/VINCULO;5229,77;;5229,77;734,92;4494,85;
BRENO ROCHA REIS;ORGAOS DE ATIVIDADE MEIO;DIRETOR ADMINISTRATIVO E FINANCEIRO;NAO INFORMADO; CARGO COMISSION.S/VINCULO;9000,00;;9000,00;2150,82;6849,18;
BRUNO MENDES PEDRACA;FUNDACAO AMAZONAS DE ALTO RENDIMENT;ASSESSOR I;NAO INFORMADO; CARGO COMISSION.S/VINCULO;5229,77;;5229,77;907,42;4322,35;
CARLOS EDUARDO MENDONCA DA SILVA;DIRETORIA TECNICA;ASSESSOR II;NAO INFORMADO; CARGO COMISSION.S/VINCULO;3209,79;;3209,79;349,36;2860,43;
DALYANA GOES CAVALCANTE;FUNDACAO AMAZONAS DE ALTO RENDIMENT;ASSESSOR II;NAO INFORMADO; CARGO COMISSION.S/VINCULO;4209,79;;4209,79;652,57;3557,22;
DAVID DENETT DA SILVA NASCIMENTO;FUNDACAO AMAZONAS DE ALTO RENDIMENT;ASSESSOR II;NAO INFORMADO; CARGO COMISSION.S/VINCULO;4209,79;;4209,79;594,34;3615,45;
DAVID LABORDA DE MOURA;FUNDACAO AMAZONAS DE ALTO RENDIMENT;ASSESSOR II;NAO INFORMADO; CARGO COMISSION.S/VINCULO;3209,79;;3209,79;383,84;2825,95;
DENIS PASSOS ASSIS;ASSESSORIA;ASSESSOR II;NAO INFORMADO; CARGO COMISSION.S/VINCULO;4209,79;;4209,79;652,57;3557,22;
DEUZILENE SIQUEIRA FERREIRA;ASSESSORIA;ASSESSOR II;NAO INFORMADO; CARGO COMISSION.S/VINCULO;4209,79;;4209,79;622,77;3587,02;
DIEGO CESAR MENDONCA FACANHA;ASSESSORIA;CHEFE DE DEPARTAMENTO;NAO INFORMADO; CARGO COMISSION.S/VINCULO;5229,77;;5229,77;992,73;4237,04;
EDNEI FONSECA DA SILVA;DIRETORIA TECNICA;COORDENADOR OPERACIONAL;NAO INFORMADO; CARGO COMISSION.S/VINCULO;5229,77;;5229,77;992,73;4237,04;
EMILLY BRISI TAVARES DA SILVA;ASSESSORIA;ASSESSOR II;NAO INFORMADO; CARGO COMISSION.S/VINCULO;4209,79;;4209,79;622,77;3587,02;
ERALDO NUNES DE ALMEIDA;DIRETORIA TECNICA;ASSESSOR III;NAO INFORMADO; CARGO COMISSION.S/VINCULO;3191,80;;3191,80;379,31;2812,49;
ESMAELINO GALUCIO BARROS;DIRETORIA ADM.FINANCEIRA;A.TEC-II;ASSESSOR I; ESTATUTARIO;5835,46;;5835,46;831,65;5003,81;
EWERSON DE OLIVEIRA CARVALHO;DIRETORIA TECNICA;ASSESSOR II;NAO INFORMADO; CARGO COMISSION.S/VINCULO;4209,79;;4209,79;652,57;3557,22;
FABIO HENRIQUE DOS S ALBUQUERQUE;FUNDACAO AMAZONAS DE ALTO RENDIMENT;DIRETOR TECNICO;NAO INFORMADO; CARGO COMISSION.S/VINCULO;9000,00;;9000,00;2150,82;6849,18;
FAGNA DA COSTA MORAES;ASSESSORIA;ASSESSOR II;NAO INFORMADO; CARGO COMISSION.S/VINCULO;4209,79;;4209,79;652,57;3557,22;
FERNANDO OLIVEIRA SPOSINA;FUNDACAO AMAZONAS DE ALTO RENDIMENT;ASSESSOR II;NAO INFORMADO; CARGO COMISSION.S/VINCULO;4209,79;;4209,79;652,57;3557,22;
FLORAMARA TELES MACHADO;DIRETORIA TECNICA;ASSESSOR II;NAO INFORMADO; CARGO COMISSION.S/VINCULO;4209,79;;4209,79;652,57;3557,22;
FRANCISCO EDSON MARQUES FILHO;ORGAOS DE ATIVIDADES-FIM;PROFESSOR PF20.LPL-IV;CHEFE DE DEPARTAMENT; ESTATUTARIO;7521,16;;7521,16;1698,57;5822,59;
FRANCISCO JAILSON OLIMPIO VEIGA;DIRETORIA TECNICA;ASSESSOR I;NAO INFORMADO; CARGO COMISSION.S/VINCULO;5229,77;;5229,77;907,42;4322,35;
GERALDO CRISTOVAO GUIMARÃES;FUNDACAO AMAZONAS DE ALTO RENDIMENT;GERENTE;NAO INFORMADO; CARGO COMISSION.S/VINCULO;4209,79;;4209,79;652,57;3557,22;
GISELY LISBOA DA SILVA DE SOUZA;ASSESSORIA;GERENTE;NAO INFORMADO; CARGO COMISSION.S/VINCULO;4209,79;;4209,79;652,57;3557,22;
GRACIONE TABOZA DE LIMA;FUNDACAO AMAZONAS DE ALTO RENDIMENT;GERENTE;NAO INFORMADO; CARGO COMISSION.S/VINCULO;4209,79;;4209,79;652,57;3557,22;
GUARACY DE SOUZA SOPRANO;ASSESSORIA;ASSESSOR II;NAO INFORMADO; CARGO COMISSION.S/VINCULO;4209,79;;4209,79;594,34;3615,45;
HUADSON DA ROCHA CARDOSO;ASSESSORIA;ASSESSOR II;NAO INFORMADO; CARGO COMISSION.S/VINCULO;4209,79;;4209,79;652,57;3557,22;
INGRID DAYANE DE OLIVEIRA MENDES;ASSESSORIA;GERENTE;NAO INFORMADO; CARGO COMISSION.S/VINCULO;4209,79;;4209,79;652,57;3557,22;
ITALO ALEXANDRE ASSENCO VIANA;DIRETORIA TECNICA;ASSESSOR II;; CARGO COMISSION.S/VINCULO;4209,79;;4209,79;622,77;3587,02;
JAMES DE SOUZA E SOUZA;DIRETORIA TECNICA;ASSESSOR I;NAO INFORMADO; CARGO COMISSION.S/VINCULO;5229,77;;5229,77;907,42;4322,35;
JHONES ESTEFESSON CORREA S FILHO;ASSESSORIA;CHEFE DE DEPARTAMENTO;NAO INFORMADO; DISP. OUTROS ESFERAS;5229,77;;5229,77;568,83;4660,94;
JOABE SANTOS DE ARAUJO;DIRETORIA TECNICA;ASSESSOR II;NAO INFORMADO; CARGO COMISSION.S/VINCULO;4209,79;;4209,79;594,34;3615,45;
JORGE ELIAS COSTA DE OLIVEIRA;GABINETE;DIRETOR PRESIDENTE;NAO INFORMADO; CARGO COMISSION.S/VINCULO;11700,00;;11700,00;2736,91;8963,09;
JOSE CARLOS SOARES CLEMENTE JUNIOR;ASSESSORIA;ASSESSOR II;NAO INFORMADO; CARGO COMISSION.S/VINCULO;4209,79;;4209,79;652,57;3557,22;
KEYNE MENDONÇA DO CARMO;ASSESSORIA;GERENTE;NAO INFORMADO; CARGO COMISSION.S/VINCULO;4209,79;;4209,79;622,77;3587,02;
LISANDRO MAMUD SAID TEIXEIRA;ASSESSORIA;GERENTE;NAO INFORMADO; CARGO COMISSION.S/VINCULO;4209,79;;4209,79;652,57;3557,22;
LOURENA CRISTINA LIMA AFONSO;GABINETE;CHEFE DE GABINETE;NAO INFORMADO; CARGO COMISSION.S/VINCULO;5229,77;;5229,77;992,73;4237,04;
LUANA SILVA DE SOUZA;ASSESSORIA;GERENTE;NAO INFORMADO; CARGO COMISSION.S/VINCULO;4209,79;;4209,79;652,57;3557,22;
LUIS PINTO ROCHA;DEPTO.DE PROGRAMAS E PROJETOS;ASSESSOR II;NAO INFORMADO; CARGO COMISSION.S/VINCULO;4209,79;;4209,79;652,57;3557,22;
LUIZ ROGERIO DE ANDRADE MELLO;ASSESSORIA;GERENTE;NAO INFORMADO; CARGO COMISSION.S/VINCULO;5753,31;;5753,31;1188,94;4564,37;
MANUEL EURI DE ARAUJO BRASIL;DEPTO.DE ADMINIST.E FINANCAS;ASSESSOR II;NAO INFORMADO; CARGO COMISSION.S/VINCULO;4209,79;;4209,79;652,57;3557,22;
MARCIA ESTEVES DA SILVA MOREIRA;FUNDACAO AMAZONAS DE ALTO RENDIMENT;CHEFE DE DEPARTAMENTO;NAO INFORMADO; CARGO COMISSION.S/VINCULO;5229,77;;5229,77;864,76;4365,01;
MARCO ANTONIO OLIVEIRA RODRIGUES;ASSESSORIA;GERENTE;NAO INFORMADO; CARGO COMISSION.S/VINCULO;4209,79;;4209,79;622,77;3587,02;
MARCO RINALDO COLARES LOPES;ASSESSORIA;ASSESSOR II;NAO INFORMADO; CARGO COMISSION.S/VINCULO;3209,79;;3209,79;383,84;2825,95;
MARILIA FERRAZ DORINHO;ASSESSORIA;ASSESSOR I;NAO INFORMADO; CARGO COMISSION.S/VINCULO;5229,77;;5229,77;992,73;4237,04;
MARIO SEVERIANO CAMARA NETO;DIRETORIA TECNICA;ASSESSOR I;NAO INFORMADO; CARGO COMISSION.S/VINCULO;5229,77;;5229,77;907,42;4322,35;
MAURO DE CARVALHO NETO;DIRETORIA TECNICA;ASSESSOR II;; CARGO COMISSION.S/VINCULO;4209,79;;4209,79;544,50;3665,29;
MISAEL DE MELO GIBBS ARAUJO;DIRETORIA TECNICA;ASSESSOR III;NAO INFORMADO; CARGO COMISSION.S/VINCULO;3191,80;;3191,80;379,31;2812,49;
MONICA CINARA HOSSAINE NUNES;DIRETORIA TECNICA;COORDENADOR OPERACIONAL;NAO INFORMADO; CARGO COMISSION.S/VINCULO;5229,77;;5229,77;992,73;4237,04;
MOYSES ROBERTO GEBER CORREA;FUNDACAO AMAZONAS DE ALTO RENDIMENT;COORDENADOR GERAL;NAO INFORMADO; CARGO COMISSION.S/VINCULO;5229,77;;5229,77;950,08;4279,69;
PATRICIA DE NAZARE DA C OLIVEIRA;FUNDACAO AMAZONAS DE ALTO RENDIMENT;ASSESSOR II;NAO INFORMADO; CARGO COMISSION.S/VINCULO;4209,79;;4209,79;622,77;3587,02;
RAIMUNDO DE VASCONCELOS TAPAJOS;ASSESSORIA;ASSESSOR II;NAO INFORMADO; CARGO COMISSION.S/VINCULO;4209,79;;4209,79;652,57;3557,22;
RAIMUNDO MATHIAS DE SOUZA NETTO;DIRETORIA TECNICA;GERENTE;NAO INFORMADO; CARGO COMISSION.S/VINCULO;4209,79;;4209,79;652,57;3557,22;
ROBERTO RODRIGUES DE CASTRO;DIRETORIA TECNICA;ASSESSOR II;NAO INFORMADO; CARGO COMISSION.S/VINCULO;4209,79;;4209,79;652,57;3557,22;
ROMARIO RIBEIRO PEREIRA;ASSESSORIA;ASSESSOR II;NAO INFORMADO; CARGO COMISSION.S/VINCULO;4209,79;;4209,79;652,57;3557,22;
SERVIO TULIO XEREZ DE MATTOS;FUNDACAO AMAZONAS DE ALTO RENDIMENT;CHEFE DE DEPARTAMENTO;NAO INFORMADO; CARGO COMISSION.S/VINCULO;5229,77;;5229,77;992,73;4237,04;
TEREZINHA FERNANDES DE ARAUJO;FUNDACAO AMAZONAS DE ALTO RENDIMENT;CHEFE DE DEPARTAMENTO;NAO INFORMADO; CARGO COMISSION.S/VINCULO;5229,77;;5229,77;992,73;4237,04;
THEMIS ELIZA BESSA S CORDEIRO;ASSESSORIA;ASSESSOR II;NAO INFORMADO; CARGO COMISSION.S/VINCULO;4209,79;;4209,79;652,57;3557,22;
THYLON MAX DA SILVA FERREIRA;DEPTO.DE PROGRAMAS E PROJETOS;ASSESSOR III;NAO INFORMADO; CARGO COMISSION.S/VINCULO;3191,80;;3191,80;379,31;2812,49;
VANDERLEI SANTANA DA SILVA;ASSESSORIA;ASSESSOR II;NAO INFORMADO; CARGO COMISSION.S/VINCULO;4209,79;;4209,79;622,77;3587,02;
WAGNER ALLEN SARAIVA CORREA;FUNDACAO AMAZONAS DE ALTO RENDIMENT;CHEFE DE DEPARTAMENTO;NAO INFORMADO; CARGO COMISSION.S/VINCULO;5229,77;;5229,77;950,08;4279,69;
WALDISNEY GALUCIO CERDEIRA;ASSESSORIA;ASSESSOR II;NAO INFORMADO; CARGO COMISSION.S/VINCULO;4209,79;;4209,79;652,57;3557,22;
