NOME;LOTACAO;CARGO;FUNCAO;VINCULO;REMUNERACAO LEGAL TOTAL(R$);DESC.TETO(R$); REMUNERACAO LEGAL DEVIDA(R$);DESCONTOS LEGAIS(R$);LIQUIDO DISPONIVEL(R$);
ALFREDO MONTEIRO LINS ALBUQUERQUE;GABINETE DO REPRESENTANTE;CHEFE DE ESCRITOR.DE REPRESENTACAO;NAO INFORMADO; CARGO COMISSION.S/VINCULO;28060,00;;28060,00;7392,32;20667,68;
DENIZE RONDINA;AGENCIA DE REPRES.PROM.DO AM;ASSESSOR I;ASSESSOR I; CARGO COMISSION.S/VINCULO;5229,77;;5229,77;992,73;4237,04;
ISABEL FERNANDEZ RIBEIRO;GABINETE DO SECRETARIO;ASSESSOR I;NAO INFORMADO; CARGO COMISSION.S/VINCULO;5229,77;;5229,77;992,73;4237,04;
JANAINA COELHO MOTA SANTIAGO;GABINETE DO SECRETARIO;CHEFE DE DEPARTAMENTO;NAO INFORMADO; CARGO COMISSION.S/VINCULO;5229,77;;5229,77;992,73;4237,04;
LUIZ CARLOS GONCALVES;AGENCIA DE REPRES.PROM.DO AM;TNS-I;MOT.DO SECRETARIO; ESTATUTARIO;3658,12;;3658,12;559,42;3098,70;
MARCIO ROBERTO DA SILVA;AGENCIA DE REPRES.PROM.DO AM;ASSESSOR II;; CARGO COMISSION.S/VINCULO;3209,79;;3209,79;383,84;2825,95;
MICHEL FERREIRA DO VALE;COORDENAD.DE ADM.E FINANCAS;TEC.DA FAZENDA ESTADUAL 3A.CL.IV;ASSESSOR TECNICO; ESTATUTARIO;9333,33;;9333,33;1697,31;7636,02;
PEDRO GOMES DOS ANJOS NETO;GABINETE DO REPRESENTANTE;ASSESSOR III;NAO INFORMADO; CARGO COMISSION.S/VINCULO;3191,80;;3191,80;379,31;2812,49;
RAFAEL SUSUMU YORINOBU;AGENCIA DE REPRES.PROM.DO AM;ASSESSOR III;NAO INFORMADO; CARGO COMISSION.S/VINCULO;3191,80;;3191,80;379,31;2812,49;
ROCINEIDE MARIA VENANCIO DA SILVA;AGENCIA DE REPRES.PROM.DO AM;AUX.O-I;ASSESSOR I; ESTATUTARIO;1443,35;;1443,35;194,80;1248,55;
ROSILIANE CANTISANI BESSA;GABINETE DO REPRESENTANTE;ASSESSOR TECNICO;NAO INFORMADO; CARGO COMISSION.S/VINCULO;7000,00;;7000,00;1600,82;5399,18;
SALETE MARIA SIQUEIRA;AGENCIA DE REPRES.PROM.DO AM;ASSESSOR III;NAO INFORMADO; CARGO COMISSION.S/VINCULO;1681,80;;1681,80;134,86;1546,94;
SANDRA ANDREA DA COSTA RIBEIRO;AGENCIA DE REPRES.PROM.DO AM;ASSESSOR I;; CARGO COMISSION.S/VINCULO;4229,77;;4229,77;659,23;3570,54;
SYLVIA FERNANDEZ;GABINETE DO REPRESENTANTE;ASSESSOR II;NAO INFORMADO; CARGO COMISSION.S/VINCULO;3209,79;;3209,79;383,84;2825,95;
TATIANE MARTINS SIMÃO;AGENCIA DE REPRES.PROM.DO AM;ASSESSOR TECNICO;NAO INFORMADO; CARGO COMISSION.S/VINCULO;7000,00;;7000,00;1600,82;5399,18;
VALERIA XIMENES DE SOUZA;GABINETE DO REPRESENTANTE;CHEFE DE GABINETE;NAO INFORMADO; CARGO COMISSION.S/VINCULO;5229,77;;5229,77;992,73;4237,04;
