NOME;LOTACAO;CARGO;FUNCAO;VINCULO;REMUNERACAO LEGAL TOTAL(R$);DESC.TETO(R$); REMUNERACAO LEGAL DEVIDA(R$);DESCONTOS LEGAIS(R$);LIQUIDO DISPONIVEL(R$);
ADEMIR PINTO DOS SANTOS;CONSELHO DIRETOR;MEDICO MEDICINA TROPICAL;; ESTATUTARIO;7462,28;;7462,28;1713,80;5748,48;
ADUANA MARTINS AMARAL;DIR.ADMINISTRATIVA-FINANCEIRA;ASSISTENTE TECNICO PNM.ANM-III;GERENTE; ESTATUTARIO;6028,48;;6028,48;843,91;5184,57;
AIDA DE SOUZA ROSAS;SETOR DE ENFERMARIA;TECNICO DE PATOLOGIA CLINICA A;; ESTATUTARIO;2548,03;;2548,03;286,72;2261,31;
ALBERTO DIAS DE FIGUEIREDO;SETOR DE ZELAD.VIG.TRANSPORTES;MOTORISTA-MOT-T.S.N.A.-A;MOTORISTA; ESTATUTARIO;2402,12;;2402,12;266,30;2135,82;
ALDERINA SILVANA DE SOUZA PEREIRA;SETOR DE REGISTRO E CONTROLE;AGENTE ADM.-AGA-T.S.N.A.-F;; ESTATUTARIO;2296,05;;2296,05;251,45;2044,60;
ALESSANDRA FERREIRA ALVES;SETOR DE PSIC.REABIL.E FISIOT.;FISIOTERAPEUTA-FIS-P.S.N.S.-A;; ESTATUTARIO;6250,25;;6250,25;1295,61;4954,64;
ALFREDO COIMBRA REICHL;SETOR DE RADIOTERAPIA;MEDICO ESPECIALISTA;; ESTATUTARIO;7938,92;;7938,92;1889,26;6049,66;
ALICE BRITO BRANDÃO;SERVICO DE CIRURGIA ANCOLOGICA;GERENTE;NAO INFORMADO; CARGO COMISSION.S/VINCULO;4593,27;;4593,27;679,37;3913,90;
ALICIA NEVES NASCIMENTO;SAME;TELEFONISTA-TEL-T.S.N.A.-E;; ESTATUTARIO;2114,79;;2114,79;226,07;1888,72;
ANA CLAUDIA LAZAMETH BRASILEIRO;SERVICO DE RADIOTERAPIA;ENFERMEIRO-ENF-P.S.N.S.-A;; ESTATUTARIO;6777,63;;6777,63;1494,17;5283,46;
ANA ELIS GUIMARAES ARAUJO;SETOR DE ENFERMARIA;ENFERMEIRO-ENF-P.S.N.S.-A;; ESTATUTARIO;8167,00;;8167,00;1750,55;6416,45;
ANA LUIZA LOUREIRO GUERREIRO;MANDADO DE SEGURANCA;FISIOTERAPEUTA-FIS-P.S.N.S.-A;; ESTATUTARIO;6250,25;;6250,25;1295,61;4954,64;
ANA MARCIA PROGENIO DA SILVA CUNHA;SETOR DE PATOLOGIA CLINICA;TEC.DE PAT.CLINICA-TPC-P.S.N.M.-A;; ESTATUTARIO;2548,03;;2548,03;286,72;2261,31;
ANA ROSA VASQUES DE OLIVEIRA;SETOR DE PATOLOGIA CLINICA;TEC.DE PAT.CLINICA-TPC-P.S.N.M.-A;; ESTATUTARIO;2548,03;;2548,03;286,72;2261,31;
ANANIAS PEREIRA MARQUES;SETOR DE PATOLOGIA CLINICA;AUX.DE PATOL.CLIN.-APC-P.S.N.A.-A;; ESTATUTARIO;2338,85;;2338,85;257,44;2081,41;
ANDERSON FERREIRA GONCALVES;SETOR NEUROLOGICO;MEDICO ESPECIALISTA;MEDICO ESPECIALISTA; ESTATUTARIO;8038,59;;8038,59;1925,94;6112,65;
ANDRE CESAR GURGEL DE LIMA FERREIRA;SAME;ASSIST.ADMIN.-ASA-T.S.N.M.-A;; ESTATUTARIO;2280,62;;2280,62;249,29;2031,33;
ANDRE LUIS SALES DA COSTA;SERV.CLIN.MED.ONC.E APOIO TER.;PSICOLOGO-PSI-P.S.N.S.-A;; ESTATUTARIO;6644,11;;6644,11;1443,90;5200,21;
ANDRE LUIZ CAMPOS MANCINI;SERV.CLIN.MED.ONC.E APOIO TER.;MEDICO ESPECIALISTA;; ESTATUTARIO;7938,92;;7938,92;1889,26;6049,66;
ANDRE LUIZ DOMINGUES;NUCLEO MEDICO-ASSISTENCIAL;MEDICO ESPECIALISTA;; ESTATUTARIO;7938,92;;7938,92;1889,26;6049,66;
ANDREA DE SOUZA BEZERRA;SETOR DE ENFERMARIA;TEC. DE ENFERMAGEM-TEN-P.S.N.M.-A;; ESTATUTARIO;2597,32;;2597,32;286,72;2310,60;
ANDREA LIMA DE SOUZA MARQUES;SETOR DE FARMACIA;FARMACEUTICO-FAR-P.S.N.S.-A;FARMACEUTICO; ESTATUTARIO;6364,08;;6364,08;1191,28;5172,80;
ANDREA PEREZ DE CASTRO;SERVICO COMPLEM.DE DIAGNOSTICO;TECNICO DE PATOLOGIA CLINICA A;TEC.DE PAT.CLINICA A; ESTATUTARIO;2548,03;;2548,03;286,72;2261,31;
ANDREIA RIBEIRO DA SILVA;SERVICO DE ENFERMAGEM;TEC. DE ENFERMAGEM-TEN-P.S.N.M.-A;TEC ENFERMAGEM; ESTATUTARIO;2600,82;;2600,82;294,11;2306,71;
ANDRESSA DOS SANTOS SIQUEIRA;SETOR DE PATOLOGIA CLINICA;TEC.DE PAT.CLINICA-TPC-P.S.N.M.-A;; ESTATUTARIO;2548,03;;2548,03;267,61;2280,42;
ANDREZA NUNES BEZERRA;SERVICO DE RADIOTERAPIA;TEC.DE RADIOTERAPIA-TER-P.S.N.M.-A;; ESTATUTARIO;2548,03;;2548,03;286,72;2261,31;
ANDREZZA DEZINCOURT DE OLIVEIRA;DIVISAO DE ADMINISTRACAO;TELEFONISTA-TEL-T.S.N.A.-E;; ESTATUTARIO;2114,79;;2114,79;218,53;1896,26;
ANGELA DA COSTA LINS;SETOR DE RADIOTERAPIA;TEC.DE RADIOTERAPIA-TER-P.S.N.M.-A;TEC EM RADIO TERAPIA; ESTATUTARIO;2600,82;;2600,82;294,11;2306,71;
ANGELA MARIA COELHO MOURA;SECAO DE SERVICOS GERAIS;AUX.DE SERV.GER.-ASG-T.S.N.A.-A;; ESTATUTARIO;2101,40;;2101,40;224,20;1877,20;
ANTONIA GILVA DA SILVA DO CASAL;SETOR DE FARMACIA;FARMACEUTICO-FAR-P.S.N.S.-A;; ESTATUTARIO;6250,25;;6250,25;1295,61;4954,64;
ANTONIA GRACIONY DANIEL SILVA;SECAO DE SERVICOS GERAIS;AUX.DE SERV.GER.-ASG-T.S.N.A.-A;; ESTATUTARIO;2101,40;;2101,40;224,20;1877,20;
ANTONIA LIMA ARAUJO;SETOR DE ENFERMARIA;AUXILIAR DE SAUDE 3A CLASSE;; ESTATUTARIO;2387,34;;2387,34;243,50;2143,84;
ANTONINA DE CASTRO PONTES;SERVICO DE ENFERMAGEM;TEC. DE ENFERMAGEM-TEN-P.S.N.M.-A;; ESTATUTARIO;2600,82;;2600,82;294,11;2306,71;
ANTONIO CARLOS BITENCOURT DA COSTA;SERVICO DE ENFERMAGEM;TEC. DE ENFERMAGEM-TEN-P.S.N.M.-A;TEC. DE ENFERMAGEM; ESTATUTARIO;2707,36;;2707,36;294,11;2413,25;
ANTONIO CARLOS DA SILVA;SETOR DE REGISTRO E CONTROLE;AGENTE ADM.-AGA-T.S.N.A.-F;; ESTATUTARIO;2547,50;;2547,50;251,45;2296,05;
ARLENE MACHADO DE SOUZA;SAME;ASSISTENTE TECNICO A;SUBGERENTE AD-3; ESTATUTARIO;5999,62;;5999,62;865,59;5134,03;
ARTHENIZE RIAME PRAIA G C ARAUJ;SETOR DE ENFERMARIA;TEC. DE ENFERMAGEM-TEN-P.S.N.M.-A;; ESTATUTARIO;2048,03;;2048,03;;2048,03;
AUGUSTO GUILHERME DE A MARTINOT;SECAO DE SERVICOS GERAIS;ENGENHEIRO ELETR.-EEL-T.S.N.S.-A;; ESTATUTARIO;4832,39;;4832,39;810,61;4021,78;
BARBARA FONSECA ABRAHIM;SETOR DE NUTRICAO E DIETETICA;GERENTE;GERENTE AD-2; CARGO COMISSION.S/VINCULO;4593,27;;4593,27;679,37;3913,90;
BARBARA SILVA DE OLIVEIRA BINDA;SETOR DE PATOLOGIA CLINICA;TEC.DE PAT.CLINICA-TPC-P.S.N.M.-A;; ESTATUTARIO;2548,03;;2548,03;200,71;2347,32;
BIANCA FARIAS DOS SANTOS;DIVISAO DE ADMINISTRACAO;ASSIST.ADMIN.-ASA-T.S.N.M.-A;; ESTATUTARIO;2232,96;;2232,96;242,61;1990,35;
BIANCA PAIVA MAIA PRIMO;SERVICO DE ENFERMAGEM;TEC. DE ENFERMAGEM-TEN-P.S.N.M.-A;; ESTATUTARIO;2600,82;;2600,82;284,31;2316,51;
BRENA DE LOURDES AGUIAR LIMA;SETOR DE FARMACIA;FARMAC.BIOQ. -FAB-P.S.N.S.-A;; ESTATUTARIO;6250,25;;6250,25;1295,61;4954,64;
BRENA LUIZE FERREIRA URATANI;SETOR DE ONCOLOGIA CLINICA;MEDICO ESPECIALISTA;; ESTATUTARIO;7938,92;;7938,92;1889,26;6049,66;
BRUCE DIEGO LACERDA PEREIRA;SERVICO DE RADIOTERAPIA;TEC.DE RADIOTERAPIA-TER-P.S.N.M.-A;; ESTATUTARIO;2548,03;;2548,03;286,72;2261,31;
BRUNO DE SOUZA SILVA;DIVISAO DE ADMINISTRACAO;ASSIST.ADMIN.-ASA-T.S.N.M.-A;; ESTATUTARIO;2280,62;;2280,62;249,29;2031,33;
BRUNO FREIRE DE ALMEIDA;SETOR DE FARMACIA;AUX.DE FARMACIA-AFA-P.S.N.A.-A;; ESTATUTARIO;2239,25;;2239,25;219,14;2020,11;
BRUNO NAZARE NOGUEIRA;SAME;ASSIST.ADMIN.-ASA-T.S.N.M.-A;; ESTATUTARIO;2280,62;;2280,62;249,29;2031,33;
CARLA NATERCIA CABRAL DE OLIVEIRA;SETOR DE FARMACIA;FARMACEUTICO-FAR-P.S.N.S.-A;; ESTATUTARIO;6250,25;;6250,25;1295,61;4954,64;
CARLOS ALBERTO GUIMARAES;SETOR DE PATOLOGIA CLINICA;TEC.DE HISTOLOGIA-THI-P.S.N.M.-C;; ESTATUTARIO;3333,78;;3333,78;391,64;2942,14;
CARLOS VICTOR DA CUNHA URTIGA;SETOR DE PATOLOGIA CLINICA;GERENTE;NAO INFORMADO; CARGO COMISSION.S/VINCULO;4593,27;;4593,27;679,37;3913,90;
CARLOS WAGNER DE JESUS TOSCANO;SETOR DE ENFERMARIA;TEC. DE ENFERMAGEM-TEN-P.S.N.M.-A;TEC ENFERMAGEM; ESTATUTARIO;2500,77;;2500,77;254,86;2245,91;
CAYO CESAR FERREIRA ALVES;SETOR DE ENDOSCOPIA;ASSIST.ADMIN.-ASA-T.S.N.M.-A;CHEFE DE DEPARTAMENT; ESTATUTARIO;7232,96;;7232,96;1158,10;6074,86;
CECILIA EMILY FERREIRA DE SOUZA;SETOR DE ENFERMARIA;TEC. DE ENFERMAGEM-TEN-P.S.N.M.-A;; ESTATUTARIO;2621,97;;2621,97;114,69;2507,28;
CECILIA OLIVEIRA DE CARVALHO;SETOR DE FARMACIA;FARMACEUTICO-FAR-P.S.N.S.-A;; ESTATUTARIO;6250,25;;6250,25;1295,61;4954,64;
CELINA DE JESUS GUIMARAES;SETOR DE FARMACIA;FARMACEUTICO-FAR-P.S.N.S.-A;FARMACEUTICO; ESTATUTARIO;6860,34;;6860,34;1525,31;5335,03;
CHRISTIANE MENDES COSTA;SETOR DE CITOPATOLOGIA;TEC.DE HISTOLOGIA-THI-P.S.N.M.-A;TEC.HISTOLOGIA; ESTATUTARIO;2600,82;;2600,82;294,11;2306,71;
CIBELE DE SOUSA MENEZES;SETOR DE BIBLIOTECA;BIBLIOTECARIO-BIB-T.S.N.S.-A;; ESTATUTARIO;4832,39;;4832,39;810,61;4021,78;
CLAUDIA DE ARAUJO LIRA;SERVICO DE ENFERMAGEM;AGENTE ADM.-AGA-T.S.N.A.-G;; ESTATUTARIO;2424,30;;2424,30;269,40;2154,90;
CLAUDIA PATRICIA DA SILVA CHAVES;SETOR DE ANATOMIA PATOLOGICA;TEC.DE HISTOLOGIA-THI-P.S.N.M.-A;; ESTATUTARIO;2548,03;;2548,03;286,72;2261,31;
CLAUDIA RODRIGUES DE CASTRO SANTANA;SETOR DE ENFERMARIA;AUXILIAR DE ENFERMAGEM A;AUX. DE ENFERMAGEM A; ESTATUTARIO;2387,34;;2387,34;243,50;2143,84;
CLAUDINEIA DE PAULA CHINCKR;DIVISAO DE ADMINISTRACAO;RECEPCIONISTA-REC-T.S.N.A.-E;; ESTATUTARIO;1614,79;;1614,79;;1614,79;
CLAUDIO DE CASTRO COELHO;DIR.ADMINISTRATIVA-FINANCEIRA;GERENTE;NAO INFORMADO; CARGO COMISSION.S/VINCULO;4593,27;;4593,27;679,37;3913,90;
CLAUDIO ROBERTO DE OLIVEIRA VIEIRA;SETOR DE PLASTICA RESTAURADORA;MEDICO ESPECIALISTA;; ESTATUTARIO;8417,13;;8417,13;2250,78;6166,35;
CLECIO LEITE GOMES;SETOR DE PATOLOGIA CLINICA;TECNICO DE PATOLOGIA CLINICA A;; ESTATUTARIO;2548,03;;2548,03;286,72;2261,31;
CLEOPATRA MEDINA NORONHA AREOSA;SETOR DE CENTRO MEDICO;MEDICO DOUTOR;MEDICO ESPECIALISTA; ESTATUTARIO;10874,99;;10874,99;2977,73;7897,26;
CRISTIANE SILVEIRA LIMA;NUCLEO MEDICO-ASSISTENCIAL;MEDICO ESPECIALISTA;; ESTATUTARIO;7538,59;;7538,59;;7538,59;
CRISTIANO DE MOURA PEREIRA;SETOR DE IMAGENOLOGIA;TEC.DE RAD.MEDICA-TRM-P.S.N.M.-A;; ESTATUTARIO;2600,82;;2600,82;294,11;2306,71;
CRISTINA RIBEIRO LOPES;NUCLEO MEDICO-ASSISTENCIAL;TEC.DE PAT.CLINICA-TPC-P.S.N.M.-A;; ESTATUTARIO;3548,03;;3548,03;286,72;3261,31;
DAIANE FERREIRA DE OLIVEIRA;SERVICO COMPLEM.DE DIAGNOSTICO;TEC.DE HISTOLOGIA-THI-P.S.N.M.-A;; ESTATUTARIO;2600,82;;2600,82;255,96;2344,86;
DAMIANA CELESTE PONTES;SETOR DE ENFERMARIA;TEC.DE PAT.CLINICA-TPC-P.S.N.M.-D;; ESTATUTARIO;2999,80;;2999,80;351,37;2648,43;
DANGELA MARIA DOS SANTOS BARBOSA;SETOR DE IMAGENOLOGIA;TEC.DE RAD.MEDICA-TRM-P.S.N.M.-A;; ESTATUTARIO;2704,54;;2704,54;294,11;2410,43;
DANIEL DA SILVA GLORIA;SETOR DE PSIC.REABIL.E FISIOT.;FISIOTERAPEUTA-FIS-P.S.N.S.-A;; ESTATUTARIO;6250,25;;6250,25;1295,61;4954,64;
DANIEL FERREIRA DIAS;SECAO DE PESSOAL;ASSIST.ADMIN.-ASA-T.S.N.M.-A;; ESTATUTARIO;2280,62;;2280,62;249,29;2031,33;
DANIEL FREIRE NAKAMURA;SETOR DE AMBULATORIO;MEDICO ESPECIALISTA; MEDICO ESPECIALISTA; ESTATUTARIO;8038,59;;8038,59;1925,94;6112,65;
DANIEL MACEDO CARNEIRO;SETOR DE FARMACIA;ASSISTENTE TECNICO A;ASSIST. TECNICO; ESTATUTARIO;2341,50;;2341,50;249,29;2092,21;
DANIELE RODRIGUES CAMPOS;SETOR DE PATOLOGIA CLINICA;AUX.DE PATOL.CLIN.-APC-P.S.N.A.-A;; ESTATUTARIO;2338,85;;2338,85;231,69;2107,16;
DANIELLE GUIMARAES COELHO;DIVISAO DE ADMINISTRACAO;TELEFONISTA-TEL-T.S.N.A.-E;; ESTATUTARIO;2114,79;;2114,79;226,07;1888,72;
DELCIDIA DA SILVA ALMEIDA;SETOR DE ENFERMARIA;TEC. DE ENFERMAGEM-TEN-P.S.N.M.-A;; ESTATUTARIO;2548,03;;2548,03;286,72;2261,31;
DENIZE AQUINO DE SOUZA;SETOR DE ENFERMARIA;TEC. DE ENFERMAGEM-TEN-P.S.N.M.-A;TEC DE ENFERMAGEM; ESTATUTARIO;2600,82;;2600,82;294,11;2306,71;
DENIZE DA CRUZ LEMOS;SETOR DE CITOPATOLOGIA;TEC.DE HISTOLOGIA-THI-P.S.N.M.-A;TEC.HISTOLOGIA; ESTATUTARIO;2763,68;;2763,68;316,92;2446,76;
DENIZE DA SILVA CASTRO;SECAO DE MATERIAL E PATRIMONIO;ASSIST.ADMIN.-ASA-T.S.N.M.-A;; ESTATUTARIO;2232,96;;2232,96;242,61;1990,35;
DENIZE MATILDE AGUIAR DE ASSIS;SETOR DE HEMATOL.E HEMOTERAPIA;TEC. DE HEMOTERAP.-THE-P.S.N.M.-D;; ESTATUTARIO;2517,91;;2517,91;372,12;2145,79;
DEUZA MARIA NOGUEIRA ROSARIO;SECAO DE ORCAMENTO E FINANCAS;TECNICO-TEC-T.S.N.S.-D;CHEFE DE DEPARTAMENT; ESTATUTARIO;12152,57;;12152,57;2927,41;9225,16;
DIANA NOGUEIRA DO NASCIMENTO;SETOR DE AMBULATORIO;MEDICO ESPECIALISTA;MED ESPECIALISTA; ESTATUTARIO;8038,59;;8038,59;1925,94;6112,65;
DIEGO DA SILVA FRONER;DIVISAO DE ADMINISTRACAO;BACHAREL EM COMP.-BQO-T.S.N.S.-A;; ESTATUTARIO;4932,04;;4932,04;841,96;4090,08;
DIEGO MONTEIRO DE CARVALHO;NUCLEO MEDICO-ASSISTENCIAL;MEDICO ESPECIALISTA;; ESTATUTARIO;7938,92;;7938,92;1889,26;6049,66;
DIOGENES DE LIMA FRANCA;SETOR DE ENFERMARIA;TEC. DE ENFERMAGEM-TEN-P.S.N.M.-D;; ESTATUTARIO;2931,86;;2931,86;306,41;2625,45;
DIOMARA DE OLIVEIRA BEZERRA;SETOR DE ENFERMARIA;TEC. DE ENFERMAGEM-TEN-P.S.N.M.-A;; ESTATUTARIO;2548,03;;2548,03;286,72;2261,31;
DIRCE COSTA ONETY;SERVICO DE ENFERMAGEM;MEDICO ESPECIALISTA;MEDICO URGENTISTA; ESTATUTARIO;8038,59;;8038,59;1925,94;6112,65;
EDILANE PORTO DIAS;SETOR DE ENFERMARIA;ENFERMEIRO-ENF-P.S.N.S.-A;; ESTATUTARIO;6446,30;;6446,30;1349,53;5096,77;
EDILANE SILVA MENDONCA;SETOR DE ENFERMARIA;TEC. DE ENFERMAGEM-TEN-P.S.N.M.-A;; ESTATUTARIO;2548,03;;2548,03;286,72;2261,31;
EDILENE FERREIRA DOS SANTOS;SETOR DE HEMATOL.E HEMOTERAPIA;TECNICO DE HEMOTERAPIA A;; ESTATUTARIO;2314,97;;2314,97;324,10;1990,87;
EDLA ANTUNES FALCAO DE SOUZA;SETOR DE NUTRICAO E DIETETICA;NUTRICIONISTA C;; ESTATUTARIO;6844,07;;6844,07;1655,30;5188,77;
EDMILZA PORTO DIAS;SETOR DE ENFERMARIA;ENFERMEIRO-ENF-P.S.N.S-D;SUBGERENTE; ESTATUTARIO;10865,61;;10865,61;2725,41;8140,20;
EDNA AUZIER FELIX;SETOR DE ENFERMARIA;TEC. DE ENFERMAGEM-TEN-P.S.N.M.-A;; ESTATUTARIO;2799,58;;2799,58;316,92;2482,66;
EDSON DE OLIVEIRA ANDRADE;SETOR ABDOMINO-TORAXICO;MEDICO DOUTOR;; ESTATUTARIO;13228,39;;13228,39;3706,38;9522,01;
EDSON MAURO SILVA OLIVEIRA;SETOR DE AMBULATORIO;MEDICO ESPECIALISTA;MEDICO ESPECIALISTA; ESTATUTARIO;8038,59;;8038,59;1694,42;6344,17;
EDUARDO JORGE SANTORO CARRILHO;SETOR DE ZELAD.VIG.TRANSPORTES;MOTORISTA-MOT-T.S.N.A.-B;; ESTATUTARIO;2656,74;;2656,74;301,94;2354,80;
EJANDRE LUNIERES DE SANTIAGO;SETOR ABDOMINO-TORAXICO;MEDICO ESPECIALISTA;; ESTATUTARIO;8506,07;;8506,07;1941,50;6564,57;
ELAINE CRISTINA REIS CORREA;SETOR DE PATOLOGIA CLINICA;TEC.DE PAT.CLINICA-TPC-P.S.N.M.-B;; ESTATUTARIO;2763,68;;2763,68;316,92;2446,76;
ELAINE DOS SANTOS MAIA;SETOR DE AMBULATORIO;TEC. DE ENFERMAGEM-TEN-P.S.N.M.-A;; ESTATUTARIO;2600,82;;2600,82;294,11;2306,71;
ELANE ALMEIDA DA COSTA;SETOR DE ENFERMARIA;AUXILIAR DE ENFERMAGEM A;; ESTATUTARIO;2387,34;;2387,34;243,50;2143,84;
ELENISE CHAVES DOS SANTOS;SETOR DE ENFERMARIA;TEC. DE ENFERMAGEM-TEN-P.S.N.M.-A;TEC DE ENFERMAGEN; ESTATUTARIO;2600,82;;2600,82;284,31;2316,51;
ELEONIS FREITAS NUNES;SETOR DE ZELAD.VIG.TRANSPORTES;MOTORISTA-MOT-T.S.N.A.-A;; ESTATUTARIO;2429,80;;2429,80;266,30;2163,50;
ELI MASSAO SHIRAYANAGUI DOS SANTOS;SETOR DE PATOLOGIA CLINICA;FARMAC.BIOQ. -FAB-P.S.N.S.-A;; ESTATUTARIO;6250,25;;6250,25;1196,27;5053,98;
ELIENE CAVALCANTI BUENO DE CASTRO;SERVICOS TECNICOS;ASSIST.SOC.ASS-P.S.N.S.-CL.A;ASSIST SOCIAL; ESTATUTARIO;6364,08;;6364,08;1338,47;5025,61;
ELIENE SILVA MOTA;SECAO DE ORCAMENTO E FINANCAS;ASSIST.ADMIN.-ASA-T.S.N.M.-A;; ESTATUTARIO;2280,62;;2280,62;249,29;2031,33;
ELISAMAR ANDREA CANTO DOS SANTOS;SERVICO DE ENFERMAGEM;TEC. DE ENFERMAGEM-TEN-P.S.N.M.-A;TEC. DE ENFERMAGEM; ESTATUTARIO;2600,82;;2600,82;294,11;2306,71;
ELISANGELA LACERDA DOS REIS;SETOR DE PATOLOGIA CLINICA;FARMAC.BIOQ. -FAB-P.S.N.S.-A;; ESTATUTARIO;6471,22;;6471,22;1356,38;5114,84;
ELIZANGELA DA SILVA;SAME;ASSIST.ADMIN.-ASA-T.S.N.M.-A;; ESTATUTARIO;2232,96;;2232,96;242,61;1990,35;
ELIZIANE LIMA DA SILVA;MANDADO DE SEGURANCA;FARMACEUTICO-FAR-P.S.N.S.-A;; ESTATUTARIO;6250,25;;6250,25;1295,61;4954,64;
ELLEN ALBUQUERQUE DE FREITAS;SETOR DE ENFERMARIA;ENFERMEIRO-ENF-P.S.N.S.-A;; ESTATUTARIO;6250,25;;6250,25;1295,61;4954,64;
ELLERY BARRETO COSTA;SETOR DE FARMACIA;FARMACEUTICO-FAR-P.S.N.S.-A;; ESTATUTARIO;6482,72;;6482,72;1383,13;5099,59;
EMILY DOS SANTOS FRANCO;SETOR DE ANATOMIA PATOLOGICA;MEDICO ESPECIALISTA;; ESTATUTARIO;7938,92;;7938,92;1889,26;6049,66;
ENEIDE MARIA DE SOUSA;SETOR DE IMAGENOLOGIA;TEC.DE RAD.MEDICA-TRM-P.S.N.M.-B;; ESTATUTARIO;2881,68;;2881,68;328,98;2552,70;
ENIO LUCIO COELHO DUARTE;SETOR DE RADIOTERAPIA;MEDICO ESPECIALISTA;; ESTATUTARIO;8038,59;;8038,59;1925,94;6112,65;
ERICK ANDRADE DE PAIVA;SETOR DE FARMACIA;AUX.DE FARMACIA-AFA-P.S.N.A.-A;; ESTATUTARIO;2239,25;;2239,25;243,50;1995,75;
ERIVALDO MOREIRA DIAS;SECAO DE PESSOAL;AUX.DE SERV.GER.-ASG-T.S.N.A.-B;; ESTATUTARIO;2280,85;;2280,85;249,32;2031,53;
ERNANDA RAQUEL DE Q G S E FERNANDES;SETOR DE PATOLOGIA CLINICA;FARMAC.BIOQ. -FAB-P.S.N.S.-A;; ESTATUTARIO;6250,25;;6250,25;1295,61;4954,64;
ERONILDES AUGUSTO DOS SANTOS;SERVICO DE ENFERMAGEM;FISIOTERAPEUTA A;; ESTATUTARIO;7258,52;;7258,52;1675,22;5583,30;
EUGENIA SEIXAS DOS SANTOS MARQUES;SERVICO DE ENFERMAGEM;AUXILIAR DE ENFERMAGEM A;; ESTATUTARIO;2387,34;;2387,34;243,50;2143,84;
EVA MOTA DA SILVA;DIVISAO DE ADMINISTRACAO;ASSIST.ADMIN.-ASA-T.S.N.M.-A;; ESTATUTARIO;1732,96;;1732,96;;1732,96;
EVELYN GUIMARAES LORIS;DIR.ADMINISTRATIVA-FINANCEIRA;AGENTE ADMINISTRATIVO A - N.B.;SUBGERENTE; ESTATUTARIO;5114,79;;5114,79;534,74;4580,05;
FABIANA LO PRESTI MENDONCA ROSAS;SETOR DE AMBULATORIO;MEDICO ESPECIALISTA;MEDICO ESPECIALISTA; ESTATUTARIO;8038,59;;8038,59;1925,94;6112,65;
FABIOLA CARDOSO GOMES;NUCLEO MEDICO-ASSISTENCIAL;FARMACEUTICO-FAR-P.S.N.S.-A;; ESTATUTARIO;8167,00;;8167,00;1822,72;6344,28;
FABIOLA DE PAULA FERREIRA;SERVICO DE ENFERMAGEM;TEC. DE ENFERMAGEM-TEN-P.S.N.M.-A;TEC. DE ENFERMAGEM; ESTATUTARIO;2100,82;;2100,82;294,11;1806,71;
FABIOLA DE PAULA FERREIRA;SETOR DE ENFERMARIA;AUXILIAR DE ENFERMAGEM A;; ESTATUTARIO;2387,34;;2387,34;243,50;2143,84;
FABIOLA LIMA DA SILVA;DIVISAO DE ADMINISTRACAO;ASSIST.ADMIN.-ASA-T.S.N.M.-A;; ESTATUTARIO;2232,96;;2232,96;242,61;1990,35;
FABIOLA MENDES DE OLIVEIRA;SETOR DE RADIOTERAPIA;TEC.DE RADIOTERAPIA-TER-P.S.N.M.-A;; ESTATUTARIO;2548,03;;2548,03;286,72;2261,31;
FABRICIO LIMA MOURA;NUCLEO MEDICO-ASSISTENCIAL;MEDICO ESPECIALISTA;; ESTATUTARIO;7938,92;;7938,92;1784,98;6153,94;
FABRICIO PIMENTEL DOS SANTOS;SECAO DE EXPEDIENTE;MOTORISTA-MOT-T.S.N.A.-A;; ESTATUTARIO;2385,36;;2385,36;258,39;2126,97;
FATIMA KANAWATI DE OLIVEIRA;ASSESSORIA;ASSISTENTE TECNICO B;ASSESSOR III AD 3; ESTATUTARIO;5999,62;;5999,62;865,59;5134,03;
FELIPE JEZINI III;SETOR ABDOMINO-TORAXICO;GERENTE;; CARGO COMISSION.S/VINCULO;4593,27;;4593,27;679,37;3913,90;
FERNANDO HENRIQUE DA SILVA CASCAES;DIVISAO DE ADMINISTRACAO;TELEFONISTA-TEL-T.S.N.A.-E;; ESTATUTARIO;2114,79;;2114,79;226,07;1888,72;
FERNANDO MARTINS MOREIRA;SECAO DE SERVICOS GERAIS;SUBGERENTE;; CARGO COMISSION.S/VINCULO;3586,94;;3586,94;415,66;3171,28;
FILIPE DIEGO RODRIGUES DOS SANTOS;SECAO DE ORCAMENTO E FINANCAS;AGENTE ADM.-AGA-T.S.N.A.-E;GERENTE AD-2; ESTATUTARIO;6114,79;;6114,79;559,91;5554,88;
FRANCELINA DE SOUZA MONTEIRO;SETOR DE ENFERMARIA;TEC. DE ENFERMAGEM-TEN-P.S.N.M.-A;TEC ENFERMAGEM; ESTATUTARIO;2600,82;;2600,82;294,11;2306,71;
FRANCILENA MARINHO SOARES DE JESUS;SERVICO DE ENFERMAGEM;TEC. DE ENFERMAGEM-TEN-P.S.N.M.-A;; ESTATUTARIO;2851,48;;2851,48;323,53;2527,95;
FRANCINEIDA COLARES DE OLIVEIRA;SETOR DE ENFERMARIA;AUXILIAR DE ENFERMAGEM - F;; ESTATUTARIO;3016,45;;3016,45;271,17;2745,28;
FRANCISCA RODRIGUES DUARTE;SECAO DE SERVICOS GERAIS;AUX.DE SERV.GER.-ASG-T.S.N.A.-A;; ESTATUTARIO;2101,40;;2101,40;224,20;1877,20;
FRANCISCO BATISTA PIMENTEL;SETOR DE ENFERMARIA;TEC. DE ENFERMAGEM-TEN-P.S.N.M.-A;; ESTATUTARIO;2548,03;;2548,03;286,72;2261,31;
FRANCISCO CARLOS ALVES DE LIMA;SETOR DE ALMOXARIFADO;AGENTE ADM.-AGA-T.S.N.A.-G;; ESTATUTARIO;2323,85;;2323,85;255,34;2068,51;
FRANCISCO DAMIAO SILVA DE SOUZA;SETOR DE ZELAD.VIG.TRANSPORTES;MOTORISTA-MOT-T.S.N.A.-A;; ESTATUTARIO;2372,01;;2372,01;258,39;2113,62;
FRANCISCO DE ASSIS VIEIRA;SETOR DE ENFERMARIA;TEC. DE ENFERMAGEM-TEN-P.S.N.M.-A;; ESTATUTARIO;2603,49;;2603,49;286,72;2316,77;
FRANCISCO DELMAR PEREIRA DOS SANTOS;NUCLEO MEDICO-ASSISTENCIAL;AGENTE ADM.-AGA-T.S.N.A.-G;; ESTATUTARIO;1919,79;;1919,79;268,77;1651,02;
FRANCISCO ENIO DOS SANTOS;SETOR DE RADIOTERAPIA;TECNICO EM RADIOTERAPIA;TEC DE RADIOTERAPIA; ESTATUTARIO;2548,03;;2548,03;286,72;2261,31;
FRANCISCO GILVAN MOREIRA NEVES;SETOR DE ENFERMARIA;TEC. DE ENFERMAGEM-TEN-P.S.N.M.-A;TEC. DE ENFERMAGEM; ESTATUTARIO;2803,74;;2803,74;294,11;2509,63;
FRANK LANDE BELEM MAGALHAES;SETOR DE NUTRICAO E DIETETICA;COZINHEIRO-T.S.N.A.-A;COZINHEIRO; ESTATUTARIO;2145,67;;2145,67;230,39;1915,28;
FUMIE ISHIZAWA;SERVICO DE CIRURGIA ANCOLOGICA;GERENTE;NAO INFORMADO; CARGO COMISSION.S/VINCULO;4593,27;;4593,27;679,37;3913,90;
GEISA SALVADOR GOES;ASSESSORIA;ASSESSOR II;; CARGO COMISSION.S/VINCULO;4593,27;;4593,27;679,37;3913,90;
GEORGE AUGUSTO M L ALBUQUERQUE;SETOR GENITO PELVICO UROLOGICO;MEDICO ESPECIALISTA;GERENTE; ESTATUTARIO;11938,92;;11938,92;2989,26;8949,66;
GEORGIANA BESERRA DO NASCIMENTO;SETOR DE PATOLOGIA CLINICA;AUX.DE PATOL.CLIN.-APC-P.S.N.A.-A;; ESTATUTARIO;2338,85;;2338,85;257,44;2081,41;
GERSON ANTONIO DOS SANTOS MOURAO;SETOR GENITO PELVICO UROLOGICO;MEDICO ESPECIALISTA;DIRETOR PRESIDENTE; ESTATUTARIO;18513,30;;18513,30;4861,26;13652,04;
GERSON EDUARDO MACENA;SERVICO DE ENFERMAGEM;ASSIST.ADMIN.-ASA-T.S.N.M.-A;; ESTATUTARIO;2232,96;;2232,96;210,27;2022,69;
GEYZA CAMARA AREQUE;DIVISAO DE ADMINISTRACAO;TELEFONISTA-TEL-T.S.N.A.-E;; ESTATUTARIO;2114,79;;2114,79;226,07;1888,72;
GILCIMAR BENFICA ALVES;SETOR DE IMAGENOLOGIA;TEC.DE RAD.MEDICA-TRM-P.S.N.M.-A;TEC EM RADIOLOGIA; ESTATUTARIO;3192,13;;3192,13;294,11;2898,02;
GILMARA BRAGA BENTES;SETOR DE NUTRICAO E DIETETICA;NUTRICIONISTA-NUT-P.S.N.S.-A;; ESTATUTARIO;6250,25;;6250,25;1295,61;4954,64;
GILSON JOSE CORREA;SETOR ABDOMINO-TORAXICO;MEDICO MESTRE;; ESTATUTARIO;9180,91;;9180,91;2346,04;6834,87;
GISELY DE SOUSA IMBIRIBA;SERVICO DE ENFERMAGEM;TEC. DE ENFERMAGEM-TEN-P.S.N.M.-A;TEC. DE ENFERMAGEM; ESTATUTARIO;2600,82;;2600,82;294,11;2306,71;
GIUSEPPE FIGLIUOLO;SETOR DE AMBULATORIO;MEDICO ESPECIALISTA;; ESTATUTARIO;8673,78;;8673,78;2165,08;6508,70;
GLAUCIANE DO SOCORRO MOREIRA NEVES;SETOR DE ENFERMARIA;ENFERMEIRO-ENF-P.S.N.S.-A;ENFERMEIRA; ESTATUTARIO;6777,63;;6777,63;1494,17;5283,46;
GLEICY VIVIANE BRASIL MENDES;SETOR DE ENFERMARIA;AUXILIAR DE ENFERMAGEM A;AUX. DE ENFERMAGEM A; ESTATUTARIO;2387,34;;2387,34;243,50;2143,84;
GRACA MARIA GONDIM DE ALBUQUERQUE;CONSELHO DIRETOR;ENFERMEIRO-ENF-P.S.N.S.-B;GERENTE; ESTATUTARIO;14086,25;;14086,25;3495,11;10591,14;
GREICY MONTEIRO MARQUES;SETOR DE PATOLOGIA CLINICA;FARMAC.BIOQ. -FAB-P.S.N.S.-A;FARMACEUTICOB.QUIMI; ESTATUTARIO;6777,63;;6777,63;1494,17;5283,46;
GUIOMAR PEREIRA DE OLIVEIRA;SECAO DE SERVICOS GERAIS;AUX.DE SERV.GER.-ASG-T.S.N.A.-B;; ESTATUTARIO;2280,85;;2280,85;249,32;2031,53;
HADISON PEREIRA DE SOUZA;SETOR DE LIQ.DE CONTAS HOSPIT.;ASSIST.ADMIN.-ASA-T.S.N.M.-A;; ESTATUTARIO;2280,62;;2280,62;249,29;2031,33;
HELBER FREITAS ALAGIA;CONSELHO DIRETOR;MEDICO ESPECIALISTA A;GERENTE; ESTATUTARIO;12242,47;1224,12;11018,35;2764,32;8254,03;
HENRI HORSTMANN;SETOR DE AMBULATORIO;MEDICO ESPECIALISTA;MED ESPECIALISTA; ESTATUTARIO;8038,59;;8038,59;1925,94;6112,65;
HIGINO FELIPE FIGUEIREDO;SETOR DE AMBULATORIO;MEDICO ESPECIALISTA;; ESTATUTARIO;10418,56;;10418,56;2571,16;7847,40;
HILDA FERREIRA DE MELO;SETOR DE PATOLOGIA CLINICA;TEC.DE PAT.CLINICA-TPC-P.S.N.M.-A;; ESTATUTARIO;2734,25;;2734,25;286,72;2447,53;
HILDEBERTO FERREIRA ASSUNCAO FILHO;SERVICO COMPLEM.DE DIAGNOSTICO;TEC.DE PAT.CLINICA-TPC-P.S.N.M.-A;; ESTATUTARIO;2600,82;;2600,82;294,11;2306,71;
HILKA FLAVIA BARRA DO E S A PEREIRA;NUCLEO MEDICO-ASSISTENCIAL;MEDICO ESPECIALISTA;GERENTE; ESTATUTARIO;16295,63;;16295,63;4225,26;12070,37;
ICARO AUGUSTO PAIVA FALCAO;DIVISAO DE ADMINISTRACAO;ASSIST.ADMIN.-ASA-T.S.N.M.-A;SUBGERENTE; ESTATUTARIO;6874,16;;6874,16;1064,27;5809,89;
IDA PAULA DA SILVA MOURA;SETOR DE ENFERMARIA;FARMACEUTICO-FAR-P.S.N.S.-A;FARMACEUTICO; ESTATUTARIO;6860,34;;6860,34;1525,31;5335,03;
INALDO CALIXTO DA SILVA;SETOR DE ENFERMARIA;FARMACEUTICO BIOQUIMICO B;; ESTATUTARIO;6434,40;;6434,40;1346,25;5088,15;
IRANEIDE FERREIRA MAFRA;SETOR DE ENFERMARIA;ENFERMEIRO-ENF-P.S.N.S.-A;; ESTATUTARIO;8167,00;;8167,00;1822,72;6344,28;
ISAIR DA SILVA LOPES;SETOR DE RADIOTERAPIA;TEC.DE RADIOTERAPIA-TER-P.S.N.M.-A;TEC EM RADIOTERAPIA; ESTATUTARIO;2048,03;;2048,03;286,72;1761,31;
ISAIR DA SILVA LOPES;SERVICO DE RADIOTERAPIA;TECNICO DE RADIOTERAPIA A;; ESTATUTARIO;2600,82;;2600,82;294,11;2306,71;
IVANCY VALENTE DE QUEIROZ;SETOR DE ZELAD.VIG.TRANSPORTES;MOTORISTA-MOT-T.S.N.A.-A;; ESTATUTARIO;2402,12;;2402,12;266,30;2135,82;
IVANETE ANDRADE DE SOUZA SILVA;SETOR DE ENFERMARIA;ENFERMEIRO-ENF-P.S.N.S.-A;; ESTATUTARIO;8167,00;;8167,00;1822,72;6344,28;
IVANETE DE LIMA SAMPAIO;SETOR DE ENFERMARIA;FARMAC.BIOQ. -FAB-P.S.N.S.-A;; ESTATUTARIO;8365,65;;8365,65;2068,03;6297,62;
IVARLI DA SILVA LOPES;SECAO DE EXPEDIENTE;ASSISTENTE TECNICO;; ESTATUTARIO;2499,96;;2499,96;279,99;2219,97;
JACIELEM LIMA PEREIRA;SETOR DE SERVICO SOCIAL;ASSIST.SOC.ASS-P.S.N.S.-CL.A;; ESTATUTARIO;8167,00;;8167,00;1822,72;6344,28;
JACILEIA HELENA DE SOUZA ANDRADE;SERVICO DE ENFERMAGEM;TEC. DE ENFERMAGEM-TEN-P.S.N.M.-A;TEC DE ENFERMAGEM; ESTATUTARIO;3301,09;;3301,09;339,33;2961,76;
JACKQUELINE ALBUQUERQUE DA SILVA;SERVICOS TECNICOS;TEC.DE NUT.E DIET.-TND-P.S.N.M.-A;; ESTATUTARIO;5548,03;;5548,03;286,72;5261,31;
JACKSON ANTONIO SILVA PEREIRA;SECAO DE SERVICOS GERAIS;AUX.DE SERV.GER.-ASG-T.S.N.A.-A;; ESTATUTARIO;2101,40;;2101,40;224,20;1877,20;
JACQUELINE BOTELHO DA SILVA;SETOR DE PATOLOGIA CLINICA;FARMAC.BIOQ. -FAB-P.S.N.S.-A;; ESTATUTARIO;6482,72;;6482,72;1383,13;5099,59;
JAILSON FREITAS DE LIMA;SETOR DE ZELAD.VIG.TRANSPORTES;MOTORISTA-MOT-T.S.N.A.-A;; ESTATUTARIO;2402,12;;2402,12;266,30;2135,82;
JANAINA DOS SANTOS DIAS;SERVICO COMPLEM.DE DIAGNOSTICO;GERENTE;NAO INFORMADO; CARGO COMISSION.S/VINCULO;4593,27;;4593,27;679,37;3913,90;
JANETE PINTO DO NASCIMENTO;SECAO DE SERVICOS GERAIS;AUX.DE SERV.GER.-ASG-T.S.N.A.-A;; ESTATUTARIO;2101,40;;2101,40;201,78;1899,62;
JANILDE DOS SANTOS SILVA;SETOR DE ENFERMARIA;TEC. DE ENFERMAGEM-TEN-P.S.N.M.-A;; ESTATUTARIO;3230,71;;3230,71;327,22;2903,49;
JANILSON CAMPOS VIEIRA;SETOR DE AMBULATORIO;RECEPCIONISTA-REC-T.S.N.A.-E;; ESTATUTARIO;2276,27;;2276,27;248,68;2027,59;
JANIO DE SOUSA PEREIRA;DIVISAO DE ADMINISTRACAO;MOTORISTA-MOT-T.S.N.A.-A;; ESTATUTARIO;2385,36;;2385,36;258,39;2126,97;
JEAN MICHEL MARTINS CARDOSO;SETOR DE ZELAD.VIG.TRANSPORTES;MOTORISTA-MOT-T.S.N.A.-A;; ESTATUTARIO;2345,64;;2345,64;258,39;2087,25;
JEANNE LEE COUTINHO MEDEIROS;SERVICO DE CIRURGIA ANCOLOGICA;MEDICO ESPECIALISTA;SUBGERENTE AD-3; ESTATUTARIO;15319,11;;15319,11;3981,54;11337,57;
JOCIANNE DOS SANTOS BARROS;SETOR DE NUTRICAO E DIETETICA;TEC.DE NUT.E DIET.-TND-P.S.N.M.-A;; ESTATUTARIO;2548,03;;2548,03;286,72;2261,31;
JOELMA CAVALCANTE RICARDO;SETOR DE AMBULATORIO;MEDICO ESPECIALISTA;MED ESPECIALISTA; ESTATUTARIO;10551,45;;10551,45;2616,98;7934,47;
JOHNATAN DE OLIVEIRA NEVES;DIVISAO DE ADMINISTRACAO;ASSIST.ADMIN.-ASA-T.S.N.M.-A;; ESTATUTARIO;1796,51;;1796,51;249,29;1547,22;
JOICE HORACIO PEREIRA;SETOR DE RADIOTERAPIA;TEC.DE RADIOTERAPIA-TER-P.S.N.M.-A;; ESTATUTARIO;2548,03;;2548,03;286,72;2261,31;
JONAS MINEIRO DE CASTRO;DIVISAO DE ADMINISTRACAO;ASSIST.ADMIN.-ASA-T.S.N.M.-A;; ESTATUTARIO;2232,96;;2232,96;242,61;1990,35;
JORDANA RAFAELE NOGUEIRA DA SILVA;SETOR DE SERVICO SOCIAL;ASSIST.SOC.ASS-P.S.N.S.-CL.A;; ESTATUTARIO;6250,25;;6250,25;1295,61;4954,64;
JORGE AFONSO DA SILVA PINHEIRO;SECAO DE PESSOAL;ASSIST.ADMIN.-ASA-T.S.N.M.-A;; ESTATUTARIO;2280,62;;2280,62;249,29;2031,33;
JORGE AUGUSTO ANDRADE DE G BEZERRA;SETOR DE HEMATOL.E HEMOTERAPIA;MEDICO ESPECIALISTA;; ESTATUTARIO;10686,35;;10686,35;2663,48;8022,87;
JORGE DE ALMEIDA CECILIO;SECAO DE SERVICOS GERAIS;AUX.DE SERV.GER.-ASG-T.S.N.A.-A;; ESTATUTARIO;2101,40;;2101,40;224,20;1877,20;
JORGE DE SOUZA DA SILVA;SETOR DE PATOLOGIA CLINICA;FARMAC.BIOQ. -FAB-P.S.N.S.-A;; ESTATUTARIO;6250,25;;6250,25;1295,61;4954,64;
JOSE ALEXANDRE PIRES DE ALMEIDA;SETOR DE PSIC.REABIL.E FISIOT.;FISIOTERAPEUTA-FIS-P.S.N.S.-A;; ESTATUTARIO;6250,25;;6250,25;1295,61;4954,64;
JOSE ARTEMIS DE SOUZA LIMA;SETOR DE ENFERMARIA;TEC. DE ENFERMAGEM-TEN-P.S.N.M.-A;TEC. DE ENFERMAGEM; ESTATUTARIO;3368,73;;3368,73;344,41;3024,32;
JOSE CARLOS DA SILVA;SETOR DE ENFERMARIA;AUXILIAR DE ENFERMAGEM A;; ESTATUTARIO;2387,34;;2387,34;243,50;2143,84;
JOSE CASTRO PONTES;SETOR DE IMAGENOLOGIA;TEC.DE RAD.MEDICA-TRM-P.S.N.M.-B;; ESTATUTARIO;3133,20;;3133,20;328,99;2804,21;
JOSE MARQUES PINA JUNIOR;SETOR DE HEMATOL.E HEMOTERAPIA;MEDICO ESPECIALISTA;; ESTATUTARIO;8669,08;;8669,08;2157,87;6511,21;
JOSE MUNIZ DA SILVA;SECAO DE EXPEDIENTE;AGENTE ADM.-AGA-T.S.N.A.-G;; ESTATUTARIO;2453,86;;2453,86;273,54;2180,32;
JOSE NOGUEIRA BRAGA;SECAO DE SERVICOS GERAIS;AUX.DE SERV.GER.-ASG-T.S.N.A.-A;; ESTATUTARIO;2101,40;;2101,40;224,20;1877,20;
JOSEFA SUELY CUNHA DE SOUZA;SETOR DE FARMACIA;FARMACEUTICO-FAR-P.S.N.S.-A;FARMACEUTICO; ESTATUTARIO;7125,63;;7125,63;1625,19;5500,44;
JOSIANE DA SILVA NEVES;ASSESSORIA;TECNICO-TEC-T.S.N.S.-A;ASSESSOR III; ESTATUTARIO;7832,39;;7832,39;1586,78;6245,61;
JOSIANE DIAS DUARTE;SETOR DE FARMACIA;AUX.DE FARMACIA-AFA-P.S.N.A.-A;; ESTATUTARIO;2239,25;;2239,25;219,14;2020,11;
JOSIEL DE AQUINO MARTINS;DIVISAO DE ADMINISTRACAO;CHEFE DE DEPARTAMENTO;; CARGO COMISSION.S/VINCULO;5600,30;;5600,30;1003,81;4596,49;
JOSINEIDE MARIA ABREU MARINATO;SETOR DE CENTRO MEDICO;ENFERMEIRO-ENF-P.S.N.S.-A;ENFERMEIRA; ESTATUTARIO;8870,17;;8870,17;2069,62;6800,55;
JOSSIMAR FARIAS FERREIRA;SETOR DE RADIOTERAPIA;ASSIST.ADMIN.-ASA-T.S.N.M.-A;; ESTATUTARIO;2810,61;;2810,61;177,92;2632,69;
JOVANIO MELO SARMENTO;SETOR DE PATOLOGIA CLINICA;AUX.DE PATOL.CLIN.-APC-P.S.N.A.-C;; ESTATUTARIO;2466,39;;2466,39;275,29;2191,10;
JUCENILDA VIEIRA FERNANDES;SETOR DE PATOLOGIA CLINICA;FARMAC.BIOQ. -FAB-P.S.N.S.-A;; ESTATUTARIO;6250,25;;6250,25;1295,61;4954,64;
JULCILENE FREIRE RODRIGUES;DIVISAO DE ADMINISTRACAO;TELEFONISTA-TEL-T.S.N.A.-E;; ESTATUTARIO;2114,79;;2114,79;226,07;1888,72;
JULIA MONICA MARCELINO BENEVIDES;SERVICO DE ENFERMAGEM;ENFERMEIRO-ENF-P.S.N.S.-B;; ESTATUTARIO;7440,97;;7440,97;1743,92;5697,05;
JULIA MONICA MARCELINO BENEVIDES;SETOR DE ENFERMARIA;ENFERMEIRO-ENF-P.S.N.S.-A;; ESTATUTARIO;5660,22;;5660,22;1270,85;4389,37;
JULIANE CRISTINE LOPES DOS SANTOS;SETOR DE LIQ.DE CONTAS HOSPIT.;ASSIST.ADMIN.-ASA-T.S.N.M.-A;; ESTATUTARIO;2280,62;;2280,62;249,29;2031,33;
JULIO CESAR LOPES GARCIA;SECAO DE EXPEDIENTE;AGENTE ADM.-AGA-T.S.N.A.-H;; ESTATUTARIO;2826,35;;2826,35;295,94;2530,41;
JUSSARA PEREIRA LEAL GUIMARAES;SETOR DE ENFERMARIA;TEC. DE ENFERMAGEM-TEN-P.S.N.M.-A;TEC DE ENFERMAGEN; ESTATUTARIO;2263,68;;2263,68;316,92;1946,76;
JUSSARA PEREIRA LEAL GUIMARAES;SETOR DE ENFERMARIA;AUXILIAR DE ENFERMAGEM;; ESTATUTARIO;3086,63;;3086,63;345,83;2740,80;
JUSSARA PRAXEDES REBOUCAS;SETOR DE PATOLOGIA CLINICA;FARMAC.BIOQ. -FAB-P.S.N.S.-A;; ESTATUTARIO;8167,00;;8167,00;1822,72;6344,28;
KACIO FELIPE SILVA SOUZA;NUCLEO MEDICO-ASSISTENCIAL;FARMACEUTICO-FAR-P.S.N.S.-A;GERENTE; ESTATUTARIO;13500,33;;13500,33;3289,38;10210,95;
KAMILA KEROENY FERNANDES PEREIRA;SETOR DE ENFERMARIA;TEC. DE ENFERMAGEM-TEN-P.S.N.M.-A;; ESTATUTARIO;2548,03;;2548,03;286,72;2261,31;
KAREN SILVIA MELO DE SOUZA;ASSESSORIA;ASSESSOR II;; CARGO COMISSION.S/VINCULO;4593,27;;4593,27;642,67;3950,60;
KARINA RIBEIRO LOPES;SETOR DE PATOLOGIA CLINICA;TEC.DE PAT.CLINICA-TPC-P.S.N.M.-A;; ESTATUTARIO;2548,03;;2548,03;286,72;2261,31;
KARLEN SANTOS SILVA;DIR.ADMINISTRATIVA-FINANCEIRA;GERENTE;NAO INFORMADO; CARGO COMISSION.S/VINCULO;4593,27;;4593,27;679,37;3913,90;
KATIA LUZ TORRES SILVA;DIRETORIA TECNICA;FARMACEUTICO BIOQUIMICO A;DIRETOR ENS.PESQUISA; ESTATUTARIO;15538,47;;15538,47;3970,48;11567,99;
KATIA SOCORRO SILVA CORREA;SETOR GENITO PELVICO UROLOGICO;MEDICO ESPECIALISTA;; ESTATUTARIO;8294,40;;8294,40;2020,06;6274,34;
KATIA UCHOA DO NASCIMENTO;SECAO DE PESSOAL;AGENTE ADM.-AGA-T.S.N.A.-G;; ESTATUTARIO;2424,30;;2424,30;269,40;2154,90;
KATIANY REGINA RABELO NAZARETH;SETOR DE NUTRICAO E DIETETICA;AGENTE ADM.-AGA-T.S.N.A.-G;; ESTATUTARIO;2366,85;;2366,85;261,36;2105,49;
KEILA CATARINA MOTA DE SOUSA;SECAO DE SERVICOS GERAIS;AUX.DE SERV.GER.-ASG-T.S.N.A.-A;; ESTATUTARIO;2101,40;;2101,40;209,25;1892,15;
KEILA SOUZA DA SILVA;SETOR DE ENFERMARIA;TEC. DE ENFERMAGEM-TEN-P.S.N.M.-A;; ESTATUTARIO;2583,33;;2583,33;286,72;2296,61;
KEYTE FABIOLA DE LIMA F BENTES;SETOR DE SERVICO SOCIAL;ASSIST.SOC.ASS-P.S.N.S.-CL.A;GERENTE; ESTATUTARIO;10250,25;;10250,25;2395,61;7854,64;
KLEBER SANDRO BRASIL DOS SANTOS;SETOR DE HEMATOL.E HEMOTERAPIA;FARMACEUTICO BIOQUIMICO A;GERENTE AD 2; ESTATUTARIO;10731,81;;10731,81;2576,91;8154,90;
KLEYBE JEFFERSON GARCIA OLIVEIRA;SETOR DE RADIOTERAPIA;ASSIST.ADMIN.-ASA-T.S.N.M.-A;; ESTATUTARIO;2810,61;;2810,61;254,91;2555,70;
KLYWTER BRUNO FREIRE TEIXEIRA;SETOR DE FARMACIA;AUX.DE FARMACIA-AFA-P.S.N.A.-A;; ESTATUTARIO;2928,29;;2928,29;264,56;2663,73;
LAÍS DA MOTTA POMPEU;ASSESSORIA;ASSESSOR I;NAO INFORMADO; CARGO COMISSION.S/VINCULO;5600,30;;5600,30;1003,81;4596,49;
LAILA PATRICIA FIDELIS DUTRA;SETOR DE IMAGENOLOGIA;MEDICO ESPECIALISTA;MEDICA ESPECIALISTA; ESTATUTARIO;8038,59;;8038,59;1925,94;6112,65;
LANO ERMENSON MIRANDA MACEDO;SERVICO DE ENFERMAGEM;MEDICO ESPECIALISTA;; ESTATUTARIO;8399,45;;8399,45;2058,70;6340,75;
LARISSA GABRIELA LINS NEVES;SERVICOS TECNICOS;PSICOLOGO-PSI-P.S.N.S.-A;; ESTATUTARIO;6250,25;;6250,25;1295,61;4954,64;
LAURA RITA CAVALCANTE DA SILVEIRA;SECAO DE EXPEDIENTE;CHEFE DE GABINETE;; CARGO COMISSION.S/VINCULO;5600,30;;5600,30;1003,81;4596,49;
LEA CHAVES AMORIM;SETOR DE FARMACIA;FARMACEUTICO-FAR-P.S.N.S.-A;; ESTATUTARIO;6250,25;;6250,25;1295,61;4954,64;
LEANDRO BALDINO;SETOR DE RADIOTERAPIA;MEDICO ESPECIALISTA;GERENTE; ESTATUTARIO;12038,59;;12038,59;3025,94;9012,65;
LEDIANNE DA SILVA OLIVEIRA;DIVISAO DE ADMINISTRACAO;TELEFONISTA-TEL-T.S.N.A.-E;; ESTATUTARIO;2114,79;;2114,79;226,07;1888,72;
LEIDIANE MENDES BRITO CACCIOLA;NUCLEO DE ESTUDOS E PESQUISAS;PESQUISADOR INIC.-PEI-P.S.N.S.-A;; ESTATUTARIO;6959,20;;6959,20;1510,39;5448,81;
LEINA TUPINAMBA DE QUEIROZ;SETOR DE REGISTRO E CONTROLE;AGENTE ADM.-AGA-T.S.N.A.-F;; ESTATUTARIO;2296,05;;2296,05;251,45;2044,60;
LEIVA REGINA DA ENCARNACAO DA SILVA;SERVICO DE ENFERMAGEM;TEC. DE ENFERMAGEM-TEN-P.S.N.M.-A;TEC. ENFERMAGEM; ESTATUTARIO;2600,82;;2600,82;294,11;2306,71;
LENIMAR ALVES DE OLIVEIRA;SERV.CLIN.MED.ONC.E APOIO TER.;AUX.DE SERV.GER.-ASG-T.S.N.A.-C;; ESTATUTARIO;1961,90;;1961,90;274,67;1687,23;
LEONARDO LEAL DO NASCIMENTO;SETOR DE ZELAD.VIG.TRANSPORTES;MOTORISTA-MOT-T.S.N.A.-A;MOTORISTA; ESTATUTARIO;2402,12;;2402,12;266,30;2135,82;
LEONIDAS ALVES DA SILVA;SETOR DE CABECA E PESCOCO;MEDICO ESPECIALISTA;; ESTATUTARIO;14947,11;;14947,11;4709,31;10237,80;
LIA MIZOBE ONO;CONSELHO DIRETOR;CIRURGIAO DENTISTA A;; ESTATUTARIO;6565,34;;6565,34;1330,13;5235,21;
LILIAN DE PAULA DUARTE PAES;SERVICO DE RADIOTERAPIA;ASSISTENTE TECNICO A;ASSIST TEC; ESTATUTARIO;2339,97;;2339,97;257,60;2082,37;
LILIAN GRACE COELHO DE ARAUJO;SETOR DE REGISTRO E CONTROLE;AGENTE ADM.-AGA-T.S.N.A.-F;; ESTATUTARIO;1796,05;;1796,05;251,45;1544,60;
LILIAN MARIA DE ALBUQUERQUE CHAVES;SETOR DE HEMATOL.E HEMOTERAPIA;TEC. DE HEMOTERAP.-THE-P.S.N.M.-C;; ESTATUTARIO;2929,68;;2929,68;347,54;2582,14;
LISSETT CARIDAD GONZALEZ PEREZ;NUCLEO MEDICO-ASSISTENCIAL;GERENTE;NAO INFORMADO; CARGO COMISSION.S/VINCULO;4593,27;;4593,27;679,37;3913,90;
LORENA BARROS DA SILVEIRA;SETOR DE ENFERMARIA;ENFERMEIRO-ENF-P.S.N.S.-A;; ESTATUTARIO;6250,25;;6250,25;1295,61;4954,64;
LUCIA MELO DA SILVA;SETOR DE ENFERMARIA;TEC. DE ENFERMAGEM-TEN-P.S.N.M.-A;TECNICO ENFERMAGEM; ESTATUTARIO;2600,82;;2600,82;294,11;2306,71;
LUCIANO AFONSO TEIXEIRA BRANDAO;SECAO DE PESSOAL;MEDICO ESPECIALISTA;; ESTATUTARIO;8294,40;;8294,40;2020,06;6274,34;
LUCIANO OLIVEIRA DE MELO;DIVISAO DE ADMINISTRACAO;ASSIST.ADMIN.-ASA-T.S.N.M.-A;; ESTATUTARIO;2280,62;;2280,62;249,29;2031,33;
LUCICLEIA FREITAS MADY;SERVICO DE ENFERMAGEM;TECNICO DE PATOLOGIA CLINICA A;; ESTATUTARIO;2576,99;;2576,99;286,72;2290,27;
LUCINETE VIANA DA SILVA;SETOR DE ENFERMARIA;AUXILIAR DE ENFERMAGEM A;; ESTATUTARIO;2387,34;;2387,34;243,50;2143,84;
LUCIVALDO MORAIS DOS REIS;SETOR DE RADIOTERAPIA;TEC.DE RADIOTERAPIA-TER-P.S.N.M.-A;TEC. EM RADIOTERAPIA; ESTATUTARIO;2600,82;;2600,82;294,11;2306,71;
LUIGI GUIDOBONO NUNES;SETOR DE NUTRICAO E DIETETICA;COPEIRO-COP-T.S.N.A.-A;; ESTATUTARIO;2145,67;;2145,67;230,39;1915,28;
LUIS ARTURO ULLOA PEREZ;SETOR DE PATOLOGIA CLINICA;FARMAC.BIOQ. -FAB-P.S.N.S.-D;; ESTATUTARIO;6754,22;;6754,22;1673,60;5080,62;
LUIS MANSUETO PEREIRA FILHO;DIVISAO DE ADMINISTRACAO;COMUNICADOR SOC.-COS-T.S.N.S.-A;; ESTATUTARIO;4932,04;;4932,04;841,96;4090,08;
LUISA DOS SANTOS TORRES;SECAO DE MATERIAL E PATRIMONIO;ASSIST.ADMIN.-ASA-T.S.N.M.-A;; ESTATUTARIO;2232,96;;2232,96;242,61;1990,35;
LUIZ CARLOS DOS SANTOS JUNIOR;SETOR ABDOMINO-TORAXICO;MEDICO ESPECIALISTA;; ESTATUTARIO;8532,93;;8532,93;2108,49;6424,44;
LUIZ COSME VINHOTE ARAUJO;SETOR DE TELEFONIA - D.A.F.;AGENTE ADM.-AGA-T.S.N.A.-E;GERENTE; ESTATUTARIO;6114,79;;6114,79;838,61;5276,18;
LUIZ FELIPE MENEZES DA COSTA;DIR.ADMINISTRATIVA-FINANCEIRA;GERENTE;NAO INFORMADO; CARGO COMISSION.S/VINCULO;4593,27;;4593,27;679,37;3913,90;
LUIZ SERGIO MACHADO DOS SANTOS;SETOR DE CABECA E PESCOCO;CIR.DENT.-CCRD-P.S.N.S.-B;; ESTATUTARIO;6860,40;;6860,40;1525,33;5335,07;
LYRES MARGARETH SOARES BENTES DIAS;SERVICO DE ENFERMAGEM;ENFERMEIRO-ENF-P.S.N.S-D;; ESTATUTARIO;7332,28;;7332,28;1891,24;5441,04;
MAELEN SENA MARQUES;SECAO DE SERVICOS GERAIS;AUX.DE SERV.GER.-ASG-T.S.N.A.-A;; ESTATUTARIO;2101,40;;2101,40;224,20;1877,20;
MAIKO RAMOS MAIA;SETOR DE PATOLOGIA CLINICA;MEDICO ESPECIALISTA;GERENTE; ESTATUTARIO;7938,92;;7938,92;1889,26;6049,66;
MANOEL JESUS PINHEIRO COELHO;SETOR ABDOMINO-TORAXICO;MEDICO ESPECIALISTA;; ESTATUTARIO;11329,46;;11329,46;3349,18;7980,28;
MANOEL JESUS PINHEIRO COELHO JUNIOR;SERVICO DE CIRURGIA ANCOLOGICA;MEDICO ESPECIALISTA;; ESTATUTARIO;7938,92;;7938,92;1889,26;6049,66;
MARA TATIANE SILVA DOS S MARIALVA;SETOR DE ENFERMARIA;TEC. DE ENFERMAGEM-TEN-P.S.N.M.-A;; ESTATUTARIO;2609,65;;2609,65;286,72;2322,93;
MARCELA DE MATOS QUEIROZ;SETOR DE ENFERMARIA;TEC. DE ENFERMAGEM-TEN-P.S.N.M.-A;TEC ENFERMAGEM; ESTATUTARIO;2600,82;;2600,82;294,11;2306,71;
MARCELO BENTES DA SILVA;MANDADO DE SEGURANCA;PSICOLOGO-PSI-P.S.N.S.-A;; ESTATUTARIO;8167,00;;8167,00;1822,72;6344,28;
MARCELO JOSE FERREIRA DE SOUZA;SETOR DE ZELAD.VIG.TRANSPORTES;MOTORISTA-MOT-T.S.N.A.-B;; ESTATUTARIO;2572,15;;2572,15;290,10;2282,05;
MARCELO TAPAJOS ARAUJO;DIRETORIA TECNICA;MEDICO DOUTOR;GERENTE; ESTATUTARIO;15808,86;;15808,86;4421,83;11387,03;
MARCIA ANDRADE DE SOUZA;SETOR DE ENFERMARIA;AUXILIAR DE ENFERMAGEM A;; ESTATUTARIO;2435,92;;2435,92;243,50;2192,42;
MARCIA DOS SANTOS LIRA DA SILVA;SETOR DE ENFERMARIA;AUXILIAR DE ENFERMAGEM A;; ESTATUTARIO;2387,34;;2387,34;243,50;2143,84;
MARCIA MARIA DE OLIVEIRA PASTOR;SETOR DE AMBULATORIO;FONOAUDIOLOGO-FON-P.S.N.S.-A;; ESTATUTARIO;6250,25;;6250,25;1295,61;4954,64;
MARCILENE RODRIGUES DOS SANTOS;SERVICO DE ENFERMAGEM;TEC. DE ENFERMAGEM-TEN-P.S.N.M.-A;TEC DE ENFERMAGEM; ESTATUTARIO;2600,82;;2600,82;284,31;2316,51;
MARCO ANTONIO CRUZ ROCHA;SERVICO DE CIRURGIA ANCOLOGICA;MEDICO ESPECIALISTA;DIRETOR TECNICO; ESTATUTARIO;16138,59;;16138,59;4153,44;11985,15;
MARCO ANTONIO RICCI CORREA JUNIOR;SERVICO DE CIRURGIA ANCOLOGICA;MEDICO ESPECIALISTA;; ESTATUTARIO;8038,59;;8038,59;1925,94;6112,65;
MARCOS AURELIO FERREIRA DA SILVA;SETOR DE ENFERMARIA;FARMAC.BIOQ. -FAB-P.S.N.S.-A;FARMACEUTICO; ESTATUTARIO;6231,81;;6231,81;1476,91;4754,90;
MARCOS GOMES BEZERRA JUNIOR;SETOR DE ZELAD.VIG.TRANSPORTES;MOTORISTA-MOT-T.S.N.A.-A;; ESTATUTARIO;2345,64;;2345,64;258,39;2087,25;
MARESSA GASPAROTO LENGLUBE LISBOA;SETOR DE ENFERMARIA;ENFERMEIRO-ENF-P.S.N.S.-A;; ESTATUTARIO;6250,25;;6250,25;1295,61;4954,64;
MARIA ANGELA COSTA LIMA GIOIA;DIVISAO DE ADMINISTRACAO;ADMINISTRADOR ADM.T.S.N.S.-A;GERENTE AD 2; ESTATUTARIO;9676,61;;9676,61;2179,64;7496,97;
MARIA AUREA PEREIRA DOS SANTOS;SETOR DE NUTRICAO E DIETETICA;COZINHEIRO-COZ-T.S.N.A.-D;; ESTATUTARIO;2515,27;;2515,27;282,14;2233,13;
MARIA AUXILIADORA BRAGA DE OLIVEIRA;SETOR DE ENFERMARIA;ENFERMEIRO-ENF-P.S.N.S.-B;; ESTATUTARIO;7201,56;;7201,56;1485,57;5715,99;
MARIA AUXILIADORA DA SILVA SILVA;CONS.TECNICO-ADMINISTRATIVO;CONTADOR-CON-T.S.N.S.-A;; ESTATUTARIO;4932,04;;4932,04;841,96;4090,08;
MARIA AUXILIADORA DE MELO;SETOR DE PATOLOGIA CLINICA;ASSISTENTE TECNICO ADMINISTRATIVO B;; ESTATUTARIO;2257,75;;2257,75;316,09;1941,66;
MARIA AUXILIADORA FERNANDES SILVA;SETOR DE ENFERMARIA;AUX.DE ENFERM.-AEF-P.S.N.A.-B;; ESTATUTARIO;2436,30;;2436,30;271,08;2165,22;
MARIA AUXILIADORA TRINDADE REBELO;SETOR DE AMBULATORIO;MEDICO ESPECIALISTA;; ESTATUTARIO;7438,92;;7438,92;1889,26;5549,66;
MARIA AUXILIADORA TRINDADE REBELO;SERV.CLIN.MED.ONC.E APOIO TER.;MEDICO ESPECIALISTA;; ESTATUTARIO;8190,92;;8190,92;1981,99;6208,93;
MARIA CELIA CASTRO DA COSTA;SERVICO DE RADIOTERAPIA;TECNICO DE RADIOTERAPIA A;; ESTATUTARIO;2548,03;;2548,03;286,72;2261,31;
MARIA CELIA LOPES DE SOUZA;SECAO DE ORCAMENTO E FINANCAS;ASSISTENTE TECNICO A;; ESTATUTARIO;2065,82;;2065,82;289,21;1776,61;
MARIA CELIA VIANA CIDRONIO;SERVICOS TECNICOS;ASSIST.SOC.ASS-P.S.N.S.-CL.D;GERENTE AD 2; ESTATUTARIO;6908,92;;6908,92;1731,85;5177,07;
MARIA CINTIA DA COSTA B C E SOUZA;SETOR DE FARMACIA;AUX.DE FARMACIA-AFA-P.S.N.A.-A;; ESTATUTARIO;1739,25;;1739,25;;1739,25;
MARIA DAS GRACAS BASTOS DE LIMA;SETOR DE CITOPATOLOGIA;TEC.DE HISTOLOGIA-THI-P.S.N.M.-A;TEC.HISTOLOGIA; ESTATUTARIO;2263,68;;2263,68;316,92;1946,76;
MARIA DAS GRACAS COSTA DE SENA;SERVICO DE ENFERMAGEM;ENFERMEIRO-ENF-P.S.N.S.-A;ENFERMERO; ESTATUTARIO;6364,08;;6364,08;1338,47;5025,61;
MARIA DAS GRACAS TEIXEIRA DE M MAIA;SETOR DE ENFERMARIA;TEC. DE ENFERMAGEM-TEN-P.S.N.M.-D;; ESTATUTARIO;2517,91;;2517,91;372,12;2145,79;
MARIA DE DEUS MOURAO XAVIER;SETOR DE ENFERMARIA;AUXILIAR DE ENFERMAGEM A;AUX. DE ENFERMAGEM A; ESTATUTARIO;2387,34;;2387,34;243,50;2143,84;
MARIA DE FATIMA BERNARDO DA COSTA;SETOR DE AMBULATORIO;AUX.DE ENFERM.-AEF-P.S.N.A.-D;; ESTATUTARIO;2162,64;;2162,64;302,77;1859,87;
MARIA DE LOURDES DOS SANTOS;SECAO DE SERVICOS GERAIS;AUX.DE SERV.GER.-ASG-T.S.N.A.-D;; ESTATUTARIO;2418,25;;2418,25;268,56;2149,69;
MARIA DE NAZARE CORREA DE AZEVEDO;SETOR DE ENFERMARIA;ENFERMEIRO A;; ESTATUTARIO;6250,25;;6250,25;1295,61;4954,64;
MARIA DIVINA GONCALVES DE ALMEIDA;SETOR DE CITOPATOLOGIA;TEC.DE HISTOLOGIA-THI-P.S.N.M.-A;TEC. HISTOLOGIA; ESTATUTARIO;2763,68;;2763,68;316,92;2446,76;
MARIA DO SOCORRO ANDRADE RIBEIRO;SETOR DE ENFERMARIA;TEC. DE ENFERMAGEM-TEN-P.S.N.M.-A;TEC ENFERMAGEM; ESTATUTARIO;3438,06;;3438,06;349,61;3088,45;
MARIA DO SOCORRO BARROZO BATALHA;SETOR DE RADIOTERAPIA;TECNICO EM RADIOTERAPIA;TEC. EM RADIOTERAPIA; ESTATUTARIO;3301,09;;3301,09;339,33;2961,76;
MARIA DO SOCORRO BARROZO BATALHA;SETOR DE ENFERMARIA;TEC.DE RADIOTERAPIA-TER-P.S.N.M.-A;TEC. RADIOTERAPIA; ESTATUTARIO;2048,03;;2048,03;286,72;1761,31;
MARIA DO SOCORRO DAS CHAGAS;SERVICO DE ENFERMAGEM;ENFERMEIRO-ENF-P.S.N.S.-A;ENFERMERO; ESTATUTARIO;6364,08;;6364,08;1338,47;5025,61;
MARIA DO SOCORRO DE O L MACEDO;SETOR DE ENFERMARIA;ENFERMEIRO-ENF-P.S.N.S.-B;; ESTATUTARIO;7201,56;;7201,56;1653,78;5547,78;
MARIA DO SOCORRO MARQUES CARVALHO;SERV.CLIN.MED.ONC.E APOIO TER.;TEC.DE HEMOTERAP.-THE-P.S.N.M.-A;TEC HEMATERAPIA; ESTATUTARIO;3374,64;;3374,64;352,00;3022,64;
MARIA DO SOCORRO SANTOS DE ARAUJO;SETOR DE HEMATOL.E HEMOTERAPIA;TEC.DE HEMOTERAP.-THE-P.S.N.M.-A;; ESTATUTARIO;2655,98;;2655,98;301,84;2354,14;
MARIA EMILIA DIAS DE ALMEIDA;SERVICO DE ENFERMAGEM;ENFERMEIRO-ENF-P.S.N.S.-C;; ESTATUTARIO;7139,39;;7139,39;1818,62;5320,77;
MARIA GRACIETE RIBEIRO CARNEIRO;SETOR DE HEMATOL.E HEMOTERAPIA;PSICOLOGO-PSI-P.S.N.S.-B;GERENTE AD 2; ESTATUTARIO;12139,78;;12139,78;2959,65;9180,13;
MARIA JOSE DE OLIVEIRA DA S NUNES;SETOR DE NUTRICAO E DIETETICA;COZINHEIRO-T.S.N.A.-A;COZINHEIRA; ESTATUTARIO;2145,67;;2145,67;230,39;1915,28;
MARIA LEITE MARTINS;SETOR DE ENFERMARIA;TEC. DE ENFERMAGEM-TEN-P.S.N.M.-A;; ESTATUTARIO;2548,03;;2548,03;286,72;2261,31;
MARIA LUCILENA FERREIRA DA SILVA;SETOR DE PATOLOGIA CLINICA;TEC.DE PAT.CLINICA-TPC-P.S.N.M.-A;; ESTATUTARIO;2616,30;;2616,30;286,72;2329,58;
MARIA MARGARETH FERREIRA GOMES;SETOR DE NUTRICAO E DIETETICA;COZINHEIRO-T.S.N.A.-A;COZINHEIRA; ESTATUTARIO;2280,85;;2280,85;249,32;2031,53;
MARIA SARA PEDROZA FREIRE OLIVEIRA;SETOR DE NUTRICAO E DIETETICA;COZINHEIRO-T.S.N.A.-A;COZINHEIRA; ESTATUTARIO;2145,67;;2145,67;230,39;1915,28;
MARIA TEREZA DE OLIVEIRA B SILVA;SETOR ABDOMINO-TORAXICO;TEC.DE PAT.CLINICA-TPC-P.S.N.M.-B;; ESTATUTARIO;2349,90;;2349,90;328,99;2020,91;
MARIA VERBENE COSTA AGUIAR;SETOR DE ENFERMARIA;ENFERMEIRO-ENF-P.S.N.S.-A;; ESTATUTARIO;6287,02;;6287,02;1305,72;4981,30;
MARIA VILANIR DA SILVA;SETOR DE SERVICO SOCIAL;ASSIST.SOC.ASS-P.S.N.S.-CL.A;; ESTATUTARIO;6250,25;;6250,25;1295,61;4954,64;
MARIA WILMA TORRES DA COSTA;CHEFIA DE GABINETE;COPEIRO-COP-T.S.N.A.-A;; ESTATUTARIO;2101,40;;2101,40;224,20;1877,20;
MARILIA BATISTA AZEVEDO;SETOR DE ENFERMARIA;TEC. DE ENFERMAGEM-TEN-P.S.N.M.-A;; ESTATUTARIO;2593,31;;2593,31;286,72;2306,59;
MARILIA MUNIZ CAVALCANTE OLIVEIRA;SERVICO DE ENFERMAGEM;ENFERMEIRO-ENF-P.S.N.S.-B;CHEFE DE DEPART.; ESTATUTARIO;11919,71;;11919,71;2922,66;8997,05;
MARINEIA SILVA DO NASCIMENTO;SETOR DE ENFERMARIA;TEC. DE ENFERMAGEM-TEN-P.S.N.M.-A;TECNICO ENFERMAGEM; ESTATUTARIO;2600,82;;2600,82;274,51;2326,31;
MARIO JOSE CASTELO BRANCO;SETOR DE FARMACIA;ASSISTENTE TECNICO A;; ESTATUTARIO;2752,36;;2752,36;302,47;2449,89;
MARIO MARCELO DE OLIVEIRA FEITOSA;SETOR DE ZELAD.VIG.TRANSPORTES;MOTORISTA-MOT-T.S.N.A.-A;; ESTATUTARIO;2402,12;;2402,12;266,30;2135,82;
MARIO SERGIO DE MORAES PINTO;SERV.CLIN.MED.ONC.E APOIO TER.;MEDICO ESPECIALISTA;; ESTATUTARIO;7938,92;;7938,92;1889,26;6049,66;
MARISE DA SILVA PEREIRA;DIVISAO DE ADMINISTRACAO;TELEFONISTA-TEL-T.S.N.A.-E;; ESTATUTARIO;2114,79;;2114,79;226,07;1888,72;
MARIZA FEITOZA DA COSTA;SETOR DE ENFERMARIA;TEC. DE ENFERMAGEM-TEN-P.S.N.M.-A;TEC ENFERMAGEM; ESTATUTARIO;2753,01;;2753,01;294,11;2458,90;
MARLICE FIGUEIREDO DA COSTA;SERVICOS TECNICOS;COPEIRO-COP-T.S.N.A.-A;; ESTATUTARIO;2101,40;;2101,40;224,20;1877,20;
MARTA JOYCE MATOS VIEIRA DA CUNHA;CHEFIA DE GABINETE;COPEIRO-COP-T.S.N.A.-A;; ESTATUTARIO;2694,23;;2694,23;230,39;2463,84;
MARYZANGELA DE MIRANDA FERREIRA;SERV.CLIN.MED.ONC.E APOIO TER.;TEC.DE HEMOTERAP.-THE-P.S.N.M.-A;; ESTATUTARIO;2655,98;;2655,98;301,84;2354,14;
MAURA ANDREA NEGREIROS BIANCO;ASSESSORIA;ASSESSOR I;NAO INFORMADO; CARGO COMISSION.S/VINCULO;5600,30;;5600,30;1003,81;4596,49;
MAURICIO SOARES BECHMAN;SECAO DE ORCAMENTO E FINANCAS;ASSIST.ADMIN.-ASA-T.S.N.M.-A;GERENTE; ESTATUTARIO;6232,96;;6232,96;883,10;5349,86;
MAYSA DE SOUZA CRUZ;SECAO DE PESSOAL;PSICOLOGO C;; ESTATUTARIO;6250,25;;6250,25;1295,61;4954,64;
MICHELE CRISTIANE DE S ALBUQUERQUE;SETOR DE ONCOLOGIA CLINICA;ENFERMEIRO-ENF-P.S.N.S.-A;; ESTATUTARIO;6848,91;;6848,91;1521,01;5327,90;
MIRLANE GUIMARAES DE MELO CARDOSO;SETOR DE ANESTESIOLOGIA;GERENTE;; CARGO COMISSION.S/VINCULO;4593,27;;4593,27;679,37;3913,90;
MOISES CAMPOS ASSUNCAO;SECAO DE ORCAMENTO E FINANCAS;GERENTE;; CARGO COMISSION.S/VINCULO;4593,27;;4593,27;679,37;3913,90;
MONICA DO SOCORRO ROCHA DE OLIVEIRA;SETOR DE ENFERMARIA;ENFERMEIRO-ENF-P.S.N.S.-A;; ESTATUTARIO;6250,25;;6250,25;1295,61;4954,64;
MONICA MARIA BANDEIRA DE MELO;SETOR GENITO PELVICO UROLOGICO;MEDICO ESPECIALISTA;GERENTE; ESTATUTARIO;12875,48;;12875,48;3335,09;9540,39;
MONICA MARIA COSTA SIMOES;SETOR DE ENFERMARIA;AUXILIAR DE ENFERMAGEM A;; ESTATUTARIO;2441,31;;2441,31;243,50;2197,81;
MONIQUE FREIRE SANTANA;NUCLEO DE ESTUDOS E PESQUISAS;PESQUISADOR INIC.-PEI-P.S.N.S.-A;; ESTATUTARIO;6959,20;;6959,20;1562,53;5396,67;
NAJLA DE OLIVEIRA PINHEIRO;SETOR DE AMBULATORIO;MEDICO ESPECIALISTA;; ESTATUTARIO;8038,59;;8038,59;1925,94;6112,65;
NANCY GISELA ALMEIDA DE SOUZA;SERVICO DE ENFERMAGEM;TEC. DE ENFERMAGEM-TEN-P.S.N.M.-A;TEC. ENFERMAGEM; ESTATUTARIO;2600,82;;2600,82;294,11;2306,71;
NARA FARIAS DE SOUSA;SETOR DE ENFERMARIA;ENFERMEIRO-ENF-P.S.N.S.-A;; ESTATUTARIO;6250,25;;6250,25;1223,44;5026,81;
NEIVA OLIVEIRA CAMPOS;DIVISAO DE ADMINISTRACAO;TELEFONISTA-TEL-T.S.N.A.-E;; ESTATUTARIO;2114,79;;2114,79;226,07;1888,72;
NELLY DE FREITAS BATALHA;SETOR DE ENFERMARIA;TEC. DE ENFERMAGEM-TEN-P.S.N.M.-A;; ESTATUTARIO;2603,49;;2603,49;286,72;2316,77;
NILDA MARIA DA SILVA;DIR.ADMINISTRATIVA-FINANCEIRA;DIRETOR ADMINISTRATIVO E FINANCEIRO;NAO INFORMADO; CARGO COMISSION.S/VINCULO;9500,00;;9500,00;2150,82;7349,18;
NORTHON CESAR MARQUES MELO;SETOR DE IMAGENOLOGIA;TEC.DE RAD.MEDICA-TRM-P.S.N.M.-A;TEC EM RADIOLOGIA; ESTATUTARIO;2600,82;;2600,82;294,11;2306,71;
ORNAN AUGUSTO DA COSTA;SETOR DE ENFERMARIA;TEC. DE ENFERMAGEM-TEN-P.S.N.M.-A;; ESTATUTARIO;2548,03;;2548,03;286,72;2261,31;
PATRICIA CHAGAS LIMA;SAME;FISIOTERAPEUTA-FIS-P.S.N.S.-A;GERENTE; ESTATUTARIO;10250,25;;10250,25;2395,61;7854,64;
PATRICIA FRANCINETTE OLIVEIRA COSTA;DIVISAO DE ADMINISTRACAO;TELEFONISTA-TEL-T.S.N.A.-E;; ESTATUTARIO;2114,79;;2114,79;226,07;1888,72;
PAULO ROBERTO MENDONCA DOS S JUNIOR;SERVICO DE CIRURGIA ANCOLOGICA;MEDICO ESPECIALISTA;CHEFE DE DEPARTAMENT; ESTATUTARIO;13038,59;;13038,59;3300,94;9737,65;
PAULO SERGIO SARAIVA SANTIAGO;NUCLEO MEDICO-ASSISTENCIAL;MEDICO GENERALISTA;ASSESSOR I; ESTATUTARIO;11459,20;;11459,20;2905,55;8553,65;
PEDRO IVO MACEDO COSTA;SETOR DE ZELAD.VIG.TRANSPORTES;MOTORISTA-MOT-T.S.N.A.-A;; ESTATUTARIO;2402,12;;2402,12;266,30;2135,82;
PEDRO PAULO OLIVEIRA SANTOS;SETOR DE ENFERMARIA;ENFERMEIRO-ENF-P.S.N.S.-A;; ESTATUTARIO;6495,32;;6495,32;1363,01;5132,31;
PERLA AZIZE ASSAYAG;SETOR DE CABECA E PESCOCO;CIRURGIAO DENTISTA A;GERENTE AD 2; ESTATUTARIO;10565,34;;10565,34;2482,26;8083,08;
PETRONIO SILVEIRA QUINTELO;SETOR DE AMBULATORIO;MEDICO ESPECIALISTA;; ESTATUTARIO;7938,92;;7938,92;1213,90;6725,02;
PITAGUARAS COSTA DE O SARAIVA;SETOR DE LIQ.DE CONTAS HOSPIT.;ASSIST.ADMIN.-ASA-T.S.N.M.-A;; ESTATUTARIO;8413,95;;8413,95;1487,71;6926,24;
POLIANA ALBUQUERQUE SIGNORINI;SETOR DE AMBULATORIO;MEDICO ESPECIALISTA;GERENTE; ESTATUTARIO;11938,92;;11938,92;2989,26;8949,66;
PRISCILA DE LIMA FARIAS;SETOR DE HEMATOL.E HEMOTERAPIA;TEC.DE HEMOTERAP.-THE-P.S.N.M.-A;; ESTATUTARIO;2548,03;;2548,03;286,72;2261,31;
PRISCILA OLIVEIRA DE SOUZA;SERVICO DE RADIOTERAPIA;TEC.DE RADIOTERAPIA-TER-P.S.N.M.-A;; ESTATUTARIO;2548,03;;2548,03;286,72;2261,31;
PRISCILLA RUTH DA COSTA E SILVA;CHEFIA DE GABINETE;ASSIST.ADMIN.-ASA-T.S.N.M.-A;; ESTATUTARIO;2280,62;;2280,62;249,29;2031,33;
RAFAEL DA SILVA BANDEIRA;SETOR DE ENFERMARIA;ENFERMEIRO-ENF-P.S.N.S.-A;; ESTATUTARIO;6250,25;;6250,25;1295,61;4954,64;
RAFIZIA FERNANDA ALBUQUERQUE SILVA;SETOR DE LIQ.DE CONTAS HOSPIT.;ASSIST.ADMIN.-ASA-T.S.N.M.-A;; ESTATUTARIO;2280,62;;2280,62;249,29;2031,33;
RAIMUNDA BARBOSA PINTO FERREIRA;DIVISAO DE ADMINISTRACAO;RECEPCIONISTA-REC-T.S.N.A.-E;; ESTATUTARIO;2114,79;;2114,79;226,07;1888,72;
RAIMUNDA GOMES LESCH;SETOR DE RADIOTERAPIA;ASSISTENTE TECNICO A;; ESTATUTARIO;2999,62;;2999,62;328,62;2671,00;
RAIMUNDA NONATA SILVA TELES;SETOR DE NUTRICAO E DIETETICA;COZINHEIRO-T.S.N.A.-A;; ESTATUTARIO;2145,67;;2145,67;230,39;1915,28;
RAIMUNDO ANTONIO BRAGA DOS SANTOS;SECAO DE SERVICOS GERAIS;AUX.DE SERV.GER.-ASG-T.S.N.A.-B;; ESTATUTARIO;2874,47;;2874,47;265,91;2608,56;
RAIMUNDO NONATO CAVALCANTE MACIEL;SETOR DE ZELAD.VIG.TRANSPORTES;MOTORISTA-MOT-T.S.N.A.-A;MOTORISTA; ESTATUTARIO;2429,80;;2429,80;266,30;2163,50;
RAIMUNDO NONATO NUNES;SETOR DE ENFERMARIA;TEC. DE ENFERMAGEM-TEN-P.S.N.M.-A;TEC. DE ENFERMAGEM; ESTATUTARIO;2600,82;;2600,82;294,11;2306,71;
RAIMUNDO WANDEUVES LORIS GUIMARAES;SETOR DE PATOLOGIA CLINICA;TECNICO DE SAUDE 3A CLASSE;; ESTATUTARIO;2314,97;;2314,97;324,10;1990,87;
RAKEL NEVES DOS SANTOS;SETOR DE LIQ.DE CONTAS HOSPIT.;ASSIST.ADMIN.-ASA-T.S.N.M.-A;; ESTATUTARIO;2232,96;;2232,96;242,61;1990,35;
RAMIRO QUIRINO DE MATOS;NUCLEO MEDICO-ASSISTENCIAL;SUPERVISOR EM RADIOPROTECAO FISICA;NAO INFORMADO; CARGO COMISSION.S/VINCULO;2981,24;;2981,24;282,41;2698,83;
REIGIANE MARTINS DE SOUZA;DIVISAO DE ADMINISTRACAO;RECEPCIONISTA-REC-T.S.N.A.-E;; ESTATUTARIO;2114,79;;2114,79;211,00;1903,79;
REINALDO CORREA LOPES;SETOR DE HEMATOL.E HEMOTERAPIA;TEC.DE HEMOTERAP.-THE-P.S.N.M.-A;; ESTATUTARIO;2719,50;;2719,50;301,84;2417,66;
RENATA CAMPOS GOMIDES NASCIMENTO;SETOR DE NUTRICAO E DIETETICA;TEC.DE NUT.E DIET.-TND-P.S.N.M.-A;; ESTATUTARIO;2585,01;;2585,01;277,17;2307,84;
RENATO DA SILVA REPILLA;SETOR DE CABECA E PESCOCO;CIRURGIAO DENTISTA A;; ESTATUTARIO;6565,34;;6565,34;1382,26;5183,08;
RIAN VICTOR MELO;SAME;ASSIST.ADMIN.-ASA-T.S.N.M.-A;; ESTATUTARIO;2232,96;;2232,96;242,61;1990,35;
RICARDO ALAN MONTEIRO BATISTA;DIR.ADMINISTRATIVA-FINANCEIRA;CHEFE DE DEPARTAMENTO;NAO INFORMADO; CARGO COMISSION.S/VINCULO;7300,40;;7300,40;1545,93;5754,47;
RICARDO DIAS DA ROCHA;SERVICO DE ENFERMAGEM;MEDICO ESPECIALISTA;MEDICO URGENTISTA; ESTATUTARIO;8038,59;;8038,59;1925,94;6112,65;
RICARDO MELO DE ARAUJO;SETOR DE ALMOXARIFADO;AGENTE ADM.-AGA-T.S.N.A.-G;; ESTATUTARIO;2424,30;;2424,30;269,40;2154,90;
RICARDO RIBEIRO DE MORAIS;DIVISAO DE ADMINISTRACAO;BACHAREL EM COMP.-BQO-T.S.N.S.-A;SUBGERENTE; ESTATUTARIO;7832,39;;7832,39;1586,78;6245,61;
RICARDO SERGIO XAVIER PINTO;SETOR DE ENFERMARIA;ENFERMEIRO A;; ESTATUTARIO;6644,11;;6644,11;1443,90;5200,21;
RITA DE CASSIA ALENCAR REFFERT;SETOR DE ENFERMARIA;FARMACEUTICO BIOQUIMICO B;; ESTATUTARIO;6975,57;;6975,57;1535,05;5440,52;
RITA DE CASSIA RODRIGUES CAMPOS;SETOR DE PATOLOGIA CLINICA;AUX.DE PATOL.CLIN.-APC-P.S.N.A.-A;; ESTATUTARIO;2338,85;;2338,85;257,44;2081,41;
RITA DE CASSIA UCHOA DE P MOUZINHO;SETOR DE PATOLOGIA CLINICA;TEC.DE PAT.CLINICA-TPC-P.S.N.M.-C;; ESTATUTARIO;2914,20;;2914,20;350,91;2563,29;
ROBERLAN DAS CHAGAS LIMA;SETOR DE PATOLOGIA CLINICA;TEC.DE PAT.CLINICA-TPC-P.S.N.M.-A;; ESTATUTARIO;2548,03;;2548,03;286,72;2261,31;
RODRIGO BATISTA NEVES;SETOR DE FARMACIA;AUX.DE FARMACIA-AFA-P.S.N.A.-A;; ESTATUTARIO;2299,96;;2299,96;243,50;2056,46;
RODRIGO FERREIRA ANDRADE;SECAO DE MATERIAL E PATRIMONIO;ASSIST.ADMIN.-ASA-T.S.N.M.-A;; ESTATUTARIO;2232,96;;2232,96;242,61;1990,35;
RODRIGO POLO DA COSTA;SETOR DE AMBULATORIO;MEDICO ESPECIALISTA;MEDICO ESPECIALISTA; ESTATUTARIO;8038,59;;8038,59;1925,94;6112,65;
ROGERIO LIMA DOS SANTOS;SETOR DE AMBULATORIO;MEDICO ESPECIALISTA;MED ESPECIALISTA; ESTATUTARIO;8567,92;;8567,92;2125,23;6442,69;
ROMILDO TORRES CAMELO;SETOR DE ANATOMIA PATOLOGICA;MEDICO ESPECIALISTA;; ESTATUTARIO;8465,35;613,05;7852,30;2100,34;5751,96;
RONALDO RODRIGUES DA COSTA;SECAO DE EXPEDIENTE;ASSISTENTE TECNICO A;GERENTE; ESTATUTARIO;6880,44;;6880,44;1044,37;5836,07;
ROSANGELA DAS NEVES SMITH;AMBULATORIO-DEPTO.ENFERMAGEM;TEC. DE ENFERMAGEM-TEN-P.S.N.M.-A;GERENTE; ESTATUTARIO;8564,04;;8564,04;1556,12;7007,92;
ROSE ANE SOUZA MORAL;SECAO DE EXPEDIENTE;AGENTE ADM.-AGA-T.S.N.A.-G;; ESTATUTARIO;2490,68;;2490,68;278,70;2211,98;
ROSE MARY FERREIRA DA FROTA;SETOR DE ENFERMARIA;TEC. DE ENFERMAGEM-TEN-P.S.N.M.-B;; ESTATUTARIO;2435,51;;2435,51;355,26;2080,25;
ROSILENE NEVES BEZERRA DE SA;SETOR DE ENFERMARIA;FARMACEUTICO-FAR-P.S.N.S.-A;; ESTATUTARIO;6887,44;;6887,44;1494,43;5393,01;
ROSILENE VIANA DE ANDRADE;SETOR DE AMBULATORIO;MEDICO MESTRE;; ESTATUTARIO;9256,52;;9256,52;2332,78;6923,74;
ROSSIONE COSTA DA SILVA;SETOR DE ENFERMARIA;ENFERMEIRO-ENF-P.S.N.S.-A;; ESTATUTARIO;6250,25;;6250,25;1295,61;4954,64;
ROXANIA CASTRO ALEXANDRE;SETOR DE PATOLOGIA CLINICA;TEC.DE PAT.CLINICA-TPC-P.S.N.M.-A;; ESTATUTARIO;3230,71;;3230,71;327,22;2903,49;
ROZANGELA RODRIGUES DA COSTA;SECAO DE EXPEDIENTE;ASSISTENTE TECNICO A;GERENTE; ESTATUTARIO;6535,33;;6535,33;996,94;5538,39;
RUAN MACEDO FERREIRA;SETOR DE RADIOTERAPIA;TEC.DE RADIOTERAPIA-TER-P.S.N.M.-A;; ESTATUTARIO;2600,82;;2600,82;294,11;2306,71;
RUTH MESQUITA FERREIRA;SETOR DE ENFERMARIA;TEC. DE ENFERMAGEM-TEN-P.S.N.M.-A;; ESTATUTARIO;2048,03;;2048,03;286,72;1761,31;
RUTH MESQUITA FERREIRA;SERVICO DE ENFERMAGEM;TEC. DE ENFERMAGEM-TEN-P.S.N.M.-A;; ESTATUTARIO;2600,82;;2600,82;294,11;2306,71;
SABRINA RAMOS BIANCO;SETOR DE IMAGENOLOGIA;MEDICO ESPECIALISTA;GERENTE AD 2; ESTATUTARIO;8089,00;;8089,00;1944,49;6144,51;
SAINTCLAYTON DA SILVA SOARES;SETOR DE PATOLOGIA CLINICA;FARMAC.BIOQ. -FAB-P.S.N.S.-A;; ESTATUTARIO;6250,25;;6250,25;1243,48;5006,77;
SAMARA DE OLIVEIRA MORENO;SERVICO DE ENFERMAGEM;AUX.DE ENFERM.-AEF-P.S.N.A.-B;; ESTATUTARIO;2532,37;;2532,37;271,08;2261,29;
SAMARONE SCHRAMM DE ARAUJO;SETOR DE ZELAD.VIG.TRANSPORTES;MOTORISTA-MOT-T.S.N.A.-A;; ESTATUTARIO;2345,64;;2345,64;241,16;2104,48;
SAMUEL OTAS MARTINS;DIVISAO DE ADMINISTRACAO;ASSIST.ADMIN.-ASA-T.S.N.M.-A;ASSESSOR III; ESTATUTARIO;5232,96;;5232,96;531,49;4701,47;
SANDRA MARIA EVANGELISTA CARANHAS;SETOR DE CITOPATOLOGIA;TEC.DE HISTOLOGIA-THI-P.S.N.M.-A;TEC. DE HISTOLOGIA; ESTATUTARIO;2763,68;;2763,68;316,92;2446,76;
SANELLVA SHEILLA ROCHA;SETOR DE ALMOXARIFADO;AGENTE ADMINISTRATIVO A - N.B.;; ESTATUTARIO;2114,79;;2114,79;226,07;1888,72;
SARA JESSICA TEIXEIRA DE ANDRADE;SETOR DE PATOLOGIA CLINICA;TEC.DE PAT.CLINICA-TPC-P.S.N.M.-A;; ESTATUTARIO;3230,71;;3230,71;327,22;2903,49;
SARDE COSTA SOUZA;ASSESSORIA;AGENTE ADM.-AGA-T.S.N.A.-E;ASSESSOR II; ESTATUTARIO;6167,79;;6167,79;862,47;5305,32;
SHEILA COELHO DA ROCHA;SETOR DE IMAGENOLOGIA;TEC.DE RAD.MEDICA-TRM-P.S.N.M.-A;; ESTATUTARIO;2600,82;;2600,82;294,11;2306,71;
SHIRLEY FRAGOSO MONTEIRO;CONSELHO DIRETOR;ENFERMEIRO A;CHEFE DE DEPARTAMENT; ESTATUTARIO;11644,11;;11644,11;2818,90;8825,21;
SILVANA DA SILVA SOLIMOES;SERVICO COMPLEM.DE DIAGNOSTICO;TEC.DE PAT.CLINICA-TPC-P.S.N.M.-B;; ESTATUTARIO;2763,68;;2763,68;295,79;2467,89;
SILVIA BARBOSA CAVALCANTE;SAME;ASSIST.ADMIN.-ASA-T.S.N.M.-A;; ESTATUTARIO;2810,61;;2810,61;242,61;2568,00;
SIMONE DA SILVA MONTEIRO;SETOR DE FARMACIA;AUX.DE FARMACIA-AFA-P.S.N.A.-A;; ESTATUTARIO;2360,69;;2360,69;243,50;2117,19;
SIRLENE MUNIZ BARBOSA;CONSELHO DIRETOR;ASSIST.SOC.ASS-P.S.N.S.-CL.A;; ESTATUTARIO;6250,25;;6250,25;1295,61;4954,64;
SOCRATES LOTE DE OLIVEIRA;SETOR DE IMAGENOLOGIA;MEDICO ESPECIALISTA;CHEFE DE DEPART.; ESTATUTARIO;13506,07;;13506,07;3472,92;10033,15;
SOLANGE SOUZA MICHELE;SERVICO DE ENFERMAGEM;AUXILIAR DE ENFERMAGEM A;; ESTATUTARIO;2387,34;;2387,34;243,50;2143,84;
SONIA PERPETUA BATISTA E RIBEIRO;SETOR DE FARMACIA;AUX.DE FARMACIA-AFA-P.S.N.A.-A;; ESTATUTARIO;2299,96;;2299,96;243,50;2056,46;
STHEFANY CAROLINE MENDES AZEVEDO;NUCLEO DE ESTUDOS E PESQUISAS;PESQUISADOR INIC.-PEI-P.S.N.S.-A;; ESTATUTARIO;6959,20;;6959,20;1510,39;5448,81;
SUENE CAMPOS DE QUEIROZ;MANDADO DE SEGURANCA;ENGENHEIRO CIVIL-ECI-T.S.N.S.-A;; ESTATUTARIO;4332,39;;4332,39;810,61;3521,78;
SUZAN CAROL DE OLIVEIRA BISCARO;SETOR DE AMBULATORIO;PSICOLOGO-PSI-P.S.N.S.-A;; ESTATUTARIO;6250,25;;6250,25;1295,61;4954,64;
SYLK NAGAWO AREB;CONSELHO DIRETOR;TEC.DE RADIOTERAPIA-TER-P.S.N.M.-A;; ESTATUTARIO;2548,03;;2548,03;286,72;2261,31;
SYLVIO GOUVEA JUNIOR;SETOR DE ALMOXARIFADO;ASSISTENTE TECNICO A;; ESTATUTARIO;2280,62;;2280,62;249,29;2031,33;
TADEU AFONSO DE SENA SILVA;SECAO DE ORCAMENTO E FINANCAS;ASSISTENTE TECNICO;; ESTATUTARIO;2565,82;;2565,82;289,21;2276,61;
TAMILLE VIEIRA MACHADO;SETOR DE ENFERMARIA;ENFERMEIRO-ENF-P.S.N.S.-A;; ESTATUTARIO;6250,25;;6250,25;1295,61;4954,64;
TANIA DE SOUZA E SOUZA;SETOR DE ENFERMARIA;TEC. DE ENFERMAGEM-TEN-P.S.N.M.-A;TEC. DE ENFERMAGEM; ESTATUTARIO;2600,82;;2600,82;294,11;2306,71;
TATIANA AMARAL PIRES DE ALMEIDA;NUCLEO DE ESTUDOS E PESQUISAS;PESQUISADOR INIC.-PEI-P.S.N.S.-A;; ESTATUTARIO;7076,57;;7076,57;1554,58;5521,99;
TATIANA MINDA HERCULANO CATTEBEKE;SETOR DE AMBULATORIO;MEDICO ESPECIALISTA;; ESTATUTARIO;8038,59;;8038,59;1925,94;6112,65;
TEREZA MARIA FURTADO FARIAS SANTOS;SETOR DE ENFERMARIA;ENFERMEIRO C;; ESTATUTARIO;6644,11;;6644,11;1443,90;5200,21;
TEREZINHA DA SILVA BANDEIRA;SETOR DE FARMACIA;ASSISTENTE TECNICO B;; ESTATUTARIO;3000,32;;3000,32;307,06;2693,26;
THAIS PAIVA SILVA;SAME;ASSIST.ADMIN.-ASA-T.S.N.M.-A;; ESTATUTARIO;2232,96;;2232,96;226,44;2006,52;
THALITA GOMES MARTINS;SETOR DE ANATOMIA PATOLOGICA;MEDICO ESPECIALISTA;; ESTATUTARIO;7938,92;;7938,92;1889,26;6049,66;
THALYTA GABRIELLE BESSA GIL;SETOR DE ENFERMARIA;ENFERMEIRO-ENF-P.S.N.S.-A;; ESTATUTARIO;5750,25;;5750,25;1295,61;4454,64;
THATIANA FERREIRA MARCIAO GUEDES;SETOR DE CITOPATOLOGIA;TEC. EM CITOTECNICA-TCI-P.S.N.M.-A;; ESTATUTARIO;2548,03;;2548,03;286,72;2261,31;
THAUAN ALESSANDRO FEITOZA LOPES;SETOR DE REGISTRO E CONTROLE;ASSIST.ADMIN.-ASA-T.S.N.M.-A;; ESTATUTARIO;1732,96;;1732,96;;1732,96;
THIAGO FELIPE LEMOS DE OLIVEIRA;SAME;ASSIST.ADMIN.-ASA-T.S.N.M.-A;; ESTATUTARIO;2232,96;;2232,96;242,61;1990,35;
THIAGO SILVEIRA PAIVA;SETOR DE ENDOSCOPIA;MEDICO ESPECIALISTA;GERENTE AD-2; ESTATUTARIO;8190,92;;8190,92;1967,83;6223,09;
THIANE FEITOZA DE SOUZA;DIVISAO DE ADMINISTRACAO;ASSIST.ADMIN.-ASA-T.S.N.M.-A;; ESTATUTARIO;2232,96;;2232,96;242,61;1990,35;
ULICEIA LOPES DA SILVA RIBEIRO;SETOR DE ENFERMARIA;TEC. DE ENFERMAGEM-TEN-P.S.N.M.-A;; ESTATUTARIO;2548,03;;2548,03;286,72;2261,31;
VALDENIA COSTA AGUIAR;SETOR DE ENFERMARIA;TEC. DE ENFERMAGEM-TEN-P.S.N.M.-A;TEC ENFERMAGEM; ESTATUTARIO;2600,82;;2600,82;294,11;2306,71;
VALDIRENE PINHEIRO DE ANDRADE;SETOR DE HEMATOL.E HEMOTERAPIA;TEC.DE HEMOTERAP.-THE-P.S.N.M.-A;TEC. DE  HEMOTERAPIA; ESTATUTARIO;2600,82;;2600,82;264,70;2336,12;
VALDIRENE PINHEIRO DE ANDRADE;SETOR DE HEMATOL.E HEMOTERAPIA;TEC.DE HEMOTERAP.-THE-P.S.N.M.-A;; ESTATUTARIO;2048,03;;2048,03;267,61;1780,42;
VALMIER BARBOSA DE SOUZA;SAME;ASSIST.ADMIN.-ASA-T.S.N.M.-A;; ESTATUTARIO;2232,96;;2232,96;242,61;1990,35;
VALNICE MACHADO PORTELA;SETOR DE ENFERMARIA;ENFERMEIRO-ENF-P.S.N.S.-A;ENFERMEIRA; ESTATUTARIO;7021,14;;7021,14;1561,13;5460,01;
VALQUIRIA DO CARMO ALVES MARTINS;SERVICO COMPLEM.DE DIAGNOSTICO;FARMAC.BIOQ. -FAB-P.S.N.S.-B;; ESTATUTARIO;7201,56;;7201,56;1653,78;5547,78;
VANDERLEI RODRIGUES ALVES;SETOR DE PATOLOGIA CLINICA;FARMAC.BIOQ. -FAB-P.S.N.S.-A;; ESTATUTARIO;6250,25;;6250,25;1295,61;4954,64;
VANDERLENE DE MENEZES DA MATA;SERVICO DE ENFERMAGEM;TEC. DE ENFERMAGEM-TEN-P.S.N.M.-A;TEC DE ENFERMAGEM; ESTATUTARIO;3301,09;;3301,09;325,02;2976,07;
VANDERNEILA MARIA LIBORIO DA COSTA;SETOR DE NUTRICAO E DIETETICA;TEC.DE NUT.E DIET.-TND-P.S.N.M.-A;TEC DE NUTRICAO; ESTATUTARIO;2600,82;;2600,82;245,10;2355,72;
VANIA MARIA CAVALCANTE DE ARAUJO;SETOR DE ENFERMARIA;AUX.DE ENFERM.-AEF-P.S.N.A.-C;; ESTATUTARIO;2510,57;;2510,57;281,48;2229,09;
VANIA MARIA COSTA PAULA;SETOR DE ENFERMARIA;TEC. DE ENFERMAGEM-TEN-P.S.N.M.-A;; ESTATUTARIO;2548,03;;2548,03;286,72;2261,31;
VANIA MARIA LIMA DA SILVA ARACATY;SETOR DE ONCOLOGIA CLINICA;ENFERMEIRO-ENF-P.S.N.S.-A;ENFERMEIRA; ESTATUTARIO;6144,11;;6144,11;1443,90;4700,21;
VANIA MARIA LIMA DA SILVA ARACATY;SETOR DE ONCOLOGIA CLINICA;ENFERMEIRO C;; ESTATUTARIO;6364,08;;6364,08;1338,47;5025,61;
VINICIUS LIMA FERREIRA DIAS;SERV.CLIN.MED.ONC.E APOIO TER.;CIR.DENT.-CCRD-P.S.N.S.-A;; ESTATUTARIO;6250,25;;6250,25;1295,61;4954,64;
VITOR BERENGUER BARBOSA JUNIOR;DIVISAO DE ADMINISTRACAO;ADVOGADO-ADV-T.S.N.S.-A;; ESTATUTARIO;4832,39;;4832,39;810,61;4021,78;
VIVIANE DA SILVA FERREIRA;SERVICO DE ENFERMAGEM;TEC. DE ENFERMAGEM-TEN-P.S.N.M.-A;TEC. DE ENFERMAGEM; ESTATUTARIO;2600,82;;2600,82;294,11;2306,71;
Willame Ferreira da Silva;CONS.TECNICO-ADMINISTRATIVO;ASSIST.ADMIN.-ASA-T.S.N.M.-A;; ESTATUTARIO;2280,62;;2280,62;249,29;2031,33;
WALDINEI RODRIGUES DA COSTA;SETOR DE NUTRICAO E DIETETICA;COZINHEIRO-T.S.N.A.-A;COZINHEIRO; ESTATUTARIO;2232,85;;2232,85;230,39;2002,46;
WALNEIDE PINHEIRO DE ANDRADE SILVA;SETOR DE ENFERMARIA;TEC.DE HEMOTERAP.-THE-P.S.N.M.-B;; ESTATUTARIO;2763,68;;2763,68;316,92;2446,76;
WANDERLEY RIBEIRO SARMENTO;SETOR DE IMAGENOLOGIA;TEC.DE RAD.MEDICA-TRM-P.S.N.M.-A;TEC DE RADIOLOGIA; ESTATUTARIO;2631,26;;2631,26;294,11;2337,15;
WILIBRAN CANDIDO DE BARROS;SETOR DE FARMACIA;FARMACEUTICO-FAR-P.S.N.S.-A;; ESTATUTARIO;6415,99;;6415,99;1236,92;5179,07;
YAGO VINICIUS SERRA DOS SANTOS;SETOR DE ANATOMIA PATOLOGICA;TEC.DE HISTOLOGIA-THI-P.S.N.M.-A;; ESTATUTARIO;2548,03;;2548,03;286,72;2261,31;
YASMIN EMILE CONTE ABI ABIB;SETOR DE CITOPATOLOGIA;TEC. EM CITOTECNICA-TCI-P.S.N.M.-A;; ESTATUTARIO;3230,71;;3230,71;327,22;2903,49;
ZENOBIA DOS SANTOS DE ALMEIDA FILHA;SETOR DE SERVICO SOCIAL;ASSIST.SOC.ASS-P.S.N.S.-CL.A;GERENTE AD-2; ESTATUTARIO;10250,25;;10250,25;2395,61;7854,64;
