NOME;LOTACAO;CARGO;FUNCAO;VINCULO;REMUNERACAO LEGAL TOTAL(R$);DESC.TETO(R$); REMUNERACAO LEGAL DEVIDA(R$);DESCONTOS LEGAIS(R$);LIQUIDO DISPONIVEL(R$);
ADEMILDES CARDOSO DE FREITAS;DIRETORIA TECNICA;TEC.DE HEMOTERAP.-THE-P.S.N.M.-A;; ESTATUTARIO;2548,03;;2548,03;286,72;2261,31;
ADILASIA DE JESUS SANTOS ARAUJO;DIRETORIA TECNICA;TEC. DE ENFERMAGEM-TEN-P.S.N.M.-A;; ESTATUTARIO;2548,03;;2548,03;286,72;2261,31;
ADRIANA DA SILVA REIS;DIRETORIA TECNICA;RECEPCIONISTA-REC-T.S.N.A.-E;; ESTATUTARIO;2114,79;;2114,79;226,07;1888,72;
ADRIANA DE MOURA ROCHA CORDEIRO;DIRETORIA TECNICA;FARMAC.BIOQ. -FAB-P.S.N.S.-A;FARM.BIOQUIMICO; ESTATUTARIO;6482,72;;6482,72;1383,13;5099,59;
ADRIANA MIRIAN DE MIRANDA T BARBOSA;DIRETORIA ADM. FINANCEIRO;DIRETOR ADMINISTRATIVO E FINANCEIRO;NAO INFORMADO; CARGO COMISSION.S/VINCULO;9500,00;;9500,00;2150,82;7349,18;
AIANA CARULINE KRAMER DA SILVA;DIRETORIA TECNICA;TEC.DE HEMOTERAP.-THE-P.S.N.M.-A;; ESTATUTARIO;3230,71;;3230,71;327,22;2903,49;
ALAN SILVA SANTA BRIGIDA;DIRETORIA ADM. FINANCEIRO;MOTORISTA-MOT-T.S.N.A.-A;; ESTATUTARIO;2345,64;;2345,64;258,39;2087,25;
ALCIMARA DA CRUZ GOMES;DIRETORIA TECNICA;TEC.DE PAT.CLINICA-TPC-P.S.N.M.-A;; ESTATUTARIO;3230,71;;3230,71;327,22;2903,49;
ALCINEIDE PEREIRA DE VASCONCELOS;DIRETORIA TECNICA;TEC.DE PAT.CLINICA-TPC-P.S.N.M.-A;TEC ENF; ESTATUTARIO;2548,03;;2548,03;286,72;2261,31;
ALCINEIDE PEREIRA DE VASCONCELOS;DIRETORIA TECNICA;TECNICO DE PATOLOGIA CLINICA A;; ESTATUTARIO;2048,03;;2048,03;286,72;1761,31;
ALDENICE FARIAS LOPES;DIRETORIA TECNICA;TEC. DE ENFERMAGEM-TEN-P.S.N.M.-A;; ESTATUTARIO;2730,71;;2730,71;327,22;2403,49;
ALDENOR LOPES DE OLIVEIRA;DIRETORIA TECNICA;TEC.DE HEMOTERAP.-THE-P.S.N.M.-A;; ESTATUTARIO;2548,03;;2548,03;286,72;2261,31;
ALDENOR LOPES DE OLIVEIRA;DIRETORIA TECNICA;TEC. DE HEMOTERAP.-THE-P.S.N.M.-C;; ESTATUTARIO;2297,74;;2297,74;321,68;1976,06;
ALESSANDRA FERREIRA DE ARAUJO;DIRETORIA TECNICA;CHEFE DE DEPARTAMENTO;; CARGO COMISSION.S/VINCULO;5600,30;;5600,30;1003,81;4596,49;
ALESSANDRO DA SILVA CALADO;PRESIDENCIA;SUBGERENTE;NAO INFORMADO; CARGO COMISSION.S/VINCULO;3586,94;;3586,94;415,66;3171,28;
ALEXANDRE FELIPE BASTOS SAMPAIO;DIRETORIA ADM. FINANCEIRO;AGENTE ADM.-AGA-T.S.N.A.-E;AGENTE ADMINISTRAT.; ESTATUTARIO;2159,52;;2159,52;232,33;1927,19;
ALICE DE PAULA SOUZA PEREIRA;DIRETORIA ADM. FINANCEIRO;RECEPCIONISTA-REC-T.S.N.A.-E;; ESTATUTARIO;2114,79;;2114,79;226,07;1888,72;
ALTAMIR FREITAS LIMA;DIRETORIA ADM. FINANCEIRO;MOTORISTA-MOT-T.S.N.A.-C;; ESTATUTARIO;2656,74;;2656,74;301,94;2354,80;
ALTAMIR IGNACIO CARDOSO;DIRETORIA TECNICA;ADMINISTRADOR ADM.T.S.N.S.-B;GERENTE; ESTATUTARIO;9715,06;;9715,06;2141,97;7573,09;
ALTEMIR DE SOUZA RODRIGUES;DIRETORIA TECNICA;TEC.DE HEMOTERAP.-THE-P.S.N.M.-A;TEC HEMOTER; ESTATUTARIO;2725,10;;2725,10;301,84;2423,26;
AMARILIS DA SILVA CORREA;DIRETORIA TECNICA;ENFERMEIRO A;ENFERMEIRO; ESTATUTARIO;6250,25;;6250,25;1243,48;5006,77;
AMAURIZEN BAYMA FADUL;DIRETORIA ADM. FINANCEIRO;GERENTE;; CARGO COMISSION.S/VINCULO;4593,27;;4593,27;679,37;3913,90;
AMY PIRES DO NASCIMENTO;DIRETORIA TECNICA;TEC. DE HEMOTERAP.-THE-P.S.N.M.-C;GERENTE; ESTATUTARIO;2832,36;;2832,36;326,53;2505,83;
ANA ANGELICA DA SILVA OLIVEIRA;DIRETORIA TECNICA;TEC. DE HEMOTERAP.-THE-P.S.N.M.-C;; ESTATUTARIO;2975,14;;2975,14;353,20;2621,94;
ANA CLAUDIA TEIXEIRA DE S VIAPIANA;DIRETORIA TECNICA;FARMAC.BIOQ. -FAB-P.S.N.S.-A;; ESTATUTARIO;6250,25;;6250,25;1295,61;4954,64;
ANA CRISTINA DAS CHAGAS SENA;DIRETORIA TECNICA;TECNICO-TEC-T.S.N.S.-C;; ESTATUTARIO;6238,17;;6238,17;1128,15;5110,02;
ANA CRISTINA HAYASHIDA;DIRETORIA TECNICA;ASSIST.SOC.ASS-P.S.N.S.-CL.C;; ESTATUTARIO;7169,21;;7169,21;1661,01;5508,20;
ANA GALDINA DOS REIS MENDES;DIRETORIA TECNICA;MEDICO ESPECIALISTA;; ESTATUTARIO;7938,92;;7938,92;1889,26;6049,66;
ANA KEDMA CHAVES PACHECO BRAZ;DIRETORIA TECNICA;MEDICO ESPECIALISTA;; ESTATUTARIO;11183,55;;11183,55;2839,34;8344,21;
ANA PAULA LEAO DE ARAUJO;DIRETORIA TECNICA;MEDICO ESPECIALISTA;; ESTATUTARIO;7938,92;;7938,92;1889,26;6049,66;
ANA PAULA MIRANDA BARROS;DIRETORIA TECNICA;FARMAC.BIOQ. -FAB-P.S.N.S.-A;; ESTATUTARIO;6250,25;;6250,25;1295,61;4954,64;
ANDRE ALCANTARINO DOS SANTOS;DIRETORIA TECNICA;TEC. DE ENFERMAGEM-TEN-P.S.N.M.-A;TEC.DE ENFERMAGEM; ESTATUTARIO;2548,03;;2548,03;286,72;2261,31;
ANDRE ALVES NOGUEIRA;DIRETORIA ADM. FINANCEIRO;BACHAREL EM COMP.-BQO-T.S.N.S.-A;; ESTATUTARIO;4832,39;;4832,39;810,61;4021,78;
ANDREA SILVA DE MENEZES;DIRETORIA TECNICA;TEC. DE ENFERMAGEM-TEN-P.S.N.M.-A;; ESTATUTARIO;2548,03;;2548,03;286,72;2261,31;
ANDREIA FIGUEIREDO DE ASSIS;DIRETORIA TECNICA;TEC.DE HEMOTERAP.-THE-P.S.N.M.-A;; ESTATUTARIO;2548,03;;2548,03;286,72;2261,31;
ANETE BRITO DE PAIVA;DIRETORIA TECNICA;TEC.DE HEMOTERAP.-THE-P.S.N.M.-A;TEC HEMOTER; ESTATUTARIO;2655,98;;2655,98;301,84;2354,14;
ANGELA GORTZ FERREIRA;DIRETORIA TECNICA;TEC.DE HEMOTERAP.-THE-P.S.N.M.-A;; ESTATUTARIO;2548,03;;2548,03;286,72;2261,31;
ANGELA LUCIA CARVALHO DE ANDRADE;DIRETORIA TECNICA;TEC. DE HEMOTERAP.-THE-P.S.N.M.-D;; ESTATUTARIO;3272,32;;3272,32;380,05;2892,27;
ANTONIA LIOMAR PINHEIRO DE CARVALHO;DIRETORIA TECNICA;TECNICO DE ENFERMAGEM A;TEC.ENFERMAGEM; SERVICO TEMPORARIO;2548,03;;2548,03;223,15;2324,88;
ANTONIO PADUA DE ARAUJO GUERRA;DIRETORIA ADM. FINANCEIRO;MOTORISTA-MOT-T.S.N.A.-A;; ESTATUTARIO;2345,64;;2345,64;258,39;2087,25;
ARANY CAMPOS SALAZAR;DIRETORIA TECNICA;ENFERMEIRO-ENF-P.S.N.S.-A;; ESTATUTARIO;5976,43;;5976,43;1220,31;4756,12;
ARIANE PIRIRIMA C L ZIEGLER;DIRETORIA ADM. FINANCEIRO;ADMINISTRADOR ADM.T.S.N.S.-A;SUBGERENTE; ESTATUTARIO;7832,39;;7832,39;1586,78;6245,61;
ARLETE ALEME DA CRUZ SOARES;DIRETORIA TECNICA;TEC. DE ENFERMAGEM-TEN-P.S.N.M.-B;; ESTATUTARIO;2763,68;;2763,68;316,92;2446,76;
ASSISNETE ALVES SANTIAGO SICSU;DIRETORIA TECNICA;TEC. DE HEMOTERAP.-THE-P.S.N.M.-C;; ESTATUTARIO;2797,74;;2797,74;321,68;2476,06;
BARBARA CRISTINA DERZI A RODRIGUES;DIRETORIA ADM. FINANCEIRO;AGENTE ADMINISTRATIVO A - N.B.;SUBGERENTE; ESTATUTARIO;5114,79;;5114,79;577,40;4537,39;
BARBARA EUGENIA GARCIA ROCHA;DIRETORIA ADM. FINANCEIRO;TELEFONISTA-TEL-T.S.N.A.-E;; ESTATUTARIO;2114,79;;2114,79;226,07;1888,72;
BEATRIZ CARLA SOUZA CANIZO;DIRETORIA ADM. FINANCEIRO;RECEPCIONISTA-REC-T.S.N.A.-E;; ESTATUTARIO;2114,79;;2114,79;226,07;1888,72;
BRUNA FERNANDA LIMA DA COSTA;DIRETORIA TECNICA;TECNICO DE HEMOTERAPIA A;; ESTATUTARIO;2548,03;;2548,03;286,72;2261,31;
BRUNO FERREIRA DA SILVA;DIRETORIA ADM. FINANCEIRO;SUBGERENTE;NAO INFORMADO; CARGO COMISSION.S/VINCULO;3586,94;;3586,94;415,66;3171,28;
BRUNO KAIK COSTA DA SILVA;DIRETORIA TECNICA;TEC. EM QUIMICA-TEQ-P.S.N.M.-A;; ESTATUTARIO;2548,03;;2548,03;286,72;2261,31;
CARLA CRISTINA DA SILVA NAZARETH;DIRETORIA TECNICA;PSICOLOGO-PSI-P.S.N.S.-A;PSICOLOGO; ESTATUTARIO;8692,15;;8692,15;2007,11;6685,04;
CARLOS ALBERTO DO VALE COSTA;DIRETORIA ADM. FINANCEIRO;MOTORISTA-MOT-T.S.N.A.-A;MOTORISTA 1 CLASSE; ESTATUTARIO;2402,12;;2402,12;266,30;2135,82;
CARLOS HUMBERTO C O RAMALHO;DIRETORIA TECNICA;PSICOLOGO-PSI-P.S.N.S.-A;PSICOLOGO; ESTATUTARIO;6644,11;;6644,11;1443,90;5200,21;
CELI CHRISTINA PEIXOTO SOARES;DIRETORIA TECNICA;TEC. DE ENFERMAGEM-TEN-P.S.N.M.-A;; ESTATUTARIO;2548,03;;2548,03;286,72;2261,31;
CELIA MORAES DOS SANTOS;DIRETORIA TECNICA;TEC.DE PAT.CLINICA-TPC-P.S.N.M.-A;TEC.DE PATOL.CLINICA; ESTATUTARIO;2655,98;;2655,98;301,84;2354,14;
CELIA REGINA DE OLIVEIRA LOPES;DIRETORIA ADM. FINANCEIRO;AGENTE ADM.-AGA-T.S.N.A.-H;; ESTATUTARIO;2438,74;;2438,74;271,42;2167,32;
CELIO RICARDO SALES;DIRETORIA TECNICA;TEC.DE HEMOTERAP.-THE-P.S.N.M.-A;TECNICO HEMOTERAPIA; ESTATUTARIO;2667,06;;2667,06;294,11;2372,95;
CHRISTIANE SANTANA DE MELO USUI;DIRETORIA TECNICA;FARMAC.BIOQ. -FAB-P.S.N.S.-A;; ESTATUTARIO;6916,95;;6916,95;1442,35;5474,60;
CHURCHILL ADOLPHUS GIBBS DOS SANTOS;DIRETORIA ADM. FINANCEIRO;MOTORISTA-MOT-T.S.N.A.-A;SUBGERENTE; ESTATUTARIO;2461,25;;2461,25;274,58;2186,67;
CILENE PINHEIRO CAMPOS;DIRETORIA TECNICA;TEC.DE HEMOTERAP.-THE-P.S.N.M.-A;TEC. DE HEMOTERAPIA; ESTATUTARIO;2655,98;;2655,98;301,84;2354,14;
CINTHIA CRISTINA M E X ALBUQUERQUE;DIRETORIA TECNICA;MEDICO ESPECIALISTA;CHEFE DE DEPARTAMENT; ESTATUTARIO;13966,96;;13966,96;3595,23;10371,73;
CINTIA ANDRADE FERREIRA;DIRETORIA TECNICA;TEC.DE HEMOTERAP.-THE-P.S.N.M.-A;; ESTATUTARIO;2548,03;;2548,03;286,72;2261,31;
CINTIA CARVALHO ALVES;DIRETORIA TECNICA;ENFERMEIRO-ENF-P.S.N.S.-A;; ESTATUTARIO;6390,25;;6390,25;1334,11;5056,14;
CIRO ATALO DA SILVA BENARROS;DIRETORIA ADM. FINANCEIRO;AGENTE ADM.-AGA-T.S.N.A.-E;; ESTATUTARIO;2114,79;;2114,79;226,07;1888,72;
CLAUDIA DA COSTA MARTINS;DIRETORIA TECNICA;TEC.DE HEMOTERAP.-THE-P.S.N.M.-B;; ESTATUTARIO;2780,64;;2780,64;319,29;2461,35;
CLAUDIA MARIA DE MOURA ABRAHIM;DIRETORIA TECNICA;FARMAC.BIOQ. -FAB-P.S.N.S.-B;GERENTE; ESTATUTARIO;10731,81;;10731,81;2576,91;8154,90;
CLAUDIA MARILENA TAVARES DOS SANTOS;DIRETORIA ADM. FINANCEIRO;AGENTE ADM.-AGA-T.S.N.A.-E;; ESTATUTARIO;2114,79;;2114,79;226,07;1888,72;
CLEBER NUNES ALEXANDRE;DIRETORIA TECNICA;CIR.DENT.-CCRD-P.S.N.S.-A;; ESTATUTARIO;6482,72;;6482,72;1383,13;5099,59;
CRISTIANE FERREIRA MELO;DIRETORIA TECNICA;ENFERMEIRO-ENF-P.S.N.S.-A;; ESTATUTARIO;8167,00;;8167,00;1514,28;6652,72;
CRISTIANE RODRIGUES BANDEIRA;DIRETORIA TECNICA;TEC.DE HEMOTERAP.-THE-P.S.N.M.-A;; ESTATUTARIO;2548,03;;2548,03;286,72;2261,31;
CRISTINA MOTTA FERREIRA;DIRETORIA TECNICA;FARMAC.BIOQ. -FAB-P.S.N.S.-C;; ESTATUTARIO;7216,45;;7216,45;1847,63;5368,82;
CRISTINA MUNIZ SERRA;DIRETORIA TECNICA;ASSIST.SOC.ASS-P.S.N.S.-CL.B;; ESTATUTARIO;6701,56;;6701,56;1653,78;5047,78;
CRISTINA MUNIZ SERRA;DIRETORIA TECNICA;ASSIST.SOC.ASS-P.S.N.S.-CL.A;ASSISTENTE SOCIAL; ESTATUTARIO;6482,72;;6482,72;1383,13;5099,59;
CRISTINA RABELLO MESQUITA;DIRETORIA TECNICA;MEDICO ESPECIALISTA;; ESTATUTARIO;7938,92;;7938,92;1889,26;6049,66;
CRISTOVAO RIBEIRO DE ALMEIDA;DIRETORIA TECNICA;TECNICO EM CONTABILIDADE;GERENTE; ESTATUTARIO;6587,77;;6587,77;964,55;5623,22;
CYNARA MELO GATO;DIRETORIA TECNICA;TEC. DE HEMOTERAP.-THE-P.S.N.M.-C;; ESTATUTARIO;2797,74;;2797,74;321,68;2476,06;
CYNTHIA RUBIA DA SILVA E SILVA;DIRETORIA TECNICA;TEC. DE ENFERMAGEM-TEN-P.S.N.M.-A;; ESTATUTARIO;2548,03;;2548,03;286,72;2261,31;
DALVANE RODRIGUES FROES;DIRETORIA ADM. FINANCEIRO;ASSIST.ADMIN.-ASA-T.S.N.M.-A;; ESTATUTARIO;2232,96;;2232,96;242,61;1990,35;
DANDARA DE SOUZA ANDRADE;DIRETORIA ADM. FINANCEIRO;RECEPCIONISTA-REC-T.S.N.A.-E;; ESTATUTARIO;2114,79;;2114,79;226,07;1888,72;
DANILO COSTA CUNHA;DIRETORIA ADM. FINANCEIRO;BIBLIOTECARIO-BIB-T.S.N.S.-A;; ESTATUTARIO;6276,52;;6276,52;1158,92;5117,60;
DARLENE RIBEIRO DA SILVA FASONE;DIRETORIA TECNICA;ENFERMEIRO-ENF-P.S.N.S.-A;; ESTATUTARIO;6250,25;;6250,25;1295,61;4954,64;
DAVI MARINHO DA SILVA;DIRETORIA TECNICA;TEC.DE PAT.CLINICA-TPC-P.S.N.M.-A;; ESTATUTARIO;2548,03;;2548,03;286,72;2261,31;
DILCIANE SANTOS IHARA;DIRETORIA TECNICA;TEC. DE ENFERMAGEM-TEN-P.S.N.M.-A;GERENTE; ESTATUTARIO;6548,03;;6548,03;1001,72;5546,31;
DILENA DA SILVA PINHEIRO;DIRETORIA TECNICA;TEC. DE HEMOTERAP.-THE-P.S.N.M.-C;; ESTATUTARIO;2847,12;;2847,12;328,60;2518,52;
DINAIR SILVA DOS SANTOS;DIRETORIA TECNICA;TEC. DE ENFERMAGEM-TEN-P.S.N.M.-A;TEC.DE ENFERMAGEM; ESTATUTARIO;2655,98;;2655,98;301,84;2354,14;
DIONI LIZA BIONDO RIBEIRO;DIRETORIA TECNICA;MEDICO ESPECIALISTA;; ESTATUTARIO;8294,40;;8294,40;1967,92;6326,48;
EDILZA RODRIGUES LIMA;DIRETORIA TECNICA;TEC. DE HEMOTERAP.-THE-P.S.N.M.-C;; ESTATUTARIO;3609,81;;3609,81;378,26;3231,55;
EDINA MARIA ALVES DE OLIVEIRA;DIRETORIA TECNICA;TEC. DE HEMOTERAP.-THE-P.S.N.M.-C;; ESTATUTARIO;2980,60;;2980,60;345,29;2635,31;
EDINEZ MARIA VASCONCELOS DE MENEZES;DIRETORIA TECNICA;AUXILIAR DE ENFERMAGEM A;; ESTATUTARIO;2387,34;;2387,34;243,50;2143,84;
EDIVALDO DA SILVA;DIRETORIA TECNICA;MEDICO ESPECIALISTA;; ESTATUTARIO;9204,89;;9204,89;1737,01;7467,88;
EDIVALDO DA SILVA;DIRETORIA TECNICA;MEDICO ESPECIALISTA;; ESTATUTARIO;8785,26;;8785,26;1761,56;7023,70;
EDMAR BELEM DE OLIVEIRA;DIRETORIA TECNICA;TEC. DE ENFERMAGEM-TEN-P.S.N.M.-A;TEC. DE ENFERMAGEM; ESTATUTARIO;2653,63;;2653,63;286,72;2366,91;
EDNA MARIA TAVARES DE FREITAS;DIRETORIA TECNICA;TEC. DE ENFERMAGEM-TEN-P.S.N.M.-A;TEC.DE ENFERMAGEM; ESTATUTARIO;2548,03;;2548,03;286,72;2261,31;
EDSON JESUS DA SILVA;DIRETORIA ADM. FINANCEIRO;AUX.DE SERV.GER.-ASG-T.S.N.A.-D;; ESTATUTARIO;2511,00;;2511,00;268,56;2242,44;
ELAINE CRISTINA GOMES DOS SANTOS;DIRETORIA ADM. FINANCEIRO;AGENTE ADM.-AGA-T.S.N.A.-E;AGENTE ADM; ESTATUTARIO;2159,52;;2159,52;232,33;1927,19;
ELAINE VIEIRA LIMA;DIRETORIA ADM. FINANCEIRO;AGENTE ADM.-AGA-T.S.N.A.-G;; ESTATUTARIO;2424,30;;2424,30;269,40;2154,90;
ELBA CLEY CORDEIRO DO COUTO;DIRETORIA TECNICA;MEDICO ESPECIALISTA;; ESTATUTARIO;8567,92;;8567,92;2125,23;6442,69;
ELBA CLEY CORDEIRO DO COUTO;DIRETORIA TECNICA;MEDICO ESPECIALISTA;; ESTATUTARIO;7438,92;;7438,92;1889,26;5549,66;
ELCY FIGUEIREDO COELHO;DIRETORIA TECNICA;TEC. DE HEMOTERAP.-THE-P.S.N.M.-C;GERENTE; ESTATUTARIO;6832,36;;6832,36;1108,77;5723,59;
ELENE RAIMUNDA DE SOUZA SANTOS;DIRETORIA TECNICA;TEC. DE ENFERMAGEM-TEN-P.S.N.M.-A;TEC DE ENF A; ESTATUTARIO;2600,82;;2600,82;294,11;2306,71;
ELIANA DA COSTA MEDEIROS;DIRETORIA TECNICA;TEC.DE HEMOTERAP.-THE-P.S.N.M.-A;; ESTATUTARIO;3230,71;;3230,71;327,22;2903,49;
ELIANA DE OLIVEIRA COELHO;DIRETORIA TECNICA;ENFERMEIRO-ENF-P.S.N.S.-A;; ESTATUTARIO;6250,25;;6250,25;1295,61;4954,64;
ELIELZA SANTOS ALENCAR;DIRETORIA TECNICA;TEC.DE HEMOTERAP.-THE-P.S.N.M.-A;; ESTATUTARIO;2548,03;;2548,03;286,72;2261,31;
ELIELZA SANTOS ALENCAR;DIRETORIA TECNICA;TEC.DE HEMOTERAP.-THE-P.S.N.M.-A;; ESTATUTARIO;2155,98;;2155,98;301,84;1854,14;
ELIENE ALVES DA SILVA SOUSA;DIRETORIA TECNICA;TEC. DE ENFERMAGEM-TEN-P.S.N.M.-A;; ESTATUTARIO;2548,03;;2548,03;286,72;2261,31;
ELIETE SARAIVA DOS SANTOS;DIRETORIA TECNICA;ASSIST.SOC.ASS-P.S.N.S.-CL.A;ASSIST.SOCIAL; ESTATUTARIO;6644,11;;6644,11;1443,90;5200,21;
ELIS MARTA BARROSO DOS SANTOS;DIRETORIA TECNICA;TEC.DE PAT.CLINICA-TPC-P.S.N.M.-A;; ESTATUTARIO;2548,03;;2548,03;286,72;2261,31;
ELISA LOPES MAIA;DIRETORIA TECNICA;ASSISTENTE TECNICO;; ESTATUTARIO;2628,96;;2628,96;298,05;2330,91;
ELISANGELA MARTINS MARQUES;DIRETORIA TECNICA;TEC. DE ENFERMAGEM-TEN-P.S.N.M.-A;TEC.DE ENFERMAGEM; ESTATUTARIO;2569,15;;2569,15;286,72;2282,43;
ELIZABETH MARIA MARTINS F SOUZA;DIRETORIA TECNICA;CIR.DENT.-CCRD-P.S.N.S.-A;; ESTATUTARIO;6250,25;;6250,25;1295,61;4954,64;
ELIZABETH MOURA ARRUDA;DIRETORIA TECNICA;TEC.DE HEMOTERAP.-THE-P.S.N.M.-A;; ESTATUTARIO;2548,03;;2548,03;286,72;2261,31;
ELIZANGELA FERREIRA DOS SANTOS;DIRETORIA TECNICA;TEC. DE HEMOTERAP.-THE-P.S.N.M.-C;; ESTATUTARIO;2862,04;;2862,04;330,69;2531,35;
ELIZANGELA MACEDO OLIVEIRA;DIRETORIA TECNICA;TEC.DE HEMOTERAP.-THE-P.S.N.M.-A;TEC. DE HEMOTERAPIA; ESTATUTARIO;2655,98;;2655,98;301,84;2354,14;
ELSO MARREIROS DE LIMA;DIRETORIA ADM. FINANCEIRO;MOTORISTA-MOT-T.S.N.A.-A;; ESTATUTARIO;2345,64;;2345,64;258,39;2087,25;
ELZA DE SOUZA LIMA;DIRETORIA TECNICA;ASSISTENTE TECNICO 2A CLASSE;; ESTATUTARIO;2741,99;;2741,99;313,88;2428,11;
EMILIA MARIA AZEVEDO MATOS;DIRETORIA ADM. FINANCEIRO;AGENTE ADM.-AGA-T.S.N.A.-H;; ESTATUTARIO;2827,30;;2827,30;325,82;2501,48;
ENEIDE DE OLIVEIRA COELHO;DIRETORIA TECNICA;AUX.DE ENFERM.-AEF-P.S.N.A.-B;; ESTATUTARIO;2436,30;;2436,30;271,08;2165,22;
ENIO BARRETO CARNEIRO;DIRETORIA TECNICA;MEDICO ESPECIALISTA;; ESTATUTARIO;7938,92;;7938,92;1889,26;6049,66;
ENZO MIRANDA SANTOS;DIRETORIA TECNICA;TEC. DE ENFERMAGEM-TEN-P.S.N.M.-A;TECN. DE ENFERMAGEM; ESTATUTARIO;2548,03;;2548,03;286,72;2261,31;
ERBENIA MARIA MARTINS DE ARAUJO;DIRETORIA TECNICA;FISIOTERAPEUTA A;; ESTATUTARIO;8797,17;;8797,17;2043,98;6753,19;
EUDES OLIVEIRA DA SILVEIRA;DIRETORIA TECNICA;MEDICO ESPECIALISTA;; ESTATUTARIO;8623,62;;8623,62;2093,64;6529,98;
EVANDRO MONTEIRO DE ALMEIDA;DIRETORIA ADM. FINANCEIRO;AGENTE ADM.-AGA-T.S.N.A.-H;; ESTATUTARIO;5010,53;;5010,53;830,09;4180,44;
EVANIA MELO BORGES;DIRETORIA TECNICA;TECNICO A;CHEFE DE DEPARTAMENT; ESTATUTARIO;10226,25;;10226,25;2285,08;7941,17;
EVELYN BEATRIZ DA COSTA VAZ;DIRETORIA ADM. FINANCEIRO;RECEPCIONISTA-REC-T.S.N.A.-E;; ESTATUTARIO;2114,79;;2114,79;226,07;1888,72;
EVILAZIO CUNHA CARDOSO;DIRETORIA TECNICA;GERENTE;NAO INFORMADO; CARGO COMISSION.S/VINCULO;4593,27;;4593,27;679,37;3913,90;
EWERTON FABIO SOUZA DA SILVA;DIRETORIA ADM. FINANCEIRO;AGENTE ADM.-AGA-T.S.N.A.-E;AGENTE ADM A; ESTATUTARIO;2159,52;;2159,52;232,33;1927,19;
EWERTON FELIPE DA SILVA NASCIMENTO;DIRETORIA ADM. FINANCEIRO;ASSESSOR I;NAO INFORMADO; CARGO COMISSION.S/VINCULO;5600,30;;5600,30;1003,81;4596,49;
FABIO JOSE PAOLO TOMASELLI;DIRETORIA TECNICA;AGENTE ADM.-AGA-T.S.N.A.-E;; ESTATUTARIO;2114,79;;2114,79;226,07;1888,72;
FAUSTO HIPOLITO PINHEIRO;DIRETORIA TECNICA;TEC.DE HEMOTERAP.-THE-P.S.N.M.-A;; ESTATUTARIO;2655,98;;2655,98;301,84;2354,14;
FERNANDA LIANE NASCIMENTO SOUZA;DIRETORIA TECNICA;ASSIST.SOC.ASS-P.S.N.S.-CL.A;; ESTATUTARIO;6250,25;;6250,25;1295,61;4954,64;
FLAVIA MARTINS REZENDE DE MELLO;DIRETORIA ADM. FINANCEIRO;COMUNICADOR SOC.-COS-T.S.N.S.-A;GERENTE; ESTATUTARIO;8832,39;;8832,39;1861,78;6970,61;
FRANCELINE OLIVEIRA CALHEIROS;DIRETORIA TECNICA;TEC.DE PAT.CLINICA-TPC-P.S.N.M.-A;; ESTATUTARIO;2548,03;;2548,03;286,72;2261,31;
FRANCIANA DO SOCORRO DE O C SILVA;PRESIDENCIA;TECNICO-TEC-T.S.N.S.-A;; ESTATUTARIO;6276,52;;6276,52;1158,92;5117,60;
FRANCIDAISY DA SILVA LEAO;DIRETORIA ADM. FINANCEIRO;ASSIST.ADMIN.-ASA-T.S.N.M.-A;; ESTATUTARIO;2232,96;;2232,96;242,61;1990,35;
FRANCIRLEY CARVALHO SOUZA;DIRETORIA TECNICA;TEC.DE PAT.CLINICA-TPC-P.S.N.M.-B;; ESTATUTARIO;2763,68;;2763,68;316,92;2446,76;
FRANCISCA DALVA MARTINS HIPOLITO;DIRETORIA TECNICA;TEC. DE HEMOTERAP.-THE-P.S.N.M.-C;; ESTATUTARIO;2832,36;;2832,36;326,53;2505,83;
FRANCISCA MARTA SOARES DE LIMA;DIRETORIA TECNICA;TEC. DE HEMOTERAP.-THE-P.S.N.M.-C;TEC HEMOTER; ESTATUTARIO;2797,74;;2797,74;321,68;2476,06;
FRANCISCO DAS CHAGAS B PIMENTEL;DIRETORIA ADM. FINANCEIRO;MOTORISTA-MOT-T.S.N.A.-D;; ESTATUTARIO;3039,33;;3039,33;336,11;2703,22;
FRANCISCO ELMAR PASCOAL DE FARIA;DIRETORIA TECNICA;TEC. DE HEMOTERAP.-THE-P.S.N.M.-C;; ESTATUTARIO;2864,51;;2864,51;331,03;2533,48;
FRANCISCO HELDER DE LIMA FREITAS;DIRETORIA TECNICA;ENFERMEIRO-ENF-P.S.N.S.-A;; ESTATUTARIO;6250,25;;6250,25;1295,61;4954,64;
FRANCISCO JORGE MAIA CASTRO;DIRETORIA TECNICA;TEC.DE PAT.CLINICA-TPC-P.S.N.M.-C;; ESTATUTARIO;2914,20;;2914,20;337,99;2576,21;
FRANCISCO PEDRO DE OLIVEIRA AZEDO;DIRETORIA TECNICA;TECNICO-TEC-T.S.N.S.-D;GERENTE; ESTATUTARIO;10500,00;;10500,00;2489,64;8010,36;
FRANCISCO SALES DE LIMA BARROS;DIRETORIA ADM. FINANCEIRO;ASSIST.ADMIN.-ASA-T.S.N.M.-A;; ESTATUTARIO;2232,96;;2232,96;242,61;1990,35;
FRANK JOSE RODRIGUES RIBEIRO;DIRETORIA ADM. FINANCEIRO;SUBGERENTE;NAO INFORMADO; CARGO COMISSION.S/VINCULO;3586,94;;3586,94;415,66;3171,28;
FREDSON OLIVEIRA DA COSTA;DIRETORIA ADM. FINANCEIRO;AGENTE ADM.-AGA-T.S.N.A.-E;; ESTATUTARIO;2114,79;;2114,79;226,07;1888,72;
GEANE LOPES MARQUES DE SOUZA;DIRETORIA TECNICA;ASSIST.SOC.ASS-P.S.N.S.-CL.A;SUBGERENTE; ESTATUTARIO;9482,72;;9482,72;2208,13;7274,59;
GEANE LOPES MARQUES DE SOUZA;DIRETORIA TECNICA;ASSIST.SOC.ASS-P.S.N.S.-CL.B;CHEFE DE DEPARTAMENT; ESTATUTARIO;6231,81;;6231,81;1424,78;4807,03;
GEILANE EVANGELISTA DE OLIVEIRA;DIRETORIA TECNICA;TEC. DE HEMOTERAP.-THE-P.S.N.M.-C;; ESTATUTARIO;2930,12;;2930,12;340,22;2589,90;
GISELE VASCONCELOS COSTA SILVA;DIRETORIA TECNICA;TEC.DE PAT.CLINICA-TPC-P.S.N.M.-A;; ESTATUTARIO;2548,03;;2548,03;286,72;2261,31;
GLAUCIA DE OLIVEIRA NEVES;DIRETORIA TECNICA;TEC. DE ENFERMAGEM-TEN-P.S.N.M.-A;; ESTATUTARIO;2548,03;;2548,03;286,72;2261,31;
GRACIELA MARLENY RIVERA CHAVEZ;DIRETORIA TECNICA;ENFERMEIRO-ENF-P.S.N.S.-A;; ESTATUTARIO;8167,00;;8167,00;1822,72;6344,28;
GRACINEIDE PEREIRA DA SILVA;DIRETORIA TECNICA;NUTRICIONISTA-NUT-P.S.N.S.-A;; ESTATUTARIO;6250,25;;6250,25;1295,61;4954,64;
GRACINETTE COSTA FONTES;DIRETORIA TECNICA;TEC.DE HEMOTERAP.-THE-P.S.N.M.-A;; ESTATUTARIO;3230,71;;3230,71;327,22;2903,49;
GREICY DANTAS SILVA COLARES;DIRETORIA TECNICA;TEC. DE ENFERMAGEM-TEN-P.S.N.M.-A;; ESTATUTARIO;2548,03;;2548,03;286,72;2261,31;
GREISSY KELLE DA SILVA ALENCAR;DIRETORIA ADM. FINANCEIRO;AGENTE ADM.-AGA-T.S.N.A.-E;; ESTATUTARIO;2114,79;;2114,79;226,07;1888,72;
GREYCE SOARES DE LIMA;DIRETORIA TECNICA;TEC.DE HEMOTERAP.-THE-P.S.N.M.-A;; ESTATUTARIO;2548,03;;2548,03;286,72;2261,31;
HELEN LIMA MORAES;DIRETORIA TECNICA;TEC. DE ENFERMAGEM-TEN-P.S.N.M.-A;; ESTATUTARIO;2653,63;;2653,63;286,72;2366,91;
HERCULES LEMOS DIAS;DIRETORIA TECNICA;TEC. DE HEMOTERAP.-THE-P.S.N.M.-C;; ESTATUTARIO;2832,36;;2832,36;326,53;2505,83;
HILDE BALIEIRO GOES;DIRETORIA TECNICA;TEC.DE PAT.CLINICA-TPC-P.S.N.M.-A;; ESTATUTARIO;2548,03;;2548,03;286,72;2261,31;
HILDEMARINA FONSECA LIMA;DIRETORIA TECNICA;TEC.DE HEMOTERAP.-THE-P.S.N.M.-A;TEC. HEMOTERAPIA; ESTATUTARIO;2600,82;;2600,82;294,11;2306,71;
HILDENE MENDES BITTENCOURT;DIRETORIA TECNICA;TEC.DE HEMOTERAP.-THE-P.S.N.M.-A;TEC HEMOTER; ESTATUTARIO;2801,90;;2801,90;301,84;2500,06;
HUGLYS DE OLIVEIRA JEFFRES;DIRETORIA ADM. FINANCEIRO;AGENTE ADM.-AGA-T.S.N.A.-E;; ESTATUTARIO;5114,79;;5114,79;534,74;4580,05;
HULDA NASCIMENTO MALCHER;DIRETORIA TECNICA;TEC. DE HEMOTERAP.-THE-P.S.N.M.-D;; ESTATUTARIO;3272,32;;3272,32;380,05;2892,27;
IANDARA MAIRA LOPES DE SOUZA;DIRETORIA ADM. FINANCEIRO;ASSIST.ADMIN.-ASA-T.S.N.M.-A;; ESTATUTARIO;2232,96;;2232,96;242,61;1990,35;
IDANILCE DOS SANTOS CASTRO;DIRETORIA TECNICA;TEC. DE ENFERMAGEM-TEN-P.S.N.M.-A;TECNICA DE ENFERM. A; ESTATUTARIO;2600,82;;2600,82;178,32;2422,50;
IGOR WILLIAM TRINDADE DA COSTA;DIRETORIA TECNICA;MEDICO GRADUADO;; ESTATUTARIO;6959,19;;6959,19;1530,55;5428,64;
IRANEIDE DA CUNHA MARQUES;DIRETORIA TECNICA;GERENTE;GERENTE AD-2; CARGO COMISSION.S/VINCULO;4593,27;;4593,27;679,37;3913,90;
IRISNEIDE VIANA DA SILVA;DIRETORIA TECNICA;TEC.DE HEMOTERAP.-THE-P.S.N.M.-A;TEC.DE HEMOTERAPIA; ESTATUTARIO;2642,35;;2642,35;286,72;2355,63;
IRYS DE OLIVEIRA SALVATERRA;DIRETORIA TECNICA;TEC. DE HEMOTERAP.-THE-P.S.N.M.-C;TEC. DE HEMOTERAPIA; ESTATUTARIO;2797,74;;2797,74;321,68;2476,06;
IVANI CARVALHO DA SILVA;DIRETORIA TECNICA;AUXILIAR DE ENFERMAGEM A;; ESTATUTARIO;2239,25;;2239,25;243,50;1995,75;
IVANILCE PINHEIRO GRANA;DIRETORIA TECNICA;TEC.DE PAT.CLINICA-TPC-P.S.N.M.-A;; ESTATUTARIO;2548,03;;2548,03;286,72;2261,31;
IVONE CLAUDIANA DA SILVA;DIRETORIA TECNICA;TEC.DE HEMOTERAP.-THE-P.S.N.M.-A;; ESTATUTARIO;2548,03;;2548,03;286,72;2261,31;
IVONE MOREIRA NONATO;DIRETORIA TECNICA;ASSISTENTE TECNICO A;; ESTATUTARIO;2910,87;;2910,87;311,88;2598,99;
JAEL GRACA DA JUSTA BOHADANA;DIRETORIA TECNICA;MEDICO ESPECIALISTA;MEDICA GENERALISTA; ESTATUTARIO;8623,62;;8623,62;2093,64;6529,98;
JAIRO PICANCO DE FARIAS JUNIOR;DIRETORIA ADM. FINANCEIRO;ASSIST.ADMIN.-ASA-T.S.N.M.-A;; ESTATUTARIO;2232,96;;2232,96;242,61;1990,35;
JAMERSON RODRIGUES CRISOSTOMO;DIRETORIA ADM. FINANCEIRO;MOTORISTA-MOT-T.S.N.A.-A;MOTORISTA; ESTATUTARIO;2960,85;;2960,85;258,39;2702,46;
JANETE DE SOUZA LIMA;DIRETORIA TECNICA;ASSISTENTE TECNICO 2A CLASSE;; ESTATUTARIO;2944,94;;2944,94;318,31;2626,63;
JANICE COSTA NINA;DIRETORIA TECNICA;FARMAC.BIOQ. -FAB-P.S.N.S.-A;; ESTATUTARIO;6250,25;;6250,25;1295,61;4954,64;
JAQUELINE PINTO FERREIRA;DIRETORIA ADM. FINANCEIRO;CHEFE DE DEPARTAMENTO;NAO INFORMADO; CARGO COMISSION.S/VINCULO;5600,30;;5600,30;1003,81;4596,49;
JEAN CARLOS FONSECA DO NASCIMENTO;DIRETORIA ADM. FINANCEIRO;AGENTE ADM.-AGA-T.S.N.A.-E;; ESTATUTARIO;2114,79;;2114,79;226,07;1888,72;
JEFFERSON KENNEDY LOPES DOS SANTOS;DIRETORIA TECNICA;ENFERMEIRO-ENF-P.S.N.S.-A;; ESTATUTARIO;8433,00;;8433,00;1895,87;6537,13;
JESSICA BARBOSA SABOIA;DIRETORIA ADM. FINANCEIRO;RECEPCIONISTA-REC-T.S.N.A.-E;; ESTATUTARIO;2114,79;;2114,79;226,07;1888,72;
JOÃO FERREIRA DAMASCENO FILHO;DIRETORIA ADM. FINANCEIRO;OPER.MAN.E APOIO-OMA-T.S.N.A-A;; ESTATUTARIO;2101,40;;2101,40;224,20;1877,20;
JOAO AUGUSTO VASCONCELOS SOARES;DIRETORIA TECNICA;GERENTE;GERENTE AD-2; CARGO COMISSION.S/VINCULO;4593,27;;4593,27;679,37;3913,90;
JOAO BATISTA RUBIM SALGUEIRO;DIRETORIA TECNICA;TEC.DE HEMOTERAP.-THE-P.S.N.M.-B;; ESTATUTARIO;2780,64;;2780,64;319,29;2461,35;
JOAO COSTA;DIRETORIA ADM. FINANCEIRO;OPER.MAN.E APOIO-OMA-T.S.N.A-A;; ESTATUTARIO;2101,40;;2101,40;224,20;1877,20;
JOAO PAULO DINIZ PIMENTEL;DIRETORIA TECNICA;FARMAC.BIOQ. -FAB-P.S.N.S.-A;CHEFE DE DEPARTAMENT; ESTATUTARIO;11250,25;;11250,25;2670,61;8579,64;
JOAO PEDRO GUSMAO FELIX;DIRETORIA ADM. FINANCEIRO;MOTORISTA-MOT-T.S.N.A.-D;SUBGERENTE; ESTATUTARIO;6109,86;;6109,86;556,95;5552,91;
JOAO QUEIROZ REBOUCAS;DIRETORIA TECNICA;TEC. DE HEMOTERAP.-THE-P.S.N.M.-C;; ESTATUTARIO;2910,84;;2910,84;340,05;2570,79;
JOICY SALES DOS SANTOS LIARTES;DIRETORIA TECNICA;TEC.DE HEMOTERAP.-THE-P.S.N.M.-A;; ESTATUTARIO;2548,03;;2548,03;286,72;2261,31;
JORDAM DE SOUZA ARAUJO;DIRETORIA ADM. FINANCEIRO;AGENTE ADM.-AGA-T.S.N.A.-E;; ESTATUTARIO;2114,79;;2114,79;226,07;1888,72;
JOSAFA LIMA RAMOS;DIRETORIA TECNICA;PSICOLOGO-PSI-P.S.N.S.-A;GERENTE; ESTATUTARIO;10777,63;;10777,63;2594,17;8183,46;
JOSE ALDORI VIAPIANA;DIRETORIA TECNICA;TECNICO-TEC-T.S.N.S.-C;; ESTATUTARIO;8011,87;;8011,87;1748,79;6263,08;
JOSE ARTEMIS DE SOUZA LIMA;DIRETORIA TECNICA;TEC. DE ENFERMAGEM-TEN-P.S.N.M.-A;; ESTATUTARIO;2681,79;;2681,79;286,72;2395,07;
JOSE BRAGA DA COSTA;DIRETORIA TECNICA;TEC. DE ENFERMAGEM-TEN-P.S.N.M.-C;; ESTATUTARIO;2914,20;;2914,20;350,91;2563,29;
JOSE DE RIBAMAR FERREIRA E SILVA;DIRETORIA TECNICA;ASSISTENTE TECNICO A;SUBGERENTE; ESTATUTARIO;2999,62;;2999,62;328,62;2671,00;
JOSE GLEDSON DE FREITAS;DIRETORIA ADM. FINANCEIRO;ASSIST.ADMIN.-ASA-T.S.N.M.-A;; ESTATUTARIO;2232,96;;2232,96;242,61;1990,35;
JOSE MARCELO HIPOLITO CARNEIRO;DIRETORIA TECNICA;TEC.DE HEMOTERAP.-THE-P.S.N.M.-A;TEC. DE HEMOTERAPIA; ESTATUTARIO;2655,98;;2655,98;301,84;2354,14;
JOSE RICARDO FREITAS SIQUEIRA;DIRETORIA TECNICA;TEC.DE PAT.CLINICA-TPC-P.S.N.M.-B;; ESTATUTARIO;2763,68;;2763,68;316,92;2446,76;
JOSIMARA PINHEIRO DE O NARCISO;DIRETORIA TECNICA;TEC.DE HEMOTERAP.-THE-P.S.N.M.-A;; ESTATUTARIO;2548,03;;2548,03;286,72;2261,31;
JOSITEIA VANESSA ALMEIDA DA SILVA;DIRETORIA TECNICA;ENFERMEIRO-ENF-P.S.N.S.-A;ENFERMEIRO; ESTATUTARIO;6250,25;;6250,25;1295,61;4954,64;
JUCILENE PEREIRA DOS SANTOS;DIRETORIA TECNICA;ENFERMEIRO-ENF-P.S.N.S.-A;; ESTATUTARIO;6250,25;;6250,25;1295,61;4954,64;
JUCIMARIA BARROSO DE SOUZA;DIRETORIA TECNICA;TEC. DE ENFERMAGEM-TEN-P.S.N.M.-A;; ESTATUTARIO;2548,03;;2548,03;286,72;2261,31;
JULIANA LUIZA VARJAO LAMEIRAS;DIRETORIA TECNICA;BIÓLOGO-BIO-P.S.N.S.-CL.A;; ESTATUTARIO;6250,25;;6250,25;1295,61;4954,64;
JULIO MARTINS DA SILVA;DIRETORIA ADM. FINANCEIRO;MOTORISTA-MOT-T.S.N.A.-A;; ESTATUTARIO;2345,64;;2345,64;258,39;2087,25;
KARLA VICTOR SERIQUE SODRE;DIRETORIA TECNICA;TEC.DE PAT.CLINICA-TPC-P.S.N.M.-A;TEC. PATOL. CLINICA; ESTATUTARIO;2548,03;;2548,03;286,72;2261,31;
KASTYHELLEN CAVALCANTE SOUTO MAIOR;DIRETORIA TECNICA;TEC. DE ENFERMAGEM-TEN-P.S.N.M.-A;TEC. DE ENFERMAGEM; ESTATUTARIO;2548,03;;2548,03;286,72;2261,31;
KATIA KELY LIMA DE ARAUJO;DIRETORIA TECNICA;TEC.DE HEMOTERAP.-THE-P.S.N.M.-A;; ESTATUTARIO;2655,98;;2655,98;301,84;2354,14;
KATIA MARIA DA ROCHA CORTEZ;DIRETORIA TECNICA;TEC.DE HEMOTERAP.-THE-P.S.N.M.-B;TEC. DE HEMOTERAPIA; ESTATUTARIO;2780,64;;2780,64;319,29;2461,35;
KATIANE DOS SANTOS GOMES;DIRETORIA TECNICA;FARMACEUTICO-FAR-P.S.N.S.-A;; ESTATUTARIO;6250,25;;6250,25;1295,61;4954,64;
KATIUSCIA OLIVEIRA DE PAULO;DIRETORIA ADM. FINANCEIRO;RECEPCIONISTA-REC-T.S.N.A.-E;; ESTATUTARIO;2114,79;;2114,79;226,07;1888,72;
KEITE DA SILVA FELIPE DE MOURA;DIRETORIA ADM. FINANCEIRO;ADMINISTRADOR ADM.T.S.N.S.-A;GERENTE; ESTATUTARIO;8832,39;;8832,39;1861,78;6970,61;
KELLY ANN RAYOL FREDERICO JOBIM;DIRETORIA TECNICA;ENFERMEIRO-ENF-P.S.N.S.-A;; ESTATUTARIO;6250,25;;6250,25;1295,61;4954,64;
KELLY REGINA MOURA DA SILVA;PRESIDENCIA;CHEFE DE GABINETE;NAO INFORMADO; CARGO COMISSION.S/VINCULO;5600,30;;5600,30;1003,81;4596,49;
KLEBER SANDRO BRASIL DOS SANTOS;DIRETORIA TECNICA;FARMAC.BIOQ. -FAB-P.S.N.S.-B;; ESTATUTARIO;8935,41;;8935,41;2163,81;6771,60;
LADY DAIANA GONCALVES DA SILVA;DIRETORIA TECNICA;TEC.DE HEMOTERAP.-THE-P.S.N.M.-A;; ESTATUTARIO;2655,98;;2655,98;301,84;2354,14;
LAERCIO DAMIAO SOARES LOPES;DIRETORIA ADM. FINANCEIRO;AGENTE ADMINISTRATIVO A - N.B.;GERENTE; ESTATUTARIO;2114,79;;2114,79;226,07;1888,72;
LANA SULAMITA SILVA DOS S VECCHIA;DIRETORIA TECNICA;AUX.DE ENFERM.-AEF-P.S.N.A.-B;GERENTE AD2; ESTATUTARIO;6465,23;;6465,23;970,55;5494,68;
LASMAR ROBERTO PEREIRA ALVES;DIRETORIA TECNICA;FARMAC.BIOQ. -FAB-P.S.N.S.-A;FARMAC.-BIOQUIMICO; ESTATUTARIO;8167,00;;8167,00;1822,72;6344,28;
LEA CHAVES AMORIM;DIRETORIA TECNICA;TEC. DE HEMOTERAP.-THE-P.S.N.M.-C;; ESTATUTARIO;2332,36;;2332,36;326,53;2005,83;
LEANDRA SABRINA CASTRO DA SILVA;DIRETORIA TECNICA;TEC. DE ENFERMAGEM-TEN-P.S.N.M.-A;; ESTATUTARIO;2569,15;;2569,15;275,70;2293,45;
LECITA MARREIRA DE LIMA BARROS;DIRETORIA TECNICA;TEC.DE PAT.CLINICA-TPC-P.S.N.M.-B;GERENTE; ESTATUTARIO;2263,68;;2263,68;316,92;1946,76;
LECITA MARREIRA DE LIMA BARROS;DIRETORIA TECNICA;FARMAC.BIOQ. -FAB-P.S.N.S.-A;; ESTATUTARIO;6250,25;;6250,25;1295,61;4954,64;
LEILA MARLY FONSECA LIMA;DIRETORIA TECNICA;TEC.DE HEMOTERAP.-THE-P.S.N.M.-A;TEC DE HEMOT; ESTATUTARIO;2655,98;;2655,98;301,84;2354,14;
LENY NASCIMENTO DA MOTTA PASSOS;PRESIDENCIA;MEDICO DOUTOR;; ESTATUTARIO;15096,48;;15096,48;4402,55;10693,93;
LEONICE SOUZA FERREIRA;MANDADO DE SEGURANCA;TEC. DE ENFERMAGEM-TEN-P.S.N.M.-A;; ESTATUTARIO;2548,03;;2548,03;286,72;2261,31;
LIA NASCIMENTO RAMOS DA SILVA;DIRETORIA TECNICA;TEC. DE HEMOTERAP.-THE-P.S.N.M.-C;; ESTATUTARIO;3109,81;;3109,81;392,48;2717,33;
LIGIA ADRIANE THIBES;DIRETORIA TECNICA;TEC. DE HEMOTERAP.-THE-P.S.N.M.-C;; ESTATUTARIO;2797,74;;2797,74;321,68;2476,06;
LINDALVA BRAGA DE OLIVEIRA;DIRETORIA ADM. FINANCEIRO;AGENTE ADM.-AGA-T.S.N.A.-H;ASSESSOR IV; ESTATUTARIO;7085,49;;7085,49;1174,88;5910,61;
LINDBERG MATOS PINTO;DIRETORIA TECNICA;TEC. DE ENFERMAGEM-TEN-P.S.N.M.-A;TEC.DE ENFERMAGEM; ESTATUTARIO;3230,71;;3230,71;327,22;2903,49;
LIVIA GAMA DE SOUZA;DIRETORIA TECNICA;TEC.DE HEMOTERAP.-THE-P.S.N.M.-A;; ESTATUTARIO;2048,03;;2048,03;286,72;1761,31;
LUANA VITORIA MOTA DE SOUZA;DIRETORIA ADM. FINANCEIRO;ASSIST.ADMIN.-ASA-T.S.N.M.-A;; ESTATUTARIO;2232,96;;2232,96;242,61;1990,35;
LUANDA SABURA DA SILVA;DIRETORIA ADM. FINANCEIRO;ASSIST.ADMIN.-ASA-T.S.N.M.-A;; ESTATUTARIO;2232,96;;2232,96;242,61;1990,35;
LUCAS GABRIEL INACIO SALINA;DIRETORIA TECNICA;MEDICO ESPECIALISTA;; ESTATUTARIO;7938,92;;7938,92;1889,26;6049,66;
LUCIANA CASSA ARAUJO BARBOSA;DIRETORIA TECNICA;BIÓLOGO-BIO-P.S.N.S.-CL.A;; ESTATUTARIO;6250,25;;6250,25;1295,61;4954,64;
LUCICLEIDE ALMEIDA DE JESUS PEIXOTO;DIRETORIA TECNICA;TEC.DE HEMOTERAP.-THE-P.S.N.M.-A;; ESTATUTARIO;2548,03;;2548,03;286,72;2261,31;
LUCILANE ALVES DE SOUSA EVANGELISTA;DIRETORIA TECNICA;TEC.DE HEMOTERAP.-THE-P.S.N.M.-A;; ESTATUTARIO;2655,98;;2655,98;301,84;2354,14;
LUCINDA BEZERRA FREIRE;DIRETORIA TECNICA;TEC. DE HEMOTERAP.-THE-P.S.N.M.-C;; ESTATUTARIO;3792,93;;3792,93;416,69;3376,24;
LUDIAN GOMES DA SILVA;DIRETORIA ADM. FINANCEIRO;AGENTE ADM.-AGA-T.S.N.A.-G;ASSESSOR IV; ESTATUTARIO;4824,30;;4824,30;545,62;4278,68;
LUZIANE PIRES FRANCO DUARTE;DIRETORIA TECNICA;TEC.DE HEMOTERAP.-THE-P.S.N.M.-A;TEC.HEMOTERAPIA; ESTATUTARIO;2655,98;;2655,98;301,84;2354,14;
LUZINETE FEITOZA DE LIMA TORRES;DIRETORIA ADM. FINANCEIRO;AGENTE ADM.-AGA-T.S.N.A.-G;SUBGERENTE; ESTATUTARIO;5424,30;;5424,30;680,62;4743,68;
LYGIA MACHADO CORREA;DIRETORIA TECNICA;TEC. DE ENFERMAGEM-TEN-P.S.N.M.-A;; ESTATUTARIO;2548,03;;2548,03;286,72;2261,31;
MACSON DELMIRIO GOMES;DIRETORIA TECNICA;TEC. DE ENFERMAGEM-TEN-P.S.N.M.-A;; ESTATUTARIO;2681,79;;2681,79;286,72;2395,07;
MANOELA VALENTE CUNHA POGGIO;DIRETORIA ADM. FINANCEIRO;PSICOLOGO-PSI-P.S.N.S.-A;; ESTATUTARIO;6250,25;;6250,25;1295,61;4954,64;
MARA RUBIA COSTA RODRIGUES;DIRETORIA TECNICA;TEC.DE HEMOTERAP.-THE-P.S.N.M.-A;TEC.HEMOTERAPIA; ESTATUTARIO;2548,03;;2548,03;286,72;2261,31;
MARA VIEIRA DA SILVA;DIRETORIA TECNICA;TEC.DE HEMOTERAP.-THE-P.S.N.M.-A;TEC HEMOTER; ESTATUTARIO;2801,90;;2801,90;301,84;2500,06;
MARCELA DE MORAIS SILVA DAS NEVES;DIRETORIA TECNICA;TEC.DE PAT.CLINICA-TPC-P.S.N.M.-A;TEC PAT CLINICA; ESTATUTARIO;2548,03;;2548,03;286,72;2261,31;
MARCELA LIBORIO CORREIA;DIRETORIA ADM. FINANCEIRO;MOTORISTA-MOT-T.S.N.A.-A;; ESTATUTARIO;2345,64;;2345,64;258,39;2087,25;
MARCELE ASSUNCAO DA SILVA;DIRETORIA TECNICA;ENFERMEIRO-ENF-P.S.N.S.-A;; ESTATUTARIO;6250,25;;6250,25;1295,61;4954,64;
MARCELINA HIPOLITO CARNEIRO;DIRETORIA TECNICA;AUXILIAR DE SAUDE 3A CLASSE;; ESTATUTARIO;2387,34;;2387,34;243,50;2143,84;
MARCELO REIS DO NASCIMENTO;DIRETORIA TECNICA;TEC.DE HEMOTERAP.-THE-P.S.N.M.-A;; ESTATUTARIO;2655,98;;2655,98;301,84;2354,14;
MARCIA DA SILVA E SILVA;DIRETORIA TECNICA;TEC. DE HEMOTERAP.-THE-P.S.N.M.-C;; ESTATUTARIO;2797,74;;2797,74;321,68;2476,06;
MARCIA POINHO ENCARNACAO DE MORAIS;DIRETORIA TECNICA;FARMAC.BIOQ. -FAB-P.S.N.S.-A;; ESTATUTARIO;9371,41;;9371,41;2245,62;7125,79;
MARCIA REGINA MARQUES DA S ANDRADE;DIRETORIA ADM. FINANCEIRO;AGENTE ADM.-AGA-T.S.N.A.-H;SUBGERENTE; ESTATUTARIO;5438,74;;5438,74;685,57;4753,17;
MARCILEIA MOREIRA DE ARAUJO;DIRETORIA TECNICA;TEC. DE ENFERMAGEM-TEN-P.S.N.M.-A;TEC DE ENFERMAGEM; ESTATUTARIO;2600,82;;2600,82;282,54;2318,28;
MARCIO ALLAN OLIVEIRA DAS NEVES;DIRETORIA ADM. FINANCEIRO;OPER.MAN.E APOIO-OMA-T.S.N.A-A;; ESTATUTARIO;2101,40;;2101,40;224,20;1877,20;
MARCIO ARAUJO DOS SANTOS;DIRETORIA TECNICA;ENFERMEIRO-ENF-P.S.N.S.-A;ENFERMEIRO; ESTATUTARIO;6250,25;;6250,25;1295,61;4954,64;
MARCO AURELIO DE CARVALHO MARTINS;DIRETORIA ADM. FINANCEIRO;AGENTE ADM.-AGA-T.S.N.A.-E;ASSESSOR I; ESTATUTARIO;11448,13;;11448,13;1113,61;10334,52;
MARCOS PAULO SAMPAIO DE OLIVEIRA;DIRETORIA ADM. FINANCEIRO;TECNICO-TEC-T.S.N.S.-A;; ESTATUTARIO;4832,39;;4832,39;810,61;4021,78;
MARGARETH RODRIGUES DA SILVA;DIRETORIA TECNICA;ASSIST.SOC.ASS-P.S.N.S.-CL.A;; ESTATUTARIO;6250,25;;6250,25;1295,61;4954,64;
MARIA AUXILIADORA ALVES FERREIRA;DIRETORIA TECNICA;TEC.DE PAT.CLINICA-TPC-P.S.N.M.-A;; ESTATUTARIO;2048,03;;2048,03;286,72;1761,31;
MARIA DA GLORIA MARTINS BARBOSA;DIRETORIA TECNICA;TEC.DE HEMOTERAP.-THE-P.S.N.M.-A;; ESTATUTARIO;2548,03;;2548,03;286,72;2261,31;
MARIA DAS DORES INACIO DE SANTANA;DIRETORIA TECNICA;ASSIST.SOC.ASS-P.S.N.S.-CL.A;; ESTATUTARIO;8167,00;;8167,00;1822,72;6344,28;
MARIA DE NAZARE DE SABOIA FERREIRA;DIRETORIA ADM. FINANCEIRO;AUX.DE SERV.GER.-ASG-T.S.N.A.-C;; ESTATUTARIO;2670,49;;2670,49;266,55;2403,94;
MARIA DE NAZARE PINHEIRO DA SILVA;DIRETORIA TECNICA;TEC. DE HEMOTERAP.-THE-P.S.N.M.-C;; ESTATUTARIO;3175,72;;3175,72;361,83;2813,89;
MARIA DE NAZARE SAUNIER BARBOSA;DIRETORIA TECNICA;ENFERMEIRO-ENF-P.S.N.S.-B;ASSESSOR IV; ESTATUTARIO;9601,56;;9601,56;2313,78;7287,78;
MARIA DO CARMO DA SILVA ASSUNCAO;DIRETORIA TECNICA;ENFERMEIRO-ENF-P.S.N.S.-B;; ESTATUTARIO;7201,56;;7201,56;1653,78;5547,78;
MARIA DO PERPETUO S S CARVALHO;DIRETORIA TECNICA;MEDICO ESPECIALISTA;DIRETOR PRESIDENTE; ESTATUTARIO;18984,99;;18984,99;5038,38;13946,61;
MARIA DO PERPETUO SOCORRO G CRUZ;DIRETORIA ADM. FINANCEIRO;AGENTE ADM.-AGA-T.S.N.A.-G;CHEFE DE DEPARTAMENT; ESTATUTARIO;8729,25;;8729,25;1721,46;7007,79;
MARIA DO PERPETUO SOCORRO R VIEIRA;DIRETORIA TECNICA;TEC. DE HEMOTERAP.-THE-P.S.N.M.-D;; ESTATUTARIO;2931,86;;2931,86;354,52;2577,34;
MARIA DO SOCORRO AQUINO DE ALENCAR;DIRETORIA ADM. FINANCEIRO;AGENTE ADM.-AGA-T.S.N.A.-G;; ESTATUTARIO;2424,30;;2424,30;269,40;2154,90;
MARIA DO SOCORRO DIAS LEITE;DIRETORIA TECNICA;ASSISTENTE TECNICO 3A CLASSE;; ESTATUTARIO;2855,03;;2855,03;289,21;2565,82;
MARIA DO SOCORRO FERREIRA SANTOS;DIRETORIA TECNICA;TEC.DE HEMOTERAP.-THE-P.S.N.M.-A;TEC HEMOTERAPIA; ESTATUTARIO;2655,98;;2655,98;301,84;2354,14;
MARIA DO SOCORRO NOGUEIRA AZEVEDO;DIRETORIA TECNICA;ASSISTENTE TECNICO 3A CLASSE;; ESTATUTARIO;2581,25;;2581,25;291,38;2289,87;
MARIA DO SOCORRO SANTOS ALBUQUERQUE;DIRETORIA ADM. FINANCEIRO;ASSIST.ADMIN.-ASA-T.S.N.M.-A;GERENTE; ESTATUTARIO;6351,12;;6351,12;875,45;5475,67;
MARIA DULCY DE MELLO BARBOSA;DIRETORIA TECNICA;TEC. DE HEMOTERAP.-THE-P.S.N.M.-D;; ESTATUTARIO;3443,72;;3443,72;412,38;3031,34;
MARIA ELCIMAR DE SOUZA MENDONCA;DIRETORIA TECNICA;TEC.DE HEMOTERAP.-THE-P.S.N.M.-B;; ESTATUTARIO;2780,64;;2780,64;319,29;2461,35;
MARIA ELIZETE DA SILVA NETA;DIRETORIA TECNICA;TEC.DE PAT.CLINICA-TPC-P.S.N.M.-A;TEC.DE PAT.CLINICA; ESTATUTARIO;2548,03;;2548,03;286,72;2261,31;
MARIA EUNICE CASTRO DOS SANTOS;DIRETORIA TECNICA;TEC. DE ENFERMAGEM-TEN-P.S.N.M.-A;; ESTATUTARIO;2548,03;;2548,03;286,72;2261,31;
MARIA EZILENE SOARES BARAUNA;DIRETORIA TECNICA;TEC. DE ENFERMAGEM-TEN-P.S.N.M.-A;; ESTATUTARIO;2548,03;;2548,03;286,72;2261,31;
MARIA GORETE SIMOES DE MATOS;DIRETORIA TECNICA;TEC. DE HEMOTERAP.-THE-P.S.N.M.-D;SUBGERENTE; ESTATUTARIO;6614,32;;6614,32;1089,36;5524,96;
MARIA IEDA MOURAO DE CASTRO;DIRETORIA TECNICA;FARMAC.BIOQ. -FAB-P.S.N.S.-A;; ESTATUTARIO;8167,00;;8167,00;1822,72;6344,28;
MARIA IVALDETE SIQUEIRA DE SOUZA;DIRETORIA TECNICA;TEC.DE PAT.CLINICA-TPC-P.S.N.M.-C;GERENTE AD-2; ESTATUTARIO;6832,36;;6832,36;1108,77;5723,59;
MARIA JAQUELENE MONTEIRO;DIRETORIA TECNICA;TEC. DE ENFERMAGEM-TEN-P.S.N.M.-A;TEC DE ENF A; ESTATUTARIO;2600,82;;2600,82;294,11;2306,71;
MARIA JEANE SIQUEIRA CASTRO DA CRUZ;DIRETORIA TECNICA;TEC.DE HEMOTERAP.-THE-P.S.N.M.-A;; ESTATUTARIO;2655,98;;2655,98;301,84;2354,14;
MARIA JOSE DANTAS COELHO;DIRETORIA TECNICA;TEC. DE HEMOTERAP.-THE-P.S.N.M.-C;GERENTE; ESTATUTARIO;6414,20;;6414,20;1139,59;5274,61;
MARIA JOSE DANTAS COELHO;DIRETORIA TECNICA;FARMAC.BIOQ. -FAB-P.S.N.S.-A;; ESTATUTARIO;6250,25;;6250,25;1295,61;4954,64;
MARIA JOSE DE ALMEIDA PEREIRA;DIRETORIA TECNICA;ASSESSOR IV;NAO INFORMADO; CARGO COMISSION.S/VINCULO;2981,24;;2981,24;297,80;2683,44;
MARIA LUIZA SILVA DE MORAES;DIRETORIA TECNICA;TEC. DE ENFERMAGEM-TEN-P.S.N.M.-A;; ESTATUTARIO;2548,03;;2548,03;286,72;2261,31;
MARIA LUZINETE DE OLIVEIRA;DIRETORIA TECNICA;TEC.DE HEMOTERAP.-THE-P.S.N.M.-A;TEC. DE HEMOTERAPIA; ESTATUTARIO;2655,98;;2655,98;301,84;2354,14;
MARIA NEIDE DE MELO;DIRETORIA TECNICA;TEC. DE HEMOTERAP.-THE-P.S.N.M.-C;; ESTATUTARIO;3252,19;;3252,19;376,26;2875,93;
MARIA NEIDE FREITAS GOMES;DIRETORIA TECNICA;TEC. DE HEMOTERAP.-THE-P.S.N.M.-C;; ESTATUTARIO;2832,36;;2832,36;326,53;2505,83;
MARIA NESIANE SIQUEIRA CASTRO;DIRETORIA TECNICA;TEC.DE HEMOTERAP.-THE-P.S.N.M.-A;TEC. DE HEMOTERAPIA; ESTATUTARIO;2655,98;;2655,98;301,84;2354,14;
MARIA NESIANE SIQUEIRA CASTRO;DIRETORIA TECNICA;FARMAC.BIOQ. -FAB-P.S.N.S.-A;; ESTATUTARIO;7667,00;;7667,00;1822,72;5844,28;
MARIA ONEIDE PINHEIRO DE ANDRADE;DIRETORIA TECNICA;TEC. DE HEMOTERAP.-THE-P.S.N.M.-C;; ESTATUTARIO;2832,36;;2832,36;326,53;2505,83;
MARIA REJANE DE AQUINO MEDEIROS;DIRETORIA TECNICA;TEC. DE HEMOTERAP.-THE-P.S.N.M.-C;; ESTATUTARIO;2832,36;;2832,36;326,53;2505,83;
MARIA SOCORRO DE CORREIA MONTANHA;DIRETORIA TECNICA;TEC.DE HEMOTERAP.-THE-P.S.N.M.-B;; ESTATUTARIO;2812,79;;2812,79;323,79;2489,00;
MARIA SOCORRO SOUZA DE JESUS;DIRETORIA ADM. FINANCEIRO;GERENTE;NAO INFORMADO; CARGO COMISSION.S/VINCULO;4593,27;;4593,27;679,37;3913,90;
MARIA SOCORRO VIGA YURTSEVER;DIRETORIA TECNICA;MEDICO ESPECIALISTA;CHEFE DE DEPARTAMENT; ESTATUTARIO;15861,42;;15861,42;4234,65;11626,77;
MARIA SONIA DOS SANTOS PINHEIRO;DIRETORIA TECNICA;TEC.DE HEMOTERAP.-THE-P.S.N.M.-A;; ESTATUTARIO;2655,98;;2655,98;301,84;2354,14;
MARIA ZEILLA MOREIRA DA FROTA;DIRETORIA TECNICA;ASSIST.SOC.ASS-P.S.N.S.-CL.B;GERENTE; ESTATUTARIO;7295,51;;7295,51;1689,15;5606,36;
MARILDA FIGUEIRA MAIA;DIRETORIA TECNICA;FARMAC.BIOQ. -FAB-P.S.N.S.-A;; ESTATUTARIO;6250,25;;6250,25;1295,61;4954,64;
MARINILSE PAIXAO SERRA;DIRETORIA TECNICA;TEC. DE HEMOTERAP.-THE-P.S.N.M.-C;; ESTATUTARIO;2832,36;;2832,36;326,53;2505,83;
MARIO AFONSO FROTA MEDEIROS;DIRETORIA ADM. FINANCEIRO;AGENTE ADM.-AGA-T.S.N.A.-E;; ESTATUTARIO;2114,79;;2114,79;226,07;1888,72;
MARIO SERGIO VEIGA PINHEIRO;DIRETORIA TECNICA;TEC. DE HEMOTERAP.-THE-P.S.N.M.-C;GERENTE; ESTATUTARIO;6832,36;;6832,36;1108,77;5723,59;
MARIO SERGIO VEIGA PINHEIRO;DIRETORIA TECNICA;TEC.DE HEMOTERAP.-THE-P.S.N.M.-A;; ESTATUTARIO;2048,03;;2048,03;286,72;1761,31;
MARISA PAULA DE ANDRADE;DIRETORIA TECNICA;TECNICO DE PATOLOGIA CLINICA A;; ESTATUTARIO;2548,03;;2548,03;286,72;2261,31;
MARLENE GENTIL BATISTA;DIRETORIA ADM. FINANCEIRO;AUX.DE SERV.GER.-ASG-T.S.N.A.-C;; ESTATUTARIO;1903,94;;1903,94;266,55;1637,39;
MARLENE SANTOS DA MOTA;DIRETORIA TECNICA;ASSISTENTE TECNICO 3A CLASSE;; ESTATUTARIO;2908,30;;2908,30;311,40;2596,90;
MARLUCIA DE LIMA MARQUES;DIRETORIA TECNICA;TEC.DE HEMOTERAP.-THE-P.S.N.M.-A;; ESTATUTARIO;2655,98;;2655,98;301,84;2354,14;
MARLUCIA OLIVEIRA DOS SANTOS;DIRETORIA TECNICA;TEC. DE ENFERMAGEM-TEN-P.S.N.M.-A;; ESTATUTARIO;2548,03;;2548,03;286,72;2261,31;
MARTIRENE ALVES DA SILVA;DIRETORIA TECNICA;TEC.DE HEMOTERAP.-THE-P.S.N.M.-A;TEC HEMOTER; ESTATUTARIO;2655,98;;2655,98;301,84;2354,14;
MAURO GALUCIO GARCIA;DIRETORIA TECNICA;QUIMICO-QUI-P.S.N.S.-A;; ESTATUTARIO;8167,00;;8167,00;1822,72;6344,28;
MEIRY JANE DE SOUZA BÍVAQUA;DIRETORIA TECNICA;ASSIST.SOC.ASS-P.S.N.S.-CL.A;; ESTATUTARIO;6250,25;;6250,25;1295,61;4954,64;
MEIRY JANE DE SOUZA SIQUEIRA;DIRETORIA TECNICA;TEC.DE PAT.CLINICA-TPC-P.S.N.M.-B;TEC. PATOL. CLINICA; ESTATUTARIO;2780,64;;2780,64;319,29;2461,35;
MEIRYALVA F MARIANO;DIRETORIA TECNICA;TEC. DE ENFERMAGEM-TEN-P.S.N.M.-A;; ESTATUTARIO;2048,03;;2048,03;286,72;1761,31;
MERCIA FLORENCIO DE ALMEIDA lima;DIRETORIA TECNICA;TEC. DE ENFERMAGEM-TEN-P.S.N.M.-A;; ESTATUTARIO;5688,95;;5688,95;888,73;4800,22;
MESSIAS DE ASSIS PRAIA;DIRETORIA TECNICA;TEC.DE HEMOTERAP.-THE-P.S.N.M.-A;TEC. HEMOTERAPIA; ESTATUTARIO;2674,42;;2674,42;294,11;2380,31;
MESSIAS DE ASSIS PRAIA;DIRETORIA TECNICA;TEC. DE HEMOTERAP.-THE-P.S.N.M.-C;; ESTATUTARIO;2410,84;;2410,84;340,05;2070,79;
MIGUEL DE JESUS QUEIROZ DE PAULA;DIRETORIA ADM. FINANCEIRO;MOTORISTA-MOT-T.S.N.A.-A;MOTORISTA; ESTATUTARIO;2345,64;;2345,64;258,39;2087,25;
MIRIAM MAIA DE SOUZA;DIRETORIA ADM. FINANCEIRO;AGENTE ADMINISTRATIVO A - N.B.;; ESTATUTARIO;2114,79;;2114,79;226,07;1888,72;
MIRIAN LUCIA DE ARAUJO BEZERRA;DIRETORIA ADM. FINANCEIRO;AGENTE ADMINISTRATIVO A - N.B.;; ESTATUTARIO;2336,93;;2336,93;226,07;2110,86;
MIRIAN LUNIERE CABRAL;DIRETORIA ADM. FINANCEIRO;AGENTE ADM.-AGA-T.S.N.A.-G;; ESTATUTARIO;2424,30;;2424,30;269,40;2154,90;
MIRIAN RODRIGUES RIBEIRO SANTIAGO;DIRETORIA TECNICA;FARMAC.BIOQ. -FAB-P.S.N.S.-B;GERENTE; ESTATUTARIO;6701,56;;6701,56;1653,78;5047,78;
MIRIAN RODRIGUES RIBEIRO SANTIAGO;DIRETORIA TECNICA;FARMAC.BIOQ. -FAB-P.S.N.S.-A;; ESTATUTARIO;10482,72;;10482,72;2483,13;7999,59;
MIRLENE DANTAS CALDAS;DIRETORIA TECNICA;ASSIST.SOC.ASS-P.S.N.S.-CL.A;; ESTATUTARIO;6250,25;;6250,25;1295,61;4954,64;
MIRLEY SANDRO SILVA MORAES;DIRETORIA TECNICA;TEC.DE PAT.CLINICA-TPC-P.S.N.M.-A;; ESTATUTARIO;2548,03;;2548,03;286,72;2261,31;
MIRTES VALERIA DE OLIVEIRA MENDES;DIRETORIA TECNICA;ENFERMEIRO-ENF-P.S.N.S.-A;; ESTATUTARIO;6250,25;;6250,25;1243,48;5006,77;
MOISES ALBERTO ROJAS SOARES;DIRETORIA TECNICA;TEC.DE HEMOTERAP.-THE-P.S.N.M.-B;; ESTATUTARIO;2780,64;;2780,64;319,29;2461,35;
MONICA REGINA HOSANNAH DA S E SILVA;DIRETORIA TECNICA;MEDICO ESPECIALISTA;; ESTATUTARIO;7938,92;;7938,92;1889,26;6049,66;
MONIQUE BATISTA FERREIRA;DIRETORIA TECNICA;ENFERMEIRO-ENF-P.S.N.S.-A;; ESTATUTARIO;6250,25;;6250,25;1295,61;4954,64;
MURILO OLIVEIRA MIRANDA JUNIOR;DIRETORIA ADM. FINANCEIRO;ASSIST.ADMIN.-ASA-T.S.N.M.-A;; ESTATUTARIO;1732,96;;1732,96;242,61;1490,35;
MYUKI ALFAIA ESASHIKA CRISPIM;DIRETORIA TECNICA;FARMAC.BIOQ. -FAB-P.S.N.S.-A;DIR. ENSINO E PESQU.; ESTATUTARIO;19276,96;;19276,96;4901,55;14375,41;
NAAMY KEELY DA SILVA SIMAO;DIRETORIA TECNICA;FISIOTERAPEUTA-FIS-P.S.N.S.-A;; ESTATUTARIO;6250,25;;6250,25;1295,61;4954,64;
NADJA PINTO GARCIA;DIRETORIA TECNICA;FARMAC.BIOQ. -FAB-P.S.N.S.-A;; ESTATUTARIO;6250,25;;6250,25;1295,61;4954,64;
NEIDA ALEXANDRA DOS SANTOS MATIAS;DIRETORIA TECNICA;TEC. DE ENFERMAGEM-TEN-P.S.N.M.-A;TEC.ENFERMAGEM; ESTATUTARIO;2655,98;;2655,98;301,84;2354,14;
NEIDE TAVARES;DIRETORIA TECNICA;ENFERMEIRO-ENF-P.S.N.S.-B;; ESTATUTARIO;7201,56;;7201,56;1653,78;5547,78;
NELSON ABRAHIM FRAIJI;DIRETORIA TECNICA;MEDICO DOUTOR;DIRETOR CLINICO HOSP; ESTATUTARIO;20338,01;;20338,01;5710,24;14627,77;
NEUCIVANE LOPES FARIAS;DIRETORIA TECNICA;ENFERMEIRO-ENF-P.S.N.S.-A;; ESTATUTARIO;6250,25;;6250,25;1295,61;4954,64;
NEYLA PANTOJA NUNES DA SILVA;DIRETORIA TECNICA;TEC.DE PAT.CLINICA-TPC-P.S.N.M.-A;; ESTATUTARIO;2548,03;;2548,03;286,72;2261,31;
NILBERTO DIAS DE ARAUJO;DIRETORIA TECNICA;FARMAC.BIOQ. -FAB-P.S.N.S.-A;; ESTATUTARIO;6250,25;;6250,25;1295,61;4954,64;
NINA ROSA GONCALVES DA SILVA;DIRETORIA TECNICA;TEC.DE HEMOTERAP.-THE-P.S.N.M.-B;; ESTATUTARIO;2780,64;;2780,64;319,29;2461,35;
NIVIA FERREIRA FRANCA;DIRETORIA TECNICA;ASSIST.SOC.ASS-P.S.N.S.-CL.A;; ESTATUTARIO;6250,25;;6250,25;1295,61;4954,64;
NOEMY NASCIMENTO PRIANTE;DIRETORIA TECNICA;ASSIST.SOC.ASS-P.S.N.S.-CL.B;; ESTATUTARIO;7108,40;;7108,40;1566,57;5541,83;
ONEIDE FIGUEIREDO RAMIRES;DIRETORIA ADM. FINANCEIRO;AGENTE ADM.-AGA-T.S.N.A.-G;; ESTATUTARIO;2424,30;;2424,30;269,40;2154,90;
OSMARINA FONSECA LIMA;DIRETORIA TECNICA;TEC. DE HEMOTERAP.-THE-P.S.N.M.-D;; ESTATUTARIO;2582,21;;2582,21;50,87;2531,34;
PATRICIA MAROTTO HOMRICH;DIRETORIA TECNICA;FISIOTERAPEUTA-FIS-P.S.N.S.-A;; ESTATUTARIO;6250,25;;6250,25;1295,61;4954,64;
PATRICIA SANTOS ALENCAR;DIRETORIA ADM. FINANCEIRO;AGENTE ADM.-AGA-T.S.N.A.-E;; ESTATUTARIO;2114,79;;2114,79;226,07;1888,72;
PATRICIA TENORIO DE SOUZA ALMEIDA;DIRETORIA ADM. FINANCEIRO;RECEPCIONISTA-REC-T.S.N.A.-E;; ESTATUTARIO;2114,79;;2114,79;226,07;1888,72;
PAULA FRANCINETE PEREIRA DE SOUZA;DIRETORIA TECNICA;TEC.DE HEMOTERAP.-THE-P.S.N.M.-A;; ESTATUTARIO;2155,98;;2155,98;301,84;1854,14;
PAULA FRANCINETE PEREIRA DE SOUZA;DIRETORIA TECNICA;TEC.DE HEMOTERAP.-THE-P.S.N.M.-A;; ESTATUTARIO;2548,03;;2548,03;286,72;2261,31;
PAULA REGINA KIMURA QUEIROZ;DIRETORIA TECNICA;AUX.DE ENFERM.-AEF-P.S.N.A.-D;; ESTATUTARIO;2586,00;;2586,00;292,04;2293,96;
PAULO HENRIQUE DE SOUZA SOARES;DIRETORIA ADM. FINANCEIRO;OPER.MAN.E APOIO-OMA-T.S.N.A-A;SUBGERENTE; ESTATUTARIO;5101,40;;5101,40;572,94;4528,46;
PAULO JOSE RIBEIRO DOS SANTOS;DIRETORIA ADM. FINANCEIRO;ASSIST.ADMIN.-ASA-T.S.N.M.-A;; ESTATUTARIO;2232,96;;2232,96;242,61;1990,35;
PAULO RICARDO CASTRO DA SILVA;DIRETORIA ADM. FINANCEIRO;ASSIST.ADMIN.-ASA-T.S.N.M.-A;; ESTATUTARIO;2232,96;;2232,96;242,61;1990,35;
PAULO ROBERTO SANTOS DA SILVA;DIRETORIA ADM. FINANCEIRO;MOTORISTA-MOT-T.S.N.A.-A;; ESTATUTARIO;2345,64;;2345,64;258,39;2087,25;
PEDRO BERNARDES SOUSA;DIRETORIA ADM. FINANCEIRO;OPER.MAN.E APOIO-OMA-T.S.N.A-A;; ESTATUTARIO;2101,40;;2101,40;224,20;1877,20;
PEDRO DA SILVA MELO;DIRETORIA TECNICA;TEC.DE HEMOTERAP.-THE-P.S.N.M.-A;TEC HEMOTERAPIA; ESTATUTARIO;2600,82;;2600,82;294,11;2306,71;
PRISCILA BELO PRAIA;DIRETORIA ADM. FINANCEIRO;AGENTE ADM.-AGA-T.S.N.A.-E;; ESTATUTARIO;2159,52;;2159,52;232,33;1927,19;
QUEREN ANDRESSA TEIXEIRA DA SILVA;DIRETORIA ADM. FINANCEIRO;AGENTE ADM.-AGA-T.S.N.A.-E;; ESTATUTARIO;2114,79;;2114,79;226,07;1888,72;
RAICA GRACIELE DE SOUSA CARDOSO;DIRETORIA TECNICA;ENFERMEIRO-ENF-P.S.N.S.-A;; ESTATUTARIO;6250,25;;6250,25;1295,61;4954,64;
RAIMUNDA LELIS DE OLIVEIRA;DIRETORIA TECNICA;TEC. DE HEMOTERAP.-THE-P.S.N.M.-C;; ESTATUTARIO;2914,20;;2914,20;350,91;2563,29;
RAIMUNDO LUIZ MASCARENHAS GARCIA;DIRETORIA TECNICA;TEC.DE PAT.CLINICA-TPC-P.S.N.M.-A;; ESTATUTARIO;2548,03;;2548,03;286,72;2261,31;
RAIMUNDO NONATO ALMEIDA DA SILVA;DIRETORIA TECNICA;TEC.DE PAT.CLINICA-TPC-P.S.N.M.-A;TEC.PAT.CLINICA; ESTATUTARIO;2548,03;;2548,03;286,72;2261,31;
RAIMUNDO NONATO DIOGO CARDOSO;DIRETORIA ADM. FINANCEIRO;OPER.MAN.E APOIO-OMA-T.S.N.A-A;; ESTATUTARIO;2101,40;;2101,40;224,20;1877,20;
RALF NASCIMENTO MATOS;DIRETORIA TECNICA;TEC.DE HEMOTERAP.-THE-P.S.N.M.-A;; ESTATUTARIO;2548,03;;2548,03;286,72;2261,31;
RAYMUNDO SANDOVAL F AMAZONAS;DIRETORIA TECNICA;MEDICO GRADUADO;; ESTATUTARIO;9112,25;;9112,25;2122,64;6989,61;
RECHFY KASEM ABOU ALI;DIRETORIA TECNICA;TEC.DE HEMOTERAP.-THE-P.S.N.M.-A;; ESTATUTARIO;2548,03;;2548,03;286,72;2261,31;
REGIA MARIA DE OLIVEIRA COELHO;DIRETORIA TECNICA;AUX.DE ENFERM.-AEF-P.S.N.A.-B;; ESTATUTARIO;2436,30;;2436,30;271,08;2165,22;
REGINA NEVES NORMANDO;DIRETORIA TECNICA;TEC.DE PAT.CLINICA-TPC-P.S.N.M.-C;; ESTATUTARIO;2914,20;;2914,20;350,91;2563,29;
REGINALDO FERREIRA DOS REIS;DIRETORIA ADM. FINANCEIRO;MOTORISTA-MOT-T.S.N.A.-A;; ESTATUTARIO;2345,64;;2345,64;258,39;2087,25;
REGINALDO GOMES PEREIRA;DIRETORIA ADM. FINANCEIRO;ASSIST.ADMIN.-ASA-T.S.N.M.-A;; ESTATUTARIO;2232,96;;2232,96;242,61;1990,35;
REJANE NINA MARTINS;DIRETORIA TECNICA;MEDICO ESPECIALISTA;; ESTATUTARIO;7938,92;;7938,92;1889,26;6049,66;
RENATA DE ALMEIDA LEMOS AGUIAR;DIRETORIA TECNICA;MEDICO ESPECIALISTA;; ESTATUTARIO;10418,56;;10418,56;2571,16;7847,40;
RENATA FEITOSA DE OLIVEIRA;DIRETORIA TECNICA;FARMACEUTICO-FAR-P.S.N.S.-A;; ESTATUTARIO;6250,25;;6250,25;1295,61;4954,64;
RENATO GIROTTO NOREMBERG;DIRETORIA ADM. FINANCEIRO;MOTORISTA-MOT-T.S.N.A.-A;; ESTATUTARIO;2345,64;;2345,64;258,39;2087,25;
RENATO MARQUES LESSA;DIRETORIA ADM. FINANCEIRO;ANALISTA DE SIST.- ANS-T.S.N.S.-A;CHEFE DE DEPARTAMENT; ESTATUTARIO;9832,39;;9832,39;2136,78;7695,61;
RICARDO DE OLIVEIRA;DIRETORIA ADM. FINANCEIRO;MOTORISTA-MOT-T.S.N.A.-A;; ESTATUTARIO;2345,64;;2345,64;258,39;2087,25;
RIVANA ARAUJO DE PINHO ARANTES;DIRETORIA TECNICA;TEC. DE ENFERMAGEM-TEN-P.S.N.M.-A;TEC.ENFERMAGEM; ESTATUTARIO;2548,03;;2548,03;286,72;2261,31;
ROANA CRISTINA SERRAO BATISTA;DIRETORIA ADM. FINANCEIRO;ASSIST.ADMIN.-ASA-T.S.N.M.-A;; ESTATUTARIO;2232,96;;2232,96;242,61;1990,35;
ROBSON ROMEU CARVALHO DE SOUZA;DIRETORIA TECNICA;TEC.DE HEMOTERAP.-THE-P.S.N.M.-A;; ESTATUTARIO;2548,03;;2548,03;286,72;2261,31;
ROCILENE DE FREITAS ALBUQUERQUE;DIRETORIA TECNICA;TEC.DE PAT.CLINICA-TPC-P.S.N.M.-A;; ESTATUTARIO;2548,03;;2548,03;286,72;2261,31;
RODRIGO DE SOUZA LEITAO;DIRETORIA TECNICA;MEDICO MESTRE;DIRETOR TECNICO HEMO; ESTATUTARIO;17801,37;;17801,37;4771,55;13029,82;
RODRIGO DE SOUZA LEITAO;DIRETORIA TECNICA;MEDICO ESPECIALISTA;; ESTATUTARIO;7438,92;;7438,92;1889,26;5549,66;
ROSANA BENTES BARBOSA VASCONCELOS;DIRETORIA TECNICA;TEC.DE HEMOTERAP.-THE-P.S.N.M.-A;; ESTATUTARIO;2548,03;;2548,03;286,72;2261,31;
ROSANE FRANCISCA CRUZ LOPES;DIRETORIA ADM. FINANCEIRO;AGENTE ADM.-AGA-T.S.N.A.-H;; ESTATUTARIO;2803,90;;2803,90;271,42;2532,48;
ROSANGELA DE CASTRO SILVA;DIRETORIA TECNICA;GERENTE;; CARGO COMISSION.S/VINCULO;4593,27;;4593,27;679,37;3913,90;
ROSANGELA SANTOS DE ABREU;DIRETORIA TECNICA;MEDICO ESPECIALISTA;; ESTATUTARIO;8966,96;;8966,96;2272,37;6694,59;
ROSANNE MELO DA ROCHA;DIRETORIA TECNICA;ENFERMEIRO-ENF-P.S.N.S.-A;; ESTATUTARIO;7192,29;;7192,29;1637,10;5555,19;
ROSEMARY RIBEIRO MATTA DE CASTRO;DIRETORIA TECNICA;TEC.DE HEMOTERAP.-THE-P.S.N.M.-A;TEC HEMOTER; ESTATUTARIO;2655,98;;2655,98;301,84;2354,14;
ROSILANE MIRANDA DA SILVA MARCHIOLI;DIRETORIA TECNICA;TEC. DE ENFERMAGEM-TEN-P.S.N.M.-A;; ESTATUTARIO;2660,67;;2660,67;286,72;2373,95;
ROSILENE MARINHO DE SOUZA;DIRETORIA TECNICA;TEC.DE PAT.CLINICA-TPC-P.S.N.M.-A;SUBGERENTE-AD3; ESTATUTARIO;2548,03;;2548,03;286,72;2261,31;
ROSILENE SANTOS DO VALE;DIRETORIA TECNICA;TEC. DE ENFERMAGEM-TEN-P.S.N.M.-A;; ESTATUTARIO;2618,43;;2618,43;286,72;2331,71;
ROZILENE DIAS NORONHA;DIRETORIA TECNICA;TEC.DE HEMOTERAP.-THE-P.S.N.M.-A;; ESTATUTARIO;2548,03;;2548,03;286,72;2261,31;
RUBENITA DA SILVA COSTA;DIRETORIA ADM. FINANCEIRO;GERENTE;NAO INFORMADO; CARGO COMISSION.S/VINCULO;4593,27;;4593,27;679,37;3913,90;
RUTH HELENA PERDIZ WATANABE;DIRETORIA TECNICA;MEDICO ESPECIALISTA;; ESTATUTARIO;8679,73;;8679,73;2166,47;6513,26;
SAMANTHA MEDINA DE OLIVEIRA SILVA;DIRETORIA TECNICA;MEDICO GRADUADO;; ESTATUTARIO;6959,19;;6959,19;1530,55;5428,64;
SANDRA MARIA BATISTA FEITOZA;DIRETORIA TECNICA;TEC.DE HEMOTERAP.-THE-P.S.N.M.-A;; ESTATUTARIO;2548,03;;2548,03;286,72;2261,31;
SANDRA MARIA DE ALMEIDA ASSIS;DIRETORIA TECNICA;TEC. DE HEMOTERAP.-THE-P.S.N.M.-D;; ESTATUTARIO;2367,56;;2367,56;331,46;2036,10;
SARAH ABRAHIM MIRANDA;DIRETORIA TECNICA;MEDICO ESPECIALISTA;; ESTATUTARIO;7938,92;;7938,92;1889,26;6049,66;
SAULO THIAGO SANTANA PINHEIRO;DIRETORIA ADM. FINANCEIRO;ASSIST.ADMIN.-ASA-T.S.N.M.-A;; ESTATUTARIO;2232,96;;2232,96;242,61;1990,35;
SEBASTIANA ASSEF DA SILVA;DIRETORIA TECNICA;TEC.DE PAT.CLINICA-TPC-P.S.N.M.-A;; ESTATUTARIO;2548,03;;2548,03;286,72;2261,31;
SEBASTIAO LUIS QUEIROZ RIBEIRO;DIRETORIA ADM. FINANCEIRO;MOTORISTA-MOT-T.S.N.A.-C;; ESTATUTARIO;2710,10;;2710,10;309,41;2400,69;
SERGIO ROBERTO LOPES ALBUQUERQUE;DIRETORIA TECNICA;FARMAC.BIOQ. -FAB-P.S.N.S.-C;SUBGERENTE AD-3; ESTATUTARIO;7087,86;;7087,86;1799,22;5288,64;
SERGIO ROBERTO LOPES ALBUQUERQUE;DIRETORIA TECNICA;FARMAC.BIOQ. -FAB-P.S.N.S.-A;FARM BIOQUIMICO; ESTATUTARIO;6943,05;;6943,05;1556,45;5386,60;
SHEILA MARIA SAMPAIO DA SILVA;DIRETORIA TECNICA;TEC.DE PAT.CLINICA-TPC-P.S.N.M.-A;; ESTATUTARIO;2548,03;;2548,03;286,72;2261,31;
SHELSA LIDICE LIMA DE ARAUJO;DIRETORIA TECNICA;TECNICO DE ENFERMAGEM A;; SERVICO TEMPORARIO;2548,03;;2548,03;223,15;2324,88;
SIDNEY DA COSTA TINOCO;DIRETORIA ADM. FINANCEIRO;AGENTE ADM.-AGA-T.S.N.A.-E;AGENTE ADMINISTRAT.; ESTATUTARIO;2159,52;;2159,52;232,33;1927,19;
SILENE MARTINS LIMA;DIRETORIA TECNICA;TEC. DE HEMOTERAP.-THE-P.S.N.M.-D;; ESTATUTARIO;3333,78;;3333,78;391,64;2942,14;
SILVANA MORAES DA SILVA;DIRETORIA TECNICA;TEC.DE HEMOTERAP.-THE-P.S.N.M.-A;TEC.DE HEMOTERAPIA; ESTATUTARIO;2590,27;;2590,27;286,72;2303,55;
SIRLEIDE SILVA DE SOUZA;DIRETORIA ADM. FINANCEIRO;RECEPCIONISTA-REC-T.S.N.A.-E;; ESTATUTARIO;2114,79;;2114,79;226,07;1888,72;
SOCORRO ALMEIDA DOS SANTOS;DIRETORIA TECNICA;TEC. DE HEMOTERAP.-THE-P.S.N.M.-D;GERENTE; ESTATUTARIO;6931,86;;6931,86;1094,10;5837,76;
SOLANGE LUNIERES CABRAL;DIRETORIA ADM. FINANCEIRO;AGENTE ADM.-AGA-T.S.N.A.-G;; ESTATUTARIO;2693,70;;2693,70;269,40;2424,30;
SOLANGE SALES ALBUQUERQUE DE BARROS;DIRETORIA TECNICA;ENFERMEIRO-ENF-P.S.N.S.-A;; ESTATUTARIO;6250,25;;6250,25;1295,61;4954,64;
SONIA CORDEIRO CAMPELLO;DIRETORIA TECNICA;TEC. DE HEMOTERAP.-THE-P.S.N.M.-C;; ESTATUTARIO;3609,81;;3609,81;392,48;3217,33;
SONIA REJANE DE SENNA FRANTZ;DIRETORIA TECNICA;ENFERMEIRO-ENF-P.S.N.S.-A;; ESTATUTARIO;6250,25;;6250,25;1295,61;4954,64;
SORAIA DA COSTA SOUZA;DIRETORIA TECNICA;TEC. DE ENFERMAGEM-TEN-P.S.N.M.-A;TEC. DE ENFERMAGEM; ESTATUTARIO;2600,82;;2600,82;294,11;2306,71;
STEPHANIE ILZA DE OLIVEIRA FEITOZA;DIRETORIA ADM. FINANCEIRO;RECEPCIONISTA-REC-T.S.N.A.-E;; ESTATUTARIO;2653,05;;2653,05;226,07;2426,98;
SUANE REGINA BALBINO FERREIRA;DIRETORIA ADM. FINANCEIRO;AGENTE ADM.-AGA-T.S.N.A.-G;; ESTATUTARIO;1924,30;;1924,30;269,40;1654,90;
SUENIA MENDONCA DE ARAUJO;DIRETORIA TECNICA;MEDICO ESPECIALISTA;GERENTE; ESTATUTARIO;12679,73;;12679,73;3266,47;9413,26;
SUZETE CAMURCA NOBRE;DIRETORIA ADM. FINANCEIRO;SOCIOLOGO-SOC-T.S.N.S.-A;SUBGERENTE; ESTATUTARIO;7832,39;;7832,39;1586,78;6245,61;
SUZIE ELAINE HELCIAS PINHEIRO GOMES;DIRETORIA TECNICA;TEC.DE HEMOTERAP.-THE-P.S.N.M.-A;; ESTATUTARIO;2646,59;;2646,59;286,72;2359,87;
Thais Ditolvo da Costa Salina;DIRETORIA TECNICA;MEDICO ESPECIALISTA;; ESTATUTARIO;7938,92;;7938,92;1889,26;6049,66;
TALYTA MAIARA OLIVEIRA DE SOUZA;DIRETORIA ADM. FINANCEIRO;GERENTE;NAO INFORMADO; CARGO COMISSION.S/VINCULO;4593,27;;4593,27;679,37;3913,90;
TATIANA DE FREITAS LOPES;DIRETORIA TECNICA;ASSESSOR I;ASSESSOR I AD-1; CARGO COMISSION.S/VINCULO;5600,30;;5600,30;1003,81;4596,49;
TATIANA DE MELO LIMA;DIRETORIA TECNICA;TEC.DE PAT.CLINICA-TPC-P.S.N.M.-A;; ESTATUTARIO;2548,03;;2548,03;286,72;2261,31;
TATIANA MENEZES DE SOUZA;DIRETORIA TECNICA;TEC. DE ENFERMAGEM-TEN-P.S.N.M.-A;; ESTATUTARIO;2667,71;;2667,71;286,72;2380,99;
TATIANE AMABILE DE LIMA;DIRETORIA TECNICA;FARMAC.BIOQ. -FAB-P.S.N.S.-A;GERENTE; ESTATUTARIO;10250,25;;10250,25;2395,61;7854,64;
TATIANY DE VASCONCELOS CUNHA;DIRETORIA TECNICA;TEC. DE ENFERMAGEM-TEN-P.S.N.M.-A;; ESTATUTARIO;3230,71;;3230,71;327,22;2903,49;
TAYCIARA MAIA COSTA;DIRETORIA TECNICA;ENFERMEIRO-ENF-P.S.N.S.-A;GERENTE; ESTATUTARIO;9750,25;;9750,25;2395,61;7354,64;
TEREZA JACQUELINE COSTA CORTEZ;DIRETORIA TECNICA;TEC. DE HEMOTERAP.-THE-P.S.N.M.-C;; ESTATUTARIO;2797,74;;2797,74;321,68;2476,06;
THAIS LORENA NUNES DA CUNHA;DIRETORIA ADM. FINANCEIRO;ADVOGADO-ADV-T.S.N.S.-A;; ESTATUTARIO;4832,39;;4832,39;810,61;4021,78;
THAISA MACEDO NASCIMENTO;DIRETORIA ADM. FINANCEIRO;BIBLIOTECARIO-BIB-T.S.N.S.-A;; ESTATUTARIO;4832,39;;4832,39;810,61;4021,78;
THEOMARIO THEOTONIO AZEVEDO DA CRUZ;DIRETORIA TECNICA;TEC.DE HEMOTERAP.-THE-P.S.N.M.-A;SUBGERENTE; ESTATUTARIO;5548,03;;5548,03;726,72;4821,31;
TOMOMI IWAMOTO;DIRETORIA TECNICA;FISIOTERAPEUTA-FIS-P.S.N.S.-A;; ESTATUTARIO;6250,25;;6250,25;1295,61;4954,64;
VAMILZA DE FONTES OLIVEIRA CORDEIRO;DIRETORIA ADM. FINANCEIRO;TECNICO-TEC-T.S.N.S.-A;; ESTATUTARIO;4832,39;;4832,39;810,61;4021,78;
VANDA SANTANA QUEIROZ DINI;DIRETORIA TECNICA;FARMAC.BIOQ. -FAB-P.S.N.S.-A;; ESTATUTARIO;6250,25;;6250,25;1295,61;4954,64;
VANDER SILVA SOUZA;DIRETORIA TECNICA;TEC.DE PAT.CLINICA-TPC-P.S.N.M.-A;TEC.DE PATOL.CLINICA; ESTATUTARIO;2548,03;;2548,03;286,72;2261,31;
VANDERLITA ALVES CIRINO;DIRETORIA TECNICA;FARMAC.BIOQ. -FAB-P.S.N.S.-A;FARMAC.BIOQUIMICA; ESTATUTARIO;6777,63;;6777,63;1494,17;5283,46;
VANIA DE FREITAS MORAES FURTADO;DIRETORIA TECNICA;TEC.DE HEMOTERAP.-THE-P.S.N.M.-A;; ESTATUTARIO;2732,78;;2732,78;301,84;2430,94;
VERA LUCIA CALDERARO CABRAL;DIRETORIA ADM. FINANCEIRO;AGENTE ADM.-AGA-T.S.N.A.-H;ASSESSOR IV; ESTATUTARIO;2710,16;;2710,16;271,42;2438,74;
VERA LUCIA NOVELLETO;DIRETORIA TECNICA;NUTRICIONISTA-NUT-P.S.N.S.-A;; ESTATUTARIO;6250,25;;6250,25;1295,61;4954,64;
VERANILDE CUNHA VIEGAS;DIRETORIA ADM. FINANCEIRO;TECNICO-TEC-T.S.N.S.-A;; ESTATUTARIO;4832,39;;4832,39;810,61;4021,78;
VIVIANA MARIA ARAUJO DE OLIVEIRA;DIRETORIA TECNICA;FARMAC.BIOQ. -FAB-P.S.N.S.-A;GERENTE; ESTATUTARIO;10801,65;;10801,65;2603,21;8198,44;
VIVIANE RODRIGUES DUTRA;DIRETORIA TECNICA;AUXILIAR DE ENFERMAGEM A;; ESTATUTARIO;2239,25;;2239,25;243,50;1995,75;
WALESKA EMANUELLE PIRES AIKAWA;DIRETORIA TECNICA;ENFERMEIRO-ENF-P.S.N.S.-A;; ESTATUTARIO;6460,25;;6460,25;1353,36;5106,89;
WALLY VICTORIA FABIENNE K A SPOSINA;DIRETORIA TECNICA;FARMAC.BIOQ. -FAB-P.S.N.S.-A;FARMACEUTICA BIOQ.; ESTATUTARIO;7003,79;;7003,79;1579,32;5424,47;
WALMIZA SALGADO DA FONSECA;DIRETORIA TECNICA;TEC. DE ENFERMAGEM-TEN-P.S.N.M.-A;; ESTATUTARIO;2600,82;;2600,82;294,11;2306,71;
WALMIZE LEITE DE SOUSA;DIRETORIA TECNICA;TEC. DE ENFERMAGEM-TEN-P.S.N.M.-A;TEC. DE ENFERMAGEM; ESTATUTARIO;2611,39;;2611,39;275,70;2335,69;
WANDERLAN KUITZINGER LIMA;DIRETORIA ADM. FINANCEIRO;AGENTE ADM.-AGA-T.S.N.A.-G;; ESTATUTARIO;2409,99;;2409,99;267,40;2142,59;
WANDERLEIA RIBEIRO DOS SANTOS;DIRETORIA TECNICA;ASSIST.SOC.ASS-P.S.N.S.-CL.A;; ESTATUTARIO;6277,63;;6277,63;1494,17;4783,46;
WANDERLEIA RIBEIRO DOS SANTOS;DIRETORIA ADM. FINANCEIRO;ASSIST.SOC.ASS-P.S.N.S.-CL.A;; ESTATUTARIO;6250,25;;6250,25;1295,61;4954,64;
WANJA SOCORRO DE SOUSA DIAS LEAL;DIRETORIA TECNICA;ASSIST.SOC.ASS-P.S.N.S.-CL.A;; ESTATUTARIO;6250,25;;6250,25;1295,61;4954,64;
WELLINGTON DE SOUZA PEREIRA;DIRETORIA TECNICA;TEC.DE HEMOTERAP.-THE-P.S.N.M.-A;; ESTATUTARIO;2548,03;;2548,03;286,72;2261,31;
WILDEMI DA SILVA SERRA;DIRETORIA ADM. FINANCEIRO;MOTORISTA-MOT-T.S.N.A.-A;; ESTATUTARIO;2345,64;;2345,64;258,39;2087,25;
WILLIAM BREMGARTNER BELLEZA;DIRETORIA ADM. FINANCEIRO;BACHAREL EM COMP.-BQO-T.S.N.S.-A;; ESTATUTARIO;4832,39;;4832,39;810,61;4021,78;
WILSON COSTA DE SOUSA;DIRETORIA TECNICA;TEC.DE HEMOTERAP.-THE-P.S.N.M.-B;; ESTATUTARIO;2930,08;;2930,08;316,92;2613,16;
WILSON ROQUE DA SILVA;DIRETORIA ADM. FINANCEIRO;ARTIFICE A;; ESTATUTARIO;2101,40;;2101,40;224,20;1877,20;
Yuri Nicolau Bandeira;DIRETORIA ADM. FINANCEIRO;ASSIST.ADMIN.-ASA-T.S.N.M.-A;; ESTATUTARIO;2232,96;;2232,96;242,61;1990,35;
ZULEIDE MARTINS DE MELO;DIRETORIA ADM. FINANCEIRO;AUX.DE SERV.GER.-ASG-T.S.N.A.-B;; ESTATUTARIO;2530,17;;2530,17;249,32;2280,85;
