NOME;LOTACAO;CARGO;FUNCAO;VINCULO;REMUNERACAO LEGAL TOTAL(R$);DESC.TETO(R$); REMUNERACAO LEGAL DEVIDA(R$);DESCONTOS LEGAIS(R$);LIQUIDO DISPONIVEL(R$);
ADRIANO LUIZ ARAUJO CARDOSO;PRESIDENCIA;A.TEC-III;CHEFE DE DEPTO. AD-1; ESTATUTARIO;5771,54;;5771,54;854,93;4916,61;
ALICIA DAIANA OLIVEIRA BENTES;PRESIDENCIA;GERENTE;NAO INFORMADO; CARGO COMISSION.S/VINCULO;5613,05;;5613,05;1136,13;4476,92;
ANA CLAUDIA SANTANA DA COSTA;PRESIDENCIA;GERENTE;NAO INFORMADO; CARGO COMISSION.S/VINCULO;4209,79;;4209,79;652,57;3557,22;
EDENILSON ALVES DE SOUZA;PRESIDENCIA;MOT-III;; ESTATUTARIO;3680,46;;3680,46;157,54;3522,92;
EDIRLEY DE SOUZA SALES;PRESIDENCIA;ASSESSOR III;NAO INFORMADO; CARGO COMISSION.S/VINCULO;3191,80;;3191,80;379,31;2812,49;
FELIPE MATTOS DE ARAUJO LIMA;PRESIDENCIA;GERENTE;GERENTE AD2; CARGO COMISSION.S/VINCULO;4209,79;;4209,79;652,57;3557,22;
FRANCIENE PESSOA DE ALMEIDA;PRESIDENCIA;GERENTE;NAO INFORMADO; CARGO COMISSION.S/VINCULO;4209,79;;4209,79;652,57;3557,22;
FRANCISCO BERNARDINO DOS SANTOS;PRESIDENCIA;VIGIA;VIGIA; ESTATUTARIO;2288,59;;2288,59;177,00;2111,59;
GUSTAVO AMORIM CORREA;PRESIDENCIA;PROCURADOR CHEFE;NAO INFORMADO; CARGO COMISSION.S/VINCULO;5229,77;;5229,77;992,73;4237,04;
JAILDO JACKSON DO AMARAL MOREIRA;PRESIDENCIA;GERENTE;NAO INFORMADO; CARGO COMISSION.S/VINCULO;4209,79;;4209,79;652,57;3557,22;
JAQUELINE LUIZA SEBBEN;PRESIDENCIA;GERENTE;NAO INFORMADO; CARGO COMISSION.S/VINCULO;4209,79;;4209,79;652,57;3557,22;
JESSIKA JAQUELINE DE AQUINO BEZERRA;PRESIDENCIA;GERENTE;NAO INFORMADO; CARGO COMISSION.S/VINCULO;4209,79;;4209,79;652,57;3557,22;
JEU LINHARES BENTES;PRESIDENCIA;ASSISTENTE TECNICO 3A CLASSE;; ESTATUTARIO;3857,05;;3857,05;447,57;3409,48;
JORDAN ALBUQUERQUE SIMONETTI MELO;PRESIDENCIA;GERENTE;NAO INFORMADO; CARGO COMISSION.S/VINCULO;4209,79;;4209,79;652,57;3557,22;
JOSE ITAMAR DE SOUTO;PRESIDENCIA;DIRETOR TECNICO;NAO INFORMADO; CARGO COMISSION.S/VINCULO;9000,00;;9000,00;2150,82;6849,18;
LUIZ EDUARDO SILVA DE SOUZA;PRESIDENCIA;GERENTE;NAO INFORMADO; CARGO COMISSION.S/VINCULO;4209,79;;4209,79;652,57;3557,22;
LUIZ GRACIO FONSECA;PRESIDENCIA;A.TEC-III;; ESTATUTARIO;3593,74;;3593,74;408,07;3185,67;
LUIZA PINHEIRO RODRIGUES;PRESIDENCIA;ASSESSOR III;NAO INFORMADO; CARGO COMISSION.S/VINCULO;3191,80;;3191,80;379,31;2812,49;
MANOEL DE OLIVEIRA CORREA;PRESIDENCIA;AUX.S.G-III;; ESTATUTARIO;2163,81;;2163,81;162,02;2001,79;
MARCIA INES PESSOA RODRIGUES;PRESIDENCIA;GERENTE;NAO INFORMADO; CARGO COMISSION.S/VINCULO;4209,79;;4209,79;652,57;3557,22;
MARCIO ANDRE OLIVEIRA BRITO;PRESIDENCIA;DIRETOR PRESIDENTE;NAO INFORMADO; CARGO COMISSION.S/VINCULO;11700,00;;11700,00;2893,32;8806,68;
MARCO ANTONIO BATISTA;PRESIDENCIA;A.TEC-III;; ESTATUTARIO;3601,82;;3601,82;353,37;3248,45;
MARIA AUXILIADORA FIGUEIREDO SILVA;PRESIDENCIA;AUX.S.G-III;; ESTATUTARIO;3461,81;;3461,81;224,05;3237,76;
MARIA LINDINALVA DE FRANCA PEREIRA;PRESIDENCIA;ASSESSOR I;NAO INFORMADO; CARGO COMISSION.S/VINCULO;5229,77;;5229,77;992,73;4237,04;
MYSIA OLIVEIRA DE PAULA;PRESIDENCIA;TNS-III;CH PROC JURIDICA; ESTATUTARIO;4497,42;;4497,42;677,51;3819,91;
OSWALDO WANDERLEY DA SILVA NETO;PRESIDENCIA;TNS-III;OUVIDOR AD-1; ESTATUTARIO;11388,62;;11388,62;2962,98;8425,64;
RAIMUNDO DE AMORIM F S FILHO;PRESIDENCIA;CHEFE DE PROCURADORIA JURIDICA;NAO INFORMADO; CARGO COMISSION.S/VINCULO;5229,77;;5229,77;992,73;4237,04;
RAIMUNDO NONATO SOUTELO DA SILVA;PRESIDENCIA;VIGIA-III;; ESTATUTARIO;2180,61;;2180,61;162,02;2018,59;
RENATO MARINHO BEZERRA JUNIOR;PRESIDENCIA;DIRETOR ADMINISTRATIVO E FINANCEIRO;; CARGO COMISSION.S/VINCULO;9000,00;;9000,00;2150,82;6849,18;
ROBERTO CARLOS NOGUEIRA NUNES;PRESIDENCIA;GERENTE;NAO INFORMADO; CARGO COMISSION.S/VINCULO;4209,79;;4209,79;652,57;3557,22;
SELMA CARVALHO ZANIRATO MAIA;PRESIDENCIA;CHEFE DE GABINETE;CHEFE DE GAB.AD-1; CARGO COMISSION.S/VINCULO;5229,77;;5229,77;992,73;4237,04;
SILVESTRE CABRAL ABRANTES;PRESIDENCIA;AUX.S.G-III;AUXILIAR SERV GERAIS; ESTATUTARIO;2188,09;;2188,09;165,42;2022,67;
WANESSA PEREIRA SETTE;PRESIDENCIA;CHEFE DE DEPARTAMENTO;NAO INFORMADO; CARGO COMISSION.S/VINCULO;5229,77;;5229,77;992,73;4237,04;
