NOME;LOTACAO;CARGO;FUNCAO;VINCULO;REMUNERACAO LEGAL TOTAL(R$);DESC.TETO(R$); REMUNERACAO LEGAL DEVIDA(R$);DESCONTOS LEGAIS(R$);LIQUIDO DISPONIVEL(R$);
ÁTRIO CHAGAS DE SOUZA;CARAUARI;ASSESSOR II;NAO INFORMADO; CARGO COMISSION.S/VINCULO;4709,79;;4709,79;652,57;4057,22;
ADALBERTO RODRIGUES LIRA GOMES;AUTAZES;ENG-III;; ESTATUTARIO;7870,95;;7870,95;1824,60;6046,35;
ADEMIR CAPRA;MANACAPURU;MOTORISTA;; ESTATUTARIO;3771,09;;3771,09;465,62;3305,47;
ADEMIR VIANA BENTES;MAUES;TECNICO EM AGROPECUARIA;; ESTATUTARIO;5496,57;;5496,57;890,66;4605,91;
ADERALDO CRAVEIRO MACIEL;TABATINGA;MOTORISTA;; ESTATUTARIO;3827,07;;3827,07;395,79;3431,28;
ADEVALDO ANTONIO CAMPINAS SANTOS;ALVARAES;TECNICO EM AGROPECUARIA;; ESTATUTARIO;6899,58;;6899,58;1215,80;5683,78;
ADILSON ALVES DA CRUZ;COARI;GERENTE;NAO INFORMADO; CARGO COMISSION.S/VINCULO;4709,79;;4709,79;652,57;4057,22;
ADOMILTON MONTEFUSCO LIMA;NOVO AIRAO;TECNICO EM AGROPECUARIA;; ESTATUTARIO;5496,57;;5496,57;933,32;4563,25;
ADRIANA ALVES MACHADO GRACA;BORBA;TECNICO EM AGROPECUARIA;; ESTATUTARIO;5496,57;;5496,57;848,00;4648,57;
ADRIANE DE MELO FORO;DEPATO.DE ASSIST.TEC.EXT.RURAL;ENG-III;; ESTATUTARIO;7070,95;;7070,95;1604,60;5466,35;
ADRIANILSON GOES DE SOUZA;PARINTINS;ENGENHEIRO AGRONOMO;; ESTATUTARIO;9968,30;;9968,30;2592,04;7376,26;
ADRIANO CUNHA TRIGUEIRO;DEPTO.DE OPERACOES TECNICAS;ASSESSOR I;NAO INFORMADO; CARGO COMISSION.S/VINCULO;5729,77;;5729,77;992,73;4737,04;
AFRANIO CONCEICAO DA SILVA;BARREIRINHA;TECNICO EM AGROPECUARIA;; ESTATUTARIO;5496,57;;5496,57;975,98;4520,59;
AGLEI DUQUES MACIEL;DEPTO.DE OPERACOES TECNICAS;T.AG-III;; ESTATUTARIO;5119,20;;5119,20;800,17;4319,03;
AGUINALDO RODRIGUES DA SILVA FILHO;BORBA;GERENTE;NAO INFORMADO; CARGO COMISSION.S/VINCULO;4709,79;;4709,79;622,77;4087,02;
ALANE LEMOS FERNANDES;ENVIRA;T.AG-III;; ESTATUTARIO;4942,57;;4942,57;791,22;4151,35;
ALBERTO ALVES EDWARDS;CODAJAS;TECNICO EM AGROPECUARIA;; ESTATUTARIO;5887,73;;5887,73;1041,19;4846,54;
ALBERTO ELIFIO DANTAS PACHECO;MARAA;T.AG-III;; ESTATUTARIO;4942,57;;4942,57;791,22;4151,35;
ALDAIR SILVA OLIVEIRA;PRESIDENTE FIGUEIREDO;TECNICO EM AGROPECUARIA;; ESTATUTARIO;5202,86;;5202,86;878,02;4324,84;
ALDENIR SILVA DE ARAUJO;MANACAPURU;ASSISTENTE TECNICO;; ESTATUTARIO;5180,59;;5180,59;811,31;4369,28;
ALDIZIO DE SOUZA LIMEIRA;HUMAITA;MOTORISTA;; ESTATUTARIO;4872,24;;4872,24;467,80;4404,44;
ALECIO CARLOS SCHROEDER;VILA EXTREMA - LABREA;T.AG-III;; ESTATUTARIO;4942,57;;4942,57;791,22;4151,35;
ALFREDO DA SILVA PINHEIRO;DEPATO.DE ASSIST.TEC.EXT.RURAL;ENGENHEIRO AGRONOMO;CHEFE DE DEPARTAMENT; ESTATUTARIO;13944,04;;13944,04;3936,08;10007,96;
ALINE NEVES PERES;TABATINGA;A.SOC-III;; ESTATUTARIO;6932,23;;6932,23;1471,17;5461,06;
AMANDA BONIFACIO MACIEL;NOVO ARIPUANA;ENG-III;; ESTATUTARIO;7870,95;;7870,95;1824,60;6046,35;
AMANDA CRISTINA SOUZA BARRETO;SANTA IZABEL DO RIO NEGRO;EX.SOC-III;; ESTATUTARIO;4942,59;;4942,59;791,22;4151,37;
ANA CECILIA NINA LOBATO;DEPATO.DE ASSIST.TEC.EXT.RURAL;ENG-III;; ESTATUTARIO;7070,95;;7070,95;1604,60;5466,35;
ANA CLAUDIA GOMES MULLER BRAGA;DEPATO.DE ASSIST.TEC.EXT.RURAL;TNS-III;; ESTATUTARIO;6132,23;;6132,23;1251,17;4881,06;
ANA KAROLINE FERNANDES BARBOSA;COARI;T.AG-III;; ESTATUTARIO;4942,57;;4942,57;791,22;4151,35;
ANA PATRICIA DE SOUZA MARTINS;PROCURADORIA JURIDICA;A.TEC-III;; ESTATUTARIO;3896,84;;3896,84;558,95;3337,89;
ANA PAULA CARDOSO QUEIROZ DE PAIVA;DEPTO.ASSIST.TEC.EXT.FLORESTAL;ENGENHEIRO FLORESTAL;; ESTATUTARIO;10156,62;;10156,62;2662,09;7494,53;
ANDREA CUNHA NOGUEIRA;DEPARTAMENTO DE PLANEJAMENTO;GERENTE;NAO INFORMADO; CARGO COMISSION.S/VINCULO;4709,79;;4709,79;622,77;4087,02;
ANDREA MONTEIRO MENTA;DEPTO.ADMINISTRATIVO;GERENTE;NAO INFORMADO; CARGO COMISSION.S/VINCULO;4709,79;;4709,79;652,57;4057,22;
ANECILENE CINTIA BUZAGLO;DEPTO.DE OPERACOES TECNICAS;GERENTE;NAO INFORMADO; CARGO COMISSION.S/VINCULO;4709,79;;4709,79;652,57;4057,22;
ANGELA CONCEICAO PAES;DEPATO.DE ASSIST.TEC.EXT.RURAL;TECNICO EM CONTABILIDADE;TEC.DE CONTABILIDADE; ESTATUTARIO;6004,05;;6004,05;954,97;5049,08;
ANGELA GONCALVES DE ANDRADE;DIRETORIA DE FOMENTO;AGENTE ADMINISTRATIVO;; ESTATUTARIO;4530,91;;4530,91;635,25;3895,66;
ANTONIO AFONSO DA FONSECA PINTO;CASTANHO;TECNICO EM AGROPECUARIA;; ESTATUTARIO;5307,29;;5307,29;768,10;4539,19;
ANTONIO AUGUSTO OLIVEIRA DE LIMA;SANTO ANTONIO DO ICA;EX.SOC-III;; ESTATUTARIO;4942,59;;4942,59;791,22;4151,37;
ANTONIO CARLOS LACERDA DE SOUZA;LABREA;ASSISTENTE TECNICO;; ESTATUTARIO;5277,27;;5277,27;839,28;4437,99;
ANTONIO CAVALCANTE DE ABREU;EIRUNEPE;AUX.ADM-III;; ESTATUTARIO;3315,44;;3315,44;353,99;2961,45;
ANTONIO CLARET MAGALHAES FERREIRA;DEPTO.DE OPERACOES TECNICAS;ENGENHEIRO AGRONOMO;GERENTE AD/2; ESTATUTARIO;9744,83;;9744,83;2434,42;7310,41;
ANTONIO CLAUDIO RODRIGUES DE SA;DIRETORIA DE FOMENTO;TECNICO EM AGROPECUARIA;; ESTATUTARIO;4764,15;;4764,15;789,70;3974,45;
ANTONIO DE CASTRO NETO;DEPATO.DE ASSIST.TEC.EXT.RURAL;ENG-III;; ESTATUTARIO;7070,95;;7070,95;1604,60;5466,35;
ANTONIO DIONES SILVA DE SOUZA;GUAJARA;T.AG-III;; ESTATUTARIO;4942,57;;4942,57;791,22;4151,35;
ANTONIO IRAN DE SOUZA LIMA;GABINETE;TECNICO EM AGROPECUARIA;; ESTATUTARIO;4647,00;;4647,00;465,62;4181,38;
ANTONIO JANDIR CONTENTE MORAIS;DIR.DE ASSIST.TEC.E EXT.RURAL;TNS-III;; ESTATUTARIO;12213,29;;12213,29;3633,77;8579,52;
ANTONIO LUIZ BARBOSA DE OLIVEIRA;MANACAPURU;ENGENHEIRO AGRONOMO;; ESTATUTARIO;8121,65;;8121,65;1865,39;6256,26;
ANTONIO MARCOS JAQUES RAMOS;IRANDUBA;ENG-III;; ESTATUTARIO;7870,95;;7870,95;1824,60;6046,35;
ANTONIO MARQUES DE LIMA SOBRINHO;IRANDUBA;MOTORISTA;; ESTATUTARIO;3696,89;;3696,89;446,21;3250,68;
ANTONIO PAZ DOS SANTOS;DEPTO.ADMINISTRATIVO;VIGIA;; ESTATUTARIO;3147,33;;3147,33;361,06;2786,27;
ANTONIO SILVA DE HOLANDA;MANAQUIRI;AGENTE ADMINISTRATIVO;; ESTATUTARIO;4630,06;;4630,06;696,69;3933,37;
ANTÔNIO MARCOS BATISTA;BARREIRINHA;GERENTE;NAO INFORMADO; CARGO COMISSION.S/VINCULO;4709,79;;4709,79;622,77;4087,02;
ARCENIO JOSE LOBATO JUNIOR;MAUES;TECNICO EM AGROPECUARIA;; ESTATUTARIO;5496,57;;5496,57;975,98;4520,59;
ARI BATISTA DA COSTA;IRANDUBA;ENGENHEIRO AGRONOMO;; ESTATUTARIO;11916,48;;11916,48;3194,19;8722,29;
ARLEILSON DE CASTRO CAVALCANTE;DEPTO.DE OPERACOES TECNICAS;ENG-III;; ESTATUTARIO;7070,95;;7070,95;1604,60;5466,35;
ARLEM DALVANY MAIA DE SOUSA;PARINTINS;ENG-III;; ESTATUTARIO;7870,95;;7870,95;1824,60;6046,35;
ARLETE DOS SANTOS COELHO;FONTE BOA;ASSISTENTE TECNICO;ASSISTENTE TECNICO; ESTATUTARIO;4563,83;;4563,83;678,87;3884,96;
ARLINDO ELIAS REGIS;DEPTO.DE OPERACOES TECNICAS;OPERADOR DE MAQUINA;; ESTATUTARIO;3136,20;;3136,20;396,30;2739,90;
ARLINDO RODRIGUES DOS SANTOS FILHO;BOA VISTA DO RAMOS;TECNICO EM AGROPECUARIA;GERENTE; ESTATUTARIO;6680,45;;6680,45;1286,67;5393,78;
ARLINDO SANDRES DA SILVA;MANICORE;T.AG-III;; ESTATUTARIO;4942,57;;4942,57;791,22;4151,35;
ARMANDO JORGE LUZ DA SILVA;DEPARTAMENTO DE PLANEJAMENTO;ECONOMISTA;; ESTATUTARIO;6823,53;;6823,53;1472,16;5351,37;
ASAEL ROCHA BATALHA;BOA VISTA DO RAMOS;T.AG-III;; ESTATUTARIO;4942,57;;4942,57;791,22;4151,35;
ASTROGILDO ANTONIO DE LIRA NETO;ITACOATIARA;MED.V-III;; ESTATUTARIO;7870,95;;7870,95;1824,60;6046,35;
ATENOR COSTA DE LIMA;BOCA DO ACRE;TECNICO EM AGROPECUARIA;; ESTATUTARIO;5496,57;;5496,57;975,98;4520,59;
AUGUSTO CESAR SANTANA DE ABREU;DEPTO.DE OPERACOES TECNICAS;AGENTE ADMINISTRATIVO;; ESTATUTARIO;4218,11;;4218,11;640,16;3577,95;
AUGUSTO RUBENS PEREIRA DA COSTA;PARINTINS;TECNICO EM AGROPECUARIA;; ESTATUTARIO;5959,29;;5959,29;1011,45;4947,84;
AURINEI DA SILVA RAMOS;BARCELOS;GERENTE;NAO INFORMADO; CARGO COMISSION.S/VINCULO;4709,79;;4709,79;622,77;4087,02;
BARBARA KARENA CUNHA DA SILVA;DEPATO.DE ASSIST.TEC.EXT.RURAL;MOT-III;; ESTATUTARIO;2702,20;;2702,20;308,31;2393,89;
BENJAMIN RODRIGUES DA COSTA;ANORI;MOTORISTA;; ESTATUTARIO;3730,11;;3730,11;454,60;3275,51;
BIANCA COSTA CORREIA;GABINETE;CHEFE DE DEPARTAMENTO;NAO INFORMADO; CARGO COMISSION.S/VINCULO;5729,77;;5729,77;992,73;4737,04;
BRUNA MARIA CARRIJO MAIA;EIRUNEPE;A.SOC-III;; ESTATUTARIO;6932,23;;6932,23;1471,17;5461,06;
BRUNO HERMES CUSTODIO;HUMAITA;MED.V-III;; ESTATUTARIO;7870,95;;7870,95;1824,60;6046,35;
CAIO VICTOR SOARES DE AGUIAR;MANACAPURU;ENG-III;; ESTATUTARIO;7870,95;;7870,95;1824,60;6046,35;
CAMILA DOS SANTOS LIMA;EIRUNEPE;T.AG-III;; ESTATUTARIO;4942,57;;4942,57;791,22;4151,35;
CARLOS ALBERTO CRUZ FARIAS;BERURI;TECNICO EM AGROPECUARIA;; ESTATUTARIO;5252,18;;5252,18;661,17;4591,01;
CARLOS ALBERTO SOARES DE MAGALHAES;DEPATO.DE ASSIST.TEC.EXT.RURAL;ENGENHEIRO AGRONOMO;; ESTATUTARIO;12749,69;;12749,69;3431,81;9317,88;
CARLOS ANTONIO PANTOJA;LABREA;ENGENHEIRO AGRONOMO;GERENTE AD/2; ESTATUTARIO;15292,00;;15292,00;4261,54;11030,46;
CARLOS ARLON MOURA NUNES;DEPATO.DE ASSIST.TEC.EXT.RURAL;MOT-III;; ESTATUTARIO;2702,20;;2702,20;308,31;2393,89;
CARLOS EDUARDO BRAGA MOURA;ANAMA;T.AG-III;; ESTATUTARIO;4942,57;;4942,57;791,22;4151,35;
CARLOS LACERDA FERREIRA F AMORIM;TEFE;TECNICO EM AGROPECUARIA;; ESTATUTARIO;5307,27;;5307,27;905,34;4401,93;
CARLOS LEILSON DA MOTA SILVA;DEPTO.ADMINISTRATIVO;AGENTE ADMINISTRATIVO;; ESTATUTARIO;4057,89;;4057,89;533,21;3524,68;
CARLOS ROBERTO VIANA PINTO;DIRETORIA ADMINIST.FINANCEIRA;AUX.S.G-III;; ESTATUTARIO;2728,43;;2728,43;311,98;2416,45;
CAROLINA FERRER GONCALVES;DEPATO.DE ASSIST.TEC.EXT.RURAL;ENG-III;; ESTATUTARIO;7070,95;;7070,95;1604,60;5466,35;
CAROLINE RABELO COELHO;CAREIRO DA VARZEA;ENG-III;; ESTATUTARIO;7870,95;;7870,95;1824,60;6046,35;
CICERO JOSE COELHO;URUCARA;GERENTE;NAO INFORMADO; CARGO COMISSION.S/VINCULO;4709,79;;4709,79;652,57;4057,22;
CLAUDIO GIOVANIO DA SILVA;BENJAMIN CONSTANT;ENG-III;; ESTATUTARIO;7870,95;;7870,95;1824,60;6046,35;
CLAUSAK MACIEL BONIFACIO;DEPTO.ASSIST.TEC.EXT.FLORESTAL;ENGENHEIRO DE PESCA;; ESTATUTARIO;9465,06;;9465,06;2453,85;7011,21;
CLEUBI JOSE DE PAULA ROL;JUTAI;MOTORISTA;; ESTATUTARIO;3620,70;;3620,70;430,64;3190,06;
CRISTIANE MARA SILVA DA COSTA;AUTAZES;MED.V-III;; ESTATUTARIO;7870,95;;7870,95;1824,60;6046,35;
DALMO DE SOUZA DOS ANJOS;PROCURADORIA JURIDICA;ENGENHEIRO AGRONOMO;GERENTE; ESTATUTARIO;12657,30;;12657,30;3618,07;9039,23;
DANIEL LIMA LEANDRO;AMATURA;ASSISTENTE TECNICO PNM.ANM-III;; ESTATUTARIO;6028,48;;6028,48;806,11;5222,37;
DANIEL PINTO BORGES;DEPATO.DE ASSIST.TEC.EXT.RURAL;T.AG-III;GERENTE; ESTATUTARIO;5626,45;;5626,45;358,13;5268,32;
DANIELA PERALES AUSIER;DEPTO.ADMINISTRATIVO;ASSESSOR III;NAO INFORMADO; CARGO COMISSION.S/VINCULO;3691,80;;3691,80;379,31;3312,49;
DAVID FRANKLIN DA SILVA GUIMARAES;CARAUARI;ENG-III;; ESTATUTARIO;7870,95;;7870,95;1824,60;6046,35;
DEBORA DE ARAUJO SOUSA;DEPATO.DE ASSIST.TEC.EXT.RURAL;ENG-III;; ESTATUTARIO;7070,95;;7070,95;1604,60;5466,35;
DEIVID FARIAS GOMES;MARAA;GERENTE;NAO INFORMADO; CARGO COMISSION.S/VINCULO;4709,79;;4709,79;622,77;4087,02;
DELDUQUE TOUCIMA DE ARAUJO;MANACAPURU;TECNICO EM AGROPECUARIA;; ESTATUTARIO;5227,16;;5227,16;883,14;4344,02;
DENIS ALMEIDA DE LIMA;BENJAMIN CONSTANT;GERENTE;NAO INFORMADO; CARGO COMISSION.S/VINCULO;4709,79;;4709,79;622,77;4087,02;
DEYVERSON PAULINO RIBEIRO GOMES;ASSESSORIA;ASSESSOR III;NAO INFORMADO; CARGO COMISSION.S/VINCULO;3691,80;;3691,80;379,31;3312,49;
DIEGO HENRIQUES DOS SANTOS;DEPARTAMENTO DE PLANEJAMENTO;ENG-III;; ESTATUTARIO;7070,95;;7070,95;1604,60;5466,35;
DIMITRI LOUZADA TORRES PORTUGAL;DEPARTAMENTO DE PLANEJAMENTO;GERENTE;GERENTE AD/2; CARGO COMISSION.S/VINCULO;4709,79;;4709,79;652,57;4057,22;
DIOGO CAMPOS CARDOSO;CAREIRO DA VARZEA;T.AG-III;; ESTATUTARIO;5107,31;;5107,31;846,16;4261,15;
DJANEIDE DA SILVA LISBOA;DIRETORIA DE FOMENTO;TECNICO EM AGROPECUARIA;; ESTATUTARIO;4659,31;;4659,31;764,05;3895,26;
DOMINGOS DE LIMA MARQUES;CASTANHO;MOTORISTA;; ESTATUTARIO;4872,68;;4872,68;649,30;4223,38;
DORATY CHAVES DE OLIVEIRA;IRANDUBA;AGENTE ADMINISTRATIVO;AGENTE ADMINISTRAT.; ESTATUTARIO;4549,15;;4549,15;674,92;3874,23;
DOUGLAS GALVAO DA ROCHA;BOA VISTA DO RAMOS;T.AG-III;; ESTATUTARIO;4942,57;;4942,57;791,22;4151,35;
DULCINEIA GUIMARAES LIMA;ASSESSORIA;GERENTE;NAO INFORMADO; CARGO COMISSION.S/VINCULO;4709,79;;4709,79;652,57;4057,22;
EDELUZA BARBOSA DE OLIVEIRA;IRANDUBA;ENGENHEIRO AGRONOMO;; ESTATUTARIO;10893,00;;10893,00;2842,83;8050,17;
EDEMBURGO SOCRATES DE A MARQUES;LABREA;T.AG-III;; ESTATUTARIO;4942,57;;4942,57;791,22;4151,35;
EDER LEONI MANCINI;LABREA;A.TEC-III;; ESTATUTARIO;4379,35;;4379,35;629,25;3750,10;
EDER QUEIROZ DA CRUZ JUNIOR;MAUES;T.AG-III;; ESTATUTARIO;4942,57;;4942,57;791,22;4151,35;
EDILENE MARIA SANTANA A KAWAKAMI;PARINTINS;AGENTE ADMINISTRATIVO 4A CLASSE;; ESTATUTARIO;4379,35;;4379,35;600,81;3778,54;
EDMAR RAIMUNDO NASCIMENTO DE SOUZA;DEPTO.ADMINISTRATIVO;MOT-III;; ESTATUTARIO;3047,65;;3047,65;356,67;2690,98;
EDNO SOARES DA COSTA;HUMAITA;ASSISTENTE TECNICO;; ESTATUTARIO;5884,47;;5884,47;976,92;4907,55;
EDUARDO AUGUSTO MARQUES;PARINTINS;MED.V-III;; ESTATUTARIO;7870,95;;7870,95;1824,60;6046,35;
EIRIE GENTIL VINHOTE;DEPTO.ASSIST.TEC.EXT.FLORESTAL;GERENTE;NAO INFORMADO; CARGO COMISSION.S/VINCULO;4709,79;;4709,79;652,57;4057,22;
ELCIDES RICARDO DE OLIVEIRA NETO;DEPTO.ADMINISTRATIVO;ASSESSOR III;NAO INFORMADO; CARGO COMISSION.S/VINCULO;3691,80;;3691,80;327,24;3364,56;
ELCINA DE LIMA DA SILVA;DEPTO.DE OPERACOES TECNICAS;ASSISTENTE TECNICO;; ESTATUTARIO;4160,58;;4160,58;628,39;3532,19;
ELEUDIS LIMA DE SOUZA;UARINI;EX.SOC-III;; ESTATUTARIO;4942,59;;4942,59;791,22;4151,37;
ELIAKIM PINHEIRO AMORIM;MARAA;T.AG-III;; ESTATUTARIO;4942,57;;4942,57;791,22;4151,35;
ELIAN ERIC MARTINS FLORES;SANTO ANTONIO DO ICA;T.AG-III;; ESTATUTARIO;4942,57;;4942,57;791,22;4151,35;
ELIELTON BARRONCAS MAQUINE DA SILVA;DEPTO.DE OPERACOES TECNICAS;ENG-III;; ESTATUTARIO;7070,95;;7070,95;1604,60;5466,35;
ELISSANDRO DA CRUZ PINHEIRO;DEPATO.DE ASSIST.TEC.EXT.RURAL;A.TEC-III;; ESTATUTARIO;3879,35;;3879,35;554,25;3325,10;
ELIVELTON GOMES VARGAS;DEPATO.DE ASSIST.TEC.EXT.RURAL;A.TEC-III;; ESTATUTARIO;3879,35;;3879,35;554,25;3325,10;
ELIZAMA BARBOSA DA SILVA;DEPTO.DE OPERACOES TECNICAS;ASSISTENTE TECNICO;; ESTATUTARIO;5327,25;;5327,25;848,10;4479,15;
ELIZANGELA CASTRO;NOVO ARIPUANA;ASSESSOR II;NAO INFORMADO; CARGO COMISSION.S/VINCULO;4709,79;;4709,79;652,57;4057,22;
ELVIO RIBAMAR FERREIRA SILVA;MATUPI;T.AG-III;; ESTATUTARIO;4942,57;;4942,57;791,22;4151,35;
EMERSON PEDRACA DE FRANCA;MANICORE;ASSISTENTE TECNICO;; ESTATUTARIO;4705,20;;4705,20;780,12;3925,08;
EMILIO ANDRADE REZK;ITACOATIARA;TECNICO EM AGROPECUARIA;TEC. EM AGROPECUARIA; ESTATUTARIO;5247,84;;5247,84;888,55;4359,29;
EMILY GENTIL VINHOTE;NOVO AIRAO;T.AG-III;; ESTATUTARIO;4942,57;;4942,57;791,22;4151,35;
ERIKA DOS SANTOS SILVA;DEPATO.DE ASSIST.TEC.EXT.RURAL;ENG-III;; ESTATUTARIO;7070,95;;7070,95;1604,60;5466,35;
ERIKA MARAES DE LIMA;SAO PAULO DE OLIVENCA;T.AG-III;; ESTATUTARIO;4942,57;;4942,57;791,22;4151,35;
ERISON ALVES BARBOSA;TONANTINS;ASSESSOR III;NAO INFORMADO; CARGO COMISSION.S/VINCULO;5660,75;;5660,75;880,79;4779,96;
ERNANDES SILVA BARBOSA;BERURI;T.AG-III;; ESTATUTARIO;4942,57;;4942,57;791,22;4151,35;
EUGENIO BORGES;MAUES;ASSESSOR II;NAO INFORMADO; CARGO COMISSION.S/VINCULO;4709,79;;4709,79;652,57;4057,22;
EUGENIO OLIVEIRA BRAS;TABATINGA;VIGIA;; ESTATUTARIO;3324,41;;3324,41;366,62;2957,79;
EURICO DE PAULO BARBOSA DA SILVA;ANAMA;GERENTE;NAO INFORMADO; CARGO COMISSION.S/VINCULO;4709,79;;4709,79;622,77;4087,02;
EVANDRO DA SILVA AZEVEDO;DEPTO.ADMINISTRATIVO;AUXILIAR DE SERVICOS GERAIS;; ESTATUTARIO;3366,61;;3366,61;322,19;3044,42;
EVANI DA CONCEICAO TAVARES MALCHER;DEPARTAMENTO FINANCEIRO;GERENTE;GERENTE AD-2; CARGO COMISSION.S/VINCULO;4709,79;;4709,79;652,57;4057,22;
FABIANNY DE SOUZA ALENCAR DA COSTA;DEPARTAMENTO FINANCEIRO;GERENTE;NAO INFORMADO; CARGO COMISSION.S/VINCULO;4709,79;;4709,79;622,77;4087,02;
FABIO DA SILVA RICARTE;DEPTO.DE OPERACOES TECNICAS;A.TEC-III;; ESTATUTARIO;3879,35;;3879,35;554,25;3325,10;
FABIO FERREIRA PORTO FILHO;MARAA;EX.SOC-III;; ESTATUTARIO;4942,59;;4942,59;791,22;4151,37;
FABIO PAZ ROCHA;TEFE;T.AG-III;; ESTATUTARIO;4942,57;;4942,57;791,22;4151,35;
FABIONEY MONTEIRO DA SILVA;EIRUNEPE;MOT-III;; ESTATUTARIO;3202,20;;3202,20;345,05;2857,15;
FABRIZIA MARGARIDA BARROS N SOUZA;DEPARTAMENTO FINANCEIRO;ASSISTENTE TECNICO;; ESTATUTARIO;5849,60;;5849,60;709,34;5140,26;
FAVILLA GENTIL NETO;URUCARA;ENGENHEIRO AGRONOMO;; ESTATUTARIO;8100,62;;8100,62;1911,08;6189,54;
FELIPE MIRANDA DE CARVALHO;ITAPIRANGA;T.AG-III;; ESTATUTARIO;4942,57;;4942,57;791,22;4151,35;
FELIPE PEREIRA DA SILVA MAGALHAES;DEPATO.DE ASSIST.TEC.EXT.RURAL;A.TEC-III;; ESTATUTARIO;3879,35;;3879,35;554,25;3325,10;
FERNANDO BATISTA DA SILVA;DEPTO.DE OPERACOES TECNICAS;AUXILIAR DE SERVICOS GERAIS;; ESTATUTARIO;3061,35;;3061,35;346,90;2714,45;
FERNANDO BORGES DE OLIVEIRA;BOCA DO ACRE;MOT-III;; ESTATUTARIO;3202,20;;3202,20;345,05;2857,15;
FERNANDO NASCIMENTO FERNANDES;HUMAITA;ENG-III;; ESTATUTARIO;7870,95;;7870,95;1824,60;6046,35;
FILIPE CAMPOS DE FREITAS;DEPATO.DE ASSIST.TEC.EXT.RURAL;ENG-III;; ESTATUTARIO;7070,95;;7070,95;1604,60;5466,35;
FILIPE DE SOUZA E SILVA;DEPTO.ADMINISTRATIVO;MOT-III;; ESTATUTARIO;2702,20;;2702,20;308,31;2393,89;
FRANCIARA SANTOS SILVA;CODAJAS;T.AG-III;; ESTATUTARIO;4942,57;;4942,57;791,22;4151,35;
FRANCIMAR LIZARDO DOS SANTOS;SAO GABRIEL DA CACHOEIRA;GERENTE;NAO INFORMADO; CARGO COMISSION.S/VINCULO;4709,79;;4709,79;594,34;4115,45;
FRANCINEY FERREIRA DA SILVA;JURUA;T.AG-III;; ESTATUTARIO;4942,57;;4942,57;791,22;4151,35;
FRANCIOMAR DA ROCHA COSTA;DIRETORIA DE FOMENTO;OPERADOR GRAFICO;; ESTATUTARIO;4697,48;;4697,48;480,96;4216,52;
FRANCISCA KLEUBIA NASCIMENTO SILVA;DIRETORIA DE FOMENTO;ENG-III;; ESTATUTARIO;7070,95;;7070,95;1604,60;5466,35;
FRANCISCO ALDENEI FERREIRA PICANCO;PARINTINS;MOTORISTA;; ESTATUTARIO;4187,61;;4187,61;531,08;3656,53;
FRANCISCO DE ASSIS BRANDAO CARLOS;DEPARTAMENTO FINANCEIRO;ASSISTENTE TECNICO;; ESTATUTARIO;4683,22;;4683,22;676,23;4006,99;
FRANCISCO EDUARDO DE MORAIS;LABREA;TECNICO EM AGROPECUARIA;; ESTATUTARIO;5220,44;;5220,44;736,46;4483,98;
FRANCISCO LIMA DA SILVA;MANAQUIRI;TECNICO EM AGROPECUARIA;; ESTATUTARIO;5496,57;;5496,57;975,98;4520,59;
FRANCISCO LIMA DE ALBUQUERQUE;MAUES;T.AG-III;; ESTATUTARIO;4942,57;;4942,57;791,22;4151,35;
FRANCISCO MACEDO DE OLIVEIRA FILHO;DIRETORIA DE FOMENTO;TECNICO EM AGROPECUARIA;; ESTATUTARIO;4759,01;;4759,01;787,43;3971,58;
FRANCISCO OSMAR LINHARES;RIO PRETO DA EVA;ENGENHEIRO AGRONOMO;; ESTATUTARIO;9933,07;;9933,07;2478,50;7454,57;
FRANKLÂNIO DUARTE FERREIRA;TAPAUA;GERENTE;NAO INFORMADO; CARGO COMISSION.S/VINCULO;4709,79;;4709,79;622,77;4087,02;
GEORGE MARIO GRIJO DA SILVA;ANORI;TECNICO EM AGROPECUARIA;; ESTATUTARIO;6662,09;;6662,09;1210,57;5451,52;
GERALDO AFONSO BINDA DA COSTA;NHAMUNDA;GERENTE;; CARGO COMISSION.S/VINCULO;4709,79;;4709,79;652,57;4057,22;
GERALDO DOS SANTOS REIS CONCEICAO;DIRETORIA DE FOMENTO;ENGENHEIRO AGRONOMO;; ESTATUTARIO;10974,11;;10974,11;2919,18;8054,93;
GERARDO HONORIO DE BRITO;NOVA OLINDA DO NORTE;AUXILIAR DE SERVICOS GERAIS;; ESTATUTARIO;3298,01;;3298,01;350,42;2947,59;
GERMIRO JOSE GOMES DAMIAO;DEPTO.DE OPERACOES TECNICAS;AUX.O-III;; ESTATUTARIO;3040,41;;3040,41;322,09;2718,32;
GESTER TUPINIQUIM DE SOUZA BENTES;BORBA;TECNICO EM AGROPECUARIA;; ESTATUTARIO;4962,97;;4962,97;757,80;4205,17;
GILBERTO DO NASCIMENTO RODRIGUES;MANICORE;VIGIA;; ESTATUTARIO;3324,41;;3324,41;366,62;2957,79;
GILCIANE PLACIDO BRAULE;SANTO ANTONIO DO ICA;GERENTE;NAO INFORMADO; CARGO COMISSION.S/VINCULO;4709,79;;4709,79;652,57;4057,22;
GISELES MAGALHAES DOS SANTOS;TABATINGA;T.AG-III;; ESTATUTARIO;4942,57;;4942,57;791,22;4151,35;
GISELY DA SILVA MELO;HUMAITA;GERENTE;; CARGO COMISSION.S/VINCULO;4709,79;;4709,79;622,77;4087,02;
GLEIBE HUNGRIA GOULART;APUI;MED.V-III;; ESTATUTARIO;7870,95;;7870,95;1824,60;6046,35;
GRECICA MARIANA COLOMBO;DEPATO.DE ASSIST.TEC.EXT.RURAL;ENG-III;; ESTATUTARIO;7070,95;;7070,95;1604,60;5466,35;
HELENIO ARAUJO FIGUEIREDO;DEPTO.DE OPERACOES TECNICAS;TECNICO EM AGROPECUARIA;CHEFE DE DEPARTAMENT; ESTATUTARIO;6936,92;;6936,92;1328,83;5608,09;
HELISON RAMOS SAMPAIO;JUTAI;GERENTE;GERENTE AD-2; CARGO COMISSION.S/VINCULO;4709,79;;4709,79;652,57;4057,22;
HELTON FARIAS DA SILVA;AUTAZES;TECNICO EM AGROPECUARIA;; ESTATUTARIO;6788,84;;6788,84;1286,69;5502,15;
HENRY BRASIL SANTOS;ATALAIA DO NORTE;EX.SOC-III;; ESTATUTARIO;4942,59;;4942,59;791,22;4151,37;
HERIVANDO JERONIMO CIDADE;DIRETORIA ADMINIST.FINANCEIRA;ASSESSOR II;NAO INFORMADO; CARGO COMISSION.S/VINCULO;4709,79;;4709,79;652,57;4057,22;
HERLEY CESAR SILVA DILAHAR;CAAPIRANGA;GERENTE;NAO INFORMADO; CARGO COMISSION.S/VINCULO;4709,79;;4709,79;652,57;4057,22;
HILARIO RAMIRO DE ABREU FILHO;DEPTO.DE OPERACOES TECNICAS;TECNICO EM AGROPECUARIA;; ESTATUTARIO;4753,46;;4753,46;786,76;3966,70;
HUGO STENIO GAMA DOS SANTOS;DEPARTAMENTO DE PLANEJAMENTO;TECNICO EM AGROPECUARIA;ASSESSOR II; ESTATUTARIO;5819,59;;5819,59;1013,30;4806,29;
IAN FLEXA DE SOUZA PEREIRA;ANORI;T.AG-III;; ESTATUTARIO;4942,57;;4942,57;791,22;4151,35;
IGOR GRACIANO;RIO PRETO DA EVA;ENG-III;; ESTATUTARIO;7870,95;;7870,95;1824,60;6046,35;
ILZINALDO CARVALHO GUIMARAES FILHO;DIRETORIA DE FOMENTO;TECNICO EM AGROPECUARIA;; ESTATUTARIO;4996,57;;4996,57;826,34;4170,23;
IRANY FLORENCIO RODRIGUES;CAREIRO DA VARZEA;T.AG-III;; ESTATUTARIO;4942,57;;4942,57;791,22;4151,35;
ISABELLE SUCENA SANTOS;BOCA DO ACRE;EX.SOC-III;; ESTATUTARIO;4942,59;;4942,59;791,22;4151,37;
ISMAEL CARLOS SANTANA DA SILVA;BOCA DO ACRE;A.TEC-III;; ESTATUTARIO;4379,35;;4379,35;629,25;3750,10;
ISVALDO LIMA DA SILVA;IRANDUBA;TECNICO EM AGROPECUARIA;; ESTATUTARIO;5249,13;;5249,13;891,15;4357,98;
IVAN DE AZEVEDO TRIBUZY NETO;COARI;ENG-III;; ESTATUTARIO;7870,95;;7870,95;1824,60;6046,35;
IVAN PONCE DE LEAO;DEPTO.DE OPERACOES TECNICAS;AGENTE ADMINISTRATIVO;; ESTATUTARIO;4735,53;;4735,53;717,83;4017,70;
IVANEIDE MUNIZ DOS SANTOS;DIRETORIA DE FOMENTO;AUX.S.G-III;; ESTATUTARIO;2702,20;;2702,20;308,31;2393,89;
IVANETE NOGUEIRA DE MATOS;GABINETE;CHEFE DE GABINETE;NAO INFORMADO; CARGO COMISSION.S/VINCULO;5729,77;;5729,77;907,42;4822,35;
IVO ROBERTO PEREIRA DOS SANTOS;DEPTO.ADMINISTRATIVO;TECNICO EM AGROPECUARIA;; ESTATUTARIO;6136,48;;6136,48;1005,28;5131,20;
IVONEI RODRIGUES DOS SANTOS;MANICORE;T.AG-III;; ESTATUTARIO;4942,57;;4942,57;791,22;4151,35;
IZAQUIEL DA COSTA OLIVEIRA;GUAJARA;GERENTE;NAO INFORMADO; CARGO COMISSION.S/VINCULO;6113,05;;6113,05;1035,24;5077,81;
JACINTA MOREIRA COELHO;PROCURADORIA JURIDICA;EXTENSIONISTA SOCIAL;; ESTATUTARIO;4876,57;;4876,57;823,46;4053,11;
JACKSON DA SILVA;TEFE;ENG-III;; ESTATUTARIO;7870,95;;7870,95;1824,60;6046,35;
JADERSON HOLANDA ALMEIDA WEILLER;ITACOATIARA;GERENTE;NAO INFORMADO; CARGO COMISSION.S/VINCULO;4709,79;;4709,79;652,57;4057,22;
JAGUANHARA DE ANDRADE LOPES;DEPATO.DE ASSIST.TEC.EXT.RURAL;ENGENHEIRO AGRONOMO;; ESTATUTARIO;10570,30;;10570,30;2655,13;7915,17;
JAIME GATENHA FERREIRA FILHO;VILA RICA DE CAVIANA;ASSESSOR III;NAO INFORMADO; CARGO COMISSION.S/VINCULO;3691,80;;3691,80;379,31;3312,49;
JAIME VITOR DOS SANTOS;DEPTO.DE OPERACOES TECNICAS;TECNICO EM AGROPECUARIA;GERENTE AD/2; ESTATUTARIO;6468,19;;6468,19;1194,96;5273,23;
JAIR ALEXANDRE PEREIRA DA SILVA;EIRUNEPE;GERENTE;NAO INFORMADO; CARGO COMISSION.S/VINCULO;4709,79;;4709,79;652,57;4057,22;
JALPERY VIANA DE SOUZA;DIRETORIA DE FOMENTO;ASSISTENTE TECNICO;; ESTATUTARIO;4607,50;;4607,50;684,30;3923,20;
JAMES PINHEIRO DE FRANCA;ENVIRA;GERENTE;NAO INFORMADO; CARGO COMISSION.S/VINCULO;4709,79;;4709,79;622,77;4087,02;
JAMILSON PAULO BARROS LARAY;RIO PRETO DA EVA;TECNICO EM AGROPECUARIA;; ESTATUTARIO;6790,93;;6790,93;1288,79;5502,14;
JANDER DE JESUS FONSECA DA SILVA;NOVO AIRAO;A.TEC-III;; ESTATUTARIO;4932,45;;4932,45;655,33;4277,12;
JEAN BARROS FERREIRA;DEPTO.DE OPERACOES TECNICAS;TECNICO EM AGROPECUARIA;; ESTATUTARIO;4618,14;;4618,14;696,10;3922,04;
JEAN FRANK CAVALCANTE MAGALHAES;IRANDUBA;TECNICO EM AGROPECUARIA;GERENTE; ESTATUTARIO;6680,45;;6680,45;1012,35;5668,10;
JEFFERSON CASTRO CASSEANO FURTADO;CARAUARI;ENG-III;; ESTATUTARIO;7870,95;;7870,95;1824,60;6046,35;
JEFFERSON GOMES SODRE;HUMAITA;T.AG-III;; ESTATUTARIO;4942,57;;4942,57;791,22;4151,35;
JESSICA MOTTA DE SOUSA;DIR.DE ASSIST.TEC.E EXT.RURAL;TNS-III;; ESTATUTARIO;6132,23;;6132,23;1251,17;4881,06;
JHONATA OLIVEIRA MENDONCA;UARINI;A.TEC-III;; ESTATUTARIO;4379,35;;4379,35;629,25;3750,10;
JOAO ALMEIDA DE OLIVEIRA;ITACOATIARA;ASSISTENTE TECNICO;; ESTATUTARIO;4808,70;;4808,70;846,35;3962,35;
JOAO BATISTA GOMES DO NASCIMENTO;CANUTAMA;GERENTE;NAO INFORMADO; CARGO COMISSION.S/VINCULO;4709,79;;4709,79;652,57;4057,22;
JOAO BOSCO ANDRE GORDIANO;DEPTO.ASSIST.TEC.EXT.FLORESTAL;TECNICO EM AGROPECUARIA;; ESTATUTARIO;5995,43;;5995,43;1183,65;4811,78;
JOAO CLAUDIR DA SILVA LEITAO;IRANDUBA;TECNICO EM AGROPECUARIA;; ESTATUTARIO;5496,57;;5496,57;975,98;4520,59;
JOAO HILARIO BORGES DE BASTOS;APUI;GERENTE;GERENTE AD2; CARGO COMISSION.S/VINCULO;4709,79;;4709,79;594,34;4115,45;
JOCIELI BATISTA PINHEIRO;BOCA DO ACRE;ENG-III;; ESTATUTARIO;7870,95;;7870,95;1824,60;6046,35;
JOELCIO GAMA AVELAR;PAUINI;T.AG-III;; ESTATUTARIO;5742,57;;5742,57;1058,02;4684,55;
JONATHAN LIRA JAICO;ATALAIA DO NORTE;T.AG-III;; ESTATUTARIO;4942,57;;4942,57;791,22;4151,35;
JONILO MOYSES MOUZINHO BRITO;DEPATO.DE ASSIST.TEC.EXT.RURAL;A.TEC-III;; ESTATUTARIO;3879,35;;3879,35;554,25;3325,10;
JORGE ANTONIO FERREIRA CARVALHO;CARAUARI;TECNICO EM AGROPECUARIA;; ESTATUTARIO;5124,80;;5124,80;662,59;4462,21;
JORGE AUGUSTO REIS MONTEIRO;DIRETORIA DE FOMENTO;TECNICO EM AGROPECUARIA;; ESTATUTARIO;4996,57;;4996,57;863,48;4133,09;
JOSAFA NOVAIS MACEDO;VILA EXTREMA - LABREA;GERENTE;; CARGO COMISSION.S/VINCULO;4709,79;;4709,79;565,90;4143,89;
JOSE ALFREDO FELICIANO DA SILVA;ENVIRA;ASSISTENTE TECNICO;; ESTATUTARIO;4563,83;;4563,83;650,44;3913,39;
JOSE ANTONIO CHAVES DE OLIVEIRA;IPIXUNA;T.AG-III;; ESTATUTARIO;4942,57;;4942,57;791,22;4151,35;
JOSE ARIMATEIA SIMOES;URUCARA;TECNICO EM AGROPECUARIA;; ESTATUTARIO;5900,41;;5900,41;1044,28;4856,13;
JOSE ARTEMIS RODRIGUES MONTECONRADO;ITAMARATI;TECNICO EM AGROPECUARIA;GERENTE AD-2; ESTATUTARIO;6680,45;;6680,45;629,52;6050,93;
JOSE BARROSO SALVIANO;DIRETORIA DE FOMENTO;AGENTE ADMINISTRATIVO;; ESTATUTARIO;5897,12;;5897,12;984,09;4913,03;
JOSE COELHO DAVILA;TABATINGA;TECNICO EM CONTABILIDADE;; ESTATUTARIO;4470,25;;4470,25;625,26;3844,99;
JOSE DE OLIVEIRA NEVES;SILVES;MOTORISTA;; ESTATUTARIO;3635,43;;3635,43;433,65;3201,78;
JOSE DE OLIVEIRA RAMOS;PARINTINS;ASSISTENTE TECNICO;; ESTATUTARIO;4768,87;;4768,87;698,45;4070,42;
JOSE DE OLIVEIRA RIBEIRO;PROCURADORIA JURIDICA;TECNICO EM AGROPECUARIA;; ESTATUTARIO;4630,74;;4630,74;756,37;3874,37;
JOSE ERISON GOES CASTRO;BARREIRINHA;MOTORISTA FLUVIAL;; ESTATUTARIO;3203,89;;3203,89;345,05;2858,84;
JOSE FERREIRA DA SILVA JUNIOR;DEPATO.DE ASSIST.TEC.EXT.RURAL;ENG-III;; ESTATUTARIO;7070,95;;7070,95;1604,60;5466,35;
JOSE LIRA DO NASCIMENTO;CARAUARI;MOTORISTA;; ESTATUTARIO;3787,29;;3787,29;469,98;3317,31;
JOSE LUCAS SEBRIAN DA SILVA;PAUINI;T.AG-III;; ESTATUTARIO;4942,57;;4942,57;791,22;4151,35;
JOSE LUIS ANDRADE PINTO;BOA VISTA DO RAMOS;MOTORISTA;; ESTATUTARIO;3606,55;;3606,55;364,92;3241,63;
JOSE MARIA DE MATOS;COARI;TECNICO EM AGROPECUARIA;; ESTATUTARIO;5301,23;;5301,23;903,70;4397,53;
JOSE MARIA FERREIRA;IRANDUBA;TECNICO EM AGROPECUARIA;; ESTATUTARIO;4788,42;;4788,42;901,22;3887,20;
JOSE MARIA FRADE JUNIOR;RIO PRETO DA EVA;ENGENHEIRO AGRONOMO;GERENTE AD/2; ESTATUTARIO;11485,37;;11485,37;3255,83;8229,54;
JOSE MILTON BARBOSA FILHO;DIR.DE ASSIST.TEC.E EXT.RURAL;ENGENHEIRO AGRONOMO;; ESTATUTARIO;11129,42;;11129,42;2924,40;8205,02;
JOSE NAZARENO FREITAS VIANA JUNIOR;NOVA OLINDA DO NORTE;T.AG-III;; ESTATUTARIO;4942,57;;4942,57;791,22;4151,35;
JOSE RAIMUNDO MARINHO GARCIA;DIRETORIA DE FOMENTO;AUXILIAR DE SERVICOS GERAIS;; ESTATUTARIO;2849,29;;2849,29;321,72;2527,57;
JOSE RAIMUNDO NORONHA CALACINA;BOCA DO ACRE;MOTORISTA;; ESTATUTARIO;3779,51;;3779,51;467,89;3311,62;
JOSE RICARDO GONCALVES MACIEL;NOVO ARIPUANA;TECNICO EM AGROPECUARIA;; ESTATUTARIO;6898,50;;6898,50;1488,93;5409,57;
JOSE SILVA MICHILES;ITAPIRANGA;TECNICO EM AGROPECUARIA;; ESTATUTARIO;5496,57;;5496,57;890,66;4605,91;
JOSE UANDERSON SOUZA DOS SANTOS;JURUA;T.AG-III;; ESTATUTARIO;4942,57;;4942,57;791,22;4151,35;
JOSE VASCONCELOS DE FARIAS NETO;CAREIRO DA VARZEA;TECNICO EM AGROPECUARIA;; ESTATUTARIO;5902,44;;5902,44;1045,35;4857,09;
JOSINALDO BEZERRA PACHECO;CAREIRO DA VARZEA;TECNICO EM AGROPECUARIA;; ESTATUTARIO;4817,40;;4817,40;624,75;4192,65;
JOSINEI LIMA DA SILVA;AUTAZES;GERENTE;NAO INFORMADO; CARGO COMISSION.S/VINCULO;6113,05;;6113,05;1035,24;5077,81;
JOYCE ALICE ALMEIDA MAGALHAES;DEPTO.DE OPERACOES TECNICAS;GERENTE;NAO INFORMADO; CARGO COMISSION.S/VINCULO;4709,79;;4709,79;652,57;4057,22;
JOYCE LOPES SIGADILHA;DEPARTAMENTO FINANCEIRO;TNS-III;; ESTATUTARIO;6132,23;;6132,23;1251,17;4881,06;
JULIA SANTOS DE SEIXAS;DEPTO.DE OPERACOES TECNICAS;A.TEC-III;; ESTATUTARIO;4466,72;;4466,72;741,36;3725,36;
JULIANA VARELA MAIA COSTA;DIRETORIA DE FOMENTO;A.SOC-III;; ESTATUTARIO;6132,23;;6132,23;1251,17;4881,06;
JULIO BELARMINO FERREIRA LINS;FONTE BOA;GERENTE;NAO INFORMADO; CARGO COMISSION.S/VINCULO;4709,79;;4709,79;652,57;4057,22;
JULIO CESAR DE LIMA GOES;SILVES;TECNICO EM AGROPECUARIA;; ESTATUTARIO;6667,00;;6667,00;1151,89;5515,11;
JUNEVAL PINHEIRO CARDOSO;PARINTINS;TECNICO EM AGROPECUARIA;; ESTATUTARIO;5898,39;;5898,39;1043,21;4855,18;
JUSSARA DE SOUZA LOPES;ATALAIA DO NORTE;ENG-III;; ESTATUTARIO;7870,95;;7870,95;1824,60;6046,35;
KAIO ROGER DOCE DE OLIVEIRA;URICURITUBA;EX.SOC-III;; ESTATUTARIO;4942,59;;4942,59;791,22;4151,37;
KAMILLE ROSAS MATOS;DEPTO.DE OPERACOES TECNICAS;ASSESSOR III;NAO INFORMADO; CARGO COMISSION.S/VINCULO;3691,80;;3691,80;379,31;3312,49;
KAREN ALVES DA SILVA;MANACAPURU;ENG-III;; ESTATUTARIO;7870,95;;7870,95;1824,60;6046,35;
KAROLYNE WECKNER RODRIGUES;NOVO ARIPUANA;GERENTE;NAO INFORMADO; CARGO COMISSION.S/VINCULO;7692,65;;7692,65;1566,72;6125,93;
KASSIA LILIAN MACEDO GOMES;SILVES;A.TEC-III;; ESTATUTARIO;4379,35;;4379,35;629,25;3750,10;
KATIA MARIA SOARES DA ROCHA;DEPARTAMENTO FINANCEIRO;GERENTE;NAO INFORMADO; CARGO COMISSION.S/VINCULO;4709,79;;4709,79;652,57;4057,22;
KELLY BORGES DE ALMEIDA ROCHA;DEPTO.DE OPERACOES TECNICAS;A.SOC-III;; ESTATUTARIO;6132,23;;6132,23;1251,17;4881,06;
KEROLLY GLORIA LOPES;SAO SEBASTIAO DO UATUMA;GERENTE;NAO INFORMADO; CARGO COMISSION.S/VINCULO;4209,79;;4209,79;652,57;3557,22;
LAIS DA ENCARNACAO TEIXEIRA;ASSESSORIA;ASSESSOR III;NAO INFORMADO; CARGO COMISSION.S/VINCULO;3691,80;;3691,80;379,31;3312,49;
LARISSA AROUCK MONTEIRO FRANCA;GUAJARA;T.AG-III;; ESTATUTARIO;4925,90;;4925,90;952,41;3973,49;
LARISSA YANKA BATISTA MARAJO;TEFE;T.AG-III;; ESTATUTARIO;4942,57;;4942,57;791,22;4151,35;
LAURA MAITE DIAS RODRIGUES;PARINTINS;T.AG-III;; ESTATUTARIO;4942,57;;4942,57;791,22;4151,35;
LAURO DE MEDEIROS MARTINS;BARREIRINHA;AUXILIAR DE SERVICOS GERAIS;; ESTATUTARIO;3682,25;;3682,25;402,53;3279,72;
LAZARO MONTEIRO REIS;DEPTO.DE OPERACOES TECNICAS;TECNICO EM AGROPECUARIA;GERENTE AD/2; ESTATUTARIO;4842,88;;4842,88;776,40;4066,48;
LEANDRO MASSAYUKI ROLIM YAMASHITA;TABATINGA;ENG-III;; ESTATUTARIO;7870,95;;7870,95;1824,60;6046,35;
LEIDERVAN MARCELO MARTINS ALVES;BOCA DO ACRE;M.FLU-III;; ESTATUTARIO;3202,20;;3202,20;345,05;2857,15;
LENA GUIOMAR CAVALCANTE F BARBOSA;PROCURADORIA JURIDICA;PROCURADOR CHEFE;NAO INFORMADO; CARGO COMISSION.S/VINCULO;5729,77;;5729,77;992,73;4737,04;
LEONARDO BARBOSA DA SILVA;JURUA;GERENTE;NAO INFORMADO; CARGO COMISSION.S/VINCULO;4709,79;;4709,79;622,77;4087,02;
LINDENBERG COSTA PAULINO;CASTANHO;ENG-III;; ESTATUTARIO;7870,95;;7870,95;1824,60;6046,35;
LINDON JONHSON NEVES DE AQUINO;BENJAMIN CONSTANT;T.AG-III;; ESTATUTARIO;4942,57;;4942,57;791,22;4151,35;
LOUIS FILLIPI DE SOUZA AZEVEDO;IRANDUBA;A.TEC-III;; ESTATUTARIO;4379,35;;4379,35;629,25;3750,10;
LOURIVALDO NASCIMENTO BARROS;BORBA;TECNICO EM AGROPECUARIA;; ESTATUTARIO;5496,57;;5496,57;890,66;4605,91;
LUCAS EDUARDO FERNANDES;COARI;ENG-III;; ESTATUTARIO;7870,95;;7870,95;1824,60;6046,35;
LUCAS HENRIQUE VIEIRA LENCI;MANICORE;ENG-III;; ESTATUTARIO;7870,95;;7870,95;1824,60;6046,35;
LUCAS MAGALHAES LARA;CAREIRO DA VARZEA;MED.V-III;; ESTATUTARIO;7870,95;;7870,95;1824,60;6046,35;
LUCAS NOBRE DE SOUZA;BARREIRINHA;ENG-III;; ESTATUTARIO;7870,95;;7870,95;1824,60;6046,35;
LUCAS VIEIRA PEREIRA DE LUNA;DIRETORIA DE FOMENTO;A.TEC-III;; ESTATUTARIO;3879,35;;3879,35;554,25;3325,10;
LUCELISY SILVA BORGES;DIRETORIA PLANJ.INSTITUCIONAL;BIOLOGO;DIRETOR DE PLAN.INST; ESTATUTARIO;11960,76;;11960,76;2952,44;9008,32;
LUCIANO DOS SANTOS MACIEL;DEPTO.DE OPERACOES TECNICAS;ASSESSOR III;NAO INFORMADO; CARGO COMISSION.S/VINCULO;3691,80;;3691,80;379,31;3312,49;
LUCIANO LOBO PINHEIRO VAZ;NOVO REMANSO;GERENTE;GERENTE AD-2; CARGO COMISSION.S/VINCULO;4709,79;;4709,79;652,57;4057,22;
LUCIVALDO RIBEIRO PEREIRA;PARINTINS;ENGENHEIRO DE PESCA;; ESTATUTARIO;8884,95;;8884,95;2206,37;6678,58;
LUIS ANTONIO DA SILVA CRISTO;MANAQUIRI;MOTORISTA;; ESTATUTARIO;3793,99;;3793,99;391,16;3402,83;
LUIS AUGUSTO MATOS DOS SANTOS;SILVES;T.AG-III;; ESTATUTARIO;4942,57;;4942,57;791,22;4151,35;
LUIS GONZAGA PICANCO NETO;BARREIRINHA;TECNICO EM AGROPECUARIA;; ESTATUTARIO;5266,27;;5266,27;853,30;4412,97;
LUIS OCTAVIO VIEIRA PEREIRA;ITACOATIARA;ENG-III;; ESTATUTARIO;7870,95;;7870,95;1824,60;6046,35;
LUIZ ALBERTO LIRA DA CRUZ;DEPTO.DE OPERACOES TECNICAS;TECNICO EM AGROPECUARIA;; ESTATUTARIO;4801,23;;4801,23;796,48;4004,75;
LUIZ ALDINEY ALVES DE OLIVEIRA;PRESIDENTE FIGUEIREDO;TECNICO EM AGROPECUARIA;; ESTATUTARIO;5496,57;;5496,57;831,52;4665,05;
LUIZ ANTONIO NASCIMENTO;DEPATO.DE ASSIST.TEC.EXT.RURAL;TECNICO EM AGROPECUARIA;GERENTE; ESTATUTARIO;5808,68;;5808,68;1009,19;4799,49;
LUIZ CARLOS DE ANDRADE FREIRE;MATUPI;GERENTE;NAO INFORMADO; CARGO COMISSION.S/VINCULO;4709,79;;4709,79;652,57;4057,22;
LUIZ CARLOS DE SA MORAIS GONCALVES;DIR.DE ASSIST.TEC.E EXT.RURAL;TECNICO EM AGROPECUARIA;; ESTATUTARIO;5342,58;;5342,58;911,61;4430,97;
LUIZ CARLOS DO HERVAL FILHO;DIR.DE ASSIST.TEC.E EXT.RURAL;ENGENHEIRO AGRONOMO;DIRETOR DE ASSIST.TE; ESTATUTARIO;15363,35;;15363,35;4328,80;11034,55;
LUIZ EUCLIDES PESSOA SOUZA;NHAMUNDA;TECNICO EM AGROPECUARIA;GERENTE AD-2; ESTATUTARIO;5032,64;;5032,64;748,10;4284,54;
LUIZ NUNES DIAS;ENVIRA;TECNICO EM AGROPECUARIA;; ESTATUTARIO;5496,57;;5496,57;848,00;4648,57;
LUIZ ROBERTO PEREIRA DA COSTA;BOA VISTA DO RAMOS;TECNICO EM AGROPECUARIA;; ESTATUTARIO;5946,58;;5946,58;843,80;5102,78;
LUIZ ROCHA MACIEL;DEPTO.ASSIST.TEC.EXT.FLORESTAL;GERENTE;; CARGO COMISSION.S/VINCULO;6113,05;;6113,05;1083,99;5029,06;
LUIZ VANDERLEI NEVES AZEVEDO;PAUINI;TECNICO EM AGROPECUARIA;; ESTATUTARIO;5496,57;;5496,57;975,98;4520,59;
LUZIANE CRISTINE SIQUEIRA TAVARES;DEPTO.ADMINISTRATIVO;ASSISTENTE TECNICO;; ESTATUTARIO;4054,95;;4054,95;573,04;3481,91;
MAIARA TEIXEIRA DE SOUZA;PRESIDENTE FIGUEIREDO;ENG-III;; ESTATUTARIO;7870,95;;7870,95;1824,60;6046,35;
MAISA GOMES MOURA;ANORI;T.AG-III;; ESTATUTARIO;4942,57;;4942,57;791,22;4151,35;
MAISON BERNARDINO CAMPELO;ITAMARATI;T.AG-III;; ESTATUTARIO;4942,57;;4942,57;791,22;4151,35;
MALVINO SALVADOR;DEPTO.ASSIST.TEC.EXT.FLORESTAL;ASSESSOR I;NAO INFORMADO; CARGO COMISSION.S/VINCULO;5729,77;;5729,77;992,73;4737,04;
MANOEL PEREIRA DA SILVA;UARINI;TECNICO EM AGROPECUARIA;ASSESSOR II; ESTATUTARIO;6680,45;;6680,45;1078,12;5602,33;
MARCEL CORREA RIBEIRO;DIRETORIA DE FOMENTO;ENG-III;; ESTATUTARIO;7070,95;;7070,95;1604,60;5466,35;
MARCELO FRANCA GADELHA;ITACOATIARA;TECNICO EM AGROPECUARIA;; ESTATUTARIO;5496,57;;5496,57;933,32;4563,25;
MARCELO FREDERICO TERCO FALCAO;DEPATO.DE ASSIST.TEC.EXT.RURAL;TECNICO AGROPECUARIA;; ESTATUTARIO;4588,74;;4588,74;322,82;4265,92;
MARCIO ANDRE DE SOUZA SILVA;SAO SEBASTIAO DO UATUMA;T.AG-III;; ESTATUTARIO;4942,57;;4942,57;791,22;4151,35;
MARCIO GERALDO FONSECA ROSA;DEPTO.ASSIST.TEC.EXT.FLORESTAL;ASSESSOR II;NAO INFORMADO; CARGO COMISSION.S/VINCULO;4709,79;;4709,79;652,57;4057,22;
MARCO ANTONIO LIMA DE AGUIAR;DEPTO.ADMINISTRATIVO;GERENTE;NAO INFORMADO; CARGO COMISSION.S/VINCULO;4709,79;;4709,79;652,57;4057,22;
MARCOS ANTONIO CERQUEIRA;PRESIDENTE FIGUEIREDO;ENGENHEIRO DE PESCA;; ESTATUTARIO;9748,88;;9748,88;2143,99;7604,89;
MARCOS EUGENIO CHIXARO DE ALMEIDA;HUMAITA;TECNICO EM AGROPECUARIA;; ESTATUTARIO;5496,57;;5496,57;890,66;4605,91;
MARCOS NUNES DA SILVA;JAPURA;T.AG-III;; ESTATUTARIO;4942,57;;4942,57;791,22;4151,35;
MARGARETH NASCIMENTO BARROS;ITACOATIARA;ASSISTENTE TECNICO;; ESTATUTARIO;4698,37;;4698,37;682,29;4016,08;
MARIA AMELIA CENA ARROJAVE;DIRETORIA ADMINIST.FINANCEIRA;COZINHEIRO;; ESTATUTARIO;2924,41;;2924,41;352,99;2571,42;
MARIA DAS GRACAS BARBOSA DA SILVA;DEPTO.DE OPERACOES TECNICAS;TNS-III;; ESTATUTARIO;7275,97;;7275,97;1580,63;5695,34;
MARIA DAS GRACAS MACHADO LOPES;PARINTINS;ASSISTENTE TECNICO;; ESTATUTARIO;5222,11;;5222,11;779,68;4442,43;
MARIA DELZILENE VIEIRA DA COSTA;EIRUNEPE;ASSISTENTE TECNICO;; ESTATUTARIO;5178,89;;5178,89;813,63;4365,26;
MARIA DO CARMO ARAUJO;ASSESSORIA;ASSESSOR I;NAO INFORMADO; CARGO COMISSION.S/VINCULO;5729,77;;5729,77;992,73;4737,04;
MARIA DO SOCORRO FERNANDES DA SILVA;DEPATO.DE ASSIST.TEC.EXT.RURAL;TECNICO EM CONTABILIDADE;; ESTATUTARIO;5307,47;;5307,47;837,46;4470,01;
MARIA EULINA BATALHA DOS ANJOS;URUCARA;ASSISTENTE TECNICO;; ESTATUTARIO;4630,20;;4630,20;696,73;3933,47;
MARIA JOSE DE MELO ANDREOLA;DEPARTAMENTO FINANCEIRO;AGENTE ADMINISTRATIVO;CHEFE DE DEPARTAMENT; ESTATUTARIO;6737,74;;6737,74;1096,04;5641,70;
MARILDO XIMENDES DA SILVA;MANACAPURU;TECNICO EM AGROPECUARIA;; ESTATUTARIO;5496,57;;5496,57;890,66;4605,91;
MARINEZIO PESSOA DE SOUZA;NHAMUNDA;TECNICO EM AGROPECUARIA;; ESTATUTARIO;5114,91;;5114,91;848,69;4266,22;
MARIO FRANCISCO CALDAS ONO;DEPTO.ASSIST.TEC.EXT.FLORESTAL;TECNICO EM AGROPECUARIA;GERENTE; ESTATUTARIO;8073,93;;8073,93;1669,87;6404,06;
MARIO JANDER DE MATOS MENDES JUNIOR;NOVO REMANSO;ENG-III;; ESTATUTARIO;7870,95;;7870,95;1824,60;6046,35;
MARIO JORGE MACEDO CORREIA;DEPTO.ADMINISTRATIVO;A.TEC-III;; ESTATUTARIO;4382,36;;4382,36;632,82;3749,54;
MARIO REGIS SOARES GOMES;TABATINGA;TECNICO AGRICOLA;; ESTATUTARIO;4942,57;;4942,57;723,87;4218,70;
MARISA DA COSTA BEZERRA;DEPARTAMENTO FINANCEIRO;ASSISTENTE TECNICO;; ESTATUTARIO;5358,93;;5358,93;855,67;4503,26;
MARIZA DA PAZ DANTAS RODRIGUES;CODAJAS;ASSISTENTE TECNICO;ASSISTENTE TECNICO; ESTATUTARIO;6166,67;;6166,67;1061,91;5104,76;
MARIZA GOMES DA SILVA;SAO SEBASTIAO DO UATUMA;T.AG-III;; ESTATUTARIO;4942,57;;4942,57;791,22;4151,35;
MARIZA LISLEY DA SILVA JUREMA;MANICORE;GERENTE;NAO INFORMADO; CARGO COMISSION.S/VINCULO;4709,79;;4709,79;652,57;4057,22;
MARLENE RAMOS REIS;COARI;ASSISTENTE TECNICO;; ESTATUTARIO;4559,34;;4559,34;620,79;3938,55;
MARLESON DOS SANTOS TAVARES;PARINTINS;T.AG-III;; ESTATUTARIO;4942,57;;4942,57;791,22;4151,35;
MARQUINHO CASTRO DOS SANTOS;ALVARAES;GERENTE;NAO INFORMADO; CARGO COMISSION.S/VINCULO;4709,79;;4709,79;652,57;4057,22;
MAURICIO BORGES;AUTAZES;TECNICO EM AGROPECUARIA;; ESTATUTARIO;5888,10;;5888,10;1041,19;4846,91;
MELQUESEDEK PEREIRA DE ALCANTARA;NOVO ARIPUANA;T.AG-III;; ESTATUTARIO;4942,57;;4942,57;791,22;4151,35;
MEYB CRISTNY DOS SANTOS SEIXAS;DEPATO.DE ASSIST.TEC.EXT.RURAL;GERENTE;NAO INFORMADO; CARGO COMISSION.S/VINCULO;4709,79;;4709,79;652,57;4057,22;
MICHELEN BRITO LOBO;DEPTO.ADMINISTRATIVO;GERENTE;; CARGO COMISSION.S/VINCULO;4709,79;;4709,79;594,34;4115,45;
MIQUEIAS EMANUEL SOUZA LACERDA;AUTAZES;MOT-III;; ESTATUTARIO;3202,20;;3202,20;345,05;2857,15;
MIRTA DOS SANTOS PONTES;PRESIDENTE FIGUEIREDO;ASSISTENTE TECNICO;; ESTATUTARIO;5267,54;;5267,54;836,12;4431,42;
MOACIR ALVES MARAES;DEPTO.DE OPERACOES TECNICAS;AUXILIAR DE SERVICOS GERAIS;; ESTATUTARIO;2798,01;;2798,01;321,72;2476,29;
MOISES DE SOUZA BRUNO;ANORI;GERENTE;NAO INFORMADO; CARGO COMISSION.S/VINCULO;4709,79;;4709,79;652,57;4057,22;
NADIELE PEREIRA PACHECO;DEPTO.ASSIST.TEC.EXT.FLORESTAL;ENG-III;CHEFE DE DEPARTAMENT; ESTATUTARIO;7377,41;;7377,41;1212,49;6164,92;
NANCI BATISTA REIS;LABREA;ENG-III;; ESTATUTARIO;7870,95;;7870,95;1824,60;6046,35;
NECILDO MONTEIRO DA SILVA;CARAUARI;A.TEC-III;; ESTATUTARIO;4379,35;;4379,35;629,25;3750,10;
NEDER DE SOUZA FALCAO;IRANDUBA;TECNICO EM AGROPECUARIA;; ESTATUTARIO;5496,57;;5496,57;975,98;4520,59;
NEILA DOS SANTOS CARDOSO DUARTE;CAREIRO DA VARZEA;ASSISTENTE TECNICO;; ESTATUTARIO;6023,77;;6023,77;1018,41;5005,36;
NELCYRLANE ALCANTARA CASCAES;MANAQUIRI;TECNICO EM AGROPECUARIA;; ESTATUTARIO;5496,57;;5496,57;975,98;4520,59;
NELIO DE OLIVEIRA SENA;RIO PRETO DA EVA;TECNICO EM AGROPECUARIA;; ESTATUTARIO;5496,57;;5496,57;933,32;4563,25;
NESTOR RIBEIRO NETO;TEFE;T.AG-III;; ESTATUTARIO;4942,57;;4942,57;791,22;4151,35;
NEY DE FREITAS ASSIS;BOCA DO ACRE;TECNICO EM AGROPECUARIA;GERENTE; ESTATUTARIO;7127,08;;7127,08;1384,46;5742,62;
NONATO RAIMUNDO GOMES DE ALMEIDA;EIRUNEPE;VIGIA;; ESTATUTARIO;4329,52;;4329,52;499,56;3829,96;
OCTACILIO JOSE PESSOA FERREIRA NETO;PARINTINS;MEDICO VETERINARIO;; ESTATUTARIO;8938,34;;8938,34;2046,15;6892,19;
ODELANGE CARLOS SEABRA DOS REIS;TEFE;GERENTE;NAO INFORMADO; CARGO COMISSION.S/VINCULO;4709,79;;4709,79;652,57;4057,22;
OFIR DE SOUZA HAGE;DIRETORIA DE FOMENTO;TECNICO EM AGROPECUARIA;GERENTE AD/2; ESTATUTARIO;6591,64;;6591,64;1234,46;5357,18;
OMESIAS MACEDO DOS SANTOS;URUCARA;TECNICO EM AGROPECUARIA;; ESTATUTARIO;5218,20;;5218,20;840,48;4377,72;
ORDIVAL LEITE RUBIM FILHO;DIRETORIA ADMINIST.FINANCEIRA;A.TEC-III;DIRETOR ADMINISTRATI; ESTATUTARIO;9743,94;;9743,94;1913,23;7830,71;
ORLANDINO MELGUEIRO DA SILVA;SANTA IZABEL DO RIO NEGRO;GERENTE;NAO INFORMADO; CARGO COMISSION.S/VINCULO;4709,79;;4709,79;652,57;4057,22;
ORLANDO JUSTINO DA COSTA;DEPTO.ADMINISTRATIVO;A.TEC-III;; ESTATUTARIO;3899,75;;3899,75;559,74;3340,01;
ORLANDO PEREIRA ANTUNES;BOA VISTA DO RAMOS;ASSISTENTE TECNICO;; ESTATUTARIO;4554,92;;4554,92;648,04;3906,88;
ORLEIDSON MAIA SALES;DEPATO.DE ASSIST.TEC.EXT.RURAL;GERENTE;NAO INFORMADO; CARGO COMISSION.S/VINCULO;4709,79;;4709,79;652,57;4057,22;
ORNALDO MIRANDA SACRAMENTO;CARAUARI;T.AG-III;; ESTATUTARIO;4942,57;;4942,57;791,22;4151,35;
OSIMAR DA SILVA OLIVEIRA;AUTAZES;MED.V-III;; ESTATUTARIO;8438,21;;8438,21;1962,12;6476,09;
OSMAR DE SOUZA MENEZES;EIRUNEPE;ASSISTENTE TECNICO;; ESTATUTARIO;5268,67;;5268,67;793,46;4475,21;
OSMAR LIRA DE CARVALHO;DEPTO.ADMINISTRATIVO;AUXILIAR DE SERVICOS GERAIS;; ESTATUTARIO;3915,05;;3915,05;430,92;3484,13;
OZENILDO OLIVEIRA MINEIRO;DIRETORIA DE FOMENTO;TECNICO EM AGROPECUARIA;; ESTATUTARIO;4996,57;;4996,57;826,34;4170,23;
PATRIK ONIAS MONTEIRO;EIRUNEPE;ENG-III;; ESTATUTARIO;7870,95;;7870,95;1824,60;6046,35;
PAULA LARISSA NASCIMENTO ALVES;RIO PRETO DA EVA;EX.SOC-III;; ESTATUTARIO;4942,59;;4942,59;791,22;4151,37;
PAULA TEIXEIRA VIEIRA;ASSESSORIA;GERENTE;NAO INFORMADO; CARGO COMISSION.S/VINCULO;4709,79;;4709,79;652,57;4057,22;
PAULO FERREIRA GALVAO;DEPATO.DE ASSIST.TEC.EXT.RURAL;ENGENHEIRO CIVIL;; ESTATUTARIO;11544,17;;11544,17;2916,79;8627,38;
PAULO RAMOS ROLIM;DEPATO.DE ASSIST.TEC.EXT.RURAL;ENGENHEIRO DE PESCA;; ESTATUTARIO;11637,99;;11637,99;3107,90;8530,09;
PAULO RENE PIMENTEL GONZAGA;BARREIRINHA;T.AG-III;; ESTATUTARIO;4942,57;;4942,57;791,22;4151,35;
PAULO ROBERTO DA SILVA TORRES;TEFE;ENG-III;; ESTATUTARIO;7870,95;;7870,95;1824,60;6046,35;
PAULO SOARES COSTA;DEPTO.DE OPERACOES TECNICAS;ENGENHEIRO AGRONOMO;; ESTATUTARIO;8416,63;;8416,63;1898,85;6517,78;
PEDRO CASTRO DA SILVA;SAO SEBASTIAO DO UATUMA;AUXILIAR TECNICO;; ESTATUTARIO;4960,06;;4960,06;600,94;4359,12;
PEDRO CHAVES DA SILVA;DEPATO.DE ASSIST.TEC.EXT.RURAL;GERENTE;; CARGO COMISSION.S/VINCULO;4709,79;;4709,79;594,34;4115,45;
PEDRO HAMILTON MARQUES DE OLIVEIRA;ENVIRA;TECNICO EM AGROPECUARIA;; ESTATUTARIO;7162,09;;7162,09;1167,35;5994,74;
PEDRO HENRIQUE DE SA VIEIRA;CASTANHO;ENG-III;; ESTATUTARIO;7870,95;;7870,95;1824,60;6046,35;
PEDRO HENRIQUE HONORIO TRINDADE;HUMAITA;ENGENHEIRO AGRONOMO;; ESTATUTARIO;7870,95;;7870,95;1824,60;6046,35;
PEDRO IVO NAVES DE ALBUQUERQUE;DIRETORIA DE FOMENTO;ENG-III;; ESTATUTARIO;7070,95;;7070,95;1604,60;5466,35;
PEDRO JORGE RAMOS SILVEIRA;MAUES;ENG-III;; ESTATUTARIO;7870,95;;7870,95;1824,60;6046,35;
PEDRO RODRIGUES REINALDO FILHO;JAPURA;GERENTE;NAO INFORMADO; CARGO COMISSION.S/VINCULO;6113,05;;6113,05;1083,99;5029,06;
PERPETUO SOCORRO DE OLIVEIRA LOPES;PARINTINS;TECNICO EM CONTABILIDADE;; ESTATUTARIO;5292,80;;5292,80;842,33;4450,47;
PLACIDO DA SILVA RAMOS FILHO;MANACAPURU;ENGENHEIRO AGRONOMO;; ESTATUTARIO;10937,59;;10937,59;2381,97;8555,62;
QUÊNIA DE SOUZA BARROS;DEPARTAMENTO DE PLANEJAMENTO;GERENTE;NAO INFORMADO; CARGO COMISSION.S/VINCULO;4709,79;;4709,79;652,57;4057,22;
RAFAEL CAMOLEZE MALTAROLO;HUMAITA;ENG-III;; ESTATUTARIO;7870,95;;7870,95;1824,60;6046,35;
RAFAEL NUNES OLIVEIRA;ITACOATIARA;T.AG-III;; ESTATUTARIO;4942,57;;4942,57;791,22;4151,35;
RAIMUNDA DE SOUZA FARIAS;ITACOATIARA;ENG-III;; ESTATUTARIO;7870,95;;7870,95;1824,60;6046,35;
RAIMUNDA GONCALVES DA CUNHA;CASTANHO;AGENTE ADMINISTRATIVO;; ESTATUTARIO;4473,22;;4473,22;654,50;3818,72;
RAIMUNDA MARIA RODRIGUES DA SILVA;DIRETORIA DE FOMENTO;A.TEC-III;; ESTATUTARIO;4372,40;;4372,40;630,29;3742,11;
RAIMUNDO DA SILVA QUEIROZ;CODAJAS;MOTORISTA;; ESTATUTARIO;4642,07;;4642,07;578,65;4063,42;
RAIMUNDO GERSON SOUZA DA COSTA;DIRETORIA DE FOMENTO;ENGENHEIRO FLORESTAL;; ESTATUTARIO;21604,85;;21604,85;6329,51;15275,34;
RAIMUNDO MENDES LEAL FILHO;MAUES;TECNICO EM AGROPECUARIA;; ESTATUTARIO;5496,57;;5496,57;975,98;4520,59;
RAIMUNDO NONATO DE LIMA LYRA;DEPARTAMENTO FINANCEIRO;ASSISTENTE TECNICO;; ESTATUTARIO;5789,91;;5789,91;931,92;4857,99;
RAIMUNDO NONATO RIBEIRO AMBROSIO;CASTANHO;AUX.O-III;; ESTATUTARIO;3228,43;;3228,43;350,41;2878,02;
RAIMUNDO OBERTO CASCAES;MANAQUIRI;MOTORISTA;; ESTATUTARIO;4168,64;;4168,64;526,26;3642,38;
RAIMUNDO OSCAR VIEIRA DE OLIVEIRA;PARINTINS;TECNICO EM AGROPECUARIA;; ESTATUTARIO;5269,52;;5269,52;895,99;4373,53;
RAIMUNDO PEREIRA AMORIM;DEPTO.DE OPERACOES TECNICAS;TECNICO EM AGROPECUARIA;; ESTATUTARIO;4808,31;;4808,31;798,71;4009,60;
RAIMUNDO VIEIRA DA SILVA;DEPARTAMENTO DE PLANEJAMENTO;PEDAGOGO;; ESTATUTARIO;8251,69;;8251,69;1838,61;6413,08;
RAIMUNDO ZOROASTRO N BRANDAO;TABATINGA;TECNICO AGRICOLA;; ESTATUTARIO;4942,57;;4942,57;723,87;4218,70;
RAMOM RODRIGUES ARAUJO;DEPATO.DE ASSIST.TEC.EXT.RURAL;ENG-III;; ESTATUTARIO;7070,95;;7070,95;1604,60;5466,35;
REDINE CLAUDIO XAVIER;ENVIRA;TECNICO EM AGROPECUARIA;; ESTATUTARIO;5265,03;;5265,03;681,43;4583,60;
REGIMARA ALVES BREVES;DEPTO.ADMINISTRATIVO;AGENTE ADMINISTRATIVO;GERENTE AD/2; ESTATUTARIO;5804,99;;5804,99;858,20;4946,79;
RENATA MAGNENTI LUCIANO SANTOS;DEPTO.DE OPERACOES TECNICAS;GERENTE;NAO INFORMADO; CARGO COMISSION.S/VINCULO;4709,79;;4709,79;652,57;4057,22;
RENATO ALVES DE ARAUJO;ITACOATIARA;AUX.O-III;; ESTATUTARIO;3538,91;;3538,91;399,69;3139,22;
RENATO MARQUES DO NASCIMENTO;DEPTO.DE OPERACOES TECNICAS;AUXILIAR DE SERVICOS GERAIS;; ESTATUTARIO;2798,01;;2798,01;321,72;2476,29;
RENATO PALMA DE LIMA;BORBA;ASSISTENTE TECNICO;; ESTATUTARIO;5241,19;;5241,19;828,20;4412,99;
RENATO PEREIRA SOBRINHO;HUMAITA;MOT-III;; ESTATUTARIO;3202,20;;3202,20;345,05;2857,15;
RICARDO ABRAAO SANTOS DE SOUZA;PRESIDENTE FIGUEIREDO;GERENTE;NAO INFORMADO; CARGO COMISSION.S/VINCULO;4209,79;;4209,79;652,57;3557,22;
RICARDO DE SOUZA SOBREIRA;MANAQUIRI;GERENTE;NAO INFORMADO; CARGO COMISSION.S/VINCULO;4709,79;;4709,79;509,43;4200,36;
RICKSON DA CRUZ VALENTE;PARINTINS;TECNICO EM AGROPECUARIA;GERENTE; ESTATUTARIO;6298,85;;6298,85;1090,86;5207,99;
RIVETLA EDIPO ARAUJO CRUZ;APUI;T.AG-III;; ESTATUTARIO;5942,57;;5942,57;1129,02;4813,55;
ROBERT LUCIO FALCAO DE OLIVEIRA;MANACAPURU;GERENTE;NAO INFORMADO; CARGO COMISSION.S/VINCULO;4709,79;;4709,79;652,57;4057,22;
ROBERTO AIRES EDWARDS DE OLIVEIRA;CAREIRO DA VARZEA;TECNICO EM AGROPECUARIA;; ESTATUTARIO;5496,57;;5496,57;975,98;4520,59;
ROBERTO LIMA DA SILVA;JUTAI;T.AG-III;; ESTATUTARIO;4942,57;;4942,57;791,22;4151,35;
ROBERTO VANDERLEI DE ARRUDA;APUI;AGENTE ADMINISTRATIVO;; ESTATUTARIO;5195,79;;5195,79;815,66;4380,13;
RODERICO DE LIMA LIMEIRA;MANICORE;MOTORISTA;; ESTATUTARIO;3779,83;;3779,83;467,98;3311,85;
ROGER VIEIRA MACIEL;BOCA DO ACRE;MED.V-III;; ESTATUTARIO;7870,95;;7870,95;1824,60;6046,35;
ROGERIO RIBEIRO DE AMORIM;DEPTO.ADMINISTRATIVO;MOT-III;; ESTATUTARIO;2702,20;;2702,20;308,31;2393,89;
ROMUALDO FIGUEIREDO RAMOS;MANACAPURU;TECNICO EM AGROPECUARIA;; ESTATUTARIO;5322,44;;5322,44;901,22;4421,22;
ROMULO JUNIOR ALVES DA SILVA;CASTANHO;GERENTE;NAO INFORMADO; CARGO COMISSION.S/VINCULO;6113,05;;6113,05;1083,99;5029,06;
RONALD DA SILVA FARIAS;NHAMUNDA;T.AG-III;; ESTATUTARIO;4942,57;;4942,57;791,22;4151,35;
RONAN DE SOUZA;URICURITUBA;GERENTE;NAO INFORMADO; CARGO COMISSION.S/VINCULO;4709,79;;4709,79;652,57;4057,22;
RONEY DE CARVALHO MACEDO SILVA;SAO GABRIEL DA CACHOEIRA;ENG-III;; ESTATUTARIO;7870,95;;7870,95;1824,60;6046,35;
RONIERY CARLOS GONCALVES GALINDO;DEPATO.DE ASSIST.TEC.EXT.RURAL;MED.V-III;; ESTATUTARIO;7070,95;;7070,95;1604,60;5466,35;
ROSALBINA MOURA CAVALCANTE;DIRETORIA ADMINIST.FINANCEIRA;AUX.S.G-III;; ESTATUTARIO;3040,41;;3040,41;336,31;2704,10;
ROSEMIRO PICANCO ROCHA FILHO;PARINTINS;TECNICO EM CONTABILIDADE;TEC.DE CONTABILIDADE; ESTATUTARIO;5290,64;;5290,64;797,69;4492,95;
ROSSICLEIDE DA ROCHA BATISTA;NOVO AIRAO;T.AG-III;; ESTATUTARIO;4942,57;;4942,57;791,22;4151,35;
RUCIAN SANTOS DE ANDRADE;TAPAUA;T.AG-III;; ESTATUTARIO;4942,57;;4942,57;791,22;4151,35;
SABRINA SIANI VIANA ARAUJO;PRESIDENTE FIGUEIREDO;ENG-III;; ESTATUTARIO;7870,95;;7870,95;1824,60;6046,35;
SAMUEL DOS SANTOS SILVA;TONANTINS;T.AG-III;; ESTATUTARIO;4942,57;;4942,57;791,22;4151,35;
SANDERSON DA SILVA SANTANA;DEPTO.DE OPERACOES TECNICAS;ASSESSOR III;NAO INFORMADO; CARGO COMISSION.S/VINCULO;3691,80;;3691,80;379,31;3312,49;
SANDRA REGINA MAQUINE BARBOSA;DIRETORIA ADMINIST.FINANCEIRA;TEC. DE NIVEL SUPERIOR 1A CLASSE;F. GRATIFICADA, FG-1; ESTATUTARIO;7052,74;;7052,74;1222,64;5830,10;
SAVIO ARAUJO BOTO;DEPATO.DE ASSIST.TEC.EXT.RURAL;TNS-III;; ESTATUTARIO;6132,23;;6132,23;1251,17;4881,06;
SCHIRLEY ELVIRA PINTO ATAIDE;ITACOATIARA;TECNICO EM AGROPECUARIA;; ESTATUTARIO;5496,57;;5496,57;933,32;4563,25;
SEBASTIAO DA SILVA GOMES;DEPTO.DE OPERACOES TECNICAS;AUXILIAR DE SERVICOS GERAIS;; ESTATUTARIO;2798,01;;2798,01;321,72;2476,29;
SEBASTIAO DIAS DE MENDONCA;DEPATO.DE ASSIST.TEC.EXT.RURAL;ENGENHEIRO AGRONOMO;GERENTE AD/2; ESTATUTARIO;9236,63;;9236,63;2436,97;6799,66;
SEBASTIAO JOSE PINHEIRO DA PAIXAO;IRANDUBA;CAD-III;; ESTATUTARIO;4892,34;;4892,34;681,92;4210,42;
SEBASTIAO ROQUE DA CRUZ;DIRETORIA DE FOMENTO;TECNICO EM AGROPECUARIA;; ESTATUTARIO;6940,48;;6940,48;1332,35;5608,13;
SERGIO AUGUSTO FROES CAVALCANTE;ITAPIRANGA;TECNICO EM AGROPECUARIA;; ESTATUTARIO;5496,57;;5496,57;831,19;4665,38;
SERGIO ROCHA MUNIZ;DIR.DE ASSIST.TEC.E EXT.RURAL;MEDICO VETERINARIO;; ESTATUTARIO;7587,78;;7587,78;1729,21;5858,57;
SILDOVERIO ALMEIDA TUNDIS;DEPATO.DE ASSIST.TEC.EXT.RURAL;ENG-III;; ESTATUTARIO;10392,46;;10392,46;2731,84;7660,62;
SILVIA CHRISTINA DOMINGUES DE ABREU;DEPATO.DE ASSIST.TEC.EXT.RURAL;ENGENHEIRO AGRONOMO;; ESTATUTARIO;8554,30;;8554,30;2058,81;6495,49;
SIMONE ANDRADE DE SOUZA;LABREA;A.SOC-III;; ESTATUTARIO;6932,23;;6932,23;1471,17;5461,06;
SUZAMAR DA SILVA SANTOS;DEPATO.DE ASSIST.TEC.EXT.RURAL;AUXILIAR TECNICO;; ESTATUTARIO;4458,77;;4458,77;710,11;3748,66;
TADEU VELOSO PACHECO;NOVO AIRAO;TECNICO EM AGROPECUARIA;; ESTATUTARIO;5496,57;;5496,57;890,66;4605,91;
TAINAH BRUNA TEIXEIRA DE SOUSA;TABATINGA;GERENTE;NAO INFORMADO; CARGO COMISSION.S/VINCULO;4709,79;;4709,79;652,57;4057,22;
TALYSON MARTINS DE ANDRADE;BENJAMIN CONSTANT;T.AG-III;; ESTATUTARIO;4942,57;;4942,57;791,22;4151,35;
THIAGO ABRAAO REIS DE FRANÇA;MATUPI;ENG-III;; ESTATUTARIO;7870,95;;7870,95;1824,60;6046,35;
TIAGO ROCHA SANTOS;ITACOATIARA;ENGENHEIRO AGRONOMO;; ESTATUTARIO;7870,95;;7870,95;1824,60;6046,35;
TICIANA ARAUJO VILLELA;AUTAZES;ENG-III;; ESTATUTARIO;7870,95;;7870,95;1824,60;6046,35;
VAGNER LUIZ RIBEIRO;DEPATO.DE ASSIST.TEC.EXT.RURAL;ENG-III;; ESTATUTARIO;7070,95;;7070,95;1604,60;5466,35;
VALDECIO DA SILVA GOMES;IPIXUNA;GERENTE;; CARGO COMISSION.S/VINCULO;4709,79;;4709,79;594,34;4115,45;
VALDEMIR BAIA SOARES;DEPTO.DE OPERACOES TECNICAS;A.TEC-III;; ESTATUTARIO;4449,10;;4449,10;649,80;3799,30;
VALDENIZA PRAIANO DE SOUZA;DEPARTAMENTO FINANCEIRO;TECNICO EM CONTABILIDADE;; ESTATUTARIO;4520,15;;4520,15;702,20;3817,95;
VALDENOR PEREIRA DE AZEVEDO;BORBA;AUXILIAR DE SERVICOS GERAIS;; ESTATUTARIO;3300,35;;3300,35;350,90;2949,45;
VALDENOR PONTES CARDOSO;PRESIDENCIA;DIRETOR PRESIDENTE;NAO INFORMADO; CARGO COMISSION.S/VINCULO;12200,00;;12200,00;2893,32;9306,68;
VALDERLINE DE SOUZA TOME;CODAJAS;GERENTE;NAO INFORMADO; CARGO COMISSION.S/VINCULO;4709,79;;4709,79;652,57;4057,22;
VALDIMAR NASCIMENTO AIAMBO;SAO PAULO DE OLIVENCA;GERENTE;; DISP. OUTROS ESFERAS;4709,79;;4709,79;311,07;4398,72;
VALDIR SOUZA E SILVA JUNIOR;DEPTO.ADMINISTRATIVO;MOT-III;; ESTATUTARIO;2702,20;;2702,20;308,31;2393,89;
VALDO DE OLIVEIRA E SILVA;NOVA OLINDA DO NORTE;GERENTE;; CARGO COMISSION.S/VINCULO;4709,79;;4709,79;622,77;4087,02;
VALERIA BARBOSA RODRIGUES;MANACAPURU;T.AG-III;; ESTATUTARIO;4942,57;;4942,57;791,22;4151,35;
VALERIA NOGUEIRA DE JESUS;DIR.DE ASSIST.TEC.E EXT.RURAL;A.TEC-III;; ESTATUTARIO;3892,95;;3892,95;557,90;3335,05;
VANDRICIA GOMES BARROSO;ATALAIA DO NORTE;GERENTE;NAO INFORMADO; CARGO COMISSION.S/VINCULO;4709,79;;4709,79;622,77;4087,02;
VANIA RIBEIRO CHERRI;MANICORE;ENG-III;; ESTATUTARIO;7870,95;;7870,95;1824,60;6046,35;
VICENTE MARQUES DA SILVA FILHO;DEPTO.DE OPERACOES TECNICAS;TECNICO EM AGROPECUARIA;; ESTATUTARIO;5387,73;;5387,73;923,30;4464,43;
WAGNER MARTINS DOS SANTOS MONTEIRO;DEPARTAMENTO FINANCEIRO;A.TEC-III;; ESTATUTARIO;3879,35;;3879,35;554,25;3325,10;
WALDOMIRO BORGES DE ARAUJO;NOVO AIRAO;ASSISTENTE TECNICO;; ESTATUTARIO;4776,24;;4776,24;728,63;4047,61;
WALLON VIANA DA SILVA;SILVES;GERENTE;NAO INFORMADO; CARGO COMISSION.S/VINCULO;4709,79;;4709,79;652,57;4057,22;
WALTER RIBEIRO DE CARVALHO;DEPTO.DE OPERACOES TECNICAS;ENGENHEIRO AGRONOMO;; ESTATUTARIO;15520,92;;15520,92;4470,27;11050,65;
WANDA LEMOS PAIXAO NOGUEIRA;DEPATO.DE ASSIST.TEC.EXT.RURAL;ENG-III;; ESTATUTARIO;7070,95;;7070,95;1604,60;5466,35;
WANDERLEY HOLLANDA CAVALCANTE;PARINTINS;SOCIOLOGO;; ESTATUTARIO;7999,43;;7999,43;1843,45;6155,98;
WASHINGTON LUIS AGUIAR;DEPATO.DE ASSIST.TEC.EXT.RURAL;ENGENHEIRO AGRONOMO;GERENTE AD/2; ESTATUTARIO;9767,42;;9767,42;2442,93;7324,49;
WILLIS VIEIRA MERIGUETE;DEPATO.DE ASSIST.TEC.EXT.RURAL;GERENTE;NAO INFORMADO; CARGO COMISSION.S/VINCULO;4709,79;;4709,79;652,57;4057,22;
WILLYAN MOZART DELMOND SILVA;DEPATO.DE ASSIST.TEC.EXT.RURAL;A.TEC-III;; ESTATUTARIO;3879,35;;3879,35;554,25;3325,10;
YAN SILVA SIMPSON;CANUTAMA;EX.SOC-III;; ESTATUTARIO;4942,59;;4942,59;791,22;4151,37;
YURIKA OKA;DEPATO.DE ASSIST.TEC.EXT.RURAL;A.TEC-III;; ESTATUTARIO;3879,35;;3879,35;554,25;3325,10;
ZACARIAS DA SILVA GONDIM;IRANDUBA;TECNICO EM AGROPECUARIA;; ESTATUTARIO;5218,73;;5218,73;882,68;4336,05;
