NOME;LOTACAO;CARGO;FUNCAO;VINCULO;REMUNERACAO LEGAL TOTAL(R$);DESC.TETO(R$); REMUNERACAO LEGAL DEVIDA(R$);DESCONTOS LEGAIS(R$);LIQUIDO DISPONIVEL(R$);
ABRAAO DA SILVA XAVIER;COORD. ADMINISTRAT. FINANCEIRA;GERENTE;NAO INFORMADO; CARGO COMISSION.S/VINCULO;1548,79;;1548,79;122,89;1425,90;
ADAISA DE ALENCAR MELO;COORD. ADMINISTRAT. FINANCEIRA;BIBLI-III;BIBLIOTECARIO; ESTATUTARIO;2764,68;;2764,68;422,58;2342,10;
ADONIAS DE OLIVEIRA PRAIA JUNIOR;COORD. ADMINISTRAT. FINANCEIRA;GERENTE;NAO INFORMADO; CARGO COMISSION.S/VINCULO;1911,79;;1911,79;155,56;1756,23;
ADRIANA BATISTA BATALHA;COORD. ADMINISTRAT. FINANCEIRA;ASSESSOR III;ASSESSOR III AD-3; CARGO COMISSION.S/VINCULO;3191,80;;3191,80;379,31;2812,49;
ADRIANA LINS BARROS;COORD. ADMINISTRAT. FINANCEIRA;AUX.O-III;AUX OP CAMAR TEATRO; ESTATUTARIO;1605,81;;1605,81;162,02;1443,79;
ADRIANO DA SILVA COUTO;COORD. ADMINISTRAT. FINANCEIRA;GERENTE;GERENTE; CARGO COMISSION.S/VINCULO;4209,79;;4209,79;652,57;3557,22;
ALAN DA SILVA GOMES;COORD. ADMINISTRAT. FINANCEIRA;AUX.O-III;; ESTATUTARIO;1605,81;;1605,81;162,02;1443,79;
ALBERTO MOURA;COORD. ADMINISTRAT. FINANCEIRA;AUX.S.G-II;; ESTATUTARIO;2520,15;;2520,15;175,45;2344,70;
ALCI RIBEIRO DE ALENCAR;COORD. ADMINISTRAT. FINANCEIRA;OPERADOR DE ILUMINACAO;; ESTATUTARIO;2624,37;;2624,37;246,58;2377,79;
ALCIONE LIMA DE ALMEIDA C BARBOSA;COORD. ADMINISTRAT. FINANCEIRA;SUBGERENTE;SUBGERENTE AD-3; CARGO COMISSION.S/VINCULO;2195,80;;2195,80;181,12;2014,68;
ALDERLANI DE OLIVEIRA LEITE;COORD. ADMINISTRAT. FINANCEIRA;GERENTE;GERENTE AD-2; CARGO COMISSION.S/VINCULO;2609,79;;2609,79;266,20;2343,59;
ALESSANDRA COSTA CESAR DE SOUZA;COORD. ADMINISTRAT. FINANCEIRA;ASSESSOR II;NAO INFORMADO; CARGO COMISSION.S/VINCULO;3209,79;;3209,79;383,84;2825,95;
ALESSANDRA D'AVILA ALMEIDA SILVA;COORD. ADMINISTRAT. FINANCEIRA;GERENTE;GERENTE AD-2; CARGO COMISSION.S/VINCULO;4209,79;;4209,79;622,77;3587,02;
ALESSANDRA MARIA DA SILVA GOMES;COORD. ADMINISTRAT. FINANCEIRA;GERENTE;GERENTE AD-2; CARGO COMISSION.S/VINCULO;2609,79;;2609,79;266,20;2343,59;
ALEX CLEI DA SILVA BAIA;COORD. ADMINISTRAT. FINANCEIRA;AUX.O-III;AUX. OPER. CENOTECN; ESTATUTARIO;2163,81;;2163,81;162,02;2001,79;
ALEXANDRE MORAES DA SILVA;COORD. ADMINISTRAT. FINANCEIRA;ASSESSOR II;ASSESSOR II; CARGO COMISSION.S/VINCULO;2609,79;;2609,79;266,20;2343,59;
ALFRELENE PAES BARRETO PINTO;COORD. ADMINISTRAT. FINANCEIRA;ASSISTENTE TECNICO II;; ESTATUTARIO;3718,71;;3718,71;394,63;3324,08;
ALINE DE SOUZA SANTANA;COORD. ADMINISTRAT. FINANCEIRA;GERENTE;GERENTE AD-2; CARGO COMISSION.S/VINCULO;4209,79;;4209,79;652,57;3557,22;
ALINE ROSANA ALEXANDRINA DA SILVA;COORD. ADMINISTRAT. FINANCEIRA;A.TEC-III;; ESTATUTARIO;1916,54;;1916,54;189,03;1727,51;
ALINE SOUZA DE OLIVEIRA;COORD. ADMINISTRAT. FINANCEIRA;AUX.O-III;AUX OP COSTUREIRA; ESTATUTARIO;1605,81;;1605,81;162,02;1443,79;
ALIZIANE CUNEGONDES FONTES;COORD. ADMINISTRAT. FINANCEIRA;AUX.ADM-III;; ESTATUTARIO;1221,60;;1221,60;171,02;1050,58;
ALLANA LARISSA DE OLIVEIRA LIMA;COORD. ADMINISTRAT. FINANCEIRA;GERENTE;GERENTE AD-2; CARGO COMISSION.S/VINCULO;2213,79;;2213,79;183,04;2030,75;
AMANDA SANTOS LAMEIRAS AMORIM;COORD. ADMINISTRAT. FINANCEIRA;GERENTE;GERENTE AD-2; CARGO COMISSION.S/VINCULO;2951,72;;2951,72;329,80;2621,92;
ANA CHRISTINA DE FREITAS SANTOS;COORD. ADMINISTRAT. FINANCEIRA;A.TEC-I;ASSESSOR I; ESTATUTARIO;6110,07;;6110,07;967,80;5142,27;
ANA CRISTINA LIRA MANSOUR;COORD. ADMINISTRAT. FINANCEIRA;GERENTE;GERENTE AD-2; CARGO COMISSION.S/VINCULO;1699,79;;1699,79;136,48;1563,31;
ANA ESTELA DOS SANTOS FERREIRA;COORD. ADMINISTRAT. FINANCEIRA;AUX.ADM-III;AUX ADM; ESTATUTARIO;1221,60;;1221,60;171,02;1050,58;
ANA ILKA IZEL ASSUMPÇÃO;COORD. ADMINISTRAT. FINANCEIRA;ASSESSOR II;; CARGO COMISSION.S/VINCULO;4209,79;;4209,79;652,57;3557,22;
ANA KAROLINE DA SILVA CORDEIRO;COORD. ADMINISTRAT. FINANCEIRA;AUX.ADM-III;AUX. ADMINISTRATIVO; ESTATUTARIO;1605,81;;1605,81;171,02;1434,79;
ANA KATIA DA SILVA;COORD. ADMINISTRAT. FINANCEIRA;A.TEC-III;CHEFE DE DEPARTAMENT; ESTATUTARIO;5771,54;;5771,54;750,59;5020,95;
ANA LIDIA FERREIRA;COORD. ADMINISTRAT. FINANCEIRA;TNS-III;TEC.NIV.SUP.-TURISMO; ESTATUTARIO;3150,45;;3150,45;487,25;2663,20;
ANA LIDIA ROLIM DE LIMA;COORD. ADMINISTRAT. FINANCEIRA;AUX.ADM-III;; ESTATUTARIO;1221,60;;1221,60;171,02;1050,58;
ANA LUZIA AMARO DOS SANTOS;COORD. ADMINISTRAT. FINANCEIRA;SUBGERENTE;NAO INFORMADO; CARGO COMISSION.S/VINCULO;1893,80;;1893,80;153,94;1739,86;
ANA MARIA QUEIROZ DA SILVEIRA;COORD. ADMINISTRAT. FINANCEIRA;GERENTE;GERENTE AD-2; CARGO COMISSION.S/VINCULO;2213,79;;2213,79;183,04;2030,75;
ANA ORDOENHA BENCHIMOL;COORD. ADMINISTRAT. FINANCEIRA;GERENTE;NAO INFORMADO; CARGO COMISSION.S/VINCULO;3209,79;;3209,79;383,84;2825,95;
ANABETE RODRIGUES DE LIMA;COORD. ADMINISTRAT. FINANCEIRA;A.TEC-I;; ESTATUTARIO;1845,60;;1845,60;218,50;1627,10;
ANDREA RODRIGUES DE MOURA;COORD. ADMINISTRAT. FINANCEIRA;ASSESSOR III;NAO INFORMADO; CARGO COMISSION.S/VINCULO;2195,80;;2195,80;181,12;2014,68;
ANDRESSA DE OLIVEIRA SILVA;COORD. ADMINISTRAT. FINANCEIRA;CHEFE DE DEPARTAMENTO;CH.DE DPTO. AD-1; CARGO COMISSION.S/VINCULO;5229,77;;5229,77;992,73;4237,04;
ANGELO DANIEL COUTINHO TEIXEIRA;COORD. ADMINISTRAT. FINANCEIRA;A.TEC-III;ASS. TEC. SONOPLASTA; ESTATUTARIO;3577,54;;3577,54;342,51;3235,03;
ANIBAL AUGUSTO TURENKO BECA;COORD. ADMINISTRAT. FINANCEIRA;ASSESSOR I;NAO INFORMADO; CARGO COMISSION.S/VINCULO;5229,77;;5229,77;992,73;4237,04;
ANNE PAIVA DE ALENCAR;COORD. ADMINISTRAT. FINANCEIRA;A.OPE-III;CHEFE DE DEPARTAMENT; ESTATUTARIO;5771,54;;5771,54;854,86;4916,68;
ANNE RUTH BRANDAO DA SILVA;COORD. ADMINISTRAT. FINANCEIRA;GERENTE;GERENTE AD-2; CARGO COMISSION.S/VINCULO;4209,79;;4209,79;622,77;3587,02;
ANTONIA ALVES MOURAO;COORD. ADMINISTRAT. FINANCEIRA;AUX.DE APOIO ADMINISTRATIVO I;; ESTATUTARIO;2557,46;;2557,46;201,21;2356,25;
ANTONIO FONSECA BENEVENUTO;COORD. ADMINISTRAT. FINANCEIRA;AUX.BIBLI-III;AUX. BIBLIOTECA; ESTATUTARIO;1221,60;;1221,60;171,02;1050,58;
ANTONIO FRANCISCO AUSIER RAMOS;COORD. ADMINISTRAT. FINANCEIRA;CHEFE DE DEPARTAMENTO;NAO INFORMADO; CARGO COMISSION.S/VINCULO;5229,77;;5229,77;992,73;4237,04;
ANTONIO KAYTON DA SILVA ROSARIO;COORD. ADMINISTRAT. FINANCEIRA;AUX.O-III;AUX. OPER. CENOTECN; ESTATUTARIO;2163,81;;2163,81;162,02;2001,79;
ANTONIO NORBERTO URTIGA;COORD. ADMINISTRAT. FINANCEIRA;TNS-I;; ESTATUTARIO;8444,37;;8444,37;2173,36;6271,01;
ARIADNE DA ROCHA DE S PAULO AGUIAR;COORD. ADMINISTRAT. FINANCEIRA;ASSESSOR II;NAO INFORMADO; CARGO COMISSION.S/VINCULO;3209,79;;3209,79;383,84;2825,95;
ARNALDO BARRETO ALVES;COORD. ADMINISTRAT. FINANCEIRA;ASSESSOR III;ASSESSOR III; CARGO COMISSION.S/VINCULO;2525,07;;2525,07;250,45;2274,62;
ARTHUR JORGE FREIRE VILAS BOAS;COORD. ADMINISTRAT. FINANCEIRA;AUX.O-III;; ESTATUTARIO;1605,81;;1605,81;162,02;1443,79;
AUGUSTO HARLLEY GOMES DOS SANTOS;COORD. ADMINISTRAT. FINANCEIRA;AUX.O-III;AUX. OP. MONT. EVENT; ESTATUTARIO;2141,08;;2141,08;162,02;1979,06;
BARBARA CATERINE DE OLIVEIRA;COORD. ADMINISTRAT. FINANCEIRA;ENG-III;ENGENHEIRO; ESTATUTARIO;5601,48;;5601,48;1239,60;4361,88;
BEATRIZ BRILHANTE MARQUES;COORD. ADMINISTRAT. FINANCEIRA;GERENTE;NAO INFORMADO; CARGO COMISSION.S/VINCULO;1911,79;;1911,79;155,56;1756,23;
BEATRIZ DO CARMO ALVES;COORD. ADMINISTRAT. FINANCEIRA;BIBLI-III;BIBLIOTECARIO; ESTATUTARIO;4114,88;;4114,88;629,68;3485,20;
BEZALEEL ANDRADE DE ALMEIDA;COORD. ADMINISTRAT. FINANCEIRA;GERENTE;NAO INFORMADO; CARGO COMISSION.S/VINCULO;2266,39;;2266,39;202,33;2064,06;
BRUNO ROGERIO DE VASCONCELOS BASTOS;COORD. ADMINISTRAT. FINANCEIRA;A.OPE-III;ASS. OP. MAQUINISTA; ESTATUTARIO;2279,54;;2279,54;189,03;2090,51;
CABRAL NEVES DE MELO;COORD. ADMINISTRAT. FINANCEIRA;ASSISTENTE TECNICO 3A CLASSE;; ESTATUTARIO;2195,47;;2195,47;206,94;1988,53;
CAIO ALEXANDRE CORREA DA SILVA;COORD. ADMINISTRAT. FINANCEIRA;SUBGERENTE;NAO INFORMADO; CARGO COMISSION.S/VINCULO;2195,80;;2195,80;181,12;2014,68;
CAIO ANDRE NASCIMENTO ARAUJO;COORD. ADMINISTRAT. FINANCEIRA;SUBGERENTE;SUBGERENTE AD-3; CARGO COMISSION.S/VINCULO;3191,80;;3191,80;331,80;2860,00;
CAIO MIRANDA RODRIGUES;COORD. ADMINISTRAT. FINANCEIRA;A.TEC-III;; ESTATUTARIO;1916,54;;1916,54;189,03;1727,51;
CANDIDO JEREMIAS CUMARU NETO;COORD. ADMINISTRAT. FINANCEIRA;SECRETARIO EXECUTIVO;NAO INFORMADO; CARGO COMISSION.S/VINCULO;11700,00;;11700,00;2893,32;8806,68;
CARLOS ALBERTO SANTOS NUNES;COORD. ADMINISTRAT. FINANCEIRA;AUX.O-III;AUX.OP.MONT.EVENTOS; ESTATUTARIO;2163,81;;2163,81;162,02;2001,79;
CARLOS ALEXANDRE LEAO AUZIER;COORD. ADMINISTRAT. FINANCEIRA;AUX.O-III;AUX.OP MONT.EVENTOS; ESTATUTARIO;2163,81;;2163,81;162,02;2001,79;
CARLOS AUGUSTO MAIA DA SILVA;COORD. ADMINISTRAT. FINANCEIRA;AUX.TECNICO ADMINISTRATIVO I;; ESTATUTARIO;2865,93;;2865,93;270,86;2595,07;
CARLOS JORGE PISSANGO DOS SANTOS;COORD. ADMINISTRAT. FINANCEIRA;AUX.O-III;AUX. OPER. ARTIFICE; ESTATUTARIO;1605,81;;1605,81;162,02;1443,79;
CASSIA CRISTINA UCHOA MARQUES;COORD. ADMINISTRAT. FINANCEIRA;GERENTE;GERENTE AD-2; CARGO COMISSION.S/VINCULO;3209,79;;3209,79;383,84;2825,95;
CHRYSTIANNE DA SILVA OLIVEIRA;COORD. ADMINISTRAT. FINANCEIRA;GERENTE;; CARGO COMISSION.S/VINCULO;2213,79;;2213,79;183,04;2030,75;
CINTHIA SANTIAGO PACHECO;COORD. ADMINISTRAT. FINANCEIRA;ASSISTENTE TECNICO I;; ESTATUTARIO;1765,10;;1765,10;235,23;1529,87;
CLEBER BATISTA DE SOUZA;COORD. ADMINISTRAT. FINANCEIRA;ASSISTENTE TECNICO II;; ESTATUTARIO;4104,66;;4104,66;454,22;3650,44;
CRISTIAN PIO AVILA;COORD. ADMINISTRAT. FINANCEIRA;ANTP-III;GERENTE AD-2; ESTATUTARIO;5285,90;;5285,90;864,88;4421,02;
CRISTIANA PAULA MELO ZANY BRANDAO;COORD. ADMINISTRAT. FINANCEIRA;TNS-I;CH. DE DPTO  AD 1; ESTATUTARIO;4131,05;;4131,05;682,82;3448,23;
CRISTOVAO COUTINHO BATISTA;COORD. ADMINISTRAT. FINANCEIRA;ASSESSOR II;; CARGO COMISSION.S/VINCULO;4209,79;;4209,79;652,57;3557,22;
DANIEL SALES COSTA;COORD. ADMINISTRAT. FINANCEIRA;A.OPE-III;ASS. OP. MAQUINISTA; ESTATUTARIO;2279,54;;2279,54;189,03;2090,51;
DANILO DE ASSIS RIBEIRO;COORD. ADMINISTRAT. FINANCEIRA;AUX.BIBLI-III;AUX. BIBLIOTECA; ESTATUTARIO;1221,60;;1221,60;171,02;1050,58;
DAVID CARVALHO DE LIMA;COORD. ADMINISTRAT. FINANCEIRA;BIBLI-III;BIBLIOTECARIO; ESTATUTARIO;3686,24;;3686,24;527,14;3159,10;
DAVISON MAIA BRAGA;COORD. ADMINISTRAT. FINANCEIRA;AUX.ADM-III;AUX ADM; ESTATUTARIO;1221,60;;1221,60;171,02;1050,58;
DAYANNA ARAUJO PEREIRA;COORD. ADMINISTRAT. FINANCEIRA;GERENTE;NAO INFORMADO; CARGO COMISSION.S/VINCULO;2213,79;;2213,79;183,04;2030,75;
DAYSE DA SILVA PRESTES;COORD. ADMINISTRAT. FINANCEIRA;GERENTE;GERENTE AD 2; CARGO COMISSION.S/VINCULO;2213,79;;2213,79;183,04;2030,75;
DEBORA DA SILVA MARQUES;COORD. ADMINISTRAT. FINANCEIRA;GERENTE;GERENTE AD-2; CARGO COMISSION.S/VINCULO;4209,79;;4209,79;652,57;3557,22;
DENIO ALEX SILVA DA MOTA;COORD. ADMINISTRAT. FINANCEIRA;GERENTE;GERENTE AD-2; CARGO COMISSION.S/VINCULO;2609,79;;2609,79;266,20;2343,59;
DENIS CARVALHO DA SILVA;COORD. ADMINISTRAT. FINANCEIRA;ASSESSOR III;ASSESSOR III; CARGO COMISSION.S/VINCULO;3191,80;;3191,80;379,31;2812,49;
DEYZILANE DA SILVA MARINHO;COORD. ADMINISTRAT. FINANCEIRA;ASSESSOR II;ASSESSOR II; CARGO COMISSION.S/VINCULO;2213,79;;2213,79;183,04;2030,75;
DIANGELYS DOS SANTOS CONCEICAO;COORD. ADMINISTRAT. FINANCEIRA;AUX.ADM-III;AUX ADM; ESTATUTARIO;1221,60;;1221,60;171,02;1050,58;
DIEGO DE SOUZA PEREIRA;COORD. ADMINISTRAT. FINANCEIRA;ASSESSOR III;ASSESSOR III; CARGO COMISSION.S/VINCULO;1681,80;;1681,80;134,86;1546,94;
DIOGO PEREIRA NEVES;COORD. ADMINISTRAT. FINANCEIRA;AUX.O-III;AUX.OP.MONTA.EVENTOS; ESTATUTARIO;1543,08;;1543,08;162,02;1381,06;
DIONE MACIEL DA SILVA;COORD. ADMINISTRAT. FINANCEIRA;AUX.O-III;AUX OP CAMAM TEATRO; ESTATUTARIO;1605,81;;1605,81;162,02;1443,79;
DOUGLAS ROCHA SANTOS;COORD. ADMINISTRAT. FINANCEIRA;SUBGERENTE;NAO INFORMADO; CARGO COMISSION.S/VINCULO;1681,80;;1681,80;134,86;1546,94;
DOUGLAS SOARES DA SILVA;COORD. ADMINISTRAT. FINANCEIRA;AUX.O-III;AUX.OP.MONT.EVENTOS; ESTATUTARIO;1605,81;;1605,81;162,02;1443,79;
DULCE MARIA LIMA FERREIRA;COORD. ADMINISTRAT. FINANCEIRA;ASSESSOR III;NAO INFORMADO; CARGO COMISSION.S/VINCULO;1893,80;;1893,80;153,94;1739,86;
EDMAR PEREIRA RIBEIRO;COORD. ADMINISTRAT. FINANCEIRA;VIGIA-II;; ESTATUTARIO;2006,15;;2006,15;175,45;1830,70;
EDMYLSON ROSAS JUNIOR;COORD. ADMINISTRAT. FINANCEIRA;ASSISTENTE TECNICO I;; ESTATUTARIO;2305,53;;2305,53;236,00;2069,53;
EDNA GOMES REZENDE;COORD. ADMINISTRAT. FINANCEIRA;GERENTE;GERENTE AD-2; CARGO COMISSION.S/VINCULO;2609,79;;2609,79;266,20;2343,59;
EDNEA ROCHA DA SILVA;COORD. ADMINISTRAT. FINANCEIRA;AUX.O-III;; ESTATUTARIO;1605,81;;1605,81;162,02;1443,79;
EDSON DE SOUZA MELO;COORD. ADMINISTRAT. FINANCEIRA;AUX.O-III;AUX. OPER. CENOTECN; ESTATUTARIO;1605,81;;1605,81;162,02;1443,79;
EILEN MARIA DE SOUZA QUEIROZ;COORD. ADMINISTRAT. FINANCEIRA;GERENTE;GERENTE AD-2; CARGO COMISSION.S/VINCULO;1911,79;;1911,79;155,56;1756,23;
ELENICE CORREA BASTOS;COORD. ADMINISTRAT. FINANCEIRA;ENG-III;ENGENHEIRO; ESTATUTARIO;5601,48;;5601,48;1239,60;4361,88;
ELIANE DE VASCONCELOS GOMES BATISTA;COORD. ADMINISTRAT. FINANCEIRA;AUX.O-III;AUX OP COSTUREIRA; ESTATUTARIO;1605,81;;1605,81;162,02;1443,79;
ELIEZER BACELAR DA SILVA;COORD. ADMINISTRAT. FINANCEIRA;AFINADOR DE INSTRUMENTOS;; ESTATUTARIO;2591,64;;2591,64;227,73;2363,91;
ELINETE FARIAS DOS SANTOS DE LIMA;COORD. ADMINISTRAT. FINANCEIRA;GERENTE;NAO INFORMADO; CARGO COMISSION.S/VINCULO;1911,79;;1911,79;155,56;1756,23;
ELISEA MARIA DOS SANTOS BATALHA;COORD. ADMINISTRAT. FINANCEIRA;ASSESSOR II;NAO INFORMADO; CARGO COMISSION.S/VINCULO;4209,79;;4209,79;652,57;3557,22;
ELISIA CRISTINA DE VASCONCELOS;COORD. ADMINISTRAT. FINANCEIRA;ASSESSOR III;ASSESSOR III; CARGO COMISSION.S/VINCULO;3191,80;;3191,80;379,31;2812,49;
ELIZABETH GUERRA CANTANHEDE;COORD. ADMINISTRAT. FINANCEIRA;ASSESSOR I;ASSESSOR I; ESTATUTARIO;4977,25;;4977,25;829,01;4148,24;
ELIZABETH MARIA MACEDO DE LIMA;COORD. ADMINISTRAT. FINANCEIRA;GERENTE;GERENTE AD-2; CARGO COMISSION.S/VINCULO;2213,79;;2213,79;183,04;2030,75;
ELLEN CRISTINA DOS S NASCIMENTO;COORD. ADMINISTRAT. FINANCEIRA;GERENTE;; CARGO COMISSION.S/VINCULO;2609,79;;2609,79;266,20;2343,59;
ELSON DA COSTA SALES;COORD. ADMINISTRAT. FINANCEIRA;ASSESSOR III;; CARGO COMISSION.S/VINCULO;1681,80;;1681,80;134,86;1546,94;
EMANUELLE MENEZES FIGUEIREDO;COORD. ADMINISTRAT. FINANCEIRA;ASSESSOR II;; CARGO COMISSION.S/VINCULO;3209,79;;3209,79;383,84;2825,95;
ERISVALDO AZEVEDO SILVA;COORD. ADMINISTRAT. FINANCEIRA;ASSESSOR III;NAO INFORMADO; CARGO COMISSION.S/VINCULO;1893,80;;1893,80;153,94;1739,86;
ERNANI GARCIA LINO DOS SANTOS;COORD. ADMINISTRAT. FINANCEIRA;A.TEC-III;ASSIST. TEC. GUIA; ESTATUTARIO;1350,19;;1350,19;189,03;1161,16;
EXPEDITO LUIZ BATISTA NETO;COORD. ADMINISTRAT. FINANCEIRA;AUX.BIBLI-III;AUX. BIBLIOTECA; ESTATUTARIO;1221,60;;1221,60;171,02;1050,58;
FABIANA DE ALMEIDA LIMA;COORD. ADMINISTRAT. FINANCEIRA;ASSESSOR I;; CARGO COMISSION.S/VINCULO;5229,77;;5229,77;992,73;4237,04;
FABIANA ROBERTA GENTIL PEREIRA;COORD. ADMINISTRAT. FINANCEIRA;AUX.BIBLI-III;; ESTATUTARIO;1221,60;;1221,60;171,02;1050,58;
FABIO GREY BRITO MORENO;COORD. ADMINISTRAT. FINANCEIRA;A.TEC-III;ASS. TEC. SONOPLASTA; ESTATUTARIO;2581,54;;2581,54;189,03;2392,51;
FATIMA DIANA DA GLORIA MOREIRA;COORD. ADMINISTRAT. FINANCEIRA;TEC.DE NIVEL SUPERIOR 2A CLASSE;; ESTATUTARIO;5198,74;;5198,74;848,91;4349,83;
FERNANDA DA SILVA FROTA;COORD. ADMINISTRAT. FINANCEIRA;ARQT-III;ARQUITETO; ESTATUTARIO;5601,48;;5601,48;1239,60;4361,88;
FERNANDO GONCALVES MARQUES JUNIOR;COORD. ADMINISTRAT. FINANCEIRA;GERENTE;; CARGO COMISSION.S/VINCULO;2213,79;;2213,79;183,04;2030,75;
FLAVIO SENA CARVALHO;COORD. ADMINISTRAT. FINANCEIRA;ASSESSOR III;NAO INFORMADO; CARGO COMISSION.S/VINCULO;3191,80;;3191,80;379,31;2812,49;
FRANCILENE CASTRO CAMPOS;COORD. ADMINISTRAT. FINANCEIRA;ASSESSOR III;NAO INFORMADO; CARGO COMISSION.S/VINCULO;2048,22;;2048,22;167,83;1880,39;
FRANCISCA FRANCY COSTA BARROSO;COORD. ADMINISTRAT. FINANCEIRA;AUX.DE APOIO ADMINISTRATIVO II;; ESTATUTARIO;2303,70;;2303,70;186,62;2117,08;
FRANCISCA PORTELA MACIEL;COORD. ADMINISTRAT. FINANCEIRA;SUBGERENTE;SUBGERENTE AD-3; CARGO COMISSION.S/VINCULO;1893,80;;1893,80;153,94;1739,86;
FRANCISCO ALESSANDRO PEREIRA ROSA;COORD. ADMINISTRAT. FINANCEIRA;AUX.O-III;ARTIFICE; ESTATUTARIO;1157,31;;1157,31;162,02;995,29;
FRANCISCO CARLOS DE SOUZA ANDRADE;COORD. ADMINISTRAT. FINANCEIRA;GERENTE;GERENTE AD-2; CARGO COMISSION.S/VINCULO;2609,79;;2609,79;266,20;2343,59;
FRANCISCO EDUARDO ALVES DE ALMEIDA;COORD. ADMINISTRAT. FINANCEIRA;AUX.BIBLI-III;AUX. BIBLIOTECA; ESTATUTARIO;1221,60;;1221,60;171,02;1050,58;
FRANKLIN CARNEIRO DA MOTA;COORD. ADMINISTRAT. FINANCEIRA;ENG-I;GERENTE AD 2; ESTATUTARIO;10955,91;;10955,91;3058,94;7896,97;
FRED MARCIO DOS SANTOS BARBOSA;COORD. ADMINISTRAT. FINANCEIRA;GERENTE;GERENTE AD-2; CARGO COMISSION.S/VINCULO;1911,79;;1911,79;155,56;1756,23;
FUED FELIPE PRESTES LACOUTH;COORD. ADMINISTRAT. FINANCEIRA;SUBGERENTE;NAO INFORMADO; CARGO COMISSION.S/VINCULO;3191,80;;3191,80;379,31;2812,49;
GABRIELE LIMA DA CUNHA;COORD. ADMINISTRAT. FINANCEIRA;GERENTE;GERENTE; CARGO COMISSION.S/VINCULO;3209,79;;3209,79;383,84;2825,95;
GALBEN GABRIEL LACERDA DE SOUSA;COORD. ADMINISTRAT. FINANCEIRA;A.TEC-III;AS.TEC. DESEN/CADIST; ESTATUTARIO;1350,19;;1350,19;189,03;1161,16;
GELSON PEREIRA LIMA;COORD. ADMINISTRAT. FINANCEIRA;SUBGERENTE;NAO INFORMADO; CARGO COMISSION.S/VINCULO;1681,80;;1681,80;134,86;1546,94;
GERALDA MARIA MAGELA BRAGA DE SOUZA;COORD. ADMINISTRAT. FINANCEIRA;ASSISTENTE TECNICO I;; ESTATUTARIO;2731,97;;2731,97;276,10;2455,87;
GEYSIANE GOMES SEVERIANO;COORD. ADMINISTRAT. FINANCEIRA;ASSESSOR III;NAO INFORMADO; CARGO COMISSION.S/VINCULO;1530,80;;1530,80;121,27;1409,53;
GILBERTO RODRIGUES DE SOUZA JUNIOR;COORD. ADMINISTRAT. FINANCEIRA;OPERADOR DE SOM;; ESTATUTARIO;2195,47;;2195,47;206,94;1988,53;
GILDOMAR DA ROCHA CAMPOS;COORD. ADMINISTRAT. FINANCEIRA;AUX.TECNICO ADMINISTRATIVO II;; ESTATUTARIO;2919,92;;2919,92;281,64;2638,28;
GILMAR CASTRO DE AQUINO JUNIOR;COORD. ADMINISTRAT. FINANCEIRA;AUX.O-III;AUX. OP. MONT. EVENT; ESTATUTARIO;2163,81;;2163,81;162,02;2001,79;
GILSON MAURO DE OLIVEIRA PEREIRA;COORD. ADMINISTRAT. FINANCEIRA;GERENTE;GERENTE AD-2; CARGO COMISSION.S/VINCULO;3209,79;;3209,79;383,84;2825,95;
GIOVANNI ARAUJO SANTIAGO;COORD. ADMINISTRAT. FINANCEIRA;A.TEC-III;AS. TEC. WEB DESIGN; ESTATUTARIO;1916,54;;1916,54;189,03;1727,51;
GISELANE CAMPOS ESPADIM;COORD. ADMINISTRAT. FINANCEIRA;A.TEC-III;ASSIST. TECNICO; ESTATUTARIO;1350,19;;1350,19;189,03;1161,16;
GISELE FELIPE CUNHA FERNANDES;COORD. ADMINISTRAT. FINANCEIRA;TNS-III;T.N.S TURISMO; ESTATUTARIO;3086,16;;3086,16;488,32;2597,84;
GLEICE SOUZA BARROS;COORD. ADMINISTRAT. FINANCEIRA;AUX.O-III;AUX.OP.MONT.EVENTOS; ESTATUTARIO;2163,81;;2163,81;162,02;2001,79;
GLORIA MARIA QUEIROZ MENDONCA;COORD. ADMINISTRAT. FINANCEIRA;TNS-I;; ESTATUTARIO;4131,99;;4131,99;695,56;3436,43;
HANY MATOS CANDIDO;COORD. ADMINISTRAT. FINANCEIRA;TNS-III;; ESTATUTARIO;3086,16;;3086,16;459,88;2626,28;
HARLEY HERON DA SILVA MENDONCA;COORD. ADMINISTRAT. FINANCEIRA;AUX.O-III;AUX.OP.MONT.EVENTOS; ESTATUTARIO;1605,81;;1605,81;162,02;1443,79;
HELIO DA COSTA DANTAS;COORD. ADMINISTRAT. FINANCEIRA;HIST-III;HISTORIADOR; ESTATUTARIO;2764,68;;2764,68;422,58;2342,10;
HELLEN CRISTINA DA SILVA ALMEIDA;COORD. ADMINISTRAT. FINANCEIRA;AUX.ADM-III;AUX ADM; ESTATUTARIO;1221,60;;1221,60;171,02;1050,58;
HERLAND DE SOUZA PENA;COORD. ADMINISTRAT. FINANCEIRA;ASSESSOR III;NAO INFORMADO; CARGO COMISSION.S/VINCULO;4255,73;;4255,73;667,90;3587,83;
HERMES DA SILVA DOS SANTOS;COORD. ADMINISTRAT. FINANCEIRA;AUX.ADM-III;AUX ADM; ESTATUTARIO;1221,60;;1221,60;171,02;1050,58;
HERSON DE SOUZA CRISPIM;COORD. ADMINISTRAT. FINANCEIRA;A.TEC-III;; ESTATUTARIO;1350,19;;1350,19;;1350,19;
HINCIA DE SOUZA PEREIRA;COORD. ADMINISTRAT. FINANCEIRA;GERENTE;GERENTE AD-2; CARGO COMISSION.S/VINCULO;3209,79;;3209,79;383,84;2825,95;
IARA LANE ARAUJO DA SILVA;COORD. ADMINISTRAT. FINANCEIRA;TECNICO DE NIVEL SUPERIOR;TEC. NIV. SUPERIOR; ESTATUTARIO;4348,80;;4348,80;654,14;3694,66;
IEDA DE CASTRO RODRIGUES;COORD. ADMINISTRAT. FINANCEIRA;ASSISTENTE TECNICO I;ASSISTENTE TECNICO I; ESTATUTARIO;1869,31;;1869,31;251,59;1617,72;
INÊS DO SOCORRO DA SILVA COSTA;COORD. ADMINISTRAT. FINANCEIRA;GERENTE;NAO INFORMADO; CARGO COMISSION.S/VINCULO;3209,79;;3209,79;383,84;2825,95;
IRENILCE CARVALHO DUARTE COLHYER;COORD. ADMINISTRAT. FINANCEIRA;GERENTE;GERENTE AD-2; CARGO COMISSION.S/VINCULO;3209,79;;3209,79;383,84;2825,95;
IVAN FELIPE DOS REIS OLIVEIRA;COORD. ADMINISTRAT. FINANCEIRA;AUX.O-III;AUX. OPER. CENOTECN; ESTATUTARIO;2465,81;;2465,81;192,00;2273,81;
IVETE PESSOA DA SILVA;COORD. ADMINISTRAT. FINANCEIRA;A.TEC-I;GERENTE AD 2; ESTATUTARIO;5189,34;;5189,34;722,82;4466,52;
IZOLINA VIEIRA BENTOLILA;COORD. ADMINISTRAT. FINANCEIRA;A.TEC-I;; ESTATUTARIO;3141,01;;3141,01;306,77;2834,24;
JAIR JACQMONT CANTANHEDE;COORD. ADMINISTRAT. FINANCEIRA;A.TEC-I;; ESTATUTARIO;4113,29;;4113,29;468,82;3644,47;
JANAINA MARGARIDA CARLOS COSTA;COORD. ADMINISTRAT. FINANCEIRA;GERENTE;GERENTE AD-2; CARGO COMISSION.S/VINCULO;3209,79;;3209,79;383,84;2825,95;
JANAINA MIRANDA DE OLIVEIRA;COORD. ADMINISTRAT. FINANCEIRA;GERENTE;NAO INFORMADO; CARGO COMISSION.S/VINCULO;1699,79;;1699,79;136,48;1563,31;
JANDR LUCIO GUIMARAES DOS REIS;COORD. ADMINISTRAT. FINANCEIRA;GERENTE;GERENTE AD 2; CARGO COMISSION.S/VINCULO;3209,79;;3209,79;383,84;2825,95;
JANE DOS SANTOS FONTENELLE;COORD. ADMINISTRAT. FINANCEIRA;A.TEC-II;; ESTATUTARIO;3641,46;;3641,46;336,97;3304,49;
JANETE ALBUQUERQUE DE SOUZA;COORD. ADMINISTRAT. FINANCEIRA;A.TEC-II;CHEFE DE DEPARTAMENT; ESTATUTARIO;7780,61;;7780,61;1366,57;6414,04;
JANILSON DOS SANTOS LOPES;COORD. ADMINISTRAT. FINANCEIRA;AUX.O-III;; ESTATUTARIO;2163,81;;2163,81;162,02;2001,79;
JAQUELINE BATISTA DE SOUZA;COORD. ADMINISTRAT. FINANCEIRA;SUBGERENTE;; CARGO COMISSION.S/VINCULO;3455,73;;3455,73;448,38;3007,35;
JENNIFFER RIBEIRO DA SILVA;COORD. ADMINISTRAT. FINANCEIRA;ASSESSOR II;ASSESSOR II AD2; CARGO COMISSION.S/VINCULO;4209,79;;4209,79;652,57;3557,22;
JESSILDA RIBEIRO FURTADO;COORD. ADMINISTRAT. FINANCEIRA;A.TEC-I;CH. DE DPTO. AD-1; ESTATUTARIO;6102,32;;6102,32;912,84;5189,48;
JOAO BATISTA COELHO DOS SANTOS;COORD. ADMINISTRAT. FINANCEIRA;A.TEC-I;; ESTATUTARIO;2094,01;;2094,01;222,18;1871,83;
JOAO MARCOS OLIVEIRA DE PAULA;COORD. ADMINISTRAT. FINANCEIRA;REST-III;; ESTATUTARIO;2764,68;;2764,68;422,58;2342,10;
JOAO PAULO TOMAS DA SILVA DE AQUINO;COORD. ADMINISTRAT. FINANCEIRA;AUX.O-III;AUX. OPER. CENOTECN; ESTATUTARIO;1951,81;;1951,81;162,02;1789,79;
JOARA MARIA FERREIRA MARQUES;COORD. ADMINISTRAT. FINANCEIRA;CHEFE DE DEPARTAMENTO;NAO INFORMADO; CARGO COMISSION.S/VINCULO;5229,77;;5229,77;992,73;4237,04;
JONAS WESEN DE SOUZA;COORD. ADMINISTRAT. FINANCEIRA;GERENTE;GERENTE AD-2; CARGO COMISSION.S/VINCULO;2213,79;;2213,79;183,04;2030,75;
JOSE ABILIO DE MOURA FARIAS JUNIOR;COORD. ADMINISTRAT. FINANCEIRA;AUX.ADM-III;AUX ADM; ESTATUTARIO;1605,81;;1605,81;171,02;1434,79;
JOSE AUGUSTO DA SILVA GUIMARAES;COORD. ADMINISTRAT. FINANCEIRA;A.TEC-I;; ESTATUTARIO;2412,34;;2412,34;219,73;2192,61;
JOSE CASTELO DO NASCIMENTO;COORD. ADMINISTRAT. FINANCEIRA;ASSISTENTE TECNICO III;ASSIST. TECNICO III; ESTATUTARIO;2894,96;;2894,96;300,04;2594,92;
JOSE LUCIO DOS SANTOS;COORD. ADMINISTRAT. FINANCEIRA;AUX.BIBLI-III;AUXILIAR DE BIBLIOT.; ESTATUTARIO;1628,80;;1628,80;171,02;1457,78;
JOSE LUIS ALMEIDA DOS SANTOS;COORD. ADMINISTRAT. FINANCEIRA;A.TEC-I;CHEFE DE DEPARTAMENT; ESTATUTARIO;6019,89;;6019,89;852,86;5167,03;
JOSE MARIA MARQUES H JUNIOR;COORD. ADMINISTRAT. FINANCEIRA;A.TEC-III;ASSIST TECNICO; ESTATUTARIO;2581,54;;2581,54;225,67;2355,87;
JOSE PEREIRA BELEM;COORD. ADMINISTRAT. FINANCEIRA;VIGIA;; ESTATUTARIO;3229,10;;3229,10;460,45;2768,65;
JOSE ROGERIO DOS REIS OLIVEIRA;COORD. ADMINISTRAT. FINANCEIRA;GERENTE;NAO INFORMADO; CARGO COMISSION.S/VINCULO;4209,79;;4209,79;652,57;3557,22;
JUDETH MARIA FERREIRA DA COSTA;COORD. ADMINISTRAT. FINANCEIRA;TNS-II;; ESTATUTARIO;4224,67;;4224,67;642,09;3582,58;
JULIA COIMBRA BRAGA;COORD. ADMINISTRAT. FINANCEIRA;ASSESSOR II;NAO INFORMADO; CARGO COMISSION.S/VINCULO;3209,79;;3209,79;383,84;2825,95;
JULIANE FERNANDES PEREIRA;COORD. ADMINISTRAT. FINANCEIRA;AUX.BIBLI-III;; ESTATUTARIO;1221,60;;1221,60;171,02;1050,58;
KAMILA KAROLINE CORDOVIL CERQUEIRA;COORD. ADMINISTRAT. FINANCEIRA;GERENTE;GERENTE; CARGO COMISSION.S/VINCULO;4209,79;;4209,79;652,57;3557,22;
KARINE DE FREITAS SANTOS;COORD. ADMINISTRAT. FINANCEIRA;GERENTE;GERENTE; CARGO COMISSION.S/VINCULO;2213,79;;2213,79;183,04;2030,75;
KARLA ADRIEMELLYN GOMES MENDES;COORD. ADMINISTRAT. FINANCEIRA;GERENTE;NAO INFORMADO; CARGO COMISSION.S/VINCULO;3209,79;;3209,79;383,84;2825,95;
KAROLINY VERAS PEREIRA DA COSTA;COORD. ADMINISTRAT. FINANCEIRA;AUX.BIBLI-III;AUX. BIBLIOTECA; ESTATUTARIO;1628,80;;1628,80;171,02;1457,78;
KATHYUSCIA CASTILHO CORREA;COORD. ADMINISTRAT. FINANCEIRA;GERENTE;GERENTE AD-2; CARGO COMISSION.S/VINCULO;2609,79;;2609,79;266,20;2343,59;
KATTERINE ELIZABETH SUANO DA COSTA;COORD. ADMINISTRAT. FINANCEIRA;GERENTE;GERENTE AD-2; CARGO COMISSION.S/VINCULO;2609,79;;2609,79;230,56;2379,23;
KELLEN DIANE NASCIMENTO DE SOUZA;COORD. ADMINISTRAT. FINANCEIRA;AUX.BIBLI-III;AUX. BIBLIOTECA; ESTATUTARIO;1221,60;;1221,60;171,02;1050,58;
KELVIN SANTOS DE LUCENA;COORD. ADMINISTRAT. FINANCEIRA;AUX.O-III;AUX. OPER. CENOTECN; ESTATUTARIO;1605,81;;1605,81;162,02;1443,79;
KLEYSON DE MELO LOPES;COORD. ADMINISTRAT. FINANCEIRA;ASSESSOR II;NAO INFORMADO; CARGO COMISSION.S/VINCULO;1911,79;;1911,79;155,56;1756,23;
LAIS CAVALCANTE BIVAR CORREA;COORD. ADMINISTRAT. FINANCEIRA;ASSESSOR III;NAO INFORMADO; CARGO COMISSION.S/VINCULO;2195,80;;2195,80;181,12;2014,68;
LARISSA FERREIRA PEREIRA;COORD. ADMINISTRAT. FINANCEIRA;TNS-III;T.N.S. TURISMO; ESTATUTARIO;2764,68;;2764,68;422,58;2342,10;
LEANDRO DOS SANTOS SOARES;COORD. ADMINISTRAT. FINANCEIRA;AUX.O-III;AUX. OP. MONT. ORQ; ESTATUTARIO;1543,08;;1543,08;162,02;1381,06;
LEIDE FOLGOSA BARROSO MUNOZ;COORD. ADMINISTRAT. FINANCEIRA;A.TEC-III;; ESTATUTARIO;1350,19;;1350,19;189,03;1161,16;
LEILSON ASSAD DE SOUZA;COORD. ADMINISTRAT. FINANCEIRA;A.TEC-II;; ESTATUTARIO;2645,46;;2645,46;216,51;2428,95;
LIVIA MIRANDA DE ARAUJO;COORD. ADMINISTRAT. FINANCEIRA;SUBGERENTE;NAO INFORMADO; CARGO COMISSION.S/VINCULO;2195,80;;2195,80;181,12;2014,68;
LUCIANA PESSOA BALTAR;COORD. ADMINISTRAT. FINANCEIRA;A.TEC-II;GERENTE AD-2; ESTATUTARIO;4835,46;;4835,46;525,17;4310,29;
LUCIANA RIBEIRO BACURI;COORD. ADMINISTRAT. FINANCEIRA;ASSESSOR II;NAO INFORMADO; CARGO COMISSION.S/VINCULO;2213,79;;2213,79;183,04;2030,75;
LUCIANO COELHO DE LIMA;COORD. ADMINISTRAT. FINANCEIRA;GERENTE;NAO INFORMADO; CARGO COMISSION.S/VINCULO;1699,79;;1699,79;136,48;1563,31;
LUCIANO ROBERT DOS SANTOS MAFRA;COORD. ADMINISTRAT. FINANCEIRA;ASSESSOR III;ASSESSOR III AD-3; CARGO COMISSION.S/VINCULO;2927,73;;2927,73;268,72;2659,01;
LUCIO BRAZ DE LIMA REIS;COORD. ADMINISTRAT. FINANCEIRA;A.TEC-III;ASSIST.TEC.OP.ILUM.; ESTATUTARIO;3039,39;;3039,39;261,78;2777,61;
LUIS AURELIO NINA DEL CAMPO;COORD. ADMINISTRAT. FINANCEIRA;A.TEC-III;; ESTATUTARIO;1800,25;;1800,25;189,03;1611,22;
LUIZ CARLOS DE MATOS BONATES;COORD. ADMINISTRAT. FINANCEIRA;SECRETARIO EXECUTIVO;NAO INFORMADO; CARGO COMISSION.S/VINCULO;11700,00;;11700,00;2893,32;8806,68;
LUIZ FELIPE LIMA DE ALBUQUERQUE;COORD. ADMINISTRAT. FINANCEIRA;A.TEC-III;ASS. TEC. GUIA; ESTATUTARIO;1350,19;;1350,19;189,03;1161,16;
LUIZ GAJOLA FERREIRA BRAGA;COORD. ADMINISTRAT. FINANCEIRA;A.OPE-III;ASSIST.TEC.OP.CINEG.; ESTATUTARIO;1916,54;;1916,54;189,03;1727,51;
LUIZ PAIXAO CABRAL MARQUES;COORD. ADMINISTRAT. FINANCEIRA;VIGIA-II;; ESTATUTARIO;1610,60;;1610,60;175,45;1435,15;
LUZIENE PINHEIRO PASSOS;COORD. ADMINISTRAT. FINANCEIRA;A.OPE-III;AS. OP. EDIT. IMAGEM; ESTATUTARIO;3577,54;;3577,54;342,51;3235,03;
MANUELLA DE BARROS SILVA PEDROSA;COORD. ADMINISTRAT. FINANCEIRA;GERENTE;NAO INFORMADO; CARGO COMISSION.S/VINCULO;4209,79;;4209,79;652,57;3557,22;
MARCELO FURTADO MACHADO LEITAO;COORD. ADMINISTRAT. FINANCEIRA;AUX.ADM-III;AUX ADM; ESTATUTARIO;1221,60;;1221,60;171,02;1050,58;
MARCIO JUNIO SILVA DO NASCIMENTO;COORD. ADMINISTRAT. FINANCEIRA;GERENTE;; CARGO COMISSION.S/VINCULO;2213,79;;2213,79;183,04;2030,75;
MARCOS ANTONIO REPOLHO RAMOS;COORD. ADMINISTRAT. FINANCEIRA;AUX.ADM-III;; ESTATUTARIO;1221,60;;1221,60;171,02;1050,58;
MARCOS APOLO MUNIZ DE ARAUJO;COORD. ADMINISTRAT. FINANCEIRA;SECRETARIO DE ESTADO;NAO INFORMADO; CARGO COMISSION.S/VINCULO;28060,00;;28060,00;7235,91;20824,09;
MARCOS ROBERTO SILVA LIMA;COORD. ADMINISTRAT. FINANCEIRA;AUX.BIBLI-III;AUX. BIBLIOTECA; ESTATUTARIO;1628,80;;1628,80;171,02;1457,78;
MARCOS RODRIGUES DE LIMA;COORD. ADMINISTRAT. FINANCEIRA;ASSESSOR IV;NAO INFORMADO; CARGO COMISSION.S/VINCULO;2179,61;;2179,61;179,66;1999,95;
MARCOS WILLIAMS RODRIGUES DA SILVA;COORD. ADMINISTRAT. FINANCEIRA;ASSISTENTE ADMINISTRATIVO;; ESTATUTARIO;1730,28;;1730,28;190,25;1540,03;
MARGARETH NOGUEIRA RODRIGUES;COORD. ADMINISTRAT. FINANCEIRA;AUX.ADM-III;AUX ADM; ESTATUTARIO;1221,60;;1221,60;171,02;1050,58;
MARIA ANALIA BENETTON;COORD. ADMINISTRAT. FINANCEIRA;ASSESSOR II;ASSESSOR II AD-2; CARGO COMISSION.S/VINCULO;4209,79;;4209,79;652,57;3557,22;
MARIA ARMINDA CASTRO MENDONCA SOUZA;COORD. ADMINISTRAT. FINANCEIRA;TEC.DE NIVEL SUPERIOR 2A CLASSE;; ESTATUTARIO;2828,98;;2828,98;435,73;2393,25;
MARIA AUXILIADORA DA SILVA CRUZ;COORD. ADMINISTRAT. FINANCEIRA;TEC.EM ADMINISTR.5A.CL-NM.215.11;ASSESSOR II AD 2; ESTATUTARIO;6829,96;;6829,96;1339,76;5490,20;
MARIA CLARA DA GAMA BENTES;COORD. ADMINISTRAT. FINANCEIRA;GERENTE;GERENTE AD-2; CARGO COMISSION.S/VINCULO;4209,79;;4209,79;652,57;3557,22;
MARIA DA CONCEICAO DE SOUZA E SILVA;COORD. ADMINISTRAT. FINANCEIRA;AUX.O-III;AUX OP CAMAM TEATRO; ESTATUTARIO;2141,08;;2141,08;162,02;1979,06;
MARIA DAS GRACAS COELHO BRAGA;COORD. ADMINISTRAT. FINANCEIRA;TEC.DE NIVEL SUPERIOR 2A CLASSE;; ESTATUTARIO;3330,59;;3330,59;510,11;2820,48;
MARIA DE FATIMA DE ALMEIDA CAMPOS;COORD. ADMINISTRAT. FINANCEIRA;ASSISTENTE TECNICO III;; ESTATUTARIO;4493,26;;4493,26;430,76;4062,50;
MARIA DE FATIMA TOLEDANO BINDA;COORD. ADMINISTRAT. FINANCEIRA;ASSISTENTE TECNICO III;; ESTATUTARIO;2315,59;;2315,59;251,96;2063,63;
MARIA DE NAZARE COSTA SOARES;COORD. ADMINISTRAT. FINANCEIRA;ASSISTENTE TECNICO I;; ESTATUTARIO;1770,92;;1770,92;235,23;1535,69;
MARIA DO PERPETUO SOCORRO G LIMA;COORD. ADMINISTRAT. FINANCEIRA;ASSISTENTE TECNICO II;; ESTATUTARIO;2265,54;;2265,54;247,03;2018,51;
MARIA DO SOCORRO GOUVEA;COORD. ADMINISTRAT. FINANCEIRA;A.OPE-I;; ESTATUTARIO;3684,26;;3684,26;350,74;3333,52;
MARIA DO SOCORRO TEODORA DA COSTA;COORD. ADMINISTRAT. FINANCEIRA;AUX.ADM-III;AUX ADM; ESTATUTARIO;1221,60;;1221,60;171,02;1050,58;
MARIA EMILIA GOMES DE LEIROS;COORD. ADMINISTRAT. FINANCEIRA;GERENTE;GERENTE AD-2; CARGO COMISSION.S/VINCULO;3209,79;;3209,79;383,84;2825,95;
MARIA GELICE ALBUQUERQUE DE SOUZA;COORD. ADMINISTRAT. FINANCEIRA;GERENTE;GERENTE AD-2; CARGO COMISSION.S/VINCULO;3209,79;;3209,79;383,84;2825,95;
MARIA INEZ DE SOUSA;COORD. ADMINISTRAT. FINANCEIRA;ASSISTENTE TECNICO I;; ESTATUTARIO;3565,99;;3565,99;294,54;3271,45;
MARIA JOSE NUNES MEDEIROS;COORD. ADMINISTRAT. FINANCEIRA;TEC.DE NIVEL SUPERIOR 2A CLASSE;TEC.NIV.SUP.2 CLASSE; ESTATUTARIO;3923,34;;3923,34;602,10;3321,24;
MARIA LUCIANE COELHO ITUASSU SILVA;COORD. ADMINISTRAT. FINANCEIRA;ASSESSOR I;NAO INFORMADO; CARGO COMISSION.S/VINCULO;6973,03;;6973,03;1593,40;5379,63;
MARIA NAZARENE MAIA;COORD. ADMINISTRAT. FINANCEIRA;ASSISTENTE TECNICO III;ASSESSOR I AD 1; ESTATUTARIO;4294,69;;4294,69;393,70;3900,99;
MARIA SHEILA DE SOUZA CAMPOS;COORD. ADMINISTRAT. FINANCEIRA;TNS-III;; ESTATUTARIO;6039,13;;6039,13;1329,10;4710,03;
MARIA VICTORIA PEREIRA GONCALVES;COORD. ADMINISTRAT. FINANCEIRA;A.TEC-III;; ESTATUTARIO;1916,54;;1916,54;189,03;1727,51;
MARIANE SANTOS DA COSTA;COORD. ADMINISTRAT. FINANCEIRA;ASSESSOR III;ASSESSOR III AD-3; CARGO COMISSION.S/VINCULO;3191,80;;3191,80;379,31;2812,49;
MARIETE FRANCA ARAUJO;COORD. ADMINISTRAT. FINANCEIRA;A.TEC-I;; ESTATUTARIO;2714,34;;2714,34;264,03;2450,31;
MARILDA GALVAO DE OLIVEIRA;COORD. ADMINISTRAT. FINANCEIRA;ASSISTENTE TECNICO III;; ESTATUTARIO;1830,83;;1830,83;241,75;1589,08;
MARINA DE SEIXAS;COORD. ADMINISTRAT. FINANCEIRA;AUX.S.G-II;; ESTATUTARIO;1660,15;;1660,15;175,45;1484,70;
MARIZETE BRANDAO DA SILVA;COORD. ADMINISTRAT. FINANCEIRA;ASSISTENTE TECNICO I;; ESTATUTARIO;3366,57;;3366,57;260,37;3106,20;
MARONILCO MORAES DAS CHAGAS;COORD. ADMINISTRAT. FINANCEIRA;A.TEC-I;; ESTATUTARIO;7294,21;;7294,21;1543,24;5750,97;
MARSSICLEA BRITO DOS SANTOS;COORD. ADMINISTRAT. FINANCEIRA;GERENTE;; CARGO COMISSION.S/VINCULO;3209,79;;3209,79;383,84;2825,95;
MATEUS NOGUEIRA DE SOUZA;COORD. ADMINISTRAT. FINANCEIRA;GERENTE;NAO INFORMADO; CARGO COMISSION.S/VINCULO;1699,79;;1699,79;136,48;1563,31;
MATIAS DIOGO BELFORT MAR;COORD. ADMINISTRAT. FINANCEIRA;A.OPE-III;ASSIST.TEC.OP.ELETRI; ESTATUTARIO;1350,19;;1350,19;189,03;1161,16;
MELISSA ALVES DE TOLEDO;COORD. ADMINISTRAT. FINANCEIRA;GERENTE;NAO INFORMADO; CARGO COMISSION.S/VINCULO;2609,79;;2609,79;266,20;2343,59;
MELKE ZEDEK GONZAGA DA SILVA;COORD. ADMINISTRAT. FINANCEIRA;AUX.O-III;MONTADOR DE EVENTOS; ESTATUTARIO;2163,81;;2163,81;162,02;2001,79;
MICHAEL DE FRANCA DANTAS;COORD. ADMINISTRAT. FINANCEIRA;ASSESSOR II;; CARGO COMISSION.S/VINCULO;4209,79;;4209,79;652,57;3557,22;
MIGUEL DA COSTA RIOS FILHO;COORD. ADMINISTRAT. FINANCEIRA;GERENTE;NAO INFORMADO; CARGO COMISSION.S/VINCULO;1911,79;;1911,79;155,56;1756,23;
MIGUEL DOS SANTOS BARBOSA JUNIOR;COORD. ADMINISTRAT. FINANCEIRA;AUX.BIBLI-III;AUXILIAR BIBLIOTECA; ESTATUTARIO;1221,60;;1221,60;171,02;1050,58;
MILTON WILFREDO PAREDES ROMAN;COORD. ADMINISTRAT. FINANCEIRA;A.TEC-III;ASS. TEC. INDICADOR; ESTATUTARIO;2295,39;;2295,39;204,21;2091,18;
MIMOSA MARIA DE NOGUEIRA PAIVA;COORD. ADMINISTRAT. FINANCEIRA;TNS-I;SECRETARIO EXECUTIVO; ESTATUTARIO;5278,24;;5278,24;851,41;4426,83;
MOACYR MASSULO AGUIAR NETO;COORD. ADMINISTRAT. FINANCEIRA;ASSESSOR II;NAO INFORMADO; CARGO COMISSION.S/VINCULO;4209,79;;4209,79;652,57;3557,22;
MOARA COIMBRA ALVERCA;COORD. ADMINISTRAT. FINANCEIRA;ASSESSOR II;NAO INFORMADO; CARGO COMISSION.S/VINCULO;3209,79;;3209,79;383,84;2825,95;
MOISES SIMOES DOS SANTOS FILHO;COORD. ADMINISTRAT. FINANCEIRA;A.TEC-III;ASS. TEC. INDICADOR; ESTATUTARIO;1721,54;;1721,54;189,03;1532,51;
MOYSES DE ALMEIDA GARCIA;COORD. ADMINISTRAT. FINANCEIRA;AUX.O-III;AUX.OP.MONT.EVENTOS; ESTATUTARIO;1605,81;;1605,81;162,02;1443,79;
MURILO ALVES ACIOLI;COORD. ADMINISTRAT. FINANCEIRA;A.TEC-III;OPER. SOM/SONOPLASTA; ESTATUTARIO;3039,39;;3039,39;261,78;2777,61;
NAHIM CALELI ESPINOSA DUQUE;COORD. ADMINISTRAT. FINANCEIRA;GERENTE;GERENTE AD-2; CARGO COMISSION.S/VINCULO;3209,79;;3209,79;383,84;2825,95;
NAIANA SOUSA CAVALCANTE;COORD. ADMINISTRAT. FINANCEIRA;AUX.ADM-III;AUX ADM; ESTATUTARIO;1605,81;;1605,81;171,02;1434,79;
NAIARA ARRUDA DA COSTA;COORD. ADMINISTRAT. FINANCEIRA;TNS-III;; ESTATUTARIO;3086,16;;3086,16;488,32;2597,84;
NESTOR RIBEIRO NASCIMENTO;COORD. ADMINISTRAT. FINANCEIRA;ASSISTENTE TECNICO I;GERENTEAD-2; ESTATUTARIO;4241,01;;4241,01;414,28;3826,73;
NILDA PEREIRA VERAS;COORD. ADMINISTRAT. FINANCEIRA;GERENTE;GERENTE AD-2; CARGO COMISSION.S/VINCULO;2213,79;;2213,79;183,04;2030,75;
NIRLANDSON DA GRACA DIAS;COORD. ADMINISTRAT. FINANCEIRA;A.OPE-III;ASS. OP. MAQUINISTA; ESTATUTARIO;3039,39;;3039,39;245,79;2793,60;
OIANA DO COUTO E SILVA;COORD. ADMINISTRAT. FINANCEIRA;GERENTE;GERENTE AD-2; CARGO COMISSION.S/VINCULO;2609,79;;2609,79;266,20;2343,59;
ORLANDO DA SILVA CAMARA;COORD. ADMINISTRAT. FINANCEIRA;TEC.DE NIVEL SUPERIOR 2A CLASSE;; ESTATUTARIO;3433,80;;3433,80;505,09;2928,71;
OSMAR NEGREIROS SAID NETO;COORD. ADMINISTRAT. FINANCEIRA;GERENTE;; CARGO COMISSION.S/VINCULO;3209,79;;3209,79;383,84;2825,95;
PAMELLA CARDOSO DA SILVA;COORD. ADMINISTRAT. FINANCEIRA;GERENTE;GERENTE; CARGO COMISSION.S/VINCULO;2609,79;;2609,79;266,20;2343,59;
PATRICIA OLIMPIO DA SILVA;COORD. ADMINISTRAT. FINANCEIRA;GERENTE;GERENTE; CARGO COMISSION.S/VINCULO;2213,79;;2213,79;183,04;2030,75;
PAULO JUNIOR DA SILVA MENEZES;COORD. ADMINISTRAT. FINANCEIRA;AUX.ADM-III;; ESTATUTARIO;1221,60;;1221,60;171,02;1050,58;
PEDRO MARCOS MANSOUR ANDES;COORD. ADMINISTRAT. FINANCEIRA;HIST-III;HISTORIADOR; ESTATUTARIO;3086,16;;3086,16;474,10;2612,06;
PIETRO ANTONIO PAIVA DA SILVA;COORD. ADMINISTRAT. FINANCEIRA;AUX.BIBLI-III;; ESTATUTARIO;1221,60;;1221,60;171,02;1050,58;
PRINCE BRUNO DA SILVA LOPES;COORD. ADMINISTRAT. FINANCEIRA;ENG-III;ENGENHEIRO; ESTATUTARIO;5280,00;;5280,00;996,78;4283,22;
PRISCILA NOGUEIRA DE SOUZA;COORD. ADMINISTRAT. FINANCEIRA;GERENTE;NAO INFORMADO; CARGO COMISSION.S/VINCULO;1699,79;;1699,79;136,48;1563,31;
QUETLEN FOUVE UCHOA DE SOUSA;COORD. ADMINISTRAT. FINANCEIRA;GERENTE;GERENTE AD-2; CARGO COMISSION.S/VINCULO;3209,79;;3209,79;383,84;2825,95;
RAFAELA FERNANDES DA COSTA;COORD. ADMINISTRAT. FINANCEIRA;SUBGERENTE;NAO INFORMADO; CARGO COMISSION.S/VINCULO;1681,80;;1681,80;134,86;1546,94;
RAIMUNDA LIMA DA SILVA;COORD. ADMINISTRAT. FINANCEIRA;GERENTE;GERENTE AD-2; CARGO COMISSION.S/VINCULO;1911,79;;1911,79;155,56;1756,23;
RAIMUNDO NONATO DOS SANTOS BRAGA;COORD. ADMINISTRAT. FINANCEIRA;A.TEC-I;; ESTATUTARIO;2714,34;;2714,34;249,81;2464,53;
RAIMUNDO NONATO PEREIRA NASCIMENTO;COORD. ADMINISTRAT. FINANCEIRA;ASSESSOR III;; CARGO COMISSION.S/VINCULO;2195,80;;2195,80;181,12;2014,68;
RAISSA PANTOJA OLIVEIRA DE MATOS;COORD. ADMINISTRAT. FINANCEIRA;SUBGERENTE;SUBGERENTE AD-3; CARGO COMISSION.S/VINCULO;3191,80;;3191,80;379,31;2812,49;
RANOLFO CASSIANO RABELO;COORD. ADMINISTRAT. FINANCEIRA;AUX.TECNICO ADMINISTRATIVO II;; ESTATUTARIO;2846,10;;2846,10;254,07;2592,03;
RAQUEL PEREIRA DA FONTOURA;COORD. ADMINISTRAT. FINANCEIRA;GERENTE;GERENTE AD-2; CARGO COMISSION.S/VINCULO;2213,79;;2213,79;183,04;2030,75;
RAQUEL SERIQUE REIS;COORD. ADMINISTRAT. FINANCEIRA;TNS-III;T.N.S TURISMO; ESTATUTARIO;3150,45;;3150,45;501,46;2648,99;
RAYDMA LOUREIRO ARAUJO BOTELHO;COORD. ADMINISTRAT. FINANCEIRA;ASSISTENTE TECNICO I;; ESTATUTARIO;2090,34;;2090,34;233,18;1857,16;
REGINA MARIA LOPES PEREIRA LOBATO;COORD. ADMINISTRAT. FINANCEIRA;TNS-I;CH. DE DPTO AD 1; ESTATUTARIO;17351,58;;17351,58;5060,82;12290,76;
REGMA DA SILVA MAGNO;COORD. ADMINISTRAT. FINANCEIRA;SUBGERENTE;SUBGERENTE; CARGO COMISSION.S/VINCULO;2591,80;;2591,80;262,86;2328,94;
RENATO PEREIRA DA SILVA JUNIOR;COORD. ADMINISTRAT. FINANCEIRA;GERENTE;GERENTE AD 2; CARGO COMISSION.S/VINCULO;2213,79;;2213,79;183,04;2030,75;
RICARDO SOUZA BARROS;COORD. ADMINISTRAT. FINANCEIRA;SUBGERENTE;NAO INFORMADO; CARGO COMISSION.S/VINCULO;1681,80;;1681,80;134,86;1546,94;
ROCHEL DA SILVA ROCHA;COORD. ADMINISTRAT. FINANCEIRA;A.TEC-III;ASSISTENTE TECNICO; ESTATUTARIO;1350,19;;1350,19;189,03;1161,16;
ROCICLEIDE ALVES DA SILVA FERREIRA;COORD. ADMINISTRAT. FINANCEIRA;GERENTE;NAO INFORMADO; CARGO COMISSION.S/VINCULO;1699,79;;1699,79;136,48;1563,31;
RODRIGO DA CRUZ DE OLIVEIRA;COORD. ADMINISTRAT. FINANCEIRA;AUX.ADM-III;AUX ADM; ESTATUTARIO;1800,81;;1800,81;171,02;1629,79;
ROMULO CESAR COELHO DE CASTRO;COORD. ADMINISTRAT. FINANCEIRA;A.TEC-III;ASSIST TECNICO; ESTATUTARIO;3577,54;;3577,54;342,51;3235,03;
RONILTON LEAO DE SOUZA;COORD. ADMINISTRAT. FINANCEIRA;AUX.ADM-III;; ESTATUTARIO;1221,60;;1221,60;171,02;1050,58;
ROSA CAPOTE VIEIRA;COORD. ADMINISTRAT. FINANCEIRA;GERENTE;GERENTE AD-2; CARGO COMISSION.S/VINCULO;4209,79;;4209,79;652,57;3557,22;
ROSIANE GARCIA PEREIRA;COORD. ADMINISTRAT. FINANCEIRA;A.TEC-III;ASSESSOR III; ESTATUTARIO;1800,25;;1800,25;189,03;1611,22;
ROSILDA OTAVIA MARQUES TEIXEIRA;COORD. ADMINISTRAT. FINANCEIRA;TEC.DE NIVEL SUPERIOR 2A CLASSE;; ESTATUTARIO;3290,29;;3290,29;506,75;2783,54;
ROSIMAR SOBRINHO DOS SANTOS;COORD. ADMINISTRAT. FINANCEIRA;ASSESSOR III;ASSESSOR III AD-3; CARGO COMISSION.S/VINCULO;2195,80;;2195,80;181,12;2014,68;
ROSINEIDA LIMA PIMENTEL;COORD. ADMINISTRAT. FINANCEIRA;TNS-III;TEC. N. SUP. CONTAB; ESTATUTARIO;3086,16;;3086,16;474,10;2612,06;
RUCEAN VIEIRA DA SILVA;COORD. ADMINISTRAT. FINANCEIRA;ASSESSOR III;ASSESSOR III; CARGO COMISSION.S/VINCULO;3455,73;;3455,73;419,94;3035,79;
RUY ALBERTO LINS LOURENCO ALMEIDA;COORD. ADMINISTRAT. FINANCEIRA;ASSESSOR II;; CARGO COMISSION.S/VINCULO;5613,05;;5613,05;1136,13;4476,92;
SAMANTHA LAURA PRADO TORRES;COORD. ADMINISTRAT. FINANCEIRA;ASSESSOR III;ASSESSOR III; CARGO COMISSION.S/VINCULO;2195,80;;2195,80;181,12;2014,68;
SAMIR TORRES PEREIRA;COORD. ADMINISTRAT. FINANCEIRA;A.TEC-III;; ESTATUTARIO;1721,54;;1721,54;189,03;1532,51;
SAMUEL SOUZA DA SILVA;COORD. ADMINISTRAT. FINANCEIRA;BIBLI-III;BIBLIOTECARIO; ESTATUTARIO;2764,68;;2764,68;422,58;2342,10;
SANDRA FEIJAO DE BRITO;COORD. ADMINISTRAT. FINANCEIRA;GERENTE;GERENTE AD-2; CARGO COMISSION.S/VINCULO;3827,65;;3827,65;548,43;3279,22;
SANDRA MARIA DOS SANTOS;COORD. ADMINISTRAT. FINANCEIRA;TNS-III;T.N.S TURISMO; ESTATUTARIO;4477,67;;4477,67;713,17;3764,50;
SANDRA MESQUITA ARAUJO;COORD. ADMINISTRAT. FINANCEIRA;A.TEC-III;ASS.TEC.CONTABILIDAD; ESTATUTARIO;1916,54;;1916,54;189,03;1727,51;
SANDRO DE SOUZA PAULO;COORD. ADMINISTRAT. FINANCEIRA;GERENTE;NAO INFORMADO; CARGO COMISSION.S/VINCULO;3209,79;;3209,79;383,84;2825,95;
SANTANA RIBEIRO DUARTE;COORD. ADMINISTRAT. FINANCEIRA;AUX.O-I;; ESTATUTARIO;3827,82;;3827,82;386,21;3441,61;
SARIE SAMMY TEIXEIRA BRASIL;COORD. ADMINISTRAT. FINANCEIRA;ASSISTENTE TECNICO I;; ESTATUTARIO;2488,27;;2488,27;254,60;2233,67;
SERGIO VICTOR DE SOUZA RODRIGUES;COORD. ADMINISTRAT. FINANCEIRA;ASSESSOR II;; CARGO COMISSION.S/VINCULO;3209,79;;3209,79;383,84;2825,95;
SERGIO VIEIRA CARDOSO;COORD. ADMINISTRAT. FINANCEIRA;CHEFE DE DEPARTAMENTO;CH.DPTO. AD-1; CARGO COMISSION.S/VINCULO;5229,77;990,59;4239,18;777,00;3462,18;
SHARLES SILVA DA COSTA;COORD. ADMINISTRAT. FINANCEIRA;A.TEC-II;CH DE DPTO AD-1; ESTATUTARIO;5835,46;;5835,46;675,24;5160,22;
SHIRLEY MONTEIRO DE LIMA;COORD. ADMINISTRAT. FINANCEIRA;GERENTE;GERENTE; CARGO COMISSION.S/VINCULO;2213,79;;2213,79;183,04;2030,75;
SIDNEY CASTRO MEDINO;COORD. ADMINISTRAT. FINANCEIRA;AUX.O-III;AUX. OPER. CENOTECN; ESTATUTARIO;2861,81;;2861,81;193,27;2668,54;
SIGRID RAMOS CETRARO;COORD. ADMINISTRAT. FINANCEIRA;CHEFE DE DEPARTAMENTO;NAO INFORMADO; CARGO COMISSION.S/VINCULO;6973,03;;6973,03;1593,40;5379,63;
SILVIA ANGELINA LIMA DOS SANTOS;COORD. ADMINISTRAT. FINANCEIRA;AUX.BIBLI-III;; ESTATUTARIO;1800,81;;1800,81;171,02;1629,79;
SILVIO DA SILVA PINTO JUNIOR;COORD. ADMINISTRAT. FINANCEIRA;ASSISTENTE TECNICO I;; ESTATUTARIO;3992,01;;3992,01;296,36;3695,65;
SOLANGE ACORDI MAKAREM;COORD. ADMINISTRAT. FINANCEIRA;GERENTE;GERENTE AD-2; CARGO COMISSION.S/VINCULO;3209,79;;3209,79;383,84;2825,95;
SOLANGE RAMOS DA SILVA;COORD. ADMINISTRAT. FINANCEIRA;AUX.O-III;AUX. OP. COSTUREIRA; ESTATUTARIO;1605,81;;1605,81;162,02;1443,79;
SONIA MARIA DAMASCENO;COORD. ADMINISTRAT. FINANCEIRA;BIBLIOTECARIO PNS-BBT-I;; ESTATUTARIO;5098,59;;5098,59;652,41;4446,18;
SUELEN CRISTINA DE FREITAS R LIMA;COORD. ADMINISTRAT. FINANCEIRA;ASSESSOR I;NAO INFORMADO; CARGO COMISSION.S/VINCULO;5229,77;;5229,77;992,73;4237,04;
SUELEN DA SILVA ALEXANDRE;COORD. ADMINISTRAT. FINANCEIRA;AUX.BIBLI-III;AUX. BIBLIOTECA; ESTATUTARIO;1221,60;;1221,60;171,02;1050,58;
SUZANA TEIXEIRA BOMFIM;COORD. ADMINISTRAT. FINANCEIRA;GERENTE;NAO INFORMADO; CARGO COMISSION.S/VINCULO;3209,79;;3209,79;383,84;2825,95;
SUZY PEIXOTO OSAQUI;COORD. ADMINISTRAT. FINANCEIRA;TEC.DE NIVEL SUPERIOR 2A CLASSE;; ESTATUTARIO;4617,51;;4617,51;721,79;3895,72;
TAMIRIS DA SILVA LIMA;COORD. ADMINISTRAT. FINANCEIRA;GERENTE;NAO INFORMADO; CARGO COMISSION.S/VINCULO;3209,79;;3209,79;383,84;2825,95;
TANIA MARIA BARROSO DA SILVA;COORD. ADMINISTRAT. FINANCEIRA;GERENTE;GERENTE AD 2; CARGO COMISSION.S/VINCULO;3209,79;;3209,79;383,84;2825,95;
TARCIANNE CARVALHO FROTA ANDRADE;COORD. ADMINISTRAT. FINANCEIRA;CHEFE DE GABINETE;; CARGO COMISSION.S/VINCULO;5229,77;;5229,77;950,08;4279,69;
TATIANA DE LIMA PEDROSA SANTOS;COORD. ADMINISTRAT. FINANCEIRA;ARQ-III;ARQUEOLOGO; ESTATUTARIO;4541,97;;4541,97;734,62;3807,35;
TATIANA MESQUITA MARQUES;COORD. ADMINISTRAT. FINANCEIRA;GERENTE;NAO INFORMADO; CARGO COMISSION.S/VINCULO;2213,79;;2213,79;183,04;2030,75;
TATIANE SARMENTO GUIMARAES;COORD. ADMINISTRAT. FINANCEIRA;SUBGERENTE;SUBGERENTE AD-3; CARGO COMISSION.S/VINCULO;3191,80;;3191,80;360,24;2831,56;
TELMA INES VEIGA DO NASCIMENTO;COORD. ADMINISTRAT. FINANCEIRA;A.TEC-I;; ESTATUTARIO;5492,56;;5492,56;887,37;4605,19;
TEREZA CRISTINA VIEIRA CANTANHEDE;COORD. ADMINISTRAT. FINANCEIRA;ASSISTENTE TECNICO III;; ESTATUTARIO;4390,26;;4390,26;520,30;3869,96;
THARCIANA CURINTIMA NOGUEIRA PENA;COORD. ADMINISTRAT. FINANCEIRA;AUX.ADM-III;; ESTATUTARIO;2861,81;;2861,81;230,03;2631,78;
THAYLINE CASTRO GAMA;COORD. ADMINISTRAT. FINANCEIRA;GERENTE;; CARGO COMISSION.S/VINCULO;2213,79;;2213,79;183,04;2030,75;
THAYNA MARIANA DE OLIVEIRA SANTOS;COORD. ADMINISTRAT. FINANCEIRA;GERENTE;NAO INFORMADO; CARGO COMISSION.S/VINCULO;1548,79;;1548,79;122,89;1425,90;
THIAGO HERMIDO DA SILVA;COORD. ADMINISTRAT. FINANCEIRA;GERENTE;GERENTE; CARGO COMISSION.S/VINCULO;4209,79;;4209,79;652,57;3557,22;
TICIANA PEREIRA DE OLIVEIRA;COORD. ADMINISTRAT. FINANCEIRA;AUXILIAR ADMINISTRATIVO;AUXILIAR ADMINISTRAT; ESTATUTARIO;1800,81;;1800,81;185,33;1615,48;
VALCIENE RIBEIRO DE FARIAS;COORD. ADMINISTRAT. FINANCEIRA;GERENTE;GERENTE AD-2; CARGO COMISSION.S/VINCULO;4209,79;;4209,79;652,57;3557,22;
VALDENIRA NASCIMENTO DE AMARAL;COORD. ADMINISTRAT. FINANCEIRA;AUX.BIBLI-III;; ESTATUTARIO;1628,80;;1628,80;171,02;1457,78;
VALERIA LIMA MACHADO;COORD. ADMINISTRAT. FINANCEIRA;BIBLI-III;BIBLIOTECARIA 3ª CL.; ESTATUTARIO;3086,16;;3086,16;488,32;2597,84;
VANERSSA MOTA DIAS;COORD. ADMINISTRAT. FINANCEIRA;ASSESSOR II;ASSESSOR II; CARGO COMISSION.S/VINCULO;2213,79;;2213,79;183,04;2030,75;
VICTOR DANIEL COSTA DIAS;COORD. ADMINISTRAT. FINANCEIRA;A.TEC-III;ASSIST TECNICO; ESTATUTARIO;1721,54;;1721,54;189,03;1532,51;
VICTOR MARTINS DE LIRA;COORD. ADMINISTRAT. FINANCEIRA;AUX.O-III;AUX. OP. MONT. ORQ; ESTATUTARIO;1605,81;;1605,81;162,02;1443,79;
VITOR ALFAIA DA PAZ;COORD. ADMINISTRAT. FINANCEIRA;A.TEC-III;ASSIST TEC; ESTATUTARIO;2581,54;;2581,54;211,45;2370,09;
VIVIAN SALES COSTA BARBOSA;COORD. ADMINISTRAT. FINANCEIRA;A.TEC-II;; ESTATUTARIO;3041,46;;3041,46;275,41;2766,05;
WAGNER DIAS ELEUTERIO;COORD. ADMINISTRAT. FINANCEIRA;MAQUINISTA;; ESTATUTARIO;2401,44;;2401,44;227,94;2173,50;
WALDEANE REGINA DA SILVA DE QUEIROZ;COORD. ADMINISTRAT. FINANCEIRA;GERENTE;NAO INFORMADO; CARGO COMISSION.S/VINCULO;1699,79;;1699,79;136,48;1563,31;
WILL DOUGLAS PEREIRA CILEIRO;COORD. ADMINISTRAT. FINANCEIRA;AUX.ADM-III;AUX ADM; ESTATUTARIO;1628,80;;1628,80;171,02;1457,78;
ZACARIAS OLIVEIRA SOUSA;COORD. ADMINISTRAT. FINANCEIRA;AUX.O-III;AUX. OPER. CENOTECN; ESTATUTARIO;2885,08;;2885,08;223,45;2661,63;
