NOME;LOTACAO;CARGO;FUNCAO;VINCULO;REMUNERACAO LEGAL TOTAL(R$);DESC.TETO(R$); REMUNERACAO LEGAL DEVIDA(R$);DESCONTOS LEGAIS(R$);LIQUIDO DISPONIVEL(R$);
ALAN CORREA DOS SANTOS;GERENCIA DE SUPORTE;ASSESSOR II;; CARGO COMISSION.S/VINCULO;5613,05;;5613,05;1136,13;4476,92;
ALCENIR MENDONÇA DA SILVA;ASSESSORIA JURIDICA;ASSESSOR IV;ASSESSOR IV; CARGO COMISSION.S/VINCULO;3175,61;;3175,61;375,23;2800,38;
ALCY NASCIMENTO LIMA;GERENCIA DE OBRAS DO INTERIOR;ENG-I;; ESTATUTARIO;11526,22;;11526,22;2792,38;8733,84;
ALCY VIEIRA DA SILVA;DEPTO.DE ENGENHARIA;A.OPE-I;; ESTATUTARIO;4053,06;;4053,06;457,80;3595,26;
ALEANDRA TAVARES MEIRELES;GERENCIA DE GESTAO DE PESSOAS;ASSESSOR IV;NAO INFORMADO; CARGO COMISSION.S/VINCULO;3175,61;;3175,61;357,23;2818,38;
ALEX ALMEIDA DOS REIS;GERENCIA DE ORCAMENTO;DIGITADOR;; ESTATUTARIO;3577,54;;3577,54;237,20;3340,34;
ALINE RAMOS CERQUINHO;ASSESSORIA JURIDICA;ASSESSOR III;ASSESSOR III AD 3; CARGO COMISSION.S/VINCULO;3191,80;;3191,80;379,31;2812,49;
ALLAN ALMEIDA DOS REIS;GERENCIA DE ORCAMENTO;DIGITADOR;; ESTATUTARIO;3577,54;;3577,54;342,51;3235,03;
ALLAN DE SOUZA SILVA;GERENCIA DE ORCAMENTO;ASSESSOR IV;NAO INFORMADO; CARGO COMISSION.S/VINCULO;3175,61;;3175,61;375,23;2800,38;
ALZENEIDE MORAIS DE SOUZA;ASSESSORIA JURIDICA;ASSESSOR III;NAO INFORMADO; CARGO COMISSION.S/VINCULO;3191,80;;3191,80;379,31;2812,49;
AMANDA MORAES DA SILVA;GERENCIA DE GESTAO DE PESSOAS;ASSESSOR IV;NAO INFORMADO; CARGO COMISSION.S/VINCULO;3175,61;;3175,61;375,23;2800,38;
ANA CAROLINA MOURA DE SA CAVALCANTE;GERENCIA DE CONTR.FINANCEIROS;ASSESSOR I;NAO INFORMADO; CARGO COMISSION.S/VINCULO;5229,77;;5229,77;950,08;4279,69;
ANA LUCIA DE MATOS SAMPAIO;GERENCIA DE OBRAS DO INTERIOR;ASSESSOR TECNICO;; CARGO COMISSION.S/VINCULO;7000,00;;7000,00;1600,82;5399,18;
ANA PAULA NUNES DA SILVA;ASSESSORIA DE PLANEJAMENTO;GERENTE;NAO INFORMADO; CARGO COMISSION.S/VINCULO;4209,79;;4209,79;652,57;3557,22;
ANDERSON RICARDO DE SOUZA BENCHIMOL;ASSESSORIA JURIDICA;ASSESSOR TECNICO;NAO INFORMADO; CARGO COMISSION.S/VINCULO;7000,00;;7000,00;1600,82;5399,18;
ANDRE GOMES DE OLIVEIRA;GERENCIA DE OBRAS DO INTERIOR;ENG-I;; ESTATUTARIO;10865,36;;10865,36;2560,31;8305,05;
ANNE CAROLINE DE FREITAS MATOS;GERENCIA DE PROJETOS;ASSESSOR TECNICO;NAO INFORMADO; CARGO COMISSION.S/VINCULO;7000,00;;7000,00;1600,82;5399,18;
ANNE KAROLINE OLIVEIRA DE ANDRADE;GERENCIA DE CONTABILIDADE;ASSESSOR IV;NAO INFORMADO; CARGO COMISSION.S/VINCULO;3175,61;;3175,61;375,23;2800,38;
ANTONIA CLICE MENDES FIALHO;GERENCIA DE GESTAO DE PESSOAS;CHEFE DE DEPARTAMENTO;NAO INFORMADO; CARGO COMISSION.S/VINCULO;5229,77;;5229,77;950,08;4279,69;
ANTONIO ARAUJO GONCALVES JUNIOR;GERENCIA DE OBRAS DO INTERIOR;ASSESSOR I;NAO INFORMADO; CARGO COMISSION.S/VINCULO;5229,77;;5229,77;992,73;4237,04;
ANTONIO CARLOS GOMES MIRANDA FILHO;GERENCIA DE OBRAS DO INTERIOR;ASSESSOR I;; CARGO COMISSION.S/VINCULO;5229,77;;5229,77;992,73;4237,04;
ANTONIO SILVIO PROENÇA;DEPARTAMENTO DE ADM.E FINANCAS;ASSESSOR II;NAO INFORMADO; CARGO COMISSION.S/VINCULO;4209,79;;4209,79;652,57;3557,22;
ARI CASTELO BRANCO;GERENCIA DE ORCAMENTO;ENG-I;; ESTATUTARIO;11643,73;;11643,73;2835,16;8808,57;
ARIELLY MORAES MAQUINE;DEPARTAMENTO DE ADM.E FINANCAS;ASSESSOR III;NAO INFORMADO; CARGO COMISSION.S/VINCULO;3191,80;;3191,80;379,31;2812,49;
ARTHUR GABRIEL GONCALVES NETO;GERENCIA DE OBRAS DO INTERIOR;ASSESSOR I;NAO INFORMADO; CARGO COMISSION.S/VINCULO;5229,77;;5229,77;992,73;4237,04;
ARY DE ALMEIDA COSTA;GERENCIA DE OBRAS DO INTERIOR;ENG-I;; ESTATUTARIO;11624,42;;11624,42;2828,13;8796,29;
AUGUSTA EDMEA ROCHA DAS NEVES;GERENCIA DE PROJETOS;ARQUITETO;; ESTATUTARIO;8764,68;;8764,68;1821,55;6943,13;
BRENDA ANDES BARBOSA;DEPTO.DE ENGENHARIA;ASSESSOR II;NAO INFORMADO; CARGO COMISSION.S/VINCULO;4209,79;;4209,79;652,57;3557,22;
BRUNO EDUARDO MORAIS DAS NEVES;DEPARTAMENTO DE ADM.E FINANCAS;ASSESSOR II;NAO INFORMADO; CARGO COMISSION.S/VINCULO;5613,05;;5613,05;1136,13;4476,92;
CALIXTRO RIBEIRO LOPES;REMANEJADOS SEINFRA;AUX.O-I;ALMOXARIFE; ESTATUTARIO;3285,31;;3285,31;282,40;3002,91;
CARLOS ALBERTO DO N E SILVA;GABINETE DO SECRETARIO;ASSESSOR II;; CARGO COMISSION.S/VINCULO;4209,79;;4209,79;652,57;3557,22;
CARLOS AUGUSTO MARQUES TELES;DEPARTAMENTO DE ADM.E FINANCAS;ASSESSOR III;NAO INFORMADO; CARGO COMISSION.S/VINCULO;3191,80;;3191,80;379,31;2812,49;
CARLOS EDUARDO ABREU DE OLIVEIRA;GERENCIA DE OBRAS DA CAPITAL;ASSESSOR TECNICO;NAO INFORMADO; CARGO COMISSION.S/VINCULO;7000,00;;7000,00;1600,82;5399,18;
CARLOS HENRIQUE DOS REIS LIMA;GABINETE DO SECRETARIO;SECRETARIO DE ESTADO;NAO INFORMADO; CARGO COMISSION.S/VINCULO;28060,00;;28060,00;7340,18;20719,82;
CELIA MARIA CARDOSO PEREIRA;SECRETARIA EXECUTIVA;ASSESSOR IV;ASSESSOR IV; CARGO COMISSION.S/VINCULO;3175,61;;3175,61;375,23;2800,38;
CELINA DA SILVA MELO;GERENCIA DE GESTAO DE PESSOAS;A.TEC-I;ASSESSOR I; ESTATUTARIO;5878,26;;5878,26;901,83;4976,43;
CINTHYA DE AQUINO SIQUEIRA;ASSESSORIA JURIDICA;ASSESSOR I;NAO INFORMADO; CARGO COMISSION.S/VINCULO;5229,77;;5229,77;992,73;4237,04;
CLAUDIO JOSE SILVA DE ALBUQUERQUE;ASSESSORIA JURIDICA;DIGITADOR;; ESTATUTARIO;5771,54;;5771,54;854,86;4916,68;
CLEBESON EVANGELISTA;REMANEJADOS SEINFRA;ASSESSOR IV;NAO INFORMADO; CARGO COMISSION.S/VINCULO;3175,61;;3175,61;375,23;2800,38;
CLODOALDO PEREIRA SILVA;DEPARTAMENTO DE ADM.E FINANCAS;SUBGERENTE;; CARGO COMISSION.S/VINCULO;3191,80;;3191,80;379,31;2812,49;
DALYENNE SOUZA ALENCAR DA ROCHA;GERENCIA DE CONTR.FINANCEIROS;CHEFE DE DEPARTAMENTO;NAO INFORMADO; CARGO COMISSION.S/VINCULO;5229,77;;5229,77;992,73;4237,04;
DAMIANA LOPES DE MELO;GERENCIA DE PROTOC.E ARQUIVO;A.TEC-I;; ESTATUTARIO;3950,01;;3950,01;426,55;3523,46;
DANIEL QUINTINO DUTRA;GERENCIA DE CONTR.FINANCEIROS;CADISTA;; ESTATUTARIO;3339,03;;3339,03;363,98;2975,05;
DANIELE BATISTA LOPES;SECRETARIA EXECUTIVA;ASSESSOR I;; CARGO COMISSION.S/VINCULO;5229,77;;5229,77;992,73;4237,04;
DANIELLE ANTONY ASSIS;DEPARTAMENTO DE ADM.E FINANCAS;ASSESSOR I;NAO INFORMADO; CARGO COMISSION.S/VINCULO;5229,77;;5229,77;992,73;4237,04;
DAVIANE LEITE PERRONE;DEPTO.DE ENGENHARIA;GERENTE;NAO INFORMADO; CARGO COMISSION.S/VINCULO;5613,05;;5613,05;1136,13;4476,92;
DAYANA MENEZES DE SOUZA;GERENCIA DE GESTAO DE PESSOAS;SUBGERENTE;NAO INFORMADO; CARGO COMISSION.S/VINCULO;3191,80;;3191,80;360,24;2831,56;
DAYANNE LEITE PERRONE;SECRETARIA EXECUTIVA;ASSESSOR IV;NAO INFORMADO; CARGO COMISSION.S/VINCULO;3434,15;;3434,15;442,57;2991,58;
DEBORAH ALMEIDA RABELO;ASSESSORIA JURIDICA;AGENTE ADM.-AGA-T.S.N.A.-E;ASSESSOR III; ESTATUTARIO;3740,44;;3740,44;398,43;3342,01;
DIÊMILE SAVANI SILVA;ASSESSORIA DE COMUNICACAO;ASSESSOR III;NAO INFORMADO; CARGO COMISSION.S/VINCULO;3191,80;;3191,80;379,31;2812,49;
DORIS FERNANDES SOUZA STEFANES;ASSESSORIA TECNICA;ASSESSOR I;NAO INFORMADO; CARGO COMISSION.S/VINCULO;6973,03;;6973,03;1541,26;5431,77;
DORVAL DO NASCIMENTO FEITOZA;GERENCIA DE PROJETOS;AUXILIAR DE TOPOGRAFIA;; ESTATUTARIO;4615,75;;4615,75;400,01;4215,74;
DOUGLAS GALVAO MONTEIRO JUNIOR;GABINETE DO SECRETARIO;ASSESSOR TECNICO;NAO INFORMADO; CARGO COMISSION.S/VINCULO;7000,00;;7000,00;1600,82;5399,18;
DRIELY MONTE XAUD;ASSESSORIA DE COMUNICACAO;ASSESSOR IV;NAO INFORMADO; CARGO COMISSION.S/VINCULO;3175,61;;3175,61;375,23;2800,38;
EDGAR LUIZ PINHEIRO DE SOUZA;DEPARTAMENTO DE ENGENHARIA;ASSESSOR I;NAO INFORMADO; CARGO COMISSION.S/VINCULO;5229,77;;5229,77;992,73;4237,04;
EDILSON ROSENDO DE FREITAS FILHO;ASSESSORIA DE PLANEJAMENTO;ASSESSOR III;NAO INFORMADO; CARGO COMISSION.S/VINCULO;6383,60;;6383,60;1426,24;4957,36;
EDILSON ROTONDANO;GERENCIA DE PROJETOS;ENG-III;; ESTATUTARIO;7551,37;;7551,37;1411,68;6139,69;
EDMUNDO SOUZA DO NASCIMENTO;GERENCIA DE MANUTENCAO;AUX.O-I;ELETRICISTA; ESTATUTARIO;3883,39;;3883,39;315,03;3568,36;
EDUARDO DA SILVA PAULA;ASSESSORIA DE COMUNICACAO;ASSESSOR I;NAO INFORMADO; CARGO COMISSION.S/VINCULO;5229,77;;5229,77;992,73;4237,04;
EDUARDO PEREIRA DE FREITAS;GERENCIA DE OBRAS DA CAPITAL;ENG-I;CH NUC EXERC PROJETO; ESTATUTARIO;11570,19;;11570,19;2756,25;8813,94;
EDUARDO TUYOSHI CHIBA;PESSOAL PROC.DE APOSENTADORIA;ENG-I;; ESTATUTARIO;11114,39;;11114,39;2654,07;8460,32;
EDVALDO ROCHA RIBEIRO;GERENCIA DE PROJETOS;AUX.O-I;; ESTATUTARIO;3586,06;;3586,06;344,53;3241,53;
ELENICE MARIA DE XEREZ V ARIAS;UGPAC/AM-UNID.PROG.ACEL.CRESC.;ASSESSOR TECNICO;; CARGO COMISSION.S/VINCULO;7000,00;;7000,00;1600,82;5399,18;
ELIANA MARIA DA SILVA FEITOSA;GERENCIA DE PROTOC.E ARQUIVO;AUX.S.G-II;; ESTATUTARIO;3516,15;;3516,15;321,76;3194,39;
ELIZA DO CARMO DE OLIVEIRA DA SILVA;ASSESSORIA JURIDICA;A.TEC-I;ASSESSOR II, AD-2; ESTATUTARIO;5124,07;;5124,07;699,06;4425,01;
ELIZA MARIA CARVALHO COUTINHO SENA;DEPARTAMENTO DE ENGENHARIA;ASSESSOR II;ASSESSOR II; CARGO COMISSION.S/VINCULO;4209,79;;4209,79;652,57;3557,22;
EMERSON SILVEIRA FERREIRA;GERENCIA DE CONTABILIDADE;A.TEC-II;; ESTATUTARIO;3650,20;;3650,20;250,34;3399,86;
ERICA DE JESUS LACERDA AFONSO;DEPARTAMENTO DE ADM.E FINANCAS;GERENTE;NAO INFORMADO; CARGO COMISSION.S/VINCULO;4209,79;;4209,79;652,57;3557,22;
ERNESTO DE OLIVEIRA SILVA NETO;ASSESSORIA JURIDICA;ASSESSOR II;NAO INFORMADO; CARGO COMISSION.S/VINCULO;4209,79;;4209,79;652,57;3557,22;
EUCLYCES MARIA DE PAULA FREITAS;GABINETE DO SECRETARIO;ASSISTENTE ADMINISTRATIVO I;CHEFE GABINETE AD-1; ESTATUTARIO;5916,61;;5916,61;909,48;5007,13;
FERNANDO ELIAS PRESTES GONCALVES;GABINETE DO SECRETARIO;ENG-I;; ESTATUTARIO;11452,05;;11452,05;2765,38;8686,67;
FERNANDO THIAGO FRANCA ROCHA;GABINETE DO SECRETARIO;ASSESSOR IV;NAO INFORMADO; CARGO COMISSION.S/VINCULO;3175,61;;3175,61;375,23;2800,38;
FRANCILENE BESSA DA SILVA;GERENCIA DE PROJETOS;ASSESSOR I;NAO INFORMADO; CARGO COMISSION.S/VINCULO;5229,77;;5229,77;950,08;4279,69;
FRANCIS ALBERT GAMA PARENTE;GERENCIA DE PROJETOS;ENGENHEIRO;; ESTATUTARIO;12285,90;;12285,90;2292,40;9993,50;
FRANCISCA MOTA DE LIMA;GABINETE DO SECRETARIO;ASSESSOR IV;ASSESSOR IV AD-4; CARGO COMISSION.S/VINCULO;3175,61;;3175,61;375,23;2800,38;
FRANCISCO BARROSO GOMES;GERENCIA DE MANUTENCAO;VIGIA-I;; ESTATUTARIO;3895,94;;3895,94;400,15;3495,79;
FRANCISCO CHAGAS SANTOS DA SILVA;GERENCIA DE GESTAO DE PESSOAS;A.TEC-II;; ESTATUTARIO;3896,42;;3896,42;409,55;3486,87;
FRANCISCO DAS CHAGAS ROSA DE LIMA;GERENCIA DE MANUTENCAO;MOT-I;; ESTATUTARIO;4072,45;;4072,45;420,00;3652,45;
FRANCISCO JOSE DE CASTRO E SILVA;ASSESSORIA JURIDICA;ASSESSOR III;ASSESSOR III AD-3; CARGO COMISSION.S/VINCULO;3191,80;;3191,80;379,31;2812,49;
FRANCISCO OLIVEIRA DE SOUZA FILHO;UNID.GEST.PR.SOC.AMB.IGARAPES;ENG-I;; ESTATUTARIO;10830,07;;10830,07;2547,02;8283,05;
FRANK DOUGLAS THOME DE SOUZA;GERENCIA DE OBRAS DA CAPITAL;ASSESSOR TECNICO;NAO INFORMADO; CARGO COMISSION.S/VINCULO;7000,00;;7000,00;1600,82;5399,18;
FRANQUIMAR SANTANA CIDRONIO;GERENCIA DE OBRAS DA CAPITAL;TNS-I;; ESTATUTARIO;9616,86;;9616,86;1787,13;7829,73;
GEOVANNA INGRID FONSECA SANTA RITA;GERENCIA DE ORCAMENTO;ASSESSOR IV;NAO INFORMADO; CARGO COMISSION.S/VINCULO;3175,61;;3175,61;375,23;2800,38;
GERALDO DA SILVA COSTA;DEPARTAMENTO DE ENGENHARIA;ASSESSOR II;NAO INFORMADO; CARGO COMISSION.S/VINCULO;4209,79;;4209,79;652,57;3557,22;
GILTEMBERG MESSIAS DE O SILVA;GABINETE DO SECRETARIO;ASSESSOR IV;NAO INFORMADO; CARGO COMISSION.S/VINCULO;3175,61;;3175,61;375,23;2800,38;
GIRLANE PESSOA BRASIL;GERENCIA DE GESTAO DE PESSOAS;SUBGERENTE;SUBGERENTE AD-3; CARGO COMISSION.S/VINCULO;3191,80;;3191,80;379,31;2812,49;
GIRLENE OLIVEIRA DE ARAUJO;DEPTO.DE ENGENHARIA;ASSESSOR II;NAO INFORMADO; CARGO COMISSION.S/VINCULO;4209,79;;4209,79;652,57;3557,22;
GREICIANE CORREA FERNANDES;ASSESSORIA DE COMUNICACAO;ASSESSOR I;NAO INFORMADO; CARGO COMISSION.S/VINCULO;5229,77;;5229,77;907,42;4322,35;
GUSTAVO BRUGNARA DA SILVEIRA;SECRETARIA EXECUTIVA;SECRETARIO EXECUTIVO ADJUNTO;NAO INFORMADO; CARGO COMISSION.S/VINCULO;9000,00;;9000,00;2098,68;6901,32;
HARLEY AUGUSTO VIEIRA DOS SANTOS;DEPARTAMENTO DE ENGENHARIA;ASSESSOR II;NAO INFORMADO; CARGO COMISSION.S/VINCULO;4209,79;;4209,79;652,57;3557,22;
HEBER ANEQUINO BARBOSA;DEPARTAMENTO DE ENGENHARIA;CHEFE DE DEPARTAMENTO;NAO INFORMADO; CARGO COMISSION.S/VINCULO;5229,77;;5229,77;992,73;4237,04;
HELANE ARAUJO DA COSTA;ASSESSORIA JURIDICA;ASSESSOR TECNICO;NAO INFORMADO; CARGO COMISSION.S/VINCULO;7000,00;;7000,00;1600,82;5399,18;
HELIDA ARAUJO DA COSTA;DEPTO.DE ENGENHARIA;ASSESSOR IV;NAO INFORMADO; CARGO COMISSION.S/VINCULO;3175,61;;3175,61;375,23;2800,38;
HENNYSOW RENATO TRAJANO GANDRA;GERENCIA DE PROJETOS;CADISTA;; ESTATUTARIO;3577,54;;3577,54;314,07;3263,47;
HENRIETT SANTOS VIANNA COSTA;GERENCIA DE CONTABILIDADE;A.TEC-I;; ESTATUTARIO;3940,04;;3940,04;424,01;3516,03;
HUDSANDRA KEROLLEN TEIXEIRA FREITAS;ASSESSORIA DE PLANEJAMENTO;SUBGERENTE;NAO INFORMADO; CARGO COMISSION.S/VINCULO;6383,60;;6383,60;1426,24;4957,36;
HUGO LEONARDO MENEZES DE SALES;GERENCIA DE PROJETOS;ASSESSOR IV;NAO INFORMADO; CARGO COMISSION.S/VINCULO;4234,15;;4234,15;660,70;3573,45;
IRISNALDO VALENTE DE LIRA;GERENCIA DE GESTAO DE PESSOAS;A.TEC-I;; ESTATUTARIO;3950,01;;3950,01;426,55;3523,46;
ISABEL CRISTINA DUARTE S NEGOITA;REMANEJADOS SEINFRA;CHEFE DE DEPARTAMENTO;NAO INFORMADO; CARGO COMISSION.S/VINCULO;5229,77;;5229,77;992,73;4237,04;
ISLEY ARAUJO DOS SANTOS;DEPTO.DE ENGENHARIA;GERENTE;NAO INFORMADO; CARGO COMISSION.S/VINCULO;4209,79;;4209,79;652,57;3557,22;
IVAN MATIAS LIMA;GERENCIA DE MANUTENCAO;AGENTE PORTUARIO II;ASSESSOR II; ESTATUTARIO;5349,42;;5349,42;634,42;4715,00;
JADIR MILLER RAMOS;GERENCIA DE MANUTENCAO;AUX.O-I;; ESTATUTARIO;3963,32;;3963,32;255,75;3707,57;
JAIR TEOFILO DE PONTES FILHO;GERENCIA DE TRANSPORTES;ENG.O-II;; ESTATUTARIO;9893,74;;9893,74;2246,63;7647,11;
JANDERSON OLIVEIRA DE CARVALHO;GERENCIA DE PROJETOS;CHEFE DE DEPARTAMENTO;NAO INFORMADO; CARGO COMISSION.S/VINCULO;10459,54;;10459,54;4163,03;6296,51;
JANETTE BOUEZ ABRAHIM;SECRETARIA EXECUTIVA;SECRETARIO EXECUTIVO;NAO INFORMADO; CARGO COMISSION.S/VINCULO;11700,00;;11700,00;2841,18;8858,82;
JANICE FERNANDES CARVALHO;GERENCIA DE PROJETOS;CAD-III;; ESTATUTARIO;3396,84;;3396,84;558,95;2837,89;
JANNY MARY MOTA DA SILVA;GERENCIA DE OBRAS DO INTERIOR;ASSESSOR II;; CARGO COMISSION.S/VINCULO;4209,79;;4209,79;652,57;3557,22;
JANSEN DE OLIVEIRA MONTE;DEPTO.DE ENGENHARIA;DIGITADOR;; ESTATUTARIO;3577,54;;3577,54;285,63;3291,91;
JARLAN BIASE DE LIMA;GERENCIA DE TRANSPORTES;FISCAL RODOVIARIO;; ESTATUTARIO;3577,54;;3577,54;342,51;3235,03;
JESUS ALECXANDRE GOMES DE SOUZA;REMANEJADOS SEINFRA;CHEFE DE DEPARTAMENTO;NAO INFORMADO; CARGO COMISSION.S/VINCULO;5229,77;;5229,77;950,08;4279,69;
JOACY DE SOUZA CASTELO;GERENCIA DE GESTAO DE PESSOAS;ASSESSOR IV;ASSESSOR IV AD-4; CARGO COMISSION.S/VINCULO;3175,61;;3175,61;375,23;2800,38;
JOAO IBERNON DE MOURA;GERENCIA DE PROJETOS;TPG-I;; ESTATUTARIO;4058,57;;4058,57;480,67;3577,90;
JOAO SEIXAS DA SILVA;GERENCIA DE MANUTENCAO;AUX.O-I;; ESTATUTARIO;3863,46;;3863,46;366,84;3496,62;
JOAO THIAGO REIS BEZERRA;DEPARTAMENTO DE INFORMATICA;ASSESSOR III;NAO INFORMADO; CARGO COMISSION.S/VINCULO;3191,80;;3191,80;379,31;2812,49;
JORGE RENATO CASTRO DA SILVA;DEPARTAMENTO DE ADM.E FINANCAS;SECRETARIO EXECUTIVO ADJUNTO;NAO INFORMADO; CARGO COMISSION.S/VINCULO;9000,00;;9000,00;2150,82;6849,18;
JOSE ALMEIDA DE OLIVEIRA;ASSESSORIA JURIDICA;ENG-I;ASSESSOR I; ESTATUTARIO;12513,07;;12513,07;3062,87;9450,20;
JOSE DE RIBAMAR XAVIER D E SILVA;GERENCIA DE PROJETOS;TNS-I;GERENTE, AD-2; ESTATUTARIO;11480,94;;11480,94;2609,04;8871,90;
JOSE MAURICIO DOS SANTOS TOMAZ;ASSESSORIA JURIDICA;ASSESSOR I;ASSESSOR I AD-1; CARGO COMISSION.S/VINCULO;5229,77;;5229,77;992,73;4237,04;
JOSE RENOVATO DOS SANTOS NETO;GERENCIA DE MANUTENCAO;A.TEC-I;; ESTATUTARIO;3145,32;;3145,32;300,73;2844,59;
JULIANO TELES RAMOS;GERENCIA DE OBRAS DO INTERIOR;ASSESSOR I;NAO INFORMADO; CARGO COMISSION.S/VINCULO;5229,77;;5229,77;992,73;4237,04;
JULIETE DOS SANTOS BARBOSA;DEPTO.DE ENGENHARIA;ASSESSOR IV;NAO INFORMADO; CARGO COMISSION.S/VINCULO;3175,61;;3175,61;375,23;2800,38;
JURACI SILVA CARDOSO;DEPTO.DE ENGENHARIA;A.TEC-I;; ESTATUTARIO;3950,01;;3950,01;426,55;3523,46;
KARIN SUELLE ALVES SERUDO;GERENCIA DE GESTAO DE PESSOAS;ASSESSOR III;NAO INFORMADO; CARGO COMISSION.S/VINCULO;4255,73;;4255,73;606,70;3649,03;
KARLA CRISTINA PEREIRA P PORTELLA;GERENCIA DE PROJETOS;ASSESSOR II;ASSESSOR II AD-2; CARGO COMISSION.S/VINCULO;4209,79;;4209,79;652,57;3557,22;
KARLA REJANE CONCEICAO FAUSTO;ASSESSORIA DE PLANEJAMENTO;ASSESSOR II;NAO INFORMADO; CARGO COMISSION.S/VINCULO;4209,79;;4209,79;652,57;3557,22;
KATIA MARIA SOARES B C CAPOBIANGO;GABINETE DO SECRETARIO;ARQUITETO;; ESTATUTARIO;10091,90;;10091,90;2186,53;7905,37;
KEITOKU TOYODA;GERENCIA DE ORCAMENTO;ENG-I;CHEFE SETOR CUSTOS; ESTATUTARIO;11592,82;;11592,82;1979,71;9613,11;
KELLYSON SANTOS OLIVEIRA;GERENCIA DE PROJETOS;CONSULTOR;NAO INFORMADO; CARGO COMISSION.S/VINCULO;14000,00;;14000,00;3525,82;10474,18;
KEN NISHIKIDO;GERENCIA DE ORCAMENTO;ENG-I;; ESTATUTARIO;11582,15;;11582,15;2788,74;8793,41;
LARISSA DE FREITAS COUTO BARREIROS;SECRETARIA EXECUTIVA;ASSESSOR I;NAO INFORMADO; CARGO COMISSION.S/VINCULO;5229,77;;5229,77;992,73;4237,04;
LAZARO ROQUE DOS SANTOS;GERENCIA DE PROJETOS;AUX.O-I;; ESTATUTARIO;3689,03;;3689,03;372,24;3316,79;
LESSIANE DE SOUSA SOARES;DEPARTAMENTO DE ADM.E FINANCAS;DIGITADOR;; ESTATUTARIO;3577,54;;3577,54;342,51;3235,03;
LEYDIANE GUIMARAES DA COSTA;GABINETE DO SECRETARIO;ASSESSOR III;; CARGO COMISSION.S/VINCULO;3191,80;;3191,80;379,31;2812,49;
LILIAN CARLA ARAUJO DOS S RODRIGUES;SECRETARIA EXECUTIVA;GERENTE;NAO INFORMADO; CARGO COMISSION.S/VINCULO;4209,79;;4209,79;652,57;3557,22;
LINDOMAR DA SILVA VARGAS;GERENCIA DE CONTABILIDADE;ASSESSOR TECNICO;NAO INFORMADO; CARGO COMISSION.S/VINCULO;7000,00;;7000,00;1600,82;5399,18;
LIZANDRA VALERIA PEREIRA BRUGNARA;ASSESSORIA DE PLANEJAMENTO;SECRETARIO EXECUTIVO ADJUNTO;NAO INFORMADO; CARGO COMISSION.S/VINCULO;9000,00;;9000,00;2150,82;6849,18;
LORENA SILVA SOUZA;GERENCIA DE ORCAMENTO;ASSESSOR III;NAO INFORMADO; CARGO COMISSION.S/VINCULO;3191,80;;3191,80;379,31;2812,49;
LORENA TAVARES DE FREITAS;GERENCIA DE ORCAMENTOS;ASSESSOR TECNICO;NAO INFORMADO; CARGO COMISSION.S/VINCULO;9333,33;;9333,33;2242,48;7090,85;
LUANA SILVA MAHATMA;DEPTO.DE ENGENHARIA;ASSESSOR IV;NAO INFORMADO; CARGO COMISSION.S/VINCULO;4234,15;;4234,15;600,90;3633,25;
LUCICLEY BARBOSA E SA;GERENCIA DE GESTAO DE PESSOAS;ASSESSOR III;ASSESSOR III AD-3; CARGO COMISSION.S/VINCULO;3191,80;;3191,80;379,31;2812,49;
LUIZ ANTONIO DE V D JUNIOR;GERENCIA DE PROJETOS;ASSESSOR I;ASSESSOR I AD-1; CARGO COMISSION.S/VINCULO;5229,77;;5229,77;907,42;4322,35;
LUIZ CARLOS PEREIRA DO NASCIMENTO;GERENCIA DE PROJETOS;MOT-I;; ESTATUTARIO;4169,91;;4169,91;486,77;3683,14;
LUIZ HENRIQUE MARTINS LINHARES;GERENCIA DE TRANSPORTES;A.OPE-I;; ESTATUTARIO;5895,58;;5895,58;857,53;5038,05;
LUIZA DE ALMEIDA AFONSO;ASSESSORIA JURIDICA;ASSESSOR TECNICO;NAO INFORMADO; CARGO COMISSION.S/VINCULO;7000,00;;7000,00;1600,82;5399,18;
MANOEL BESSA NETO;DEPARTAMENTO DE ADM.E FINANCAS;GERENTE;NAO INFORMADO; CARGO COMISSION.S/VINCULO;4209,79;;4209,79;652,57;3557,22;
MANOEL DE CASTRO PAIVA;SECRETARIA EXECUTIVA;ENG.O-I;; ESTATUTARIO;10653,78;;10653,78;2474,78;8179,00;
MANOEL FERNANDES DA SILVA;GERENCIA DE PROJETOS;AUX.O-I;; ESTATUTARIO;3654,06;;3654,06;362,82;3291,24;
MANUEL RIBAMAR VALDEVINO OLIVEIRA;GERENCIA DE TRANSPORTES;ENG.O-I;; ESTATUTARIO;10118,73;;10118,73;2331,34;7787,39;
MANUELA GOMES DA SILVA;DEPARTAMENTO DE ADM.E FINANCAS;ASSESSOR I;; CARGO COMISSION.S/VINCULO;5229,77;;5229,77;992,73;4237,04;
MARA SOCORRO DE SOUZA LOBO LEITE;GABINETE DO SECRETARIO;ASSESSOR II;ASSESSOR II AD-2; CARGO COMISSION.S/VINCULO;4209,79;;4209,79;652,57;3557,22;
MARCELO ALVES PEREIRA;SECRETARIA EXECUTIVA;ASSESSOR IV;; CARGO COMISSION.S/VINCULO;3175,61;;3175,61;375,23;2800,38;
MARCELO CELSO BASTOS DE AGUIAR;GERENCIA DE OBRAS DA CAPITAL;ENG-I;; ESTATUTARIO;14063,02;;14063,02;4250,07;9812,95;
MARCELO TAVARES DE CARVALHO;ASSESSORIA DE PLANEJAMENTO;ASSESSOR TECNICO;NAO INFORMADO; CARGO COMISSION.S/VINCULO;7000,00;;7000,00;1600,82;5399,18;
MARCIO BRITO DA SILVA;GERENCIA DE MANUTENCAO;ASSESSOR IV;NAO INFORMADO; CARGO COMISSION.S/VINCULO;4234,15;;4234,15;629,34;3604,81;
MARCIO PINHEIRO AZEDO;DEPTO.DE ENGENHARIA;CONSULTOR;NAO INFORMADO; CARGO COMISSION.S/VINCULO;7000,00;;7000,00;1600,82;5399,18;
MARCO ANTONIO MUNIZ RIBEIRO;GERENCIA DE OBRAS DA CAPITAL;ASSESSOR II;NAO INFORMADO; CARGO COMISSION.S/VINCULO;4209,79;;4209,79;594,34;3615,45;
MARCOS CASTRO DE SOUZA;DEPARTAMENTO DE ADM.E FINANCAS;ASSESSOR I;NAO INFORMADO; CARGO COMISSION.S/VINCULO;5229,77;;5229,77;992,73;4237,04;
MARCOS VINICIUS BARROS DE ANDRADE;DEPTO.DE ENGENHARIA;GERENTE;; CARGO COMISSION.S/VINCULO;4209,79;;4209,79;652,57;3557,22;
MARIA DE FATIMA LIMA DE MATOS;DEPARTAMENTO DE ADM.E FINANCAS;ASSISTENTE TECNICO 1A CLASSE;; ESTATUTARIO;3586,28;;3586,28;344,85;3241,43;
MARIA DE FATIMA NUNES RIBEIRO;GERENCIA DE TRANSPORTES;A.TEC-I;SECRETARIA DA DO; ESTATUTARIO;3701,57;;3701,57;385,38;3316,19;
MARIA DO CARMO FERREIRA DA SILVA;GERENCIA DE PROJETOS;A.TEC-I;; ESTATUTARIO;3917,69;;3917,69;417,64;3500,05;
MARIA DO CARMO VIEIRA GOLVIM;GERENCIA DE ORCAMENTO;ENG-I;; ESTATUTARIO;10877,39;;10877,39;2616,97;8260,42;
MARIA DO PERPETUO S F OLIVEIRA;DEPTO.DE ENGENHARIA;ASSESSOR II;NAO INFORMADO; CARGO COMISSION.S/VINCULO;4209,79;;4209,79;652,57;3557,22;
MARIA EMILIA LEITE FRANCA;GERENCIA DE MANUTENCAO;AUX.ADM-I;; ESTATUTARIO;3786,32;;3786,32;354,93;3431,39;
MARIA JOSE LITAIFF E LITAIFF;GERENCIA DE PROJETOS;DES-I;ASSESSOR I - AD-1; ESTATUTARIO;5869,52;;5869,52;920,38;4949,14;
MARIA MARIANA CARNEIRO;GERENCIA DE GESTAO DE PESSOAS;AUXILIAR DE SERV GERAIS 3A CLASSE;; ESTATUTARIO;3470,55;;3470,55;304,55;3166,00;
MARILENA BO AGUIAR JACOBS;GERENCIA DE ORCAMENTO;ENGENHEIRO;; ESTATUTARIO;10187,91;;10187,91;2289,46;7898,45;
MARIO JORGE DUTRA DA SILVA;GERENCIA DE OBRAS DO INTERIOR;ENG-I;ASSESSOR TECNICO; ESTATUTARIO;10821,32;;10821,32;2595,86;8225,46;
MARIO RODRIGUES MONTEIRO JUNIOR;GERENCIA DE CONTR.FINANCEIROS;ASSESSOR II;NAO INFORMADO; CARGO COMISSION.S/VINCULO;4209,79;;4209,79;622,77;3587,02;
MARLENE LOPES DO NASCIMENTO;GERENCIA DE ORCAMENTO;DES-I;; ESTATUTARIO;3959,86;;3959,86;451,29;3508,57;
MAURICIO PINHO DA SILVA;GABINETE DO SECRETARIO;ASSESSOR III;NAO INFORMADO; CARGO COMISSION.S/VINCULO;3191,80;;3191,80;379,31;2812,49;
MICHELE LIMA BEZERRA;GERENCIA DE GESTAO DE PESSOAS;GERENTE;NAO INFORMADO; CARGO COMISSION.S/VINCULO;4209,79;;4209,79;622,77;3587,02;
MONICA REJANE BUZAR DUAILIBE;GERENCIA DE OBRAS DO INTERIOR;ASSESSOR I;NAO INFORMADO; CARGO COMISSION.S/VINCULO;5229,77;;5229,77;992,73;4237,04;
NARLEY ADSON PAIVA GUEDES;REMANEJADOS SEINFRA;ASSESSOR II;NAO INFORMADO; CARGO COMISSION.S/VINCULO;4209,79;;4209,79;622,77;3587,02;
NATHANAEL DO NASCIMENTO ANDRADE;DEPARTAMENTO DE ENGENHARIA;GERENTE;NAO INFORMADO; CARGO COMISSION.S/VINCULO;5613,05;;5613,05;1136,13;4476,92;
NEY AFONSO SIQUEIRA AGUIAR;GERENCIA DE PROJETOS;DES-I;; ESTATUTARIO;3727,83;;3727,83;419,61;3308,22;
NIBIA PINHO PUCU;GERENCIA DE OBRAS DA CAPITAL;ASSESSOR II;NAO INFORMADO; CARGO COMISSION.S/VINCULO;4209,79;;4209,79;652,57;3557,22;
NIVALNETT DOS SANTOS OSORIO;GERENCIA DE ORCAMENTO;ASSESSOR II;NAO INFORMADO; CARGO COMISSION.S/VINCULO;4209,79;;4209,79;622,77;3587,02;
ODENILSON ROBERTO AZEVEDO SERIQUE;ASSESSORIA DE PLANEJAMENTO;ASSESSOR TECNICO;NAO INFORMADO; CARGO COMISSION.S/VINCULO;7000,00;;7000,00;1600,82;5399,18;
ODILENO RABELO DA SILVA;GERENCIA DE MANUTENCAO;ASSESSOR II;ASSESSOR II AD2; CARGO COMISSION.S/VINCULO;4209,79;;4209,79;622,77;3587,02;
ORLANDO AUGUSTO VIEIRA DE M JUNIOR;SECRETARIA EXECUTIVA;ENG-I;; ESTATUTARIO;17132,09;;17132,09;4971,87;12160,22;
ORLANDO SILVIO DE PAULA LIMA;GERENCIA DE PROJETOS;AUX.O-I;; ESTATUTARIO;3873,43;;3873,43;397,81;3475,62;
OSVALDO PEREIRA PINTO;GERENCIA DE MANUTENCAO;AUX.O-I;; ESTATUTARIO;3843,52;;3843,52;361,77;3481,75;
OSWALDO SAID JUNIOR;GERENCIA DE OBRAS DA CAPITAL;TNS-I;; ESTATUTARIO;9267,75;;9267,75;2010,95;7256,80;
PAULO ESTEVES FERNANDES NETO;ASSESSORIA DE PLANEJAMENTO;ASSESSOR III;NAO INFORMADO; CARGO COMISSION.S/VINCULO;3191,80;;3191,80;379,31;2812,49;
PAULO HENRIQUE BEZERRA DE MELO;SECRETARIA EXECUTIVA;ASSESSOR IV;ASSESSOR IV; CARGO COMISSION.S/VINCULO;3175,61;;3175,61;375,23;2800,38;
PAULO ROGÉRIO DE OLIVEIRA CHAVES;GERENCIA DE OBRAS DO INTERIOR;ASSESSOR II;NAO INFORMADO; CARGO COMISSION.S/VINCULO;5613,05;;5613,05;1136,13;4476,92;
PAULO ROGERIO DE OLIVEIRA LEITE;GERENCIA DE PROJETOS;A.TEC-I;; ESTATUTARIO;3930,07;;3930,07;421,48;3508,59;
PAULO ROMEU LAMMEL HENDGES;DEPTO.DE ENGENHARIA;ASSESSOR I;; CARGO COMISSION.S/VINCULO;6973,03;;6973,03;1593,40;5379,63;
PHILIPE ANTONIO MORAES DE AQUINO;GERENCIA DE CONV.FEDERAIS;ASSESSOR I;NAO INFORMADO; CARGO COMISSION.S/VINCULO;5229,77;;5229,77;992,73;4237,04;
PRISCILA DE SOUZA SILVA;GERENCIA DE GESTAO DE PESSOAS;ASSESSOR III;NAO INFORMADO; CARGO COMISSION.S/VINCULO;3191,80;;3191,80;379,31;2812,49;
RAFAELA ALMEIDA GUIMARAES;DEPTO.DE ENGENHARIA;CHEFE DE DEPARTAMENTO;NAO INFORMADO; CARGO COMISSION.S/VINCULO;5229,77;;5229,77;992,73;4237,04;
RAIMUNDO CARNEIRO DE CASTRO;GERENCIA DE MANUTENCAO;MOT-I;; ESTATUTARIO;4196,48;;4196,48;495,28;3701,20;
RAIMUNDO MONTEIRO DO NASCIMENTO;DEPTO.DE ENGENHARIA;AUX.O-I;; ESTATUTARIO;3873,43;;3873,43;397,81;3475,62;
RAIMUNDO NONATO BELO SOARES;GERENCIA DE OBRAS DA CAPITAL;ENG-II;; ESTATUTARIO;10894,23;;10894,23;2571,18;8323,05;
RAIMUNDO NONATO FERREIRA DA SILVA;GERENCIA DE MANUTENCAO;AUX.O-I;; ESTATUTARIO;4035,31;;4035,31;385,12;3650,19;
RAIMUNDO PEDRACA FILGUEIRAS JUNIOR;GERENCIA DE ORCAMENTO;A.TEC-I;GERENTE, AD-2; ESTATUTARIO;3701,57;;3701,57;385,38;3316,19;
RAISA SOARES DOS SANTOS COSTA;DEPTO.DE ENGENHARIA;ASSESSOR III;NAO INFORMADO; CARGO COMISSION.S/VINCULO;3191,80;;3191,80;379,31;2812,49;
RAMON SANTANA BARROS;GABINETE DO SECRETARIO;ASSESSOR III;NAO INFORMADO; CARGO COMISSION.S/VINCULO;3191,80;;3191,80;379,31;2812,49;
RANGEL TEIXEIRA DA COSTA;GERENCIA DE PROJETOS;ASSESSOR I;NAO INFORMADO; CARGO COMISSION.S/VINCULO;10459,54;;10459,54;2552,19;7907,35;
RAYANNY SILVA SIQUEIRA MONTEIRO;ASSESSORIA JURIDICA;ASSESSOR TECNICO;NAO INFORMADO; CARGO COMISSION.S/VINCULO;7000,00;;7000,00;1600,82;5399,18;
REGIANE CAMPOS DE CASTRO;GERENCIA DE PROJETOS;ASSESSOR II;NAO INFORMADO; CARGO COMISSION.S/VINCULO;8419,58;;8419,58;1991,20;6428,38;
REGINALDO HILARIO DO NASCIMENTO;GERENCIA DE OBRAS DO INTERIOR;ASSISTENTE TECNICO 3A CLASSE;; ESTATUTARIO;5780,28;;5780,28;806,01;4974,27;
RENATA BEZERRA DE MELO;DEPARTAMENTO DE ADM.E FINANCAS;DIGITADOR;; ESTATUTARIO;3577,54;;3577,54;291,08;3286,46;
RENATO ANTONIO PAES BENAION;GERENCIA DE ORCAMENTO;ENG-I;; ESTATUTARIO;11879,11;;11879,11;2868,71;9010,40;
ROBERTO ALVES DE MENEZES;GERENCIA DE MANUTENCAO;AUX.O-I;AMOXARIFE; ESTATUTARIO;3805,87;;3805,87;380,62;3425,25;
ROBERVAL DANTAS CAMPOS;GABINETE DO SECRETARIO;ASSESSOR IV;; CARGO COMISSION.S/VINCULO;3175,61;;3175,61;375,23;2800,38;
ROCICLEIA FERREIRA DA SILVA;GERENCIA DE GESTAO DE PESSOAS;ASSESSOR III;; CARGO COMISSION.S/VINCULO;3191,80;;3191,80;379,31;2812,49;
RODRIGO ANDRADE COSTA;GERENCIA DE OBRAS DA CAPITAL;ASSESSOR IV;NAO INFORMADO; CARGO COMISSION.S/VINCULO;3175,61;;3175,61;375,23;2800,38;
RODRIGO CARDOSO DE ARAUJO;GABINETE DO SECRETARIO;SUBGERENTE;NAO INFORMADO; CARGO COMISSION.S/VINCULO;3191,80;;3191,80;379,31;2812,49;
RODRIGO MOURA PAULO;REMANEJADOS SEINFRA;ASSESSOR IV;; CARGO COMISSION.S/VINCULO;3175,61;;3175,61;375,23;2800,38;
ROGERIO GENICIO LUCENA JUNIOR;GERENCIA DE TRANSPORTES;ASSESSOR TECNICO;ASSESSOR TECNICO; CARGO COMISSION.S/VINCULO;7000,00;;7000,00;1600,82;5399,18;
RONY MONTEIRO DA SILVA;DEPARTAMENTO DE ADM.E FINANCAS;GERENTE;NAO INFORMADO; CARGO COMISSION.S/VINCULO;4209,79;;4209,79;652,57;3557,22;
RUBEM CARLOS DO LAGO ARAUJO;GERENCIA DE ORCAMENTO;ENGENHEIRO 2A CLASSE;; ESTATUTARIO;10279,36;;10279,36;2391,82;7887,54;
SALOMAO SIMONETTI DE MELO;DEPARTAMENTO DE ENGENHARIA;ASSESSOR TECNICO;NAO INFORMADO; CARGO COMISSION.S/VINCULO;7000,00;;7000,00;1548,68;5451,32;
SANDRA SUELI FONTES RODRIGUES;DEPTO.DE ENGENHARIA;TNS-I;SECRETARIO EXECUTIVO; ESTATUTARIO;9606,88;;9606,88;2093,67;7513,21;
SANDRO RAMALHO BEZERRA;GERENCIA DE OBRAS DA CAPITAL;ASSESSOR I;NAO INFORMADO; CARGO COMISSION.S/VINCULO;5229,77;;5229,77;950,08;4279,69;
SERGIO REINALDO COLARES ALEGRIA;GERENCIA DE ORCAMENTO;ASSESSOR II;NAO INFORMADO; CARGO COMISSION.S/VINCULO;4209,79;;4209,79;652,57;3557,22;
SIDNEY MENDONCA DIAS DE ALMEIDA;GERENCIA DE MANUTENCAO;MOT-I;; ESTATUTARIO;3808,84;;3808,84;219,51;3589,33;
SILVIA PATRICIA MATOS GABRIEL;GERENCIA DE ORCAMENTO;ASSESSOR I;; CARGO COMISSION.S/VINCULO;5229,77;;5229,77;907,42;4322,35;
STELLA MARIA LOBATO HORTENCIO;GERENCIA DE ORCAMENTO;ASSESSOR II;NAO INFORMADO; CARGO COMISSION.S/VINCULO;8419,58;;8419,58;2184,05;6235,53;
SWANNY ALEXANDRA PEREIRA NASCIMENTO;GABINETE DO SECRETARIO;ASSESSOR III;NAO INFORMADO; CARGO COMISSION.S/VINCULO;3191,80;;3191,80;379,31;2812,49;
SYLVANA CELIVIA GOMES FREITAS;GABINETE DO SECRETARIO;ASSESSOR I;NAO INFORMADO; CARGO COMISSION.S/VINCULO;5229,77;;5229,77;992,73;4237,04;
TED WILSON LIMA GALVAO;DEPTO.DE ENGENHARIA;ASSESSOR TECNICO;NAO INFORMADO; CARGO COMISSION.S/VINCULO;7000,00;;7000,00;1600,82;5399,18;
TELMO FERNANDES TORRES;DEPTO.DE ENGENHARIA;AUX.O-I;; ESTATUTARIO;3919,94;;3919,94;409,64;3510,30;
THAIS CAMPOS DE OLIVEIRA SAMPAIO;DEPARTAMENTO DE ADM.E FINANCAS;GERENTE;NAO INFORMADO; CARGO COMISSION.S/VINCULO;4209,79;;4209,79;652,57;3557,22;
THIAGO FELIPE VERCOSA DE SOUZA;DEPARTAMENTO DE ENGENHARIA;ASSESSOR I;NAO INFORMADO; CARGO COMISSION.S/VINCULO;5229,77;;5229,77;992,73;4237,04;
THIAGO FERREIRA DA COSTA;DEPTO.DE ENGENHARIA;ASSESSOR TECNICO;NAO INFORMADO; CARGO COMISSION.S/VINCULO;7000,00;;7000,00;1548,68;5451,32;
THIAGO TEIXEIRA DE SOUZA;ASSESSORIA DE COMUNICACAO;ASSESSOR IV;NAO INFORMADO; CARGO COMISSION.S/VINCULO;3175,61;;3175,61;375,23;2800,38;
TYSSIA REGIA RAYOL C OLIVEIRA;GERENCIA DE OBRAS DO INTERIOR;ENG-III;; ESTATUTARIO;10348,84;;10348,84;2400,75;7948,09;
VALDENILSON CABRAL QUEIROZ;DEPTO.DE ENGENHARIA;ASSESSOR I;NAO INFORMADO; CARGO COMISSION.S/VINCULO;5229,77;;5229,77;992,73;4237,04;
VERA LANE DE CASTRO MARTINS;GABINETE DO SECRETARIO;ASSESSOR I;; CARGO COMISSION.S/VINCULO;6973,03;;6973,03;1593,40;5379,63;
VICENTE PARENTE DE ARAUJO JUNIOR;GERENCIA DE ORCAMENTO;AUXILIAR DE TOPOGRAFIA;ASSESSOR I; ESTATUTARIO;5655,81;;5655,81;647,04;5008,77;
VINICIUS SILVEIRA DA SILVA CARVALHO;GERENCIA DE PROJETOS;ASSESSOR TECNICO;NAO INFORMADO; CARGO COMISSION.S/VINCULO;7000,00;;7000,00;1600,82;5399,18;
WALMEM DE MELO BOTELHO;DEPARTAMENTO DE ADM.E FINANCAS;DES-I;; ESTATUTARIO;3136,58;;3136,58;331,96;2804,62;
WALTER DA SILVA MERGULHAO;GERENCIA DE OBRAS DO INTERIOR;ASSESSOR TECNICO;ASSESSOR TECNICO; CARGO COMISSION.S/VINCULO;7000,00;;7000,00;1600,82;5399,18;
WALZENIRA PARENTE MIRANDA;ASSESSORIA DE PLANEJAMENTO;ASSESSOR III;NAO INFORMADO; CARGO COMISSION.S/VINCULO;3191,80;;3191,80;379,31;2812,49;
WILMAR FERREIRA DE CARVALHO;GERENCIA DE PROJETOS;TPG-III;TOPOGRAFO; ESTATUTARIO;3942,57;;3942,57;705,75;3236,82;
WILSON LUIZ SOUZA TINOCO;DEPTO.DE ENGENHARIA;ASSESSOR TECNICO;NAO INFORMADO; CARGO COMISSION.S/VINCULO;7000,00;;7000,00;1600,82;5399,18;
WLADIMIR BARROSO GUEDES DE A JUNIOR;GERENCIA DE PROJETOS;A.OPE-I;; ESTATUTARIO;4049,37;;4049,37;422,70;3626,67;
