NOME;LOTACAO;CARGO;FUNCAO;VINCULO;REMUNERACAO LEGAL TOTAL(R$);DESC.TETO(R$); REMUNERACAO LEGAL DEVIDA(R$);DESCONTOS LEGAIS(R$);LIQUIDO DISPONIVEL(R$);
ACRISIO ZIK UCHOA;DEPTO.DE ADMINIS.E FINANCAS;AUXILIAR DE SERV GERAIS 3A CLASSE;; ESTATUTARIO;2181,29;;2181,29;164,47;2016,82;
ADEMILDES MARIA LINS DE LIMA;SEC.EXECUT.DA ASSIST.SOCIAL;ASSESSOR II;NAO INFORMADO; CARGO COMISSION.S/VINCULO;4209,79;;4209,79;652,57;3557,22;
ADRIANA CELINA SERRAO RODRIGUES;DEPTO.DE ADMINIS.E FINANCAS;A.TEC-II;GERENTE AD-2; ESTATUTARIO;3641,46;;3641,46;365,41;3276,05;
ADRIANA SANTOS PELLIN;DEPTO.DE PROTECAO SOC.ESPECIAL;CHEFE DE DEPARTAMENTO;NAO INFORMADO; CARGO COMISSION.S/VINCULO;5229,77;;5229,77;992,73;4237,04;
ALBERTO HIPOCRATES E MELLO;DEPTO.DE ADMINIS.E FINANCAS;AUX.S.G-I;; ESTATUTARIO;3586,06;;3586,06;316,09;3269,97;
ALCIMIRA KEROLLANY A NORONHA;DEPTO.DE PROTECAO SOC.ESPECIAL;SUBGERENTE;NAO INFORMADO; CARGO COMISSION.S/VINCULO;3191,80;;3191,80;379,31;2812,49;
ALDENORA SERRAO ALVES;ASSESSORIA DE PLANEJAMENTO;ASSISTENTE TECNICO 3A CLASSE;; ESTATUTARIO;3796,47;;3796,47;378,47;3418,00;
ALESSANDRA CAMPELO DA SILVA;GABINETE DO SECRETARIO;ESCRIVAO DE POL.2A.CL. PC-ESC-II;SECRETARIO DE ESTADO; ESTATUTARIO;28486,37;;28486,37;8579,04;19907,33;
ALEXSANDRA FERREIRA DA SILVA;SEC.EXECUT.DA ASSIST.SOCIAL;SUBGERENTE;NAO INFORMADO; CARGO COMISSION.S/VINCULO;3191,80;;3191,80;379,31;2812,49;
ALEXSANDRA RODRIGUES ESPERANCA;SEC.EX.ADJ.POL.ASSIST.SOCIAL;ASSESSOR III;NAO INFORMADO; CARGO COMISSION.S/VINCULO;2591,80;;2591,80;262,86;2328,94;
ALINE MICHELLE OLIVEIRA DOS SANTOS;DEPTO.DE ADMINIS.E FINANCAS;ASSESSOR I;NAO INFORMADO; CARGO COMISSION.S/VINCULO;5229,77;;5229,77;992,73;4237,04;
ALISON FERREIRA BATISTA;SEC.EXECUT.DA ASSIST.SOCIAL;ASSESSOR II;NAO INFORMADO; CARGO COMISSION.S/VINCULO;4209,79;;4209,79;652,57;3557,22;
ALLAN CARLOS DE AZEVEDO VIANA LIMA;DEPTO.DE ADMINIS.E FINANCAS;GERENTE;NAO INFORMADO; CARGO COMISSION.S/VINCULO;4209,79;;4209,79;652,57;3557,22;
AMANDA XISTO DA SILVA LIMA;DEPTO.DE PROTECAO SOC.ESPECIAL;SUBGERENTE;NAO INFORMADO; CARGO COMISSION.S/VINCULO;3191,80;;3191,80;379,31;2812,49;
ANA CLAUDIA SOARES DA ROCHA;SEC.EX.ADJ.POL.ASSIST.SOCIAL;ASSESSOR I;NAO INFORMADO; CARGO COMISSION.S/VINCULO;9064,93;;9064,93;3736,68;5328,25;
ANA LUCIA DE SIQUEIRA MOREIRA;DEPTO.DE ADMINIS.E FINANCAS;ASSISTENTE TECNICO 1A CLASSE;; ESTATUTARIO;3922,69;;3922,69;410,57;3512,12;
ANA LUIZA DOS SANTOS SILVA;DEPTO.GEST.SIST.UN.ASS.SOCIAL;ASSESSOR II;NAO INFORMADO; CARGO COMISSION.S/VINCULO;4209,79;;4209,79;652,57;3557,22;
ANA MARIA BEZERRA NUNES;DEPTO.DE PROTECAO SOC.ESPECIAL;ASSISTENTE TECNICO 2A CLASSE;; ESTATUTARIO;3922,37;;3922,37;410,49;3511,88;
ANA MARIA MARTINS SIMOES;DEPTO.DE PROTECAO SOC.BASICA;MONITOR 2A CLASSE;; ESTATUTARIO;1565,47;;1565,47;192,70;1372,77;
ANA MARIA PIMENTEL DA SILVA;DEPTO.DE PROTECAO SOC.BASICA;AUX.S.G-II;; ESTATUTARIO;1253,20;;1253,20;175,45;1077,75;
ANA PAULA MORAIS NOGUEIRA;SEC.EXECUT.DA ASSIST.SOCIAL;ASSESSOR I;NAO INFORMADO; CARGO COMISSION.S/VINCULO;5229,77;;5229,77;992,73;4237,04;
ANDERSON OLIVEIRA DE SOUZA;GABINETE DO SECRETARIO;ASSESSOR I;NAO INFORMADO; CARGO COMISSION.S/VINCULO;5229,77;;5229,77;992,73;4237,04;
ANDREA CRISTINA BRAGA DO N BATISTA;DEPTO.DE ADMINIS.E FINANCAS;ASSESSOR III;NAO INFORMADO; CARGO COMISSION.S/VINCULO;3191,80;;3191,80;379,31;2812,49;
ANDREA DE CASSIA LIRA DA SILVA;DEPTO.DE ADMINIS.E FINANCAS;AUX.S.G-II;AUX. SERVICOS GERAIS; ESTATUTARIO;1240,78;;1240,78;170,29;1070,49;
ANGELA JACIARA MERGUEIRO DE MATOS;DEPTO.DE ADMINIS.E FINANCAS;AUX.S.G-II;; ESTATUTARIO;2916,15;;2916,15;238,20;2677,95;
ANNA BERNADETH OLIVEIRA MONIZ;DEPTO.DE ADMINIS.E FINANCAS;A.TEC-I;; ESTATUTARIO;3330,07;;3330,07;331,48;2998,59;
ANNE JACQUELINE LUNA ESTEVES;DEPTO.DE ADMINIS.E FINANCAS;ASSESSOR I;NAO INFORMADO; CARGO COMISSION.S/VINCULO;5229,77;;5229,77;992,73;4237,04;
ANTONIA CLEONILDE ARAUJO DOS SANTOS;DEPTO.DE PROTECAO SOC.BASICA;AUX.S.G-II;; ESTATUTARIO;1285,15;;1285,15;175,45;1109,70;
ANTONIA JANAINA SOUZA DE FRANÇA;SEC.EXECUT.DA ASSIST.SOCIAL;SUBGERENTE;NAO INFORMADO; CARGO COMISSION.S/VINCULO;3191,80;;3191,80;379,31;2812,49;
ANTONIO CARLOS RODRIGUES ASSIS;SEC.EXECUT.DA ASSIST.SOCIAL;ASSESSOR III;NAO INFORMADO; CARGO COMISSION.S/VINCULO;3191,80;;3191,80;379,31;2812,49;
ANTONIO GERALDO PICANCO;DEPTO.DE ADMINIS.E FINANCAS;MOT-I;SUB.GERENTE AD-3; ESTATUTARIO;2216,45;;2216,45;226,32;1990,13;
ANTONIO RAYNON LOPES FELICIANO;ASSESSORIA JURIDICA;ASSESSOR II;NAO INFORMADO; CARGO COMISSION.S/VINCULO;4209,79;;4209,79;622,77;3587,02;
ARIDAN NONATA COUTO RAMOS;ASSESSORIA DE PLANEJAMENTO;AUX.S.G-II;; ESTATUTARIO;3524,90;;3524,90;324,10;3200,80;
ARIOMAR TAVARES DE SOUZA;DEPTO.DE ADMINIS.E FINANCAS;A.TEC-I;; ESTATUTARIO;2419,12;;2419,12;218,80;2200,32;
ARTEMIZA ANDRADE BARBOSA;DEPTO.DE ADMINIS.E FINANCAS;AUX.S.G-II;; ESTATUTARIO;2211,11;;2211,11;173,71;2037,40;
ASSUNCAO PEREIRA DE OLIVEIRA;SEC.EXECUT.DA ASSIST.SOCIAL;ASSESSOR I;NAO INFORMADO; CARGO COMISSION.S/VINCULO;4229,77;;4229,77;659,23;3570,54;
AUREANGELA DO NASCIMENTO SILVA;DEPTO.DE PROTECAO SOC.ESPECIAL;SUBGERENTE;NAO INFORMADO; CARGO COMISSION.S/VINCULO;3191,80;;3191,80;379,31;2812,49;
AURICELIA DOS SANTOS CONSERVA;GABINETE DO SECRETARIO;CHEFE DE GABINETE;NAO INFORMADO; CARGO COMISSION.S/VINCULO;5229,77;;5229,77;992,73;4237,04;
BENEDITA MORENO BORGES;DEPTO.DE ADMINIS.E FINANCAS;AUXILIAR DE SERV GERAIS 3A CLASSE;; ESTATUTARIO;1614,55;;1614,55;163,25;1451,30;
BRUNA BEATRIZ ANDRADE CRUZ;SEC.EXECUT.DA ASSIST.SOCIAL;ASSESSOR III;NAO INFORMADO; CARGO COMISSION.S/VINCULO;3191,80;;3191,80;379,31;2812,49;
BRUNA CALHEIRO DE ABREU MOTA;ASSESSORIA DE COMUNIC.SOCIAL;ASSESSOR II;NAO INFORMADO; CARGO COMISSION.S/VINCULO;4209,79;;4209,79;652,57;3557,22;
BRUNA LARISSA FIGUEIREDO DOS SANTOS;SEC.EX.ADJ.POL.ASSIST.SOCIAL;ASSESSOR II;NAO INFORMADO; CARGO COMISSION.S/VINCULO;7437,29;;7437,29;1721,07;5716,22;
CAMILA THAINA ALVES DE OLIVEIRA;SEC.EXECUT.DA ASSIST.SOCIAL;ASSESSOR II;NAO INFORMADO; CARGO COMISSION.S/VINCULO;4209,79;;4209,79;652,57;3557,22;
CAMILLA PARKEI COELHO MARTINS;SEC.EX.ADJ.POL.ASSIST.SOCIAL;ASSESSOR II;NAO INFORMADO; CARGO COMISSION.S/VINCULO;4209,79;;4209,79;652,57;3557,22;
CARLA SILVIA LEITE PICANCO;GABINETE DO SECRETARIO;ASSESSOR III;NAO INFORMADO; CARGO COMISSION.S/VINCULO;3191,80;;3191,80;379,31;2812,49;
CARLOS ALBERTO KITZINGER DE SOUZA;DEPTO.DE ADMINIS.E FINANCAS;MOT-II;; ESTATUTARIO;3152,91;;3152,91;258,18;2894,73;
CARLOS GREGORIO GOMES MARQUES;DEPTO.DE ADMINIS.E FINANCAS;ASSESSOR IV;NAO INFORMADO; CARGO COMISSION.S/VINCULO;3175,61;;3175,61;375,23;2800,38;
CAROLINA FREITAS DE CASTRO PAIVA;DEPTO.DE PROTECAO SOC.ESPECIAL;ASSESSOR II;NAO INFORMADO; CARGO COMISSION.S/VINCULO;4209,79;;4209,79;652,57;3557,22;
CELIA MARA ALVES FERREIRA;SEC.EX.ADJ.POL.ASSIST.SOCIAL;ASSESSOR II;NAO INFORMADO; CARGO COMISSION.S/VINCULO;4209,79;;4209,79;652,57;3557,22;
CEZAR AMARAL BRASIL HONORATO SILVA;DEPTO.DE ADMINIS.E FINANCAS;ASSESSOR III;NAO INFORMADO; CARGO COMISSION.S/VINCULO;3191,80;;3191,80;379,31;2812,49;
CIBELE FREITAS DE AQUINO;DEPTO.DE PROTECAO SOC.BASICA;DIRETOR DE UNIDADE;NAO INFORMADO; CARGO COMISSION.S/VINCULO;4229,77;;4229,77;628,15;3601,62;
CLAUDETE LEAO IVO MOYSES;DEPTO.DE ADMINIS.E FINANCAS;A.SOC-I;; ESTATUTARIO;5294,71;;5294,71;959,61;4335,10;
COSME MIGUEL DA SILVA ALMEIDA;SEC.EXECUT.DA ASSIST.SOCIAL;ASSESSOR II;NAO INFORMADO; CARGO COMISSION.S/VINCULO;3209,79;;3209,79;383,84;2825,95;
CYBELLE CRISTINA OLIVEIRA C E SILVA;SEC.EXECUT.DA ASSIST.SOCIAL;SUBGERENTE;NAO INFORMADO; CARGO COMISSION.S/VINCULO;3191,80;;3191,80;379,31;2812,49;
CYBELLE MARILIA WILKENS DA C NOVO;DEPTO.GEST.SIST.UN.ASS.SOCIAL;SUBGERENTE;NAO INFORMADO; CARGO COMISSION.S/VINCULO;3191,80;;3191,80;379,31;2812,49;
CYNARA SILVA DOS SANTOS;SEC.EXECUT.DA ASSIST.SOCIAL;ASSESSOR III;NAO INFORMADO; CARGO COMISSION.S/VINCULO;3191,80;;3191,80;379,31;2812,49;
DANIELA MATOS ORTIZ;GABINETE DO SECRETARIO;ASSESSOR I;NAO INFORMADO; CARGO COMISSION.S/VINCULO;5229,77;;5229,77;992,73;4237,04;
DARCY RAMOS DE AMORIM;DEPTO.DE ADMINIS.E FINANCAS;SUBGERENTE;SUBGERENTE; CARGO COMISSION.S/VINCULO;3191,80;;3191,80;379,31;2812,49;
DARLAN MARCELO DA COSTA PIMENTEL;DEPTO.DE PROTECAO SOC.ESPECIAL;A.TEC-I;; ESTATUTARIO;2696,86;;2696,86;260,45;2436,41;
DAWGLISH WELLISSON DE SOUZA LOPES;GABINETE DO SECRETARIO;ASSESSOR II;NAO INFORMADO; CARGO COMISSION.S/VINCULO;4209,79;;4209,79;652,57;3557,22;
DEBORA APARECIDA ARAUJO GALLI;ASSESSORIA DE PLANEJAMENTO;GERENTE;NAO INFORMADO; CARGO COMISSION.S/VINCULO;4209,79;;4209,79;622,77;3587,02;
DEBORA DE ALENCAR ARRUDA;DEPTO.GEST.SIST.UN.ASS.SOCIAL;ASSESSOR I;NAO INFORMADO; CARGO COMISSION.S/VINCULO;5229,77;;5229,77;992,73;4237,04;
DELMARINA NASCIMENTO DA SILVEIRA;DEPTO.DE ADMINIS.E FINANCAS;ASSISTENTE TECNICO 3A CLASSE;CH.SEC.ADM.CEAS AD-2; ESTATUTARIO;3780,28;;3780,28;373,95;3406,33;
DENIS PINTO DE JESUS;DEPTO.DE PROTECAO SOC.BASICA;AUX.S.G-II;; ESTATUTARIO;1435,15;;1435,15;175,45;1259,70;
DENIZE SANTOS DE ANDRADE;GABINETE DO SECRETARIO;ASSESSOR I;NAO INFORMADO; CARGO COMISSION.S/VINCULO;4229,77;;4229,77;659,23;3570,54;
DHESSICA BEATRIZ BATISTA DA COSTA;GABINETE DO SECRETARIO;ASSESSOR III;NAO INFORMADO; CARGO COMISSION.S/VINCULO;3191,80;;3191,80;379,31;2812,49;
DIEGO MACAMBIRA JEZINI;SEC.EXECUT.DA ASSIST.SOCIAL;GERENTE;NAO INFORMADO; CARGO COMISSION.S/VINCULO;4209,79;;4209,79;652,57;3557,22;
DIOGO MONTEIRO PETILLO;DEPTO.DE ADMINIS.E FINANCAS;GERENTE;NAO INFORMADO; CARGO COMISSION.S/VINCULO;4209,79;;4209,79;652,57;3557,22;
EDILEUZA DE LIMA FROES OLIVEIRA;DEPTO.DE ADMINIS.E FINANCAS;A.TEC-I;; ESTATUTARIO;1849,07;;1849,07;219,73;1629,34;
EDIMARA TRAVASSOS DE ANDRADE ARAUJO;DEPTO.DE PROTECAO SOC.BASICA;GERENTE;NAO INFORMADO; CARGO COMISSION.S/VINCULO;4209,79;;4209,79;622,77;3587,02;
EDMARILDA GOMES MUMBACA DE ALMEIDA;GABINETE DO SECRETARIO;ASSESSOR I;NAO INFORMADO; CARGO COMISSION.S/VINCULO;4229,77;;4229,77;659,23;3570,54;
EDNALDO GOMES BARBOSA JUNIOR;SEC.EXECUT.DA ASSIST.SOCIAL;DIRETOR DE UNIDADE;NAO INFORMADO; CARGO COMISSION.S/VINCULO;4229,77;;4229,77;659,23;3570,54;
EDNEA FERREIRA LEDA;SEC.EXECUT.DA ASSIST.SOCIAL;ASSESSOR II;NAO INFORMADO; CARGO COMISSION.S/VINCULO;4209,79;;4209,79;652,57;3557,22;
EDNELZA DE SOUZA PEREIRA;DEPTO.DE ADMINIS.E FINANCAS;A.TEC-II;; ESTATUTARIO;3633,19;;3633,19;334,00;3299,19;
EDUARDO AUGUSTO DE AQUINO FERREIRA;DEPTO.DE ADMINIS.E FINANCAS;ASSESSOR II;ASSESSOR II; CARGO COMISSION.S/VINCULO;4209,79;;4209,79;652,57;3557,22;
EDVALDA LIRA DE ALMEIDA CABRAL;GABINETE DO SECRETARIO;ASSESSOR II;NAO INFORMADO; CARGO COMISSION.S/VINCULO;7296,96;;7296,96;1682,48;5614,48;
ELIANA PAIXAO DE SOUZA;DEPTO.DE PROTECAO SOC.BASICA;AGENTE ADMINISTRATIVO 1A CLASSE;; ESTATUTARIO;2798,25;;2798,25;245,07;2553,18;
ELIANA RAPOSO BARRETO;DEPTO.DE PROTECAO SOC.ESPECIAL;AGENTE ADMINISTRATIVO 2A CLASSE;; ESTATUTARIO;1565,47;;1565,47;192,70;1372,77;
ELIANE ALVES CARDOSO;DEPTO.DE PROTECAO SOC.BASICA;ASSESSOR III;NAO INFORMADO; CARGO COMISSION.S/VINCULO;3191,80;;3191,80;360,24;2831,56;
ELIANO NASCIMENTO DE OLIVEIRA;DEPTO.DE PROTECAO SOC.BASICA;VIGIA-II;; ESTATUTARIO;1253,20;;1253,20;175,45;1077,75;
ELIEL PADILHA DA SILVA;GABINETE DO SECRETARIO;ASSESSOR II;NAO INFORMADO; CARGO COMISSION.S/VINCULO;4209,79;;4209,79;652,57;3557,22;
ELISANGELA DE SOUZA FERNANDES;DEPTO.DE ADMINIS.E FINANCAS;A.TEC-II;; ESTATUTARIO;6447,46;;6447,46;1052,09;5395,37;
ELIZABETE LACERDA CHAVES;DEPTO.DE ADMINIS.E FINANCAS;SUBGERENTE;NAO INFORMADO; CARGO COMISSION.S/VINCULO;3191,80;;3191,80;379,31;2812,49;
EMANUEL ANTONIO PLACIDO R L ARAUJO;SEC.EXECUT.DA ASSIST.SOCIAL;ASSESSOR III;NAO INFORMADO; CARGO COMISSION.S/VINCULO;3191,80;;3191,80;379,31;2812,49;
EMANUEL MENDES SIQUEIRA;SEC.EXECUT.DA ASSIST.SOCIAL;ASSESSOR I;NAO INFORMADO; CARGO COMISSION.S/VINCULO;5229,77;;5229,77;992,73;4237,04;
EMILY DUARTE ALBUQUERQUE;SEC.EXECUT.DA ASSIST.SOCIAL;ASSESSOR III;NAO INFORMADO; CARGO COMISSION.S/VINCULO;3191,80;;3191,80;379,31;2812,49;
ERIKA BERNARDES DIAS;GABINETE DO SECRETARIO;ASSESSOR III;NAO INFORMADO; CARGO COMISSION.S/VINCULO;3191,80;;3191,80;360,24;2831,56;
EUNICE ALVES DE LIMA;DEPTO.DE PROTECAO SOC.BASICA;AUX.S.G-II;; ESTATUTARIO;1253,20;;1253,20;175,45;1077,75;
FABIANA MALVEIRA SOBRINHO;DEPTO.DE ADMINIS.E FINANCAS;ASSESSOR III;NAO INFORMADO; CARGO COMISSION.S/VINCULO;3191,80;;3191,80;379,31;2812,49;
FABIO MARREIROS DA SILVA;SEC.EXECUT.DA ASSIST.SOCIAL;ASSESSOR I;NAO INFORMADO; CARGO COMISSION.S/VINCULO;5229,77;;5229,77;992,73;4237,04;
FABRIZZIO PABLO COSTA C BRANCO;DEPTO.DE ADMINIS.E FINANCAS;ASSESSOR II;NAO INFORMADO; CARGO COMISSION.S/VINCULO;4209,79;;4209,79;652,57;3557,22;
FELIPPE ISPER ABRAHIM NETO;SEC.EXECUT.DA ASSIST.SOCIAL;ASSESSOR III;NAO INFORMADO; CARGO COMISSION.S/VINCULO;3191,80;;3191,80;379,31;2812,49;
FIDENCIO SOARES TAVEIRA;DEPTO.DE PROTECAO SOC.BASICA;VIGIA-II;; ESTATUTARIO;1660,15;;1660,15;175,45;1484,70;
FRANCISCA BENTES DE ALMEIDA;GABINETE DO SECRETARIO;GERENTE;NAO INFORMADO; CARGO COMISSION.S/VINCULO;4209,79;;4209,79;652,57;3557,22;
FRANCISCA SIDIVANE R GUIMARAES;GABINETE DO SECRETARIO;ASSESSOR II;NAO INFORMADO; CARGO COMISSION.S/VINCULO;4209,79;;4209,79;652,57;3557,22;
FRANCISCA VIEIRA DE LIMA;DEPTO.DE PROTECAO SOC.BASICA;AUXILIAR DE SERV GERAIS 1A CLASSE;; ESTATUTARIO;1614,55;;1614,55;163,25;1451,30;
FRANCISCO DE ALMEIDA MIRANDA;DEPTO.DE ADMINIS.E FINANCAS;AUX.S.G-II;; ESTATUTARIO;2006,15;;2006,15;175,45;1830,70;
GABRIELLE CARDOSO DA CRUZ;SEC.EXECUT.DA ASSIST.SOCIAL;ASSESSOR II;NAO INFORMADO; CARGO COMISSION.S/VINCULO;4209,79;;4209,79;652,57;3557,22;
GELCIMAR LOPES DA COSTA;DEPTO.DE PROTECAO SOC.BASICA;AUX.S.G-II;; ESTATUTARIO;1253,20;;1253,20;175,45;1077,75;
GEOVANI DA SILVA MONTEIRO;SEC.EXECUT.DA ASSIST.SOCIAL;SUBGERENTE;NAO INFORMADO; CARGO COMISSION.S/VINCULO;3191,80;;3191,80;379,31;2812,49;
GILBERTO PEREIRA DA SILVA JUNIOR;GABINETE DO SECRETARIO;A.OPE-III;ASSESSOR II; ESTATUTARIO;4771,54;;4771,54;521,18;4250,36;
GILDO GOMES DA GAMA;DEPTO.DE ADMINIS.E FINANCAS;VIGIA-II;; ESTATUTARIO;1855,15;;1855,15;175,45;1679,70;
GILVAN JUNIOR OLIVEIRA MOTA;DEPTO.DE ADMINIS.E FINANCAS;ASSESSOR III;NAO INFORMADO; CARGO COMISSION.S/VINCULO;3191,80;;3191,80;379,31;2812,49;
GISELLE MICHELLE MOREIRA CRUZ;ASSESSORIA JURIDICA;ASSESSOR III;NAO INFORMADO; CARGO COMISSION.S/VINCULO;3191,80;;3191,80;379,31;2812,49;
GIULIANA FERREIRA DE LEMOS;DEPTO.DE ADMINIS.E FINANCAS;A.TEC-II;; ESTATUTARIO;2645,46;;2645,46;244,95;2400,51;
GLEICIANE DE ARAUJO LEITE;DEPTO.DE PROTECAO SOC.BASICA;SUBGERENTE;NAO INFORMADO; CARGO COMISSION.S/VINCULO;3191,80;;3191,80;379,31;2812,49;
GLENDA MOURA DE SOUZA;SEC.EXECUT.DA ASSIST.SOCIAL;GERENTE;NAO INFORMADO; CARGO COMISSION.S/VINCULO;4209,79;;4209,79;652,57;3557,22;
HEFRANIO DA SILVA MAIA;SEC.EXECUT.DA ASSIST.SOCIAL;ASSESSOR II;NAO INFORMADO; CARGO COMISSION.S/VINCULO;4209,79;;4209,79;652,57;3557,22;
HELIO FLAVIO REIS PONTES;DEPTO.DE ADMINIS.E FINANCAS;AUX.S.G-II;; ESTATUTARIO;3516,15;;3516,15;240,54;3275,61;
HERLLYSON GABRIEL DE ARAUJO SILVA;SEC.EXECUT.DA ASSIST.SOCIAL;ASSESSOR I;NAO INFORMADO; CARGO COMISSION.S/VINCULO;4229,77;;4229,77;659,23;3570,54;
HILDALEA CASTRO DOS REIS;SEC.EXECUT.DA ASSIST.SOCIAL;A.TEC-III;; ESTATUTARIO;1391,10;;1391,10;194,75;1196,35;
HYONY BRAGA LOPES;DEPTO.DE PROTECAO SOC.ESPECIAL;GERENTE;NAO INFORMADO; CARGO COMISSION.S/VINCULO;4209,79;;4209,79;652,57;3557,22;
IDELFONSO CORNELIO BRAZ;DEPTO.DE ADMINIS.E FINANCAS;AUX.S.G-II;; ESTATUTARIO;1677,63;;1677,63;177,90;1499,73;
IGOR ROBERTO LOPES RIBEIRO;SEC.EXECUT.DA ASSIST.SOCIAL;SUBGERENTE;NAO INFORMADO; CARGO COMISSION.S/VINCULO;3191,80;;3191,80;379,31;2812,49;
INGRID BATISTA DE CASTRO;SEC.EXECUT.DA ASSIST.SOCIAL;ASSESSOR I;NAO INFORMADO; CARGO COMISSION.S/VINCULO;5229,77;;5229,77;992,73;4237,04;
IRAILDES MUNIZ DE LIMA;ASSESSORIA DE COMUNIC.SOCIAL;ASSESSOR II;NAO INFORMADO; CARGO COMISSION.S/VINCULO;4209,79;;4209,79;652,57;3557,22;
ISABEL CRISTINA ALENCAR DE LIMA;SEC.EX.ADJ.POL.ASSIST.SOCIAL;AUX.S.G-II;; ESTATUTARIO;1855,15;;1855,15;175,45;1679,70;
JARDAS LIMA SOLANO;DEPTO.DE ADMINIS.E FINANCAS;A.TEC-II;; ESTATUTARIO;3641,46;;3641,46;336,97;3304,49;
JOANA VIEIRA DA SILVA;DEPTO.DE ADMINIS.E FINANCAS;AGENTE ADMINISTRATIVO 1A CLASSE;; ESTATUTARIO;3857,96;;3857,96;394,11;3463,85;
JOAO DE SOUZA BEZERRA;DEPTO.DE ADMINIS.E FINANCAS;AUX.S.G-I;; ESTATUTARIO;1738,80;;1738,80;191,14;1547,66;
JOAO EDUARDO RODRIGUES NASCIMENTO;ASSESSORIA JURIDICA;ASSESSOR I;NAO INFORMADO; CARGO COMISSION.S/VINCULO;5229,77;;5229,77;992,73;4237,04;
JOAO HIPOLITO DO VALLE NETO;SEC.EXECUT.DA ASSIST.SOCIAL;SUBGERENTE;NAO INFORMADO; CARGO COMISSION.S/VINCULO;3191,80;;3191,80;379,31;2812,49;
JOAO LUIZ LEITE DE FRANCA;DEPTO.DE ADMINIS.E FINANCAS;AUX.S.G-I;; ESTATUTARIO;3577,31;;3577,31;342,18;3235,13;
JOAQUINA DA SILVA MATIAS;DEPTO.DE ADMINIS.E FINANCAS;AGENTE ADMINISTRATIVO 3A CLASSE;; ESTATUTARIO;1505,28;;1505,28;190,25;1315,03;
JONATAS MAGALHAES GOMES;GABINETE DO SECRETARIO;ASSESSOR II;NAO INFORMADO; CARGO COMISSION.S/VINCULO;3209,79;;3209,79;383,84;2825,95;
JORGE ALLE MARIE;GABINETE DO SECRETARIO;ASSESSOR II;NAO INFORMADO; CARGO COMISSION.S/VINCULO;7437,29;;7437,29;1721,07;5716,22;
JORGE LUIZ JOSEPH;DEPTO.DE ADMINIS.E FINANCAS;A.TEC-II;; ESTATUTARIO;1777,19;;1777,19;202,66;1574,53;
JOSE EDUARDO GOMES DA SILVA;DEPTO.DE ADMINIS.E FINANCAS;AUX.S.G-II;; ESTATUTARIO;1660,15;;1660,15;175,45;1484,70;
JOSE MARIA DE OLIVEIRA;DEPTO.DE ADMINIS.E FINANCAS;AUX.S.G-I;; ESTATUTARIO;2275,94;;2275,94;204,70;2071,24;
JOSE RAIMUNDO BRANDAO MOTA;DEPTO.DE ADMINIS.E FINANCAS;ASSISTENTE TECNICO 2A CLASSE;SUBGERENTE; ESTATUTARIO;4096,10;;4096,10;444,89;3651,21;
JOSIMAR ANJOS DE SOUZA;DEPTO.DE ADMINIS.E FINANCAS;VIGIA-II;; ESTATUTARIO;1855,15;;1855,15;175,45;1679,70;
JULY ANNE DE MOURA LINHARES;GABINETE DO SECRETARIO;ASSESSOR II;NAO INFORMADO; CARGO COMISSION.S/VINCULO;4209,79;;4209,79;652,57;3557,22;
KALINY DE SOUZA LIRA ALVES;DEPTO.DE PROTECAO SOC.BASICA;GERENTE;NAO INFORMADO; CARGO COMISSION.S/VINCULO;4209,79;;4209,79;652,57;3557,22;
KARLA BIANCA LIMA ALMEIDA;GABINETE DO SECRETARIO;ASSISTENTE TECNICO PNM.ANM-III;GERENTE; ESTATUTARIO;6933,33;;6933,33;1987,71;4945,62;
KARLA MARQUES DA SILVA;DEPTO.GEST.SIST.UN.ASS.SOCIAL;GERENTE;NAO INFORMADO; CARGO COMISSION.S/VINCULO;4209,79;;4209,79;652,57;3557,22;
KELINE CALISTRO DUARTE;SEC.EXECUT.DA ASSIST.SOCIAL;SUBGERENTE;NAO INFORMADO; CARGO COMISSION.S/VINCULO;3191,80;;3191,80;379,31;2812,49;
KELLY CRISTINE DA COSTA S TAVARES;SEC.EX.ADJ.POL.ASSIST.SOCIAL;SUBGERENTE;NAO INFORMADO; CARGO COMISSION.S/VINCULO;3191,80;;3191,80;379,31;2812,49;
KELY PATRICIA PAIXAO SILVA;SEC.EXECUT.DA ASSIST.SOCIAL;SECRETARIO EXECUTIVO;NAO INFORMADO; CARGO COMISSION.S/VINCULO;11700,00;;11700,00;2893,32;8806,68;
KEROLYN DA SILVA LEIGUE;ASSESSORIA DE COMUNIC.SOCIAL;ASSESSOR III;NAO INFORMADO; CARGO COMISSION.S/VINCULO;3191,80;;3191,80;379,31;2812,49;
LAERCIO AUGUSTO RIBEIRO FILHO;DEPTO.DE ADMINIS.E FINANCAS;MOT-I;; ESTATUTARIO;3452,51;;3452,51;353,37;3099,14;
LAUDENISE BATISTA DE OLIVEIRA;SEC.EX.ADJ.POL.ASSIST.SOCIAL;SECRETARIO EXECUTIVO ADJUNTO;NAO INFORMADO; CARGO COMISSION.S/VINCULO;9000,00;;9000,00;2150,82;6849,18;
LAURIMAR NOGUEIRA DE LIMA;DEPTO.DE PROTECAO SOC.ESPECIAL;VIGIA-II;; ESTATUTARIO;1855,15;;1855,15;175,45;1679,70;
LEANDRO JORGE DE LIMA COLARES;SEC.EX.ADJ.POL.ASSIST.SOCIAL;ASSESSOR II;NAO INFORMADO; CARGO COMISSION.S/VINCULO;4209,79;;4209,79;652,57;3557,22;
LEILA CONCEICAO DA SILVA;DEPTO.DE ADMINIS.E FINANCAS;AUX.S.G-II;; ESTATUTARIO;3516,15;;3516,15;321,76;3194,39;
LEILA MARIA DE LIMA MAGALHAES GOMES;GABINETE DO SECRETARIO;ASSESSOR III;NAO INFORMADO; CARGO COMISSION.S/VINCULO;3191,80;;3191,80;379,31;2812,49;
LEONARDO AUGUSTO DO N F SANTOS;SEC.EXECUT.DA ASSIST.SOCIAL;SUBGERENTE;NAO INFORMADO; CARGO COMISSION.S/VINCULO;3191,80;;3191,80;379,31;2812,49;
LEONILZE DA SILVA TEIXEIRA;DEPTO.DE ADMINIS.E FINANCAS;A.TEC-I;; ESTATUTARIO;2632,07;;2632,07;257,86;2374,21;
LEONOR CORREA DA SILVA;DEPTO.DE PROTECAO SOC.BASICA;MONITOR 2A CLASSE;; ESTATUTARIO;1367,67;;1367,67;191,47;1176,20;
LILIA FERNANDES DUARTE ALBUQUERQUE;DEPTO.DE PROTECAO SOC.ESPECIAL;DIRETOR DE UNIDADE;NAO INFORMADO; CARGO COMISSION.S/VINCULO;4229,77;;4229,77;659,23;3570,54;
LINDANEY ALVES GRIJO;DEPTO.DE ADMINIS.E FINANCAS;AGENTE ADMINISTRATIVO 1A CLASSE;; ESTATUTARIO;3890,17;;3890,17;373,87;3516,30;
LISSANDRO TERCO DE VERCOSA;DEPTO.DE ADMINIS.E FINANCAS;AGENTE ADMINISTRATIVO 1A CLASSE;; ESTATUTARIO;1816,40;;1816,40;202,31;1614,09;
LUANA BATISTA TAVARES;DEPTO.DE PROTECAO SOC.BASICA;SUBGERENTE;NAO INFORMADO; CARGO COMISSION.S/VINCULO;3191,80;;3191,80;379,31;2812,49;
LUANA CAROLINE PAULAIN DA C LASCAS;GABINETE DO SECRETARIO;ASSESSOR I;ASSESSOR I; CARGO COMISSION.S/VINCULO;5229,77;;5229,77;992,73;4237,04;
LUCIANA ALECRIM PACIFICO;GABINETE DO SECRETARIO;ASSESSOR II;NAO INFORMADO; CARGO COMISSION.S/VINCULO;4209,79;;4209,79;652,57;3557,22;
LUCIDALVA DE OLIVEIRA ANDRADE;DEPTO.DE ADMINIS.E FINANCAS;ASSISTENTE TECNICO 2A CLASSE;SUB.GERENTE AD-3; ESTATUTARIO;4124,10;;4124,10;453,85;3670,25;
LUIS FONSECA DE ARAUJO FILHO;SEC.EXECUT.DA ASSIST.SOCIAL;PEDAGOGO PD20.ESP-III;ASSESSOR I; ESTATUTARIO;7636,50;;7636,50;1308,65;6327,85;
LUIZ ALBERTO DE AGUIAR A NETO;SEC.EXECUT.DA ASSIST.SOCIAL;ASSESSOR III;NAO INFORMADO; CARGO COMISSION.S/VINCULO;3191,80;;3191,80;379,31;2812,49;
LUZIA SIQUEIRA DOS SANTOS;DEPTO.DE ADMINIS.E FINANCAS;A.TEC-I;; ESTATUTARIO;2200,34;;2200,34;219,73;1980,61;
LUZIVANY RIBEIRO TEIXEIRA;SEC.EXECUT.DA ASSIST.SOCIAL;ASSESSOR III;NAO INFORMADO; CARGO COMISSION.S/VINCULO;3191,80;;3191,80;379,31;2812,49;
LYSLI FEITOSA FERREIRA DA COSTA;SEC.EXECUT.DA ASSIST.SOCIAL;GERENTE;NAO INFORMADO; CARGO COMISSION.S/VINCULO;4209,79;;4209,79;652,57;3557,22;
MAGNA FRAGA DIAS MAR;SEC.EXECUT.DA ASSIST.SOCIAL;ASSESSOR III;NAO INFORMADO; CARGO COMISSION.S/VINCULO;3191,80;;3191,80;379,31;2812,49;
MANOEL BEZERRA GOMES;DEPTO.DE ADMINIS.E FINANCAS;AUX.S.G-II;; ESTATUTARIO;1660,15;;1660,15;175,45;1484,70;
MANOEL NUNES DE ASSIS;DEPTO.DE PROTECAO SOC.BASICA;ASSESSOR II;NAO INFORMADO; CARGO COMISSION.S/VINCULO;4209,79;;4209,79;622,77;3587,02;
MARCELO AUGUSTO SILVA M RAMOS;ASSESSORIA JURIDICA;ASSISTENTE TECNICO 3A CLASSE;; ESTATUTARIO;3616,12;;3616,12;324,45;3291,67;
MARCIA FRANCISCA MATUZINHO ANDRADE;DEPTO.GEST.SIST.UN.ASS.SOCIAL;CHEFE DE DEPARTAMENTO;NAO INFORMADO; CARGO COMISSION.S/VINCULO;5229,77;;5229,77;992,73;4237,04;
MARCIA LEILA DOS SANTOS FREIRE;DEPTO.DE ADMINIS.E FINANCAS;AGENTE ADMINISTRATIVO 3A CLASSE;; ESTATUTARIO;3586,28;;3586,28;344,85;3241,43;
MARCIA ZUILA ALMEIDA E SILVA;DEPTO.DE PROTECAO SOC.ESPECIAL;MONITOR 2A CLASSE;; ESTATUTARIO;1739,02;;1739,02;191,47;1547,55;
MARCILIO JOSE GOMES DE BRITO;DEPTO.DE ADMINIS.E FINANCAS;VIGIA-II;; ESTATUTARIO;2006,15;;2006,15;175,45;1830,70;
MARGARIDA NUNES GALVAO GUERRA;DEPTO.DE ADMINIS.E FINANCAS;A.TEC-I;; ESTATUTARIO;3710,34;;3710,34;388,52;3321,82;
MARIA ALCILENE FERREIRA DA SILVA;DEPTO.DE PROTECAO SOC.BASICA;AUX.S.G-II;; ESTATUTARIO;1261,94;;1261,94;176,67;1085,27;
MARIA DA CONCEICAO AGOSTINHO MOTA;DEPTO.DE PROTECAO SOC.BASICA;A.TEC-I;; ESTATUTARIO;3191,41;;3191,41;320,33;2871,08;
MARIA DA CONCEICAO CANTUARIO;DEPTO.DE ADMINIS.E FINANCAS;AUX.S.G-I;; ESTATUTARIO;2105,00;;2105,00;188,69;1916,31;
MARIA DA CONCEICAO PINHEIRO FONTE;SEC.EXECUT.DA ASSIST.SOCIAL;ASSESSOR II;NAO INFORMADO; CARGO COMISSION.S/VINCULO;4209,79;;4209,79;652,57;3557,22;
MARIA DA CONCEICAO RODRIGUES CABRAL;SEC.EXECUT.DA ASSIST.SOCIAL;MONITOR 3A CLASSE;; ESTATUTARIO;2093,77;;2093,77;192,70;1901,07;
MARIA DAS DORES DA COSTA ANTONY;DEPTO.DE ADMINIS.E FINANCAS;A.TEC-I;; ESTATUTARIO;3950,01;;3950,01;426,55;3523,46;
MARIA DAS GRACAS LOPES RIBEIRO;DEPTO.DE ADMINIS.E FINANCAS;A.TEC-I;; ESTATUTARIO;3350,68;;3350,68;336,72;3013,96;
MARIA DE LOURDES DE SOUZA RAMOS;DEPTO.DE PROTECAO SOC.BASICA;AUXILIAR DE SERV GERAIS 3A CLASSE;; ESTATUTARIO;1239,55;;1239,55;163,25;1076,30;
MARIA DO PERPETUO SOCORRO O VIEIRA;DEPTO.DE ADMINIS.E FINANCAS;AUX.S.G-II;; ESTATUTARIO;1435,15;;1435,15;175,45;1259,70;
MARIA DO SOCORRO NASCIMENTO MELLO;DEPTO.DE ADMINIS.E FINANCAS;A.TEC-I;; ESTATUTARIO;3930,07;;3930,07;421,48;3508,59;
MARIA EDINELZA OLIVEIRA DAMASCENO;DEPTO.DE ADMINIS.E FINANCAS;A.TEC-I;ASSESSOR I; ESTATUTARIO;9687,04;;9687,04;1965,65;7721,39;
MARIA FERNANDA LIMA MEDEIROS;SEC.EXECUT.DA ASSIST.SOCIAL;ASSESSOR II;NAO INFORMADO; CARGO COMISSION.S/VINCULO;3209,79;;3209,79;383,84;2825,95;
MARIA GORETE DE SOUZA LOBATO;DEPTO.DE ADMINIS.E FINANCAS;A.TEC-I;; ESTATUTARIO;2692,12;;2692,12;269,18;2422,94;
MARIA IVANILDA COSTA CARVALHO;DEPTO.DE ADMINIS.E FINANCAS;A.TEC-I;; ESTATUTARIO;2632,07;;2632,07;257,86;2374,21;
MARIA JANETE GOMES DE BRITO;DEPTO.DE PROTECAO SOC.ESPECIAL;MONITOR 2A CLASSE;; ESTATUTARIO;1367,67;;1367,67;191,47;1176,20;
MARIA LUCIA DA SILVA BARROS;SEC.EXECUT.DA ASSIST.SOCIAL;AUX.S.G-III;; ESTATUTARIO;2661,04;;2661,04;212,73;2448,31;
MARIA LUZIA LIMA DE LIMA;ASSESSORIA DE PLANEJAMENTO;TECNICO 3A CLASSE;; ESTATUTARIO;2790,91;;2790,91;427,94;2362,97;
MARIA NEBLINA MARAES;DEPTO.DE ADMINIS.E FINANCAS;PROFESSOR PF20.ESP-III;CHEFE DE DEPARTAMENT; ESTATUTARIO;7843,31;;7843,31;1524,01;6319,30;
MARIA RAIMUNDA CARDOSO LOPES;DEPTO.DE ADMINIS.E FINANCAS;AUX.S.G-II;; ESTATUTARIO;1285,15;;1285,15;175,45;1109,70;
MARIA RAIMUNDA DOS ANJOS NASCIMENTO;DEPTO.DE ADMINIS.E FINANCAS;AUX.S.G-I;; ESTATUTARIO;2246,70;;2246,70;186,85;2059,85;
MARIA RITA RODRIGUES DE SOUZA;DEPTO.DE PROTECAO SOC.BASICA;AUX.S.G-II;; ESTATUTARIO;1835,60;;1835,60;175,45;1660,15;
MARIA ROSA GOMES GRAÇA;DEPTO.DE ADMINIS.E FINANCAS;ASSESSOR II;; CARGO COMISSION.S/VINCULO;2609,79;;2609,79;266,20;2343,59;
MARIA SOCORRO CARIOCA BEZERRA;DEPTO.DE ADMINIS.E FINANCAS;AUXILIAR DE SERV GERAIS 3A CLASSE;; ESTATUTARIO;1614,55;;1614,55;163,25;1451,30;
MARILENE INACIO DAMASCENO;DEPTO.DE ADMINIS.E FINANCAS;AUXILIAR DE SERV GERAIS 3A CLASSE;; ESTATUTARIO;2172,55;;2172,55;163,25;2009,30;
MARINETE DOS SANTOS FERREIRA;DEPTO.DE ADMINIS.E FINANCAS;AGENTE ADMINISTRATIVO 3A CLASSE;; ESTATUTARIO;2800,47;;2800,47;245,48;2554,99;
MARLUCE DO NASCIMENTO SOARES;DEPTO.DE PROTECAO SOC.BASICA;AUX.S.G-II;; ESTATUTARIO;1285,15;;1285,15;175,45;1109,70;
MARY ELLEN DE AMORIM SILVA;SEC.EX.ADJ.POL.ASSIST.SOCIAL;ASSESSOR II;NAO INFORMADO; CARGO COMISSION.S/VINCULO;4209,79;;4209,79;652,57;3557,22;
MAYLLA DE MOURA BOREGGIO;DEPTO.DE PROTECAO SOC.ESPECIAL;ASSESSOR II;NAO INFORMADO; CARGO COMISSION.S/VINCULO;4209,79;;4209,79;652,57;3557,22;
MEIRY CONCEICAO DA SILVA;DEPTO.DE ADMINIS.E FINANCAS;AUX.S.G-II;; ESTATUTARIO;1855,15;;1855,15;175,45;1679,70;
MERI TERESINHA SCHERER;GABINETE DO SECRETARIO;ASSESSOR III;NAO INFORMADO; CARGO COMISSION.S/VINCULO;3191,80;;3191,80;379,31;2812,49;
MESSIAS LEAL DE MACEDO;DEPTO.DE ADMINIS.E FINANCAS;AUX.S.G-II;; ESTATUTARIO;2006,15;;2006,15;175,45;1830,70;
MIRLEIDE SANTANA DE FREITAS;DEPTO.DE PROTECAO SOC.BASICA;GERENTE;NAO INFORMADO; CARGO COMISSION.S/VINCULO;4209,79;;4209,79;622,77;3587,02;
NADIM DEBIEN CORREA ABDUL SAMAD;GABINETE DO SECRETARIO;GERENTE;NAO INFORMADO; CARGO COMISSION.S/VINCULO;4209,79;;4209,79;652,57;3557,22;
NEZIA CANUTO DE MOURA;DEPTO.DE PROTECAO SOC.ESPECIAL;AUXILIAR DE SERV GERAIS 1A CLASSE;; ESTATUTARIO;1349,24;;1349,24;165,70;1183,54;
NIXON RICARDO CARDOSO DA FONSECA;DEPTO.DE ADMINIS.E FINANCAS;GERENTE;NAO INFORMADO; CARGO COMISSION.S/VINCULO;7296,96;;7296,96;1682,48;5614,48;
NORMA CORREA;DEPTO.DE ADMINIS.E FINANCAS;TECNICO 3A CLASSE;SUBGERENTE AD 3; ESTATUTARIO;2838,66;;2838,66;437,70;2400,96;
OTILIA ALVES FIGUEIREDO;DEPTO.DE ADMINIS.E FINANCAS;AUX.S.G-II;; ESTATUTARIO;1253,20;;1253,20;175,45;1077,75;
PAULENI VIANA RAMOS;DEPTO.GEST.SIST.UN.ASS.SOCIAL;ASSESSOR I;; CARGO COMISSION.S/VINCULO;4229,77;;4229,77;659,23;3570,54;
PEDRO BAPTISTA DA SILVA;SEC.EXECUT.DA ASSIST.SOCIAL;SUBGERENTE;NAO INFORMADO; CARGO COMISSION.S/VINCULO;3191,80;;3191,80;379,31;2812,49;
PRISSILA DA SILVA CAVALCANTE;SEC.EXECUT.DA ASSIST.SOCIAL;ASSESSOR II;NAO INFORMADO; CARGO COMISSION.S/VINCULO;4209,79;;4209,79;652,57;3557,22;
RAIMUNDA ALMEIDA DO NASCIMENTO;PESSOAL PROC.DE APOSENTADORIA;TNS-I;; ESTATUTARIO;3677,32;;3677,32;634,40;3042,92;
RAIMUNDA CRISPIM DE MATOS;DEPTO.DE ADMINIS.E FINANCAS;AUX.S.G-II;; ESTATUTARIO;2006,15;;2006,15;175,45;1830,70;
RAIMUNDA DORVALINA R CONCEICAO;SEC.EXECUT.DA ASSIST.SOCIAL;AUX.S.G-II;; ESTATUTARIO;1855,15;;1855,15;175,45;1679,70;
RAIMUNDA MONTEIRO DOS SANTOS;DEPTO.DE PROTECAO SOC.BASICA;MONITOR 2A CLASSE;; ESTATUTARIO;1367,67;;1367,67;191,47;1176,20;
RAIMUNDO JOSE DA SILVA PRADO;DEPTO.DE ADMINIS.E FINANCAS;MOT-I;; ESTATUTARIO;3237,39;;3237,39;322,14;2915,25;
RAIMUNDO NONATO FERNANDES FILHO;DEPTO.DE ADMINIS.E FINANCAS;MOT-I;SUBGERENTE; ESTATUTARIO;3452,51;;3452,51;353,37;3099,14;
RAIZA CLARICE DA COSTA LIMA;DEPTO.DE ADMINIS.E FINANCAS;ASSESSOR II;NAO INFORMADO; CARGO COMISSION.S/VINCULO;4209,79;;4209,79;652,57;3557,22;
RAMON DA SILVA CAVALCANTE;DEPTO.DE ADMINIS.E FINANCAS;ASSESSOR II;NAO INFORMADO; CARGO COMISSION.S/VINCULO;4209,79;;4209,79;652,57;3557,22;
RAQUEL BAMOND REIS;SEC.EXECUT.DA ASSIST.SOCIAL;GERENTE;NAO INFORMADO; CARGO COMISSION.S/VINCULO;4209,79;;4209,79;622,77;3587,02;
REGINALDO ETELVINO LIMA DA SILVA;DEPTO.DE ADMINIS.E FINANCAS;A.TEC-II;; ESTATUTARIO;3641,46;;3641,46;365,41;3276,05;
REJANE SOLANGE ALVES MENEZES;ASSESSORIA DE PLANEJAMENTO;TNS-I;ASSESSOR II; ESTATUTARIO;5225,18;;5225,18;934,30;4290,88;
RELUCY SHARON ABRAHAO DA CRUZ;DEPTO.DE ADMINIS.E FINANCAS;SUBGERENTE;NAO INFORMADO; CARGO COMISSION.S/VINCULO;3191,80;;3191,80;379,31;2812,49;
RICARDO GUERRA LOPES;DEPTO.DE ADMINIS.E FINANCAS;AUX.S.G-II;; ESTATUTARIO;2520,15;;2520,15;208,50;2311,65;
RICARDO LIMA DRAY MATOS;SEC.EXECUT.DA ASSIST.SOCIAL;SUBGERENTE;NAO INFORMADO; CARGO COMISSION.S/VINCULO;3191,80;;3191,80;379,31;2812,49;
ROSAINE FERREIRA GOMES;DEPTO.GEST.SIST.UN.ASS.SOCIAL;ASSESSOR II;NAO INFORMADO; CARGO COMISSION.S/VINCULO;4209,79;;4209,79;652,57;3557,22;
ROSANI SILVA BELEM;ASSESSORIA DE PLANEJAMENTO;A.TEC-II;; ESTATUTARIO;2343,46;;2343,46;204,69;2138,77;
SALOME AMARAL COELHO;DEPTO.DE PROTECAO SOC.BASICA;TNS-I;; ESTATUTARIO;3683,86;;3683,86;623,05;3060,81;
SANDRA MAQUINE MACIEL;DEPTO.DE ADMINIS.E FINANCAS;AGENTE ADMINISTRATIVO 4A CLASSE;; ESTATUTARIO;3595,02;;3595,02;347,20;3247,82;
SARA DA SILVA SALES;GABINETE DO SECRETARIO;ASSESSOR II;NAO INFORMADO; CARGO COMISSION.S/VINCULO;4209,79;;4209,79;652,57;3557,22;
SELMA DEANE DE LIMA MELO;DEPTO.DE DESENV.POL.ASS.SOCIAL;CHEFE DE DEPARTAMENTO;NAO INFORMADO; CARGO COMISSION.S/VINCULO;5229,77;;5229,77;992,73;4237,04;
SEVERINA PERES DE AREVALO;DEPTO.DE ADMINIS.E FINANCAS;AUX.ADM-I;; ESTATUTARIO;1630,69;;1630,69;200,26;1430,43;
SIDNEY ROQUE CAVALCANTE;DEPTO.DE PROTECAO SOC.BASICA;A.TEC-I;; ESTATUTARIO;1629,34;;1629,34;219,73;1409,61;
SILVANA COMPTON BARROSO;SEC.EXECUT.DA ASSIST.SOCIAL;ASSESSOR I;NAO INFORMADO; CARGO COMISSION.S/VINCULO;5229,77;;5229,77;992,73;4237,04;
SKATHI LIANE CRUZ DA SILVA;DEPTO.DE PROTECAO SOC.BASICA;A.TEC-I;; ESTATUTARIO;1809,15;;1809,15;222,18;1586,97;
SOCORRO AUXILIADORA DE N G ANDRADE;DEPTO.DE PROTECAO SOC.BASICA;ASSESSOR III;NAO INFORMADO; CARGO COMISSION.S/VINCULO;3191,80;;3191,80;379,31;2812,49;
SUANNY VALERIA TAVARES NOGUEIRA;GABINETE DO SECRETARIO;ASSESSOR II;NAO INFORMADO; CARGO COMISSION.S/VINCULO;4209,79;;4209,79;652,57;3557,22;
SUELY DA SILVA TEIXEIRA;DEPTO.DE ADMINIS.E FINANCAS;A.TEC-I;; ESTATUTARIO;4058,18;;4058,18;459,44;3598,74;
SUELY DE CASTRO NUNES;DEPTO.DE ADMINIS.E FINANCAS;ASSISTENTE TECNICO 1A CLASSE;; ESTATUTARIO;3922,37;;3922,37;410,49;3511,88;
TANIA REGINA ALMEIDA DOS SANTOS;DEPTO.DE PLANEJAMENTO E GESTAO;CHEFE DE DEPARTAMENTO;NAO INFORMADO; CARGO COMISSION.S/VINCULO;5229,77;;5229,77;992,73;4237,04;
TAYNA MOTA RODRIGUES;DEPTO.DE PROTECAO SOC.ESPECIAL;GERENTE;NAO INFORMADO; CARGO COMISSION.S/VINCULO;4209,79;;4209,79;652,57;3557,22;
TEREZA CELESTE FREIRE DE M PANGAIO;SEC.EX.ADJ.POL.ASSIST.SOCIAL;ASSESSOR II;NAO INFORMADO; CARGO COMISSION.S/VINCULO;4209,79;;4209,79;652,57;3557,22;
THAYS DE QUEIROZ OLIVEIRA;SEC.EXECUT.DA ASSIST.SOCIAL;ASSESSOR III;NAO INFORMADO; CARGO COMISSION.S/VINCULO;3191,80;;3191,80;379,31;2812,49;
VANESSA ANDRADE BARROSO;SEC.EXECUT.DA ASSIST.SOCIAL;ASSESSOR II;NAO INFORMADO; CARGO COMISSION.S/VINCULO;4209,79;;4209,79;622,77;3587,02;
VANIA MARIA BESSA BARROS;DEPTO.DE PROTECAO SOC.BASICA;A.SOC-II;; ESTATUTARIO;3584,66;;3584,66;535,63;3049,03;
VERA DA COSTA SERRAO;DEPTO.DE PROTECAO SOC.BASICA;ASSISTENTE TECNICO 3A CLASSE;; ESTATUTARIO;2902,57;;2902,57;264,74;2637,83;
VERA DE SOUZA QUEIROZ MARQUES;SEC.EXECUT.DA ASSIST.SOCIAL;GERENTE;NAO INFORMADO; CARGO COMISSION.S/VINCULO;4209,79;;4209,79;652,57;3557,22;
VICENTE MAJELA PONTES RAPOSO;DEPTO.DE ADMINIS.E FINANCAS;AGENTE ADMINISTRATIVO 1A CLASSE;; ESTATUTARIO;3796,47;;3796,47;378,47;3418,00;
VICTORIA ADELE MORIZ SCHWAMBORN;DEPTO.DE PROTECAO SOC.ESPECIAL;ASSESSOR II;NAO INFORMADO; CARGO COMISSION.S/VINCULO;4209,79;;4209,79;652,57;3557,22;
WALTER VITAL DA SILVA;DEPTO.DE PROTECAO SOC.BASICA;DIRETOR DE UNIDADE;NAO INFORMADO; CARGO COMISSION.S/VINCULO;4229,77;;4229,77;659,23;3570,54;
WILLIAN FERNANDES DOS SANTOS;SEC.EX.ADJ.POL.ASSIST.SOCIAL;DIRETOR DE UNIDADE;NAO INFORMADO; CARGO COMISSION.S/VINCULO;4229,77;;4229,77;659,23;3570,54;
ZILMARA MARCELA DE SOUZA GUEDES;SEC.EXECUT.DA ASSIST.SOCIAL;ASSESSOR III;NAO INFORMADO; CARGO COMISSION.S/VINCULO;3191,80;;3191,80;379,31;2812,49;
ZINA GRANGEIRO PINHEIRO;DEPTO.DE PROTECAO SOC.BASICA;AUX.S.G-II;; ESTATUTARIO;1999,11;;1999,11;173,71;1825,40;
ZORAIDE LOPES MARQUES;SEC.EXECUT.DA ASSIST.SOCIAL;ASSESSOR II;NAO INFORMADO; CARGO COMISSION.S/VINCULO;4209,79;;4209,79;652,57;3557,22;
