NOME;LOTACAO;CARGO;FUNCAO;VINCULO;REMUNERACAO LEGAL TOTAL(R$);DESC.TETO(R$); REMUNERACAO LEGAL DEVIDA(R$);DESCONTOS LEGAIS(R$);LIQUIDO DISPONIVEL(R$);
ACRISIO ZIK UCHOA;DEPTO.DE ADMINIS.E FINANCAS;AUXILIAR DE SERV GERAIS 3A CLASSE;; ESTATUTARIO;2181,29;;2181,29;164,47;2016,82;
ADEMILDES MARIA LINS DE LIMA;SEC.EXECUT.DA ASSIST.SOCIAL;ASSESSOR II;NAO INFORMADO; CARGO COMISSION.S/VINCULO;6174,35;;6174,35;1347,45;4826,90;
ADIEL CARDOSO BARBOSA;SEC.EXECUT.DA ASSIST.SOCIAL;SARGENTO 1;ASSESSOR I; ESTATUTARIO;10000,00;;10000,00;1724,23;8275,77;
ADILCE LANE EDWARDS DE ARAUJO;GABINETE DO SECRETARIO;GERENTE;NAO INFORMADO; CARGO COMISSION.S/VINCULO;6174,35;;6174,35;1347,45;4826,90;
ADRIANA CELINA SERRAO RODRIGUES;DEPTO.DE ADMINIS.E FINANCAS;A.TEC-II;GERENTE AD-2; ESTATUTARIO;3641,46;;3641,46;365,41;3276,05;
ADRIANA SANTOS PELLIN;DEPTO.DE PROTECAO SOC.ESPECIAL;CHEFE DE DEPARTAMENTO;NAO INFORMADO; CARGO COMISSION.S/VINCULO;6450,04;;6450,04;1449,58;5000,46;
ALBERTO HIPOCRATES E MELLO;DEPTO.DE ADMINIS.E FINANCAS;AUX.S.G-I;; ESTATUTARIO;3586,06;;3586,06;316,09;3269,97;
ALCIMIRA KEROLLANY A NORONHA;DEPTO.DE PROTECAO SOC.ESPECIAL;SUBGERENTE;NAO INFORMADO; CARGO COMISSION.S/VINCULO;3191,80;;3191,80;379,31;2812,49;
ALCINEIDE MAQUINE DA SILVA;DEPTO.DE ADMINIS.E FINANCAS;AUX.S.G-II;; ESTATUTARIO;1261,94;;1261,94;176,67;1085,27;
ALDENORA SERRAO ALVES;ASSESSORIA DE PLANEJAMENTO;ASSISTENTE TECNICO 3A CLASSE;; ESTATUTARIO;3796,47;;3796,47;378,47;3418,00;
ALESSANDRA CAMPELO DA SILVA;GABINETE DO SECRETARIO;ESCRIVAO DE POL.2A.CL. PC-ESC-II;SECRETARIO DE ESTADO; ESTATUTARIO;28486,37;;28486,37;8371,01;20115,36;
ALISON FERREIRA BATISTA;SEC.EXECUT.DA ASSIST.SOCIAL;ASSESSOR II;NAO INFORMADO; CARGO COMISSION.S/VINCULO;4209,79;;4209,79;652,57;3557,22;
ALLAN CARLOS DE AZEVEDO VIANA LIMA;DEPTO.DE ADMINIS.E FINANCAS;GERENTE;NAO INFORMADO; CARGO COMISSION.S/VINCULO;6209,79;;6209,79;1360,80;4848,99;
AMANDA XISTO DA SILVA LIMA;DEPTO.DE PROTECAO SOC.ESPECIAL;SUBGERENTE;NAO INFORMADO; CARGO COMISSION.S/VINCULO;3191,80;;3191,80;379,31;2812,49;
ANA CLAUDIA SOARES DA ROCHA;DEPTO.DE PROTECAO SOC.BASICA;GERENTE;NAO INFORMADO; CARGO COMISSION.S/VINCULO;8419,58;;8419,58;3423,56;4996,02;
ANA LUCIA DE SIQUEIRA MOREIRA;DEPTO.DE ADMINIS.E FINANCAS;ASSISTENTE TECNICO 1A CLASSE;; ESTATUTARIO;3922,69;;3922,69;410,57;3512,12;
ANA LUIZA DOS SANTOS SILVA;DEPTO.GEST.SIST.UN.ASS.SOCIAL;ASSESSOR II;NAO INFORMADO; CARGO COMISSION.S/VINCULO;6174,35;;6174,35;1347,45;4826,90;
ANA MARIA BEZERRA NUNES;DEPTO.DE PROTECAO SOC.ESPECIAL;ASSISTENTE TECNICO 2A CLASSE;; ESTATUTARIO;3922,37;;3922,37;410,49;3511,88;
ANA MARIA MARTINS SIMOES;DEPTO.DE PROTECAO SOC.BASICA;MONITOR 2A CLASSE;; ESTATUTARIO;1565,47;;1565,47;192,70;1372,77;
ANA MARIA PIMENTEL DA SILVA;DEPTO.DE PROTECAO SOC.BASICA;AUX.S.G-II;; ESTATUTARIO;1253,20;;1253,20;175,45;1077,75;
ANA PAULA MORAIS NOGUEIRA;SEC.EXECUT.DA ASSIST.SOCIAL;ASSESSOR I;NAO INFORMADO; CARGO COMISSION.S/VINCULO;5229,77;;5229,77;992,73;4237,04;
ANDERSON OLIVEIRA DE SOUZA;GABINETE DO SECRETARIO;ASSESSOR I;NAO INFORMADO; CARGO COMISSION.S/VINCULO;5229,77;;5229,77;992,73;4237,04;
ANDRE ALEXANDRE DE LIMA RIBEIRO;DEPTO.DE ADMINIS.E FINANCAS;ASSESSOR I;NAO INFORMADO; CARGO COMISSION.S/VINCULO;5229,77;;5229,77;950,08;4279,69;
ANDREA CRISTINA BRAGA DO N BATISTA;DEPTO.DE ADMINIS.E FINANCAS;ASSESSOR III;NAO INFORMADO; CARGO COMISSION.S/VINCULO;3191,80;;3191,80;379,31;2812,49;
ANDREA DE CASSIA LIRA DA SILVA;DEPTO.DE ADMINIS.E FINANCAS;AUX.S.G-II;AUX. SERVICOS GERAIS; ESTATUTARIO;1240,78;;1240,78;170,29;1070,49;
ANDREA HONORATO PINHEIRO;DEPTO.DE ADMINIS.E FINANCAS;ASSESSOR III;NAO INFORMADO; CARGO COMISSION.S/VINCULO;3191,80;;3191,80;379,31;2812,49;
ANGELA JACIARA MERGUEIRO DE MATOS;DEPTO.DE ADMINIS.E FINANCAS;AUX.S.G-II;; ESTATUTARIO;2916,15;;2916,15;238,20;2677,95;
ANNA BERNADETH OLIVEIRA MONIZ;DEPTO.DE ADMINIS.E FINANCAS;A.TEC-I;; ESTATUTARIO;2934,07;;2934,07;280,51;2653,56;
ANTONIA CLEONILDE ARAUJO DOS SANTOS;DEPTO.DE PROTECAO SOC.BASICA;AUX.S.G-II;; ESTATUTARIO;1285,15;;1285,15;175,45;1109,70;
ANTONIA JANAINA SOUZA DE FRANÇA;SEC.EXECUT.DA ASSIST.SOCIAL;SUBGERENTE;NAO INFORMADO; CARGO COMISSION.S/VINCULO;3191,80;;3191,80;379,31;2812,49;
ANTONIO CARLOS RODRIGUES ASSIS;SEC.EXECUT.DA ASSIST.SOCIAL;ASSESSOR III;NAO INFORMADO; CARGO COMISSION.S/VINCULO;3191,80;;3191,80;379,31;2812,49;
ANTONIO GERALDO PICANCO;DEPTO.DE ADMINIS.E FINANCAS;MOT-I;SUB.GERENTE AD-3; ESTATUTARIO;1842,90;;1842,90;226,32;1616,58;
ANTONIO MORES DE AQUINO;SEC.EXECUT.DA ASSIST.SOCIAL;ASSESSOR I;NAO INFORMADO; CARGO COMISSION.S/VINCULO;4229,77;;4229,77;659,23;3570,54;
ANTONIO RAYNON LOPES FELICIANO;ASSESSORIA JURIDICA;ASSESSOR II;NAO INFORMADO; CARGO COMISSION.S/VINCULO;4209,79;;4209,79;622,77;3587,02;
ARIDAN NONATA COUTO RAMOS;ASSESSORIA DE PLANEJAMENTO;AUX.S.G-II;; ESTATUTARIO;3524,90;;3524,90;324,10;3200,80;
ARIOMAR TAVARES DE SOUZA;DEPTO.DE ADMINIS.E FINANCAS;A.TEC-I;; ESTATUTARIO;2419,12;;2419,12;218,80;2200,32;
ARTEMIZA ANDRADE BARBOSA;DEPTO.DE ADMINIS.E FINANCAS;AUX.S.G-II;; ESTATUTARIO;2211,11;;2211,11;173,71;2037,40;
ASSUNCAO PEREIRA DE OLIVEIRA;SEC.EXECUT.DA ASSIST.SOCIAL;ASSESSOR I;NAO INFORMADO; CARGO COMISSION.S/VINCULO;4229,77;;4229,77;659,23;3570,54;
AUREANGELA DO NASCIMENTO SILVA;DEPTO.DE PROTECAO SOC.ESPECIAL;SUBGERENTE;NAO INFORMADO; CARGO COMISSION.S/VINCULO;3191,80;;3191,80;379,31;2812,49;
AURICELIA DOS SANTOS CONSERVA;GABINETE DO SECRETARIO;CHEFE DE GABINETE;NAO INFORMADO; CARGO COMISSION.S/VINCULO;7670,32;;7670,32;1785,16;5885,16;
BENEDITA MORENO BORGES;DEPTO.DE ADMINIS.E FINANCAS;AUXILIAR DE SERV GERAIS 3A CLASSE;; ESTATUTARIO;1614,55;;1614,55;163,25;1451,30;
BRUNA BEATRIZ ANDRADE CRUZ;SEC.EXECUT.DA ASSIST.SOCIAL;ASSESSOR III;NAO INFORMADO; CARGO COMISSION.S/VINCULO;3191,80;;3191,80;379,31;2812,49;
BRUNA CALHEIRO DE ABREU MOTA;ASSESSORIA DE COMUNIC.SOCIAL;ASSESSOR II;NAO INFORMADO; CARGO COMISSION.S/VINCULO;4209,79;;4209,79;652,57;3557,22;
CADIGE JAMEL BOHADANA;SEC.EXECUT.DA ASSIST.SOCIAL;SECRETARIO EXECUTIVO;NAO INFORMADO; CARGO COMISSION.S/VINCULO;17160,00;;17160,00;4394,82;12765,18;
CAMILLA PARKEI COELHO MARTINS;DEPTO.DE PROTECAO SOC.BASICA;SUBGERENTE;NAO INFORMADO; CARGO COMISSION.S/VINCULO;4255,73;;4255,73;667,90;3587,83;
CARLOS ALBERTO KITZINGER DE SOUZA;DEPTO.DE ADMINIS.E FINANCAS;MOT-II;; ESTATUTARIO;3152,91;;3152,91;258,18;2894,73;
CARLOS GERALDO CRUZ DUARTE;GABINETE DO SECRETARIO;ASSESSOR III;NAO INFORMADO; CARGO COMISSION.S/VINCULO;3191,80;;3191,80;379,31;2812,49;
CARLOS GREGORIO GOMES MARQUES;DEPTO.DE ADMINIS.E FINANCAS;ASSESSOR IV;NAO INFORMADO; CARGO COMISSION.S/VINCULO;3175,61;;3175,61;375,23;2800,38;
CAROLINA FREITAS DE CASTRO PAIVA;DEPTO.DE PROTECAO SOC.ESPECIAL;ASSESSOR II;NAO INFORMADO; CARGO COMISSION.S/VINCULO;4209,79;;4209,79;652,57;3557,22;
CATARINA LOPES MAIA;GABINETE DO SECRETARIO;ASSESSOR II;NAO INFORMADO; CARGO COMISSION.S/VINCULO;6174,35;;6174,35;1347,45;4826,90;
CELESTE BENTES SANTANA;DEPTO.DE ADMINIS.E FINANCAS;A.TEC-I;ASSESSOR I; ESTATUTARIO;4995,33;;4995,33;619,37;4375,96;
CELIA MARA ALVES FERREIRA;SEC.EX.ADJ.POL.ASSIST.SOCIAL;ASSESSOR II;NAO INFORMADO; CARGO COMISSION.S/VINCULO;4209,79;;4209,79;652,57;3557,22;
CIBELE FREITAS DE AQUINO;DEPTO.DE PROTECAO SOC.BASICA;DIRETOR DE UNIDADE;NAO INFORMADO; CARGO COMISSION.S/VINCULO;4229,77;;4229,77;628,15;3601,62;
CLAUDETE LEAO IVO MOYSES;DEPTO.DE ADMINIS.E FINANCAS;A.SOC-I;; ESTATUTARIO;5294,71;;5294,71;959,61;4335,10;
CLEISSIANE COSTA CARDOSO;DEPTO.DE PROTECAO SOC.ESPECIAL;ASSESSOR II;NAO INFORMADO; CARGO COMISSION.S/VINCULO;4209,79;;4209,79;652,57;3557,22;
COSME MIGUEL DA SILVA ALMEIDA;SEC.EXECUT.DA ASSIST.SOCIAL;ASSESSOR II;NAO INFORMADO; CARGO COMISSION.S/VINCULO;3209,79;;3209,79;383,84;2825,95;
CYBELLE CRISTINA OLIVEIRA C E SILVA;SEC.EXECUT.DA ASSIST.SOCIAL;SUBGERENTE;NAO INFORMADO; CARGO COMISSION.S/VINCULO;3191,80;;3191,80;379,31;2812,49;
CYBELLE MARILIA WILKENS DA C NOVO;DEPTO.GEST.SIST.UN.ASS.SOCIAL;SUBGERENTE;NAO INFORMADO; CARGO COMISSION.S/VINCULO;3191,80;;3191,80;379,31;2812,49;
CYNARA SILVA DOS SANTOS;SEC.EXECUT.DA ASSIST.SOCIAL;ASSESSOR III;NAO INFORMADO; CARGO COMISSION.S/VINCULO;3191,80;;3191,80;379,31;2812,49;
DARCY RAMOS DE AMORIM;DEPTO.DE ADMINIS.E FINANCAS;SUBGERENTE;SUBGERENTE; CARGO COMISSION.S/VINCULO;3191,80;;3191,80;379,31;2812,49;
DARLAN MARCELO DA COSTA PIMENTEL;DEPTO.DE PROTECAO SOC.ESPECIAL;A.TEC-I;; ESTATUTARIO;2696,86;;2696,86;260,45;2436,41;
DAWGLISH WELLISSON DE SOUZA LOPES;GABINETE DO SECRETARIO;ASSESSOR II;NAO INFORMADO; CARGO COMISSION.S/VINCULO;6174,35;;6174,35;1347,45;4826,90;
DEBORA APARECIDA ARA JO GALLI;ASSESSORIA DE PLANEJAMENTO;GERENTE;NAO INFORMADO; CARGO COMISSION.S/VINCULO;4209,79;;4209,79;622,77;3587,02;
DEBORA DE ALENCAR ARRUDA;DEPTO.GEST.SIST.UN.ASS.SOCIAL;ASSESSOR I;NAO INFORMADO; CARGO COMISSION.S/VINCULO;5229,77;;5229,77;992,73;4237,04;
DELMARINA NASCIMENTO DA SILVEIRA;DEPTO.DE ADMINIS.E FINANCAS;ASSISTENTE TECNICO 3A CLASSE;CH.SEC.ADM.CEAS AD-2; ESTATUTARIO;3780,28;;3780,28;373,95;3406,33;
DENIS PINTO DE JESUS;DEPTO.DE PROTECAO SOC.BASICA;AUX.S.G-II;; ESTATUTARIO;1435,15;;1435,15;175,45;1259,70;
DENIZE SANTOS DE ANDRADE;GABINETE DO SECRETARIO;ASSESSOR I;NAO INFORMADO; CARGO COMISSION.S/VINCULO;4229,77;;4229,77;659,23;3570,54;
DEUZIMARA GRACA DA SILVA;GABINETE DO SECRETARIO;ASSESSOR III;NAO INFORMADO; CARGO COMISSION.S/VINCULO;4681,30;;4681,30;809,82;3871,48;
DHESSICA BEATRIZ BATISTA DA COSTA;GABINETE DO SECRETARIO;ASSESSOR III;NAO INFORMADO; CARGO COMISSION.S/VINCULO;3191,80;;3191,80;379,31;2812,49;
DIEGO MACAMBIRA JEZINI;DEPTO.DE ADMINIS.E FINANCAS;SUBGERENTE;NAO INFORMADO; CARGO COMISSION.S/VINCULO;4681,30;;4681,30;809,82;3871,48;
DIOGO MONTEIRO PETILLO;DEPTO.DE ADMINIS.E FINANCAS;GERENTE;NAO INFORMADO; CARGO COMISSION.S/VINCULO;4209,79;;4209,79;652,57;3557,22;
DYEGO DE SOUZA MORAIS;SEC.EXECUT.DA ASSIST.SOCIAL;ASSESSOR I;NAO INFORMADO; CARGO COMISSION.S/VINCULO;4229,77;;4229,77;659,23;3570,54;
EDILEUZA DE LIMA FROES OLIVEIRA;DEPTO.DE ADMINIS.E FINANCAS;A.TEC-I;; ESTATUTARIO;1849,07;;1849,07;219,73;1629,34;
EDIMARA TRAVASSOS DE ANDRADE;DEPTO.DE PROTECAO SOC.BASICA;GERENTE;NAO INFORMADO; CARGO COMISSION.S/VINCULO;5613,05;;5613,05;1083,99;4529,06;
EDNALDO GOMES BARBOSA JUNIOR;DEPTO.DE PROTECAO SOC.ESPECIAL;SUBGERENTE;NAO INFORMADO; CARGO COMISSION.S/VINCULO;3191,80;;3191,80;379,31;2812,49;
EDNEA FERREIRA LEDA;SEC.EXECUT.DA ASSIST.SOCIAL;ASSESSOR II;NAO INFORMADO; CARGO COMISSION.S/VINCULO;4209,79;;4209,79;652,57;3557,22;
EDNELZA DE SOUZA PEREIRA;DEPTO.DE ADMINIS.E FINANCAS;A.TEC-II;; ESTATUTARIO;3033,19;;3033,19;257,93;2775,26;
EDUARDO AUGUSTO DE AQUINO FERREIRA;DEPTO.DE ADMINIS.E FINANCAS;ASSESSOR II;ASSESSOR II; CARGO COMISSION.S/VINCULO;4209,79;;4209,79;652,57;3557,22;
ELIANA PAIXAO DE SOUZA;DEPTO.DE PROTECAO SOC.BASICA;AGENTE ADMINISTRATIVO 1A CLASSE;; ESTATUTARIO;3666,86;;3666,86;358,79;3308,07;
ELIANA RAPOSO BARRETO;DEPTO.DE PROTECAO SOC.ESPECIAL;AGENTE ADMINISTRATIVO 2A CLASSE;; ESTATUTARIO;1565,47;;1565,47;192,70;1372,77;
ELIANE ALVES CARDOSO;DEPTO.DE PROTECAO SOC.BASICA;ASSESSOR III;NAO INFORMADO; CARGO COMISSION.S/VINCULO;3191,80;;3191,80;360,24;2831,56;
ELIANO NASCIMENTO DE OLIVEIRA;DEPTO.DE PROTECAO SOC.BASICA;VIGIA-II;; ESTATUTARIO;1253,20;;1253,20;175,45;1077,75;
ELIEL PADILHA DA SILVA;GABINETE DO SECRETARIO;ASSESSOR II;NAO INFORMADO; CARGO COMISSION.S/VINCULO;4209,79;;4209,79;652,57;3557,22;
ELISANGELA DE SOUZA FERNANDES;DEPTO.DE ADMINIS.E FINANCAS;A.TEC-II;; ESTATUTARIO;1462,06;;1462,06;204,69;1257,37;
ELIZABETE LACERDA CHAVES;DEPTO.DE ADMINIS.E FINANCAS;SUBGERENTE;NAO INFORMADO; CARGO COMISSION.S/VINCULO;3191,80;;3191,80;379,31;2812,49;
EMANUEL ANTONIO PLACIDO R L ARAUJO;SEC.EXECUT.DA ASSIST.SOCIAL;ASSESSOR III;NAO INFORMADO; CARGO COMISSION.S/VINCULO;3191,80;;3191,80;379,31;2812,49;
EMANUEL MENDES SIQUEIRA;SEC.EXECUT.DA ASSIST.SOCIAL;ASSESSOR I;NAO INFORMADO; CARGO COMISSION.S/VINCULO;5229,77;;5229,77;992,73;4237,04;
EMILY DUARTE ALBUQUERQUE;SEC.EXECUT.DA ASSIST.SOCIAL;ASSESSOR III;NAO INFORMADO; CARGO COMISSION.S/VINCULO;3191,80;;3191,80;379,31;2812,49;
ERIKA BERNARDES DIAS;GABINETE DO SECRETARIO;ASSESSOR III;NAO INFORMADO; CARGO COMISSION.S/VINCULO;3191,80;;3191,80;360,24;2831,56;
EUNICE ALVES DE LIMA;DEPTO.DE PROTECAO SOC.BASICA;AUX.S.G-II;; ESTATUTARIO;1670,93;;1670,93;175,45;1495,48;
FABIANA MALVEIRA SOBRINHO;DEPTO.DE ADMINIS.E FINANCAS;ASSESSOR III;NAO INFORMADO; CARGO COMISSION.S/VINCULO;3191,80;;3191,80;379,31;2812,49;
FABIO MARREIROS DA SILVA;SEC.EXECUT.DA ASSIST.SOCIAL;ASSESSOR I;NAO INFORMADO; CARGO COMISSION.S/VINCULO;5229,77;;5229,77;992,73;4237,04;
FABRIZZIO PABLO COSTA C BRANCO;DEPTO.DE ADMINIS.E FINANCAS;ASSESSOR II;NAO INFORMADO; CARGO COMISSION.S/VINCULO;4209,79;;4209,79;652,57;3557,22;
FATIMA VERONICA DA SILVA TOME;SEC.EX.ADJ.POL.ASSIST.SOCIAL;ASSESSOR III;NAO INFORMADO; CARGO COMISSION.S/VINCULO;3191,80;;3191,80;379,31;2812,49;
FERNANDO TELES ALCANTARA;DEPTO.DE ADMINIS.E FINANCAS;GERENTE;NAO INFORMADO; CARGO COMISSION.S/VINCULO;4209,79;;4209,79;652,57;3557,22;
FIDENCIO SOARES TAVEIRA;DEPTO.DE PROTECAO SOC.BASICA;VIGIA-II;; ESTATUTARIO;1660,15;;1660,15;175,45;1484,70;
FRANCISCA BENTES DE ALMEIDA;GABINETE DO SECRETARIO;GERENTE;NAO INFORMADO; CARGO COMISSION.S/VINCULO;5192,07;;5192,07;980,16;4211,91;
FRANCISCA RAIZIMAR DE O ZURRA;GABINETE DO SECRETARIO;ASSESSOR II;NAO INFORMADO; CARGO COMISSION.S/VINCULO;4209,79;;4209,79;622,77;3587,02;
FRANCISCA SIDIVANE R GUIMARAES;GABINETE DO SECRETARIO;ASSESSOR II;NAO INFORMADO; CARGO COMISSION.S/VINCULO;4209,79;;4209,79;652,57;3557,22;
FRANCISCA VIEIRA DE LIMA;DEPTO.DE PROTECAO SOC.BASICA;AUXILIAR DE SERV GERAIS 1A CLASSE;; ESTATUTARIO;1614,55;;1614,55;163,25;1451,30;
FRANCISCO DE ALMEIDA MIRANDA;DEPTO.DE ADMINIS.E FINANCAS;AUX.S.G-II;; ESTATUTARIO;2006,15;;2006,15;175,45;1830,70;
GABRIELLE CARDOSO DA CRUZ;SEC.EXECUT.DA ASSIST.SOCIAL;ASSESSOR II;NAO INFORMADO; CARGO COMISSION.S/VINCULO;4209,79;;4209,79;652,57;3557,22;
GELCIMAR LOPES DA COSTA;DEPTO.DE PROTECAO SOC.BASICA;AUX.S.G-II;; ESTATUTARIO;1253,20;;1253,20;175,45;1077,75;
GEOVANI DA SILVA MONTEIRO;SEC.EXECUT.DA ASSIST.SOCIAL;SUBGERENTE;NAO INFORMADO; CARGO COMISSION.S/VINCULO;3191,80;;3191,80;379,31;2812,49;
GILDO GOMES DA GAMA;DEPTO.DE ADMINIS.E FINANCAS;VIGIA-II;; ESTATUTARIO;1855,15;;1855,15;175,45;1679,70;
GISELLE MICHELLE MOREIRA CRUZ;ASSESSORIA JURIDICA;ASSESSOR III;NAO INFORMADO; CARGO COMISSION.S/VINCULO;3191,80;;3191,80;379,31;2812,49;
GIULIANA FERREIRA DE LEMOS;DEPTO.DE ADMINIS.E FINANCAS;A.TEC-II;; ESTATUTARIO;2645,46;;2645,46;244,95;2400,51;
GLEICIANE DE ARAUJO LEITE;DEPTO.DE PROTECAO SOC.BASICA;SUBGERENTE;NAO INFORMADO; CARGO COMISSION.S/VINCULO;5319,66;;5319,66;1025,67;4293,99;
GLENDA MOURA DE SOUZA;SEC.EXECUT.DA ASSIST.SOCIAL;GERENTE;NAO INFORMADO; CARGO COMISSION.S/VINCULO;4209,79;;4209,79;652,57;3557,22;
HEFRANIO DA SILVA MAIA;SEC.EXECUT.DA ASSIST.SOCIAL;ASSESSOR II;NAO INFORMADO; CARGO COMISSION.S/VINCULO;4209,79;;4209,79;652,57;3557,22;
HELIO FLAVIO REIS PONTES;DEPTO.DE ADMINIS.E FINANCAS;AUX.S.G-II;; ESTATUTARIO;3516,15;;3516,15;240,54;3275,61;
HILDALEA CASTRO DOS REIS;SEC.EXECUT.DA ASSIST.SOCIAL;A.TEC-III;; ESTATUTARIO;1391,10;;1391,10;194,75;1196,35;
HYONY BRAGA LOPES;DEPTO.DE PROTECAO SOC.ESPECIAL;GERENTE;NAO INFORMADO; CARGO COMISSION.S/VINCULO;4209,79;;4209,79;652,57;3557,22;
IDELFONSO CORNELIO BRAZ;DEPTO.DE ADMINIS.E FINANCAS;AUX.S.G-II;; ESTATUTARIO;1740,83;;1740,83;177,90;1562,93;
IGOR ROBERTO LOPES RIBEIRO;SEC.EXECUT.DA ASSIST.SOCIAL;SUBGERENTE;NAO INFORMADO; CARGO COMISSION.S/VINCULO;3191,80;;3191,80;379,31;2812,49;
INGRID BATISTA DE CASTRO;SEC.EXECUT.DA ASSIST.SOCIAL;ASSESSOR I;NAO INFORMADO; CARGO COMISSION.S/VINCULO;5229,77;;5229,77;992,73;4237,04;
IRAILDES MUNIZ DE LIMA;ASSESSORIA DE COMUNIC.SOCIAL;ASSESSOR II;NAO INFORMADO; CARGO COMISSION.S/VINCULO;4209,79;;4209,79;652,57;3557,22;
ISABEL CRISTINA ALENCAR DE LIMA;SEC.EX.ADJ.POL.ASSIST.SOCIAL;AUX.S.G-II;; ESTATUTARIO;1855,15;;1855,15;175,45;1679,70;
IZA FLORENCIO NUNES;ASSESSORIA JURIDICA;ASSESSOR II;NAO INFORMADO; CARGO COMISSION.S/VINCULO;4209,79;;4209,79;652,57;3557,22;
JARDAS LIMA SOLANO;DEPTO.DE ADMINIS.E FINANCAS;A.TEC-II;; ESTATUTARIO;3641,46;;3641,46;336,97;3304,49;
JOÃO EDUARDO RODRIGUES NASCIMENTO;ASSESSORIA JURIDICA;ASSESSOR II;NAO INFORMADO; CARGO COMISSION.S/VINCULO;4209,79;;4209,79;652,57;3557,22;
JOANA VIEIRA DA SILVA;DEPTO.DE ADMINIS.E FINANCAS;AGENTE ADMINISTRATIVO 1A CLASSE;; ESTATUTARIO;3857,96;;3857,96;394,11;3463,85;
JOAO DE SOUZA BEZERRA;DEPTO.DE ADMINIS.E FINANCAS;AUX.S.G-I;; ESTATUTARIO;1738,80;;1738,80;191,14;1547,66;
JOAO HIPOLITO DO VALLE NETO;SEC.EXECUT.DA ASSIST.SOCIAL;SUBGERENTE;NAO INFORMADO; CARGO COMISSION.S/VINCULO;3191,80;;3191,80;379,31;2812,49;
JOAO LUIZ LEITE DE FRANCA;DEPTO.DE ADMINIS.E FINANCAS;AUX.S.G-I;; ESTATUTARIO;2977,31;;2977,31;255,04;2722,27;
JOAQUINA DA SILVA MATIAS;DEPTO.DE ADMINIS.E FINANCAS;AGENTE ADMINISTRATIVO 3A CLASSE;; ESTATUTARIO;1505,28;;1505,28;190,25;1315,03;
JOELMA LIMEIRA DA ROCHA;DEPTO.DE PROTECAO SOC.BASICA;ASSESSOR II;NAO INFORMADO; CARGO COMISSION.S/VINCULO;4209,79;;4209,79;652,57;3557,22;
JONATAS MAGALHAES GOMES;GABINETE DO SECRETARIO;ASSESSOR II;NAO INFORMADO; CARGO COMISSION.S/VINCULO;3209,79;;3209,79;383,84;2825,95;
JORGE LUIZ JOSEPH;DEPTO.DE ADMINIS.E FINANCAS;A.TEC-II;; ESTATUTARIO;1777,19;;1777,19;202,66;1574,53;
JOSE EDUARDO GOMES DA SILVA;DEPTO.DE ADMINIS.E FINANCAS;AUX.S.G-II;; ESTATUTARIO;1660,15;;1660,15;175,45;1484,70;
JOSE ELIAS REIS DOS SANTOS;DEPTO.DE ADMINIS.E FINANCAS;AUXILIAR DE SERV GERAIS 2A CLASSE;; ESTATUTARIO;1969,29;;1969,29;164,47;1804,82;
JOSE MARIA DE OLIVEIRA;DEPTO.DE ADMINIS.E FINANCAS;AUX.S.G-I;; ESTATUTARIO;2275,94;;2275,94;204,70;2071,24;
JOSE RAIMUNDO BRANDAO MOTA;DEPTO.DE ADMINIS.E FINANCAS;ASSISTENTE TECNICO 2A CLASSE;SUBGERENTE; ESTATUTARIO;4096,10;;4096,10;444,89;3651,21;
JOSIMAR ANJOS DE SOUZA;DEPTO.DE ADMINIS.E FINANCAS;VIGIA-II;; ESTATUTARIO;1855,15;;1855,15;175,45;1679,70;
JULY ANNE DE MOURA LINHARES;GABINETE DO SECRETARIO;ASSESSOR II;NAO INFORMADO; CARGO COMISSION.S/VINCULO;4209,79;;4209,79;652,57;3557,22;
KALINY DE SOUZA LIRA ALVES;DEPTO.DE PROTECAO SOC.BASICA;GERENTE;NAO INFORMADO; CARGO COMISSION.S/VINCULO;5613,05;;5613,05;1136,13;4476,92;
KARLA MARQUES DA SILVA;SEC.EXECUT.DA ASSIST.SOCIAL;CHEFE DE DEPARTAMENTO;NAO INFORMADO; CARGO COMISSION.S/VINCULO;5229,77;;5229,77;992,73;4237,04;
KELINE CALISTRO DUARTE;SEC.EXECUT.DA ASSIST.SOCIAL;SUBGERENTE;NAO INFORMADO; CARGO COMISSION.S/VINCULO;3191,80;;3191,80;379,31;2812,49;
KELLY CRISTINE DA COSTA S TAVARES;DEPTO.DE PROTECAO SOC.BASICA;ASSESSOR II;NAO INFORMADO; CARGO COMISSION.S/VINCULO;4209,79;;4209,79;652,57;3557,22;
KEROLYN DA SILVA LEIGUE;ASSESSORIA DE COMUNIC.SOCIAL;ASSESSOR III;NAO INFORMADO; CARGO COMISSION.S/VINCULO;3191,80;;3191,80;379,31;2812,49;
LAERCIO AUGUSTO RIBEIRO FILHO;DEPTO.DE ADMINIS.E FINANCAS;MOT-I;; ESTATUTARIO;3228,64;;3228,64;319,79;2908,85;
LAUDENISE BATISTA DE OLIVEIRA;SEC.EX.ADJ.POL.ASSIST.SOCIAL;SECRETARIO EXECUTIVO ADJUNTO;NAO INFORMADO; CARGO COMISSION.S/VINCULO;11100,00;;11100,00;2728,32;8371,68;
LAURIMAR NOGUEIRA DE LIMA;DEPTO.DE PROTECAO SOC.ESPECIAL;VIGIA-II;; ESTATUTARIO;1855,15;;1855,15;175,45;1679,70;
LEILA CONCEICAO DA SILVA;DEPTO.DE ADMINIS.E FINANCAS;AUX.S.G-II;; ESTATUTARIO;3516,15;;3516,15;321,76;3194,39;
LEONARDO AUGUSTO DO N F SANTOS;SEC.EXECUT.DA ASSIST.SOCIAL;SUBGERENTE;NAO INFORMADO; CARGO COMISSION.S/VINCULO;3191,80;;3191,80;379,31;2812,49;
LEONILZE DA SILVA TEIXEIRA;DEPTO.DE ADMINIS.E FINANCAS;A.TEC-I;; ESTATUTARIO;2632,07;;2632,07;257,86;2374,21;
LEONOR CORREA DA SILVA;DEPTO.DE PROTECAO SOC.BASICA;MONITOR 2A CLASSE;; ESTATUTARIO;1367,67;;1367,67;191,47;1176,20;
LILIA FERNANDES DUARTE ALBUQUERQUE;DEPTO.DE PROTECAO SOC.ESPECIAL;DIRETOR DE UNIDADE;NAO INFORMADO; CARGO COMISSION.S/VINCULO;4229,77;;4229,77;659,23;3570,54;
LINDANEY ALVES GRIJO;DEPTO.DE ADMINIS.E FINANCAS;AGENTE ADMINISTRATIVO 1A CLASSE;; ESTATUTARIO;3890,17;;3890,17;373,87;3516,30;
LISSANDRO TERCO DE VERCOSA;DEPTO.DE ADMINIS.E FINANCAS;AGENTE ADMINISTRATIVO 1A CLASSE;; ESTATUTARIO;1816,40;;1816,40;202,31;1614,09;
LUANA BATISTA TAVARES;DEPTO.DE PROTECAO SOC.BASICA;SUBGERENTE;NAO INFORMADO; CARGO COMISSION.S/VINCULO;3191,80;;3191,80;379,31;2812,49;
LUCEVILSON ARAUJO DE SOUSA;ASSESSORIA DE COMUNIC.SOCIAL;ASSESSOR II;NAO INFORMADO; CARGO COMISSION.S/VINCULO;3209,79;;3209,79;383,84;2825,95;
LUCIANA ALECRIM PACIFICO;GABINETE DO SECRETARIO;ASSESSOR II;NAO INFORMADO; CARGO COMISSION.S/VINCULO;4209,79;;4209,79;652,57;3557,22;
LUCIDALVA DE OLIVEIRA ANDRADE;DEPTO.DE ADMINIS.E FINANCAS;ASSISTENTE TECNICO 2A CLASSE;SUB.GERENTE AD-3; ESTATUTARIO;5429,10;;5429,10;775,25;4653,85;
LUIS FONSECA DE ARAUJO FILHO;SEC.EXECUT.DA ASSIST.SOCIAL;PEDAGOGO PD20.ESP-III;ASSESSOR I; ESTATUTARIO;8969,83;;8969,83;2157,97;6811,86;
LUZIA SIQUEIRA DOS SANTOS;DEPTO.DE ADMINIS.E FINANCAS;A.TEC-I;; ESTATUTARIO;2200,34;;2200,34;219,73;1980,61;
LUZIVANY RIBEIRO TEIXEIRA;SEC.EXECUT.DA ASSIST.SOCIAL;ASSESSOR III;NAO INFORMADO; CARGO COMISSION.S/VINCULO;4255,73;;4255,73;667,90;3587,83;
LYSLI FEITOSA FERREIRA DA COSTA;SEC.EXECUT.DA ASSIST.SOCIAL;GERENTE;NAO INFORMADO; CARGO COMISSION.S/VINCULO;4209,79;;4209,79;652,57;3557,22;
MAGNA FRAGA DIAS MAR;SEC.EXECUT.DA ASSIST.SOCIAL;ASSESSOR III;NAO INFORMADO; CARGO COMISSION.S/VINCULO;3191,80;;3191,80;379,31;2812,49;
MANOEL BEZERRA GOMES;DEPTO.DE ADMINIS.E FINANCAS;AUX.S.G-II;; ESTATUTARIO;1660,15;;1660,15;175,45;1484,70;
MANOEL NUNES DE ASSIS;DEPTO.DE PROTECAO SOC.BASICA;ASSESSOR II;NAO INFORMADO; CARGO COMISSION.S/VINCULO;4209,79;;4209,79;622,77;3587,02;
MARÍLIA OLIVEIRA DE ALMEIDA LIMA;SEC.EXECUT.DA ASSIST.SOCIAL;ASSESSOR I;NAO INFORMADO; CARGO COMISSION.S/VINCULO;5229,77;;5229,77;992,73;4237,04;
MARCELO AUGUSTO SILVA M RAMOS;ASSESSORIA JURIDICA;ASSISTENTE TECNICO 3A CLASSE;; ESTATUTARIO;3616,12;;3616,12;324,45;3291,67;
MARCIA FRANCISCA MATUZINHO ANDRADE;DEPTO.GEST.SIST.UN.ASS.SOCIAL;GERENTE;NAO INFORMADO; CARGO COMISSION.S/VINCULO;4209,79;;4209,79;652,57;3557,22;
MARCIA GEORGETE ALVES LIMA;DEPTO.DE PROTECAO SOC.BASICA;ASSESSOR II;NAO INFORMADO; CARGO COMISSION.S/VINCULO;4209,79;;4209,79;652,57;3557,22;
MARCIA LEILA DOS SANTOS FREIRE;DEPTO.DE ADMINIS.E FINANCAS;AGENTE ADMINISTRATIVO 3A CLASSE;; ESTATUTARIO;2986,28;;2986,28;257,15;2729,13;
MARCIA ZUILA ALMEIDA E SILVA;DEPTO.DE PROTECAO SOC.ESPECIAL;MONITOR 2A CLASSE;; ESTATUTARIO;2318,69;;2318,69;208,21;2110,48;
MARCILIO JOSE GOMES DE BRITO;DEPTO.DE ADMINIS.E FINANCAS;VIGIA-II;; ESTATUTARIO;2006,15;;2006,15;175,45;1830,70;
MARCOS RONEI DOS SANTOS;DEPTO.DE ADMINIS.E FINANCAS;SUBGERENTE;NAO INFORMADO; CARGO COMISSION.S/VINCULO;3191,80;;3191,80;379,31;2812,49;
MARGARIDA NUNES GALVAO GUERRA;DEPTO.DE ADMINIS.E FINANCAS;A.TEC-I;; ESTATUTARIO;3710,34;;3710,34;388,52;3321,82;
MARIA ALCILENE FERREIRA DA SILVA;DEPTO.DE PROTECAO SOC.BASICA;AUX.S.G-II;; ESTATUTARIO;1261,94;;1261,94;176,67;1085,27;
MARIA AUXILIADORA M CAVALCANTE;ASSESSORIA JURIDICA;ASSISTENTE TECNICO 3A CLASSE;; ESTATUTARIO;1569,12;;1569,12;192,70;1376,42;
MARIA DA CONCEICAO AGOSTINHO MOTA;DEPTO.DE PROTECAO SOC.BASICA;A.TEC-I;; ESTATUTARIO;4255,21;;4255,21;500,38;3754,83;
MARIA DA CONCEICAO CANTUARIO;DEPTO.DE ADMINIS.E FINANCAS;AUX.S.G-I;; ESTATUTARIO;2105,00;;2105,00;188,69;1916,31;
MARIA DA CONCEICAO PINHEIRO FONTE;SEC.EXECUT.DA ASSIST.SOCIAL;ASSESSOR II;NAO INFORMADO; CARGO COMISSION.S/VINCULO;4209,79;;4209,79;652,57;3557,22;
MARIA DA CONCEICAO RODRIGUES CABRAL;SEC.EXECUT.DA ASSIST.SOCIAL;MONITOR 3A CLASSE;; ESTATUTARIO;2093,77;;2093,77;192,70;1901,07;
MARIA DAS DORES DA COSTA ANTONY;DEPTO.DE ADMINIS.E FINANCAS;A.TEC-I;; ESTATUTARIO;3950,01;;3950,01;426,55;3523,46;
MARIA DAS GRACAS ALVES DA S BYRON;PESSOAL PROC.DE APOSENTADORIA;A.SOC-I;DRTOR DE UNID AD 1; ESTATUTARIO;3667,41;;3667,41;631,74;3035,67;
MARIA DAS GRACAS LOPES RIBEIRO;DEPTO.DE ADMINIS.E FINANCAS;A.TEC-I;; ESTATUTARIO;3350,68;;3350,68;336,72;3013,96;
MARIA DE LOURDES DE SOUZA RAMOS;DEPTO.DE PROTECAO SOC.BASICA;AUXILIAR DE SERV GERAIS 3A CLASSE;; ESTATUTARIO;1239,55;;1239,55;163,25;1076,30;
MARIA DO PERPETUO SOCORRO O VIEIRA;DEPTO.DE ADMINIS.E FINANCAS;AUX.S.G-II;; ESTATUTARIO;1435,15;;1435,15;175,45;1259,70;
MARIA DO SOCORRO NASCIMENTO MELLO;DEPTO.DE ADMINIS.E FINANCAS;A.TEC-I;; ESTATUTARIO;3930,07;;3930,07;421,48;3508,59;
MARIA EDINELZA OLIVEIRA DAMASCENO;DEPTO.DE ADMINIS.E FINANCAS;A.TEC-I;GERENTE; ESTATUTARIO;5020,38;;5020,38;682,32;4338,06;
MARIA ELISANGELA SILVA DOLZANE;SEC.EXECUT.DA ASSIST.SOCIAL;ASSESSOR I;NAO INFORMADO; CARGO COMISSION.S/VINCULO;4229,77;;4229,77;628,15;3601,62;
MARIA GORETE DE SOUZA LOBATO;DEPTO.DE ADMINIS.E FINANCAS;A.TEC-I;; ESTATUTARIO;2692,12;;2692,12;269,18;2422,94;
MARIA IVANILDA COSTA CARVALHO;DEPTO.DE ADMINIS.E FINANCAS;A.TEC-I;; ESTATUTARIO;3436,18;;3436,18;347,40;3088,78;
MARIA JANETE GOMES DE BRITO;DEPTO.DE PROTECAO SOC.ESPECIAL;MONITOR 2A CLASSE;; ESTATUTARIO;1367,67;;1367,67;191,47;1176,20;
MARIA JULIA DANTAS DA SILVA;SEC.EXECUT.DA ASSIST.SOCIAL;ASSESSOR II;NAO INFORMADO; CARGO COMISSION.S/VINCULO;5332,40;;5332,40;1030,46;4301,94;
MARIA LUCIA DA SILVA BARROS;SEC.EXECUT.DA ASSIST.SOCIAL;AUX.S.G-III;; ESTATUTARIO;2661,04;;2661,04;212,73;2448,31;
MARIA LUZIA LIMA DE LIMA;ASSESSORIA DE PLANEJAMENTO;TECNICO 3A CLASSE;; ESTATUTARIO;3721,21;;3721,21;535,50;3185,71;
MARIA NEBLINA MARAES;DEPTO.DE ADMINIS.E FINANCAS;PROFESSOR PF20.ESP-III;CHEFE DE DEPARTAMENT; ESTATUTARIO;7843,31;;7843,31;1524,01;6319,30;
MARIA RAIMUNDA CARDOSO LOPES;DEPTO.DE ADMINIS.E FINANCAS;AUX.S.G-II;; ESTATUTARIO;1285,15;;1285,15;175,45;1109,70;
MARIA RAIMUNDA DOS ANJOS NASCIMENTO;DEPTO.DE ADMINIS.E FINANCAS;AUX.S.G-I;; ESTATUTARIO;2246,70;;2246,70;186,85;2059,85;
MARIA RITA RODRIGUES DE SOUZA;DEPTO.DE PROTECAO SOC.BASICA;AUX.S.G-II;; ESTATUTARIO;1835,60;;1835,60;175,45;1660,15;
MARIA ROSA GOMES GRAÇA;DEPTO.DE ADMINIS.E FINANCAS;ASSESSOR II;; CARGO COMISSION.S/VINCULO;2609,79;;2609,79;266,20;2343,59;
MARIA SOCORRO CARIOCA BEZERRA;DEPTO.DE ADMINIS.E FINANCAS;AUXILIAR DE SERV GERAIS 3A CLASSE;; ESTATUTARIO;1614,55;;1614,55;163,25;1451,30;
MARILENE INACIO DAMASCENO;DEPTO.DE ADMINIS.E FINANCAS;AUXILIAR DE SERV GERAIS 3A CLASSE;; ESTATUTARIO;2896,73;;2896,73;225,46;2671,27;
MARINETE DOS SANTOS FERREIRA;DEPTO.DE ADMINIS.E FINANCAS;AGENTE ADMINISTRATIVO 3A CLASSE;; ESTATUTARIO;2800,47;;2800,47;245,48;2554,99;
MARLUCE DO NASCIMENTO SOARES;DEPTO.DE PROTECAO SOC.BASICA;AUX.S.G-II;; ESTATUTARIO;1285,15;;1285,15;175,45;1109,70;
MAYLLA DE MOURA BOREGGIO;DEPTO.DE PROTECAO SOC.ESPECIAL;ASSESSOR II;NAO INFORMADO; CARGO COMISSION.S/VINCULO;4209,79;;4209,79;652,57;3557,22;
MEIRY CONCEICAO DA SILVA;DEPTO.DE ADMINIS.E FINANCAS;AUX.S.G-II;; ESTATUTARIO;1660,15;;1660,15;175,45;1484,70;
MERI TERESINHA SCHERER;GABINETE DO SECRETARIO;ASSESSOR III;NAO INFORMADO; CARGO COMISSION.S/VINCULO;4681,30;;4681,30;809,82;3871,48;
MESSIAS LEAL DE MACEDO;DEPTO.DE ADMINIS.E FINANCAS;AUX.S.G-II;; ESTATUTARIO;2006,15;;2006,15;175,45;1830,70;
MIRLEIDE SANTANA DE FREITAS;DEPTO.DE PROTECAO SOC.BASICA;GERENTE;NAO INFORMADO; CARGO COMISSION.S/VINCULO;4209,79;;4209,79;622,77;3587,02;
MONICA SALES MOREIRA DE SOUZA;DEPTO.DE ADMINIS.E FINANCAS;ASSESSOR I;NAO INFORMADO; CARGO COMISSION.S/VINCULO;10459,54;;10459,54;2552,19;7907,35;
NEZIA CANUTO DE MOURA;DEPTO.DE PROTECAO SOC.ESPECIAL;AUXILIAR DE SERV GERAIS 1A CLASSE;; ESTATUTARIO;1349,24;;1349,24;165,70;1183,54;
NIXON RICARDO CARDOSO DA FONSECA;DEPTO.DE ADMINIS.E FINANCAS;ASSESSOR I;NAO INFORMADO; CARGO COMISSION.S/VINCULO;6973,03;;6973,03;1436,99;5536,04;
NORMA CORREA;DEPTO.DE ADMINIS.E FINANCAS;TECNICO 3A CLASSE;SUBGERENTE AD 3; ESTATUTARIO;2838,66;;2838,66;437,70;2400,96;
OTILIA ALVES FIGUEIREDO;DEPTO.DE ADMINIS.E FINANCAS;AUX.S.G-II;; ESTATUTARIO;1670,93;;1670,93;175,45;1495,48;
PABLO RONEY LOPES RODRIGUES;DEPTO.DE ADMINIS.E FINANCAS;GERENTE;NAO INFORMADO; CARGO COMISSION.S/VINCULO;4209,79;;4209,79;652,57;3557,22;
PAULENI VIANA RAMOS;DEPTO.GEST.SIST.UN.ASS.SOCIAL;ASSESSOR I;; CARGO COMISSION.S/VINCULO;4229,77;;4229,77;659,23;3570,54;
PRISSILA DA SILVA CAVALCANTE;DEPTO.DE PROTECAO SOC.ESPECIAL;DIRETOR DE UNIDADE;NAO INFORMADO; CARGO COMISSION.S/VINCULO;4229,77;;4229,77;659,23;3570,54;
RAFAEL DAMASCENO SILVEIRA;GABINETE DO SECRETARIO;ASSESSOR III;NAO INFORMADO; CARGO COMISSION.S/VINCULO;3191,80;;3191,80;379,31;2812,49;
RAIMUNDA ALMEIDA DO NASCIMENTO;PESSOAL PROC.DE APOSENTADORIA;TNS-I;; ESTATUTARIO;4903,09;;4903,09;866,05;4037,04;
RAIMUNDA CRISPIM DE MATOS;DEPTO.DE ADMINIS.E FINANCAS;AUX.S.G-II;; ESTATUTARIO;2006,15;;2006,15;175,45;1830,70;
RAIMUNDA DORVALINA R CONCEICAO;SEC.EXECUT.DA ASSIST.SOCIAL;AUX.S.G-II;; ESTATUTARIO;1855,15;;1855,15;175,45;1679,70;
RAIMUNDA MONTEIRO DOS SANTOS;DEPTO.DE PROTECAO SOC.BASICA;MONITOR 2A CLASSE;; ESTATUTARIO;1367,67;;1367,67;191,47;1176,20;
RAIMUNDO JOSE DA SILVA PRADO;DEPTO.DE ADMINIS.E FINANCAS;MOT-I;; ESTATUTARIO;3237,39;;3237,39;322,14;2915,25;
RAIMUNDO NONATO FERNANDES FILHO;DEPTO.DE ADMINIS.E FINANCAS;MOT-I;SUBGERENTE; ESTATUTARIO;3452,51;;3452,51;353,37;3099,14;
RAIZA CLARICE DA COSTA LIMA;DEPTO.DE ADMINIS.E FINANCAS;ASSESSOR II;NAO INFORMADO; CARGO COMISSION.S/VINCULO;4209,79;;4209,79;652,57;3557,22;
RAMON DA SILVA CAVALCANTE;DEPTO.DE ADMINIS.E FINANCAS;ASSESSOR II;NAO INFORMADO; CARGO COMISSION.S/VINCULO;4209,79;;4209,79;652,57;3557,22;
RAQUEL BAMOND REIS;SEC.EXECUT.DA ASSIST.SOCIAL;GERENTE;NAO INFORMADO; CARGO COMISSION.S/VINCULO;4209,79;;4209,79;622,77;3587,02;
REGINALDO ETELVINO LIMA DA SILVA;DEPTO.DE ADMINIS.E FINANCAS;A.TEC-II;; ESTATUTARIO;3641,46;;3641,46;365,41;3276,05;
REJANE SOLANGE ALVES MENEZES;ASSESSORIA DE PLANEJAMENTO;TNS-I;ASSESSOR II; ESTATUTARIO;5225,18;;5225,18;934,30;4290,88;
RELUCY SHARON ABRAHAO DA CRUZ;DEPTO.DE ADMINIS.E FINANCAS;SUBGERENTE;NAO INFORMADO; CARGO COMISSION.S/VINCULO;3191,80;;3191,80;379,31;2812,49;
RENATA MACIEL SEABRA;ASSESSORIA JURIDICA;ASSESSOR III;NAO INFORMADO; CARGO COMISSION.S/VINCULO;3191,80;;3191,80;379,31;2812,49;
RICARDO GUERRA LOPES;DEPTO.DE ADMINIS.E FINANCAS;AUX.S.G-II;; ESTATUTARIO;2218,15;;2218,15;185,85;2032,30;
ROSAINE FERREIRA GOMES;DEPTO.GEST.SIST.UN.ASS.SOCIAL;ASSESSOR II;NAO INFORMADO; CARGO COMISSION.S/VINCULO;7016,31;;7016,31;1605,30;5411,01;
ROSANI SILVA BELEM;ASSESSORIA DE PLANEJAMENTO;A.TEC-II;; ESTATUTARIO;2131,46;;2131,46;204,69;1926,77;
SALOME AMARAL COELHO;DEPTO.DE PROTECAO SOC.BASICA;TNS-I;; ESTATUTARIO;3573,69;;3573,69;606,53;2967,16;
SANDRA MAQUINE MACIEL;DEPTO.DE ADMINIS.E FINANCAS;AGENTE ADMINISTRATIVO 4A CLASSE;; ESTATUTARIO;3595,02;;3595,02;347,20;3247,82;
SANDRO PIMENTEL DE OLIVEIRA;DEPTO.DE PROTECAO SOC.BASICA;DIRETOR DE UNIDADE;NAO INFORMADO; CARGO COMISSION.S/VINCULO;4229,77;;4229,77;659,23;3570,54;
SARA DA SILVA SALES;GABINETE DO SECRETARIO;ASSESSOR II;NAO INFORMADO; CARGO COMISSION.S/VINCULO;4209,79;;4209,79;652,57;3557,22;
SELMA DEANE DE LIMA MELO;DEPTO.DE DESENV.POL.ASS.SOCIAL;CHEFE DE DEPARTAMENTO;NAO INFORMADO; CARGO COMISSION.S/VINCULO;5229,77;;5229,77;992,73;4237,04;
SEVERINA PERES DE AREVALO;DEPTO.DE ADMINIS.E FINANCAS;AUX.ADM-I;; ESTATUTARIO;1630,69;;1630,69;200,26;1430,43;
SIDNEY ROQUE CAVALCANTE;DEPTO.DE PROTECAO SOC.BASICA;A.TEC-I;; ESTATUTARIO;1629,34;;1629,34;219,73;1409,61;
SILVANA COMPTON BARROSO;SEC.EXECUT.DA ASSIST.SOCIAL;ASSESSOR I;NAO INFORMADO; CARGO COMISSION.S/VINCULO;5229,77;;5229,77;992,73;4237,04;
SKATHI LIANE CRUZ DA SILVA;DEPTO.DE PROTECAO SOC.BASICA;A.TEC-I;; ESTATUTARIO;1809,15;;1809,15;222,18;1586,97;
SOCORRO AUXILIADORA DE N G ANDRADE;DEPTO.DE PROTECAO SOC.BASICA;ASSESSOR III;NAO INFORMADO; CARGO COMISSION.S/VINCULO;3191,80;;3191,80;379,31;2812,49;
SUANNY VALERIA TAVARES NOGUEIRA;GABINETE DO SECRETARIO;ASSESSOR II;NAO INFORMADO; CARGO COMISSION.S/VINCULO;4209,79;;4209,79;652,57;3557,22;
SUELY DA SILVA TEIXEIRA;DEPTO.DE ADMINIS.E FINANCAS;A.TEC-I;; ESTATUTARIO;4058,18;;4058,18;459,44;3598,74;
SUELY DE CASTRO NUNES;DEPTO.DE ADMINIS.E FINANCAS;ASSISTENTE TECNICO 1A CLASSE;; ESTATUTARIO;3922,37;;3922,37;410,49;3511,88;
TANIA REGINA ALMEIDA DOS SANTOS;DEPTO.DE PLANEJAMENTO E GESTAO;CHEFE DE DEPARTAMENTO;NAO INFORMADO; CARGO COMISSION.S/VINCULO;6450,04;;6450,04;1449,58;5000,46;
TAYNA MOTA RODRIGUES;DEPTO.DE PROTECAO SOC.ESPECIAL;GERENTE;NAO INFORMADO; CARGO COMISSION.S/VINCULO;4209,79;;4209,79;652,57;3557,22;
TEREZA CELESTE FREIRE DE M PANGAIO;SEC.EX.ADJ.POL.ASSIST.SOCIAL;ASSESSOR II;NAO INFORMADO; CARGO COMISSION.S/VINCULO;4209,79;;4209,79;652,57;3557,22;
THAYS DE QUEIROZ OLIVEIRA;SEC.EXECUT.DA ASSIST.SOCIAL;ASSESSOR III;NAO INFORMADO; CARGO COMISSION.S/VINCULO;3191,80;;3191,80;379,31;2812,49;
VANESSA ANDRADE BARROSO;SEC.EXECUT.DA ASSIST.SOCIAL;ASSESSOR II;NAO INFORMADO; CARGO COMISSION.S/VINCULO;4209,79;;4209,79;622,77;3587,02;
VANIA MARIA BESSA BARROS;DEPTO.DE PROTECAO SOC.BASICA;A.SOC-II;; ESTATUTARIO;3584,66;;3584,66;535,63;3049,03;
VERA DA COSTA SERRAO;DEPTO.DE PROTECAO SOC.BASICA;ASSISTENTE TECNICO 3A CLASSE;; ESTATUTARIO;2902,57;;2902,57;264,74;2637,83;
VERA DE SOUZA QUEIROZ MARQUES;SEC.EXECUT.DA ASSIST.SOCIAL;GERENTE;NAO INFORMADO; CARGO COMISSION.S/VINCULO;4209,79;;4209,79;652,57;3557,22;
VICENTE MAJELA PONTES RAPOSO;DEPTO.DE ADMINIS.E FINANCAS;AGENTE ADMINISTRATIVO 1A CLASSE;; ESTATUTARIO;3796,47;;3796,47;378,47;3418,00;
VICTORIA ADELE MORIZ SCHWAMBORN;DEPTO.DE PROTECAO SOC.ESPECIAL;ASSESSOR II;NAO INFORMADO; CARGO COMISSION.S/VINCULO;4209,79;;4209,79;652,57;3557,22;
VITORIA DE ANDRADE LIMA;DEPTO.DE PROTECAO SOC.BASICA;ASSESSOR III;NAO INFORMADO; CARGO COMISSION.S/VINCULO;2591,80;;2591,80;100,13;2491,67;
WALTER VITAL DA SILVA;DEPTO.DE PROTECAO SOC.BASICA;DIRETOR DE UNIDADE;NAO INFORMADO; CARGO COMISSION.S/VINCULO;4229,77;;4229,77;659,23;3570,54;
ZILMARA MARCELA DE SOUZA GUEDES;SEC.EXECUT.DA ASSIST.SOCIAL;ASSESSOR III;NAO INFORMADO; CARGO COMISSION.S/VINCULO;3191,80;;3191,80;379,31;2812,49;
ZINA GRANGEIRO PINHEIRO;DEPTO.DE PROTECAO SOC.BASICA;AUX.S.G-II;; ESTATUTARIO;1999,11;;1999,11;173,71;1825,40;
ZORAIDE LOPES MARQUES;SEC.EXECUT.DA ASSIST.SOCIAL;ASSESSOR II;NAO INFORMADO; CARGO COMISSION.S/VINCULO;6174,35;;6174,35;1347,45;4826,90;
