NOME;LOTACAO;CARGO;FUNCAO;VINCULO;REMUNERACAO LEGAL TOTAL(R$);DESC.TETO(R$); REMUNERACAO LEGAL DEVIDA(R$);DESCONTOS LEGAIS(R$);LIQUIDO DISPONIVEL(R$);
ADELANE VIEIRA RAMOS;GERENCIA DE HABILITACAO;TECNICO DE NIVEL MEDIO;; C.L.T.;4475,67;;4475,67;741,25;3734,42;
ADEMIR ROCHA RODRIGUES;DEPTO.ADMINISTRAT.-FINANCEIRO;ASSISTENTE ADMINISTRATIVO;; C.L.T.;4875,00;;4875,00;874,42;4000,58;
ADRIANA BRAGA ROCHA;DEPTO.ADMINISTRAT.-FINANCEIRO;ASSESSOR TECNICO;NAO INFORMADO; CARGO COMISSION.S/VINCULO;10200,00;;10200,00;2480,82;7719,18;
AGILCIMAR VASCONCELOS LOPES;SUB-GER.I DE EMPLACAMENTO;AUXILIAR ADMINISTRATIVO;; C.L.T.;2257,00;;2257,00;200,59;2056,41;
ALCINEIA ALMEIDA DOS SANTOS;GER.CONTR.REG.TRANSITO- CRT;AUXILIAR DE MANUTENCAO;; C.L.T.;2005,00;;2005,00;163,95;1841,05;
ALDENICE DA SILVA SAHDO;SUBGERENCIA DE VEICULOS;TECNICO DE NIVEL MEDIO;; C.L.T.;2682,00;;2682,00;279,64;2402,36;
ALDENIZIA LIMA FREIRE;DIRETOR PRESIDENTE;TECNICO DE NIVEL MEDIO;; C.L.T.;3918,47;;3918,47;572,85;3345,62;
ALDREA NORONHA RAMOS;DEPTO.ADMINISTRAT.-FINANCEIRO;TECNICO DE NIVEL MEDIO;; C.L.T.;3440,25;;3440,25;444,21;2996,04;
ALDSON XAVIER COSTA;SUB-GER.I DE EMPLACAMENTO;TECNICO DE NIVEL MEDIO;; C.L.T.;5122,00;;5122,00;956,79;4165,21;
ALESSANDRA AVINTE DE SOUZA FREIRE;SUB-GER.I DE INF.DE TRANSITO;TECNICO DE NIVEL SUPERIOR;; C.L.T.;4938,25;;4938,25;852,86;4085,39;
ALESSANDRA BARROSO ALMEIDA;SECAO ADMINISTRATIVA;GERENTE;NAO INFORMADO; CARGO COMISSION.S/VINCULO;8925,93;;8925,93;2130,45;6795,48;
ALEXANDRE DE OLIVEIRA ROCHA;CETRAN-CONS.EST.DE TRANSITO;MEMBRO DO CETRAN;; CONSELHO;3110,00;;3110,00;111,70;2998,30;
ALIRIA MARIA TELES COELHO;GERENCIA DE VEICULOS;TECNICO DE NIVEL MEDIO;; C.L.T.;4863,50;;4863,50;870,58;3992,92;
ALTAIR DEIVID GADELHA DA SILVA;GERENCIA DE VEICULOS;INVEST.DE POL. 3A.CL. PC-INV-III;GERENTE; ESTATUTARIO;7130,13;;7130,13;987,15;6142,98;
AMANDA DA SILVA TEIXEIRA;GABINETE;ESCRIVAO DE POL.3A.CL. PC-ESC-III;CHEFE DE GABINETE; ESTATUTARIO;8900,00;;8900,00;1220,64;7679,36;
ANA AMELIA DE MENEZES BARBOSA;DIRETORIA TECNICA;GERENTE;NAO INFORMADO; CARGO COMISSION.S/VINCULO;9019,79;;9019,79;2103,10;6916,69;
ANA CECILIA DE SOUZA GAZEL;SUB-GER.I DE MAT.E PATRIMONIO;ASSISTENTE ADMINISTRATIVO;ASSIS ADMINISTRATIVO; ESTATUTARIO;6450,00;;6450,00;1046,49;5403,51;
ANA CELIA DOS SANTOS RAMOS;SUBGERENCIA DE VEICULOS;TECNICO DE NIVEL MEDIO;; C.L.T.;3020,00;;3020,00;342,51;2677,49;
ANA CRISTINA MARQUES BENTES;GABINETE;TECNICO DE NIVEL MEDIO;; C.L.T.;8846,00;;8846,00;2108,47;6737,53;
ANA MARIA COSTA DA SILVA;JARI-JUNTA ADM.DE REC.DE INFR.;AUXILIAR ADMINISTRATIVO;; C.L.T.;2777,00;;2777,00;297,31;2479,69;
ANA MARIA DA SILVA FERNANDES;DEPTO.ADMINISTRAT.-FINANCEIRO;TECNICO DE NIVEL MEDIO;; C.L.T.;4240,00;;4240,00;662,64;3577,36;
ANA PAULA BRASIL DE HOLANDA;SUBGERENCIA DE VEICULOS;TECNICO DE NIVEL MEDIO;; C.L.T.;7112,50;;7112,50;1631,76;5480,74;
ANA PAULA COSTA DE SOUSA;ASSESSORIA JURIDICA;TECNICO DE NIVEL MEDIO;; C.L.T.;6280,25;;6280,25;1387,33;4892,92;
ANA PAULA MAGALHAES DE MELLO SILVA;GER.CONTR.REG.TRANSITO- CRT;AUXILIAR ADMINISTRATIVO;; C.L.T.;7109,00;;7109,00;1578,66;5530,34;
ANA SOCORRO MATOS FEITOZA;GERENCIA DE VEICULOS;TECNICO DE NIVEL MEDIO;; C.L.T.;2280,00;;2280,00;204,87;2075,13;
ANDERSON LUIS DE AVILA;DIRETORIA TECNICA;REPRESENTANTE DETRAN/AM MUN.;NAO INFORMADO; CARGO COMISSION.S/VINCULO;1681,80;;1681,80;134,86;1546,94;
ANDRE LUIS NEGREIROS CHUVAS;CETRAN-CONS.EST.DE TRANSITO;MEMBRO DO CETRAN;; CONSELHO;3110,00;;3110,00;359,25;2750,75;
ANDREA GOMES DE SALES BRAGA;DIRETOR PRESIDENTE;TECNICO DE NIVEL MEDIO;; C.L.T.;3350,00;;3350,00;391,49;2958,51;
ANDREIA DIVINA SA DE OLIVEIRA;GERENCIA DE VEICULOS;TECNICO DE NIVEL MEDIO;; C.L.T.;2506,67;;2506,67;218,19;2288,48;
ANDREZA VIEIRA FERREIRA;ASSESSORIA JURIDICA;ASSESSOR IV;ASSESSOR IV; CARGO COMISSION.S/VINCULO;6179,61;;6179,61;1349,44;4830,17;
ANGELA ROSA SILVA DO NASCIMENTO;GERENCIA DE HABILITACAO;TECNICO DE NIVEL MEDIO;; C.L.T.;3737,00;;3737,00;495,59;3241,41;
ANTONIA MARIA LIMA MOREIRA BARBOSA;GERENCIA DE VEICULOS;AUXILIAR ADMINISTRATIVO;; C.L.T.;3031,50;;3031,50;330,43;2701,07;
ANTONIO ALFREDO REGO DA MATTA FILHO;DIRETOR PRESIDENTE;TECNICO DE NIVEL MEDIO;; C.L.T.;3580,00;;3580,00;481,80;3098,20;
ANTONIO MARCOS ASSEM SALAZAR;ASSESSORIA TECNICA;ASSESSOR IV;ASSESSOR IV; CARGO COMISSION.S/VINCULO;5379,61;;5379,61;1048,24;4331,37;
ARACY COSTA SALES;GER.CONTR.REG.TRANSITO- CRT;AUXILIAR DE MANUTENCAO;; C.L.T.;2809,33;;2809,33;303,32;2506,01;
ARILSON DE ALMEIDA LIMA;SUB-GER.I DE EMPLACAMENTO;TECNICO DE NIVEL MEDIO;; C.L.T.;6594,16;;6594,16;1008,98;5585,18;
ARLETE DANTAS PINTO;JARI-JUNTA ADM.DE REC.DE INFR.;TECNICO DE NIVEL MEDIO;; C.L.T.;4728,25;;4728,25;825,48;3902,77;
ARMANDO LIMA DO CANTO;SUBGERENCIA DE VEICULOS;TECNICO DE NIVEL MEDIO;; C.L.T.;5672,00;;5672,00;1054,90;4617,10;
ARODILSON FERREIRA DA SILVA;GER.CONTR.REG.TRANSITO- CRT;TECNICO DE NIVEL MEDIO;; C.L.T.;3656,50;;3656,50;502,38;3154,12;
ARTHUR FRANCISCO DOS SANTOS V CRUZ;GABINETE;ESCRIVAO DE POL.3A.CL. PC-ESC-III;SUBGERENTE; ESTATUTARIO;6530,13;;6530,13;822,15;5707,98;
AUGUSTO CEZAR NUNES BASTOS;CETRAN-CONS.EST.DE TRANSITO;MEMBRO DO CETRAN;; CONSELHO;3110,00;;3110,00;111,70;2998,30;
AUREO SERGIO CORREA PINHEIRO;GER.CONTR.REG.TRANSITO- CRT;ASSESSOR I;ASSESSOR I AD-1; CARGO COMISSION.S/VINCULO;5229,77;;5229,77;992,73;4237,04;
BRUNA BATISTA RIBEIRO;GABINETE;GERENTE;NAO INFORMADO; CARGO COMISSION.S/VINCULO;4209,79;;4209,79;652,57;3557,22;
CARLOS RODRIGUES DE ANDRADE;SUBGERENCIA DE APOIO LOGISTICO;AUXILIAR DE MANUTENCAO;; C.L.T.;2445,00;;2445,00;235,56;2209,44;
CARLOS ROUCELLI ALVES SIQUEIRA;SUBGERENCIA DE VEICULOS;TECNICO DE NIVEL SUPERIOR;TEC. NIVEL SUPERIOR; C.L.T.;3400,00;;3400,00;404,94;2995,06;
CATIA FRANCISCA GUEDES SARAIVA;GERENCIA DE VEICULOS;TECNICO DE NIVEL MEDIO;; C.L.T.;2982,00;;2982,00;335,44;2646,56;
CECELIENE RAIMUNDA PEDROSA;DEPTO.ADMINISTRAT.-FINANCEIRO;CONSULTOR TECNICO II;NAO INFORMADO; CARGO COMISSION.S/VINCULO;7800,00;;7800,00;1463,32;6336,68;
CELSO DANIEL ALBUQUERQUE DA SILVA;DEPTO.ADMINISTRAT.-FINANCEIRO;TECNICO DE NIVEL MEDIO;; C.L.T.;4740,00;;4740,00;786,74;3953,26;
CHRISTIAN CASTRO DOS SANTOS;SECAO DE EXP.DOC.DE HABILIT.;CHEFE DE DEPARTAMENTO;NAO INFORMADO; CARGO COMISSION.S/VINCULO;6229,77;;6229,77;1368,32;4861,45;
CIBELE VARGAS FERNANDES;GABINETE;ASSESSOR III;NAO INFORMADO; CARGO COMISSION.S/VINCULO;3191,80;;3191,80;379,31;2812,49;
CINTIA OLIVEIRA REIS;DIRETOR PRESIDENTE;AUXILIAR ADMINISTRATIVO;; C.L.T.;3355,00;;3355,00;392,84;2962,16;
CLARICE LEMOS MARTINS;GERENCIA DE HABILITACAO;TECNICO DE NIVEL MEDIO;; C.L.T.;1982,00;;1982,00;161,88;1820,12;
CLAUDIA DE OLIVEIRA TELES;GERENCIA DE VEICULOS;ASSISTENTE ADMINISTRATIVO;ASSIST.ADMINIST; ESTATUTARIO;2800,00;;2800,00;248,50;2551,50;
CLAUDINETTE LINS REBOUCAS;SUB-GER.I DE MAT.E PATRIMONIO;TECNICO DE NIVEL SUPERIOR;; C.L.T.;2438,00;;2438,00;234,25;2203,75;
CLAUDIO JOSE PEREIRA MACHADO;SUB-GER.I DE MAT.E PATRIMONIO;TECNICO DE NIVEL MEDIO;; C.L.T.;5194,40;;5194,40;980,94;4213,46;
CLEIDEMAR COSTA;SUBGERENCIA DE VEICULOS;TECNICO DE NIVEL MEDIO;; C.L.T.;3182,00;;3182,00;358,42;2823,58;
CLEUCIMAR DA COSTA MONTANHA;SUBGERENCIA DE DOCUMENTACAO;AUXILIAR DE MANUTENCAO;; C.L.T.;3475,25;;3475,25;453,63;3021,62;
COSMA DA SILVA GAMA;DEPTO.ADMINISTRAT.-FINANCEIRO;AUXILIAR DE MANUTENCAO;; C.L.T.;1658,00;;1658,00;132,72;1525,28;
CRISTINA FERREIRA LIMA;DIRETORIA TECNICA;TECNICO DE NIVEL MEDIO;; C.L.T.;7942,00;;7942,00;1502,37;6439,63;
DALVA FERREIRA MOTA;GER.CONTR.REG.TRANSITO- CRT;TECNICO DE NIVEL MEDIO;; C.L.T.;5312,50;;5312,50;1022,97;4289,53;
DALVA INEZ DE OLIVEIRA LOPES;DIRETOR PRESIDENTE;TECNICO DE NIVEL SUPERIOR;; C.L.T.;4924,90;;4924,90;891,06;4033,84;
DANIEL MARQUES DE SOUZA;SUBGERENCIA DE VEICULOS;REPRESENTANTE DO MUNICIPIO;; CARGO COMISSION.S/VINCULO;1681,80;;1681,80;134,86;1546,94;
DAVID FERNANDES DOS SANTOS;GABINETE;ASSESSOR I;NAO INFORMADO; CARGO COMISSION.S/VINCULO;12250,77;;12250,77;2687,28;9563,49;
DELMO JOSE DE MEDEIROS ANSELMO;SUB-GER.I DE EMPLACAMENTO;ASSISTENTE ADMINISTRATIVO;; C.L.T.;2380,00;;2380,00;223,47;2156,53;
DELNANDINA MARIA MACEDO MONTEIRO;GER.EDUCACAO PARA O TRANSITO;TECNICO DE NIVEL SUPERIOR;; C.L.T.;3740,00;;3740,00;524,84;3215,16;
DENILSON CRAVO CARDOSO;GERENCIA DE VEICULOS;REPRESENTANTE DETRAN/AM MUN.;NAO INFORMADO; CARGO COMISSION.S/VINCULO;1681,80;;1681,80;134,86;1546,94;
DEUSA CIRRAME LIMA SAMPAIO;SUBGERENCIA DE VEICULOS;TECNICO DE NIVEL SUPERIOR;; C.L.T.;4638,00;;4638,00;752,72;3885,28;
DORALICE NERIS DE SOUZA;GERENCIA DE VEICULOS;AUXILIAR DE MANUTENCAO;; C.L.T.;1505,00;;1505,00;118,95;1386,05;
DORIVAL MARINHO CORREA;SUBGERENCIA DE APOIO LOGISTICO;AUXILIAR DE MANUTENCAO;; C.L.T.;1581,50;;1581,50;125,83;1455,67;
EDILIO PAIVA DE SOUZA;SUBGERENCIA DE DOCUMENTACAO;AUXILIAR ADMINISTRATIVO;; C.L.T.;1655,00;;1655,00;132,45;1522,55;
EDMO NEVES DE LIMA;SUB-GER.I DE EMPLACAMENTO;AUXILIAR ADMINISTRATIVO;; C.L.T.;3438,00;;3438,00;443,60;2994,40;
EDNILSON JUNIOR CESAR;DIRETOR PRESIDENTE;TECNICO DE NIVEL SUPERIOR;; C.L.T.;6587,98;;6587,98;1487,51;5100,47;
EDSLANGELA RODRIGUES DOS SANTOS;DIR.ADMINISTRATIVA-FINANCEIRA;DIRETOR ADMINISTRATIVO E FINANCEIRO;NAO INFORMADO; CARGO COMISSION.S/VINCULO;13316,14;;13316,14;3337,76;9978,38;
ELANE CRISTINA DE OLIVEIRA KARAM;CETRAN-CONS.EST.DE TRANSITO;MEMBRO DO CETRAN;; CONSELHO;3110,00;;3110,00;111,70;2998,30;
ELDER RIÇA CRUZ;GERENCIA DE VEICULOS;REPRESENTANTE DETRAN/AM MUN.;NAO INFORMADO; CARGO COMISSION.S/VINCULO;1681,80;;1681,80;134,86;1546,94;
ELEN APARECIDA DA COSTA S RODRIGUES;DEPTO.ADMINISTRAT.-FINANCEIRO;ASSESSOR II;NAO INFORMADO; CARGO COMISSION.S/VINCULO;4209,79;;4209,79;652,57;3557,22;
ELEONORA SILVA MARIANO;SUBGERENCIA DE VEICULOS;TECNICO DE NIVEL MEDIO;; C.L.T.;2682,00;;2682,00;279,64;2402,36;
ELIANI DE FREITAS PEREIRA;GERENCIA DE VEICULOS;TECNICO DE NIVEL MEDIO;; C.L.T.;7112,50;;7112,50;1211,22;5901,28;
ELLEN CRISTINA DE OLIVEIRA XAVIER;SUBGERENCIA DE VEICULOS;AUXILIAR ADMINISTRATIVO;; C.L.T.;2431,50;;2431,50;209,17;2222,33;
ERIVAN CORREA DA SILVA;SUB-GER.I DE EMPLACAMENTO;AUXILIAR ADMINISTRATIVO;; C.L.T.;2955,00;;2955,00;330,42;2624,58;
EUDES MENEZES ALBUQUERQUE;CETRAN-CONS.EST.DE TRANSITO;MEMBRO DO CETRAN;; CONSELHO;3110,00;;3110,00;111,70;2998,30;
EUDORIA PEREIRA LOPES;SUB-GER.I DE MAT.E PATRIMONIO;AUXILIAR DE MANUTENCAO;; C.L.T.;3579,33;;3579,33;481,62;3097,71;
FARIDES MOTA DIAS;GERENCIA DE VEICULOS;TECNICO DE NIVEL MEDIO;; C.L.T.;3077,00;;3077,00;353,11;2723,89;
FATIMA ALMERINDA RODRIGUES LOPRESTI;DIR.ADMINISTRATIVA-FINANCEIRA;ASSISTENTE TECNICO 3A CLASSE;; C.L.T.;3082,00;;3082,00;354,04;2727,96;
FATIMA DAMIANA DOS SANTOS;GERENCIA DE ORC.E PLANEJAMENTO;TECNICO DE NIVEL MEDIO;; C.L.T.;2998,00;;2998,00;338,41;2659,59;
FATIMA MESQUITA PICANCO DOS SANTOS;GERENCIA DE VEICULOS;AUXILIAR DE MANUTENCAO;AUX.DE MANUTEN¦AO; C.L.T.;1505,00;;1505,00;118,95;1386,05;
FAUSTO ISAAC SAHDO;DIRETOR PRESIDENTE;TECNICO DE NIVEL MEDIO;; C.L.T.;4115,50;;4115,50;625,85;3489,65;
FERNANDO DE LIMA SANTANA;GER.CONTR.REG.TRANSITO- CRT;TECNICO DE NIVEL MEDIO;; C.L.T.;7138,00;;7138,00;1380,40;5757,60;
FRANCINETE PINHEIRO PEDROSA;SUBGERENCIA DE VEICULOS;AUXILIAR ADMINISTRATIVO;; C.L.T.;2457,00;;2457,00;237,79;2219,21;
FRANCISCA DIVA FELICIO DE CASTRO;SUBGERENCIA DE VEICULOS;AUXILIAR DE MANUTENCAO;AUX.ADMINISTRATIVO; C.L.T.;2770,00;;2770,00;296,01;2473,99;
FRANCISCA MARIA DA SILVA PONTES;SUBGERENCIA DE VEICULOS;AUXILIAR ADMINISTRATIVO;; C.L.T.;1808,00;;1808,00;146,22;1661,78;
FRANCISCA PINHEIRO VIEIRA;SUBGERENCIA DE VEICULOS;TECNICO DE NIVEL MEDIO;; C.L.T.;3957,50;;3957,50;583,35;3374,15;
FRANCISCA TEIDE SOUZA FREITAS SILVA;GERENCIA DE VEICULOS;TECNICO DE NIVEL MEDIO;; C.L.T.;2228,00;;2228,00;195,19;2032,81;
FRANCISCO DAS CHAGAS DA SILVA;DEPARTAMENTO OPERACIONAL;AUXILIAR DE MANUTENCAO;; C.L.T.;1945,00;;1945,00;158,55;1786,45;
FRANCISCO DE ARAUJO SILVA;DEPARTAMENTO OPERACIONAL;MOTORISTA 2A.CL. MOT-II;ASSESSOR IV; ESTATUTARIO;4204,00;;4204,00;351,91;3852,09;
FRANCISCO DE ASSIS MESQUITA SIMAS;DEPARTAMENTO OPERACIONAL;AUXILIAR DE MANUTENCAO;; C.L.T.;2108,67;;2108,67;173,28;1935,39;
FRANCISCO FERREIRA DA GLORIA;GERENCIA DE VEICULOS;TECNICO DE NIVEL MEDIO;; C.L.T.;2253,50;;2253,50;187,81;2065,69;
FRANCISCO GOMES DA SILVA;GER.CONTR.REG.TRANSITO- CRT;TECNICO DE NIVEL SUPERIOR;; C.L.T.;8208,35;;8208,35;1933,11;6275,24;
FRANCISCO PENHA DAS CHAGAS;GER.EDUCACAO PARA O TRANSITO;AUXILIAR DE MANUTENCAO;; C.L.T.;3422,00;;3422,00;439,30;2982,70;
FRANK CABRAL DE SOUZA;GERENCIA DE INTERIOR;REPRESENTANTE DETRAN/AM MUN.;NAO INFORMADO; CARGO COMISSION.S/VINCULO;1681,80;;1681,80;134,86;1546,94;
GENEZIA LOPES DE CASTRO;ASSESSORIA JURIDICA;AUXILIAR DE MANUTENCAO;; C.L.T.;1505,00;;1505,00;118,95;1386,05;
GENY VASCONCELLOS LOPES;GER.CONTR.REG.TRANSITO- CRT;TECNICO DE NIVEL SUPERIOR;; C.L.T.;2540,00;;2540,00;253,23;2286,77;
GEORGETE GADELHA VIEIRA;GERENCIA DE VEICULOS;TECNICO DE NIVEL MEDIO;; C.L.T.;2228,00;;2228,00;195,19;2032,81;
GEORGINA DA SILVA ARCOS;DIR.ADMINISTRATIVA-FINANCEIRA;TECNICO DE NIVEL MEDIO;; C.L.T.;5185,33;;5185,33;977,91;4207,42;
GILBERTO LIRA DA SILVA;GERENCIA DE HABILITACAO;TECNICO DE NIVEL MEDIO;; C.L.T.;6838,00;;6838,00;1556,27;5281,73;
GILRIMAR GLORIA MARTINS;SUB-GER.I DE INF.DE TRANSITO;TECNICO DE NIVEL MEDIO;; C.L.T.;6012,75;;6012,75;1286,61;4726,14;
GLAUCY ALENCAR DE SOUZA;GERENCIA DE VEICULOS;REPRESENTANTE DETRAN/AM MUN.;REP.DEMUNIC.AD-3; CARGO COMISSION.S/VINCULO;4791,80;;4791,80;846,68;3945,12;
GLEICE DOS SANTOS BARROS;SUBGERENCIA DE VEICULOS;TECNICO DE NIVEL SUPERIOR;; C.L.T.;8322,83;;8322,83;1607,10;6715,73;
GRACA MARTINS PINHEIRO;SUB-GER.I DE MAT.E PATRIMONIO;AUXILIAR DE MANUTENCAO;; C.L.T.;2207,00;;2207,00;182,23;2024,77;
GRACILDA SAMPAIO DE ARAUJO;ASSESSORIA JURIDICA;TECNICO DE NIVEL MEDIO;; C.L.T.;3824,50;;3824,50;547,57;3276,93;
GRACINETE LOIOLA LIMA;GERENCIA DE VEICULOS;REPRESENTANTE DETRAN/AM MUN.;REP.DO DETRAN MUNIC.; CARGO COMISSION.S/VINCULO;1681,80;;1681,80;134,86;1546,94;
GUILHERME UGO CALIRI NETO;SUBGERENCIA DE DOCUMENTACAO;FISCAL RODOVIARIO;; ESTATUTARIO;2850,03;;2850,03;217,00;2633,03;
HÉRBISON DA SILVA DAMASCENO;GERENCIA DE ORC.E PLANEJAMENTO;ASSESSOR IV;ASSESSOR IV; CARGO COMISSION.S/VINCULO;5852,61;;5852,61;766,90;5085,71;
HELAINE CRISTINA LABORDA DE CASTRO;GER.EDUCACAO PARA O TRANSITO;SUBGERENTE;NAO INFORMADO; CARGO COMISSION.S/VINCULO;7271,93;;7271,93;1675,60;5596,33;
HELENA CASSIA DA SILVA;DIRETOR PRESIDENTE;TECNICO DE NIVEL SUPERIOR;; C.L.T.;5948,00;;5948,00;1262,23;4685,77;
IKE KENNEDY VEIGA DA SILVA;ASSESSORIA JURIDICA;TECNICO DE NIVEL SUPERIOR;; C.L.T.;5336,00;;5336,00;1031,81;4304,19;
IRANETE REIS DE ALMEIDA;GERENCIA DE HABILITACAO;TECNICO DE NIVEL MEDIO;; C.L.T.;3282,25;;3282,25;402,11;2880,14;
ISAIAS DE PAIVA VIEIRA;SUBGERENCIA DE APOIO LOGISTICO;AUXILIAR DE MANUTENCAO;AUX.DE MANUTENCAO; C.L.T.;4926,00;;4926,00;848,77;4077,23;
ISRAEL DA SILVA MARTINS;DEPARTAMENTO OPERACIONAL;AUXILIAR ADMINISTRATIVO;; C.L.T.;3717,00;;3717,00;461,78;3255,22;
IVETH SOUZA DE MELO;SUBGERENCIA DE VEICULOS;TECNICO DE NIVEL MEDIO;; C.L.T.;2965,50;;2965,50;332,37;2633,13;
IVSON DE LIMA GOMES;DIRETOR PRESIDENTE;TECNICO DE NIVEL MEDIO;; C.L.T.;4580,00;;4580,00;733,38;3846,62;
JACILEIA ALFAIA DA CRUZ;GERENCIA DE VEICULOS;REPRESENTANTE DETRAN/AM MUN.;NAO INFORMADO; CARGO COMISSION.S/VINCULO;1681,80;;1681,80;134,86;1546,94;
JAIME RODRIGUES DUARTE;SUBGERENCIA DE APOIO LOGISTICO;AUXILIAR DE MANUTENCAO;AUX.DE MANUTEN¦AO; C.L.T.;2545,00;;2545,00;222,79;2322,21;
JAIR DE MATOS SAMPAIO;SUBGERENCIA DE VEICULOS;TECNICO DE NIVEL MEDIO;; C.L.T.;4122,00;;4122,00;519,90;3602,10;
JAIRO RODRIGUES DOS SANTOS;DEPTO.ADMINISTRAT.-FINANCEIRO;ESCRIVAO DE POL.3A.CL. PC-ESC-III;SUBGERENTE; ESTATUTARIO;5700,00;;5700,00;541,73;5158,27;
JANDER FERNANDES MENDES;SECAO ADMINISTRATIVA;AGENTE ADM.-AGA-T.S.N.A.-E;GERENTE; ESTATUTARIO;9385,12;;9385,12;1875,45;7509,67;
JANE DE OLIVEIRA PEREIRA;DEPTO.ADMINISTRAT.-FINANCEIRO;TECNICO DE NIVEL MEDIO;; C.L.T.;4080,25;;4080,25;587,93;3492,32;
JANE NEIRE SANTANA LIRA;GERENCIA DE VEICULOS;REPRESENTANTE DETRAN/AM MUN.;NAO INFORMADO; CARGO COMISSION.S/VINCULO;1681,80;;1681,80;134,86;1546,94;
JANETE ANALIA MATOS TEIXEIRA;SUB-GER.I DE MAT.E PATRIMONIO;TECNICO DE NIVEL MEDIO;; C.L.T.;3938,00;;3938,00;578,10;3359,90;
JANIE GOMES DOMINGUES;ASSESSORIA JURIDICA;TECNICO DE NIVEL SUPERIOR;; C.L.T.;5016,50;;5016,50;921,61;4094,89;
JANIO NERY DE SOUZA;DEPARTAMENTO OPERACIONAL;AUXILIAR DE MANUTENCAO;; C.L.T.;2621,50;;2621,50;268,38;2353,12;
JEFFERSON MEDEIROS DA SILVA;SUB-GER.I DE EMPLACAMENTO;AUXILIAR ADMINISTRATIVO;; C.L.T.;5255,00;;5255,00;958,49;4296,51;
JESSICA NAIANY TAVARES BARROS;CETRAN-CONS.EST.DE TRANSITO;MEMBRO DO CETRAN;; CONSELHO;3110,00;;3110,00;111,70;2998,30;
JEZREEL DA SILVA PATROCINIO;GERENCIA DE VEICULOS;REPRESENTANTE DETRAN/AM MUN.;NAO INFORMADO; CARGO COMISSION.S/VINCULO;1681,80;;1681,80;134,86;1546,94;
JOAO BOSCO BEZERRA DE ARAUJO;GERENCIA DE AVAL.MED.PSICOLOG.;TECNICO DE NIVEL SUPERIOR;; C.L.T.;3130,72;;3130,72;363,92;2766,80;
JOAO CARDOSO PEREIRA;SUBGERENCIA DE APOIO LOGISTICO;AUXILIAR DE MANUTENCAO;; C.L.T.;2094,60;;2094,60;172,01;1922,59;
JOAO CORDEIRO DE NAZARE;DEPARTAMENTO OPERACIONAL;AUXILIAR DE MANUTENCAO;; C.L.T.;2040,50;;2040,50;167,14;1873,36;
JOAS SAMPAIO DE SOUZA;DEPARTAMENTO OPERACIONAL;TECNICO DE NIVEL MEDIO;; C.L.T.;5705,39;;5705,39;1118,76;4586,63;
JONATHAS GERALDO DE SOUSA;CETRAN-CONS.EST.DE TRANSITO;MEMBRO DO CETRAN;; CONSELHO;3110,00;;3110,00;111,70;2998,30;
JOSE AMURINE FEITOSA TOMAZ FILHO;GERENCIA DE VEICULOS;DIRETOR TECNICO;NAO INFORMADO; CARGO COMISSION.S/VINCULO;13830,13;;13830,13;3479,10;10351,03;
JOSE ARIMATEIA PAIVA DE GOES;SUBGERENCIA DE VEICULOS;AUXILIAR ADMINISTRATIVO;; C.L.T.;2355,00;;2355,00;218,82;2136,18;
JOSE DA CONCEICAO MOREIRA;SUBGERENCIA DE APOIO LOGISTICO;AUXILIAR DE MANUTENCAO;; C.L.T.;2095,00;;2095,00;172,05;1922,95;
JOSE DEOCLECIO VIANA DE CASTRO;SUB-GER.I DE EMPLACAMENTO;AUXILIAR ADMINISTRATIVO;; C.L.T.;3055,00;;3055,00;334,80;2720,20;
JOSE IRINEU LABORDA DE VASCONCELOS;SUB-GER.I DE EMPLACAMENTO;TECNICO DE NIVEL MEDIO;; C.L.T.;3999,50;;3999,50;566,21;3433,29;
JOSE JANEY PEREIRA DA SILVA;GERENCIA DE VEICULOS;REPRESENTANTE DETRAN/AM MUN.;NAO INFORMADO; CARGO COMISSION.S/VINCULO;1681,80;;1681,80;134,86;1546,94;
JOSE JOAQUIM FREIRE;GERENCIA DE VEICULOS;AUXILIAR ADMINISTRATIVO;; C.L.T.;4997,00;;4997,00;915,10;4081,90;
JOSE LEITE PEREIRA FILHO;GERENCIA ENG. E ESTATISTICA;TECNICO DE NIVEL MEDIO;; C.L.T.;6370,00;;6370,00;1421,12;4948,88;
JOSE MAURICIO DOS SANTOS TOMAZ;CETRAN-CONS.EST.DE TRANSITO;ASSESSOR I;MEMBRO CETRAN; CONSELHO;3110,00;;3110,00;111,70;2998,30;
JOSE PERCEU VALENTE DE FREITAS;CETRAN-CONS.EST.DE TRANSITO;MEMBRO DO CETRAN;; CONSELHO;3110,00;;3110,00;111,70;2998,30;
JOSE RIBAMAR BATISTA SILVA;SUBGERENCIA DE VEICULOS;TECNICO DE NIVEL MEDIO;; C.L.T.;1880,00;;1880,00;152,70;1727,30;
JOSE ROBERTO GIOIA ALFAIA;ASSESSORIA JURIDICA;TECNICO DE NIVEL SUPERIOR;; C.L.T.;25143,15;;25143,15;5207,31;19935,84;
JULIA DA SILVA FEITOSA;JARI-JUNTA ADM.DE REC.DE INFR.;AUXILIAR ADMINISTRATIVO;; C.L.T.;3715,17;;3715,17;365,76;3349,41;
JUSSUELI DA SILVA;GERENCIA ENG. E ESTATISTICA;AUXILIAR ADMINISTRATIVO;; C.L.T.;2095,00;;2095,00;172,05;1922,95;
LEILA MARIA CAVALCANTE NOGUEIRA;SUBGERENCIA DE VEICULOS;TECNICO DE NIVEL MEDIO;; C.L.T.;2682,00;;2682,00;279,64;2402,36;
LEONOR CRUZ DE OLIVEIRA;ASSESSORIA JURIDICA;AUXILIAR DE MANUTENCAO;; C.L.T.;1505,00;;1505,00;118,95;1386,05;
LICINHO PEREIRA DA SILVA;SUBGERENCIA DE APOIO LOGISTICO;AUXILIAR DE MANUTENCAO;; C.L.T.;4221,50;;4221,50;531,93;3689,57;
LIGIA MARIA DUQUE JOHNSON DE ASSIS;CETRAN-CONS.EST.DE TRANSITO;MEMBRO DO CETRAN;; CONSELHO;3110,00;;3110,00;111,70;2998,30;
LIGIA PEREIRA DA SILVA;GERENCIA DE VEICULOS;TECNICO DE NIVEL MEDIO;; C.L.T.;2602,50;;2602,50;264,85;2337,65;
LILIANE DANTAS DE OLIVEIRA LIMA;JARI-JUNTA ADM.DE REC.DE INFR.;TECNICO DE NIVEL MEDIO;; C.L.T.;5024,00;;5024,00;924,11;4099,89;
LINDOMAR DUARTE DOS SANTOS;GERENCIA DE VEICULOS;TECNICO DE NIVEL MEDIO;; C.L.T.;1880,00;;1880,00;152,70;1727,30;
LUCIANE D'ORAN MELLO;GER.EDUCACAO PARA O TRANSITO;TECNICO DE NIVEL MEDIO;; C.L.T.;2956,50;;2956,50;330,69;2625,81;
LUCILENE MARTINS DE SOUZA;GERENCIA DE VEICULOS;TECNICO DE NIVEL MEDIO;; C.L.T.;2956,50;;2956,50;330,69;2625,81;
LUCIMAYRE ALVES CARVALHO;GERENCIA DE AVAL.MED.PSICOLOG.;TECNICO DE NIVEL MEDIO;; C.L.T.;5303,34;;5303,34;663,54;4639,80;
LUIZ AUGUSTO LINS AGUIAR;JARI-JUNTA ADM.DE REC.DE INFR.;MEMBRO DA JARI;; CONSELHO;3100,00;;3100,00;357,39;2742,61;
LUIZ CARLOS PINHEIRO DO NASCIMENTO;SUBGERENCIA DE APOIO LOGISTICO;AUXILIAR DE MANUTENCAO;; C.L.T.;7950,00;;7950,00;1809,93;6140,07;
LUIZ CARLOS SILVA LIMA;DIRETOR PRESIDENTE;AUXILIAR ADMINISTRATIVO;; C.L.T.;5555,00;;5555,00;1062,13;4492,87;
MANOEL DE JESUS MARINHO DE SOUZA;GERENCIA DE VEICULOS;REPRESENTANTE DETRAN/AM MUN.;; CARGO COMISSION.S/VINCULO;1681,80;;1681,80;134,86;1546,94;
MARCELO FREITAS FERREIRA DA SILVA;DIRETOR PRESIDENTE;AUXILIAR ADMINISTRATIVO;; C.L.T.;5555,00;;5555,00;1114,27;4440,73;
MARCIO JOSE SILVA AZEVEDO;GABINETE;GERENTE;NAO INFORMADO; CARGO COMISSION.S/VINCULO;7709,79;;7709,79;1436,10;6273,69;
MARCO ANTONIO CORREA NAZARETH;DIRETOR PRESIDENTE;TECNICO DE NIVEL MEDIO;; C.L.T.;2480,00;;2480,00;242,07;2237,93;
MARCO ANTONIO FIRMINO DE ARAUJO;SUBGERENCIA DE VEICULOS;AUXILIAR ADMINISTRATIVO;; C.L.T.;4555,00;;4555,00;767,70;3787,30;
MARCOS ANTONIO GOMES;SUB-GER.I DE EMPLACAMENTO;AUXILIAR ADMINISTRATIVO;; C.L.T.;4355,00;;4355,00;608,06;3746,94;
MARCOS ROGERIO FERREIRA MORENO;DIRETOR PRESIDENTE;AUXILIAR ADMINISTRATIVO;; C.L.T.;6760,26;;6760,26;1534,89;5225,37;
MARCUS ABRANCHES BRAULE PINTO;SUBGERENCIA DE VEICULOS;AUXILIAR ADMINISTRATIVO;; C.L.T.;7406,67;;7406,67;1660,52;5746,15;
MARGARETE BRITO DE SOUZA;GERENCIA DE VEICULOS;AUXILIAR ADMINISTRATIVO;; C.L.T.;2731,50;;2731,50;288,84;2442,66;
MARGARETH DE SOUSA COZENDEY;SUBGERENCIA DE VEICULOS;TECNICO DE NIVEL MEDIO;; C.L.T.;2656,50;;2656,50;260,68;2395,82;
MARIA ADELAIDE LOPES DE OLIVEIRA;DEPTO.ADMINISTRAT.-FINANCEIRO;AUXILIAR DE MANUTENCAO;; C.L.T.;1505,00;;1505,00;118,95;1386,05;
MARIA AMELIA SILVA DOS REIS;DIRETOR PRESIDENTE;AUXILIAR DE MANUTENCAO;; C.L.T.;3025,00;;3025,00;343,44;2681,56;
MARIA AUXILIADORA SOUZA CORREA;GER.CONTR.REG.TRANSITO- CRT;TECNICO DE NIVEL MEDIO;; C.L.T.;1982,00;;1982,00;161,88;1820,12;
MARIA CLEONICE DE SOUZA COSTA;SUBGERENCIA DE DOCUMENTACAO;TECNICO DE NIVEL MEDIO;; C.L.T.;3603,33;;3603,33;488,08;3115,25;
MARIA CONSOLATA BARRETO QUEIROZ;GERENCIA DE VEICULOS;TECNICO DE NIVEL SUPERIOR;; C.L.T.;2540,00;;2540,00;253,23;2286,77;
MARIA DA GLORIA CAVALCANTE MAIA;SUBGERENCIA DE DOCUMENTACAO;AUXILIAR DE MANUTENCAO;; C.L.T.;1607,00;;1607,00;128,13;1478,87;
MARIA DAS GRACAS ARRUDA LARANJEIRA;SUBGERENCIA DE VEICULOS;TECNICO DE NIVEL MEDIO;; C.L.T.;2776,37;;2776,37;297,19;2479,18;
MARIA DAS GRACAS FREIRE DE CARVALHO;ASSESSORIA JURIDICA;TECNICO DE NIVEL MEDIO;; C.L.T.;3316,77;;3316,77;410,99;2905,78;
MARIA DAS GRACAS LIRA PONTES;GERENCIA DE VEICULOS;AUXILIAR ADMINISTRATIVO;; C.L.T.;1655,00;;1655,00;132,45;1522,55;
MARIA DAS GRACAS VEIGA DA MOTA;GERENCIA DE VEICULOS;TECNICO DE NIVEL MEDIO;; C.L.T.;2382,00;;2382,00;203,23;2178,77;
MARIA DE FATIMA FIRMINO DE ARAUJO;SUBGERENCIA DE DOCUMENTACAO;AUXILIAR DE MANUTENCAO;; C.L.T.;2005,00;;2005,00;163,95;1841,05;
MARIA DE FATIMA FREITAS DO M REIS;GER.EDUCACAO PARA O TRANSITO;TECNICO DE NIVEL MEDIO;; C.L.T.;3228,00;;3228,00;388,44;2839,56;
MARIA DE FATIMA RODRIGUES OLIVEIRA;SUBGERENCIA DE APOIO LOGISTICO;AUXILIAR DE MANUTENCAO;; C.L.T.;1505,00;;1505,00;118,95;1386,05;
MARIA DE LOURDES FREIRE TOGA;GERENCIA DE AVAL.MED.PSICOLOG.;TECNICO DE NIVEL MEDIO;; C.L.T.;3314,50;;3314,50;410,38;2904,12;
MARIA DE NAZARE DOS ANJOS S NUNES;GER.CONTR.REG.TRANSITO- CRT;TECNICO DE NIVEL SUPERIOR;TECNICO; C.L.T.;3040,00;;3040,00;346,23;2693,77;
MARIA DE NAZARE FREIRE TOGA;SUBGERENCIA DE DOCUMENTACAO;TECNICO DE NIVEL MEDIO;; C.L.T.;2228,00;;2228,00;195,19;2032,81;
MARIA DELCI PEREIRA PINTO;GER.CONTR.REG.TRANSITO- CRT;TECNICO DE NIVEL MEDIO;; C.L.T.;4382,00;;4382,00;710,00;3672,00;
MARIA DIONEIDE MONTEFUSCO MELO;SUB-GER.I DE MAT.E PATRIMONIO;TECNICO DE NIVEL SUPERIOR;TECNICO; C.L.T.;5040,35;;5040,35;929,56;4110,79;
MARIA DO PERPETUO SOCORRO A SOUZA;ASSESSORIA JURIDICA;TECNICO DE NIVEL MEDIO;; C.L.T.;7438,00;;7438,00;1333,77;6104,23;
MARIA DO PERPETUO SOCORRO S SANTOS;SUBGERENCIA DE VEICULOS;TECNICO DE NIVEL MEDIO;; C.L.T.;2480,00;;2480,00;242,07;2237,93;
MARIA DO ROSARIO COSTA DOS SANTOS;SUBGERENCIA DE VEICULOS;TECNICO DE NIVEL MEDIO;; C.L.T.;2556,50;;2556,50;256,29;2300,21;
MARIA DO ROSARIO MANHUARI;DIRETOR PRESIDENTE;AUXILIAR DE MANUTENCAO;AUXILIAR MANUTENCAO; C.L.T.;3101,50;;3101,50;357,66;2743,84;
MARIA DO SOCORRO FIGUEIREDO BINDA;SUBGERENCIA DE VEICULOS;AUXILIAR DE SERV GERAIS 3A CLASSE;; C.L.T.;3205,00;;3205,00;382,64;2822,36;
MARIA GOMES MOURA;SUBGERENCIA DE VEICULOS;TECNICO DE NIVEL MEDIO;; C.L.T.;2980,00;;2980,00;335,07;2644,93;
MARIA GORETE FELIX DE ARAUJO;GERENCIA DE HABILITACAO;TECNICO DE NIVEL MEDIO;; C.L.T.;4436,00;;4436,00;728,01;3707,99;
MARIA GORETTE DANTAS PINTO;GERENCIA DE VEICULOS;TECNICO DE NIVEL MEDIO;; C.L.T.;3136,00;;3136,00;365,25;2770,75;
MARIA HELENA LEITE DE MENEZES;GERENCIA DE VEICULOS;AUXILIAR DE MANUTENCAO;; C.L.T.;2744,00;;2744,00;291,17;2452,83;
MARIA IVANEIDE MARQUES VITA;SUBGERENCIA DE VEICULOS;TECNICO DE NIVEL MEDIO;; C.L.T.;2507,50;;2507,50;247,18;2260,32;
MARIA IZABEL FERNANDES DE SOUZA;GERENCIA DE VEICULOS;TECNICO DE NIVEL SUPERIOR;; C.L.T.;3738,00;;3738,00;524,30;3213,70;
MARIA JOANA DO ROSARIO;GERENCIA DE HABILITACAO;AUXILIAR DE MANUTENCAO;; C.L.T.;1607,00;;1607,00;128,13;1478,87;
MARIA JOSE DE SENA R BEZERRA;GERENCIA DE HABILITACAO;TECNICO DE NIVEL SUPERIOR;; C.L.T.;2438,00;;2438,00;234,25;2203,75;
MARIA JOSE MENDES DE LIMA;GERENCIA DE VEICULOS;REPRESENTANTE DETRAN/AM MUN.;REP.DE MUNIC.AD-3; CARGO COMISSION.S/VINCULO;1681,80;;1681,80;134,86;1546,94;
MARIA LEONICE REIS BATISTA;GER.EDUCACAO PARA O TRANSITO;TECNICO DE NIVEL MEDIO;; C.L.T.;4106,67;;4106,67;623,48;3483,19;
MARIA LUCIA PEREIRA GARCIA;GERENCIA DE HABILITACAO;TECNICO DE NIVEL MEDIO;; C.L.T.;3382,25;;3382,25;428,61;2953,64;
MARIA LUIZA PERES DE ARAUJO;GERENCIA DE HABILITACAO;TECNICO DE NIVEL MEDIO;; C.L.T.;2033,00;;2033,00;166,47;1866,53;
MARIA MAGALHAES CESAR;GER.CONTR.REG.TRANSITO- CRT;TECNICO DE NIVEL MEDIO;; C.L.T.;2970,67;;2970,67;333,33;2637,34;
MARIA OLINDA NOGUEIRA DE QUEIROZ;DIRETOR PRESIDENTE;TECNICO DE NIVEL MEDIO;; C.L.T.;3666,02;;3666,02;476,51;3189,51;
MARIA ROZALINA DE SOUZA;GERENCIA DE VEICULOS;TECNICO DE NIVEL MEDIO;; C.L.T.;3082,00;;3082,00;354,04;2727,96;
MARIA SENA DE GOES;DIR.ADMINISTRATIVA-FINANCEIRA;TECNICO DE NIVEL SUPERIOR;; C.L.T.;4989,00;;4989,00;912,44;4076,56;
MARIA SOCORRO PINHEIRO TEIXEIRA;DIRETOR PRESIDENTE;AUXILIAR DE MANUTENCAO;; C.L.T.;1505,00;;1505,00;118,95;1386,05;
MARIA SOCORRO VIANA DE SOUZA;GERENCIA DE HABILITACAO;AUXILIAR DE MANUTENCAO;; C.L.T.;2905,25;;2905,25;321,16;2584,09;
MARIA TELMA DE LEMOS SOARES;SUBGERENCIA DE VEICULOS;TECNICO DE NIVEL MEDIO;; C.L.T.;2953,50;;2953,50;330,14;2623,36;
MARILANE MOREIRA DE SOUZA;DEPTO.ADMINISTRAT.-FINANCEIRO;AUXILIAR DE MANUTENCAO;AUX.DE MANUTEN¦AOS; C.L.T.;2005,00;;2005,00;163,95;1841,05;
MARINALVA OLIVEIRA MARINHO;DIR.GER/ASSESSORIA DE IMPRENSA;SUBGERENTE;NAO INFORMADO; CARGO COMISSION.S/VINCULO;5350,20;;5350,20;1037,16;4313,04;
MARIO ANIBAL GOMES DA COSTA;GER.CONTR.REG.TRANSITO- CRT;AUXILIAR DE MANUTENCAO;; C.L.T.;2581,50;;2581,50;260,94;2320,56;
MARIO COELHO AMORIM FILHO;GERENCIA DE VEICULOS;TECNICO DE NIVEL MEDIO;; C.L.T.;6036,00;;6036,00;1295,36;4740,64;
MARIO JORGE CAVALCANTE;GERENCIA DE AVAL.MED.PSICOLOG.;GERENTE;; CARGO COMISSION.S/VINCULO;6209,79;;6209,79;1360,80;4848,99;
MARITA SANTOS DE OLIVEIRA CORREA;ASSESSORIA JURIDICA;TECNICO DE NIVEL SUPERIOR;; C.L.T.;8448,00;;8448,00;1946,88;6501,12;
MARLENE LEAO;GERENCIA DE VEICULOS;TECNICO DE NIVEL MEDIO;TECNICO AUXILIAR; C.L.T.;3153,50;;3153,50;369,66;2783,84;
MARLY CORREA AMAZONAS;GER.CONTR.REG.TRANSITO- CRT;TECNICO DE NIVEL MEDIO;; C.L.T.;3691,00;;3691,00;511,66;3179,34;
MARTA REGINA DOS SANTOS MARQUES;SUBGERENCIA DE DOCUMENTACAO;AUXILIAR DE MANUTENCAO;; C.L.T.;1607,00;;1607,00;128,13;1478,87;
MARY LEAO DE OLIVEIRA;GER.CONTR.REG.TRANSITO- CRT;AUXILIAR ADMINISTRATIVO;; C.L.T.;2220,27;;2220,27;183,82;2036,45;
MAUREEN LIMA BRASIL CARNEIRO;GER.CONTR.REG.TRANSITO- CRT;TECNICO DE NIVEL MEDIO;; C.L.T.;5428,00;;5428,00;1016,18;4411,82;
MAYARA KIMURA TAKETOMI OLIMPIO;CETRAN-CONS.EST.DE TRANSITO;MEMBRO DO CETRAN;; CONSELHO;3110,00;;3110,00;111,70;2998,30;
MAYZA MORAES ANTONY;CETRAN-CONS.EST.DE TRANSITO;MEMBRO DO CETRAN;; CONSELHO;3110,00;;3110,00;111,70;2998,30;
MIRLAN FREITAS DA SILVA;GER.CONTR.REG.TRANSITO- CRT;TECNICO DE NIVEL MEDIO;; C.L.T.;5880,00;;5880,00;955,63;4924,37;
MITZA BRASIL ROBERTO;GER.EDUCACAO PARA O TRANSITO;TECNICO DE NIVEL SUPERIOR;; C.L.T.;6062,96;;6062,96;1305,52;4757,44;
MOIZES BRASIL DE SOUZA;MANAQUIRI;REPRESENTANTE DETRAN/AM MUN.;NAO INFORMADO; CARGO COMISSION.S/VINCULO;1681,80;;1681,80;134,86;1546,94;
MONICA DA COSTA GONDIM;ASSESSORIA JURIDICA;TECNICO DE NIVEL SUPERIOR;; C.L.T.;5636,25;;5636,25;1144,86;4491,39;
NILA MARIA LAGOS PERDIGAO;SUBGERENCIA DE APOIO LOGISTICO;TECNICO DE NIVEL SUPERIOR;; C.L.T.;3112,99;;3112,99;359,80;2753,19;
NILDES DUTRA NOGUEIRA;GER.CONTR.REG.TRANSITO- CRT;AUXILIAR DE MANUTENCAO;; C.L.T.;2333,50;;2333,50;214,82;2118,68;
ODETE DE OLIVEIRA NASCIMENTO;GERENCIA DE AVAL.MED.PSICOLOG.;TECNICO DE NIVEL MEDIO;; C.L.T.;2530,00;;2530,00;251,37;2278,63;
ODINEI FELICIO DE ARAUJO;GER.CONTR.REG.TRANSITO- CRT;AUXILIAR DE MANUTENCAO;; C.L.T.;2005,00;;2005,00;163,95;1841,05;
ODINILCE FELICIO DE ARAUJO;SUBGERENCIA DE VEICULOS;TECNICO DE NIVEL MEDIO;; C.L.T.;2580,00;;2580,00;260,67;2319,33;
OLINDA MARIA RIBEIRO DE ABREU;SUBGERENCIA DE VEICULOS;TECNICO DE NIVEL MEDIO;; C.L.T.;4640,00;;4640,00;753,39;3886,61;
OSVALDO ALLAN MEDEIROS CHAVES;SUB-GER.I DE EMPLACAMENTO;AUXILIAR ADMINISTRATIVO;; C.L.T.;3355,00;;3355,00;421,27;2933,73;
PATRICIA OLIVEIRA DE SOUZA ALMEIDA;OUVIDORIA;SUBGERENTE;NAO INFORMADO; CARGO COMISSION.S/VINCULO;5491,80;;5491,80;1090,48;4401,32;
PAULO DAVID TRIBUZZI DE OLIVEIRA;DIRETOR PRESIDENTE;TECNICO DE NIVEL MEDIO;; C.L.T.;8536,00;;8536,00;1665,72;6870,28;
PAULO LEVY DE OLIVEIRA;SUB-GER.I DE MAT.E PATRIMONIO;TECNICO DE NIVEL SUPERIOR;; C.L.T.;4040,25;;4040,25;605,61;3434,64;
PAULO SERGIO MARTINS;SUB-GER.I DE EMPLACAMENTO;AUXILIAR ADMINISTRATIVO;; C.L.T.;3095,00;;3095,00;313,80;2781,20;
PEDRO CLAUDIO RAMOS DA SILVA;SUBGERENCIA DE APOIO LOGISTICO;AUXILIAR ADMINISTRATIVO;; C.L.T.;6852,50;;6852,50;1508,12;5344,38;
PEDRO PRESTES E SILVA;GERENCIA DE INTERIOR;REPRESENTANTE DETRAN/AM MUN.;NAO INFORMADO; CARGO COMISSION.S/VINCULO;1681,80;;1681,80;134,86;1546,94;
PRISCILA ARAUJO DA SILVA;SUBGERENCIA DE DOCUMENTACAO;SUBGERENTE;; CARGO COMISSION.S/VINCULO;3891,80;;3891,80;565,68;3326,12;
RAIMUNDA NONATA DA SILVA OLIVEIRA;SUB-GER.I DE INF.DE TRANSITO;TECNICO DE NIVEL MEDIO;; C.L.T.;3432,00;;3432,00;441,99;2990,01;
RAIMUNDO JOSE AIRES DE ALMEIDA;DIRETOR PRESIDENTE;TECNICO DE NIVEL MEDIO;; C.L.T.;3580,00;;3580,00;481,80;3098,20;
RAIMUNDO LIMA DA COSTA MOURA;SUB-GER.I DE EMPLACAMENTO;AUXILIAR ADMINISTRATIVO;; C.L.T.;2655,00;;2655,00;274,62;2380,38;
REGINA CELIA MATOS NOGUEIRA;DIRETOR PRESIDENTE;TECNICO DE NIVEL MEDIO;; C.L.T.;4912,50;;4912,50;886,92;4025,58;
REGINALDO DANTAS DE SOUZA;SUB-GER.I DE EMPLACAMENTO;AUXILIAR ADMINISTRATIVO;; C.L.T.;2655,00;;2655,00;274,62;2380,38;
RENATO ALVES DOURADO;GERENCIA DE VEICULOS;TECNICO DE NIVEL MEDIO;; C.L.T.;1982,00;;1982,00;161,88;1820,12;
RICARDO BIANCHI RAMALHO DE CASTRO;GERENCIA ENG. E ESTATISTICA;GERENTE;; CARGO COMISSION.S/VINCULO;5209,79;;5209,79;986,07;4223,72;
RISOMAR TRINDADE DA SILVA;DEPARTAMENTO OPERACIONAL;ASSESSOR II;NAO INFORMADO; CARGO COMISSION.S/VINCULO;4209,79;;4209,79;664,70;3545,09;
RITA AMELIA VASCO FURTADO;DEPTO.ADMINISTRAT.-FINANCEIRO;TECNICO DE NIVEL SUPERIOR;; C.L.T.;6846,69;;6846,69;1558,66;5288,03;
RITA BENTO DE CARVALHO;SUBGERENCIA DE VEICULOS;TECNICO DE NIVEL MEDIO;TECNICO AUXILIAR; C.L.T.;4463,50;;4463,50;737,18;3726,32;
RITA DE CASSIA TRINDADE REBELO;GERENCIA DE HABILITACAO;TECNICO AUXILIAR;; C.L.T.;6062,34;;6062,34;1305,28;4757,06;
RITA MARIA DE ALMEIDA FERREIRA;GERENCIA DE VEICULOS;TECNICO DE NIVEL MEDIO;; C.L.T.;3056,50;;3056,50;349,29;2707,21;
RIVANDA DE OLIVEIRA GONCALVES;DEPTO.ADMINISTRAT.-FINANCEIRO;AUXILIAR DE MANUTENCAO;; C.L.T.;1607,00;;1607,00;128,13;1478,87;
RODRIGO DE SA BARBOSA;GABINETE;DELEGADO DE POLICIA 2A.CL.PC-DEL-II;DIRETOR PRESIDENTE; ESTATUTARIO;9900,00;1432,73;8467,27;1459,14;7008,13;
ROMULO DA SILVA FABRIS;GER.CONTR.REG.TRANSITO- CRT;TECNICO DE NIVEL MEDIO;; C.L.T.;3380,00;;3380,00;428,00;2952,00;
ROSA RODRIGUES PIRES;DEPTO.ADMINISTRAT.-FINANCEIRO;AUXILIAR DE MANUTENCAO;; C.L.T.;3382,25;;3382,25;428,61;2953,64;
ROSANA SIQUEIRA BASTOS COSTA;DIRETORIA TECNICA;ASSESSOR I;NAO INFORMADO; CARGO COMISSION.S/VINCULO;5229,77;;5229,77;992,73;4237,04;
ROSANE APARECIDA CORREA LUSTOSA;GERENCIA DE HABILITACAO;TECNICO DE NIVEL SUPERIOR;; C.L.T.;5238,00;;5238,00;995,48;4242,52;
ROSANGELA VIEIRA HITOTUZI;DIR.ADMINISTRATIVA-FINANCEIRA;TECNICO DE NIVEL MEDIO;; C.L.T.;3702,50;;3702,50;514,75;3187,75;
ROSEMBERG DA SILVA HAYDEN;GERENCIA DE ORC.E PLANEJAMENTO;TECNICO DE NIVEL MEDIO;; C.L.T.;6894,40;;6894,40;1571,78;5322,62;
ROSENEY KIMURA TAKETOMI OLIMPIO;DIRETOR PRESIDENTE;TECNICO DE NIVEL SUPERIOR;; C.L.T.;2177,00;;2177,00;179,43;1997,57;
RUBENIL ROSA DE ALMEIDA;CETRAN-CONS.EST.DE TRANSITO;MEMBRO DO CETRAN;; CONSELHO;3110,00;;3110,00;111,70;2998,30;
SANDRA TEREZA PINHEIRO FERREIRA;GERENCIA DE HABILITACAO;TECNICO DE NIVEL MEDIO;; C.L.T.;2780,25;;2780,25;297,91;2482,34;
SANDRYVALDO SANTOS DO NASCIMENTO;SUBGERENCIA DE VEICULOS;AUXILIAR ADMINISTRATIVO;; C.L.T.;2355,00;;2355,00;199,99;2155,01;
SEBASTIAO FERREIRA DA SILVA;SUBGERENCIA DE APOIO LOGISTICO;AUXILIAR DE MANUTENCAO;; C.L.T.;2396,60;;2396,60;226,55;2170,05;
SELMA DE OLIVEIRA PINHEIRO;GERENCIA DE HABILITACAO;TECNICO DE NIVEL MEDIO;; C.L.T.;3382,25;;3382,25;428,61;2953,64;
SELMA FERNANDA DE OLIVEIRA VALLE;SUBGERENCIA DE VEICULOS;TECNICO DE NIVEL MEDIO;; C.L.T.;2380,00;;2380,00;223,47;2156,53;
SELMA MACEDO LOPES;SUBGERENCIA DE DOCUMENTACAO;AUXILIAR ADMINISTRATIVO;; C.L.T.;4738,00;;4738,00;828,73;3909,27;
SERGIO AUGUSTO GRACA CAVALCANTE;ASSESSORIA JURIDICA;TECNICO DE NIVEL MEDIO;; C.L.T.;11148,00;;11148,00;2741,52;8406,48;
SEVERINO DA SILVA SANTOS;SUBGERENCIA DE VEICULOS;AUXILIAR ADMINISTRATIVO;; C.L.T.;5208,00;;5208,00;985,47;4222,53;
SHIRLENE MAIA FARIAS;DIRETORIA TECNICA;AUXILIAR ADMINISTRATIVO;; C.L.T.;11057,00;;11057,00;2358,99;8698,01;
SIDNEY RAIMUNDO SILVA CHALUB;CETRAN-CONS.EST.DE TRANSITO;MEMBRO DO CETRAN;; CONSELHO;3110,00;;3110,00;111,70;2998,30;
SILIS CALAZANS GOMES;SUBGERENCIA DE APOIO LOGISTICO;MOTORISTA 1A CLASSE;; ESTATUTARIO;3312,03;;3312,03;440,93;2871,10;
SILVIA JANE DA SILVA;GERENCIA DE VEICULOS;AUXILIAR ADMINISTRATIVO;; C.L.T.;4855,00;;4855,00;867,75;3987,25;
SILVIA MARGARETE VALERIO OLIVEIRA;DIR.ADMINISTRATIVA-FINANCEIRA;TECNICO DE NIVEL MEDIO;; C.L.T.;7218,50;;7218,50;1660,91;5557,59;
SIRLEIDE DOS SANTOS CASANOVA COELHO;SUBGERENCIA DE VEICULOS;TECNICO DE NIVEL MEDIO;; C.L.T.;7438,00;;7438,00;1281,63;6156,37;
SOLIANE CARDOSO DE CARVALHO;DIRETORIA TECNICA;TECNICO DE NIVEL MEDIO;; C.L.T.;2480,00;;2480,00;242,07;2237,93;
SONIA MARIA SILVA PEREIRA;SUBGERENCIA DE VEICULOS;TECNICO DE NIVEL MEDIO;; C.L.T.;2582,00;;2582,00;261,04;2320,96;
SONIA OLIMPIO DA CUNHA;GERENCIA DE VEICULOS;TECNICO DE NIVEL MEDIO;; C.L.T.;2702,50;;2702,50;283,45;2419,05;
SUELI DE CASTRO JOHNSON;GERENCIA DE ORC.E PLANEJAMENTO;TECNICO DE NIVEL MEDIO;; C.L.T.;2828,00;;2828,00;306,79;2521,21;
TANIA MARIA GUIMARAES DE LIMA;GABINETE;TECNICO DE NIVEL MEDIO;; C.L.T.;3050,00;;3050,00;348,09;2701,91;
TEREZINHA DE JESUS O C SABOIA;SUBGERENCIA DE VEICULOS;TECNICO DE NIVEL MEDIO;; C.L.T.;3202,50;;3202,50;382,01;2820,49;
THAIS BENTES JUCA;ASSESSORIA DE IMPRENSA;ASSESSOR I;NAO INFORMADO; CARGO COMISSION.S/VINCULO;8529,77;;8529,77;1664,01;6865,76;
THAIS ROCHA PINHEIRO LEMOS SOBRAL;DEPTO.ADMINISTRAT.-FINANCEIRO;CONSULTOR TECNICO III;NAO INFORMADO; CARGO COMISSION.S/VINCULO;5500,00;;5500,00;1093,56;4406,44;
THANNY MONIK DE GUSMAO SILVA;DIRETORIA GERAL;INVEST.DE POL. 3A.CL. PC-INV-III;ASSESSOR II; ESTATUTARIO;7900,00;;7900,00;893,50;7006,50;
THEREZINHA SOARES DE VASCONCELLOS;GERENCIA ENG. E ESTATISTICA;TECNICO DE NIVEL MEDIO;; C.L.T.;2007,50;;2007,50;164,17;1843,33;
TULIMAR MORAES DE LIMA;SUB-GER.I DE EMPLACAMENTO;TECNICO DE NIVEL MEDIO;; C.L.T.;2728,00;;2728,00;288,19;2439,81;
VALERIANA DO ROSARIO DA SILVA;GERENCIA DE HABILITACAO;AUXILIAR DE MANUTENCAO;; C.L.T.;1658,00;;1658,00;132,72;1525,28;
VICTOR HUGO CORREA MANSUR;GERENCIA DE VEICULOS;ASSESSOR I;NAO INFORMADO; CARGO COMISSION.S/VINCULO;10210,12;;10210,12;2126,10;8084,02;
VILSON EVANGELISTA DE ARAUJO;GERENCIA DE VEICULOS;TECNICO DE NIVEL MEDIO;; C.L.T.;5762,00;;5762,00;1192,20;4569,80;
WANDA DOS SANTOS FREIRE;SUBGERENCIA DE DOCUMENTACAO;TECNICO DE NIVEL MEDIO;; C.L.T.;2482,00;;2482,00;242,44;2239,56;
WASHINGTON LUIZ CORREIA FERREIRA;DEPTO.ADMINISTRAT.-FINANCEIRO;ASSESSOR IV;NAO INFORMADO; CARGO COMISSION.S/VINCULO;2179,61;;2179,61;179,66;1999,95;
WENDELL DANTAS MENEZES;GER.CONTR.REG.TRANSITO- CRT;TECNICO DE NIVEL MEDIO;; C.L.T.;8926,13;;8926,13;1720,87;7205,26;
WENDELL WAUGHAN MONTEIRO;SECAO ADMINISTRATIVA;ASSESSOR I;ASSESSOR I; CARGO COMISSION.S/VINCULO;9896,35;;9896,35;2397,31;7499,04;
WILLIAM DA SILVA SIMONETTI;CETRAN-CONS.EST.DE TRANSITO;MEMBRO DO CETRAN;; CONSELHO;3110,00;;3110,00;111,70;2998,30;
YANNE DAS NEVES FALCAO LIMA;SUBGERENCIA DE VEICULOS;TECNICO DE NIVEL MEDIO;; C.L.T.;8542,25;;8542,25;1615,30;6926,95;
ZI CUNHA MOREIRA;SUBGERENCIA DE VEICULOS;TECNICO DE NIVEL MEDIO;; C.L.T.;3282,25;;3282,25;402,11;2880,14;
ZULEIDE CARVALHO FEITOSA;SUBGERENCIA DE VEICULOS;TECNICO DE NIVEL MEDIO;; C.L.T.;2580,00;;2580,00;260,67;2319,33;
