NOME;LOTACAO;CARGO;FUNCAO;VINCULO;REMUNERACAO LEGAL TOTAL(R$);DESC.TETO(R$); REMUNERACAO LEGAL DEVIDA(R$);DESCONTOS LEGAIS(R$);LIQUIDO DISPONIVEL(R$);
AFRANIO CESAR DA SILVA E COSTA;GABINETE DO SECRETARIO;ASSESSOR III;NAO INFORMADO; CARGO COMISSION.S/VINCULO;1476,63;;1476,63;99,22;1377,41;
ALCIDES SAGGIORO NETO;DEPTO.DE ANALISE ECONOMICA;ASSESSOR I;NAO INFORMADO; CARGO COMISSION.S/VINCULO;4729,77;;4729,77;665,17;4064,60;
ALDIRA MARIA PONTES BARBOSA;DEPTO.DE ADM.E FINANCAS;GERENTE;NAO INFORMADO; CARGO COMISSION.S/VINCULO;4709,79;;4709,79;629,29;4080,50;
ALESSANDRA CARDOSO SIQUEIRA;SECRETARIA EXECUTIVA;ASSESSOR III;NAO INFORMADO; CARGO COMISSION.S/VINCULO;1599,68;;1599,68;108,79;1490,89;
ALEX BRUNO DANTAS ALEXANDRINO;GERENCIA DE INFORMATICA;ASSESSOR IV;NAO INFORMADO; CARGO COMISSION.S/VINCULO;3075,61;;3075,61;263,77;2811,84;
ALEX LUZ DE OLIVEIRA;REMANEJADOS SETRAB;A.TEC-II;; ESTATUTARIO;3585,32;;3585,32;219,86;3365,46;
ALEXANDRA SILVA DOS S FIGUEIREDO;GERENCIA DE PLAN.ORC.E GESTAO;ASSESSOR III;; CARGO COMISSION.S/VINCULO;3691,80;;3691,80;365,21;3326,59;
ALICE HELENA LOPES ALVES;REMANEJADOS SETRAB;A.TEC-I;; ESTATUTARIO;5482,06;;5482,06;611,82;4870,24;
ALLISON WALLEN PENALBER;SECRETARIA EXECUTIVA;ASSESSOR III;NAO INFORMADO; CARGO COMISSION.S/VINCULO;3691,80;;3691,80;383,88;3307,92;
ALMIR MOCAMBITE PINTO;REMANEJADOS SETRAB;A.TEC-II;; ESTATUTARIO;4185,32;;4185,32;328,12;3857,20;
ALYSSON ROBERTO ROCHA FERREIRA;REMANEJADOS SETRAB;CHEFE DE DEPARTAMENTO;NAO INFORMADO; CARGO COMISSION.S/VINCULO;5729,77;;5729,77;998,67;4731,10;
ANA PAULA DA ROCHA FERNANDES;REMANEJADOS SETRAB;A.TEC-I;AG. ADMIN. 3ª CLASSE; ESTATUTARIO;3104,40;;3104,40;214,01;2890,39;
ANA REGINA ARAUJO TEIXEIRA GOMES;REMANEJADOS SETRAB;AUX.S.G-II;; ESTATUTARIO;2755,75;;2755,75;151,07;2604,68;
ANA SILVA DE SOUZA;SECRETARIA EXECUTIVA;ASSESSOR IV;NAO INFORMADO; CARGO COMISSION.S/VINCULO;3675,61;;3675,61;379,53;3296,08;
ANA TEREZA JATAHY SANTOS;DEPTO.POL.IND.E COMERCIAIS;TNS-II;; ESTATUTARIO;5454,64;;5454,64;767,89;4686,75;
ANDERSON BARROSO GRIMM;DEPTO.POL.IND.E COMERCIAIS;CHEFE DE DEPARTAMENTO;CHEFE DE DPTO.; CARGO COMISSION.S/VINCULO;5729,77;;5729,77;998,67;4731,10;
ANDRE LUIS WILLERDING;GABINETE DO SECRETARIO;CHEFE DE DEPARTAMENTO;CHEFE DEPART. AD-1; CARGO COMISSION.S/VINCULO;5729,77;;5729,77;568,83;5160,94;
ANDREA CUNHA RODRIGUES;REMANEJADOS SETRAB;AGENTE ADMINISTRATIVO 3A CLASSE;; ESTATUTARIO;3122,05;;3122,05;129,32;2992,73;
ANDREA MENDONÇA CARVALHO DA SILVA;SECRETARIA EXECUTIVA;GERENTE;NAO INFORMADO; CARGO COMISSION.S/VINCULO;4709,79;;4709,79;658,51;4051,28;
ANGELA DA SILVA MELO;REMANEJADOS SETRAB;A.TEC-I;; ESTATUTARIO;4220,97;;4220,97;281,31;3939,66;
ANGELA MONTEIRO MARTINS;GERENCIA DE GESTAO DE PESSOAL;A.TEC-I;; ESTATUTARIO;3882,24;;3882,24;363,41;3518,83;
ANTONIO DE ANDRADE DIAS;GERENCIA DE APOIO LOGISTICO;ASSESSOR IV;NAO INFORMADO; CARGO COMISSION.S/VINCULO;3075,61;;3075,61;249,55;2826,06;
ANTÔNIA PAULA VIEIRA CAVALCANTE;SECRETARIA EXECUTIVA;GERENTE;NAO INFORMADO; CARGO COMISSION.S/VINCULO;4709,79;;4709,79;658,51;4051,28;
APPIO DA SILVA TOLENTINO;DEPTO.POL.IND.E COMERCIAIS;TECNICO DE INCENTIVO 1A.CL.-T.INC-I;; ESTATUTARIO;45854,51;9328,42;36526,09;11636,36;24889,73;
ARIZANEIDE ARAUJO LEITE;REMANEJADOS SETRAB;TNS-I;; ESTATUTARIO;3726,78;;3726,78;410,92;3315,86;
ARLETE NOGUEIRA VIANA;DEPARTAMENTO DE PLANEJAMENTO;ASSISTENTE ADMINISTRATIVO;CHEFE DE DEPARTAMENT; ESTATUTARIO;6312,05;;6312,05;721,90;5590,15;
ARNALDO SOUZA DOS REIS;SECRETARIA EXECUTIVA;ASSESSOR I;NAO INFORMADO; CARGO COMISSION.S/VINCULO;5729,77;;5729,77;828,04;4901,73;
ARNOLDO DE OLIVEIRA BARRETO;REMANEJADOS SETRAB;VIGIA-III;; ESTATUTARIO;2985,48;;2985,48;108,87;2876,61;
ARTHUR GOMES BENAYON;REMANEJADOS SETRAB;ASSISTENTE TECNICO 1A CLASSE;; ESTATUTARIO;4118,69;;4118,69;258,22;3860,47;
CARLA SANTOS TORRES CHAGAS;SECRETARIA EXECUTIVA;GERENTE;NAO INFORMADO; CARGO COMISSION.S/VINCULO;4709,79;;4709,79;658,51;4051,28;
CELENE MARIA LEMOS MENDES;REMANEJADOS SETRAB;ASSISTENTE TECNICO 3A CLASSE;; ESTATUTARIO;3509,69;;3509,69;146,34;3363,35;
CLAUDIA REGINA OLIVEIRA MONTEIRO;REMANEJADOS SETRAB;ASSISTENTE TECNICO 3A CLASSE;; ESTATUTARIO;4109,69;;4109,69;256,10;3853,59;
CLENEIDE NEVES HAYDEN;GERENCIA DE GESTAO DE PESSOAL;TNS-I;GERENTE; ESTATUTARIO;6844,51;;6844,51;1164,74;5679,77;
DANIELLE COSTA DA SILVA;REMANEJADOS SETRAB;ASSESSOR IV;NAO INFORMADO; CARGO COMISSION.S/VINCULO;3675,61;;3675,61;379,53;3296,08;
DARCY DE OLIVEIRA FALCAO;GERENCIA DE APOIO LOGISTICO;AUX.O-I;; ESTATUTARIO;2770,05;;2770,05;205,80;2564,25;
DENISE BEZERRA LIMA;DEPTO.DE ADMINIST.E FINANCAS;ASSISTENTE TECNICO I;GERENTE; ESTATUTARIO;1334,71;;1334,71;194,65;1140,06;
DEUSDEDIT DE BRITO RAMOS;ASSESSORIA;ASSESSOR I;NAO INFORMADO; CARGO COMISSION.S/VINCULO;5729,77;;5729,77;956,01;4773,76;
DEUZA MARIA DA ROCHA MARTINIANO;REMANEJADOS SETRAB;AGENTE ADMINISTRATIVO 3A CLASSE;; ESTATUTARIO;4109,69;;4109,69;256,10;3853,59;
DEYVISON COLARES BARRETO;SECRETARIA EXECUTIVA;ASSESSOR III;NAO INFORMADO; CARGO COMISSION.S/VINCULO;3691,80;;3691,80;383,88;3307,92;
DJAVAN PEREIRA DE MELO;SECRETARIA EXECUTIVA;GERENTE;NAO INFORMADO; CARGO COMISSION.S/VINCULO;4709,79;;4709,79;629,29;4080,50;
DULCE MARGARETE DA SILVA JATAHY;DEPTO.POL.IND.E COMERCIAIS;TECNICO DE INCENTIVO 1A.CL.-T.INC-I;; ESTATUTARIO;52535,04;12671,98;39863,06;12657,67;27205,39;
EDERSON CESAR SANTOS LIBORIO;GERENCIA DE PLAN.ORC.E GESTAO;ASSESSOR III;ASSESSOR III AD-3; CARGO COMISSION.S/VINCULO;3691,80;;3691,80;383,88;3307,92;
EDINILSON DE CASTRO VIANA;REMANEJADOS SETRAB;A.TEC-II;; ESTATUTARIO;3585,32;;3585,32;219,86;3365,46;
EDIVALDO EVANGELISTA DE ALMEIDA;GERENCIA DE APOIO LOGISTICO;ASSESSOR III;NAO INFORMADO; CARGO COMISSION.S/VINCULO;3691,80;;3691,80;383,88;3307,92;
EDMAR LOPES MAGALHAES;DEPTO.DE DESENV.REGIONAL;ASSESSOR I;; CARGO COMISSION.S/VINCULO;5729,77;;5729,77;998,67;4731,10;
EDNA SOUSA FERREIRA;REMANEJADOS SETRAB;AUX.S.G-I;; ESTATUTARIO;2918,66;;2918,66;174,40;2744,26;
EDUARDO HENRIQUE ARCHER PINTO;DEPTO.POL.IND.E COMERCIAIS;TECNICO DE INCENTIVO 1A.CL.-T.INC-I;; ESTATUTARIO;5128,46;;5128,46;591,79;4536,67;
EDUARDO JORGE DE ALMEIDA F SILVA;DEPTO.POL.IND.E COMERCIAIS;A.TEC-I;ASSIST.TEC.2ª CLASSE; ESTATUTARIO;23783,19;;23783,19;7056,47;16726,72;
EDVALDO GRANGEIRO PINHEIRO;REMANEJADOS SETRAB;A.TEC-II;; ESTATUTARIO;4599,14;;4599,14;400,95;4198,19;
EFRAHIM TAVARES DE MELLO;DEPTO.DE ADMINIST.E FINANCAS;A.TEC-I;; ESTATUTARIO;16905,83;;16905,83;4611,24;12294,59;
ELCY SEREJO CORREA;DEPTO.EST.PESQ.E INFORMACOES;TNS-I;; ESTATUTARIO;5118,75;;5118,75;669,02;4449,73;
ELENIZE FREITAS AVELINO;SECRETARIA EXECUTIVA;GERENTE;NAO INFORMADO; CARGO COMISSION.S/VINCULO;4709,79;;4709,79;658,51;4051,28;
ELIDA DE SOUZA XAVIER GAMA;GERENCIA DE PESSOAL;ASSESSOR IV;NAO INFORMADO; CARGO COMISSION.S/VINCULO;3075,61;;3075,61;230,70;2844,91;
ELIETE DA SILVEIRA VIEIRA;REMANEJADOS SETRAB;MONITOR 2A CLASSE;; ESTATUTARIO;3660,88;;3660,88;199,77;3461,11;
ELISSON DA SILVA LIMA;REMANEJADOS SETRAB;SUBGERENTE;NAO INFORMADO; CARGO COMISSION.S/VINCULO;3691,80;;3691,80;383,88;3307,92;
ENEDINA PEREIRA DE OLIVEIRA;REMANEJADOS SETRAB;AGENTE ADMINISTRATIVO 3A CLASSE;; ESTATUTARIO;3574,45;;3574,45;175,81;3398,64;
ERISMAR ALVES DE CARVALHO;SECRETARIA EXECUTIVA;SUBGERENTE;NAO INFORMADO; CARGO COMISSION.S/VINCULO;3691,80;;3691,80;383,88;3307,92;
ERNANDES SANTOS DA SILVA;REMANEJADOS SETRAB;A.TEC-I;; ESTATUTARIO;2959,43;;2959,43;183,60;2775,83;
EZELINA DA GLORIA LAVAREDA;DEPTO.DE ADMINIST.E FINANCAS;A.TEC-I;; ESTATUTARIO;16446,31;;16446,31;4725,96;11720,35;
FABIANA BATISTA DA COSTA;GERENCIA DE GESTAO DE PESSOAL;ASSESSOR IV;ASSESSORA IV AD4; CARGO COMISSION.S/VINCULO;3675,61;;3675,61;379,53;3296,08;
FABIO BATISTA DOS SANTOS;SECRETARIA EXECUTIVA;GERENTE;NAO INFORMADO; CARGO COMISSION.S/VINCULO;4709,79;;4709,79;658,51;4051,28;
FATIMA MARIA RAMOS ELIAS;DEPTO.POL.IND.E COMERCIAIS;TECNICO DE INCENTIVO 1A.CL.-T.INC-I;; ESTATUTARIO;23277,06;;23277,06;6939,22;16337,84;
FERNANDO BRUNO CESAR DE QUEIROZ;SEC.GER.CONS.DESEN.DO AM-CODAM;SECRETARIO DO CODAM AD-1;NAO INFORMADO; CARGO COMISSION.S/VINCULO;5730,17;;5730,17;741,79;4988,38;
FRANCISCA FLAVIA DA SILVA RODRIGUES;REMANEJADOS SETRAB;AGENTE ADMINISTRATIVO 2A CLASSE;; ESTATUTARIO;3113,69;;3113,69;130,86;2982,83;
FRANCISCO ALVES DE FREITAS;DEPTO.EST.PESQ.E INFORMACOES;TNS-I;; ESTATUTARIO;5593,84;;5593,84;762,23;4831,61;
FRANCISCO CHARLES BARROS MARTINS;GERENCIA DE APOIO LOGISTICO;ASSESSOR III;NAO INFORMADO; CARGO COMISSION.S/VINCULO;4755,73;;4755,73;673,83;4081,90;
FRANCISCO DAS CHAGAS COELHO LIMA;GERENCIA DE APOIO LOGISTICO;A.TEC-I;; ESTATUTARIO;20563,11;;20563,11;6170,53;14392,58;
GABRIELLA BRAGA DE MORAES C PIRES;SECRETARIA EXECUTIVA;ASSESSOR II;NAO INFORMADO; CARGO COMISSION.S/VINCULO;3709,79;;3709,79;388,72;3321,07;
GENY BERONY DA SILVA PINHEIRO;REMANEJADOS SETRAB;AUX.S.G-I;; ESTATUTARIO;3106,11;;3106,11;160,64;2945,47;
GILBERTO CAVALCANTI GOMES DA SILVA;REMANEJADOS SETRAB;MOTORISTA 3A CLASSE;; ESTATUTARIO;3210,69;;3210,69;147,51;3063,18;
GILSON NUNO DE PONTES E SOUZA;DEPTO.POL.IND.E COMERCIAIS;TECNICO DE INCENTIVO 2A.CL-T.INC-II;; ESTATUTARIO;44032,27;7006,18;37026,09;11532,47;25493,62;
GISELLE SAMARA DOS SANTOS GONZAGA;GABINETE DO SECRETARIO;ASSESSOR I;NAO INFORMADO; CARGO COMISSION.S/VINCULO;2482,80;;2482,80;206,22;2276,58;
GREICE AMELIA MULLER MUBARAC;REMANEJADOS SETRAB;A.TEC-I;GERENTE DE POSTO; ESTATUTARIO;2872,98;;2872,98;194,87;2678,11;
GUSTAVO DOS SANTOS OLIVEIRA;SECRETARIA EXECUTIVA;ASSESSOR I;NAO INFORMADO; CARGO COMISSION.S/VINCULO;5729,77;;5729,77;998,67;4731,10;
HAROLDO DE OLIVEIRA SANTOS;REMANEJADOS SETRAB;A.TEC-I;; ESTATUTARIO;3146,53;;3146,53;206,81;2939,72;
HAROLDO FURTADO DE PAIVA;REMANEJADOS SETRAB;TNS-I;TNS-I; ESTATUTARIO;9711,30;;9711,30;2193,94;7517,36;
HELDER CINTRA BASTOS;REMANEJADOS SETRAB;CHEFE DE DEPARTAMENTO;NAO INFORMADO; CARGO COMISSION.S/VINCULO;5729,77;;5729,77;998,67;4731,10;
HERCULES ANTONIO RIBEIRO FREIRE;GERENCIA DE APOIO LOGISTICO;A.OPE-II;; ESTATUTARIO;4176,62;;4176,62;226,35;3950,27;
HILDA SILVA MARTINS SOUZA;SECRETARIA EXECUTIVA;ASSESSOR III;NAO INFORMADO; CARGO COMISSION.S/VINCULO;3691,80;;3691,80;383,88;3307,92;
ICARO DE MENDONCA JUCA;DEPARTAMENTO DE PLANEJAMENTO;ASSESSOR IV;; CARGO COMISSION.S/VINCULO;3675,61;;3675,61;379,53;3296,08;
IONE DE MELO BERNARDO CUNHA;DEPTO.DE ADMINIST.E FINANCAS;A.TEC-II;; ESTATUTARIO;4185,32;;4185,32;271,25;3914,07;
IRACEMA DE LIMA COLLYER;GERENCIA DE GESTAO DE PESSOAL;A.TEC-I;; ESTATUTARIO;3808,85;;3808,85;360,65;3448,20;
IRLENE MARIA PESSOA;DEPTO.DE ADMINIST.E FINANCAS;A.TEC-I;; ESTATUTARIO;4411,50;;4411,50;380,52;4030,98;
IVANILSE ALMEIDA DE SOUZA;REMANEJADOS SETRAB;AGENTE ADMINISTRATIVO 3A CLASSE;; ESTATUTARIO;3113,69;;3113,69;85,83;3027,86;
IVO JORGE GARCEZ TEIXEIRA;SECRETARIA EXECUTIVA;CHEFE DE DEPARTAMENTO;NAO INFORMADO; CARGO COMISSION.S/VINCULO;5729,77;;5729,77;591,10;5138,67;
IZABEL CRISTINA PERRONE DO ROSARIO;REMANEJADOS SETRAB;A.TEC-I;; ESTATUTARIO;5529,31;;5529,31;529,11;5000,20;
IZABEL PAULA CUNHA DE SOUZA;DEPTO.DE ADM.E FINANCAS;ASSESSOR III;NAO INFORMADO; CARGO COMISSION.S/VINCULO;3691,80;;3691,80;365,21;3326,59;
JEIBI MEDEIROS DA COSTA;SECRETARIA EXECUTIVA;CHEFE DE DEPARTAMENTO;NAO INFORMADO; CARGO COMISSION.S/VINCULO;5729,77;;5729,77;998,67;4731,10;
JESSE NATANAEL DE JESUS ALMEIDA;SECRETARIA EXECUTIVA;ASSESSOR III;NAO INFORMADO; CARGO COMISSION.S/VINCULO;3691,80;;3691,80;365,21;3326,59;
JOÃO BATISTA DA COSTA PAULA;DEPTO.DE ADM.E FINANCAS;ASSESSOR III;NAO INFORMADO; CARGO COMISSION.S/VINCULO;3691,80;;3691,80;365,21;3326,59;
JOANA MARIA VIEIRA MARQUES;DEPTO.DE MICRO E PEQ.EMPRESA;A.TEC-I;; ESTATUTARIO;17154,01;;17154,01;4867,90;12286,11;
JOAO BRAS DE OLIVEIRA SANTIAGO;REMANEJADOS SETRAB;A.TEC-I;; ESTATUTARIO;2968,43;;2968,43;199,37;2769,06;
JOAO CARLOS DE SOUZA GRANJEIRO;REMANEJADOS SETRAB;A.TEC-II;; ESTATUTARIO;2887,32;;2887,32;160,83;2726,49;
JOAO RIBEIRO DE OLIVEIRA;REMANEJADOS SETRAB;AUX.S.G-I;; ESTATUTARIO;2946,98;;2946,98;179,64;2767,34;
JOHN VANE BESSA ROSA;DEPTO.POL.IND.E COMERCIAIS;GERENTE;; CARGO COMISSION.S/VINCULO;4709,79;;4709,79;658,51;4051,28;
JONAS PEREIRA CARVALHO DA S FILHO;GERENCIA DE APOIO LOGISTICO;A.TEC-I;; ESTATUTARIO;12886,63;;12886,63;3346,56;9540,07;
JOSE ALBERTO MARQUES DE MATOS;GERENCIA DE PLAN.ORC.E GESTAO;AUX.S.G-I;; ESTATUTARIO;4216,85;;4216,85;311,83;3905,02;
JOSE ANTONIO PADILHA;GERENCIA DE APOIO LOGISTICO;ASSISTENTE ADMINISTRATIVO;; ESTATUTARIO;4118,05;;4118,05;308,07;3809,98;
JOSE CARLOS DE SOUZA COUTO;REMANEJADOS SETRAB;MOTORISTA 3A CLASSE;; ESTATUTARIO;2705,70;;2705,70;97,15;2608,55;
JOSE MAURICIO DO ESPIRITO SANTO;REMANEJADOS SETRAB;AUXILIAR DE SERV GERAIS 3A CLASSE;; ESTATUTARIO;2709,29;;2709,29;73,10;2636,19;
JOSE SANDRO DA MOTA RIBEIRO;DEPTO.DE DESENV.REGIONAL;A.TEC-II;CHEFE DE DEPARTAMENT; ESTATUTARIO;6379,32;;6379,32;851,99;5527,33;
JOSENETE CAVALCANTE COSTA;DEPTO.EST.PESQ.E INFORMACOES;CHEFE DE DEPARTAMENTO;; CARGO COMISSION.S/VINCULO;5729,77;;5729,77;998,67;4731,10;
JUDITH FRANCISCA SANCHES OLIVEIRA;DEPTO.DE MICRO E PEQ.EMPRESA;TNS-I;ASSESSOR I; ESTATUTARIO;10086,91;;10086,91;2050,26;8036,65;
JULIA MAGALHAES DA ROCHA;DEPTO.POL.IND.E COMERCIAIS;A.TEC-I;; ESTATUTARIO;20416,97;;20416,97;5962,43;14454,54;
JULIO AFONSO DA SILVA FILHO;DEPTO.EST.PESQ.E INFORMACOES;A.TEC-I;GERENTE AD-2; ESTATUTARIO;5585,94;;5585,94;654,61;4931,33;
JULIO RAMON MARCHIORE TEIXEIRA;SECRETARIA EXECUTIVA;SECRETARIO EXECUTIVO;NAO INFORMADO; CARGO COMISSION.S/VINCULO;12200,00;;12200,00;1704,92;10495,08;
JURACY DA TRINDADE MAGNO;REMANEJADOS SETRAB;AGENTE ADMINISTRATIVO 1A CLASSE;MONITOR; ESTATUTARIO;4181,81;;4181,81;271,24;3910,57;
JÓRIO DE ALBUQUERQUE VEIGA FILHO;GABINETE DO SECRETARIO;SECRETARIO DE ESTADO;NAO INFORMADO; CARGO COMISSION.S/VINCULO;28560,00;;28560,00;7364,12;21195,88;
KAMILA SARKIS DE CASTRO;ASSESSORIA JURIDICA;ASSESSOR I;ASSESSOR I AD-1; CARGO COMISSION.S/VINCULO;5729,77;;5729,77;998,67;4731,10;
KARLA KAROLINE LIRA MARTINS;SECRETARIA EXECUTIVA;GERENTE;NAO INFORMADO; CARGO COMISSION.S/VINCULO;4709,79;;4709,79;658,51;4051,28;
KAROLINE ANDRADE BARROS;SECRETARIA EXECUTIVA;GERENTE;NAO INFORMADO; CARGO COMISSION.S/VINCULO;4709,79;;4709,79;658,51;4051,28;
KEMER UGARTE AMORIM;REMANEJADOS SETRAB;A.TEC-II;; ESTATUTARIO;4185,32;;4185,32;299,69;3885,63;
KETHELEN STHEPHANIE DO S NASCIMENTO;SECRETARIA EXECUTIVA;ASSESSOR III;NAO INFORMADO; CARGO COMISSION.S/VINCULO;3691,80;;3691,80;383,88;3307,92;
KLEIBIANNO TELES DE SOUZA;REMANEJADOS SETRAB;ASSESSOR I;NAO INFORMADO; CARGO COMISSION.S/VINCULO;5729,77;;5729,77;998,67;4731,10;
LAURO MENEZES DE ARAUJO;REMANEJADOS SETRAB;ASSISTENTE TECNICO 3A CLASSE;; ESTATUTARIO;3113,69;;3113,69;130,86;2982,83;
LEANDRO NASCIMENTO SARAIVA;SECRETARIA EXECUTIVA;ASSESSOR III;NAO INFORMADO; CARGO COMISSION.S/VINCULO;3691,80;;3691,80;383,88;3307,92;
LEDA MARIA MAIA XAVIER;GABINETE DO SECRETARIO;ASSESSOR IV;NAO INFORMADO; CARGO COMISSION.S/VINCULO;1592,67;;1592,67;108,16;1484,51;
LEONARDO RODRIGO DA SILVA;SECRETARIA EXECUTIVA;CHEFE DE DEPARTAMENTO;NAO INFORMADO; CARGO COMISSION.S/VINCULO;5729,77;;5729,77;956,01;4773,76;
LIGIA AUGUSTA RIBEIRO DOS S COSTA;REMANEJADOS SETRAB;TECNICO 3A CLASSE;; ESTATUTARIO;4630,48;;4630,48;394,17;4236,31;
LILIA MARINA FERREIRA DE ASSUNÇÃO;SECRETARIA EXECUTIVA;GERENTE;NAO INFORMADO; CARGO COMISSION.S/VINCULO;4709,79;;4709,79;658,51;4051,28;
LUCIANI AGUIAR PINTO;GABINETE DO SECRETARIO;GERENTE;GERENTE AD-2; CARGO COMISSION.S/VINCULO;4709,79;;4709,79;658,51;4051,28;
LUCKAS PIMENTA MORAES;GERENCIA DE MAT. E PATRIMONIO;ASSESSOR III;; CARGO COMISSION.S/VINCULO;3691,80;;3691,80;383,88;3307,92;
LUIZ ALMIR DE MENEZES FONSECA;COMITE TEC.PLANEJ.-COTEPLAN;SECRETARIO DO COMITE;NAO INFORMADO; CARGO COMISSION.S/VINCULO;5729,77;;5729,77;998,67;4731,10;
LUIZ BERNARDO FERREIRA PINTO;SECRETARIA EXECUTIVA;GERENTE;NAO INFORMADO; CARGO COMISSION.S/VINCULO;4709,79;;4709,79;658,51;4051,28;
LUIZA PINHEIRO RODRIGUES;DEPTO.DE ADM.E FINANCAS;ASSESSOR III;NAO INFORMADO; CARGO COMISSION.S/VINCULO;3691,80;;3691,80;383,88;3307,92;
LUPUNA CORREA DE SOUZA;SECRETARIA EXECUTIVA;ASSESSOR III;NAO INFORMADO; CARGO COMISSION.S/VINCULO;3691,80;;3691,80;365,21;3326,59;
LUZANHA BUDIENE DE ARAUJO ZANOLI;REMANEJADOS SETRAB;ASSISTENTE TECNICO 3A CLASSE;OFICIAL DE GABINETE; ESTATUTARIO;3509,69;;3509,69;166,10;3343,59;
MANOEL RIBEIRO DE OLIVEIRA;REMANEJADOS SETRAB;A.TEC-I;; ESTATUTARIO;3104,40;;3104,40;214,01;2890,39;
MARCELINO PEREIRA DE SOUZA;GERENCIA DE APOIO LOGISTICO;AUX.S.G-I;; ESTATUTARIO;11718,25;;11718,25;3120,76;8597,49;
MARCELO GOMES DE OLIVEIRA;DEPTO.DE ADMINIST.E FINANCAS;A.TEC-II;; ESTATUTARIO;4718,66;;4718,66;199,78;4518,88;
MARCO ANTONIO DE OLIVEIRA VILLELA;SECRETARIA EXECUTIVA;SECRETARIO EXECUTIVO;NAO INFORMADO; CARGO COMISSION.S/VINCULO;8133,20;;8133,20;1688,35;6444,85;
MARCOS ANTONIO SOUZA DOS SANTOS;REMANEJADOS SETRAB;A.TEC-II;; ESTATUTARIO;4185,32;;4185,32;271,25;3914,07;
MARCUS ANTONIO NOBRE DE ARAUJO;DEPTO.POL.IND.E COMERCIAIS;A.TEC-I;; ESTATUTARIO;23766,42;;23766,42;7050,91;16715,51;
MARGARETE SOCORRO LAVAREDA OLIVEIRA;REMANEJADOS SETRAB;MONITOR 2A CLASSE;; ESTATUTARIO;2617,71;;2617,71;87,75;2529,96;
MARIA ANGELA AGUIAR DE LIMA;GERENCIA DE GESTAO DE PESSOAL;A.TEC-I;AG. ADMIN. 2º CLASSE; ESTATUTARIO;16413,31;;16413,31;4676,25;11737,06;
MARIA ANTONIA ALEXANDRE MELO;DEPTO.POL.IND.E COMERCIAIS;A.TEC-I;ASSISTENTE TECNICO; ESTATUTARIO;4382,24;;4382,24;316,79;4065,45;
MARIA AUXILIADORA GOMES BEZERRA;DEPARTAMENTO DE PLANEJAMENTO;TNS-I;; ESTATUTARIO;5590,28;;5590,28;815,50;4774,78;
MARIA CAMILA FOWLER BARROS;DEPTO.POL.IND.E COMERCIAIS;A.TEC-I;; ESTATUTARIO;23704,55;;23704,55;6979,63;16724,92;
MARIA CELESTE DA COSTA FREITAS;DEPARTAMENTO DE PLANEJAMENTO;TNS-I;; ESTATUTARIO;5672,30;;5672,30;843,35;4828,95;
MARIA DAS GRACAS BRANDAO DOS REIS;DEPARTAMENTO DE PLANEJAMENTO;GERENTE;; CARGO COMISSION.S/VINCULO;4709,79;;4709,79;658,51;4051,28;
MARIA DAS GRACAS COSTA BRINGEL;DEPTO.POL.IND.E COMERCIAIS;TECNICO DE INCENTIVO 1A.CL.-T.INC-I;; ESTATUTARIO;18820,60;;18820,60;5391,85;13428,75;
MARIA DE FATIMA LOPES DE ASSIS;SECRETARIA EXECUTIVA;GERENTE;NAO INFORMADO; CARGO COMISSION.S/VINCULO;4709,79;;4709,79;658,51;4051,28;
MARIA DE LOURDES GALVAO LIMA;REMANEJADOS SETRAB;AUX.S.G-II;; ESTATUTARIO;3897,80;;3897,80;266,40;3631,40;
MARIA DE LOURDES RAMOS DA SILVA;REMANEJADOS SETRAB;A.TEC-I;; ESTATUTARIO;2931,98;;2931,98;191,22;2740,76;
MARIA DO PERPETUO SOCORRO C MIRANDA;REMANEJADOS SETRAB;AUX.S.G-II;; ESTATUTARIO;3057,75;;3057,75;173,72;2884,03;
MARIA DO PERPETUO SOCORRO R MACIEL;DEPARTAMENTO DE PLANEJAMENTO;TNS-II;TECNICO 3ª CLASSE; ESTATUTARIO;7007,04;;7007,04;1192,05;5814,99;
MARIA DO ROSARIO ALENCAR DE SOUZA;DEPTO.POL.IND.E COMERCIAIS;A.TEC-I;ASSESSOR I; ESTATUTARIO;6442,02;;6442,02;874,46;5567,56;
MARIA DO ROSARIO SA DE OLIVEIRA;DEPTO.POL.IND.E COMERCIAIS;TECNICO DE INCENTIVO 2A.CL-T.INC-II;; ESTATUTARIO;46558,80;6695,74;39863,06;12783,59;27079,47;
MARIA ELIZABETH DE AZEVEDO NORONHA;REMANEJADOS SETRAB;A.TEC-II;; ESTATUTARIO;2887,32;;2887,32;181,73;2705,59;
MARIA IVANI DE CASTRO RODRIGUES;COM.POL.FIN.INV.ESTRATEGICOS;ASSESSOR I;; CARGO COMISSION.S/VINCULO;7473,03;;7473,03;1565,21;5907,82;
MARIA ROSA DARRIGO;SECRETARIA EXECUTIVA;CHEFE DE DEPARTAMENTO;NAO INFORMADO; CARGO COMISSION.S/VINCULO;5729,77;;5729,77;998,67;4731,10;
MARILIA BARROS CHAYEN MARTINS;REMANEJADOS SETRAB;A.TEC-I;; ESTATUTARIO;4392,70;;4392,70;348,24;4044,46;
MARLON ANDREK DA SILVA ALVES;SECRETARIA EXECUTIVA;GERENTE;NAO INFORMADO; CARGO COMISSION.S/VINCULO;4709,79;;4709,79;658,51;4051,28;
MARLON JOSÉ LIMA DUTRA;SECRETARIA EXECUTIVA;GERENTE;NAO INFORMADO; CARGO COMISSION.S/VINCULO;4709,79;;4709,79;658,51;4051,28;
MARY ANNE GAMA PARENTE;GABINETE DO SECRETARIO;TEC. DE NIVEL SUPERIOR 1A CLASSE;CHEFE DE GABINETE; ESTATUTARIO;7346,45;;7346,45;1156,38;6190,07;
MILENA ARYCE MENTA BARKER;GABINETE DO SECRETARIO;GERENTE;GERENTE AD2; CARGO COMISSION.S/VINCULO;4709,79;;4709,79;658,51;4051,28;
MILENA MARIA COSTA DA SILVA;SECRETARIA EXECUTIVA;ASSESSOR III;NAO INFORMADO; CARGO COMISSION.S/VINCULO;3691,80;;3691,80;383,88;3307,92;
MURILO ALVES DA CUNHA JUNIOR;REMANEJADOS SETRAB;TNS-I;; ESTATUTARIO;4315,46;;4315,46;475,03;3840,43;
NADEGE OLIVEIRA DA SILVA SANTOS;REMANEJADOS SETRAB;A.TEC-I;; ESTATUTARIO;3666,43;;3666,43;260,63;3405,80;
NADJA SIMOES BARBOSA BRITO;GABINETE DO SECRETARIO;A.TEC-I;; ESTATUTARIO;21070,50;;21070,50;6118,94;14951,56;
NAIRO SILVA ALENCAR;SECRETARIA EXECUTIVA;ASSESSOR III;NAO INFORMADO; CARGO COMISSION.S/VINCULO;3691,80;;3691,80;365,21;3326,59;
NATALIA FERREIRA DE FREITAS;SECRETARIA EXECUTIVA;CHEFE DE DEPARTAMENTO;NAO INFORMADO; CARGO COMISSION.S/VINCULO;5729,77;;5729,77;998,67;4731,10;
NAYRA DOS SANTOS MOUMEH;SECRETARIA EXECUTIVA;ASSESSOR II;NAO INFORMADO; CARGO COMISSION.S/VINCULO;4709,79;;4709,79;658,51;4051,28;
NAZARE MIRANDA DA SILVA;REMANEJADOS SETRAB;ASSISTENTE TECNICO 3A CLASSE;; ESTATUTARIO;4109,69;;4109,69;199,22;3910,47;
NEILA DO ROSÁRIO MONTEIRO DA SILVA;ASSESSORIA JURIDICA;ASSESSOR I;NAO INFORMADO; CARGO COMISSION.S/VINCULO;5729,77;;5729,77;956,01;4773,76;
NEILA MARIA DANTAS AZRAK;SECRETARIA EXECUTIVA;SECRETARIO EXECUTIVO;NAO INFORMADO; CARGO COMISSION.S/VINCULO;12200,00;;12200,00;2865,12;9334,88;
NEILA MOREIRA DE OLIVEIRA;REMANEJADOS SETRAB;AGENTE ADMINISTRATIVO 3A CLASSE;; ESTATUTARIO;3500,69;;3500,69;163,97;3336,72;
NELSON DE SOUZA CALDAS JUNIOR;REMANEJADOS SETRAB;CHEFE DE DEPARTAMENTO;NAO INFORMADO; CARGO COMISSION.S/VINCULO;7473,03;;7473,03;1513,07;5959,96;
NILSON TAVARES PIMENTEL;DEPTO.POL.P/O SETOR TERCIARIO;TECNICO DE INCENTIVO 1A.CL.-T.INC-I;; ESTATUTARIO;53053,28;13190,22;39863,06;12656,71;27206,35;
NILZA RITA FARIAS DE SOUZA;GABINETE DO SECRETARIO;SECRETARIO DO COMITE;NAO INFORMADO; CARGO COMISSION.S/VINCULO;2482,93;;2482,93;206,22;2276,71;
NINA JULIETTE BEST;SECRETARIA EXECUTIVA;CHEFE DE DEPARTAMENTO;NAO INFORMADO; CARGO COMISSION.S/VINCULO;5729,77;;5729,77;998,67;4731,10;
OLGA SANTANA DE FREITAS;CAMARAS IND.AG.C.S.T.B.M.P.EMP;A.TEC-I;ASSI.TEC.NI/REFIII; ESTATUTARIO;4752,04;;4752,04;474,52;4277,52;
ORCINEIDE MARIA DA SILVA OLIVEIRA;REMANEJADOS SETRAB;A.TEC-I;; ESTATUTARIO;3657,43;;3657,43;258,50;3398,93;
ORLEY DE ANDRADE GERONIMO;SECRETARIA EXECUTIVA;GERENTE;NAO INFORMADO; CARGO COMISSION.S/VINCULO;4709,79;;4709,79;658,51;4051,28;
OTAVIANO ANTONIO CAVALCANTI K SILVA;DEPTO.POL.IND.E COMERCIAIS;TECNICO DE INCENTIVO 1A.CL.-T.INC-I;; ESTATUTARIO;38259,35;;38259,35;12255,58;26003,77;
PATRICIA NINA FREITAS;SECRETARIA EXECUTIVA;ASSESSOR II;NAO INFORMADO; CARGO COMISSION.S/VINCULO;4709,79;;4709,79;600,85;4108,94;
PATRICIA RODRIGUES DE LIMA;SECRETARIA EXECUTIVA;GERENTE;NAO INFORMADO; CARGO COMISSION.S/VINCULO;4709,79;;4709,79;658,51;4051,28;
PAULA FRANCINETTE DE LIMA MONARI;DEPTO.DE DESENV.REGIONAL;A.TEC-I;; ESTATUTARIO;3748,20;;3748,20;345,74;3402,46;
PAULO DA COSTA FRANÇA;GERENCIA DE APOIO LOGISTICO;ASSESSOR III;ASSESSOR III; CARGO COMISSION.S/VINCULO;4755,73;;4755,73;641,64;4114,09;
PAULO RICARDO RODRIGUES DE SOUZA;DEPTO.DE ADM.E FINANCAS;CHEFE DE DEPARTAMENTO;; CARGO COMISSION.S/VINCULO;7473,03;;7473,03;1565,21;5907,82;
POJUCAN JOSE BACELLAR DE SOUZA;ASSESSORIA DE COM.SOCIAL;TNS-I;; ESTATUTARIO;11670,34;;11670,34;2807,15;8863,19;
PRISCILA DA SILVA COSTA;GABINETE DO SECRETARIO;ASSESSOR III;; CARGO COMISSION.S/VINCULO;3691,80;;3691,80;383,88;3307,92;
PRISCYLLA DE PAULA DANTAS TOMAZ;GERENCIA DE GESTAO DE PESSOAL;ASSESSOR III;ASSESSOR III AD3; CARGO COMISSION.S/VINCULO;3691,80;;3691,80;383,88;3307,92;
RAIANE FONTES FERNANDES LOPES;SECRETARIA EXECUTIVA;ASSESSOR III;NAO INFORMADO; CARGO COMISSION.S/VINCULO;3691,80;;3691,80;383,88;3307,92;
RAIMUNDO EURIPEDES PAIVA;REMANEJADOS SETRAB;AUX.S.G-II;; ESTATUTARIO;2772,55;;2772,55;137,85;2634,70;
RAIMUNDO GILMAR VASCONCELOS BELEM;DEPTO.POL.IND.E COMERCIAIS;A.TEC-I;; ESTATUTARIO;25585,60;;25585,60;7233,61;18351,99;
RAIMUNDO NONATO SERUDO REBELO;REMANEJADOS SETRAB;A.TEC-I;; ESTATUTARIO;3261,43;;3261,43;172,64;3088,79;
RAIMUNDO NONATO SILVA DE OLIVEIRA;GERENCIA DE APOIO LOGISTICO;AUX.O-I;; ESTATUTARIO;3248,98;;3248,98;202,29;3046,69;
RAISSA CAVALCANTE DA SILVA;GABINETE DO SECRETARIO;SECRETARIO EXECUTIVO ADJUNTO;NAO INFORMADO; CARGO COMISSION.S/VINCULO;9500,00;;9500,00;2122,62;7377,38;
RAPHAEL DOS SANTOS PARA;GABINETE DO SECRETARIO;GERENTE;; CARGO COMISSION.S/VINCULO;4709,79;;4709,79;572,41;4137,38;
RENATO MENDES FREITAS;SECRETARIA EXECUTIVA;SECRETARIO EXECUTIVO;; DISP. OUTROS ESFERAS;13700,00;;13700,00;2708,50;10991,50;
RICHARDSON GUTEMBERG COUTINHO LEMOS;SECRETARIA EXECUTIVA;ASSESSOR III;NAO INFORMADO; CARGO COMISSION.S/VINCULO;3691,80;;3691,80;383,88;3307,92;
RITA CASSIA MATIAS DA SILVEIRA;REMANEJADOS SETRAB;AGENTE ADMINISTRATIVO 3A CLASSE;; ESTATUTARIO;4505,12;;4505,12;326,27;4178,85;
RITA DE CASSIA ALMEIDA LIMA;DEPTO.DE DESENV.REGIONAL;TNS-I;; ESTATUTARIO;5154,39;;5154,39;682,33;4472,06;
ROOSEVELT ARAUJO FERREIRA;GERENCIA DE APOIO LOGISTICO;FISCAL RODOVIARIO;; ESTATUTARIO;3518,05;;3518,05;189,46;3328,59;
ROSA TEREZINHA ARANHA CARDOSO;REMANEJADOS SETRAB;A.TEC-I;CHEFE DE SERVICO; ESTATUTARIO;3204,74;;3204,74;230,73;2974,01;
ROSANGELA DE SOUZA BENTO;REMANEJADOS SETRAB;A.TEC-II;; ESTATUTARIO;4185,32;;4185,32;328,12;3857,20;
ROSEMARY SILVA DE BRITO;REMANEJADOS SETRAB;AUX.S.G-II;; ESTATUTARIO;3453,75;;3453,75;203,42;3250,33;
SÉRGIO ARA JO CALDEIRA BRANT;CAMARAS IND.AG.C.S.T.B.M.P.EMP;SECRETARIO DAS CAMARAS;NAO INFORMADO; CARGO COMISSION.S/VINCULO;5729,77;;5729,77;998,67;4731,10;
SABRINA SENA DA FONSECA;GERENCIA DE MAT. E PATRIMONIO;GERENTE;; CARGO COMISSION.S/VINCULO;6113,05;;6113,05;1141,68;4971,37;
SAMEA MARIA ALMEIDA DE FREITAS;REMANEJADOS SETRAB;AUX.S.G-II;; ESTATUTARIO;2543,75;;2543,75;137,85;2405,90;
SAMUEL ARTUR MAIA MENDES;DEPARTAMENTO DE PLANEJAMENTO;GERENTE;; CARGO COMISSION.S/VINCULO;4709,79;;4709,79;658,51;4051,28;
SANDRA LEILA PINHEIRO DOS SANTOS;REMANEJADOS SETRAB;A.TEC-I;; ESTATUTARIO;3084,98;;3084,98;210,77;2874,21;
SANDRA MARIA ALEIXO DOS SANTOS;DEPTO.DES.ORG.E REC.HUMANOS;ASSISTENTE TECNICO 2A CLASSE;; ESTATUTARIO;4434,26;;4434,26;376,32;4057,94;
SANDRA MARIA PIRES JEHSUS;REMANEJADOS SETRAB;A.TEC-I;; ESTATUTARIO;2743,04;;2743,04;216,05;2526,99;
SIDELMA DA LUZ BARBOSA;REMANEJADOS SETRAB;MONITOR 3A CLASSE;; ESTATUTARIO;4118,69;;4118,69;258,22;3860,47;
SIDIA MARIA AMBROSIO DE OLIVEIRA;SECRETARIA EXECUTIVA;ASSESSOR III;NAO INFORMADO; CARGO COMISSION.S/VINCULO;3691,80;;3691,80;383,88;3307,92;
SIDNEY ARA JO DA SILVA;SECRETARIA EXECUTIVA;GERENTE;NAO INFORMADO; CARGO COMISSION.S/VINCULO;4709,79;;4709,79;658,51;4051,28;
SIGRID DA SILVA ABINADER;DEPTO.POL.IND.E COMERCIAIS;A.TEC-I;; ESTATUTARIO;25138,52;;25138,52;7582,68;17555,84;
SILENE RODRIGUES DE ALMEIDA;SEC.GER.CONS.DESEN.DO AM-CODAM;A.TEC-I;; ESTATUTARIO;13971,57;;13971,57;3743,50;10228,07;
SILVANO JANUARIO DA SILVA;REMANEJADOS SETRAB;A.TEC-II;; ESTATUTARIO;4185,32;;4185,32;299,69;3885,63;
SILVIA MARIA NASCIMENTO BRAGA;DEPTO.DE MICRO E PEQ.EMPRESA;A.TEC-I;; ESTATUTARIO;4382,98;;4382,98;374,39;4008,59;
SILVIA RODRIGUES DE MENEZES;CAMARAS IND.AG.C.S.T.B.M.P.EMP;A.TEC-II;; ESTATUTARIO;4221,14;;4221,14;337,13;3884,01;
SIMONE DA CONCEICAO PEREIRA ARAUJO;REMANEJADOS SETRAB;A.TEC-II;; ESTATUTARIO;4185,32;;4185,32;328,12;3857,20;
SONIA JANETE GUERRA DOS S GOMES;DEPARTAMENTO DE PLANEJAMENTO;ENGENHEIRO DE PESCA;SECRETARIO EXECUTIVO; ESTATUTARIO;13434,35;;13434,35;3065,39;10368,96;
SUBIAMARA SILVA LIRA;REMANEJADOS SETRAB;MONITOR 3A CLASSE;; ESTATUTARIO;2820,69;;2820,69;109,76;2710,93;
SUELY SANTOS PEREIRA;REMANEJADOS SETRAB;MONITOR 2A CLASSE;; ESTATUTARIO;4127,71;;4127,71;203,48;3924,23;
SYLVANIO RODRIGUES MEDEIROS;DEPTO.DE ANALISE ECONOMICA;GERENTE;NAO INFORMADO; CARGO COMISSION.S/VINCULO;4709,79;;4709,79;629,29;4080,50;
TANIA REGINA DE SA RIBEIRO;DEPARTAMENTO DE PLANEJAMENTO;TNS-II;GERENTE; ESTATUTARIO;6693,48;;6693,48;899,09;5794,39;
TATIANA SCHOR;SECRETARIA EXECUTIVA;SECRETARIO EXECUTIVO;; DISP. OUTROS ESFERAS;10400,00;;10400,00;1801,00;8599,00;
TELMA LUCIA NATIVIDADE ARAUJO;GERENCIA DE GESTAO DE PESSOAL;AGENTE ADMINISTRATIVO 3A CLASSE;GERENTE AD-2-; ESTATUTARIO;5321,05;;5321,05;469,96;4851,09;
VANGRESSA COSTA DE LIMA;REMANEJADOS SETRAB;ASSESSOR III;; CARGO COMISSION.S/VINCULO;3691,80;;3691,80;350,99;3340,81;
VANIA RITA MARTINS DAS NEVES;GERENCIA DE GESTAO DE PESSOAL;A.TEC-I;; ESTATUTARIO;4529,92;;4529,92;396,38;4133,54;
VERA RUTH CONDURU CORREA;GERENCIA DE GESTAO DE PESSOAL;TNS-I;; ESTATUTARIO;4997,45;;4997,45;783,32;4214,13;
WALDIMAR PEDROSA DE SOUZA;DEPTO.DE ADMINIST.E FINANCAS;AUX.S.G-I;; ESTATUTARIO;12166,00;;12166,00;3166,74;8999,26;
WANDERLEY FEITOSA DA COSTA;GERENCIA DE APOIO LOGISTICO;GERENTE;NAO INFORMADO; CARGO COMISSION.S/VINCULO;4709,79;;4709,79;629,29;4080,50;
WILLIAM MONTEIRO DE FREITAS;REMANEJADOS SETRAB;MONITOR 2A CLASSE;; ESTATUTARIO;2829,71;;2829,71;111,30;2718,41;
WILSON BRITO E SILVA;SECRETARIA EXECUTIVA;GERENTE;NAO INFORMADO; CARGO COMISSION.S/VINCULO;4709,79;;4709,79;658,51;4051,28;
YASMIN KAMYLLA JACAUNA PEREIRA;ASSESSORIA JURIDICA;ASSESSOR IV;NAO INFORMADO; CARGO COMISSION.S/VINCULO;1592,67;;1592,67;108,16;1484,51;
ZACARIAS OLIVEIRA DA SILVA;GERENCIA DE APOIO LOGISTICO;MOT-II;; ESTATUTARIO;4297,60;;4297,60;347,45;3950,15;
