NOME;LOTACAO;CARGO;FUNCAO;VINCULO;REMUNERACAO LEGAL TOTAL(R$);DESC.TETO(R$); REMUNERACAO LEGAL DEVIDA(R$);DESCONTOS LEGAIS(R$);LIQUIDO DISPONIVEL(R$);
AFRANIO CESAR DA SILVA E COSTA;GABINETE DO SECRETARIO;ASSESSOR III;NAO INFORMADO; CARGO COMISSION.S/VINCULO;3691,80;;3691,80;383,88;3307,92;
ALCIDES SAGGIORO NETO;DEPTO.DE ANALISE ECONOMICA;ASSESSOR I;NAO INFORMADO; CARGO COMISSION.S/VINCULO;4729,77;;4729,77;665,17;4064,60;
ALDIRA MARIA PONTES BARBOSA;DEPTO.DE ADM.E FINANCAS;GERENTE;NAO INFORMADO; CARGO COMISSION.S/VINCULO;4709,79;;4709,79;629,29;4080,50;
ALESSANDRA CARDOSO SIQUEIRA;SECRETARIA EXECUTIVA;ASSESSOR III;NAO INFORMADO; CARGO COMISSION.S/VINCULO;3691,80;;3691,80;383,88;3307,92;
ALEX BRUNO DANTAS ALEXANDRINO;GERENCIA DE INFORMATICA;ASSESSOR IV;NAO INFORMADO; CARGO COMISSION.S/VINCULO;3075,61;;3075,61;263,77;2811,84;
ALEX LUZ DE OLIVEIRA;REMANEJADOS SETRAB;A.TEC-II;; ESTATUTARIO;3541,46;;3541,46;219,86;3321,60;
ALEXANDRA SILVA DOS S FIGUEIREDO;GERENCIA DE PLAN.ORC.E GESTAO;ASSESSOR III;; CARGO COMISSION.S/VINCULO;3691,80;;3691,80;365,21;3326,59;
ALICE HELENA LOPES ALVES;REMANEJADOS SETRAB;A.TEC-I;; ESTATUTARIO;4201,57;;4201,57;345,74;3855,83;
ALLISON WALLEN PENALBER;SECRETARIA EXECUTIVA;ASSESSOR III;NAO INFORMADO; CARGO COMISSION.S/VINCULO;3691,80;;3691,80;383,88;3307,92;
ALMIR MOCAMBITE PINTO;REMANEJADOS SETRAB;A.TEC-II;; ESTATUTARIO;4141,46;;4141,46;328,12;3813,34;
ALYSSON ROBERTO ROCHA FERREIRA;REMANEJADOS SETRAB;CHEFE DE DEPARTAMENTO;NAO INFORMADO; CARGO COMISSION.S/VINCULO;7473,03;;7473,03;1565,21;5907,82;
ANA PAULA DA ROCHA FERNANDES;REMANEJADOS SETRAB;A.TEC-I;AG. ADMIN. 3ª CLASSE; ESTATUTARIO;3104,40;;3104,40;214,01;2890,39;
ANA REGINA ARAUJO TEIXEIRA GOMES;REMANEJADOS SETRAB;AUX.S.G-II;; ESTATUTARIO;2718,15;;2718,15;151,07;2567,08;
ANA SILVA DE SOUZA;SECRETARIA EXECUTIVA;ASSESSOR IV;NAO INFORMADO; CARGO COMISSION.S/VINCULO;3675,61;;3675,61;379,53;3296,08;
ANA TEREZA JATAHY SANTOS;DEPTO.POL.IND.E COMERCIAIS;TNS-II;; ESTATUTARIO;5454,64;;5454,64;767,89;4686,75;
ANDERSON BARROSO GRIMM;DEPTO.POL.IND.E COMERCIAIS;CHEFE DE DEPARTAMENTO;CHEFE DE DPTO.; CARGO COMISSION.S/VINCULO;5729,77;;5729,77;998,67;4731,10;
ANDRE LUIS WILLERDING;GABINETE DO SECRETARIO;CHEFE DE DEPARTAMENTO;CHEFE DEPART. AD-1; CARGO COMISSION.S/VINCULO;5729,77;;5729,77;568,83;5160,94;
ANDREA CUNHA RODRIGUES;REMANEJADOS SETRAB;AGENTE ADMINISTRATIVO 3A CLASSE;; ESTATUTARIO;3081,54;;3081,54;129,32;2952,22;
ANDREA MENDONÇA CARVALHO DA SILVA;SECRETARIA EXECUTIVA;GERENTE;NAO INFORMADO; CARGO COMISSION.S/VINCULO;4709,79;;4709,79;658,51;4051,28;
ANGELA DA SILVA MELO;REMANEJADOS SETRAB;A.TEC-I;; ESTATUTARIO;4175,52;;4175,52;281,31;3894,21;
ANGELA MONTEIRO MARTINS;GERENCIA DE GESTAO DE PESSOAL;A.TEC-I;; ESTATUTARIO;3882,24;;3882,24;363,41;3518,83;
ANTONIO DE ANDRADE DIAS;GERENCIA DE APOIO LOGISTICO;ASSESSOR IV;NAO INFORMADO; CARGO COMISSION.S/VINCULO;3075,61;;3075,61;249,55;2826,06;
ANTÔNIA PAULA VIEIRA CAVALCANTE;SECRETARIA EXECUTIVA;GERENTE;NAO INFORMADO; CARGO COMISSION.S/VINCULO;4709,79;;4709,79;658,51;4051,28;
APPIO DA SILVA TOLENTINO;DEPTO.POL.IND.E COMERCIAIS;TECNICO DE INCENTIVO 1A.CL.-T.INC-I;; ESTATUTARIO;44790,64;9328,42;35462,22;11636,36;23825,86;
ARIZANEIDE ARAUJO LEITE;REMANEJADOS SETRAB;TNS-I;; ESTATUTARIO;4677,07;;4677,07;570,78;4106,29;
ARLETE NOGUEIRA VIANA;DEPARTAMENTO DE PLANEJAMENTO;ASSISTENTE ADMINISTRATIVO;CHEFE DE DEPARTAMENT; ESTATUTARIO;6271,54;;6271,54;721,90;5549,64;
ARNALDO SOUZA DOS REIS;SECRETARIA EXECUTIVA;ASSESSOR I;NAO INFORMADO; CARGO COMISSION.S/VINCULO;5729,77;;5729,77;828,04;4901,73;
ARNOLDO DE OLIVEIRA BARRETO;REMANEJADOS SETRAB;VIGIA-III;; ESTATUTARIO;2965,81;;2965,81;108,87;2856,94;
ARTHUR GOMES BENAYON;REMANEJADOS SETRAB;ASSISTENTE TECNICO 1A CLASSE;; ESTATUTARIO;4095,02;;4095,02;258,22;3836,80;
CARLA SANTOS TORRES CHAGAS;SECRETARIA EXECUTIVA;GERENTE;NAO INFORMADO; CARGO COMISSION.S/VINCULO;4709,79;;4709,79;658,51;4051,28;
CELENE MARIA LEMOS MENDES;REMANEJADOS SETRAB;ASSISTENTE TECNICO 3A CLASSE;; ESTATUTARIO;3486,28;;3486,28;146,34;3339,94;
CLAUDIA REGINA OLIVEIRA MONTEIRO;REMANEJADOS SETRAB;ASSISTENTE TECNICO 3A CLASSE;; ESTATUTARIO;5281,71;;5281,71;507,84;4773,87;
CLENEIDE NEVES HAYDEN;GERENCIA DE GESTAO DE PESSOAL;TNS-I;GERENTE; ESTATUTARIO;6844,51;;6844,51;1164,74;5679,77;
DANIELLE COSTA DA SILVA;REMANEJADOS SETRAB;ASSESSOR IV;NAO INFORMADO; CARGO COMISSION.S/VINCULO;3675,61;;3675,61;379,53;3296,08;
DARCY DE OLIVEIRA FALCAO;GERENCIA DE APOIO LOGISTICO;AUX.O-I;; ESTATUTARIO;3270,05;;3270,05;205,80;3064,25;
DENISE BEZERRA LIMA;DEPTO.DE ADMINIST.E FINANCAS;ASSISTENTE TECNICO I;GERENTE; ESTATUTARIO;1281,62;;1281,62;194,65;1086,97;
DEUSDEDIT DE BRITO RAMOS;ASSESSORIA;ASSESSOR I;NAO INFORMADO; CARGO COMISSION.S/VINCULO;5729,77;;5729,77;956,01;4773,76;
DEUZA MARIA DA ROCHA MARTINIANO;REMANEJADOS SETRAB;AGENTE ADMINISTRATIVO 3A CLASSE;; ESTATUTARIO;4086,28;;4086,28;256,10;3830,18;
DEYVISON COLARES BARRETO;SECRETARIA EXECUTIVA;ASSESSOR III;NAO INFORMADO; CARGO COMISSION.S/VINCULO;3691,80;;3691,80;383,88;3307,92;
DJAVAN PEREIRA DE MELO;SECRETARIA EXECUTIVA;GERENTE;NAO INFORMADO; CARGO COMISSION.S/VINCULO;4709,79;;4709,79;629,29;4080,50;
DOROTEIA ANGELINA DA SILVA PINHEIRO;SECRETARIA EXECUTIVA;ASSESSOR III;NAO INFORMADO; CARGO COMISSION.S/VINCULO;2584,24;;2584,24;200,27;2383,97;
DULCE MARGARETE DA SILVA JATAHY;DEPTO.POL.IND.E COMERCIAIS;TECNICO DE INCENTIVO 1A.CL.-T.INC-I;; ESTATUTARIO;52535,04;12671,98;39863,06;12657,67;27205,39;
EDERSON CESAR SANTOS LIBORIO;GERENCIA DE PLAN.ORC.E GESTAO;ASSESSOR III;ASSESSOR III AD-3; CARGO COMISSION.S/VINCULO;3691,80;;3691,80;383,88;3307,92;
EDINILSON DE CASTRO VIANA;REMANEJADOS SETRAB;A.TEC-II;; ESTATUTARIO;3541,46;;3541,46;190,87;3350,59;
EDIVALDO EVANGELISTA DE ALMEIDA;GERENCIA DE APOIO LOGISTICO;ASSESSOR III;NAO INFORMADO; CARGO COMISSION.S/VINCULO;3691,80;;3691,80;383,88;3307,92;
EDMAR LOPES MAGALHAES;DEPTO.DE DESENV.REGIONAL;ASSESSOR I;; CARGO COMISSION.S/VINCULO;7473,03;;7473,03;1565,21;5907,82;
EDNA SOUSA FERREIRA;REMANEJADOS SETRAB;AUX.S.G-I;; ESTATUTARIO;2918,66;;2918,66;174,40;2744,26;
EDUARDO HENRIQUE ARCHER PINTO;DEPTO.POL.IND.E COMERCIAIS;TECNICO DE INCENTIVO 1A.CL.-T.INC-I;; ESTATUTARIO;5128,46;;5128,46;591,79;4536,67;
EDUARDO JORGE DE ALMEIDA F SILVA;DEPTO.POL.IND.E COMERCIAIS;A.TEC-I;ASSIST.TEC.2ª CLASSE; ESTATUTARIO;23112,93;;23112,93;7056,47;16056,46;
EDVALDO GRANGEIRO PINHEIRO;REMANEJADOS SETRAB;A.TEC-II;; ESTATUTARIO;3541,46;;3541,46;238,12;3303,34;
EFRAHIM TAVARES DE MELLO;DEPTO.DE ADMINIST.E FINANCAS;A.TEC-I;; ESTATUTARIO;16433,53;;16433,53;4611,24;11822,29;
ELCY SEREJO CORREA;DEPTO.EST.PESQ.E INFORMACOES;TNS-I;; ESTATUTARIO;5118,75;;5118,75;669,02;4449,73;
ELENIZE FREITAS AVELINO;SECRETARIA EXECUTIVA;GERENTE;NAO INFORMADO; CARGO COMISSION.S/VINCULO;4709,79;;4709,79;658,51;4051,28;
ELIDA DE SOUZA XAVIER GAMA;GERENCIA DE PESSOAL;ASSESSOR IV;NAO INFORMADO; CARGO COMISSION.S/VINCULO;3075,61;;3075,61;230,70;2844,91;
ELIETE DA SILVEIRA VIEIRA;REMANEJADOS SETRAB;MONITOR 2A CLASSE;; ESTATUTARIO;3660,88;;3660,88;199,77;3461,11;
ELISSON DA SILVA LIMA;REMANEJADOS SETRAB;SUBGERENTE;NAO INFORMADO; CARGO COMISSION.S/VINCULO;3691,80;;3691,80;383,88;3307,92;
ENEDINA PEREIRA DE OLIVEIRA;REMANEJADOS SETRAB;AGENTE ADMINISTRATIVO 3A CLASSE;; ESTATUTARIO;2788,28;;2788,28;108,21;2680,07;
ERISMAR ALVES DE CARVALHO;SECRETARIA EXECUTIVA;SUBGERENTE;NAO INFORMADO; CARGO COMISSION.S/VINCULO;3691,80;;3691,80;383,88;3307,92;
ERNANDES SANTOS DA SILVA;REMANEJADOS SETRAB;A.TEC-I;; ESTATUTARIO;2912,34;;2912,34;183,60;2728,74;
EZELINA DA GLORIA LAVAREDA;DEPTO.DE ADMINIST.E FINANCAS;A.TEC-I;; ESTATUTARIO;15973,13;;15973,13;4725,96;11247,17;
FABIANA BATISTA DA COSTA;GERENCIA DE GESTAO DE PESSOAL;ASSESSOR IV;ASSESSORA IV AD4; CARGO COMISSION.S/VINCULO;3675,61;;3675,61;379,53;3296,08;
FABIO BATISTA DOS SANTOS;SECRETARIA EXECUTIVA;GERENTE;NAO INFORMADO; CARGO COMISSION.S/VINCULO;4709,79;;4709,79;658,51;4051,28;
FATIMA MARIA RAMOS ELIAS;DEPTO.POL.IND.E COMERCIAIS;TECNICO DE INCENTIVO 1A.CL.-T.INC-I;; ESTATUTARIO;23277,06;;23277,06;6939,22;16337,84;
FERNANDO BRUNO CESAR DE QUEIROZ;SEC.GER.CONS.DESEN.DO AM-CODAM;SECRETARIO DO CODAM AD-1;NAO INFORMADO; CARGO COMISSION.S/VINCULO;5730,17;;5730,17;741,79;4988,38;
FRANCISCA FLAVIA DA SILVA RODRIGUES;REMANEJADOS SETRAB;AGENTE ADMINISTRATIVO 2A CLASSE;; ESTATUTARIO;3090,28;;3090,28;130,86;2959,42;
FRANCISCO ALVES DE FREITAS;DEPTO.EST.PESQ.E INFORMACOES;TNS-I;; ESTATUTARIO;5560,50;;5560,50;762,23;4798,27;
FRANCISCO DAS CHAGAS COELHO LIMA;GERENCIA DE APOIO LOGISTICO;A.TEC-I;; ESTATUTARIO;21129,78;;21129,78;6170,53;14959,25;
GABRIELLA BRAGA DE MORAES C PIRES;SECRETARIA EXECUTIVA;ASSESSOR II;NAO INFORMADO; CARGO COMISSION.S/VINCULO;3709,79;;3709,79;388,72;3321,07;
GENY BERONY DA SILVA PINHEIRO;REMANEJADOS SETRAB;AUX.S.G-I;; ESTATUTARIO;3066,46;;3066,46;160,64;2905,82;
GILBERTO CAVALCANTI GOMES DA SILVA;REMANEJADOS SETRAB;MOTORISTA 3A CLASSE;; ESTATUTARIO;3184,46;;3184,46;147,51;3036,95;
GILSON NUNO DE PONTES E SOUZA;DEPTO.POL.IND.E COMERCIAIS;TECNICO DE INCENTIVO 2A.CL-T.INC-II;; ESTATUTARIO;42968,40;7006,18;35962,22;11532,47;24429,75;
GISELLE SAMARA DOS SANTOS GONZAGA;GABINETE DO SECRETARIO;ASSESSOR I;NAO INFORMADO; CARGO COMISSION.S/VINCULO;5729,77;;5729,77;998,67;4731,10;
GREICE AMELIA MULLER MUBARAC;REMANEJADOS SETRAB;A.TEC-I;GERENTE DE POSTO; ESTATUTARIO;2872,98;;2872,98;194,87;2678,11;
GUSTAVO DOS SANTOS OLIVEIRA;SECRETARIA EXECUTIVA;ASSESSOR I;NAO INFORMADO; CARGO COMISSION.S/VINCULO;5729,77;;5729,77;998,67;4731,10;
HAROLDO DE OLIVEIRA SANTOS;REMANEJADOS SETRAB;A.TEC-I;; ESTATUTARIO;3146,53;;3146,53;206,81;2939,72;
HAROLDO FURTADO DE PAIVA;REMANEJADOS SETRAB;TNS-I;TNS-I; ESTATUTARIO;9711,30;;9711,30;2193,94;7517,36;
HELDER CINTRA BASTOS;REMANEJADOS SETRAB;CHEFE DE DEPARTAMENTO;NAO INFORMADO; CARGO COMISSION.S/VINCULO;5729,77;;5729,77;998,67;4731,10;
HERCULES ANTONIO RIBEIRO FREIRE;GERENCIA DE APOIO LOGISTICO;A.OPE-II;; ESTATUTARIO;4133,19;;4133,19;226,80;3906,39;
HILDA SILVA MARTINS SOUZA;SECRETARIA EXECUTIVA;ASSESSOR III;NAO INFORMADO; CARGO COMISSION.S/VINCULO;3691,80;;3691,80;383,88;3307,92;
ICARO DE MENDONCA JUCA;DEPARTAMENTO DE PLANEJAMENTO;ASSESSOR IV;; CARGO COMISSION.S/VINCULO;4734,15;;4734,15;666,63;4067,52;
IONE DE MELO BERNARDO CUNHA;DEPTO.DE ADMINIST.E FINANCAS;A.TEC-II;; ESTATUTARIO;4141,46;;4141,46;271,25;3870,21;
IRACEMA DE LIMA COLLYER;GERENCIA DE GESTAO DE PESSOAL;A.TEC-I;; ESTATUTARIO;3760,26;;3760,26;360,65;3399,61;
IRLENE MARIA PESSOA;DEPTO.DE ADMINIST.E FINANCAS;A.TEC-I;; ESTATUTARIO;4411,50;;4411,50;380,52;4030,98;
IVANILSE ALMEIDA DE SOUZA;REMANEJADOS SETRAB;AGENTE ADMINISTRATIVO 3A CLASSE;; ESTATUTARIO;3090,28;;3090,28;85,83;3004,45;
IVO JORGE GARCEZ TEIXEIRA;SECRETARIA EXECUTIVA;CHEFE DE DEPARTAMENTO;NAO INFORMADO; CARGO COMISSION.S/VINCULO;5729,77;;5729,77;591,10;5138,67;
IZABEL CRISTINA PERRONE DO ROSARIO;REMANEJADOS SETRAB;A.TEC-I;; ESTATUTARIO;4250,73;;4250,73;267,70;3983,03;
IZABEL PAULA CUNHA DE SOUZA;DEPTO.DE ADM.E FINANCAS;ASSESSOR III;NAO INFORMADO; CARGO COMISSION.S/VINCULO;3691,80;;3691,80;365,21;3326,59;
JEIBI MEDEIROS DA COSTA;SECRETARIA EXECUTIVA;CHEFE DE DEPARTAMENTO;NAO INFORMADO; CARGO COMISSION.S/VINCULO;5729,77;;5729,77;998,67;4731,10;
JESSE NATANAEL DE JESUS ALMEIDA;SECRETARIA EXECUTIVA;ASSESSOR III;NAO INFORMADO; CARGO COMISSION.S/VINCULO;3691,80;;3691,80;365,21;3326,59;
JOÃO BATISTA DA COSTA PAULA;DEPTO.DE ADM.E FINANCAS;ASSESSOR III;NAO INFORMADO; CARGO COMISSION.S/VINCULO;3691,80;;3691,80;365,21;3326,59;
JOANA MARIA VIEIRA MARQUES;DEPTO.DE MICRO E PEQ.EMPRESA;A.TEC-I;; ESTATUTARIO;17154,01;;17154,01;4867,90;12286,11;
JOAO BRAS DE OLIVEIRA SANTIAGO;REMANEJADOS SETRAB;A.TEC-I;; ESTATUTARIO;3728,12;;3728,12;276,99;3451,13;
JOAO CARLOS DE SOUZA GRANJEIRO;REMANEJADOS SETRAB;A.TEC-II;; ESTATUTARIO;2843,46;;2843,46;160,83;2682,63;
JOAO RIBEIRO DE OLIVEIRA;REMANEJADOS SETRAB;AUX.S.G-I;; ESTATUTARIO;2946,98;;2946,98;179,64;2767,34;
JOHN VANE BESSA ROSA;DEPTO.POL.IND.E COMERCIAIS;GERENTE;; CARGO COMISSION.S/VINCULO;4709,79;;4709,79;658,51;4051,28;
JONAS PEREIRA CARVALHO DA S FILHO;GERENCIA DE APOIO LOGISTICO;A.TEC-I;; ESTATUTARIO;12530,10;;12530,10;3346,56;9183,54;
JOSE ALBERTO MARQUES DE MATOS;GERENCIA DE PLAN.ORC.E GESTAO;AUX.S.G-I;; ESTATUTARIO;2570,47;;2570,47;206,52;2363,95;
JOSE ANTONIO PADILHA;GERENCIA DE APOIO LOGISTICO;ASSISTENTE ADMINISTRATIVO;; ESTATUTARIO;4077,54;;4077,54;308,07;3769,47;
JOSE CARLOS DE SOUZA COUTO;REMANEJADOS SETRAB;MOTORISTA 3A CLASSE;; ESTATUTARIO;2679,20;;2679,20;97,15;2582,05;
JOSE MAURICIO DO ESPIRITO SANTO;REMANEJADOS SETRAB;AUXILIAR DE SERV GERAIS 3A CLASSE;; ESTATUTARIO;2689,35;;2689,35;73,10;2616,25;
JOSE SANDRO DA MOTA RIBEIRO;DEPTO.DE DESENV.REGIONAL;A.TEC-II;CHEFE DE DEPARTAMENT; ESTATUTARIO;8280,61;;8280,61;1386,91;6893,70;
JOSENETE CAVALCANTE COSTA;DEPTO.EST.PESQ.E INFORMACOES;CHEFE DE DEPARTAMENTO;; CARGO COMISSION.S/VINCULO;5729,77;;5729,77;998,67;4731,10;
JUDITH FRANCISCA SANCHES OLIVEIRA;DEPTO.DE MICRO E PEQ.EMPRESA;TNS-I;ASSESSOR I; ESTATUTARIO;7790,07;;7790,07;1418,63;6371,44;
JULIA MAGALHAES DA ROCHA;DEPTO.POL.IND.E COMERCIAIS;A.TEC-I;; ESTATUTARIO;20416,97;;20416,97;5962,43;14454,54;
JULIO AFONSO DA SILVA FILHO;DEPTO.EST.PESQ.E INFORMACOES;A.TEC-I;GERENTE AD-2; ESTATUTARIO;5585,94;;5585,94;654,61;4931,33;
JULIO RAMON MARCHIORE TEIXEIRA;SECRETARIA EXECUTIVA;SECRETARIO EXECUTIVO;NAO INFORMADO; CARGO COMISSION.S/VINCULO;12200,00;;12200,00;1704,92;10495,08;
JURACY DA TRINDADE MAGNO;REMANEJADOS SETRAB;AGENTE ADMINISTRATIVO 1A CLASSE;MONITOR; ESTATUTARIO;4181,81;;4181,81;271,24;3910,57;
JÓRIO DE ALBUQUERQUE VEIGA FILHO;GABINETE DO SECRETARIO;SECRETARIO DE ESTADO;NAO INFORMADO; CARGO COMISSION.S/VINCULO;28560,00;;28560,00;7364,12;21195,88;
KAMILA SARKIS DE CASTRO;ASSESSORIA JURIDICA;ASSESSOR I;ASSESSOR I AD-1; CARGO COMISSION.S/VINCULO;5729,77;;5729,77;998,67;4731,10;
KARLA KAROLINE LIRA MARTINS;SECRETARIA EXECUTIVA;GERENTE;NAO INFORMADO; CARGO COMISSION.S/VINCULO;4709,79;;4709,79;658,51;4051,28;
KAROLINE ANDRADE BARROS;SECRETARIA EXECUTIVA;GERENTE;NAO INFORMADO; CARGO COMISSION.S/VINCULO;4709,79;;4709,79;658,51;4051,28;
KEMER UGARTE AMORIM;REMANEJADOS SETRAB;A.TEC-II;; ESTATUTARIO;4141,46;;4141,46;299,69;3841,77;
KETHELEN STHEPHANIE DO S NASCIMENTO;SECRETARIA EXECUTIVA;ASSESSOR III;NAO INFORMADO; CARGO COMISSION.S/VINCULO;3691,80;;3691,80;383,88;3307,92;
KLEIBIANNO TELES DE SOUZA;REMANEJADOS SETRAB;ASSESSOR I;NAO INFORMADO; CARGO COMISSION.S/VINCULO;5729,77;;5729,77;998,67;4731,10;
LAURO MENEZES DE ARAUJO;REMANEJADOS SETRAB;ASSISTENTE TECNICO 3A CLASSE;; ESTATUTARIO;3090,28;;3090,28;130,86;2959,42;
LEANDRO NASCIMENTO SARAIVA;SECRETARIA EXECUTIVA;ASSESSOR III;NAO INFORMADO; CARGO COMISSION.S/VINCULO;3691,80;;3691,80;383,88;3307,92;
LEDA MARIA MAIA XAVIER;GABINETE DO SECRETARIO;ASSESSOR IV;NAO INFORMADO; CARGO COMISSION.S/VINCULO;3675,61;;3675,61;379,53;3296,08;
LEONARDO DE ALBUQUERQUE RETTO;GABINETE DO SECRETARIO;ASSESSOR IV;NAO INFORMADO; CARGO COMISSION.S/VINCULO;2870,55;;2870,55;231,83;2638,72;
LEONARDO RODRIGO DA SILVA;SECRETARIA EXECUTIVA;CHEFE DE DEPARTAMENTO;NAO INFORMADO; CARGO COMISSION.S/VINCULO;5729,77;;5729,77;956,01;4773,76;
LIGIA AUGUSTA RIBEIRO DOS S COSTA;REMANEJADOS SETRAB;TECNICO 3A CLASSE;; ESTATUTARIO;4591,90;;4591,90;394,17;4197,73;
LIGIA LAISE DE ARAUJO LOBATO;SECRETARIA EXECUTIVA;ASSESSOR II;NAO INFORMADO; CARGO COMISSION.S/VINCULO;2354,87;;2354,87;174,21;2180,66;
LILIA MARINA FERREIRA DE ASSUNÇÃO;SECRETARIA EXECUTIVA;GERENTE;NAO INFORMADO; CARGO COMISSION.S/VINCULO;4709,79;;4709,79;658,51;4051,28;
LUCAS MATTOS MONTEIRO;GABINETE DO SECRETARIO;ASSESSOR II;NAO INFORMADO; CARGO COMISSION.S/VINCULO;4238,78;;4238,78;544,47;3694,31;
LUCIANI AGUIAR PINTO;GABINETE DO SECRETARIO;GERENTE;GERENTE AD-2; CARGO COMISSION.S/VINCULO;4709,79;;4709,79;658,51;4051,28;
LUCKAS PIMENTA MORAES;GERENCIA DE MAT. E PATRIMONIO;ASSESSOR III;; CARGO COMISSION.S/VINCULO;4755,73;;4755,73;673,83;4081,90;
LUIZ ALMIR DE MENEZES FONSECA;COMITE TEC.PLANEJ.-COTEPLAN;SECRETARIO DO COMITE;NAO INFORMADO; CARGO COMISSION.S/VINCULO;5729,77;;5729,77;998,67;4731,10;
LUIZ BERNARDO FERREIRA PINTO;SECRETARIA EXECUTIVA;GERENTE;NAO INFORMADO; CARGO COMISSION.S/VINCULO;4709,79;;4709,79;658,51;4051,28;
LUIZA PINHEIRO RODRIGUES;DEPTO.DE ADM.E FINANCAS;ASSESSOR III;NAO INFORMADO; CARGO COMISSION.S/VINCULO;3691,80;;3691,80;383,88;3307,92;
LUPUNA CORREA DE SOUZA;SECRETARIA EXECUTIVA;ASSESSOR III;NAO INFORMADO; CARGO COMISSION.S/VINCULO;3691,80;;3691,80;365,21;3326,59;
LUZANHA BUDIENE DE ARAUJO ZANOLI;REMANEJADOS SETRAB;ASSISTENTE TECNICO 3A CLASSE;OFICIAL DE GABINETE; ESTATUTARIO;3486,28;;3486,28;166,10;3320,18;
MANOEL RIBEIRO DE OLIVEIRA;REMANEJADOS SETRAB;A.TEC-I;; ESTATUTARIO;3104,40;;3104,40;214,01;2890,39;
MARCELINO PEREIRA DE SOUZA;GERENCIA DE APOIO LOGISTICO;AUX.S.G-I;; ESTATUTARIO;11382,58;;11382,58;3120,76;8261,82;
MARCELO GOMES DE OLIVEIRA;DEPTO.DE ADMINIST.E FINANCAS;A.TEC-II;; ESTATUTARIO;4141,46;;4141,46;200,76;3940,70;
MARCIA SOUZA AMORIM LOBATO;GABINETE DO SECRETARIO;ASSESSOR II;NAO INFORMADO; CARGO COMISSION.S/VINCULO;4238,78;;4238,78;544,47;3694,31;
MARCO ANTONIO DE OLIVEIRA VILLELA;SECRETARIA EXECUTIVA;SECRETARIO EXECUTIVO;NAO INFORMADO; CARGO COMISSION.S/VINCULO;12200,00;;12200,00;2760,85;9439,15;
MARCOS ANTONIO SOUZA DOS SANTOS;REMANEJADOS SETRAB;A.TEC-II;; ESTATUTARIO;4141,46;;4141,46;271,25;3870,21;
MARCUS ANTONIO NOBRE DE ARAUJO;DEPTO.POL.IND.E COMERCIAIS;A.TEC-I;; ESTATUTARIO;23096,63;;23096,63;7050,91;16045,72;
MARGARETE SOCORRO LAVAREDA OLIVEIRA;REMANEJADOS SETRAB;MONITOR 2A CLASSE;; ESTATUTARIO;2593,77;;2593,77;87,75;2506,02;
MARIA ANGELA AGUIAR DE LIMA;GERENCIA DE GESTAO DE PESSOAL;A.TEC-I;AG. ADMIN. 2º CLASSE; ESTATUTARIO;15941,02;;15941,02;4676,25;11264,77;
MARIA ANTONIA ALEXANDRE MELO;DEPTO.POL.IND.E COMERCIAIS;A.TEC-I;ASSISTENTE TECNICO; ESTATUTARIO;4382,24;;4382,24;316,79;4065,45;
MARIA AUXILIADORA GOMES BEZERRA;DEPARTAMENTO DE PLANEJAMENTO;TNS-I;; ESTATUTARIO;5590,28;;5590,28;815,50;4774,78;
MARIA CAMILA FOWLER BARROS;DEPTO.POL.IND.E COMERCIAIS;A.TEC-I;; ESTATUTARIO;23036,38;;23036,38;6979,63;16056,75;
MARIA CELESTE DA COSTA FREITAS;DEPARTAMENTO DE PLANEJAMENTO;TNS-I;; ESTATUTARIO;5672,30;;5672,30;843,35;4828,95;
MARIA DA GLÓRIA DE ASSIS BERNARDINO;GERENCIA DE ORCAM.E FINANCAS;ASSESSOR II;NAO INFORMADO; CARGO COMISSION.S/VINCULO;4238,79;;4238,79;544,47;3694,32;
MARIA DAS GRACAS BRANDAO DOS REIS;DEPARTAMENTO DE PLANEJAMENTO;GERENTE;; CARGO COMISSION.S/VINCULO;4709,79;;4709,79;658,51;4051,28;
MARIA DAS GRACAS COSTA BRINGEL;DEPTO.POL.IND.E COMERCIAIS;TECNICO DE INCENTIVO 1A.CL.-T.INC-I;; ESTATUTARIO;18820,60;;18820,60;5391,85;13428,75;
MARIA DE FATIMA LOPES DE ASSIS;SECRETARIA EXECUTIVA;GERENTE;NAO INFORMADO; CARGO COMISSION.S/VINCULO;4709,79;;4709,79;658,51;4051,28;
MARIA DE LOURDES GALVAO LIMA;REMANEJADOS SETRAB;AUX.S.G-II;; ESTATUTARIO;3020,15;;3020,15;173,72;2846,43;
MARIA DE LOURDES RAMOS DA SILVA;REMANEJADOS SETRAB;A.TEC-I;; ESTATUTARIO;2886,26;;2886,26;191,22;2695,04;
MARIA DO PERPETUO SOCORRO C MIRANDA;REMANEJADOS SETRAB;AUX.S.G-II;; ESTATUTARIO;3020,15;;3020,15;173,72;2846,43;
MARIA DO PERPETUO SOCORRO R MACIEL;DEPARTAMENTO DE PLANEJAMENTO;TNS-II;TECNICO 3ª CLASSE; ESTATUTARIO;5474,06;;5474,06;773,76;4700,30;
MARIA DO ROSARIO ALENCAR DE SOUZA;DEPTO.POL.IND.E COMERCIAIS;A.TEC-I;ASSESSOR I; ESTATUTARIO;6395,97;;6395,97;874,46;5521,51;
MARIA DO ROSARIO SA DE OLIVEIRA;DEPTO.POL.IND.E COMERCIAIS;TECNICO DE INCENTIVO 2A.CL-T.INC-II;; ESTATUTARIO;46558,80;6695,74;39863,06;12783,59;27079,47;
MARIA ELIZABETH DE AZEVEDO NORONHA;REMANEJADOS SETRAB;A.TEC-II;; ESTATUTARIO;2843,46;;2843,46;181,73;2661,73;
MARIA IVANI DE CASTRO RODRIGUES;COM.POL.FIN.INV.ESTRATEGICOS;ASSESSOR I;; CARGO COMISSION.S/VINCULO;5729,77;;5729,77;998,67;4731,10;
MARILIA BARROS CHAYEN MARTINS;REMANEJADOS SETRAB;A.TEC-I;; ESTATUTARIO;5632,40;;5632,40;615,78;5016,62;
MARLON ANDREK DA SILVA ALVES;SECRETARIA EXECUTIVA;GERENTE;NAO INFORMADO; CARGO COMISSION.S/VINCULO;4709,79;;4709,79;658,51;4051,28;
MARLON JOSÉ LIMA DUTRA;SECRETARIA EXECUTIVA;GERENTE;NAO INFORMADO; CARGO COMISSION.S/VINCULO;4709,79;;4709,79;658,51;4051,28;
MARY ANNE GAMA PARENTE;GABINETE DO SECRETARIO;TEC. DE NIVEL SUPERIOR 1A CLASSE;CHEFE DE GABINETE; ESTATUTARIO;7252,62;;7252,62;1156,38;6096,24;
MILENA ARYCE MENTA BARKER;GABINETE DO SECRETARIO;GERENTE;GERENTE AD2; CARGO COMISSION.S/VINCULO;4709,79;;4709,79;658,51;4051,28;
MILENA MARIA COSTA DA SILVA;SECRETARIA EXECUTIVA;ASSESSOR III;NAO INFORMADO; CARGO COMISSION.S/VINCULO;3691,80;;3691,80;383,88;3307,92;
MURILO ALVES DA CUNHA JUNIOR;REMANEJADOS SETRAB;TNS-I;; ESTATUTARIO;4219,07;;4219,07;475,03;3744,04;
NADEGE OLIVEIRA DA SILVA SANTOS;REMANEJADOS SETRAB;A.TEC-I;; ESTATUTARIO;3619,09;;3619,09;260,63;3358,46;
NADJA SIMOES BARBOSA BRITO;GABINETE DO SECRETARIO;A.TEC-I;; ESTATUTARIO;21070,50;;21070,50;6118,94;14951,56;
NAIRO SILVA ALENCAR;SECRETARIA EXECUTIVA;ASSESSOR III;NAO INFORMADO; CARGO COMISSION.S/VINCULO;3691,80;;3691,80;365,21;3326,59;
NATALIA FERREIRA DE FREITAS;SECRETARIA EXECUTIVA;CHEFE DE DEPARTAMENTO;NAO INFORMADO; CARGO COMISSION.S/VINCULO;5729,77;;5729,77;998,67;4731,10;
NAYRA DOS SANTOS MOUMEH;SECRETARIA EXECUTIVA;ASSESSOR II;NAO INFORMADO; CARGO COMISSION.S/VINCULO;4709,79;;4709,79;658,51;4051,28;
NAZARE MIRANDA DA SILVA;REMANEJADOS SETRAB;ASSISTENTE TECNICO 3A CLASSE;; ESTATUTARIO;4086,28;;4086,28;199,22;3887,06;
NEILA DO ROSÁRIO MONTEIRO DA SILVA;ASSESSORIA JURIDICA;ASSESSOR I;NAO INFORMADO; CARGO COMISSION.S/VINCULO;7473,03;;7473,03;1513,07;5959,96;
NEILA MARIA DANTAS AZRAK;SECRETARIA EXECUTIVA;SECRETARIO EXECUTIVO;NAO INFORMADO; CARGO COMISSION.S/VINCULO;12200,00;;12200,00;2865,12;9334,88;
NEILA MOREIRA DE OLIVEIRA;REMANEJADOS SETRAB;AGENTE ADMINISTRATIVO 3A CLASSE;; ESTATUTARIO;3477,54;;3477,54;163,97;3313,57;
NELSON DE SOUZA CALDAS JUNIOR;REMANEJADOS SETRAB;CHEFE DE DEPARTAMENTO;NAO INFORMADO; CARGO COMISSION.S/VINCULO;5729,77;;5729,77;956,01;4773,76;
NILSON TAVARES PIMENTEL;DEPTO.POL.P/O SETOR TERCIARIO;TECNICO DE INCENTIVO 1A.CL.-T.INC-I;; ESTATUTARIO;53053,28;13190,22;39863,06;12656,71;27206,35;
NILZA RITA FARIAS DE SOUZA;GABINETE DO SECRETARIO;SECRETARIO DO COMITE;NAO INFORMADO; CARGO COMISSION.S/VINCULO;5729,77;;5729,77;998,67;4731,10;
NINA JULIETTE BEST;SECRETARIA EXECUTIVA;CHEFE DE DEPARTAMENTO;NAO INFORMADO; CARGO COMISSION.S/VINCULO;5729,77;;5729,77;998,67;4731,10;
OLGA SANTANA DE FREITAS;CAMARAS IND.AG.C.S.T.B.M.P.EMP;A.TEC-I;ASSI.TEC.NI/REFIII; ESTATUTARIO;4752,04;;4752,04;474,52;4277,52;
ORCINEIDE MARIA DA SILVA OLIVEIRA;REMANEJADOS SETRAB;A.TEC-I;; ESTATUTARIO;3610,34;;3610,34;258,50;3351,84;
ORLEY DE ANDRADE GERONIMO;SECRETARIA EXECUTIVA;GERENTE;NAO INFORMADO; CARGO COMISSION.S/VINCULO;4709,79;;4709,79;658,51;4051,28;
OTAVIANO ANTONIO CAVALCANTI K SILVA;DEPTO.POL.IND.E COMERCIAIS;TECNICO DE INCENTIVO 1A.CL.-T.INC-I;; ESTATUTARIO;34494,47;;34494,47;11220,24;23274,23;
PATRICIA NINA FREITAS;SECRETARIA EXECUTIVA;ASSESSOR II;NAO INFORMADO; CARGO COMISSION.S/VINCULO;4709,79;;4709,79;600,85;4108,94;
PATRICIA RODRIGUES DE LIMA;SECRETARIA EXECUTIVA;GERENTE;NAO INFORMADO; CARGO COMISSION.S/VINCULO;4709,79;;4709,79;629,29;4080,50;
PAULA FRANCINETTE DE LIMA MONARI;DEPTO.DE DESENV.REGIONAL;A.TEC-I;; ESTATUTARIO;4001,63;;4001,63;345,74;3655,89;
PAULO DA COSTA FRANÇA;GERENCIA DE APOIO LOGISTICO;ASSESSOR III;ASSESSOR III; CARGO COMISSION.S/VINCULO;3691,80;;3691,80;365,21;3326,59;
PAULO RICARDO RODRIGUES DE SOUZA;DEPTO.DE ADM.E FINANCAS;CHEFE DE DEPARTAMENTO;; CARGO COMISSION.S/VINCULO;5729,77;;5729,77;998,67;4731,10;
POJUCAN JOSE BACELLAR DE SOUZA;ASSESSORIA DE COM.SOCIAL;TNS-I;; ESTATUTARIO;11385,15;;11385,15;2807,15;8578,00;
PRISCILA DA SILVA COSTA;GABINETE DO SECRETARIO;ASSESSOR III;; CARGO COMISSION.S/VINCULO;3691,80;;3691,80;383,88;3307,92;
PRISCYLLA DE PAULA DANTAS TOMAZ;GERENCIA DE GESTAO DE PESSOAL;ASSESSOR III;ASSESSOR III AD3; CARGO COMISSION.S/VINCULO;3691,80;;3691,80;383,88;3307,92;
RAIANE FONTES FERNANDES LOPES;SECRETARIA EXECUTIVA;ASSESSOR III;NAO INFORMADO; CARGO COMISSION.S/VINCULO;3691,80;;3691,80;383,88;3307,92;
RAIMUNDO EURIPEDES PAIVA;REMANEJADOS SETRAB;AUX.S.G-II;; ESTATUTARIO;2734,95;;2734,95;137,85;2597,10;
RAIMUNDO GILMAR VASCONCELOS BELEM;DEPTO.POL.IND.E COMERCIAIS;A.TEC-I;; ESTATUTARIO;18948,25;;18948,25;5559,05;13389,20;
RAIMUNDO NONATO SERUDO REBELO;REMANEJADOS SETRAB;A.TEC-I;; ESTATUTARIO;3214,34;;3214,34;172,64;3041,70;
RAIMUNDO NONATO SILVA DE OLIVEIRA;GERENCIA DE APOIO LOGISTICO;AUX.O-I;; ESTATUTARIO;3248,98;;3248,98;202,29;3046,69;
RAISSA CAVALCANTE DA SILVA;GABINETE DO SECRETARIO;SECRETARIO EXECUTIVO ADJUNTO;NAO INFORMADO; CARGO COMISSION.S/VINCULO;9500,00;;9500,00;2122,62;7377,38;
RAPHAEL DOS SANTOS PARA;GABINETE DO SECRETARIO;GERENTE;; CARGO COMISSION.S/VINCULO;4709,79;;4709,79;572,41;4137,38;
RENATO MENDES FREITAS;SECRETARIA EXECUTIVA;SECRETARIO EXECUTIVO;; DISP. OUTROS ESFERAS;10400,00;;10400,00;1801,00;8599,00;
RICHARDSON GUTEMBERG COUTINHO LEMOS;SECRETARIA EXECUTIVA;ASSESSOR III;NAO INFORMADO; CARGO COMISSION.S/VINCULO;3691,80;;3691,80;383,88;3307,92;
RITA CASSIA MATIAS DA SILVEIRA;REMANEJADOS SETRAB;AGENTE ADMINISTRATIVO 3A CLASSE;; ESTATUTARIO;3486,28;;3486,28;166,10;3320,18;
RITA DE CASSIA ALMEIDA LIMA;DEPTO.DE DESENV.REGIONAL;TNS-I;; ESTATUTARIO;6589,20;;6589,20;1058,89;5530,31;
ROOSEVELT ARAUJO FERREIRA;GERENCIA DE APOIO LOGISTICO;FISCAL RODOVIARIO;; ESTATUTARIO;3477,54;;3477,54;189,46;3288,08;
ROSA TEREZINHA ARANHA CARDOSO;REMANEJADOS SETRAB;A.TEC-I;CHEFE DE SERVICO; ESTATUTARIO;3204,74;;3204,74;230,73;2974,01;
ROSANGELA DE SOUZA BENTO;REMANEJADOS SETRAB;A.TEC-II;; ESTATUTARIO;4141,46;;4141,46;328,12;3813,34;
ROSEMARY SILVA DE BRITO;REMANEJADOS SETRAB;AUX.S.G-II;; ESTATUTARIO;3416,15;;3416,15;203,42;3212,73;
SÉRGIO ARA JO CALDEIRA BRANT;CAMARAS IND.AG.C.S.T.B.M.P.EMP;SECRETARIO DAS CAMARAS;NAO INFORMADO; CARGO COMISSION.S/VINCULO;5729,77;;5729,77;998,67;4731,10;
SABRINA SENA DA FONSECA;GERENCIA DE MAT. E PATRIMONIO;GERENTE;; CARGO COMISSION.S/VINCULO;4709,79;;4709,79;658,51;4051,28;
SAMEA MARIA ALMEIDA DE FREITAS;REMANEJADOS SETRAB;AUX.S.G-II;; ESTATUTARIO;2506,15;;2506,15;137,85;2368,30;
SAMUEL ARTUR MAIA MENDES;DEPARTAMENTO DE PLANEJAMENTO;GERENTE;; CARGO COMISSION.S/VINCULO;4709,79;;4709,79;658,51;4051,28;
SANDRA LEILA PINHEIRO DOS SANTOS;REMANEJADOS SETRAB;A.TEC-I;; ESTATUTARIO;3084,98;;3084,98;210,77;2874,21;
SANDRA MARIA ALEIXO DOS SANTOS;DEPTO.DES.ORG.E REC.HUMANOS;ASSISTENTE TECNICO 2A CLASSE;; ESTATUTARIO;4385,35;;4385,35;376,32;4009,03;
SANDRA MARIA PIRES JEHSUS;REMANEJADOS SETRAB;A.TEC-I;; ESTATUTARIO;3595,83;;3595,83;328,46;3267,37;
SIDELMA DA LUZ BARBOSA;REMANEJADOS SETRAB;MONITOR 3A CLASSE;; ESTATUTARIO;4095,02;;4095,02;258,22;3836,80;
SIDIA MARIA AMBROSIO DE OLIVEIRA;SECRETARIA EXECUTIVA;ASSESSOR III;NAO INFORMADO; CARGO COMISSION.S/VINCULO;3691,80;;3691,80;383,88;3307,92;
SIDNEY ARA JO DA SILVA;SECRETARIA EXECUTIVA;GERENTE;NAO INFORMADO; CARGO COMISSION.S/VINCULO;4709,79;;4709,79;658,51;4051,28;
SIGRID DA SILVA ABINADER;DEPTO.POL.IND.E COMERCIAIS;A.TEC-I;; ESTATUTARIO;25138,52;;25138,52;7582,68;17555,84;
SILENE RODRIGUES DE ALMEIDA;SEC.GER.CONS.DESEN.DO AM-CODAM;A.TEC-I;; ESTATUTARIO;13971,57;;13971,57;3743,50;10228,07;
SILVANO JANUARIO DA SILVA;REMANEJADOS SETRAB;A.TEC-II;; ESTATUTARIO;5355,28;;5355,28;538,29;4816,99;
SILVIA MARIA NASCIMENTO BRAGA;DEPTO.DE MICRO E PEQ.EMPRESA;A.TEC-I;; ESTATUTARIO;4382,98;;4382,98;374,39;4008,59;
SILVIA RODRIGUES DE MENEZES;CAMARAS IND.AG.C.S.T.B.M.P.EMP;A.TEC-II;; ESTATUTARIO;4176,05;;4176,05;337,13;3838,92;
SIMONE DA CONCEICAO PEREIRA ARAUJO;REMANEJADOS SETRAB;A.TEC-II;; ESTATUTARIO;4141,46;;4141,46;328,12;3813,34;
SONIA JANETE GUERRA DOS S GOMES;DEPARTAMENTO DE PLANEJAMENTO;ENGENHEIRO DE PESCA;SECRETARIO EXECUTIVO; ESTATUTARIO;13434,35;;13434,35;3065,39;10368,96;
SUBIAMARA SILVA LIRA;REMANEJADOS SETRAB;MONITOR 3A CLASSE;; ESTATUTARIO;2797,02;;2797,02;109,76;2687,26;
SUELY SANTOS PEREIRA;REMANEJADOS SETRAB;MONITOR 2A CLASSE;; ESTATUTARIO;4103,77;;4103,77;203,48;3900,29;
SYLVANIO RODRIGUES MEDEIROS;DEPTO.DE ANALISE ECONOMICA;GERENTE;NAO INFORMADO; CARGO COMISSION.S/VINCULO;4709,79;;4709,79;629,29;4080,50;
TANIA REGINA DE SA RIBEIRO;DEPARTAMENTO DE PLANEJAMENTO;TNS-II;GERENTE; ESTATUTARIO;6693,48;;6693,48;899,09;5794,39;
TATIANA SCHOR;SECRETARIA EXECUTIVA;SECRETARIO EXECUTIVO;; DISP. OUTROS ESFERAS;10400,00;;10400,00;1801,00;8599,00;
TELMA LUCIA NATIVIDADE ARAUJO;GERENCIA DE GESTAO DE PESSOAL;AGENTE ADMINISTRATIVO 3A CLASSE;GERENTE AD-2-; ESTATUTARIO;6873,71;;6873,71;887,51;5986,20;
THIAGO DE SOUZA LINS;GABINETE DO SECRETARIO;ASSESSOR II;NAO INFORMADO; CARGO COMISSION.S/VINCULO;4238,78;;4238,78;544,47;3694,31;
VANGRESSA COSTA DE LIMA;REMANEJADOS SETRAB;ASSESSOR III;; CARGO COMISSION.S/VINCULO;3691,80;;3691,80;350,99;3340,81;
VANIA RITA MARTINS DAS NEVES;GERENCIA DE GESTAO DE PESSOAL;A.TEC-I;; ESTATUTARIO;4529,92;;4529,92;396,38;4133,54;
VERA RUTH CONDURU CORREA;GERENCIA DE GESTAO DE PESSOAL;TNS-I;; ESTATUTARIO;4997,45;;4997,45;783,32;4214,13;
WALDIMAR PEDROSA DE SOUZA;DEPTO.DE ADMINIST.E FINANCAS;AUX.S.G-I;; ESTATUTARIO;11815,87;;11815,87;3166,74;8649,13;
WANDERLEY FEITOSA DA COSTA;GERENCIA DE APOIO LOGISTICO;GERENTE;NAO INFORMADO; CARGO COMISSION.S/VINCULO;4709,79;;4709,79;629,29;4080,50;
WILLIAM MONTEIRO DE FREITAS;REMANEJADOS SETRAB;MONITOR 2A CLASSE;; ESTATUTARIO;2805,77;;2805,77;111,30;2694,47;
WILSON BRITO E SILVA;SECRETARIA EXECUTIVA;GERENTE;NAO INFORMADO; CARGO COMISSION.S/VINCULO;4709,79;;4709,79;658,51;4051,28;
YASMIN KAMYLLA JACAUNA PEREIRA;ASSESSORIA JURIDICA;ASSESSOR IV;NAO INFORMADO; CARGO COMISSION.S/VINCULO;3675,61;;3675,61;379,53;3296,08;
ZACARIAS OLIVEIRA DA SILVA;GERENCIA DE APOIO LOGISTICO;MOT-II;; ESTATUTARIO;4252,91;;4252,91;347,45;3905,46;
