NOME;LOTACAO;CARGO;FUNCAO;VINCULO;REMUNERACAO LEGAL TOTAL(R$);DESC.TETO(R$); REMUNERACAO LEGAL DEVIDA(R$);DESCONTOS LEGAIS(R$);LIQUIDO DISPONIVEL(R$);
ACSA TOMAS LITAIFF;SUBCOMISSAO DE LICT.OBRAS.SERV;MEMBRO;; CONSELHO;7500,00;;7500,00;951,37;6548,63;
ADERSON BENTO PENAFORT;SUBCOMISSAO DE LICT.OBRAS.SERV;MEMBRO;; CONSELHO;7500,00;;7500,00;951,37;6548,63;
ADRIANA GABRIELLE A RAMPIN;SUBCOMISSAO DE LICT.OBRAS.SERV;MEMBRO;; CONSELHO;7500,00;;7500,00;1055,64;6444,36;
ADRIANA VENTILARI MARTINS;CORREGEDORIA;ASSESSOR I;NAO INFORMADO; CARGO COMISSION.S/VINCULO;5729,77;;5729,77;998,67;4731,10;
AGENOR DA COSTA BRAGA;DEPARTAMENTO EXECUTIVO;ASSESSOR I;NAO INFORMADO; CARGO COMISSION.S/VINCULO;3729,77;;3729,77;394,10;3335,67;
AGEU SÁ MONTEIRO;DEPARTAMENTO EXECUTIVO;ASSESSOR I;NAO INFORMADO; CARGO COMISSION.S/VINCULO;4729,77;;4729,77;665,17;4064,60;
ALBERT CESAR VIANA MONTEIRO;GABINETE DO PRESIDENTE;ASSIST.ADM.DA FAZENDA EST.3A.CL.IV;ASSESSOR II; ESTATUTARIO;4500,00;;4500,00;263,87;4236,13;
ALBERTO LUCIO DE SOUZA SIMONETTI;SUBCOMISSAO DE LICT.OBRAS.SERV;MEMBRO;; CONSELHO;7500,00;;7500,00;1003,50;6496,50;
ALEXANDRE BATISTA MENDES;SUBCOMISSAO DE LICT.OBRAS.SERV;MEMBRO;; CONSELHO;7500,00;;7500,00;1055,64;6444,36;
ALINE NEGREIROS MARINHO;SUBCOMISSAO DE LICT.OBRAS.SERV;MEMBRO;; CONSELHO;7500,00;;7500,00;1055,64;6444,36;
ANA CAROLINA YAMANE SANTOS;CORREGEDORIA;ASSESSOR I;NAO INFORMADO; CARGO COMISSION.S/VINCULO;4729,77;;4729,77;665,17;4064,60;
ANA RUTH FERREIRA DE ARAUJO;ASSESSORIA;ASSESSOR II;NAO INFORMADO; CARGO COMISSION.S/VINCULO;3709,79;;3709,79;388,72;3321,07;
ANDERSON ORTIZ GRANJA DE SOUZA;DEPARTAMENTO EXECUTIVO;ASSESSOR I;NAO INFORMADO; CARGO COMISSION.S/VINCULO;5729,77;;5729,77;998,67;4731,10;
ANDRE AFONSO DOS SANTOS LOUREIRO;DEPARTAMENTO DE ADMINISTRACAO;ASSESSOR III;ASSESSOR III AD-3; CARGO COMISSION.S/VINCULO;3691,80;;3691,80;383,88;3307,92;
ANDREA DE FATIMA S CAVALCANTI;GABINETE DO PRESIDENTE;ANALISTA DO TESOURO EST.3A.CL.IV;ASSESSOR III; ESTATUTARIO;3500,00;154,26;3345,74;42,19;3303,55;
ANDREA LASMAR DE MENDONÇA RAMOS;GABINETE DO PRESIDENTE;VICE-PRESIDENTE;NAO INFORMADO; CARGO COMISSION.S/VINCULO;12200,00;;12200,00;2865,12;9334,88;
ANTONIA NONATA DA SILVA GOMES;DEPARTAMENTO DE ADMINISTRACAO;ASSESSOR IV;ASSESSOR IV AD-4; CARGO COMISSION.S/VINCULO;2377,61;;2377,61;153,30;2224,31;
ANTONINA MARIA DE SOUSA PONTE;SUBCOMISSAO DE LICT.OBRAS.SERV;MEMBRO;; CONSELHO;7500,00;;7500,00;1055,64;6444,36;
ANTONIO JOSE GUERREIRO DA SILVA;SUBCOMISSAO DE LICT.OBRAS.SERV;MEMBRO;; CONSELHO;7500,00;;7500,00;1055,64;6444,36;
ANTONIO JURIMAR MAIA DE OLIVEIRA;DEPARTAMENTO DE ADMINISTRACAO;ASSESSOR IV;NAO INFORMADO; CARGO COMISSION.S/VINCULO;2679,61;;2679,61;183,18;2496,43;
ARIANE FURTADO DE CARVALHO;DEPARTAMENTO DE ADMINISTRACAO;ASSESSOR III;ASSESSOR III; CARGO COMISSION.S/VINCULO;3691,80;;3691,80;383,88;3307,92;
ARTUR CESAR NOGUEIRA PERDIGÃO;DEPARTAMENTO EXECUTIVO;ASSESSOR III;ASSESSOR III; CARGO COMISSION.S/VINCULO;3691,80;;3691,80;365,21;3326,59;
ARTUR DA SILVA RAMOS;DEPARTAMENTO EXECUTIVO;ASSESSOR III;NAO INFORMADO; CARGO COMISSION.S/VINCULO;3691,80;;3691,80;383,88;3307,92;
AUGUSTO LOBATO RODRIGUES GUIMARAES;DEPARTAMENTO EXECUTIVO;ASSESSOR II;NAO INFORMADO; CARGO COMISSION.S/VINCULO;3709,79;;3709,79;388,72;3321,07;
CAMILA MAYARA FIGUEIRA CAMELO;GABINETE DO PRESIDENTE;ASSESSOR I;NAO INFORMADO; CARGO COMISSION.S/VINCULO;4729,77;;4729,77;665,17;4064,60;
CARLOS AUGUSTO LAURIA NORONHA;SUBCOMISSAO DE LICT.OBRAS.SERV;MEMBRO;MEMBRO SUBCOMISSAO; CONSELHO;7500,00;;7500,00;951,37;6548,63;
CARLOS AUGUSTO NASCIMENTO NORMANDO;GABINETE DO PRESIDENTE;ASSESSOR IV;NAO INFORMADO; CARGO COMISSION.S/VINCULO;2165,61;;2165,61;134,22;2031,39;
CARLOS KLINGER DE PAULA SEGUNDO;DEPARTAMENTO EXECUTIVO;ASSESSOR III;NAO INFORMADO; CARGO COMISSION.S/VINCULO;3091,80;;3091,80;266,78;2825,02;
CHALLA DE MEDEIROS SILVA;DEPARTAMENTO EXECUTIVO;ASSESSOR I;NAO INFORMADO; CARGO COMISSION.S/VINCULO;4729,77;;4729,77;665,17;4064,60;
CIBELE SAMPAIO DE ARAUJO;SUBCOMISSAO DE LICT.OBRAS.SERV;MEMBRO;; CONSELHO;7500,00;;7500,00;1055,64;6444,36;
CIRO LUIZ PINHEIRO DE OLIVEIRA;SUBCOMISSAO DE LICT.OBRAS.SERV;MEMBRO;; CONSELHO;7500,00;;7500,00;1055,64;6444,36;
CLAUDETE RAMOS VILELA;GABINETE DO PRESIDENTE;ASSIST.ADM.DA FAZENDA EST.3A.CL.IV;ASSESSOR I; ESTATUTARIO;5500,00;;5500,00;505,64;4994,36;
CREUZA TEREZA PAULINO CAVALCANTE;SUBCOMISSAO DE LICT.OBRAS.SERV;MEMBRO;; CONSELHO;7500,00;;7500,00;1055,64;6444,36;
DAIANA DA SILVA MARTINS;GABINETE DO PRESIDENTE;ASSESSOR I;NAO INFORMADO; CARGO COMISSION.S/VINCULO;4729,77;;4729,77;665,17;4064,60;
DANIEL MAIA TEIXEIRA;DEPARTAMENTO EXECUTIVO;ASSESSOR II;NAO INFORMADO; CARGO COMISSION.S/VINCULO;4709,79;;4709,79;658,51;4051,28;
DANIEL OLIVEIRA LOBO COELHO;GABINETE DO PRESIDENTE;ASSESSOR I;NAO INFORMADO; CARGO COMISSION.S/VINCULO;5729,77;;5729,77;998,67;4731,10;
DANIEL PEREIRA DO CARMO;DEPARTAMENTO DE ADMINISTRACAO;ASSESSOR III;ASSESSOR III; CARGO COMISSION.S/VINCULO;3691,80;;3691,80;383,88;3307,92;
DANIELA HAYDEN DA SILVA BARROSO;SUBCOMISSAO DE LICT.OBRAS.SERV;MEMBRO;; CONSELHO;7500,00;;7500,00;951,37;6548,63;
DANIELA MORGANTINI TAVARES TEMPESTA;GABINETE DO PRESIDENTE;ASSESSOR I AD-1;; CARGO COMISSION.S/VINCULO;5729,77;;5729,77;998,67;4731,10;
DANIELLE DE MIRANDA PONTES;DEPARTAMENTO DE ADMINISTRACAO;ASSESSOR III;; CARGO COMISSION.S/VINCULO;2695,80;;2695,80;185,12;2510,68;
DAVISON RODRIGUES BATISTA;DEPARTAMENTO EXECUTIVO;ASSESSOR I;NAO INFORMADO; CARGO COMISSION.S/VINCULO;5729,77;;5729,77;998,67;4731,10;
DIEGO BARROS JACOB;DEPARTAMENTO EXECUTIVO;ASSESSOR III;ASSESSOR III; CARGO COMISSION.S/VINCULO;3691,80;;3691,80;383,88;3307,92;
DJALMA ALBERTO DE SOUZA OLIVEIRA;SUBCOMISSAO DE LICT.OBRAS.SERV;MEMBRO;; CONSELHO;7500,00;;7500,00;1003,50;6496,50;
EDILBERTO SOUZA DOS SANTOS;GABINETE DO PRESIDENTE;ASSIST.ADM.DA FAZENDA EST.3A.CL.IV;GERENTE; ESTATUTARIO;4500,00;;4500,00;221,21;4278,79;
EDIMAR FRANÇA DA SILVA;DEPARTAMENTO EXECUTIVO;ASSESSOR II;NAO INFORMADO; CARGO COMISSION.S/VINCULO;4709,79;;4709,79;658,51;4051,28;
EDSANDRA MAGALHAES FERREIRA;SUBCOMISSAO DE LICT.OBRAS.SERV;MEMBRO;MEMBRO; CONSELHO;7500,00;;7500,00;951,37;6548,63;
EDSON MELO DE SOUSA;GABINETE DO PRESIDENTE;ASSIST.ADM.DA FAZENDA EST.3A.CL.IV;GERENTE; ESTATUTARIO;4500,00;;4500,00;221,21;4278,79;
EDUARDO AUGUSTO DE SOUSA M MENDES;GABINETE DO PRESIDENTE;ANALISTA DO TESOURO EST.1A.CL.V;ASSESSOR III; ESTATUTARIO;4199,08;902,75;3296,33;38,49;3257,84;
EDVANIA CARLA DOS SANTOS PEREIRA;GABINETE DO PRESIDENTE;ASSESSOR II;NAO INFORMADO; CARGO COMISSION.S/VINCULO;4709,79;;4709,79;658,51;4051,28;
ELIZABETH ALVES CHAVES;GABINETE DO PRESIDENTE;ASSIST.ADM.DA FAZENDA EST.3A.CL.IV;ASSESSOR I; ESTATUTARIO;5500,00;;5500,00;505,64;4994,36;
ERE BIANCA PARENTE DE ASSIS;GABINETE DO PRESIDENTE;ASSESSOR I;ASSESSOR I AD-1; CARGO COMISSION.S/VINCULO;5729,77;;5729,77;998,67;4731,10;
ERICA DOS SANTOS VIEIRA;SUBCOMISSAO DE LICT.OBRAS.SERV;MEMBRO;; CONSELHO;7500,00;;7500,00;1055,64;6444,36;
ERICA GOMES ALVES;GABINETE DO PRESIDENTE;ASSESSOR III;NAO INFORMADO; CARGO COMISSION.S/VINCULO;3091,80;;3091,80;266,78;2825,02;
ERNALDO COSTA DA SILVA;DEPARTAMENTO DE ADMINISTRACAO;ASSESSOR III;; CARGO COMISSION.S/VINCULO;2695,80;;2695,80;185,12;2510,68;
ESTEFANY DOS SANTOS CARVALHO;GABINETE DO PRESIDENTE;ASSESSOR III;NAO INFORMADO; CARGO COMISSION.S/VINCULO;3091,80;;3091,80;266,78;2825,02;
EZEQUIEL MARQUES ARAUJO LIMA;DEPARTAMENTO DE ADMINISTRACAO;ASSESSOR III;; CARGO COMISSION.S/VINCULO;4755,73;;4755,73;641,64;4114,09;
FABIO BRUNO CAMPOS;DEPARTAMENTO DE ADMINISTRACAO;ASSESSOR III;NAO INFORMADO; CARGO COMISSION.S/VINCULO;3091,80;;3091,80;266,78;2825,02;
FABIO ROCHA SILVA;GABINETE DO PRESIDENTE;ASSIST.ADM.DA FAZENDA EST.3A.CL.IV;ASSESSOR III; ESTATUTARIO;3500,00;;3500,00;53,76;3446,24;
FABIOLA MOTA GUALBERTO LIMA;ASSESSORIA;ASSESSOR I;NAO INFORMADO; CARGO COMISSION.S/VINCULO;4729,77;;4729,77;665,17;4064,60;
FABRICIO MAFRA DA SILVA;GABINETE DO PRESIDENTE;ASSIST.ADM.DA FAZENDA EST.3A.CL.IV;GERENTE; ESTATUTARIO;4500,00;;4500,00;263,87;4236,13;
FELIPE SILVA DE LIMA;CORREGEDORIA;ASSESSOR III;NAO INFORMADO; CARGO COMISSION.S/VINCULO;2695,80;;2695,80;185,12;2510,68;
FELISMINO FRANCISCO SOARES NETO;SUBCOMISSAO DE LICT.OBRAS.SERV;MEMBRO;; CONSELHO;7500,00;;7500,00;1055,64;6444,36;
FERNANDO QUEIROZ DE LIMA;DEPARTAMENTO DE ADMINISTRACAO;ASSESSOR III;ASSESSOR III; CARGO COMISSION.S/VINCULO;2695,80;;2695,80;185,12;2510,68;
FIDEL FRANCISCO CONCEIÇÃO OLIVEIRA;DEPARTAMENTO EXECUTIVO;ASSESSOR III;NAO INFORMADO; CARGO COMISSION.S/VINCULO;3691,80;;3691,80;383,88;3307,92;
FLAVIANO DRUMOND DE OLIVEIRA;SUBCOMISSAO DE LICT.OBRAS.SERV;MEMBRO;; CONSELHO;7500,00;;7500,00;1003,50;6496,50;
GABRYELLE ROCHA DE LIMA BASTOS;GABINETE DO PRESIDENTE;ASSESSOR III;NAO INFORMADO; CARGO COMISSION.S/VINCULO;2695,80;;2695,80;185,12;2510,68;
GINA GUIMARAES CAMPELO;GABINETE DO PRESIDENTE;ASSESSOR III;NAO INFORMADO; CARGO COMISSION.S/VINCULO;2695,80;;2695,80;185,12;2510,68;
GISELLA FERREIRA DOS SANTOS LIMA;ASSESSORIA;ASSESSOR I;NAO INFORMADO; CARGO COMISSION.S/VINCULO;4729,77;;4729,77;665,17;4064,60;
GREICIANE FERREIRA BRASIL;DEPARTAMENTO DE ADMINISTRACAO;ASSESSOR IV;ASSESSOR IV; CARGO COMISSION.S/VINCULO;2377,61;;2377,61;153,30;2224,31;
GREYCE ELLEN ALVES MAIA CORREA;ASSESSORIA;ASSESSOR I;NAO INFORMADO; CARGO COMISSION.S/VINCULO;5729,77;;5729,77;998,67;4731,10;
GYESE KANAWATI LASMAR;SUBCOMISSAO DE LICT.OBRAS.SERV;MEMBRO;MEMBRO; CONSELHO;7500,00;;7500,00;951,37;6548,63;
HEDLEN MARIA BARROSO GUEDES FREITAS;GABINETE DO PRESIDENTE;ASSESSOR I;ASSESSOR I AD-1; CARGO COMISSION.S/VINCULO;5729,77;;5729,77;956,01;4773,76;
HELEN MARA BARROSO GUEDES OLIVEIRA;ASSESSORIA;ASSESSOR I;NAO INFORMADO; CARGO COMISSION.S/VINCULO;5729,77;;5729,77;998,67;4731,10;
IRIS MODESTO DE VERAS;CONSULTORIA JURIDICA;ASSESSOR III;NAO INFORMADO; CARGO COMISSION.S/VINCULO;3091,80;;3091,80;266,78;2825,02;
ISABEL MARIA DE ARAUJO BRITO;DEPARTAMENTO DE ADMINISTRACAO;ASSESSOR IV;ASSESSOR IV AD-4; CARGO COMISSION.S/VINCULO;2377,61;;2377,61;153,30;2224,31;
JACKSON ANTONIO BARBOZA DE SOUZA;DEPARTAMENTO EXECUTIVO;ASSESSOR II;NAO INFORMADO; CARGO COMISSION.S/VINCULO;3709,79;;3709,79;388,72;3321,07;
JAIME BATISTA DAS CHAGAS NETO;GABINETE DO PRESIDENTE;ASSESSOR III;NAO INFORMADO; CARGO COMISSION.S/VINCULO;2393,80;;2393,80;154,76;2239,04;
JAMES SALIM MUSSA;GABINETE DO PRESIDENTE;ASSESSOR I;NAO INFORMADO; CARGO COMISSION.S/VINCULO;5729,77;;5729,77;998,67;4731,10;
JAQUELINE CRUZ ALVES;DEPARTAMENTO DE ADMINISTRACAO;PROFESSOR PF20.LPL-IV;GERENTE AD-2; ESTATUTARIO;6674,76;;6674,76;1049,44;5625,32;
JARDEL SOUZA DE OLIVEIRA;ASSESSORIA;ASSESSOR III;NAO INFORMADO; CARGO COMISSION.S/VINCULO;3091,80;;3091,80;266,78;2825,02;
JAYNNE DE ARA JO MOREIRA;GABINETE DO PRESIDENTE;ASSESSOR III;NAO INFORMADO; CARGO COMISSION.S/VINCULO;3091,80;;3091,80;266,78;2825,02;
JOANNA DE LACERDA MOSS;GABINETE DO PRESIDENTE;ASSIST.ADM.DA FAZENDA EST.4A.CL.V;ASSESSOR II; ESTATUTARIO;4500,00;;4500,00;263,87;4236,13;
JOAO CARLOS BEZERRA DE A JUNIOR;SUBCOMISSAO DE LICT.OBRAS.SERV;MEMBRO;MEMBRO; CONSELHO;7500,00;;7500,00;426,00;7074,00;
JOSÉ DO ROSÁRIO SANTOS DRUMOND;DEPARTAMENTO DE ADMINISTRACAO;ASSESSOR IV;NAO INFORMADO; CARGO COMISSION.S/VINCULO;3406,15;;3406,15;325,24;3080,91;
JOSE JESUS MARIA SILVA FREITAS;GABINETE DO PRESIDENTE;TEC.DA FAZENDA ESTADUAL 1A.CL.V;ASSESSOR III; ESTATUTARIO;3500,00;;3500,00;67,98;3432,02;
JOSE RIBAMAR MAIA DE OLIVEIRA;DEPARTAMENTO DE ADMINISTRACAO;ASSESSOR III;NAO INFORMADO; CARGO COMISSION.S/VINCULO;2695,80;;2695,80;185,12;2510,68;
KAMILLA DE MIRANDA BRITO;DEPARTAMENTO EXECUTIVO;ASSESSOR III;NAO INFORMADO; CARGO COMISSION.S/VINCULO;2695,80;;2695,80;185,12;2510,68;
KELLEN ETHER REBELO;DEPARTAMENTO DE ADMINISTRACAO;GERENTE;NAO INFORMADO; CARGO COMISSION.S/VINCULO;4709,79;;4709,79;658,51;4051,28;
KLEYTON COSTA DE LIMA;DEPARTAMENTO DE ADMINISTRACAO;ASSESSOR III;; CARGO COMISSION.S/VINCULO;4755,73;;4755,73;584,76;4170,97;
KLYSSIA ALVES DA SILVA;CORREGEDORIA;ASSESSOR I;NAO INFORMADO; CARGO COMISSION.S/VINCULO;5729,77;;5729,77;998,67;4731,10;
LARISSA ANTONIA SARAIVA MELO;GABINETE DO PRESIDENTE;ASSESSOR III;NAO INFORMADO; CARGO COMISSION.S/VINCULO;3091,80;;3091,80;266,78;2825,02;
LEANDRO DA SILVA AGUIAR;SUBCOMISSAO DE LICT.OBRAS.SERV;MEMBRO;MEMBROSUBCOMISSAO; CONSELHO;7500,00;;7500,00;1055,64;6444,36;
LEANDRO MENEZES DOS SANTOS;ASSESSORIA;ASSESSOR I;NAO INFORMADO; CARGO COMISSION.S/VINCULO;5729,77;;5729,77;998,67;4731,10;
LEILA DE QUEIROZ PONTES;SUBCOMISSAO DE LICT.OBRAS.SERV;MEMBRO;MEMBRO; CONSELHO;7500,00;;7500,00;1055,64;6444,36;
LEONARDO LIMA TOLEDANO;CORREGEDORIA;ASSESSOR I;ASSESSOR I; CARGO COMISSION.S/VINCULO;5729,77;;5729,77;998,67;4731,10;
LEONICE DAVINA DE LIMA CARDOSO;GABINETE DO PRESIDENTE;ASSESSOR II;NAO INFORMADO; CARGO COMISSION.S/VINCULO;4709,79;;4709,79;658,51;4051,28;
LEUDES ARA JO DE OLIVEIRA;DEPARTAMENTO EXECUTIVO;ASSESSOR I;NAO INFORMADO; CARGO COMISSION.S/VINCULO;3729,77;;3729,77;394,10;3335,67;
LUANA MODESTO VERAS;DEPARTAMENTO EXECUTIVO;ASSESSOR I;NAO INFORMADO; CARGO COMISSION.S/VINCULO;4729,77;;4729,77;665,17;4064,60;
LUANA MUNIZ DE OLIVEIRA;GABINETE DO PRESIDENTE;ASSESSOR III;NAO INFORMADO; CARGO COMISSION.S/VINCULO;3091,80;;3091,80;266,78;2825,02;
LUCAS PIMENTEL VIEIRA;DEPARTAMENTO DE ADMINISTRACAO;ASSESSOR III;NAO INFORMADO; CARGO COMISSION.S/VINCULO;3091,80;;3091,80;266,78;2825,02;
LUCIANA COUTO CRESPO;SUBCOMISSAO DE LICT.OBRAS.SERV;MEMBRO;; CONSELHO;7500,00;;7500,00;1003,50;6496,50;
LUCIO ANTONIO SIMOES MONTEIRO;CORREGEDORIA;ASSESSOR I;NAO INFORMADO; CARGO COMISSION.S/VINCULO;5729,77;;5729,77;998,67;4731,10;
LUIZ ANDRE LIMA DE OLIVEIRA;GABINETE DO PRESIDENTE;ASSESSOR III;NAO INFORMADO; CARGO COMISSION.S/VINCULO;3691,80;;3691,80;383,88;3307,92;
MANUEL VILDO TIAGO;DEPARTAMENTO DE ADMINISTRACAO;ASSESSOR III;NAO INFORMADO; CARGO COMISSION.S/VINCULO;2030,80;;2030,80;122,09;1908,71;
MARCELO MARCUS NOGUEIRA MARTINS;DEPARTAMENTO EXECUTIVO;ASSESSOR I;NAO INFORMADO; CARGO COMISSION.S/VINCULO;4729,77;;4729,77;665,17;4064,60;
MARCO AURELIO RIBEIRO ESTEVES;DEPARTAMENTO DE ADMINISTRACAO;ASSESSOR III;; CARGO COMISSION.S/VINCULO;3691,80;;3691,80;383,88;3307,92;
MARIA INES SANTIAGO CAVALEIRO MELO;GABINETE DO PRESIDENTE;ASSESSOR I;; CARGO COMISSION.S/VINCULO;5729,77;;5729,77;998,67;4731,10;
MARIA LUIZA SANTANA DE OLIVEIRA;DEPARTAMENTO DE ADMINISTRACAO;ASSESSOR III;NAO INFORMADO; CARGO COMISSION.S/VINCULO;2695,80;;2695,80;185,12;2510,68;
MARLA MARYANNY STONE DO AMARAL;DEPARTAMENTO EXECUTIVO;ASSESSOR II;NAO INFORMADO; CARGO COMISSION.S/VINCULO;4709,79;;4709,79;658,51;4051,28;
MATHEUS BRITO DOS SANTOS;GABINETE DO PRESIDENTE;GERENTE;GERENTE; CARGO COMISSION.S/VINCULO;4709,79;;4709,79;658,51;4051,28;
MELYNDA MARIA VIEIRALVES BECKER;GABINETE DO PRESIDENTE;ASSESSOR I;; CARGO COMISSION.S/VINCULO;5729,77;;5729,77;998,67;4731,10;
MICHELE KAKIHARA;GABINETE DO PRESIDENTE;ASSIST.ADM.DA FAZENDA EST.3A.CL.IV;ASSESSOR III; ESTATUTARIO;3500,00;;3500,00;95,20;3404,80;
MIUCHA SANTAREM FAVACHO;ASSESSORIA;ASSESSOR I;NAO INFORMADO; CARGO COMISSION.S/VINCULO;5729,77;;5729,77;998,67;4731,10;
NATASHA MELO DE MENDONCA;DEPARTAMENTO EXECUTIVO;ASSESSOR III;NAO INFORMADO; CARGO COMISSION.S/VINCULO;3091,80;;3091,80;266,78;2825,02;
NATHALIA DE PAULA VASCONCELOS;GABINETE DO PRESIDENTE;ASSESSOR III;NAO INFORMADO; CARGO COMISSION.S/VINCULO;3091,80;;3091,80;266,78;2825,02;
NAYLA GONÇALVES LIMA LOBATO;ASSESSORIA;ASSESSOR I;NAO INFORMADO; CARGO COMISSION.S/VINCULO;5729,77;;5729,77;998,67;4731,10;
ORLEANDESON SILVA DE CASTRO;GABINETE DO PRESIDENTE;ASSESSOR I;NAO INFORMADO; CARGO COMISSION.S/VINCULO;5729,77;;5729,77;998,67;4731,10;
PAOLA DI ANGELIS BRASIL PASSOS;DEPARTAMENTO DE ADMINISTRACAO;GERENTE;NAO INFORMADO; CARGO COMISSION.S/VINCULO;4709,79;;4709,79;629,29;4080,50;
PATRICIA RENATA DE Q NASCIMENTO;DEPARTAMENTO DE ADMINISTRACAO;ASSESSOR II;NAO INFORMADO; CARGO COMISSION.S/VINCULO;3709,79;;3709,79;388,72;3321,07;
PAULINE CHIXARO VOSS;ASSESSORIA;ASSESSOR I;NAO INFORMADO; CARGO COMISSION.S/VINCULO;5729,77;;5729,77;998,67;4731,10;
PAULO ROBERTO COLARES CAVALCANTE;GABINETE DO PRESIDENTE;ASSESSOR I;NAO INFORMADO; CARGO COMISSION.S/VINCULO;5729,77;;5729,77;998,67;4731,10;
PRISCIANY COSTA DE FREITAS;GABINETE DO PRESIDENTE;ASSESSOR I;; CARGO COMISSION.S/VINCULO;5729,77;;5729,77;998,67;4731,10;
RAFAEL BASTOS ARAUJO;SUBCOMISSAO DE LICT.OBRAS.SERV;MEMBRO;; CONSELHO;7500,00;;7500,00;1055,64;6444,36;
RAIMUNDO NONATO MAPURUNGA DA FROTA;GABINETE DO PRESIDENTE;TEC.DA FAZENDA ESTADUAL 3A.CL.IV;ASSESSOR III; ESTATUTARIO;3500,00;;3500,00;67,98;3432,02;
RAISSA LOPES ELIAS STONE;GABINETE DO PRESIDENTE;ASSESSOR I;; CARGO COMISSION.S/VINCULO;2963,44;;2963,44;335,91;2627,53;
ROBERSON PAULO DA SILVA;CORREGEDORIA;ASSESSOR I;ASSESSOR I; CARGO COMISSION.S/VINCULO;7473,03;;7473,03;1565,21;5907,82;
RODRIGO NELSON AMARAL OLIVEIRA;GABINETE DO PRESIDENTE;ASSESSOR I;NAO INFORMADO; CARGO COMISSION.S/VINCULO;4729,77;;4729,77;665,17;4064,60;
RODRIGO RODRIGUES DO COUTO;DEPARTAMENTO EXECUTIVO;ASSESSOR III;NAO INFORMADO; CARGO COMISSION.S/VINCULO;3691,80;;3691,80;383,88;3307,92;
ROSANY SIMÕES CHAVES;CORREGEDORIA;ASSESSOR I;NAO INFORMADO; CARGO COMISSION.S/VINCULO;5729,77;;5729,77;998,67;4731,10;
ROZANA DE ALMEIDA FARIAS;CORREGEDORIA;ASSESSOR III;NAO INFORMADO; CARGO COMISSION.S/VINCULO;3691,80;;3691,80;383,88;3307,92;
RUI JORGE PIEDADE DE LIMA;DEPARTAMENTO DE ADMINISTRACAO;ASSESSOR IV;ASSESSOR IV; CARGO COMISSION.S/VINCULO;2679,61;;2679,61;183,18;2496,43;
SALIME SOUZA NOBREGA;DEPARTAMENTO EXECUTIVO;ASSESSOR I;NAO INFORMADO; CARGO COMISSION.S/VINCULO;5729,77;;5729,77;998,67;4731,10;
SAMANTA GONZAGA DE FIGUEIREDO;DEPARTAMENTO EXECUTIVO;ASSESSOR IV;ASSESSOR IV; CARGO COMISSION.S/VINCULO;3675,61;;3675,61;379,53;3296,08;
SAMUEL PINHEIRO WANDERLEY DA SILVA;GABINETE DO PRESIDENTE;ASSESSOR III;NAO INFORMADO; CARGO COMISSION.S/VINCULO;3091,80;;3091,80;266,78;2825,02;
SANNY SAHDO CETRARO;SUBCOMISSAO DE LICT.OBRAS.SERV;MEMBRO;MEMBRO; CONSELHO;7500,00;;7500,00;951,37;6548,63;
SAYTA MOANA MARTINS SOARES;GABINETE DO PRESIDENTE;ASSESSOR III;NAO INFORMADO; CARGO COMISSION.S/VINCULO;3691,80;;3691,80;383,88;3307,92;
SIMONE DA COSTA MARTINS ESTEVAM;DEPARTAMENTO DE ADMINISTRACAO;ASSESSOR IV;ASSESSOR IV AD-4; CARGO COMISSION.S/VINCULO;2377,61;;2377,61;153,30;2224,31;
SORAYA LOPES NERY;GABINETE DO PRESIDENTE;ASSESSOR III;NAO INFORMADO; CARGO COMISSION.S/VINCULO;3691,80;;3691,80;383,88;3307,92;
STELLA BRUNA DE JESUS P C MARTINS;DEPARTAMENTO EXECUTIVO;ASSESSOR I;NAO INFORMADO; CARGO COMISSION.S/VINCULO;4729,77;;4729,77;665,17;4064,60;
TALITA PIMENTA CORREA;DEPARTAMENTO DE ADMINISTRACAO;ASSESSOR III;ASSESSOR III AD-3; CARGO COMISSION.S/VINCULO;3427,73;;3427,73;329,26;3098,47;
TATIANA CORREA ALVES;DEPARTAMENTO DE ADMINISTRACAO;ASSESSOR III;; CARGO COMISSION.S/VINCULO;3691,80;;3691,80;365,21;3326,59;
TATIANNE PEREIRA NAZARE;ASSESSORIA;ASSESSOR I;NAO INFORMADO; CARGO COMISSION.S/VINCULO;5729,77;;5729,77;998,67;4731,10;
THAIS MARTINS ALVES;CORREGEDORIA;ASSESSOR I;NAO INFORMADO; CARGO COMISSION.S/VINCULO;5729,77;;5729,77;913,36;4816,41;
THAIZA FABIANE CARRIÇO CORREA;ASSESSORIA;ASSESSOR I;NAO INFORMADO; CARGO COMISSION.S/VINCULO;7473,03;;7473,03;1460,93;6012,10;
THATIANE MUNIZ TAVARES;GABINETE DO PRESIDENTE;ASSESSOR III;NAO INFORMADO; CARGO COMISSION.S/VINCULO;3691,80;;3691,80;383,88;3307,92;
THIAGO ANDRADE CASTELLO BRANCO;SUBCOMISSAO DE LICT.OBRAS.SERV;MEMBRO;MEMBRO SUBCOMISSAO; CONSELHO;7500,00;;7500,00;1003,50;6496,50;
THIAGO FLORES DOS SANTOS;SUBCOMISSAO DE LICT.OBRAS.SERV;MEMBRO;; CONSELHO;7500,00;;7500,00;1055,64;6444,36;
VAN DAMME ALBUQUERQUE PAES;GABINETE DO PRESIDENTE;ASSESSOR III;NAO INFORMADO; CARGO COMISSION.S/VINCULO;3091,80;;3091,80;266,78;2825,02;
VANESSA DA SILVA JACAUNA;ASSESSORIA;ASSESSOR I;NAO INFORMADO; CARGO COMISSION.S/VINCULO;5729,77;;5729,77;998,67;4731,10;
VANESSA ROSAS KRAMER;GABINETE DO PRESIDENTE;ASSESSOR I;NAO INFORMADO; CARGO COMISSION.S/VINCULO;5729,77;;5729,77;998,67;4731,10;
WAGNER DE ALMEIDA SILVA;DEPARTAMENTO DE ADMINISTRACAO;ASSESSOR III;ASSESSOR III AD-3; CARGO COMISSION.S/VINCULO;3691,80;;3691,80;383,88;3307,92;
WALTER SIQUEIRA BRITO;GABINETE DO PRESIDENTE;PRESIDENTE;NAO INFORMADO; DISP. OUTROS ESFERAS;24351,00;14823,74;9527,26;1613,14;7914,12;
WILSON ALEXANDRE TAVARES;DEPARTAMENTO DE ADMINISTRACAO;ASSESSOR III;; CARGO COMISSION.S/VINCULO;3091,80;;3091,80;266,78;2825,02;
WIVIANNE SANTOS DA SILVA;ASSESSORIA;ASSESSOR I;NAO INFORMADO; CARGO COMISSION.S/VINCULO;4729,77;;4729,77;665,17;4064,60;
YASMIN KANANDA COSTA DE LIMA MELO;ASSESSORIA;ASSESSOR I;NAO INFORMADO; CARGO COMISSION.S/VINCULO;5729,77;;5729,77;998,67;4731,10;
