NOME;LOTACAO;CARGO;FUNCAO;VINCULO;REMUNERACAO LEGAL TOTAL(R$);DESC.TETO(R$); REMUNERACAO LEGAL DEVIDA(R$);DESCONTOS LEGAIS(R$);LIQUIDO DISPONIVEL(R$);
ACSA TOMAS LITAIFF;SUBCOMISSAO DE LICT.OBRAS.SERV;MEMBRO;; CONSELHO;7000,00;;7000,00;951,37;6048,63;
ADERSON BENTO PENAFORT;SUBCOMISSAO DE LICT.OBRAS.SERV;MEMBRO;; CONSELHO;7000,00;;7000,00;951,37;6048,63;
ADRIANA GABRIELLE A RAMPIN;SUBCOMISSAO DE LICT.OBRAS.SERV;MEMBRO;; CONSELHO;7000,00;;7000,00;1055,64;5944,36;
ADRIANA VENTILARI MARTINS;CORREGEDORIA;ASSESSOR I;NAO INFORMADO; CARGO COMISSION.S/VINCULO;5229,77;;5229,77;998,67;4231,10;
AGEU SÁ MONTEIRO;DEPARTAMENTO EXECUTIVO;ASSESSOR I;ASSESSOR I; CARGO COMISSION.S/VINCULO;5229,77;;5229,77;998,67;4231,10;
ALBERT CESAR VIANA MONTEIRO;GABINETE DO PRESIDENTE;ASSIST.ADM.DA FAZENDA EST.3A.CL.IV;ASSESSOR II; ESTATUTARIO;4000,00;;4000,00;263,87;3736,13;
ALBERTO LUCIO DE SOUZA SIMONETTI;SUBCOMISSAO DE LICT.OBRAS.SERV;MEMBRO;; CONSELHO;7000,00;;7000,00;1003,50;5996,50;
ALDINE DE AGUIAR CASTRO GOMES;GABINETE DO PRESIDENTE;ASSESSOR I;NAO INFORMADO; CARGO COMISSION.S/VINCULO;4229,77;;4229,77;665,17;3564,60;
ALESSANDRA ROBERTA DE SOUSA GOMES;GABINETE DO PRESIDENTE;TEC.DA FAZENDA ESTADUAL 3A.CL.IV;ASSESSOR III; ESTATUTARIO;6000,00;;6000,00;780,64;5219,36;
ALEXANDRE BATISTA MENDES;SUBCOMISSAO DE LICT.OBRAS.SERV;MEMBRO;; CONSELHO;7000,00;;7000,00;1003,50;5996,50;
ALINE NEGREIROS MARINHO;SUBCOMISSAO DE LICT.OBRAS.SERV;MEMBRO;; CONSELHO;7000,00;;7000,00;1003,50;5996,50;
ANA CAROLINA YAMANE SANTOS;CORREGEDORIA;ASSESSOR I;NAO INFORMADO; CARGO COMISSION.S/VINCULO;4229,77;;4229,77;665,17;3564,60;
ANA RUTH FERREIRA DE ARAUJO;ASSESSORIA;ASSESSOR II;NAO INFORMADO; CARGO COMISSION.S/VINCULO;3209,79;;3209,79;388,72;2821,07;
ANDERSON ORTIZ GRANJA DE SOUZA;DEPARTAMENTO EXECUTIVO;ASSESSOR I;NAO INFORMADO; CARGO COMISSION.S/VINCULO;5229,77;;5229,77;998,67;4231,10;
ANDRE AFONSO DOS SANTOS LOUREIRO;DEPARTAMENTO DE ADMINISTRACAO;ASSESSOR III;ASSESSOR III AD-3; CARGO COMISSION.S/VINCULO;3191,80;;3191,80;383,88;2807,92;
ANDREA DE FATIMA S CAVALCANTI;GABINETE DO PRESIDENTE;ANALISTA DO TESOURO EST.3A.CL.IV;ASSESSOR III; ESTATUTARIO;3000,00;154,26;2845,74;42,19;2803,55;
ANDREA LASMAR DE MENDONÇA RAMOS;GABINETE DO PRESIDENTE;VICE-PRESIDENTE;NAO INFORMADO; CARGO COMISSION.S/VINCULO;11700,00;;11700,00;2865,12;8834,88;
ANTONIA NONATA DA SILVA GOMES;DEPARTAMENTO DE ADMINISTRACAO;ASSESSOR IV;ASSESSOR IV AD-4; CARGO COMISSION.S/VINCULO;1877,61;;1877,61;153,30;1724,31;
ANTONINA MARIA DE SOUSA PONTE;SUBCOMISSAO DE LICT.OBRAS.SERV;MEMBRO;; CONSELHO;7000,00;;7000,00;1055,64;5944,36;
ANTONIO JOSE GUERREIRO DA SILVA;SUBCOMISSAO DE LICT.OBRAS.SERV;MEMBRO;; CONSELHO;7000,00;;7000,00;1055,64;5944,36;
ANTONIO JURIMAR MAIA DE OLIVEIRA;DEPARTAMENTO DE ADMINISTRACAO;ASSESSOR IV;NAO INFORMADO; CARGO COMISSION.S/VINCULO;2179,61;;2179,61;183,18;1996,43;
ARIANE FURTADO DE CARVALHO;DEPARTAMENTO DE ADMINISTRACAO;ASSESSOR III;ASSESSOR III; CARGO COMISSION.S/VINCULO;3191,80;;3191,80;383,88;2807,92;
ARTUR CESAR NOGUEIRA PERDIGÃO;DEPARTAMENTO EXECUTIVO;ASSESSOR III;ASSESSOR III; CARGO COMISSION.S/VINCULO;3191,80;;3191,80;365,21;2826,59;
ARTUR DA SILVA RAMOS;DEPARTAMENTO EXECUTIVO;ASSESSOR III;NAO INFORMADO; CARGO COMISSION.S/VINCULO;3191,80;;3191,80;383,88;2807,92;
AUGUSTO LOBATO RODRIGUES GUIMARAES;DEPARTAMENTO EXECUTIVO;ASSESSOR II;NAO INFORMADO; CARGO COMISSION.S/VINCULO;3209,79;;3209,79;388,72;2821,07;
CAMILA MAYARA FIGUEIRA CAMELO;GABINETE DO PRESIDENTE;ASSESSOR I;NAO INFORMADO; CARGO COMISSION.S/VINCULO;4229,77;;4229,77;665,17;3564,60;
CARLOS AUGUSTO LAURIA NORONHA;SUBCOMISSAO DE LICT.OBRAS.SERV;MEMBRO;MEMBRO SUBCOMISSAO; CONSELHO;7000,00;;7000,00;951,37;6048,63;
CARLOS AUGUSTO NASCIMENTO NORMANDO;GABINETE DO PRESIDENTE;ASSESSOR IV;NAO INFORMADO; CARGO COMISSION.S/VINCULO;1665,61;;1665,61;134,22;1531,39;
CARLOS KLINGER DE PAULA SEGUNDO;DEPARTAMENTO EXECUTIVO;ASSESSOR III;NAO INFORMADO; CARGO COMISSION.S/VINCULO;2591,80;;2591,80;266,78;2325,02;
CHALLA DE MEDEIROS SILVA;DEPARTAMENTO EXECUTIVO;ASSESSOR I;NAO INFORMADO; CARGO COMISSION.S/VINCULO;4229,77;;4229,77;665,17;3564,60;
CIBELE SAMPAIO DE ARAUJO;SUBCOMISSAO DE LICT.OBRAS.SERV;MEMBRO;; CONSELHO;7000,00;;7000,00;1055,64;5944,36;
CIRO LUIZ PINHEIRO DE OLIVEIRA;SUBCOMISSAO DE LICT.OBRAS.SERV;MEMBRO;; CONSELHO;7000,00;;7000,00;1055,64;5944,36;
CLAUDETE RAMOS VILELA;GABINETE DO PRESIDENTE;ASSIST.ADM.DA FAZENDA EST.3A.CL.IV;ASSESSOR II; ESTATUTARIO;4000,00;;4000,00;263,87;3736,13;
CREUZA TEREZA PAULINO CAVALCANTE;SUBCOMISSAO DE LICT.OBRAS.SERV;MEMBRO;; CONSELHO;7000,00;;7000,00;1055,64;5944,36;
DAIANA DA SILVA MARTINS;GABINETE DO PRESIDENTE;ASSESSOR I;NAO INFORMADO; CARGO COMISSION.S/VINCULO;4229,77;;4229,77;665,17;3564,60;
DANIEL MAIA TEIXEIRA;DEPARTAMENTO EXECUTIVO;ASSESSOR II;ASSESSOR II; CARGO COMISSION.S/VINCULO;3209,79;;3209,79;388,72;2821,07;
DANIEL PEREIRA DO CARMO;DEPARTAMENTO DE ADMINISTRACAO;ASSESSOR III;ASSESSOR III; CARGO COMISSION.S/VINCULO;3191,80;;3191,80;383,88;2807,92;
DANIELA FREITAS DE A BULCAO;GABINETE DO PRESIDENTE;ASSESSOR I;NAO INFORMADO; CARGO COMISSION.S/VINCULO;5229,77;;5229,77;913,36;4316,41;
DANIELA HAYDEN DA SILVA BARROSO;SUBCOMISSAO DE LICT.OBRAS.SERV;MEMBRO;; CONSELHO;7000,00;;7000,00;951,37;6048,63;
DANIELA MORGANTINI TAVARES TEMPESTA;GABINETE DO PRESIDENTE;ASSESSOR I AD-1;; CARGO COMISSION.S/VINCULO;5229,77;;5229,77;998,67;4231,10;
DANIELLE DE MIRANDA PONTES;DEPARTAMENTO DE ADMINISTRACAO;ASSESSOR III;; CARGO COMISSION.S/VINCULO;2195,80;;2195,80;185,12;2010,68;
DAVISON RODRIGUES BATISTA;SUBCOMISSAO DE LICT.OBRAS.SERV;MEMBRO;; CONSELHO;7000,00;;7000,00;1055,64;5944,36;
DIEGO BARROS JACOB;DEPARTAMENTO EXECUTIVO;ASSESSOR III;ASSESSOR III; CARGO COMISSION.S/VINCULO;3191,80;;3191,80;383,88;2807,92;
DJALMA ALBERTO DE SOUZA OLIVEIRA;SUBCOMISSAO DE LICT.OBRAS.SERV;MEMBRO;; CONSELHO;7000,00;;7000,00;1003,50;5996,50;
EDILBERTO SOUZA DOS SANTOS;GABINETE DO PRESIDENTE;ASSIST.ADM.DA FAZENDA EST.3A.CL.IV;GERENTE; ESTATUTARIO;4000,00;;4000,00;221,21;3778,79;
EDIMAR FRANÇA DA SILVA;DEPARTAMENTO EXECUTIVO;ASSESSOR II;NAO INFORMADO; CARGO COMISSION.S/VINCULO;4209,79;;4209,79;600,85;3608,94;
EDSANDRA MAGALHAES FERREIRA;SUBCOMISSAO DE LICT.OBRAS.SERV;MEMBRO;MEMBRO; CONSELHO;7000,00;;7000,00;951,37;6048,63;
EDSON MELO DE SOUSA;GABINETE DO PRESIDENTE;ASSIST.ADM.DA FAZENDA EST.3A.CL.IV;GERENTE; ESTATUTARIO;4000,00;;4000,00;221,21;3778,79;
EDUARDO AUGUSTO DE SOUSA M MENDES;GABINETE DO PRESIDENTE;ANALISTA DO TESOURO EST.1A.CL.V;ASSESSOR III; ESTATUTARIO;3000,00;902,75;2097,25;;2097,25;
EDVANIA CARLA DOS SANTOS PEREIRA;GABINETE DO PRESIDENTE;ASSESSOR III;NAO INFORMADO; CARGO COMISSION.S/VINCULO;3191,80;;3191,80;383,88;2807,92;
ELIZABETH ALVES CHAVES;GABINETE DO PRESIDENTE;ASSIST.ADM.DA FAZENDA EST.3A.CL.IV;ASSESSOR I; ESTATUTARIO;5000,00;;5000,00;505,64;4494,36;
ERE BIANCA PARENTE DE ASSIS;GABINETE DO PRESIDENTE;ASSESSOR I;ASSESSOR I AD-1; CARGO COMISSION.S/VINCULO;5229,77;;5229,77;956,01;4273,76;
ERICA DOS SANTOS VIEIRA;SUBCOMISSAO DE LICT.OBRAS.SERV;MEMBRO;; CONSELHO;7000,00;;7000,00;1055,64;5944,36;
ERICA GOMES ALVES;GABINETE DO PRESIDENTE;ASSESSOR III;NAO INFORMADO; CARGO COMISSION.S/VINCULO;2591,80;;2591,80;266,78;2325,02;
ERNALDO COSTA DA SILVA;DEPARTAMENTO DE ADMINISTRACAO;ASSESSOR III;; CARGO COMISSION.S/VINCULO;2195,80;;2195,80;185,12;2010,68;
ESTEFANY DOS SANTOS CARVALHO;GABINETE DO PRESIDENTE;ASSESSOR III;NAO INFORMADO; CARGO COMISSION.S/VINCULO;2591,80;;2591,80;266,78;2325,02;
EZEQUIEL MARQUES ARAUJO LIMA;DEPARTAMENTO DE ADMINISTRACAO;ASSESSOR III;; CARGO COMISSION.S/VINCULO;3191,80;;3191,80;365,21;2826,59;
FABIO BARBOSA PEREIRA;GABINETE DO PRESIDENTE;TEC.DA FAZENDA ESTADUAL 3A.CL.IV;ASSESSOR III; ESTATUTARIO;3000,00;;3000,00;67,98;2932,02;
FABIO BRUNO CAMPOS;DEPARTAMENTO DE ADMINISTRACAO;ASSESSOR III;NAO INFORMADO; CARGO COMISSION.S/VINCULO;2591,80;;2591,80;266,78;2325,02;
FABIO ROCHA SILVA;GABINETE DO PRESIDENTE;ASSIST.ADM.DA FAZENDA EST.3A.CL.IV;ASSESSOR III; ESTATUTARIO;3000,00;;3000,00;53,76;2946,24;
FABIOLA MOTA GUALBERTO LIMA;ASSESSORIA;ASSESSOR I;NAO INFORMADO; CARGO COMISSION.S/VINCULO;4229,77;;4229,77;634,66;3595,11;
FABRICIO MAFRA DA SILVA;GABINETE DO PRESIDENTE;ASSIST.ADM.DA FAZENDA EST.3A.CL.IV;GERENTE; ESTATUTARIO;4000,00;;4000,00;263,87;3736,13;
FELIPE SILVA DE LIMA;CORREGEDORIA;ASSESSOR I;NAO INFORMADO; CARGO COMISSION.S/VINCULO;5229,77;;5229,77;998,67;4231,10;
FELISMINO FRANCISCO SOARES NETO;SUBCOMISSAO DE LICT.OBRAS.SERV;MEMBRO;; CONSELHO;7000,00;;7000,00;1055,64;5944,36;
FERNANDO QUEIROZ DE LIMA;DEPARTAMENTO DE ADMINISTRACAO;ASSESSOR III;ASSESSOR III; CARGO COMISSION.S/VINCULO;2195,80;;2195,80;185,12;2010,68;
FIDEL FRANCISCO CONCEIÇÃO OLIVEIRA;DEPARTAMENTO EXECUTIVO;ASSESSOR III;NAO INFORMADO; CARGO COMISSION.S/VINCULO;3191,80;;3191,80;383,88;2807,92;
FLAVIANO DRUMOND DE OLIVEIRA;SUBCOMISSAO DE LICT.OBRAS.SERV;MEMBRO;; CONSELHO;7000,00;;7000,00;951,37;6048,63;
GABRYELLE ROCHA DE LIMA BASTOS;GABINETE DO PRESIDENTE;ASSESSOR III;NAO INFORMADO; CARGO COMISSION.S/VINCULO;2927,73;;2927,73;329,26;2598,47;
GINA GUIMARAES CAMPELO;GABINETE DO PRESIDENTE;ASSESSOR III;NAO INFORMADO; CARGO COMISSION.S/VINCULO;2927,73;;2927,73;329,26;2598,47;
GREICIANE FERREIRA BRASIL;DEPARTAMENTO DE ADMINISTRACAO;ASSESSOR IV;ASSESSOR IV; CARGO COMISSION.S/VINCULO;1877,61;;1877,61;153,30;1724,31;
GREYCE ELLEN ALVES MAIA CORREA;ASSESSORIA;ASSESSOR I;NAO INFORMADO; CARGO COMISSION.S/VINCULO;5229,77;;5229,77;998,67;4231,10;
GYESE KANAWATI LASMAR;SUBCOMISSAO DE LICT.OBRAS.SERV;MEMBRO;MEMBRO; CONSELHO;7000,00;;7000,00;951,37;6048,63;
HEDLEN MARIA BARROSO GUEDES FREITAS;GABINETE DO PRESIDENTE;ASSESSOR I;ASSESSOR I AD-1; CARGO COMISSION.S/VINCULO;5229,77;;5229,77;956,01;4273,76;
HELEN MARA BARROSO GUEDES OLIVEIRA;ASSESSORIA;ASSESSOR I;NAO INFORMADO; CARGO COMISSION.S/VINCULO;5229,77;;5229,77;998,67;4231,10;
IRIS MODESTO DE VERAS;CONSULTORIA JURIDICA;ASSESSOR III;NAO INFORMADO; CARGO COMISSION.S/VINCULO;2591,80;;2591,80;266,78;2325,02;
ISABEL MARIA DE ARAUJO BRITO;DEPARTAMENTO DE ADMINISTRACAO;ASSESSOR IV;ASSESSOR IV AD-4; CARGO COMISSION.S/VINCULO;1877,61;;1877,61;153,30;1724,31;
JACKSON ANTONIO BARBOZA DE SOUZA;DEPARTAMENTO EXECUTIVO;ASSESSOR II;NAO INFORMADO; CARGO COMISSION.S/VINCULO;4279,72;;4279,72;681,83;3597,89;
JAIME BATISTA DAS CHAGAS NETO;GABINETE DO PRESIDENTE;ASSESSOR III;NAO INFORMADO; CARGO COMISSION.S/VINCULO;1893,80;;1893,80;154,76;1739,04;
JAMES SALIM MUSSA;GABINETE DO PRESIDENTE;ASSESSOR I;NAO INFORMADO; CARGO COMISSION.S/VINCULO;5229,77;;5229,77;998,67;4231,10;
JAQUELINE CRUZ ALVES;DEPARTAMENTO DE ADMINISTRACAO;PROFESSOR PF20.LPL-IV;GERENTE AD-2; ESTATUTARIO;6174,76;;6174,76;997,30;5177,46;
JARDEL SOUZA DE OLIVEIRA;ASSESSORIA;ASSESSOR III;NAO INFORMADO; CARGO COMISSION.S/VINCULO;2591,80;;2591,80;266,78;2325,02;
JAYNNE DE ARA JO MOREIRA;GABINETE DO PRESIDENTE;ASSESSOR III;NAO INFORMADO; CARGO COMISSION.S/VINCULO;2591,80;;2591,80;266,78;2325,02;
JOANNA DE LACERDA MOSS ESTEVES;GABINETE DO PRESIDENTE;ASSIST.ADM.DA FAZENDA EST.4A.CL.V;ASSESSOR I; ESTATUTARIO;5888,89;;5888,89;750,08;5138,81;
JOAO CARLOS BEZERRA DE A JUNIOR;SUBCOMISSAO DE LICT.OBRAS.SERV;MEMBRO;MEMBRO; CONSELHO;7000,00;;7000,00;426,00;6574,00;
JOSÉ DO ROSÁRIO SANTOS DRUMOND;DEPARTAMENTO DE ADMINISTRACAO;ASSESSOR IV;NAO INFORMADO; CARGO COMISSION.S/VINCULO;2179,61;;2179,61;183,18;1996,43;
JOSE JESUS MARIA SILVA FREITAS;GABINETE DO PRESIDENTE;TEC.DA FAZENDA ESTADUAL 1A.CL.V;ASSESSOR III; ESTATUTARIO;3000,00;;3000,00;67,98;2932,02;
JOSE RIBAMAR MAIA DE OLIVEIRA;DEPARTAMENTO DE ADMINISTRACAO;ASSESSOR III;NAO INFORMADO; CARGO COMISSION.S/VINCULO;2195,80;;2195,80;185,12;2010,68;
KAMILLA DE MIRANDA BRITO;DEPARTAMENTO EXECUTIVO;ASSESSOR III;NAO INFORMADO; CARGO COMISSION.S/VINCULO;2195,80;;2195,80;185,12;2010,68;
KARLA ROBERTA MACEDO DE LIMA;GABINETE DO PRESIDENTE;TEC.DA FAZENDA ESTADUAL 3A.CL.IV;ASSESSOR III; ESTATUTARIO;3000,00;;3000,00;95,20;2904,80;
KELLEN ETHER REBELO;DEPARTAMENTO DE ADMINISTRACAO;GERENTE;NAO INFORMADO; CARGO COMISSION.S/VINCULO;4209,79;;4209,79;658,51;3551,28;
KLEYTON COSTA DE LIMA;DEPARTAMENTO DE ADMINISTRACAO;ASSESSOR III;; CARGO COMISSION.S/VINCULO;3191,80;;3191,80;336,77;2855,03;
KLYSSIA ALVES DA SILVA;CORREGEDORIA;ASSESSOR I;NAO INFORMADO; CARGO COMISSION.S/VINCULO;5229,77;;5229,77;998,67;4231,10;
LARISSA ANTONIA SARAIVA MELO;GABINETE DO PRESIDENTE;ASSESSOR III;NAO INFORMADO; CARGO COMISSION.S/VINCULO;2591,80;;2591,80;266,78;2325,02;
LEANDRO DA SILVA AGUIAR;SUBCOMISSAO DE LICT.OBRAS.SERV;MEMBRO;MEMBROSUBCOMISSAO; CONSELHO;7000,00;;7000,00;1055,64;5944,36;
LEANDRO MENEZES DOS SANTOS;ASSESSORIA;ASSESSOR I;NAO INFORMADO; CARGO COMISSION.S/VINCULO;5229,77;;5229,77;998,67;4231,10;
LEILA DE QUEIROZ PONTES;SUBCOMISSAO DE LICT.OBRAS.SERV;MEMBRO;MEMBRO; CONSELHO;7000,00;;7000,00;1055,64;5944,36;
LEONARDO LIMA TOLEDANO;CORREGEDORIA;ASSESSOR I;ASSESSOR I; CARGO COMISSION.S/VINCULO;5229,77;;5229,77;998,67;4231,10;
LEUDES ARA JO DE OLIVEIRA;DEPARTAMENTO EXECUTIVO;ASSESSOR I;NAO INFORMADO; CARGO COMISSION.S/VINCULO;3229,77;;3229,77;394,10;2835,67;
LUANA MODESTO VERAS;DEPARTAMENTO EXECUTIVO;ASSESSOR I;NAO INFORMADO; CARGO COMISSION.S/VINCULO;4229,77;;4229,77;665,17;3564,60;
LUANA MUNIZ DE OLIVEIRA;GABINETE DO PRESIDENTE;ASSESSOR III;NAO INFORMADO; CARGO COMISSION.S/VINCULO;2591,80;;2591,80;266,78;2325,02;
LUCAS PIMENTEL VIEIRA;DEPARTAMENTO DE ADMINISTRACAO;ASSESSOR III;NAO INFORMADO; CARGO COMISSION.S/VINCULO;2591,80;;2591,80;266,78;2325,02;
LUCIANA COUTO CRESPO;SUBCOMISSAO DE LICT.OBRAS.SERV;MEMBRO;; CONSELHO;7000,00;;7000,00;1003,50;5996,50;
LUCIO ANTONIO SIMOES MONTEIRO;CORREGEDORIA;ASSESSOR I;NAO INFORMADO; CARGO COMISSION.S/VINCULO;5229,77;;5229,77;998,67;4231,10;
LUIZ ANDRE LIMA DE OLIVEIRA;GABINETE DO PRESIDENTE;ASSESSOR III;NAO INFORMADO; CARGO COMISSION.S/VINCULO;3191,80;;3191,80;357,79;2834,01;
MAMOUD AMED NETO;DEPARTAMENTO EXECUTIVO;ASSESSOR III;NAO INFORMADO; CARGO COMISSION.S/VINCULO;6383,60;;6383,60;1403,11;4980,49;
MARCELLO ISPER DE OLIVEIRA;GABINETE DO PRESIDENTE;ASSESSOR I;NAO INFORMADO; CARGO COMISSION.S/VINCULO;7147,35;;7147,35;1613,14;5534,21;
MARCELO MARCUS NOGUEIRA MARTINS;DEPARTAMENTO EXECUTIVO;ASSESSOR I;NAO INFORMADO; CARGO COMISSION.S/VINCULO;4229,77;;4229,77;665,17;3564,60;
MARCO AURELIO RIBEIRO ESTEVES;DEPARTAMENTO DE ADMINISTRACAO;ASSESSOR III;; CARGO COMISSION.S/VINCULO;3191,80;;3191,80;383,88;2807,92;
MARIA INES SANTIAGO CAVALEIRO MELO;GABINETE DO PRESIDENTE;ASSESSOR I;; CARGO COMISSION.S/VINCULO;5229,77;;5229,77;998,67;4231,10;
MARIA LUIZA SANTANA DE OLIVEIRA;DEPARTAMENTO DE ADMINISTRACAO;ASSESSOR III;NAO INFORMADO; CARGO COMISSION.S/VINCULO;2195,80;;2195,80;185,12;2010,68;
MARLA MARYANNY STONE DO AMARAL;DEPARTAMENTO EXECUTIVO;ASSESSOR II;NAO INFORMADO; CARGO COMISSION.S/VINCULO;4209,79;;4209,79;658,51;3551,28;
MATHEUS BRITO DOS SANTOS;GABINETE DO PRESIDENTE;GERENTE;GERENTE; CARGO COMISSION.S/VINCULO;4209,79;;4209,79;658,51;3551,28;
MELYNDA MARIA VIEIRALVES BECKER;GABINETE DO PRESIDENTE;ASSESSOR I;; CARGO COMISSION.S/VINCULO;5229,77;;5229,77;998,67;4231,10;
MICHELE KAKIHARA;GABINETE DO PRESIDENTE;ASSIST.ADM.DA FAZENDA EST.3A.CL.IV;ASSESSOR III; ESTATUTARIO;3000,00;;3000,00;95,20;2904,80;
MIRIAN SAMARA DE OLIVEIRA SANTIAGO;GABINETE DO PRESIDENTE;ASSESSOR I;NAO INFORMADO; CARGO COMISSION.S/VINCULO;5229,77;;5229,77;998,67;4231,10;
MIUCHA SANTAREM FAVACHO;ASSESSORIA;ASSESSOR I;NAO INFORMADO; CARGO COMISSION.S/VINCULO;5229,77;;5229,77;998,67;4231,10;
NATASHA MELO DE MENDONCA;DEPARTAMENTO EXECUTIVO;ASSESSOR III;NAO INFORMADO; CARGO COMISSION.S/VINCULO;3455,73;;3455,73;454,88;3000,85;
NATHALIA DE PAULA VASCONCELOS;GABINETE DO PRESIDENTE;ASSESSOR III;NAO INFORMADO; CARGO COMISSION.S/VINCULO;2591,80;;2591,80;266,78;2325,02;
NAYLA GONÇALVES LIMA LOBATO;ASSESSORIA;ASSESSOR I;NAO INFORMADO; CARGO COMISSION.S/VINCULO;5229,77;;5229,77;998,67;4231,10;
ORLEANDESON SILVA DE CASTRO;GABINETE DO PRESIDENTE;ASSESSOR I;NAO INFORMADO; CARGO COMISSION.S/VINCULO;5229,77;;5229,77;998,67;4231,10;
PAOLA DI ANGELIS BRASIL PASSOS;DEPARTAMENTO DE ADMINISTRACAO;GERENTE;NAO INFORMADO; CARGO COMISSION.S/VINCULO;4209,79;;4209,79;629,29;3580,50;
PATRICIA RENATA DE Q NASCIMENTO;DEPARTAMENTO DE ADMINISTRACAO;ASSESSOR II;NAO INFORMADO; CARGO COMISSION.S/VINCULO;3209,79;;3209,79;388,72;2821,07;
PAULINE CHIXARO VOSS;ASSESSORIA;ASSESSOR I;NAO INFORMADO; CARGO COMISSION.S/VINCULO;5229,77;;5229,77;998,67;4231,10;
PRISCIANY COSTA DE FREITAS;GABINETE DO PRESIDENTE;ASSESSOR I;; CARGO COMISSION.S/VINCULO;5229,77;;5229,77;998,67;4231,10;
RAFAEL BASTOS ARAUJO;SUBCOMISSAO DE LICT.OBRAS.SERV;MEMBRO;; CONSELHO;7000,00;;7000,00;1055,64;5944,36;
RAIMUNDO NONATO MAPURUNGA DA FROTA;GABINETE DO PRESIDENTE;TEC.DA FAZENDA ESTADUAL 3A.CL.IV;ASSESSOR III; ESTATUTARIO;3000,00;;3000,00;67,98;2932,02;
RAISSA LOPES ELIAS STONE;GABINETE DO PRESIDENTE;ASSESSOR I;; CARGO COMISSION.S/VINCULO;5229,77;;5229,77;998,67;4231,10;
ROBERSON PAULO DA SILVA;CORREGEDORIA;ASSESSOR I;ASSESSOR I; CARGO COMISSION.S/VINCULO;5229,77;;5229,77;998,67;4231,10;
ROBERTO CARLOS NOGUEIRA NUNES;DEPARTAMENTO EXECUTIVO;ASSESSOR I;NAO INFORMADO; CARGO COMISSION.S/VINCULO;6459,54;;6459,54;1424,00;5035,54;
RODRIGO NELSON AMARAL OLIVEIRA;GABINETE DO PRESIDENTE;ASSESSOR I;NAO INFORMADO; CARGO COMISSION.S/VINCULO;4229,77;;4229,77;665,17;3564,60;
RODRIGO RODRIGUES DO COUTO;DEPARTAMENTO EXECUTIVO;ASSESSOR III;NAO INFORMADO; CARGO COMISSION.S/VINCULO;3191,80;;3191,80;383,88;2807,92;
ROSANY SIMÕES CHAVES;CORREGEDORIA;ASSESSOR I;NAO INFORMADO; CARGO COMISSION.S/VINCULO;5229,77;;5229,77;998,67;4231,10;
ROZANA DE ALMEIDA FARIAS;CORREGEDORIA;ASSESSOR III;NAO INFORMADO; CARGO COMISSION.S/VINCULO;3191,80;;3191,80;383,88;2807,92;
RUI JORGE PIEDADE DE LIMA;DEPARTAMENTO DE ADMINISTRACAO;ASSESSOR IV;ASSESSOR IV; CARGO COMISSION.S/VINCULO;2179,61;;2179,61;183,18;1996,43;
SALIME SOUZA NOBREGA;DEPARTAMENTO EXECUTIVO;ASSESSOR I;NAO INFORMADO; CARGO COMISSION.S/VINCULO;5229,77;;5229,77;998,67;4231,10;
SAMANTA GONZAGA DE FIGUEIREDO;DEPARTAMENTO EXECUTIVO;ASSESSOR IV;ASSESSOR IV; CARGO COMISSION.S/VINCULO;3175,61;;3175,61;379,53;2796,08;
SAMUEL PINHEIRO WANDERLEY DA SILVA;GABINETE DO PRESIDENTE;ASSESSOR III;NAO INFORMADO; CARGO COMISSION.S/VINCULO;2591,80;;2591,80;266,78;2325,02;
SANNY SAHDO CETRARO;SUBCOMISSAO DE LICT.OBRAS.SERV;MEMBRO;MEMBRO; CONSELHO;7000,00;;7000,00;951,37;6048,63;
SAYTA MOANA MARTINS SOARES;GABINETE DO PRESIDENTE;ASSESSOR II;NAO INFORMADO; CARGO COMISSION.S/VINCULO;4209,79;;4209,79;658,51;3551,28;
SIMONE DA COSTA MARTINS ESTEVAM;DEPARTAMENTO DE ADMINISTRACAO;ASSESSOR IV;ASSESSOR IV AD-4; CARGO COMISSION.S/VINCULO;1877,61;;1877,61;153,30;1724,31;
SORAYA LOPES NERY;GABINETE DO PRESIDENTE;ASSESSOR III;NAO INFORMADO; CARGO COMISSION.S/VINCULO;3191,80;;3191,80;383,88;2807,92;
STELLA BRUNA DE JESUS P C MARTINS;DEPARTAMENTO EXECUTIVO;ASSESSOR I;NAO INFORMADO; CARGO COMISSION.S/VINCULO;4229,77;;4229,77;665,17;3564,60;
TALITA PIMENTA CORREA;DEPARTAMENTO DE ADMINISTRACAO;ASSESSOR III;ASSESSOR III AD-3; CARGO COMISSION.S/VINCULO;2195,80;;2195,80;185,12;2010,68;
TATIANA CORREA ALVES;DEPARTAMENTO DE ADMINISTRACAO;ASSESSOR III;; CARGO COMISSION.S/VINCULO;3191,80;;3191,80;350,99;2840,81;
TATIANNE PEREIRA NAZARE;ASSESSORIA;ASSESSOR I;NAO INFORMADO; CARGO COMISSION.S/VINCULO;5229,77;;5229,77;998,67;4231,10;
THAIS MARTINS ALVES;CORREGEDORIA;ASSESSOR I;NAO INFORMADO; CARGO COMISSION.S/VINCULO;5229,77;;5229,77;913,36;4316,41;
THAIZA FABIANE CARRIÇO CORREA;ASSESSORIA;ASSESSOR I;NAO INFORMADO; CARGO COMISSION.S/VINCULO;5229,77;;5229,77;913,36;4316,41;
THATIANE MUNIZ TAVARES;GABINETE DO PRESIDENTE;ASSESSOR I;NAO INFORMADO; CARGO COMISSION.S/VINCULO;10459,54;;10459,54;3552,47;6907,07;
THIAGO ANDRADE CASTELLO BRANCO;SUBCOMISSAO DE LICT.OBRAS.SERV;MEMBRO;MEMBRO SUBCOMISSAO; CONSELHO;7000,00;;7000,00;1003,50;5996,50;
THIAGO FLORES DOS SANTOS;SUBCOMISSAO DE LICT.OBRAS.SERV;MEMBRO;; CONSELHO;7000,00;;7000,00;1055,64;5944,36;
VAN DAMME ALBUQUERQUE PAES;GABINETE DO PRESIDENTE;ASSESSOR III;NAO INFORMADO; CARGO COMISSION.S/VINCULO;2591,80;;2591,80;266,78;2325,02;
VANESSA JACA NA FERREIRA;ASSESSORIA;ASSESSOR I;NAO INFORMADO; CARGO COMISSION.S/VINCULO;5229,77;;5229,77;998,67;4231,10;
VANESSA ROSAS KRAMER;GABINETE DO PRESIDENTE;ASSESSOR I;NAO INFORMADO; CARGO COMISSION.S/VINCULO;5229,77;;5229,77;998,67;4231,10;
WAGNER DE ALMEIDA SILVA;DEPARTAMENTO DE ADMINISTRACAO;ASSESSOR III;ASSESSOR III AD-3; CARGO COMISSION.S/VINCULO;3191,80;;3191,80;383,88;2807,92;
WALTER SIQUEIRA BRITO;GABINETE DO PRESIDENTE;PRESIDENTE;NAO INFORMADO; DISP. OUTROS ESFERAS;23851,00;14823,74;9027,26;1613,14;7414,12;
WILSON ALEXANDRE TAVARES;DEPARTAMENTO DE ADMINISTRACAO;ASSESSOR III;; CARGO COMISSION.S/VINCULO;2591,80;;2591,80;266,78;2325,02;
WIVIANNE SANTOS DA SILVA;ASSESSORIA;ASSESSOR I;NAO INFORMADO; CARGO COMISSION.S/VINCULO;4229,77;;4229,77;665,17;3564,60;
YASMIN KANANDA COSTA DE LIMA MELO;ASSESSORIA;ASSESSOR I;NAO INFORMADO; CARGO COMISSION.S/VINCULO;5229,77;;5229,77;998,67;4231,10;
