NOME;LOTACAO;CARGO;FUNCAO;VINCULO;REMUNERACAO LEGAL TOTAL(R$);DESC.TETO(R$); REMUNERACAO LEGAL DEVIDA(R$);DESCONTOS LEGAIS(R$);LIQUIDO DISPONIVEL(R$);
ADEMIR LIMA DE SOUZA;CB - CIVIL;ENG.O-I;ENG OPERACIONAL; ESTATUTARIO;4520,46;;4520,46;747,65;3772,81;
ALBERTO COELHO NETO;CB - CIVIL;A.TEC-I;; ESTATUTARIO;4332,67;;4332,67;348,45;3984,22;
ALESSANDRA OLIVEIRA AMADOR;CB - CIVIL;CHEFE DE DEPARTAMENTO;ASSESSOR I; CARGO COMISSION.S/VINCULO;7593,03;;7593,03;1534,78;6058,25;
ALOYSIO SIQUEIRA CAVALCANTI FILHO;CB - CIVIL;AUXILIAR ADMINISTRATIVO;; ESTATUTARIO;4710,95;;4710,95;415,27;4295,68;
ANGELO AUGUSTO CAVALCANTE REIS;COMANDO GERAL;COORDENADOR REGIONAL AD-1;NAO INFORMADO; CARGO COMISSION.S/VINCULO;5849,77;;5849,77;986,40;4863,37;
BARBARA COSTA FERREIRA;CB - CIVIL;ASSESSOR I;; CARGO COMISSION.S/VINCULO;5849,77;;5849,77;986,40;4863,37;
CLEIVISON SOUZA PINHEIRO;CB - CIVIL;ASSESSOR I;; CARGO COMISSION.S/VINCULO;5849,77;;5849,77;986,40;4863,37;
DANIEL DE LIMA ALBUQUERQUE;CB - CIVIL;ASSESSOR I;; CARGO COMISSION.S/VINCULO;7593,03;;7593,03;1534,78;6058,25;
FERNANDO SERGIO AUSTREGESILO LUZ;COMANDO GERAL;COORDENADOR;NAO INFORMADO; CARGO COMISSION.S/VINCULO;12422,06;593,83;11828,23;2526,83;9301,40;
FUNMILAYO KATHERINE OGUNNIYA;CB - CIVIL;ASSESSOR I;NAO INFORMADO; CARGO COMISSION.S/VINCULO;3849,77;;3849,77;431,65;3418,12;
JORGE NELSON DA CUNHA MENDONCA;CB - CIVIL;A.TEC-I;; ESTATUTARIO;4532,11;;4532,11;381,22;4150,89;
JOSIMAR MOREIRA MATOS DE SOUZA;CB - CIVIL;ASSESSOR II;; CARGO COMISSION.S/VINCULO;3229,79;;3229,79;270,20;2959,59;
JUAREZ NASCIMENTO DE OLIVEIRA FILHO;COMANDO GERAL;ASSESSOR I;NAO INFORMADO; CARGO COMISSION.S/VINCULO;5849,77;;5849,77;986,40;4863,37;
JUNIA DE CARVALHO TORRES;CB - CIVIL;AGENTE ADMINISTRATIVO 1A CLASSE;; ESTATUTARIO;4981,65;;4981,65;384,91;4596,74;
LARISSA BARROSO SEGADILHA FRANCA;COMANDO GERAL;ASSESSOR I;NAO INFORMADO; CARGO COMISSION.S/VINCULO;5849,77;;5849,77;986,40;4863,37;
MAIARA DE SOUZA COELHO;CB - CIVIL;COORDENADOR REGIONAL AD-1;NAO INFORMADO; CARGO COMISSION.S/VINCULO;4978,13;;4978,13;715,98;4262,15;
MARCIA GUERREIRO PINHEIRO;COMANDO GERAL;COORDENADOR REGIONAL AD-1;NAO INFORMADO; CARGO COMISSION.S/VINCULO;5849,77;;5849,77;986,40;4863,37;
MARIA ALZIRA BARBOSA ASSUMPCAO;CB - CIVIL;AUX.ADM-I;ARQUIVISTA; ESTATUTARIO;4344,70;;4344,70;335,53;4009,17;
MARIA DE FATIMA RODRIGUES ONETY;CB - CIVIL;A.OPE-I;; ESTATUTARIO;5578,79;;5578,79;620,17;4958,62;
MARIA DE JESUS MONTEIRO DUARTE;CB - CIVIL;A.TEC-I;; ESTATUTARIO;4304,26;;4304,26;340,32;3963,94;
MARIA DE NAZARE DOS SANTOS BARROSO;CB - CIVIL;A.TEC-I;CHEFE PROTOCOLO; ESTATUTARIO;4568,95;;4568,95;391,25;4177,70;
MARIA DO PERPETUO SOCORRO V ARAUJO;CB - CIVIL;A.TEC-I;; ESTATUTARIO;4492,52;;4492,52;371,39;4121,13;
MARIO LUIZ PASSARINHO;CB - CIVIL;COORDENADOR REGIONAL AD-1;COORDENADOR REGIONAL; CARGO COMISSION.S/VINCULO;5849,77;;5849,77;986,40;4863,37;
MICHAEL LIMA DE MELO;CB - CIVIL;ASSESSOR II;; CARGO COMISSION.S/VINCULO;6233,05;;6233,05;1121,87;5111,18;
MICHELE DOS SANTOS AQUINO;CB - CIVIL;ASSESSOR II;; CARGO COMISSION.S/VINCULO;3229,79;;3229,79;234,88;2994,91;
REGINA AUXILIADORA DA MATA LUSTOSA;CB - CIVIL;TNS-I;CHEFE DE GABINETE; ESTATUTARIO;7429,47;;7429,47;1256,79;6172,68;
SANDRA ASSAYAG;CB - CIVIL;A.TEC-I;; ESTATUTARIO;5752,40;;5752,40;667,92;5084,48;
ULLA HAVANNE DE PAIVA VIEIRA;CB - CIVIL;ASSESSOR I;; CARGO COMISSION.S/VINCULO;5849,77;;5849,77;943,74;4906,03;
