NOME;LOTACAO;CARGO;FUNCAO;VINCULO;REMUNERACAO LEGAL TOTAL(R$);DESC.TETO(R$); REMUNERACAO LEGAL DEVIDA(R$);DESCONTOS LEGAIS(R$);LIQUIDO DISPONIVEL(R$);
ADEMIR LIMA DE SOUZA;CB - CIVIL;ENG.O-I;ENG OPERACIONAL; ESTATUTARIO;4520,46;;4520,46;847,65;3672,81;
ALBERTO COELHO NETO;CB - CIVIL;A.TEC-I;; ESTATUTARIO;4531,80;;4531,80;421,23;4110,57;
ALESSANDRA OLIVEIRA AMADOR;DEFESA CIV.DO EST.DO AMAZONAS;CHEFE DE DEPARTAMENTO;ASSESSOR I; CARGO COMISSION.S/VINCULO;5829,77;;5829,77;998,67;4831,10;
ALOYSIO SIQUEIRA CAVALCANTI FILHO;CB - CIVIL;AUXILIAR ADMINISTRATIVO;; ESTATUTARIO;4740,22;;4740,22;464,54;4275,68;
BARBARA COSTA FERREIRA;COMANDO GERAL;ASSESSOR I;; CARGO COMISSION.S/VINCULO;5829,77;;5829,77;998,67;4831,10;
CAMILA DE CASTRO SOARES;DEFESA CIV.DO EST.DO AMAZONAS;CHEFE DE DEPARTAMENTO;NAO INFORMADO; CARGO COMISSION.S/VINCULO;5829,77;;5829,77;998,67;4831,10;
CLEIVISON SOUZA PINHEIRO;COMANDO GERAL;ASSESSOR I;; CARGO COMISSION.S/VINCULO;5829,77;;5829,77;870,70;4959,07;
DANIEL DE LIMA ALBUQUERQUE;CB - CIVIL;ASSESSOR I;; CARGO COMISSION.S/VINCULO;5829,77;;5829,77;998,67;4831,10;
ENEIDE PEREIRA REIS;DEFESA CIV.DO EST.DO AMAZONAS;ASSESSOR II;NAO INFORMADO; CARGO COMISSION.S/VINCULO;4809,79;;4809,79;658,51;4151,28;
FERNANDO CAVALCANTE CATUNDA SOUZA;CB - CIVIL;ASSESSOR II;NAO INFORMADO; CARGO COMISSION.S/VINCULO;4809,79;;4809,79;658,51;4151,28;
FUNMILAYO KATHERINE OGUNNIYA;CB - CIVIL;ASSESSOR I;NAO INFORMADO; CARGO COMISSION.S/VINCULO;3829,77;;3829,77;394,10;3435,67;
JORGE NELSON DA CUNHA MENDONCA;CB - CIVIL;A.TEC-I;; ESTATUTARIO;4559,98;;4559,98;429,09;4130,89;
JOSIMAR MOREIRA MATOS DE SOUZA;COMANDO GERAL;ASSESSOR II;; CARGO COMISSION.S/VINCULO;4079,72;;4079,72;461,33;3618,39;
JUAREZ NASCIMENTO DE OLIVEIRA FILHO;DEFESA CIV.DO EST.DO AMAZONAS;ASSESSOR I;NAO INFORMADO; CARGO COMISSION.S/VINCULO;5829,77;;5829,77;998,67;4831,10;
JUNIA DE CARVALHO TORRES;CB - CIVIL;AGENTE ADMINISTRATIVO 1A CLASSE;; ESTATUTARIO;3871,24;;3871,24;191,25;3679,99;
LARISSA BARROSO SEGADILHA FRANCA;DEFESA CIV.DO EST.DO AMAZONAS;ASSESSOR I;NAO INFORMADO; CARGO COMISSION.S/VINCULO;5829,77;;5829,77;998,67;4831,10;
LEILA CRISTINA DOS SANTOS AZEVEDO;DEFESA CIV.DO EST.DO AMAZONAS;COORDENADOR REGIONAL;NAO INFORMADO; CARGO COMISSION.S/VINCULO;5829,77;;5829,77;998,67;4831,10;
LEONARDO MONTEIRO NERES DE LIMA;DEFESA CIV.DO EST.DO AMAZONAS;ASSESSOR III;NAO INFORMADO; CARGO COMISSION.S/VINCULO;3791,80;;3791,80;383,88;3407,92;
MAIARA DE SOUZA COELHO;DEFESA CIV.DO EST.DO AMAZONAS;COORDENADOR REGIONAL;NAO INFORMADO; CARGO COMISSION.S/VINCULO;5829,77;;5829,77;998,67;4831,10;
MARCIA CRISTINA DA SILVA DUARTE;DEFESA CIV.DO EST.DO AMAZONAS;ASSESSOR III;NAO INFORMADO; CARGO COMISSION.S/VINCULO;3791,80;;3791,80;383,88;3407,92;
MARCIA GUERREIRO PINHEIRO;DEFESA CIV.DO EST.DO AMAZONAS;COORDENADOR REGIONAL;NAO INFORMADO; CARGO COMISSION.S/VINCULO;5829,77;;5829,77;998,67;4831,10;
MARIA ALZIRA BARBOSA ASSUMPCAO;CB - CIVIL;AUX.ADM-I;ARQUIVISTA; ESTATUTARIO;5556,89;;5556,89;636,68;4920,21;
MARIA DE FATIMA RODRIGUES ONETY;CB - CIVIL;A.OPE-I;; ESTATUTARIO;4319,09;;4319,09;390,87;3928,22;
MARIA DE JESUS MONTEIRO DUARTE;CB - CIVIL;A.TEC-I;; ESTATUTARIO;4284,26;;4284,26;379,18;3905,08;
MARIA DE NAZARE DOS SANTOS BARROSO;CB - CIVIL;A.TEC-I;CHEFE PROTOCOLO; ESTATUTARIO;4597,82;;4597,82;440,12;4157,70;
MARIA DO PERPETUO SOCORRO V ARAUJO;CB - CIVIL;A.TEC-I;; ESTATUTARIO;4519,15;;4519,15;418,02;4101,13;
MARIO LUIZ PASSARINHO;DEFESA CIV.DO EST.DO AMAZONAS;COORDENADOR REGIONAL;COORDENADOR REGIONAL; CARGO COMISSION.S/VINCULO;5829,77;;5829,77;998,67;4831,10;
MAXSON DE SOUZA COELHO;COMANDO GERAL;ASSESSOR III;NAO INFORMADO; CARGO COMISSION.S/VINCULO;3791,80;;3791,80;383,88;3407,92;
MICHAEL LIMA DE MELO;DEFESA CIV.DO EST.DO AMAZONAS;ASSESSOR II;; CARGO COMISSION.S/VINCULO;4809,79;;4809,79;658,51;4151,28;
MICHELE DOS SANTOS AQUINO;DEFESA CIV.DO EST.DO AMAZONAS;ASSESSOR II;; CARGO COMISSION.S/VINCULO;3209,79;;3209,79;234,80;2974,99;
NILSON SILVA DA CUNHA;DEFESA CIV.DO EST.DO AMAZONAS;ASSESSOR II;NAO INFORMADO; CARGO COMISSION.S/VINCULO;4809,79;;4809,79;658,51;4151,28;
PATRICIA COSTA GUIMARAES;DEFESA CIV.DO EST.DO AMAZONAS;ASSESSOR II;NAO INFORMADO; CARGO COMISSION.S/VINCULO;4809,79;;4809,79;658,51;4151,28;
PAULO CELA DE MORAES FILHO;DEFESA CIV.DO EST.DO AMAZONAS;ASSESSOR II;NAO INFORMADO; CARGO COMISSION.S/VINCULO;4809,79;;4809,79;658,51;4151,28;
REGINA AUXILIADORA DA MATA LUSTOSA;CB - CIVIL;TNS-I;CHEFE DE GABINETE; ESTATUTARIO;7409,47;;7409,47;1325,94;6083,53;
SANDRA ASSAYAG;CB - CIVIL;A.TEC-I;; ESTATUTARIO;4540,04;;4540,04;424,01;4116,03;
ULLA HAVANNE DE PAIVA VIEIRA;COMANDO GERAL;ASSESSOR I;; CARGO COMISSION.S/VINCULO;5829,77;;5829,77;956,01;4873,76;
WESLEY DA SILVA PRATA;DEFESA CIV.DO EST.DO AMAZONAS;ASSESSOR II;NAO INFORMADO; CARGO COMISSION.S/VINCULO;4809,79;;4809,79;658,51;4151,28;
WILSON VIDAL DE OLIVEIRA;COMANDO GERAL;ASSESSOR III;NAO INFORMADO; CARGO COMISSION.S/VINCULO;3791,80;;3791,80;383,88;3407,92;
