NOME;LOTACAO;CARGO;FUNCAO;VINCULO;REMUNERACAO LEGAL TOTAL(R$);DESC.TETO(R$); REMUNERACAO LEGAL DEVIDA(R$);DESCONTOS LEGAIS(R$);LIQUIDO DISPONIVEL(R$);
ACRAM SALAMEH ISPER;GABINETE DO DIRETOR PRESIDENTE;DIRETOR PRESIDENTE;NAO INFORMADO; CARGO COMISSION.S/VINCULO;12300,00;;12300,00;2865,12;9434,88;
ACRAM SALAMEH ISPER JR;CONS.EST.REG.CONT.SERV.PUB.CON;PRESIDENTE DO CONSELHO;; CONSELHO;2000,00;;2000,00;;2000,00;
ADANAIR TEIXEIRA ALVES;DEPARTAMENTO DE ADMINISTRACAO;GERENTE;NAO INFORMADO; CARGO COMISSION.S/VINCULO;4809,79;;4809,79;658,51;4151,28;
ADIMAR DE MELO CARNEIRO;DEPARTAMENTO DE ADMINISTRACAO;AGENTE ADMINISTRATIVO;CHEF DE DEPARTAMENTO; ESTATUTARIO;6533,37;;6533,37;863,65;5669,72;
ALCEMIR FILOMENO PINTO;DIRETORIA TEC.CONC.REG.QUALID.;AGENTE ADM.-AGA-T.S.N.A.-E;ASSESSOR I; ESTATUTARIO;6340,44;;6340,44;873,16;5467,28;
ALEANE MENEZES DA COSTA CARDOSO;DIRETORIA TEC.CONC.REG.QUALID.;COORDENADOR;; CARGO COMISSION.S/VINCULO;4809,79;;4809,79;658,51;4151,28;
ALTAIR PEREIRA RIBEIRO;CONS.EST.REG.CONT.SERV.PUB.CON;MEMBRO DE CONSELHO;; CONSELHO;1000,00;;1000,00;;1000,00;
AMALIZA EVANGELISTA DA COSTA;DIRETORIA ADM.FINANCEIRA;CHEFE DE DEPARTAMENTO;NAO INFORMADO; CARGO COMISSION.S/VINCULO;5829,77;;5829,77;998,67;4831,10;
ANA CAROLINA SANTOS SILVA RIZO;DIRETORIA TEC.CONC.REG.QUALID.;ASSESSOR JURIDICO;ASSESSOR JURIDICO; CARGO COMISSION.S/VINCULO;5829,77;;5829,77;956,01;4873,76;
ANDRIELLE DOS SANTOS NOGUEIRA;DIRETORIA TEC.CONC.REG.QUALID.;ASSESSOR I;ASSESSOR I; CARGO COMISSION.S/VINCULO;5829,77;;5829,77;998,67;4831,10;
AYRTON PENALBER DA SILVA;DIRETORIA TEC.CONC.REG.QUALID.;GERENTE;NAO INFORMADO; CARGO COMISSION.S/VINCULO;4809,79;;4809,79;658,51;4151,28;
BASILIO GARCIA CARESTO NETO;DIRETORIA TEC.CONC.REG.QUALID.;GERENTE;NAO INFORMADO; CARGO COMISSION.S/VINCULO;4809,79;;4809,79;658,51;4151,28;
BENEDICTO CRUZ LYRA NETTO;DIRETORIA TEC.CONC.REG.QUALID.;ASSESSOR II;NAO INFORMADO; CARGO COMISSION.S/VINCULO;4809,79;;4809,79;658,51;4151,28;
CÁSSIA CIRHAME AZEVEDO DE ARAUJO;GABINETE DO DIRETOR PRESIDENTE;ASSESSOR II;NAO INFORMADO; CARGO COMISSION.S/VINCULO;4809,79;;4809,79;658,51;4151,28;
CLICIA COELHO HOLANDA;DEPARTAMENTO DE FINANCAS;GERENTE;GERENTE AD-2; CARGO COMISSION.S/VINCULO;4809,79;;4809,79;629,29;4180,50;
CRISTIANE MARTINS ARAUJO;DIRETORIA TEC.CONC.REG.QUALID.;COORDENADOR;NAO INFORMADO; CARGO COMISSION.S/VINCULO;4809,79;;4809,79;658,51;4151,28;
DANIEL DA SILVA ANTUNES;DIRETORIA TEC.CONC.REG.QUALID.;AUXILIAR TECNICO;; ESTATUTARIO;3595,02;;3595,02;;3595,02;
DANIEL HENRIQUE BARBOSA;DIRETORIA TEC.CONC.REG.QUALID.;ASSESSOR I;NAO INFORMADO; CARGO COMISSION.S/VINCULO;7573,03;;7573,03;1513,07;6059,96;
ERICK EDELMAN DOS SANTOS;DIRETORIA TEC.CONC.REG.QUALID.;TECNICO DE NIVEL MEDIO;TEC NIVEL SUPERIOR; C.L.T.;4036,00;;4036,00;406,15;3629,85;
EVELINN FLORES DE OLIVEIRA CUNHA;ASSESSORIA;ASSESSOR JURIDICO;ASSESSOR JURIDICO; CARGO COMISSION.S/VINCULO;5829,77;;5829,77;998,67;4831,10;
FABIO JR ARAUJO CABRAL;DIRETORIA TEC.CONC.REG.QUALID.;CHEFE DE DEPARTAMENTO;CHEFE DE DEPARTAMENT; CARGO COMISSION.S/VINCULO;5829,77;;5829,77;998,67;4831,10;
FABIONEY BARBOSA MONTEIRO;DIRETORIA TEC.CONC.REG.QUALID.;GERENTE;NAO INFORMADO; CARGO COMISSION.S/VINCULO;4809,79;;4809,79;658,51;4151,28;
FRANCISCO DE ASSIS DE O MARQUES;DEPARTAMENTO DE FISCALIZACAO;FISCAL RODOVIARIO;; ESTATUTARIO;4177,54;;4177,54;342,51;3835,03;
GIOVANNI FIGLIUOLO NETO;DIRETORIA TEC.CONC.REG.QUALID.;COORDENADOR;; CARGO COMISSION.S/VINCULO;4809,79;;4809,79;629,29;4180,50;
GISELLE CASTANHOLA DE MENEZES;DIRETORIA TEC.CONC.REG.QUALID.;COORDENADOR;; CARGO COMISSION.S/VINCULO;4809,79;;4809,79;658,51;4151,28;
HERALDO ANTONIO CORREA JUNIOR;DIRETORIA;DIRETOR TECNICO;NAO INFORMADO; CARGO COMISSION.S/VINCULO;9600,00;;9600,00;2122,62;7477,38;
HERMANN SAUNDERS FERNANDES;ASSESSORIA;ASSESSOR I;; CARGO COMISSION.S/VINCULO;5829,77;;5829,77;998,67;4831,10;
IUÇANARA SOARES FREITAS DE OLIVEIRA;GABINETE DO DIRETOR PRESIDENTE;OUVIDOR;NAO INFORMADO; CARGO COMISSION.S/VINCULO;5829,77;;5829,77;913,36;4916,41;
IVANETE RIBEIRO GAMA;DEPARTAMENTO DE ADMINISTRACAO;AUXILIAR DE SERVICOS GERAIS;; C.L.T.;2180,00;;2180,00;126,52;2053,48;
JALIL FRAXE CAMPOS;CONS.EST.REG.CONT.SERV.PUB.CON;MEMBRO DE CONSELHO;; CONSELHO;1000,00;;1000,00;;1000,00;
JORGE ANDRÉ CHÍXARO SARRAFF REZENDE;DEPARTAMENTO DE ADMINISTRACAO;ASSESSOR I;NAO INFORMADO; CARGO COMISSION.S/VINCULO;5829,77;;5829,77;998,67;4831,10;
JOSE SELVIO TEIXEIRA PICANCO;DIRETORIA TEC.CONC.REG.QUALID.;CHEFE DE DEPARTAMENTO;CHEFE DE DEPTO. AD-1; CARGO COMISSION.S/VINCULO;5829,77;;5829,77;998,67;4831,10;
JULIO CEZAR PRADO;DEPARTAMENTO DE FISCALIZACAO;ASSISTENTE TECNICO 3A CLASSE;; ESTATUTARIO;4382,79;;4382,79;338,40;4044,39;
KELLY SUELEN CORREA HOLANDA;DIRETORIA ADM.FINANCEIRA;CHEFE DE DEPARTAMENTO;NAO INFORMADO; CARGO COMISSION.S/VINCULO;5829,77;;5829,77;913,36;4916,41;
LEILA MOTA LEMOS DA COSTA;DIRETORIA TEC.CONC.REG.QUALID.;COORDENADOR;NAO INFORMADO; CARGO COMISSION.S/VINCULO;4809,79;;4809,79;658,51;4151,28;
LIZELANNE GUIMARAES PINHEIRO ROCHA;GABINETE DO DIRETOR PRESIDENTE;ASSESSOR I;ASSESSOR I AD-1; CARGO COMISSION.S/VINCULO;5829,77;;5829,77;956,01;4873,76;
LUCIO DA SILVA COSTA;DIRETORIA TEC.CONC.REG.QUALID.;ASSESSOR I;NAO INFORMADO; CARGO COMISSION.S/VINCULO;5829,77;;5829,77;998,67;4831,10;
MARIA ANTONIA RODRIGUES CASTELO;DEPARTAMENTO DE ADMINISTRACAO;A.TEC-I;; ESTATUTARIO;4380,69;;4380,69;406,66;3974,03;
MARIA DIVINA VARGAS DE LIMA;DEPARTAMENTO DE ADMINISTRACAO;CHEFE DE DEPARTAMENTO;ASSESSOR I AD 1; CARGO COMISSION.S/VINCULO;5829,77;;5829,77;998,67;4831,10;
MARIA MISTE RIBEIRO SILVA;DEPARTAMENTO DE REC.HUMANOS;A.TEC-I;; ESTATUTARIO;4580,31;;4580,31;433,88;4146,43;
MARIA RAIMUNDA SALES DE SOUZA;DEPARTAMENTO DE LOGISTICA;AUXILIAR DE SERVICOS GERAIS;; C.L.T.;2180,00;;2180,00;126,52;2053,48;
NADIA MARIA DE SOUZA SARAIVA;DIRETORIA TEC.CONC.REG.QUALID.;ASSESSOR I;ASSESSOR I AD 1; CARGO COMISSION.S/VINCULO;5829,77;;5829,77;998,67;4831,10;
NORMANDO LOPES DE OLIVEIRA;DIRETORIA TEC.CONC.REG.QUALID.;ASSESSOR I;ASSESSOR I AD 1; CARGO COMISSION.S/VINCULO;5829,77;;5829,77;998,67;4831,10;
OZIEL OLIVEIRA MINEIRO;DIRETORIA TEC.CONC.REG.QUALID.;AUXILIAR TECNICO;ASSESSOR I; ESTATUTARIO;6389,02;;6389,02;861,44;5527,58;
PAULO FREDERICO SOLART COELHO;DIRETORIA TEC.CONC.REG.QUALID.;GERENTE;NAO INFORMADO; CARGO COMISSION.S/VINCULO;6213,05;;6213,05;1141,68;5071,37;
PAULO VICTOR OLIVEIRA QUEIROZ;GABINETE DO DIRETOR PRESIDENTE;ASSESSOR JURIDICO;ASSESSOR JURIDICO; CARGO COMISSION.S/VINCULO;5829,77;;5829,77;998,67;4831,10;
PEDRO CASTRO DE ALBUQUERQUE FILHO;DIRETORIA TEC.CONC.REG.QUALID.;CHEFE DE DEPARTAMENTO;NAO INFORMADO; CARGO COMISSION.S/VINCULO;5829,77;;5829,77;870,70;4959,07;
RAFAEL AMILTON LEITE COLARES;DEPTO.DE REGUL.DA QUALIDADE;GERENTE;NAO INFORMADO; CARGO COMISSION.S/VINCULO;4809,79;;4809,79;658,51;4151,28;
RAFAEL REBELO AFFONSO;DEPARTAMENTO DE INFORMATICA;AUX.ADM-III;; ESTATUTARIO;4088,44;;4088,44;291,30;3797,14;
RAFAEL SANTOS OLIVEIRA;DEPARTAMENTO DE FINANCAS;ASSISTENTE TECNICO 1A CLASSE;; ESTATUTARIO;4467,69;;4467,69;351,70;4115,99;
RAFAELA DA SILVA GOMES;ASSESSORIA;ASSESSOR JURIDICO;; CARGO COMISSION.S/VINCULO;5829,77;;5829,77;956,01;4873,76;
RAQUEL NASCIMENTO GAMA;GABINETE DO DIRETOR PRESIDENTE;CONTROLADOR INTERNO;NAO INFORMADO; CARGO COMISSION.S/VINCULO;5829,77;;5829,77;998,67;4831,10;
RENATA BEZERRA DE MELO;DIRETORIA ADM.FINANCEIRA;DIGITADOR;DIRETOR ADMINISTRATI; ESTATUTARIO;9600,00;;9600,00;1742,69;7857,31;
RENATA KELLY SALGADO DA C MEDEIROS;ASSESSORIA;ASSESSOR II;NAO INFORMADO; CARGO COMISSION.S/VINCULO;4809,79;;4809,79;629,29;4180,50;
ROQUE MENDONCA DE BRITO JUNIOR;ASSESSORIA;ASSESSOR II;NAO INFORMADO; CARGO COMISSION.S/VINCULO;4809,79;;4809,79;658,51;4151,28;
ROSIMEIRE RODRIGUES DE CARVALHO;DIRETORIA ADM.FINANCEIRA;GERENTE;NAO INFORMADO; CARGO COMISSION.S/VINCULO;4809,79;;4809,79;629,29;4180,50;
ROSINETE MARIA DA SILVA;GABINETE DO DIRETOR PRESIDENTE;CHEFE DE GABINETE;NAO INFORMADO; CARGO COMISSION.S/VINCULO;5829,77;;5829,77;998,67;4831,10;
SÂMARA SARMENTO DA COSTA LIMA;GABINETE DO DIRETOR PRESIDENTE;ASSESSOR II;NAO INFORMADO; CARGO COMISSION.S/VINCULO;4809,79;;4809,79;658,51;4151,28;
SERGIO FIGUEIREDO PIMENTA;DIRETORIA TEC.CONC.REG.QUALID.;CHEFE DE DEPARTAMENTO;CHEFE DE DEPARTAMENT; CARGO COMISSION.S/VINCULO;5829,77;;5829,77;956,01;4873,76;
SILVIA GOMES CARMIM;DEPARTAMENTO DE FINANCAS;CHEFE DE DEPARTAMENTO;; CARGO COMISSION.S/VINCULO;5829,77;;5829,77;913,36;4916,41;
THAIS DA COSTA BATISTA MENDES;DIRETORIA TEC.CONC.REG.QUALID.;GERENTE;NAO INFORMADO; CARGO COMISSION.S/VINCULO;4809,79;;4809,79;658,51;4151,28;
THAIS GIOVANA TEIXEIRA DE CASTRO;CONS.EST.REG.CONT.SERV.PUB.CON;SECRETARIO DE CONSELHO;NAO INFORMADO; CARGO COMISSION.S/VINCULO;5829,77;;5829,77;956,01;4873,76;
THIAGO MENEZES SIQUEIRA;DIRETORIA TEC.CONC.REG.QUALID.;COORDENADOR;; CARGO COMISSION.S/VINCULO;4809,79;;4809,79;600,85;4208,94;
UESLEI FREIRE BERNARDINO;DIRETORIA TEC.CONC.REG.QUALID.;COORDENADOR;; CARGO COMISSION.S/VINCULO;4809,79;;4809,79;658,51;4151,28;
UILIAN CAVALCANTE RUFINO;DIRETORIA TEC.CONC.REG.QUALID.;COORDENADOR;; CARGO COMISSION.S/VINCULO;4809,79;;4809,79;629,29;4180,50;
VERA LUCIA DE SA CARREIRA;DEPARTAMENTO DE LOGISTICA;ASSISTENTE TECNICO ADMINISTRATIVO A;; ESTATUTARIO;4386,49;;4386,49;375,92;4010,57;
WALDECY DE SOUZA GONCALVES;DEPARTAMENTO DE ADMINISTRACAO;A.TEC-I;; ESTATUTARIO;4568,99;;4568,99;430,69;4138,30;
