NOME;LOTACAO;CARGO;FUNCAO;VINCULO;REMUNERACAO LEGAL TOTAL(R$);DESC.TETO(R$); REMUNERACAO LEGAL DEVIDA(R$);DESCONTOS LEGAIS(R$);LIQUIDO DISPONIVEL(R$);
ADRIELE ALBINO MARTINS;GABINETE DA PRESIDENCIA;CHEFE DE GABINETE;; CARGO COMISSION.S/VINCULO;5229,77;;5229,77;956,01;4273,76;
ALEXANDRE SILVA GOMES;GERENCIA DE ORC.E FINANCAS;ASSISTENTE ADMINISTRATIVO;; C.L.T.;2463,00;;2463,00;242,82;2220,18;
ANA MARIA DE LIMA FERRER;CONSELHO FISCAL;MEMBRO DE CONSELHO;; CARGO COMISSION.S/VINCULO;2500,00;;2500,00;249,70;2250,30;
ANA MICHELE DA SILVA NOGUEIRA;DIRETORIA DE ADM.E FINANCAS;ASSESSOR TECNICO;; C.L.T.;4354,80;;4354,80;639,85;3714,95;
ANAYRA TAVARES NEVES BENEVIDES;ASSESSORIA;ASSESSOR II;; CARGO COMISSION.S/VINCULO;4209,79;;4209,79;658,51;3551,28;
AUREO LUCIO MACHADO DA COSTA;GERENCIA DE ADM.PAT.E SERVICOS;MOTORISTA;; C.L.T.;1817,20;;1817,20;132,82;1684,38;
AYRTON AUGUSTO FONSECA DA SILVA;DEPTO.DE ORCAMENTO E FINANCAS;ASSESSOR III;; CARGO COMISSION.S/VINCULO;3191,80;;3191,80;383,88;2807,92;
BRUNO DE SOUZA PEREIRA;GERENCIA DE ORC.E FINANCAS;ASSESSOR ADMINISTRATIVO;; C.L.T.;3617,50;;3617,50;441,52;3175,98;
CAMILA CAVALCANTE ARANHA;DIRETORIA TECNICA;ASSESSOR II;ASSESSOR II; CARGO COMISSION.S/VINCULO;4209,79;;4209,79;658,51;3551,28;
CAROLINE SKROBOT GROSSO LINDENBERG;GABINETE DA PRESIDENCIA;CHEFE DE GABINETE;; CARGO COMISSION.S/VINCULO;2000,00;;2000,00;164,32;1835,68;
CLAUDIO ANTUNES CORREIA;CONSELHO FISCAL;MEMBRO DE CONSELHO;; CARGO COMISSION.S/VINCULO;3000,00;;3000,00;342,70;2657,30;
DARLENE MARIA DE SOUZA REGIS;DIRETORIA TECNICA;ASSESSOR III;; CARGO COMISSION.S/VINCULO;3191,80;;3191,80;383,88;2807,92;
DIEGO AUGUSTO SIMOES RAMOS;DIRETORIA TECNICA;GERENTE;; CARGO COMISSION.S/VINCULO;4209,79;;4209,79;629,29;3580,50;
DIMESON ANDRADE DA SILVA;DIRETORIA TECNICA;ASSESSOR II;; CARGO COMISSION.S/VINCULO;4209,79;;4209,79;658,51;3551,28;
DORENICY FARIAS PINTO;GERENCIA DE ADM.PAT.E SERVICOS;AUXILIAR DE SERVICOS GERAIS;; C.L.T.;1450,06;;1450,06;86,65;1363,41;
DRIELY DOS SANTOS PACHECO;GERENCIA DE ORC.E FINANCAS;GERENTE;; CARGO COMISSION.S/VINCULO;4209,79;;4209,79;629,29;3580,50;
EDENILCE FARACO CALDAS;GERENCIA DE ADM.PAT.E SERVICOS;AUXILIAR DE SERVICOS GERAIS;; C.L.T.;1304,20;;1304,20;86,65;1217,55;
EDILAMAR VIEIRA DA SILVA;GERENCIA DE ADM.PAT.E SERVICOS;AUXILIAR DE SERVICOS GERAIS;; C.L.T.;1683,20;;1683,20;120,76;1562,44;
EDSON LUNIERE PORTO;DIRETORIA TECNICA;CHEFE DE DEPARTAMENTO;; CARGO COMISSION.S/VINCULO;5229,77;;5229,77;998,67;4231,10;
EMERSON RODRIGUES MOREIRA;DIRETORIA TECNICA;ASSESSOR TECNICO;; C.L.T.;3555,00;;3555,00;425,27;3129,73;
FLAVIA EMANUELE ROSAS COSTA;DIRETORIA DE ADM.E FINANCAS;GERENTE;; CARGO COMISSION.S/VINCULO;4209,79;;4209,79;658,51;3551,28;
FRANCISCO AUGUSTO MARTINS DA SILVA;CONSELHO FISCAL;MEMBRO DE CONSELHO;; CARGO COMISSION.S/VINCULO;3500,00;;3500,00;466,79;3033,21;
FRANCISCO RICARDO PEREIRA FERNANDES;CONSELHO FISCAL;MEMBRO DE CONSELHO;; CARGO COMISSION.S/VINCULO;2500,00;;2500,00;249,70;2250,30;
GESSICA QUEIROZ FREIRE GONCALVES;DIRETORIA TECNICA;GERENTE;; CARGO COMISSION.S/VINCULO;4209,79;;4209,79;600,85;3608,94;
HELIO PARACAIMA DE MAGALHAES;DIRETORIA TECNICA;ASSESSOR TECNICO;; C.L.T.;4408,12;;4408,12;682,64;3725,48;
IAN HENDERSON CARMO RIBEIRO;DIRETORIA DE ADM.E FINANCAS;DIRETOR ADMINISTRATIVO E FINANCEIRO;; CARGO COMISSION.S/VINCULO;9000,00;;9000,00;2018,35;6981,65;
JACQUELINE MARIA AZEVEDO GUARLOTE;GERENCIA DE ADM.PAT.E SERVICOS;ASSESSOR III;; CARGO COMISSION.S/VINCULO;3191,80;;3191,80;365,21;2826,59;
JAMILIS GOMES DA SILVA;GERENCIA DE ADM.PAT.E SERVICOS;ASSESSOR IV;; CARGO COMISSION.S/VINCULO;2179,61;;2179,61;183,18;1996,43;
JANAINA MARQUES DA SILVA MONTEIRO;CONSELHO FISCAL;MEMBRO DE CONSELHO;; CARGO COMISSION.S/VINCULO;2500,00;;2500,00;249,70;2250,30;
JARDEL AUGUSTO ANDRADE LUZEIRO;DIRETORIA TECNICA;CHEFE DE DEPARTAMENTO;; CARGO COMISSION.S/VINCULO;7229,77;;7229,77;1583,67;5646,10;
JESSICA CAVALCANTE DOS SANTOS;DIRETORIA TECNICA;ASSESSOR III;; CARGO COMISSION.S/VINCULO;3191,80;;3191,80;383,88;2807,92;
JHONANTAN SAMPAIO COSTA;GERENCIA DE ADM.PAT.E SERVICOS;ASSESSOR IV;; CARGO COMISSION.S/VINCULO;2179,61;;2179,61;183,18;1996,43;
JHONATA CARIOLANO DE LIMA;GERENCIA DE CONTABILIDADE;ASSESSOR III;; CARGO COMISSION.S/VINCULO;3191,80;;3191,80;383,88;2807,92;
JOALISSON SALES MOTA;CONSELHO FISCAL;MEMBRO DE CONSELHO;; CARGO COMISSION.S/VINCULO;1000,00;;1000,00;75,00;925,00;
JULIANE MANSUSE PACHECO GOMES;GERENCIA DE ADM.PAT.E SERVICOS;ASSESSOR III;; CARGO COMISSION.S/VINCULO;3191,80;;3191,80;365,21;2826,59;
JULIANO DOS SANTOS FEITOSA;ASSESSORIA;ASSESSOR III;; CARGO COMISSION.S/VINCULO;3191,80;;3191,80;383,88;2807,92;
JULIANO YUITI IKUNO OSAWA;DIRETORIA TECNICA;GERENTE;; CARGO COMISSION.S/VINCULO;4209,79;;4209,79;658,51;3551,28;
KARIME SAID E SAID;PROCURADORIA;ASSESSOR II;; CARGO COMISSION.S/VINCULO;4209,79;;4209,79;658,51;3551,28;
KATIA CRISTINA PEREIRA NOGUEIRA;DEPTO.DE ORCAMENTO E FINANCAS;ASSESSOR I;; CARGO COMISSION.S/VINCULO;5229,77;;5229,77;956,01;4273,76;
KLEISON SOUZA MEDEIROS;DIRETORIA TECNICA;ASSISTENTE ADMINISTRATIVO;; C.L.T.;1909,60;;1909,60;156,18;1753,42;
LEONE LEITE PERES;DIRETORIA TECNICA;ASSESSOR IV;; CARGO COMISSION.S/VINCULO;2179,61;;2179,61;183,18;1996,43;
LUANA MARIA LINS LOPES;DIRETORIA DE ADM.E FINANCAS;ASSESSOR ADMINISTRATIVO;; C.L.T.;4953,00;;4953,00;906,37;4046,63;
LUIZ FLORENCIO DA SILVA NUNES FILHO;CONSELHO FISCAL;MEMBRO DE CONSELHO;; CARGO COMISSION.S/VINCULO;1000,00;;1000,00;75,00;925,00;
MARCELA TOMAZ DA LAPA MOURAO;ASSESSORIA;ASSESSOR I;; CARGO COMISSION.S/VINCULO;5229,77;;5229,77;913,36;4316,41;
MARCO AURELIO ALCOFORADO GUERRA;GERENCIA DE ADM.PAT.E SERVICOS;ASSESSOR IV;; CARGO COMISSION.S/VINCULO;2179,61;;2179,61;183,18;1996,43;
MARCOS ADRIANO GOMES DA CUNHA;DEPTO.DE ORCAMENTO E FINANCAS;ASSESSOR II;; CARGO COMISSION.S/VINCULO;4209,79;;4209,79;658,51;3551,28;
MARDEN BRYAN LIMA PERES;GERENCIA DE CONTABILIDADE;GERENTE;; CARGO COMISSION.S/VINCULO;6709,79;;6709,79;1492,82;5216,97;
MARIA DE JESUS DOS SANTOS DIAS;GERENCIA DE ORC.E FINANCAS;ASSISTENTE ADMINISTRATIVO;; C.L.T.;3017,10;;3017,10;345,89;2671,21;
MARIA ELIANE RAMOS FERREIRA SOUZA;DIRETORIA TECNICA;GERENTE;; CARGO COMISSION.S/VINCULO;4000,00;;4000,00;263,87;3736,13;
MARIA HELENA STONE ARNOUD DA ROSA;CONSELHO FISCAL;MEMBRO DE CONSELHO;; CARGO COMISSION.S/VINCULO;1000,00;;1000,00;75,00;925,00;
MARIO SERGIO DE SOUZA MOURA;DIRETORIA TECNICA;GERENTE;; CARGO COMISSION.S/VINCULO;4209,79;;4209,79;658,51;3551,28;
MARTA ARAUJO MELO PARAENSE;GERENCIA DE RECURSOS HUMANOS;GERENTE;; CARGO COMISSION.S/VINCULO;4209,79;;4209,79;629,29;3580,50;
MIKAEL SMITH GOMES DOS SANTOS;GERENCIA DE ADM.PAT.E SERVICOS;MOTORISTA;; C.L.T.;1984,40;;1984,40;132,82;1851,58;
PAULO RICARDO DE CARVALHO MORAES;GERENCIA DE ADM.PAT.E SERVICOS;ASSISTENTE ADMINISTRATIVO;; C.L.T.;3090,98;;3090,98;345,40;2745,58;
RAIMUNDO NONATO MESQUITA DE MELO;DIRETORIA TECNICA;ASSESSOR IV;; CARGO COMISSION.S/VINCULO;2179,61;;2179,61;183,18;1996,43;
RAY HILTON ROCHA DE LIMA;DIRETORIA TECNICA;GERENTE;; CARGO COMISSION.S/VINCULO;4709,79;;4709,79;629,29;4080,50;
ROBERTO DE SOUZA SIMONETTI NETO;PROCURADORIA;ASSESSOR TECNICO;; C.L.T.;3555,00;;3555,00;453,15;3101,85;
ROBERTO RAMOS DE CASTRO JUNIOR;GERENCIA DE ADM.PAT.E SERVICOS;ASSESSOR I;; CARGO COMISSION.S/VINCULO;5229,77;;5229,77;998,67;4231,10;
ROSA MARIA NOGUEIRA PINTO;GERENCIA DE RECURSOS HUMANOS;ASSISTENTE ADMINISTRATIVO;; C.L.T.;2463,00;;2463,00;242,82;2220,18;
RUTH JUCA RAMOS;ASSESSORIA;ASSESSOR III;; CARGO COMISSION.S/VINCULO;3191,80;;3191,80;383,88;2807,92;
RUY SILVIO LIMA DE MENDONCA;PROCURADORIA;PROCURADOR CHEFE;; CARGO COMISSION.S/VINCULO;5229,77;;5229,77;956,01;4273,76;
SERGIO PAULO MONTEIRO LITAIFF FILHO;PROCURADORIA;ASSESSOR I;; CARGO COMISSION.S/VINCULO;11700,00;;11700,00;2760,85;8939,15;
STANLEY GOMES CARDOSO JUNIOR;CONSELHO FISCAL;ASSESSOR I;; CARGO COMISSION.S/VINCULO;2500,00;;2500,00;249,70;2250,30;
SUSY MARCELLA PEREIRA PENA;DIRETORIA DE ADM.E FINANCAS;ASSESSOR IV;; CARGO COMISSION.S/VINCULO;2179,61;;2179,61;183,18;1996,43;
TAHUANA YREN NERY JESUS R TORQUATO;GABINETE DA PRESIDENCIA;ASSESSOR TECNICO;; C.L.T.;6555,00;;6555,00;1345,97;5209,03;
TALISSA VIEIRA DE SOUZA;DIRETORIA DE ADM.E FINANCAS;ASSESSOR III;; CARGO COMISSION.S/VINCULO;3191,80;;3191,80;383,88;2807,92;
TOMAS IGO MUNOZ SANCHES;DIRETORIA TECNICA;DIRETOR TECNICO;; CARGO COMISSION.S/VINCULO;9000,00;;9000,00;2018,35;6981,65;
WASLLEY AGUIAR VIANA;GERENCIA DE CONTABILIDADE;ASSISTENTE ADMINISTRATIVO;; C.L.T.;2463,00;;2463,00;217,18;2245,82;
YASMIM PEREIRA NEGREIROS;ASSESSORIA;ASSISTENTE ADMINISTRATIVO;; C.L.T.;2463,00;;2463,00;242,82;2220,18;
YEDA CONCEICAO ROQUE;CONSELHO FISCAL;MEMBRO DE CONSELHO;; CARGO COMISSION.S/VINCULO;2500,00;;2500,00;249,70;2250,30;
ZELI DA SILVA GUIMARAES;DIRETORIA TECNICA;ASSESSOR II;; CARGO COMISSION.S/VINCULO;4209,79;;4209,79;658,51;3551,28;
