NOME;LOTACAO;CARGO;FUNCAO;VINCULO;REMUNERACAO LEGAL TOTAL(R$);DESC.TETO(R$); REMUNERACAO LEGAL DEVIDA(R$);DESCONTOS LEGAIS(R$);LIQUIDO DISPONIVEL(R$);
ADRIELE ALBINO MARTINS;GABINETE DA PRESIDENCIA;CHEFE DE GABINETE;; CARGO COMISSION.S/VINCULO;5729,77;;5729,77;956,01;4773,76;
ALEXANDRE SILVA GOMES;GERENCIA DE ORC.E FINANCAS;ASSISTENTE ADMINISTRATIVO;; C.L.T.;3424,75;;3424,75;328,70;3096,05;
ANA MICHELE DA SILVA NOGUEIRA;DIRETORIA DE ADM.E FINANCAS;ASSESSOR TECNICO;; C.L.T.;4055,00;;4055,00;425,27;3629,73;
ANAYRA TAVARES NEVES BENEVIDES;ASSESSORIA;ASSESSOR II;; CARGO COMISSION.S/VINCULO;4709,79;;4709,79;658,51;4051,28;
AUREO LUCIO MACHADO DA COSTA;GERENCIA DE ADM.PAT.E SERVICOS;MOTORISTA;; C.L.T.;2317,20;;2317,20;132,82;2184,38;
AYRTON AUGUSTO FONSECA DA SILVA;DEPTO.DE ORCAMENTO E FINANCAS;ASSESSOR III;; CARGO COMISSION.S/VINCULO;3691,80;;3691,80;383,88;3307,92;
BRUNO DE SOUZA PEREIRA;GERENCIA DE ORC.E FINANCAS;ASSESSOR ADMINISTRATIVO;; C.L.T.;4006,75;;4006,75;415,40;3591,35;
CAMILA CAVALCANTE ARANHA;DIRETORIA TECNICA;ASSESSOR II;ASSESSOR II; CARGO COMISSION.S/VINCULO;4709,79;;4709,79;658,51;4051,28;
CAROLINE SKROBOT GROSSO LINDENBERG;GABINETE DA PRESIDENCIA;CHEFE DE GABINETE;; CARGO COMISSION.S/VINCULO;2000,00;;2000,00;164,32;1835,68;
DARLENE MARIA DE SOUZA REGIS;DIRETORIA TECNICA;ASSESSOR III;; CARGO COMISSION.S/VINCULO;3691,80;;3691,80;383,88;3307,92;
DIEGO AUGUSTO SIMOES RAMOS;DIRETORIA TECNICA;GERENTE;; CARGO COMISSION.S/VINCULO;4709,79;;4709,79;629,29;4080,50;
DIMESON ANDRADE DA SILVA;DIRETORIA TECNICA;ASSESSOR II;; CARGO COMISSION.S/VINCULO;4709,79;;4709,79;658,51;4051,28;
DORENICY FARIAS PINTO;GERENCIA DE ADM.PAT.E SERVICOS;AUXILIAR DE SERVICOS GERAIS;; C.L.T.;1950,06;;1950,06;86,65;1863,41;
DRIELY DOS SANTOS PACHECO;GERENCIA DE ORC.E FINANCAS;GERENTE;; CARGO COMISSION.S/VINCULO;4709,79;;4709,79;629,29;4080,50;
EDENILCE FARACO CALDAS;GERENCIA DE ADM.PAT.E SERVICOS;AUXILIAR DE SERVICOS GERAIS;; C.L.T.;1804,20;;1804,20;86,65;1717,55;
EDILAMAR VIEIRA DA SILVA;GERENCIA DE ADM.PAT.E SERVICOS;AUXILIAR DE SERVICOS GERAIS;; C.L.T.;1804,20;;1804,20;86,65;1717,55;
EDSON LUNIERE PORTO;DIRETORIA TECNICA;CHEFE DE DEPARTAMENTO;; CARGO COMISSION.S/VINCULO;5729,77;;5729,77;998,67;4731,10;
EMERSON RODRIGUES MOREIRA;DIRETORIA TECNICA;ASSESSOR TECNICO;; C.L.T.;4055,00;;4055,00;425,27;3629,73;
FLAVIA EMANUELE ROSAS COSTA;DIRETORIA DE ADM.E FINANCAS;GERENTE;; CARGO COMISSION.S/VINCULO;4709,79;;4709,79;658,51;4051,28;
GESSICA QUEIROZ FREIRE GONCALVES;DIRETORIA TECNICA;GERENTE;; CARGO COMISSION.S/VINCULO;4709,79;;4709,79;600,85;4108,94;
HELIO PARACAIMA DE MAGALHAES;DIRETORIA TECNICA;ASSESSOR TECNICO;; C.L.T.;4908,12;;4908,12;682,64;4225,48;
IAN HENDERSON CARMO RIBEIRO;DIRETORIA DE ADM.E FINANCAS;DIRETOR ADMINISTRATIVO E FINANCEIRO;; CARGO COMISSION.S/VINCULO;9500,00;;9500,00;2018,35;7481,65;
JACQUELINE MARIA AZEVEDO GUARLOTE;GERENCIA DE ADM.PAT.E SERVICOS;ASSESSOR III;; CARGO COMISSION.S/VINCULO;3691,80;;3691,80;365,21;3326,59;
JAMILIS GOMES DA SILVA;GERENCIA DE ADM.PAT.E SERVICOS;ASSESSOR IV;; CARGO COMISSION.S/VINCULO;2679,61;;2679,61;183,18;2496,43;
JARDEL AUGUSTO ANDRADE LUZEIRO;DIRETORIA TECNICA;CHEFE DE DEPARTAMENTO;; CARGO COMISSION.S/VINCULO;7729,77;;7729,77;1583,67;6146,10;
JESSICA CAVALCANTE DOS SANTOS;DIRETORIA TECNICA;ASSESSOR III;; CARGO COMISSION.S/VINCULO;3691,80;;3691,80;383,88;3307,92;
JHONANTAN SAMPAIO COSTA;GERENCIA DE ADM.PAT.E SERVICOS;ASSESSOR IV;; CARGO COMISSION.S/VINCULO;2679,61;;2679,61;183,18;2496,43;
JHONATA CARIOLANO DE LIMA;GERENCIA DE CONTABILIDADE;ASSESSOR III;; CARGO COMISSION.S/VINCULO;3691,80;;3691,80;383,88;3307,92;
JOALISSON SALES MOTA;CONSELHO FISCAL;MEMBRO DE CONSELHO;; CARGO COMISSION.S/VINCULO;1000,00;;1000,00;75,00;925,00;
JULIANE MANSUSE PACHECO GOMES;GERENCIA DE ADM.PAT.E SERVICOS;ASSESSOR III;; CARGO COMISSION.S/VINCULO;3691,80;;3691,80;365,21;3326,59;
JULIANO DOS SANTOS FEITOSA;ASSESSORIA;ASSESSOR III;; CARGO COMISSION.S/VINCULO;3691,80;;3691,80;383,88;3307,92;
JULIANO YUITI IKUNO OSAWA;DIRETORIA TECNICA;GERENTE;; CARGO COMISSION.S/VINCULO;4709,79;;4709,79;658,51;4051,28;
KARIME SAID E SAID;PROCURADORIA;ASSESSOR II;; CARGO COMISSION.S/VINCULO;4709,79;;4709,79;658,51;4051,28;
KATIA CRISTINA PEREIRA NOGUEIRA;DEPTO.DE ORCAMENTO E FINANCAS;ASSESSOR I;; CARGO COMISSION.S/VINCULO;5729,77;;5729,77;956,01;4773,76;
KLEISON SOUZA MEDEIROS;DIRETORIA TECNICA;ASSISTENTE ADMINISTRATIVO;; C.L.T.;2409,60;;2409,60;156,18;2253,42;
LEONE LEITE PERES;DIRETORIA TECNICA;ASSESSOR IV;; CARGO COMISSION.S/VINCULO;2679,61;;2679,61;183,18;2496,43;
LUANA MARIA LINS LOPES;DIRETORIA DE ADM.E FINANCAS;ASSESSOR ADMINISTRATIVO;; C.L.T.;6119,67;;6119,67;978,70;5140,97;
LUIZ FLORENCIO DA SILVA NUNES FILHO;CONSELHO FISCAL;MEMBRO DE CONSELHO;; CARGO COMISSION.S/VINCULO;1000,00;;1000,00;75,00;925,00;
MARCELA TOMAZ DA LAPA MOURAO;ASSESSORIA;ASSESSOR I;; CARGO COMISSION.S/VINCULO;7473,03;;7473,03;1460,93;6012,10;
MARCO AURELIO ALCOFORADO GUERRA;GERENCIA DE ADM.PAT.E SERVICOS;ASSESSOR IV;; CARGO COMISSION.S/VINCULO;2679,61;;2679,61;183,18;2496,43;
MARCOS ADRIANO GOMES DA CUNHA;DEPTO.DE ORCAMENTO E FINANCAS;ASSESSOR II;; CARGO COMISSION.S/VINCULO;4709,79;;4709,79;658,51;4051,28;
MARDEN BRYAN LIMA PERES;GERENCIA DE CONTABILIDADE;GERENTE;; CARGO COMISSION.S/VINCULO;4709,79;;4709,79;658,51;4051,28;
MARIA DE JESUS DOS SANTOS DIAS;GERENCIA DE ORC.E FINANCAS;ASSISTENTE ADMINISTRATIVO;; C.L.T.;3424,75;;3424,75;328,70;3096,05;
MARIA ELIANE RAMOS FERREIRA SOUZA;DIRETORIA TECNICA;GERENTE;; CARGO COMISSION.S/VINCULO;4500,00;;4500,00;263,87;4236,13;
MARIA HELENA STONE ARNOUD DA ROSA;CONSELHO FISCAL;MEMBRO DE CONSELHO;; CARGO COMISSION.S/VINCULO;1000,00;;1000,00;75,00;925,00;
MARIO SERGIO DE SOUZA MOURA;DIRETORIA TECNICA;GERENTE;; CARGO COMISSION.S/VINCULO;4709,79;;4709,79;658,51;4051,28;
MARTA ARAUJO MELO PARAENSE;GERENCIA DE RECURSOS HUMANOS;GERENTE;; CARGO COMISSION.S/VINCULO;4709,79;;4709,79;629,29;4080,50;
MIKAEL SMITH GOMES DOS SANTOS;GERENCIA DE ADM.PAT.E SERVICOS;MOTORISTA;; C.L.T.;2521,40;;2521,40;166,24;2355,16;
PAULO RICARDO DE CARVALHO MORAES;GERENCIA DE ADM.PAT.E SERVICOS;ASSISTENTE ADMINISTRATIVO;; C.L.T.;2963,00;;2963,00;228,60;2734,40;
RAIMUNDO NONATO MESQUITA DE MELO;DIRETORIA TECNICA;ASSESSOR IV;; CARGO COMISSION.S/VINCULO;2679,61;;2679,61;183,18;2496,43;
RAY HILTON ROCHA DE LIMA;DIRETORIA TECNICA;GERENTE;; CARGO COMISSION.S/VINCULO;4709,79;;4709,79;629,29;4080,50;
ROBERTO DE SOUZA SIMONETTI NETO;PROCURADORIA;ASSESSOR TECNICO;; C.L.T.;4055,00;;4055,00;453,15;3601,85;
ROBERTO RAMOS DE CASTRO JUNIOR;GERENCIA DE ADM.PAT.E SERVICOS;ASSESSOR I;; CARGO COMISSION.S/VINCULO;5729,77;;5729,77;998,67;4731,10;
ROSA MARIA NOGUEIRA PINTO;GERENCIA DE RECURSOS HUMANOS;ASSISTENTE ADMINISTRATIVO;; C.L.T.;2963,00;;2963,00;242,82;2720,18;
RUTH JUCA RAMOS;ASSESSORIA;ASSESSOR III;; CARGO COMISSION.S/VINCULO;3691,80;;3691,80;383,88;3307,92;
RUY SILVIO LIMA DE MENDONCA;PROCURADORIA;PROCURADOR CHEFE;; CARGO COMISSION.S/VINCULO;5729,77;;5729,77;956,01;4773,76;
SERGIO PAULO MONTEIRO LITAIFF FILHO;PROCURADORIA;ASSESSOR I;; CARGO COMISSION.S/VINCULO;12200,00;;12200,00;2760,85;9439,15;
STANLEY GOMES CARDOSO JUNIOR;CONSELHO FISCAL;ASSESSOR I;; CARGO COMISSION.S/VINCULO;2500,00;;2500,00;249,70;2250,30;
SUSY MARCELLA PEREIRA PENA;DIRETORIA DE ADM.E FINANCAS;ASSESSOR IV;; CARGO COMISSION.S/VINCULO;2679,61;;2679,61;183,18;2496,43;
TAHUANA YREN NERY JESUS R TORQUATO;GABINETE DA PRESIDENCIA;ASSESSOR TECNICO;; C.L.T.;7055,00;;7055,00;1345,97;5709,03;
TALISSA VIEIRA DE SOUZA;DIRETORIA DE ADM.E FINANCAS;ASSESSOR III;; CARGO COMISSION.S/VINCULO;3691,80;;3691,80;383,88;3307,92;
TOMAS IGO MUNOZ SANCHES;DIRETORIA TECNICA;DIRETOR TECNICO;; CARGO COMISSION.S/VINCULO;9500,00;;9500,00;2018,35;7481,65;
WASLLEY AGUIAR VIANA;GERENCIA DE CONTABILIDADE;ASSISTENTE ADMINISTRATIVO;; C.L.T.;2963,00;;2963,00;217,18;2745,82;
YASMIM PEREIRA NEGREIROS;ASSESSORIA;ASSISTENTE ADMINISTRATIVO;; C.L.T.;2963,00;;2963,00;242,82;2720,18;
