NOME;LOTACAO;CARGO;FUNCAO;VINCULO;REMUNERACAO LEGAL TOTAL(R$);DESC.TETO(R$); REMUNERACAO LEGAL DEVIDA(R$);DESCONTOS LEGAIS(R$);LIQUIDO DISPONIVEL(R$);
ADEILDO COSTA FARIAS;DIOPE-DIVISAO OPERACIONAL;AGENTE AQUAVIARIO IV;; ESTATUTARIO;1986,20;;1986,20;152,07;1834,13;
ADONIS BRASIL;ITACOATIARA;AGENTE PORTUARIO II;AG.PORTUARIO II; ESTATUTARIO;1849,42;;1849,42;148,44;1700,98;
ADRIANA MOREIRA DA SILVA GUSMAO;ASPRE-ASSESSOR.DA PRESIDENCIA;ASSESSOR I;NAO INFORMADO; CARGO COMISSION.S/VINCULO;5729,77;;5729,77;998,67;4731,10;
AFRANIO SANTOS DA SILVA;DIOPE-DIVISAO OPERACIONAL;AGENTE AQUAVIARIO III;; ESTATUTARIO;3557,11;;3557,11;219,00;3338,11;
ALDEMIR LIMA DE SOUSA;DIOPE-DIVISAO OPERACIONAL;AGENTE AQUAVIARIO II;; ESTATUTARIO;3054,96;;3054,96;278,73;2776,23;
ALDER JOSE SIMOES DE ALBUQUERQUE;ASPRE-ASSESSOR.DA PRESIDENCIA;AGENTE PORTUARIO III;; ESTATUTARIO;2907,62;;2907,62;98,96;2808,66;
ANTONIO CARLOS VASCONCELOS DA COSTA;DIOPE-DIVISAO OPERACIONAL;AGENTE AQUAVIARIO III;; ESTATUTARIO;4417,11;;4417,11;301,28;4115,83;
AUGUSTO FLAVIO SANTOS DE ANDRADE;PROCURADORIA JURIDICA;PROCURADOR CHEFE AD-1;NAO INFORMADO; CARGO COMISSION.S/VINCULO;5729,77;;5729,77;913,36;4816,41;
BASILEU FERREIRA DA SILVA;DIOPE-DIVISAO OPERACIONAL;AGENTE AQUAVIARIO IV;; ESTATUTARIO;1986,20;;1986,20;152,07;1834,13;
BREYTNER PEREIRA TELLES;DIOPE-DIVISAO OPERACIONAL;AGENTE PORTUARIO III;AGENTE PORT III; ESTATUTARIO;2349,62;;2349,62;98,96;2250,66;
CARLOS FABIO SOUZA DE JESUS;DIOPE-DIVISAO OPERACIONAL;AGENTE AQUAVIARIO IV;; ESTATUTARIO;2936,20;;2936,20;152,07;2784,13;
CARLOS FERNANDO SAMPAIO DE OLIVEIRA;ASCOF-ASS.DE CONTAB.E FINANCAS;AGENTE PORTUARIO II;AGENTE PORTUARIO II; ESTATUTARIO;4655,42;;4655,42;371,22;4284,20;
CARLOS JORGE SOZINHO FAUSTO;DIOPE-DIVISAO OPERACIONAL;AGENTE AQUAVIARIO IV;AGENTE AQUAVIARIO IV; ESTATUTARIO;2936,20;;2936,20;167,89;2768,31;
CELIO DA SILVA LIMA;DIOPE-DIVISAO OPERACIONAL;AGENTE AQUAVIARIO III;; ESTATUTARIO;2607,11;;2607,11;219,00;2388,11;
CLENILDO FREITAS DE FIGUEIREDO;DIOPE-DIVISAO OPERACIONAL;AGENTE AQUAVIARIO IV;; ESTATUTARIO;1986,20;;1986,20;152,07;1834,13;
CLESON PAES ARAUJO;DIOPE-DIVISAO OPERACIONAL;AGENTE PORTUARIO III;AG PORTUARIO III; ESTATUTARIO;5440,83;;5440,83;466,94;4973,89;
DELSON WAUGHAN DE SOUSA;DIOPE-DIVISAO OPERACIONAL;AGENTE AQUAVIARIO III;AG AQUAVIRIO III; ESTATUTARIO;3092,11;;3092,11;238,02;2854,09;
DENILSON MACIEL RIBEIRO;COARI;AGENTE PORTUARIO III;AG.PORTUARIO III; ESTATUTARIO;1545,00;;1545,00;114,95;1430,05;
EDSON COELHO PERES;DIOPE-DIVISAO OPERACIONAL;AGENTE AQUAVIARIO IV;AG.AQUAVIARIO IV; ESTATUTARIO;2711,20;;2711,20;152,07;2559,13;
EDSON SILVA SOUZA;DIOPE-DIVISAO OPERACIONAL;AGENTE AQUAVIARIO IV;AG AQUAVIARIO IV; ESTATUTARIO;2306,20;;2306,20;152,07;2154,13;
ELI CARLOS BORGES DE OLIVEIRA;TABATINGA;AGENTE PORTUARIO III;AG.PORTUARIO III; ESTATUTARIO;1545,00;;1545,00;114,95;1430,05;
ELISEU BARBOSA MACIEL;ASCOF-ASS.DE CONTAB.E FINANCAS;AGENTE PORTUARIO III;AG PORTUARIO III; ESTATUTARIO;4205,62;;4205,62;285,16;3920,46;
ELSON LIMA PACHECO;DIOPE-DIVISAO OPERACIONAL;AGENTE AQUAVIARIO IV;; ESTATUTARIO;1986,20;;1986,20;152,07;1834,13;
EMMANUEL ADONES DAS N NASCIMENTO;DIOPE-DIVISAO OPERACIONAL;AGENTE AQUAVIARIO IV;; ESTATUTARIO;2436,20;;2436,20;167,89;2268,31;
ERIANE DE OLIVEIRA NASCIMENTO;DIPAL-DIV.PATRIM.ALMOXARIFADO;AGENTE PORTUARIO II;AGENTE PORT II; ESTATUTARIO;4655,42;;4655,42;413,88;4241,54;
ERIVAN CRUZ DE ASSUNCAO;DIOPE-DIVISAO OPERACIONAL;AGENTE AQUAVIARIO IV;; ESTATUTARIO;1986,20;;1986,20;152,07;1834,13;
FABIOLA DA SILVA ROTHEN;ASADM-ASSESSORIA ADMINISTRACAO;AGENTE PORTUARIO II;AGENTE PORTUARIO II; ESTATUTARIO;4655,42;;4655,42;413,88;4241,54;
FERNANDO DE SOUZA ANDRADE;DIOPE-DIVISAO OPERACIONAL;MARINHEIRO FLUVIAL DE CONVES;; ESTATUTARIO;2372,88;;2372,88;171,26;2201,62;
FRANCISCO CARLOS MARTINS RIBEIRO;DEAFI-DEPTO.DE ADM.E FINANCAS;AGENTE PORTUARIO III;; ESTATUTARIO;4205,62;;4205,62;141,34;4064,28;
FRANCISCO OSCAR OLIVEIRA DA SILVA;DIOPE-DIVISAO OPERACIONAL;AGENTE AQUAVIARIO II;; ESTATUTARIO;5860,96;;5860,96;680,62;5180,34;
FRANSOAISE TORRES LIMA;ASADM-ASSESSORIA ADMINISTRACAO;AGENTE PORTUARIO III;AG.PORTUARIO III; ESTATUTARIO;3605,62;;3605,62;195,16;3410,46;
GERALDO DA COSTA SOUZA;PESSOAL PROCESSO APOSENTADORIA;AGENTE AQUAVIARIO III;AG AQUAVIARIO III; ESTATUTARIO;2107,11;;2107,11;219,00;1888,11;
GILBERTO MENDES DE LIMA;DIOPE-DIVISAO OPERACIONAL;AGENTE AQUAVIARIO IV;AG AQUAVIARIO IV; ESTATUTARIO;2936,20;;2936,20;152,07;2784,13;
GILSON DA COSTA AMARAL;DIOPE-DIVISAO OPERACIONAL;AGENTE AQUAVIARIO IV;AG AQUAVIARIO IV; ESTATUTARIO;3748,27;;3748,27;236,33;3511,94;
GLEICY LIRA FERREIRA;PROCURADORIA JURIDICA;AGENTE PORTUARIO II;AGENTE PORTUARIO II; ESTATUTARIO;3659,42;;3659,42;245,29;3414,13;
HELCIO OLIVEIRA DE LIMA;DIOPE-DIVISAO OPERACIONAL;AGENTE PORTUARIO II;AG PORTUARIO II; ESTATUTARIO;3357,42;;3357,42;194,59;3162,83;
HELIOMARA ANDRADE SOARES;ITACOATIARA;AGENTE PORTUARIO III;AG.PORTUARIO III; ESTATUTARIO;1545,00;;1545,00;114,95;1430,05;
HENRIQUE DA SILVA CABRAL;PARINTINS;AGENTE PORTUARIO III;AG.PORTUARIO III; ESTATUTARIO;1545,00;;1545,00;114,95;1430,05;
HENRY CHALLU PINHEIRO MOTA;DIOPE-DIVISAO OPERACIONAL;AGENTE PORTUARIO III;AG.PORTUARIO III; ESTATUTARIO;3605,62;;3605,62;153,22;3452,40;
HINDEMBURGO OLIVEIRA E SILVA FILHO;DIOPE-DIVISAO OPERACIONAL;MOTORISTA FLUVIAL;; ESTATUTARIO;4857,27;;4857,27;388,20;4469,07;
IDERLAN VALE RODRIGUES;DEAFI-DEPTO.DE ADM.E FINANCAS;CHEFE DE DEPARTAMENTO;NAO INFORMADO; CARGO COMISSION.S/VINCULO;5729,77;;5729,77;913,36;4816,41;
JACKSON CARLOS BARROSO BELCHIOR;DEAFI-DEPTO.DE ADM.E FINANCAS;AGENTE PORTUARIO I;AGENTE PORTUARIO I; ESTATUTARIO;5779,94;;5779,94;677,44;5102,50;
JAIME MONTEFUSCO DA SILVA;DIOPE-DIVISAO OPERACIONAL;AGENTE AQUAVIARIO III;; ESTATUTARIO;2607,11;;2607,11;219,00;2388,11;
JANDER DE OLIVEIRA REIS;PARINTINS;AGENTE PORTUARIO II;AG.PORTUARIO II; ESTATUTARIO;1849,42;;1849,42;148,44;1700,98;
JOAO CARLOS FERNANDES;DIOPE-DIVISAO OPERACIONAL;AGENTE AQUAVIARIO IV;; ESTATUTARIO;2711,20;;2711,20;152,07;2559,13;
JOHN BARRETO RAMIRES;COARI;AGENTE PORTUARIO III;AG.PORTUARIO III; ESTATUTARIO;500,00;;500,00;;500,00;
JORGE DE ALMEIDA BARROSO;PRESI - PRESIDENCIA;DIRETOR PRESIDENTE;NAO INFORMADO; CARGO COMISSION.S/VINCULO;12200,00;;12200,00;2760,85;9439,15;
JOSÉ CARLOS BRAGA BASTOS J NIOR;ASCOF-ASS.DE CONTAB.E FINANCAS;ASSESSOR I;NAO INFORMADO; CARGO COMISSION.S/VINCULO;5729,77;;5729,77;998,67;4731,10;
JOSE ADILSON FALCAO SARAIVA;DIOPE-DIVISAO OPERACIONAL;AGENTE AQUAVIARIO IV;AGENTE AQUAVIARIO IV; ESTATUTARIO;2936,20;;2936,20;152,07;2784,13;
JOSE ALVES CAVALCANTE FILHO;DIPAL-DIV.PATRIM.ALMOXARIFADO;AGENTE PORTUARIO III;; ESTATUTARIO;3605,62;;3605,62;167,44;3438,18;
JOSE BENEDITO MAIA PRIMO;DIOPE-DIVISAO OPERACIONAL;AGENTE AQUAVIARIO IV;AG AQUAVIAIRO IV; ESTATUTARIO;3494,20;;3494,20;209,74;3284,46;
JOSE DE CASTRO MOURA;DIOPE-DIVISAO OPERACIONAL;AGENTE AQUAVIARIO II;AG AQUAVIARIO II; ESTATUTARIO;3054,96;;3054,96;268,26;2786,70;
JUSCELINO DA COSTA SILVA;DIOPE-DIVISAO OPERACIONAL;AGENTE PORTUARIO II;AGENTE PORTUARIO II; ESTATUTARIO;4655,42;;4655,42;309,37;4346,05;
MADSON LUIZ GOMES MARINHO;DIOPE-DIVISAO OPERACIONAL;AGENTE AQUAVIARIO IV;AG AQUAVIARIO IV; ESTATUTARIO;2471,20;;2471,20;152,07;2319,13;
MARCIA HITOTUZI HIRAMATSU;DEAFI-DEPTO.DE ADM.E FINANCAS;AGENTE PORTUARIO I;AGENTE PORTUARIO I; ESTATUTARIO;5779,94;;5779,94;779,92;5000,02;
MARCIO NEY VIEIRA BRANDAO;COARI;AGENTE PORTUARIO II;AG.PORTUARIO II; ESTATUTARIO;1849,42;;1849,42;148,44;1700,98;
NIVALDO COSTA DE OLIVEIRA;DIOPE-DIVISAO OPERACIONAL;AGENTE AQUAVIARIO III;AG AQUAVIARIO III; ESTATUTARIO;3557,11;;3557,11;272,90;3284,21;
ORNEY BENTES BARROS;DIOPE-DIVISAO OPERACIONAL;AGENTE AQUAVIARIO IV;AG AQUAVIARIO IV; ESTATUTARIO;2471,20;;2471,20;152,07;2319,13;
OSEAS MENDONCA DOS SANTOS;DIOPE-DIVISAO OPERACIONAL;AGENTE AQUAVIARIO IV;AG AQUAVIARIO IV; ESTATUTARIO;1986,20;;1986,20;;1986,20;
PATRICK FRANCOIS RIBEIRO MOREIRA;DIOPE-DIVISAO OPERACIONAL;AGENTE AQUAVIARIO III;AG AQUAVIARIO III; ESTATUTARIO;3903,11;;3903,11;309,50;3593,61;
PAULO MOISES SANTOS DA SILVA;DIOPE-DIVISAO OPERACIONAL;AGENTE AQUAVIARIO III;AG AQUAVIARIO III; ESTATUTARIO;2607,11;;2607,11;219,00;2388,11;
PEDRO SANTOS DA SILVA;DIOPE-DIVISAO OPERACIONAL;COMANDANTE FLUVIAL;; ESTATUTARIO;4272,31;;4272,31;363,33;3908,98;
RAIMUNDO ALDECY DE SOUZA;DIOPE-DIVISAO OPERACIONAL;MARINHEIRO FLUVIAL DE CONVES;; ESTATUTARIO;3368,88;;3368,88;208,74;3160,14;
RAIMUNDO CORREIA DA SILVA;DIOPE-DIVISAO OPERACIONAL;MARINHEIRO FLUVIAL DE CONVES;; ESTATUTARIO;3287,23;;3287,23;204,43;3082,80;
RAIMUNDO JAIRO DOS SANTOS ALVES;DIOPE-DIVISAO OPERACIONAL;AGENTE AQUAVIARIO IV;AGENTE AQUAVIARIO IV; ESTATUTARIO;2936,20;;2936,20;152,07;2784,13;
RAIMUNDO JOSE LUCENA BARROS;DIOPE-DIVISAO OPERACIONAL;AGENTE AQUAVIARIO II;AG AQUAVIARIO II; ESTATUTARIO;3054,96;;3054,96;268,26;2786,70;
RAIMUNDO NAZARENO DE LIMA;DIOPE-DIVISAO OPERACIONAL;AGENTE AQUAVIARIO III;AG AQUAVIARIO III; ESTATUTARIO;2607,11;;2607,11;219,00;2388,11;
RAIMUNDO NONATO DE LIMA;DIOPE-DIVISAO OPERACIONAL;AGENTE PORTUARIO III;AGENTE PORTUARIO III; ESTATUTARIO;4205,62;;4205,62;256,72;3948,90;
RAIMUNDO NONATO DE SOUZA;DIOPE-DIVISAO OPERACIONAL;MARINHEIRO FLUVIAL DE MAQUINA;; ESTATUTARIO;2264,14;;2264,14;159,29;2104,85;
RAIMUNDO TEIXEIRA FILHO;PARINTINS;AGENTE PORTUARIO III;AG.PORTUARIO III; ESTATUTARIO;1545,00;;1545,00;114,95;1430,05;
RAPHAEL DOS SANTOS MARINHO;DIRETORIA ADMNINST-FINANCEIRO;DIRETOR ADMINISTRATIVO E FINANCEIRO;NAO INFORMADO; CARGO COMISSION.S/VINCULO;9500,00;;9500,00;2070,49;7429,51;
ROBERCI BENTES DE ARAUJO;DIOPE-DIVISAO OPERACIONAL;AGENTE AQUAVIARIO IV;AG AQUAVIARIO IV; ESTATUTARIO;2306,20;;2306,20;152,07;2154,13;
ROBERTO NONATO DA SILVA;DIOPE-DIVISAO OPERACIONAL;AGENTE AQUAVIARIO III;AG AQUAVIARIO III; ESTATUTARIO;3309,48;;3309,48;254,33;3055,15;
SEBASTIAO CESAR SOUSA DE SA;DIOPE-DIVISAO OPERACIONAL;AGENTE AQUAVIARIO II;; ESTATUTARIO;4004,96;;4004,96;362,49;3642,47;
SELEZIO SERGIO SARAYVA MATOS;DIOPE-DIVISAO OPERACIONAL;AGENTE AQUAVIARIO III;; ESTATUTARIO;2607,11;;2607,11;219,00;2388,11;
TACIANO SAMPAIO FILHO;DIOPE-DIVISAO OPERACIONAL;AGENTE AQUAVIARIO IV;; ESTATUTARIO;1986,20;;1986,20;152,07;1834,13;
THIAGO COLARES DA SILVA FILHO;DIOPE-DIVISAO OPERACIONAL;AGENTE AQUAVIARIO IV;; ESTATUTARIO;1986,20;;1986,20;152,07;1834,13;
THIAGO FARIAS SOUZA;ASADM-ASSESSORIA ADMINISTRACAO;AGENTE PORTUARIO III;; ESTATUTARIO;4205,62;;4205,62;285,16;3920,46;
VALDEMIR OLIVEIRA DE MENDONÇA;ASPRE-ASSESSOR.DA PRESIDENCIA;ASSESSOR I;NAO INFORMADO; CARGO COMISSION.S/VINCULO;7473,03;;7473,03;1513,07;5959,96;
VALDENOR GUIMARAES DA SILVA;DIOPE-DIVISAO OPERACIONAL;AGENTE AQUAVIARIO IV;; ESTATUTARIO;2936,20;;2936,20;167,89;2768,31;
VALPERCIR CANDIDO DA SILVA;DIOPE-DIVISAO OPERACIONAL;AGENTE AQUAVIARIO III;; ESTATUTARIO;2607,11;;2607,11;219,00;2388,11;
WALDIR MARTINS DE OLIVEIRA;DIOPE-DIVISAO OPERACIONAL;MARINHEIRO FLUVIAL DE CONVES;; ESTATUTARIO;3595,02;;3595,02;162,97;3432,05;
WALFRIDO DE OLIVEIRA SILVA NETO;DIOPE-DIVISAO OPERACIONAL;AGENTE PORTUARIO I;AGENTE PORTUARIO I; ESTATUTARIO;7539,92;;7539,92;1211,78;6328,14;
WASHINGTON LUIZ DO NASCIMENTO;DIOPE-DIVISAO OPERACIONAL;AGENTE AQUAVIARIO IV;; ESTATUTARIO;1986,20;;1986,20;152,07;1834,13;
WELISSON MORIZ CORREA;ASADM-ASSESSORIA ADMINISTRACAO;AGENTE PORTUARIO II;AG.PORTUARIO II; ESTATUTARIO;6040,56;;6040,56;605,50;5435,06;
WILLIAM PEIXOTO DE AQUINO;DIOPE-DIVISAO OPERACIONAL;AGENTE PORTUARIO II;AG.PORTUARIO II; ESTATUTARIO;4055,42;;4055,42;304,69;3750,73;
