NOME;LOTACAO;CARGO;FUNCAO;VINCULO;REMUNERACAO LEGAL TOTAL(R$);DESC.TETO(R$); REMUNERACAO LEGAL DEVIDA(R$);DESCONTOS LEGAIS(R$);LIQUIDO DISPONIVEL(R$);
ADEILDO COSTA FARIAS;DIOPE-DIVISAO OPERACIONAL;AGENTE AQUAVIARIO IV;; ESTATUTARIO;1986,20;;1986,20;193,54;1792,66;
ADONIS BRASIL;ITACOATIARA;AGENTE PORTUARIO II;AG.PORTUARIO II; ESTATUTARIO;1849,42;;1849,42;188,92;1660,50;
ADRIANA MOREIRA DA SILVA GUSMAO;ASPRE-ASSESSOR.DA PRESIDENCIA;ASSESSOR I;NAO INFORMADO; CARGO COMISSION.S/VINCULO;5729,77;;5729,77;998,67;4731,10;
AFRANIO SANTOS DA SILVA;DIOPE-DIVISAO OPERACIONAL;AGENTE AQUAVIARIO III;; ESTATUTARIO;3557,11;;3557,11;278,72;3278,39;
ALDEMIR LIMA DE SOUSA;DIOPE-DIVISAO OPERACIONAL;AGENTE AQUAVIARIO II;; ESTATUTARIO;3406,61;;3406,61;410,27;2996,34;
ALDER JOSE SIMOES DE ALBUQUERQUE;ASPRE-ASSESSOR.DA PRESIDENCIA;AGENTE PORTUARIO III;; ESTATUTARIO;2907,62;;2907,62;125,95;2781,67;
ANTONIO CARLOS VASCONCELOS DA COSTA;DIOPE-DIVISAO OPERACIONAL;AGENTE AQUAVIARIO III;; ESTATUTARIO;4417,11;;4417,11;352,05;4065,06;
AUGUSTO FLAVIO SANTOS DE ANDRADE;PROCURADORIA JURIDICA;PROCURADOR CHEFE;NAO INFORMADO; CARGO COMISSION.S/VINCULO;5729,77;;5729,77;913,36;4816,41;
BASILEU FERREIRA DA SILVA;DIOPE-DIVISAO OPERACIONAL;AGENTE AQUAVIARIO IV;; ESTATUTARIO;2236,20;;2236,20;193,54;2042,66;
BREYTNER PEREIRA TELLES;DIOPE-DIVISAO OPERACIONAL;AGENTE PORTUARIO III;AGENTE PORT III; ESTATUTARIO;2349,62;;2349,62;125,95;2223,67;
CARLOS FABIO SOUZA DE JESUS;DIOPE-DIVISAO OPERACIONAL;AGENTE AQUAVIARIO IV;; ESTATUTARIO;2936,20;;2936,20;193,54;2742,66;
CARLOS FERNANDO SAMPAIO DE OLIVEIRA;ASCOF-ASS.DE CONTAB.E FINANCAS;AGENTE PORTUARIO II;AGENTE PORTUARIO II; ESTATUTARIO;4655,42;;4655,42;402,59;4252,83;
CARLOS JORGE SOZINHO FAUSTO;DIOPE-DIVISAO OPERACIONAL;AGENTE AQUAVIARIO IV;AGENTE AQUAVIARIO IV; ESTATUTARIO;2936,20;;2936,20;206,25;2729,95;
CELIO DA SILVA LIMA;DIOPE-DIVISAO OPERACIONAL;AGENTE AQUAVIARIO III;; ESTATUTARIO;2607,11;;2607,11;278,72;2328,39;
CLENILDO FREITAS DE FIGUEIREDO;DIOPE-DIVISAO OPERACIONAL;AGENTE AQUAVIARIO IV;; ESTATUTARIO;1986,20;;1986,20;193,54;1792,66;
CLESON PAES ARAUJO;DIOPE-DIVISAO OPERACIONAL;AGENTE PORTUARIO III;AG PORTUARIO III; ESTATUTARIO;3705,62;;3705,62;251,22;3454,40;
DELSON WAUGHAN DE SOUSA;DIOPE-DIVISAO OPERACIONAL;AGENTE AQUAVIARIO III;AG AQUAVIRIO III; ESTATUTARIO;3092,11;;3092,11;293,27;2798,84;
DENILSON MACIEL RIBEIRO;COARI;AGENTE PORTUARIO III;AG.PORTUARIO III; ESTATUTARIO;1545,00;;1545,00;146,30;1398,70;
EDSON COELHO PERES;DIOPE-DIVISAO OPERACIONAL;AGENTE AQUAVIARIO IV;AG.AQUAVIARIO IV; ESTATUTARIO;2711,20;;2711,20;193,54;2517,66;
EDSON SILVA SOUZA;DIOPE-DIVISAO OPERACIONAL;AGENTE AQUAVIARIO IV;AG AQUAVIARIO IV; ESTATUTARIO;2306,20;;2306,20;193,54;2112,66;
ELI CARLOS BORGES DE OLIVEIRA;TABATINGA;AGENTE PORTUARIO III;AG.PORTUARIO III; ESTATUTARIO;1545,00;;1545,00;146,30;1398,70;
ELISEU BARBOSA MACIEL;ASCOF-ASS.DE CONTAB.E FINANCAS;AGENTE PORTUARIO III;AG PORTUARIO III; ESTATUTARIO;4205,62;;4205,62;308,10;3897,52;
ELSON LIMA PACHECO;DIOPE-DIVISAO OPERACIONAL;AGENTE AQUAVIARIO IV;; ESTATUTARIO;1986,20;;1986,20;193,54;1792,66;
EMMANUEL ADONES DAS N NASCIMENTO;DIOPE-DIVISAO OPERACIONAL;AGENTE AQUAVIARIO IV;; ESTATUTARIO;2936,20;;2936,20;206,25;2729,95;
ERIANE DE OLIVEIRA NASCIMENTO;DIPAL-DIV.PATRIM.ALMOXARIFADO;AGENTE PORTUARIO II;AGENTE PORT II; ESTATUTARIO;4655,42;;4655,42;445,25;4210,17;
ERIVAN CRUZ DE ASSUNCAO;DIOPE-DIVISAO OPERACIONAL;AGENTE AQUAVIARIO IV;; ESTATUTARIO;2306,20;;2306,20;193,54;2112,66;
FABIOLA DA SILVA ROTHEN;ASADM-ASSESSORIA ADMINISTRACAO;AGENTE PORTUARIO II;AGENTE PORTUARIO II; ESTATUTARIO;4655,42;;4655,42;445,25;4210,17;
FERNANDO DE SOUZA ANDRADE;DIOPE-DIVISAO OPERACIONAL;MARINHEIRO FLUVIAL DE CONVES;; ESTATUTARIO;2372,88;;2372,88;217,96;2154,92;
FRANCISCO CARLOS MARTINS RIBEIRO;DEAFI-DEPTO.DE ADM.E FINANCAS;AGENTE PORTUARIO III;; ESTATUTARIO;4205,62;;4205,62;166,31;4039,31;
FRANCISCO OSCAR OLIVEIRA DA SILVA;DIOPE-DIVISAO OPERACIONAL;AGENTE AQUAVIARIO II;; ESTATUTARIO;5860,96;;5860,96;737,32;5123,64;
FRANSOAISE TORRES LIMA;ASADM-ASSESSORIA ADMINISTRACAO;AGENTE PORTUARIO III;AG.PORTUARIO III; ESTATUTARIO;3605,62;;3605,62;218,10;3387,52;
GERALDO DA COSTA SOUZA;PESSOAL PROCESSO APOSENTADORIA;AGENTE AQUAVIARIO III;AG AQUAVIARIO III; ESTATUTARIO;2107,11;;2107,11;278,72;1828,39;
GILBERTO MENDES DE LIMA;DIOPE-DIVISAO OPERACIONAL;AGENTE AQUAVIARIO IV;AG AQUAVIARIO IV; ESTATUTARIO;3748,27;;3748,27;252,94;3495,33;
GILDETH PIRES DIAS PRADO;PARINTINS;AGENTE PORTUARIO II;AG.PORTUARIO II; ESTATUTARIO;1849,42;;1849,42;188,92;1660,50;
GILSON DA COSTA AMARAL;DIOPE-DIVISAO OPERACIONAL;AGENTE AQUAVIARIO IV;AG AQUAVIARIO IV; ESTATUTARIO;2936,20;;2936,20;206,25;2729,95;
GLEICY LIRA FERREIRA;PROCURADORIA JURIDICA;AGENTE PORTUARIO II;AGENTE PORTUARIO II; ESTATUTARIO;3659,42;;3659,42;279,70;3379,72;
HELCIO OLIVEIRA DE LIMA;DIOPE-DIVISAO OPERACIONAL;AGENTE PORTUARIO II;AG PORTUARIO II; ESTATUTARIO;3357,42;;3357,42;232,04;3125,38;
HELIOMARA ANDRADE SOARES;ITACOATIARA;AGENTE PORTUARIO III;AG.PORTUARIO III; ESTATUTARIO;1045,00;;1045,00;146,30;898,70;
HENRIQUE DA SILVA CABRAL;PARINTINS;AGENTE PORTUARIO III;AG.PORTUARIO III; ESTATUTARIO;1545,00;;1545,00;146,30;1398,70;
HENRY CHALLU PINHEIRO MOTA;DIOPE-DIVISAO OPERACIONAL;AGENTE PORTUARIO III;AG.PORTUARIO III; ESTATUTARIO;3605,62;;3605,62;178,19;3427,43;
HINDEMBURGO OLIVEIRA E SILVA FILHO;DIOPE-DIVISAO OPERACIONAL;MOTORISTA FLUVIAL;; ESTATUTARIO;4857,27;;4857,27;471,71;4385,56;
IDERLAN VALE RODRIGUES;DEAFI-DEPTO.DE ADM.E FINANCAS;CHEFE DE DEPARTAMENTO;NAO INFORMADO; CARGO COMISSION.S/VINCULO;5729,77;;5729,77;913,36;4816,41;
JACKSON CARLOS BARROSO BELCHIOR;DEAFI-DEPTO.DE ADM.E FINANCAS;AGENTE PORTUARIO I;AGENTE PORTUARIO I; ESTATUTARIO;5779,94;;5779,94;734,96;5044,98;
JAIME MONTEFUSCO DA SILVA;DIOPE-DIVISAO OPERACIONAL;AGENTE AQUAVIARIO III;; ESTATUTARIO;2107,11;;2107,11;278,72;1828,39;
JANDER DE OLIVEIRA REIS;PARINTINS;AGENTE PORTUARIO II;AG.PORTUARIO II; ESTATUTARIO;1849,42;;1849,42;188,92;1660,50;
JOAO CARLOS FERNANDES;DIOPE-DIVISAO OPERACIONAL;AGENTE AQUAVIARIO IV;; ESTATUTARIO;2711,20;;2711,20;193,54;2517,66;
JOHN BARRETO RAMIRES;COARI;AGENTE PORTUARIO III;AG.PORTUARIO III; ESTATUTARIO;500,00;;500,00;;500,00;
JORGE DE ALMEIDA BARROSO;PRESI - PRESIDENCIA;DIRETOR PRESIDENTE;NAO INFORMADO; CARGO COMISSION.S/VINCULO;12200,00;;12200,00;2760,85;9439,15;
JOSÉ CARLOS BRAGA BASTOS J NIOR;ASCOF-ASS.DE CONTAB.E FINANCAS;ASSESSOR I;NAO INFORMADO; CARGO COMISSION.S/VINCULO;5729,77;;5729,77;998,67;4731,10;
JOSE ADILSON FALCAO SARAIVA;DIOPE-DIVISAO OPERACIONAL;AGENTE AQUAVIARIO IV;AGENTE AQUAVIARIO IV; ESTATUTARIO;2936,20;;2936,20;206,25;2729,95;
JOSE ALVES CAVALCANTE FILHO;DIPAL-DIV.PATRIM.ALMOXARIFADO;AGENTE PORTUARIO III;; ESTATUTARIO;3605,62;;3605,62;192,41;3413,21;
JOSE BENEDITO MAIA PRIMO;DIOPE-DIVISAO OPERACIONAL;AGENTE AQUAVIARIO IV;AG AQUAVIAIRO IV; ESTATUTARIO;3494,20;;3494,20;248,10;3246,10;
JOSE DE CASTRO MOURA;DIOPE-DIVISAO OPERACIONAL;AGENTE AQUAVIARIO II;AG AQUAVIARIO II; ESTATUTARIO;3054,96;;3054,96;341,42;2713,54;
JUSCELINO DA COSTA SILVA;DIOPE-DIVISAO OPERACIONAL;AGENTE PORTUARIO II;AGENTE PORTUARIO II; ESTATUTARIO;4655,42;;4655,42;372,22;4283,20;
MADSON LUIZ GOMES MARINHO;DIOPE-DIVISAO OPERACIONAL;AGENTE AQUAVIARIO IV;AG AQUAVIARIO IV; ESTATUTARIO;2471,20;;2471,20;193,54;2277,66;
MARCIA HITOTUZI HIRAMATSU;DEAFI-DEPTO.DE ADM.E FINANCAS;AGENTE PORTUARIO I;AGENTE PORTUARIO I; ESTATUTARIO;5279,94;;5279,94;833,73;4446,21;
MARCIO NEY VIEIRA BRANDAO;COARI;AGENTE PORTUARIO II;AG.PORTUARIO II; ESTATUTARIO;1849,42;;1849,42;188,92;1660,50;
NIVALDO COSTA DE OLIVEIRA;DIOPE-DIVISAO OPERACIONAL;AGENTE AQUAVIARIO III;AG AQUAVIARIO III; ESTATUTARIO;3557,11;;3557,11;328,14;3228,97;
ORNEY BENTES BARROS;DIOPE-DIVISAO OPERACIONAL;AGENTE AQUAVIARIO IV;AG AQUAVIARIO IV; ESTATUTARIO;3128,27;;3128,27;220,66;2907,61;
OSEAS MENDONCA DOS SANTOS;DIOPE-DIVISAO OPERACIONAL;AGENTE AQUAVIARIO IV;AG AQUAVIARIO IV; ESTATUTARIO;1986,20;;1986,20;;1986,20;
PATRICK FRANCOIS RIBEIRO MOREIRA;DIOPE-DIVISAO OPERACIONAL;AGENTE AQUAVIARIO III;AG AQUAVIARIO III; ESTATUTARIO;3903,11;;3903,11;360,26;3542,85;
PAULO MOISES SANTOS DA SILVA;DIOPE-DIVISAO OPERACIONAL;AGENTE AQUAVIARIO III;AG AQUAVIARIO III; ESTATUTARIO;2607,11;;2607,11;278,72;2328,39;
PEDRO SANTOS DA SILVA;DIOPE-DIVISAO OPERACIONAL;COMANDANTE FLUVIAL;; ESTATUTARIO;4272,31;;4272,31;423,78;3848,53;
RAIMUNDO ALDECY DE SOUZA;DIOPE-DIVISAO OPERACIONAL;MARINHEIRO FLUVIAL DE CONVES;; ESTATUTARIO;4277,90;;4277,90;352,02;3925,88;
RAIMUNDO CORREIA DA SILVA;DIOPE-DIVISAO OPERACIONAL;MARINHEIRO FLUVIAL DE CONVES;; ESTATUTARIO;4182,77;;4182,77;342,42;3840,35;
RAIMUNDO JAIRO DOS SANTOS ALVES;DIOPE-DIVISAO OPERACIONAL;AGENTE AQUAVIARIO IV;AGENTE AQUAVIARIO IV; ESTATUTARIO;2936,20;;2936,20;193,54;2742,66;
RAIMUNDO JOSE LUCENA BARROS;DIOPE-DIVISAO OPERACIONAL;AGENTE AQUAVIARIO II;AG AQUAVIARIO II; ESTATUTARIO;3054,96;;3054,96;341,42;2713,54;
RAIMUNDO NAZARENO DE LIMA;DIOPE-DIVISAO OPERACIONAL;AGENTE AQUAVIARIO III;AG AQUAVIARIO III; ESTATUTARIO;3309,48;;3309,48;309,57;2999,91;
RAIMUNDO NONATO DE LIMA;DIOPE-DIVISAO OPERACIONAL;AGENTE PORTUARIO III;AGENTE PORTUARIO III; ESTATUTARIO;4205,62;;4205,62;279,66;3925,96;
RAIMUNDO NONATO DE SOUZA;DIOPE-DIVISAO OPERACIONAL;MARINHEIRO FLUVIAL DE MAQUINA;; ESTATUTARIO;1764,14;;1764,14;202,74;1561,40;
RAIMUNDO TEIXEIRA FILHO;PARINTINS;AGENTE PORTUARIO III;AG.PORTUARIO III; ESTATUTARIO;1545,00;;1545,00;146,30;1398,70;
RAPHAEL DOS SANTOS MARINHO;DIRETORIA ADMNINST-FINANCEIRO;DIRETOR ADMINISTRATIVO E FINANCEIRO;NAO INFORMADO; CARGO COMISSION.S/VINCULO;9500,00;;9500,00;2070,49;7429,51;
ROBERCI BENTES DE ARAUJO;DIOPE-DIVISAO OPERACIONAL;AGENTE AQUAVIARIO IV;AG AQUAVIARIO IV; ESTATUTARIO;2908,27;;2908,27;204,16;2704,11;
ROBERTO NONATO DA SILVA;DIOPE-DIVISAO OPERACIONAL;AGENTE AQUAVIARIO III;AG AQUAVIARIO III; ESTATUTARIO;2927,11;;2927,11;278,72;2648,39;
SEBASTIAO CESAR SOUSA DE SA;DIOPE-DIVISAO OPERACIONAL;AGENTE AQUAVIARIO II;; ESTATUTARIO;4004,96;;4004,96;424,68;3580,28;
SELEZIO SERGIO SARAYVA MATOS;DIOPE-DIVISAO OPERACIONAL;AGENTE AQUAVIARIO III;; ESTATUTARIO;2607,11;;2607,11;278,72;2328,39;
TACIANO SAMPAIO FILHO;DIOPE-DIVISAO OPERACIONAL;AGENTE AQUAVIARIO IV;; ESTATUTARIO;1986,20;;1986,20;193,54;1792,66;
THIAGO COLARES DA SILVA FILHO;DIOPE-DIVISAO OPERACIONAL;AGENTE AQUAVIARIO IV;; ESTATUTARIO;1986,20;;1986,20;193,54;1792,66;
THIAGO FARIAS SOUZA;ASADM-ASSESSORIA ADMINISTRACAO;AGENTE PORTUARIO III;; ESTATUTARIO;4205,62;;4205,62;308,10;3897,52;
VALDEMIR OLIVEIRA DE MENDONÇA;ASPRE-ASSESSOR.DA PRESIDENCIA;ASSESSOR I;NAO INFORMADO; CARGO COMISSION.S/VINCULO;5729,77;;5729,77;956,01;4773,76;
VALDENOR GUIMARAES DA SILVA;DIOPE-DIVISAO OPERACIONAL;AGENTE AQUAVIARIO IV;; ESTATUTARIO;2936,20;;2936,20;206,25;2729,95;
VALPERCIR CANDIDO DA SILVA;DIOPE-DIVISAO OPERACIONAL;AGENTE AQUAVIARIO III;; ESTATUTARIO;2607,11;;2607,11;278,72;2328,39;
WALDIR MARTINS DE OLIVEIRA;DIOPE-DIVISAO OPERACIONAL;MARINHEIRO FLUVIAL DE CONVES;; ESTATUTARIO;3595,02;;3595,02;260,26;3334,76;
WALFRIDO DE OLIVEIRA SILVA NETO;DIOPE-DIVISAO OPERACIONAL;AGENTE PORTUARIO I;AGENTE PORTUARIO I; ESTATUTARIO;5779,94;;5779,94;781,59;4998,35;
WASHINGTON LUIZ DO NASCIMENTO;DIOPE-DIVISAO OPERACIONAL;AGENTE AQUAVIARIO IV;; ESTATUTARIO;1986,20;;1986,20;193,54;1792,66;
WELISSON MORIZ CORREA;ASADM-ASSESSORIA ADMINISTRACAO;AGENTE PORTUARIO II;AG.PORTUARIO II; ESTATUTARIO;4655,42;;4655,42;343,78;4311,64;
WILLIAM PEIXOTO DE AQUINO;DIOPE-DIVISAO OPERACIONAL;AGENTE PORTUARIO II;AG.PORTUARIO II; ESTATUTARIO;4055,42;;4055,42;339,10;3716,32;
