NOME;LOTACAO;CARGO;FUNCAO;VINCULO;REMUNERACAO LEGAL TOTAL(R$);DESC.TETO(R$); REMUNERACAO LEGAL DEVIDA(R$);DESCONTOS LEGAIS(R$);LIQUIDO DISPONIVEL(R$);
ALCINO DOS REIS HENRIQUES;COORDENADORIA EXECUTIVA;ASSESSOR II;; CARGO COMISSION.S/VINCULO;2609,79;;2609,79;270,12;2339,67;
ALDENICE ILKA IZEL BEJAMIN;COORDENADORIA EXECUTIVA;CHEFE DE GABINETE;NAO INFORMADO; CARGO COMISSION.S/VINCULO;5229,77;;5229,77;998,67;4231,10;
ALDENIZE MORAIS AMORIM;SUBCOORD.SET.DE PROJ.SOCIAIS;ASSESSOR II;NAO INFORMADO; CARGO COMISSION.S/VINCULO;2609,79;;2609,79;270,12;2339,67;
ALINNY GUIMARÃES LIMA;ASSESSORIA DE COMUNICACAO;ASSESSOR II;NAO INFORMADO; CARGO COMISSION.S/VINCULO;4209,79;;4209,79;658,51;3551,28;
BRUNO RICARDO DO N MESQUITA;ASSESSORIA ADMINISTRATIVA;ASSESSOR I;NAO INFORMADO; CARGO COMISSION.S/VINCULO;5229,77;;5229,77;998,67;4231,10;
CELIA AUGUSTA COLARES ALVES;SUBCOORD.SET.DE PROJ.SOCIAIS;ASSESSOR I;NAO INFORMADO; CARGO COMISSION.S/VINCULO;5229,77;;5229,77;998,67;4231,10;
CELIO UBIRATAN OLIVEIRA;ASSESSORIA ADMINISTRATIVA;ASSESSOR II;NAO INFORMADO; CARGO COMISSION.S/VINCULO;16839,16;;16839,16;4278,39;12560,77;
CRISTIANO SOUZA DE ALMEIDA;SUBCOORD.SETOR.DE ENGENHARIA;ASSESSOR I;NAO INFORMADO; CARGO COMISSION.S/VINCULO;5229,77;;5229,77;998,67;4231,10;
DANIELLA FALABELO JAIME;SUBCOORD.SET.ADM.E FINANCEIRA;SUBCOORDENADOR SETORIAL;NAO INFORMADO; CARGO COMISSION.S/VINCULO;9000,00;;9000,00;2122,62;6877,38;
ERIKA PINHEIRO AVELINO BARBOSA;ASSESSORIA ADMINISTRATIVA;ASSESSOR I;NAO INFORMADO; CARGO COMISSION.S/VINCULO;5229,77;;5229,77;956,01;4273,76;
FABIANA DA SILVA BARREIROS;SUBCOORD.SETORIAL JURIDICA;ASSESSOR I;NAO INFORMADO; CARGO COMISSION.S/VINCULO;5229,77;;5229,77;998,67;4231,10;
FRANCISCO SOARES DE SOUZA FILHO;SUBCOORD.SET.REL.INSTITUCIONAL;SUBCOORDENADOR SETORIAL;NAO INFORMADO; CARGO COMISSION.S/VINCULO;9000,00;;9000,00;2122,62;6877,38;
FRANCY MELRY OLIVEIRA CARVALHO;ASSESSORIA ADMINISTRATIVA;ASSESSOR I;NAO INFORMADO; CARGO COMISSION.S/VINCULO;5229,77;;5229,77;998,67;4231,10;
GABRIELA SENA LAUREANO;SUBCOORD.SETOR.DE ENGENHARIA;ASSESSOR I;NAO INFORMADO; CARGO COMISSION.S/VINCULO;5229,77;;5229,77;998,67;4231,10;
GUSTAVO REBOUCAS DE LIMA;COORDENADORIA EXECUTIVA;INVEST.DE POL.2A.CL. PC-INV-II;ASSESSOR II; ESTATUTARIO;4000,00;;4000,00;263,87;3736,13;
JOÃO LUIZ BENAION DUMONT;SUBCOORD.SETOR.DE ENGENHARIA;SUBCOORDENADOR SETORIAL;NAO INFORMADO; CARGO COMISSION.S/VINCULO;9000,00;;9000,00;2122,62;6877,38;
KAREN EVELYN DO NASCIMENTO NERI;SUBCOORD.SET.DE PROJ.SOCIAIS;ASSESSOR II;NAO INFORMADO; CARGO COMISSION.S/VINCULO;4209,79;;4209,79;658,51;3551,28;
KATIANY RODRIGUES FONSECA;ASSESSORIA ADMINISTRATIVA;ASSESSOR II;NAO INFORMADO; CARGO COMISSION.S/VINCULO;4209,79;;4209,79;658,51;3551,28;
LEONARDO BARBOSA DE SOUSA;SUBCOORD.SETORIAL JURIDICA;SUBCOORDENADOR SETORIAL;NAO INFORMADO; CARGO COMISSION.S/VINCULO;9000,00;;9000,00;2122,62;6877,38;
MARCELLUS JOSE BARROSO CAMPELO;COORDENADORIA EXECUTIVA;COORDENADOR EXECUTIVO;NAO INFORMADO; CARGO COMISSION.S/VINCULO;9360,00;;9360,00;2221,62;7138,38;
MARIA DA GRACA HAGGE MOURÃO;ASSESSORIA ADMINISTRATIVA;ASSESSOR I;NAO INFORMADO; CARGO COMISSION.S/VINCULO;3137,84;;3137,84;369,37;2768,47;
MAYZA BEZERRA ANGST;ASSESSORIA ADMINISTRATIVA;ASSESSOR I;; CARGO COMISSION.S/VINCULO;5229,77;;5229,77;998,67;4231,10;
OTACILIO DOS SANTOS CARDOSO JUNIOR;SUBCOORD.SET.PROJ.AMBIENTAIS;SUBCOORDENADOR SETORIAL;; CARGO COMISSION.S/VINCULO;9000,00;;9000,00;2070,49;6929,51;
POLYANA ENCARNAÇÃO DOS SANTOS;ASSESSORIA DE COMUNICACAO;ASSESSOR II;NAO INFORMADO; CARGO COMISSION.S/VINCULO;4209,79;;4209,79;658,51;3551,28;
RITTAHINA MARIA TEIXEIRA MARTINS;SUBCOORD.SET.ADM.E FINANCEIRA;ASSESSOR I;NAO INFORMADO; CARGO COMISSION.S/VINCULO;5229,77;;5229,77;998,67;4231,10;
RONE DA SILVA E SILVA;ASSESSORIA ADMINISTRATIVA;ASSESSOR I;NAO INFORMADO; CARGO COMISSION.S/VINCULO;5229,77;;5229,77;998,67;4231,10;
ROSIMAR MARTINS COSTA OLIVEIRA;SUBCOORD.SET.ADM.E FINANCEIRA;ASSESSOR I;NAO INFORMADO; CARGO COMISSION.S/VINCULO;6973,03;;6973,03;1565,21;5407,82;
RUBENS BARROS MONTEIRO;ASSESSORIA ADMINISTRATIVA;ASSESSOR I;NAO INFORMADO; CARGO COMISSION.S/VINCULO;5229,77;;5229,77;998,67;4231,10;
TAMIRES CRUZ DO AMARAL;ASSESSORIA ADMINISTRATIVA;ASSESSOR I;; CARGO COMISSION.S/VINCULO;6973,03;;6973,03;1565,21;5407,82;
TATIANA VICTORIA CRUZ LACHI;SUBCOORD.SETOR.DE ENGENHARIA;ASSESSOR I;NAO INFORMADO; CARGO COMISSION.S/VINCULO;5229,77;;5229,77;998,67;4231,10;
TIAGO PIRES CORREA;ASSESSORIA ADMINISTRATIVA;ASSESSOR I;NAO INFORMADO; CARGO COMISSION.S/VINCULO;5229,77;;5229,77;998,67;4231,10;
VANIA MELO DOS SANTOS;SUBCOORD.SET.DE PROJ.SOCIAIS;ASSESSOR II;NAO INFORMADO; CARGO COMISSION.S/VINCULO;4209,79;;4209,79;658,51;3551,28;
VIVIANE ALVES DA SILVA DUTRA;SUBCOORD.SET.DE PROJ.SOCIAIS;SUBCOORDENADOR SETORIAL;SUB COORD SETORIAL; CARGO COMISSION.S/VINCULO;9000,00;;9000,00;2070,49;6929,51;
YVONETE QUEIROZ MONTEIRO;SUBCOORD.SET.DE PROJ.SOCIAIS;ASSESSOR II;NAO INFORMADO; CARGO COMISSION.S/VINCULO;4209,79;;4209,79;658,51;3551,28;
