NOME;LOTACAO;CARGO;FUNCAO;VINCULO;REMUNERACAO LEGAL TOTAL(R$);DESC.TETO(R$); REMUNERACAO LEGAL DEVIDA(R$);DESCONTOS LEGAIS(R$);LIQUIDO DISPONIVEL(R$);
ADALTO GUILHERME XAVIER GIL;DEPTO.COM.SOC.,MARK.E PUBLIC.;ASSESSOR I;NAO INFORMADO; CARGO COMISSION.S/VINCULO;5729,77;;5729,77;998,67;4731,10;
ALFREDO FERNANDES TORRES;DEPTO.COM.SOC.,MARK.E PUBLIC.;TNS-II;ASS.DEP.DE.COM.FG-3; ESTATUTARIO;5987,34;;5987,34;831,45;5155,89;
ANA PAULA TELES COSTA;DEPTO.DE ADMINIST.E FINANCAS;SECRETARIO EXECUTIVO ADJUNTO;NAO INFORMADO; CARGO COMISSION.S/VINCULO;9500,00;;9500,00;2122,62;7377,38;
ANDRESSA MORAES DA COSTA;DEPTO.COM.SOC.,MARK.E PUBLIC.;CHEFE DE GABINETE;NAO INFORMADO; CARGO COMISSION.S/VINCULO;5729,77;;5729,77;913,36;4816,41;
ANTONIO MARTINS GONCALVES CARVALHO;DEPTO.DE ADMINIST.E FINANCAS;A.TEC-II;ASS DEP ADM FG-2; ESTATUTARIO;8255,37;;8255,37;1339,67;6915,70;
ANTONIO RODRIGO SANTOS DA SILVA;DEPTO.COM.SOC.,MARK.E PUBLIC.;ASSESSOR I;NAO INFORMADO; CARGO COMISSION.S/VINCULO;5729,77;;5729,77;998,67;4731,10;
ARTUR CESAR CUNHA DOS SANTOS JUNIOR;DEPTO.COM.SOC.,MARK.E PUBLIC.;SECRETARIO EXECUTIVO ADJUNTO;NAO INFORMADO; CARGO COMISSION.S/VINCULO;9500,00;;9500,00;2122,62;7377,38;
BRENO RODRIGO DA COSTA MOREIRA;COORDENADORIA DE JORNALISMO;ASSESSOR I;NAO INFORMADO; CARGO COMISSION.S/VINCULO;5729,77;;5729,77;998,67;4731,10;
BRUCE WILLAS BARBOSA CARDOSO;COORDENADORIA DE JORNALISMO;SECRETARIO EXECUTIVO ADJUNTO;NAO INFORMADO; CARGO COMISSION.S/VINCULO;9500,00;;9500,00;2122,62;7377,38;
BRUNO JOSÉ ZANARDO DONATO;DEPTO.COM.SOC.,MARK.E PUBLIC.;ASSESSOR I;NAO INFORMADO; CARGO COMISSION.S/VINCULO;7473,03;;7473,03;1513,07;5959,96;
CARLA FERREIRA MENDES;DEPTO.DE ADMINIST.E FINANCAS;ASSESSOR I;ASSESSOR I; CARGO COMISSION.S/VINCULO;5729,77;;5729,77;998,67;4731,10;
CHRYSTIANNE BRAGA SILVA;DEPTO.COM.SOC.,MARK.E PUBLIC.;ASSESSOR I;NAO INFORMADO; CARGO COMISSION.S/VINCULO;5729,77;;5729,77;998,67;4731,10;
CLAIR FERREIRA DA SILVA;DEPTO.COM.SOC.,MARK.E PUBLIC.;TNS-I;CHEF.SET.DOCUM.FG-1; ESTATUTARIO;7662,13;;7662,13;1362,89;6299,24;
CRISTIANE MOTA DE CARVALHO;DEPTO.COM.SOC.,MARK.E PUBLIC.;SECRETARIO EXECUTIVO;NAO INFORMADO; CARGO COMISSION.S/VINCULO;12200,00;;12200,00;2865,12;9334,88;
DANIEL RODRIGUES DE SOUZA;DEPTO.COM.SOC.,MARK.E PUBLIC.;ASSESSOR II;NAO INFORMADO; CARGO COMISSION.S/VINCULO;4709,79;;4709,79;658,51;4051,28;
DANIELA LEMOS ASSAYAG;DEPTO.COM.SOC.,MARK.E PUBLIC.;SECRETARIO DE ESTADO;NAO INFORMADO; CARGO COMISSION.S/VINCULO;28560,00;;28560,00;7259,85;21300,15;
DIEGO GOMES NOGUEIRA;COORDENADORIA DE JORNALISMO;ASSESSOR II;NAO INFORMADO; CARGO COMISSION.S/VINCULO;4709,79;;4709,79;658,51;4051,28;
EDER DA SILVA MELO FILHO;DEPTO.COM.SOC.,MARK.E PUBLIC.;ASSESSOR I;NAO INFORMADO; CARGO COMISSION.S/VINCULO;5729,77;;5729,77;998,67;4731,10;
EDNEY DA SILVA QUEIROZ;DEPTO.DE ADMINIST.E FINANCAS;ASSESSOR I;NAO INFORMADO; CARGO COMISSION.S/VINCULO;5729,77;;5729,77;913,36;4816,41;
ELIANA GUEDES SOARES BRAGA;DEPTO.DE ADMINIST.E FINANCAS;ASSISTENTE TECNICO GOVERNAMENTAL;ASSESOR-GAB-FG1; ESTATUTARIO;6486,28;;6486,28;885,24;5601,04;
EMIDIO MARTINS DOS ANJOS;DEPTO.DE ADMINIST.E FINANCAS;MOTORISTA A;ASS.SET.TRANSP-FG-3; ESTATUTARIO;5326,44;;5326,44;577,54;4748,90;
ERNANDO DE MENEZES BATISTA;DEPTO.COM.SOC.,MARK.E PUBLIC.;ASSESSOR II;ASSESSOR II AD-2; CARGO COMISSION.S/VINCULO;4709,79;;4709,79;658,51;4051,28;
FABIANO MATOS DE OLIVEIRA;DEPTO.COM.SOC.,MARK.E PUBLIC.;ASSESSOR II;NAO INFORMADO; CARGO COMISSION.S/VINCULO;4709,79;;4709,79;658,51;4051,28;
FABIOLA RIBEIRO MADURO;DEPTO.DE ADMINIST.E FINANCAS;ASSESSOR I;NAO INFORMADO; CARGO COMISSION.S/VINCULO;5729,77;;5729,77;998,67;4731,10;
FLAÍZE VIANA DE SOUZA;DEPTO.COM.SOC.,MARK.E PUBLIC.;SECRETARIO EXECUTIVO ADJUNTO;NAO INFORMADO; CARGO COMISSION.S/VINCULO;9500,00;;9500,00;2122,62;7377,38;
FLAVIA VIRGINIA XIMENES FIALHO;COORDENADORIA DE JORNALISMO;ASSESSOR II;NAO INFORMADO; CARGO COMISSION.S/VINCULO;4709,79;;4709,79;658,51;4051,28;
FRANCISCA DE MELO CAVALCANTE VALE;DEPTO.COM.SOC.,MARK.E PUBLIC.;TNS-I;TEC.COM.SOC.GOV; ESTATUTARIO;3712,90;;3712,90;427,54;3285,36;
FRANCISCA SILENE TENORIO C AZEVEDO;DEPTO.DE ADMINIST.E FINANCAS;ASSISTENTE TECNICO GOVERNAMENTAL;CHEFE.REC.HUMANO.FG1; ESTATUTARIO;6535,41;;6535,41;850,54;5684,87;
FRANCISCO EDSON DE AQUINO RODRIGUES;DEPTO.COM.SOC.,MARK.E PUBLIC.;ASSESSOR I;; CARGO COMISSION.S/VINCULO;5729,77;;5729,77;913,36;4816,41;
GABRIELA DE ARAUJO VALERIO;COORDENADORIA DE JORNALISMO;ASSESSOR II;NAO INFORMADO; CARGO COMISSION.S/VINCULO;4709,79;;4709,79;658,51;4051,28;
GABRIELA STEFFANY TORRES DE ASSIS;DEPTO.COM.SOC.,MARK.E PUBLIC.;ASSESSOR II;NAO INFORMADO; CARGO COMISSION.S/VINCULO;4709,79;;4709,79;658,51;4051,28;
GETULIO EMIDIO DA SILVA;PESSOAL PROC,DE APOSENTADORIA;A.TEC-III;GERENTE AD/02; ESTATUTARIO;3874,96;;3874,96;380,50;3494,46;
GISLENI KATCIPIS LEAL;DEPTO.DE ADMINIST.E FINANCAS;ASSESSOR II;NAO INFORMADO; CARGO COMISSION.S/VINCULO;4709,79;;4709,79;658,51;4051,28;
GUSTAVO ANTONIO COUTO FERREIRA;DEPTO.COM.SOC.,MARK.E PUBLIC.;ASSESSOR II;NAO INFORMADO; CARGO COMISSION.S/VINCULO;4709,79;;4709,79;658,51;4051,28;
HERIVALDO DA MATTA VIANNA COSTA;DEPTO.COM.SOC.,MARK.E PUBLIC.;ASSESSOR II;NAO INFORMADO; CARGO COMISSION.S/VINCULO;4709,79;;4709,79;658,51;4051,28;
HIANNE DE MOURA LIMA;DEPTO.DE ADMINIST.E FINANCAS;ASSESSOR I;NAO INFORMADO; CARGO COMISSION.S/VINCULO;5729,77;;5729,77;998,67;4731,10;
HUDSON ANTÔNIO CRISTO BRAGA;DEPTO.COM.SOC.,MARK.E PUBLIC.;SECRETARIO EXECUTIVO ADJUNTO;NAO INFORMADO; CARGO COMISSION.S/VINCULO;9500,00;;9500,00;2070,49;7429,51;
IGOR SIDNEY MENEZES DE OLIVEIRA;DEPTO.COM.SOC.,MARK.E PUBLIC.;ASSESSOR II;NAO INFORMADO; CARGO COMISSION.S/VINCULO;4709,79;;4709,79;658,51;4051,28;
INDIARA CABRAL BESSA SIQUEIRA;DEPTO.COM.SOC.,MARK.E PUBLIC.;ASSESSOR I;NAO INFORMADO; CARGO COMISSION.S/VINCULO;5729,77;;5729,77;998,67;4731,10;
ISABELLA FARIAS DOS SANTOS;COORDENADORIA DE JORNALISMO;ASSESSOR II;NAO INFORMADO; CARGO COMISSION.S/VINCULO;4709,79;;4709,79;658,51;4051,28;
ISLANIA QUEIROZ DE LIMA;DEPTO.COM.SOC.,MARK.E PUBLIC.;ASSESSOR II;NAO INFORMADO; CARGO COMISSION.S/VINCULO;4709,79;;4709,79;658,51;4051,28;
IVO DA SILVA PEREIRA;DEPTO.DE ADMINIST.E FINANCAS;ASSESSOR II;NAO INFORMADO; CARGO COMISSION.S/VINCULO;4709,79;;4709,79;658,51;4051,28;
IZINHA TOSCANO DE MELO;DEPTO.DE ADMINIST.E FINANCAS;ASSESSOR II;NAO INFORMADO; CARGO COMISSION.S/VINCULO;4709,79;;4709,79;658,51;4051,28;
JANIO AUGUSTO ESPINDOLA PENA;DEPTO.DE ADMINIST.E FINANCAS;AUX.O-I;ASS.SET.TRANSP.FG-3; ESTATUTARIO;5615,25;;5615,25;292,87;5322,38;
JOAO FREITAS RODRIGUES;DEPTO.COM.SOC.,MARK.E PUBLIC.;TNS-I;ASS.DEP.DE.COM.FG-3; ESTATUTARIO;6402,79;;6402,79;957,30;5445,49;
JONH VICTOR DA SILVA DIAS;COORDENADORIA DE JORNALISMO;ASSESSOR II;NAO INFORMADO; CARGO COMISSION.S/VINCULO;4709,79;;4709,79;658,51;4051,28;
JONY CLAY DE MENEZES BORGES;DEPTO.COM.SOC.,MARK.E PUBLIC.;ASSESSOR I;NAO INFORMADO; CARGO COMISSION.S/VINCULO;5729,77;;5729,77;998,67;4731,10;
JOSE ROCKLANE FERREIRA DE C JUNIOR;COORDENADORIA DE JORNALISMO;ASSESSOR I;NAO INFORMADO; CARGO COMISSION.S/VINCULO;5729,77;;5729,77;998,67;4731,10;
JOSICLECIA GOMES NOGUEIRA;COORDENADORIA DE JORNALISMO;ASSESSOR I;NAO INFORMADO; CARGO COMISSION.S/VINCULO;5729,77;;5729,77;998,67;4731,10;
JUDITE MARIA SANTOS ARAUJO;DEPTO.COM.SOC.,MARK.E PUBLIC.;ASSESSOR II;NAO INFORMADO; CARGO COMISSION.S/VINCULO;4709,79;;4709,79;658,51;4051,28;
KLINGER PINHEIRO SILVA;COORDENADORIA DE JORNALISMO;ASSESSOR I;NAO INFORMADO; CARGO COMISSION.S/VINCULO;5729,77;;5729,77;998,67;4731,10;
LARISSA DANIELLE TINOCO PACHECO;COORDENADORIA DE JORNALISMO;ASSESSOR II;NAO INFORMADO; CARGO COMISSION.S/VINCULO;4709,79;;4709,79;658,51;4051,28;
LIA PAULA DE SOUZA ALBUQUERQUE;DEPTO.COM.SOC.,MARK.E PUBLIC.;ASSESSOR I;NAO INFORMADO; CARGO COMISSION.S/VINCULO;5729,77;;5729,77;998,67;4731,10;
LILIANE NASCIMENTO COSTA;COORDENADORIA DE JORNALISMO;ASSESSOR II;NAO INFORMADO; CARGO COMISSION.S/VINCULO;4709,79;;4709,79;658,51;4051,28;
LORENA BEATRIZ BARRETO FURTADO;COORDENADORIA DE JORNALISMO;ASSESSOR II;NAO INFORMADO; CARGO COMISSION.S/VINCULO;4692,93;;4692,93;566,79;4126,14;
LUANA KELLY NOBRE COSTA;DEPTO.COM.SOC.,MARK.E PUBLIC.;ASSESSOR I;NAO INFORMADO; CARGO COMISSION.S/VINCULO;5729,77;;5729,77;998,67;4731,10;
LUCAS PECEU CARDOSO QUEIROZ;DEPTO.COM.SOC.,MARK.E PUBLIC.;ASSESSOR I;NAO INFORMADO; CARGO COMISSION.S/VINCULO;5729,77;;5729,77;998,67;4731,10;
LUCIANE PAZ DA SILVA;DEPTO.DE ADMINIST.E FINANCAS;ASSESSOR II;NAO INFORMADO; CARGO COMISSION.S/VINCULO;4709,79;;4709,79;658,51;4051,28;
MANOEL IVAN SOUZA DE OLIVEIRA;DEPTO.COM.SOC.,MARK.E PUBLIC.;OPERADOR DE SOM;ASS.DEP.DE.COM.FG-3; ESTATUTARIO;5343,77;;5343,77;572,45;4771,32;
MARCELO MENDONÇA GARCIA;COORDENADORIA DE JORNALISMO;ASSESSOR II;NAO INFORMADO; CARGO COMISSION.S/VINCULO;4709,79;;4709,79;658,51;4051,28;
MARCIO AZEVEDO PICANCO;DEPTO.COM.SOC.,MARK.E PUBLIC.;ASSESSOR II;NAO INFORMADO; CARGO COMISSION.S/VINCULO;4709,79;;4709,79;658,51;4051,28;
MARIA HILMA FILGUEIRAS DE AZEVEDO;DEPTO.DE ADMINIST.E FINANCAS;ASSIS.TEC.GOVERNAMENTAL NIV.M REF.I;ASS.SET.DOCUM.FG-3; ESTATUTARIO;5335,02;;5335,02;569,34;4765,68;
MARINA SANTOS SOUZA;DEPTO.COM.SOC.,MARK.E PUBLIC.;SECRETARIO EXECUTIVO ADJUNTO;NAO INFORMADO; CARGO COMISSION.S/VINCULO;9500,00;;9500,00;2122,62;7377,38;
MARIO WILSON DA SILVA JUNIOR;DEPTO.DE ADMINIST.E FINANCAS;A.TEC-I;ASS.DEP.ADM.FG-2; ESTATUTARIO;7150,73;;7150,73;1062,31;6088,42;
MAURA RAFAEL DA LAPA;DEPTO.COM.SOC.,MARK.E PUBLIC.;ASSESSOR II;NAO INFORMADO; CARGO COMISSION.S/VINCULO;4709,79;;4709,79;658,51;4051,28;
MICHELL MELO BEZERRA E SILVA;DEPTO.COM.SOC.,MARK.E PUBLIC.;ASSESSOR I;NAO INFORMADO; CARGO COMISSION.S/VINCULO;5729,77;;5729,77;998,67;4731,10;
MIGUEL PEDRO PEREIRA DOS SANTOS;DEPTO.DE ADMINIST.E FINANCAS;ASSESSOR III;; CARGO COMISSION.S/VINCULO;3691,80;;3691,80;365,21;3326,59;
NATHÁLIA ANDRADE NOGUEIRA;DEPTO.COM.SOC.,MARK.E PUBLIC.;ASSESSOR I;; CARGO COMISSION.S/VINCULO;7473,03;;7473,03;1565,21;5907,82;
ORLANDO PEDROSA LIMA JUNIOR;COORDENADORIA DE JORNALISMO;ASSESSOR I;NAO INFORMADO; CARGO COMISSION.S/VINCULO;5729,77;;5729,77;998,67;4731,10;
OTACILIO GOMES BARREIROS;DEPTO.DE ADMINIST.E FINANCAS;A.TEC-II;ASS TEC GOV; ESTATUTARIO;5416,05;;5416,05;470,13;4945,92;
RAIMUNDO NONATO DE ALMEIDA DUARTE;DEPTO.DE ADMINIST.E FINANCAS;MOT-I;ASS.SET.TRASP. FG-3; ESTATUTARIO;5763,95;;5763,95;558,10;5205,85;
REBECA NAVARRO DANTAS;COORDENADORIA DE JORNALISMO;ASSESSOR III;NAO INFORMADO; CARGO COMISSION.S/VINCULO;3691,80;;3691,80;383,88;3307,92;
ROBERTO CARLOS MENDES NOVO;DEPTO.COM.SOC.,MARK.E PUBLIC.;A.TEC-II;ASS DEP.DE.COM.FG-3; ESTATUTARIO;5407,30;;5407,30;599,31;4807,99;
RODRIGO CASTRO VAZ;DEPTO.DE ADMINIST.E FINANCAS;SECRETARIO EXECUTIVO;NAO INFORMADO; CARGO COMISSION.S/VINCULO;12200,00;;12200,00;2865,12;9334,88;
ROSENILDO ROCHA DO NASCIMENTO;DEPTO.DE ADMINIST.E FINANCAS;ASSISTENTE TECNICO GOVERNAMENTAL;CHEF.PAT.TRASP.FG-1; ESTATUTARIO;6495,02;;6495,02;836,20;5658,82;
ROSILENE DA SILVA CORREA;COORDENADORIA DE JORNALISMO;ASSESSOR II;NAO INFORMADO; CARGO COMISSION.S/VINCULO;4709,79;;4709,79;658,51;4051,28;
RUBERCY SENA;DEPTO.DE ADMINIST.E FINANCAS;MOTORISTA 3A CLASSE;; ESTATUTARIO;5429,20;;5429,20;548,33;4880,87;
SARA DE MATOS QUEIROZ;COORDENADORIA DE JORNALISMO;ASSESSOR II;NAO INFORMADO; CARGO COMISSION.S/VINCULO;4709,79;;4709,79;658,51;4051,28;
SELMA DE MOURA LIMA;DEPTO.DE ADMINIST.E FINANCAS;ASSIS.TEC.GOVERNAMENTAL NIV.M REF.I;ASS.SETOR.DOCUM.FG-3; ESTATUTARIO;5326,28;;5326,28;566,24;4760,04;
TACIO DE MELO MACIEL;COORDENADORIA DE JORNALISMO;ASSESSOR II;NAO INFORMADO; CARGO COMISSION.S/VINCULO;4709,79;;4709,79;658,51;4051,28;
THIAGO RIBEIRO DE MENEZES;COORDENADORIA DE JORNALISMO;ASSESSOR II;NAO INFORMADO; CARGO COMISSION.S/VINCULO;4709,79;;4709,79;658,51;4051,28;
VALDERES SANTOS DE LIRA MILERIO;DEPTO.DE ADMINIST.E FINANCAS;A.TEC-II;ASS.SETOR.DOCUM.FG-3; ESTATUTARIO;5407,30;;5407,30;467,42;4939,88;
VANJA CARLA LEVINTHAL DE OLIVEIRA;DEPTO.DE ADMINIST.E FINANCAS;ASSESSOR II;NAO INFORMADO; CARGO COMISSION.S/VINCULO;4709,79;;4709,79;658,51;4051,28;
VIVIENNE CIACCI VIEIRA;DEPTO.DE ADMINIST.E FINANCAS;ASSESSOR III;NAO INFORMADO; CARGO COMISSION.S/VINCULO;3691,80;;3691,80;383,88;3307,92;
YASMIM RODRIGUES TORRES;COORDENADORIA DE JORNALISMO;ASSESSOR III;NAO INFORMADO; CARGO COMISSION.S/VINCULO;3691,80;;3691,80;383,88;3307,92;
