NOME;LOTACAO;CARGO;FUNCAO;VINCULO;REMUNERACAO LEGAL TOTAL(R$);DESC.TETO(R$); REMUNERACAO LEGAL DEVIDA(R$);DESCONTOS LEGAIS(R$);LIQUIDO DISPONIVEL(R$);
ADALTO GUILHERME XAVIER GIL;DEPTO.COM.SOC.,MARK.E PUBLIC.;ASSESSOR I;NAO INFORMADO; CARGO COMISSION.S/VINCULO;5229,77;;5229,77;998,67;4231,10;
ALFREDO FERNANDES TORRES;DEPTO.COM.SOC.,MARK.E PUBLIC.;TNS-II;ASS.DEP.DE.COM.FG-3; ESTATUTARIO;5487,34;;5487,34;897,97;4589,37;
ANA PAULA TELES COSTA;DEPTO.DE ADMINIST.E FINANCAS;SECRETARIO EXECUTIVO ADJUNTO;NAO INFORMADO; CARGO COMISSION.S/VINCULO;9000,00;;9000,00;2122,62;6877,38;
ANDRESSA MORAES DA COSTA;DEPTO.COM.SOC.,MARK.E PUBLIC.;CHEFE DE GABINETE;NAO INFORMADO; CARGO COMISSION.S/VINCULO;5229,77;;5229,77;913,36;4316,41;
ANTONIO MARTINS GONCALVES CARVALHO;DEPTO.DE ADMINIST.E FINANCAS;A.TEC-II;ASS DEP ADM FG-2; ESTATUTARIO;5909,13;;5909,13;866,98;5042,15;
ARTUR CESAR CUNHA DOS SANTOS JUNIOR;DEPTO.COM.SOC.,MARK.E PUBLIC.;SECRETARIO EXECUTIVO ADJUNTO;NAO INFORMADO; CARGO COMISSION.S/VINCULO;9000,00;;9000,00;2122,62;6877,38;
BRENO RODRIGO DA COSTA MOREIRA;COORDENADORIA DE JORNALISMO;ASSESSOR I;NAO INFORMADO; CARGO COMISSION.S/VINCULO;5229,77;;5229,77;998,67;4231,10;
BRUCE WILLAS BARBOSA CARDOSO;COORDENADORIA DE JORNALISMO;SECRETARIO EXECUTIVO ADJUNTO;NAO INFORMADO; CARGO COMISSION.S/VINCULO;9000,00;;9000,00;2122,62;6877,38;
BRUNO JOSÉ ZANARDO DONATO;DEPTO.COM.SOC.,MARK.E PUBLIC.;ASSESSOR I;NAO INFORMADO; CARGO COMISSION.S/VINCULO;5229,77;;5229,77;956,01;4273,76;
CAMILA ARAUJO MARQUES MENDONÇA;COORDENADORIA DE JORNALISMO;ASSESSOR I;NAO INFORMADO; CARGO COMISSION.S/VINCULO;5229,77;;5229,77;998,67;4231,10;
CARLA FERREIRA MENDES;DEPTO.DE ADMINIST.E FINANCAS;ASSESSOR I;ASSESSOR I; CARGO COMISSION.S/VINCULO;5229,77;;5229,77;998,67;4231,10;
CLAIR FERREIRA DA SILVA;DEPTO.COM.SOC.,MARK.E PUBLIC.;TNS-I;CHEF.SET.DOCUM.FG-1; ESTATUTARIO;7682,21;;7682,21;1615,06;6067,15;
CRISTIANE MOTA DE CARVALHO;DEPTO.COM.SOC.,MARK.E PUBLIC.;SECRETARIO EXECUTIVO;NAO INFORMADO; CARGO COMISSION.S/VINCULO;11700,00;;11700,00;2865,12;8834,88;
DIEGO GOMES NOGUEIRA;COORDENADORIA DE JORNALISMO;ASSESSOR II;NAO INFORMADO; CARGO COMISSION.S/VINCULO;4209,79;;4209,79;658,51;3551,28;
DOUGLAS AGOSTINHO DOS SANTOS;DEPTO.DE ADMINIST.E FINANCAS;ASSESSOR II;NAO INFORMADO; CARGO COMISSION.S/VINCULO;4209,79;;4209,79;658,51;3551,28;
EDER DA SILVA MELO FILHO;DEPTO.COM.SOC.,MARK.E PUBLIC.;ASSESSOR I;NAO INFORMADO; CARGO COMISSION.S/VINCULO;5229,77;;5229,77;998,67;4231,10;
ELIANA GUEDES SOARES BRAGA;DEPTO.DE ADMINIST.E FINANCAS;ASSISTENTE TECNICO GOVERNAMENTAL;ASSESOR-GAB-FG1; ESTATUTARIO;5986,28;;5986,28;914,80;5071,48;
EMIDIO MARTINS DOS ANJOS;DEPTO.DE ADMINIST.E FINANCAS;MOTORISTA A;ASS.SET.TRANSP-FG-3; ESTATUTARIO;4826,44;;4826,44;612,37;4214,07;
ERNANDO DE MENEZES BATISTA;DEPTO.COM.SOC.,MARK.E PUBLIC.;ASSESSOR II;ASSESSOR II AD-2; CARGO COMISSION.S/VINCULO;4209,79;;4209,79;658,51;3551,28;
FABIANO MATOS DE OLIVEIRA;DEPTO.COM.SOC.,MARK.E PUBLIC.;ASSESSOR II;NAO INFORMADO; CARGO COMISSION.S/VINCULO;4209,79;;4209,79;658,51;3551,28;
FABIOLA RIBEIRO MADURO;DEPTO.DE ADMINIST.E FINANCAS;ASSESSOR I;NAO INFORMADO; CARGO COMISSION.S/VINCULO;5229,77;;5229,77;998,67;4231,10;
FLAÍZE VIANA DE SOUZA;DEPTO.COM.SOC.,MARK.E PUBLIC.;SECRETARIO EXECUTIVO ADJUNTO;NAO INFORMADO; CARGO COMISSION.S/VINCULO;9000,00;;9000,00;2122,62;6877,38;
FLAVIA VIRGINIA XIMENES FIALHO;COORDENADORIA DE JORNALISMO;ASSESSOR III;NAO INFORMADO; CARGO COMISSION.S/VINCULO;3191,80;;3191,80;383,88;2807,92;
FRANCISCA DE MELO CAVALCANTE VALE;DEPTO.COM.SOC.,MARK.E PUBLIC.;TNS-I;TEC.COM.SOC.GOV; ESTATUTARIO;3212,90;;3212,90;514,24;2698,66;
FRANCISCA SILENE TENORIO C AZEVEDO;DEPTO.DE ADMINIST.E FINANCAS;ASSISTENTE TECNICO GOVERNAMENTAL;CHEFE.REC.HUMANO.FG1; ESTATUTARIO;6035,41;;6035,41;881,16;5154,25;
FRANCISCO EDSON DE AQUINO RODRIGUES;DEPTO.COM.SOC.,MARK.E PUBLIC.;ASSESSOR I;; CARGO COMISSION.S/VINCULO;5229,77;;5229,77;913,36;4316,41;
GABRIELA DE ARAUJO VALERIO;COORDENADORIA DE JORNALISMO;ASSESSOR II;NAO INFORMADO; CARGO COMISSION.S/VINCULO;4209,79;;4209,79;658,51;3551,28;
GABRIELA STEFFANY TORRES DE ASSIS;DEPTO.COM.SOC.,MARK.E PUBLIC.;ASSESSOR II;NAO INFORMADO; CARGO COMISSION.S/VINCULO;4209,79;;4209,79;658,51;3551,28;
GETULIO EMIDIO DA SILVA;PESSOAL PROC,DE APOSENTADORIA;A.TEC-III;GERENTE AD/02; ESTATUTARIO;3874,96;;3874,96;422,51;3452,45;
GISLENI KATCIPIS LEAL;DEPTO.DE ADMINIST.E FINANCAS;ASSESSOR II;NAO INFORMADO; CARGO COMISSION.S/VINCULO;4209,79;;4209,79;658,51;3551,28;
GUSTAVO ANTONIO COUTO FERREIRA;DEPTO.COM.SOC.,MARK.E PUBLIC.;ASSESSOR II;NAO INFORMADO; CARGO COMISSION.S/VINCULO;4209,79;;4209,79;658,51;3551,28;
HERIVALDO DA MATTA VIANNA COSTA;DEPTO.COM.SOC.,MARK.E PUBLIC.;ASSESSOR II;NAO INFORMADO; CARGO COMISSION.S/VINCULO;4209,79;;4209,79;658,51;3551,28;
HIANNE DE MOURA LIMA;DEPTO.DE ADMINIST.E FINANCAS;ASSESSOR I;NAO INFORMADO; CARGO COMISSION.S/VINCULO;5229,77;;5229,77;998,67;4231,10;
IGOR SIDNEY MENEZES DE OLIVEIRA;DEPTO.COM.SOC.,MARK.E PUBLIC.;ASSESSOR II;NAO INFORMADO; CARGO COMISSION.S/VINCULO;4209,79;;4209,79;658,51;3551,28;
INDIARA CABRAL BESSA SIQUEIRA;DEPTO.COM.SOC.,MARK.E PUBLIC.;ASSESSOR I;NAO INFORMADO; CARGO COMISSION.S/VINCULO;5229,77;;5229,77;998,67;4231,10;
IRLANY MOURA PIMENTA DA COSTA;DEPTO.DE ADMINIST.E FINANCAS;ASSESSOR II;NAO INFORMADO; CARGO COMISSION.S/VINCULO;4209,79;;4209,79;658,51;3551,28;
ISABELLA FARIAS DOS SANTOS;COORDENADORIA DE JORNALISMO;ASSESSOR II;NAO INFORMADO; CARGO COMISSION.S/VINCULO;4209,79;;4209,79;658,51;3551,28;
ISABELLE LIMA DE ALMEIDA;COORDENADORIA DE JORNALISMO;ASSESSOR II;NAO INFORMADO; CARGO COMISSION.S/VINCULO;4209,79;;4209,79;658,51;3551,28;
ISLANIA QUEIROZ DE LIMA;DEPTO.COM.SOC.,MARK.E PUBLIC.;ASSESSOR II;NAO INFORMADO; CARGO COMISSION.S/VINCULO;4209,79;;4209,79;658,51;3551,28;
IVO DA SILVA PEREIRA;DEPTO.DE ADMINIST.E FINANCAS;ASSESSOR II;NAO INFORMADO; CARGO COMISSION.S/VINCULO;4209,79;;4209,79;658,51;3551,28;
IZINHA TOSCANO DE MELO;COORDENADORIA DE JORNALISMO;ASSESSOR I;NAO INFORMADO; CARGO COMISSION.S/VINCULO;5229,77;;5229,77;998,67;4231,10;
JANIO AUGUSTO ESPINDOLA PENA;DEPTO.DE ADMINIST.E FINANCAS;AUX.O-I;ASS.SET.TRANSP.FG-3; ESTATUTARIO;5115,25;;5115,25;335,40;4779,85;
JOAO BOSCO DA SILVA FREITAS;COORDENADORIA DE JORNALISMO;ASSESSOR II;NAO INFORMADO; CARGO COMISSION.S/VINCULO;4209,79;;4209,79;658,51;3551,28;
JOAO FREITAS RODRIGUES;DEPTO.COM.SOC.,MARK.E PUBLIC.;TNS-I;ASS.DEP.DE.COM.FG-3; ESTATUTARIO;5998,91;;5998,91;1053,42;4945,49;
JONH VICTOR DA SILVA DIAS;COORDENADORIA DE JORNALISMO;ASSESSOR II;NAO INFORMADO; CARGO COMISSION.S/VINCULO;4209,79;;4209,79;658,51;3551,28;
JONY CLAY DE MENEZES BORGES;DEPTO.COM.SOC.,MARK.E PUBLIC.;ASSESSOR I;NAO INFORMADO; CARGO COMISSION.S/VINCULO;5229,77;;5229,77;998,67;4231,10;
JOSE ROCKLANE FERREIRA DE C JUNIOR;COORDENADORIA DE JORNALISMO;ASSESSOR I;NAO INFORMADO; CARGO COMISSION.S/VINCULO;5229,77;;5229,77;998,67;4231,10;
JOSICLECIA GOMES NOGUEIRA;COORDENADORIA DE JORNALISMO;ASSESSOR I;NAO INFORMADO; CARGO COMISSION.S/VINCULO;5229,77;;5229,77;998,67;4231,10;
JUAN GABRIEL BRANDÃO JUSTINIANO;COORDENADORIA DE JORNALISMO;ASSESSOR II;NAO INFORMADO; CARGO COMISSION.S/VINCULO;4209,79;;4209,79;658,51;3551,28;
JUDITE MARIA SANTOS ARAUJO;COORDENADORIA DE JORNALISMO;ASSESSOR I;NAO INFORMADO; CARGO COMISSION.S/VINCULO;5229,77;;5229,77;998,67;4231,10;
KLINGER PINHEIRO SILVA;COORDENADORIA DE JORNALISMO;ASSESSOR I;NAO INFORMADO; CARGO COMISSION.S/VINCULO;5229,77;;5229,77;998,67;4231,10;
LARISSA DANIELLE TINOCO PACHECO;COORDENADORIA DE JORNALISMO;ASSESSOR II;NAO INFORMADO; CARGO COMISSION.S/VINCULO;4209,79;;4209,79;658,51;3551,28;
LEYLA VIEIRA MARINHO;DEPTO.DE ADMINIST.E FINANCAS;ASSESSOR II;NAO INFORMADO; CARGO COMISSION.S/VINCULO;4209,79;;4209,79;658,51;3551,28;
LIA PAULA DE SOUZA ALBUQUERQUE;DEPTO.COM.SOC.,MARK.E PUBLIC.;ASSESSOR I;NAO INFORMADO; CARGO COMISSION.S/VINCULO;5229,77;;5229,77;998,67;4231,10;
LILIANE NASCIMENTO COSTA;COORDENADORIA DE JORNALISMO;ASSESSOR II;NAO INFORMADO; CARGO COMISSION.S/VINCULO;4209,79;;4209,79;658,51;3551,28;
LORENA BEATRIZ BARRETO FURTADO;COORDENADORIA DE JORNALISMO;ASSESSOR III;NAO INFORMADO; CARGO COMISSION.S/VINCULO;3191,80;;3191,80;333,97;2857,83;
LUANA KELLY NOBRE COSTA;DEPTO.COM.SOC.,MARK.E PUBLIC.;ASSESSOR I;NAO INFORMADO; CARGO COMISSION.S/VINCULO;5229,77;;5229,77;998,67;4231,10;
LUCAS DA SILVA E SILVA;COORDENADORIA DE JORNALISMO;ASSESSOR II;NAO INFORMADO; CARGO COMISSION.S/VINCULO;4209,79;;4209,79;658,51;3551,28;
LUCIANE PAZ DA SILVA;DEPTO.DE ADMINIST.E FINANCAS;ASSESSOR II;NAO INFORMADO; CARGO COMISSION.S/VINCULO;4209,79;;4209,79;658,51;3551,28;
LUCYLENY DE SOUZA ROCHA;COORDENADORIA DE JORNALISMO;ASSESSOR I;NAO INFORMADO; CARGO COMISSION.S/VINCULO;5229,77;;5229,77;998,67;4231,10;
MANOEL IVAN SOUZA DE OLIVEIRA;DEPTO.COM.SOC.,MARK.E PUBLIC.;OPERADOR DE SOM;ASS.DEP.DE.COM.FG-3; ESTATUTARIO;4843,77;;4843,77;603,06;4240,71;
MARCELO MENDONÇA GARCIA;COORDENADORIA DE JORNALISMO;ASSESSOR II;NAO INFORMADO; CARGO COMISSION.S/VINCULO;4209,79;;4209,79;658,51;3551,28;
MARCIO AZEVEDO PICANÇO;DEPTO.COM.SOC.,MARK.E PUBLIC.;ASSESSOR I;NAO INFORMADO; CARGO COMISSION.S/VINCULO;5229,77;;5229,77;998,67;4231,10;
MARCOS FELIPE DOS SANTOS COSTA;COORDENADORIA DE JORNALISMO;ASSESSOR II;NAO INFORMADO; CARGO COMISSION.S/VINCULO;4209,79;;4209,79;658,51;3551,28;
MARIA HILMA FILGUEIRAS DE AZEVEDO;DEPTO.DE ADMINIST.E FINANCAS;ASSIS.TEC.GOVERNAMENTAL NIV.M REF.I;ASS.SET.DOCUM.FG-3; ESTATUTARIO;4835,02;;4835,02;600,14;4234,88;
MARINA SANTOS SOUZA;DEPTO.COM.SOC.,MARK.E PUBLIC.;SECRETARIO EXECUTIVO ADJUNTO;NAO INFORMADO; CARGO COMISSION.S/VINCULO;9000,00;;9000,00;2122,62;6877,38;
MARIO WILSON DA SILVA JUNIOR;DEPTO.DE ADMINIST.E FINANCAS;A.TEC-I;ASS.DEP.ADM.FG-2; ESTATUTARIO;5650,73;;5650,73;847,99;4802,74;
MAURA RAFAEL DA LAPA;DEPTO.COM.SOC.,MARK.E PUBLIC.;ASSESSOR II;NAO INFORMADO; CARGO COMISSION.S/VINCULO;4209,79;;4209,79;658,51;3551,28;
MIGUEL PEDRO PEREIRA DOS SANTOS;DEPTO.DE ADMINIST.E FINANCAS;ASSESSOR III;; CARGO COMISSION.S/VINCULO;3191,80;;3191,80;365,21;2826,59;
NATHÁLIA ANDRADE NOGUEIRA;DEPTO.COM.SOC.,MARK.E PUBLIC.;ASSESSOR I;; CARGO COMISSION.S/VINCULO;5229,77;;5229,77;998,67;4231,10;
OSWALDO DE OLIVEIRA PANTOJA NETO;COORDENADORIA DE JORNALISMO;ASSESSOR I;NAO INFORMADO; CARGO COMISSION.S/VINCULO;5229,77;;5229,77;2253,92;2975,85;
OTACILIO GOMES BARREIROS;DEPTO.DE ADMINIST.E FINANCAS;A.TEC-II;ASS TEC GOV; ESTATUTARIO;4916,05;;4916,05;505,08;4410,97;
RAIMUNDO NONATO DE ALMEIDA DUARTE;DEPTO.DE ADMINIST.E FINANCAS;MOT-I;ASS.SET.TRASP. FG-3; ESTATUTARIO;5312,45;;5312,45;606,60;4705,85;
RENNER DA CRUZ SILVA;DEPTO.DE ADMINIST.E FINANCAS;ASSESSOR I;NAO INFORMADO; CARGO COMISSION.S/VINCULO;5229,77;;5229,77;998,67;4231,10;
ROBERTO CARLOS MENDES NOVO;DEPTO.COM.SOC.,MARK.E PUBLIC.;A.TEC-II;ASS DEP.DE.COM.FG-3; ESTATUTARIO;4907,30;;4907,30;631,80;4275,50;
RODRIGO CASTRO VAZ;DEPTO.DE ADMINIST.E FINANCAS;SECRETARIO EXECUTIVO;NAO INFORMADO; CARGO COMISSION.S/VINCULO;11700,00;;11700,00;2865,12;8834,88;
RODRIGO PACHECO ARAUJO;DEPTO.COM.SOC.,MARK.E PUBLIC.;SECRETARIO DE ESTADO;NAO INFORMADO; CARGO COMISSION.S/VINCULO;28060,00;;28060,00;7364,12;20695,88;
ROSENILDO ROCHA DO NASCIMENTO;DEPTO.DE ADMINIST.E FINANCAS;ASSISTENTE TECNICO GOVERNAMENTAL;CHEF.PAT.TRASP.FG-1; ESTATUTARIO;5995,02;;5995,02;865,95;5129,07;
RUBERCY SENA;DEPTO.DE ADMINIST.E FINANCAS;MOTORISTA 3A CLASSE;; ESTATUTARIO;4929,20;;4929,20;580,52;4348,68;
SARA DE MATOS QUEIROZ;COORDENADORIA DE JORNALISMO;ASSESSOR II;NAO INFORMADO; CARGO COMISSION.S/VINCULO;4209,79;;4209,79;658,51;3551,28;
SELMA DE MOURA LIMA;DEPTO.DE ADMINIST.E FINANCAS;ASSIS.TEC.GOVERNAMENTAL NIV.M REF.I;ASS.SETOR.DOCUM.FG-3; ESTATUTARIO;4826,28;;4826,28;597,23;4229,05;
TACIO DE MELO MACIEL;COORDENADORIA DE JORNALISMO;ASSESSOR II;NAO INFORMADO; CARGO COMISSION.S/VINCULO;4209,79;;4209,79;658,51;3551,28;
THIAGO RIBEIRO DE MENEZES;COORDENADORIA DE JORNALISMO;ASSESSOR II;NAO INFORMADO; CARGO COMISSION.S/VINCULO;4209,79;;4209,79;658,51;3551,28;
VALDERES SANTOS DE LIRA MILERIO;DEPTO.DE ADMINIST.E FINANCAS;A.TEC-II;ASS.SETOR.DOCUM.FG-3; ESTATUTARIO;4907,30;;4907,30;502,15;4405,15;
YASMIM RODRIGUES TORRES;COORDENADORIA DE JORNALISMO;ASSESSOR III;NAO INFORMADO; CARGO COMISSION.S/VINCULO;3191,80;;3191,80;383,88;2807,92;
