NOME;LOTACAO;CARGO;FUNCAO;VINCULO;REMUNERACAO LEGAL TOTAL(R$);DESC.TETO(R$); REMUNERACAO LEGAL DEVIDA(R$);DESCONTOS LEGAIS(R$);LIQUIDO DISPONIVEL(R$);
ABRAHAM DE OLIVEIRA ANSELMO JUNIOR;SEAP-EFETIVOS;ASSISTENTE TECNICO GOVERNAMENTAL;; ESTATUTARIO;4099,78;;4099,78;346,88;3752,90;
ADAUTO CRUZ DE SOUZA;SEAP-COMISSIONADOS;ASSESSOR III;NAO INFORMADO; CARGO COMISSION.S/VINCULO;3691,80;;3691,80;383,88;3307,92;
ADELSON EMANUEL MONTEIRO DA SILVA;SEAP-EFETIVOS;A.TEC-I;; ESTATUTARIO;3829,86;;3829,86;420,67;3409,19;
ADEMAR PEIXOTO DA SILVA;SEAP-EFETIVOS;A.TEC-I;; ESTATUTARIO;4232,59;;4232,59;364,46;3868,13;
ADILSON PENEDO DE ARAUJO;UNID.PRIS.SEMIABERTO FEM-UPSF;AUX.O-I;; ESTATUTARIO;3749,26;;3749,26;301,66;3447,60;
ADRIANA DA SILVA MARTINS;SEAP-COMISSIONADOS;ASSESSOR IV;; CARGO COMISSION.S/VINCULO;4734,15;;4734,15;666,63;4067,52;
ADRIANA OFELIA RAMOS DE OLIVEIRA;CASA DO ALBERGADO DE MANAUS;AUX.S.G-I;; ESTATUTARIO;3289,94;;3289,94;243,25;3046,69;
ADRIANE DE MATTOS BRAGA;SEAP-COMISSIONADOS;A.OPE-III;ASSESSOR I; ESTATUTARIO;5720,10;;5720,10;831,57;4888,53;
ADRIELLE LEOCADIO DE LIRA;CENT.DETEN PROV.MANAUS-CDPM II;ASSESSOR IV;ASSESSOR IV AD-4; CARGO COMISSION.S/VINCULO;3675,61;;3675,61;379,53;3296,08;
AIDA MORENO DE MELO;SEAP-EFETIVOS;ASSISTENTE TECNICO GOVERNAMENTAL;; ESTATUTARIO;4095,02;;4095,02;347,20;3747,82;
AILTON DE ALMEIDA PAIVA;SEAP-COMISSIONADOS;GERENTE;NAO INFORMADO; CARGO COMISSION.S/VINCULO;4709,79;;4709,79;658,51;4051,28;
ALCINEI MACIEL PINTO;SEAP-COMISSIONADOS;ASSESSOR III;; CARGO COMISSION.S/VINCULO;3691,80;;3691,80;383,88;3307,92;
ALDAIR DE PAULA EDWARDS;CASA DO ALBERGADO DE MANAUS;A.TEC-I;; ESTATUTARIO;4452,64;;4452,64;397,47;4055,17;
ALDEMAR DOS SANTOS BONATES NETO;SEAP-COMISSIONADOS;INVEST.DE POL. 3A.CL. PC-INV-III;ASSESSOR I; ESTATUTARIO;5000,00;;5000,00;505,64;4494,36;
ALDO BATISTA BRAGA;CASA DO ALBERGADO DE MANAUS;AG.PEN-I;; ESTATUTARIO;3994,55;;3994,55;459,62;3534,93;
ALESSANDRO DA SILVA;SEAP-COMISSIONADOS;SARGENTO 3;GERENTE; ESTATUTARIO;4000,00;;4000,00;263,87;3736,13;
ALEX DE FREITAS CHAVES;MUNICIPIO DE HUMAITA;ASSESSOR III;ASSESSOR III; CARGO COMISSION.S/VINCULO;2695,80;;2695,80;185,12;2510,68;
ALEXANDRA DA FONSECA DE SOUZA;SEAP-COMISSIONADOS;SUBGERENTE;NAO INFORMADO; CARGO COMISSION.S/VINCULO;3691,80;;3691,80;383,88;3307,92;
ALEXANDRE MICHEL ROCHA CAVALCANTE;SEAP-COMISSIONADOS;SARGENTO 2;ASSESSOR III; ESTATUTARIO;3000,00;;3000,00;53,76;2946,24;
ALEXANDRE VIANA DE CASTRO;SEAP-COMISSIONADOS;ASSESSOR I;NAO INFORMADO; CARGO COMISSION.S/VINCULO;4729,77;;4729,77;665,17;4064,60;
ALINE GOMES LIMA;SEAP-COMISSIONADOS;ASSESSOR II;NAO INFORMADO; CARGO COMISSION.S/VINCULO;4709,79;;4709,79;658,51;4051,28;
ALLAN DE AZEVEDO ALVES;SEAP-COMISSIONADOS;TENENTE 1;ASSESSOR I; ESTATUTARIO;5000,00;;5000,00;403,55;4596,45;
ALONSO MARCOLINO DA SILVA;CASA DO ALBERGADO DE MANAUS;MOT-I;MOTORISTA; ESTATUTARIO;3992,39;;3992,39;363,51;3628,88;
ALUIZIO BENTES CERDEIRA;MUNICIPIO DE PARINTINS;DIRETOR DE UNIDADE PRISIONAL;DIR UNI PRIS AD1; CARGO COMISSION.S/VINCULO;5729,77;;5729,77;998,67;4731,10;
ALYNE ELIZA TAUMATURGO BOTELHO;SEAP-COMISSIONADOS;ASSESSOR I;NAO INFORMADO; CARGO COMISSION.S/VINCULO;7473,03;;7473,03;1565,21;5907,82;
AMARILDO CORDEIRO DA SILVA;CENTRO DE DET.PROV.FEMIN.-CDPF;SARGENTO 1;SUBGERENTE; ESTATUTARIO;3500,00;;3500,00;25,32;3474,68;
AMARILDO SOUZA CARNEIRO DA CUNHA;SEAP-EFETIVOS;AUX.S.G-I;; ESTATUTARIO;4062,46;;4062,46;336,84;3725,62;
AMSTERDAM DOS SANTOS LIMA;CENT.DE DETEN.PROV.MANAUS-CDPM;CABO;DIRETOR ADJUNTO DE U; ESTATUTARIO;4000,00;;4000,00;263,87;3736,13;
ANA BEATRIZ SANTOS DO CARMO;SEAP-COMISSIONADOS;CABO;GERENTE; ESTATUTARIO;4000,00;;4000,00;221,21;3778,79;
ANA CLAUDIA MACEDO ARAUJO SILVA;SEAP-EFETIVOS;PSI-II;; ESTATUTARIO;4698,44;;4698,44;633,34;4065,10;
ANA CRISTINA PEREIRA ABREU;SEAP-COMISSIONADOS;ASSESSOR III;ASSESSOR III; CARGO COMISSION.S/VINCULO;3691,80;;3691,80;383,88;3307,92;
ANDERSON ANGELIN DA SILVA;UNIDADE PRISIONAL PURAQUEQUARA;CABO;DIRETOR ADJUNTO DE U; ESTATUTARIO;3000,00;;3000,00;95,20;2904,80;
ANDRE LUIZ BARROS GIOIA;SEAP-COMISSIONADOS;TENENTE CORONEL;SECRETARIO EXECUTIVO; ESTATUTARIO;8100,00;331,86;7768,14;1266,88;6501,26;
ANDREA ALESSANDRA DE OLIVEIRA MELO;SEAP-EFETIVOS;A.TEC-II;; ESTATUTARIO;4141,46;;4141,46;365,41;3776,05;
ANDRESSON RENATO NASCIMENTO LEMOS;SEAP-COMISSIONADOS;SARGENTO 2;ASSESSOR II; ESTATUTARIO;4000,00;;4000,00;263,87;3736,13;
ANGELA EMILIA GAMA DA SILVA;SEAP-COMISSIONADOS;ASSESSOR IV;NAO INFORMADO; CARGO COMISSION.S/VINCULO;11026,83;;11026,83;2267,50;8759,33;
ANGELITA MARIA DA CONCEICAO S MUNIZ;HOSP.DE CUST.TRAT.PSIQUIATRICO;AUX.S.G-II;; ESTATUTARIO;4016,15;;4016,15;321,76;3694,39;
ANTONIO ABENONIZ GOMES;INSTIT.PENAL ANTONIO TRINDADE;A.TEC-II;; ESTATUTARIO;4141,46;;4141,46;270,51;3870,95;
ANTONIO ADEVAN SALDANHA RODRIGUES;MUNICIPIO DE TABATINGA;ASSESSOR III;NAO INFORMADO; CARGO COMISSION.S/VINCULO;2695,80;;2695,80;185,12;2510,68;
ANTONIO CARLOS DE SOUZA;HOSP.DE CUST.TRAT.PSIQUIATRICO;AG.PEN-II;; ESTATUTARIO;5368,78;;5368,78;640,64;4728,14;
ANTONIO CARLOS LIRA DE FARIAS;SEAP-INTERIOR;AUX.HSP-I;; ESTATUTARIO;4059,83;;4059,83;196,59;3863,24;
ANTONIO CARLOS NUNES DA FONSECA;SEAP-EFETIVOS;MED-II;; ESTATUTARIO;4900,11;;4900,11;831,31;4068,80;
ANTONIO CARLOS SEIXAS DA SILVA;CASA DO ALBERGADO DE MANAUS;AG.PEN-I;; ESTATUTARIO;4471,08;;4471,08;455,05;4016,03;
ANTONIO CARNEIRO DA COSTA;COMPAJ SEMI ABERTO;AUX.S.G-I;; ESTATUTARIO;4086,06;;4086,06;316,09;3769,97;
ANTONIO DE PADUA PINHEIRO SENA;SEAP-EFETIVOS;A.TEC-II;; ESTATUTARIO;2645,46;;2645,46;225,16;2420,30;
ANTONIO ENRIQUES CORDEIRO;MUNICIPIO DE ITACOATIARA;DIRETOR DE UNIDADE PRISIONAL AD-1;; CARGO COMISSION.S/VINCULO;5729,77;;5729,77;998,67;4731,10;
ANTONIO FERNANDO DO N PAIVA;INSTIT.PENAL ANTONIO TRINDADE;ASSESSOR IV;NAO INFORMADO; CARGO COMISSION.S/VINCULO;3675,61;;3675,61;379,53;3296,08;
ANTONIO GONCALVES DA SILVA;SEAP-EFETIVOS;AUX.S.G-I;; ESTATUTARIO;3577,31;;3577,31;342,18;3235,13;
ANTONIO JORGE DE A SANTIAGO;UNID.PRIS.SEMIABERTO FEM-UPSF;AG.PEN-I;; ESTATUTARIO;4223,84;;4223,84;388,49;3835,35;
ANTONIO JORGE OLIVEIRA COSTA;CASA DO ALBERGADO DE MANAUS;AUX.S.G-I;; ESTATUTARIO;4060,58;;4060,58;336,32;3724,26;
ANTONIO JOSE BENIGNO DE OLIVEIRA;SEAP-INTERIOR;AUX.S.G-I;; ESTATUTARIO;4099,56;;4099,56;318,12;3781,44;
ANTONIO JOSE DE ASSIS;SEAP-EFETIVOS;CINEGRAFISTA 1A CLASSE;CINEGRAFISTA; ESTATUTARIO;4214,21;;4214,21;379,27;3834,94;
ANTONIO JOSE LEITE DE OLIVEIRA;SEAP-INTERIOR;AG.PEN-I;; ESTATUTARIO;4201,57;;4201,57;411,50;3790,07;
ANTONIO MARQUES DE OLIVEIRA;SEAP-EFETIVOS;AG.PEN-I;; ESTATUTARIO;4461,11;;4461,11;250,77;4210,34;
ANTONIO MENDONCA DA SILVA;CASA DO ALBERGADO DE MANAUS;AG.PEN-I;; ESTATUTARIO;4461,11;;4461,11;452,52;4008,59;
ARACI RIBEIRO MENEZES;SEAP-INTERIOR;A.TEC-I;CH SECAO ESTATISTICA; ESTATUTARIO;3444,04;;3444,04;268,16;3175,88;
ARIELA LOPES;SEAP-EFETIVOS;A.TEC-III;AG ADMINISTRATIVO; ESTATUTARIO;4077,54;;4077,54;314,07;3763,47;
ARIOMAR FERMIN;CASA DO ALBERGADO DE MANAUS;AG.PEN-II;; ESTATUTARIO;4146,69;;4146,69;389,07;3757,62;
ARLISSON CHAVES PASSOS;SEAP-COMISSIONADOS;SARGENTO 2;ASSESSOR II; ESTATUTARIO;4000,00;;4000,00;263,87;3736,13;
ARMANDO CAJUEIRO GOMES;COMPAJ SEMI ABERTO;A.TEC-II;; ESTATUTARIO;4141,46;;4141,46;365,41;3776,05;
ARMANDO GARCIA QUEIROZ FILHO;SEAP-EFETIVOS;A.TEC-I;; ESTATUTARIO;4201,60;;4201,60;386,17;3815,43;
ARNOLDO ALMEIDA RODRIGUES;SEAP-COMISSIONADOS;ASSESSOR II;NAO INFORMADO; CARGO COMISSION.S/VINCULO;4709,79;;4709,79;658,51;4051,28;
ARNOLDO DA SILVA MENDONCA;SEAP-EFETIVOS;A.TEC-I;; ESTATUTARIO;4430,07;;4430,07;368,85;4061,22;
ARNOUD CRUZ DOS SANTOS;SEAP-EFETIVOS;AG.PEN-II;; ESTATUTARIO;5357,75;;5357,75;551,05;4806,70;
ARTHUR SANT ANNA FERREIRA MACEDO;CONSELHO PENITENCIARIO;MEMBRO DE CONSELHO;; CONSELHO;429,20;;429,20;;429,20;
ASSIS DA SILVA RIBEIRO;SEAP-INTERIOR;A.TEC-I;; ESTATUTARIO;4210,34;;4210,34;388,52;3821,82;
AUGUSTO CASTRO DOS SANTOS;COMPAJ FECHADO;SARGENTO 3;DIRETOR ADJUNTO DE U; ESTATUTARIO;4000,00;;4000,00;263,87;3736,13;
AURILENE MACHADO BEZERRA;SEAP-COMISSIONADOS;ASSESSOR III;ASSESSOR III AD-3; CARGO COMISSION.S/VINCULO;3691,80;;3691,80;383,88;3307,92;
BARBARA DO NASCIMENTO MARTINS;SEAP-COMISSIONADOS;ASSESSOR TECNICO;NAO INFORMADO; CARGO COMISSION.S/VINCULO;9833,33;;9833,33;2214,29;7619,04;
BERENICE GUEDES MONTEIRO;SEAP-EFETIVOS;A.TEC-I;; ESTATUTARIO;3045,88;;3045,88;301,59;2744,29;
BERGSON LUIZ NUNES BARBOSA LIMA;CASA DO ALBERGADO DE MANAUS;A.TEC-I;; ESTATUTARIO;4184,13;;4184,13;379,91;3804,22;
BRENO BARBOSA SOARES ALVES;SEAP-COMISSIONADOS;SUBGERENTE;SUBGERENTE; CARGO COMISSION.S/VINCULO;3691,80;;3691,80;383,88;3307,92;
BRENO NUNES LOPES;SEAP-COMISSIONADOS;SUBGERENTE;NAO INFORMADO; CARGO COMISSION.S/VINCULO;3691,80;;3691,80;383,88;3307,92;
BRUNO COLARES DOS REIS;SEAP-COMISSIONADOS;ASSESSOR II;NAO INFORMADO; CARGO COMISSION.S/VINCULO;4709,79;;4709,79;658,51;4051,28;
BRUNO PEREIRA REGIS;SEAP-COMISSIONADOS;CABO;ASSESSOR IV; ESTATUTARIO;3000,00;;3000,00;95,20;2904,80;
CAMILA VIEIRA BRANDAO;SEAP-COMISSIONADOS;ASSESSOR III;NAO INFORMADO; CARGO COMISSION.S/VINCULO;2695,80;;2695,80;185,12;2510,68;
CARLOS ALBERTO AZEVEDO MARINHO;MUNICIPIO DE PARINTINS;AG.PEN-II;DIR.ADJ.UNID.PRI AD1; ESTATUTARIO;4141,46;;4141,46;361,82;3779,64;
CARLOS ALBERTO FERNANDES DA SILVA;SEAP-EFETIVOS;AG.PEN-II;; ESTATUTARIO;5344,25;;5344,25;633,32;4710,93;
CARLOS AUGUSTO DUTRA CECILIO;SEAP-INTERIOR;AG.PEN-I;; ESTATUTARIO;5278,66;;5278,66;706,67;4571,99;
CARLOS HUMBERTO MENDES AROUCHE;SEAP-COMISSIONADOS;GERENTE;NAO INFORMADO; CARGO COMISSION.S/VINCULO;4709,79;;4709,79;658,51;4051,28;
CARLOS JOSE RIBEIRO LANHELLAS;CASA DO ALBERGADO DE MANAUS;AG.PEN-II;; ESTATUTARIO;4125,00;;4125,00;383,87;3741,13;
CARLOS ROBERTO FARIAS ALEIXO;CASA DO ALBERGADO DE MANAUS;AUX.O-I;; ESTATUTARIO;4376,96;;4376,96;397,31;3979,65;
CARLOS SERGIO MOTA DE CASTRO;SEAP-INTERIOR;FISCAL RODOVIARIO;; ESTATUTARIO;3477,54;;3477,54;255,37;3222,17;
CARLOS VITOR GARCIA BARBOSA;SEAP-COMISSIONADOS;ASSESSOR II;NAO INFORMADO; CARGO COMISSION.S/VINCULO;4709,79;;4709,79;658,51;4051,28;
CARLOS WILLIAMS TOBIAS DE SOUZA;SEAP-COMISSIONADOS;SARGENTO 2;ASSESSOR III; ESTATUTARIO;3000,00;;3000,00;53,76;2946,24;
CAROLINE FUGOLARI FREITAS;SEAP-COMISSIONADOS;ASSESSOR I;NAO INFORMADO; CARGO COMISSION.S/VINCULO;5729,77;;5729,77;998,67;4731,10;
CECILIA DO ROSARIO DOS SANTOS SOUZA;UNID.PRIS.SEMIABERTO FEM-UPSF;AG.PEN-II;; ESTATUTARIO;4154,96;;4154,96;392,28;3762,68;
CELIA REGINA PARENTE ABREU;SEAP-COMISSIONADOS;ASSESSOR III;; CARGO COMISSION.S/VINCULO;3691,80;;3691,80;383,88;3307,92;
CELSO LUIZ DE SOUZA RIBEIRO CUNHA;SEAP-INTERIOR;AG.PEN-II;; ESTATUTARIO;4146,69;;4146,69;389,07;3757,62;
CINTHYA FEITOSA DE SOUZA;SEAP-COMISSIONADOS;ASSESSOR I;NAO INFORMADO; CARGO COMISSION.S/VINCULO;4729,77;;4729,77;665,17;4064,60;
CLAUDECI PIMENTEL DE SOUZA;SEAP-EFETIVOS;AUX.O-I;; ESTATUTARIO;3477,31;;3477,31;255,04;3222,27;
CLAUDESTONE SANTOS NASCIMENTO;CASA DO ALBERGADO DE MANAUS;MOT-II;; ESTATUTARIO;4252,91;;4252,91;385,44;3867,47;
CLAUDIOMAR DUARTE FREIRE;COMPAJ SEMI ABERTO;AG.PEN-II;; ESTATUTARIO;4133,19;;4133,19;387,05;3746,14;
CLAUDIONORA DELGADO DO NASCIMENTO;SEAP-EFETIVOS;A.TEC-I;; ESTATUTARIO;4493,28;;4493,28;438,66;4054,62;
CLEA MARIA OLIVEIRA DE LIMA;SEAP-EFETIVOS;A.SOC-I;; ESTATUTARIO;5492,87;;5492,87;857,18;4635,69;
CLEDSON DE JESUS MACEDO;SEAP-COMISSIONADOS;GERENTE;NAO INFORMADO; CARGO COMISSION.S/VINCULO;6113,05;;6113,05;1141,68;4971,37;
CLEIDE PEREIRA FOLHADELA;SEAP-COMISSIONADOS;ASSESSOR II;ASSESSOR II AD-2; CARGO COMISSION.S/VINCULO;3709,79;;3709,79;388,72;3321,07;
CLEOMAR ANDRADE CONCEICAO;HOSP.DE CUST.TRAT.PSIQUIATRICO;A.TEC-I;; ESTATUTARIO;3850,01;;3850,01;336,55;3513,46;
CLODOALDO ARAUJO BARROS;SEAP-INTERIOR;AG.PEN-I;; ESTATUTARIO;4210,34;;4210,34;414,91;3795,43;
COEMA DE ARAUJO BASTOS;SEAP-EFETIVOS;A.TEC-II;; ESTATUTARIO;4141,46;;4141,46;365,41;3776,05;
CONSTANTINO CORNELIO DA COSTA;SEAP-INTERIOR;AUX.S.G-I;; ESTATUTARIO;4086,06;;4086,06;344,53;3741,53;
CRISTOVAO BRASIL DA SILVA;CASA DO ALBERGADO DE MANAUS;MARINHEIRO DE MAQUINAS;; ESTATUTARIO;3979,29;;3979,29;278,45;3700,84;
DANIEL CAMARA LIMA;SEAP-COMISSIONADOS;ASSESSOR II;NAO INFORMADO; CARGO COMISSION.S/VINCULO;3709,79;;3709,79;388,72;3321,07;
DANIEL CRUZ GOMES;CASA DO ALBERGADO DE MANAUS;A.TEC-I;; ESTATUTARIO;4217,14;;4217,14;361,91;3855,23;
DANIEL DA SILVA BARBOSA;MUNICIPIO DE TABATINGA;SARGENTO 3;DIRETOR DE UNIDADE P; ESTATUTARIO;5000,00;;5000,00;403,55;4596,45;
DANIEL MARCELO BENVENUTTI DE SALES;SEAP-COMISSIONADOS;OUVIDOR;NAO INFORMADO; CARGO COMISSION.S/VINCULO;6684,72;;6684,72;1325,51;5359,21;
DANIELE MEDEIROS MENDES DANTAS;SEAP-COMISSIONADOS;ASSESSOR I;NAO INFORMADO; CARGO COMISSION.S/VINCULO;5729,77;;5729,77;998,67;4731,10;
DANIELE MOREIRA FIGUEIREDO;SEAP-COMISSIONADOS;SUBGERENTE;NAO INFORMADO; CARGO COMISSION.S/VINCULO;3691,80;;3691,80;383,88;3307,92;
DANIELLE BARBOSA REBOUCAS;SEAP-COMISSIONADOS;ASSISTENTE TECNICO PNM.ANM-III;ASSESSOR I; ESTATUTARIO;6998,38;;6998,38;1017,64;5980,74;
DEBORAH MENDES DA SILVA;SEAP-EFETIVOS;COZINHEIRO 3A CLASSE;; ESTATUTARIO;4057,62;;4057,62;327,97;3729,65;
DEIVISON GONCALVES DAS CHAGAS;MUNICIPIO DE HUMAITA;CABO;DIRETOR ADJUNTO DE U; ESTATUTARIO;4000,00;;4000,00;221,21;3778,79;
DELCIRA RODRIGUES DA COSTA E SILVA;SEAP-EFETIVOS;AUX.S.G-II;; ESTATUTARIO;4016,15;;4016,15;321,76;3694,39;
DENIS CAETANO GOMES CAVALCANTE;SEAP-COMISSIONADOS;ASSESSOR TECNICO;NAO INFORMADO; CARGO COMISSION.S/VINCULO;7500,00;;7500,00;1572,62;5927,38;
DIATAI ANUTE DE LIMA CARIOCA;SEAP-COMISSIONADOS;GERENTE;NAO INFORMADO; CARGO COMISSION.S/VINCULO;4709,79;;4709,79;658,51;4051,28;
DILLANEY SILVA FABAR;INSTIT.PENAL ANTONIO TRINDADE;SARGENTO 2;DIRETOR ADJUNTO DE U; ESTATUTARIO;4000,00;;4000,00;263,87;3736,13;
DIONIZIO DA CRUZ GOMES;COMPAJ SEMI ABERTO;AG.PEN-I;; ESTATUTARIO;4223,84;;4223,84;416,93;3806,91;
DORALICY SOARES PEREIRA;UNID.PRIS.SEMIABERTO FEM-UPSF;A.TEC-I;; ESTATUTARIO;4210,34;;4210,34;360,08;3850,26;
DORGIVAL EPIFANIO RIBEIRO JUNIOR;CASA DO ALBERGADO DE MANAUS;ASSISTENTE TECNICO 3A CLASSE;; ESTATUTARIO;3486,28;;3486,28;242,93;3243,35;
DOUGLAS PONTES DE OLIVEIRA;SEAP-COMISSIONADOS;ASSESSOR IV;NAO INFORMADO; CARGO COMISSION.S/VINCULO;2679,61;;2679,61;183,18;2496,43;
DYEGO CORREA CASTELO BRANCO;UNIDADE PRISIONAL PURAQUEQUARA;DIRETOR ADJUNTO DE UNID.PRISIONAL;NAO INFORMADO; CARGO COMISSION.S/VINCULO;4709,79;;4709,79;658,51;4051,28;
EDILSON BARBOSA REGO;CASA DO ALBERGADO DE MANAUS;A.OPE-I;; ESTATUTARIO;4291,84;;4291,84;380,40;3911,44;
EDMAR ELIAS JOSE;CASA DO ALBERGADO DE MANAUS;A.TEC-I;; ESTATUTARIO;4210,32;;4210,32;387,73;3822,59;
EDMILSON FREITAS DA SILVA;COMPAJ FECHADO;ASSESSOR III;NAO INFORMADO; CARGO COMISSION.S/VINCULO;3691,80;;3691,80;383,88;3307,92;
EDSON ANAZILDO ARAUJO FONTES;HOSP.DE CUST.TRAT.PSIQUIATRICO;ASSISTENTE TECNICO 3A CLASSE;GERENTE AD-2; ESTATUTARIO;4095,02;;4095,02;318,76;3776,26;
EDSON NOGUEIRA DE ARAUJO;SEAP-INTERIOR;AG.PEN-I;; ESTATUTARIO;4471,08;;4471,08;455,05;4016,03;
EDUARDO MANFRED FREITAS DOS SANTOS;SEAP-COMISSIONADOS;SOLDADO;ASSESSOR III; ESTATUTARIO;3000,00;;3000,00;95,20;2904,80;
EDUARDO TELES DOS SANTOS COSTA;SEAP-COMISSIONADOS;SOLDADO;ASSESSOR II; ESTATUTARIO;3000,00;;3000,00;95,20;2904,80;
ELANE RODRIGUES SOARES;SEAP-EFETIVOS;AUX.HSP-II;; ESTATUTARIO;3509,11;;3509,11;298,98;3210,13;
ELDA PACHECO DA SILVA;SEAP-COMISSIONADOS;GERENTE;GERENTE AD-2; CARGO COMISSION.S/VINCULO;4709,79;;4709,79;658,51;4051,28;
ELIANE ANDRADE MARTINS;SEAP-COMISSIONADOS;ASSESSOR I;NAO INFORMADO; CARGO COMISSION.S/VINCULO;5729,77;;5729,77;998,67;4731,10;
ELIANE COSTA CASTRO DE OLIVEIRA;SEAP-EFETIVOS;A.TEC-III;AGENTE ADMINISTRAT.; ESTATUTARIO;1800,25;;1800,25;189,03;1611,22;
ELIONEI PASSOS DE OLIVEIRA;PENITENCIARIA FEMIN.DE MANAUS;DIRETOR ADJUNTO DE UNID.PRISIONAL;; CARGO COMISSION.S/VINCULO;4709,79;;4709,79;658,51;4051,28;
ELISANDRO FERREIRA DE ARAUJO;SEAP-COMISSIONADOS;GERENTE;; CARGO COMISSION.S/VINCULO;6113,05;;6113,05;1141,68;4971,37;
ELISANGELA PATRICIA F PICANCO;SEAP-COMISSIONADOS;SECRETARIO DE CONSELHO;NAO INFORMADO; CARGO COMISSION.S/VINCULO;3290,21;;3290,21;279,86;3010,35;
ELSO CACAU LOFIEGO;MUNICIPIO DE TABATINGA;ASSESSOR III;NAO INFORMADO; CARGO COMISSION.S/VINCULO;2695,80;;2695,80;185,12;2510,68;
EMERSON TIZATTO;COMPAJ SEMI ABERTO;TENENTE 2;DIRETOR DE UNIDADE P; ESTATUTARIO;5000,00;;5000,00;403,55;4596,45;
EPITACIO SIQUEIRA DE PAIVA;UNID.PRIS.SEMIABERTO FEM-UPSF;AG.PEN-II;; ESTATUTARIO;4146,69;;4146,69;389,07;3757,62;
ERICLENIO FAUSTINO DE O CASTRO;SEAP-COMISSIONADOS;CABO;ASSESSOR III; ESTATUTARIO;3000,00;;3000,00;95,20;2904,80;
ERIVAN CARLOS DE SOUZA;CASA DO ALBERGADO DE MANAUS;AG.PEN-II;; ESTATUTARIO;4133,19;;4133,19;387,05;3746,14;
ERIVAN MILLER DA SILVA;CENT.DE DETEN.PROV.MANAUS-CDPM;SARGENTO 2;DIRETOR DE UNIDADE P; ESTATUTARIO;5000,00;;5000,00;505,64;4494,36;
ERNANDES PERES FERNANDES JUNIOR;SEAP-EFETIVOS;A.TEC-II;; ESTATUTARIO;4154,96;;4154,96;305,44;3849,52;
ESDRAS FABRICIO MARINHO KOIDE;MUNICIPIO DE MAUES;DIRETOR ADJUNTO DE UNID.PRISIONAL;NAO INFORMADO; CARGO COMISSION.S/VINCULO;3979,72;;3979,72;461,33;3518,39;
EURICA BRAGA BAIMA;SEAP-COMISSIONADOS;GERENTE;NAO INFORMADO; CARGO COMISSION.S/VINCULO;4709,79;;4709,79;658,51;4051,28;
EVANDRO DA SILVA ARAUJO;PENITENCIARIA FEMIN.DE MANAUS;ASSESSOR IV;NAO INFORMADO; CARGO COMISSION.S/VINCULO;4734,15;;4734,15;666,63;4067,52;
FABIANO FERREIRA DA SILVA;SEAP-EFETIVOS;AUX.HSP-I;; ESTATUTARIO;4046,40;;4046,40;340,39;3706,01;
FELIPE DA SILVA ABREU;UNIDADE PRISIONAL PURAQUEQUARA;SARGENTO 3;DIRETOR DE UNIDADE P; ESTATUTARIO;5000,00;;5000,00;453,50;4546,50;
FELIPHE BARROS NASCIMENTO;SEAP-COMISSIONADOS;ASSESSOR II;NAO INFORMADO; CARGO COMISSION.S/VINCULO;4709,79;;4709,79;658,51;4051,28;
FELIPPE DE LUCENA VERAS;SEAP-COMISSIONADOS;SOLDADO;GERENTE AD-2; ESTATUTARIO;3000,00;;3000,00;95,20;2904,80;
FERNANDA DE LIMA TEIXEIRA;SEAP-COMISSIONADOS;ASSESSOR I;NAO INFORMADO; CARGO COMISSION.S/VINCULO;5729,77;;5729,77;998,67;4731,10;
FERNANDA DO SOCORRO C FERNANDES;SEAP-COMISSIONADOS;SUBGERENTE;NAO INFORMADO; CARGO COMISSION.S/VINCULO;3691,80;;3691,80;383,88;3307,92;
FILIPE DA SILVA GUERREIRO;INSTIT.PENAL ANTONIO TRINDADE;CABO;ASSESSOR III; ESTATUTARIO;3000,00;;3000,00;95,20;2904,80;
FILIPE REZK SANCHES;SEAP-COMISSIONADOS;ASSESSOR III;NAO INFORMADO; CARGO COMISSION.S/VINCULO;3691,80;;3691,80;383,88;3307,92;
FLAVIA TEREZA MATOS RODRIGUES;SEAP-EFETIVOS;A.TEC-I;CHEF.DE SEC.PESSOAL; ESTATUTARIO;4440,04;;4440,04;424,01;4016,03;
FRANCIMARY TELES DE FRANCA GRATELI;COMPAJ SEMI ABERTO;ASSESSOR IV;NAO INFORMADO; CARGO COMISSION.S/VINCULO;3675,61;;3675,61;379,53;3296,08;
FRANCISCA DE ASSIS LIMA MARAES;CENT.DETEN PROV.MANAUS-CDPM II;COZINHEIRO;; ESTATUTARIO;3198,31;;3198,31;225,33;2972,98;
FRANCISCO CAMURCA BEZERRA NETO;SEAP-COMISSIONADOS;CAPITAO;CHEFE DE DEPARTAMENT; ESTATUTARIO;5000,00;;5000,00;453,50;4546,50;
FRANCISCO CARLOS MARTINS LEDO;UNID.PRIS.SEMIABERTO FEM-UPSF;AG.PEN-II;; ESTATUTARIO;4146,69;;4146,69;360,63;3786,06;
FRANCISCO JANIO DE AGUIAR;CASA DO ALBERGADO DE MANAUS;CENOTECNICO;CENOTECNICO; ESTATUTARIO;4192,74;;4192,74;371,88;3820,86;
FRANCISCO JORGE DE AMORIM DIAS;CASA DO ALBERGADO DE MANAUS;A.TEC-I;; ESTATUTARIO;3692,87;;3692,87;353,82;3339,05;
FRANCISCO MARQUES DE OLIVEIRA;CASA DO ALBERGADO DE MANAUS;AUX.O-I;; ESTATUTARIO;3081,31;;3081,31;225,34;2855,97;
FRANCISCO MOISES CAVALCANTE DANTAS;SEAP-COMISSIONADOS;CABO;DIRETOR ADJUNTO AD2; ESTATUTARIO;4000,00;;4000,00;188,32;3811,68;
FRANCISCO MOISES CAVALCANTE DANTAS;CONSELHO PENITENCIARIO;MEMBRO DE CONSELHO;; CONSELHO;429,20;;429,20;;429,20;
FRANCISCO MOREIRA FILHO;SEAP-INTERIOR;A.OPE-I;; ESTATUTARIO;4051,00;;4051,00;370,83;3680,17;
FRANCISCO RAIMUNDO VALENTE FERREIRA;CASA DO ALBERGADO DE MANAUS;MOT-I;; ESTATUTARIO;3323,90;;3323,90;274,94;3048,96;
FRANCISCO SOARES DE SOUZA FILHO;COMPAJ SEMI ABERTO;AUX.O-I;; ESTATUTARIO;4363,46;;4363,46;395,28;3968,18;
FRANCISCO VALBERTO DA S M JUNIOR;SEAP-COMISSIONADOS;ASSESSOR III;ASSESSOR III; CARGO COMISSION.S/VINCULO;3691,80;;3691,80;383,88;3307,92;
FRANKLIN SOUZA DE OLIVEIRA;SEAP-COMISSIONADOS;SARGENTO 2;SUBGERENTE; ESTATUTARIO;3000,00;;3000,00;53,76;2946,24;
GABRIELA DA COSTA NAZARETH;SEAP-COMISSIONADOS;ASSESSOR II;ASSESSOR II; CARGO COMISSION.S/VINCULO;3709,79;;3709,79;388,72;3321,07;
GERALDO RICARDO PEREIRA;SEAP-EFETIVOS;MOT-I;; ESTATUTARIO;3737,39;;3737,39;294,00;3443,39;
GERUSA DE ARAUJO SILVA;UNID.PRIS.SEMIABERTO FEM-UPSF;A.TEC-II;; ESTATUTARIO;3550,20;;3550,20;277,75;3272,45;
GIBSON ALVES DOS SANTOS;SEAP-EFETIVOS;PSI-II;; ESTATUTARIO;3050,49;;3050,49;479,73;2570,76;
GILBERTO DA GRACA BANDEIRA;SEAP-EFETIVOS;AG.PEN-I;; ESTATUTARIO;4887,09;;4887,09;421,03;4466,06;
GILBERTO NASCIMENTO RIBEIRO;SEAP-EFETIVOS;AUX.O-I;; ESTATUTARIO;3477,31;;3477,31;255,04;3222,27;
GINO EDUARDO RANCIARO;CENTRO DE DET.PROV.FEMIN.-CDPF;DIRETOR ADJ.DE UNID.PRISIONAL AD-2;; CARGO COMISSION.S/VINCULO;4709,79;;4709,79;658,51;4051,28;
GLEUSOM GOMES STECKEL;SEAP-COMISSIONADOS;GERENTE;; CARGO COMISSION.S/VINCULO;4709,79;;4709,79;658,51;4051,28;
HALLHITON MACIEL GEBER;SEAP-COMISSIONADOS;GERENTE;NAO INFORMADO; CARGO COMISSION.S/VINCULO;3296,83;;3296,83;332,81;2964,02;
HELDER SABELI MATOS;SEAP-COMISSIONADOS;ASSESSOR II;NAO INFORMADO; CARGO COMISSION.S/VINCULO;4709,79;;4709,79;658,51;4051,28;
HELIO MUNIZ VIEIRA;SEAP-COMISSIONADOS;ASSESSOR III;NAO INFORMADO; CARGO COMISSION.S/VINCULO;3691,80;;3691,80;383,88;3307,92;
HELIOMIRO THOME DE SOUZA;CASA DO ALBERGADO DE MANAUS;AG.PEN-I;; ESTATUTARIO;4484,58;;4484,58;457,08;4027,50;
HERBERT DE ALMEIDA TELES;SEAP-EFETIVOS;ASSISTENTE TECNICO 2A CLASSE;; ESTATUTARIO;4086,28;;4086,28;245,28;3841,00;
HERMES ALBERTO UGARTE JUNIOR;SEAP-EFETIVOS;AG.PEN-II;; ESTATUTARIO;1654,38;;1654,38;231,61;1422,77;
HEVERSON BARROS DO NASCIMENTO;SEAP-COMISSIONADOS;GERENTE;NAO INFORMADO; CARGO COMISSION.S/VINCULO;4709,79;;4709,79;658,51;4051,28;
HIGSON OLIVEIRA LIMA;SEAP-COMISSIONADOS;ASSESSOR III;NAO INFORMADO; CARGO COMISSION.S/VINCULO;3691,80;;3691,80;383,88;3307,92;
HUGO ALBERTO DE OLIVEIRA QUEIROZ;SEAP-COMISSIONADOS;ASSESSOR II;NAO INFORMADO; CARGO COMISSION.S/VINCULO;4709,79;;4709,79;658,51;4051,28;
INGRID SALES DA COSTA;SEAP-COMISSIONADOS;ASSESSOR II;NAO INFORMADO; CARGO COMISSION.S/VINCULO;3709,79;;3709,79;388,72;3321,07;
IONE TEIXEIRA FILGUEIRAS;COMPAJ SEMI ABERTO;DIRETOR ADJUNTO DE UNID.PRISIONAL;NAO INFORMADO; CARGO COMISSION.S/VINCULO;4709,79;;4709,79;658,51;4051,28;
IRNE DE SOUZA DUTRA;UNID.PRIS.SEMIABERTO FEM-UPSF;AG.PEN-I;; ESTATUTARIO;4461,11;;4461,11;452,52;4008,59;
ITELVINA RIBEIRO BARREIROS;COMPAJ SEMI ABERTO;AUX.HSP-II;; ESTATUTARIO;3509,11;;3509,11;270,55;3238,56;
IURI BRUCO DE MELO;HOSP.DE CUST.TRAT.PSIQUIATRICO;AG.PEN-II;GERENTE AD 2; ESTATUTARIO;4146,69;;4146,69;389,07;3757,62;
IVAN DA SILVA CORREA;SEAP-COMISSIONADOS;GERENTE;NAO INFORMADO; CARGO COMISSION.S/VINCULO;4709,79;;4709,79;658,51;4051,28;
IVAN LOPES DE SOUZA;UNID.PRIS.SEMIABERTO FEM-UPSF;A.TEC-I;; ESTATUTARIO;4463,51;;4463,51;371,70;4091,81;
JAIME MOURAO DE CARVALHO;COMPAJ SEMI ABERTO;AUX.S.G-I;; ESTATUTARIO;4086,06;;4086,06;316,09;3769,97;
JEAN CARLO SILVA DE OLIVEIRA;CENT.DETEN PROV.MANAUS-CDPM II;DIRETOR DE UNIDADE PRISIONAL AD-1;; CARGO COMISSION.S/VINCULO;5729,77;;5729,77;998,67;4731,10;
JOÃO VICTOR DE SOUZA MARTINS SANTOS;SEAP-COMISSIONADOS;SUBGERENTE;NAO INFORMADO; CARGO COMISSION.S/VINCULO;3691,80;;3691,80;383,88;3307,92;
JOAN CANDIDO MATOS;PENITENCIARIA FEMIN.DE MANAUS;SARGENTO 3;ASSESSOR III; ESTATUTARIO;3000,00;;3000,00;67,98;2932,02;
JOAO BOSCO DAS CHAGAS PAULAIN;MUNICIPIO DE PARINTINS;AG.PEN-I;DIR.UND.PRIS. AD-1; ESTATUTARIO;3692,87;;3692,87;408,13;3284,74;
JOAO BRITO DE SOUZA;CASA DO ALBERGADO DE MANAUS;A.TEC-II;; ESTATUTARIO;4141,46;;4141,46;365,41;3776,05;
JOAO CARLOS DE ALMEIDA RAMOS;COMPAJ SEMI ABERTO;SUBGERENTE;NAO INFORMADO; CARGO COMISSION.S/VINCULO;3691,80;;3691,80;383,88;3307,92;
JOAO GABRIEL MESQUITA DE MENEZES;SEAP-COMISSIONADOS;SUBGERENTE;NAO INFORMADO; CARGO COMISSION.S/VINCULO;2695,80;;2695,80;185,12;2510,68;
JOAO KENNEDY PEREIRA BARBOSA;SEAP-EFETIVOS;MOT-I;; ESTATUTARIO;4328,64;;4328,64;409,79;3918,85;
JOAO PAULINO DOS SANTOS;INSTIT.PENAL ANTONIO TRINDADE;GERENTE;NAO INFORMADO; CARGO COMISSION.S/VINCULO;3709,79;;3709,79;388,72;3321,07;
JOAO PEDRO TAVARES GATO;CASA DO ALBERGADO DE MANAUS;MOT-II;; ESTATUTARIO;4252,91;;4252,91;385,44;3867,47;
JONAS NASCIMENTO DA SILVA;SEAP-COMISSIONADOS;SARGENTO 3;ASSESSOR III AD-3; ESTATUTARIO;3000,00;;3000,00;67,98;2932,02;
JONAS PEREIRA NUNES;SEAP-EFETIVOS;ASSISTENTE TECNICO GOVERNAMENTAL;; ESTATUTARIO;1350,19;;1350,19;189,03;1161,16;
JONATHAN RODRIGUES GUIMARAES;SEAP-COMISSIONADOS;SUBGERENTE;NAO INFORMADO; CARGO COMISSION.S/VINCULO;3091,80;;3091,80;232,64;2859,16;
JORGE ALBERTO DA SILVA;CASA DO ALBERGADO DE MANAUS;A.TEC-I;; ESTATUTARIO;4450,01;;4450,01;426,55;4023,46;
JORGE ROBERTO PEREIRA RIBEIRO;COMPAJ SEMI ABERTO;MECANICO;; ESTATUTARIO;2163,81;;2163,81;162,02;2001,79;
JOSE AUGUSTO DO VALLE SILVA;SEAP-EFETIVOS;A.OPE-I;ASSIST.TEC.3º CLASSE; ESTATUTARIO;2729,24;;2729,24;86,32;2642,92;
JOSE BALDUINO DOS SANTOS PEREIRA;HOSP.DE CUST.TRAT.PSIQUIATRICO;A.TEC-I;; ESTATUTARIO;4232,59;;4232,59;392,90;3839,69;
JOSE EMERSON PIRES BINDA;SEAP-COMISSIONADOS;ASSESSOR IV;NAO INFORMADO; CARGO COMISSION.S/VINCULO;3075,61;;3075,61;263,77;2811,84;
JOSE FRANCISCO CATIVO REGIS;CASA DO ALBERGADO DE MANAUS;AG.PEN-II;; ESTATUTARIO;4133,19;;4133,19;358,61;3774,58;
JOSE GAMA DE ALBUQUERQUE;SEAP-EFETIVOS;TNS-I;; ESTATUTARIO;4782,38;;4782,38;676,01;4106,37;
JOSE HENRIQUE DA CRUZ GLORIA;HOSP.DE CUST.TRAT.PSIQUIATRICO;AUX.HSP-I;; ESTATUTARIO;3486,06;;3486,06;266,40;3219,66;
JOSE LAZARO BEZERRA CAMPELO;CASA DO ALBERGADO DE MANAUS;DIRETOR DE UNIDADE PRISIONAL AD-1;DIR. UNID.PRIS. AD-1; CARGO COMISSION.S/VINCULO;5729,77;;5729,77;998,67;4731,10;
JOSE LUIS DA SILVA OLIVEIRA;CASA DO ALBERGADO DE MANAUS;A.TEC-I;; ESTATUTARIO;4175,73;;4175,73;376,12;3799,61;
JOSE LUIZ HONORATO DE OLIVEIRA;MUNICIPIO DE ITACOATIARA;AG.PEN-I;; ESTATUTARIO;4461,11;;4461,11;452,52;4008,59;
JOSE MILTON DE ANDRADE TORRES;SEAP-COMISSIONADOS;SOLDADO;SUBGERENTE AD-3; ESTATUTARIO;3000,00;;3000,00;95,20;2904,80;
JOSE PEDRO BARBOSA DOS SANTOS;SEAP-INTERIOR;AG.PEN-I;; ESTATUTARIO;4210,34;;4210,34;414,91;3795,43;
JOSE RAIMUNDO CATIVO REGIS;COMPAJ SEMI ABERTO;MOT-II;; ESTATUTARIO;3256,91;;3256,91;242,69;3014,22;
JOSE RIBAMAR MAIA BEZERRA;CASA DO ALBERGADO DE MANAUS;A.TEC-I;; ESTATUTARIO;4527,53;;4527,53;449,63;4077,90;
JOSE RIBAMAR MARTE DE MELO;SEAP-EFETIVOS;ARTIFICE;; ESTATUTARIO;3379,29;;3379,29;225,28;3154,01;
JOSE SIQUEIRA DE LIMA;CASA DO ALBERGADO DE MANAUS;AG.PEN-II;; ESTATUTARIO;4133,19;;4133,19;387,05;3746,14;
JOSE TADEU DE NAZARE REBELO;UNID.PRIS.SEMIABERTO FEM-UPSF;A.TEC-I;; ESTATUTARIO;4463,51;;4463,51;428,58;4034,93;
JOSE WILLIAM GUIMARAES DE S JUNIOR;SEAP-COMISSIONADOS;ASSESSOR III;NAO INFORMADO; CARGO COMISSION.S/VINCULO;3691,80;;3691,80;383,88;3307,92;
JOSELICE CAVALCANTE CARDOSO;SEAP-COMISSIONADOS;SUBGERENTE;SUBGERENTE AD-3; CARGO COMISSION.S/VINCULO;3691,80;;3691,80;383,88;3307,92;
JOSENIR DA SILVA ARAUJO;SEAP-EFETIVOS;A.OPE-I;; ESTATUTARIO;4210,34;;4210,34;281,85;3928,49;
JOSSE DOS SANTOS NASCIMENTO;SEAP-COMISSIONADOS;ASSESSOR I;NAO INFORMADO; CARGO COMISSION.S/VINCULO;5729,77;;5729,77;998,67;4731,10;
JOVINIANO DA SILVEIRA CUNHA;UNID.PRIS.SEMIABERTO FEM-UPSF;AG.PEN-II;; ESTATUTARIO;4146,69;;4146,69;389,07;3757,62;
JOYCIMIRLA DA CUNHA FREITAS;SEAP-COMISSIONADOS;SUBGERENTE;NAO INFORMADO; CARGO COMISSION.S/VINCULO;3691,80;;3691,80;383,88;3307,92;
JULIANA BERTUCCELLI DA SILVA MOURA;SEAP-COMISSIONADOS;SUBGERENTE;; CARGO COMISSION.S/VINCULO;3091,80;;3091,80;266,78;2825,02;
JULIO CEZAR DA SILVA FERNANDES;SEAP-INTERIOR;AG.PEN-II;; ESTATUTARIO;4133,19;;4133,19;387,05;3746,14;
KAREN DUARTE NAVEGANTE;SEAP-COMISSIONADOS;ASSESSOR II;NAO INFORMADO; CARGO COMISSION.S/VINCULO;4709,79;;4709,79;658,51;4051,28;
KARLA LAYSE DANTAS ROCHA;UNIDADE PRISIONAL PURAQUEQUARA;ASSESSOR II;NAO INFORMADO; CARGO COMISSION.S/VINCULO;3709,79;;3709,79;388,72;3321,07;
KARLA MARIA MARTINS LEDO;MUNICIPIO DE MANACAPURU;AG.PEN-I;; ESTATUTARIO;4461,11;;4461,11;452,52;4008,59;
KECIA VASCONCELOS DE O MARTINS;SEAP-COMISSIONADOS;ASSESSOR II;NAO INFORMADO; CARGO COMISSION.S/VINCULO;4779,72;;4779,72;681,83;4097,89;
KEILA AMORIM DA GRACA;SEAP-EFETIVOS;AUX.S.G-II;; ESTATUTARIO;3416,15;;3416,15;238,20;3177,95;
KEYLA MARIA PINHEIRO PRADO;SEAP-COMISSIONADOS;CHEFE DE DEPARTAMENTO;NAO INFORMADO; CARGO COMISSION.S/VINCULO;5729,77;;5729,77;998,67;4731,10;
LAERCIO ESTUMANO DA SILVA;SEAP-COMISSIONADOS;SUB-TENENTE;ASSESSOR I; ESTATUTARIO;6666,67;;6666,67;911,84;5754,83;
LARRANA KALIANDRA NAPOLEAO DA COSTA;SEAP-COMISSIONADOS;ASSESSOR III;NAO INFORMADO; CARGO COMISSION.S/VINCULO;3691,80;;3691,80;383,88;3307,92;
LEANDRO CASTRO PEREIRA;SEAP-COMISSIONADOS;CABO;ASSESSOR III AD-3; ESTATUTARIO;3000,00;;3000,00;95,20;2904,80;
LEANDRO SOUZA DE LIMA;SEAP-COMISSIONADOS;ASSESSOR II;NAO INFORMADO; CARGO COMISSION.S/VINCULO;4709,79;;4709,79;658,51;4051,28;
LECI DE SOUZA OLIVEIRA;SEAP-COMISSIONADOS;SARGENTO 2;ASSESSOR II; ESTATUTARIO;4000,00;;4000,00;221,21;3778,79;
LEONILDO BELEM DOS SANTOS;SEAP-INTERIOR;AG.PEN-I;; ESTATUTARIO;4210,34;;4210,34;414,91;3795,43;
LIDIANE DE ALMEIDA ALVES;SEAP-COMISSIONADOS;GERENTE;GERENTE; CARGO COMISSION.S/VINCULO;4709,79;;4709,79;658,51;4051,28;
LILIAN REJANE NEGREIROS GUIMARAES;SEAP-COMISSIONADOS;ASSESSOR II;; CARGO COMISSION.S/VINCULO;6113,05;;6113,05;1141,68;4971,37;
LINCON BATISTA DE OLIVEIRA;MUNICIPIO DE PARINTINS;SUBGERENTE;SUBGERENTE; CARGO COMISSION.S/VINCULO;3091,80;;3091,80;266,78;2825,02;
LINDALVA MARTINS MOREIRA TRINDADE M;SEAP-EFETIVOS;TNS-I;; ESTATUTARIO;5293,20;;5293,20;959,07;4334,13;
LOURIVAL DA SILVA SOUZA;UNID.PRIS.SEMIABERTO FEM-UPSF;A.TEC-I;; ESTATUTARIO;4541,03;;4541,03;452,67;4088,36;
LUAN VIEIRA DA CUNHA;SEAP-COMISSIONADOS;ASSESSOR II;NAO INFORMADO; CARGO COMISSION.S/VINCULO;4709,79;;4709,79;658,51;4051,28;
LUANA MARTINS LISBOA FADEL;SEAP-COMISSIONADOS;SUBGERENTE;NAO INFORMADO; CARGO COMISSION.S/VINCULO;2695,80;;2695,80;185,12;2510,68;
LUCIANA OLIVEIRA DO VALE;COMPAJ FECHADO;ASSESSOR II;; CARGO COMISSION.S/VINCULO;3709,79;;3709,79;388,72;3321,07;
LUCIANE COSTA DA SILVA;SEAP-COMISSIONADOS;GERENTE;NAO INFORMADO; CARGO COMISSION.S/VINCULO;4709,79;;4709,79;658,51;4051,28;
LUCIO DE HOLANDA BRAGA CAMPELO;SEAP-EFETIVOS;TOPOGRAFO 3A CLASSE;; ESTATUTARIO;4163,02;;4163,02;365,49;3797,53;
LUIS ALBERTO SILVA DE MEDEIROS;MUNICIPIO DE PARINTINS;ASSISTENTE TECNICO A;; ESTATUTARIO;4077,54;;4077,54;342,51;3735,03;
LUIS ANAZILDO NASCIMENTO LIMA;SEAP-EFETIVOS;A.TEC-I;; ESTATUTARIO;4210,34;;4210,34;360,08;3850,26;
LUIS GONZAGA MONTEIRO RODRIGUES;CASA DO ALBERGADO DE MANAUS;AG.PEN-I;; ESTATUTARIO;4223,84;;4223,84;388,49;3835,35;
LUIZ CARLOS ANTONINA DA COSTA;CASA DO ALBERGADO DE MANAUS;A.TEC-II;; ESTATUTARIO;3641,46;;3641,46;278,43;3363,03;
LUIZ CARLOS BEZERRA DE OLIVEIRA;COMPAJ SEMI ABERTO;AUX.S.G-I;; ESTATUTARIO;4295,91;;4295,91;378,09;3917,82;
LUIZ CARLOS CARVALHO MATELINS;COMPAJ SEMI ABERTO;AG.PEN-II;; ESTATUTARIO;4133,19;;4133,19;358,61;3774,58;
LUIZ NAZARENO MIRANDA CHAVES;SEAP-COMISSIONADOS;GERENTE;NAO INFORMADO; CARGO COMISSION.S/VINCULO;4709,79;;4709,79;658,51;4051,28;
MAGNO RAPOSO LARANJEIRA;COMPAJ FECHADO;CABO;ASSESSOR III; ESTATUTARIO;3000,00;;3000,00;95,20;2904,80;
MANOEL ARMANDO QUEIROZ FILHO;MUNICIPIO DE MAUES;DIRETOR DE UNIDADE PRISIONAL;NAO INFORMADO; CARGO COMISSION.S/VINCULO;5729,77;;5729,77;998,67;4731,10;
MANOEL COELHO SA;MUNICIPIO DE TABATINGA;ASSESSOR III;ASSESSOR III AD-3; CARGO COMISSION.S/VINCULO;2695,80;;2695,80;185,12;2510,68;
MANOEL LIMA DOS SANTOS FILHO;MUNICIPIO DE TEFE;SARGENTO 3;DIRETOR ADJUNTO DE U; ESTATUTARIO;3000,00;;3000,00;95,20;2904,80;
MANOEL LOPES DE VASCONCELOS FILHO;UNID.PRIS.SEMIABERTO FEM-UPSF;A.TEC-I;; ESTATUTARIO;4223,84;;4223,84;390,55;3833,29;
MANOEL LUIZ DE CASTRO PERDIGAO;SEAP-EFETIVOS;A.TEC-I;; ESTATUTARIO;4210,34;;4210,34;388,52;3821,82;
MANOEL TAVARES DOS SANTOS;COMPAJ SEMI ABERTO;AG.PEN-I;; ESTATUTARIO;4232,59;;4232,59;419,28;3813,31;
MARCELO ANDRE DE FREITAS BICHARRA;SEAP-COMISSIONADOS;SARGENTO 1;ASSESSOR III; ESTATUTARIO;4000,00;;4000,00;263,87;3736,13;
MARCIA MARTINS SOARES;SEAP-EFETIVOS;AG.PEN-I;; ESTATUTARIO;4461,11;;4461,11;452,52;4008,59;
MARCILEIDE SILVA DE MELO;SEAP-COMISSIONADOS;ASSESSOR II;ASSESSOR II; CARGO COMISSION.S/VINCULO;4709,79;;4709,79;658,51;4051,28;
MARCILENE DUTRA SINIMBU;SEAP-EFETIVOS;AUXILIAR ADMINISTRATIVO;AUX. ADMINISTRATIVO; ESTATUTARIO;3961,81;;3961,81;309,84;3651,97;
MARCILENE MORAES SILVA;SEAP-COMISSIONADOS;CAPITAO;CHEFE DE GABINETE; ESTATUTARIO;5000,00;;5000,00;505,64;4494,36;
MARCIO ANDRE ARAUJO PINHO;INSTIT.PENAL ANTONIO TRINDADE;SARGENTO 3;DIR. UNID. PRIS.AD-1; ESTATUTARIO;5000,00;;5000,00;453,50;4546,50;
MARCIO CALDAS DA SILVA;COMPAJ FECHADO;CABO;DIRETOR ADJUNTO DE U; ESTATUTARIO;4000,00;;4000,00;221,21;3778,79;
MARCIO ROBERTO PEREIRA MENDES;SEAP-COMISSIONADOS;SARGENTO 3;ASSESSOR III; ESTATUTARIO;3500,00;;3500,00;67,98;3432,02;
MARCOS ANTONIO ASSUNCAO LIMA;CASA DO ALBERGADO DE MANAUS;AG.PEN-II;; ESTATUTARIO;4155,43;;4155,43;391,43;3764,00;
MARCOS GARCIA DE MORAES;CASA DO ALBERGADO DE MANAUS;ASSISTENTE TECNICO GOVERNAMENTAL;; ESTATUTARIO;4091,04;;4091,04;316,09;3774,95;
MARCOS JORGE DE OLIVEIRA E SILVA;HOSP.DE CUST.TRAT.PSIQUIATRICO;AUX.O-I;DIRETOR DE UNIDADE P; ESTATUTARIO;6290,29;;6290,29;861,69;5428,60;
MARCOS PAULO GUEDES PINTO;SEAP-COMISSIONADOS;ASSESSOR II;NAO INFORMADO; CARGO COMISSION.S/VINCULO;4709,79;;4709,79;658,51;4051,28;
MARCOS ROGERIO DA SILVA;CASA DO ALBERGADO DE MANAUS;AG.PEN-II;GERENTE AD-2; ESTATUTARIO;4146,69;;4146,69;332,20;3814,49;
MARCUS DE ARAUJO COSTA;CASA DO ALBERGADO DE MANAUS;A.TEC-I;; ESTATUTARIO;4223,84;;4223,84;390,55;3833,29;
MARCUS MARCELO DE PAIVA PRADO;SEAP-COMISSIONADOS;ASSESSOR I;NAO INFORMADO; CARGO COMISSION.S/VINCULO;5729,77;;5729,77;998,67;4731,10;
MARCUS VINICIUS OLIVEIRA DE ALMEIDA;SEAP-COMISSIONADOS;TENENTE CORONEL;SECRETARIO DE ESTADO; ESTATUTARIO;23851,00;7809,27;16041,73;3542,12;12499,61;
MARCUS VINICIUS PESSOA ARYCE CASTRO;SEAP-COMISSIONADOS;GERENTE;NAO INFORMADO; CARGO COMISSION.S/VINCULO;4709,79;;4709,79;658,51;4051,28;
MARIA DAS GRACAS MENDONCA FERREIRA;UNID.PRIS.SEMIABERTO FEM-UPSF;AG.PEN-I;; ESTATUTARIO;4471,08;;4471,08;455,05;4016,03;
MARIA DE FATIMA CRUZ GONCALVES;SEAP-EFETIVOS;A.TEC-I;; ESTATUTARIO;3285,55;;3285,55;278,59;3006,96;
MARIA DE LOURDES FERREIRA;UNID.PRIS.SEMIABERTO FEM-UPSF;A.TEC-I;; ESTATUTARIO;4440,04;;4440,04;424,01;4016,03;
MARIA DE NAZARE SARAIVA ALCANTARA;CONSELHO PENITENCIARIO;MEMBRO DE CONSELHO;; CONSELHO;429,20;;429,20;;429,20;
MARIA DO PERPETUO SOCORRO S UCHOA;SEAP-EFETIVOS;A.OPE-I;; ESTATUTARIO;2912,34;;2912,34;241,38;2670,96;
MARIA DO SOCORRO FREITAS P SOUZA;CENTRO DE DET.PROV.FEMIN.-CDPF;DIRETOR DE UNIDADE PRISIONAL AD-1;; CARGO COMISSION.S/VINCULO;5729,77;;5729,77;998,67;4731,10;
MARIA ELZA DA SILVA RAPOZO;UNID.PRIS.SEMIABERTO FEM-UPSF;A.TEC-I;; ESTATUTARIO;5114,07;;5114,07;637,43;4476,64;
MARIA FERNANDA DANTAS DE SOUSA;SEAP-EFETIVOS;ASSISTENTE TECNICO GOVERNAMENTAL;; ESTATUTARIO;3300,47;;3300,47;245,48;3054,99;
MARIA LUCIA MATIAS SOUZA;SEAP-EFETIVOS;A.TEC-I;; ESTATUTARIO;4428,61;;4428,61;421,11;4007,50;
MARIA RAIMUNDA JANUARIO DE SOUZA;MUNICIPIO DE ITACOATIARA;ASSESSOR III;ASSESSOR III AD-3; CARGO COMISSION.S/VINCULO;3691,80;;3691,80;383,88;3307,92;
MARIANA CUNHA DA SILVA;CENTRO DE DET.PROV.FEMIN.-CDPF;ASSESSOR IV;NAO INFORMADO; CARGO COMISSION.S/VINCULO;3675,61;;3675,61;379,53;3296,08;
MARILANDIA MARIA ENES R HATTORI;SEAP-COMISSIONADOS;ASSESSOR I;NAO INFORMADO; CARGO COMISSION.S/VINCULO;6684,72;;6684,72;1325,51;5359,21;
MARILU MONTENEGRO PEIXOTO;SEAP-COMISSIONADOS;GERENTE;GERENTE AD-2; CARGO COMISSION.S/VINCULO;4709,79;;4709,79;658,51;4051,28;
MARINETE DA COSTA SUBIRANA;CASA DO ALBERGADO DE MANAUS;AG.PEN-I;; ESTATUTARIO;4529,14;;4529,14;441,38;4087,76;
MARIVALDO GOMES DOS SANTOS;SEAP-EFETIVOS;MOT-I;; ESTATUTARIO;4562,49;;4562,49;337,61;4224,88;
MARIVALDO OLIVEIRA MARTINS;CENT.DE DETEN.PROV.MANAUS-CDPM;ASSESSOR III;NAO INFORMADO; CARGO COMISSION.S/VINCULO;3691,80;;3691,80;383,88;3307,92;
MARLI SOUZA DA SILVA;SEAP-EFETIVOS;A.TEC-I;CHF S APOIO TRABALHO; ESTATUTARIO;3381,26;;3381,26;300,75;3080,51;
MATHEUS OLIVEIRA DA SILVA ROCHA;COMPAJ SEMI ABERTO;DIRETOR DE UNIDADE PRISIONAL;NAO INFORMADO; CARGO COMISSION.S/VINCULO;5729,77;;5729,77;998,67;4731,10;
MAURIDIO GEORGE DE MOURA COSTA;HOSP.DE CUST.TRAT.PSIQUIATRICO;DENTISTA 1A.CLASSE-DENT-I;; ESTATUTARIO;4846,61;;4846,61;691,61;4155,00;
MAYARA RODRIGUES CUNHA MOREIRA;SEAP-COMISSIONADOS;CHEFE DE DEPARTAMENTO;NAO INFORMADO; CARGO COMISSION.S/VINCULO;5729,77;;5729,77;998,67;4731,10;
MESSIAS GARCIA CORDEIRO;CASA DO ALBERGADO DE MANAUS;A.TEC-I;; ESTATUTARIO;3610,34;;3610,34;298,52;3311,82;
MICAEL ASSUNCAO LIMA;SEAP-COMISSIONADOS;SARGENTO 3;DIRETOR ADJUNTO DE U; ESTATUTARIO;4000,00;;4000,00;159,88;3840,12;
MICHELLE SOARES DOS SANTOS;SEAP-COMISSIONADOS;GERENTE;NAO INFORMADO; CARGO COMISSION.S/VINCULO;4709,79;;4709,79;658,51;4051,28;
MIGUEL AUGUSTO GOMES ANDRADE;CASA DO ALBERGADO DE MANAUS;A.TEC-I;; ESTATUTARIO;4463,51;;4463,51;428,58;4034,93;
MONICA ALVES DA SILVA MACEDO;SEAP-COMISSIONADOS;ASSESSOR IV;NAO INFORMADO; CARGO COMISSION.S/VINCULO;3675,61;;3675,61;379,53;3296,08;
Natanael Figueiredo de Souza Filho;SEAP-COMISSIONADOS;ASSESSOR II;NAO INFORMADO; CARGO COMISSION.S/VINCULO;4395,80;;4395,80;1134,03;3261,77;
NAASSON SERRAO DA COSTA;UNID.PRIS.SEMIABERTO FEM-UPSF;AG.PEN-II;; ESTATUTARIO;4146,69;;4146,69;389,07;3757,62;
NEILY DUARTE BURGOS;SEAP-COMISSIONADOS;GERENTE;GERENTE AD-2; CARGO COMISSION.S/VINCULO;4709,79;;4709,79;658,51;4051,28;
NELVANIZE NASCIMENTO DA SILVEIRA;SEAP-EFETIVOS;ASSISTENTE TECNICO 3A CLASSE;; ESTATUTARIO;4086,28;;4086,28;259,54;3826,74;
NIKSON DE SOUZA ANDRADE;SEAP-COMISSIONADOS;CABO;SUBGERENTE; ESTATUTARIO;3000,00;;3000,00;95,20;2904,80;
NILMAR DE OLIVEIRA SANTOS;CASA DO ALBERGADO DE MANAUS;AUX.S.G-I;; ESTATUTARIO;4099,56;;4099,56;346,56;3753,00;
NILZA DA COSTA LIMA;SEAP-EFETIVOS;AUX.S.G-I;AUX SERV GERAIS; ESTATUTARIO;4275,97;;4275,97;373,02;3902,95;
OBERDAN BARROS BATISTA;CASA DO ALBERGADO DE MANAUS;AG.PEN-II;; ESTATUTARIO;4141,46;;4141,46;390,26;3751,20;
OCLEODO DOS SANTOS TORRES;SEAP-COMISSIONADOS;ASSESSOR IV;NAO INFORMADO; CARGO COMISSION.S/VINCULO;3675,61;;3675,61;379,53;3296,08;
ODILON DE ALBUQUERQUE MAMEDE;CENT.DETEN PROV.MANAUS-CDPM II;CABO;ASSESSOR III; ESTATUTARIO;3000,00;;3000,00;67,98;2932,02;
ODILSON SERGIO DA SILVA AQUINO;CASA DO ALBERGADO DE MANAUS;A.TEC-II;; ESTATUTARIO;4154,96;;4154,96;256,70;3898,26;
OIRA ARAUJO PEREIRA;SEAP-COMISSIONADOS;CABO;ASSESSOR IV; ESTATUTARIO;4000,00;;4000,00;263,87;3736,13;
ORDEMIRO BARBOSA MARINHO;CASA DO ALBERGADO DE MANAUS;AG.PEN-I;; ESTATUTARIO;4484,58;;4484,58;457,08;4027,50;
OSCAR LEAO RUBIM;SEAP-EFETIVOS;A.TEC-I;; ESTATUTARIO;4201,57;;4201,57;385,38;3816,19;
OSIEL FIRMINO DE SOUZA;CASA DO ALBERGADO DE MANAUS;AG.PEN-I;; ESTATUTARIO;4210,32;;4210,32;288,43;3921,89;
OSTAFO CAMPOS MONTEIRO;SEAP-EFETIVOS;A.TEC-I;; ESTATUTARIO;4232,59;;4232,59;336,02;3896,57;
OSVALDO DE FREITAS ELOI NETO;MUNICIPIO DE COARI;SARGENTO 3;DIRETOR DE UNIDADE P; ESTATUTARIO;5000,00;;5000,00;453,50;4546,50;
PATRESE RICH PROCÓPIO DE ARRUDA;SEAP-COMISSIONADOS;ASSESSOR II;NAO INFORMADO; CARGO COMISSION.S/VINCULO;4709,79;;4709,79;658,51;4051,28;
PATRICIA ANDRADE LIMA;SEAP-COMISSIONADOS;SARGENTO 3;GERENTE; ESTATUTARIO;4000,00;;4000,00;221,21;3778,79;
PATRICK LIMA DE OLIVEIRA;SEAP-COMISSIONADOS;GERENTE;NAO INFORMADO; CARGO COMISSION.S/VINCULO;4709,79;;4709,79;658,51;4051,28;
PAULA FERNANDA COSTA DE CASTRO;COMPAJ SEMI ABERTO;SUBGERENTE;NAO INFORMADO; CARGO COMISSION.S/VINCULO;3691,80;;3691,80;383,88;3307,92;
PAULO CESAR GOMES DE O JUNIOR;SEAP-COMISSIONADOS;TENENTE CORONEL;SECRETARIA EXECUTIVA; ESTATUTARIO;9900,00;;9900,00;1696,73;8203,27;
PAULO ELVIS DA COSTA SOARES;SEAP-EFETIVOS;A.TEC-I;; ESTATUTARIO;4192,86;;4192,86;285,51;3907,35;
PAULO JEFFERSON CATUNDA;CASA DO ALBERGADO DE MANAUS;A.TEC-I;; ESTATUTARIO;4296,50;;4296,50;410,14;3886,36;
PAULO JORGE DE SOUZA CASTRO;MUNICIPIO DE ITACOATIARA;DIRETOR ADJUNTO DE UNID.PRISIONAL;NAO INFORMADO; CARGO COMISSION.S/VINCULO;4709,79;;4709,79;658,51;4051,28;
PAULO ONEY SANTOS CAVALCANTE;MUNICIPIO DE TEFE;SARGENTO 3;DIRETOR DE UNIDADE P; ESTATUTARIO;5000,00;;5000,00;505,64;4494,36;
PAULO ROBERTO JENNINGS;CASA DO ALBERGADO DE MANAUS;A.TEC-I;; ESTATUTARIO;4463,51;;4463,51;428,58;4034,93;
PAULO ROBERTO PINTO DE VASCONCELOS;CASA DO ALBERGADO DE MANAUS;AG.PEN-I;; ESTATUTARIO;4232,59;;4232,59;320,54;3912,05;
PAULO SERGIO CORDEIRO OLIVEIRA;PENITENCIARIA FEMIN.DE MANAUS;DIRETOR DE UNIDADE PRISIONAL;; CARGO COMISSION.S/VINCULO;5729,77;;5729,77;998,67;4731,10;
PAULO WILLCON BARRETO CRISPIM;SEAP-COMISSIONADOS;MAJOR;ASSESSOR I; ESTATUTARIO;5000,00;;5000,00;453,50;4546,50;
PEDRO COSTA DA CUNHA;COMPAJ SEMI ABERTO;AUX.O-I;; ESTATUTARIO;5283,25;;5283,25;543,68;4739,57;
PEDRO HELCIO CASTILHO COELHO;MUNICIPIO DE MAUES;ASSESSOR III;; CARGO COMISSION.S/VINCULO;3427,73;;3427,73;329,26;3098,47;
POLYANNA DE ANDRADE ANDRADE;SEAP-COMISSIONADOS;SUBGERENTE;NAO INFORMADO; CARGO COMISSION.S/VINCULO;4755,73;;4755,73;673,83;4081,90;
POTIGUARA MATIAS DOS SANTOS;UNIDADE PRISIONAL PURAQUEQUARA;GERENTE;GERENTE AD-2; CARGO COMISSION.S/VINCULO;3709,79;;3709,79;388,72;3321,07;
RAFAELA NOEL SERUDO;SEAP-COMISSIONADOS;SUBGERENTE;NAO INFORMADO; CARGO COMISSION.S/VINCULO;3691,80;;3691,80;383,88;3307,92;
RAIMUNDA DORALICE LOPES DE SOUZA;MUNICIPIO DE TABATINGA;ASSESSOR III;ASSESSOR III AD-3; CARGO COMISSION.S/VINCULO;3427,73;;3427,73;329,26;3098,47;
RAIMUNDA FRANCISCA CARVALHO SOUZA;SEAP-EFETIVOS;A.TEC-I;; ESTATUTARIO;4215,26;;4215,26;361,41;3853,85;
RAIMUNDA MARQUES SAMPAIO;COMPAJ SEMI ABERTO;ASSISTENTE TECNICO GOVERNAMENTAL;; ESTATUTARIO;4095,02;;4095,02;347,20;3747,82;
RAIMUNDO ANTONIO MOTA MESQUITA;SEAP-INTERIOR;AG.PEN-I;; ESTATUTARIO;4210,34;;4210,34;414,91;3795,43;
RAIMUNDO AROLDO LUCAS DE MACEDA;COMPAJ FECHADO;CABO;DIRETOR DE UNIDADE P; ESTATUTARIO;5000,00;;5000,00;453,50;4546,50;
RAIMUNDO FREITAS DE MORAES;CENT.DETEN PROV.MANAUS-CDPM II;A.TEC-I;DIGITADOR; ESTATUTARIO;4210,34;;4210,34;388,52;3821,82;
RAIMUNDO GONZAGA DA SILVA GOMES;SEAP-INTERIOR;AG.PEN-I;; ESTATUTARIO;4219,09;;4219,09;417,26;3801,83;
RAIMUNDO MAYCON MORAES DE SOUZA;MUNICIPIO DE PARINTINS;DIRETOR ADJUNTO DE UNID.PRISIONAL;NAO INFORMADO; CARGO COMISSION.S/VINCULO;3709,79;;3709,79;388,72;3321,07;
RAIMUNDO NONATO DIMAS;SEAP-INTERIOR;AGENTE PENITENCIARIO 3A CLASSE;; ESTATUTARIO;4151,28;;4151,28;385,29;3765,99;
RAIMUNDO NONATO DOS SANTOS MELLO;SEAP-EFETIVOS;AUX.HSP-I;; ESTATUTARIO;4055,14;;4055,14;342,73;3712,41;
RAIMUNDO NONATO NASCIMENTO TAVARES;HOSP.DE CUST.TRAT.PSIQUIATRICO;AUX.S.G-I;; ESTATUTARIO;4094,80;;4094,80;346,89;3747,91;
RAIMUNDO SOARES NOGUEIRA;SEAP-EFETIVOS;AUX.O-I;; ESTATUTARIO;4053,72;;4053,72;306,04;3747,68;
RAIMUNDO XAVIER CARDOSO TAVARES;SEAP-INTERIOR;AG.PEN-I;; ESTATUTARIO;4232,59;;4232,59;419,28;3813,31;
RAQUEL AUGUSTA LIMA COSTA;MUNICIPIO DE COARI;ASSESSOR III;ASSESSOR III; CARGO COMISSION.S/VINCULO;3427,73;;3427,73;329,26;3098,47;
RAYSSA FERNANDA DE SOUZA GADELHA;CONSELHO PENITENCIARIO;MEMBRO DE CONSELHO;; CONSELHO;429,20;;429,20;;429,20;
RAYSSA FERNANDA DE SOUZA GADELHA;SEAP-COMISSIONADOS;ASSESSOR II;NAO INFORMADO; CARGO COMISSION.S/VINCULO;4709,79;;4709,79;658,51;4051,28;
RENAN OLIVEIRA DE CARVALHO;SEAP-COMISSIONADOS;CAPITAO;COORD.DO SISTEMA PRI; ESTATUTARIO;8100,00;;8100,00;877,33;7222,67;
RENATO DANTAS DA SILVA;UNIDADE PRISIONAL PURAQUEQUARA;ASSESSOR III;NAO INFORMADO; CARGO COMISSION.S/VINCULO;3691,80;;3691,80;383,88;3307,92;
RENATO FERNANDES DA SILVA;CENT.DE DETEN.PROV.MANAUS-CDPM;CABO;ASSESSOR III; ESTATUTARIO;3000,00;;3000,00;39,54;2960,46;
RITA BATISTA MAIA;CASA DO ALBERGADO DE MANAUS;ASSISTENTE TECNICO GOVERNAMENTAL;; ESTATUTARIO;3081,54;;3081,54;225,67;2855,87;
RIVALDO SOUZA DA COSTA;SEAP-COMISSIONADOS;TENENTE 1;GERENTE; ESTATUTARIO;4000,00;;4000,00;221,21;3778,79;
ROBERT WASHINGTON BARRETO;UNIDADE PRISIONAL PURAQUEQUARA;SARGENTO 3;DIRETOR DE UNIDADE P; ESTATUTARIO;5000,00;;5000,00;505,64;4494,36;
ROBERTO ANTONIO PEREIRA DOS SANTOS;COMPAJ SEMI ABERTO;A.TEC-I;AG ADMINISTRATIVO; ESTATUTARIO;4430,07;;4430,07;421,48;4008,59;
ROCINALDO JESUS DA SILVA;CASA DO ALBERGADO DE MANAUS;AG.PEN-II;; ESTATUTARIO;4133,19;;4133,19;358,61;3774,58;
RODRIGO MARTINS DE OLIVEIRA;MUNICIPIO DE HUMAITA;DIRETOR DE UNIDADE PRISIONAL;DIR. DE UNIDADE; CARGO COMISSION.S/VINCULO;7473,03;;7473,03;1565,21;5907,82;
RODRIGO MELO DA SILVA;SEAP-COMISSIONADOS;SUBGERENTE;NAO INFORMADO; CARGO COMISSION.S/VINCULO;3691,80;;3691,80;383,88;3307,92;
RODRIGO OTAVIO SANTOS DE SOUZA;SEAP-COMISSIONADOS;ASSESSOR III;NAO INFORMADO; CARGO COMISSION.S/VINCULO;3691,80;;3691,80;383,88;3307,92;
ROGERIO FONSECA;UNID.PRIS.SEMIABERTO FEM-UPSF;A.TEC-I;; ESTATUTARIO;4541,03;;4541,03;452,67;4088,36;
ROMARIO DA SILVA DE OLIVEIRA;SEAP-COMISSIONADOS;ASSESSOR II;ASSESSOR II; CARGO COMISSION.S/VINCULO;3109,79;;3109,79;270,12;2839,67;
RONALDO FERREIRA COELHO;SEAP-COMISSIONADOS;SUBGERENTE;SUBGERENTE; CARGO COMISSION.S/VINCULO;3091,80;;3091,80;266,78;2825,02;
RONILSON DA COSTA OTERO;SEAP-COMISSIONADOS;SOLDADO;SUBGERENTE AD-3; ESTATUTARIO;3000,00;;3000,00;53,76;2946,24;
ROSACLEIDE PEREIRA FOLHADELA;UNID.PRIS.SEMIABERTO FEM-UPSF;ASSISTENTE TECNICO 3A CLASSE;; ESTATUTARIO;4218,97;;4218,97;378,94;3840,03;
ROSARIA GONCALVES DE SOUZA;SEAP-EFETIVOS;AUX.S.G-II;; ESTATUTARIO;3860,20;;3860,20;298,36;3561,84;
ROSEANE TORRES LIMA;CONSELHO PENITENCIARIO;MEMBRO DE CONSELHO;; CONSELHO;429,20;;429,20;;429,20;
ROSINEIDE PEREIRA DE LIMA;SEAP-COMISSIONADOS;ASSESSOR III;ASSESSOR III AD3; CARGO COMISSION.S/VINCULO;3691,80;;3691,80;383,88;3307,92;
ROSSEMARILANE VIANA DE OLIVEIRA;SEAP-INTERIOR;AG.PEN-I;; ESTATUTARIO;4189,02;;4189,02;404,46;3784,56;
ROSSICLEIDE DE SOUZA SILVA;SEAP-COMISSIONADOS;GERENTE;GERENTE AD-2; CARGO COMISSION.S/VINCULO;4709,79;;4709,79;658,51;4051,28;
RUAN LUKA LIMA DE MELO;SEAP-COMISSIONADOS;CABO;DIRETOR ADJUNTO DE U; ESTATUTARIO;4000,00;;4000,00;263,87;3736,13;
RUDNEY DOS SANTOS CUNHA;UNIDADE PRISIONAL PURAQUEQUARA;SOLDADO;SUBGERENTE; ESTATUTARIO;4000,00;;4000,00;263,87;3736,13;
SAMISON ROLDAO DE LIMA;MUNICIPIO DE TABATINGA;CABO;DIRETOR ADJUNTO DE U; ESTATUTARIO;2400,00;;2400,00;37,20;2362,80;
SAMUEL FERREIRA DA SILVA;MUNICIPIO DE PARINTINS;AG.PEN-I;; ESTATUTARIO;4210,34;;4210,34;414,91;3795,43;
SAMUEL MARTINS COELHO JUNIOR;SEAP-COMISSIONADOS;ASSESSOR II;NAO INFORMADO; CARGO COMISSION.S/VINCULO;6113,05;;6113,05;1141,68;4971,37;
SANSAO DA SILVA BELEM;COMPAJ SEMI ABERTO;MOT-II;; ESTATUTARIO;4266,41;;4266,41;302,72;3963,69;
SAUL RODRIGUES DE MELO FILHO;CASA DO ALBERGADO DE MANAUS;A.TEC-I;; ESTATUTARIO;4440,04;;4440,04;424,01;4016,03;
SEBASTIANA GRACA DE SENNA PINAGE;SEAP-EFETIVOS;A.TEC-I;; ESTATUTARIO;3423,15;;3423,15;277,70;3145,45;
SEBASTIAO PINHEIRO DA SILVA;SEAP-INTERIOR;ASSISTENTE TECNICO GOVERNAMENTAL;; ESTATUTARIO;5291,99;;5291,99;356,00;4935,99;
SERGIO PAULO LIMA GONZAGA;SEAP-COMISSIONADOS;TENENTE 2;CHEFE DE DEPARTAMENT; ESTATUTARIO;6666,67;;6666,67;859,70;5806,97;
SILVIA HELENA ANTUNES DOS SANTOS;SEAP-COMISSIONADOS;CORREGEDOR;NAO INFORMADO; CARGO COMISSION.S/VINCULO;5729,77;;5729,77;568,83;5160,94;
SIMONE FARIAS NEGRAO;SEAP-COMISSIONADOS;ASSESSOR II;NAO INFORMADO; CARGO COMISSION.S/VINCULO;4709,79;;4709,79;658,51;4051,28;
SONIA MARIA BEZERRA CABRAL;SEAP-COMISSIONADOS;TNS-I;DIR. ESC.PENIT.AD-1; ESTATUTARIO;7525,67;;7525,67;1440,84;6084,83;
SONIA MARIA DOS SANTOS GOMES;SEAP-COMISSIONADOS;ASSESSOR II;ASSESSOR II AD-2; CARGO COMISSION.S/VINCULO;4709,79;;4709,79;658,51;4051,28;
SUELEN CRISTINA DE SOUZA CAVALCANTE;CENT.DE DETEN.PROV.MANAUS-CDPM;SUBGERENTE;SUBGERENTE; CARGO COMISSION.S/VINCULO;3691,80;;3691,80;383,88;3307,92;
SUELY DE MELO COSTA;SEAP-EFETIVOS;TECNICO DE NIVEL SUPERIOR;; ESTATUTARIO;4600,64;;4600,64;590,33;4010,31;
SUZALINDA DA SILVA E SILVA;UNID.PRIS.SEMIABERTO FEM-UPSF;AG.PEN-II;; ESTATUTARIO;4364,80;;4364,80;421,79;3943,01;
TALES RENAN SILVA DA SILVA;SEAP-COMISSIONADOS;TENENTE 1;ASSESSOR I; ESTATUTARIO;5000,00;;5000,00;505,64;4494,36;
TATIANA DA SILVA RIBEIRO;CASA DO ALBERGADO DE MANAUS;GERENTE;GERENTE AD-2; CARGO COMISSION.S/VINCULO;3709,79;;3709,79;388,72;3321,07;
TATIANA FERREIRA DA SILVA;SEAP-COMISSIONADOS;SUBGERENTE;; CARGO COMISSION.S/VINCULO;3691,80;;3691,80;383,88;3307,92;
TATIANE LOPES MARTINS;SEAP-COMISSIONADOS;ASSESSOR III;NAO INFORMADO; CARGO COMISSION.S/VINCULO;3955,73;;3955,73;454,88;3500,85;
TATIANE LOPES PEREIRA;MUNICIPIO DE TABATINGA;ASSESSOR III;ASSESSOR III AD-3; CARGO COMISSION.S/VINCULO;2695,80;;2695,80;185,12;2510,68;
TAYANE GABRIELE ARANTE DOS SANTOS;SEAP-COMISSIONADOS;SUBGERENTE;NAO INFORMADO; CARGO COMISSION.S/VINCULO;2695,80;;2695,80;185,12;2510,68;
TEREZINHA PINHEIRO DA SILVA;UNID.PRIS.SEMIABERTO FEM-UPSF;AUX.HSP-I;; ESTATUTARIO;3676,35;;3676,35;290,84;3385,51;
VALDEIA MAGALHÃES ROCHA;MUNICIPIO DE PARINTINS;ASSISTENTE TECNICO GOVERNAMENTAL;; ESTATUTARIO;4095,02;;4095,02;247,06;3847,96;
VALDEMAR ARAUJO COSTA;CASA DO ALBERGADO DE MANAUS;A.TEC-I;; ESTATUTARIO;4636,07;;4636,07;445,45;4190,62;
VALERIA ARAUJO DIAS;SEAP-COMISSIONADOS;ASSESSOR II;; CARGO COMISSION.S/VINCULO;4709,79;;4709,79;658,51;4051,28;
VALNECI GOMES DE SOUZA;SEAP-COMISSIONADOS;SARGENTO 1;ASSESSOR III; ESTATUTARIO;3000,00;;3000,00;95,20;2904,80;
VICTOR CASTRO BARBOSA;SEAP-COMISSIONADOS;CABO;SUBGERENTE; ESTATUTARIO;3000,00;;3000,00;95,20;2904,80;
VICTOR NEGRAO REIS;CONSELHO PENITENCIARIO;MEMBRO DE CONSELHO;; CONSELHO;643,80;;643,80;;643,80;
VICTOR NEGRAO REIS;SEAP-COMISSIONADOS;ASSESSOR I;NAO INFORMADO; CARGO COMISSION.S/VINCULO;5729,77;;5729,77;998,67;4731,10;
VITOR MORAES DE SOUZA;SEAP-COMISSIONADOS;CAPITAO;ASSESSOR I; ESTATUTARIO;5000,00;;5000,00;403,55;4596,45;
VIVIAN MONTENEGRO PEIXOTO;SEAP-COMISSIONADOS;ASSESSOR III;ASSESSOR III; CARGO COMISSION.S/VINCULO;3691,80;;3691,80;383,88;3307,92;
WASNEY AGUIAR BITTENCOURT;COMPAJ SEMI ABERTO;AUX.HSP-I;; ESTATUTARIO;4077,31;;4077,31;266,95;3810,36;
WELLINGTON DOS SANTOS MACIEL;MUNICIPIO DE TABATINGA;ASSESSOR III;; CARGO COMISSION.S/VINCULO;2695,80;;2695,80;185,12;2510,68;
WELLINGTON FRANK CABRAL MONTEIRO;CENT.DE DETEN.PROV.MANAUS-CDPM;CABO;ASSESSOR IV; ESTATUTARIO;4000,00;;4000,00;221,21;3778,79;
WENDEL PINTO DA SILVA;SEAP-COMISSIONADOS;SUBGERENTE;NAO INFORMADO; CARGO COMISSION.S/VINCULO;3691,80;;3691,80;383,88;3307,92;
WENDEL SALES CAVALCANTE;MUNICIPIO DE COARI;CABO;DIRETOR ADJUNTO DE U; ESTATUTARIO;3200,00;;3200,00;96,76;3103,24;
WENDERSON SILVA SOEIRO;SEAP-COMISSIONADOS;CABO;ASSESSOR IV; ESTATUTARIO;3000,00;;3000,00;95,20;2904,80;
WENGLAY FREITAS DA COSTA;SEAP-COMISSIONADOS;GERENTE;NAO INFORMADO; CARGO COMISSION.S/VINCULO;3709,79;;3709,79;388,72;3321,07;
WILKENS CARLEM DALMEIDA BEZERRA;SEAP-COMISSIONADOS;ASSESSOR III;NAO INFORMADO; CARGO COMISSION.S/VINCULO;3091,80;;3091,80;266,78;2825,02;
WILLIAM ORAN BARROS COUPE;SEAP-COMISSIONADOS;ASSESSOR I;NAO INFORMADO; CARGO COMISSION.S/VINCULO;5729,77;;5729,77;998,67;4731,10;
WILLIAMS SANTOS DAMASCENO;SEAP-EFETIVOS;T.HSP-I;; ESTATUTARIO;3981,05;;3981,05;457,59;3523,46;
ZEINE SAID RUIZ;CASA DO ALBERGADO DE MANAUS;A.TEC-I;; ESTATUTARIO;4443,57;;4443,57;423,51;4020,06;
