NOME;LOTACAO;CARGO;FUNCAO;VINCULO;REMUNERACAO LEGAL TOTAL(R$);DESC.TETO(R$); REMUNERACAO LEGAL DEVIDA(R$);DESCONTOS LEGAIS(R$);LIQUIDO DISPONIVEL(R$);
ABRAHAM DE OLIVEIRA ANSELMO JUNIOR;SEAP-EFETIVOS;ASSISTENTE TECNICO GOVERNAMENTAL;; ESTATUTARIO;4099,78;;4099,78;312,23;3787,55;
ADAUMIR DIEGO SOUZA DA SILVA;SEAP-COMISSIONADOS;TENENTE 2;DIRETOR DE UNIDADE P; ESTATUTARIO;5000,00;;5000,00;505,64;4494,36;
ADELSON EMANUEL MONTEIRO DA SILVA;SEAP-EFETIVOS;A.TEC-I;; ESTATUTARIO;3829,86;;3829,86;377,60;3452,26;
ADEMAR PEIXOTO DA SILVA;CASA DO ALBERGADO DE MANAUS;A.TEC-I;; ESTATUTARIO;4232,59;;4232,59;352,66;3879,93;
ADICA JAMILLY SOUSA E MOURA;SEAP-COMISSIONADOS;ASSESSOR III;NAO INFORMADO; CARGO COMISSION.S/VINCULO;3191,80;;3191,80;422,40;2769,40;
ADILSON PENEDO DE ARAUJO;UNID.PRIS.SEMIABERTO FEM-UPSF;AUX.O-I;; ESTATUTARIO;3706,64;;3706,64;259,04;3447,60;
ADRIANA DA SILVA MARTINS;SEAP-COMISSIONADOS;ASSESSOR IV;; CARGO COMISSION.S/VINCULO;2679,61;;2679,61;196,16;2483,45;
ADRIANA OFELIA RAMOS DE OLIVEIRA;CASA DO ALBERGADO DE MANAUS;AUX.S.G-I;; ESTATUTARIO;3248,98;;3248,98;202,29;3046,69;
ADRIELLE LEOCADIO DE LIRA;SEAP-COMISSIONADOS;ASSESSOR IV;ASSESSOR IV AD-4; CARGO COMISSION.S/VINCULO;3675,61;;3675,61;418,48;3257,13;
AIDA MORENO DE MELO;SEAP-EFETIVOS;ASSISTENTE TECNICO GOVERNAMENTAL;; ESTATUTARIO;5293,36;;5293,36;558,97;4734,39;
AILTON DE ALMEIDA PAIVA;SEAP-COMISSIONADOS;GERENTE;NAO INFORMADO; CARGO COMISSION.S/VINCULO;4709,79;;4709,79;670,28;4039,51;
ALCINEI MACIEL PINTO;SEAP-COMISSIONADOS;ASSESSOR III;; CARGO COMISSION.S/VINCULO;3691,80;;3691,80;422,40;3269,40;
ALDAIR DE PAULA EDWARDS;CASA DO ALBERGADO DE MANAUS;A.TEC-I;; ESTATUTARIO;4405,30;;4405,30;378,56;4026,74;
ALDEMAR DOS SANTOS BONATES NETO;SEAP-COMISSIONADOS;INVEST.DE POL. 3A.CL. PC-INV-III;ASSESSOR I; ESTATUTARIO;7333,32;;7333,32;963,97;6369,35;
ALDO BATISTA BRAGA;CASA DO ALBERGADO DE MANAUS;AG.PEN-I;; ESTATUTARIO;5182,90;;5182,90;700,18;4482,72;
ALESSANDRO DA SILVA;SEAP-COMISSIONADOS;SARGENTO 3;GERENTE; ESTATUTARIO;4000,00;;4000,00;1066,77;2933,23;
ALEX DE FREITAS CHAVES;MUNICIPIO DE HUMAITA;ASSESSOR III;; CARGO COMISSION.S/VINCULO;2393,80;;2393,80;170,44;2223,36;
ALEXANDRA DA FONSECA DE SOUZA;SEAP-COMISSIONADOS;SUBGERENTE;NAO INFORMADO; CARGO COMISSION.S/VINCULO;3691,80;;3691,80;422,40;3269,40;
ALEXANDRE MICHEL ROCHA CAVALCANTE;SEAP-COMISSIONADOS;SARGENTO 2;ASSESSOR III; ESTATUTARIO;4000,00;;4000,00;188,32;3811,68;
ALEXANDRE VIANA DE CASTRO;SEAP-COMISSIONADOS;ASSESSOR I;NAO INFORMADO; CARGO COMISSION.S/VINCULO;4729,77;;4729,77;676,15;4053,62;
ALINE GOMES LIMA;SEAP-COMISSIONADOS;ASSESSOR II;NAO INFORMADO; CARGO COMISSION.S/VINCULO;4709,79;;4709,79;670,28;4039,51;
ALLAN DE AZEVEDO ALVES;SEAP-COMISSIONADOS;TENENTE 1;ASSESSOR I; ESTATUTARIO;6666,67;;6666,67;859,70;5806,97;
ALONSO MARCOLINO DA SILVA;CASA DO ALBERGADO DE MANAUS;MOT-I;MOTORISTA; ESTATUTARIO;3943,37;;3943,37;276,99;3666,38;
ALUÍZIO BENTES CERDEIRA;MUNICIPIO DE PARINTINS;DIRETOR DE UNIDADE PRISIONAL;DIR UNI PRIS AD1; CARGO COMISSION.S/VINCULO;5729,77;;5729,77;986,40;4743,37;
ALYNE ELIZA TAUMATURGO BOTELHO;SEAP-COMISSIONADOS;ASSESSOR I;NAO INFORMADO; CARGO COMISSION.S/VINCULO;5729,77;;5729,77;986,40;4743,37;
AMARILDO SOUZA CARNEIRO DA CUNHA;SEAP-EFETIVOS;AUX.S.G-I;; ESTATUTARIO;4062,46;;4062,46;303,13;3759,33;
AMSTERDAM DOS SANTOS LIMA;COMPAJ FECHADO;CABO;ASSESSOR IV; ESTATUTARIO;4000,00;;4000,00;263,87;3736,13;
ANA BEATRIZ SANTOS DO CARMO;SEAP-COMISSIONADOS;CABO;GERENTE; ESTATUTARIO;4000,00;;4000,00;221,21;3778,79;
ANA CAROLINA MAIA DA SILVA;SEAP-COMISSIONADOS;SUBGERENTE;; CARGO COMISSION.S/VINCULO;3691,80;;3691,80;422,40;3269,40;
ANA CLAUDIA MACEDO ARAUJO SILVA;SEAP-EFETIVOS;PSI-II;; ESTATUTARIO;5597,92;;5597,92;908,82;4689,10;
ANA CRISTINA PEREIRA ABREU;SEAP-COMISSIONADOS;ASSESSOR III;NAO INFORMADO; CARGO COMISSION.S/VINCULO;2695,80;;2695,80;197,62;2498,18;
ANA SARAH TELES MONTEIRO MOREL;SEAP-COMISSIONADOS;OUVIDOR AD-1;; CARGO COMISSION.S/VINCULO;5729,77;;5729,77;986,40;4743,37;
ANDERSON ANGELIN DA SILVA;UNIDADE PRISIONAL PURAQUEQUARA;CABO;DIRETOR ADJUNTO DE U; ESTATUTARIO;3000,00;;3000,00;95,20;2904,80;
ANDRE LUIZ BARROS GIOIA;SEAP-COMISSIONADOS;TENENTE CORONEL;SECRETARIO EXECUTIVO; ESTATUTARIO;10689,38;331,86;10357,52;1978,96;8378,56;
ANDREA ALESSANDRA DE OLIVEIRA MELO;SEAP-EFETIVOS;A.TEC-II;; ESTATUTARIO;4141,46;;4141,46;328,12;3813,34;
ANDRESSON RENATO NASCIMENTO LEMOS;SEAP-COMISSIONADOS;SARGENTO 2;ASSESSOR II; ESTATUTARIO;4000,00;;4000,00;263,87;3736,13;
ANDRI GEOVANI ALVES DOS SANTOS;MUNICIPIO DE TABATINGA;ASSESSOR III;; CARGO COMISSION.S/VINCULO;2393,80;;2393,80;170,44;2223,36;
ANGELITA MARIA DA CONCEICAO S MUNIZ;HOSP.DE CUST.TRAT.PSIQUIATRICO;AUX.S.G-II;; ESTATUTARIO;3020,15;;3020,15;173,72;2846,43;
ANTONIO ABENONIZ GOMES;INSTIT.PENAL ANTONIO TRINDADE;A.TEC-II;; ESTATUTARIO;4141,46;;4141,46;229,38;3912,08;
ANTONIO CARLOS DE SOUZA;HOSP.DE CUST.TRAT.PSIQUIATRICO;AG.PEN-II;; ESTATUTARIO;4154,96;;4154,96;349,67;3805,29;
ANTONIO CARLOS LIRA DE FARIAS;CENT.DETEN PROV.MANAUS-CDPM II;AUX.HSP-I;; ESTATUTARIO;4059,83;;4059,83;154,46;3905,37;
ANTONIO CARLOS NUNES DA FONSECA;SEAP-EFETIVOS;MED-II;; ESTATUTARIO;4900,11;;4900,11;729,00;4171,11;
ANTONIO CARLOS SEIXAS DA SILVA;CASA DO ALBERGADO DE MANAUS;AG.PEN-I;; ESTATUTARIO;4417,08;;4417,08;401,05;4016,03;
ANTONIO CARNEIRO DA COSTA;COMPAJ SEMI ABERTO;AUX.S.G-I;; ESTATUTARIO;4086,06;;4086,06;281,51;3804,55;
ANTONIO ENRIQUES CORDEIRO;MUNICIPIO DE ITACOATIARA;DIRETOR DE UNIDADE PRISIONAL AD-1;; CARGO COMISSION.S/VINCULO;5729,77;;5729,77;986,40;4743,37;
ANTONIO GONCALVES DA SILVA;COMPAJ SEMI ABERTO;AUX.S.G-I;; ESTATUTARIO;5269,75;;5269,75;551,96;4717,79;
ANTONIO JORGE DE A SANTIAGO;UNID.PRIS.SEMIABERTO FEM-UPSF;AG.PEN-I;; ESTATUTARIO;4223,84;;4223,84;342,81;3881,03;
ANTONIO JORGE OLIVEIRA COSTA;CASA DO ALBERGADO DE MANAUS;AUX.S.G-I;; ESTATUTARIO;5747,44;;5747,44;544,54;5202,90;
ANTONIO JOSE BENIGNO DE OLIVEIRA;SEAP-INTERIOR;AUX.S.G-I;; ESTATUTARIO;4099,56;;4099,56;283,53;3816,03;
ANTONIO JOSE DE ASSIS;SEAP-EFETIVOS;CINEGRAFISTA 1A CLASSE;CINEGRAFISTA; ESTATUTARIO;4214,21;;4214,21;341,35;3872,86;
ANTONIO JOSE LEITE DE OLIVEIRA;SEAP-INTERIOR;AG.PEN-I;; ESTATUTARIO;4201,57;;4201,57;366,27;3835,30;
ANTONIO MARQUES DE OLIVEIRA;SEAP-EFETIVOS;AG.PEN-I;; ESTATUTARIO;4947,12;;4947,12;248,74;4698,38;
ANTONIO MENDONCA DA SILVA;CASA DO ALBERGADO DE MANAUS;AG.PEN-I;; ESTATUTARIO;4407,37;;4407,37;398,78;4008,59;
ARACI RIBEIRO MENEZES;SEAP-INTERIOR;A.TEC-I;CH SECAO ESTATISTICA; ESTATUTARIO;3396,70;;3396,70;220,82;3175,88;
ARIELA LOPES;CENT.DE DETEN.PROV.MANAUS-CDPM;A.TEC-III;AG ADMINISTRATIVO; ESTATUTARIO;5270,05;;5270,05;509,58;4760,47;
ARIOMAR FERMIN;SEAP-INTERIOR;AG.PEN-II;; ESTATUTARIO;4146,69;;4146,69;346,89;3799,80;
ARLISSON CHAVES PASSOS;SEC.EST.ADM.PENITENCIARIA;SARGENTO 2;ASSESSOR II; ESTATUTARIO;5999,99;;5999,99;597,31;5402,68;
ARMANDO CAJUEIRO GOMES;COMPAJ SEMI ABERTO;A.TEC-II;; ESTATUTARIO;4141,46;;4141,46;328,12;3813,34;
ARMANDO GARCIA QUEIROZ FILHO;CASA DO ALBERGADO DE MANAUS;A.TEC-I;; ESTATUTARIO;5435,47;;5435,47;612,36;4823,11;
ARNOLDO DA SILVA MENDONCA;SEAP-EFETIVOS;A.TEC-I;; ESTATUTARIO;4210,34;;4210,34;298,07;3912,27;
ARNOUD CRUZ DOS SANTOS;CENT.DETEN PROV.MANAUS-CDPM II;AG.PEN-II;; ESTATUTARIO;4146,69;;4146,69;290,01;3856,68;
ASSIS DA SILVA RIBEIRO;SEAP-INTERIOR;A.TEC-I;; ESTATUTARIO;4210,34;;4210,34;348,50;3861,84;
AUGUSTO CASTRO DOS SANTOS;CENT.DE DETEN.PROV.MANAUS-CDPM;CABO;GERENTE; ESTATUTARIO;3000,00;;3000,00;95,20;2904,80;
AURILENE MACHADO BEZERRA;SEAP-COMISSIONADOS;ASSESSOR III;ASSESSOR III AD-3; CARGO COMISSION.S/VINCULO;3691,80;;3691,80;422,40;3269,40;
BARBARA DO NASCIMENTO MARTINS;GABINETE DO SECRETARIO;ASSESSOR TECNICO;NAO INFORMADO; CARGO COMISSION.S/VINCULO;7500,00;;7500,00;1542,19;5957,81;
BERENICE GUEDES MONTEIRO;SEAP-EFETIVOS;A.TEC-I;; ESTATUTARIO;3933,32;;3933,32;391,11;3542,21;
BERGSON LUIZ NUNES BARBOSA LIMA;CASA DO ALBERGADO DE MANAUS;A.TEC-I;; ESTATUTARIO;4184,13;;4184,13;340,89;3843,24;
BOAVENTURA FERREIRA AVELINO;COMPAJ SEMI ABERTO;A.TEC-I;; ESTATUTARIO;4391,94;;4391,94;375,94;4016,00;
BRENO BARBOSA SOARES ALVES;SEAP-COMISSIONADOS;SUBGERENTE;SUBGERENTE; CARGO COMISSION.S/VINCULO;3691,80;;3691,80;422,40;3269,40;
BRUNO COLARES DOS REIS;SEAP-COMISSIONADOS;ASSESSOR II;NAO INFORMADO; CARGO COMISSION.S/VINCULO;4709,79;;4709,79;670,28;4039,51;
BRUNO LEONARDO MELO VIEIRA;SEAP-COMISSIONADOS;ASSESSOR II;NAO INFORMADO; CARGO COMISSION.S/VINCULO;4709,79;;4709,79;670,28;4039,51;
BRUNO PEREIRA REGIS;SEAP-COMISSIONADOS;CABO;ASSESSOR IV; ESTATUTARIO;3000,00;;3000,00;95,20;2904,80;
CAMILA VIEIRA BRANDAO;SEAP-COMISSIONADOS;ASSESSOR III;NAO INFORMADO; CARGO COMISSION.S/VINCULO;2695,80;;2695,80;197,62;2498,18;
CARLOS ALBERTO AZEVEDO MARINHO;MUNICIPIO DE PARINTINS;AG.PEN-II;DIR.ADJ.UNID.PRI AD1; ESTATUTARIO;4141,46;;4141,46;319,21;3822,25;
CARLOS ALBERTO FERNANDES DA SILVA;SEAP-EFETIVOS;AG.PEN-II;; ESTATUTARIO;4133,19;;4133,19;344,86;3788,33;
CARLOS AUGUSTO DUTRA CECILIO;SEAP-INTERIOR;AG.PEN-I;; ESTATUTARIO;6871,55;;6871,55;1058,73;5812,82;
CARLOS AUGUSTO MORAIS FAVACHO;MUNICIPIO DE TABATINGA;DIRETOR ADJUNTO DE UNID.PRISIONAL;NAO INFORMADO; CARGO COMISSION.S/VINCULO;3109,79;;3109,79;270,20;2839,59;
CARLOS HUMBERTO MENDES AROUCHE;SEAP-COMISSIONADOS;GERENTE;NAO INFORMADO; CARGO COMISSION.S/VINCULO;4709,79;;4709,79;670,28;4039,51;
CARLOS JOSE RIBEIRO LANHELLAS;CASA DO ALBERGADO DE MANAUS;AG.PEN-II;; ESTATUTARIO;5333,33;;5333,33;591,01;4742,32;
CARLOS ROBERTO FARIAS ALEIXO;CASA DO ALBERGADO DE MANAUS;AUX.O-I;; ESTATUTARIO;4333,96;;4333,96;354,31;3979,65;
CARLOS SERGIO MOTA DE CASTRO;SEAP-INTERIOR;FISCAL RODOVIARIO;; ESTATUTARIO;3477,54;;3477,54;218,07;3259,47;
CARLOS VITOR GARCIA BARBOSA;SEAP-COMISSIONADOS;ASSESSOR II;NAO INFORMADO; CARGO COMISSION.S/VINCULO;4709,79;;4709,79;670,28;4039,51;
CARLOS WILLIAMS TOBIAS DE SOUZA;SEAP-COMISSIONADOS;SARGENTO 2;ASSESSOR III; ESTATUTARIO;2400,00;;2400,00;;2400,00;
CECILIA DO ROSARIO DOS SANTOS SOUZA;UNID.PRIS.SEMIABERTO FEM-UPSF;AG.PEN-II;; ESTATUTARIO;4154,96;;4154,96;349,67;3805,29;
CELIA REGINA PARENTE ABREU;SEAP-COMISSIONADOS;ASSESSOR III;; CARGO COMISSION.S/VINCULO;3691,80;;3691,80;422,40;3269,40;
CELSO LUIZ DE SOUZA RIBEIRO CUNHA;SEAP-INTERIOR;AG.PEN-II;; ESTATUTARIO;4146,69;;4146,69;346,89;3799,80;
CINTHYA FEITOSA DE SOUZA;SEAP-COMISSIONADOS;ASSESSOR I;NAO INFORMADO; CARGO COMISSION.S/VINCULO;4729,77;;4729,77;676,15;4053,62;
CLAUDECI PIMENTEL DE SOUZA;SEAP-EFETIVOS;AUX.O-I;; ESTATUTARIO;3081,31;;3081,31;187,93;2893,38;
CLAUDESTONE SANTOS NASCIMENTO;CASA DO ALBERGADO DE MANAUS;MOT-II;; ESTATUTARIO;3786,24;;3786,24;347,45;3438,79;
CLAUDIOMAR DUARTE FREIRE;SEAP-EFETIVOS;AG.PEN-II;; ESTATUTARIO;4133,19;;4133,19;344,86;3788,33;
CLAUDIONORA DELGADO DO NASCIMENTO;SEAP-EFETIVOS;A.TEC-I;; ESTATUTARIO;4144,53;;4144,53;317,31;3827,22;
CLEA MARIA OLIVEIRA DE LIMA;SEAP-EFETIVOS;A.SOC-I;; ESTATUTARIO;5390,59;;5390,59;754,90;4635,69;
CLEDSON DE JESUS MACEDO;SEAP-COMISSIONADOS;GERENTE;NAO INFORMADO; CARGO COMISSION.S/VINCULO;4709,79;;4709,79;670,28;4039,51;
CLEDSON MARLON GUIMARAES DE AQUINO;CENT.DE DETEN.PROV.MANAUS-CDPM;DIRETOR ADJUNTO DE UNID.PRISIONAL;NAO INFORMADO; CARGO COMISSION.S/VINCULO;4709,79;;4709,79;564,09;4145,70;
CLEIDE PEREIRA FOLHADELA;SEAP-COMISSIONADOS;ASSESSOR II;ASSESSOR II AD-2; CARGO COMISSION.S/VINCULO;3709,79;;3709,79;426,78;3283,01;
CLEOMAR ANDRADE CONCEICAO;HOSP.DE CUST.TRAT.PSIQUIATRICO;A.TEC-I;; ESTATUTARIO;3802,40;;3802,40;288,94;3513,46;
CLODOALDO ARAUJO BARROS;SEAP-INTERIOR;AG.PEN-I;; ESTATUTARIO;4210,34;;4210,34;369,23;3841,11;
COEMA DE ARAUJO BASTOS;SEAP-EFETIVOS;A.TEC-II;; ESTATUTARIO;4141,46;;4141,46;328,12;3813,34;
CONSTANTINO CORNELIO DA COSTA;MUNICIPIO DE COARI;AUX.S.G-I;; ESTATUTARIO;5281,41;;5281,41;555,33;4726,08;
CRISTOVAO BRASIL DA SILVA;CASA DO ALBERGADO DE MANAUS;MARINHEIRO DE MAQUINAS;; ESTATUTARIO;3979,29;;3979,29;248,50;3730,79;
DANIEL CRUZ GOMES;CASA DO ALBERGADO DE MANAUS;A.TEC-I;; ESTATUTARIO;4217,14;;4217,14;321,71;3895,43;
DANIEL MARCELO BENVENUTTI DE SALES;SEAP-COMISSIONADOS;ASSESSOR I;NAO INFORMADO; CARGO COMISSION.S/VINCULO;5729,77;;5729,77;986,40;4743,37;
DANIELE MEDEIROS MENDES DANTAS;SEAP-COMISSIONADOS;ASSESSOR I;NAO INFORMADO; CARGO COMISSION.S/VINCULO;5729,77;;5729,77;986,40;4743,37;
DANIELE MOREIRA FIGUEIREDO;SEAP-COMISSIONADOS;SUBGERENTE;NAO INFORMADO; CARGO COMISSION.S/VINCULO;3691,80;;3691,80;422,40;3269,40;
DANIELLE BARBOSA REBOUCAS;SEAP-COMISSIONADOS;ASSISTENTE TECNICO PNM.ANM-III;ASSESSOR I; ESTATUTARIO;8664,51;;8664,51;1528,60;7135,91;
DEBORAH MENDES DA SILVA;SEAP-EFETIVOS;COZINHEIRO 3A CLASSE;; ESTATUTARIO;4057,62;;4057,62;296,01;3761,61;
DEIVISON GONCALVES DAS CHAGAS;MUNICIPIO DE HUMAITA;CABO;DIRETOR ADJUNTO DE U; ESTATUTARIO;3000,00;;3000,00;67,98;2932,02;
DELCIRA RODRIGUES DA COSTA E SILVA;SEAP-EFETIVOS;AUX.S.G-II;; ESTATUTARIO;4016,15;;4016,15;289,80;3726,35;
DENIS CAETANO GOMES CAVALCANTE;SEAP-COMISSIONADOS;ASSESSOR I;NAO INFORMADO; CARGO COMISSION.S/VINCULO;5729,77;;5729,77;986,40;4743,37;
DIATAI ANUTE DE LIMA CARIOCA;SEAP-COMISSIONADOS;GERENTE;NAO INFORMADO; CARGO COMISSION.S/VINCULO;4709,79;;4709,79;670,28;4039,51;
DILLANEY SILVA FABAR;INSTIT.PENAL ANTONIO TRINDADE;SARGENTO 2;DIRETOR ADJUNTO DE U; ESTATUTARIO;4000,00;;4000,00;263,87;3736,13;
DIONIZIO DA CRUZ GOMES;COMPAJ SEMI ABERTO;AG.PEN-I;; ESTATUTARIO;4223,84;;4223,84;371,25;3852,59;
DORALICY SOARES PEREIRA;UNID.PRIS.SEMIABERTO FEM-UPSF;A.TEC-I;; ESTATUTARIO;4210,34;;4210,34;320,06;3890,28;
DORGIVAL EPIFANIO RIBEIRO JUNIOR;CASA DO ALBERGADO DE MANAUS;ASSISTENTE TECNICO 3A CLASSE;; ESTATUTARIO;2788,28;;2788,28;149,48;2638,80;
DOUGLAS PONTES DE OLIVEIRA;SEAP-COMISSIONADOS;ASSESSOR IV;NAO INFORMADO; CARGO COMISSION.S/VINCULO;2679,61;;2679,61;196,16;2483,45;
DYEGO CORREA CASTELO BRANCO;UNIDADE PRISIONAL PURAQUEQUARA;DIRETOR ADJUNTO DE UNID.PRISIONAL;NAO INFORMADO; CARGO COMISSION.S/VINCULO;4709,79;;4709,79;670,28;4039,51;
EDER WILLIAN LISBOA SANTIAGO;SEAP-COMISSIONADOS;CABO;ASSESSOR II; ESTATUTARIO;5999,99;;5999,99;597,31;5402,68;
EDILSON BARBOSA REGO;SEAP-INTERIOR;A.OPE-I;; ESTATUTARIO;4291,84;;4291,84;367,08;3924,76;
EDMAR ELIAS JOSE;CASA DO ALBERGADO DE MANAUS;A.TEC-I;; ESTATUTARIO;4210,32;;4210,32;347,88;3862,44;
EDMILSON SARKIS MAIA;PESSOAL PROC.DE APOSENTADORIA;MED-I;; ESTATUTARIO;4557,88;;4557,88;777,95;3779,93;
EDSON ANAZILDO ARAUJO FONTES;HOSP.DE CUST.TRAT.PSIQUIATRICO;ASSISTENTE TECNICO 3A CLASSE;GERENTE AD-2; ESTATUTARIO;4095,02;;4095,02;283,89;3811,13;
EDSON NOGUEIRA DE ARAUJO;SEAP-INTERIOR;AG.PEN-I;; ESTATUTARIO;4417,08;;4417,08;401,05;4016,03;
EDUARDO TELES DOS SANTOS COSTA;SEAP-COMISSIONADOS;SOLDADO;ASSESSOR II; ESTATUTARIO;3000,00;;3000,00;95,20;2904,80;
ELANE RODRIGUES SOARES;SEAP-EFETIVOS;AUX.HSP-II;; ESTATUTARIO;4678,81;;4678,81;485,60;4193,21;
ELDA PACHECO DA SILVA;SEAP-COMISSIONADOS;GERENTE;GERENTE AD-2; CARGO COMISSION.S/VINCULO;4709,79;;4709,79;670,28;4039,51;
ELDMAR DE OLIVEIRA LIMA;SEAP-COMISSIONADOS;SARGENTO 2;ASSESSOR III; ESTATUTARIO;3000,00;;3000,00;95,20;2904,80;
ELIANE ANDRADE MARTINS;SEAP-COMISSIONADOS;ASSESSOR I;NAO INFORMADO; CARGO COMISSION.S/VINCULO;5729,77;;5729,77;986,40;4743,37;
ELIANE COSTA CASTRO DE OLIVEIRA;SEAP-EFETIVOS;A.TEC-III;AGENTE ADMINISTRAT.; ESTATUTARIO;1350,19;;1350,19;148,52;1201,67;
ELIONEI PASSOS DE OLIVEIRA;PENITENCIARIA FEMIN.DE MANAUS;DIRETOR ADJUNTO DE UNID.PRISIONAL;; CARGO COMISSION.S/VINCULO;4709,79;;4709,79;670,28;4039,51;
ELISANA PENEDO DA SILVA;MUNICIPIO DE TABATINGA;ASSESSOR III;NAO INFORMADO; CARGO COMISSION.S/VINCULO;3025,07;;3025,07;256,79;2768,28;
ELISANDRO FERREIRA DE ARAUJO;SEAP-COMISSIONADOS;GERENTE;; CARGO COMISSION.S/VINCULO;3709,79;;3709,79;426,78;3283,01;
ELISANGELA PATRICIA F PICANCO;SEAP-COMISSIONADOS;SECRETARIO DE CONSELHO;NAO INFORMADO; CARGO COMISSION.S/VINCULO;3290,21;;3290,21;280,88;3009,33;
EMERSON TIZATTO;COMPAJ SEMI ABERTO;TENENTE 2;DIRETOR DE UNIDADE P; ESTATUTARIO;5000,00;;5000,00;403,55;4596,45;
EPITACIO SIQUEIRA DE PAIVA;UNID.PRIS.SEMIABERTO FEM-UPSF;AG.PEN-II;; ESTATUTARIO;5357,75;;5357,75;598,46;4759,29;
ERIVAN CARLOS DE SOUZA;CASA DO ALBERGADO DE MANAUS;AG.PEN-II;; ESTATUTARIO;4133,19;;4133,19;344,86;3788,33;
ERIVAN MILLER DA SILVA;CENT.DE DETEN.PROV.MANAUS-CDPM;SARGENTO 2;DIRETOR DE UNIDADE P; ESTATUTARIO;5000,00;;5000,00;505,64;4494,36;
ERNANDES PERES FERNANDES JUNIOR;MUNICIPIO DE HUMAITA;A.TEC-II;; ESTATUTARIO;4154,96;;4154,96;297,69;3857,27;
ESDRAS FABRICIO MARINHO KOIDE;MUNICIPIO DE MAUES;DIRETOR ADJUNTO DE UNID.PRISIONAL;NAO INFORMADO; CARGO COMISSION.S/VINCULO;3109,79;;3109,79;594,67;2515,12;
EURICA BRAGA BAIMA;SEAP-COMISSIONADOS;GERENTE;NAO INFORMADO; CARGO COMISSION.S/VINCULO;4709,79;;4709,79;670,28;4039,51;
EVANDRO DA SILVA ARAUJO;PENITENCIARIA FEMIN.DE MANAUS;ASSESSOR IV;NAO INFORMADO; CARGO COMISSION.S/VINCULO;3675,61;;3675,61;418,48;3257,13;
FABIANO FERREIRA DA SILVA;SEAP-INTERIOR;AUX.HSP-I;; ESTATUTARIO;4046,40;;4046,40;305,41;3740,99;
FELIPE DA SILVA ABREU;CENT.DETEN PROV.MANAUS-CDPM II;CABO;DIRETOR ADJUNTO DE U; ESTATUTARIO;4000,00;;4000,00;221,21;3778,79;
FELIPHE BARROS NASCIMENTO;SEAP-COMISSIONADOS;ASSESSOR II;NAO INFORMADO; CARGO COMISSION.S/VINCULO;4709,79;;4709,79;670,28;4039,51;
FELIPPE DE LUCENA VERAS;SEAP-COMISSIONADOS;SOLDADO;GERENTE AD-2; ESTATUTARIO;4000,00;;4000,00;263,87;3736,13;
FERNANDA DE LIMA TEIXEIRA;SEAP-COMISSIONADOS;ASSESSOR I;NAO INFORMADO; CARGO COMISSION.S/VINCULO;5729,77;;5729,77;986,40;4743,37;
FERNANDA DO SOCORRO C FERNANDES;SEAP-COMISSIONADOS;SUBGERENTE;NAO INFORMADO; CARGO COMISSION.S/VINCULO;3691,80;;3691,80;422,40;3269,40;
FLAVIA TEREZA MATOS RODRIGUES;SEAP-EFETIVOS;A.TEC-I;CHEF.DE SEC.PESSOAL; ESTATUTARIO;4392,70;;4392,70;376,67;4016,03;
FRANCIMARY TELES DE FRANCA GRATELI;COMPAJ SEMI ABERTO;ASSESSOR IV;NAO INFORMADO; CARGO COMISSION.S/VINCULO;3675,61;;3675,61;418,48;3257,13;
FRANCISCA CHRISTINA MAGLIONE G CRUZ;SEAP-EFETIVOS;AUX.ADM-I;; ESTATUTARIO;2288,06;;2288,06;174,35;2113,71;
FRANCISCA DE ASSIS LIMA MARAES;COMPAJ SEMI ABERTO;COZINHEIRO;; ESTATUTARIO;3198,31;;3198,31;186,77;3011,54;
FRANCISCO CAMURCA BEZERRA NETO;SEAP-COMISSIONADOS;CAPITAO;CHEFE DE DEPARTAMENT; ESTATUTARIO;5000,00;;5000,00;453,50;4546,50;
FRANCISCO CARLOS MARTINS LEDO;UNID.PRIS.SEMIABERTO FEM-UPSF;AG.PEN-II;; ESTATUTARIO;4146,69;;4146,69;318,45;3828,24;
FRANCISCO CORREA DUARTE;SEAP-INTERIOR;A.TEC-I;; ESTATUTARIO;4227,83;;4227,83;352,76;3875,07;
FRANCISCO JANIO DE AGUIAR;CASA DO ALBERGADO DE MANAUS;CENOTECNICO;CENOTECNICO; ESTATUTARIO;4192,74;;4192,74;334,86;3857,88;
FRANCISCO JORGE DE AMORIM DIAS;CASA DO ALBERGADO DE MANAUS;A.TEC-I;; ESTATUTARIO;4923,83;;4923,83;560,27;4363,56;
FRANCISCO MARQUES DE OLIVEIRA;CASA DO ALBERGADO DE MANAUS;AUX.O-I;; ESTATUTARIO;3081,31;;3081,31;187,93;2893,38;
FRANCISCO MOISES CAVALCANTE DANTAS;PENITENCIARIA FEMIN.DE MANAUS;CABO;DIRETOR ADJUNTO AD2; ESTATUTARIO;4000,00;;4000,00;188,32;3811,68;
FRANCISCO MOISES CAVALCANTE DANTAS;CONSELHO PENITENCIARIO;MEMBRO DE CONSELHO;; CONSELHO;429,20;;429,20;;429,20;
FRANCISCO MOREIRA FILHO;SEAP-INTERIOR;A.OPE-I;; ESTATUTARIO;5269,28;;5269,28;712,37;4556,91;
FRANCISCO RAIMUNDO VALENTE FERREIRA;CASA DO ALBERGADO DE MANAUS;MOT-I;; ESTATUTARIO;3323,90;;3323,90;230,81;3093,09;
FRANCISCO SOARES DE SOUZA FILHO;COMPAJ SEMI ABERTO;AUX.O-I;; ESTATUTARIO;4320,46;;4320,46;352,28;3968,18;
FRANCISCO VALBERTO DA S M JUNIOR;SEAP-COMISSIONADOS;ASSESSOR III;ASSESSOR III; CARGO COMISSION.S/VINCULO;3091,80;;3091,80;762,17;2329,63;
FRANK JUNIOR MENEZES DO N FILHO;SEAP-COMISSIONADOS;ASSESSOR TECNICO;ASSESSOR TECNICO; CARGO COMISSION.S/VINCULO;7500,00;;7500,00;1542,19;5957,81;
FRANKLIN SOUZA DE OLIVEIRA;SEAP-COMISSIONADOS;SARGENTO 2;SUBGERENTE; ESTATUTARIO;3000,00;;3000,00;53,76;2946,24;
GERALDO RICARDO PEREIRA;SEAP-EFETIVOS;MOT-I;; ESTATUTARIO;3737,39;;3737,39;252,70;3484,69;
GERUSA DE ARAUJO SILVA;UNID.PRIS.SEMIABERTO FEM-UPSF;A.TEC-II;; ESTATUTARIO;3550,20;;3550,20;240,25;3309,95;
GETULIO VARGAS FILHO;SEAP-COMISSIONADOS;CABO;SUBGERENTE; ESTATUTARIO;3000,00;;3000,00;95,20;2904,80;
GIBSON ALVES DOS SANTOS;SEAP-EFETIVOS;PSI-II;; ESTATUTARIO;3050,49;;3050,49;395,35;2655,14;
GILBERTO DA GRACA BANDEIRA;SEAP-EFETIVOS;AG.PEN-I;; ESTATUTARIO;4338,37;;4338,37;325,99;4012,38;
GILBERTO NASCIMENTO RIBEIRO;CASA DO ALBERGADO DE MANAUS;AUX.O-I;; ESTATUTARIO;3477,31;;3477,31;217,81;3259,50;
GINO EDUARDO RANCIARO;CENTRO DE DET.PROV.FEMIN.-CDPF;DIRETOR ADJ.DE UNID.PRISIONAL AD-2;; CARGO COMISSION.S/VINCULO;4709,79;;4709,79;670,28;4039,51;
GLEUSOM GOMES STECKEL;SEAP-COMISSIONADOS;GERENTE;; CARGO COMISSION.S/VINCULO;4709,79;;4709,79;670,28;4039,51;
HELDER SABELI MATOS;SEAP-COMISSIONADOS;ASSESSOR II;NAO INFORMADO; CARGO COMISSION.S/VINCULO;4709,79;;4709,79;670,28;4039,51;
HELIO MUNIZ VIEIRA;SEAP-COMISSIONADOS;ASSESSOR III;NAO INFORMADO; CARGO COMISSION.S/VINCULO;3691,80;;3691,80;422,40;3269,40;
HELIOMIRO THOME DE SOUZA;CASA DO ALBERGADO DE MANAUS;AG.PEN-I;; ESTATUTARIO;4430,58;;4430,58;403,08;4027,50;
HERBERT DE ALMEIDA TELES;SEAP-EFETIVOS;ASSISTENTE TECNICO 2A CLASSE;; ESTATUTARIO;4086,28;;4086,28;207,56;3878,72;
HERMES ALBERTO UGARTE JUNIOR;SEAP-EFETIVOS;AG.PEN-II;; ESTATUTARIO;2205,84;;2205,84;181,98;2023,86;
HEVERSON BARROS DO NASCIMENTO;SEAP-COMISSIONADOS;ASSESSOR III;NAO INFORMADO; CARGO COMISSION.S/VINCULO;3691,80;;3691,80;422,40;3269,40;
HUGO ALBERTO DE OLIVEIRA QUEIROZ;SEAP-COMISSIONADOS;ASSESSOR II;NAO INFORMADO; CARGO COMISSION.S/VINCULO;6279,71;;6279,71;1121,87;5157,84;
INGRID SALES DA COSTA;SEAP-COMISSIONADOS;ASSESSOR II;NAO INFORMADO; CARGO COMISSION.S/VINCULO;3709,79;;3709,79;426,78;3283,01;
IONE TEIXEIRA FILGUEIRAS;UNID.PRIS.SEMIABERTO FEM-UPSF;SUBGERENTE;; CARGO COMISSION.S/VINCULO;3691,80;;3691,80;422,40;3269,40;
IRIS TANARA LITAIFF DE SAO P AGUIAR;SEAP-COMISSIONADOS;ASSESSOR II;; CARGO COMISSION.S/VINCULO;4709,79;;4709,79;670,28;4039,51;
IRNE DE SOUZA DUTRA;UNID.PRIS.SEMIABERTO FEM-UPSF;AG.PEN-I;; ESTATUTARIO;4407,37;;4407,37;398,78;4008,59;
ITELVINA RIBEIRO BARREIROS;HOSP.DE CUST.TRAT.PSIQUIATRICO;AUX.HSP-II;; ESTATUTARIO;2909,11;;2909,11;180,21;2728,90;
IURI BRUCO DE MELO;HOSP.DE CUST.TRAT.PSIQUIATRICO;AG.PEN-II;GERENTE AD 2; ESTATUTARIO;4146,69;;4146,69;346,89;3799,80;
IVAN DA SILVA CORREA;SEAP-COMISSIONADOS;ASSESSOR I;ASSESSOR I; CARGO COMISSION.S/VINCULO;6729,77;;6729,77;1330,38;5399,39;
IVAN LOPES DE SOUZA;UNID.PRIS.SEMIABERTO FEM-UPSF;A.TEC-I;; ESTATUTARIO;4415,90;;4415,90;324,09;4091,81;
JAIME MOURAO DE CARVALHO;COMPAJ SEMI ABERTO;AUX.S.G-I;; ESTATUTARIO;4086,06;;4086,06;281,51;3804,55;
JEAN CARLO SILVA DE OLIVEIRA;CENT.DETEN PROV.MANAUS-CDPM II;DIRETOR DE UNIDADE PRISIONAL AD-1;; CARGO COMISSION.S/VINCULO;5729,77;;5729,77;986,40;4743,37;
JESSICA MACENA AMARAL;CENT.DE DETEN.PROV.MANAUS-CDPM;DIRETOR DE UNIDADE PRISIONAL;DIR.UNIDADE AD1; CARGO COMISSION.S/VINCULO;5729,77;;5729,77;986,40;4743,37;
JOÃO VICTOR DE SOUZA MARTINS SANTOS;SEAP-COMISSIONADOS;SUBGERENTE;NAO INFORMADO; CARGO COMISSION.S/VINCULO;3691,80;;3691,80;422,40;3269,40;
JOAN CANDIDO MATOS;PENITENCIARIA FEMIN.DE MANAUS;SARGENTO 3;ASSESSOR III; ESTATUTARIO;3000,00;;3000,00;67,98;2932,02;
JOAO BOSCO DAS CHAGAS PAULAIN;MUNICIPIO DE PARINTINS;AG.PEN-I;DIR.UND.PRIS. AD-1; ESTATUTARIO;4192,87;;4192,87;363,34;3829,53;
JOAO BRITO DE SOUZA;CASA DO ALBERGADO DE MANAUS;A.TEC-II;; ESTATUTARIO;4141,46;;4141,46;328,12;3813,34;
JOAO KENNEDY PEREIRA BARBOSA;SEAP-EFETIVOS;MOT-I;; ESTATUTARIO;4328,64;;4328,64;369,01;3959,63;
JOAO PEDRO TAVARES GATO;CASA DO ALBERGADO DE MANAUS;MOT-II;; ESTATUTARIO;5503,88;;5503,88;625,53;4878,35;
JONAS NASCIMENTO DA SILVA;SEAP-COMISSIONADOS;SARGENTO 3;ASSESSOR III AD-3; ESTATUTARIO;3000,00;;3000,00;67,98;2932,02;
JONAS PEREIRA NUNES;SEAP-EFETIVOS;ASSISTENTE TECNICO GOVERNAMENTAL;; ESTATUTARIO;1350,19;;1350,19;148,52;1201,67;
JORGE ALBERTO DA SILVA;CASA DO ALBERGADO DE MANAUS;A.TEC-I;; ESTATUTARIO;4402,40;;4402,40;378,94;4023,46;
JORGE ROBERTO PEREIRA RIBEIRO;COMPAJ SEMI ABERTO;MECANICO;; ESTATUTARIO;2163,81;;2163,81;127,30;2036,51;
JOSE AUGUSTO DO VALLE SILVA;COMPAJ SEMI ABERTO;A.OPE-I;ASSIST.TEC.3º CLASSE; ESTATUTARIO;2743,83;;2743,83;14,59;2729,24;
JOSE BALDUINO DOS SANTOS PEREIRA;HOSP.DE CUST.TRAT.PSIQUIATRICO;A.TEC-I;; ESTATUTARIO;4232,59;;4232,59;352,66;3879,93;
JOSE DIVINO PEREZ ATAIDE;SEAP-EFETIVOS;AG.PEN-I;; ESTATUTARIO;4430,58;;4430,58;374,64;4055,94;
JOSE EMERSON PIRES BINDA;SEAP-COMISSIONADOS;ASSESSOR IV;NAO INFORMADO; CARGO COMISSION.S/VINCULO;3075,61;;3075,61;264,79;2810,82;
JOSE FRANCISCO CATIVO REGIS;CASA DO ALBERGADO DE MANAUS;AG.PEN-II;; ESTATUTARIO;4133,19;;4133,19;316,42;3816,77;
JOSE GAMA DE ALBUQUERQUE;CASA DO ALBERGADO DE MANAUS;TNS-I;; ESTATUTARIO;6625,68;;6625,68;1071,43;5554,25;
JOSE HENRIQUE DA CRUZ GLORIA;HOSP.DE CUST.TRAT.PSIQUIATRICO;AUX.HSP-I;; ESTATUTARIO;3486,06;;3486,06;226,86;3259,20;
JOSE LAZARO BEZERRA CAMPELO;CASA DO ALBERGADO DE MANAUS;DIRETOR DE UNIDADE PRISIONAL AD-1;DIR. UNID.PRIS. AD-1; CARGO COMISSION.S/VINCULO;5729,77;;5729,77;986,40;4743,37;
JOSE LUIS DA SILVA OLIVEIRA;CASA DO ALBERGADO DE MANAUS;A.TEC-I;; ESTATUTARIO;4175,73;;4175,73;337,64;3838,09;
JOSE LUIZ HONORATO DE OLIVEIRA;MUNICIPIO DE ITACOATIARA;AG.PEN-I;; ESTATUTARIO;4407,37;;4407,37;398,78;4008,59;
JOSE MILTON DE ANDRADE TORRES;SEAP-COMISSIONADOS;SOLDADO;SUBGERENTE AD-3; ESTATUTARIO;3000,00;;3000,00;95,20;2904,80;
JOSE PEDRO BARBOSA DOS SANTOS;SEAP-INTERIOR;AG.PEN-I;; ESTATUTARIO;4210,34;;4210,34;369,23;3841,11;
JOSE RAIMUNDO CATIVO REGIS;CASA DO ALBERGADO DE MANAUS;MOT-II;; ESTATUTARIO;3256,91;;3256,91;201,36;3055,55;
JOSE RIBAMAR MAIA BEZERRA;CASA DO ALBERGADO DE MANAUS;A.TEC-I;; ESTATUTARIO;4295,83;;4295,83;369,32;3926,51;
JOSE RIBAMAR MARTE DE MELO;SEAP-EFETIVOS;ARTIFICE;; ESTATUTARIO;3379,29;;3379,29;192,68;3186,61;
JOSE SIQUEIRA DE LIMA;CASA DO ALBERGADO DE MANAUS;AG.PEN-II;; ESTATUTARIO;4133,19;;4133,19;344,86;3788,33;
JOSE TADEU DE NAZARE REBELO;UNID.PRIS.SEMIABERTO FEM-UPSF;A.TEC-I;; ESTATUTARIO;4415,90;;4415,90;380,97;4034,93;
JOSELICE CAVALCANTE CARDOSO;SEAP-COMISSIONADOS;SUBGERENTE;SUBGERENTE AD-3; CARGO COMISSION.S/VINCULO;3691,80;;3691,80;422,40;3269,40;
JOSENIR DA SILVA ARAUJO;SEAP-EFETIVOS;A.OPE-I;; ESTATUTARIO;4210,34;;4210,34;348,50;3861,84;
JOSSE DOS SANTOS NASCIMENTO;SEAP-COMISSIONADOS;ASSESSOR I;NAO INFORMADO; CARGO COMISSION.S/VINCULO;5729,77;;5729,77;986,40;4743,37;
JOVINIANO DA SILVEIRA CUNHA;UNID.PRIS.SEMIABERTO FEM-UPSF;AG.PEN-II;; ESTATUTARIO;4146,69;;4146,69;346,89;3799,80;
JOYCIMIRLA DA CUNHA FREITAS;SEAP-COMISSIONADOS;SUBGERENTE;NAO INFORMADO; CARGO COMISSION.S/VINCULO;3691,80;;3691,80;422,40;3269,40;
JULIANA BERTUCCELLI DA SILVA MOURA;SEAP-COMISSIONADOS;SUBGERENTE;; CARGO COMISSION.S/VINCULO;3091,80;;3091,80;267,35;2824,45;
JULIO CEZAR DA SILVA FERNANDES;SEAP-INTERIOR;AG.PEN-II;; ESTATUTARIO;4633,19;;4633,19;344,86;4288,33;
KAREN DUARTE NAVEGANTE;SEAP-COMISSIONADOS;ASSESSOR II;NAO INFORMADO; CARGO COMISSION.S/VINCULO;4709,79;;4709,79;670,28;4039,51;
KARLA ALEXANDRA DE SOUZA COELHO;SEAP-COMISSIONADOS;ASSESSOR III;NAO INFORMADO; CARGO COMISSION.S/VINCULO;3691,80;;3691,80;422,40;3269,40;
KARLA LAYSE DANTAS ROCHA;SEAP-COMISSIONADOS;ASSESSOR II;NAO INFORMADO; CARGO COMISSION.S/VINCULO;3709,79;;3709,79;426,78;3283,01;
KARLA MARIA MARTINS LEDO;SEAP-INTERIOR;AG.PEN-I;; ESTATUTARIO;4210,34;;4210,34;369,23;3841,11;
KECIA VASCONCELOS DE O MARTINS;SEAP-COMISSIONADOS;ASSESSOR II;NAO INFORMADO; CARGO COMISSION.S/VINCULO;3909,79;;3909,79;968,76;2941,03;
KEILA AMORIM DA GRACA;SEAP-EFETIVOS;AUX.S.G-II;; ESTATUTARIO;3416,15;;3416,15;203,42;3212,73;
KEYLA MARIA PINHEIRO PRADO;SEAP-COMISSIONADOS;CHEFE DE DEPARTAMENTO;NAO INFORMADO; CARGO COMISSION.S/VINCULO;5729,77;;5729,77;986,40;4743,37;
LAERCIO ESTUMANO DA SILVA;SEAP-COMISSIONADOS;SUB-TENENTE;ASSESSOR I; ESTATUTARIO;5000,00;;5000,00;453,50;4546,50;
LEANDRO CASTRO PEREIRA;SEAP-COMISSIONADOS;CABO;ASSESSOR III AD-3; ESTATUTARIO;3000,00;;3000,00;95,20;2904,80;
LEANDRO SOUZA DE LIMA;SEAP-COMISSIONADOS;ASSESSOR II;NAO INFORMADO; CARGO COMISSION.S/VINCULO;6279,71;;6279,71;1121,87;5157,84;
LECI DE SOUZA OLIVEIRA;SEAP-COMISSIONADOS;SARGENTO 2;ASSESSOR II; ESTATUTARIO;4000,00;;4000,00;221,21;3778,79;
LEONILDO BELEM DOS SANTOS;SEAP-INTERIOR;AG.PEN-I;; ESTATUTARIO;4210,34;;4210,34;369,23;3841,11;
LEONILDO FRAGOSO DE OLIVEIRA;MUNICIPIO DE TEFE;DIRETOR DE UNIDADE PRISIONAL;; CARGO COMISSION.S/VINCULO;5729,77;;5729,77;986,40;4743,37;
LIDIANE DE ALMEIDA ALVES;SEAP-COMISSIONADOS;GERENTE;NAO INFORMADO; CARGO COMISSION.S/VINCULO;3709,79;;3709,79;426,78;3283,01;
LILIAN REJANE NEGREIROS GUIMARAES;SEAP-COMISSIONADOS;ASSESSOR II;; CARGO COMISSION.S/VINCULO;4709,79;;4709,79;670,28;4039,51;
LINCON BATISTA DE OLIVEIRA;MUNICIPIO DE PARINTINS;SUBGERENTE;NAO INFORMADO; CARGO COMISSION.S/VINCULO;2695,80;;2695,80;197,62;2498,18;
LINDALVA MARTINS MOREIRA TRINDADE M;SEAP-EFETIVOS;TNS-I;; ESTATUTARIO;6776,01;;6776,01;1286,95;5489,06;
LOURIVAL DA SILVA SOUZA;UNID.PRIS.SEMIABERTO FEM-UPSF;A.TEC-I;; ESTATUTARIO;4491,38;;4491,38;403,02;4088,36;
LUANA MARTINS LISBOA FADEL;SEAP-COMISSIONADOS;SUBGERENTE;NAO INFORMADO; CARGO COMISSION.S/VINCULO;4043,68;;4043,68;447,21;3596,47;
LUCIANA OLIVEIRA DO VALE;COMPAJ FECHADO;ASSESSOR II;; CARGO COMISSION.S/VINCULO;3709,79;;3709,79;426,78;3283,01;
LUCIANE COSTA DA SILVA;SEAP-COMISSIONADOS;GERENTE;NAO INFORMADO; CARGO COMISSION.S/VINCULO;4709,79;;4709,79;670,28;4039,51;
LUCIO DE HOLANDA BRAGA CAMPELO;SEAP-EFETIVOS;TOPOGRAFO 3A CLASSE;; ESTATUTARIO;4163,02;;4163,02;328,89;3834,13;
LUIS ALBERTO SILVA DE MEDEIROS;MUNICIPIO DE PARINTINS;ASSISTENTE TECNICO A;; ESTATUTARIO;4077,54;;4077,54;308,07;3769,47;
LUIS ANAZILDO NASCIMENTO LIMA;SEAP-EFETIVOS;A.TEC-I;; ESTATUTARIO;4210,34;;4210,34;320,06;3890,28;
LUIS GONZAGA MONTEIRO RODRIGUES;CASA DO ALBERGADO DE MANAUS;AG.PEN-I;; ESTATUTARIO;4223,84;;4223,84;342,81;3881,03;
LUIZ CARLOS ANTONINA DA COSTA;CASA DO ALBERGADO DE MANAUS;A.TEC-II;; ESTATUTARIO;3641,46;;3641,46;240,16;3401,30;
LUIZ CARLOS BEZERRA DE OLIVEIRA;COMPAJ SEMI ABERTO;AUX.S.G-I;; ESTATUTARIO;4254,69;;4254,69;336,87;3917,82;
LUIZ CARLOS CARVALHO MATELINS;CENT.DE DETEN.PROV.MANAUS-CDPM;AG.PEN-II;; ESTATUTARIO;4133,19;;4133,19;316,42;3816,77;
LUIZ NAZARENO MIRANDA CHAVES;SEAP-COMISSIONADOS;GERENTE;NAO INFORMADO; CARGO COMISSION.S/VINCULO;4709,79;;4709,79;670,28;4039,51;
MAGNO RAPOSO LARANJEIRA;COMPAJ FECHADO;CABO;ASSESSOR III; ESTATUTARIO;3000,00;;3000,00;95,20;2904,80;
MANOEL COELHO SA;MUNICIPIO DE TABATINGA;ASSESSOR III;ASSESSOR III AD-3; CARGO COMISSION.S/VINCULO;2393,80;;2393,80;170,44;2223,36;
MANOEL LOPES DE VASCONCELOS FILHO;UNID.PRIS.SEMIABERTO FEM-UPSF;A.TEC-I;; ESTATUTARIO;4223,84;;4223,84;350,52;3873,32;
MANOEL LUIZ DE CASTRO PERDIGAO;SEAP-EFETIVOS;A.TEC-I;; ESTATUTARIO;4210,34;;4210,34;348,50;3861,84;
MANOEL TAVARES DOS SANTOS;COMPAJ SEMI ABERTO;AG.PEN-I;; ESTATUTARIO;4232,59;;4232,59;373,38;3859,21;
MARCEL AMORIM BORGES;MUNICIPIO DE ITACOATIARA;CABO;DIRT.ADJ.UNID.AD-2; ESTATUTARIO;4000,00;;4000,00;159,88;3840,12;
MARCELO ANDRE DE FREITAS BICHARRA;SEAP-COMISSIONADOS;SARGENTO 1;ASSESSOR III; ESTATUTARIO;3000,00;;3000,00;95,20;2904,80;
MARCELO RAMOS PEREIRA;COMPAJ FECHADO;SOLDADO;DIRETOR ADJUNTO DE U; ESTATUTARIO;4000,00;;4000,00;263,87;3736,13;
MARCIA MARTINS SOARES;SEAP-EFETIVOS;AG.PEN-I;; ESTATUTARIO;5644,15;;5644,15;688,13;4956,02;
MARCILEIDE SILVA DE MELO;SEAP-COMISSIONADOS;ASSESSOR II;ASSESSOR II; CARGO COMISSION.S/VINCULO;3709,79;;3709,79;426,78;3283,01;
MARCILENE DUTRA SINIMBU;SEAP-EFETIVOS;AUXILIAR ADMINISTRATIVO;AUX. ADMINISTRATIVO; ESTATUTARIO;5115,75;;5115,75;506,56;4609,19;
MARCILENE MORAES SILVA;SEAP-COMISSIONADOS;CAPITAO;CHEFE DE GABINETE; ESTATUTARIO;5000,00;;5000,00;505,64;4494,36;
MARCIO ANDRE ARAUJO PINHO;INSTIT.PENAL ANTONIO TRINDADE;SARGENTO 3;DIR. UNID. PRIS.AD-1; ESTATUTARIO;6666,67;;6666,67;911,84;5754,83;
MARCIO CALDAS DA SILVA;SEAP-COMISSIONADOS;SOLDADO;SUBGERENTE AD-3; ESTATUTARIO;3000,00;;3000,00;53,76;2946,24;
MARCIO ROBERTO PEREIRA MENDES;SEC.EST.ADM.PENITENCIARIA;SARGENTO 3;ASSESSOR III; ESTATUTARIO;3616,66;;3616,66;81,76;3534,90;
MARCIO SATURNINO MARICAUA;INSTIT.PENAL ANTONIO TRINDADE;SUB-TENENTE;ASSESSOR III; ESTATUTARIO;3000,00;;3000,00;39,54;2960,46;
MARCOS ANTONIO ASSUNCAO LIMA;CASA DO ALBERGADO DE MANAUS;AG.PEN-II;; ESTATUTARIO;4155,43;;4155,43;349,01;3806,42;
MARCOS GARCIA DE MORAES;CASA DO ALBERGADO DE MANAUS;ASSISTENTE TECNICO GOVERNAMENTAL;; ESTATUTARIO;4091,04;;4091,04;281,66;3809,38;
MARCOS JORGE DE OLIVEIRA E SILVA;HOSP.DE CUST.TRAT.PSIQUIATRICO;AUX.O-I;DIRETOR DE UNIDADE P; ESTATUTARIO;9220,39;;9220,39;1937,57;7282,82;
MARCOS ROGERIO DA SILVA;CASA DO ALBERGADO DE MANAUS;AG.PEN-II;GERENTE AD-2; ESTATUTARIO;4146,69;;4146,69;290,01;3856,68;
MARCUS DE ARAUJO COSTA;CASA DO ALBERGADO DE MANAUS;A.TEC-I;; ESTATUTARIO;4223,84;;4223,84;350,52;3873,32;
MARCUS VINICIUS OLIVEIRA DE ALMEIDA;SEAP-COMISSIONADOS;TENENTE CORONEL;SECRETARIO DE ESTADO; ESTATUTARIO;23851,00;7809,27;16041,73;3542,12;12499,61;
MARIA DAS GRACAS MENDONCA FERREIRA;UNID.PRIS.SEMIABERTO FEM-UPSF;AG.PEN-I;; ESTATUTARIO;4417,08;;4417,08;401,05;4016,03;
MARIA DE FATIMA CRUZ GONCALVES;SEAP-EFETIVOS;A.TEC-I;; ESTATUTARIO;3285,55;;3285,55;233,06;3052,49;
MARIA DE FATIMA LIMA DA SILVA;SEAP-EFETIVOS;ASSISTENTE TECNICO 3A CLASSE;; ESTATUTARIO;4315,37;;4315,37;322,83;3992,54;
MARIA DE LOURDES FERREIRA;UNID.PRIS.SEMIABERTO FEM-UPSF;A.TEC-I;; ESTATUTARIO;4392,70;;4392,70;376,67;4016,03;
MARIA DE NAZARE SARAIVA ALCANTARA;CONSELHO PENITENCIARIO;MEMBRO DE CONSELHO;; CONSELHO;429,20;;429,20;;429,20;
MARIA DO PERPETUO SOCORRO S UCHOA;SEAP-EFETIVOS;A.OPE-I;; ESTATUTARIO;2912,34;;2912,34;197,82;2714,52;
MARIA DO SOCORRO FREITAS P SOUZA;CENTRO DE DET.PROV.FEMIN.-CDPF;DIRETOR DE UNIDADE PRISIONAL AD-1;; CARGO COMISSION.S/VINCULO;5729,77;;5729,77;986,40;4743,37;
MARIA ELZA DA SILVA RAPOZO;UNID.PRIS.SEMIABERTO FEM-UPSF;A.TEC-I;; ESTATUTARIO;5048,98;;5048,98;572,34;4476,64;
MARIA FERNANDA DANTAS DE SOUSA;PENITENCIARIA FEMIN.DE MANAUS;ASSISTENTE TECNICO GOVERNAMENTAL;; ESTATUTARIO;3259,18;;3259,18;204,19;3054,99;
MARIA LUCIA MATIAS SOUZA;SEAP-EFETIVOS;A.TEC-I;; ESTATUTARIO;4381,56;;4381,56;374,06;4007,50;
MARIA LUIZA OLIVEIRA DA SILVA;UNID.PRIS.SEMIABERTO FEM-UPSF;AG.PEN-I;AGENTE PENITENCIARIO; ESTATUTARIO;4420,87;;4420,87;400,81;4020,06;
MARIA RAIMUNDA JANUARIO DE SOUZA;MUNICIPIO DE ITACOATIARA;ASSESSOR III;ASSESSOR III AD-3; CARGO COMISSION.S/VINCULO;3691,80;;3691,80;422,40;3269,40;
MARIANA CUNHA DA SILVA;CENTRO DE DET.PROV.FEMIN.-CDPF;GERENTE;; CARGO COMISSION.S/VINCULO;3709,79;;3709,79;426,78;3283,01;
MARILÂNDIA MARIA ENES R HATTORI;SEAP-COMISSIONADOS;GERENTE;NAO INFORMADO; CARGO COMISSION.S/VINCULO;4709,79;;4709,79;670,28;4039,51;
MARILU MONTENEGRO PEIXOTO;SEAP-COMISSIONADOS;GERENTE;GERENTE AD-2; CARGO COMISSION.S/VINCULO;4709,79;;4709,79;670,28;4039,51;
MARINETE DA COSTA SUBIRANA;CASA DO ALBERGADO DE MANAUS;AG.PEN-I;; ESTATUTARIO;4473,62;;4473,62;385,86;4087,76;
MARIVALDO GOMES DOS SANTOS;SEAP-EFETIVOS;MOT-I;; ESTATUTARIO;4816,52;;4816,52;327,68;4488,84;
MARLI SOUZA DA SILVA;SEAP-EFETIVOS;A.TEC-I;CHF S APOIO TRABALHO; ESTATUTARIO;3832,83;;3832,83;296,07;3536,76;
MATHEUS OLIVEIRA DA SILVA ROCHA;COMPAJ SEMI ABERTO;DIRETOR ADJUNTO DE UNID.PRISIONAL;NAO INFORMADO; CARGO COMISSION.S/VINCULO;4709,79;;4709,79;1270,80;3438,99;
MAURIDIO GEORGE DE MOURA COSTA;HOSP.DE CUST.TRAT.PSIQUIATRICO;DENTISTA 1A.CLASSE-DENT-I;; ESTATUTARIO;4846,61;;4846,61;616,67;4229,94;
MESSIAS GARCIA CORDEIRO;CASA DO ALBERGADO DE MANAUS;A.TEC-I;; ESTATUTARIO;3610,34;;3610,34;258,50;3351,84;
MICAEL ASSUNCAO LIMA;SEAP-COMISSIONADOS;SARGENTO 3;DIRETOR ADJUNTO DE U; ESTATUTARIO;4000,00;;4000,00;159,88;3840,12;
MICHELLE SOARES DOS SANTOS;SEAP-COMISSIONADOS;GERENTE;NAO INFORMADO; CARGO COMISSION.S/VINCULO;4709,79;;4709,79;670,28;4039,51;
MIGUEL AUGUSTO GOMES ANDRADE;CASA DO ALBERGADO DE MANAUS;A.TEC-I;; ESTATUTARIO;3915,90;;3915,90;352,53;3563,37;
MONICA ALVES DA SILVA MACEDO;SEAP-COMISSIONADOS;ASSESSOR IV;NAO INFORMADO; CARGO COMISSION.S/VINCULO;3675,61;;3675,61;418,48;3257,13;
NAASSON SERRAO DA COSTA;UNID.PRIS.SEMIABERTO FEM-UPSF;AG.PEN-II;; ESTATUTARIO;3730,02;;3730,02;346,89;3383,13;
NATANAEL FIGUEIREDO DE SOUZA FILHO;SEAP-COMISSIONADOS;ASSESSOR I;NAO INFORMADO; CARGO COMISSION.S/VINCULO;5729,77;;5729,77;727,69;5002,08;
NEILY DUARTE BURGOS;SEAP-COMISSIONADOS;GERENTE;GERENTE AD-2; CARGO COMISSION.S/VINCULO;4709,79;;4709,79;670,28;4039,51;
NELVANIZE NASCIMENTO DA SILVEIRA;SEAP-EFETIVOS;ASSISTENTE TECNICO 3A CLASSE;; ESTATUTARIO;4286,28;;4286,28;224,88;4061,40;
NICOLLE LOUREIRO AMORIM;SEAP-COMISSIONADOS;ASSESSOR I;NAO INFORMADO; CARGO COMISSION.S/VINCULO;4729,77;;4729,77;676,15;4053,62;
NILMAR DE OLIVEIRA SANTOS;CASA DO ALBERGADO DE MANAUS;AUX.S.G-I;; ESTATUTARIO;5294,91;;5294,91;558,37;4736,54;
NILZA DA COSTA LIMA;SEAP-EFETIVOS;AUX.S.G-I;AUX SERV GERAIS; ESTATUTARIO;4235,28;;4235,28;332,33;3902,95;
OBERDAN BARROS BATISTA;CASA DO ALBERGADO DE MANAUS;AG.PEN-II;; ESTATUTARIO;4141,46;;4141,46;347,65;3793,81;
OCLEODO DOS SANTOS TORRES;SEAP-COMISSIONADOS;ASSESSOR IV;NAO INFORMADO; CARGO COMISSION.S/VINCULO;3675,61;;3675,61;418,48;3257,13;
ODILON DE ALBUQUERQUE MAMEDE;CENT.DETEN PROV.MANAUS-CDPM II;CABO;ASSESSOR III; ESTATUTARIO;3000,00;;3000,00;67,98;2932,02;
ODILSON SERGIO DA SILVA AQUINO;CASA DO ALBERGADO DE MANAUS;A.TEC-II;; ESTATUTARIO;4154,96;;4154,96;215,57;3939,39;
OIRA ARAUJO PEREIRA;INSTIT.PENAL ANTONIO TRINDADE;CABO;ASSESSOR IV; ESTATUTARIO;3000,00;;3000,00;14,70;2985,30;
ORDEMIRO BARBOSA MARINHO;CASA DO ALBERGADO DE MANAUS;AG.PEN-I;; ESTATUTARIO;4430,58;;4430,58;403,08;4027,50;
OSCAR LEAO RUBIM;SEAP-EFETIVOS;A.TEC-I;; ESTATUTARIO;4201,57;;4201,57;345,74;3855,83;
OSIEL FIRMINO DE SOUZA;CASA DO ALBERGADO DE MANAUS;AG.PEN-I;; ESTATUTARIO;4210,32;;4210,32;237,77;3972,55;
OSTAFO CAMPOS MONTEIRO;CASA DO ALBERGADO DE MANAUS;A.TEC-I;; ESTATUTARIO;3732,59;;3732,59;295,78;3436,81;
OSVALDO DE FREITAS ELOI NETO;MUNICIPIO DE COARI;SARGENTO 3;DIRETOR DE UNIDADE P; ESTATUTARIO;5000,00;;5000,00;453,50;4546,50;
PATRESE RICH PROCÓPIO DE ARRUDA;SEAP-COMISSIONADOS;ASSESSOR II;NAO INFORMADO; CARGO COMISSION.S/VINCULO;6279,71;;6279,71;1121,87;5157,84;
PATRICIA ANDRADE LIMA;SEAP-COMISSIONADOS;SARGENTO 3;GERENTE; ESTATUTARIO;4000,00;;4000,00;221,21;3778,79;
PATRICK LIMA DE OLIVEIRA;SEAP-COMISSIONADOS;ASSESSOR IV;; CARGO COMISSION.S/VINCULO;3675,61;;3675,61;418,48;3257,13;
PAULA FERNANDA COSTA DE CASTRO;SEAP-COMISSIONADOS;SUBGERENTE;NAO INFORMADO; CARGO COMISSION.S/VINCULO;3691,80;;3691,80;422,40;3269,40;
PAULO CESAR GOMES DE O JUNIOR;SEAP-COMISSIONADOS;TENENTE CORONEL;SECRETARIA EXECUTIVA; ESTATUTARIO;9900,00;;9900,00;1696,73;8203,27;
PAULO ELVIS DA COSTA SOARES;SEAP-EFETIVOS;A.TEC-I;; ESTATUTARIO;4192,86;;4192,86;243,78;3949,08;
PAULO JEFFERSON CATUNDA;CASA DO ALBERGADO DE MANAUS;A.TEC-I;; ESTATUTARIO;4296,50;;4296,50;368,25;3928,25;
PAULO NUNES DA CRUZ;MUNICIPIO DE TABATINGA;DIRETOR DE UNIDADE PRISIONAL;DIR DE UNI PRIS; CARGO COMISSION.S/VINCULO;5729,77;;5729,77;986,40;4743,37;
PAULO ONEY SANTOS CAVALCANTE;MUNICIPIO DE TEFE;CABO;DIRETOR ADJUNTO DE U; ESTATUTARIO;3000,00;;3000,00;95,20;2904,80;
PAULO ROBERTO JENNINGS;CASA DO ALBERGADO DE MANAUS;A.TEC-I;; ESTATUTARIO;4415,90;;4415,90;380,97;4034,93;
PAULO ROBERTO PINTO DE VASCONCELOS;CASA DO ALBERGADO DE MANAUS;AG.PEN-I;; ESTATUTARIO;4232,59;;4232,59;272,60;3959,99;
PAULO SERGIO CORDEIRO OLIVEIRA;PENITENCIARIA FEMIN.DE MANAUS;DIRETOR DE UNIDADE PRISIONAL;; CARGO COMISSION.S/VINCULO;5729,77;;5729,77;986,40;4743,37;
PAULO WILLCON BARRETO CRISPIM;SEAP-COMISSIONADOS;MAJOR;ASSESSOR I; ESTATUTARIO;7333,32;;7333,32;911,83;6421,49;
PEDRO COSTA DA CUNHA;COMPAJ SEMI ABERTO;AUX.O-I;; ESTATUTARIO;4090,81;;4090,81;281,40;3809,41;
PEDRO HELCIO CASTILHO COELHO;MUNICIPIO DE MAUES;ASSESSOR III;; CARGO COMISSION.S/VINCULO;2393,80;;2393,80;170,44;2223,36;
POLYANNA DE ANDRADE ANDRADE;SEAP-COMISSIONADOS;SUBGERENTE;NAO INFORMADO; CARGO COMISSION.S/VINCULO;3691,80;;3691,80;422,40;3269,40;
POTIGUARA MATIAS DOS SANTOS;UNIDADE PRISIONAL PURAQUEQUARA;GERENTE;GERENTE AD-2; CARGO COMISSION.S/VINCULO;3709,79;;3709,79;426,78;3283,01;
PRISCILLA MALTA MARINHO DE ARAUJO;SEAP-COMISSIONADOS;TENENTE 2;CHEFE DE DEPARTAMENT; ESTATUTARIO;5000,00;;5000,00;453,50;4546,50;
RAIMUNDA DORALICE LOPES DE SOUZA;MUNICIPIO DE TABATINGA;ASSESSOR III;ASSESSOR III AD-3; CARGO COMISSION.S/VINCULO;2393,80;;2393,80;170,44;2223,36;
RAIMUNDA FRANCISCA CARVALHO SOUZA;SEAP-EFETIVOS;A.TEC-I;; ESTATUTARIO;4215,26;;4215,26;321,25;3894,01;
RAIMUNDA MARQUES SAMPAIO;COMPAJ SEMI ABERTO;ASSISTENTE TECNICO GOVERNAMENTAL;; ESTATUTARIO;4095,02;;4095,02;312,33;3782,69;
RAIMUNDO ANTONIO MOTA MESQUITA;SEAP-INTERIOR;AG.PEN-I;; ESTATUTARIO;4210,34;;4210,34;369,23;3841,11;
RAIMUNDO AROLDO LUCAS DE MACEDA;COMPAJ FECHADO;CABO;DIRETOR DE UNIDADE P; ESTATUTARIO;5000,00;;5000,00;453,50;4546,50;
RAIMUNDO FREITAS DE MORAES;CENT.DETEN PROV.MANAUS-CDPM II;A.TEC-I;DIGITADOR; ESTATUTARIO;4210,34;;4210,34;348,50;3861,84;
RAIMUNDO GONZAGA DA SILVA GOMES;SEAP-INTERIOR;AG.PEN-I;; ESTATUTARIO;5458,79;;5458,79;637,85;4820,94;
RAIMUNDO MAYCON MORAES DE SOUZA;MUNICIPIO DE PARINTINS;DIRETOR ADJUNTO DE UNID.PRISIONAL;NAO INFORMADO; CARGO COMISSION.S/VINCULO;3709,79;;3709,79;426,78;3283,01;
RAIMUNDO NONATO DIMAS;SEAP-INTERIOR;AGENTE PENITENCIARIO 3A CLASSE;; ESTATUTARIO;4151,28;;4151,28;344,06;3807,22;
RAIMUNDO NONATO DOS SANTOS MELLO;SEAP-EFETIVOS;AUX.HSP-I;; ESTATUTARIO;4055,14;;4055,14;307,54;3747,60;
RAIMUNDO NONATO NASCIMENTO TAVARES;HOSP.DE CUST.TRAT.PSIQUIATRICO;AUX.S.G-I;; ESTATUTARIO;3494,80;;3494,80;222,07;3272,73;
RAIMUNDO SOARES NOGUEIRA;SEAP-EFETIVOS;AUX.O-I;; ESTATUTARIO;4053,72;;4053,72;272,57;3781,15;
RAIMUNDO XAVIER CARDOSO TAVARES;SEAP-INTERIOR;AG.PEN-I;; ESTATUTARIO;4232,59;;4232,59;373,38;3859,21;
RAQUEL AUGUSTA LIMA COSTA;MUNICIPIO DE COARI;ASSESSOR III;NAO INFORMADO; CARGO COMISSION.S/VINCULO;2393,80;;2393,80;170,44;2223,36;
RAYSSA FERNANDA DE SOUZA GADELHA;SEAP-COMISSIONADOS;ASSESSOR II;NAO INFORMADO; CARGO COMISSION.S/VINCULO;4709,79;;4709,79;670,28;4039,51;
RAYSSA FERNANDA DE SOUZA GADELHA;CONSELHO PENITENCIARIO;MEMBRO DE CONSELHO;; CONSELHO;429,20;;429,20;;429,20;
RENAN OLIVEIRA DE CARVALHO;SEAP-COMISSIONADOS;CAPITAO;COORD.DO SISTEMA PRI; ESTATUTARIO;8100,00;;8100,00;877,33;7222,67;
RENATO DANTAS DA SILVA;UNIDADE PRISIONAL PURAQUEQUARA;ASSESSOR III;NAO INFORMADO; CARGO COMISSION.S/VINCULO;3814,85;;3814,85;448,31;3366,54;
RICARDO ALEXANDRE DEIRÓ SANTOS;SEAP-COMISSIONADOS;GERENTE;NAO INFORMADO; CARGO COMISSION.S/VINCULO;4709,79;;4709,79;670,28;4039,51;
RITA BATISTA MAIA;CASA DO ALBERGADO DE MANAUS;ASSISTENTE TECNICO GOVERNAMENTAL;; ESTATUTARIO;3081,54;;3081,54;188,20;2893,34;
ROBERT WASHINGTON BARRETO;UNIDADE PRISIONAL PURAQUEQUARA;SARGENTO 3;DIRETOR DE UNIDADE P; ESTATUTARIO;5000,00;;5000,00;505,64;4494,36;
ROBERTO ANTONIO PEREIRA DOS SANTOS;COMPAJ SEMI ABERTO;A.TEC-I;AG ADMINISTRATIVO; ESTATUTARIO;4382,98;;4382,98;374,39;4008,59;
ROCINALDO JESUS DA SILVA;CASA DO ALBERGADO DE MANAUS;AG.PEN-II;; ESTATUTARIO;4133,19;;4133,19;316,42;3816,77;
RODRIGO MARTINS DE OLIVEIRA;MUNICIPIO DE HUMAITA;DIRETOR DE UNIDADE PRISIONAL;DIR. DE UNIDADE; CARGO COMISSION.S/VINCULO;5729,77;;5729,77;986,40;4743,37;
RODRIGO MELO DA SILVA;SEAP-COMISSIONADOS;SUBGERENTE;NAO INFORMADO; CARGO COMISSION.S/VINCULO;3691,80;;3691,80;422,40;3269,40;
ROGERIO FONSECA;UNID.PRIS.SEMIABERTO FEM-UPSF;A.TEC-I;; ESTATUTARIO;3991,38;;3991,38;323,65;3667,73;
ROMARIO DA SILVA DE OLIVEIRA;SEAP-COMISSIONADOS;ASSESSOR II;NAO INFORMADO; CARGO COMISSION.S/VINCULO;6279,71;;6279,71;1121,87;5157,84;
RONALDO FERREIRA COELHO;SEAP-COMISSIONADOS;SUBGERENTE;SUBGERENTE; CARGO COMISSION.S/VINCULO;3091,80;;3091,80;267,35;2824,45;
RONILSON DA COSTA OTERO;SEAP-COMISSIONADOS;SOLDADO;SUBGERENTE AD-3; ESTATUTARIO;3000,00;;3000,00;53,76;2946,24;
ROSACLEIDE PEREIRA FOLHADELA;UNID.PRIS.SEMIABERTO FEM-UPSF;ASSISTENTE TECNICO 3A CLASSE;; ESTATUTARIO;4218,97;;4218,97;341,25;3877,72;
ROSANGELA CRISTINA TAVARES PINHEIRO;SEAP-COMISSIONADOS;ASSESSOR II;ASSESSOR II AD-2; CARGO COMISSION.S/VINCULO;3709,79;;3709,79;426,78;3283,01;
ROSARIA GONCALVES DE SOUZA;SEAP-EFETIVOS;AUX.S.G-II;; ESTATUTARIO;3020,15;;3020,15;173,72;2846,43;
ROSEANE TORRES LIMA;CONSELHO PENITENCIARIO;MEMBRO DE CONSELHO;; CONSELHO;429,20;;429,20;;429,20;
ROSINEIDE PEREIRA DE LIMA;SEAP-COMISSIONADOS;ASSESSOR III;ASSESSOR III AD3; CARGO COMISSION.S/VINCULO;5691,80;;5691,80;974,62;4717,18;
ROSSEMARILANE VIANA DE OLIVEIRA;SEAP-INTERIOR;AG.PEN-I;; ESTATUTARIO;4189,02;;4189,02;360,33;3828,69;
ROSSICLEIDE DE SOUZA SILVA;SEAP-COMISSIONADOS;GERENTE;GERENTE AD-2; CARGO COMISSION.S/VINCULO;4709,79;;4709,79;670,28;4039,51;
RUAN LUKA LIMA DE MELO;CENT.DE DETEN.PROV.MANAUS-CDPM;CABO;DIRETOR ADJUNTO DE U; ESTATUTARIO;3000,00;;3000,00;95,20;2904,80;
RUDNEY DOS SANTOS CUNHA;UNIDADE PRISIONAL PURAQUEQUARA;SOLDADO;SUBGERENTE; ESTATUTARIO;3000,00;;3000,00;95,20;2904,80;
SAMUEL FERREIRA DA SILVA;MUNICIPIO DE PARINTINS;AG.PEN-I;; ESTATUTARIO;5797,12;;5797,12;633,94;5163,18;
SAMUEL MARTINS COELHO JUNIOR;SEAP-COMISSIONADOS;ASSESSOR II;NAO INFORMADO; CARGO COMISSION.S/VINCULO;4709,79;;4709,79;670,28;4039,51;
SANSAO DA SILVA BELEM;COMPAJ SEMI ABERTO;MOT-II;; ESTATUTARIO;4266,41;;4266,41;264,73;4001,68;
SAUL RODRIGUES DE MELO FILHO;CASA DO ALBERGADO DE MANAUS;A.TEC-I;; ESTATUTARIO;4219,09;;4219,09;350,63;3868,46;
SEBASTIANA GRACA DE SENNA PINAGE;SEAP-EFETIVOS;A.TEC-I;; ESTATUTARIO;3205,57;;3205,57;218,25;2987,32;
SEBASTIAO PINHEIRO DA SILVA;SEAP-INTERIOR;ASSISTENTE TECNICO GOVERNAMENTAL;; ESTATUTARIO;4093,99;;4093,99;180,49;3913,50;
SERGIO PAULO LIMA GONZAGA;SEAP-COMISSIONADOS;TENENTE 2;CHEFE DE DEPARTAMENT; ESTATUTARIO;5000,00;;5000,00;403,55;4596,45;
SILVIA HELENA ANTUNES DOS SANTOS;SEAP-COMISSIONADOS;CORREGEDOR AD-1;NAO INFORMADO; CARGO COMISSION.S/VINCULO;5729,77;;5729,77;568,83;5160,94;
SIMONE FARIAS NEGRAO;SEAP-COMISSIONADOS;ASSESSOR II;NAO INFORMADO; CARGO COMISSION.S/VINCULO;4709,79;;4709,79;670,28;4039,51;
SONIA MARIA BEZERRA CABRAL;SEAP-COMISSIONADOS;TNS-I;DIR. ESC.PENIT.AD-1; ESTATUTARIO;7525,67;;7525,67;1203,40;6322,27;
SONIA MARIA DOS SANTOS GOMES;SEAP-COMISSIONADOS;ASSESSOR II;ASSESSOR II AD-2; CARGO COMISSION.S/VINCULO;4709,79;;4709,79;670,28;4039,51;
SUELEN CRISTINA DE SOUZA CAVALCANTE;CENT.DE DETEN.PROV.MANAUS-CDPM;SUBGERENTE;; CARGO COMISSION.S/VINCULO;2591,80;;2591,80;267,35;2324,45;
SUELY DE MELO COSTA;SEAP-EFETIVOS;TECNICO DE NIVEL SUPERIOR;; ESTATUTARIO;4600,64;;4600,64;522,95;4077,69;
SUZALINDA DA SILVA E SILVA;UNID.PRIS.SEMIABERTO FEM-UPSF;AG.PEN-II;; ESTATUTARIO;4315,17;;4315,17;343,72;3971,45;
TATIANA DA SILVA RIBEIRO;CASA DO ALBERGADO DE MANAUS;GERENTE;GERENTE AD-2; CARGO COMISSION.S/VINCULO;3709,79;;3709,79;426,78;3283,01;
TATIANA FERREIRA DA SILVA;SEAP-COMISSIONADOS;SUBGERENTE;; CARGO COMISSION.S/VINCULO;2695,80;;2695,80;197,62;2498,18;
TATIANE LOPES MARTINS;SEAP-COMISSIONADOS;ASSESSOR III;NAO INFORMADO; CARGO COMISSION.S/VINCULO;3091,80;;3091,80;267,35;2824,45;
TATIANE LOPES PEREIRA;MUNICIPIO DE TABATINGA;ASSESSOR III;ASSESSOR III AD-3; CARGO COMISSION.S/VINCULO;2393,80;;2393,80;170,44;2223,36;
TEREZINHA PINHEIRO DA SILVA;UNID.PRIS.SEMIABERTO FEM-UPSF;AUX.HSP-I;; ESTATUTARIO;3633,69;;3633,69;248,18;3385,51;
THATIANY SOARES MOREIRA;SEAP-COMISSIONADOS;ASSESSOR IV;; CARGO COMISSION.S/VINCULO;3675,61;;3675,61;418,48;3257,13;
THYAGO DE SOUZA PIRES;INSTIT.PENAL ANTONIO TRINDADE;GERENTE;; CARGO COMISSION.S/VINCULO;3709,79;;3709,79;426,78;3283,01;
VALDEIA MAGALHÃES ROCHA;MUNICIPIO DE PARINTINS;ASSISTENTE TECNICO GOVERNAMENTAL;; ESTATUTARIO;4095,02;;4095,02;209,11;3885,91;
VALDEMAR ARAUJO COSTA;CASA DO ALBERGADO DE MANAUS;A.TEC-I;; ESTATUTARIO;5880,57;;5880,57;645,60;5234,97;
VALERIA ARAUJO DIAS;SEAP-COMISSIONADOS;ASSESSOR II;; CARGO COMISSION.S/VINCULO;4709,79;;4709,79;670,28;4039,51;
VALNECI GOMES DE SOUZA;SEAP-COMISSIONADOS;SARGENTO 1;ASSESSOR III; ESTATUTARIO;3000,00;;3000,00;95,20;2904,80;
VANDO ALVES DE SOUZA;SEAP-COMISSIONADOS;TENENTE 1;ASSESSOR I; ESTATUTARIO;7333,32;;7333,32;911,83;6421,49;
VANESSA DE MOURA PEREIRA;SEAP-COMISSIONADOS;GERENTE;NAO INFORMADO; CARGO COMISSION.S/VINCULO;4709,79;;4709,79;670,28;4039,51;
VICTOR CASTRO BARBOSA;SEAP-COMISSIONADOS;CABO;SUBGERENTE; ESTATUTARIO;3000,00;;3000,00;95,20;2904,80;
VICTOR NEGRAO REIS;SEAP-COMISSIONADOS;ASSESSOR II;; CARGO COMISSION.S/VINCULO;4709,79;;4709,79;670,28;4039,51;
VICTOR NEGRAO REIS;CONSELHO PENITENCIARIO;MEMBRO DE CONSELHO;; CONSELHO;643,80;;643,80;;643,80;
VITOR MORAES DE SOUZA;SEAP-COMISSIONADOS;CAPITAO;ASSESSOR I; ESTATUTARIO;5000,00;;5000,00;403,55;4596,45;
VIVIAN MONTENEGRO PEIXOTO;SEAP-COMISSIONADOS;ASSESSOR III;ASSESSOR III; CARGO COMISSION.S/VINCULO;3691,80;;3691,80;422,40;3269,40;
WASNEY AGUIAR BITTENCOURT;COMPAJ SEMI ABERTO;AUX.HSP-I;; ESTATUTARIO;4077,31;;4077,31;229,40;3847,91;
WELLINGTON DOS SANTOS MACIEL;MUNICIPIO DE TABATINGA;ASSESSOR III;; CARGO COMISSION.S/VINCULO;2393,80;;2393,80;170,44;2223,36;
WELLINGTON FRANK CABRAL MONTEIRO;CENT.DE DETEN.PROV.MANAUS-CDPM;CABO;ASSESSOR IV; ESTATUTARIO;3000,00;;3000,00;22,98;2977,02;
WENDEL PINTO DA SILVA;SEAP-COMISSIONADOS;SUBGERENTE;NAO INFORMADO; CARGO COMISSION.S/VINCULO;3691,80;;3691,80;422,40;3269,40;
WENDEL SALES CAVALCANTE;MUNICIPIO DE COARI;CABO;DIRETOR ADJUNTO DE U; ESTATUTARIO;2400,00;;2400,00;22,98;2377,02;
WENDERSON SILVA SOEIRO;SEAP-COMISSIONADOS;CABO;ASSESSOR IV; ESTATUTARIO;3000,00;;3000,00;95,20;2904,80;
WENGLAY FREITAS DA COSTA;SEAP-COMISSIONADOS;GERENTE;NAO INFORMADO; CARGO COMISSION.S/VINCULO;3709,79;;3709,79;426,78;3283,01;
WILKENS CARLEM DALMEIDA BEZERRA;SEAP-COMISSIONADOS;ASSESSOR III;NAO INFORMADO; CARGO COMISSION.S/VINCULO;3091,80;;3091,80;267,35;2824,45;
WILLIAM ORAN BARROS COUPE;SEAP-COMISSIONADOS;GERENTE;GERENTE; CARGO COMISSION.S/VINCULO;4709,79;;4709,79;670,28;4039,51;
WILLIAM RODRIGUES JOHNS;MUNICIPIO DE MAUES;CABO;DIRETOR DE UNIDADE P; ESTATUTARIO;5300,00;;5300,00;1318,77;3981,23;
WILLIAMS SANTOS DAMASCENO;SEAP-EFETIVOS;T.HSP-I;; ESTATUTARIO;4426,79;;4426,79;403,33;4023,46;
ZEINE SAID RUIZ;CASA DO ALBERGADO DE MANAUS;A.TEC-I;; ESTATUTARIO;4396,48;;4396,48;376,42;4020,06;
