NOME;LOTACAO;CARGO;FUNCAO;VINCULO;REMUNERACAO LEGAL TOTAL(R$);DESC.TETO(R$); REMUNERACAO LEGAL DEVIDA(R$);DESCONTOS LEGAIS(R$);LIQUIDO DISPONIVEL(R$);
ADALBERTO SENA DE ASSIS;NUCLEO DE TRANSPORTE;MOTORISTA 3A CLASSE;GERENTE; ESTATUTARIO;5468,49;;5468,49;646,18;4822,31;
ADALGISA TAVARES DOS SANTOS CAMPOS;GERENCIA DE REGISTRO DE DADOS;A.TEC-I;; ESTATUTARIO;4439,09;;4439,09;423,09;4016,00;
ADMIR BRAGA DA SILVA;NUCLEO DE VIGILANCIA;AUXILIAR ADMINISTRATIVO;; ESTATUTARIO;2749,09;;2749,09;182,96;2566,13;
AGDA MARTINS COLADO LIMA;GERENCIA DE REGISTRO DE DADOS;A.TEC-I;; ESTATUTARIO;4192,87;;4192,87;382,26;3810,61;
AGENOR PANILHA CAMPOS;GER.DE APOIO, MANUT.LOGISTICA;A.TEC-I;; ESTATUTARIO;3597,79;;3597,79;293,59;3304,20;
AGOSTINHO MAIA JUNIOR;ESC.GEST.E APERF.DO SERV.PUBL.;CHEFE DE DEPARTAMENTO;; CARGO COMISSION.S/VINCULO;7473,03;;7473,03;1565,21;5907,82;
ALBERTINA JUSTINA DOS SANTOS;GABINETE DO SECRETARIO APOIO;AUX.S.G-I;; ESTATUTARIO;2992,12;;2992,12;221,39;2770,73;
ALDECY PESSOA DE MELO;NUCLEO DE VIGILANCIA;VIGIA PNF.VIG-III;; ESTATUTARIO;3361,81;;3361,81;287,07;3074,74;
ALDENORA SILVA DE ALMEIDA ALVES;NUCLEO DE PROTOCOLO;ASSESSOR IV;; CARGO COMISSION.S/VINCULO;2679,61;;2679,61;183,18;2496,43;
ALEANDRO DANTAS CHAVES;COORD.DE BENS PATRIMONIAIS;AUX.ADM-II;GERENTE; ESTATUTARIO;5210,15;;5210,15;567,18;4642,97;
ALESSANDRA DA ROCHA COSTA;JUNTA MEDICO-PERICIAL DO EST.;AUX.S.G-II;AUX. SERVICOS GERAIS; ESTATUTARIO;2999,27;;2999,27;170,29;2828,98;
ALEX HARLEI SALES LAUDELINO;NUCLEO DE SERVICOS GERAIS;MARINHEIRO FLUVIAL DE CONVES;; ESTATUTARIO;2833,44;;2833,44;237,54;2595,90;
ALEXANDRE AUGUSTO ALENCAR QUEIROZ;CONSULTORIA TEC-ADMINISTRATIVA;COORDENADOR CTA;NAO INFORMADO; CARGO COMISSION.S/VINCULO;13249,99;;13249,99;3153,87;10096,12;
ALEXANDRE DULVAL LUCENA NASCIMENTO;DEPTO.DE ADMINIST.E FINANCAS;ASSISTENTE TECNICO 1A CLASSE;; ESTATUTARIO;6702,08;;6702,08;938,98;5763,10;
ALFREDO JOSE DE CAMPOS BANDEIRA;DEPTO.DE ADMINIST.E FINANCAS;TNS-I;; ESTATUTARIO;3701,06;;3701,06;502,98;3198,08;
ALLYNE KELLY MENEZES B OLIVEIRA;JUNTA MEDICO-PERICIAL DO EST.;MEDICO GENERALISTA;PERITO; ESTATUTARIO;1250,00;;1250,00;;1250,00;
ALMIR SALES DE ANDRADE;DISPONIVEL SEAD;OPERADOR DE RADIO;; ESTATUTARIO;1132,08;;1132,08;166,31;965,77;
ALMIR SAMPAIO CAVALCANTE;GRUP.INT.PREV.INVAS.AREAS PUB.;TNS-I;ASS DE SEG FUNCIONAL; ESTATUTARIO;7492,96;;7492,96;1387,34;6105,62;
ALUISIO DE SOUSA PIMENTEL;NUCLEO DE TRANSPORTE;MOT-III;; ESTATUTARIO;3202,03;;3202,03;241,62;2960,41;
ALVARO MONTEIRO MAIA;DISPONIVEL SEAD;ENGENHEIRO 1A CLASSE;; ESTATUTARIO;1269,94;;1269,94;186,59;1083,35;
AMANDA NUBIA DA SILVA GUIMARAES;GER.DE PLANEJ.ORC.E FINANCAS;ASSESSOR IV;NAO INFORMADO; CARGO COMISSION.S/VINCULO;3075,61;;3075,61;263,77;2811,84;
ANA ESTEFANIA SANCHES DE OLIVEIRA;COORD.DE BENS PATRIMONIAIS;COORDENADOR DE PATRIMONIO;NAO INFORMADO; CARGO COMISSION.S/VINCULO;8000,00;;8000,00;1710,12;6289,88;
ANA LUCIA BATISTA LIMA;EXTINTO B.CARGOS AGUARD.RELOT.;TNS-I;; ESTATUTARIO;3084,47;;3084,47;487,98;2596,49;
ANA MARIA BOTINELLY CUNHA E SILVA;DISPONIVEL TCM;AUDITOR ADJUNTO;; ESTATUTARIO;10088,56;;10088,56;2860,11;7228,45;
ANA MARIA FARIAS EVANGELISTA;PESSOAL PROC.DE APOSENTADORIA;AUDITOR ASSISTENTE - N.S.;; ESTATUTARIO;1097,23;;1097,23;126,23;971,00;
ANA MARIA PINA PAIVA;ESC.GEST.E APERF.DO SERV.PUBL.;ASSESSOR III;NAO INFORMADO; CARGO COMISSION.S/VINCULO;3691,80;;3691,80;383,88;3307,92;
ANA PAULA ARAUJO MACIEL;GERENCIA DE PESSOAL;ASSESSOR II;; CARGO COMISSION.S/VINCULO;6113,05;;6113,05;1141,68;4971,37;
ANA SERGIA ALVES DA SILVA LIMA;COORD.DE BENS PATRIMONIAIS;TECNICO-TEC-T.S.N.S.-A;CHEFE DE DEPARTAMENT; ESTATUTARIO;9267,23;;9267,23;1701,53;7565,70;
ANA VIRGINIA DE VASCONCELOS NORONHA;DISPONIVEL TCM;AUDITOR ADJUNTO;; ESTATUTARIO;7864,48;;7864,48;1970,07;5894,41;
ANA VIRGINIA SILVA LEMOS DE AGUIAR;ESC.GEST.E APERF.DO SERV.PUBL.;COORDENADOR DA ESCOLA GOVERNAR;NAO INFORMADO; CARGO COMISSION.S/VINCULO;9000,00;;9000,00;1985,12;7014,88;
ANDRE LUIZ NOGUEIRA DE SOUZA;ESC.GEST.E APERF.DO SERV.PUBL.;GERENTE;; CARGO COMISSION.S/VINCULO;4709,79;;4709,79;658,51;4051,28;
ANDREA COELHO DA SILVA;GER.DE PLANEJ.ORC.E FINANCAS;GERENTE;GERENTE; DISP. OUTROS ESFERAS;4500,00;;4500,00;263,87;4236,13;
ANDREZA HELENA DA SILVA;COORDENADORIA DE REC.HUMANOS;ASSISTENTE TECNICO;COORDENADOR DE RECUR; ESTATUTARIO;13400,83;;13400,83;3223,80;10177,03;
ANELY CRISTINA RIBEIRO ARRUDA;GERENCIA DE REGISTRO DE DADOS;ASSESSOR II;; CARGO COMISSION.S/VINCULO;4709,79;;4709,79;629,29;4080,50;
ANICE GODINHO PINTO;NUCLEO DE PROTOCOLO;A.TEC-I;GERENTE; ESTATUTARIO;5395,57;;5395,57;634,67;4760,90;
ANIZIMAR LOPES MESSIAS;GER.BENEFICIO DOS SERVIDORES;A.TEC-I;; ESTATUTARIO;4419,15;;4419,15;418,02;4001,13;
ANTONIA NEDINA DA COSTA LIMA;ESC.GEST.E APERF.DO SERV.PUBL.;AUX.ADM-I;; ESTATUTARIO;4257,62;;4257,62;374,73;3882,89;
ANTONIA ROBERTA SANTANA;GERENCIA DE FOLHA DE PAGAMENTO;A.TEC-I;F. GRATIFICADA, FG-3; ESTATUTARIO;5675,68;;5675,68;713,76;4961,92;
ANTONIO CARLOS FERNANDES DE SOUZA;DISPONIVEL SEAD;OPERADOR DE MAQUINA RODOVIARIA;; ESTATUTARIO;1132,08;;1132,08;166,31;965,77;
ANTONIO CARLOS NERY SANTANA;ARQUIVO PUB.EST.DO AMAZONAS;A.TEC-I;; ESTATUTARIO;3898,84;;3898,84;346,13;3552,71;
ANTONIO CESAR BARONI PEREIRA;DISPONIVEL TCM;ENGENHEIRO AGRONOMO;; ESTATUTARIO;1132,08;;1132,08;163,71;968,37;
ANTONIO IRAN DE SOUZA LIMA;EXTINTO B.CARGOS AGUARD.RELOT.;TECNICO EM AGROPECUARIA;; ESTATUTARIO;1505,53;;1505,53;210,77;1294,76;
ANTONIO LUCIO DE MORAIS;NUCLEO DE VIGILANCIA;AUX.S.G-II;; ESTATUTARIO;2718,15;;2718,15;185,85;2532,30;
ANTONIO NERY DA SILVA;REMANEJADOS EXT.OUVID.GER.EST.;ASSISTENTE TECNICO;ASSISTENTE TECNICO; ESTATUTARIO;2450,43;;2450,43;193,92;2256,51;
ANTONIO NUNES PINHEIRO FILHO;DISPONIVEL POLICIA CIVIL;ESCRIVAO DE POLICIA 2A CLASSE;; ESTATUTARIO;22142,28;;22142,28;7374,36;14767,92;
APOENA NASCIMENTO TEIXEIRA;SEC.EXE.AD.G.PAT.GAST.PUBLICOS;ASSESSOR II;; CARGO COMISSION.S/VINCULO;4709,79;;4709,79;537,98;4171,81;
ARACELY ALBERTINO DE MELO;GABINETE DO SECRETARIO APOIO;ASSESSOR IV;NAO INFORMADO; CARGO COMISSION.S/VINCULO;3075,61;;3075,61;249,55;2826,06;
ARQUIMEDES CARVALHO LASMAR;JUNTA MEDICO-PERICIAL DO EST.;A.TEC-I;; ESTATUTARIO;4201,62;;4201,62;384,61;3817,01;
AUREO GONCALVES NEVES;DISPONIVEL SEAD;TECNICO 2A CLASSE;; ESTATUTARIO;1132,08;;1132,08;166,31;965,77;
AYMAN BAYDOUN;COORD.DE BENS PATRIMONIAIS;ASSESSOR I;NAO INFORMADO; CARGO COMISSION.S/VINCULO;5729,77;;5729,77;998,67;4731,10;
BIANCA SANDRINI LIMA PEREIRA;JUNTA MEDICO-PERICIAL DO EST.;ASSESSOR III;NAO INFORMADO; CARGO COMISSION.S/VINCULO;3691,80;;3691,80;365,21;3326,59;
CAMILA CRISTINE DE MATOS MARTINS;GABINETE DO SECRETARIO APOIO;ASSESSOR III;NAO INFORMADO; CARGO COMISSION.S/VINCULO;3691,80;;3691,80;383,88;3307,92;
CARLOS ALONSO ALENCAR QUEIROZ;EXTINTO B.CARGOS AGUARD.RELOT.;TECNICO;; ESTATUTARIO;5329,11;;5329,11;1293,94;4035,17;
CARLOS AUGUSTO DE SOUZA M JUNIOR;CONSULTORIA TEC-ADMINISTRATIVA;ASSESSOR I;NAO INFORMADO; CARGO COMISSION.S/VINCULO;5729,77;;5729,77;956,01;4773,76;
CARLOS EDUARDO RAPOSO DA C ALENCAR;CONSULTORIA TEC-ADMINISTRATIVA;ASSESSOR I;; CARGO COMISSION.S/VINCULO;5729,77;;5729,77;998,67;4731,10;
CARLOS FERNANDO LIMA SOUZA;PESSOAL PROC.DE APOSENTADORIA;A.TEC-I;; ESTATUTARIO;1545,39;;1545,39;216,35;1329,04;
CARLOS GEISER RODRIGUES DE SOUZA;COMISSAO DE REGIME DISCIPLINAR;ASSESSOR III;NAO INFORMADO; CARGO COMISSION.S/VINCULO;3691,80;;3691,80;383,88;3307,92;
CARLY DA SILVA FARIA;COORD.DE BENS PATRIMONIAIS;GERENTE;NAO INFORMADO; CARGO COMISSION.S/VINCULO;6113,05;;6113,05;837,13;5275,92;
CARMEM LUCIA ROSAS GOMES;COMISSAO DE REGIME DISCIPLINAR;A.TEC-I;F.GRATIFICADA, FG-3; ESTATUTARIO;5837,60;;5837,60;890,65;4946,95;
CAROLINE ARAUJO DE ANDRADE SOUZA;SEC.EXE.AD.G.PAT.GAST.PUBLICOS;ASSESSOR I;NAO INFORMADO; CARGO COMISSION.S/VINCULO;5729,77;;5729,77;998,67;4731,10;
CASIMIRO CARDOSO DE ARAUJO FILHO;DEPTO.DE ADMINIST.E FINANCAS;MOTORISTA RODOVIARIO;; ESTATUTARIO;4400,77;;4400,77;340,06;4060,71;
CEZARINA BARBOSA DE MEDEIROS;ARQUIVO PUB.EST.DO AMAZONAS;A.TEC-I;; ESTATUTARIO;3867,24;;3867,24;338,09;3529,15;
CHRYSTIANE APARECIDA DOS S PINAGE;GERENCIA DE REGISTRO DE DADOS;A.TEC-I;; ESTATUTARIO;4210,34;;4210,34;388,52;3821,82;
CLARICE CABRAL CARNEIRO DA CUNHA;GABINETE DO SECRETARIO APOIO;A.TEC-I;; ESTATUTARIO;5666,85;;5666,85;710,83;4956,02;
CLAUDIO CARDOSO PALHETA;DEPTO.DE TEC.DE INFORMACAO;ASSESSOR II;NAO INFORMADO; CARGO COMISSION.S/VINCULO;4709,79;;4709,79;658,51;4051,28;
CLAUDIO SANTANA TRINDADE;GERENCIA DE PESSOAL;A.TEC-I;; ESTATUTARIO;4201,57;;4201,57;385,38;3816,19;
CLEIA FREITAS DE SOUZA E SILVA;DEPTO.DE ADMINIST.E FINANCAS;TNS-I;; ESTATUTARIO;7066,92;;7066,92;1296,59;5770,33;
CLEIDIMAR PEDROSO DE JESUS;ASSESSORIA DE COMUNICACAO;ASSESSOR I;NAO INFORMADO; CARGO COMISSION.S/VINCULO;5729,77;;5729,77;998,67;4731,10;
CLERME MELO DE OLIVEIRA;GERENCIA DE PESSOAL;A.TEC-II;GERENTE; ESTATUTARIO;5340,38;;5340,38;612,13;4728,25;
CRISTIANO PANTOJA RIBEIRO;NUCLEO DE RECEPCAO;A.TEC-I;; ESTATUTARIO;3859,98;;3859,98;339,09;3520,89;
CRISTINA DE ALMEIDA CAMPOS;GERENCIA DE FOLHA DE PAGAMENTO;TECNICO EM CONTABILIDADE;; ESTATUTARIO;5550,63;;5550,63;620,87;4929,76;
DANIEL DO NASCIMENTO MIRANDA;COORD.DE BENS PATRIMONIAIS;ASSESSOR IV;NAO INFORMADO; CARGO COMISSION.S/VINCULO;3075,61;;3075,61;263,77;2811,84;
DELZINDA FERREIRA BARCELOS;ASSESSORIA TEC.ADMINISTRATIVA;TNS-III;ASSESSOR I, AD-1; ESTATUTARIO;9793,43;;9793,43;2003,13;7790,30;
DENISMAR MARIA ASSIS DA ROCHA;NUCLEO DE RECEPCAO;A.TEC-I;AG. ADMINISTRATIVO; ESTATUTARIO;4210,34;;4210,34;388,52;3821,82;
DIEGO FERREIRA PINHEIRO;GER.DE APOIO, MANUT.LOGISTICA;ASSESSOR IV;NAO INFORMADO; CARGO COMISSION.S/VINCULO;3075,61;;3075,61;263,77;2811,84;
DORIAM PANTOJA COSTA;DISPONIVEL SEAD;AGENTE ADMINISTRATIVO 3A CLASSE;; ESTATUTARIO;1132,08;;1132,08;166,31;965,77;
EDMILSON BEZERRA ALVES;JUNTA MEDICO-PERICIAL DO EST.;A.TEC-I;; ESTATUTARIO;3400,54;;3400,54;302,11;3098,43;
EDNALDO FONSECA DE MELO;DISPONIVEL SEAD;AUXILIAR DE SERV GERAIS 2A CLASSE;; ESTATUTARIO;1132,08;;1132,08;166,31;965,77;
EDNILSON GOMES DE OLIVEIRA JUNIOR;COORDENADORIA DE REC.HUMANOS;ASSESSOR I;; CARGO COMISSION.S/VINCULO;5729,77;;5729,77;998,67;4731,10;
EDUARDO MOREIRA DOS SANTOS;DEPTO.DE TEC.DE INFORMACAO;AUX.S.G-III;AUX. SERVICOS GERAIS; ESTATUTARIO;3961,81;;3961,81;277,92;3683,89;
ELANE ALVES DE ARAUJO;COORDENADORIA DE REC.HUMANOS;ASSESSOR I;; CARGO COMISSION.S/VINCULO;5729,77;;5729,77;956,01;4773,76;
ELCI OLIVEIRA NOBRE;GER.BENEFICIO DOS SERVIDORES;ASSISTENTE TECNICO 1A CLASSE;; ESTATUTARIO;10521,53;;10521,53;2424,71;8096,82;
ELDA SOARES DE MOURA;GERENCIA DE REGISTRO DE DADOS;A.TEC-I;; ESTATUTARIO;4466,50;;4466,50;430,75;4035,75;
ELIAS CARNEIRO DE SOUZA;JUNTA MEDICO-PERICIAL DO EST.;AUXILIAR DE SERVICOS GERAIS;; ESTATUTARIO;3292,64;;3292,64;254,45;3038,19;
ELISA MARIA RIBEIRO BARROSO;SEC.EXE.AD.G.PAT.GAST.PUBLICOS;GERENTE;; CARGO COMISSION.S/VINCULO;4709,79;;4709,79;658,51;4051,28;
ELIZABETE OLIVEIRA DE ARAUJO;GER.BENEFICIO DOS SERVIDORES;AUXILIAR TECNICO;0; ESTATUTARIO;4296,47;;4296,47;378,47;3918,00;
ELIZABETH DA SILVA ALVES;GERENCIA DE PESSOAL;A.TEC-I;; ESTATUTARIO;4456,53;;4456,53;428,21;4028,32;
ELIZABETH RODRIGUES DIAS;REMANEJADOS EXT.OUVID.GER.EST.;A.TEC-I;; ESTATUTARIO;2574,07;;2574,07;219,73;2354,34;
ELSIMAR FERNANDO SANTIAGO;GABINETE DO SECRETARIO;TECNICO GRAFICO;ASSESSOR II, AD-2; ESTATUTARIO;5365,57;;5365,57;572,66;4792,91;
ELTON JONATHAS DA SILVA LUCAS;NUCLEO DE TRANSPORTE;ASSESSOR II;NAO INFORMADO; CARGO COMISSION.S/VINCULO;4709,79;;4709,79;658,51;4051,28;
EMERSON LINS DE LIMA;JUNTA MEDICO-PERICIAL DO EST.;FISCAL RODOVIARIO;; ESTATUTARIO;3477,54;;3477,54;212,71;3264,83;
EMILIA CONCEICAO FREIRE MORY;DISPONIVEL TCM;TECNICO ADMINISTRATIVO;; ESTATUTARIO;1132,08;;1132,08;166,31;965,77;
ENA MARA DE AZEDO SANTANA;COORD.DE BENS PATRIMONIAIS;A.TEC-I;; ESTATUTARIO;2926,01;;2926,01;244,17;2681,84;
ERLANDIA CARVALHO DA SILVA;COMISSAO DE REGIME DISCIPLINAR;A.TEC-I;; ESTATUTARIO;6944,61;;6944,61;1062,08;5882,53;
ETIANE TEREZA RUAS FARIA;EXTINTO B.CARGOS AGUARD.RELOT.;TECNICO GOVERNAMENTAL;; ESTATUTARIO;1503,50;;1503,50;417,52;1085,98;
EUDENIRA BARBOSA BATISTA BRITO;GERENCIA DE FOLHA DE PAGAMENTO;A.TEC-I;F. GRATIFICADA, FG-3; ESTATUTARIO;5450,34;;5450,34;651,29;4799,05;
EUGENIA TERESA MONTEIRO REZENDE;ASSESSORIA TEC.ADMINISTRATIVA;TNS-I;ASSESSOR I, AD-1; ESTATUTARIO;6999,92;;6999,92;1241,19;5758,73;
EVANDRO ALVES DE ALMEIDA;DISPONIVEL POLICIA CIVIL;AGENTE DE POLICIA 2A CLASSE;; ESTATUTARIO;1132,08;;1132,08;166,31;965,77;
EVANDRO FERNANDES SAMPAIO;DISPONIVEL POLICIA CIVIL;AGENTE DE POLICIA 1A CLASSE;; ESTATUTARIO;1132,08;;1132,08;166,31;965,77;
FABRICIO ROGERIO CYRINO BARBOSA;SEC.EXEC.BENS PAT.GAST.PUBLI.;SEC.EXEC.GEST.PATR.GASTOS PUBLICOS;; CARGO COMISSION.S/VINCULO;9900,00;;9900,00;1864,25;8035,75;
FATIMA MARIA GAVINHO FROTA;SEC.EXE.AD.G.PAT.GAST.PUBLICOS;ASSESSOR I;NAO INFORMADO; CARGO COMISSION.S/VINCULO;5729,77;;5729,77;998,67;4731,10;
FELIPE MACHADO DE AMORIM PRATA;COORDENADORIA DE REC.HUMANOS;ASSESSOR II;NAO INFORMADO; CARGO COMISSION.S/VINCULO;4709,79;;4709,79;629,29;4080,50;
FERNANDA ELIS JANAINA M OLIVEIRA;GABINETE DO SECRETARIO;ASSESSOR I;NAO INFORMADO; CARGO COMISSION.S/VINCULO;5729,77;;5729,77;913,36;4816,41;
FLAVIO ADRIANO ABREU DA SILVA;SEC.EXE.AD.G.PAT.GAST.PUBLICOS;ASSESSOR II;NAO INFORMADO; CARGO COMISSION.S/VINCULO;4709,79;;4709,79;629,29;4080,50;
FLAVIO AUGUSTO CARVALHO MONTENEGRO;SEC.EXE.AD.G.PAT.GAST.PUBLICOS;TNS-I;; ESTATUTARIO;4787,05;;4787,05;671,76;4115,29;
FLAVIO MOURA VIANA;PESSOAL PROC.DE APOSENTADORIA;AFP-U;; ESTATUTARIO;8061,97;;8061,97;2094,87;5967,10;
FRANCIMAR CAMARA LIMA;REMANEJADOS EXT.OUVID.GER.EST.;A.TEC-I;; ESTATUTARIO;4398,35;;4398,35;412,04;3986,31;
FRANCISCA CHAGAS CAMPOS NASCIMENTO;DISPONIVEL SEAD;TECNICO DE NIVEL SUPERIOR;; ESTATUTARIO;1132,08;;1132,08;166,31;965,77;
FRANCISCA DEUZIMAR FERREIRA MENEZES;ASSESSORIA TEC.ADMINISTRATIVA;A.TEC-I;; ESTATUTARIO;4430,07;;4430,07;421,48;4008,59;
FRANCISCA MARLINDA DE O BRITO;GER.BENEFICIO DOS SERVIDORES;A.TEC-I;OP.MAQ.CONT,A; ESTATUTARIO;4430,07;;4430,07;421,48;4008,59;
FRANCISCA ROSANA DA SILVA;NUCLEO DE SERVICOS GERAIS;AUX.S.G-I;; ESTATUTARIO;3294,12;;3294,12;244,04;3050,08;
FRANCISCO CARLOS DOS SANTOS;PESSOAL PROC.DE APOSENTADORIA;A.TEC-I;; ESTATUTARIO;1580,55;;1580,55;221,28;1359,27;
FRANCISCO CHAGAS DE OLIVEIRA FILHO;NUCLEO DE TRANSPORTE;MOT-I;; ESTATUTARIO;3728,64;;3728,64;319,79;3408,85;
FRANCISCO DAS CHAGAS NERES;DISPONIVEL SEAD;MECANICO DE MANUTENCAO DE AERONAVE;; ESTATUTARIO;1132,08;;1132,08;166,31;965,77;
FRANCISCO DE ASSIS SOUZA NASCIMENTO;NUCLEO DE SERVICOS GERAIS;AUX.O-I;; ESTATUTARIO;3149,63;;3149,63;239,24;2910,39;
FRANCISCO DE ASSIS SOUZA TAVARES;NUCLEO DE SERVICOS GERAIS;AUX.O-I;; ESTATUTARIO;4086,06;;4086,06;344,53;3741,53;
FRANCISCO DE PAULA XAVIER LEITE;DISPONIVEL TCM;PROCURADOR DE CONTAS B;; ESTATUTARIO;23953,85;;23953,85;8269,50;15684,35;
FRANCISCO ELNO BEZERRA HERCULANO;DISPONIVEL SEAD;TECNICO 2A CLASSE;; ESTATUTARIO;1132,08;;1132,08;166,31;965,77;
FRANCISCO PEDROSA DE ARAUJO;NUCLEO DE SERVICOS GERAIS;AUX.S.G-I;; ESTATUTARIO;2987,94;;2987,94;220,60;2767,34;
FRANCISCO PESSOA FERREIRA FILHO;DISPONIVEL SEAD;AGENTE ADMINISTRATIVO 3A CLASSE;; ESTATUTARIO;1132,08;;1132,08;166,31;965,77;
FRANKLIN ROLIM ODA;COORD.DE BENS PATRIMONIAIS;AGENTE ADMINISTRATIVO;ASSESSOR III; ESTATUTARIO;4240,44;;4240,44;294,38;3946,06;
FRANZ LISZT SOUTO DA CUNHA;GRUP.INT.PREV.INVAS.AREAS PUB.;A.TEC-I;; ESTATUTARIO;3840,04;;3840,04;334,01;3506,03;
GABRIEL SOARES RETONDANO;ASSESSORIA DE COMUNICACAO;ASSESSOR I;NAO INFORMADO; CARGO COMISSION.S/VINCULO;5729,77;;5729,77;998,67;4731,10;
GABRIELA ALVES ALBUQUERQUE;CONSULTORIA TEC-ADMINISTRATIVA;ASSESSOR I;NAO INFORMADO; CARGO COMISSION.S/VINCULO;5729,77;;5729,77;998,67;4731,10;
GABRIELLE MARIE BELMONT MADEIRA;CONSULTORIA TEC-ADMINISTRATIVA;ASSESSOR II;NAO INFORMADO; CARGO COMISSION.S/VINCULO;6113,05;;6113,05;1141,68;4971,37;
GERALDINA PEREIRA PONTES GOES;JUNTA MEDICO-PERICIAL DO EST.;AUX.S.G-I;; ESTATUTARIO;3066,46;;3066,46;220,83;2845,63;
GETRO MENEZES;NUCLEO DE VIGILANCIA;VIGIA-II;; ESTATUTARIO;3020,15;;3020,15;203,73;2816,42;
GLAURA JANNE MOTA DE V DIAS;JUNTA MEDICO-PERICIAL DO EST.;MEDICO ESPECIALISTA;PRESID. JUNTA MEDICA; ESTATUTARIO;2000,00;;2000,00;;2000,00;
GRAZIELA DE OLIVEIRA REIS;SEC.EXEC.DE ADMINIST.E GESTAO;ASSESSOR II;NAO INFORMADO; CARGO COMISSION.S/VINCULO;6113,05;;6113,05;1141,68;4971,37;
GRAZIELA NOGUEIRA AIRES DO VALE;CONSULTORIA TEC-ADMINISTRATIVA;ASSESSOR I;NAO INFORMADO; CARGO COMISSION.S/VINCULO;5729,77;;5729,77;998,67;4731,10;
GUILHERME FREDERICO DA S GOMES;CONSULTORIA TEC-ADMINISTRATIVA;C.TEC-U;; ESTATUTARIO;42439,91;1512,98;40926,93;13847,46;27079,47;
HAMILTON DOS SANTOS OLIVEIRA;GER.DE APOIO, MANUT.LOGISTICA;A.TEC-I;; ESTATUTARIO;3639,56;;3639,56;246,29;3393,27;
HEBER PINHEIRO MARTINS;DEPTO.DE TEC.DE INFORMACAO;ASSESSOR II;; CARGO COMISSION.S/VINCULO;4709,79;;4709,79;629,29;4080,50;
HELADIA MARIA ARAUJO DOS SANTOS;JUNTA MEDICO-PERICIAL DO EST.;TELEFONISTA;; ESTATUTARIO;3459,44;;3459,44;227,45;3231,99;
HELDER CAMARA CARDOSO DOS SANTOS;NUCLEO DE TRANSPORTE;A.TEC-I;; ESTATUTARIO;4215,26;;4215,26;389,85;3825,41;
HELENO RODRIGUES DOS SANTOS;NUCLEO DE SERVICOS GERAIS;A.TEC-I;; ESTATUTARIO;5679,74;;5679,74;715,26;4964,48;
HELIANA CUNHA MOTTA DE OLIVEIRA;COMISSAO DE REGIME DISCIPLINAR;A.TEC-I;; ESTATUTARIO;4435,68;;4435,68;422,91;4012,77;
HENRIQUE MARTINS DE AZEVEDO SILVA;COORD.DE BENS PATRIMONIAIS;GERENTE;NAO INFORMADO; CARGO COMISSION.S/VINCULO;4709,79;;4709,79;629,29;4080,50;
HILDA BALBI CASTRO;PESSOAL PROC.DE APOSENTADORIA;TECNICO;; ESTATUTARIO;2785,08;;2785,08;426,75;2358,33;
HIRAIRTON GONCALVES COSTA;NUCLEO DE RECEPCAO;AUX.S.G-III;AUX. SERVICOS GERAIS; ESTATUTARIO;3361,81;;3361,81;221,70;3140,11;
HITALLA FERNANDES DOS SANTOS;SEC.EXE.AD.G.PAT.GAST.PUBLICOS;ASSESSOR II;NAO INFORMADO; CARGO COMISSION.S/VINCULO;4709,79;;4709,79;658,51;4051,28;
HUDSON DE ANDRADE FERNANDES;GERENCIA DE REGISTRO DE DADOS;A.TEC-I;GERENTE; ESTATUTARIO;5409,26;;5409,26;402,47;5006,79;
HUMBERTO DE MELO HORTA;PESSOAL PROC.DE APOSENTADORIA;A.TEC-I;; ESTATUTARIO;1692,51;;1692,51;236,95;1455,56;
IDUCEIDES DE SOUZA CARNEIRO;GER.BENEFICIO DOS SERVIDORES;A.TEC-I;ASSISTENTE TÉCNICO; ESTATUTARIO;7855,29;;7855,29;1617,61;6237,68;
ILEANA FERNANDES LIMA;DISPONIVEL TCM;TECNICO DE CONTAS A;; ESTATUTARIO;1132,08;;1132,08;166,31;965,77;
INES CAROLINA BARBOSA F S CABRAL;GABINETE DO SECRETARIO;SECRETARIO DE ESTADO;NAO INFORMADO; CARGO COMISSION.S/VINCULO;28560,00;;28560,00;7364,12;21195,88;
IRIA SAFIRA CORDEIRO OLIVEIRA;GERENCIA DE PESSOAL;ASSESSOR II;NAO INFORMADO; CARGO COMISSION.S/VINCULO;4709,79;;4709,79;658,51;4051,28;
IRIS KAROLINNE RODRIGUES CORDEIRO;NUCLEO DE PROTOCOLO;ASSESSOR III;NAO INFORMADO; CARGO COMISSION.S/VINCULO;4755,73;;4755,73;673,83;4081,90;
ISABEL CRISTINA FONSECA;GER.DE APOIO, MANUT.LOGISTICA;A.TEC-I;; ESTATUTARIO;3967,81;;3967,81;378,47;3589,34;
ISAIAS DE LIMA SOARES;COORD.DE BENS PATRIMONIAIS;VIGIA-III;; ESTATUTARIO;3381,67;;3381,67;227,74;3153,93;
IVAN DE SOUZA NASCIMENTO;NUCLEO DE TRANSPORTE;AUX.O-I;; ESTATUTARIO;3717,41;;3717,41;334,90;3382,51;
IVONE DA SILVA FONSECA;GABINETE DO SECRETARIO APOIO;A.TEC-I;ASSESSOR II; ESTATUTARIO;5447,12;;5447,12;650,40;4796,72;
IZAIAS SANTOS DA SILVA;JUNTA MEDICO-PERICIAL DO EST.;VIGIA-II;VIGIA; ESTATUTARIO;2718,15;;2718,15;185,85;2532,30;
JAKSON VEIGA FROTA;JUNTA MEDICO-PERICIAL DO EST.;VIGIA-III;; ESTATUTARIO;3814,23;;3814,23;284,23;3530,00;
JANAINA GOMES DE SOUZA;ASSESSORIA DE COMUNICACAO;ASSESSOR I;ASSESSOR I; CARGO COMISSION.S/VINCULO;5729,77;;5729,77;998,67;4731,10;
JANAINA MARIA ALBUQUERQUE FOGASSA;CONSULTORIA TEC-ADMINISTRATIVA;ASSESSOR II;NAO INFORMADO; CARGO COMISSION.S/VINCULO;4709,79;;4709,79;658,51;4051,28;
JANEIDE DE SOUZA GUEDES;NUCLEO DE ARQ.ADMINISTRATIVO;A.TEC-I;; ESTATUTARIO;4440,04;;4440,04;424,01;4016,03;
JERSEY QUINTELA DE ALENCAR;DISPONIVEL SEAD;TECNICO 1A CLASSE;; ESTATUTARIO;1132,08;;1132,08;166,31;965,77;
JERUZA COLARES DA SILVA;NUCLEO DE SERVICOS GERAIS;AUX.S.G-II;AUX. SERVICOS GERAIS; ESTATUTARIO;2999,27;;2999,27;187,94;2811,33;
JOAO ALFREDO MONTEIRO DA COSTA;DISPONIVEL POLICIA CIVIL;AGENTE DE POLICIA 2A CLASSE;; ESTATUTARIO;1132,08;;1132,08;166,31;965,77;
JOAO DAS CHAGAS DANTAS;REMANEJADOS EXT.OUVID.GER.EST.;A.TEC-I;; ESTATUTARIO;4450,01;;4450,01;426,55;4023,46;
JOAO GOMES VILELA;PESSOAL PROC.DE APOSENTADORIA;ENG-I;; ESTATUTARIO;5568,24;;5568,24;1187,00;4381,24;
JOAO SALES BASTOS ATHAN;DISPONIVEL POLICIA CIVIL;AGENTE DE POLICIA 1A CLASSE;; ESTATUTARIO;1132,08;;1132,08;166,31;965,77;
JOAO SILVA DA SILVA DE AQUINO;DISPONIVEL SEAD;TECNICO 2A CLASSE;; ESTATUTARIO;1132,08;;1132,08;166,31;965,77;
JOAO SOUZA DA SILVA;EXTINTO B.CARGOS AGUARD.RELOT.;AUXILIAR DE SERVICOS GERAIS;; ESTATUTARIO;1045,00;;1045,00;216,51;828,49;
JOE VIANA COUTO;DISPONIVEL POLICIA CIVIL;AGENTE DE POLICIA 1A CLASSE;; ESTATUTARIO;14250,96;;14250,96;4336,95;9914,01;
JOEL DO NASCIMENTO DIAS;NUCLEO DE SERVICOS GERAIS;AUX.S.G-I;; ESTATUTARIO;3090,06;;3090,06;189,91;2900,15;
JOHN GUIMARAES BICHARRA;COORDENADORIA DE REC.HUMANOS;TNS-I;F. GRATIFICADA, FG-1; ESTATUTARIO;8080,18;;8080,18;1306,53;6773,65;
JONAS MANOEL PEREIRA SA;NUCLEO DE VIGILANCIA;MARINHEIRO FLUVIAL DE MAQUINA;; ESTATUTARIO;3057,55;;3057,55;262,55;2795,00;
JORGE BOTELHO RUFINO;NUCLEO DE VIGILANCIA;A.TEC-I;; ESTATUTARIO;2738,92;;2738,92;276,25;2462,67;
JORGE LUIS BARROSO DE OLIVEIRA;DISPONIVEL SEAD;TECNICO 1A CLASSE;; ESTATUTARIO;1132,08;;1132,08;166,31;965,77;
JOSE ALBERTO REGIS BATISTA;COORD.DE BENS PATRIMONIAIS;ASSESSOR III;ASSESSOR III AD-3; CARGO COMISSION.S/VINCULO;3691,80;;3691,80;383,88;3307,92;
JOSE ANTONIO PEREIRA DO VAL;NUCLEO DE RECEPCAO;MARINHEIRO FLUVIAL DE CONVES;; ESTATUTARIO;3707,48;;3707,48;252,47;3455,01;
JOSE BEZERRA DE ARAUJO;EXTINTO B.CARGOS AGUARD.RELOT.;A.OPE-II;; ESTATUTARIO;1045,00;;1045,00;234,90;810,10;
JOSE CAVALCANTE LINS;PESSOAL PROC.DE APOSENTADORIA;A.TEC-I;; ESTATUTARIO;1045,00;;1045,00;238,50;806,50;
JOSE GOMES CORDEIRO;NUCLEO DE VIGILANCIA;AUX.S.G-II;; ESTATUTARIO;2718,15;;2718,15;185,85;2532,30;
JOSE MARIA ROCHA DE OLIVEIRA;COMISSAO DE REGIME DISCIPLINAR;A.TEC-I;; ESTATUTARIO;5705,51;;5705,51;671,98;5033,53;
JOSE RIBAMAR GOMES DE AQUINO;DISPONIVEL TCM;ANALISTA DE FINAN.E CONTR.EXTERNO A;; ESTATUTARIO;1132,08;;1132,08;166,31;965,77;
JOSE ROBERTO SARAIVA DOS SANTOS;NUCLEO DE VIGILANCIA;AUX.O-I;; ESTATUTARIO;3224,39;;3224,39;297,46;2926,93;
JOSE VIRGILIO BATISTA DE OLIVEIRA;COMISSAO DE REGIME DISCIPLINAR;TNS-I;; ESTATUTARIO;7080,18;;7080,18;1302,92;5777,26;
JUDITE GUIMARAES DE BARROS;GERENCIA DE REGISTRO DE DADOS;A.TEC-I;; ESTATUTARIO;5666,85;;5666,85;710,83;4956,02;
JUSCELINO SOARES DOS SANTOS;NUCLEO DE VIGILANCIA;AUX.O-I;; ESTATUTARIO;2968,00;;2968,00;216,84;2751,16;
JUSSI SOARES CALOBA;DISPONIVEL TCM;AUDITOR;; ESTATUTARIO;5851,58;;5851,58;905,44;4946,14;
KARLENO JOSE PEREIRA;COMISSAO DE REGIME DISCIPLINAR;MEMBRO COMISSAO REGIME DISCIPLINAR;; CONSELHO;700,00;;700,00;;700,00;
KATIA DESSIMONI VICTORIA;ESC.GEST.E APERF.DO SERV.PUBL.;AUX.ADM-I;GERENTE, AD-2; ESTATUTARIO;6649,14;;6649,14;857,49;5791,65;
KATIO TRAVESSA DA SILVA;GABINETE DO SECRETARIO APOIO;ASSESSOR III;NAO INFORMADO; CARGO COMISSION.S/VINCULO;3691,80;;3691,80;383,88;3307,92;
KELMA MARTINS DA SILVA;RELOTADOS DA SEC/AMAZONASTUR;ASSISTENTE TECNICO I;ASSIST. TECNICO I; ESTATUTARIO;3934,00;;3934,00;295,12;3638,88;
KLINGER REIS DA COSTA;JUNTA MEDICO-PERICIAL DO EST.;MEDICO GRADUADO;MEMBRO PERITO JMIS; ESTATUTARIO;1250,00;;1250,00;;1250,00;
LENITA BENTES MAGALHAES;JUNTA MEDICO-PERICIAL DO EST.;A.TEC-I;; ESTATUTARIO;4459,98;;4459,98;400,65;4059,33;
LEONARDO LIMA DE ABREU;GER.DE APOIO, MANUT.LOGISTICA;GERENTE;NAO INFORMADO; CARGO COMISSION.S/VINCULO;4709,79;;4709,79;658,51;4051,28;
LEONETE CONCEICAO ARAUJO DA SILVA;GERENCIA DE REGISTRO DE DADOS;ASSISTENTE TECNICO II;; ESTATUTARIO;4536,94;;4536,94;439,64;4097,30;
LUANA LOPES VIANA;SEC.EXE.AD.G.PAT.GAST.PUBLICOS;GERENTE;; CARGO COMISSION.S/VINCULO;4709,79;;4709,79;629,29;4080,50;
LUCIANA DE CASTRO SANTORO;SEC.EXEC.DE ADMINIST.E GESTAO;TEC. DE NIVEL SUPERIOR 1A CLASSE;ASSESSOR II; ESTATUTARIO;6322,23;;6322,23;1046,68;5275,55;
LUCILENE MARQUES RIBEIRO CANTE;EXTINTO B.CARGOS AGUARD.RELOT.;A.TEC-II;; ESTATUTARIO;1045,00;;1045,00;234,02;810,98;
LUIZ CARLOS BENTO DE SANTANA;REMANEJADOS EXT.OUVID.GER.EST.;A.TEC-I;; ESTATUTARIO;2328,26;;2328,26;213,34;2114,92;
LUIZ CARLOS MARQUES CARNEIRO;GER.DE APOIO, MANUT.LOGISTICA;A.TEC-I;; ESTATUTARIO;4450,01;;4450,01;426,55;4023,46;
LUIZ CLAUDIO DOS SANTOS P SOUZA;NUCLEO DE ARQ.ADMINISTRATIVO;A.TEC-II;; ESTATUTARIO;3525,00;;3525,00;241,25;3283,75;
LUIZ FERREIRA FONTENELE;NUCLEO DE VIGILANCIA;VIGIA-I;; ESTATUTARIO;3646,91;;3646,91;285,93;3360,98;
LUIZ ROBERTO DE MELO FONSECA;CONSULTORIA TEC-ADMINISTRATIVA;C.TEC-U;; ESTATUTARIO;36977,09;;36977,09;12409,58;24567,51;
LUIZ RODRIGUES DE QUEIROZ;PESSOAL PROC.DE APOSENTADORIA;MOTORISTA 2A CLASSE;; ESTATUTARIO;1548,97;;1548,97;216,64;1332,33;
LUZIA NUNES DE OLIVEIRA;NUCLEO DE RECEPCAO;A.TEC-I;; ESTATUTARIO;3865,59;;3865,59;312,08;3553,51;
MALENE MARIA DE CASTRO PERDIGAO;GERENCIA DE REGISTRO DE DADOS;ASSESSOR II;; CARGO COMISSION.S/VINCULO;4709,79;;4709,79;629,29;4080,50;
MANUEL BRAZ DA SILVA;NUCLEO DE ARQ.ADMINISTRATIVO;A.TEC-I;; ESTATUTARIO;4439,09;;4439,09;423,09;4016,00;
MANUEL BULCAO FILHO;GABINETE DO SECRETARIO;ASSESSOR III;NAO INFORMADO; CARGO COMISSION.S/VINCULO;3691,80;;3691,80;383,88;3307,92;
MANUEL FERNANDES DA SILVA;NUCLEO DE SERVICOS GERAIS;TRABALHADOR DE CAMPO 1A CLASSE;; ESTATUTARIO;2754,08;;2754,08;186,84;2567,24;
MARCELO ARAUJO SILVA;ARQUIVO PUB.EST.DO AMAZONAS;CHEFE DE ARQ.PUB.DO EST.DO AMAZONAS;NAO INFORMADO; CARGO COMISSION.S/VINCULO;5729,77;;5729,77;998,67;4731,10;
MARCIA AUGUSTA DE SOUZA;DEPTO.DE ADMINIST.E FINANCAS;A.TEC-II;CHEFE DE DEPARTAMENT; ESTATUTARIO;9605,46;;9605,46;1783,04;7822,42;
MARCIA MACEDO MAIA;GABINETE DO SECRETARIO APOIO;ASSESSOR III;NAO INFORMADO; CARGO COMISSION.S/VINCULO;3691,80;;3691,80;383,88;3307,92;
MARCINEIDE REIS CAMPOS;NUCLEO DE PROTOCOLO;A.TEC-I;; ESTATUTARIO;2566,02;;2566,02;219,73;2346,29;
MARCO AURELIO MARTINS DA SILVA;COMISSAO DE REGIME DISCIPLINAR;MEMBRO COMISSAO REGIME DISCIPLINAR;; CONSELHO;700,00;;700,00;;700,00;
MARCOS ANTONIO NASCIMENTO SILVA;EXTINTO B.CARGOS AGUARD.RELOT.;ENGENHEIRO AGRONOMO;; ESTATUTARIO;4478,80;;4478,80;784,95;3693,85;
MARCUS VINICIUS SANTOS DE P NUNES;ESC.GEST.E APERF.DO SERV.PUBL.;ASSESSOR I;NAO INFORMADO; CARGO COMISSION.S/VINCULO;5729,77;;5729,77;913,36;4816,41;
MARGARIDA VINHOTE FRANCA;GABINETE DO SECRETARIO APOIO;ENCADERNADOR;; ESTATUTARIO;4373,76;;4373,76;398,13;3975,63;
MARIA ALBERTIZA DA COSTA FERNANDES;NUCLEO DE PROTOCOLO;A.TEC-I;; ESTATUTARIO;3615,26;;3615,26;299,85;3315,41;
MARIA APARECIDA R CAVALCANTE;CONSULTORIA TEC-ADMINISTRATIVA;A.TEC-I;; ESTATUTARIO;4440,04;;4440,04;424,01;4016,03;
MARIA AUREA MOURA DE OLIVEIRA;GERENCIA DE FOLHA DE PAGAMENTO;A.TEC-I;F. GRATIFICADA, FG-3; ESTATUTARIO;5680,04;;5680,04;715,34;4964,70;
MARIA AUXILIADORA DA C S PORTILIO;CONSULTORIA TEC-ADMINISTRATIVA;A.TEC-I;ASSESSOR I, AD-1; ESTATUTARIO;8034,04;;8034,04;1310,55;6723,49;
MARIA AUXILIADORA SILVA DE OLIVEIRA;NUCLEO DE ARQ.ADMINISTRATIVO;AGENTE ADMINISTRATIVO 1A CLASSE;; ESTATUTARIO;3773,76;;3773,76;308,13;3465,63;
MARIA D ASSUNCAO DA COSTA PINHEIRO;DISPONIVEL TCM;CONSULTOR TECNICO B;; ESTATUTARIO;1122,08;;1122,08;147,21;974,87;
MARIA DA CONCEICAO RIBEIRO DUARTE;COMISSAO DE REGIME DISCIPLINAR;ASSISTENTE TECNICO GOVERNAMENTAL;; ESTATUTARIO;2779,54;;2779,54;203,02;2576,52;
MARIA DA CONCEICAO SOUZA;JUNTA MEDICO-PERICIAL DO EST.;A.TEC-I;; ESTATUTARIO;4450,01;;4450,01;426,55;4023,46;
MARIA DA PAZ ALVES DA SILVA AMORIM;JUNTA MEDICO-PERICIAL DO EST.;A.TEC-I;; ESTATUTARIO;3150,01;;3150,01;287,62;2862,39;
MARIA DA PENHA SAID LOPES;ARQUIVO PUB.EST.DO AMAZONAS;CHEFE DE DEPARTAMENTO;; CARGO COMISSION.S/VINCULO;7473,03;;7473,03;1565,21;5907,82;
MARIA DAS GRACAS DE SOUZA TORRES;GERENCIA DE PESSOAL;A.TEC-I;; ESTATUTARIO;4430,07;;4430,07;421,48;4008,59;
MARIA DAS GRACAS ROCHA DE SOUZA;SEC.EXE.AD.G.PAT.GAST.PUBLICOS;A.TEC-I;ASSISTENTE TECNICO; ESTATUTARIO;4450,01;;4450,01;426,55;4023,46;
MARIA DE FATIMA DA SILVA MELO;GERENCIA DE FOLHA DE PAGAMENTO;A.TEC-I;F. GRATIFICADA, FG-3; ESTATUTARIO;5788,22;;5788,22;754,72;5033,50;
MARIA DE FATIMA DE SOUZA ALENCAR;ESC.GEST.E APERF.DO SERV.PUBL.;A.TEC-I;GERENTE, AD-2; ESTATUTARIO;5634,04;;5634,04;702,69;4931,35;
MARIA DE LOURDES OLIVEIRA XAVIER;PESSOAL PROC.DE APOSENTADORIA;A.TEC-I;; ESTATUTARIO;1578,23;;1578,23;220,95;1357,28;
MARIA DE NAZARÉ JATOBÁ DO LAGO;GERENCIA DE FOLHA DE PAGAMENTO;ASSESSOR II;; CARGO COMISSION.S/VINCULO;4709,79;;4709,79;658,51;4051,28;
MARIA DO PERPETUO SOCORRO L BARROS;JUNTA MEDICO-PERICIAL DO EST.;AUXILIAR DE SERV GERAIS 3A CLASSE;; ESTATUTARIO;3370,55;;3370,55;223,50;3147,05;
MARIA DO PERPETUO SOCORRO S GUERRA;GERENCIA DE PESSOAL;A.TEC-I;; ESTATUTARIO;4450,01;;4450,01;426,55;4023,46;
MARIA DO SOCORRO DA COSTA OLIVEIRA;ESC.GEST.E APERF.DO SERV.PUBL.;ASSISTENTE TECNICO 1A CLASSE;GERENTE, AD-2; ESTATUTARIO;4286,24;;4286,24;367,57;3918,67;
MARIA DO SOCORRO LAMONGI DE SOUZA;CONSULTORIA TEC-ADMINISTRATIVA;C.TEC-U;; ESTATUTARIO;38869,50;;38869,50;13098,48;25771,02;
MARIA DOLORES SILVA DE ARAUJO;SEC.EXE.AD.G.PAT.GAST.PUBLICOS;A.TEC-I;F. GRATIFICADA, FG-1; ESTATUTARIO;5547,65;;5547,65;679,43;4868,22;
MARIA DOS ANJOS MARQUES LEITE;DISPONIVEL SEAD;TECNICO 3A CLASSE;; ESTATUTARIO;1132,08;;1132,08;166,31;965,77;
MARIA DULCILENE FROTA DA SILVA;GER.BENEFICIO DOS SERVIDORES;ASSISTENTE TECNICO GOVERNAMENTAL;; ESTATUTARIO;2978,53;;2978,53;219,07;2759,46;
MARIA FERREIRA DE SOUZA;GERENCIA DE REGISTRO DE DADOS;A.TEC-I;; ESTATUTARIO;4435,68;;4435,68;422,91;4012,77;
MARIA HELENA JUREMA CAMPOS;GERENCIA DE PESSOAL;A.TEC-I;; ESTATUTARIO;7879,44;;7879,44;1621,26;6258,18;
MARIA IZABEL OLIVEIRA MOINHO;GER.BENEFICIO DOS SERVIDORES;A.TEC-I;; ESTATUTARIO;5692,62;;5692,62;667,55;5025,07;
MARIA JOSE BRANDAO MOTA;GER.BENEFICIO DOS SERVIDORES;AGENTE ADMINISTRATIVO 3A CLASSE;; ESTATUTARIO;4103,77;;4103,77;349,56;3754,21;
MARIA JOSE LIMA COSTA;NUCLEO DE RECEPCAO;AUXILIAR DE SERV GERAIS 2A CLASSE;; ESTATUTARIO;3370,55;;3370,55;223,50;3147,05;
MARIA JULIA DE OLIVEIRA BRAGA DA RO;DISPONIVEL TCM;CONSULTOR TECNICO B;; ESTATUTARIO;1132,08;;1132,08;166,31;965,77;
MARIA LINDINALVA DE LIRA BARBOSA;DISPONIVEL TCM;ASSISTENTE TECNICO ADMINISTRATIVO B;; ESTATUTARIO;1128,67;;1128,67;159,80;968,87;
MARIA MITZI DINELLI MAGNANI;GERENCIA DE PESSOAL;ASSISTENTE TECNICO ADMINISTRATIVO B;; ESTATUTARIO;4201,06;;4201,06;293,79;3907,27;
MARIA NILMA DE SOUSA SILVA;GER.DE PLANEJ.ORC.E FINANCAS;A.TEC-II;GERENTE, AD-2; ESTATUTARIO;5335,46;;5335,46;610,48;4724,98;
MARIA RITA GARCEZ VIEIRA FREDERICO;SEC.EXEC.DE ADMINIST.E GESTAO;A.TEC-I;; ESTATUTARIO;4440,04;;4440,04;424,01;4016,03;
MARIA SEBASTIANA DE OLIVEIRA BRITO;COMISSAO DE REGIME DISCIPLINAR;A.TEC-I;; ESTATUTARIO;4459,98;;4459,98;429,09;4030,89;
MARIA SIMONE CORREA DE MORAES;GABINETE DO SECRETARIO APOIO;ASSESSOR I;NAO INFORMADO; CARGO COMISSION.S/VINCULO;4729,77;;4729,77;665,17;4064,60;
MARIA VALDA BARROSO;NUCLEO DE SERVICOS GERAIS;AUX.S.G-I;; ESTATUTARIO;3081,31;;3081,31;211,12;2870,19;
MARIA VALDECIRA AIRES DA SILVA;ARQUIVO PUB.EST.DO AMAZONAS;AUX.ADM-I;; ESTATUTARIO;3696,58;;3696,58;295,98;3400,60;
MARIA VALDENIZIA DA COSTA VAZ;GABINETE DO SECRETARIO APOIO;AUX.ADM-I;ASSESSOR II, AD-2; ESTATUTARIO;4077,31;;4077,31;322,54;3754,77;
MARIA WALDELICE DE AZEVEDO FREITAS;REMANEJADOS EXT.OUVID.GER.EST.;A.TEC-I;ASSESSORA; ESTATUTARIO;2553,18;;2553,18;216,35;2336,83;
MARIA ZENIRA VIEIRA DE OLIVEIRA;CONSULTORIA TEC-ADMINISTRATIVA;AUX.S.G-I;; ESTATUTARIO;4290,12;;4290,12;376,62;3913,50;
MARILENE NOBRE CAVALCANTE DE SOUSA;DISPONIVEL TCM;AUDITOR;; ESTATUTARIO;9102,46;;9102,46;2434,14;6668,32;
MARINDIA GUERRO DUTRA FEITOZA;JUNTA MEDICO-PERICIAL DO EST.;MEDICO GENERALISTA;PERITO; ESTATUTARIO;1250,00;;1250,00;;1250,00;
MARIO JORGE MARTINS DE PAULA;PESSOAL PROC.DE APOSENTADORIA;TECNICO EM PLANEJAMENTO 1A CLASSE;; ESTATUTARIO;1045,00;;1045,00;146,30;898,70;
MARIO PORTO DE AGUIAR;DISPONIVEL POLICIA CIVIL;AGENTE DE POLICIA 1A CLASSE;; ESTATUTARIO;12887,24;;12887,24;3552,28;9334,96;
MARLENE RAMOS DA SILVA;JUNTA MEDICO-PERICIAL DO EST.;PERITO;; CONSELHO;1250,00;;1250,00;;1250,00;
MARLUCIA FERNANDES DA SILVA;COORDENADORIA DE REC.HUMANOS;AUX.O-I;; ESTATUTARIO;4266,00;;4266,00;370,49;3895,51;
MAX AZEVEDO ARAUJO;PESSOAL PROC.DE APOSENTADORIA;A.TEC-I;; ESTATUTARIO;1569,48;;1569,48;219,73;1349,75;
MIGUEL RODRIGUES DA FONSECA;NUCLEO DE VIGILANCIA;MARINHEIRO FLUVIAL DE CONVES;; ESTATUTARIO;3097,43;;3097,43;288,04;2809,39;
MIRIAN DA CRUZ PINHEIRO;NUCLEO DE PROTOCOLO;AUX.S.G-I;; ESTATUTARIO;4291,00;;4291,00;376,85;3914,15;
MONIQUE DA SILVA TAPAJOS;DISPONIVEL TCM;PROCURADOR DE CONTAS A;; ESTATUTARIO;9581,54;;9581,54;2672,68;6908,86;
NAIME SA TAMER;JUNTA MEDICO-PERICIAL DO EST.;AGENTE ADMINISTRATIVO 2A CLASSE;; ESTATUTARIO;5506,25;;5506,25;662,39;4843,86;
NAIRO AGUIAR CORDEIRO;COMISSAO DE REGIME DISCIPLINAR;MEMBRO COMISSAO REGIME DISCIPLINAR;; CONSELHO;700,00;;700,00;;700,00;
NEUZA NASCIMENTO FERREIRA;ARQUIVO PUB.EST.DO AMAZONAS;A.TEC-I;; ESTATUTARIO;4439,09;;4439,09;423,09;4016,00;
NEY GEORGE BELTRAO DA COSTA;NUCLEO DE VIGILANCIA;MARINHEIRO FLUVIAL DE CONVES;; ESTATUTARIO;3043,66;;3043,66;284,96;2758,70;
NILZETE NEVES RODRIGUES;GER.BENEFICIO DOS SERVIDORES;A.TEC-I;; ESTATUTARIO;4216,06;;4216,06;390,06;3826,00;
NORMA DA SILVA JATOBA;JUNTA MEDICO-PERICIAL DO EST.;PERITO;PERITO; ESTATUTARIO;1250,00;;1250,00;;1250,00;
NORMA MOURA DA SILVA;ARQUIVO PUB.EST.DO AMAZONAS;ENCADERNADOR;; ESTATUTARIO;3598,77;;3598,77;281,88;3316,89;
OCIMAR PIRES DE SOUSA;GABINETE DO SECRETARIO APOIO;A.TEC-I;; ESTATUTARIO;4227,83;;4227,83;393,23;3834,60;
OLINETE OLIVEIRA MAGALHAES;EXTINTO B.CARGOS AGUARD.RELOT.;AUX.S.G-II;; ESTATUTARIO;1045,00;;1045,00;221,57;823,43;
OSVALDIZIA MELO VEIGA;GERENCIA DE PESSOAL;ASSISTENTE TECNICO I;; ESTATUTARIO;4534,00;;4534,00;450,92;4083,08;
OTILIA RIBEIRO BARROSO;REMANEJADOS EXT.OUVID.GER.EST.;A.TEC-I;; ESTATUTARIO;2349,07;;2349,07;219,73;2129,34;
OTILIO TADEU LINHARES;DISPONIVEL SEAD;ENGENHEIRO AGRONOMO;; ESTATUTARIO;1132,08;;1132,08;166,31;965,77;
PAULA GRETHEANE FONSECA DE OLIVEIRA;DEPTO.DE ADMINIST.E FINANCAS;ASSESSOR II;NAO INFORMADO; CARGO COMISSION.S/VINCULO;4709,79;;4709,79;658,51;4051,28;
PAULO ROBERTO IOPPI;DISPONIVEL SEAD;ENGENHEIRO 2A CLASSE;; ESTATUTARIO;1125,05;;1125,05;152,89;972,16;
PAULO VICTOR MARQUES VIANA;DEPTO.DE TEC.DE INFORMACAO;ASSESSOR II;NAO INFORMADO; CARGO COMISSION.S/VINCULO;4709,79;;4709,79;658,51;4051,28;
PEDRO BRUNO DOS PRAZERES;NUCLEO DE VIGILANCIA;AUX.O-III;; ESTATUTARIO;2833,59;;2833,59;182,98;2650,61;
PEDRO DA SILVA MAIA;NUCLEO DE VIGILANCIA;AUX.O-I;; ESTATUTARIO;3098,54;;3098,54;317,47;2781,07;
PEDRO DE SOUZA MOREIRA;NUCLEO DE VIGILANCIA;VIGIA;; ESTATUTARIO;2782,06;;2782,06;176,90;2605,16;
PERICLES DE PINHO CORREA;GER.BENEFICIO DOS SERVIDORES;A.TEC-I;; ESTATUTARIO;4227,83;;4227,83;364,79;3863,04;
PRISCILA HELLEN FIGUEREDO DA COSTA;SEC.EXEC.DE ADMINIST.E GESTAO;ASSESSOR III;NAO INFORMADO; CARGO COMISSION.S/VINCULO;3691,80;;3691,80;383,88;3307,92;
RACHEL DA SILVA ANDRADE;JUNTA MEDICO-PERICIAL DO EST.;ENCADERNADOR;; ESTATUTARIO;3800,96;;3800,96;312,21;3488,75;
RAFAEL DO NASCIMENTO ALMEIDA;DEPTO.DE TEC.DE INFORMACAO;ASSESSOR II;NAO INFORMADO; CARGO COMISSION.S/VINCULO;4709,79;;4709,79;658,51;4051,28;
RAIMUNDA CORREA DA SILVA;NUCLEO DE SERVICOS GERAIS;AUX.S.G-II;AUX. SERVIÇOS GERAIS; ESTATUTARIO;3027,25;;3027,25;210,65;2816,60;
RAIMUNDA NONATA DE OLIVEIRA BEZERRA;NUCLEO DE ARQ.ADMINISTRATIVO;AUXILIAR DE SERVICOS GERAIS;; ESTATUTARIO;5711,17;;5711,17;561,20;5149,97;
RAIMUNDA NONATA SOUZA GOMES;CONSULTORIA TEC-ADMINISTRATIVA;A.TEC-I;ASSIST. ADMINIST.; ESTATUTARIO;4442,72;;4442,72;424,70;4018,02;
RAIMUNDO AGUIAR COELHO;NUCLEO DE SERVICOS GERAIS;VIGIA-I;; ESTATUTARIO;2861,96;;2861,96;218,38;2643,58;
RAIMUNDO ALBERTO DA SILVA MENTA;GERENCIA DE FOLHA DE PAGAMENTO;A.TEC-I;F. GRATIFICADA, FG-1; ESTATUTARIO;6625,05;;6625,05;756,60;5868,45;
RAIMUNDO BARROS WAUGHON;NUCLEO DE PROTOCOLO;A.TEC-I;GERENTE AD-2; ESTATUTARIO;4440,04;;4440,04;424,01;4016,03;
RAIMUNDO DA COSTA GONCALVES;JUNTA MEDICO-PERICIAL DO EST.;VIGIA-II;; ESTATUTARIO;3020,15;;3020,15;208,50;2811,65;
RAIMUNDO FERREIRA DA SILVA;NUCLEO DE VIGILANCIA;MARINHEIRO FLUVIAL DE CONVES;; ESTATUTARIO;3578,17;;3578,17;299,65;3278,52;
RAIMUNDO LIMA DE HOLANDA;NUCLEO DE SERVICOS GERAIS;AUX.O-I;; ESTATUTARIO;3904,30;;3904,30;341,10;3563,20;
RAIMUNDO RODRIGUES DE MORAES;ARQUIVO PUB.EST.DO AMAZONAS;AUX.O-I;; ESTATUTARIO;3477,31;;3477,31;255,04;3222,27;
RANSES GADELHA BEZERRA;SEC.EXE.AD.G.PAT.GAST.PUBLICOS;ASSESSOR II;ASSESSOR II, AD-2; CARGO COMISSION.S/VINCULO;6113,05;;6113,05;1089,54;5023,51;
REGINA LUCIA BRANDAO LIMA JAEGER;EXTINTO B.CARGOS AGUARD.RELOT.;ASSISTENTE SOCIAL 3A CLASSE;; ESTATUTARIO;2893,27;;2893,27;448,88;2444,39;
RIAD ABRAHIM BALLUT;DEPTO.DE ADMINIST.E FINANCAS;AFP-U;; ESTATUTARIO;8558,33;;8558,33;2111,28;6447,05;
RICARDO QUEIROZ DE PAIVA;COMISSAO DE REGIME DISCIPLINAR;MEMBRO COMISSAO REGIME DISCIPLINAR;MEMBRO CRD; CONSELHO;700,00;;700,00;;700,00;
RITA DE CASSIA MOREIRA PORTO;GABINETE DO SECRETARIO APOIO;ASSESSOR IV;NAO INFORMADO; CARGO COMISSION.S/VINCULO;3075,61;;3075,61;263,77;2811,84;
RITA MARIA DE SOUZA GONCALVES;DISPONIVEL SEAD;TECNICO 2A CLASSE;; ESTATUTARIO;1132,08;;1132,08;166,31;965,77;
ROBERTO CONTE DE MELO;DISPONIVEL SEAD;ASSISTENTE TECNICO 3A CLASSE;; ESTATUTARIO;1132,08;;1132,08;166,31;965,77;
ROBERTO FAGNER DUARTE DA SILVA DIAS;JUNTA MEDICO-PERICIAL DO EST.;ASSESSOR II;ASSESSOR AD-2; CARGO COMISSION.S/VINCULO;4709,79;;4709,79;658,51;4051,28;
ROBERTO SOBREIRA NASCIMENTO;DISPONIVEL SEAD;ELETRICISTA;; ESTATUTARIO;1132,08;;1132,08;166,31;965,77;
ROBERVAL DOS SANTOS DE CARVALHO;PESSOAL PROC.DE APOSENTADORIA;MARINHEIRO FLUVIAL DE MAQUINA;; ESTATUTARIO;2006,23;;2006,23;265,96;1740,27;
ROBERVAL WILKENS MARINHO;DISPONIVEL POLICIA CIVIL;ESCRIVAO DE POLICIA 3A CLASSE;; ESTATUTARIO;1132,08;;1132,08;166,31;965,77;
ROBSON GUIMARAES DE SOUSA;RELOTADOS DA SEC/AMAZONASTUR;ASSISTENTE TECNICO I;; ESTATUTARIO;3289,62;;3289,62;260,34;3029,28;
ROOSEVELT DOS SANTOS LOPES;COORD.DE BENS PATRIMONIAIS;AUX.ADM-III;AGENTE ADMINISTRAT.; ESTATUTARIO;3961,81;;3961,81;309,84;3651,97;
RORIZ MOTA DE BRITO;NUCLEO DE TRANSPORTE;MOT-III;MOTORISTA; ESTATUTARIO;3202,03;;3202,03;241,62;2960,41;
ROSALINA MALMACEDO GONCALVES;DISPONIVEL SEAD;ASSISTENTE TECNICO 2A CLASSE;; ESTATUTARIO;1132,08;;1132,08;166,31;965,77;
ROSANGELA ABREU DA COSTA LINS;DISPONIVEL TCM;AUDITOR ASSISTENTE - N.S.;; ESTATUTARIO;1132,08;;1132,08;166,31;965,77;
ROSILENE VIDAL BARRETO;COORDENADORIA DE REC.HUMANOS;ASSESSOR I;NAO INFORMADO; CARGO COMISSION.S/VINCULO;5729,77;;5729,77;998,67;4731,10;
RUI DA SILVA CAVALCANTE;DISPONIVEL TCM;AUDITOR ASSISTENTE - N.S.;; ESTATUTARIO;1132,08;;1132,08;166,31;965,77;
RUTH RODRIGUES PINTO;GABINETE DO SECRETARIO APOIO;AUX.S.G-I;; ESTATUTARIO;2968,00;;2968,00;216,84;2751,16;
SANDRA MARIA CUVELLO DE ANDRADE;DISPONIVEL TCM;CONSULTOR TECNICO B;; ESTATUTARIO;1132,08;;1132,08;166,31;965,77;
SANDRA MARIA KANAWATI LASMAR;JUNTA MEDICO-PERICIAL DO EST.;MEDICO ESPECIALISTA;PERITO; ESTATUTARIO;1250,00;;1250,00;;1250,00;
SANDRA MARIA STONE DE ARAUJO;ARQUIVO PUB.EST.DO AMAZONAS;A.OPE-I;; ESTATUTARIO;2594,06;;2594,06;222,18;2371,88;
SANDRA REGINA MAQUINE BARBOSA;GERENCIA DE FOLHA DE PAGAMENTO;TEC. DE NIVEL SUPERIOR 1A CLASSE;F. GRATIFICADA, FG-1; ESTATUTARIO;7912,41;;7912,41;1459,05;6453,36;
SEBASTIAO FILHO FERREIRA DA SILVA;JUNTA MEDICO-PERICIAL DO EST.;MARINHEIRO;1; ESTATUTARIO;3819,65;;3819,65;312,77;3506,88;
SEBASTIAO GILSON FARIAS GONDIM;EXTINTO B.CARGOS AGUARD.RELOT.;ASSISTENTE TECNICO;; ESTATUTARIO;1045,00;;1045,00;227,31;817,69;
SERGIO GUILHERME TEIXEIRA ARANHA;NUCLEO DE SERVICOS GERAIS;AUX.S.G-I;; ESTATUTARIO;3367,46;;3367,46;257,87;3109,59;
SEVERINO ANTONIO AGUIAR RAMOS;DISPONIVEL SEAD;ENGENHEIRO 1A CLASSE;; ESTATUTARIO;1126,06;;1126,06;154,81;971,25;
SHEILA MARA PEREIRA FRANCO;GERENCIA DE FOLHA DE PAGAMENTO;AGENTE ADMINISTRATIVO 4A CLASSE;F. GRATIFICADA, FG-3; ESTATUTARIO;5337,74;;5337,74;601,05;4736,69;
SIGRID MARIA LOPES FREIRE;COORD.DE BENS PATRIMONIAIS;A.TEC-II;CHEFE DE DEPARTAMENT; ESTATUTARIO;6319,00;;6319,00;824,21;5494,79;
SILVIO EDUARDO LIMA SARMENTO;ASSESSORIA DE COMUNICACAO;ASSESSOR II;; CARGO COMISSION.S/VINCULO;4709,79;;4709,79;658,51;4051,28;
SIMON DERZI CARDOSO;DEPTO.DE TEC.DE INFORMACAO;CHEFE DE DEPARTAMENTO;NAO INFORMADO; CARGO COMISSION.S/VINCULO;5729,77;;5729,77;998,67;4731,10;
SOCORRO MAGDA MENDES BORGES;GERENCIA DE REGISTRO DE DADOS;AUX.ADM-I;; ESTATUTARIO;4276,35;;4276,35;380,84;3895,51;
SUELI JACOB;DISPONIVEL SEAD;TECNICO A;; ESTATUTARIO;1132,08;;1132,08;166,31;965,77;
SUELY FARIAS DA SILVA;EXTINTO B.CARGOS AGUARD.RELOT.;A.TEC-I;; ESTATUTARIO;1578,23;;1578,23;220,95;1357,28;
TARCIO COSTA AMORIM;SEC.EXE.AD.G.PAT.GAST.PUBLICOS;CHEFE DE DEPARTAMENTO;NAO INFORMADO; CARGO COMISSION.S/VINCULO;5729,77;;5729,77;956,01;4773,76;
TATIANNE VIEIRA ASSAYAG TOLEDO;SEC.EXEC.DE ADMINIST.E GESTAO;PROCURADOR DO ESTADO 2A CLASSE;SECRETARIO EXEC.DE A; ESTATUTARIO;9900,00;1617,88;8282,12;1251,81;7030,31;
TEREZA CRISTINA FROES DA CRUZ SILVA;DEPTO.DE ADMINIST.E FINANCAS;A.TEC-I;; ESTATUTARIO;4430,07;;4430,07;421,48;4008,59;
TEREZINHA DE JESUS ARAUJO VAZ;DEPTO.DE ADMINIST.E FINANCAS;A.TEC-I;; ESTATUTARIO;3142,04;;3142,04;259,73;2882,31;
TEREZINHA DE OLIVEIRA ROCHA;DISPONIVEL TCM;CONSULTOR TECNICO A;; ESTATUTARIO;383,90;;383,90;56,41;327,49;
THANIA REGINA PEREIRA DE S FALCAO;GERENCIA DE REGISTRO DE DADOS;A.TEC-I;; ESTATUTARIO;4435,68;;4435,68;422,91;4012,77;
THAYANE HELLEN LIRA BARRETO;COORDENADORIA DE REC.HUMANOS;ASSESSOR III;NAO INFORMADO; CARGO COMISSION.S/VINCULO;3691,80;;3691,80;383,88;3307,92;
VALCLEMAR GUIMARAES FARACHE;NUCLEO DE TRANSPORTE;MOT-I;; ESTATUTARIO;5613,28;;5613,28;698,02;4915,26;
VALDEMIR GUIMARAES DE OLIVEIRA;DISPONIVEL SEAD;AGENTE ADMINISTRATIVO 3A CLASSE;; ESTATUTARIO;1132,08;;1132,08;166,31;965,77;
VALDINETE COELHO DE MENEZES;COMISSAO DE REGIME DISCIPLINAR;A.TEC-I;; ESTATUTARIO;4430,07;;4430,07;421,48;4008,59;
VANDA DA CRUZ CARVALHO CALADO;GERENCIA DE REGISTRO DE DADOS;AUXILIAR TECNICO;; ESTATUTARIO;4296,47;;4296,47;378,47;3918,00;
VANDERRUBEM MARCELINO NEVES;GERENCIA DE REGISTRO DE DADOS;A.TEC-I;ASSISTENTE TECNICO; ESTATUTARIO;4210,34;;4210,34;261,69;3948,65;
VANIA MARIA NONATA DA SILVA;GER.DE PLANEJ.ORC.E FINANCAS;AUX.ADM-I;; ESTATUTARIO;4276,35;;4276,35;380,84;3895,51;
VERA COELHO DE MENEZES DO VALE;DEPTO.DE ADMINIST.E FINANCAS;A.TEC-I;; ESTATUTARIO;4219,09;;4219,09;390,87;3828,22;
VERONICA PEREIRA FIGUEIREDO;GERENCIA DE PESSOAL;A.TEC-I;; ESTATUTARIO;4450,01;;4450,01;426,55;4023,46;
VICENTE DE PAULO VIEIRA COLOMBO;JUNTA MEDICO-PERICIAL DO EST.;MARINHEIRO;; ESTATUTARIO;3722,55;;3722,55;316,01;3406,54;
VIRGINIA DE SOUSA PAIVA;GERENCIA DE REGISTRO DE DADOS;ASSISTENTE TECNICO 3A CLASSE;; ESTATUTARIO;4276,53;;4276,53;373,39;3903,14;
VIVALDO MICHILES NETO;SEC.EXE.AD.G.PAT.GAST.PUBLICOS;COORDENADOR DE GASTOS PUBLICOS;NAO INFORMADO; CARGO COMISSION.S/VINCULO;9500,00;;9500,00;2122,62;7377,38;
VIVIAN KRAMER STROSKI;CHEFIA DE GABINETE;CHEFE DE GABINETE;NAO INFORMADO; CARGO COMISSION.S/VINCULO;5729,77;;5729,77;998,67;4731,10;
WALDEMARINA PINTO BARROSO;GERENCIA DE PESSOAL;A.TEC-I;; ESTATUTARIO;4450,01;;4450,01;426,55;4023,46;
WALDENY TAVEIRA PARDO;NUCLEO DE TRANSPORTE;MOT-I;; ESTATUTARIO;2808,69;;2808,69;235,41;2573,28;
WALTERLOO MARQUES PERES;DEPTO.DE ADMINIST.E FINANCAS;AFP-U;; ESTATUTARIO;9928,68;;9928,68;2494,27;7434,41;
WILMA NASCIMENTO FERREIRA;REMANEJADOS EXT.OUVID.GER.EST.;A.TEC-I;; ESTATUTARIO;2564,10;;2564,10;218,50;2345,60;
YOHANNA JAAMEL SOUSA MENEZES;GER.DE APOIO, MANUT.LOGISTICA;ASSESSOR III;NAO INFORMADO; CARGO COMISSION.S/VINCULO;3691,80;;3691,80;383,88;3307,92;
ZELIA MACHADO RIBEIRO FILHA;NUCLEO DE ARQ.ADMINISTRATIVO;AUXILIAR TECNICO;; ESTATUTARIO;4296,47;;4296,47;378,47;3918,00;
