NOME;LOTACAO;CARGO;FUNCAO;VINCULO;REMUNERACAO LEGAL TOTAL(R$);DESC.TETO(R$); REMUNERACAO LEGAL DEVIDA(R$);DESCONTOS LEGAIS(R$);LIQUIDO DISPONIVEL(R$);
ADRIANA ANDRADE DA SILVA;UNIDADES DESCENTRAL.EDUC.PROF.;SECRETARIO DE ESC.DE EDUC.PROF.AD-2;; CARGO COMISSION.S/VINCULO;3109,79;;3109,79;270,12;2839,67;
ADRIANA LISBOA ROSA;UNIDADES DESCENTRAL.EDUC.PROF.;DIRETOR DE ESC.DE EDUC.PROFISS.AD-1;; CARGO COMISSION.S/VINCULO;5729,77;;5729,77;998,67;4731,10;
ADRIAO CAVALCANTE ROCHA NETO;UNIDADES DESCENTRAL.EDUC.PROF.;ANALISTA TEC.EDUC.3A.CL-A.T.E-III;; ESTATUTARIO;4583,82;;4583,82;582,21;4001,61;
ADRIELY OLIVEIRA PEREIRA;UNIDADES DESCENTRAL.EDUC.PROF.;ASS.TEC.EDUC.3A.CL-A.T.ED-III;; ESTATUTARIO;2523,24;;2523,24;216,08;2307,16;
AGRIPINO ABDON DE OLIVEIRA;UNIDADES DESCENTRAL.EDUC.PROF.;ASS.TEC.EDUC.3A.CL-A.T.ED-III;; ESTATUTARIO;2523,24;;2523,24;216,08;2307,16;
ALBERTO GOMES PINTO;NUCLEOS DE EDUC.PROFISSIONAL;GERENTE ACADEMICO AD-2;NAO INFORMADO; CARGO COMISSION.S/VINCULO;3109,79;;3109,79;270,12;2839,67;
ALCIMARA PINHEIRO ALBERTINO;NUCLEOS DE EDUC.PROFISSIONAL;GERENTE ACADEMICO AD-2;NAO INFORMADO; CARGO COMISSION.S/VINCULO;3109,79;;3109,79;270,12;2839,67;
AMANDA ALECSANDRA MOTA R RODRIGUES;UNIDADES DESCENTRAL.EDUC.PROF.;ASS.TEC.EDUC.3A.CL-A.T.ED-III;; ESTATUTARIO;2523,24;;2523,24;216,08;2307,16;
ANA CRISTINA RIBEIRO DE BRITO;GABINETE DO DIRETOR GERAL;CHEFE DE GABINETE;CHEFE DE GABINETE; CARGO COMISSION.S/VINCULO;5729,77;;5729,77;998,67;4731,10;
ANA PAULA HADDAD NEVES;NUCLEOS DE EDUC.PROFISSIONAL;ANALISTA TEC.EDUC.3A.CL-A.T.E-III;; ESTATUTARIO;4583,82;;4583,82;610,65;3973,17;
ANELIANY DA SILVA LIMA;UNIDADES DESCENTRAL.EDUC.PROF.;ASSESSOR III;NAO INFORMADO; CARGO COMISSION.S/VINCULO;3691,80;;3691,80;383,88;3307,92;
ANGELO MACIEL DE SOUZA;ASSESSORIA;ASS.TEC.EDUC.3A.CL-A.T.ED-III;; ESTATUTARIO;2523,24;;2523,24;216,08;2307,16;
ANTONIA LISBOA DA ROCHA;COMISSAO PERMAN.DE CONCURSOS;ASSESSOR III;; CARGO COMISSION.S/VINCULO;3427,73;;3427,73;329,26;3098,47;
ANTONIA MARIA FARIAS ABREU;DIRETORIA ACADEMICA;ASSESSOR II;ASSESSOR II; CARGO COMISSION.S/VINCULO;4709,79;;4709,79;658,51;4051,28;
ANTONIO SOARES DA SILVA FILHO;DIRETORIA ADM.FINANCEIRA;AUX.S.G-III;; ESTATUTARIO;2783,46;;2783,46;136,37;2647,09;
ARACY MARTINS DE ARAUJO;DIRETORIA ADM.FINANCEIRA;GERENTE;; CARGO COMISSION.S/VINCULO;4709,79;;4709,79;658,51;4051,28;
ARAMIS DA CRUZ NORONHA;DIRETORIA ACADEMICA;ANALISTA TEC.EDUC.3A.CL-A.T.E-III;; ESTATUTARIO;4583,82;;4583,82;553,77;4030,05;
ARIADNE MARIA BOH DOS SANTOS;DIRETORIA ACADEMICA;PEDAGOGO C3 ED-ESP-III;DIRETOR ESC.AD-1; ESTATUTARIO;7558,97;;7558,97;1387,00;6171,97;
ARIANA GRIJO DA SILVA;DIRETORIA ACADEMICA;ANALISTA TEC.EDUC.3A.CL-A.T.E-III;; ESTATUTARIO;4583,82;;4583,82;610,65;3973,17;
ARLENE SILVA OLIVEIRA BONFIM;UNIDADES DESCENTRAL.EDUC.PROF.;DIRETOR DE ESC.DE EDUC.PROFISS.AD-1;NAO INFORMADO; CARGO COMISSION.S/VINCULO;5729,77;;5729,77;998,67;4731,10;
AUGUSTO RANIERE DE SOUSA TORRES;UNIDADES DESCENTRAL.EDUC.PROF.;ASS.TEC.EDUC.3A.CL-A.T.ED-III;; ESTATUTARIO;2523,24;;2523,24;216,08;2307,16;
CARLA YAEL DE VASCONCELOS NOGUEIRA;ASSESSORIA;ASSESSOR I;NAO INFORMADO; CARGO COMISSION.S/VINCULO;5729,77;;5729,77;998,67;4731,10;
CARLOS AUGUSTO AQUINO NEGREIROS;DIRETORIA ACADEMICA;ANALISTA TEC.EDUC.3A.CL-A.T.E-III;; ESTATUTARIO;4583,82;;4583,82;610,65;3973,17;
CARMITA DA SILVA LIMA;DIRETORIA ADM.FINANCEIRA;COORDENADOR DE NUCLEO;NAO INFORMADO; CARGO COMISSION.S/VINCULO;5729,77;;5729,77;998,67;4731,10;
CARMO GONCALVES DA COSTA;DIRETORIA ADM.FINANCEIRA;VIGIA-III;; ESTATUTARIO;2405,36;;2405,36;129,69;2275,67;
CLAUDENILSA SANTOS DE O MENDONÇA;UNIDADES DESCENTRAL.EDUC.PROF.;ANALISTA TEC.EDUC.3A.CL-A.T.E-III;; ESTATUTARIO;4583,82;;4583,82;610,65;3973,17;
CLEIDE MONTEIRO PORTO;GABINETE DO DIRETOR GERAL;ASSESSOR I;NAO INFORMADO; CARGO COMISSION.S/VINCULO;5729,77;;5729,77;998,67;4731,10;
DÉCIO CURY GRÖHS;UNIDADES DESCENTRAL.EDUC.PROF.;GERENTE ACADEMICO AD-2;NAO INFORMADO; CARGO COMISSION.S/VINCULO;3109,79;;3109,79;270,12;2839,67;
DANIEL LUCAS DE MATOS CARVALHO;DIRETORIA ADM.FINANCEIRA;GERENTE;NAO INFORMADO; CARGO COMISSION.S/VINCULO;3709,79;;3709,79;388,72;3321,07;
DANIELE DOS SANTOS GOMES;NUCLEOS DE EDUC.PROFISSIONAL;GERENTE ACADEMICO AD-2;NAO INFORMADO; CARGO COMISSION.S/VINCULO;3109,79;;3109,79;270,12;2839,67;
DARCY PEREIRA LIMA;DIRETORIA ADM.FINANCEIRA;AGENTE ADMINISTRATIVO A - N.B.;; ESTATUTARIO;3320,38;;3320,38;266,98;3053,40;
DEBORAH LOPES TAVARES;DIRETORIA ACADEMICA;ASSESSOR II;ASSESSOR II; CARGO COMISSION.S/VINCULO;4709,79;;4709,79;658,51;4051,28;
DEBORAH RENATA PACHECO DOS SANTOS;UNIDADES DESCENTRAL.EDUC.PROF.;ASSESSOR II;NAO INFORMADO; CARGO COMISSION.S/VINCULO;3709,79;;3709,79;388,72;3321,07;
DION EZEQUIEL VIEIRA DE LIMA;UNIDADES DESCENTRAL.EDUC.PROF.;TEC.DE TECNOL.INF.3A.CL-T.T.I-III;; ESTATUTARIO;2523,24;;2523,24;216,08;2307,16;
EDILSON RAMOS DOS SANTOS;UNIDADES DESCENTRAL.EDUC.PROF.;SECRETARIO DE ESC.DE EDUC.PROF.AD-2;SEC.DE ESC.ED.PROFIS; CARGO COMISSION.S/VINCULO;3109,79;;3109,79;270,12;2839,67;
EDINELZA SANTOS DE ALBUQUERQUE;DIRETORIA ACADEMICA;ASSESSOR II;ASSESSOR II; CARGO COMISSION.S/VINCULO;3709,79;;3709,79;388,72;3321,07;
EDMUNDO FERREIRA BRITO NETTO;DIRETORIA ADM.FINANCEIRA;GERENTE;NAO INFORMADO; CARGO COMISSION.S/VINCULO;4709,79;;4709,79;658,51;4051,28;
ELIDA CAMPOS CUNHA;DIRETORIA DE REL.EMP.E INSTIT.;ANALISTA TEC.EDUC.3A.CL-A.T.E-III;; ESTATUTARIO;4583,82;;4583,82;610,65;3973,17;
ELLEN THAIS DA SILVA AZEVEDO;DIRETORIA ACADEMICA;ANALISTA TEC.EDUC.3A.CL-A.T.E-III;; ESTATUTARIO;5905,45;;5905,45;900,63;5004,82;
ENYSSON ALCÂNTARA BARROSO;PROCURADORIA;PROCURADOR CHEFE AD-1;NAO INFORMADO; CARGO COMISSION.S/VINCULO;5729,77;;5729,77;998,67;4731,10;
ERIK SILVA DO NASCIMENTO;DIRETORIA DE REL.EMP.INSTITUC.;ASS.TEC.EDUC.3A.CL-A.T.ED-III;; ESTATUTARIO;2523,24;;2523,24;216,08;2307,16;
ERIKA MARIA NOGUEIRA DA SILVA;DIRETORIA ACADEMICA;ASSESSOR II;; CARGO COMISSION.S/VINCULO;4709,79;;4709,79;600,85;4108,94;
ERNO PAULO PORN;UNIDADES DESCENTRAL.EDUC.PROF.;TEC.DE TECNOL.INF.3A.CL-T.T.I-III;; ESTATUTARIO;2523,24;;2523,24;216,08;2307,16;
FÁTIMA DE JESUS FERREIRA DAVID;NUCLEOS DE EDUC.PROFISSIONAL;GERENTE ACADEMICO AD-2;NAO INFORMADO; CARGO COMISSION.S/VINCULO;3109,79;;3109,79;270,12;2839,67;
FABIANA SILVA OLIVEIRA;NUCLEOS DE EDUC.PROFISSIONAL;GERENTE ACADEMICO AD-2;NAO INFORMADO; CARGO COMISSION.S/VINCULO;3109,79;;3109,79;270,12;2839,67;
FABIENE DA SILVA PACHECO;NUCLEOS DE EDUC.PROFISSIONAL;GERENTE ACADEMICO AD-2;NAO INFORMADO; CARGO COMISSION.S/VINCULO;3109,79;;3109,79;270,12;2839,67;
FELIPE DOS SANTOS DE SOUZA;DIRETORIA ADM.FINANCEIRA;ASS.TEC.EDUC.3A.CL-A.T.ED-III;; ESTATUTARIO;3178,01;;3178,01;253,51;2924,50;
FRANCIANE LIMA DE OLIVEIRA;NUCLEOS DE EDUC.PROFISSIONAL;GERENTE ACADEMICO AD-2;NAO INFORMADO; CARGO COMISSION.S/VINCULO;3109,79;;3109,79;270,12;2839,67;
FRANCINALDO DE MATOS PINTO;NUCLEOS DE EDUC.PROFISSIONAL;GERENTE ACADEMICO AD-2;NAO INFORMADO; CARGO COMISSION.S/VINCULO;3109,79;;3109,79;270,12;2839,67;
FRANCISCA CRISTIANE M FERREIRA;NUCLEOS DE EDUC.PROFISSIONAL;GERENTE ACADEMICO AD-2;NAO INFORMADO; CARGO COMISSION.S/VINCULO;3109,79;;3109,79;270,12;2839,67;
FRANCISCA MARIA GALVAO PICANCO;NUCLEOS DE EDUC.PROFISSIONAL;PROFESSOR PF20.ESP-III;GERENTE ACADEMICO AD; ESTATUTARIO;5869,44;;5869,44;813,37;5056,07;
FRANCISCO CARLOS MARTINS DE LIMA;UNIDADES DESCENTRAL.EDUC.PROF.;ASSISTENTE TECNICO PNM.ANM-I;; ESTATUTARIO;2305,20;;2305,20;192,79;2112,41;
FRANCISCO COSMO DA SILVA DOMINGOS;NUCLEOS DE EDUC.PROFISSIONAL;PROFESSOR PF20.LPL-IV;GERENTE ACADEMICO AD; ESTATUTARIO;4671,20;;4671,20;587,99;4083,21;
FRANCISCO QUEIROZ MENEZES;UNIDADES DESCENTRAL.EDUC.PROF.;COORDENADOR DE CURSO AD-1;; CARGO COMISSION.S/VINCULO;4729,77;;4729,77;665,17;4064,60;
FRANKLENO FERREIRA DA ENCARNAÇÃO;DIRETORIA ACADEMICA;ANALISTA TEC.EDUC.3A.CL-A.T.E-III;; ESTATUTARIO;4583,82;;4583,82;610,65;3973,17;
GERSON BARROS PEREIRA;DIRETORIA ACADEMICA;COORDENADOR DE CURSO AD-1;; CARGO COMISSION.S/VINCULO;4806,36;;4806,36;690,71;4115,65;
GILMARXE SANTANA PENAFORTE;NUCLEOS DE EDUC.PROFISSIONAL;GERENTE ACADEMICO AD-2;NAO INFORMADO; CARGO COMISSION.S/VINCULO;3109,79;;3109,79;270,12;2839,67;
GISELE DE BRITO BRAGA;DIRETORIA ACADEMICA;ASSESSOR I;ASSESSOR I; CARGO COMISSION.S/VINCULO;5729,77;;5729,77;998,67;4731,10;
GLAUCO BARROS E SILVA;DIRETORIA ACADEMICA;ANALISTA TEC.EDUC.3A.CL-A.T.E-III;; ESTATUTARIO;4583,82;;4583,82;610,65;3973,17;
GRECIANE DE OLIVEIRA ROSSETTI;UNIDADES DESCENTRAL.EDUC.PROF.;ASS.TEC.EDUC.3A.CL-A.T.ED-III;ASSIST. ADMINISTRAT.; ESTATUTARIO;3312,80;;3312,80;266,15;3046,65;
HONORATO RODRIGUES NUNES;DIRETORIA ADM.FINANCEIRA;AUX.S.G-III;; ESTATUTARIO;1937,86;;1937,86;129,69;1808,17;
IRES ALVES DA SILVA;DIRETORIA ACADEMICA;COORDENADOR DE CURSO AD-1;; CARGO COMISSION.S/VINCULO;4729,77;;4729,77;665,17;4064,60;
ITELVINA ANDREA DE SOUZA AYRES;UNIDADES DESCENTRAL.EDUC.PROF.;GERENTE ACADEMICO AD-2;NAO INFORMADO; CARGO COMISSION.S/VINCULO;3109,79;;3109,79;270,12;2839,67;
JADEILSON LIMA RIBEIRO;UNIDADES DESCENTRAL.EDUC.PROF.;DIRETOR DE ESC.DE EDUC.PROFISS.AD-1;NAO INFORMADO; CARGO COMISSION.S/VINCULO;5729,77;;5729,77;998,67;4731,10;
JANDIRA FROTA MAGALHAES;NUCLEOS DE EDUC.PROFISSIONAL;ASS.TEC.EDUC.3A.CL-A.T.ED-III;; ESTATUTARIO;2523,24;;2523,24;216,08;2307,16;
JANEIDE MEDEIROS DE ALMEIDA;DIRETORIA ADM.FINANCEIRA;ASS.TEC.EDUC.3A.CL-A.T.ED-III;; ESTATUTARIO;3178,01;;3178,01;253,51;2924,50;
JANNYNIE KELLY HATTA SCHNNYDER;DIRETORIA ACADEMICA;ASSESSOR II;ASSESSOR II; CARGO COMISSION.S/VINCULO;4709,79;;4709,79;658,51;4051,28;
JOAO COSTA DA SILVA;NUCLEOS DE EDUC.PROFISSIONAL;GERENTE ACADEMICO AD-2;NAO INFORMADO; CARGO COMISSION.S/VINCULO;3109,79;;3109,79;270,12;2839,67;
JOAO KLEBER SERRAO DE FREITAS;UNIDADES DESCENTRAL.EDUC.PROF.;ANALISTA TEC.EDUC.3A.CL-A.T.E-III;; ESTATUTARIO;4583,82;;4583,82;610,65;3973,17;
JOED BARBOSA MENDES;NUCLEOS DE EDUC.PROFISSIONAL;TEC.DE TECNOL.INF.3A.CL-T.T.I-III;; ESTATUTARIO;3178,01;;3178,01;253,51;2924,50;
JOESIA MOREIRA JULIAO PACHECO;GABINETE DO DIRETOR GERAL;PROF.DOUTOR ADJ.B 20HS-PD.111.20;DIRETOR PRESIDENTE; ESTATUTARIO;9900,00;;9900,00;1853,14;8046,86;
JORGE SIQUEIRA CORREA;UNIDADES DESCENTRAL.EDUC.PROF.;PROFESSOR PF20.ESP-III;GERENTE ACADEMICO AD; ESTATUTARIO;5628,92;;5628,92;730,53;4898,39;
JOSÉ AUGUSTO SOUSA DA SILVA;UNIDADES DESCENTRAL.EDUC.PROF.;ANALISTA TEC.EDUC.3A.CL-A.T.E-III;; ESTATUTARIO;4083,82;;4083,82;610,65;3473,17;
JOSÉ MARIA GUEDES TROVÃO;NUCLEOS DE EDUC.PROFISSIONAL;GERENTE ACADEMICO AD-2;NAO INFORMADO; CARGO COMISSION.S/VINCULO;3109,79;;3109,79;270,12;2839,67;
JOSE FERREIRA DO NASCIMENTO;NUCLEOS DE EDUC.PROFISSIONAL;AUX.DE SERV.GERAIS PNF.ASG-III;GERENTE ACADEMICO AD; ESTATUTARIO;4294,83;;4294,83;305,46;3989,37;
JOSE GUEDES DA SILVA;UNIDADES DESCENTRAL.EDUC.PROF.;AUX.S.G-III;; ESTATUTARIO;1692,03;;1692,03;127,30;1564,73;
JOSE MANUEL SALUSTIANO MENDES;DIRETORIA ADM.FINANCEIRA;GERENTE;NAO INFORMADO; CARGO COMISSION.S/VINCULO;3709,79;;3709,79;340,45;3369,34;
JOSE PAULO CLAUDINO DA SILVA;DIRETORIA DE REL.EMP.INSTITUC.;ANALISTA TEC.EDUC.3A.CL-A.T.E-III;; ESTATUTARIO;4583,82;;4583,82;525,34;4058,48;
JOSE SEBASTIAO CARDOSO SILVA;DIRETORIA ADM.FINANCEIRA;MOT-III;; ESTATUTARIO;2720,86;;2720,86;141,08;2579,78;
JOSELMA BASTOS GONCALVES;UNIDADES DESCENTRAL.EDUC.PROF.;ASS.TEC.EDUC.3A.CL-A.T.ED-III;; ESTATUTARIO;2523,24;;2523,24;216,08;2307,16;
JOSIANY DANTAS DA MOTA;DIRETORIA ACADEMICA;ANALISTA TEC.EDUC.3A.CL-A.T.E-III;; ESTATUTARIO;5905,45;;5905,45;900,63;5004,82;
JOYCE VIVIANNE VELOSO DE LIMA;DIRETORIA ADM.FINANCEIRA;DIRETOR ADMINISTRATIVO E FINANCEIRO;NAO INFORMADO; CARGO COMISSION.S/VINCULO;9500,00;;9500,00;2122,62;7377,38;
JOZENILSON LOPES DE PONTES;UNIDADES DESCENTRAL.EDUC.PROF.;GERENTE ACADEMICO AD-2;NAO INFORMADO; CARGO COMISSION.S/VINCULO;3979,72;;3979,72;461,33;3518,39;
JULIANA MARTINS DE MEDEIROS RIBEIRO;PROCURADORIA;ASS.TEC.EDUC.3A.CL-A.T.ED-III;; ESTATUTARIO;2523,24;;2523,24;216,08;2307,16;
JUSSARA NEGREIROS FERREIRA;UNIDADES DESCENTRAL.EDUC.PROF.;ASSESSOR II;NAO INFORMADO; CARGO COMISSION.S/VINCULO;4709,79;;4709,79;658,51;4051,28;
KASSIO DA SILVA FERNANDES;NUCLEOS DE EDUC.PROFISSIONAL;GERENTE ACADEMICO AD-2;NAO INFORMADO; CARGO COMISSION.S/VINCULO;3109,79;;3109,79;270,12;2839,67;
KATIUCHA DE CASTRO NIGRO;DIRETORIA DE REL.EMP.E INSTIT.;ANALISTA TEC.EDUC.3A.CL-A.T.E-III;; ESTATUTARIO;4083,82;;4083,82;610,65;3473,17;
KELLEN BARBOSA;UNIDADES DESCENTRAL.EDUC.PROF.;SECRETARIO DE ESC.DE EDUC.PROF.AD-2;; CARGO COMISSION.S/VINCULO;3979,72;;3979,72;461,33;3518,39;
KEUMISON MARQUES DE OLIVEIRA;NUCLEOS DE EDUC.PROFISSIONAL;GERENTE ACADEMICO AD-2;NAO INFORMADO; CARGO COMISSION.S/VINCULO;3109,79;;3109,79;270,12;2839,67;
KINDREULLY RALINY SILVA DE SOUZA;GABINETE DO DIRETOR GERAL;ASS.TEC.EDUC.3A.CL-A.T.ED-III;ASSIST.TEC.3CLASSE; ESTATUTARIO;2523,24;;2523,24;216,08;2307,16;
LÍVIA GISELA NASCIMENTO DA CUNHA;DIRETORIA ADM.FINANCEIRA;ANALISTA TEC.EDUC.3A.CL-A.T.E-III;; ESTATUTARIO;5905,45;;5905,45;900,63;5004,82;
LARYSSA SOUZA NORONHA;UNIDADES DESCENTRAL.EDUC.PROF.;ASS.TEC.EDUC.3A.CL-A.T.ED-III;; ESTATUTARIO;2523,24;;2523,24;216,08;2307,16;
LEANDRO MADY DA SILVA;DIRETORIA ADM.FINANCEIRA;ASS.TEC.EDUC.3A.CL-A.T.ED-III;; ESTATUTARIO;2523,24;;2523,24;216,08;2307,16;
LEONARDO BRUNO BARBOSA MONTEIRO;DIRETORIA DE REL.EMP.INSTITUC.;DIRETOR DE REL.EMPRES.E INSTITUC.;NAO INFORMADO; CARGO COMISSION.S/VINCULO;9500,00;;9500,00;2122,62;7377,38;
LEONILSON TAVARES DE MELO;NUCLEOS DE EDUC.PROFISSIONAL;GERENTE ACADEMICO AD-2;NAO INFORMADO; CARGO COMISSION.S/VINCULO;3109,79;;3109,79;270,12;2839,67;
LEONIR ERONICE REINERT DE ABREU;DIRETORIA ACADEMICA;PROFESSOR;; ESTATUTARIO;3450,78;;3450,78;133,30;3317,48;
LEONIR ERONICE REINERT DE ABREU;DIRETORIA ACADEMICA;PROFESSOR;; ESTATUTARIO;1073,35;;1073,35;103,95;969,40;
LIDIA ALENCAR DE QUEIROZ;DIRETORIA ACADEMICA;SECRETARIO DE ESC.DE EDUC.PROF.AD-2;SEC.DE ESC.DE EDUC.; CARGO COMISSION.S/VINCULO;3109,79;;3109,79;270,12;2839,67;
LIDIANE TAMIRES PANTOJA DA SILVA;DIRETORIA ADM.FINANCEIRA;ASS.TEC.EDUC.3A.CL-A.T.ED-III;; ESTATUTARIO;2523,24;;2523,24;216,08;2307,16;
LILIANE SOUZA DA PAIXAO;COMISSAO PERMAN.DE CONCURSOS;ASSESSOR II;NAO INFORMADO; CARGO COMISSION.S/VINCULO;2713,79;;2713,79;187,28;2526,51;
LORENA DE SOUZA RIBEIRO GATTO;NUCLEOS DE EDUC.PROFISSIONAL;SECRETARIO DE ESC.DE EDUC.PROF.AD-2;NAO INFORMADO; CARGO COMISSION.S/VINCULO;3109,79;;3109,79;270,12;2839,67;
LUCIANA BARROSO ALMEIDA;DIRETORIA ADM.FINANCEIRA;ASS.TEC.EDUC.3A.CL-A.T.ED-III;; ESTATUTARIO;2523,24;;2523,24;216,08;2307,16;
LUCIO MATHEUS FERREIRA DO REGO;ASSESSORIA;TEC.DE TECNOL.INF.3A.CL-T.T.I-III;; ESTATUTARIO;2523,24;;2523,24;216,08;2307,16;
LUIZ ANDRE CANTO PANTOJA;DIRETORIA ACADEMICA;ASS.TEC.EDUC.3A.CL-A.T.ED-III;; ESTATUTARIO;2523,24;;2523,24;216,08;2307,16;
LUIZ DE MOURA FERREIRA;NUCLEOS DE EDUC.PROFISSIONAL;GERENTE ACADEMICO AD-2;NAO INFORMADO; CARGO COMISSION.S/VINCULO;3109,79;;3109,79;270,12;2839,67;
LUSSANDRA MIRELLI DE MELO PINTO;UNIDADES DESCENTRAL.EDUC.PROF.;ASSESSOR II;; CARGO COMISSION.S/VINCULO;4709,79;;4709,79;658,51;4051,28;
MANOEL DOS SANTOS VIEIRA;UNIDADES DESCENTRAL.EDUC.PROF.;AUXILIAR DE SERVICOS GERAIS;; ESTATUTARIO;1675,53;;1675,53;127,30;1548,23;
MARCELO AUGUSTO MARTINS LEMOS;DIRETORIA ADM.FINANCEIRA;ASSESSOR III;ASSESSOR III; CARGO COMISSION.S/VINCULO;3691,80;;3691,80;383,88;3307,92;
MARCELO FABIANO DE OLIVEIRA FARIAS;NUCLEOS DE EDUC.PROFISSIONAL;GERENTE ACADEMICO AD-2;NAO INFORMADO; CARGO COMISSION.S/VINCULO;3109,79;;3109,79;270,12;2839,67;
MARCIA CRISTINA THOMAZ;UNIDADES DESCENTRAL.EDUC.PROF.;ASSESSOR III;NAO INFORMADO; CARGO COMISSION.S/VINCULO;3091,80;;3091,80;266,78;2825,02;
MARCIA FERNANDA IZIDORIO GOMES;DIRETORIA ACADEMICA;PROFESSOR;PROFESSOR; ESTATUTARIO;4050,78;;4050,78;190,09;3860,69;
MARCIA TORRES DA SILVA;DIRETORIA ADM.FINANCEIRA;COORDENADOR DE CURSO AD-1;NAO INFORMADO; CARGO COMISSION.S/VINCULO;4729,77;;4729,77;665,17;4064,60;
MARCOS EVANDRO LEON LEITE;UNIDADES DESCENTRAL.EDUC.PROF.;AUX.S.G-III;; ESTATUTARIO;2698,53;;2698,53;127,30;2571,23;
MARGARETH CORDEIRO DA SILVA;DIRETORIA ADM.FINANCEIRA;ASSESSOR II;; CARGO COMISSION.S/VINCULO;4779,72;;4779,72;681,83;4097,89;
MARIA DA CONCEICAO DAVILA TOMAZ;DIRETORIA ADM.FINANCEIRA;ASSESSOR IV;NAO INFORMADO; CARGO COMISSION.S/VINCULO;3075,61;;3075,61;263,77;2811,84;
MARIA DE NAZARE LIMA DOS SANTOS;NUCLEOS DE EDUC.PROFISSIONAL;GERENTE ACADEMICO AD-2;NAO INFORMADO; CARGO COMISSION.S/VINCULO;3109,79;;3109,79;270,12;2839,67;
MARIA DO PERPETUO S R CAVALCANTI;UNIDADES DESCENTRAL.EDUC.PROF.;ANALISTA TEC.EDUC.3A.CL-A.T.E-III;; ESTATUTARIO;4583,82;;4583,82;610,65;3973,17;
MARIA EMILIA FREITAS DE SOUZA SILVA;DIRETORIA ADM.FINANCEIRA;A.OPE-III;; ESTATUTARIO;4132,05;;4132,05;311,39;3820,66;
MARIA IRACELMA ARAUJO DOS SANTOS;NUCLEOS DE EDUC.PROFISSIONAL;COORDENADOR DE CURSO AD-1;NAO INFORMADO; CARGO COMISSION.S/VINCULO;3729,77;;3729,77;394,10;3335,67;
MARIA OLINDA SAMPAIO SALDANHA;DIRETORIA ADM.FINANCEIRA;AUX.S.G-III;; ESTATUTARIO;1937,86;;1937,86;129,69;1808,17;
MARIA ROGERIA DA SILVA MESQUITA;DIRETORIA ACADEMICA;ANALISTA TEC.EDUC.3A.CL-A.T.E-III;; ESTATUTARIO;4583,82;;4583,82;610,65;3973,17;
MARIA SOLANGE MESQUITA;UNIDADES DESCENTRAL.EDUC.PROF.;ASSESSOR II;ASSESSOR II; CARGO COMISSION.S/VINCULO;3709,79;;3709,79;388,72;3321,07;
MARIA VERONICA CASTRO NETA;DIRETORIA ADM.FINANCEIRA;ASSESSOR III;; CARGO COMISSION.S/VINCULO;3091,80;;3091,80;266,78;2825,02;
MARIA ZULEIDE FERREIRA;DIRETORIA ADM.FINANCEIRA;ASS.TEC.EDUC.3A.CL-A.T.ED-III;COORDENADOR DE CURSO; ESTATUTARIO;6522,11;;6522,11;919,75;5602,36;
MARILIA JAQUES DA SILVA;NUCLEOS DE EDUC.PROFISSIONAL;GERENTE ACADEMICO AD-2;NAO INFORMADO; CARGO COMISSION.S/VINCULO;3109,79;;3109,79;270,12;2839,67;
MARIQUINHA GOMES PONTES;NUCLEOS DE EDUC.PROFISSIONAL;GERENTE ACADEMICO AD-2;NAO INFORMADO; CARGO COMISSION.S/VINCULO;3109,79;;3109,79;270,12;2839,67;
MARLETE LOPES CORREA;COMISSAO PERMAN.DE CONCURSOS;ANALISTA TEC.EDUC.3A.CL-A.T.E-III;; ESTATUTARIO;7888,81;;7888,81;1605,08;6283,73;
MERNIQUE ALMEIDA DA SILVA;UNIDADES DESCENTRAL.EDUC.PROF.;AUXILIAR DE SERVICOS GERAIS;; ESTATUTARIO;1675,53;;1675,53;127,30;1548,23;
MIGUEL GERALDO LIMA DA CUNHA;UNIDADES DESCENTRAL.EDUC.PROF.;ASS.TEC.EDUC.3A.CL-A.T.ED-III;; ESTATUTARIO;2523,24;;2523,24;216,08;2307,16;
NANCI HELENA BACH MOREIRA;UNIDADES DESCENTRAL.EDUC.PROF.;ANALISTA TEC.EDUC.3A.CL-A.T.E-III;; ESTATUTARIO;4583,82;;4583,82;610,65;3973,17;
NATASHA NASCIMENTO DE SOUSA;UNIDADES DESCENTRAL.EDUC.PROF.;SECRETARIO DE ESC.DE EDUC.PROF.AD-2;NAO INFORMADO; CARGO COMISSION.S/VINCULO;3109,79;;3109,79;270,12;2839,67;
NEY MAGALHÃES DA SILVA;NUCLEOS DE EDUC.PROFISSIONAL;GERENTE ACADEMICO AD-2;NAO INFORMADO; CARGO COMISSION.S/VINCULO;3109,79;;3109,79;270,12;2839,67;
NICOLAS SAMPAIO BEVILAQUA;DIRETORIA DE REL.EMP.INSTITUC.;ASS.TEC.EDUC.3A.CL-A.T.ED-III;; ESTATUTARIO;2523,24;;2523,24;216,08;2307,16;
NUBIA SILVA CAVALCANTE E SOUZA;DIRETORIA ACADEMICA;GERENTE DE PROJETOS AD-2;GERENTE PROJETO AD-2; CARGO COMISSION.S/VINCULO;4709,79;;4709,79;658,51;4051,28;
ODELÂNDIA RABELO SILVA;UNIDADES DESCENTRAL.EDUC.PROF.;ASS.TEC.EDUC.3A.CL-A.T.ED-III;; ESTATUTARIO;2523,24;;2523,24;216,08;2307,16;
OTILIA FAUSTA GOES TAVARES;UNIDADES DESCENTRAL.EDUC.PROF.;PROFESSOR;; ESTATUTARIO;3086,81;;3086,81;126,25;2960,56;
OTILIA FAUSTA GOES TAVARES;UNIDADES DESCENTRAL.EDUC.PROF.;PROFESSOR C6 ED-ADC-VI;; ESTATUTARIO;1076,35;;1076,35;114,95;961,40;
PAULO CESAR MOREIRA DE SOUZA;ASSESSORIA;ANALISTA TEC.EDUC.3A.CL-A.T.E-III;; ESTATUTARIO;4583,82;;4583,82;582,21;4001,61;
PEDRO SANTAREM DE SOUZA;DIRETORIA ACADEMICA;ANALISTA TEC.EDUC.3A.CL-A.T.E-III;; ESTATUTARIO;4083,82;;4083,82;610,65;3473,17;
RAFAEL DE ARAUJO MIRANDA;ASSESSORIA;ASS.TEC.EDUC.3A.CL-A.T.ED-III;; ESTATUTARIO;2523,24;;2523,24;216,08;2307,16;
RAIZINARA DE OLIVEIRA ZURRA;UNIDADES DESCENTRAL.EDUC.PROF.;DIRETOR DE ESC.DE EDUC.PROFISS.AD-1;NAO INFORMADO; CARGO COMISSION.S/VINCULO;5729,77;;5729,77;998,67;4731,10;
RALFA GOMES DE SOUZA;NUCLEOS DE EDUC.PROFISSIONAL;ANALISTA TEC.EDUC.3A.CL-A.T.E-III;; ESTATUTARIO;4583,82;;4583,82;610,65;3973,17;
RAQUEL AGUIAR DA SILVA;DIRETORIA ACADEMICA;COORDENADOR DE CURSO AD-1;; CARGO COMISSION.S/VINCULO;3729,77;;3729,77;394,10;3335,67;
REGIANE OLIVEIRA DA SILVA;DIRETORIA ADM.FINANCEIRA;ASSESSOR II;NAO INFORMADO; CARGO COMISSION.S/VINCULO;3709,79;;3709,79;388,72;3321,07;
REGIOMARA LASMAR COSTA;UNIDADES DESCENTRAL.EDUC.PROF.;COORDENADOR DE CURSO AD-1;COORDENADOR DE CURSO; CARGO COMISSION.S/VINCULO;4806,36;;4806,36;690,71;4115,65;
RENATA LIBORIO BRUCE;DIRETORIA ACADEMICA;ASS.TEC.EDUC.3A.CL-A.T.ED-III;; ESTATUTARIO;2523,24;;2523,24;216,08;2307,16;
RITA MARA MIRANDA GARCIA;NUCLEOS DE EDUC.PROFISSIONAL;PROFESSOR PF20.ESP-III;DIRETOR ACADEMICO; ESTATUTARIO;11425,30;;11425,30;2331,22;9094,08;
ROBERTA DA SILVA PINHEIRO;DIRETORIA ACADEMICA;SECRETARIO DE ESC.DE EDUC.PROF.AD-2;SEC.ESC.EDUC.PROF.; CARGO COMISSION.S/VINCULO;3709,79;;3709,79;388,72;3321,07;
RODRIGO ALBERTO DE ABREU LIMA;PROCURADORIA;GERENTE DE PROJETOS AD-2;NAO INFORMADO; CARGO COMISSION.S/VINCULO;6113,05;;6113,05;1141,68;4971,37;
RUBEM PEREIRA BARBOSA;UNIDADES DESCENTRAL.EDUC.PROF.;DIRETOR DE ESC.DE EDUC.PROFISS.AD-1;NAO INFORMADO; CARGO COMISSION.S/VINCULO;5729,77;;5729,77;998,67;4731,10;
SALATIEL DA ROCHA GOMES;UNIDADES DESCENTRAL.EDUC.PROF.;ANALISTA TEC.EDUC.3A.CL-A.T.E-III;DIRETOR DE ESC.DE ED; ESTATUTARIO;6904,84;;6904,84;1123,33;5781,51;
SARA RAQUEL NEGREIROS FRANÇA;UNIDADES DESCENTRAL.EDUC.PROF.;ASS.TEC.EDUC.3A.CL-A.T.ED-III;; ESTATUTARIO;2523,24;;2523,24;216,08;2307,16;
SIDILANDE PICANCO FERREIRA;DIRETORIA ACADEMICA;COORDENADOR DE CURSO AD-1;; CARGO COMISSION.S/VINCULO;4729,77;;4729,77;665,17;4064,60;
SIDNEI CARVALHO CINTRA;NUCLEOS DE EDUC.PROFISSIONAL;GERENTE ACADEMICO AD-2;NAO INFORMADO; CARGO COMISSION.S/VINCULO;3109,79;;3109,79;270,12;2839,67;
SONIA FERREIRA DA SILVA;COMISSAO PERMAN.DE CONCURSOS;PRESIDENTE COM.PERMAN.CONCUR.AD-1;; CARGO COMISSION.S/VINCULO;5729,77;;5729,77;998,67;4731,10;
SUANY DE ARAUJO SARAIVA;NUCLEOS DE EDUC.PROFISSIONAL;PROFESSOR PF20.LPL-IV;; ESTATUTARIO;5140,01;;5140,01;578,59;4561,42;
TAINA ABECASSIS TEIXEIRA;DIRETORIA DE REL.EMP.INSTITUC.;ANALISTA TEC.EDUC.3A.CL-A.T.E-III;; ESTATUTARIO;4583,82;;4583,82;610,65;3973,17;
TAINAH BARBOSA NEPOMUCENO;NUCLEOS DE EDUC.PROFISSIONAL;ASS.TEC.EDUC.3A.CL-A.T.ED-III;; ESTATUTARIO;2523,24;;2523,24;216,08;2307,16;
TAMYRES MENEZES DE ANDRADE;UNIDADES DESCENTRAL.EDUC.PROF.;ASS.TEC.EDUC.3A.CL-A.T.ED-III;; ESTATUTARIO;2523,24;;2523,24;216,08;2307,16;
TANIA MARIA BEZERRA CARREIRA;COMISSAO PERMAN.DE CONCURSOS;ASSESSOR II;ASSESSOR II; CARGO COMISSION.S/VINCULO;3109,79;;3109,79;270,12;2839,67;
THAMARA PAIVA SILVA;DIRETORIA ADM.FINANCEIRA;ASS.TEC.EDUC.3A.CL-A.T.ED-III;; ESTATUTARIO;3178,01;;3178,01;253,51;2924,50;
THIAGO TEIXEIRA GILONA;DIRETORIA ADM.FINANCEIRA;GERENTE;NAO INFORMADO; CARGO COMISSION.S/VINCULO;3709,79;;3709,79;388,72;3321,07;
VALCIR MELO DA SILVA;NUCLEOS DE EDUC.PROFISSIONAL;PROFESSOR PF20.ESP-III;GERENTE ACADEMICO AD; ESTATUTARIO;5311,56;;5311,56;793,43;4518,13;
VALDENOR ALVES CORDEIRO;UNIDADES DESCENTRAL.EDUC.PROF.;ASSISTENTE ADMINISTRATIVO;; ESTATUTARIO;2523,24;;2523,24;216,08;2307,16;
VALERIA GOMES DE MELO;NUCLEOS DE EDUC.PROFISSIONAL;SECRETARIO DE ESC.DE EDUC.PROF.AD-2;NAO INFORMADO; CARGO COMISSION.S/VINCULO;2713,79;;2713,79;187,28;2526,51;
VALTEMIR FERREIRA CORDEIRO;NUCLEOS DE EDUC.PROFISSIONAL;GERENTE ACADEMICO AD-2;NAO INFORMADO; CARGO COMISSION.S/VINCULO;3109,79;;3109,79;270,12;2839,67;
VANESSA HOLANDA GONÇALVES;DIRETORIA ADM.FINANCEIRA;COORDENADOR DE NUCLEO;NAO INFORMADO; CARGO COMISSION.S/VINCULO;5729,77;;5729,77;998,67;4731,10;
VANESSA KAREN PINTO B MEDEIROS;GABINETE DO DIRETOR GERAL;ASSESSOR III;ASSESSOR III; CARGO COMISSION.S/VINCULO;3691,80;;3691,80;383,88;3307,92;
VICTOR BARROCO HARB;PROCURADORIA;GERENTE DE PROJETOS AD-2;NAO INFORMADO; CARGO COMISSION.S/VINCULO;4709,79;;4709,79;658,51;4051,28;
VICTOR LOZOVOI FIGUEIREDO DE ARA JO;DIRETORIA ADM.FINANCEIRA;ASS.TEC.EDUC.3A.CL-A.T.ED-III;; ESTATUTARIO;2523,24;;2523,24;216,08;2307,16;
VITOR CANTANHEDE BARRETO;DIRETORIA ADM.FINANCEIRA;ASS.TEC.EDUC.3A.CL-A.T.ED-III;; ESTATUTARIO;2523,24;;2523,24;216,08;2307,16;
VIVIAN CHRISTIANE ATAIDE MORAES;DIRETORIA ACADEMICA;ASSESSOR II;ASSESSOR II AD-2; CARGO COMISSION.S/VINCULO;4709,79;;4709,79;658,51;4051,28;
WAGNER GAMA DA ROCHA MATOS;ASSESSORIA;ASSESSOR II;; CARGO COMISSION.S/VINCULO;4709,79;;4709,79;658,51;4051,28;
WALDERLES FELIX BRANDÃO;UNIDADES DESCENTRAL.EDUC.PROF.;GERENTE ACADEMICO AD-2;NAO INFORMADO; CARGO COMISSION.S/VINCULO;3109,79;;3109,79;270,12;2839,67;
WELLINGTHON SALES BATALHA;UNIDADES DESCENTRAL.EDUC.PROF.;TEC.DE TECNOL.INF.3A.CL-T.T.I-III;; ESTATUTARIO;2523,24;;2523,24;216,08;2307,16;
WELLINGTON COSTA DA SILVA;ASSESSORIA;ANALISTA TEC.EDUC.3A.CL-A.T.E-III;; ESTATUTARIO;4583,82;;4583,82;610,65;3973,17;
ZAIRA NOGUEIRA QUEIROZ;DIRETORIA ACADEMICA;GERENTE DE PROJETOS AD-2;GERENTE PROJETO AD-2; CARGO COMISSION.S/VINCULO;4709,79;;4709,79;658,51;4051,28;
