NOME;LOTACAO;CARGO;FUNCAO;VINCULO;REMUNERACAO LEGAL TOTAL(R$);DESC.TETO(R$); REMUNERACAO LEGAL DEVIDA(R$);DESCONTOS LEGAIS(R$);LIQUIDO DISPONIVEL(R$);
ADRIANA DIAS DE ALMEIDA;SUBCONTROL.DE OUVIDORIA;ASSESSOR III;NAO INFORMADO; CARGO COMISSION.S/VINCULO;3691,80;;3691,80;392,90;3298,90;
ALDINE DE AGUIAR CASTRO GOMES;SUBCONTROL.DE OUVIDORIA;ASSESSOR III;NAO INFORMADO; CARGO COMISSION.S/VINCULO;3691,80;;3691,80;422,40;3269,40;
ANA PAULA DE FREITAS LOPES;SUBCONTROL.DE CONTROL.INTERNO;ASSESSOR I;NAO INFORMADO; CARGO COMISSION.S/VINCULO;5729,77;;5729,77;986,40;4743,37;
ANATHILDE LAPA MAIA;GABINETE DO SECRETARIO;ASSESSOR DE CONTROLE INTERNO II;; CARGO COMISSION.S/VINCULO;4709,79;;4709,79;670,28;4039,51;
ANDRE LUIZ DE SOUZA ANZOATEGUI;SUBCONTROL.DE CONTROL.INTERNO;INVEST.DE POL. 4A.CL. PC-INV.IV;ASSESSOR I AD-1; ESTATUTARIO;5500,00;;5500,00;453,50;5046,50;
ANDRESSA MARQUES DE SOUZA;GABINETE DO SECRETARIO;ASSESSOR III;NAO INFORMADO; CARGO COMISSION.S/VINCULO;3691,80;;3691,80;422,40;3269,40;
ANDSON LIMA MOREIRA;DEPTO.RECURSOS DA INFORMACAO;ASSESSOR IV;NAO INFORMADO; CARGO COMISSION.S/VINCULO;3075,61;;3075,61;264,79;2810,82;
ANTONIO ELIAS DE SOUZA;DPTO.ADMINISTRACAO E FINANCAS;CHEFE DE DEPARTAMENTO;NAO INFORMADO; CARGO COMISSION.S/VINCULO;5729,77;;5729,77;986,40;4743,37;
AURICLEIA NASCIMENTO DE A REBOUCAS;SUBCONTROL.DE CONTROL.INTERNO;DIGITADOR;ASSESSOR II AD-2; ESTATUTARIO;5271,54;;5271,54;424,60;4846,94;
CAROL DE PINHO ASSI ALENCAR;GABINETE DO SECRETARIO;CHEFE DE GABINETE;NAO INFORMADO; CARGO COMISSION.S/VINCULO;5729,77;;5729,77;901,09;4828,68;
CASSIA DE OLIVEIRA DUARTE G SILVA;DPTO.ADMINISTRACAO E FINANCAS;GERENTE;; CARGO COMISSION.S/VINCULO;4709,79;;4709,79;670,28;4039,51;
CLEONE BARROS DE ALMEIDA;SUBCONTROL.DE CONTROL.INTERNO;TNS-II;ASSESSOR II AD-2; ESTATUTARIO;4912,70;;4912,70;662,79;4249,91;
CYAILLEN CARVALHO ESPINDOLA;GABINETE DO SECRETARIO;ASSESSOR III;NAO INFORMADO; CARGO COMISSION.S/VINCULO;3691,80;;3691,80;422,40;3269,40;
DORVAL FERREIRA MARTINS FILHO;GABINETE DO SECRETARIO;ASSESSOR II;NAO INFORMADO; CARGO COMISSION.S/VINCULO;4709,79;;4709,79;670,28;4039,51;
EDENILSON PINHEIRO SILVA;DPTO.ADMINISTRACAO E FINANCAS;ASSESSOR III;NAO INFORMADO; CARGO COMISSION.S/VINCULO;4755,73;;4755,73;624,59;4131,14;
ELAINE PEIXOTO MATTOS;ASSESSORIA TECNICA;ASSESSOR JURIDICO;NAO INFORMADO; CARGO COMISSION.S/VINCULO;5729,77;;5729,77;986,40;4743,37;
ELEM DO SOCORRO MEDEIROS DE AZEVEDO;DPTO.ADMINISTRACAO E FINANCAS;GERENTE;; CARGO COMISSION.S/VINCULO;4709,79;;4709,79;670,28;4039,51;
ELIONILDE ARAUJO DA SILVA;DPTO.ADMINISTRACAO E FINANCAS;ASSESSOR I;NAO INFORMADO; CARGO COMISSION.S/VINCULO;5729,77;;5729,77;986,40;4743,37;
ENEIAS PEREIRA NASCIMENTO;DEPTO.RECURSOS DA INFORMACAO;ASSESSOR III;; CARGO COMISSION.S/VINCULO;3691,80;;3691,80;392,90;3298,90;
ENOQUE MOREIRA NUNES JUNIOR;SUBCONTROL.DE CONTROL.INTERNO;ASSESSOR I;NAO INFORMADO; CARGO COMISSION.S/VINCULO;5920,75;;5920,75;1047,73;4873,02;
ENZA RAFAELA RODRIGUES P AQUINO;SUBCONTROL.DE CONTROL.INTERNO;ASSESSOR III;; CARGO COMISSION.S/VINCULO;3691,80;;3691,80;407,12;3284,68;
ERIVALDER ARAUJO BARREIROS;SUBCONTROL.DE CONTROL.INTERNO;ASSESSOR II;NAO INFORMADO; CARGO COMISSION.S/VINCULO;4866,77;;4866,77;713,49;4153,28;
ERLINS VALÉRIO DOS SANTOS;GABINETE DO SECRETARIO;ASSESSOR III;NAO INFORMADO; CARGO COMISSION.S/VINCULO;3691,80;;3691,80;422,40;3269,40;
FABIO DIEGO GOMES RAMOS;DEPTO.RECURSOS DA INFORMACAO;ASSESSOR DE TECNOL.DA INFORMACAO;; CARGO COMISSION.S/VINCULO;5729,77;;5729,77;901,09;4828,68;
GEISY LUCIO LOURENCO SILVA;SUBCONTROL.DE CONTROL.INTERNO;ASSESSOR DE CONTROLE INTERNO II;NAO INFORMADO; CARGO COMISSION.S/VINCULO;4709,79;;4709,79;499,54;4210,25;
GLAUCIA LANE BRAGA FERREIRA;DPTO.ADMINISTRACAO E FINANCAS;TNS-I;; ESTATUTARIO;4662,79;;4662,79;686,15;3976,64;
HOEBER SILVA E SILVA;DPTO.ADMINISTRACAO E FINANCAS;ASSESSOR III;; CARGO COMISSION.S/VINCULO;3691,80;;3691,80;422,40;3269,40;
INGRID DE OLIVEIRA MENEZES;SUBCONTROL.DE CONTROL.INTERNO;ASSESSOR DE CONTROLE INTERNO II;NAO INFORMADO; CARGO COMISSION.S/VINCULO;4709,79;;4709,79;641,84;4067,95;
IRISMAR AUGUSTA FREITAS DE S COELHO;SUBCONTROL.DE OUVIDORIA;ASSESSOR IV;NAO INFORMADO; CARGO COMISSION.S/VINCULO;3075,61;;3075,61;264,79;2810,82;
ISABELLE FERNANDES BELOTA;SUBCONTROL.DE CONTROL.INTERNO;ASSESSOR DE CONTROLE INTERNO II;NAO INFORMADO; CARGO COMISSION.S/VINCULO;4709,79;;4709,79;670,28;4039,51;
JEANE MARIA MAR PASSOS;SEC.EXEC.ADJ.DE ADMINISTRACAO;A.TEC-I;SEC.EXEC.ADJ. ADM; ESTATUTARIO;9517,48;;9517,48;1734,39;7783,09;
JESSICA DE SOUZA COSTA;SUBCONTROL.DE CONTROL.INTERNO;ASSESSOR IV;NAO INFORMADO; CARGO COMISSION.S/VINCULO;3075,61;;3075,61;264,79;2810,82;
JONATAS BARBOSA PESSOA;DPTO.ADMINISTRACAO E FINANCAS;ASSESSOR III;NAO INFORMADO; CARGO COMISSION.S/VINCULO;3691,80;;3691,80;422,40;3269,40;
JUCIMARA SILVA DOS SANTOS;SUBCONTROL.DE CONTROL.INTERNO;MERENDEIRO PNF.MNF-III;ASSESSOR III AD-3; ESTATUTARIO;4653,85;;4653,85;360,74;4293,11;
JULIA JAKEANNE SALDANHA OLIVEIRA;GABINETE DO SECRETARIO;ASSESSOR II;NAO INFORMADO; CARGO COMISSION.S/VINCULO;4709,79;;4709,79;1252,67;3457,12;
LARISSA FERREIRA P BITTENCOURT;GABINETE DO SECRETARIO;ASSESSOR IV;NAO INFORMADO; CARGO COMISSION.S/VINCULO;3075,61;;3075,61;735,62;2339,99;
LARISSA MONTEIRO PINTO DE ANDRADE;SUBCONTROL.DE OUVIDORIA;CHEFE DE DEPARTAMENTO;; CARGO COMISSION.S/VINCULO;5729,77;;5729,77;986,40;4743,37;
LICIA DA SILVA BARNABE;SUBCONTROL.DE OUVIDORIA;ASSESSOR IV;NAO INFORMADO; CARGO COMISSION.S/VINCULO;3075,61;;3075,61;264,79;2810,82;
LIVIA HELENA VENTURA RIBEIRO;DPTO.ADMINISTRACAO E FINANCAS;GERENTE;NAO INFORMADO; CARGO COMISSION.S/VINCULO;6113,05;;6113,05;1069,73;5043,32;
LUCAS DOS SANTOS ROCHA;SUBCONTROL.DE CONTROL.INTERNO;ASSESSOR IV;; CARGO COMISSION.S/VINCULO;3075,61;;3075,61;264,79;2810,82;
LUCIA DE FATIMA RIBEIRO MAGALHAES;SUBCONTROL.DE CONTROL.INTERNO;SUBCONTROLADOR-GERAL CONT.INTERNO;NAO INFORMADO; CARGO COMISSION.S/VINCULO;12200,00;;12200,00;2834,69;9365,31;
LUIZ ROCHA DE ARAUJO;SUBCONTROL.DE CONTROL.INTERNO;TNS-I;AUDITOR CHEFE AD-1; ESTATUTARIO;5286,35;;5286,35;638,13;4648,22;
MANUEL LOPES DE VASCONCELOS;DPTO.ADMINISTRACAO E FINANCAS;ASSESSOR III;ASSESSOR III AD-3; CARGO COMISSION.S/VINCULO;3691,80;;3691,80;422,40;3269,40;
MANUELLA SILVESTRE GONCALVES SILVA;SUBCONTROL.DE CONTROL.INTERNO;ASSESSOR DE CONTROLE INTERNO I;NAO INFORMADO; CARGO COMISSION.S/VINCULO;7473,03;;7473,03;1534,78;5938,25;
MARCELA MELO PEREIRA;DPTO.ADMINISTRACAO E FINANCAS;ASSESSOR III;; CARGO COMISSION.S/VINCULO;3691,80;;3691,80;422,40;3269,40;
MARCIO MALAGUETA DE AZEVEDO;DPTO.ADMINISTRACAO E FINANCAS;GERENTE;NAO INFORMADO; CARGO COMISSION.S/VINCULO;4709,79;;4709,79;613,40;4096,39;
MARCOS PAULO MATOS DE SOUZA;SUBCONTROL.DE CONTROL.INTERNO;ASSESSOR DE CONTROLE INTERNO II;NAO INFORMADO; CARGO COMISSION.S/VINCULO;4709,79;;4709,79;613,40;4096,39;
MARIA TEREZA ELIAS BEZERRA MENEZES;SUBCONTROL.DE CONTROL.INTERNO;ASSESSOR DE CONTROLE INTERNO II;; CARGO COMISSION.S/VINCULO;6113,05;;6113,05;1121,87;4991,18;
MARILENE PINHEIRO FONSECA PALHARES;SUBCONTROL.DE OUVIDORIA;ASSESSOR III;NAO INFORMADO; CARGO COMISSION.S/VINCULO;4755,73;;4755,73;684,21;4071,52;
MATHEUS DANTAS DA SILVA;SUBCONTROL.DE CONTROL.INTERNO;ASSESSOR III;; CARGO COMISSION.S/VINCULO;2695,80;;2695,80;197,62;2498,18;
MATHEUS PHELIPE FURTADO RODRIGUES;SUBCONTROL.DE CONTROL.INTERNO;ASSESSOR III;NAO INFORMADO; CARGO COMISSION.S/VINCULO;3691,80;;3691,80;422,40;3269,40;
MICHEL KRISTHIAN LAVOR CRUZ TAMER;SUBCONTROL.DE CONTROL.INTERNO;ASSESSOR DE CONTROLE INTERNO I;; CARGO COMISSION.S/VINCULO;5729,77;;5729,77;901,09;4828,68;
MIGUEL ANTONIO BRANDT CRUZ;SUBCONTROL.DE OUVIDORIA;CHEFE DE DEPARTAMENTO;NAO INFORMADO; CARGO COMISSION.S/VINCULO;5729,77;;5729,77;986,40;4743,37;
NARA MARLY ALVES DE OLIVEIRA SOUZA;SUBCONTROL.DE OUVIDORIA;ASSESSOR IV;NAO INFORMADO; CARGO COMISSION.S/VINCULO;3075,61;;3075,61;264,79;2810,82;
OTAVIO DE SOUZA GOMES;GABINETE DO SECRETARIO;CONTROLADOR GERAL DO ESTADO;NAO INFORMADO; CARGO COMISSION.S/VINCULO;28560,00;;28560,00;7333,69;21226,31;
PALOMA PEREIRA MARTINS;GABINETE DO SECRETARIO;ASSESSOR IV;NAO INFORMADO; CARGO COMISSION.S/VINCULO;3075,61;;3075,61;264,79;2810,82;
PAULA SILVA DE OLIVEIRA;DPTO.ADMINISTRACAO E FINANCAS;ASSESSOR III;; CARGO COMISSION.S/VINCULO;3691,80;;3691,80;407,12;3284,68;
PRISCILA ARAUJO CALDAS;GABINETE DO SECRETARIO;ASSESSOR DE COMUNICACAO;NAO INFORMADO; CARGO COMISSION.S/VINCULO;5729,77;;5729,77;943,74;4786,03;
RENATA INGRID PANTOJA DA SILVA;SUBCONTROL.DE CONTROL.INTERNO;ASSESSOR III;; CARGO COMISSION.S/VINCULO;3691,80;;3691,80;407,12;3284,68;
RIANDRY PIZANO CARVALHO;SUBCONTROL.DE CONTROL.INTERNO;ASSESSOR DE CONTROLE INTERNO II;NAO INFORMADO; CARGO COMISSION.S/VINCULO;4709,79;;4709,79;670,28;4039,51;
RICARDO DOS SANTOS PONTES;DPTO.ADMINISTRACAO E FINANCAS;A.TEC-I;ASSESSOR I; ESTATUTARIO;6442,30;;6442,30;840,83;5601,47;
ROBERTA PINTO DOS SANTOS;ASSESSORIA TECNICA;ASSESSOR JURIDICO;; CARGO COMISSION.S/VINCULO;5729,77;;5729,77;986,40;4743,37;
ROBSON CARVALHO DA SILVA;SUBCONTROL.DE OUVIDORIA;ASSESSOR TECNICO;NAO INFORMADO; CARGO COMISSION.S/VINCULO;7500,00;;7500,00;1542,19;5957,81;
RODRIGO JUNIO ALVES DE SOUZA;DEPTO.RECURSOS DA INFORMACAO;ASSESSOR III;NAO INFORMADO; CARGO COMISSION.S/VINCULO;3691,80;;3691,80;422,40;3269,40;
ROGERIO SIQUEIRA DE SA NOGUEIRA;SUBCONTROL.DE OUVIDORIA;SUBCONTROLADOR-GERAL DE TRANP.E OUV;NAO INFORMADO; CARGO COMISSION.S/VINCULO;12200,00;;12200,00;2834,69;9365,31;
ROOSEVELT FARIAS DE MORAES;GABINETE DO SECRETARIO;ASSESSOR II;NAO INFORMADO; CARGO COMISSION.S/VINCULO;4709,79;;4709,79;613,40;4096,39;
ROSANA CARVALHO IPIRANGA;DPTO.ADMINISTRACAO E FINANCAS;ASSESSOR I;NAO INFORMADO; CARGO COMISSION.S/VINCULO;5729,77;;5729,77;986,40;4743,37;
RUY BRASIL CORREA FILHO;SUBCONTROL.DE CONTROL.INTERNO;TNS-I;CH DE DPTO AD-1; ESTATUTARIO;7365,11;;7365,11;1755,05;5610,06;
SUELEN OLIVEIRA MOTA;SUBCONTROL.DE CONTROL.INTERNO;ASSESSOR DE CONTROLE INTERNO II;NAO INFORMADO; CARGO COMISSION.S/VINCULO;4709,79;;4709,79;670,28;4039,51;
TEREZA CRISTINA MOTA DOS S PINTO;SUBCONTROL.DE CONTROL.INTERNO;ASSIST.ADMIN.-ASA-T.S.N.M.-A;ASSESSOR TECNICO; ESTATUTARIO;7500,00;;7500,00;1193,85;6306,15;
WILLIAM JAMES RODRIGUES DE OLIVEIRA;SUBCONTROL.DE CONTROL.INTERNO;ASSESSOR DE CONTROLE INTERNO I;; CARGO COMISSION.S/VINCULO;5729,77;;5729,77;943,74;4786,03;
