NOME;LOTACAO;CARGO;FUNCAO;VINCULO;REMUNERACAO LEGAL TOTAL(R$);DESC.TETO(R$); REMUNERACAO LEGAL DEVIDA(R$);DESCONTOS LEGAIS(R$);LIQUIDO DISPONIVEL(R$);
ADRIANA DIAS DE ALMEIDA;SUBCONTROL.DE OUVIDORIA;ASSESSOR III;NAO INFORMADO; CARGO COMISSION.S/VINCULO;3691,80;;3691,80;350,99;3340,81;
ALINE PONTES BORGES VERAS;SUBCONTROL.DE CONTROL.INTERNO;ASSESSOR IV;NAO INFORMADO; CARGO COMISSION.S/VINCULO;3075,61;;3075,61;263,77;2811,84;
ANA PAULA DE FREITAS LOPES;SUBCONTROL.DE CONTROL.INTERNO;ASSESSOR I;NAO INFORMADO; CARGO COMISSION.S/VINCULO;5729,77;;5729,77;998,67;4731,10;
ANATHILDE LAPA MAIA;GABINETE DO SECRETARIO;ASSESSOR DE CONTROLE INTERNO II;; CARGO COMISSION.S/VINCULO;4709,79;;4709,79;658,51;4051,28;
ANDRE LUIZ DE SOUZA ANZOATEGUI;SUBCONTROL.DE CONTROL.INTERNO;INVEST.DE POL. 4A.CL. PC-INV.IV;ASSESSOR I AD-1; ESTATUTARIO;5500,00;;5500,00;453,50;5046,50;
ANDRE MARCELO RIBEIRO VIGA;SUBCONTROL.DE CONTROL.INTERNO;ASSESSOR III;NAO INFORMADO; CARGO COMISSION.S/VINCULO;3691,80;;3691,80;365,21;3326,59;
ANDSON LIMA MOREIRA;DEPTO.RECURSOS DA INFORMACAO;ASSESSOR IV;NAO INFORMADO; CARGO COMISSION.S/VINCULO;3075,61;;3075,61;263,77;2811,84;
ANIELLY ROCHA DE ARAUJO;SUBCONTROL.DE CONTROL.INTERNO;ASSESSOR III;NAO INFORMADO; CARGO COMISSION.S/VINCULO;3691,80;;3691,80;383,88;3307,92;
ANTONIO ELIAS DE SOUZA;DPTO.ADMINISTRACAO E FINANCAS;CHEFE DE DEPARTAMENTO;NAO INFORMADO; CARGO COMISSION.S/VINCULO;5729,77;;5729,77;998,67;4731,10;
AURICLEIA NASCIMENTO DE A REBOUCAS;SUBCONTROL.DE CONTROL.INTERNO;DIGITADOR;ASSESSOR II AD-2; ESTATUTARIO;5271,54;;5271,54;455,99;4815,55;
CAROL DE PINHO ASSI ALENCAR;GABINETE DO SECRETARIO;CHEFE DE GABINETE;NAO INFORMADO; CARGO COMISSION.S/VINCULO;5729,77;;5729,77;913,36;4816,41;
CASSIA DE OLIVEIRA DUARTE G SILVA;DPTO.ADMINISTRACAO E FINANCAS;GERENTE;; CARGO COMISSION.S/VINCULO;4709,79;;4709,79;658,51;4051,28;
CHARLENE MACIEL DE OLIVEIRA;SUBCONTROL.DE OUVIDORIA;ASSESSOR III;NAO INFORMADO; CARGO COMISSION.S/VINCULO;3691,80;;3691,80;365,21;3326,59;
CLEONE BARROS DE ALMEIDA;SUBCONTROL.DE CONTROL.INTERNO;TNS-II;ASSESSOR II AD-2; ESTATUTARIO;5012,49;;5012,49;852,58;4159,91;
CYAILLEN CARVALHO ESPINDOLA;GABINETE DO SECRETARIO;ASSESSOR III;NAO INFORMADO; CARGO COMISSION.S/VINCULO;3691,80;;3691,80;383,88;3307,92;
DAVI MENDONÇA LISBOA;SUBCONTROL.DE CONTROL.INTERNO;ASSESSOR IV;NAO INFORMADO; CARGO COMISSION.S/VINCULO;3075,61;;3075,61;263,77;2811,84;
DORVAL FERREIRA MARTINS FILHO;GABINETE DO SECRETARIO;ASSESSOR II;NAO INFORMADO; CARGO COMISSION.S/VINCULO;4709,79;;4709,79;658,51;4051,28;
EDENILSON PINHEIRO SILVA;DPTO.ADMINISTRACAO E FINANCAS;ASSESSOR III;NAO INFORMADO; CARGO COMISSION.S/VINCULO;3691,80;;3691,80;350,99;3340,81;
ELAINE PEIXOTO MATTOS;ASSESSORIA TECNICA;ASSESSOR JURIDICO;NAO INFORMADO; CARGO COMISSION.S/VINCULO;5729,77;;5729,77;998,67;4731,10;
ELEM DO SOCORRO MEDEIROS DE AZEVEDO;DPTO.ADMINISTRACAO E FINANCAS;GERENTE;; CARGO COMISSION.S/VINCULO;4709,79;;4709,79;658,51;4051,28;
ELIONILDE ARAUJO DA SILVA;DPTO.ADMINISTRACAO E FINANCAS;ASSESSOR I;NAO INFORMADO; CARGO COMISSION.S/VINCULO;5729,77;;5729,77;998,67;4731,10;
ENEIAS PEREIRA NASCIMENTO;DEPTO.RECURSOS DA INFORMACAO;ASSESSOR III;; CARGO COMISSION.S/VINCULO;4755,73;;4755,73;613,20;4142,53;
ENOQUE MOREIRA NUNES JUNIOR;SUBCONTROL.DE CONTROL.INTERNO;ASSESSOR I;NAO INFORMADO; CARGO COMISSION.S/VINCULO;5729,77;;5729,77;998,67;4731,10;
ENZA RAFAELA RODRIGUES P AQUINO;SUBCONTROL.DE CONTROL.INTERNO;ASSESSOR II;NAO INFORMADO; CARGO COMISSION.S/VINCULO;4709,79;;4709,79;658,51;4051,28;
ERIVALDER ARAUJO BARREIROS;SUBCONTROL.DE CONTROL.INTERNO;ASSESSOR II;NAO INFORMADO; CARGO COMISSION.S/VINCULO;4709,79;;4709,79;658,51;4051,28;
FABIO DIEGO GOMES RAMOS;DEPTO.RECURSOS DA INFORMACAO;ASSESSOR DE TECNOL.DA INFORMACAO;; CARGO COMISSION.S/VINCULO;5729,77;;5729,77;913,36;4816,41;
FRANCISCA DARA DA SILVA;SUBCONTROL.DE CONTROL.INTERNO;ASSESSOR III;NAO INFORMADO; CARGO COMISSION.S/VINCULO;3691,80;;3691,80;383,88;3307,92;
GLAUCIA LANE BRAGA FERREIRA;DPTO.ADMINISTRACAO E FINANCAS;TNS-I;; ESTATUTARIO;4758,91;;4758,91;782,27;3976,64;
HOEBER SILVA E SILVA;DPTO.ADMINISTRACAO E FINANCAS;ASSESSOR III;; CARGO COMISSION.S/VINCULO;3691,80;;3691,80;383,88;3307,92;
IANE VITORIA DUARTE DA COSTA;GABINETE DO SECRETARIO;ASSESSOR IV;NAO INFORMADO; CARGO COMISSION.S/VINCULO;3075,61;;3075,61;263,77;2811,84;
INGRID DE OLIVEIRA MENEZES;SUBCONTROL.DE CONTROL.INTERNO;ASSESSOR DE CONTROLE INTERNO II;NAO INFORMADO; CARGO COMISSION.S/VINCULO;4709,79;;4709,79;629,29;4080,50;
IRISMAR AUGUSTA FREITAS DE S COELHO;SUBCONTROL.DE OUVIDORIA;ASSESSOR IV;NAO INFORMADO; CARGO COMISSION.S/VINCULO;3075,61;;3075,61;263,77;2811,84;
ISABELLE FERNANDES BELOTA;SUBCONTROL.DE CONTROL.INTERNO;ASSESSOR DE CONTROLE INTERNO II;NAO INFORMADO; CARGO COMISSION.S/VINCULO;4709,79;;4709,79;658,51;4051,28;
ITAUNA HENRIQUE BASTOS LIMA;SUBCONTROL.DE CONTROL.INTERNO;ASSESSOR II;NAO INFORMADO; CARGO COMISSION.S/VINCULO;4709,79;;4709,79;658,51;4051,28;
JEANE MARIA MAR PASSOS;SEC.EXEC.ADJ.DE ADMINISTRACAO;A.TEC-I;SEC.EXEC.ADJ. ADM; ESTATUTARIO;9517,48;;9517,48;1768,19;7749,29;
JESSICA DE SOUZA COSTA;SUBCONTROL.DE CONTROL.INTERNO;ASSESSOR DE CONTROLE INTERNO II;NAO INFORMADO; CARGO COMISSION.S/VINCULO;4709,79;;4709,79;658,51;4051,28;
JONATAS BARBOSA PESSOA;DPTO.ADMINISTRACAO E FINANCAS;ASSESSOR III;NAO INFORMADO; CARGO COMISSION.S/VINCULO;3691,80;;3691,80;383,88;3307,92;
KEYLA CARVALHO CAVALCANTE;DEPTO.ADMINISTRAT.FINANCEIRO;ASSESSOR I;NAO INFORMADO; CARGO COMISSION.S/VINCULO;5729,77;;5729,77;913,36;4816,41;
LARISSA MONTEIRO PINTO DE ANDRADE;SUBCONTROL.DE OUVIDORIA;CHEFE DE DEPARTAMENTO;; CARGO COMISSION.S/VINCULO;5729,77;;5729,77;998,67;4731,10;
LICIA DA SILVA BARNABE;SUBCONTROL.DE OUVIDORIA;ASSESSOR IV;NAO INFORMADO; CARGO COMISSION.S/VINCULO;3075,61;;3075,61;263,77;2811,84;
LIVIA HELENA VENTURA RIBEIRO;DPTO.ADMINISTRACAO E FINANCAS;GERENTE;NAO INFORMADO; CARGO COMISSION.S/VINCULO;4709,79;;4709,79;629,29;4080,50;
LUCAS DOS SANTOS ROCHA;SUBCONTROL.DE CONTROL.INTERNO;ASSESSOR IV;; CARGO COMISSION.S/VINCULO;3075,61;;3075,61;263,77;2811,84;
LUCIA DE FATIMA RIBEIRO MAGALHAES;SUBCONTROL.DE CONTROL.INTERNO;SUBCONTROLADOR-GERAL CONT.INTERNO;NAO INFORMADO; CARGO COMISSION.S/VINCULO;12200,00;;12200,00;2865,12;9334,88;
LUIZ ROCHA DE ARAUJO;SUBCONTROL.DE CONTROL.INTERNO;TNS-I;AUDITOR CHEFE AD-1; ESTATUTARIO;5385,82;;5385,82;737,60;4648,22;
MANUELLA SILVESTRE GONCALVES SILVA;SUBCONTROL.DE CONTROL.INTERNO;ASSESSOR DE CONTROLE INTERNO I;NAO INFORMADO; CARGO COMISSION.S/VINCULO;5729,77;;5729,77;998,67;4731,10;
MARCELA MELO PEREIRA;DPTO.ADMINISTRACAO E FINANCAS;ASSESSOR III;; CARGO COMISSION.S/VINCULO;3691,80;;3691,80;383,88;3307,92;
MARCIO MALAGUETA DE AZEVEDO;DPTO.ADMINISTRACAO E FINANCAS;GERENTE;NAO INFORMADO; CARGO COMISSION.S/VINCULO;4709,79;;4709,79;600,85;4108,94;
MARCOS PAULO MATOS DE SOUZA;SUBCONTROL.DE CONTROL.INTERNO;ASSESSOR DE CONTROLE INTERNO II;NAO INFORMADO; CARGO COMISSION.S/VINCULO;4709,79;;4709,79;600,85;4108,94;
MARIA TEREZA ELIAS BEZERRA MENEZES;SUBCONTROL.DE CONTROL.INTERNO;ASSESSOR DE CONTROLE INTERNO II;; CARGO COMISSION.S/VINCULO;4709,79;;4709,79;658,51;4051,28;
MARILENE PINHEIRO FONSECA PALHARES;SUBCONTROL.DE OUVIDORIA;ASSESSOR III;NAO INFORMADO; CARGO COMISSION.S/VINCULO;3691,80;;3691,80;383,88;3307,92;
MATHEUS DANTAS DA SILVA;SUBCONTROL.DE CONTROL.INTERNO;ASSESSOR III;; CARGO COMISSION.S/VINCULO;3691,80;;3691,80;383,88;3307,92;
MATHEUS PHELIPE FURTADO RODRIGUES;SUBCONTROL.DE CONTROL.INTERNO;ASSESSOR III;NAO INFORMADO; CARGO COMISSION.S/VINCULO;3691,80;;3691,80;383,88;3307,92;
MICHEL KRISTHIAN LAVOR CRUZ TAMER;SUBCONTROL.DE CONTROL.INTERNO;ASSESSOR DE CONTROLE INTERNO I;; CARGO COMISSION.S/VINCULO;5729,77;;5729,77;913,36;4816,41;
MIGUEL ANTONIO BRANDT CRUZ;SUBCONTROL.DE OUVIDORIA;CHEFE DE DEPARTAMENTO;NAO INFORMADO; CARGO COMISSION.S/VINCULO;5729,77;;5729,77;998,67;4731,10;
NARA MARLY ALVES DE OLIVEIRA SOUZA;SUBCONTROL.DE OUVIDORIA;ASSESSOR IV;NAO INFORMADO; CARGO COMISSION.S/VINCULO;3075,61;;3075,61;263,77;2811,84;
OTAVIO DE SOUZA GOMES;GABINETE DO SECRETARIO;CONTROLADOR GERAL DO ESTADO;NAO INFORMADO; CARGO COMISSION.S/VINCULO;28560,00;;28560,00;7364,12;21195,88;
PAULA SILVA DE OLIVEIRA;DPTO.ADMINISTRACAO E FINANCAS;ASSESSOR III;; CARGO COMISSION.S/VINCULO;3691,80;;3691,80;365,21;3326,59;
PRISCILA ARAUJO CALDAS;GABINETE DO SECRETARIO;ASSESSOR DE COMUNICACAO;NAO INFORMADO; CARGO COMISSION.S/VINCULO;5729,77;;5729,77;956,01;4773,76;
RENATA INGRID PANTOJA DA SILVA;SUBCONTROL.DE CONTROL.INTERNO;ASSESSOR III;NAO INFORMADO; CARGO COMISSION.S/VINCULO;3691,80;;3691,80;365,21;3326,59;
RIANDRY PIZANO CARVALHO;SUBCONTROL.DE CONTROL.INTERNO;ASSESSOR DE CONTROLE INTERNO II;NAO INFORMADO; CARGO COMISSION.S/VINCULO;6113,05;;6113,05;1141,68;4971,37;
RICARDO DOS SANTOS PONTES;DPTO.ADMINISTRACAO E FINANCAS;A.TEC-I;; ESTATUTARIO;4248,30;;4248,30;370,29;3878,01;
ROBERTA PINTO DOS SANTOS;ASSESSORIA TECNICA;ASSESSOR JURIDICO;; CARGO COMISSION.S/VINCULO;5729,77;;5729,77;998,67;4731,10;
ROBSON CARVALHO DA SILVA;SUBCONTROL.DE OUVIDORIA;ASSESSOR TECNICO;NAO INFORMADO; CARGO COMISSION.S/VINCULO;7500,00;;7500,00;1572,62;5927,38;
RODRIGO JUNIO ALVES DE SOUZA;DEPTO.RECURSOS DA INFORMACAO;ASSESSOR III;NAO INFORMADO; CARGO COMISSION.S/VINCULO;4755,73;;4755,73;673,83;4081,90;
ROGERIO SIQUEIRA DE SA NOGUEIRA;SUBCONTROL.DE OUVIDORIA;SUBCONTROLADOR-GERAL DE TRANP.E OUV;NAO INFORMADO; CARGO COMISSION.S/VINCULO;12200,00;;12200,00;2865,12;9334,88;
ROOSEVELT FARIAS DE MORAES;GABINETE DO SECRETARIO;ASSESSOR III;; CARGO COMISSION.S/VINCULO;3691,80;;3691,80;350,99;3340,81;
ROSANA CARVALHO IPIRANGA;DPTO.ADMINISTRACAO E FINANCAS;ASSESSOR I;NAO INFORMADO; CARGO COMISSION.S/VINCULO;7473,03;;7473,03;1565,21;5907,82;
RUY BRASIL CORREA FILHO;SUBCONTROL.DE CONTROL.INTERNO;TNS-I;CH DE DPTO AD-1; ESTATUTARIO;7365,11;;7365,11;1380,39;5984,72;
SUELEN OLIVEIRA MOTA;SUBCONTROL.DE CONTROL.INTERNO;ASSESSOR DE CONTROLE INTERNO II;NAO INFORMADO; CARGO COMISSION.S/VINCULO;4709,79;;4709,79;658,51;4051,28;
TEREZA CRISTINA MOTA DOS S PINTO;SUBCONTROL.DE CONTROL.INTERNO;ASSIST.ADMIN.-ASA-T.S.N.M.-A;ASSESSOR TECNICO; ESTATUTARIO;7500,00;;7500,00;1231,53;6268,47;
VANESSA REIS DE LIMA;GABINETE DO SECRETARIO;ASSESSOR III;NAO INFORMADO; CARGO COMISSION.S/VINCULO;3691,80;;3691,80;365,21;3326,59;
VINICIUS PEREIRA DE AGUIAR;GABINETE DO SECRETARIO;ASSESSOR II;NAO INFORMADO; CARGO COMISSION.S/VINCULO;4709,79;;4709,79;658,51;4051,28;
WILLIAM JAMES RODRIGUES DE OLIVEIRA;SUBCONTROL.DE CONTROL.INTERNO;ASSESSOR DE CONTROLE INTERNO I;; CARGO COMISSION.S/VINCULO;5729,77;;5729,77;956,01;4773,76;
