NOME;LOTACAO;CARGO;FUNCAO;VINCULO;REMUNERACAO LEGAL TOTAL(R$);DESC.TETO(R$); REMUNERACAO LEGAL DEVIDA(R$);DESCONTOS LEGAIS(R$);LIQUIDO DISPONIVEL(R$);
ADEILSON SILVA SOUSA;APUI;T.F.AGRO-III;; ESTATUTARIO;3850,21;;3850,21;564,34;3285,87;
ADELTON QUEIROZ DOS SANTOS;PRESIDENTE FIGUEIREDO;AG.F.AGRO-III;; ESTATUTARIO;4942,57;;4942,57;752,31;4190,26;
ADERALDO ALVES DE FRANCA;GUAJARA;T.F.AGRO-III;TEC.EM AGROPECUARIA; ESTATUTARIO;4942,57;;4942,57;752,31;4190,26;
ADILSON PEREIRA DA SILVA;APUI;T.F.AGRO-III;; ESTATUTARIO;5309,31;;5309,31;913,52;4395,79;
ADRIANO NUNES DE LIMA D AMORIM;DEPTO.DEFESA AGROP.E FLORESTAL;COORDENADOR LOCAL II;NAO INFORMADO; CARGO COMISSION.S/VINCULO;4755,73;;4755,73;673,83;4081,90;
ADSON FERREIRA DE CARVALHO;AUTAZES - NOVO CEU;T.F.AGRO-III;; ESTATUTARIO;5776,07;;5776,07;841,44;4934,63;
AGEMIRO MOURA LOPES;PAUINI;COORDENADOR LOCAL II;; CARGO COMISSION.S/VINCULO;3691,80;;3691,80;383,88;3307,92;
AJAX DE SOUSA FERREIRA;DEPTO.DEFESA AGROP.E FLORESTAL;TECNICO EM AGROPECUARIA;; ESTATUTARIO;4996,57;;4996,57;826,34;4170,23;
ALAOR MAGALHÃES PEREIRA;NOVO ARIPUANA;T.F.AGRO-III;; ESTATUTARIO;4442,57;;4442,57;677,31;3765,26;
ALDEMIR GONÇALO DA SILVA;AUTAZES;F.AGRO.MED.V-III;; ESTATUTARIO;8954,45;;8954,45;1894,93;7059,52;
ALEXANDRE DE SOUZA E SILVA;NOVO ARIPUANA;T.F.AGRO-III;; ESTATUTARIO;5309,31;;5309,31;913,52;4395,79;
ALEXANDRE HENRIQUE FREITAS ARAUJO;GABINETE;ENGENHEIRO AGRONOMO;DIRETOR PRESIDENT; ESTATUTARIO;14806,15;;14806,15;4048,34;10757,81;
ALEXSANDRO TREVISAN;PRESIDENTE FIGUEIREDO;T.AG-III;TEC.EM AGROPECUARIA; ESTATUTARIO;5272,11;;5272,11;890,00;4382,11;
ALISON ANDRE XIMENES SOARES;DEPTO.DEFESA AGROP.E FLORESTAL;F.AGRO.MED.V-III;; ESTATUTARIO;7070,95;;7070,95;1539,80;5531,15;
ALMIR ASTERIO CARVALHAL;ASSESSORIA;ENGENHEIRO AGRONOMO;ASSESSOR II AD2; ESTATUTARIO;12602,82;;12602,82;3213,70;9389,12;
ALOYSIO MAIA MALVEIRA JUNIOR;DEPTO.DEFESA AGROP.E FLORESTAL;ENGENHEIRO AGRONOMO;; ESTATUTARIO;8084,95;;8084,95;1934,23;6150,72;
ALTAIR DE ALMEIDA CAVALCANTE;DEPTO.DEFESA AGROP.E FLORESTAL;TECNICO EM AGROPECUARIA;; ESTATUTARIO;6495,43;;6495,43;1235,79;5259,64;
AMAURY AZEVEDO LUZ;DEPTO.DEFESA AGROP.E FLORESTAL;F.AGRO.MED.V-III;; ESTATUTARIO;7070,95;;7070,95;1604,60;5466,35;
AMILCAR DA SILVA FERREIRA;DEPTO.DEFESA AGROP.E FLORESTAL;TECNICO EM AGROPECUARIA;GERENTE; ESTATUTARIO;6140,09;;6140,09;1144,68;4995,41;
ANA CRISTINA KRZYZANIAK;DEPTO.DEFESA AGROP.E FLORESTAL;F.AGRO.MED.V-III;FISCAL AGROP-III CL; ESTATUTARIO;7540,30;;7540,30;1781,31;5758,99;
ANDERSON CARVALHO DA ROCHA;HUMAITA;AUX.F.AGRO-III;; ESTATUTARIO;3297,95;;3297,95;321,71;2976,24;
ANDRE PARANHOS ALBUQUERQUE;SANTO ANTONIO DO MATUPI;AUX.AGR-III;COORD. LOCAL II AD-3; ESTATUTARIO;4957,48;;4957,48;616,13;4341,35;
ANDREZZA RIBEIRO DE LIMA MORENO;MANACAPURU;COORDENADOR LOCAL II;; CARGO COMISSION.S/VINCULO;3691,80;;3691,80;383,88;3307,92;
ANGELICA MARTINA GONCALVES PEREIRA;DEPTO.DEFESA AGROP.E FLORESTAL;F.AGRO.MED.V-III;; ESTATUTARIO;7070,95;;7070,95;1604,60;5466,35;
ANGELO BRAMANTE DOS SANTOS MACHADO;AUTAZES;COORDENADOR LOCAL I;; CARGO COMISSION.S/VINCULO;4709,79;;4709,79;658,51;4051,28;
ANSELMO DE SOUZA BEZERRA;EIRUNEPE;TECNICO EM AGROPECUARIA;; ESTATUTARIO;5223,64;;5223,64;883,14;4340,50;
ANTONIELLY CARREIRO DE OLIVEIRA;SANTO ANTONIO DO MATUPI;COORDENADOR LOCAL II;NAO INFORMADO; CARGO COMISSION.S/VINCULO;3691,80;;3691,80;383,88;3307,92;
ANTONIO EDSON DE SOUZA SOARES;DEPTO.DEFESA AGROP.E FLORESTAL;T.F.AGRO-III;TEC.EM AGROPECUARIA; ESTATUTARIO;4442,57;;4442,57;632,92;3809,65;
ANTONIO JORGE SANTOS SILVA MATTOS;TEFE;F.AGRO.MED.V-III;; ESTATUTARIO;8457,69;;8457,69;2045,51;6412,18;
ANTONIO RODRIGUES VIANA;ITACOATIARA;AUX.F.AGRO-III;; ESTATUTARIO;3297,95;;3297,95;336,19;2961,76;
ARQUIMIMO DO AMARAL SILVA;ITAMARATI;T.F.AGRO-III;; ESTATUTARIO;5309,31;;5309,31;913,52;4395,79;
BARBARA BRANDAO FERREIRA SILVEIRA;DEPTO.DEFESA AGROP.E FLORESTAL;F.A.ENG.AGRO-III;; ESTATUTARIO;7070,95;;7070,95;1500,33;5570,62;
BERGSON PEREIRA DE LIMA;ITACOATIARA;F.AGRO.MED.V-III;; ESTATUTARIO;8537,70;;8537,70;1881,21;6656,49;
BOAVENTURA BEZERRA DA SILVA FILHO;JAPURA;T.F.AGRO-III;; ESTATUTARIO;5309,31;;5309,31;880,18;4429,13;
BRENDA CAROLINE DA COSTA ARAUJO;SANTA IZABEL DO RIO NEGRO;AUX.F.AGRO-III;AUX. AGROPECUARIO; ESTATUTARIO;3297,95;;3297,95;336,19;2961,76;
BRUNO SILVA E SILVA;NOVO REMANSO;T.F.AGRO-III;TEC.EM AGROPECUARIA; ESTATUTARIO;4942,57;;4942,57;695,44;4247,13;
CAETANINHA DA CUNHA CAVALCANTI;ASSESSORIA;TNS-III;; ESTATUTARIO;7052,27;;7052,27;1251,17;5801,10;
CAMILA DA COSTA AZEVEDO;CANUTAMA;AG.F.AGRO-III;; ESTATUTARIO;6960,02;;6960,02;2537,30;4422,72;
CARLEU BARBA SOARES;DEPTO.DEFESA AGROP.E FLORESTAL;T.F.AGRO-III;TEC.EM AGROPECUARIA; ESTATUTARIO;4442,57;;4442,57;705,75;3736,82;
CARLOS AUGUSTO NUNES DA SILVA;PRESIDENTE FIGUEIREDO;AUX.F.AGRO-III;; ESTATUTARIO;3297,95;;3297,95;364,63;2933,32;
CARLOS ELSIO PEREIRA LIMA;APUI;T.F.AGRO-III;; ESTATUTARIO;7700,44;;7700,44;1703,56;5996,88;
CARLOS JORGE RIBEIRO;DEPTO.ADM.FIN.COM.E FOMENTO;GERENTE;NAO INFORMADO; CARGO COMISSION.S/VINCULO;4709,79;;4709,79;658,51;4051,28;
CARLOS PEDRO DA SILVA;MANACAPURU;T.F.AGRO-III;TEC.EM AGROPECUARIA; ESTATUTARIO;4942,57;;4942,57;791,22;4151,35;
CARLOS PETRONIO DE SOUZA QUEIROZ;GUAJARA;AG.F.AGRO-III;AG.AGROPECUARIO; ESTATUTARIO;4942,57;;4942,57;641,61;4300,96;
CASEMIRO DA PAZ DE SOUZA;DEPTO.ADM.FIN.COM.E FOMENTO;AUX.F.AGRO-III;; ESTATUTARIO;2797,95;;2797,95;321,71;2476,24;
CHARLLES LIKIYASU OSAWA DA SILVA;NOVO ARIPUANA;T.F.AGRO-III;; ESTATUTARIO;5225,96;;5225,96;852,39;4373,57;
CHRISSOSTOMO PEREIRA NINA NETO;DEPTO.DEFESA AGROP.E FLORESTAL;T.F.AGRO-III;TEC.EM AGROPECUARIA; ESTATUTARIO;4442,57;;4442,57;677,31;3765,26;
CILENE PIRES DE SOUZA;DEPTO.ADM.FIN.COM.E FOMENTO;GERENTE;; CARGO COMISSION.S/VINCULO;4709,79;;4709,79;658,51;4051,28;
CLAUDIA DE FATIMA RAMOS CAMPOS;PARINTINS;MEDICO VETERINARIO;; ESTATUTARIO;8884,95;;8884,95;2206,37;6678,58;
CLAUDINEI VENTURA DO NASCIMENTO;APUI;T.F.AGRO-III;TEC.EM AGROPECUARIA; ESTATUTARIO;4942,57;;4942,57;752,31;4190,26;
CLEIDE PEREIRA LOPES;DEPTO.ADM.FIN.COM.E FOMENTO;COORDENADOR LOCAL II;; CARGO COMISSION.S/VINCULO;3691,80;;3691,80;336,77;3355,03;
CRISTIAN SOARES SAMPAIO ALVES;PARINTINS;AG.F.AGRO-III;; ESTATUTARIO;5359,32;;5359,32;830,22;4529,10;
CRISTIANE DA SILVA KLEHM;RIO PRETO DA EVA;F.A.ENG.AGRO-III;FIS.AGROP.AGRONOMIA; ESTATUTARIO;8434,17;;8434,17;1984,52;6449,65;
DANIEL MACHADO ROCHA;MANACAPURU;F.AGRO.MED.V-III;FISCAL AGROP-III CL; ESTATUTARIO;7870,95;;7870,95;1720,33;6150,62;
DANIEL RODRIGUES CHAGAS JUNIOR;ITACOATIARA;AUX.F.AGRO-III;; ESTATUTARIO;3564,67;;3564,67;394,69;3169,98;
DANIELA CARVALHO MESQUITA;DEPTO.DEFESA AGROP.E FLORESTAL;F.AGRO.MED.V-III;FISCAL AGROP-III CL; ESTATUTARIO;7070,95;;7070,95;1552,46;5518,49;
DANIELLA APARECIDA DOS SANTOS;APUI;T.F.AGRO-III;; ESTATUTARIO;5225,96;;5225,96;852,39;4373,57;
DARLEY ARAUJO CRUZ;NOVO REMANSO;F.AGRO.MED.V-III;; ESTATUTARIO;8457,69;;8457,69;2045,51;6412,18;
DENILDO LOPES DA GAMA;PARINTINS;AUX.F.AGRO-III;; ESTATUTARIO;3714,70;;3714,70;428,89;3285,81;
DERLANI JOSE PEREIRA SERRAO;URUCURITUBA;T.F.AGRO-III;TEC. AGROPECUARIA; ESTATUTARIO;4942,57;;4942,57;752,31;4190,26;
DEYSERREEN DE SOUZA COSTA DA SILVA;ASSESSORIA;COORDENADOR LOCAL II;; CARGO COMISSION.S/VINCULO;3691,80;;3691,80;383,88;3307,92;
DIEGO LANER;DEPTO.DEFESA AGROP.E FLORESTAL;F.AGRO.MED.V-III;FISCAL AGROP-III CL; ESTATUTARIO;7540,30;;7540,30;1729,17;5811,13;
DIOGO ROBERTO PFAU;APUI;F.AGRO.MED.V-III;; ESTATUTARIO;7897,62;;7897,62;1834,65;6062,97;
DJALMA TAKESHI SOUZA ISHIZAWA;CODAJAS;A.TEC-III;; ESTATUTARIO;4662,74;;4662,74;657,64;4005,10;
DORIVALDO SALES PASSOS;PRESIDENTE FIGUEIREDO;T.F.AGRO-III;TEC.AGROPECUARIA; ESTATUTARIO;4942,57;;4942,57;752,31;4190,26;
EDER PEDRENO BELTRAO;BARREIRINHA;T.F.AGRO-III;; ESTATUTARIO;4942,57;;4942,57;752,31;4190,26;
EDIMAR BRANCHES GALVAO;NOVO ARIPUANA;T.F.AGRO-III;; ESTATUTARIO;5309,31;;5309,31;880,18;4429,13;
EDIVAN LIMA RIBEIRO;IRANDUBA;AUX.F.AGRO-III;AUX.AGROPECUARIO; ESTATUTARIO;3297,95;;3297,95;364,63;2933,32;
EDSON AZEVEDO FERNANDES;BOCA DO ACRE;MEDICO VETERINARIO;; ESTATUTARIO;7870,95;;7870,95;1595,81;6275,14;
EDUARDO PINHEIRO DO NASCIMENTO;ASSESSORIA;TNS-III;; ESTATUTARIO;6132,23;;6132,23;1251,17;4881,06;
EDUARDO REIS DA SILVA;TABATINGA;COORDENADOR LOCAL II;NAO INFORMADO; CARGO COMISSION.S/VINCULO;3691,80;;3691,80;383,88;3307,92;
ELIEDNA CREUSA AYRES COSTA;ASSESSORIA;ASSESSOR I;NAO INFORMADO; CARGO COMISSION.S/VINCULO;5729,77;;5729,77;998,67;4731,10;
ELOISA MARTINS SOARES MACIEL;DEPTO.DEFESA AGROP.E FLORESTAL;F.AGRO.MED.V-III;; ESTATUTARIO;7070,95;;7070,95;1539,80;5531,15;
EMERSON CARLOS DE ALCANTARA PAULA;MANAQUIRI;AG.F.AGRO-III;; ESTATUTARIO;5309,31;;5309,31;880,18;4429,13;
ERILANE DOS SANTOS ALMEIDA;DEPTO.DEFESA AGROP.E FLORESTAL;AUX.F.AGRO-III;; ESTATUTARIO;2797,95;;2797,95;321,71;2476,24;
ERIVANOR ARAUJO DOS SANTOS;MANAQUIRI;TECNICO EM AGROPECUARIA;; ESTATUTARIO;5230,70;;5230,70;886,05;4344,65;
ERNESTINA FARIAS PINTO NETA;DEPTO.ADM.FIN.COM.E FOMENTO;GERENTE;GERENTE AD 2; CARGO COMISSION.S/VINCULO;4709,79;;4709,79;658,51;4051,28;
EUDES DE SOUZA LEITE;MANICORE;T.F.AGRO-III;; ESTATUTARIO;4975,91;;4975,91;802,34;4173,57;
EUDIMAR COSTA ROCHA;DEPTO.DEFESA AGROP.E FLORESTAL;COORDENADOR LOCAL I;; CARGO COMISSION.S/VINCULO;4709,79;;4709,79;658,51;4051,28;
EVANDRO AZEVEDO BARROS JUNIOR;BOCA DO ACRE;T.F.AGRO-III;; ESTATUTARIO;5359,32;;5359,32;930,20;4429,12;
EVILASIO MONTEIRO NOGUEIRA;NOVO ARIPUANA;T.F.AGRO-III;; ESTATUTARIO;5359,32;;5359,32;830,22;4529,10;
FABIANO PIMENTEL DOS SANTOS;MAUES;F.AGRO.MED.V-III;FISCAL AGROP-III CL; ESTATUTARIO;7870,95;;7870,95;1222,37;6648,58;
FABIO TRINDADE GONCALVES;PRESIDENTE FIGUEIREDO;F.AGRO.MED.V-III;; ESTATUTARIO;7778,03;;7778,03;1852,00;5926,03;
FELIPE MIRANDA MARQUES;ASSESSORIA;ASSESSOR II;NAO INFORMADO; CARGO COMISSION.S/VINCULO;4709,79;;4709,79;658,51;4051,28;
FERNANDA RECH;CAREIRO CASTANHO;F.AGRO.MED.V-III;; ESTATUTARIO;1178,48;;1178,48;153,32;1025,16;
FRANCISCO ANTONIO OLIVEIRA QUEIROZ;LABREA;COORDENADOR LOCAL II;COORD LOCAL; CARGO COMISSION.S/VINCULO;3691,80;;3691,80;383,88;3307,92;
FRANCISCO AUGUSTO TAVARES PINTO;IRANDUBA;AUX.F.AGRO-III;; ESTATUTARIO;3297,95;;3297,95;364,63;2933,32;
FRANCISCO DE JESUS OLIVEIRA ARAUJO;NOVO ARIPUANA;T.F.AGRO-III;; ESTATUTARIO;4942,57;;4942,57;791,22;4151,35;
FRANCISCO MENDES DA CUNHA;CAREIRO CASTANHO;COORDENADOR LOCAL II;COORD.LOCALII AD3; CARGO COMISSION.S/VINCULO;3691,80;;3691,80;356,23;3335,57;
FRANCKIMAR PAZ DE CASTRO;MANICORE;T.F.AGRO-III;; ESTATUTARIO;5776,07;;5776,07;841,44;4934,63;
FRANCOAN DE OLIVEIRA DIAS;MANICORE;T.F.AGRO-III;; ESTATUTARIO;5359,32;;5359,32;830,22;4529,10;
GABRIELE DA SILVA FARIA;NHAMUNDA;T.F.AGRO-III;; ESTATUTARIO;5309,31;;5309,31;913,52;4395,79;
GELCIARA DA SILVA GOMES;DEPTO.DEFESA AGROP.E FLORESTAL;AG.F.AGRO-III;; ESTATUTARIO;4442,57;;4442,57;755,58;3686,99;
GELCINEI DE SOUZA ARAUJO;NOVA OLINDA DO NORTE;COORDENADOR LOCAL II;COORD LOCAL II AD3; CARGO COMISSION.S/VINCULO;3691,80;;3691,80;383,88;3307,92;
GERARDO LIMA BEZERRA;DEPTO.ADM.FIN.COM.E FOMENTO;COORDENADOR LOCAL II;NAO INFORMADO; CARGO COMISSION.S/VINCULO;3691,80;;3691,80;383,88;3307,92;
GIOVANI BATISTA DO CARMO;AUTAZES;A.TEC-III;; ESTATUTARIO;4796,10;;4796,10;683,16;4112,94;
GIRLEI RODRIGUES DO NASCIMENTO;PRESIDENTE FIGUEIREDO;MOT-III;; ESTATUTARIO;3618,95;;3618,95;430,27;3188,68;
GIRLEY JORGE BEZERRA;ITACOATIARA;MEDICO VETERINARIO;; ESTATUTARIO;8884,95;;8884,95;2206,37;6678,58;
GRAZIELE DOMINGUES;ASSESSORIA;ASSESSOR I;NAO INFORMADO; CARGO COMISSION.S/VINCULO;5729,77;;5729,77;998,67;4731,10;
HARUO TAKATANI;DEPTO.DEFESA AGROP.E FLORESTAL;F.AGRO.MED.V-III;; ESTATUTARIO;7540,30;;7540,30;1781,31;5758,99;
HAYLA KALINE RODRIGUES LIMA;CAREIRO DA VARZEA;F.AGRO.MED.V-III;FISCAL AGROP-III CL; ESTATUTARIO;8340,30;;8340,30;2001,31;6338,99;
HEITOR TEIXEIRA MACHADO;PARINTINS;T.F.AGRO-III;TEC.EM AGROPECUARIA; ESTATUTARIO;4942,57;;4942,57;791,22;4151,35;
HELIO APARECIDO DE MATOS FILHO;DEPTO.DEFESA AGROP.E FLORESTAL;F.A.ENG.AGRO-III;; ESTATUTARIO;7070,95;;7070,95;1410,17;5660,78;
HERCULES FERREIRA DA SILVA;APUI;T.F.AGRO-III;; ESTATUTARIO;5009,25;;5009,25;813,46;4195,79;
IDEUS COSTA NUNES JUNIOR;MANICORE;T.F.AGRO-III;; ESTATUTARIO;5776,07;;5776,07;841,44;4934,63;
IRINELSON CONCEICAO DE MATOS;MANICORE;T.F.AGRO-III;; ESTATUTARIO;5309,31;;5309,31;880,18;4429,13;
ISAAC FRANKLIN PAZUELLO;GUAJARA;COORDENADOR LOCAL II;; CARGO COMISSION.S/VINCULO;3691,80;;3691,80;383,88;3307,92;
ITALO CORREA DE LIMA;PRESIDENTE FIGUEIREDO;T.F.AGRO-III;TEC.AGROPECUARIA; ESTATUTARIO;4942,57;;4942,57;791,22;4151,35;
IZAQUE OLIVEIRA DA SILVA;DEPTO.DEFESA AGROP.E FLORESTAL;AUX.F.AGRO-III;AUX. AGROPECUARIO; ESTATUTARIO;2797,95;;2797,95;321,71;2476,24;
JAILSON ALVES DE ARAUJO;HUMAITA;T.F.AGRO-III;TEC.EM AGROPECUARIA; ESTATUTARIO;4942,57;;4942,57;723,87;4218,70;
JAIR JUNIOR PAIVA DE ALMEIDA;CANUTAMA;COORDENADOR LOCAL II;; CARGO COMISSION.S/VINCULO;3691,80;;3691,80;365,21;3326,59;
JEAN CARLOS SILVEIRA DA SILVA;JUTAI;T.F.AGRO-III;; ESTATUTARIO;5225,96;;5225,96;852,39;4373,57;
JEFFISON DO NASCIMENTO P FERREIRA;DEPTO.DEFESA AGROP.E FLORESTAL;F.AGRO.MED.V-III;; ESTATUTARIO;7070,95;;7070,95;1358,04;5712,91;
JEICIMARA FERREIRA DOS SANTOS;AUTAZES;T.F.AGRO-III;TEC.EM AGROPECUARIA; ESTATUTARIO;4942,57;;4942,57;723,87;4218,70;
JESSICA LOPES DO LIVRAMENTO;DEPTO.DEFESA AGROP.E FLORESTAL;AUX.F.AGRO-III;AUX. AGROPECUARIO; ESTATUTARIO;2797,95;;2797,95;321,71;2476,24;
JOAO BATISTA DIAS DAMACENO;HUMAITA;F.A.ENG.AGRO-III;; ESTATUTARIO;8954,45;;8954,45;1894,93;7059,52;
JOAO LEONARDO BENTES PEREIRA;DEPTO.ADM.FIN.COM.E FOMENTO;ASSESSOR II;NAO INFORMADO; CARGO COMISSION.S/VINCULO;4709,79;;4709,79;658,51;4051,28;
JOAO VICENTE OLIVEIRA DE AZEVEDO;IRANDUBA;MEDICO VETERINARIO;; ESTATUTARIO;8884,95;;8884,95;2206,37;6678,58;
JOCILEIA FREITAS E SILVA;IRANDUBA;AUX.F.AGRO-III;; ESTATUTARIO;3297,95;;3297,95;364,63;2933,32;
JOEL PAULA FREITAS;CAREIRO CASTANHO;MOT-III;; ESTATUTARIO;3268,88;;3268,88;358,68;2910,20;
JOELMA SERRAO DA SILVA;URUCARA;F.AGRO.MED.V-III;; ESTATUTARIO;8537,70;;8537,70;1881,21;6656,49;
JONILSON ROLIM MACEDO;MANACAPURU;T.F.AGRO-III;TEC.EM AGROPECUARIA; ESTATUTARIO;4442,57;;4442,57;620,80;3821,77;
JORDEL OLIVEIRA DE LIMA;BOCA DO ACRE;T.F.AGRO-III;; ESTATUTARIO;5092,60;;5092,60;750,77;4341,83;
JOSANE FONTOURA BLOS ZENI;ASSESSORIA;ASSESSOR I;; CARGO COMISSION.S/VINCULO;5729,77;;5729,77;998,67;4731,10;
JOSE DE JESUS DE ALMEIDA MARQUES;GABINETE;ASSESSOR I;NAO INFORMADO; CARGO COMISSION.S/VINCULO;5729,77;;5729,77;998,67;4731,10;
JOSE MIRANDA AZEVEDO;NHAMUNDA;T.F.AGRO-III;; ESTATUTARIO;4942,57;;4942,57;791,22;4151,35;
JOSE RAIMUNDO DE SOUZA PINTO;PARINTINS;T.F.AGRO-III;TEC.EM AGROP.; ESTATUTARIO;4942,57;;4942,57;791,22;4151,35;
JOSE ROGERIO VASCONCELLOS DE ARAUJO;ITACOATIARA;MEDICO VETERINARIO;; ESTATUTARIO;8884,95;;8884,95;1725,87;7159,08;
JOSIELTON PINHEIRO CHAVES;PARINTINS;T.F.AGRO-III;; ESTATUTARIO;5309,31;;5309,31;880,18;4429,13;
JOSUE ROBERTO MONTEIRO DA SILVA;PRESIDENTE FIGUEIREDO;COORDENADOR LOCAL I;; CARGO COMISSION.S/VINCULO;4709,79;;4709,79;658,51;4051,28;
JOUBERT LIMA DOS SANTOS;ASSESSORIA;TNS-III;; ESTATUTARIO;6132,23;;6132,23;1104,26;5027,97;
JUAN CLEBSON FERREIRA CORDEIRO;MANICORE;T.F.AGRO-III;; ESTATUTARIO;5309,31;;5309,31;913,52;4395,79;
JUCIMAR FERREIRA SILVA;BORBA;T.F.AGRO-III;; ESTATUTARIO;5309,31;;5309,31;913,52;4395,79;
JULCILEIA ARRUDA DE FARIA;DEPTO.DEFESA AGROP.E FLORESTAL;F.AGRO.MED.V-III;FISCAL AGROP-III CL; ESTATUTARIO;7540,30;;7540,30;1781,31;5758,99;
JULIANA PEREIRA MENDES;DEPTO.DEFESA AGROP.E FLORESTAL;ENG.AGRO-III;; ESTATUTARIO;7070,95;;7070,95;1539,80;5531,15;
JULIO AUGUSTO MORAES MARTINS;MANACAPURU;T.F.AGRO-III;TEC.AGROPECUARIA; ESTATUTARIO;4942,57;;4942,57;752,31;4190,26;
JUMAR ARAUJO QUEIROZ ALENCAR;ITACOATIARA;AUX.F.AGRO-III;; ESTATUTARIO;3714,70;;3714,70;428,89;3285,81;
KAMILA REGINA ALVES DE SOUZA;DEPTO.DEFESA AGROP.E FLORESTAL;AUX.F.AGRO-III;AUX. AGROPECUARIO; ESTATUTARIO;2797,95;;2797,95;321,71;2476,24;
KARINE SANTOS DA CRUZ;BOCA DO ACRE;F.A.ENG.AGRO-III;; ESTATUTARIO;8537,70;;8537,70;1881,21;6656,49;
KARLA PAZ GARCIA;TABATINGA;AG.F.AGRO-III;AGENTE AGROPECUARIO; ESTATUTARIO;4942,57;;4942,57;791,22;4151,35;
KEDMA ROCHA DE MELO;BOCA DO ACRE;T.F.AGRO-III;TEC.AGROPECUARIA; ESTATUTARIO;4942,57;;4942,57;791,22;4151,35;
LAERCIO BANDEIRA DOS SANTOS;TEFE;T.F.AGRO-III;; ESTATUTARIO;5479,16;;5479,16;985,51;4493,65;
LAERCIO DOS REIS JUNIOR;DEPTO.DEFESA AGROP.E FLORESTAL;F.AGRO.MED.V-III;; ESTATUTARIO;7070,95;;7070,95;1436,08;5634,87;
LARISSA DE CARVALHO ARAUJO;TEFE;F.AGRO.MED.V-III;; ESTATUTARIO;5656,75;;5656,75;1117,00;4539,75;
LARISSA DE SA CARVALHO;TABATINGA;F.AGRO.MED.V-III;; ESTATUTARIO;8954,45;;8954,45;1894,93;7059,52;
LARISSA RIBAS DE LIMA;TABATINGA;F.AGRO.MED.V-III;; ESTATUTARIO;8457,69;;8457,69;2045,51;6412,18;
LAZARO ARAUJO DE ALMEIDA;DEPTO.ADM.FIN.COM.E FOMENTO;ASSISTENTE TECNICO;GERENTE; ESTATUTARIO;5607,98;;5607,98;654,39;4953,59;
LEANDRO MARTINS DA SILVA;PARINTINS;T.F.AGRO-III;; ESTATUTARIO;5309,31;;5309,31;913,52;4395,79;
LEONARDO DE BARROS PESSOA;BOCA DO ACRE;F.AGRO.MED.V-III;; ESTATUTARIO;8954,45;;8954,45;1894,93;7059,52;
LILIAN TOFFANETTO;NOVA OLINDA DO NORTE;F.AGRO.MED.V-III;; ESTATUTARIO;7778,03;;7778,03;1852,00;5926,03;
LILIANE GUIMARAES SILVA;DEPTO.ADM.FIN.COM.E FOMENTO;COORDENADOR LOCAL II;; CARGO COMISSION.S/VINCULO;4755,73;;4755,73;673,83;4081,90;
LOIANE PICANCO ALVES BASTOS;BARREIRINHA;A.TEC-III;; ESTATUTARIO;6724,20;;6724,20;1336,01;5388,19;
LORENA POLEZI SCHMIDT;ASSESSORIA;COORDENADOR LOCAL II;NAO INFORMADO; CARGO COMISSION.S/VINCULO;3691,80;;3691,80;383,88;3307,92;
LUCAS LOPES DE SA;URUCARA;A.TEC-III;; ESTATUTARIO;4662,74;;4662,74;686,08;3976,66;
LUCAS SILVA TEIXEIRA;APUI;F.A.ENG.AGRO-III;; ESTATUTARIO;8537,70;;8537,70;1881,21;6656,49;
LUCAS XAVIER SANT'ANNA;LABREA;F.AGRO.MED.V-III;; ESTATUTARIO;10842,11;;10842,11;2924,04;7918,07;
LUCIANA FERREIRA DA SILVA;CODAJAS;T.F.AGRO-III;TEC.EM AGROPECUARIA; ESTATUTARIO;4942,57;;4942,57;791,22;4151,35;
LUIZ ALVES DE ARRUDA NETO;RIO PRETO DA EVA;T.F.AGRO-III;TEC.EM AGROPECUARIA; ESTATUTARIO;4942,57;;4942,57;752,31;4190,26;
LUIZ ANTONIO DA SILVA;DEPTO.DEFESA AGROP.E FLORESTAL;ENGENHEIRO AGRONOMO;CHEFE DE DEPARTAM; ESTATUTARIO;11794,00;;11794,00;3351,73;8442,27;
LUIZ CARLOS ALBUQUERQUE FERREIRA;MANICORE;T.F.AGRO-III;; ESTATUTARIO;7700,44;;7700,44;3054,20;4646,24;
LUIZ FERNANDO DA SILVA;DEPTO.DEFESA AGROP.E FLORESTAL;ENGENHEIRO AGRONOMO;GERENTE AD-2; ESTATUTARIO;12867,31;;12867,31;3694,52;9172,79;
LUIZ MAGALHAES DE FREITAS;CAREIRO DA VARZEA;AG.F.AGRO-III;AG.AGROPECUARIO; ESTATUTARIO;4942,57;;4942,57;723,87;4218,70;
LYLIAN BRASIL DA SILVA;NOVO ARIPUANA;F.AGRO.MED.V-III;; ESTATUTARIO;4478,26;;4478,26;764,67;3713,59;
MAELSON RODRIGUES LOPES;MANICORE;T.F.AGRO-III;; ESTATUTARIO;5309,31;;5309,31;880,18;4429,13;
MAGDA ADEGAS DA SILVA;NOVO ARIPUANA;T.F.AGRO-III;; ESTATUTARIO;5309,31;;5309,31;880,18;4429,13;
MAILTON DA SILVA GUALBERTO;RIO PRETO DA EVA;AUX.F.AGRO-III;AUX. AGROPECUARIO; ESTATUTARIO;3297,95;;3297,95;364,63;2933,32;
MANOEL MOURAO NETO;DEPTO.ADM.FIN.COM.E FOMENTO;ASSESSOR I;NAO INFORMADO; CARGO COMISSION.S/VINCULO;5729,77;;5729,77;998,67;4731,10;
MARCAM ZIK UCHOA;GABINETE;CHEFE DE GABINETE;NAO INFORMADO; CARGO COMISSION.S/VINCULO;5729,77;;5729,77;998,67;4731,10;
MARCELO DANTAS XIMENES;HUMAITA;AUX.F.AGRO-III;; ESTATUTARIO;3297,95;;3297,95;364,63;2933,32;
MARCELO VIEIRA ZEFERINO;BOA VISTA DO RAMOS;T.F.AGRO-III;TEC.EM AGRONOMIA; ESTATUTARIO;4942,57;;4942,57;791,22;4151,35;
MARCIA REGINA CANCIO SANTIAGO;DEPTO.DEFESA AGROP.E FLORESTAL;AUX.F.AGRO-III;; ESTATUTARIO;2797,95;;2797,95;321,71;2476,24;
MARCIO ANDERSON FERREIRA BARROS;ITACOATIARA;M.FLU-III;; ESTATUTARIO;3618,95;;3618,95;410,02;3208,93;
MARCOS ORELIO FROTA NOGUEIRA;MANICORE;AUX.F.AGRO-III;; ESTATUTARIO;3664,69;;3664,69;439,63;3225,06;
MARIA AUXILIADORA DUARTE DAS CHAGAS;DEPTO.DEFESA AGROP.E FLORESTAL;COORDENADOR LOCAL II;; CARGO COMISSION.S/VINCULO;3691,80;;3691,80;383,88;3307,92;
MARIA DA SILVA MELO;APUI;T.F.AGRO-III;; ESTATUTARIO;6960,02;;6960,02;2598,75;4361,27;
MARIA IVANE BRITO DE SOUZA;PRESIDENTE FIGUEIREDO;T.F.AGRO-III;; ESTATUTARIO;4942,57;;4942,57;791,22;4151,35;
MARIA LUIZA GRIGIO;PRESIDENTE FIGUEIREDO;F.A.ENG.AGRO-III;; ESTATUTARIO;7924,29;;7924,29;1844,68;6079,61;
MARIO ARTHUR DA COSTA LEAL;COARI;F.AGRO.MED.V-III;; ESTATUTARIO;8954,45;;8954,45;1894,93;7059,52;
MATEUS SOARES BARROSO;MANACAPURU;T.F.AGRO-III;; ESTATUTARIO;6423,43;;6423,43;1107,62;5315,81;
MAURICIO JOSE GUIMARAES PEREIRA;NOVO ARIPUANA;T.F.AGRO-III;; ESTATUTARIO;4442,57;;4442,57;705,75;3736,82;
MELQUISEDEQUE MACHADO DA CRUZ;HUMAITA;AUX.F.AGRO-III;AUX.AGROPECUARIO; ESTATUTARIO;3297,95;;3297,95;336,19;2961,76;
MICHAELL DA SILVA SANTOS;DEPTO.DEFESA AGROP.E FLORESTAL;F.A.ENG.AGRO-III;FISCAL AGROP-III CL; ESTATUTARIO;7540,30;;7540,30;1624,90;5915,40;
MICHELE MODESTO MEIRELES;COARI;F.AGRO.MED.V-III;FISC.AGROP.III CL; ESTATUTARIO;7870,95;;7870,95;1824,60;6046,35;
NADIA NARA DOS SANTOS VALENTE;DEPTO.DEFESA AGROP.E FLORESTAL;F.AGRO.MED.V-III;; ESTATUTARIO;9427,92;;9427,92;2429,26;6998,66;
NATHALIA DO NASCIMENTO LOPES SOARES;APUI;T.F.AGRO-III;; ESTATUTARIO;5359,32;;5359,32;797,76;4561,56;
NICODEMOS PEIXOTO DE QUEIROZ;AUTAZES;M.FLU-III;; ESTATUTARIO;3618,95;;3618,95;410,02;3208,93;
NILDA MARIA FIGUEIREDO DA FROTA;ASSESSORIA;COORDENADOR LOCAL II;NAO INFORMADO; CARGO COMISSION.S/VINCULO;3691,80;;3691,80;383,88;3307,92;
OLAVO BARROS DE FREITAS;PAUINI;T.F.AGRO-III;; ESTATUTARIO;5359,32;;5359,32;830,22;4529,10;
ORLENCLEISON MARQUES TEMO;HUMAITA;AUX.F.AGRO-III;; ESTATUTARIO;3297,95;;3297,95;336,19;2961,76;
OSEIAS RICARDO MARTINS DE MOURA;GUAJARA;F.AGRO.MED.V-III;; ESTATUTARIO;11077,81;;11077,81;3006,51;8071,30;
OSVALDO PEREIRA DA SILVA NETO;RIO PRETO DA EVA;F.A.ENG.AGRO-III;; ESTATUTARIO;8537,70;;8537,70;1881,21;6656,49;
PAMELA NUNES CABRAL;APUI;T.F.AGRO-III;; ESTATUTARIO;5309,31;;5309,31;913,52;4395,79;
PATRICIA MERLINI DE ALMEIDA;LABREA;F.AGRO.MED.V-III;FISCAL AGROP.; ESTATUTARIO;8340,30;;8340,30;1897,04;6443,26;
PAULO PEDRO TORRES BARROS FILHO;HUMAITA;T.F.AGRO-III;; ESTATUTARIO;4942,57;;4942,57;791,22;4151,35;
PAULO VICTOR ZAU DE OLIVEIRA;DEPTO.DEFESA AGROP.E FLORESTAL;T.F.AGRO-III;TEC.AGROPECUARIA; ESTATUTARIO;4442,57;;4442,57;705,75;3736,82;
PRISCILA COSTA VILELLA;URUCURITUBA;A.TEC-III;; ESTATUTARIO;4796,10;;4796,10;742,37;4053,73;
PRISCILLA AGUIAR MOLLER;DEPTO.DEFESA AGROP.E FLORESTAL;F.A.ENG.AGRO-III;; ESTATUTARIO;7070,95;;7070,95;1484,23;5586,72;
RAIMUNDA DE SOUZA FARIAS;MANICORE;T.F.AGRO-III;; ESTATUTARIO;5309,31;;5309,31;880,18;4429,13;
RAIMUNDO NONATO DE SOUZA ROSAS;MANICORE;AUX.F.AGRO-III;; ESTATUTARIO;3714,70;;3714,70;428,89;3285,81;
RAIMUNDO ROBERTO DE MELO CARDOSO;BOCA DO ACRE;TECNICO EM AGROPECUARIA;; ESTATUTARIO;4977,55;;4977,55;802,89;4174,66;
RAMERSON VASCONCELOS FERREIRA;DEPTO.DEFESA AGROP.E FLORESTAL;T.F.AGRO-III;GERENTE; ESTATUTARIO;5626,45;;5626,45;859,77;4766,68;
RAYCKSON BENEZAR CARVALHO;SAO SEBASTIAO DO UATUMA;T.F.AGRO-III;; ESTATUTARIO;5309,31;;5309,31;880,18;4429,13;
RAYLEN JORGE SOARES DE SOUZA;IRANDUBA;T.F.AGRO-III;; ESTATUTARIO;4942,57;;4942,57;603,32;4339,25;
RENATO OLIVEIRA SANTOS;URUCARA;T.F.AGRO-III;; ESTATUTARIO;5309,31;;5309,31;880,18;4429,13;
RICARDO AUGUSTO GONCALVES BORGES;MANICORE;F.AGRO.MED.V-III;FIS.AGROP.III CL; ESTATUTARIO;8340,30;;8340,30;1949,17;6391,13;
ROBERIO DANTAS MAGALHAES;DEPTO.DEFESA AGROP.E FLORESTAL;T.F.AGRO-III;TEC.EM AGROPECUARIA; ESTATUTARIO;4442,57;;4442,57;593,94;3848,63;
ROBERTA PEREIRA DOS SANTOS;DEPTO.ADM.FIN.COM.E FOMENTO;TNS-III;; ESTATUTARIO;6132,23;;6132,23;1251,17;4881,06;
RODRIGO JOSE MENDONCA DA FONSECA;ANAMA;T.F.AGRO-III;; ESTATUTARIO;5359,32;;5359,32;830,22;4529,10;
RODRIGO MARQUES DIAS;DEPTO.DEFESA AGROP.E FLORESTAL;COORDENADOR LOCAL I;; CARGO COMISSION.S/VINCULO;4709,79;;4709,79;629,29;4080,50;
ROMULO DIEGO DO AMARANTE LIMA;CODAJAS;T.F.AGRO-III;; ESTATUTARIO;7700,44;;7700,44;1703,56;5996,88;
RONNAN FERREIRA DA COSTA;PRESIDENTE FIGUEIREDO;AUX.F.AGRO-III;AUX. AGROPECUARIO; ESTATUTARIO;3297,95;;3297,95;364,63;2933,32;
RUBEN COELHO DOS SANTOS;DEPTO.DEFESA AGROP.E FLORESTAL;AUX.F.AGRO-III;; ESTATUTARIO;2797,95;;2797,95;321,71;2476,24;
RUTHE RIBEIRO DE OLIVEIRA;DEPTO.DEFESA AGROP.E FLORESTAL;COORDENADOR LOCAL II;; CARGO COMISSION.S/VINCULO;3691,80;;3691,80;383,88;3307,92;
SANDOVAL SALERNO PINHEIRO;DEPTO.DEFESA AGROP.E FLORESTAL;F.A.ENG.AGRO-III;; ESTATUTARIO;7070,95;;7070,95;1552,46;5518,49;
SEBASTIAO ALUIZIO JESUS DA SILVA;APUI;T.F.AGRO-III;; ESTATUTARIO;5109,27;;5109,27;768,72;4340,55;
SERGIO ROBERTO ROLIM DA SILVA;ITACOATIARA;T.F.AGRO-III;TECNICO EM AGRONOMIA; ESTATUTARIO;4942,57;;4942,57;791,22;4151,35;
SEVERINO DE AZEVEDO NEVES FILHO;DEPTO.DEFESA AGROP.E FLORESTAL;MEDICO VETERINARIO;; ESTATUTARIO;8591,34;;8591,34;2001,55;6589,79;
SHAMILA EVELLEM MAGALHAES DA SILVA;DEPTO.DEFESA AGROP.E FLORESTAL;AG.F.AGRO-III;AG. AGROPECUARIO; ESTATUTARIO;4442,57;;4442,57;705,75;3736,82;
SILVIO DE ALMEIDA MORAES;MANICORE;T.F.AGRO-III;; ESTATUTARIO;5359,32;;5359,32;797,76;4561,56;
SIVANDRO CAMPOS DE FREITAS;DEPTO.DEFESA AGROP.E FLORESTAL;TECNICO EM AGROPECUARIA;; ESTATUTARIO;4996,57;;4996,57;742,42;4254,15;
STEFANO SAMUEL BERNARDO COSTA;SANTO ANTONIO DO IÇA;T.F.AGRO-III;; ESTATUTARIO;5225,96;;5225,96;852,39;4373,57;
TAMARA REGINA DE SOUZA BAIA;CAREIRO DA VARZEA;AG.F.AGRO-III;; ESTATUTARIO;5225,96;;5225,96;852,39;4373,57;
TAMIRES JORDANA SALES DA SILVA LEAL;TABATINGA;T.F.AGRO-III;; ESTATUTARIO;5359,32;;5359,32;830,22;4529,10;
THIAGO DE LAY FREITAS;SANTO ANTONIO DO MATUPI;T.F.AGRO-III;; ESTATUTARIO;5359,32;;5359,32;830,22;4529,10;
THIAGO FARIAS GOES DE SOUZA;PARINTINS;COORDENADOR LOCAL II;; CARGO COMISSION.S/VINCULO;3691,80;;3691,80;383,88;3307,92;
THIAGO SANCHES AGUIAR;BOCA DO ACRE;MED.V-III;MEDICO VETERINARIO; ESTATUTARIO;7870,95;;7870,95;1772,46;6098,49;
VALCINEIA LIMA SANTOS;MAUES;PROFESSOR PF20.ESP-III;COORDENADOR LOCAL II; ESTATUTARIO;5984,44;;5984,44;891,03;5093,41;
VALDERLI MESQUITA GOMES;BENJAMIN CONSTANT;T.F.AGRO-III;TEC.EM AGROPECUARIA; ESTATUTARIO;4942,57;;4942,57;752,31;4190,26;
VALDINEIA PRADO BATISTA;RIO PRETO DA EVA;T.F.AGRO-III;TEC.EM AGROPECUARIA; ESTATUTARIO;4942,57;;4942,57;791,22;4151,35;
VALERIA CRISTINA DE PAULA FERREIRA;PARINTINS;F.A.ENG.AGRO-III;; ESTATUTARIO;8537,70;;8537,70;1881,21;6656,49;
VANDERSON RIBEIRO FERREIRA;AUTAZES;T.F.AGRO-III;; ESTATUTARIO;5309,31;;5309,31;913,52;4395,79;
VIVIAN SARAIVA BARROSO;GABINETE;COORDENADOR LOCAL II;; CARGO COMISSION.S/VINCULO;3691,80;;3691,80;383,88;3307,92;
WAGNER CAMPAGNARO VERNECK;BOCA DO ACRE;F.AGRO.MED.V-III;FISC.AGROP.; ESTATUTARIO;7870,95;;7870,95;1720,33;6150,62;
WAGNER MARTINS DOS SANTOS MONTEIRO;NOVO REMANSO;A.TEC-III;; ESTATUTARIO;4796,10;;4796,10;683,16;4112,94;
WALACE CIRNE LOPES;MANAQUIRI;T.F.AGRO-III;TEC.EM AGROPECUARIA; ESTATUTARIO;4942,57;;4942,57;752,31;4190,26;
WANDERLEIA GONCALVES RIBEIRO;PARINTINS;COORDENADOR LOCAL II;; CARGO COMISSION.S/VINCULO;3691,80;;3691,80;383,88;3307,92;
WANDERSON MAURICIO AGUIAR DA SILVA;NOVO ARIPUANA;T.F.AGRO-III;; ESTATUTARIO;5309,31;;5309,31;913,52;4395,79;
WARLEN ARIEL CORNELIO FERMIN;NOVO ARIPUANA;T.F.AGRO-III;; ESTATUTARIO;5359,32;;5359,32;930,20;4429,12;
WILES SANTOS SILVA;MANACAPURU;F.AGRO.MED.V-III;; ESTATUTARIO;8537,70;;8537,70;1881,21;6656,49;
WILLIAM DIAS FEITOSA;PRESIDENTE FIGUEIREDO;T.F.AGRO-III;TEC. EM AGROPECUARIA; ESTATUTARIO;4942,57;;4942,57;791,22;4151,35;
WILLIAN BRESSAN PINTO;DEPTO.DEFESA AGROP.E FLORESTAL;F.AGRO.MED.V-III;; ESTATUTARIO;7070,95;;7070,95;1410,17;5660,78;
WILLIAN MARINHO PEDRO;BOCA DO ACRE;T.F.AGRO-III;; ESTATUTARIO;5309,31;;5309,31;913,52;4395,79;
ZALA ARYSSA TREVISAN MACIEL;LABREA;COORDENADOR LOCAL II;; CARGO COMISSION.S/VINCULO;3691,80;;3691,80;383,88;3307,92;
ZENILDO DOS SANTOS OLIVEIRA FILHO;DEPTO.DEFESA AGROP.E FLORESTAL;AUX.F.AGRO-III;AUX. AGROPECUARIO; ESTATUTARIO;2797,95;;2797,95;321,71;2476,24;
