NOME;LOTACAO;CARGO;FUNCAO;VINCULO;REMUNERACAO LEGAL TOTAL(R$);DESC.TETO(R$); REMUNERACAO LEGAL DEVIDA(R$);DESCONTOS LEGAIS(R$);LIQUIDO DISPONIVEL(R$);
ADEILSON SILVA SOUSA;APUI;T.F.AGRO-III;; ESTATUTARIO;4942,57;;4942,57;791,22;4151,35;
ADELTON QUEIROZ DOS SANTOS;PRESIDENTE FIGUEIREDO;AG.F.AGRO-III;; ESTATUTARIO;4442,57;;4442,57;752,31;3690,26;
ADERALDO ALVES DE FRANCA;GUAJARA;T.F.AGRO-III;TEC.EM AGROPECUARIA; ESTATUTARIO;4942,57;;4942,57;723,87;4218,70;
ADILSON PEREIRA DA SILVA;APUI;T.F.AGRO-III;; ESTATUTARIO;4942,57;;4942,57;791,22;4151,35;
ADSON FERREIRA DE CARVALHO;AUTAZES - NOVO CEU;T.F.AGRO-III;; ESTATUTARIO;4942,57;;4942,57;791,22;4151,35;
AGEMIRO MOURA LOPES;PAUINI;COORDENADOR LOCAL II;; CARGO COMISSION.S/VINCULO;3691,80;;3691,80;383,88;3307,92;
AJAX DE SOUSA FERREIRA;DEPTO.DEFESA AGROP.E FLORESTAL;TECNICO EM AGROPECUARIA;; ESTATUTARIO;4996,57;;4996,57;826,34;4170,23;
ALAOR MAGALHÃES PEREIRA;NOVO ARIPUANA;T.F.AGRO-III;; ESTATUTARIO;4942,57;;4942,57;752,31;4190,26;
ALDA LUCIA DE MOURA LOUREIRO;DEPTO.DEFESA AGROP.E FLORESTAL;COORDENADOR LOCAL II;NAO INFORMADO; CARGO COMISSION.S/VINCULO;3691,80;;3691,80;383,88;3307,92;
ALDEMIR GONÇALO DA SILVA;AUTAZES;F.AGRO.MED.V-III;; ESTATUTARIO;7870,95;;7870,95;1824,60;6046,35;
ALEXANDRE DA GAMA LOPES;PARINTINS;M.FLU-III;; ESTATUTARIO;3202,20;;3202,20;345,05;2857,15;
ALEXANDRE DE SOUZA E SILVA;NOVO ARIPUANA;T.F.AGRO-III;; ESTATUTARIO;4942,57;;4942,57;791,22;4151,35;
ALEXANDRE HENRIQUE FREITAS ARAUJO;GABINETE;ENGENHEIRO AGRONOMO;DIRETOR PRESIDENT; ESTATUTARIO;14806,15;;14806,15;4048,34;10757,81;
ALEXSANDRO TREVISAN;PRESIDENTE FIGUEIREDO;T.AG-III;TEC.EM AGROPECUARIA; ESTATUTARIO;4942,57;;4942,57;791,22;4151,35;
ALISON ANDRE XIMENES SOARES;DEPTO.DEFESA AGROP.E FLORESTAL;F.AGRO.MED.V-III;; ESTATUTARIO;7070,95;;7070,95;1604,60;5466,35;
ALMIR ASTERIO CARVALHAL;ASSESSORIA;ENGENHEIRO AGRONOMO;ASSESSOR II AD2; ESTATUTARIO;12602,82;;12602,82;3213,70;9389,12;
ALOYSIO MAIA MALVEIRA JUNIOR;DEPTO.DEFESA AGROP.E FLORESTAL;ENGENHEIRO AGRONOMO;; ESTATUTARIO;8084,95;;8084,95;1934,23;6150,72;
ALTAIR DE ALMEIDA CAVALCANTE;DEPTO.DEFESA AGROP.E FLORESTAL;TECNICO EM AGROPECUARIA;; ESTATUTARIO;4996,57;;4996,57;863,48;4133,09;
AMAURY AZEVEDO LUZ;DEPTO.DEFESA AGROP.E FLORESTAL;F.AGRO.MED.V-III;; ESTATUTARIO;7070,95;;7070,95;1604,60;5466,35;
ANA CRISTINA KRZYZANIAK;DEPTO.DEFESA AGROP.E FLORESTAL;F.AGRO.MED.V-III;FISCAL AGROP-III CL; ESTATUTARIO;7040,30;;7040,30;1781,31;5258,99;
ANDERSON CARVALHO DA ROCHA;HUMAITA;AUX.F.AGRO-III;; ESTATUTARIO;3297,95;;3297,95;321,71;2976,24;
ANDRE PARANHOS ALBUQUERQUE;SANTO ANTONIO DO MATUPI;AUX.AGR-III;COORD. LOCAL II AD-3; ESTATUTARIO;4957,48;;4957,48;616,13;4341,35;
ANDREZZA RIBEIRO DE LIMA MORENO;MANACAPURU;COORDENADOR LOCAL II;; CARGO COMISSION.S/VINCULO;3691,80;;3691,80;383,88;3307,92;
ANGELICA MARTINA GONCALVES PEREIRA;DEPTO.DEFESA AGROP.E FLORESTAL;F.AGRO.MED.V-III;; ESTATUTARIO;7070,95;;7070,95;1604,60;5466,35;
ANGELO BRAMANTE DOS SANTOS MACHADO;AUTAZES;COORDENADOR LOCAL I;; CARGO COMISSION.S/VINCULO;4709,79;;4709,79;658,51;4051,28;
ANSELMO DE SOUZA BEZERRA;EIRUNEPE;TECNICO EM AGROPECUARIA;; ESTATUTARIO;5223,64;;5223,64;883,14;4340,50;
ANTONIELLY CARREIRO DE OLIVEIRA;SANTO ANTONIO DO MATUPI;COORDENADOR LOCAL II;NAO INFORMADO; CARGO COMISSION.S/VINCULO;3691,80;;3691,80;383,88;3307,92;
ANTONIO EDSON DE SOUZA SOARES;DEPTO.DEFESA AGROP.E FLORESTAL;T.F.AGRO-III;TEC.EM AGROPECUARIA; ESTATUTARIO;4442,57;;4442,57;632,92;3809,65;
ANTONIO JORGE SANTOS SILVA MATTOS;TEFE;F.AGRO.MED.V-III;; ESTATUTARIO;7870,95;;7870,95;1824,60;6046,35;
ANTONIO RODRIGUES VIANA;ITACOATIARA;AUX.F.AGRO-III;; ESTATUTARIO;3297,95;;3297,95;336,19;2961,76;
ANTONIO YAN MENEZES C DELMIRO;ENVIRA;T.F.AGRO-III;; ESTATUTARIO;4942,57;;4942,57;791,22;4151,35;
ARQUIMIMO DO AMARAL SILVA;ITAMARATI;T.F.AGRO-III;; ESTATUTARIO;4942,57;;4942,57;791,22;4151,35;
BARBARA BRANDAO FERREIRA SILVEIRA;DEPTO.DEFESA AGROP.E FLORESTAL;F.A.ENG.AGRO-III;; ESTATUTARIO;7070,95;;7070,95;1500,33;5570,62;
BERGSON PEREIRA DE LIMA;ITACOATIARA;F.AGRO.MED.V-III;; ESTATUTARIO;7870,95;;7870,95;1824,60;6046,35;
BOAVENTURA BEZERRA DA SILVA FILHO;JAPURA;T.F.AGRO-III;; ESTATUTARIO;4942,57;;4942,57;791,22;4151,35;
BRENDA CAROLINE DA COSTA ARAUJO;SANTA IZABEL DO RIO NEGRO;AUX.F.AGRO-III;AUX. AGROPECUARIO; ESTATUTARIO;3297,95;;3297,95;336,19;2961,76;
BRUNO SILVA E SILVA;NOVO REMANSO;T.F.AGRO-III;TEC.EM AGROPECUARIA; ESTATUTARIO;4942,57;;4942,57;695,44;4247,13;
CAETANINHA DA CUNHA CAVALCANTI;ASSESSORIA;TNS-III;; ESTATUTARIO;6132,23;;6132,23;1251,17;4881,06;
CAMILA DA COSTA AZEVEDO;CANUTAMA;AG.F.AGRO-III;; ESTATUTARIO;4942,57;;4942,57;791,22;4151,35;
CARLEU BARBA SOARES;DEPTO.DEFESA AGROP.E FLORESTAL;T.F.AGRO-III;TEC.EM AGROPECUARIA; ESTATUTARIO;4442,57;;4442,57;705,75;3736,82;
CARLOS AUGUSTO NUNES DA SILVA;PRESIDENTE FIGUEIREDO;AUX.F.AGRO-III;; ESTATUTARIO;3297,95;;3297,95;364,63;2933,32;
CARLOS ELSIO PEREIRA LIMA;APUI;T.F.AGRO-III;; ESTATUTARIO;4942,57;;4942,57;791,22;4151,35;
CARLOS JORGE RIBEIRO;ASSESSORIA;ASSESSOR I;ASSESSOR I; CARGO COMISSION.S/VINCULO;5729,77;;5729,77;998,67;4731,10;
CARLOS PEDRO DA SILVA;MANACAPURU;T.F.AGRO-III;TEC.EM AGROPECUARIA; ESTATUTARIO;4942,57;;4942,57;791,22;4151,35;
CARLOS PETRONIO DE SOUZA QUEIROZ;GUAJARA;AG.F.AGRO-III;AG.AGROPECUARIO; ESTATUTARIO;4442,57;;4442,57;600,26;3842,31;
CASEMIRO DA PAZ DE SOUZA;DEPTO.ADM.FIN.COM.E FOMENTO;AUX.F.AGRO-III;; ESTATUTARIO;2797,95;;2797,95;321,71;2476,24;
CHARLLES LIKIYASU OSAWA DA SILVA;NOVO ARIPUANA;T.F.AGRO-III;; ESTATUTARIO;4942,57;;4942,57;695,44;4247,13;
CHRISSOSTOMO PEREIRA NINA NETO;DEPTO.DEFESA AGROP.E FLORESTAL;T.F.AGRO-III;TEC.EM AGROPECUARIA; ESTATUTARIO;4442,57;;4442,57;677,31;3765,26;
CILENE PIRES DE SOUZA;DEPTO.ADM.FIN.COM.E FOMENTO;GERENTE;; CARGO COMISSION.S/VINCULO;4709,79;;4709,79;658,51;4051,28;
CLAUDIA DE FATIMA RAMOS CAMPOS;PARINTINS;MEDICO VETERINARIO;; ESTATUTARIO;8884,95;;8884,95;2206,37;6678,58;
CLAUDINEI VENTURA DO NASCIMENTO;APUI;T.F.AGRO-III;TEC.EM AGROPECUARIA; ESTATUTARIO;4942,57;;4942,57;752,31;4190,26;
CLEIDE PEREIRA LOPES;DEPTO.ADM.FIN.COM.E FOMENTO;COORDENADOR LOCAL II;; CARGO COMISSION.S/VINCULO;3691,80;;3691,80;336,77;3355,03;
CRISTIAN SOARES SAMPAIO ALVES;PARINTINS;AG.F.AGRO-III;; ESTATUTARIO;4942,57;;4942,57;791,22;4151,35;
CRISTIANE DA SILVA KLEHM;DEPTO.DEFESA AGROP.E FLORESTAL;F.A.ENG.AGRO-III;FIS.AGROP.AGRONOMIA; ESTATUTARIO;7634,17;;7634,17;1764,52;5869,65;
DANIEL MACHADO ROCHA;MANACAPURU;F.AGRO.MED.V-III;FISCAL AGROP-III CL; ESTATUTARIO;7870,95;;7870,95;1720,33;6150,62;
DANIEL RODRIGUES CHAGAS JUNIOR;ITACOATIARA;AUX.F.AGRO-III;; ESTATUTARIO;3297,95;;3297,95;364,63;2933,32;
DANIELA CARVALHO MESQUITA;URUCARA;F.AGRO.MED.V-III;FISCAL AGROP-III CL; ESTATUTARIO;7870,95;;7870,95;1772,46;6098,49;
DANIELLA APARECIDA DOS SANTOS;APUI;T.F.AGRO-III;; ESTATUTARIO;4942,57;;4942,57;791,22;4151,35;
DARLEY ARAUJO CRUZ;NOVO REMANSO;F.AGRO.MED.V-III;; ESTATUTARIO;7870,95;;7870,95;1824,60;6046,35;
DENILDO LOPES DA GAMA;PARINTINS;AUX.F.AGRO-III;; ESTATUTARIO;3297,95;;3297,95;364,63;2933,32;
DERLANI JOSE PEREIRA SERRAO;URUCURITUBA;T.F.AGRO-III;TEC. AGROPECUARIA; ESTATUTARIO;4942,57;;4942,57;752,31;4190,26;
DEYSERREEN DE SOUZA COSTA DA SILVA;ASSESSORIA;COORDENADOR LOCAL II;; CARGO COMISSION.S/VINCULO;3691,80;;3691,80;383,88;3307,92;
DIEGO LANER;DEPTO.DEFESA AGROP.E FLORESTAL;F.AGRO.MED.V-III;FISCAL AGROP-III CL; ESTATUTARIO;7540,30;;7540,30;1729,17;5811,13;
DIELIA MARIA PICANCO PESSOA;INTERIOR;COORDENADOR LOCAL II;NAO INFORMADO; CARGO COMISSION.S/VINCULO;3691,80;;3691,80;383,88;3307,92;
DIOGO ROBERTO PFAU;APUI;F.AGRO.MED.V-III;; ESTATUTARIO;7870,95;;7870,95;1824,60;6046,35;
DJALMA TAKESHI SOUZA ISHIZAWA;CODAJAS;A.TEC-III;; ESTATUTARIO;4379,35;;4379,35;600,81;3778,54;
DORIVALDO SALES PASSOS;PRESIDENTE FIGUEIREDO;T.F.AGRO-III;TEC.AGROPECUARIA; ESTATUTARIO;4942,57;;4942,57;752,31;4190,26;
EDER PEDRENO BELTRAO;BARREIRINHA;T.F.AGRO-III;; ESTATUTARIO;4942,57;;4942,57;752,31;4190,26;
EDIMAR BRANCHES GALVAO;NOVO ARIPUANA;T.F.AGRO-III;; ESTATUTARIO;4942,57;;4942,57;791,22;4151,35;
EDIVAN LIMA RIBEIRO;IRANDUBA;AUX.F.AGRO-III;AUX.AGROPECUARIO; ESTATUTARIO;2797,95;;2797,95;364,63;2433,32;
EDSON AZEVEDO FERNANDES;BOCA DO ACRE;MEDICO VETERINARIO;; ESTATUTARIO;7870,95;;7870,95;1595,81;6275,14;
EDSON FERREIRA GUIMARAES;APUI;T.F.AGRO-III;; ESTATUTARIO;4942,57;;4942,57;791,22;4151,35;
EDUARDO PINHEIRO DO NASCIMENTO;ASSESSORIA;TNS-III;; ESTATUTARIO;6132,23;;6132,23;1251,17;4881,06;
ELIEDNA CREUSA AYRES COSTA;ASSESSORIA;ASSESSOR I;NAO INFORMADO; CARGO COMISSION.S/VINCULO;5729,77;;5729,77;998,67;4731,10;
ELOISA MARTINS SOARES MACIEL;DEPTO.DEFESA AGROP.E FLORESTAL;F.AGRO.MED.V-III;; ESTATUTARIO;7070,95;;7070,95;1604,60;5466,35;
EMERSON CARLOS DE ALCANTARA PAULA;MANAQUIRI;AG.F.AGRO-III;; ESTATUTARIO;4942,57;;4942,57;791,22;4151,35;
ERILANE DOS SANTOS ALMEIDA;DEPTO.DEFESA AGROP.E FLORESTAL;AUX.F.AGRO-III;; ESTATUTARIO;2797,95;;2797,95;321,71;2476,24;
ERIVANOR ARAUJO DOS SANTOS;MANAQUIRI;TECNICO EM AGROPECUARIA;; ESTATUTARIO;5230,70;;5230,70;886,05;4344,65;
ERNESTINA FARIAS PINTO NETA;DEPTO.ADM.FIN.COM.E FOMENTO;GERENTE;GERENTE AD 2; CARGO COMISSION.S/VINCULO;4709,79;;4709,79;658,51;4051,28;
EUDES DE SOUZA LEITE;MANICORE;T.F.AGRO-III;; ESTATUTARIO;4942,57;;4942,57;791,22;4151,35;
EUDIMAR COSTA ROCHA;DEPTO.DEFESA AGROP.E FLORESTAL;COORDENADOR LOCAL I;; CARGO COMISSION.S/VINCULO;4709,79;;4709,79;658,51;4051,28;
EVANDRO AZEVEDO BARROS JUNIOR;BOCA DO ACRE;T.F.AGRO-III;; ESTATUTARIO;4942,57;;4942,57;791,22;4151,35;
EVILASIO MONTEIRO NOGUEIRA;NOVO ARIPUANA;T.F.AGRO-III;; ESTATUTARIO;4942,57;;4942,57;791,22;4151,35;
FABIANO PIMENTEL DOS SANTOS;MAUES;F.AGRO.MED.V-III;FISCAL AGROP-III CL; ESTATUTARIO;7870,95;;7870,95;1222,37;6648,58;
FABIO TRINDADE GONCALVES;PRESIDENTE FIGUEIREDO;F.AGRO.MED.V-III;; ESTATUTARIO;7870,95;;7870,95;1824,60;6046,35;
FELIPE MIRANDA MARQUES;ASSESSORIA;ASSESSOR II;NAO INFORMADO; CARGO COMISSION.S/VINCULO;4709,79;;4709,79;658,51;4051,28;
FERNANDA RECH;CAREIRO CASTANHO;F.AGRO.MED.V-III;; ESTATUTARIO;7870,95;;7870,95;1824,60;6046,35;
FRANCISCO ANTONIO OLIVEIRA QUEIROZ;LABREA;COORDENADOR LOCAL II;COORD LOCAL; CARGO COMISSION.S/VINCULO;3691,80;;3691,80;383,88;3307,92;
FRANCISCO AUGUSTO TAVARES PINTO;IRANDUBA;AUX.F.AGRO-III;; ESTATUTARIO;3297,95;;3297,95;364,63;2933,32;
FRANCISCO DE JESUS OLIVEIRA ARAUJO;NOVO ARIPUANA;T.F.AGRO-III;; ESTATUTARIO;4942,57;;4942,57;791,22;4151,35;
FRANCISCO MENDES DA CUNHA;CAREIRO CASTANHO;COORDENADOR LOCAL II;COORD.LOCALII AD3; CARGO COMISSION.S/VINCULO;3691,80;;3691,80;356,23;3335,57;
FRANCKIMAR PAZ DE CASTRO;MANICORE;T.F.AGRO-III;; ESTATUTARIO;4942,57;;4942,57;791,22;4151,35;
FRANCOAN DE OLIVEIRA DIAS;MANICORE;T.F.AGRO-III;; ESTATUTARIO;4942,57;;4942,57;791,22;4151,35;
GABRIELE DA SILVA FARIA;NHAMUNDA;T.F.AGRO-III;; ESTATUTARIO;4942,57;;4942,57;791,22;4151,35;
GELCIARA DA SILVA GOMES;DEPTO.DEFESA AGROP.E FLORESTAL;AG.F.AGRO-III;; ESTATUTARIO;4442,57;;4442,57;705,75;3736,82;
GELCINEI DE SOUZA ARAUJO;NOVA OLINDA DO NORTE;COORDENADOR LOCAL II;COORD LOCAL II AD3; CARGO COMISSION.S/VINCULO;3691,80;;3691,80;383,88;3307,92;
GERARDO LIMA BEZERRA;DEPTO.ADM.FIN.COM.E FOMENTO;COORDENADOR LOCAL II;NAO INFORMADO; CARGO COMISSION.S/VINCULO;3691,80;;3691,80;383,88;3307,92;
GILMARA SANTOS MARTINS MONTEIRO;DEPTO.ADM.FIN.COM.E FOMENTO;COORDENADOR LOCAL II;NAO INFORMADO; CARGO COMISSION.S/VINCULO;3691,80;;3691,80;383,88;3307,92;
GIOVANI BATISTA DO CARMO;AUTAZES;A.TEC-III;; ESTATUTARIO;3879,35;;3879,35;534,06;3345,29;
GIRLEI RODRIGUES DO NASCIMENTO;PRESIDENTE FIGUEIREDO;MOT-III;; ESTATUTARIO;3202,20;;3202,20;345,05;2857,15;
GIRLEY JORGE BEZERRA;LABREA;F.AGRO.MED.V-III;; ESTATUTARIO;7870,95;;7870,95;1824,60;6046,35;
GRAZIELE DOMINGUES;ASSESSORIA;ASSESSOR I;NAO INFORMADO; CARGO COMISSION.S/VINCULO;5729,77;;5729,77;998,67;4731,10;
HARUO TAKATANI;DEPTO.DEFESA AGROP.E FLORESTAL;F.AGRO.MED.V-III;; ESTATUTARIO;7540,30;;7540,30;1781,31;5758,99;
HAYLA KALINE RODRIGUES LIMA;CAREIRO DA VARZEA;F.AGRO.MED.V-III;FISCAL AGROP-III CL; ESTATUTARIO;8640,30;;8640,30;2302,51;6337,79;
HEITOR TEIXEIRA MACHADO;PARINTINS;T.F.AGRO-III;TEC.EM AGROPECUARIA; ESTATUTARIO;4942,57;;4942,57;791,22;4151,35;
HELIO APARECIDO DE MATOS FILHO;DEPTO.DEFESA AGROP.E FLORESTAL;F.A.ENG.AGRO-III;; ESTATUTARIO;7070,95;;7070,95;1604,60;5466,35;
HERCULES FERREIRA DA SILVA;APUI;T.F.AGRO-III;; ESTATUTARIO;4942,57;;4942,57;791,22;4151,35;
IDEUS COSTA NUNES JUNIOR;MANICORE;T.F.AGRO-III;; ESTATUTARIO;4942,57;;4942,57;791,22;4151,35;
IRINELSON CONCEICAO DE MATOS;MANICORE;T.F.AGRO-III;; ESTATUTARIO;4942,57;;4942,57;791,22;4151,35;
ITALO CORREA DE LIMA;PRESIDENTE FIGUEIREDO;T.F.AGRO-III;TEC.AGROPECUARIA; ESTATUTARIO;4942,57;;4942,57;791,22;4151,35;
IZAQUE OLIVEIRA DA SILVA;DEPTO.DEFESA AGROP.E FLORESTAL;AUX.F.AGRO-III;AUX. AGROPECUARIO; ESTATUTARIO;2797,95;;2797,95;321,71;2476,24;
JAILSON ALVES DE ARAUJO;HUMAITA;T.F.AGRO-III;TEC.EM AGROPECUARIA; ESTATUTARIO;4942,57;;4942,57;723,87;4218,70;
JEAN CARLOS SILVEIRA DA SILVA;JUTAI;T.F.AGRO-III;; ESTATUTARIO;4942,57;;4942,57;791,22;4151,35;
JEFFISON DO NASCIMENTO P FERREIRA;DEPTO.DEFESA AGROP.E FLORESTAL;F.AGRO.MED.V-III;; ESTATUTARIO;7070,95;;7070,95;1552,46;5518,49;
JEICIMARA FERREIRA DOS SANTOS;AUTAZES;T.F.AGRO-III;TEC.EM AGROPECUARIA; ESTATUTARIO;4942,57;;4942,57;723,87;4218,70;
JESSICA LOPES DO LIVRAMENTO;DEPTO.DEFESA AGROP.E FLORESTAL;AUX.F.AGRO-III;AUX. AGROPECUARIO; ESTATUTARIO;2797,95;;2797,95;321,71;2476,24;
JOAO BATISTA DIAS DAMACENO;HUMAITA;F.A.ENG.AGRO-III;; ESTATUTARIO;7870,95;;7870,95;1824,60;6046,35;
JOAO LEONARDO BENTES PEREIRA;DEPTO.ADM.FIN.COM.E FOMENTO;ASSESSOR II;NAO INFORMADO; CARGO COMISSION.S/VINCULO;4709,79;;4709,79;658,51;4051,28;
JOAO VICENTE OLIVEIRA DE AZEVEDO;IRANDUBA;MEDICO VETERINARIO;; ESTATUTARIO;8884,95;;8884,95;2206,37;6678,58;
JOCILEIA FREITAS E SILVA;IRANDUBA;AUX.F.AGRO-III;; ESTATUTARIO;3297,95;;3297,95;364,63;2933,32;
JOEL PAULA FREITAS;CAREIRO CASTANHO;MOT-III;; ESTATUTARIO;3202,20;;3202,20;345,05;2857,15;
JOELMA SERRAO DA SILVA;DEPTO.DEFESA AGROP.E FLORESTAL;F.AGRO.MED.V-III;; ESTATUTARIO;7070,95;;7070,95;1604,60;5466,35;
JONILSON ROLIM MACEDO;MANACAPURU;T.F.AGRO-III;TEC.EM AGROPECUARIA; ESTATUTARIO;4942,57;;4942,57;695,44;4247,13;
JORDEL OLIVEIRA DE LIMA;BOCA DO ACRE;T.F.AGRO-III;; ESTATUTARIO;4942,57;;4942,57;710,41;4232,16;
JOSANE FONTOURA BLOS ZENI;ASSESSORIA;ASSESSOR I;; CARGO COMISSION.S/VINCULO;5729,77;;5729,77;998,67;4731,10;
JOSE MIRANDA AZEVEDO;NHAMUNDA;T.F.AGRO-III;; ESTATUTARIO;4942,57;;4942,57;791,22;4151,35;
JOSE RAIMUNDO DE SOUZA PINTO;PARINTINS;T.F.AGRO-III;TEC.EM AGROP.; ESTATUTARIO;4942,57;;4942,57;791,22;4151,35;
JOSE ROGERIO VASCONCELLOS DE ARAUJO;ITACOATIARA;MEDICO VETERINARIO;; ESTATUTARIO;8884,95;;8884,95;1725,87;7159,08;
JOSIELTON PINHEIRO CHAVES;PARINTINS;T.F.AGRO-III;; ESTATUTARIO;4942,57;;4942,57;791,22;4151,35;
JOSUE ROBERTO MONTEIRO DA SILVA;PRESIDENTE FIGUEIREDO;COORDENADOR LOCAL I;; CARGO COMISSION.S/VINCULO;4709,79;;4709,79;658,51;4051,28;
JOUBERT LIMA DOS SANTOS;ASSESSORIA;TNS-III;; ESTATUTARIO;6132,23;;6132,23;1251,17;4881,06;
JUAN CLEBSON FERREIRA CORDEIRO;MANICORE;T.F.AGRO-III;; ESTATUTARIO;4942,57;;4942,57;752,31;4190,26;
JUCIMAR FERREIRA SILVA;BORBA;T.F.AGRO-III;; ESTATUTARIO;4942,57;;4942,57;791,22;4151,35;
JULCILEIA ARRUDA DE FARIA;DEPTO.DEFESA AGROP.E FLORESTAL;F.AGRO.MED.V-III;FISCAL AGROP-III CL; ESTATUTARIO;7540,30;;7540,30;1781,31;5758,99;
JULIANA PEREIRA MENDES;DEPTO.DEFESA AGROP.E FLORESTAL;ENG.AGRO-III;; ESTATUTARIO;7070,95;;7070,95;1604,60;5466,35;
JULIO AUGUSTO MORAES MARTINS;MANACAPURU;T.F.AGRO-III;TEC.AGROPECUARIA; ESTATUTARIO;4942,57;;4942,57;752,31;4190,26;
JUMAR ARAUJO QUEIROZ ALENCAR;ITACOATIARA;AUX.F.AGRO-III;; ESTATUTARIO;3297,95;;3297,95;364,63;2933,32;
KAMILA REGINA ALVES DE SOUZA;DEPTO.DEFESA AGROP.E FLORESTAL;AUX.F.AGRO-III;AUX. AGROPECUARIO; ESTATUTARIO;2797,95;;2797,95;321,71;2476,24;
KARINE SANTOS DA CRUZ;BOCA DO ACRE;F.A.ENG.AGRO-III;; ESTATUTARIO;7870,95;;7870,95;1824,60;6046,35;
KARLA PAZ GARCIA;TABATINGA;AG.F.AGRO-III;AGENTE AGROPECUARIO; ESTATUTARIO;4942,57;;4942,57;791,22;4151,35;
KEDMA ROCHA DE MELO;BOCA DO ACRE;T.F.AGRO-III;TEC.AGROPECUARIA; ESTATUTARIO;4942,57;;4942,57;791,22;4151,35;
LAERCIO BANDEIRA DOS SANTOS;TEFE;T.F.AGRO-III;; ESTATUTARIO;4942,57;;4942,57;791,22;4151,35;
LAERCIO DOS REIS JUNIOR;DEPTO.DEFESA AGROP.E FLORESTAL;F.AGRO.MED.V-III;; ESTATUTARIO;7070,95;;7070,95;1436,08;5634,87;
LARISSA DE CARVALHO ARAUJO;TEFE;F.AGRO.MED.V-III;; ESTATUTARIO;7870,95;;7870,95;1824,60;6046,35;
LARISSA DE SA CARVALHO;TABATINGA;F.AGRO.MED.V-III;; ESTATUTARIO;7870,95;;7870,95;1824,60;6046,35;
LARISSA RIBAS DE LIMA;TABATINGA;F.AGRO.MED.V-III;; ESTATUTARIO;7870,95;;7870,95;1824,60;6046,35;
LAZARO ARAUJO DE ALMEIDA;DEPTO.ADM.FIN.COM.E FOMENTO;ASSISTENTE TECNICO;ASSESSOR II AD2; ESTATUTARIO;5962,89;;5962,89;751,99;5210,90;
LEANDRO MARTINS DA SILVA;PARINTINS;T.F.AGRO-III;; ESTATUTARIO;4942,57;;4942,57;791,22;4151,35;
LEONARDO DE BARROS PESSOA;BOCA DO ACRE;F.AGRO.MED.V-III;; ESTATUTARIO;7870,95;;7870,95;1824,60;6046,35;
LILIAN TOFFANETTO;NOVA OLINDA DO NORTE;F.AGRO.MED.V-III;; ESTATUTARIO;7870,95;;7870,95;1824,60;6046,35;
LILIANE GUIMARAES SILVA;DEPTO.ADM.FIN.COM.E FOMENTO;COORDENADOR LOCAL II;; CARGO COMISSION.S/VINCULO;3691,80;;3691,80;383,88;3307,92;
LOIANE PICANCO ALVES BASTOS;BARREIRINHA;A.TEC-III;; ESTATUTARIO;4379,35;;4379,35;629,25;3750,10;
LUCAS LOPES DE SA;URUCARA;A.TEC-III;; ESTATUTARIO;4379,35;;4379,35;629,25;3750,10;
LUCAS SILVA TEIXEIRA;APUI;F.A.ENG.AGRO-III;; ESTATUTARIO;7870,95;;7870,95;1824,60;6046,35;
LUCAS XAVIER SANT'ANNA;LABREA;F.AGRO.MED.V-III;; ESTATUTARIO;7870,95;;7870,95;1824,60;6046,35;
LUCIANA FERREIRA DA SILVA;CODAJAS;T.F.AGRO-III;TEC.EM AGROPECUARIA; ESTATUTARIO;4442,57;;4442,57;705,75;3736,82;
LUIZ ALVES DE ARRUDA NETO;RIO PRETO DA EVA;T.F.AGRO-III;TEC.EM AGROPECUARIA; ESTATUTARIO;4942,57;;4942,57;752,31;4190,26;
LUIZ ANTONIO DA SILVA;DEPTO.DEFESA AGROP.E FLORESTAL;ENGENHEIRO AGRONOMO;CHEFE DE DEPARTAM; ESTATUTARIO;11794,00;;11794,00;3351,73;8442,27;
LUIZ CARLOS ALBUQUERQUE FERREIRA;MANICORE;T.F.AGRO-III;; ESTATUTARIO;4942,57;;4942,57;791,22;4151,35;
LUIZ FERNANDO DA SILVA;DEPTO.DEFESA AGROP.E FLORESTAL;ENGENHEIRO AGRONOMO;GERENTE AD-2; ESTATUTARIO;12867,31;;12867,31;3694,52;9172,79;
LUIZ MAGALHAES DE FREITAS;CAREIRO DA VARZEA;AG.F.AGRO-III;AG.AGROPECUARIO; ESTATUTARIO;4942,57;;4942,57;723,87;4218,70;
LYLIAN BRASIL DA SILVA;NOVO ARIPUANA;F.AGRO.MED.V-III;; ESTATUTARIO;7870,95;;7870,95;;7870,95;
MAELSON RODRIGUES LOPES;MANICORE;T.F.AGRO-III;; ESTATUTARIO;4942,57;;4942,57;791,22;4151,35;
MAGDA ADEGAS DA SILVA;NOVO ARIPUANA;T.F.AGRO-III;; ESTATUTARIO;4942,57;;4942,57;791,22;4151,35;
MAILTON DA SILVA GUALBERTO;RIO PRETO DA EVA;AUX.F.AGRO-III;AUX. AGROPECUARIO; ESTATUTARIO;3297,95;;3297,95;364,63;2933,32;
MANOEL MOURAO NETO;DEPTO.ADM.FIN.COM.E FOMENTO;ASSESSOR I;NAO INFORMADO; CARGO COMISSION.S/VINCULO;5729,77;;5729,77;998,67;4731,10;
MARCAM ZIK UCHOA;GABINETE;CHEFE DE GABINETE;NAO INFORMADO; CARGO COMISSION.S/VINCULO;5729,77;;5729,77;998,67;4731,10;
MARCELO DANTAS XIMENES;HUMAITA;AUX.F.AGRO-III;; ESTATUTARIO;3297,95;;3297,95;364,63;2933,32;
MARCELO VIEIRA ZEFERINO;BOA VISTA DO RAMOS;T.F.AGRO-III;TEC.EM AGRONOMIA; ESTATUTARIO;4942,57;;4942,57;791,22;4151,35;
MARCIA REGINA CANCIO SANTIAGO;DEPTO.DEFESA AGROP.E FLORESTAL;AUX.F.AGRO-III;; ESTATUTARIO;2797,95;;2797,95;321,71;2476,24;
MARCIO ANDERSON FERREIRA BARROS;ITACOATIARA;M.FLU-III;; ESTATUTARIO;3202,20;;3202,20;345,05;2857,15;
MARCOS ORELIO FROTA NOGUEIRA;MANICORE;AUX.F.AGRO-III;; ESTATUTARIO;3297,95;;3297,95;350,41;2947,54;
MARIA AUXILIADORA DUARTE DAS CHAGAS;DEPTO.DEFESA AGROP.E FLORESTAL;COORDENADOR LOCAL II;; CARGO COMISSION.S/VINCULO;3691,80;;3691,80;383,88;3307,92;
MARIA DA SILVA MELO;APUI;T.F.AGRO-III;; ESTATUTARIO;4942,57;;4942,57;791,22;4151,35;
MARIA IVANE BRITO DE SOUZA;PRESIDENTE FIGUEIREDO;T.F.AGRO-III;; ESTATUTARIO;4942,57;;4942,57;791,22;4151,35;
MARIA LUIZA GRIGIO;PRESIDENTE FIGUEIREDO;F.A.ENG.AGRO-III;; ESTATUTARIO;7870,95;;7870,95;1824,60;6046,35;
MATEUS SOARES BARROSO;MANACAPURU;T.F.AGRO-III;; ESTATUTARIO;4942,57;;4942,57;752,31;4190,26;
MAURICIO JOSE GUIMARAES PEREIRA;NOVO ARIPUANA;T.F.AGRO-III;; ESTATUTARIO;4942,57;;4942,57;791,22;4151,35;
MELQUISEDEQUE MACHADO DA CRUZ;HUMAITA;AUX.F.AGRO-III;AUX.AGROPECUARIO; ESTATUTARIO;3297,95;;3297,95;336,19;2961,76;
MICHAELL DA SILVA SANTOS;DEPTO.DEFESA AGROP.E FLORESTAL;F.A.ENG.AGRO-III;FISCAL AGROP-III CL; ESTATUTARIO;7540,30;;7540,30;1624,90;5915,40;
MICHELE MODESTO MEIRELES;COARI;F.AGRO.MED.V-III;FISC.AGROP.III CL; ESTATUTARIO;7070,95;;7070,95;1604,60;5466,35;
MYLENA DAMASCENO VASCONCELOS;DEPTO.DEFESA AGROP.E FLORESTAL;COORDENADOR LOCAL II;NAO INFORMADO; CARGO COMISSION.S/VINCULO;3691,80;;3691,80;383,88;3307,92;
NADIA NARA DOS SANTOS VALENTE;DEPTO.DEFESA AGROP.E FLORESTAL;F.AGRO.MED.V-III;; ESTATUTARIO;7070,95;;7070,95;1604,60;5466,35;
NATHALIA DO NASCIMENTO LOPES SOARES;APUI;T.F.AGRO-III;; ESTATUTARIO;4942,57;;4942,57;752,31;4190,26;
NICODEMOS PEIXOTO DE QUEIROZ;AUTAZES;M.FLU-III;; ESTATUTARIO;3202,20;;3202,20;345,05;2857,15;
NILDA MARIA FIGUEIREDO DA FROTA;ASSESSORIA;COORDENADOR LOCAL II;NAO INFORMADO; CARGO COMISSION.S/VINCULO;3691,80;;3691,80;383,88;3307,92;
OLAVO BARROS DE FREITAS;PAUINI;T.F.AGRO-III;; ESTATUTARIO;4942,57;;4942,57;791,22;4151,35;
ORLENCLEISON MARQUES TEMO;HUMAITA;AUX.F.AGRO-III;; ESTATUTARIO;3297,95;;3297,95;336,19;2961,76;
OSEIAS RICARDO MARTINS DE MOURA;GUAJARA;F.AGRO.MED.V-III;; ESTATUTARIO;7870,95;;7870,95;1824,60;6046,35;
OSVALDO PEREIRA DA SILVA NETO;RIO PRETO DA EVA;F.A.ENG.AGRO-III;; ESTATUTARIO;7870,95;;7870,95;1824,60;6046,35;
PAMELA NUNES CABRAL;APUI;T.F.AGRO-III;; ESTATUTARIO;4942,57;;4942,57;791,22;4151,35;
PATRICIA MERLINI DE ALMEIDA;HUMAITA;F.AGRO.MED.V-III;FISCAL AGROP.; ESTATUTARIO;8340,30;;8340,30;1897,04;6443,26;
PAULO PEDRO TORRES BARROS FILHO;HUMAITA;T.F.AGRO-III;; ESTATUTARIO;4942,57;;4942,57;791,22;4151,35;
PAULO VICTOR ZAU DE OLIVEIRA;DEPTO.DEFESA AGROP.E FLORESTAL;T.F.AGRO-III;TEC.AGROPECUARIA; ESTATUTARIO;4442,57;;4442,57;705,75;3736,82;
PRISCILA COSTA VILELLA;URUCURITUBA;A.TEC-III;; ESTATUTARIO;4379,35;;4379,35;629,25;3750,10;
PRISCILLA AGUIAR MOLLER;DEPTO.DEFESA AGROP.E FLORESTAL;F.A.ENG.AGRO-III;; ESTATUTARIO;7070,95;;7070,95;1484,23;5586,72;
RAIMUNDO FRANCISCO DA S CORDEIRO;CANUTAMA;COORDENADOR LOCAL II;NAO INFORMADO; CARGO COMISSION.S/VINCULO;3691,80;;3691,80;383,88;3307,92;
RAIMUNDO NONATO DE SOUZA ROSAS;MANICORE;AUX.F.AGRO-III;; ESTATUTARIO;3297,95;;3297,95;364,63;2933,32;
RAIMUNDO ROBERTO DE MELO CARDOSO;BOCA DO ACRE;TECNICO EM AGROPECUARIA;; ESTATUTARIO;4977,55;;4977,55;802,89;4174,66;
RAMERSON VASCONCELOS FERREIRA;DEPTO.DEFESA AGROP.E FLORESTAL;T.F.AGRO-III;GERENTE; ESTATUTARIO;5626,45;;5626,45;859,77;4766,68;
RAYCKSON BENEZAR CARVALHO;SAO SEBASTIAO DO UATUMA;T.F.AGRO-III;; ESTATUTARIO;4942,57;;4942,57;791,22;4151,35;
RAYLEN JORGE SOARES DE SOUZA;IRANDUBA;T.F.AGRO-III;; ESTATUTARIO;4942,57;;4942,57;603,32;4339,25;
RENATO OLIVEIRA SANTOS;URUCARA;T.F.AGRO-III;; ESTATUTARIO;4942,57;;4942,57;791,22;4151,35;
RHUAN SEBASTIAN ARAUJO LEAL;DEPTO.ADM.FIN.COM.E FOMENTO;COORDENADOR LOCAL II;NAO INFORMADO; CARGO COMISSION.S/VINCULO;3691,80;;3691,80;383,88;3307,92;
RICARDO AUGUSTO GONCALVES BORGES;MANICORE;F.AGRO.MED.V-III;FIS.AGROP.III CL; ESTATUTARIO;8340,30;;8340,30;1949,17;6391,13;
ROBERIO DANTAS MAGALHAES;MAUES;T.F.AGRO-III;TEC.EM AGROPECUARIA; ESTATUTARIO;4942,57;;4942,57;695,44;4247,13;
RODRIGO JOSE MENDONCA DA FONSECA;ANAMA;T.F.AGRO-III;; ESTATUTARIO;4942,57;;4942,57;791,22;4151,35;
RODRIGO MARQUES DIAS;DEPTO.DEFESA AGROP.E FLORESTAL;COORDENADOR LOCAL I;; CARGO COMISSION.S/VINCULO;4709,79;;4709,79;629,29;4080,50;
ROMULO DIEGO DO AMARANTE LIMA;CODAJAS;T.F.AGRO-III;; ESTATUTARIO;4942,57;;4942,57;791,22;4151,35;
RONNAN FERREIRA DA COSTA;PRESIDENTE FIGUEIREDO;AUX.F.AGRO-III;AUX. AGROPECUARIO; ESTATUTARIO;3297,95;;3297,95;364,63;2933,32;
RUBEN COELHO DOS SANTOS;DEPTO.DEFESA AGROP.E FLORESTAL;AUX.F.AGRO-III;; ESTATUTARIO;2797,95;;2797,95;321,71;2476,24;
RUTHE RIBEIRO DE OLIVEIRA;DEPTO.DEFESA AGROP.E FLORESTAL;COORDENADOR LOCAL II;; CARGO COMISSION.S/VINCULO;3691,80;;3691,80;383,88;3307,92;
SANDOVAL SALERNO PINHEIRO;DEPTO.DEFESA AGROP.E FLORESTAL;F.A.ENG.AGRO-III;; ESTATUTARIO;7070,95;;7070,95;1552,46;5518,49;
SEBASTIAO ALUIZIO JESUS DA SILVA;APUI;T.F.AGRO-III;; ESTATUTARIO;4942,57;;4942,57;723,87;4218,70;
SERGIO ROBERTO ROLIM DA SILVA;ITACOATIARA;T.F.AGRO-III;TECNICO EM AGRONOMIA; ESTATUTARIO;4942,57;;4942,57;791,22;4151,35;
SEVERINO DE AZEVEDO NEVES FILHO;DEPTO.DEFESA AGROP.E FLORESTAL;MEDICO VETERINARIO;; ESTATUTARIO;8591,34;;8591,34;2001,55;6589,79;
SILVIO DE ALMEIDA MORAES;MANICORE;T.F.AGRO-III;; ESTATUTARIO;4942,57;;4942,57;752,31;4190,26;
SIVANDRO CAMPOS DE FREITAS;DEPTO.DEFESA AGROP.E FLORESTAL;TECNICO EM AGROPECUARIA;; ESTATUTARIO;4996,57;;4996,57;742,42;4254,15;
STEFANO SAMUEL BERNARDO COSTA;MANICORE;T.F.AGRO-III;; ESTATUTARIO;4942,57;;4942,57;752,31;4190,26;
TAMARA REGINA DE SOUZA BAIA;CAREIRO DA VARZEA;AG.F.AGRO-III;; ESTATUTARIO;4942,57;;4942,57;791,22;4151,35;
TAMIRES JORDANA SALES DA SILVA LEAL;TABATINGA;T.F.AGRO-III;; ESTATUTARIO;4942,57;;4942,57;791,22;4151,35;
THIAGO DE LAY FREITAS;SANTO ANTONIO DO MATUPI;T.F.AGRO-III;; ESTATUTARIO;4942,57;;4942,57;791,22;4151,35;
THIAGO FARIAS GOES DE SOUZA;PARINTINS;COORDENADOR LOCAL II;; CARGO COMISSION.S/VINCULO;3691,80;;3691,80;383,88;3307,92;
THIAGO SANCHES AGUIAR;BOCA DO ACRE;MED.V-III;MEDICO VETERINARIO; ESTATUTARIO;7870,95;;7870,95;1772,46;6098,49;
VALCINEIA LIMA SANTOS;MAUES;PROFESSOR PF20.ESP-III;COORDENADOR LOCAL II; ESTATUTARIO;5984,44;;5984,44;891,03;5093,41;
VALDERLI MESQUITA GOMES;BENJAMIN CONSTANT;T.F.AGRO-III;TEC.EM AGROPECUARIA; ESTATUTARIO;4942,57;;4942,57;752,31;4190,26;
VALDINEIA PRADO BATISTA;RIO PRETO DA EVA;T.F.AGRO-III;TEC.EM AGROPECUARIA; ESTATUTARIO;4942,57;;4942,57;791,22;4151,35;
VALERIA CRISTINA DE PAULA FERREIRA;PARINTINS;F.A.ENG.AGRO-III;; ESTATUTARIO;7870,95;;7870,95;1824,60;6046,35;
VANDERSON RIBEIRO FERREIRA;AUTAZES;T.F.AGRO-III;; ESTATUTARIO;4942,57;;4942,57;791,22;4151,35;
VIVIAN SARAIVA BARROSO;GABINETE;GERENTE;NAO INFORMADO; CARGO COMISSION.S/VINCULO;4709,79;;4709,79;658,51;4051,28;
WAGNER CAMPAGNARO VERNECK;BOCA DO ACRE;F.AGRO.MED.V-III;FISC.AGROP.; ESTATUTARIO;7870,95;;7870,95;1720,33;6150,62;
WALACE CIRNE LOPES;MANAQUIRI;T.F.AGRO-III;TEC.EM AGROPECUARIA; ESTATUTARIO;4942,57;;4942,57;752,31;4190,26;
WANDERSON MAURICIO AGUIAR DA SILVA;NOVO ARIPUANA;T.F.AGRO-III;; ESTATUTARIO;4942,57;;4942,57;791,22;4151,35;
WARLEN ARIEL CORNELIO FERMIN;NOVO ARIPUANA;T.F.AGRO-III;; ESTATUTARIO;4942,57;;4942,57;791,22;4151,35;
WILES SANTOS SILVA;MANACAPURU;F.AGRO.MED.V-III;; ESTATUTARIO;7870,95;;7870,95;1824,60;6046,35;
WILLIAM DIAS FEITOSA;PRESIDENTE FIGUEIREDO;T.F.AGRO-III;TEC. EM AGROPECUARIA; ESTATUTARIO;4942,57;;4942,57;791,22;4151,35;
WILLIAN BRESSAN PINTO;DEPTO.DEFESA AGROP.E FLORESTAL;F.AGRO.MED.V-III;; ESTATUTARIO;7070,95;;7070,95;1604,60;5466,35;
WILLIAN MARINHO PEDRO;BOCA DO ACRE;T.F.AGRO-III;; ESTATUTARIO;4942,57;;4942,57;791,22;4151,35;
YAN DE SOUZA BORGES;DEPTO.ADM.FIN.COM.E FOMENTO;COORDENADOR LOCAL II;NAO INFORMADO; CARGO COMISSION.S/VINCULO;3691,80;;3691,80;383,88;3307,92;
ZALA ARYSSA TREVISAN MACIEL;LABREA;COORDENADOR LOCAL II;; CARGO COMISSION.S/VINCULO;3691,80;;3691,80;383,88;3307,92;
ZENILDO DOS SANTOS OLIVEIRA FILHO;DEPTO.DEFESA AGROP.E FLORESTAL;AUX.F.AGRO-III;AUX. AGROPECUARIO; ESTATUTARIO;2797,95;;2797,95;321,71;2476,24;
