NOME;LOTACAO;CARGO;FUNCAO;VINCULO;REMUNERACAO LEGAL TOTAL(R$);DESC.TETO(R$); REMUNERACAO LEGAL DEVIDA(R$);DESCONTOS LEGAIS(R$);LIQUIDO DISPONIVEL(R$);
ALEX EDER DE LIMA RODRIGUES;CONTRATADOS;SECRETARIO EXECUTIVO ADJUNTO;NAO INFORMADO; CARGO COMISSION.S/VINCULO;9500,00;;9500,00;2122,62;7377,38;
CARLOS ALBERTO SOUZA DE A FILHO;CONTRATADOS;VICE-GOVERNADOR;NAO INFORMADO; DISP. OUTROS ESFERAS;32200,00;;32200,00;11583,99;20616,01;
CLAUDIA DA SILVA BRUCE;CONTRATADOS;ASSESSOR II;NAO INFORMADO; CARGO COMISSION.S/VINCULO;4709,79;;4709,79;658,51;4051,28;
CLEBE ARRUDA DA ROCHA;CONTRATADOS;ASSESSOR I;NAO INFORMADO; CARGO COMISSION.S/VINCULO;5729,77;;5729,77;998,67;4731,10;
FABIOLA DE SOUZA SILVA;CONTRATADOS;ASSESSOR TECNICO;NAO INFORMADO; CARGO COMISSION.S/VINCULO;7500,00;;7500,00;1572,62;5927,38;
HELLEN ROBERTA D'ALMEIDA DO MONTE;CONTRATADOS;ASSESSOR I;NAO INFORMADO; CARGO COMISSION.S/VINCULO;5729,77;;5729,77;998,67;4731,10;
IVANETE GOMES DE ALMEIDA;EFETIVOS;AGENTE ADM.-AGA-T.S.N.A.-G;CHEFE DE DEPARTAMENT; ESTATUTARIO;6879,24;;6879,24;1033,25;5845,99;
JULIO CESAR MENDES BRASIL;CONTRATADOS;SECRETARIO EXECUTIVO ADJUNTO;NAO INFORMADO; CARGO COMISSION.S/VINCULO;9500,00;;9500,00;2122,62;7377,38;
MARCO ANTONIO MACHADO MACIEL;CONTRATADOS;ASSESSOR I;NAO INFORMADO; CARGO COMISSION.S/VINCULO;5729,77;;5729,77;998,67;4731,10;
MARCOS SIMPLICIO DE ARAUJO;CONTRATADOS;ASSESSOR I;NAO INFORMADO; CARGO COMISSION.S/VINCULO;7473,03;;7473,03;1565,21;5907,82;
MARIA VITORIA COELHO DA COSTA;CONTRATADOS;ASSESSOR II;NAO INFORMADO; CARGO COMISSION.S/VINCULO;4709,79;;4709,79;658,51;4051,28;
NATAIS CASTELO FERREIRA;CONTRATADOS;ASSESSOR I;NAO INFORMADO; CARGO COMISSION.S/VINCULO;5729,77;;5729,77;998,67;4731,10;
PAULINA SILVA DE SOUZA;CONTRATADOS;ASSESSOR IV;NAO INFORMADO; CARGO COMISSION.S/VINCULO;3075,61;;3075,61;263,77;2811,84;
RENATO NOGUEIRA DE OLIVEIRA;CONTRATADOS;SECRETARIO EXECUTIVO;NAO INFORMADO; CARGO COMISSION.S/VINCULO;12200,00;;12200,00;2865,12;9334,88;
RODRIGO VASCONCELOS PIRES CARVALHO;CONTRATADOS;ASSESSOR I;NAO INFORMADO; CARGO COMISSION.S/VINCULO;5729,77;;5729,77;998,67;4731,10;
ROZILENE DO NASCIMENTO PRAIA;CONTRATADOS;ASSESSOR IV;NAO INFORMADO; CARGO COMISSION.S/VINCULO;3075,61;;3075,61;249,55;2826,06;
VANESSA DA CUNHA NOGUEIRA;CONTRATADOS;ASSESSOR II;NAO INFORMADO; CARGO COMISSION.S/VINCULO;4709,79;;4709,79;658,51;4051,28;
