NOME;LOTACAO;CARGO;FUNCAO;VINCULO;REMUNERACAO LEGAL TOTAL(R$);DESC.TETO(R$); REMUNERACAO LEGAL DEVIDA(R$);DESCONTOS LEGAIS(R$);LIQUIDO DISPONIVEL(R$);
ANTOMARIO MONTEIRO LOPES;PROCON;ASSESSOR III;NAO INFORMADO; CARGO COMISSION.S/VINCULO;3159,83;;3159,83;279,43;2880,40;
BRUNA DAYANA DE SOUZA B PANTOJA;PROCON;ASSESSOR III;NAO INFORMADO; CARGO COMISSION.S/VINCULO;3159,83;;3159,83;279,43;2880,40;
BRUNO UCHOA REBOUÇAS;PROCON;ASSESSOR II;NAO INFORMADO; CARGO COMISSION.S/VINCULO;4008,15;;4008,15;468,98;3539,17;
CAMILA DOS SANTOS SOUZA;PROCON;ASSESSOR II;NAO INFORMADO; CARGO COMISSION.S/VINCULO;4008,15;;4008,15;468,98;3539,17;
CAMILA MITOSO HENRIQUES;PROCON;ASSESSOR II;NAO INFORMADO; CARGO COMISSION.S/VINCULO;4008,15;;4008,15;468,98;3539,17;
CARLA ADAO MARQUES;PROCON;ASSESSOR II;NAO INFORMADO; CARGO COMISSION.S/VINCULO;4008,15;;4008,15;468,98;3539,17;
CINTIA SUELEN COSTA ALENCAR;PROCON;CHEFE DE DEPARTAMENTO;NAO INFORMADO; CARGO COMISSION.S/VINCULO;4858,13;;4858,13;707,98;4150,15;
FABIANA LIMA DA ROCHA;PROCON;CHEFE DE DEPARTAMENTO;NAO INFORMADO; CARGO COMISSION.S/VINCULO;4858,13;;4858,13;707,98;4150,15;
FABIO RONDINELLY DA SILVA E SILVA;PROCON;ASSESSOR III;NAO INFORMADO; CARGO COMISSION.S/VINCULO;3159,83;;3159,83;279,43;2880,40;
FERNANDO LIMA MOTTA;PROCON;CHEFE DE DEPARTAMENTO;NAO INFORMADO; CARGO COMISSION.S/VINCULO;4858,13;;4858,13;707,98;4150,15;
GLEICIANE DE SOUZA NOGUEIRA;PROCON;ASSESSOR III;NAO INFORMADO; CARGO COMISSION.S/VINCULO;3159,83;;3159,83;279,43;2880,40;
ISABELLE GIOVANNA DA S RODRIGUES;PROCON;ASSESSOR III;NAO INFORMADO; CARGO COMISSION.S/VINCULO;3159,83;;3159,83;279,43;2880,40;
ISMAEL ABDEL AZIZ;PROCON;ASSESSOR II;NAO INFORMADO; CARGO COMISSION.S/VINCULO;4008,15;;4008,15;468,98;3539,17;
JALIL FRAXE CAMPOS;PROCON;DIRETOR PRESIDENTE;NAO INFORMADO; CARGO COMISSION.S/VINCULO;12200,00;;12200,00;2865,12;9334,88;
JOÃO PEDRO SALES SANTANA CARVALHO;PROCON;ASSESSOR II;NAO INFORMADO; CARGO COMISSION.S/VINCULO;4008,15;;4008,15;468,98;3539,17;
JORGE ARAUJO DA COSTA;PROCON;ASSESSOR I;NAO INFORMADO; CARGO COMISSION.S/VINCULO;4858,13;;4858,13;707,98;4150,15;
JUCY ANY GOMES BARBOSA;PROCON;ASSESSOR II;NAO INFORMADO; CARGO COMISSION.S/VINCULO;4008,15;;4008,15;468,98;3539,17;
JULIANA MARIA MELAZI GIRARDI VARGAS;PROCON;DIRETOR ADMINISTRATIVO E FINANCEIRO;NAO INFORMADO; CARGO COMISSION.S/VINCULO;9500,00;;9500,00;2122,62;7377,38;
LARISSA FREIRE DE SOUSA;PROCON;ASSESSOR II;NAO INFORMADO; CARGO COMISSION.S/VINCULO;4008,15;;4008,15;468,98;3539,17;
LEONARDO MONTEIRO CASTRO;PROCON;ASSESSOR III;NAO INFORMADO; CARGO COMISSION.S/VINCULO;3159,83;;3159,83;279,43;2880,40;
LIDIANY ALVES PINTO;PROCON;ASSESSOR III;NAO INFORMADO; CARGO COMISSION.S/VINCULO;3159,83;;3159,83;279,43;2880,40;
LORENA NATALIA BANQUERO BARREIRO;PROCON;GERENTE;NAO INFORMADO; CARGO COMISSION.S/VINCULO;4008,15;;4008,15;761,92;3246,23;
LUCIANA CRISTINNE NERY DE OLIVEIRA;PROCON;CHEFE DE GABINETE;NAO INFORMADO; CARGO COMISSION.S/VINCULO;4858,13;;4858,13;707,98;4150,15;
LUIS HENRIQUE TUPINAMBA DE A LINS;PROCON;GERENTE;NAO INFORMADO; CARGO COMISSION.S/VINCULO;4008,15;;4008,15;468,98;3539,17;
MARIETE DO CARMO MAIA;PROCON;ASSESSOR II;NAO INFORMADO; CARGO COMISSION.S/VINCULO;4008,15;;4008,15;468,98;3539,17;
MARLUCIO DE ALMEIDA ANDRADE;PROCON;ASSESSOR III;NAO INFORMADO; CARGO COMISSION.S/VINCULO;3159,83;;3159,83;279,43;2880,40;
MATHEUS BUSTOS TORRES DA SILVA;PROCON;ASSESSOR II;NAO INFORMADO; CARGO COMISSION.S/VINCULO;4008,15;;4008,15;468,98;3539,17;
MAURILIO CESAR NUNES BRASIL;PROCON;A.TEC-I;CHEFE DE DEPARTAMENT; ESTATUTARIO;6378,13;;6378,13;848,93;5529,20;
PEDRO COELHO MALTA;DEPARTAMENTO DE ADMINISTRACAO;ASSESSOR I;NAO INFORMADO; CARGO COMISSION.S/VINCULO;4858,13;;4858,13;707,98;4150,15;
PHILLIPE LIBERATO DE O MACEDO;PROCON;ASSESSOR I;NAO INFORMADO; CARGO COMISSION.S/VINCULO;4858,13;;4858,13;707,98;4150,15;
RAFAEL FREIRE DE ABREU;PROCON;ASSESSOR III;NAO INFORMADO; CARGO COMISSION.S/VINCULO;3159,83;;3159,83;279,43;2880,40;
ROBERTO SILVA DE FREITAS;PROCON;ASSESSOR III;NAO INFORMADO; CARGO COMISSION.S/VINCULO;3159,83;;3159,83;279,43;2880,40;
SASHA LUCAS CAMILO SUANO;PROCON;DIRETOR TECNICO;NAO INFORMADO; CARGO COMISSION.S/VINCULO;9500,00;;9500,00;2122,62;7377,38;
STERFFSON LUIS TARGINO CRUZ;PROCON;ASSESSOR III;NAO INFORMADO; CARGO COMISSION.S/VINCULO;3159,83;;3159,83;279,43;2880,40;
THAYENE BARROSO AMORIM;PROCON;ASSESSOR III;NAO INFORMADO; CARGO COMISSION.S/VINCULO;3159,83;;3159,83;279,43;2880,40;
VIRGINIA MARIA RIBEIRO;PROCON;CHEFE DE DEPARTAMENTO;NAO INFORMADO; CARGO COMISSION.S/VINCULO;4858,13;;4858,13;707,98;4150,15;
VLADILCE DE ARAUJO FRAGATA;DEPARTAMENTO DE ADMINISTRACAO;GERENTE;NAO INFORMADO; CARGO COMISSION.S/VINCULO;4008,15;;4008,15;685,72;3322,43;
WALDEMAR DOUGLAS BELOTA ROCHA;PROCON;ASSESSOR II;NAO INFORMADO; CARGO COMISSION.S/VINCULO;4008,15;;4008,15;468,98;3539,17;
WALDIR BARROS DE LIMA FILHO;PROCON;ASSESSOR II;NAO INFORMADO; CARGO COMISSION.S/VINCULO;4008,15;;4008,15;468,98;3539,17;
YASMIM QUEIROZ FREITAS;PROCON;ASSESSOR II;NAO INFORMADO; CARGO COMISSION.S/VINCULO;4008,15;;4008,15;468,98;3539,17;
ZILDA NATALIA LOPES GALDINO;PROCON;ASSESSOR III;NAO INFORMADO; CARGO COMISSION.S/VINCULO;3159,83;;3159,83;279,43;2880,40;
