NOME;LOTACAO;CARGO;FUNCAO;VINCULO;REMUNERACAO LEGAL TOTAL(R$);DESC.TETO(R$); REMUNERACAO LEGAL DEVIDA(R$);DESCONTOS LEGAIS(R$);LIQUIDO DISPONIVEL(R$);
ADAIL RIBEIRO DE MATOS;ASSESSORIA;ASSESSOR I;NAO INFORMADO; CARGO COMISSION.S/VINCULO;5729,77;;5729,77;998,67;4731,10;
CARLA CRISTINA SILVA MENDONÇA;DEPTO.DE ADMINIST.E FINANCAS;CHEFE DE DEPARTAMENTO;NAO INFORMADO; CARGO COMISSION.S/VINCULO;5729,77;;5729,77;956,01;4773,76;
CLAUDIANA PEDROZA SANTIAGO;DIRETORIA ADM-FINANCEIRA;ASSESSOR III;ASSESSOR III; CARGO COMISSION.S/VINCULO;3691,80;;3691,80;365,21;3326,59;
EDIVALDO DOS SANTOS OLIVEIRA;GABINETE;DIRETOR PRESIDENTE;NAO INFORMADO; CARGO COMISSION.S/VINCULO;12200,00;;12200,00;2708,71;9491,29;
EDUARDO DUARTE DA SILVA;DEPTO.INDIGENA DES.SUSTENTAVEL;CHEFE DE DEPARTAMENTO;NAO INFORMADO; CARGO COMISSION.S/VINCULO;27311,90;;27311,90;6502,98;20808,92;
EGEL LIMA DA SILVA;DEPTO.INDIGENA DES.SUSTENTAVEL;ASSESSOR III;NAO INFORMADO; CARGO COMISSION.S/VINCULO;3691,80;;3691,80;365,21;3326,59;
ELIENE DE AZEVEDO CARDOSO;PRODURADORIA JURIDICA;ASSESSOR III;NAO INFORMADO; CARGO COMISSION.S/VINCULO;3691,80;;3691,80;383,88;3307,92;
FABIO CARDOSO BATISTA;GABINETE;CHEFE DE GABINETE;NAO INFORMADO; CARGO COMISSION.S/VINCULO;5729,77;;5729,77;998,67;4731,10;
FABRICIO GONCALVES CORREA;DIRETORIA TECNICA;DIRETOR TECNICO;NAO INFORMADO; CARGO COMISSION.S/VINCULO;9500,00;;9500,00;2122,62;7377,38;
FRANCISCO WESLLEY COUTO DOS SANTOS;DIRETORIA ADM-FINANCEIRA;ASSIST.ADMIN.-ASA-T.S.N.M.-A;DIRETOR ADMINISTRATI; ESTATUTARIO;12693,33;;12693,33;2589,87;10103,46;
HERTON FABRICIO RODRIGUES FILGUEIRA;DEPTO.INDIGENA DES.SUSTENTAVEL;ASSESSOR II;NAO INFORMADO; DISP. OUTROS ESFERAS;4500,00;;4500,00;263,87;4236,13;
KARLENE SOBRINHO DA SILVA;DEPTO.DE ADMINIST.E FINANCAS;GERENTE;NAO INFORMADO; CARGO COMISSION.S/VINCULO;4709,79;;4709,79;629,29;4080,50;
LUCIA ALMEIDA NEVES;DEPTO.INDIGENA DES.SUSTENTAVEL;GERENTE;NAO INFORMADO; CARGO COMISSION.S/VINCULO;4709,79;;4709,79;658,51;4051,28;
LUIZ HENRIQUE BRAZ JUNIOR;PRODURADORIA JURIDICA;ASSESSOR I;NAO INFORMADO; CARGO COMISSION.S/VINCULO;5729,77;;5729,77;998,67;4731,10;
MARTHA BENFICA DO N CARVALHO;DEPTO.INDIGENA DES.SUSTENTAVEL;PROFESSOR PF20.MSC-II;; ESTATUTARIO;4153,58;;4153,58;628,01;3525,57;
MONIQUE TAIANE DOS SANTOS BRASIL;DEPTO.INDIGENA DES.SUSTENTAVEL;ASSESSOR III;NAO INFORMADO; CARGO COMISSION.S/VINCULO;3691,80;;3691,80;383,88;3307,92;
NEIDA MARIA DE OLIVEIRA FARIAS;DEPTO.DE ADMINIST.E FINANCAS;ASSESSOR II;NAO INFORMADO; CARGO COMISSION.S/VINCULO;4709,79;;4709,79;600,85;4108,94;
VIELO DE MOURA LUNA;DEPTO.DE ADMINIST.E FINANCAS;GERENTE;NAO INFORMADO; CARGO COMISSION.S/VINCULO;4709,79;;4709,79;658,51;4051,28;
ZUZA DOS SANTOS CAVALCANTE;DEPTO.INDIGENA DES.SUSTENTAVEL;GERENTE;; CARGO COMISSION.S/VINCULO;4709,79;;4709,79;513,39;4196,40;
