NOME;LOTACAO;CARGO;FUNCAO;VINCULO;REMUNERACAO LEGAL TOTAL(R$);DESC.TETO(R$); REMUNERACAO LEGAL DEVIDA(R$);DESCONTOS LEGAIS(R$);LIQUIDO DISPONIVEL(R$);
ABILIO LEITAO DA COSTA MACEDO;EFETIVOS;ANALISTA PREVIDENCIARIO;AG. PREVIDENCIARIO; ESTATUTARIO;22763,54;;22763,54;7475,22;15288,32;
ADALBERTO DA COSTA BARRONCAS;AMAZONPREV-ATIVOS;ASSISTENTE TECNICO;OPER.DE MAQUINA; ESTATUTARIO;14416,97;;14416,97;2722,65;11694,32;
ADELSON MACIEL DANTAS;COMISSIONADOS;ASSESSOR I;ASSESSOR I - AMZ-6; CARGO COMISSION.S/VINCULO;10729,00;;10729,00;2433,10;8295,90;
ADINILSON COELHO CORDEIRO;EFETIVOS;ANALISTA PREVIDENCIARIO;AG. PREVIDENCIARIO; ESTATUTARIO;22763,54;;22763,54;7475,22;15288,32;
ALAN CARDEC SOARES DA SILVA;AMAZONPREV-ATIVOS;ASSISTENTE TECNICO;GERENTE; ESTATUTARIO;9504,83;;9504,83;2178,81;7326,02;
ALAN CYNARA BATISTA NASCIMENTO;EFETIVOS;ANALISTA PREVIDENCIARIO;COORDENADOR AMZ-3; ESTATUTARIO;33651,39;;33651,39;10365,10;23286,29;
ALAN NASCIMENTO TEIXEIRA;EFETIVOS;ANALISTA PREVIDENCIARIO;; ESTATUTARIO;21696,20;;21696,20;7073,36;14622,84;
ALBERMAR LINDALVA DAMASCENO POLARES;EFETIVOS;ANALISTA PREVIDENCIARIO;AG. PREVIDENCIARIO; ESTATUTARIO;21696,20;;21696,20;7073,36;14622,84;
ALBERTO TELES CAVALCANTE NETO;EFETIVOS;ANALISTA PREVIDENCIARIO;; ESTATUTARIO;22763,54;;22763,54;7318,80;15444,74;
ALOISIO DA COSTA FILGUEIRAS JUNIOR;EFETIVOS;ADVOGADO PUBLICO;; ESTATUTARIO;25525,99;;25525,99;8227,90;17298,09;
ANA CELIA ALENCAR BEZERRA;AMAZONPREV-ATIVOS;TEC. EM REGISTRO DE SAUDE 3A CLASSE;COORDENADOR AMZ-3; ESTATUTARIO;6478,09;;6478,09;940,39;5537,70;
ANA LUCIA SANTOS DA SILVA;RELOTADOS;ASSISTENTE TECNICO;; ESTATUTARIO;6487,35;;6487,35;1295,09;5192,26;
ANA PAULA DOS SANTOS OZORIO;EFETIVOS;ANALISTA PREVIDENCIARIO;AG, PREVIDENCIARIO; ESTATUTARIO;22763,54;;22763,54;7423,08;15340,46;
ANDRE LUIS BENTES DE SOUZA;EFETIVOS;ANALISTA PREVIDENCIARIO;; ESTATUTARIO;25263,54;;25263,54;8162,72;17100,82;
ANDRE LUIZ MOUCO FERNANDES;EFETIVOS;ADVOGADO PUBLICO;GERENTE AMZ7; ESTATUTARIO;30525,99;;30525,99;9890,28;20635,71;
ANDRE LUIZ NUNES ZOGAHIB;CODIR;PROF.DOUTOR ADJ.C 40HS-PD.111.20;DIRETOR PRESIDENTE; ESTATUTARIO;28660,00;;28660,00;6847,14;21812,86;
ANDRE RICARDO PINHEIRO MARTINS;EFETIVOS;ANALISTA PREVIDENCIARIO;AG. PREVIDENCIARIO; ESTATUTARIO;22763,54;;22763,54;7370,94;15392,60;
ANDREZA DE SOUZA SILVA;COMISSIONADOS;GERENTE;GERENTE; CARGO COMISSION.S/VINCULO;13229,00;;13229,00;3016,32;10212,68;
ANETE FURTADO LIMA;EFETIVOS;ANALISTA PREVIDENCIARIO;; ESTATUTARIO;12557,50;;12557,50;3858,54;8698,96;
ANNE KEITY TUPINAMBA DE C MENEZES;EFETIVOS;ADVOGADO PUBLICO;; ESTATUTARIO;26593,33;;26593,33;8812,86;17780,47;
ANTONIO DE JESUS ALVES PACIFICO;COMISSIONADOS;ASSESSOR III AMZ.4;; CARGO COMISSION.S/VINCULO;5664,00;;5664,00;943,38;4720,62;
ARCISE CAMARA DE ASSIS;EFETIVOS;ANALISTA PREVIDENCIARIO;; ESTATUTARIO;23830,88;;23830,88;7877,06;15953,82;
AUDENOR GRANDES BELIDO;EFETIVOS;ANALISTA PREVIDENCIARIO;COORDENADOR AMZ 3; ESTATUTARIO;25763,54;;25763,54;7960,70;17802,84;
BALDUINO GOMES CAMARA;EFETIVOS;ANALISTA PREVIDENCIARIO;AG. PREVIDENCIARIO; ESTATUTARIO;22763,54;;22763,54;7475,22;15288,32;
BRUNO DAMASCENO COSTA NOVO;COMISSIONADOS;ASSESSOR I AMZ.6;; CARGO COMISSION.S/VINCULO;11204,00;;11204,00;2563,72;8640,28;
BRUNO RENE DA SILVA BARROSO;AMAZONPREV-ATIVOS;MEMBRO DE CONSELHO;; CONSELHO;2500,00;;2500,00;44,70;2455,30;
CAROLINE RETTO FROTA;EFETIVOS;ADVOGADO PUBLICO;; ESTATUTARIO;25525,99;;25525,99;8515,28;17010,71;
CHRISTIANO COSTA NOVO DE SENA;COMISSIONADOS;ASSESSOR I AMZ.6;; CARGO COMISSION.S/VINCULO;8704,00;;8704,00;1824,09;6879,91;
CHRISTOVAO CAVALCANTE ALVES;EFETIVOS;ANALISTA PREVIDENCIARIO;AG. PREVIDENCIARIO; ESTATUTARIO;18330,83;;18330,83;5806,30;12524,53;
CLAUDINEI SOARES;EFETIVOS;ANALISTA PREVIDENCIARIO;AG. PREVIDENCIARIO; ESTATUTARIO;25263,54;;25263,54;8058,44;17205,10;
CLAUDIO MARCELO CARDIA PACHECO;EFETIVOS;ANALISTA PREVIDENCIARIO;; ESTATUTARIO;28728,27;;28728,27;9007,18;19721,09;
CYNTHIA MARIA REIS GONZALEZ;CEDIDOS;PROFESSOR PF20.ESP-III;ASSESSOR III-AD-3; ESTATUTARIO;5664,00;;5664,00;801,65;4862,35;
DANIELA LOBO FROES DESCHOOLMEESTER;COMISSIONADOS;GERENTE;NAO INFORMADO; CARGO COMISSION.S/VINCULO;10729,00;;10729,00;2328,82;8400,18;
DAYANA ESPERANCA DOS SANTOS;COMISSIONADOS;ASSISTENTE DA PRESIDENCIA AMZ. 2;; CARGO COMISSION.S/VINCULO;4043,00;;4043,00;451,46;3591,54;
EDERSON DE SOUZA LIMA;COMISSIONADOS;ASS. DE DIRETORIA E GERENCIA AMZ. 1;NAO INFORMADO; CARGO COMISSION.S/VINCULO;3436,00;;3436,00;312,19;3123,81;
EDISSANDRA OLIVEIRA GUIMARAES;EFETIVOS;ANALISTA PREVIDENCIARIO;; ESTATUTARIO;22163,54;;22163,54;7318,80;14844,74;
EDIVANDER SOUZA DOS SANTOS;EFETIVOS;ANALISTA PREVIDENCIARIO;AG. PREVIDENCIARIO; ESTATUTARIO;21696,20;;21696,20;6969,09;14727,11;
EMILY CASTELO BRANCO ENCARNACAO;EFETIVOS;ADVOGADO PUBLICO;ASSESSOR I AMZ-6; ESTATUTARIO;26593,33;;26593,33;8812,86;17780,47;
EUNICE PEREIRA DA SILVA;AMAZONPREV-ATIVOS;ASSISTENTE TECNICO;; ESTATUTARIO;7331,51;;7331,51;1581,15;5750,36;
FABIO DE CARVALHO ROSA;EFETIVOS;ANALISTA PREVIDENCIARIO;COORDENADOR AMZ-3; ESTATUTARIO;25763,54;;25763,54;8195,94;17567,60;
FABIO MARTINS RIBEIRO;EFETIVOS;ADVOGADO PUBLICO;; ESTATUTARIO;26593,33;;26593,33;8917,13;17676,20;
FABIO ROBERTO GALVAO DA SILVA;COMISSIONADOS;ASS. DE DIRETORIA E GERENCIA AMZ. 1;NAO INFORMADO; CARGO COMISSION.S/VINCULO;3436,00;;3436,00;312,19;3123,81;
FLAVIA MARA MOREIRA COSTA ROCHA;COMISSIONADOS;ASSESSOR III;ASSESSOR III-AMZ-4; CARGO COMISSION.S/VINCULO;5664,00;;5664,00;943,38;4720,62;
FLAVIANA GALUCIO ZOUMBOUNELOS;COMISSIONADOS;COORDENADOR;COORDENADOR-AMZ-3; CARGO COMISSION.S/VINCULO;6170,00;;6170,00;1125,47;5044,53;
FRANCISCO DE ASSIS SOUZA OLIVEIRA;COMISSIONADOS;ASS. DE DIRETORIA E GERENCIA AMZ. 1;; CARGO COMISSION.S/VINCULO;3436,00;;3436,00;312,19;3123,81;
FRANCISCO LINO BARRETO NETO;COMISSIONADOS;COORDENADOR;NAO INFORMADO; CARGO COMISSION.S/VINCULO;6170,00;;6170,00;1125,47;5044,53;
GAL MONICA MARINHEIRO PEREIRA;COMISSIONADOS;ASS. DE DIRETORIA E GERENCIA AMZ. 1;; CARGO COMISSION.S/VINCULO;3436,00;;3436,00;312,19;3123,81;
GENECI BEHLING BETT;EFETIVOS;ANALISTA PREVIDENCIARIO;; ESTATUTARIO;18099,92;;18099,92;5719,36;12380,56;
GIZA ALLEM NAZARE DE ANDRADE;COMISSIONADOS;GERENTE;GERENTE; CARGO COMISSION.S/VINCULO;10729,00;;10729,00;2433,10;8295,90;
GIZELE CORDOVIL MAIA;COMISSIONADOS;GERENTE;GERENTE; CARGO COMISSION.S/VINCULO;10729,00;;10729,00;2433,10;8295,90;
HELLEN CREMILDES PORTO S PINHEIRO;AMAZONPREV-ATIVOS;ASSISTENTE TECNICO;; ESTATUTARIO;6487,35;;6487,35;1347,23;5140,12;
ISAIAS DE SOUZA CAVALCANTE;AMAZONPREV-ATIVOS;ASSISTENTE TECNICO;; ESTATUTARIO;7361,42;;7361,42;1592,03;5769,39;
IVANILDO DA COSTA E SILVA;EFETIVOS;ANALISTA PREVIDENCIARIO;AG. PREVIDENCIARIO; ESTATUTARIO;22763,54;;22763,54;7370,94;15392,60;
IZABEL ELEINA MOREIRA;EFETIVOS;ANALISTA PREVIDENCIARIO;AG. PREVIDENCIARIO; ESTATUTARIO;20628,86;;20628,86;6619,37;14009,49;
JANIS LISANDRA BATISTA CRUZ;EFETIVOS;ANALISTA PREVIDENCIARIO;AG. PREVIDENCIARIO; ESTATUTARIO;17476,96;;17476,96;5328,40;12148,56;
JONATHAS CARREIRA MADEIRA JUNIOR;EFETIVOS;ADVOGADO PUBLICO;ADVOGADO; ESTATUTARIO;20540,79;;20540,79;6638,35;13902,44;
JORGE PIETRO RODRIGUES DE ARAUJO;EFETIVOS;ANALISTA PREVIDENCIARIO;AG. PREVIDENCIARIO; ESTATUTARIO;18330,83;;18330,83;5754,16;12576,67;
JOSE ANTONIO L SENHORAES;AMAZONPREV-ATIVOS;MOTORISTA;; ESTATUTARIO;5467,68;;5467,68;987,25;4480,43;
JOSE EMERSON CAMPOS RODRIGUES;EFETIVOS;ANALISTA PREVIDENCIARIO;AG. PREVIDENCIARIO; ESTATUTARIO;18330,83;;18330,83;5806,30;12524,53;
LEONARDO ALMEIDA DE S CAVALCANTI;EFETIVOS;ANALISTA PREVIDENCIARIO;COORDENADOR; ESTATUTARIO;27196,20;;27196,20;8481,59;18714,61;
LUCIANE BARROS DE SOUZA;EFETIVOS;ADVOGADO PUBLICO;ADVOGADO; ESTATUTARIO;26593,33;;26593,33;8864,99;17728,34;
LUIZ CARLOS REGO FREITAS;EFETIVOS;ANALISTA PREVIDENCIARIO;AG. PREVIDENCIARIO; ESTATUTARIO;20628,86;;20628,86;5960,98;14667,88;
LUIZ ROMULO PESSOA PEGADO;AMAZONPREV-ATIVOS;ASSISTENTE TECNICO;; ESTATUTARIO;6510,55;;6510,55;1355,96;5154,59;
MANOEL FERREIRA LIMA JUNIOR;EFETIVOS;ANALISTA PREVIDENCIARIO;COORDENADOR AMZ-3; ESTATUTARIO;24898,21;;24898,21;8278,92;16619,29;
MARCELO SOARES CAVALCANTE;EFETIVOS;ANALISTA PREVIDENCIARIO;AG. PREVIDENCIARIO; ESTATUTARIO;21696,20;;21696,20;6969,09;14727,11;
MARCO ANTONIO OLIVEIRA DE ARAUJO;COMISSIONADOS;ASSESSOR I AMZ.6;; CARGO COMISSION.S/VINCULO;8704,00;;8704,00;1824,09;6879,91;
MARCOS HOMERO XAVIER VENTILARI;EFETIVOS;ANALISTA PREVIDENCIARIO;AG. PREVIDENCIARIO; ESTATUTARIO;22763,54;;22763,54;7370,94;15392,60;
MARCOS ROBERTO NASCIMENTO DE SOUZA;AMAZONPREV-ATIVOS;MEMBRO DE CONSELHO;; CONSELHO;2500,00;;2500,00;44,70;2455,30;
MARIA ADELAIDE RIBEIRO CRUZ;CODIR;ANALISTA PREVIDENCIARIO;DIRETOR DE PREVIDENC; ESTATUTARIO;24760,11;;24760,11;8226,92;16533,19;
MARIA DA CONCEICAO GRANA CRUZ;CEDIDOS;ASSISTENTE ADMINISTRATIVO;ASSIST. ADMINIST; ESTATUTARIO;3908,38;;3908,38;319,76;3588,62;
MARIA DAS GRACAS VALENTE AMERICO;COMISSIONADOS;ASS. DE DIRETORIA E GERENCIA AMZ. 1;; CARGO COMISSION.S/VINCULO;3436,00;;3436,00;312,19;3123,81;
MARIA EDNA ALVES DA COSTA;AMAZONPREV-ATIVOS;ASSISTENTE TECNICO;; ESTATUTARIO;7341,48;;7341,48;1584,77;5756,71;
MARIA LUCIA LIMA DUTRA;EFETIVOS;ANALISTA PREVIDENCIARIO;AG. PREVIDENCIARIO; ESTATUTARIO;22763,54;;22763,54;7475,22;15288,32;
MARIA SUELEN RIBEIRO DOS REIS;CEDIDOS;JORNALISTA;JORNALISTA; ESTATUTARIO;6235,88;;6235,88;915,60;5320,28;
MARLENE AMANCIO DO AMARAL;AMAZONPREV-ATIVOS;ASSISTENTE TECNICO;; ESTATUTARIO;7351,46;;7351,46;1588,41;5763,05;
MARTA REGINA OLIVEIRA DE FARIAS;RELOTADOS;ASSISTENTE TECNICO;COORD REGIONAL; ESTATUTARIO;6487,35;;6487,35;1295,09;5192,26;
MARY JANE MATTUTE SILVA;COMISSIONADOS;GERENTE;GERENTE; CARGO COMISSION.S/VINCULO;14105,33;;14105,33;3361,59;10743,74;
MICHELLE BELOTA TROMBONI;AMAZONPREV-ATIVOS;ASSISTENTE TECNICO;GERENTE, AD-2; ESTATUTARIO;6496,09;;6496,09;1350,52;5145,57;
MILTONIR FRANCISCO BARBOSA C LIMA;CODIR;TECNICO DE NIVEL SUPERIOR;DIRETOR ADMINISTRATI; ESTATUTARIO;12000,39;;12000,39;2036,88;9963,51;
MOISES DA SILVA MENEZES;EFETIVOS;ADVOGADO PUBLICO;ADVOGADO; ESTATUTARIO;26593,33;;26593,33;8760,72;17832,61;
NAIS ALVES DE CAMPOS;COMISSIONADOS;ASSESSOR III AMZ.4;NAO INFORMADO; CARGO COMISSION.S/VINCULO;5664,00;;5664,00;943,38;4720,62;
NEILDO ROSAS DE LIMA;AMAZONPREV-ATIVOS;VIGIA;GERENTE; ESTATUTARIO;4467,48;;4467,48;585,73;3881,75;
NELCI CAVALCANTE TOME;COMISSIONADOS;COORDENADOR;COORDENADOR-AMZ-3; CARGO COMISSION.S/VINCULO;6170,00;;6170,00;1026,82;5143,18;
NUNO PONCE DE LEAO GONCALVES;COMISSIONADOS;ASSESSOR I AMZ.6;NAO INFORMADO; CARGO COMISSION.S/VINCULO;8704,00;;8704,00;1876,22;6827,78;
PRISCILLA TEIXEIRA FREIRE DE ARAUJO;EFETIVOS;ANALISTA PREVIDENCIARIO;AG. PREVIDENCIARIO; ESTATUTARIO;21696,20;;21696,20;6969,09;14727,11;
RAIMUNDO NONATO PEREIRA DE AGUIAR;EFETIVOS;ANALISTA PREVIDENCIARIO;AG. PREVIDENCIARIO; ESTATUTARIO;21696,20;;21696,20;6969,09;14727,11;
RAQUEL COELHO CAMARDELLA;COMISSIONADOS;ASS. DE DIRETORIA E GERENCIA AMZ. 1;; CARGO COMISSION.S/VINCULO;3436,00;;3436,00;312,19;3123,81;
RAWLISON THALES MARTINS NASCIMENTO;EFETIVOS;ANALISTA PREVIDENCIARIO;AG. PREVIDENCIARIO; ESTATUTARIO;22763,54;;22763,54;7423,08;15340,46;
RENIZIO DE OLIVEIRA FERREIRA;EFETIVOS;ANALISTA PREVIDENCIARIO;; ESTATUTARIO;21696,20;;21696,20;7073,36;14622,84;
RICLEITON WALLACE PEDROSO BATISTA;EFETIVOS;ANALISTA PREVIDENCIARIO;; ESTATUTARIO;22763,54;;22763,54;6855,57;15907,97;
RILMA FERREIRA DA COSTA;EFETIVOS;ANALISTA PREVIDENCIARIO;ASSESSOR III AMZ-4; ESTATUTARIO;24263,54;;24263,54;7887,72;16375,82;
ROBERVANE MORAES DE MELLO COMPTON;EFETIVOS;ANALISTA PREVIDENCIARIO;AG. PREVIDENCIARIO; ESTATUTARIO;28728,27;;28728,27;9007,18;19721,09;
ROBSON SORIA NEGREIROS;EFETIVOS;ANALISTA PREVIDENCIARIO;; ESTATUTARIO;21696,20;;21696,20;6969,09;14727,11;
RONALDO ROSALINO JUNIOR;EFETIVOS;ANALISTA PREVIDENCIARIO;AG. PREVIDENCIARIO; ESTATUTARIO;21696,20;;21696,20;7073,36;14622,84;
SANDRA HELENE SANTANA GUSMAO ANDRAD;AMAZONPREV-ATIVOS;ASSISTENTE TECNICO;ASSESSOR I; ESTATUTARIO;6504,83;;6504,83;1353,81;5151,02;
SERGIO FERREIRA NETO;EFETIVOS;ANALISTA PREVIDENCIARIO;; ESTATUTARIO;21696,20;;21696,20;7073,36;14622,84;
SID ALVES DA SILVA GUILHERME;EFETIVOS;ADVOGADO PUBLICO;; ESTATUTARIO;26593,33;;26593,33;8917,13;17676,20;
SIMELBE CARNEIRO FURTADO CAMARA;EFETIVOS;ANALISTA PREVIDENCIARIO;; ESTATUTARIO;21696,20;;21696,20;7073,36;14622,84;
TURIBIO JOSE CORREA DA COSTA;CODIR;DELEGADO DE POLICIA 1A.CL. PC-DEL-I;DIRETOR DE PREVIDENC; ESTATUTARIO;10500,00;1816,05;8683,95;1353,73;7330,22;
WELLINGTON GUIMARAES BENTES;EFETIVOS;ANALISTA PREVIDENCIARIO;; ESTATUTARIO;25263,54;;25263,54;8162,72;17100,82;
WILZA DO NASCIMENTO MOREIRA;COMISSIONADOS;ASS. DE DIRETORIA E GERENCIA AMZ. 1;; CARGO COMISSION.S/VINCULO;3436,00;;3436,00;312,19;3123,81;
WIVIANNY FARIAS PEREIRA LACERDA;EFETIVOS;ANALISTA PREVIDENCIARIO;; ESTATUTARIO;18330,83;;18330,83;5702,03;12628,80;
ZIRLEY RAMOS AQUINO;EFETIVOS;ANALISTA PREVIDENCIARIO;AG. PREVIDENCIARIO; ESTATUTARIO;22763,54;;22763,54;7475,22;15288,32;
