NOME;LOTACAO;CARGO;FUNCAO;VINCULO;REMUNERACAO LEGAL TOTAL(R$);DESC.TETO(R$); REMUNERACAO LEGAL DEVIDA(R$);DESCONTOS LEGAIS(R$);LIQUIDO DISPONIVEL(R$);
ALAN JORGE GONÇALVES;AGENCIA DE REPRES.PROM.DO AM;ASSESSOR III;; CARGO COMISSION.S/VINCULO;3191,80;;3191,80;365,21;2826,59;
DENIZE RONDINA;AGENCIA DE REPRES.PROM.DO AM;ASSESSOR I;NAO INFORMADO; CARGO COMISSION.S/VINCULO;4229,77;;4229,77;665,17;3564,60;
ISABEL NUNES FERNANDEZ;GABINETE DO SECRETARIO;ASSESSOR I;NAO INFORMADO; CARGO COMISSION.S/VINCULO;5229,77;;5229,77;998,67;4231,10;
JANAÍNA COELHO MOTA SANTIAGO;GABINETE DO SECRETARIO;CHEFE DE DEPARTAMENTO;NAO INFORMADO; CARGO COMISSION.S/VINCULO;5729,77;;5729,77;998,67;4731,10;
LEILA CRISTINE COELHO MEIRELES;AGENCIA DE REPRES.PROM.DO AM;CHEFE DE GABINETE;; CARGO COMISSION.S/VINCULO;6973,03;;6973,03;1565,21;5407,82;
LUIZ CARLOS GONCALVES;AGENCIA DE REPRES.PROM.DO AM;TNS-I;MOT.DO SECRETARIO; ESTATUTARIO;3658,12;;3658,12;559,42;3098,70;
MARCIO ROBERTO DA SILVA;AGENCIA DE REPRES.PROM.DO AM;ASSESSOR II;; CARGO COMISSION.S/VINCULO;3209,79;;3209,79;388,72;2821,07;
MARLY ROZANGELA LINS GONCALVES;GABINETE DO SECRETARIO;ASSESSOR II;NAO INFORMADO; CARGO COMISSION.S/VINCULO;4209,79;;4209,79;658,51;3551,28;
MICHEL FERREIRA DO VALE;COORDENAD.DE ADM.E FINANCAS;TEC.DA FAZENDA ESTADUAL 3A.CL.IV;ASSESSOR TECNICO; ESTATUTARIO;7000,00;;7000,00;1961,90;5038,10;
ROCINEIDE MARIA VENANCIO DA SILVA;AGENCIA DE REPRES.PROM.DO AM;AUX.O-I;ASSESSOR I; ESTATUTARIO;1443,35;;1443,35;194,80;1248,55;
ROSILIANE CANTISANI BESSA;GABINETE DO REPRESENTANTE;ASSESSOR TECNICO;NAO INFORMADO; CARGO COMISSION.S/VINCULO;7000,00;;7000,00;1572,62;5427,38;
SALETE MARIA SIQUEIRA;AGENCIA DE REPRES.PROM.DO AM;ASSESSOR III;NAO INFORMADO; CARGO COMISSION.S/VINCULO;1681,80;;1681,80;135,68;1546,12;
SANDRA ANDREA DA COSTA RIBEIRO;AGENCIA DE REPRES.PROM.DO AM;ASSESSOR I;; CARGO COMISSION.S/VINCULO;4229,77;;4229,77;665,17;3564,60;
TATIANE MARTINS SIMÃO;AGENCIA DE REPRES.PROM.DO AM;ASSESSOR TECNICO;NAO INFORMADO; CARGO COMISSION.S/VINCULO;7000,00;;7000,00;1572,62;5427,38;
