NOME;LOTACAO;CARGO;FUNCAO;VINCULO;REMUNERACAO LEGAL TOTAL(R$);DESC.TETO(R$); REMUNERACAO LEGAL DEVIDA(R$);DESCONTOS LEGAIS(R$);LIQUIDO DISPONIVEL(R$);
ALAN JORGE GONÇALVES;AGENCIA DE REPRES.PROM.DO AM;ASSESSOR III;; CARGO COMISSION.S/VINCULO;3191,80;;3191,80;365,21;2826,59;
DENIZE RONDINA;AGENCIA DE REPRES.PROM.DO AM;ASSESSOR I;NAO INFORMADO; CARGO COMISSION.S/VINCULO;5639,69;;5639,69;1151,71;4487,98;
ISABEL NUNES FERNANDEZ;GABINETE DO SECRETARIO;CHEFE DE DEPARTAMENTO;NAO INFORMADO; CARGO COMISSION.S/VINCULO;5229,77;;5229,77;998,67;4231,10;
LAYSA PIRES STONE;GABINETE EXECUTIVO;ASSESSOR TECNICO;NAO INFORMADO; CARGO COMISSION.S/VINCULO;7000,00;;7000,00;1572,62;5427,38;
LEILA CRISTINE COELHO MEIRELES;AGENCIA DE REPRES.PROM.DO AM;CHEFE DE GABINETE;; CARGO COMISSION.S/VINCULO;5229,77;;5229,77;998,67;4231,10;
LUIZ CARLOS GONCALVES;AGENCIA DE REPRES.PROM.DO AM;TNS-I;MOT.DO SECRETARIO; ESTATUTARIO;7316,24;;7316,24;1825,65;5490,59;
MARCIO ROBERTO DA SILVA;AGENCIA DE REPRES.PROM.DO AM;ASSESSOR II;; CARGO COMISSION.S/VINCULO;3209,79;;3209,79;388,72;2821,07;
MARLY ROZANGELA LINS GONCALVES;GABINETE DO SECRETARIO;ASSESSOR II;NAO INFORMADO; CARGO COMISSION.S/VINCULO;4209,79;;4209,79;658,51;3551,28;
MICHEL FERREIRA DO VALE;AGENCIA DE REPRES.PROM.DO AM;TEC.DA FAZENDA ESTADUAL 3A.CL.IV;ASSESSOR TECNICO; ESTATUTARIO;7000,00;;7000,00;1055,64;5944,36;
PAUDERNEY TOMAZ AVELINO;GABINETE DO SECRETARIO;CHEFE DE ESCRITOR.DE REPRESENTACAO;NAO INFORMADO; CARGO COMISSION.S/VINCULO;28060,00;;28060,00;7364,12;20695,88;
ROCINEIDE MARIA VENANCIO DA SILVA;AGENCIA DE REPRES.PROM.DO AM;AUX.O-I;ASSESSOR I; ESTATUTARIO;1943,35;;1943,35;194,80;1748,55;
ROSILIANE CANTISANI BESSA;GABINETE DO REPRESENTANTE;ASSESSOR TECNICO;NAO INFORMADO; CARGO COMISSION.S/VINCULO;7000,00;;7000,00;1572,62;5427,38;
SALETE MARIA SIQUEIRA;AGENCIA DE REPRES.PROM.DO AM;ASSESSOR III;NAO INFORMADO; CARGO COMISSION.S/VINCULO;1681,80;;1681,80;135,68;1546,12;
SANDRA ANDREA DA COSTA RIBEIRO;AGENCIA DE REPRES.PROM.DO AM;ASSESSOR I;; CARGO COMISSION.S/VINCULO;4229,77;;4229,77;665,17;3564,60;
TATIANE MARTINS SIMÃO;GABINETE EXECUTIVO;ASSESSOR I;NAO INFORMADO; CARGO COMISSION.S/VINCULO;5229,77;;5229,77;998,67;4231,10;
