NOME;LOTACAO;CARGO;FUNCAO;VINCULO;REMUNERACAO LEGAL TOTAL(R$);DESC.TETO(R$); REMUNERACAO LEGAL DEVIDA(R$);DESCONTOS LEGAIS(R$);LIQUIDO DISPONIVEL(R$);
ADELI FRANCY FERREIRA MASSULO;FUND.DERM.TROP.VEN.ALFRED.MATA;AUX. EM REGISTRO DE SAUDE 2A CLASSE;; ESTATUTARIO;2956,46;;2956,46;461,79;2494,67;
ADRIANA ANDRADE RAPOSO;FUND.DERM.TROP.VEN.ALFRED.MATA;MEDICO ESPECIALISTA;; ESTATUTARIO;7589,00;;7589,00;1944,49;5644,51;
ADRIANO PLACIDO DA ROCHA SOBRAL;FUND.DERM.TROP.VEN.ALF.DA MATA;AGENTE ADM.-AGA-T.S.N.A.-E;SUBGERENTE; ESTATUTARIO;5114,79;;5114,79;577,40;4537,39;
AGLIMAR COSTA BARRONCAS;FUND.DERM.TROP.VEN.ALFRED.MATA;AUXILIAR DE ENFERMAGEM A;GERENTE; ESTATUTARIO;6239,25;;6239,25;885,47;5353,78;
ALESSANDRA MARIA MOURA S SOUZA;FUND.DERM.TROP.VEN.ALFRED.MATA;GERENTE;GERENTE AD-2; CARGO COMISSION.S/VINCULO;4593,27;;4593,27;626,38;3966,89;
ALESSANDRA MARQUES NASCIMENTO;FUND.DERM.TROP.VEN.ALF.DA MATA;AGENTE ADM.-AGA-T.S.N.A.-E;; ESTATUTARIO;2114,79;;2114,79;226,07;1888,72;
ALEXANDRA DE FREITAS COSTA;FUND.DERM.TROP.VEN.ALFRED.MATA;TECNICO DE SAUDE EM DERMATOLOGIA;TED DE SAUDE DERMAT; ESTATUTARIO;2155,98;;2155,98;301,84;1854,14;
ALFREDO VIDAL DA SILVA JUNIOR;FUND.DERM.TROP.VEN.ALF.DA MATA;AGENTE ADM.-AGA-T.S.N.A.-E;ASSESSOR III; ESTATUTARIO;5114,79;;5114,79;577,40;4537,39;
ALINE BASILICE CIPRIANO GUERREIRO;FUND.DERM.TROP.VEN.ALF.DA MATA;ENFERMEIRO-ENF-P.S.N.S.-A;; ESTATUTARIO;6250,25;;6250,25;1295,61;4954,64;
ALVARO LUIS BRANDAO DE FREITAS;FUND.DERM.TROP.VEN.ALFRED.MATA;TECNICO EM DERMAT SANITARIA;; ESTATUTARIO;3299,94;;3299,94;360,36;2939,58;
AMANDA COSTA DA SILVA;FUND.DERM.TROP.VEN.ALFRED.MATA;AUXILIAR DE ENFERMAGEM A;AUX. DE ENFERMAGEM; ESTATUTARIO;1887,34;;1887,34;243,50;1643,84;
AMAURI DAMASCENO PASSOS;FUND.DERM.TROP.VEN.ALFRED.MATA;TECNICO EM DERMAT SANITARIA;; ESTATUTARIO;2920,92;;2920,92;352,28;2568,64;
ANA CELIA DA SILVA MOURA;FUND.DERM.TROP.VEN.ALFRED.MATA;FARMACEUTICO;FARMACEUTICO; ESTATUTARIO;7529,03;;7529,03;1687,25;5841,78;
ANA CLAUDIA ARAUJO LOPES C CAMILLO;FUND.DERM.TROP.VEN.ALFRED.MATA;ENFERMEIRO-ENF-P.S.N.S.-B;ENFERMEIRA; ESTATUTARIO;7108,40;;7108,40;1618,71;5489,69;
ANA CRISTINA DE LIMA MIRANDA;FUND.DERM.TROP.VEN.ALFRED.MATA;TECNICO DE PATOLOGIA CLINICA A;TEC. PATOL. CLINICA; ESTATUTARIO;2910,49;;2910,49;282,81;2627,68;
ANA CRISTINA MEZA BATAGINI;FUND.DERM.TROP.VEN.ALFRED.MATA;CIR.DENT.-CCRD-P.S.N.S.-A;CIRURGIAO DENTISTA; ESTATUTARIO;6716,91;;6716,91;1295,61;5421,30;
ANA LUCIA ALVES DE MESQUITA;FUND.DERM.TROP.VEN.ALFRED.MATA;TECNICO DE SAUDE EM DERMATOLOGIA;SUBGERENTE; ESTATUTARIO;5655,98;;5655,98;767,37;4888,61;
ANA RUTH SILVA DE ARAUJO;FUND.DERM.TROP.VEN.ALFRED.MATA;MEDICO DOUTOR;; ESTATUTARIO;10249,07;;10249,07;2738,43;7510,64;
ANA VERONICA MATIAS P DAMASCENO;FUND.DERM.TROP.VEN.ALFRED.MATA;TEC.DE PAT.CLINICA-TPC-P.S.N.M.-A;TEC. PATOLOGIA; ESTATUTARIO;2910,49;;2910,49;286,72;2623,77;
ANDRE LUIZ LETURIONDO;FUND.DERM.TROP.VEN.ALFRED.MATA;FARMACEUTICO BIOQUIMICO A;FARMAC. BIOQUIMICO; ESTATUTARIO;6644,11;;6644,11;1443,90;5200,21;
ANDRE LUIZ LETURIONDO;FUND.DERM.TROP.VEN.ALF.DA MATA;FARMAC.BIOQ. -FAB-P.S.N.S.-A;FARMAC. BIOQUIMICO; ESTATUTARIO;6222,88;;6222,88;1473,55;4749,33;
ANDREZA TELES GUIMARAES;FUND.DERM.TROP.VEN.ALFRED.MATA;AUXILIAR DE ENFERMAGEM A;AUX. DE ENFERMAGEM; ESTATUTARIO;2387,34;;2387,34;243,50;2143,84;
ANIZE MARLY SIMOES;FUND.DERM.TROP.VEN.ALFRED.MATA;COPEIRO A;; ESTATUTARIO;2280,85;;2280,85;249,32;2031,53;
ANTONIO CLOVES CARVALHO DE MOURA;FUND.DERM.TROP.VEN.ALF.DA MATA;TEC. DE ENFERMAGEM-TEN-P.S.N.M.-A;SUBGERENTE; ESTATUTARIO;5048,03;;5048,03;726,72;4321,31;
ANTONIO PEDRO MENDES SCHETTINI;FUND.DERM.TROP.VEN.ALF.DA MATA;MEDICO MESTRE;; ESTATUTARIO;10040,27;;10040,27;2854,57;7185,70;
ARIANA SARMENTO DA CUNHA LEAO;FUND.DERM.TROP.VEN.ALF.DA MATA;AGENTE ADM.-AGA-T.S.N.A.-E;; ESTATUTARIO;2114,79;;2114,79;226,07;1888,72;
ARINILDA DA SILVA PRADO;FUND.DERM.TROP.VEN.ALFRED.MATA;AUXILIAR DE ENFERMAGEM;AUX. DE ENFERMAGEM; ESTATUTARIO;2387,34;;2387,34;243,50;2143,84;
BENIVALDA DOS SANTOS DOLZANE;FUND.DERM.TROP.VEN.ALFRED.MATA;TECNICO DE SAUDE EM DERMATOLOGIA;; ESTATUTARIO;3002,29;;3002,29;324,07;2678,22;
BENJAMIN PERPETUO DE SOUZA FILHO;FUND.DERM.TROP.VEN.ALFRED.MATA;ASSIST. DA ADM. AUXILIAR 2A CLASSE;ASSESSOR III; ESTATUTARIO;5434,23;;5434,23;540,49;4893,74;
Claudia Zanardo Alves da Graca;FUND.DERM.TROP.VEN.ALFRED.MATA;MEDICO ESPECIALISTA;; ESTATUTARIO;7938,92;;7938,92;1889,26;6049,66;
CAMILA GURGEL DOS SANTOS DA SILVA;FUND.DERM.TROP.VEN.ALFRED.MATA;FARMAC.BIOQ. -FAB-P.S.N.S.-A;; ESTATUTARIO;5750,25;;5750,25;1295,61;4454,64;
CARLA ANTONIA NAZARETH JAIME;FUND.DERM.TROP.VEN.ALFRED.MATA;CIR.DENT.-CCRD-P.S.N.S.-A;CIRUGIAO DENTISTA; ESTATUTARIO;6777,63;;6777,63;1389,89;5387,74;
CARLA BARROS DA ROCHA RIBAS;FUND.DERM.TROP.VEN.ALFRED.MATA;MEDICO MESTRE;; ESTATUTARIO;12197,87;;12197,87;3282,23;8915,64;
CARLOS ALBERTO CASTRO BARROS;FUND.DERM.TROP.VEN.ALFRED.MATA;ENFERMEIRO-ENF-P.S.N.S.-A;; ESTATUTARIO;6482,72;;6482,72;1331,00;5151,72;
CARLOS ALBERTO CHIRANO RODRIGUES;FUND.DERM.TROP.VEN.ALFRED.MATA;MEDICO ESPECIALISTA;; ESTATUTARIO;8294,40;;8294,40;2020,06;6274,34;
CAROLINA CHRUSCIAK TALHARI CORTEZ;FUND.DERM.TROP.VEN.ALF.DA MATA;PESQUISADOR TIT.-PET-P.S.N.S.-A;; ESTATUTARIO;6959,20;;6959,20;1510,39;5448,81;
CELIA MARIA FERREIRA CORREIA;FUND.DERM.TROP.VEN.ALFRED.MATA;MEDICO ESPECIALISTA;; ESTATUTARIO;8307,22;;8307,22;2210,36;6096,86;
CELILIA DE LIMA BORGES;FUND.DERM.TROP.VEN.ALFRED.MATA;ENFERMEIRO-ENF-P.S.N.S.-A;; ESTATUTARIO;5982,72;;5982,72;1383,13;4599,59;
CHRISTIAN SILVA DE SOUZA;FUND.DERM.TROP.VEN.ALF.DA MATA;AGENTE ADM.-AGA-T.S.N.A.-E;; ESTATUTARIO;2114,79;;2114,79;226,07;1888,72;
CLAUDIA MARINA PUGA OLIVEIRA ANTONY;FUND.DERM.TROP.VEN.ALFRED.MATA;MEDICO ESPECIALISTA;; ESTATUTARIO;7938,92;;7938,92;1837,12;6101,80;
CLAUDIA REGINA DE SOUSA CUNHA;FUND.DERM.TROP.VEN.ALFRED.MATA;TECNICO DE PATOLOGIA CLINICA A;TEC. PATOL. CLINICA; ESTATUTARIO;2910,49;;2910,49;282,81;2627,68;
CLEIBY ANDRADE DOS SANTOS;FUND.DERM.TROP.VEN.ALFRED.MATA;TECNICO EM PATOLOGIA CLINICA;TEC. PATOL. CLINICA; ESTATUTARIO;2548,03;;2548,03;286,72;2261,31;
CLEOCINEIDE MESSIAS DA SILVA;FUND.DERM.TROP.VEN.ALFRED.MATA;TEC. EM REGISTRO DE SAUDE 3A CLASSE;SUBGERENTE; ESTATUTARIO;5403,26;;5403,26;860,47;4542,79;
CYNTHIA DE OLIVEIRA FERREIRA;FUND.DERM.TROP.VEN.ALFRED.MATA;FARMAC.BIOQ. -FAB-P.S.N.S.-A;FARMAC BIOQUIMICO; ESTATUTARIO;6722,88;;6722,88;1473,55;5249,33;
DAMIANA SILVA DE OLIVEIRA GOMES;FUND.DERM.TROP.VEN.ALFRED.MATA;TECNICO DE SAUDE EM DERMATOLOGIA;; ESTATUTARIO;3430,49;;3430,49;342,20;3088,29;
DANIELA FROTA DE SOUZA;FUND.DERM.TROP.VEN.ALFRED.MATA;MEDICO ESPECIALISTA;MED GENERALISTA; ESTATUTARIO;8623,62;;8623,62;2145,77;6477,85;
DANIELLA GOMES DE MORAES;FUND.DERM.TROP.VEN.ALF.DA MATA;TEC.DE PAT.CLINICA-TPC-P.S.N.M.-A;; ESTATUTARIO;2910,49;;2910,49;303,20;2607,29;
DANIELLE CRISTINE WESTPHAL;FUND.DERM.TROP.VEN.ALFRED.MATA;MEDICO ESPECIALISTA;; ESTATUTARIO;7938,92;;7938,92;1889,26;6049,66;
DANIELLE FARIAS DA CRUZ FERNANDES;FUND.DERM.TROP.VEN.ALF.DA MATA;CHEFE DE GABINETE;NAO INFORMADO; CARGO COMISSION.S/VINCULO;5600,30;;5600,30;955,49;4644,81;
DANILO NEVES DE OLIVEIRA;FUND.DERM.TROP.VEN.ALFRED.MATA;TECNICO DE SAUDE EM DERMATOLOGIA;; ESTATUTARIO;2910,49;;2910,49;303,20;2607,29;
DAYSE DE OLIVEIRA BRILHANTE;FUND.DERM.TROP.VEN.ALF.DA MATA;AGENTE ADM.-AGA-T.S.N.A.-E;; ESTATUTARIO;1614,79;;1614,79;;1614,79;
DEBORA CRISTINA DE LIMA FERNANDES;FUND.DERM.TROP.VEN.ALF.DA MATA;FARMACEUTICO-FAR-P.S.N.S.-A;GERENTE; ESTATUTARIO;6250,25;;6250,25;1295,61;4954,64;
DEBORAH MACHADO DE SOUZA ROCHA;FUND.DERM.TROP.VEN.ALFRED.MATA;AGENTE ADM.-AGA-T.S.N.A.-G;; ESTATUTARIO;2627,81;;2627,81;297,89;2329,92;
DELMARAH MACHADO DE BRITO LIMA;FUND.DERM.TROP.VEN.ALFRED.MATA;AGENTE ADM.-AGA-T.S.N.A.-G;; ESTATUTARIO;1878,81;;1878,81;263,03;1615,78;
DENISE HARIANNE FERREIRA SIMOES;FUND.DERM.TROP.VEN.ALF.DA MATA;ENFERMEIRO-ENF-P.S.N.S.-A;; ESTATUTARIO;6250,25;;6250,25;1295,61;4954,64;
DIANA MARA DOS SANTOS GOMES PEREIRA;FUND.DERM.TROP.VEN.ALF.DA MATA;TEC. DE ENFERMAGEM-TEN-P.S.N.M.-A;; ESTATUTARIO;2548,03;;2548,03;286,72;2261,31;
DIRCE MARIANNE LIRA DE SERRA;FUND.DERM.TROP.VEN.ALFRED.MATA;AGENTE ADM.-AGA-T.S.N.A.-G;; ESTATUTARIO;2685,87;;2685,87;268,77;2417,10;
EDINELZA PORTO DIAS PERIN;FUND.DERM.TROP.VEN.ALF.DA MATA;ENFERMEIRO-ENF-P.S.N.S.-A;GERENTE; ESTATUTARIO;10250,25;;10250,25;2395,61;7854,64;
EDIVALDO LOPES BARROSO;FUND.DERM.TROP.VEN.ALFRED.MATA;OPERADOR DE MANUTENCAO E APO;OPE DE MANUT APOIO; ESTATUTARIO;2101,40;;2101,40;224,20;1877,20;
ELAINE DA SILVA BRASIL PAIVA;FUND.DERM.TROP.VEN.ALFRED.MATA;AUXILIAR DE ENFERMAGEM A;AUX. DE ENFERMAGEM; ESTATUTARIO;2611,16;;2611,16;243,50;2367,66;
ELBIO CORREA ROLA;FUND.DERM.TROP.VEN.ALFRED.MATA;TECNICO EM DERMAT SANITARIA;; ESTATUTARIO;3719,89;;3719,89;372,43;3347,46;
ELEADE DE OLIVEIRA FALCAO SOARES;FUND.DERM.TROP.VEN.ALFRED.MATA;TEC.DE PAT.CLINICA-TPC-P.S.N.M.-A;; ESTATUTARIO;2048,03;;2048,03;286,72;1761,31;
ELEADE DE OLIVEIRA FALCAO SOARES;FUND.DERM.TROP.VEN.ALFRED.MATA;TEC.DE PAT.CLINICA-TPC-P.S.N.M.-A;TEC.PAT.CLINICA; ESTATUTARIO;2548,03;;2548,03;286,72;2261,31;
ELIANA MARIA OLIVEIRA DA CAMARA;FUND.DERM.TROP.VEN.ALF.DA MATA;FISIOTERAPEUTA-FIS-P.S.N.S.-A;; ESTATUTARIO;6250,25;;6250,25;1295,61;4954,64;
ELIANE DOS SANTOS BRANDAO;FUND.DERM.TROP.VEN.ALF.DA MATA;ENFERMEIRO-ENF-P.S.N.S.-A;; ESTATUTARIO;6250,25;;6250,25;1295,61;4954,64;
ELIENE CANTO DUARTE;FUND.DERM.TROP.VEN.ALFRED.MATA;FARMACEUTICO-FAR-P.S.N.S.-A;FARMACEUTICO; ESTATUTARIO;10003,79;;10003,79;2404,32;7599,47;
ELIZABETH DE FATIMA P NASCIMENTO;FUND.DERM.TROP.VEN.ALFRED.MATA;AUXILIAR DE SAUDE 3A CLASSE;; ESTATUTARIO;3019,45;;3019,45;313,69;2705,76;
ELOILDO CLAUDIO DA COSTA;FUND.DERM.TROP.VEN.ALF.DA MATA;TEC. DE ENFERMAGEM-TEN-P.S.N.M.-A;; ESTATUTARIO;2548,03;;2548,03;286,72;2261,31;
ELYANA ALMEIDA MARQUES;FUND.DERM.TROP.VEN.ALF.DA MATA;MEDICO RESIDENTE;; RESIDENTE;3830,43;;3830,43;325,19;3505,24;
ELZENIR DA SILVA GOMES;FUND.DERM.TROP.VEN.ALFRED.MATA;AUXILIAR DE SERVICOS GERAIS;; ESTATUTARIO;2670,49;;2670,49;266,55;2403,94;
EUCILENE PEREIRA DE LIMA;FUND.DERM.TROP.VEN.ALF.DA MATA;TEC. DE ENFERMAGEM-TEN-P.S.N.M.-A;; ESTATUTARIO;2048,03;;2048,03;286,72;1761,31;
EUGENIO MEDEIROS FRAZAO;FUND.DERM.TROP.VEN.ALFRED.MATA;TEC.DE PAT.CLINICA-TPC-P.S.N.M.-D;; ESTATUTARIO;2420,92;;2420,92;352,28;2068,64;
EUNICIANO MOREIRA DE OLIVEIRA;FUND.DERM.TROP.VEN.ALFRED.MATA;ARTIFICE-ART-T.S.N.A.-C;; ESTATUTARIO;2403,94;;2403,94;266,55;2137,39;
EZEQUIAS GOMES SICSU;FUND.DERM.TROP.VEN.ALF.DA MATA;AGENTE ADM.-AGA-T.S.N.A.-E;ASSESSOR III; ESTATUTARIO;5114,79;;5114,79;577,40;4537,39;
FANIA JEAN NAZARE PEREIRA;FUND.DERM.TROP.VEN.ALF.DA MATA;TEC. DE ENFERMAGEM-TEN-P.S.N.M.-A;; ESTATUTARIO;2548,03;;2548,03;286,72;2261,31;
FERNANDA QUEIROZ DE LIMA;FUND.DERM.TROP.VEN.ALFRED.MATA;TECNICO DE SAUDE EM DERMATOLOGIA;GERENTE; ESTATUTARIO;6548,03;;6548,03;1001,72;5546,31;
FLAVIA DE JESUS PADILHA;FUND.DERM.TROP.VEN.ALF.DA MATA;MEDICO ESPECIALISTA;; ESTATUTARIO;7938,92;;7938,92;1795,90;6143,02;
FLAVIANO DA SILVA OLIVEIRA;FUND.DERM.TROP.VEN.ALFRED.MATA;MEDICO ESPECIALISTA;; ESTATUTARIO;9165,36;;9165,36;2294,00;6871,36;
FRANCINETHE MIRANDA SEIXAS;FUND.DERM.TROP.VEN.ALFRED.MATA;ASSESSOR III;ASSESSOR III AD-3; CARGO COMISSION.S/VINCULO;3586,94;;3586,94;358,88;3228,06;
FRANCISCO ESMERINDO LOPES OLIVEIRA;FUND.DERM.TROP.VEN.ALF.DA MATA;TEC. DE ENFERMAGEM-TEN-P.S.N.M.-A;; ESTATUTARIO;2548,03;;2548,03;286,72;2261,31;
FRANCISCO HELDER CAVALCANTE SOUSA;FUND.DERM.TROP.VEN.ALFRED.MATA;PESQUISADOR INIC.-PEI-P.S.N.S.-D;; ESTATUTARIO;8070,70;;8070,70;2169,26;5901,44;
FRANQUEL FIGUEIREDO DE BRITO;FUND.DERM.TROP.VEN.ALF.DA MATA;AGENTE ADM.-AGA-T.S.N.A.-E;; ESTATUTARIO;2114,79;;2114,79;226,07;1888,72;
GEYSE GLEYSE DA COSTA G OLIVEIRA;FUND.DERM.TROP.VEN.ALF.DA MATA;FARMACEUTICO-FAR-P.S.N.S.-A;; ESTATUTARIO;7135,17;;7135,17;1538,97;5596,20;
GILMEIRE NAPOLEAO SABOGAL;FUND.DERM.TROP.VEN.ALFRED.MATA;ENFERMEIRO-ENF-P.S.N.S.-A;; ESTATUTARIO;6250,25;;6250,25;1295,61;4954,64;
GISELE COLARES SALES DE OLIVEIRA;FUND.DERM.TROP.VEN.ALF.DA MATA;MEDICO ESPECIALISTA;; ESTATUTARIO;7938,92;;7938,92;1889,26;6049,66;
GISELLY DA COSTA LEAL;FUND.DERM.TROP.VEN.ALF.DA MATA;AGENTE ADM.-AGA-T.S.N.A.-E;; ESTATUTARIO;2114,79;;2114,79;226,07;1888,72;
GLAUDOMIRA FERREIRA DOS S RODRIGUES;FUND.DERM.TROP.VEN.ALF.DA MATA;CHEFE DE DEPARTAMENTO;NAO INFORMADO; CARGO COMISSION.S/VINCULO;5600,30;;5600,30;955,49;4644,81;
GUSTAVO AVILA MAQUINE;FUND.DERM.TROP.VEN.ALF.DA MATA;MEDICO ESPECIALISTA;; ESTATUTARIO;7938,92;;7938,92;1889,26;6049,66;
HELIANA JAMILE DOS SANTOS BRANDÃO;FUND.DERM.TROP.VEN.ALF.DA MATA;AGENTE ADM.-AGA-T.S.N.A.-E;; ESTATUTARIO;2114,79;;2114,79;226,07;1888,72;
HELOISA HELENA SANTANA XAUD REIS;FUND.DERM.TROP.VEN.ALFRED.MATA;PSICOLOGO-PSI-P.S.N.S.-B;ASSESSOR I - AD1; ESTATUTARIO;11731,81;;11731,81;2851,91;8879,90;
HERALDO LUCAS MELO;FUND.DERM.TROP.VEN.ALF.DA MATA;DIRETOR ADMINISTRATIVO E FINANCEIRO;DIRETOR ADMINISTRATI; CARGO COMISSION.S/VINCULO;9500,00;;9500,00;2070,49;7429,51;
HERCULANO GONCALVES DE SOUZA;FUND.DERM.TROP.VEN.ALFRED.MATA;MOTORISTA-MOT-T.S.N.A.-C;SUBGERENTE AD3; ESTATUTARIO;2710,10;;2710,10;309,41;2400,69;
HILARIO AQUINO DE OLIVEIRA;FUND.DERM.TROP.VEN.ALF.DA MATA;TECNICO EM DERMAT SANITARIA;; ESTATUTARIO;3283,97;;3283,97;385,27;2898,70;
HUMBERTO SANTOS DA SILVA;FUND.DERM.TROP.VEN.ALFRED.MATA;OPER.MAN.E APOIO-OMA-T.S.N.A-A;SUBGERENTE; ESTATUTARIO;5101,40;;5101,40;572,94;4528,46;
HYONY BRAGA LOPES;FUND.DERM.TROP.VEN.ALF.DA MATA;CHEFE DE DEPARTAMENTO;NAO INFORMADO; CARGO COMISSION.S/VINCULO;5600,30;;5600,30;955,49;4644,81;
IANE CRISTINA DE OLIVEIRA FERREIRA;FUND.DERM.TROP.VEN.ALFRED.MATA;AUXILIAR DE ENFERMAGEM A;; ESTATUTARIO;2609,68;;2609,68;271,08;2338,60;
IAUATA FIRMO DA SILVA;FUND.DERM.TROP.VEN.ALF.DA MATA;PROGRAMADOR-PRO-T.S.N.M.-A;; ESTATUTARIO;2232,96;;2232,96;210,27;2022,69;
IGOR ARGUELLES LEAO;FUND.DERM.TROP.VEN.ALF.DA MATA;TECNICO-TEC-T.S.N.S.-A;ASSESSOR III; ESTATUTARIO;7832,39;;7832,39;1534,64;6297,75;
IONE DA SILVA FREIRE;FUND.DERM.TROP.VEN.ALFRED.MATA;ASSIST.SOC.ASS-P.S.N.S.-CL.B;; ESTATUTARIO;8025,76;;8025,76;1828,30;6197,46;
ISABEL CRISTINA LIMA ENCARNACAO;FUND.DERM.TROP.VEN.ALFRED.MATA;MEDICO ESPECIALISTA;MEDICA ESPECIALISTA; ESTATUTARIO;8895,92;;8895,92;2358,15;6537,77;
ISABELE MARIA LINS CARLOS;FUND.DERM.TROP.VEN.ALFRED.MATA;TECNICO-TEC-T.S.N.S.-D;; ESTATUTARIO;5587,64;;5587,64;1234,39;4353,25;
ISABELLE NOBREGA DE OLIVEIRA;FUND.DERM.TROP.VEN.ALFRED.MATA;FISIOTERAPEUTA;SUBGERENTE; ESTATUTARIO;9644,11;;9644,11;2268,90;7375,21;
ISY PEIXOTO FIGUEIREDO;FUND.DERM.TROP.VEN.ALFRED.MATA;MEDICO ESPECIALISTA;; ESTATUTARIO;7938,92;;7938,92;1889,26;6049,66;
ITAMAR SALES BEZERRA DE MENEZES;FUND.DERM.TROP.VEN.ALF.DA MATA;ASSIST.ADMIN.-ASA-T.S.N.M.-A;; ESTATUTARIO;2232,96;;2232,96;242,61;1990,35;
IVETE DE BRITO DA SILVEIRA;FUND.DERM.TROP.VEN.ALFRED.MATA;ASSIST. DA ADM. AUXILIAR 1A CLASSE;ASSESSOR III - AD3; ESTATUTARIO;2816,09;;2816,09;284,43;2531,66;
JACKELINE DE SOUZA MAXIMO;FUND.DERM.TROP.VEN.ALF.DA MATA;CONTADOR-CON-T.S.N.S.-A;; ESTATUTARIO;4832,39;;4832,39;810,61;4021,78;
JACQUELINE DE ALMEIDA G SACHETT;FUND.DERM.TROP.VEN.ALF.DA MATA;ENFERMEIRO-ENF-P.S.N.S.-A;; ESTATUTARIO;6250,25;;6250,25;1295,61;4954,64;
JAIME CAVALCANTE DE CARVALHO;FUND.DERM.TROP.VEN.ALFRED.MATA;TECNICO EM DERMAT SANITARIA;; ESTATUTARIO;2920,92;;2920,92;338,93;2581,99;
JAIRO DE SOUZA GOMES;FUND.DERM.TROP.VEN.ALFRED.MATA;TEC.DE PAT.CLINICA-TPC-P.S.N.M.-C;; ESTATUTARIO;3225,77;;3225,77;372,86;2852,91;
JAMES MOURA DE SOUZA;FUND.DERM.TROP.VEN.ALFRED.MATA;AUXILIAR DE SAUDE;; ESTATUTARIO;2609,68;;2609,68;271,08;2338,60;
JAMILE IZAN LOPES PALHETA JUNIOR;FUND.DERM.TROP.VEN.ALFRED.MATA;AGENTE ADMINISTRATIVO A - N.B.;GERENTE; ESTATUTARIO;6114,79;;6114,79;838,61;5276,18;
JANE MARIA PIMENTEL DE FARIA;FUND.DERM.TROP.VEN.ALFRED.MATA;AGENTE ADM.-AGA-T.S.N.A.-H;ASSESSOR I AD-1; ESTATUTARIO;7705,02;;7705,02;1308,34;6396,68;
JANETE QUEIROZ MORAES;FUND.DERM.TROP.VEN.ALFRED.MATA;TECNICO EM DERMAT SANITARIA;; ESTATUTARIO;2725,77;;2725,77;358,64;2367,13;
JEORGIO CLAUDINO PEREIRA SANTOS;FUND.DERM.TROP.VEN.ALF.DA MATA;ASSIST.ADMIN.-ASA-T.S.N.M.-A;; ESTATUTARIO;2232,96;;2232,96;242,61;1990,35;
JESSICA DANIELY SILVA RIBEIRO;FUND.DERM.TROP.VEN.ALFRED.MATA;MEDICO RESIDENTE;; RESIDENTE;3830,43;;3830,43;325,19;3505,24;
JOÃO BOSCO CORREA LIMA OMENA;FUND.DERM.TROP.VEN.ALF.DA MATA;ASSESSOR I;; DISP. OUTROS ESFERAS;5500,00;;5500,00;505,64;4994,36;
JOAO CATARINO DA SILVA DUTRA JUNIOR;FUND.DERM.TROP.VEN.ALFRED.MATA;MEDICO ESPECIALISTA;MEDICO; ESTATUTARIO;7438,92;;7438,92;;7438,92;
JOCELINA BENITA COSTA DE OLIVEIRA;FUND.DERM.TROP.VEN.ALF.DA MATA;TEC. DE ENFERMAGEM-TEN-P.S.N.M.-A;; ESTATUTARIO;2910,49;;2910,49;303,20;2607,29;
JOCLIMAR CORREA MOURAO;FUND.DERM.TROP.VEN.ALFRED.MATA;AUXILIAR ADMINISTRATIVO;SUBGERENTE AD3; ESTATUTARIO;5114,79;;5114,79;577,40;4537,39;
JOHN EWERTON DE SOUZA GUIMARÃES;FUND.DERM.TROP.VEN.ALF.DA MATA;AGENTE ADM.-AGA-T.S.N.A.-E;; ESTATUTARIO;2114,79;;2114,79;143,18;1971,61;
JONISMAR FREITAS COSTA;FUND.DERM.TROP.VEN.ALFRED.MATA;AUXILIAR DE SAUDE;ASSESSOR III; ESTATUTARIO;5508,33;;5508,33;665,99;4842,34;
JORGE ALBERTO RODRIGUES DE OLIVEIRA;FUND.DERM.TROP.VEN.ALFRED.MATA;TECNICO DE PATOLOGIA CLINICA A;TEC. PATOL. CLINICA; ESTATUTARIO;2705,57;;2705,57;308,78;2396,79;
JORGE CASTRO BARROS;FUND.DERM.TROP.VEN.ALF.DA MATA;TECNICO EM DERMAT SANITARIA;ASSESSOR III - AD3; ESTATUTARIO;5920,92;;5920,92;867,12;5053,80;
JORGE DE SOUZA CRUZ;FUND.DERM.TROP.VEN.ALFRED.MATA;VIGIA A;VIGIA; ESTATUTARIO;2101,40;;2101,40;216,72;1884,68;
JORGE EWERTON DOS SANTOS SALES;FUND.DERM.TROP.VEN.ALFRED.MATA;FARMAC.BIOQ. -FAB-P.S.N.S.-A;GERENTE - AD2; ESTATUTARIO;6364,08;;6364,08;1286,33;5077,75;
JOSE ANSELMO DOS SANTOS FERREIRA;FUND.DERM.TROP.VEN.ALF.DA MATA;MOTORISTA-MOT-T.S.N.A.-D;; ESTATUTARIO;2727,48;;2727,48;311,85;2415,63;
JOSE CARLOS GOMES SARDINHA;FUND.DERM.TROP.VEN.ALF.DA MATA;MEDICO ESPECIALISTA;; ESTATUTARIO;8833,48;;8833,48;2408,50;6424,98;
JOSE CARLOS GOMES SARDINHA;FUND.DERM.TROP.VEN.ALFRED.MATA;MEDICO ESPECIALISTA;; ESTATUTARIO;8773,31;;8773,31;2386,32;6386,99;
JOSE LUSIRAN DA SILVA;FUND.DERM.TROP.VEN.ALF.DA MATA;OPERADOR DE MAQUINA REPOGRAFICA;; ESTATUTARIO;2511,00;;2511,00;268,56;2242,44;
JOSE MARIA GUEDES DA COSTA;FUND.DERM.TROP.VEN.ALFRED.MATA;MOTORISTA-MOT-T.S.N.A.-C;SUBGERENTE; ESTATUTARIO;5939,06;;5939,06;843,54;5095,52;
JOSE YRANIR DO NASCIMENTO;FUND.DERM.TROP.VEN.ALFRED.MATA;TECNICO EM DERMAT SANITARIA;CHEFE DEPT.-AD1; ESTATUTARIO;7903,26;;7903,26;1410,47;6492,79;
JOSIAS CORREIA DE FREITAS;FUND.DERM.TROP.VEN.ALFRED.MATA;TECNICO DE SAUDE EM DERMATOLOGIA;; ESTATUTARIO;2600,82;;2600,82;294,11;2306,71;
JULIO CESAR LIMA SAMPAIO;FUND.DERM.TROP.VEN.ALFRED.MATA;TECNICO DE NIVEL SUPERIOR;ASSESSOR III - AD3; ESTATUTARIO;5036,08;;5036,08;876,65;4159,43;
KARIM TABHADA CHAGAS LOPEZ;FUND.DERM.TROP.VEN.ALFRED.MATA;PSICOLOGO-PSI-P.S.N.S.-A;PSICOLOGO; ESTATUTARIO;6644,11;;6644,11;1287,49;5356,62;
LAIRTON CAVALCANTE LIMA;FUND.DERM.TROP.VEN.ALFRED.MATA;AGENTE ADM.-AGA-T.S.N.A.-H;; ESTATUTARIO;2434,23;;2434,23;270,79;2163,44;
LANIA MARIA MESTRINHO DE OLIVEIRA;FUND.DERM.TROP.VEN.ALFRED.MATA;TECNICO DE INFORMATICA;SUBGERENTE AD-3; ESTATUTARIO;5311,73;;5311,73;643,08;4668,65;
LARISSA DANIELE MACHADO GOES;FUND.DERM.TROP.VEN.ALFRED.MATA;MEDICO RESIDENTE;; RESIDENTE;3830,43;;3830,43;325,19;3505,24;
LARISSA EVA DOS SANTOS LOBO;FUND.DERM.TROP.VEN.ALF.DA MATA;MEDICO RESIDENTE;; RESIDENTE;3830,43;;3830,43;325,19;3505,24;
LEUDA CARNEIRO DE SOUZA;FUND.DERM.TROP.VEN.ALFRED.MATA;TECNICO DE SAUDE EM DERMATOLOGIA;TEC.SAUDE DERMAT; ESTATUTARIO;2155,98;;2155,98;301,84;1854,14;
LIANA HORTENCIA MIRANDA T MATHIAS;FUND.DERM.TROP.VEN.ALFRED.MATA;MEDICO ESPECIALISTA;MEDICO; ESTATUTARIO;7938,92;;7938,92;1889,26;6049,66;
LIDIA MARIA VALE DE MATOS;FUND.DERM.TROP.VEN.ALFRED.MATA;ASSIST.SOC.ASS-P.S.N.S.-CL.A;ASS SOCIAL; ESTATUTARIO;6916,95;;6916,95;1546,62;5370,33;
LILIA DE OLIVEIRA ROY;FUND.DERM.TROP.VEN.ALF.DA MATA;MEDICO ESPECIALISTA;; ESTATUTARIO;7438,92;;7438,92;1889,26;5549,66;
LINDINALVA BRAGA VIEIRA;FUND.DERM.TROP.VEN.ALFRED.MATA;ASSIST.SOC.ASS-P.S.N.S.-CL.A;ASSISTENTE SOCIAL; ESTATUTARIO;6416,95;;6416,95;1546,62;4870,33;
LINEIA BORGES TOSCANO;FUND.DERM.TROP.VEN.ALFRED.MATA;ENFERMEIRO;CHEFE DE DEPARTAMENT; ESTATUTARIO;6250,25;;6250,25;1295,61;4954,64;
LINEIA BORGES TOSCANO;FUND.DERM.TROP.VEN.ALFRED.MATA;ENFERMEIRO-ENF-P.S.N.S.-A;ENFERMEIRO; ESTATUTARIO;5982,72;;5982,72;1383,13;4599,59;
LISIANE MACHADO CONTENTE NOGUEIRA;FUND.DERM.TROP.VEN.ALF.DA MATA;MEDICO ESPECIALISTA;; ESTATUTARIO;7938,92;;7938,92;1889,26;6049,66;
LUANA MOSTARDEIRO FRIEDRICH;FUND.DERM.TROP.VEN.ALFRED.MATA;MEDICO RESIDENTE;; RESIDENTE;3830,43;;3830,43;325,19;3505,24;
LUCILENE SALES DE SOUZA;FUND.DERM.TROP.VEN.ALFRED.MATA;DIRETOR TECNICO;DIRETOR TECNICO; CARGO COMISSION.S/VINCULO;9500,00;;9500,00;2122,62;7377,38;
LUCILIA DE FATIMA SANTANA JARDIM;FUND.DERM.TROP.VEN.ALFRED.MATA;ENFERMEIRO-ENF-P.S.N.S.-B;; ESTATUTARIO;6731,81;;6731,81;1476,91;5254,90;
LUCIO FIGUEIRA PIMENTEL;FUND.DERM.TROP.VEN.ALFRED.MATA;FARMACEUTICO-FAR-P.S.N.S.-A;SUBGERENTE AD-3; ESTATUTARIO;7003,79;;7003,79;1579,32;5424,47;
LUIZ CLAUDIO DIAS;FUND.DERM.TROP.VEN.ALFRED.MATA;MEDICO ESPECIALISTA;; ESTATUTARIO;9422,40;;9422,40;2442,45;6979,95;
MANOEL JOAQUIM BERNARDES RABELO;FUND.DERM.TROP.VEN.ALF.DA MATA;TECNICO 1A CLASSE;ASSESSOR III; ESTATUTARIO;5226,25;;5226,25;940,08;4286,17;
MARCUS VINICIUS MONTEIRO ALVES;FUND.DERM.TROP.VEN.ALFRED.MATA;FISIOTERAPEUTA-FIS-P.S.N.S.-D;GERENTE - AD2; ESTATUTARIO;10849,25;;10849,25;2827,16;8022,09;
MARGARETE CONCEICAO DAMASCENO;FUND.DERM.TROP.VEN.ALF.DA MATA;TECNICO EM DERMAT SANITARIA;; ESTATUTARIO;2420,92;;2420,92;352,28;2068,64;
MARIA CARMELIA DE LIMA ALMEIDA;FUND.DERM.TROP.VEN.ALFRED.MATA;ASSIST. DA ADM. AUXILIAR 2A CLASSE;ASSESSOR III AD3; ESTATUTARIO;2685,87;;2685,87;268,77;2417,10;
MARIA CELIA PEREIRA CEZARIO;FUND.DERM.TROP.VEN.ALFRED.MATA;TECNICO DE SAUDE EM DERMATOLOGIA;SUBGERENTE; ESTATUTARIO;5548,03;;5548,03;726,72;4821,31;
MARIA CILENE DIAS DA COSTA;FUND.DERM.TROP.VEN.ALFRED.MATA;AUXILIAR DE ENFERMAGEM A;AUX. DE ENFERMAGEM; ESTATUTARIO;2441,16;;2441,16;243,50;2197,66;
MARIA DA ESPERANÇA PERDIGÃO LIMA;FUND.DERM.TROP.VEN.ALF.DA MATA;GERENTE;NAO INFORMADO; CARGO COMISSION.S/VINCULO;4593,27;;4593,27;626,38;3966,89;
MARIA DA GRACA SOUZA CUNHA;FUND.DERM.TROP.VEN.ALFRED.MATA;MEDICO DOUTOR;; ESTATUTARIO;14178,68;;14178,68;4401,66;9777,02;
MARIA DAS GRACAS PEREIRA DE SOUSA;FUND.DERM.TROP.VEN.ALFRED.MATA;FARMAC.BIOQ. -FAB-P.S.N.S.-A;; ESTATUTARIO;7233,24;;7233,24;1577,48;5655,76;
MARIA DE JESUS VIEIRA DOS SANTOS;FUND.DERM.TROP.VEN.ALF.DA MATA;AUXILIAR DE SAUDE;; ESTATUTARIO;3081,94;;3081,94;325,89;2756,05;
MARIA DO SOCORRO DE SOUSA CUNHA;FUND.DERM.TROP.VEN.ALFRED.MATA;TEC.DE PAT.CLINICA-TPC-P.S.N.M.-C;; ESTATUTARIO;3365,11;;3365,11;550,42;2814,69;
MARIA DO SOCORRO DIAS DE S LELIS;FUND.DERM.TROP.VEN.ALF.DA MATA;FARMAC.BIOQ. -FAB-P.S.N.S.-A;; ESTATUTARIO;6250,25;;6250,25;1295,61;4954,64;
MARIA DORENILDA ARAUJO LOPES;FUND.DERM.TROP.VEN.ALFRED.MATA;TECNICO DE SAUDE EM DERMATOLOGIA;TEC DAUDE EM DERM; ESTATUTARIO;2553,31;;2553,31;250,55;2302,76;
MARIA GEDALVA DA SILVA COSTA;FUND.DERM.TROP.VEN.ALFRED.MATA;AUXILIAR ADMINISTRATIVO;AUX DE ADM; ESTATUTARIO;5114,79;;5114,79;577,40;4537,39;
MARIA IANE SANTOS DA SILVA;FUND.DERM.TROP.VEN.ALFRED.MATA;TECNICO DE PATOLOGIA CLINICA A;TEC. PATOL. CLINICA; ESTATUTARIO;2910,49;;2910,49;303,20;2607,29;
MARIA INEZ MELO DA CUNHA;FUND.DERM.TROP.VEN.ALFRED.MATA;ASSIST.ADMIN.-ASA-T.S.N.M.-A;; ESTATUTARIO;2232,96;;2232,96;242,61;1990,35;
MARIA LEIDE BARBOSA PINTO;FUND.DERM.TROP.VEN.ALF.DA MATA;AGENTE ADM.-AGA-T.S.N.A.-G;CHEFE DE DEPARTAMENT; ESTATUTARIO;7733,66;;7733,66;1318,77;6414,89;
MARIA MARLICE MAR NUNES;FUND.DERM.TROP.VEN.ALFRED.MATA;AUXILIAR DE ENFERMAGEM A;; ESTATUTARIO;2609,68;;2609,68;271,08;2338,60;
MARIA NESIONEIA RODRIGUES CORREA;FUND.DERM.TROP.VEN.ALFRED.MATA;TEC.DE PAT.CLINICA-TPC-P.S.N.M.-A;TEC DE PATOLOGIA; ESTATUTARIO;2600,82;;2600,82;294,11;2306,71;
MARIA NESIONEIA RODRIGUES CORREA;FUND.DERM.TROP.VEN.ALF.DA MATA;TEC.DE PAT.CLINICA-TPC-P.S.N.M.-A;; ESTATUTARIO;2048,03;;2048,03;286,72;1761,31;
MARIA NIZA VILAS BOAS CONCEICAO;FUND.DERM.TROP.VEN.ALFRED.MATA;TECNICO DE SAUDE EM DERMATOLOGIA;TEC.SAUDE EM DERMAT.; ESTATUTARIO;2048,03;;2048,03;286,72;1761,31;
MARIA SALETE BAHIA MARQUES;FUND.DERM.TROP.VEN.ALFRED.MATA;CONTADOR-CON-T.S.N.S.-B;SUBGERENTE; ESTATUTARIO;5909,65;;5909,65;1099,94;4809,71;
MARIA SENA DE CASTRO;FUND.DERM.TROP.VEN.ALF.DA MATA;ASSIST. DA ADM. AUXILIAR 2A CLASSE;; ESTATUTARIO;2752,05;;2752,05;276,57;2475,48;
MARIA TEREZA COSTA DA ROCHA;FUND.DERM.TROP.VEN.ALF.DA MATA;AGENTE ADM.-AGA-T.S.N.A.-E;; ESTATUTARIO;2114,79;;2114,79;226,07;1888,72;
MATEUS FLORENCIO TAVARES;FUND.DERM.TROP.VEN.ALF.DA MATA;TEC. DE ENFERMAGEM-TEN-P.S.N.M.-A;; ESTATUTARIO;2548,03;;2548,03;277,17;2270,86;
MIGUEL DE JESUS QUEIROS DE P JUNIOR;FUND.DERM.TROP.VEN.ALF.DA MATA;AGENTE ADM.-AGA-T.S.N.A.-E;GERENTE; ESTATUTARIO;6114,79;;6114,79;535,22;5579,57;
MONICA NUNES DE SOUZA SANTOS;FUND.DERM.TROP.VEN.ALFRED.MATA;MEDICO DOUTOR;DIR.ENSINO PESQUISA; ESTATUTARIO;10949,42;;10949,42;3005,16;7944,26;
MONICA VASCONCELOS GUIMARAES;FUND.DERM.TROP.VEN.ALFRED.MATA;FARMAC.BIOQ. -FAB-P.S.N.S.-B;GERENTE; ESTATUTARIO;10731,81;;10731,81;2576,91;8154,90;
NADIA LIMA NEVES;FUND.DERM.TROP.VEN.ALFRED.MATA;AUXILIAR DE ENFERMAGEM A;; ESTATUTARIO;2707,38;;2707,38;271,08;2436,30;
NADIA NEY SOUZA DOS SANTOS;FUND.DERM.TROP.VEN.ALFRED.MATA;ASSESSOR III;NAO INFORMADO; CARGO COMISSION.S/VINCULO;3586,94;;3586,94;358,88;3228,06;
NADIA SOCORRO NOGUEIRA PIMENTEL;FUND.DERM.TROP.VEN.ALFRED.MATA;ENFERMEIRO-ENF-P.S.N.S.-A;GERENTE AD2; ESTATUTARIO;6883,61;;6883,61;1546,62;5336,99;
NADYA FERNANDES PICANCO LOPES;FUND.DERM.TROP.VEN.ALFRED.MATA;MEDICO ESPECIALISTA;; ESTATUTARIO;9354,75;;9354,75;2342,66;7012,09;
NAGILA MARILIA RAMOS F ALBUQUERQUE;FUND.DERM.TROP.VEN.ALF.DA MATA;TEC. DE ENFERMAGEM-TEN-P.S.N.M.-A;; ESTATUTARIO;2548,03;;2548,03;286,72;2261,31;
NATALIA DE CASTRO LOUREIRO;FUND.DERM.TROP.VEN.ALFRED.MATA;PSICOLOGO A;GERENTE; ESTATUTARIO;10644,11;;10644,11;2543,90;8100,21;
NATALIA TENORIO CAVALCANTE BEZERRA;FUND.DERM.TROP.VEN.ALFRED.MATA;MEDICO RESIDENTE;; RESIDENTE;3830,43;;3830,43;325,19;3505,24;
NATHALIE DE CASSIA FARIAS OLIVEIRA;FUND.DERM.TROP.VEN.ALF.DA MATA;TEC. DE ENFERMAGEM-TEN-P.S.N.M.-A;; ESTATUTARIO;2910,49;;2910,49;303,20;2607,29;
OCIREMA MELLO DA ROCHA;FUND.DERM.TROP.VEN.ALFRED.MATA;AUXILIAR DE ENFERMAGEM A;AUX. ENFERMAGEM; ESTATUTARIO;2239,25;;2239,25;243,50;1995,75;
ORANGE DA SILVA BATISTA;FUND.DERM.TROP.VEN.ALF.DA MATA;TEC. DE ENFERMAGEM-TEN-P.S.N.M.-A;; ESTATUTARIO;2548,03;;2548,03;286,72;2261,31;
PAOLA RENATA MELO DE SOUZA;FUND.DERM.TROP.VEN.ALF.DA MATA;ASSIST.ADMIN.-ASA-T.S.N.M.-A;SUBGERENTE; ESTATUTARIO;5232,96;;5232,96;616,81;4616,15;
PATRICIA MOTTA DE MORAIS;FUND.DERM.TROP.VEN.ALFRED.MATA;MEDICO MESTRE;; ESTATUTARIO;9701,37;;9701,37;2544,05;7157,32;
PATRICK SUELL DA COSTA RIBEIRO;FUND.DERM.TROP.VEN.ALF.DA MATA;MOTORISTA-MOT-T.S.N.A.-A;; ESTATUTARIO;1845,64;;1845,64;258,39;1587,25;
PAULA FRASSINETTI BESSA REBELLO;FUND.DERM.TROP.VEN.ALFRED.MATA;MEDICO MESTRE;; ESTATUTARIO;10974,99;;10974,99;2952,67;8022,32;
PAULO ANTONIO SILVA CONTENTE;FUND.DERM.TROP.VEN.ALFRED.MATA;MEDICO ESPECIALISTA;MEDICO; ESTATUTARIO;7938,92;;7938,92;1784,98;6153,94;
PAULO CHAVES MARTINS;FUND.DERM.TROP.VEN.ALFRED.MATA;PSICOLOGO-PSI-P.S.N.S.-A;PSICOLOGO; ESTATUTARIO;6364,08;;6364,08;1338,47;5025,61;
PAULO DAVID MORAES DE SOUZA;FUND.DERM.TROP.VEN.ALFRED.MATA;OPERADOR DE MANUTENCAO E APO;OPERADOR MANT.E APOI; ESTATUTARIO;2145,67;;2145,67;230,39;1915,28;
PAULO ROSEMBERG GOES DA SILVA;FUND.DERM.TROP.VEN.ALF.DA MATA;AGENTE ADM.-AGA-T.S.N.A.-E;GERENTE; ESTATUTARIO;6114,79;;6114,79;786,47;5328,32;
PAULO TADEU CAVALCANTE SAIF;FUND.DERM.TROP.VEN.ALFRED.MATA;TEC.DE PAT.CLINICA-TPC-P.S.N.M.-D;; ESTATUTARIO;3299,94;;3299,94;347,68;2952,26;
RAFAELA DE ANDRADE FERREIRA;FUND.DERM.TROP.VEN.ALF.DA MATA;ENFERMEIRO-ENF-P.S.N.S.-A;; ESTATUTARIO;6250,25;;6250,25;1295,61;4954,64;
RAIMUNDA NONATA MESTRINHO OLIVEIRA;FUND.DERM.TROP.VEN.ALFRED.MATA;SUBGERENTE;; CARGO COMISSION.S/VINCULO;3586,94;;3586,94;358,88;3228,06;
RAIMUNDO AUGUSTO CARVALHO AZEVEDO;FUND.DERM.TROP.VEN.ALFRED.MATA;AGENTE ADMINISTRATIVO A - N.B.;ASSESSOR III; ESTATUTARIO;5114,79;;5114,79;577,40;4537,39;
RAIMUNDO MOREIRA DE OLIVEIRA;FUND.DERM.TROP.VEN.ALFRED.MATA;ASSISTENTE TECNICO A;ASSESSOR III; ESTATUTARIO;6880,97;;6880,97;1134,30;5746,67;
RAIMUNDO NONATO BARBOSA DA SILVA;FUND.DERM.TROP.VEN.ALFRED.MATA;AUXILIAR DE SAUDE 3A CLASSE;ASSESSOR III; ESTATUTARIO;5565,86;;5565,86;733,44;4832,42;
RAQUEL DO CARMO MENEZES;FUND.DERM.TROP.VEN.ALFRED.MATA;TECNICO DE SAUDE EM DERMATOLOGIA;TEC.DE SAUDE; ESTATUTARIO;2910,49;;2910,49;264,67;2645,82;
RAQUEL MARIA NAVARRO;FUND.DERM.TROP.VEN.ALF.DA MATA;PSICOLOGO-PSI-P.S.N.S.-A;; ESTATUTARIO;6250,25;;6250,25;1295,61;4954,64;
REJANE MAGALHAES PINTO DA SILVA;FUND.DERM.TROP.VEN.ALF.DA MATA;TEC.DE PAT.CLINICA-TPC-P.S.N.M.-A;; ESTATUTARIO;2548,03;;2548,03;286,72;2261,31;
RENATA ALMEIDA SCHETTINI COSTA;FUND.DERM.TROP.VEN.ALFRED.MATA;MEDICO ESPECIALISTA;; ESTATUTARIO;7938,92;;7938,92;1889,26;6049,66;
RENATO CANDIDO DA SILVA JUNIOR;FUND.DERM.TROP.VEN.ALFRED.MATA;MEDICO ESPECIALISTA;MEDICO; ESTATUTARIO;7938,92;;7938,92;1529,02;6409,90;
RICARDO VICTOR ARAUJO CAVALCANTE;FUND.DERM.TROP.VEN.ALF.DA MATA;MOTORISTA-MOT-T.S.N.A.-A;; ESTATUTARIO;2345,64;;2345,64;258,39;2087,25;
RITA MARIA VALCACIO NOGUEIRA;FUND.DERM.TROP.VEN.ALF.DA MATA;ASSIST.SOC.ASS-P.S.N.S.-CL.A;; ESTATUTARIO;6250,25;;6250,25;1295,61;4954,64;
ROBERTA FERREIRA NAZARETH ALAGIA;FUND.DERM.TROP.VEN.ALFRED.MATA;MEDICO ESPECIALISTA;; ESTATUTARIO;8850,73;;8850,73;2229,51;6621,22;
ROBERTO PINELA PALHETA;FUND.DERM.TROP.VEN.ALFRED.MATA;AGENTE ADM.-AGA-T.S.N.A.-H;; ESTATUTARIO;2434,23;;2434,23;261,77;2172,46;
RODOLFO KENNEDY PALHETA DA SILVA;FUND.DERM.TROP.VEN.ALFRED.MATA;TECNICO DE PATOLOGIA CLINICA A;TEC. PATOL. CLINICA; ESTATUTARIO;3430,49;;3430,49;342,20;3088,29;
ROGER NEVES DE ASSIS;FUND.DERM.TROP.VEN.ALFRED.MATA;PSICOLOGO-PSI-P.S.N.S.-A;SUBGERENTE; ESTATUTARIO;6644,11;;6644,11;1443,90;5200,21;
ROGERIO NOGUEIRA DE CAMARGOS;FUND.DERM.TROP.VEN.ALF.DA MATA;CONTADOR-CON-T.S.N.S.-A;SUBGERENTE; ESTATUTARIO;7832,39;;7832,39;1482,51;6349,88;
ROMULO DE OLIVEIRA SANTIAGO;FUND.DERM.TROP.VEN.ALFRED.MATA;MOTORISTA-MOT-T.S.N.A.-A;; ESTATUTARIO;2345,64;;2345,64;258,39;2087,25;
RONALDO DE FREITAS DAMASCENO;FUND.DERM.TROP.VEN.ALFRED.MATA;FARMACEUTICO;FARMACEUTICO; ESTATUTARIO;6250,25;;6250,25;1295,61;4954,64;
RONALDO DERZY AMAZONAS;FUND.DERM.TROP.VEN.ALFRED.MATA;DIRETOR PRESIDENTE;DIRETOR PRESIDENTE; CARGO COMISSION.S/VINCULO;12200,00;;12200,00;2865,12;9334,88;
ROSA BATISTA CORREA;FUND.DERM.TROP.VEN.ALFRED.MATA;MEDICO ESPECIALISTA;MEDICA ESPECIALISTA; ESTATUTARIO;8038,59;;8038,59;1925,94;6112,65;
ROSANA FERREIRA LOPES;FUND.DERM.TROP.VEN.ALFRED.MATA;TEC. EM REGISTRO DE SAUDE 3A CLASSE;GERENTE AD2; ESTATUTARIO;2903,26;;2903,26;348,67;2554,59;
ROSANGELA LOPES CAVALCANTI;FUND.DERM.TROP.VEN.ALFRED.MATA;AGENTE ADMINISTRATIVO A - N.B.;AG. ADMINISTRATIVO; ESTATUTARIO;1614,79;;1614,79;;1614,79;
ROSARILDA DIAS DA SILVA;FUND.DERM.TROP.VEN.ALFRED.MATA;AUXILIAR DE SAUDE 3A CLASSE;; ESTATUTARIO;2065,86;;2065,86;289,22;1776,64;
ROSEMERE LIMA BENTES GATO;FUND.DERM.TROP.VEN.ALF.DA MATA;TEC. DE ENFERMAGEM-TEN-P.S.N.M.-A;; ESTATUTARIO;2548,03;;2548,03;286,72;2261,31;
ROSSILENE CONCEICAO DA SILVA CRUZ;FUND.DERM.TROP.VEN.ALFRED.MATA;MEDICO MESTRE;; ESTATUTARIO;9863,06;;9863,06;2788,96;7074,10;
ROSSILENE CONCEICAO DA SILVA CRUZ;FUND.DERM.TROP.VEN.ALF.DA MATA;MEDICO MESTRE;; ESTATUTARIO;10040,27;;10040,27;2854,57;7185,70;
ROZILDA PEREIRA DA COSTA;FUND.DERM.TROP.VEN.ALFRED.MATA;TEC.DE PAT.CLINICA-TPC-P.S.N.M.-D;; ESTATUTARIO;3696,65;;3696,65;425,56;3271,09;
SAMUEL RUFINO DA SILVA;FUND.DERM.TROP.VEN.ALF.DA MATA;ASSIST.ADMIN.-ASA-T.S.N.M.-A;; ESTATUTARIO;2232,96;;2232,96;242,61;1990,35;
SANDRA REGINA SALES DE M AQUINO;FUND.DERM.TROP.VEN.ALFRED.MATA;MEDICO MESTRE;; ESTATUTARIO;9239,97;;9239,97;2315,60;6924,37;
SANDRA VALERIA SILVA DE GOUVEIA;FUND.DERM.TROP.VEN.ALFRED.MATA;AGENTE ADM.-AGA-T.S.N.A.-G;; ESTATUTARIO;2419,79;;2419,79;268,77;2151,02;
SARAH DE SOUZA LIMA;FUND.DERM.TROP.VEN.ALF.DA MATA;ASSIST.SOC.ASS-P.S.N.S.-CL.A;; ESTATUTARIO;6250,25;;6250,25;1295,61;4954,64;
SEBASTIAO PASCOAL DE FARIA;FUND.DERM.TROP.VEN.ALFRED.MATA;TECNICO A;CHEFE DE DEPARTAMENT; ESTATUTARIO;5226,25;;5226,25;859,69;4366,56;
SIGRID LORIS GUIMARAES;FUND.DERM.TROP.VEN.ALF.DA MATA;TECNICO DE ENFERMAGEM;; ESTATUTARIO;2317,04;;2317,04;324,39;1992,65;
SILMARA NAVARRO PENNINI;FUND.DERM.TROP.VEN.ALFRED.MATA;MEDICO MESTRE;CHEFE DE DEPARTAMENT; ESTATUTARIO;10318,05;;10318,05;2772,02;7546,03;
SILVIA MACEDO DA SILVA;FUND.DERM.TROP.VEN.ALF.DA MATA;TEC.DE PAT.CLINICA-TPC-P.S.N.M.-A;; ESTATUTARIO;2048,03;;2048,03;286,72;1761,31;
SILVIA MACEDO DA SILVA;FUND.DERM.TROP.VEN.ALFRED.MATA;TECNICO DE PATOLOGIA CLINICA A;SUBGERENTE; ESTATUTARIO;5548,03;;5548,03;679,23;4868,80;
SILVIA ROCHA NAKAJIMA;FUND.DERM.TROP.VEN.ALF.DA MATA;MEDICO ESPECIALISTA;; ESTATUTARIO;8723,80;;8723,80;2052,96;6670,84;
SIMONE CAROL LOPES FERREIRA TAVARES;FUND.DERM.TROP.VEN.ALFRED.MATA;TEC.DE NIV.SUP.-COMUNICACAO SOCIAL;COMUN.SOCIAL; ESTATUTARIO;5470,31;;5470,31;978,81;4491,50;
SINESIO TALHARI;FUND.DERM.TROP.VEN.ALFRED.MATA;PESQUISADOR ADJ.-PAD-P.S.N.S-C;; ESTATUTARIO;7198,38;;7198,38;1840,83;5357,55;
SIRLEY MARTINS DE OLIVEIRA;FUND.DERM.TROP.VEN.ALFRED.MATA;TECNICO DE NIVEL SUPERIOR;CHEFE DE DEPARTAMENT; ESTATUTARIO;10470,31;;10470,31;2376,96;8093,35;
SOLANGE GONCALVES KANEKO;FUND.DERM.TROP.VEN.ALFRED.MATA;ASSIST.SOC.ASS-P.S.N.S.-CL.A;ASSIST.SOCIAL; ESTATUTARIO;5750,25;;5750,25;;5750,25;
SOLEDAD COUTO VALLE BORBOREMA;FUND.DERM.TROP.VEN.ALFRED.MATA;MEDICO ESPECIALISTA;; ESTATUTARIO;8242,47;;8242,47;2000,95;6241,52;
SUELY BEZERRA GOMES;FUND.DERM.TROP.VEN.ALFRED.MATA;AUXILIAR DE ENFERMAGEM A;; ESTATUTARIO;2776,59;;2776,59;279,58;2497,01;
SUELY FERREIRA DA SILVA;FUND.DERM.TROP.VEN.ALFRED.MATA;ASSISTENTE TECNICO A;ASSESSOR I; ESTATUTARIO;7842,56;;7842,56;1358,41;6484,15;
SUZANE DA SILVA LEMOS;FUND.DERM.TROP.VEN.ALF.DA MATA;AGENTE ADM.-AGA-T.S.N.A.-E;; ESTATUTARIO;2114,79;;2114,79;226,07;1888,72;
TANIA REGINA SILVA E SILVA;FUND.DERM.TROP.VEN.ALF.DA MATA;GERENTE;GERENTE AD2; CARGO COMISSION.S/VINCULO;4593,27;;4593,27;626,38;3966,89;
TATIANA DE MELO BARBOSA;FUND.DERM.TROP.VEN.ALFRED.MATA;AGENTE ADM.-AGA-T.S.N.A.-E;; ESTATUTARIO;2114,79;;2114,79;226,07;1888,72;
TATIANA PEREIRA NAZARE VIEIRA;FUND.DERM.TROP.VEN.ALF.DA MATA;TEC. DE ENFERMAGEM-TEN-P.S.N.M.-A;; ESTATUTARIO;2048,03;;2048,03;286,72;1761,31;
TEREZA VASCONCELOS MOTA;FUND.DERM.TROP.VEN.ALFRED.MATA;ENFERMEIRO-ENF-P.S.N.S.-A;ENFERMEIRA; ESTATUTARIO;7135,17;;7135,17;1506,98;5628,19;
THAISE MARA DA SILVA BARROS;FUND.DERM.TROP.VEN.ALF.DA MATA;AGENTE ADM.-AGA-T.S.N.A.-E;; ESTATUTARIO;2114,79;;2114,79;226,07;1888,72;
THAYS DANIELLY DE ALMEIDA ALVES;FUND.DERM.TROP.VEN.ALF.DA MATA;AGENTE ADM.-AGA-T.S.N.A.-E;; ESTATUTARIO;2114,79;;2114,79;226,07;1888,72;
THEODOMIRO SANTOS DE OLIVEIRA;FUND.DERM.TROP.VEN.ALF.DA MATA;ASSISTENTE TECNICO;SUBGERENTE - AD3; ESTATUTARIO;2024,39;;2024,39;283,41;1740,98;
THIAGO MONTENEGRO DA SILVA;FUND.DERM.TROP.VEN.ALF.DA MATA;MEDICO ESPECIALISTA;; ESTATUTARIO;7938,92;;7938,92;1889,26;6049,66;
THIAGO SOARES VILAS BOAS;FUND.DERM.TROP.VEN.ALFRED.MATA;MEDICO RESIDENTE;; RESIDENTE;3830,43;;3830,43;325,19;3505,24;
THIELLE DA CRUZ DOS SANTOS;FUND.DERM.TROP.VEN.ALF.DA MATA;FARMAC.BIOQ. -FAB-P.S.N.S.-A;; ESTATUTARIO;6250,25;;6250,25;1295,61;4954,64;
UBIRATAN CRUZ DA SILVA;FUND.DERM.TROP.VEN.ALFRED.MATA;AGENTE ADM.-AGA-T.S.N.A.-E;GERENTE; ESTATUTARIO;6114,79;;6114,79;838,61;5276,18;
VALDERIZA LOURENCO PEDROSA;FUND.DERM.TROP.VEN.ALFRED.MATA;ASSIST.SOC.ASS-P.S.N.S.-CL.C;DIRETOR DE ENSINO E; ESTATUTARIO;15669,56;;15669,56;4019,83;11649,73;
VALDINEI MENDONCA SANTAREM;FUND.DERM.TROP.VEN.ALFRED.MATA;TECNICO DE PATOLOGIA CLINICA A;TEC.DE PATOL.CLINICA; ESTATUTARIO;2548,03;;2548,03;286,72;2261,31;
VANDERLECIA ORTEGA DOS SANTOS;FUND.DERM.TROP.VEN.ALF.DA MATA;TEC. DE ENFERMAGEM-TEN-P.S.N.M.-A;; ESTATUTARIO;2548,03;;2548,03;286,72;2261,31;
VANESSA CRISTIELE TAVARES FREITAS;FUND.DERM.TROP.VEN.ALF.DA MATA;TEC.DE PAT.CLINICA-TPC-P.S.N.M.-A;; ESTATUTARIO;2548,03;;2548,03;286,72;2261,31;
VANIA LUCIA SAMPAIO;FUND.DERM.TROP.VEN.ALFRED.MATA;TEC.DE PAT.CLINICA-TPC-P.S.N.M.-C;; ESTATUTARIO;3562,23;;3562,23;398,09;3164,14;
WALDEIZA DA COSTA PASSOS;FUND.DERM.TROP.VEN.ALFRED.MATA;AUXILIAR DE ENFERMAGEM A;; ESTATUTARIO;2565,86;;2565,86;289,22;2276,64;
WALDEMARA VASCONCELOS GOMES;FUND.DERM.TROP.VEN.ALFRED.MATA;TEC.DE PAT.CLINICA-TPC-P.S.N.M.-A;TEC PATOL.CLINICA; ESTATUTARIO;2155,98;;2155,98;301,84;1854,14;
WALDEMARA VASCONCELOS GOMES;FUND.DERM.TROP.VEN.ALFRED.MATA;TEC.DE PAT.CLINICA-TPC-P.S.N.M.-B;; ESTATUTARIO;2263,68;;2263,68;316,92;1946,76;
WALID ALI MUSA SALEH;FUND.DERM.TROP.VEN.ALFRED.MATA;FARMACEUTICO BIOQUIMICO A;FARMACEUTICO BIOQ.; ESTATUTARIO;5750,25;;5750,25;1196,27;4553,98;
WALQUIRIA LIMA TUPINAMBA;FUND.DERM.TROP.VEN.ALFRED.MATA;MEDICO ESPECIALISTA;; ESTATUTARIO;7938,92;;7938,92;1889,26;6049,66;
WILLIAM ANTUNES FERREIRA;FUND.DERM.TROP.VEN.ALFRED.MATA;FARMAC.BIOQ. -FAB-P.S.N.S.-B;; ESTATUTARIO;6889,46;;6889,46;1724,52;5164,94;
WILLIAM ANTUNES FERREIRA;FUND.DERM.TROP.VEN.ALFRED.MATA;FARMAC.BIOQ. -FAB-P.S.N.S.-C;; ESTATUTARIO;7767,04;;7767,04;1866,68;5900,36;
YAMA MAYURA ALVES DE SOUSA;FUND.DERM.TROP.VEN.ALFRED.MATA;FARMACEUTICO-FAR-P.S.N.S.-A;SUBGERENTE - AD3; ESTATUTARIO;6364,08;;6364,08;1338,47;5025,61;
YONE MARQUES AVELINO;FUND.DERM.TROP.VEN.ALF.DA MATA;TEC. DE ENFERMAGEM-TEN-P.S.N.M.-A;; ESTATUTARIO;2548,03;;2548,03;286,72;2261,31;
ZULEMA ABENSUR LIMA;FUND.DERM.TROP.VEN.ALFRED.MATA;AGENTE ADM.-AGA-T.S.N.A.-G;; ESTATUTARIO;1919,79;;1919,79;268,77;1651,02;
