NOME;LOTACAO;CARGO;FUNCAO;VINCULO;REMUNERACAO LEGAL TOTAL(R$);DESC.TETO(R$); REMUNERACAO LEGAL DEVIDA(R$);DESCONTOS LEGAIS(R$);LIQUIDO DISPONIVEL(R$);
ABNER VARELA MORAES;NUCLEO MEDICO-ASSISTENCIAL;TEC.DE RAD.MEDICA-TRM-P.S.N.M.-A;SUPERVISOR EM RADIOP; ESTATUTARIO;2400,00;;2400,00;37,20;2362,80;
ADEMIR PINTO DOS SANTOS;CONSELHO DIRETOR;MEDICO MEDICINA TROPICAL;; ESTATUTARIO;6651,61;;6651,61;1243,32;5408,29;
AGENOR LIMA MENDONÇA FILHO;SETOR DE PATOLOGIA CLINICA;FARMAC.BIOQ. -FAB-P.S.N.S.-A;; ESTATUTARIO;5876,33;;5876,33;1205,22;4671,11;
AGENOR LIMA MENDONCA FILHO;SETOR DE ENFERMARIA;FARMACEUTICO BIOQUIMICO B;; ESTATUTARIO;6320,25;;6320,25;1137,66;5182,59;
AIDA DE SOUZA ROSAS;SETOR DE ENFERMARIA;TECNICO DE PATOLOGIA CLINICA A;; ESTATUTARIO;2548,03;;2548,03;210,26;2337,77;
ALBERTO DIAS DE FIGUEIREDO;SETOR DE ZELAD.VIG.TRANSPORTES;MOTORISTA-MOT-T.S.N.A.-A;MOTORISTA; ESTATUTARIO;2436,12;;2436,12;210,65;2225,47;
ALDEMIR COELHO MACIEL;SERVICO DE RADIOTERAPIA;TECNICO-TEC-T.S.N.S.-C;; ESTATUTARIO;5669,28;;5669,28;1141,82;4527,46;
ALDERINA SILVANA DE SOUZA PEREIRA;SETOR DE REGISTRO E CONTROLE;AGENTE ADM.-AGA-T.S.N.A.-F;; ESTATUTARIO;2296,05;;2296,05;197,57;2098,48;
ALDO MOREIRA DA SILVA;SECAO DE SERVICOS GERAIS;ARTIFICE 3A CLASSE;; ESTATUTARIO;2557,67;;2557,67;244,21;2313,46;
ALESSANDRA FERREIRA ALVES;SETOR DE PSIC.REABIL.E FISIOT.;FISIOTERAPEUTA-FIS-P.S.N.S.-A;; ESTATUTARIO;6250,25;;6250,25;1170,54;5079,71;
ALFREDO COIMBRA REICHL;SETOR DE RADIOTERAPIA;MEDICO ESPECIALISTA;; ESTATUTARIO;7938,92;;7938,92;1736,49;6202,43;
ALICE BRITO BRANDÃO;SERVICO DE CIRURGIA ANCOLOGICA;GERENTE;NAO INFORMADO; CARGO COMISSION.S/VINCULO;4593,27;;4593,27;626,38;3966,89;
ALICIA NEVES NASCIMENTO;SAME;TELEFONISTA-TEL-T.S.N.A.-E;; ESTATUTARIO;2114,79;;2114,79;177,63;1937,16;
ANA CLAUDIA LAZAMETH BRASILEIRO;SERVICO DE RADIOTERAPIA;ENFERMEIRO-ENF-P.S.N.S.-A;; ESTATUTARIO;6927,66;;6927,66;1265,96;5661,70;
ANA ELIS GUIMARAES ARAUJO;SETOR DE ENFERMARIA;ENFERMEIRO-ENF-P.S.N.S.-A;; ESTATUTARIO;5750,25;;5750,25;1170,54;4579,71;
ANA LUCIA DA SILVA SANTOS;SETOR DE ANATOMIA PATOLOGICA;ASSISTENTE TECNICO A;; ESTATUTARIO;2817,85;;2817,85;283,57;2534,28;
ANA LUIZA LOUREIRO GUERREIRO;MANDADO DE SEGURANCA;FISIOTERAPEUTA-FIS-P.S.N.S.-A;; ESTATUTARIO;6250,25;;6250,25;1170,54;5079,71;
ANA MARCIA PROGENIO DA SILVA CUNHA;SETOR DE PATOLOGIA CLINICA;TEC.DE PAT.CLINICA-TPC-P.S.N.M.-A;; ESTATUTARIO;2048,03;;2048,03;225,28;1822,75;
ANA ROSA VASQUES DE OLIVEIRA;SETOR DE PATOLOGIA CLINICA;TEC.DE PAT.CLINICA-TPC-P.S.N.M.-A;; ESTATUTARIO;2548,03;;2548,03;225,28;2322,75;
ANANIAS PEREIRA MARQUES;SETOR DE PATOLOGIA CLINICA;AUX.DE PATOL.CLIN.-APC-P.S.N.A.-A;; ESTATUTARIO;2338,85;;2338,85;202,27;2136,58;
ANDERSON FERREIRA GONCALVES;SETOR NEUROLOGICO;MEDICO ESPECIALISTA;MEDICO ESPECIALISTA; ESTATUTARIO;7538,59;;7538,59;1771,18;5767,41;
ANDRE CESAR GURGEL DE LIMA FERREIRA;SAME;ASSIST.ADMIN.-ASA-T.S.N.M.-A;; ESTATUTARIO;2232,96;;2232,96;152,50;2080,46;
ANDRE LUIS SALES DA COSTA;SERV.CLIN.MED.ONC.E APOIO TER.;PSICOLOGO-PSI-P.S.N.S.-A;; ESTATUTARIO;6644,11;;6644,11;1310,26;5333,85;
ANDRE LUIZ DOMINGUES;NUCLEO MEDICO-ASSISTENCIAL;MEDICO ESPECIALISTA;; ESTATUTARIO;7938,92;;7938,92;1736,49;6202,43;
ANDREA DE SOUZA BEZERRA;SETOR DE ENFERMARIA;TEC. DE ENFERMAGEM-TEN-P.S.N.M.-A;; ESTATUTARIO;2873,21;;2873,21;260,67;2612,54;
ANDREA LIMA DE SOUZA MARQUES;SETOR DE FARMACIA;FARMACEUTICO-FAR-P.S.N.S.-A;FARMACEUTICO; ESTATUTARIO;6364,08;;6364,08;1210,92;5153,16;
ANDREA PEREZ DE CASTRO;SERVICO COMPLEM.DE DIAGNOSTICO;TECNICO DE PATOLOGIA CLINICA A;TEC.DE PAT.CLINICA A; ESTATUTARIO;2548,03;;2548,03;225,28;2322,75;
ANDREIA CHAVES BATISTA;DIVISAO DE ADMINISTRACAO;GERENTE;NAO INFORMADO; CARGO COMISSION.S/VINCULO;4593,27;;4593,27;626,38;3966,89;
ANDREIA RIBEIRO DA SILVA;SERVICO DE ENFERMAGEM;TEC. DE ENFERMAGEM-TEN-P.S.N.M.-A;TEC ENFERMAGEM; ESTATUTARIO;2100,82;;2100,82;231,09;1869,73;
ANDRESSA DOS SANTOS SIQUEIRA;SETOR DE PATOLOGIA CLINICA;TEC.DE PAT.CLINICA-TPC-P.S.N.M.-A;; ESTATUTARIO;2548,03;;2548,03;225,28;2322,75;
ANDREZA NUNES BEZERRA;SERVICO DE RADIOTERAPIA;TEC.DE RADIOTERAPIA-TER-P.S.N.M.-A;; ESTATUTARIO;2548,03;;2548,03;225,28;2322,75;
ANDREZZA DEZINCOURT DE OLIVEIRA;DIVISAO DE ADMINISTRACAO;TELEFONISTA-TEL-T.S.N.A.-E;; ESTATUTARIO;2114,79;;2114,79;159,86;1954,93;
ANGELA DA COSTA LINS;SETOR DE RADIOTERAPIA;TEC.DE RADIOTERAPIA-TER-P.S.N.M.-A;TEC EM RADIO TERAPIA; ESTATUTARIO;2600,82;;2600,82;231,09;2369,73;
ANGELA MARIA COELHO MOURA;SECAO DE SERVICOS GERAIS;AUX.DE SERV.GER.-ASG-T.S.N.A.-A;; ESTATUTARIO;2101,40;;2101,40;176,15;1925,25;
ANTONIA GILVA DA SILVA DO CASAL;SETOR DE FARMACIA;FARMACEUTICO-FAR-P.S.N.S.-A;; ESTATUTARIO;6250,25;;6250,25;1170,54;5079,71;
ANTONIA GRACIONY DANIEL SILVA;SECAO DE SERVICOS GERAIS;AUX.DE SERV.GER.-ASG-T.S.N.A.-A;; ESTATUTARIO;2101,40;;2101,40;176,15;1925,25;
ANTONIA LIMA ARAUJO;SETOR DE ENFERMARIA;AUXILIAR DE SAUDE 3A CLASSE;; ESTATUTARIO;2387,34;;2387,34;191,32;2196,02;
ANTONINA DE CASTRO PONTES;SERVICO DE ENFERMAGEM;TEC. DE ENFERMAGEM-TEN-P.S.N.M.-A;; ESTATUTARIO;2600,82;;2600,82;231,09;2369,73;
ANTONIO CARLOS BITENCOURT DA COSTA;SERVICO DE ENFERMAGEM;TEC. DE ENFERMAGEM-TEN-P.S.N.M.-A;TEC. DE ENFERMAGEM; ESTATUTARIO;2689,14;;2689,14;231,09;2458,05;
ANTONIO CARLOS DA SILVA;SETOR DE REGISTRO E CONTROLE;AGENTE ADM.-AGA-T.S.N.A.-F;; ESTATUTARIO;2493,62;;2493,62;197,57;2296,05;
ANTONIO RODRIGUES DE SOUSA;SECAO DE SERVICOS GERAIS;AUX.DE SERV.GER.-ASG-T.S.N.A.-D;SUBGERENTE AD 3; ESTATUTARIO;2612,49;;2612,49;215,53;2396,96;
ARLENE MACHADO DE SOUZA;SAME;ASSISTENTE TECNICO A;SUBGERENTE AD-3; ESTATUTARIO;5933,84;;5933,84;799,81;5134,03;
ARLETE MACHADO DE MOURA;SETOR DE AMBULATORIO;ASSISTENTE TECNICO A;; ESTATUTARIO;3072,80;;3072,80;305,18;2767,62;
ARTHENIZE RIAME PRAIA G C ARAUJ;SETOR DE ENFERMARIA;TEC. DE ENFERMAGEM-TEN-P.S.N.M.-A;; ESTATUTARIO;2048,03;;2048,03;;2048,03;
AUGUSTO GUILHERME DE A MARTINOT;SECAO DE SERVICOS GERAIS;ENGENHEIRO ELETR.-EEL-T.S.N.S.-A;; ESTATUTARIO;4832,39;;4832,39;707,99;4124,40;
BARBARA FONSECA ABRAHIM;SETOR DE NUTRICAO E DIETETICA;GERENTE;GERENTE AD-2; CARGO COMISSION.S/VINCULO;4593,27;;4593,27;626,38;3966,89;
BARBARA SILVA DE OLIVEIRA BINDA;SETOR DE PATOLOGIA CLINICA;TEC.DE PAT.CLINICA-TPC-P.S.N.M.-A;; ESTATUTARIO;2548,03;;2548,03;225,28;2322,75;
BERNADETE ALENCAR DE SOUZA;SETOR DE ONCOLOGIA CLINICA;TEC. DE ENFERMAGEM-TEN-P.S.N.M.-D;; ESTATUTARIO;2550,06;;2550,06;307,93;2242,13;
BERNARDES LEITE DE OLIVEIRA;SETOR DE AMBULATORIO;MEDICO ESPECIALISTA;; ESTATUTARIO;7438,92;;7438,92;1736,49;5702,43;
BIANCA FARIAS DOS SANTOS;DIVISAO DE ADMINISTRACAO;ASSIST.ADMIN.-ASA-T.S.N.M.-A;; ESTATUTARIO;2232,96;;2232,96;190,63;2042,33;
BIANCA PAIVA MAIA PRIMO;SERVICO DE ENFERMAGEM;TEC. DE ENFERMAGEM-TEN-P.S.N.M.-A;; ESTATUTARIO;2600,82;;2600,82;231,09;2369,73;
BRENA DE LOURDES AGUIAR LIMA;SETOR DE FARMACIA;FARMAC.BIOQ. -FAB-P.S.N.S.-A;; ESTATUTARIO;6250,25;;6250,25;1170,54;5079,71;
BRENA LUIZE FERREIRA URATANI;SETOR DE ONCOLOGIA CLINICA;MEDICO ESPECIALISTA;; ESTATUTARIO;7938,92;;7938,92;1736,49;6202,43;
BRUCE DIEGO LACERDA PEREIRA;SERVICO DE RADIOTERAPIA;TEC.DE RADIOTERAPIA-TER-P.S.N.M.-A;; ESTATUTARIO;2548,03;;2548,03;225,28;2322,75;
BRUNO DE SOUZA SILVA;DIVISAO DE ADMINISTRACAO;ASSIST.ADMIN.-ASA-T.S.N.M.-A;; ESTATUTARIO;2232,96;;2232,96;190,63;2042,33;
BRUNO FREIRE DE ALMEIDA;SETOR DE FARMACIA;AUX.DE FARMACIA-AFA-P.S.N.A.-A;; ESTATUTARIO;2239,25;;2239,25;191,32;2047,93;
BRUNO NAZARE NOGUEIRA;SAME;ASSIST.ADMIN.-ASA-T.S.N.M.-A;; ESTATUTARIO;2232,96;;2232,96;190,63;2042,33;
CARLA NATERCIA CABRAL DE OLIVEIRA;SETOR DE FARMACIA;FARMACEUTICO-FAR-P.S.N.S.-A;; ESTATUTARIO;6250,25;;6250,25;1170,54;5079,71;
CARLOS ALBERTO GUIMARAES;SETOR DE PATOLOGIA CLINICA;TEC.DE HISTOLOGIA-THI-P.S.N.M.-C;; ESTATUTARIO;3140,99;;3140,99;297,37;2843,62;
CARLOS MICHEL ALBUQUERQUE PERES;SETOR NEUROLOGICO;MEDICO ESPECIALISTA;GERENTE AD 2; ESTATUTARIO;7538,59;;7538,59;1771,18;5767,41;
CARLOS VICTOR DA CUNHA URTIGA;SETOR DE PATOLOGIA CLINICA;GERENTE;NAO INFORMADO; CARGO COMISSION.S/VINCULO;4593,27;;4593,27;626,38;3966,89;
CARLOS WAGNER DE JESUS TOSCANO;SETOR DE ENFERMARIA;TEC. DE ENFERMAGEM-TEN-P.S.N.M.-A;TEC ENFERMAGEM; ESTATUTARIO;2500,77;;2500,77;200,25;2300,52;
CAYO CESAR FERREIRA ALVES;SETOR DE ENDOSCOPIA;ASSIST.ADMIN.-ASA-T.S.N.M.-A;; ESTATUTARIO;2810,61;;2810,61;196,61;2614,00;
CECILIA EMILY FERREIRA DE SOUZA;SETOR DE ENFERMARIA;TEC. DE ENFERMAGEM-TEN-P.S.N.M.-A;; ESTATUTARIO;2548,03;;2548,03;225,28;2322,75;
CECILIA OLIVEIRA DE CARVALHO;SETOR DE FARMACIA;FARMACEUTICO-FAR-P.S.N.S.-A;; ESTATUTARIO;6250,25;;6250,25;1170,54;5079,71;
CELINA DE JESUS GUIMARAES;SETOR DE FARMACIA;FARMACEUTICO-FAR-P.S.N.S.-A;FARMACEUTICO; ESTATUTARIO;6860,34;;6860,34;1386,97;5473,37;
CHRISTIANE MENDES COSTA;SETOR DE CITOPATOLOGIA;TEC.DE HISTOLOGIA-THI-P.S.N.M.-A;TEC.HISTOLOGIA; ESTATUTARIO;2600,82;;2600,82;231,09;2369,73;
CIBELE DE SOUSA MENEZES;SETOR DE BIBLIOTECA;BIBLIOTECARIO-BIB-T.S.N.S.-A;; ESTATUTARIO;4832,39;;4832,39;707,99;4124,40;
CLAUDIA DE ARAUJO LIRA;SERVICO DE ENFERMAGEM;AGENTE ADM.-AGA-T.S.N.A.-G;; ESTATUTARIO;2424,30;;2424,30;211,67;2212,63;
CLAUDIA PATRICIA DA SILVA CHAVES;SETOR DE ANATOMIA PATOLOGICA;TEC.DE HISTOLOGIA-THI-P.S.N.M.-A;; ESTATUTARIO;2548,03;;2548,03;225,28;2322,75;
CLAUDIA RODRIGUES DE CASTRO SANTANA;SETOR DE ENFERMARIA;AUXILIAR DE ENFERMAGEM A;AUX. DE ENFERMAGEM A; ESTATUTARIO;2446,38;;2446,38;170,56;2275,82;
CLAUDINEIA DE PAULA CHINCKR;DIVISAO DE ADMINISTRACAO;RECEPCIONISTA-REC-T.S.N.A.-E;; ESTATUTARIO;1614,79;;1614,79;;1614,79;
CLAUDIO ROBERTO DE OLIVEIRA VIEIRA;SETOR DE PLASTICA RESTAURADORA;MEDICO ESPECIALISTA;; ESTATUTARIO;8417,13;;8417,13;2078,18;6338,95;
CLECIO LEITE GOMES;SETOR DE PATOLOGIA CLINICA;TECNICO DE PATOLOGIA CLINICA A;; ESTATUTARIO;2548,03;;2548,03;225,28;2322,75;
CLEOPATRA MEDINA NORONHA AREOSA;SETOR DE CENTRO MEDICO;MEDICO DOUTOR;MEDICO ESPECIALISTA; ESTATUTARIO;10874,99;;10874,99;2764,73;8110,26;
CRISTIANE SILVEIRA LIMA;NUCLEO MEDICO-ASSISTENCIAL;MEDICO ESPECIALISTA;GERENTE AD 2; ESTATUTARIO;7538,59;;7538,59;;7538,59;
CRISTIANO DE MOURA PEREIRA;SETOR DE IMAGENOLOGIA;TEC.DE RAD.MEDICA-TRM-P.S.N.M.-A;; ESTATUTARIO;2100,82;;2100,82;53,92;2046,90;
DAIANE FERREIRA DE OLIVEIRA;SERVICO COMPLEM.DE DIAGNOSTICO;TEC.DE HISTOLOGIA-THI-P.S.N.M.-A;; ESTATUTARIO;2100,82;;2100,82;201,12;1899,70;
DAMIANA CELESTE PONTES;SETOR DE ENFERMARIA;TEC.DE PAT.CLINICA-TPC-P.S.N.M.-D;; ESTATUTARIO;2999,80;;2999,80;299,04;2700,76;
DANGELA MARIA DOS SANTOS BARBOSA;SETOR DE IMAGENOLOGIA;TEC.DE RAD.MEDICA-TRM-P.S.N.M.-A;; ESTATUTARIO;2100,82;;2100,82;231,09;1869,73;
DANIEL DA SILVA GLORIA;SETOR DE PSIC.REABIL.E FISIOT.;FISIOTERAPEUTA-FIS-P.S.N.S.-A;; ESTATUTARIO;6250,25;;6250,25;1170,54;5079,71;
DANIEL FERREIRA DIAS;SECAO DE PESSOAL;ASSIST.ADMIN.-ASA-T.S.N.M.-A;; ESTATUTARIO;2232,96;;2232,96;190,63;2042,33;
DANIEL FREIRE NAKAMURA;SETOR DE AMBULATORIO;MEDICO ESPECIALISTA; MEDICO ESPECIALISTA; ESTATUTARIO;8038,59;;8038,59;1771,18;6267,41;
DANIEL MACEDO CARNEIRO;SETOR DE FARMACIA;ASSISTENTE TECNICO A;ASSIST. TECNICO; ESTATUTARIO;2280,62;;2280,62;195,87;2084,75;
DANIELE RODRIGUES CAMPOS;SETOR DE PATOLOGIA CLINICA;AUX.DE PATOL.CLIN.-APC-P.S.N.A.-A;; ESTATUTARIO;2338,85;;2338,85;202,27;2136,58;
DANIELLE GUIMARAES COELHO;DIVISAO DE ADMINISTRACAO;TELEFONISTA-TEL-T.S.N.A.-E;; ESTATUTARIO;2114,79;;2114,79;177,63;1937,16;
DELCIDIA DA SILVA ALMEIDA;SETOR DE ENFERMARIA;TEC. DE ENFERMAGEM-TEN-P.S.N.M.-A;; ESTATUTARIO;2548,03;;2548,03;225,28;2322,75;
DENIZE AQUINO DE SOUZA;SETOR DE ENFERMARIA;TEC. DE ENFERMAGEM-TEN-P.S.N.M.-A;TEC DE ENFERMAGEM; ESTATUTARIO;2600,82;;2600,82;231,09;2369,73;
DENIZE DA CRUZ LEMOS;SETOR DE CITOPATOLOGIA;TEC.DE HISTOLOGIA-THI-P.S.N.M.-A;TEC.HISTOLOGIA; ESTATUTARIO;2600,82;;2600,82;231,09;2369,73;
DENIZE DA SILVA CASTRO;SECAO DE MATERIAL E PATRIMONIO;ASSIST.ADMIN.-ASA-T.S.N.M.-A;; ESTATUTARIO;2232,96;;2232,96;190,63;2042,33;
DENIZE LIMA DE MORAES;SETOR DE FARMACIA;GERENTE;NAO INFORMADO; CARGO COMISSION.S/VINCULO;4593,27;;4593,27;626,38;3966,89;
DENIZE MATILDE MELO DE AGUIAR;SETOR DE HEMATOL.E HEMOTERAPIA;TEC. DE HEMOTERAP.-THE-P.S.N.M.-D;; ESTATUTARIO;3309,08;;3309,08;373,61;2935,47;
DEUZA MARIA NOGUEIRA ROSARIO;SECAO DE ORCAMENTO E FINANCAS;TECNICO-TEC-T.S.N.S.-D;CHEFE DE DEPARTAMENT; ESTATUTARIO;11977,50;;11977,50;2752,34;9225,16;
DEUZIMAR AZEVEDO DA SILVA;SETOR DE IMAGENOLOGIA;TEC.DE RAD.MEDICA-TRM-P.S.N.M.-A;; ESTATUTARIO;2600,82;;2600,82;231,09;2369,73;
DIANA NOGUEIRA DO NASCIMENTO;SETOR DE AMBULATORIO;MEDICO ESPECIALISTA;MED ESPECIALISTA; ESTATUTARIO;8038,59;;8038,59;1771,18;6267,41;
DIEGO DA SILVA FRONER;DIVISAO DE ADMINISTRACAO;BACHAREL EM COMP.-BQO-T.S.N.S.-A;; ESTATUTARIO;4832,39;;4832,39;707,99;4124,40;
DIEGO MONTEIRO DE CARVALHO;NUCLEO MEDICO-ASSISTENCIAL;MEDICO ESPECIALISTA;; ESTATUTARIO;7938,92;;7938,92;1736,49;6202,43;
DIOGENES DE LIMA FRANCA;SETOR DE ENFERMARIA;TEC. DE ENFERMAGEM-TEN-P.S.N.M.-D;; ESTATUTARIO;2931,86;;2931,86;267,50;2664,36;
DIRCE COSTA ONETY;SERVICO DE ENFERMAGEM;MEDICO ESPECIALISTA;MEDICO URGENTISTA; ESTATUTARIO;8038,59;;8038,59;1771,18;6267,41;
EDER FRANCISCO HERCULANO LEITE;SERVICO DE ENFERMAGEM;TEC. DE ENFERMAGEM-TEN-P.S.N.M.-A;; ESTATUTARIO;2000,77;;2000,77;;2000,77;
EDILANE PORTO DIAS;SETOR DE ENFERMARIA;ENFERMEIRO-ENF-P.S.N.S.-A;; ESTATUTARIO;6362,25;;6362,25;1201,34;5160,91;
EDILANE SILVA MENDONÇA;SETOR DE ENFERMARIA;TEC. DE ENFERMAGEM-TEN-P.S.N.M.-A;; ESTATUTARIO;2548,03;;2548,03;217,77;2330,26;
EDILENE FERREIRA DOS SANTOS;SETOR DE HEMATOL.E HEMOTERAPIA;TECNICO DE HEMOTERAPIA A;; ESTATUTARIO;2548,03;;2548,03;217,77;2330,26;
EDLA ANTUNES FALCAO DE SOUZA;SETOR DE NUTRICAO E DIETETICA;NUTRICIONISTA C;; ESTATUTARIO;6144,11;;6144,11;1258,12;4885,99;
EDMILZA PORTO DIAS;SETOR DE ENFERMARIA;ENFERMEIRO-ENF-P.S.N.S-D;SUBGERENTE; ESTATUTARIO;10732,29;;10732,29;2521,29;8211,00;
EDNA AUZIER FELIX;SETOR DE ENFERMARIA;TEC. DE ENFERMAGEM-TEN-P.S.N.M.-A;; ESTATUTARIO;2155,98;;2155,98;237,16;1918,82;
EDSON DE OLIVEIRA ANDRADE;SETOR ABDOMINO-TORAXICO;MEDICO DOUTOR;; ESTATUTARIO;12910,53;;12910,53;3388,52;9522,01;
EDSON MAURO SILVA OLIVEIRA;SETOR DE AMBULATORIO;MEDICO ESPECIALISTA;MEDICO ESPECIALISTA; ESTATUTARIO;8038,59;;8038,59;1533,28;6505,31;
EJANDRE LUNIERES DE SANTIAGO;SETOR ABDOMINO-TORAXICO;MEDICO ESPECIALISTA;; ESTATUTARIO;8506,07;;8506,07;1777,44;6728,63;
ELAINE CRISTINA REIS CORREA;SETOR DE PATOLOGIA CLINICA;TEC.DE PAT.CLINICA-TPC-P.S.N.M.-B;; ESTATUTARIO;2763,68;;2763,68;249,00;2514,68;
ELAINE DOS SANTOS MAIA;SETOR DE AMBULATORIO;TEC. DE ENFERMAGEM-TEN-P.S.N.M.-A;; ESTATUTARIO;2600,82;;2600,82;231,09;2369,73;
ELANE ALMEIDA DA COSTA;SETOR DE ENFERMARIA;AUXILIAR DE ENFERMAGEM A;; ESTATUTARIO;2387,34;;2387,34;191,32;2196,02;
ELENISE CHAVES DOS SANTOS;SETOR DE ENFERMARIA;TEC. DE ENFERMAGEM-TEN-P.S.N.M.-A;TEC DE ENFERMAGEN; ESTATUTARIO;2600,82;;2600,82;231,09;2369,73;
ELEONIS FREITAS NUNES;SETOR DE ZELAD.VIG.TRANSPORTES;MOTORISTA-MOT-T.S.N.A.-A;; ESTATUTARIO;2402,12;;2402,12;210,65;2191,47;
ELI MASSAO SHIRAYANAGUI DOS SANTOS;SETOR DE PATOLOGIA CLINICA;FARMAC.BIOQ. -FAB-P.S.N.S.-A;; ESTATUTARIO;6250,25;;6250,25;1066,27;5183,98;
ELIENE CAVALCANTI BUENO DE CASTRO;SERVICOS TECNICOS;ASSIST.SOC.ASS-P.S.N.S.-CL.A;ASSIST SOCIAL; ESTATUTARIO;6364,08;;6364,08;1210,92;5153,16;
ELIENE SILVA MOTA;SECAO DE ORCAMENTO E FINANCAS;ASSIST.ADMIN.-ASA-T.S.N.M.-A;; ESTATUTARIO;2232,96;;2232,96;190,63;2042,33;
ELINE SOCORRO REIS LAURIA;SETOR DE SERVICO SOCIAL;ASSIST.SOC.ASS-P.S.N.S.-CL.D;; ESTATUTARIO;7232,29;;7232,29;1696,29;5536,00;
ELISAMAR ANDREA CANTO DOS SANTOS;SERVICO DE ENFERMAGEM;TEC. DE ENFERMAGEM-TEN-P.S.N.M.-A;TEC. DE ENFERMAGEM; ESTATUTARIO;2637,62;;2637,62;231,09;2406,53;
ELISANGELA LACERDA DOS REIS;SETOR DE PATOLOGIA CLINICA;FARMAC.BIOQ. -FAB-P.S.N.S.-A;; ESTATUTARIO;6250,25;;6250,25;1170,54;5079,71;
ELIVELTON GOMES VARGAS;DIVISAO DE ADMINISTRACAO;ASSIST.ADMIN.-ASA-T.S.N.M.-A;; ESTATUTARIO;2232,96;;2232,96;177,92;2055,04;
ELIZABETH NOGUEIRA DE ANDRADE;SETOR DE AMBULATORIO;CHEFE DE DEPARTAMENTO;; CARGO COMISSION.S/VINCULO;5600,30;;5600,30;955,49;4644,81;
ELIZANGELA DA SILVA;SAME;ASSIST.ADMIN.-ASA-T.S.N.M.-A;; ESTATUTARIO;2232,96;;2232,96;190,63;2042,33;
ELLEN ALBUQUERQUE DE FREITAS;SETOR DE ENFERMARIA;ENFERMEIRO-ENF-P.S.N.S.-A;; ESTATUTARIO;6250,25;;6250,25;1170,54;5079,71;
ELLERY BARRETO COSTA;SETOR DE FARMACIA;FARMACEUTICO-FAR-P.S.N.S.-A;; ESTATUTARIO;5476,43;;5476,43;1073,41;4403,02;
EMILY DOS SANTOS FRANCO;SETOR DE ANATOMIA PATOLOGICA;MEDICO ESPECIALISTA;; ESTATUTARIO;7938,92;;7938,92;1736,49;6202,43;
ENEIDE MARIA DE SOUSA;SETOR DE IMAGENOLOGIA;TEC.DE RAD.MEDICA-TRM-P.S.N.M.-B;; ESTATUTARIO;2876,72;;2876,72;265,78;2610,94;
ENIO LUCIO COELHO DUARTE;SETOR DE RADIOTERAPIA;MEDICO ESPECIALISTA;DIRETOR TECNICO; ESTATUTARIO;8038,59;;8038,59;1771,18;6267,41;
ERIC MACHADO DE ARAUJO;DIVISAO DE ADMINISTRACAO;GERENTE;NAO INFORMADO; CARGO COMISSION.S/VINCULO;4593,27;;4593,27;626,38;3966,89;
ERICK ANDRADE DE PAIVA;SETOR DE FARMACIA;AUX.DE FARMACIA-AFA-P.S.N.A.-A;; ESTATUTARIO;2239,25;;2239,25;191,32;2047,93;
ERIVALDO MOREIRA DIAS;SECAO DE PESSOAL;AUX.DE SERV.GER.-ASG-T.S.N.A.-B;; ESTATUTARIO;2280,85;;2280,85;189,36;2091,49;
ERNANDA RAQUEL DE Q G S E FERNANDES;SETOR DE PATOLOGIA CLINICA;FARMAC.BIOQ. -FAB-P.S.N.S.-A;; ESTATUTARIO;8167,00;;8167,00;1697,65;6469,35;
ERONILDES AUGUSTO DOS SANTOS;SERVICO DE ENFERMAGEM;FISIOTERAPEUTA A;; ESTATUTARIO;6644,11;;6644,11;1310,26;5333,85;
EUGENIA SEIXAS DOS SANTOS MARQUES;SERVICO DE ENFERMAGEM;AUXILIAR DE ENFERMAGEM A;; ESTATUTARIO;2459,50;;2459,50;191,32;2268,18;
EVA MOTA DA SILVA;DIVISAO DE ADMINISTRACAO;ASSIST.ADMIN.-ASA-T.S.N.M.-A;; ESTATUTARIO;2232,96;;2232,96;190,63;2042,33;
FABIANA LO PRESTI MENDONCA ROSAS;SETOR DE AMBULATORIO;MEDICO ESPECIALISTA;MEDICO ESPECIALISTA; ESTATUTARIO;8038,59;;8038,59;1771,18;6267,41;
FABIOLA DE PAULA FERREIRA;SERVICO DE ENFERMAGEM;TEC. DE ENFERMAGEM-TEN-P.S.N.M.-A;TEC. DE ENFERMAGEM; ESTATUTARIO;2687,51;;2687,51;238,79;2448,72;
FABIOLA DE PAULA FERREIRA;SETOR DE ENFERMARIA;AUXILIAR DE ENFERMAGEM A;; ESTATUTARIO;1887,34;;1887,34;191,32;1696,02;
FABIOLA LIMA DA SILVA;DIVISAO DE ADMINISTRACAO;ASSIST.ADMIN.-ASA-T.S.N.M.-A;; ESTATUTARIO;2810,61;;2810,61;206,83;2603,78;
FABIOLA MENDES DE OLIVEIRA;SETOR DE RADIOTERAPIA;TEC.DE RADIOTERAPIA-TER-P.S.N.M.-A;; ESTATUTARIO;2548,03;;2548,03;225,28;2322,75;
FABRICIO LIMA MOURA;NUCLEO MEDICO-ASSISTENCIAL;MEDICO ESPECIALISTA;; ESTATUTARIO;7938,92;;7938,92;1632,22;6306,70;
FABRICIO PIMENTEL DOS SANTOS;SECAO DE EXPEDIENTE;MOTORISTA-MOT-T.S.N.A.-A;; ESTATUTARIO;2357,87;;2357,87;204,37;2153,50;
FATIMA KANAWATI DE OLIVEIRA;ASSESSORIA;ASSISTENTE TECNICO B;ASSESSOR III AD 3; ESTATUTARIO;5933,84;;5933,84;799,81;5134,03;
FELIPE JEZINI III;SETOR ABDOMINO-TORAXICO;GERENTE;; CARGO COMISSION.S/VINCULO;4593,27;;4593,27;626,38;3966,89;
FERNANDO HENRIQUE DA SILVA CASCAES;DIVISAO DE ADMINISTRACAO;TELEFONISTA-TEL-T.S.N.A.-E;; ESTATUTARIO;2114,79;;2114,79;177,63;1937,16;
FERNANDO MARTINS MOREIRA;SECAO DE SERVICOS GERAIS;SUBGERENTE;; CARGO COMISSION.S/VINCULO;3586,94;;3586,94;358,88;3228,06;
FILIPE DIEGO RODRIGUES DOS SANTOS;SECAO DE ORCAMENTO E FINANCAS;AGENTE ADM.-AGA-T.S.N.A.-E;GERENTE AD-2; ESTATUTARIO;6037,89;;6037,89;782,34;5255,55;
FRANCELINA DE SOUZA MONTEIRO;SETOR DE ENFERMARIA;TEC. DE ENFERMAGEM-TEN-P.S.N.M.-A;TEC ENFERMAGEM; ESTATUTARIO;2600,82;;2600,82;223,39;2377,43;
FRANCILENA MARINHO SOARES DE JESUS;SERVICO DE ENFERMAGEM;TEC. DE ENFERMAGEM-TEN-P.S.N.M.-A;; ESTATUTARIO;2600,82;;2600,82;231,09;2369,73;
FRANCINEIDA COLARES DE OLIVEIRA;SETOR DE ENFERMARIA;AUXILIAR DE ENFERMAGEM - F;; ESTATUTARIO;2387,34;;2387,34;191,32;2196,02;
FRANCISCA RODRIGUES DUARTE;SECAO DE SERVICOS GERAIS;AUX.DE SERV.GER.-ASG-T.S.N.A.-A;; ESTATUTARIO;2101,40;;2101,40;176,15;1925,25;
FRANCISCO BATISTA PIMENTEL;SETOR DE ENFERMARIA;TEC. DE ENFERMAGEM-TEN-P.S.N.M.-A;; ESTATUTARIO;2548,03;;2548,03;225,28;2322,75;
FRANCISCO CARLOS ALVES DE LIMA;SETOR DE ALMOXARIFADO;AGENTE ADM.-AGA-T.S.N.A.-G;; ESTATUTARIO;2323,85;;2323,85;200,62;2123,23;
FRANCISCO DAMIAO SILVA DE SOUZA;SETOR DE ZELAD.VIG.TRANSPORTES;MOTORISTA-MOT-T.S.N.A.-A;; ESTATUTARIO;2357,87;;2357,87;204,37;2153,50;
FRANCISCO DE ASSIS VIEIRA;SETOR DE ENFERMARIA;TEC. DE ENFERMAGEM-TEN-P.S.N.M.-A;; ESTATUTARIO;2604,35;;2604,35;225,28;2379,07;
FRANCISCO DELMAR PEREIRA DOS SANTOS;NUCLEO MEDICO-ASSISTENCIAL;AGENTE ADM.-AGA-T.S.N.A.-G;; ESTATUTARIO;2559,72;;2559,72;230,30;2329,42;
FRANCISCO ENIO DOS SANTOS;SETOR DE RADIOTERAPIA;TECNICO EM RADIOTERAPIA;TEC DE RADIOTERAPIA; ESTATUTARIO;2548,03;;2548,03;225,28;2322,75;
FRANCISCO GILVAN MOREIRA NEVES;SETOR DE ENFERMARIA;TEC. DE ENFERMAGEM-TEN-P.S.N.M.-A;TEC. DE ENFERMAGEM; ESTATUTARIO;2678,10;;2678,10;207,98;2470,12;
FRANK LANDE BELEM MAGALHAES;SETOR DE NUTRICAO E DIETETICA;COZINHEIRO-T.S.N.A.-A;COZINHEIRO; ESTATUTARIO;2145,67;;2145,67;181,02;1964,65;
FUMIE ISHIZAWA;SERVICO DE CIRURGIA ANCOLOGICA;GERENTE;NAO INFORMADO; CARGO COMISSION.S/VINCULO;4593,27;;4593,27;626,38;3966,89;
GEISA SALVADOR GOES;ASSESSORIA;ASSESSOR II;; CARGO COMISSION.S/VINCULO;4593,27;;4593,27;626,38;3966,89;
GEORGE AUGUSTO M L ALBUQUERQUE;SETOR GENITO PELVICO UROLOGICO;MEDICO ESPECIALISTA;GERENTE; ESTATUTARIO;11938,92;;11938,92;2836,49;9102,43;
GEORGIANA BESERRA DO NASCIMENTO;SETOR DE PATOLOGIA CLINICA;AUX.DE PATOL.CLIN.-APC-P.S.N.A.-A;; ESTATUTARIO;2338,85;;2338,85;202,27;2136,58;
GERSON ANTONIO DOS SANTOS MOURAO;SETOR GENITO PELVICO UROLOGICO;MEDICO ESPECIALISTA;DIRETOR PRESIDENTE; ESTATUTARIO;18513,30;;18513,30;4694,76;13818,54;
GERSON EDUARDO MACENA;SERVICO DE ENFERMAGEM;ASSIST.ADMIN.-ASA-T.S.N.M.-A;; ESTATUTARIO;2232,96;;2232,96;190,63;2042,33;
GEYZA CAMARA AREQUE;DIVISAO DE ADMINISTRACAO;TELEFONISTA-TEL-T.S.N.A.-E;; ESTATUTARIO;2114,79;;2114,79;177,63;1937,16;
GILCIMAR BENFICA ALVES;SETOR DE IMAGENOLOGIA;TEC.DE RAD.MEDICA-TRM-P.S.N.M.-A;TEC EM RADIOLOGIA; ESTATUTARIO;2667,06;;2667,06;231,09;2435,97;
GILMARA ANNE DA SILVA RESENDE;SETOR DE AMBULATORIO;MEDICO ESPECIALISTA;; ESTATUTARIO;11938,92;;11938,92;2836,49;9102,43;
GILMARA BRAGA BENTES;SETOR DE NUTRICAO E DIETETICA;NUTRICIONISTA-NUT-P.S.N.S.-A;; ESTATUTARIO;8167,00;;8167,00;1697,65;6469,35;
GILSON JOSE CORREA;SETOR ABDOMINO-TORAXICO;MEDICO MESTRE;; ESTATUTARIO;8680,91;;8680,91;2168,57;6512,34;
GISELY DE SOUSA IMBIRIBA;SERVICO DE ENFERMAGEM;TEC. DE ENFERMAGEM-TEN-P.S.N.M.-A;TEC. DE ENFERMAGEM; ESTATUTARIO;2600,82;;2600,82;231,09;2369,73;
GIUSEPPE FIGLIUOLO;SETOR DE AMBULATORIO;MEDICO ESPECIALISTA;GERENTE AD 2; ESTATUTARIO;8673,78;;8673,78;1996,52;6677,26;
GLAUCIANE DO SOCORRO MOREIRA NEVES;SETOR DE ENFERMARIA;ENFERMEIRO-ENF-P.S.N.S.-A;ENFERMEIRA; ESTATUTARIO;6777,63;;6777,63;1357,63;5420,00;
GLEICY VIVIANE BRASIL MENDES;SETOR DE ENFERMARIA;AUXILIAR DE ENFERMAGEM A;AUX. DE ENFERMAGEM A; ESTATUTARIO;2387,34;;2387,34;184,40;2202,94;
GRACA MARIA GONDIM DE ALBUQUERQUE;CONSELHO DIRETOR;ENFERMEIRO-ENF-P.S.N.S.-B;; ESTATUTARIO;10689,69;;10689,69;2426,44;8263,25;
GREICY MONTEIRO MARQUES;SETOR DE PATOLOGIA CLINICA;FARMAC.BIOQ. -FAB-P.S.N.S.-A;FARMACEUTICOB.QUIMI; ESTATUTARIO;6777,63;;6777,63;1357,63;5420,00;
GUIOMAR PEREIRA DE OLIVEIRA;SECAO DE SERVICOS GERAIS;AUX.DE SERV.GER.-ASG-T.S.N.A.-B;; ESTATUTARIO;2280,85;;2280,85;195,89;2084,96;
HADISON PEREIRA DE SOUZA;SETOR DE LIQ.DE CONTAS HOSPIT.;ASSIST.ADMIN.-ASA-T.S.N.M.-A;; ESTATUTARIO;2232,96;;2232,96;190,63;2042,33;
HELBER FREITAS ALAGIA;CONSELHO DIRETOR;MEDICO ESPECIALISTA A;MEDICO ESPECIALISTA; ESTATUTARIO;7084,68;;7084,68;1560,18;5524,50;
HENRI HORSTMANN;SETOR DE AMBULATORIO;MEDICO ESPECIALISTA;MED ESPECIALISTA; ESTATUTARIO;8038,59;;8038,59;1771,18;6267,41;
HIGINO FELIPE FIGUEIREDO;SETOR DE AMBULATORIO;MEDICO ESPECIALISTA;; ESTATUTARIO;7938,92;;7938,92;1736,49;6202,43;
HILDA FERREIRA DE MELO;SETOR DE PATOLOGIA CLINICA;TEC.DE PAT.CLINICA-TPC-P.S.N.M.-A;; ESTATUTARIO;2595,31;;2595,31;225,28;2370,03;
HILDEBERTO FERREIRA ASSUNCAO FILHO;SERVICO COMPLEM.DE DIAGNOSTICO;TEC.DE PAT.CLINICA-TPC-P.S.N.M.-A;; ESTATUTARIO;2600,82;;2600,82;223,39;2377,43;
HILKA FLAVIA BARRA DO E S A PEREIRA;NUCLEO MEDICO-ASSISTENCIAL;MEDICO ESPECIALISTA;GERENTE; ESTATUTARIO;12346,72;;12346,72;2978,41;9368,31;
ICARO AUGUSTO PAIVA FALCAO;DIVISAO DE ADMINISTRACAO;ASSIST.ADMIN.-ASA-T.S.N.M.-A;; ESTATUTARIO;2381,41;;2381,41;203,29;2178,12;
IDA PAULA DA SILVA MOURA;SETOR DE ENFERMARIA;FARMACEUTICO-FAR-P.S.N.S.-A;FARMACEUTICO; ESTATUTARIO;6948,66;;6948,66;1411,26;5537,40;
INALDO CALIXTO DA SILVA;SETOR DE ENFERMARIA;FARMACEUTICO BIOQUIMICO B;; ESTATUTARIO;6313,37;;6313,37;1187,90;5125,47;
IRANEIDE FERREIRA MAFRA;SETOR DE ENFERMARIA;ENFERMEIRO-ENF-P.S.N.S.-A;; ESTATUTARIO;6250,25;;6250,25;1170,54;5079,71;
ISAIR DA SILVA LOPES;SERVICO DE RADIOTERAPIA;TECNICO DE RADIOTERAPIA A;; ESTATUTARIO;2600,82;;2600,82;231,09;2369,73;
ISAIR DA SILVA LOPES;SETOR DE RADIOTERAPIA;TEC.DE RADIOTERAPIA-TER-P.S.N.M.-A;TEC EM RADIOTERAPIA; ESTATUTARIO;2048,03;;2048,03;225,28;1822,75;
IVANCY VALENTE DE QUEIROZ;SETOR DE ZELAD.VIG.TRANSPORTES;MOTORISTA-MOT-T.S.N.A.-A;; ESTATUTARIO;2402,12;;2402,12;210,65;2191,47;
IVANEIDE PANTOJA DE OLIVEIRA SILVA;SETOR DE AMBULATORIO;TEC. DE ENFERMAGEM-TEN-P.S.N.M.-D;; ESTATUTARIO;3309,08;;3309,08;373,61;2935,47;
IVANETE ANDRADE DE SOUZA SILVA;SETOR DE ENFERMARIA;ENFERMEIRO-ENF-P.S.N.S.-A;; ESTATUTARIO;6250,25;;6250,25;1170,54;5079,71;
IVANETE DE LIMA SAMPAIO;SETOR DE ENFERMARIA;FARMAC.BIOQ. -FAB-P.S.N.S.-A;; ESTATUTARIO;6575,20;;6575,20;1278,44;5296,76;
IVARLI DA SILVA LOPES;SECAO DE EXPEDIENTE;ASSISTENTE TECNICO;; ESTATUTARIO;1999,96;;1999,96;220,00;1779,96;
JACIELEM LIMA PEREIRA;SETOR DE SERVICO SOCIAL;ASSIST.SOC.ASS-P.S.N.S.-CL.A;; ESTATUTARIO;6250,25;;6250,25;1068,55;5181,70;
JACILEIA HELENA DE SOUZA ANDRADE;SERVICO DE ENFERMAGEM;TEC. DE ENFERMAGEM-TEN-P.S.N.M.-A;TEC DE ENFERMAGEM; ESTATUTARIO;2600,82;;2600,82;231,09;2369,73;
JACKSON ANTONIO SILVA PEREIRA;SECAO DE SERVICOS GERAIS;AUX.DE SERV.GER.-ASG-T.S.N.A.-A;; ESTATUTARIO;2101,40;;2101,40;176,15;1925,25;
JACQUELINE BOTELHO DA SILVA;SETOR DE PATOLOGIA CLINICA;FARMAC.BIOQ. -FAB-P.S.N.S.-A;; ESTATUTARIO;6482,72;;6482,72;1253,01;5229,71;
JAILSON FREITAS DE LIMA;SETOR DE ZELAD.VIG.TRANSPORTES;MOTORISTA-MOT-T.S.N.A.-A;; ESTATUTARIO;2402,12;;2402,12;210,65;2191,47;
JANETE PINTO DO NASCIMENTO;SECAO DE SERVICOS GERAIS;AUX.DE SERV.GER.-ASG-T.S.N.A.-A;; ESTATUTARIO;2101,40;;2101,40;176,15;1925,25;
JANILDE DOS SANTOS SILVA;SETOR DE ENFERMARIA;TEC. DE ENFERMAGEM-TEN-P.S.N.M.-A;; ESTATUTARIO;2548,03;;2548,03;225,28;2322,75;
JANILSON CAMPOS VIEIRA;SETOR DE AMBULATORIO;RECEPCIONISTA-REC-T.S.N.A.-E;; ESTATUTARIO;2653,05;;2653,05;177,63;2475,42;
JANIO DE SOUSA PEREIRA;DIVISAO DE ADMINISTRACAO;MOTORISTA-MOT-T.S.N.A.-A;; ESTATUTARIO;2357,87;;2357,87;204,37;2153,50;
JEAN MICHEL MARTINS CARDOSO;SETOR DE ZELAD.VIG.TRANSPORTES;MOTORISTA-MOT-T.S.N.A.-A;; ESTATUTARIO;2383,79;;2383,79;204,37;2179,42;
JEANNE LEE COUTINHO MEDEIROS;SERVICO DE CIRURGIA ANCOLOGICA;MEDICO ESPECIALISTA;SUBGERENTE AD-3; ESTATUTARIO;10679,62;;10679,62;2497,46;8182,16;
JOAO KLINGER POGGI DE FIGUEIREDO;SETOR DE ZELAD.VIG.TRANSPORTES;MOTORISTA-MOT-T.S.N.A.-D;GERENTE AD 2; ESTATUTARIO;2760,44;;2760,44;246,73;2513,71;
JOCIANNE DOS SANTOS BARROS;SETOR DE NUTRICAO E DIETETICA;TEC.DE NUT.E DIET.-TND-P.S.N.M.-A;; ESTATUTARIO;2548,03;;2548,03;225,28;2322,75;
JOELMA CAVALCANTE RICARDO;SETOR DE AMBULATORIO;MEDICO ESPECIALISTA;MED ESPECIALISTA; ESTATUTARIO;7538,59;;7538,59;1771,18;5767,41;
JOHNATAN DE OLIVEIRA NEVES;DIVISAO DE ADMINISTRACAO;ASSIST.ADMIN.-ASA-T.S.N.M.-A;; ESTATUTARIO;2232,96;;2232,96;190,63;2042,33;
JOICE HORACIO PEREIRA;SETOR DE RADIOTERAPIA;TEC.DE RADIOTERAPIA-TER-P.S.N.M.-A;; ESTATUTARIO;2548,03;;2548,03;225,28;2322,75;
JONAS MINEIRO DE CASTRO;DIVISAO DE ADMINISTRACAO;ASSIST.ADMIN.-ASA-T.S.N.M.-A;; ESTATUTARIO;2232,96;;2232,96;190,63;2042,33;
JONES COSTA FONSECA;SETOR DE FARMACIA;FARMACEUTICO-FAR-P.S.N.S.-A;; ESTATUTARIO;12500,50;;12500,50;3210,45;9290,05;
JORDANA RAFAELE NOGUEIRA DA SILVA;SETOR DE SERVICO SOCIAL;ASSIST.SOC.ASS-P.S.N.S.-CL.A;; ESTATUTARIO;6250,25;;6250,25;1170,54;5079,71;
JORGE AFONSO DA SILVA PINHEIRO;SECAO DE PESSOAL;ASSIST.ADMIN.-ASA-T.S.N.M.-A;; ESTATUTARIO;2232,96;;2232,96;190,63;2042,33;
JORGE AUGUSTO ANDRADE DE G BEZERRA;SETOR DE HEMATOL.E HEMOTERAPIA;MEDICO ESPECIALISTA;; ESTATUTARIO;7584,68;;7584,68;1639,08;5945,60;
JORGE DE ALMEIDA CECILIO;SECAO DE SERVICOS GERAIS;AUX.DE SERV.GER.-ASG-T.S.N.A.-A;; ESTATUTARIO;2101,40;;2101,40;176,15;1925,25;
JORGE DE SOUZA DA SILVA;SETOR DE PATOLOGIA CLINICA;FARMAC.BIOQ. -FAB-P.S.N.S.-A;; ESTATUTARIO;6250,25;;6250,25;969,48;5280,77;
JOSE ALEXANDRE PIRES DE ALMEIDA;SETOR DE PSIC.REABIL.E FISIOT.;FISIOTERAPEUTA-FIS-P.S.N.S.-A;; ESTATUTARIO;6250,25;;6250,25;1068,55;5181,70;
JOSE ARTEMIS DE SOUZA LIMA;SETOR DE ENFERMARIA;TEC. DE ENFERMAGEM-TEN-P.S.N.M.-A;TEC. DE ENFERMAGEM; ESTATUTARIO;2674,42;;2674,42;231,09;2443,33;
JOSE CARLOS DA SILVA;SETOR DE ENFERMARIA;AUXILIAR DE ENFERMAGEM A;; ESTATUTARIO;2387,34;;2387,34;191,32;2196,02;
JOSE CASTRO PONTES;SETOR DE IMAGENOLOGIA;TEC.DE RAD.MEDICA-TRM-P.S.N.M.-B;; ESTATUTARIO;3555,92;;3555,92;240,70;3315,22;
JOSE MARQUES PINA JUNIOR;SETOR DE HEMATOL.E HEMOTERAPIA;MEDICO ESPECIALISTA;; ESTATUTARIO;7923,24;;7923,24;1758,14;6165,10;
JOSE MUNIZ DA SILVA;SECAO DE EXPEDIENTE;AGENTE ADM.-AGA-T.S.N.A.-G;; ESTATUTARIO;2366,85;;2366,85;205,35;2161,50;
JOSE NOGUEIRA BRAGA;SECAO DE SERVICOS GERAIS;AUX.DE SERV.GER.-ASG-T.S.N.A.-A;; ESTATUTARIO;2101,40;;2101,40;176,15;1925,25;
JOSEFA SUELY CUNHA DE SOUZA;SETOR DE FARMACIA;FARMACEUTICO-FAR-P.S.N.S.-A;FARMACEUTICO; ESTATUTARIO;6364,08;;6364,08;1210,92;5153,16;
JOSIANE DA SILVA NEVES;ASSESSORIA;TECNICO-TEC-T.S.N.S.-A;ASSESSOR III; ESTATUTARIO;8215,67;;8215,67;1622,61;6593,06;
JOSIANE DIAS DUARTE;SETOR DE FARMACIA;AUX.DE FARMACIA-AFA-P.S.N.A.-A;; ESTATUTARIO;2239,25;;2239,25;191,32;2047,93;
JOSIEL DE AQUINO MARTINS;DIVISAO DE ADMINISTRACAO;CHEFE DE DEPARTAMENTO;; CARGO COMISSION.S/VINCULO;5600,30;;5600,30;955,49;4644,81;
JOSINEIDE MARIA ABREU MARINATO;SETOR DE CENTRO MEDICO;ENFERMEIRO-ENF-P.S.N.S.-A;ENFERMEIRA; ESTATUTARIO;7458,17;;7458,17;1398,11;6060,06;
JOSSIMAR FARIAS FERREIRA;SETOR DE RADIOTERAPIA;ASSIST.ADMIN.-ASA-T.S.N.M.-A;; ESTATUTARIO;2232,96;;2232,96;190,63;2042,33;
JOVANIO MELO SARMENTO;SETOR DE PATOLOGIA CLINICA;AUX.DE PATOL.CLIN.-APC-P.S.N.A.-C;; ESTATUTARIO;2466,39;;2466,39;216,30;2250,09;
JUCENILDA VIEIRA FERNANDES;SETOR DE PATOLOGIA CLINICA;FARMAC.BIOQ. -FAB-P.S.N.S.-A;; ESTATUTARIO;8167,00;;8167,00;1697,65;6469,35;
JULCILENE FREIRE RODRIGUES;DIVISAO DE ADMINISTRACAO;TELEFONISTA-TEL-T.S.N.A.-E;; ESTATUTARIO;2114,79;;2114,79;177,63;1937,16;
JULIA MONICA MARCELINO BENEVIDES;SERVICO DE ENFERMAGEM;ENFERMEIRO-ENF-P.S.N.S.-B;CHEFE DE DEPART.; ESTATUTARIO;7201,56;;7201,56;1508,02;5693,54;
JULIA MONICA MARCELINO BENEVIDES;SETOR DE ENFERMARIA;ENFERMEIRO-ENF-P.S.N.S.-A;; ESTATUTARIO;5660,22;;5660,22;1145,78;4514,44;
JULIANE CRISTINE LOPES DOS SANTOS;SETOR DE LIQ.DE CONTAS HOSPIT.;ASSIST.ADMIN.-ASA-T.S.N.M.-A;; ESTATUTARIO;2232,96;;2232,96;190,63;2042,33;
JULIO CESAR LOPES GARCIA;SECAO DE EXPEDIENTE;AGENTE ADM.-AGA-T.S.N.A.-H;; ESTATUTARIO;2765,13;;2765,13;234,72;2530,41;
JUSSARA PEREIRA LEAL GUIMARAES;SETOR DE ENFERMARIA;TEC. DE ENFERMAGEM-TEN-P.S.N.M.-A;TEC DE ENFERMAGEN; ESTATUTARIO;2801,09;;2801,09;281,04;2520,05;
JUSSARA PEREIRA LEAL GUIMARAES;SETOR DE ENFERMARIA;AUXILIAR DE ENFERMAGEM;; ESTATUTARIO;2516,45;;2516,45;191,32;2325,13;
JUSSARA PRAXEDES REBOUCAS;SETOR DE PATOLOGIA CLINICA;FARMAC.BIOQ. -FAB-P.S.N.S.-A;; ESTATUTARIO;7162,77;;7162,77;1476,53;5686,24;
KAMILA CABRAL SENA;SETOR DE AMBULATORIO;GERENTE;NAO INFORMADO; CARGO COMISSION.S/VINCULO;4593,27;;4593,27;626,38;3966,89;
KAMILA KEROENY FERNANDES PEREIRA;SETOR DE ENFERMARIA;TEC. DE ENFERMAGEM-TEN-P.S.N.M.-A;; ESTATUTARIO;2548,03;;2548,03;225,28;2322,75;
KAREN SILVIA MELO DE SOUZA;ASSESSORIA;ASSESSOR II;; CARGO COMISSION.S/VINCULO;4593,27;;4593,27;626,38;3966,89;
KARINA RIBEIRO LOPES;SETOR DE PATOLOGIA CLINICA;TEC.DE PAT.CLINICA-TPC-P.S.N.M.-A;; ESTATUTARIO;2548,03;;2548,03;225,28;2322,75;
KATIA LUZ TORRES SILVA;DIRETORIA TECNICA;FARMACEUTICO BIOQUIMICO A;DIRETOR ENS.PESQUISA; ESTATUTARIO;14101,57;;14101,57;3487,20;10614,37;
KATIA SOCORRO SILVA CORREA;SETOR GENITO PELVICO UROLOGICO;MEDICO ESPECIALISTA;; ESTATUTARIO;8294,40;;8294,40;1860,21;6434,19;
KATIA UCHOA DO NASCIMENTO;SECAO DE PESSOAL;AGENTE ADM.-AGA-T.S.N.A.-G;; ESTATUTARIO;2424,30;;2424,30;211,67;2212,63;
KATIANY REGINA RABELO NAZARETH;SETOR DE NUTRICAO E DIETETICA;AGENTE ADM.-AGA-T.S.N.A.-G;; ESTATUTARIO;2366,85;;2366,85;205,35;2161,50;
KAZUKO BELEM NOGUCHI;SETOR DE NUTRICAO E DIETETICA;COPEIRO-COP-T.S.N.A.-A;COPEIRO; ESTATUTARIO;1645,67;;1645,67;;1645,67;
KEILA CATARINA MOTA DE SOUSA;SECAO DE SERVICOS GERAIS;AUX.DE SERV.GER.-ASG-T.S.N.A.-A;; ESTATUTARIO;2101,40;;2101,40;167,35;1934,05;
KEILA SOUZA DA SILVA;SETOR DE ENFERMARIA;TEC. DE ENFERMAGEM-TEN-P.S.N.M.-A;; ESTATUTARIO;2602,91;;2602,91;217,78;2385,13;
KEYTE FABIOLA DE LIMA F BENTES;SETOR DE SERVICO SOCIAL;ASSIST.SOC.ASS-P.S.N.S.-CL.A;; ESTATUTARIO;6250,25;;6250,25;1170,54;5079,71;
KLEBER SANDRO BRASIL DOS SANTOS;SETOR DE HEMATOL.E HEMOTERAPIA;FARMACEUTICO BIOQUIMICO A;GERENTE AD 2; ESTATUTARIO;9976,43;;9976,43;2173,41;7803,02;
KLEYBE JEFFERSON GARCIA OLIVEIRA;SETOR DE RADIOTERAPIA;ASSIST.ADMIN.-ASA-T.S.N.M.-A;; ESTATUTARIO;2232,96;;2232,96;190,63;2042,33;
KLYWTER BRUNO FREIRE TEIXEIRA;SETOR DE FARMACIA;AUX.DE FARMACIA-AFA-P.S.N.A.-A;; ESTATUTARIO;2268,77;;2268,77;191,32;2077,45;
LAÍS DA MOTTA POMPEU;ASSESSORIA;ASSESSOR I;NAO INFORMADO; CARGO COMISSION.S/VINCULO;5600,30;;5600,30;955,49;4644,81;
LAILA PATRICIA FIDELIS DUTRA;SETOR DE IMAGENOLOGIA;MEDICO ESPECIALISTA;MEDICA ESPECIALISTA; ESTATUTARIO;7538,59;;7538,59;1771,18;5767,41;
LANO ERMENSON MIRANDA MACEDO;SERVICO DE ENFERMAGEM;MEDICO ESPECIALISTA;; ESTATUTARIO;7584,68;;7584,68;1560,18;6024,50;
LARISSA GABRIELA LINS NEVES;SERVICOS TECNICOS;PSICOLOGO-PSI-P.S.N.S.-A;; ESTATUTARIO;6250,25;;6250,25;1170,54;5079,71;
LAURA RITA CAVALCANTE DA SILVEIRA;SECAO DE EXPEDIENTE;CHEFE DE GABINETE;; CARGO COMISSION.S/VINCULO;5600,30;;5600,30;955,49;4644,81;
LEA CHAVES AMORIM;SETOR DE FARMACIA;FARMACEUTICO-FAR-P.S.N.S.-A;; ESTATUTARIO;5750,25;;5750,25;1170,54;4579,71;
LEANDRO BALDINO;SETOR DE RADIOTERAPIA;MEDICO ESPECIALISTA;GERENTE; ESTATUTARIO;12038,59;;12038,59;2871,18;9167,41;
LEDIANNE DA SILVA OLIVEIRA;DIVISAO DE ADMINISTRACAO;TELEFONISTA-TEL-T.S.N.A.-E;; ESTATUTARIO;2114,79;;2114,79;177,63;1937,16;
LEIDIANE MENDES BRITO CACCIOLA;NUCLEO DE ESTUDOS E PESQUISAS;PESQUISADOR INIC.-PEI-P.S.N.S.-A;; ESTATUTARIO;7298,82;;7298,82;1484,48;5814,34;
LEINA TUPINAMBA DE QUEIROZ;SETOR DE REGISTRO E CONTROLE;AGENTE ADM.-AGA-T.S.N.A.-F;GERENTE; ESTATUTARIO;6296,05;;6296,05;867,79;5428,26;
LEIVA REGINA DA ENCARNACAO DA SILVA;SERVICO DE ENFERMAGEM;TEC. DE ENFERMAGEM-TEN-P.S.N.M.-A;TEC. ENFERMAGEM; ESTATUTARIO;2667,06;;2667,06;231,09;2435,97;
LENIMAR ALVES DE OLIVEIRA;SERV.CLIN.MED.ONC.E APOIO TER.;AUX.DE SERV.GER.-ASG-T.S.N.A.-C;; ESTATUTARIO;2599,41;;2599,41;195,47;2403,94;
LEONARDO LEAL DO NASCIMENTO;SETOR DE ZELAD.VIG.TRANSPORTES;MOTORISTA-MOT-T.S.N.A.-A;MOTORISTA; ESTATUTARIO;2402,12;;2402,12;210,65;2191,47;
LEONIDAS ALVES DA SILVA;SETOR DE CABECA E PESCOCO;MEDICO ESPECIALISTA;; ESTATUTARIO;14765,16;;14765,16;4331,27;10433,89;
LIA MIZOBE ONO;CONSELHO DIRETOR;CIRURGIAO DENTISTA A;; ESTATUTARIO;6565,34;;6565,34;1205,06;5360,28;
LILIAN DE PAULA DUARTE PAES;SERVICO DE RADIOTERAPIA;ASSISTENTE TECNICO A;ASSIST TEC; ESTATUTARIO;2280,62;;2280,62;195,87;2084,75;
LILIAN GRACE COELHO DE ARAUJO;SETOR DE REGISTRO E CONTROLE;AGENTE ADM.-AGA-T.S.N.A.-F;; ESTATUTARIO;2296,05;;2296,05;197,57;2098,48;
LILIAN MARIA DE ALBUQUERQUE CHAVES;SETOR DE HEMATOL.E HEMOTERAPIA;TEC. DE HEMOTERAP.-THE-P.S.N.M.-C;; ESTATUTARIO;2379,27;;2379,27;277,74;2101,53;
LISSETT CARIDAD GONZALEZ PEREZ;NUCLEO MEDICO-ASSISTENCIAL;GERENTE;NAO INFORMADO; CARGO COMISSION.S/VINCULO;8880,31;;8880,31;1823,88;7056,43;
LORENA BARROS DA SILVEIRA;SETOR DE ENFERMARIA;ENFERMEIRO-ENF-P.S.N.S.-A;; ESTATUTARIO;5750,25;;5750,25;1170,54;4579,71;
LUCIA DE FATIMA ALVES DO NASCIMENTO;SECAO DE PESSOAL;AGENTE ADM.-AGA-T.S.N.A.-G;GERENTE AD 2; ESTATUTARIO;1895,36;;1895,36;208,49;1686,87;
LUCIA MELO DA SILVA;SETOR DE ENFERMARIA;TEC. DE ENFERMAGEM-TEN-P.S.N.M.-A;TECNICO ENFERMAGEM; ESTATUTARIO;2678,10;;2678,10;223,39;2454,71;
LUCIANO AFONSO TEIXEIRA BRANDAO;SECAO DE PESSOAL;MEDICO ESPECIALISTA;; ESTATUTARIO;8294,40;;8294,40;1860,21;6434,19;
LUCIANO OLIVEIRA DE MELO;DIVISAO DE ADMINISTRACAO;ASSIST.ADMIN.-ASA-T.S.N.M.-A;; ESTATUTARIO;2232,96;;2232,96;190,63;2042,33;
LUCICLEIA FREITAS MADY;SERVICO DE ENFERMAGEM;TECNICO DE PATOLOGIA CLINICA A;; ESTATUTARIO;2590,27;;2590,27;225,28;2364,99;
LUCINETE VIANA DA SILVA;SETOR DE ENFERMARIA;AUXILIAR DE ENFERMAGEM A;; ESTATUTARIO;2387,34;;2387,34;191,32;2196,02;
LUCIVALDO MORAIS DOS REIS;SETOR DE RADIOTERAPIA;TEC.DE RADIOTERAPIA-TER-P.S.N.M.-A;TEC. EM RADIOTERAPIA; ESTATUTARIO;2600,82;;2600,82;231,09;2369,73;
LUIGI GUIDOBONO NUNES;SETOR DE NUTRICAO E DIETETICA;COPEIRO-COP-T.S.N.A.-A;; ESTATUTARIO;2145,67;;2145,67;181,02;1964,65;
LUIS ARTURO ULLOA PEREZ;SETOR DE PATOLOGIA CLINICA;FARMAC.BIOQ. -FAB-P.S.N.S.-D;; ESTATUTARIO;6664,35;;6664,35;1494,82;5169,53;
LUIS FELIPE MENEZES DA COSTA;SECAO DE ORCAMENTO E FINANCAS;SUBGERENTE;; CARGO COMISSION.S/VINCULO;3586,94;;3586,94;358,88;3228,06;
LUIS MANSUETO PEREIRA FILHO;DIVISAO DE ADMINISTRACAO;COMUNICADOR SOC.-COS-T.S.N.S.-A;; ESTATUTARIO;4832,39;;4832,39;707,99;4124,40;
LUISA DOS SANTOS TORRES;SECAO DE MATERIAL E PATRIMONIO;ASSIST.ADMIN.-ASA-T.S.N.M.-A;; ESTATUTARIO;2232,96;;2232,96;190,63;2042,33;
LUIZ CARLOS DOS SANTOS JUNIOR;SETOR ABDOMINO-TORAXICO;MEDICO ESPECIALISTA;GERENTE; ESTATUTARIO;8532,93;;8532,93;1943,75;6589,18;
LUIZ COSME VINHOTE ARAUJO;SETOR DE TELEFONIA - D.A.F.;AGENTE ADM.-AGA-T.S.N.A.-E;GERENTE; ESTATUTARIO;6114,79;;6114,79;803,49;5311,30;
LUIZ SERGIO MACHADO DOS SANTOS;SETOR DE CABECA E PESCOCO;CIR.DENT.-CCRD-P.S.N.S.-B;; ESTATUTARIO;6860,40;;6860,40;1386,99;5473,41;
LYRES MARGARETH SOARES BENTES;SERVICO DE ENFERMAGEM;ENFERMEIRO-ENF-P.S.N.S-D;; ESTATUTARIO;9643,05;;9643,05;2359,25;7283,80;
MAELEN SENA MARQUES;SECAO DE SERVICOS GERAIS;AUX.DE SERV.GER.-ASG-T.S.N.A.-A;; ESTATUTARIO;2101,40;;2101,40;176,15;1925,25;
MAIKO RAMOS MAIA;SETOR DE PATOLOGIA CLINICA;MEDICO ESPECIALISTA;; ESTATUTARIO;11938,92;;11938,92;2836,49;9102,43;
MANOEL JESUS PINHEIRO COELHO;SETOR ABDOMINO-TORAXICO;MEDICO ESPECIALISTA;; ESTATUTARIO;15034,60;;15034,60;4127,84;10906,76;
MANOEL JESUS PINHEIRO COELHO JUNIOR;SERVICO DE CIRURGIA ANCOLOGICA;MEDICO ESPECIALISTA;; ESTATUTARIO;7438,92;;7438,92;1509,16;5929,76;
MARA TATIANE SILVA DOS S MARIALVA;SETOR DE ENFERMARIA;TEC. DE ENFERMAGEM-TEN-P.S.N.M.-A;; ESTATUTARIO;2548,03;;2548,03;225,28;2322,75;
MARCELA DE MATOS QUEIROZ;SETOR DE ENFERMARIA;TEC. DE ENFERMAGEM-TEN-P.S.N.M.-A;TEC ENFERMAGEM; ESTATUTARIO;2600,82;;2600,82;231,09;2369,73;
MARCELO JOSE FERREIRA DE SOUZA;SETOR DE ZELAD.VIG.TRANSPORTES;MOTORISTA-MOT-T.S.N.A.-B;; ESTATUTARIO;2572,15;;2572,15;229,54;2342,61;
MARCELO TAPAJOS ARAUJO;DIRETORIA TECNICA;MEDICO DOUTOR;; ESTATUTARIO;10240,83;;10240,83;2478,48;7762,35;
MARCIA ANDRADE DE SOUZA;SETOR DE ENFERMARIA;AUXILIAR DE ENFERMAGEM A;; ESTATUTARIO;2433,26;;2433,26;184,40;2248,86;
MARCIA DOS SANTOS LIRA DA SILVA;SETOR DE ENFERMARIA;AUXILIAR DE ENFERMAGEM A;; ESTATUTARIO;2387,34;;2387,34;191,32;2196,02;
MARCIA MARIA DE OLIVEIRA PASTOR;SETOR DE AMBULATORIO;FONOAUDIOLOGO-FON-P.S.N.S.-A;; ESTATUTARIO;5750,25;;5750,25;1170,54;4579,71;
MARCILENE RODRIGUES DOS SANTOS;SERVICO DE ENFERMAGEM;TEC. DE ENFERMAGEM-TEN-P.S.N.M.-A;TEC DE ENFERMAGEM; ESTATUTARIO;2600,82;;2600,82;231,09;2369,73;
MARCIO NEVES STEFANI;CONSELHO DIRETOR;PROF.ESPECIAL AUX.A 40HS-PE.111.20;CH.DE DEPARTAMENTO; ESTATUTARIO;10093,80;;10093,80;2508,13;7585,67;
MARCO ANTONIO CRUZ ROCHA;SERVICO DE CIRURGIA ANCOLOGICA;MEDICO ESPECIALISTA;DIRETOR TECNICO; ESTATUTARIO;16138,59;;16138,59;3998,68;12139,91;
MARCO ANTONIO RICCI CORREA JUNIOR;SERVICO DE CIRURGIA ANCOLOGICA;MEDICO ESPECIALISTA;DIRETOR PRESIDENTE; ESTATUTARIO;8038,59;;8038,59;1771,18;6267,41;
MARCOS AURELIO FERREIRA DA SILVA;SETOR DE ENFERMARIA;FARMAC.BIOQ. -FAB-P.S.N.S.-A;FARMACEUTICO; ESTATUTARIO;5982,72;;5982,72;1253,01;4729,71;
MARCOS DE JESUS VILELA;DIVISAO DE ADMINISTRACAO;PROFESSOR PF20.LPL-IV;SUBGERENTE; ESTATUTARIO;2158,75;;2158,75;182,46;1976,29;
MARCOS GOMES BEZERRA JUNIOR;SETOR DE ZELAD.VIG.TRANSPORTES;MOTORISTA-MOT-T.S.N.A.-A;; ESTATUTARIO;2390,27;;2390,27;204,37;2185,90;
MARESSA GASPAROTO LENGLUBE LISBOA;SETOR DE ENFERMARIA;ENFERMEIRO-ENF-P.S.N.S.-A;; ESTATUTARIO;6250,25;;6250,25;1170,54;5079,71;
MARIA ANGELA COSTA LIMA GIOIA;DIVISAO DE ADMINISTRACAO;ADMINISTRADOR ADM.T.S.N.S.-A;GERENTE AD 2; ESTATUTARIO;9226,25;;9226,25;1907,28;7318,97;
MARIA AUREA PEREIRA DOS SANTOS;SETOR DE NUTRICAO E DIETETICA;COZINHEIRO-COZ-T.S.N.A.-D;; ESTATUTARIO;2515,27;;2515,27;221,68;2293,59;
MARIA AUXILIADORA BRAGA DE OLIVEIRA;SETOR DE ENFERMARIA;ENFERMEIRO-ENF-P.S.N.S.-B;; ESTATUTARIO;7201,56;;7201,56;1508,02;5693,54;
MARIA AUXILIADORA DA SILVA SILVA;CONS.TECNICO-ADMINISTRATIVO;CONTADOR-CON-T.S.N.S.-A;; ESTATUTARIO;4932,04;;4932,04;738,91;4193,13;
MARIA AUXILIADORA DE MELO;SETOR DE PATOLOGIA CLINICA;ASSISTENTE TECNICO ADMINISTRATIVO B;; ESTATUTARIO;2257,75;;2257,75;248,35;2009,40;
MARIA AUXILIADORA FERNANDES SILVA;SETOR DE ENFERMARIA;AUX.DE ENFERM.-AEF-P.S.N.A.-B;; ESTATUTARIO;1936,30;;1936,30;212,99;1723,31;
MARIA AUXILIADORA TRINDADE REBELO;SETOR DE AMBULATORIO;MEDICO ESPECIALISTA;; ESTATUTARIO;7438,92;;7438,92;1736,49;5702,43;
MARIA AUXILIADORA TRINDADE REBELO;SERV.CLIN.MED.ONC.E APOIO TER.;MEDICO ESPECIALISTA;; ESTATUTARIO;8190,92;;8190,92;1824,20;6366,72;
MARIA CELIA CASTRO DA COSTA;SERVICO DE RADIOTERAPIA;TECNICO DE RADIOTERAPIA A;; ESTATUTARIO;2548,03;;2548,03;225,28;2322,75;
MARIA CELIA LOPES DE SOUZA;SECAO DE ORCAMENTO E FINANCAS;ASSISTENTE TECNICO A;CHEFE DE DEPART; ESTATUTARIO;2020,28;;2020,28;222,23;1798,05;
MARIA CELIA VIANA CIDRONIO;SERVICOS TECNICOS;ASSIST.SOC.ASS-P.S.N.S.-CL.D;GERENTE AD 2; ESTATUTARIO;12168,90;;12168,90;2890,57;9278,33;
MARIA CINTIA DA COSTA B C E SOUZA;SETOR DE FARMACIA;AUX.DE FARMACIA-AFA-P.S.N.A.-A;; ESTATUTARIO;1739,25;;1739,25;;1739,25;
MARIA CLAUDIA DA SILVA ANDRADE;SERVICO DE ENFERMAGEM;TEC. DE ENFERMAGEM-TEN-P.S.N.M.-A;TEC.DE ENFERMAGEM; ESTATUTARIO;2600,82;;2600,82;223,39;2377,43;
MARIA DAS GRACAS BASTOS DE LIMA;SETOR DE CITOPATOLOGIA;TEC.DE HISTOLOGIA-THI-P.S.N.M.-A;TEC.HISTOLOGIA; ESTATUTARIO;2801,09;;2801,09;281,04;2520,05;
MARIA DAS GRACAS BORGES LOPES;SETOR DE ENFERMARIA;AUX.DE ENFERM.-AEF-P.S.N.A.-C;; ESTATUTARIO;2760,49;;2760,49;274,90;2485,59;
MARIA DAS GRACAS COSTA DE SENA;SERVICO DE ENFERMAGEM;ENFERMEIRO-ENF-P.S.N.S.-A;ENFERMERO; ESTATUTARIO;5864,08;;5864,08;1210,92;4653,16;
MARIA DAS GRACAS DO VALLE CORTEZ;NUCLEO MEDICO-ASSISTENCIAL;MEDICO ESPECIALISTA;; ESTATUTARIO;8481,42;;8481,42;2100,99;6380,43;
MARIA DAS GRACAS TEIXEIRA DE M MAIA;SETOR DE ENFERMARIA;TEC. DE ENFERMAGEM-TEN-P.S.N.M.-D;; ESTATUTARIO;3254,81;;3254,81;316,34;2938,47;
MARIA DE DEUS MOURAO XAVIER;SETOR DE ENFERMARIA;AUXILIAR DE ENFERMAGEM A;AUX. DE ENFERMAGEM A; ESTATUTARIO;2387,34;;2387,34;191,32;2196,02;
MARIA DE FATIMA ALVES NOGUEIRA;SETOR DE ENFERMARIA;TEC. DE ENFERMAGEM-TEN-P.S.N.M.-B;; ESTATUTARIO;3018,24;;3018,24;313,89;2704,35;
MARIA DE FATIMA BERNARDO DA COSTA;SETOR DE AMBULATORIO;AUX.DE ENFERM.-AEF-P.S.N.A.-D;; ESTATUTARIO;2130,71;;2130,71;234,38;1896,33;
MARIA DE FATIMA EDWARDS AMAZONAS;SETOR DE ENFERMARIA;AUX.OPER.DE SAUDE-AOS-P.S.N.A.-A;AUX. OP. DE SAUDE A; ESTATUTARIO;2319,00;;2319,00;208,10;2110,90;
MARIA DE LOURDES DOS SANTOS;SECAO DE SERVICOS GERAIS;AUX.DE SERV.GER.-ASG-T.S.N.A.-D;; ESTATUTARIO;2418,25;;2418,25;211,01;2207,24;
MARIA DE NAZARE CORREA DE AZEVEDO;SETOR DE ENFERMARIA;ENFERMEIRO A;; ESTATUTARIO;6250,25;;6250,25;1170,54;5079,71;
MARIA DIVINA GONCALVES DE ALMEIDA;SETOR DE CITOPATOLOGIA;TEC.DE HISTOLOGIA-THI-P.S.N.M.-A;TEC. HISTOLOGIA; ESTATUTARIO;2600,82;;2600,82;231,09;2369,73;
MARIA DO PERPETUO SOCORRO G AMARAL;SETOR DE ENFERMARIA;AUXILIAR DE ENFERMAGEM A;; ESTATUTARIO;1887,34;;1887,34;191,32;1696,02;
MARIA DO SOCORRO ANDRADE RIBEIRO;SETOR DE ENFERMARIA;TEC. DE ENFERMAGEM-TEN-P.S.N.M.-A;TEC ENFERMAGEM; ESTATUTARIO;2700,18;;2700,18;231,09;2469,09;
MARIA DO SOCORRO BARROZO BATALHA;SETOR DE ENFERMARIA;TEC.DE RADIOTERAPIA-TER-P.S.N.M.-A;TEC. RADIOTERAPIA; ESTATUTARIO;3230,71;;3230,71;270,39;2960,32;
MARIA DO SOCORRO BARROZO BATALHA;SETOR DE RADIOTERAPIA;TECNICO EM RADIOTERAPIA;TEC. EM RADIOTERAPIA; ESTATUTARIO;2100,82;;2100,82;231,09;1869,73;
MARIA DO SOCORRO DAS CHAGAS;SERVICO DE ENFERMAGEM;ENFERMEIRO-ENF-P.S.N.S.-A;ENFERMERO; ESTATUTARIO;8318,77;;8318,77;1748,46;6570,31;
MARIA DO SOCORRO DE O L MACEDO;SETOR DE ENFERMARIA;ENFERMEIRO-ENF-P.S.N.S.-B;; ESTATUTARIO;6701,56;;6701,56;1508,02;5193,54;
MARIA DO SOCORRO MARQUES CARVALHO;SERV.CLIN.MED.ONC.E APOIO TER.;TEC.DE HEMOTERAP.-THE-P.S.N.M.-A;TEC HEMATERAPIA; ESTATUTARIO;2655,98;;2655,98;237,16;2418,82;
MARIA DO SOCORRO SANTOS DE ARAUJO;SETOR DE HEMATOL.E HEMOTERAPIA;TEC.DE HEMOTERAP.-THE-P.S.N.M.-A;; ESTATUTARIO;2655,98;;2655,98;237,16;2418,82;
MARIA EMILIA DIAS DE ALMEIDA;SERVICO DE ENFERMAGEM;ENFERMEIRO-ENF-P.S.N.S.-C;; ESTATUTARIO;6940,97;;6940,97;1592,95;5348,02;
MARIA GRACIETE RIBEIRO CARNEIRO;SETOR DE HEMATOL.E HEMOTERAPIA;PSICOLOGO-PSI-P.S.N.S.-B;GERENTE AD 2; ESTATUTARIO;11938,73;;11938,73;2758,60;9180,13;
MARIA GRASIELA CORREIA LEITE;NUCLEO MEDICO-ASSISTENCIAL;MEDICO ESPECIALISTA;; ESTATUTARIO;10392,53;;10392,53;2574,70;7817,83;
MARIA GREICE FREITAS DE SOUZA;SECAO DE MATERIAL E PATRIMONIO;CHEFE DE DEPARTAMENTO;NAO INFORMADO; CARGO COMISSION.S/VINCULO;5600,30;;5600,30;955,49;4644,81;
MARIA JOSE DE OLIVEIRA DA S NUNES;SETOR DE NUTRICAO E DIETETICA;COZINHEIRO-T.S.N.A.-A;COZINHEIRA; ESTATUTARIO;2145,67;;2145,67;181,02;1964,65;
MARIA LEITE MARTINS;SETOR DE ENFERMARIA;TEC. DE ENFERMAGEM-TEN-P.S.N.M.-A;; ESTATUTARIO;2548,03;;2548,03;225,28;2322,75;
MARIA LUCILENA FERREIRA DA SILVA;SETOR DE PATOLOGIA CLINICA;TEC.DE PAT.CLINICA-TPC-P.S.N.M.-A;; ESTATUTARIO;2548,03;;2548,03;225,28;2322,75;
MARIA MARGARETH FERREIRA GOMES;SETOR DE NUTRICAO E DIETETICA;COZINHEIRO-T.S.N.A.-A;COZINHEIRA; ESTATUTARIO;1913,91;;1913,91;155,53;1758,38;
MARIA SARA PEDROZA FREIRE OLIVEIRA;SETOR DE NUTRICAO E DIETETICA;COZINHEIRO-T.S.N.A.-A;COZINHEIRA; ESTATUTARIO;2213,67;;2213,67;181,02;2032,65;
MARIA TEREZA DE OLIVEIRA B SILVA;SETOR ABDOMINO-TORAXICO;TEC.DE PAT.CLINICA-TPC-P.S.N.M.-B;; ESTATUTARIO;2263,68;;2263,68;249,00;2014,68;
MARIA VERBENE COSTA AGUIAR;SETOR DE ENFERMARIA;ENFERMEIRO-ENF-P.S.N.S.-A;; ESTATUTARIO;6292,25;;6292,25;1182,09;5110,16;
MARIA VILANIR DA SILVA;SETOR DE SERVICO SOCIAL;ASSIST.SOC.ASS-P.S.N.S.-CL.A;; ESTATUTARIO;6250,25;;6250,25;1170,54;5079,71;
MARIA WILMA TORRES DA COSTA;CHEFIA DE GABINETE;COPEIRO-COP-T.S.N.A.-A;; ESTATUTARIO;2101,40;;2101,40;176,15;1925,25;
MARIA ZILMAR DE ARAUJO TAVARES;SETOR DE PATOLOGIA CLINICA;FARMAC.BIOQ. -FAB-P.S.N.S.-D;; ESTATUTARIO;7332,28;;7332,28;1731,77;5600,51;
MARILIA BATISTA AZEVEDO;SETOR DE ENFERMARIA;TEC. DE ENFERMAGEM-TEN-P.S.N.M.-A;; ESTATUTARIO;2548,03;;2548,03;225,28;2322,75;
MARILIA MUNIZ CAVALCANTE OLIVEIRA;SERVICO DE ENFERMAGEM;ENFERMEIRO-ENF-P.S.N.S.-B;CHEFE DE DEPART.; ESTATUTARIO;11919,71;;11919,71;2783,03;9136,68;
MARINEIA SILVA DO NASCIMENTO;SETOR DE ENFERMARIA;TEC. DE ENFERMAGEM-TEN-P.S.N.M.-A;TECNICO ENFERMAGEM; ESTATUTARIO;2600,82;;2600,82;231,09;2369,73;
MARIO JOSE CASTELO BRANCO;SETOR DE FARMACIA;ASSISTENTE TECNICO A;; ESTATUTARIO;2709,60;;2709,60;234,19;2475,41;
MARIO MARCELO DE OLIVEIRA FEITOSA;SETOR DE ZELAD.VIG.TRANSPORTES;MOTORISTA-MOT-T.S.N.A.-A;; ESTATUTARIO;2436,12;;2436,12;210,65;2225,47;
MARIO SERGIO DE MORAES PINTO;SERV.CLIN.MED.ONC.E APOIO TER.;MEDICO ESPECIALISTA;; ESTATUTARIO;7938,92;;7938,92;1736,49;6202,43;
MARISE DA SILVA PEREIRA;DIVISAO DE ADMINISTRACAO;TELEFONISTA-TEL-T.S.N.A.-E;; ESTATUTARIO;2114,79;;2114,79;177,63;1937,16;
MARIZA FEITOZA DA COSTA;SETOR DE ENFERMARIA;TEC. DE ENFERMAGEM-TEN-P.S.N.M.-A;TEC ENFERMAGEM; ESTATUTARIO;2711,22;;2711,22;231,09;2480,13;
MARLICE FIGUEIREDO DA COSTA;SERVICOS TECNICOS;COPEIRO-COP-T.S.N.A.-A;; ESTATUTARIO;2101,40;;2101,40;176,15;1925,25;
MARLY MENDES FREITAS;SETOR DE RADIOTERAPIA;AUX.DE ENFERM.-AEF-P.S.N.A.-D;; ESTATUTARIO;2086,00;;2086,00;229,46;1856,54;
MARTA DE OLIVEIRA FRANCA;SECAO DE PESSOAL;AGENTE ADM.-AGA-T.S.N.A.-G;.; ESTATUTARIO;2604,31;;2604,31;251,27;2353,04;
MARTA JOYCE MATOS VIEIRA DA CUNHA;CHEFIA DE GABINETE;COPEIRO-COP-T.S.N.A.-A;; ESTATUTARIO;2101,40;;2101,40;176,15;1925,25;
MARY SA MORAIS DAMIAO;SETOR DE ZELAD.VIG.TRANSPORTES;ASSISTENTE TECNICO A;; ESTATUTARIO;2838,61;;2838,61;286,72;2551,89;
MARYZANGELA DE MIRANDA FERREIRA;SERV.CLIN.MED.ONC.E APOIO TER.;TEC.DE HEMOTERAP.-THE-P.S.N.M.-A;; ESTATUTARIO;2155,98;;2155,98;237,16;1918,82;
MAURA ANDREA NEGREIROS BIANCO;ASSESSORIA;ASSESSOR I;NAO INFORMADO; CARGO COMISSION.S/VINCULO;5600,30;;5600,30;955,49;4644,81;
MAURICIO DE NASSAU AREOSA VALE;SETOR DE IMAGENOLOGIA;MEDICO ESPECIALISTA TEMPORARIO;; ESTATUTARIO;9446,24;;9446,24;2209,61;7236,63;
MAURICIO SOARES BECHMAN;SECAO DE ORCAMENTO E FINANCAS;ASSIST.ADMIN.-ASA-T.S.N.M.-A;; ESTATUTARIO;2232,96;;2232,96;190,63;2042,33;
MAYSA DE SOUZA CRUZ;SECAO DE PESSOAL;PSICOLOGO C;; ESTATUTARIO;6250,25;;6250,25;1170,54;5079,71;
MICHELE CRISTIANE DE S ALBUQUERQUE;SETOR DE ONCOLOGIA CLINICA;ENFERMEIRO-ENF-P.S.N.S.-A;GERENTE AD 2; ESTATUTARIO;6728,11;;6728,11;1333,36;5394,75;
MIRLANE GUIMARAES DE MELO CARDOSO;SETOR DE ANESTESIOLOGIA;GERENTE;; CARGO COMISSION.S/VINCULO;4593,27;;4593,27;626,38;3966,89;
MOISES CAMPOS ASSUNCAO;SECAO DE ORCAMENTO E FINANCAS;GERENTE;; CARGO COMISSION.S/VINCULO;4593,27;;4593,27;626,38;3966,89;
MONICA DO SOCORRO ROCHA DE OLIVEIRA;SETOR DE ENFERMARIA;ENFERMEIRO-ENF-P.S.N.S.-A;; ESTATUTARIO;6250,25;;6250,25;1170,54;5079,71;
MONICA MARIA BANDEIRA DE MELO;SETOR GENITO PELVICO UROLOGICO;MEDICO ESPECIALISTA;GERENTE; ESTATUTARIO;11735,92;;11735,92;2766,05;8969,87;
MONICA MARIA COSTA SIMOES;SETOR DE ENFERMARIA;AUXILIAR DE ENFERMAGEM A;; ESTATUTARIO;2446,38;;2446,38;191,32;2255,06;
MONIQUE FREIRE SANTANA;NUCLEO DE ESTUDOS E PESQUISAS;PESQUISADOR INIC.-PEI-P.S.N.S.-A;; ESTATUTARIO;9112,27;;9112,27;2014,13;7098,14;
NAJLA DE OLIVEIRA PINHEIRO;SETOR DE AMBULATORIO;MEDICO ESPECIALISTA;; ESTATUTARIO;8038,59;;8038,59;1771,18;6267,41;
NANCY GISELA ALMEIDA DE SOUZA;SERVICO DE ENFERMAGEM;TEC. DE ENFERMAGEM-TEN-P.S.N.M.-A;TEC. ENFERMAGEM; ESTATUTARIO;2600,82;;2600,82;231,09;2369,73;
NARA FARIAS DE SOUSA;SETOR DE ENFERMARIA;ENFERMEIRO-ENF-P.S.N.S.-A;; ESTATUTARIO;6250,25;;6250,25;1170,54;5079,71;
NAZARIA JOSEFA DA C CLEMENTE;SECAO DE PESSOAL;AGENTE ADM.-AGA-T.S.N.A.-E;GERENTE; ESTATUTARIO;6114,79;;6114,79;803,49;5311,30;
NEIVA OLIVEIRA CAMPOS;DIVISAO DE ADMINISTRACAO;TELEFONISTA-TEL-T.S.N.A.-E;; ESTATUTARIO;2114,79;;2114,79;177,63;1937,16;
NELLY DE FREITAS BATALHA;SETOR DE ENFERMARIA;TEC. DE ENFERMAGEM-TEN-P.S.N.M.-A;; ESTATUTARIO;2590,27;;2590,27;225,28;2364,99;
NILDA MARIA DA SILVA;DIR.ADMINISTRATIVA-FINANCEIRA;DIRETOR ADMINISTRATIVO E FINANCEIRO;NAO INFORMADO; CARGO COMISSION.S/VINCULO;9500,00;;9500,00;2122,62;7377,38;
NORTHON CESAR MARQUES MELO;SETOR DE IMAGENOLOGIA;TEC.DE RAD.MEDICA-TRM-P.S.N.M.-A;TEC EM RADIOLOGIA; ESTATUTARIO;2600,82;;2600,82;231,09;2369,73;
ORNAN AUGUSTO DA COSTA;SETOR DE ENFERMARIA;TEC. DE ENFERMAGEM-TEN-P.S.N.M.-A;; ESTATUTARIO;2048,03;;2048,03;225,28;1822,75;
PATRICIA CHAGAS LIMA;SAME;FISIOTERAPEUTA-FIS-P.S.N.S.-A;; ESTATUTARIO;6552,76;;6552,76;1272,53;5280,23;
PATRICIA FRANCINETTE OLIVEIRA COSTA;DIVISAO DE ADMINISTRACAO;TELEFONISTA-TEL-T.S.N.A.-E;; ESTATUTARIO;2114,79;;2114,79;177,63;1937,16;
PEDRO IVO MACEDO COSTA;SETOR DE ZELAD.VIG.TRANSPORTES;MOTORISTA-MOT-T.S.N.A.-A;; ESTATUTARIO;2436,12;;2436,12;210,65;2225,47;
PEDRO PAULO OLIVEIRA SANTOS;SETOR DE ENFERMARIA;ENFERMEIRO-ENF-P.S.N.S.-A;; ESTATUTARIO;6250,25;;6250,25;1170,54;5079,71;
PERLA AZIZE ASSAYAG;SETOR DE CABECA E PESCOCO;CIRURGIAO DENTISTA A;GERENTE AD 2; ESTATUTARIO;10565,34;;10565,34;2357,19;8208,15;
PETRONIO SILVEIRA QUINTELO;SETOR DE AMBULATORIO;MEDICO ESPECIALISTA;; ESTATUTARIO;7938,92;;7938,92;1050,60;6888,32;
PITAGUARAS COSTA DE O SARAIVA;SETOR DE LIQ.DE CONTAS HOSPIT.;ASSIST.ADMIN.-ASA-T.S.N.M.-A;; ESTATUTARIO;2232,96;;2232,96;190,63;2042,33;
POLIANA ALBUQUERQUE SIGNORINI;SETOR DE AMBULATORIO;MEDICO ESPECIALISTA;GERENTE; ESTATUTARIO;11938,92;;11938,92;2836,49;9102,43;
PRISCILA DE LIMA FARIAS;SETOR DE HEMATOL.E HEMOTERAPIA;TEC.DE HEMOTERAP.-THE-P.S.N.M.-A;; ESTATUTARIO;2597,31;;2597,31;225,28;2372,03;
PRISCILA OLIVEIRA DE SOUZA;SERVICO DE RADIOTERAPIA;TEC.DE RADIOTERAPIA-TER-P.S.N.M.-A;; ESTATUTARIO;2548,03;;2548,03;225,28;2322,75;
PRISCILLA RUTH DA COSTA E SILVA;CHEFIA DE GABINETE;ASSIST.ADMIN.-ASA-T.S.N.M.-A;; ESTATUTARIO;2232,96;;2232,96;190,63;2042,33;
RAFAEL DA SILVA BANDEIRA;SETOR DE ENFERMARIA;ENFERMEIRO-ENF-P.S.N.S.-A;; ESTATUTARIO;6334,25;;6334,25;1193,64;5140,61;
RAFIZIA FERNANDA ALBUQUERQUE SILVA;SETOR DE LIQ.DE CONTAS HOSPIT.;ASSIST.ADMIN.-ASA-T.S.N.M.-A;; ESTATUTARIO;2232,96;;2232,96;181,09;2051,87;
RAIMUNDA BARBOSA PINTO FERREIRA;DIVISAO DE ADMINISTRACAO;RECEPCIONISTA-REC-T.S.N.A.-E;; ESTATUTARIO;2114,79;;2114,79;177,63;1937,16;
RAIMUNDA GOMES LESCH;SETOR DE RADIOTERAPIA;ASSISTENTE TECNICO A;; ESTATUTARIO;2933,84;;2933,84;262,84;2671,00;
RAIMUNDA NONATA SILVA TELES;SETOR DE NUTRICAO E DIETETICA;COZINHEIRO-T.S.N.A.-A;; ESTATUTARIO;2217,19;;2217,19;187,06;2030,13;
RAIMUNDA SORAYA DE F ZANETTI;SETOR DE ENFERMARIA;AUX.DE ENFERM.-AEF-P.S.N.A.-C;; ESTATUTARIO;2719,35;;2719,35;268,68;2450,67;
RAIMUNDO ANTONIO BRAGA DOS SANTOS;SECAO DE SERVICOS GERAIS;AUX.DE SERV.GER.-ASG-T.S.N.A.-B;; ESTATUTARIO;2280,85;;2280,85;195,89;2084,96;
RAIMUNDO NONATO CAVALCANTE MACIEL;SETOR DE ZELAD.VIG.TRANSPORTES;MOTORISTA-MOT-T.S.N.A.-A;MOTORISTA; ESTATUTARIO;1902,12;;1902,12;210,65;1691,47;
RAIMUNDO NONATO NUNES;SETOR DE ENFERMARIA;TEC. DE ENFERMAGEM-TEN-P.S.N.M.-A;TEC. DE ENFERMAGEM; ESTATUTARIO;2600,82;;2600,82;231,09;2369,73;
RAIMUNDO WANDEUVES LORIS GUIMARAES;SETOR DE PATOLOGIA CLINICA;TECNICO DE SAUDE 3A CLASSE;; ESTATUTARIO;2730,71;;2730,71;225,28;2505,43;
RAKEL NEVES DOS SANTOS;SETOR DE LIQ.DE CONTAS HOSPIT.;ASSIST.ADMIN.-ASA-T.S.N.M.-A;; ESTATUTARIO;2232,96;;2232,96;190,63;2042,33;
RAQUEL BENTES DA SILVA;DIR.ADMINISTRATIVA-FINANCEIRA;AGENTE ADM.-AGA-T.S.N.A.-G;; ESTATUTARIO;2559,72;;2559,72;244,52;2315,20;
RAQUEL CHAVES AMORIM;SERVICO COMPLEM.DE DIAGNOSTICO;FARMAC.BIOQ. -FAB-P.S.N.S.-B;; ESTATUTARIO;7806,85;;7806,85;1648,81;6158,04;
REIGIANE MARTINS DE SOUZA;DIVISAO DE ADMINISTRACAO;RECEPCIONISTA-REC-T.S.N.A.-E;; ESTATUTARIO;2114,79;;2114,79;177,63;1937,16;
REINALDO CORREA LOPES;SETOR DE HEMATOL.E HEMOTERAPIA;TEC.DE HEMOTERAP.-THE-P.S.N.M.-A;; ESTATUTARIO;2717,42;;2717,42;229,25;2488,17;
RENATA CAMPOS GOMIDES NASCIMENTOS;SETOR DE NUTRICAO E DIETETICA;TEC.DE NUT.E DIET.-TND-P.S.N.M.-A;; ESTATUTARIO;2604,35;;2604,35;210,26;2394,09;
RENATO DA SILVA REPILLA;SETOR DE CABECA E PESCOCO;CIRURGIAO DENTISTA A;; ESTATUTARIO;6565,34;;6565,34;1257,19;5308,15;
RIAN VICTOR MELO;SAME;ASSIST.ADMIN.-ASA-T.S.N.M.-A;; ESTATUTARIO;2232,96;;2232,96;190,63;2042,33;
RICARDO ALAN MONTEIRO BATISTA;DIVISAO DE ADMINISTRACAO;GERENTE;NAO INFORMADO; CARGO COMISSION.S/VINCULO;4593,27;;4593,27;626,38;3966,89;
RICARDO DIAS DA ROCHA;SERVICO DE ENFERMAGEM;MEDICO ESPECIALISTA;MEDICO URGENTISTA; ESTATUTARIO;8038,59;;8038,59;1771,18;6267,41;
RICARDO MELO DE ARAUJO;SETOR DE ALMOXARIFADO;AGENTE ADM.-AGA-T.S.N.A.-G;; ESTATUTARIO;2424,30;;2424,30;211,67;2212,63;
RICARDO RIBEIRO DE MORAIS;DIVISAO DE ADMINISTRACAO;BACHAREL EM COMP.-BQO-T.S.N.S.-A;; ESTATUTARIO;4832,39;;4832,39;707,99;4124,40;
RICARDO SERGIO XAVIER PINTO;SETOR DE ENFERMARIA;ENFERMEIRO A;; ESTATUTARIO;6644,11;;6644,11;1310,26;5333,85;
RITA DE CASSIA ALENCAR REFFERT;SETOR DE ENFERMARIA;FARMACEUTICO BIOQUIMICO B;; ESTATUTARIO;6644,11;;6644,11;1310,26;5333,85;
RITA DE CASSIA RODRIGUES CAMPOS;SETOR DE PATOLOGIA CLINICA;AUX.DE PATOL.CLIN.-APC-P.S.N.A.-A;; ESTATUTARIO;2382,37;;2382,37;202,27;2180,10;
RITA DE CASSIA UCHOA DE P MOUZINHO;SETOR DE PATOLOGIA CLINICA;TEC.DE PAT.CLINICA-TPC-P.S.N.M.-C;; ESTATUTARIO;2947,54;;2947,54;283,91;2663,63;
ROBERLAN DAS CHAGAS LIMA;SETOR DE PATOLOGIA CLINICA;TEC.DE PAT.CLINICA-TPC-P.S.N.M.-A;; ESTATUTARIO;2548,03;;2548,03;225,28;2322,75;
ROBERTO MENDES DE OLIVEIRA;SETOR DE PATOLOGIA CLINICA;TEC.DE PAT.CLINICA-TPC-P.S.N.M.-D;; ESTATUTARIO;3333,07;;3333,07;378,89;2954,18;
ROCINELE RIBEIRO DE ALMEIDA;SECAO DE EXPEDIENTE;AGENTE ADM.-AGA-T.S.N.A.-G;; ESTATUTARIO;2565,73;;2565,73;231,21;2334,52;
RODRIGO BATISTA NEVES;SETOR DE FARMACIA;AUX.DE FARMACIA-AFA-P.S.N.A.-A;; ESTATUTARIO;2288,45;;2288,45;191,32;2097,13;
RODRIGO FERREIRA ANDRADE;SECAO DE MATERIAL E PATRIMONIO;ASSIST.ADMIN.-ASA-T.S.N.M.-A;; ESTATUTARIO;2232,96;;2232,96;190,63;2042,33;
RODRIGO POLO DA COSTA;SETOR DE AMBULATORIO;MEDICO ESPECIALISTA;MEDICO ESPECIALISTA; ESTATUTARIO;8038,59;;8038,59;1771,18;6267,41;
ROGERIO LIMA DOS SANTOS;SETOR DE AMBULATORIO;MEDICO ESPECIALISTA;MED ESPECIALISTA; ESTATUTARIO;8567,92;;8567,92;1958,96;6608,96;
ROMILDO TORRES CAMELO;SETOR DE ANATOMIA PATOLOGICA;MEDICO ESPECIALISTA;; ESTATUTARIO;8388,78;582,86;7805,92;1896,77;5909,15;
RONALDO RODRIGUES DA COSTA;SECAO DE EXPEDIENTE;ASSISTENTE TECNICO A;GERENTE; ESTATUTARIO;6880,44;;6880,44;999,11;5881,33;
ROSE ANE SOUZA MORAL;SECAO DE EXPEDIENTE;AGENTE ADM.-AGA-T.S.N.A.-G;; ESTATUTARIO;2490,68;;2490,68;218,97;2271,71;
ROSE MARY FERREIRA DA FROTA;SETOR DE ENFERMARIA;TEC. DE ENFERMAGEM-TEN-P.S.N.M.-B;; ESTATUTARIO;2812,79;;2812,79;265,99;2546,80;
ROSILENE BRAGA BATISTA;SETOR DE CITOPATOLOGIA;ASSISTENTE TECNICO A;; ESTATUTARIO;2595,87;;2595,87;249,99;2345,88;
ROSILENE NEVES BEZERRA DE SA;SETOR DE ENFERMARIA;FARMACEUTICO-FAR-P.S.N.S.-A;; ESTATUTARIO;6690,80;;6690,80;1310,23;5380,57;
ROSILENE VIANA DE ANDRADE;SETOR DE AMBULATORIO;MEDICO MESTRE;GERENTE AD 2; ESTATUTARIO;8580,91;;8580,91;2027,67;6553,24;
ROSSIONE COSTA DA SILVA;SETOR DE ENFERMARIA;ENFERMEIRO-ENF-P.S.N.S.-A;; ESTATUTARIO;6250,25;;6250,25;1170,54;5079,71;
ROXANIA CASTRO ALEXANDRE;SETOR DE PATOLOGIA CLINICA;TEC.DE PAT.CLINICA-TPC-P.S.N.M.-A;; ESTATUTARIO;2548,03;;2548,03;225,28;2322,75;
ROZANGELA RODRIGUES DA COSTA;SECAO DE EXPEDIENTE;ASSISTENTE TECNICO A;GERENTE; ESTATUTARIO;6535,33;;6535,33;952,68;5582,65;
RUAN MACEDO FERREIRA;SETOR DE RADIOTERAPIA;TEC.DE RADIOTERAPIA-TER-P.S.N.M.-A;; ESTATUTARIO;2450,51;;2450,51;225,28;2225,23;
RUTH MESQUITA FERREIRA;SETOR DE ENFERMARIA;TEC. DE ENFERMAGEM-TEN-P.S.N.M.-A;; ESTATUTARIO;2048,03;;2048,03;225,28;1822,75;
RUTH MESQUITA FERREIRA;SERVICO DE ENFERMAGEM;TEC. DE ENFERMAGEM-TEN-P.S.N.M.-A;; ESTATUTARIO;2659,70;;2659,70;231,09;2428,61;
SABRINA RAMOS BIANCO;SETOR DE IMAGENOLOGIA;MEDICO ESPECIALISTA;GERENTE AD 2; ESTATUTARIO;12089,00;;12089,00;2888,73;9200,27;
SAINTCLAYTON DA SILVA SOARES;SETOR DE PATOLOGIA CLINICA;FARMAC.BIOQ. -FAB-P.S.N.S.-A;; ESTATUTARIO;6250,25;;6250,25;1118,41;5131,84;
SAMARA DE OLIVEIRA MORENO;SERVICO DE ENFERMAGEM;AUX.DE ENFERM.-AEF-P.S.N.A.-B;; ESTATUTARIO;2436,30;;2436,30;149,10;2287,20;
SAMARONE SCHRAMM DE ARAUJO;SETOR DE ZELAD.VIG.TRANSPORTES;MOTORISTA-MOT-T.S.N.A.-A;; ESTATUTARIO;2977,16;;2977,16;232,03;2745,13;
SAMUEL OTAS MARTINS;DIVISAO DE ADMINISTRACAO;ASSIST.ADMIN.-ASA-T.S.N.M.-A;; ESTATUTARIO;2232,96;;2232,96;190,63;2042,33;
SANDRA MARIA EVANGELISTA CARANHAS;SETOR DE CITOPATOLOGIA;TEC.DE HISTOLOGIA-THI-P.S.N.M.-A;TEC. DE HISTOLOGIA; ESTATUTARIO;2600,82;;2600,82;231,09;2369,73;
SANDRO AUGUSTO RAMOS SOARES;SETOR DE AMBULATORIO;PSICOLOGO-PSI-P.S.N.S.-A;; ESTATUTARIO;6250,25;;6250,25;1170,54;5079,71;
SANELLVA SHEILLA ROCHA;SETOR DE ALMOXARIFADO;AGENTE ADMINISTRATIVO A - N.B.;; ESTATUTARIO;2114,79;;2114,79;177,63;1937,16;
SARA JESSICA TEIXEIRA DE ANDRADE;SETOR DE PATOLOGIA CLINICA;TEC.DE PAT.CLINICA-TPC-P.S.N.M.-A;; ESTATUTARIO;2548,03;;2548,03;225,28;2322,75;
SARDE COSTA SOUZA;ASSESSORIA;AGENTE ADM.-AGA-T.S.N.A.-E;ASSESSOR II; ESTATUTARIO;6167,79;;6167,79;825,36;5342,43;
SHEILA COELHO DA ROCHA;SETOR DE IMAGENOLOGIA;TEC.DE RAD.MEDICA-TRM-P.S.N.M.-A;; ESTATUTARIO;2600,82;;2600,82;231,09;2369,73;
SHEILA MARIA MACIEL NOGUEIRA;SETOR DE SERVICO SOCIAL;AGENTE ADM.-AGA-T.S.N.A.-G;; ESTATUTARIO;2424,30;;2424,30;211,67;2212,63;
SHIRLEY FRAGOSO MONTEIRO;CONSELHO DIRETOR;ENFERMEIRO A;CHEFE DE DEPARTAMENT; ESTATUTARIO;11644,11;;11644,11;2685,26;8958,85;
SILVANA DA SILVA SOLIMOES;SERVICO COMPLEM.DE DIAGNOSTICO;TEC.DE PAT.CLINICA-TPC-P.S.N.M.-B;; ESTATUTARIO;2763,68;;2763,68;240,70;2522,98;
SILVELANE DA SILVA MATOS;SECAO DE PESSOAL;AGENTE ADM.-AGA-T.S.N.A.-G;; ESTATUTARIO;2424,30;;2424,30;204,62;2219,68;
SILVIA BARBOSA CAVALCANTE;SAME;ASSIST.ADMIN.-ASA-T.S.N.M.-A;; ESTATUTARIO;2232,96;;2232,96;190,63;2042,33;
SILVIA CRISTINA OLIVEIRA BRANDAO;NUCLEO MEDICO-ASSISTENCIAL;CIR.DENT.-CCRD-P.S.N.S.-A;; ESTATUTARIO;6250,25;;6250,25;1170,54;5079,71;
SIMONE DA SILVA MONTEIRO;SETOR DE FARMACIA;AUX.DE FARMACIA-AFA-P.S.N.A.-A;; ESTATUTARIO;2327,81;;2327,81;191,32;2136,49;
SIRLENE MUNIZ BARBOSA;CONSELHO DIRETOR;ASSIST.SOC.ASS-P.S.N.S.-CL.A;; ESTATUTARIO;6250,25;;6250,25;1170,54;5079,71;
SOCRATES LOTE DE OLIVEIRA;SETOR DE IMAGENOLOGIA;MEDICO ESPECIALISTA;CHEFE DE DEPART.; ESTATUTARIO;13506,07;;13506,07;3308,86;10197,21;
SOLANGE SOUZA MICHELE;SERVICO DE ENFERMAGEM;AUXILIAR DE ENFERMAGEM A;; ESTATUTARIO;2387,34;;2387,34;191,32;2196,02;
SONIA PERPETUA BATISTA E RIBEIRO;SETOR DE FARMACIA;AUX.DE FARMACIA-AFA-P.S.N.A.-A;; ESTATUTARIO;2337,65;;2337,65;191,32;2146,33;
STHEFANY CAROLINE MENDES AZEVEDO;NUCLEO DE ESTUDOS E PESQUISAS;PESQUISADOR INIC.-PEI-P.S.N.S.-A;; ESTATUTARIO;6959,20;;6959,20;1369,90;5589,30;
SUENE CAMPOS DE QUEIROZ;MANDADO DE SEGURANCA;ENGENHEIRO CIVIL-ECI-T.S.N.S.-A;; ESTATUTARIO;4832,39;;4832,39;707,99;4124,40;
SUZAN CAROL DE OLIVEIRA BISCARO;SETOR DE AMBULATORIO;PSICOLOGO-PSI-P.S.N.S.-A;; ESTATUTARIO;6250,25;;6250,25;1170,54;5079,71;
SYLK NAGAWO AREB;CONSELHO DIRETOR;TEC.DE RADIOTERAPIA-TER-P.S.N.M.-A;; ESTATUTARIO;2548,03;;2548,03;225,28;2322,75;
SYLVIO GOUVEA JUNIOR;SETOR DE ALMOXARIFADO;ASSISTENTE TECNICO A;GERENTE AD 2; ESTATUTARIO;2280,62;;2280,62;195,87;2084,75;
TADEU AFONSO DE SENA SILVA;SECAO DE ORCAMENTO E FINANCAS;ASSISTENTE TECNICO;; ESTATUTARIO;2065,82;;2065,82;227,24;1838,58;
TAMILLE VIEIRA MACHADO;SETOR DE ENFERMARIA;ENFERMEIRO-ENF-P.S.N.S.-A;; ESTATUTARIO;6250,25;;6250,25;1170,54;5079,71;
TANIA DE SOUZA E SOUZA;SETOR DE ENFERMARIA;TEC. DE ENFERMAGEM-TEN-P.S.N.M.-A;TEC. DE ENFERMAGEM; ESTATUTARIO;2600,82;;2600,82;231,09;2369,73;
TATIANA AMARAL PIRES DE ALMEIDA;NUCLEO DE ESTUDOS E PESQUISAS;PESQUISADOR INIC.-PEI-P.S.N.S.-A;; ESTATUTARIO;9112,27;;9112,27;2014,13;7098,14;
TATIANA MINDA HERCULANO CATTEBEKE;SETOR DE AMBULATORIO;MEDICO ESPECIALISTA;; ESTATUTARIO;8038,59;;8038,59;1771,18;6267,41;
TERESINHA DA SILVA BANDEIRA;SETOR DE FARMACIA;ASSISTENTE TECNICO B;; ESTATUTARIO;2434,52;;2434,52;241,26;2193,26;
TEREZA MARIA FURTADO FARIAS SANTOS;SETOR DE ENFERMARIA;ENFERMEIRO C;CHEFE DE DEPARTº; ESTATUTARIO;6644,11;;6644,11;1310,26;5333,85;
THAIS PAIVA SILVA;SAME;ASSIST.ADMIN.-ASA-T.S.N.M.-A;; ESTATUTARIO;2810,61;;2810,61;206,83;2603,78;
THALITA GOMES MARTINS;SETOR DE ANATOMIA PATOLOGICA;MEDICO ESPECIALISTA;; ESTATUTARIO;7938,92;;7938,92;1736,49;6202,43;
THALYTA GABRIELLE BESSA GIL;SETOR DE ENFERMARIA;ENFERMEIRO-ENF-P.S.N.S.-A;; ESTATUTARIO;6250,25;;6250,25;1170,54;5079,71;
THATIANA FERREIRA MARCIAO GUEDES;SETOR DE CITOPATOLOGIA;TEC. EM CITOTECNICA-TCI-P.S.N.M.-A;; ESTATUTARIO;3230,71;;3230,71;270,39;2960,32;
THAUAN ALESSANDRO FEITOZA LOPES;SETOR DE REGISTRO E CONTROLE;ASSIST.ADMIN.-ASA-T.S.N.M.-A;; ESTATUTARIO;1732,96;;1732,96;;1732,96;
THIAGO FELIPE LEMOS DE OLIVEIRA;SAME;ASSIST.ADMIN.-ASA-T.S.N.M.-A;; ESTATUTARIO;2232,96;;2232,96;190,63;2042,33;
THIAGO SILVEIRA PAIVA;SETOR DE ENDOSCOPIA;MEDICO ESPECIALISTA;GERENTE AD-2; ESTATUTARIO;11179,62;;11179,62;2772,46;8407,16;
THIANE FEITOZA DE SOUZA;DIVISAO DE ADMINISTRACAO;ASSIST.ADMIN.-ASA-T.S.N.M.-A;; ESTATUTARIO;2232,96;;2232,96;190,63;2042,33;
TIRSO RODRIGUES ALVES JUNIOR;SETOR GENITO PELVICO UROLOGICO;MEDICO ESPECIALISTA;; ESTATUTARIO;11213,59;;11213,59;2847,03;8366,56;
ULICEIA LOPES DA SILVA RIBEIRO;SETOR DE ENFERMARIA;TEC. DE ENFERMAGEM-TEN-P.S.N.M.-A;; ESTATUTARIO;2548,03;;2548,03;225,28;2322,75;
VALDENIA COSTA AGUIAR;SETOR DE ENFERMARIA;TEC. DE ENFERMAGEM-TEN-P.S.N.M.-A;TEC ENFERMAGEM; ESTATUTARIO;2600,82;;2600,82;231,09;2369,73;
VALDIRENE PINHEIRO DE ANDRADE;SETOR DE HEMATOL.E HEMOTERAPIA;TEC.DE HEMOTERAP.-THE-P.S.N.M.-A;TEC. DE  HEMOTERAPIA; ESTATUTARIO;2600,82;;2600,82;231,09;2369,73;
VALDIRENE PINHEIRO DE ANDRADE;SETOR DE HEMATOL.E HEMOTERAPIA;TEC.DE HEMOTERAP.-THE-P.S.N.M.-A;; ESTATUTARIO;2083,23;;2083,23;225,28;1857,95;
VALMIER BARBOSA DE SOUZA;SAME;ASSIST.ADMIN.-ASA-T.S.N.M.-A;; ESTATUTARIO;2232,96;;2232,96;190,63;2042,33;
VALNICE MACHADO PORTELA;SETOR DE ENFERMARIA;ENFERMEIRO-ENF-P.S.N.S.-A;ENFERMEIRA; ESTATUTARIO;6910,11;;6910,11;1394,06;5516,05;
VALQUIRIA DO CARMO ALVES MARTINS;SERVICO COMPLEM.DE DIAGNOSTICO;FARMAC.BIOQ. -FAB-P.S.N.S.-B;; ESTATUTARIO;7201,56;;7201,56;1508,02;5693,54;
VANDERLEI RODRIGUES ALVES;SETOR DE PATOLOGIA CLINICA;FARMAC.BIOQ. -FAB-P.S.N.S.-A;; ESTATUTARIO;6858,60;;6858,60;1374,53;5484,07;
VANDERLENE DE MENEZES DA MATA;SERVICO DE ENFERMAGEM;TEC. DE ENFERMAGEM-TEN-P.S.N.M.-A;TEC DE ENFERMAGEM; ESTATUTARIO;2600,82;;2600,82;231,09;2369,73;
VANDERNEILA MARIA LIBORIO DA COSTA;SETOR DE NUTRICAO E DIETETICA;TEC.DE NUT.E DIET.-TND-P.S.N.M.-A;TEC DE NUTRICAO; ESTATUTARIO;2600,82;;2600,82;231,09;2369,73;
VANIA MARIA CAVALCANTE DE ARAUJO;SETOR DE ENFERMARIA;AUX.DE ENFERM.-AEF-P.S.N.A.-C;; ESTATUTARIO;2510,57;;2510,57;221,16;2289,41;
VANIA MARIA COSTA PAULA;SETOR DE ENFERMARIA;TEC. DE ENFERMAGEM-TEN-P.S.N.M.-A;; ESTATUTARIO;2548,03;;2548,03;225,28;2322,75;
VANIA MARIA LIMA DA SILVA ARACATY;SETOR DE ONCOLOGIA CLINICA;ENFERMEIRO C;; ESTATUTARIO;6364,08;;6364,08;1210,92;5153,16;
VANIA MARIA LIMA DA SILVA ARACATY;SETOR DE ONCOLOGIA CLINICA;ENFERMEIRO-ENF-P.S.N.S.-A;ENFERMEIRA; ESTATUTARIO;6144,11;;6144,11;1310,26;4833,85;
VINICIUS LIMA FERREIRA DIAS;SERV.CLIN.MED.ONC.E APOIO TER.;CIR.DENT.-CCRD-P.S.N.S.-A;; ESTATUTARIO;6250,25;;6250,25;1170,54;5079,71;
VITOR BERENGUER BARBOSA JUNIOR;DIVISAO DE ADMINISTRACAO;ADVOGADO-ADV-T.S.N.S.-A;; ESTATUTARIO;4832,39;;4832,39;707,99;4124,40;
VIVIANE DA SILVA FERREIRA;SERVICO DE ENFERMAGEM;TEC. DE ENFERMAGEM-TEN-P.S.N.M.-A;TEC. DE ENFERMAGEM; ESTATUTARIO;2600,82;;2600,82;231,09;2369,73;
Willame Ferreira da Silva;CONS.TECNICO-ADMINISTRATIVO;ASSIST.ADMIN.-ASA-T.S.N.M.-A;; ESTATUTARIO;2150,43;;2150,43;190,63;1959,80;
WALDINEI RODRIGUES DA COSTA;SETOR DE NUTRICAO E DIETETICA;COZINHEIRO-T.S.N.A.-A;COZINHEIRO; ESTATUTARIO;2200,07;;2200,07;181,02;2019,05;
WALNEIDE PINHEIRO DE ANDRADE SILVA;SETOR DE ENFERMARIA;TEC.DE HEMOTERAP.-THE-P.S.N.M.-B;; ESTATUTARIO;2763,68;;2763,68;249,00;2514,68;
WANDERLEY RIBEIRO SARMENTO;SETOR DE IMAGENOLOGIA;TEC.DE RAD.MEDICA-TRM-P.S.N.M.-A;TEC DE RADIOLOGIA; ESTATUTARIO;2100,82;;2100,82;231,09;1869,73;
WILIBRAN CANDIDO DE BARROS;SETOR DE FARMACIA;FARMACEUTICO-FAR-P.S.N.S.-A;; ESTATUTARIO;6418,57;;6418,57;1112,56;5306,01;
YAGO VINICIUS SERRA DOS SANTOS;SETOR DE ANATOMIA PATOLOGICA;TEC.DE HISTOLOGIA-THI-P.S.N.M.-A;; ESTATUTARIO;2548,03;;2548,03;225,28;2322,75;
YASMIN EMILE CONTE ABI ABIB;SETOR DE CITOPATOLOGIA;TEC. EM CITOTECNICA-TCI-P.S.N.M.-A;; ESTATUTARIO;2548,03;;2548,03;225,28;2322,75;
ZENOBIA DOS SANTOS DE ALMEIDA FILHA;SETOR DE SERVICO SOCIAL;ASSIST.SOC.ASS-P.S.N.S.-CL.A;GERENTE AD-2; ESTATUTARIO;10250,25;;10250,25;2270,54;7979,71;
