NOME;LOTACAO;CARGO;FUNCAO;VINCULO;REMUNERACAO LEGAL TOTAL(R$);DESC.TETO(R$); REMUNERACAO LEGAL DEVIDA(R$);DESCONTOS LEGAIS(R$);LIQUIDO DISPONIVEL(R$);
ADAISA DE ALENCAR MELO;COORD. ADMINISTRAT. FINANCEIRA;BIBLI-III;BIBLIOTECARIO; ESTATUTARIO;3264,68;;3264,68;422,58;2842,10;
ADRIANA BATISTA BATALHA;COORD. ADMINISTRAT. FINANCEIRA;ASSESSOR III;ASSESSOR III AD-3; CARGO COMISSION.S/VINCULO;3691,80;;3691,80;383,88;3307,92;
ADRIANA LINS BARROS;COORD. ADMINISTRAT. FINANCEIRA;AUX.O-III;AUX OP CAMAR TEATRO; ESTATUTARIO;2105,81;;2105,81;162,02;1943,79;
ADRIANO DA SILVA COUTO;COORD. ADMINISTRAT. FINANCEIRA;GERENTE;NAO INFORMADO; CARGO COMISSION.S/VINCULO;3709,79;;3709,79;388,72;3321,07;
ALAN DA SILVA GOMES;COORD. ADMINISTRAT. FINANCEIRA;AUX.O-III;; ESTATUTARIO;2105,81;;2105,81;162,02;1943,79;
ALBERTO MOURA;COORD. ADMINISTRAT. FINANCEIRA;AUX.S.G-II;; ESTATUTARIO;3020,15;;3020,15;175,45;2844,70;
ALCI RIBEIRO DE ALENCAR;COORD. ADMINISTRAT. FINANCEIRA;OPERADOR DE ILUMINACAO;; ESTATUTARIO;3124,37;;3124,37;246,58;2877,79;
ALCIDES JANUARIO DE SOUZA FILHO;COORD. ADMINISTRAT. FINANCEIRA;GERENTE;NAO INFORMADO; CARGO COMISSION.S/VINCULO;2199,79;;2199,79;137,30;2062,49;
ALCIONE LIMA DE ALMEIDA C BARBOSA;COORD. ADMINISTRAT. FINANCEIRA;SUBGERENTE;SUBGERENTE AD-3; CARGO COMISSION.S/VINCULO;2695,80;;2695,80;185,12;2510,68;
ALDERLANI DE OLIVEIRA LEITE;COORD. ADMINISTRAT. FINANCEIRA;GERENTE;GERENTE AD-2; CARGO COMISSION.S/VINCULO;3109,79;;3109,79;270,12;2839,67;
ALESSANDRA COSTA CESAR DE SOUZA;COORD. ADMINISTRAT. FINANCEIRA;ASSESSOR II;NAO INFORMADO; CARGO COMISSION.S/VINCULO;3709,79;;3709,79;388,72;3321,07;
ALESSANDRA D'AVILA ALMEIDA SILVA;COORD. ADMINISTRAT. FINANCEIRA;GERENTE;GERENTE AD-2; CARGO COMISSION.S/VINCULO;4709,79;;4709,79;629,29;4080,50;
ALESSANDRA MARIA DA SILVA GOMES;COORD. ADMINISTRAT. FINANCEIRA;GERENTE;GERENTE AD-2; CARGO COMISSION.S/VINCULO;3109,79;;3109,79;270,12;2839,67;
ALEX CLEI DA SILVA BAIA;COORD. ADMINISTRAT. FINANCEIRA;AUX.O-III;AUX. OPER. CENOTECN; ESTATUTARIO;2663,81;;2663,81;162,02;2501,79;
ALFRELENE PAES BARRETO PINTO;COORD. ADMINISTRAT. FINANCEIRA;ASSISTENTE TECNICO II;; ESTATUTARIO;4218,71;;4218,71;394,63;3824,08;
ALINE DE SOUZA SANTANA;COORD. ADMINISTRAT. FINANCEIRA;GERENTE;GERENTE AD-2; CARGO COMISSION.S/VINCULO;4709,79;;4709,79;658,51;4051,28;
ALINE ROSANA ALEXANDRINA DA SILVA;COORD. ADMINISTRAT. FINANCEIRA;A.TEC-III;; ESTATUTARIO;2416,54;;2416,54;189,03;2227,51;
ALINE SOUZA DE OLIVEIRA;COORD. ADMINISTRAT. FINANCEIRA;AUX.O-III;AUX OP COSTUREIRA; ESTATUTARIO;2105,81;;2105,81;162,02;1943,79;
ALIZIANE CUNEGONDES FONTES;COORD. ADMINISTRAT. FINANCEIRA;AUX.ADM-III;; ESTATUTARIO;1721,60;;1721,60;171,02;1550,58;
ALLANA LARISSA DE OLIVEIRA LIMA;COORD. ADMINISTRAT. FINANCEIRA;GERENTE;GERENTE AD-2; CARGO COMISSION.S/VINCULO;2713,79;;2713,79;187,28;2526,51;
ALVARO CESAR DE CARVALHO NETO;COORD. ADMINISTRAT. FINANCEIRA;ASSESSOR II;NAO INFORMADO; CARGO COMISSION.S/VINCULO;3709,79;;3709,79;388,72;3321,07;
AMANDA SANTOS LAMEIRAS AMORIM;COORD. ADMINISTRAT. FINANCEIRA;GERENTE;GERENTE AD-2; CARGO COMISSION.S/VINCULO;2713,79;;2713,79;187,28;2526,51;
ANA CHRISTINA DE FREITAS SANTOS;COORD. ADMINISTRAT. FINANCEIRA;A.TEC-I;ASSESSOR I; ESTATUTARIO;6610,07;;6610,07;967,80;5642,27;
ANA CRISTINA LIRA MANSOUR;COORD. ADMINISTRAT. FINANCEIRA;GERENTE;GERENTE AD-2; CARGO COMISSION.S/VINCULO;2199,79;;2199,79;137,30;2062,49;
ANA ESTELA DOS SANTOS FERREIRA;COORD. ADMINISTRAT. FINANCEIRA;AUX.ADM-III;AUX ADM; ESTATUTARIO;1721,60;;1721,60;171,02;1550,58;
ANA ILKA IZEL ASSUMPÇÃO;COORD. ADMINISTRAT. FINANCEIRA;ASSESSOR II;; CARGO COMISSION.S/VINCULO;4709,79;;4709,79;658,51;4051,28;
ANA KAROLINE DA SILVA CORDEIRO;COORD. ADMINISTRAT. FINANCEIRA;AUX.ADM-III;AUX. ADMINISTRATIVO; ESTATUTARIO;2105,81;;2105,81;171,02;1934,79;
ANA KATIA DA SILVA;COORD. ADMINISTRAT. FINANCEIRA;A.TEC-III;CHEFE DE DEPARTAMENT; ESTATUTARIO;6271,54;;6271,54;750,59;5520,95;
ANA LIDIA FERREIRA;COORD. ADMINISTRAT. FINANCEIRA;TNS-III;TEC.NIV.SUP.-TURISMO; ESTATUTARIO;3650,45;;3650,45;487,25;3163,20;
ANA LIDIA ROLIM DE LIMA;COORD. ADMINISTRAT. FINANCEIRA;AUX.ADM-III;; ESTATUTARIO;1721,60;;1721,60;171,02;1550,58;
ANA MARIA QUEIROZ DA SILVEIRA;COORD. ADMINISTRAT. FINANCEIRA;GERENTE;GERENTE AD-2; CARGO COMISSION.S/VINCULO;2713,79;;2713,79;187,28;2526,51;
ANA ORDOENHA BENCHIMOL;COORD. ADMINISTRAT. FINANCEIRA;GERENTE;NAO INFORMADO; CARGO COMISSION.S/VINCULO;3709,79;;3709,79;388,72;3321,07;
ANABETE RODRIGUES DE LIMA;COORD. ADMINISTRAT. FINANCEIRA;A.TEC-I;; ESTATUTARIO;2345,60;;2345,60;218,50;2127,10;
ANDREA RODRIGUES DE MOURA;COORD. ADMINISTRAT. FINANCEIRA;ASSESSOR III;NAO INFORMADO; CARGO COMISSION.S/VINCULO;2695,80;;2695,80;185,12;2510,68;
ANDRESSA DE OLIVEIRA SILVA;COORD. ADMINISTRAT. FINANCEIRA;CHEFE DE DEPARTAMENTO;CH.DE DPTO. AD-1; CARGO COMISSION.S/VINCULO;5729,77;;5729,77;998,67;4731,10;
ANGELO DANIEL COUTINHO TEIXEIRA;COORD. ADMINISTRAT. FINANCEIRA;A.TEC-III;ASS. TEC. SONOPLASTA; ESTATUTARIO;4077,54;;4077,54;342,51;3735,03;
ANIBAL AUGUSTO TURENKO BECA;COORD. ADMINISTRAT. FINANCEIRA;ASSESSOR I;NAO INFORMADO; CARGO COMISSION.S/VINCULO;5729,77;;5729,77;998,67;4731,10;
ANNE PAIVA DE ALENCAR;COORD. ADMINISTRAT. FINANCEIRA;A.OPE-III;CHEFE DE DEPARTAMENT; ESTATUTARIO;6271,54;;6271,54;854,86;5416,68;
ANNE RUTH BRANDAO DA SILVA;COORD. ADMINISTRAT. FINANCEIRA;GERENTE;GERENTE AD-2; CARGO COMISSION.S/VINCULO;4709,79;;4709,79;629,29;4080,50;
ANTONIA ALVES MOURAO;COORD. ADMINISTRAT. FINANCEIRA;AUX.DE APOIO ADMINISTRATIVO I;; ESTATUTARIO;2755,46;;2755,46;181,36;2574,10;
ANTONIO FONSECA BENEVENUTO;COORD. ADMINISTRAT. FINANCEIRA;AUX.BIBLI-III;AUX. BIBLIOTECA; ESTATUTARIO;1721,60;;1721,60;171,02;1550,58;
ANTONIO FRANCISCO AUSIER RAMOS;COORD. ADMINISTRAT. FINANCEIRA;CHEFE DE DEPARTAMENTO;NAO INFORMADO; CARGO COMISSION.S/VINCULO;5729,77;;5729,77;998,67;4731,10;
ANTONIO KAYTON DA SILVA ROSARIO;COORD. ADMINISTRAT. FINANCEIRA;AUX.O-III;AUX. OPER. CENOTECN; ESTATUTARIO;2663,81;;2663,81;162,02;2501,79;
ANTONIO NORBERTO URTIGA;COORD. ADMINISTRAT. FINANCEIRA;TNS-I;; ESTATUTARIO;8444,37;;8444,37;2173,36;6271,01;
ARIADNE DA ROCHA DE S PAULO AGUIAR;COORD. ADMINISTRAT. FINANCEIRA;ASSESSOR II;NAO INFORMADO; CARGO COMISSION.S/VINCULO;3709,79;;3709,79;388,72;3321,07;
ARNALDO BARRETO ALVES;COORD. ADMINISTRAT. FINANCEIRA;ASSESSOR III;ASSESSOR III; CARGO COMISSION.S/VINCULO;2393,80;;2393,80;154,76;2239,04;
ARTHUR JORGE FREIRE VILAS BOAS;COORD. ADMINISTRAT. FINANCEIRA;AUX.O-III;; ESTATUTARIO;2105,81;;2105,81;162,02;1943,79;
AUGUSTO HARLLEY GOMES DOS SANTOS;COORD. ADMINISTRAT. FINANCEIRA;AUX.O-III;AUX. OP. MONT. EVENT; ESTATUTARIO;2105,81;;2105,81;162,02;1943,79;
BARBARA AGNES FIGUEIREDO MARIANO;COORD. ADMINISTRAT. FINANCEIRA;A.T.ENG.R-III;ASSIT.TEC.ENG.E REST; ESTATUTARIO;2043,08;;2043,08;216,03;1827,05;
BARBARA CATERINE DE OLIVEIRA;COORD. ADMINISTRAT. FINANCEIRA;ENG-III;ENGENHEIRO; ESTATUTARIO;6101,48;;6101,48;1239,60;4861,88;
BEATRIZ BRILHANTE MARQUES;COORD. ADMINISTRAT. FINANCEIRA;GERENTE;NAO INFORMADO; CARGO COMISSION.S/VINCULO;2411,79;;2411,79;156,38;2255,41;
BEATRIZ DO CARMO ALVES;COORD. ADMINISTRAT. FINANCEIRA;BIBLI-III;BIBLIOTECARIO; ESTATUTARIO;3586,16;;3586,16;488,32;3097,84;
BEZALEEL ANDRADE DE ALMEIDA;COORD. ADMINISTRAT. FINANCEIRA;GERENTE;NAO INFORMADO; CARGO COMISSION.S/VINCULO;2199,79;;2199,79;137,30;2062,49;
BRENO DA COSTA SILVA;COORD. ADMINISTRAT. FINANCEIRA;SUBGERENTE;NAO INFORMADO; CARGO COMISSION.S/VINCULO;2181,80;;2181,80;135,68;2046,12;
BRUNA KISHA DE OLIVEIRA LIRA;COORD. ADMINISTRAT. FINANCEIRA;A.TEC-III;; ESTATUTARIO;2416,54;;2416,54;189,03;2227,51;
BRUNO ROGERIO DE VASCONCELOS BASTOS;COORD. ADMINISTRAT. FINANCEIRA;A.OPE-III;ASS. OP. MAQUINISTA; ESTATUTARIO;3539,39;;3539,39;214,42;3324,97;
CABRAL NEVES DE MELO;COORD. ADMINISTRAT. FINANCEIRA;ASSISTENTE TECNICO 3A CLASSE;; ESTATUTARIO;2695,47;;2695,47;206,94;2488,53;
CAIO ANDRE NASCIMENTO ARAUJO;COORD. ADMINISTRAT. FINANCEIRA;SUBGERENTE;SUBGERENTE AD-3; CARGO COMISSION.S/VINCULO;3091,80;;3091,80;232,64;2859,16;
CAIO MIRANDA RODRIGUES;COORD. ADMINISTRAT. FINANCEIRA;A.TEC-III;; ESTATUTARIO;1850,19;;1850,19;189,03;1661,16;
CANDIDO JEREMIAS CUMARU NETO;COORD. ADMINISTRAT. FINANCEIRA;SECRETARIO EXECUTIVO;NAO INFORMADO; CARGO COMISSION.S/VINCULO;12200,00;;12200,00;2865,12;9334,88;
CARLOS ALBERTO SANTOS NUNES;COORD. ADMINISTRAT. FINANCEIRA;AUX.O-III;AUX.OP.MONT.EVENTOS; ESTATUTARIO;2105,81;;2105,81;162,02;1943,79;
CARLOS ALEXANDRE LEAO AUZIER;COORD. ADMINISTRAT. FINANCEIRA;AUX.O-III;AUX.OP MONT.EVENTOS; ESTATUTARIO;2663,81;;2663,81;162,02;2501,79;
CARLOS AUGUSTO MAIA DA SILVA;COORD. ADMINISTRAT. FINANCEIRA;AUX.TECNICO ADMINISTRATIVO I;; ESTATUTARIO;3365,93;;3365,93;270,86;3095,07;
CARLOS JORGE PISSANGO DOS SANTOS;COORD. ADMINISTRAT. FINANCEIRA;AUX.O-III;AUX. OPER. ARTIFICE; ESTATUTARIO;2105,81;;2105,81;162,02;1943,79;
CARLOS JOSE SOUZA DA SILVA;COORD. ADMINISTRAT. FINANCEIRA;A.TEC-III;; ESTATUTARIO;1850,19;;1850,19;189,03;1661,16;
CASSIA CRISTINA UCHOA DA SILVA;COORD. ADMINISTRAT. FINANCEIRA;GERENTE;GERENTE AD-2; CARGO COMISSION.S/VINCULO;3709,79;;3709,79;388,72;3321,07;
CELIA ALBUQUERQUE DA MATA;COORD. ADMINISTRAT. FINANCEIRA;ASSISTENTE TECNICO 3A CLASSE;; ESTATUTARIO;2585,02;;2585,02;191,47;2393,55;
CELIO SOUZA DE CARVALHO JUNIOR;COORD. ADMINISTRAT. FINANCEIRA;TNS-III;T.N.S TURISMO; ESTATUTARIO;3586,16;;3586,16;488,32;3097,84;
CHRYSTIANNE DA SILVA OLIVEIRA;COORD. ADMINISTRAT. FINANCEIRA;GERENTE;; CARGO COMISSION.S/VINCULO;2713,79;;2713,79;187,28;2526,51;
CINTHIA SANTIAGO PACHECO;COORD. ADMINISTRAT. FINANCEIRA;ASSISTENTE TECNICO I;; ESTATUTARIO;2265,10;;2265,10;235,23;2029,87;
CLEBER BATISTA DE SOUZA;COORD. ADMINISTRAT. FINANCEIRA;ASSISTENTE TECNICO II;; ESTATUTARIO;4604,66;;4604,66;454,22;4150,44;
CRISTIAN PIO AVILA;COORD. ADMINISTRAT. FINANCEIRA;ANTP-III;GERENTE AD-2; ESTATUTARIO;5785,90;;5785,90;864,88;4921,02;
CRISTIANA PAULA MELO ZANY BRANDAO;COORD. ADMINISTRAT. FINANCEIRA;TNS-I;CH. DE DPTO  AD 1; ESTATUTARIO;4631,05;;4631,05;682,82;3948,23;
CRISTOVAO COUTINHO BATISTA;COORD. ADMINISTRAT. FINANCEIRA;ASSESSOR II;; CARGO COMISSION.S/VINCULO;4709,79;;4709,79;658,51;4051,28;
DALILA SANTOS DO NASCIMENTO;COORD. ADMINISTRAT. FINANCEIRA;SUBGERENTE;NAO INFORMADO; CARGO COMISSION.S/VINCULO;2516,07;;2516,07;168,76;2347,31;
DANIEL SALES COSTA;COORD. ADMINISTRAT. FINANCEIRA;A.OPE-III;ASS. OP. MAQUINISTA; ESTATUTARIO;2779,54;;2779,54;189,03;2590,51;
DANILO DE ASSIS RIBEIRO;COORD. ADMINISTRAT. FINANCEIRA;AUX.BIBLI-III;AUX. BIBLIOTECA; ESTATUTARIO;1721,60;;1721,60;171,02;1550,58;
DAVID CARVALHO DE LIMA;COORD. ADMINISTRAT. FINANCEIRA;BIBLI-III;BIBLIOTECARIO; ESTATUTARIO;3264,68;;3264,68;403,73;2860,95;
DAVISON MAIA BRAGA;COORD. ADMINISTRAT. FINANCEIRA;AUX.ADM-III;AUX ADM; ESTATUTARIO;1721,60;;1721,60;171,02;1550,58;
DAYANNA ARAUJO PEREIRA;COORD. ADMINISTRAT. FINANCEIRA;GERENTE;NAO INFORMADO; CARGO COMISSION.S/VINCULO;2713,79;;2713,79;187,28;2526,51;
DAYSE DA SILVA PRESTES;COORD. ADMINISTRAT. FINANCEIRA;GERENTE;GERENTE AD 2; CARGO COMISSION.S/VINCULO;2199,79;;2199,79;137,30;2062,49;
DEBORA DA SILVA MARQUES;COORD. ADMINISTRAT. FINANCEIRA;GERENTE;GERENTE AD-2; CARGO COMISSION.S/VINCULO;4709,79;;4709,79;658,51;4051,28;
DENIO ALEX SILVA DA MOTA;COORD. ADMINISTRAT. FINANCEIRA;GERENTE;GERENTE AD-2; CARGO COMISSION.S/VINCULO;3109,79;;3109,79;270,12;2839,67;
DENIS CARVALHO DA SILVA;COORD. ADMINISTRAT. FINANCEIRA;ASSESSOR III;ASSESSOR III; CARGO COMISSION.S/VINCULO;3691,80;;3691,80;383,88;3307,92;
DEYZILANE DA SILVA MARINHO;COORD. ADMINISTRAT. FINANCEIRA;ASSESSOR II;ASSESSOR II; CARGO COMISSION.S/VINCULO;2713,79;;2713,79;187,28;2526,51;
DIANGELYS DOS SANTOS CONCEICAO;COORD. ADMINISTRAT. FINANCEIRA;AUX.ADM-III;AUX ADM; ESTATUTARIO;1721,60;;1721,60;159,62;1561,98;
DIEGO DE SOUZA PEREIRA;COORD. ADMINISTRAT. FINANCEIRA;ASSESSOR III;NAO INFORMADO; CARGO COMISSION.S/VINCULO;1835,80;;1835,80;104,54;1731,26;
DIOGO PEREIRA NEVES;COORD. ADMINISTRAT. FINANCEIRA;AUX.O-III;AUX.OP.MONTA.EVENTOS; ESTATUTARIO;1657,31;;1657,31;162,02;1495,29;
DIONE MACIEL DA SILVA;COORD. ADMINISTRAT. FINANCEIRA;AUX.O-III;AUX OP CAMAM TEATRO; ESTATUTARIO;2105,81;;2105,81;162,02;1943,79;
DOUGLAS RIKER ALENCAR CARDOSO;COORD. ADMINISTRAT. FINANCEIRA;SUBGERENTE;NAO INFORMADO; CARGO COMISSION.S/VINCULO;2181,80;;2181,80;135,68;2046,12;
DOUGLAS SOARES DA SILVA;COORD. ADMINISTRAT. FINANCEIRA;AUX.O-III;AUX.OP.MONT.EVENTOS; ESTATUTARIO;2641,08;;2641,08;162,02;2479,06;
DULCE MARIA LIMA FERREIRA;COORD. ADMINISTRAT. FINANCEIRA;ASSESSOR III;NAO INFORMADO; CARGO COMISSION.S/VINCULO;2393,80;;2393,80;154,76;2239,04;
EDMAR PEREIRA RIBEIRO;COORD. ADMINISTRAT. FINANCEIRA;VIGIA-II;; ESTATUTARIO;2506,15;;2506,15;175,45;2330,70;
EDMYLSON ROSAS JUNIOR;COORD. ADMINISTRAT. FINANCEIRA;ASSISTENTE TECNICO I;; ESTATUTARIO;2805,53;;2805,53;236,00;2569,53;
EDNA GOMES REZENDE;COORD. ADMINISTRAT. FINANCEIRA;GERENTE;GERENTE AD-2; CARGO COMISSION.S/VINCULO;3979,72;;3979,72;461,33;3518,39;
EDNEA ROCHA DA SILVA;COORD. ADMINISTRAT. FINANCEIRA;AUX.O-III;; ESTATUTARIO;2105,81;;2105,81;162,02;1943,79;
EDSON DE SOUZA MELO;COORD. ADMINISTRAT. FINANCEIRA;AUX.O-III;AUX. OPER. CENOTECN; ESTATUTARIO;2641,08;;2641,08;162,02;2479,06;
EILEN MARIA DE SOUZA QUEIROZ;COORD. ADMINISTRAT. FINANCEIRA;GERENTE;GERENTE AD-2; CARGO COMISSION.S/VINCULO;3049,05;;3049,05;258,83;2790,22;
ELENICE CORREA BASTOS;COORD. ADMINISTRAT. FINANCEIRA;ENG-III;ENGENHEIRO; ESTATUTARIO;6101,48;;6101,48;1239,60;4861,88;
ELIANE DE VASCONCELOS GOMES BATISTA;COORD. ADMINISTRAT. FINANCEIRA;AUX.O-III;AUX OP COSTUREIRA; ESTATUTARIO;2641,08;;2641,08;162,02;2479,06;
ELIEZER BACELAR DA SILVA;COORD. ADMINISTRAT. FINANCEIRA;AFINADOR DE INSTRUMENTOS;; ESTATUTARIO;3091,64;;3091,64;227,73;2863,91;
ELISEA MARIA DOS SANTOS BATALHA;COORD. ADMINISTRAT. FINANCEIRA;ASSESSOR II;NAO INFORMADO; CARGO COMISSION.S/VINCULO;4709,79;;4709,79;658,51;4051,28;
ELISIA CRISTINA DE VASCONCELOS;COORD. ADMINISTRAT. FINANCEIRA;ASSESSOR III;ASSESSOR III; CARGO COMISSION.S/VINCULO;3691,80;;3691,80;383,88;3307,92;
ELIZABETH GUERRA CANTANHEDE;COORD. ADMINISTRAT. FINANCEIRA;ASSESSOR I;ASSESSOR I; ESTATUTARIO;5477,25;;5477,25;829,01;4648,24;
ELIZABETH MARIA MACEDO DE LIMA;COORD. ADMINISTRAT. FINANCEIRA;GERENTE;GERENTE AD-2; CARGO COMISSION.S/VINCULO;2713,79;;2713,79;187,28;2526,51;
ELLEN CRISTINA DOS S NASCIMENTO;COORD. ADMINISTRAT. FINANCEIRA;GERENTE;; CARGO COMISSION.S/VINCULO;3109,79;;3109,79;270,12;2839,67;
ELSON DA COSTA SALES;COORD. ADMINISTRAT. FINANCEIRA;ASSESSOR III;; CARGO COMISSION.S/VINCULO;2181,80;;2181,80;135,68;2046,12;
EMANUELLE MENEZES FIGUEIREDO;COORD. ADMINISTRAT. FINANCEIRA;ASSESSOR II;; CARGO COMISSION.S/VINCULO;3209,79;;3209,79;388,72;2821,07;
ERISVALDO AZEVEDO SILVA;COORD. ADMINISTRAT. FINANCEIRA;ASSESSOR III;NAO INFORMADO; CARGO COMISSION.S/VINCULO;2393,80;;2393,80;154,76;2239,04;
ERNANI GARCIA LINO DOS SANTOS;COORD. ADMINISTRAT. FINANCEIRA;A.TEC-III;ASSIST. TEC. GUIA; ESTATUTARIO;1850,19;;1850,19;189,03;1661,16;
EXPEDITO LUIZ BATISTA NETO;COORD. ADMINISTRAT. FINANCEIRA;AUX.BIBLI-III;AUX. BIBLIOTECA; ESTATUTARIO;1721,60;;1721,60;171,02;1550,58;
FABIANA DE ALMEIDA LIMA;COORD. ADMINISTRAT. FINANCEIRA;ASSESSOR I;; CARGO COMISSION.S/VINCULO;5729,77;;5729,77;998,67;4731,10;
FABIANA ROBERTA GENTIL PEREIRA;COORD. ADMINISTRAT. FINANCEIRA;AUX.BIBLI-III;; ESTATUTARIO;1721,60;;1721,60;171,02;1550,58;
FABIO GREY BRITO MORENO;COORD. ADMINISTRAT. FINANCEIRA;A.TEC-III;ASS. TEC. SONOPLASTA; ESTATUTARIO;3081,54;;3081,54;189,03;2892,51;
FATIMA DIANA DA GLORIA MOREIRA;COORD. ADMINISTRAT. FINANCEIRA;TEC.DE NIVEL SUPERIOR 2A CLASSE;; ESTATUTARIO;5698,74;;5698,74;848,91;4849,83;
FERNANDA DA SILVA FROTA;COORD. ADMINISTRAT. FINANCEIRA;ARQT-III;ARQUITETO; ESTATUTARIO;5780,00;;5780,00;1124,75;4655,25;
FERNANDO GONCALVES MARQUES JUNIOR;COORD. ADMINISTRAT. FINANCEIRA;GERENTE;; CARGO COMISSION.S/VINCULO;2713,79;;2713,79;187,28;2526,51;
FLAVIO SENA CARVALHO;COORD. ADMINISTRAT. FINANCEIRA;ASSESSOR III;NAO INFORMADO; CARGO COMISSION.S/VINCULO;3691,80;;3691,80;383,88;3307,92;
FRANCISCA FRANCY COSTA BARROSO;COORD. ADMINISTRAT. FINANCEIRA;AUX.DE APOIO ADMINISTRATIVO II;; ESTATUTARIO;2803,70;;2803,70;186,62;2617,08;
FRANCISCA PORTELA MACIEL;COORD. ADMINISTRAT. FINANCEIRA;SUBGERENTE;SUBGERENTE AD-3; CARGO COMISSION.S/VINCULO;2393,80;;2393,80;154,76;2239,04;
FRANCISCO ALESSANDRO PEREIRA ROSA;COORD. ADMINISTRAT. FINANCEIRA;AUX.O-III;ARTIFICE; ESTATUTARIO;1657,31;;1657,31;162,02;1495,29;
FRANCISCO CARLOS DE SOUZA ANDRADE;COORD. ADMINISTRAT. FINANCEIRA;GERENTE;GERENTE AD-2; CARGO COMISSION.S/VINCULO;3451,72;;3451,72;333,72;3118,00;
FRANCISCO CARLOS MONTEIRO ARRUDA;COORD. ADMINISTRAT. FINANCEIRA;AUX.BIBLI-III;AUX. BIBLIOTECA; ESTATUTARIO;1721,60;;1721,60;171,02;1550,58;
FRANCISCO EDUARDO ALVES DE ALMEIDA;COORD. ADMINISTRAT. FINANCEIRA;AUX.BIBLI-III;AUX. BIBLIOTECA; ESTATUTARIO;1721,60;;1721,60;171,02;1550,58;
FRANCISCO RODRIGUES CAVALCANTE;COORD. ADMINISTRAT. FINANCEIRA;A.TEC-II;; ESTATUTARIO;1785,46;;1785,46;204,69;1580,77;
FRANKLIN CARNEIRO DA MOTA;COORD. ADMINISTRAT. FINANCEIRA;ENG-I;GERENTE AD 2; ESTATUTARIO;11455,91;;11455,91;3058,94;8396,97;
FRED MARCIO DOS SANTOS BARBOSA;COORD. ADMINISTRAT. FINANCEIRA;GERENTE;GERENTE AD-2; CARGO COMISSION.S/VINCULO;3049,05;;3049,05;258,83;2790,22;
FUED FELIPE PRESTES LACOUTH;COORD. ADMINISTRAT. FINANCEIRA;SUBGERENTE;NAO INFORMADO; CARGO COMISSION.S/VINCULO;3691,80;;3691,80;383,88;3307,92;
GABRIELE LIMA DA CUNHA;COORD. ADMINISTRAT. FINANCEIRA;GERENTE;GERENTE; CARGO COMISSION.S/VINCULO;2713,79;;2713,79;187,28;2526,51;
GALBEN GABRIEL LACERDA DE SOUSA;COORD. ADMINISTRAT. FINANCEIRA;A.TEC-III;AS.TEC. DESEN/CADIST; ESTATUTARIO;1850,19;;1850,19;189,03;1661,16;
GAUDEVANE DA SILVA CARVALHO;COORD. ADMINISTRAT. FINANCEIRA;GERENTE;NAO INFORMADO; CARGO COMISSION.S/VINCULO;2411,79;;2411,79;156,38;2255,41;
GELSON PEREIRA LIMA;COORD. ADMINISTRAT. FINANCEIRA;SUBGERENTE;NAO INFORMADO; CARGO COMISSION.S/VINCULO;2181,80;;2181,80;135,68;2046,12;
GERALDA MARIA MAGELA BRAGA DE SOUZA;COORD. ADMINISTRAT. FINANCEIRA;ASSISTENTE TECNICO I;; ESTATUTARIO;3231,97;;3231,97;276,10;2955,87;
GERONIMO DA SILVA LIMA;COORD. ADMINISTRAT. FINANCEIRA;AUX.S.G-II;; ESTATUTARIO;1935,15;;1935,15;175,45;1759,70;
GEYSIANE GOMES SEVERIANO;COORD. ADMINISTRAT. FINANCEIRA;ASSESSOR III;NAO INFORMADO; CARGO COMISSION.S/VINCULO;2030,80;;2030,80;122,09;1908,71;
GILBERTO RODRIGUES DE SOUZA JUNIOR;COORD. ADMINISTRAT. FINANCEIRA;OPERADOR DE SOM;; ESTATUTARIO;2695,47;;2695,47;206,94;2488,53;
GILDOMAR DA ROCHA CAMPOS;COORD. ADMINISTRAT. FINANCEIRA;AUX.TECNICO ADMINISTRATIVO II;; ESTATUTARIO;3419,92;;3419,92;281,64;3138,28;
GILMAR CASTRO DE AQUINO JUNIOR;COORD. ADMINISTRAT. FINANCEIRA;AUX.O-III;AUX. OP. MONT. EVENT; ESTATUTARIO;2105,81;;2105,81;162,02;1943,79;
GILSON MAURO DE OLIVEIRA PEREIRA;COORD. ADMINISTRAT. FINANCEIRA;GERENTE;GERENTE AD-2; CARGO COMISSION.S/VINCULO;3709,79;;3709,79;388,72;3321,07;
GIOVANNI ARAUJO SANTIAGO;COORD. ADMINISTRAT. FINANCEIRA;A.TEC-III;AS. TEC. WEB DESIGN; ESTATUTARIO;1850,19;;1850,19;189,03;1661,16;
GISELANE CAMPOS ESPADIM;COORD. ADMINISTRAT. FINANCEIRA;A.TEC-III;ASSIST. TECNICO; ESTATUTARIO;1850,19;;1850,19;189,03;1661,16;
GISELE FELIPE CUNHA FERNANDES;COORD. ADMINISTRAT. FINANCEIRA;TNS-III;T.N.S TURISMO; ESTATUTARIO;3586,16;;3586,16;488,32;3097,84;
GLAUCIOMAR DE ASSIS PASSOS NOGUEIRA;COORD. ADMINISTRAT. FINANCEIRA;GERENTE;NAO INFORMADO; CARGO COMISSION.S/VINCULO;2411,79;;2411,79;156,38;2255,41;
GLEICE SOUZA BARROS;COORD. ADMINISTRAT. FINANCEIRA;AUX.O-III;AUX.OP.MONT.EVENTOS; ESTATUTARIO;2663,81;;2663,81;162,02;2501,79;
GLORIA MARIA QUEIROZ MENDONCA;COORD. ADMINISTRAT. FINANCEIRA;TNS-I;; ESTATUTARIO;5138,16;;5138,16;799,76;4338,40;
HANY MATOS CANDIDO;COORD. ADMINISTRAT. FINANCEIRA;TNS-III;; ESTATUTARIO;4614,88;;4614,88;572,81;4042,07;
HARLEY HERON DA SILVA MENDONCA;COORD. ADMINISTRAT. FINANCEIRA;AUX.O-III;AUX.OP.MONT.EVENTOS; ESTATUTARIO;2105,81;;2105,81;162,02;1943,79;
HELIO DA COSTA DANTAS;COORD. ADMINISTRAT. FINANCEIRA;HIST-III;HISTORIADOR; ESTATUTARIO;3264,68;;3264,68;422,58;2842,10;
HELLEN CRISTINA DA SILVA ALMEIDA;COORD. ADMINISTRAT. FINANCEIRA;AUX.ADM-III;AUX ADM; ESTATUTARIO;1721,60;;1721,60;171,02;1550,58;
HERMES DA SILVA DOS SANTOS;COORD. ADMINISTRAT. FINANCEIRA;AUX.ADM-III;AUX ADM; ESTATUTARIO;1721,60;;1721,60;171,02;1550,58;
HERSON DE SOUZA CRISPIM;COORD. ADMINISTRAT. FINANCEIRA;A.TEC-III;; ESTATUTARIO;1350,19;;1350,19;;1350,19;
HINCIA DE SOUZA PEREIRA;COORD. ADMINISTRAT. FINANCEIRA;GERENTE;GERENTE AD-2; CARGO COMISSION.S/VINCULO;3709,79;;3709,79;388,72;3321,07;
IARA LANE ARAUJO DA SILVA;COORD. ADMINISTRAT. FINANCEIRA;TECNICO DE NIVEL SUPERIOR;TEC. NIV. SUPERIOR; ESTATUTARIO;3795,95;;3795,95;503,13;3292,82;
IEDA DE CASTRO RODRIGUES;COORD. ADMINISTRAT. FINANCEIRA;ASSISTENTE TECNICO I;ASSISTENTE TECNICO I; ESTATUTARIO;1869,31;;1869,31;251,59;1617,72;
IRENILCE CARVALHO DUARTE COLHYER;COORD. ADMINISTRAT. FINANCEIRA;GERENTE;GERENTE AD-2; CARGO COMISSION.S/VINCULO;3709,79;;3709,79;388,72;3321,07;
IVAN FELIPE DOS REIS OLIVEIRA;COORD. ADMINISTRAT. FINANCEIRA;AUX.O-III;AUX. OPER. CENOTECN; ESTATUTARIO;2965,81;;2965,81;192,00;2773,81;
IVETE PESSOA DA SILVA;COORD. ADMINISTRAT. FINANCEIRA;A.TEC-I;GERENTE AD 2; ESTATUTARIO;5689,34;;5689,34;722,82;4966,52;
IZOLINA VIEIRA BENTOLILA;COORD. ADMINISTRAT. FINANCEIRA;A.TEC-I;; ESTATUTARIO;3641,01;;3641,01;306,77;3334,24;
JAIR JACQMONT CANTANHEDE;COORD. ADMINISTRAT. FINANCEIRA;A.TEC-I;; ESTATUTARIO;4613,29;;4613,29;468,82;4144,47;
JANAINA MARGARIDA CARLOS COSTA;COORD. ADMINISTRAT. FINANCEIRA;GERENTE;GERENTE AD-2; CARGO COMISSION.S/VINCULO;3109,79;;3109,79;270,12;2839,67;
JANDR LUCIO GUIMARAES DOS REIS;COORD. ADMINISTRAT. FINANCEIRA;GERENTE;GERENTE AD 2; CARGO COMISSION.S/VINCULO;4779,72;;4779,72;681,83;4097,89;
JANE DOS SANTOS FONTENELLE;COORD. ADMINISTRAT. FINANCEIRA;A.TEC-II;; ESTATUTARIO;4141,46;;4141,46;336,97;3804,49;
JANETE ALBUQUERQUE DE SOUZA;COORD. ADMINISTRAT. FINANCEIRA;A.TEC-II;CHEFE DE DEPARTAMENT; ESTATUTARIO;6335,46;;6335,46;831,65;5503,81;
JANETE OLIVEIRA MATOS;COORD. ADMINISTRAT. FINANCEIRA;SUBGERENTE;NAO INFORMADO; CARGO COMISSION.S/VINCULO;2393,80;;2393,80;154,76;2239,04;
JANILSON DOS SANTOS LOPES;COORD. ADMINISTRAT. FINANCEIRA;AUX.O-III;; ESTATUTARIO;2105,81;;2105,81;162,02;1943,79;
JAQUELINE BATISTA DE SOUZA;COORD. ADMINISTRAT. FINANCEIRA;SUBGERENTE;; CARGO COMISSION.S/VINCULO;3091,80;;3091,80;266,78;2825,02;
JEFFERSON DOS SANTOS BELARMINO;COORD. ADMINISTRAT. FINANCEIRA;GERENTE;NAO INFORMADO; CARGO COMISSION.S/VINCULO;2199,79;;2199,79;137,30;2062,49;
JENNIFFER RIBEIRO DA SILVA;COORD. ADMINISTRAT. FINANCEIRA;ASSESSOR II;ASSESSOR II AD2; CARGO COMISSION.S/VINCULO;4709,79;;4709,79;658,51;4051,28;
JESSILDA RIBEIRO FURTADO;COORD. ADMINISTRAT. FINANCEIRA;A.TEC-I;CH. DE DPTO. AD-1; ESTATUTARIO;6386,87;;6386,87;853,59;5533,28;
JOAO BATISTA COELHO DOS SANTOS;COORD. ADMINISTRAT. FINANCEIRA;A.TEC-I;; ESTATUTARIO;2371,83;;2371,83;222,18;2149,65;
JOAO BOSCO BORGES FERREIRA;COORD. ADMINISTRAT. FINANCEIRA;GERENTE;NAO INFORMADO; CARGO COMISSION.S/VINCULO;3709,79;;3709,79;388,72;3321,07;
JOAO MARCOS OLIVEIRA DE PAULA;COORD. ADMINISTRAT. FINANCEIRA;REST-III;; ESTATUTARIO;3686,24;;3686,24;527,14;3159,10;
JOAO PAULO TOMAS DA SILVA DE AQUINO;COORD. ADMINISTRAT. FINANCEIRA;AUX.O-III;AUX. OPER. CENOTECN; ESTATUTARIO;2451,81;;2451,81;162,02;2289,79;
JOARA MARIA FERREIRA MARQUES;COORD. ADMINISTRAT. FINANCEIRA;CHEFE DE DEPARTAMENTO;NAO INFORMADO; CARGO COMISSION.S/VINCULO;5729,77;;5729,77;998,67;4731,10;
JONAS WESEN DE SOUZA;COORD. ADMINISTRAT. FINANCEIRA;GERENTE;GERENTE AD-2; CARGO COMISSION.S/VINCULO;2713,79;;2713,79;187,28;2526,51;
JOSE ABILIO DE MOURA FARIAS JUNIOR;COORD. ADMINISTRAT. FINANCEIRA;AUX.ADM-III;AUX ADM; ESTATUTARIO;2105,81;;2105,81;171,02;1934,79;
JOSE AUGUSTO DA SILVA GUIMARAES;COORD. ADMINISTRAT. FINANCEIRA;A.TEC-I;; ESTATUTARIO;2912,34;;2912,34;219,73;2692,61;
JOSE CASTELO DO NASCIMENTO;COORD. ADMINISTRAT. FINANCEIRA;ASSISTENTE TECNICO III;ASSIST. TECNICO III; ESTATUTARIO;3394,96;;3394,96;300,04;3094,92;
JOSE LUCIO DOS SANTOS;COORD. ADMINISTRAT. FINANCEIRA;AUX.BIBLI-III;AUXILIAR DE BIBLIOT.; ESTATUTARIO;1721,60;;1721,60;171,02;1550,58;
JOSE LUIS ALMEIDA DOS SANTOS;COORD. ADMINISTRAT. FINANCEIRA;A.TEC-I;CHEFE DE DEPARTAMENT; ESTATUTARIO;6519,89;;6519,89;852,86;5667,03;
JOSE MARIA MARQUES H JUNIOR;COORD. ADMINISTRAT. FINANCEIRA;A.TEC-III;ASSIST TECNICO; ESTATUTARIO;3081,54;;3081,54;225,67;2855,87;
JOSE PEREIRA BELEM;COORD. ADMINISTRAT. FINANCEIRA;VIGIA;; ESTATUTARIO;2652,73;;2652,73;163,25;2489,48;
JOSE ROGERIO DOS REIS OLIVEIRA;COORD. ADMINISTRAT. FINANCEIRA;GERENTE;NAO INFORMADO; CARGO COMISSION.S/VINCULO;4709,79;;4709,79;658,51;4051,28;
JOSIAS DE ARAUJO SILVA;COORD. ADMINISTRAT. FINANCEIRA;ASSESSOR III;NAO INFORMADO; CARGO COMISSION.S/VINCULO;1835,80;;1835,80;104,54;1731,26;
JUDETH MARIA FERREIRA DA COSTA;COORD. ADMINISTRAT. FINANCEIRA;TNS-II;; ESTATUTARIO;4724,67;;4724,67;642,09;4082,58;
JULIA COIMBRA BRAGA;COORD. ADMINISTRAT. FINANCEIRA;ASSESSOR II;NAO INFORMADO; CARGO COMISSION.S/VINCULO;3709,79;;3709,79;388,72;3321,07;
JULIANE FERNANDES PEREIRA;COORD. ADMINISTRAT. FINANCEIRA;AUX.BIBLI-III;; ESTATUTARIO;1721,60;;1721,60;171,02;1550,58;
KAMILA KAROLINE CORDOVIL CERQUEIRA;COORD. ADMINISTRAT. FINANCEIRA;GERENTE;NAO INFORMADO; CARGO COMISSION.S/VINCULO;3709,79;;3709,79;388,72;3321,07;
KARINE DE FREITAS SANTOS;COORD. ADMINISTRAT. FINANCEIRA;GERENTE;NAO INFORMADO; CARGO COMISSION.S/VINCULO;2199,79;;2199,79;137,30;2062,49;
KAROLINY VERAS PEREIRA DA COSTA;COORD. ADMINISTRAT. FINANCEIRA;AUX.BIBLI-III;AUX. BIBLIOTECA; ESTATUTARIO;1721,60;;1721,60;171,02;1550,58;
KATHYUSCIA CASTILHO CORREA;COORD. ADMINISTRAT. FINANCEIRA;GERENTE;GERENTE AD-2; CARGO COMISSION.S/VINCULO;3109,79;;3109,79;270,12;2839,67;
KATTERINE ELIZABETH SUANO DA COSTA;COORD. ADMINISTRAT. FINANCEIRA;GERENTE;GERENTE AD-2; CARGO COMISSION.S/VINCULO;3109,79;;3109,79;234,80;2874,99;
KELLEN DIANE NASCIMENTO DE SOUZA;COORD. ADMINISTRAT. FINANCEIRA;AUX.BIBLI-III;AUX. BIBLIOTECA; ESTATUTARIO;1721,60;;1721,60;171,02;1550,58;
KELVIN SANTOS DE LUCENA;COORD. ADMINISTRAT. FINANCEIRA;AUX.O-III;AUX. OPER. CENOTECN; ESTATUTARIO;2105,81;;2105,81;162,02;1943,79;
LAIS CAVALCANTE BIVAR CORREA;COORD. ADMINISTRAT. FINANCEIRA;ASSESSOR III;NAO INFORMADO; CARGO COMISSION.S/VINCULO;2695,80;;2695,80;185,12;2510,68;
LARISSA FERREIRA PEREIRA;COORD. ADMINISTRAT. FINANCEIRA;TNS-III;T.N.S. TURISMO; ESTATUTARIO;3264,68;;3264,68;422,58;2842,10;
LEANDRO AUGUSTO PEREIRA EBLING;COORD. ADMINISTRAT. FINANCEIRA;SUBGERENTE;; CARGO COMISSION.S/VINCULO;2695,80;;2695,80;185,12;2510,68;
LEANDRO DOS SANTOS SOARES;COORD. ADMINISTRAT. FINANCEIRA;AUX.O-III;AUX. OP. MONT. ORQ; ESTATUTARIO;2043,08;;2043,08;162,02;1881,06;
LEIDE FOLGOSA BARROSO MUNOZ;COORD. ADMINISTRAT. FINANCEIRA;A.TEC-III;; ESTATUTARIO;1850,19;;1850,19;189,03;1661,16;
LEILSON ASSAD DE SOUZA;COORD. ADMINISTRAT. FINANCEIRA;A.TEC-II;; ESTATUTARIO;2631,46;;2631,46;204,69;2426,77;
LUCIANA PESSOA BALTAR;COORD. ADMINISTRAT. FINANCEIRA;A.TEC-II;GERENTE AD-2; ESTATUTARIO;5335,46;;5335,46;525,17;4810,29;
LUCIANA RIBEIRO BACURI;COORD. ADMINISTRAT. FINANCEIRA;ASSESSOR II;NAO INFORMADO; CARGO COMISSION.S/VINCULO;2713,79;;2713,79;187,28;2526,51;
LUCIANO COELHO DE LIMA;COORD. ADMINISTRAT. FINANCEIRA;GERENTE;NAO INFORMADO; CARGO COMISSION.S/VINCULO;2199,79;;2199,79;137,30;2062,49;
LUCIANO ROBERT DOS SANTOS MAFRA;COORD. ADMINISTRAT. FINANCEIRA;ASSESSOR III;ASSESSOR III AD-3; CARGO COMISSION.S/VINCULO;2695,80;;2695,80;185,12;2510,68;
LUCIO BRAZ DE LIMA REIS;COORD. ADMINISTRAT. FINANCEIRA;A.TEC-III;ASSIST.TEC.OP.ILUM.; ESTATUTARIO;2779,54;;2779,54;203,02;2576,52;
LUIS AURELIO NINA DEL CAMPO;COORD. ADMINISTRAT. FINANCEIRA;A.TEC-III;; ESTATUTARIO;1850,19;;1850,19;189,03;1661,16;
LUIZ CARLOS DE MATOS BONATES;COORD. ADMINISTRAT. FINANCEIRA;SECRETARIO EXECUTIVO;NAO INFORMADO; CARGO COMISSION.S/VINCULO;12200,00;;12200,00;2865,12;9334,88;
LUIZ FELIPE LIMA DE ALBUQUERQUE;COORD. ADMINISTRAT. FINANCEIRA;A.TEC-III;ASS. TEC. GUIA; ESTATUTARIO;1800,25;;1800,25;189,03;1611,22;
LUIZ GAJOLA FERREIRA BRAGA;COORD. ADMINISTRAT. FINANCEIRA;A.OPE-III;ASSIST.TEC.OP.CINEG.; ESTATUTARIO;1850,19;;1850,19;189,03;1661,16;
LUIZ PAIXAO CABRAL MARQUES;COORD. ADMINISTRAT. FINANCEIRA;VIGIA-II;; ESTATUTARIO;1935,15;;1935,15;175,45;1759,70;
LUZIENE PINHEIRO PASSOS;COORD. ADMINISTRAT. FINANCEIRA;A.OPE-III;AS. OP. EDIT. IMAGEM; ESTATUTARIO;4077,54;;4077,54;342,51;3735,03;
MANUELLA DE BARROS SILVA PEDROSA;COORD. ADMINISTRAT. FINANCEIRA;GERENTE;NAO INFORMADO; CARGO COMISSION.S/VINCULO;4709,79;;4709,79;658,51;4051,28;
MARCELO FURTADO MACHADO LEITAO;COORD. ADMINISTRAT. FINANCEIRA;AUX.ADM-III;AUX ADM; ESTATUTARIO;1721,60;;1721,60;171,02;1550,58;
MARCIO JUNIO SILVA DO NASCIMENTO;COORD. ADMINISTRAT. FINANCEIRA;GERENTE;; CARGO COMISSION.S/VINCULO;2199,79;;2199,79;137,30;2062,49;
MARCOS ANTONIO REPOLHO RAMOS;COORD. ADMINISTRAT. FINANCEIRA;AUX.ADM-III;; ESTATUTARIO;1721,60;;1721,60;171,02;1550,58;
MARCOS APOLO MUNIZ DE ARAUJO;COORD. ADMINISTRAT. FINANCEIRA;SECRETARIO DE ESTADO;NAO INFORMADO; CARGO COMISSION.S/VINCULO;28560,00;;28560,00;7207,71;21352,29;
MARCOS ROBERTO SILVA LIMA;COORD. ADMINISTRAT. FINANCEIRA;AUX.BIBLI-III;AUX. BIBLIOTECA; ESTATUTARIO;1721,60;;1721,60;171,02;1550,58;
MARCOS RODRIGUES DE LIMA;COORD. ADMINISTRAT. FINANCEIRA;ASSESSOR IV;NAO INFORMADO; CARGO COMISSION.S/VINCULO;3406,15;;3406,15;325,24;3080,91;
MARCOS WILLIAMS RODRIGUES DA SILVA;COORD. ADMINISTRAT. FINANCEIRA;ASSISTENTE ADMINISTRATIVO;; ESTATUTARIO;2230,28;;2230,28;190,25;2040,03;
MARGARETH NOGUEIRA RODRIGUES;COORD. ADMINISTRAT. FINANCEIRA;AUX.ADM-III;AUX ADM; ESTATUTARIO;1721,60;;1721,60;171,02;1550,58;
MARIA ANALIA BENETTON;COORD. ADMINISTRAT. FINANCEIRA;ASSESSOR II;ASSESSOR II AD-2; CARGO COMISSION.S/VINCULO;4709,79;;4709,79;658,51;4051,28;
MARIA ARMINDA CASTRO MENDONCA SOUZA;COORD. ADMINISTRAT. FINANCEIRA;TEC.DE NIVEL SUPERIOR 2A CLASSE;; ESTATUTARIO;3328,98;;3328,98;435,73;2893,25;
MARIA AUXILIADORA DA SILVA CRUZ;COORD. ADMINISTRAT. FINANCEIRA;TEC.EM ADMINISTR.5A.CL-NM.215.11;ASSESSOR II AD 2; ESTATUTARIO;6810,37;;6810,37;1320,17;5490,20;
MARIA CLARA DA GAMA BENTES;COORD. ADMINISTRAT. FINANCEIRA;GERENTE;GERENTE AD-2; CARGO COMISSION.S/VINCULO;4709,79;;4709,79;658,51;4051,28;
MARIA CLAUDIA MAGRO DE OLIVEIRA;COORD. ADMINISTRAT. FINANCEIRA;CHEFE DE DEPARTAMENTO;NAO INFORMADO; CARGO COMISSION.S/VINCULO;5729,77;;5729,77;998,67;4731,10;
MARIA DA CONCEICAO DE SOUZA E SILVA;COORD. ADMINISTRAT. FINANCEIRA;AUX.O-III;AUX OP CAMAM TEATRO; ESTATUTARIO;2105,81;;2105,81;162,02;1943,79;
MARIA DAS GRACAS COELHO BRAGA;COORD. ADMINISTRAT. FINANCEIRA;TEC.DE NIVEL SUPERIOR 2A CLASSE;; ESTATUTARIO;3830,59;;3830,59;510,11;3320,48;
MARIA DE FATIMA DE ALMEIDA CAMPOS;COORD. ADMINISTRAT. FINANCEIRA;ASSISTENTE TECNICO III;; ESTATUTARIO;4993,26;;4993,26;430,76;4562,50;
MARIA DE FATIMA TOLEDANO BINDA;COORD. ADMINISTRAT. FINANCEIRA;ASSISTENTE TECNICO III;; ESTATUTARIO;2815,59;;2815,59;251,96;2563,63;
MARIA DE NAZARE COSTA SOARES;COORD. ADMINISTRAT. FINANCEIRA;ASSISTENTE TECNICO I;; ESTATUTARIO;2270,92;;2270,92;235,23;2035,69;
MARIA DO PERPETUO SOCORRO G LIMA;COORD. ADMINISTRAT. FINANCEIRA;ASSISTENTE TECNICO II;; ESTATUTARIO;2765,54;;2765,54;247,03;2518,51;
MARIA DO SOCORRO GOUVEA;COORD. ADMINISTRAT. FINANCEIRA;A.OPE-I;; ESTATUTARIO;4184,26;;4184,26;350,74;3833,52;
MARIA DO SOCORRO TEODORA DA COSTA;COORD. ADMINISTRAT. FINANCEIRA;AUX.ADM-III;AUX ADM; ESTATUTARIO;1721,60;;1721,60;171,02;1550,58;
MARIA ELIZABETH DA SILVA;COORD. ADMINISTRAT. FINANCEIRA;AGENTE DE ADMINISTRACAO;; ESTATUTARIO;3107,77;;3107,77;216,81;2890,96;
MARIA EMILIA GOMES DE LEIROS;COORD. ADMINISTRAT. FINANCEIRA;GERENTE;GERENTE AD-2; CARGO COMISSION.S/VINCULO;3709,79;;3709,79;388,72;3321,07;
MARIA GELICE ALBUQUERQUE DE SOUZA;COORD. ADMINISTRAT. FINANCEIRA;GERENTE;GERENTE AD-2; CARGO COMISSION.S/VINCULO;3709,79;;3709,79;388,72;3321,07;
MARIA INEZ DE SOUSA;COORD. ADMINISTRAT. FINANCEIRA;ASSISTENTE TECNICO I;; ESTATUTARIO;4065,99;;4065,99;294,54;3771,45;
MARIA JOSE NUNES MEDEIROS;COORD. ADMINISTRAT. FINANCEIRA;TEC.DE NIVEL SUPERIOR 2A CLASSE;TEC.NIV.SUP.2 CLASSE; ESTATUTARIO;5523,23;;5523,23;815,72;4707,51;
MARIA LUCIANE COELHO ITUASSU SILVA;COORD. ADMINISTRAT. FINANCEIRA;ASSESSOR I;NAO INFORMADO; CARGO COMISSION.S/VINCULO;5729,77;;5729,77;998,67;4731,10;
MARIA NAZARENE MAIA;COORD. ADMINISTRAT. FINANCEIRA;ASSISTENTE TECNICO III;ASSESSOR I AD 1; ESTATUTARIO;4794,69;;4794,69;393,70;4400,99;
MARIA SHEILA DE SOUZA CAMPOS;COORD. ADMINISTRAT. FINANCEIRA;TNS-III;; ESTATUTARIO;6539,13;;6539,13;1329,10;5210,03;
MARIA VICTORIA PEREIRA GONCALVES;COORD. ADMINISTRAT. FINANCEIRA;A.TEC-III;; ESTATUTARIO;2416,54;;2416,54;189,03;2227,51;
MARIANE SANTOS DA COSTA;COORD. ADMINISTRAT. FINANCEIRA;ASSESSOR III;ASSESSOR III AD-3; CARGO COMISSION.S/VINCULO;3091,80;;3091,80;266,78;2825,02;
MARIETE FRANCA ARAUJO;COORD. ADMINISTRAT. FINANCEIRA;A.TEC-I;; ESTATUTARIO;3214,34;;3214,34;264,03;2950,31;
MARILDA GALVAO DE OLIVEIRA;COORD. ADMINISTRAT. FINANCEIRA;ASSISTENTE TECNICO III;; ESTATUTARIO;2330,83;;2330,83;241,75;2089,08;
MARINA DE SEIXAS;COORD. ADMINISTRAT. FINANCEIRA;AUX.S.G-II;; ESTATUTARIO;2160,15;;2160,15;175,45;1984,70;
MARIZETE BRANDAO DA SILVA;COORD. ADMINISTRAT. FINANCEIRA;ASSISTENTE TECNICO I;; ESTATUTARIO;3866,57;;3866,57;260,37;3606,20;
MARONILCO MORAES DAS CHAGAS;COORD. ADMINISTRAT. FINANCEIRA;A.TEC-I;; ESTATUTARIO;7794,21;;7794,21;1543,24;6250,97;
MARSSICLEA BRITO DOS SANTOS;COORD. ADMINISTRAT. FINANCEIRA;GERENTE;; CARGO COMISSION.S/VINCULO;3709,79;;3709,79;388,72;3321,07;
MATIAS DIOGO BELFORT MAR;COORD. ADMINISTRAT. FINANCEIRA;A.OPE-III;ASSIST.TEC.OP.ELETRI; ESTATUTARIO;1850,19;;1850,19;189,03;1661,16;
MELISSA ALVES DE TOLEDO;COORD. ADMINISTRAT. FINANCEIRA;GERENTE;NAO INFORMADO; CARGO COMISSION.S/VINCULO;3109,79;;3109,79;270,12;2839,67;
MELKE ZEDEK GONZAGA DA SILVA;COORD. ADMINISTRAT. FINANCEIRA;AUX.O-III;MONTADOR DE EVENTOS; ESTATUTARIO;2105,81;;2105,81;162,02;1943,79;
MICHAEL DE FRANCA DANTAS;COORD. ADMINISTRAT. FINANCEIRA;ASSESSOR II;; CARGO COMISSION.S/VINCULO;4709,79;;4709,79;658,51;4051,28;
MICHELLE GUIMARAES MACIEL;COORD. ADMINISTRAT. FINANCEIRA;GERENTE;NAO INFORMADO; CARGO COMISSION.S/VINCULO;3709,79;;3709,79;388,72;3321,07;
MIGUEL ALVES DA SILVA;COORD. ADMINISTRAT. FINANCEIRA;GERENTE;NAO INFORMADO; CARGO COMISSION.S/VINCULO;2199,79;;2199,79;137,30;2062,49;
MIGUEL DOS SANTOS BARBOSA JUNIOR;COORD. ADMINISTRAT. FINANCEIRA;AUX.BIBLI-III;AUXILIAR BIBLIOTECA; ESTATUTARIO;1721,60;;1721,60;165,32;1556,28;
MILTON WILFREDO PAREDES ROMAN;COORD. ADMINISTRAT. FINANCEIRA;A.TEC-III;ASS. TEC. INDICADOR; ESTATUTARIO;2221,54;;2221,54;189,03;2032,51;
MIMOSA MARIA DE NOGUEIRA PAIVA;COORD. ADMINISTRAT. FINANCEIRA;TNS-I;SECRETARIO EXECUTIVO; ESTATUTARIO;5778,24;;5778,24;851,41;4926,83;
MOACYR MASSULO AGUIAR NETO;COORD. ADMINISTRAT. FINANCEIRA;ASSESSOR II;NAO INFORMADO; CARGO COMISSION.S/VINCULO;4709,79;;4709,79;658,51;4051,28;
MOARA COIMBRA ALVERCA;COORD. ADMINISTRAT. FINANCEIRA;ASSESSOR II;NAO INFORMADO; CARGO COMISSION.S/VINCULO;3709,79;;3709,79;388,72;3321,07;
MOISES SIMOES DOS SANTOS FILHO;COORD. ADMINISTRAT. FINANCEIRA;A.TEC-III;ASS. TEC. INDICADOR; ESTATUTARIO;2221,54;;2221,54;189,03;2032,51;
MOYSES DE ALMEIDA GARCIA;COORD. ADMINISTRAT. FINANCEIRA;AUX.O-III;AUX.OP.MONT.EVENTOS; ESTATUTARIO;2105,81;;2105,81;162,02;1943,79;
MURILO ALVES ACIOLI;COORD. ADMINISTRAT. FINANCEIRA;A.TEC-III;OPER. SOM/SONOPLASTA; ESTATUTARIO;2779,54;;2779,54;203,02;2576,52;
NAHIM CALELI ESPINOSA DUQUE;COORD. ADMINISTRAT. FINANCEIRA;GERENTE;GERENTE AD-2; CARGO COMISSION.S/VINCULO;3709,79;;3709,79;388,72;3321,07;
NAIANA SOUSA CAVALCANTE;COORD. ADMINISTRAT. FINANCEIRA;AUX.ADM-III;AUX ADM; ESTATUTARIO;2641,08;;2641,08;171,02;2470,06;
NAIARA ARRUDA DA COSTA;COORD. ADMINISTRAT. FINANCEIRA;TNS-III;; ESTATUTARIO;4614,88;;4614,88;629,68;3985,20;
NESTOR RIBEIRO NASCIMENTO;COORD. ADMINISTRAT. FINANCEIRA;ASSISTENTE TECNICO I;GERENTEAD-2; ESTATUTARIO;4741,01;;4741,01;414,28;4326,73;
NILDA PEREIRA VERAS;COORD. ADMINISTRAT. FINANCEIRA;GERENTE;GERENTE AD-2; CARGO COMISSION.S/VINCULO;2713,79;;2713,79;187,28;2526,51;
NIRLANDSON DA GRACA DIAS;COORD. ADMINISTRAT. FINANCEIRA;A.OPE-III;ASS. OP. MAQUINISTA; ESTATUTARIO;2779,54;;2779,54;189,03;2590,51;
OIANA DO COUTO E SILVA;COORD. ADMINISTRAT. FINANCEIRA;GERENTE;GERENTE AD-2; CARGO COMISSION.S/VINCULO;3109,79;;3109,79;270,12;2839,67;
ORLANDO DA SILVA CAMARA;COORD. ADMINISTRAT. FINANCEIRA;TEC.DE NIVEL SUPERIOR 2A CLASSE;; ESTATUTARIO;2518,15;;2518,15;443,54;2074,61;
OSMAR NEGREIROS SAID NETO;COORD. ADMINISTRAT. FINANCEIRA;GERENTE;; CARGO COMISSION.S/VINCULO;4779,72;;4779,72;681,83;4097,89;
PATRICIA OLIMPIO DA SILVA;COORD. ADMINISTRAT. FINANCEIRA;GERENTE;GERENTE; CARGO COMISSION.S/VINCULO;2713,79;;2713,79;187,28;2526,51;
PAULO JUNIOR DA SILVA MENEZES;COORD. ADMINISTRAT. FINANCEIRA;AUX.ADM-III;; ESTATUTARIO;1721,60;;1721,60;171,02;1550,58;
PEDRO MARCOS MANSOUR ANDES;COORD. ADMINISTRAT. FINANCEIRA;HIST-III;HISTORIADOR; ESTATUTARIO;3086,16;;3086,16;474,10;2612,06;
PIETRO ANTONIO PAIVA DA SILVA;COORD. ADMINISTRAT. FINANCEIRA;AUX.BIBLI-III;; ESTATUTARIO;1721,60;;1721,60;171,02;1550,58;
PRINCE BRUNO DA SILVA LOPES;COORD. ADMINISTRAT. FINANCEIRA;ENG-III;ENGENHEIRO; ESTATUTARIO;5780,00;;5780,00;996,78;4783,22;
PRISCILA NOGUEIRA DE SOUZA;COORD. ADMINISTRAT. FINANCEIRA;GERENTE;NAO INFORMADO; CARGO COMISSION.S/VINCULO;2199,79;;2199,79;137,30;2062,49;
QUETLEN FOUVE UCHOA DE SOUSA;COORD. ADMINISTRAT. FINANCEIRA;GERENTE;GERENTE AD-2; CARGO COMISSION.S/VINCULO;3709,79;;3709,79;388,72;3321,07;
RAFAELA FERNANDES DA COSTA;COORD. ADMINISTRAT. FINANCEIRA;SUBGERENTE;NAO INFORMADO; CARGO COMISSION.S/VINCULO;2181,80;;2181,80;135,68;2046,12;
RAIMUNDA LIMA DA SILVA;COORD. ADMINISTRAT. FINANCEIRA;GERENTE;GERENTE AD-2; CARGO COMISSION.S/VINCULO;2411,79;;2411,79;156,38;2255,41;
RAIMUNDO NONATO DOS SANTOS BRAGA;COORD. ADMINISTRAT. FINANCEIRA;A.TEC-I;; ESTATUTARIO;4119,12;;4119,12;346,40;3772,72;
RAIMUNDO NONATO PEREIRA NASCIMENTO;COORD. ADMINISTRAT. FINANCEIRA;ASSESSOR III;; CARGO COMISSION.S/VINCULO;2695,80;;2695,80;185,12;2510,68;
RAISSA PANTOJA OLIVEIRA DE MATOS;COORD. ADMINISTRAT. FINANCEIRA;SUBGERENTE;SUBGERENTE AD-3; CARGO COMISSION.S/VINCULO;3691,80;;3691,80;383,88;3307,92;
RANOLFO CASSIANO RABELO;COORD. ADMINISTRAT. FINANCEIRA;AUX.TECNICO ADMINISTRATIVO II;; ESTATUTARIO;3044,10;;3044,10;231,42;2812,68;
RAQUEL PEREIRA DA FONTOURA;COORD. ADMINISTRAT. FINANCEIRA;GERENTE;GERENTE AD-2; CARGO COMISSION.S/VINCULO;2713,79;;2713,79;187,28;2526,51;
RAQUEL SERIQUE REIS;COORD. ADMINISTRAT. FINANCEIRA;TNS-III;T.N.S TURISMO; ESTATUTARIO;3650,45;;3650,45;501,46;3148,99;
RAYDMA LOUREIRO ARAUJO;COORD. ADMINISTRAT. FINANCEIRA;ASSISTENTE TECNICO I;; ESTATUTARIO;2590,34;;2590,34;233,18;2357,16;
REGINA MARIA LOPES PEREIRA LOBATO;COORD. ADMINISTRAT. FINANCEIRA;TNS-I;CH. DE DPTO AD 1; ESTATUTARIO;17851,58;;17851,58;5060,82;12790,76;
REGMA DA SILVA MAGNO;COORD. ADMINISTRAT. FINANCEIRA;SUBGERENTE;SUBGERENTE; CARGO COMISSION.S/VINCULO;3091,80;;3091,80;266,78;2825,02;
RENATO PEREIRA DA SILVA JUNIOR;COORD. ADMINISTRAT. FINANCEIRA;GERENTE;GERENTE AD 2; CARGO COMISSION.S/VINCULO;3451,72;;3451,72;275,83;3175,89;
ROCHEL DA SILVA ROCHA;COORD. ADMINISTRAT. FINANCEIRA;A.TEC-III;ASSISTENTE TECNICO; ESTATUTARIO;1850,19;;1850,19;189,03;1661,16;
RODRIGO BARROS GOMES;COORD. ADMINISTRAT. FINANCEIRA;AUX.ADM-III;AUX ADM; ESTATUTARIO;1721,60;;1721,60;171,02;1550,58;
RODRIGO DA CRUZ DE OLIVEIRA;COORD. ADMINISTRAT. FINANCEIRA;AUX.ADM-III;AUX ADM; ESTATUTARIO;1721,60;;1721,60;171,02;1550,58;
ROMULO CESAR COELHO DE CASTRO;COORD. ADMINISTRAT. FINANCEIRA;A.TEC-III;ASSIST TECNICO; ESTATUTARIO;4077,54;;4077,54;342,51;3735,03;
RONILTON LEAO DE SOUZA;COORD. ADMINISTRAT. FINANCEIRA;AUX.ADM-III;; ESTATUTARIO;1221,60;;1221,60;171,02;1050,58;
ROSA CAPOTE VIEIRA;COORD. ADMINISTRAT. FINANCEIRA;GERENTE;GERENTE AD-2; CARGO COMISSION.S/VINCULO;4709,79;;4709,79;658,51;4051,28;
ROSIANE GARCIA PEREIRA;COORD. ADMINISTRAT. FINANCEIRA;A.TEC-III;ASSESSOR III; ESTATUTARIO;1850,19;;1850,19;180,81;1669,38;
ROSILDA OTAVIA MARQUES TEIXEIRA;COORD. ADMINISTRAT. FINANCEIRA;TEC.DE NIVEL SUPERIOR 2A CLASSE;; ESTATUTARIO;3290,29;;3290,29;506,75;2783,54;
ROSIMAR SOBRINHO DOS SANTOS;COORD. ADMINISTRAT. FINANCEIRA;ASSESSOR III;ASSESSOR III AD-3; CARGO COMISSION.S/VINCULO;2393,80;;2393,80;154,76;2239,04;
ROSINEIDA LIMA PIMENTEL;COORD. ADMINISTRAT. FINANCEIRA;TNS-III;TEC. N. SUP. CONTAB; ESTATUTARIO;3586,16;;3586,16;474,10;3112,06;
RUCEAN VIEIRA DA SILVA;COORD. ADMINISTRAT. FINANCEIRA;ASSESSOR III;ASSESSOR III; CARGO COMISSION.S/VINCULO;3091,80;;3091,80;252,56;2839,24;
RUY ALBERTO LINS LOURENCO ALMEIDA;COORD. ADMINISTRAT. FINANCEIRA;ASSESSOR II;; CARGO COMISSION.S/VINCULO;4709,79;;4709,79;658,51;4051,28;
SAMANTHA LAURA PRADO TORRES;COORD. ADMINISTRAT. FINANCEIRA;ASSESSOR III;NAO INFORMADO; CARGO COMISSION.S/VINCULO;2181,80;;2181,80;135,68;2046,12;
SAMIR TORRES PEREIRA;COORD. ADMINISTRAT. FINANCEIRA;A.TEC-III;; ESTATUTARIO;2221,54;;2221,54;189,03;2032,51;
SAMUEL SOUZA DA SILVA;COORD. ADMINISTRAT. FINANCEIRA;BIBLI-III;BIBLIOTECARIO; ESTATUTARIO;3264,68;;3264,68;422,58;2842,10;
SANDRA FEIJAO DE BRITO;COORD. ADMINISTRAT. FINANCEIRA;GERENTE;GERENTE AD-2; CARGO COMISSION.S/VINCULO;2609,79;;2609,79;270,12;2339,67;
SANDRA MARIA DOS SANTOS;COORD. ADMINISTRAT. FINANCEIRA;TNS-III;T.N.S TURISMO; ESTATUTARIO;3650,45;;3650,45;501,46;3148,99;
SANDRA MESQUITA ARAUJO;COORD. ADMINISTRAT. FINANCEIRA;A.TEC-III;ASS.TEC.CONTABILIDAD; ESTATUTARIO;3055,39;;3055,39;223,71;2831,68;
SANDRO DE SOUZA PAULO;COORD. ADMINISTRAT. FINANCEIRA;GERENTE;NAO INFORMADO; CARGO COMISSION.S/VINCULO;3709,79;;3709,79;388,72;3321,07;
SANTANA RIBEIRO DUARTE;COORD. ADMINISTRAT. FINANCEIRA;AUX.O-I;; ESTATUTARIO;4327,82;;4327,82;386,21;3941,61;
SARIE SAMMY TEIXEIRA BRASIL;COORD. ADMINISTRAT. FINANCEIRA;ASSISTENTE TECNICO I;; ESTATUTARIO;2988,27;;2988,27;254,60;2733,67;
SERGIO VICTOR DE SOUZA RODRIGUES;COORD. ADMINISTRAT. FINANCEIRA;ASSESSOR II;; CARGO COMISSION.S/VINCULO;3709,79;;3709,79;388,72;3321,07;
SERGIO VIEIRA CARDOSO;COORD. ADMINISTRAT. FINANCEIRA;CHEFE DE DEPARTAMENTO;CH.DPTO. AD-1; CARGO COMISSION.S/VINCULO;5729,77;990,59;4739,18;783,51;3955,67;
SHARLES SILVA DA COSTA;COORD. ADMINISTRAT. FINANCEIRA;A.TEC-II;CH DE DPTO AD-1; ESTATUTARIO;6335,46;;6335,46;675,24;5660,22;
SIDNEY CASTRO MEDINO;COORD. ADMINISTRAT. FINANCEIRA;AUX.O-III;AUX. OPER. CENOTECN; ESTATUTARIO;2965,81;;2965,81;162,02;2803,79;
SIDNEY HUMBERTO PERRONE FALCAO;COORD. ADMINISTRAT. FINANCEIRA;GERENTE;NAO INFORMADO; CARGO COMISSION.S/VINCULO;4709,79;;4709,79;658,51;4051,28;
SIGRID RAMOS CETRARO;COORD. ADMINISTRAT. FINANCEIRA;CHEFE DE DEPARTAMENTO;NAO INFORMADO; CARGO COMISSION.S/VINCULO;5729,77;;5729,77;998,67;4731,10;
SILVIA ANGELINA LIMA DOS SANTOS;COORD. ADMINISTRAT. FINANCEIRA;AUX.BIBLI-III;; ESTATUTARIO;2105,81;;2105,81;171,02;1934,79;
SILVIO DA SILVA PINTO JUNIOR;COORD. ADMINISTRAT. FINANCEIRA;ASSISTENTE TECNICO I;; ESTATUTARIO;5793,88;;5793,88;504,36;5289,52;
SOLANGE ACORDI MAKAREM;COORD. ADMINISTRAT. FINANCEIRA;GERENTE;GERENTE AD-2; CARGO COMISSION.S/VINCULO;3709,79;;3709,79;388,72;3321,07;
SOLANGE RAMOS DA SILVA;COORD. ADMINISTRAT. FINANCEIRA;AUX.O-III;AUX. OP. COSTUREIRA; ESTATUTARIO;2105,81;;2105,81;162,02;1943,79;
SONIA MARIA DAMASCENO;COORD. ADMINISTRAT. FINANCEIRA;BIBLIOTECARIO PNS-BBT-I;; ESTATUTARIO;5598,59;;5598,59;652,41;4946,18;
SUELEN CRISTINA DE FREITAS R LIMA;COORD. ADMINISTRAT. FINANCEIRA;ASSESSOR I;NAO INFORMADO; CARGO COMISSION.S/VINCULO;5729,77;;5729,77;998,67;4731,10;
SUELEN DA SILVA ALEXANDRE;COORD. ADMINISTRAT. FINANCEIRA;AUX.BIBLI-III;AUX. BIBLIOTECA; ESTATUTARIO;1721,60;;1721,60;153,92;1567,68;
SUZANA TEIXEIRA BOMFIM;COORD. ADMINISTRAT. FINANCEIRA;GERENTE;NAO INFORMADO; CARGO COMISSION.S/VINCULO;3709,79;;3709,79;388,72;3321,07;
SUZY PEIXOTO OSAQUI;COORD. ADMINISTRAT. FINANCEIRA;TEC.DE NIVEL SUPERIOR 2A CLASSE;; ESTATUTARIO;5117,51;;5117,51;721,79;4395,72;
SYLVIA CARITAS DE SOUZA GARANTIZADO;COORD. ADMINISTRAT. FINANCEIRA;ASSESSOR II;ASSESSOR II; CARGO COMISSION.S/VINCULO;3709,79;;3709,79;388,72;3321,07;
TANIA MARIA BARROSO DA SILVA;COORD. ADMINISTRAT. FINANCEIRA;GERENTE;GERENTE AD 2; CARGO COMISSION.S/VINCULO;3709,79;;3709,79;388,72;3321,07;
TARCIANNE CARVALHO FROTA ANDRADE;COORD. ADMINISTRAT. FINANCEIRA;CHEFE DE GABINETE;; CARGO COMISSION.S/VINCULO;5729,77;;5729,77;956,01;4773,76;
TATIANA DE LIMA PEDROSA SANTOS;COORD. ADMINISTRAT. FINANCEIRA;ARQ-III;ARQUEOLOGO; ESTATUTARIO;5041,97;;5041,97;734,62;4307,35;
TATIANA MESQUITA MARQUES;COORD. ADMINISTRAT. FINANCEIRA;GERENTE;NAO INFORMADO; CARGO COMISSION.S/VINCULO;2713,79;;2713,79;187,28;2526,51;
TATIANE SARMENTO GUIMARAES;COORD. ADMINISTRAT. FINANCEIRA;SUBGERENTE;SUBGERENTE AD-3; CARGO COMISSION.S/VINCULO;3691,80;;3691,80;344,38;3347,42;
TELMA INES VEIGA DO NASCIMENTO;COORD. ADMINISTRAT. FINANCEIRA;A.TEC-I;; ESTATUTARIO;5992,56;;5992,56;887,37;5105,19;
TEREZA CRISTINA VIEIRA CANTANHEDE;COORD. ADMINISTRAT. FINANCEIRA;ASSISTENTE TECNICO III;; ESTATUTARIO;4890,26;;4890,26;520,30;4369,96;
TEREZA LUCIANA SOARES DE SENA;COORD. ADMINISTRAT. FINANCEIRA;TNS-III;TEC. NIVEL SUPERIOR; ESTATUTARIO;3586,16;;3586,16;488,32;3097,84;
THARCIANA CURINTIMA NOGUEIRA PENA;COORD. ADMINISTRAT. FINANCEIRA;AUX.ADM-III;; ESTATUTARIO;2663,81;;2663,81;171,02;2492,79;
THAYLINE CASTRO GAMA;COORD. ADMINISTRAT. FINANCEIRA;GERENTE;GERENTE; CARGO COMISSION.S/VINCULO;2713,79;;2713,79;187,28;2526,51;
THAYNA MARIANA DE OLIVEIRA SANTOS;COORD. ADMINISTRAT. FINANCEIRA;GERENTE;NAO INFORMADO; CARGO COMISSION.S/VINCULO;2048,79;;2048,79;123,71;1925,08;
THIAGO HERMIDO DA SILVA;COORD. ADMINISTRAT. FINANCEIRA;GERENTE;GERENTE; CARGO COMISSION.S/VINCULO;4709,79;;4709,79;658,51;4051,28;
VALCIENE RIBEIRO DE FARIAS;COORD. ADMINISTRAT. FINANCEIRA;GERENTE;GERENTE AD-2; CARGO COMISSION.S/VINCULO;6113,05;;6113,05;1141,68;4971,37;
VALDENIRA NASCIMENTO DE AMARAL;COORD. ADMINISTRAT. FINANCEIRA;AUX.BIBLI-III;; ESTATUTARIO;1721,60;;1721,60;171,02;1550,58;
VALERIA LIMA MACHADO;COORD. ADMINISTRAT. FINANCEIRA;BIBLI-III;BIBLIOTECARIA 3ª CL.; ESTATUTARIO;3586,16;;3586,16;488,32;3097,84;
VANERSSA MOTA DIAS;COORD. ADMINISTRAT. FINANCEIRA;ASSESSOR II;ASSESSOR II; CARGO COMISSION.S/VINCULO;2713,79;;2713,79;187,28;2526,51;
VICTOR DANIEL COSTA DIAS;COORD. ADMINISTRAT. FINANCEIRA;A.TEC-III;ASSIST TECNICO; ESTATUTARIO;2221,54;;2221,54;189,03;2032,51;
VICTOR MARTINS DE LIRA;COORD. ADMINISTRAT. FINANCEIRA;AUX.O-III;AUX. OP. MONT. ORQ; ESTATUTARIO;2105,81;;2105,81;162,02;1943,79;
VITOR ALFAIA DA PAZ;COORD. ADMINISTRAT. FINANCEIRA;A.TEC-III;ASSIST TEC; ESTATUTARIO;2221,54;;2221,54;189,03;2032,51;
VIVIAN SALES COSTA BARBOSA;COORD. ADMINISTRAT. FINANCEIRA;A.TEC-II;; ESTATUTARIO;3541,46;;3541,46;275,41;3266,05;
WAGNER DIAS ELEUTERIO;COORD. ADMINISTRAT. FINANCEIRA;MAQUINISTA;; ESTATUTARIO;2901,44;;2901,44;227,94;2673,50;
WALDEANE REGINA DA SILVA DE QUEIROZ;COORD. ADMINISTRAT. FINANCEIRA;GERENTE;NAO INFORMADO; CARGO COMISSION.S/VINCULO;2422,31;;2422,31;157,32;2264,99;
WILL DOUGLAS PEREIRA CILEIRO;COORD. ADMINISTRAT. FINANCEIRA;AUX.ADM-III;AUX ADM; ESTATUTARIO;1721,60;;1721,60;171,02;1550,58;
YANE CARDOSO FEIJO;COORD. ADMINISTRAT. FINANCEIRA;BIBLI-III;BIBLIOTECARIO; ESTATUTARIO;3264,68;;3264,68;422,58;2842,10;
ZACARIAS OLIVEIRA SOUSA;COORD. ADMINISTRAT. FINANCEIRA;AUX.O-III;AUX. OPER. CENOTECN; ESTATUTARIO;2663,81;;2663,81;162,02;2501,79;
