NOME;LOTACAO;CARGO;FUNCAO;VINCULO;REMUNERACAO LEGAL TOTAL(R$);DESC.TETO(R$); REMUNERACAO LEGAL DEVIDA(R$);DESCONTOS LEGAIS(R$);LIQUIDO DISPONIVEL(R$);
ABRAAO MIKAEL DE MELO DA SILVA;PENSIONISTA ESPECIAL;PENSIONISTA;; PENSAO POR ORDEM JUDICIAL;696,66;;696,66;;696,66;
ACIDE TANARA ANDRADE DE OLIVEIRA;PENSIONISTA ESPECIAL;PENSIONISTA;; PENSAO POR DECRETO;2852,59;;2852,59;73,09;2779,50;
ADELIA EMANUELLY LIMA DOS SANTOS;PENSIONISTA ESPECIAL;PENSIONISTA;PENSAO ESPECIAL; PENSAO POR ORDEM JUDICIAL;174,17;;174,17;;174,17;
ADEMILSON DOMINGOS;PENSIONISTA ESPECIAL;PENSIONISTA;; PENSAO POR ORDEM JUDICIAL;174,17;;174,17;;174,17;
ALAN SOUZA DA ROCHA;PENSIONISTA ESPECIAL;PENSIONISTA;; PENSAO POR DECRETO;1045,00;;1045,00;;1045,00;
ALCILENE BARBOSA CENA;PENSIONISTA ESPECIAL;PENSIONISTA;PENSÃO ESPECIAL; PENSAO POR ORDEM JUDICIAL;174,17;;174,17;;174,17;
ALCINETE AMORIM GUIMARAES;PENSIONISTA ESPECIAL;PENSIONISTA;; PENSAO POR ORDEM JUDICIAL;348,33;;348,33;;348,33;
ALDENISES VIEIRA DOS SANTOS;PENSIONISTA ESPECIAL;PENSIONISTA;PENSÃO ESPECIAL; PENSAO POR ORDEM JUDICIAL;522,50;;522,50;;522,50;
ALESSANDRA BRONE DA COSTA;PENSIONISTA ESPECIAL;PENSIONISTA;; PENSAO POR ORDEM JUDICIAL;306,71;;306,71;;306,71;
ALESSANDRA GOMES FIGUEIRA;PENSIONISTA ESPECIAL;PENSIONISTA;; PENSAO POR ORDEM JUDICIAL;348,33;;348,33;;348,33;
ALEXSANDER LIMA BATISTA;PENSIONISTA ESPECIAL;PENSIONISTA;; PENSAO POR ORDEM JUDICIAL;1045,00;;1045,00;;1045,00;
ALEXSANDRO DOUGLAS BATISTA VIEIRA;PENSIONISTA ESPECIAL;PENSIONISTA;; PENSAO POR DECRETO;802,79;;802,79;;802,79;
ALEXSSANDRA DOS ANJOS MELO;PENSIONISTA ESPECIAL;PENSIONISTA;; PENSAO POR ORDEM JUDICIAL;522,50;;522,50;;522,50;
ALICE CATARINA MORAES;PENSIONISTA ESPECIAL;PENSIONISTA;; PENSAO POR DECRETO;20650,42;;20650,42;;20650,42;
ALIETE BORGES COELHO;PENSIONISTA ESPECIAL;PENSIONISTA;; PENSAO POR DECRETO;54555,00;15102,95;39452,05;;39452,05;
AMADEU THIAGO DE MELLO;PENSIONISTA ESPECIAL;PENSIONISTA;; PENSAO POR LEI;7096,75;;7096,75;;7096,75;
AMAZONINO ARMANDO MENDES;PENSIONISTA ESPECIAL;PENSIONISTA EX-GOVERNADOR;; PENSAO POR LEI;35462,22;;35462,22;;35462,22;
AMETHISTA DA COSTA LAVAREDO;PENSIONISTA ESPECIAL;PENSIONISTA;; PENSAO POR DECRETO;1200,00;;1200,00;;1200,00;
ANA BEATRIZ PEREIRA DA SILVA;PENSIONISTA ESPECIAL;PENSIONISTA;PENSAO ESPECIAL; PENSAO POR ORDEM JUDICIAL;139,33;;139,33;;139,33;
ANA BIANCA PEREIRA DA SILVA;PENSIONISTA ESPECIAL;PENSIONISTA;PENSAO ESPECIAL; PENSAO POR ORDEM JUDICIAL;139,33;;139,33;;139,33;
ANA CRISTINA ANTONY DE OLIVEIRA;PENSIONISTA ESPECIAL;SUB-SECRETARIO DE ESTADO;; PENSAO POR DECRETO;11700,00;;11700,00;2348,14;9351,86;
ANA CRISTINA GUEDES DA SILVA;PENSIONISTA ESPECIAL;PENSIONISTA;PENSAO ESPECIAL; PENSAO POR DECRETO;348,33;;348,33;;348,33;
ANA LUIZA DOCE NEVES;PENSIONISTA ESPECIAL;PENSIONISTA;; PENSAO POR ORDEM JUDICIAL;232,22;;232,22;;232,22;
ANDREW CORREA DE ABREU;PENSIONISTA ESPECIAL;PENSIONISTA;; PENSAO POR DECRETO;2612,50;;2612,50;53,14;2559,36;
BERNARDO DOS SANTOS MARQUES;PENSIONISTA ESPECIAL;PENSIONISTA;; PENSAO POR ORDEM JUDICIAL;174,17;;174,17;;174,17;
BRENO DE LIMA EVANGELISTA MARTINS;PENSIONISTA ESPECIAL;PENSIONISTA;; PENSAO POR ORDEM JUDICIAL;348,33;;348,33;;348,33;
BRUNA LETICIA DE SOUZA REBELLO;PENSIONISTA ESPECIAL;PENSIONISTA;; PENSAO POR DECRETO;476,92;;476,92;;476,92;
BRYAN FABIO DA SILVA SOARES;PENSIONISTA ESPECIAL;PENSIONISTA;; PENSAO POR ORDEM JUDICIAL;522,50;;522,50;;522,50;
CARLA BIANCA LIRA DE LIMA;PENSIONISTA ESPECIAL;PENSIONISTA;; PENSAO POR ORDEM JUDICIAL;1045,00;;1045,00;;1045,00;
CASSIA REGINA ARAUJO DE SOUZA;PENSIONISTA ESPECIAL;PENSIONISTA;; PENSAO POR DECRETO;1901,73;;1901,73;;1901,73;
CECILIA DOS SANTOS;PENSIONISTA ESPECIAL;PENSIONISTA;; PENSAO POR ORDEM JUDICIAL;696,66;;696,66;;696,66;
CLAUDENORA ALFAIA DA COSTA ARAUJO;PENSIONISTA ESPECIAL;PENSIONISTA;; PENSAO POR ORDEM JUDICIAL;1045,00;;1045,00;;1045,00;
CLEOMAR VIANA DE OLIVEIRA;PENSIONISTA ESPECIAL;PENSIONISTA;; PENSAO POR ORDEM JUDICIAL;1045,00;;1045,00;;1045,00;
DANIEL SYMON LIMA DOS SANTOS;PENSIONISTA ESPECIAL;PENSIONISTA;; PENSAO POR ORDEM JUDICIAL;174,17;;174,17;;174,17;
DAVI MAUES DE SALES;PENSIONISTA ESPECIAL;PENSIONISTA LEI 1735 DE 14.11.85;; PENSAO POR ORDEM JUDICIAL;2090,00;;2090,00;13,95;2076,05;
DAYLA CORREA DE ABREU;PENSIONISTA ESPECIAL;PENSIONISTA;; PENSAO POR DECRETO;2612,50;;2612,50;53,14;2559,36;
DEUZO FRAZAO CENA;PENSIONISTA ESPECIAL;PENSIONISTA;PENSAO ESPECIAL; PENSAO POR ORDEM JUDICIAL;174,17;;174,17;;174,17;
DIEGO GUILHERME DE SOUZA FERNANDES;PENSIONISTA ESPECIAL;PENSIONISTA;PENSÃO ESPECIAL; PENSAO POR ORDEM JUDICIAL;696,66;;696,66;;696,66;
DNANCIR MOURA MONTECONRADO;PENSIONISTA ESPECIAL;PENSIONISTA;; PENSAO POR DECRETO;1800,00;;1800,00;;1800,00;
DORIAN CAVALCANTE NOGUEIRA;PENSIONISTA ESPECIAL;PENSIONISTA;; PENSAO POR LEI;1263,52;;1263,52;;1263,52;
DOROTEIA MARQUES COSTA;PENSIONISTA ESPECIAL;PENSIONISTA;; PENSAO POR DECRETO;1045,00;;1045,00;;1045,00;
DOUGLAS DE OLIVEIRA BELEZA;PENSIONISTA ESPECIAL;PENSIONISTA;; PENSAO POR LEI;1360,00;;1360,00;;1360,00;
DULCINEIA LESSA BRAGA;PENSIONISTA ESPECIAL;PENSIONISTA;PENSIONISTA; PENSAO POR DECRETO;763,60;;763,60;;763,60;
EDNA AGUIAR ANTONY;PENSIONISTA ESPECIAL;PENSIONISTA;; PENSAO POR DECRETO;1045,00;;1045,00;;1045,00;
ELIAS MARTINS DA SILVA;PENSIONISTA ESPECIAL;PENSIONISTA;PENSAO ESPECIAL; PENSAO POR DECRETO;348,33;;348,33;;348,33;
ELISA GARCIA DE SOUSA;PENSIONISTA ESPECIAL;PENSIONISTA;; PENSAO POR LEI;2139,00;;2139,00;;2139,00;
ELIZABETE PINHEIRO ZUIDGEEST;PENSIONISTA ESPECIAL;PENSIONISTA;; PENSAO POR DECRETO;1045,00;;1045,00;;1045,00;
ELIZABETH ANDRADE CAVALCANTE;PENSIONISTA ESPECIAL;PENSIONISTA;; PENSAO POR LEI;2090,00;;2090,00;13,95;2076,05;
EMILLY VITORIA PALHETA DE CARVALHO;PENSIONISTA ESPECIAL;PENSIONISTA;; PENSAO POR ORDEM JUDICIAL;696,66;;696,66;;696,66;
ERICK DE LIMA EVANGELISTA MARTINS;PENSIONISTA ESPECIAL;PENSIONISTA;; PENSAO POR ORDEM JUDICIAL;348,33;;348,33;;348,33;
ETELVINA PEREIRA BARROSO;PENSIONISTA ESPECIAL;PENSIONISTA;; PENSAO POR ORDEM JUDICIAL;522,50;;522,50;;522,50;
FILIPE CHAVES DA COSTA;PENSIONISTA ESPECIAL;PENSIONISTA;; PENSAO POR ORDEM JUDICIAL;306,71;;306,71;;306,71;
FRANCIMARA CAMPOS DE CARVALHO;PENSIONISTA ESPECIAL;PENSIONISTA;; PENSAO POR ORDEM JUDICIAL;696,66;;696,66;;696,66;
FRANCISCA DAS CHAGAS DE S GALDINO;PENSIONISTA ESPECIAL;PENSIONISTA;; PENSAO POR ORDEM JUDICIAL;696,66;;696,66;;696,66;
FRANCISCO DE FREITAS ROLA;PENSIONISTA ESPECIAL;PENSIONISTA;; PENSAO POR LEI;31589,57;;31589,57;7294,18;24295,39;
FRANCISCO FERREIRA DA SILVA;PENSIONISTA ESPECIAL;PENSIONISTA;PENSAO ESPECIAL; PENSAO POR LEI;3661,68;;3661,68;;3661,68;
FRANCISCO MONTEIRO DO CARMO;PENSIONISTAS ALFREDO DA MATA;PENSIONISTA LEI 1735 DE 14.11.85;; PENSIONISTA POR LEI;998,00;;998,00;;998,00;
FRANCISCO PEDRO TAVARES DE CARVALHO;PENSIONISTA ESPECIAL;PENSIONISTA;; PENSAO POR ORDEM JUDICIAL;348,33;;348,33;;348,33;
FRANCISCO QUEIROZ DA SILVA;PENSIONISTAS ALFREDO DA MATA;PENSIONISTA LEI 1735 DE 14.11.85;; PENSIONISTA POR LEI;998,00;;998,00;;998,00;
GABRIEL DE SOUZA CABRAL;PENSIONISTA ESPECIAL;PENSIONISTA;; PENSAO POR ORDEM JUDICIAL;2852,59;;2852,59;73,09;2779,50;
GEOMAR SANTOS DE SOUZA;PENSIONISTA ESPECIAL;PENSIONISTA;; PENSAO POR ORDEM JUDICIAL;1045,00;;1045,00;;1045,00;
GISELE CARDOSO PEREIRA;PENSIONISTA ESPECIAL;PENSIONISTA;PENSAO ESPECIAL; PENSAO POR ORDEM JUDICIAL;139,33;;139,33;;139,33;
HORLANDINA DA SILVA CAVALCANTE;PENSIONISTA ESPECIAL;PENSIONISTA;PENSAO ESPECIAL; PENSAO POR DECRETO;348,33;;348,33;;348,33;
IOMAR MIGUEL SILVA COSTA;PENSIONISTA ESPECIAL;PENSIONISTA;; PENSAO POR ORDEM JUDICIAL;696,68;;696,68;;696,68;
ISAAC DUARTE CLEMENTINO;PENSIONISTA ESPECIAL;PENSIONISTA;; PENSAO POR ORDEM JUDICIAL;9823,00;;9823,00;1831,97;7991,03;
ISAIAS CALHEIROS DO VALE;PENSIONISTA ESPECIAL;PENSIONISTA;; PENSAO POR ORDEM JUDICIAL;1045,00;;1045,00;;1045,00;
ITALO RYAN SANTOS CAMPELO;PENSIONISTA ESPECIAL;PENSIONISTA;; PENSAO POR ORDEM JUDICIAL;696,66;;696,66;;696,66;
IVANILDO AZEVEDO REGO;PENSIONISTA ESPECIAL;PENSIONISTA;; PENSAO POR ORDEM JUDICIAL;1045,00;;1045,00;;1045,00;
IVONE ANDRADE MARTINS;PENSIONISTA ESPECIAL;PENSIONISTA;; PENSAO POR ORDEM JUDICIAL;696,66;;696,66;;696,66;
IVONE BASILIO DE SOUZA;PENSIONISTA ESPECIAL;PENSIONISTA;; PENSAO POR ORDEM JUDICIAL;348,33;;348,33;;348,33;
JAQUELINE ANGELITA DA CONCEICAO;PENSIONISTA ESPECIAL;PENSIONISTA LEI 1735 DE 14.11.85;; PENSAO POR LEI;825,59;;825,59;;825,59;
JEAN LUIZ ALBUQUERQUE SIDO;PENSIONISTA ESPECIAL;PENSIONISTA;; PENSAO POR ORDEM JUDICIAL;1045,00;;1045,00;;1045,00;
JELSON JONY SILVA DE LIMA;PENSIONISTA ESPECIAL;PENSIONISTA;; PENSAO POR ORDEM JUDICIAL;1045,00;;1045,00;;1045,00;
JOAO BATISTA FREITAS DE SOUZA;PENSIONISTA ESPECIAL;PENSIONISTA;; PENSAO POR ORDEM JUDICIAL;2090,00;;2090,00;13,95;2076,05;
JOAO VICTOR MAGALHAES SOARES;PENSIONISTA ESPECIAL;PENSIONISTA;; PENSAO POR ORDEM JUDICIAL;522,50;;522,50;;522,50;
JOAO VITOR BEZERRA SANTOS MENEZES;PENSIONISTA ESPECIAL;PENSIONISTA;; PENSAO POR ORDEM JUDICIAL;1045,00;;1045,00;;1045,00;
JOELMA MORAES CASCAIS;PENSIONISTA ESPECIAL;PENSIONISTA;; PENSAO POR ORDEM JUDICIAL;696,66;;696,66;;696,66;
JOSE ADEL ROCHA DA MOTA;PENSIONISTA ESPECIAL;PENSIONISTA;; PENSAO POR ORDEM JUDICIAL;1045,00;;1045,00;;1045,00;
JOSE ALBERTO DE LIMA;PENSIONISTA ESPECIAL;PENSIONISTA;; PENSAO POR ORDEM JUDICIAL;348,33;;348,33;;348,33;
JOSE BRUNO DA SILVA;PENSIONISTA ESPECIAL;PENSIONISTA;; PENSAO POR ORDEM JUDICIAL;348,33;;348,33;;348,33;
JOSE CARLOS SOUZA DE OLIVEIRA FILHO;PENSIONISTA ESPECIAL;PENSIONISTA;; PENSAO POR ORDEM JUDICIAL;2090,00;;2090,00;13,95;2076,05;
JOSE FERNANDO DE CASTRO PINTO;PENSIONISTA ESPECIAL;PENSIONISTA;; PENSAO POR ORDEM JUDICIAL;1045,00;;1045,00;;1045,00;
JOSE LUIZ GOMES SOARES;PENSIONISTA ESPECIAL;PENSIONISTA;PENSAO ESPECIAL; PENSAO POR ORDEM JUDICIAL;1045,00;;1045,00;;1045,00;
JOSE MELO DE OLIVEIRA;PENSIONISTA ESPECIAL;PENSIONISTA EX-GOVERNADOR;; PENSAO POR LEI;34070,00;;34070,00;7976,30;26093,70;
JOSE RIBAMAR RIOS;PENSIONISTA ESPECIAL;PENSIONISTA;PENSAO ESPECIAL; PENSAO POR DECRETO;1045,00;;1045,00;;1045,00;
JOVENIL GOMES AMORIM;PENSIONISTA ESPECIAL;PENSIONISTA;; PENSAO POR ORDEM JUDICIAL;348,33;;348,33;;348,33;
JUDITE RODRIGUES DE SOUZA;PENSIONISTA ESPECIAL;PENSIONISTA;PENSAO ESPECIAL; PENSAO POR DECRETO;1600,00;;1600,00;;1600,00;
KACIEL DOS SANTOS MARQUES;PENSIONISTA ESPECIAL;PENSIONISTA;PENSAO ESPECIAL; PENSAO POR ORDEM JUDICIAL;174,17;;174,17;;174,17;
KAIO VITOR BATISTA DE OLIVEIRA;PENSIONISTA ESPECIAL;PENSIONISTA;; PENSAO POR DECRETO;696,66;;696,66;;696,66;
KAMILE DE OLIVEIRA PEREIRA;PENSIONISTA ESPECIAL;PENSIONISTA;; PENSAO POR ORDEM JUDICIAL;696,66;;696,66;;696,66;
KAREN VITORIA DE SOUZA VENTILARI;PENSIONISTA ESPECIAL;PENSIONISTA;; PENSAO POR DECRETO;1901,73;;1901,73;;1901,73;
KASSIANE VITORIA DE O PEREIRA;PENSIONISTA ESPECIAL;PENSIONISTA;; PENSAO POR ORDEM JUDICIAL;696,66;;696,66;;696,66;
KESIA MARA DE SOUZA CABRAL;PENSIONISTA ESPECIAL;PENSIONISTA;; PENSAO POR ORDEM JUDICIAL;2852,59;;2852,59;73,09;2779,50;
KEZIA KYSSILEM FERREIRA PINTO;PENSIONISTA ESPECIAL;PENSIONISTA;; PENSAO POR DECRETO;2090,00;;2090,00;13,95;2076,05;
LAYHANDRA SOUZA DE OLIVEIRA;PENSIONISTA ESPECIAL;PENSIONISTA;; PENSAO POR ORDEM JUDICIAL;348,33;;348,33;;348,33;
LEONARDO PEREIRA LOPES;PENSIONISTA ESPECIAL;PENSIONISTA;; PENSAO POR ORDEM JUDICIAL;1045,00;;1045,00;;1045,00;
LUCIANA DE BELEM MEMORIA;PENSIONISTA ESPECIAL;PENSIONISTA;; PENSAO POR ORDEM JUDICIAL;1045,00;;1045,00;;1045,00;
LUCIANY WEYDA DE OLIVEIRA CORREA;PENSIONISTA ESPECIAL;PENSIONISTA;; PENSAO POR ORDEM JUDICIAL;2090,00;;2090,00;13,95;2076,05;
LUCIMAR LEMOS DOS SANTOS;PENSIONISTA ESPECIAL;PENSIONISTA;PENSÃO ESPECIAL; PENSAO POR ORDEM JUDICIAL;522,50;;522,50;;522,50;
LUCIRENE OLIVA REZENDE;PENSIONISTA ESPECIAL;SECRETARIO DE ESTADO;; PENSAO POR DECRETO;28060,00;;28060,00;6323,55;21736,45;
LUIZ ROBERTO REIS SILVA;PENSIONISTA ESPECIAL;PENSIONISTA;; PENSAO POR ORDEM JUDICIAL;1045,00;;1045,00;;1045,00;
LUIZA BEATRIZ DOCE NEVES;PENSIONISTA ESPECIAL;PENSIONISTA;; PENSAO POR ORDEM JUDICIAL;232,22;;232,22;;232,22;
MANUEL RAVIGNAN SARAIVA AGRA;PENSIONISTA ESPECIAL;PENSIONISTA;; PENSAO POR DECRETO;1045,00;;1045,00;;1045,00;
MANUELA DE OLIVEIRA DOS SANTOS;PENSIONISTA ESPECIAL;PENSIONISTA;; PENSAO POR ORDEM JUDICIAL;174,17;;174,17;;174,17;
MANUELA VITORIA FELIX SOARES;PENSIONISTA ESPECIAL;PENSIONISTA;PENSAO ESPECIAL; PENSAO POR ORDEM JUDICIAL;2090,00;;2090,00;13,95;2076,05;
MARCOS DANIEL PEREIRA DA SILVA;PENSIONISTA ESPECIAL;PENSIONISTA;PENSAO ESPECIAL; PENSAO POR ORDEM JUDICIAL;139,33;;139,33;;139,33;
MARCOS DE OLIVEIRA;PENSIONISTA ESPECIAL;PENSIONISTA;; PENSAO POR DECRETO;1045,00;;1045,00;;1045,00;
MARCUS TULIO CAVALCANTE COSTA;PENSIONISTA ESPECIAL;PENSIONISTA;; PENSAO POR DECRETO;1045,00;;1045,00;;1045,00;
MARIA APARECIDA SOUZA ARAUJO;PENSIONISTA ESPECIAL;PENSIONISTA;; PENSAO POR ORDEM JUDICIAL;348,33;;348,33;;348,33;
MARIA AUXILIADORA MONTEIRO DE LUNAS;PENSIONISTA ESPECIAL;PENSIONISTA;; PENSAO POR ORDEM JUDICIAL;348,33;;348,33;;348,33;
MARIA CLARA DA SILVA SAMPAIO;PENSIONISTA ESPECIAL;PENSIONISTA;PENSAO ESPECIAL; PENSAO POR ORDEM JUDICIAL;696,66;;696,66;;696,66;
MARIA DE JESUS CORREA DA COSTA;PENSIONISTA ESPECIAL;PENSIONISTA;; PENSAO POR DECRETO;1543,57;;1543,57;;1543,57;
MARIA DE LOURDES PEREIRA RAMOS;PENSIONISTA ESPECIAL;PENSIONISTA;; PENSAO POR DECRETO;348,33;;348,33;;348,33;
MARIA DE LOURDES RODRIGUES C TELLES;PENSIONISTA ESPECIAL;PENSIONISTA;; PENSAO POR ORDEM JUDICIAL;9900,00;;9900,00;1329,55;8570,45;
MARIA DE NAZARE OLIVEIRA REZENDE;PENSIONISTA ESPECIAL;PENSIONISTA;; PENSAO POR DECRETO;13144,11;;13144,11;2221,68;10922,43;
MARIA DO PERPETUO S C BITTENCOURT;PENSIONISTA ESPECIAL;PENSIONISTA;; PENSAO POR LEI;1045,00;;1045,00;;1045,00;
MARIA DO SOCORRO CAMPOS;PENSIONISTA ESPECIAL;PENSIONISTA;; PENSAO POR DECRETO;696,66;;696,66;;696,66;
MARIA EDUARDA GUERREIRO DE LIMA;PENSIONISTA ESPECIAL;PENSIONISTA;; PENSAO POR ORDEM JUDICIAL;603,78;;603,78;;603,78;
MARIA HELOISE ROCHA CAVALCANTE;PENSIONISTA ESPECIAL;PENSIONISTA;PENSAO ESPECIAL; PENSAO POR ORDEM JUDICIAL;696,66;;696,66;;696,66;
MARIA JULIA SILVEIRA DE MELO;PENSIONISTA ESPECIAL;PENSIONISTA;PENSAO ESPECIAL; PENSAO POR ORDEM JUDICIAL;1045,00;;1045,00;;1045,00;
MARIA MIRACEMA TEIXEIRA CARDOSO SAU;PENSIONISTA ESPECIAL;PENSIONISTA;PENSAO ESPECIAL; PENSAO POR DECRETO;1800,00;;1800,00;;1800,00;
MARIA RUTH PORTO DE MORAES;PENSIONISTA ESPECIAL;PENSIONISTA;; PENSAO POR ORDEM JUDICIAL;1045,00;;1045,00;;1045,00;
MARILIA PEREIRA MACHADO;PENSIONISTA ESPECIAL;SUB-SECRETARIO DE ESTADO;; PENSAO POR LEI;11700,00;;11700,00;1824,55;9875,45;
MARISA DOS SANTOS RODRIGUES;PENSIONISTA ESPECIAL;PENSIONISTA;PENSAO ESPECIAL; PENSAO POR DECRETO;5000,00;;5000,00;109,60;4890,40;
MARY GERALDINA DOS SANTOS PIMENTEL;PENSIONISTA ESPECIAL;PENSIONISTA;; PENSAO POR ORDEM JUDICIAL;1834,54;;1834,54;;1834,54;
MATHEUS DA ROCHA ALMEIDA;PENSIONISTA ESPECIAL;PENSIONISTA;; PENSAO POR DECRETO;1045,00;;1045,00;;1045,00;
MAURA DA SILVA SALES;PENSIONISTA ESPECIAL;PENSIONISTA;PENSAO ESPECIAL; PENSAO POR ORDEM JUDICIAL;1045,00;;1045,00;;1045,00;
MAXWELL DE OLIVEIRA DOS SANTOS;PENSIONISTA ESPECIAL;PENSIONISTA;; PENSAO POR ORDEM JUDICIAL;174,17;;174,17;;174,17;
NARA JANGLESDES NOGUEIRA E SILVA;PENSIONISTA ESPECIAL;PENSIONISTA;; PENSAO POR ORDEM JUDICIAL;232,22;;232,22;;232,22;
NEIA DE OLIVEIRA CRUZ;PENSIONISTA ESPECIAL;PENSIONISTA;; PENSAO POR ORDEM JUDICIAL;1045,00;;1045,00;;1045,00;
NICOLLE ANDRADE VINHOTE;PENSIONISTA ESPECIAL;PENSIONISTA;; PENSAO POR DECRETO;2852,59;;2852,59;73,09;2779,50;
OSMARINA MACEDO DE SOUZA;PENSIONISTA ESPECIAL;PENSIONISTA;; PENSAO POR ORDEM JUDICIAL;371,55;;371,55;;371,55;
RAIMUNDA VIEIRA DA SILVA;PENSIONISTA ESPECIAL;PENSIONISTA;PENSAO ESPECIAL; PENSAO POR ORDEM JUDICIAL;1045,00;;1045,00;;1045,00;
RAMAIANA NOGUEIRA HENRIQUES;PENSIONISTA ESPECIAL;PENSIONISTA;PENSAO ESPECIAL; PENSAO POR DECRETO;1045,00;;1045,00;;1045,00;
REJANE MARIA LEBRE DE OLIVEIRA;PENSIONISTA ESPECIAL;PENSIONISTA;; PENSAO POR DECRETO;1045,00;;1045,00;;1045,00;
RICARDO MENDES SALES FILHO;PENSIONISTA ESPECIAL;PENSIONISTA;; PENSAO POR ORDEM JUDICIAL;1045,00;;1045,00;;1045,00;
RICARDO OLIVEIRA DOS SANTOS;PENSIONISTA ESPECIAL;PENSIONISTA;; PENSAO POR ORDEM JUDICIAL;1045,00;;1045,00;;1045,00;
ROBERTO MARINHO PEREIRA;PENSIONISTA ESPECIAL;PENSIONISTA;; PENSAO POR ORDEM JUDICIAL;2090,00;;2090,00;;2090,00;
ROSEANE DOS ANJOS DOCE;PENSIONISTA ESPECIAL;PENSIONISTA;; PENSAO POR ORDEM JUDICIAL;232,22;;232,22;;232,22;
ROSIMEIRE VENANCIO DA SILVA;PENSIONISTA ESPECIAL;PENSIONISTA;; PENSAO POR ORDEM JUDICIAL;2090,00;;2090,00;13,95;2076,05;
RUBENS RODRIGUES MARQUES NETO;PENSIONISTA ESPECIAL;PENSIONISTA;PENSAO ESPECIAL; PENSAO POR ORDEM JUDICIAL;174,17;;174,17;;174,17;
RYAN CARLOS E SILVA PARENTE;PENSIONISTA ESPECIAL;PENSIONISTA;; PENSAO POR ORDEM JUDICIAL;232,22;;232,22;;232,22;
SAMARA DE LIRA LIMA;PENSIONISTA ESPECIAL;PENSIONISTA;; PENSAO POR ORDEM JUDICIAL;348,33;;348,33;;348,33;
SAMELA REBECA TAVARES DOS SANTOS;PENSIONISTA ESPECIAL;PENSIONISTA;PENSAO ESPECIAL; PENSAO POR ORDEM JUDICIAL;174,17;;174,17;;174,17;
SAMILA DE LIMA MONTEIRO;PENSIONISTA ESPECIAL;PENSIONISTA;PENSAO ESPECIAL; PENSAO POR DECRETO;885,66;;885,66;;885,66;
SAMUEL LIMA DOS SANTOS JUNIOR;PENSIONISTA ESPECIAL;PENSIONISTA;PENSAO ESPECIAL; PENSAO POR ORDEM JUDICIAL;174,17;;174,17;;174,17;
SAMUEL PEREIRA DA SILVA;PENSIONISTA ESPECIAL;PENSIONISTA;PENSAO ESPECIAL; PENSAO POR ORDEM JUDICIAL;139,33;;139,33;;139,33;
SILVINHA MACEDO SILVA;PENSIONISTA ESPECIAL;PENSIONISTA;; PENSAO POR DECRETO;1045,00;;1045,00;;1045,00;
STEFANY RAQUEL SARAIVA AGRA;PENSIONISTA ESPECIAL;PENSIONISTA;; PENSAO POR DECRETO;1045,00;;1045,00;;1045,00;
STEPHANIE RIBEIRO DA SILVA;PENSIONISTA ESPECIAL;PENSIONISTA;PENSAO ESPECIAL; PENSAO POR DECRETO;1045,00;;1045,00;;1045,00;
TATIANE DE SOUZA GOMES;PENSIONISTA ESPECIAL;PENSIONISTA;; PENSAO POR ORDEM JUDICIAL;1045,00;;1045,00;;1045,00;
TEREZA BENEVIDES SCHERMULY SANTOS;PENSIONISTA ESPECIAL;PENSIONISTA LEI 1735 DE 14.11.85;; PENSAO POR DECRETO;1045,00;;1045,00;;1045,00;
TEREZINHA MARTINS MACHADO;PENSIONISTA ESPECIAL;PENSIONISTA;; PENSAO POR ORDEM JUDICIAL;1045,00;;1045,00;;1045,00;
ULYSSES DE SOUZA DA SILVEIRA;PENSIONISTA ESPECIAL;PENSIONISTA;; PENSAO POR DECRETO;2612,50;;2612,50;;2612,50;
VALENTINA FIDELIS;PENSIONISTA ESPECIAL;PENSIONISTA;; PENSAO POR LEI;1045,00;;1045,00;;1045,00;
VANDA VEIGA FERREIRA;PENSIONISTA ESPECIAL;PENSIONISTA;; PENSAO POR ORDEM JUDICIAL;348,33;;348,33;;348,33;
VANDERLEY OLIVEIRA DE SOUZA;PENSIONISTA ESPECIAL;PENSIONISTA;; PENSAO POR ORDEM JUDICIAL;348,33;;348,33;;348,33;
VANEIDE SIMOES MONTEIRO;PENSIONISTA ESPECIAL;PENSIONISTA;; PENSAO POR DECRETO;1350,00;;1350,00;;1350,00;
VANUZA RUBIA GUIMARAES HARTZ;PENSIONISTA ESPECIAL;SUB-SECRETARIO DE ESTADO;; PENSAO POR DECRETO;11700,00;;11700,00;2348,14;9351,86;
VERINELSON CRUZ E SOUSA;PENSIONISTA ESPECIAL;PENSIONISTA;; PENSAO POR ORDEM JUDICIAL;1045,00;;1045,00;;1045,00;
VIOLETA CASTELO BRANCO GONCALVES;PENSIONISTA ESPECIAL;PENSIONISTA;; PENSAO POR DECRETO;5000,00;;5000,00;109,60;4890,40;
VITORIA CASSIANO DE SOUZA VENTILARI;PENSIONISTA ESPECIAL;PENSIONISTA;; PENSAO POR DECRETO;1901,73;;1901,73;;1901,73;
WARLLEN BATISTA DO NASCIMENTO;PENSIONISTA ESPECIAL;PENSIONISTA;; PENSAO POR ORDEM JUDICIAL;2090,00;;2090,00;13,95;2076,05;
WENDELL MIGUEL GONCALVES MELGUEIRO;PENSIONISTA ESPECIAL;PENSIONISTA;; PENSAO POR ORDEM JUDICIAL;348,33;;348,33;;348,33;
YASMIM NATHALIA DE MATOS PEREIRA;PENSIONISTA ESPECIAL;PENSIONISTA;PENSAO ESPECIAL; PENSAO POR ORDEM JUDICIAL;232,22;;232,22;;232,22;
YGOR SAMUEL DE ALMEIDA GOMES;PENSIONISTA ESPECIAL;PENSIONISTA;; PENSAO POR ORDEM JUDICIAL;1045,00;;1045,00;;1045,00;
YURI VINICIUS GERALDES DOS SANTOS;PENSIONISTA ESPECIAL;PENSIONISTA;; PENSAO POR ORDEM JUDICIAL;1045,00;;1045,00;;1045,00;
