NOME;LOTACAO;CARGO;FUNCAO;VINCULO;REMUNERACAO LEGAL TOTAL(R$);DESC.TETO(R$); REMUNERACAO LEGAL DEVIDA(R$);DESCONTOS LEGAIS(R$);LIQUIDO DISPONIVEL(R$);
ALVARO RODRIGUES MARQUES NETO;PENSAO ESPECIAL - POL MILITAR;PENSIONISTA;PENSAO ESPECIAL; PENSAO POR DECRETO;4921,36;;4921,36;484,01;4437,35;
ANA CARLA REGO DA SILVA;PENSAO ESPECIAL - POL MILITAR;PENSIONISTA;PENSAO ESPECIAL; PENSAO POR DECRETO;1003,05;;1003,05;;1003,05;
ANA CAROLINA REGO DA SILVA;PENSAO ESPECIAL - POL MILITAR;PENSIONISTA;PENSAO ESPECIAL; PENSAO POR DECRETO;1003,05;;1003,05;;1003,05;
ANA CLAUDIA DOS SANTOS ALVES;PENSAO ESPECIAL - POL MILITAR;PENSIONISTA;; PENSAO POR DECRETO;4921,36;;4921,36;1353,38;3567,98;
ANA CLEURY DA COSTA MENEZES;PENSAO ESPECIAL - POL MILITAR;PENSIONISTA;PENSIONISTA; PENSAO POR DECRETO;5015,24;;5015,24;509,83;4505,41;
ANDREA SANTIAGO GONCALVES;PENSAO ESPECIAL - POL MILITAR;PENSIONISTA;; PENSAO POR DECRETO;4921,36;;4921,36;484,01;4437,35;
ANGELA MARIA AGRA PEREIRA;PENSAO ESPECIAL - POL MILITAR;PENSIONISTA;; PENSAO POR DECRETO;16312,10;;16312,10;3616,47;12695,63;
ANTONIA MARIA DE OLIVEIRA;PENSAO ESPECIAL - POL MILITAR;PENSIONISTA;; PENSAO POR DECRETO;5015,24;;5015,24;111,89;4903,35;
ANTONIA SEBASTIANA PEREIRA DA SILVA;PENSAO ESPECIAL - POL MILITAR;PENSIONISTA;; PENSAO POR DECRETO;6188,26;;6188,26;832,41;5355,85;
BIANCA LYRA FALCAO;PENSAO ESPECIAL - POL MILITAR;PENSIONISTA;; PENSAO POR DECRETO;4956,01;;4956,01;493,54;4462,47;
CLEIDE DOS SANTOS CALHEIROS;PENSAO ESPECIAL - POL MILITAR;PENSIONISTA;; PENSAO POR DECRETO;12479,25;;12479,25;2038,84;10440,41;
DEUZANIRA OLIVEIRA VIEIRA;PENSAO ESPECIAL - POL MILITAR;PENSIONISTA;; PENSAO POR DECRETO;4921,36;;4921,36;1353,38;3567,98;
DULCILENE FERREIRA DA SILVA;PENSAO ESPECIAL - POL MILITAR;PENSIONISTA;; PENSAO POR DECRETO;6154,81;;6154,81;320,31;5834,50;
EDINEIDE LIMA BATALHA CARNEIRO;PENSAO ESPECIAL - POL MILITAR;PENSIONISTA;; PENSAO POR DECRETO;4921,36;;4921,36;1353,38;3567,98;
EDNA SILVA RIBEIRO;PENSAO ESPECIAL - POL MILITAR;PENSIONISTA;; PENSAO POR DECRETO;4598,91;;4598,91;398,62;4200,29;
ESTHER KRAMER SOARES CAVALCANTE;PENSAO ESPECIAL - POL MILITAR;PENSIONISTA;; PENSAO POR DECRETO;5015,24;;5015,24;509,83;4505,41;
FRANCISCA BARRETO PINTO;PENSAO ESPECIAL - POL MILITAR;PENSIONISTA;; PENSAO POR DECRETO;4956,01;;4956,01;1362,91;3593,10;
FRANCISCA LUZINETTE BRASIL GUEDES;PENSAO ESPECIAL - POL MILITAR;PENSIONISTA;; PENSAO POR DECRETO;6011,74;;6011,74;783,87;5227,87;
GABRIEL ISMAEL LOPES;PENSAO ESPECIAL - POL MILITAR;PENSIONISTA;; PENSAO POR DECRETO;1230,35;;1230,35;;1230,35;
GIRLEY MAR DO NASCIMENTO;PENSAO ESPECIAL - POL MILITAR;PENSIONISTA;; PENSAO POR DECRETO;4921,36;;4921,36;1353,38;3567,98;
GLAUCIMARA VILHENA CORREA;PENSAO ESPECIAL - POL MILITAR;PENSIONISTA;; PENSAO POR DECRETO;6011,74;;6011,74;453,23;5558,51;
JUCIENE SILVA DA SILVA;PENSAO ESPECIAL - POL MILITAR;PENSIONISTA;PENSIONISTA; PENSAO POR DECRETO;4956,01;;4956,01;1362,91;3593,10;
LUCAS FERREIRA GIL DA SILVA;PENSAO ESPECIAL - POL MILITAR;PENSIONISTA;PENSAO ESPECIAL; PENSAO POR DECRETO;1003,05;;1003,05;;1003,05;
LUCENILZA TEIXEIRA DA SILVA;PENSAO ESPECIAL - POL MILITAR;PENSIONISTA;; PENSAO POR DECRETO;5975,98;;5975,98;1643,40;4332,58;
LUCIA MARIA DOS SANTOS ZIK;PENSAO ESPECIAL - POL MILITAR;PENSIONISTA;; PENSAO POR DECRETO;4921,36;;4921,36;97,81;4823,55;
LUIS ELISEU GOIS LOPES;PENSAO ESPECIAL - POL MILITAR;PENSIONISTA;; PENSAO POR DECRETO;1230,35;;1230,35;;1230,35;
LUIS VITOR LEITAO LOPES;PENSAO ESPECIAL - POL MILITAR;PENSIONISTA;PENSIONISTA; PENSAO POR DECRETO;1230,35;;1230,35;41,75;1188,60;
MARIA AUXILIADORA QUEIROZ DA SILVA;PENSAO ESPECIAL - POL MILITAR;PENSIONISTA;; PENSAO POR DECRETO;14265,28;;14265,28;2942,22;11323,06;
MARIA EDIELIA DOS SANTOS FEITOSA;PENSAO ESPECIAL - POL MILITAR;CABO;; PENSAO POR DECRETO;5015,24;;5015,24;382,14;4633,10;
MARIA LEONOR PEREIRA DA SILVA;PENSAO ESPECIAL - POL MILITAR;PENSIONISTA;; PENSAO POR DECRETO;4956,01;;4956,01;493,54;4462,47;
MARIA SANDRA CORDEIRO DE SOUZA;PENSAO ESPECIAL - POL MILITAR;PENSIONISTA;PENSIONISTA; PENSAO POR DECRETO;5975,98;;5975,98;705,28;5270,70;
MARLENE SARAIVA DE SOUZA;PENSAO ESPECIAL - POL MILITAR;PENSIONISTA;; PENSAO POR DECRETO;11295,83;;11295,83;2236,99;9058,84;
MARLY SOUSA OLIVEIRA;PENSAO ESPECIAL - POL MILITAR;PENSIONISTA;; PENSAO POR DECRETO;4921,36;;4921,36;97,81;4823,55;
NAIDE MALVEIRA LIMA;PENSAO ESPECIAL - POL MILITAR;PENSIONISTA;; PENSAO POR DECRETO;4921,36;;4921,36;97,81;4823,55;
NORMACY FERREIRA COSTA;PENSAO ESPECIAL - POL MILITAR;PENSIONISTA;; PENSAO POR DECRETO;4457,02;;4457,02;366,70;4090,32;
OSMARINA DANTAS MAGALHAES;PENSAO ESPECIAL - POL MILITAR;PENSIONISTA;; PENSAO POR DECRETO;6047,52;;6047,52;1663,07;4384,45;
ROSALINA CUNHA DE SOUZA;PENSAO ESPECIAL - POL MILITAR;PENSIONISTA;; PENSAO POR DECRETO;5975,98;;5975,98;280,07;5695,91;
ROSINALVA LEMOS REGO;PENSAO ESPECIAL - POL MILITAR;PENSIONISTA;PENSAO ESPECIAL; PENSAO POR DECRETO;280,67;;280,67;;280,67;
SILVIA QUEIROZ DE SOUZA;PENSAO ESPECIAL - POL MILITAR;PENSIONISTA;; PENSAO POR DECRETO;4956,01;;4956,01;493,54;4462,47;
ZULEIDE MELO DOS SANTOS;PENSAO ESPECIAL - POL MILITAR;PENSIONISTA;; PENSAO POR DECRETO;4921,36;;4921,36;97,81;4823,55;
