NOME;LOTACAO;CARGO;FUNCAO;VINCULO;REMUNERACAO LEGAL TOTAL(R$);DESC.TETO(R$); REMUNERACAO LEGAL DEVIDA(R$);DESCONTOS LEGAIS(R$);LIQUIDO DISPONIVEL(R$);
ALCENIR MENDONÇA DA SILVA;ASSESSORIA JURIDICA;ASSESSOR IV;NAO INFORMADO; CARGO COMISSION.S/VINCULO;3075,61;;3075,61;264,79;2810,82;
ALCY NASCIMENTO LIMA;GERENCIA DE OBRAS DO INTERIOR;ENG-I;; ESTATUTARIO;15496,64;;15496,64;3641,31;11855,33;
ALCY VIEIRA DA SILVA;DEPTO.DE ENGENHARIA;A.OPE-I;; ESTATUTARIO;4502,74;;4502,74;407,48;4095,26;
ALEANDRA TAVARES MEIRELES;GERENCIA DE GESTAO DE PESSOAS;ASSESSOR IV;NAO INFORMADO; CARGO COMISSION.S/VINCULO;3675,61;;3675,61;404,26;3271,35;
ALESSANDRO VASCONCELOS BANDEIRA;ASSESSORIA DE COMUNICACAO;CHEFE DE DEPARTAMENTO;NAO INFORMADO; CARGO COMISSION.S/VINCULO;7473,03;;7473,03;1534,78;5938,25;
ALEX ALMEIDA DOS REIS;GERENCIA DE ORCAMENTO;DIGITADOR;; ESTATUTARIO;5270,05;;5270,05;330,70;4939,35;
ALEXSANDRA D KARLA CABRAL DA SILVA;GABINETE DO SECRETARIO;ASSESSOR IV;; CARGO COMISSION.S/VINCULO;3675,61;;3675,61;418,48;3257,13;
ALFREDO TAPAJOS NETTO;PESSOAL PROC.DE APOSENTADORIA;ENG-I;; ESTATUTARIO;10984,59;;10984,59;2496,78;8487,81;
ALINE RAMOS CERQUINHO;ASSESSORIA JURIDICA;ASSESSOR III;ASSESSOR III AD 3; CARGO COMISSION.S/VINCULO;3691,80;;3691,80;422,40;3269,40;
ALLAN ALMEIDA DOS REIS;GERENCIA DE ORCAMENTO;DIGITADOR;; ESTATUTARIO;4077,54;;4077,54;308,07;3769,47;
ALZENEIDE MORAIS DE SOUZA;ASSESSORIA JURIDICA;ASSESSOR III;NAO INFORMADO; CARGO COMISSION.S/VINCULO;3691,80;;3691,80;422,40;3269,40;
AMANDA MORAES DA SILVA;GERENCIA DE CONTR.FINANCEIROS;ASSESSOR IV;NAO INFORMADO; CARGO COMISSION.S/VINCULO;3075,61;;3075,61;264,79;2810,82;
ANA CRISTINA SOUZA DE CAMPOS;GERENCIA DE ORCAMENTO;ASSESSOR I;NAO INFORMADO; CARGO COMISSION.S/VINCULO;5729,77;;5729,77;943,74;4786,03;
ANA LUCIA DE MATOS SAMPAIO;GERENCIA DE OBRAS DO INTERIOR;ASSESSOR TECNICO;; CARGO COMISSION.S/VINCULO;7500,00;;7500,00;1542,19;5957,81;
ANA PAULA NUNES DA SILVA;ASSESSORIA DE PLANEJAMENTO;GERENTE;NAO INFORMADO; CARGO COMISSION.S/VINCULO;4709,79;;4709,79;670,28;4039,51;
ANDERSON RICARDO DE SOUZA BENCHIMOL;ASSESSORIA JURIDICA;ASSESSOR I;ASSESSOR I AD-1; CARGO COMISSION.S/VINCULO;5729,77;;5729,77;986,40;4743,37;
ANDRE DA SILVA SANTOS;GABINETE DO SECRETARIO;ASSESSOR III;NAO INFORMADO; CARGO COMISSION.S/VINCULO;3691,80;;3691,80;378,69;3313,11;
ANDRE GOMES DE OLIVEIRA;GERENCIA DE OBRAS DO INTERIOR;ENG-I;; ESTATUTARIO;14487,15;;14487,15;3450,48;11036,67;
ANDREA IKEDA;ASSESSORIA DE COMUNICACAO;ASSESSOR TECNICO;; CARGO COMISSION.S/VINCULO;7500,00;;7500,00;1542,19;5957,81;
ANNE BARBOSA DE CARVALHO;GERENCIA DE OBRAS DA CAPITAL;ASSESSOR TECNICO;NAO INFORMADO; CARGO COMISSION.S/VINCULO;7500,00;;7500,00;1542,19;5957,81;
ANTONIA CLICE MENDES FIALHO;GERENCIA DE GESTAO DE PESSOAS;CHEFE DE DEPARTAMENTO;NAO INFORMADO; CARGO COMISSION.S/VINCULO;5729,77;;5729,77;943,74;4786,03;
ANTONIO CARLOS GOMES MIRANDA FILHO;GERENCIA DE OBRAS DO INTERIOR;ASSESSOR I;; CARGO COMISSION.S/VINCULO;5729,77;;5729,77;986,40;4743,37;
ARI CASTELO BRANCO;GERENCIA DE ORCAMENTO;ENG-I;; ESTATUTARIO;11995,21;;11995,21;2686,64;9308,57;
ARTHUR GABRIEL GONCALVES NETO;GERENCIA DE OBRAS DO INTERIOR;ASSESSOR I;NAO INFORMADO; CARGO COMISSION.S/VINCULO;5729,77;;5729,77;986,40;4743,37;
ARY DE ALMEIDA COSTA;GERENCIA DE OBRAS DO INTERIOR;ENG-I;; ESTATUTARIO;11976,41;;11976,41;2680,12;9296,29;
AUGUSTA EDMEA ROCHA DAS NEVES;GERENCIA DE PROJETOS;ARQUITETO;; ESTATUTARIO;9264,68;;9264,68;1761,41;7503,27;
BRENDA ANDES BARBOSA;REMANEJADOS SEINFRA;ASSESSOR IV;NAO INFORMADO; CARGO COMISSION.S/VINCULO;2377,61;;2377,61;168,98;2208,63;
BRUNO EDUARDO MORAIS DAS NEVES;GERENCIA DE CONTR.FINANCEIROS;ASSESSOR III;; CARGO COMISSION.S/VINCULO;3691,80;;3691,80;407,12;3284,68;
CALIXTRO RIBEIRO LOPES;REMANEJADOS SEINFRA;AUX.O-I;ALMOXARIFE; ESTATUTARIO;3741,74;;3741,74;238,83;3502,91;
CARLOS ALBERTO DO N E SILVA;GABINETE DO SECRETARIO;ASSESSOR II;; CARGO COMISSION.S/VINCULO;4709,79;;4709,79;670,28;4039,51;
CARLOS EDUARDO ABREU DE OLIVEIRA;GABINETE DO SECRETARIO;ASSESSOR I;; CARGO COMISSION.S/VINCULO;5729,77;;5729,77;943,74;4786,03;
CARLOS HENRIQUE DOS REIS LIMA;GABINETE DO SECRETARIO;SECRETARIO DE ESTADO;NAO INFORMADO; CARGO COMISSION.S/VINCULO;37913,33;;37913,33;9853,72;28059,61;
CELINA DA SILVA MELO;GERENCIA DE GESTAO DE PESSOAS;A.TEC-I;GERENTE AD-2; ESTATUTARIO;8337,68;;8337,68;1407,53;6930,15;
CELIO ALCANTARA CIPRIANO;GERENCIA DE CONVENIOS FEDERAIS;A.OPE-I;ASSESSOR I AD-1; ESTATUTARIO;3701,70;;3701,70;241,19;3460,51;
CLARA MOTA WOLFF;ASSESSORIA DE PLANEJAMENTO;ASSESSOR III;NAO INFORMADO; CARGO COMISSION.S/VINCULO;2695,80;;2695,80;197,62;2498,18;
CLAUDIO JOSE SILVA DE ALBUQUERQUE;ASSESSORIA JURIDICA;DIGITADOR;; ESTATUTARIO;6271,54;;6271,54;825,49;5446,05;
CLEBESON EVANGELISTA;REMANEJADOS SEINFRA;ASSESSOR IV;NAO INFORMADO; CARGO COMISSION.S/VINCULO;3675,61;;3675,61;418,48;3257,13;
CLODOALDO PEREIRA SILVA;DEPARTAMENTO DE ADM.E FINANCAS;SUBGERENTE;; CARGO COMISSION.S/VINCULO;3691,80;;3691,80;422,40;3269,40;
DALYENNE SOUZA ALENCAR DA ROCHA;GERENCIA DE CONTR.FINANCEIROS;CHEFE DE DEPARTAMENTO;NAO INFORMADO; CARGO COMISSION.S/VINCULO;5729,77;;5729,77;986,40;4743,37;
DAMIANA LOPES DE MELO;GERENCIA DE PROTOC.E ARQUIVO;A.TEC-I;; ESTATUTARIO;4402,40;;4402,40;378,94;4023,46;
DANIEL QUINTINO DUTRA;GERENCIA DE CONTR.FINANCEIROS;CADISTA;; ESTATUTARIO;4077,54;;4077,54;232,77;3844,77;
DANIELA FELIPE DE QUEIROZ;REMANEJADOS SEINFRA;ASSESSOR II;NAO INFORMADO; CARGO COMISSION.S/VINCULO;4709,79;;4709,79;670,28;4039,51;
DANIELA RAMOS NOGUEIRA C ALEGRIA;GABINETE DO SECRETARIO;ASSESSOR I;; CARGO COMISSION.S/VINCULO;5729,77;;5729,77;986,40;4743,37;
DANIELE BATISTA LOPES;SECRETARIA EXECUTIVA;ASSESSOR I;; CARGO COMISSION.S/VINCULO;5729,77;;5729,77;986,40;4743,37;
DANIELLE ANTONY ASSIS;DEPARTAMENTO DE ADM.E FINANCAS;GERENTE;; CARGO COMISSION.S/VINCULO;4709,79;;4709,79;670,28;4039,51;
DANIELLE NATALIA FREIRE DE OLIVEIRA;GERENCIA DE CONTR.FINANCEIROS;ASSESSOR I;; CARGO COMISSION.S/VINCULO;5729,77;;5729,77;986,40;4743,37;
DAYANA MENEZES DE SOUZA;GERENCIA DE GESTAO DE PESSOAS;SUBGERENTE;NAO INFORMADO; CARGO COMISSION.S/VINCULO;3691,80;;3691,80;407,12;3284,68;
DAYANNE LEITE PERRONE;SECRETARIA EXECUTIVA;ASSESSOR IV;NAO INFORMADO; CARGO COMISSION.S/VINCULO;3075,61;;3075,61;264,79;2810,82;
DORIS FERNANDES SOUZA STEFANES;ASSESSORIA TECNICA;ASSESSOR I;NAO INFORMADO; CARGO COMISSION.S/VINCULO;5729,77;;5729,77;943,74;4786,03;
DORVAL DO NASCIMENTO FEITOZA;GERENCIA DE PROJETOS;AUXILIAR DE TOPOGRAFIA;; ESTATUTARIO;3961,81;;3961,81;191,93;3769,88;
EDGAR LUIZ PINHEIRO DE SOUZA;GERENCIA DE OBRAS DA CAPITAL;ASSESSOR II;NAO INFORMADO; CARGO COMISSION.S/VINCULO;4709,79;;4709,79;670,28;4039,51;
EDILSON ROTONDANO;GERENCIA DE PROJETOS;ENG-III;; ESTATUTARIO;7852,65;;7852,65;1212,96;6639,69;
EDINEIDE DA SILVA FURTADO;GERENCIA DE GESTAO DE PESSOAS;A.TEC-I;; ESTATUTARIO;4210,34;;4210,34;348,50;3861,84;
EDIRSON MENDONCA DA COSTA;GERENCIA DE MANUTENCAO;AUX.O-I;ELETRICISTA; ESTATUTARIO;4416,43;;4416,43;374,76;4041,67;
EDMUNDO SOUZA DO NASCIMENTO;GERENCIA DE MANUTENCAO;AUX.O-I;ELETRICISTA; ESTATUTARIO;5566,63;;5566,63;499,56;5067,07;
EDUARDO DA SILVA PAULA;ASSESSORIA DE COMUNICACAO;ASSESSOR I;NAO INFORMADO; CARGO COMISSION.S/VINCULO;5729,77;;5729,77;986,40;4743,37;
EDUARDO GOMES DA FROTA;DEPARTAMENTO DE INFORMATICA;GERENTE;GERENTE AD-2; CARGO COMISSION.S/VINCULO;4709,79;;4709,79;641,84;4067,95;
EDUARDO PEREIRA DE FREITAS;GERENCIA DE OBRAS DA CAPITAL;ENG-I;CH NUC EXERC PROJETO; ESTATUTARIO;15552,31;;15552,31;3607,55;11944,76;
EDUARDO TUYOSHI CHIBA;PESSOAL PROC.DE APOSENTADORIA;ENG-I;; ESTATUTARIO;11114,39;;11114,39;2542,83;8571,56;
EDVALDO ROCHA RIBEIRO;GERENCIA DE PROJETOS;AUX.O-I;; ESTATUTARIO;4086,06;;4086,06;309,95;3776,11;
ELENICE MARIA DE XEREZ V ARIAS;UGPAC/AM-UNID.PROG.ACEL.CRESC.;ASSESSOR TECNICO;; CARGO COMISSION.S/VINCULO;7500,00;;7500,00;1542,19;5957,81;
ELIANA MARIA DA SILVA FEITOSA;GERENCIA DE PROTOC.E ARQUIVO;AUX.S.G-II;; ESTATUTARIO;4016,15;;4016,15;289,80;3726,35;
ELIZA DO CARMO DE OLIVEIRA DA SILVA;ASSESSORIA JURIDICA;A.TEC-I;ASSESSOR II, AD-2; ESTATUTARIO;7211,76;;7211,76;1101,54;6110,22;
ELIZA MARIA CARVALHO COUTINHO SENA;DEPARTAMENTO DE ENGENHARIA;ASSESSOR II;NAO INFORMADO; CARGO COMISSION.S/VINCULO;3709,79;;3709,79;426,78;3283,01;
ELZA FERREIRA DA COSTA;GABINETE DO SECRETARIO;A.TEC-II;; ESTATUTARIO;4331,66;;4331,66;359,66;3972,00;
EMERSON SILVEIRA FERREIRA;GERENCIA DE CONTABILIDADE;A.TEC-II;; ESTATUTARIO;5344,20;;5344,20;367,16;4977,04;
ERICKSON GONCALVES DE ARRUDA;GERENCIA DE MANUTENCAO;ASSESSOR IV;; CARGO COMISSION.S/VINCULO;4734,15;;4734,15;677,51;4056,64;
ERNESTO DE OLIVEIRA SILVA NETO;ASSESSORIA JURIDICA;ASSESSOR IV;NAO INFORMADO; CARGO COMISSION.S/VINCULO;3075,61;;3075,61;264,79;2810,82;
EUCLYCES MARIA DE PAULA FREITAS;GABINETE DO SECRETARIO;ASSISTENTE ADMINISTRATIVO I;CHEFE GABINETE AD-1; ESTATUTARIO;6416,61;;6416,61;876,96;5539,65;
EVELLYN POLLYANA CHAVES DE LIMA;SECRETARIA EXECUTIVA;GERENTE;; CARGO COMISSION.S/VINCULO;500,00;;500,00;;500,00;
FABIANA DA SILVA BARREIROS;ASSESSORIA JURIDICA;ASSESSOR TECNICO;NAO INFORMADO; CARGO COMISSION.S/VINCULO;7500,00;;7500,00;1542,19;5957,81;
FAUSTINIANO FONSECA NETO;GERENCIA DE OBRAS DO INTERIOR;ENG-I;; ESTATUTARIO;11282,50;;11282,50;2320,82;8961,68;
FELIPE LIMA DA COSTA;REMANEJADOS SEINFRA;ASSESSOR III;NAO INFORMADO; CARGO COMISSION.S/VINCULO;4755,73;;4755,73;684,21;4071,52;
FERNANDO ELIAS PRESTES GONCALVES;GABINETE DO SECRETARIO;ENG-I;; ESTATUTARIO;15402,75;;15402,75;3610,30;11792,45;
FRANCILENE BESSA DA SILVA;GERENCIA DE PROJETOS;ASSESSOR I;NAO INFORMADO; CARGO COMISSION.S/VINCULO;5729,77;;5729,77;943,74;4786,03;
FRANCIS ALBERT GAMA PARENTE;GERENCIA DE PROJETOS;ENGENHEIRO;; ESTATUTARIO;16881,20;;16881,20;3174,77;13706,43;
FRANCISCA MOTA DE LIMA;GABINETE DO SECRETARIO;ASSESSOR IV;ASSESSOR IV AD-4; CARGO COMISSION.S/VINCULO;3075,61;;3075,61;264,79;2810,82;
FRANCISCO BARROSO GOMES;GERENCIA DE MANUTENCAO;VIGIA-I;; ESTATUTARIO;4352,94;;4352,94;357,15;3995,79;
FRANCISCO CHAGAS SANTOS DA SILVA;GERENCIA DE GESTAO DE PESSOAS;A.TEC-II;; ESTATUTARIO;4351,07;;4351,07;364,20;3986,87;
FRANCISCO DAS CHAGAS ROSA DE LIMA;GERENCIA DE MANUTENCAO;MOT-I;; ESTATUTARIO;4523,95;;4523,95;371,50;4152,45;
FRANCISCO JOSE DE CASTRO E SILVA;ASSESSORIA JURIDICA;ASSESSOR III;ASSESSOR III AD-3; CARGO COMISSION.S/VINCULO;3691,80;;3691,80;422,40;3269,40;
FRANCISCO OLIVEIRA DE SOUZA FILHO;UNID.GEST.PR.SOC.AMB.IGARAPES;ENG-I;; ESTATUTARIO;14940,09;;14940,09;3434,73;11505,36;
FRANK DOUGLAS THOME DE SOUZA;GERENCIA DE OBRAS DA CAPITAL;ASSESSOR TECNICO;NAO INFORMADO; CARGO COMISSION.S/VINCULO;7500,00;;7500,00;1542,19;5957,81;
FRANQUIMAR SANTANA CIDRONIO;GERENCIA DE OBRAS DA CAPITAL;TNS-I;; ESTATUTARIO;13079,23;;13079,23;2441,33;10637,90;
GERSON JOHNYS LISBOA VIEIRA;DEPARTAMENTO DE INFORMATICA;ASSESSOR IV;NAO INFORMADO; CARGO COMISSION.S/VINCULO;3675,61;;3675,61;418,48;3257,13;
GILTEMBERG MESSIAS DE O SILVA;GABINETE DO SECRETARIO;ASSESSOR IV;NAO INFORMADO; CARGO COMISSION.S/VINCULO;3675,61;;3675,61;418,48;3257,13;
GIRLANE PESSOA BRASIL;GERENCIA DE GESTAO DE PESSOAS;SUBGERENTE;SUBGERENTE AD-3; CARGO COMISSION.S/VINCULO;3691,80;;3691,80;422,40;3269,40;
GIRLENE OLIVEIRA DE ARAUJO;DEPTO.DE ENGENHARIA;ASSESSOR II;NAO INFORMADO; CARGO COMISSION.S/VINCULO;4709,79;;4709,79;670,28;4039,51;
GLAUPERCIO SANTOS CASTELO BRANCO;DEPTO.DE ENGENHARIA;ENG-I;; ESTATUTARIO;11871,08;;11871,08;2591,45;9279,63;
GLICIA PEDRINA DE SOUZA PENALBER;REMANEJADOS SEINFRA;ASSESSOR II;NAO INFORMADO; CARGO COMISSION.S/VINCULO;4709,79;;4709,79;670,28;4039,51;
GUSTAVO BRUGNARA DA SILVEIRA;SECRETARIA EXECUTIVA;SECRETARIO EXECUTIVO ADJUNTO;NAO INFORMADO; CARGO COMISSION.S/VINCULO;9500,00;;9500,00;2040,06;7459,94;
HARLEY AUGUSTO VIEIRA DOS SANTOS;DEPARTAMENTO DE ENGENHARIA;ASSESSOR II;NAO INFORMADO; CARGO COMISSION.S/VINCULO;6113,05;;6113,05;1121,87;4991,18;
HELANE ARAUJO DA COSTA;ASSESSORIA JURIDICA;ASSESSOR TECNICO;NAO INFORMADO; CARGO COMISSION.S/VINCULO;9833,33;;9833,33;2183,86;7649,47;
HELIDA ARAUJO DA COSTA;DEPTO.DE ENGENHARIA;ASSESSOR III;NAO INFORMADO; CARGO COMISSION.S/VINCULO;4755,73;;4755,73;684,21;4071,52;
HENNYSOW RENATO TRAJANO GANDRA;GERENCIA DE PROJETOS;CADISTA;; ESTATUTARIO;4077,54;;4077,54;279,63;3797,91;
HENRIETT SANTOS VIANNA COSTA;GERENCIA DE CONTABILIDADE;A.TEC-I;; ESTATUTARIO;4392,70;;4392,70;376,67;4016,03;
IGOR CRUZ DOS SANTOS;DEPTO.DE ENGENHARIA;ASSESSOR III;NAO INFORMADO; CARGO COMISSION.S/VINCULO;3691,80;;3691,80;422,40;3269,40;
INGRID CRISTINA DOS SANTOS MARTH;GABINETE DO SECRETARIO;GERENTE;NAO INFORMADO; CARGO COMISSION.S/VINCULO;4709,79;;4709,79;670,28;4039,51;
IRISNALDO VALENTE DE LIRA;GERENCIA DE GESTAO DE PESSOAS;A.TEC-I;; ESTATUTARIO;4402,40;;4402,40;378,94;4023,46;
ISABEL CRISTINA DUARTE S NEGOITA;REMANEJADOS SEINFRA;CHEFE DE DEPARTAMENTO;NAO INFORMADO; CARGO COMISSION.S/VINCULO;5729,77;;5729,77;986,40;4743,37;
IVAN MATIAS LIMA;GERENCIA DE MANUTENCAO;AGENTE PORTUARIO II;ASSESSOR II; ESTATUTARIO;5849,42;;5849,42;605,08;5244,34;
IVANIZE MARIA SIQUEIRA DE FARIAS;DEPARTAMENTO DE ADM.E FINANCAS;ASSESSOR II;ASSESSOR II AD-2; CARGO COMISSION.S/VINCULO;6113,05;;6113,05;1121,87;4991,18;
JADIR MILLER RAMOS;GERENCIA DE MANUTENCAO;AUX.O-I;; ESTATUTARIO;4417,69;;4417,69;210,12;4207,57;
JAILTON MACHADO DE LIMA;REMANEJADOS SEINFRA;CONSULTOR;NAO INFORMADO; CARGO COMISSION.S/VINCULO;7500,00;;7500,00;1490,06;6009,94;
JAIR TEOFILO DE PONTES FILHO;GERENCIA DE TRANSPORTES;ENG.O-II;; ESTATUTARIO;10393,74;;10393,74;2161,94;8231,80;
JANICE FERNANDES CARVALHO;GERENCIA DE PROJETOS;CAD-III;; ESTATUTARIO;3896,84;;3896,84;472,33;3424,51;
JANNY MARY MOTA DA SILVA;GERENCIA DE OBRAS DO INTERIOR;ASSESSOR II;; CARGO COMISSION.S/VINCULO;4709,79;;4709,79;670,28;4039,51;
JANSEN DE OLIVEIRA MONTE;DEPTO.DE ENGENHARIA;DIGITADOR;; ESTATUTARIO;5270,05;;5270,05;466,92;4803,13;
JAQUELINE RAQUELLE DA COSTA LIMA;REMANEJADOS SEINFRA;ASSESSOR IV;; CARGO COMISSION.S/VINCULO;2679,61;;2679,61;196,16;2483,45;
JARLAN BIASE DE LIMA;GERENCIA DE TRANSPORTES;FISCAL RODOVIARIO;; ESTATUTARIO;4077,54;;4077,54;308,07;3769,47;
JESUS ALECXANDRE GOMES DE SOUZA;REMANEJADOS SEINFRA;CHEFE DE DEPARTAMENTO;NAO INFORMADO; CARGO COMISSION.S/VINCULO;5729,77;;5729,77;943,74;4786,03;
JOACY DE SOUZA CASTELO;GERENCIA DE GESTAO DE PESSOAS;ASSESSOR IV;ASSESSOR IV AD-4; CARGO COMISSION.S/VINCULO;3675,61;;3675,61;418,48;3257,13;
JOAO IBERNON DE MOURA;GERENCIA DE PROJETOS;TPG-I;; ESTATUTARIO;4502,27;;4502,27;424,37;4077,90;
JOAO PINTO DOS SANTOS;GERENCIA DE PROJETOS;AUX.O-I;; ESTATUTARIO;4487,79;;4487,79;396,16;4091,63;
JOAO SEIXAS DA SILVA;GERENCIA DE MANUTENCAO;AUX.O-I;; ESTATUTARIO;4320,46;;4320,46;323,84;3996,62;
JORGE RENATO CASTRO DA SILVA;DEPARTAMENTO DE ADM.E FINANCAS;SECRETARIO EXECUTIVO ADJUNTO;NAO INFORMADO; CARGO COMISSION.S/VINCULO;12500,00;;12500,00;2917,19;9582,81;
JOSE ALMEIDA DE OLIVEIRA;ASSESSORIA JURIDICA;ENG-I;ASSESSOR I; ESTATUTARIO;17184,09;;17184,09;4104,66;13079,43;
JOSE DE RIBAMAR XAVIER D E SILVA;GERENCIA DE PROJETOS;TNS-I;GERENTE, AD-2; ESTATUTARIO;15807,92;;15807,92;3592,64;12215,28;
JOSE MAURICIO DOS SANTOS TOMAZ;ASSESSORIA JURIDICA;ASSESSOR I;ASSESSOR I AD-1; CARGO COMISSION.S/VINCULO;5729,77;;5729,77;986,40;4743,37;
JOSEANE CASTRO ALMEIDA;GABINETE DO SECRETARIO;ASSESSOR III;NAO INFORMADO; CARGO COMISSION.S/VINCULO;3691,80;;3691,80;422,40;3269,40;
JOYCE SOUZA DE SENA MARINHO;GERENCIA DE OBRAS DO INTERIOR;ASSESSOR TECNICO;ASSESSOR TECNICO; CARGO COMISSION.S/VINCULO;7500,00;;7500,00;1542,19;5957,81;
JUCELINE ROCHA DA SILVA;DEPTO.DE ENGENHARIA;ASSESSOR TECNICO;NAO INFORMADO; CARGO COMISSION.S/VINCULO;7500,00;;7500,00;1112,89;6387,11;
JULIANO TELES RAMOS;GERENCIA DE OBRAS DO INTERIOR;ASSESSOR I;NAO INFORMADO; CARGO COMISSION.S/VINCULO;5729,77;;5729,77;986,40;4743,37;
JURACI SILVA CARDOSO;DEPTO.DE ENGENHARIA;A.TEC-I;; ESTATUTARIO;4402,40;;4402,40;378,94;4023,46;
KARLA CRISTINA PEREIRA P PORTELLA;GERENCIA DE PROJETOS;ASSESSOR II;ASSESSOR II AD-2; CARGO COMISSION.S/VINCULO;4709,79;;4709,79;670,28;4039,51;
KATIA MARIA SOARES B C CAPOBIANGO;GABINETE DO SECRETARIO;ARQUITETO;; ESTATUTARIO;10591,90;;10591,90;2126,39;8465,51;
KEITOKU TOYODA;GERENCIA DE ORCAMENTO;ENG-I;CHEFE SETOR CUSTOS; ESTATUTARIO;11945,64;;11945,64;1832,53;10113,11;
KELLY SUELEN CORREA HOLANDA;DEPARTAMENTO DE INFORMATICA;ASSESSOR I;ASSESSOR I AD 1; CARGO COMISSION.S/VINCULO;5729,77;;5729,77;986,40;4743,37;
KELLYSON SANTOS OLIVEIRA;REMANEJADOS SEINFRA;CHEFE DE DEPARTAMENTO;NAO INFORMADO; CARGO COMISSION.S/VINCULO;5729,77;;5729,77;986,40;4743,37;
KEN NISHIKIDO;GERENCIA DE ORCAMENTO;ENG-I;; ESTATUTARIO;11936,99;;11936,99;2643,58;9293,41;
LAZARO ROQUE DOS SANTOS;GERENCIA DE PROJETOS;AUX.O-I;; ESTATUTARIO;4189,03;;4189,03;335,01;3854,02;
LESSIANE DE SOUSA SOARES;DEPARTAMENTO DE ADM.E FINANCAS;DIGITADOR;; ESTATUTARIO;4077,54;;4077,54;308,07;3769,47;
LINDOMAR DA SILVA VARGAS;GERENCIA DE CONTABILIDADE;ASSESSOR TECNICO;NAO INFORMADO; CARGO COMISSION.S/VINCULO;9833,33;;9833,33;2183,86;7649,47;
LIZANDRA VALERIA PEREIRA BRUGNARA;ASSESSORIA DE PLANEJAMENTO;ASSESSOR TECNICO;NAO INFORMADO; CARGO COMISSION.S/VINCULO;7500,00;;7500,00;1542,19;5957,81;
LUANA SILVA MAHATMA;DEPTO.DE ENGENHARIA;ASSESSOR IV;NAO INFORMADO; CARGO COMISSION.S/VINCULO;3675,61;;3675,61;390,04;3285,57;
LUCAS MACEDO BEZERRA;ASSESSORIA JURIDICA;ASSESSOR I;NAO INFORMADO; CARGO COMISSION.S/VINCULO;5729,77;;5729,77;986,40;4743,37;
LUCICLEY BARBOSA E SA;GERENCIA DE GESTAO DE PESSOAS;ASSESSOR III;ASSESSOR III AD-3; CARGO COMISSION.S/VINCULO;3691,80;;3691,80;422,40;3269,40;
LUCIO CLENIO CARIOCA DA SILVA;GERENCIA DE MANUTENCAO;SUBGERENTE;NAO INFORMADO; CARGO COMISSION.S/VINCULO;3691,80;;3691,80;422,40;3269,40;
LUIZ ANTONIO DE V D JUNIOR;GERENCIA DE PROJETOS;ASSESSOR I;ASSESSOR I AD-1; CARGO COMISSION.S/VINCULO;5729,77;;5729,77;901,09;4828,68;
LUIZ CARLOS PEREIRA DO NASCIMENTO;GERENCIA DE PROJETOS;MOT-I;; ESTATUTARIO;4618,85;;4618,85;435,71;4183,14;
LUIZ HENRIQUE MARTINS LINHARES;GERENCIA DE TRANSPORTES;A.OPE-I;; ESTATUTARIO;8360,77;;8360,77;1364,16;6996,61;
LUIZA DE ALMEIDA AFONSO;ASSESSORIA JURIDICA;ASSESSOR TECNICO;NAO INFORMADO; CARGO COMISSION.S/VINCULO;9833,33;;9833,33;2183,86;7649,47;
MAIRA CASTRO LOPES;GERENCIA DE PROJETOS;ASSESSOR I;; CARGO COMISSION.S/VINCULO;5729,77;;5729,77;986,40;4743,37;
MANOEL BESSA NETO;GERENCIA DE MANUTENCAO;ASSESSOR III;NAO INFORMADO; CARGO COMISSION.S/VINCULO;4755,73;;4755,73;684,21;4071,52;
MANOEL DE CASTRO PAIVA;SECRETARIA EXECUTIVA;ENG.O-I;; ESTATUTARIO;11031,31;;11031,31;2352,31;8679,00;
MANOEL FERNANDES DA SILVA;GERENCIA DE PROJETOS;AUX.O-I;; ESTATUTARIO;4154,06;;4154,06;326,50;3827,56;
MANUEL RIBAMAR VALDEVINO OLIVEIRA;GERENCIA DE TRANSPORTES;ENG.O-I;; ESTATUTARIO;10618,73;;10618,73;2241,76;8376,97;
MANUELA GOMES DA SILVA;DEPARTAMENTO DE ADM.E FINANCAS;ASSESSOR I;NAO INFORMADO; CARGO COMISSION.S/VINCULO;5729,77;;5729,77;986,40;4743,37;
MARA SOCORRO DE SOUZA LOBO LEITE;GABINETE DO SECRETARIO;ASSESSOR II;ASSESSOR II AD-2; CARGO COMISSION.S/VINCULO;4709,79;;4709,79;670,28;4039,51;
MARCELINO CARDOSO DE AGUIAR;DEPTO.DE ENGENHARIA;ASSESSOR II;NAO INFORMADO; CARGO COMISSION.S/VINCULO;4709,79;;4709,79;670,28;4039,51;
MARCELLUS JOSE BARROSO CAMPELO;SECRETARIA EXECUTIVA;SECRETARIO EXECUTIVO;NAO INFORMADO; CARGO COMISSION.S/VINCULO;16100,00;;16100,00;3855,06;12244,94;
MARCELO ALVES PEREIRA;SECRETARIA EXECUTIVA;ASSESSOR IV;NAO INFORMADO; CARGO COMISSION.S/VINCULO;3075,61;;3075,61;264,79;2810,82;
MARCELO CELSO BASTOS DE AGUIAR;GERENCIA DE OBRAS DA CAPITAL;ENG-I;; ESTATUTARIO;13692,94;;13692,94;3879,99;9812,95;
MARCELO TAVARES DE CARVALHO;ASSESSORIA DE PLANEJAMENTO;ASSESSOR TECNICO;NAO INFORMADO; CARGO COMISSION.S/VINCULO;7500,00;;7500,00;1542,19;5957,81;
MARCIO BRITO DA SILVA;GERENCIA DE MANUTENCAO;ASSESSOR IV;NAO INFORMADO; CARGO COMISSION.S/VINCULO;3675,61;;3675,61;404,26;3271,35;
MARCIO PINHEIRO AZEDO;GERENCIA DE OBRAS DA CAPITAL;ASSESSOR III;NAO INFORMADO; CARGO COMISSION.S/VINCULO;3691,80;;3691,80;407,12;3284,68;
MARCO ANTONIO MUNIZ RIBEIRO;GERENCIA DE OBRAS DA CAPITAL;ASSESSOR II;NAO INFORMADO; CARGO COMISSION.S/VINCULO;4709,79;;4709,79;613,40;4096,39;
MARCO AYALLA BEZERRA PAIVA;ASSESSORIA JURIDICA;ASSESSOR TECNICO;NAO INFORMADO; CARGO COMISSION.S/VINCULO;9833,33;;9833,33;2183,86;7649,47;
MARCOS CASTRO DE SOUZA;DEPARTAMENTO DE ADM.E FINANCAS;ASSESSOR III;; CARGO COMISSION.S/VINCULO;3691,80;;3691,80;422,40;3269,40;
MARCOS VINICIUS BARROS DE ANDRADE;DEPTO.DE ENGENHARIA;GERENTE;; CARGO COMISSION.S/VINCULO;4709,79;;4709,79;670,28;4039,51;
MARIA DE FATIMA LIMA DE MATOS;DEPARTAMENTO DE ADM.E FINANCAS;ASSISTENTE TECNICO 1A CLASSE;; ESTATUTARIO;5281,71;;5281,71;555,60;4726,11;
MARIA DE FATIMA NUNES RIBEIRO;GERENCIA DE TRANSPORTES;A.TEC-I;SECRETARIA DA DO; ESTATUTARIO;4201,57;;4201,57;345,74;3855,83;
MARIA DO CARMO FERREIRA DA SILVA;GERENCIA DE PROJETOS;A.TEC-I;; ESTATUTARIO;4371,10;;4371,10;371,05;4000,05;
MARIA DO CARMO VIEIRA GOLVIM;GERENCIA DE ORCAMENTO;ENG-I;; ESTATUTARIO;11377,39;;11377,39;2510,89;8866,50;
MARIA DO PERPETUO S F OLIVEIRA;GERENCIA DE GESTAO DE PESSOAS;ASSESSOR I;; CARGO COMISSION.S/VINCULO;5729,77;;5729,77;986,40;4743,37;
MARIA EMILIA LEITE FRANCA;GERENCIA DE MANUTENCAO;AUX.ADM-I;; ESTATUTARIO;5438,76;;5438,76;554,38;4884,38;
MARIA JOSE LITAIFF E LITAIFF;GERENCIA DE PROJETOS;DES-I;ASSESSOR I - AD-1; ESTATUTARIO;6369,52;;6369,52;882,75;5486,77;
MARIA MARIANA CARNEIRO;GERENCIA DE GESTAO DE PESSOAS;AUXILIAR DE SERV GERAIS 3A CLASSE;; ESTATUTARIO;5127,40;;5127,40;504,44;4622,96;
MARILENA BO AGUIAR JACOBS;GERENCIA DE ORCAMENTO;ENGENHEIRO;; ESTATUTARIO;10687,91;;10687,91;2212,93;8474,98;
MARIO JORGE DUTRA DA SILVA;GERENCIA DE OBRAS DO INTERIOR;ENG-I;ASSESSOR TECNICO; ESTATUTARIO;11321,32;;11321,32;2491,01;8830,31;
MARIO RODRIGUES MONTEIRO JUNIOR;GERENCIA DE CONTR.FINANCEIROS;ASSESSOR II;NAO INFORMADO; CARGO COMISSION.S/VINCULO;4709,79;;4709,79;641,84;4067,95;
MARLA ALMEIDA DE SAN MARTIN;GABINETE DO SECRETARIO;ASSESSOR II;; CARGO COMISSION.S/VINCULO;6113,05;;6113,05;977,34;5135,71;
MARLENE LOPES DO NASCIMENTO;GERENCIA DE ORCAMENTO;DES-I;; ESTATUTARIO;5643,16;;5643,16;687,16;4956,00;
MICHELE LIMA BEZERRA;GERENCIA DE GESTAO DE PESSOAS;GERENTE;NAO INFORMADO; CARGO COMISSION.S/VINCULO;4709,79;;4709,79;641,84;4067,95;
MIDIA DE SOUZA VIANA;ASSESSORIA DE COMUNICACAO;ASSESSOR II;NAO INFORMADO; CARGO COMISSION.S/VINCULO;4709,79;;4709,79;670,28;4039,51;
MIKAELEN SARINA BATISTA VALENTE;GERENCIA DE OBRAS DA CAPITAL;ASSESSOR II;NAO INFORMADO; CARGO COMISSION.S/VINCULO;6113,05;;6113,05;1121,87;4991,18;
MONICA REJANE BUZAR DUALIBE;GERENCIA DE OBRAS DO INTERIOR;ASSESSOR I;NAO INFORMADO; CARGO COMISSION.S/VINCULO;5729,77;;5729,77;986,40;4743,37;
NARLEY ADSON PAIVA GUEDES;REMANEJADOS SEINFRA;ASSESSOR II;NAO INFORMADO; CARGO COMISSION.S/VINCULO;4709,79;;4709,79;641,84;4067,95;
NATHANAEL DO NASCIMENTO ANDRADE;DEPARTAMENTO DE ENGENHARIA;GERENTE;NAO INFORMADO; CARGO COMISSION.S/VINCULO;4709,79;;4709,79;670,28;4039,51;
NEY AFONSO SIQUEIRA AGUIAR;GERENCIA DE PROJETOS;DES-I;; ESTATUTARIO;4227,83;;4227,83;373,49;3854,34;
NIBIA PINHO PUCU;DEPTO.DE ENGENHARIA;ASSESSOR IV;NAO INFORMADO; CARGO COMISSION.S/VINCULO;3675,61;;3675,61;418,48;3257,13;
ODENILSON ROBERTO AZEVEDO SERIQUE;ASSESSORIA DE PLANEJAMENTO;ASSESSOR TECNICO;NAO INFORMADO; CARGO COMISSION.S/VINCULO;9833,33;;9833,33;2183,86;7649,47;
ODILENO RABELO DA SILVA;GERENCIA DE MANUTENCAO;ASSESSOR II;ASSESSOR II AD2; CARGO COMISSION.S/VINCULO;6113,05;;6113,05;1069,73;5043,32;
ORLANDO AUGUSTO VIEIRA DE M JUNIOR;SECRETARIA EXECUTIVA;ENG-I;; ESTATUTARIO;17132,09;;17132,09;4729,75;12402,34;
ORLANDO SILVIO DE PAULA LIMA;GERENCIA DE PROJETOS;AUX.O-I;; ESTATUTARIO;4330,17;;4330,17;354,55;3975,62;
OSVALDO PEREIRA PINTO;GERENCIA DE MANUTENCAO;AUX.O-I;; ESTATUTARIO;4301,04;;4301,04;319,29;3981,75;
OSWALDO SAID JUNIOR;GERENCIA DE OBRAS DA CAPITAL;TNS-I;; ESTATUTARIO;9767,75;;9767,75;1939,87;7827,88;
PAULO ROGERIO DE OLIVEIRA LEITE;GERENCIA DE PROJETOS;A.TEC-I;; ESTATUTARIO;4382,98;;4382,98;374,39;4008,59;
PAULO ROMEU LAMMEL HENDGES;DEPTO.DE ENGENHARIA;ASSESSOR I;; CARGO COMISSION.S/VINCULO;5729,77;;5729,77;986,40;4743,37;
PEDRO JOSE BARROS;GERENCIA DE MANUTENCAO;ASSESSOR IV;NAO INFORMADO; CARGO COMISSION.S/VINCULO;3675,61;;3675,61;418,48;3257,13;
PRISCILA DE SOUZA SILVA;GERENCIA DE GESTAO DE PESSOAS;ASSESSOR III;NAO INFORMADO; CARGO COMISSION.S/VINCULO;3691,80;;3691,80;422,40;3269,40;
RAFAELA ALMEIDA GUIMARAES;DEPTO.DE ENGENHARIA;CHEFE DE DEPARTAMENTO;NAO INFORMADO; CARGO COMISSION.S/VINCULO;5729,77;;5729,77;986,40;4743,37;
RAIMUNDO CARNEIRO DE CASTRO;GERENCIA DE MANUTENCAO;MOT-I;; ESTATUTARIO;5963,03;;5963,03;770,57;5192,46;
RAIMUNDO MONTEIRO DO NASCIMENTO;DEPTO.DE ENGENHARIA;AUX.O-I;; ESTATUTARIO;4330,17;;4330,17;354,55;3975,62;
RAIMUNDO NONATO BELO SOARES;GERENCIA DE OBRAS DA CAPITAL;ENG-II;; ESTATUTARIO;11394,23;;11394,23;2464,73;8929,50;
RAIMUNDO NONATO FERREIRA DA SILVA;GERENCIA DE MANUTENCAO;AUX.O-I;; ESTATUTARIO;5743,37;;5743,37;576,42;5166,95;
RAIMUNDO NONATO GASPAR DE MELO;PESSOAL PROC.DE APOSENTADORIA;A.OPE-I;ASSESSOR II,AD-2; ESTATUTARIO;4263,99;;4263,99;333,12;3930,87;
RAIMUNDO PEDRACA FILGUEIRAS JUNIOR;GERENCIA DE ORCAMENTO;A.TEC-I;GERENTE, AD-2; ESTATUTARIO;4201,57;;4201,57;345,74;3855,83;
RAYANNY SILVA SIQUEIRA MONTEIRO;ASSESSORIA JURIDICA;ASSESSOR TECNICO;NAO INFORMADO; CARGO COMISSION.S/VINCULO;7500,00;;7500,00;1542,19;5957,81;
REGIANE CAMPOS DE CASTRO;GERENCIA DE PROJETOS;SUBGERENTE;NAO INFORMADO; CARGO COMISSION.S/VINCULO;3691,80;;3691,80;422,40;3269,40;
REGINALDO HILARIO DO NASCIMENTO;GERENCIA DE OBRAS DO INTERIOR;ASSISTENTE TECNICO 3A CLASSE;; ESTATUTARIO;8207,04;;8207,04;1306,31;6900,73;
RENATA BEZERRA DE MELO;DEPARTAMENTO DE ADM.E FINANCAS;DIGITADOR;; ESTATUTARIO;1850,19;;1850,19;148,52;1701,67;
RENATO ANTONIO PAES BENAION;GERENCIA DE ORCAMENTO;ENG-I;; ESTATUTARIO;12224,39;;12224,39;2713,99;9510,40;
ROBERTO ALVES DE MENEZES;GERENCIA DE MANUTENCAO;AUX.O-I;AMOXARIFE; ESTATUTARIO;4264,39;;4264,39;339,14;3925,25;
ROBERVAL DANTAS CAMPOS;GABINETE DO SECRETARIO;ASSESSOR IV;; CARGO COMISSION.S/VINCULO;3075,61;;3075,61;264,79;2810,82;
ROCICLEIA FERREIRA DA SILVA;GERENCIA DE GESTAO DE PESSOAS;ASSESSOR III;; CARGO COMISSION.S/VINCULO;3691,80;;3691,80;422,40;3269,40;
RODRIGO CARDOSO DE ARAUJO;REMANEJADOS SEINFRA;ASSESSOR IV;NAO INFORMADO; CARGO COMISSION.S/VINCULO;2377,61;;2377,61;168,98;2208,63;
RODRIGO MOURA PAULO;REMANEJADOS SEINFRA;ASSESSOR IV;NAO INFORMADO; CARGO COMISSION.S/VINCULO;2679,61;;2679,61;196,16;2483,45;
RODRIGO NEGRÃO REIS;REMANEJADOS SEINFRA;ASSESSOR IV;NAO INFORMADO; CARGO COMISSION.S/VINCULO;3675,61;;3675,61;418,48;3257,13;
ROGERIO GENICIO LUCENA JUNIOR;GERENCIA DE TRANSPORTES;ASSESSOR TECNICO;ASSESSOR TECNICO; CARGO COMISSION.S/VINCULO;7500,00;;7500,00;1542,19;5957,81;
RONY MONTEIRO DA SILVA;GERENCIA DE CONTABILIDADE;ASSESSOR III;; CARGO COMISSION.S/VINCULO;3691,80;;3691,80;422,40;3269,40;
RUBEM CARLOS DO LAGO ARAUJO;GERENCIA DE ORCAMENTO;ENGENHEIRO 2A CLASSE;; ESTATUTARIO;10779,36;;10779,36;2298,74;8480,62;
SALOMAO SIMONETTI DE MELO;DEPARTAMENTO DE ENGENHARIA;ASSESSOR TECNICO;NAO INFORMADO; CARGO COMISSION.S/VINCULO;7500,00;;7500,00;1490,06;6009,94;
SAMUEL CARVALHO DE SOUZA;GERENCIA DE CONTR.FINANCEIROS;ASSESSOR I;NAO INFORMADO; CARGO COMISSION.S/VINCULO;5729,77;;5729,77;986,40;4743,37;
SAMUELSON BUZAGLO PIMENTA;REMANEJADOS SEINFRA;ASSESSOR III;; CARGO COMISSION.S/VINCULO;3691,80;;3691,80;422,40;3269,40;
SANDRA SUELI FONTES RODRIGUES;DEPTO.DE ENGENHARIA;TNS-I;SECRETARIO EXECUTIVO; ESTATUTARIO;13066,60;;13066,60;2752,64;10313,96;
SANDRO RAMALHO BEZERRA;GERENCIA DE OBRAS DA CAPITAL;ASSESSOR I;NAO INFORMADO; CARGO COMISSION.S/VINCULO;5729,77;;5729,77;943,74;4786,03;
SIDNEY MENDONCA DIAS DE ALMEIDA;GERENCIA DE MANUTENCAO;MOT-I;; ESTATUTARIO;4308,84;;4308,84;206,78;4102,06;
SILVIA PATRICIA MATOS GABRIEL;GERENCIA DE ORCAMENTO;ASSESSOR I;; CARGO COMISSION.S/VINCULO;5729,77;;5729,77;901,09;4828,68;
STELLA MARIA LOBATO HORTENCIO;GERENCIA DE PROJETOS;ASSESSOR III;; CARGO COMISSION.S/VINCULO;4755,73;;4755,73;653,03;4102,70;
SYLVANA CELIVIA GOMES FREITAS;SECRETARIA EXECUTIVA;ASSESSOR II;ASSESSOR II AD-2; CARGO COMISSION.S/VINCULO;6113,05;;6113,05;1069,73;5043,32;
TALITA DO SOCORRO DE SOUZA VIANA;GERENCIA DE GESTAO DE PESSOAS;GERENTE;NAO INFORMADO; CARGO COMISSION.S/VINCULO;4709,79;;4709,79;641,84;4067,95;
TATIANA VICTORIA CRUZ LACHI;REMANEJADOS SEINFRA;CONSULTOR;NAO INFORMADO; CARGO COMISSION.S/VINCULO;9833,33;;9833,33;2131,72;7701,61;
TELMO FERNANDES TORRES;DEPTO.DE ENGENHARIA;AUX.O-I;; ESTATUTARIO;5612,91;;5612,91;654,95;4957,96;
TEREZA CRISTINA PEREIRA DE MELO;GERENCIA DE ORCAMENTO;DIGITADOR;ASSESSOR II; ESTATUTARIO;5271,54;;5271,54;509,91;4761,63;
THAIS CAMPOS DE OLIVEIRA SAMPAIO;DEPARTAMENTO DE ADM.E FINANCAS;GERENTE;NAO INFORMADO; CARGO COMISSION.S/VINCULO;4709,79;;4709,79;670,28;4039,51;
THIAGO FELIPE VERCOSA DE SOUZA;UGPAC/AM-UNID.PROG.ACEL.CRESC.;ASSESSOR II;NAO INFORMADO; CARGO COMISSION.S/VINCULO;4709,79;;4709,79;670,28;4039,51;
THIAGO FERREIRA DA COSTA;DEPTO.DE ENGENHARIA;ASSESSOR TECNICO;NAO INFORMADO; CARGO COMISSION.S/VINCULO;7500,00;;7500,00;1490,06;6009,94;
THIAGO GUEDES DE OLIVEIRA;GABINETE DO SECRETARIO;ASSESSOR I;; CARGO COMISSION.S/VINCULO;5729,77;;5729,77;843,19;4886,58;
TYSSIA REGIA RAYOL C OLIVEIRA;GERENCIA DE OBRAS DO INTERIOR;ENG-III;; ESTATUTARIO;14298,45;;14298,45;3258,50;11039,95;
VALDENILSON CABRAL QUEIROZ;DEPTO.DE ENGENHARIA;ASSESSOR I;NAO INFORMADO; CARGO COMISSION.S/VINCULO;5729,77;;5729,77;986,40;4743,37;
VENANCIO WILLIAMS DA S FREIRE;GERENCIA DE TRANSPORTES;FISCAL RODOVIARIO;; ESTATUTARIO;4077,54;;4077,54;308,07;3769,47;
VERA LANE DE CASTRO MARTINS;GABINETE DO SECRETARIO;ASSESSOR I;; CARGO COMISSION.S/VINCULO;5729,77;;5729,77;986,40;4743,37;
VICENTE PARENTE DE ARAUJO JUNIOR;GERENCIA DE ORCAMENTO;AUXILIAR DE TOPOGRAFIA;ASSESSOR I; ESTATUTARIO;6155,81;;6155,81;591,31;5564,50;
VINICIUS SILVEIRA DA SILVA CARVALHO;GERENCIA DE PROJETOS;ASSESSOR TECNICO;NAO INFORMADO; CARGO COMISSION.S/VINCULO;7500,00;;7500,00;1542,19;5957,81;
VITORIA DE LIMA FEITOSA NORONHA;DEPARTAMENTO DE ADM.E FINANCAS;ASSESSOR IV;NAO INFORMADO; CARGO COMISSION.S/VINCULO;4734,15;;4734,15;677,51;4056,64;
VLADIMIR ANTONIO DE LIMA GOMES;GERENCIA DE ORCAMENTO;ASSESSOR TECNICO;; CARGO COMISSION.S/VINCULO;7500,00;;7500,00;1437,92;6062,08;
WALMEM DE MELO BOTELHO;DEPARTAMENTO DE ADM.E FINANCAS;DES-I;; ESTATUTARIO;3136,58;;3136,58;285,62;2850,96;
WALTER DA SILVA MERGULHAO;GERENCIA DE OBRAS DO INTERIOR;ASSESSOR TECNICO;ASSESSOR TECNICO; CARGO COMISSION.S/VINCULO;7500,00;;7500,00;1542,19;5957,81;
WANDERSON MENDES FERREIRA;GABINETE DO SECRETARIO;ASSESSOR III;NAO INFORMADO; CARGO COMISSION.S/VINCULO;3691,80;;3691,80;422,40;3269,40;
WENDELL DA SILVA AFONSO;GERENCIA DE CONTR.FINANCEIROS;GERENTE;; CARGO COMISSION.S/VINCULO;4709,79;;4709,79;670,28;4039,51;
WILMAR FERREIRA DE CARVALHO;GERENCIA DE PROJETOS;TPG-III;TOPOGRAFO; ESTATUTARIO;4442,57;;4442,57;605,21;3837,36;
WILSON LUIZ SOUZA TINOCO;GERENCIA DE OBRAS DO INTERIOR;ASSESSOR I;; CARGO COMISSION.S/VINCULO;5729,77;;5729,77;986,40;4743,37;
WLADIMIR BARROSO GUEDES DE A JUNIOR;GERENCIA DE PROJETOS;A.OPE-I;; ESTATUTARIO;5587,73;;5587,73;610,68;4977,05;
YVONETE QUEIROZ MONTEIRO;REMANEJADOS SEINFRA;ASSESSOR II;NAO INFORMADO; CARGO COMISSION.S/VINCULO;6113,05;;6113,05;1121,87;4991,18;
