NOME;LOTACAO;CARGO;FUNCAO;VINCULO;REMUNERACAO LEGAL TOTAL(R$);DESC.TETO(R$); REMUNERACAO LEGAL DEVIDA(R$);DESCONTOS LEGAIS(R$);LIQUIDO DISPONIVEL(R$);
ALCENIR MENDONÇA DA SILVA;ASSESSORIA JURIDICA;ASSESSOR IV;NAO INFORMADO; CARGO COMISSION.S/VINCULO;3934,15;;3934,15;449,08;3485,07;
ALCY NASCIMENTO LIMA;GERENCIA DE OBRAS DO INTERIOR;ENG-I;; ESTATUTARIO;12026,22;;12026,22;2792,38;9233,84;
ALCY VIEIRA DA SILVA;DEPTO.DE ENGENHARIA;A.OPE-I;; ESTATUTARIO;4553,06;;4553,06;457,80;4095,26;
ALEANDRA TAVARES MEIRELES;GERENCIA DE GESTAO DE PESSOAS;ASSESSOR IV;NAO INFORMADO; CARGO COMISSION.S/VINCULO;3675,61;;3675,61;361,90;3313,71;
ALESSANDRO VASCONCELOS BANDEIRA;ASSESSORIA DE COMUNICACAO;CHEFE DE DEPARTAMENTO;NAO INFORMADO; CARGO COMISSION.S/VINCULO;5729,77;;5729,77;998,67;4731,10;
ALEX ALMEIDA DOS REIS;GERENCIA DE ORCAMENTO;DIGITADOR;; ESTATUTARIO;4077,54;;4077,54;237,20;3840,34;
ALEXSANDRA D KARLA CABRAL DA SILVA;GABINETE DO SECRETARIO;ASSESSOR IV;; CARGO COMISSION.S/VINCULO;4734,15;;4734,15;666,63;4067,52;
ALFREDO TAPAJOS NETTO;PESSOAL PROC.DE APOSENTADORIA;ENG-I;; ESTATUTARIO;14646,12;;14646,12;3612,12;11034,00;
ALINE RAMOS CERQUINHO;ASSESSORIA JURIDICA;ASSESSOR III;ASSESSOR III AD 3; CARGO COMISSION.S/VINCULO;3691,80;;3691,80;383,88;3307,92;
ALLAN ALMEIDA DOS REIS;GERENCIA DE ORCAMENTO;DIGITADOR;; ESTATUTARIO;4077,54;;4077,54;342,51;3735,03;
ALZENEIDE MORAIS DE SOUZA;ASSESSORIA JURIDICA;ASSESSOR III;NAO INFORMADO; CARGO COMISSION.S/VINCULO;4755,73;;4755,73;673,83;4081,90;
AMANDA MORAES DA SILVA;GERENCIA DE CONTR.FINANCEIROS;ASSESSOR IV;NAO INFORMADO; CARGO COMISSION.S/VINCULO;3075,61;;3075,61;263,77;2811,84;
ANA CRISTINA SOUZA DE CAMPOS;GERENCIA DE ORCAMENTO;ASSESSOR I;NAO INFORMADO; CARGO COMISSION.S/VINCULO;5729,77;;5729,77;956,01;4773,76;
ANA LUCIA DE MATOS SAMPAIO;GERENCIA DE OBRAS DO INTERIOR;ASSESSOR TECNICO;; CARGO COMISSION.S/VINCULO;9833,33;;9833,33;2214,29;7619,04;
ANA PAULA NUNES DA SILVA;ASSESSORIA DE PLANEJAMENTO;GERENTE;NAO INFORMADO; CARGO COMISSION.S/VINCULO;4709,79;;4709,79;658,51;4051,28;
ANDERSON RICARDO DE SOUZA BENCHIMOL;ASSESSORIA JURIDICA;ASSESSOR I;ASSESSOR I AD-1; CARGO COMISSION.S/VINCULO;5729,77;;5729,77;998,67;4731,10;
ANDRE DA SILVA SANTOS;GABINETE DO SECRETARIO;ASSESSOR III;NAO INFORMADO; CARGO COMISSION.S/VINCULO;3691,80;;3691,80;336,77;3355,03;
ANDRE GOMES DE OLIVEIRA;GERENCIA DE OBRAS DO INTERIOR;ENG-I;; ESTATUTARIO;10865,36;;10865,36;2560,31;8305,05;
ANDREA IKEDA;ASSESSORIA DE COMUNICACAO;ASSESSOR TECNICO;; CARGO COMISSION.S/VINCULO;7500,00;;7500,00;1572,62;5927,38;
ANNE BARBOSA DE CARVALHO;GERENCIA DE OBRAS DA CAPITAL;ASSESSOR TECNICO;NAO INFORMADO; CARGO COMISSION.S/VINCULO;7500,00;;7500,00;1572,62;5927,38;
ANTONIA CLICE MENDES FIALHO;GERENCIA DE GESTAO DE PESSOAS;CHEFE DE DEPARTAMENTO;NAO INFORMADO; CARGO COMISSION.S/VINCULO;5729,77;;5729,77;956,01;4773,76;
ANTONIO CARLOS GOMES MIRANDA FILHO;GERENCIA DE OBRAS DO INTERIOR;ASSESSOR I;; CARGO COMISSION.S/VINCULO;5729,77;;5729,77;998,67;4731,10;
ANTONIO SILVIO PROENÇA;DEPARTAMENTO DE ADM.E FINANCAS;ASSESSOR II;NAO INFORMADO; CARGO COMISSION.S/VINCULO;8163,62;;8163,62;1654,29;6509,33;
ARI CASTELO BRANCO;GERENCIA DE ORCAMENTO;ENG-I;; ESTATUTARIO;12143,73;;12143,73;2835,16;9308,57;
ARTHUR GABRIEL GONCALVES NETO;GERENCIA DE OBRAS DO INTERIOR;ASSESSOR I;NAO INFORMADO; CARGO COMISSION.S/VINCULO;5729,77;;5729,77;998,67;4731,10;
ARY DE ALMEIDA COSTA;GERENCIA DE OBRAS DO INTERIOR;ENG-I;; ESTATUTARIO;12124,42;;12124,42;2828,13;9296,29;
AUGUSTA EDMEA ROCHA DAS NEVES;GERENCIA DE PROJETOS;ARQUITETO;; ESTATUTARIO;9264,68;;9264,68;1821,55;7443,13;
BRENDA ANDES BARBOSA;SECRETARIA EXECUTIVA;ASSESSOR III;NAO INFORMADO; CARGO COMISSION.S/VINCULO;3691,80;;3691,80;383,88;3307,92;
BRUNO EDUARDO MORAIS DAS NEVES;GERENCIA DE CONTR.FINANCEIROS;ASSESSOR III;; CARGO COMISSION.S/VINCULO;3691,80;;3691,80;365,21;3326,59;
CALIXTRO RIBEIRO LOPES;REMANEJADOS SEINFRA;AUX.O-I;ALMOXARIFE; ESTATUTARIO;4812,63;;4812,63;449,14;4363,49;
CARLOS ALBERTO DO N E SILVA;GABINETE DO SECRETARIO;ASSESSOR II;; CARGO COMISSION.S/VINCULO;4709,79;;4709,79;658,51;4051,28;
CARLOS AUGUSTO MARQUES TELES;DEPARTAMENTO DE ADM.E FINANCAS;ASSESSOR III;NAO INFORMADO; CARGO COMISSION.S/VINCULO;5537,68;;5537,68;851,24;4686,44;
CARLOS EDUARDO ABREU DE OLIVEIRA;GABINETE DO SECRETARIO;ASSESSOR I;; CARGO COMISSION.S/VINCULO;5729,77;;5729,77;956,01;4773,76;
CARLOS HENRIQUE DOS REIS LIMA;GABINETE DO SECRETARIO;SECRETARIO DE ESTADO;NAO INFORMADO; CARGO COMISSION.S/VINCULO;28560,00;;28560,00;7311,99;21248,01;
CELINA DA SILVA MELO;GERENCIA DE GESTAO DE PESSOAS;A.TEC-I;GERENTE; ESTATUTARIO;5378,26;;5378,26;561,19;4817,07;
CLARA MOTA WOLFF;ASSESSORIA DE PLANEJAMENTO;ASSESSOR III;ASSESSOR III; CARGO COMISSION.S/VINCULO;3691,80;;3691,80;383,88;3307,92;
CLAUDIO JOSE SILVA DE ALBUQUERQUE;ASSESSORIA JURIDICA;DIGITADOR;; ESTATUTARIO;6271,54;;6271,54;854,86;5416,68;
CLEBESON EVANGELISTA;REMANEJADOS SEINFRA;ASSESSOR IV;NAO INFORMADO; CARGO COMISSION.S/VINCULO;3675,61;;3675,61;379,53;3296,08;
CLODOALDO PEREIRA SILVA;DEPARTAMENTO DE ADM.E FINANCAS;SUBGERENTE;; CARGO COMISSION.S/VINCULO;3691,80;;3691,80;383,88;3307,92;
DALYENNE SOUZA ALENCAR DA ROCHA;GERENCIA DE CONTR.FINANCEIROS;CHEFE DE DEPARTAMENTO;NAO INFORMADO; CARGO COMISSION.S/VINCULO;5729,77;;5729,77;998,67;4731,10;
DAMIANA LOPES DE MELO;GERENCIA DE PROTOC.E ARQUIVO;A.TEC-I;; ESTATUTARIO;4450,01;;4450,01;426,55;4023,46;
DANIEL QUINTINO DUTRA;GERENCIA DE CONTR.FINANCEIROS;CADISTA;; ESTATUTARIO;4077,54;;4077,54;267,21;3810,33;
DANIELA RAMOS NOGUEIRA C ALEGRIA;GABINETE DO SECRETARIO;ASSESSOR I;; CARGO COMISSION.S/VINCULO;5729,77;;5729,77;998,67;4731,10;
DANIELE BATISTA LOPES;SECRETARIA EXECUTIVA;ASSESSOR I;; CARGO COMISSION.S/VINCULO;5729,77;;5729,77;998,67;4731,10;
DANIELLE ANTONY ASSIS;DEPARTAMENTO DE ADM.E FINANCAS;ASSESSOR I;NAO INFORMADO; CARGO COMISSION.S/VINCULO;5729,77;;5729,77;998,67;4731,10;
DANIELLE NATALIA FREIRE DE OLIVEIRA;GERENCIA DE CONTR.FINANCEIROS;ASSESSOR I;; CARGO COMISSION.S/VINCULO;5729,77;;5729,77;998,67;4731,10;
DAYANA MENEZES DE SOUZA;GERENCIA DE GESTAO DE PESSOAS;SUBGERENTE;NAO INFORMADO; CARGO COMISSION.S/VINCULO;3691,80;;3691,80;365,21;3326,59;
DAYANNE LEITE PERRONE;SECRETARIA EXECUTIVA;ASSESSOR IV;NAO INFORMADO; CARGO COMISSION.S/VINCULO;3075,61;;3075,61;263,77;2811,84;
DEBORAH ALMEIDA RABELO;ASSESSORIA JURIDICA;AGENTE ADM.-AGA-T.S.N.A.-E;ASSESSOR II; ESTATUTARIO;5240,44;;5240,44;605,67;4634,77;
DORIS FERNANDES SOUZA STEFANES;ASSESSORIA TECNICA;ASSESSOR I;NAO INFORMADO; CARGO COMISSION.S/VINCULO;5729,77;;5729,77;956,01;4773,76;
DORVAL DO NASCIMENTO FEITOZA;GERENCIA DE PROJETOS;AUXILIAR DE TOPOGRAFIA;; ESTATUTARIO;3961,81;;3961,81;224,05;3737,76;
EDGAR LUIZ PINHEIRO DE SOUZA;DEPARTAMENTO DE ENGENHARIA;ASSESSOR I;NAO INFORMADO; CARGO COMISSION.S/VINCULO;5729,77;;5729,77;998,67;4731,10;
EDILSON ROTONDANO;GERENCIA DE PROJETOS;ENG-III;; ESTATUTARIO;8051,37;;8051,37;1411,68;6639,69;
EDINEIDE DA SILVA FURTADO;GERENCIA DE GESTAO DE PESSOAS;A.TEC-I;; ESTATUTARIO;4210,34;;4210,34;388,52;3821,82;
EDIRSON MENDONCA DA COSTA;GERENCIA DE MANUTENCAO;AUX.O-I;ELETRICISTA; ESTATUTARIO;4462,02;;4462,02;420,35;4041,67;
EDMUNDO SOUZA DO NASCIMENTO;GERENCIA DE MANUTENCAO;AUX.O-I;ELETRICISTA; ESTATUTARIO;4383,39;;4383,39;315,03;4068,36;
EDUARDO DA SILVA PAULA;ASSESSORIA DE COMUNICACAO;ASSESSOR I;NAO INFORMADO; CARGO COMISSION.S/VINCULO;5729,77;;5729,77;998,67;4731,10;
EDUARDO PEREIRA DE FREITAS;GERENCIA DE OBRAS DA CAPITAL;ENG-I;CH NUC EXERC PROJETO; ESTATUTARIO;12070,19;;12070,19;2756,25;9313,94;
EDUARDO TUYOSHI CHIBA;PESSOAL PROC.DE APOSENTADORIA;ENG-I;; ESTATUTARIO;11114,39;;11114,39;2654,07;8460,32;
EDVALDO ROCHA RIBEIRO;GERENCIA DE PROJETOS;AUX.O-I;; ESTATUTARIO;4086,06;;4086,06;344,53;3741,53;
ELENICE MARIA DE XEREZ V ARIAS;UGPAC/AM-UNID.PROG.ACEL.CRESC.;ASSESSOR TECNICO;; CARGO COMISSION.S/VINCULO;7500,00;;7500,00;1572,62;5927,38;
ELIANA MARIA DA SILVA FEITOSA;GERENCIA DE PROTOC.E ARQUIVO;AUX.S.G-II;; ESTATUTARIO;4016,15;;4016,15;321,76;3694,39;
ELIZA DO CARMO DE OLIVEIRA DA SILVA;ASSESSORIA JURIDICA;A.TEC-I;ASSESSOR II, AD-2; ESTATUTARIO;5624,07;;5624,07;699,06;4925,01;
ELIZA MARIA CARVALHO COUTINHO SENA;DEPARTAMENTO DE ENGENHARIA;ASSESSOR II;ASSESSOR II; CARGO COMISSION.S/VINCULO;4709,79;;4709,79;612,79;4097,00;
ELZA FERREIRA DA COSTA;GABINETE DO SECRETARIO;A.TEC-II;; ESTATUTARIO;4376,48;;4376,48;404,48;3972,00;
EMERSON SILVEIRA FERREIRA;GERENCIA DE CONTABILIDADE;A.TEC-II;; ESTATUTARIO;4150,20;;4150,20;228,34;3921,86;
ERICKSON GONCALVES DE ARRUDA;GERENCIA DE MANUTENCAO;ASSESSOR IV;; CARGO COMISSION.S/VINCULO;3675,61;;3675,61;379,53;3296,08;
ERNESTO DE OLIVEIRA SILVA NETO;ASSESSORIA JURIDICA;ASSESSOR IV;; CARGO COMISSION.S/VINCULO;3675,61;;3675,61;379,53;3296,08;
EUCLYCES MARIA DE PAULA FREITAS;GABINETE DO SECRETARIO;ASSISTENTE ADMINISTRATIVO I;CHEFE GABINETE AD-1; ESTATUTARIO;6416,61;;6416,61;909,48;5507,13;
EVELLYN POLLYANA CHAVES DE LIMA;SECRETARIA EXECUTIVA;GERENTE;; CARGO COMISSION.S/VINCULO;4709,79;;4709,79;658,51;4051,28;
FELIPE LIMA DA COSTA;REMANEJADOS SEINFRA;ASSESSOR III;NAO INFORMADO; CARGO COMISSION.S/VINCULO;3691,80;;3691,80;383,88;3307,92;
FERNANDO ELIAS PRESTES GONCALVES;GABINETE DO SECRETARIO;ENG-I;; ESTATUTARIO;11952,05;;11952,05;2765,38;9186,67;
FRANCILENE BESSA DA SILVA;GERENCIA DE PROJETOS;ASSESSOR I;NAO INFORMADO; CARGO COMISSION.S/VINCULO;5729,77;;5729,77;956,01;4773,76;
FRANCIS ALBERT GAMA PARENTE;GERENCIA DE PROJETOS;ENGENHEIRO;; ESTATUTARIO;12785,90;;12785,90;2292,40;10493,50;
FRANCISCA MOTA DE LIMA;GABINETE DO SECRETARIO;ASSESSOR IV;ASSESSOR IV AD-4; CARGO COMISSION.S/VINCULO;3075,61;;3075,61;263,77;2811,84;
FRANCISCO BARROSO GOMES;GERENCIA DE MANUTENCAO;VIGIA-I;; ESTATUTARIO;4395,94;;4395,94;400,15;3995,79;
FRANCISCO CHAGAS SANTOS DA SILVA;GERENCIA DE GESTAO DE PESSOAS;A.TEC-II;; ESTATUTARIO;4396,42;;4396,42;409,55;3986,87;
FRANCISCO DAS CHAGAS ROSA DE LIMA;GERENCIA DE MANUTENCAO;MOT-I;; ESTATUTARIO;4572,45;;4572,45;420,00;4152,45;
FRANCISCO JOSE DE CASTRO E SILVA;ASSESSORIA JURIDICA;ASSESSOR III;ASSESSOR III AD-3; CARGO COMISSION.S/VINCULO;3691,80;;3691,80;383,88;3307,92;
FRANCISCO OLIVEIRA DE SOUZA FILHO;UNID.GEST.PR.SOC.AMB.IGARAPES;ENG-I;; ESTATUTARIO;11330,07;;11330,07;2547,02;8783,05;
FRANK DOUGLAS THOME DE SOUZA;GERENCIA DE OBRAS DA CAPITAL;ASSESSOR TECNICO;NAO INFORMADO; CARGO COMISSION.S/VINCULO;7500,00;;7500,00;1572,62;5927,38;
FRANQUIMAR SANTANA CIDRONIO;GERENCIA DE OBRAS DA CAPITAL;TNS-I;; ESTATUTARIO;10116,86;;10116,86;1787,13;8329,73;
GERALDO DA SILVA COSTA;DEPARTAMENTO DE ENGENHARIA;ASSESSOR II;NAO INFORMADO; CARGO COMISSION.S/VINCULO;4709,79;;4709,79;658,51;4051,28;
GERSON JOHNYS LISBOA VIEIRA;DEPARTAMENTO DE INFORMATICA;ASSESSOR IV;NAO INFORMADO; CARGO COMISSION.S/VINCULO;3675,61;;3675,61;379,53;3296,08;
GILTEMBERG MESSIAS DE O SILVA;GABINETE DO SECRETARIO;ASSESSOR IV;NAO INFORMADO; CARGO COMISSION.S/VINCULO;4734,15;;4734,15;666,63;4067,52;
GIRLANE PESSOA BRASIL;GERENCIA DE GESTAO DE PESSOAS;SUBGERENTE;SUBGERENTE AD-3; CARGO COMISSION.S/VINCULO;3691,80;;3691,80;383,88;3307,92;
GIRLENE OLIVEIRA DE ARAUJO;DEPTO.DE ENGENHARIA;ASSESSOR II;NAO INFORMADO; CARGO COMISSION.S/VINCULO;4709,79;;4709,79;658,51;4051,28;
GLAUPERCIO SANTOS CASTELO BRANCO;DEPTO.DE ENGENHARIA;ENG-I;; ESTATUTARIO;12016,24;;12016,24;2736,61;9279,63;
GUSTAVO BRUGNARA DA SILVEIRA;SECRETARIA EXECUTIVA;SECRETARIO EXECUTIVO ADJUNTO;NAO INFORMADO; CARGO COMISSION.S/VINCULO;9500,00;;9500,00;2070,49;7429,51;
HÉBER ANEQUINO BARBOSA;DEPTO.DE ENGENHARIA;ASSESSOR II;NAO INFORMADO; CARGO COMISSION.S/VINCULO;4709,79;;4709,79;658,51;4051,28;
HARLEY AUGUSTO VIEIRA DOS SANTOS;DEPARTAMENTO DE ENGENHARIA;ASSESSOR II;NAO INFORMADO; CARGO COMISSION.S/VINCULO;4709,79;;4709,79;658,51;4051,28;
HELANE ARAUJO DA COSTA;ASSESSORIA JURIDICA;ASSESSOR TECNICO;NAO INFORMADO; CARGO COMISSION.S/VINCULO;7500,00;;7500,00;1572,62;5927,38;
HELIDA ARAUJO DA COSTA;DEPTO.DE ENGENHARIA;ASSESSOR III;NAO INFORMADO; CARGO COMISSION.S/VINCULO;3691,80;;3691,80;383,88;3307,92;
HENNYSOW RENATO TRAJANO GANDRA;GERENCIA DE PROJETOS;CADISTA;; ESTATUTARIO;5270,05;;5270,05;540,97;4729,08;
HENRIETT SANTOS VIANNA COSTA;GERENCIA DE CONTABILIDADE;A.TEC-I;; ESTATUTARIO;4440,04;;4440,04;424,01;4016,03;
IGOR CRUZ DOS SANTOS;DEPTO.DE ENGENHARIA;ASSESSOR III;NAO INFORMADO; CARGO COMISSION.S/VINCULO;3691,80;;3691,80;383,88;3307,92;
IRISNALDO VALENTE DE LIRA;GERENCIA DE GESTAO DE PESSOAS;A.TEC-I;; ESTATUTARIO;5692,62;;5692,62;719,69;4972,93;
ISABEL CRISTINA DUARTE S NEGOITA;REMANEJADOS SEINFRA;CHEFE DE DEPARTAMENTO;NAO INFORMADO; CARGO COMISSION.S/VINCULO;5729,77;;5729,77;998,67;4731,10;
ISLEY ARAUJO DOS SANTOS;DEPTO.DE ENGENHARIA;GERENTE;NAO INFORMADO; CARGO COMISSION.S/VINCULO;4709,79;;4709,79;658,51;4051,28;
IVAN MATIAS LIMA;GERENCIA DE MANUTENCAO;AGENTE PORTUARIO II;ASSESSOR II; ESTATUTARIO;5849,42;;5849,42;634,42;5215,00;
IVANIZE MARIA SIQUEIRA DE FARIAS;DEPARTAMENTO DE ADM.E FINANCAS;ASSESSOR II;ASSESSOR II AD-2; CARGO COMISSION.S/VINCULO;4709,79;;4709,79;658,51;4051,28;
JADIR MILLER RAMOS;GERENCIA DE MANUTENCAO;AUX.O-I;; ESTATUTARIO;4463,32;;4463,32;255,75;4207,57;
JAILTON MACHADO DE LIMA;REMANEJADOS SEINFRA;CONSULTOR;NAO INFORMADO; CARGO COMISSION.S/VINCULO;7500,00;;7500,00;1520,49;5979,51;
JAIR TEOFILO DE PONTES FILHO;GERENCIA DE TRANSPORTES;ENG.O-II;; ESTATUTARIO;10393,74;;10393,74;2246,63;8147,11;
JANETTE BOUEZ ABRAHIM;SECRETARIA EXECUTIVA;ASSESSOR TECNICO;NAO INFORMADO; CARGO COMISSION.S/VINCULO;7500,00;;7500,00;1572,62;5927,38;
JANICE FERNANDES CARVALHO;GERENCIA DE PROJETOS;CAD-III;; ESTATUTARIO;3896,84;;3896,84;558,95;3337,89;
JANNY MARY MOTA DA SILVA;GERENCIA DE OBRAS DO INTERIOR;ASSESSOR II;; CARGO COMISSION.S/VINCULO;4709,79;;4709,79;658,51;4051,28;
JANSEN DE OLIVEIRA MONTE;DEPTO.DE ENGENHARIA;DIGITADOR;; ESTATUTARIO;4077,54;;4077,54;285,63;3791,91;
JAQUELINE RAQUELLE DA COSTA LIMA;REMANEJADOS SEINFRA;ASSESSOR IV;; CARGO COMISSION.S/VINCULO;3075,61;;3075,61;263,77;2811,84;
JARLAN BIASE DE LIMA;GERENCIA DE TRANSPORTES;FISCAL RODOVIARIO;; ESTATUTARIO;5270,05;;5270,05;583,63;4686,42;
JESUS ALECXANDRE GOMES DE SOUZA;REMANEJADOS SEINFRA;CHEFE DE DEPARTAMENTO;NAO INFORMADO; CARGO COMISSION.S/VINCULO;5729,77;;5729,77;956,01;4773,76;
JOACY DE SOUZA CASTELO;GERENCIA DE GESTAO DE PESSOAS;ASSESSOR IV;ASSESSOR IV AD-4; CARGO COMISSION.S/VINCULO;3675,61;;3675,61;379,53;3296,08;
JOAO IBERNON DE MOURA;GERENCIA DE PROJETOS;TPG-I;; ESTATUTARIO;4558,57;;4558,57;480,67;4077,90;
JOAO PINTO DOS SANTOS;GERENCIA DE PROJETOS;AUX.O-I;; ESTATUTARIO;5790,89;;5790,89;746,41;5044,48;
JOAO SEIXAS DA SILVA;GERENCIA DE MANUTENCAO;AUX.O-I;; ESTATUTARIO;4363,46;;4363,46;366,84;3996,62;
JOAO THIAGO REIS BEZERRA;DEPARTAMENTO DE INFORMATICA;ASSESSOR III;NAO INFORMADO; CARGO COMISSION.S/VINCULO;7014,40;;7014,40;1311,62;5702,78;
JORGE RENATO CASTRO DA SILVA;DEPARTAMENTO DE ADM.E FINANCAS;SECRETARIO EXECUTIVO ADJUNTO;NAO INFORMADO; CARGO COMISSION.S/VINCULO;9500,00;;9500,00;2122,62;7377,38;
JOSE ALMEIDA DE OLIVEIRA;ASSESSORIA JURIDICA;ENG-I;ASSESSOR I; ESTATUTARIO;13013,07;;13013,07;3062,87;9950,20;
JOSE DE RIBAMAR XAVIER D E SILVA;GERENCIA DE PROJETOS;TNS-I;GERENTE, AD-2; ESTATUTARIO;11980,94;;11980,94;2609,04;9371,90;
JOSE MAURICIO DOS SANTOS TOMAZ;ASSESSORIA JURIDICA;ASSESSOR I;ASSESSOR I AD-1; CARGO COMISSION.S/VINCULO;7473,03;;7473,03;1565,21;5907,82;
JULIANO TELES RAMOS;GERENCIA DE OBRAS DO INTERIOR;ASSESSOR I;NAO INFORMADO; CARGO COMISSION.S/VINCULO;5729,77;;5729,77;998,67;4731,10;
JULIETE DOS SANTOS BARBOSA;DEPTO.DE ENGENHARIA;ASSESSOR IV;NAO INFORMADO; CARGO COMISSION.S/VINCULO;3675,61;;3675,61;379,53;3296,08;
JURACI SILVA CARDOSO;DEPTO.DE ENGENHARIA;A.TEC-I;; ESTATUTARIO;4450,01;;4450,01;426,55;4023,46;
KARLA CRISTINA PEREIRA P PORTELLA;GERENCIA DE PROJETOS;ASSESSOR II;ASSESSOR II AD-2; CARGO COMISSION.S/VINCULO;4709,79;;4709,79;658,51;4051,28;
KATIA MARIA SOARES B C CAPOBIANGO;GABINETE DO SECRETARIO;ARQUITETO;; ESTATUTARIO;10591,90;;10591,90;2186,53;8405,37;
KEITOKU TOYODA;GERENCIA DE ORCAMENTO;ENG-I;CHEFE SETOR CUSTOS; ESTATUTARIO;12092,82;;12092,82;1979,71;10113,11;
KELLY SUELEN CORREA HOLANDA;DEPARTAMENTO DE INFORMATICA;ASSESSOR I;ASSESSOR I AD 1; CARGO COMISSION.S/VINCULO;5729,77;;5729,77;998,67;4731,10;
KELLYSON SANTOS OLIVEIRA;REMANEJADOS SEINFRA;CHEFE DE DEPARTAMENTO;NAO INFORMADO; CARGO COMISSION.S/VINCULO;5729,77;;5729,77;998,67;4731,10;
KEN NISHIKIDO;GERENCIA DE ORCAMENTO;ENG-I;; ESTATUTARIO;12082,15;;12082,15;2788,74;9293,41;
LAZARO ROQUE DOS SANTOS;GERENCIA DE PROJETOS;AUX.O-I;; ESTATUTARIO;4189,03;;4189,03;372,24;3816,79;
LESSIANE DE SOUSA SOARES;DEPARTAMENTO DE ADM.E FINANCAS;DIGITADOR;; ESTATUTARIO;4077,54;;4077,54;342,51;3735,03;
LEYDIANE GUIMARAES DA COSTA;GABINETE DO SECRETARIO;ASSESSOR III;NAO INFORMADO; CARGO COMISSION.S/VINCULO;3691,80;;3691,80;383,88;3307,92;
LINDOMAR DA SILVA VARGAS;GERENCIA DE CONTABILIDADE;ASSESSOR TECNICO;NAO INFORMADO; CARGO COMISSION.S/VINCULO;7500,00;;7500,00;1572,62;5927,38;
LIZANDRA VALERIA PEREIRA BRUGNARA;ASSESSORIA DE PLANEJAMENTO;ASSESSOR TECNICO;NAO INFORMADO; CARGO COMISSION.S/VINCULO;7500,00;;7500,00;1572,62;5927,38;
LORENA TAVARES DE FREITAS;ASSESSORIA DE PLANEJAMENTO;ASSESSOR I;NAO INFORMADO; CARGO COMISSION.S/VINCULO;5729,77;;5729,77;998,67;4731,10;
LUANA SILVA MAHATMA;DEPTO.DE ENGENHARIA;ASSESSOR IV;NAO INFORMADO; CARGO COMISSION.S/VINCULO;3675,61;;3675,61;347,68;3327,93;
LUCAS MACEDO BEZERRA;ASSESSORIA JURIDICA;ASSESSOR I;NAO INFORMADO; CARGO COMISSION.S/VINCULO;5729,77;;5729,77;998,67;4731,10;
LUCICLEY BARBOSA E SA;GERENCIA DE GESTAO DE PESSOAS;ASSESSOR III;ASSESSOR III AD-3; CARGO COMISSION.S/VINCULO;3691,80;;3691,80;383,88;3307,92;
LUCIO CLENIO CARIOCA DA SILVA;GERENCIA DE MANUTENCAO;SUBGERENTE;NAO INFORMADO; CARGO COMISSION.S/VINCULO;3691,80;;3691,80;383,88;3307,92;
LUIZ ANTONIO DE V D JUNIOR;GERENCIA DE PROJETOS;ASSESSOR I;ASSESSOR I AD-1; CARGO COMISSION.S/VINCULO;5729,77;;5729,77;913,36;4816,41;
LUIZ CARLOS PEREIRA DO NASCIMENTO;GERENCIA DE PROJETOS;MOT-I;; ESTATUTARIO;4669,91;;4669,91;486,77;4183,14;
LUIZ HENRIQUE MARTINS LINHARES;GERENCIA DE TRANSPORTES;A.OPE-I;; ESTATUTARIO;6395,58;;6395,58;857,53;5538,05;
LUIZA DE ALMEIDA AFONSO;ASSESSORIA JURIDICA;ASSESSOR TECNICO;NAO INFORMADO; CARGO COMISSION.S/VINCULO;7500,00;;7500,00;1572,62;5927,38;
MAIRA CASTRO LOPES;GERENCIA DE PROJETOS;ASSESSOR I;; CARGO COMISSION.S/VINCULO;5729,77;;5729,77;998,67;4731,10;
MANOEL BESSA NETO;DEPARTAMENTO DE ADM.E FINANCAS;GERENTE;NAO INFORMADO; CARGO COMISSION.S/VINCULO;4709,79;;4709,79;658,51;4051,28;
MANOEL DE CASTRO PAIVA;SECRETARIA EXECUTIVA;ENG.O-I;; ESTATUTARIO;11153,78;;11153,78;2474,78;8679,00;
MANOEL FERNANDES DA SILVA;GERENCIA DE PROJETOS;AUX.O-I;; ESTATUTARIO;4154,06;;4154,06;362,82;3791,24;
MANUEL RIBAMAR VALDEVINO OLIVEIRA;GERENCIA DE TRANSPORTES;ENG.O-I;; ESTATUTARIO;10618,73;;10618,73;2331,34;8287,39;
MANUELA GOMES DA SILVA;DEPARTAMENTO DE ADM.E FINANCAS;ASSESSOR I;NAO INFORMADO; CARGO COMISSION.S/VINCULO;5729,77;;5729,77;998,67;4731,10;
MARA SOCORRO DE SOUZA LOBO LEITE;GABINETE DO SECRETARIO;ASSESSOR II;ASSESSOR II AD-2; CARGO COMISSION.S/VINCULO;4709,79;;4709,79;658,51;4051,28;
MARCELINO CARDOSO DE AGUIAR;DEPTO.DE ENGENHARIA;ASSESSOR II;NAO INFORMADO; CARGO COMISSION.S/VINCULO;4709,79;;4709,79;658,51;4051,28;
MARCELLUS JOSE BARROSO CAMPELO;SECRETARIA EXECUTIVA;SECRETARIO EXECUTIVO;NAO INFORMADO; CARGO COMISSION.S/VINCULO;12200,00;;12200,00;2812,99;9387,01;
MARCELO ALVES PEREIRA;SECRETARIA EXECUTIVA;ASSESSOR IV;; CARGO COMISSION.S/VINCULO;3675,61;;3675,61;379,53;3296,08;
MARCELO CELSO BASTOS DE AGUIAR;GERENCIA DE OBRAS DA CAPITAL;ENG-I;; ESTATUTARIO;14063,02;;14063,02;4250,07;9812,95;
MARCELO TAVARES DE CARVALHO;ASSESSORIA DE PLANEJAMENTO;ASSESSOR TECNICO;NAO INFORMADO; CARGO COMISSION.S/VINCULO;7500,00;;7500,00;1572,62;5927,38;
MARCIO BRITO DA SILVA;GERENCIA DE MANUTENCAO;ASSESSOR IV;NAO INFORMADO; CARGO COMISSION.S/VINCULO;3675,61;;3675,61;361,90;3313,71;
MARCIO PINHEIRO AZEDO;DEPTO.DE ENGENHARIA;CONSULTOR;NAO INFORMADO; CARGO COMISSION.S/VINCULO;7500,00;;7500,00;1572,62;5927,38;
MARCO ANTONIO MUNIZ RIBEIRO;GERENCIA DE OBRAS DA CAPITAL;ASSESSOR II;NAO INFORMADO; CARGO COMISSION.S/VINCULO;4709,79;;4709,79;600,85;4108,94;
MARCOS CASTRO DE SOUZA;DEPARTAMENTO DE ADM.E FINANCAS;GERENTE;NAO INFORMADO; CARGO COMISSION.S/VINCULO;4709,79;;4709,79;658,51;4051,28;
MARCOS VINICIUS BARROS DE ANDRADE;DEPTO.DE ENGENHARIA;GERENTE;; CARGO COMISSION.S/VINCULO;4709,79;;4709,79;658,51;4051,28;
MARIA DE FATIMA LIMA DE MATOS;DEPARTAMENTO DE ADM.E FINANCAS;ASSISTENTE TECNICO 1A CLASSE;; ESTATUTARIO;4086,28;;4086,28;344,85;3741,43;
MARIA DE FATIMA NUNES RIBEIRO;GERENCIA DE TRANSPORTES;A.TEC-I;SECRETARIA DA DO; ESTATUTARIO;4201,57;;4201,57;385,38;3816,19;
MARIA DO CARMO FERREIRA DA SILVA;GERENCIA DE PROJETOS;A.TEC-I;; ESTATUTARIO;4417,69;;4417,69;417,64;4000,05;
MARIA DO CARMO VIEIRA GOLVIM;GERENCIA DE ORCAMENTO;ENG-I;; ESTATUTARIO;11377,39;;11377,39;2616,97;8760,42;
MARIA DO PERPETUO S F OLIVEIRA;DEPTO.DE ENGENHARIA;ASSESSOR II;NAO INFORMADO; CARGO COMISSION.S/VINCULO;4709,79;;4709,79;658,51;4051,28;
MARIA EMILIA LEITE FRANCA;GERENCIA DE MANUTENCAO;AUX.ADM-I;; ESTATUTARIO;4286,32;;4286,32;354,93;3931,39;
MARIA JOSE LITAIFF E LITAIFF;GERENCIA DE PROJETOS;DES-I;ASSESSOR I - AD-1; ESTATUTARIO;6369,52;;6369,52;920,38;5449,14;
MARIA MARIANA CARNEIRO;GERENCIA DE GESTAO DE PESSOAS;AUXILIAR DE SERV GERAIS 3A CLASSE;; ESTATUTARIO;3970,55;;3970,55;304,55;3666,00;
MARILENA BO AGUIAR JACOBS;GERENCIA DE ORCAMENTO;ENGENHEIRO;; ESTATUTARIO;10687,91;;10687,91;2289,46;8398,45;
MARIO JORGE DUTRA DA SILVA;GERENCIA DE OBRAS DO INTERIOR;ENG-I;ASSESSOR TECNICO; ESTATUTARIO;11321,32;;11321,32;2595,86;8725,46;
MARIO RODRIGUES MONTEIRO JUNIOR;GERENCIA DE CONTR.FINANCEIROS;ASSESSOR II;NAO INFORMADO; CARGO COMISSION.S/VINCULO;4709,79;;4709,79;629,29;4080,50;
MARLA ALMEIDA DE SAN MARTIN;GABINETE DO SECRETARIO;ASSESSOR II;; CARGO COMISSION.S/VINCULO;4709,79;;4709,79;572,41;4137,38;
MARLENE LOPES DO NASCIMENTO;GERENCIA DE ORCAMENTO;DES-I;; ESTATUTARIO;4459,86;;4459,86;451,29;4008,57;
MICHELE LIMA BEZERRA;GERENCIA DE GESTAO DE PESSOAS;GERENTE;NAO INFORMADO; CARGO COMISSION.S/VINCULO;4709,79;;4709,79;629,29;4080,50;
MIDIA DE SOUZA VIANA;ASSESSORIA DE COMUNICACAO;ASSESSOR II;NAO INFORMADO; CARGO COMISSION.S/VINCULO;4709,79;;4709,79;658,51;4051,28;
MIKAELEN SARINA BATISTA VALENTE;GERENCIA DE OBRAS DA CAPITAL;ASSESSOR II;NAO INFORMADO; CARGO COMISSION.S/VINCULO;4709,79;;4709,79;658,51;4051,28;
MONICA REJANE BUZAR DUALIBE;GERENCIA DE OBRAS DO INTERIOR;ASSESSOR I;NAO INFORMADO; CARGO COMISSION.S/VINCULO;5729,77;;5729,77;998,67;4731,10;
NARLEY ADSON PAIVA GUEDES;REMANEJADOS SEINFRA;ASSESSOR II;NAO INFORMADO; CARGO COMISSION.S/VINCULO;4709,79;;4709,79;629,29;4080,50;
NATHANAEL DO NASCIMENTO ANDRADE;DEPARTAMENTO DE ENGENHARIA;GERENTE;NAO INFORMADO; CARGO COMISSION.S/VINCULO;4709,79;;4709,79;658,51;4051,28;
NEY AFONSO SIQUEIRA AGUIAR;GERENCIA DE PROJETOS;DES-I;; ESTATUTARIO;4227,83;;4227,83;419,61;3808,22;
NIBIA PINHO PUCU;DEPTO.DE ENGENHARIA;ASSESSOR IV;NAO INFORMADO; CARGO COMISSION.S/VINCULO;3675,61;;3675,61;379,53;3296,08;
NIVALNETT DOS SANTOS OSÓRIO;DEPARTAMENTO DE ADM.E FINANCAS;ASSESSOR III;NAO INFORMADO; CARGO COMISSION.S/VINCULO;3691,80;;3691,80;383,88;3307,92;
ODENILSON ROBERTO AZEVEDO SERIQUE;ASSESSORIA DE PLANEJAMENTO;ASSESSOR TECNICO;NAO INFORMADO; CARGO COMISSION.S/VINCULO;7500,00;;7500,00;1572,62;5927,38;
ODILENO RABELO DA SILVA;GERENCIA DE MANUTENCAO;ASSESSOR II;ASSESSOR II AD2; CARGO COMISSION.S/VINCULO;4709,79;;4709,79;629,29;4080,50;
ORLANDO AUGUSTO VIEIRA DE M JUNIOR;SECRETARIA EXECUTIVA;ENG-I;; ESTATUTARIO;17132,09;;17132,09;4971,87;12160,22;
ORLANDO SILVIO DE PAULA LIMA;GERENCIA DE PROJETOS;AUX.O-I;; ESTATUTARIO;4373,43;;4373,43;397,81;3975,62;
OSVALDO PEREIRA PINTO;GERENCIA DE MANUTENCAO;AUX.O-I;; ESTATUTARIO;4343,52;;4343,52;361,77;3981,75;
OSWALDO SAID JUNIOR;GERENCIA DE OBRAS DA CAPITAL;TNS-I;; ESTATUTARIO;9767,75;;9767,75;2010,95;7756,80;
PAULO ESTEVES FERNANDES NETO;DEPTO.DE ENGENHARIA;ASSESSOR IV;NAO INFORMADO; CARGO COMISSION.S/VINCULO;2377,61;;2377,61;153,30;2224,31;
PAULO ROGERIO DE OLIVEIRA LEITE;GERENCIA DE PROJETOS;A.TEC-I;; ESTATUTARIO;4430,07;;4430,07;421,48;4008,59;
PAULO ROMEU LAMMEL HENDGES;DEPTO.DE ENGENHARIA;ASSESSOR I;; CARGO COMISSION.S/VINCULO;5729,77;;5729,77;998,67;4731,10;
PEDRO JOSE BARROS;GERENCIA DE MANUTENCAO;ASSESSOR IV;NAO INFORMADO; CARGO COMISSION.S/VINCULO;3675,61;;3675,61;379,53;3296,08;
PEDRO MARIO LOPES BATISTA;DEPTO.DE ENGENHARIA;ASSESSOR TECNICO;NAO INFORMADO; CARGO COMISSION.S/VINCULO;7500,00;;7500,00;1572,62;5927,38;
PRISCILA DE SOUZA SILVA;GERENCIA DE GESTAO DE PESSOAS;ASSESSOR III;NAO INFORMADO; CARGO COMISSION.S/VINCULO;3691,80;;3691,80;383,88;3307,92;
RAFAELA ALMEIDA GUIMARAES;DEPTO.DE ENGENHARIA;CHEFE DE DEPARTAMENTO;NAO INFORMADO; CARGO COMISSION.S/VINCULO;5729,77;;5729,77;998,67;4731,10;
RAIMUNDO CARNEIRO DE CASTRO;GERENCIA DE MANUTENCAO;MOT-I;; ESTATUTARIO;4696,48;;4696,48;495,28;4201,20;
RAIMUNDO MONTEIRO DO NASCIMENTO;DEPTO.DE ENGENHARIA;AUX.O-I;; ESTATUTARIO;4373,43;;4373,43;397,81;3975,62;
RAIMUNDO NONATO BELO SOARES;GERENCIA DE OBRAS DA CAPITAL;ENG-II;; ESTATUTARIO;11394,23;;11394,23;2571,18;8823,05;
RAIMUNDO NONATO FERREIRA DA SILVA;GERENCIA DE MANUTENCAO;AUX.O-I;; ESTATUTARIO;4535,31;;4535,31;385,12;4150,19;
RAIMUNDO NONATO GASPAR DE MELO;PESSOAL PROC.DE APOSENTADORIA;A.OPE-I;ASSESSOR II,AD-2; ESTATUTARIO;4263,99;;4263,99;374,51;3889,48;
RAIMUNDO PEDRACA FILGUEIRAS JUNIOR;GERENCIA DE ORCAMENTO;A.TEC-I;GERENTE, AD-2; ESTATUTARIO;4201,57;;4201,57;385,38;3816,19;
RANGEL TEIXEIRA DA COSTA;DEPARTAMENTO DE ENGENHARIA;ASSESSOR II;NAO INFORMADO; CARGO COMISSION.S/VINCULO;9419,58;;9419,58;1963,01;7456,57;
RAYANNY SILVA SIQUEIRA MONTEIRO;ASSESSORIA JURIDICA;ASSESSOR TECNICO;NAO INFORMADO; CARGO COMISSION.S/VINCULO;7500,00;;7500,00;1572,62;5927,38;
REGIANE CAMPOS DE CASTRO;GERENCIA DE PROJETOS;SUBGERENTE;NAO INFORMADO; CARGO COMISSION.S/VINCULO;3691,80;;3691,80;383,88;3307,92;
REGINALDO HILARIO DO NASCIMENTO;GERENCIA DE OBRAS DO INTERIOR;ASSISTENTE TECNICO 3A CLASSE;; ESTATUTARIO;6280,28;;6280,28;806,01;5474,27;
RENATO ANTONIO PAES BENAION;GERENCIA DE ORCAMENTO;ENG-I;; ESTATUTARIO;16098,15;;16098,15;3891,44;12206,71;
ROBERTO ALVES DE MENEZES;GERENCIA DE MANUTENCAO;AUX.O-I;AMOXARIFE; ESTATUTARIO;5509,97;;5509,97;648,73;4861,24;
ROBERVAL DANTAS CAMPOS;GABINETE DO SECRETARIO;ASSESSOR IV;; CARGO COMISSION.S/VINCULO;3675,61;;3675,61;379,53;3296,08;
ROCICLEIA FERREIRA DA SILVA;GERENCIA DE GESTAO DE PESSOAS;ASSESSOR III;; CARGO COMISSION.S/VINCULO;3691,80;;3691,80;383,88;3307,92;
RODRIGO CARDOSO DE ARAUJO;REMANEJADOS SEINFRA;ASSESSOR IV;NAO INFORMADO; CARGO COMISSION.S/VINCULO;2377,61;;2377,61;153,30;2224,31;
RODRIGO MOURA PAULO;REMANEJADOS SEINFRA;ASSESSOR IV;; CARGO COMISSION.S/VINCULO;3675,61;;3675,61;379,53;3296,08;
RODRIGO NEGRÃO REIS;REMANEJADOS SEINFRA;ASSESSOR IV;NAO INFORMADO; CARGO COMISSION.S/VINCULO;3675,61;;3675,61;379,53;3296,08;
ROGERIO GENICIO LUCENA JUNIOR;GERENCIA DE TRANSPORTES;ASSESSOR TECNICO;ASSESSOR TECNICO; CARGO COMISSION.S/VINCULO;7500,00;;7500,00;1572,62;5927,38;
RONY MONTEIRO DA SILVA;DEPARTAMENTO DE ADM.E FINANCAS;GERENTE;NAO INFORMADO; CARGO COMISSION.S/VINCULO;8948,59;;8948,59;1847,24;7101,35;
RUBEM CARLOS DO LAGO ARAUJO;GERENCIA DE ORCAMENTO;ENGENHEIRO 2A CLASSE;; ESTATUTARIO;10779,36;;10779,36;2391,82;8387,54;
SALOMAO SIMONETTI DE MELO;DEPARTAMENTO DE ENGENHARIA;ASSESSOR TECNICO;NAO INFORMADO; CARGO COMISSION.S/VINCULO;7500,00;;7500,00;1520,49;5979,51;
SAMUEL CARVALHO DE SOUZA;GERENCIA DE CONTR.FINANCEIROS;ASSESSOR I;NAO INFORMADO; CARGO COMISSION.S/VINCULO;5729,77;;5729,77;998,67;4731,10;
SANDRA SUELI FONTES RODRIGUES;DEPTO.DE ENGENHARIA;TNS-I;SECRETARIO EXECUTIVO; ESTATUTARIO;10106,88;;10106,88;2007,54;8099,34;
SANDRO RAMALHO BEZERRA;GERENCIA DE OBRAS DA CAPITAL;ASSESSOR I;NAO INFORMADO; CARGO COMISSION.S/VINCULO;5729,77;;5729,77;956,01;4773,76;
SIDNEY MENDONCA DIAS DE ALMEIDA;GERENCIA DE MANUTENCAO;MOT-I;; ESTATUTARIO;4308,84;;4308,84;250,89;4057,95;
SILVIA PATRICIA MATOS GABRIEL;GERENCIA DE ORCAMENTO;ASSESSOR I;; CARGO COMISSION.S/VINCULO;7473,03;;7473,03;1460,93;6012,10;
STELLA MARIA LOBATO HORTENCIO;GERENCIA DE PROJETOS;ASSESSOR III;; CARGO COMISSION.S/VINCULO;3691,80;;3691,80;365,21;3326,59;
SYLVANA CELIVIA GOMES FREITAS;SECRETARIA EXECUTIVA;ASSESSOR II;ASSESSOR II AD-2; CARGO COMISSION.S/VINCULO;4709,79;;4709,79;629,29;4080,50;
TALITA DO SOCORRO DE SOUZA VIANA;SECRETARIA EXECUTIVA;ASSESSOR III;NAO INFORMADO; CARGO COMISSION.S/VINCULO;3691,80;;3691,80;354,02;3337,78;
TED WILSON LIMA GALVAO;DEPTO.DE ENGENHARIA;ASSESSOR TECNICO;NAO INFORMADO; CARGO COMISSION.S/VINCULO;7500,00;;7500,00;1572,62;5927,38;
TELMO FERNANDES TORRES;DEPTO.DE ENGENHARIA;AUX.O-I;; ESTATUTARIO;4419,94;;4419,94;409,64;4010,30;
TEREZA CRISTINA PEREIRA DE MELO;GERENCIA DE ORCAMENTO;DIGITADOR;ASSESSOR II; ESTATUTARIO;5271,54;;5271,54;541,31;4730,23;
THAIS CAMPOS DE OLIVEIRA SAMPAIO;DEPARTAMENTO DE ADM.E FINANCAS;GERENTE;NAO INFORMADO; CARGO COMISSION.S/VINCULO;4709,79;;4709,79;658,51;4051,28;
THIAGO FELIPE VERCOSA DE SOUZA;DEPARTAMENTO DE ENGENHARIA;ASSESSOR I;NAO INFORMADO; CARGO COMISSION.S/VINCULO;5729,77;;5729,77;998,67;4731,10;
THIAGO FERREIRA DA COSTA;DEPTO.DE ENGENHARIA;ASSESSOR TECNICO;NAO INFORMADO; CARGO COMISSION.S/VINCULO;7500,00;;7500,00;1520,49;5979,51;
THIAGO GUEDES DE OLIVEIRA;GABINETE DO SECRETARIO;ASSESSOR II;NAO INFORMADO; CARGO COMISSION.S/VINCULO;4709,79;;4709,79;577,82;4131,97;
TYSSIA REGIA RAYOL C OLIVEIRA;GERENCIA DE OBRAS DO INTERIOR;ENG-III;; ESTATUTARIO;10848,84;;10848,84;2400,75;8448,09;
VALDENILSON CABRAL QUEIROZ;DEPTO.DE ENGENHARIA;ASSESSOR I;NAO INFORMADO; CARGO COMISSION.S/VINCULO;5729,77;;5729,77;998,67;4731,10;
VENANCIO WILLIAMS DA S FREIRE;GERENCIA DE TRANSPORTES;FISCAL RODOVIARIO;; ESTATUTARIO;4077,54;;4077,54;342,51;3735,03;
VERA LANE DE CASTRO MARTINS;GABINETE DO SECRETARIO;ASSESSOR I;; CARGO COMISSION.S/VINCULO;5729,77;;5729,77;998,67;4731,10;
VICENTE PARENTE DE ARAUJO JUNIOR;GERENCIA DE ORCAMENTO;AUXILIAR DE TOPOGRAFIA;ASSESSOR I; ESTATUTARIO;6155,81;;6155,81;616,49;5539,32;
VINICIUS SILVEIRA DA SILVA CARVALHO;GERENCIA DE PROJETOS;ASSESSOR TECNICO;NAO INFORMADO; CARGO COMISSION.S/VINCULO;7500,00;;7500,00;1572,62;5927,38;
VITORIA DE LIMA FEITOSA NORONHA;DEPARTAMENTO DE ADM.E FINANCAS;ASSESSOR IV;NAO INFORMADO; CARGO COMISSION.S/VINCULO;3675,61;;3675,61;379,53;3296,08;
VLADIMIR ANTONIO DE LIMA GOMES;GERENCIA DE ORCAMENTO;ASSESSOR TECNICO;; CARGO COMISSION.S/VINCULO;7500,00;;7500,00;1468,35;6031,65;
WALMEM DE MELO BOTELHO;DEPARTAMENTO DE ADM.E FINANCAS;DES-I;; ESTATUTARIO;3136,58;;3136,58;331,96;2804,62;
WALTER DA SILVA MERGULHAO;GERENCIA DE OBRAS DO INTERIOR;ASSESSOR TECNICO;ASSESSOR TECNICO; CARGO COMISSION.S/VINCULO;7500,00;;7500,00;1572,62;5927,38;
WANDERSON MENDES FERREIRA;GABINETE DO SECRETARIO;ASSESSOR III;NAO INFORMADO; CARGO COMISSION.S/VINCULO;3691,80;;3691,80;383,88;3307,92;
WENDELL DA SILVA AFONSO;GERENCIA DE CONTR.FINANCEIROS;GERENTE;; CARGO COMISSION.S/VINCULO;4709,79;;4709,79;658,51;4051,28;
WILMAR FERREIRA DE CARVALHO;GERENCIA DE PROJETOS;TPG-III;TOPOGRAFO; ESTATUTARIO;4442,57;;4442,57;705,75;3736,82;
WILSON LUIZ SOUZA TINOCO;DEPTO.DE ENGENHARIA;ASSESSOR TECNICO;NAO INFORMADO; CARGO COMISSION.S/VINCULO;7500,00;;7500,00;1572,62;5927,38;
WLADIMIR BARROSO GUEDES DE A JUNIOR;GERENCIA DE PROJETOS;A.OPE-I;; ESTATUTARIO;4315,80;;4315,80;387,67;3928,13;
