NOME;LOTACAO;CARGO;FUNCAO;VINCULO;REMUNERACAO LEGAL TOTAL(R$);DESC.TETO(R$); REMUNERACAO LEGAL DEVIDA(R$);DESCONTOS LEGAIS(R$);LIQUIDO DISPONIVEL(R$);
ACRISIO ZIK UCHOA;DEPTO.DE ADMINIS.E FINANCAS;AUXILIAR DE SERV GERAIS 3A CLASSE;; ESTATUTARIO;2681,29;;2681,29;164,47;2516,82;
ADRIANA CELINA SERRAO RODRIGUES;DEPTO.DE ADMINIS.E FINANCAS;A.TEC-II;GERENTE AD-2; ESTATUTARIO;4141,46;;4141,46;365,41;3776,05;
ADRIANA DA SILVA GOMES;DEPTO.DE PROTECAO SOC.BASICA;SUBGERENTE;NAO INFORMADO; CARGO COMISSION.S/VINCULO;3691,80;;3691,80;383,88;3307,92;
ADRIANA SANTOS PELLIN;SEC.EXECUT.DA ASSIST.SOCIAL;CHEFE DE DEPARTAMENTO;NAO INFORMADO; CARGO COMISSION.S/VINCULO;5729,77;;5729,77;998,67;4731,10;
ALBERTO HIPOCRATES E MELLO;DEPTO.DE ADMINIS.E FINANCAS;AUX.S.G-I;; ESTATUTARIO;4086,06;;4086,06;316,09;3769,97;
ALCIMIRA KEROLLANY A NORONHA;DEPTO.DE PROTECAO SOC.ESPECIAL;GERENTE;NAO INFORMADO; CARGO COMISSION.S/VINCULO;4709,79;;4709,79;658,51;4051,28;
ALCINEIDE MAQUINE DA SILVA;DEPTO.DE ADMINIS.E FINANCAS;AUX.S.G-II;; ESTATUTARIO;2363,89;;2363,89;176,67;2187,22;
ALDENORA SERRAO ALVES;ASSESSORIA DE PLANEJAMENTO;ASSISTENTE TECNICO 3A CLASSE;; ESTATUTARIO;4746,29;;4746,29;378,47;4367,82;
ALISON FERREIRA BATISTA;SEC.EXECUT.DA ASSIST.SOCIAL;ASSESSOR II;NAO INFORMADO; CARGO COMISSION.S/VINCULO;4709,79;;4709,79;658,51;4051,28;
AMANDA XISTO DA SILVA LIMA;DEPTO.DE PROTECAO SOC.ESPECIAL;SUBGERENTE;NAO INFORMADO; CARGO COMISSION.S/VINCULO;9967,84;;9967,84;2017,53;7950,31;
ANA CLAUDIA PEREIRA DE SOUZA;DEPTO.DE ADMINIS.E FINANCAS;ASSISTENTE TECNICO 1A CLASSE;; ESTATUTARIO;4420,14;;4420,14;409,93;4010,21;
ANA CLAUDIA SOARES DA ROCHA;DEPTO.DE DESENV.POL.ASS.SOCIAL;ASSESSOR I;NAO INFORMADO; CARGO COMISSION.S/VINCULO;5729,77;;5729,77;998,67;4731,10;
ANA FLAVIA MACEDO DA SILVA;GABINETE DO SECRETARIO;ASSESSOR II;NAO INFORMADO; CARGO COMISSION.S/VINCULO;4709,79;;4709,79;658,51;4051,28;
ANA LUCIA DE SIQUEIRA MOREIRA;DEPTO.DE ADMINIS.E FINANCAS;ASSISTENTE TECNICO 1A CLASSE;; ESTATUTARIO;4422,69;;4422,69;410,57;4012,12;
ANA MARIA BEZERRA NUNES;DEPTO.DE PROTECAO SOC.ESPECIAL;ASSISTENTE TECNICO 2A CLASSE;; ESTATUTARIO;4422,37;;4422,37;410,49;4011,88;
ANA MARIA MARTINS SIMOES;DEPTO.DE PROTECAO SOC.BASICA;MONITOR 2A CLASSE;; ESTATUTARIO;1872,77;;1872,77;192,70;1680,07;
ANA MARIA PIMENTEL DA SILVA;DEPTO.DE PROTECAO SOC.BASICA;AUX.S.G-II;; ESTATUTARIO;1753,20;;1753,20;175,45;1577,75;
ANALIA MOTA NASCIMENTO SAMPAIO;DEPTO.DE PROTECAO SOC.BASICA;ASSESSOR II;NAO INFORMADO; CARGO COMISSION.S/VINCULO;4709,79;;4709,79;629,29;4080,50;
ANDERSON OLIVEIRA DE SOUZA;GABINETE DO SECRETARIO;ASSESSOR I;NAO INFORMADO; CARGO COMISSION.S/VINCULO;5729,77;;5729,77;998,67;4731,10;
ANDRE ALEXANDRE DE LIMA RIBEIRO;DEPTO.DE ADMINIS.E FINANCAS;ASSESSOR I;NAO INFORMADO; CARGO COMISSION.S/VINCULO;5729,77;;5729,77;956,01;4773,76;
ANDREA CRISTINA BRAGA DO N BATISTA;DEPTO.DE ADMINIS.E FINANCAS;ASSESSOR III;NAO INFORMADO; CARGO COMISSION.S/VINCULO;3691,80;;3691,80;383,88;3307,92;
ANDREA DA CUNHA CIDADE;SEC.EX.ADJ.POL.ASSIST.SOCIAL;SECRETARIO EXECUTIVO ADJUNTO;NAO INFORMADO; CARGO COMISSION.S/VINCULO;9500,00;;9500,00;2122,62;7377,38;
ANDREA DE CASSIA LIRA DA SILVA;DEPTO.DE ADMINIS.E FINANCAS;AUX.S.G-II;AUX. SERVICOS GERAIS; ESTATUTARIO;1740,78;;1740,78;170,29;1570,49;
ANDREA HONORATO PINHEIRO;DEPTO.DE ADMINIS.E FINANCAS;ASSESSOR III;NAO INFORMADO; CARGO COMISSION.S/VINCULO;3691,80;;3691,80;383,88;3307,92;
ANGELA JACIARA MERGUEIRO DE MATOS;DEPTO.DE ADMINIS.E FINANCAS;AUX.S.G-II;; ESTATUTARIO;3416,15;;3416,15;238,20;3177,95;
ANNA BERNADETH OLIVEIRA MONIZ;DEPTO.DE ADMINIS.E FINANCAS;A.TEC-I;; ESTATUTARIO;3434,07;;3434,07;280,51;3153,56;
ANTONIA CLEONILDE ARAUJO DOS SANTOS;DEPTO.DE PROTECAO SOC.BASICA;AUX.S.G-II;; ESTATUTARIO;1785,15;;1785,15;175,45;1609,70;
ANTONIO GERALDO PICANCO;DEPTO.DE ADMINIS.E FINANCAS;MOT-I;SUB.GERENTE AD-3; ESTATUTARIO;2786,14;;2786,14;226,32;2559,82;
ANTONIO MORES DE AQUINO;SEC.EXECUT.DA ASSIST.SOCIAL;ASSESSOR I;NAO INFORMADO; CARGO COMISSION.S/VINCULO;6654,77;;6654,77;665,17;5989,60;
ANTONIO RAYNON LOPES FELICIANO;ASSESSORIA JURIDICA;ASSESSOR II;NAO INFORMADO; CARGO COMISSION.S/VINCULO;4709,79;;4709,79;629,29;4080,50;
ARIDAN NONATA COUTO RAMOS;ASSESSORIA DE PLANEJAMENTO;AUX.S.G-II;; ESTATUTARIO;4024,90;;4024,90;324,10;3700,80;
ARIOMAR TAVARES DE SOUZA;DEPTO.DE ADMINIS.E FINANCAS;A.TEC-I;; ESTATUTARIO;2919,12;;2919,12;218,80;2700,32;
ARLEIDE CAVALCANTE FERNANDES;DEPTO.DE ADMINIS.E FINANCAS;ASSESSOR II;NAO INFORMADO; CARGO COMISSION.S/VINCULO;4709,79;;4709,79;600,85;4108,94;
ARTEMIZA ANDRADE BARBOSA;DEPTO.DE ADMINIS.E FINANCAS;AUX.S.G-II;; ESTATUTARIO;2711,11;;2711,11;173,71;2537,40;
ASSUNCAO PEREIRA DE OLIVEIRA;SEC.EXECUT.DA ASSIST.SOCIAL;ASSESSOR I;NAO INFORMADO; CARGO COMISSION.S/VINCULO;4729,77;;4729,77;665,17;4064,60;
AUREANGELA DO NASCIMENTO SILVA;DEPTO.DE PROTECAO SOC.ESPECIAL;SUBGERENTE;NAO INFORMADO; CARGO COMISSION.S/VINCULO;3691,80;;3691,80;383,88;3307,92;
BENEDITA MORENO BORGES;DEPTO.DE ADMINIS.E FINANCAS;AUXILIAR DE SERV GERAIS 3A CLASSE;; ESTATUTARIO;2114,55;;2114,55;163,25;1951,30;
BRENDA WALERY MELO DE OLIVEIRA;GABINETE DO SECRETARIO;ASSESSOR II;NAO INFORMADO; CARGO COMISSION.S/VINCULO;4709,79;;4709,79;658,51;4051,28;
BRUNA BEATRIZ ANDRADE CRUZ;SEC.EXECUT.DA ASSIST.SOCIAL;ASSESSOR III;NAO INFORMADO; CARGO COMISSION.S/VINCULO;3691,80;;3691,80;383,88;3307,92;
CAMILLA PARKEI COELHO MARTINS;DEPTO.DE PROTECAO SOC.BASICA;SUBGERENTE;NAO INFORMADO; CARGO COMISSION.S/VINCULO;3691,80;;3691,80;383,88;3307,92;
CARLOS ALBERTO KITZINGER DE SOUZA;DEPTO.DE ADMINIS.E FINANCAS;MOT-II;; ESTATUTARIO;3652,91;;3652,91;254,10;3398,81;
CARLOS GERALDO CRUZ DUARTE;GABINETE DO SECRETARIO;ASSESSOR III;NAO INFORMADO; CARGO COMISSION.S/VINCULO;3691,80;;3691,80;383,88;3307,92;
CARLOS GREGORIO GOMES MARQUES;DEPTO.DE ADMINIS.E FINANCAS;ASSESSOR IV;NAO INFORMADO; CARGO COMISSION.S/VINCULO;2940,48;;2940,48;257,23;2683,25;
CAROLINA FREITAS DE CASTRO PAIVA;DEPTO.DE PROTECAO SOC.ESPECIAL;ASSESSOR II;NAO INFORMADO; CARGO COMISSION.S/VINCULO;4709,79;;4709,79;658,51;4051,28;
CELESTE BENTES SANTANA;DEPTO.DE ADMINIS.E FINANCAS;A.TEC-I;ASSESSOR I; ESTATUTARIO;4246,50;;4246,50;369,81;3876,69;
CELIA MARA ALVES FERREIRA;SEC.EX.ADJ.POL.ASSIST.SOCIAL;ASSESSOR II;NAO INFORMADO; CARGO COMISSION.S/VINCULO;4709,79;;4709,79;658,51;4051,28;
CIBELE FREITAS DE AQUINO;DEPTO.DE PROTECAO SOC.BASICA;DIRETOR DE UNIDADE;NAO INFORMADO; CARGO COMISSION.S/VINCULO;4729,77;;4729,77;634,66;4095,11;
CLAUDETE LEAO IVO MOYSES;DEPTO.DE ADMINIS.E FINANCAS;A.SOC-I;; ESTATUTARIO;5794,71;;5794,71;959,61;4835,10;
CLEISSIANE COSTA CARDOSO;DEPTO.DE PROTECAO SOC.ESPECIAL;ASSESSOR II;NAO INFORMADO; CARGO COMISSION.S/VINCULO;4709,79;;4709,79;658,51;4051,28;
COSME MIGUEL DA SILVA ALMEIDA;SEC.EXECUT.DA ASSIST.SOCIAL;ASSESSOR II;NAO INFORMADO; CARGO COMISSION.S/VINCULO;3709,79;;3709,79;388,72;3321,07;
CRISTINA MONICA MICHILES AUCAR;DEPTO.DE ADMINIS.E FINANCAS;GERENTE;NAO INFORMADO; CARGO COMISSION.S/VINCULO;4709,79;;4709,79;658,51;4051,28;
CYBELLE CRISTINA OLIVEIRA C E SILVA;SEC.EXECUT.DA ASSIST.SOCIAL;SUBGERENTE;NAO INFORMADO; CARGO COMISSION.S/VINCULO;3691,80;;3691,80;383,88;3307,92;
CYBELLE MARILIA WILKENS DA C NOVO;DEPTO.GEST.SIST.UN.ASS.SOCIAL;SUBGERENTE;NAO INFORMADO; CARGO COMISSION.S/VINCULO;3691,80;;3691,80;383,88;3307,92;
CYNARA SILVA DOS SANTOS;SEC.EXECUT.DA ASSIST.SOCIAL;ASSESSOR III;NAO INFORMADO; CARGO COMISSION.S/VINCULO;3691,80;;3691,80;383,88;3307,92;
DARCY RAMOS DE AMORIM;DEPTO.DE ADMINIS.E FINANCAS;ASSESSOR III;NAO INFORMADO; CARGO COMISSION.S/VINCULO;2953,43;;2953,43;1109,80;1843,63;
DARLAN MARCELO DA COSTA PIMENTEL;DEPTO.DE PROTECAO SOC.ESPECIAL;A.TEC-I;; ESTATUTARIO;3196,86;;3196,86;260,45;2936,41;
DEBORA APARECIDA ARAUJO GALLI;ASSESSORIA DE PLANEJAMENTO;GERENTE;NAO INFORMADO; CARGO COMISSION.S/VINCULO;4709,79;;4709,79;629,29;4080,50;
DEBORA DE ALENCAR ARRUDA;DEPTO.GEST.SIST.UN.ASS.SOCIAL;ASSESSOR I;NAO INFORMADO; CARGO COMISSION.S/VINCULO;5729,77;;5729,77;998,67;4731,10;
DELMARINA NASCIMENTO DA SILVEIRA;DEPTO.DE ADMINIS.E FINANCAS;ASSISTENTE TECNICO 3A CLASSE;CH.SEC.ADM.CEAS AD-2; ESTATUTARIO;4280,28;;4280,28;373,95;3906,33;
DENIS PINTO DE JESUS;DEPTO.DE PROTECAO SOC.BASICA;AUX.S.G-II;; ESTATUTARIO;1935,15;;1935,15;175,45;1759,70;
DENIZE SANTOS DE ANDRADE;GABINETE DO SECRETARIO;ASSESSOR I;NAO INFORMADO; CARGO COMISSION.S/VINCULO;4414,44;;4414,44;587,24;3827,20;
DEUSA DE SOUZA SALGADO;PESSOAL PROC.DE APOSENTADORIA;A.TEC-I;; ESTATUTARIO;1641,20;;1641,20;229,77;1411,43;
DYEGO DE SOUZA MORAIS;SEC.EXECUT.DA ASSIST.SOCIAL;ASSESSOR I;NAO INFORMADO; CARGO COMISSION.S/VINCULO;4729,77;;4729,77;665,17;4064,60;
EDIANNE FRANCYNE AMORIM MARQUES;DEPTO.DE PROTECAO SOC.ESPECIAL;ASSESSOR II;NAO INFORMADO; CARGO COMISSION.S/VINCULO;3709,79;;3709,79;388,72;3321,07;
EDILEUZA DE LIMA FROES OLIVEIRA;DEPTO.DE ADMINIS.E FINANCAS;A.TEC-I;; ESTATUTARIO;2349,07;;2349,07;219,73;2129,34;
EDIMARA TRAVASSOS DE ANDRADE;DEPTO.DE PROTECAO SOC.BASICA;GERENTE;NAO INFORMADO; CARGO COMISSION.S/VINCULO;4709,79;;4709,79;629,29;4080,50;
EDNALDO GOMES BARBOSA JUNIOR;DEPTO.DE PROTECAO SOC.ESPECIAL;SUBGERENTE;NAO INFORMADO; CARGO COMISSION.S/VINCULO;3691,80;;3691,80;383,88;3307,92;
EDNELZA DE SOUZA PEREIRA;DEPTO.DE ADMINIS.E FINANCAS;A.TEC-II;; ESTATUTARIO;3533,19;;3533,19;257,93;3275,26;
EDUARDO AUGUSTO DE AQUINO FERREIRA;DEPTO.DE ADMINIS.E FINANCAS;SUBGERENTE;NAO INFORMADO; CARGO COMISSION.S/VINCULO;3691,80;;3691,80;383,88;3307,92;
EDVALDA LIRA DE ALMEIDA CABRAL;DEPTO.DE ADMINIS.E FINANCAS;ASSESSOR III;NAO INFORMADO; CARGO COMISSION.S/VINCULO;3691,80;;3691,80;383,88;3307,92;
ELIANA PAIXAO DE SOUZA;DEPTO.DE PROTECAO SOC.BASICA;AGENTE ADMINISTRATIVO 1A CLASSE;; ESTATUTARIO;3298,25;;3298,25;245,07;3053,18;
ELIANA RAPOSO BARRETO;DEPTO.DE PROTECAO SOC.ESPECIAL;AGENTE ADMINISTRATIVO 2A CLASSE;; ESTATUTARIO;2065,47;;2065,47;192,70;1872,77;
ELIANE ALVES CARDOSO;DEPTO.DE PROTECAO SOC.BASICA;ASSESSOR III;NAO INFORMADO; CARGO COMISSION.S/VINCULO;3691,80;;3691,80;365,21;3326,59;
ELIANO NASCIMENTO DE OLIVEIRA;DEPTO.DE PROTECAO SOC.BASICA;VIGIA-II;; ESTATUTARIO;1753,20;;1753,20;175,45;1577,75;
ELIEL PADILHA DA SILVA;GABINETE DO SECRETARIO;ASSESSOR II;NAO INFORMADO; CARGO COMISSION.S/VINCULO;4709,79;;4709,79;658,51;4051,28;
ELISANGELA DE SOUZA FERNANDES;DEPTO.DE ADMINIS.E FINANCAS;A.TEC-II;SUBGERENTE; ESTATUTARIO;4335,46;;4335,46;394,51;3940,95;
ELIZABETE LACERDA CHAVES;DEPTO.DE ADMINIS.E FINANCAS;SUBGERENTE;NAO INFORMADO; CARGO COMISSION.S/VINCULO;3691,80;;3691,80;383,88;3307,92;
ELIZETE PERES CARDOSO;DEPTO.DE PROTECAO SOC.BASICA;DIRETOR DE UNIDADE;NAO INFORMADO; CARGO COMISSION.S/VINCULO;4729,77;;4729,77;665,17;4064,60;
EMANUEL ANTONIO PLACIDO R L ARAUJO;SEC.EXECUT.DA ASSIST.SOCIAL;ASSESSOR III;NAO INFORMADO; CARGO COMISSION.S/VINCULO;3691,80;;3691,80;383,88;3307,92;
EMANUEL MENDES SIQUEIRA;SEC.EXECUT.DA ASSIST.SOCIAL;ASSESSOR I;NAO INFORMADO; CARGO COMISSION.S/VINCULO;5729,77;;5729,77;998,67;4731,10;
EMILY DUARTE ALBUQUERQUE;SEC.EXECUT.DA ASSIST.SOCIAL;ASSESSOR III;NAO INFORMADO; CARGO COMISSION.S/VINCULO;3691,80;;3691,80;383,88;3307,92;
ERIKA BERNARDES DIAS;GABINETE DO SECRETARIO;ASSESSOR III;NAO INFORMADO; CARGO COMISSION.S/VINCULO;3691,80;;3691,80;365,21;3326,59;
ETORI ELIAS PERDIGAO LIMA;SEC.EXECUT.DA ASSIST.SOCIAL;ASSESSOR II;NAO INFORMADO; CARGO COMISSION.S/VINCULO;4709,79;;4709,79;572,41;4137,38;
EUNICE ALVES DE LIMA;DEPTO.DE PROTECAO SOC.BASICA;AUX.S.G-II;; ESTATUTARIO;2160,15;;2160,15;175,45;1984,70;
EVELYN ROSA SANTOS DE ALBUQUERQUE;DEPTO.GEST.SIST.UN.ASS.SOCIAL;ASSESSOR II;NAO INFORMADO; CARGO COMISSION.S/VINCULO;4709,79;;4709,79;629,29;4080,50;
FABIO MARREIROS DA SILVA;SEC.EXECUT.DA ASSIST.SOCIAL;ASSESSOR I;NAO INFORMADO; CARGO COMISSION.S/VINCULO;5729,77;;5729,77;998,67;4731,10;
FABRIZZIO PABLO COSTA C BRANCO;DEPTO.DE ADMINIS.E FINANCAS;ASSESSOR II;NAO INFORMADO; CARGO COMISSION.S/VINCULO;4709,79;;4709,79;658,51;4051,28;
FATIMA VERONICA DA SILVA TOME;SEC.EX.ADJ.POL.ASSIST.SOCIAL;ASSESSOR III;NAO INFORMADO; CARGO COMISSION.S/VINCULO;3814,85;;3814,85;412,51;3402,34;
FERNANDO TELES ALCANTARA;DEPTO.DE ADMINIS.E FINANCAS;GERENTE;NAO INFORMADO; CARGO COMISSION.S/VINCULO;7378,66;;7378,66;1461,34;5917,32;
FIDENCIO SOARES TAVEIRA;DEPTO.DE PROTECAO SOC.BASICA;VIGIA-II;; ESTATUTARIO;2160,15;;2160,15;175,45;1984,70;
FRANCISCA RAIZIMAR DE O ZURRA;GABINETE DO SECRETARIO;ASSESSOR II;NAO INFORMADO; CARGO COMISSION.S/VINCULO;4709,79;;4709,79;629,29;4080,50;
FRANCISCA VIEIRA DE LIMA;DEPTO.DE PROTECAO SOC.BASICA;AUXILIAR DE SERV GERAIS 1A CLASSE;; ESTATUTARIO;2114,55;;2114,55;163,25;1951,30;
FRANCISCO ASSIS DE MORAES JUNIOR;DEPTO.DE ADMINIS.E FINANCAS;SUBGERENTE;NAO INFORMADO; CARGO COMISSION.S/VINCULO;3691,80;;3691,80;383,88;3307,92;
FRANCISCO DE ALMEIDA MIRANDA;DEPTO.DE ADMINIS.E FINANCAS;AUX.S.G-II;; ESTATUTARIO;2506,15;;2506,15;175,45;2330,70;
FRANCISCO MAIA DE FREITAS;DEPTO.DE ADMINIS.E FINANCAS;MOTORISTA 3A CLASSE;; ESTATUTARIO;3580,46;;3580,46;252,20;3328,26;
GABRIELLE CARDOSO DA CRUZ;SEC.EXECUT.DA ASSIST.SOCIAL;ASSESSOR II;NAO INFORMADO; CARGO COMISSION.S/VINCULO;4709,79;;4709,79;658,51;4051,28;
GELCIMAR LOPES DA COSTA;DEPTO.DE PROTECAO SOC.BASICA;AUX.S.G-II;; ESTATUTARIO;2170,93;;2170,93;175,45;1995,48;
GEORGIA ISABELA PORTELA ARAUJO;SEC.EXECUT.DA ASSIST.SOCIAL;ASSESSOR I;NAO INFORMADO; CARGO COMISSION.S/VINCULO;5729,77;;5729,77;998,67;4731,10;
GERFICA DE NAZARE SILVA NEVES;SEC.EXECUT.DA ASSIST.SOCIAL;ASSESSOR III;NAO INFORMADO; CARGO COMISSION.S/VINCULO;3691,80;;3691,80;383,88;3307,92;
GILDO GOMES DA GAMA;DEPTO.DE ADMINIS.E FINANCAS;VIGIA-II;; ESTATUTARIO;2355,15;;2355,15;175,45;2179,70;
GISELLE MICHELLE MOREIRA CRUZ;ASSESSORIA JURIDICA;ASSESSOR III;NAO INFORMADO; CARGO COMISSION.S/VINCULO;3691,80;;3691,80;383,88;3307,92;
GIULIANA FERREIRA DE LEMOS;DEPTO.DE ADMINIS.E FINANCAS;A.TEC-II;; ESTATUTARIO;3145,46;;3145,46;244,95;2900,51;
GLENDA MOURA DE SOUZA;SEC.EXECUT.DA ASSIST.SOCIAL;GERENTE;NAO INFORMADO; CARGO COMISSION.S/VINCULO;4709,79;;4709,79;658,51;4051,28;
GRACINETE FILIZOLA ANDRADE COELHO;DEPTO.DE PROTECAO SOC.BASICA;ASSESSOR II;NAO INFORMADO; CARGO COMISSION.S/VINCULO;4709,79;;4709,79;600,85;4108,94;
HEITOR LOPES MOURA;DEPTO.GEST.SIST.UN.ASS.SOCIAL;ASSESSOR II;NAO INFORMADO; CARGO COMISSION.S/VINCULO;4709,79;;4709,79;658,51;4051,28;
HELIO FLAVIO REIS PONTES;DEPTO.DE ADMINIS.E FINANCAS;AUX.S.G-II;; ESTATUTARIO;4016,15;;4016,15;240,54;3775,61;
HERMILA MARIA GARCIA DE SOUSA;DEPTO.DE PROTECAO SOC.BASICA;GERENTE;NAO INFORMADO; CARGO COMISSION.S/VINCULO;4709,79;;4709,79;629,29;4080,50;
HILDALEA CASTRO DOS REIS;SEC.EXECUT.DA ASSIST.SOCIAL;A.TEC-III;; ESTATUTARIO;1891,10;;1891,10;194,75;1696,35;
IDELFONSO CORNELIO BRAZ;DEPTO.DE ADMINIS.E FINANCAS;AUX.S.G-II;; ESTATUTARIO;1740,83;;1740,83;177,90;1562,93;
IGOR ROBERTO LOPES RIBEIRO;SEC.EXECUT.DA ASSIST.SOCIAL;SUBGERENTE;NAO INFORMADO; CARGO COMISSION.S/VINCULO;3691,80;;3691,80;383,88;3307,92;
INGRID BATISTA DE CASTRO;SEC.EXECUT.DA ASSIST.SOCIAL;ASSESSOR I;NAO INFORMADO; CARGO COMISSION.S/VINCULO;5729,77;;5729,77;998,67;4731,10;
IRAILDES MUNIZ DE LIMA;ASSESSORIA DE COMUNIC.SOCIAL;ASSESSOR II;NAO INFORMADO; CARGO COMISSION.S/VINCULO;4709,79;;4709,79;658,51;4051,28;
ISABEL CRISTINA ALENCAR DE LIMA;SEC.EX.ADJ.POL.ASSIST.SOCIAL;AUX.S.G-II;; ESTATUTARIO;2355,15;;2355,15;175,45;2179,70;
ITALA PATRICIA COUTINHO C RODRIGUES;DEPTO.DE PROTECAO SOC.BASICA;DIRETOR DE UNIDADE;NAO INFORMADO; CARGO COMISSION.S/VINCULO;4729,77;;4729,77;665,17;4064,60;
IZA FLORENCIO NUNES;ASSESSORIA JURIDICA;ASSESSOR II;NAO INFORMADO; CARGO COMISSION.S/VINCULO;4709,79;;4709,79;658,51;4051,28;
IZABEL CRISTINA NEVES DA COSTA;DEPTO.DE ADMINIS.E FINANCAS;ASSESSOR III;NAO INFORMADO; CARGO COMISSION.S/VINCULO;3691,80;;3691,80;383,88;3307,92;
IZABELA DE AMORIM QUEIROZ;SEC.EXECUT.DA ASSIST.SOCIAL;ASSESSOR II;NAO INFORMADO; CARGO COMISSION.S/VINCULO;4709,79;;4709,79;658,51;4051,28;
JARDAS LIMA SOLANO;DEPTO.DE ADMINIS.E FINANCAS;A.TEC-II;; ESTATUTARIO;4141,46;;4141,46;336,97;3804,49;
JOANA VIEIRA DA SILVA;DEPTO.DE ADMINIS.E FINANCAS;AGENTE ADMINISTRATIVO 1A CLASSE;; ESTATUTARIO;4357,96;;4357,96;394,11;3963,85;
JOAO DE SOUZA BEZERRA;DEPTO.DE ADMINIS.E FINANCAS;AUX.S.G-I;; ESTATUTARIO;2238,80;;2238,80;191,14;2047,66;
JOAO EDUARDO RODRIGUES NASCIMENTO;DEPTO.DE PROTECAO SOC.BASICA;ASSESSOR III;NAO INFORMADO; CARGO COMISSION.S/VINCULO;3691,80;;3691,80;383,88;3307,92;
JOAO HIPOLITO DO VALLE NETO;SEC.EXECUT.DA ASSIST.SOCIAL;SUBGERENTE;NAO INFORMADO; CARGO COMISSION.S/VINCULO;3691,80;;3691,80;383,88;3307,92;
JOAO LUIZ LEITE DE FRANCA;DEPTO.DE ADMINIS.E FINANCAS;AUX.S.G-I;; ESTATUTARIO;3477,31;;3477,31;255,04;3222,27;
JOAQUINA DA SILVA MATIAS;DEPTO.DE ADMINIS.E FINANCAS;AGENTE ADMINISTRATIVO 3A CLASSE;; ESTATUTARIO;2005,28;;2005,28;190,25;1815,03;
JOHN ELYSTON DE SOUZA ALTMANN;ASSESSORIA JURIDICA;ASSESSOR I;NAO INFORMADO; CARGO COMISSION.S/VINCULO;7473,03;;7473,03;1460,93;6012,10;
JORGE LUIZ JOSEPH;DEPTO.DE ADMINIS.E FINANCAS;A.TEC-II;; ESTATUTARIO;2277,19;;2277,19;202,66;2074,53;
JOSE EDUARDO GOMES DA SILVA;DEPTO.DE ADMINIS.E FINANCAS;AUX.S.G-II;; ESTATUTARIO;2713,53;;2713,53;185,51;2528,02;
JOSE ELIAS REIS DOS SANTOS;DEPTO.DE ADMINIS.E FINANCAS;AUXILIAR DE SERV GERAIS 2A CLASSE;; ESTATUTARIO;2469,29;;2469,29;164,47;2304,82;
JOSE MARIA DE OLIVEIRA;DEPTO.DE ADMINIS.E FINANCAS;AUX.S.G-I;; ESTATUTARIO;2775,94;;2775,94;204,70;2571,24;
JOSE RAIMUNDO BRANDAO MOTA;DEPTO.DE ADMINIS.E FINANCAS;ASSISTENTE TECNICO 2A CLASSE;SUBGERENTE; ESTATUTARIO;4596,10;;4596,10;444,89;4151,21;
JOSE RAIMUNDO DE SOUZA;GABINETE DO SECRETARIO;ASSESSOR II;NAO INFORMADO; CARGO COMISSION.S/VINCULO;4709,79;;4709,79;658,51;4051,28;
JOSIMAR ANJOS DE SOUZA;DEPTO.DE ADMINIS.E FINANCAS;VIGIA-II;; ESTATUTARIO;2155,15;;2155,15;175,45;1979,70;
JULY ANNE DE MOURA LINHARES;SEC.EXECUT.DA ASSIST.SOCIAL;ASSESSOR II;NAO INFORMADO; CARGO COMISSION.S/VINCULO;4709,79;;4709,79;658,51;4051,28;
KAIO LOPES DE ASSIS;SEC.EXECUT.DA ASSIST.SOCIAL;ASSESSOR I;NAO INFORMADO; CARGO COMISSION.S/VINCULO;5729,77;;5729,77;998,67;4731,10;
KALINY DE SOUZA LIRA ALVES;DEPTO.DE PROTECAO SOC.BASICA;GERENTE;NAO INFORMADO; CARGO COMISSION.S/VINCULO;4709,79;;4709,79;658,51;4051,28;
KARLA MARQUES DA SILVA;GABINETE DO SECRETARIO;GERENTE;NAO INFORMADO; CARGO COMISSION.S/VINCULO;4709,79;;4709,79;658,51;4051,28;
KELINE CALISTRO DUARTE;SEC.EXECUT.DA ASSIST.SOCIAL;SUBGERENTE;NAO INFORMADO; CARGO COMISSION.S/VINCULO;3691,80;;3691,80;383,88;3307,92;
KELLY CRISTINE DA COSTA S TAVARES;DEPTO.DE PROTECAO SOC.BASICA;GERENTE;NAO INFORMADO; CARGO COMISSION.S/VINCULO;4709,79;;4709,79;600,85;4108,94;
KELY PATRICIA PAIXÃO SILVA;ASSESSORIA JURIDICA;ASSESSOR I;NAO INFORMADO; CARGO COMISSION.S/VINCULO;5729,77;;5729,77;998,67;4731,10;
KEROLYN DA SILVA LEIGUE;ASSESSORIA DE COMUNIC.SOCIAL;ASSESSOR III;NAO INFORMADO; CARGO COMISSION.S/VINCULO;2461,19;;2461,19;176,97;2284,22;
KIME SLANER COSTA CALDERARO;DEPTO.GEST.SIST.UN.ASS.SOCIAL;ASSESSOR II;NAO INFORMADO; CARGO COMISSION.S/VINCULO;3139,85;;3139,85;306,72;2833,13;
LAERCIO AUGUSTO RIBEIRO FILHO;DEPTO.DE ADMINIS.E FINANCAS;MOT-I;; ESTATUTARIO;3728,64;;3728,64;319,79;3408,85;
LAUDENISE BATISTA DE OLIVEIRA;ASSESSORIA DE PLANEJAMENTO;CHEFE DE DEPARTAMENTO;NAO INFORMADO; CARGO COMISSION.S/VINCULO;3819,83;;3819,83;463,16;3356,67;
LAURIMAR NOGUEIRA DE LIMA;DEPTO.DE PROTECAO SOC.ESPECIAL;VIGIA-II;; ESTATUTARIO;2355,15;;2355,15;175,45;2179,70;
LEILA BENA DA SILVA SAMPAIO;DEPTO.DE PROTECAO SOC.BASICA;DIRETOR DE UNIDADE;NAO INFORMADO; CARGO COMISSION.S/VINCULO;4729,77;;4729,77;665,17;4064,60;
LEILA CONCEICAO DA SILVA;DEPTO.DE ADMINIS.E FINANCAS;AUX.S.G-II;; ESTATUTARIO;4016,15;;4016,15;321,76;3694,39;
LEONARDO AUGUSTO DO N F SANTOS;SEC.EXECUT.DA ASSIST.SOCIAL;SUBGERENTE;NAO INFORMADO; CARGO COMISSION.S/VINCULO;3691,80;;3691,80;383,88;3307,92;
LEONILZE DA SILVA TEIXEIRA;DEPTO.DE ADMINIS.E FINANCAS;A.TEC-I;; ESTATUTARIO;3132,07;;3132,07;257,86;2874,21;
LEONOR CORREA DA SILVA;DEPTO.DE PROTECAO SOC.BASICA;MONITOR 2A CLASSE;; ESTATUTARIO;1867,67;;1867,67;191,47;1676,20;
LILIAN DA SILVA GOMES MELO;DEPTO.DE PROTECAO SOC.BASICA;ASSESSOR II;NAO INFORMADO; CARGO COMISSION.S/VINCULO;4709,79;;4709,79;629,29;4080,50;
LINDANEY ALVES GRIJO;DEPTO.DE ADMINIS.E FINANCAS;AGENTE ADMINISTRATIVO 1A CLASSE;; ESTATUTARIO;4390,17;;4390,17;373,87;4016,30;
LISSANDRO TERCO DE VERCOSA;DEPTO.DE ADMINIS.E FINANCAS;AGENTE ADMINISTRATIVO 1A CLASSE;; ESTATUTARIO;2316,40;;2316,40;202,31;2114,09;
LORENA MARILIA BARRETO TELES;SEC.EXECUT.DA ASSIST.SOCIAL;CHEFE DE DEPARTAMENTO;NAO INFORMADO; CARGO COMISSION.S/VINCULO;5729,77;;5729,77;998,67;4731,10;
LUANA BATISTA TAVARES;DEPTO.DE PROTECAO SOC.BASICA;SUBGERENTE;NAO INFORMADO; CARGO COMISSION.S/VINCULO;3691,80;;3691,80;383,88;3307,92;
LUANA DA SILVA NASCIMENTO MELO;SEC.EXECUT.DA ASSIST.SOCIAL;ASSESSOR I;ASSESSOR I; CARGO COMISSION.S/VINCULO;7473,03;;7473,03;1565,21;5907,82;
LUCEVILSON ARAUJO DE SOUSA;ASSESSORIA DE COMUNIC.SOCIAL;ASSESSOR II;NAO INFORMADO; CARGO COMISSION.S/VINCULO;3709,79;;3709,79;388,72;3321,07;
LUCIANA ALECRIM PACIFICO;GABINETE DO SECRETARIO;ASSESSOR II;NAO INFORMADO; CARGO COMISSION.S/VINCULO;4709,79;;4709,79;658,51;4051,28;
LUCIANA CABRAL CORREA;DEPTO.DE PROTECAO SOC.ESPECIAL;SUBGERENTE;NAO INFORMADO; CARGO COMISSION.S/VINCULO;3691,80;;3691,80;383,88;3307,92;
LUCIANA CARVALHO PIMENTA;DEPTO.DE ADMINIS.E FINANCAS;ASSESSOR II;NAO INFORMADO; CARGO COMISSION.S/VINCULO;4709,79;;4709,79;658,51;4051,28;
LUCIDALVA DE OLIVEIRA ANDRADE;DEPTO.DE ADMINIS.E FINANCAS;ASSISTENTE TECNICO 2A CLASSE;SUB.GERENTE AD-3; ESTATUTARIO;4624,10;;4624,10;453,85;4170,25;
LUCINEIA OLIVEIRA FERREIRA;DEPTO.DE ADMINIS.E FINANCAS;ASSESSOR III;NAO INFORMADO; CARGO COMISSION.S/VINCULO;3691,80;;3691,80;383,88;3307,92;
LUZIA SIQUEIRA DOS SANTOS;DEPTO.DE ADMINIS.E FINANCAS;A.TEC-I;; ESTATUTARIO;3433,79;;3433,79;280,48;3153,31;
LUZIVANY RIBEIRO TEIXEIRA;SEC.EXECUT.DA ASSIST.SOCIAL;ASSESSOR III;NAO INFORMADO; CARGO COMISSION.S/VINCULO;3691,80;;3691,80;383,88;3307,92;
MAGNA FRAGA DIAS MAR;SEC.EXECUT.DA ASSIST.SOCIAL;ASSESSOR III;NAO INFORMADO; CARGO COMISSION.S/VINCULO;8860,30;;8860,30;1754,21;7106,09;
MANOEL BEZERRA GOMES;DEPTO.DE ADMINIS.E FINANCAS;AUX.S.G-II;; ESTATUTARIO;2160,15;;2160,15;175,45;1984,70;
MANOEL NUNES DE ASSIS;DEPTO.DE PROTECAO SOC.BASICA;ASSESSOR II;NAO INFORMADO; CARGO COMISSION.S/VINCULO;4709,79;;4709,79;629,29;4080,50;
MARCELO AUGUSTO SILVA M RAMOS;ASSESSORIA JURIDICA;ASSISTENTE TECNICO 3A CLASSE;; ESTATUTARIO;4116,12;;4116,12;324,45;3791,67;
MARCIA GEORGETE ALVES LIMA;DEPTO.DE PROTECAO SOC.BASICA;ASSESSOR II;NAO INFORMADO; CARGO COMISSION.S/VINCULO;4709,79;;4709,79;658,51;4051,28;
MARCIA LEILA DOS SANTOS FREIRE;DEPTO.DE ADMINIS.E FINANCAS;AGENTE ADMINISTRATIVO 3A CLASSE;; ESTATUTARIO;3486,28;;3486,28;257,15;3229,13;
MARCIA ZUILA ALMEIDA E SILVA;DEPTO.DE PROTECAO SOC.ESPECIAL;MONITOR 2A CLASSE;; ESTATUTARIO;2239,02;;2239,02;191,47;2047,55;
MARCILIO JOSE GOMES DE BRITO;DEPTO.DE ADMINIS.E FINANCAS;VIGIA-II;; ESTATUTARIO;3174,87;;3174,87;220,11;2954,76;
MARCOS PAULO LEITE AMARAL;SEC.EXECUT.DA ASSIST.SOCIAL;GERENTE;NAO INFORMADO; CARGO COMISSION.S/VINCULO;4709,79;;4709,79;600,85;4108,94;
MARCOS RONEI DOS SANTOS;DEPTO.DE ADMINIS.E FINANCAS;SUBGERENTE;NAO INFORMADO; CARGO COMISSION.S/VINCULO;3691,80;;3691,80;383,88;3307,92;
MARGARIDA NUNES GALVAO GUERRA;DEPTO.DE ADMINIS.E FINANCAS;A.TEC-I;; ESTATUTARIO;4210,34;;4210,34;388,52;3821,82;
MARIA ALCILENE FERREIRA DA SILVA;DEPTO.DE PROTECAO SOC.BASICA;AUX.S.G-II;; ESTATUTARIO;1761,94;;1761,94;176,67;1585,27;
MARIA AUXILIADORA M CAVALCANTE;ASSESSORIA JURIDICA;ASSISTENTE TECNICO 3A CLASSE;; ESTATUTARIO;2800,47;;2800,47;245,48;2554,99;
MARIA DA CONCEICAO AGOSTINHO MOTA;DEPTO.DE PROTECAO SOC.BASICA;A.TEC-I;; ESTATUTARIO;3691,41;;3691,41;320,33;3371,08;
MARIA DA CONCEICAO CANTUARIO;DEPTO.DE ADMINIS.E FINANCAS;AUX.S.G-I;; ESTATUTARIO;2605,00;;2605,00;188,69;2416,31;
MARIA DA CONCEICAO PINHEIRO FONTE;SEC.EXECUT.DA ASSIST.SOCIAL;ASSESSOR II;NAO INFORMADO; CARGO COMISSION.S/VINCULO;4709,79;;4709,79;658,51;4051,28;
MARIA DA CONCEICAO RODRIGUES CABRAL;SEC.EXECUT.DA ASSIST.SOCIAL;MONITOR 3A CLASSE;; ESTATUTARIO;2593,77;;2593,77;192,70;2401,07;
MARIA DAS DORES DA COSTA ANTONY;DEPTO.DE ADMINIS.E FINANCAS;A.TEC-I;; ESTATUTARIO;4450,01;;4450,01;426,55;4023,46;
MARIA DAS GRACAS ALVES DA S BYRON;PESSOAL PROC.DE APOSENTADORIA;A.SOC-I;DRTOR DE UNID AD 1; ESTATUTARIO;3667,41;;3667,41;631,74;3035,67;
MARIA DAS GRACAS LOPES RIBEIRO;DEPTO.DE ADMINIS.E FINANCAS;A.TEC-I;; ESTATUTARIO;3850,68;;3850,68;336,72;3513,96;
MARIA DE LOURDES DE SOUZA RAMOS;DEPTO.DE PROTECAO SOC.BASICA;AUXILIAR DE SERV GERAIS 3A CLASSE;; ESTATUTARIO;2152,73;;2152,73;163,25;1989,48;
MARIA DO PERPETUO SOCORRO O VIEIRA;DEPTO.DE ADMINIS.E FINANCAS;AUX.S.G-II;; ESTATUTARIO;1935,15;;1935,15;175,45;1759,70;
MARIA DO SOCORRO NASCIMENTO MELLO;DEPTO.DE ADMINIS.E FINANCAS;A.TEC-I;; ESTATUTARIO;4430,07;;4430,07;421,48;4008,59;
MARIA EDINELZA OLIVEIRA DAMASCENO;DEPTO.DE ADMINIS.E FINANCAS;A.TEC-I;GERENTE; ESTATUTARIO;5520,38;;5520,38;682,32;4838,06;
MARIA ELISABETE MACIEL DA SILVA;DEPTO.DE PROTECAO SOC.BASICA;DIRETOR DE UNIDADE;NAO INFORMADO; CARGO COMISSION.S/VINCULO;4729,77;;4729,77;665,17;4064,60;
MARIA ELISANGELA SILVA DOLZANE;SEC.EXECUT.DA ASSIST.SOCIAL;ASSESSOR I;NAO INFORMADO; CARGO COMISSION.S/VINCULO;6139,69;;6139,69;1099,57;5040,12;
MARIA GORETE DE SOUZA LOBATO;DEPTO.DE ADMINIS.E FINANCAS;A.TEC-I;; ESTATUTARIO;3192,12;;3192,12;269,18;2922,94;
MARIA IVANILDA COSTA CARVALHO;DEPTO.DE ADMINIS.E FINANCAS;A.TEC-I;; ESTATUTARIO;3132,07;;3132,07;257,86;2874,21;
MARIA JANETE GOMES DE BRITO;DEPTO.DE PROTECAO SOC.ESPECIAL;MONITOR 2A CLASSE;; ESTATUTARIO;1867,67;;1867,67;191,47;1676,20;
MARIA JOSEFINA OZIEL GALVAO;PESSOAL PROC.DE APOSENTADORIA;A.SOC-I;; ESTATUTARIO;3199,87;;3199,87;511,57;2688,30;
MARIA LUCIA DA SILVA BARROS;SEC.EXECUT.DA ASSIST.SOCIAL;AUX.S.G-III;; ESTATUTARIO;3161,04;;3161,04;212,73;2948,31;
MARIA LUZIA LIMA DE LIMA;ASSESSORIA DE PLANEJAMENTO;TECNICO 3A CLASSE;; ESTATUTARIO;3290,91;;3290,91;427,94;2862,97;
MARIA NEBLINA MARAES;DEPTO.DE ADMINIS.E FINANCAS;PROFESSOR PF20.ESP-III;CHEFE DE DEPARTAMENT; ESTATUTARIO;8343,31;;8343,31;1524,01;6819,30;
MARIA RAIMUNDA CARDOSO LOPES;DEPTO.DE ADMINIS.E FINANCAS;AUX.S.G-II;; ESTATUTARIO;1785,15;;1785,15;175,45;1609,70;
MARIA RAIMUNDA DOS ANJOS NASCIMENTO;DEPTO.DE ADMINIS.E FINANCAS;AUX.S.G-I;; ESTATUTARIO;3433,32;;3433,32;207,38;3225,94;
MARIA RITA RODRIGUES DE SOUZA;DEPTO.DE PROTECAO SOC.BASICA;AUX.S.G-II;; ESTATUTARIO;2888,98;;2888,98;198,66;2690,32;
MARIA ROSA GOMES GRAÇA;DEPTO.DE ADMINIS.E FINANCAS;ASSESSOR II;NAO INFORMADO; CARGO COMISSION.S/VINCULO;3979,72;;3979,72;461,33;3518,39;
MARIA SOCORRO CARIOCA BEZERRA;DEPTO.DE ADMINIS.E FINANCAS;AUXILIAR DE SERV GERAIS 3A CLASSE;; ESTATUTARIO;2114,55;;2114,55;163,25;1951,30;
MARICILIA TEIXEIRA DA COSTA;GABINETE DO SECRETARIO;SECRETARIO DE ESTADO;NAO INFORMADO; CARGO COMISSION.S/VINCULO;28560,00;;28560,00;7364,12;21195,88;
MARILENE INACIO DAMASCENO;DEPTO.DE ADMINIS.E FINANCAS;AUXILIAR DE SERV GERAIS 3A CLASSE;; ESTATUTARIO;2672,55;;2672,55;163,25;2509,30;
MARINETE DOS SANTOS FERREIRA;DEPTO.DE ADMINIS.E FINANCAS;AGENTE ADMINISTRATIVO 3A CLASSE;; ESTATUTARIO;3300,47;;3300,47;245,48;3054,99;
MARLICE CRISTINA RODRIGUES;DEPTO.DE ADMINIS.E FINANCAS;GERENTE;NAO INFORMADO; CARGO COMISSION.S/VINCULO;4709,79;;4709,79;658,51;4051,28;
MARLUCE DO NASCIMENTO SOARES;DEPTO.DE PROTECAO SOC.BASICA;AUX.S.G-II;; ESTATUTARIO;1785,15;;1785,15;175,45;1609,70;
MAYLLA DE MOURA BOREGGIO;DEPTO.DE PROTECAO SOC.ESPECIAL;ASSESSOR II;NAO INFORMADO; CARGO COMISSION.S/VINCULO;4866,77;;4866,77;705,30;4161,47;
MEIRY CONCEICAO DA SILVA;DEPTO.DE ADMINIS.E FINANCAS;AUX.S.G-II;; ESTATUTARIO;2160,15;;2160,15;175,45;1984,70;
MESSIAS LEAL DE MACEDO;DEPTO.DE ADMINIS.E FINANCAS;AUX.S.G-II;; ESTATUTARIO;2506,15;;2506,15;175,45;2330,70;
MICHELLE MACEDO BESSA;SEC.EXECUT.DA ASSIST.SOCIAL;SECRETARIO EXECUTIVO;NAO INFORMADO; CARGO COMISSION.S/VINCULO;12200,00;;12200,00;2865,12;9334,88;
MICHELLE NASCIMENTO SOARES;DEPTO.DE ADMINIS.E FINANCAS;ASSESSOR III;NAO INFORMADO; CARGO COMISSION.S/VINCULO;3691,80;;3691,80;383,88;3307,92;
MIRLEIDE SANTANA DE FREITAS;DEPTO.DE PROTECAO SOC.BASICA;GERENTE;NAO INFORMADO; CARGO COMISSION.S/VINCULO;4709,79;;4709,79;629,29;4080,50;
MONICA SALES MOREIRA DE SOUZA;SEC.EXECUT.DA ASSIST.SOCIAL;GERENTE;NAO INFORMADO; CARGO COMISSION.S/VINCULO;6113,05;;6113,05;1141,68;4971,37;
NEZIA CANUTO DE MOURA;DEPTO.DE PROTECAO SOC.ESPECIAL;AUXILIAR DE SERV GERAIS 1A CLASSE;; ESTATUTARIO;1992,74;;1992,74;165,70;1827,04;
NIXON RICARDO CARDOSO DA FONSECA;DEPTO.DE ADMINIS.E FINANCAS;ASSESSOR I;NAO INFORMADO; CARGO COMISSION.S/VINCULO;7473,03;;7473,03;1408,79;6064,24;
NORMA CORREA;DEPTO.DE ADMINIS.E FINANCAS;TECNICO 3A CLASSE;SUBGERENTE AD 3; ESTATUTARIO;3338,66;;3338,66;437,70;2900,96;
OTILIA ALVES FIGUEIREDO;DEPTO.DE ADMINIS.E FINANCAS;AUX.S.G-II;; ESTATUTARIO;1753,20;;1753,20;175,45;1577,75;
PAULENI VIANA RAMOS;DEPTO.GEST.SIST.UN.ASS.SOCIAL;ASSESSOR I;NAO INFORMADO; CARGO COMISSION.S/VINCULO;4729,77;;4729,77;665,17;4064,60;
RAFAEL DAMASCENO SILVEIRA;GABINETE DO SECRETARIO;ASSESSOR III;NAO INFORMADO; CARGO COMISSION.S/VINCULO;3691,80;;3691,80;383,88;3307,92;
RAIMUNDA ALMEIDA DO NASCIMENTO;PESSOAL PROC.DE APOSENTADORIA;TNS-I;; ESTATUTARIO;3677,32;;3677,32;634,40;3042,92;
RAIMUNDA CRISPIM DE MATOS;DEPTO.DE ADMINIS.E FINANCAS;AUX.S.G-II;; ESTATUTARIO;2506,15;;2506,15;175,45;2330,70;
RAIMUNDA DORVALINA R CONCEICAO;SEC.EXECUT.DA ASSIST.SOCIAL;AUX.S.G-II;; ESTATUTARIO;2355,15;;2355,15;175,45;2179,70;
RAIMUNDA MONTEIRO DOS SANTOS;DEPTO.DE PROTECAO SOC.BASICA;MONITOR 2A CLASSE;; ESTATUTARIO;1867,67;;1867,67;191,47;1676,20;
RAIMUNDO JOSE DA SILVA PRADO;DEPTO.DE ADMINIS.E FINANCAS;MOT-I;; ESTATUTARIO;3737,39;;3737,39;322,14;3415,25;
RAIMUNDO NONATO FERNANDES FILHO;DEPTO.DE ADMINIS.E FINANCAS;MOT-I;SUBGERENTE; ESTATUTARIO;3952,51;;3952,51;353,37;3599,14;
RAMON DA SILVA CAVALCANTE;DEPTO.DE ADMINIS.E FINANCAS;ASSESSOR II;NAO INFORMADO; CARGO COMISSION.S/VINCULO;7064,67;;7064,67;1384,16;5680,51;
RAPHAEL CAVALCANTE MONTEIRO;ASSESSORIA JURIDICA;ASSESSOR II;NAO INFORMADO; CARGO COMISSION.S/VINCULO;4709,79;;4709,79;658,51;4051,28;
RAQUEL BAMOND REIS;SEC.EXECUT.DA ASSIST.SOCIAL;GERENTE;NAO INFORMADO; CARGO COMISSION.S/VINCULO;4709,79;;4709,79;629,29;4080,50;
REGINALDO ETELVINO LIMA DA SILVA;DEPTO.DE ADMINIS.E FINANCAS;A.TEC-II;; ESTATUTARIO;4141,46;;4141,46;365,41;3776,05;
REJANE SOLANGE ALVES MENEZES;ASSESSORIA DE PLANEJAMENTO;TNS-I;ASSESSOR II; ESTATUTARIO;5725,18;;5725,18;934,30;4790,88;
RELUCY SHARON ABRAHAO DA CRUZ;DEPTO.DE ADMINIS.E FINANCAS;SUBGERENTE;NAO INFORMADO; CARGO COMISSION.S/VINCULO;3691,80;;3691,80;383,88;3307,92;
RENATA MACIEL SEABRA;ASSESSORIA JURIDICA;ASSESSOR III;NAO INFORMADO; CARGO COMISSION.S/VINCULO;8860,30;;8860,30;1754,21;7106,09;
RICARDO GUERRA LOPES;DEPTO.DE ADMINIS.E FINANCAS;AUX.S.G-II;; ESTATUTARIO;2718,15;;2718,15;185,85;2532,30;
ROSANI SILVA BELEM;ASSESSORIA DE PLANEJAMENTO;A.TEC-II;; ESTATUTARIO;2631,46;;2631,46;204,69;2426,77;
SALOME AMARAL COELHO;DEPTO.DE PROTECAO SOC.BASICA;TNS-I;; ESTATUTARIO;4073,69;;4073,69;606,53;3467,16;
SANDRA MAQUINE MACIEL;DEPTO.DE ADMINIS.E FINANCAS;AGENTE ADMINISTRATIVO 4A CLASSE;; ESTATUTARIO;4095,02;;4095,02;347,20;3747,82;
SANDYE ZURRA GARCEZ;SEC.EX.ADJ.POL.ASSIST.SOCIAL;ASSESSOR II;NAO INFORMADO; CARGO COMISSION.S/VINCULO;4709,79;;4709,79;658,51;4051,28;
SARA DA SILVA SALES;GABINETE DO SECRETARIO;ASSESSOR II;NAO INFORMADO; CARGO COMISSION.S/VINCULO;4709,79;;4709,79;658,51;4051,28;
SELMA DEANE DE LIMA MELO;DEPTO.DE DESENV.POL.ASS.SOCIAL;CHEFE DE DEPARTAMENTO;NAO INFORMADO; CARGO COMISSION.S/VINCULO;5729,77;;5729,77;998,67;4731,10;
SEVERINA PERES DE AREVALO;DEPTO.DE ADMINIS.E FINANCAS;AUX.ADM-I;; ESTATUTARIO;2130,69;;2130,69;200,26;1930,43;
SIDNEY ROQUE CAVALCANTE;DEPTO.DE PROTECAO SOC.BASICA;A.TEC-I;; ESTATUTARIO;2129,34;;2129,34;219,73;1909,61;
SILVANA COMPTON BARROSO;SEC.EXECUT.DA ASSIST.SOCIAL;ASSESSOR I;NAO INFORMADO; CARGO COMISSION.S/VINCULO;5729,77;;5729,77;998,67;4731,10;
SKATHI LIANE CRUZ DA SILVA;DEPTO.DE PROTECAO SOC.BASICA;A.TEC-I;; ESTATUTARIO;2594,01;;2594,01;222,18;2371,83;
SOCORRO AUXILIADORA DE N G ANDRADE;DEPTO.DE PROTECAO SOC.BASICA;ASSESSOR III;NAO INFORMADO; CARGO COMISSION.S/VINCULO;3691,80;;3691,80;383,88;3307,92;
SONIA COUTO BALBI;SEC.EXECUT.DA ASSIST.SOCIAL;AGENTE ADM.-AGA-T.S.N.A.-G;CHEFE DE GABINETE; ESTATUTARIO;6164,45;;6164,45;4512,98;1651,47;
SONY MARCOS NOGUEIRA DUARTE;DEPTO.DE PROTECAO SOC.ESPECIAL;AUX.S.G-II;; ESTATUTARIO;2393,07;;2393,07;175,45;2217,62;
SUELY DA SILVA TEIXEIRA;DEPTO.DE ADMINIS.E FINANCAS;A.TEC-I;; ESTATUTARIO;4558,18;;4558,18;459,44;4098,74;
SUELY DE CASTRO NUNES;DEPTO.DE ADMINIS.E FINANCAS;ASSISTENTE TECNICO 1A CLASSE;; ESTATUTARIO;4422,37;;4422,37;410,49;4011,88;
TANIA CECILIA DA SILVA BRANDAO;ASSESSORIA DE COMUNIC.SOCIAL;ASSESSOR II;NAO INFORMADO; CARGO COMISSION.S/VINCULO;4709,79;;4709,79;658,51;4051,28;
TANIA REGINA ALMEIDA DOS SANTOS;DEPTO.DE DESENV.POL.ASS.SOCIAL;GERENTE;NAO INFORMADO; CARGO COMISSION.S/VINCULO;4709,79;;4709,79;658,51;4051,28;
TAYNA MOTA RODRIGUES;DEPTO.DE PROTECAO SOC.ESPECIAL;GERENTE;NAO INFORMADO; CARGO COMISSION.S/VINCULO;4709,79;;4709,79;658,51;4051,28;
TERESA NEUMA NOGUEIRA MARTINIANO;PESSOAL PROC.DE APOSENTADORIA;A.TEC-I;; ESTATUTARIO;2468,77;;2468,77;252,92;2215,85;
TEREZA CELESTE FREIRE DE M PANGAIO;SEC.EX.ADJ.POL.ASSIST.SOCIAL;ASSESSOR II;NAO INFORMADO; CARGO COMISSION.S/VINCULO;4866,77;;4866,77;705,30;4161,47;
THAYS DE QUEIROZ OLIVEIRA;SEC.EXECUT.DA ASSIST.SOCIAL;ASSESSOR III;NAO INFORMADO; CARGO COMISSION.S/VINCULO;3691,80;;3691,80;383,88;3307,92;
VALDERES VIEIRA DE SOUZA;DEPTO.DE ADMINIS.E FINANCAS;ASSESSOR II;NAO INFORMADO; CARGO COMISSION.S/VINCULO;3709,79;;3709,79;368,89;3340,90;
VANESSA ANDRADE BARROSO;SEC.EXECUT.DA ASSIST.SOCIAL;ASSESSOR II;NAO INFORMADO; CARGO COMISSION.S/VINCULO;4709,79;;4709,79;629,29;4080,50;
VANIA MARIA BESSA BARROS;DEPTO.DE PROTECAO SOC.BASICA;A.SOC-II;; ESTATUTARIO;4084,66;;4084,66;535,63;3549,03;
VERA DA COSTA SERRAO;DEPTO.DE PROTECAO SOC.BASICA;ASSISTENTE TECNICO 3A CLASSE;; ESTATUTARIO;3402,57;;3402,57;264,74;3137,83;
VICENTE MAJELA PONTES RAPOSO;DEPTO.DE ADMINIS.E FINANCAS;AGENTE ADMINISTRATIVO 1A CLASSE;; ESTATUTARIO;4296,47;;4296,47;378,47;3918,00;
VICTORIA ADELE MORIZ SCHWAMBORN;DEPTO.DE PROTECAO SOC.ESPECIAL;ASSESSOR II;NAO INFORMADO; CARGO COMISSION.S/VINCULO;4866,77;;4866,77;705,30;4161,47;
VITORIA DE ANDRADE LIMA;DEPTO.DE PROTECAO SOC.BASICA;ASSESSOR III;NAO INFORMADO; CARGO COMISSION.S/VINCULO;3091,80;;3091,80;266,78;2825,02;
WALKISON PINHEIRO SOARES;DEPTO.DE ADMINIS.E FINANCAS;AUX.S.G-II;GERENTE; ESTATUTARIO;5210,15;;5210,15;559,63;4650,52;
ZINA GRANGEIRO PINHEIRO;DEPTO.DE PROTECAO SOC.BASICA;AUX.S.G-II;; ESTATUTARIO;2499,11;;2499,11;173,71;2325,40;
