NOME;LOTACAO;CARGO;FUNCAO;VINCULO;REMUNERACAO LEGAL TOTAL(R$);DESC.TETO(R$); REMUNERACAO LEGAL DEVIDA(R$);DESCONTOS LEGAIS(R$);LIQUIDO DISPONIVEL(R$);
ACRISIO ZIK UCHOA;DEPTO.DE ADMINIS.E FINANCAS;AUXILIAR DE SERV GERAIS 3A CLASSE;; ESTATUTARIO;3437,09;;3437,09;194,87;3242,22;
ADRIANA CELINA SERRAO RODRIGUES;DEPTO.DE ADMINIS.E FINANCAS;A.TEC-II;GERENTE AD-2; ESTATUTARIO;4185,32;;4185,32;328,12;3857,20;
ADRIANA DA SILVA GOMES;DEPTO.DE PROTECAO SOC.BASICA;SUBGERENTE;NAO INFORMADO; CARGO COMISSION.S/VINCULO;3691,80;;3691,80;383,88;3307,92;
ADRIANA SANTOS PELLIN;DEPTO.DE PROTECAO SOC.ESPECIAL;SUBGERENTE;NAO INFORMADO; CARGO COMISSION.S/VINCULO;4755,73;;4755,73;673,83;4081,90;
AIRTON LUIS DA SILVA VEIGA FILHO;SEC.EXECUT.DA ASSIST.SOCIAL;ASSESSOR III;NAO INFORMADO; CARGO COMISSION.S/VINCULO;3691,80;;3691,80;383,88;3307,92;
ALBERTO FERREIRA LIMA NETO;DEPTO.DE ADMINIS.E FINANCAS;ASSESSOR IV;NAO INFORMADO; CARGO COMISSION.S/VINCULO;3675,61;;3675,61;379,53;3296,08;
ALBERTO HIPOCRATES E MELLO;DEPTO.DE ADMINIS.E FINANCAS;AUX.S.G-I;; ESTATUTARIO;4126,75;;4126,75;281,51;3845,24;
ALCINEIDE MAQUINE DA SILVA;DEPTO.DE ADMINIS.E FINANCAS;AUX.S.G-II;; ESTATUTARIO;2401,75;;2401,75;138,81;2262,94;
ALDENORA SERRAO ALVES;ASSESSORIA DE PLANEJAMENTO;ASSISTENTE TECNICO 3A CLASSE;; ESTATUTARIO;3755,18;;3755,18;337,18;3418,00;
ALISON FERREIRA BATISTA;SEC.EXECUT.DA ASSIST.SOCIAL;ASSESSOR II;NAO INFORMADO; CARGO COMISSION.S/VINCULO;3610,67;;3610,67;393,49;3217,18;
ANA CLAUDIA PEREIRA DE SOUZA;DEPTO.DE ADMINIS.E FINANCAS;ASSISTENTE TECNICO 1A CLASSE;; ESTATUTARIO;4375,59;;4375,59;365,38;4010,21;
ANA CLAUDIA SOARES DA ROCHA;DEPTO.DE DESENV.POL.ASS.SOCIAL;ASSESSOR I;NAO INFORMADO; CARGO COMISSION.S/VINCULO;5729,77;;5729,77;998,67;4731,10;
ANA FLAVIA MACEDO DA SILVA;GABINETE DO SECRETARIO;ASSESSOR II;NAO INFORMADO; CARGO COMISSION.S/VINCULO;3610,67;;3610,67;393,49;3217,18;
ANA LUCIA DE SIQUEIRA MOREIRA;DEPTO.DE ADMINIS.E FINANCAS;ASSISTENTE TECNICO 1A CLASSE;; ESTATUTARIO;3878,08;;3878,08;365,96;3512,12;
ANA LUIZA BORGES COELHO CARDOSO;ASSESSORIA JURIDICA;ASSESSOR I;NAO INFORMADO; CARGO COMISSION.S/VINCULO;4729,77;;4729,77;665,17;4064,60;
ANA MARIA BEZERRA NUNES;DEPTO.DE PROTECAO SOC.ESPECIAL;ASSISTENTE TECNICO 2A CLASSE;; ESTATUTARIO;4377,76;;4377,76;365,88;4011,88;
ANA MARIA MARTINS SIMOES;DEPTO.DE PROTECAO SOC.BASICA;MONITOR 2A CLASSE;; ESTATUTARIO;1914,06;;1914,06;151,41;1762,65;
ANA MARIA PIMENTEL DA SILVA;DEPTO.DE PROTECAO SOC.BASICA;AUX.S.G-II;; ESTATUTARIO;1790,80;;1790,80;137,85;1652,95;
ANA PAULA ANDRADE ANGIOLE;DEPTO.DE PROTECAO SOC.ESPECIAL;GERENTE;NAO INFORMADO; CARGO COMISSION.S/VINCULO;4709,79;;4709,79;591,53;4118,26;
ANALIA MOTA NASCIMENTO SAMPAIO;DEPTO.DE PROTECAO SOC.BASICA;ASSESSOR II;NAO INFORMADO; CARGO COMISSION.S/VINCULO;4709,79;;4709,79;629,29;4080,50;
ANDERSON MARQUES RAMPASO;DEPTO.DE ADMINIS.E FINANCAS;GERENTE;GERENTE AD 2; CARGO COMISSION.S/VINCULO;6113,05;;6113,05;891,37;5221,68;
ANDRE ALEXANDRE DE LIMA RIBEIRO;DEPTO.DE ADMINIS.E FINANCAS;ASSESSOR I;NAO INFORMADO; CARGO COMISSION.S/VINCULO;5729,77;;5729,77;956,01;4773,76;
ANDREA DE CASSIA LIRA DA SILVA;DEPTO.DE ADMINIS.E FINANCAS;AUX.S.G-II;AUX. SERVICOS GERAIS; ESTATUTARIO;1777,27;;1777,27;133,80;1643,47;
ANDREA HONORATO PINHEIRO;DEPTO.DE ADMINIS.E FINANCAS;ASSESSOR III;NAO INFORMADO; CARGO COMISSION.S/VINCULO;3691,80;;3691,80;383,88;3307,92;
ANGELA JACIARA MERGUEIRO DE MATOS;DEPTO.DE ADMINIS.E FINANCAS;AUX.S.G-II;; ESTATUTARIO;3453,75;;3453,75;203,42;3250,33;
ANNA BERNADETH OLIVEIRA MONIZ;DEPTO.DE ADMINIS.E FINANCAS;A.TEC-I;; ESTATUTARIO;4291,76;;4291,76;360,71;3931,05;
ANTONIA CLEONILDE ARAUJO DOS SANTOS;DEPTO.DE PROTECAO SOC.BASICA;AUX.S.G-II;; ESTATUTARIO;1822,75;;1822,75;137,85;1684,90;
ANTONIO GERALDO PICANCO;DEPTO.DE ADMINIS.E FINANCAS;MOT-I;SUB.GERENTE AD-3; ESTATUTARIO;2288,48;;2288,48;171,90;2116,58;
ANTONIO RAYNON LOPES FELICIANO;ASSESSORIA JURIDICA;ASSESSOR II;NAO INFORMADO; CARGO COMISSION.S/VINCULO;4709,79;;4709,79;629,29;4080,50;
ANTÔNIA JANAÍNA SOUZA DE FRANÇA;DEPTO.DE ADMINIS.E FINANCAS;ASSESSOR III;NAO INFORMADO; CARGO COMISSION.S/VINCULO;3691,80;;3691,80;383,88;3307,92;
ARIDAN NONATA COUTO RAMOS;ASSESSORIA DE PLANEJAMENTO;AUX.S.G-II;; ESTATUTARIO;4062,76;;4062,76;291,92;3770,84;
ARIOMAR TAVARES DE SOUZA;DEPTO.DE ADMINIS.E FINANCAS;A.TEC-I;; ESTATUTARIO;2864,17;;2864,17;163,85;2700,32;
ARLEIDE CAVALCANTE FERNANDES;DEPTO.DE ADMINIS.E FINANCAS;ASSESSOR II;NAO INFORMADO; CARGO COMISSION.S/VINCULO;4709,79;;4709,79;600,85;4108,94;
ARTEMIZA ANDRADE BARBOSA;DEPTO.DE ADMINIS.E FINANCAS;AUX.S.G-II;; ESTATUTARIO;2746,12;;2746,12;121,05;2625,07;
ASSUNCAO PEREIRA DE OLIVEIRA;SEC.EXECUT.DA ASSIST.SOCIAL;ASSESSOR I;NAO INFORMADO; CARGO COMISSION.S/VINCULO;3625,99;;3625,99;397,60;3228,39;
BENEDITA MORENO BORGES;DEPTO.DE ADMINIS.E FINANCAS;AUXILIAR DE SERV GERAIS 3A CLASSE;; ESTATUTARIO;2149,53;;2149,53;128,27;2021,26;
BRUNA BEATRIZ ANDRADE CRUZ;SEC.EXECUT.DA ASSIST.SOCIAL;ASSESSOR III;NAO INFORMADO; CARGO COMISSION.S/VINCULO;2830,22;;2830,22;239,85;2590,37;
CAMILLA PARKEI COELHO MARTINS;DEPTO.DE PROTECAO SOC.BASICA;SUBGERENTE;NAO INFORMADO; CARGO COMISSION.S/VINCULO;3691,80;;3691,80;383,88;3307,92;
CARLOS ALBERTO KITZINGER DE SOUZA;DEPTO.DE ADMINIS.E FINANCAS;MOT-II;; ESTATUTARIO;3697,60;;3697,60;212,76;3484,84;
CAROLINA FREITAS DE CASTRO PAIVA;DEPTO.DE PROTECAO SOC.ESPECIAL;ASSESSOR II;NAO INFORMADO; CARGO COMISSION.S/VINCULO;4709,79;;4709,79;619,97;4089,82;
CELESTE BENTES SANTANA;DEPTO.DE ADMINIS.E FINANCAS;A.TEC-I;ASSESSOR I; ESTATUTARIO;4287,17;;4287,17;317,78;3969,39;
CIBELE FREITAS DE AQUINO;DEPTO.DE PROTECAO SOC.BASICA;DIRETOR DE UNIDADE AD-1;NAO INFORMADO; CARGO COMISSION.S/VINCULO;4729,77;;4729,77;634,66;4095,11;
CLAUDETE LEAO IVO MOYSES;DEPTO.DE ADMINIS.E FINANCAS;A.SOC-I;; ESTATUTARIO;5684,49;;5684,49;849,39;4835,10;
CLAUDIANE CRISTINA CANTUÁRIA ARA JO;SEC.EX.ADJ.POL.ASSIST.SOCIAL;ASSESSOR II;NAO INFORMADO; CARGO COMISSION.S/VINCULO;4209,79;;4209,79;629,29;3580,50;
COSME MIGUEL DA SILVA ALMEIDA;SEC.EXECUT.DA ASSIST.SOCIAL;ASSESSOR II;NAO INFORMADO; CARGO COMISSION.S/VINCULO;3709,79;;3709,79;388,72;3321,07;
CRISTIANY COSTA CARVALHO;SEC.EXECUT.DA ASSIST.SOCIAL;ASSESSOR I;NAO INFORMADO; CARGO COMISSION.S/VINCULO;4729,77;;4729,77;665,17;4064,60;
DANIELA AQUINO SOUZA;DEPTO.DE ADMINIS.E FINANCAS;ASSESSOR II;NAO INFORMADO; CARGO COMISSION.S/VINCULO;4709,79;;4709,79;658,51;4051,28;
DANIELLE DA SILVA BARBOSA;DEPTO.GEST.SIST.UN.ASS.SOCIAL;ASSESSOR II;NAO INFORMADO; CARGO COMISSION.S/VINCULO;4709,79;;4709,79;658,51;4051,28;
DARCY RAMOS DE AMORIM;DEPTO.DE PROTECAO SOC.ESPECIAL;ASSESSOR II;NAO INFORMADO; CARGO COMISSION.S/VINCULO;4709,79;;4709,79;658,51;4051,28;
DARLAN MARCELO DA COSTA PIMENTEL;DEPTO.DE PROTECAO SOC.ESPECIAL;A.TEC-I;; ESTATUTARIO;3243,42;;3243,42;217,38;3026,04;
DARLEANE SABINO RAMOS;DEPTO.DE ADMINIS.E FINANCAS;SUBGERENTE;NAO INFORMADO; CARGO COMISSION.S/VINCULO;3691,80;;3691,80;383,88;3307,92;
DEBORA APARECIDA ARAUJO GALLI;ASSESSORIA DE PLANEJAMENTO;GERENTE;NAO INFORMADO; CARGO COMISSION.S/VINCULO;4709,79;;4709,79;629,29;4080,50;
DELMARINA NASCIMENTO DA SILVEIRA;DEPTO.DE ADMINIS.E FINANCAS;ASSISTENTE TECNICO 3A CLASSE;CH.SEC.ADM.CEAS AD-2; ESTATUTARIO;4321,05;;4321,05;339,30;3981,75;
DENIS PINTO DE JESUS;DEPTO.DE PROTECAO SOC.BASICA;AUX.S.G-II;; ESTATUTARIO;1972,75;;1972,75;137,85;1834,90;
DEUSA DE SOUZA SALGADO;PESSOAL PROC.DE APOSENTADORIA;A.TEC-I;; ESTATUTARIO;1690,44;;1690,44;180,53;1509,91;
DIEGO MENEZES PORTELA DE OLIVEIRA;DEPTO.DE ADMINIS.E FINANCAS;ASSESSOR III;NAO INFORMADO; CARGO COMISSION.S/VINCULO;3691,80;;3691,80;383,88;3307,92;
EDCARLOS ALVES DA SILVA;SEC.EXECUT.DA ASSIST.SOCIAL;SUBGERENTE;NAO INFORMADO; CARGO COMISSION.S/VINCULO;3691,80;;3691,80;365,21;3326,59;
EDGEFFERSON LIMA DA SILVA;SEC.EX.ADJ.POL.ASSIST.SOCIAL;ASSESSOR II;NAO INFORMADO; CARGO COMISSION.S/VINCULO;4709,79;;4709,79;658,51;4051,28;
EDIANNE FRANCYNE AMORIM MARQUES;DEPTO.DE PROTECAO SOC.ESPECIAL;ASSESSOR II;NAO INFORMADO; CARGO COMISSION.S/VINCULO;3709,79;;3709,79;388,72;3321,07;
EDILEUZA DE LIMA FROES OLIVEIRA;DEPTO.DE ADMINIS.E FINANCAS;A.TEC-I;; ESTATUTARIO;2301,98;;2301,98;172,64;2129,34;
EDIMARA TRAVASSOS DE ANDRADE;DEPTO.DE PROTECAO SOC.BASICA;GERENTE;NAO INFORMADO; CARGO COMISSION.S/VINCULO;4709,79;;4709,79;629,29;4080,50;
EDNELZA DE SOUZA PEREIRA;DEPTO.DE ADMINIS.E FINANCAS;A.TEC-II;; ESTATUTARIO;3076,62;;3076,62;217,76;2858,86;
ELIANA PAIXAO DE SOUZA;DEPTO.DE PROTECAO SOC.BASICA;AGENTE ADMINISTRATIVO 1A CLASSE;; ESTATUTARIO;3257,01;;3257,01;203,83;3053,18;
ELIANA RAPOSO BARRETO;DEPTO.DE PROTECAO SOC.ESPECIAL;AGENTE ADMINISTRATIVO 2A CLASSE;; ESTATUTARIO;2024,18;;2024,18;151,41;1872,77;
ELIANE ALVES CARDOSO;DEPTO.DE PROTECAO SOC.BASICA;ASSESSOR III;NAO INFORMADO; CARGO COMISSION.S/VINCULO;3691,80;;3691,80;365,21;3326,59;
ELIANO NASCIMENTO DE OLIVEIRA;DEPTO.DE PROTECAO SOC.BASICA;VIGIA-II;; ESTATUTARIO;1790,80;;1790,80;137,85;1652,95;
ELIEZER PEDRO XAVIER;SEC.EXECUT.DA ASSIST.SOCIAL;ASSESSOR II;NAO INFORMADO; CARGO COMISSION.S/VINCULO;4709,79;;4709,79;534,57;4175,22;
ELISANGELA DE SOUZA FERNANDES;DEPTO.DE ADMINIS.E FINANCAS;A.TEC-II;SUBGERENTE; ESTATUTARIO;4379,32;;4379,32;357,22;4022,10;
EMILY DUARTE ALBUQUERQUE;SEC.EXECUT.DA ASSIST.SOCIAL;ASSESSOR III;NAO INFORMADO; CARGO COMISSION.S/VINCULO;2830,22;;2830,22;239,85;2590,37;
ERICKA CHRISTIANE DE SOUZA OLIVEIRA;DEPTO.GEST.SIST.UN.ASS.SOCIAL;GERENTE;NAO INFORMADO; CARGO COMISSION.S/VINCULO;4709,79;;4709,79;658,51;4051,28;
ERIKA BERNARDES DIAS;GABINETE DO SECRETARIO;ASSESSOR III;NAO INFORMADO; CARGO COMISSION.S/VINCULO;3691,80;;3691,80;365,21;3326,59;
ERIKSON CASTRO DE OLIVEIRA;DEPTO.DE ADMINIS.E FINANCAS;SUBGERENTE;NAO INFORMADO; CARGO COMISSION.S/VINCULO;3691,80;;3691,80;365,21;3326,59;
ETORI ELIAS PERDIGAO LIMA;SEC.EXECUT.DA ASSIST.SOCIAL;ASSESSOR II;NAO INFORMADO; CARGO COMISSION.S/VINCULO;4709,79;;4709,79;572,41;4137,38;
EUNICE ALVES DE LIMA;DEPTO.DE PROTECAO SOC.BASICA;AUX.S.G-II;; ESTATUTARIO;2197,75;;2197,75;137,85;2059,90;
EVELYN ROSA SANTOS DE ALBUQUERQUE;DEPTO.GEST.SIST.UN.ASS.SOCIAL;ASSESSOR II;NAO INFORMADO; CARGO COMISSION.S/VINCULO;4709,79;;4709,79;629,29;4080,50;
FABIO MARREIROS DA SILVA;SEC.EXECUT.DA ASSIST.SOCIAL;ASSESSOR I;NAO INFORMADO; CARGO COMISSION.S/VINCULO;4392,66;;4392,66;603,84;3788,82;
FABIOLA LOPES DE AMORIM;SEC.EXECUT.DA ASSIST.SOCIAL;ASSESSOR III;NAO INFORMADO; CARGO COMISSION.S/VINCULO;3691,80;;3691,80;315,93;3375,87;
FABRIZZIO PABLO COSTA C BRANCO;SEC.EXECUT.DA ASSIST.SOCIAL;ASSESSOR I;NAO INFORMADO; CARGO COMISSION.S/VINCULO;4729,77;;4729,77;665,17;4064,60;
FERNANDA RAMOS PEREIRA;GABINETE DO SECRETARIO;SECRETARIO EXECUTIVO ADJUNTO;NAO INFORMADO; CARGO COMISSION.S/VINCULO;9500,00;;9500,00;2122,62;7377,38;
FIDENCIO SOARES TAVEIRA;DEPTO.DE PROTECAO SOC.BASICA;VIGIA-II;; ESTATUTARIO;2197,75;;2197,75;137,85;2059,90;
FLAVIA PEDRINA SANTANA RAMOS;DEPTO.DE ADMINIS.E FINANCAS;ASSESSOR III;NAO INFORMADO; CARGO COMISSION.S/VINCULO;3798,19;;3798,19;412,51;3385,68;
FRANCISCA RAIZIMAR DE O ZURRA;GABINETE DO SECRETARIO;ASSESSOR II;NAO INFORMADO; CARGO COMISSION.S/VINCULO;6113,05;;6113,05;1089,54;5023,51;
FRANCISCA VIEIRA DE LIMA;DEPTO.DE PROTECAO SOC.BASICA;AUXILIAR DE SERV GERAIS 1A CLASSE;; ESTATUTARIO;2149,53;;2149,53;128,27;2021,26;
FRANCISCO DE ALMEIDA MIRANDA;DEPTO.DE ADMINIS.E FINANCAS;AUX.S.G-II;; ESTATUTARIO;2543,75;;2543,75;137,85;2405,90;
FRANCISCO MAIA DE FREITAS;DEPTO.DE ADMINIS.E FINANCAS;MOTORISTA 3A CLASSE;; ESTATUTARIO;3621,73;;3621,73;214,02;3407,71;
GABRIELLE CARDOSO DA CRUZ;SEC.EXECUT.DA ASSIST.SOCIAL;ASSESSOR II;NAO INFORMADO; CARGO COMISSION.S/VINCULO;3610,67;;3610,67;393,49;3217,18;
GELCIMAR LOPES DA COSTA;DEPTO.DE PROTECAO SOC.BASICA;AUX.S.G-II;; ESTATUTARIO;1790,80;;1790,80;137,85;1652,95;
GEORGIA ISABELA PORTELA ARAUJO;SEC.EXECUT.DA ASSIST.SOCIAL;ASSESSOR I;NAO INFORMADO; CARGO COMISSION.S/VINCULO;5729,77;;5729,77;998,67;4731,10;
GERFICA DE NAZARE SILVA NEVES;SEC.EXECUT.DA ASSIST.SOCIAL;ASSESSOR III;NAO INFORMADO; CARGO COMISSION.S/VINCULO;2830,22;;2830,22;239,85;2590,37;
GILDO GOMES DA GAMA;DEPTO.DE ADMINIS.E FINANCAS;VIGIA-II;; ESTATUTARIO;2392,75;;2392,75;137,85;2254,90;
GISELLE MEDEIROS PIGNOLATI BRASIL;DEPTO.DE PLANEJAMENTO E GESTAO;CHEFE DE DEPARTAMENTO;NAO INFORMADO; CARGO COMISSION.S/VINCULO;5729,77;;5729,77;913,36;4816,41;
GISELLE MICHELLE MOREIRA CRUZ;ASSESSORIA JURIDICA;ASSESSOR III;NAO INFORMADO; CARGO COMISSION.S/VINCULO;3691,80;;3691,80;383,88;3307,92;
GIULIANA FERREIRA DE LEMOS;DEPTO.DE ADMINIS.E FINANCAS;A.TEC-II;; ESTATUTARIO;4071,14;;4071,14;311,00;3760,14;
GRACINETE FILIZOLA ANDRADE COELHO;DEPTO.DE PROTECAO SOC.BASICA;ASSESSOR II;NAO INFORMADO; CARGO COMISSION.S/VINCULO;4709,79;;4709,79;600,85;4108,94;
HELIO FLAVIO REIS PONTES;DEPTO.DE ADMINIS.E FINANCAS;AUX.S.G-II;; ESTATUTARIO;4053,75;;4053,75;205,76;3847,99;
HERMILA MARIA GARCIA DE SOUSA;DEPTO.DE PROTECAO SOC.BASICA;GERENTE;NAO INFORMADO; CARGO COMISSION.S/VINCULO;4709,79;;4709,79;591,53;4118,26;
HILDALEA CASTRO DOS REIS;SEC.EXECUT.DA ASSIST.SOCIAL;A.TEC-III;; ESTATUTARIO;1932,83;;1932,83;153,02;1779,81;
IDELFONSO CORNELIO BRAZ;DEPTO.DE ADMINIS.E FINANCAS;AUX.S.G-II;; ESTATUTARIO;1778,96;;1778,96;139,77;1639,19;
INGRID BATISTA DE CASTRO;SEC.EXECUT.DA ASSIST.SOCIAL;ASSESSOR I;NAO INFORMADO; CARGO COMISSION.S/VINCULO;5729,77;;5729,77;998,67;4731,10;
IRAILDES MUNIZ DE LIMA;ASSESSORIA DE COMUNIC.SOCIAL;ASSESSOR II;NAO INFORMADO; CARGO COMISSION.S/VINCULO;6113,05;;6113,05;1141,68;4971,37;
ISABEL CRISTINA ALENCAR DE LIMA;SEC.EX.ADJ.POL.ASSIST.SOCIAL;AUX.S.G-II;; ESTATUTARIO;3011,13;;3011,13;145,08;2866,05;
ITALA PATRICIA COUTINHO C RODRIGUES;DEPTO.DE PROTECAO SOC.BASICA;DIRETOR DE UNIDADE AD-1;NAO INFORMADO; CARGO COMISSION.S/VINCULO;4729,77;;4729,77;665,17;4064,60;
IZABEL CRISTINA NEVES DA COSTA;DEPTO.DE ADMINIS.E FINANCAS;ASSESSOR III;NAO INFORMADO; CARGO COMISSION.S/VINCULO;3691,80;;3691,80;358,59;3333,21;
JANIELY LOYANA CORREIA DE MENEZES;DEPTO.DE PROTECAO SOC.BASICA;ASSESSOR II;NAO INFORMADO; CARGO COMISSION.S/VINCULO;4709,79;;4709,79;591,53;4118,26;
JANILCE FATIN CASTRO FERNANDES;DEPTO.DE PROTECAO SOC.BASICA;ASSESSOR II;NAO INFORMADO; CARGO COMISSION.S/VINCULO;6113,05;;6113,05;1089,54;5023,51;
JANILSE TRINDADE DO NASCIMENTO;SEC.EX.ADJ.POL.ASSIST.SOCIAL;ASSESSOR II;NAO INFORMADO; CARGO COMISSION.S/VINCULO;4709,79;;4709,79;658,51;4051,28;
JARDAS LIMA SOLANO;DEPTO.DE ADMINIS.E FINANCAS;A.TEC-II;; ESTATUTARIO;4424,45;;4424,45;329,24;4095,21;
JEFFERSON MAGNO SILVA DOS SANTOS;GABINETE DO SECRETARIO;ASSESSOR II;NAO INFORMADO; CARGO COMISSION.S/VINCULO;4709,79;;4709,79;629,29;4080,50;
JOANA VIEIRA DA SILVA;DEPTO.DE ADMINIS.E FINANCAS;AGENTE ADMINISTRATIVO 1A CLASSE;; ESTATUTARIO;4315,05;;4315,05;351,20;3963,85;
JOAO DE SOUZA BEZERRA;DEPTO.DE ADMINIS.E FINANCAS;AUX.S.G-I;; ESTATUTARIO;2279,76;;2279,76;150,18;2129,58;
JOAO EDUARDO RODRIGUES NASCIMENTO;DEPTO.DE PROTECAO SOC.BASICA;ASSESSOR III;NAO INFORMADO; CARGO COMISSION.S/VINCULO;3691,80;;3691,80;383,88;3307,92;
JOAO LUIZ LEITE DE FRANCA;DEPTO.DE ADMINIS.E FINANCAS;AUX.S.G-I;; ESTATUTARIO;3517,75;;3517,75;217,81;3299,94;
JOAQUINA DA SILVA MATIAS;DEPTO.DE ADMINIS.E FINANCAS;AGENTE ADMINISTRATIVO 3A CLASSE;; ESTATUTARIO;2043,04;;2043,04;138,44;1904,60;
JOHN ELYSTON DE SOUZA ALTMANN;ASSESSORIA JURIDICA;ASSESSOR I;NAO INFORMADO; CARGO COMISSION.S/VINCULO;5729,77;;5729,77;913,36;4816,41;
JORGE LUIZ JOSEPH;DEPTO.DE ADMINIS.E FINANCAS;A.TEC-II;; ESTATUTARIO;2320,62;;2320,62;120,14;2200,48;
JOSE EDUARDO GOMES DA SILVA;DEPTO.DE ADMINIS.E FINANCAS;AUX.S.G-II;; ESTATUTARIO;2197,75;;2197,75;137,85;2059,90;
JOSE ELIAS REIS DOS SANTOS;DEPTO.DE ADMINIS.E FINANCAS;AUXILIAR DE SERV GERAIS 2A CLASSE;; ESTATUTARIO;2504,53;;2504,53;93,12;2411,41;
JOSE MARIA DE OLIVEIRA;DEPTO.DE ADMINIS.E FINANCAS;AUX.S.G-I;; ESTATUTARIO;2712,05;;2712,05;127,25;2584,80;
JOSE RAIMUNDO BRANDAO MOTA;DEPTO.DE ADMINIS.E FINANCAS;ASSISTENTE TECNICO 2A CLASSE;SUBGERENTE; ESTATUTARIO;4552,03;;4552,03;400,82;4151,21;
JOSE SIDNEY REZENDE DE OLIVEIRA;SEC.EXECUT.DA ASSIST.SOCIAL;ASSESSOR III;NAO INFORMADO; CARGO COMISSION.S/VINCULO;2830,22;;2830,22;239,85;2590,37;
JOSIMAR ANJOS DE SOUZA;DEPTO.DE ADMINIS.E FINANCAS;VIGIA-II;; ESTATUTARIO;2192,75;;2192,75;137,85;2054,90;
JULIANA KETLEN CAVALCANTE L SABOIA;DEPTO.DE PROTECAO SOC.BASICA;ASSESSOR III;NAO INFORMADO; CARGO COMISSION.S/VINCULO;4755,73;;4755,73;641,64;4114,09;
JULY ANNE DE MOURA LINHARES;SEC.EXECUT.DA ASSIST.SOCIAL;ASSESSOR II;NAO INFORMADO; CARGO COMISSION.S/VINCULO;4709,79;;4709,79;619,97;4089,82;
KALINY DE SOUZA LIRA ALVES;DEPTO.DE PROTECAO SOC.BASICA;GERENTE;NAO INFORMADO; CARGO COMISSION.S/VINCULO;4709,79;;4709,79;658,51;4051,28;
KARLA ROBERTA RIBEIRO DUARTE;SEC.EXECUT.DA ASSIST.SOCIAL;SUBGERENTE;NAO INFORMADO; CARGO COMISSION.S/VINCULO;3691,80;;3691,80;383,88;3307,92;
KEITIANNE MOURAO DE FRANCA;DEPTO.DE PROTECAO SOC.ESPECIAL;ASSESSOR I;NAO INFORMADO; CARGO COMISSION.S/VINCULO;4729,77;;4729,77;625,17;4104,60;
KELLY CRISTINE DA COSTA S TAVARES;DEPTO.DE PROTECAO SOC.BASICA;GERENTE;NAO INFORMADO; CARGO COMISSION.S/VINCULO;4709,79;;4709,79;600,85;4108,94;
KETLEN NASCIMENTO GOMES;DEPTO.DE ADMINIS.E FINANCAS;ASSESSOR II;NAO INFORMADO; CARGO COMISSION.S/VINCULO;4709,79;;4709,79;658,51;4051,28;
KEYDMA MARIA FERREIRA PONCE DE LEÃO;ASSESSORIA JURIDICA;ASSESSOR I;; CARGO COMISSION.S/VINCULO;7473,03;;7473,03;1460,93;6012,10;
LAERCIO AUGUSTO RIBEIRO FILHO;DEPTO.DE ADMINIS.E FINANCAS;MOT-I;; ESTATUTARIO;3776,61;;3776,61;279,01;3497,60;
LAURIMAR NOGUEIRA DE LIMA;DEPTO.DE PROTECAO SOC.ESPECIAL;VIGIA-II;; ESTATUTARIO;2392,75;;2392,75;131,05;2261,70;
LEILA BENA DA SILVA SAMPAIO;DEPTO.DE PROTECAO SOC.BASICA;DIRETOR DE UNIDADE AD-1;NAO INFORMADO; CARGO COMISSION.S/VINCULO;4729,77;;4729,77;665,17;4064,60;
LEILA CONCEICAO DA SILVA;DEPTO.DE ADMINIS.E FINANCAS;AUX.S.G-II;; ESTATUTARIO;4053,75;;4053,75;261,26;3792,49;
LEILANE BARROSO DOS SANTOS;SEC.EXECUT.DA ASSIST.SOCIAL;SUBGERENTE;NAO INFORMADO; CARGO COMISSION.S/VINCULO;3691,80;;3691,80;383,88;3307,92;
LEONARDO AUGUSTO DO N F SANTOS;SEC.EXECUT.DA ASSIST.SOCIAL;SUBGERENTE;NAO INFORMADO; CARGO COMISSION.S/VINCULO;3691,80;;3691,80;358,59;3333,21;
LEONILZE DA SILVA TEIXEIRA;DEPTO.DE ADMINIS.E FINANCAS;A.TEC-I;; ESTATUTARIO;3084,98;;3084,98;210,77;2874,21;
LEONOR CORREA DA SILVA;DEPTO.DE PROTECAO SOC.BASICA;MONITOR 2A CLASSE;; ESTATUTARIO;1908,70;;1908,70;150,44;1758,26;
LIGIA DANTAS LIMA DA SILVA;DEPTO.DE ADMINIS.E FINANCAS;SUBGERENTE;NAO INFORMADO; CARGO COMISSION.S/VINCULO;3691,80;;3691,80;365,21;3326,59;
LILIAN DA SILVA GOMES MELO;DEPTO.DE PROTECAO SOC.BASICA;ASSESSOR II;NAO INFORMADO; CARGO COMISSION.S/VINCULO;4709,79;;4709,79;591,53;4118,26;
LINDANEY ALVES GRIJO;DEPTO.DE ADMINIS.E FINANCAS;AGENTE ADMINISTRATIVO 1A CLASSE;; ESTATUTARIO;4346,41;;4346,41;330,11;4016,30;
LISSANDRO TERCO DE VERCOSA;DEPTO.DE ADMINIS.E FINANCAS;AGENTE ADMINISTRATIVO 1A CLASSE;; ESTATUTARIO;2965,22;;2965,22;185,88;2779,34;
LORENA LOUREIRO LEAO;SEC.EX.ADJ.POL.ASSIST.SOCIAL;SUBGERENTE;; CARGO COMISSION.S/VINCULO;3691,80;;3691,80;383,88;3307,92;
LUANA BATISTA TAVARES;DEPTO.DE PROTECAO SOC.BASICA;SUBGERENTE;NAO INFORMADO; CARGO COMISSION.S/VINCULO;3691,80;;3691,80;358,59;3333,21;
LUANA DA SILVA NASCIMENTO MELO;SEC.EXECUT.DA ASSIST.SOCIAL;ASSESSOR I;ASSESSOR I; CARGO COMISSION.S/VINCULO;5729,77;;5729,77;998,67;4731,10;
LUCEVILSON ARAUJO DE SOUSA;ASSESSORIA DE COMUNIC.SOCIAL;ASSESSOR II;NAO INFORMADO; CARGO COMISSION.S/VINCULO;4779,72;;4779,72;681,83;4097,89;
LUCIANA CABRAL CORREA;DEPTO.DE PROTECAO SOC.ESPECIAL;SUBGERENTE;NAO INFORMADO; CARGO COMISSION.S/VINCULO;3691,80;;3691,80;383,88;3307,92;
LUCIANA CARVALHO PIMENTA;DEPTO.DE ADMINIS.E FINANCAS;ASSESSOR II;NAO INFORMADO; CARGO COMISSION.S/VINCULO;4709,79;;4709,79;658,51;4051,28;
LUCIDALVA DE OLIVEIRA ANDRADE;DEPTO.DE ADMINIS.E FINANCAS;ASSISTENTE TECNICO 2A CLASSE;SUB.GERENTE AD-3; ESTATUTARIO;5884,29;;5884,29;730,44;5153,85;
LUCIJANE LIMA DE ALMEIDA;DEPTO.GEST.SIST.UN.ASS.SOCIAL;GERENTE;NAO INFORMADO; CARGO COMISSION.S/VINCULO;4709,79;;4709,79;629,29;4080,50;
LUCILENE PONTES DA SILVA;DEPTO.DE ADMINIS.E FINANCAS;SUBGERENTE;NAO INFORMADO; CARGO COMISSION.S/VINCULO;3691,80;;3691,80;383,88;3307,92;
LUCINEIA OLIVEIRA FERREIRA;DEPTO.DE ADMINIS.E FINANCAS;ASSESSOR III;NAO INFORMADO; CARGO COMISSION.S/VINCULO;3691,80;;3691,80;383,88;3307,92;
LUIZ EDUARDO ARAUJO DE ALMEIDA;ASSESSORIA DE COMUNIC.SOCIAL;ASSESSOR II;NAO INFORMADO; CARGO COMISSION.S/VINCULO;4709,79;;4709,79;658,51;4051,28;
LUZIA SIQUEIRA DOS SANTOS;DEPTO.DE ADMINIS.E FINANCAS;A.TEC-I;; ESTATUTARIO;2747,43;;2747,43;172,64;2574,79;
LUZIVANY RIBEIRO TEIXEIRA;SEC.EXECUT.DA ASSIST.SOCIAL;ASSESSOR III;NAO INFORMADO; CARGO COMISSION.S/VINCULO;2830,22;;2830,22;239,85;2590,37;
MAGNA FRAGA DIAS MAR;DEPTO.DE PROTECAO SOC.BASICA;SUBGERENTE;NAO INFORMADO; CARGO COMISSION.S/VINCULO;3691,80;;3691,80;365,21;3326,59;
MANOEL BEZERRA GOMES;DEPTO.DE ADMINIS.E FINANCAS;AUX.S.G-II;; ESTATUTARIO;2197,75;;2197,75;137,85;2059,90;
MANOEL NUNES DE ASSIS;DEPTO.DE PROTECAO SOC.BASICA;ASSESSOR II;NAO INFORMADO; CARGO COMISSION.S/VINCULO;4709,79;;4709,79;629,29;4080,50;
MARA MONICA DOS SANTOS DIAS;DEPTO.DE PROTECAO SOC.BASICA;ASSESSOR II;NAO INFORMADO; CARGO COMISSION.S/VINCULO;4709,79;;4709,79;658,51;4051,28;
MARA NUBIA DE ALMEIDA CINTRA;SEC.EXECUT.DA ASSIST.SOCIAL;ASSESSOR I;NAO INFORMADO; CARGO COMISSION.S/VINCULO;4729,77;;4729,77;665,17;4064,60;
MARCELO AUGUSTO SILVA M RAMOS;ASSESSORIA JURIDICA;ASSISTENTE TECNICO 3A CLASSE;; ESTATUTARIO;5363,16;;5363,16;524,44;4838,72;
MARCIA LEILA DOS SANTOS FREIRE;DEPTO.DE ADMINIS.E FINANCAS;AGENTE ADMINISTRATIVO 3A CLASSE;; ESTATUTARIO;3527,05;;3527,05;220,20;3306,85;
MARCIA ZUILA ALMEIDA E SILVA;DEPTO.DE PROTECAO SOC.ESPECIAL;MONITOR 2A CLASSE;; ESTATUTARIO;2280,05;;2280,05;150,44;2129,61;
MARCILIO JOSE GOMES DE BRITO;DEPTO.DE ADMINIS.E FINANCAS;VIGIA-II;; ESTATUTARIO;2541,74;;2541,74;137,85;2403,89;
MARCOS PAULO LEITE AMARAL;SEC.EXECUT.DA ASSIST.SOCIAL;GERENTE;NAO INFORMADO; CARGO COMISSION.S/VINCULO;4709,79;;4709,79;600,85;4108,94;
MARGARIDA NUNES GALVAO GUERRA;DEPTO.DE ADMINIS.E FINANCAS;A.TEC-I;; ESTATUTARIO;4257,43;;4257,43;348,50;3908,93;
MARIA ALCILENE FERREIRA DA SILVA;DEPTO.DE PROTECAO SOC.BASICA;AUX.S.G-II;; ESTATUTARIO;1799,80;;1799,80;138,81;1660,99;
MARIA ALCIONE PEREIRA TELES;DEPTO.DE PROTECAO SOC.ESPECIAL;ASSESSOR II;NAO INFORMADO; CARGO COMISSION.S/VINCULO;4709,79;;4709,79;629,29;4080,50;
MARIA AUXILIADORA M CAVALCANTE;ASSESSORIA JURIDICA;ASSISTENTE TECNICO 3A CLASSE;; ESTATUTARIO;3259,18;;3259,18;204,19;3054,99;
MARIA DA CONCEICAO AGOSTINHO MOTA;DEPTO.DE PROTECAO SOC.BASICA;A.TEC-I;; ESTATUTARIO;3740,93;;3740,93;278,24;3462,69;
MARIA DA CONCEICAO CANTUARIO;DEPTO.DE ADMINIS.E FINANCAS;AUX.S.G-I;; ESTATUTARIO;2564,56;;2564,56;148,25;2416,31;
MARIA DA CONCEICAO RODRIGUES CABRAL;SEC.EXECUT.DA ASSIST.SOCIAL;MONITOR 3A CLASSE;; ESTATUTARIO;2635,06;;2635,06;151,41;2483,65;
MARIA DAS DORES DA COSTA ANTONY;DEPTO.DE ADMINIS.E FINANCAS;A.TEC-I;; ESTATUTARIO;4402,40;;4402,40;378,94;4023,46;
MARIA DAS GRACAS ALVES DA S BYRON;PESSOAL PROC.DE APOSENTADORIA;A.SOC-I;DRTOR DE UNID AD 1; ESTATUTARIO;3777,43;;3777,43;538,22;3239,21;
MARIA DAS GRACAS LOPES RIBEIRO;DEPTO.DE ADMINIS.E FINANCAS;A.TEC-I;; ESTATUTARIO;3803,05;;3803,05;289,09;3513,96;
MARIA DAS NEVES OLIVEIRA CANDIDO;GABINETE DO SECRETARIO;ASSESSOR I;NAO INFORMADO; CARGO COMISSION.S/VINCULO;7473,03;;7473,03;1460,93;6012,10;
MARIA DE LOURDES DE SOUZA RAMOS;DEPTO.DE PROTECAO SOC.BASICA;AUXILIAR DE SERV GERAIS 3A CLASSE;; ESTATUTARIO;1774,53;;1774,53;128,27;1646,26;
MARIA DO PERPETUO SOCORRO O VIEIRA;DEPTO.DE ADMINIS.E FINANCAS;AUX.S.G-II;; ESTATUTARIO;1965,57;;1965,57;137,85;1827,72;
MARIA DO SOCORRO NASCIMENTO MELLO;DEPTO.DE ADMINIS.E FINANCAS;A.TEC-I;; ESTATUTARIO;4382,98;;4382,98;374,39;4008,59;
MARIA EDINELZA OLIVEIRA DAMASCENO;DEPTO.DE ADMINIS.E FINANCAS;A.TEC-I;GERENTE; ESTATUTARIO;5570,94;;5570,94;645,67;4925,27;
MARIA ELISABETE MACIEL DA SILVA;DEPTO.DE PROTECAO SOC.BASICA;DIRETOR DE UNIDADE AD-1;NAO INFORMADO; CARGO COMISSION.S/VINCULO;4729,77;;4729,77;625,17;4104,60;
MARIA ELISANGELA SILVA DOLZANE;SEC.EXECUT.DA ASSIST.SOCIAL;ASSESSOR I;NAO INFORMADO; CARGO COMISSION.S/VINCULO;4729,77;;4729,77;634,66;4095,11;
MARIA FERREIRA DE OLIVEIRA FILHA;DEPTO.GEST.SIST.UN.ASS.SOCIAL;ASSESSOR II;NAO INFORMADO; CARGO COMISSION.S/VINCULO;4709,79;;4709,79;629,29;4080,50;
MARIA GORETE DE SOUZA LOBATO;DEPTO.DE ADMINIS.E FINANCAS;A.TEC-I;; ESTATUTARIO;3143,46;;3143,46;220,52;2922,94;
MARIA IVANILDA COSTA CARVALHO;DEPTO.DE ADMINIS.E FINANCAS;A.TEC-I;; ESTATUTARIO;3084,98;;3084,98;210,77;2874,21;
MARIA JANETE GOMES DE BRITO;DEPTO.DE PROTECAO SOC.ESPECIAL;MONITOR 2A CLASSE;; ESTATUTARIO;2364,59;;2364,59;150,44;2214,15;
MARIA JOSEFINA OZIEL GALVAO;PESSOAL PROC.DE APOSENTADORIA;A.SOC-I;; ESTATUTARIO;3295,86;;3295,86;424,37;2871,49;
MARIA LUCIA DA SILVA BARROS;SEC.EXECUT.DA ASSIST.SOCIAL;AUX.S.G-III;; ESTATUTARIO;3124,91;;3124,91;176,60;2948,31;
MARIA LUZIA LIMA DE LIMA;ASSESSORIA DE PLANEJAMENTO;TECNICO 3A CLASSE;; ESTATUTARIO;3374,64;;3374,64;350,49;3024,15;
MARIA NEBLINA MARAES;DEPTO.DE ADMINIS.E FINANCAS;PROFESSOR PF20.ESP-III;CHEFE DE DEPARTAMENT; ESTATUTARIO;8428,61;;8428,61;1462,16;6966,45;
MARIA RAIMUNDA CARDOSO LOPES;DEPTO.DE ADMINIS.E FINANCAS;AUX.S.G-II;; ESTATUTARIO;1822,75;;1822,75;137,85;1684,90;
MARIA RAIMUNDA DOS ANJOS NASCIMENTO;DEPTO.DE ADMINIS.E FINANCAS;AUX.S.G-I;; ESTATUTARIO;2706,66;;2706,66;146,81;2559,85;
MARIA RITA RODRIGUES DE SOUZA;DEPTO.DE PROTECAO SOC.BASICA;AUX.S.G-II;; ESTATUTARIO;2298,00;;2298,00;137,85;2160,15;
MARIA ROSA GOMES GRAÇA;DEPTO.DE ADMINIS.E FINANCAS;ASSESSOR II;NAO INFORMADO; CARGO COMISSION.S/VINCULO;3109,79;;3109,79;253,94;2855,85;
MARIA SOCORRO CARIOCA BEZERRA;DEPTO.DE ADMINIS.E FINANCAS;AUXILIAR DE SERV GERAIS 3A CLASSE;; ESTATUTARIO;2149,53;;2149,53;128,27;2021,26;
MARIA VALCELIA DIAS DE OLIVEIRA;SEC.EX.ADJ.POL.ASSIST.SOCIAL;ASSESSOR II;NAO INFORMADO; CARGO COMISSION.S/VINCULO;4709,79;;4709,79;658,51;4051,28;
MARIANA AUGUSTA RIBEIRO;DEPTO.DE ADMINIS.E FINANCAS;SUBGERENTE;NAO INFORMADO; CARGO COMISSION.S/VINCULO;3691,80;;3691,80;383,88;3307,92;
MARICILIA TEIXEIRA DA COSTA;GABINETE DO SECRETARIO;SECRETARIO DE ESTADO;NAO INFORMADO; CARGO COMISSION.S/VINCULO;21895,84;;21895,84;5563,60;16332,24;
MARILENE INACIO DAMASCENO;DEPTO.DE ADMINIS.E FINANCAS;AUXILIAR DE SERV GERAIS 3A CLASSE;; ESTATUTARIO;2707,53;;2707,53;138,79;2568,74;
MARILZA ROCHA FERREIRA;DEPTO.DE PROTECAO SOC.BASICA;ASSESSOR III;NAO INFORMADO; CARGO COMISSION.S/VINCULO;3691,80;;3691,80;383,88;3307,92;
MARINELZO JOSE SOARES;SEC.EXECUT.DA ASSIST.SOCIAL;ASSESSOR I;NAO INFORMADO; CARGO COMISSION.S/VINCULO;5729,77;;5729,77;998,67;4731,10;
MARINETE DOS SANTOS FERREIRA;DEPTO.DE ADMINIS.E FINANCAS;AGENTE ADMINISTRATIVO 3A CLASSE;; ESTATUTARIO;3259,18;;3259,18;204,19;3054,99;
MARLICE CRISTINA RODRIGUES;DEPTO.DE ADMINIS.E FINANCAS;GERENTE;NAO INFORMADO; CARGO COMISSION.S/VINCULO;4709,79;;4709,79;658,51;4051,28;
MARLUCE DO NASCIMENTO SOARES;DEPTO.DE PROTECAO SOC.BASICA;AUX.S.G-II;; ESTATUTARIO;1822,75;;1822,75;137,85;1684,90;
MATHEUS DA PAZ ALVAREZ;SEC.EXECUT.DA ASSIST.SOCIAL;ASSESSOR III;NAO INFORMADO; CARGO COMISSION.S/VINCULO;3691,80;;3691,80;383,88;3307,92;
MAYLLA DE MOURA BOREGGIO;DEPTO.DE PROTECAO SOC.BASICA;ASSESSOR II;NAO INFORMADO; CARGO COMISSION.S/VINCULO;6113,05;;6113,05;1041,18;5071,87;
MEIRY CONCEICAO DA SILVA;DEPTO.DE ADMINIS.E FINANCAS;AUX.S.G-II;; ESTATUTARIO;2197,75;;2197,75;137,85;2059,90;
MESSIAS LEAL DE MACEDO;DEPTO.DE ADMINIS.E FINANCAS;AUX.S.G-II;; ESTATUTARIO;2515,66;;2515,66;123,14;2392,52;
MICHELLE MACEDO BESSA;SEC.EXECUT.DA ASSIST.SOCIAL;SECRETARIO EXECUTIVO;NAO INFORMADO; CARGO COMISSION.S/VINCULO;6913,22;;6913,22;1470,87;5442,35;
MIRLEIDE SANTANA DE FREITAS;DEPTO.DE PROTECAO SOC.BASICA;GERENTE;NAO INFORMADO; CARGO COMISSION.S/VINCULO;4709,79;;4709,79;629,29;4080,50;
MONICA SALES MOREIRA DE SOUZA;SEC.EXECUT.DA ASSIST.SOCIAL;GERENTE;NAO INFORMADO; CARGO COMISSION.S/VINCULO;4709,79;;4709,79;658,51;4051,28;
NEZIA CANUTO DE MOURA;DEPTO.DE PROTECAO SOC.ESPECIAL;AUXILIAR DE SERV GERAIS 1A CLASSE;; ESTATUTARIO;1957,23;;1957,23;130,19;1827,04;
NIXON RICARDO CARDOSO DA FONSECA;DEPTO.DE ADMINIS.E FINANCAS;ASSESSOR I;NAO INFORMADO; CARGO COMISSION.S/VINCULO;5729,77;;5729,77;812,56;4917,21;
NORMA CORREA;DEPTO.DE ADMINIS.E FINANCAS;TECNICO 3A CLASSE;SUBGERENTE AD 3; ESTATUTARIO;4945,04;;4945,04;586,84;4358,20;
OTILIA ALVES FIGUEIREDO;DEPTO.DE ADMINIS.E FINANCAS;AUX.S.G-II;; ESTATUTARIO;1790,80;;1790,80;137,85;1652,95;
PAULA SIQUEIRA COSTA;SEC.EX.ADJ.POL.ASSIST.SOCIAL;CHEFE DE DEPARTAMENTO;NAO INFORMADO; CARGO COMISSION.S/VINCULO;5729,77;;5729,77;998,67;4731,10;
PAULO AFONSO DE OLIVEIRA SARAIVA;SEC.EXECUT.DA ASSIST.SOCIAL;ASSESSOR III;NAO INFORMADO; CARGO COMISSION.S/VINCULO;3691,80;;3691,80;383,88;3307,92;
PEDRO SIMÃO DE CASTRO;DEPTO.DE ADMINIS.E FINANCAS;ASSESSOR II;NAO INFORMADO; CARGO COMISSION.S/VINCULO;4709,79;;4709,79;658,51;4051,28;
RAIMUNDA ALMEIDA DO NASCIMENTO;PESSOAL PROC.DE APOSENTADORIA;TNS-I;; ESTATUTARIO;3787,63;;3787,63;540,63;3247,00;
RAIMUNDA CRISPIM DE MATOS;DEPTO.DE ADMINIS.E FINANCAS;AUX.S.G-II;; ESTATUTARIO;2541,74;;2541,74;137,85;2403,89;
RAIMUNDA DORVALINA R CONCEICAO;SEC.EXECUT.DA ASSIST.SOCIAL;AUX.S.G-II;; ESTATUTARIO;2390,89;;2390,89;137,85;2253,04;
RAIMUNDA MONTEIRO DOS SANTOS;DEPTO.DE PROTECAO SOC.BASICA;MONITOR 2A CLASSE;; ESTATUTARIO;1908,70;;1908,70;150,44;1758,26;
RAIMUNDO JOSE DA SILVA PRADO;DEPTO.DE ADMINIS.E FINANCAS;MOT-I;; ESTATUTARIO;3785,63;;3785,63;281,14;3504,49;
RAIMUNDO NONATO FERNANDES FILHO;DEPTO.DE ADMINIS.E FINANCAS;MOT-I;SUBGERENTE; ESTATUTARIO;3904,54;;3904,54;297,83;3606,71;
RAPHAEL CAVALCANTE MONTEIRO;ASSESSORIA JURIDICA;ASSESSOR II;NAO INFORMADO; CARGO COMISSION.S/VINCULO;4709,79;;4709,79;658,51;4051,28;
RAQUEL BAMOND REIS;SEC.EXECUT.DA ASSIST.SOCIAL;GERENTE;NAO INFORMADO; CARGO COMISSION.S/VINCULO;4709,79;;4709,79;629,29;4080,50;
REGINALDO ETELVINO LIMA DA SILVA;DEPTO.DE ADMINIS.E FINANCAS;A.TEC-II;; ESTATUTARIO;4185,32;;4185,32;328,12;3857,20;
REJANE SOLANGE ALVES MENEZES;ASSESSORIA DE PLANEJAMENTO;TNS-I;ASSESSOR II; ESTATUTARIO;5616,79;;5616,79;778,17;4838,62;
RENATO DE ALMEIDA SOUTO;SEC.EXECUT.DA ASSIST.SOCIAL;ASSESSOR III;NAO INFORMADO; CARGO COMISSION.S/VINCULO;3691,80;;3691,80;383,88;3307,92;
RICARDO GUERRA LOPES;DEPTO.DE ADMINIS.E FINANCAS;AUX.S.G-II;; ESTATUTARIO;2755,75;;2755,75;151,07;2604,68;
ROSANI SILVA BELEM;ASSESSORIA DE PLANEJAMENTO;A.TEC-II;; ESTATUTARIO;2673,19;;2673,19;160,83;2512,36;
RUTHNEIDA DA SILVA MORAES;ASSESSORIA DE PLANEJAMENTO;GERENTE;GERENTE AD 2; CARGO COMISSION.S/VINCULO;4709,79;;4709,79;658,51;4051,28;
SALOME AMARAL COELHO;DEPTO.DE PROTECAO SOC.BASICA;TNS-I;; ESTATUTARIO;4180,90;;4180,90;515,40;3665,50;
SAMUEL CALLAU QUIRINO;DEPTO.GEST.SIST.UN.ASS.SOCIAL;ASSESSOR II;NAO INFORMADO; CARGO COMISSION.S/VINCULO;4709,79;;4709,79;629,29;4080,50;
SANDRA MAQUINE MACIEL;DEPTO.DE ADMINIS.E FINANCAS;AGENTE ADMINISTRATIVO 4A CLASSE;; ESTATUTARIO;4136,05;;4136,05;312,33;3823,72;
SEVERINA PERES DE AREVALO;DEPTO.DE ADMINIS.E FINANCAS;AUX.ADM-I;; ESTATUTARIO;2087,78;;2087,78;157,35;1930,43;
SHEILA DANTAS MATOS;DEPTO.DE PROTECAO SOC.ESPECIAL;SUBGERENTE;NAO INFORMADO; CARGO COMISSION.S/VINCULO;3691,80;;3691,80;365,21;3326,59;
SIDNEY ROQUE CAVALCANTE;DEPTO.DE PROTECAO SOC.BASICA;A.TEC-I;; ESTATUTARIO;2176,43;;2176,43;172,64;2003,79;
SILVANA COMPTON BARROSO;SEC.EXECUT.DA ASSIST.SOCIAL;ASSESSOR I;NAO INFORMADO; CARGO COMISSION.S/VINCULO;5729,77;;5729,77;998,67;4731,10;
SKATHI LIANE CRUZ DA SILVA;DEPTO.DE PROTECAO SOC.BASICA;A.TEC-I;; ESTATUTARIO;2546,40;;2546,40;174,57;2371,83;
SONY MARCOS NOGUEIRA DUARTE;DEPTO.DE PROTECAO SOC.ESPECIAL;AUX.S.G-II;; ESTATUTARIO;2392,75;;2392,75;137,85;2254,90;
SORAYA BEZERRA DE ARAUJO;DEPTO.DE PROTECAO SOC.ESPECIAL;DIRETOR DE UNIDADE AD-1;NAO INFORMADO; CARGO COMISSION.S/VINCULO;4729,77;;4729,77;625,17;4104,60;
SUELY DA SILVA TEIXEIRA;DEPTO.DE ADMINIS.E FINANCAS;A.TEC-I;; ESTATUTARIO;4507,72;;4507,72;408,98;4098,74;
SUELY DE CASTRO NUNES;DEPTO.DE ADMINIS.E FINANCAS;ASSISTENTE TECNICO 1A CLASSE;; ESTATUTARIO;5615,83;;5615,83;656,07;4959,76;
TERESA NEUMA NOGUEIRA MARTINIANO;PESSOAL PROC.DE APOSENTADORIA;A.TEC-I;; ESTATUTARIO;2517,55;;2517,55;207,79;2309,76;
TEREZINHA DA SILVA ARAUJO;DEPTO.DE PROTECAO SOC.BASICA;ASSESSOR III;NAO INFORMADO; CARGO COMISSION.S/VINCULO;3691,80;;3691,80;383,88;3307,92;
THAYS DE QUEIROZ OLIVEIRA;SEC.EXECUT.DA ASSIST.SOCIAL;ASSESSOR III;NAO INFORMADO; CARGO COMISSION.S/VINCULO;2830,22;;2830,22;239,85;2590,37;
VALDERES VIEIRA DE SOUZA;DEPTO.DE ADMINIS.E FINANCAS;ASSESSOR II;NAO INFORMADO; CARGO COMISSION.S/VINCULO;3709,79;;3709,79;368,89;3340,90;
VANESSA ANDRADE BARROSO;SEC.EXECUT.DA ASSIST.SOCIAL;ASSESSOR II;NAO INFORMADO; CARGO COMISSION.S/VINCULO;4709,79;;4709,79;629,29;4080,50;
VANIA MARIA BESSA BARROS;DEPTO.DE PROTECAO SOC.BASICA;A.SOC-II;; ESTATUTARIO;4173,59;;4173,59;460,04;3713,55;
VERA DA COSTA SERRAO;DEPTO.DE PROTECAO SOC.BASICA;ASSISTENTE TECNICO 3A CLASSE;; ESTATUTARIO;3358,59;;3358,59;220,76;3137,83;
VICENTE MAJELA PONTES RAPOSO;DEPTO.DE ADMINIS.E FINANCAS;AGENTE ADMINISTRATIVO 1A CLASSE;; ESTATUTARIO;4255,18;;4255,18;337,18;3918,00;
VITORIA DE ANDRADE LIMA;DEPTO.DE PROTECAO SOC.BASICA;ASSESSOR III;NAO INFORMADO; CARGO COMISSION.S/VINCULO;3091,80;;3091,80;218,57;2873,23;
WALKISON PINHEIRO SOARES;DEPTO.DE ADMINIS.E FINANCAS;AUX.S.G-II;GERENTE; ESTATUTARIO;5247,75;;5247,75;530,49;4717,26;
ZINA GRANGEIRO PINHEIRO;DEPTO.DE PROTECAO SOC.BASICA;AUX.S.G-II;; ESTATUTARIO;2536,33;;2536,33;136,49;2399,84;
