NOME;LOTACAO;CARGO;FUNCAO;VINCULO;REMUNERACAO LEGAL TOTAL(R$);DESC.TETO(R$); REMUNERACAO LEGAL DEVIDA(R$);DESCONTOS LEGAIS(R$);LIQUIDO DISPONIVEL(R$);
ADRIANO BEZERRA GUERREIRO;DEPARTAMENTO DE POL.FUNDIARIA;CHEFE DE DEPARTAMENTO;NAO INFORMADO; CARGO COMISSION.S/VINCULO;5729,77;;5729,77;998,67;4731,10;
ALBERICO LIMA DE OLIVEIRA;SECRETARIA EXECUTIVA;A.TEC-I;; ESTATUTARIO;4440,04;;4440,04;424,01;4016,03;
ALBERTE KLINGER LOPES DE OLIVEIRA;SECRETARIA EXECUTIVA;ASSESSOR III;NAO INFORMADO; CARGO COMISSION.S/VINCULO;3691,80;;3691,80;383,88;3307,92;
ALDENIR DA SILVA MACHADO;DEPTO.DE GESTAO TERRITORIAL;ASSESSOR II;NAO INFORMADO; CARGO COMISSION.S/VINCULO;4709,79;;4709,79;658,51;4051,28;
ALEXANDRE DE ARAUJO RODRIGUES;DEPARTAMENTO DE ADM.E FINANCAS;ASSESSOR III;NAO INFORMADO; CARGO COMISSION.S/VINCULO;3691,80;;3691,80;365,21;3326,59;
ALMIR DO NASCIMENTO LIMA;GERENCIA DE MATER.E PATRIMONIO;VIGIA;; ESTATUTARIO;2596,98;;2596,98;214,17;2382,81;
ANA MAURA MAGALHAES GENTIL;DEPARTAMENTO DE ADM.E FINANCAS;ENGENHEIRO AGRONOMO;ASSESSOR III; ESTATUTARIO;10585,06;;10585,06;2761,36;7823,70;
ANA SIMONE DE OLIVEIRA MORAES;DEPARTAMENTO DE ADM.E FINANCAS;A.TEC-I;; ESTATUTARIO;4430,07;;4430,07;414,28;4015,79;
ANITA LEOCADIA V S MELCHOR;GERENCIA DE PROG.E PESQUISAS;TECNICO II;; ESTATUTARIO;6242,79;;6242,79;1041,42;5201,37;
ANTONIETA TORRES DE LIMA NETA;ASSESSORIA;ASSESSOR IV;NAO INFORMADO; CARGO COMISSION.S/VINCULO;3675,61;;3675,61;379,53;3296,08;
ANTONIO ALFREDO COSTA FILHO;GERENCIA DE MATER.E PATRIMONIO;A.OPE-I;; ESTATUTARIO;4227,83;;4227,83;393,23;3834,60;
ANYKELLY COSTA DA SILVA;GABINETE DO SECRETARIO;ASSESSOR II;NAO INFORMADO; CARGO COMISSION.S/VINCULO;9419,58;;9419,58;1963,01;7456,57;
AURELIO BRANDAO DA SILVA;GERENCIA DE MATER.E PATRIMONIO;AUX.S.G-III;AUX. SERV. GERAIS; ESTATUTARIO;3968,36;;3968,36;304,55;3663,81;
BARBARA TRINDADE ZAMPIERE LOPES;ASSESSORIA;GERENTE;NAO INFORMADO; CARGO COMISSION.S/VINCULO;4709,79;;4709,79;658,51;4051,28;
BRENDA DOS SANTOS FERNANDES;ASSESSORIA;ASSESSOR III;NAO INFORMADO; CARGO COMISSION.S/VINCULO;3691,80;;3691,80;358,60;3333,20;
BRUNA BEZERRA DE MACEDO;DEPARTAMENTO DE ADM.E FINANCAS;ASSESSOR III;NAO INFORMADO; CARGO COMISSION.S/VINCULO;3691,80;;3691,80;383,88;3307,92;
BRUNA RIBEIRO DE MEDEIROS MARTINS;DEPARTAMENTO DE POL.FUNDIARIA;ASSESSOR III;NAO INFORMADO; CARGO COMISSION.S/VINCULO;3691,80;;3691,80;383,88;3307,92;
BRUNO ALENCAR DE V D SARAIVA;DEPARTAMENTO DE POL.FUNDIARIA;ASSESSOR II;NAO INFORMADO; CARGO COMISSION.S/VINCULO;4709,79;;4709,79;658,51;4051,28;
BRUNO MONTEIRO LOBATO;ASSESSORIA;ASSESSOR I;NAO INFORMADO; CARGO COMISSION.S/VINCULO;5729,77;;5729,77;956,01;4773,76;
CAIO GONCALVES PALACIO;DEPARTAMENTO DE ADM.E FINANCAS;ASSESSOR III;NAO INFORMADO; CARGO COMISSION.S/VINCULO;3691,80;;3691,80;383,88;3307,92;
CARITA DOS ANJOS NASCIMENTO;ASSESSORIA;GERENTE;NAO INFORMADO; CARGO COMISSION.S/VINCULO;4709,79;;4709,79;658,51;4051,28;
CARLA ROBERTA BARRETO F BARBOSA;DEPARTAMENTO DE POL.HABITACION;GERENTE;NAO INFORMADO; CARGO COMISSION.S/VINCULO;4709,79;;4709,79;658,51;4051,28;
CARLOS ALBERTO CARDOSO DE SOUZA;DEPARTAMENTO DE ADM.E FINANCAS;ASSISTENTE TECNICO;; ESTATUTARIO;4112,51;;4112,51;266,59;3845,92;
CARLOS SILVESTRE SANTOS DA CUNHA;GERENCIA DE MATER.E PATRIMONIO;ASSESSOR II;NAO INFORMADO; CARGO COMISSION.S/VINCULO;4709,79;;4709,79;658,51;4051,28;
CAROLINE DA SILVA BRAZ;SECRETARIA EXECUTIVA;SECRETARIO EXECUTIVO ADJUNTO;NAO INFORMADO; DISP. OUTROS ESFERAS;8100,00;4258,35;3841,65;228,24;3613,41;
CAROLINE URQUIZA ARAUJO;DEPARTAMENTO DE ADM.E FINANCAS;ASSESSOR II;NAO INFORMADO; CARGO COMISSION.S/VINCULO;4709,79;;4709,79;658,51;4051,28;
CAROLINE VASCONCELOS DA CUNHA;ASSESSORIA;ASSESSOR II;NAO INFORMADO; CARGO COMISSION.S/VINCULO;4709,79;;4709,79;629,29;4080,50;
CLAUDENIZA OZORIO DE CARVALHO;GERENCIA DE ORC.E FINANCAS;A.TEC-I;; ESTATUTARIO;3745,91;;3745,91;398,09;3347,82;
CLAUDIO SARAIVA DO NASCIMENTO;DEPARTAMENTO DE ADM.E FINANCAS;ASSESSOR III;NAO INFORMADO; CARGO COMISSION.S/VINCULO;3691,80;;3691,80;383,88;3307,92;
CLEICIMAR SILVA REBOUCAS;DEPARTAMENTO DE POL.FUNDIARIA;ASSESSOR IV;ASSESSOR IV; CARGO COMISSION.S/VINCULO;4275,61;;4275,61;512,49;3763,12;
CLEIDE BEZERRA BARROS;DEPARTAMENTO DE ADM.E FINANCAS;GERENTE;NAO INFORMADO; CARGO COMISSION.S/VINCULO;4709,79;;4709,79;629,29;4080,50;
CLODUALDO LIMA DUARTE;DEPARTAMENTO DE ADM.E FINANCAS;ASSISTENTE TECNICO;; ESTATUTARIO;4103,77;;4103,77;349,56;3754,21;
CRISTOVAM DA COSTA CORDEIRO;DEPARTAMENTO DE ADM.E FINANCAS;MOT-I;; ESTATUTARIO;4337,39;;4337,39;383,71;3953,68;
DAIANE MOREIRA CARDOZO;DEPTO.DE GESTAO TERRITORIAL;GERENTE;NAO INFORMADO; CARGO COMISSION.S/VINCULO;4709,79;;4709,79;658,51;4051,28;
DANIEL PINTO DE BARROS;DEPARTAMENTO DE ADM.E FINANCAS;ASSESSOR III;NAO INFORMADO; CARGO COMISSION.S/VINCULO;3691,80;;3691,80;383,88;3307,92;
DAVI WILGNER MARTINS LIMA;ASSESSORIA;ASSESSOR IV;ASSESSOR IV; CARGO COMISSION.S/VINCULO;3471,61;;3471,61;337,42;3134,19;
DEBORAH DE LIMA PAES;GERENCIA DE CARTOGRAFIA;ASSESSOR I;NAO INFORMADO; CARGO COMISSION.S/VINCULO;5729,77;;5729,77;998,67;4731,10;
DENNY BATISTA COLARES;DEPARTAMENTO DE POL.FUNDIARIA;ASSESSOR I;NAO INFORMADO; CARGO COMISSION.S/VINCULO;5729,77;;5729,77;998,67;4731,10;
DEUSDETE COSTA SENNA;GERENCIA DE MATER.E PATRIMONIO;MOTORISTA 3A CLASSE;; ESTATUTARIO;4189,20;;4189,20;363,36;3825,84;
EDER JOSE DA CUNHA TEIXEIRA;SECRETARIA EXECUTIVA;ASSISTENTE TECNICO;; ESTATUTARIO;4095,03;;4095,03;347,21;3747,82;
EDMARILDA GOMES MUMBACA DE ALMEIDA;DEPARTAMENTO DE POL.FUNDIARIA;ASSESSOR II;NAO INFORMADO; CARGO COMISSION.S/VINCULO;4709,79;;4709,79;658,51;4051,28;
EDNEIA PEREIRA DOURADO;SECRETARIA EXECUTIVA;ASSISTENTE ADMINISTRATIVO I;; C.L.T.;3936,00;;3936,00;406,15;3529,85;
EDSON SILVA ARAUJO;SECRETARIA EXECUTIVA;A.TEC-I;; ESTATUTARIO;4219,09;;4219,09;235,91;3983,18;
EDUARDO MENDONCA JUNIOR;GERENCIA DE ORC.E FINANCAS;A.TEC-II;; ESTATUTARIO;4141,46;;4141,46;280,09;3861,37;
ELEONORA FERREIRA DOS SANTOS;SECRETARIA EXECUTIVA;A.TEC-I;GERENTE; ESTATUTARIO;5404,34;;5404,34;638,64;4765,70;
ELIANE DE NAZARE O NASCIMENTO;ASSESSORIA;ASSESSOR I;NAO INFORMADO; CARGO COMISSION.S/VINCULO;5729,77;;5729,77;998,67;4731,10;
ERNANDO DOS SANTOS DIAS;DEPARTAMENTO DE ADM.E FINANCAS;ASSISTENTE TECNICO;; ESTATUTARIO;4103,77;;4103,77;349,56;3754,21;
ETY DOS SANTOS;DEPARTAMENTO DE ADM.E FINANCAS;AUX.S.G-II;; ESTATUTARIO;4201,56;;4201,56;350,60;3850,96;
EZEGLAIR PEREIRA DE SOUZA;GERENCIA DE MATER.E PATRIMONIO;MOT-II;; ESTATUTARIO;4252,91;;4252,91;232,09;4020,82;
FABIANA CRUZ DE OLIVEIRA;GABINETE DO SECRETARIO;ASSESSOR I;NAO INFORMADO; CARGO COMISSION.S/VINCULO;5729,77;;5729,77;998,67;4731,10;
FELIPE DE MELO E SILVA;DEPARTAMENTO DE ADM.E FINANCAS;ASSESSOR III;NAO INFORMADO; CARGO COMISSION.S/VINCULO;3691,80;;3691,80;383,88;3307,92;
FERNANDA BATALHA IANNUZZI;ASSESSORIA;ASSESSOR I;; CARGO COMISSION.S/VINCULO;5729,77;;5729,77;998,67;4731,10;
FERNANDA NEVES SABUGOSA;DEPARTAMENTO DE ADM.E FINANCAS;ASSESSOR II;NAO INFORMADO; CARGO COMISSION.S/VINCULO;4709,79;;4709,79;572,41;4137,38;
FRANCISCA DO NASCIMENTO ELIAS;DEPARTAMENTO DE ADM.E FINANCAS;A.TEC-I;; ESTATUTARIO;4440,04;;4440,04;424,01;4016,03;
FRANCISCO DE ASSIS SOUTO;DEPARTAMENTO DE ADM.E FINANCAS;TNS-I;; ESTATUTARIO;5813,22;;5813,22;1012,86;4800,36;
GABRIEL SALES MEDEIROS;GERENCIA DE PROG.E PESQUISAS;GERENTE;NAO INFORMADO; CARGO COMISSION.S/VINCULO;4709,79;;4709,79;658,51;4051,28;
GERMAN CUSQUISIBAN ESCOBAL;DEPARTAMENTO DE ADM.E FINANCAS;A.TEC-I;; ESTATUTARIO;4192,86;;4192,86;383,82;3809,04;
GILSON AGUIAR DA SILVA;GERENCIA DE PROG.E PESQUISAS;ASSESSOR I;NAO INFORMADO; CARGO COMISSION.S/VINCULO;5729,77;;5729,77;998,67;4731,10;
GLAYSON LUIZ OLIVEIRA PEIXOTO;DEPARTAMENTO DE ADM.E FINANCAS;ASSESSOR II;NAO INFORMADO; CARGO COMISSION.S/VINCULO;4709,79;;4709,79;658,51;4051,28;
HANDSEL UCHOA DE OURO;DEPARTAMENTO DE ADM.E FINANCAS;ASSESSOR III;NAO INFORMADO; CARGO COMISSION.S/VINCULO;3691,80;;3691,80;383,88;3307,92;
HANNA BEATRICE MACHADO LIMA;DEPARTAMENTO DE POL.FUNDIARIA;ASSESSOR II;NAO INFORMADO; CARGO COMISSION.S/VINCULO;4709,79;;4709,79;658,51;4051,28;
HARYSSA ALVES PICCOLOTTO CARVALHO;ASSESSORIA;ASSESSOR II;NAO INFORMADO; CARGO COMISSION.S/VINCULO;4709,79;;4709,79;658,51;4051,28;
HELADE MAUES GONCALVES;GABINETE DO SECRETARIO;ASSESSOR II;NAO INFORMADO; CARGO COMISSION.S/VINCULO;4709,79;;4709,79;658,51;4051,28;
HELIO LUIS SANTANA DE OLIVEIRA;DEPARTAMENTO DE ADM.E FINANCAS;ASSESSOR III;NAO INFORMADO; CARGO COMISSION.S/VINCULO;3691,80;;3691,80;350,99;3340,81;
HELLEN REGINA PINHEIRO JORDAO;ASSESSORIA;ASSESSOR IV;ASSESSOR IV AD-4; CARGO COMISSION.S/VINCULO;3675,61;;3675,61;379,53;3296,08;
HERICK PEREIRA LEITE;ASSESSORIA;CHEFE DE DEPARTAMENTO;; CARGO COMISSION.S/VINCULO;5729,77;;5729,77;998,67;4731,10;
HEROS LOPES RODRIGUES;ASSESSORIA;CHEFE DE DEPARTAMENTO;NAO INFORMADO; CARGO COMISSION.S/VINCULO;5729,77;;5729,77;998,67;4731,10;
INGRID GODINHO DODO;ASSESSORIA;CHEFE DE DEPARTAMENTO;NAO INFORMADO; CARGO COMISSION.S/VINCULO;5729,77;;5729,77;998,67;4731,10;
IPOJUCAN EDEN BATURITE;SECRETARIA EXECUTIVA;TECNICO EM AGROPECUARIA;; ESTATUTARIO;4731,42;;4731,42;519,79;4211,63;
ISMAEL DA COSTA SILVA;SECRETARIA EXECUTIVA;SECRETARIO EXECUTIVO;NAO INFORMADO; CARGO COMISSION.S/VINCULO;12200,00;;12200,00;2865,12;9334,88;
IVANEIDE DE CARVALHO ANAQUIRI;DEPARTAMENTO DE POL.HABITACION;ASSESSOR IV;NAO INFORMADO; CARGO COMISSION.S/VINCULO;3675,61;;3675,61;379,53;3296,08;
IVONE DA SILVA FREIRE;DEPARTAMENTO DE ADM.E FINANCAS;A.TEC-I;; ESTATUTARIO;4481,26;;4481,26;434,81;4046,45;
JESSICA SINARA FERNANDES S SANTOS;DEPARTAMENTO DE ADM.E FINANCAS;ASSESSOR III;NAO INFORMADO; CARGO COMISSION.S/VINCULO;3691,80;;3691,80;365,21;3326,59;
JOÃO FELIPE MOURA PAULO;DEPARTAMENTO DE POL.HABITACION;ASSESSOR III;NAO INFORMADO; CARGO COMISSION.S/VINCULO;3691,80;;3691,80;383,88;3307,92;
JOAQUIM MARQUES DOS SANTOS JUNIOR;GERENCIA DE PROG.E PESQUISAS;TECNICO III;; ESTATUTARIO;6525,51;;6525,51;1147,82;5377,69;
JOHNANTHAN DOS SANTOS PEREIRA;GERENCIA DE MATER.E PATRIMONIO;ASSESSOR IV;NAO INFORMADO; CARGO COMISSION.S/VINCULO;3675,61;;3675,61;379,53;3296,08;
JOSE BASILIO DA SILVA FILHO;DEPARTAMENTO DE POL.FUNDIARIA;ASSESSOR I;NAO INFORMADO; CARGO COMISSION.S/VINCULO;5729,77;;5729,77;940,57;4789,20;
KARINE SOUZA FLORES;ASSESSORIA;ASSESSOR I;NAO INFORMADO; CARGO COMISSION.S/VINCULO;5729,77;;5729,77;998,67;4731,10;
LAIRANE DE OLIVEIRA AMAZONAS;GERENCIA DE CARTOGRAFIA;ASSESSOR III;NAO INFORMADO; CARGO COMISSION.S/VINCULO;3691,80;;3691,80;383,88;3307,92;
LEANDRO RIBEIRO PAIXAO;ASSESSORIA;ASSESSOR I;NAO INFORMADO; CARGO COMISSION.S/VINCULO;5729,77;;5729,77;1839,72;3890,05;
LEONARDO CESAR RABELLO ITUASSU;ASSESSORIA;ASSESSOR I;; CARGO COMISSION.S/VINCULO;5729,77;;5729,77;998,67;4731,10;
LILIA MARIA DA MOTA SILVA;DEPARTAMENTO DE ADM.E FINANCAS;ASSISTENTE TECNICO;; ESTATUTARIO;4095,02;;4095,02;347,20;3747,82;
LILIANE GALVAO LIMA;DEPARTAMENTO DE POL.HABITACION;ASSESSOR IV;NAO INFORMADO; CARGO COMISSION.S/VINCULO;3675,61;;3675,61;379,53;3296,08;
LUANA PATRICIA DIAS RODRIGUES;DEPARTAMENTO DE POL.FUNDIARIA;ASSESSOR III;NAO INFORMADO; CARGO COMISSION.S/VINCULO;3691,80;;3691,80;383,88;3307,92;
LUCAS DE OLIVEIRA BRILHANTE;SECRETARIA EXECUTIVA;AGENTE ADM.-AGA-T.S.N.A.-E;GERENTE; ESTATUTARIO;5240,44;;5240,44;605,67;4634,77;
LUCIA REGINE SANTOS DA SILVA;GERENCIA DE MATER.E PATRIMONIO;AUXILIAR DE SERV GERAIS 2A CLASSE;; ESTATUTARIO;3970,55;;3970,55;304,55;3666,00;
LUCINDA AURORA OLIVEIRA LIMA;DEPARTAMENTO DE ADM.E FINANCAS;A.TEC-I;; ESTATUTARIO;4429,12;;4429,12;392,11;4037,01;
LUIZ CARLOS RENOVATO DOS SANTOS;GERENCIA DE PROG.E PESQUISAS;A.TEC-I;; ESTATUTARIO;4210,34;;4210,34;388,52;3821,82;
LUIZ JAILTON LOPES CORDEIRO;GABINETE DO SECRETARIO;ASSESSOR II;NAO INFORMADO; CARGO COMISSION.S/VINCULO;9419,58;;9419,58;1963,01;7456,57;
LUIZ RICARDO DA SILVA TAKAFAZ;GABINETE DO SECRETARIO;ASSESSOR I;NAO INFORMADO; CARGO COMISSION.S/VINCULO;5729,77;;5729,77;998,67;4731,10;
MAISE SALDANHA GARCIA;GERENCIA DE RECURSOS HUMANOS;ASSESSOR II;NAO INFORMADO; CARGO COMISSION.S/VINCULO;4709,79;;4709,79;629,29;4080,50;
MAIZA LEITE ANDRADE;DEPARTAMENTO DE ADM.E FINANCAS;AUX.ADM-III;; ESTATUTARIO;1750,28;;1750,28;173,47;1576,81;
MAKSSUELLE CAROLINE S NASCIMENTO;DEPARTAMENTO DE POL.FUNDIARIA;ASSESSOR III;NAO INFORMADO; CARGO COMISSION.S/VINCULO;3691,80;;3691,80;383,88;3307,92;
MANOEL RAIMUNDO DA ROCHA;GERENCIA DE CARTOGRAFIA;A.TEC-II;; ESTATUTARIO;4142,48;;4142,48;364,21;3778,27;
MARCELO DE ALMEIDA CONCEIÇÃO;GERENCIA DE CARTOGRAFIA;ASSESSOR I;NAO INFORMADO; CARGO COMISSION.S/VINCULO;5729,77;;5729,77;998,67;4731,10;
MARCO SIMON DA SILVA BENEDITO;DEPARTAMENTO DE POL.FUNDIARIA;ASSESSOR II;NAO INFORMADO; CARGO COMISSION.S/VINCULO;4709,79;;4709,79;658,51;4051,28;
MARCOS AURELIO BASTOS NUNES;GERENCIA DE VISTORIA;ASSESSOR II;NAO INFORMADO; CARGO COMISSION.S/VINCULO;4709,79;;4709,79;629,29;4080,50;
MARIA APARECIDA MACEDO GUIMARAES;DEPARTAMENTO DE ADM.E FINANCAS;A.TEC-I;; ESTATUTARIO;4440,04;;4440,04;424,01;4016,03;
MARIA BEATRIZ CORDEIRO CALDAS;SECRETARIA EXECUTIVA;A.TEC-I;; ESTATUTARIO;4210,34;;4210,34;265,11;3945,23;
MARIA DO SOCORRO GOMES DIAS;SECRETARIA EXECUTIVA;ASSISTENTE TECNICO;; ESTATUTARIO;6749,56;;6749,56;1178,71;5570,85;
MARIA EDUARDA PEREIRA DOS SANTOS;GERENCIA DE VISTORIA;ASSISTENTE ADMINISTRATIVO III;; ESTATUTARIO;4570,13;;4570,13;446,50;4123,63;
MARIA ELENA ARAUJO MENDES;SECRETARIA EXECUTIVA;TECNICO II;; ESTATUTARIO;6656,75;;6656,75;1165,68;5491,07;
MARIA EUNICE PINHEIRO DE CARVALHO;SECRETARIA EXECUTIVA;A.TEC-I;; ESTATUTARIO;5133,21;;5133,21;643,55;4489,66;
MARIA J LIA STEPHANY DE C V PAULINO;DEPARTAMENTO DE POL.HABITACION;ASSESSOR III;ASSESSOR III; CARGO COMISSION.S/VINCULO;4291,80;;4291,80;545,28;3746,52;
MARIA ONEIDE DA COSTA;GERENCIA DE MATER.E PATRIMONIO;AUX.S.G-II;; ESTATUTARIO;4191,60;;4191,60;348,07;3843,53;
MARIA SANDRA DA SILVA MIRANDA;ASSESSORIA;ASSESSOR IV;ASSESSOR IV AD-4; CARGO COMISSION.S/VINCULO;3075,61;;3075,61;263,77;2811,84;
MARIA SONIA FERNANDES DA S SANTOS;DEPARTAMENTO DE ADM.E FINANCAS;A.TEC-I;; ESTATUTARIO;4210,34;;4210,34;388,52;3821,82;
MICHELA PATRICIA DANTAS DE OLIVEIRA;DEPARTAMENTO DE ADM.E FINANCAS;ASSESSOR II;NAO INFORMADO; CARGO COMISSION.S/VINCULO;4709,79;;4709,79;658,51;4051,28;
MONIKE DE OLIVEIRA MOURA;DEPARTAMENTO DE ADM.E FINANCAS;GERENTE;NAO INFORMADO; CARGO COMISSION.S/VINCULO;4709,79;;4709,79;610,95;4098,84;
NANCY MEIRELES MONTEIRO;GABINETE DO SECRETARIO;CHEFE DE GABINETE;NAO INFORMADO; CARGO COMISSION.S/VINCULO;5729,77;;5729,77;998,67;4731,10;
NILCE MARIA GOMES DA S VASCONCELOS;GERENCIA DE PROG.E PESQUISAS;AUX.ADM-III;; ESTATUTARIO;3961,81;;3961,81;309,84;3651,97;
NILTON FERNANDES DA SILVA;GERENCIA DE MATER.E PATRIMONIO;AUX.O-I;; ESTATUTARIO;4295,91;;4295,91;292,78;4003,13;
NUBIA RODRIGUES LEOPOLDO DE MENEZES;DEPARTAMENTO DE ADM.E FINANCAS;ASSESSOR II;NAO INFORMADO; CARGO COMISSION.S/VINCULO;4709,79;;4709,79;658,51;4051,28;
OSCAR CORDEIRO DE SOUZA;GERENCIA DE MATER.E PATRIMONIO;A.TEC-I;; ESTATUTARIO;4215,26;;4215,26;389,85;3825,41;
PALLOMA CARDOSO DA SILVA;ASSESSORIA;ASSESSOR IV;NAO INFORMADO; CARGO COMISSION.S/VINCULO;3675,61;;3675,61;379,53;3296,08;
PAULO CESAR CAVALETTI;SECRETARIA EXECUTIVA;SECRETARIO EXECUTIVO ADJUNTO;NAO INFORMADO; CARGO COMISSION.S/VINCULO;9500,00;;9500,00;2122,62;7377,38;
PAULO CEZAR LEVY DE CARVALHO;DEPARTAMENTO DE ADM.E FINANCAS;A.TEC-I;; ESTATUTARIO;4219,09;;4219,09;312,08;3907,01;
PAULO HENRIQUE MORAES QUEIROZ;DEPARTAMENTO DE ADM.E FINANCAS;ASSESSOR I;NAO INFORMADO; CARGO COMISSION.S/VINCULO;5729,77;;5729,77;998,67;4731,10;
PEDRO MOURA DOS SANTOS;DEPARTAMENTO DE ADM.E FINANCAS;ASSISTENTE TECNICO;; ESTATUTARIO;4077,54;;4077,54;342,51;3735,03;
RAIMUNDA SOUZA DA SILVA;DEPARTAMENTO DE ADM.E FINANCAS;TECNICO I;; ESTATUTARIO;5355,08;;5355,08;786,46;4568,62;
RAIMUNDO JOSUE MOREIRA PESSOA;DEPARTAMENTO DE ADM.E FINANCAS;TNS-I;; ESTATUTARIO;5341,36;;5341,36;808,68;4532,68;
RAIMUNDO NONATO SABOIA DE SOUZA;ASSESSORIA;ASSESSOR IV;ASSESSOR IV; CARGO COMISSION.S/VINCULO;3675,61;;3675,61;333,46;3342,15;
RAQUEL FERREIRA DA SILVA;DEPARTAMENTO DE ADM.E FINANCAS;ASSISTENTE ADMINISTRATIVO II;; ESTATUTARIO;4399,15;;4399,15;354,59;4044,56;
REGINA MARTINS DA SILVA;DEPARTAMENTO DE ADM.E FINANCAS;ASSESSOR IV;ASSESSOR IV; CARGO COMISSION.S/VINCULO;4275,61;;4275,61;540,93;3734,68;
REGINA NASCIMENTO DE MOURA;SECRETARIA EXECUTIVA;ASSESSOR II;NAO INFORMADO; CARGO COMISSION.S/VINCULO;4709,79;;4709,79;658,51;4051,28;
RENATO DE OLIVEIRA MELO;DEPARTAMENTO DE ADM.E FINANCAS;ASSESSOR I;NAO INFORMADO; CARGO COMISSION.S/VINCULO;5729,77;;5729,77;998,67;4731,10;
RICARDO LUIZ MONTEIRO FRANCISCO;GABINETE DO SECRETARIO;SECRETARIO DE ESTADO;NAO INFORMADO; CARGO COMISSION.S/VINCULO;28560,00;;28560,00;7364,12;21195,88;
RICARDO RAMOS DE SOUZA;DEPARTAMENTO DE ADM.E FINANCAS;TECNICO EM AGROPECUARIA;; ESTATUTARIO;4377,59;;4377,59;442,66;3934,93;
RILDO GONCALVES DE MOURA;GERENCIA DE VISTORIA;ASSESSOR II;NAO INFORMADO; CARGO COMISSION.S/VINCULO;4709,79;;4709,79;658,51;4051,28;
ROBERTA AMANDA BUSNELLO;DEPARTAMENTO DE POL.FUNDIARIA;ASSESSOR II;NAO INFORMADO; CARGO COMISSION.S/VINCULO;4709,79;;4709,79;658,51;4051,28;
RODRIGO ROCHA VIANA;SECRETARIA EXECUTIVA;ASSESSOR II;NAO INFORMADO; CARGO COMISSION.S/VINCULO;4709,79;;4709,79;629,29;4080,50;
ROSALVO DOS SANTOS MIRANDA FILHO;GERENCIA DE MATER.E PATRIMONIO;MOT-I;; ESTATUTARIO;4328,64;;4328,64;409,79;3918,85;
ROSANGELA BARBOZA DE OLIVEIRA;DEPARTAMENTO DE ADM.E FINANCAS;ASSESSOR IV;ASSESSOR IV; CARGO COMISSION.S/VINCULO;4275,61;;4275,61;540,93;3734,68;
ROSANGELA MACEDO REGO;DEPARTAMENTO DE ADM.E FINANCAS;ASSESSOR II;NAO INFORMADO; CARGO COMISSION.S/VINCULO;4709,79;;4709,79;658,51;4051,28;
ROSEMAYRE CAMILO INACIO DA SILVA;DEPARTAMENTO DE POL.HABITACION;ASSESSOR I;NAO INFORMADO; CARGO COMISSION.S/VINCULO;5729,77;;5729,77;998,67;4731,10;
SANDRO SOARES FERREIRA;SECRETARIA EXECUTIVA;GERENTE;NAO INFORMADO; CARGO COMISSION.S/VINCULO;4709,79;;4709,79;658,51;4051,28;
SANDY REBELO BANDEIRA;DEPARTAMENTO DE POL.FUNDIARIA;ASSESSOR II;NAO INFORMADO; CARGO COMISSION.S/VINCULO;4709,79;;4709,79;658,51;4051,28;
SHEILA MEIRA TORRES LEVY;DEPARTAMENTO DE ADM.E FINANCAS;ASSISTENTE TECNICO;; ESTATUTARIO;4286,49;;4286,49;375,92;3910,57;
SOCORRO ANASTACIO DE LIMA;DEPARTAMENTO DE ADM.E FINANCAS;ASSESSOR II;NAO INFORMADO; CARGO COMISSION.S/VINCULO;4709,79;;4709,79;658,51;4051,28;
SONIA ROCHA VIANA;GERENCIA DE RECURSOS HUMANOS;ASSISTENTE ADMINISTRATIVO III;; ESTATUTARIO;4543,28;;4543,28;411,77;4131,51;
SORAYA PRAIA LEITE;SECRETARIA EXECUTIVA;ASSISTENTE ADMINISTRATIVO III;; ESTATUTARIO;4547,08;;4547,08;440,30;4106,78;
SUELY BRANDAO DA SILVA;GERENCIA DE MATER.E PATRIMONIO;AUXILIAR DE SERV GERAIS 2A CLASSE;; ESTATUTARIO;3370,55;;3370,55;223,50;3147,05;
TAMIR MOHAMED EL MENOUFI;ASSESSORIA;ASSESSOR I;; CARGO COMISSION.S/VINCULO;5729,77;;5729,77;998,67;4731,10;
TAMIRES BORGES DE ASSIS;GABINETE DO SECRETARIO;ASSESSOR II;NAO INFORMADO; CARGO COMISSION.S/VINCULO;4709,79;;4709,79;658,51;4051,28;
TESSALIA INES DOS SANTOS OLIVEIRA;DEPARTAMENTO DE ADM.E FINANCAS;ENG-I;; ESTATUTARIO;7138,18;;7138,18;1476,95;5661,23;
THALITA LORAYNE LOPES DE LIMA;DEPARTAMENTO DE POL.FUNDIARIA;ASSESSOR III;NAO INFORMADO; CARGO COMISSION.S/VINCULO;3691,80;;3691,80;383,88;3307,92;
THAMIRYS REIS DE LIMA;DEPARTAMENTO DE ADM.E FINANCAS;ASSESSOR II;NAO INFORMADO; CARGO COMISSION.S/VINCULO;4709,79;;4709,79;658,51;4051,28;
THAYS DE CASTRO RODRIGUES;ASSESSORIA;ASSESSOR IV;NAO INFORMADO; CARGO COMISSION.S/VINCULO;3675,61;;3675,61;379,53;3296,08;
THELMA SOUZA DA COSTA;GABINETE DO SECRETARIO;A.TEC-I;; ESTATUTARIO;4232,75;;4232,75;394,54;3838,21;
TONY EVERTON ALVES DE SENA;GERENCIA DE CARTOGRAFIA;ASSESSOR II;NAO INFORMADO; CARGO COMISSION.S/VINCULO;4709,79;;4709,79;658,51;4051,28;
TRICYA CORREA BOMFIM;SECRETARIA EXECUTIVA;SECRETARIO EXECUTIVO ADJUNTO;NAO INFORMADO; CARGO COMISSION.S/VINCULO;9500,00;;9500,00;2122,62;7377,38;
VANILUCE FELIX DE SOUZA;DEPARTAMENTO DE ADM.E FINANCAS;ASSISTENTE ADMINISTRATIVO I;; ESTATUTARIO;4399,57;;4399,57;412,80;3986,77;
VILIANA E SILVA CAIMO;DEPARTAMENTO DE ADM.E FINANCAS;A.TEC-II;; ESTATUTARIO;4141,46;;4141,46;365,41;3776,05;
WELLINGTON PEREIRA DOS SANTOS;DEPARTAMENTO DE POL.FUNDIARIA;ASSESSOR II;NAO INFORMADO; CARGO COMISSION.S/VINCULO;4709,79;;4709,79;658,51;4051,28;
WILLAMS PACHECO BORGES;DEPARTAMENTO DE ADM.E FINANCAS;ASSESSOR IV;NAO INFORMADO; CARGO COMISSION.S/VINCULO;3675,61;;3675,61;379,53;3296,08;
