NOME;LOTACAO;CARGO;FUNCAO;VINCULO;REMUNERACAO LEGAL TOTAL(R$);DESC.TETO(R$); REMUNERACAO LEGAL DEVIDA(R$);DESCONTOS LEGAIS(R$);LIQUIDO DISPONIVEL(R$);
ADRYELLE FARIAS CORREA VIEIRA;GABINETE DO SECRETARIO;ASSESSOR II;ASSESSOR II; CARGO COMISSION.S/VINCULO;4209,79;;4209,79;601,44;3608,35;
AFRANIO CESAR DA SILVA E COSTA;GABINETE DO SECRETARIO;ASSESSOR III;NAO INFORMADO; CARGO COMISSION.S/VINCULO;3191,80;;3191,80;367,36;2824,44;
ALCIDES SAGGIORO NETO;DEPTO.DE ANALISE ECONOMICA;ASSESSOR I;ASSESSOR I; CARGO COMISSION.S/VINCULO;5229,77;;5229,77;973,62;4256,15;
ALDIRA MARIA PONTES BARBOSA;GABINETE DO SECRETARIO;CHEFE DE DEPARTAMENTO;CHEFE DE DEPARTAMENT; CARGO COMISSION.S/VINCULO;5229,77;;5229,77;973,62;4256,15;
ALESSANDRO CASSIO BARRETO;SECRETARIA EXECUTIVA;ASSESSOR III;NAO INFORMADO; CARGO COMISSION.S/VINCULO;3191,80;;3191,80;367,36;2824,44;
ALEX LUZ DE OLIVEIRA;REMANEJADOS SETRAB;A.TEC-II;; ESTATUTARIO;3655,15;;3655,15;600,00;3055,15;
ALEXANDRA SILVA DOS S FIGUEIREDO;GERENCIA DE PLAN.ORC.E GESTAO;ASSESSOR III;; CARGO COMISSION.S/VINCULO;3191,80;;3191,80;347,23;2844,57;
ALICE HELENA LOPES ALVES;REMANEJADOS SETRAB;A.TEC-I;; ESTATUTARIO;4399,39;;4399,39;772,45;3626,94;
ALLYSSON SANTOS DO NASCIMENTO;SECRETARIA EXECUTIVA;ASSESSOR IV;NAO INFORMADO; CARGO COMISSION.S/VINCULO;4234,15;;4234,15;641,24;3592,91;
ALMIR MOCAMBITE PINTO;REMANEJADOS SETRAB;A.TEC-II;; ESTATUTARIO;3655,15;;3655,15;628,43;3026,72;
AMANDA LOFIEGO RIBEIRO;SECRETARIA EXECUTIVA;ASSESSOR II;ASSESSOR II; CARGO COMISSION.S/VINCULO;3209,79;;3209,79;371,89;2837,90;
AMILTON BEZERRA GADELHA;SECRETARIA EXECUTIVA;PROFESSOR PF20.LPL-IV;ASSESSOR I; ESTATUTARIO;7374,62;;7374,62;1399,69;5974,93;
ANA ERMELINDA CORREA VELLOSO;SECRETARIA EXECUTIVA;SECRETARIO DAS CAMARAS;SECRETARIO DAS CAMAR; CARGO COMISSION.S/VINCULO;5229,77;;5229,77;973,62;4256,15;
ANA PAULA DA ROCHA FERNANDES;REMANEJADOS SETRAB;A.TEC-I;AG. ADMIN. 3ª CLASSE; ESTATUTARIO;5768,06;;5768,06;1114,23;4653,83;
ANA REGINA ARAUJO TEIXEIRA GOMES;REMANEJADOS SETRAB;AUX.S.G-II;; ESTATUTARIO;2520,15;;2520,15;354,56;2165,59;
ANA SILVA DE SOUZA;SECRETARIA EXECUTIVA;ASSESSOR IV;; CARGO COMISSION.S/VINCULO;2293,49;;2293,49;;2293,49;
ANA TEREZA JATAHY SANTOS;DEPTO.POL.IND.E COMERCIAIS;TNS-II;; ESTATUTARIO;6970,01;;6970,01;1667,97;5302,04;
ANDERSON BARROSO GRIMM;DEPTO.POL.IND.E COMERCIAIS;CHEFE DE DEPARTAMENTO;CHEFE DE DPTO.; CARGO COMISSION.S/VINCULO;11700,00;;11700,00;2984,12;8715,88;
ANDREZZA SILVA DE SOUZA;SECRETARIA EXECUTIVA;ASSESSOR II;NAO INFORMADO; CARGO COMISSION.S/VINCULO;4209,79;;4209,79;633,12;3576,67;
ANGELA DA SILVA MELO;REMANEJADOS SETRAB;A.TEC-I;; ESTATUTARIO;4969,75;;4969,75;682,97;4286,78;
ANTONIO DE ANDRADE DIAS;SECRETARIA EXECUTIVA;ASSESSOR I;ASSESSOR I; CARGO COMISSION.S/VINCULO;5229,77;;5229,77;930,62;4299,15;
APPIO DA SILVA TOLENTINO;DEPTO.POL.IND.E COMERCIAIS;TECNICO DE INCENTIVO 1A.CL.-T.INC-I;; ESTATUTARIO;62539,20;27076,98;35462,22;12407,67;23054,55;
ARLETE NOGUEIRA VIANA;DEPARTAMENTO DE PLANEJAMENTO;ASSISTENTE ADMINISTRATIVO;CHEFE DE DEPARTAMENT; ESTATUTARIO;5771,54;;5771,54;1060,43;4711,11;
ARNOLDO DE OLIVEIRA BARRETO;REMANEJADOS SETRAB;VIGIA-III;; ESTATUTARIO;2861,81;;2861,81;356,59;2505,22;
ARTHUR GOMES BENAYON;REMANEJADOS SETRAB;ASSISTENTE TECNICO 1A CLASSE;; ESTATUTARIO;3595,02;;3595,02;588,21;3006,81;
ASAFE AUGUSTO PAIXAO DE OLIVEIRA;SECRETARIA EXECUTIVA;ASSESSOR I;ASSESSOR I; CARGO COMISSION.S/VINCULO;6624,37;;6624,37;1342,28;5282,09;
BIATRIS LIMA ROCHA;SECRETARIA EXECUTIVA;ASSESSOR III;ASSESSOR III; CARGO COMISSION.S/VINCULO;3191,80;;3191,80;367,36;2824,44;
BRUNA GUIMARAES FONTAO;SEC.EXEC.DE ADM.FINANCAS-SEAF;ASSESSOR III;ASSESSOR III; CARGO COMISSION.S/VINCULO;3191,80;;3191,80;367,36;2824,44;
CAMILA RAMOS FERREIRA;SECRETARIA EXECUTIVA;ASSESSOR III;ASSESSOR III; CARGO COMISSION.S/VINCULO;3191,80;;3191,80;367,36;2824,44;
CARLA SANTOS TORRES CHAGAS;DEPTO.DE PROM.E TRABALHO-DPT;GERENTE;GERENTE; CARGO COMISSION.S/VINCULO;4209,79;;4209,79;633,12;3576,67;
CELENE MARIA LEMOS MENDES;REMANEJADOS SETRAB;ASSISTENTE TECNICO 3A CLASSE;; ESTATUTARIO;3384,22;;3384,22;535,05;2849,17;
CESAR NONATO ARAUJO DA ROCHA;SECRETARIA EXECUTIVA;GERENTE;GERENTE; CARGO COMISSION.S/VINCULO;4209,79;;4209,79;633,12;3576,67;
CEZAR AUGUSTO VIEIRA DE SOUZA;GABINETE DO SECRETARIO;A.OPE-I;ASSESSOR I; ESTATUTARIO;3889,65;;3889,65;654,02;3235,63;
CISNEA MENEZES BASILIO DE SOUZA;GABINETE DO SECRETARIO;SECRETARIO DO COMITE;NAO INFORMADO; CARGO COMISSION.S/VINCULO;5229,77;;5229,77;973,62;4256,15;
CLAUDIA REGINA OLIVEIRA MONTEIRO;REMANEJADOS SETRAB;ASSISTENTE TECNICO 3A CLASSE;CHEFE DE DEPARTAMENT; ESTATUTARIO;5780,28;;5780,28;1063,71;4716,57;
CLENEIDE NEVES HAYDEN;GERENCIA DE GESTAO DE PESSOAL;TNS-I;; ESTATUTARIO;7364,62;;7364,62;1811,62;5553,00;
DARCY DE OLIVEIRA FALCAO;GERENCIA DE APOIO LOGISTICO;AUX.O-I;; ESTATUTARIO;2617,78;;2617,78;387,84;2229,94;
DAYANA SOUZA DOS SANTOS;SECRETARIA EXECUTIVA;ASSESSOR IV;NAO INFORMADO; CARGO COMISSION.S/VINCULO;2575,61;;2575,61;246,83;2328,78;
DAYANNA ELIZABETH DA SILVA MACHADO;DEPTO.DE PROM.E TRABALHO-DPT;ASSESSOR I;ASSESSOR I; CARGO COMISSION.S/VINCULO;5229,77;;5229,77;973,62;4256,15;
DAYANNA ELIZABETH DA SILVA MACHADO;SEC.EXEC.TRAB.EMPREEN.-SETEMP;CHEFE DE DEPARTAMENTO;; CARGO COMISSION.S/VINCULO;7263,56;;7263,56;;7263,56;
DENISE BEZERRA LIMA;DEPTO.DE ADMINIST.E FINANCAS;ASSISTENTE TECNICO I;GERENTE; ESTATUTARIO;4087,62;;4087,62;667,88;3419,74;
DEUZA MARIA DA ROCHA MARTINIANO;REMANEJADOS SETRAB;AGENTE ADMINISTRATIVO 3A CLASSE;; ESTATUTARIO;3586,28;;3586,28;585,86;3000,42;
DIENES TABOSA DA SILVA;SECRETARIA EXECUTIVA;ASSESSOR IV;ASSESSOR IV; CARGO COMISSION.S/VINCULO;2540,48;;2540,48;209,11;2331,37;
DULCE MARGARETE DA SILVA JATAHY;DEPTO.POL.IND.E COMERCIAIS;TECNICO DE INCENTIVO 1A.CL.-T.INC-I;; ESTATUTARIO;72069,51;31642,58;40426,93;13721,54;26705,39;
EDERSON CESAR SANTOS LIBORIO;GERENCIA DE PLAN.ORC.E GESTAO;ASSESSOR III;ASSESSOR III AD-3; CARGO COMISSION.S/VINCULO;3191,80;;3191,80;367,36;2824,44;
EDINILSON DE CASTRO VIANA;REMANEJADOS SETRAB;A.TEC-II;; ESTATUTARIO;3655,15;;3655,15;557,53;3097,62;
EDNA SOUSA FERREIRA;REMANEJADOS SETRAB;AUX.S.G-I;; ESTATUTARIO;2926,65;;2926,65;403,04;2523,61;
EDUARDO HENRIQUE ARCHER PINTO;DEPTO.POL.IND.E COMERCIAIS;TECNICO DE INCENTIVO 1A.CL.-T.INC-I;; ESTATUTARIO;6730,80;;6730,80;1528,75;5202,05;
EDUARDO JORGE DE ALMEIDA F SILVA;DEPTO.POL.IND.E COMERCIAIS;A.TEC-I;ASSIST.TEC.2ª CLASSE; ESTATUTARIO;32441,80;;32441,80;11242,99;21198,81;
EDVALDO GRANGEIRO PINHEIRO;REMANEJADOS SETRAB;A.TEC-II;; ESTATUTARIO;3655,15;;3655,15;628,43;3026,72;
EFRAHIM TAVARES DE MELLO;DEPTO.DE ADMINIST.E FINANCAS;A.TEC-I;; ESTATUTARIO;23379,53;;23379,53;7757,07;15622,46;
ELCY SEREJO CORREA;DEPTO.EST.PESQ.E INFORMACOES;TNS-I;; ESTATUTARIO;5895,46;;5895,46;1350,28;4545,18;
ELIDA DE SOUZA XAVIER GAMA;GERENCIA DE PESSOAL;ASSESSOR IV;NAO INFORMADO; CARGO COMISSION.S/VINCULO;2575,61;;2575,61;212,39;2363,22;
ENEDINA PEREIRA DE OLIVEIRA;REMANEJADOS SETRAB;AGENTE ADMINISTRATIVO 3A CLASSE;; ESTATUTARIO;3384,22;;3384,22;555,55;2828,67;
ERLISON DANTAS DE LIMA;SECRETARIA EXECUTIVA;GERENTE;GERENTE; CARGO COMISSION.S/VINCULO;4209,79;;4209,79;633,12;3576,67;
ERNANDES SANTOS DA SILVA;REMANEJADOS SETRAB;A.TEC-I;; ESTATUTARIO;3897,48;;3897,48;693,62;3203,86;
ETIANE SILVA VALENTE;SECRETARIA EXECUTIVA;ASSESSOR III;ASSESSOR III; CARGO COMISSION.S/VINCULO;3191,80;;3191,80;367,36;2824,44;
EUDES JOSÉ COELHO NETO;SECRETARIA EXECUTIVA;ASSESSOR III;NAO INFORMADO; CARGO COMISSION.S/VINCULO;3191,80;;3191,80;367,36;2824,44;
EVELIN JATAI DA SILVA;SECRETARIA EXECUTIVA;ASSESSOR III;; CARGO COMISSION.S/VINCULO;2659,82;;2659,82;;2659,82;
FABIANA BATISTA DA COSTA;GERENCIA DE GESTAO DE PESSOAL;ASSESSOR IV;ASSESSORA IV AD4; CARGO COMISSION.S/VINCULO;4234,15;;4234,15;641,24;3592,91;
FABIO BATISTA DOS SANTOS;SECRETARIA EXECUTIVA;GERENTE;NAO INFORMADO; CARGO COMISSION.S/VINCULO;4209,79;;4209,79;601,44;3608,35;
FATIMA MARIA RAMOS ELIAS;DEPTO.POL.IND.E COMERCIAIS;TECNICO DE INCENTIVO 1A.CL.-T.INC-I;; ESTATUTARIO;43243,91;;43243,91;13911,06;29332,85;
FERNANDO BRUNO CESAR DE QUEIROZ;SEC.GER.CONS.DESEN.DO AM-CODAM;SECRETARIO DO CODAM;NAO INFORMADO; CARGO COMISSION.S/VINCULO;5229,77;;5229,77;712,73;4517,04;
FRANCISCO DAS CHAGAS COELHO LIMA;GERENCIA DE APOIO LOGISTICO;A.TEC-I;; ESTATUTARIO;39520,50;;39520,50;12629,82;26890,68;
FRANK EVANDRO DE SOUZA SENA;GABINETE DO SECRETARIO;ASSESSOR III;ASSESSOR III; CARGO COMISSION.S/VINCULO;3191,80;;3191,80;367,36;2824,44;
GABRIEL KASSAMA DO AMARAL MOREIRA;SECRETARIA EXECUTIVA;ASSESSOR III;ASSESSOR III; CARGO COMISSION.S/VINCULO;3191,80;;3191,80;367,36;2824,44;
GENY BERONY DA SILVA PINHEIRO;REMANEJADOS SETRAB;AUX.S.G-I;; ESTATUTARIO;2566,46;;2566,46;349,33;2217,13;
GILBERTO CAVALCANTI GOMES DA SILVA;REMANEJADOS SETRAB;MOTORISTA 3A CLASSE;; ESTATUTARIO;2684,46;;2684,46;371,61;2312,85;
GILSON NUNO DE PONTES E SOUSA;DEPTO.POL.IND.E COMERCIAIS;TECNICO DE INCENTIVO 2A.CL-T.INC-II;; ESTATUTARIO;59303,85;23841,63;35462,22;12303,78;23158,44;
GIOVANNA BEATRIZ FARIAS LIBANIA;SECRETARIA EXECUTIVA;GERENTE;GERENTE; CARGO COMISSION.S/VINCULO;4209,79;;4209,79;633,12;3576,67;
GIOVANNA DA SILVA GONCALVES;SECRETARIA EXECUTIVA;GERENTE;GERENTE; CARGO COMISSION.S/VINCULO;4209,79;;4209,79;633,12;3576,67;
GISELLE SAMARA DOS SANTOS GONZAGA;GABINETE DO SECRETARIO;ASSESSOR I;; CARGO COMISSION.S/VINCULO;6973,03;;6973,03;1629,96;5343,07;
GRACA IZONEY VIEIRA TOME;SECRETARIA EXECUTIVA;GERENTE;GERENTE; CARGO COMISSION.S/VINCULO;4209,79;;4209,79;633,12;3576,67;
GREICE AMELIA MULLER MUBARAC;REMANEJADOS SETRAB;A.TEC-I;GERENTE DE POSTO; ESTATUTARIO;4443,13;;4443,13;786,45;3656,68;
GUILHERME VILAGELIM DE SOUZA;SECRETARIA EXECUTIVA;CHEFE DE DEPARTAMENTO;CHEFE DE DEPARTAMENT; CARGO COMISSION.S/VINCULO;5229,77;;5229,77;973,62;4256,15;
GUSTAVO ADOLFO IGREJAS FILGUEIRAS;SECRETARIA EXECUTIVA;SECRETARIO EXECUTIVO;SECRETARIO EXECUTIVO; DISP. OUTROS ESFERAS;9900,00;;9900,00;1853,14;8046,86;
HAROLDO DE OLIVEIRA SANTOS;REMANEJADOS SETRAB;A.TEC-I;; ESTATUTARIO;4506,34;;4506,34;764,03;3742,31;
HERCULES ANTONIO RIBEIRO FREIRE;GERENCIA DE APOIO LOGISTICO;A.OPE-II;; ESTATUTARIO;3633,19;;3633,19;565,98;3067,21;
ICARO DE MENDONCA JUCA;SECRETARIA EXECUTIVA;GERENTE;GERENTE; CARGO COMISSION.S/VINCULO;4209,79;;4209,79;633,12;3576,67;
IONE DE MELO BERNARDO CUNHA;DEPTO.DE ADMINIST.E FINANCAS;A.TEC-II;; ESTATUTARIO;4166,87;;4166,87;648,32;3518,55;
IRACEMA DE LIMA COLLYER;GERENCIA DE GESTAO DE PESSOAL;A.TEC-I;; ESTATUTARIO;3760,26;;3760,26;678,98;3081,28;
IRACEMA MAIA DA SILVA;SECRETARIA EXECUTIVA;ASSESSOR II;; CARGO COMISSION.S/VINCULO;5846,92;;5846,92;;5846,92;
IRANEIDE LIMA ALVES;GABINETE DO SECRETARIO;ASSESSOR III;ASSESSOR III; CARGO COMISSION.S/VINCULO;3191,80;;3191,80;367,36;2824,44;
IRLENE MARIA PESSOA;DEPTO.DE ADMINIST.E FINANCAS;A.TEC-I;; ESTATUTARIO;4439,41;;4439,41;785,26;3654,15;
ISABELLE VINHOTE DE SOUZA;SECRETARIA EXECUTIVA;GERENTE;GERENTE; CARGO COMISSION.S/VINCULO;4209,79;;4209,79;633,12;3576,67;
ISADORA RIBEIRO PEDROSO;SEC.EXEC.TRAB.EMPREEN.-SETEMP;ASSESSOR IV;ASSESSOR IV; CARGO COMISSION.S/VINCULO;3175,61;;3175,61;363,27;2812,34;
ITAMAR FERREIRA DO AMARAL JUNIOR;SECRETARIA EXECUTIVA;GERENTE;GERENTE; CARGO COMISSION.S/VINCULO;4209,79;;4209,79;633,12;3576,67;
IVANILSE ALMEIDA DE SOUZA;REMANEJADOS SETRAB;AGENTE ADMINISTRATIVO 3A CLASSE;; ESTATUTARIO;3384,22;;3384,22;520,83;2863,39;
IZABEL CRISTINA PERRONE DO ROSARIO;REMANEJADOS SETRAB;A.TEC-I;; ESTATUTARIO;4489,17;;4489,17;801,19;3687,98;
IZANE FERREIRA BARRONCAS SILVESTRE;SECRETARIA EXECUTIVA;ASSESSOR III;NAO INFORMADO; CARGO COMISSION.S/VINCULO;4255,73;;4255,73;648,44;3607,29;
JEFFERSON MAGNO SILVA DOS SANTOS;GERENCIA DE APOIO LOGISTICO;ASSESSOR IV;NAO INFORMADO; CARGO COMISSION.S/VINCULO;3175,61;;3175,61;329,99;2845,62;
JEIBI MEDEIROS DA COSTA;SECRETARIA EXECUTIVA;CHEFE DE DEPARTAMENTO;NAO INFORMADO; CARGO COMISSION.S/VINCULO;11700,00;;11700,00;2984,12;8715,88;
JESSE NATANAEL DE JESUS ALMEIDA;SECRETARIA EXECUTIVA;ASSESSOR III;NAO INFORMADO; CARGO COMISSION.S/VINCULO;3191,80;;3191,80;347,23;2844,57;
JOANA MARIA VIEIRA MARQUES;DEPTO.DE MICRO E PEQ.EMPRESA;A.TEC-I;; ESTATUTARIO;25285,47;;25285,47;8335,44;16950,03;
JOAO BRAS DE OLIVEIRA SANTIAGO;REMANEJADOS SETRAB;A.TEC-I;; ESTATUTARIO;3906,23;;3906,23;695,97;3210,26;
JOAO CARLOS DE SOUZA GRANJEIRO;REMANEJADOS SETRAB;A.TEC-II;; ESTATUTARIO;4873,53;;4873,53;857,00;4016,53;
JOAO PEDRO GONDIM DOCE CORDEIRO;GABINETE DO SECRETARIO;ASSESSOR I;ASSESSOR I; CARGO COMISSION.S/VINCULO;5229,77;;5229,77;973,62;4256,15;
JOHN VANE BESSA ROSA;DEPTO.POL.IND.E COMERCIAIS;GERENTE;; CARGO COMISSION.S/VINCULO;4209,79;;4209,79;633,12;3576,67;
JORIA ITUASSU GALVAO FERNANDES;SECRETARIA EXECUTIVA;ASSESSOR III;ASSESSOR III; CARGO COMISSION.S/VINCULO;3191,80;;3191,80;367,36;2824,44;
JOSE ALBERTO MARQUES DE MATOS;GERENCIA DE PLAN.ORC.E GESTAO;AUX.S.G-I;; ESTATUTARIO;4300,02;;4300,02;594,54;3705,48;
JOSE ANTONIO PADILHA;GERENCIA DE APOIO LOGISTICO;ASSISTENTE ADMINISTRATIVO;; ESTATUTARIO;3577,54;;3577,54;583,52;2994,02;
JOSE MAURICIO DO ESPIRITO SANTO;REMANEJADOS SETRAB;AUXILIAR DE SERV GERAIS 3A CLASSE;; ESTATUTARIO;2491,35;;2491,35;309,07;2182,28;
JOSE SANDRO DA MOTA RIBEIRO;DEPTO.DE DESENV.REGIONAL;A.TEC-II;CHEFE DE DEPARTAMENT; ESTATUTARIO;5835,46;;5835,46;1106,39;4729,07;
JOSE SELVIO TEIXEIRA PICANCO;SECRETARIA EXECUTIVA;CHEFE DE DEPARTAMENTO;CHEFE DE DEPARTAMENT; CARGO COMISSION.S/VINCULO;5229,77;;5229,77;973,62;4256,15;
JOSENETE CAVALCANTE COSTA;DEPTO.EST.PESQ.E INFORMACOES;CHEFE DE DEPARTAMENTO;; CARGO COMISSION.S/VINCULO;5229,77;;5229,77;973,62;4256,15;
JUDITH FRANCISCA SANCHES OLIVEIRA;DEPTO.DE MICRO E PEQ.EMPRESA;TNS-I;ASSESSOR I; ESTATUTARIO;7793,73;;7793,73;1922,29;5871,44;
JULIA MAGALHAES DA ROCHA;DEPTO.POL.IND.E COMERCIAIS;A.TEC-I;; ESTATUTARIO;29746,79;;29746,79;9879,39;19867,40;
JULIO AFONSO DA SILVA FILHO;DEPTO.EST.PESQ.E INFORMACOES;A.TEC-I;GERENTE AD-2; ESTATUTARIO;4419,32;;4419,32;778,83;3640,49;
JURACY DA TRINDADE MAGNO;REMANEJADOS SETRAB;AGENTE ADMINISTRATIVO 1A CLASSE;MONITOR; ESTATUTARIO;4070,03;;4070,03;659,46;3410,57;
KAMILA SARKIS DE CASTRO;ASSESSORIA JURIDICA;ASSESSOR I;ASSESSOR I AD-1; CARGO COMISSION.S/VINCULO;5229,77;;5229,77;973,62;4256,15;
KARLA MARILIA AMAZONAS DA S ARAKAKI;SECRETARIA EXECUTIVA;GERENTE;GERENTE; CARGO COMISSION.S/VINCULO;4209,79;;4209,79;633,12;3576,67;
KEMER UGARTE AMORIM;REMANEJADOS SETRAB;A.TEC-II;; ESTATUTARIO;3655,15;;3655,15;600,00;3055,15;
KEYLA KARYNA LEMOS DE OLIVEIRA;ASSESSORIA;ASSESSOR II;ASSESSOR II; CARGO COMISSION.S/VINCULO;4209,79;;4209,79;601,44;3608,35;
LARISSA MONTEIRO DE AZEVEDO;SEC.EXC.MIN.ENER.PET.GAS-SEMEP;GERENTE;GERENTE; CARGO COMISSION.S/VINCULO;4209,79;;4209,79;633,12;3576,67;
LAURO MENEZES DE ARAUJO;REMANEJADOS SETRAB;ASSISTENTE TECNICO 3A CLASSE;; ESTATUTARIO;3586,28;;3586,28;585,86;3000,42;
LEANDRO DA COSTA CARVALHO;GABINETE DO SECRETARIO;ASSESSOR II;ASSESSOR II; CARGO COMISSION.S/VINCULO;3508,15;;3508,15;391,85;3116,30;
LIGIA AUGUSTA RIBEIRO DOS S COSTA;REMANEJADOS SETRAB;TECNICO 3A CLASSE;; ESTATUTARIO;5252,89;;5252,89;1115,71;4137,18;
LIGIA LAISE DE ARAUJO LOBATO;SECRETARIA EXECUTIVA;ASSESSOR II;; CARGO COMISSION.S/VINCULO;5613,04;;5613,04;52,62;5560,42;
LOHAYNE PIMENTEL DEMETRIO;SECRETARIA EXECUTIVA;ASSESSOR III;; CARGO COMISSION.S/VINCULO;4078,40;;4078,40;;4078,40;
LUCIA CAVALCANTE DE C GONCALVES;SECRETARIA EXECUTIVA;ASSESSOR I;; CARGO COMISSION.S/VINCULO;6682,47;;6682,47;;6682,47;
LUCIA FERNANDA FOLHADELA BATISTA;GERENCIA DE PESSOAL;ASSESSOR II;ASSESSOR II; CARGO COMISSION.S/VINCULO;4209,79;;4209,79;573,00;3636,79;
LUCKAS PIMENTA MORAES;GERENCIA DE MAT. E PATRIMONIO;ASSESSOR III;; CARGO COMISSION.S/VINCULO;3191,80;;3191,80;367,36;2824,44;
LUIZ BERNARDO FERREIRA PINTO;SECRETARIA EXECUTIVA;GERENTE;NAO INFORMADO; CARGO COMISSION.S/VINCULO;4209,79;;4209,79;633,12;3576,67;
LUZANHA BUDIENE DE ARAUJO ZANOLI;REMANEJADOS SETRAB;ASSISTENTE TECNICO 3A CLASSE;OFICIAL DE GABINETE; ESTATUTARIO;3586,28;;3586,28;585,86;3000,42;
MANOEL RIBEIRO DE OLIVEIRA;REMANEJADOS SETRAB;A.TEC-I;; ESTATUTARIO;4463,07;;4463,07;792,84;3670,23;
MARCELO GOMES DE OLIVEIRA;DEPTO.DE ADMINIST.E FINANCAS;A.TEC-II;; ESTATUTARIO;4855,28;;4855,28;584,56;4270,72;
MARCELO ULTIMO HOUNSELL DE BARROS;DEPTO.TEC.DA INFORMACAO-DETI;ASSESSOR IV;ASSESSOR IV; CARGO COMISSION.S/VINCULO;3434,15;;3434,15;428,43;3005,72;
MARCIA SOUZA AMORIM LOBATO;GABINETE DO SECRETARIO;ASSESSOR II;NAO INFORMADO; CARGO COMISSION.S/VINCULO;4209,79;;4209,79;633,12;3576,67;
MARCIO ANDRE MARIALVA MENEZES;SECRETARIA EXECUTIVA;GERENTE;GERENTE; CARGO COMISSION.S/VINCULO;4209,79;;4209,79;633,12;3576,67;
MARCO ANTONIO DE OLIVEIRA VILLELA;SECRETARIA EXECUTIVA;SECRETARIO EXECUTIVO;NAO INFORMADO; CARGO COMISSION.S/VINCULO;11700,00;;11700,00;2879,85;8820,15;
MARCONDE CARVALHO DE NORONHA;SECRETARIA EXECUTIVA;CHEFE DE DEPARTAMENTO;CHEFE DE DEPARTAMENT; CARGO COMISSION.S/VINCULO;5229,77;;5229,77;973,62;4256,15;
MARCOS ANTONIO SOUZA DOS SANTOS;REMANEJADOS SETRAB;A.TEC-II;; ESTATUTARIO;3655,15;;3655,15;600,00;3055,15;
MARCUS ANTONIO NOBRE DE ARAUJO;DEPTO.POL.IND.E COMERCIAIS;A.TEC-I;; ESTATUTARIO;36900,99;;36900,99;12465,50;24435,49;
MARGARETE SOCORRO LAVAREDA OLIVEIRA;REMANEJADOS SETRAB;MONITOR 2A CLASSE;; ESTATUTARIO;4535,61;;4535,61;753,47;3782,14;
MARIA AUXILIADORA GOMES BEZERRA;DEPARTAMENTO DE PLANEJAMENTO;TNS-I;; ESTATUTARIO;7302,76;;7302,76;1789,10;5513,66;
MARIA CAMILA FOWLER BARROS;DEPTO.POL.IND.E COMERCIAIS;A.TEC-I;; ESTATUTARIO;32274,41;;32274,41;11182,56;21091,85;
MARIA CELESTE DA COSTA FREITAS;DEPARTAMENTO DE PLANEJAMENTO;TNS-I;; ESTATUTARIO;7386,95;;7386,95;1819,12;5567,83;
MARIA DAS GRACAS BRANDAO DOS REIS;SECRETARIA EXECUTIVA;ASSESSOR IV;ASSESSOR IV; CARGO COMISSION.S/VINCULO;3175,61;;3175,61;363,27;2812,34;
MARIA DAS GRACAS COSTA BRINGEL;DEPTO.POL.IND.E COMERCIAIS;TECNICO DE INCENTIVO 1A.CL.-T.INC-I;; ESTATUTARIO;22069,04;;22069,04;7066,69;15002,35;
MARIA DE FATIMA LOPES DE ASSIS;SECRETARIA EXECUTIVA;GERENTE;NAO INFORMADO; CARGO COMISSION.S/VINCULO;4209,79;;4209,79;633,12;3576,67;
MARIA DE LOURDES GALVAO LIMA;REMANEJADOS SETRAB;AUX.S.G-II;; ESTATUTARIO;2520,15;;2520,15;354,56;2165,59;
MARIA DE LOURDES RAMOS DA SILVA;REMANEJADOS SETRAB;A.TEC-I;; ESTATUTARIO;3783,38;;3783,38;662,93;3120,45;
MARIA DO PERPETUO SOCORRO C MIRANDA;REMANEJADOS SETRAB;AUX.S.G-II;; ESTATUTARIO;2520,15;;2520,15;354,56;2165,59;
MARIA DO PERPETUO SOCORRO R MACIEL;DEPARTAMENTO DE PLANEJAMENTO;TNS-II;TECNICO 3ª CLASSE; ESTATUTARIO;6989,94;;6989,94;1675,22;5314,72;
MARIA DO ROSARIO ALENCAR DE SOUZA;DEPTO.POL.IND.E COMERCIAIS;A.TEC-I;ASSESSOR I; ESTATUTARIO;5895,97;;5895,97;1134,92;4761,05;
MARIA DO ROSARIO SA DE OLIVEIRA;DEPTO.POL.IND.E COMERCIAIS;TECNICO DE INCENTIVO 2A.CL-T.INC-II;; ESTATUTARIO;63905,54;23478,61;40426,93;13847,46;26579,47;
MARIA ELIZABETH DE AZEVEDO NORONHA;REMANEJADOS SETRAB;A.TEC-II;; ESTATUTARIO;3655,15;;3655,15;628,43;3026,72;
MARIA IVANI DE CASTRO RODRIGUES;COM.POL.FIN.INV.ESTRATEGICOS;ASSESSOR I;; CARGO COMISSION.S/VINCULO;5229,77;;5229,77;973,62;4256,15;
MARIA MERCEDES ANDRADE SENNA;SECRETARIA EXECUTIVA;SUBGERENTE;SUBGERENTE; CARGO COMISSION.S/VINCULO;3191,80;;3191,80;367,36;2824,44;
MARILIA BARROS CHAYEN MARTINS;REMANEJADOS SETRAB;A.TEC-I;; ESTATUTARIO;4453,10;;4453,10;789,64;3663,46;
MARINEUZA MARINHO DE M MONTEIRO;DEPTO.DE ADM.E FINANCAS;CHEFE DE DEPARTAMENTO;CHEFE DE DEPARTAMENT; CARGO COMISSION.S/VINCULO;5229,77;;5229,77;973,62;4256,15;
MARLON JOSÉ LIMA DUTRA;SECRETARIA EXECUTIVA;GERENTE;NAO INFORMADO; CARGO COMISSION.S/VINCULO;4209,79;;4209,79;633,12;3576,67;
MARY ANNE GAMA PARENTE;GABINETE DO SECRETARIO;TEC. DE NIVEL SUPERIOR 1A CLASSE;CHEFE DE GABINETE; ESTATUTARIO;6752,62;;6752,62;1476,96;5275,66;
MAYARA DA CUNHA BONAFE;SEC.EXEC.DE ADM.FINANCAS-SEAF;GERENTE;GERENTE; CARGO COMISSION.S/VINCULO;4209,79;;4209,79;601,44;3608,35;
MESSODY GUSMAO YPIRANGA BENEVIDES;SECRETARIA EXECUTIVA;ASSESSOR I;ASSESSOR I; CARGO COMISSION.S/VINCULO;5229,77;;5229,77;887,97;4341,80;
MILENA ARYCE MENTA BARKER;SECRETARIA EXECUTIVA;CHEFE DE DEPARTAMENTO;CHEFE DE DEPARTAMENT; CARGO COMISSION.S/VINCULO;5229,77;;5229,77;973,62;4256,15;
MILENA MARIA COSTA DA SILVA;SECRETARIA EXECUTIVA;ASSESSOR III;NAO INFORMADO; CARGO COMISSION.S/VINCULO;3191,80;;3191,80;347,23;2844,57;
MURILO ALVES DA CUNHA JUNIOR;REMANEJADOS SETRAB;TNS-I;; ESTATUTARIO;8947,62;;8947,62;2179,45;6768,17;
NADEGE OLIVEIRA DA SILVA SANTOS;REMANEJADOS SETRAB;A.TEC-I;; ESTATUTARIO;5208,31;;5208,31;959,56;4248,75;
NADJA SIMOES BARBOSA BRITO;DEPTO.DE CONTR.DE INCENT-DCI;A.TEC-I;; ESTATUTARIO;30646,90;;30646,90;10136,00;20510,90;
NAIRO SILVA ALENCAR;SECRETARIA EXECUTIVA;GERENTE;NAO INFORMADO; CARGO COMISSION.S/VINCULO;4209,79;;4209,79;633,12;3576,67;
NATACHA PORTO DE SOUSA;DEPTO.E EST.E GEOPROC.-DEGEO;GERENTE;GERENTE; CARGO COMISSION.S/VINCULO;5613,05;;5613,05;1117,93;4495,12;
NATACHA SOARES BULCAO DA COSTA;GERENCIA DE APOIO LOGISTICO;GERENTE;NAO INFORMADO; CARGO COMISSION.S/VINCULO;4209,79;;4209,79;633,12;3576,67;
NAYRA DOS SANTOS MOUMEH;SECRETARIA EXECUTIVA;ASSESSOR II;NAO INFORMADO; CARGO COMISSION.S/VINCULO;4209,79;;4209,79;601,44;3608,35;
NAZARE MIRANDA DA SILVA;REMANEJADOS SETRAB;ASSISTENTE TECNICO 3A CLASSE;; ESTATUTARIO;4781,71;;4781,71;721,63;4060,08;
NEILA MOREIRA DE OLIVEIRA;REMANEJADOS SETRAB;AGENTE ADMINISTRATIVO 3A CLASSE;; ESTATUTARIO;3577,54;;3577,54;583,52;2994,02;
OLGA SANTANA DE FREITAS;CAMARAS IND.AG.C.S.T.B.M.P.EMP;A.TEC-I;ASSI.TEC.NI/REFIII; ESTATUTARIO;4821,43;;4821,43;898,87;3922,56;
ORCINEIDE MARIA DA SILVA OLIVEIRA;REMANEJADOS SETRAB;A.TEC-I;; ESTATUTARIO;4443,13;;4443,13;786,45;3656,68;
PATRICIA NINA FREITAS;SECRETARIA EXECUTIVA;ASSESSOR II;NAO INFORMADO; CARGO COMISSION.S/VINCULO;4209,79;;4209,79;573,00;3636,79;
PATRICK COSTA DE AMORIM LIMA;SECRETARIA EXECUTIVA;SUBGERENTE;SUBGERENTE; CARGO COMISSION.S/VINCULO;3191,80;;3191,80;367,36;2824,44;
PATRIK DA SILVA COSTA;SECRETARIA EXECUTIVA;ASSESSOR III;ASSESSOR III; CARGO COMISSION.S/VINCULO;3191,80;;3191,80;367,36;2824,44;
PAUDERNEY TOMAZ AVELINO;GABINETE DO SECRETARIO;SECRETARIO DE ESTADO;SECRETARIO DE ESTADO; CARGO COMISSION.S/VINCULO;28060,00;;28060,00;7483,12;20576,88;
PAULA FRANCINETTE DE L M RODRIGUES;DEPTO.DE DESENV.REGIONAL;A.TEC-I;; ESTATUTARIO;5685,76;;5685,76;1085,93;4599,83;
PAULO CEZAR CAVALCANTE CONCEICAO;ASSESSORIA;ASSESSOR III;ASSESSOR III; CARGO COMISSION.S/VINCULO;4255,73;;4255,73;648,44;3607,29;
PAULO GILSON FERRAZ AFONSO;SECRETARIA EXECUTIVA;SECRETARIO EXECUTIVO;SECRETARIO EXECUTIVO; CARGO COMISSION.S/VINCULO;11700,00;;11700,00;2879,85;8820,15;
PAULO RICARDO RODRIGUES DE SOUZA;DEPTO.DE ADM.E FINANCAS;CHEFE DE DEPARTAMENTO;; CARGO COMISSION.S/VINCULO;13443,26;;13443,26;3463,52;9979,74;
PAULO RODRIGUES DE MELO NETO;SECRETARIA EXECUTIVA;GERENTE;GERENTE; CARGO COMISSION.S/VINCULO;4209,79;;4209,79;633,12;3576,67;
POJUCAN JOSE BACELLAR DE SOUZA;ASSESSORIA DE COM.SOCIAL;TNS-I;; ESTATUTARIO;12639,12;;12639,12;3786,56;8852,56;
PRISCILA DA SILVA COSTA;GABINETE DO SECRETARIO;ASSESSOR III;; CARGO COMISSION.S/VINCULO;3191,80;;3191,80;367,36;2824,44;
RAIMUNDO EURIPEDES PAIVA;REMANEJADOS SETRAB;AUX.S.G-II;; ESTATUTARIO;3191,57;;3191,57;333,35;2858,22;
REGINA CELIA GOMES DA CUNHA;SECRETARIA EXECUTIVA;ASSESSOR III;ASSESSOR III; CARGO COMISSION.S/VINCULO;3191,80;;3191,80;367,36;2824,44;
RICHARDSON GUTEMBERG COUTINHO LEMOS;SECRETARIA EXECUTIVA;ASSESSOR III;; CARGO COMISSION.S/VINCULO;1241,25;;1241,25;;1241,25;
RITA CASSIA MATIAS DA SILVEIRA;REMANEJADOS SETRAB;AGENTE ADMINISTRATIVO 3A CLASSE;; ESTATUTARIO;3586,28;;3586,28;585,86;3000,42;
RITA DE CASSIA ALMEIDA LIMA;DEPTO.DE DESENV.REGIONAL;TNS-I;; ESTATUTARIO;6855,08;;6855,08;1626,13;5228,95;
ROGER MATHEUS CINTRA MARANHAO;ASSESSORIA JURIDICA;ASSESSOR III;NAO INFORMADO; CARGO COMISSION.S/VINCULO;3191,80;;3191,80;367,36;2824,44;
ROMULO JOSE DE PAULA NUNES;SECRETARIA EXECUTIVA;GERENTE;GERENTE; CARGO COMISSION.S/VINCULO;4209,79;;4209,79;633,12;3576,67;
ROOSEVELT ARAUJO FERREIRA;GERENCIA DE APOIO LOGISTICO;FISCAL RODOVIARIO;; ESTATUTARIO;3577,54;;3577,54;534,20;3043,34;
ROSA TEREZINHA ARANHA CARDOSO;REMANEJADOS SETRAB;A.TEC-I;CHEFE DE SERVICO; ESTATUTARIO;5901,24;;5901,24;1160,02;4741,22;
ROSEMARY SILVA DE BRITO;REMANEJADOS SETRAB;AUX.S.G-II;; ESTATUTARIO;3516,15;;3516,15;455,97;3060,18;
SABRINA SENA DA FONSECA;GERENCIA DE MAT. E PATRIMONIO;GERENTE;; CARGO COMISSION.S/VINCULO;4209,79;;4209,79;633,12;3576,67;
SAMANTHA OLIVEIRA GOMES S CHIXARO;SEC.EXEC.TRAB.EMPREEN.-SETEMP;CHEFE DE DEPARTAMENTO;CHEFE DE DEPARTAMENT; CARGO COMISSION.S/VINCULO;5229,77;;5229,77;973,62;4256,15;
SAMANTHA OLIVEIRA GOMES S CHIXARO;SECRETARIA EXECUTIVA;ASSESSOR I;; CARGO COMISSION.S/VINCULO;4358,13;;4358,13;;4358,13;
SAMEA MARIA ALMEIDA DE FREITAS;REMANEJADOS SETRAB;AUX.S.G-II;; ESTATUTARIO;2520,15;;2520,15;354,56;2165,59;
SAMUEL ARTUR MAIA MENDES;DEPARTAMENTO DE PLANEJAMENTO;GERENTE;; CARGO COMISSION.S/VINCULO;4209,79;;4209,79;633,12;3576,67;
SANDRA LEILA PINHEIRO DOS SANTOS;REMANEJADOS SETRAB;A.TEC-I;; ESTATUTARIO;3897,48;;3897,48;693,62;3203,86;
SANDRA MARIA ALEIXO DOS SANTOS;DEPTO.DES.ORG.E REC.HUMANOS;ASSISTENTE TECNICO 2A CLASSE;; ESTATUTARIO;3885,35;;3885,35;658,90;3226,45;
SIDELMA DA LUZ BARBOSA;REMANEJADOS SETRAB;MONITOR 3A CLASSE;; ESTATUTARIO;4070,03;;4070,03;659,46;3410,57;
SIDNEI NUNES MAGALHAES;SECRETARIA EXECUTIVA;CHEFE DE DEPARTAMENTO;CHEFE DE DEPARTAMENT; DISP. OUTROS ESFERAS;5000,00;;5000,00;505,64;4494,36;
SIGRID DA SILVA ABINADER;DEPTO.POL.IND.E COMERCIAIS;A.TEC-I;; ESTATUTARIO;36322,24;;36322,24;12254,81;24067,43;
SILENE RODRIGUES DE ALMEIDA;SEC.GER.CONS.DESEN.DO AM-CODAM;A.TEC-I;; ESTATUTARIO;20692,31;;20692,31;6600,69;14091,62;
SILVANO JANUARIO DA SILVA;REMANEJADOS SETRAB;A.TEC-II;; ESTATUTARIO;3655,15;;3655,15;600,00;3055,15;
SILVIA MARIA NASCIMENTO BRAGA;DEPTO.DE MICRO E PEQ.EMPRESA;A.TEC-I;; ESTATUTARIO;5742,29;;5742,29;1105,37;4636,92;
SILVIA RODRIGUES DE MENEZES;CAMARAS IND.AG.C.S.T.B.M.P.EMP;A.TEC-II;; ESTATUTARIO;3717,96;;3717,96;645,33;3072,63;
SIMONE DA CONCEICAO PEREIRA ARAUJO;REMANEJADOS SETRAB;A.TEC-II;; ESTATUTARIO;3655,15;;3655,15;628,43;3026,72;
SINARA DO SOCORRO BRAGA NASCIMENTO;SECRETARIA EXECUTIVA;CHEFE DE DEPARTAMENTO;CHEFE DE DEPARTAMENT; CARGO COMISSION.S/VINCULO;6955,13;;6955,13;1623,22;5331,91;
SNAYDY JENNYFER MONTEIRO MARQUES;SECRETARIA EXECUTIVA;ASSESSOR III;ASSESSOR III; CARGO COMISSION.S/VINCULO;3191,80;;3191,80;367,36;2824,44;
SONIA JANETE GUERRA DOS S GOMES;DEPARTAMENTO DE PLANEJAMENTO;ENGENHEIRO DE PESCA;; ESTATUTARIO;13320,47;;13320,47;3451,51;9868,96;
SUELY SANTOS PEREIRA;REMANEJADOS SETRAB;MONITOR 2A CLASSE;; ESTATUTARIO;3401,71;;3401,71;560,26;2841,45;
SYLVANIO RODRIGUES MEDEIROS;DEPTO.DE ANALISE ECONOMICA;GERENTE;NAO INFORMADO; CARGO COMISSION.S/VINCULO;5613,05;;5613,05;1065,79;4547,26;
TANIA REGINA DE SA RIBEIRO;DEPARTAMENTO DE PLANEJAMENTO;TNS-II;; ESTATUTARIO;9067,53;;9067,53;2248,89;6818,64;
TELMA LUCIA NATIVIDADE ARAUJO;GERENCIA DE GESTAO DE PESSOAL;AGENTE ADMINISTRATIVO 3A CLASSE;GERENTE AD-2-; ESTATUTARIO;4780,28;;4780,28;806,62;3973,66;
THAYNA WANDERLEI DE ALBUQUERQUE;DEPTO.RECURSOS MINERAIS-DRM;GERENTE;GERENTE; CARGO COMISSION.S/VINCULO;5613,05;;5613,05;1117,93;4495,12;
VANESSA GOMES VIANNA;SECRETARIA EXECUTIVA;SECRETARIO DO COMITE;NAO INFORMADO; CARGO COMISSION.S/VINCULO;5229,77;;5229,77;973,62;4256,15;
VANGRESSA COSTA DE LIMA;REMANEJADOS SETRAB;ASSESSOR IV;ASSESSOR IV; CARGO COMISSION.S/VINCULO;2575,61;;2575,61;246,83;2328,78;
VANIA RITA MARTINS DAS NEVES;GERENCIA DE GESTAO DE PESSOAL;A.TEC-I;; ESTATUTARIO;4594,04;;4594,04;834,77;3759,27;
VINICIUS MEDRADO TEIXEIRA;SECRETARIA EXECUTIVA;GERENTE;NAO INFORMADO; CARGO COMISSION.S/VINCULO;4209,79;;4209,79;633,12;3576,67;
WALKISON PINHEIRO SOARES;GERENCIA DE APOIO LOGISTICO;AUX.S.G-II;; ESTATUTARIO;2381,08;;2381,08;333,35;2047,73;
WELIZANGELA ANGELO NASCIMENTO;SECRETARIA EXECUTIVA;ASSESSOR III;ASSESSOR III; CARGO COMISSION.S/VINCULO;3191,80;;3191,80;347,23;2844,57;
WILLIAM SOUZA DA SILVA;DEPTO.DE DIVERS.ECONOMICA-DDE;ASSESSOR III;ASSESSOR III; CARGO COMISSION.S/VINCULO;3191,80;;3191,80;367,36;2824,44;
WILSON BRITO E SILVA;SECRETARIA EXECUTIVA;GERENTE;NAO INFORMADO; CARGO COMISSION.S/VINCULO;4209,79;;4209,79;633,12;3576,67;
WLADIMIR DE JESUS DE FREITAS MELO;SECRETARIA EXECUTIVA;ASSESSOR III;; CARGO COMISSION.S/VINCULO;1950,54;;1950,54;;1950,54;
ZACARIAS OLIVEIRA DA SILVA;GERENCIA DE APOIO LOGISTICO;MOT-II;; ESTATUTARIO;3752,91;;3752,91;519,66;3233,25;
