NOME;LOTACAO;CARGO;FUNCAO;VINCULO;REMUNERACAO LEGAL TOTAL(R$);DESC.TETO(R$); REMUNERACAO LEGAL DEVIDA(R$);DESCONTOS LEGAIS(R$);LIQUIDO DISPONIVEL(R$);
ACSA TOMAS LITAIFF;SUBCOMISSAO DE LICT.OBRAS.SERV;MEMBRO;; CONSELHO;7000,00;;7000,00;894,84;6105,16;
ADIL FARIAS DE MIRANDA JUNIOR;DEPARTAMENTO DE ADMINISTRACAO;ASSESSOR III;NAO INFORMADO; CARGO COMISSION.S/VINCULO;3191,80;;3191,80;327,46;2864,34;
ADRIANA GABRIELLE A RAMPIN;SUBCOMISSAO DE LICT.OBRAS.SERV;MEMBRO;; CONSELHO;7000,00;;7000,00;1040,04;5959,96;
ADRIANA MIKAELE OLIVEIRA DOS SANTOS;DEPARTAMENTO EXECUTIVO;ASSESSOR IV;ASSESSOR IV; CARGO COMISSION.S/VINCULO;2179,61;;2179,61;176,36;2003,25;
AGEU SA MONTEIRO;DEPARTAMENTO DE ADMINISTRACAO;GERENTE;GERENTE; CARGO COMISSION.S/VINCULO;4209,79;;4209,79;597,14;3612,65;
ALBERTO LUCIO DE SOUZA SIMONETTI;SUBCOMISSAO DE LICT.OBRAS.SERV;MEMBRO;; CONSELHO;7000,00;;7000,00;1040,04;5959,96;
ALDINE DE AGUIAR CASTRO GOMES;GABINETE DO PRESIDENTE;ASSESSOR I;NAO INFORMADO; CARGO COMISSION.S/VINCULO;4229,77;;4229,77;602,94;3626,83;
ALEXANDRE BATISTA MENDES;CORREGEDORIA;ASSESSOR TECNICO;ASSESSOR TECNICO; CARGO COMISSION.S/VINCULO;12000,00;;12000,00;2947,18;9052,82;
ALINE NEGREIROS MARINHO;SUBCOMISSAO DE LICT.OBRAS.SERV;MEMBRO;; CONSELHO;7000,00;;7000,00;894,84;6105,16;
AMANDA GARCIA VIEIRA;DEPARTAMENTO EXECUTIVO;ASSESSOR III;ASSESSOR III; CARGO COMISSION.S/VINCULO;3191,80;;3191,80;327,46;2864,34;
ANA BEATRIZ AMORIM DE CARVALHO;DEPARTAMENTO EXECUTIVO;ASSESSOR III;NAO INFORMADO; CARGO COMISSION.S/VINCULO;1893,80;;1893,80;150,64;1743,16;
ANA CAROLINA YAMANE SANTOS;CORREGEDORIA;ASSESSOR II;ASSESSOR II; CARGO COMISSION.S/VINCULO;4209,79;;4209,79;597,14;3612,65;
ANA CLARA DOS SANTOS MOUTINHO;DEPARTAMENTO EXECUTIVO;ASSESSOR IV;ASSESSOR IV; CARGO COMISSION.S/VINCULO;1877,61;;1877,61;149,18;1728,43;
ANA PAULA FROTA DE MELO;CONSULTORIA JURIDICA;ASSESSOR I;ASSESSOR I; CARGO COMISSION.S/VINCULO;7321,67;;7321,67;1745,43;5576,24;
ANA RUTH FERREIRA DE ARAUJO;ASSESSORIA;ASSESSOR II;NAO INFORMADO; CARGO COMISSION.S/VINCULO;3209,79;;3209,79;330,96;2878,83;
ANDERSON ORTIZ GRANJA DE SOUZA;DEPARTAMENTO EXECUTIVO;ASSESSOR I;NAO INFORMADO; CARGO COMISSION.S/VINCULO;5229,77;;5229,77;957,83;4271,94;
ANDERSON REIS DOS SANTOS;DEPARTAMENTO EXECUTIVO;ASSESSOR III;ASSESSOR III; CARGO COMISSION.S/VINCULO;3191,80;;3191,80;327,46;2864,34;
ANDRE AFONSO DOS SANTOS LOUREIRO;DEPARTAMENTO DE ADMINISTRACAO;ASSESSOR III;ASSESSOR III AD-3; CARGO COMISSION.S/VINCULO;3191,80;;3191,80;327,46;2864,34;
ANDREA LASMAR DE MENDON A RAMOS;GABINETE DO PRESIDENTE;VICE-PRESIDENTE;NAO INFORMADO; CARGO COMISSION.S/VINCULO;18700,00;;18700,00;4893,33;13806,67;
ANTONINA MARIA DE SOUSA PONTE;SUBCOMISSAO DE LICT.OBRAS.SERV;MEMBRO;; CONSELHO;7000,00;;7000,00;1040,04;5959,96;
ANTONIO JOSE GUERREIRO DA SILVA;SUBCOMISSAO DE LICT.OBRAS.SERV;MEMBRO;; CONSELHO;7000,00;;7000,00;1040,04;5959,96;
ANTONIO JURIMAR MAIA DE OLIVEIRA;DEPARTAMENTO DE ADMINISTRACAO;ASSESSOR IV;NAO INFORMADO; CARGO COMISSION.S/VINCULO;2179,61;;2179,61;176,36;2003,25;
ARIANE FURTADO DE CARVALHO;DEPARTAMENTO DE ADMINISTRACAO;ASSESSOR III;ASSESSOR III; CARGO COMISSION.S/VINCULO;3191,80;;3191,80;327,46;2864,34;
ARIANE LOPES DE MATOS;GABINETE DO PRESIDENTE;ASSESSOR III;ASSESSOR III; CARGO COMISSION.S/VINCULO;2591,80;;2591,80;214,07;2377,73;
AUGUSTO LOBATO RODRIGUES GUIMARAES;ASSESSORIA;ASSESSOR I;ASSESSOR I; CARGO COMISSION.S/VINCULO;4229,77;;4229,77;602,94;3626,83;
BEATRIZ SANTOS DE OLIVEIRA;DEPARTAMENTO EXECUTIVO;ASSESSOR II;ASSESSOR II; CARGO COMISSION.S/VINCULO;3209,79;;3209,79;330,96;2878,83;
BETANIA PENALBER ROLIM BRAVOS;GABINETE DO PRESIDENTE;ASSESSOR III;ASSESSOR III; CARGO COMISSION.S/VINCULO;4255,73;;4255,73;610,47;3645,26;
CAMILA MAYARA FIGUEIRA CAMELO;GABINETE DO PRESIDENTE;ASSESSOR I;ASSESSOR I; CARGO COMISSION.S/VINCULO;4229,77;;4229,77;602,94;3626,83;
CARITA DOS ANJOS NASCIMENTO;ASSESSORIA;ASSESSOR I;ASSESSOR I; CARGO COMISSION.S/VINCULO;5229,77;;5229,77;957,83;4271,94;
CARLOS AUGUSTO LAURIA NORONHA;SUBCOMISSAO DE LICT.OBRAS.SERV;MEMBRO;MEMBRO SUBCOMISSAO; CONSELHO;7000,00;;7000,00;894,84;6105,16;
CAROLINA DE LIMA CAVALCANTE;DEPARTAMENTO DE ADMINISTRACAO;ASSESSOR III;ASSESSOR III; CARGO COMISSION.S/VINCULO;3191,80;;3191,80;327,46;2864,34;
CHALLA DE MEDEIROS JACOB;DEPARTAMENTO EXECUTIVO;ASSESSOR I;ASSESSOR I; CARGO COMISSION.S/VINCULO;5229,77;;5229,77;957,83;4271,94;
CHRISTIAAN ROBERT BARBOSA FILHO;DEPARTAMENTO EXECUTIVO;ASSESSOR III;ASSESSOR III; CARGO COMISSION.S/VINCULO;2591,80;;2591,80;214,07;2377,73;
CIBELE SAMPAIO DE ARAUJO;SUBCOMISSAO DE LICT.OBRAS.SERV;MEMBRO;; CONSELHO;7000,00;;7000,00;1040,04;5959,96;
CINEUDA PAULINO BESSA;GABINETE DO PRESIDENTE;ASSESSOR III;NAO INFORMADO; CARGO COMISSION.S/VINCULO;2195,80;;2195,80;177,82;2017,98;
CIRO LUIZ PINHEIRO DE OLIVEIRA;SUBCOMISSAO DE LICT.OBRAS.SERV;MEMBRO;; CONSELHO;7000,00;;7000,00;1040,04;5959,96;
CLEICIANE FRANCO COSTA;SUBCOMISSAO DE LICT.OBRAS.SERV;CONSULTOR TECNICO I;CONSULTOR TECNICO I; CARGO COMISSION.S/VINCULO;10000,00;;10000,00;2500,83;7499,17;
CREUZA TEREZA PAULINO CAVALCANTE;DEPARTAMENTO DE ADMINISTRACAO;ASSESSOR TECNICO;ASSESSOR TECNICO; CARGO COMISSION.S/VINCULO;7000,00;;7000,00;1624,32;5375,68;
DAIANA DA SILVA MARTINS;GABINETE DO PRESIDENTE;ASSESSOR I;ASSESSOR I; CARGO COMISSION.S/VINCULO;4229,77;;4229,77;602,94;3626,83;
DANIELA FREITAS DE A BULCAO;GABINETE DO PRESIDENTE;ASSESSOR I;NAO INFORMADO; CARGO COMISSION.S/VINCULO;5229,77;;5229,77;872,16;4357,61;
DANIELA HAYDEN DA SILVA BARROSO;GABINETE DO PRESIDENTE;ASSESSOR TECNICO;ASSESSOR TECNICO; CARGO COMISSION.S/VINCULO;12000,00;;12000,00;2895,04;9104,96;
DANIELA MORGANTINI TAVARES TEMPESTA;GABINETE DO PRESIDENTE;ASSESSOR I AD-1;; CARGO COMISSION.S/VINCULO;5229,77;;5229,77;957,83;4271,94;
DAVISON RODRIGUES BATISTA;SUBCOMISSAO DE LICT.OBRAS.SERV;MEMBRO;; CONSELHO;7000,00;;7000,00;1040,04;5959,96;
DAYANNE CAMPELO FERREIRA;GABINETE DO PRESIDENTE;ASSESSOR II;ASSESSOR II; CARGO COMISSION.S/VINCULO;4279,72;;4279,72;617,47;3662,25;
DEBORA LAGES FERREIRA;GABINETE DO PRESIDENTE;ASSESSOR III;ASSESSOR III; CARGO COMISSION.S/VINCULO;2591,80;;2591,80;214,07;2377,73;
DIEGO BARROS JACOB;DEPARTAMENTO EXECUTIVO;ASSESSOR III;ASSESSOR III; CARGO COMISSION.S/VINCULO;3191,80;;3191,80;327,46;2864,34;
DIEGO SANTOS PAIXAO;GABINETE DO PRESIDENTE;ASSESSOR III;ASSESSOR III; CARGO COMISSION.S/VINCULO;2195,80;;2195,80;177,82;2017,98;
DJALMA ALBERTO DE SOUZA OLIVEIRA;SUBCOMISSAO DE LICT.OBRAS.SERV;MEMBRO;; CONSELHO;7000,00;;7000,00;894,84;6105,16;
DJARLENY PINHEIRO LOPES MENDES;DEPARTAMENTO EXECUTIVO;ASSESSOR III;ASSESSOR III; CARGO COMISSION.S/VINCULO;1893,80;;1893,80;150,64;1743,16;
EDILBERTO SOUZA DOS SANTOS;GABINETE DO PRESIDENTE;ASSIST.ADM.DA FAZENDA EST.3A.CL.IV;GERENTE; ESTATUTARIO;4000,00;;4000,00;248,27;3751,73;
EDILSON BATISTA CAVALCANTE JUNIOR;SUBCOMISSAO DE LICT.OBRAS.SERV;ASSESSOR TECNICO;ASSESSOR TECNICO; CARGO COMISSION.S/VINCULO;7000,00;;7000,00;1624,32;5375,68;
EDIMAR FRAN A DA SILVA;DEPARTAMENTO EXECUTIVO;ASSESSOR II;NAO INFORMADO; CARGO COMISSION.S/VINCULO;4209,79;;4209,79;427,64;3782,15;
EDSANDRA MAGALHAES FERREIRA;SUBCOMISSAO DE LICT.OBRAS.SERV;MEMBRO;MEMBRO; CONSELHO;7000,00;;7000,00;883,63;6116,37;
EDVANIA CARLA DOS SANTOS PEREIRA;GABINETE DO PRESIDENTE;ASSESSOR II;NAO INFORMADO; CARGO COMISSION.S/VINCULO;4209,79;;4209,79;597,14;3612,65;
ENIO DIEGO DE LEMOS TRAVASSOS;GABINETE DO PRESIDENTE;ASSESSOR III;NAO INFORMADO; CARGO COMISSION.S/VINCULO;1893,80;;1893,80;150,64;1743,16;
ERIC MACHADO DE ARAUJO;CORREGEDORIA;ASSESSOR I;ASSESSOR I; CARGO COMISSION.S/VINCULO;4229,77;;4229,77;602,94;3626,83;
ERICA DOS SANTOS VIEIRA;SUBCOMISSAO DE LICT.OBRAS.SERV;MEMBRO;; CONSELHO;7000,00;;7000,00;1040,04;5959,96;
ERICA GOMES ALVES;GABINETE DO PRESIDENTE;ASSESSOR III;NAO INFORMADO; CARGO COMISSION.S/VINCULO;2591,80;;2591,80;214,07;2377,73;
ERNALDO COSTA DA SILVA;DEPARTAMENTO DE ADMINISTRACAO;ASSESSOR III;; CARGO COMISSION.S/VINCULO;3455,73;;3455,73;386,50;3069,23;
ESTEFANY DOS SANTOS CARVALHO;GABINETE DO PRESIDENTE;ASSESSOR III;ASSESSOR III; CARGO COMISSION.S/VINCULO;3191,80;;3191,80;327,46;2864,34;
ESTEPHANIE ARAUJO GUIMARAES;ASSESSORIA;ASSESSOR I;ASSESSOR I; CARGO COMISSION.S/VINCULO;5229,77;;5229,77;957,83;4271,94;
EVANDRO ANDRADE DOS SANTOS;DEPARTAMENTO EXECUTIVO;ASSESSOR I;ASSESSOR I; CARGO COMISSION.S/VINCULO;4229,77;;4229,77;602,94;3626,83;
FABIANA DE MORAIS SARAIVA;GABINETE DO PRESIDENTE;CHEFE DE GABINETE;NAO INFORMADO; CARGO COMISSION.S/VINCULO;6973,03;;6973,03;1614,17;5358,86;
FABIO BRUNO CAMPOS;DEPARTAMENTO DE ADMINISTRACAO;ASSESSOR III;ASSESSOR III; CARGO COMISSION.S/VINCULO;3191,80;;3191,80;327,46;2864,34;
FABIOLA MOTA GUALBERTO;ASSESSORIA;ASSESSOR I;ASSESSOR I; CARGO COMISSION.S/VINCULO;4229,77;;4229,77;590,99;3638,78;
FABIOLA RODRIGUES DO NASCIMENTO;CORREGEDORIA;ASSESSOR III;NAO INFORMADO; CARGO COMISSION.S/VINCULO;3191,80;;3191,80;327,46;2864,34;
FELIPE DIAS GOMES;DEPARTAMENTO EXECUTIVO;ASSESSOR III;ASSESSOR III; CARGO COMISSION.S/VINCULO;2195,80;;2195,80;177,82;2017,98;
FELIPE SILVA DE LIMA;CORREGEDORIA;ASSESSOR I;NAO INFORMADO; CARGO COMISSION.S/VINCULO;5229,77;;5229,77;957,83;4271,94;
FELIPE VIEIRA ASSAYAG;DEPARTAMENTO EXECUTIVO;ASSESSOR IV;ASSESSOR IV; CARGO COMISSION.S/VINCULO;2222,91;;2222,91;180,26;2042,65;
FELISMINO FRANCISCO SOARES NETO;SUBCOMISSAO DE LICT.OBRAS.SERV;MEMBRO;; CONSELHO;7000,00;;7000,00;1040,04;5959,96;
FERNANDO QUEIROZ DE LIMA;DEPARTAMENTO DE ADMINISTRACAO;ASSESSOR III;ASSESSOR III; CARGO COMISSION.S/VINCULO;2195,80;;2195,80;177,82;2017,98;
FIDEL FRANCISCO CONCEICAO OLIVEIRA;ASSESSORIA;ASSESSOR I;ASSESSOR I; CARGO COMISSION.S/VINCULO;4229,77;;4229,77;602,94;3626,83;
FLAVIANO DRUMOND DE OLIVEIRA;SUBCOMISSAO DE LICT.OBRAS.SERV;MEMBRO;; CONSELHO;7000,00;;7000,00;894,84;6105,16;
GABRYELLE ROCHA DE LIMA BASTOS;GABINETE DO PRESIDENTE;ASSESSOR III;; CARGO COMISSION.S/VINCULO;2195,80;;2195,80;177,82;2017,98;
GIOVANNI MONTINI CESAR CAVALCANTE;GABINETE DO PRESIDENTE;ASSESSOR III;NAO INFORMADO; CARGO COMISSION.S/VINCULO;3191,80;;3191,80;327,46;2864,34;
GYESE KANAWATI LASMAR;SUBCOMISSAO DE LICT.OBRAS.SERV;MEMBRO;MEMBRO; CONSELHO;7000,00;;7000,00;894,84;6105,16;
HEDLEN MARIA BARROSO GUEDES DE FREI;GABINETE DO PRESIDENTE;ASSESSOR I;ASSESSOR I AD-1; CARGO COMISSION.S/VINCULO;10229,77;;10229,77;2280,69;7949,08;
IRIS MODESTO DE VERAS;CONSULTORIA JURIDICA;ASSESSOR III;ASSESSOR III; CARGO COMISSION.S/VINCULO;3191,80;;3191,80;327,46;2864,34;
ISABELA MELO DE ALMEIDA;GABINETE DO PRESIDENTE;ASSESSOR II;ASSESSOR II; CARGO COMISSION.S/VINCULO;3209,79;;3209,79;330,96;2878,83;
ISABELLY MAIA PORTILHO;GABINETE DO PRESIDENTE;ASSESSOR III;ASSESSOR III; CARGO COMISSION.S/VINCULO;2591,80;;2591,80;214,07;2377,73;
JACKSON ANTONIO BARBOZA M SOUZA;DEPARTAMENTO EXECUTIVO;ASSESSOR III;NAO INFORMADO; CARGO COMISSION.S/VINCULO;3191,80;;3191,80;327,46;2864,34;
JAMES SALIM MUSSA;SUBCOMISSAO DE LICT.OBRAS.SERV;MEMBRO;; CONSELHO;7000,00;;7000,00;894,84;6105,16;
JAQUELINE CRUZ ALVES;DEPARTAMENTO DE ADMINISTRACAO;PROFESSOR PF20.LPL-IV;GERENTE AD-2; ESTATUTARIO;7324,47;;7324,47;1414,57;5909,90;
JARDEL SOUZA DE OLIVEIRA;ASSESSORIA;ASSESSOR III;ASSESSOR III; CARGO COMISSION.S/VINCULO;3191,80;;3191,80;327,46;2864,34;
JAYME MARQUES BRASIL JUNIOR;ASSESSORIA;CORREGEDOR;CORREGEDOR; CARGO COMISSION.S/VINCULO;5229,77;;5229,77;957,83;4271,94;
JAYNNE DE ARAUJO MOREIRA;GABINETE DO PRESIDENTE;ASSESSOR III;ASSESSOR III; CARGO COMISSION.S/VINCULO;3191,80;;3191,80;327,46;2864,34;
JENIFER PRISCO DA SILVA;CORREGEDORIA;ASSESSOR IV;ASSESSOR IV; CARGO COMISSION.S/VINCULO;2575,61;;2575,61;212,12;2363,49;
JOAO CARLOS BEZERRA DE A JUNIOR;SUBCOMISSAO DE LICT.OBRAS.SERV;MEMBRO;MEMBRO; CONSELHO;7000,00;;7000,00;410,40;6589,60;
JOSE GOMES DE OLIVEIRA NETO;DEPARTAMENTO EXECUTIVO;ASSESSOR III;ASSESSOR III; CARGO COMISSION.S/VINCULO;4255,73;;4255,73;610,47;3645,26;
JOSE RIBAMAR MAIA DE OLIVEIRA;DEPARTAMENTO DE ADMINISTRACAO;ASSESSOR III;NAO INFORMADO; CARGO COMISSION.S/VINCULO;2195,80;;2195,80;177,82;2017,98;
JULIANA DE OLIVEIRA GUIMARAES;DEPARTAMENTO EXECUTIVO;ASSESSOR II;ASSESSOR II; CARGO COMISSION.S/VINCULO;4209,79;;4209,79;597,14;3612,65;
JULIANY SANTOS DA SILVA;CORREGEDORIA;ASSESSOR I;ASSESSOR I; CARGO COMISSION.S/VINCULO;5229,77;;5229,77;957,83;4271,94;
JULIO CEZAR RODRIGUES LIMA;ASSESSORIA;ASSESSOR I;NAO INFORMADO; CARGO COMISSION.S/VINCULO;5229,77;;5229,77;957,83;4271,94;
KELLEN ETHER REBELO;DEPARTAMENTO DE ADMINISTRACAO;GERENTE;NAO INFORMADO; CARGO COMISSION.S/VINCULO;4209,79;;4209,79;597,14;3612,65;
KLEYTON COSTA DE LIMA;DEPARTAMENTO DE ADMINISTRACAO;ASSESSOR III;; CARGO COMISSION.S/VINCULO;3191,80;;3191,80;302,94;2888,86;
LARISSA ANTONIA SARAIVA MELO;ASSESSORIA;ASSESSOR I;NAO INFORMADO; CARGO COMISSION.S/VINCULO;6973,03;;6973,03;1614,17;5358,86;
LARISSA DE SOUZA LOPES;DEPARTAMENTO EXECUTIVO;ASSESSOR IV;ASSESSOR IV; CARGO COMISSION.S/VINCULO;1877,61;;1877,61;149,18;1728,43;
LEANDRO DA SILVA AGUIAR;SUBCOMISSAO DE LICT.OBRAS.SERV;MEMBRO;MEMBROSUBCOMISSAO; CONSELHO;7000,00;;7000,00;1040,04;5959,96;
LEANDRO MENEZES DOS SANTOS;SUBCOMISSAO DE LICT.OBRAS.SERV;MEMBRO;; CONSELHO;7000,00;;7000,00;1040,04;5959,96;
LEILA DE QUEIROZ PONTES;SUBCOMISSAO DE LICT.OBRAS.SERV;MEMBRO;MEMBRO; CONSELHO;7000,00;;7000,00;1040,04;5959,96;
LEONARDO BATISTA DE SOUZA;GABINETE DO PRESIDENTE;ASSESSOR III;ASSESSOR III; CARGO COMISSION.S/VINCULO;3455,73;;3455,73;386,50;3069,23;
LEONARDO BRUNO BARBOSA MONTEIRO;DEPARTAMENTO EXECUTIVO;ASSESSOR TECNICO;ASSESSOR TECNICO; CARGO COMISSION.S/VINCULO;12000,00;;12000,00;2999,32;9000,68;
LEONARDO LIMA TOLEDANO;CORREGEDORIA;ASSESSOR I;ASSESSOR I; CARGO COMISSION.S/VINCULO;5229,77;;5229,77;957,83;4271,94;
LILLIAN WALLACE SANTOS RAMOS SILVA;DEPARTAMENTO EXECUTIVO;ASSESSOR I;ASSESSOR I; CARGO COMISSION.S/VINCULO;4229,77;;4229,77;602,94;3626,83;
LOHAN FERNANDES VERAS;GABINETE DO PRESIDENTE;ASSESSOR II;ASSESSOR II; CARGO COMISSION.S/VINCULO;4209,79;;4209,79;506,27;3703,52;
LUANA CATUNDA CASTELLO BRANCO;CORREGEDORIA;ASSESSOR I;ASSESSOR I; CARGO COMISSION.S/VINCULO;5229,77;;5229,77;957,83;4271,94;
LUANA MODESTO VERAS;SUBCOMISSAO DE LICT.OBRAS.SERV;MEMBRO;; CONSELHO;7000,00;;7000,00;894,84;6105,16;
LUANA MUNIZ DE OLIVEIRA;GABINETE DO PRESIDENTE;ASSESSOR III;ASSESSOR III; CARGO COMISSION.S/VINCULO;3191,80;;3191,80;327,46;2864,34;
LUCAS PIMENTEL VIEIRA;DEPARTAMENTO EXECUTIVO;ASSESSOR I;ASSESSOR I; CARGO COMISSION.S/VINCULO;4229,77;;4229,77;602,94;3626,83;
LUCIANA COUTO CRESPO;ASSESSORIA;ASSESSOR TECNICO;ASSESSOR TECNICO; CARGO COMISSION.S/VINCULO;12000,00;;12000,00;2999,32;9000,68;
LUCIANA DE SOUZA GUIMARAES GADELHA;ASSESSORIA;ASSESSOR I;ASSESSOR I; CARGO COMISSION.S/VINCULO;5229,77;;5229,77;1003,65;4226,12;
LUCIO ANTONIO SIMOES MONTEIRO;CORREGEDORIA;ASSESSOR I;NAO INFORMADO; CARGO COMISSION.S/VINCULO;5229,77;;5229,77;957,83;4271,94;
LUIZ ANDRE LIMA DE OLIVEIRA;GABINETE DO PRESIDENTE;ASSESSOR II;ASSESSOR II; CARGO COMISSION.S/VINCULO;3209,79;;3209,79;327,04;2882,75;
MADALENA TAVEIRA DOS SANTOS;DEPARTAMENTO EXECUTIVO;ASSESSOR III;ASSESSOR III; CARGO COMISSION.S/VINCULO;1893,80;;1893,80;150,64;1743,16;
MAICON DOUGLAS DA MODA PINHEIRO;DEPARTAMENTO EXECUTIVO;ASSESSOR IV;NAO INFORMADO; CARGO COMISSION.S/VINCULO;1877,61;;1877,61;149,18;1728,43;
MARCELA CHAGAS DE SENA;SUBCOMISSAO DE LICT.OBRAS.SERV;ASSESSOR I;ASSESSOR I; CARGO COMISSION.S/VINCULO;3229,77;;3229,77;334,85;2894,92;
MARCELLO ISPER DE OLIVEIRA;GABINETE DO PRESIDENTE;ASSESSOR I;NAO INFORMADO; CARGO COMISSION.S/VINCULO;6973,03;;6973,03;1614,17;5358,86;
MARCELO GOMES DE OLIVEIRA;SUBCOMISSAO DE LICT.OBRAS.SERV;MEMBRO;; CONSELHO;7000,00;;7000,00;548,35;6451,65;
MARCELO MARCUS NOGUEIRA MARTINS;DEPARTAMENTO EXECUTIVO;ASSESSOR I;ASSESSOR I; CARGO COMISSION.S/VINCULO;5229,77;;5229,77;957,83;4271,94;
MARCO AURELIO RIBEIRO ESTEVES;DEPARTAMENTO DE ADMINISTRACAO;ASSESSOR III;; CARGO COMISSION.S/VINCULO;3191,80;;3191,80;327,46;2864,34;
MARIA INES SANTIAGO CAVALEIRO MELO;SUBCOMISSAO DE LICT.OBRAS.SERV;MEMBRO;; CONSELHO;7000,00;;7000,00;1040,04;5959,96;
MARIA LUIZA SANTANA DE OLIVEIRA;DEPARTAMENTO DE ADMINISTRACAO;ASSESSOR III;NAO INFORMADO; CARGO COMISSION.S/VINCULO;2195,80;;2195,80;177,82;2017,98;
MARILIA MARTINS LIBORIO;DEPARTAMENTO EXECUTIVO;ASSESSOR III;ASSESSOR III; CARGO COMISSION.S/VINCULO;3191,80;;3191,80;327,46;2864,34;
MARLA MAYANNY STONE DO AMARAL;DEPARTAMENTO EXECUTIVO;ASSESSOR II;ASSESSOR II; CARGO COMISSION.S/VINCULO;4209,79;;4209,79;597,14;3612,65;
MATEUS LUIZ LEAO C OLIVEIRA;GABINETE DO PRESIDENTE;ASSESSOR III;ASSESSOR III; CARGO COMISSION.S/VINCULO;3191,80;;3191,80;327,46;2864,34;
MATHEUS BRITO DOS SANTOS;GABINETE DO PRESIDENTE;GERENTE;GERENTE; CARGO COMISSION.S/VINCULO;4209,79;;4209,79;597,14;3612,65;
MAYARA MORAES CORDEIRO;GABINETE DO PRESIDENTE;ASSESSOR III;NAO INFORMADO; CARGO COMISSION.S/VINCULO;3191,80;;3191,80;327,46;2864,34;
MELYNDA MARIA VIEIRALVES BECKER;GABINETE DO PRESIDENTE;ASSESSOR I;; CARGO COMISSION.S/VINCULO;5229,77;;5229,77;957,83;4271,94;
MICHEL DAS CHAGAS RIBEIRO;SUBCOMISSAO DE LICT.OBRAS.SERV;MEMBRO;; CONSELHO;7000,00;;7000,00;894,84;6105,16;
NAYLA GON ALVES LIMA LOBATO;ASSESSORIA;ASSESSOR I;NAO INFORMADO; CARGO COMISSION.S/VINCULO;5229,77;;5229,77;957,83;4271,94;
NELYSSA COLARES BARBOSA;GABINETE DO PRESIDENTE;ASSESSOR I;ASSESSOR I; CARGO COMISSION.S/VINCULO;5229,77;;5229,77;957,83;4271,94;
ORLEANDESON SILVA DE CASTRO;GABINETE DO PRESIDENTE;ASSESSOR I;NAO INFORMADO; CARGO COMISSION.S/VINCULO;5229,77;;5229,77;957,83;4271,94;
PABLO GUEDES;GABINETE DO PRESIDENTE;ASSESSOR III;ASSESSOR III; CARGO COMISSION.S/VINCULO;2591,80;;2591,80;214,07;2377,73;
PATRICIA SILVA DE SOUZA;ASSESSORIA;ASSESSOR I;; CARGO COMISSION.S/VINCULO;10750,08;;10750,08;2614,88;8135,20;
PAULINE CHIXARO VOSS;ASSESSORIA;ASSESSOR I;NAO INFORMADO; CARGO COMISSION.S/VINCULO;5229,77;;5229,77;957,83;4271,94;
PAULO HIAGO FURTADO CARLUCHO;SUBCOMISSAO DE LICT.OBRAS.SERV;ASSESSOR III;ASSESSOR III; CARGO COMISSION.S/VINCULO;1893,80;;1893,80;150,64;1743,16;
RAFAELE CAVALCANTE DE CARVALHO;DEPARTAMENTO DE ADMINISTRACAO;ASSESSOR III;ASSESSOR III; CARGO COMISSION.S/VINCULO;2591,80;;2591,80;214,07;2377,73;
RAIMUNDO NONATO FIGUEIRA DA FROTA;GABINETE DO PRESIDENTE;TEC.DA FAZENDA ESTADUAL 3A.CL.IV;ASSESSOR III; ESTATUTARIO;3000,00;385,19;2614,81;37,71;2577,10;
REBECA BRAGA ALBUQUERQUE M LOPES;ASSESSORIA;ASSESSOR I;ASSESSOR I; CARGO COMISSION.S/VINCULO;5229,77;;5229,77;957,83;4271,94;
RENATA ALCANTARA DIAS;GABINETE DO PRESIDENTE;ASSESSOR III;ASSESSOR III; CARGO COMISSION.S/VINCULO;3191,80;;3191,80;327,46;2864,34;
RENATA BARROSO VIEIRA;GABINETE DO PRESIDENTE;ASSESSOR I;ASSESSOR I; CARGO COMISSION.S/VINCULO;5229,77;;5229,77;957,83;4271,94;
ROBERTA NINA ALCANTARA BARROSO;GABINETE DO PRESIDENTE;ASSESSOR I;NAO INFORMADO; CARGO COMISSION.S/VINCULO;10229,77;;10229,77;2280,69;7949,08;
ROBERVAL TEIXEIRA RUIZ;SUBCOMISSAO DE LICT.OBRAS.SERV;MEMBRO;; CONSELHO;7000,00;;7000,00;1040,04;5959,96;
RODRIGO NELSON AMARAL OLIVEIRA;GABINETE DO PRESIDENTE;ASSESSOR I;ASSESSOR I; CARGO COMISSION.S/VINCULO;4229,77;;4229,77;602,94;3626,83;
RODRIGO RODRIGUES DO COUTO;DEPARTAMENTO EXECUTIVO;ASSESSOR III;NAO INFORMADO; CARGO COMISSION.S/VINCULO;3191,80;;3191,80;327,46;2864,34;
ROZANA DE ALMEIDA FARIAS;CORREGEDORIA;ASSESSOR I;ASSESSOR I; CARGO COMISSION.S/VINCULO;5229,77;;5229,77;957,83;4271,94;
RUI JORGE PIEDADE DE LIMA;DEPARTAMENTO DE ADMINISTRACAO;ASSESSOR IV;ASSESSOR IV; CARGO COMISSION.S/VINCULO;2179,61;;2179,61;176,36;2003,25;
SALIME SOUZA NOBREGA;SUBCOMISSAO DE LICT.OBRAS.SERV;MEMBRO;; CONSELHO;7000,00;;7000,00;894,84;6105,16;
SAMANTA GONZAGA DE FIGUEIREDO;DEPARTAMENTO EXECUTIVO;ASSESSOR IV;; CARGO COMISSION.S/VINCULO;5914,16;;5914,16;1587,80;4326,36;
SANDREA ISRAEL SANTANA;GABINETE DO PRESIDENTE;ASSESSOR I;ASSESSOR I; CARGO COMISSION.S/VINCULO;5229,77;;5229,77;957,83;4271,94;
SHAELY DE OLIVEIRA COELHO;GABINETE DO PRESIDENTE;ASSESSOR III;ASSESSOR III; CARGO COMISSION.S/VINCULO;2591,80;;2591,80;214,07;2377,73;
SIMONE DA COSTA MARTINS ESTEVAM;DEPARTAMENTO DE ADMINISTRACAO;ASSESSOR IV;ASSESSOR IV AD-4; CARGO COMISSION.S/VINCULO;1877,61;;1877,61;149,18;1728,43;
SORAYA LOPES NERY;GABINETE DO PRESIDENTE;GERENTE;GERENTE; CARGO COMISSION.S/VINCULO;4209,79;;4209,79;597,14;3612,65;
SUAMMY LIMA HECKMANN;GABINETE DO PRESIDENTE;ASSESSOR III;; CARGO COMISSION.S/VINCULO;7802,17;;7802,17;2872,61;4929,56;
TAINA MARIA DA GRACA BARROSO;CORREGEDORIA;ASSESSOR I;NAO INFORMADO; CARGO COMISSION.S/VINCULO;5229,77;;5229,77;957,83;4271,94;
TAINA NEGREIROS DO NASCIMENTO;CORREGEDORIA;ASSESSOR I;ASSESSOR I; CARGO COMISSION.S/VINCULO;6973,03;;6973,03;1614,17;5358,86;
TATIANNE NAZARE MORAES;ASSESSORIA;ASSESSOR I;NAO INFORMADO; CARGO COMISSION.S/VINCULO;5229,77;;5229,77;957,83;4271,94;
THAIS MARTINS ALVES;CORREGEDORIA;ASSESSOR I;NAO INFORMADO; CARGO COMISSION.S/VINCULO;10229,77;;10229,77;2176,42;8053,35;
THALYTA SANTOS DE OLIVEIRA;ASSESSORIA;ASSESSOR I;NAO INFORMADO; CARGO COMISSION.S/VINCULO;5229,77;;5229,77;957,83;4271,94;
THATIANE MUNIZ TAVARES;GABINETE DO PRESIDENTE;ASSESSOR I;NAO INFORMADO; CARGO COMISSION.S/VINCULO;5229,77;;5229,77;957,83;4271,94;
THAYNA CHRISTINA CRUZ CARNEIRO;CORREGEDORIA;ASSESSOR III;ASSESSOR III; CARGO COMISSION.S/VINCULO;3191,80;;3191,80;327,46;2864,34;
THIAGO ANDRADE CASTELLO BRANCO;SUBCOMISSAO DE LICT.OBRAS.SERV;MEMBRO;MEMBRO SUBCOMISSAO; CONSELHO;7000,00;;7000,00;894,84;6105,16;
THIAGO FERREIRA DA CRUZ;GABINETE DO PRESIDENTE;ASSESSOR I;ASSESSOR I; CARGO COMISSION.S/VINCULO;4229,77;;4229,77;602,94;3626,83;
THIAGO FLORES DOS SANTOS;GABINETE DO PRESIDENTE;COORDENADOR CCGOV;COORDENADOR CCGOV; CARGO COMISSION.S/VINCULO;17000,00;;17000,00;4425,83;12574,17;
VAN DAMME ALBUQUERQUE PAES;GABINETE DO PRESIDENTE;ASSESSOR III;ASSESSOR III; CARGO COMISSION.S/VINCULO;3191,80;;3191,80;327,46;2864,34;
VANESSA JACAUNA FERREIRA;ASSESSORIA;ASSESSOR I;NAO INFORMADO; CARGO COMISSION.S/VINCULO;10229,77;;10229,77;2332,83;7896,94;
VITORIA CASTELO BRANCO NASCIMENTO;DEPARTAMENTO EXECUTIVO;ASSESSOR III;ASSESSOR III; CARGO COMISSION.S/VINCULO;2591,80;;2591,80;214,07;2377,73;
WAGNER DE ALMEIDA SILVA;DEPARTAMENTO DE ADMINISTRACAO;ASSESSOR III;ASSESSOR III AD-3; CARGO COMISSION.S/VINCULO;4255,73;;4255,73;610,47;3645,26;
WALTER SIQUEIRA BRITO;GABINETE DO PRESIDENTE;PRESIDENTE;NAO INFORMADO; DISP. OUTROS ESFERAS;23851,00;17000,47;6850,53;998,94;5851,59;
WIVIANNE SANTOS DA SILVA;DEPARTAMENTO EXECUTIVO;ASSESSOR II;ASSESSOR II; CARGO COMISSION.S/VINCULO;4209,79;;4209,79;597,14;3612,65;
YAN FELIPHE DA SILVA MARTINS;GABINETE DO PRESIDENTE;ASSESSOR III;ASSESSOR III; CARGO COMISSION.S/VINCULO;3191,80;;3191,80;327,46;2864,34;
YASMIN DOS SANTOS TOMIASI;ASSESSORIA;ASSESSOR I;; CARGO COMISSION.S/VINCULO;9006,82;;9006,82;4706,76;4300,06;
