NOME;LOTACAO;CARGO;FUNCAO;VINCULO;REMUNERACAO LEGAL TOTAL(R$);DESC.TETO(R$); REMUNERACAO LEGAL DEVIDA(R$);DESCONTOS LEGAIS(R$);LIQUIDO DISPONIVEL(R$);
ALBERTO COELHO NETO;COMANDO GERAL;A.TEC-I;; ESTATUTARIO;5012,04;;5012,04;760,90;4251,14;
BARBARA TRINDADE ZAMPIERE LOPES;CB - CIVIL;COORDENADOR REGIONAL;COORDENADOR REGIONAL; CARGO COMISSION.S/VINCULO;5829,77;;5829,77;957,83;4871,94;
CAMILA DE CASTRO SOARES;DEFESA CIV.DO EST.DO AMAZONAS;COORDENADOR REGIONAL;COORDENADOR REGIONAL; CARGO COMISSION.S/VINCULO;5829,77;;5829,77;957,83;4871,94;
CRISTINA TAILA DE JESUS MORAES;COMANDO GERAL;ASSESSOR I;ASSESSOR I; CARGO COMISSION.S/VINCULO;5829,77;;5829,77;957,83;4871,94;
EDINELSON VICTOR GUIMARAES CARVALHO;DEFESA CIV.DO EST.DO AMAZONAS;ASSESSOR III;ASSESSOR III; CARGO COMISSION.S/VINCULO;3791,80;;3791,80;327,46;3464,34;
ELIANA MENDONCA DE OLIVEIRA;CB - CIVIL;CHEFE DE DEPARTAMENTO;CHEFE DE DEPARTAMENT; CARGO COMISSION.S/VINCULO;5829,77;;5829,77;957,83;4871,94;
EMERSON MIRANDA CURSINO;COMANDO GERAL;ASSESSOR I;ASSESSOR I; CARGO COMISSION.S/VINCULO;5829,77;;5829,77;957,83;4871,94;
ENEIDE PEREIRA REIS;DEFESA CIV.DO EST.DO AMAZONAS;ASSESSOR II;NAO INFORMADO; CARGO COMISSION.S/VINCULO;4809,79;;4809,79;597,14;4212,65;
EWILA SOUTO COSTA;DEFESA CIV.DO EST.DO AMAZONAS;ASSESSOR III;NAO INFORMADO; CARGO COMISSION.S/VINCULO;3791,80;;3791,80;327,46;3464,34;
FUNMILAYO KATHERINE OGUNNIYA;DEFESA CIV.DO EST.DO AMAZONAS;CHEFE DE GABINETE;CHEFE DE GABINETE; CARGO COMISSION.S/VINCULO;5829,77;;5829,77;957,83;4871,94;
HILKSON LAMARAO VILAS BOAS;COMANDO GERAL;ASSESSOR II;ASSESSOR II; CARGO COMISSION.S/VINCULO;3209,79;;3209,79;216,23;2993,56;
JESSYCA LEVER DOS SANTOS DANTAS;DEFESA CIV.DO EST.DO AMAZONAS;ASSESSOR II;NAO INFORMADO; CARGO COMISSION.S/VINCULO;4809,79;;4809,79;597,14;4212,65;
JORGE NELSON DA CUNHA MENDONCA;CB - CIVIL;A.TEC-I;; ESTATUTARIO;5073,04;;5073,04;780,43;4292,61;
JUAREZ NASCIMENTO DE OLIVEIRA FILHO;DEFESA CIV.DO EST.DO AMAZONAS;ASSESSOR I;NAO INFORMADO; CARGO COMISSION.S/VINCULO;5829,77;;5829,77;957,83;4871,94;
JUNIA DE CARVALHO TORRES;CB - CIVIL;A.TEC-III;; ESTATUTARIO;3990,72;;3990,72;533,71;3457,01;
KAROLINE QUEIROZ DE BARROS;DEFESA CIV.DO EST.DO AMAZONAS;ASSESSOR II;ASSESSOR II; CARGO COMISSION.S/VINCULO;4809,79;;4809,79;597,14;4212,65;
LARISSA BARROSO SEGADILHA FRANCA;DEFESA CIV.DO EST.DO AMAZONAS;ASSESSOR I;NAO INFORMADO; CARGO COMISSION.S/VINCULO;5829,77;;5829,77;957,83;4871,94;
LENIZIA DE SOUZA;DEFESA CIV.DO EST.DO AMAZONAS;ASSESSOR II;ASSESSOR II; CARGO COMISSION.S/VINCULO;4809,79;;4809,79;597,14;4212,65;
MARCIA GUERREIRO PINHEIRO;DEFESA CIV.DO EST.DO AMAZONAS;COORDENADOR REGIONAL;NAO INFORMADO; CARGO COMISSION.S/VINCULO;5829,77;;5829,77;957,83;4871,94;
MARIA ALZIRA BARBOSA ASSUMPCAO;COMANDO GERAL;AUX.ADM-I;ARQUIVISTA; ESTATUTARIO;4542,11;;4542,11;513,98;4028,13;
MARIA DE FATIMA RODRIGUES ONETY;COMANDO GERAL;A.OPE-I;; ESTATUTARIO;3719,09;;3719,09;652,30;3066,79;
MARIA DE JESUS MONTEIRO DUARTE;COMANDO GERAL;A.TEC-I;; ESTATUTARIO;4383,38;;4383,38;647,33;3736,05;
MARIA DO PERPETUO SOCORRO V ARAUJO;COMANDO GERAL;A.TEC-I;; ESTATUTARIO;4999,39;;4999,39;756,85;4242,54;
MARLISON BENTES MOURAO;CB - CIVIL;ASSESSOR III;ASSESSOR III; CARGO COMISSION.S/VINCULO;3791,80;;3791,80;327,46;3464,34;
MICHAEL LIMA DE MELO;DEFESA CIV.DO EST.DO AMAZONAS;ASSESSOR II;; CARGO COMISSION.S/VINCULO;4809,79;;4809,79;597,14;4212,65;
MICHELE DOS SANTOS AQUINO;DEFESA CIV.DO EST.DO AMAZONAS;ASSESSOR II;ASSESSOR II; CARGO COMISSION.S/VINCULO;4809,79;;4809,79;597,14;4212,65;
MIRLENE PALHETA DE SOUZA;DEFESA CIV.DO EST.DO AMAZONAS;COORDENADOR REGIONAL;NAO INFORMADO; CARGO COMISSION.S/VINCULO;5829,77;;5829,77;957,83;4871,94;
NATANAEL FIGUEIREDO DE SOUZA FILHO;COMANDO GERAL;ASSESSOR I;ASSESSOR I; CARGO COMISSION.S/VINCULO;5829,77;;5829,77;696,19;5133,58;
NILSON SILVA DA CUNHA;DEFESA CIV.DO EST.DO AMAZONAS;ASSESSOR II;NAO INFORMADO; CARGO COMISSION.S/VINCULO;4809,79;;4809,79;597,14;4212,65;
PAULO CELA DE MORAES FILHO;DEFESA CIV.DO EST.DO AMAZONAS;COORDENADOR REGIONAL;NAO INFORMADO; CARGO COMISSION.S/VINCULO;5829,77;;5829,77;957,83;4871,94;
RAFAEL FILIZOLA SOUZA;COMANDO GERAL;ASSESSOR I;ASSESSOR I; CARGO COMISSION.S/VINCULO;5829,77;;5829,77;957,83;4871,94;
REGINA AUXILIADORA DA MATA LUSTOSA;DEFESA CIV.DO EST.DO AMAZONAS;TNS-I;CHEFE DE GABINETE; ESTATUTARIO;9163,44;;9163,44;2095,57;7067,87;
SAMANTA FIRMO DA ROCHA;CB - CIVIL;ASSESSOR I;ASSESSOR I; CARGO COMISSION.S/VINCULO;5829,77;;5829,77;957,83;4871,94;
SANDRA ASSAYAG;CB - CIVIL;A.TEC-I;; ESTATUTARIO;5053,10;;5053,10;774,04;4279,06;
ULLA HAVANNE DE PAIVA VIEIRA;COMANDO GERAL;ASSESSOR I;; CARGO COMISSION.S/VINCULO;5829,77;;5829,77;872,16;4957,61;
WESLEY SALES DE ALMEIDA;CB - CIVIL;ASSESSOR II;ASSESSOR II; CARGO COMISSION.S/VINCULO;4809,79;;4809,79;597,14;4212,65;
YASMIM RODRIGUES TORRES;COMANDO GERAL;ASSESSOR I;ASSESSOR I; CARGO COMISSION.S/VINCULO;5829,77;;5829,77;957,83;4871,94;
