NOME;LOTACAO;CARGO;FUNCAO;VINCULO;REMUNERACAO LEGAL TOTAL(R$);DESC.TETO(R$); REMUNERACAO LEGAL DEVIDA(R$);DESCONTOS LEGAIS(R$);LIQUIDO DISPONIVEL(R$);
ALBERTO COELHO NETO;COMANDO GERAL;A.TEC-I;; ESTATUTARIO;5032,04;;5032,04;760,90;4271,14;
BARBARA TRINDADE ZAMPIERE LOPES;CB - CIVIL;COORDENADOR REGIONAL;COORDENADOR REGIONAL; CARGO COMISSION.S/VINCULO;7593,03;;7593,03;1614,17;5978,86;
CAMILA DE CASTRO SOARES;DEFESA CIV.DO EST.DO AMAZONAS;COORDENADOR REGIONAL;COORDENADOR REGIONAL; CARGO COMISSION.S/VINCULO;5849,77;;5849,77;957,83;4891,94;
CRISTINA TAILA DE JESUS MORAES;COMANDO GERAL;ASSESSOR I;ASSESSOR I; CARGO COMISSION.S/VINCULO;9336,29;;9336,29;2147,81;7188,48;
EDINELSON VICTOR GUIMARAES CARVALHO;DEFESA CIV.DO EST.DO AMAZONAS;ASSESSOR III;ASSESSOR III; CARGO COMISSION.S/VINCULO;3811,80;;3811,80;327,46;3484,34;
ELIANA MENDONCA DE OLIVEIRA;CB - CIVIL;CHEFE DE DEPARTAMENTO;CHEFE DE DEPARTAMENT; CARGO COMISSION.S/VINCULO;5849,77;;5849,77;957,83;4891,94;
EMERSON MIRANDA CURSINO;COMANDO GERAL;ASSESSOR I;ASSESSOR I; CARGO COMISSION.S/VINCULO;5849,77;;5849,77;957,83;4891,94;
ENEIDE PEREIRA REIS;DEFESA CIV.DO EST.DO AMAZONAS;ASSESSOR II;NAO INFORMADO; CARGO COMISSION.S/VINCULO;4829,79;;4829,79;597,14;4232,65;
EWILA SOUTO COSTA;DEFESA CIV.DO EST.DO AMAZONAS;ASSESSOR III;NAO INFORMADO; CARGO COMISSION.S/VINCULO;4875,73;;4875,73;610,47;4265,26;
FUNMILAYO KATHERINE OGUNNIYA;DEFESA CIV.DO EST.DO AMAZONAS;CHEFE DE GABINETE;CHEFE DE GABINETE; CARGO COMISSION.S/VINCULO;5849,77;;5849,77;957,83;4891,94;
HILKSON LAMARAO VILAS BOAS;COMANDO GERAL;ASSESSOR II;ASSESSOR II; CARGO COMISSION.S/VINCULO;3229,79;;3229,79;216,23;3013,56;
JESSYCA LEVER DOS SANTOS DANTAS;DEFESA CIV.DO EST.DO AMAZONAS;ASSESSOR II;NAO INFORMADO; CARGO COMISSION.S/VINCULO;4829,79;;4829,79;597,14;4232,65;
JORGE NELSON DA CUNHA MENDONCA;CB - CIVIL;A.TEC-I;; ESTATUTARIO;5093,04;;5093,04;780,43;4312,61;
JUAREZ NASCIMENTO DE OLIVEIRA FILHO;DEFESA CIV.DO EST.DO AMAZONAS;ASSESSOR I;NAO INFORMADO; CARGO COMISSION.S/VINCULO;5849,77;;5849,77;957,83;4891,94;
JUNIA DE CARVALHO TORRES;CB - CIVIL;A.TEC-III;; ESTATUTARIO;4010,72;;4010,72;533,71;3477,01;
KAROLINE QUEIROZ DE BARROS;DEFESA CIV.DO EST.DO AMAZONAS;ASSESSOR II;ASSESSOR II; CARGO COMISSION.S/VINCULO;4829,79;;4829,79;597,14;4232,65;
LARISSA BARROSO SEGADILHA FRANCA;DEFESA CIV.DO EST.DO AMAZONAS;ASSESSOR I;NAO INFORMADO; CARGO COMISSION.S/VINCULO;5849,77;;5849,77;957,83;4891,94;
LENIZIA DE SOUZA;DEFESA CIV.DO EST.DO AMAZONAS;ASSESSOR II;ASSESSOR II; CARGO COMISSION.S/VINCULO;6233,05;;6233,05;1102,13;5130,92;
MARCIA GUERREIRO PINHEIRO;DEFESA CIV.DO EST.DO AMAZONAS;COORDENADOR REGIONAL;NAO INFORMADO; CARGO COMISSION.S/VINCULO;5849,77;;5849,77;957,83;4891,94;
MARIA ALZIRA BARBOSA ASSUMPCAO;COMANDO GERAL;AUX.ADM-I;ARQUIVISTA; ESTATUTARIO;4562,11;;4562,11;513,98;4048,13;
MARIA DE FATIMA RODRIGUES ONETY;COMANDO GERAL;A.OPE-I;; ESTATUTARIO;3719,09;;3719,09;652,30;3066,79;
MARIA DE JESUS MONTEIRO DUARTE;COMANDO GERAL;A.TEC-I;; ESTATUTARIO;4403,38;;4403,38;647,33;3756,05;
MARIA DO PERPETUO SOCORRO V ARAUJO;COMANDO GERAL;A.TEC-I;; ESTATUTARIO;5019,39;;5019,39;756,85;4262,54;
MARLISON BENTES MOURAO;CB - CIVIL;ASSESSOR III;ASSESSOR III; CARGO COMISSION.S/VINCULO;3811,80;;3811,80;327,46;3484,34;
MICHAEL LIMA DE MELO;DEFESA CIV.DO EST.DO AMAZONAS;ASSESSOR II;; CARGO COMISSION.S/VINCULO;6233,05;;6233,05;1102,13;5130,92;
MICHELE DOS SANTOS AQUINO;DEFESA CIV.DO EST.DO AMAZONAS;ASSESSOR II;ASSESSOR II; CARGO COMISSION.S/VINCULO;4829,79;;4829,79;597,14;4232,65;
MIRLENE PALHETA DE SOUZA;DEFESA CIV.DO EST.DO AMAZONAS;COORDENADOR REGIONAL;NAO INFORMADO; CARGO COMISSION.S/VINCULO;7593,03;;7593,03;1614,17;5978,86;
NATANAEL FIGUEIREDO DE SOUZA FILHO;COMANDO GERAL;ASSESSOR I;ASSESSOR I; CARGO COMISSION.S/VINCULO;5849,77;;5849,77;696,19;5153,58;
NILSON SILVA DA CUNHA;DEFESA CIV.DO EST.DO AMAZONAS;ASSESSOR II;NAO INFORMADO; CARGO COMISSION.S/VINCULO;6233,05;;6233,05;1102,13;5130,92;
PAULO CELA DE MORAES FILHO;DEFESA CIV.DO EST.DO AMAZONAS;COORDENADOR REGIONAL;NAO INFORMADO; CARGO COMISSION.S/VINCULO;7593,03;;7593,03;1614,17;5978,86;
RAFAEL FILIZOLA SOUZA;COMANDO GERAL;ASSESSOR I;ASSESSOR I; CARGO COMISSION.S/VINCULO;5849,77;;5849,77;957,83;4891,94;
REGINA AUXILIADORA DA MATA LUSTOSA;DEFESA CIV.DO EST.DO AMAZONAS;TNS-I;CHEFE DE GABINETE; ESTATUTARIO;9183,44;;9183,44;2095,57;7087,87;
SAMANTA FIRMO DA ROCHA;CB - CIVIL;ASSESSOR I;ASSESSOR I; CARGO COMISSION.S/VINCULO;5849,77;;5849,77;957,83;4891,94;
SANDRA ASSAYAG;CB - CIVIL;A.TEC-I;; ESTATUTARIO;5073,10;;5073,10;774,04;4299,06;
ULLA HAVANNE DE PAIVA VIEIRA;COMANDO GERAL;ASSESSOR I;; CARGO COMISSION.S/VINCULO;5849,77;;5849,77;872,16;4977,61;
WESLEY SALES DE ALMEIDA;CB - CIVIL;ASSESSOR II;ASSESSOR II; CARGO COMISSION.S/VINCULO;4829,79;;4829,79;597,14;4232,65;
YASMIM RODRIGUES TORRES;COMANDO GERAL;ASSESSOR I;ASSESSOR I; CARGO COMISSION.S/VINCULO;5849,77;;5849,77;957,83;4891,94;
