NOME;LOTACAO;CARGO;FUNCAO;VINCULO;REMUNERACAO LEGAL TOTAL(R$);DESC.TETO(R$); REMUNERACAO LEGAL DEVIDA(R$);DESCONTOS LEGAIS(R$);LIQUIDO DISPONIVEL(R$);
ALBERTO COELHO NETO;COMANDO GERAL;A.TEC-I;; ESTATUTARIO;5012,04;;5012,04;776,50;4235,54;
BARBARA TRINDADE ZAMPIERE LOPES;CB - CIVIL;COORDENADOR REGIONAL;COORDENADOR REGIONAL; CARGO COMISSION.S/VINCULO;5829,77;;5829,77;973,62;4856,15;
CAMILA DE CASTRO SOARES;DEFESA CIV.DO EST.DO AMAZONAS;COORDENADOR REGIONAL;COORDENADOR REGIONAL; CARGO COMISSION.S/VINCULO;7573,03;;7573,03;1629,96;5943,07;
CRISTINA TAILA DE JESUS MORAES;COMANDO GERAL;ASSESSOR I;ASSESSOR I; CARGO COMISSION.S/VINCULO;5829,77;;5829,77;973,62;4856,15;
DANIEL DE LIMA ALBUQUERQUE;CB - CIVIL;ASSESSOR I;; CARGO COMISSION.S/VINCULO;5829,77;;5829,77;973,62;4856,15;
EDINELSON VICTOR GUIMARAES CARVALHO;DEFESA CIV.DO EST.DO AMAZONAS;ASSESSOR III;ASSESSOR III; CARGO COMISSION.S/VINCULO;3791,80;;3791,80;367,36;3424,44;
ELIANA MENDONCA DE OLIVEIRA;CB - CIVIL;CHEFE DE DEPARTAMENTO;CHEFE DE DEPARTAMENT; CARGO COMISSION.S/VINCULO;5829,77;;5829,77;973,62;4856,15;
EMERSON MIRANDA CURSINO;COMANDO GERAL;ASSESSOR I;ASSESSOR I; CARGO COMISSION.S/VINCULO;5829,77;;5829,77;973,62;4856,15;
ENEIDE PEREIRA REIS;DEFESA CIV.DO EST.DO AMAZONAS;ASSESSOR II;NAO INFORMADO; CARGO COMISSION.S/VINCULO;4809,79;;4809,79;633,12;4176,67;
EWILA SOUTO COSTA;DEFESA CIV.DO EST.DO AMAZONAS;ASSESSOR III;NAO INFORMADO; CARGO COMISSION.S/VINCULO;3791,80;;3791,80;367,36;3424,44;
FUNMILAYO KATHERINE OGUNNIYA;DEFESA CIV.DO EST.DO AMAZONAS;CHEFE DE GABINETE;CHEFE DE GABINETE; CARGO COMISSION.S/VINCULO;5829,77;;5829,77;973,62;4856,15;
JESSYCA LEVER DOS SANTOS DANTAS;DEFESA CIV.DO EST.DO AMAZONAS;ASSESSOR II;NAO INFORMADO; CARGO COMISSION.S/VINCULO;6213,05;;6213,05;1117,93;5095,12;
JORGE NELSON DA CUNHA MENDONCA;CB - CIVIL;A.TEC-I;; ESTATUTARIO;5073,04;;5073,04;796,03;4277,01;
JUAREZ NASCIMENTO DE OLIVEIRA FILHO;DEFESA CIV.DO EST.DO AMAZONAS;ASSESSOR I;NAO INFORMADO; CARGO COMISSION.S/VINCULO;5829,77;;5829,77;973,62;4856,15;
JUNIA DE CARVALHO TORRES;CB - CIVIL;A.TEC-III;; ESTATUTARIO;3990,72;;3990,72;557,30;3433,42;
KAROLINE QUEIROZ DE BARROS;DEFESA CIV.DO EST.DO AMAZONAS;ASSESSOR II;ASSESSOR II; CARGO COMISSION.S/VINCULO;4809,79;;4809,79;633,12;4176,67;
LARISSA BARROSO SEGADILHA FRANCA;DEFESA CIV.DO EST.DO AMAZONAS;ASSESSOR I;NAO INFORMADO; CARGO COMISSION.S/VINCULO;5829,77;;5829,77;973,62;4856,15;
LENIZIA DE SOUZA;DEFESA CIV.DO EST.DO AMAZONAS;ASSESSOR II;ASSESSOR II; CARGO COMISSION.S/VINCULO;4809,79;;4809,79;633,12;4176,67;
MARCIA GUERREIRO PINHEIRO;DEFESA CIV.DO EST.DO AMAZONAS;COORDENADOR REGIONAL;NAO INFORMADO; CARGO COMISSION.S/VINCULO;5829,77;;5829,77;973,62;4856,15;
MARIA ALZIRA BARBOSA ASSUMPCAO;COMANDO GERAL;AUX.ADM-I;ARQUIVISTA; ESTATUTARIO;4542,11;;4542,11;552,94;3989,17;
MARIA DE FATIMA RODRIGUES ONETY;COMANDO GERAL;A.OPE-I;; ESTATUTARIO;3719,09;;3719,09;667,90;3051,19;
MARIA DE JESUS MONTEIRO DUARTE;COMANDO GERAL;A.TEC-I;; ESTATUTARIO;4383,38;;4383,38;662,93;3720,45;
MARIA DO PERPETUO SOCORRO VIOLANTE;COMANDO GERAL;A.TEC-I;; ESTATUTARIO;4999,39;;4999,39;772,45;4226,94;
MICHAEL LIMA DE MELO;DEFESA CIV.DO EST.DO AMAZONAS;ASSESSOR II;; CARGO COMISSION.S/VINCULO;4809,79;;4809,79;633,12;4176,67;
MICHELE DOS SANTOS AQUINO;DEFESA CIV.DO EST.DO AMAZONAS;ASSESSOR II;ASSESSOR II; CARGO COMISSION.S/VINCULO;4809,79;;4809,79;633,12;4176,67;
MIRLENE PALHETA DE SOUZA;DEFESA CIV.DO EST.DO AMAZONAS;COORDENADOR REGIONAL;NAO INFORMADO; CARGO COMISSION.S/VINCULO;5829,77;;5829,77;973,62;4856,15;
NATANAEL FIGUEIREDO DE SOUZA FILHO;COMANDO GERAL;ASSESSOR I;ASSESSOR I; CARGO COMISSION.S/VINCULO;5829,77;;5829,77;712,73;5117,04;
NILSON SILVA DA CUNHA;DEFESA CIV.DO EST.DO AMAZONAS;ASSESSOR II;NAO INFORMADO; CARGO COMISSION.S/VINCULO;4809,79;;4809,79;633,12;4176,67;
PAULO CELA DE MORAES FILHO;DEFESA CIV.DO EST.DO AMAZONAS;COORDENADOR REGIONAL;NAO INFORMADO; CARGO COMISSION.S/VINCULO;5829,77;;5829,77;973,62;4856,15;
RAFAEL FILIZOLA SOUZA;COMANDO GERAL;ASSESSOR I;ASSESSOR I; CARGO COMISSION.S/VINCULO;5829,77;;5829,77;973,62;4856,15;
REGINA AUXILIADORA DA MATA LUSTOSA;DEFESA CIV.DO EST.DO AMAZONAS;TNS-I;CHEFE DE GABINETE; ESTATUTARIO;9163,44;;9163,44;2111,17;7052,27;
SANDRA ASSAYAG;CB - CIVIL;A.TEC-I;; ESTATUTARIO;5053,10;;5053,10;789,64;4263,46;
THIAGO BRAGA DE MELO;DEFESA CIV.DO EST.DO AMAZONAS;ASSESSOR III;ASSESSOR III; CARGO COMISSION.S/VINCULO;3791,80;;3791,80;367,36;3424,44;
ULLA HAVANNE DE PAIVA VIEIRA;COMANDO GERAL;ASSESSOR I;; CARGO COMISSION.S/VINCULO;5829,77;;5829,77;887,97;4941,80;
WESLEY DA SILVA PRATA;DEFESA CIV.DO EST.DO AMAZONAS;ASSESSOR II;; CARGO COMISSION.S/VINCULO;4724,31;;4724,31;132,02;4592,29;
WESLEY SALES DE ALMEIDA;CB - CIVIL;ASSESSOR II;ASSESSOR II; CARGO COMISSION.S/VINCULO;5453,75;;5453,75;829,28;4624,47;
YASMIM RODRIGUES TORRES;COMANDO GERAL;ASSESSOR I;ASSESSOR I; CARGO COMISSION.S/VINCULO;5829,77;;5829,77;973,62;4856,15;
