NOME;LOTACAO;CARGO;FUNCAO;VINCULO;REMUNERACAO LEGAL TOTAL(R$);DESC.TETO(R$); REMUNERACAO LEGAL DEVIDA(R$);DESCONTOS LEGAIS(R$);LIQUIDO DISPONIVEL(R$);
ADANAIR TEIXEIRA ALVES;DEPARTAMENTO DE ADMINISTRACAO;GERENTE;NAO INFORMADO; CARGO COMISSION.S/VINCULO;4209,79;;4209,79;585,61;3624,18;
ADIMAR DE MELO CARNEIRO;DEPARTAMENTO DE ADMINISTRACAO;AGENTE ADMINISTRATIVO;COORDENADOR; ESTATUTARIO;4933,37;;4933,37;799,42;4133,95;
ADRIANO LUIZ ARAUJO CARDOSO;CONS.EST.REG.CONT.SERV.PUB.CON;MEMBRO DE CONSELHO SUPLENTE;; CONSELHO;1000,00;;1000,00;;1000,00;
AFONSO HENRIQUE ALVES DE ALMEIDA;DIRETORIA;CHEFE DE DEPARTAMENTO;CHEFE DE DEPARTAMENT; CARGO COMISSION.S/VINCULO;5229,77;;5229,77;914,81;4314,96;
AIDSON PONCIANO DIAS JUNIOR;DIRETORIA;ASSESSOR II;ASSESSOR II; CARGO COMISSION.S/VINCULO;4209,79;;4209,79;585,61;3624,18;
ALEANE MENEZES DA COSTA CARDOSO;DIRETORIA TEC.CONC.REG.QUALID.;COORDENADOR;; CARGO COMISSION.S/VINCULO;4209,79;;4209,79;585,61;3624,18;
AMALIZA EVANGELISTA DA COSTA;DIRETORIA ADM.FINANCEIRA;CHEFE DE DEPARTAMENTO;NAO INFORMADO; CARGO COMISSION.S/VINCULO;5229,77;;5229,77;957,83;4271,94;
ANA CAROLINA SANTOS SILVA RIZO;DIRETORIA TEC.CONC.REG.QUALID.;ASSESSOR JURIDICO;ASSESSOR JURIDICO; CARGO COMISSION.S/VINCULO;5229,77;;5229,77;872,16;4357,61;
AVELINO GOMES NETO;ASSESSORIA;ASSESSOR JURIDICO;ASSESSOR JURIDICO; CARGO COMISSION.S/VINCULO;5229,77;;5229,77;957,83;4271,94;
AYRTON PENALBER DA SILVA;DIRETORIA TEC.CONC.REG.QUALID.;GERENTE;NAO INFORMADO; CARGO COMISSION.S/VINCULO;5613,05;;5613,05;1102,13;4510,92;
BEATRIZ AQUINO DA SILVA MENEZES;ASSESSORIA;GERENTE;GERENTE; CARGO COMISSION.S/VINCULO;4209,79;;4209,79;597,14;3612,65;
BELTIMAR SANTOS;DIRETORIA ADM.FINANCEIRA;CHEFE DE DEPARTAMENTO;NAO INFORMADO; CARGO COMISSION.S/VINCULO;5229,77;;5229,77;957,83;4271,94;
BENEDICTO CRUZ LYRA NETTO;DIRETORIA TEC.CONC.REG.QUALID.;ASSESSOR II;NAO INFORMADO; CARGO COMISSION.S/VINCULO;4209,79;;4209,79;597,14;3612,65;
CASSIA CIRHAME AZEVEDO DE ARAUJO;GABINETE DO DIRETOR PRESIDENTE;ASSESSOR II;NAO INFORMADO; CARGO COMISSION.S/VINCULO;4209,79;;4209,79;585,61;3624,18;
CASSIO JUNIO DA SILVA LOPES;DIRETORIA TEC.CONC.REG.QUALID.;ASSESSOR I;NAO INFORMADO; CARGO COMISSION.S/VINCULO;5229,77;;5229,77;957,83;4271,94;
CLAUDIONOR FERREIRA DE C NETO;GABINETE DO DIRETOR PRESIDENTE;CONTROLADOR INTERNO;CONTROLADOR INTERNO; CARGO COMISSION.S/VINCULO;5229,77;;5229,77;957,83;4271,94;
CLOVIS CORREIA JUNIOR;CONS.EST.REG.CONT.SERV.PUB.CON;MEMBRO DE CONSELHO SUPLENTE;; CONSELHO;1000,00;;1000,00;;1000,00;
DANIEL DA SILVA ANTUNES;DIRETORIA TEC.CONC.REG.QUALID.;AUXILIAR TECNICO;; ESTATUTARIO;3595,02;;3595,02;564,66;3030,36;
ELSON ANDRADE FERREIRA JUNIOR;CONS.EST.REG.CONT.SERV.PUB.CON;MEMBRO DE CONSELHO;; CONSELHO;1000,00;;1000,00;;1000,00;
ERICK EDELMAN DOS SANTOS;DIRETORIA;DIRETOR TECNICO;NAO INFORMADO; CARGO COMISSION.S/VINCULO;9000,00;;9000,00;2225,83;6774,17;
EVELINN FLORES DE OLIVEIRA CUNHA;ASSESSORIA;ASSESSOR JURIDICO;ASSESSOR JURIDICO; CARGO COMISSION.S/VINCULO;5229,77;;5229,77;914,81;4314,96;
FELIPE RAPHAEL PINTO SILVA;CONS.EST.REG.CONT.SERV.PUB.CON;MEMBRO DE CONSELHO;; CONSELHO;1000,00;;1000,00;;1000,00;
FRANCISCO DE ASSIS DE O MARQUES;DEPARTAMENTO DE FISCALIZACAO;FISCAL RODOVIARIO;; ESTATUTARIO;3577,54;;3577,54;559,60;3017,94;
GIOVANNI FIGLIUOLO NETTO;DIRETORIA TEC.CONC.REG.QUALID.;COORDENADOR;; CARGO COMISSION.S/VINCULO;4209,79;;4209,79;585,61;3624,18;
GISELLE CASTANHOLA DE MENEZES;DIRETORIA TEC.CONC.REG.QUALID.;COORDENADOR;; CARGO COMISSION.S/VINCULO;5613,05;;5613,05;1102,13;4510,92;
HELDER PINTO DA SILVEIRA;CONS.EST.REG.CONT.SERV.PUB.CON;MEMBRO DE CONSELHO;; CONSELHO;1000,00;;1000,00;;1000,00;
HERMANN SAUNDERS FERNANDES;ASSESSORIA;ASSESSOR I;; CARGO COMISSION.S/VINCULO;5229,77;;5229,77;957,83;4271,94;
IGOR CARDOZO E OLIVEIRA SANTOS;DEPTO.DE REGUL.DA QUALIDADE;GERENTE;GERENTE; CARGO COMISSION.S/VINCULO;4209,79;;4209,79;597,14;3612,65;
ITALO BRUNO LIMA NONATO;ASSESSORIA;ASSESSOR I;ASSESSOR I; CARGO COMISSION.S/VINCULO;5229,77;;5229,77;872,16;4357,61;
IUCANARA SOARES FREITAS DE OLIVEIRA;GABINETE DO DIRETOR PRESIDENTE;OUVIDOR;NAO INFORMADO; CARGO COMISSION.S/VINCULO;5229,77;;5229,77;872,16;4357,61;
IVANETE RIBEIRO GAMA;DEPARTAMENTO DE ADMINISTRACAO;AUXILIAR DE SERVICOS GERAIS;; C.L.T.;1580,00;;1580,00;122,40;1457,60;
JOÃO RUFINO JUNIOR;GABINETE DO DIRETOR PRESIDENTE;DIRETOR PRESIDENTE;NAO INFORMADO; DISP. OUTROS ESFERAS;11700,00;;11700,00;2332,54;9367,46;
JOAO GOMES ESPERANCA NETO;DIRETORIA;CHEFE DE DEPARTAMENTO;CHEFE DE DEPARTAMENT; CARGO COMISSION.S/VINCULO;5229,77;;5229,77;957,83;4271,94;
JOAO RUFINO JUNIOR;CONS.EST.REG.CONT.SERV.PUB.CON;PRESIDENTE DO CONSELHO;; CONSELHO;2000,00;;2000,00;;2000,00;
JORGE ANDRE CHIXARO SARRAFF REZENDE;DEPARTAMENTO DE ADMINISTRACAO;ASSESSOR I;; CARGO COMISSION.S/VINCULO;5229,77;;5229,77;957,83;4271,94;
JULIO CEZAR PRADO;DEPARTAMENTO DE FISCALIZACAO;ASSISTENTE TECNICO 3A CLASSE;; ESTATUTARIO;3782,79;;3782,79;588,12;3194,67;
KATIANNE GONCALVES DE ALMEIDA;DEPARTAMENTO DE ADMINISTRACAO;CHEFE DE DEPARTAMENTO;CHEFE DE DEPARTAMENT; CARGO COMISSION.S/VINCULO;5229,77;;5229,77;957,83;4271,94;
LADJANE MELO BRAGA;DIRETORIA;CHEFE DE DEPARTAMENTO;CHEFE DE DEPARTAMENT; CARGO COMISSION.S/VINCULO;5229,77;;5229,77;957,83;4271,94;
LEILA MOTA LEMOS DA COSTA;DIRETORIA TEC.CONC.REG.QUALID.;COORDENADOR;NAO INFORMADO; CARGO COMISSION.S/VINCULO;4209,79;;4209,79;597,14;3612,65;
LILIAN BARBOSA DE MELO;DIRETORIA;GERENTE;GERENTE; CARGO COMISSION.S/VINCULO;4209,79;;4209,79;585,61;3624,18;
LUCIANA CRISTINNE NERY DE OLIVEIRA;CONS.EST.REG.CONT.SERV.PUB.CON;MEMBRO DE CONSELHO SUPLENTE;; CONSELHO;1000,00;;1000,00;;1000,00;
LUCIANO KLEINER DA SILVA MIRANDA;DIRETORIA ADM.FINANCEIRA;DIRETOR ADMINISTRATIVO E FINANCEIRO;DIRETOR ADMINISTRATI; CARGO COMISSION.S/VINCULO;9000,00;;9000,00;2173,69;6826,31;
LUIZ FELIPE DANTAS GRIMM D FARIAS;ASSESSORIA;GERENTE;GERENTE; CARGO COMISSION.S/VINCULO;4209,79;;4209,79;597,14;3612,65;
MARIA ANTONIA RODRIGUES CASTELO;DEPARTAMENTO DE ADMINISTRACAO;A.TEC-I;; ESTATUTARIO;4489,58;;4489,58;785,72;3703,86;
MARIA DIVINA VARGAS DE LIMA;DEPARTAMENTO DE ADMINISTRACAO;CHEFE DE DEPARTAMENTO;ASSESSOR I AD 1; CARGO COMISSION.S/VINCULO;5229,77;;5229,77;957,83;4271,94;
MARIA DO SOCORRO BALBY DA P CORREA;DIRETORIA COMERC.E DE TARIFAS;CHEFE DE DEPARTAMENTO;NAO INFORMADO; CARGO COMISSION.S/VINCULO;5229,77;;5229,77;957,83;4271,94;
MARIA MISTE RIBEIRO SILVA;DEPARTAMENTO DE REC.HUMANOS;A.TEC-I;; ESTATUTARIO;4460,55;;4460,55;776,43;3684,12;
MARIA RAIMUNDA SALES DE SOUZA;DEPARTAMENTO DE LOGISTICA;AUXILIAR DE SERVICOS GERAIS;; C.L.T.;1580,00;;1580,00;122,40;1457,60;
MICHELE BRITO DE OLIVEIRA;DEPARTAMENTO DE ADMINISTRACAO;ASSESSOR I;NAO INFORMADO; CARGO COMISSION.S/VINCULO;5229,77;;5229,77;872,16;4357,61;
NICOLY CARVALHO DE AGUIAR;DIRETORIA TEC.CONC.REG.QUALID.;COORDENADOR;NAO INFORMADO; CARGO COMISSION.S/VINCULO;4209,79;;4209,79;597,14;3612,65;
NORMANDO LOPES DE OLIVEIRA;DIRETORIA;ASSESSOR II;ASSESSOR II; CARGO COMISSION.S/VINCULO;4209,79;;4209,79;597,14;3612,65;
OZIEL OLIVEIRA MINEIRO;DIRETORIA TEC.CONC.REG.QUALID.;AUXILIAR TECNICO;ASSESSOR I; ESTATUTARIO;5789,02;;5789,02;1036,83;4752,19;
PAULO FREDERICO SOLART COELHO;DIRETORIA TEC.CONC.REG.QUALID.;GERENTE;NAO INFORMADO; CARGO COMISSION.S/VINCULO;4209,79;;4209,79;597,14;3612,65;
PEDRO CASTRO DE ALBUQUERQUE FILHO;DIRETORIA;GERENTE;GERENTE; CARGO COMISSION.S/VINCULO;4209,79;;4209,79;585,61;3624,18;
RAFAEL REBELO AFFONSO;DEPARTAMENTO DE INFORMATICA;AUX.ADM-III;; ESTATUTARIO;3488,44;;3488,44;338,14;3150,30;
RAFAEL SANTOS OLIVEIRA;DEPARTAMENTO DE FINANCAS;ASSISTENTE TECNICO 1A CLASSE;; ESTATUTARIO;3938,04;;3938,04;688,94;3249,10;
RAFAEL SEIXAS DE ALMEIDA;ASSESSORIA;ASSESSOR I;NAO INFORMADO; CARGO COMISSION.S/VINCULO;6973,03;;6973,03;1614,17;5358,86;
RAQUEL NASCIMENTO GAMA;GABINETE DO DIRETOR PRESIDENTE;CHEFE DE GABINETE;CHEFE DE GABINETE; CARGO COMISSION.S/VINCULO;5229,77;;5229,77;872,16;4357,61;
REINALDO LADISLAU MENEZES;DIRETORIA TEC.CONC.REG.QUALID.;COORDENADOR;NAO INFORMADO; CARGO COMISSION.S/VINCULO;4209,79;;4209,79;597,14;3612,65;
RENATA KELLY SALGADO DA C MEDEIROS;ASSESSORIA;ASSESSOR I;ASSESSOR I; CARGO COMISSION.S/VINCULO;5229,77;;5229,77;914,81;4314,96;
ROQUE MENDONCA DE BRITO JUNIOR;ASSESSORIA;ASSESSOR II;NAO INFORMADO; CARGO COMISSION.S/VINCULO;4209,79;;4209,79;597,14;3612,65;
ROSANGELA FERREIRA DO CARMO;DIRETORIA;ASSESSOR II;NAO INFORMADO; CARGO COMISSION.S/VINCULO;4209,79;;4209,79;597,14;3612,65;
ROSIMEIRE RODRIGUES DE CARVALHO;DIRETORIA ADM.FINANCEIRA;GERENTE;NAO INFORMADO; CARGO COMISSION.S/VINCULO;4209,79;;4209,79;585,61;3624,18;
SERGIO FIGUEIREDO PIMENTA;DEPTO.DE REGUL.DA QUALIDADE;ASSESSOR I;NAO INFORMADO; CARGO COMISSION.S/VINCULO;5229,77;;5229,77;957,83;4271,94;
SILVIA GOMES CARMIM;DEPARTAMENTO DE FINANCAS;CHEFE DE DEPARTAMENTO;; CARGO COMISSION.S/VINCULO;5229,77;;5229,77;872,16;4357,61;
THAIS DA COSTA BATISTA MENDES;GABINETE DO DIRETOR PRESIDENTE;SECRETARIO DE CONSELHO;NAO INFORMADO; CARGO COMISSION.S/VINCULO;5229,77;;5229,77;872,16;4357,61;
UILIAN CAVALCANTE RUFINO;DIRETORIA TEC.CONC.REG.QUALID.;COORDENADOR;; CARGO COMISSION.S/VINCULO;5613,05;;5613,05;1050,00;4563,05;
VALERIA ANDRADE BARROSO;DIRETORIA;ASSESSOR I;ASSESSOR I; CARGO COMISSION.S/VINCULO;5229,77;;5229,77;957,83;4271,94;
VERA LUCIA DE SA CARREIRA;DEPARTAMENTO DE LOGISTICA;ASSISTENTE TECNICO ADMINISTRATIVO A;; ESTATUTARIO;4070,03;;4070,03;635,91;3434,12;
WALDECY DE SOUZA GONCALVES;DEPARTAMENTO DE ADMINISTRACAO;A.TEC-I;; ESTATUTARIO;4449,23;;4449,23;772,81;3676,42;
WESLLANDRISSAR DAMARES F CARVALHO;ASSESSORIA;ASSESSOR I;NAO INFORMADO; CARGO COMISSION.S/VINCULO;6973,03;;6973,03;1614,17;5358,86;
