NOME;LOTACAO;CARGO;FUNCAO;VINCULO;REMUNERACAO LEGAL TOTAL(R$);DESC.TETO(R$); REMUNERACAO LEGAL DEVIDA(R$);DESCONTOS LEGAIS(R$);LIQUIDO DISPONIVEL(R$);
ADEILDO COSTA FARIAS;DIOPE-DIVISAO OPERACIONAL;AGENTE AQUAVIARIO IV;; ESTATUTARIO;2017,18;;2017,18;223,08;1794,10;
ADONIS BRASIL;ITACOATIARA;AGENTE PORTUARIO II;AG.PORTUARIO II; ESTATUTARIO;1776,24;;1776,24;248,67;1527,57;
ADRIANA MOREIRA DA SILVA GUSMAO;ASPRE-ASSESSOR.DA PRESIDENCIA;ASSESSOR I;NAO INFORMADO; CARGO COMISSION.S/VINCULO;6973,03;;6973,03;1629,96;5343,07;
AFRANIO SANTOS DA SILVA;DIOPE-DIVISAO OPERACIONAL;AGENTE AQUAVIARIO III;; ESTATUTARIO;3293,51;;3293,51;311,82;2981,69;
ALDER JOSE SIMOES DE ALBUQUERQUE;ASPRE-ASSESSOR.DA PRESIDENCIA;AGENTE PORTUARIO III;; ESTATUTARIO;3390,17;;3390,17;165,78;3224,39;
ANTONIO CARLOS VASCONCELOS DA COSTA;DIOPE-DIVISAO OPERACIONAL;AGENTE AQUAVIARIO III;; ESTATUTARIO;5538,01;;5538,01;717,79;4820,22;
AUGUSTO FLAVIO SANTOS DE ANDRADE;PROCURADORIA JURIDICA;PROCURADOR CHEFE;NAO INFORMADO; CARGO COMISSION.S/VINCULO;6973,03;;6973,03;1525,69;5447,34;
BASILEU FERREIRA DA SILVA;DIOPE-DIVISAO OPERACIONAL;AGENTE AQUAVIARIO IV;; ESTATUTARIO;1697,18;;1697,18;223,08;1474,10;
BREYTNER PEREIRA TELLES;DIOPE-DIVISAO OPERACIONAL;AGENTE PORTUARIO III;AGENTE PORT III; ESTATUTARIO;2480,17;;2480,17;165,78;2314,39;
CARLOS ALBERTO A VILAGELIM;DIOPE-DIVISAO OPERACIONAL;AGENTE AQUAVIARIO IV;; ESTATUTARIO;2017,18;;2017,18;223,08;1794,10;
CARLOS FABIO SOUZA DE JESUS;DIOPE-DIVISAO OPERACIONAL;AGENTE AQUAVIARIO IV;; ESTATUTARIO;2647,18;;2647,18;223,08;2424,10;
CARLOS FERNANDO SAMPAIO DE OLIVEIRA;ASCOF-ASS.DE CONTAB.E FINANCAS;AGENTE PORTUARIO II;AGENTE PORTUARIO II; ESTATUTARIO;6109,65;;6109,65;938,94;5170,71;
CARLOS JORGE SOZINHO FAUSTO;DIOPE-DIVISAO OPERACIONAL;AGENTE AQUAVIARIO IV;AGENTE AQUAVIARIO IV; ESTATUTARIO;2647,18;;2647,18;249,40;2397,78;
CELIO DA SILVA LIMA;DIOPE-DIVISAO OPERACIONAL;AGENTE AQUAVIARIO III;; ESTATUTARIO;2663,51;;2663,51;329,24;2334,27;
CLENILDO FREITAS DE FIGUEIREDO;DIOPE-DIVISAO OPERACIONAL;AGENTE AQUAVIARIO IV;; ESTATUTARIO;2017,18;;2017,18;223,08;1794,10;
CLESON PAES ARAUJO;DIOPE-DIVISAO OPERACIONAL;AGENTE PORTUARIO III;AG PORTUARIO III; ESTATUTARIO;3990,17;;3990,17;327,76;3662,41;
CLOVES DOS SANTOS JACOB;DIOPE-DIVISAO OPERACIONAL;AGENTE AQUAVIARIO IV;AG AQUAVIARIO IV; ESTATUTARIO;1697,18;;1697,18;223,08;1474,10;
DELSON WAUGHAN DE SOUSA;DIOPE-DIVISAO OPERACIONAL;AGENTE AQUAVIARIO III;AG AQUAVIRIO III; ESTATUTARIO;2828,51;;2828,51;341,61;2486,90;
DENILSON MACIEL RIBEIRO;COARI;AGENTE PORTUARIO III;AG.PORTUARIO III; ESTATUTARIO;1302,00;;1302,00;182,28;1119,72;
EDSON COELHO PERES;DIOPE-DIVISAO OPERACIONAL;AGENTE AQUAVIARIO IV;AG.AQUAVIARIO IV; ESTATUTARIO;2422,18;;2422,18;223,08;2199,10;
EDSON SILVA SOUZA;DIOPE-DIVISAO OPERACIONAL;AGENTE AQUAVIARIO IV;AG AQUAVIARIO IV; ESTATUTARIO;2017,18;;2017,18;223,08;1794,10;
ELI CARLOS BORGES DE OLIVEIRA;TABATINGA;AGENTE PORTUARIO III;AG.PORTUARIO III; ESTATUTARIO;1302,00;;1302,00;182,28;1119,72;
ELSON LIMA PACHECO;DIOPE-DIVISAO OPERACIONAL;AGENTE AQUAVIARIO IV;; ESTATUTARIO;2017,18;;2017,18;223,08;1794,10;
EMMANUEL ADONES DAS N NASCIMENTO;DIOPE-DIVISAO OPERACIONAL;AGENTE AQUAVIARIO IV;; ESTATUTARIO;2647,18;;2647,18;249,40;2397,78;
ERIANE DE OLIVEIRA NASCIMENTO;DIPAL-DIV.PATRIM.ALMOXARIFADO;AGENTE PORTUARIO II;AGENTE PORT II; ESTATUTARIO;4582,24;;4582,24;587,59;3994,65;
ERIVAN CRUZ DE ASSUNCAO;DIOPE-DIVISAO OPERACIONAL;AGENTE AQUAVIARIO IV;; ESTATUTARIO;2017,18;;2017,18;223,08;1794,10;
FABIOLA DA SILVA ROTHEN;ASADM-ASSESSORIA ADMINISTRACAO;AGENTE PORTUARIO II;AGENTE PORTUARIO II; ESTATUTARIO;4582,24;;4582,24;587,59;3994,65;
FERNANDO DE SOUZA ANDRADE;DIOPE-DIVISAO OPERACIONAL;MARINHEIRO FLUVIAL DE CONVES;; ESTATUTARIO;2083,86;;2083,86;247,50;1836,36;
FRANCISCO CARLOS MARTINS RIBEIRO;DEAFI-DEPTO.DE ADM.E FINANCAS;AGENTE PORTUARIO III;; ESTATUTARIO;5320,23;;5320,23;476,11;4844,12;
FRANCISCO OSCAR OLIVEIRA DA SILVA;DIOPE-DIVISAO OPERACIONAL;AGENTE AQUAVIARIO II;; ESTATUTARIO;7463,15;;7463,15;1387,67;6075,48;
FRANSOAISE TORRES LIMA;ASADM-ASSESSORIA ADMINISTRACAO;AGENTE PORTUARIO III;AG.PORTUARIO III; ESTATUTARIO;3390,17;;3390,17;294,64;3095,53;
GERALDO DA COSTA SOUZA;PESSOAL PROCESSO APOSENTADORIA;AGENTE AQUAVIARIO III;AG AQUAVIARIO III; ESTATUTARIO;2343,51;;2343,51;311,82;2031,69;
GILBERTO MENDES DE LIMA;DIOPE-DIVISAO OPERACIONAL;AGENTE AQUAVIARIO IV;AG AQUAVIARIO IV; ESTATUTARIO;2647,18;;2647,18;235,18;2412,00;
GILSON DA COSTA AMARAL;DIOPE-DIVISAO OPERACIONAL;AGENTE AQUAVIARIO IV;AG AQUAVIARIO IV; ESTATUTARIO;2647,18;;2647,18;249,40;2397,78;
GLEICY LIRA FERREIRA;DEAFI-DEPTO.DE ADM.E FINANCAS;AGENTE PORTUARIO II;AGENTE PORTUARIO II; ESTATUTARIO;2351,24;;2351,24;263,56;2087,68;
HELCIO OLIVEIRA DE LIMA;DIOPE-DIVISAO OPERACIONAL;AGENTE PORTUARIO II;AG PORTUARIO II; ESTATUTARIO;4378,99;;4378,99;499,20;3879,79;
HENRIQUE DA SILVA CABRAL;PARINTINS;AGENTE PORTUARIO III;AG.PORTUARIO III; ESTATUTARIO;1302,00;;1302,00;182,28;1119,72;
HENRY CHALLU PINHEIRO MOTA;DIOPE-DIVISAO OPERACIONAL;AGENTE PORTUARIO III;AG.PORTUARIO III; ESTATUTARIO;3390,17;;3390,17;237,76;3152,41;
HINDEMBURGO OLIVEIRA E SILVA FILHO;DIOPE-DIVISAO OPERACIONAL;MOTORISTA FLUVIAL;; ESTATUTARIO;4593,67;;4593,67;535,30;4058,37;
IDERLAN VALE RODRIGUES;DEAFI-DEPTO.DE ADM.E FINANCAS;CHEFE DE DEPARTAMENTO;NAO INFORMADO; CARGO COMISSION.S/VINCULO;6973,03;;6973,03;1525,69;5447,34;
JACKSON CARLOS BARROSO BELCHIOR;DEAFI-DEPTO.DE ADM.E FINANCAS;AGENTE PORTUARIO I;AGENTE PORTUARIO I; ESTATUTARIO;5462,45;;5462,45;860,93;4601,52;
JANDER DE OLIVEIRA REIS;PARINTINS;AGENTE PORTUARIO II;AG.PORTUARIO II; ESTATUTARIO;1776,24;;1776,24;248,67;1527,57;
JOAO CARLOS FERNANDES;DIOPE-DIVISAO OPERACIONAL;AGENTE AQUAVIARIO IV;; ESTATUTARIO;2422,18;;2422,18;223,08;2199,10;
JORGE DE ALMEIDA BARROSO;PRESI - PRESIDENCIA;DIRETOR PRESIDENTE;NAO INFORMADO; CARGO COMISSION.S/VINCULO;15600,00;;15600,00;3952,35;11647,65;
JOSE ADILSON FALCAO SARAIVA;DIOPE-DIVISAO OPERACIONAL;AGENTE AQUAVIARIO IV;AGENTE AQUAVIARIO IV; ESTATUTARIO;3529,57;;3529,57;338,88;3190,69;
JOSE ALVES CAVALCANTE FILHO;DIPAL-DIV.PATRIM.ALMOXARIFADO;AGENTE PORTUARIO III;; ESTATUTARIO;5120,23;;5120,23;606,76;4513,47;
JOSE BENEDITO MAIA PRIMO;DIOPE-DIVISAO OPERACIONAL;AGENTE AQUAVIARIO IV;AG AQUAVIAIRO IV; ESTATUTARIO;3205,18;;3205,18;291,25;2913,93;
JOSE CARLOS BRAGA BASTOS JUNIOR;ASCOF-ASS.DE CONTAB.E FINANCAS;ASSESSOR I;NAO INFORMADO; CARGO COMISSION.S/VINCULO;6973,03;;6973,03;1629,96;5343,07;
JOSE DE CASTRO MOURA;DIOPE-DIVISAO OPERACIONAL;AGENTE AQUAVIARIO II;AG AQUAVIARIO II; ESTATUTARIO;3111,36;;3111,36;404,53;2706,83;
JUSCELINO DA COSTA SILVA;DIOPE-DIVISAO OPERACIONAL;AGENTE PORTUARIO II;AGENTE PORTUARIO II; ESTATUTARIO;6109,65;;6109,65;886,81;5222,84;
MADSON LUIZ GOMES MARINHO;DIOPE-DIVISAO OPERACIONAL;AGENTE AQUAVIARIO IV;AG AQUAVIARIO IV; ESTATUTARIO;2182,18;;2182,18;223,08;1959,10;
MARCIA HITOTUZI HIRAMATSU;DEAFI-DEPTO.DE ADM.E FINANCAS;AGENTE PORTUARIO I;AGENTE PORTUARIO I; ESTATUTARIO;6062,45;;6062,45;1128,34;4934,11;
MARCIO NEY VIEIRA BRANDAO;COARI;AGENTE PORTUARIO II;AG.PORTUARIO II; ESTATUTARIO;1776,24;;1776,24;248,67;1527,57;
NIVALDO COSTA DE OLIVEIRA;DIOPE-DIVISAO OPERACIONAL;AGENTE AQUAVIARIO III;AG AQUAVIARIO III; ESTATUTARIO;3293,51;;3293,51;376,49;2917,02;
ORNEY BENTES BARROS;DIOPE-DIVISAO OPERACIONAL;AGENTE AQUAVIARIO IV;AG AQUAVIARIO IV; ESTATUTARIO;2182,18;;2182,18;223,08;1959,10;
PATRICK FRANCOIS RIBEIRO MOREIRA;DIOPE-DIVISAO OPERACIONAL;AGENTE AQUAVIARIO III;AG AQUAVIARIO III; ESTATUTARIO;4549,51;;4549,51;538,04;4011,47;
PAULO MOISES SANTOS DA SILVA;DIOPE-DIVISAO OPERACIONAL;AGENTE AQUAVIARIO III;AG AQUAVIARIO III; ESTATUTARIO;2663,51;;2663,51;311,82;2351,69;
PEDRO SANTOS DA SILVA;DIOPE-DIVISAO OPERACIONAL;COMANDANTE FLUVIAL;; ESTATUTARIO;4008,71;;4008,71;487,37;3521,34;
RAIMUNDO ALDECY DE SOUZA;DIOPE-DIVISAO OPERACIONAL;MARINHEIRO FLUVIAL DE CONVES;; ESTATUTARIO;3079,86;;3079,86;295,45;2784,41;
RAIMUNDO CORREIA DA SILVA;DIOPE-DIVISAO OPERACIONAL;MARINHEIRO FLUVIAL DE CONVES;; ESTATUTARIO;2998,21;;2998,21;290,77;2707,44;
RAIMUNDO JOSE LUCENA BARROS;DIOPE-DIVISAO OPERACIONAL;AGENTE AQUAVIARIO II;AG AQUAVIARIO II; ESTATUTARIO;2791,36;;2791,36;394,75;2396,61;
RAIMUNDO NAZARENO DE LIMA;DIOPE-DIVISAO OPERACIONAL;AGENTE AQUAVIARIO III;AG AQUAVIARIO III; ESTATUTARIO;2343,51;;2343,51;311,82;2031,69;
RAIMUNDO NONATO DE LIMA;DIOPE-DIVISAO OPERACIONAL;AGENTE PORTUARIO III;AGENTE PORTUARIO III; ESTATUTARIO;3990,17;;3990,17;390,14;3600,03;
RAIMUNDO TEIXEIRA FILHO;PARINTINS;AGENTE PORTUARIO III;AG.PORTUARIO III; ESTATUTARIO;1302,00;;1302,00;182,28;1119,72;
RAPHAEL DOS SANTOS MARINHO;DIRETORIA ADMNINST-FINANCEIRO;DIRETOR ADMINISTRATIVO E FINANCEIRO;NAO INFORMADO; CARGO COMISSION.S/VINCULO;12000,00;;12000,00;3014,49;8985,51;
ROBERCI BENTES DE ARAUJO;DIOPE-DIVISAO OPERACIONAL;AGENTE AQUAVIARIO IV;AG AQUAVIARIO IV; ESTATUTARIO;2017,18;;2017,18;223,08;1794,10;
ROBERTO NONATO DA SILVA;DIOPE-DIVISAO OPERACIONAL;AGENTE AQUAVIARIO III;AG AQUAVIARIO III; ESTATUTARIO;2663,51;;2663,51;329,24;2334,27;
SEBASTIAO CESAR SOUSA DE SA;DIOPE-DIVISAO OPERACIONAL;AGENTE AQUAVIARIO II;; ESTATUTARIO;3741,36;;3741,36;488,27;3253,09;
SELEZIO SERGIO SARAYVA MATOS;DIOPE-DIVISAO OPERACIONAL;AGENTE AQUAVIARIO III;; ESTATUTARIO;2663,51;;2663,51;311,82;2351,69;
TACIANO SAMPAIO FILHO;DIOPE-DIVISAO OPERACIONAL;AGENTE AQUAVIARIO IV;; ESTATUTARIO;2017,18;;2017,18;223,08;1794,10;
THIAGO COLARES DA SILVA FILHO;DIOPE-DIVISAO OPERACIONAL;AGENTE AQUAVIARIO IV;; ESTATUTARIO;2262,91;;2262,91;223,08;2039,83;
THIAGO FARIAS SOUZA;ASADM-ASSESSORIA ADMINISTRACAO;AGENTE PORTUARIO III;; ESTATUTARIO;3990,17;;3990,17;390,14;3600,03;
VALDEMIR OLIVEIRA DE MENDONÇA;ASPRE-ASSESSOR.DA PRESIDENCIA;ASSESSOR I;NAO INFORMADO; CARGO COMISSION.S/VINCULO;6973,03;;6973,03;1629,96;5343,07;
VALDENOR GUIMARAES DA SILVA;DIOPE-DIVISAO OPERACIONAL;AGENTE AQUAVIARIO IV;; ESTATUTARIO;2647,18;;2647,18;249,40;2397,78;
WALDIR MARTINS DE OLIVEIRA;DIOPE-DIVISAO OPERACIONAL;MARINHEIRO FLUVIAL DE CONVES;; ESTATUTARIO;4056,96;;4056,96;384,85;3672,11;
WALFRIDO DE OLIVEIRA SILVA NETO;DIOPE-DIVISAO OPERACIONAL;AGENTE PORTUARIO I;AGENTE PORTUARIO I; ESTATUTARIO;6062,45;;6062,45;1128,34;4934,11;
WASHINGTON LUIZ DO NASCIMENTO;DIOPE-DIVISAO OPERACIONAL;AGENTE AQUAVIARIO IV;; ESTATUTARIO;1697,18;;1697,18;223,08;1474,10;
WELISSON MORIZ CORREA;ASADM-ASSESSORIA ADMINISTRACAO;AGENTE PORTUARIO II;AG.PORTUARIO II; ESTATUTARIO;4582,24;;4582,24;587,59;3994,65;
WILLIAM PEIXOTO DE AQUINO;DIOPE-DIVISAO OPERACIONAL;AGENTE PORTUARIO II;AG.PORTUARIO II; ESTATUTARIO;3982,24;;3982,24;453,91;3528,33;
