NOME;LOTACAO;CARGO;FUNCAO;VINCULO;REMUNERACAO LEGAL TOTAL(R$);DESC.TETO(R$); REMUNERACAO LEGAL DEVIDA(R$);DESCONTOS LEGAIS(R$);LIQUIDO DISPONIVEL(R$);
ADRIELE ALBINO MARTINS;GABINETE;CHEFE DE GABINETE;; GRUPO DE TRABALHO;5000,00;;5000,00;248,27;4751,73;
ALDENICE ILKA IZEL BENJAMIN;COORDENADORIA EXECUTIVA;CHEFE DE GABINETE;NAO INFORMADO; CARGO COMISSION.S/VINCULO;11973,03;;11973,03;2989,17;8983,86;
ALDERNIZE MORAIS AMORIM;SUBCOORD.SET.DE PROJ.SOCIAIS;ASSESSOR II;NAO INFORMADO; CARGO COMISSION.S/VINCULO;2609,79;;2609,79;216,23;2393,56;
ALINNY GUIMAR ES LIMA;ASSESSORIA DE COMUNICACAO;ASSESSOR II;NAO INFORMADO; CARGO COMISSION.S/VINCULO;4209,79;;4209,79;597,14;3612,65;
ALY MOHAMED SAAD FILHO;SUBCOORD.SETOR.DE ENGENHARIA;ASSESSOR I;ASSESSOR I; CARGO COMISSION.S/VINCULO;5229,77;;5229,77;957,83;4271,94;
ANA CAROLINA DA COSTA MAIA;GT - GRUPO DE TRABALHO;MEMBRO;; GRUPO DE TRABALHO;5000,00;;5000,00;490,04;4509,96;
ANDERSON RODRIGO DA SILVA GOMES;SUBCOORD.SETOR.DE ENGENHARIA;ASSESSOR I;ASSESSOR I; CARGO COMISSION.S/VINCULO;5229,77;;5229,77;957,83;4271,94;
ANDRE DA SILVA SANTOS;GABINETE;ASSESSOR II;ASSESSOR II; CARGO COMISSION.S/VINCULO;4209,79;;4209,79;597,14;3612,65;
CAROLINE PORTELA DE LIMA;SUBCOORD.SETORIAL JURIDICA;ASSESSOR I;ASSESSOR I; CARGO COMISSION.S/VINCULO;5229,77;;5229,77;957,83;4271,94;
CELIA AUGUSTA COLARES ALVES;SUBCOORD.SET.DE PROJ.SOCIAIS;ASSESSOR I;NAO INFORMADO; CARGO COMISSION.S/VINCULO;5229,77;;5229,77;957,83;4271,94;
CELIO UBIRATAN OLIVEIRA;ASSESSORIA ADMINISTRATIVA;ASSESSOR II;NAO INFORMADO; CARGO COMISSION.S/VINCULO;4209,79;;4209,79;597,14;3612,65;
DANIELLA FALABELO JAIME;SUBCOORD.SET.ADM.E FINANCEIRA;SUBCOORDENADOR SETORIAL;NAO INFORMADO; CARGO COMISSION.S/VINCULO;14000,00;;14000,00;3600,83;10399,17;
DIANA SILVA DOS SANTOS;SUBCOORD.SET.DE PROJ.SOCIAIS;ASSESSOR II;ASSESSOR II; CARGO COMISSION.S/VINCULO;4209,79;;4209,79;597,14;3612,65;
FRANCISCO SOARES DE SOUZA FILHO;SUBCOORD.SET.REL.INSTITUCIONAL;SUBCOORDENADOR SETORIAL;NAO INFORMADO; CARGO COMISSION.S/VINCULO;14000,00;;14000,00;3600,83;10399,17;
FRANCY MELRY OLIVEIRA CARVALHO;ASSESSORIA ADMINISTRATIVA;ASSESSOR I;NAO INFORMADO; CARGO COMISSION.S/VINCULO;5229,77;;5229,77;957,83;4271,94;
GABRIELA SENA LAUREANO;SUBCOORD.SETOR.DE ENGENHARIA;ASSESSOR I;NAO INFORMADO; CARGO COMISSION.S/VINCULO;5229,77;;5229,77;957,83;4271,94;
HELDER CAMARA VIANA;GT - GRUPO DE TRABALHO;MEMBRO;; GRUPO DE TRABALHO;5000,00;;5000,00;490,04;4509,96;
JOAO LUIZ BENAION DUMONT;SUBCOORD.SETOR.DE ENGENHARIA;SUBCOORDENADOR SETORIAL;NAO INFORMADO; CARGO COMISSION.S/VINCULO;14000,00;;14000,00;3600,83;10399,17;
JOAO PEDRO CRUZ SCHWEICKARDT;SUBCOORD.SETOR.DE ENGENHARIA;ASSESSOR I;ASSESSOR I; CARGO COMISSION.S/VINCULO;5229,77;;5229,77;957,83;4271,94;
KAREN EVELYN DO NASCIMENTO NERI;SUBCOORD.SET.DE PROJ.SOCIAIS;ASSESSOR I;NAO INFORMADO; CARGO COMISSION.S/VINCULO;5229,77;;5229,77;957,83;4271,94;
KARINA DE SOUZA RAMOS;SUBCOORD.SET.PROJ.AMBIENTAIS;ASSESSOR II;ASSESSOR II; CARGO COMISSION.S/VINCULO;2609,79;;2609,79;216,23;2393,56;
LEONARDO BARBOSA DE SOUSA;SUBCOORD.SETORIAL JURIDICA;SUBCOORDENADOR SETORIAL;NAO INFORMADO; CARGO COMISSION.S/VINCULO;14000,00;;14000,00;3600,83;10399,17;
LUIZ PAULO GABRIEL GONCALVES DA SIL;GT - GRUPO DE TRABALHO;MEMBRO;; GRUPO DE TRABALHO;5000,00;;5000,00;490,04;4509,96;
MARCELLUS JOSE BARROSO CAMPELO;COORDENADORIA EXECUTIVA;COORDENADOR EXECUTIVO;COORDENADOR EXECUTIV; CARGO COMISSION.S/VINCULO;18700,00;;18700,00;4893,33;13806,67;
MARIA DA GRACA HAGGE MOURAO;ASSESSORIA ADMINISTRATIVA;ASSESSOR I;NAO INFORMADO; CARGO COMISSION.S/VINCULO;5229,77;;5229,77;957,83;4271,94;
MARIA DO PERPETUO S F RODRIGUES;ASSESSORIA ADMINISTRATIVA;ASSESSOR II;NAO INFORMADO; CARGO COMISSION.S/VINCULO;4209,79;;4209,79;597,14;3612,65;
ORLANDO FREIRE NETO;SUBCOORD.SETOR.DE ENGENHARIA;ASSESSOR I;ASSESSOR I; CARGO COMISSION.S/VINCULO;11973,03;;11973,03;2989,17;8983,86;
OTACILIO DOS SANTOS CARDOSO JUNIOR;SUBCOORD.SET.PROJ.AMBIENTAIS;SUBCOORDENADOR SETORIAL;; CARGO COMISSION.S/VINCULO;14000,00;;14000,00;3548,69;10451,31;
REBECA LOUISE BOTELHO DA SILVA;SUBCOORD.SET.PROJ.AMBIENTAIS;ASSESSOR I;ASSESSOR I; CARGO COMISSION.S/VINCULO;5229,77;;5229,77;957,83;4271,94;
RITTAHINA MARIA TEIXEIRA MARTINS;SUBCOORD.SET.ADM.E FINANCEIRA;ASSESSOR I;NAO INFORMADO; CARGO COMISSION.S/VINCULO;12229,77;;12229,77;2882,83;9346,94;
RODRIGO OLIVEIRA JUNQUEIRA;ASSESSORIA ADMINISTRATIVA;ASSESSOR I;NAO INFORMADO; CARGO COMISSION.S/VINCULO;5229,77;;5229,77;957,83;4271,94;
ROSEANE SOUZA DA MOTA;ASSESSORIA DE COMUNICACAO;TECNICO-TEC-T.S.N.S.-A;ASSESSOR I; ESTATUTARIO;6971,92;;6971,92;1582,73;5389,19;
ROSIMAR MARTINS COSTA OLIVEIRA;SUBCOORD.SET.ADM.E FINANCEIRA;ASSESSOR I;NAO INFORMADO; CARGO COMISSION.S/VINCULO;5229,77;;5229,77;957,83;4271,94;
SIMONE GOMES FERREIRA XAVIER;SUBCOORD.SETORIAL JURIDICA;ASSESSOR I;ASSESSOR I; CARGO COMISSION.S/VINCULO;5229,77;;5229,77;957,83;4271,94;
SIMONE NORONHA BARBOSA;SUBCOORD.SETOR.DE ENGENHARIA;ASSESSOR I;ASSESSOR I; CARGO COMISSION.S/VINCULO;5229,77;;5229,77;957,83;4271,94;
TIAGO MONTEIRO DE PAIVA;GT - GRUPO DE TRABALHO;MEMBRO;; GRUPO DE TRABALHO;5000,00;;5000,00;490,04;4509,96;
VANIA MELO DOS SANTOS;SUBCOORD.SET.DE PROJ.SOCIAIS;ASSESSOR II;NAO INFORMADO; CARGO COMISSION.S/VINCULO;4209,79;;4209,79;597,14;3612,65;
VITOR GOMES AFONSO;SUBCOORD.SETOR.DE ENGENHARIA;ASSESSOR II;NAO INFORMADO; CARGO COMISSION.S/VINCULO;4209,79;;4209,79;597,14;3612,65;
VIVIANE ALVES DA SILVA DUTRA;SUBCOORD.SET.DE PROJ.SOCIAIS;SUBCOORDENADOR SETORIAL;NAO INFORMADO; CARGO COMISSION.S/VINCULO;14000,00;;14000,00;3600,83;10399,17;
YVONETE QUEIROZ MONTEIRO;SUBCOORD.SET.DE PROJ.SOCIAIS;ASSESSOR II;NAO INFORMADO; CARGO COMISSION.S/VINCULO;4209,79;;4209,79;597,14;3612,65;
