NOME;LOTACAO;CARGO;FUNCAO;VINCULO;REMUNERACAO LEGAL TOTAL(R$);DESC.TETO(R$); REMUNERACAO LEGAL DEVIDA(R$);DESCONTOS LEGAIS(R$);LIQUIDO DISPONIVEL(R$);
ALEXANDRE FRANKLIN PAZUELLO;DEPTO.COM.SOC.,MARK.E PUBLIC.;ASSESSOR II;ASSESSOR II; CARGO COMISSION.S/VINCULO;4209,79;;4209,79;601,44;3608,35;
ANA PAULA TELES COSTA;DEPTO.DE ADMINIST.E FINANCAS;SECRETARIO EXECUTIVO ADJUNTO;NAO INFORMADO; CARGO COMISSION.S/VINCULO;9000,00;;9000,00;2241,62;6758,38;
ANDERSON SILVA DO NASCIMENTO;COORDENADORIA DE JORNALISMO;ASSESSOR II;ASSESSOR II; CARGO COMISSION.S/VINCULO;4209,79;;4209,79;573,00;3636,79;
ANDRESSA MORAES DA COSTA;DEPTO.COM.SOC.,MARK.E PUBLIC.;CHEFE DE GABINETE;NAO INFORMADO; CARGO COMISSION.S/VINCULO;6973,03;;6973,03;1525,69;5447,34;
ANNE LOUYSE GOMES DOS SANTOS;COORDENADORIA DE JORNALISMO;ASSESSOR III;; CARGO COMISSION.S/VINCULO;4965,01;;4965,01;2127,87;2837,14;
ANNE LOUYSE GOMES DOS SANTOS;DEPTO.COM.SOC.,MARK.E PUBLIC.;ASSESSOR II;ASSESSOR II; CARGO COMISSION.S/VINCULO;4209,79;;4209,79;633,12;3576,67;
ANTONIO MARTINS GONCALVES CARVALHO;DEPTO.DE ADMINIST.E FINANCAS;A.TEC-II;ASS DEP ADM FG-2; ESTATUTARIO;6261,15;;6261,15;1188,61;5072,54;
ANTONIO SOARES LIMA;COORDENADORIA DE JORNALISMO;ASSESSOR II;ASSESSOR II; CARGO COMISSION.S/VINCULO;4209,79;;4209,79;633,12;3576,67;
ARTHUR CHARLES SOARES CORREA;DEPTO.COM.SOC.,MARK.E PUBLIC.;ASSESSOR I;ASSESSOR I; CARGO COMISSION.S/VINCULO;5229,77;;5229,77;973,62;4256,15;
ARTHUR CHARLES SOARES CORREA;DEPTO.COM.SOC.,MARK.E PUBLIC.;ASSESSOR II;; CARGO COMISSION.S/VINCULO;1637,14;;1637,14;701,63;935,51;
BRAYAN YURI RIKER CORREA;DEPTO.COM.SOC.,MARK.E PUBLIC.;ASSESSOR II;NAO INFORMADO; CARGO COMISSION.S/VINCULO;4209,79;;4209,79;633,12;3576,67;
BRENO RODRIGO DA COSTA MOREIRA;COORDENADORIA DE JORNALISMO;ASSESSOR I;ASSESSOR I; CARGO COMISSION.S/VINCULO;5229,77;;5229,77;973,62;4256,15;
BRUCE WILLAS BARBOSA CARDOSO;COORDENADORIA DE JORNALISMO;SECRETARIO EXECUTIVO ADJUNTO;SECRETARIO EXECUTIVO; CARGO COMISSION.S/VINCULO;9000,00;;9000,00;2137,35;6862,65;
CAMILA ARAUJO MARQUES MENDONCA;COORDENADORIA DE JORNALISMO;ASSESSOR I;NAO INFORMADO; CARGO COMISSION.S/VINCULO;5229,77;;5229,77;973,62;4256,15;
CARLA FERREIRA MENDES;DEPTO.DE ADMINIST.E FINANCAS;ASSESSOR I;ASSESSOR I; CARGO COMISSION.S/VINCULO;5229,77;;5229,77;973,62;4256,15;
CARLOS ALESSANDRO DOS SANTOS SOARES;COORDENADORIA DE JORNALISMO;ASSESSOR II;; CARGO COMISSION.S/VINCULO;7016,30;;7016,30;4209,79;2806,51;
CARLOS ALESSANDRO DOS SANTOS SOARES;COORDENADORIA DE JORNALISMO;ASSESSOR II;ASSESSOR II; CARGO COMISSION.S/VINCULO;4209,79;;4209,79;633,12;3576,67;
CLAIR FERREIRA DA SILVA;DEPTO.COM.SOC.,MARK.E PUBLIC.;TNS-I;CHEF.SET.DOCUM.FG-1; ESTATUTARIO;9836,60;;9836,60;2497,83;7338,77;
DAHN ISRAEL RIBEIRO HORTENCIO;DEPTO.COM.SOC.,MARK.E PUBLIC.;ASSESSOR II;ASSESSOR II; CARGO COMISSION.S/VINCULO;4209,79;;4209,79;633,12;3576,67;
DANIEL SOUZA DE ALMEIDA;COORDENADORIA DE JORNALISMO;ASSESSOR II;NAO INFORMADO; CARGO COMISSION.S/VINCULO;4209,79;;4209,79;633,12;3576,67;
EDER DA SILVA MELO FILHO;DEPTO.COM.SOC.,MARK.E PUBLIC.;ASSESSOR I;; CARGO COMISSION.S/VINCULO;6973,02;;6973,02;5229,77;1743,25;
ELIANA GUEDES SOARES BRAGA;DEPTO.DE ADMINIST.E FINANCAS;ASSISTENTE TECNICO GOVERNAMENTAL;ASSESOR-GAB-FG1; ESTATUTARIO;7981,71;;7981,71;1463,54;6518,17;
EMIDIO MARTINS DOS ANJOS;DEPTO.DE ADMINIST.E FINANCAS;MOTORISTA A;ASS.SET.TRANSP-FG-3; ESTATUTARIO;4826,44;;4826,44;612,37;4214,07;
ERICKSON DA SILVA COSTA;COORDENADORIA DE JORNALISMO;ASSESSOR III;ASSESSOR III; CARGO COMISSION.S/VINCULO;3191,80;;3191,80;347,23;2844,57;
ERIKA LIMA PINHEIRO;DEPTO.COM.SOC.,MARK.E PUBLIC.;ASSESSOR II;ASSESSOR II; CARGO COMISSION.S/VINCULO;4209,79;;4209,79;601,44;3608,35;
ERNANDO DE MENEZES BATISTA;DEPTO.COM.SOC.,MARK.E PUBLIC.;ASSESSOR II;ASSESSOR II AD-2; CARGO COMISSION.S/VINCULO;8419,56;;8419,56;4209,79;4209,77;
FABIOLA RIBEIRO MADURO;DEPTO.DE ADMINIST.E FINANCAS;ASSESSOR I;NAO INFORMADO; CARGO COMISSION.S/VINCULO;5229,77;;5229,77;973,62;4256,15;
FLAIZE VIANA DE SOUZA;DEPTO.COM.SOC.,MARK.E PUBLIC.;SECRETARIO EXECUTIVO ADJUNTO;NAO INFORMADO; CARGO COMISSION.S/VINCULO;9000,00;;9000,00;2241,62;6758,38;
FRANCISCA DE MELO CAVALCANTE VALE;DEPTO.COM.SOC.,MARK.E PUBLIC.;TNS-I;TEC.COM.SOC.GOV; ESTATUTARIO;6073,04;;6073,04;1417,14;4655,90;
FRANCISCA SILENE TENORIO C AZEVEDO;DEPTO.DE ADMINIST.E FINANCAS;ASSISTENTE TECNICO GOVERNAMENTAL;CHEFE.REC.HUMANO.FG1; ESTATUTARIO;6035,41;;6035,41;829,02;5206,39;
FRANCISCO EDSON DE AQUINO RODRIGUES;DEPTO.COM.SOC.,MARK.E PUBLIC.;ASSESSOR I;; CARGO COMISSION.S/VINCULO;5229,77;;5229,77;887,97;4341,80;
GABRIELA DE ARAUJO VALERIO;COORDENADORIA DE JORNALISMO;ASSESSOR II;NAO INFORMADO; CARGO COMISSION.S/VINCULO;4209,79;;4209,79;633,12;3576,67;
GEORGE MASSAYURI MEDEIROS NEO;COORDENADORIA DE JORNALISMO;ASSESSOR II;ASSESSOR II; CARGO COMISSION.S/VINCULO;4209,79;;4209,79;633,12;3576,67;
GISLENI KATCIPIS LEAL;DEPTO.DE ADMINIST.E FINANCAS;ASSESSOR II;NAO INFORMADO; CARGO COMISSION.S/VINCULO;5613,05;;5613,05;1117,93;4495,12;
HERIVALDO DA MATTA VIANNA COSTA;DEPTO.COM.SOC.,MARK.E PUBLIC.;ASSESSOR II;NAO INFORMADO; CARGO COMISSION.S/VINCULO;5613,05;;5613,05;1117,93;4495,12;
HIANNE DE MOURA LIMA;DEPTO.DE ADMINIST.E FINANCAS;ASSESSOR I;NAO INFORMADO; CARGO COMISSION.S/VINCULO;5229,77;;5229,77;973,62;4256,15;
IGOR SIDNEY MENEZES DE OLIVEIRA;DEPTO.COM.SOC.,MARK.E PUBLIC.;ASSESSOR II;NAO INFORMADO; CARGO COMISSION.S/VINCULO;4209,79;;4209,79;633,12;3576,67;
INDIARA CABRAL BESSA SIQUEIRA;DEPTO.COM.SOC.,MARK.E PUBLIC.;ASSESSOR II;ASSESSOR II; CARGO COMISSION.S/VINCULO;4209,79;;4209,79;633,12;3576,67;
IRLANY MOURA PIMENTA DA COSTA;DEPTO.DE ADMINIST.E FINANCAS;ASSESSOR II;NAO INFORMADO; CARGO COMISSION.S/VINCULO;4209,79;;4209,79;633,12;3576,67;
ISABELLA FARIAS DOS SANTOS;COORDENADORIA DE JORNALISMO;ASSESSOR II;; CARGO COMISSION.S/VINCULO;4677,53;;4677,53;4209,79;467,74;
ISLANIA QUEIROZ DE LIMA;DEPTO.COM.SOC.,MARK.E PUBLIC.;ASSESSOR II;; CARGO COMISSION.S/VINCULO;5145,29;;5145,29;4209,79;935,50;
ISLANIA QUEIROZ DE LIMA;DEPTO.COM.SOC.,MARK.E PUBLIC.;ASSESSOR II;ASSESSOR II; CARGO COMISSION.S/VINCULO;4209,79;;4209,79;544,56;3665,23;
IVO DA SILVA PEREIRA;DEPTO.DE ADMINIST.E FINANCAS;ASSESSOR II;NAO INFORMADO; CARGO COMISSION.S/VINCULO;4209,79;;4209,79;601,44;3608,35;
JAMISON MADY MARQUES;DEPTO.DE ADMINIST.E FINANCAS;ASSESSOR III;NAO INFORMADO; CARGO COMISSION.S/VINCULO;3191,80;;3191,80;367,36;2824,44;
JANIO AUGUSTO ESPINDOLA PENA;DEPTO.DE ADMINIST.E FINANCAS;AUX.O-I;ASS.SET.TRANSP.FG-3; ESTATUTARIO;5115,25;;5115,25;513,06;4602,19;
JAQUELINE PIMENTA ALVES;COORDENADORIA DE JORNALISMO;ASSESSOR II;ASSESSOR II; CARGO COMISSION.S/VINCULO;4209,79;;4209,79;633,12;3576,67;
JHEMISSON MOURA MARINHO;DEPTO.COM.SOC.,MARK.E PUBLIC.;SECRETARIO EXECUTIVO ADJUNTO;NAO INFORMADO; CARGO COMISSION.S/VINCULO;9000,00;;9000,00;2189,49;6810,51;
JOAO ARTUR TAVARES VIEIRA;DEPTO.COM.SOC.,MARK.E PUBLIC.;SECRETARIO EXECUTIVO ADJUNTO;SECRETARIO EXECUTIVO; CARGO COMISSION.S/VINCULO;6000,00;;6000,00;1263,61;4736,39;
JOAO FREITAS RODRIGUES;DEPTO.COM.SOC.,MARK.E PUBLIC.;TNS-I;ASS.DEP.DE.COM.FG-3; ESTATUTARIO;8153,30;;8153,30;1988,32;6164,98;
JONH VICTOR DA SILVA DIAS;COORDENADORIA DE JORNALISMO;ASSESSOR II;; CARGO COMISSION.S/VINCULO;1637,14;;1637,14;701,63;935,51;
JONY CLAY DE MENEZES BORGES;DEPTO.COM.SOC.,MARK.E PUBLIC.;ASSESSOR I;NAO INFORMADO; CARGO COMISSION.S/VINCULO;5229,77;;5229,77;973,62;4256,15;
JOSICLECIA GOMES NOGUEIRA;DEPTO.COM.SOC.,MARK.E PUBLIC.;SECRETARIO DE ESTADO;SECRETARIO DE ESTADO; CARGO COMISSION.S/VINCULO;28060,00;;28060,00;7430,99;20629,01;
JUDITE MARIA SANTOS ARAUJO;COORDENADORIA DE JORNALISMO;ASSESSOR I;; CARGO COMISSION.S/VINCULO;6101,39;;6101,39;5229,77;871,62;
KLINGER PINHEIRO SILVA;COORDENADORIA DE JORNALISMO;ASSESSOR I;ASSESSOR I; CARGO COMISSION.S/VINCULO;5229,77;;5229,77;973,62;4256,15;
LARISSA DANIELLE TINOCO PACHECO;DEPTO.COM.SOC.,MARK.E PUBLIC.;ASSESSOR I;ASSESSOR I; CARGO COMISSION.S/VINCULO;5229,77;;5229,77;973,62;4256,15;
LENISE COLLARES IPIRANGA;DEPTO.COM.SOC.,MARK.E PUBLIC.;ASSESSOR I;; CARGO COMISSION.S/VINCULO;7554,10;;7554,10;5229,77;2324,33;
LENISE COLLARES IPIRANGA;COORDENADORIA DE JORNALISMO;ASSESSOR II;ASSESSOR II; CARGO COMISSION.S/VINCULO;4209,79;;4209,79;633,12;3576,67;
LEYLA VIEIRA MARINHO;DEPTO.DE ADMINIST.E FINANCAS;ASSESSOR II;NAO INFORMADO; CARGO COMISSION.S/VINCULO;4209,79;;4209,79;633,12;3576,67;
LIA VICTORIA CARDOSO DE SOUZA;COORDENADORIA DE ADMINISTRACAO;ASSESSOR II;ASSESSOR II; CARGO COMISSION.S/VINCULO;4209,79;;4209,79;633,12;3576,67;
LUANA KELLY NOBRE COSTA;DEPTO.COM.SOC.,MARK.E PUBLIC.;ASSESSOR I;NAO INFORMADO; CARGO COMISSION.S/VINCULO;6973,03;;6973,03;1629,96;5343,07;
LUCAS DA SILVA E SILVA;COORDENADORIA DE JORNALISMO;ASSESSOR II;NAO INFORMADO; CARGO COMISSION.S/VINCULO;4209,79;;4209,79;633,12;3576,67;
LUCAS PECEU CARDOSO QUEIROZ;DEPTO.COM.SOC.,MARK.E PUBLIC.;ASSESSOR I;ASSESSOR I; CARGO COMISSION.S/VINCULO;5229,77;;5229,77;973,62;4256,15;
LUCIANE PAZ DA SILVA;DEPTO.DE ADMINIST.E FINANCAS;ASSESSOR II;NAO INFORMADO; CARGO COMISSION.S/VINCULO;5613,05;;5613,05;1015,79;4597,26;
MANOEL IVAN SOUZA DE OLIVEIRA;DEPTO.COM.SOC.,MARK.E PUBLIC.;OPERADOR DE SOM;ASS.DEP.DE.COM.FG-3; ESTATUTARIO;6458,36;;6458,36;1046,40;5411,96;
MANUELLA DE BARROS SILVA PEDROSA;DEPTO.COM.SOC.,MARK.E PUBLIC.;ASSESSOR I;ASSESSOR I; CARGO COMISSION.S/VINCULO;6621,99;;6621,99;973,62;5648,37;
MARCELO MENDONCA GARCIA;DEPTO.COM.SOC.,MARK.E PUBLIC.;ASSESSOR I;ASSESSOR I; CARGO COMISSION.S/VINCULO;5229,77;;5229,77;973,62;4256,15;
MARCELO MENDONCA GARCIA;DEPTO.COM.SOC.,MARK.E PUBLIC.;ASSESSOR II;; CARGO COMISSION.S/VINCULO;1637,14;;1637,14;701,63;935,51;
MARCIO AZEVEDO PICANCO;DEPTO.COM.SOC.,MARK.E PUBLIC.;ASSESSOR I;ASSESSOR I; CARGO COMISSION.S/VINCULO;5229,77;;5229,77;973,62;4256,15;
MARIA HILMA FILGUEIRAS DE AZEVEDO;DEPTO.DE ADMINIST.E FINANCAS;ASSIS.TEC.GOVERNAMENTAL NIV.M REF.I;ASS.SET.DOCUM.FG-3; ESTATUTARIO;4835,02;;4835,02;600,14;4234,88;
MARILIA PERDIGAO DE N VIANNA;COORDENADORIA DE JORNALISMO;ASSESSOR I;ASSESSOR I; CARGO COMISSION.S/VINCULO;3486,50;;3486,50;441,62;3044,88;
MARILZA DE FIGUEIREDO MASCARENHAS;DEPTO.COM.SOC.,MARK.E PUBLIC.;ASSESSOR I;ASSESSOR I; CARGO COMISSION.S/VINCULO;5229,77;;5229,77;973,62;4256,15;
MARIO WILSON DA SILVA JUNIOR;DEPTO.DE ADMINIST.E FINANCAS;A.TEC-I;ASS.DEP.ADM.FG-2; ESTATUTARIO;5837,87;;5837,87;1135,75;4702,12;
MARTHA BERNARDO DUARTE;DEPTO.COM.SOC.,MARK.E PUBLIC.;SECRETARIO EXECUTIVO;SECRETARIO EXECUTIVO; CARGO COMISSION.S/VINCULO;11700,00;;11700,00;2984,12;8715,88;
MAURA RAFAEL DA LAPA;DEPTO.COM.SOC.,MARK.E PUBLIC.;ASSESSOR II;NAO INFORMADO; CARGO COMISSION.S/VINCULO;5613,05;;5613,05;1117,93;4495,12;
MAYANE KASSANDRA DA SILVA ANDRADE;DEPTO.DE ADMINIST.E FINANCAS;ASSESSOR II;ASSESSOR II; CARGO COMISSION.S/VINCULO;4209,79;;4209,79;601,44;3608,35;
MIGUEL PEDRO PEREIRA DOS SANTOS;DEPTO.DE ADMINIST.E FINANCAS;ASSESSOR III;; CARGO COMISSION.S/VINCULO;3191,80;;3191,80;347,23;2844,57;
MIKAEL SMITH GOMES DOS SANTOS;COORDENADORIA DE JORNALISMO;ASSESSOR I;ASSESSOR I; CARGO COMISSION.S/VINCULO;2614,86;;2614,86;254,13;2360,73;
NATHALIA ANDRADE NOGUEIRA;DEPTO.COM.SOC.,MARK.E PUBLIC.;ASSESSOR I;; CARGO COMISSION.S/VINCULO;8135,19;;8135,19;5229,77;2905,42;
OSWALDO DE OLIVEIRA PANTOJA NETO;COORDENADORIA DE JORNALISMO;ASSESSOR I;; CARGO COMISSION.S/VINCULO;5810,85;;5810,85;5229,77;581,08;
OTACILIO GOMES BARREIROS;DEPTO.DE ADMINIST.E FINANCAS;A.TEC-II;ASS TEC GOV; ESTATUTARIO;4957,96;;4957,96;797,49;4160,47;
RAIMUNDO NONATO DE ALMEIDA DUARTE;DEPTO.DE ADMINIST.E FINANCAS;MOT-I;ASS.SET.TRASP. FG-3; ESTATUTARIO;5480,07;;5480,07;818,99;4661,08;
RENNER DA CRUZ SILVA;DEPTO.DE ADMINIST.E FINANCAS;ASSESSOR I;NAO INFORMADO; CARGO COMISSION.S/VINCULO;5229,77;;5229,77;973,62;4256,15;
ROBERTO CARLOS MENDES NOVO;DEPTO.COM.SOC.,MARK.E PUBLIC.;A.TEC-II;ASS DEP.DE.COM.FG-3; ESTATUTARIO;4949,21;;4949,21;879,89;4069,32;
RODRIGO CASTRO VAZ;DEPTO.DE ADMINIST.E FINANCAS;SECRETARIO EXECUTIVO;NAO INFORMADO; CARGO COMISSION.S/VINCULO;11700,00;;11700,00;2984,12;8715,88;
ROMULO ASSUNCAO ARAUJO;DEPTO.COM.SOC.,MARK.E PUBLIC.;ASSESSOR I;ASSESSOR I; CARGO COMISSION.S/VINCULO;5229,77;;5229,77;930,62;4299,15;
ROSENILDO ROCHA DO NASCIMENTO;DEPTO.DE ADMINIST.E FINANCAS;ASSISTENTE TECNICO GOVERNAMENTAL;CHEF.PAT.TRASP.FG-1; ESTATUTARIO;7993,36;;7993,36;1415,49;6577,87;
RUBERCY SENA;DEPTO.DE ADMINIST.E FINANCAS;MOTORISTA 3A CLASSE;; ESTATUTARIO;4929,20;;4929,20;580,52;4348,68;
SARA DE MATOS QUEIROZ;COORDENADORIA DE JORNALISMO;ASSESSOR II;NAO INFORMADO; CARGO COMISSION.S/VINCULO;4209,79;;4209,79;573,00;3636,79;
SELMA DE MOURA LIMA;DEPTO.DE ADMINIST.E FINANCAS;ASSIS.TEC.GOVERNAMENTAL NIV.M REF.I;ASS.SETOR.DOCUM.FG-3; ESTATUTARIO;6435,04;;6435,04;1038,21;5396,83;
SHERMAN RODRIGO SENA CARDOSO;DEPTO.COM.SOC.,MARK.E PUBLIC.;ASSESSOR I;ASSESSOR I; CARGO COMISSION.S/VINCULO;5229,77;;5229,77;845,31;4384,46;
TABAJARA RODRIGUES MORENO;DEPTO.COM.SOC.,MARK.E PUBLIC.;SECRETARIO EXECUTIVO ADJUNTO;; CARGO COMISSION.S/VINCULO;14000,00;;14000,00;6000,00;8000,00;
TACIO DE MELO MACIEL;COORDENADORIA DE JORNALISMO;ASSESSOR II;; CARGO COMISSION.S/VINCULO;4677,53;;4677,53;4209,79;467,74;
THIAGO RIBEIRO DE MENEZES;DEPTO.COM.SOC.,MARK.E PUBLIC.;ASSESSOR I;ASSESSOR I; CARGO COMISSION.S/VINCULO;7181,60;;7181,60;973,62;6207,98;
VALDERES SANTOS DE LIRA MILERIO;DEPTO.DE ADMINIST.E FINANCAS;A.TEC-II;ASS.SETOR.DOCUM.FG-3; ESTATUTARIO;4949,21;;4949,21;794,58;4154,63;
VINICIUS PAES LIMA;DEPTO.COM.SOC.,MARK.E PUBLIC.;ASSESSOR III;NAO INFORMADO; CARGO COMISSION.S/VINCULO;4255,73;;4255,73;648,44;3607,29;
WILLYAM SANTOS TAVEIRA;COORDENADORIA DE JORNALISMO;ASSESSOR II;; CARGO COMISSION.S/VINCULO;1637,14;;1637,14;701,64;935,50;
WILLYAM SANTOS TAVEIRA;DEPTO.COM.SOC.,MARK.E PUBLIC.;ASSESSOR I;ASSESSOR I; CARGO COMISSION.S/VINCULO;5229,77;;5229,77;930,62;4299,15;
YASMIM RODRIGUES TORRES;DEPTO.COM.SOC.,MARK.E PUBLIC.;ASSESSOR II;ASSESSOR II; CARGO COMISSION.S/VINCULO;4209,79;;4209,79;633,12;3576,67;
