NOME;LOTACAO;CARGO;FUNCAO;VINCULO;REMUNERACAO LEGAL TOTAL(R$);DESC.TETO(R$); REMUNERACAO LEGAL DEVIDA(R$);DESCONTOS LEGAIS(R$);LIQUIDO DISPONIVEL(R$);
ABRAHAM DE OLIVEIRA ANSELMO JUNIOR;SEAP-EFETIVOS;ASSISTENTE TECNICO GOVERNAMENTAL;; ESTATUTARIO;3599,78;;3599,78;564,16;3035,62;
ADAUTO CRUZ DE SOUZA;SEAP-COMISSIONADOS;ASSESSOR III;NAO INFORMADO; CARGO COMISSION.S/VINCULO;3191,80;;3191,80;327,46;2864,34;
ADELSON EMANUEL MONTEIRO DA SILVA;SEAP-EFETIVOS;A.TEC-I;; ESTATUTARIO;4017,00;;4017,00;710,17;3306,83;
ADEMAR PEIXOTO DA SILVA;SEAP-EFETIVOS;A.TEC-I;; ESTATUTARIO;4466,60;;4466,60;735,99;3730,61;
ADRIANE DE MATTOS BRAGA;SEAP-COMISSIONADOS;A.OPE-III;ASSESSOR I; ESTATUTARIO;5771,54;;5771,54;1029,58;4741,96;
ADRIELLE LEOCADIO DE LIRA;INSTIT.PENAL ANTONIO TRINDADE;ASSESSOR IV;ASSESSOR IV AD-4; CARGO COMISSION.S/VINCULO;3175,61;;3175,61;324,29;2851,32;
AFONSO VIEIRA FERREIRA;SEAP-COMISSIONADOS;GERENTE;GERENTE; CARGO COMISSION.S/VINCULO;4209,79;;4209,79;597,14;3612,65;
AIDA MORENO DE MELO;SEAP-EFETIVOS;ASSISTENTE TECNICO GOVERNAMENTAL;; ESTATUTARIO;4070,03;;4070,03;635,91;3434,12;
AILTON DE ALMEIDA PAIVA;SEAP-COMISSIONADOS;GERENTE;NAO INFORMADO; CARGO COMISSION.S/VINCULO;4209,79;;4209,79;597,14;3612,65;
ALCINEI MACIEL PINTO;SEAP-COMISSIONADOS;ASSESSOR III;; CARGO COMISSION.S/VINCULO;3191,80;;3191,80;327,46;2864,34;
ALDAIR DE PAULA EDWARDS;SEAP-EFETIVOS;A.TEC-I;; ESTATUTARIO;4465,70;;4465,70;735,86;3729,84;
ALDEMAR DOS SANTOS BONATES NETO;SEAP-COMISSIONADOS;INVEST.DE POL. 3A.CL. PC-INV-III;ASSESSOR I; ESTATUTARIO;6666,67;;6666,67;948,37;5718,30;
ALESSANDRO DA SILVA;SEAP-COMISSIONADOS;SARGENTO 3;GERENTE; ESTATUTARIO;4000,00;;4000,00;248,27;3751,73;
ALESSANDRO LUIZ PEREIRA DE ALMEIDA;SEAP-COMISSIONADOS;ASSESSOR III;NAO INFORMADO; CARGO COMISSION.S/VINCULO;3191,80;;3191,80;327,46;2864,34;
ALEX JUNIOR ALMEIDA BRASIL;CENTRO DE DET.PROV.FEMIN.-CDPF;SARGENTO 3;ASSESSOR III; ESTATUTARIO;3000,00;;3000,00;79,60;2920,40;
ALEX TAVARES;SEAP-COMISSIONADOS;TENENTE 1;ASSESSOR II; ESTATUTARIO;3000,00;;3000,00;79,60;2920,40;
ALEXANDRA DA FONSECA DE SOUZA;SEAP-COMISSIONADOS;GERENTE;GERENTE; CARGO COMISSION.S/VINCULO;3209,79;;3209,79;330,96;2878,83;
ALEXANDRE VIANA DE CASTRO;SEAP-COMISSIONADOS;ASSESSOR II;NAO INFORMADO; CARGO COMISSION.S/VINCULO;4209,79;;4209,79;597,14;3612,65;
ALINE MARICAUA CARNEIRO;MUNICIPIO DE TABATINGA;ASSESSOR III;ASSESSOR III; CARGO COMISSION.S/VINCULO;2927,73;;2927,73;275,96;2651,77;
ALINE VIEIRA CAVALCANTE;SEAP-COMISSIONADOS;SUBGERENTE;NAO INFORMADO; CARGO COMISSION.S/VINCULO;3191,80;;3191,80;327,46;2864,34;
ALLAN DE AZEVEDO ALVES;SEAP-COMISSIONADOS;CAPITAO;SECRETARIA EXECUTIVA; ESTATUTARIO;9900,00;528,30;9371,70;1547,06;7824,64;
ALONSO MARCOLINO DA SILVA;CASA DO ALBERGADO DE MANAUS;MOT-I;MOTORISTA; ESTATUTARIO;3263,62;;3263,62;443,15;2820,47;
ALUIZIO BARBOSA DE LIMA JUNIOR;SEAP-COMISSIONADOS;SARGENTO 3;SUBGERENTE; ESTATUTARIO;3000,00;;3000,00;27,00;2973,00;
ALUIZIO BENTES CERDEIRA;MUNICIPIO DE PARINTINS;DIRETOR DE UNIDADE PRISIONAL;DIR UNI PRIS AD1; CARGO COMISSION.S/VINCULO;5229,77;;5229,77;957,83;4271,94;
ALZENIR DE SOUZA FREIRES;MUNICIPIO DE COARI;CABO;DIRETOR ADJUNTO DE U; ESTATUTARIO;4000,00;;4000,00;150,40;3849,60;
AMARILDO SOUZA CARNEIRO DA CUNHA;SEAP-EFETIVOS;AUX.S.G-I;; ESTATUTARIO;3911,79;;3911,79;486,50;3425,29;
AMSTERDAM DOS SANTOS LIMA;INSTIT.PENAL ANTONIO TRINDADE;SARGENTO 3;DIRETOR DE UNIDADE P; ESTATUTARIO;6666,67;;6666,67;948,37;5718,30;
ANA BEATRIZ SANTOS DO CARMO;SEAP-COMISSIONADOS;CABO;GERENTE; ESTATUTARIO;4000,00;;4000,00;248,27;3751,73;
ANA CLAUDIA MACEDO ARAUJO SILVA;SEAP-EFETIVOS;PSI-II;; ESTATUTARIO;6484,47;;6484,47;1475,62;5008,85;
ANA CRISTINA PEREIRA ABREU;SEAP-COMISSIONADOS;ASSESSOR III;ASSESSOR III; CARGO COMISSION.S/VINCULO;3191,80;;3191,80;327,46;2864,34;
ANDERSON ANGELIN DA SILVA;SEAP-COMISSIONADOS;SARGENTO 2;SUBGERENTE; ESTATUTARIO;3000,00;;3000,00;79,60;2920,40;
ANDERSON CLEI PEREIRA DA SILVA;SEAP-COMISSIONADOS;CABO;SUBGERENTE; ESTATUTARIO;2400,00;;2400,00;;2400,00;
ANDERSON LEONARDO MOZEIKA;SEAP-COMISSIONADOS;ASSESSOR IV;ASSESSOR IV; CARGO COMISSION.S/VINCULO;2222,91;;2222,91;180,26;2042,65;
ANDREA ALESSANDRA DE OLIVEIRA MELO;SEAP-EFETIVOS;A.TEC-II;; ESTATUTARIO;3655,15;;3655,15;610,39;3044,76;
ANDRESSON RENATO NASCIMENTO LEMOS;SEAP-COMISSIONADOS;SARGENTO 2;GERENTE; ESTATUTARIO;4000,00;;4000,00;248,27;3751,73;
ANGELA EMILIA GAMA DA SILVA;SEAP-COMISSIONADOS;ASSESSOR IV;NAO INFORMADO; CARGO COMISSION.S/VINCULO;4234,15;;4234,15;604,20;3629,95;
ANGELITA MARIA DA CONCEICAO S MUNIZ;HOSP.DE CUST.TRAT.PSIQUIATRICO;AUX.S.G-II;; ESTATUTARIO;5021,55;;5021,55;692,67;4328,88;
ANTONIO ABENONIZ GOMES;SEAP-EFETIVOS;A.TEC-II;; ESTATUTARIO;3655,15;;3655,15;610,39;3044,76;
ANTONIO ADEVAN SALDANHA RODRIGUES;MUNICIPIO DE TABATINGA;ASSESSOR III;NAO INFORMADO; CARGO COMISSION.S/VINCULO;2927,73;;2927,73;275,96;2651,77;
ANTONIO CARLOS DE SOUZA;SEAP-EFETIVOS;POLICIAL PENAL II;; ESTATUTARIO;4190,80;;4190,80;755,32;3435,48;
ANTONIO CARLOS LIRA DE FARIAS;SEAP-INTERIOR;AUX.HSP-I;; ESTATUTARIO;3559,83;;3559,83;373,52;3186,31;
ANTONIO CARLOS NUNES DA FONSECA;SEAP-EFETIVOS;MED-II;; ESTATUTARIO;6206,88;;6206,88;1451,93;4754,95;
ANTONIO CARLOS SEIXAS DA SILVA;MUNICIPIO DE TEFE;POLICIAL PENAL I;; ESTATUTARIO;5085,00;;5085,00;976,36;4108,64;
ANTONIO CARNEIRO DA COSTA;SEAP-EFETIVOS;AUX.S.G-I;; ESTATUTARIO;3943,59;;3943,59;496,60;3446,99;
ANTONIO DE PADUA PINHEIRO SENA;CASA DO ALBERGADO DE MANAUS;A.TEC-II;; ESTATUTARIO;3655,15;;3655,15;584,40;3070,75;
ANTONIO ENRIQUES CORDEIRO;MUNICIPIO DE ITACOATIARA;DIRETOR DE UNIDADE PRISIONAL AD-1;; CARGO COMISSION.S/VINCULO;5229,77;;5229,77;957,83;4271,94;
ANTONIO GONCALVES DA SILVA;SEAP-EFETIVOS;AUX.S.G-I;; ESTATUTARIO;3933,61;;3933,61;496,74;3436,87;
ANTONIO JORGE DE ALBUQUERQUE SANTIA;UNID.PRIS.SEMIABERTO FEM-UPSF;POLICIAL PENAL I;; ESTATUTARIO;5088,53;;5088,53;976,21;4112,32;
ANTONIO JORGE OLIVEIRA COSTA;CASA DO ALBERGADO DE MANAUS;AUX.S.G-I;; ESTATUTARIO;3560,58;;3560,58;433,56;3127,02;
ANTONIO JOSE BENIGNO DE OLIVEIRA;SEAP-EFETIVOS;AUX.S.G-I;; ESTATUTARIO;3957,09;;3957,09;498,63;3458,46;
ANTONIO JOSE LEITE DE OLIVEIRA;SEAP-INTERIOR;POLICIAL PENAL I;; ESTATUTARIO;5025,04;;5025,04;957,16;4067,88;
ANTONIO MARQUES DE OLIVEIRA;SEAP-EFETIVOS;POLICIAL PENAL I;; ESTATUTARIO;5075,03;;5075,03;644,91;4430,12;
ANTONIO MENDONCA DA SILVA;CASA DO ALBERGADO DE MANAUS;POLICIAL PENAL I;; ESTATUTARIO;5075,03;;5075,03;973,17;4101,86;
ARACI MENEZES DIMAS;SEAP-INTERIOR;A.TEC-I;CH SECAO ESTATISTICA; ESTATUTARIO;4453,10;;4453,10;774,04;3679,06;
ARIOMAR FERMIN;MUNICIPIO DE TEFE;POLICIAL PENAL II;; ESTATUTARIO;4149,45;;4149,45;744,19;3405,26;
ARLISSON CHAVES PASSOS;SEAP-COMISSIONADOS;SARGENTO 2;ASSESSOR II; ESTATUTARIO;4000,00;;4000,00;248,27;3751,73;
ARMANDO CAJUEIRO GOMES;SEAP-EFETIVOS;A.TEC-II;; ESTATUTARIO;3655,15;;3655,15;610,39;3044,76;
ARMANDO GARCIA QUEIROZ FILHO;CASA DO ALBERGADO DE MANAUS;A.TEC-I;; ESTATUTARIO;3888,74;;3888,74;675,67;3213,07;
ARNOLDO DA SILVA MENDONCA;SEAP-EFETIVOS;A.TEC-I;; ESTATUTARIO;4443,13;;4443,13;770,85;3672,28;
ARNOUD CRUZ DOS SANTOS;SEAP-EFETIVOS;POLICIAL PENAL II;; ESTATUTARIO;4149,45;;4149,45;744,19;3405,26;
ARYFFE SANLAY RODRIGUES DE SOUZA;SEAP-COMISSIONADOS;MAJOR;ASSESSOR I; ESTATUTARIO;3499,99;;3499,99;75,40;3424,59;
ASSIS DA SILVA RIBEIRO;SEAP-INTERIOR;A.TEC-I;; ESTATUTARIO;4443,13;;4443,13;770,85;3672,28;
AUGUSTO CASTRO DOS SANTOS;SEAP-COMISSIONADOS;SARGENTO 3;SUBGERENTE; ESTATUTARIO;3000,00;;3000,00;79,60;2920,40;
AUGUSTO DIAS VIEIRA NETTO;CENT.DETEN PROV.MANAUS-CDPM II;CABO;SUBGERENTE; ESTATUTARIO;3000,00;;3000,00;79,60;2920,40;
AURILENE MACHADO BEZERRA;SEAP-COMISSIONADOS;ASSESSOR III;ASSESSOR III AD-3; CARGO COMISSION.S/VINCULO;3191,80;;3191,80;327,46;2864,34;
BARBARA DO NASCIMENTO MARTINS;SEAP-COMISSIONADOS;ASSESSOR TECNICO;NAO INFORMADO; CARGO COMISSION.S/VINCULO;7000,00;;7000,00;1624,32;5375,68;
BELCHIOR MARCOS RODRIGUES;SEAP-COMISSIONADOS;CAPITAO;ASSESSOR I; ESTATUTARIO;5000,00;;5000,00;354,47;4645,53;
BERENICE GUEDES MONTEIRO;SEAP-EFETIVOS;A.TEC-I;; ESTATUTARIO;3995,56;;3995,56;704,41;3291,15;
BERGSON LUIZ NUNES BARBOSA LIMA;COMPAJ SEMI ABERTO;A.TEC-I;; ESTATUTARIO;3812,32;;3812,32;655,11;3157,21;
BRENO BARBOSA SOARES ALVES;SEAP-COMISSIONADOS;GERENTE;GERENTE; CARGO COMISSION.S/VINCULO;4209,79;;4209,79;597,14;3612,65;
BRENO NUNES LOPES;SEAP-COMISSIONADOS;SUBGERENTE;NAO INFORMADO; CARGO COMISSION.S/VINCULO;3191,80;;3191,80;327,46;2864,34;
BRUNO COLARES DOS REIS;SEAP-COMISSIONADOS;CORREGEDOR;CORREGEDOR AD-1; CARGO COMISSION.S/VINCULO;5229,77;;5229,77;957,83;4271,94;
BRUNO PEREIRA REGIS;SEAP-COMISSIONADOS;CABO;ASSESSOR IV; ESTATUTARIO;3000,00;;3000,00;79,60;2920,40;
CAIQUE PESSOA LAGO;CENT.DE DETEN.PROV.MANAUS-CDPM;ASSESSOR III;NAO INFORMADO; CARGO COMISSION.S/VINCULO;3191,80;;3191,80;327,46;2864,34;
CAMILA VIEIRA BRANDAO;CASA DO ALBERGADO DE MANAUS;ASSESSOR III;NAO INFORMADO; CARGO COMISSION.S/VINCULO;2195,80;;2195,80;177,82;2017,98;
CARLOS ALBERTO AZEVEDO MARINHO;MUNICIPIO DE PARINTINS;POLICIAL PENAL II;AG. PENITENCIARIO; ESTATUTARIO;4177,30;;4177,30;753,29;3424,01;
CARLOS ALBERTO FERNANDES DA SILVA;SEAP-EFETIVOS;POLICIAL PENAL II;; ESTATUTARIO;4135,95;;4135,95;742,17;3393,78;
CARLOS ANDREOS DA SILVA BEZERRA;CENT.DE DETEN.PROV.MANAUS-CDPM;SARGENTO 3;ASSESSOR III; ESTATUTARIO;3000,00;;3000,00;27,00;2973,00;
CARLOS AUGUSTO DUTRA CECILIO;SEAP-INTERIOR;POLICIAL PENAL I;; ESTATUTARIO;6292,91;;6292,91;1405,88;4887,03;
CARLOS HUMBERTO MENDES AROUCHE;SEAP-COMISSIONADOS;GERENTE;NAO INFORMADO; CARGO COMISSION.S/VINCULO;4209,79;;4209,79;597,14;3612,65;
CARLOS JOSE RIBEIRO LANHELLAS;CASA DO ALBERGADO DE MANAUS;POLICIAL PENAL II;; ESTATUTARIO;4095,00;;4095,00;731,16;3363,84;
CARLOS ROBERTO FARIAS ALEIXO;CASA DO ALBERGADO DE MANAUS;AUX.O-I;; ESTATUTARIO;4044,57;;4044,57;525,36;3519,21;
CARLOS SERGIO MOTA DE CASTRO;SEAP-INTERIOR;FISCAL RODOVIARIO;; ESTATUTARIO;3375,48;;3375,48;529,29;2846,19;
CARLOS WILLIAMS TOBIAS DE SOUZA;SEAP-COMISSIONADOS;SARGENTO 2;ASSESSOR III; ESTATUTARIO;3000,00;;3000,00;79,60;2920,40;
CAROLINA DA MOTTA FARIAS DOS SANTOS;SEAP-COMISSIONADOS;CHEFE DE DEPARTAMENTO;CHEFE DE DEPARTAMENT; CARGO COMISSION.S/VINCULO;5229,77;;5229,77;957,83;4271,94;
CAROLINE FUGOLARI FREITAS;SEAP-COMISSIONADOS;ASSESSOR I;NAO INFORMADO; CARGO COMISSION.S/VINCULO;6973,03;;6973,03;1614,17;5358,86;
CECILIO MULLER LIMA CORDEIRO;SEAP-COMISSIONADOS;CABO;; ESTATUTARIO;1750,00;;1750,00;1500,00;250,00;
CELIA REGINA PARENTE ABREU;SEAP-COMISSIONADOS;ASSESSOR III;; CARGO COMISSION.S/VINCULO;3191,80;;3191,80;327,46;2864,34;
CELSO LUIZ DE SOUZA RIBEIRO DA CUNH;SEAP-INTERIOR;POLICIAL PENAL II;; ESTATUTARIO;4149,45;;4149,45;744,19;3405,26;
CHRISTIAN KIKEBA BANDE;SEAP-COMISSIONADOS;ASSESSOR IV;ASSESSOR IV; CARGO COMISSION.S/VINCULO;3175,61;;3175,61;324,29;2851,32;
CLAUDECI PIMENTEL DE SOUZA;CASA DO ALBERGADO DE MANAUS;AUX.O-I;; ESTATUTARIO;3333,61;;3333,61;408,32;2925,29;
CLAUDESTONE SANTOS NASCIMENTO;COMPAJ SEMI ABERTO;MOT-II;; ESTATUTARIO;5003,88;;5003,88;721,84;4282,04;
CLAUDIOMAR DUARTE FREIRE;CASA DO ALBERGADO DE MANAUS;POLICIAL PENAL II;; ESTATUTARIO;4135,95;;4135,95;656,85;3479,10;
CLAUDIONORA DELGADO DO NASCIMENTO;SEAP-EFETIVOS;A.TEC-I;; ESTATUTARIO;4506,34;;4506,34;791,09;3715,25;
CLEA MARIA OLIVEIRA DE LIMA;SEAP-EFETIVOS;A.SOC-I;; ESTATUTARIO;7147,26;;7147,26;1716,89;5430,37;
CLEDSON DE JESUS MACEDO;SEAP-COMISSIONADOS;GERENTE;GERENTE; CARGO COMISSION.S/VINCULO;3209,79;;3209,79;330,96;2878,83;
CLEOMAR ANDRADE CONCEICAO;HOSP.DE CUST.TRAT.PSIQUIATRICO;A.TEC-I;; ESTATUTARIO;4463,07;;4463,07;777,24;3685,83;
CLODOALDO ARAUJO BARROS;SEAP-INTERIOR;POLICIAL PENAL I;; ESTATUTARIO;4451,78;;4451,78;832,94;3618,84;
COEMA DE ARAUJO BASTOS;SEAP-EFETIVOS;A.TEC-II;; ESTATUTARIO;3641,46;;3641,46;608,34;3033,12;
CONSTANTINO CORNELIO DA COSTA;MUNICIPIO DE COARI;AUX.S.G-I;; ESTATUTARIO;3943,59;;3943,59;499,47;3444,12;
CRISTIANO PEREIRA DE SOUSA;SEAP-COMISSIONADOS;SARGENTO 3;SUBGERENTE; ESTATUTARIO;3000,00;;3000,00;23,94;2976,06;
CRISTOVAO BRASIL DA SILVA;COMPAJ SEMI ABERTO;MARINHEIRO DE MAQUINAS;; ESTATUTARIO;3479,29;;3479,29;382,58;3096,71;
DANIEL CRUZ GOMES;CASA DO ALBERGADO DE MANAUS;A.TEC-I;; ESTATUTARIO;4450,88;;4450,88;773,33;3677,55;
DANIEL DA SILVA BARBOSA;MUNICIPIO DE TABATINGA;SARGENTO 3;DIRETOR DE UNIDADE P; ESTATUTARIO;5000,00;;5000,00;490,04;4509,96;
DANIEL MARCELO BENVENUTTI DE SALES;SEAP-COMISSIONADOS;OUVIDOR;NAO INFORMADO; CARGO COMISSION.S/VINCULO;5229,77;;5229,77;957,83;4271,94;
DANIELE MEDEIROS MENDES DANTAS;SEAP-COMISSIONADOS;ASSESSOR I;NAO INFORMADO; CARGO COMISSION.S/VINCULO;5229,77;;5229,77;957,83;4271,94;
DANIELLE BARBOSA REBOUCAS;SEAP-EFETIVOS;ASSISTENTE TECNICO PNM.ANM-III;CHEFE DE DEPARTAMENT; ESTATUTARIO;6766,97;;6766,97;1051,03;5715,94;
DEBORA LOBATO DE MELO;CENT.DETEN PROV.MANAUS-CDPM II;ASSESSOR III;NAO INFORMADO; CARGO COMISSION.S/VINCULO;3191,80;;3191,80;327,46;2864,34;
DEBORAH MENDES DA SILVA;SEAP-EFETIVOS;COZINHEIRO 3A CLASSE;; ESTATUTARIO;3878,88;;3878,88;453,49;3425,39;
DEIVISON GONCALVES DAS CHAGAS;MUNICIPIO DE HUMAITA;CABO;DIRETOR DE UNIDADE P; ESTATUTARIO;5000,00;;5000,00;354,47;4645,53;
DELCIRA RODRIGUES DA COSTA E SILVA;SEAP-EFETIVOS;AUX.S.G-II;; ESTATUTARIO;3516,15;;3516,15;411,17;3104,98;
DIATAI ANUTE DE LIMA CARIOCA;SEAP-COMISSIONADOS;GERENTE;NAO INFORMADO; CARGO COMISSION.S/VINCULO;4209,79;;4209,79;597,14;3612,65;
DILLANEY SILVA FABAR;UNIDADE PRISIONAL PURAQUEQUARA;SARGENTO 2;DIRETOR DE UNIDADE P; ESTATUTARIO;5000,00;;5000,00;490,04;4509,96;
DIONIZIO DA CRUZ GOMES;SEAP-EFETIVOS;POLICIAL PENAL I;; ESTATUTARIO;5088,53;;5088,53;976,21;4112,32;
DORALICY SOARES PEREIRA;UNID.PRIS.SEMIABERTO FEM-UPSF;A.TEC-I;; ESTATUTARIO;4443,13;;4443,13;770,85;3672,28;
DORGIVAL EPIFANIO RIBEIRO JUNIOR;CASA DO ALBERGADO DE MANAUS;ASSISTENTE TECNICO 3A CLASSE;; ESTATUTARIO;3586,28;;3586,28;541,83;3044,45;
DOUGLAS DOS SANTOS;MUNICIPIO DE ITACOATIARA;SARGENTO 2;ASSESSOR IV; ESTATUTARIO;3000,00;;3000,00;79,60;2920,40;
DOUGLAS PONTES DE OLIVEIRA;SEAP-COMISSIONADOS;ASSESSOR IV;; CARGO COMISSION.S/VINCULO;5028,04;;5028,04;1587,80;3440,24;
DYEGO CORREA CASTELO BRANCO;COMPAJ FECHADO;ASSESSOR IV;ASSESSOR IV; CARGO COMISSION.S/VINCULO;3175,61;;3175,61;324,29;2851,32;
EDEVALDO CASTRO SALVADOR;MUNICIPIO DE TABATINGA;ASSESSOR III;NAO INFORMADO; CARGO COMISSION.S/VINCULO;2927,73;;2927,73;275,96;2651,77;
EDILSON BARBOSA REGO;CASA DO ALBERGADO DE MANAUS;A.OPE-I;; ESTATUTARIO;4534,15;;4534,15;756,05;3778,10;
EDIVALDO SILVA DOS SANTOS FILHO;SEAP-COMISSIONADOS;CABO;SUBGERENTE; ESTATUTARIO;4000,00;;4000,00;150,40;3849,60;
EDMAR ELIAS JOSE;CASA DO ALBERGADO DE MANAUS;A.TEC-I;; ESTATUTARIO;4409,36;;4409,36;760,04;3649,32;
EDSON ANAZILDO ARAUJO FONTES;SEAP-EFETIVOS;ASSISTENTE TECNICO 3A CLASSE;GERENTE AD-2; ESTATUTARIO;3595,02;;3595,02;564,66;3030,36;
EDSON NOGUEIRA DE ARAUJO;SEAP-INTERIOR;POLICIAL PENAL I;; ESTATUTARIO;5085,00;;5085,00;976,36;4108,64;
EDUARDO TELES DOS SANTOS COSTA;SEAP-COMISSIONADOS;SOLDADO;ASSESSOR II; ESTATUTARIO;4000,00;;4000,00;248,27;3751,73;
ELANE RODRIGUES SOARES;CASA DO ALBERGADO DE MANAUS;AUX.HSP-II;; ESTATUTARIO;3509,11;;3509,11;425,16;3083,95;
ELDA PACHECO DA SILVA;SEAP-COMISSIONADOS;GERENTE;GERENTE AD-2; CARGO COMISSION.S/VINCULO;4209,79;;4209,79;597,14;3612,65;
ELIANE ANDRADE MARTINS;SEAP-COMISSIONADOS;ASSESSOR I;NAO INFORMADO; CARGO COMISSION.S/VINCULO;5229,77;;5229,77;957,83;4271,94;
ELIANE COSTA CASTRO DE OLIVEIRA;SEAP-EFETIVOS;A.TEC-III;AGENTE ADMINISTRAT.; ESTATUTARIO;3375,48;;3375,48;529,29;2846,19;
ELISANDRO FERREIRA DE ARAUJO;SEAP-COMISSIONADOS;GERENTE;; CARGO COMISSION.S/VINCULO;4209,79;;4209,79;597,14;3612,65;
ELISANGELA PATRICIA F PICANCO;SEAP-COMISSIONADOS;SECRETARIO DE CONSELHO;SECRETARIO DE CONSEL; CARGO COMISSION.S/VINCULO;3390,21;;3390,21;343,05;3047,16;
EPITACIO SIQUEIRA DE PAIVA;SEAP-EFETIVOS;POLICIAL PENAL II;; ESTATUTARIO;4149,45;;4149,45;744,19;3405,26;
ERICLENIO FAUSTINO DE O CASTRO;SEAP-COMISSIONADOS;CABO;GERENTE; ESTATUTARIO;4000,00;;4000,00;248,27;3751,73;
ERIVAN CARLOS DE SOUZA;CASA DO ALBERGADO DE MANAUS;POLICIAL PENAL II;; ESTATUTARIO;4135,95;;4135,95;742,17;3393,78;
ERNANDES PERES FERNANDES JUNIOR;SEAP-EFETIVOS;A.TEC-II;; ESTATUTARIO;3668,65;;3668,65;586,42;3082,23;
ESDRAS FABRICIO MARINHO KOIDE;MUNICIPIO DE MAUES;DIRETOR DE UNIDADE PRISIONAL;DIRETOR DE UNIDADE P; CARGO COMISSION.S/VINCULO;5229,77;;5229,77;957,83;4271,94;
EURICA BRAGA BAIMA;SEAP-COMISSIONADOS;GERENTE;NAO INFORMADO; CARGO COMISSION.S/VINCULO;4209,79;;4209,79;597,14;3612,65;
FABIANA MARTINS DE OLIVEIRA;CENTRO DE DET.PROV.FEMIN.-CDPF;ASSESSOR III;ASSESSOR III; CARGO COMISSION.S/VINCULO;3191,80;;3191,80;327,46;2864,34;
FABIANO FERREIRA DA SILVA;SEAP-EFETIVOS;AUX.HSP-I;; ESTATUTARIO;3546,40;;3546,40;446,11;3100,29;
FELIPE DA SILVA ABREU;COMPAJ FECHADO;SARGENTO 3;DIRETOR DE UNIDADE P; ESTATUTARIO;5000,00;;5000,00;490,04;4509,96;
FELIPHE BARROS NASCIMENTO;SEAP-COMISSIONADOS;ASSESSOR II;ASSESSOR II; CARGO COMISSION.S/VINCULO;4209,79;;4209,79;597,14;3612,65;
FERNANDO FALABELLA JUNIOR;SEAP-COMISSIONADOS;ASSESSOR TECNICO;ASSESSOR TECNICO; CARGO COMISSION.S/VINCULO;7000,00;;7000,00;1624,32;5375,68;
FERNANDO REIS BEZERRA;SEAP-COMISSIONADOS;CABO;ASSESSOR III; ESTATUTARIO;2800,00;;2800,00;51,60;2748,40;
FILIPE DA SILVA GUERREIRO;COMPAJ FECHADO;CABO;ASSESSOR III; ESTATUTARIO;3000,00;;3000,00;79,60;2920,40;
FILIPE REZK SANCHES;SEAP-COMISSIONADOS;GERENTE;GERENTE; CARGO COMISSION.S/VINCULO;4209,79;;4209,79;597,14;3612,65;
FLAVIA TEREZA MATOS RODRIGUES;SEAP-EFETIVOS;A.TEC-I;CHEF.DE SEC.PESSOAL; ESTATUTARIO;4453,10;;4453,10;774,04;3679,06;
FRANCIMARY TELES DE FRANCA GRATELI;SEAP-COMISSIONADOS;ASSESSOR IV;NAO INFORMADO; CARGO COMISSION.S/VINCULO;3175,61;;3175,61;324,29;2851,32;
FRANCISCA DE ASSIS LIMA MARAES;SEAP-EFETIVOS;COZINHEIRO;; ESTATUTARIO;3038,70;;3038,70;370,14;2668,56;
FRANCISCO CAMURCA BEZERRA NETO;SEAP-COMISSIONADOS;CAPITAO;ASSESSOR I; ESTATUTARIO;5000,00;;5000,00;490,04;4509,96;
FRANCISCO CARLOS MARTINS LEDO;UNID.PRIS.SEMIABERTO FEM-UPSF;POLICIAL PENAL II;; ESTATUTARIO;4149,45;;4149,45;744,19;3405,26;
FRANCISCO JANIO DE AGUIAR;CASA DO ALBERGADO DE MANAUS;CENOTECNICO;CENOTECNICO; ESTATUTARIO;3679,24;;3679,24;589,10;3090,14;
FRANCISCO JORGE DE AMORIM DIAS;CASA DO ALBERGADO DE MANAUS;A.TEC-I;; ESTATUTARIO;3821,06;;3821,06;629,03;3192,03;
FRANCISCO MARQUES DE OLIVEIRA;CASA DO ALBERGADO DE MANAUS;AUX.O-I;; ESTATUTARIO;3333,61;;3333,61;408,32;2925,29;
FRANCISCO MOISES CAVALCANTE DANTAS;SEAP-COMISSIONADOS;SARGENTO 1;ASSESSOR I; ESTATUTARIO;6666,67;;6666,67;948,37;5718,30;
FRANCISCO MOISES CAVALCANTE DANTAS;CONSELHO PENITENCIARIO;MEMBRO DE CONSELHO;; CONSELHO;429,20;;429,20;;429,20;
FRANCISCO MOREIRA FILHO;SEAP-INTERIOR;A.OPE-I;; ESTATUTARIO;4564,06;;4564,06;808,28;3755,78;
FRANCISCO SOARES DE SOUZA FILHO;SEAP-EFETIVOS;AUX.O-I;; ESTATUTARIO;4031,07;;4031,07;523,33;3507,74;
FRANCISCO VALBERTO DA S M JUNIOR;SEAP-COMISSIONADOS;ASSESSOR III;ASSESSOR III; CARGO COMISSION.S/VINCULO;3191,80;;3191,80;327,46;2864,34;
GABRIEL BARBOSA DE SANTANA;SEAP-COMISSIONADOS;ASSESSOR II;ASSESSOR II; CARGO COMISSION.S/VINCULO;5613,05;;5613,05;1102,13;4510,92;
GERALDO RICARDO PEREIRA;SEAP-EFETIVOS;MOT-I;; ESTATUTARIO;3630,10;;3630,10;487,63;3142,47;
GERUSA DE ARAUJO SILVA;UNID.PRIS.SEMIABERTO FEM-UPSF;A.TEC-II;; ESTATUTARIO;3663,89;;3663,89;612,92;3050,97;
GILBERTO NASCIMENTO RIBEIRO;SEAP-EFETIVOS;AUX.O-I;; ESTATUTARIO;3969,75;;3969,75;502,16;3467,59;
GINA CARLA SARKIS ROMEIRO;CONSELHO PENITENCIARIO;MEMBRO DE CONSELHO;; CONSELHO;429,20;;429,20;;429,20;
GINO EDUARDO RANCIARO;HOSP.DE CUST.TRAT.PSIQUIATRICO;DIRETOR ADJ.DE UNID.PRISIONAL AD-2;; CARGO COMISSION.S/VINCULO;4209,79;;4209,79;597,14;3612,65;
GLEICIANO DE SOUZA COSTA;MUNICIPIO DE HUMAITA;CABO;DIRETOR ADJUNTO DE U; ESTATUTARIO;3000,00;;3000,00;27,00;2973,00;
HELDER SABELI MATOS;CONSELHO PENITENCIARIO;MEMBRO DE CONSELHO;; CONSELHO;643,80;;643,80;;643,80;
HELDER SABELI MATOS;SEAP-COMISSIONADOS;ASSESSOR II;NAO INFORMADO; CARGO COMISSION.S/VINCULO;4209,79;;4209,79;597,14;3612,65;
HELENA RADIN BATISTA;SEAP-COMISSIONADOS;ASSESSOR III;ASSESSOR III; CARGO COMISSION.S/VINCULO;2195,80;;2195,80;177,82;2017,98;
HELIOMIRO THOME DE SOUZA;CASA DO ALBERGADO DE MANAUS;POLICIAL PENAL I;; ESTATUTARIO;4474,03;;4474,03;838,89;3635,14;
HELLEN DANIELLE LIMA MENDES;SEAP-COMISSIONADOS;DIRETOR ADJUNTO DE UNID.PRISIONAL;DIRETOR ADJUNTO DE U; CARGO COMISSION.S/VINCULO;4209,79;;4209,79;597,14;3612,65;
HERMES ALBERTO UGARTE JUNIOR;SEAP-EFETIVOS;POLICIAL PENAL II;; ESTATUTARIO;4135,95;;4135,95;;4135,95;
HEVERSON BARROS DO NASCIMENTO;SEAP-COMISSIONADOS;CHEFE DE DEPARTAMENTO;CHEFE DE DEPARTAMENT; CARGO COMISSION.S/VINCULO;6973,03;;6973,03;1614,17;5358,86;
HIGSON OLIVEIRA LIMA;SEAP-COMISSIONADOS;ASSESSOR III;NAO INFORMADO; CARGO COMISSION.S/VINCULO;3191,80;;3191,80;327,46;2864,34;
HUGO ALBERTO DE OLIVEIRA QUEIROZ;SEAP-COMISSIONADOS;ASSESSOR II;NAO INFORMADO; CARGO COMISSION.S/VINCULO;4209,79;;4209,79;597,14;3612,65;
INGRID SALES DA COSTA;SEAP-COMISSIONADOS;GERENTE;GERENTE; CARGO COMISSION.S/VINCULO;3209,79;;3209,79;330,96;2878,83;
IONE TEIXEIRA FILGUEIRAS;UNID.PRIS.SEMIABERTO FEM-UPSF;DIRETOR ADJUNTO DE UNID.PRISIONAL;NAO INFORMADO; CARGO COMISSION.S/VINCULO;4209,79;;4209,79;597,14;3612,65;
IRNE DE SOUZA DUTRA;UNID.PRIS.SEMIABERTO FEM-UPSF;POLICIAL PENAL I;; ESTATUTARIO;4451,78;;4451,78;832,94;3618,84;
ITELVINA RIBEIRO BARREIROS;COMPAJ SEMI ABERTO;AUX.HSP-II;; ESTATUTARIO;3509,11;;3509,11;423,66;3085,45;
IURI BRUCO DE MELO;HOSP.DE CUST.TRAT.PSIQUIATRICO;POLICIAL PENAL II;GERENTE AD 2; ESTATUTARIO;4149,45;;4149,45;744,19;3405,26;
IVAN LOPES DE SOUZA;UNID.PRIS.SEMIABERTO FEM-UPSF;A.TEC-I;; ESTATUTARIO;4476,57;;4476,57;681,66;3794,91;
JAIME MOURAO DE CARVALHO;SEAP-EFETIVOS;AUX.S.G-I;; ESTATUTARIO;3943,59;;3943,59;499,47;3444,12;
JANAINA DA SILVA MELO;SEAP-COMISSIONADOS;ASSESSOR III;ASSESSOR III; CARGO COMISSION.S/VINCULO;3191,80;;3191,80;327,46;2864,34;
JEAN CARLO SILVA DE OLIVEIRA;CENT.DE DETEN.PROV.MANAUS-CDPM;DIRETOR ADJUNTO DE UNID.PRISIONAL;DIRETOR ADJUNTO DE U; CARGO COMISSION.S/VINCULO;4209,79;;4209,79;597,14;3612,65;
JESSICA RIBEIRO LEAL;SEAP-COMISSIONADOS;ASSESSOR III;ASSESSOR III; CARGO COMISSION.S/VINCULO;3191,80;;3191,80;327,46;2864,34;
JHON ARLYTON DOS SANTOS DA SILVA;MUNICIPIO DE TABATINGA;CABO;DIRETOR ADJUNTO DE U; ESTATUTARIO;3000,00;;3000,00;79,60;2920,40;
JOAN CANDIDO MATOS;CENT.DE DETEN.PROV.MANAUS-CDPM;SARGENTO 2;DIRETOR DE UNIDADE P; ESTATUTARIO;6666,67;;6666,67;948,37;5718,30;
JOANIR MARINHO DOS SANTOS;CENT.DETEN PROV.MANAUS-CDPM II;SARGENTO 3;ASSESSOR IV; ESTATUTARIO;3000,00;;3000,00;27,00;2973,00;
JOAO BOSCO DAS CHAGAS PAULAIN;MUNICIPIO DE PARINTINS;POLICIAL PENAL I;AG. PENITENCIARIO; ESTATUTARIO;4364,43;;4364,43;803,81;3560,62;
JOAO BRITO DE SOUZA;SEAP-EFETIVOS;A.TEC-II;; ESTATUTARIO;3655,15;;3655,15;584,40;3070,75;
JOAO CARLOS DE ALMEIDA RAMOS;CENTRO DE DET.PROV.FEMIN.-CDPF;SUBGERENTE;NAO INFORMADO; CARGO COMISSION.S/VINCULO;4255,73;;4255,73;610,47;3645,26;
JOAO DE SALES FERREIRA NETO;CENT.DETEN PROV.MANAUS-CDPM II;CABO;ASSESSOR III; ESTATUTARIO;3000,00;;3000,00;;3000,00;
JOAO KENNEDY PEREIRA BARBOSA;SEAP-EFETIVOS;MOT-I;; ESTATUTARIO;3828,64;;3828,64;516,19;3312,45;
JOAO PAULINO DOS SANTOS;SEAP-COMISSIONADOS;ASSESSOR III;NAO INFORMADO; CARGO COMISSION.S/VINCULO;3191,80;;3191,80;327,46;2864,34;
JOAO PEDRO LUERSEN LOBO;SEAP-COMISSIONADOS;ASSESSOR II;ASSESSOR II; CARGO COMISSION.S/VINCULO;4209,79;;4209,79;597,14;3612,65;
JOAO PEDRO TAVARES GATO;CASA DO ALBERGADO DE MANAUS;MOT-II;; ESTATUTARIO;4119,41;;4119,41;534,81;3584,60;
JOAO VICTOR DE SOUZA MARTINS SANTOS;SEAP-COMISSIONADOS;SUBGERENTE;NAO INFORMADO; CARGO COMISSION.S/VINCULO;3191,80;;3191,80;327,46;2864,34;
JONAS NASCIMENTO DA SILVA;SEAP-COMISSIONADOS;SARGENTO 3;ASSESSOR III AD-3; ESTATUTARIO;3000,00;;3000,00;79,60;2920,40;
JONAS PEREIRA NUNES;COMPAJ SEMI ABERTO;ASSISTENTE TECNICO GOVERNAMENTAL;; ESTATUTARIO;3577,54;;3577,54;288,92;3288,62;
JONATHAN RODRIGUES GUIMARAES;SEAP-COMISSIONADOS;SUBGERENTE;NAO INFORMADO; CARGO COMISSION.S/VINCULO;2591,80;;2591,80;214,07;2377,73;
JORGE ALBERTO DA SILVA;CASA DO ALBERGADO DE MANAUS;A.TEC-I;; ESTATUTARIO;4463,07;;4463,07;777,24;3685,83;
JORGE FERREIRA GOES;SEAP-COMISSIONADOS;CAPITAO;ASSESSOR II; ESTATUTARIO;4000,00;;4000,00;150,40;3849,60;
JOSE BALDUINO DOS SANTOS PEREIRA;HOSP.DE CUST.TRAT.PSIQUIATRICO;A.TEC-I;; ESTATUTARIO;3919,73;;3919,73;682,40;3237,33;
JOSE EMERSON PIRES BINDA;SEAP-COMISSIONADOS;ASSESSOR IV;ASSESSOR IV; CARGO COMISSION.S/VINCULO;3175,61;;3175,61;314,14;2861,47;
JOSE FRANCISCO CATIVO REGIS;CASA DO ALBERGADO DE MANAUS;POLICIAL PENAL II;; ESTATUTARIO;4135,95;;4135,95;713,73;3422,22;
JOSE HENRIQUE DA CRUZ GLORIA;HOSP.DE CUST.TRAT.PSIQUIATRICO;AUX.HSP-I;; ESTATUTARIO;3363,25;;3363,25;432,08;2931,17;
JOSE LAZARO BEZERRA CAMPELO;CASA DO ALBERGADO DE MANAUS;DIRETOR DE UNIDADE PRISIONAL AD-1;DIR. UNID.PRIS. AD-1; CARGO COMISSION.S/VINCULO;5229,77;;5229,77;957,83;4271,94;
JOSE LUIS DA SILVA OLIVEIRA;CASA DO ALBERGADO DE MANAUS;A.TEC-I;; ESTATUTARIO;3746,08;;3746,08;636,76;3109,32;
JOSE MARIA BICHARA JUNIOR;SEAP-COMISSIONADOS;CHEFE DE DEPARTAMENTO;CHEFE DE DEPARTAMENT; CARGO COMISSION.S/VINCULO;5229,77;;5229,77;609,90;4619,87;
JOSE MILTON DE ANDRADE TORRES;SEAP-COMISSIONADOS;SOLDADO;SUBGERENTE AD-3; ESTATUTARIO;3000,00;;3000,00;79,60;2920,40;
JOSE PEDRO BARBOSA DOS SANTOS;SEAP-INTERIOR;POLICIAL PENAL I;; ESTATUTARIO;4451,78;;4451,78;832,94;3618,84;
JOSE RAIMUNDO CATIVO REGIS;COMPAJ SEMI ABERTO;MOT-II;; ESTATUTARIO;3123,41;;3123,41;402,76;2720,65;
JOSE RIBAMAR MAIA BEZERRA;CASA DO ALBERGADO DE MANAUS;A.TEC-I;; ESTATUTARIO;5868,25;;5868,25;1133,08;4735,17;
JOSE RIBAMAR MARTE DE MELO;SEAP-EFETIVOS;ARTIFICE;; ESTATUTARIO;3189,58;;3189,58;351,51;2838,07;
JOSE SIQUEIRA DE LIMA;CASA DO ALBERGADO DE MANAUS;POLICIAL PENAL II;; ESTATUTARIO;5514,60;;5514,60;1051,35;4463,25;
JOSE TADEU DE NAZARE REBELO;UNID.PRIS.SEMIABERTO FEM-UPSF;A.TEC-I;; ESTATUTARIO;3928,47;;3928,47;684,76;3243,71;
JOSE WILLIAM GUIMARAES DE S JUNIOR;SEAP-COMISSIONADOS;ASSESSOR I;ASSESSOR I; CARGO COMISSION.S/VINCULO;5229,77;;5229,77;957,83;4271,94;
JOSELICE CAVALCANTE CARDOSO;SEAP-COMISSIONADOS;SUBGERENTE;SUBGERENTE AD-3; CARGO COMISSION.S/VINCULO;3191,80;;3191,80;327,46;2864,34;
JOSENIR DA SILVA ARAUJO;SEAP-EFETIVOS;A.OPE-I;; ESTATUTARIO;4443,13;;4443,13;646,12;3797,01;
JOVINIANO DA SILVEIRA CUNHA;UNID.PRIS.SEMIABERTO FEM-UPSF;POLICIAL PENAL II;; ESTATUTARIO;5528,10;;5528,10;1055,06;4473,04;
JOYCIMIRLA DA CUNHA FREITAS;SEAP-COMISSIONADOS;SUBGERENTE;NAO INFORMADO; CARGO COMISSION.S/VINCULO;3191,80;;3191,80;327,46;2864,34;
JULIANA BERTUCCELLI DA SILVA MOURA;SEAP-COMISSIONADOS;SUBGERENTE;; CARGO COMISSION.S/VINCULO;3191,80;;3191,80;327,46;2864,34;
JULIANA COSTA NASCIMENTO ALMEIDA;CASA DO ALBERGADO DE MANAUS;GERENTE;NAO INFORMADO; CARGO COMISSION.S/VINCULO;3209,79;;3209,79;330,96;2878,83;
JULIANE SCHMITZ BEZERRA;SEAP-COMISSIONADOS;ASSESSOR II;ASSESSOR II; CARGO COMISSION.S/VINCULO;2946,83;;2946,83;279,68;2667,15;
JULIO CEZAR DA SILVA FERNANDES;SEAP-INTERIOR;POLICIAL PENAL II;; ESTATUTARIO;4135,95;;4135,95;742,17;3393,78;
KAREN INGRID SARAIVA REGIS;SEAP-COMISSIONADOS;ASSESSOR III;; CARGO COMISSION.S/VINCULO;4344,39;;4344,39;1595,90;2748,49;
KARLA MARIA MARTINS LEDO;SEAP-INTERIOR;POLICIAL PENAL I;; ESTATUTARIO;5075,03;;5075,03;973,17;4101,86;
KEILA AMORIM DA GRACA;SEAP-EFETIVOS;AUX.S.G-II;; ESTATUTARIO;2916,15;;2916,15;354,06;2562,09;
KEYLA MARIA PINHEIRO PRADO;SEAP-COMISSIONADOS;CHEFE DE DEPARTAMENTO;NAO INFORMADO; CARGO COMISSION.S/VINCULO;5229,77;;5229,77;957,83;4271,94;
KLEBER MENEZES DOS SANTOS;INSTIT.PENAL ANTONIO TRINDADE;SARGENTO 3;; ESTATUTARIO;1750,00;;1750,00;1500,00;250,00;
KLEWERTON ARAUJO VIEIRA;SEAP-COMISSIONADOS;GERENTE;GERENTE; CARGO COMISSION.S/VINCULO;4209,79;;4209,79;597,14;3612,65;
LADISLAU SZEZYPIOR NETO;SEAP-COMISSIONADOS;MAJOR;COORD.DO SISTEMA PRI; ESTATUTARIO;5670,00;;5670,00;936,51;4733,49;
LARRANA KALIANDRA NAPOLEAO DA COSTA;SEAP-COMISSIONADOS;ASSESSOR II;NAO INFORMADO; CARGO COMISSION.S/VINCULO;4209,79;;4209,79;597,14;3612,65;
LEANDRO CASTRO PEREIRA;SEAP-COMISSIONADOS;CABO;ASSESSOR III AD-3; ESTATUTARIO;3000,00;;3000,00;79,60;2920,40;
LEANDRO FARIAS DA SILVA;UNIDADE PRISIONAL PURAQUEQUARA;ASSESSOR IV;ASSESSOR IV; CARGO COMISSION.S/VINCULO;3175,61;;3175,61;324,29;2851,32;
LEANDRO RODRIGUES DAS MERCES;COMPAJ FECHADO;CABO;ASSESSOR III; ESTATUTARIO;3000,00;;3000,00;79,60;2920,40;
LEANDRO SOUZA DE LIMA;SEAP-COMISSIONADOS;ASSESSOR II;NAO INFORMADO; CARGO COMISSION.S/VINCULO;4209,79;;4209,79;597,14;3612,65;
LECI DE SOUZA OLIVEIRA;SEAP-COMISSIONADOS;SARGENTO 2;ASSESSOR II; ESTATUTARIO;4000,00;;4000,00;248,27;3751,73;
LEONARDO LIMA DE ABREU;SEAP-COMISSIONADOS;GERENTE;GERENTE; CARGO COMISSION.S/VINCULO;4209,79;;4209,79;597,14;3612,65;
LEONILDO BELEM DOS SANTOS;SEAP-INTERIOR;POLICIAL PENAL I;; ESTATUTARIO;4451,78;;4451,78;832,94;3618,84;
LEVI FERREIRA DE OLIVEIRA;MUNICIPIO DE HUMAITA;ASSESSOR III;ASSESSOR III; CARGO COMISSION.S/VINCULO;2195,80;;2195,80;177,82;2017,98;
LIDIANE DE ALMEIDA ALVES;SEAP-COMISSIONADOS;GERENTE;GERENTE; CARGO COMISSION.S/VINCULO;4209,79;;4209,79;597,14;3612,65;
LIDIANY ALVES PINTO;SEAP-COMISSIONADOS;SUBGERENTE;SUBGERENTE; CARGO COMISSION.S/VINCULO;3191,80;;3191,80;327,46;2864,34;
LILIAN REJANE NEGREIROS GUIMARAES;SEAP-COMISSIONADOS;ASSESSOR II;; CARGO COMISSION.S/VINCULO;4209,79;;4209,79;597,14;3612,65;
LINCON BATISTA DE OLIVEIRA;MUNICIPIO DE PARINTINS;SUBGERENTE;SUBGERENTE; CARGO COMISSION.S/VINCULO;2591,80;;2591,80;214,07;2377,73;
LINDALVA MARTINS MOREIRA TRINDADE M;SEAP-EFETIVOS;TNS-I;; ESTATUTARIO;6532,97;;6532,97;1574,71;4958,26;
LOURIVAL DA SILVA SOUZA;UNID.PRIS.SEMIABERTO FEM-UPSF;A.TEC-I;; ESTATUTARIO;3996,47;;3996,47;703,05;3293,42;
LUAN VIEIRA DA CUNHA;SEAP-COMISSIONADOS;ASSESSOR I;ASSESSOR I; CARGO COMISSION.S/VINCULO;5229,77;;5229,77;957,83;4271,94;
LUCIANE COSTA DA SILVA;SEAP-COMISSIONADOS;GERENTE;NAO INFORMADO; CARGO COMISSION.S/VINCULO;4209,79;;4209,79;597,14;3612,65;
LUCIO DE HOLANDA BRAGA CAMPELO;COMPAJ SEMI ABERTO;TOPOGRAFO 3A CLASSE;; ESTATUTARIO;3663,02;;3663,02;584,38;3078,64;
LUIS ALBERTO SILVA DE MEDEIROS;SEAP-EFETIVOS;ASSISTENTE TECNICO A;; ESTATUTARIO;3586,28;;3586,28;562,13;3024,15;
LUIS ANAZILDO NASCIMENTO LIMA;SEAP-EFETIVOS;A.TEC-I;; ESTATUTARIO;3897,48;;3897,48;649,59;3247,89;
LUIS EDUARDO PEREIRA MENDES;SEAP-COMISSIONADOS;CABO;ASSESSOR III; ESTATUTARIO;2100,00;;2100,00;;2100,00;
LUIS GONZAGA MONTEIRO RODRIGUES;CASA DO ALBERGADO DE MANAUS;POLICIAL PENAL I;; ESTATUTARIO;5088,53;;5088,53;933,55;4154,98;
LUIZ CARLOS BEZERRA DE OLIVEIRA;COMPAJ SEMI ABERTO;AUX.S.G-I;; ESTATUTARIO;3963,53;;3963,53;504,91;3458,62;
LUIZ CARLOS CARVALHO MATELINS;COMPAJ SEMI ABERTO;POLICIAL PENAL II;; ESTATUTARIO;4714,98;;4714,98;857,89;3857,09;
LUIZ NAZARENO MIRANDA CHAVES;SEAP-COMISSIONADOS;GERENTE;NAO INFORMADO; CARGO COMISSION.S/VINCULO;4209,79;;4209,79;597,14;3612,65;
MAGNO RAPOSO LARANJEIRA;CENT.DE DETEN.PROV.MANAUS-CDPM;CABO;DIRETOR DE UNIDADE P; ESTATUTARIO;5000,00;;5000,00;490,04;4509,96;
MAIKO PANTOJA DA SILVA;SEAP-COMISSIONADOS;ASSESSOR II;ASSESSOR II; CARGO COMISSION.S/VINCULO;4209,79;;4209,79;597,14;3612,65;
MAIKO SANTOS SOUZA;SEAP-COMISSIONADOS;DIRETOR ADJUNTO DE UNID.PRISIONAL;DIRETOR ADJUNTO DE U; CARGO COMISSION.S/VINCULO;3209,79;;3209,79;330,96;2878,83;
MANOEL COELHO SA;MUNICIPIO DE TABATINGA;ASSESSOR III;ASSESSOR III AD-3; CARGO COMISSION.S/VINCULO;2195,80;;2195,80;177,82;2017,98;
MANOEL LIMA DOS SANTOS FILHO;MUNICIPIO DE TEFE;SARGENTO 3;DIRETOR ADJUNTO DE U; ESTATUTARIO;3000,00;;3000,00;79,60;2920,40;
MANOEL LOPES DE VASCONCELOS FILHO;UNID.PRIS.SEMIABERTO FEM-UPSF;A.TEC-I;; ESTATUTARIO;4456,63;;4456,63;773,89;3682,74;
MANOEL TAVARES DOS SANTOS;SEAP-EFETIVOS;POLICIAL PENAL I;; ESTATUTARIO;5098,50;;5098,50;979,40;4119,10;
MARCIA MARTINS SOARES;SEAP-EFETIVOS;POLICIAL PENAL I;; ESTATUTARIO;5075,03;;5075,03;973,17;4101,86;
MARCILENE DUTRA SINIMBU;SEAP-EFETIVOS;AUXILIAR ADMINISTRATIVO;AUX. ADMINISTRATIVO; ESTATUTARIO;3461,81;;3461,81;394,62;3067,19;
MARCIO ANDRE ARAUJO PINHO;SEAP-COMISSIONADOS;SARGENTO 3;DIR. UNID. PRIS.AD-1; ESTATUTARIO;4416,66;;4416,66;2567,10;1849,56;
MARCIO CALDAS DA SILVA;CENT.DE DETEN.PROV.MANAUS-CDPM;CABO;DIRETOR ADJUNTO DE U; ESTATUTARIO;4000,00;;4000,00;248,27;3751,73;
MARCOS ANTONIO ASSUNCAO LIMA;CASA DO ALBERGADO DE MANAUS;POLICIAL PENAL II;; ESTATUTARIO;4158,19;;4158,19;746,55;3411,64;
MARCOS JORGE DE OLIVEIRA E SILVA;HOSP.DE CUST.TRAT.PSIQUIATRICO;AUX.O-I;; ESTATUTARIO;3596,29;;3596,29;448,80;3147,49;
MARCOS PAULO GUEDES PINTO;SEAP-COMISSIONADOS;ASSESSOR II;NAO INFORMADO; CARGO COMISSION.S/VINCULO;4209,79;;4209,79;597,14;3612,65;
MARCOS RODRIGUES VALERIO;SEAP-COMISSIONADOS;GERENTE;GERENTE; CARGO COMISSION.S/VINCULO;4209,79;;4209,79;597,14;3612,65;
MARCOS ROGERIO DA SILVA;COMPAJ SEMI ABERTO;POLICIAL PENAL II;GERENTE AD-2; ESTATUTARIO;4149,45;;4149,45;687,32;3462,13;
MARCOS VINICIUS THOMAZ;SEAP-COMISSIONADOS;ASSESSOR I;NAO INFORMADO; CARGO COMISSION.S/VINCULO;5229,77;;5229,77;957,83;4271,94;
MARCUS DE ARAUJO COSTA;SEAP-EFETIVOS;A.TEC-I;; ESTATUTARIO;3910,98;;3910,98;680,05;3230,93;
MARCUS MARCELO DE PAIVA PRADO;SEAP-COMISSIONADOS;ASSESSOR I;NAO INFORMADO; CARGO COMISSION.S/VINCULO;5229,77;;5229,77;957,83;4271,94;
MARDENSON GOMES RIBEIRO;SEAP-COMISSIONADOS;SARGENTO 3;ASSESSOR IV; ESTATUTARIO;3000,00;;3000,00;79,60;2920,40;
MARIA DAS GRACAS MENDONCA FERREIRA;UNID.PRIS.SEMIABERTO FEM-UPSF;POLICIAL PENAL I;; ESTATUTARIO;5085,00;;5085,00;976,36;4108,64;
MARIA DE FATIMA CRUZ GONCALVES;SEAP-EFETIVOS;A.TEC-I;; ESTATUTARIO;4524,31;;4524,31;796,85;3727,46;
MARIA DE LOURDES A F LUCENA;SEAP-COMISSIONADOS;SARGENTO 3;ASSESSOR I; ESTATUTARIO;5000,00;;5000,00;490,04;4509,96;
MARIA DE LOURDES FERREIRA;UNID.PRIS.SEMIABERTO FEM-UPSF;A.TEC-I;; ESTATUTARIO;3906,23;;3906,23;680,37;3225,86;
MARIA DE NAZARE SARAIVA ALCANTARA;CONSELHO PENITENCIARIO;MEMBRO DE CONSELHO;; CONSELHO;429,20;;429,20;;429,20;
MARIA DO PERPETUO SOCORRO DE SOUZA;SEAP-EFETIVOS;A.OPE-I;; ESTATUTARIO;3897,48;;3897,48;678,02;3219,46;
MARIA ELZA DA SILVA RAPOZO;UNID.PRIS.SEMIABERTO FEM-UPSF;A.TEC-I;; ESTATUTARIO;5127,13;;5127,13;989,85;4137,28;
MARIA FERNANDA DANTAS DE SOUSA;SEAP-EFETIVOS;ASSISTENTE TECNICO GOVERNAMENTAL;; ESTATUTARIO;4080,01;;4080,01;638,64;3441,37;
MARIA LUCIA MATIAS SOUZA;SEAP-EFETIVOS;A.TEC-I;; ESTATUTARIO;4441,67;;4441,67;770,39;3671,28;
MARIA RAIMUNDA JANUARIO DE SOUZA;MUNICIPIO DE ITACOATIARA;ASSESSOR III;ASSESSOR III AD-3; CARGO COMISSION.S/VINCULO;3191,80;;3191,80;327,46;2864,34;
MARIANA CUNHA DA SILVA;CENTRO DE DET.PROV.FEMIN.-CDPF;DIRETOR ADJUNTO DE UNID.PRISIONAL;DIRETOR ADJUNTO DE U; CARGO COMISSION.S/VINCULO;4209,79;;4209,79;597,14;3612,65;
MARILANDIA MARIA ENES R HATTORI;SEAP-COMISSIONADOS;ASSESSOR I;NAO INFORMADO; CARGO COMISSION.S/VINCULO;5229,77;;5229,77;957,83;4271,94;
MARINETE DA COSTA SUBIRANA;CASA DO ALBERGADO DE MANAUS;POLICIAL PENAL I;; ESTATUTARIO;5143,06;;5143,06;952,29;4190,77;
MARIVALDO GOMES DOS SANTOS;SEAP-EFETIVOS;MOT-I;; ESTATUTARIO;4230,10;;4230,10;489,15;3740,95;
MARLI SOUZA DA SILVA;SEAP-EFETIVOS;A.TEC-I;CHF S APOIO TRABALHO; ESTATUTARIO;4494,32;;4494,32;787,24;3707,08;
MATHEUS OLIVEIRA DA SILVA ROCHA;SEAP-COMISSIONADOS;DIRETOR DE UNIDADE PRISIONAL;NAO INFORMADO; CARGO COMISSION.S/VINCULO;5229,77;;5229,77;957,83;4271,94;
MAURICIO DA SILVA CARNEIRO;CASA DO ALBERGADO DE MANAUS;POLICIAL PENAL I;; ESTATUTARIO;5085,00;;5085,00;976,36;4108,64;
MAURO ANDRE BRANDAO DA SILVA;SEAP-COMISSIONADOS;SARGENTO 3;ASSESSOR III; ESTATUTARIO;3000,00;;3000,00;27,00;2973,00;
MAYARA RODRIGUES CUNHA MOREIRA;SEAP-COMISSIONADOS;CONTROLADOR INTERNO;CONTROLADOR INTERNO; CARGO COMISSION.S/VINCULO;5229,77;;5229,77;957,83;4271,94;
MAYRA SANTOS DOS SANTOS;SEAP-COMISSIONADOS;ASSESSOR IV;NAO INFORMADO; CARGO COMISSION.S/VINCULO;3175,61;;3175,61;324,29;2851,32;
MESSIAS GARCIA CORDEIRO;CASA DO ALBERGADO DE MANAUS;A.TEC-I;; ESTATUTARIO;4443,13;;4443,13;770,85;3672,28;
MICAEL ASSUNCAO LIMA;SEAP-COMISSIONADOS;SARGENTO 2;GERENTE; ESTATUTARIO;4000,00;;4000,00;248,27;3751,73;
MICHELLE SOARES DOS SANTOS;SEAP-COMISSIONADOS;GERENTE;NAO INFORMADO; CARGO COMISSION.S/VINCULO;4209,79;;4209,79;597,14;3612,65;
MIGUEL AUGUSTO GOMES ANDRADE;SEAP-EFETIVOS;A.TEC-I;; ESTATUTARIO;4476,57;;4476,57;780,28;3696,29;
MIRLENE RIBEIRO VAZ AGUIAR;SEAP-COMISSIONADOS;SUBGERENTE;SUBGERENTE; CARGO COMISSION.S/VINCULO;4255,73;;4255,73;610,47;3645,26;
MONICA ALVES DA SILVA MACEDO;SEAP-COMISSIONADOS;GERENTE;NAO INFORMADO; CARGO COMISSION.S/VINCULO;4209,79;;4209,79;597,14;3612,65;
NAASSON SERRAO DA COSTA;UNID.PRIS.SEMIABERTO FEM-UPSF;POLICIAL PENAL II;; ESTATUTARIO;4149,45;;4149,45;744,19;3405,26;
NEILY DUARTE BURGOS;SEAP-COMISSIONADOS;GERENTE;GERENTE AD-2; CARGO COMISSION.S/VINCULO;4209,79;;4209,79;597,14;3612,65;
NELVANIZE NASCIMENTO DA SILVEIRA;SEAP-EFETIVOS;ASSISTENTE TECNICO 3A CLASSE;; ESTATUTARIO;3586,28;;3586,28;520,39;3065,89;
NILMAR DE OLIVEIRA SANTOS;COMPAJ SEMI ABERTO;AUX.S.G-I;; ESTATUTARIO;3599,56;;3599,56;447,86;3151,70;
NILZA DA COSTA LIMA;SEAP-EFETIVOS;AUX.S.G-I;AUX SERV GERAIS; ESTATUTARIO;3943,59;;3943,59;499,47;3444,12;
OBERDAN BARROS BATISTA;CASA DO ALBERGADO DE MANAUS;POLICIAL PENAL II;; ESTATUTARIO;4177,30;;4177,30;753,29;3424,01;
OCLEODO DOS SANTOS TORRES;SEAP-COMISSIONADOS;ASSESSOR IV;NAO INFORMADO; CARGO COMISSION.S/VINCULO;4234,15;;4234,15;604,20;3629,95;
ODERLAN VERCOSA GATO;MUNICIPIO DE MAUES;ASSESSOR III;ASSESSOR III; CARGO COMISSION.S/VINCULO;2195,80;;2195,80;177,82;2017,98;
ODILON DE ALBUQUERQUE MAMEDE;UNIDADE PRISIONAL PURAQUEQUARA;CABO;DIRETOR ADJUNTO DE U; ESTATUTARIO;4000,00;;4000,00;248,27;3751,73;
ODILSON SERGIO DA SILVA AQUINO;CASA DO ALBERGADO DE MANAUS;A.TEC-II;; ESTATUTARIO;4887,03;;4887,03;585,34;4301,69;
ORDEMIRO BARBOSA MARINHO;CASA DO ALBERGADO DE MANAUS;POLICIAL PENAL I;; ESTATUTARIO;5098,50;;5098,50;979,40;4119,10;
OSCAR LEAO RUBIM;SEAP-EFETIVOS;A.TEC-I;; ESTATUTARIO;3859,11;;3859,11;667,70;3191,41;
OSIEL FIRMINO DE SOUZA;SEAP-EFETIVOS;POLICIAL PENAL I;; ESTATUTARIO;4416,68;;4416,68;821,24;3595,44;
OSVALDO DE FREITAS ELOI NETO;MUNICIPIO DE COARI;SARGENTO 3;DIRETOR DE UNIDADE P; ESTATUTARIO;5000,00;;5000,00;490,04;4509,96;
PATRESE RICH PROCOPIO DE ARRUDA;SEAP-COMISSIONADOS;ASSESSOR II;NAO INFORMADO; CARGO COMISSION.S/VINCULO;4209,79;;4209,79;597,14;3612,65;
PATRICIA ANDRADE LIMA;SEAP-COMISSIONADOS;SARGENTO 3;CHEFE DE GABINETE; ESTATUTARIO;5000,00;;5000,00;490,04;4509,96;
PATRICK LIMA DE OLIVEIRA;SEAP-COMISSIONADOS;GERENTE;NAO INFORMADO; CARGO COMISSION.S/VINCULO;4209,79;;4209,79;597,14;3612,65;
PAULA BEATRIZ NOGUEIRA DA SILVA;SEAP-COMISSIONADOS;GERENTE;GERENTE; CARGO COMISSION.S/VINCULO;3209,79;;3209,79;330,96;2878,83;
PAULA FERNANDA COSTA DE CASTRO;COMPAJ SEMI ABERTO;SUBGERENTE;NAO INFORMADO; CARGO COMISSION.S/VINCULO;3191,80;;3191,80;327,46;2864,34;
PAULO CESAR GOMES DE O JUNIOR;SEAP-COMISSIONADOS;TENENTE CORONEL;SECRETARIO DE ESTADO; ESTATUTARIO;23851,00;9422,41;14428,59;3082,90;11345,69;
PAULO ELVIS DA COSTA SOARES;SEAP-EFETIVOS;A.TEC-I;; ESTATUTARIO;3880,00;;3880,00;586,96;3293,04;
PAULO JEFFERSON CATUNDA;CASA DO ALBERGADO DE MANAUS;A.TEC-I;; ESTATUTARIO;4496,26;;4496,26;787,86;3708,40;
PAULO JORGE DE SOUZA CASTRO;MUNICIPIO DE ITACOATIARA;DIRETOR ADJUNTO DE UNID.PRISIONAL;NAO INFORMADO; CARGO COMISSION.S/VINCULO;4209,79;;4209,79;597,14;3612,65;
PAULO ONEY SANTOS CAVALCANTE;MUNICIPIO DE TEFE;SARGENTO 3;DIRETOR DE UNIDADE P; ESTATUTARIO;5000,00;;5000,00;490,04;4509,96;
PAULO ROBERTO JENNINGS;CASA DO ALBERGADO DE MANAUS;A.TEC-I;; ESTATUTARIO;4476,57;;4476,57;780,28;3696,29;
PAULO ROBERTO PINTO DE VASCONCELOS;CASA DO ALBERGADO DE MANAUS;POLICIAL PENAL I;; ESTATUTARIO;5098,50;;5098,50;979,40;4119,10;
PAULO WILLCON BARRETO CRISPIM;SEAP-COMISSIONADOS;MAJOR;ASSESSOR I; ESTATUTARIO;5000,00;;5000,00;490,04;4509,96;
PEDRO COSTA DA CUNHA;COMPAJ SEMI ABERTO;AUX.O-I;; ESTATUTARIO;3590,81;;3590,81;445,32;3145,49;
POLYANNA DE ANDRADE ANDRADE;SEAP-COMISSIONADOS;GERENTE;GERENTE; CARGO COMISSION.S/VINCULO;4209,79;;4209,79;597,14;3612,65;
POTIGUARA MATIAS DOS SANTOS;UNIDADE PRISIONAL PURAQUEQUARA;ASSESSOR III;NAO INFORMADO; CARGO COMISSION.S/VINCULO;3191,80;;3191,80;327,46;2864,34;
PRISCILLA MALTA MARINHO DE ARAUJO;SEAP-COMISSIONADOS;TENENTE 1;ASSESSOR II; ESTATUTARIO;4000,00;;4000,00;150,40;3849,60;
RAFAELA GUERRA DE BARROS;SEAP-COMISSIONADOS;SUBGERENTE;SUBGERENTE; CARGO COMISSION.S/VINCULO;4255,73;;4255,73;610,47;3645,26;
RAIMUNDA FRANCISCA CARVALHO DE SOUZ;SEAP-EFETIVOS;A.TEC-I;; ESTATUTARIO;4448,74;;4448,74;732,86;3715,88;
RAIMUNDA MARQUES SAMPAIO;SEAP-EFETIVOS;ASSISTENTE TECNICO GOVERNAMENTAL;; ESTATUTARIO;4070,03;;4070,03;635,91;3434,12;
RAIMUNDO ANTONIO MOTA MESQUITA;SEAP-INTERIOR;POLICIAL PENAL I;; ESTATUTARIO;4451,78;;4451,78;832,94;3618,84;
RAIMUNDO AROLDO LUCAS DE MACEDA;INSTIT.PENAL ANTONIO TRINDADE;CABO;DIRETOR DE UNIDADE P; ESTATUTARIO;5000,00;;5000,00;490,04;4509,96;
RAIMUNDO DOS SANTOS;SEAP-COMISSIONADOS;SOLDADO;SUBGERENTE; ESTATUTARIO;3000,00;;3000,00;79,60;2920,40;
RAIMUNDO FREITAS DE MORAES;CENT.DETEN PROV.MANAUS-CDPM II;A.TEC-I;DIGITADOR; ESTATUTARIO;3897,48;;3897,48;678,02;3219,46;
RAIMUNDO GONZAGA DA SILVA GOMES;SEAP-INTERIOR;POLICIAL PENAL I;; ESTATUTARIO;5085,00;;5085,00;976,36;4108,64;
RAIMUNDO MAYCON MORAES DE SOUZA;MUNICIPIO DE PARINTINS;DIRETOR ADJUNTO DE UNID.PRISIONAL;NAO INFORMADO; CARGO COMISSION.S/VINCULO;3209,79;;3209,79;333,95;2875,84;
RAIMUNDO NONATO DIMAS;SEAP-INTERIOR;AGENTE PENITENCIARIO 3A CLASSE;; ESTATUTARIO;3931,44;;3931,44;687,16;3244,28;
RAIMUNDO NONATO DOS SANTOS MELLO;SEAP-EFETIVOS;AUX.HSP-I;; ESTATUTARIO;3555,14;;3555,14;448,65;3106,49;
RAIMUNDO NONATO NASCIMENTO TAVARES;SEAP-INTERIOR;AUX.S.G-I;; ESTATUTARIO;3953,55;;3953,55;502,18;3451,37;
RAIMUNDO SOARES NOGUEIRA;COMPAJ SEMI ABERTO;AUX.O-I;; ESTATUTARIO;3901,83;;3901,83;483,78;3418,05;
RALPH PERES TINOCO;CENT.DE DETEN.PROV.MANAUS-CDPM;CABO;ASSESSOR III; ESTATUTARIO;3000,00;;3000,00;79,60;2920,40;
RAMON ALVES DA SILVA;INSTIT.PENAL ANTONIO TRINDADE;SUBGERENTE;; CARGO COMISSION.S/VINCULO;3528,70;;3528,70;1667,71;1860,99;
RAMON ALVES DA SILVA;COMPAJ FECHADO;DIRETOR ADJUNTO DE UNID.PRISIONAL;DIRETOR ADJUNTO DE U; CARGO COMISSION.S/VINCULO;2946,83;;2946,83;279,68;2667,15;
RAQUEL AUGUSTA LIMA COSTA;MUNICIPIO DE COARI;ASSESSOR III;ASSESSOR III; CARGO COMISSION.S/VINCULO;2195,80;;2195,80;177,82;2017,98;
RAYSSA FERNANDA DE SOUZA GADELHA;SEAP-COMISSIONADOS;ASSESSOR II;NAO INFORMADO; CARGO COMISSION.S/VINCULO;4209,79;;4209,79;597,14;3612,65;
RENAN OLIVEIRA DE CARVALHO;SEAP-COMISSIONADOS;MAJOR;; ESTATUTARIO;4416,66;;4416,66;2500,00;1916,66;
RENATO DANTAS DA SILVA;UNIDADE PRISIONAL PURAQUEQUARA;ASSESSOR III;NAO INFORMADO; CARGO COMISSION.S/VINCULO;3191,80;;3191,80;327,46;2864,34;
RICHARDSON PESSOA DA SILVA;COMPAJ FECHADO;CABO;SUBGERENTE; ESTATUTARIO;3000,00;;3000,00;23,94;2976,06;
RITA BATISTA MAIA;CASA DO ALBERGADO DE MANAUS;A.TEC-III;; ESTATUTARIO;3848,05;;3848,05;600,18;3247,87;
RIVALDO SOUZA DA COSTA;SEAP-COMISSIONADOS;GERENTE;GERENTE; CARGO COMISSION.S/VINCULO;4209,79;;4209,79;597,14;3612,65;
ROBERT WASHINGTON BARRETO;COMPAJ SEMI ABERTO;SARGENTO 3;DIRETOR DE UNIDADE P; ESTATUTARIO;5000,00;;5000,00;490,04;4509,96;
ROBERTO ANTONIO PEREIRA DOS SANTOS;SEAP-EFETIVOS;A.TEC-I;AG ADMINISTRATIVO; ESTATUTARIO;4443,13;;4443,13;770,85;3672,28;
ROCINALDO JESUS DA SILVA;CASA DO ALBERGADO DE MANAUS;POLICIAL PENAL II;; ESTATUTARIO;4135,95;;4135,95;742,17;3393,78;
RODRIGO OTAVIO SANTOS DE SOUZA;SEAP-COMISSIONADOS;GERENTE;GERENTE; CARGO COMISSION.S/VINCULO;4209,79;;4209,79;597,14;3612,65;
RODRIGO PAES DO NASCIMENTO;CENT.DETEN PROV.MANAUS-CDPM II;SARGENTO 2;DIRETOR ADJUNTO DE U; ESTATUTARIO;4000,00;;4000,00;115,85;3884,15;
RODRIGO SILVA ABREU BELOTA;SEAP-COMISSIONADOS;ASSESSOR III;ASSESSOR III; CARGO COMISSION.S/VINCULO;2591,80;;2591,80;214,07;2377,73;
ROGERIO FONSECA;UNID.PRIS.SEMIABERTO FEM-UPSF;A.TEC-I;; ESTATUTARIO;4554,09;;4554,09;805,10;3748,99;
ROMULO DE JESUS QUINTINO MEDEIROS;MUNICIPIO DE MAUES;DIRETOR ADJUNTO DE UNID.PRISIONAL;DIRETOR ADJUNTO DE U; CARGO COMISSION.S/VINCULO;3209,79;;3209,79;330,96;2878,83;
RONALDO FERREIRA COELHO;SEAP-COMISSIONADOS;SUBGERENTE;SUBGERENTE; CARGO COMISSION.S/VINCULO;2591,80;;2591,80;214,07;2377,73;
RONILSON DA COSTA OTERO;INSTIT.PENAL ANTONIO TRINDADE;CABO;; ESTATUTARIO;3533,32;;3533,32;2016,60;1516,72;
RONILSON DA COSTA OTERO;CENT.DE DETEN.PROV.MANAUS-CDPM;CABO;DIRETOR DE UNIDADE P; ESTATUTARIO;3499,99;;3499,99;75,40;3424,59;
ROSARIA GONCALVES DE SOUZA;SEAP-EFETIVOS;AUX.S.G-II;; ESTATUTARIO;2520,15;;2520,15;333,35;2186,80;
ROSINEIDE PEREIRA DE LIMA;SEAP-COMISSIONADOS;ASSESSOR III;ASSESSOR III AD3; CARGO COMISSION.S/VINCULO;3191,80;;3191,80;327,46;2864,34;
ROSSEMARILANE VIANA DE OLIVEIRA;SEAP-INTERIOR;POLICIAL PENAL I;; ESTATUTARIO;4929,91;;4929,91;925,42;4004,49;
ROSSICLEIDE DE SOUZA SILVA;SEAP-COMISSIONADOS;GERENTE;GERENTE AD-2; CARGO COMISSION.S/VINCULO;4209,79;;4209,79;597,14;3612,65;
RUAN LUKA LIMA DE MELO;SEAP-COMISSIONADOS;CABO;ASSESSOR III; ESTATUTARIO;3000,00;;3000,00;79,60;2920,40;
RUDNEY DOS SANTOS CUNHA;INSTIT.PENAL ANTONIO TRINDADE;CABO;DIRETOR ADJUNTO DE U; ESTATUTARIO;4000,00;;4000,00;248,27;3751,73;
SABINO DA SILVA MARQUES;SEAP-COMISSIONADOS;ASSESSOR I;NAO INFORMADO; CARGO COMISSION.S/VINCULO;5229,77;;5229,77;957,83;4271,94;
SAMANTA FIRMO DA ROCHA;SEAP-COMISSIONADOS;ASSESSOR II;; CARGO COMISSION.S/VINCULO;5729,98;;5729,98;2104,89;3625,09;
SAMUEL CARMO SANTANA TINOCO;SEAP-COMISSIONADOS;GERENTE;GERENTE; CARGO COMISSION.S/VINCULO;3209,79;;3209,79;330,96;2878,83;
SAMUEL FERREIRA DA SILVA;MUNICIPIO DE PARINTINS;POLICIAL PENAL I;; ESTATUTARIO;5075,03;;5075,03;973,17;4101,86;
SANSAO DA SILVA BELEM;COMPAJ SEMI ABERTO;MOT-II;; ESTATUTARIO;3766,41;;3766,41;421,34;3345,07;
SARA RICHELLE DA SILVA SANTOS;SEAP-COMISSIONADOS;SUBGERENTE;SUBGERENTE; CARGO COMISSION.S/VINCULO;2591,80;;2591,80;214,07;2377,73;
SAUL RODRIGUES DE MELO FILHO;CASA DO ALBERGADO DE MANAUS;A.TEC-I;; ESTATUTARIO;4453,10;;4453,10;774,04;3679,06;
SEBASTIANA GRACA DE SENNA PINAGE;SEAP-EFETIVOS;A.TEC-I;; ESTATUTARIO;3859,11;;3859,11;667,70;3191,41;
SEBASTIAO PINHEIRO DA SILVA;SEAP-INTERIOR;ASSISTENTE TECNICO GOVERNAMENTAL;; ESTATUTARIO;3593,99;;3593,99;564,37;3029,62;
SERGIO PAULO LIMA GONZAGA;SEAP-COMISSIONADOS;TENENTE 2;CHEFE DE DEPARTAMENT; ESTATUTARIO;5000,00;;5000,00;490,04;4509,96;
SHEILA CLAAS;SEAP-COMISSIONADOS;GERENTE;GERENTE; CARGO COMISSION.S/VINCULO;4209,79;;4209,79;597,14;3612,65;
SONIA MARIA BEZERRA CABRAL;SEAP-COMISSIONADOS;TNS-I;TNS-I; ESTATUTARIO;6585,64;;6585,64;1594,53;4991,11;
SONIA MARIA DOS SANTOS GOMES;SEAP-COMISSIONADOS;GERENTE;ASSESSOR II AD-2; CARGO COMISSION.S/VINCULO;4209,79;;4209,79;597,14;3612,65;
SOPHIA HORN CONCEICAO;SEAP-COMISSIONADOS;SUBGERENTE;SUBGERENTE; CARGO COMISSION.S/VINCULO;3191,80;;3191,80;327,46;2864,34;
SUELEN CRISTINA DE SOUZA CAVALCANTE;CENTRO DE DET.PROV.FEMIN.-CDPF;DIRETOR DE UNIDADE PRISIONAL;DIRETOR DE UNIDADE P; CARGO COMISSION.S/VINCULO;5229,77;;5229,77;957,83;4271,94;
SUELY DE MELO COSTA;SEAP-EFETIVOS;TECNICO DE NIVEL SUPERIOR;; ESTATUTARIO;5998,26;;5998,26;1298,62;4699,64;
SUZALINDA DA SILVA E SILVA;UNID.PRIS.SEMIABERTO FEM-UPSF;POLICIAL PENAL II;; ESTATUTARIO;4135,95;;4135,95;742,17;3393,78;
TALES RENAN SILVA DA SILVA;SEAP-COMISSIONADOS;TENENTE 1;DIRETOR DE ESCOLA DE; ESTATUTARIO;5000,00;;5000,00;219,58;4780,42;
TATIANA FERREIRA DA SILVA;SEAP-COMISSIONADOS;SUBGERENTE;; CARGO COMISSION.S/VINCULO;3191,80;;3191,80;327,46;2864,34;
TATIANE LOPES MARTINS;SEAP-COMISSIONADOS;DIRETOR ADJUNTO DE UNID.PRISIONAL;DIRETOR ADJUNTO DE U; CARGO COMISSION.S/VINCULO;4209,79;;4209,79;597,14;3612,65;
TATIANE LOPES PEREIRA;MUNICIPIO DE TABATINGA;ASSESSOR III;ASSESSOR III AD-3; CARGO COMISSION.S/VINCULO;2195,80;;2195,80;177,82;2017,98;
TAYANE GABRIELE ARANTE DOS SANTOS;SEAP-COMISSIONADOS;SUBGERENTE;NAO INFORMADO; CARGO COMISSION.S/VINCULO;2195,80;;2195,80;177,82;2017,98;
TEREZINHA PINHEIRO DA SILVA;UNID.PRIS.SEMIABERTO FEM-UPSF;AUX.HSP-I;; ESTATUTARIO;3953,27;;3953,27;519,35;3433,92;
THAIS GIOVANA TEIXEIRA DE CASTRO;SEAP-COMISSIONADOS;GERENTE;GERENTE; CARGO COMISSION.S/VINCULO;5613,05;;5613,05;1102,13;4510,92;
THIAGO ODERDENGE;SEC.EST.ADM.PENITENCIARIA;TENENTE 1;ASSESSOR II; ESTATUTARIO;4000,00;;4000,00;248,27;3751,73;
VALDEIA MAGALHAES ROCHA;MUNICIPIO DE PARINTINS;ASSISTENTE TECNICO GOVERNAMENTAL;; ESTATUTARIO;4070,03;;4070,03;635,91;3434,12;
VALDEMAR ARAUJO COSTA;CASA DO ALBERGADO DE MANAUS;A.TEC-I;; ESTATUTARIO;4078,18;;4078,18;698,20;3379,98;
VALERIA ARAUJO DIAS;SEAP-COMISSIONADOS;ASSESSOR II;; CARGO COMISSION.S/VINCULO;4209,79;;4209,79;597,14;3612,65;
WALDIR LINCOLN PEREIRA TAVARES;SEAP-COMISSIONADOS;ASSESSOR II;ASSESSOR II; CARGO COMISSION.S/VINCULO;4209,79;;4209,79;597,14;3612,65;
WALLASSON DE ALMEIDA LIRA;SEAP-COMISSIONADOS;MAJOR;SECRETARIO EXECUTIVO; ESTATUTARIO;8100,00;807,53;7292,47;1120,47;6172,00;
WASNEY AGUIAR BITTENCOURT;SEAP-EFETIVOS;AUX.HSP-I;; ESTATUTARIO;3953,27;;3953,27;519,35;3433,92;
WELLINGTON DOS SANTOS MACIEL;COMPAJ SEMI ABERTO;MERENDEIRO PNF.MNF-III;ASSESSOR III; ESTATUTARIO;3364,68;;3364,68;245,60;3119,08;
WELLINGTON FRANK MACENA CABRAL;HOSP.DE CUST.TRAT.PSIQUIATRICO;SARGENTO 3;DIRETOR DE UNIDADE P; ESTATUTARIO;5000,00;;5000,00;354,47;4645,53;
WENDERSON SILVA SOEIRO;UNIDADE PRISIONAL PURAQUEQUARA;CABO;ASSESSOR IV; ESTATUTARIO;4000,00;;4000,00;248,27;3751,73;
WENGLAY FREITAS DA COSTA;SEAP-COMISSIONADOS;GERENTE;GERENTE; CARGO COMISSION.S/VINCULO;4209,79;;4209,79;597,14;3612,65;
WILKENS CARLEM DALMEIDA BEZERRA;SEAP-COMISSIONADOS;SUBGERENTE;SUBGERENTE; CARGO COMISSION.S/VINCULO;3191,80;;3191,80;327,46;2864,34;
WILLIAMS SANTOS DAMASCENO;SEAP-EFETIVOS;T.HSP-I;; ESTATUTARIO;5094,97;;5094,97;979,56;4115,41;
WILLIAN MELO DE AMORIM;SEAP-COMISSIONADOS;ASSESSOR III;ASSESSOR III; CARGO COMISSION.S/VINCULO;3191,80;;3191,80;327,46;2864,34;
ZEINE SAID RUIZ;CASA DO ALBERGADO DE MANAUS;A.TEC-I;; ESTATUTARIO;4456,63;;4456,63;773,89;3682,74;
