NOME;LOTACAO;CARGO;FUNCAO;CARGA HR SEM;DT DE ADMISSAO;VINCULO;REMUNERACAO LEGAL TOTAL(R$);DESC.TETO(R$); REMUNERACAO LEGAL DEVIDA(R$);DESCONTOS LEGAIS(R$);LIQUIDO DISPONIVEL(R$);
ABELARDO MARTINS PASSOS;DEPTO.DE TECNOL.DA INFORMACAO;ASSESSOR II;ASSESSOR II; 40:00;04/02/2022;CARGO COMISSION.S/VINCULO;4209,79;;4209,79;597,14;3612,65;
ADALGISA TAVARES DOS SANTOS CAMPOS;GERENCIA DE REGISTRO DE DADOS;A.TEC-I;; 40:00;02/07/1984;ESTATUTARIO;4419,32;;4419,32;763,23;3656,09;
ADEMILSON DOMINGOS;PENSIONISTA ESPECIAL;PENSIONISTA;; ;03/07/2020;PENSAO POR ORDEM JUDICIAL;220,00;;220,00;;220,00;
ADMIR BRAGA DA SILVA;NUCLEO DE VIGILANCIA;AUXILIAR ADMINISTRATIVO;; 40:00;01/03/2001;ESTATUTARIO;2406,32;;2406,32;336,88;2069,44;
ADRIELE ALBINO MARTINS;DEPTO.DE ADMINIST.E FINANCAS;MEMBRO;; 20:00;01/06/2022;GRUPO DE TRABALHO;2004,00;;2004,00;;2004,00;
AGENOR PANILHA CAMPOS;GER.DE APOIO, MANUT.LOGISTICA;A.TEC-I;; 40:00;30/03/1990;ESTATUTARIO;3825,98;;3825,98;658,79;3167,19;
ALANA BARBOSA VALERIO TOMAZ;SEC.EXEC.BENS PAT.GAST.PUBLI.;MEMBRO;; 02:00;01/09/2023;GRUPO DE TRABALHO;3000,00;;3000,00;27,00;2973,00;
ALBERTINA JUSTINA DOS SANTOS;GABINETE DO SECRETARIO APOIO;AUX.S.G-I;; 40:00;01/04/1975;ESTATUTARIO;3357,73;;3357,73;413,32;2944,41;
ALDECY PESSOA DE MELO;NUCLEO DE VIGILANCIA;VIGIA-III;; 42:00;20/02/2004;ESTATUTARIO;2861,81;;2861,81;324,48;2537,33;
ALDENORA SILVA DE ALMEIDA ALVES;NUCLEO DE PROTOCOLO;ASSESSOR IV;ASSESSOR IV; 40:00;08/07/2019;CARGO COMISSION.S/VINCULO;2575,61;;2575,61;212,12;2363,49;
ALEANDRO DANTAS CHAVES;COORD.DE BENS PATRIMONIAIS;AUX.ADM-II;GERENTE; 40:00;29/07/1996;ESTATUTARIO;7710,15;;7710,15;1442,00;6268,15;
ALESSANDRA DA ROCHA GOMES;JUNTA MEDICO-PERICIAL DO EST.;AUX.S.G-II;AUX. SERVICOS GERAIS; 30:00;25/08/2000;ESTATUTARIO;4145,27;;4145,27;469,53;3675,74;
ALEX HARLEI SALES LAUDELINO;NUCLEO DE SERVICOS GERAIS;MARINHEIRO FLUVIAL DE CONVES;; 40:00;01/03/2001;ESTATUTARIO;3193,44;;3193,44;383,36;2810,08;
ALEXANDRE AUGUSTO ALENCAR QUEIROZ;GABINETE DO SECRETARIO;ASSESSOR I;ASSESSOR I; 40:00;01/04/2023;CARGO COMISSION.S/VINCULO;9229,77;;9229,77;1953,55;7276,22;
ALEXANDRE AUGUSTO GUEDES GUIMARAES;SEC.EXEC.BENS PAT.GAST.PUBLI.;MEMBRO;; 02:00;01/09/2023;GRUPO DE TRABALHO;3000,00;;3000,00;27,00;2973,00;
ALEXANDRE DULVAL LUCENA NASCIMENTO;DEPTO.DE ADMINIST.E FINANCAS;ASSISTENTE TECNICO 1A CLASSE;FG-1; 40:00;01/01/1992;ESTATUTARIO;8206,08;;8206,08;1680,05;6526,03;
ALEXANDRE MENDES AMOEDO FERREIRA;DEPTO.DE ADMINIST.E FINANCAS;MEMBRO;; 20:00;01/06/2022;GRUPO DE TRABALHO;4000,00;;4000,00;150,40;3849,60;
ALEXANDRE PIMENTEL PASSOS;SEC.EXEC.BENS PAT.GAST.PUBLI.;MEMBRO;; 40:00;01/01/2022;GRUPO DE TRABALHO;3000,00;;3000,00;27,00;2973,00;
ALEXANDRE SIQUEIRA DE MEDEIROS;SEC.EXEC.BENS PAT.GAST.PUBLI.;MEMBRO;; 02:00;01/09/2023;GRUPO DE TRABALHO;3000,00;;3000,00;27,00;2973,00;
ALLYNE KELLY MENEZES B OLIVEIRA;JUNTA MEDICO-PERICIAL DO EST.;MEDICO GENERALISTA;PERITO; 20:00;16/10/2012;ESTATUTARIO;1250,00;;1250,00;;1250,00;
ALMIR SALES DE ANDRADE;DISPONIVEL SEAD;OPERADOR DE RADIO;; 30:00;03/05/1978;ESTATUTARIO;1320,00;;1320,00;184,80;1135,20;
ALMIR SAMPAIO CAVALCANTE;GRUP.INT.PREV.INVAS.AREAS PUB.;TNS-I;ASS DE SEG FUNCIONAL; 40:00;14/07/1980;ESTATUTARIO;8631,03;;8631,03;2100,75;6530,28;
ALTAIR FERREIRA DA CUNHA;DEPTO.DE TECNOL.DA INFORMACAO;ASSESSOR II;NAO INFORMADO; 40:00;15/06/2020;CARGO COMISSION.S/VINCULO;4209,79;;4209,79;597,14;3612,65;
ALUISIO DE SOUSA PIMENTEL;NUCLEO DE TRANSPORTE;MOT-III;; 40:00;19/10/2005;ESTATUTARIO;3098,03;;3098,03;379,61;2718,42;
ALVARO MONTEIRO MAIA;DISPONIVEL SEAD;ENGENHEIRO 1A CLASSE;; 30:00;01/06/1978;ESTATUTARIO;1320,00;;1320,00;184,80;1135,20;
AMALI GURGEL SAID DIAZ;CONTROLADORIA;ASSESSOR II;ASSESSOR II; 40:00;01/01/2023;CARGO COMISSION.S/VINCULO;6213,79;;6213,79;1072,77;5141,02;
ANA CAROLINA REGO DA SILVA;PENSAO ESPECIAL - POL MILITAR;PENSIONISTA;PENSAO ESPECIAL; ;07/01/2006;PENSAO POR DECRETO;1003,05;;1003,05;;1003,05;
ANA CAROLINE DOS SANTOS MOTA;DEPTO.DE ADMINIST.E FINANCAS;MEMBRO;; 40:00;07/08/2023;GRUPO DE TRABALHO;2004,00;;2004,00;;2004,00;
ANA ESTEFANIA SANCHES DE OLIVEIRA;COORD.DE BENS PATRIMONIAIS;COORDENADOR DE PATRIMONIO;NAO INFORMADO; 40:00;03/12/2019;CARGO COMISSION.S/VINCULO;10500,00;;10500,00;2637,57;7862,43;
ANA GABRIHELLY COSTA MORAES;PENSIONISTA ESPECIAL;PENSIONISTA;; ;03/11/2021;PENSAO POR ORDEM JUDICIAL;293,33;;293,33;;293,33;
ANA MARIA BOTINELLY CUNHA E SILVA;DISPONIVEL TCM;AUDITOR ADJUNTO;; 30:00;02/01/1986;ESTATUTARIO;14935,50;;14935,50;4738,26;10197,24;
ANA SERGIA ALVES DA SILVA LIMA;COORD.DE BENS PATRIMONIAIS;TNS-III;CHEFE DE DEPARTAMENT; 40:00;01/11/2023;ESTATUTARIO;9285,90;;9285,90;2201,83;7084,07;
ANA VIRGINIA SILVA LEMOS DE AGUIAR;ESC.GEST.E APERF.DO SERV.PUBL.;COORD.ESC.DE GEST.APERF.DO SERV.PUB;COORD.ESC.DE GEST.AP; 40:00;01/01/2020;CARGO COMISSION.S/VINCULO;8500,00;;8500,00;2088,33;6411,67;
ANDERSON LUIS MAIA ANDRADE;SEC.EXEC.BENS PAT.GAST.PUBLI.;MEMBRO;; 20:00;08/07/2021;GRUPO DE TRABALHO;3000,00;;3000,00;27,00;2973,00;
ANDRE LUIZ MELO BARBOSA;JUNTA MEDICO-PERICIAL DO EST.;AUX.ADM-III;; 40:00;07/04/2016;ESTATUTARIO;3461,81;;3461,81;394,62;3067,19;
ANDRE LUIZ NOGUEIRA DE SOUZA;ESC.GEST.E APERF.DO SERV.PUBL.;GERENTE;; 40:00;16/11/2017;CARGO COMISSION.S/VINCULO;4209,79;;4209,79;597,14;3612,65;
ANDRE RICARDO CABRAL PIO;CONSULTORIA TEC-ADMINISTRATIVA;ASSESSOR II;NAO INFORMADO; 40:00;08/11/2021;CARGO COMISSION.S/VINCULO;4209,79;;4209,79;597,14;3612,65;
ANDREA BARROS BANDEIRA DE MELO;SEC.EXEC.DE ADMINIST.E GESTAO;SECRETARIO EXEC.DE ADM.E GESTAO;SECRETARIO EXEC.DE A; 40:00;09/01/2023;DISP. OUTROS ESFERAS;9900,00;;9900,00;1692,34;8207,66;
ANDREA EUNICE PAULAIN CORADO;SEC.EXEC.BENS PAT.GAST.PUBLI.;MEMBRO;; 20:00;01/06/2023;COMISSAO;3000,00;;3000,00;27,00;2973,00;
ANDREA OLIVEIRA DE BRITO;DEPTO.DE ADMINIST.E FINANCAS;MEMBRO;; 20:00;01/01/2023;GRUPO DE TRABALHO;5000,00;;5000,00;354,47;4645,53;
ANDRELINO DANIEL ALVES DE NAZARETH;ARQUIVO ADMINISTRATIVO II;ASSESSOR II;ASSESSOR II; 40:00;01/08/2023;CARGO COMISSION.S/VINCULO;4209,79;;4209,79;597,14;3612,65;
ANDREZA HELENA DA SILVA;COORD.GER.SEC.EX.ADJ.G.R.HUM.;ASSISTENTE TECNICO;SEC.EXEC.ADJ.GEST.RE; 40:00;14/01/2020;ESTATUTARIO;12100,00;;12100,00;2297,34;9802,66;
ANELY CRISTINA RIBEIRO ARRUDA;ARQUIVO ADMINISTRATIVO II;ASSESSOR II;; 40:00;01/04/2017;CARGO COMISSION.S/VINCULO;4209,79;;4209,79;585,61;3624,18;
ANICE GODINHO PINTO;GER.DE PLANEJ.ORC.E FINANCAS;A.TEC-I;GERENTE; 40:00;12/09/1984;ESTATUTARIO;6899,57;;6899,57;1404,12;5495,45;
ANIZIMAR LOPES MESSIAS;GER.BENEFICIO DOS SERVIDORES;A.TEC-I;; 40:00;14/04/1986;ESTATUTARIO;4399,39;;4399,39;756,85;3642,54;
ANNE CAROLINE MORAIS DUARTE;DEPTO.DE ADMINIST.E FINANCAS;ASSESSOR II;ASSESSOR II; 40:00;05/12/2023;CARGO COMISSION.S/VINCULO;3648,47;;3648,47;438,54;3209,93;
ANTONIA NEDINA DA COSTA LIMA;COMISSAO DE REGIME DISCIPLINAR;AUX.ADM-I;FUNCAO GRATIFICADA F; 40:00;29/03/1993;ESTATUTARIO;5871,06;;5871,06;952,98;4918,08;
ANTONIO CARLOS FERNANDES DE SOUZA;DISPONIVEL SEAD;OPERADOR DE MAQUINA RODOVIARIA;; 30:00;20/07/1977;ESTATUTARIO;1320,00;;1320,00;184,80;1135,20;
ANTONIO LUCIO DE MORAIS;NUCLEO DE VIGILANCIA;AUX.S.G-II;; 30:00;15/07/1996;ESTATUTARIO;2381,08;;2381,08;333,35;2047,73;
ANTONIO NUNES PINHEIRO FILHO;DISPONIVEL POLICIA CIVIL;ESCRIVAO DE POLICIA 2A CLASSE;; 30:00;28/03/1980;ESTATUTARIO;17755,89;;17755,89;5747,99;12007,90;
APOENA NASCIMENTO TEIXEIRA;SEC.EXE.AD.G.PAT.GAST.PUBLICOS;ASSESSOR II;; 40:00;07/01/2011;CARGO COMISSION.S/VINCULO;4209,79;;4209,79;493,19;3716,60;
ARACELY ALBERTINO DE MELO;GABINETE DO SECRETARIO APOIO;ASSESSOR III;ASSESSOR III; 40:00;01/01/2023;CARGO COMISSION.S/VINCULO;3191,80;;3191,80;327,46;2864,34;
ARIANNA BIANCA CAMPOS RABELO;SEC.EXE.AD.G.PAT.GAST.PUBLICOS;ASSESSOR II;NAO INFORMADO; 40:00;01/10/2020;CARGO COMISSION.S/VINCULO;7209,79;;7209,79;1346,67;5863,12;
ARQUIMEDES CARVALHO LASMAR;JUNTA MEDICO-PERICIAL DO EST.;A.TEC-I;; 30:00;01/04/1986;ESTATUTARIO;4365,98;;4365,98;746,15;3619,83;
ARY RENATO VASCONCELOS DE SOUZA;DEPTO.DE ADMINIST.E FINANCAS;MEMBRO;; 20:00;01/02/2023;GRUPO DE TRABALHO;3000,00;;3000,00;27,00;2973,00;
AUREO GONCALVES NEVES;DISPONIVEL SEAD;TECNICO 2A CLASSE;; 30:00;01/10/1975;ESTATUTARIO;1320,00;;1320,00;184,80;1135,20;
AYMAN BAYDOUN;GRUP.INT.PREV.INVAS.AREAS PUB.;ASSESSOR I;NAO INFORMADO; 40:00;07/03/2019;CARGO COMISSION.S/VINCULO;8229,77;;8229,77;1782,83;6446,94;
BEATRIZ PAIVA MOREIRA LOPES;DEPTO.DE ADMINIST.E FINANCAS;ASSESSOR II;; 40:00;01/06/2020;CARGO COMISSION.S/VINCULO;7694,54;;7694,54;2146,98;5547,56;
BIANCA SANDRINI LIMA PEREIRA;JUNTA MEDICO-PERICIAL DO EST.;GERENTE;NAO INFORMADO; 40:00;13/10/2020;CARGO COMISSION.S/VINCULO;4209,79;;4209,79;597,14;3612,65;
BRUHNA FIGUEIREDO LIBERATO;SEC.EXEC.BENS PAT.GAST.PUBLI.;MEMBRO;; 02:00;01/09/2023;GRUPO DE TRABALHO;3000,00;;3000,00;27,00;2973,00;
BRUNO DAMASCENO COSTA NOVO;DEPTO.DE ADMINIST.E FINANCAS;ASSESSOR DE SECRETARIO;; 20:00;01/06/2022;GRUPO DE TRABALHO;3000,00;;3000,00;27,00;2973,00;
CAMILLA ARAUJO DA SILVA;DEPTO.DE ADMINIST.E FINANCAS;MEMBRO;; 20:00;01/06/2022;GRUPO DE TRABALHO;2004,00;;2004,00;;2004,00;
CARLA VANESSA BATISTA DE SOUZA;GER.DE APOIO, MANUT.LOGISTICA;AUX.ADM-III;GERENTE; 30:00;02/05/2017;ESTATUTARIO;7655,81;;7655,81;1400,14;6255,67;
CARLA VITORIA PACHECO CORREA;PENSIONISTA ESPECIAL;PENSIONISTA;; ;15/12/2020;PENSAO POR ORDEM JUDICIAL;880,00;;880,00;;880,00;
CARLOS EDUARDO RAPOSO DA CAMARA ALE;CONSULTORIA TEC-ADMINISTRATIVA;ASSESSOR I;; 40:00;01/04/2015;CARGO COMISSION.S/VINCULO;5229,77;;5229,77;957,83;4271,94;
CARLOS FERNANDO DA SILVA FERREIRA;PENSIONISTA ESPECIAL;PENSIONISTA;; 40:00;05/08/2022;PENSAO POR ORDEM JUDICIAL;880,00;;880,00;;880,00;
CARLOS FERNANDO LIMA SOUZA;PESSOAL PROC.DE APOSENTADORIA;A.TEC-I;; 30:00;19/05/1986;ESTATUTARIO;3850,37;;3850,37;665,35;3185,02;
CARLOS GEISER RODRIGUES DE SOUZA;COMISSAO DE REGIME DISCIPLINAR;ASSESSOR III;NAO INFORMADO; 40:00;02/01/2019;CARGO COMISSION.S/VINCULO;3191,80;;3191,80;327,46;2864,34;
CARLY DA SILVA FARIA;COORD.DE BENS PATRIMONIAIS;GERENTE;NAO INFORMADO; 40:00;01/04/2019;CARGO COMISSION.S/VINCULO;7209,79;;7209,79;983,67;6226,12;
CARMEM LUCIA ROSAS GOMES;PESSOAL PROC.DE APOSENTADORIA;A.TEC-I;; 40:00;30/03/1990;ESTATUTARIO;3783,38;;3783,38;647,33;3136,05;
CAROLINE ARAUJO DE ANDRADE;GT - BENS PATRIMONIAIS;MEMBRO;; 40:00;01/08/2023;GRUPO DE TRABALHO;2004,00;;2004,00;;2004,00;
CASIMIRO CARDOSO DE ARAUJO FILHO;DEPTO.DE ADMINIST.E FINANCAS;MOTORISTA RODOVIARIO;; 30:00;13/08/1982;ESTATUTARIO;4046,59;;4046,59;498,72;3547,87;
CHRYSTIANE APARECIDA DOS S PINAGE;GERENCIA DE REGISTRO DE DADOS;A.TEC-I;FUNCAO GRATIFICADA F; 40:00;19/05/1986;ESTATUTARIO;7173,13;;7173,13;1483,25;5689,88;
CLARICE CABRAL CARNEIRO DA CUNHA;GABINETE DO SECRETARIO APOIO;A.TEC-I;; 40:00;07/05/1986;ESTATUTARIO;4443,13;;4443,13;770,85;3672,28;
CLAUDIO SANTANA TRINDADE;GERENCIA DE PESSOAL;A.TEC-I;; 40:00;30/04/1985;ESTATUTARIO;4399,39;;4399,39;756,85;3642,54;
CLELIA FRANCISCA DE OLIVEIRA FARIAS;GER.BENEFICIO DOS SERVIDORES;ASSESSOR IV;ASSESSOR IV; 40:00;02/08/2023;CARGO COMISSION.S/VINCULO;3175,61;;3175,61;324,29;2851,32;
CLERME MELO DE OLIVEIRA;GERENCIA DE PESSOAL;A.TEC-II;GERENTE; 40:00;23/07/1996;ESTATUTARIO;7356,79;;7356,79;1505,37;5851,42;
CRISTIANO PANTOJA RIBEIRO;NUCLEO DE RECEPCAO;A.TEC-I;; 30:00;28/01/1986;ESTATUTARIO;3923,72;;3923,72;685,08;3238,64;
CRISTINA DE ALMEIDA CAMPOS;DEPTO.DE ADMINIST.E FINANCAS;TECNICO EM CONTABILIDADE;; 40:00;29/03/1993;ESTATUTARIO;4009,33;;4009,33;365,24;3644,09;
CRISTINA HELENA MAIA DE OLIVEIRA;DEPTO.DE ADMINIST.E FINANCAS;MEMBRO;; 20:00;01/06/2022;GRUPO DE TRABALHO;3000,00;;3000,00;27,00;2973,00;
DANIEL DO NASCIMENTO MIRANDA;GRUP.INT.PREV.INVAS.AREAS PUB.;ASSESSOR III;NAO INFORMADO; 40:00;06/10/2021;CARGO COMISSION.S/VINCULO;5195,80;;5195,80;684,76;4511,04;
DANIEL HERCULANO DE CARVALHO;DEPTO.DE ADMINIST.E FINANCAS;ASSESSOR II;NAO INFORMADO; 40:00;15/06/2020;CARGO COMISSION.S/VINCULO;4209,79;;4209,79;597,14;3612,65;
DANIELA VIEIRA DE CARVALHO;CONSULTORIA TEC-ADMINISTRATIVA;ASSESSOR II;ASSESSOR II; 40:00;14/02/2022;CARGO COMISSION.S/VINCULO;4209,79;;4209,79;597,14;3612,65;
DANILO ALBERTO GRACIANO ALBUQUERQUE;COORD.DE BENS PATRIMONIAIS;GERENTE;NAO INFORMADO; 40:00;01/11/2021;CARGO COMISSION.S/VINCULO;7209,79;;7209,79;1367,80;5841,99;
DAVERTON AMAZONAS PRAIA;COORD.GER.SEC.EX.ADJ.G.R.HUM.;ASSESSOR II;ASSESSOR II; 40:00;01/04/2023;CARGO COMISSION.S/VINCULO;4209,79;;4209,79;597,14;3612,65;
DAVID ALCANTARA DE OLIVEIRA PITA;GT - BENS PATRIMONIAIS;MEMBRO;; 40:00;01/01/2022;GRUPO DE TRABALHO;7500,00;;7500,00;1032,34;6467,66;
DELCIANE DE SOUZA PINHEIRO;DEPTO.DE TECNOL.DA INFORMACAO;MEMBRO;; 40:00;01/08/2023;GRUPO DE TRABALHO;2004,00;;2004,00;;2004,00;
DELMIRA MARCOS ARAUJO;PENSIONISTA ESPECIAL;PENSIONISTA;; ;14/07/1992;PENSAO POR LEI;1320,00;;1320,00;;1320,00;
DELNANDO CORREA MACEDO;ARQUIVO ADMINISTRATIVO II;ASSESSOR I;ASSESSOR I; 40:00;11/08/2023;CARGO COMISSION.S/VINCULO;5229,77;;5229,77;957,83;4271,94;
DELZINDA FERREIRA BARCELOS;ASSESSORIA TEC.ADMINISTRATIVA;TNS-I;; 40:00;06/06/2017;ESTATUTARIO;10344,53;;10344,53;2613,71;7730,82;
DENISMAR MARIA ASSIS DA ROCHA;PESSOAL PROC.DE APOSENTADORIA;A.TEC-I;AG. ADMINISTRATIVO; 40:00;29/12/2017;ESTATUTARIO;3897,48;;3897,48;678,02;3219,46;
DEVALCI AMORIM FERREIRA;SEC.EXEC.BENS PAT.GAST.PUBLI.;MEMBRO;; 02:00;01/09/2023;GRUPO DE TRABALHO;3000,00;;3000,00;27,00;2973,00;
DIEGO FERREIRA PINHEIRO;GER.DE APOIO, MANUT.LOGISTICA;ASSESSOR III;NAO INFORMADO; 40:00;01/06/2020;CARGO COMISSION.S/VINCULO;5195,80;;5195,80;684,76;4511,04;
DORANEIDE NOGUEIRA TAVARES;GERENCIA DE PESSOAL;AGENTE ADMINISTRATIVO 4A CLASSE;; 40:00;13/05/1986;ESTATUTARIO;2334,70;;2334,70;326,86;2007,84;
DORIAM PANTOJA COSTA;DISPONIVEL SEAD;AGENTE ADMINISTRATIVO 3A CLASSE;; 30:00;01/08/1977;ESTATUTARIO;1320,00;;1320,00;184,80;1135,20;
DOUGLAS NEBLINA DE MARAES SOUZA;GER.AUDITORIA DE FOLHA PAGTO.;ASSESSOR III;ASSESSOR III; 40:00;07/10/2022;CARGO COMISSION.S/VINCULO;3191,80;;3191,80;327,46;2864,34;
EDINETE CASTRO ANDRADE GONCALVES;GER.DE APOIO, MANUT.LOGISTICA;MEMBRO;; 40:00;01/04/2023;GRUPO DE TRABALHO;3000,00;;3000,00;27,00;2973,00;
EDMEE SAMANTHA DE MEDEIROS R SEIXAS;DEPTO.DE ADMINIST.E FINANCAS;ASSISTENTE TECNICO I;; 40:00;01/03/2001;ESTATUTARIO;3802,80;;3802,80;641,42;3161,38;
EDMILSON BEZERRA ALVES;JUNTA MEDICO-PERICIAL DO EST.;A.TEC-I;; 40:00;03/12/1970;ESTATUTARIO;4083,68;;4083,68;728,11;3355,57;
EDNALDO FONSECA DE MELO;NUCLEO DE SERVICOS GERAIS;AUXILIAR DE SERV GERAIS 2A CLASSE;; 30:00;18/08/1980;ESTATUTARIO;2976,88;;2976,88;119,94;2856,94;
EDNILSON GOMES DE OLIVEIRA JUNIOR;COORD.GER.SEC.EX.ADJ.G.R.HUM.;ASSESSOR I;; 40:00;02/04/2018;CARGO COMISSION.S/VINCULO;9229,77;;9229,77;2057,83;7171,94;
EDUARDO MOREIRA DOS SANTOS;DEPTO.DE TECNOL.DA INFORMACAO;AUX.S.G-III;AUX. SERVICOS GERAIS; 30:00;28/01/2004;ESTATUTARIO;3481,67;;3481,67;353,45;3128,22;
ELANE ARAUJO MOURA DO NASCIMENTO;COORD.GER.SEC.EX.ADJ.G.R.HUM.;ASSESSOR I;ASSESSOR I; 40:00;01/04/2023;CARGO COMISSION.S/VINCULO;9229,77;;9229,77;2005,69;7224,08;
ELCI OLIVEIRA NOBRE;GER.BENEFICIO DOS SERVIDORES;ASSISTENTE TECNICO 1A CLASSE;; 40:00;01/03/2001;ESTATUTARIO;8555,07;;8555,07;2211,40;6343,67;
ELIANE PERCILA DE OLIVEIRA NERY;JUNTA MEDICO-PERICIAL DO EST.;ASSISTENTE ADMINISTRATIVO;; 30:00;01/03/2001;ESTATUTARIO;3577,54;;3577,54;559,60;3017,94;
ELIDIANE PAES BONFIM;GT - BENS PATRIMONIAIS;MEMBRO;; 20:00;01/01/2022;GRUPO DE TRABALHO;7500,00;;7500,00;1032,34;6467,66;
ELISA MARIA BARROSO M NAVARRO;SEC.EXE.AD.G.PAT.GAST.PUBLICOS;CHEFE DE DEPARTAMENTO;NAO INFORMADO; 40:00;01/11/2021;CARGO COMISSION.S/VINCULO;8229,77;;8229,77;1782,83;6446,94;
ELIZABETH DA SILVA ALVES;COMISSAO DE REGIME DISCIPLINAR;A.TEC-I;; 40:00;01/08/1978;ESTATUTARIO;4469,59;;4469,59;779,33;3690,26;
ELIZABETH RODRIGUES DIAS;REMANEJADOS EXT.OUVID.GER.EST.;A.TEC-I;; 40:00;24/08/1984;ESTATUTARIO;4443,13;;4443,13;674,56;3768,57;
ELSIMAR FERNANDO SANTIAGO;GABINETE DO SECRETARIO;TECNICO GRAFICO;ASSESSOR I; 40:00;01/03/2001;ESTATUTARIO;5980,89;;5980,89;1163,15;4817,74;
ELYNNE NEGREIROS FONSECA;DEPTO.DE ADMINIST.E FINANCAS;ASSESSOR II;ASSESSOR II; 40:00;30/11/2021;CARGO COMISSION.S/VINCULO;4209,79;;4209,79;585,61;3624,18;
EMERSON DA SILVA COELHO;ARQUIVO ADMINISTRATIVO II;ASSESSOR IV;ASSESSOR IV; 40:00;16/05/2022;CARGO COMISSION.S/VINCULO;2575,61;;2575,61;212,12;2363,49;
EMERSON LINS DE LIMA;JUNTA MEDICO-PERICIAL DO EST.;FISCAL RODOVIARIO;ASSESSOR II; 40:00;01/03/2001;ESTATUTARIO;4771,54;;4771,54;661,70;4109,84;
EMILIA CONCEICAO FREIRE MORY;DISPONIVEL TCM;TECNICO ADMINISTRATIVO;; 30:00;09/07/1989;ESTATUTARIO;1320,00;;1320,00;184,80;1135,20;
ENOQUE MOREIRA NUNES JUNIOR;COORD.DE BENS PATRIMONIAIS;ASSESSOR IV;ASSESSOR IV; 40:00;01/01/2023;CARGO COMISSION.S/VINCULO;5575,61;;5575,61;715,25;4860,36;
ERICK GAMA DE ARAUJO;DEPTO.DE TECNOL.DA INFORMACAO;ASSESSOR III;ASSESSOR III; 40:00;23/01/2023;CARGO COMISSION.S/VINCULO;3191,80;;3191,80;327,46;2864,34;
ETIANE TEREZA RUAS FARIA;EXTINTO B.CARGOS AGUARD.RELOT.;TECNICO GOVERNAMENTAL;; 40:00;16/05/1994;ESTATUTARIO;1503,50;;1503,50;417,52;1085,98;
EUDENIRA BARBOSA BATISTA BRITO;GER.AUDITORIA DE FOLHA PAGTO.;A.TEC-I;F. GRATIFICADA, FG-3; 40:00;30/03/1990;ESTATUTARIO;5683,13;;5683,13;1073,50;4609,63;
EUGENIA TERESA MONTEIRO REZENDE;ASSESSORIA TEC.ADMINISTRATIVA;TNS-I;ASSESSOR I, AD-1; 30:00;01/06/1985;ESTATUTARIO;7341,98;;7341,98;1744,58;5597,40;
EVANDRO ALVES DE ALMEIDA;DISPONIVEL POLICIA CIVIL;AGENTE DE POLICIA 2A CLASSE;; 30:00;11/09/1980;ESTATUTARIO;1320,00;;1320,00;184,80;1135,20;
EVANDRO FERNANDES SAMPAIO;DISPONIVEL POLICIA CIVIL;AGENTE DE POLICIA 1A CLASSE;; 30:00;21/08/1981;ESTATUTARIO;1320,00;;1320,00;184,80;1135,20;
FABIANA DA COSTA LIMA LOUREIRO;SEC.EXEC.BENS PAT.GAST.PUBLI.;MEMBRO;; 40:00;;GRUPO DE TRABALHO;3000,00;;3000,00;27,00;2973,00;
FABIO JR ARAUJO CABRAL;COORD.GER.SEC.EX.ADJ.G.R.HUM.;MEMBRO;; 40:00;09/09/2021;COMISSAO;3000,00;;3000,00;27,00;2973,00;
FABIOLA XAVIER DESTERRO E SILVA;SEC.EXEC.BENS PAT.GAST.PUBLI.;MEMBRO;; 02:00;01/09/2023;GRUPO DE TRABALHO;3000,00;;3000,00;27,00;2973,00;
FABRICIO GONCALVES CORREA;DEPTO.DE ADMINIST.E FINANCAS;ASSESSOR I;ASSESSOR I; 40:00;02/03/2023;CARGO COMISSION.S/VINCULO;5229,77;;5229,77;957,83;4271,94;
FABRICIO ROGERIO CYRINO BARBOSA;GABINETE DO SECRETARIO;SECRETARIO DE ESTADO;NAO INFORMADO; 40:00;23/08/2021;DISP. OUTROS ESFERAS;23851,00;;23851,00;5465,52;18385,48;
FATIMA MARIA GAVINHO FROTA;SEC.EXE.AD.G.PAT.GAST.PUBLICOS;ASSESSOR I;NAO INFORMADO; 40:00;21/02/2020;CARGO COMISSION.S/VINCULO;5229,77;;5229,77;957,83;4271,94;
FELIPE MACHADO DE AMORIM PRATA;COORD.GER.SEC.EX.ADJ.G.R.HUM.;ASSESSOR II;NAO INFORMADO; 40:00;01/01/2020;CARGO COMISSION.S/VINCULO;7209,79;;7209,79;1241,73;5968,06;
FERNANDA ELIS JANAINA M OLIVEIRA;CHEFIA DE GABINETE;CHEFE DE GABINETE;CHEFE DE GABINETE; 40:00;01/07/2023;CARGO COMISSION.S/VINCULO;8229,77;;8229,77;1782,83;6446,94;
FERNANDA MARIA MATHEUS B CAMPELO;ARQUIVO ADMINISTRATIVO II;ASSESSOR I;ASSESSOR I; 40:00;01/03/2023;DISP. OUTROS ESFERAS;5000,00;;5000,00;354,47;4645,53;
FERNANDA PIVA DE AGUIAR GROSSO;SEC.EXEC.BENS PAT.GAST.PUBLI.;MEMBRO;; 40:00;01/05/2022;GRUPO DE TRABALHO;3000,00;;3000,00;27,00;2973,00;
FLAVIO ADRIANO ABREU DA SILVA;SEC.EXE.AD.G.PAT.GAST.PUBLICOS;ASSESSOR II;NAO INFORMADO; 40:00;27/03/2019;CARGO COMISSION.S/VINCULO;4209,79;;4209,79;585,61;3624,18;
FLAVIO AUGUSTO CARVALHO MONTENEGRO;SEC.EXE.AD.G.PAT.GAST.PUBLICOS;TNS-I;; 40:00;22/10/1984;ESTATUTARIO;5995,85;;5995,85;1372,48;4623,37;
FLAVIO CORDEIRO ANTONY FILHO;SEC.EXEC.BENS PAT.GAST.PUBLI.;MEMBRO;; 20:00;03/12/2020;GRUPO DE TRABALHO;3000,00;;3000,00;27,00;2973,00;
FRANCILANE LIMA SOUZA;DEPTO.DE ADMINIST.E FINANCAS;GERENTE;GERENTE; 40:00;10/02/2022;CARGO COMISSION.S/VINCULO;6213,79;;6213,79;1093,90;5119,89;
FRANCIMAR CAMARA LIMA;REMANEJADOS EXT.OUVID.GER.EST.;A.TEC-I;; 40:00;10/01/1986;ESTATUTARIO;4433,16;;4433,16;767,66;3665,50;
FRANCISCA CHAGAS CAMPOS DO NASCIMEN;DISPONIVEL SEAD;TECNICO DE NIVEL SUPERIOR;; 30:00;01/08/1980;ESTATUTARIO;1320,00;;1320,00;184,80;1135,20;
FRANCISCA ROSANA DA SILVA;NUCLEO DE SERVICOS GERAIS;AUX.S.G-I;; 30:00;01/02/1978;ESTATUTARIO;2961,73;;2961,73;383,39;2578,34;
FRANCISCO CARLOS DOS SANTOS;PESSOAL PROC.DE APOSENTADORIA;A.TEC-I;; 30:00;26/05/1980;ESTATUTARIO;3885,53;;3885,53;674,80;3210,73;
FRANCISCO DAS CHAGAS NERES;DISPONIVEL SEAD;MECANICO DE MANUTENCAO DE AERONAVE;; 30:00;10/02/1977;ESTATUTARIO;1320,00;;1320,00;184,80;1135,20;
FRANCISCO DE ASSIS CASTRO MONTEIRO;SEC.EXEC.BENS PAT.GAST.PUBLI.;MEMBRO;; 40:00;11/12/2023;GRUPO DE TRABALHO;2000,00;;2000,00;;2000,00;
FRANCISCO DE ASSIS SOUZA NASCIMENTO;PESSOAL PROC.DE APOSENTADORIA;AUX.O-I;; 40:00;25/06/1984;ESTATUTARIO;2613,33;;2613,33;365,82;2247,51;
FRANCISCO DE PAULA XAVIER LEITE;DISPONIVEL TCM;PROCURADOR DE CONTAS B;; 30:00;01/02/1990;ESTATUTARIO;30471,10;;30471,10;10587,41;19883,69;
FRANCISCO ELNO BEZERRA HERCULANO;DISPONIVEL SEAD;TECNICO 2A CLASSE;; 30:00;02/01/1980;ESTATUTARIO;1320,00;;1320,00;184,80;1135,20;
FRANCISCO PEDROSA DE ARAUJO;NUCLEO DE SERVICOS GERAIS;AUX.S.G-I;; 40:00;01/12/1977;ESTATUTARIO;2921,25;;2921,25;379,84;2541,41;
FRANCISCO PESSOA FERREIRA FILHO;DISPONIVEL SEAD;AGENTE ADMINISTRATIVO 3A CLASSE;; 30:00;01/08/1977;ESTATUTARIO;1320,00;;1320,00;184,80;1135,20;
FRANKLIN ROLIM ODA;COORD.DE BENS PATRIMONIAIS;AUX.ADM-III;ASSESSOR III; 30:00;17/04/2009;ESTATUTARIO;6655,81;;6655,81;892,00;5763,81;
FRANZ LISZT SOUTO DA CUNHA;GRUP.INT.PREV.INVAS.AREAS PUB.;A.TEC-I;; 40:00;22/09/1980;ESTATUTARIO;4453,10;;4453,10;774,04;3679,06;
GABRIELA DA COSTA NAZARETH;SEC.EXE.AD.G.PAT.GAST.PUBLICOS;GERENTE;GERENTE; 40:00;01/06/2023;CARGO COMISSION.S/VINCULO;4209,79;;4209,79;597,14;3612,65;
GABRIELLA GOMES SOARES;COORD.DE BENS PATRIMONIAIS;CHEFE DE DEPARTAMENTO;NAO INFORMADO; 40:00;01/12/2020;CARGO COMISSION.S/VINCULO;8229,77;;8229,77;1782,83;6446,94;
GABRIELLE BARRETO REBELLO DE SOUZA;COORD.GER.SEC.EX.ADJ.G.R.HUM.;MEMBRO;; 20:00;01/05/2023;COMISSAO;3000,00;;3000,00;27,00;2973,00;
GERALDINA PEREIRA PONTES GOES;JUNTA MEDICO-PERICIAL DO EST.;AUX.S.G-I;; 40:00;03/08/1987;ESTATUTARIO;2962,46;;2962,46;373,51;2588,95;
GERMINIANO SORIANO ALVES DA S NETO;COORD.GER.SEC.EX.ADJ.G.R.HUM.;MEMBRO;; 40:00;01/06/2021;COMISSAO;3000,00;;3000,00;27,00;2973,00;
GETRO MENEZES;NUCLEO DE VIGILANCIA;VIGIA-II;; 40:00;01/08/1996;ESTATUTARIO;2916,15;;2916,15;354,06;2562,09;
GIOVANNI PEREIRA RAMOS;SEC.EXEC.BENS PAT.GAST.PUBLI.;MEMBRO;; 40:00;01/05/2023;GRUPO DE TRABALHO;3000,00;;3000,00;27,00;2973,00;
GISELLE TAIMARA MELO MAIA;GERENCIA DE PESSOAL;GERENTE;GERENTE; 40:00;05/04/2022;CARGO COMISSION.S/VINCULO;6213,79;;6213,79;1093,90;5119,89;
GLAURA JANNE MOTA DE V DIAS;JUNTA MEDICO-PERICIAL DO EST.;MEDICO ESPECIALISTA;PRESID. JUNTA MEDICA; 20:00;15/07/1996;ESTATUTARIO;2000,00;;2000,00;;2000,00;
GRAZIELA DE OLIVEIRA REIS;SEC.EXEC.DE ADMINIST.E GESTAO;ASSESSOR I;ASSESSOR I; 40:00;22/11/2021;CARGO COMISSION.S/VINCULO;8229,77;;8229,77;1782,83;6446,94;
GRAZIELA NOGUEIRA AIRES DO VALE;CONSULTORIA TEC-ADMINISTRATIVA;ASSESSOR I;NAO INFORMADO; 30:00;26/02/2019;CARGO COMISSION.S/VINCULO;5229,77;;5229,77;957,83;4271,94;
GREYCE CARLOS MOREIRA;COORD.GER.SEC.EX.ADJ.G.R.HUM.;ASSESSOR II;ASSESSOR II; 40:00;02/08/2023;CARGO COMISSION.S/VINCULO;4209,79;;4209,79;597,14;3612,65;
GUILHERME FREDERICO DA S GOMES;CONSULTORIA TEC-ADMINISTRATIVA;C.TEC-U;; 40:00;13/08/1982;ESTATUTARIO;47776,54;4923,99;42852,55;14714,87;28137,68;
GUILHERME IMAKAWA MONTEIRO DA PALMA;ARQUIVO ADMINISTRATIVO II;ASSESSOR I;ASSESSOR I; 40:00;04/05/2022;CARGO COMISSION.S/VINCULO;5229,77;;5229,77;957,83;4271,94;
HAMILTON DOS SANTOS OLIVEIRA;GERENCIA DE PESSOAL;A.TEC-I;; 40:00;01/06/1980;ESTATUTARIO;4476,44;;4476,44;669,35;3807,09;
HELADIA MARIA ARAUJO DOS SANTOS;NUCLEO DE RECEPCAO;TELEFONISTA;; 40:00;29/03/1993;ESTATUTARIO;3280,95;;3280,95;369,58;2911,37;
HELDER CAMARA CARDOSO DOS SANTOS;GERENCIA DE REGISTRO DE DADOS;A.TEC-I;; 40:00;13/01/1986;ESTATUTARIO;4448,74;;4448,74;772,65;3676,09;
HELENO DE LION COSTA DA R QUINTO;CONSULTORIA TEC-ADMINISTRATIVA;COORDENADOR CTA;COORDENADOR CTA; 40:00;01/06/2023;CARGO COMISSION.S/VINCULO;8500,00;;8500,00;2036,19;6463,81;
HENRIQUE MARTINS DE AZEVEDO SILVA;COORD.DE BENS PATRIMONIAIS;GERENTE;NAO INFORMADO; 40:00;01/01/2020;CARGO COMISSION.S/VINCULO;4209,79;;4209,79;585,61;3624,18;
HIRAIRTON GONCALVES COSTA;NUCLEO DE ARQ.ADMINISTRATIVO;AUX.S.G-III;AUX. SERVICOS GERAIS; 40:00;13/09/2000;ESTATUTARIO;3461,81;;3461,81;231,69;3230,12;
HITALLA FERNANDES DOS SANTOS;GABINETE DO SECRETARIO;ASSESSOR I;; 40:00;01/07/2023;CARGO COMISSION.S/VINCULO;7827,75;;7827,75;137,09;7690,66;
HUDSON DE ANDRADE FERNANDES;GERENCIA DE REGISTRO DE DADOS;A.TEC-I;; 40:00;25/04/1986;ESTATUTARIO;4448,74;;4448,74;593,94;3854,80;
HUMBERTO DE MELO HORTA;PESSOAL PROC.DE APOSENTADORIA;A.TEC-I;; 30:00;22/08/1978;ESTATUTARIO;4020,51;;4020,51;711,12;3309,39;
IDUCEIDES DE SOUZA CARNEIRO;GERENCIA DE PESSOAL;A.TEC-I;ASSISTENTE TÉCNICO; 40:00;12/05/1982;ESTATUTARIO;7868,35;;7868,35;1979,40;5888,95;
ILEANA FERNANDES LIMA;DISPONIVEL TCM;TECNICO DE CONTAS A;; 30:00;01/12/1987;ESTATUTARIO;1320,00;;1320,00;184,80;1135,20;
IRIA SAFIRA CORDEIRO OLIVEIRA;GERENCIA DE PESSOAL;ASSESSOR I;ASSESSOR I; 40:00;01/12/2021;CARGO COMISSION.S/VINCULO;7233,77;;7233,77;1404,65;5829,12;
IRIS KAROLINNE RODRIGUES CORDEIRO;SEC.EXEC.DE ADMINIST.E GESTAO;ASSESSOR II;ASSESSOR II; 40:00;01/12/2021;CARGO COMISSION.S/VINCULO;6213,79;;6213,79;1093,90;5119,89;
ISABEL CRISTINA FONSECA;GER.DE APOIO, MANUT.LOGISTICA;A.TEC-I;; 40:00;08/08/1984;ESTATUTARIO;4280,51;;4280,51;718,26;3562,25;
ISLA VERIDIANA SANTOS DE SOUZA;SEC.EXEC.BENS PAT.GAST.PUBLI.;MEMBRO;; 20:00;01/02/2023;GRUPO DE TRABALHO;3000,00;;3000,00;27,00;2973,00;
IVONE DA SILVA FONSECA;GABINETE DO SECRETARIO APOIO;A.TEC-I;; 40:00;14/05/1986;ESTATUTARIO;5843,13;;5843,13;1117,50;4725,63;
IZABELLE CRISTINA VIEIRA SILVA;DEPTO.DE ADMINIST.E FINANCAS;ASSESSOR I;NAO INFORMADO; 40:00;01/10/2020;CARGO COMISSION.S/VINCULO;5229,77;;5229,77;957,83;4271,94;
IZAIAS SANTOS DA SILVA;NUCLEO DE VIGILANCIA;VIGIA-II;VIGIA; 30:00;15/07/1996;ESTATUTARIO;2381,08;;2381,08;333,35;2047,73;
JABSON DE MOURA FERREIRA;COORD.DE BENS PATRIMONIAIS;A.TEC-III;; 40:00;15/02/2006;ESTATUTARIO;3577,54;;3577,54;559,60;3017,94;
JAKSON VEIGA FROTA;JUNTA MEDICO-PERICIAL DO EST.;VIGIA-III;; 40:00;12/09/2013;ESTATUTARIO;3481,67;;3481,67;389,82;3091,85;
JANAINA GOMES DE SOUZA;ASSESSORIA DE COMUNICACAO;ASSESSOR I;ASSESSOR I; 40:00;01/08/2021;CARGO COMISSION.S/VINCULO;8229,77;;8229,77;1782,83;6446,94;
JANAINA MARIA ALBUQUERQUE FOGASSA;CONSULTORIA TEC-ADMINISTRATIVA;ASSESSOR II;NAO INFORMADO; 40:00;14/10/2019;CARGO COMISSION.S/VINCULO;4209,79;;4209,79;597,14;3612,65;
JANIO SOUZA DE OLIVEIRA;GT - BENS PATRIMONIAIS;MEMBRO;; 20:00;01/01/2022;GRUPO DE TRABALHO;2004,00;;2004,00;;2004,00;
JERUZA COLARES DA SILVA;CONSULTORIA TEC-ADMINISTRATIVA;AUX.S.G-II;AUX. SERVICOS GERAIS; 40:00;27/10/2000;ESTATUTARIO;2499,27;;2499,27;323,55;2175,72;
JESSICA RIBEIRO LEAL;SEC.EXEC.BENS PAT.GAST.PUBLI.;MEMBRO;; 40:00;20/11/2023;GRUPO DE TRABALHO;4100,00;;4100,00;165,40;3934,60;
JHONANTAN SAMPAIO COSTA;SEC.EXEC.BENS PAT.GAST.PUBLI.;MEMBRO;; 02:00;01/09/2023;GRUPO DE TRABALHO;3000,00;;3000,00;27,00;2973,00;
JOAO ALFREDO MONTEIRO DA COSTA;DISPONIVEL POLICIA CIVIL;AGENTE DE POLICIA 2A CLASSE;; 30:00;16/07/1987;ESTATUTARIO;1320,00;;1320,00;184,80;1135,20;
JOAO DAS CHAGAS DANTAS;REMANEJADOS EXT.OUVID.GER.EST.;A.TEC-I;; 40:00;01/03/2001;ESTATUTARIO;4463,07;;4463,07;777,24;3685,83;
JOAO SALES BASTOS ATHAN;DISPONIVEL POLICIA CIVIL;AGENTE DE POLICIA 1A CLASSE;; 30:00;11/12/1984;ESTATUTARIO;1320,00;;1320,00;184,80;1135,20;
JOAO SILVA DA SILVA DE AQUINO;DISPONIVEL SEAD;TECNICO 2A CLASSE;; 30:00;02/01/1978;ESTATUTARIO;1320,00;;1320,00;184,80;1135,20;
JOAO SOUZA DA SILVA;EXTINTO B.CARGOS AGUARD.RELOT.;AUXILIAR DE SERVICOS GERAIS;; 40:00;29/03/1993;ESTATUTARIO;1320,00;;1320,00;255,01;1064,99;
JOE VIANA COUTO;DISPONIVEL POLICIA CIVIL;AGENTE DE POLICIA 1A CLASSE;; 30:00;30/06/1981;ESTATUTARIO;17758,51;;17758,51;5801,12;11957,39;
JOEL DO NASCIMENTO DIAS;NUCLEO DE SERVICOS GERAIS;AUX.S.G-I;; 40:00;13/05/1982;ESTATUTARIO;3343,59;;3343,59;410,30;2933,29;
JOHN GUIMARAES BICHARRA;COORD.GER.SEC.EX.ADJ.G.R.HUM.;TNS-I;F. GRATIFICADA, FG-1; 40:00;04/09/1979;ESTATUTARIO;14134,57;;14134,57;3383,69;10750,88;
JORGE LUIS BARROSO DE OLIVEIRA;DISPONIVEL SEAD;TECNICO 1A CLASSE;; 30:00;24/03/1980;ESTATUTARIO;1320,00;;1320,00;184,80;1135,20;
JOSE ANTONIO PEREIRA DO VAL;NUCLEO DE RECEPCAO;MARINHEIRO FLUVIAL DE CONVES;; 40:00;01/03/2001;ESTATUTARIO;3603,48;;3603,48;280,79;3322,69;
JOSE BEZERRA DE ARAUJO;EXTINTO B.CARGOS AGUARD.RELOT.;A.OPE-II;; 40:00;22/04/1988;ESTATUTARIO;1320,00;;1320,00;583,51;736,49;
JOSE GOMES CORDEIRO;NUCLEO DE VIGILANCIA;AUX.S.G-II;; 40:00;02/08/1996;ESTATUTARIO;2381,08;;2381,08;333,35;2047,73;
JOSE MACIEL FILHO;NUCLEO DE PROTOCOLO;A.TEC-I;; 30:00;01/11/1977;ESTATUTARIO;4463,07;;4463,07;777,24;3685,83;
JOSE RIBAMAR GOMES DE AQUINO;PESSOAL PROC.DE APOSENTADORIA;ANALISTA DE FINAN.E CONTR.EXTERNO A;; 30:00;04/06/1986;ESTATUTARIO;1320,00;;1320,00;184,80;1135,20;
JOSE ROBERTO SARAIVA DOS SANTOS;NUCLEO DE VIGILANCIA;AUX.O-I;; 42:00;06/06/1974;ESTATUTARIO;3715,70;;3715,70;522,82;3192,88;
JOSE VIRGILIO BATISTA DE OLIVEIRA;COMISSAO DE REGIME DISCIPLINAR;TNS-I;; 30:00;25/03/1982;ESTATUTARIO;8734,57;;8734,57;2170,08;6564,49;
JUDITE GUIMARAES DE BARROS;GERENCIA DE REGISTRO DE DADOS;A.TEC-I;; 40:00;30/03/1990;ESTATUTARIO;4443,13;;4443,13;770,85;3672,28;
JULIO RAMON MARCHIORE TEIXEIRA;DEPTO.DE ADMINIST.E FINANCAS;DIR.DEPTO.ADMINISTR.E FINANCEIRO;DIR.DEPTO.ADMINISTR.; 40:00;01/01/2023;CARGO COMISSION.S/VINCULO;12499,77;;12499,77;1881,10;10618,67;
JUSSI SOARES CALOBA;DISPONIVEL TCM;AUDITOR;; 30:00;02/01/1986;ESTATUTARIO;5401,46;;5401,46;919,57;4481,89;
KAREN BERNADETH MENEZES S OLIVEIRA;GER.DE PLANEJ.ORC.E FINANCAS;ASSESSOR II;ASSESSOR II; 40:00;07/12/2023;CARGO COMISSION.S/VINCULO;3367,81;;3367,81;362,76;3005,05;
KARINA SANTOS DE ABREU;GT - BENS PATRIMONIAIS;MEMBRO;; 40:00;01/01/2022;GRUPO DE TRABALHO;7500,00;;7500,00;1032,34;6467,66;
KAROLINE DIAS CALDAS;ARQUIVO ADMINISTRATIVO II;ASSESSOR IV;NAO INFORMADO; 40:00;19/10/2021;CARGO COMISSION.S/VINCULO;2575,61;;2575,61;212,12;2363,49;
KATIA DESSIMONI VICTORIA;COMISSAO DE REGIME DISCIPLINAR;AUX.ADM-I;; 40:00;12/03/1987;ESTATUTARIO;5320,12;;5320,12;797,85;4522,27;
KEYDMA MARIA FERREIRA PONCE DE LEAO;CONSULTORIA TEC-ADMINISTRATIVA;ASSESSOR I;NAO INFORMADO; 40:00;29/05/2020;CARGO COMISSION.S/VINCULO;5229,77;;5229,77;957,83;4271,94;
LARISSA ROSAS NOGUEIRA CHAGAS;GERENCIA DE PESSOAL;ASSESSOR II;NAO INFORMADO; 40:00;25/08/2020;CARGO COMISSION.S/VINCULO;6213,79;;6213,79;1072,77;5141,02;
LEANDRO RIBEIRO PAIXAO;GT - BENS PATRIMONIAIS;MEMBRO;; 20:00;01/01/2022;GRUPO DE TRABALHO;3000,00;;3000,00;27,00;2973,00;
LEANDRO SILVIO LIRA DOS SANTOS;GER.AUDITORIA DE FOLHA PAGTO.;AUX.ADM-III;; 30:00;07/04/2016;ESTATUTARIO;8861,81;;8861,81;1370,53;7491,28;
LENITA BENTES MAGALHAES;JUNTA MEDICO-PERICIAL DO EST.;A.TEC-I;; 30:00;16/04/1985;ESTATUTARIO;4473,04;;4473,04;739,04;3734,00;
LEONETE CONCEICAO ARAUJO DA SILVA;GER.AUDITORIA DE FOLHA PAGTO.;ASSISTENTE TECNICO II;; 40:00;01/11/2002;ESTATUTARIO;4560,06;;4560,06;756,48;3803,58;
LIDIANE SILVA QUEIROZ;COORD.DE BENS PATRIMONIAIS;ASSESSOR III;ASSESSOR III; 40:00;01/01/2023;CARGO COMISSION.S/VINCULO;6191,80;;6191,80;958,66;5233,14;
LUCIANA CRISTINNE NERY DE OLIVEIRA;GT - BENS PATRIMONIAIS;MEMBRO;; 40:00;;GRUPO DE TRABALHO;2004,00;;2004,00;;2004,00;
LUCIANA DE CASTRO SANTORO;SEC.EXEC.DE ADMINIST.E GESTAO;TEC. DE NIVEL SUPERIOR 1A CLASSE;ASSESSOR II; 40:00;01/09/2021;ESTATUTARIO;4000,00;;4000,00;150,40;3849,60;
LUCIANO PEREIRA BARROS;COORD.GER.SEC.EX.ADJ.G.R.HUM.;MEMBRO;; 40:00;01/06/2021;COMISSAO;3000,00;;3000,00;27,00;2973,00;
LUIZ CARLOS BENTO DE SANTANA;PESSOAL PROC.DE APOSENTADORIA;A.TEC-I;; 40:00;16/03/1987;ESTATUTARIO;3783,38;;3783,38;647,33;3136,05;
LUIZ CARLOS MARQUES CARNEIRO;NUCLEO DE PROTOCOLO;A.TEC-I;; 40:00;01/02/1978;ESTATUTARIO;4463,07;;4463,07;777,24;3685,83;
LUIZ CLAUDIO DOS SANTOS P SOUZA;NUCLEO DE ARQ.ADMINISTRATIVO;A.TEC-II;; 30:00;15/07/1996;ESTATUTARIO;3625,00;;3625,00;571,31;3053,69;
LUIZ RODRIGUES DE QUEIROZ;PESSOAL PROC.DE APOSENTADORIA;MOTORISTA 2A CLASSE;; 30:00;08/03/1985;ESTATUTARIO;2590,55;;2590,55;362,47;2228,08;
MALENE MARIA DE CASTRO PERDIGAO;GERENCIA DE REGISTRO DE DADOS;GERENTE;NAO INFORMADO; 40:00;01/09/2020;CARGO COMISSION.S/VINCULO;4209,79;;4209,79;597,14;3612,65;
MANOELLA BENTO DA SILVA LEAL;ARQUIVO ADMINISTRATIVO II;ASSESSOR II;NAO INFORMADO; 40:00;17/05/2021;CARGO COMISSION.S/VINCULO;4209,79;;4209,79;597,14;3612,65;
MARCELO ARAUJO SILVA;ARQUIVO PUB.EST.DO AMAZONAS;CHEFE DE ARQ.PUB.DO EST.DO AMAZONAS;NAO INFORMADO; 40:00;16/01/2019;CARGO COMISSION.S/VINCULO;8229,77;;8229,77;1782,83;6446,94;
MARCIA AUGUSTA DE SOUZA;DEPTO.DE ADMINIST.E FINANCAS;MEMBRO;; 20:00;01/02/2023;GRUPO DE TRABALHO;4000,00;;4000,00;150,40;3849,60;
MARCINEIDE REIS CAMPOS;NUCLEO DE PROTOCOLO;A.TEC-I;; 40:00;13/03/1987;ESTATUTARIO;4459,81;;4459,81;731,43;3728,38;
MARCO ANTONIO SHIGESHI KOBA;COORD.DE BENS PATRIMONIAIS;INVEST.DE POL. 3A.CL. PC-INV-III;ASSESSOR III; 40:00;01/01/2023;ESTATUTARIO;3000,00;;3000,00;27,00;2973,00;
MARCO AURELIO MARTINS DA SILVA;COMISSAO DE REGIME DISCIPLINAR;MEMBRO COMISSAO REGIME DISCIPLINAR;; 04:00;02/01/2014;CONSELHO;700,00;;700,00;;700,00;
MARCOS ANTONIO NASCIMENTO SILVA;EXTINTO B.CARGOS AGUARD.RELOT.;ENGENHEIRO AGRONOMO;; 40:00;22/04/1988;ESTATUTARIO;5815,17;;5815,17;1304,45;4510,72;
MARCOS DANIEL PEREIRA DA SILVA;PENSIONISTA ESPECIAL;PENSIONISTA;PENSAO ESPECIAL; ;21/06/2018;PENSAO POR ORDEM JUDICIAL;176,00;;176,00;;176,00;
MARCUS VINICIUS PESSOA DA SILVA;SEC.EXEC.BENS PAT.GAST.PUBLI.;ASSESSOR II;ASSESSOR II; 40:00;01/01/2023;CARGO COMISSION.S/VINCULO;4209,79;;4209,79;597,14;3612,65;
MARGARIDA VINHOTE FRANCA;GABINETE DO SECRETARIO APOIO;ENCADERNADOR;; 40:00;01/03/2001;ESTATUTARIO;3873,76;;3873,76;333,65;3540,11;
MARIA ALBERTIZA DA COSTA FERNANDES;GERENCIA DE PESSOAL;A.TEC-I;; 40:00;12/03/1987;ESTATUTARIO;4448,74;;4448,74;772,65;3676,09;
MARIA APARECIDA R CAVALCANTE;CONSULTORIA TEC-ADMINISTRATIVA;A.TEC-I;; 30:00;15/07/1980;ESTATUTARIO;4453,10;;4453,10;774,04;3679,06;
MARIA APARECIDA SOUZA ARAUJO;PENSIONISTA ESPECIAL;PENSIONISTA;; ;13/02/2020;PENSAO POR ORDEM JUDICIAL;440,00;;440,00;;440,00;
MARIA AUREA MOURA DE OLIVEIRA;GER.AUDITORIA DE FOLHA PAGTO.;A.TEC-I;F. GRATIFICADA, FG-3; 40:00;30/04/1985;ESTATUTARIO;5693,10;;5693,10;1077,12;4615,98;
MARIA AUXILIADORA DA C S PORTILIO;COMISSAO DE REGIME DISCIPLINAR;A.TEC-I;ASSESSOR I, AD-1; 40:00;24/08/1981;ESTATUTARIO;8209,96;;8209,96;1717,12;6492,84;
MARIA AUXILIADORA SILVA DE OLIVEIRA;NUCLEO DE RECEPCAO;AGENTE ADMINISTRATIVO 1A CLASSE;; 30:00;03/03/1980;ESTATUTARIO;3955,24;;3955,24;629,42;3325,82;
MARIA D ASSUNCAO DA COSTA PINHEIRO;DISPONIVEL TCM;CONSULTOR TECNICO B;; 30:00;20/10/1989;ESTATUTARIO;1320,00;;1320,00;168,00;1152,00;
MARIA DA CONCEICAO RIBEIRO DUARTE;GERENCIA DE PESSOAL;ASSISTENTE TECNICO GOVERNAMENTAL;; 40:00;01/01/1990;ESTATUTARIO;3848,05;;3848,05;600,18;3247,87;
MARIA DA CONCEICAO SOUZA;JUNTA MEDICO-PERICIAL DO EST.;A.TEC-I;; 30:00;01/10/1977;ESTATUTARIO;4463,07;;4463,07;777,24;3685,83;
MARIA DAS GRACAS DE SOUZA TORRES;COMISSAO DE REGIME DISCIPLINAR;A.TEC-I;; 40:00;12/02/1985;ESTATUTARIO;5843,13;;5843,13;1117,50;4725,63;
MARIA DAS GRACAS ROCHA DE SOUZA;SEC.EXE.AD.G.PAT.GAST.PUBLICOS;A.TEC-I;ASSISTENTE TECNICO; 40:00;29/05/1978;ESTATUTARIO;3914,97;;3914,97;682,73;3232,24;
MARIA DE FATIMA DA SILVA MELO;GER.BENEFICIO DOS SERVIDORES;A.TEC-I;F. GRATIFICADA, FG-3; 40:00;04/08/1981;ESTATUTARIO;5801,28;;5801,28;1116,51;4684,77;
MARIA DE FATIMA DE SOUZA ALENCAR;GER.DE VALORIZACAO DO SERVIDOR;ASSISTENTE TECNICO;GERENTE; 30:00;01/07/2022;ESTATUTARIO;4000,00;;4000,00;150,40;3849,60;
MARIA DE NAZAR  JATOB  DO LAGO;COORD.GER.SEC.EX.ADJ.G.R.HUM.;ASSESSOR I;NAO INFORMADO; 40:00;01/07/2021;CARGO COMISSION.S/VINCULO;6719,77;;6719,77;1367,58;5352,19;
MARIA DO PERPETUO SOCORRO B SOUZA;JUNTA MEDICO-PERICIAL DO EST.;AUXILIAR DE SERV GERAIS 3A CLASSE;; 40:00;01/03/2001;ESTATUTARIO;3470,55;;3470,55;380,05;3090,50;
MARIA DO PERPETUO SOCORRO S GUERRA;GERENCIA DE PESSOAL;A.TEC-I;; 40:00;02/08/1976;ESTATUTARIO;4463,07;;4463,07;777,24;3685,83;
MARIA DO SOCORRO DA COSTA OLIVEIRA;GER.DE VALORIZACAO DO SERVIDOR;ASSISTENTE TECNICO 1A CLASSE;; 40:00;29/03/1993;ESTATUTARIO;3786,24;;3786,24;333,74;3452,50;
MARIA DO SOCORRO LAMONGI DE SOUZA;CONSULTORIA TEC-ADMINISTRATIVA;C.TEC-U;; 40:00;01/03/1978;ESTATUTARIO;42954,13;101,58;42852,55;14714,87;28137,68;
MARIA DOLORES SILVA DE ARAUJO;JUNTA MEDICO-PERICIAL DO EST.;A.TEC-I;F. GRATIFICADA, FG-1; 40:00;30/03/1993;ESTATUTARIO;6858,71;;6858,71;1398,17;5460,54;
MARIA DOS ANJOS MARQUES LEITE;DISPONIVEL SEAD;TECNICO 3A CLASSE;; 30:00;01/02/1977;ESTATUTARIO;1320,00;;1320,00;184,80;1135,20;
MARIA DULCILENE FROTA DA SILVA;NUCLEO DE PROTOCOLO;ASSISTENTE TECNICO GOVERNAMENTAL;; 40:00;16/03/1987;ESTATUTARIO;3858,01;;3858,01;602,89;3255,12;
MARIA GORETH DOS SANTOS VIEIRA;SEC.EXEC.BENS PAT.GAST.PUBLI.;MEMBRO;; 20:00;03/12/2020;GRUPO DE TRABALHO;3000,00;;3000,00;27,00;2973,00;
MARIA IZABEL OLIVEIRA MOINHO;GER.BENEFICIO DOS SERVIDORES;A.TEC-I;; 30:00;01/08/1978;ESTATUTARIO;4463,07;;4463,07;777,24;3685,83;
MARIA JOSE BRANDAO MOTA;GER.BENEFICIO DOS SERVIDORES;AGENTE ADMINISTRATIVO 3A CLASSE;; 40:00;01/03/2001;ESTATUTARIO;3603,77;;3603,77;567,21;3036,56;
MARIA JOSE LIMA COSTA;NUCLEO DE RECEPCAO;AUXILIAR DE SERV GERAIS 2A CLASSE;; 40:00;01/11/1993;ESTATUTARIO;3470,55;;3470,55;234,23;3236,32;
MARIA JULIA DE OLIVEIRA BRAGA DA RO;DISPONIVEL TCM;CONSULTOR TECNICO B;; 30:00;01/03/1991;ESTATUTARIO;1320,00;;1320,00;184,80;1135,20;
MARIA LINDINALVA DE LIRA BARBOSA;DISPONIVEL TCM;ASSISTENTE TECNICO ADMINISTRATIVO B;; 30:00;17/01/1991;ESTATUTARIO;1320,00;;1320,00;179,07;1140,93;
MARIA MITZI DINELLI MAGNANI;GERENCIA DE PESSOAL;A.TEC-III;; 30:00;20/02/1987;ESTATUTARIO;4065,61;;4065,61;634,71;3430,90;
MARIA NILMA DE SOUSA SILVA;GER.DE PLANEJ.ORC.E FINANCAS;A.TEC-II;GERENTE, AD-2; 40:00;24/07/1996;ESTATUTARIO;6839,46;;6839,46;1362,41;5477,05;
MARIA VALDA BARROSO;NUCLEO DE SERVICOS GERAIS;AUX.S.G-I;; 40:00;18/07/1985;ESTATUTARIO;3333,61;;3333,61;406,98;2926,63;
MARIA VALDECIRA AIRES DA SILVA;PESSOAL PROC.DE APOSENTADORIA;AUX.ADM-I;; 40:00;01/06/1982;ESTATUTARIO;2703,21;;2703,21;378,45;2324,76;
MARIA VALDENIZIA DA COSTA VAZ;GERENCIA DE REGISTRO DE DADOS;AUX.ADM-I;; 40:00;29/05/1986;ESTATUTARIO;6353,27;;6353,27;1082,62;5270,65;
MARIA WALDELICE DE AZEVEDO FREITAS;NUCLEO DE ARQ.ADMINISTRATIVO;A.TEC-I;; 40:00;03/02/2018;ESTATUTARIO;4389,42;;4389,42;753,65;3635,77;
MARIA ZENIRA VIEIRA DE OLIVEIRA;CONSULTORIA TEC-ADMINISTRATIVA;AUX.S.G-I;; 40:00;01/02/1979;ESTATUTARIO;3957,73;;3957,73;503,32;3454,41;
MARILENE NOBRE CAVALCANTE DE SOUSA;DISPONIVEL TCM;AUDITOR;; 30:00;02/01/1986;ESTATUTARIO;8402,27;;8402,27;2278,50;6123,77;
MARINDIA GUERRO DUTRA FEITOZA;JUNTA MEDICO-PERICIAL DO EST.;MEDICO GENERALISTA;PERITO; 20:00;28/09/2012;ESTATUTARIO;1250,00;;1250,00;;1250,00;
MARIO JORGE MARTINS DE PAULA;PESSOAL PROC.DE APOSENTADORIA;TECNICO EM PLANEJAMENTO 1A CLASSE;; 30:00;14/07/1980;ESTATUTARIO;1320,00;;1320,00;184,80;1135,20;
MARIO JORGE QUADROS DE MACEDO;JUNTA MEDICO-PERICIAL DO EST.;PERITO;; 40:00;01/08/2020;CONSELHO;1250,00;;1250,00;;1250,00;
MARIO PORTO DE AGUIAR;DISPONIVEL POLICIA CIVIL;AGENTE DE POLICIA 1A CLASSE;; 30:00;11/12/1984;ESTATUTARIO;15995,17;;15995,17;4824,40;11170,77;
MARLUCIA FERNANDES DA SILVA;COORD.GER.SEC.EX.ADJ.G.R.HUM.;AUX.O-I;; 40:00;12/07/1985;ESTATUTARIO;3577,31;;3577,31;443,30;3134,01;
MARY GERALDINA DOS SANTOS PIMENTEL;PENSIONISTA ESPECIAL;PENSIONISTA;; ;23/06/2020;PENSAO POR ORDEM JUDICIAL;440,00;;440,00;;440,00;
MAURISE DA CONCEICAO DOS S TOMAZ;GERENCIA DE PESSOAL;AUX.O-III;; 40:00;30/05/1986;ESTATUTARIO;2264,47;;2264,47;317,03;1947,44;
MIGUEL DE JESUS QUEIROS DE P JUNIOR;GER.AUDITORIA DE FOLHA PAGTO.;AGENTE ADM.-AGA-T.S.N.A.-E;ASSESSOR III; 30:00;11/10/2023;ESTATUTARIO;3965,53;;3965,53;418,13;3547,40;
MIGUEL RODRIGUES DA FONSECA;NUCLEO DE VIGILANCIA;MARINHEIRO FLUVIAL DE CONVES;; 40:00;01/03/2001;ESTATUTARIO;3190,51;;3190,51;443,18;2747,33;
MIRIAN DA CRUZ PINHEIRO;CONSULTORIA TEC-ADMINISTRATIVA;AUX.S.G-I;; 40:00;12/02/1982;ESTATUTARIO;3958,61;;3958,61;503,56;3455,05;
MONICA BASTOS CASTRO;DEPTO.DE ADMINIST.E FINANCAS;MEMBRO;; 02:00;01/09/2023;GRUPO DE TRABALHO;2004,00;;2004,00;;2004,00;
MONIQUE DA SILVA TAPAJOS;DISPONIVEL TCM;PROCURADOR DE CONTAS A;; 30:00;01/03/1986;ESTATUTARIO;8844,50;;8844,50;2444,99;6399,51;
NAIME SA TAMER;NUCLEO DE ARQ.ADMINISTRATIVO;AGENTE ADMINISTRATIVO 2A CLASSE;; 40:00;12/03/1985;ESTATUTARIO;4252,06;;4252,06;685,58;3566,48;
NAIRO AGUIAR CORDEIRO;COMISSAO DE REGIME DISCIPLINAR;MEMBRO COMISSAO REGIME DISCIPLINAR;; 40:00;01/01/2018;CONSELHO;700,00;;700,00;;700,00;
NATASHA LIMA DA SILVA NEVES ABREU;JUNTA MEDICO-PERICIAL DO EST.;PERITO;; 30:00;01/08/2020;CONSELHO;1250,00;;1250,00;;1250,00;
NEANE MAGALHAES DE ANDRADE;JUNTA MEDICO-PERICIAL DO EST.;PERITO;; 40:00;11/07/2023;CONSELHO;1250,00;;1250,00;;1250,00;
NEUZA NASCIMENTO FERREIRA;ARQUIVO PUB.EST.DO AMAZONAS;A.TEC-I;; 40:00;01/07/1976;ESTATUTARIO;4419,32;;4419,32;763,23;3656,09;
NEY GEORGE BELTRAO DA COSTA;NUCLEO DE VIGILANCIA;MARINHEIRO FLUVIAL DE CONVES;; 40:00;01/03/2001;ESTATUTARIO;3136,74;;3136,74;439,94;2696,80;
NILZETE NEVES RODRIGUES;GER.BENEFICIO DOS SERVIDORES;A.TEC-I;; 40:00;29/03/1990;ESTATUTARIO;4449,65;;4449,65;772,94;3676,71;
NORMA MOURA DA SILVA;ARQUIVO PUB.EST.DO AMAZONAS;ENCADERNADOR;; 40:00;01/03/2001;ESTATUTARIO;3496,71;;3496,71;560,64;2936,07;
NUBIA RODRIGUES LEOPOLDO DE MENEZES;SEC.EXEC.BENS PAT.GAST.PUBLI.;MEMBRO;; 40:00;10/05/2021;GRUPO DE TRABALHO;3000,00;;3000,00;27,00;2973,00;
OCIMAR PIRES DE SOUSA;GABINETE DO SECRETARIO APOIO;A.TEC-I;; 40:00;01/07/1980;ESTATUTARIO;4463,07;;4463,07;777,24;3685,83;
OLINETE OLIVEIRA MAGALHAES;EXTINTO B.CARGOS AGUARD.RELOT.;AUX.S.G-II;; 40:00;30/05/1986;ESTATUTARIO;1320,00;;1320,00;416,41;903,59;
ORLANDO BARBOSA MARTINS;ARQUIVO ADMINISTRATIVO II;ASSESSOR I;NAO INFORMADO; 30:00;02/01/2019;CARGO COMISSION.S/VINCULO;9501,71;;9501,71;957,83;8543,88;
OSVALDIZIA MELO VEIGA;GERENCIA DE PESSOAL;ASSISTENTE TECNICO I;; 40:00;01/03/2001;ESTATUTARIO;4034,00;;4034,00;392,93;3641,07;
OTILIA RIBEIRO BARROSO CESAR;REMANEJADOS EXT.OUVID.GER.EST.;A.TEC-I;; 40:00;30/03/1990;ESTATUTARIO;4443,13;;4443,13;770,85;3672,28;
OTILIO TADEU LINHARES;DISPONIVEL SEAD;ENGENHEIRO AGRONOMO;; 30:00;01/07/1979;ESTATUTARIO;1320,00;;1320,00;184,80;1135,20;
PAOLA DI ANGELIS BRASIL PASSOS;SEC.EXEC.BENS PAT.GAST.PUBLI.;MEMBRO;; 20:00;03/12/2020;GRUPO DE TRABALHO;3000,00;;3000,00;27,00;2973,00;
PAULA GRETHEANE FONSECA DE OLIVEIRA;DEPTO.DE ADMINIST.E FINANCAS;ASSESSOR II;NAO INFORMADO; 40:00;02/01/2019;CARGO COMISSION.S/VINCULO;6213,79;;6213,79;1093,90;5119,89;
PAULO DA COSTA FRANCA;GER.DE APOIO, MANUT.LOGISTICA;MEMBRO;; 40:00;07/08/2023;GRUPO DE TRABALHO;4000,00;;4000,00;150,40;3849,60;
PAULO JORGE BAHIA MARQUES JUNIOR;GT - BENS PATRIMONIAIS;MEMBRO;; 20:00;01/11/2022;GRUPO DE TRABALHO;7500,00;;7500,00;1032,34;6467,66;
PAULO ROBERTO IOPPI;DISPONIVEL SEAD;ENGENHEIRO 2A CLASSE;; 30:00;01/02/1979;ESTATUTARIO;1320,00;;1320,00;172,99;1147,01;
PAULO VICTOR MARQUES VIANA;DEPTO.DE TECNOL.DA INFORMACAO;CHEFE DE DEPARTAMENTO;CHEFE DE DEPARTAMENT; 40:00;01/02/2022;CARGO COMISSION.S/VINCULO;8229,77;;8229,77;1782,83;6446,94;
PEDRO BRUNO DOS PRAZERES;NUCLEO DE VIGILANCIA;AUX.O-III;; 40:00;23/02/2018;ESTATUTARIO;2514,49;;2514,49;308,80;2205,69;
PEDRO DE SOUZA MOREIRA;NUCLEO DE VIGILANCIA;VIGIA;; 40:00;16/04/2018;ESTATUTARIO;2980,06;;2980,06;335,18;2644,88;
PEDRO GOMES DE QUEIROZ PIERRE;ARQUIVO PUB.EST.DO AMAZONAS;ASSESSOR II;ASSESSOR II; 40:00;08/03/2023;CARGO COMISSION.S/VINCULO;4209,79;;4209,79;597,14;3612,65;
PERICLES DE PINHO CORREA;GER.BENEFICIO DOS SERVIDORES;A.TEC-I;; 40:00;08/10/1979;ESTATUTARIO;4463,07;;4463,07;777,24;3685,83;
PRISCILA HELLEN FIGUEREDO DA COSTA;NUCLEO DE PROTOCOLO;ASSESSOR III;NAO INFORMADO; 40:00;01/03/2019;CARGO COMISSION.S/VINCULO;3191,80;;3191,80;327,46;2864,34;
RACHEL DA SILVA ANDRADE;JUNTA MEDICO-PERICIAL DO EST.;ENCADERNADOR;; 30:00;11/02/1980;ESTATUTARIO;3300,96;;3300,96;251,76;3049,20;
RAIMUNDA CORREA DA SILVA;JUNTA MEDICO-PERICIAL DO EST.;AUX.S.G-II;AUX. SERVIÇOS GERAIS; 40:00;29/07/1996;ESTATUTARIO;2863,94;;2863,94;353,49;2510,45;
RAIMUNDA NONATA DE OLIVEIRA BEZERRA;PESSOAL PROC.DE APOSENTADORIA;AUXILIAR DE SERVICOS GERAIS;; 40:00;31/10/2017;ESTATUTARIO;2498,10;;2498,10;347,53;2150,57;
RAIMUNDA NONATA SOUZA GOMES;GERENCIA DE PESSOAL;A.TEC-I;ASSIST. ADMINIST.; 40:00;01/04/1986;ESTATUTARIO;4455,78;;4455,78;774,90;3680,88;
RAIMUNDO BARROS WAUGHON;NUCLEO DE PROTOCOLO;A.TEC-I;; 40:00;01/08/1980;ESTATUTARIO;4453,10;;4453,10;774,04;3679,06;
RAIMUNDO DA COSTA GONCALVES;NUCLEO DE VIGILANCIA;VIGIA-II;; 30:00;15/07/1996;ESTATUTARIO;2520,15;;2520,15;333,35;2186,80;
RAIMUNDO FERREIRA DA SILVA;NUCLEO DE VIGILANCIA;MARINHEIRO FLUVIAL DE CONVES;; 30:00;01/06/1993;ESTATUTARIO;2940,56;;2940,56;397,76;2542,80;
RAIMUNDO LIMA DE HOLANDA;NUCLEO DE SERVICOS GERAIS;AUX.O-I;; 40:00;08/01/1987;ESTATUTARIO;2754,05;;2754,05;385,57;2368,48;
RAIMUNDO NONATO GAMA DE SOUZA;ARQUIVO ADMINISTRATIVO II;ASSESSOR III;ASSESSOR III; 40:00;08/03/2023;CARGO COMISSION.S/VINCULO;3191,80;;3191,80;327,46;2864,34;
RANSES GADELHA BEZERRA;SEC.EXE.AD.G.PAT.GAST.PUBLICOS;SEC.EXEC.ADJ.GEST.PATR.GAST.PUBL.;NAO INFORMADO; 40:00;01/11/2021;CARGO COMISSION.S/VINCULO;12000,00;;12000,00;3050,83;8949,17;
REGINA LUCIA BRANDAO LIMA JAEGER;EXTINTO B.CARGOS AGUARD.RELOT.;TNS-III;; 40:00;01/03/1978;ESTATUTARIO;5270,37;;5270,37;1105,94;4164,43;
RIAD ABRAHIM BALLUT;DEPTO.DE ADMINIST.E FINANCAS;AFP-U;; 40:00;01/03/2001;ESTATUTARIO;17509,40;;17509,40;5437,51;12071,89;
RICARDO QUEIROZ DE PAIVA;COMISSAO DE REGIME DISCIPLINAR;MEMBRO COMISSAO REGIME DISCIPLINAR;MEMBRO CRD; 30:00;01/08/2015;CONSELHO;700,00;;700,00;;700,00;
RITA MARIA DE SOUZA GONCALVES;PESSOAL PROC.DE APOSENTADORIA;TECNICO 2A CLASSE;; 30:00;01/07/1980;ESTATUTARIO;1320,00;;1320,00;184,80;1135,20;
ROBERTA ALINE DA COSTA SA PORTILIO;GERENCIA DE PESSOAL;MEMBRO;; 40:00;01/06/2022;GRUPO DE TRABALHO;3000,00;;3000,00;27,00;2973,00;
ROBERTO CONTE DE MELO;DISPONIVEL SEAD;ASSISTENTE TECNICO 3A CLASSE;; 30:00;01/11/1977;ESTATUTARIO;1320,00;;1320,00;184,80;1135,20;
ROBERTO SOBREIRA NASCIMENTO;DISPONIVEL SEAD;ELETRICISTA;; 30:00;06/06/1974;ESTATUTARIO;1320,00;;1320,00;184,80;1135,20;
ROBERVAL WILKENS MARINHO;DISPONIVEL POLICIA CIVIL;ESCRIVAO DE POLICIA 3A CLASSE;; 30:00;11/12/1984;ESTATUTARIO;1320,00;;1320,00;184,80;1135,20;
ROBSON GUIMARAES DE SOUSA;RELOTADOS DA SEC/AMAZONASTUR;ASSISTENTE TECNICO I;; 30:00;16/03/1987;ESTATUTARIO;3885,56;;3885,56;593,54;3292,02;
RODRIGO FIGUEIREDO DE ALBUQUERQUE;SEC.EXEC.BENS PAT.GAST.PUBLI.;MEMBRO;; 02:00;01/09/2023;GRUPO DE TRABALHO;3000,00;;3000,00;27,00;2973,00;
ROGERIO DE ARAUJO BARBOZA;GT - BENS PATRIMONIAIS;MEMBRO;; 20:00;01/01/2022;GRUPO DE TRABALHO;3000,00;;3000,00;27,00;2973,00;
ROOSEVELT DOS SANTOS LOPES;COORD.DE BENS PATRIMONIAIS;AUX.ADM-III;AGENTE ADMINISTRAT.; 40:00;20/07/2009;ESTATUTARIO;6461,81;;6461,81;1071,79;5390,02;
RORIZ MOTA DE BRITO;NUCLEO DE TRANSPORTE;MOT-III;MOTORISTA; 40:00;25/10/2005;ESTATUTARIO;3698,03;;3698,03;450,36;3247,67;
ROSANGELA ABREU DA COSTA LINS;DISPONIVEL TCM;AUDITOR ASSISTENTE - N.S.;; 30:00;06/05/1992;ESTATUTARIO;1320,00;;1320,00;184,80;1135,20;
ROSANGELA MARTINEZ ALVES;OUVIDORIA;GERENTE;GERENTE; 40:00;11/04/2022;CARGO COMISSION.S/VINCULO;7209,79;;7209,79;1367,80;5841,99;
ROSILENE DE DEUS MEDEIROS;CHEFIA DE GABINETE;MEMBRO;; 20:00;01/06/2023;GRUPO DE TRABALHO;3000,00;;3000,00;27,00;2973,00;
ROSILENE VIDAL BARRETO;COORD.GER.SEC.EX.ADJ.G.R.HUM.;GERENTE;GERENTE; 40:00;24/02/2022;CARGO COMISSION.S/VINCULO;4209,79;;4209,79;597,14;3612,65;
ROSIMAR SERGIO DA SILVA;PENSIONISTA ESPECIAL;PENSIONISTA;; ;08/09/2021;PENSAO POR ORDEM JUDICIAL;1320,00;;1320,00;;1320,00;
RUI DA SILVA CAVALCANTE;DISPONIVEL TCM;AUDITOR ASSISTENTE - N.S.;; 30:00;14/05/1986;ESTATUTARIO;1320,00;;1320,00;184,80;1135,20;
SALUA PAVAO DA SILVA;SEC.EXEC.BENS PAT.GAST.PUBLI.;MEMBRO;; 02:00;01/09/2023;GRUPO DE TRABALHO;3000,00;;3000,00;27,00;2973,00;
SAMARA DE LIRA LIMA;PENSIONISTA ESPECIAL;PENSIONISTA;; ;24/07/2020;PENSAO POR ORDEM JUDICIAL;440,00;;440,00;;440,00;
SAMIRA CRISTINA GUIMARAES M MATTOS;SEC.EXEC.BENS PAT.GAST.PUBLI.;MEMBRO;; 20:00;01/01/2023;GRUPO DE TRABALHO;3000,00;;3000,00;27,00;2973,00;
SAMUEL CARVALHO DE SOUZA;CONTROLADORIA;ASSESSOR I;ASSESSOR I; 40:00;01/01/2023;CARGO COMISSION.S/VINCULO;5229,77;;5229,77;957,83;4271,94;
SANDRA MARIA CUVELLO DE ANDRADE;DISPONIVEL TCM;CONSULTOR TECNICO B;; 30:00;01/02/1991;ESTATUTARIO;1320,00;;1320,00;184,80;1135,20;
SANDRA MARIA KANAWATI LASMAR;JUNTA MEDICO-PERICIAL DO EST.;MEDICO ESPECIALISTA;PERITO; 20:00;13/05/1986;ESTATUTARIO;1250,00;;1250,00;;1250,00;
SANDRA MARIA STONE DE ARAUJO;ARQUIVO PUB.EST.DO AMAZONAS;AUX.O-I;; 30:00;01/09/1975;ESTATUTARIO;2921,30;;2921,30;379,84;2541,46;
SEBASTIAO ALVES LAVOR NETO;GT - BENS PATRIMONIAIS;MEMBRO;; 40:00;01/01/2022;GRUPO DE TRABALHO;7500,00;;7500,00;1032,34;6467,66;
SEBASTIAO FILHO FERREIRA DA SILVA;JUNTA MEDICO-PERICIAL DO EST.;MARINHEIRO;1; 40:00;01/03/2001;ESTATUTARIO;3388,59;;3388,59;456,71;2931,88;
SEBASTIAO GILSON FARIAS GONDIM;EXTINTO B.CARGOS AGUARD.RELOT.;ASSISTENTE TECNICO;; 40:00;04/04/1988;ESTATUTARIO;1320,00;;1320,00;265,81;1054,19;
SERGIO GUILHERME TEIXEIRA ARANHA;NUCLEO DE SERVICOS GERAIS;AUX.S.G-I;; 30:00;01/12/1980;ESTATUTARIO;3431,07;;3431,07;433,33;2997,74;
SEVERINO ANTONIO AGUIAR RAMOS;DISPONIVEL SEAD;ENGENHEIRO 1A CLASSE;; 30:00;31/05/1972;ESTATUTARIO;1320,00;;1320,00;174,68;1145,32;
SHEILA MARA PEREIRA FRANCO;GER.AUDITORIA DE FOLHA PAGTO.;AGENTE ADMINISTRATIVO 4A CLASSE;F. GRATIFICADA, FG-3; 40:00;01/03/2001;ESTATUTARIO;5029,59;;5029,59;552,98;4476,61;
SILVIO EDUARDO LIMA SARMENTO;ASSESSORIA DE COMUNICACAO;ASSESSOR II;; 40:00;17/10/2017;CARGO COMISSION.S/VINCULO;7209,79;;7209,79;1346,67;5863,12;
SOCORRO MAGDA MENDES BORGES;GERENCIA DE REGISTRO DE DADOS;AUX.ADM-I;; 30:00;14/05/1986;ESTATUTARIO;3953,27;;3953,27;519,35;3433,92;
SUELI JACOB;DISPONIVEL SEAD;TECNICO A;; 30:00;02/08/1982;ESTATUTARIO;1320,00;;1320,00;184,80;1135,20;
SUELY FARIAS DA SILVA;EXTINTO B.CARGOS AGUARD.RELOT.;A.TEC-I;; 40:00;02/07/1984;ESTATUTARIO;3906,23;;3906,23;680,37;3225,86;
SUZANA MONTEIRO DE OLIVEIRA;ESC.GEST.E APERF.DO SERV.PUBL.;GERENTE;NAO INFORMADO; 40:00;17/08/2021;CARGO COMISSION.S/VINCULO;4209,79;;4209,79;585,61;3624,18;
SUZY OLIVEIRA DE ARAUJO;CONSULTORIA TEC-ADMINISTRATIVA;ASSESSOR I;ASSESSOR I; 40:00;01/01/2023;CARGO COMISSION.S/VINCULO;5229,77;;5229,77;957,83;4271,94;
TARCIO COSTA AMORIM;SEC.EXE.AD.G.PAT.GAST.PUBLICOS;CHEFE DE DEPARTAMENTO;NAO INFORMADO; 40:00;27/03/2019;CARGO COMISSION.S/VINCULO;5229,77;;5229,77;914,81;4314,96;
TATIANE DE SOUZA PINTO;GT - BENS PATRIMONIAIS;MEMBRO;; 40:00;01/01/2022;GRUPO DE TRABALHO;7500,00;;7500,00;1032,34;6467,66;
TAYZ HELENA GUIMARAES DE M MATTOS;GT - BENS PATRIMONIAIS;MEMBRO;; 20:00;01/01/2022;GRUPO DE TRABALHO;7500,00;;7500,00;1032,34;6467,66;
TEREZA CRISTINA FROES DA CRUZ SILVA;DEPTO.DE ADMINIST.E FINANCAS;A.TEC-I;; 40:00;11/09/1984;ESTATUTARIO;4443,13;;4443,13;770,85;3672,28;
TEREZINHA DE JESUS ARAUJO VAZ;PESSOAL PROC.DE APOSENTADORIA;A.TEC-I;; 30:00;01/06/1982;ESTATUTARIO;3906,23;;3906,23;680,37;3225,86;
TEREZINHA DE OLIVEIRA ROCHA;DISPONIVEL TCM;CONSULTOR TECNICO A;; 30:00;25/02/1988;ESTATUTARIO;1320,00;;1320,00;184,80;1135,20;
THAINA HELENA LEITE SILVA;GERENCIA DE PESSOAL;MEMBRO;; 40:00;07/08/2023;GRUPO DE TRABALHO;4000,00;;4000,00;150,40;3849,60;
THAIS DA SILVA PICANCO RESTON ALVES;DEPTO.DE ADMINIST.E FINANCAS;MEMBRO;; 20:00;03/03/2023;GRUPO DE TRABALHO;2004,00;;2004,00;;2004,00;
THALINE CASTRO DE LIMA;GT - BENS PATRIMONIAIS;MEMBRO;; 20:00;01/06/2023;GRUPO DE TRABALHO;7500,00;;7500,00;1032,34;6467,66;
THANIA REGINA PEREIRA DE SOUZA FALC;GERENCIA DE REGISTRO DE DADOS;A.TEC-I;; 30:00;30/03/1990;ESTATUTARIO;3902,40;;3902,40;679,35;3223,05;
THAYANE HELLEN LIRA BARRETO;COORD.GER.SEC.EX.ADJ.G.R.HUM.;ASSESSOR II;NAO INFORMADO; 40:00;01/09/2020;CARGO COMISSION.S/VINCULO;5699,79;;5699,79;952,55;4747,24;
THAYLINE CASTRO GAMA;GT - BENS PATRIMONIAIS;MEMBRO;; 20:00;01/01/2023;GRUPO DE TRABALHO;3000,00;;3000,00;27,00;2973,00;
THAYNA QUEIROZ LINS;GABINETE DO SECRETARIO APOIO;CHEFE DE DEPARTAMENTO;CHEFE DE DEPARTAMENT; 40:00;27/07/2022;CARGO COMISSION.S/VINCULO;5229,77;;5229,77;957,83;4271,94;
VALDEMIR GUIMARAES DE OLIVEIRA;DISPONIVEL SEAD;AGENTE ADMINISTRATIVO 3A CLASSE;; 30:00;01/02/1981;ESTATUTARIO;1320,00;;1320,00;184,80;1135,20;
VALDENEI DOS SANTOS CORREA;GER.BENEFICIO DOS SERVIDORES;ASSESSOR I;NAO INFORMADO; 40:00;15/06/2020;CARGO COMISSION.S/VINCULO;6719,77;;6719,77;1367,58;5352,19;
VALERIA DA SILVA SODRE;SEC.EXEC.BENS PAT.GAST.PUBLI.;MEMBRO;; 20:00;09/09/2021;GRUPO DE TRABALHO;3000,00;;3000,00;27,00;2973,00;
VANDA DA CRUZ CARVALHO CALADO;GERENCIA DE REGISTRO DE DADOS;AUXILIAR TECNICO;; 40:00;01/03/2001;ESTATUTARIO;4080,01;;4080,01;638,64;3441,37;
VANDERRUBEM MARCELINO NEVES;GERENCIA DE PESSOAL;A.TEC-I;ASSISTENTE TECNICO; 40:00;17/08/1984;ESTATUTARIO;4443,13;;4443,13;581,00;3862,13;
VANIA MARIA NONATA DA SILVA;GER.DE PLANEJ.ORC.E FINANCAS;AUX.ADM-I;; 40:00;14/05/1986;ESTATUTARIO;3953,27;;3953,27;519,35;3433,92;
VERA COELHO DE MENEZES DO VALE;DEPTO.DE ADMINIST.E FINANCAS;A.TEC-I;; 40:00;01/07/1983;ESTATUTARIO;4453,10;;4453,10;774,04;3679,06;
VERA LUCIA MARTINS GUIMARAES;CONTROLADORIA;ASSESSOR IV;ASSESSOR IV; 40:00;11/04/2022;CARGO COMISSION.S/VINCULO;3175,61;;3175,61;324,29;2851,32;
VICENTE DE PAULO VIEIRA COLOMBO;JUNTA MEDICO-PERICIAL DO EST.;MARINHEIRO;; 30:00;01/10/1987;ESTATUTARIO;3222,55;;3222,55;421,02;2801,53;
VIRGINIA DE SOUSA PAIVA;GERENCIA DE REGISTRO DE DADOS;ASSISTENTE TECNICO 3A CLASSE;; 40:00;01/03/2001;ESTATUTARIO;3776,53;;3776,53;307,13;3469,40;
VIVALDO MICHILES NETO;SEC.EXEC.BENS PAT.GAST.PUBLI.;SEC.EXEC.DE BENS PATR.E GAST.PUBL.;NAO INFORMADO; 40:00;01/09/2021;CARGO COMISSION.S/VINCULO;14700,00;;14700,00;3793,33;10906,67;
WALDENY TAVEIRA PARDO;PESSOAL PROC.DE APOSENTADORIA;MOT-I;; 40:00;01/04/1985;ESTATUTARIO;2768,87;;2768,87;387,64;2381,23;
WANDERLEY DA SILVA RAMALHO;SEC.EXEC.BENS PAT.GAST.PUBLI.;ASSESSOR III;NAO INFORMADO; 40:00;09/12/2020;CARGO COMISSION.S/VINCULO;3191,80;;3191,80;327,46;2864,34;
WANESSA GALIZA MALTA DE OLIVEIRA;DEPTO.DE ADMINIST.E FINANCAS;MEMBRO;; 20:00;01/07/2022;GRUPO DE TRABALHO;4000,00;;4000,00;150,40;3849,60;
WANILSON LEITE DA SILVA;COORD.DE BENS PATRIMONIAIS;AUX.ADM-III;; 30:00;26/12/2016;ESTATUTARIO;3461,81;;3461,81;394,62;3067,19;
WILSON DIAS DA ROCHA NETO;SEC.EXEC.BENS PAT.GAST.PUBLI.;MEMBRO;; 02:00;01/09/2023;GRUPO DE TRABALHO;3000,00;;3000,00;27,00;2973,00;
ZAYRA HAUACHE BICHARA GADELHA;ARQUIVO ADMINISTRATIVO II;ASSESSOR III;ASSESSOR III; 40:00;01/10/2023;CARGO COMISSION.S/VINCULO;3191,80;;3191,80;327,46;2864,34;
ZELIA MACHADO RIBEIRO FILHA;NUCLEO DE ARQ.ADMINISTRATIVO;AUXILIAR TECNICO;; 30:00;01/03/2001;ESTATUTARIO;4080,01;;4080,01;638,64;3441,37;
