NOME;LOTACAO;CARGO;FUNCAO;VINCULO;REMUNERACAO LEGAL TOTAL(R$);DESC.TETO(R$); REMUNERACAO LEGAL DEVIDA(R$);DESCONTOS LEGAIS(R$);LIQUIDO DISPONIVEL(R$);
ADRIANA ANDRADE DA SILVA;UNIDADES DESCENTRAL.EDUC.PROF.;GERENTE;GERENTE; CARGO COMISSION.S/VINCULO;4709,79;;4709,79;616,67;4093,12;
ADRIANA SOCORRO SIQUEIRA TEIXEIRA;UNIDADES DESCENTRAL.EDUC.PROF.;GERENTE ACADEMICO;GERENTE ACADEMICO AD; CARGO COMISSION.S/VINCULO;4709,79;;4709,79;667,14;4042,65;
ADRIAO CAVALCANTE ROCHA NETO;UNIDADES DESCENTRAL.EDUC.PROF.;ANALISTA TEC.EDUC.3A.CL-A.T.E-III;; ESTATUTARIO;5718,97;;5718,97;1046,14;4672,83;
ADRIELY OLIVEIRA PEREIRA;UNIDADES DESCENTRAL.EDUC.PROF.;ASS.TEC.EDUC.3A.CL-A.T.ED-III;SECRETARIO DE ESC.DE; ESTATUTARIO;5707,82;;5707,82;571,08;5136,74;
ADRIENE FERNANDA SILVA MONTEVERDE;DIRETORIA ACADEMICA;ASSESSOR III;ASSESSOR III; CARGO COMISSION.S/VINCULO;3691,80;;3691,80;387,46;3304,34;
AGRIPINO ABDON DE OLIVEIRA;UNIDADES DESCENTRAL.EDUC.PROF.;ASS.TEC.EDUC.3A.CL-A.T.ED-III;; ESTATUTARIO;3085,63;;3085,63;361,99;2723,64;
ALAN PEREIRA RAMOS;UNIDADES DESCENTRAL.EDUC.PROF.;GERENTE ACADEMICO;GERENTE ACADEMICO AD; CARGO COMISSION.S/VINCULO;4709,79;;4709,79;667,14;4042,65;
ALBERTO GOMES PINTO;NUCLEOS DE EDUC.PROFISSIONAL;GERENTE ACADEMICO;GERENTE ACADEMICO AD; CARGO COMISSION.S/VINCULO;4709,79;;4709,79;667,14;4042,65;
ALBERTO HORTA DE ARAUJO;DIRETORIA ACADEMICA;GERENTE ACADEMICO;GERENTE ACADEMICO AD; CARGO COMISSION.S/VINCULO;4709,79;;4709,79;645,11;4064,68;
ALCIMARA PINHEIRO ALBERTINO;NUCLEOS DE EDUC.PROFISSIONAL;GERENTE ACADEMICO;GERENTE ACADEMICO AD; CARGO COMISSION.S/VINCULO;4709,79;;4709,79;667,14;4042,65;
AMANDA ALECSANDRA MOTA R RODRIGUES;UNIDADES DESCENTRAL.EDUC.PROF.;ASS.TEC.EDUC.3A.CL-A.T.ED-III;; ESTATUTARIO;3085,63;;3085,63;361,99;2723,64;
AMILTON BEZERRA GADELHA;DIRETORIA DE REL.EMP.E INSTIT.;PROFESSOR PF20.ESP-III;DIRETOR DE REL.EMPRE; ESTATUTARIO;11472,34;;11472,34;2389,36;9082,98;
ANA CAROLINE SILVA DE CASTRO;DIRETORIA DE REL.EMP.E INSTIT.;ASSESSOR III;ASSESSOR III; CARGO COMISSION.S/VINCULO;3691,80;;3691,80;387,46;3304,34;
ANA JARINA DA ROCHA PEDROSA;DIRETORIA DE REL.EMP.E INSTIT.;ASSESSOR III;ASSESSOR III; CARGO COMISSION.S/VINCULO;3691,80;;3691,80;387,46;3304,34;
ANA NUBIA MENDES BARBOSA RODRIGUES;DIRETORIA ACADEMICA;COORDENADOR DE CURSO;COORDENADOR DE CURSO; CARGO COMISSION.S/VINCULO;5729,77;;5729,77;1011,72;4718,05;
ANA PAULA HADDAD NEVES;NUCLEOS DE EDUC.PROFISSIONAL;ANALISTA TEC.EDUC.3A.CL-A.T.E-III;; ESTATUTARIO;7052,30;;7052,30;1222,13;5830,17;
ANDERSON RAFAEL LIMA OLIVEIRA;UNIDADES DESCENTRAL.EDUC.PROF.;ASSESSOR III;ASSESSOR III; CARGO COMISSION.S/VINCULO;7383,60;;7383,60;1441,61;5941,99;
ANDRESSA DA SILVA MARRUCHE;UNIDADES DESCENTRAL.EDUC.PROF.;GERENTE ACADEMICO;GERENTE ACADEMICO AD; CARGO COMISSION.S/VINCULO;4709,79;;4709,79;645,11;4064,68;
ANELIANY DA SILVA LIMA;UNIDADES DESCENTRAL.EDUC.PROF.;GERENTE ACADEMICO;GERENTE ACADEMICO AD; CARGO COMISSION.S/VINCULO;4709,79;;4709,79;645,11;4064,68;
ANGELA MARIA GOMES SIMOES;NUCLEOS DE EDUC.PROFISSIONAL;GERENTE ACADEMICO;GERENTE ACADEMICO AD; CARGO COMISSION.S/VINCULO;4709,79;;4709,79;667,14;4042,65;
ANGELO MACIEL DE SOUZA;DIRETORIA ADM.FINANCEIRA;TEC.DE TECNOL.INF.3A.CL-T.T.I-III;; ESTATUTARIO;3085,63;;3085,63;361,99;2723,64;
ANTONIA MARIA FARIAS ABREU;NUCLEOS DE EDUC.PROFISSIONAL;COORDENADOR DE CURSO;COORDENADOR DE CURSO; CARGO COMISSION.S/VINCULO;5729,77;;5729,77;1011,72;4718,05;
ANTONIO BRIGIDO DA SILVA;UNIDADES DESCENTRAL.EDUC.PROF.;PROFESSOR PF20.ESP-III;GERENTE ACADEMICO AD; ESTATUTARIO;7429,78;;7429,78;1285,70;6144,08;
ANTONIO MARCELINO MARQUES DA COSTA;DIRETORIA ACADEMICA;COORDENADOR DE CURSO;COORDENADOR DE CURSO; CARGO COMISSION.S/VINCULO;5729,77;;5729,77;1011,72;4718,05;
ANTONIO MARCOS DE SOUZA CASTRO;GABINETE DO DIRETOR GERAL;ASSESSOR II;ASSESSOR II; CARGO COMISSION.S/VINCULO;4709,79;;4709,79;588,23;4121,56;
ANTONIO SOARES DA SILVA FILHO;DIRETORIA ADM.FINANCEIRA;AUX.S.G-III;; ESTATUTARIO;3255,69;;3255,69;224,81;3030,88;
ARACY MARTINS DE ARAUJO;DIRETORIA ADM.FINANCEIRA;GERENTE;; CARGO COMISSION.S/VINCULO;4709,79;;4709,79;667,14;4042,65;
ARAMIS DA CRUZ NORONHA;DIRETORIA ACADEMICA;ANALISTA TEC.EDUC.3A.CL-A.T.E-III;; ESTATUTARIO;5718,97;;5718,97;1003,48;4715,49;
ARIADNE MARIA BOH DOS SANTOS;UNIDADES DESCENTRAL.EDUC.PROF.;PEDAGOGO C3 ED-ESP-III;ASSESSOR I; ESTATUTARIO;8372,34;;8372,34;1536,86;6835,48;
ARIANA GRIJO DA SILVA AGRA;DIRETORIA ACADEMICA;ANALISTA TEC.EDUC.3A.CL-A.T.E-III;; ESTATUTARIO;5718,97;;5718,97;1088,80;4630,17;
ARLENE SILVA OLIVEIRA BONFIM;UNIDADES DESCENTRAL.EDUC.PROF.;DIRETOR DE ESC.DE EDUC.PROFISS.;NAO INFORMADO; CARGO COMISSION.S/VINCULO;5729,77;;5729,77;1011,72;4718,05;
ARLINDO DA SILVA VIEIRA;DIRETORIA ACADEMICA;ASSESSOR III;ASSESSOR III; CARGO COMISSION.S/VINCULO;3691,80;;3691,80;387,46;3304,34;
AUCIRLETE AVELINO FERREIRA CRISPIM;DIRETORIA ACADEMICA;COORDENADOR DE CURSO;COORDENADOR DE CURSO; CARGO COMISSION.S/VINCULO;5729,77;;5729,77;1011,72;4718,05;
AUGUSTO RANIERE DE SOUSA TORRES;UNIDADES DESCENTRAL.EDUC.PROF.;ASS.TEC.EDUC.3A.CL-A.T.ED-III;; ESTATUTARIO;3085,63;;3085,63;361,99;2723,64;
AVAIA NUNES MAGALHAES;UNIDADES DESCENTRAL.EDUC.PROF.;PROFESSOR PF20.ESP-III;GERENTE ACADEMICO AD; ESTATUTARIO;7624,35;;7624,35;1366,45;6257,90;
BELC MELRILIN TORRES CALHEIRO BRAGA;UNIDADES DESCENTRAL.EDUC.PROF.;GERENTE ACADEMICO;GERENTE ACADEMICO AD; ESTATUTARIO;9252,79;;9252,79;1701,70;7551,09;
BRUNA GAMA FERNANDES;UNIDADES DESCENTRAL.EDUC.PROF.;ASSESSOR IV;ASSESSOR IV; CARGO COMISSION.S/VINCULO;3075,61;;3075,61;272,12;2803,49;
CARLA LETICIA NUNES GRANETTO;NUCLEOS DE EDUC.PROFISSIONAL;ASSESSOR III;ASSESSOR III; CARGO COMISSION.S/VINCULO;3691,80;;3691,80;387,46;3304,34;
CARLOS AUGUSTO AQUINO NEGREIROS;DIRETORIA ACADEMICA;ANALISTA TEC.EDUC.3A.CL-A.T.E-III;; ESTATUTARIO;5718,97;;5718,97;1088,80;4630,17;
CARMO GONCALVES DA COSTA;DIRETORIA ADM.FINANCEIRA;VIGIA-III;; ESTATUTARIO;2551,23;;2551,23;216,31;2334,92;
CASSIO COUTINHO DE SOUZA;DIRETORIA ACADEMICA;GERENTE ACADEMICO;GERENTE ACADEMICO AD; CARGO COMISSION.S/VINCULO;4709,79;;4709,79;667,14;4042,65;
CINTYA BARREIRO COLARES;UNIDADES DESCENTRAL.EDUC.PROF.;GERENTE ACADEMICO;GERENTE ACADEMICO AD; CARGO COMISSION.S/VINCULO;4709,79;;4709,79;667,14;4042,65;
CLAUDENILSA SANTOS DE O MENDONCA;UNIDADES DESCENTRAL.EDUC.PROF.;ANALISTA TEC.EDUC.3A.CL-A.T.E-III;; ESTATUTARIO;5718,97;;5718,97;1088,80;4630,17;
CLEIDE MONTEIRO PORTO;GABINETE DO DIRETOR GERAL;ASSESSOR I;NAO INFORMADO; CARGO COMISSION.S/VINCULO;5729,77;;5729,77;1011,72;4718,05;
CLEUDILON DE SOUZA SILVEIRA;ASSESSORIA;ASSESSOR II;NAO INFORMADO; CARGO COMISSION.S/VINCULO;4709,79;;4709,79;667,14;4042,65;
CLEUZENIR MELO NUNES;UNIDADES DESCENTRAL.EDUC.PROF.;GERENTE ACADEMICO;GERENTE ACADEMICO AD; CARGO COMISSION.S/VINCULO;6113,05;;6113,05;1152,88;4960,17;
CLOVIS BATISTA MAIA;UNIDADES DESCENTRAL.EDUC.PROF.;GERENTE ACADEMICO;GERENTE ACADEMICO AD; CARGO COMISSION.S/VINCULO;4709,79;;4709,79;667,14;4042,65;
CRISTIANY DE CASTRO LIMA;UNIDADES DESCENTRAL.EDUC.PROF.;GERENTE ACADEMICO;GERENTE ACADEMICO AD; CARGO COMISSION.S/VINCULO;4709,79;;4709,79;667,14;4042,65;
CRISTINA DE JESUS NAZARE ARAUJO;DIRETORIA ADM.FINANCEIRA;GERENTE;GERENTE; CARGO COMISSION.S/VINCULO;4709,79;;4709,79;667,14;4042,65;
DANIEL LUCAS DE MATOS CARVALHO;DIRETORIA ACADEMICA;ASSESSOR III;ASSESSOR III; CARGO COMISSION.S/VINCULO;3691,80;;3691,80;387,46;3304,34;
DANIELLY CHAGAS DA SILVA;UNIDADES DESCENTRAL.EDUC.PROF.;DIRETOR DE ESC.DE EDUC.PROFISS.;DIRETOR DE ESC.DE ED; CARGO COMISSION.S/VINCULO;5729,77;;5729,77;1011,72;4718,05;
DARCY PEREIRA LIMA;DIRETORIA ADM.FINANCEIRA;AGENTE ADMINISTRATIVO A - N.B.;; ESTATUTARIO;4313,28;;4313,28;488,05;3825,23;
DAVI DOS SANTOS ALMEIDA;DIRETORIA ACADEMICA;ASSESSOR IV;; CARGO COMISSION.S/VINCULO;2003,24;;2003,24;;2003,24;
DEBORAH LOPES TAVARES;DIRETORIA ACADEMICA;COORDENADOR DE CURSO;COORDENADOR DE CURSO; CARGO COMISSION.S/VINCULO;5729,77;;5729,77;969,06;4760,71;
DECIO CURY GROHS;UNIDADES DESCENTRAL.EDUC.PROF.;GERENTE ACADEMICO;GERENTE ACADEMICO AD; CARGO COMISSION.S/VINCULO;4709,79;;4709,79;667,14;4042,65;
DIAMANTINO OLIVEIRA DE A JUNIOR;GABINETE DO DIRETOR GERAL;GERENTE;GERENTE; CARGO COMISSION.S/VINCULO;4709,79;;4709,79;667,14;4042,65;
DINORAH NASCIMENTO GOMES;DIRETORIA ACADEMICA;ASSESSOR III;; CARGO COMISSION.S/VINCULO;2482,51;;2482,51;;2482,51;
DION EZEQUIEL VIEIRA DE LIMA;UNIDADES DESCENTRAL.EDUC.PROF.;TEC.DE TECNOL.INF.3A.CL-T.T.I-III;; ESTATUTARIO;3085,63;;3085,63;361,99;2723,64;
EDILSON RAMOS DOS SANTOS;UNIDADES DESCENTRAL.EDUC.PROF.;SECRETARIO DE ESC.DE EDUC.PROF.;SEC.DE ESC.ED.PROFIS; CARGO COMISSION.S/VINCULO;4709,79;;4709,79;667,14;4042,65;
EDINELZA SANTOS DE ALBUQUERQUE;DIRETORIA ACADEMICA;ASSESSOR II;; CARGO COMISSION.S/VINCULO;7367,12;;7367,12;2104,89;5262,23;
EDMUNDO ALVES DE LIMA JUNIOR;DIRETORIA ADM.FINANCEIRA;ASSESSOR III;ASSESSOR III; CARGO COMISSION.S/VINCULO;3691,80;;3691,80;387,46;3304,34;
EDVAN SERRAO DOS SANTOS;UNIDADES DESCENTRAL.EDUC.PROF.;GERENTE ACADEMICO;GERENTE ACADEMICO AD; CARGO COMISSION.S/VINCULO;4709,79;;4709,79;645,11;4064,68;
ELIDA CAMPOS CUNHA;DIRETORIA DE REL.EMP.E INSTIT.;ANALISTA TEC.EDUC.3A.CL-A.T.E-III;; ESTATUTARIO;5718,97;;5718,97;1088,80;4630,17;
ELIZABETH CARDOSO BATISTA NETA;DIRETORIA ACADEMICA;DIRETOR DE ESC.DE EDUC.PROFISS.;DIRETOR DE ESC.DE ED; CARGO COMISSION.S/VINCULO;5729,77;;5729,77;1011,72;4718,05;
ELIZANGELA ROLIM FONSECA;UNIDADES DESCENTRAL.EDUC.PROF.;GERENTE ACADEMICO;GERENTE ACADEMICO AD; CARGO COMISSION.S/VINCULO;4709,79;;4709,79;667,14;4042,65;
ELLEN THAIS DA SILVA AZEVEDO;DIRETORIA ACADEMICA;ANALISTA TEC.EDUC.3A.CL-A.T.E-III;COORDENADOR DE CURSO; ESTATUTARIO;7192,63;;7192,63;1047,28;6145,35;
ENYSSON ALC NTARA BARROSO;PROCURADORIA;PROCURADOR CHEFE;NAO INFORMADO; CARGO COMISSION.S/VINCULO;5729,77;;5729,77;1011,72;4718,05;
ERIK SILVA DO NASCIMENTO;DIRETORIA DE REL.EMP.INSTITUC.;ASS.TEC.EDUC.3A.CL-A.T.ED-III;; ESTATUTARIO;3085,63;;3085,63;361,99;2723,64;
ERIKA MARIA NOGUEIRA DA SILVA;DIRETORIA ACADEMICA;ASSESSOR II;; CARGO COMISSION.S/VINCULO;4709,79;;4709,79;616,67;4093,12;
ERIVAN DA SILVA ENEDINO;UNIDADES DESCENTRAL.EDUC.PROF.;GERENTE ACADEMICO;GERENTE ACADEMICO AD; CARGO COMISSION.S/VINCULO;4709,79;;4709,79;667,14;4042,65;
ERNO PAULO PORN;UNIDADES DESCENTRAL.EDUC.PROF.;TEC.DE TECNOL.INF.3A.CL-T.T.I-III;; ESTATUTARIO;3085,63;;3085,63;361,99;2723,64;
EVELLYN KAROLLYNE PESSOA GOMES;DIRETORIA ACADEMICA;COORDENADOR DE CURSO;COORDENADOR DE CURSO; CARGO COMISSION.S/VINCULO;5729,77;;5729,77;1011,72;4718,05;
FABIANA MALVEIRA SOBRINHO;UNIDADES DESCENTRAL.EDUC.PROF.;GERENTE;GERENTE; CARGO COMISSION.S/VINCULO;4709,79;;4709,79;667,14;4042,65;
FABIANA SILVA OLIVEIRA;NUCLEOS DE EDUC.PROFISSIONAL;GERENTE ACADEMICO;GERENTE ACADEMICO AD; CARGO COMISSION.S/VINCULO;4709,79;;4709,79;667,14;4042,65;
FABIENE DA SILVA PACHECO;NUCLEOS DE EDUC.PROFISSIONAL;GERENTE ACADEMICO;GERENTE ACADEMICO AD; CARGO COMISSION.S/VINCULO;4709,79;;4709,79;667,14;4042,65;
FABIO BENTES LEONEL;DIRETORIA ACADEMICA;COORDENADOR DE CURSO;COORDENADOR DE CURSO; CARGO COMISSION.S/VINCULO;5729,77;;5729,77;1011,72;4718,05;
FABIO HENRIQUE DOS S ALBUQUERQUE;GABINETE DO DIRETOR GERAL;DIRETOR PRESIDENTE;DIRETOR PRESIDENTE; CARGO COMISSION.S/VINCULO;12200,00;;12200,00;2968,33;9231,67;
FELIPE DOS SANTOS DE SOUZA;DIRETORIA ADM.FINANCEIRA;ASS.TEC.EDUC.3A.CL-A.T.ED-III;; ESTATUTARIO;3085,63;;3085,63;361,99;2723,64;
FRANCIANE LIMA DE OLIVEIRA;DIRETORIA DE REL.EMP.E INSTIT.;ASSESSOR III;ASSESSOR III; CARGO COMISSION.S/VINCULO;3691,80;;3691,80;387,46;3304,34;
FRANCIANE LIMA DE OLIVEIRA;DIRETORIA ACADEMICA;DIRETOR DE ESC.DE EDUC.PROFISS.;; CARGO COMISSION.S/VINCULO;4067,59;;4067,59;174,31;3893,28;
FRANCISCA CRISTIANE M FERREIRA;NUCLEOS DE EDUC.PROFISSIONAL;GERENTE ACADEMICO;GERENTE ACADEMICO AD; CARGO COMISSION.S/VINCULO;4709,79;;4709,79;667,14;4042,65;
FRANCISCO CARLOS MARTINS DE LIMA;UNIDADES DESCENTRAL.EDUC.PROF.;ASSISTENTE TECNICO PNM.ANM-I;; ESTATUTARIO;2252,62;;2252,62;245,37;2007,25;
FRANCISCO COSMO DA SILVA DOMINGOS;NUCLEOS DE EDUC.PROFISSIONAL;GERENTE ACADEMICO;GERENTE ACADEMICO AD; ESTATUTARIO;6404,91;;6404,91;1067,88;5337,03;
FRANCISCO QUEIROZ MENEZES;UNIDADES DESCENTRAL.EDUC.PROF.;GERENTE;GERENTE; CARGO COMISSION.S/VINCULO;4709,79;;4709,79;588,23;4121,56;
FRANKLENO FERREIRA DA ENCARNACAO;DIRETORIA ACADEMICA;ANALISTA TEC.EDUC.3A.CL-A.T.E-III;COORDENADOR DE CURSO; ESTATUTARIO;7192,63;;7192,63;1047,28;6145,35;
GABRIEL FEITOZA PONTES;UNIDADES DESCENTRAL.EDUC.PROF.;ASSESSOR IV;; CARGO COMISSION.S/VINCULO;2003,24;;2003,24;85,84;1917,40;
GABRIELA OLIVEIRA DE MENDONCA;DIRETORIA ACADEMICA;ASSESSOR III;ASSESSOR III; CARGO COMISSION.S/VINCULO;3691,80;;3691,80;387,46;3304,34;
GEORGIANE LEAL BARROSO;UNIDADES DESCENTRAL.EDUC.PROF.;DIRETOR DE ESC.DE EDUC.PROFISS.;NAO INFORMADO; CARGO COMISSION.S/VINCULO;7473,03;;7473,03;1664,92;5808,11;
GERMAN ROJAS HERRERA;ASSESSORIA;GERENTE;GERENTE; CARGO COMISSION.S/VINCULO;4709,79;;4709,79;667,14;4042,65;
GERSON BARROS PEREIRA;DIRETORIA ACADEMICA;ASSESSOR III;ASSESSOR III; CARGO COMISSION.S/VINCULO;3691,80;;3691,80;387,46;3304,34;
GESSIANE GOMES DE SOUZA GASPAR;NUCLEOS DE EDUC.PROFISSIONAL;SECRETARIO DE ESC.DE EDUC.PROF.;SECRETARIO DE ESC.DE; CARGO COMISSION.S/VINCULO;4709,79;;4709,79;667,14;4042,65;
GILMARA CABRAL DOS SANTOS;UNIDADES DESCENTRAL.EDUC.PROF.;GERENTE ACADEMICO;GERENTE ACADEMICO AD; CARGO COMISSION.S/VINCULO;6113,05;;6113,05;1152,88;4960,17;
GLAUCO BARROS E SILVA;DIRETORIA ACADEMICA;ANALISTA TEC.EDUC.3A.CL-A.T.E-III;; ESTATUTARIO;5718,97;;5718,97;1088,80;4630,17;
GRECIANE DE OLIVEIRA ROSSETTI;UNIDADES DESCENTRAL.EDUC.PROF.;ASS.TEC.EDUC.3A.CL-A.T.ED-III;COORDENADOR DE CURSO; ESTATUTARIO;6733,33;;6733,33;1049,57;5683,76;
GUILHERME SANTOS DE OLIVEIRA;UNIDADES DESCENTRAL.EDUC.PROF.;ASSESSOR IV;ASSESSOR IV; CARGO COMISSION.S/VINCULO;3075,61;;3075,61;272,12;2803,49;
GUIRLENE DA SILVA PINHEIRO;UNIDADES DESCENTRAL.EDUC.PROF.;GERENTE ACADEMICO;GERENTE ACADEMICO AD; CARGO COMISSION.S/VINCULO;4709,79;;4709,79;645,11;4064,68;
HALISSON WELLAME GRANA;UNIDADES DESCENTRAL.EDUC.PROF.;ASS.TEC.EDUC.3A.CL-A.T.ED-III;; ESTATUTARIO;3747,51;;3747,51;429,52;3317,99;
HEITOR ANDRADE GOMES DE SA;UNIDADES DESCENTRAL.EDUC.PROF.;ASSESSOR III;ASSESSOR III; CARGO COMISSION.S/VINCULO;7383,60;;7383,60;1493,75;5889,85;
HELAITON JOSIAS DE AZEVEDO BORBA;DIRETORIA ACADEMICA;INVEST.DE POL. 3A.CL. PC-INV-III;DIRETOR DE ESC.DE ED; ESTATUTARIO;5500,00;;5500,00;354,47;5145,53;
HELDER MARCOS SOUZA ARCE;DIRETORIA ACADEMICA;GERENTE;GERENTE; CARGO COMISSION.S/VINCULO;4709,79;;4709,79;588,23;4121,56;
HERALDO ANTONIO CORREA JUNIOR;PROCURADORIA;ASSESSOR I;ASSESSOR I; CARGO COMISSION.S/VINCULO;5729,77;;5729,77;926,41;4803,36;
HONORATO RODRIGUES NUNES;DIRETORIA ADM.FINANCEIRA;AUX.S.G-III;; ESTATUTARIO;2334,92;;2334,92;216,31;2118,61;
IRES ALVES DA SILVA;DIRETORIA ACADEMICA;COORDENADOR DE CURSO;; CARGO COMISSION.S/VINCULO;5729,77;;5729,77;1011,72;4718,05;
ITELVINA ANDREA DE SOUZA AYRES;UNIDADES DESCENTRAL.EDUC.PROF.;GERENTE ACADEMICO;GERENTE ACADEMICO AD; CARGO COMISSION.S/VINCULO;4709,79;;4709,79;667,14;4042,65;
IVANI FRANCISCO DE OLIVEIRA;NUCLEOS DE EDUC.PROFISSIONAL;ASS.TEC.EDUC.3A.CL-A.T.ED-III;; ESTATUTARIO;3085,63;;3085,63;361,99;2723,64;
JACQUELINE ROBERTO DA S SALDANHA;NUCLEOS DE EDUC.PROFISSIONAL;GERENTE ACADEMICO;GERENTE ACADEMICO AD; CARGO COMISSION.S/VINCULO;4709,79;;4709,79;667,14;4042,65;
JANDIRA FROTA MAGALHAES;NUCLEOS DE EDUC.PROFISSIONAL;SECRETARIO DE ESC.DE EDUC.PROF.;SECRETARIO DE ESC.DE; ESTATUTARIO;4500,00;;4500,00;248,27;4251,73;
JANE NEIRE SANTANA LIRA;UNIDADES DESCENTRAL.EDUC.PROF.;GERENTE ACADEMICO;GERENTE ACADEMICO AD; CARGO COMISSION.S/VINCULO;4709,79;;4709,79;667,14;4042,65;
JANNYNIE KELLY HATTA SCHNNYDER;DIRETORIA ACADEMICA;COORDENADOR DE CURSO;COORDENADOR DE CURSO; CARGO COMISSION.S/VINCULO;5729,77;;5729,77;1011,72;4718,05;
JEFESSON DA COSTA BRUCE;UNIDADES DESCENTRAL.EDUC.PROF.;GERENTE ACADEMICO;GERENTE ACADEMICO AD; CARGO COMISSION.S/VINCULO;4709,79;;4709,79;667,14;4042,65;
JESSICA SILVA DO NASCIMENTO;DIRETORIA ACADEMICA;SECRETARIO DE ESC.DE EDUC.PROF.;SECRETARIO DE ESC.DE; CARGO COMISSION.S/VINCULO;4709,79;;4709,79;667,14;4042,65;
JOAO DANTAS DE BRITO NETO;NUCLEOS DE EDUC.PROFISSIONAL;PROFESSOR PF20.LPL-IV;GERENTE ACADEMICO AD; ESTATUTARIO;7830,73;;7830,73;1452,09;6378,64;
JOAO KLEBER SERRAO DE FREITAS;UNIDADES DESCENTRAL.EDUC.PROF.;ANALISTA TEC.EDUC.3A.CL-A.T.E-III;DIRETOR DE ESC.DE ED; ESTATUTARIO;7192,63;;7192,63;1485,24;5707,39;
JOAO PAULO DE CASTRO LIMA;UNIDADES DESCENTRAL.EDUC.PROF.;GERENTE ACADEMICO;GERENTE ACADEMICO AD; CARGO COMISSION.S/VINCULO;4709,79;;4709,79;645,11;4064,68;
JOED BARBOSA MENDES;NUCLEOS DE EDUC.PROFISSIONAL;TEC.DE TECNOL.INF.3A.CL-T.T.I-III;; ESTATUTARIO;3085,63;;3085,63;361,99;2723,64;
JOELMA KEITH RODRIGUES;UNIDADES DESCENTRAL.EDUC.PROF.;ANALISTA TEC.EDUC.3A.CL-A.T.E-III;; ESTATUTARIO;5718,97;;5718,97;1088,80;4630,17;
JONAS TORRES CAMPELO FILHO;GABINETE DO DIRETOR GERAL;GERENTE DE PROJETOS;GERENTE DE PROJETOS; CARGO COMISSION.S/VINCULO;4709,79;;4709,79;667,14;4042,65;
JORGE SIQUEIRA CORREA;UNIDADES DESCENTRAL.EDUC.PROF.;GERENTE ACADEMICO;GERENTE ACADEMICO AD; ESTATUTARIO;9999,13;;9999,13;2019,51;7979,62;
JOSE AUGUSTO SOUSA DA SILVA;UNIDADES DESCENTRAL.EDUC.PROF.;ANALISTA TEC.EDUC.3A.CL-A.T.E-III;; ESTATUTARIO;6958,63;;6958,63;1558,39;5400,24;
JOSE FERREIRA DO NASCIMENTO;NUCLEOS DE EDUC.PROFISSIONAL;GERENTE ACADEMICO;GERENTE ACADEMICO AD; ESTATUTARIO;6086,04;;6086,04;780,39;5305,65;
JOSE GUEDES DA SILVA;UNIDADES DESCENTRAL.EDUC.PROF.;AUX.S.G-III;; ESTATUTARIO;2023,36;;2023,36;213,27;1810,09;
JOSE PAULO CLAUDINO DA SILVA;DIRETORIA DE REL.EMP.INSTITUC.;ANALISTA TEC.EDUC.3A.CL-A.T.E-III;; ESTATUTARIO;5718,97;;5718,97;960,83;4758,14;
JOSE PORTELA FRANCO;DIRETORIA ACADEMICA;GERENTE ACADEMICO;GERENTE ACADEMICO AD; CARGO COMISSION.S/VINCULO;4709,79;;4709,79;645,11;4064,68;
JOSE SEBASTIAO CARDOSO SILVA;DIRETORIA ADM.FINANCEIRA;MOT-III;; ESTATUTARIO;3194,92;;3194,92;216,31;2978,61;
JOSELMA BASTOS GONCALVES;UNIDADES DESCENTRAL.EDUC.PROF.;ASS.TEC.EDUC.3A.CL-A.T.ED-III;; ESTATUTARIO;3085,63;;3085,63;361,99;2723,64;
JOSIANE FONTES LOPES;DIRETORIA ACADEMICA;GERENTE ACADEMICO;GERENTE ACADEMICO AD; CARGO COMISSION.S/VINCULO;4709,79;;4709,79;645,11;4064,68;
JOSIANY DANTAS DA MOTA;DIRETORIA ACADEMICA;ANALISTA TEC.EDUC.3A.CL-A.T.E-III;; ESTATUTARIO;5718,97;;5718,97;1088,80;4630,17;
JUCICLEIA GUIMARAES DO NASCIMENTO;PROCURADORIA;ASSESSOR I;; CARGO COMISSION.S/VINCULO;11766,97;;11766,97;2680,25;9086,72;
JULIA MARIA FERNANDES MONTEIRO;NUCLEOS DE EDUC.PROFISSIONAL;GERENTE ACADEMICO;GERENTE ACADEMICO AD; CARGO COMISSION.S/VINCULO;4709,79;;4709,79;667,14;4042,65;
JUSSARA NEGREIROS FERREIRA;UNIDADES DESCENTRAL.EDUC.PROF.;GERENTE ACADEMICO;GERENTE ACADEMICO AD; CARGO COMISSION.S/VINCULO;4709,79;;4709,79;645,11;4064,68;
KAMILLA DA SILVA PICANCO;UNIDADES DESCENTRAL.EDUC.PROF.;DIRETOR DE ESC.DE EDUC.PROFISS.;DIRETOR DE ESC.DE ED; CARGO COMISSION.S/VINCULO;5729,77;;5729,77;1011,72;4718,05;
KAREM MARINS DA SILVA;UNIDADES DESCENTRAL.EDUC.PROF.;GERENTE DE PROJETOS;GERENTE DE PROJETOS; CARGO COMISSION.S/VINCULO;9419,58;;9419,58;2066,21;7353,37;
KATIUCHA DE CASTRO NIGRO;DIRETORIA DE REL.EMP.E INSTIT.;ANALISTA TEC.EDUC.3A.CL-A.T.E-III;; ESTATUTARIO;6958,63;;6958,63;1558,39;5400,24;
KEDLA SIMONE DOS SANTOS NASCIMENTO;DIRETORIA ACADEMICA;DIRETOR DE ESC.DE EDUC.PROFISS.;DIRETOR DE ESC.DE ED; CARGO COMISSION.S/VINCULO;5729,77;;5729,77;969,06;4760,71;
KELLEN BARBOSA;UNIDADES DESCENTRAL.EDUC.PROF.;SECRETARIO DE ESC.DE EDUC.PROF.;; CARGO COMISSION.S/VINCULO;4709,79;;4709,79;667,14;4042,65;
KELLY CRISTINA SATO DA SILVA;UNIDADES DESCENTRAL.EDUC.PROF.;GERENTE ACADEMICO;GERENTE ACADEMICO AD; CARGO COMISSION.S/VINCULO;4709,79;;4709,79;667,14;4042,65;
KENNEDY JACAUNA DE AZEVEDO;GABINETE DO DIRETOR GERAL;GERENTE DE PROJETOS;GERENTE DE PROJETOS; CARGO COMISSION.S/VINCULO;9419,58;;9419,58;1961,94;7457,64;
KEVEN WILLIAM ASSUNCAO FERREIRA;DIRETORIA ACADEMICA;ASSESSOR III;ASSESSOR III; CARGO COMISSION.S/VINCULO;3691,80;;3691,80;387,46;3304,34;
KINDREULLY RALINY SILVA DE SOUZA;GABINETE DO DIRETOR GERAL;ASS.TEC.EDUC.3A.CL-A.T.ED-III;ASSIST.TEC.3CLASSE; ESTATUTARIO;3085,63;;3085,63;361,99;2723,64;
LABY SMELK LOPES DA SILVA;UNIDADES DESCENTRAL.EDUC.PROF.;DIRETOR DE ESC.DE EDUC.PROFISS.;DIRETOR DE ESC.DE ED; CARGO COMISSION.S/VINCULO;11459,54;;11459,54;2522,93;8936,61;
LARYSSA SOUZA NORONHA;UNIDADES DESCENTRAL.EDUC.PROF.;ASS.TEC.EDUC.3A.CL-A.T.ED-III;; ESTATUTARIO;4984,51;;4984,51;1564,30;3420,21;
LAURA JANE RODRIGUES AGUILA;ASSESSORIA;ASSESSOR II;ASSESSOR II; CARGO COMISSION.S/VINCULO;4709,79;;4709,79;667,14;4042,65;
LEANDRO MADY DA SILVA;DIRETORIA ADM.FINANCEIRA;ASS.TEC.EDUC.3A.CL-A.T.ED-III;; ESTATUTARIO;3085,63;;3085,63;361,99;2723,64;
LEONILSON TAVARES DE MELO;NUCLEOS DE EDUC.PROFISSIONAL;GERENTE ACADEMICO;GERENTE ACADEMICO AD; CARGO COMISSION.S/VINCULO;6113,05;;6113,05;1152,88;4960,17;
LETICIA VARGAS FERNANDES;GABINETE DO DIRETOR GERAL;ASSESSOR III;ASSESSOR III; CARGO COMISSION.S/VINCULO;3691,80;;3691,80;387,46;3304,34;
LIDIANE TAMIRES PANTOJA DA SILVA;DIRETORIA ADM.FINANCEIRA;ASS.TEC.EDUC.3A.CL-A.T.ED-III;; ESTATUTARIO;3085,63;;3085,63;361,99;2723,64;
LILIAN RAFAELLE DOS SANTOS SANTOS;NUCLEOS DE EDUC.PROFISSIONAL;PROFESSOR PF40.LPL-IV;DIRETOR DE ESC.DE ED; ESTATUTARIO;10629,16;;10629,16;2421,17;8207,99;
LILIANE SOUZA DA PAIXAO;COMISSAO PERMAN.DE CONCURSOS;ASSESSOR II;ASSESSOR II; CARGO COMISSION.S/VINCULO;4709,79;;4709,79;667,14;4042,65;
LIVIA GISELA NASCIMENTO DA CUNHA;DIRETORIA ADM.FINANCEIRA;ANALISTA TEC.EDUC.3A.CL-A.T.E-III;; ESTATUTARIO;5718,97;;5718,97;1088,80;4630,17;
LORENA DE SOUZA RIBEIRO GATTO;DIRETORIA ADM.FINANCEIRA;ASSESSOR III;ASSESSOR III; CARGO COMISSION.S/VINCULO;3691,80;;3691,80;387,46;3304,34;
LUANA SILVA DE SOUZA;GABINETE DO DIRETOR GERAL;ASSESSOR I;ASSESSOR I; CARGO COMISSION.S/VINCULO;11459,54;;11459,54;2627,20;8832,34;
LUCIANA BARROSO ALMEIDA;DIRETORIA ADM.FINANCEIRA;ASS.TEC.EDUC.3A.CL-A.T.ED-III;; ESTATUTARIO;3085,63;;3085,63;361,99;2723,64;
LUCIANA EVANGELISTA T L ALBUQUERQUE;DIRETORIA ACADEMICA;ASSESSOR I;ASSESSOR I; CARGO COMISSION.S/VINCULO;5729,77;;5729,77;926,41;4803,36;
LUCICLEIA OLIVEIRA DE SOUSA;UNIDADES DESCENTRAL.EDUC.PROF.;ANALISTA TEC.EDUC.3A.CL-A.T.E-III;COORDENADOR DE CURSO; ESTATUTARIO;7192,63;;7192,63;810,31;6382,32;
LUIS VANDERLEY NASCIMENTO SILVA;UNIDADES DESCENTRAL.EDUC.PROF.;PROFESSOR PF20.ESP-III;GERENTE ACADEMICO AD; ESTATUTARIO;7686,82;;7686,82;1392,37;6294,45;
LUIZ ANDRE CANTO PANTOJA;DIRETORIA ACADEMICA;ASS.TEC.EDUC.3A.CL-A.T.ED-III;; ESTATUTARIO;3085,63;;3085,63;361,99;2723,64;
LUIZ DE MOURA FERREIRA;NUCLEOS DE EDUC.PROFISSIONAL;GERENTE ACADEMICO;GERENTE ACADEMICO AD; CARGO COMISSION.S/VINCULO;6113,05;;6113,05;865,80;5247,25;
LUSSANDRA MIRELLI DE MELO PINTO;DIRETORIA ACADEMICA;DIRETOR ACADEMICO;DIRETOR ACADEMICO; CARGO COMISSION.S/VINCULO;9500,00;;9500,00;2225,83;7274,17;
MAIZA MENEZES DE MENDONCA;NUCLEOS DE EDUC.PROFISSIONAL;ASSESSOR III;ASSESSOR III; CARGO COMISSION.S/VINCULO;3691,80;;3691,80;387,46;3304,34;
MANOEL DOS SANTOS VIEIRA;UNIDADES DESCENTRAL.EDUC.PROF.;AUXILIAR DE SERVICOS GERAIS;; ESTATUTARIO;2088,24;;2088,24;213,27;1874,97;
MARCELLA CAROLINA ROCHA COLARES;PROCURADORIA;ASSESSOR I;; CARGO COMISSION.S/VINCULO;2033,79;;2033,79;174,31;1859,48;
MARCELO AUGUSTO MARTINS LEMOS;DIRETORIA ADM.FINANCEIRA;ASSESSOR III;ASSESSOR III; CARGO COMISSION.S/VINCULO;3691,80;;3691,80;387,46;3304,34;
MARCIA FERNANDA IZIDORIO GOMES;DIRETORIA ACADEMICA;PROFESSOR;PROFESSOR; ESTATUTARIO;4032,00;;4032,00;152,84;3879,16;
MARCIA TORRES DA SILVA;DIRETORIA ADM.FINANCEIRA;GERENTE;GERENTE; CARGO COMISSION.S/VINCULO;4709,79;;4709,79;667,14;4042,65;
MARCOS EVANDRO LEON LEITE;UNIDADES DESCENTRAL.EDUC.PROF.;AUX.S.G-III;; ESTATUTARIO;2871,24;;2871,24;213,27;2657,97;
MARIA CRISTINA SOUZA DA S BARROSO;NUCLEOS DE EDUC.PROFISSIONAL;ASSESSOR II;ASSESSOR II; CARGO COMISSION.S/VINCULO;4552,78;;4552,78;576,94;3975,84;
MARIA DA CONCEICAO DAVILA TOMAZ;DIRETORIA ADM.FINANCEIRA;ASSESSOR IV;NAO INFORMADO; CARGO COMISSION.S/VINCULO;3075,61;;3075,61;272,12;2803,49;
MARIA DE JESUS SILVA SANTOS;DIRETORIA ACADEMICA;ASSESSOR II;ASSESSOR II; CARGO COMISSION.S/VINCULO;4709,79;;4709,79;667,14;4042,65;
MARIA DE NAZARE LIMA DOS SANTOS;NUCLEOS DE EDUC.PROFISSIONAL;GERENTE ACADEMICO;GERENTE ACADEMICO AD; CARGO COMISSION.S/VINCULO;4709,79;;4709,79;667,14;4042,65;
MARIA DO PERPETUO S R CAVALCANTI;UNIDADES DESCENTRAL.EDUC.PROF.;ANALISTA TEC.EDUC.3A.CL-A.T.E-III;; ESTATUTARIO;5718,97;;5718,97;1088,80;4630,17;
MARIA EMILIA FREITAS DE SOUZA SILVA;DIRETORIA ADM.FINANCEIRA;A.OPE-III;COORDENADOR DE CURSO; ESTATUTARIO;6529,18;;6529,18;878,58;5650,60;
MARIA GABRIELLY DE MELO MUNIZ;DIRETORIA ACADEMICA;ASSESSOR III;ASSESSOR III; CARGO COMISSION.S/VINCULO;3691,80;;3691,80;387,46;3304,34;
MARIA HILDECY FREIRE DA SILVA;GABINETE DO DIRETOR GERAL;ASSESSOR II;ASSESSOR II; CARGO COMISSION.S/VINCULO;4709,79;;4709,79;667,14;4042,65;
MARIA LUANA VASCONCELOS DA SILVA;UNIDADES DESCENTRAL.EDUC.PROF.;SECRETARIO DE ESC.DE EDUC.PROF.;SECRETARIO DE ESC.DE; CARGO COMISSION.S/VINCULO;4709,79;;4709,79;667,14;4042,65;
MARIA LUCIMAR JACINTO DE SOUSA;UNIDADES DESCENTRAL.EDUC.PROF.;PROFESSOR PF20.MSC-II;DIRETOR DE ESC.DE ED; ESTATUTARIO;10352,07;;10352,07;2316,84;8035,23;
MARIA OLINDA SAMPAIO SALDANHA;DIRETORIA ADM.FINANCEIRA;AUX.S.G-III;; ESTATUTARIO;2334,92;;2334,92;216,31;2118,61;
MARIA ROGERIA DA SILVA MESQUITA;DIRETORIA ACADEMICA;ANALISTA TEC.EDUC.3A.CL-A.T.E-III;COORDENADOR DE CURSO; ESTATUTARIO;7192,63;;7192,63;1047,28;6145,35;
MARIA SOLANGE MESQUITA;UNIDADES DESCENTRAL.EDUC.PROF.;GERENTE ACADEMICO;GERENTE ACADEMICO AD; CARGO COMISSION.S/VINCULO;4709,79;;4709,79;667,14;4042,65;
MARIA VERONICA CASTRO NETA;DIRETORIA ACADEMICA;GERENTE;GERENTE; CARGO COMISSION.S/VINCULO;4709,79;;4709,79;645,11;4064,68;
MARIA ZULEIDE FERREIRA;DIRETORIA ADM.FINANCEIRA;ASS.TEC.EDUC.3A.CL-A.T.ED-III;COORDENADOR DE CURSO; ESTATUTARIO;6752,97;;6752,97;1044,97;5708,00;
MARILIA JAQUES DA SILVA;NUCLEOS DE EDUC.PROFISSIONAL;GERENTE ACADEMICO;GERENTE ACADEMICO AD; CARGO COMISSION.S/VINCULO;4709,79;;4709,79;667,14;4042,65;
MARIO FERNANDO SILVA DE OLIVEIRA;NUCLEOS DE EDUC.PROFISSIONAL;GERENTE ACADEMICO;GERENTE ACADEMICO AD; CARGO COMISSION.S/VINCULO;4709,79;;4709,79;667,14;4042,65;
MARIQUINHA GOMES PONTES;NUCLEOS DE EDUC.PROFISSIONAL;GERENTE ACADEMICO;GERENTE ACADEMICO AD; CARGO COMISSION.S/VINCULO;4709,79;;4709,79;667,14;4042,65;
MARIZA GRACAS GUEDES;UNIDADES DESCENTRAL.EDUC.PROF.;PROFESSOR PF20.LPL-IV;GERENTE ACADEMICO AD; ESTATUTARIO;9252,79;;9252,79;1735,90;7516,89;
MARLETE LOPES CORREA;COMISSAO PERMAN.DE CONCURSOS;ANALISTA TEC.EDUC.3A.CL-A.T.E-III;; ESTATUTARIO;12232,63;;12232,63;3302,98;8929,65;
MARYJANE DE SOUZA FARIAS;DIRETORIA ACADEMICA;GERENTE ACADEMICO;GERENTE ACADEMICO AD; CARGO COMISSION.S/VINCULO;4709,79;;4709,79;645,11;4064,68;
MATEUS BARROS VERAS DA SILVA;NUCLEOS DE EDUC.PROFISSIONAL;ASSESSOR III;ASSESSOR III; CARGO COMISSION.S/VINCULO;3691,80;;3691,80;387,46;3304,34;
MAURO DE LIMA NUNES;DIRETORIA ACADEMICA;COORDENADOR DE CURSO;COORDENADOR DE CURSO; CARGO COMISSION.S/VINCULO;5729,77;;5729,77;969,06;4760,71;
MERNIQUE ALMEIDA DA SILVA;UNIDADES DESCENTRAL.EDUC.PROF.;AUXILIAR DE SERVICOS GERAIS;; ESTATUTARIO;2088,24;;2088,24;213,27;1874,97;
MICHEL MONTEIRO DE SOUZA;ASSESSORIA;ASS.TEC.EDUC.3A.CL-A.T.ED-III;GERENTE; ESTATUTARIO;7443,76;;7443,76;1241,36;6202,40;
MIGUEL GERALDO LIMA DA CUNHA;UNIDADES DESCENTRAL.EDUC.PROF.;ASS.TEC.EDUC.3A.CL-A.T.ED-III;SECRETARIO DE ESC.DE; ESTATUTARIO;5707,82;;5707,82;571,08;5136,74;
MISMA DE OLIVEIRA CARDOSO;UNIDADES DESCENTRAL.EDUC.PROF.;PROFESSOR PF20.ESP-III;GERENTE ACADEMICO AD; ESTATUTARIO;7372,34;;7372,34;1261,86;6110,48;
NANCI HELENA BACH MOREIRA;UNIDADES DESCENTRAL.EDUC.PROF.;ANALISTA TEC.EDUC.3A.CL-A.T.E-III;; ESTATUTARIO;5718,97;;5718,97;1088,80;4630,17;
NATAN GABRIEL RUZO DE MORAES;DIRETORIA ADM.FINANCEIRA;ASSESSOR III;ASSESSOR III; CARGO COMISSION.S/VINCULO;3691,80;;3691,80;387,46;3304,34;
NICOLAS SAMPAIO BEVILAQUA;DIRETORIA DE REL.EMP.INSTITUC.;ASS.TEC.EDUC.3A.CL-A.T.ED-III;; ESTATUTARIO;4085,63;;4085,63;461,99;3623,64;
NILSON DE OLIVEIRA COSTA FILHO;ASSESSORIA;ASSISTENTE TECNICO PNM.ANM-III;; ESTATUTARIO;1000,00;;1000,00;100,00;900,00;
NIVEA DE MORAES PONTES;UNIDADES DESCENTRAL.EDUC.PROF.;SECRETARIO DE ESC.DE EDUC.PROF.;SECRETARIO DE ESC.DE; CARGO COMISSION.S/VINCULO;4709,79;;4709,79;667,14;4042,65;
NUBIA SILVA CAVALCANTE E SOUZA;DIRETORIA DE REL.EMP.E INSTIT.;ASSESSOR II;ASSESSOR II; CARGO COMISSION.S/VINCULO;4709,79;;4709,79;667,14;4042,65;
ODELANDIA RABELO SILVA;UNIDADES DESCENTRAL.EDUC.PROF.;ASS.TEC.EDUC.3A.CL-A.T.ED-III;; ESTATUTARIO;3085,63;;3085,63;361,99;2723,64;
ORLANDO MUNIZ DA SILVA;DIRETORIA ADM.FINANCEIRA;DIRETOR ADMINISTRATIVO E FINANCEIRO;DIRETOR ADMINISTRATI; CARGO COMISSION.S/VINCULO;9500,00;;9500,00;2225,83;7274,17;
OZENIRA ROCHA DE BARROS;GABINETE DO DIRETOR GERAL;PROFESSOR PF40.LPL-IV;CHEFE DE GABINETE; ESTATUTARIO;10731,75;;10731,75;2459,80;8271,95;
PALOMA ALBUQUERQUE GONÇALVES;PROCURADORIA;ASSESSOR II;ASSESSOR II; CARGO COMISSION.S/VINCULO;4709,79;;4709,79;667,14;4042,65;
PATRICIA CARVALHO CASTRO;UNIDADES DESCENTRAL.EDUC.PROF.;DIRETOR DE ESC.DE EDUC.PROFISS.;DIRETOR DE ESC.DE ED; CARGO COMISSION.S/VINCULO;5729,77;;5729,77;2896,05;2833,72;
PATRICIA DE ALMEIDA TAVARES ARAUJO;UNIDADES DESCENTRAL.EDUC.PROF.;ASSESSOR I;ASSESSOR I; CARGO COMISSION.S/VINCULO;4774,80;;4774,80;704,43;4070,37;
PAULO CESAR MOREIRA DE SOUZA;ASSESSORIA;ANALISTA TEC.EDUC.3A.CL-A.T.E-III;; ESTATUTARIO;5718,97;;5718,97;1003,48;4715,49;
PEDRO HENRIQUE DE SOUSA PINHEIRO;UNIDADES DESCENTRAL.EDUC.PROF.;SECRETARIO DE ESC.DE EDUC.PROF.;SECRETARIO DE ESC.DE; CARGO COMISSION.S/VINCULO;4709,79;;4709,79;667,14;4042,65;
PEDRO SANTAREM DE SOUZA;DIRETORIA ACADEMICA;ANALISTA TEC.EDUC.3A.CL-A.T.E-III;; ESTATUTARIO;5218,97;;5218,97;1088,80;4130,17;
PETYANNE TANNAR NEVES DE OLIVEIRA;UNIDADES DESCENTRAL.EDUC.PROF.;DIRETOR DE ESC.DE EDUC.PROFISS.;DIRETOR DE ESC.DE ED; CARGO COMISSION.S/VINCULO;5729,77;;5729,77;969,06;4760,71;
PRISCILA ROBERTA VIEIRA DE FREITAS;NUCLEOS DE EDUC.PROFISSIONAL;GERENTE ACADEMICO;GERENTE ACADEMICO AD; CARGO COMISSION.S/VINCULO;4709,79;;4709,79;667,14;4042,65;
RAFAEL DE ARAUJO MIRANDA;ASSESSORIA;ASS.TEC.EDUC.3A.CL-A.T.ED-III;; ESTATUTARIO;3085,63;;3085,63;361,99;2723,64;
RAFAELA SANTOS ROCHA;NUCLEOS DE EDUC.PROFISSIONAL;DIRETOR DE ESC.DE EDUC.PROFISS.;DIRETOR DE ESC.DE ED; CARGO COMISSION.S/VINCULO;11459,54;;11459,54;2627,20;8832,34;
RAIRA BEATRIZ QUEIROZ DUTRA;UNIDADES DESCENTRAL.EDUC.PROF.;ASSESSOR IV;ASSESSOR IV; CARGO COMISSION.S/VINCULO;3075,61;;3075,61;272,12;2803,49;
RAIZINARA DE OLIVEIRA ZURRA;UNIDADES DESCENTRAL.EDUC.PROF.;DIRETOR DE ESC.DE EDUC.PROFISS.;NAO INFORMADO; CARGO COMISSION.S/VINCULO;5729,77;;5729,77;1011,72;4718,05;
RALFA GOMES DE SOUZA;NUCLEOS DE EDUC.PROFISSIONAL;ANALISTA TEC.EDUC.3A.CL-A.T.E-III;; ESTATUTARIO;5718,97;;5718,97;1088,80;4630,17;
RAQUEL AGUIAR DA SILVA;DIRETORIA ACADEMICA;COORDENADOR DE CURSO;; CARGO COMISSION.S/VINCULO;5729,77;;5729,77;1011,72;4718,05;
REGIANE OLIVEIRA DA SILVA;DIRETORIA ADM.FINANCEIRA;ASSESSOR III;ASSESSOR III; CARGO COMISSION.S/VINCULO;3691,80;;3691,80;387,46;3304,34;
REGIOMARA LASMAR COSTA;UNIDADES DESCENTRAL.EDUC.PROF.;COORDENADOR DE CURSO;COORDENADOR DE CURSO; CARGO COMISSION.S/VINCULO;5729,77;;5729,77;1011,72;4718,05;
REINIER ALEX DE OLIVEIRA FREITAS;DIRETORIA ACADEMICA;ASSESSOR III;ASSESSOR III; CARGO COMISSION.S/VINCULO;3691,80;;3691,80;387,46;3304,34;
RELLINGTON CAVALCANTE MESQUITA;UNIDADES DESCENTRAL.EDUC.PROF.;AGENTE ADM.-AGA-T.S.N.A.-E;GERENTE ACADEMICO AD; ESTATUTARIO;5465,53;;5465,53;641,51;4824,02;
RENAN FELIPE RIBEIRO TEIXEIRA;DIRETORIA ACADEMICA;ASSESSOR III;; CARGO COMISSION.S/VINCULO;2482,51;;2482,51;;2482,51;
RENATA DE ARAUJO SENA;UNIDADES DESCENTRAL.EDUC.PROF.;ASSESSOR IV;ASSESSOR IV; CARGO COMISSION.S/VINCULO;2973,08;;2973,08;259,82;2713,26;
RENATA LIBORIO BRUCE;DIRETORIA ACADEMICA;ASS.TEC.EDUC.3A.CL-A.T.ED-III;; ESTATUTARIO;2464,32;;2464,32;275,00;2189,32;
RITA MARA MIRANDA GARCIA;ASSESSORIA;PROFESSOR PF20.ESP-III;ASSESSOR III; ESTATUTARIO;6734,70;;6734,70;1137,24;5597,46;
ROBERTA DA SILVA PINHEIRO;DIRETORIA ACADEMICA;GERENTE;GERENTE; CARGO COMISSION.S/VINCULO;4709,79;;4709,79;667,14;4042,65;
RODRIGO ALBERTO DE ABREU LIMA;PROCURADORIA;GERENTE;GERENTE; CARGO COMISSION.S/VINCULO;9419,58;;9419,58;4008,54;5411,04;
ROGERIO AGUIAR DE MOZZI;DIRETORIA ADM.FINANCEIRA;ASSESSOR II;ASSESSOR II; CARGO COMISSION.S/VINCULO;4709,79;;4709,79;667,14;4042,65;
ROSICLEUDO TEIXEIRA DOS SANTOS;UNIDADES DESCENTRAL.EDUC.PROF.;PROFESSOR PF40.ESP-III;GERENTE ACADEMICO AD; ESTATUTARIO;10244,64;;10244,64;2377,90;7866,74;
RUBEM PEREIRA BARBOSA;UNIDADES DESCENTRAL.EDUC.PROF.;DIRETOR DE ESC.DE EDUC.PROFISS.;NAO INFORMADO; CARGO COMISSION.S/VINCULO;5729,77;;5729,77;1011,72;4718,05;
SALATIEL DA ROCHA GOMES;UNIDADES DESCENTRAL.EDUC.PROF.;ANALISTA TEC.EDUC.3A.CL-A.T.E-III;GERENTE; ESTATUTARIO;6192,63;;6192,63;1158,10;5034,53;
SAMARA SARMENTO DA COSTA LIMA;UNIDADES DESCENTRAL.EDUC.PROF.;ASSESSOR III;NAO INFORMADO; CARGO COMISSION.S/VINCULO;3691,80;;3691,80;386,88;3304,92;
SANDRA AUXILIADORA DO ROSARIO;UNIDADES DESCENTRAL.EDUC.PROF.;GERENTE ACADEMICO;GERENTE ACADEMICO AD; CARGO COMISSION.S/VINCULO;4709,79;;4709,79;667,14;4042,65;
SHERMAN REIS CASTELO BRANCO;UNIDADES DESCENTRAL.EDUC.PROF.;GERENTE ACADEMICO;GERENTE ACADEMICO AD; CARGO COMISSION.S/VINCULO;4709,79;;4709,79;667,14;4042,65;
SHEYLIZANDRA OLIVEIRA XAVIER;DIRETORIA ACADEMICA;COORDENADOR DE CURSO;COORDENADOR DE CURSO; CARGO COMISSION.S/VINCULO;5729,77;;5729,77;1011,72;4718,05;
SIDILANDE PICANCO FERREIRA;DIRETORIA DE REL.EMP.E INSTIT.;ASSESSOR II;ASSESSOR II; CARGO COMISSION.S/VINCULO;4709,79;;4709,79;645,11;4064,68;
SONIA FERREIRA DA SILVA;COMISSAO PERMAN.DE CONCURSOS;PRESIDENTE COM.PERMAN.CONCUR.AD-1;; CARGO COMISSION.S/VINCULO;5729,77;;5729,77;1011,72;4718,05;
SUANY DE ARAUJO SARAIVA;NUCLEOS DE EDUC.PROFISSIONAL;GERENTE ACADEMICO;; ESTATUTARIO;10074,62;;10074,62;1935,31;8139,31;
SUZY PEREIRA DA SILVA;DIRETORIA ACADEMICA;GERENTE ACADEMICO;GERENTE ACADEMICO AD; CARGO COMISSION.S/VINCULO;4709,79;;4709,79;667,14;4042,65;
TAINA ABECASSIS TEIXEIRA;DIRETORIA DE REL.EMP.INSTITUC.;ANALISTA TEC.EDUC.3A.CL-A.T.E-III;; ESTATUTARIO;5718,97;;5718,97;1088,80;4630,17;
TAINAH BARBOSA NEPOMUCENO;NUCLEOS DE EDUC.PROFISSIONAL;ASS.TEC.EDUC.3A.CL-A.T.ED-III;; ESTATUTARIO;3947,51;;3947,51;429,52;3517,99;
TAMYRES MENEZES DE ANDRADE;UNIDADES DESCENTRAL.EDUC.PROF.;ASS.TEC.EDUC.3A.CL-A.T.ED-III;; ESTATUTARIO;3085,63;;3085,63;361,99;2723,64;
TERESA CRISTINA DE LIMA TORRES;DIRETORIA ACADEMICA;GERENTE ACADEMICO;GERENTE ACADEMICO AD; CARGO COMISSION.S/VINCULO;4709,79;;4709,79;667,14;4042,65;
THAMARA PAIVA SILVA;DIRETORIA ADM.FINANCEIRA;ASS.TEC.EDUC.3A.CL-A.T.ED-III;; ESTATUTARIO;3085,63;;3085,63;361,99;2723,64;
THIAGO TEIXEIRA GILONA;DIRETORIA ADM.FINANCEIRA;COORDENADOR DE NUCLEO;NAO INFORMADO; CARGO COMISSION.S/VINCULO;5729,77;;5729,77;1011,72;4718,05;
VALDENICE DE CASTRO GOMES RAMOS;UNIDADES DESCENTRAL.EDUC.PROF.;GERENTE ACADEMICO;GERENTE ACADEMICO AD; CARGO COMISSION.S/VINCULO;4709,79;;4709,79;667,14;4042,65;
VALDENOR ALVES CORDEIRO;UNIDADES DESCENTRAL.EDUC.PROF.;ASSISTENTE ADMINISTRATIVO;; ESTATUTARIO;3085,63;;3085,63;361,99;2723,64;
VALERIA GOMES DE MELO;NUCLEOS DE EDUC.PROFISSIONAL;ASSESSOR III;ASSESSOR III; CARGO COMISSION.S/VINCULO;3691,80;;3691,80;386,88;3304,92;
VANESSA HOLANDA GONCALVES;DIRETORIA ADM.FINANCEIRA;COORDENADOR DE NUCLEO;NAO INFORMADO; CARGO COMISSION.S/VINCULO;5729,77;;5729,77;1011,72;4718,05;
VICTOR LOZOVOI FIGUEIREDO DE ARAUJO;DIRETORIA ADM.FINANCEIRA;ASS.TEC.EDUC.3A.CL-A.T.ED-III;COORDENADOR DE NUCLE; ESTATUTARIO;8777,09;;8777,09;1415,13;7361,96;
VIVIAN CHRISTIANE ATAIDE MORAES;DIRETORIA ACADEMICA;COORDENADOR DE CURSO;COORD.CURSO AD-1; CARGO COMISSION.S/VINCULO;5709,79;;5709,79;1005,06;4704,73;
WALDERLENE MONTEIRO DA SILVA;NUCLEOS DE EDUC.PROFISSIONAL;GERENTE ACADEMICO;NAO INFORMADO; CARGO COMISSION.S/VINCULO;4709,79;;4709,79;667,14;4042,65;
WALDERLES FELIX BRANDAO;UNIDADES DESCENTRAL.EDUC.PROF.;GERENTE ACADEMICO;GERENTE ACADEMICO AD; CARGO COMISSION.S/VINCULO;6113,05;;6113,05;1054,23;5058,82;
WANESSA PEREIRA SETTE;COMISSAO PERMAN.DE CONCURSOS;GERENTE DE PROJETOS;GERENTE DE PROJETOS; CARGO COMISSION.S/VINCULO;9419,58;;9419,58;2066,21;7353,37;
WELLINGTHON SALES BATALHA;UNIDADES DESCENTRAL.EDUC.PROF.;TEC.DE TECNOL.INF.3A.CL-T.T.I-III;; ESTATUTARIO;3085,63;;3085,63;361,99;2723,64;
WELLINGTON SENA BATISTA LIMA;DIRETORIA ACADEMICA;PROFESSOR PF20.ESP-III;DIRETOR DE ESC.DE ED; ESTATUTARIO;8609,09;;8609,09;1635,11;6973,98;
WILLIMES LUIZ LEMOS DA SILVA;UNIDADES DESCENTRAL.EDUC.PROF.;ASSESSOR IV;ASSESSOR IV; CARGO COMISSION.S/VINCULO;3075,61;;3075,61;272,12;2803,49;
ZAIRA NOGUEIRA QUEIROZ;DIRETORIA DE REL.EMP.E INSTIT.;ASSESSOR II;ASSESSOR II; CARGO COMISSION.S/VINCULO;4709,79;;4709,79;667,14;4042,65;
