NOME;LOTACAO;CARGO;FUNCAO;VINCULO;REMUNERACAO LEGAL TOTAL(R$);DESC.TETO(R$); REMUNERACAO LEGAL DEVIDA(R$);DESCONTOS LEGAIS(R$);LIQUIDO DISPONIVEL(R$);
ADRIANA ANDRADE DA SILVA;UNIDADES DESCENTRAL.EDUC.PROF.;SECRETARIO DE ESC.DE EDUC.PROF.;; CARGO COMISSION.S/VINCULO;3109,79;;3109,79;308,70;2801,09;
ADRIAO CAVALCANTE ROCHA NETO;UNIDADES DESCENTRAL.EDUC.PROF.;ANALISTA TEC.EDUC.3A.CL-A.T.E-III;; ESTATUTARIO;7458,63;;7458,63;1521,85;5936,78;
ADRIELY OLIVEIRA PEREIRA;UNIDADES DESCENTRAL.EDUC.PROF.;ASS.TEC.EDUC.3A.CL-A.T.ED-III;; ESTATUTARIO;3085,63;;3085,63;385,96;2699,67;
AGRIPINO ABDON DE OLIVEIRA;UNIDADES DESCENTRAL.EDUC.PROF.;ASS.TEC.EDUC.3A.CL-A.T.ED-III;; ESTATUTARIO;3085,63;;3085,63;385,96;2699,67;
ALBERTO GOMES PINTO;NUCLEOS DE EDUC.PROFISSIONAL;GERENTE ACADEMICO;NAO INFORMADO; CARGO COMISSION.S/VINCULO;3109,79;;3109,79;308,70;2801,09;
ALCIMARA PINHEIRO ALBERTINO;NUCLEOS DE EDUC.PROFISSIONAL;GERENTE ACADEMICO;NAO INFORMADO; CARGO COMISSION.S/VINCULO;3109,79;;3109,79;308,70;2801,09;
AMANDA ALECSANDRA MOTA R RODRIGUES;UNIDADES DESCENTRAL.EDUC.PROF.;ASS.TEC.EDUC.3A.CL-A.T.ED-III;; ESTATUTARIO;3947,51;;3947,51;470,02;3477,49;
ANA PAULA HADDAD NEVES;NUCLEOS DE EDUC.PROFISSIONAL;ANALISTA TEC.EDUC.3A.CL-A.T.E-III;; ESTATUTARIO;5718,97;;5718,97;1104,40;4614,57;
ANELIANY DA SILVA LIMA;UNIDADES DESCENTRAL.EDUC.PROF.;ASSESSOR III;NAO INFORMADO; CARGO COMISSION.S/VINCULO;4755,73;;4755,73;702,69;4053,04;
ANGELA MARIA GOMES SIMOES;NUCLEOS DE EDUC.PROFISSIONAL;GERENTE ACADEMICO;GERENTE ACADEMICO AD; CARGO COMISSION.S/VINCULO;3109,79;;3109,79;308,70;2801,09;
ANGELO MACIEL DE SOUZA;DIRETORIA ADM.FINANCEIRA;TEC.DE TECNOL.INF.3A.CL-T.T.I-III;; ESTATUTARIO;3085,63;;3085,63;385,96;2699,67;
ANTONIA MARIA FARIAS ABREU;DIRETORIA ACADEMICA;ASSESSOR II;ASSESSOR II; CARGO COMISSION.S/VINCULO;4709,79;;4709,79;689,38;4020,41;
ANTONIO MARCELINO MARQUES DA COSTA;NUCLEOS DE EDUC.PROFISSIONAL;ASSESSOR II;NAO INFORMADO; CARGO COMISSION.S/VINCULO;3109,79;;3109,79;308,70;2801,09;
ANTONIO MARCOS DE SOUZA CASTRO;GABINETE DO DIRETOR GERAL;ASSESSOR II;ASSESSOR II; CARGO COMISSION.S/VINCULO;4709,79;;4709,79;604,06;4105,73;
ANTONIO MARCOS DE SOUZA CASTRO;ASSESSORIA;GERENTE DE PROJETOS;; CARGO COMISSION.S/VINCULO;6080,80;;6080,80;4209,79;1871,01;
ANTONIO SOARES DA SILVA FILHO;DIRETORIA ADM.FINANCEIRA;AUX.S.G-III;; ESTATUTARIO;3255,69;;3255,69;271,83;2983,86;
ARACY MARTINS DE ARAUJO;DIRETORIA ADM.FINANCEIRA;GERENTE;; CARGO COMISSION.S/VINCULO;6113,05;;6113,05;1168,68;4944,37;
ARAMIS DA CRUZ NORONHA;DIRETORIA ACADEMICA;ANALISTA TEC.EDUC.3A.CL-A.T.E-III;; ESTATUTARIO;7458,63;;7458,63;1469,72;5988,91;
ARIADNE MARIA BOH DOS SANTOS;DIRETORIA ACADEMICA;PEDAGOGO C3 ED-ESP-III;DIRETOR ESC.AD-1; ESTATUTARIO;7712,76;;7712,76;1527,00;6185,76;
ARIANA GRIJO DA SILVA AGRA;DIRETORIA ACADEMICA;ANALISTA TEC.EDUC.3A.CL-A.T.E-III;; ESTATUTARIO;7458,63;;7458,63;1573,99;5884,64;
ARLENE SILVA OLIVEIRA BONFIM;UNIDADES DESCENTRAL.EDUC.PROF.;DIRETOR DE ESC.DE EDUC.PROFISS.;NAO INFORMADO; CARGO COMISSION.S/VINCULO;5729,77;;5729,77;1027,53;4702,24;
AUGUSTO RANIERE DE SOUSA TORRES;UNIDADES DESCENTRAL.EDUC.PROF.;ASS.TEC.EDUC.3A.CL-A.T.ED-III;; ESTATUTARIO;3085,63;;3085,63;385,96;2699,67;
CARLOS AUGUSTO AQUINO NEGREIROS;DIRETORIA ACADEMICA;ANALISTA TEC.EDUC.3A.CL-A.T.E-III;; ESTATUTARIO;5718,97;;5718,97;1104,40;4614,57;
CARMO GONCALVES DA COSTA;DIRETORIA ADM.FINANCEIRA;VIGIA-III;; ESTATUTARIO;2551,23;;2551,23;216,31;2334,92;
CLAUDENILSA SANTOS DE O MENDONCA;UNIDADES DESCENTRAL.EDUC.PROF.;ANALISTA TEC.EDUC.3A.CL-A.T.E-III;; ESTATUTARIO;5718,97;;5718,97;1104,40;4614,57;
CLEIDE MONTEIRO PORTO;GABINETE DO DIRETOR GERAL;ASSESSOR I;NAO INFORMADO; CARGO COMISSION.S/VINCULO;5729,77;;5729,77;1027,53;4702,24;
CLEUDILON DE SOUZA SILVEIRA;ASSESSORIA;ASSESSOR II;NAO INFORMADO; CARGO COMISSION.S/VINCULO;4709,79;;4709,79;689,38;4020,41;
CLEUZENIR MELO NUNES;UNIDADES DESCENTRAL.EDUC.PROF.;GERENTE ACADEMICO;NAO INFORMADO; CARGO COMISSION.S/VINCULO;3109,79;;3109,79;308,70;2801,09;
DANIEL LUCAS DE MATOS CARVALHO;DIRETORIA ADM.FINANCEIRA;GERENTE;NAO INFORMADO; CARGO COMISSION.S/VINCULO;3709,79;;3709,79;422,89;3286,90;
DARCY PEREIRA LIMA;DIRETORIA ADM.FINANCEIRA;AGENTE ADMINISTRATIVO A - N.B.;; ESTATUTARIO;5462,18;;5462,18;763,08;4699,10;
DEBORAH LOPES TAVARES;DIRETORIA ACADEMICA;ASSESSOR II;ASSESSOR II; CARGO COMISSION.S/VINCULO;4709,79;;4709,79;689,38;4020,41;
DECIO CURY GROHS;UNIDADES DESCENTRAL.EDUC.PROF.;GERENTE ACADEMICO;NAO INFORMADO; CARGO COMISSION.S/VINCULO;3109,79;;3109,79;308,70;2801,09;
DIAMANTINO OLIVEIRA DE A JUNIOR;DIRETORIA DE REL.EMP.E INSTIT.;ASSESSOR II;ASSESSOR II; CARGO COMISSION.S/VINCULO;3709,79;;3709,79;422,89;3286,90;
DION EZEQUIEL VIEIRA DE LIMA;UNIDADES DESCENTRAL.EDUC.PROF.;TEC.DE TECNOL.INF.3A.CL-T.T.I-III;; ESTATUTARIO;3085,63;;3085,63;385,96;2699,67;
EDILSON RAMOS DOS SANTOS;UNIDADES DESCENTRAL.EDUC.PROF.;SECRETARIO DE ESC.DE EDUC.PROF.;SEC.DE ESC.ED.PROFIS; CARGO COMISSION.S/VINCULO;3109,79;;3109,79;308,70;2801,09;
EDINELZA SANTOS DE ALBUQUERQUE;DIRETORIA ACADEMICA;ASSESSOR II;ASSESSOR II; CARGO COMISSION.S/VINCULO;6113,05;;6113,05;1168,68;4944,37;
EDMUNDO FERREIRA BRITO NETTO;DIRETORIA ADM.FINANCEIRA;GERENTE;NAO INFORMADO; CARGO COMISSION.S/VINCULO;4709,79;;4709,79;689,38;4020,41;
ELIDA CAMPOS CUNHA;DIRETORIA DE REL.EMP.E INSTIT.;ANALISTA TEC.EDUC.3A.CL-A.T.E-III;; ESTATUTARIO;5718,97;;5718,97;1104,40;4614,57;
ELIZABETH CARDOSO BATISTA NETA;NUCLEOS DE EDUC.PROFISSIONAL;GERENTE ACADEMICO;GERENTE ACADEMICO AD; CARGO COMISSION.S/VINCULO;3109,79;;3109,79;308,70;2801,09;
ELIZANGELA ROLIM FONSECA;UNIDADES DESCENTRAL.EDUC.PROF.;GERENTE ACADEMICO;NAO INFORMADO; CARGO COMISSION.S/VINCULO;3109,79;;3109,79;308,70;2801,09;
ELLEN THAIS DA SILVA AZEVEDO;DIRETORIA ACADEMICA;ANALISTA TEC.EDUC.3A.CL-A.T.E-III;; ESTATUTARIO;5718,97;;5718,97;1104,40;4614,57;
ENYSSON ALCÂNTARA BARROSO;PROCURADORIA;PROCURADOR CHEFE;NAO INFORMADO; CARGO COMISSION.S/VINCULO;5729,77;;5729,77;1027,53;4702,24;
ERIK SILVA DO NASCIMENTO;DIRETORIA DE REL.EMP.INSTITUC.;ASS.TEC.EDUC.3A.CL-A.T.ED-III;; ESTATUTARIO;3085,63;;3085,63;385,96;2699,67;
ERIKA MARIA NOGUEIRA DA SILVA;DIRETORIA ACADEMICA;ASSESSOR II;; CARGO COMISSION.S/VINCULO;6113,05;;6113,05;1070,04;5043,01;
ERIVAN DA SILVA ENEDINO;UNIDADES DESCENTRAL.EDUC.PROF.;GERENTE ACADEMICO;NAO INFORMADO; CARGO COMISSION.S/VINCULO;3109,79;;3109,79;308,70;2801,09;
ERNO PAULO PORN;UNIDADES DESCENTRAL.EDUC.PROF.;TEC.DE TECNOL.INF.3A.CL-T.T.I-III;; ESTATUTARIO;3085,63;;3085,63;385,96;2699,67;
FABIANA SILVA OLIVEIRA;NUCLEOS DE EDUC.PROFISSIONAL;GERENTE ACADEMICO;NAO INFORMADO; CARGO COMISSION.S/VINCULO;3109,79;;3109,79;308,70;2801,09;
FABIANE LIMA MAQUINE;GABINETE DO DIRETOR GERAL;PROFESSOR;GERENTE DE PROJETOS; ESTATUTARIO;6874,62;;6874,62;1124,69;5749,93;
FABIENE DA SILVA PACHECO;NUCLEOS DE EDUC.PROFISSIONAL;GERENTE ACADEMICO;NAO INFORMADO; CARGO COMISSION.S/VINCULO;3109,79;;3109,79;308,70;2801,09;
FELIPE DOS SANTOS DE SOUZA;DIRETORIA ADM.FINANCEIRA;ASS.TEC.EDUC.3A.CL-A.T.ED-III;; ESTATUTARIO;3085,63;;3085,63;385,96;2699,67;
FRANCIANE LIMA DE OLIVEIRA;NUCLEOS DE EDUC.PROFISSIONAL;GERENTE ACADEMICO;; CARGO COMISSION.S/VINCULO;5799,53;;5799,53;2609,79;3189,74;
FRANCISCA CRISTIANE M FERREIRA;NUCLEOS DE EDUC.PROFISSIONAL;GERENTE ACADEMICO;NAO INFORMADO; CARGO COMISSION.S/VINCULO;3109,79;;3109,79;308,70;2801,09;
FRANCISCO CARLOS MARTINS DE LIMA;UNIDADES DESCENTRAL.EDUC.PROF.;ASSISTENTE TECNICO PNM.ANM-I;; ESTATUTARIO;2252,62;;2252,62;245,37;2007,25;
FRANCISCO COSMO DA SILVA DOMINGOS;NUCLEOS DE EDUC.PROFISSIONAL;PROFESSOR PF20.LPL-IV;GERENTE ACADEMICO AD; ESTATUTARIO;4804,91;;4804,91;705,91;4099,00;
FRANCISCO QUEIROZ MENEZES;UNIDADES DESCENTRAL.EDUC.PROF.;COORDENADOR DE CURSO;; CARGO COMISSION.S/VINCULO;6139,69;;6139,69;1178,71;4960,98;
FRANKLENO FERREIRA DA ENCARNACAO;DIRETORIA ACADEMICA;ANALISTA TEC.EDUC.3A.CL-A.T.E-III;; ESTATUTARIO;5718,97;;5718,97;1104,40;4614,57;
GEORGIANE LEAL BARROSO;UNIDADES DESCENTRAL.EDUC.PROF.;DIRETOR DE ESC.DE EDUC.PROFISS.;NAO INFORMADO; CARGO COMISSION.S/VINCULO;5729,77;;5729,77;1027,53;4702,24;
GERSON BARROS PEREIRA;DIRETORIA ACADEMICA;COORDENADOR DE CURSO;; CARGO COMISSION.S/VINCULO;4729,77;;4729,77;694,75;4035,02;
GESSIANE GOMES DE SOUZA GASPAR;NUCLEOS DE EDUC.PROFISSIONAL;SECRETARIO DE ESC.DE EDUC.PROF.;SECRETARIO DE ESC.DE; CARGO COMISSION.S/VINCULO;3109,79;;3109,79;308,70;2801,09;
GILMARA CABRAL DOS SANTOS;UNIDADES DESCENTRAL.EDUC.PROF.;GERENTE ACADEMICO;NAO INFORMADO; CARGO COMISSION.S/VINCULO;3109,79;;3109,79;308,70;2801,09;
GLAUCO BARROS E SILVA;DIRETORIA ACADEMICA;ANALISTA TEC.EDUC.3A.CL-A.T.E-III;; ESTATUTARIO;5718,97;;5718,97;1104,40;4614,57;
GRECIANE DE OLIVEIRA ROSSETTI;UNIDADES DESCENTRAL.EDUC.PROF.;ASS.TEC.EDUC.3A.CL-A.T.ED-III;ASSIST. ADMINISTRAT.; ESTATUTARIO;3543,33;;3543,33;423,59;3119,74;
HALISSON WELLAME GRANA;UNIDADES DESCENTRAL.EDUC.PROF.;ASS.TEC.EDUC.3A.CL-A.T.ED-III;; ESTATUTARIO;2885,63;;2885,63;385,96;2499,67;
HELLEN CRISTINA SILVA MATUTE;DIRETORIA GERAL;PROFESSOR PF40.LPL-IV;DIRETOR PRESIDENTE; ESTATUTARIO;15149,22;;15149,22;3641,22;11508,00;
HERALDO ANTONIO CORREA JUNIOR;PROCURADORIA;ASSESSOR I;ASSESSOR I; CARGO COMISSION.S/VINCULO;5729,77;;5729,77;942,22;4787,55;
HONORATO RODRIGUES NUNES;DIRETORIA ADM.FINANCEIRA;AUX.S.G-III;; ESTATUTARIO;2334,92;;2334,92;216,31;2118,61;
IRES ALVES DA SILVA;DIRETORIA ACADEMICA;COORDENADOR DE CURSO;; CARGO COMISSION.S/VINCULO;6139,69;;6139,69;1178,71;4960,98;
ITELVINA ANDREA DE SOUZA AYRES;UNIDADES DESCENTRAL.EDUC.PROF.;GERENTE ACADEMICO;NAO INFORMADO; CARGO COMISSION.S/VINCULO;3109,79;;3109,79;308,70;2801,09;
IVANI FRANCISCO DE OLIVEIRA;NUCLEOS DE EDUC.PROFISSIONAL;ASS.TEC.EDUC.3A.CL-A.T.ED-III;; ESTATUTARIO;3085,63;;3085,63;385,96;2699,67;
JACQUELINE ROBERTO DA S SALDANHA;NUCLEOS DE EDUC.PROFISSIONAL;GERENTE ACADEMICO;NAO INFORMADO; CARGO COMISSION.S/VINCULO;3109,79;;3109,79;308,70;2801,09;
JANDIRA FROTA MAGALHAES;NUCLEOS DE EDUC.PROFISSIONAL;ASS.TEC.EDUC.3A.CL-A.T.ED-III;; ESTATUTARIO;3085,63;;3085,63;385,96;2699,67;
JANNYNIE KELLY HATTA SCHNNYDER;DIRETORIA ACADEMICA;ASSESSOR II;ASSESSOR II; CARGO COMISSION.S/VINCULO;6113,05;;6113,05;1168,68;4944,37;
JEFESSON DA COSTA BRUCE;UNIDADES DESCENTRAL.EDUC.PROF.;GERENTE ACADEMICO;NAO INFORMADO; CARGO COMISSION.S/VINCULO;3109,79;;3109,79;308,70;2801,09;
JOAO DANTAS DE BRITO NETO;NUCLEOS DE EDUC.PROFISSIONAL;PROFESSOR PF20.LPL-IV;GERENTE ACADEMICO AD; ESTATUTARIO;5656,20;;5656,20;828,35;4827,85;
JOAO KLEBER SERRAO DE FREITAS;UNIDADES DESCENTRAL.EDUC.PROF.;ANALISTA TEC.EDUC.3A.CL-A.T.E-III;; ESTATUTARIO;5718,97;;5718,97;1104,40;4614,57;
JOED BARBOSA MENDES;NUCLEOS DE EDUC.PROFISSIONAL;TEC.DE TECNOL.INF.3A.CL-T.T.I-III;; ESTATUTARIO;3085,63;;3085,63;385,96;2699,67;
JOELMA KEITH RODRIGUES;UNIDADES DESCENTRAL.EDUC.PROF.;ANALISTA TEC.EDUC.3A.CL-A.T.E-III;; ESTATUTARIO;5718,97;;5718,97;1104,40;4614,57;
JOHN KENNER SENA DE OLIVEIRA;DIRETORIA ADM.FINANCEIRA;DIRETOR ADM-FIN E INTERIORIZACAO;NAO INFORMADO; CARGO COMISSION.S/VINCULO;9500,00;;9500,00;2241,62;7258,38;
JORGE SIQUEIRA CORREA;UNIDADES DESCENTRAL.EDUC.PROF.;PROFESSOR PF20.ESP-III;GERENTE ACADEMICO AD; ESTATUTARIO;5792,92;;5792,92;879,83;4913,09;
JOSE AUGUSTO SOUSA DA SILVA;UNIDADES DESCENTRAL.EDUC.PROF.;ANALISTA TEC.EDUC.3A.CL-A.T.E-III;; ESTATUTARIO;5218,97;;5218,97;1104,40;4114,57;
JOSE FERREIRA DO NASCIMENTO;NUCLEOS DE EDUC.PROFISSIONAL;AUX.DE SERV.GERAIS PNF.ASG-III;GERENTE ACADEMICO AD; ESTATUTARIO;4368,56;;4368,56;441,44;3927,12;
JOSE GUEDES DA SILVA;UNIDADES DESCENTRAL.EDUC.PROF.;AUX.S.G-III;; ESTATUTARIO;2023,36;;2023,36;213,27;1810,09;
JOSE MANUEL SALUSTIANO MENDES;DIRETORIA ADM.FINANCEIRA;GERENTE;NAO INFORMADO; CARGO COMISSION.S/VINCULO;4779,72;;4779,72;622,87;4156,85;
JOSE PAULO CLAUDINO DA SILVA;DIRETORIA DE REL.EMP.INSTITUC.;ANALISTA TEC.EDUC.3A.CL-A.T.E-III;; ESTATUTARIO;7458,63;;7458,63;1417,58;6041,05;
JOSE SEBASTIAO CARDOSO SILVA;DIRETORIA ADM.FINANCEIRA;MOT-III;; ESTATUTARIO;3194,92;;3194,92;259,41;2935,51;
JOSELMA BASTOS GONCALVES;UNIDADES DESCENTRAL.EDUC.PROF.;ASS.TEC.EDUC.3A.CL-A.T.ED-III;; ESTATUTARIO;3085,63;;3085,63;361,99;2723,64;
JOSIANY DANTAS DA MOTA;DIRETORIA ACADEMICA;ANALISTA TEC.EDUC.3A.CL-A.T.E-III;; ESTATUTARIO;7458,63;;7458,63;1573,99;5884,64;
JOZENILSON LOPES DE PONTES;UNIDADES DESCENTRAL.EDUC.PROF.;GERENTE ACADEMICO;NAO INFORMADO; CARGO COMISSION.S/VINCULO;3109,79;;3109,79;308,70;2801,09;
JUCICLEIA GUIMARAES DO NASCIMENTO;PROCURADORIA;ASSESSOR I;NAO INFORMADO; CARGO COMISSION.S/VINCULO;5729,77;;5729,77;1027,53;4702,24;
JULIA MARIA FERNANDES MONTEIRO;NUCLEOS DE EDUC.PROFISSIONAL;GERENTE ACADEMICO;NAO INFORMADO; CARGO COMISSION.S/VINCULO;3109,79;;3109,79;308,70;2801,09;
JUSSARA NEGREIROS FERREIRA;UNIDADES DESCENTRAL.EDUC.PROF.;ASSESSOR II;NAO INFORMADO; CARGO COMISSION.S/VINCULO;6113,05;;6113,05;1168,68;4944,37;
KATIUCHA DE CASTRO NIGRO;DIRETORIA DE REL.EMP.E INSTIT.;ANALISTA TEC.EDUC.3A.CL-A.T.E-III;; ESTATUTARIO;5218,97;;5218,97;1104,40;4114,57;
KEDLA SIMONE DOS SANTOS NASCIMENTO;NUCLEOS DE EDUC.PROFISSIONAL;GERENTE ACADEMICO;NAO INFORMADO; CARGO COMISSION.S/VINCULO;3109,79;;3109,79;308,70;2801,09;
KELLEN BARBOSA;UNIDADES DESCENTRAL.EDUC.PROF.;SECRETARIO DE ESC.DE EDUC.PROF.;; CARGO COMISSION.S/VINCULO;3109,79;;3109,79;308,70;2801,09;
KINDREULLY RALINY SILVA DE SOUZA;GABINETE DO DIRETOR GERAL;ASS.TEC.EDUC.3A.CL-A.T.ED-III;ASSIST.TEC.3CLASSE; ESTATUTARIO;3085,63;;3085,63;385,96;2699,67;
LAURA JANE RODRIGUES AGUILA;DIRETORIA DE REL.EMP.E INSTIT.;DIRETOR DE REL.EMPRES.E INSTITUC.;DIRETOR DE REL.EMPRE; CARGO COMISSION.S/VINCULO;9500,00;;9500,00;2241,62;7258,38;
LEANDRO MADY DA SILVA;DIRETORIA ADM.FINANCEIRA;ASS.TEC.EDUC.3A.CL-A.T.ED-III;; ESTATUTARIO;3085,63;;3085,63;385,96;2699,67;
LEONILSON TAVARES DE MELO;NUCLEOS DE EDUC.PROFISSIONAL;GERENTE ACADEMICO;NAO INFORMADO; CARGO COMISSION.S/VINCULO;3109,79;;3109,79;308,70;2801,09;
LIDIANE TAMIRES PANTOJA DA SILVA;DIRETORIA ADM.FINANCEIRA;ASS.TEC.EDUC.3A.CL-A.T.ED-III;; ESTATUTARIO;3085,63;;3085,63;385,96;2699,67;
LILIANE SOUZA DA PAIXAO;COMISSAO PERMAN.DE CONCURSOS;ASSESSOR II;NAO INFORMADO; CARGO COMISSION.S/VINCULO;3451,72;;3451,72;372,29;3079,43;
LIVIA GISELA NASCIMENTO DA CUNHA;DIRETORIA ADM.FINANCEIRA;ANALISTA TEC.EDUC.3A.CL-A.T.E-III;; ESTATUTARIO;9718,97;;9718,97;4601,59;5117,38;
LORENA DE SOUZA RIBEIRO GATTO;NUCLEOS DE EDUC.PROFISSIONAL;SECRETARIO DE ESC.DE EDUC.PROF.;SECRETARIO DE ESC.DE; CARGO COMISSION.S/VINCULO;3709,79;;3709,79;422,89;3286,90;
LUCIANA BARROSO ALMEIDA;DIRETORIA ADM.FINANCEIRA;ASS.TEC.EDUC.3A.CL-A.T.ED-III;; ESTATUTARIO;3947,51;;3947,51;470,02;3477,49;
LUCICLEIA OLIVEIRA DE SOUSA;UNIDADES DESCENTRAL.EDUC.PROF.;ANALISTA TEC.EDUC.3A.CL-A.T.E-III;; ESTATUTARIO;5718,97;;5718,97;373,74;5345,23;
LUIZ ANDRE CANTO PANTOJA;DIRETORIA ACADEMICA;ASS.TEC.EDUC.3A.CL-A.T.ED-III;; ESTATUTARIO;3947,51;;3947,51;470,02;3477,49;
LUIZ DE MOURA FERREIRA;NUCLEOS DE EDUC.PROFISSIONAL;GERENTE ACADEMICO;NAO INFORMADO; CARGO COMISSION.S/VINCULO;3109,79;;3109,79;308,70;2801,09;
LUSSANDRA MIRELLI DE MELO PINTO;UNIDADES DESCENTRAL.EDUC.PROF.;ASSESSOR II;; CARGO COMISSION.S/VINCULO;4709,79;;4709,79;689,38;4020,41;
MAIZA MENEZES DE MENDONCA;NUCLEOS DE EDUC.PROFISSIONAL;ASSESSOR III;NAO INFORMADO; CARGO COMISSION.S/VINCULO;2695,80;;2695,80;226,82;2468,98;
MANOEL DOS SANTOS VIEIRA;UNIDADES DESCENTRAL.EDUC.PROF.;AUXILIAR DE SERVICOS GERAIS;; ESTATUTARIO;2088,24;;2088,24;213,27;1874,97;
MARCELO AUGUSTO MARTINS LEMOS;DIRETORIA ADM.FINANCEIRA;ASSESSOR III;ASSESSOR III; CARGO COMISSION.S/VINCULO;3691,80;;3691,80;418,36;3273,44;
MARCIA FERNANDA IZIDORIO GOMES;DIRETORIA ACADEMICA;PROFESSOR;PROFESSOR; ESTATUTARIO;5176,00;;5176,00;418,73;4757,27;
MARCIA TORRES DA SILVA;DIRETORIA ADM.FINANCEIRA;COORDENADOR DE CURSO;NAO INFORMADO; CARGO COMISSION.S/VINCULO;6139,69;;6139,69;1178,71;4960,98;
MARCOS EVANDRO LEON LEITE;UNIDADES DESCENTRAL.EDUC.PROF.;AUX.S.G-III;; ESTATUTARIO;2871,24;;2871,24;232,32;2638,92;
MARIA DA CONCEICAO DAVILA TOMAZ;DIRETORIA ADM.FINANCEIRA;ASSESSOR IV;NAO INFORMADO; CARGO COMISSION.S/VINCULO;3934,15;;3934,15;480,73;3453,42;
MARIA DE NAZARE LIMA DOS SANTOS;NUCLEOS DE EDUC.PROFISSIONAL;GERENTE ACADEMICO;NAO INFORMADO; CARGO COMISSION.S/VINCULO;3979,72;;3979,72;492,99;3486,73;
MARIA DO PERPETUO S R CAVALCANTI;UNIDADES DESCENTRAL.EDUC.PROF.;ANALISTA TEC.EDUC.3A.CL-A.T.E-III;; ESTATUTARIO;5718,97;;5718,97;1104,40;4614,57;
MARIA EMILIA FREITAS DE SOUZA SILVA;DIRETORIA ADM.FINANCEIRA;A.OPE-III;; ESTATUTARIO;4335,18;;4335,18;433,59;3901,59;
MARIA IRACELMA ARAUJO DOS SANTOS;NUCLEOS DE EDUC.PROFISSIONAL;COORDENADOR DE CURSO;; CARGO COMISSION.S/VINCULO;4665,22;;4665,22;3229,77;1435,45;
MARIA LUCIMAR JACINTO DE SOUSA;UNIDADES DESCENTRAL.EDUC.PROF.;PROFESSOR PF20.MSC-II;DIRETOR DE ESC.DE ED; ESTATUTARIO;9992,66;;9992,66;2197,12;7795,54;
MARIA OLINDA SAMPAIO SALDANHA;DIRETORIA ADM.FINANCEIRA;AUX.S.G-III;; ESTATUTARIO;2946,56;;2946,56;240,78;2705,78;
MARIA ROGERIA DA SILVA MESQUITA;DIRETORIA ACADEMICA;ANALISTA TEC.EDUC.3A.CL-A.T.E-III;; ESTATUTARIO;5718,97;;5718,97;1104,40;4614,57;
MARIA SOLANGE MESQUITA;UNIDADES DESCENTRAL.EDUC.PROF.;ASSESSOR II;ASSESSOR II; CARGO COMISSION.S/VINCULO;3709,79;;3709,79;422,89;3286,90;
MARIA VERONICA CASTRO NETA;DIRETORIA ADM.FINANCEIRA;ASSESSOR III;; CARGO COMISSION.S/VINCULO;3691,80;;3691,80;418,36;3273,44;
MARIA ZULEIDE FERREIRA;DIRETORIA ADM.FINANCEIRA;ASS.TEC.EDUC.3A.CL-A.T.ED-III;COORDENADOR DE CURSO; ESTATUTARIO;6752,97;;6752,97;1105,67;5647,30;
MARILIA JAQUES DA SILVA;NUCLEOS DE EDUC.PROFISSIONAL;GERENTE ACADEMICO;NAO INFORMADO; CARGO COMISSION.S/VINCULO;3109,79;;3109,79;308,70;2801,09;
MARIO FERNANDO SILVA DE OLIVEIRA;NUCLEOS DE EDUC.PROFISSIONAL;GERENTE ACADEMICO;GERENTE ACADEMICO AD; CARGO COMISSION.S/VINCULO;3109,79;;3109,79;308,70;2801,09;
MARIQUINHA GOMES PONTES;NUCLEOS DE EDUC.PROFISSIONAL;GERENTE ACADEMICO;NAO INFORMADO; CARGO COMISSION.S/VINCULO;3109,79;;3109,79;308,70;2801,09;
MARLETE LOPES CORREA;COMISSAO PERMAN.DE CONCURSOS;ANALISTA TEC.EDUC.3A.CL-A.T.E-III;; ESTATUTARIO;15596,44;;15596,44;4243,63;11352,81;
MERNIQUE ALMEIDA DA SILVA;UNIDADES DESCENTRAL.EDUC.PROF.;AUXILIAR DE SERVICOS GERAIS;; ESTATUTARIO;2088,24;;2088,24;213,27;1874,97;
MICHEL MONTEIRO DE SOUZA;ASSESSORIA;ASS.TEC.EDUC.3A.CL-A.T.ED-III;; ESTATUTARIO;3085,63;;3085,63;385,96;2699,67;
MIGUEL GERALDO LIMA DA CUNHA;UNIDADES DESCENTRAL.EDUC.PROF.;ASS.TEC.EDUC.3A.CL-A.T.ED-III;; ESTATUTARIO;3085,63;;3085,63;385,96;2699,67;
NANCI HELENA BACH MOREIRA;UNIDADES DESCENTRAL.EDUC.PROF.;ANALISTA TEC.EDUC.3A.CL-A.T.E-III;; ESTATUTARIO;5718,97;;5718,97;1104,40;4614,57;
NATASHA NASCIMENTO DE SOUSA;UNIDADES DESCENTRAL.EDUC.PROF.;SECRETARIO DE ESC.DE EDUC.PROF.;NAO INFORMADO; CARGO COMISSION.S/VINCULO;3109,79;;3109,79;308,70;2801,09;
NICOLAS SAMPAIO BEVILAQUA;DIRETORIA DE REL.EMP.INSTITUC.;ASS.TEC.EDUC.3A.CL-A.T.ED-III;; ESTATUTARIO;3085,63;;3085,63;385,96;2699,67;
NUBIA SILVA CAVALCANTE E SOUZA;DIRETORIA ACADEMICA;GERENTE DE PROJETOS;GERENTE PROJETO AD-2; CARGO COMISSION.S/VINCULO;4709,79;;4709,79;689,38;4020,41;
ODELANDIA RABELO SILVA;UNIDADES DESCENTRAL.EDUC.PROF.;ASS.TEC.EDUC.3A.CL-A.T.ED-III;; ESTATUTARIO;3085,63;;3085,63;385,96;2699,67;
OZENIRA ROCHA DE BARROS;GABINETE DO DIRETOR GERAL;PROFESSOR PF40.LPL-IV;CHEFE DE GABINETE; ESTATUTARIO;10344,21;;10344,21;2329,49;8014,72;
PALOMA ALBUQUERQUE GONÇALVES;PROCURADORIA;ASSESSOR II;ASSESSOR II; CARGO COMISSION.S/VINCULO;3709,79;;3709,79;422,89;3286,90;
PAULO CESAR MOREIRA DE SOUZA;ASSESSORIA;ANALISTA TEC.EDUC.3A.CL-A.T.E-III;; ESTATUTARIO;5718,97;;5718,97;1019,08;4699,89;
PEDRO SANTAREM DE SOUZA;DIRETORIA ACADEMICA;ANALISTA TEC.EDUC.3A.CL-A.T.E-III;; ESTATUTARIO;5218,97;;5218,97;1104,40;4114,57;
PRISCILA ROBERTA VIEIRA DE FREITAS;NUCLEOS DE EDUC.PROFISSIONAL;GERENTE ACADEMICO;NAO INFORMADO; CARGO COMISSION.S/VINCULO;3109,79;;3109,79;308,70;2801,09;
RAFAEL DE ARAUJO MIRANDA;ASSESSORIA;ASS.TEC.EDUC.3A.CL-A.T.ED-III;; ESTATUTARIO;3085,63;;3085,63;385,96;2699,67;
RAIZINARA DE OLIVEIRA ZURRA;UNIDADES DESCENTRAL.EDUC.PROF.;DIRETOR DE ESC.DE EDUC.PROFISS.;NAO INFORMADO; CARGO COMISSION.S/VINCULO;5729,77;;5729,77;1027,53;4702,24;
RALFA GOMES DE SOUZA;NUCLEOS DE EDUC.PROFISSIONAL;ANALISTA TEC.EDUC.3A.CL-A.T.E-III;; ESTATUTARIO;5718,97;;5718,97;1104,40;4614,57;
RAQUEL AGUIAR DA SILVA;DIRETORIA ACADEMICA;COORDENADOR DE CURSO;; CARGO COMISSION.S/VINCULO;6139,69;;6139,69;1178,71;4960,98;
REGIANE OLIVEIRA DA SILVA;DIRETORIA ADM.FINANCEIRA;ASSESSOR II;NAO INFORMADO; CARGO COMISSION.S/VINCULO;4779,72;;4779,72;710,69;4069,03;
REGIOMARA LASMAR COSTA;UNIDADES DESCENTRAL.EDUC.PROF.;COORDENADOR DE CURSO;COORDENADOR DE CURSO; CARGO COMISSION.S/VINCULO;3729,77;;3729,77;427,92;3301,85;
REINIER ALEX DE OLIVEIRA FREITAS;GABINETE DO DIRETOR GERAL;GERENTE;NAO INFORMADO; CARGO COMISSION.S/VINCULO;3709,79;;3709,79;422,89;3286,90;
RENATA LIBORIO BRUCE;DIRETORIA ACADEMICA;ASS.TEC.EDUC.3A.CL-A.T.ED-III;; ESTATUTARIO;2464,32;;2464,32;275,00;2189,32;
RITA MARA MIRANDA GARCIA;NUCLEOS DE EDUC.PROFISSIONAL;PROFESSOR PF20.ESP-III;DIRETOR ACADEMICO; ESTATUTARIO;11595,09;;11595,09;2485,79;9109,30;
ROBERTA DA SILVA PINHEIRO;DIRETORIA ACADEMICA;SECRETARIO DE ESC.DE EDUC.PROF.;SEC.ESC.EDUC.PROF.; CARGO COMISSION.S/VINCULO;3709,79;;3709,79;422,89;3286,90;
RODRIGO ALBERTO DE ABREU LIMA;PROCURADORIA;GERENTE DE PROJETOS;NAO INFORMADO; CARGO COMISSION.S/VINCULO;4709,79;;4709,79;689,38;4020,41;
RUBEM PEREIRA BARBOSA;UNIDADES DESCENTRAL.EDUC.PROF.;DIRETOR DE ESC.DE EDUC.PROFISS.;NAO INFORMADO; CARGO COMISSION.S/VINCULO;5729,77;;5729,77;1027,53;4702,24;
SALATIEL DA ROCHA GOMES;UNIDADES DESCENTRAL.EDUC.PROF.;ANALISTA TEC.EDUC.3A.CL-A.T.E-III;DIRETOR DE ESC.DE ED; ESTATUTARIO;7192,63;;7192,63;1448,70;5743,93;
SAMARA SARMENTO DA COSTA LIMA;UNIDADES DESCENTRAL.EDUC.PROF.;ASSESSOR III;NAO INFORMADO; CARGO COMISSION.S/VINCULO;3691,80;;3691,80;402,73;3289,07;
SHERMAN REIS CASTELO BRANCO;UNIDADES DESCENTRAL.EDUC.PROF.;GERENTE ACADEMICO;GERENTE ACADEMICO AD; CARGO COMISSION.S/VINCULO;3109,79;;3109,79;308,70;2801,09;
SIDILANDE PICANCO FERREIRA;DIRETORIA ACADEMICA;COORDENADOR DE CURSO;; CARGO COMISSION.S/VINCULO;6139,69;;6139,69;1178,71;4960,98;
SONIA FERREIRA DA SILVA;COMISSAO PERMAN.DE CONCURSOS;PRESIDENTE COM.PERMAN.CONCUR.AD-1;; CARGO COMISSION.S/VINCULO;5729,77;;5729,77;1027,53;4702,24;
SUANY DE ARAUJO SARAIVA;NUCLEOS DE EDUC.PROFISSIONAL;PROFESSOR PF20.LPL-IV;; ESTATUTARIO;5274,62;;5274,62;695,81;4578,81;
TAINA ABECASSIS TEIXEIRA;DIRETORIA DE REL.EMP.INSTITUC.;ANALISTA TEC.EDUC.3A.CL-A.T.E-III;; ESTATUTARIO;5718,97;;5718,97;1104,40;4614,57;
TAINAH BARBOSA NEPOMUCENO;NUCLEOS DE EDUC.PROFISSIONAL;ASS.TEC.EDUC.3A.CL-A.T.ED-III;; ESTATUTARIO;3085,63;;3085,63;385,96;2699,67;
TAMYRES MENEZES DE ANDRADE;UNIDADES DESCENTRAL.EDUC.PROF.;ASS.TEC.EDUC.3A.CL-A.T.ED-III;; ESTATUTARIO;3085,63;;3085,63;385,96;2699,67;
THAMARA PAIVA SILVA;DIRETORIA ADM.FINANCEIRA;ASS.TEC.EDUC.3A.CL-A.T.ED-III;; ESTATUTARIO;3085,63;;3085,63;385,96;2699,67;
THIAGO TEIXEIRA GILONA;DIRETORIA ADM.FINANCEIRA;COORDENADOR DE NUCLEO;NAO INFORMADO; CARGO COMISSION.S/VINCULO;5729,77;;5729,77;1027,53;4702,24;
VALDENICE DE CASTRO GOMES RAMOS;UNIDADES DESCENTRAL.EDUC.PROF.;GERENTE ACADEMICO;NAO INFORMADO; CARGO COMISSION.S/VINCULO;3109,79;;3109,79;308,70;2801,09;
VALDENOR ALVES CORDEIRO;UNIDADES DESCENTRAL.EDUC.PROF.;ASSISTENTE ADMINISTRATIVO;; ESTATUTARIO;3085,63;;3085,63;385,96;2699,67;
VALERIA GOMES DE MELO;NUCLEOS DE EDUC.PROFISSIONAL;SECRETARIO DE ESC.DE EDUC.PROF.;SECRETARIO DE ESC.DE; CARGO COMISSION.S/VINCULO;3709,79;;3709,79;422,89;3286,90;
VANESSA HOLANDA GONCALVES;DIRETORIA ADM.FINANCEIRA;COORDENADOR DE NUCLEO;NAO INFORMADO; CARGO COMISSION.S/VINCULO;5729,77;;5729,77;1027,53;4702,24;
VANESSA KAREN PINTO B MEDEIROS;GABINETE DO DIRETOR GERAL;ASSESSOR III;ASSESSOR III; CARGO COMISSION.S/VINCULO;3691,80;;3691,80;418,36;3273,44;
VICTOR LOZOVOI FIGUEIREDO DE ARAUJO;DIRETORIA ADM.FINANCEIRA;ASS.TEC.EDUC.3A.CL-A.T.ED-III;; ESTATUTARIO;3085,63;;3085,63;385,96;2699,67;
VITOR CANTANHEDE BARRETO;DIRETORIA ADM.FINANCEIRA;ASS.TEC.EDUC.3A.CL-A.T.ED-III;; ESTATUTARIO;3085,63;;3085,63;385,96;2699,67;
VIVIAN CHRISTIANE ATAIDE MORAES;DIRETORIA ACADEMICA;COORDENADOR DE CURSO;COORD.CURSO AD-1; CARGO COMISSION.S/VINCULO;6113,05;;6113,05;1168,68;4944,37;
WALDERLENE MONTEIRO DA SILVA;NUCLEOS DE EDUC.PROFISSIONAL;GERENTE ACADEMICO;NAO INFORMADO; CARGO COMISSION.S/VINCULO;3109,79;;3109,79;308,70;2801,09;
WALDERLES FELIX BRANDAO;UNIDADES DESCENTRAL.EDUC.PROF.;GERENTE ACADEMICO;NAO INFORMADO; CARGO COMISSION.S/VINCULO;3109,79;;3109,79;276,50;2833,29;
WELLINGTHON SALES BATALHA;UNIDADES DESCENTRAL.EDUC.PROF.;TEC.DE TECNOL.INF.3A.CL-T.T.I-III;; ESTATUTARIO;3085,63;;3085,63;385,96;2699,67;
WELLINGTON COSTA DA SILVA;ASSESSORIA;ANALISTA TEC.EDUC.3A.CL-A.T.E-III;; ESTATUTARIO;5718,97;;5718,97;1104,40;4614,57;
ZAIRA NOGUEIRA QUEIROZ;DIRETORIA ACADEMICA;GERENTE DE PROJETOS;GERENTE PROJETO AD-2; CARGO COMISSION.S/VINCULO;4709,79;;4709,79;689,38;4020,41;
