NOME;LOTACAO;CARGO;FUNCAO;CARGA HR SEM;DT DE ADMISSAO;VINCULO;REMUNERACAO LEGAL TOTAL(R$);DESC.TETO(R$); REMUNERACAO LEGAL DEVIDA(R$);DESCONTOS LEGAIS(R$);LIQUIDO DISPONIVEL(R$);
ADRIANA DIAS DE ALMEIDA;SUBCONTROL.DE OUVIDORIA;ASSESSOR II;ASSESSOR II; 40:00;01/09/2023;CARGO COMISSION.S/VINCULO;4209,79;;4209,79;597,14;3612,65;
ALBEFREDO MELO DE SOUZA JUNIOR;SUBCONTROL.DE OUVIDORIA;PROF.ESPECIAL.AUX.C 40HS-PE.111.20;SUBCONTROLADOR-GERAL; 40:00;01/01/2023;ESTATUTARIO;11700,00;;11700,00;2332,54;9367,46;
ALICE SILVA DO NASCIMENTO;SUBCONTROL.DE CONTROL.INTERNO;ASSESSOR IV;ASSESSOR IV; 40:00;01/02/2023;CARGO COMISSION.S/VINCULO;2575,61;;2575,61;212,12;2363,49;
ALINE DE ALENCAR CORREIA FIGUEIREDO;SUBCONTROL.DE CONTROL.INTERNO;ASSESSOR III;; 40:00;15/10/2020;CARGO COMISSION.S/VINCULO;6206,27;;6206,27;1595,90;4610,37;
ALINE DE ALENCAR CORREIA FIGUEIREDO;SUBCONTROL.DE CONTROL.INTERNO;ASSESSOR DE CONTROLE INTERNO II;ASSESSOR DE CONTROLE; 40:00;01/11/2023;CARGO COMISSION.S/VINCULO;4209,79;;4209,79;597,14;3612,65;
ALINE PONTES BORGES VERAS;DPTO.ADMINISTRACAO E FINANCAS;ASSESSOR IV;NAO INFORMADO; 40:00;01/10/2020;CARGO COMISSION.S/VINCULO;2575,61;;2575,61;212,12;2363,49;
ANA PAULA DE FREITAS LOPES;SUBCONTROL.DE CONTROL.INTERNO;ASSESSOR TECNICO;NAO INFORMADO; 40:00;15/10/2020;CARGO COMISSION.S/VINCULO;9333,33;;9333,33;2317,49;7015,84;
ANATHILDE LAPA MAIA;GABINETE DO SECRETARIO;ASSESSOR DE CONTROLE INTERNO II;; 40:00;20/12/2017;CARGO COMISSION.S/VINCULO;4209,79;;4209,79;597,14;3612,65;
ANDRE LUIZ DE SOUZA ANZOATEGUI;SUBCONTROL.DE CONTROL.INTERNO;INVEST.DE POL. 4A.CL. PC-INV.IV;ASSESSOR I AD-1; 40:00;03/01/2011;ESTATUTARIO;6666,67;;6666,67;803,17;5863,50;
ANDRE MARCELO RIBEIRO VIGA;SUBCONTROL.DE CONTROL.INTERNO;ASSESSOR I;ASSESSOR I; 40:00;01/11/2023;CARGO COMISSION.S/VINCULO;5229,77;;5229,77;957,83;4271,94;
ANDRE MARCELO RIBEIRO VIGA;SUBCONTROL.DE CONTROL.INTERNO;ASSESSOR DE CONTROLE INTERNO II;; 40:00;01/12/2021;CARGO COMISSION.S/VINCULO;8653,44;;8653,44;2104,89;6548,55;
ANDSON LIMA MOREIRA;DEPTO.RECURSOS DA INFORMACAO;ASSESSOR III;NAO INFORMADO; 40:00;01/09/2021;CARGO COMISSION.S/VINCULO;3191,80;;3191,80;327,46;2864,34;
ANIELLY ROCHA DE ARAUJO;SUBCONTROL.DE CONTROL.INTERNO;ASSESSOR III;NAO INFORMADO; 40:00;21/08/2020;CARGO COMISSION.S/VINCULO;3191,80;;3191,80;327,46;2864,34;
ANTONIO ELIAS DE SOUZA;DPTO.ADMINISTRACAO E FINANCAS;CHEFE DE DEPARTAMENTO;NAO INFORMADO; 40:00;01/10/2019;CARGO COMISSION.S/VINCULO;5229,77;;5229,77;957,83;4271,94;
ANTONIO LEOPOLDO OLIVEIRA DE LIMA;SUBCONTROL.DE CONTROL.INTERNO;ASSESSOR IV;NAO INFORMADO; 40:00;01/05/2021;CARGO COMISSION.S/VINCULO;2575,61;;2575,61;212,12;2363,49;
AURICLEIA NASCIMENTO DE A REBOUCAS;SUBCONTROL.DE CONTROL.INTERNO;DIGITADOR;ASSESSOR I; 40:00;18/10/1999;ESTATUTARIO;5771,54;;5771,54;888,42;4883,12;
BENEDITO SOUZA DA COSTA;DPTO.ADMINISTRACAO E FINANCAS;ASSESSOR III;NAO INFORMADO; 40:00;01/10/2020;CARGO COMISSION.S/VINCULO;3191,80;;3191,80;327,46;2864,34;
CAROL DE PINHO ASSI ALENCAR;GABINETE DO SECRETARIO;CHEFE DE GABINETE;NAO INFORMADO; 40:00;29/11/2018;CARGO COMISSION.S/VINCULO;5229,77;;5229,77;914,81;4314,96;
CASSIA DE OLIVEIRA DUARTE GIRAO SIL;DPTO.ADMINISTRACAO E FINANCAS;GERENTE;; 40:00;01/02/2018;CARGO COMISSION.S/VINCULO;4209,79;;4209,79;597,14;3612,65;
CLEONE BARROS DE ALMEIDA;SUBCONTROL.DE CONTROL.INTERNO;TNS-II;ASSESSOR II AD-2; 30:00;10/01/1990;ESTATUTARIO;6833,14;;6833,14;1602,54;5230,60;
ELEM DO SOCORRO MEDEIROS DE AZEVEDO;DPTO.ADMINISTRACAO E FINANCAS;GERENTE;; 40:00;01/01/2011;CARGO COMISSION.S/VINCULO;4209,79;;4209,79;597,14;3612,65;
ELIONILDE ARAUJO DA SILVA;DPTO.ADMINISTRACAO E FINANCAS;ASSESSOR I;NAO INFORMADO; 40:00;29/11/2018;CARGO COMISSION.S/VINCULO;5229,77;;5229,77;957,83;4271,94;
ELISANGELA NOGUEIRA RODRIGUES;SUBCONTROL.DE OUVIDORIA;CHEFE DE DEPARTAMENTO;CHEFE DE DEPARTAMENT; 40:00;01/09/2023;CARGO COMISSION.S/VINCULO;5229,77;;5229,77;957,83;4271,94;
ENEIAS PEREIRA NASCIMENTO;DEPTO.RECURSOS DA INFORMACAO;ASSESSOR III;; 30:00;30/05/2018;CARGO COMISSION.S/VINCULO;3191,80;;3191,80;317,16;2874,64;
ENZA RAFAELA RODRIGUES P AQUINO;SUBCONTROL.DE CONTROL.INTERNO;ASSESSOR II;NAO INFORMADO; 40:00;01/10/2020;CARGO COMISSION.S/VINCULO;4209,79;;4209,79;585,61;3624,18;
ERIVALDER ARAUJO BARREIROS;SUBCONTROL.DE CONTROL.INTERNO;ASSESSOR II;NAO INFORMADO; 40:00;30/01/2020;CARGO COMISSION.S/VINCULO;4209,79;;4209,79;597,14;3612,65;
FABIO DIEGO GOMES RAMOS;DEPTO.RECURSOS DA INFORMACAO;ASSESSOR DE TECNOL.DA INFORMACAO;; 30:00;04/06/2018;CARGO COMISSION.S/VINCULO;5229,77;;5229,77;872,16;4357,61;
FELIPE BENCHAYA MARINHO P LOPES;ASSESSORIA TECNICA;ASSESSOR JURIDICO;ASSESSOR JURIDICO; 40:00;01/03/2023;CARGO COMISSION.S/VINCULO;5229,77;;5229,77;914,81;4314,96;
FERNANDA DE CASTRO E COSTA SILVA;SUBCONTROL.DE CONTROL.INTERNO;ASSESSOR IV;ASSESSOR IV; 40:00;01/02/2023;CARGO COMISSION.S/VINCULO;2575,61;;2575,61;212,12;2363,49;
GABRIEL MODESTO DA SILVA;SUBCONTROL.DE OUVIDORIA;ASSESSOR IV;ASSESSOR IV; 40:00;01/04/2023;CARGO COMISSION.S/VINCULO;2575,61;;2575,61;212,12;2363,49;
GISELLE VASCONCELOS GUEDES;SUBCONTROL.DE CONTROL.INTERNO;ASSESSOR III;ASSESSOR III; 40:00;01/01/2023;CARGO COMISSION.S/VINCULO;3191,80;;3191,80;327,46;2864,34;
HOEBER SILVA E SILVA;DPTO.ADMINISTRACAO E FINANCAS;ASSESSOR III;; 40:00;01/02/2018;CARGO COMISSION.S/VINCULO;3191,80;;3191,80;327,46;2864,34;
IANE VITORIA DUARTE DA COSTA;SUBCONTROL.DE CONTROL.INTERNO;ASSESSOR III;ASSESSOR III; 40:00;01/03/2022;CARGO COMISSION.S/VINCULO;3191,80;;3191,80;327,46;2864,34;
IGOR WAUGHAN FROTA MOREIRA;SUBCONTROL.DE CONTROL.INTERNO;ASSESSOR I;; 40:00;01/01/2023;CARGO COMISSION.S/VINCULO;9733,17;;9733,17;2614,88;7118,29;
INGRID DE OLIVEIRA MENEZES;SUBCONTROL.DE CONTROL.INTERNO;ASSESSOR DE CONTROLE INTERNO II;NAO INFORMADO; 40:00;13/09/2019;CARGO COMISSION.S/VINCULO;4209,79;;4209,79;585,61;3624,18;
ITAUNA HENRIQUE BASTOS LIMA;SUBCONTROL.DE CONTROL.INTERNO;ASSESSOR II;NAO INFORMADO; 40:00;25/08/2020;CARGO COMISSION.S/VINCULO;4209,79;;4209,79;597,14;3612,65;
JAIME KENJI HANDA;GABINETE DO SECRETARIO;ASSESSOR III;ASSESSOR III; 40:00;01/03/2023;CARGO COMISSION.S/VINCULO;3191,80;;3191,80;327,46;2864,34;
JEANE MARIA MAR PASSOS;DPTO.ADMINISTRACAO E FINANCAS;A.TEC-I;SEC.EXEC.ADJ. ADM; 40:00;10/06/1986;ESTATUTARIO;4399,39;;4399,39;756,85;3642,54;
JEIBSON DOS SANTOS JUSTINIANO;GABINETE DO SECRETARIO;PROF.MESTRE ASSIST.D 40HS-PM.111.20;CONTROLADOR GERAL DO; 40:00;01/01/2023;ESTATUTARIO;28060,00;;28060,00;6831,54;21228,46;
JESSICA DE SOUZA COSTA;SUBCONTROL.DE CONTROL.INTERNO;ASSESSOR DE CONTROLE INTERNO II;NAO INFORMADO; 40:00;01/10/2020;CARGO COMISSION.S/VINCULO;4209,79;;4209,79;597,14;3612,65;
JOSE VICTOR OLIVEIRA DE OLIVEIRA;SUBCONTROL.DE OUVIDORIA;GERENTE;GERENTE; 40:00;01/09/2023;CARGO COMISSION.S/VINCULO;4209,79;;4209,79;597,14;3612,65;
KAREN KAROLINE DA SILVA QUEIROZ;GABINETE DO SECRETARIO;ASSESSOR II;ASSESSOR II; 40:00;17/03/2023;CARGO COMISSION.S/VINCULO;4209,79;;4209,79;597,14;3612,65;
KATIO TRAVESSA DA SILVA;GABINETE DO SECRETARIO;ASSESSOR III;ASSESSOR III; 40:00;01/10/2023;CARGO COMISSION.S/VINCULO;3191,80;;3191,80;327,46;2864,34;
KEYLA CARVALHO CAVALCANTE;SUBCONTROL.DE CONTROL.INTERNO;ASSESSOR I;NAO INFORMADO; 40:00;08/05/2020;CARGO COMISSION.S/VINCULO;5229,77;;5229,77;872,16;4357,61;
KLYSSIA ALVES DA SILVA MOURA;GABINETE DO SECRETARIO;ASSESSOR I;ASSESSOR I; 40:00;17/04/2023;CARGO COMISSION.S/VINCULO;5229,77;;5229,77;957,83;4271,94;
LARISSA MONTEIRO PINTO DE ANDRADE;SUBCONTROL.DE OUVIDORIA;CHEFE DE DEPARTAMENTO;; 30:00;08/06/2018;CARGO COMISSION.S/VINCULO;5229,77;;5229,77;914,81;4314,96;
LICIA DA SILVA BARNABE SANTANA;SUBCONTROL.DE OUVIDORIA;ASSESSOR IV;NAO INFORMADO; 40:00;01/02/2019;CARGO COMISSION.S/VINCULO;2575,61;;2575,61;212,12;2363,49;
LUCIA DE FATIMA RIBEIRO MAGALHAES;SUBCONTROL.DE CONTROL.INTERNO;SUBCONTROLADOR-GERAL CONT.INTERNO;NAO INFORMADO; 40:00;01/07/2019;CARGO COMISSION.S/VINCULO;11700,00;;11700,00;2968,33;8731,67;
MACLAINE NEVES BARROS;SUBCONTROL.DE OUVIDORIA;ASSESSOR III;ASSESSOR III; 40:00;01/03/2023;CARGO COMISSION.S/VINCULO;3191,80;;3191,80;327,46;2864,34;
MARCELA MELO PEREIRA;DPTO.ADMINISTRACAO E FINANCAS;ASSESSOR III;; 40:00;20/03/2018;CARGO COMISSION.S/VINCULO;3191,80;;3191,80;327,46;2864,34;
MARCOS PAULO MATOS DE SOUZA;SUBCONTROL.DE CONTROL.INTERNO;ASSESSOR DE CONTROLE INTERNO II;NAO INFORMADO; 40:00;01/04/2019;CARGO COMISSION.S/VINCULO;4209,79;;4209,79;557,17;3652,62;
MARIA TEREZA ELIAS BEZERRA MENEZES;SUBCONTROL.DE CONTROL.INTERNO;ASSESSOR DE CONTROLE INTERNO II;; 40:00;20/12/2017;CARGO COMISSION.S/VINCULO;4209,79;;4209,79;597,14;3612,65;
MARIANA SILVA BONAFE;GABINETE DO SECRETARIO;ASSESSOR IV;ASSESSOR IV; 40:00;01/09/2023;CARGO COMISSION.S/VINCULO;2575,61;;2575,61;212,12;2363,49;
MARILENE PINHEIRO FONSECA PALHARES;SUBCONTROL.DE OUVIDORIA;ASSESSOR III;NAO INFORMADO; 40:00;01/02/2019;CARGO COMISSION.S/VINCULO;3191,80;;3191,80;327,46;2864,34;
MATHEUS RODRIGUES DA COSTA;SUBCONTROL.DE CONTROL.INTERNO;ASSESSOR III;ASSESSOR III; 40:00;17/03/2023;CARGO COMISSION.S/VINCULO;3191,80;;3191,80;327,46;2864,34;
MICHEL KRISTHIAN LAVOR CRUZ TAMER;SUBCONTROL.DE CONTROL.INTERNO;ASSESSOR DE CONTROLE INTERNO I;; 40:00;01/03/2018;CARGO COMISSION.S/VINCULO;5229,77;;5229,77;914,81;4314,96;
NARA MARLY ALVES DE OLIVEIRA SOUZA;SUBCONTROL.DE OUVIDORIA;ASSESSOR III;ASSESSOR III; 40:00;16/12/2021;CARGO COMISSION.S/VINCULO;3191,80;;3191,80;327,46;2864,34;
NICOLE BENCHAYA MARQUES P LOPES;SUBCONTROL.DE CONTROL.INTERNO;ASSESSOR DE CONTROLE INTERNO II;ASSESSOR DE CONTROLE; 40:00;01/05/2023;CARGO COMISSION.S/VINCULO;4209,79;;4209,79;597,14;3612,65;
PAULA SILVA DE OLIVEIRA;GABINETE DO SECRETARIO;ASSESSOR III;; 40:00;02/01/2018;CARGO COMISSION.S/VINCULO;3191,80;;3191,80;317,16;2874,64;
PLINIO CESAR ALBUQUERQUE COELHO;SEC.EXEC.ADJ.DE ADMINISTRACAO;SEC EXEC ADJ ADMINISTRACAO;SEC EXEC ADJ ADMINIS; 40:00;17/05/2023;CARGO COMISSION.S/VINCULO;9000,00;;9000,00;2225,83;6774,17;
RENATA INGRID PANTOJA DA SILVA;SUBCONTROL.DE CONTROL.INTERNO;ASSESSOR III;NAO INFORMADO; 40:00;27/07/2020;CARGO COMISSION.S/VINCULO;3191,80;;3191,80;327,46;2864,34;
RIANDRY PIZANO CARVALHO;SUBCONTROL.DE CONTROL.INTERNO;ASSESSOR DE CONTROLE INTERNO I;ASSESSOR DE CONTROLE; 40:00;16/12/2021;CARGO COMISSION.S/VINCULO;5229,77;;5229,77;957,83;4271,94;
RICARDO DOS SANTOS PONTES;DPTO.ADMINISTRACAO E FINANCAS;A.TEC-I;; 30:00;17/03/1986;ESTATUTARIO;3935,44;;3935,44;688,23;3247,21;
ROBSON CARVALHO DA SILVA;SUBCONTROL.DE OUVIDORIA;ASSESSOR TECNICO;NAO INFORMADO; 40:00;01/02/2019;CARGO COMISSION.S/VINCULO;7000,00;;7000,00;1624,32;5375,68;
RODRIGO JUNIO ALVES DE SOUZA;DEPTO.RECURSOS DA INFORMACAO;ASSESSOR III;NAO INFORMADO; 40:00;01/11/2019;CARGO COMISSION.S/VINCULO;3191,80;;3191,80;327,46;2864,34;
ROOSEVELT FARIAS DE MORAES;DPTO.ADMINISTRACAO E FINANCAS;ASSESSOR DE CONTROLE INTERNO II;NAO INFORMADO; 40:00;15/10/2020;CARGO COMISSION.S/VINCULO;4209,79;;4209,79;557,17;3652,62;
ROSIMAR MONIQUE DOS S V SOBRINHO;GABINETE DO SECRETARIO;ASSESSOR DE COMUNICACAO;ASSESSOR DE COMUNICA; 40:00;01/04/2023;CARGO COMISSION.S/VINCULO;5229,77;;5229,77;957,83;4271,94;
RUY BRASIL CORREA FILHO;SUBCONTROL.DE CONTROL.INTERNO;TNS-I;CH DE DPTO AD-1; 30:00;17/08/1984;ESTATUTARIO;7324,59;;7324,59;1781,45;5543,14;
SANDRO ALMEIDA GUIMARAES;DPTO.ADMINISTRACAO E FINANCAS;ASSESSOR III;ASSESSOR III; 40:00;11/04/2022;CARGO COMISSION.S/VINCULO;3191,80;;3191,80;327,46;2864,34;
SUELEN OLIVEIRA MOTA;SUBCONTROL.DE CONTROL.INTERNO;ASSESSOR DE CONTROLE INTERNO II;NAO INFORMADO; 40:00;01/09/2019;CARGO COMISSION.S/VINCULO;4209,79;;4209,79;597,14;3612,65;
SYLVIA LEANDRO MARINHO;GABINETE DO SECRETARIO;SECRETARIO EXECUTIVO;SECRETARIO EXECUTIVO; 40:00;17/08/2023;DISP. OUTROS ESFERAS;11700,00;;11700,00;2332,54;9367,46;
TEREZA CRISTINA MOTA DOS S PINTO;SUBCONTROL.DE CONTROL.INTERNO;ASSESSOR DE CONTROLE INTERNO I;ASSESSOR DE CONTROLE; 40:00;19/01/2023;DISP. OUTROS ESFERAS;5000,00;;5000,00;490,04;4509,96;
THALYTA HAMARIAH DUARTE DE LIMA;DPTO.ADMINISTRACAO E FINANCAS;ASSESSOR IV;ASSESSOR IV; 40:00;01/02/2023;CARGO COMISSION.S/VINCULO;2575,61;;2575,61;212,12;2363,49;
VANESSA REIS DE LIMA;GABINETE DO SECRETARIO;ASSESSOR III;NAO INFORMADO; 40:00;18/08/2020;CARGO COMISSION.S/VINCULO;3191,80;;3191,80;327,46;2864,34;
WILLIAM DANIEL BRASIL DAVID;ASSESSORIA TECNICA;ASSESSOR JURIDICO;ASSESSOR JURIDICO; 40:00;01/02/2023;CARGO COMISSION.S/VINCULO;5229,77;;5229,77;914,81;4314,96;
WILLIAM JAMES RODRIGUES DE OLIVEIRA;SUBCONTROL.DE CONTROL.INTERNO;ASSESSOR DE CONTROLE INTERNO I;; 40:00;01/03/2018;CARGO COMISSION.S/VINCULO;5229,77;;5229,77;914,81;4314,96;
