NOME;LOTACAO;CARGO;FUNCAO;VINCULO;REMUNERACAO LEGAL TOTAL(R$);DESC.TETO(R$); REMUNERACAO LEGAL DEVIDA(R$);DESCONTOS LEGAIS(R$);LIQUIDO DISPONIVEL(R$);
ACASSIO COELHO EUGENIO;DEPTO.DEFESA AGROP.E FLORESTAL;ENG.AGRO-III;; ESTATUTARIO;8923,60;;8923,60;2286,52;6637,08;
ADALCIRLON FABIO ALVES DE MATOS;PARINTINS;M.FLU-III;; ESTATUTARIO;3600,22;;3600,22;398,55;3201,67;
ADEILSON SILVA SOUSA;APUI;T.F.AGRO-III;; ESTATUTARIO;5655,15;;5655,15;927,95;4727,20;
ADELTON QUEIROZ DOS SANTOS;PRESIDENTE FIGUEIREDO;AG.F.AGRO-II;; ESTATUTARIO;6137,24;;6137,24;1088,72;5048,52;
ADERALDO ALVES DE FRANCA;GUAJARA;T.F.AGRO-II;TEC.EM AGROPECUARIA; ESTATUTARIO;6137,24;;6137,24;1088,72;5048,52;
ADILSON PEREIRA DA SILVA;APUI;T.F.AGRO-III;; ESTATUTARIO;5655,15;;5655,15;1013,26;4641,89;
ADRIANA FURTADO ROBERTO;SILVES;T.F.AGRO-III;; ESTATUTARIO;5655,15;;5655,15;1013,26;4641,89;
ADRIELE VICTORIA DE SOUZA FERREIRA;DEPTO.DEFESA AGROP.E FLORESTAL;T.F.AGRO-III;; ESTATUTARIO;5155,15;;5155,15;900,76;4254,39;
ADSON FERREIRA DE CARVALHO;AUTAZES - NOVO CEU;T.F.AGRO-III;; ESTATUTARIO;5655,15;;5655,15;970,60;4684,55;
AEUDES DA COSTA ERICEIRA;PARINTINS;T.F.AGRO-III;; ESTATUTARIO;5655,15;;5655,15;1013,26;4641,89;
AGEMIRO MORA LOPES;PAUINI;COORDENADOR DE UNIDADE;COORDENADOR DE UNIDA; CARGO COMISSION.S/VINCULO;3691,80;;3691,80;387,46;3304,34;
AIRTON REIS DE JESUS;TEFE;F.AGRO.MED.V-III;; ESTATUTARIO;9058,58;;9058,58;1173,75;7884,83;
AJAX DE SOUSA FERREIRA;DEPTO.DEFESA AGROP.E FLORESTAL;TECNICO EM AGROPECUARIA;GERENTE; ESTATUTARIO;6384,04;;6384,04;1209,74;5174,30;
ALAOR MAGALH ES PEREIRA;APUI;T.F.AGRO-III;; ESTATUTARIO;5655,15;;5655,15;885,29;4769,86;
ALCINEY FLORENCO BARROSO;DEPTO.ADM.FIN.COM.E FOMENTO;COORDENADOR;COORDENADOR; CARGO COMISSION.S/VINCULO;3691,80;;3691,80;387,46;3304,34;
ALDA LUCIA DE MOURA LOUREIRO;DEPTO.ADM.FIN.COM.E FOMENTO;GERENTE;GERENTE; CARGO COMISSION.S/VINCULO;4709,79;;4709,79;667,14;4042,65;
ALDEMIR GONCALO DA SILVA;DEPTO.DEFESA AGROP.E FLORESTAL;F.AGRO.MED.V-III;; ESTATUTARIO;8812,76;;8812,76;1799,47;7013,29;
ALESSANDRA BORGES DA SILVA;ITACOATIARA;F.AGRO.MED.V-III;; ESTATUTARIO;9058,58;;9058,58;2256,14;6802,44;
ALEX DABSON DE ALMEIDA LIMA;DEPTO.ADM.FIN.COM.E FOMENTO;MOT-III;; ESTATUTARIO;3152,49;;3152,49;371,35;2781,14;
ALEXANDRE DA GAMA LOPES;MANACAPURU;M.FLU-III;; ESTATUTARIO;3600,22;;3600,22;398,55;3201,67;
ALEXANDRE DE SOUSA E SILVA;NOVO ARIPUANA;T.F.AGRO-III;; ESTATUTARIO;5655,15;;5655,15;927,95;4727,20;
ALINE LOPES DE OLIVEIRA;BOA VISTA DO RAMOS;T.F.AGRO-III;; ESTATUTARIO;5655,15;;5655,15;1013,26;4641,89;
ALISON ANDRE XIMENES SOARES;DEPTO.DEFESA AGROP.E FLORESTAL;F.AGRO.MED.V-III;; ESTATUTARIO;8812,76;;8812,76;2244,80;6567,96;
ALISON EDMUNDO BATISTA;HUMAITA;MOT-III;; ESTATUTARIO;3600,22;;3600,22;398,55;3201,67;
ALOYSIO MAIA MALVEIRA JUNIOR;DEPTO.DEFESA AGROP.E FLORESTAL;ENGENHEIRO AGRONOMO;; ESTATUTARIO;9272,58;;9272,58;2365,78;6906,80;
ALTAIR DE ALMEIDA CAVALCANTE;DEPTO.DEFESA AGROP.E FLORESTAL;TECNICO EM AGROPECUARIA;; ESTATUTARIO;5709,15;;5709,15;1085,52;4623,63;
AMAURY AZEVEDO LUZ;DEPTO.DEFESA AGROP.E FLORESTAL;F.AGRO.MED.V-III;; ESTATUTARIO;3463,65;;3463,65;3031,92;431,73;
ANA CAROLINA COSTA DE MOURA;DEPTO.DEFESA AGROP.E FLORESTAL;T.F.AGRO-III;; ESTATUTARIO;5155,15;;5155,15;900,76;4254,39;
ANA CRISTINA KRZYZANIAK;DEPTO.DEFESA AGROP.E FLORESTAL;F.AGRO.MED.V-II;FISCAL AGROP-III CL; ESTATUTARIO;9673,64;;9673,64;2568,92;7104,72;
ANDERSON CARVALHO DA ROCHA;CAREIRO DA VARZEA;AUX.F.AGRO-II;; ESTATUTARIO;3994,28;;3994,28;436,74;3557,54;
ANDRE LUIZ BORBOREMA DA CUNHA;DEPTO.DEFESA AGROP.E FLORESTAL;T.F.AGRO-III;; ESTATUTARIO;5155,15;;5155,15;900,76;4254,39;
ANDRE LUIZ MEIRELES PATRICIO FILHO;CAREIRO CASTANHO;MOT-III;; ESTATUTARIO;3600,22;;3600,22;398,55;3201,67;
ANDRE PARANHOS ALBUQUERQUE;SANTO ANTONIO DO MATUPI;AUX.AGR-III;ASSESSOR III; ESTATUTARIO;5130,53;;5130,53;582,87;4547,66;
ANDRE RICARDO MORAIS DOS SANTOS;ITACOATIARA;T.F.AGRO-III;; ESTATUTARIO;5655,15;;5655,15;1013,26;4641,89;
ANDREZZA RIBEIRO DE LIMA MORENO;MANACAPURU;ASSESSOR III;ASSESSOR III; CARGO COMISSION.S/VINCULO;3691,80;;3691,80;387,46;3304,34;
ANGELICA MARTINA GONCALVES PEREIRA;DEPTO.DEFESA AGROP.E FLORESTAL;F.AGRO.MED.V-III;; ESTATUTARIO;8812,76;;8812,76;2244,80;6567,96;
ANNYELLE BEZERRA DA SILVA TORRES;DEPTO.ADM.FIN.COM.E FOMENTO;ASSESSOR III;ASSESSOR III; CARGO COMISSION.S/VINCULO;3691,80;;3691,80;387,46;3304,34;
ANSELMO DE SOUZA BEZERRA;EIRUNEPE;TECNICO EM AGROPECUARIA;; ESTATUTARIO;5436,22;;5436,22;1108,98;4327,24;
ANTONIO EDSON DE SOUZA SOARES;DEPTO.DEFESA AGROP.E FLORESTAL;T.F.AGRO-II;TEC.EM AGROPECUARIA; ESTATUTARIO;7349,65;;7349,65;1300,28;6049,37;
ANTONIO GIOVANNI PONTES VIANA;BOCA DO ACRE;T.F.AGRO-III;; ESTATUTARIO;5655,15;;5655,15;1013,26;4641,89;
ANTONIO JORGE SANTOS SILVA MATTOS;DEPTO.DEFESA AGROP.E FLORESTAL;F.AGRO.MED.V-III;; ESTATUTARIO;8923,60;;8923,60;2286,52;6637,08;
ANTONIO JOSE LEAL NINA ROLDAO;DEPTO.DEFESA AGROP.E FLORESTAL;T.F.AGRO-III;; ESTATUTARIO;6706,87;;6706,87;1294,43;5412,44;
ANTONIO YAN MENEZES C DELMIRO;EIRUNEPE;T.F.AGRO-III;; ESTATUTARIO;5655,15;;5655,15;970,60;4684,55;
ARQUIMIMO DO AMARAL SILVA;EIRUNEPE;T.F.AGRO-III;; ESTATUTARIO;5655,15;;5655,15;1013,26;4641,89;
AUGUSTO CEZAR CRUZ DE CASTRO;TABATINGA;T.F.AGRO-III;; ESTATUTARIO;5655,15;;5655,15;885,29;4769,86;
AUREA SIQUEIRA DE CASTRO AZEVEDO;HUMAITA;F.A.ENG.FLOR-III;; ESTATUTARIO;9058,58;;9058,58;2204,01;6854,57;
BARBARA BRANDAO FERREIRA DA SILVEIR;DEPTO.DEFESA AGROP.E FLORESTAL;F.A.ENG.AGRO-II;; ESTATUTARIO;8977,30;;8977,30;2202,47;6774,83;
BIFARNEY GONCALVES COSTA;BOCA DO ACRE;T.F.AGRO-III;; ESTATUTARIO;5642,00;;5642,00;;5642,00;
BOAVENTURA BEZERRA DA SILVA FILHO;MARAA;T.F.AGRO-III;; ESTATUTARIO;5655,15;;5655,15;1013,26;4641,89;
BRENDA CAROLINE DA COSTA ARAUJO;SANTA IZABEL DO RIO NEGRO;AUX.F.AGRO-II;AUX. AGROPECUARIO; ESTATUTARIO;3994,28;;3994,28;462,99;3531,29;
BRUNO SILVA E SILVA;NOVO REMANSO;T.F.AGRO-II;TEC.EM AGROPECUARIA; ESTATUTARIO;6137,24;;6137,24;1046,06;5091,18;
BRUNO SOARES MOURA COSTA;APUI;T.F.AGRO-III;; ESTATUTARIO;5655,15;;5655,15;1013,26;4641,89;
CAETANINHA DA CUNHA CAVALCANTI;ASSESSORIA;TNS-III;; ESTATUTARIO;7150,20;;7150,20;1618,84;5531,36;
CAMILA DA COSTA AZEVEDO;ITACOATIARA;AG.F.AGRO-III;; ESTATUTARIO;5655,15;;5655,15;927,95;4727,20;
CARLA CRISTINA SILVA MENDONCA;DEPTO.ADM.FIN.COM.E FOMENTO;GERENTE;GERENTE; CARGO COMISSION.S/VINCULO;4709,79;;4709,79;616,67;4093,12;
CARLEU BARBA SOARES;MANICORE;T.F.AGRO-II;TEC.EM AGROPECUARIA; ESTATUTARIO;6137,24;;6137,24;1186,71;4950,53;
CARLOS AUGUSTO NUNES DA SILVA;PRESIDENTE FIGUEIREDO;AUX.F.AGRO-II;; ESTATUTARIO;3994,28;;3994,28;493,74;3500,54;
CARLOS ELSIO PEREIRA LIMA;APUI;T.F.AGRO-III;; ESTATUTARIO;5655,15;;5655,15;970,60;4684,55;
CARLOS PEDRO DA SILVA;ANAMA;T.F.AGRO-II;TEC.EM AGROPECUARIA; ESTATUTARIO;8016,32;;8016,32;1651,32;6365,00;
CARLOS PETRONIO DE SOUZA QUEIROZ;DEPTO.DEFESA AGROP.E FLORESTAL;AG.F.AGRO-II;AG.AGROPECUARIO; ESTATUTARIO;5637,24;;5637,24;859,53;4777,71;
CASEMIRO DA PAZ DE SOUZA;DEPTO.ADM.FIN.COM.E FOMENTO;AUX.F.AGRO-II;; ESTATUTARIO;3494,28;;3494,28;445,77;3048,51;
CHARLLES LIKIYASU OSAWA DA SILVA;NOVO ARIPUANA;T.F.AGRO-III;; ESTATUTARIO;5655,15;;5655,15;885,29;4769,86;
CHRISSOSTOMO PEREIRA NINA NETO;DEPTO.DEFESA AGROP.E FLORESTAL;T.F.AGRO-II;TEC.EM AGROPECUARIA; ESTATUTARIO;5637,24;;5637,24;889,24;4748,00;
CLARA BATISTA NOGUEIRA;IRANDUBA;A.TEC-III;; ESTATUTARIO;4990,13;;4990,13;232,86;4757,27;
CLAUDENICE DE MORAIS LIMA;AUTAZES;ASSESSOR II;ASSESSOR II; CARGO COMISSION.S/VINCULO;4709,79;;4709,79;667,14;4042,65;
CLAUDIA DE FATIMA RAMOS CAMPOS;PARINTINS;MEDICO VETERINARIO;; ESTATUTARIO;10072,58;;10072,58;2637,92;7434,66;
CLAUDINEI VENTURA DO NASCIMENTO;APUI;T.F.AGRO-II;TEC.EM AGROPECUARIA; ESTATUTARIO;6137,24;;6137,24;1134,57;5002,67;
CLAUDIO EMANUEL MAGALHAES GURGEL;DEPTO.DEFESA AGROP.E FLORESTAL;ENG.AGRO-III;; ESTATUTARIO;8258,58;;8258,58;2036,14;6222,44;
CLEIDE PEREIRA LOPES;DEPTO.ADM.FIN.COM.E FOMENTO;ASSESSOR III;ASSESSOR III; CARGO COMISSION.S/VINCULO;3691,80;;3691,80;387,46;3304,34;
CLEYONE BALICA DE ALMEIDA;INTERIOR;F.AGRO.MED.V-III;; ESTATUTARIO;9612,76;;9612,76;1313,19;8299,57;
CRISTIANE DA SILVA KLEHM;DEPTO.DEFESA AGROP.E FLORESTAL;F.A.ENG.AGRO-II;FIS.AGROP.AGRONOMIA; ESTATUTARIO;9795,95;;9795,95;2562,83;7233,12;
DANIEL COSTA DE OLIVEIRA;DEPTO.ADM.FIN.COM.E FOMENTO;MOT-III;; ESTATUTARIO;3100,22;;3100,22;364,03;2736,19;
DANIEL DA SILVA BARBOSA;BOCA DO ACRE;T.F.AGRO-III;; ESTATUTARIO;5655,15;;5655,15;1013,26;4641,89;
DANIEL MACHADO ROCHA;MANACAPURU;F.AGRO.MED.V-II;FISCAL AGROP-III CL; ESTATUTARIO;10473,64;;10473,64;2684,64;7789,00;
DANIEL RODRIGUES CHAGAS JUNIOR;MANICORE;AUX.F.AGRO-III;; ESTATUTARIO;3713,28;;3713,28;422,86;3290,42;
DANIELLA APARECIDA DOS SANTOS;APUI;T.F.AGRO-III;; ESTATUTARIO;5655,15;;5655,15;1013,26;4641,89;
DARLEY ARAUJO CRUZ;NOVO REMANSO;F.AGRO.MED.V-III;; ESTATUTARIO;9612,76;;9612,76;2464,80;7147,96;
DENILDO LOPES DA GAMA;PARINTINS;AUX.F.AGRO-III;; ESTATUTARIO;3713,28;;3713,28;422,86;3290,42;
DERLANI JOSE PEREIRA SERRAO;URUCURITUBA;T.F.AGRO-II;TEC. AGROPECUARIA; ESTATUTARIO;6137,24;;6137,24;1134,57;5002,67;
DIEGO LANER;DEPTO.DEFESA AGROP.E FLORESTAL;F.AGRO.MED.V-II;FISCAL AGROP-III CL; ESTATUTARIO;9795,95;;9795,95;2562,83;7233,12;
DIELIA MARIA PICANCO PESSOA;PARINTINS;COORDENADOR DE UNIDADE;COORDENADOR DE UNIDA; CARGO COMISSION.S/VINCULO;3691,80;;3691,80;387,46;3304,34;
DIOGENES DE OLIVEIRA MAGALHAES;BERURI;T.AG-III;; ESTATUTARIO;5655,15;;5655,15;1013,26;4641,89;
DIOGO ROBERTO PFAU;APUI;F.AGRO.MED.V-III;; ESTATUTARIO;9612,76;;9612,76;2464,80;7147,96;
DORIVALDO SALES PASSOS;PRESIDENTE FIGUEIREDO;T.F.AGRO-II;TEC.AGROPECUARIA; ESTATUTARIO;6137,24;;6137,24;1134,57;5002,67;
EDER PEDRENO BELTRAO;BARREIRINHA;T.F.AGRO-II;; ESTATUTARIO;6137,24;;6137,24;1134,57;5002,67;
EDFRAN NASCIMENTO ANDRADE;SAO GABRIEL DA CACHOEIRA;T.F.AGRO-III;; ESTATUTARIO;5655,15;;5655,15;885,29;4769,86;
EDIMAR BRANCHES GALVAO;NOVO ARIPUANA;T.F.AGRO-III;; ESTATUTARIO;5655,15;;5655,15;970,60;4684,55;
EDIVAN LIMA RIBEIRO;IRANDUBA;AUX.F.AGRO-II;AUX.AGROPECUARIO; ESTATUTARIO;3964,64;;3964,64;485,15;3479,49;
EDSON AZEVEDO FERNANDES;BOCA DO ACRE;MEDICO VETERINARIO;; ESTATUTARIO;9058,58;;9058,58;1996,17;7062,41;
EDSON FERREIRA GUIMARAES;APUI;T.F.AGRO-III;; ESTATUTARIO;5655,15;;5655,15;885,29;4769,86;
ELISA MARA SOUZA DOS SANTOS DIRANE;DEPTO.DEFESA AGROP.E FLORESTAL;CHEFE DE DEPARTAMENTO;CHEFE DE DEPARTAMENT; CARGO COMISSION.S/VINCULO;5729,77;;5729,77;1011,72;4718,05;
ELOISA MARTINS SOARES MACIEL;DEPTO.DEFESA AGROP.E FLORESTAL;F.AGRO.MED.V-III;; ESTATUTARIO;8812,76;;8812,76;2192,66;6620,10;
EMERSON CARLOS DE ALCANTARA PAULA;MANAQUIRI;AG.F.AGRO-III;; ESTATUTARIO;7373,53;;7373,53;1477,76;5895,77;
EMILIO AFONSO DA SILVA FILHO;DEPTO.DEFESA AGROP.E FLORESTAL;MED.V-III;; ESTATUTARIO;8258,58;;8258,58;1984,01;6274,57;
EMILY LIRA SIMOES;CANUTAMA;ENG.AGRO-III;; ESTATUTARIO;9723,60;;9723,60;2506,52;7217,08;
ERICA BEATRIZ VALENTE CARVALHO;DEPTO.ADM.FIN.COM.E FOMENTO;TNS-III;; ESTATUTARIO;7704,38;;7704,38;1827,49;5876,89;
ERILANE DOS SANTOS ALMEIDA;DEPTO.DEFESA AGROP.E FLORESTAL;AUX.F.AGRO-III;; ESTATUTARIO;3213,28;;3213,28;379,86;2833,42;
ERIVANOR ARAUJO DOS SANTOS;MANAQUIRI;TECNICO EM AGROPECUARIA;; ESTATUTARIO;5443,28;;5443,28;1112,27;4331,01;
EUDES DE SOUZA LEITE;URUCARA;T.F.AGRO-III;; ESTATUTARIO;5655,15;;5655,15;1013,26;4641,89;
EVANDRO AZEVEDO BARROS JUNIOR;BOCA DO ACRE;T.F.AGRO-III;; ESTATUTARIO;5655,15;;5655,15;1013,26;4641,89;
EVILASIO MONTEIRO NOGUEIRA;NOVO ARIPUANA;T.F.AGRO-III;; ESTATUTARIO;5655,15;;5655,15;1013,26;4641,89;
EWERTON SALVADOR MARIANO;TONANTINS;T.F.AGRO-III;; ESTATUTARIO;5655,15;;5655,15;927,95;4727,20;
EZEQUIEL PEREIRA VALENTIM;DEPTO.DEFESA AGROP.E FLORESTAL;ASSESSOR III;ASSESSOR III; CARGO COMISSION.S/VINCULO;3691,80;;3691,80;387,46;3304,34;
FABIANO PIMENTEL DOS SANTOS;MAUES;F.AGRO.MED.V-II;FISCAL AGROP-III CL; ESTATUTARIO;20947,28;;20947,28;5431,44;15515,84;
FABIO TRINDADE GONCALVES;PRESIDENTE FIGUEIREDO;F.AGRO.MED.V-III;; ESTATUTARIO;12650,35;;12650,35;3300,13;9350,22;
FERNANDA RECH;DEPTO.DEFESA AGROP.E FLORESTAL;F.AGRO.MED.V-III;; ESTATUTARIO;11583,68;;11583,68;3006,80;8576,88;
FLADSON AUGUSTO MARTINEZ DA SILVA;DEPTO.DEFESA AGROP.E FLORESTAL;ASSESSOR III;ASSESSOR III; CARGO COMISSION.S/VINCULO;3691,80;;3691,80;387,46;3304,34;
FRANCISCA DAS CHAGAS DA S FARIAS;ENVIRA;T.F.AGRO-III;; ESTATUTARIO;5655,15;;5655,15;1013,26;4641,89;
FRANCISCA LAZARA CHAGAS R VENANCIO;DEPTO.DEFESA AGROP.E FLORESTAL;F.AGRO.MED.V-III;; ESTATUTARIO;8258,58;;8258,58;953,75;7304,83;
FRANCISCO ANTONIO OLIVEIRA QUEIROZ;LABREA;COORDENADOR DE UNIDADE;COORDENADOR DE UNIDA; CARGO COMISSION.S/VINCULO;3691,80;;3691,80;387,46;3304,34;
FRANCISCO AUGUSTO TAVARES PINTO;IRANDUBA;AUX.F.AGRO-II;; ESTATUTARIO;3994,28;;3994,28;493,74;3500,54;
FRANCISCO DE JESUS OLIVEIRA ARAUJO;NOVO ARIPUANA;T.F.AGRO-II;; ESTATUTARIO;6137,24;;6137,24;1186,71;4950,53;
FRANCISCO DE OLIVEIRA DOS SANTOS;AUTAZES;T.F.AGRO-III;; ESTATUTARIO;5655,15;;5655,15;1013,26;4641,89;
FRANCISCO MENDES DA CUNHA;CAREIRO CASTANHO;GERENTE;GERENTE; CARGO COMISSION.S/VINCULO;4709,79;;4709,79;627,14;4082,65;
FRANCKIMAR PAZ DE CASTRO;ITACOATIARA;T.F.AGRO-III;; ESTATUTARIO;5655,15;;5655,15;1013,26;4641,89;
FRANCOAN DE OLIVEIRA DIAS;MANICORE;T.F.AGRO-III;; ESTATUTARIO;5655,15;;5655,15;1013,26;4641,89;
GELCIARA DA SILVA GOMES;MANACAPURU;AG.F.AGRO-III;; ESTATUTARIO;5655,15;;5655,15;970,60;4684,55;
GELCINEI DE SOUZA ARAUJO;INTERIOR;COORDENADOR DE UNIDADE;COORDENADOR DE UNIDA; CARGO COMISSION.S/VINCULO;3691,80;;3691,80;387,46;3304,34;
GIRLEY JORGE BEZERRA;LABREA;F.AGRO.MED.V-III;; ESTATUTARIO;9612,76;;9612,76;2464,80;7147,96;
GISELE TORRES CLIMACO DE ARAUJO;DEPTO.DEFESA AGROP.E FLORESTAL;F.AGRO.MED.V-III;; ESTATUTARIO;8923,60;;8923,60;2182,25;6741,35;
GRAZIELE DOMINGUES;ASSESSORIA;ASSESSOR I;NAO INFORMADO; CARGO COMISSION.S/VINCULO;5729,77;;5729,77;1011,72;4718,05;
HANDERSON ERIVELTO C BUCARTH;APUI;T.F.AGRO-III;; ESTATUTARIO;7373,53;;7373,53;1477,76;5895,77;
HANSLEY MENDERSON DE OLIVEIRA MELO;CODAJAS;A.TEC-III;; ESTATUTARIO;4990,13;;4990,13;791,48;4198,65;
HARUO TAKATANI;DEPTO.DEFESA AGROP.E FLORESTAL;F.AGRO.MED.V-II;; ESTATUTARIO;9203,93;;9203,93;2528,18;6675,75;
HAYLA KALINE RODRIGUES LIMA;CAREIRO DA VARZEA;F.AGRO.MED.V-II;FISCAL AGROP-III CL; ESTATUTARIO;10473,64;;10473,64;2788,92;7684,72;
HEITOR TEIXEIRA MACHADO;PARINTINS;T.F.AGRO-II;TEC.EM AGROPECUARIA; ESTATUTARIO;6086,38;;6086,38;1167,56;4918,82;
HERCULES FERREIRA DA SILVA;LABREA - EXTREMA;T.F.AGRO-III;; ESTATUTARIO;5655,15;;5655,15;1013,26;4641,89;
HEUDER FABIO MENDES DA COSTA;PARINTINS;F.AGRO.MED.V-III;; ESTATUTARIO;9058,58;;9058,58;2204,01;6854,57;
HODERLANDY ARLEN RAMOS DE PAIVA;GABINETE;ASSESSOR III;ASSESSOR III; CARGO COMISSION.S/VINCULO;3691,80;;3691,80;387,46;3304,34;
HUERLEN MARLLON FERNANDES DIAS;LABREA - VISTA ALEGRE;T.F.AGRO-III;; ESTATUTARIO;5655,15;;5655,15;1013,26;4641,89;
IDEUS COSTA NUNES JUNIOR;MANICORE;T.F.AGRO-III;; ESTATUTARIO;5655,15;;5655,15;1013,26;4641,89;
IGOR FIGUEIREDO BRANDAO;ASSESSORIA;GERENTE;GERENTE; CARGO COMISSION.S/VINCULO;8006,63;;8006,63;1718,90;6287,73;
IRINELSON CONCEICAO DE MATOS;MANICORE;T.F.AGRO-III;; ESTATUTARIO;5655,15;;5655,15;1013,26;4641,89;
ISRAEL BRITO PORTO;DEPTO.ADM.FIN.COM.E FOMENTO;MOT-III;; ESTATUTARIO;3100,22;;3100,22;364,03;2736,19;
ITALO CORREA DE LIMA;PRESIDENTE FIGUEIREDO;T.F.AGRO-II;TEC.AGROPECUARIA; ESTATUTARIO;6137,24;;6137,24;1186,71;4950,53;
IZAQUE OLIVEIRA DA SILVA;NOVO ARIPUANA;AUX.F.AGRO-II;AUX. AGROPECUARIO; ESTATUTARIO;3964,64;;3964,64;432,46;3532,18;
JADE SOUZA DE LIMA;DEPTO.DEFESA AGROP.E FLORESTAL;COORDENADOR DE UNIDADE;COORDENADOR DE UNIDA; CARGO COMISSION.S/VINCULO;6891,35;;6891,35;1326,75;5564,60;
JADSON RODRIGO LUNAS DE SOUZA;BOCA DO ACRE;T.F.AGRO-III;; ESTATUTARIO;7373,53;;7373,53;1477,76;5895,77;
JAILSON ALVES DE ARAUJO;HUMAITA;T.F.AGRO-II;TEC.EM AGROPECUARIA; ESTATUTARIO;6137,24;;6137,24;1088,72;5048,52;
JAIRO ALVES SOBRINHO;BOCA DO ACRE;T.F.AGRO-III;; ESTATUTARIO;5655,15;;5655,15;927,95;4727,20;
JAMMERSON ALVES DE OLIVEIRA;TEFE;M.FLU-III;; ESTATUTARIO;3600,22;;3600,22;398,55;3201,67;
JEAN CARLOS SILVEIRA DA SILVA;JAPURA;T.F.AGRO-III;; ESTATUTARIO;5655,15;;5655,15;1013,26;4641,89;
JEFFISON DO NASCIMENTO P FERREIRA;DEPTO.DEFESA AGROP.E FLORESTAL;F.AGRO.MED.V-III;; ESTATUTARIO;8812,76;;8812,76;2036,25;6776,51;
JEICIMARA FERREIRA DOS SANTOS;AUTAZES;T.F.AGRO-II;TEC.EM AGROPECUARIA; ESTATUTARIO;6137,24;;6137,24;1088,72;5048,52;
JESSICA LOPES DO LIVRAMENTO;DEPTO.DEFESA AGROP.E FLORESTAL;AUX.F.AGRO-II;AUX. AGROPECUARIO; ESTATUTARIO;3494,28;;3494,28;439,71;3054,57;
JOAO BATISTA DIAS DAMACENO;HUMAITA;F.A.ENG.AGRO-III;; ESTATUTARIO;9834,44;;9834,44;2496,12;7338,32;
JOAO LEONARDO BENTES PEREIRA;DEPTO.ADM.FIN.COM.E FOMENTO;ASSESSOR II;; CARGO COMISSION.S/VINCULO;4420,26;;4420,26;42,09;4378,17;
JOAO VICENTE OLIVEIRA DE AZEVEDO;IRANDUBA;MEDICO VETERINARIO;; ESTATUTARIO;13263,44;;13263,44;3515,40;9748,04;
JOCILEIA FREITAS E SILVA;IRANDUBA;AUX.F.AGRO-II;; ESTATUTARIO;3994,28;;3994,28;493,74;3500,54;
JOEL PAULA FREITAS;DEPTO.ADM.FIN.COM.E FOMENTO;MOT-III;; ESTATUTARIO;3100,22;;3100,22;364,03;2736,19;
JOELMA SERRAO DA SILVA;DEPTO.DEFESA AGROP.E FLORESTAL;F.AGRO.MED.V-III;; ESTATUTARIO;8812,76;;8812,76;2244,80;6567,96;
JONILSON ROLIM MACEDO;DEPTO.DEFESA AGROP.E FLORESTAL;T.F.AGRO-II;TEC.EM AGROPECUARIA; ESTATUTARIO;7349,65;;7349,65;1259,43;6090,22;
JORDEL OLIVEIRA DE LIMA;BOCA DO ACRE;T.F.AGRO-III;; ESTATUTARIO;5655,15;;5655,15;1013,26;4641,89;
JORGEMAR PRADO MARQUES;JUTAI;T.F.AGRO-III;; ESTATUTARIO;7373,53;;7373,53;1477,76;5895,77;
JOSE AUGUSTO CORREA LIMA OMENA;GABINETE;DIRETOR;DIRETOR; CARGO COMISSION.S/VINCULO;9500,00;;9500,00;2225,83;7274,17;
JOSE MIRANDA AZEVEDO;NHAMUNDA;T.F.AGRO-II;; ESTATUTARIO;6137,24;;6137,24;1186,71;4950,53;
JOSE MOREIRA DE ANDRADE NETO;BOCA DO ACRE;A.TEC-III;; ESTATUTARIO;4990,13;;4990,13;791,48;4198,65;
JOSE RAIMUNDO DE SOUZA PINTO;PARINTINS;T.F.AGRO-II;TEC.EM AGROP.; ESTATUTARIO;5586,38;;5586,38;1167,56;4418,82;
JOSE RIBEIRO FIRMINO NETO;HUMAITA;AUX.F.AGRO-III;; ESTATUTARIO;4784,37;;4784,37;573,31;4211,06;
JOSE ROGERIO VASCONCELLOS DE ARAUJO;ITACOATIARA;MEDICO VETERINARIO;; ESTATUTARIO;10072,58;;10072,58;2161,16;7911,42;
JOSE SARAIVA DA COSTA;NOVA OLINDA DO NORTE;T.F.AGRO-III;; ESTATUTARIO;5655,15;;5655,15;1013,26;4641,89;
JOSE VILACA DE OLIVEIRA;AUTAZES;T.F.AGRO-III;; ESTATUTARIO;5655,15;;5655,15;1013,26;4641,89;
JOSIELTON PINHEIRO CHAVES;PARINTINS;T.F.AGRO-III;; ESTATUTARIO;5655,15;;5655,15;1013,26;4641,89;
JOSUE ROBERTO MONTEIRO DA SILVA;PRESIDENTE FIGUEIREDO;ASSESSOR II;ASSESSOR II; CARGO COMISSION.S/VINCULO;4709,79;;4709,79;667,14;4042,65;
JOUBERT LIMA DOS SANTOS;ASSESSORIA;TNS-III;; ESTATUTARIO;7150,20;;7150,20;1618,84;5531,36;
JUAN CLEBSON FERREIRA CORDEIRO;CAREIRO DA VARZEA;T.F.AGRO-III;; ESTATUTARIO;5655,15;;5655,15;970,60;4684,55;
JUCIMAR FERREIRA SILVA;HUMAITA;T.F.AGRO-III;; ESTATUTARIO;5655,15;;5655,15;885,29;4769,86;
JULCILEIA ARRUDA DE FARIA;DEPTO.DEFESA AGROP.E FLORESTAL;F.AGRO.MED.V-II;FISCAL AGROP-III CL; ESTATUTARIO;9673,64;;9673,64;2516,78;7156,86;
JULIANA LIRA GAMA PIRES ALVES;DEPTO.DEFESA AGROP.E FLORESTAL;F.AGRO.MED.V-III;; ESTATUTARIO;8923,60;;8923,60;2286,52;6637,08;
JULIANA PEREIRA MENDES;HUMAITA;ENG.AGRO-III;; ESTATUTARIO;9612,76;;9612,76;2464,80;7147,96;
JULIO AUGUSTO MORAES MARTINS;MANACAPURU;T.F.AGRO-II;TEC.AGROPECUARIA; ESTATUTARIO;6137,24;;6137,24;1134,57;5002,67;
JUMAR ARAUJO QUEIROZ ALENCAR;ITACOATIARA;AUX.F.AGRO-III;; ESTATUTARIO;3713,28;;3713,28;422,86;3290,42;
KAMILA HOLANDA DA SILVA SALLES;DEPTO.ADM.FIN.COM.E FOMENTO;ASSESSOR III;ASSESSOR III; CARGO COMISSION.S/VINCULO;3691,80;;3691,80;387,46;3304,34;
KAMILA REGINA ALVES DE SOUZA PEDROS;DEPTO.DEFESA AGROP.E FLORESTAL;AUX.F.AGRO-III;AUX. AGROPECUARIO; ESTATUTARIO;2823,45;;2823,45;409,04;2414,41;
KARINE SANTOS DA CRUZ;BOCA DO ACRE;F.A.ENG.AGRO-III;; ESTATUTARIO;9058,58;;9058,58;2256,14;6802,44;
KARLA PAZ GARCIA;TEFE;AG.F.AGRO-II;AGENTE AGROPECUARIO; ESTATUTARIO;6137,24;;6137,24;1186,71;4950,53;
KARLENE SOBRINHO DA SILVA;DEPTO.ADM.FIN.COM.E FOMENTO;ASSESSOR I;ASSESSOR I; CARGO COMISSION.S/VINCULO;5729,77;;5729,77;1011,72;4718,05;
KEDMA ROCHA DE MELO;BOCA DO ACRE;T.F.AGRO-II;TEC.AGROPECUARIA; ESTATUTARIO;6137,24;;6137,24;1186,71;4950,53;
KIARA ALMEIDA TAVARES;DEPTO.ADM.FIN.COM.E FOMENTO;ASSESSOR II;ASSESSOR II; CARGO COMISSION.S/VINCULO;8791,60;;8791,60;1911,85;6879,75;
LAERCIO DOS REIS JUNIOR;DEPTO.DEFESA AGROP.E FLORESTAL;F.AGRO.MED.V-III;; ESTATUTARIO;11731,47;;11731,47;2902,28;8829,19;
LARISSA DE CARVALHO ARAUJO;CAREIRO DA VARZEA;F.AGRO.MED.V-III;; ESTATUTARIO;12650,35;;12650,35;3300,13;9350,22;
LARISSA DE SA CARVALHO;DEPTO.DEFESA AGROP.E FLORESTAL;F.AGRO.MED.V-III;; ESTATUTARIO;11731,47;;11731,47;3058,69;8672,78;
LEANDRO MARTINS DA SILVA;DEPTO.DEFESA AGROP.E FLORESTAL;T.F.AGRO-III;; ESTATUTARIO;5155,15;;5155,15;900,76;4254,39;
LEONARDO DE BARROS PESSOA;BOCA DO ACRE;F.AGRO.MED.V-III;; ESTATUTARIO;9058,58;;9058,58;2256,14;6802,44;
LEONARDO NOGUEIRA ASSIS;DEPTO.DEFESA AGROP.E FLORESTAL;F.AGRO.MED.V-III;; ESTATUTARIO;8258,58;;8258,58;1931,87;6326,71;
LILIAN TOFFANETTO;DEPTO.DEFESA AGROP.E FLORESTAL;F.AGRO.MED.V-III;; ESTATUTARIO;8258,58;;8258,58;2036,14;6222,44;
LORRAINE ROSITA P B NASCIMENTO;BORBA;T.F.AGRO-III;; ESTATUTARIO;5655,15;;5655,15;1013,26;4641,89;
LUAN VIEIRA BATISTA;DEPTO.DEFESA AGROP.E FLORESTAL;COORDENADOR DE UNIDADE;; CARGO COMISSION.S/VINCULO;1666,82;;1666,82;31,91;1634,91;
LUCAS LOPES DE SA;DEPTO.ADM.FIN.COM.E FOMENTO;A.TEC-III;; ESTATUTARIO;4490,13;;4490,13;702,95;3787,18;
LUCAS XAVIER SANT ANNA;CANUTAMA;F.AGRO.MED.V-III;; ESTATUTARIO;9058,58;;9058,58;2256,14;6802,44;
LUCIANA DA SILVA TAVARES;DEPTO.ADM.FIN.COM.E FOMENTO;ASSESSOR III;ASSESSOR III; CARGO COMISSION.S/VINCULO;3691,80;;3691,80;387,46;3304,34;
LUCIANA FERREIRA DA SILVA;DEPTO.DEFESA AGROP.E FLORESTAL;T.F.AGRO-II;TEC.EM AGROPECUARIA; ESTATUTARIO;5637,24;;5637,24;1061,54;4575,70;
LUIZ ALVES DE ARRUDA NETO;RIO PRETO DA EVA;T.F.AGRO-II;TEC.EM AGROPECUARIA; ESTATUTARIO;6086,38;;6086,38;1115,42;4970,96;
LUIZ ANTONIO DA SILVA;DEPTO.DEFESA AGROP.E FLORESTAL;ENGENHEIRO AGRONOMO;CHEFE DE DEPARTAM; ESTATUTARIO;9272,58;;9272,58;2417,92;6854,66;
LUIZ CARLOS ALBUQUERQUE FERREIRA;MANICORE;T.F.AGRO-III;; ESTATUTARIO;5655,15;;5655,15;927,95;4727,20;
LUIZ FERNANDO DA SILVA;DEPTO.DEFESA AGROP.E FLORESTAL;ENGENHEIRO AGRONOMO;ASSESSOR III; ESTATUTARIO;12082,78;;12082,78;3557,89;8524,89;
LUIZ HENRIQUE OLIVEIRA ORTIZ;AUTAZES;A.TEC-III;; ESTATUTARIO;4990,13;;4990,13;791,48;4198,65;
LUIZ MAGALHAES DE FREITAS;CAREIRO DA VARZEA;AG.F.AGRO-II;AG.AGROPECUARIO; ESTATUTARIO;6137,24;;6137,24;1088,72;5048,52;
MAELSON RODRIGUES LOPES;MANICORE;T.F.AGRO-III;; ESTATUTARIO;5655,15;;5655,15;1013,26;4641,89;
MAGDA ADEGAS DA SILVA;NOVO ARIPUANA;T.F.AGRO-III;; ESTATUTARIO;5655,15;;5655,15;1013,26;4641,89;
MAILTON DA SILVA GUALBERTO;RIO PRETO DA EVA;AUX.F.AGRO-II;AUX. AGROPECUARIO; ESTATUTARIO;5159,04;;5159,04;696,95;4462,09;
MARCAM ZIK UCHOA;GABINETE;CHEFE DE GABINETE;NAO INFORMADO; CARGO COMISSION.S/VINCULO;5729,77;;5729,77;1011,72;4718,05;
MARCELO DANTAS XIMENES;HUMAITA;AUX.F.AGRO-II;; ESTATUTARIO;3994,28;;3994,28;493,74;3500,54;
MARCELO SCHULTZ DA SILVA;INTERIOR;M.FLU-III;; ESTATUTARIO;3600,22;;3600,22;398,55;3201,67;
MARCELO VIEIRA ZEFERINO;BOA VISTA DO RAMOS;T.F.AGRO-II;TEC.EM AGRONOMIA; ESTATUTARIO;6137,24;;6137,24;1186,71;4950,53;
MARCIA REGINA CANCIO SANTIAGO;DEPTO.DEFESA AGROP.E FLORESTAL;AUX.F.AGRO-II;; ESTATUTARIO;3494,28;;3494,28;439,71;3054,57;
MARCIO ANDERSON FERREIRA BARROS;ITACOATIARA;M.FLU-III;; ESTATUTARIO;3600,22;;3600,22;398,55;3201,67;
MARCIO MERENCIO PANZA DE SIQUEIRA;CAREIRO CASTANHO;F.AGRO.MED.V-III;; ESTATUTARIO;9612,76;;9612,76;2464,80;7147,96;
MARIA AMELIA GUIMARAES CRUZ C CONDE;GABINETE;GERENTE;GERENTE; CARGO COMISSION.S/VINCULO;4709,79;;4709,79;667,14;4042,65;
MARIA AUXILIADORA DUARTE DAS CHAGAS;DEPTO.DEFESA AGROP.E FLORESTAL;ASSESSOR III;ASSESSOR III; CARGO COMISSION.S/VINCULO;3691,80;;3691,80;387,46;3304,34;
MARIA DA SILVA MELO;APUI;T.F.AGRO-III;; ESTATUTARIO;5655,15;;5655,15;1013,26;4641,89;
MARIA IVANE BRITO DE SOUZA;PRESIDENTE FIGUEIREDO;T.F.AGRO-II;; ESTATUTARIO;6137,24;;6137,24;1186,71;4950,53;
MARIA LUIZA GRIGIO;PRESIDENTE FIGUEIREDO;F.A.ENG.AGRO-III;; ESTATUTARIO;9834,44;;9834,44;2548,26;7286,18;
MATEUS SOARES BARROSO;MANACAPURU;T.F.AGRO-II;; ESTATUTARIO;6137,24;;6137,24;1134,57;5002,67;
MAURICIO JOSE GUIMARAES PEREIRA;DEPTO.DEFESA AGROP.E FLORESTAL;T.F.AGRO-III;; ESTATUTARIO;7241,33;;7241,33;5711,07;1530,26;
MELQUISEDEQUE MACHADO DA CRUZ;HUMAITA;AUX.F.AGRO-II;AUX.AGROPECUARIO; ESTATUTARIO;3964,64;;3964,64;456,93;3507,71;
MICAEL CASTRO DE SOUZA;DEPTO.ADM.FIN.COM.E FOMENTO;MOT-III;; ESTATUTARIO;3100,22;;3100,22;364,03;2736,19;
MICHAEL MACEDO BESSA;ASSESSORIA;ASSESSOR I;NAO INFORMADO; CARGO COMISSION.S/VINCULO;5729,77;;5729,77;1011,72;4718,05;
MICHAELL DA SILVA SANTOS;DEPTO.DEFESA AGROP.E FLORESTAL;F.A.ENG.AGRO-II;FISCAL AGROP-III CL; ESTATUTARIO;9173,64;;9173,64;2464,64;6709,00;
MICHELE MODESTO MEIRELES;DEPTO.DEFESA AGROP.E FLORESTAL;F.AGRO.MED.V-II;FISC.AGROP.III CL; ESTATUTARIO;9062,06;;9062,06;2338,66;6723,40;
MICHELLA OLIVEIRA MATIAS DOS SANTOS;DEPTO.ADM.FIN.COM.E FOMENTO;COORDENADOR;COORDENADOR; CARGO COMISSION.S/VINCULO;3691,80;;3691,80;387,46;3304,34;
NADIA NARA DOS SANTOS VALENTE;DEPTO.DEFESA AGROP.E FLORESTAL;F.AGRO.MED.V-III;; ESTATUTARIO;8812,76;;8812,76;2244,80;6567,96;
NATHALIA DO NASCIMENTO LOPES SOARES;HUMAITA;T.F.AGRO-III;; ESTATUTARIO;5655,15;;5655,15;970,60;4684,55;
NATHALIA MOURA PRADO;GABINETE;ASSESSOR III;ASSESSOR III; CARGO COMISSION.S/VINCULO;3691,80;;3691,80;387,46;3304,34;
NEIDA MARIA DE OLIVEIRA FARIAS;DEPTO.ADM.FIN.COM.E FOMENTO;CHEFE DE DEPARTAMENTO;CHEFE DE DEPARTAMENT; CARGO COMISSION.S/VINCULO;5729,77;;5729,77;1011,72;4718,05;
NICODEMOS PEIXOTO DE QUEIROZ;AUTAZES;M.FLU-III;; ESTATUTARIO;4633,63;;4633,63;534,47;4099,16;
OLINTO LUIZ DA SILVA NETO;BARREIRINHA;COORDENADOR DE UNIDADE;COORDENADOR DE UNIDA; CARGO COMISSION.S/VINCULO;3691,80;;3691,80;387,46;3304,34;
ORLENCLEISON MARQUES TEMO;HUMAITA;AUX.F.AGRO-II;; ESTATUTARIO;3994,28;;3994,28;448,77;3545,51;
OSEIAS RICARDO MARTINS DE MOURA;GUAJARA;F.AGRO.MED.V-III;; ESTATUTARIO;9058,58;;9058,58;2256,14;6802,44;
OSVALDO PEREIRA DA SILVA NETO;RIO PRETO DA EVA;F.A.ENG.AGRO-III;; ESTATUTARIO;9723,60;;9723,60;2506,52;7217,08;
PABLO DIAS VIEIRA;DEPTO.ADM.FIN.COM.E FOMENTO;TNS-III;; ESTATUTARIO;7150,20;;7150,20;1566,70;5583,50;
PAMELA NUNES CABRAL;HUMAITA;T.F.AGRO-III;; ESTATUTARIO;5655,15;;5655,15;1013,26;4641,89;
PATRICIA MERLINI DE ALMEIDA;HUMAITA;F.AGRO.MED.V-II;FISCAL AGROP.; ESTATUTARIO;10382,82;;10382,82;2650,44;7732,38;
PAULA DE CARVALHO MACHADO ARAUJO;DEPTO.DEFESA AGROP.E FLORESTAL;MED.V-III;; ESTATUTARIO;8258,58;;8258,58;2036,14;6222,44;
PAULO PEDRO TORRES BARROS FILHO;PRESIDENTE FIGUEIREDO;T.F.AGRO-II;; ESTATUTARIO;6137,24;;6137,24;1186,71;4950,53;
PAULO ROBERTO BENTES LOPES JUNIOR;LABREA NOVA CALIFORNIA;T.F.AGRO-III;; ESTATUTARIO;5655,15;;5655,15;1013,26;4641,89;
PAULO VICTOR ZAU DE OLIVEIRA;DEPTO.DEFESA AGROP.E FLORESTAL;T.F.AGRO-II;TEC.AGROPECUARIA; ESTATUTARIO;5637,24;;5637,24;1061,54;4575,70;
PEDRO HENRIQUE SERRAO SOBREIRA;MANACAPURU;A.TEC-III;; ESTATUTARIO;4990,13;;4990,13;791,48;4198,65;
PIETER JAN PINHEIRO ZUIDGEEST;DEPTO.ADM.FIN.COM.E FOMENTO;ASSESSOR II;NAO INFORMADO; CARGO COMISSION.S/VINCULO;4709,79;;4709,79;667,14;4042,65;
PRISCILLA AGUIAR MOLLER;DEPTO.DEFESA AGROP.E FLORESTAL;F.A.ENG.AGRO-III;; ESTATUTARIO;9034,44;;9034,44;2328,26;6706,18;
RAFAEL RODRIGUES DE SOUSA;DEPTO.DEFESA AGROP.E FLORESTAL;GERENTE;GERENTE; CARGO COMISSION.S/VINCULO;4709,79;;4709,79;667,14;4042,65;
RAIMUNDO FERREIRA DA SILVA FILHO;MANACAPURU;T.F.AGRO-III;; ESTATUTARIO;5655,15;;5655,15;1013,26;4641,89;
RAIMUNDO FRANCISCO DA S CORDEIRO;INTERIOR;COORDENADOR DE UNIDADE;COORDENADOR DE UNIDA; CARGO COMISSION.S/VINCULO;3691,80;;3691,80;387,46;3304,34;
RAIMUNDO NONATO DE SOUSA ROSAS;MANICORE;AUX.F.AGRO-III;; ESTATUTARIO;3713,28;;3713,28;422,86;3290,42;
RAIMUNDO ROBERTO DE MELO CARDOSO;BOCA DO ACRE;TECNICO EM AGROPECUARIA;; ESTATUTARIO;6346,75;;6346,75;1198,95;5147,80;
RAIURY SANTOS DA SILVA;INTERIOR;ENG.AGRO-III;; ESTATUTARIO;9058,58;;9058,58;2256,14;6802,44;
RAMERSON VASCONCELOS FERREIRA;DEPTO.DEFESA AGROP.E FLORESTAL;T.F.AGRO-II;; ESTATUTARIO;5586,38;;5586,38;959,26;4627,12;
RAQUEL TOME DA SILVA;DEPTO.DEFESA AGROP.E FLORESTAL;MED.V-III;; ESTATUTARIO;8258,58;;8258,58;953,75;7304,83;
RAYCKSON BENEZAR CARVALHO;SAO SEBASTIAO DO UATUMA;T.F.AGRO-III;; ESTATUTARIO;5655,15;;5655,15;1013,26;4641,89;
RAYLEN JORGE SOARES DE SOUZA;IRANDUBA;T.F.AGRO-II;; ESTATUTARIO;6137,24;;6137,24;860,37;5276,87;
REGINALDO CARIS DOS SANTOS;BOCA DO ACRE;T.F.AGRO-III;; ESTATUTARIO;5655,15;;5655,15;927,95;4727,20;
RENAN ROCHA DE ALMEIDA;INTERIOR;A.TEC-III;; ESTATUTARIO;4990,13;;4990,13;791,48;4198,65;
RENATO OLIVEIRA SANTOS;ITAPIRANGA;T.F.AGRO-III;; ESTATUTARIO;5655,15;;5655,15;1013,26;4641,89;
RICARDO AUGUSTO GONCALVES BORGES;HUMAITA;F.AGRO.MED.V-II;FIS.AGROP.III CL; ESTATUTARIO;10595,95;;10595,95;2782,83;7813,12;
ROBERIO DANTAS MAGALHAES;MAUES;T.F.AGRO-II;TEC.EM AGROPECUARIA; ESTATUTARIO;6137,24;;6137,24;984,58;5152,66;
RODRIGO ALVES ORTIZ ABREU;APUI;T.F.AGRO-III;; ESTATUTARIO;5655,15;;5655,15;1013,26;4641,89;
RODRIGO JOSE MENDONCA DA FONSECA;ANAMA;T.F.AGRO-III;; ESTATUTARIO;5655,15;;5655,15;1013,26;4641,89;
ROMULO DIEGO DO AMARANTE LIMA;AUTAZES - NOVO CEU;T.F.AGRO-III;; ESTATUTARIO;5655,15;;5655,15;1013,26;4641,89;
RONALDO APARECIDO WESTFAL AUGUSTO;NOVO ARIPUANA;T.F.AGRO-III;; ESTATUTARIO;5655,15;;5655,15;1013,26;4641,89;
RONIMAR DA SILVA PEIXOTO;GUAJARA;T.F.AGRO-III;; ESTATUTARIO;5655,15;;5655,15;970,60;4684,55;
RONNAN FERREIRA DA COSTA;PRESIDENTE FIGUEIREDO;AUX.F.AGRO-II;AUX. AGROPECUARIO; ESTATUTARIO;3994,28;;3994,28;493,74;3500,54;
RUBEN COELHO DOS SANTOS;DEPTO.DEFESA AGROP.E FLORESTAL;AUX.F.AGRO-III;; ESTATUTARIO;3213,28;;3213,28;379,86;2833,42;
SAMUEL BARBOSA DA COSTA;ENVIRA;T.F.AGRO-III;; ESTATUTARIO;5655,15;;5655,15;1013,26;4641,89;
SANDOVAL SALERNO PINHEIRO;DEPTO.DEFESA AGROP.E FLORESTAL;F.A.ENG.AGRO-II;; ESTATUTARIO;9062,06;;9062,06;2286,52;6775,54;
SAULO RANON DE SOUZA COELHO;DEPTO.DEFESA AGROP.E FLORESTAL;F.A.ENG.FLOR-III;; ESTATUTARIO;10844,77;;10844,77;2747,35;8097,42;
SEBASTIAO ALUIZIO JESUS DA SILVA;HUMAITA;T.F.AGRO-III;; ESTATUTARIO;5655,15;;5655,15;885,29;4769,86;
SERGIO ROBERTO ROLIM DA SILVA;ITACOATIARA;T.F.AGRO-II;TECNICO EM AGRONOMIA; ESTATUTARIO;8016,32;;8016,32;1703,46;6312,86;
SEVERINO DE AZEVEDO NEVES FILHO;DEPTO.DEFESA AGROP.E FLORESTAL;MEDICO VETERINARIO;; ESTATUTARIO;9945,24;;9945,24;2478,81;7466,43;
SHAMILA EVELLEM MAGALHAES DA SILVA;DEPTO.DEFESA AGROP.E FLORESTAL;AG.F.AGRO-II;AG. AGROPECUARIO; ESTATUTARIO;5586,38;;5586,38;1044,58;4541,80;
SILAS ALVES DE OLIVEIRA;SANTO ANTONIO DO MATUPI;T.F.AGRO-III;; ESTATUTARIO;7373,53;;7373,53;1425,62;5947,91;
SILNARA CRISTINY ANDRADE SOUSA;DEPTO.ADM.FIN.COM.E FOMENTO;A.TEC-III;; ESTATUTARIO;4490,13;;4490,13;702,95;3787,18;
SILVANO FREITAS SANTOS;URUCURITUBA;A.TEC-III;; ESTATUTARIO;4990,13;;4990,13;791,48;4198,65;
SILVIA TAVARES MAIA;NOVO ARIPUANA;T.F.AGRO-III;; ESTATUTARIO;5655,15;;5655,15;927,95;4727,20;
SILVIO DE ALMEIDA MORAES;MANICORE;T.F.AGRO-III;; ESTATUTARIO;5655,15;;5655,15;970,60;4684,55;
SIMONE PEREIRA DOS SANTOS;DEPTO.DEFESA AGROP.E FLORESTAL;MED.V-III;; ESTATUTARIO;8258,58;;8258,58;2036,14;6222,44;
SIVANDRO CAMPOS DE FREITAS;DEPTO.DEFESA AGROP.E FLORESTAL;TECNICO EM AGROPECUARIA;GERENTE; ESTATUTARIO;6384,04;;6384,04;1089,54;5294,50;
STEFANO SAMUEL BERNARDO COSTA;MANICORE;T.F.AGRO-III;; ESTATUTARIO;5655,15;;5655,15;970,60;4684,55;
TAMARA REGINA DE SOUZA BAIA;CAREIRO DA VARZEA;AG.F.AGRO-III;; ESTATUTARIO;5655,15;;5655,15;1013,26;4641,89;
TAMIRES JORDANA SALES DA SILVA LEAL;DEPTO.DEFESA AGROP.E FLORESTAL;T.F.AGRO-III;; ESTATUTARIO;5155,15;;5155,15;900,76;4254,39;
TASSIO LUAN MACIEL BARBOSA;TEFE;T.F.AGRO-III;; ESTATUTARIO;5655,15;;5655,15;1013,26;4641,89;
THAIS DA SILVA OLIVEIRA;DEPTO.DEFESA AGROP.E FLORESTAL;A.TEC-III;; ESTATUTARIO;4490,13;;4490,13;702,95;3787,18;
THIAGO DE LAY FREITAS;SANTO ANTONIO DO MATUPI;T.F.AGRO-III;; ESTATUTARIO;5655,15;;5655,15;1013,26;4641,89;
THIAGO FARIAS GOES DE SOUZA;BOA VISTA DO RAMOS;COORDENADOR DE UNIDADE;COORDENADOR DE UNIDA; CARGO COMISSION.S/VINCULO;3691,80;;3691,80;387,46;3304,34;
THIAGO SALLES DA SILVEIRA;DEPTO.ADM.FIN.COM.E FOMENTO;TNS-III;; ESTATUTARIO;7815,22;;7815,22;1869,22;5946,00;
THIAGO SANCHES AGUIAR;BOCA DO ACRE;MED.V-II;MEDICO VETERINARIO; ESTATUTARIO;10503,93;;10503,93;2696,05;7807,88;
TIAGO RAPOSO FERREIRA;CARAUARI;T.F.AGRO-III;; ESTATUTARIO;5655,15;;5655,15;927,95;4727,20;
VALDERLI MESQUITA GOMES;BENJAMIN CONSTANT;T.F.AGRO-II;TEC.EM AGROPECUARIA; ESTATUTARIO;6137,24;;6137,24;1134,57;5002,67;
VALDINEIA PRADO BATISTA;RIO PRETO DA EVA;T.F.AGRO-II;TEC.EM AGROPECUARIA; ESTATUTARIO;8016,32;;8016,32;1703,46;6312,86;
VALERIA CRISTINA DE PAULA FERREIRA;PARINTINS;F.A.ENG.AGRO-III;; ESTATUTARIO;9058,58;;9058,58;2256,14;6802,44;
VANDERSON RIBEIRO FERREIRA;APUI;T.F.AGRO-III;; ESTATUTARIO;5655,15;;5655,15;1013,26;4641,89;
VERONICA CORDEIRO FELIZARDO;DEPTO.ADM.FIN.COM.E FOMENTO;ASSESSOR II;ASSESSOR II; CARGO COMISSION.S/VINCULO;4709,79;;4709,79;667,14;4042,65;
VICTOR BRYAN DOS SANTOS CUNHA;DEPTO.DEFESA AGROP.E FLORESTAL;T.F.AGRO-III;; ESTATUTARIO;5155,15;;5155,15;249,04;4906,11;
VICTOR HUGO DE SOUZA CORREA;APUI;T.F.AGRO-III;; ESTATUTARIO;5655,15;;5655,15;1013,26;4641,89;
VIELO DE MOURA LUNA;DEPTO.ADM.FIN.COM.E FOMENTO;GERENTE;GERENTE; CARGO COMISSION.S/VINCULO;4709,79;;4709,79;667,14;4042,65;
VILSON DE SOUZA ROCHA;DEPTO.DEFESA AGROP.E FLORESTAL;F.A.ENG.FLOR-III;; ESTATUTARIO;8923,60;;8923,60;2234,39;6689,21;
VIVIAN SARAIVA BARROSO;GABINETE;ASSESSOR I;ASSESSOR I; CARGO COMISSION.S/VINCULO;5729,77;;5729,77;1011,72;4718,05;
WAGNER CAMPAGNARO VERNECK;BOCA DO ACRE;F.AGRO.MED.V-II;FISC.AGROP.; ESTATUTARIO;10382,82;;10382,82;2650,44;7732,38;
WALACE CIRNE LOPES;MANAQUIRI;T.F.AGRO-II;TEC.EM AGROPECUARIA; ESTATUTARIO;6137,24;;6137,24;1003,41;5133,83;
WALCEMIR SA DA SILVA;DEPTO.ADM.FIN.COM.E FOMENTO;COORDENADOR DE UNIDADE;COORDENADOR DE UNIDA; CARGO COMISSION.S/VINCULO;3691,80;;3691,80;387,46;3304,34;
WANDERSON MAURICIO AGUIAR DA SILVA;NOVO ARIPUANA;T.F.AGRO-III;; ESTATUTARIO;5655,15;;5655,15;1013,26;4641,89;
WARLEN ARIEL CORNELIO FERMIN;NOVO ARIPUANA;T.F.AGRO-III;; ESTATUTARIO;5655,15;;5655,15;1013,26;4641,89;
WHALER DE ARAUJO PERNAMBUCO;DEPTO.ADM.FIN.COM.E FOMENTO;ASSESSOR III;ASSESSOR III; CARGO COMISSION.S/VINCULO;3691,80;;3691,80;387,46;3304,34;
WILES SANTOS SILVA;DEPTO.DEFESA AGROP.E FLORESTAL;F.AGRO.MED.V-III;; ESTATUTARIO;11583,68;;11583,68;3006,80;8576,88;
WILLIAM DIAS FEITOSA;PRESIDENTE FIGUEIREDO;T.F.AGRO-II;TEC. EM AGROPECUARIA; ESTATUTARIO;6137,24;;6137,24;1186,71;4950,53;
WILLIAN BRESSAN PINTO;DEPTO.DEFESA AGROP.E FLORESTAL;F.AGRO.MED.V-III;; ESTATUTARIO;8812,76;;8812,76;2244,80;6567,96;
WILLIAN MARINHO PEDRO;BOCA DO ACRE;T.F.AGRO-III;; ESTATUTARIO;5655,15;;5655,15;927,95;4727,20;
WILSON CARDOSO DE SOUZA;DEPTO.ADM.FIN.COM.E FOMENTO;GERENTE;; CARGO COMISSION.S/VINCULO;2081,49;;2081,49;94,71;1986,78;
WIUGUINER EMILIO COSTA FELIX;CANUTAMA;T.F.AGRO-III;; ESTATUTARIO;5655,15;;5655,15;1013,26;4641,89;
YARA CINTIA VIEIRA E SILVA;NOVA OLINDA DO NORTE;F.AGRO.MED.V-III;; ESTATUTARIO;9058,58;;9058,58;;9058,58;
ZALA ARYSSA TREVISAN MACIEL;LABREA;COORDENADOR DE UNIDADE;COORDENADOR DE UNIDA; CARGO COMISSION.S/VINCULO;3691,80;;3691,80;387,46;3304,34;
ZENILDO DOS SANTOS OLIVEIRA FILHO;DEPTO.DEFESA AGROP.E FLORESTAL;AUX.F.AGRO-II;AUX. AGROPECUARIO; ESTATUTARIO;3494,28;;3494,28;445,77;3048,51;
