NOME;LOTACAO;CARGO;FUNCAO;VINCULO;REMUNERACAO LEGAL TOTAL(R$);DESC.TETO(R$); REMUNERACAO LEGAL DEVIDA(R$);DESCONTOS LEGAIS(R$);LIQUIDO DISPONIVEL(R$);
ABIANCY ROCHA REGO DE OLIVEIRA;CASA CIVIL;A.TEC-I;FG-1 ASSESSORIA; ESTATUTARIO;9605,22;;9605,22;2413,59;7191,63;
ADALBERTO FONSECA DE SOUZA;CASA CIVIL;PROFESSOR PF20.ESP-III;ASSESSOR I; ESTATUTARIO;8115,58;;8115,58;1678,66;6436,92;
ADAUCEA VIANA DOS SANTOS;CASA CIVIL;A.TEC-I;FG-3; ESTATUTARIO;5693,10;;5693,10;1092,72;4600,38;
ADEMILDE DA SILVA FERNANDES;CASA CIVIL;AUX.S.G-I;FG-3 DE ASSESSORIA; ESTATUTARIO;5193,55;;5193,55;532,31;4661,24;
ADRIANA CRISTINA AFONSO ROCHA;CASA CIVIL;ASSESSOR I;NAO INFORMADO; CARGO COMISSION.S/VINCULO;6973,03;;6973,03;1629,96;5343,07;
ADRIANA DOS REIS TAVARES;CASA CIVIL;ASSESSOR III;; CARGO COMISSION.S/VINCULO;3191,80;;3191,80;367,36;2824,44;
ADRIANA PERES DE JESUS SANTOS;CASA CIVIL;ASSESSOR II;NAO INFORMADO; CARGO COMISSION.S/VINCULO;4209,79;;4209,79;601,44;3608,35;
ADRIANA RODRIGUES DA CONCEICAO;FUNDO DE PROMOCAO SOCIAL-FPS;ASSESSOR IV;NAO INFORMADO; CARGO COMISSION.S/VINCULO;2575,61;;2575,61;246,83;2328,78;
ADRIANA VIEIRA FERREIRA;CASA CIVIL;CONSULTOR TECNICO II;NAO INFORMADO; CARGO COMISSION.S/VINCULO;6500,00;;6500,00;1451,86;5048,14;
ADRIANO SANTOS DE PAULA;CASA CIVIL;ASSESSOR II;ASSESSOR II; CARGO COMISSION.S/VINCULO;4209,79;;4209,79;633,12;3576,67;
ADRIEL SOUZA DE SA;FUNDO DE PROMOCAO SOCIAL-FPS;ASSESSOR I;ASSESSOR I; CARGO COMISSION.S/VINCULO;5229,77;;5229,77;973,62;4256,15;
ADRIELE ALBINO MARTINS;CASA CIVIL;CHEFE DE GABINETE;CHEFE DE GABINETE; CARGO COMISSION.S/VINCULO;5229,77;;5229,77;930,62;4299,15;
AETE DO SOCORRO MARTINS DE MATOS;CASA CIVIL;AGENTE ADMINISTRATIVO 3A CLASSE;FUNCAO GRATIFICADA F; ESTATUTARIO;5006,57;;5006,57;644,49;4362,08;
AGDA JENNIFE NORONHA FIGUEIRA;FUNDO DE PROMOCAO SOCIAL-FPS;ASSESSOR III;ASSESSOR III; CARGO COMISSION.S/VINCULO;2659,83;;2659,83;262,50;2397,33;
AIRTON LUIS DA SILVA VEIGA FILHO;FUNDO DE PROMOCAO SOCIAL-FPS;ASSESSOR I;ASSESSOR I; CARGO COMISSION.S/VINCULO;5229,77;;5229,77;973,62;4256,15;
ALBERTO JORGE FERNANDES RIBEIRO;CASA CIVIL;ASSISTENTE TECNICO GOVERNAMENTAL;; ESTATUTARIO;3577,54;;3577,54;342,51;3235,03;
ALCIDES JANUARIO DE SOUZA;FUNDO DE PROMOCAO SOCIAL-FPS;ASSESSOR I;ASSESSOR I; CARGO COMISSION.S/VINCULO;4358,13;;4358,13;682,59;3675,54;
ALCIDES MULLER;CASA CIVIL;ASSISTENTE TECNICO GOVERNAMENTAL;FUNCAO GRATIFICADA F; ESTATUTARIO;5477,54;;5477,54;774,01;4703,53;
ALCYNEY FERNANDES RODRIGUES;CASA CIVIL;REDATOR GOVERNAMENTAL;FUNCAO GRATIFICADA F; ESTATUTARIO;6003,77;;6003,77;817,11;5186,66;
ALDILANDIA COSTA FERREIRA;FUNDO DE PROMOCAO SOCIAL-FPS;ASSESSOR TECNICO;ASSESSOR TECNICO; CARGO COMISSION.S/VINCULO;7000,00;;7000,00;1587,98;5412,02;
ALDRIN DE OLIVEIRA BARBOSA;CASA CIVIL;CONSULTOR TECNICO I;NAO INFORMADO; CARGO COMISSION.S/VINCULO;7500,00;;7500,00;1776,23;5723,77;
ALDRIN PATRIK BRUCE GOMES;FUNDO DE PROMOCAO SOCIAL-FPS;ASSESSOR I;NAO INFORMADO; CARGO COMISSION.S/VINCULO;5229,77;;5229,77;973,62;4256,15;
ALESSANDRA COSTA MARQUES BENTES;FUNDO DE PROMOCAO SOCIAL-FPS;SECRETARIO EXECUTIVO;NAO INFORMADO; CARGO COMISSION.S/VINCULO;11700,00;;11700,00;2984,12;8715,88;
ALESSANDRA GUEDES MOURA CAVALCANTI;CASA CIVIL;CONSULTOR TECNICO LEGISLATIVO I;NAO INFORMADO; CARGO COMISSION.S/VINCULO;7500,00;;7500,00;1375,69;6124,31;
ALESSANDRA MACIEL PEREIRA;CASA CIVIL;ASSESSOR I;NAO INFORMADO; CARGO COMISSION.S/VINCULO;6973,03;;6973,03;1629,96;5343,07;
ALESSANDRO VASCONCELOS BANDEIRA;UNID.DE GESTAO INTEGRADA - UGI;ASSESSOR I;NAO INFORMADO; CARGO COMISSION.S/VINCULO;5229,77;;5229,77;973,62;4256,15;
ALEXANDRE FERREIRA LIMA;FUNDO DE PROMOCAO SOCIAL-FPS;ASSESSOR IV;NAO INFORMADO; CARGO COMISSION.S/VINCULO;2575,61;;2575,61;246,83;2328,78;
ALEXANDRE GUIMARÃES DE PAIVA;CASA CIVIL;CONSULTOR TECNICO II;NAO INFORMADO; CARGO COMISSION.S/VINCULO;6500,00;;6500,00;1451,86;5048,14;
ALINE CHIXARO PIMENTA;CASA CIVIL;ASSESSOR I;NAO INFORMADO; CARGO COMISSION.S/VINCULO;5229,77;;5229,77;973,62;4256,15;
ALINE DOS SANTOS DINELLI;CASA CIVIL;CONSULTOR TECNICO III;NAO INFORMADO; CARGO COMISSION.S/VINCULO;5500,00;;5500,00;1075,36;4424,64;
ALINE TRIBUZY MELLO DE LIMA;CASA CIVIL;ASSESSOR III;NAO INFORMADO; CARGO COMISSION.S/VINCULO;3191,80;;3191,80;367,36;2824,44;
ALVARO CESAR DE CARVALHO NETO;CASA CIVIL;CONSULTOR TECNICO LEGISLATIVO IV;; CARGO COMISSION.S/VINCULO;6973,03;;6973,03;1629,96;5343,07;
ALYNE RODRIGUES MENEZES;CASA CIVIL;ASSESSOR I;ASSESSOR I; CARGO COMISSION.S/VINCULO;5229,77;;5229,77;973,62;4256,15;
ANA BEATRIZ LOBO MOUTINHO BREVAL;CASA CIVIL;ESCRIVAO DE POL.2A.CL. PC-ESC-II;SECRETARIO EXECUTIVO; ESTATUTARIO;9900,00;;9900,00;1801,00;8099,00;
ANA CAROLINA DA COSTA MAIA;UNID.DE GESTAO INTEGRADA - UGI;CHEFE DE GABINETE;NAO INFORMADO; CARGO COMISSION.S/VINCULO;6973,03;;6973,03;1629,96;5343,07;
ANA CECILIA CARVALHO PEREIRA;CASA CIVIL;ASSESSOR II;ASSESSOR II; CARGO COMISSION.S/VINCULO;4209,79;;4209,79;601,44;3608,35;
ANA CECILIA CERDEIRA ABRAHIM;CASA CIVIL;ASSESSOR I;NAO INFORMADO; CARGO COMISSION.S/VINCULO;5229,77;;5229,77;973,62;4256,15;
ANA CRISTINA RODRIGUES DE SOUZA;CASA CIVIL;ASSISTENTE TECNICO GOVERNAMENTAL;FG-1 ASSESSORIA; ESTATUTARIO;5986,28;;5986,28;914,80;5071,48;
ANA HELENA DA SILVA E SILVA;CASA CIVIL;ASSESSOR IV;NAO INFORMADO; CARGO COMISSION.S/VINCULO;2575,61;;2575,61;232,61;2343,00;
ANA KARINE MAIA DE OLIVEIRA ROMAO;CASA CIVIL;ASSESSOR I;; CARGO COMISSION.S/VINCULO;5229,77;;5229,77;973,62;4256,15;
ANA LUCIA CARVALHO DA SILVA;CASA CIVIL;ASSESSOR I;NAO INFORMADO; CARGO COMISSION.S/VINCULO;5229,77;;5229,77;973,62;4256,15;
ANA MARIA DA SILVA ABINADER;CASA CIVIL;ASSESSOR I;NAO INFORMADO; CARGO COMISSION.S/VINCULO;5229,77;;5229,77;973,62;4256,15;
ANA MARIA GATO BENTES;CASA CIVIL;A.TEC-II;FUNCAO GRATIFICADA F; ESTATUTARIO;6025,00;;6025,00;1151,20;4873,80;
ANA MARIA HOLANDA FARIAS SALES;CASA CIVIL;CONSULTOR TECNICO I;NAO INFORMADO; CARGO COMISSION.S/VINCULO;7500,00;;7500,00;1828,36;5671,64;
ANA MICHELE DA SILVA NOGUEIRA;CASA CIVIL;ASSESSOR III;; CARGO COMISSION.S/VINCULO;3191,80;;3191,80;367,36;2824,44;
ANA RITA GARCIA DA SILVA;CASA CIVIL;CONSULTOR TECNICO III;NAO INFORMADO; CARGO COMISSION.S/VINCULO;5500,00;;5500,00;1075,36;4424,64;
ANDERSON LUZ GONCALVES;CASA CIVIL;ASSESSOR III;; CARGO COMISSION.S/VINCULO;3191,80;;3191,80;367,36;2824,44;
ANDREA DE FATIMA NOGUEIRA;SEGOV;ASSESSOR II;NAO INFORMADO; CARGO COMISSION.S/VINCULO;4209,79;;4209,79;633,12;3576,67;
ANDREZA RODRIGUES DA SILVA;FUNDO DE PROMOCAO SOCIAL-FPS;ASSESSOR I;; CARGO COMISSION.S/VINCULO;5229,77;;5229,77;973,62;4256,15;
ANGELA MARIA SOUZA DE BARROS;CASA CIVIL;ASSISTENTE TECNICO GOVERNAMENTAL;FG-3 DE ASSESSORIA; ESTATUTARIO;5495,02;;5495,02;728,45;4766,57;
ANNA JULIA PINTO CORREIA DA SILVA;FUNDO DE PROMOCAO SOCIAL-FPS;ASSESSOR III;ASSESSOR III; CARGO COMISSION.S/VINCULO;4042,94;;4042,94;585,00;3457,94;
ANTONIA NIZALIA DA SILVA;CASA CIVIL;CONSULTOR TECNICO III;CONSULTOR TECNICO II; CARGO COMISSION.S/VINCULO;11000,00;;11000,00;2791,62;8208,38;
ANTONIO CARLOS CONCEICAO OLIVEIRA;CASA CIVIL;A.TEC-I;FG-1 CHEFE DE GAB; ESTATUTARIO;7569,52;;7569,52;1672,52;5897,00;
ANTONIO CARLOS FARIAS DO NASCIMENTO;CASA CIVIL;PROFESSOR PF20.LIC-V;ASSESSOR I; ESTATUTARIO;7356,31;;7356,31;803,74;6552,57;
ANTONIO DAVI AGUILA DE SOUZA;CASA CIVIL;CONSULTOR TECNICO II;NAO INFORMADO; CARGO COMISSION.S/VINCULO;6500,00;;6500,00;1451,86;5048,14;
ANTONIO ERIVELTO AQUINO DE OLIVEIRA;CASA CIVIL;ASSESSOR I;; CARGO COMISSION.S/VINCULO;5229,77;;5229,77;973,62;4256,15;
ANTONIO FERREIRA FALCAO;CASA CIVIL;MOT-I;; ESTATUTARIO;5641,98;;5641,98;976,05;4665,93;
ANTONIO FRANCISCO SILVA CASTRO;CASA CIVIL;MOT-I;; ESTATUTARIO;2841,39;;2841,39;433,56;2407,83;
ANTONIO SANTINO DE SOUZA;CASA CIVIL;A.TEC-I;; ESTATUTARIO;9034,75;;9034,75;2237,62;6797,13;
ANYKELLY COSTA DA SILVA;CASA CIVIL;ASSESSOR II;NAO INFORMADO; CARGO COMISSION.S/VINCULO;4209,79;;4209,79;601,44;3608,35;
ARABI AMED E SILVA;CASA CIVIL;ASSISTENTE SOCIAL;FG-2 ASSESSORIA; ESTATUTARIO;7152,89;;7152,89;1630,85;5522,04;
ARACELIA GOMES DE OLIVEIRA;CASA CIVIL;ASSESSOR I;ASSESSOR I; CARGO COMISSION.S/VINCULO;5229,77;;5229,77;973,62;4256,15;
ARLEDNEY CAVALCANTI MENDES;CASA CIVIL;ASSISTENTE TECNICO GOVERNAMENTAL;FG-2 ASSESSORIA; ESTATUTARIO;5686,49;;5686,49;833,24;4853,25;
ARTHUR CESAR ZAHLUTH LINS;CASA CIVIL;ASSESSOR TECNICO;NAO INFORMADO; CARGO COMISSION.S/VINCULO;7000,00;;7000,00;1640,11;5359,89;
ATHOS ILKER CORDEIRO VULCAO;CASA CIVIL;ASSESSOR II;ASSESSOR II; CARGO COMISSION.S/VINCULO;5613,05;;5613,05;1015,79;4597,26;
AUDRIA REGINA DE ALBUQUERQUE MOTA;CASA CIVIL;ESCRIVAO DE POL.4A.CL. PC-ESC-IV;ASSESSOR I; ESTATUTARIO;5000,00;;5000,00;505,64;4494,36;
AUGUSTO CESAR TEIXEIRA NASCIMENTO;CASA CIVIL;ASSISTENTE TECNICO GOVERNAMENTAL;FUNCAO GRATIFICADA F; ESTATUTARIO;5026,49;;5026,49;651,74;4374,75;
AUXILIADORA BEZERRA FERREIRA;CASA CIVIL;COZINHEIRO GOVERNAMENTAL;; ESTATUTARIO;2888,04;;2888,04;227,08;2660,96;
AUZEMIR FERNANDES DE ARAUJO;FUNDO DE PROMOCAO SOCIAL-FPS;ASSESSOR III;NAO INFORMADO; CARGO COMISSION.S/VINCULO;3191,80;;3191,80;367,36;2824,44;
AYDA MIRTES LUZEIRO LOPES CRUZ;CASA CIVIL;A.TEC-I;FG-1; ESTATUTARIO;6672,05;;6672,05;1399,07;5272,98;
AYLA KAROL DA SILVA ROSARIO FREIRE;FUNDO DE PROMOCAO SOCIAL-FPS;ASSESSOR TECNICO;NAO INFORMADO; CARGO COMISSION.S/VINCULO;7000,00;;7000,00;1640,11;5359,89;
AYRTON SENNA PONCE RAPOSO;CASA CIVIL;ASSESSOR I;NAO INFORMADO; CARGO COMISSION.S/VINCULO;5229,77;;5229,77;973,62;4256,15;
BELMIRA DOS SANTOS DE OLIVEIRA;CASA CIVIL;A.TEC-I;FG-1 CHEFE DE SETOR; ESTATUTARIO;11072,16;;11072,16;2717,81;8354,35;
BERLEI DE SA ARRUDA;CASA CIVIL;ASSESSOR I;; CARGO COMISSION.S/VINCULO;5229,77;;5229,77;973,62;4256,15;
BERNADETH FERREIRA GODINHO;CASA CIVIL;A.TEC-I;FG-1 ASSESSORIA; ESTATUTARIO;7317,97;;7317,97;1580,95;5737,02;
BRENDA QUEIROZ LINS;FUNDO DE PROMOCAO SOCIAL-FPS;ASSESSOR II;NAO INFORMADO; CARGO COMISSION.S/VINCULO;4209,79;;4209,79;633,12;3576,67;
BRENO DE SOUZA BRANDAO;FUNDO DE PROMOCAO SOCIAL-FPS;CINEGRAFISTA;ASSESSOR II; ESTATUTARIO;6775,91;;6775,91;1275,77;5500,14;
BRENO PENHA SOUZA SERRA;CASA CIVIL;SECRETARIO EXECUTIVO;NAO INFORMADO; CARGO COMISSION.S/VINCULO;11700,00;;11700,00;2984,12;8715,88;
BRUHNA FIGUEIREDO LIBERATO;CASA CIVIL;CONSULTOR TECNICO I;CONSULTOR TECNICO I; CARGO COMISSION.S/VINCULO;7500,00;;7500,00;1828,36;5671,64;
CAIO LUIZ GOMES CUNHA;CASA CIVIL;ASSESSOR I;NAO INFORMADO; CARGO COMISSION.S/VINCULO;5229,77;;5229,77;973,62;4256,15;
CAMILA SUZAN SENA SANTANA;CASA CIVIL;CONSULTOR TECNICO LEGISLATIVO III;CONSULTOR TECNICO LE; CARGO COMISSION.S/VINCULO;5500,00;;5500,00;1075,36;4424,64;
CANDIDA FERNANDES DE SOUZA;CASA CIVIL;TNS-III;; ESTATUTARIO;7854,41;;7854,41;1290,60;6563,81;
CANDIDO ALVIM PEREIRA SOARES JUNIOR;CASA CIVIL;ASSESSOR I;NAO INFORMADO; CARGO COMISSION.S/VINCULO;5229,77;;5229,77;973,62;4256,15;
CARLOS ALBERTO DE OLIVEIRA NAZARE;CASA CIVIL;ASSISTENTE TECNICO GOVERNAMENTAL;; ESTATUTARIO;3586,28;;3586,28;344,85;3241,43;
CARLOS ALBERTO GONCALVES DE MELO;CASA CIVIL;A.TEC-I;FG-2 GESTOR DE CONT.; ESTATUTARIO;6363,07;;6363,07;1277,86;5085,21;
CARLOS ANDRE LIUZZI GOMES;CASA CIVIL;CONSULTOR TECNICO II;NAO INFORMADO; CARGO COMISSION.S/VINCULO;6500,00;;6500,00;1115,65;5384,35;
CARLOS AUGUSTO NASCIMENTO NORMANDO;CASA CIVIL;ASSESSOR III;NAO INFORMADO; CARGO COMISSION.S/VINCULO;4255,73;;4255,73;648,44;3607,29;
CARLOS EDUARDO DE CASTRO C ANJOS;CASA CIVIL;ASSESSOR I;NAO INFORMADO; CARGO COMISSION.S/VINCULO;5229,77;;5229,77;973,62;4256,15;
CAROLINA SILVA DOS REIS;FUNDO DE PROMOCAO SOCIAL-FPS;ASSESSOR III;NAO INFORMADO; CARGO COMISSION.S/VINCULO;3191,80;;3191,80;367,36;2824,44;
CAROLINE ARAUJO DE ANDRADE;CASA CIVIL;ASSESSOR I AD-1;; CARGO COMISSION.S/VINCULO;5229,77;;5229,77;930,62;4299,15;
CAROLINE SKROBOT GROSSO LINDENBERG;CASA CIVIL;SECRETARIO EXECUTIVO ADJUNTO;NAO INFORMADO; CARGO COMISSION.S/VINCULO;9000,00;;9000,00;2241,62;6758,38;
CELIO VICTOR DOS SANTOS SOARES;FUNDO DE PROMOCAO SOCIAL-FPS;ASSESSOR IV;NAO INFORMADO; CARGO COMISSION.S/VINCULO;2575,61;;2575,61;246,83;2328,78;
CHRISTIAN PEREIRA DA SILVA;CASA CIVIL;ASSESSOR III;ASSESSOR III; CARGO COMISSION.S/VINCULO;3191,80;;3191,80;367,36;2824,44;
CINTIA BARROS MARTINS;CASA CIVIL;ASSESSOR II;ASSESSOR II; CARGO COMISSION.S/VINCULO;4209,79;;4209,79;633,12;3576,67;
CLAUDEMIR CHAVES FEITOSA;CASA CIVIL;ASSESSOR II;NAO INFORMADO; CARGO COMISSION.S/VINCULO;4209,79;;4209,79;633,12;3576,67;
CLAUDIO DA SILVA PEREIRA;UNID.DE GESTAO INTEGRADA - UGI;ASSESSOR III;NAO INFORMADO; CARGO COMISSION.S/VINCULO;3191,80;;3191,80;347,23;2844,57;
CLEBER BERNARDES FERREIRA FILHO;CASA CIVIL;CONSULTOR TECNICO I;CONSULTOR TECNICO I; CARGO COMISSION.S/VINCULO;6249,99;;6249,99;1357,74;4892,25;
CLEBER BERNARDES FERREIRA FILHO;CASA CIVIL;CONSULTOR TECNICO II;; CARGO COMISSION.S/VINCULO;2347,21;;2347,21;81,24;2265,97;
CLELIA BRASILIA MORAIS FONTES;CASA CIVIL;ASSESSOR I;NAO INFORMADO; DISP. OUTROS ESFERAS;5000,00;;5000,00;505,64;4494,36;
CLEONICE LIMA DOS REIS;CASA CIVIL;ASSISTENTE TECNICO GOVERNAMENTAL;FG-3; ESTATUTARIO;6638,16;;6638,16;1094,95;5543,21;
COSMO VASCONCELOS DE CARVALHO;CASA CIVIL;A.TEC-I;; ESTATUTARIO;5780,95;;5780,95;1118,66;4662,29;
CRISTIANE FREITAS FIGUEIREDO;CASA CIVIL;ASSESSOR III;ASSESSOR III; CARGO COMISSION.S/VINCULO;3191,80;;3191,80;367,36;2824,44;
CRISTIANO XIMENES LEITAO;FUNDO DE PROMOCAO SOCIAL-FPS;ASSESSOR III;NAO INFORMADO; CARGO COMISSION.S/VINCULO;3191,80;;3191,80;367,36;2824,44;
DAIANE SILVA VASCONCELOS;CASA CIVIL;ASSESSOR I;NAO INFORMADO; CARGO COMISSION.S/VINCULO;5229,77;;5229,77;973,62;4256,15;
DALTON DAS NEVES PICANCO;CASA CIVIL;TECNICO GOVERNAMENTAL;TEC IV SUP 3 CLASSE; ESTATUTARIO;7015,51;;7015,51;1593,96;5421,55;
DANIEL COSTA DE MELO;CASA CIVIL;ASSESSOR I;; CARGO COMISSION.S/VINCULO;5229,77;;5229,77;973,62;4256,15;
DANIEL GOMES PINHO;CASA CIVIL;ASSESSOR II;NAO INFORMADO; CARGO COMISSION.S/VINCULO;4209,79;;4209,79;633,12;3576,67;
DANIEL MOREIRA DA COSTA;CASA CIVIL;CONSULTOR TECNICO III;CONSULTOR TECNICO II; CARGO COMISSION.S/VINCULO;4583,32;;4583,32;673,49;3909,83;
DANIEL MOREIRA DA COSTA;CASA CIVIL;ASSESSOR I;; CARGO COMISSION.S/VINCULO;1888,52;;1888,52;65,37;1823,15;
DANIELA BARRONCAS HOLANDA DIAS;CASA CIVIL;ASSESSOR TECNICO;; CARGO COMISSION.S/VINCULO;9333,33;;9333,33;2281,15;7052,18;
DANIELE LAVAREDA FONSECA MEDEIROS;CASA CIVIL;ASSESSOR II;ASSESSOR II; CARGO COMISSION.S/VINCULO;4209,79;;4209,79;573,00;3636,79;
DANIELLE FERNANDES AMORIM;CASA CIVIL;ASSESSOR TECNICO;NAO INFORMADO; CARGO COMISSION.S/VINCULO;7000,00;;7000,00;1640,11;5359,89;
DANIELLE NATALIA FREIRE DE OLIVEIRA;CASA CIVIL;CONSULTOR TECNICO LEGISLATIVO II;CONSULTOR TECNICO LE; CARGO COMISSION.S/VINCULO;6500,00;;6500,00;1243,31;5256,69;
DANILO BONIEK BIZERRA DE SOUZA;FUNDO DE PROMOCAO SOCIAL-FPS;ASSESSOR II;ASSESSOR II; CARGO COMISSION.S/VINCULO;4209,79;;4209,79;633,12;3576,67;
DANILO COSTA LIMA;CASA CIVIL;ASSESSOR II;ASSESSOR II; CARGO COMISSION.S/VINCULO;4209,79;;4209,79;633,12;3576,67;
DANILO GONCALVES DE SOUZA JUNIOR;FUNDO DE PROMOCAO SOCIAL-FPS;ASSISTENTE TECNICO;CHEFE DE GABINETE; ESTATUTARIO;5000,00;;5000,00;505,64;4494,36;
DAVI MAFRA DOS ANJOS;CASA CIVIL;CONSULTOR TECNICO I;CONSULTOR TECNICO I; CARGO COMISSION.S/VINCULO;7500,00;;7500,00;1828,36;5671,64;
DAVI MARQUES LITAIFF;CASA CIVIL;ASSESSOR I;; CARGO COMISSION.S/VINCULO;5229,77;;5229,77;973,62;4256,15;
DAVID BARROSO DE SOUZA;CASA CIVIL;ASSESSOR I;NAO INFORMADO; DISP. OUTROS ESFERAS;5229,77;;5229,77;945,52;4284,25;
DAVID BRUNO TEIXEIRA CINTRAO;CASA CIVIL;ASSESSOR III;ASSESSOR III; CARGO COMISSION.S/VINCULO;3191,80;;3191,80;333,01;2858,79;
DAVID MOURAO CORREA;CASA CIVIL;MOT-I;; ESTATUTARIO;4181,23;;4181,23;577,75;3603,48;
DAVID PINTO DE BARROS;CASA CIVIL;ASSESSOR III;NAO INFORMADO; CARGO COMISSION.S/VINCULO;3191,80;;3191,80;347,23;2844,57;
DAYANA LOPES DA SILVA;CASA CIVIL;CONSULTOR TECNICO LEGISLATIVO III;CONSULTOR TECNICO LE; CARGO COMISSION.S/VINCULO;5500,00;;5500,00;1023,23;4476,77;
DAYANE BENTES DOS REIS;FUNDO DE PROMOCAO SOCIAL-FPS;ASSESSOR III;NAO INFORMADO; CARGO COMISSION.S/VINCULO;3191,80;;3191,80;367,36;2824,44;
DEBORA REGINA RIBEIRO DOS SANTOS;CASA CIVIL;ASSESSOR TECNICO;ASSESSOR TECNICO; CARGO COMISSION.S/VINCULO;7000,00;;7000,00;1640,11;5359,89;
DERMILSON DE SOUZA ARAUJO;CASA CIVIL;A.TEC-II;FG-1; ESTATUTARIO;6025,00;;6025,00;1001,31;5023,69;
DEVALCI AMORIM FERREIRA;CASA CIVIL;CONSULTOR TECNICO II;CONSULTOR TECNICO II; CARGO COMISSION.S/VINCULO;6500,00;;6500,00;1347,59;5152,41;
DIEGO RABELO DE OLIVEIRA;FUNDO DE PROMOCAO SOCIAL-FPS;ASSESSOR III;NAO INFORMADO; CARGO COMISSION.S/VINCULO;3191,80;;3191,80;367,36;2824,44;
DIENIFFER FERREIRA DA COSTA;CASA CIVIL;ASSESSOR I;NAO INFORMADO; CARGO COMISSION.S/VINCULO;5229,77;;5229,77;973,62;4256,15;
DILENE MARIA DA COSTA GONCALVES;CASA CIVIL;ASSESSOR I;ASSESSOR I AD 1; CARGO COMISSION.S/VINCULO;5229,77;;5229,77;973,62;4256,15;
DJALMA MARTINS DA COSTA JUNIOR;CASA CIVIL;SECRETARIO EXECUTIVO ADJUNTO;NAO INFORMADO; CARGO COMISSION.S/VINCULO;9000,00;;9000,00;2241,62;6758,38;
DOUGLAS GALVÃO MONTEIRO;CASA CIVIL;ASSESSOR I;NAO INFORMADO; CARGO COMISSION.S/VINCULO;5229,77;;5229,77;973,62;4256,15;
DOUGLAS MARTINS BENAION;CASA CIVIL;A.TEC-I;FG-2 ASSESSORIA; ESTATUTARIO;6850,27;;6850,27;1188,16;5662,11;
EDBERG MEDEIROS SOARES;CASA CIVIL;CONSULTOR TECNICO II;CONSULTOR TECNICO II; CARGO COMISSION.S/VINCULO;6000,00;;6000,00;1263,61;4736,39;
EDIANE SALES VENANCIO;FUNDO DE PROMOCAO SOCIAL-FPS;SECRETARIO EXECUTIVO ADJUNTO;NAO INFORMADO; CARGO COMISSION.S/VINCULO;9000,00;;9000,00;2189,49;6810,51;
EDIMIRK DE VASCONCELOS COSTA;CASA CIVIL;ASSESSOR I;NAO INFORMADO; CARGO COMISSION.S/VINCULO;5229,77;;5229,77;930,62;4299,15;
EDISSANDRA OLIVEIRA GUIMARAES;CASA CIVIL;AGENTE PREVIDENCIARIO;CONS. TECNICO III; ESTATUTARIO;5000,00;;5000,00;1023,49;3976,51;
EDNA MACHADO MELLO;CASA CIVIL;A.TEC-I;; ESTATUTARIO;7329,30;;7329,30;1798,76;5530,54;
EDNELZA COSTA DE LIMA;FUNDO DE PROMOCAO SOCIAL-FPS;ASSESSOR IV;NAO INFORMADO; CARGO COMISSION.S/VINCULO;2575,61;;2575,61;246,83;2328,78;
EDNILSON DA SILVA ALBUQUERQUE;CASA CIVIL;ASSESSOR I;ASSESSOR I; CARGO COMISSION.S/VINCULO;5229,77;;5229,77;930,62;4299,15;
EDSON BRANDAO DO NASCIMENTO;CASA CIVIL;REDATOR GOVERNAMENTAL;FG-1 CHEFE DE SETOR; ESTATUTARIO;6012,51;;6012,51;924,67;5087,84;
ELEN CRISTINA DA SILVA C COSTA;FUNDO DE PROMOCAO SOCIAL-FPS;ASSESSOR II;ASSESSOR II; CARGO COMISSION.S/VINCULO;4209,79;;4209,79;633,12;3576,67;
ELIAS RODRIGUES VERAS;CASA CIVIL;ASSESSOR I;ASSESSOR I; CARGO COMISSION.S/VINCULO;5229,77;;5229,77;973,62;4256,15;
ELINELSON FERREIRA COLARES;CASA CIVIL;CONSULTOR TECNICO III;NAO INFORMADO; CARGO COMISSION.S/VINCULO;5500,00;;5500,00;1075,36;4424,64;
ELISANGELA GARCIA ARAUJO;CASA CIVIL;ASSESSOR TECNICO;NAO INFORMADO; CARGO COMISSION.S/VINCULO;7000,00;;7000,00;1640,11;5359,89;
ELISVALDO MARQUES VALE;FUNDO DE PROMOCAO SOCIAL-FPS;ASSESSOR III;; CARGO COMISSION.S/VINCULO;1152,58;;1152,58;39,89;1112,69;
ELIZA CATARINA DE MELO BERNARDO;CASA CIVIL;ASSISTENTE TECNICO GOVERNAMENTAL;FG-3 ASSESSORIA; ESTATUTARIO;4835,02;;4835,02;600,14;4234,88;
ELIZABETH AMORIM CARPINTEIRO PERES;FUNDO DE PROMOCAO SOCIAL-FPS;ASSESSOR II;NAO INFORMADO; CARGO COMISSION.S/VINCULO;4209,79;;4209,79;633,12;3576,67;
ELIZABETH SOARES RAPOSO;CASA CIVIL;A.TEC-I;ASSESSOR I; ESTATUTARIO;5991,37;;5991,37;1182,69;4808,68;
ELIZAMARA MOREIRA DOS S AZEVEDO;CASA CIVIL;ASSESSOR III;; CARGO COMISSION.S/VINCULO;3191,80;;3191,80;367,36;2824,44;
ELKE DA SILVA GONDIM;CASA CIVIL;ASSESSOR II;ASSESSOR II; CARGO COMISSION.S/VINCULO;4209,79;;4209,79;633,12;3576,67;
ELSO SIMOES DE OLIVEIRA;CASA CIVIL;ASSESSOR I;NAO INFORMADO; CARGO COMISSION.S/VINCULO;5229,77;;5229,77;973,62;4256,15;
ELY FELETE BARBOSA DE SOUZA;CASA CIVIL;ASSESSOR I;NAO INFORMADO; CARGO COMISSION.S/VINCULO;5229,77;;5229,77;930,62;4299,15;
EMERSON LIMA DO CARMO;CASA CIVIL;CONSULTOR TECNICO III;NAO INFORMADO; CARGO COMISSION.S/VINCULO;5500,00;;5500,00;1075,36;4424,64;
EMILY CAMILA SILVA OLIVEIRA;CASA CIVIL;ASSESSOR I;ASSESSOR I; CARGO COMISSION.S/VINCULO;5229,77;;5229,77;973,62;4256,15;
ERICKA HENRIQUE DA SILVA;FUNDO DE PROMOCAO SOCIAL-FPS;ASSESSOR TECNICO;ASSESSOR TECNICO; CARGO COMISSION.S/VINCULO;7000,00;;7000,00;1640,11;5359,89;
ERILANE RODRIGUES DA SILVA;FUNDO DE PROMOCAO SOCIAL-FPS;ASSESSOR TECNICO;NAO INFORMADO; CARGO COMISSION.S/VINCULO;7000,00;;7000,00;1535,84;5464,16;
ERLEN CRUZ DO AMARAL;CASA CIVIL;ASSESSOR I;NAO INFORMADO; CARGO COMISSION.S/VINCULO;5229,77;;5229,77;973,62;4256,15;
ESTANISLAU GASPAR FERNANDES;CASA CIVIL;A.TEC-I;FG-1 ASSESSORIA; ESTATUTARIO;7214,19;;7214,19;1543,18;5671,01;
ESTEVAM PEDROSA;CASA CIVIL;ASSESSOR I;ASSESSOR I; CARGO COMISSION.S/VINCULO;5229,77;;5229,77;973,62;4256,15;
ESTHER OLIVA VELOSO RENGIFO;FUNDO DE PROMOCAO SOCIAL-FPS;ASSESSOR I;; CARGO COMISSION.S/VINCULO;5229,77;;5229,77;973,62;4256,15;
ETA PEREIRA CASTELO BRANCO;CASA CIVIL;PROCURADOR JUR.1A.CLASSE-NS.131.20;PROCURADOR JURIDICO; ESTATUTARIO;35527,96;65,74;35462,22;11736,54;23725,68;
ETELVINA DE CASSIA PERES VICTORIA;CASA CIVIL;A.TEC-I;FG-2 DE ASSESSORIA; ESTATUTARIO;5797,48;;5797,48;1120,54;4676,94;
EVANILDO PINTO ALMEIDA;CASA CIVIL;MOT-I;; ESTATUTARIO;3846,13;;3846,13;556,97;3289,16;
EWERTON RIBEIRO TEIXEIRA;CASA CIVIL;ASSESSOR III;NAO INFORMADO; CARGO COMISSION.S/VINCULO;3191,80;;3191,80;367,36;2824,44;
FABIANA ANDRADE BARBOSA;FUNDO DE PROMOCAO SOCIAL-FPS;ASSESSOR I;NAO INFORMADO; CARGO COMISSION.S/VINCULO;5229,77;;5229,77;973,62;4256,15;
FABIANO DOMINGOS FIORI;CASA CIVIL;TNS-I;TEC NIVEL SUPERIOR; ESTATUTARIO;6975,12;;6975,12;1669,83;5305,29;
FABIO DE ASSIS BATISTA FILHO;CASA CIVIL;ASSESSOR III;ASSESSOR III; CARGO COMISSION.S/VINCULO;3191,80;;3191,80;367,36;2824,44;
FABIOLA RODRIGUES FIGUEIRA;CASA CIVIL;ASSESSOR TECNICO;NAO INFORMADO; CARGO COMISSION.S/VINCULO;7000,00;;7000,00;1640,11;5359,89;
FABIOLA XAVIER DESTERRO E SILVA;CASA CIVIL;PROFESSOR PF40.LPL-IV;CHEF.ADJ.CONS.T-LEGI; ESTATUTARIO;12944,21;;12944,21;3181,99;9762,22;
FELIPE CRUZ FERNANDES;CASA CIVIL;ASSESSOR I;NAO INFORMADO; CARGO COMISSION.S/VINCULO;5229,77;;5229,77;973,62;4256,15;
FERNANDA BENTES DA SILVA;FUNDO DE PROMOCAO SOCIAL-FPS;ASSESSOR II;ASSESSOR II; CARGO COMISSION.S/VINCULO;4209,79;;4209,79;633,12;3576,67;
FERNANDA PRESTES BRANDAO REIS;CASA CIVIL;ASSESSOR II;ASSESSOR II; CARGO COMISSION.S/VINCULO;4209,79;;4209,79;633,12;3576,67;
FERNANDA SANTOS SILVA;CASA CIVIL;CONSULTOR TECNICO III;NAO INFORMADO; CARGO COMISSION.S/VINCULO;7333,33;;7333,33;1713,48;5619,85;
FLAVIA SOUZA DOS SANTOS;CASA CIVIL;ASSESSOR I;ASSESSOR I; CARGO COMISSION.S/VINCULO;5229,77;;5229,77;930,62;4299,15;
FLAVIO CORDEIRO ANTONY FILHO;CASA CIVIL;SECRETARIO DE ESTADO;NAO INFORMADO; CARGO COMISSION.S/VINCULO;28060,00;;28060,00;7483,12;20576,88;
FRANCISCA EVANILDE COSTA DA SILVA;CASA CIVIL;ASSESSOR II;ASSESSOR II AD-2; CARGO COMISSION.S/VINCULO;4209,79;;4209,79;633,12;3576,67;
FRANCISCA HELENA DE SOUZA DA SILVA;CASA CIVIL;ASSESSOR TECNICO;; CARGO COMISSION.S/VINCULO;7000,00;;7000,00;1587,98;5412,02;
FRANCISCA RAIMUNDA PEREIRA S ALVES;CASA CIVIL;ASSESSOR TECNICO;ASSESSOR TECNICO; CARGO COMISSION.S/VINCULO;14000,00;;14000,00;3616,62;10383,38;
FRANCISCO ALEXANDRE CORREA DE MELO;FUNDO DE PROMOCAO SOCIAL-FPS;ASSESSOR TECNICO;NAO INFORMADO; CARGO COMISSION.S/VINCULO;7000,00;;7000,00;1640,11;5359,89;
FRANCISCO ALEXANDRE DOS ANJOS COSTA;CASA CIVIL;OPERADOR DE AUDIO DE TV;FG-1; ESTATUTARIO;4845,36;;4845,36;719,40;4125,96;
FRANCISCO BEZERRA DE ABREU JUNIOR;FUNDO DE PROMOCAO SOCIAL-FPS;ASSESSOR I;ASSESSOR I; CARGO COMISSION.S/VINCULO;5229,77;;5229,77;930,62;4299,15;
FRANCISCO DAS CHAGAS DA SILVA;CASA CIVIL;SUB-TENENTE;ASSESSOR I; ESTATUTARIO;5000,00;;5000,00;505,64;4494,36;
FRANCISCO DE PAULA GRANA V JUNIOR;CASA CIVIL;ASSESSOR II;ASSESSOR II; CARGO COMISSION.S/VINCULO;4209,79;;4209,79;601,44;3608,35;
FRANCISCO DEODATO GUIMARAES;CASA CIVIL;MEDICO 2A CLASSE;ASSESSOR TECNICO; ESTATUTARIO;7971,92;;7971,92;2143,53;5828,39;
FRANCISCO EDNEY ESTEVES DA COSTA;CASA CIVIL;ASSESSOR IV;NAO INFORMADO; CARGO COMISSION.S/VINCULO;2575,61;;2575,61;246,83;2328,78;
FRANCISCO FERREIRA ALVES NETO;FUNDO DE PROMOCAO SOCIAL-FPS;ASSESSOR II;NAO INFORMADO; CARGO COMISSION.S/VINCULO;4209,79;;4209,79;520,25;3689,54;
FRANCISCO LIMA DA SILVA;FUNDO DE PROMOCAO SOCIAL-FPS;ASSESSOR II;NAO INFORMADO; CARGO COMISSION.S/VINCULO;4209,79;;4209,79;633,12;3576,67;
FRANCISCO PEREIRA DE SOUZA;FUNDO DE PROMOCAO SOCIAL-FPS;ASSESSOR I;; CARGO COMISSION.S/VINCULO;8861,55;;8861,55;65,37;8796,18;
FRANCISCO PEREIRA DE SOUZA;FUNDO DE PROMOCAO SOCIAL-FPS;ASSESSOR TECNICO;ASSESSOR TECNICO; CARGO COMISSION.S/VINCULO;5833,33;;5833,33;1200,86;4632,47;
FRANCISCO PEREIRA GOMES;CASA CIVIL;MOT-I;; ESTATUTARIO;2841,39;;2841,39;433,56;2407,83;
FRANCISCO RICARDO PEREIRA FERNANDES;CASA CIVIL;CHEFE ADJUNTO DA CTL;; CARGO COMISSION.S/VINCULO;8100,00;;8100,00;1994,12;6105,88;
FRANCISCO SOARES DE MOURA;CASA CIVIL;MOT-I;FG-2; ESTATUTARIO;6140,07;;6140,07;1104,77;5035,30;
GABRIEL DE OLIVEIRA RIBEIRO;UNID.DE GESTAO INTEGRADA - UGI;ASSESSOR I;NAO INFORMADO; CARGO COMISSION.S/VINCULO;5229,77;;5229,77;973,62;4256,15;
GABRIEL RAIKER ABRAHIM;CASA CIVIL;ASSESSOR II;NAO INFORMADO; CARGO COMISSION.S/VINCULO;4209,79;;4209,79;633,12;3576,67;
GABRIELA BRAGA MATOS DE PAULO;CASA CIVIL;ASSESSOR II;NAO INFORMADO; CARGO COMISSION.S/VINCULO;4209,79;;4209,79;633,12;3576,67;
GABRIELA STEFFANY TORRES DE ASSIS;FUNDO DE PROMOCAO SOCIAL-FPS;ASSESSOR I;ASSESSOR I; CARGO COMISSION.S/VINCULO;5229,77;;5229,77;973,62;4256,15;
GABRIELLE BARRETO REBELLO DE SOUZA;CASA CIVIL;ASSESSOR II;NAO INFORMADO; CARGO COMISSION.S/VINCULO;4209,79;;4209,79;633,12;3576,67;
GABRIELLY CRISTINA CORREA M GURJAO;CASA CIVIL;ASSESSOR I;ASSESSOR I; CARGO COMISSION.S/VINCULO;5229,77;;5229,77;930,62;4299,15;
GASPAR ALBERTO DE PAULA SILVA;FUNDO DE PROMOCAO SOCIAL-FPS;ASSESSOR II;; CARGO COMISSION.S/VINCULO;4209,79;;4209,79;633,12;3576,67;
GEORDANA SIMONSEN LIMA DE ARAUJO;CASA CIVIL;ASSESSOR III;ASSESSOR III; CARGO COMISSION.S/VINCULO;3191,80;;3191,80;367,36;2824,44;
GEORGIA MARIA MENDES JORGE DA SILVA;CASA CIVIL;ASSESSOR II;NAO INFORMADO; CARGO COMISSION.S/VINCULO;5613,05;;5613,05;1117,93;4495,12;
GERALDO ALBANO DE SOUZA;CASA CIVIL;TNS-III;TEC.NIVEL SUPERIOR; ESTATUTARIO;7383,63;;7383,63;1858,44;5525,19;
GERSON PESSOA DOS SANTOS;CASA CIVIL;ASSESSOR I;ASSESSOR I; CARGO COMISSION.S/VINCULO;5229,77;;5229,77;973,62;4256,15;
GERSON RODRIGUES IBERNOM;CASA CIVIL;ASSESSOR II;NAO INFORMADO; CARGO COMISSION.S/VINCULO;4209,79;;4209,79;633,12;3576,67;
GILBERTO DOS SANTOS CARNEIRO;CASA CIVIL;MOT-I;; ESTATUTARIO;5494,83;;5494,83;821,17;4673,66;
GILCEM DA SILVA GUIMARAES;CASA CIVIL;ASSESSOR III;ASSESSOR III; CARGO COMISSION.S/VINCULO;3191,80;;3191,80;367,36;2824,44;
GILDENI DE CASTRO UCHOA;CASA CIVIL;ASSESSOR II;NAO INFORMADO; CARGO COMISSION.S/VINCULO;5613,05;;5613,05;1117,93;4495,12;
GILDO DA COSTA;CASA CIVIL;ASSESSOR I;NAO INFORMADO; CARGO COMISSION.S/VINCULO;5229,77;;5229,77;973,62;4256,15;
GIOVANNA CAMPBELL DA FONSECA ALVES;CASA CIVIL;ASSESSOR II;NAO INFORMADO; CARGO COMISSION.S/VINCULO;4209,79;;4209,79;633,12;3576,67;
GIRLANDIA BARROS TRINDADE;FUNDO DE PROMOCAO SOCIAL-FPS;ASSESSOR III;ASSESSOR III; CARGO COMISSION.S/VINCULO;4787,69;;4787,69;825,85;3961,84;
GISELE DA SILVA ANSELMO;CASA CIVIL;ASSESSOR I;NAO INFORMADO; CARGO COMISSION.S/VINCULO;5229,77;;5229,77;973,62;4256,15;
GIULIA REGINA MARTINS VIEIRA;CASA CIVIL;ASSESSOR TECNICO;ASSESSOR TECNICO; CARGO COMISSION.S/VINCULO;7000,00;;7000,00;1640,11;5359,89;
GLAUCIA OLIVEIRA NUNES;FUNDO DE PROMOCAO SOCIAL-FPS;SECRETARIO EXECUTIVO ADJUNTO;SECRETARIO EXECUTIVO; CARGO COMISSION.S/VINCULO;9000,00;;9000,00;2241,62;6758,38;
GLAUCIA ROCHA FRANCO;CASA CIVIL;ASSESSOR IV;ASSESSOR IV; CARGO COMISSION.S/VINCULO;3605,85;;3605,85;471,69;3134,16;
GLAURACY BENEVIDES CORREA;CASA CIVIL;ASSESSOR II;ASSESSOR II AD-2; CARGO COMISSION.S/VINCULO;4209,79;;4209,79;633,12;3576,67;
GLEICIANE MARTINS MOREIRA;FUNDO DE PROMOCAO SOCIAL-FPS;ASSESSOR I;; CARGO COMISSION.S/VINCULO;5229,77;;5229,77;973,62;4256,15;
GLENDA MARGARETH DE A J D MENEZES;CASA CIVIL;ASSESSOR I;NAO INFORMADO; CARGO COMISSION.S/VINCULO;5229,77;;5229,77;973,62;4256,15;
GLORIA CRISTINA BRAGA DE LIMA;CASA CIVIL;ASSESSOR I;NAO INFORMADO; CARGO COMISSION.S/VINCULO;5229,77;;5229,77;973,62;4256,15;
GLORIA HONORAIDA DE LIMA;CASA CIVIL;TECNICO DE ENFERMAGEM A;ASSESSOR I; ESTATUTARIO;7981,28;;7981,28;1585,69;6395,59;
HAMIDA ISSA YACUB;CASA CIVIL;CONSULTOR TECNICO III;CONSULTOR TEC. III; CARGO COMISSION.S/VINCULO;5500,00;;5500,00;1075,36;4424,64;
HERON DE SOUZA MOREIRA;CASA CIVIL;ASSESSOR II;NAO INFORMADO; CARGO COMISSION.S/VINCULO;4209,79;;4209,79;633,12;3576,67;
HESTON SILVA DE QUEIROZ;CASA CIVIL;A.TEC-II;FG-1; ESTATUTARIO;6033,19;;6033,19;1104,95;4928,24;
IDANETE MEDEIROS PINTO;CASA CIVIL;CONSULTOR TEC.LEGISLATIVO;CONSULTOR TEC.LEGISL; CARGO COMISSION.S/VINCULO;5229,77;;5229,77;930,62;4299,15;
IEDA MARIA DE LIMA;FUNDO DE PROMOCAO SOCIAL-FPS;ASSESSOR I;; CARGO COMISSION.S/VINCULO;508,44;;508,44;;508,44;
ILNAH MARIA LIMA MONTEIRO DE CASTRO;CASA CIVIL;CONSULTOR TECNICO LEGISLATIVO II;NAO INFORMADO; CARGO COMISSION.S/VINCULO;6500,00;;6500,00;1399,73;5100,27;
INACIA MARIA CALDAS T P FERREIRA;CASA CIVIL;ASSESSOR I;ASSESSOR I; CARGO COMISSION.S/VINCULO;5229,77;;5229,77;4858,36;371,41;
INGRID QUEIROZ CASSIO;CASA CIVIL;ASSESSOR I;; CARGO COMISSION.S/VINCULO;5229,77;;5229,77;973,62;4256,15;
INTYANA TAYNNA LOPES FREITAS;CASA CIVIL;ASSESSOR II;ASSESSOR II; CARGO COMISSION.S/VINCULO;4209,79;;4209,79;601,44;3608,35;
IRIS TANARA LITAIFF DE SAO P AGUIAR;FUNDO DE PROMOCAO SOCIAL-FPS;ASSESSOR I;ASSESSOR I; CARGO COMISSION.S/VINCULO;5229,77;;5229,77;930,62;4299,15;
IRIS TANARA LITAIFF DE SAO P AGUIAR;CASA CIVIL;ASSESSOR II;; CARGO COMISSION.S/VINCULO;5963,86;;5963,86;;5963,86;
ISABELLA LIMA SIQUEIRA;CASA CIVIL;ASSESSOR I;NAO INFORMADO; CARGO COMISSION.S/VINCULO;5229,77;;5229,77;973,62;4256,15;
ISADORA ALFAIA DE MELO LIMA;SEGOV;SECRETARIO EXECUTIVO;SECRETARIO EXECUTIVO; CARGO COMISSION.S/VINCULO;11700,00;;11700,00;2984,12;8715,88;
ISADORA LOUISE CAMPOS COUTO FISH;CASA CIVIL;ASSESSOR II;ASSESSOR II; CARGO COMISSION.S/VINCULO;4209,79;;4209,79;601,44;3608,35;
IVA DA COSTA FERREIRA;CASA CIVIL;A.TEC-I;FG-3; ESTATUTARIO;6385,36;;6385,36;1344,73;5040,63;
IVANETE RAMOS DE PAULA;CASA CIVIL;TNS-II;FUNCAO GRATIFICADA F; ESTATUTARIO;10212,77;;10212,77;2679,28;7533,49;
IVANILDE LIMA MACHADO VIANA;FUNDO DE PROMOCAO SOCIAL-FPS;ASSESSOR II;NAO INFORMADO; CARGO COMISSION.S/VINCULO;4209,79;;4209,79;633,12;3576,67;
IZA EMANUELA DA SILVA DE MORAES;CASA CIVIL;ASSESSOR III;ASSESSOR III; CARGO COMISSION.S/VINCULO;3191,80;;3191,80;367,36;2824,44;
IZOLDA BRANDAO ARMELAU;CASA CIVIL;REDATOR GOVERNAMENTAL;; ESTATUTARIO;4997,73;;4997,73;644,72;4353,01;
JACO VIANA CAVALCANTE;CASA CIVIL;ASSESSOR III;ASSESSOR III; CARGO COMISSION.S/VINCULO;3191,80;;3191,80;367,36;2824,44;
JAIME BARBOSA REZENDE;CASA CIVIL;AUX.O-I;FG-1; ESTATUTARIO;6343,59;;6343,59;1030,06;5313,53;
JANAINA PITALUGA MORENO;CASA CIVIL;ASSESSOR I;ASSESSOR I AD 1; CARGO COMISSION.S/VINCULO;5229,77;;5229,77;930,62;4299,15;
JANE KELLY VASQUES DE OLIVEIRA;CASA CIVIL;ASSESSOR I;NAO INFORMADO; CARGO COMISSION.S/VINCULO;5229,77;;5229,77;930,62;4299,15;
JANIO DE SOUZA ALVES;CASA CIVIL;ASSESSOR I;NAO INFORMADO; CARGO COMISSION.S/VINCULO;5229,77;;5229,77;973,62;4256,15;
JANIO TORRES BARROS;CASA CIVIL;ASSISTENTE TECNICO GOVERNAMENTAL;FG-1; ESTATUTARIO;6196,47;;6196,47;974,38;5222,09;
JASON MILLER FIGUEIREDO DA COSTA;CASA CIVIL;ASSESSOR TECNICO;NAO INFORMADO; CARGO COMISSION.S/VINCULO;7000,00;;7000,00;1587,98;5412,02;
JAYLENE BRANDAO PAULA;CASA CIVIL;ASSISTENTE TECNICO GOVERNAMENTAL;FG-2 ASSESSORIA; ESTATUTARIO;5686,49;;5686,49;833,24;4853,25;
JENNIFER LIMA DE ARAUJO PEREIRA;CASA CIVIL;INVEST.DE POL. 4A.CL. PC-INV.IV;ASSESSOR I, AD-1; ESTATUTARIO;6666,67;;6666,67;963,97;5702,70;
JHONANTAN SAMPAIO COSTA;CASA CIVIL;CONSULTOR TECNICO II;CONSULTOR TECNICO II; CARGO COMISSION.S/VINCULO;6500,00;;6500,00;1451,86;5048,14;
JOANA VITA MORAES DE SOUZA MORILLAS;CASA CIVIL;TNS-I;FG-1 ASSESSORIA; ESTATUTARIO;13457,84;;13457,84;3816,08;9641,76;
JOAO DANILO PINTO;CASA CIVIL;MOT-I;; ESTATUTARIO;4240,07;;4240,07;623,19;3616,88;
JOAO LUIZ SOUZA AZEVEDO;CASA CIVIL;SECRETARIO EXECUTIVO ADJUNTO;NAO INFORMADO; CARGO COMISSION.S/VINCULO;9000,00;;9000,00;2241,62;6758,38;
JOAO SILVA MARQUES;CASA CIVIL;ASSESSOR I;ASSESSOR I; CARGO COMISSION.S/VINCULO;5229,77;;5229,77;973,62;4256,15;
JOAO VICTOR LIMA CORDEIRO;CASA CIVIL;ASSESSOR III;NAO INFORMADO; CARGO COMISSION.S/VINCULO;3191,80;;3191,80;367,36;2824,44;
JOAO VICTOR MELLO AZEVEDO RAMALHO;CASA CIVIL;ASSESSOR I;; CARGO COMISSION.S/VINCULO;5665,58;;5665,58;1006,30;4659,28;
JOAQUIM MARQUES DOS SANTOS NETO;CASA CIVIL;ASSESSOR I;NAO INFORMADO; CARGO COMISSION.S/VINCULO;5229,77;;5229,77;973,62;4256,15;
JOCIMAR DUARTE DA ROCHA;CASA CIVIL;A.TEC-I;FG-1 CHEFE DE SETOR; ESTATUTARIO;10278,37;;10278,37;2606,51;7671,86;
JOEBER BELEM TEIXEIRA;CASA CIVIL;CONSULTOR TECNICO III;NAO INFORMADO; CARGO COMISSION.S/VINCULO;5500,00;;5500,00;978,09;4521,91;
JOEL JUNIOR BENICIO DE LIMA;CASA CIVIL;CONSULTOR TECNICO II;NAO INFORMADO; CARGO COMISSION.S/VINCULO;6500,00;;6500,00;1451,86;5048,14;
JOICY CAROLINE ANDRADE RIBEIRO;SEGOV;ASSESSOR II;ASSESSOR II; CARGO COMISSION.S/VINCULO;4209,79;;4209,79;633,12;3576,67;
JORGE DO NASCIMENTO GOMES;CASA CIVIL;A.TEC-I;ASSESSOR I; ESTATUTARIO;5878,09;;5878,09;1137,04;4741,05;
JORGE GUEDES LOBO JUNIOR;CASA CIVIL;ASSESSOR I;; CARGO COMISSION.S/VINCULO;5229,77;;5229,77;973,62;4256,15;
JORGE HELENO MELO CAVALCANTE;CASA CIVIL;ASSESSOR II;; CARGO COMISSION.S/VINCULO;4209,79;;4209,79;633,12;3576,67;
JORGE WILLES LIRA CARDOSO;CASA CIVIL;ASSESSOR II;NAO INFORMADO; CARGO COMISSION.S/VINCULO;5613,05;;5613,05;1117,93;4495,12;
JOSE AGAPITO DA SILVEIRA;CASA CIVIL;A.TEC-II;; ESTATUTARIO;4238,47;;4238,47;723,40;3515,07;
JOSE AMERICO MORAES DA COSTA;CASA CIVIL;ASSESSOR III;NAO INFORMADO; CARGO COMISSION.S/VINCULO;3191,80;;3191,80;367,36;2824,44;
JOSE CARLOS FERREIRA DO NASCIMENTO;CASA CIVIL;ASSESSOR III;NAO INFORMADO; CARGO COMISSION.S/VINCULO;3191,80;;3191,80;367,36;2824,44;
JOSE DE AQUINO FREIRE;CASA CIVIL;A.TEC-I;FG-2 DE ASSESSORIA; ESTATUTARIO;9531,63;;9531,63;2431,32;7100,31;
JOSE FRANCISCO SANTOS SILVA;CASA CIVIL;ASSESSOR I;NAO INFORMADO; CARGO COMISSION.S/VINCULO;5229,77;;5229,77;973,62;4256,15;
JOSE MARANHAO RODRIGUES;UNID.DE GESTAO INTEGRADA - UGI;ASSESSOR I;NAO INFORMADO; CARGO COMISSION.S/VINCULO;5229,77;;5229,77;973,62;4256,15;
JOSE MAURICIO DOS SANTOS TOMAZ;CASA CIVIL;ASSESSOR I;ASSESSOR I; CARGO COMISSION.S/VINCULO;5229,77;;5229,77;973,62;4256,15;
JOSENI MARTINS SILVA PONTES;CASA CIVIL;CONSULTOR TEC.LEGISLATIVO;NAO INFORMADO; CARGO COMISSION.S/VINCULO;5229,77;;5229,77;973,62;4256,15;
JOSIANY MUNHOZ DE ALMEIDA COSTA;CASA CIVIL;CONSULTOR TECNICO LEGISLATIVO III;CONSULTOR TECNICO LE; CARGO COMISSION.S/VINCULO;5500,00;;5500,00;1075,36;4424,64;
JOYCIANE RODRIGUES MENDES;CASA CIVIL;ASSESSOR I;; CARGO COMISSION.S/VINCULO;5229,77;;5229,77;973,62;4256,15;
JUAREZ NOGUEIRA COTA DA COSTA;CASA CIVIL;GERENTE;; CARGO COMISSION.S/VINCULO;4209,79;;4209,79;601,44;3608,35;
JULIANA ARAUJO RIOS;CASA CIVIL;ASSESSOR III;; CARGO COMISSION.S/VINCULO;3191,80;;3191,80;367,36;2824,44;
JULIAO LEMOS SOBRAL NETTO;CASA CIVIL;CONSULTOR TECNICO III;CONSULTOR TECNICO II; CARGO COMISSION.S/VINCULO;5500,00;;5500,00;1075,36;4424,64;
JULIETA BARROS BRANDAO C PEREIRA;CASA CIVIL;PROFESSOR;CONSULTOR TECNICO LE; ESTATUTARIO;8076,54;;8076,54;1510,32;6566,22;
JULIO CESAR SILVA CAMPOS;CASA CIVIL;ASSESSOR TECNICO;NAO INFORMADO; CARGO COMISSION.S/VINCULO;7000,00;;7000,00;1640,11;5359,89;
JULIO CONCEIÇÃO BRASIL DA SILVA;CASA CIVIL;ASSESSOR II;NAO INFORMADO; CARGO COMISSION.S/VINCULO;4209,79;;4209,79;633,12;3576,67;
JURACEMA LIMA DE MEDEIROS;CASA CIVIL;REPRESENTANTE;FG-3; ESTATUTARIO;7213,19;;7213,19;1292,70;5920,49;
JUSCELINO MOURA TAVARES;CASA CIVIL;ASSESSOR IV;NAO INFORMADO; CARGO COMISSION.S/VINCULO;3434,15;;3434,15;428,43;3005,72;
KAREN REGINA SANTANA DE ANDRADE;FUNDO DE PROMOCAO SOCIAL-FPS;ASSESSOR IV;NAO INFORMADO; CARGO COMISSION.S/VINCULO;2575,61;;2575,61;246,83;2328,78;
KARILENA MESQUITA VIANA;FUNDO DE PROMOCAO SOCIAL-FPS;ASSESSOR TECNICO;ASSESSOR TECNICO; CARGO COMISSION.S/VINCULO;7000,00;;7000,00;1640,11;5359,89;
KARIME ALENCAR PONTES BESSA;CASA CIVIL;ASSESSOR I;; CARGO COMISSION.S/VINCULO;5229,77;;5229,77;930,62;4299,15;
KARLA FERREIRA DE CASTRO;CASA CIVIL;ASSESSOR I;NAO INFORMADO; CARGO COMISSION.S/VINCULO;5229,77;;5229,77;973,62;4256,15;
KAROLLINA GOMES DA SILVA PESSOA;CASA CIVIL;AGENTE ADM.-AGA-T.S.N.A.-E;FUNCAO GRATIFICADA F; ESTATUTARIO;2826,79;;2826,79;330,96;2495,83;
KATHELEN DE OLIVEIRA BRAZ SANTOS;FUNDO DE PROMOCAO SOCIAL-FPS;SECRETARIO EXECUTIVO;NAO INFORMADO; CARGO COMISSION.S/VINCULO;15600,00;;15600,00;4056,62;11543,38;
KATIA REGINA BARBOSA DE M CARVALHO;FUNDO DE PROMOCAO SOCIAL-FPS;TEC.DE NIVEL SUPERIOR 2A CLASSE;; ESTATUTARIO;6571,55;;6571,55;1481,43;5090,12;
KATIA REGINA DE OLIVEIRA ALVES;CASA CIVIL;ASSISTENTE TECNICO GOVERNAMENTAL;FG-2 DE ASSESSORIA; ESTATUTARIO;5686,49;;5686,49;833,24;4853,25;
KATIANNY KEILA SALIM COLACO;FUNDO DE PROMOCAO SOCIAL-FPS;ASSESSOR TECNICO;NAO INFORMADO; CARGO COMISSION.S/VINCULO;7000,00;;7000,00;1640,11;5359,89;
KEILA CRISTIANE BATISTA DO VALLE;CASA CIVIL;ASSESSOR I;ASSESSOR I; CARGO COMISSION.S/VINCULO;5229,77;;5229,77;973,62;4256,15;
KEILA OLIVEIRA DE FREITAS;FUNDO DE PROMOCAO SOCIAL-FPS;SECRETARIO EXECUTIVO ADJUNTO;SECRETARIO EXECUTIVO; CARGO COMISSION.S/VINCULO;9000,00;;9000,00;2241,62;6758,38;
KEITY ANNY PRADO TAUMATURGO;CASA CIVIL;ASSESSOR I;NAO INFORMADO; CARGO COMISSION.S/VINCULO;5229,77;;5229,77;973,62;4256,15;
KEIVISON BRAZ GAMA;CASA CIVIL;ASSESSOR III;ASSESSOR III; CARGO COMISSION.S/VINCULO;3191,80;;3191,80;367,36;2824,44;
KELLEN CRISTINA AGUIAR DE OLIVEIRA;CASA CIVIL;ASSESSOR III;NAO INFORMADO; CARGO COMISSION.S/VINCULO;3191,80;;3191,80;367,36;2824,44;
KELLY DA SILVA COUTO;SEGOV;ASSESSOR II;ASSESSOR II; CARGO COMISSION.S/VINCULO;4209,79;;4209,79;633,12;3576,67;
KEYTE REGIANE DA SILVA BATISTA;CASA CIVIL;ASSESSOR II;NAO INFORMADO; CARGO COMISSION.S/VINCULO;4209,79;;4209,79;544,56;3665,23;
LAERTE NOGUEIRA DA SILVA;CASA CIVIL;ASSESSOR TECNICO;ASSESSOR TECNICO; CARGO COMISSION.S/VINCULO;7000,00;;7000,00;1640,11;5359,89;
LARISSA COSTA DOS ANJOS;CASA CIVIL;ASSESSOR I;; CARGO COMISSION.S/VINCULO;5229,77;;5229,77;973,62;4256,15;
LARISSA DA SILVA PERES;CASA CIVIL;ASSISTENTE TECNICO PNM.ANM-III;CONSULTOR TECNICO I; ESTATUTARIO;8636,08;;8636,08;1671,62;6964,46;
LARISSA MARIA LIMA MOTA;CASA CIVIL;ASSESSOR II;ASSESSOR II; CARGO COMISSION.S/VINCULO;4209,79;;4209,79;633,12;3576,67;
LARISSA NAGYLA ABREU DA SILVA;FUNDO DE PROMOCAO SOCIAL-FPS;ASSESSOR TECNICO;ASSESSOR TECNICO; CARGO COMISSION.S/VINCULO;7000,00;;7000,00;1640,11;5359,89;
LARYSSA ARAUJO MULLER;CASA CIVIL;ASSESSOR TECNICO;NAO INFORMADO; CARGO COMISSION.S/VINCULO;7000,00;;7000,00;1640,11;5359,89;
LAUDETE LUCIA LAGO OSMARI;CASA CIVIL;CONSULTOR TECNICO III;NAO INFORMADO; CARGO COMISSION.S/VINCULO;7333,33;;7333,33;1765,61;5567,72;
LEANDRO PIRES SANTIAGO;CASA CIVIL;ARTIFICE-ART-T.S.N.A.-A;; ESTATUTARIO;1302,00;;1302,00;337,24;964,76;
LEANDRO RABELO DE OLIVEIRA;CASA CIVIL;ASSESSOR I;NAO INFORMADO; CARGO COMISSION.S/VINCULO;5229,77;;5229,77;973,62;4256,15;
LEIA MIRANDA DIAS;CASA CIVIL;ASSESSOR III;NAO INFORMADO; CARGO COMISSION.S/VINCULO;3191,80;;3191,80;367,36;2824,44;
LEONARDO NAZARETH PEREZ PINO;FUNDO DE PROMOCAO SOCIAL-FPS;ASSESSOR IV;NAO INFORMADO; CARGO COMISSION.S/VINCULO;2575,61;;2575,61;246,83;2328,78;
LEONARDO WILSON FEITOSA MEIRELLES;CASA CIVIL;ASSESSOR II;NAO INFORMADO; CARGO COMISSION.S/VINCULO;4209,79;;4209,79;633,12;3576,67;
LIA PAULA DE SOUZA ALBUQUERQUE;CASA CIVIL;CONSULTOR TECNICO II;CONSULTOR TECNICO II; CARGO COMISSION.S/VINCULO;7583,33;;7583,33;1533,10;6050,23;
LIBNA TOBAR DO NASCIMENTO;CASA CIVIL;ASSESSOR II;NAO INFORMADO; CARGO COMISSION.S/VINCULO;4209,79;;4209,79;633,12;3576,67;
LIDIANY ARRUDA DE LIMA MORAES;CASA CIVIL;ASSESSOR II;NAO INFORMADO; CARGO COMISSION.S/VINCULO;4209,79;;4209,79;573,00;3636,79;
LIVIA MARIA MONTEIRO LINS LIMA;CASA CIVIL;CONSULTOR TEC.LEGISLATIVO;NAO INFORMADO; CARGO COMISSION.S/VINCULO;5229,77;;5229,77;973,62;4256,15;
LIVIA MARIA RODRIGUES DE O AMORIM;CASA CIVIL;ASSESSOR TECNICO;NAO INFORMADO; CARGO COMISSION.S/VINCULO;7000,00;;7000,00;1640,11;5359,89;
LUA GABRIEL ALVES SALES;CASA CIVIL;ASSESSOR IV;ASSESSOR IV; CARGO COMISSION.S/VINCULO;2575,61;;2575,61;232,61;2343,00;
LUANA CECÍLIA MELO LEITE;FUNDO DE PROMOCAO SOCIAL-FPS;ASSESSOR II;; CARGO COMISSION.S/VINCULO;4209,79;;4209,79;633,12;3576,67;
LUANA DO NASCIMENTO JUCA;CASA CIVIL;CONSULTOR TECNICO II;NAO INFORMADO; CARGO COMISSION.S/VINCULO;8666,67;;8666,67;2149,96;6516,71;
LUANA SAMARA RODRIGUES SIQUEIRA;CASA CIVIL;ASSESSOR II;ASSESSOR II; CARGO COMISSION.S/VINCULO;8419,58;;8419,58;2082,01;6337,57;
LUANA SIQUEIRA DA SILVA;CASA CIVIL;ASSESSOR I;NAO INFORMADO; CARGO COMISSION.S/VINCULO;5229,77;;5229,77;973,62;4256,15;
LUCAS DE ARAUJO LEITE;CASA CIVIL;ASSESSOR I;ASSESSOR I; CARGO COMISSION.S/VINCULO;6973,03;;6973,03;1629,96;5343,07;
LUCAS PITALUGA MORENO LOPES;CASA CIVIL;ASSESSOR I;ASSESSOR I; CARGO COMISSION.S/VINCULO;5229,77;;5229,77;930,62;4299,15;
LUCAS VIEIRA PEREIRA DE LUNA;CASA CIVIL;ANALISTA JURIDICO;ASSESSOR I; ESTATUTARIO;10500,00;;10500,00;2259,66;8240,34;
LUCIA CARLA DA GAMA RODRIGUES;CASA CIVIL;COORD.DA UNID.DE GESTAO INTEGRADA;COORD.DA UNID.DE GES; CARGO COMISSION.S/VINCULO;28060,00;;28060,00;7483,12;20576,88;
LUCIANA DA MOTA CASTELO CLEMENTE;SEGOV;ASSESSOR I;ASSESSOR I; CARGO COMISSION.S/VINCULO;10459,54;;10459,54;2590,86;7868,68;
LUCIANA DE SOUZA GUIMARAES GADELHA;CASA CIVIL;CONSULTOR TECNICO III;CONSULTOR TECNICO II; CARGO COMISSION.S/VINCULO;5500,00;;5500,00;1075,36;4424,64;
LUCIANA PITALUGA MORENO;CASA CIVIL;ASSESSOR I;ASSESSOR I AD 1; CARGO COMISSION.S/VINCULO;5229,77;;5229,77;973,62;4256,15;
LUCIANE AMARANTE FERREIRA PARENTE;CASA CIVIL;ASSESSOR III;ASSESSOR III; CARGO COMISSION.S/VINCULO;3191,80;;3191,80;347,23;2844,57;
LUCIANO PEREIRA DE SOUZA;CASA CIVIL;ASSESSOR I;NAO INFORMADO; CARGO COMISSION.S/VINCULO;5229,77;;5229,77;973,62;4256,15;
LUIZ ANDRÉ SOUTO PASSOS;CASA CIVIL;ASSESSOR III;; CARGO COMISSION.S/VINCULO;3191,80;;3191,80;367,36;2824,44;
LUIZ CLAUDIO DA SILVEIRA GOMES;CASA CIVIL;SEC.DO GAB.PESSOAL DO GOVERNADOR;SEC.DO GAB.PESSOAL D; CARGO COMISSION.S/VINCULO;28060,00;;28060,00;7483,12;20576,88;
LUIZ EDUARDO LOPES FURTADO;CASA CIVIL;CONSULTOR TECNICO LEGISLATIVO III;CONSULTOR TECNICO LE; CARGO COMISSION.S/VINCULO;5500,00;;5500,00;1075,36;4424,64;
LUIZ FELIPE RODRIGUES DE MOURA;CASA CIVIL;ASSESSOR III;; CARGO COMISSION.S/VINCULO;3191,80;;3191,80;367,36;2824,44;
LUIZ HERON DA SILVA BRAZ;FUNDO DE PROMOCAO SOCIAL-FPS;ASSESSOR II;NAO INFORMADO; CARGO COMISSION.S/VINCULO;4209,79;;4209,79;633,12;3576,67;
LUIZ MILTON DE BRITO GONCALVES;CASA CIVIL;ASSESSOR TECNICO;NAO INFORMADO; CARGO COMISSION.S/VINCULO;9333,33;;9333,33;2176,88;7156,45;
LUIZ PAULO GABRIEL GONCALVES SILVA;CASA CIVIL;CONSULTOR TEC.LEGISLATIVO;NAO INFORMADO; CARGO COMISSION.S/VINCULO;5229,77;;5229,77;973,62;4256,15;
LUIZA LIMA MACEDO;CASA CIVIL;A.TEC-I;FG-3 DE ASSESSORIA; ESTATUTARIO;5683,13;;5683,13;1089,10;4594,03;
MAIRA COSTA PIZZETTI;CASA CIVIL;CONSULTOR TECNICO II;CONSULTOR TECNICO II; CARGO COMISSION.S/VINCULO;6500,00;;6500,00;1451,86;5048,14;
MARA DA SILVA PERSILVA;SEGOV;ASSESSOR II;ASSESSOR II; CARGO COMISSION.S/VINCULO;4209,79;;4209,79;633,12;3576,67;
MARCELA DA CUNHA CARVALHO;CASA CIVIL;ASSIST.ADMIN.-ASA-T.S.N.M.-A;ASSESSOR TECNICO; ESTATUTARIO;7000,00;;7000,00;1275,81;5724,19;
MARCELO AMORIM DOS SANTOS;SEGOV;ASSESSOR I;ASSESSOR I; CARGO COMISSION.S/VINCULO;10459,54;;10459,54;1899,53;8560,01;
MARCELO DA SILVA COLARES FILHO;CASA CIVIL;ASSESSOR II;ASSESSOR II; CARGO COMISSION.S/VINCULO;4209,79;;4209,79;633,12;3576,67;
MARCELO NORMANDO BARBOSA;CASA CIVIL;ASSESSOR III;ASSESSOR III; CARGO COMISSION.S/VINCULO;3191,80;;3191,80;367,36;2824,44;
MARCIA AUGUSTA DE SOUZA;CASA CIVIL;A.TEC-II;CONSULTOR TECNICO LE; ESTATUTARIO;12447,28;;12447,28;2924,64;9522,64;
MARCIA CRISTINA OLIVEIRA DA COSTA;CASA CIVIL;TECNICO GOVERNAMENTAL;FUNCAO GRATIFICADA F; ESTATUTARIO;10203,85;;10203,85;2469,86;7733,99;
MARCIA ROBERTA LIMA BEZERRA;CASA CIVIL;ASSESSOR I;NAO INFORMADO; CARGO COMISSION.S/VINCULO;5229,77;;5229,77;887,97;4341,80;
MARCIO AYDEN SIMOES DE OLIVEIRA;FUNDO DE PROMOCAO SOCIAL-FPS;ASSESSOR TECNICO;NAO INFORMADO; CARGO COMISSION.S/VINCULO;7000,00;;7000,00;1640,11;5359,89;
MARCIO FERREIRA DA ROCHA;CASA CIVIL;CONSULTOR TECNICO II;NAO INFORMADO; CARGO COMISSION.S/VINCULO;6500,00;;6500,00;1451,86;5048,14;
MARCO AURELIO DE FREITAS GUIMARAES;CASA CIVIL;TECNICO GOVERNAMENTAL;FG-3 ASSESSORIA; ESTATUTARIO;7248,22;;7248,22;1658,84;5589,38;
MARCO AURELIO FEIO DE A CERVEIRA;CASA CIVIL;ASSESSOR I;NAO INFORMADO; CARGO COMISSION.S/VINCULO;5229,77;;5229,77;973,62;4256,15;
MARCOS ANTONIO PAIXAO FEITOZA;CASA CIVIL;ASSESSOR I;ASSESSOR I; CARGO COMISSION.S/VINCULO;6973,03;;6973,03;1629,96;5343,07;
MARCOS PAULO BARBOSA DE OLIVEIRA;CASA CIVIL;ASSESSOR I;; CARGO COMISSION.S/VINCULO;5229,77;;5229,77;973,62;4256,15;
MARCUS ANTONIO DA ROCHA;CASA CIVIL;ASSESSOR I;; CARGO COMISSION.S/VINCULO;5229,77;;5229,77;973,62;4256,15;
MARIA ANGELITA DA COSTA RIBEIRO;FUNDO DE PROMOCAO SOCIAL-FPS;ASSESSOR II;ASSESSOR II; CARGO COMISSION.S/VINCULO;4209,79;;4209,79;633,12;3576,67;
MARIA AUXILIADORA SOUZA E SILVA;CASA CIVIL;ASSESSOR TECNICO;NAO INFORMADO; CARGO COMISSION.S/VINCULO;7000,00;;7000,00;1640,11;5359,89;
MARIA CAROLINE DO CARMO C MARCONDES;CASA CIVIL;A.TEC-III;CONSULTOR TÉC. II; ESTATUTARIO;2603,94;;2603,94;389,70;2214,24;
MARIA CATARINA RODRIGUES PESSOA;CASA CIVIL;ASSESSOR I;ASSESSOR I; CARGO COMISSION.S/VINCULO;6973,03;;6973,03;1629,96;5343,07;
MARIA CLARA BENTES LIMA;CASA CIVIL;ASSESSOR I;NAO INFORMADO; CARGO COMISSION.S/VINCULO;5229,77;;5229,77;973,62;4256,15;
MARIA CLAUDIA MAGRO DE OLIVEIRA;CASA CIVIL;CHEFE DE DEPARTAMENTO;NAO INFORMADO; CARGO COMISSION.S/VINCULO;5229,77;;5229,77;973,62;4256,15;
MARIA CONCEBIDA DE ARAUJO LEAL;CASA CIVIL;CHEFE DE DEPARTAMENTO;CHEFE DE DEPARTAMENT; CARGO COMISSION.S/VINCULO;5229,77;;5229,77;973,62;4256,15;
MARIA DA CONCEICAO COSTA PIRES;CASA CIVIL;A.TEC-I;CONSULTOR TECNICO II; ESTATUTARIO;11010,29;;11010,29;2871,06;8139,23;
MARIA DAS GRACAS BENAYON DA SILVA;CASA CIVIL;A.SOC-I;FG-1; ESTATUTARIO;9338,35;;9338,35;2316,44;7021,91;
MARIA DAS GRACAS SOARES BORGES;CASA CIVIL;ASSISTENTE TECNICO 3A CLASSE;FG-1; ESTATUTARIO;6714,79;;6714,79;1163,06;5551,73;
MARIA DE JESUS GUIMARAES SILVA PAES;FUNDO DE PROMOCAO SOCIAL-FPS;ASSESSOR TECNICO;ASSESSOR TECNICO; CARGO COMISSION.S/VINCULO;7000,00;;7000,00;1640,11;5359,89;
MARIA DO CARMO CRISTO S M FERNANDES;CASA CIVIL;CONSULTOR ESPECIAL;; ESTATUTARIO;45025,05;;45025,05;14940,06;30084,99;
MARIA DO PERPETUO SOCORRO B SOARES;CASA CIVIL;ASSISTENTE TECNICO GOVERNAMENTAL;FG-1 ASSESSORIA; ESTATUTARIO;6196,47;;6196,47;974,38;5222,09;
MARIA DO PERPETUO SOCORRO RODRIGUES;CASA CIVIL;ASSESSOR III;NAO INFORMADO; CARGO COMISSION.S/VINCULO;3191,80;;3191,80;367,36;2824,44;
MARIA DO SOCORRO BRITO VASCONCELOS;CASA CIVIL;ASSESSOR I;NAO INFORMADO; CARGO COMISSION.S/VINCULO;5229,77;;5229,77;973,62;4256,15;
MARIA DO SOCORRO CRUZ DE A MEDEIROS;CASA CIVIL;TNS-II;; ESTATUTARIO;12159,56;;12159,56;3348,03;8811,53;
MARIA DO SOCORRO FERREIRA CALDERARO;CASA CIVIL;ASSISTENTE TECNICO GOVERNAMENTAL;FG-2 DE ASSESSORIA; ESTATUTARIO;5686,49;;5686,49;833,24;4853,25;
MARIA EDUARDA ALMEIDA BARROS;FUNDO DE PROMOCAO SOCIAL-FPS;ASSESSOR II;ASSESSOR II; CARGO COMISSION.S/VINCULO;4209,79;;4209,79;633,12;3576,67;
MARIA ELENILDA RODRIGUES S LEANDRO;CASA CIVIL;ASSESSOR II;ASSESSOR II; CARGO COMISSION.S/VINCULO;3508,15;;3508,15;447,08;3061,07;
MARIA ELIZETE PAULINO PINTO;CASA CIVIL;ASSESSOR II;NAO INFORMADO; CARGO COMISSION.S/VINCULO;4209,79;;4209,79;633,12;3576,67;
MARIA EMILIA PESSOA DOS SANTOS;CASA CIVIL;ASSISTENTE TECNICO;FG-1 ASSESSORIA; ESTATUTARIO;6623,70;;6623,70;1114,23;5509,47;
MARIA FREIRE DE SOUZA;CASA CIVIL;ASSESSOR I;NAO INFORMADO; CARGO COMISSION.S/VINCULO;5229,77;;5229,77;973,62;4256,15;
MARIA GORETH DOS SANTOS VIEIRA;CASA CIVIL;SECRETARIO EXECUTIVO;NAO INFORMADO; DISP. OUTROS ESFERAS;11700,00;;11700,00;2348,14;9351,86;
MARIA HELENA STONE ARNOUD DA ROSA;CASA CIVIL;ASSESSOR II;ASSESSOR II; DISP. OUTROS ESFERAS;4000,00;;4000,00;85,20;3914,80;
MARIA INEZ MOREIRA DE AZEVEDO;CASA CIVIL;ASSESSOR II;NAO INFORMADO; CARGO COMISSION.S/VINCULO;4209,79;;4209,79;633,12;3576,67;
MARIA JOSE FREITAS CARLOS;CASA CIVIL;C.TEC.L-U;; ESTATUTARIO;39871,44;;39871,44;12842,09;27029,35;
MARIA JOSE LEONEL BEZERRA;FUNDO DE PROMOCAO SOCIAL-FPS;ASSESSOR TECNICO;; CARGO COMISSION.S/VINCULO;11861,10;;11861,10;87,49;11773,61;
MARIA LUISA BUSSONS ALBUQUERQUE;CASA CIVIL;ASSESSOR III;ASSESSOR III; CARGO COMISSION.S/VINCULO;6383,60;;6383,60;1408,04;4975,56;
MARIA LUIZA DE ALMEIDA SAN MARTIN;CASA CIVIL;A.TEC-I;; ESTATUTARIO;3897,48;;3897,48;693,62;3203,86;
MARIA NAZARE DE AGUILA;CASA CIVIL;A.TEC-I;CHEFE DO CERIMONIAL; ESTATUTARIO;12914,56;;12914,56;3291,93;9622,63;
MARIA SANTOS DA SILVA;CASA CIVIL;ASSESSOR III;NAO INFORMADO; CARGO COMISSION.S/VINCULO;4255,73;;4255,73;648,44;3607,29;
MARIA SOCORRO DE SOUSA;CASA CIVIL;ASSISTENTE TECNICO GOVERNAMENTAL;FG-3; ESTATUTARIO;4826,28;;4826,28;597,23;4229,05;
MARIA TEREZINHA RIBEIRO COUTINHO;CASA CIVIL;ASSESSOR I;ASSESSOR I; CARGO COMISSION.S/VINCULO;5229,77;;5229,77;973,62;4256,15;
MARIANA DA ROCHA NORMANDO;CASA CIVIL;AFP-U;FG-1; ESTATUTARIO;28189,81;;28189,81;9097,85;19091,96;
MARIANA HAGGE MOURAO;CASA CIVIL;ASSESSOR I;; CARGO COMISSION.S/VINCULO;5229,77;;5229,77;973,62;4256,15;
MARINETE DE CASTRO PERDIGAO;CASA CIVIL;A.TEC-I;; ESTATUTARIO;5912,53;;5912,53;1163,91;4748,62;
MARINILDES DA SILVEIRA FORTES;CASA CIVIL;A.TEC-I;FG-1 ASSESSORIA; ESTATUTARIO;11898,15;;11898,15;3001,86;8896,29;
MARIO ADOLFO ARYCE DE CASTRO;CASA CIVIL;TECNICO;; ESTATUTARIO;5270,37;;5270,37;1121,54;4148,83;
MARIO CABRAL DE HOLANDA;CASA CIVIL;MOT-I;; ESTATUTARIO;4343,12;;4343,12;656,18;3686,94;
MARIO CELIO FERREIRA DE C ALVES;CASA CIVIL;CONSULTOR TECNICO III;; CARGO COMISSION.S/VINCULO;5500,00;;5500,00;978,09;4521,91;
MARIO CESAR DOS SANTOS B FILHO;CASA CIVIL;ASSESSOR I;; CARGO COMISSION.S/VINCULO;5229,77;;5229,77;973,62;4256,15;
MARIO SERGIO DE SOUZA MOURA JUNIOR;CASA CIVIL;ASSESSOR I;NAO INFORMADO; CARGO COMISSION.S/VINCULO;5229,77;;5229,77;973,62;4256,15;
MARKILZE ALVES PEREIRA;CASA CIVIL;SECRETARIO PARTICULAR;NAO INFORMADO; CARGO COMISSION.S/VINCULO;28060,00;;28060,00;7483,12;20576,88;
MARLICE OLIVEIRA MAR;FUNDO DE PROMOCAO SOCIAL-FPS;ASSESSOR I;ASSESSOR I; CARGO COMISSION.S/VINCULO;5229,77;;5229,77;973,62;4256,15;
MARLUCIA MOURA BATISTA;CASA CIVIL;ASSISTENTE TECNICO GOVERNAMENTAL;FG-1 ASSESSORIA; ESTATUTARIO;5986,28;;5986,28;914,80;5071,48;
MATHEUS ENCARNACAO DE MORAIS;CASA CIVIL;ASSESSOR I;ASSESSOR I; CARGO COMISSION.S/VINCULO;5229,77;;5229,77;973,62;4256,15;
MATHILDE ESTHER BEMERGUY EZAGUY;CASA CIVIL;ASSESSOR I;; CARGO COMISSION.S/VINCULO;6973,03;;6973,03;1629,96;5343,07;
MAURICIO DA GAMA MONTEIRO;CASA CIVIL;CONSULTOR TECNICO I;CONS.TECNICO I; CARGO COMISSION.S/VINCULO;7500,00;;7500,00;1828,36;5671,64;
MAURO FORTUNATO DE AZEVEDO COHEN;CASA CIVIL;CONSULTOR TECNICO II;NAO INFORMADO; CARGO COMISSION.S/VINCULO;6500,00;;6500,00;1451,86;5048,14;
MAURO PETRAS RIBEIRO MUNIZ;CASA CIVIL;SECRETARIO EXEC.EXTR.DE PROJETOS;SECRETARIO EXEC.EXTR; CARGO COMISSION.S/VINCULO;11700,00;;11700,00;2984,12;8715,88;
MAXIMILIANO FRANCISCO LOPES NETO;CASA CIVIL;CONSULTOR TECNICO III;; CARGO COMISSION.S/VINCULO;5500,00;;5500,00;1075,36;4424,64;
MAYAH MAIA DOS SANTOS;FUNDO DE PROMOCAO SOCIAL-FPS;ASSESSOR II;ASSESSOR II; CARGO COMISSION.S/VINCULO;4209,79;;4209,79;633,12;3576,67;
MAYARA TAVARES MARQUES;CASA CIVIL;ASSESSOR I;ASSESSOR I; CARGO COMISSION.S/VINCULO;4358,13;;4358,13;682,59;3675,54;
MAYARA TAVARES MARQUES;CASA CIVIL;ASSESSOR II;; CARGO COMISSION.S/VINCULO;11343,03;;11343,03;52,62;11290,41;
MELICIA CHAGAS MACIEL;CASA CIVIL;ASSESSOR II;ASSESSOR II; CARGO COMISSION.S/VINCULO;4209,79;;4209,79;633,12;3576,67;
MIKAEL NABUYON PEDROZA;CASA CIVIL;ASSESSOR III;ASSESSOR III; CARGO COMISSION.S/VINCULO;6383,60;;6383,60;1408,04;4975,56;
MIRIAM RODRIGUES MOTA;CASA CIVIL;ASSESSOR I;NAO INFORMADO; CARGO COMISSION.S/VINCULO;5229,77;;5229,77;930,62;4299,15;
MIRIAN CAMPOS ADVINCULA;CASA CIVIL;ASSESSOR III;ASSESSOR III; CARGO COMISSION.S/VINCULO;3191,80;;3191,80;367,36;2824,44;
MIZAEL VITOR VALE REIS;CASA CIVIL;ASSESSOR I;NAO INFORMADO; CARGO COMISSION.S/VINCULO;5229,77;;5229,77;973,62;4256,15;
MONAH YURY DE OLIVEIRA ALMEIDA;CASA CIVIL;ASSESSOR II;; CARGO COMISSION.S/VINCULO;4420,26;;4420,26;94,71;4325,55;
MONICA ARAUJO RISUENHO DE SOUZA;CASA CIVIL;CONSULTOR TECNICO III;NAO INFORMADO; CARGO COMISSION.S/VINCULO;5500,00;;5500,00;1023,23;4476,77;
MONICA BASTOS CASTRO;CASA CIVIL;CONSULTOR TECNICO III;; CARGO COMISSION.S/VINCULO;1986,10;;1986,10;68,74;1917,36;
MONICA BASTOS CASTRO;CASA CIVIL;CONSULTOR TECNICO II;CONSULTOR TECNICO II; CARGO COMISSION.S/VINCULO;5416,66;;5416,66;1043,99;4372,67;
MONICA CAMARA DE ALENCAR BRASIL;CASA CIVIL;CONSULTOR TECNICO II;NAO INFORMADO; CARGO COMISSION.S/VINCULO;6500,00;;6500,00;1451,86;5048,14;
MONICA GOMES DA SILVA;CASA CIVIL;CONSULTOR TECNICO III;NAO INFORMADO; CARGO COMISSION.S/VINCULO;5500,00;;5500,00;978,09;4521,91;
MONICA SOARES GUIMARAES;CASA CIVIL;ASSESSOR I;ASSESSOR I; CARGO COMISSION.S/VINCULO;5229,77;;5229,77;973,62;4256,15;
MURILO CAVALCANTI CAMPOS;CASA CIVIL;A.TEC-I;FG-2 DE ASSESSORIA; ESTATUTARIO;6363,07;;6363,07;1277,86;5085,21;
NADIA MARIA GAMA PEREIRA;CASA CIVIL;A.TEC-II;; ESTATUTARIO;3655,15;;3655,15;628,43;3026,72;
NARA IDELFONSO SOUTO;CASA CIVIL;CONSULTOR TECNICO II;CONSULTOR TECNICO II; CARGO COMISSION.S/VINCULO;7420,83;;7420,83;1468,79;5952,04;
NATAL SOARES LEANDRO DA SILVA;FUNDO DE PROMOCAO SOCIAL-FPS;ASSESSOR I;; CARGO COMISSION.S/VINCULO;5229,77;;5229,77;855,61;4374,16;
NATALIA LIMA DE ALMEIDA;CASA CIVIL;ASSESSOR TECNICO;ASSESSOR TECNICO; CARGO COMISSION.S/VINCULO;7000,00;;7000,00;1640,11;5359,89;
NATASHA DE OLIVEIRA FRANCO;FUNDO DE PROMOCAO SOCIAL-FPS;ASSESSOR TECNICO;NAO INFORMADO; CARGO COMISSION.S/VINCULO;7000,00;;7000,00;1640,11;5359,89;
NAYARA RODRIGUES DE OLIVEIRA;CASA CIVIL;ASSESSOR TECNICO;NAO INFORMADO; CARGO COMISSION.S/VINCULO;9333,33;;9333,33;2281,15;7052,18;
NAZARE DO SOCORRO PINTO DE ALMEIDA;CASA CIVIL;A.TEC-I;FG-2 DE ASSESSORIA; ESTATUTARIO;5665,90;;5665,90;1018,87;4647,03;
NICOLE DE QUEIROZ SILVA;FUNDO DE PROMOCAO SOCIAL-FPS;ASSESSOR I;ASSESSOR I; CARGO COMISSION.S/VINCULO;5229,77;;5229,77;973,62;4256,15;
NILCE MARIA BARTHOLO DE BIASI;FUNDO DE PROMOCAO SOCIAL-FPS;ASSESSOR II;NAO INFORMADO; CARGO COMISSION.S/VINCULO;4209,79;;4209,79;633,12;3576,67;
NILCILENE DE LIMA TAVARES;CASA CIVIL;ASSESSOR III;; CARGO COMISSION.S/VINCULO;3191,80;;3191,80;367,36;2824,44;
NIRVANA DE JESUS PRADO DE N COMB;CASA CIVIL;AGENTE ADM.-AGA-T.S.N.A.-E;SECRETARIO EXECUTIVO; ESTATUTARIO;12000,00;;12000,00;2635,79;9364,21;
NISSIM FIGUEIRA BENOLIEL;CASA CIVIL;A.TEC-II;FG-1; ESTATUTARIO;6016,90;;6016,90;877,19;5139,71;
NIXON ALVES DE MELO;CASA CIVIL;ASSESSOR II;ASSESSOR II; CARGO COMISSION.S/VINCULO;4209,79;;4209,79;633,12;3576,67;
ONILDA ABREU DA SILVA;CASA CIVIL;PROCURADOR DO ESTADO 2A CLASSE;ASSESSOR TECNICO; ESTATUTARIO;6000,00;926,12;5073,88;473,82;4600,06;
ORLEYLSON DOS SANTOS LIMA;FUNDO DE PROMOCAO SOCIAL-FPS;ASSESSOR TECNICO;ASSESSOR TECNICO; CARGO COMISSION.S/VINCULO;7000,00;;7000,00;1640,11;5359,89;
OSMAN RIBEIRO DE ARAUJO FILHO;CASA CIVIL;A.TEC-I;FG-3 DE ASSESSORIA; ESTATUTARIO;5137,48;;5137,48;842,23;4295,25;
PALOMA SAVANA VIANA AMORIM;CASA CIVIL;ASSESSOR II;; CARGO COMISSION.S/VINCULO;4209,79;;4209,79;633,12;3576,67;
PATRICIA DIAS GOES;CASA CIVIL;CONSULTOR TECNICO II;; CARGO COMISSION.S/VINCULO;6500,00;;6500,00;1399,73;5100,27;
PATRICIA GOMES BARTOLOTTI CHAVES;CASA CIVIL;JORNALISTA;; ESTATUTARIO;5674,22;;5674,22;1214,85;4459,37;
PATRICIA KELLEM MADDY PEREIRA;CASA CIVIL;ASSESSOR TECNICO;ASSESSOR TECNICO; CARGO COMISSION.S/VINCULO;7000,00;;7000,00;1587,98;5412,02;
PATRICIA VIEIRA BRANDAO DA SILVA;CASA CIVIL;ASSESSOR II;NAO INFORMADO; CARGO COMISSION.S/VINCULO;4209,79;;4209,79;573,00;3636,79;
PAULO HENRIQUE BEZERRA DE MELO;CASA CIVIL;ASSESSOR III;ASSESSOR III; CARGO COMISSION.S/VINCULO;3191,80;;3191,80;367,36;2824,44;
PAULO ROBERTO FIGUEIREDO DE CASTRO;CASA CIVIL;TNS-II;; ESTATUTARIO;6584,85;;6584,85;1297,21;5287,64;
PAULO SEIXAS DA SILVA;FUNDO DE PROMOCAO SOCIAL-FPS;ASSESSOR II;NAO INFORMADO; CARGO COMISSION.S/VINCULO;5613,05;;5613,05;1117,93;4495,12;
PAULO SERGIO PAES LESSA;CASA CIVIL;A.TEC-I;FG-1 DE ASSESSORIA; ESTATUTARIO;8052,02;;8052,02;1864,84;6187,18;
PEDRO HENRIQUE BARROS DE SENA;CASA CIVIL;CONSULTOR TECNICO III;NAO INFORMADO; CARGO COMISSION.S/VINCULO;5500,00;;5500,00;1075,36;4424,64;
PEDRO ROSAS MARINHO;CASA CIVIL;ASSESSOR III;ASSESSOR III; CARGO COMISSION.S/VINCULO;3191,80;;3191,80;367,36;2824,44;
PERICLES PINHO DE LIMA;CASA CIVIL;ASSESSOR II;ASSESSOR II; CARGO COMISSION.S/VINCULO;4209,79;;4209,79;633,12;3576,67;
PITAGORAS MARQUES ALENCAR;FUNDO DE PROMOCAO SOCIAL-FPS;ASSESSOR II;ASSESSOR II; CARGO COMISSION.S/VINCULO;4209,79;;4209,79;633,12;3576,67;
PRISCILLA FRANCA ATALA;CASA CIVIL;SECRETARIO EXECUTIVO;NAO INFORMADO; DISP. OUTROS ESFERAS;11700,00;;11700,00;2348,14;9351,86;
RAFAELA FURTADO BRITO LIMA;CASA CIVIL;ASSESSOR II;ASSESSOR II; CARGO COMISSION.S/VINCULO;4209,79;;4209,79;633,12;3576,67;
RAFAELLA TELES MADDY;CASA CIVIL;ASSESSOR I;ASSESSOR I; CARGO COMISSION.S/VINCULO;5229,77;;5229,77;930,62;4299,15;
RAIMUNDO EDSON SANTOS LOPES;CASA CIVIL;ASSESSOR II;NAO INFORMADO; CARGO COMISSION.S/VINCULO;4209,79;;4209,79;633,12;3576,67;
RAIMUNDO JOSE BRANDAO DO NASCIMENTO;CASA CIVIL;ASSISTENTE TECNICO GOVERNAMENTAL;FG-1 CHEFE S PESSOAL; ESTATUTARIO;5986,28;;5986,28;862,66;5123,62;
RAIMUNDO JOSE GADELHA DE ASSIS;CASA CIVIL;A.TEC-I;FG-3; ESTATUTARIO;5703,07;;5703,07;1096,36;4606,71;
RAIMUNDO NONATO DA SILVA;CASA CIVIL;MOT-I;; ESTATUTARIO;4230,10;;4230,10;462,26;3767,84;
RAISSA BARROS DE JESUS SODRE;CASA CIVIL;ASSESSOR I;; CARGO COMISSION.S/VINCULO;5229,77;;5229,77;973,62;4256,15;
RALIME GRECIA DA SILVA;CASA CIVIL;A.TEC-I;FG-2; ESTATUTARIO;5821,59;;5821,59;1129,62;4691,97;
RAPHAEL CARRICO DE AGUIAR;CASA CIVIL;ASSESSOR I;NAO INFORMADO; CARGO COMISSION.S/VINCULO;5229,77;;5229,77;973,62;4256,15;
RAQUEL COLARES WITTKOWSKI;UNID.DE GESTAO INTEGRADA - UGI;ASSESSOR II;NAO INFORMADO; CARGO COMISSION.S/VINCULO;4209,79;;4209,79;633,12;3576,67;
RAQUEL SILVA CAMPOS;CASA CIVIL;ASSESSOR I;ASSESSOR I; CARGO COMISSION.S/VINCULO;5229,77;;5229,77;930,62;4299,15;
RAYAN CARVALHO DA SILVA;FUNDO DE PROMOCAO SOCIAL-FPS;ASSESSOR I;; CARGO COMISSION.S/VINCULO;508,44;;508,44;;508,44;
RAYAN CARVALHO DA SILVA;CASA CIVIL;ASSESSOR II;ASSESSOR II; CARGO COMISSION.S/VINCULO;4209,79;;4209,79;633,12;3576,67;
REBECCA BEATRIZ FIGUEIRA ARRAEZ;CASA CIVIL;SEC EXEC ADJ ADMINISTRACAO;NAO INFORMADO; CARGO COMISSION.S/VINCULO;12000,00;;12000,00;3066,62;8933,38;
REGINA COELI BARRETO LIMA E SILVA;CASA CIVIL;A.TEC-I;FG-1 CHEFE DE SETOR; ESTATUTARIO;7566,58;;7566,58;1671,45;5895,13;
REGINA COELI BRITO DOS SANTOS;CASA CIVIL;A.TEC-I;FG-1 ASSESSORIA; ESTATUTARIO;10269,56;;10269,56;2655,44;7614,12;
REGINA MEDEIROS DE ALBUQUERQUE;CASA CIVIL;SARGENTO 1;ASSESSOR II; ESTATUTARIO;4000,00;;4000,00;263,87;3736,13;
REGINALDO PIMENTEL DE ALMEIDA;CASA CIVIL;ASSESSOR I;NAO INFORMADO; CARGO COMISSION.S/VINCULO;5229,77;;5229,77;973,62;4256,15;
REINALDO JOSE RODER FILHO;FUNDO DE PROMOCAO SOCIAL-FPS;ASSESSOR I;ASSESSOR I; CARGO COMISSION.S/VINCULO;5229,77;;5229,77;973,62;4256,15;
REINALDO SILVA DE QUEIROZ;CASA CIVIL;AUX.S.G-III;FG-3 DE ASSESSORIA; ESTATUTARIO;4708,36;;4708,36;664,21;4044,15;
REJANE MARIA DE ARAUJO;UNID.DE GESTAO INTEGRADA - UGI;ASSESSOR I;ASSESSOR I; CARGO COMISSION.S/VINCULO;5229,77;;5229,77;973,62;4256,15;
RENAN DIAS DE MEDEIROS;CASA CIVIL;ASSESSOR I;NAO INFORMADO; CARGO COMISSION.S/VINCULO;5229,77;;5229,77;887,97;4341,80;
RENATA DE PAULA E SILVA;CASA CIVIL;ASSESSOR I;ASSESSOR I; CARGO COMISSION.S/VINCULO;5229,77;;5229,77;973,62;4256,15;
RICARDINA MARIA MENEZES DOS SANTOS;CASA CIVIL;TNS-I;TEC DE NIV SUPERIOR; ESTATUTARIO;9456,92;;9456,92;2573,29;6883,63;
RISEUDA NASCIMENTO DE MOURA;CASA CIVIL;ASSESSOR I;ASSESSOR I; CARGO COMISSION.S/VINCULO;5229,77;;5229,77;973,62;4256,15;
RITA DE CASSIA DOS SANTOS GONCALVES;CASA CIVIL;A.TEC-I;; ESTATUTARIO;4057,37;;4057,37;736,63;3320,74;
ROBERTO ALENCAR DOS SANTOS;CASA CIVIL;AUX.S.G-I;FG-2; ESTATUTARIO;5853,55;;5853,55;896,19;4957,36;
ROBINE PEREIRA GUIMARAES DE FREITAS;CASA CIVIL;ASSESSOR I;NAO INFORMADO; CARGO COMISSION.S/VINCULO;5229,77;;5229,77;973,62;4256,15;
RODRIGO DE MOURA MOTA;CASA CIVIL;ASSESSOR I;NAO INFORMADO; CARGO COMISSION.S/VINCULO;5229,77;;5229,77;973,62;4256,15;
ROGERIO CAMPOS DA SILVA;CASA CIVIL;ASSESSOR II;NAO INFORMADO; CARGO COMISSION.S/VINCULO;5613,05;;5613,05;1117,93;4495,12;
ROGERIO DE ARAUJO BARBOZA;CASA CIVIL;CHEFE ADJUNTO DA CTL;; CARGO COMISSION.S/VINCULO;9000,00;;9000,00;2241,62;6758,38;
RONALDO MONTEIRO FRANCISCO;CASA CIVIL;SECRETARIO EXECUTIVO;NAO INFORMADO; CARGO COMISSION.S/VINCULO;11700,00;;11700,00;2984,12;8715,88;
ROSA MARIA SIMOES ALVES DA SILVA;CASA CIVIL;C.TEC.L-U;; ESTATUTARIO;38549,17;;38549,17;13163,89;25385,28;
ROSE LENE SERPA DOS SANTOS;CASA CIVIL;ASSESSOR II;; CARGO COMISSION.S/VINCULO;4209,79;;4209,79;633,12;3576,67;
ROSENALDO ROCHA;CASA CIVIL;A.TEC-I;FG-2 ASSESSORIA; ESTATUTARIO;5619,09;;5619,09;1020,23;4598,86;
ROSIMEIRE MEDEIROS A GONCALVES;CASA CIVIL;ASSESSOR I;NAO INFORMADO; CARGO COMISSION.S/VINCULO;5229,77;;5229,77;973,62;4256,15;
ROSINEIA NASCIMENTO DE MOURA;FUNDO DE PROMOCAO SOCIAL-FPS;ASSESSOR II;ASSESSOR II; CARGO COMISSION.S/VINCULO;4209,79;;4209,79;633,12;3576,67;
ROSINEIDE D ASSUMPCAO BEZERRA;CASA CIVIL;ASSESSOR I;NAO INFORMADO; CARGO COMISSION.S/VINCULO;5229,77;;5229,77;973,62;4256,15;
ROSIVAN NASCIMENTO DE MOURA;CASA CIVIL;ASSESSOR I;NAO INFORMADO; CARGO COMISSION.S/VINCULO;5229,77;;5229,77;973,62;4256,15;
RUBEM CELANDRO DE SOUZA GUIMARAES;CASA CIVIL;A.TEC-I;FG-1 ASSESSORIA; ESTATUTARIO;8968,06;;8968,06;1942,09;7025,97;
RUBENS GONCALVES BRITO;CASA CIVIL;CONSULTOR TECNICO III;CONSULTOR TECNICO II; CARGO COMISSION.S/VINCULO;5500,00;;5500,00;1075,36;4424,64;
SABRINA DO NASCIMENTO BARBOSA;CASA CIVIL;ASSESSOR III;NAO INFORMADO; CARGO COMISSION.S/VINCULO;3191,80;;3191,80;367,36;2824,44;
SABRINA PESSOA LOBO;CASA CIVIL;ASSESSOR II;ASSESSOR II; CARGO COMISSION.S/VINCULO;4209,79;;4209,79;633,12;3576,67;
SAHMIA MARINHO ABDEL AZIZ;CASA CIVIL;ASSESSOR I;ASSESSOR I; CARGO COMISSION.S/VINCULO;5229,77;;5229,77;887,97;4341,80;
SALUA PAVAO DA SILVA;CASA CIVIL;SECRETARIO EXECUTIVO ADJUNTO;NAO INFORMADO; CARGO COMISSION.S/VINCULO;9000,00;;9000,00;1684,06;7315,94;
SEBASTIAO LUIZ DE LIMA;CASA CIVIL;A.TEC-I;FG-1 CHEFE DE SETOR; ESTATUTARIO;10278,36;;10278,36;2658,64;7619,72;
SERGIO ALEXANDRE NASCIMENTO RIBEIRO;CASA CIVIL;ASSESSOR TECNICO;ASSESSOR TECNICO; CARGO COMISSION.S/VINCULO;7000,00;;7000,00;1640,11;5359,89;
SERGIO DE LIMA MACHADO;CASA CIVIL;ASSESSOR CONTABIL;ASSESSOR CONTABIL; CARGO COMISSION.S/VINCULO;6500,00;;6500,00;1399,73;5100,27;
SERGIO PAULO MONTEIRO LITAIFF FILHO;CASA CIVIL;SECRETARIO DE GOVERNO;SECRETARIO DE GOVERN; CARGO COMISSION.S/VINCULO;28060,00;;28060,00;7483,12;20576,88;
SIDNEY DE SOUZA CABRAL;CASA CIVIL;ASSESSOR III;NAO INFORMADO; CARGO COMISSION.S/VINCULO;3191,80;;3191,80;367,36;2824,44;
SILVANA SILVA DE SOUSA;CASA CIVIL;ASSESSOR II;NAO INFORMADO; CARGO COMISSION.S/VINCULO;4209,79;;4209,79;601,44;3608,35;
SIMONE MAIA AFONSO;CASA CIVIL;ASSESSOR I;ASSESSOR I; CARGO COMISSION.S/VINCULO;5229,77;;5229,77;973,62;4256,15;
SOLANGE DE OLIVEIRA CARDOSO;CASA CIVIL;ASSESSOR II;ASSESSOR II; CARGO COMISSION.S/VINCULO;4209,79;;4209,79;633,12;3576,67;
SOLANGE PEREIRA SALES DE OLIVEIRA;CASA CIVIL;ASSISTENTE TECNICO GOVERNAMENTAL;; ESTATUTARIO;4805,03;;4805,03;594,34;4210,69;
SONIA MARIA DE SOUSA DA SILVA;CASA CIVIL;ASSESSOR III;; CARGO COMISSION.S/VINCULO;3191,80;;3191,80;367,36;2824,44;
SUELEN CRISTINA MAIA A ALBUQUERQUE;CASA CIVIL;ASSESSOR I;; CARGO COMISSION.S/VINCULO;5229,77;;5229,77;973,62;4256,15;
SUMAIA KALID OSSAMI;CASA CIVIL;ASSESSOR I;; CARGO COMISSION.S/VINCULO;5229,77;;5229,77;973,62;4256,15;
SUZANA AIRES DE OLIVEIRA;FUNDO DE PROMOCAO SOCIAL-FPS;ASSESSOR III;ASSESSOR III; CARGO COMISSION.S/VINCULO;3191,80;;3191,80;318,79;2873,01;
SUZANA FLEURY MENDES DA SILVA;CASA CIVIL;ASSESSOR II;; CARGO COMISSION.S/VINCULO;4209,79;;4209,79;633,12;3576,67;
SUZANE DAS CHAGAS DE OLIVEIRA;FUNDO DE PROMOCAO SOCIAL-FPS;ASSESSOR TECNICO;NAO INFORMADO; CARGO COMISSION.S/VINCULO;7000,00;;7000,00;1640,11;5359,89;
SYND MARIA DE SOUZA HUAMAN NUNES;CASA CIVIL;ASSESSOR II;; CARGO COMISSION.S/VINCULO;5613,05;;5613,05;1117,93;4495,12;
TALITA BASTOS LOUREIRO RAMOS;CASA CIVIL;ASSESSOR I;NAO INFORMADO; CARGO COMISSION.S/VINCULO;5229,77;;5229,77;973,62;4256,15;
TALITA MAILA ALVES BATISTA;CASA CIVIL;ASSESSOR II;ASSESSOR II; CARGO COMISSION.S/VINCULO;4209,79;;4209,79;633,12;3576,67;
TANIA ZUNAIDE BRAGA RIBEIRO;CASA CIVIL;CONSULTOR TECNICO LEGISLATIVO I;NAO INFORMADO; CARGO COMISSION.S/VINCULO;10000,00;;10000,00;2516,62;7483,38;
TASSIA CAMILA COELHO GOMES;CASA CIVIL;ASSESSOR I;NAO INFORMADO; CARGO COMISSION.S/VINCULO;5229,77;;5229,77;930,62;4299,15;
TATIANA MEIRELLES DE FRANCA;CASA CIVIL;ASSESSOR I;NAO INFORMADO; CARGO COMISSION.S/VINCULO;5229,77;;5229,77;973,62;4256,15;
TATIANA SANTOS ARAGAO;CASA CIVIL;ASSESSOR II;ASSESSOR II; CARGO COMISSION.S/VINCULO;4560,61;;4560,61;627,75;3932,86;
TATIANNE VIEIRA ASSAYAG TOLEDO;CASA CIVIL;PROCURADOR DO ESTADO 2A CLASSE;CHEFE DA CONSULT.TEC; ESTATUTARIO;10494,79;1964,41;8530,38;1320,08;7210,30;
TERESINHA DE JESUS ASSUNCAO ALVES;CASA CIVIL;ASSISTENTE TECNICO GOVERNAMENTAL;FG-3 DE ASSESSORIA; ESTATUTARIO;5026,49;;5026,49;651,74;4374,75;
TEREZINHA BONATES MIRANDA;CASA CIVIL;A.TEC-I;FG-1 ASSESSORIA; ESTATUTARIO;8724,98;;8724,98;1530,01;7194,97;
TEREZINHA DE JESUS O B C RODRIGUES;CASA CIVIL;ASSESSOR III;ASSESSOR III AD 3; CARGO COMISSION.S/VINCULO;3191,80;;3191,80;367,36;2824,44;
THAIS OLIVEIRA MAIA;CASA CIVIL;ASSESSOR I;ASSESSOR I; CARGO COMISSION.S/VINCULO;5229,77;;5229,77;973,62;4256,15;
THAIZA KATTERINE DOS SANTOS PICANCO;CASA CIVIL;ASSESSOR II;; CARGO COMISSION.S/VINCULO;4092,84;;4092,84;;4092,84;
THALINE CASTRO DE LIMA;CASA CIVIL;CONSULTOR TECNICO I;CONSULTOR TECNICO I; CARGO COMISSION.S/VINCULO;7500,00;;7500,00;1828,36;5671,64;
THALIRIA FELIX BENAION;FUNDO DE PROMOCAO SOCIAL-FPS;ASSESSOR TECNICO;NAO INFORMADO; CARGO COMISSION.S/VINCULO;9333,33;;9333,33;2333,29;7000,04;
THAYLA GALATE GOMES;CASA CIVIL;ASSESSOR TECNICO;NAO INFORMADO; CARGO COMISSION.S/VINCULO;7000,00;;7000,00;1640,11;5359,89;
THEREZA NAGILA SILVA DE OLIVEIRA;FUNDO DE PROMOCAO SOCIAL-FPS;ASSESSOR IV;ASSESSOR IV; CARGO COMISSION.S/VINCULO;2575,61;;2575,61;246,83;2328,78;
THEREZA THALYTA DE JESUS MARTINS;CASA CIVIL;ASSESSOR I;NAO INFORMADO; CARGO COMISSION.S/VINCULO;5229,77;;5229,77;973,62;4256,15;
THIAGO TEIXEIRA DE CASTRO;CASA CIVIL;CONSULTOR TEC.LEGISLATIVO;NAO INFORMADO; CARGO COMISSION.S/VINCULO;5229,77;;5229,77;973,62;4256,15;
TIAGO MONTEIRO DE PAIVA;CASA CIVIL;SUBCHEFE DO GAB.PESSOAL DO GOVERN.;SUBCHEFE DO GAB.PESS; CARGO COMISSION.S/VINCULO;11700,00;;11700,00;2984,12;8715,88;
UBIRAGILDO DO NASCIMENTO SARAIVA;CASA CIVIL;ASSISTENTE TECNICO GOVERNAMENTAL;; ESTATUTARIO;3766,57;;3766,57;370,86;3395,71;
UBIRAJARA RAMOS MORAES JUNIOR;CASA CIVIL;TNS-II;FG-2 ASSESSORIA; ESTATUTARIO;15833,76;;15833,76;4401,21;11432,55;
VALDIR ALVES DE VASCONCELOS;CASA CIVIL;A.TEC-I;ASSIST TECNICO; ESTATUTARIO;4443,13;;4443,13;786,45;3656,68;
VALERIA DA SILVA SODRE;CASA CIVIL;ASSESSOR TECNICO;; DISP. OUTROS ESFERAS;6000,00;;6000,00;780,64;5219,36;
VANESSA NUNES ZOGAHIB;CASA CIVIL;ASSESSOR I;ASSESSOR I; CARGO COMISSION.S/VINCULO;5665,58;;5665,58;1006,30;4659,28;
VANIA LUCIA PINHEIRO NASCIMENTO;UNID.DE GESTAO INTEGRADA - UGI;ASSESSOR III;; CARGO COMISSION.S/VINCULO;3191,80;;3191,80;367,36;2824,44;
VANUSA DA SILVA CUNHA;CASA CIVIL;ASSISTENTE TECNICO GOVERNAMENTAL;FG-3 DE ASSESSORIA; ESTATUTARIO;6435,04;;6435,04;1038,21;5396,83;
VERA DOS SANTOS GUIMARAES;CASA CIVIL;ASSISTENTE TECNICO GOVERNAMENTAL;FG-2 GESTOR DE CONT.; ESTATUTARIO;5686,49;;5686,49;833,24;4853,25;
VERA ELANE ROCHA DOS SANTOS;CASA CIVIL;A.TEC-I;FG-2 DE ASSESSORIA; ESTATUTARIO;5797,48;;5797,48;1068,41;4729,07;
VERA LUCIA MARTINS PINTO;CASA CIVIL;ASSESSOR I;ASSESSOR I; CARGO COMISSION.S/VINCULO;5229,77;;5229,77;973,62;4256,15;
VERANILCE FERNANDES PANTOJA;CASA CIVIL;A.TEC-I;FG-3 ASSESSORIA; ESTATUTARIO;5693,10;;5693,10;1092,72;4600,38;
VICTOR BRENO ALMADA GOMES;CASA CIVIL;ASSESSOR TECNICO;ASSESSOR TECNICO; CARGO COMISSION.S/VINCULO;7000,00;;7000,00;1640,11;5359,89;
VIRNA SOUZA DA ROCHA;CASA CIVIL;ASSESSOR III;NAO INFORMADO; CARGO COMISSION.S/VINCULO;3191,80;;3191,80;367,36;2824,44;
VIVALDO RODRIGUES CARDOSO NETO;FUNDO DE PROMOCAO SOCIAL-FPS;DIRETOR ADMINISTRATIVO E FINANCEIRO;DIRETOR ADMINISTRATI; CARGO COMISSION.S/VINCULO;7200,00;;7200,00;1715,41;5484,59;
VIVIANE CRISTINA FARIAS MAIA;FUNDO DE PROMOCAO SOCIAL-FPS;ASSESSOR II;ASSESSOR II; CARGO COMISSION.S/VINCULO;4209,79;;4209,79;633,12;3576,67;
WAGNER ALEXANDRE R FILGUEIRAS;CASA CIVIL;ASSESSOR III;NAO INFORMADO; CARGO COMISSION.S/VINCULO;3191,80;;3191,80;367,36;2824,44;
WALESKA SALES DE SANTANA;FUNDO DE PROMOCAO SOCIAL-FPS;ASSESSOR II;NAO INFORMADO; CARGO COMISSION.S/VINCULO;4209,79;;4209,79;633,12;3576,67;
WALTERNY DE SOUZA FERREIRA;CASA CIVIL;ASSESSOR I;NAO INFORMADO; CARGO COMISSION.S/VINCULO;5229,77;;5229,77;930,62;4299,15;
WANDA DE SOUZA TRINDADE;CASA CIVIL;REDATOR GOVERNAMENTAL;FG-1 ASSESSORIA; ESTATUTARIO;8738,67;;8738,67;1899,83;6838,84;
WANDERSON DA SILVA LADISLAU;FUNDO DE PROMOCAO SOCIAL-FPS;ASSESSOR I;ASSESSOR I; CARGO COMISSION.S/VINCULO;5229,77;;5229,77;973,62;4256,15;
WELLAS GOES RAMOS;CASA CIVIL;ASSESSOR I;ASSESSOR I; CARGO COMISSION.S/VINCULO;6973,03;;6973,03;1629,96;5343,07;
WELLINGTON DE OLIVEIRA GONCALVES;FUNDO DE PROMOCAO SOCIAL-FPS;ASSESSOR II;NAO INFORMADO; CARGO COMISSION.S/VINCULO;4209,79;;4209,79;601,44;3608,35;
WENDEL FRANCO RODRIGUES;CASA CIVIL;ASSESSOR I;NAO INFORMADO; CARGO COMISSION.S/VINCULO;6973,03;;6973,03;1629,96;5343,07;
WILLIAM FRANCO RODRIGUES;CASA CIVIL;SECRETARIO EXECUTIVO ADJUNTO;NAO INFORMADO; CARGO COMISSION.S/VINCULO;9000,00;;9000,00;2241,62;6758,38;
WILSON MIRANDA LIMA;CASA CIVIL;GOVERNADOR DE ESTADO;NAO INFORMADO; CARGO COMISSION.S/VINCULO;34070,00;;34070,00;9135,87;24934,13;
WILSON TEIXEIRA MARIANO;CASA CIVIL;A.TEC-I;; ESTATUTARIO;4453,10;;4453,10;789,64;3663,46;
WIRLEN RAINOLDSON MIRANDA PEREIRA;CASA CIVIL;ASSESSOR III;NAO INFORMADO; CARGO COMISSION.S/VINCULO;3191,80;;3191,80;367,36;2824,44;
WISSILENE FERREIRA LIMA;FUNDO DE PROMOCAO SOCIAL-FPS;ASSESSOR II;ASSESSOR II; CARGO COMISSION.S/VINCULO;4209,79;;4209,79;633,12;3576,67;
YARA CHAVES GALDINO RAMOS;CASA CIVIL;COORDENADOR UNID COORD PROJETO;NAO INFORMADO; CARGO COMISSION.S/VINCULO;9000,00;;9000,00;2241,62;6758,38;
YASMIN ALFAIA DE MELO;CASA CIVIL;ASSESSOR II;; CARGO COMISSION.S/VINCULO;3157,33;;3157,33;;3157,33;
YASMIN ATALLA COSTA DE MELO LOPES;FUNDO DE PROMOCAO SOCIAL-FPS;ASSESSOR III;ASSESSOR III; CARGO COMISSION.S/VINCULO;3191,80;;3191,80;367,36;2824,44;
YNGRID VENTILARI DE F BEZERRA;CASA CIVIL;ASSESSOR TECNICO;NAO INFORMADO; CARGO COMISSION.S/VINCULO;7000,00;;7000,00;1535,84;5464,16;
YONE PAES LESSA;CASA CIVIL;A.TEC-I;; ESTATUTARIO;7879,53;;7879,53;1999,06;5880,47;
YURI MOISES TAKETOMI OLIMPIO;CASA CIVIL;AGENTE ADM.-AGA-T.S.N.A.-E;ASSESSOR II; ESTATUTARIO;5853,58;;5853,58;1039,60;4813,98;
