NOME;LOTACAO;CARGO;FUNCAO;CARGA HR SEM;DT DE ADMISSAO;VINCULO;REMUNERACAO LEGAL TOTAL(R$);DESC.TETO(R$); REMUNERACAO LEGAL DEVIDA(R$);DESCONTOS LEGAIS(R$);LIQUIDO DISPONIVEL(R$);
ABIANCY ROCHA REGO DE OLIVEIRA;CASA CIVIL;A.TEC-I;FG-1 ASSESSORIA; 30:00;01/05/1975;ESTATUTARIO;9605,22;;9605,22;2397,99;7207,23;
ADALBERTO FONSECA DE SOUZA;CASA CIVIL;PROFESSOR PF20.ESP-III;ASSESSOR I; 30:00;02/01/2019;ESTATUTARIO;8359,98;;8359,98;1739,23;6620,75;
ADAUCEA VIANA DOS SANTOS;CASA CIVIL;A.TEC-I;FUNCAO GRATIFICADA F; 30:00;22/02/1983;ESTATUTARIO;6353,10;;6353,10;1258,62;5094,48;
ADEMILDE DA SILVA FERNANDES;CASA CIVIL;AUX.S.G-I;FG-3 DE ASSESSORIA; 30:00;01/01/1976;ESTATUTARIO;5193,55;;5193,55;516,01;4677,54;
ADRIANA CRISTINA AFONSO ROCHA;CASA CIVIL;ASSESSOR I;NAO INFORMADO; 40:00;02/01/2019;CARGO COMISSION.S/VINCULO;5229,77;;5229,77;957,83;4271,94;
ADRIANA DOS REIS TAVARES;CASA CIVIL;ASSESSOR III;; 40:00;02/04/2018;CARGO COMISSION.S/VINCULO;3191,80;;3191,80;327,46;2864,34;
ADRIANA PERES DE JESUS SANTOS;CASA CIVIL;ASSESSOR II;NAO INFORMADO; 40:00;02/01/2019;CARGO COMISSION.S/VINCULO;4209,79;;4209,79;585,61;3624,18;
ADRIANA RODRIGUES DA CONCEICAO;FUNDO DE PROMOCAO SOCIAL-FPS;ASSESSOR IV;NAO INFORMADO; 40:00;13/10/2020;CARGO COMISSION.S/VINCULO;2575,61;;2575,61;212,12;2363,49;
ADRIANA VIEIRA FERREIRA;CASA CIVIL;CONSULTOR TECNICO II;NAO INFORMADO; 40:00;10/02/2021;CARGO COMISSION.S/VINCULO;6500,00;;6500,00;1436,07;5063,93;
ADRIANO SANTOS DE PAULA;CASA CIVIL;ASSESSOR II;ASSESSOR II; 40:00;01/01/2023;CARGO COMISSION.S/VINCULO;4209,79;;4209,79;597,14;3612,65;
ADRIEL SOUZA DE SA;FUNDO DE PROMOCAO SOCIAL-FPS;ASSESSOR I;ASSESSOR I; 40:00;16/01/2023;CARGO COMISSION.S/VINCULO;5229,77;;5229,77;957,83;4271,94;
ADRIELE ALBINO MARTINS;SEGOV;SECRETARIO EXECUTIVO ADJUNTO;SECRETARIO EXECUTIVO; 40:00;01/08/2023;CARGO COMISSION.S/VINCULO;9000,00;;9000,00;2173,69;6826,31;
AETE DO SOCORRO MARTINS DE MATOS;CASA CIVIL;AGENTE ADMINISTRATIVO 3A CLASSE;FUNCAO GRATIFICADA F; 40:00;23/06/2004;ESTATUTARIO;5006,57;;5006,57;544,98;4461,59;
AGDA JENNIFE NORONHA FIGUEIRA;FUNDO DE PROMOCAO SOCIAL-FPS;ASSESSOR III;ASSESSOR III; 40:00;06/02/2023;CARGO COMISSION.S/VINCULO;3191,80;;3191,80;327,46;2864,34;
AGOSTINHO PEREIRA CORREA;CASA CIVIL;ASSESSOR TECNICO;ASSESSOR TECNICO; 40:00;01/11/2023;CARGO COMISSION.S/VINCULO;7000,00;;7000,00;1624,32;5375,68;
AIRTON LUIS DA SILVA VEIGA FILHO;FUNDO DE PROMOCAO SOCIAL-FPS;ASSESSOR I;ASSESSOR I; 40:00;16/01/2023;CARGO COMISSION.S/VINCULO;5229,77;;5229,77;957,83;4271,94;
ALBERTO JORGE FERNANDES RIBEIRO;CASA CIVIL;ASSISTENTE TECNICO GOVERNAMENTAL;; 30:00;23/03/1990;ESTATUTARIO;3577,54;;3577,54;276,06;3301,48;
ALCIDES MULLER;CASA CIVIL;ASSISTENTE TECNICO GOVERNAMENTAL;; 30:00;23/03/1990;ESTATUTARIO;3766,57;;3766,57;304,42;3462,15;
ALCYNEY FERNANDES RODRIGUES;CASA CIVIL;REDATOR GOVERNAMENTAL;FUNCAO GRATIFICADA F; 30:00;22/07/1980;ESTATUTARIO;6196,47;;6196,47;854,50;5341,97;
ALDILANDIA COSTA FERREIRA;FUNDO DE PROMOCAO SOCIAL-FPS;ASSESSOR TECNICO;ASSESSOR TECNICO; 40:00;19/01/2022;CARGO COMISSION.S/VINCULO;7000,00;;7000,00;1572,18;5427,82;
ALDRIN DE OLIVEIRA BARBOSA;CASA CIVIL;CONSULTOR TECNICO I;NAO INFORMADO; 40:00;02/01/2019;CARGO COMISSION.S/VINCULO;7500,00;;7500,00;1760,43;5739,57;
ALDRIN PATRIK BRUCE GOMES;FUNDO DE PROMOCAO SOCIAL-FPS;ASSESSOR I;NAO INFORMADO; 40:00;01/03/2021;CARGO COMISSION.S/VINCULO;5229,77;;5229,77;957,83;4271,94;
ALESSANDRA COSTA MARQUES BENTES;FUNDO DE PROMOCAO SOCIAL-FPS;SECRETARIO EXECUTIVO;NAO INFORMADO; 40:00;02/01/2019;CARGO COMISSION.S/VINCULO;11700,00;;11700,00;2968,33;8731,67;
ALESSANDRA GUEDES MOURA CAVALCANTI;CASA CIVIL;CONSULTOR TECNICO LEGISLATIVO I;NAO INFORMADO; 40:00;02/01/2019;CARGO COMISSION.S/VINCULO;7500,00;;7500,00;1284,13;6215,87;
ALESSANDRA MACIEL PEREIRA;CASA CIVIL;ASSESSOR I;NAO INFORMADO; 40:00;03/08/2020;CARGO COMISSION.S/VINCULO;5229,77;;5229,77;957,83;4271,94;
ALESSANDRO VASCONCELOS BANDEIRA;UNID.DE GESTAO INTEGRADA - UGI;ASSESSOR I;NAO INFORMADO; 40:00;01/12/2020;CARGO COMISSION.S/VINCULO;5229,77;;5229,77;957,83;4271,94;
ALEXANDRE FERREIRA LIMA;FUNDO DE PROMOCAO SOCIAL-FPS;ASSESSOR IV;NAO INFORMADO; 40:00;20/02/2020;CARGO COMISSION.S/VINCULO;2575,61;;2575,61;212,12;2363,49;
ALEXANDRE GUIMARÃES DE PAIVA;CASA CIVIL;CONSULTOR TECNICO II;NAO INFORMADO; 40:00;23/07/2020;CARGO COMISSION.S/VINCULO;6500,00;;6500,00;1436,07;5063,93;
ALINE CHIXARO PIMENTA;CASA CIVIL;CONSULTOR TECNICO III;CONSULTOR TECNICO II; 40:00;22/08/2023;CARGO COMISSION.S/VINCULO;5500,00;;5500,00;1059,57;4440,43;
ALINE DOS SANTOS DINELLI;CASA CIVIL;CONSULTOR TECNICO II;CONSULTOR TECNICO II; 40:00;22/08/2023;CARGO COMISSION.S/VINCULO;6500,00;;6500,00;1436,07;5063,93;
ALVARO CESAR DE CARVALHO NETO;CASA CIVIL;CONSULTOR TECNICO LEGISLATIVO IV;; 30:00;01/03/2021;CARGO COMISSION.S/VINCULO;5229,77;;5229,77;957,83;4271,94;
ALYNE RODRIGUES MENEZES;CASA CIVIL;ASSESSOR I;ASSESSOR I; 40:00;10/11/2022;CARGO COMISSION.S/VINCULO;5229,77;;5229,77;957,83;4271,94;
ANA BEATRIZ LOBO MOUTINHO BREVAL;CASA CIVIL;ESCRIVAO DE POL.2A.CL. PC-ESC-II;SECRETARIO EXECUTIVO; 30:00;02/01/2019;ESTATUTARIO;9900,00;;9900,00;1692,34;8207,66;
ANA CECILIA CARVALHO PEREIRA;CASA CIVIL;ASSESSOR II;ASSESSOR II; 40:00;01/01/2023;CARGO COMISSION.S/VINCULO;4209,79;;4209,79;585,61;3624,18;
ANA CECILIA CERDEIRA ABRAHIM;CASA CIVIL;ASSESSOR I;NAO INFORMADO; 40:00;01/10/2021;CARGO COMISSION.S/VINCULO;5229,77;;5229,77;957,83;4271,94;
ANA CRISTINA RODRIGUES DE SOUZA;CASA CIVIL;ASSISTENTE TECNICO GOVERNAMENTAL;FG-1 ASSESSORIA; 30:00;04/01/1993;ESTATUTARIO;5986,28;;5986,28;806,32;5179,96;
ANA HELENA DA SILVA E SILVA;CASA CIVIL;ASSESSOR IV;NAO INFORMADO; 40:00;01/01/2020;CARGO COMISSION.S/VINCULO;2575,61;;2575,61;212,12;2363,49;
ANA JESSICA GUIMARAES DE M MATTOS;CASA CIVIL;MEMBRO;; 20:00;01/03/2023;GRUPO DE TRABALHO;4000,00;;4000,00;150,40;3849,60;
ANA KARINE MAIA DE OLIVEIRA ROMAO;CASA CIVIL;ASSESSOR I;; 40:00;19/04/2017;CARGO COMISSION.S/VINCULO;5229,77;;5229,77;957,83;4271,94;
ANA LUCIA CARVALHO DA SILVA;CASA CIVIL;ASSESSOR I;NAO INFORMADO; 40:00;02/01/2019;CARGO COMISSION.S/VINCULO;5229,77;;5229,77;957,83;4271,94;
ANA LUISA DA ROCHA GENTIL LITAIFF;CASA CIVIL;CONSULTOR TECNICO III;CONSULTOR TECNICO II; 40:00;01/08/2023;CARGO COMISSION.S/VINCULO;5500,00;;5500,00;962,28;4537,72;
ANA MARIA DA SILVA ABINADER;CASA CIVIL;ASSESSOR I;NAO INFORMADO; 40:00;02/01/2019;CARGO COMISSION.S/VINCULO;5229,77;;5229,77;957,83;4271,94;
ANA MARIA GATO BENTES;CASA CIVIL;A.TEC-II;FUNCAO GRATIFICADA F; 30:00;15/07/1996;ESTATUTARIO;6025,00;;6025,00;1128,36;4896,64;
ANA MARIA HOLANDA FARIAS SALES;CASA CIVIL;CONSULTOR TECNICO I;NAO INFORMADO; 40:00;02/01/2019;CARGO COMISSION.S/VINCULO;7500,00;;7500,00;1812,57;5687,43;
ANA MARIA PINA PAIVA;CASA CIVIL;ASSESSOR III;ASSESSOR III; 40:00;01/04/2023;CARGO COMISSION.S/VINCULO;3191,80;;3191,80;327,46;2864,34;
ANA MICHELE DA SILVA NOGUEIRA;CASA CIVIL;ASSESSOR I;ASSESSOR I; 40:00;01/03/2023;CARGO COMISSION.S/VINCULO;5229,77;;5229,77;872,16;4357,61;
ANA RITA GARCIA DA SILVA;CASA CIVIL;CONSULTOR TECNICO III;NAO INFORMADO; 40:00;02/01/2019;CARGO COMISSION.S/VINCULO;5500,00;;5500,00;1059,57;4440,43;
ANABELA CARDOSO FREITAS;CASA CIVIL;INVEST.DE POL. 3A.CL. PC-INV-III;ASSESSOR TECNICO; 40:00;01/11/2023;ESTATUTARIO;6000,00;;6000,00;619,84;5380,16;
ANDERSON LUZ GONCALVES;CASA CIVIL;ASSESSOR III;; 40:00;29/05/2020;CARGO COMISSION.S/VINCULO;3191,80;;3191,80;327,46;2864,34;
ANDREA DE FATIMA NOGUEIRA;SEGOV;ASSESSOR II;NAO INFORMADO; 40:00;03/11/2020;CARGO COMISSION.S/VINCULO;4209,79;;4209,79;597,14;3612,65;
ANDREZA RODRIGUES DA SILVA;FUNDO DE PROMOCAO SOCIAL-FPS;ASSESSOR I;; 40:00;01/04/2015;CARGO COMISSION.S/VINCULO;5229,77;;5229,77;957,83;4271,94;
ANGELA MARIA SOUZA DE BARROS;CASA CIVIL;ASSISTENTE TECNICO GOVERNAMENTAL;FG-3 DE ASSESSORIA; 30:00;01/08/1987;ESTATUTARIO;5495,02;;5495,02;672,44;4822,58;
ANNA JULIA PINTO CORREIA DA SILVA;FUNDO DE PROMOCAO SOCIAL-FPS;ASSESSOR III;ASSESSOR III; 40:00;23/01/2023;CARGO COMISSION.S/VINCULO;3191,80;;3191,80;327,46;2864,34;
ANNE CAROLYNNE ABECASSIS FIGLIUOLO;CASA CIVIL;ASSESSOR II;ASSESSOR II; 40:00;04/07/2023;CARGO COMISSION.S/VINCULO;4209,79;;4209,79;585,61;3624,18;
ANTONIA NIZALIA DA SILVA;CASA CIVIL;CONSULTOR TECNICO III;CONSULTOR TECNICO II; 40:00;01/01/2023;CARGO COMISSION.S/VINCULO;5500,00;;5500,00;1059,57;4440,43;
ANTONIA PAULA VIEIRA CAVALCANTE;FUNDO DE PROMOCAO SOCIAL-FPS;ASSESSOR TECNICO;ASSESSOR TECNICO; 40:00;01/09/2023;CARGO COMISSION.S/VINCULO;7000,00;;7000,00;1572,18;5427,82;
ANTONIO CARLOS CONCEICAO DE OLIVEIR;CASA CIVIL;A.TEC-I;FG-1 CHEFE DE GAB; 30:00;01/12/1977;ESTATUTARIO;7569,52;;7569,52;1656,92;5912,60;
ANTONIO CARLOS FARIAS DO NASCIMENTO;CASA CIVIL;PROFESSOR PF20.LIC-V;ASSESSOR I; 30:00;02/01/2019;ESTATUTARIO;7541,18;;7541,18;902,30;6638,88;
ANTONIO DAVI AGUILA DE SOUZA;CASA CIVIL;CONSULTOR TECNICO II;NAO INFORMADO; 40:00;17/08/2021;CARGO COMISSION.S/VINCULO;6500,00;;6500,00;1436,07;5063,93;
ANTONIO ERIVELTO AQUINO DE OLIVEIRA;CASA CIVIL;ASSESSOR I;; 40:00;28/01/2014;CARGO COMISSION.S/VINCULO;5229,77;;5229,77;957,83;4271,94;
ANTONIO FERREIRA FALCAO;CASA CIVIL;MOT-I;; 30:00;01/02/1976;ESTATUTARIO;4332,82;;4332,82;609,68;3723,14;
ANTONIO FRANCISCO SILVA CASTRO;CASA CIVIL;MOT-I;; 30:00;01/07/1983;ESTATUTARIO;2841,39;;2841,39;407,81;2433,58;
ANTONIO SANTINO DE SOUZA;CASA CIVIL;A.TEC-I;; 30:00;12/05/1976;ESTATUTARIO;6990,69;;6990,69;1659,90;5330,79;
ANYKELLY COSTA DA SILVA;CASA CIVIL;ASSESSOR II;NAO INFORMADO; 40:00;01/11/2020;CARGO COMISSION.S/VINCULO;5613,05;;5613,05;1050,00;4563,05;
ARABI AMED E SILVA;CASA CIVIL;ASSISTENTE SOCIAL;FG-2 ASSESSORIA; 30:00;15/06/2004;ESTATUTARIO;7152,89;;7152,89;1615,25;5537,64;
ARLEDNEY CAVALCANTI MENDES;CASA CIVIL;ASSISTENTE TECNICO GOVERNAMENTAL;FG-2 ASSESSORIA; 40:00;01/08/1987;ESTATUTARIO;5686,49;;5686,49;725,09;4961,40;
ATHOS ILKER CORDEIRO VULCAO;CASA CIVIL;ASSESSOR II;ASSESSOR II; 40:00;01/02/2022;CARGO COMISSION.S/VINCULO;4209,79;;4209,79;557,17;3652,62;
AUDRIA REGINA DE ALBUQUERQUE MOTA;CASA CIVIL;ESCRIVAO DE POL.4A.CL. PC-ESC-IV;ASSESSOR I; 40:00;03/04/2019;ESTATUTARIO;5000,00;;5000,00;354,47;4645,53;
AUGUSTO CESAR TEIXEIRA NASCIMENTO;CASA CIVIL;ASSISTENTE TECNICO GOVERNAMENTAL;FUNCAO GRATIFICADA F; 30:00;01/08/1987;ESTATUTARIO;5026,49;;5026,49;551,90;4474,59;
AUZEMIR FERNANDES DE ARA JO;FUNDO DE PROMOCAO SOCIAL-FPS;ASSESSOR III;NAO INFORMADO; 40:00;01/10/2019;CARGO COMISSION.S/VINCULO;3191,80;;3191,80;327,46;2864,34;
AYDA MIRTES LUZEIRO LOPES CRUZ;CASA CIVIL;A.TEC-I;FG-1; 30:00;15/08/1982;ESTATUTARIO;6672,05;;6672,05;1383,47;5288,58;
AYLA KAROL DA SILVA ROSARIO FREIRE;FUNDO DE PROMOCAO SOCIAL-FPS;ASSESSOR TECNICO;NAO INFORMADO; 40:00;02/01/2019;CARGO COMISSION.S/VINCULO;7000,00;;7000,00;1624,32;5375,68;
AYRTON SENNA PONCE RAPOSO;CASA CIVIL;ASSESSOR I;NAO INFORMADO; 40:00;02/01/2019;CARGO COMISSION.S/VINCULO;5229,77;;5229,77;957,83;4271,94;
BARBARA CHAVES VILLELA;CASA CIVIL;ASSESSOR I;ASSESSOR I; 40:00;12/04/2023;CARGO COMISSION.S/VINCULO;5229,77;;5229,77;957,83;4271,94;
BELMIRA DOS SANTOS DE OLIVEIRA;CASA CIVIL;A.TEC-I;FG-1 CHEFE DE SETOR; 30:00;01/12/1981;ESTATUTARIO;8491,13;;8491,13;1992,42;6498,71;
BERLEI DE SA ARRUDA;CASA CIVIL;ASSESSOR I;; 40:00;02/01/2018;CARGO COMISSION.S/VINCULO;5229,77;;5229,77;957,83;4271,94;
BERNADETH FERREIRA GODINHO;CASA CIVIL;A.TEC-I;FG-1 ASSESSORIA; 30:00;01/02/1986;ESTATUTARIO;7317,97;;7317,97;1565,35;5752,62;
BERNARDO SOARES MONTEIRO DE PAULA;SEGOV;SECRETARIO EXECUTIVO;SECRETARIO EXECUTIVO; 40:00;01/03/2023;CARGO COMISSION.S/VINCULO;16700,00;;16700,00;4186,92;12513,08;
BOLIVAR LUIZ ZANCHETTIN FILHO;CASA CIVIL;MEMBRO DE CONSELHO;; 20:00;01/03/2023;GRUPO DE TRABALHO;2004,00;;2004,00;;2004,00;
BRENDA QUEIROZ LINS;FUNDO DE PROMOCAO SOCIAL-FPS;ASSESSOR II;NAO INFORMADO; 40:00;02/01/2019;CARGO COMISSION.S/VINCULO;4209,79;;4209,79;597,14;3612,65;
BRENO DE SOUZA BRANDAO;FUNDO DE PROMOCAO SOCIAL-FPS;CINEGRAFISTA;ASSESSOR II; 36:00;01/11/2022;ESTATUTARIO;6775,91;;6775,91;1221,85;5554,06;
BRUHNA FIGUEIREDO LIBERATO;CASA CIVIL;CONSULTOR TECNICO I;CONSULTOR TECNICO I; 40:00;11/08/2022;CARGO COMISSION.S/VINCULO;7500,00;;7500,00;1812,57;5687,43;
BRUNA LUANA MONTEIRO FAYWEH;CASA CIVIL;ASSESSOR II;ASSESSOR II; 40:00;01/09/2023;CARGO COMISSION.S/VINCULO;4209,79;;4209,79;597,14;3612,65;
CAIO LUIZ GOMES CUNHA;CASA CIVIL;ASSESSOR I;NAO INFORMADO; 40:00;02/01/2019;CARGO COMISSION.S/VINCULO;5229,77;;5229,77;957,83;4271,94;
CAMILA SUZAN SENA SANTANA;CASA CIVIL;CONSULTOR TECNICO LEGISLATIVO III;CONSULTOR TECNICO LE; 40:00;31/05/2022;CARGO COMISSION.S/VINCULO;5500,00;;5500,00;1059,57;4440,43;
CAMILLA ARAUJO DA SILVA;CASA CIVIL;MEMBRO DE CONSELHO;; 20:00;01/03/2023;GRUPO DE TRABALHO;5000,00;;5000,00;354,47;4645,53;
CANDIDA FERNANDES DE SOUZA;CASA CIVIL;TNS-III;; 30:00;09/11/1957;ESTATUTARIO;7854,41;;7854,41;1129,80;6724,61;
CANDIDO ALVIM PEREIRA SOARES JUNIOR;CASA CIVIL;ASSESSOR I;NAO INFORMADO; 40:00;02/01/2019;CARGO COMISSION.S/VINCULO;5229,77;;5229,77;957,83;4271,94;
CARLOS ALBERTO DE OLIVEIRA NAZARE;CASA CIVIL;ASSISTENTE TECNICO GOVERNAMENTAL;; 30:00;20/06/1989;ESTATUTARIO;3586,28;;3586,28;278,59;3307,69;
CARLOS ALBERTO GONCALVES DE MELO;CASA CIVIL;A.TEC-I;FG-2 GESTOR DE CONT.; 30:00;01/06/1975;ESTATUTARIO;6363,07;;6363,07;1262,26;5100,81;
CARLOS ANDRE LIUZZI GOMES;CASA CIVIL;CONSULTOR TECNICO II;NAO INFORMADO; 40:00;02/01/2019;CARGO COMISSION.S/VINCULO;6500,00;;6500,00;1099,84;5400,16;
CARLOS AUGUSTO NASCIMENTO NORMANDO;CASA CIVIL;ASSESSOR III;NAO INFORMADO; 40:00;01/04/2021;CARGO COMISSION.S/VINCULO;3191,80;;3191,80;327,46;2864,34;
CARLOS EDUARDO DE CASTRO C ANJOS;CASA CIVIL;ASSESSOR I;NAO INFORMADO; 40:00;01/10/2020;CARGO COMISSION.S/VINCULO;5229,77;;5229,77;957,83;4271,94;
CAROLINA SILVA DOS REIS;FUNDO DE PROMOCAO SOCIAL-FPS;ASSESSOR III;NAO INFORMADO; 40:00;01/06/2020;CARGO COMISSION.S/VINCULO;3191,80;;3191,80;327,46;2864,34;
CAROLINE ARAUJO DE ANDRADE;CASA CIVIL;ASSESSOR I AD-1;; 40:00;01/05/2022;CARGO COMISSION.S/VINCULO;11476,44;;11476,44;2789,19;8687,25;
CAROLINE SKROBOT GROSSO LINDENBERG;CASA CIVIL;SECRETARIO EXECUTIVO ADJUNTO;NAO INFORMADO; 40:00;16/06/2020;CARGO COMISSION.S/VINCULO;9000,00;;9000,00;2225,83;6774,17;
CASSIO ROBERTO DO ESPIRITO SANTO;CASA CIVIL;MEMBRO DE CONSELHO;; 20:00;01/03/2023;GRUPO DE TRABALHO;5000,00;;5000,00;354,47;4645,53;
CELIO VICTOR DOS SANTOS SOARES;FUNDO DE PROMOCAO SOCIAL-FPS;ASSESSOR IV;NAO INFORMADO; 40:00;02/01/2019;CARGO COMISSION.S/VINCULO;2575,61;;2575,61;212,12;2363,49;
CESAR MATHEUS CARVALHO DUARTE;FUNDO DE PROMOCAO SOCIAL-FPS;ASSESSOR III;ASSESSOR III; 40:00;08/03/2023;CARGO COMISSION.S/VINCULO;3191,80;;3191,80;327,46;2864,34;
CHRISTIAN PEREIRA DA SILVA;CASA CIVIL;ASSESSOR III;; 40:00;27/07/2022;CARGO COMISSION.S/VINCULO;7536,19;;7536,19;1595,90;5940,29;
CHRISTIAN PEREIRA DA SILVA;CASA CIVIL;ASSESSOR II;ASSESSOR II; 40:00;01/12/2023;CARGO COMISSION.S/VINCULO;4209,79;;4209,79;597,14;3612,65;
CLAUDIO ANTUNES CORREIA;SEGOV;MEMBRO;; 20:00;01/06/2023;COMISSAO;4000,00;;4000,00;150,40;3849,60;
CLAUDIO DA SILVA PEREIRA;UNID.DE GESTAO INTEGRADA - UGI;ASSESSOR III;NAO INFORMADO; 40:00;16/05/2020;CARGO COMISSION.S/VINCULO;3191,80;;3191,80;327,46;2864,34;
CLEBER BERNARDES FERREIRA FILHO;CASA CIVIL;CONSULTOR TECNICO I;CONSULTOR TECNICO I; 40:00;06/02/2023;CARGO COMISSION.S/VINCULO;7500,00;;7500,00;1812,57;5687,43;
CLELIA BRASILIA MORAIS FONTES;CASA CIVIL;ASSESSOR I;NAO INFORMADO; 40:00;03/01/2022;DISP. OUTROS ESFERAS;5000,00;;5000,00;354,47;4645,53;
CLEONICE LIMA DOS REIS;CASA CIVIL;ASSISTENTE TECNICO GOVERNAMENTAL;FG-3; 30:00;01/07/1989;ESTATUTARIO;5026,49;;5026,49;551,90;4474,59;
COSMO VASCONCELOS DE CARVALHO;CASA CIVIL;A.TEC-I;; 30:00;14/03/1973;ESTATUTARIO;4473,04;;4473,04;780,43;3692,61;
CRISTIANE FREITAS FIGUEIREDO;CASA CIVIL;ASSESSOR III;ASSESSOR III; 40:00;01/01/2023;CARGO COMISSION.S/VINCULO;3191,80;;3191,80;327,46;2864,34;
CRISTIANO XIMENES LEITAO;FUNDO DE PROMOCAO SOCIAL-FPS;ASSESSOR III;NAO INFORMADO; 40:00;17/02/2020;CARGO COMISSION.S/VINCULO;3191,80;;3191,80;327,46;2864,34;
CRISTINA LUCIANA MOREIRA R PARENTE;CASA CIVIL;CONSULTOR TECNICO I;CONSULTOR TECNICO I; 40:00;01/06/2023;CARGO COMISSION.S/VINCULO;7500,00;;7500,00;1812,57;5687,43;
DAIANE SILVA VASCONCELOS;CASA CIVIL;ASSESSOR I;NAO INFORMADO; 40:00;02/01/2019;CARGO COMISSION.S/VINCULO;5229,77;;5229,77;957,83;4271,94;
DALTON DAS NEVES PICANCO;CASA CIVIL;TECNICO GOVERNAMENTAL;TEC IV SUP 3 CLASSE; 30:00;15/07/1989;ESTATUTARIO;5261,63;;5261,63;1103,03;4158,60;
DANIEL COSTA DE MELO;CASA CIVIL;ASSESSOR I;; 40:00;14/03/2017;CARGO COMISSION.S/VINCULO;5229,77;;5229,77;957,83;4271,94;
DANIEL GOMES PINHO;CASA CIVIL;ASSESSOR II;NAO INFORMADO; 40:00;03/06/2019;CARGO COMISSION.S/VINCULO;4209,79;;4209,79;597,14;3612,65;
DANIEL MOREIRA DA COSTA;CASA CIVIL;CONSULTOR TECNICO III;CONSULTOR TECNICO II; 40:00;06/02/2023;CARGO COMISSION.S/VINCULO;5500,00;;5500,00;962,28;4537,72;
DANIELA BARRONCAS HOLANDA DIAS;CASA CIVIL;ASSESSOR TECNICO;; 20:00;14/05/2018;CARGO COMISSION.S/VINCULO;7000,00;;7000,00;1572,18;5427,82;
DANIELA FROTA FIGUEIREDO;SEGOV;MEMBRO;; 20:00;01/05/2023;GRUPO DE TRABALHO;3000,00;;3000,00;27,00;2973,00;
DANIELLE FERNANDES AMORIM;CASA CIVIL;ASSESSOR TECNICO;NAO INFORMADO; 40:00;16/06/2020;CARGO COMISSION.S/VINCULO;7000,00;;7000,00;1624,32;5375,68;
DANIELLE NATALIA FREIRE DE OLIVEIRA;CASA CIVIL;CONSULTOR TECNICO LEGISLATIVO II;CONSULTOR TECNICO LE; 40:00;11/08/2022;CARGO COMISSION.S/VINCULO;6500,00;;6500,00;1227,52;5272,48;
DANILO COSTA LIMA;CASA CIVIL;ASSESSOR II;ASSESSOR II; 40:00;01/01/2023;CARGO COMISSION.S/VINCULO;4209,79;;4209,79;597,14;3612,65;
DANILO GONCALVES DE SOUZA JUNIOR;FUNDO DE PROMOCAO SOCIAL-FPS;ASSISTENTE TECNICO;DIRETOR ADMINISTRATI; 30:00;02/05/2023;ESTATUTARIO;7200,00;;7200,00;949,84;6250,16;
DAVI MAFRA DOS ANJOS;CASA CIVIL;CONSULTOR TECNICO I;CONSULTOR TECNICO I; 40:00;01/02/2022;CARGO COMISSION.S/VINCULO;7500,00;;7500,00;1812,57;5687,43;
DAVI MARQUES LITAIFF;CASA CIVIL;ASSESSOR I;; 40:00;03/01/2018;CARGO COMISSION.S/VINCULO;5229,77;;5229,77;957,83;4271,94;
DAVID BRUNO TEIXEIRA CINTRAO;CASA CIVIL;ASSESSOR III;ASSESSOR III; 40:00;01/01/2023;CARGO COMISSION.S/VINCULO;3191,80;;3191,80;317,16;2874,64;
DAVID MOURAO CORREA;CASA CIVIL;MOT-I;; 30:00;14/07/1980;ESTATUTARIO;3234,10;;3234,10;433,20;2800,90;
DAVID PINTO DE BARROS;CASA CIVIL;ASSESSOR III;NAO INFORMADO; 40:00;01/02/2019;CARGO COMISSION.S/VINCULO;3191,80;;3191,80;327,46;2864,34;
DAYANE BENTES DOS REIS;FUNDO DE PROMOCAO SOCIAL-FPS;ASSESSOR III;NAO INFORMADO; 40:00;10/09/2019;CARGO COMISSION.S/VINCULO;3191,80;;3191,80;327,46;2864,34;
DEBORA REGINA RIBEIRO DOS SANTOS;CASA CIVIL;ASSESSOR TECNICO;ASSESSOR TECNICO; 40:00;01/01/2023;CARGO COMISSION.S/VINCULO;7000,00;;7000,00;1624,32;5375,68;
DERMILSON DE SOUZA ARAUJO;CASA CIVIL;A.TEC-II;FG-1; 30:00;15/07/1996;ESTATUTARIO;6025,00;;6025,00;985,71;5039,29;
DEVALCI AMORIM FERREIRA;CASA CIVIL;CONSULTOR TECNICO II;CONSULTOR TECNICO II; 40:00;01/01/2023;CARGO COMISSION.S/VINCULO;6500,00;;6500,00;1331,79;5168,21;
DIEGO RABELO DE OLIVEIRA;FUNDO DE PROMOCAO SOCIAL-FPS;ASSESSOR III;NAO INFORMADO; 40:00;14/07/2020;CARGO COMISSION.S/VINCULO;3191,80;;3191,80;327,46;2864,34;
DIENIFFER FERREIRA DA COSTA;CASA CIVIL;ASSESSOR I;NAO INFORMADO; 40:00;01/06/2021;CARGO COMISSION.S/VINCULO;5229,77;;5229,77;957,83;4271,94;
DILENE MARIA DA COSTA GONCALVES;CASA CIVIL;ASSESSOR I;ASSESSOR I AD 1; 40:00;15/01/2011;CARGO COMISSION.S/VINCULO;5229,77;;5229,77;957,83;4271,94;
DJALMA MARTINS DA COSTA JUNIOR;CASA CIVIL;SECRETARIO EXECUTIVO ADJUNTO;NAO INFORMADO; 40:00;02/01/2019;CARGO COMISSION.S/VINCULO;9000,00;;9000,00;2225,83;6774,17;
DOUGLAS MARTINS BENAION;CASA CIVIL;A.TEC-I;FG-2 ASSESSORIA; 30:00;01/08/1979;ESTATUTARIO;6850,27;;6850,27;1171,79;5678,48;
EDBERG MEDEIROS SOARES;CASA CIVIL;CONSULTOR TECNICO II;CONSULTOR TECNICO II; 40:00;01/12/2019;CARGO COMISSION.S/VINCULO;6000,00;;6000,00;1247,82;4752,18;
EDIANE SALES VENANCIO;FUNDO DE PROMOCAO SOCIAL-FPS;SECRETARIO EXECUTIVO ADJUNTO;NAO INFORMADO; 40:00;02/01/2019;CARGO COMISSION.S/VINCULO;9000,00;;9000,00;2173,69;6826,31;
EDIMIRK DE VASCONCELOS COSTA;CASA CIVIL;ASSESSOR I;NAO INFORMADO; 40:00;02/01/2019;CARGO COMISSION.S/VINCULO;5229,77;;5229,77;914,81;4314,96;
EDISSANDRA OLIVEIRA GUIMARAES;CASA CIVIL;AGENTE PREVIDENCIARIO;CONS. TECNICO III; 40:00;02/01/2019;ESTATUTARIO;5000,00;;5000,00;1007,89;3992,11;
EDNA MACHADO MELLO;CASA CIVIL;A.TEC-I;; 30:00;22/09/1975;ESTATUTARIO;7329,30;;7329,30;1783,16;5546,14;
EDNELZA COSTA DE LIMA;FUNDO DE PROMOCAO SOCIAL-FPS;ASSESSOR IV;NAO INFORMADO; 40:00;02/01/2019;CARGO COMISSION.S/VINCULO;2575,61;;2575,61;212,12;2363,49;
EDNILSON DA SILVA ALBUQUERQUE;CASA CIVIL;ASSESSOR I;ASSESSOR I; 40:00;02/05/2022;CARGO COMISSION.S/VINCULO;5229,77;;5229,77;914,81;4314,96;
EDSON BRANDAO DO NASCIMENTO;CASA CIVIL;REDATOR GOVERNAMENTAL;FG-1 CHEFE DE SETOR; 30:00;01/12/1994;ESTATUTARIO;6206,43;;6206,43;870,53;5335,90;
ELDA MONICA DOS SANTOS;SEGOV;ASSESSOR III;ASSESSOR III; 40:00;01/05/2023;CARGO COMISSION.S/VINCULO;3191,80;;3191,80;327,46;2864,34;
ELEN CRISTINA DA SILVA C COSTA;FUNDO DE PROMOCAO SOCIAL-FPS;ASSESSOR II;ASSESSOR II; 40:00;18/07/2022;CARGO COMISSION.S/VINCULO;4209,79;;4209,79;597,14;3612,65;
ELIAS RODRIGUES VERAS;CASA CIVIL;ASSESSOR I;ASSESSOR I; 40:00;01/01/2022;CARGO COMISSION.S/VINCULO;5229,77;;5229,77;957,83;4271,94;
ELINELSON FERREIRA COLARES;CASA CIVIL;CONSULTOR TECNICO III;NAO INFORMADO; 40:00;01/09/2021;CARGO COMISSION.S/VINCULO;5500,00;;5500,00;1059,57;4440,43;
ELISANDRA CESAR DE QUEIROZ PROENCA;FUNDO DE PROMOCAO SOCIAL-FPS;ASSESSOR I;ASSESSOR I; 40:00;02/05/2023;CARGO COMISSION.S/VINCULO;5229,77;;5229,77;957,83;4271,94;
ELISANGELA GARCIA ARAUJO;CASA CIVIL;ASSESSOR TECNICO;NAO INFORMADO; 40:00;01/01/2020;CARGO COMISSION.S/VINCULO;10000,00;;10000,00;2449,32;7550,68;
ELIZA CATARINA DE MELO BERNARDO;CASA CIVIL;ASSISTENTE TECNICO GOVERNAMENTAL;FG-3 ASSESSORIA; 30:00;01/08/1987;ESTATUTARIO;4835,02;;4835,02;508,82;4326,20;
ELIZABETH AMORIM CARPINTEIRO PERES;FUNDO DE PROMOCAO SOCIAL-FPS;ASSESSOR II;NAO INFORMADO; 40:00;02/01/2019;CARGO COMISSION.S/VINCULO;4209,79;;4209,79;597,14;3612,65;
ELIZABETH SOARES RAPOSO;CASA CIVIL;A.TEC-I;ASSESSOR I; 30:00;01/02/1986;ESTATUTARIO;5991,37;;5991,37;1167,09;4824,28;
ELIZAMARA MOREIRA DOS S AZEVEDO;CASA CIVIL;ASSESSOR III;; 40:00;01/04/2015;CARGO COMISSION.S/VINCULO;3191,80;;3191,80;327,46;2864,34;
ELKE DA SILVA GONDIM;CASA CIVIL;ASSESSOR II;ASSESSOR II; 40:00;01/01/2023;CARGO COMISSION.S/VINCULO;4209,79;;4209,79;597,14;3612,65;
ELSO SIMOES DE OLIVEIRA;CASA CIVIL;ASSESSOR I;NAO INFORMADO; 40:00;02/01/2019;CARGO COMISSION.S/VINCULO;5229,77;;5229,77;957,83;4271,94;
ELY FELETE BARBOSA DE SOUZA;CASA CIVIL;ASSESSOR I;NAO INFORMADO; 40:00;02/01/2019;CARGO COMISSION.S/VINCULO;5229,77;;5229,77;914,81;4314,96;
EMERSON DE SOUZA CRUZ;CASA CIVIL;ASSESSOR III;ASSESSOR III; 40:00;10/04/2023;CARGO COMISSION.S/VINCULO;3191,80;;3191,80;327,46;2864,34;
EMERSON LIMA DO CARMO;CASA CIVIL;CONSULTOR TECNICO III;NAO INFORMADO; 40:00;02/01/2019;CARGO COMISSION.S/VINCULO;5500,00;;5500,00;1059,57;4440,43;
EMILY CAMILA SILVA OLIVEIRA;CASA CIVIL;ASSESSOR I;ASSESSOR I; 40:00;05/10/2022;CARGO COMISSION.S/VINCULO;5229,77;;5229,77;957,83;4271,94;
ERICKA HENRIQUE DA SILVA;FUNDO DE PROMOCAO SOCIAL-FPS;ASSESSOR TECNICO;ASSESSOR TECNICO; 40:00;16/01/2023;CARGO COMISSION.S/VINCULO;7000,00;;7000,00;1624,32;5375,68;
ERILANE RODRIGUES DA SILVA;FUNDO DE PROMOCAO SOCIAL-FPS;ASSESSOR TECNICO;NAO INFORMADO; 40:00;10/05/2019;CARGO COMISSION.S/VINCULO;7000,00;;7000,00;1520,04;5479,96;
ERLEN CRUZ DO AMARAL;CASA CIVIL;ASSESSOR I;NAO INFORMADO; 40:00;02/01/2019;CARGO COMISSION.S/VINCULO;5229,77;;5229,77;957,83;4271,94;
ESTANISLAU GASPAR FERNANDES;CASA CIVIL;A.TEC-I;FG-1 ASSESSORIA; 30:00;17/04/1974;ESTATUTARIO;7214,19;;7214,19;1527,58;5686,61;
ESTEVAM PEDROSA;CASA CIVIL;ASSESSOR I;ASSESSOR I; 40:00;01/01/2023;CARGO COMISSION.S/VINCULO;5229,77;;5229,77;957,83;4271,94;
ESTHER OLIVA VELOSO RENGIFO;FUNDO DE PROMOCAO SOCIAL-FPS;ASSESSOR I;; 40:00;06/04/2020;CARGO COMISSION.S/VINCULO;5229,77;;5229,77;957,83;4271,94;
ETA PEREIRA CASTELO BRANCO;CASA CIVIL;PROCURADOR JUR.1A.CLASSE-NS.131.20;PROCURADOR JURIDICO; 40:00;27/05/2009;ESTATUTARIO;35527,96;;35527,96;11738,26;23789,70;
ETELVINA DE CASSIA PERES VICTORIA;CASA CIVIL;A.TEC-I;FG-2 DE ASSESSORIA; 30:00;28/05/1986;ESTATUTARIO;5797,48;;5797,48;1104,94;4692,54;
EVANILDO PINTO ALMEIDA;CASA CIVIL;MOT-I;; 30:00;27/06/1978;ESTATUTARIO;4240,07;;4240,07;580,35;3659,72;
EWERTON RIBEIRO TEIXEIRA;CASA CIVIL;ASSESSOR III;NAO INFORMADO; 40:00;02/01/2019;CARGO COMISSION.S/VINCULO;3191,80;;3191,80;327,46;2864,34;
FABIANA ANDRADE BARBOSA;FUNDO DE PROMOCAO SOCIAL-FPS;ASSESSOR I;NAO INFORMADO; 40:00;01/07/2021;CARGO COMISSION.S/VINCULO;5229,77;;5229,77;957,83;4271,94;
FABIANO DOMINGOS FIORI;CASA CIVIL;TNS-I;TEC NIVEL SUPERIOR; 30:00;01/10/1983;ESTATUTARIO;6975,12;;6975,12;1654,23;5320,89;
FABIOLA PINHEIRO VIEIRA BARRETO;CASA CIVIL;ASSESSOR III;ASSESSOR III; 40:00;22/08/2023;CARGO COMISSION.S/VINCULO;3191,80;;3191,80;317,16;2874,64;
FABIOLA RODRIGUES FIGUEIRA;CASA CIVIL;ASSESSOR TECNICO;NAO INFORMADO; 40:00;23/12/2019;CARGO COMISSION.S/VINCULO;7000,00;;7000,00;1624,32;5375,68;
FABIOLA XAVIER DESTERRO E SILVA;CASA CIVIL;PROFESSOR PF40.LPL-IV;CHEF.ADJ.CONS.T-LEGI; 40:00;27/12/2011;ESTATUTARIO;13331,75;;13331,75;3312,30;10019,45;
FELIPE CRUZ FERNANDES;CASA CIVIL;ASSESSOR I;NAO INFORMADO; 40:00;01/07/2020;CARGO COMISSION.S/VINCULO;5229,77;;5229,77;957,83;4271,94;
FERNANDA BENTES DA SILVA;FUNDO DE PROMOCAO SOCIAL-FPS;ASSESSOR II;ASSESSOR II; 40:00;16/01/2023;CARGO COMISSION.S/VINCULO;4209,79;;4209,79;597,14;3612,65;
FERNANDA PRESTES BRANDAO REIS;CASA CIVIL;ASSESSOR II;ASSESSOR II; 40:00;09/05/2022;CARGO COMISSION.S/VINCULO;4209,79;;4209,79;597,14;3612,65;
FERNANDA SANTOS SILVA;CASA CIVIL;CONSULTOR TECNICO III;NAO INFORMADO; 40:00;02/01/2019;CARGO COMISSION.S/VINCULO;5500,00;;5500,00;1007,43;4492,57;
FLAVIA SOUZA DOS SANTOS;CASA CIVIL;ASSESSOR I;ASSESSOR I; 40:00;01/04/2022;CARGO COMISSION.S/VINCULO;5229,77;;5229,77;914,81;4314,96;
FLAVIO CORDEIRO ANTONY FILHO;CASA CIVIL;SECRETARIO DE ESTADO;NAO INFORMADO; 40:00;15/06/2020;CARGO COMISSION.S/VINCULO;28060,00;;28060,00;7467,33;20592,67;
FRANCISCA EVANILDE COSTA DA SILVA;CASA CIVIL;ASSESSOR II;ASSESSOR II AD-2; 40:00;01/01/2011;CARGO COMISSION.S/VINCULO;9004,26;;9004,26;2104,89;6899,37;
FRANCISCA HELENA DE SOUZA DA SILVA;CASA CIVIL;ASSESSOR TECNICO;; 40:00;16/07/2018;CARGO COMISSION.S/VINCULO;7000,00;;7000,00;1572,18;5427,82;
FRANCISCA RAIMUNDA PEREIRA DA SILVA;CASA CIVIL;ASSESSOR TECNICO;ASSESSOR TECNICO; 40:00;01/01/2023;CARGO COMISSION.S/VINCULO;7000,00;;7000,00;1624,32;5375,68;
FRANCISCO ALEXANDRE CORREA DE MELO;FUNDO DE PROMOCAO SOCIAL-FPS;ASSESSOR TECNICO;NAO INFORMADO; 40:00;01/02/2019;CARGO COMISSION.S/VINCULO;7000,00;;7000,00;1624,32;5375,68;
FRANCISCO ALEXANDRE DOS ANJOS COSTA;CASA CIVIL;OPERADOR DE AUDIO DE TV;FG-1; 36:00;31/01/2012;ESTATUTARIO;4845,36;;4845,36;662,03;4183,33;
FRANCISCO BEZERRA DE ABREU JUNIOR;FUNDO DE PROMOCAO SOCIAL-FPS;ASSESSOR I;ASSESSOR I; 40:00;01/11/2022;CARGO COMISSION.S/VINCULO;5229,77;;5229,77;914,81;4314,96;
FRANCISCO CLIMERIO R C JUNIOR;SEGOV;ASSESSOR III;ASSESSOR III; 40:00;01/05/2023;CARGO COMISSION.S/VINCULO;3191,80;;3191,80;327,46;2864,34;
FRANCISCO DAS CHAGAS DA SILVA;CASA CIVIL;ASSESSOR I;ASSESSOR I; 40:00;01/04/2023;CARGO COMISSION.S/VINCULO;5229,77;;5229,77;957,83;4271,94;
FRANCISCO DE PAULA GRANA V JUNIOR;CASA CIVIL;ASSESSOR II;ASSESSOR II; 40:00;01/01/2023;CARGO COMISSION.S/VINCULO;4209,79;;4209,79;585,61;3624,18;
FRANCISCO EDNEY ESTEVES DA COSTA;CASA CIVIL;ASSESSOR IV;NAO INFORMADO; 40:00;09/12/2019;CARGO COMISSION.S/VINCULO;2575,61;;2575,61;212,12;2363,49;
FRANCISCO FERREIRA ALVES NETO;FUNDO DE PROMOCAO SOCIAL-FPS;ASSESSOR II;NAO INFORMADO; 40:00;02/01/2019;CARGO COMISSION.S/VINCULO;4209,79;;4209,79;504,07;3705,72;
FRANCISCO LIMA DA SILVA;FUNDO DE PROMOCAO SOCIAL-FPS;ASSESSOR II;NAO INFORMADO; 40:00;07/02/2020;CARGO COMISSION.S/VINCULO;4209,79;;4209,79;597,14;3612,65;
FRANCISCO PEREIRA DE SOUZA;FUNDO DE PROMOCAO SOCIAL-FPS;ASSESSOR I;ASSESSOR I; 40:00;01/09/2023;CARGO COMISSION.S/VINCULO;5229,77;;5229,77;957,83;4271,94;
FRANCISCO PEREIRA GOMES;CASA CIVIL;MOT-I;; 30:00;04/02/1981;ESTATUTARIO;2841,39;;2841,39;407,81;2433,58;
FRANCISCO RICARDO PEREIRA FERNANDES;CASA CIVIL;CHEFE ADJUNTO DA CTL;; 40:00;08/11/2016;CARGO COMISSION.S/VINCULO;8100,00;;8100,00;1978,33;6121,67;
FRANCISCO SOARES DE MOURA;CASA CIVIL;MOT-I;FG-2; 30:00;14/02/1977;ESTATUTARIO;6140,07;;6140,07;1052,30;5087,77;
FRANCISLENY LIMA DE ALMEIDA;CASA CIVIL;ASSESSOR III;ASSESSOR III; 40:00;28/08/2023;CARGO COMISSION.S/VINCULO;3191,80;;3191,80;327,46;2864,34;
GABRIEL DE OLIVEIRA RIBEIRO;UNID.DE GESTAO INTEGRADA - UGI;ASSESSOR I;NAO INFORMADO; 40:00;03/08/2020;CARGO COMISSION.S/VINCULO;5229,77;;5229,77;957,83;4271,94;
GABRIEL RAIKER ABRAHIM;CASA CIVIL;ASSESSOR II;NAO INFORMADO; 40:00;01/09/2018;CARGO COMISSION.S/VINCULO;4209,79;;4209,79;597,14;3612,65;
GABRIELA BRAGA MATOS DE PAULO;CASA CIVIL;ASSESSOR II;NAO INFORMADO; 40:00;02/01/2019;CARGO COMISSION.S/VINCULO;4209,79;;4209,79;597,14;3612,65;
GABRIELA STEFFANY TORRES DE ASSIS;FUNDO DE PROMOCAO SOCIAL-FPS;ASSESSOR I;ASSESSOR I; 40:00;10/11/2022;CARGO COMISSION.S/VINCULO;5229,77;;5229,77;957,83;4271,94;
GABRIELLA LOPES PINTO;CASA CIVIL;ASSESSOR II;ASSESSOR II; 40:00;01/05/2023;CARGO COMISSION.S/VINCULO;4209,79;;4209,79;597,14;3612,65;
GASPAR ALBERTO DE PAULA SILVA;FUNDO DE PROMOCAO SOCIAL-FPS;ASSESSOR II;; 40:00;07/04/2020;CARGO COMISSION.S/VINCULO;4209,79;;4209,79;597,14;3612,65;
GEORDANA SIMONSEN LIMA DE ARAUJO;CASA CIVIL;ASSESSOR III;ASSESSOR III; 40:00;01/01/2023;CARGO COMISSION.S/VINCULO;3191,80;;3191,80;286,07;2905,73;
GEORGIA MARIA MENDES JORGE DA SILVA;CASA CIVIL;ASSESSOR II;NAO INFORMADO; 40:00;21/09/2020;CARGO COMISSION.S/VINCULO;4209,79;;4209,79;597,14;3612,65;
GERALDO ALBANO DE SOUZA;CASA CIVIL;TNS-III;TEC.NIVEL SUPERIOR; 30:00;11/07/1985;ESTATUTARIO;7383,63;;7383,63;1842,84;5540,79;
GERSON PESSOA DOS SANTOS;CASA CIVIL;ASSESSOR I;ASSESSOR I; 40:00;01/07/2022;CARGO COMISSION.S/VINCULO;6973,03;;6973,03;1614,17;5358,86;
GERSON RODRIGUES IBERNOM;CASA CIVIL;ASSESSOR II;NAO INFORMADO; 40:00;03/08/2020;CARGO COMISSION.S/VINCULO;4209,79;;4209,79;597,14;3612,65;
GIANLUCA DANIEL FERNANDES ALMEIDA;CASA CIVIL;ASSESSOR TECNICO;ASSESSOR TECNICO; 40:00;01/05/2023;CARGO COMISSION.S/VINCULO;7000,00;;7000,00;1624,32;5375,68;
GILBERTO DOS SANTOS CARNEIRO;CASA CIVIL;MOT-I;; 30:00;12/09/1982;ESTATUTARIO;4218,96;;4218,96;509,77;3709,19;
GILDENI DE CASTRO UCHOA;CASA CIVIL;ASSESSOR II;NAO INFORMADO; 40:00;02/01/2019;CARGO COMISSION.S/VINCULO;4209,79;;4209,79;597,14;3612,65;
GILDO DA COSTA;CASA CIVIL;ASSESSOR I;NAO INFORMADO; 40:00;02/01/2019;CARGO COMISSION.S/VINCULO;5229,77;;5229,77;957,83;4271,94;
GIOVANNA CAMPBELL DA FONSECA ALVES;CASA CIVIL;ASSESSOR II;NAO INFORMADO; 40:00;27/07/2020;CARGO COMISSION.S/VINCULO;4209,79;;4209,79;597,14;3612,65;
GISELE DA SILVA ANSELMO;CASA CIVIL;ASSESSOR I;NAO INFORMADO; 40:00;01/10/2021;CARGO COMISSION.S/VINCULO;5229,77;;5229,77;914,81;4314,96;
GIULIA REGINA MARTINS VIEIRA;CASA CIVIL;ASSESSOR TECNICO;ASSESSOR TECNICO; 40:00;01/11/2022;CARGO COMISSION.S/VINCULO;7000,00;;7000,00;1624,32;5375,68;
GLAUCIA OLIVEIRA NUNES;FUNDO DE PROMOCAO SOCIAL-FPS;SECRETARIO EXECUTIVO ADJUNTO;SECRETARIO EXECUTIVO; 40:00;16/01/2023;CARGO COMISSION.S/VINCULO;9000,00;;9000,00;2225,83;6774,17;
GLAUCIA ROCHA FRANCO;CASA CIVIL;ASSESSOR III;ASSESSOR III; 40:00;01/12/2023;CARGO COMISSION.S/VINCULO;3191,80;;3191,80;327,46;2864,34;
GLAUCIA ROCHA FRANCO;CASA CIVIL;ASSESSOR IV;; 40:00;19/01/2023;CARGO COMISSION.S/VINCULO;5008,13;;5008,13;1159,02;3849,11;
GLAURACY BENEVIDES CORREA;CASA CIVIL;ASSESSOR II;ASSESSOR II AD-2; 40:00;01/01/2011;CARGO COMISSION.S/VINCULO;4209,79;;4209,79;597,14;3612,65;
GLEICIANE MARTINS MOREIRA;FUNDO DE PROMOCAO SOCIAL-FPS;ASSESSOR I;; 40:00;01/03/2018;CARGO COMISSION.S/VINCULO;5229,77;;5229,77;957,83;4271,94;
GLENDA MARGARETH DE ARAUJO JORGE DU;CASA CIVIL;ASSESSOR I;NAO INFORMADO; 40:00;01/10/2019;CARGO COMISSION.S/VINCULO;5229,77;;5229,77;957,83;4271,94;
GLORIA CRISTINA BRAGA DE LIMA;CASA CIVIL;ASSESSOR I;NAO INFORMADO; 40:00;01/12/2019;CARGO COMISSION.S/VINCULO;5229,77;;5229,77;957,83;4271,94;
GLORIA HONORAIDA DE LIMA;CASA CIVIL;TECNICO DE ENFERMAGEM A;ASSESSOR I; 30:00;01/02/2021;ESTATUTARIO;6027,17;;6027,17;1001,20;5025,97;
HAMIDA ISSA YACUB;CASA CIVIL;CONSULTOR TECNICO III;CONSULTOR TEC. III; 40:00;01/06/2015;CARGO COMISSION.S/VINCULO;5500,00;;5500,00;1059,57;4440,43;
HERON DE SOUZA MOREIRA;CASA CIVIL;ASSESSOR II;NAO INFORMADO; 40:00;01/08/2019;CARGO COMISSION.S/VINCULO;4209,79;;4209,79;597,14;3612,65;
HESTON SILVA DE QUEIROZ;CASA CIVIL;A.TEC-II;FG-1; 30:00;15/07/1996;ESTATUTARIO;6033,19;;6033,19;1089,35;4943,84;
IDANETE MEDEIROS PINTO;CASA CIVIL;CONSULTOR TEC.LEGISLATIVO;CONSULTOR TEC.LEGISL; 40:00;01/11/2022;CARGO COMISSION.S/VINCULO;5229,77;;5229,77;914,81;4314,96;
ILNAH MARIA LIMA MONTEIRO DE CASTRO;CASA CIVIL;CONSULTOR TECNICO LEGISLATIVO II;NAO INFORMADO; 40:00;02/01/2019;CARGO COMISSION.S/VINCULO;6500,00;;6500,00;1383,93;5116,07;
ILTON SOARES OLIVEIRA;CASA CIVIL;MEMBRO;; 40:00;01/09/2023;GRUPO DE TRABALHO;4000,00;;4000,00;150,40;3849,60;
INGRID QUEIROZ CASSIO;CASA CIVIL;ASSESSOR I;; 40:00;01/11/2017;CARGO COMISSION.S/VINCULO;5229,77;;5229,77;957,83;4271,94;
INTYANA TAYNNA LOPES FREITAS;CASA CIVIL;ASSESSOR II;ASSESSOR II; 40:00;13/06/2022;CARGO COMISSION.S/VINCULO;4209,79;;4209,79;585,61;3624,18;
IRIS TANARA LITAIFF DE SAO P AGUIAR;FUNDO DE PROMOCAO SOCIAL-FPS;CHEFE DE GABINETE;CHEFE DE GABINETE; 40:00;02/05/2023;CARGO COMISSION.S/VINCULO;5229,78;;5229,78;914,82;4314,96;
ISABEL LINHARES REIS;CASA CIVIL;CONSULTOR TECNICO III;CONSULTOR TECNICO II; 40:00;01/08/2023;CARGO COMISSION.S/VINCULO;5500,00;;5500,00;1059,57;4440,43;
ISABELLA LIMA SIQUEIRA;CASA CIVIL;ASSESSOR I;NAO INFORMADO; 40:00;09/11/2021;CARGO COMISSION.S/VINCULO;5229,77;;5229,77;957,83;4271,94;
ISADORA ALFAIA DE MELO LIMA;SEGOV;SECRETARIO EXECUTIVO;SECRETARIO EXECUTIVO; 40:00;01/02/2023;CARGO COMISSION.S/VINCULO;18700,00;;18700,00;4893,33;13806,67;
IVA DA COSTA FERREIRA;CASA CIVIL;A.TEC-I;FG-3; 30:00;01/01/1976;ESTATUTARIO;6385,36;;6385,36;1329,13;5056,23;
IVANETE GOMES DE ALMEIDA;CASA CIVIL;AUX.O-I;; 30:00;01/04/1988;ESTATUTARIO;3000,40;;3000,40;447,09;2553,31;
IVANETE RAMOS DE PAULA;CASA CIVIL;TNS-II;FUNCAO GRATIFICADA F; 40:00;25/09/1975;ESTATUTARIO;10212,77;;10212,77;2663,68;7549,09;
IVANILDE LIMA MACHADO VIANA;FUNDO DE PROMOCAO SOCIAL-FPS;ASSESSOR II;NAO INFORMADO; 40:00;02/01/2019;CARGO COMISSION.S/VINCULO;4209,79;;4209,79;597,14;3612,65;
IZA EMANUELA DA SILVA DE MORAES;CASA CIVIL;ASSESSOR III;ASSESSOR III; 40:00;16/01/2023;CARGO COMISSION.S/VINCULO;3191,80;;3191,80;327,46;2864,34;
IZOLDA BRANDAO ARMELAU;CASA CIVIL;REDATOR GOVERNAMENTAL;; 30:00;01/12/1994;ESTATUTARIO;3796,47;;3796,47;312,57;3483,90;
JAIME BARBOSA REZENDE;CASA CIVIL;AUX.O-I;FG-1; 30:00;29/12/1981;ESTATUTARIO;6343,59;;6343,59;1014,46;5329,13;
JANAINA PITALUGA MORENO;CASA CIVIL;ASSESSOR I;ASSESSOR I AD 1; 40:00;17/09/2012;CARGO COMISSION.S/VINCULO;5229,77;;5229,77;914,81;4314,96;
JANDERSON DE OLIVEIRA PEREIRA;CASA CIVIL;ASSESSOR I;ASSESSOR I; 40:00;13/11/2023;DISP. OUTROS ESFERAS;5000,00;;5000,00;354,47;4645,53;
JANDERSON PINTO LIMA;CASA CIVIL;ASSESSOR TECNICO;ASSESSOR TECNICO; 40:00;01/03/2023;CARGO COMISSION.S/VINCULO;7000,00;;7000,00;1572,18;5427,82;
JANE KELLY VASQUES DE OLIVEIRA;CASA CIVIL;CONSULTOR TECNICO LEGISLATIVO II;CONSULTOR TECNICO LE; 40:00;10/03/2023;CARGO COMISSION.S/VINCULO;6500,00;;6500,00;1436,07;5063,93;
JANIO DE SOUZA ALVES;CASA CIVIL;ASSESSOR I;NAO INFORMADO; 40:00;02/01/2019;CARGO COMISSION.S/VINCULO;5229,77;;5229,77;957,83;4271,94;
JANIO TORRES BARROS;CASA CIVIL;ASSISTENTE TECNICO GOVERNAMENTAL;FG-1; 30:00;01/08/1987;ESTATUTARIO;6196,47;;6196,47;866,57;5329,90;
JASON MILLER FIGUEIREDO DA COSTA;CASA CIVIL;ASSESSOR TECNICO;NAO INFORMADO; 40:00;02/01/2019;CARGO COMISSION.S/VINCULO;7000,00;;7000,00;1572,18;5427,82;
JAYLENE BRANDAO PAULA;CASA CIVIL;ASSISTENTE TECNICO GOVERNAMENTAL;FG-2 ASSESSORIA; 30:00;03/08/1987;ESTATUTARIO;5686,49;;5686,49;725,09;4961,40;
JENNIFER LIMA DE ARAUJO PEREIRA;CASA CIVIL;INVEST.DE POL. 4A.CL. PC-INV.IV;ASSESSOR I, AD-1; 40:00;19/04/2011;ESTATUTARIO;5000,00;;5000,00;354,47;4645,53;
JHONANTAN SAMPAIO COSTA;CASA CIVIL;CONSULTOR TECNICO II;CONSULTOR TECNICO II; 40:00;01/05/2022;CARGO COMISSION.S/VINCULO;6500,00;;6500,00;1436,07;5063,93;
JOANA VITA MORAES DE SOUZA MORILLAS;CASA CIVIL;TNS-I;FG-1 ASSESSORIA; 30:00;01/01/1976;ESTATUTARIO;13457,84;;13457,84;3800,48;9657,36;
JOAO DANILO PINTO;CASA CIVIL;MOT-I;; 30:00;01/12/1975;ESTATUTARIO;4240,07;;4240,07;580,35;3659,72;
JOAO LUIZ SOUZA AZEVEDO;CASA CIVIL;SECRETARIO EXECUTIVO ADJUNTO;NAO INFORMADO; 40:00;02/01/2019;CARGO COMISSION.S/VINCULO;9000,00;;9000,00;2225,83;6774,17;
JOAO SILVA MARQUES;CASA CIVIL;ASSESSOR I;ASSESSOR I; 40:00;12/08/2022;CARGO COMISSION.S/VINCULO;5229,77;;5229,77;957,83;4271,94;
JOAO VICTOR LIMA CORDEIRO;CASA CIVIL;ASSESSOR III;NAO INFORMADO; 40:00;02/01/2019;CARGO COMISSION.S/VINCULO;3191,80;;3191,80;327,46;2864,34;
JOAQUIM MARQUES DOS SANTOS NETO;CASA CIVIL;ASSESSOR I;NAO INFORMADO; 40:00;15/03/2019;CARGO COMISSION.S/VINCULO;5229,77;;5229,77;587,33;4642,44;
JOCIMAR DUARTE DA ROCHA;CASA CIVIL;A.TEC-I;FG-1 CHEFE DE SETOR; 30:00;01/10/1975;ESTATUTARIO;10278,37;;10278,37;2590,91;7687,46;
JOEBER BELEM TEIXEIRA;CASA CIVIL;CONSULTOR TECNICO III;NAO INFORMADO; 40:00;02/01/2019;CARGO COMISSION.S/VINCULO;5500,00;;5500,00;962,28;4537,72;
JOEL JUNIOR BENICIO DE LIMA;CASA CIVIL;CONSULTOR TECNICO II;NAO INFORMADO; 40:00;01/08/2021;CARGO COMISSION.S/VINCULO;6500,00;;6500,00;1436,07;5063,93;
JOICY CAROLINE ANDRADE RIBEIRO;SEGOV;ASSESSOR II;ASSESSOR II; 40:00;01/06/2022;CARGO COMISSION.S/VINCULO;4209,79;;4209,79;597,14;3612,65;
JORGE DO NASCIMENTO GOMES;CASA CIVIL;A.TEC-I;ASSESSOR I; 30:00;02/01/2019;ESTATUTARIO;5878,09;;5878,09;1121,44;4756,65;
JORGE GUEDES LOBO JUNIOR;CASA CIVIL;ASSESSOR I;; 40:00;02/04/2018;CARGO COMISSION.S/VINCULO;5229,77;;5229,77;957,83;4271,94;
JOSE AGAPITO DA SILVEIRA;CASA CIVIL;A.TEC-II;; 30:00;27/03/1981;ESTATUTARIO;4238,47;;4238,47;706,68;3531,79;
JOSE AMERICO MORAES DA COSTA;CASA CIVIL;ASSESSOR III;NAO INFORMADO; 40:00;02/01/2019;CARGO COMISSION.S/VINCULO;3191,80;;3191,80;327,46;2864,34;
JOSE CARLOS FERREIRA DO NASCIMENTO;CASA CIVIL;ASSESSOR III;NAO INFORMADO; 40:00;02/01/2019;CARGO COMISSION.S/VINCULO;3191,80;;3191,80;327,46;2864,34;
JOSE CIRANO CIPRIANO SAMPAIO;CASA CIVIL;ASSESSOR III;ASSESSOR III; 40:00;08/05/2023;CARGO COMISSION.S/VINCULO;3191,80;;3191,80;327,46;2864,34;
JOSE DE AQUINO FREIRE;CASA CIVIL;A.TEC-I;FG-2 DE ASSESSORIA; 30:00;16/05/1973;ESTATUTARIO;9531,63;;9531,63;2415,72;7115,91;
JOSE EDSON LIMA DE ALMEIDA;CASA CIVIL;ASSESSOR I;ASSESSOR I; 40:00;01/06/2023;CARGO COMISSION.S/VINCULO;5229,77;;5229,77;914,81;4314,96;
JOSE FRANCISCO SANTOS SILVA;CASA CIVIL;ASSESSOR I;NAO INFORMADO; 40:00;02/01/2019;CARGO COMISSION.S/VINCULO;5229,77;;5229,77;957,83;4271,94;
JOSE MARANHAO RODRIGUES;UNID.DE GESTAO INTEGRADA - UGI;ASSESSOR I;NAO INFORMADO; 40:00;01/09/2020;CARGO COMISSION.S/VINCULO;5229,77;;5229,77;957,83;4271,94;
JOSE MAURICIO DOS SANTOS TOMAZ;CASA CIVIL;ASSESSOR I;ASSESSOR I; 40:00;01/02/2022;CARGO COMISSION.S/VINCULO;5229,77;;5229,77;957,83;4271,94;
JOSENI MARTINS SILVA PONTES;CASA CIVIL;CONSULTOR TEC.LEGISLATIVO;NAO INFORMADO; 40:00;20/09/2021;CARGO COMISSION.S/VINCULO;5229,77;;5229,77;957,83;4271,94;
JOSIANY MUNHOZ DE ALMEIDA COSTA;CASA CIVIL;CONSULTOR TECNICO LEGISLATIVO III;CONSULTOR TECNICO LE; 40:00;01/02/2023;CARGO COMISSION.S/VINCULO;5500,00;;5500,00;1059,57;4440,43;
JOYCIANE RODRIGUES MENDES;CASA CIVIL;ASSESSOR I;; 40:00;20/05/2019;CARGO COMISSION.S/VINCULO;5229,77;;5229,77;957,83;4271,94;
JUAREZ NOGUEIRA COTA DA COSTA;CASA CIVIL;GERENTE;; 40:00;01/06/2022;CARGO COMISSION.S/VINCULO;4209,79;;4209,79;585,61;3624,18;
JULIANA ARAUJO RIOS;CASA CIVIL;CONSULTOR TECNICO LEGISLATIVO III;CONSULTOR TECNICO LE; 40:00;22/08/2023;CARGO COMISSION.S/VINCULO;5500,00;;5500,00;1059,57;4440,43;
JULIANA DA SILVA MORELI;UNID.DE GESTAO INTEGRADA - UGI;CHEFE DE GABINETE;CHEFE DE GABINETE; 40:00;01/05/2023;CARGO COMISSION.S/VINCULO;5229,77;;5229,77;957,83;4271,94;
JULIAO LEMOS SOBRAL NETTO;CASA CIVIL;CONSULTOR TECNICO III;CONSULTOR TECNICO II; 40:00;01/01/2023;CARGO COMISSION.S/VINCULO;5500,00;;5500,00;1059,57;4440,43;
JULIETA BARROS BRANDAO C PEREIRA;CASA CIVIL;PROFESSOR;CONSULTOR TECNICO LE; 20:00;02/01/2019;ESTATUTARIO;8564,59;;8564,59;1678,47;6886,12;
JULIO CESAR SILVA CAMPOS;CASA CIVIL;ASSESSOR TECNICO;NAO INFORMADO; 40:00;02/01/2019;CARGO COMISSION.S/VINCULO;7000,00;;7000,00;1624,32;5375,68;
JULIO CONCEI O BRASIL DA SILVA;CASA CIVIL;ASSESSOR II;NAO INFORMADO; 40:00;02/01/2019;CARGO COMISSION.S/VINCULO;4209,79;;4209,79;597,14;3612,65;
JURACEMA LIMA DE MEDEIROS;CASA CIVIL;REPRESENTANTE;FG-3; 30:00;01/08/1983;ESTATUTARIO;5471,42;;5471,42;720,59;4750,83;
JUSCELINO MOURA TAVARES;CASA CIVIL;ASSESSOR IV;; 40:00;09/12/2019;CARGO COMISSION.S/VINCULO;10660,16;;10660,16;2575,60;8084,56;
JUSCELINO MOURA TAVARES;CASA CIVIL;ASSESSOR III;ASSESSOR III; 40:00;16/11/2023;CARGO COMISSION.S/VINCULO;4787,69;;4787,69;802,88;3984,81;
KAREN REGINA SANTANA DE ANDRADE;FUNDO DE PROMOCAO SOCIAL-FPS;ASSESSOR IV;NAO INFORMADO; 40:00;03/08/2020;CARGO COMISSION.S/VINCULO;2575,61;;2575,61;212,12;2363,49;
KARILENA MESQUITA VIANA;FUNDO DE PROMOCAO SOCIAL-FPS;ASSESSOR TECNICO;ASSESSOR TECNICO; 40:00;16/01/2023;CARGO COMISSION.S/VINCULO;7000,00;;7000,00;1624,32;5375,68;
KARIME ALENCAR PONTES BESSA;CASA CIVIL;ASSESSOR I;; 40:00;03/08/2020;CARGO COMISSION.S/VINCULO;5229,77;;5229,77;914,81;4314,96;
KARLA FERREIRA DE CASTRO;CASA CIVIL;ASSESSOR I;NAO INFORMADO; 40:00;01/08/2021;CARGO COMISSION.S/VINCULO;5229,77;;5229,77;957,83;4271,94;
KAROLLINA GOMES DA SILVA PESSOA;CASA CIVIL;AGENTE ADM.-AGA-T.S.N.A.-E;FUNCAO GRATIFICADA F; 30:00;02/10/2017;ESTATUTARIO;2865,53;;2865,53;311,71;2553,82;
KATHELEN DE OLIVEIRA BRAZ SANTOS;FUNDO DE PROMOCAO SOCIAL-FPS;SECRETARIO EXECUTIVO;NAO INFORMADO; 40:00;02/01/2019;CARGO COMISSION.S/VINCULO;11700,00;;11700,00;2968,33;8731,67;
KATIA REGINA BARBOSA DE MENEZES CAR;FUNDO DE PROMOCAO SOCIAL-FPS;TEC.DE NIVEL SUPERIOR 2A CLASSE;; 30:00;18/01/1988;ESTATUTARIO;6571,55;;6571,55;1465,83;5105,72;
KATIA REGINA DE OLIVEIRA ALVES;CASA CIVIL;ASSISTENTE TECNICO GOVERNAMENTAL;FG-2 DE ASSESSORIA; 30:00;01/08/1987;ESTATUTARIO;5686,49;;5686,49;725,09;4961,40;
KATYANNE KEILA SALIM COLAÇO;FUNDO DE PROMOCAO SOCIAL-FPS;ASSESSOR TECNICO;NAO INFORMADO; 40:00;01/04/2021;CARGO COMISSION.S/VINCULO;7000,00;;7000,00;1624,32;5375,68;
KEILA CRISTIANE BATISTA DO VALLE;CASA CIVIL;ASSESSOR I;ASSESSOR I; 40:00;11/10/2022;CARGO COMISSION.S/VINCULO;5229,77;;5229,77;957,83;4271,94;
KEILA OLIVEIRA DE FREITAS;FUNDO DE PROMOCAO SOCIAL-FPS;SECRETARIO EXECUTIVO ADJUNTO;SECRETARIO EXECUTIVO; 40:00;16/01/2023;CARGO COMISSION.S/VINCULO;9000,00;;9000,00;2225,83;6774,17;
KEITY ANNY PRADO TAUMATURGO;CASA CIVIL;ASSESSOR I;NAO INFORMADO; 40:00;19/10/2018;CARGO COMISSION.S/VINCULO;5229,77;;5229,77;957,83;4271,94;
KEIVISON BRAZ GAMA;CASA CIVIL;ASSESSOR III;ASSESSOR III; 40:00;01/02/2023;CARGO COMISSION.S/VINCULO;3191,80;;3191,80;327,46;2864,34;
KELLEN CRISTINA AGUIAR DE OLIVEIRA;CASA CIVIL;ASSESSOR III;NAO INFORMADO; 40:00;17/08/2020;CARGO COMISSION.S/VINCULO;3191,80;;3191,80;327,46;2864,34;
KELLY DA SILVA COUTO;SEGOV;ASSESSOR II;ASSESSOR II; 40:00;01/02/2023;CARGO COMISSION.S/VINCULO;4209,79;;4209,79;585,61;3624,18;
KEYTE REGIANE DA SILVA BATISTA;CASA CIVIL;ASSESSOR II;NAO INFORMADO; 40:00;10/08/2021;CARGO COMISSION.S/VINCULO;4209,79;;4209,79;528,73;3681,06;
LARISSA COSTA DOS ANJOS;CASA CIVIL;ASSESSOR I;; 40:00;02/03/2015;CARGO COMISSION.S/VINCULO;7233,77;;7233,77;1508,93;5724,84;
LARISSA DA SILVA PERES;CASA CIVIL;ASSISTENTE TECNICO PNM.ANM-III;CONSULTOR TECNICO I; 30:00;01/03/2021;ESTATUTARIO;8766,97;;8766,97;1628,14;7138,83;
LARISSA MARIA LIMA MOTA;CASA CIVIL;ASSESSOR II;ASSESSOR II; 40:00;01/01/2023;CARGO COMISSION.S/VINCULO;4209,79;;4209,79;597,14;3612,65;
LARISSA MONTEFUSCO DA CRUZ CECILIO;CASA CIVIL;MEMBRO DE CONSELHO;; 20:00;01/03/2023;GRUPO DE TRABALHO;3000,00;;3000,00;27,00;2973,00;
LARISSA NAGYLA ABREU DA SILVA;FUNDO DE PROMOCAO SOCIAL-FPS;ASSESSOR TECNICO;ASSESSOR TECNICO; 40:00;16/01/2023;CARGO COMISSION.S/VINCULO;7000,00;;7000,00;1624,32;5375,68;
LARYSSA ARAUJO MULLER;CASA CIVIL;ASSESSOR TECNICO;NAO INFORMADO; 40:00;26/11/2019;CARGO COMISSION.S/VINCULO;7000,00;;7000,00;1624,32;5375,68;
LAUDETE LUCIA LAGO OSMARI;CASA CIVIL;CONSULTOR TECNICO III;NAO INFORMADO; 40:00;02/01/2019;CARGO COMISSION.S/VINCULO;5500,00;;5500,00;1059,57;4440,43;
LEANDRO RABELO DE OLIVEIRA;CASA CIVIL;ASSESSOR I;NAO INFORMADO; 40:00;30/11/2018;CARGO COMISSION.S/VINCULO;5229,77;;5229,77;957,83;4271,94;
LEIA MIRANDA DIAS;CASA CIVIL;ASSESSOR III;NAO INFORMADO; 40:00;12/06/2019;CARGO COMISSION.S/VINCULO;3191,80;;3191,80;327,46;2864,34;
LEILA MARIA RAMOS PINTO;CASA CIVIL;ASSESSOR III;ASSESSOR III; 40:00;22/08/2023;CARGO COMISSION.S/VINCULO;3191,80;;3191,80;327,46;2864,34;
LEONARDO WILSON FEITOSA MEIRELLES;CASA CIVIL;ASSESSOR II;NAO INFORMADO; 40:00;02/01/2019;CARGO COMISSION.S/VINCULO;4209,79;;4209,79;597,14;3612,65;
LIA PAULA DE SOUZA ALBUQUERQUE;CASA CIVIL;CONSULTOR TECNICO II;CONSULTOR TECNICO II; 40:00;10/11/2022;CARGO COMISSION.S/VINCULO;8666,67;;8666,67;2134,16;6532,51;
LIBNA TOBAR DO NASCIMENTO;CASA CIVIL;ASSESSOR II;NAO INFORMADO; 40:00;10/02/2021;CARGO COMISSION.S/VINCULO;4209,79;;4209,79;597,14;3612,65;
LIDIANY ARRUDA DE LIMA MORAES;CASA CIVIL;ASSESSOR II;NAO INFORMADO; 40:00;01/12/2019;CARGO COMISSION.S/VINCULO;4209,79;;4209,79;557,17;3652,62;
LIVIA MARIA MONTEIRO LINS LIMA;CASA CIVIL;CONSULTOR TEC.LEGISLATIVO;NAO INFORMADO; 40:00;18/03/2019;CARGO COMISSION.S/VINCULO;5229,77;;5229,77;957,83;4271,94;
LIVIA MARIA RODRIGUES DE O AMORIM;CASA CIVIL;ASSESSOR TECNICO;NAO INFORMADO; 40:00;15/07/2020;CARGO COMISSION.S/VINCULO;7000,00;;7000,00;1624,32;5375,68;
LOUISE OLIVEIRA BRAGA DE BRITTO;CASA CIVIL;ASSESSOR I;ASSESSOR I; 40:00;10/03/2023;CARGO COMISSION.S/VINCULO;5229,77;;5229,77;957,83;4271,94;
LUA GABRIEL ALVES SALES;CASA CIVIL;ASSESSOR IV;ASSESSOR IV; 40:00;01/01/2023;CARGO COMISSION.S/VINCULO;2575,61;;2575,61;212,12;2363,49;
LUANA CEC LIA MELO LEITE;FUNDO DE PROMOCAO SOCIAL-FPS;ASSESSOR II;; 40:00;01/02/2020;CARGO COMISSION.S/VINCULO;4209,79;;4209,79;597,14;3612,65;
LUANA DO NASCIMENTO JUCA;CASA CIVIL;CONSULTOR TECNICO II;NAO INFORMADO; 40:00;02/01/2019;CARGO COMISSION.S/VINCULO;6500,00;;6500,00;1436,07;5063,93;
LUANA SIQUEIRA DA SILVA;CASA CIVIL;ASSESSOR I;NAO INFORMADO; 40:00;02/01/2019;CARGO COMISSION.S/VINCULO;5229,77;;5229,77;957,83;4271,94;
LUCAS PITALUGA MORENO LOPES;CASA CIVIL;ASSESSOR I;ASSESSOR I; 40:00;23/06/2022;CARGO COMISSION.S/VINCULO;5229,77;;5229,77;914,81;4314,96;
LUCAS VIEIRA PEREIRA DE LUNA;CASA CIVIL;ANALISTA JURIDICO;ASSESSOR I; 40:00;01/02/2023;ESTATUTARIO;10500,00;;10500,00;2560,79;7939,21;
LUCIA CARLA DA GAMA RODRIGUES;CASA CIVIL;COORD.DA UNID.DE GESTAO INTEGRADA;COORD.DA UNID.DE GES; 40:00;01/05/2022;CARGO COMISSION.S/VINCULO;28060,00;;28060,00;7467,33;20592,67;
LUCIANA DA MOTA CASTELO CLEMENTE;SEGOV;ASSESSOR I;ASSESSOR I; 40:00;01/01/2023;CARGO COMISSION.S/VINCULO;5229,77;;5229,77;914,81;4314,96;
LUCIANA PITALUGA MORENO;CASA CIVIL;ASSESSOR I;ASSESSOR I AD 1; 40:00;01/09/2012;CARGO COMISSION.S/VINCULO;5229,77;;5229,77;957,83;4271,94;
LUCIANE AMARANTE FERREIRA PARENTE;CASA CIVIL;ASSESSOR I;ASSESSOR I; 40:00;22/08/2023;CARGO COMISSION.S/VINCULO;5229,77;;5229,77;914,81;4314,96;
LUCIANO PEREIRA DE SOUZA;CASA CIVIL;ASSESSOR I;NAO INFORMADO; 40:00;02/01/2019;CARGO COMISSION.S/VINCULO;5229,77;;5229,77;957,83;4271,94;
LUIZ ANDRE SOUTO PASSOS;CASA CIVIL;ASSESSOR III;; 40:00;02/01/2019;CARGO COMISSION.S/VINCULO;3191,80;;3191,80;327,46;2864,34;
LUIZ CLAUDIO DA SILVEIRA GOMES;CASA CIVIL;SEC.DO GAB.PESSOAL DO GOVERNADOR;SEC.DO GAB.PESSOAL D; 40:00;01/11/2022;CARGO COMISSION.S/VINCULO;28060,00;;28060,00;7467,33;20592,67;
LUIZ EDUARDO LOPES FURTADO;CASA CIVIL;CONSULTOR TECNICO II;CONSULTOR TECNICO II; 40:00;13/11/2023;CARGO COMISSION.S/VINCULO;6500,00;;6500,00;1436,07;5063,93;
LUIZ FELIPE RODRIGUES DE MOURA;CASA CIVIL;ASSESSOR III;; 40:00;18/10/2017;CARGO COMISSION.S/VINCULO;3191,80;;3191,80;327,46;2864,34;
LUIZ HERON DA SILVA BRAZ;FUNDO DE PROMOCAO SOCIAL-FPS;ASSESSOR II;NAO INFORMADO; 40:00;02/01/2019;CARGO COMISSION.S/VINCULO;4209,79;;4209,79;597,14;3612,65;
LUIZ MILTON DE BRITO GONCALVES;CASA CIVIL;ASSESSOR TECNICO;NAO INFORMADO; 40:00;29/04/2019;CARGO COMISSION.S/VINCULO;7000,00;;7000,00;1467,91;5532,09;
LUIZ PAULO GABRIEL GONCALVES SILVA;CASA CIVIL;CONSULTOR TEC.LEGISLATIVO;NAO INFORMADO; 40:00;22/07/2020;CARGO COMISSION.S/VINCULO;5229,77;;5229,77;957,83;4271,94;
LUIZA LIMA MACEDO;CASA CIVIL;A.TEC-I;FG-3 DE ASSESSORIA; 30:00;01/02/1986;ESTATUTARIO;5683,13;;5683,13;1073,50;4609,63;
LYCIA FABIOLA SANTOS DE ANDRADE;CASA CIVIL;ASSESSOR I;ASSESSOR I; 40:00;01/04/2023;CARGO COMISSION.S/VINCULO;5229,77;;5229,77;957,83;4271,94;
MAIRA COSTA PIZZETTI;CASA CIVIL;CONSULTOR TECNICO II;CONSULTOR TECNICO II; 40:00;01/10/2022;CARGO COMISSION.S/VINCULO;6500,00;;6500,00;1436,07;5063,93;
MARA DA SILVA PERSILVA;SEGOV;ASSESSOR II;ASSESSOR II; 40:00;01/01/2023;CARGO COMISSION.S/VINCULO;4209,79;;4209,79;597,14;3612,65;
MARCELA DA CUNHA CARVALHO;CASA CIVIL;ASSIST.ADMIN.-ASA-T.S.N.M.-A;ASSESSOR TECNICO; 30:00;02/01/2019;ESTATUTARIO;7000,00;;7000,00;1211,21;5788,79;
MARCELO AMORIM DOS SANTOS;SEGOV;ASSESSOR I;ASSESSOR I; 40:00;01/01/2023;CARGO COMISSION.S/VINCULO;5229,77;;5229,77;872,16;4357,61;
MARCELO DA SILVA COLARES FILHO;CASA CIVIL;ASSESSOR II;ASSESSOR II; 40:00;01/01/2023;CARGO COMISSION.S/VINCULO;4209,79;;4209,79;597,14;3612,65;
MARCELO NORMANDO BARBOSA;CASA CIVIL;ASSESSOR III;ASSESSOR III; 40:00;01/01/2023;CARGO COMISSION.S/VINCULO;3191,80;;3191,80;327,46;2864,34;
MARCIA AUGUSTA DE SOUZA;CASA CIVIL;A.TEC-II;CONSULTOR TECNICO LE; 30:00;01/01/2023;ESTATUTARIO;7835,46;;7835,46;1636,31;6199,15;
MARCIA CRISTINA OLIVEIRA DA COSTA;CASA CIVIL;TECNICO GOVERNAMENTAL;FUNCAO GRATIFICADA F; 30:00;01/03/1994;ESTATUTARIO;7652,89;;7652,89;1752,75;5900,14;
MARCIA ROBERTA LIMA BEZERRA;CASA CIVIL;ASSESSOR I;NAO INFORMADO; 40:00;02/01/2019;CARGO COMISSION.S/VINCULO;5229,77;;5229,77;872,16;4357,61;
MARCIO AYDEN SIMOES DE OLIVEIRA;FUNDO DE PROMOCAO SOCIAL-FPS;ASSESSOR TECNICO;NAO INFORMADO; 40:00;23/01/2020;CARGO COMISSION.S/VINCULO;7000,00;;7000,00;1624,32;5375,68;
MARCIO FERREIRA DA ROCHA;CASA CIVIL;ASSESSOR TECNICO;ASSESSOR TECNICO; 40:00;22/08/2023;CARGO COMISSION.S/VINCULO;7000,00;;7000,00;1624,32;5375,68;
MARCO AURELIO DE FREITAS GUIMARAES;CASA CIVIL;TECNICO GOVERNAMENTAL;FG-3 ASSESSORIA; 30:00;01/05/1988;ESTATUTARIO;7248,22;;7248,22;1643,24;5604,98;
MARCO AURELIO FEIO DE A CERVEIRA;CASA CIVIL;ASSESSOR I;NAO INFORMADO; 40:00;20/02/2020;CARGO COMISSION.S/VINCULO;5229,77;;5229,77;957,83;4271,94;
MARCOS ANTONIO PAIXAO FEITOZA;CASA CIVIL;ASSESSOR I;ASSESSOR I; 40:00;01/04/2022;CARGO COMISSION.S/VINCULO;5229,77;;5229,77;957,83;4271,94;
MARCOS PAULO BARBOSA DE OLIVEIRA;CASA CIVIL;ASSESSOR I;; 40:00;01/05/2016;CARGO COMISSION.S/VINCULO;5229,77;;5229,77;957,83;4271,94;
MARCUS ANTONIO DA ROCHA;CASA CIVIL;ASSESSOR I;; 40:00;01/09/2016;CARGO COMISSION.S/VINCULO;5229,77;;5229,77;957,83;4271,94;
MARCUS VINICIUS LIMA DA COSTA;CASA CIVIL;TECNICO-TEC-T.S.N.S.-A;CONSULTOR TECNICO II; 30:00;30/11/2023;ESTATUTARIO;7221,01;;7221,01;1674,23;5546,78;
MARIA ANGELITA DA COSTA RIBEIRO;FUNDO DE PROMOCAO SOCIAL-FPS;ASSESSOR II;ASSESSOR II; 40:00;01/01/2023;CARGO COMISSION.S/VINCULO;4209,79;;4209,79;597,14;3612,65;
MARIA CATARINA RODRIGUES PESSOA;CASA CIVIL;ASSESSOR I;ASSESSOR I; 40:00;01/05/2022;CARGO COMISSION.S/VINCULO;5229,77;;5229,77;957,83;4271,94;
MARIA CLARA BENTES LIMA;CASA CIVIL;ASSESSOR I;NAO INFORMADO; 40:00;01/10/2021;CARGO COMISSION.S/VINCULO;9229,77;;9229,77;2057,83;7171,94;
MARIA CLAUDIA MAGRO DE OLIVEIRA;CASA CIVIL;CHEFE DE DEPARTAMENTO;NAO INFORMADO; 40:00;02/01/2019;CARGO COMISSION.S/VINCULO;5229,77;;5229,77;957,83;4271,94;
MARIA CONCEBIDA DE ARAUJO LEAL;CASA CIVIL;CHEFE DE DEPARTAMENTO;CHEFE DE DEPARTAMENT; 40:00;16/01/2023;CARGO COMISSION.S/VINCULO;5229,77;;5229,77;957,83;4271,94;
MARIA DA CONCEICAO COSTA PIRES;CASA CIVIL;A.TEC-I;CONSULTOR TECNICO II; 30:00;01/04/1974;ESTATUTARIO;11010,29;;11010,29;2855,46;8154,83;
MARIA DAS GRACAS BENAYON DA SILVA;CASA CIVIL;A.SOC-I;FG-1; 30:00;01/08/1976;ESTATUTARIO;9338,35;;9338,35;2300,84;7037,51;
MARIA DAS GRACAS SOARES BORGES;CASA CIVIL;ASSISTENTE TECNICO 3A CLASSE;FG-1; 30:00;01/07/1973;ESTATUTARIO;6714,79;;6714,79;1072,76;5642,03;
MARIA DE JESUS GUIMARAES SILVA PAES;FUNDO DE PROMOCAO SOCIAL-FPS;ASSESSOR TECNICO;ASSESSOR TECNICO; 40:00;01/06/2022;CARGO COMISSION.S/VINCULO;7000,00;;7000,00;1624,32;5375,68;
MARIA DO CARMO CRISTO SOTTO MAYOR F;CASA CIVIL;CONSULTOR ESPECIAL;; 30:00;02/02/1994;ESTATUTARIO;33768,79;;33768,79;11828,99;21939,80;
MARIA DO PERPETUO SOCORRO BANDEIRA;CASA CIVIL;ASSISTENTE TECNICO GOVERNAMENTAL;FG-1 ASSESSORIA; 30:00;16/03/1987;ESTATUTARIO;6196,47;;6196,47;866,57;5329,90;
MARIA DO PERPETUO SOCORRO RODRIGUES;CASA CIVIL;ASSESSOR III;NAO INFORMADO; 40:00;27/07/2020;CARGO COMISSION.S/VINCULO;3191,80;;3191,80;327,46;2864,34;
MARIA DO SOCORRO BRITO VASCONCELOS;CASA CIVIL;ASSESSOR I;NAO INFORMADO; 40:00;02/01/2019;CARGO COMISSION.S/VINCULO;5229,77;;5229,77;957,83;4271,94;
MARIA DO SOCORRO FERREIRA CALDERARO;CASA CIVIL;ASSISTENTE TECNICO GOVERNAMENTAL;FG-2 DE ASSESSORIA; 30:00;01/08/1987;ESTATUTARIO;5686,49;;5686,49;725,09;4961,40;
MARIA EDUARDA ALMEIDA BARROS;FUNDO DE PROMOCAO SOCIAL-FPS;ASSESSOR II;ASSESSOR II; 40:00;16/01/2023;CARGO COMISSION.S/VINCULO;4209,79;;4209,79;597,14;3612,65;
MARIA ELENILDA RODRIGUES S LEANDRO;CASA CIVIL;ASSESSOR II;ASSESSOR II; 40:00;06/02/2023;CARGO COMISSION.S/VINCULO;4209,79;;4209,79;597,14;3612,65;
MARIA ELIZETE PAULINO PINTO;CASA CIVIL;ASSESSOR II;NAO INFORMADO; 40:00;24/07/2020;CARGO COMISSION.S/VINCULO;4209,79;;4209,79;597,14;3612,65;
MARIA EMILIA PESSOA DOS SANTOS;CASA CIVIL;ASSISTENTE TECNICO;FG-1 ASSESSORIA; 30:00;01/04/1976;ESTATUTARIO;6623,70;;6623,70;1019,40;5604,30;
MARIA FLAVIA RAPOSO DA CAMARA GOMES;CASA CIVIL;ASSESSOR I;ASSESSOR I; 40:00;19/04/2023;CARGO COMISSION.S/VINCULO;5229,77;;5229,77;957,83;4271,94;
MARIA FREIRE DE SOUZA;CASA CIVIL;ASSESSOR I;NAO INFORMADO; 40:00;02/01/2019;CARGO COMISSION.S/VINCULO;5229,77;;5229,77;957,83;4271,94;
MARIA GORETH DOS SANTOS VIEIRA;CASA CIVIL;SECRETARIO EXECUTIVO;NAO INFORMADO; 40:00;07/07/2020;DISP. OUTROS ESFERAS;11700,00;;11700,00;2187,34;9512,66;
MARIA HELENA STONE ARNOUD DA ROSA;CASA CIVIL;ASSESSOR II;ASSESSOR II; 40:00;01/01/2023;DISP. OUTROS ESFERAS;4000,00;;4000,00;150,40;3849,60;
MARIA INEZ MOREIRA DE AZEVEDO;CASA CIVIL;ASSESSOR II;NAO INFORMADO; 40:00;02/01/2019;CARGO COMISSION.S/VINCULO;4209,79;;4209,79;597,14;3612,65;
MARIA JOSE FREITAS CARLOS;CASA CIVIL;C.TEC.L-U;; 30:00;09/06/1975;ESTATUTARIO;30850,75;;30850,75;10345,80;20504,95;
MARIA LUIZA DE ALMEIDA SAN MARTIN;CASA CIVIL;A.TEC-I;; 30:00;04/06/1984;ESTATUTARIO;3897,48;;3897,48;678,02;3219,46;
MARIA NAZARE DE AGUILA;CASA CIVIL;ASSISTENTE TECNICO;CHEFE DE CERIMONIAL; 30:00;24/02/2023;ESTATUTARIO;9900,00;;9900,00;1692,34;8207,66;
MARIA SANTOS DA SILVA;CASA CIVIL;ASSESSOR III;NAO INFORMADO; 40:00;02/01/2019;CARGO COMISSION.S/VINCULO;3191,80;;3191,80;327,46;2864,34;
MARIA SOCORRO DE SOUSA;CASA CIVIL;ASSISTENTE TECNICO GOVERNAMENTAL;FG-3; 30:00;01/08/1987;ESTATUTARIO;5016,53;;5016,53;548,44;4468,09;
MARIA TEREZINHA RIBEIRO COUTINHO;CASA CIVIL;ASSESSOR I;ASSESSOR I; 40:00;01/01/2023;CARGO COMISSION.S/VINCULO;5229,77;;5229,77;957,83;4271,94;
MARIANA HAGGE MOURAO;CASA CIVIL;ASSESSOR I;; 40:00;19/07/2018;CARGO COMISSION.S/VINCULO;5229,77;;5229,77;957,83;4271,94;
MARIETHEL BASTOS RODRIGUES;CASA CIVIL;PROFESSOR;ASSESSOR I; 20:00;20/03/2023;ESTATUTARIO;7564,59;;7564,59;1409,14;6155,45;
MARINETE DE CASTRO PERDIGAO;CASA CIVIL;A.TEC-I;; 30:00;23/09/1983;ESTATUTARIO;4574,85;;4574,85;813,02;3761,83;
MARINILDES DA SILVEIRA FORTES;CASA CIVIL;A.TEC-I;FG-1 ASSESSORIA; 30:00;01/02/1982;ESTATUTARIO;9130,24;;9130,24;2225,08;6905,16;
MARIO ADOLFO ARYCE DE CASTRO;CASA CIVIL;TECNICO;; 30:00;01/03/1988;ESTATUTARIO;5270,37;;5270,37;1105,94;4164,43;
MARIO CABRAL DE HOLANDA;CASA CIVIL;MOT-I;; 30:00;01/01/1973;ESTATUTARIO;4343,12;;4343,12;613,26;3729,86;
MARIO CELIO FERREIRA DE C ALVES;CASA CIVIL;CONSULTOR TECNICO III;; 40:00;31/07/2018;CARGO COMISSION.S/VINCULO;5500,00;;5500,00;962,28;4537,72;
MARIO CESAR DOS SANTOS BRANDAO FILH;CASA CIVIL;ASSESSOR I;; 40:00;19/04/2017;CARGO COMISSION.S/VINCULO;5229,77;;5229,77;957,83;4271,94;
MARIO FERREIRA SAID NETO;CASA CIVIL;ASSESSOR II;ASSESSOR II; 40:00;23/08/2023;CARGO COMISSION.S/VINCULO;4209,79;;4209,79;597,14;3612,65;
MARIO SERGIO DE SOUZA MOURA JUNIOR;CASA CIVIL;ASSESSOR I;NAO INFORMADO; 40:00;01/10/2019;CARGO COMISSION.S/VINCULO;5229,77;;5229,77;957,83;4271,94;
MARKILZE ALVES PEREIRA;CASA CIVIL;SECRETARIO PARTICULAR;NAO INFORMADO; 40:00;05/11/2019;CARGO COMISSION.S/VINCULO;28060,00;;28060,00;7467,33;20592,67;
MARLICE OLIVEIRA MAR;FUNDO DE PROMOCAO SOCIAL-FPS;ASSESSOR I;ASSESSOR I; 40:00;01/02/2023;CARGO COMISSION.S/VINCULO;5229,77;;5229,77;957,83;4271,94;
MARLUCIA MOURA BATISTA;CASA CIVIL;ASSISTENTE TECNICO GOVERNAMENTAL;FG-1 ASSESSORIA; 30:00;18/03/1993;ESTATUTARIO;5986,28;;5986,28;806,32;5179,96;
MATHEUS ENCARNACAO DE MORAIS;CASA CIVIL;ASSESSOR I;ASSESSOR I; 40:00;01/01/2023;CARGO COMISSION.S/VINCULO;5229,77;;5229,77;957,83;4271,94;
MATHILDE ESTHER BEMERGUY EZAGUY;CASA CIVIL;ASSESSOR I;; 40:00;02/01/2018;CARGO COMISSION.S/VINCULO;5229,77;;5229,77;957,83;4271,94;
MAURICIO DA GAMA MONTEIRO;CASA CIVIL;CONSULTOR TECNICO I;CONS.TECNICO I; 40:00;22/11/2011;CARGO COMISSION.S/VINCULO;7500,00;;7500,00;1812,57;5687,43;
MAURO FRANCISCO DE OLIVEIRA;FUNDO DE PROMOCAO SOCIAL-FPS;ASSESSOR II;ASSESSOR II; 40:00;19/07/2023;CARGO COMISSION.S/VINCULO;4209,79;;4209,79;597,14;3612,65;
MAXIMILIANO FRANCISCO LOPES NETO;CASA CIVIL;CONSULTOR TECNICO II;CONSULTOR TECNICO II; 40:00;01/03/2023;CARGO COMISSION.S/VINCULO;6500,00;;6500,00;1436,07;5063,93;
MAYAH MAIA DOS SANTOS;FUNDO DE PROMOCAO SOCIAL-FPS;ASSESSOR I;ASSESSOR I; 40:00;02/05/2023;CARGO COMISSION.S/VINCULO;5229,77;;5229,77;957,83;4271,94;
MAYARA TAVARES MARQUES;CASA CIVIL;ASSESSOR I;ASSESSOR I; 40:00;06/02/2023;CARGO COMISSION.S/VINCULO;5229,77;;5229,77;957,83;4271,94;
MELICIA CHAGAS MACIEL;CASA CIVIL;ASSESSOR II;ASSESSOR II; 40:00;01/01/2023;CARGO COMISSION.S/VINCULO;4209,79;;4209,79;597,14;3612,65;
MIRIAM RODRIGUES MOTA;CASA CIVIL;ASSESSOR I;NAO INFORMADO; 40:00;05/10/2020;CARGO COMISSION.S/VINCULO;5229,77;;5229,77;914,81;4314,96;
MIRIAN CAMPOS ADVINCULA;CASA CIVIL;ASSESSOR III;ASSESSOR III; 40:00;08/11/2022;CARGO COMISSION.S/VINCULO;3191,80;;3191,80;327,46;2864,34;
MIZAEL VITOR VALE REIS;CASA CIVIL;ASSESSOR I;NAO INFORMADO; 40:00;01/10/2021;CARGO COMISSION.S/VINCULO;5229,77;;5229,77;957,83;4271,94;
MONICA BASTOS CASTRO;CASA CIVIL;CONSULTOR TECNICO II;CONSULTOR TECNICO II; 40:00;06/02/2023;CARGO COMISSION.S/VINCULO;6500,00;;6500,00;1436,07;5063,93;
MONICA CAMARA DE ALENCAR BRASIL;CASA CIVIL;CONSULTOR TECNICO II;NAO INFORMADO; 40:00;02/01/2019;CARGO COMISSION.S/VINCULO;6500,00;;6500,00;1436,07;5063,93;
MONICA GOMES DA SILVA DIAS;CASA CIVIL;CONSULTOR TECNICO III;NAO INFORMADO; 40:00;02/01/2019;CARGO COMISSION.S/VINCULO;5500,00;;5500,00;962,28;4537,72;
MONICA SOARES GUIMARAES;CASA CIVIL;ASSESSOR I;ASSESSOR I; 40:00;01/01/2023;CARGO COMISSION.S/VINCULO;5229,77;;5229,77;957,83;4271,94;
MURILO CAVALCANTI CAMPOS;CASA CIVIL;A.TEC-I;FG-2 DE ASSESSORIA; 40:00;07/08/1978;ESTATUTARIO;6363,07;;6363,07;1262,26;5100,81;
NADIA MARIA GAMA PEREIRA;CASA CIVIL;A.TEC-II;; 30:00;15/07/1996;ESTATUTARIO;3655,15;;3655,15;610,39;3044,76;
NARA IDELFONSO SOUTO;CASA CIVIL;CONSULTOR TECNICO II;CONSULTOR TECNICO II; 40:00;10/11/2022;CARGO COMISSION.S/VINCULO;6500,00;;6500,00;1383,93;5116,07;
NATAL SOARES LEANDRO DA SILVA;FUNDO DE PROMOCAO SOCIAL-FPS;ASSESSOR I;; 40:00;01/04/2015;CARGO COMISSION.S/VINCULO;5229,77;;5229,77;839,80;4389,97;
NATALIA LIMA DE ALMEIDA;CASA CIVIL;ASSESSOR TECNICO;ASSESSOR TECNICO; 40:00;01/05/2022;CARGO COMISSION.S/VINCULO;7000,00;;7000,00;1624,32;5375,68;
NATALIA MARIA MAIA MATOS;CASA CIVIL;ASSESSOR II;ASSESSOR II; 40:00;01/04/2023;CARGO COMISSION.S/VINCULO;4209,79;;4209,79;585,61;3624,18;
NATASHA DE OLIVEIRA FRANCO;FUNDO DE PROMOCAO SOCIAL-FPS;ASSESSOR TECNICO;NAO INFORMADO; 40:00;17/03/2021;CARGO COMISSION.S/VINCULO;7000,00;;7000,00;1624,32;5375,68;
NAYARA DA SILVA RODRIGUES;CASA CIVIL;ASSESSOR TECNICO;NAO INFORMADO; 40:00;01/12/2019;CARGO COMISSION.S/VINCULO;7000,00;;7000,00;1572,18;5427,82;
NAZARE DO SOCORRO PINTO DE ALMEIDA;CASA CIVIL;A.TEC-I;FG-2 DE ASSESSORIA; 30:00;01/03/1985;ESTATUTARIO;5665,90;;5665,90;1003,27;4662,63;
NICOLE DE QUEIROZ SILVA;FUNDO DE PROMOCAO SOCIAL-FPS;ASSESSOR I;ASSESSOR I; 40:00;31/01/2022;CARGO COMISSION.S/VINCULO;5229,77;;5229,77;957,83;4271,94;
NILCE MARIA BARTHOLO DE BIASI;FUNDO DE PROMOCAO SOCIAL-FPS;ASSESSOR II;NAO INFORMADO; 40:00;01/06/2020;CARGO COMISSION.S/VINCULO;4209,79;;4209,79;597,14;3612,65;
NILCILENE DE LIMA TAVARES;CASA CIVIL;ASSESSOR III;; 40:00;16/03/2017;CARGO COMISSION.S/VINCULO;3191,80;;3191,80;327,46;2864,34;
NIRVANA DE JESUS PRADO DE N COMB;CASA CIVIL;AGENTE ADM.-AGA-T.S.N.A.-E;SECRETARIO EXECUTIVO; 30:00;02/01/2019;ESTATUTARIO;9000,00;;9000,00;1739,64;7260,36;
NISSIM FIGUEIRA BENOLIEL;CASA CIVIL;A.TEC-II;FG-1; 30:00;15/07/1996;ESTATUTARIO;6016,90;;6016,90;823,16;5193,74;
NIXON ALVES DE MELO;CASA CIVIL;ASSESSOR II;ASSESSOR II; 40:00;01/05/2022;CARGO COMISSION.S/VINCULO;4209,79;;4209,79;597,14;3612,65;
ORLEYLSON DOS SANTOS LIMA;FUNDO DE PROMOCAO SOCIAL-FPS;ASSESSOR TECNICO;ASSESSOR TECNICO; 40:00;16/01/2023;CARGO COMISSION.S/VINCULO;7000,00;;7000,00;1624,32;5375,68;
OSMAN RIBEIRO DE ARAUJO FILHO;CASA CIVIL;A.TEC-I;FG-3 DE ASSESSORIA; 30:00;01/08/1984;ESTATUTARIO;5683,13;;5683,13;950,72;4732,41;
PATRICIA DIAS GOES;CASA CIVIL;CONSULTOR TECNICO II;; 40:00;15/06/2018;CARGO COMISSION.S/VINCULO;6500,00;;6500,00;1383,93;5116,07;
PATRICIA GOMES BARTOLOTTI CHAVES;CASA CIVIL;JORNALISTA;; 30:00;29/03/1993;ESTATUTARIO;5674,22;;5674,22;1199,25;4474,97;
PATRICIA KELLEM MADDY PEREIRA;CASA CIVIL;ASSESSOR TECNICO;ASSESSOR TECNICO; 40:00;01/01/2023;CARGO COMISSION.S/VINCULO;7000,00;;7000,00;1572,18;5427,82;
PATRICIA VIEIRA BRANDAO DA SILVA;CASA CIVIL;ASSESSOR II;NAO INFORMADO; 40:00;02/01/2019;CARGO COMISSION.S/VINCULO;4209,79;;4209,79;557,17;3652,62;
PAULO HENRIQUE BEZERRA DE MELO;CASA CIVIL;ASSESSOR III;ASSESSOR III; 40:00;01/02/2023;CARGO COMISSION.S/VINCULO;6191,80;;6191,80;958,66;5233,14;
PAULO ROBERTO FIGUEIREDO DE CASTRO;CASA CIVIL;TNS-II;; 30:00;14/02/1978;ESTATUTARIO;6584,85;;6584,85;1281,61;5303,24;
PAULO SEIXAS DA SILVA;FUNDO DE PROMOCAO SOCIAL-FPS;ASSESSOR II;NAO INFORMADO; 40:00;02/01/2019;CARGO COMISSION.S/VINCULO;4209,79;;4209,79;597,14;3612,65;
PAULO SERGIO PAES LESSA;CASA CIVIL;A.TEC-I;FG-1 DE ASSESSORIA; 30:00;01/06/1973;ESTATUTARIO;8052,02;;8052,02;1849,24;6202,78;
PEDRO HENRIQUE BARROS DE SENA;CASA CIVIL;CONSULTOR TECNICO III;; 40:00;22/07/2020;CARGO COMISSION.S/VINCULO;7486,10;;7486,10;2933,32;4552,78;
PERICLES PINHO DE LIMA;CASA CIVIL;ASSESSOR II;ASSESSOR II; 40:00;01/01/2023;CARGO COMISSION.S/VINCULO;4209,79;;4209,79;597,14;3612,65;
PITAGORAS MARQUES ALENCAR;FUNDO DE PROMOCAO SOCIAL-FPS;ASSESSOR II;ASSESSOR II; 40:00;20/06/2022;CARGO COMISSION.S/VINCULO;4209,79;;4209,79;597,14;3612,65;
PRISCILLA ATALA MAGALHAES;CASA CIVIL;SECRETARIO EXECUTIVO;NAO INFORMADO; 40:00;02/01/2019;DISP. OUTROS ESFERAS;11700,00;;11700,00;2187,34;9512,66;
RAFAELA FURTADO BRITO LIMA;CASA CIVIL;ASSESSOR II;ASSESSOR II; 40:00;01/11/2022;CARGO COMISSION.S/VINCULO;4209,79;;4209,79;597,14;3612,65;
RAFAELLA TELES MADDY;CASA CIVIL;ASSESSOR I;ASSESSOR I; 40:00;01/01/2023;CARGO COMISSION.S/VINCULO;5229,77;;5229,77;914,81;4314,96;
RAIMUNDO EDSON SANTOS LOPES;CASA CIVIL;ASSESSOR II;NAO INFORMADO; 40:00;02/01/2019;CARGO COMISSION.S/VINCULO;4209,79;;4209,79;597,14;3612,65;
RAIMUNDO JOSE BRANDAO DO NASCIMENTO;CASA CIVIL;ASSISTENTE TECNICO GOVERNAMENTAL;FG-1 CHEFE S PESSOAL; 30:00;23/03/1990;ESTATUTARIO;5986,28;;5986,28;806,32;5179,96;
RAIMUNDO JOSE GADELHA DE ASSIS;CASA CIVIL;A.TEC-I;FG-3; 30:00;01/10/1997;ESTATUTARIO;5703,07;;5703,07;1080,76;4622,31;
RAIMUNDO NONATO DA SILVA;CASA CIVIL;MOT-I;; 30:00;13/06/1986;ESTATUTARIO;4230,10;;4230,10;445,63;3784,47;
RAISSA BARROS DE JESUS SODRE;CASA CIVIL;ASSESSOR I;; 40:00;28/01/2014;CARGO COMISSION.S/VINCULO;5229,77;;5229,77;957,83;4271,94;
RAISSA CAVALCANTE DA SILVA;SEGOV;MEMBRO;; 20:00;01/05/2023;GRUPO DE TRABALHO;2004,00;;2004,00;;2004,00;
RALIME GRECIA DA SILVA;CASA CIVIL;A.TEC-I;FUNCAO GRATIFICADA F; 30:00;31/03/1986;ESTATUTARIO;6870,61;;6870,61;1402,50;5468,11;
RAPHAEL CARRICO DE AGUIAR;CASA CIVIL;ASSESSOR I;NAO INFORMADO; 40:00;01/03/2021;CARGO COMISSION.S/VINCULO;5229,77;;5229,77;957,83;4271,94;
RAPHAEL CONCEICAO ROQUE;CASA CIVIL;ASSESSOR III;ASSESSOR III; 40:00;22/08/2023;CARGO COMISSION.S/VINCULO;3191,80;;3191,80;327,46;2864,34;
RAQUEL SILVA CAMPOS;CASA CIVIL;ASSESSOR I;ASSESSOR I; 40:00;01/01/2023;CARGO COMISSION.S/VINCULO;5229,77;;5229,77;914,81;4314,96;
RAYAN CARVALHO DA SILVA;CASA CIVIL;ASSESSOR II;ASSESSOR II; 40:00;01/02/2023;CARGO COMISSION.S/VINCULO;4209,79;;4209,79;597,14;3612,65;
REBECCA BEATRIZ FIGUEIRA ARRAEZ;CASA CIVIL;SECRETARIO EXECUTIVO;SECRETARIO EXECUTIVO; 40:00;17/08/2023;CARGO COMISSION.S/VINCULO;14700,00;;14700,00;3793,33;10906,67;
REBEKAH PESSOA REIS AGUIAR ALVES;CASA CIVIL;ASSESSOR I;ASSESSOR I; 40:00;24/04/2023;CARGO COMISSION.S/VINCULO;5229,77;;5229,77;957,83;4271,94;
REGINA COELI BARRETO LIMA E SILVA;CASA CIVIL;A.TEC-I;FG-1 CHEFE DE SETOR; 30:00;01/08/1974;ESTATUTARIO;7566,58;;7566,58;1655,85;5910,73;
REGINA COELI BRITO DOS SANTOS;CASA CIVIL;A.TEC-I;FG-1 ASSESSORIA; 30:00;01/03/1976;ESTATUTARIO;10269,56;;10269,56;2639,84;7629,72;
REGINALDO PIMENTEL DE ALMEIDA;CASA CIVIL;ASSESSOR I;NAO INFORMADO; 40:00;01/12/2019;CARGO COMISSION.S/VINCULO;5229,77;;5229,77;957,83;4271,94;
REINALDO JOSE RODER FILHO;FUNDO DE PROMOCAO SOCIAL-FPS;ASSESSOR I;ASSESSOR I; 40:00;27/09/2022;CARGO COMISSION.S/VINCULO;5229,77;;5229,77;957,83;4271,94;
REINALDO SILVA DE QUEIROZ;CASA CIVIL;AUX.S.G-III;FG-3 DE ASSESSORIA; 30:00;21/06/2006;ESTATUTARIO;4708,36;;4708,36;599,77;4108,59;
REJANE MARIA DE ARAUJO;UNID.DE GESTAO INTEGRADA - UGI;ASSESSOR I;ASSESSOR I; 40:00;01/01/2023;CARGO COMISSION.S/VINCULO;5229,77;;5229,77;957,83;4271,94;
RENAN DIAS DE MEDEIROS;CASA CIVIL;ASSESSOR I;NAO INFORMADO; 40:00;02/01/2019;CARGO COMISSION.S/VINCULO;5229,77;;5229,77;872,16;4357,61;
RENATA DE PAULA E SILVA;CASA CIVIL;CONSULTOR TECNICO LEGISLATIVO III;CONSULTOR TECNICO LE; 40:00;13/11/2023;CARGO COMISSION.S/VINCULO;5500,00;;5500,00;1059,57;4440,43;
RICARDINA MARIA MENEZES DOS SANTOS;CASA CIVIL;TNS-I;TEC DE NIV SUPERIOR; 30:00;01/11/1983;ESTATUTARIO;9456,92;;9456,92;2557,69;6899,23;
RISEUDA NASCIMENTO DE MOURA;CASA CIVIL;ASSESSOR I;ASSESSOR I; 40:00;01/01/2023;CARGO COMISSION.S/VINCULO;5229,77;;5229,77;957,83;4271,94;
RITA DE CASSIA DOS SANTOS GONCALVES;CASA CIVIL;A.TEC-I;; 30:00;30/07/1982;ESTATUTARIO;4625,40;;4625,40;829,21;3796,19;
ROBERTO ALENCAR DOS SANTOS;CASA CIVIL;AUX.S.G-I;FG-2; 30:00;19/02/1976;ESTATUTARIO;5853,55;;5853,55;880,59;4972,96;
ROBINE PEREIRA GUIMARAES DE FREITAS;CASA CIVIL;ASSESSOR I;NAO INFORMADO; 40:00;13/09/2019;CARGO COMISSION.S/VINCULO;5229,77;;5229,77;957,83;4271,94;
RODRIGO DE MOURA MOTA;CASA CIVIL;ASSESSOR I;NAO INFORMADO; 40:00;01/08/2021;CARGO COMISSION.S/VINCULO;5229,77;;5229,77;957,83;4271,94;
ROGERIO CAMPOS DA SILVA;CASA CIVIL;ASSESSOR II;NAO INFORMADO; 40:00;02/01/2019;CARGO COMISSION.S/VINCULO;4209,79;;4209,79;528,67;3681,12;
ROGERIO DE ARAUJO BARBOZA;CASA CIVIL;CHEFE ADJUNTO DA CTL;; 40:00;09/03/2015;CARGO COMISSION.S/VINCULO;9000,00;;9000,00;2225,83;6774,17;
ROSA MARIA SIMOES ALVES DA SILVA;CASA CIVIL;C.TEC.L-U;; 30:00;21/05/1974;ESTATUTARIO;38549,17;;38549,17;13148,29;25400,88;
ROSE LENE SERPA DOS SANTOS;CASA CIVIL;ASSESSOR II;; 40:00;14/03/2017;CARGO COMISSION.S/VINCULO;4209,79;;4209,79;597,14;3612,65;
ROSELIA RODRIGUES SALDANHA;CASA CIVIL;ASSESSOR I;ASSESSOR I; 40:00;13/06/2023;CARGO COMISSION.S/VINCULO;5229,77;;5229,77;957,83;4271,94;
ROSENALDO ROCHA;CASA CIVIL;A.TEC-I;FG-2 ASSESSORIA; 30:00;01/01/1986;ESTATUTARIO;5619,09;;5619,09;1004,63;4614,46;
ROSIMEIRE MEDEIROS A GONCALVES;CASA CIVIL;ASSESSOR I;NAO INFORMADO; 40:00;01/02/2019;CARGO COMISSION.S/VINCULO;5229,77;;5229,77;957,83;4271,94;
ROSINEIA NASCIMENTO DE MOURA;FUNDO DE PROMOCAO SOCIAL-FPS;ASSESSOR II;ASSESSOR II; 40:00;01/01/2023;CARGO COMISSION.S/VINCULO;4209,79;;4209,79;597,14;3612,65;
ROSINEIDE D ASSUMPCAO BEZERRA;CASA CIVIL;ASSESSOR I;NAO INFORMADO; 40:00;08/11/2019;CARGO COMISSION.S/VINCULO;5229,77;;5229,77;957,83;4271,94;
ROSIVAN NASCIMENTO DE MOURA;CASA CIVIL;ASSESSOR I;NAO INFORMADO; 40:00;02/01/2019;CARGO COMISSION.S/VINCULO;5229,77;;5229,77;957,83;4271,94;
RUBEM CELANDRO DE SOUZA GUIMARAES;CASA CIVIL;A.TEC-I;FG-1 ASSESSORIA; 30:00;17/04/1978;ESTATUTARIO;4463,07;;4463,07;736,51;3726,56;
RUBENS GONCALVES BRITO;CASA CIVIL;CONSULTOR TECNICO III;CONSULTOR TECNICO II; 40:00;01/01/2023;CARGO COMISSION.S/VINCULO;5500,00;;5500,00;1059,57;4440,43;
SABRINA PESSOA LOBO;CASA CIVIL;ASSESSOR II;ASSESSOR II; 40:00;01/01/2023;CARGO COMISSION.S/VINCULO;4209,79;;4209,79;597,14;3612,65;
SAHMIA MARINHO ABDEL AZIZ;CASA CIVIL;ASSESSOR I;ASSESSOR I; 40:00;17/03/2022;CARGO COMISSION.S/VINCULO;5229,77;;5229,77;872,16;4357,61;
SALUA PAVAO DA SILVA;CASA CIVIL;SECRETARIO EXECUTIVO ADJUNTO;NAO INFORMADO; 40:00;02/01/2019;CARGO COMISSION.S/VINCULO;9000,00;;9000,00;1666,96;7333,04;
SAMUEL ARTUR MAIA MENDES;SEGOV;CHEFE DE GABINETE;CHEFE DE GABINETE; 40:00;07/08/2023;CARGO COMISSION.S/VINCULO;5229,77;;5229,77;957,83;4271,94;
SAMUEL CARVALHO DE SOUZA;CASA CIVIL;MEMBRO DE CONSELHO;; 20:00;01/03/2023;GRUPO DE TRABALHO;5000,00;;5000,00;354,47;4645,53;
SEBASTIAO LUIZ DE LIMA;CASA CIVIL;A.TEC-I;FG-1 CHEFE DE SETOR; 30:00;01/12/1975;ESTATUTARIO;10278,36;;10278,36;2643,04;7635,32;
SEILANI NOGUEIRA ALMENDROS OLIVEIRA;CASA CIVIL;ASSESSOR TECNICO;ASSESSOR TECNICO; 40:00;01/11/2023;CARGO COMISSION.S/VINCULO;7000,00;;7000,00;1624,32;5375,68;
SERGIO ALEXANDRE NASCIMENTO RIBEIRO;CASA CIVIL;ASSESSOR TECNICO;ASSESSOR TECNICO; 40:00;01/11/2022;CARGO COMISSION.S/VINCULO;7000,00;;7000,00;1624,32;5375,68;
SERGIO DE LIMA MACHADO;CASA CIVIL;ASSESSOR CONTABIL;ASSESSOR CONTABIL; 40:00;01/01/2011;CARGO COMISSION.S/VINCULO;6500,00;;6500,00;1383,93;5116,07;
SERGIO PAULO MONTEIRO LITAIFF FILHO;CASA CIVIL;SECRETARIO DE GOVERNO;SECRETARIO DE GOVERN; 40:00;11/04/2022;CARGO COMISSION.S/VINCULO;35060,00;;35060,00;9392,33;25667,67;
SIDNEY DE SOUZA CABRAL;CASA CIVIL;ASSESSOR III;NAO INFORMADO; 40:00;04/06/2019;CARGO COMISSION.S/VINCULO;3191,80;;3191,80;327,46;2864,34;
SIGRID RAMOS CETRARO;CASA CIVIL;CONSULTOR TECNICO III;CONSULTOR TECNICO II; 40:00;01/07/2023;CARGO COMISSION.S/VINCULO;5500,00;;5500,00;1059,57;4440,43;
SILVANA SILVA DE SOUSA;CASA CIVIL;ASSESSOR II;NAO INFORMADO; 40:00;12/05/2021;CARGO COMISSION.S/VINCULO;4209,79;;4209,79;585,61;3624,18;
SIMONE MAIA AFONSO;CASA CIVIL;ASSESSOR I;ASSESSOR I; 40:00;01/01/2023;CARGO COMISSION.S/VINCULO;5229,77;;5229,77;957,83;4271,94;
SOLANGE DE OLIVEIRA CARDOSO;CASA CIVIL;ASSESSOR II;ASSESSOR II; 40:00;27/09/2022;CARGO COMISSION.S/VINCULO;4209,79;;4209,79;597,14;3612,65;
SOLANGE PEREIRA SALES DE OLIVEIRA;CASA CIVIL;ASSISTENTE TECNICO GOVERNAMENTAL;; 30:00;01/12/1994;ESTATUTARIO;3603,77;;3603,77;283,67;3320,10;
SONIA MARIA DE SOUSA DA SILVA;CASA CIVIL;ASSESSOR III;; 40:00;09/03/2015;CARGO COMISSION.S/VINCULO;3191,80;;3191,80;327,46;2864,34;
SUELEN CRISTINA MAIA A ALBUQUERQUE;CASA CIVIL;ASSESSOR I;; 40:00;01/02/2019;CARGO COMISSION.S/VINCULO;5229,77;;5229,77;957,83;4271,94;
SUELINE CHIXARO AYRES;CASA CIVIL;MEMBRO DE CONSELHO;; 20:00;01/03/2023;GRUPO DE TRABALHO;3000,00;;3000,00;27,00;2973,00;
SUMAIA KALID OSSAMI;CASA CIVIL;ASSESSOR I;; 40:00;15/02/2017;CARGO COMISSION.S/VINCULO;5229,77;;5229,77;957,83;4271,94;
SUZANA AIRES DE OLIVEIRA;FUNDO DE PROMOCAO SOCIAL-FPS;ASSESSOR III;ASSESSOR III; 40:00;19/10/2022;CARGO COMISSION.S/VINCULO;3191,80;;3191,80;302,94;2888,86;
SUZANA FLEURY MENDES DA SILVA;CASA CIVIL;ASSESSOR II;; 40:00;01/11/2017;CARGO COMISSION.S/VINCULO;4209,79;;4209,79;597,14;3612,65;
SUZANE DAS CHAGAS DE OLIVEIRA;FUNDO DE PROMOCAO SOCIAL-FPS;ASSESSOR TECNICO;NAO INFORMADO; 40:00;09/07/2019;CARGO COMISSION.S/VINCULO;7000,00;;7000,00;1624,32;5375,68;
SYND MARIA DE SOUZA HUAMAN NUNES;CASA CIVIL;ASSESSOR II;; 40:00;20/04/2017;CARGO COMISSION.S/VINCULO;4209,79;;4209,79;597,14;3612,65;
TALITA BASTOS LOUREIRO RAMOS;CASA CIVIL;ASSESSOR I;NAO INFORMADO; 40:00;10/04/2021;CARGO COMISSION.S/VINCULO;5229,77;;5229,77;957,83;4271,94;
TALITA MAILA ALVES BATISTA;CASA CIVIL;ASSESSOR II;ASSESSOR II; 40:00;01/11/2023;CARGO COMISSION.S/VINCULO;6213,79;;6213,79;1093,90;5119,89;
TANIA ZUNAIDE BRAGA RIBEIRO;CASA CIVIL;CONSULTOR TECNICO LEGISLATIVO I;NAO INFORMADO; 40:00;02/01/2019;CARGO COMISSION.S/VINCULO;7500,00;;7500,00;1812,57;5687,43;
TASSIA CAMILA COELHO GOMES;CASA CIVIL;ASSESSOR I;NAO INFORMADO; 40:00;02/01/2019;CARGO COMISSION.S/VINCULO;5229,77;;5229,77;914,81;4314,96;
TATIANA MEIRELLES DE FRANCA;CASA CIVIL;ASSESSOR I;NAO INFORMADO; 40:00;02/01/2019;CARGO COMISSION.S/VINCULO;5229,77;;5229,77;957,83;4271,94;
TATIANA SANTOS ARAGAO;CASA CIVIL;ASSESSOR II;ASSESSOR II; 40:00;01/12/2022;CARGO COMISSION.S/VINCULO;5613,05;;5613,05;1050,00;4563,05;
TATIANNE VIEIRA ASSAYAG TOLEDO;CASA CIVIL;PROCURADOR DO ESTADO 2A CLASSE;CHEFE DA CONSULT.TEC; 30:00;09/01/2023;ESTATUTARIO;9900,00;1488,18;8411,82;1271,88;7139,94;
TAYZ HELENA GUIMARAES DE M MATTOS;CASA CIVIL;SECRETARIO EXEC.EXTR.DE PROJETOS;SECRETARIO EXEC.EXTR; 40:00;22/05/2023;CARGO COMISSION.S/VINCULO;11700,00;;11700,00;2968,33;8731,67;
TERESINHA DE JESUS ASSUNCAO ALVES;CASA CIVIL;ASSISTENTE TECNICO GOVERNAMENTAL;FUNCAO GRATIFICADA F; 30:00;01/08/1987;ESTATUTARIO;5686,49;;5686,49;725,09;4961,40;
TEREZINHA BONATES MIRANDA;CASA CIVIL;A.TEC-I;FG-1 ASSESSORIA; 30:00;22/04/1964;ESTATUTARIO;8724,98;;8724,98;1369,21;7355,77;
TEREZINHA DE JESUS ORAN BARROS COEL;CASA CIVIL;ASSESSOR III;ASSESSOR III AD 3; 40:00;09/03/2015;CARGO COMISSION.S/VINCULO;3191,80;;3191,80;327,46;2864,34;
THAIS OLIVEIRA MAIA;CASA CIVIL;ASSESSOR I;ASSESSOR I; 40:00;09/06/2022;CARGO COMISSION.S/VINCULO;5229,77;;5229,77;957,83;4271,94;
THAISA HONDA DE SOUSA;CASA CIVIL;ASSESSOR I;ASSESSOR I; 40:00;13/11/2023;CARGO COMISSION.S/VINCULO;8367,63;;8367,63;1999,79;6367,84;
THALIRIA FELIX BENAION;FUNDO DE PROMOCAO SOCIAL-FPS;ASSESSOR TECNICO;NAO INFORMADO; 40:00;02/01/2019;CARGO COMISSION.S/VINCULO;7000,00;;7000,00;1624,32;5375,68;
THAYLA GALATE GOMES;CASA CIVIL;SECRETARIO EXECUTIVO ADJUNTO;SECRETARIO EXECUTIVO; 40:00;22/08/2023;CARGO COMISSION.S/VINCULO;9000,00;;9000,00;2225,83;6774,17;
THAYNA RIBEIRO FONTENELLE;FUNDO DE PROMOCAO SOCIAL-FPS;ASSESSOR II;ASSESSOR II; 40:00;01/08/2023;CARGO COMISSION.S/VINCULO;4209,79;;4209,79;597,14;3612,65;
THEREZA NAGILA SILVA DE OLIVEIRA;FUNDO DE PROMOCAO SOCIAL-FPS;ASSESSOR IV;ASSESSOR IV; 40:00;16/01/2023;CARGO COMISSION.S/VINCULO;2575,61;;2575,61;212,12;2363,49;
THEREZA THALYTA DE JESUS MARTINS;CASA CIVIL;ASSESSOR I;NAO INFORMADO; 40:00;08/07/2019;CARGO COMISSION.S/VINCULO;5229,77;;5229,77;957,83;4271,94;
THIAGO TEIXEIRA DE CASTRO;CASA CIVIL;CONSULTOR TEC.LEGISLATIVO;NAO INFORMADO; 40:00;01/04/2019;CARGO COMISSION.S/VINCULO;5229,77;;5229,77;957,83;4271,94;
TIAGO MONTEIRO DE PAIVA;CASA CIVIL;SUBCHEFE DO GAB.PESSOAL DO GOVERN.;SUBCHEFE DO GAB.PESS; 40:00;01/05/2022;CARGO COMISSION.S/VINCULO;11700,00;;11700,00;2968,33;8731,67;
UBIRAGILDO DO NASCIMENTO SARAIVA;CASA CIVIL;ASSISTENTE TECNICO GOVERNAMENTAL;; 30:00;15/01/1989;ESTATUTARIO;3766,57;;3766,57;304,42;3462,15;
UBIRAJARA RAMOS MORAES JUNIOR;CASA CIVIL;TNS-II;FG-2 ASSESSORIA; 30:00;13/02/1978;ESTATUTARIO;10291,28;;10291,28;2861,43;7429,85;
VALDIR ALVES DE VASCONCELOS;CASA CIVIL;A.TEC-I;ASSIST TECNICO; 30:00;01/01/1985;ESTATUTARIO;4443,13;;4443,13;770,85;3672,28;
VALERIA DA SILVA SODRE;CASA CIVIL;ASSESSOR TECNICO;; 40:00;01/12/2019;DISP. OUTROS ESFERAS;6000,00;;6000,00;619,84;5380,16;
VANIA LUCIA PINHEIRO NASCIMENTO;UNID.DE GESTAO INTEGRADA - UGI;ASSESSOR III;; 40:00;01/06/2020;CARGO COMISSION.S/VINCULO;3191,80;;3191,80;327,46;2864,34;
VANUSA DA SILVA CUNHA;CASA CIVIL;ASSISTENTE TECNICO GOVERNAMENTAL;FG-3 DE ASSESSORIA; 30:00;04/01/1993;ESTATUTARIO;4826,28;;4826,28;505,63;4320,65;
VERA DOS SANTOS GUIMARAES;CASA CIVIL;ASSISTENTE TECNICO GOVERNAMENTAL;FG-2 GESTOR DE CONT.; 30:00;16/03/1987;ESTATUTARIO;5686,49;;5686,49;725,09;4961,40;
VERA LUCIA MARTINS PINTO;CASA CIVIL;ASSESSOR I;ASSESSOR I; 40:00;18/01/2022;CARGO COMISSION.S/VINCULO;5229,77;;5229,77;957,83;4271,94;
VERANILCE FERNANDES PANTOJA;CASA CIVIL;A.TEC-I;FG-3 ASSESSORIA; 30:00;21/09/1983;ESTATUTARIO;5693,10;;5693,10;1077,12;4615,98;
VICTOR BRENO ALMADA GOMES;CASA CIVIL;ASSESSOR TECNICO;ASSESSOR TECNICO; 40:00;01/11/2022;CARGO COMISSION.S/VINCULO;7000,00;;7000,00;1075,34;5924,66;
VIRNA SOUZA DA ROCHA;CASA CIVIL;ASSESSOR III;NAO INFORMADO; 40:00;14/09/2021;CARGO COMISSION.S/VINCULO;3191,80;;3191,80;327,46;2864,34;
VIVIANE CRISTINA FARIAS MAIA;FUNDO DE PROMOCAO SOCIAL-FPS;ASSESSOR II;ASSESSOR II; 40:00;01/01/2023;CARGO COMISSION.S/VINCULO;4209,79;;4209,79;597,14;3612,65;
WAGNER ALEXANDRE R FILGUEIRAS;CASA CIVIL;ASSESSOR III;NAO INFORMADO; 40:00;01/02/2019;CARGO COMISSION.S/VINCULO;3191,80;;3191,80;327,46;2864,34;
WALESKA SALES DE SANTANA;FUNDO DE PROMOCAO SOCIAL-FPS;ASSESSOR II;NAO INFORMADO; 40:00;07/02/2020;CARGO COMISSION.S/VINCULO;4209,79;;4209,79;597,14;3612,65;
WALTERNY DE SOUZA FERREIRA;CASA CIVIL;ASSESSOR I;NAO INFORMADO; 40:00;01/02/2019;CARGO COMISSION.S/VINCULO;5229,77;;5229,77;914,81;4314,96;
WANDA DE SOUZA TRINDADE;CASA CIVIL;REDATOR GOVERNAMENTAL;FG-1 ASSESSORIA; 30:00;23/03/1990;ESTATUTARIO;8738,67;;8738,67;1877,87;6860,80;
WELLAS GOES RAMOS;CASA CIVIL;ASSESSOR I;ASSESSOR I; 40:00;01/03/2022;CARGO COMISSION.S/VINCULO;5229,77;;5229,77;957,83;4271,94;
WELLINGTON DE OLIVEIRA GONCALVES;FUNDO DE PROMOCAO SOCIAL-FPS;ASSESSOR II;NAO INFORMADO; 40:00;02/01/2019;CARGO COMISSION.S/VINCULO;4209,79;;4209,79;585,61;3624,18;
WENDEL FRANCO RODRIGUES;CASA CIVIL;ASSESSOR I;NAO INFORMADO; 40:00;01/12/2019;CARGO COMISSION.S/VINCULO;5229,77;;5229,77;957,83;4271,94;
WILLIAM FRANCO RODRIGUES;CASA CIVIL;SECRETARIO EXECUTIVO ADJUNTO;NAO INFORMADO; 40:00;02/01/2019;CARGO COMISSION.S/VINCULO;9000,00;;9000,00;2225,83;6774,17;
WILSON FERREIRA CARDOSO;CASA CIVIL;ASSESSOR TECNICO;ASSESSOR TECNICO; 40:00;01/11/2023;CARGO COMISSION.S/VINCULO;7000,00;;7000,00;1624,32;5375,68;
WILSON MIRANDA LIMA;CASA CIVIL;GOVERNADOR DE ESTADO;NAO INFORMADO; 40:00;01/01/2019;CARGO COMISSION.S/VINCULO;29527,36;;29527,36;7870,85;21656,51;
WILSON TEIXEIRA MARIANO;CASA CIVIL;A.TEC-I;; 30:00;08/07/1980;ESTATUTARIO;4453,10;;4453,10;774,04;3679,06;
WISSILENE FERREIRA LIMA;FUNDO DE PROMOCAO SOCIAL-FPS;ASSESSOR II;ASSESSOR II; 40:00;01/06/2022;CARGO COMISSION.S/VINCULO;4209,79;;4209,79;597,14;3612,65;
YANA DEISY MARINHO DE ARAUJO;SEGOV;MEMBRO;; 20:00;01/05/2023;GRUPO DE TRABALHO;2004,00;;2004,00;;2004,00;
YARA CHAVES GALDINO RAMOS;CASA CIVIL;COORDENADOR UNID COORD PROJETO;NAO INFORMADO; 40:00;01/03/2021;CARGO COMISSION.S/VINCULO;9000,00;;9000,00;2225,83;6774,17;
YASMIN ATALLA COSTA DE MELO LOPES;FUNDO DE PROMOCAO SOCIAL-FPS;ASSESSOR III;ASSESSOR III; 40:00;01/02/2023;CARGO COMISSION.S/VINCULO;3191,80;;3191,80;327,46;2864,34;
YNGRID VENTILARI DE F BEZERRA;CASA CIVIL;ASSESSOR TECNICO;NAO INFORMADO; 40:00;01/04/2021;CARGO COMISSION.S/VINCULO;7000,00;;7000,00;1520,04;5479,96;
YONE PAES LESSA;CASA CIVIL;A.TEC-I;; 30:00;05/04/1974;ESTATUTARIO;7879,53;;7879,53;1983,46;5896,07;
YURI MOISES TAKETOMI OLIMPIO;CASA CIVIL;AGENTE ADM.-AGA-T.S.N.A.-E;ASSESSOR II; 30:00;01/01/2023;ESTATUTARIO;4965,53;;4965,53;641,51;4324,02;
