NOME;LOTACAO;CARGO;FUNCAO;CARGA HR SEM;DT DE ADMISSAO;VINCULO;REMUNERACAO LEGAL TOTAL(R$);DESC.TETO(R$); REMUNERACAO LEGAL DEVIDA(R$);DESCONTOS LEGAIS(R$);LIQUIDO DISPONIVEL(R$);
ALEXANDRE MOREIRA FIGUEIREDO;CONTRATADOS;ASSESSOR IV;ASSESSOR IV; 40:00;01/03/2023;CARGO COMISSION.S/VINCULO;3075,61;;3075,61;272,12;2803,49;
ANA CAROLINA DA COSTA MAIA;CONTRATADOS;SECRETARIO EXECUTIVO ADJUNTO;SECRETARIO EXECUTIVO; 40:00;01/05/2023;CARGO COMISSION.S/VINCULO;9500,00;;9500,00;2225,83;7274,17;
ANDRE LUIZ BARROS GIOIA;EFETIVOS;CORONEL;SECRETARIO EXECUTIVO; 30:00;02/01/2023;ESTATUTARIO;9900,00;2184,94;7715,06;1091,48;6623,58;
ANDRE PEREIRA AMAZONAS;CONTRATADOS;ASSESSOR II;ASSESSOR II; 40:00;02/01/2023;CARGO COMISSION.S/VINCULO;4709,79;;4709,79;667,14;4042,65;
ANNA CAROLINE ANDRADE PINTO;CONTRATADOS;ASSESSOR II;ASSESSOR II; 40:00;02/01/2023;CARGO COMISSION.S/VINCULO;4709,79;;4709,79;667,14;4042,65;
DAMIAO SARAIVA PEREIRA JUNIOR;CONTRATADOS;ASSESSOR III;ASSESSOR III; 40:00;01/09/2023;CARGO COMISSION.S/VINCULO;3691,80;;3691,80;387,46;3304,34;
FABIANE NOGUEIRA MARINHO;EFETIVOS;ASSESSOR III;ASSESSOR III; 40:00;01/03/2023;CARGO COMISSION.S/VINCULO;3691,80;;3691,80;387,46;3304,34;
GABRIEL JACAUNA DE LIMA;CONTRATADOS;ASSESSOR II;ASSESSOR II; 40:00;01/09/2023;CARGO COMISSION.S/VINCULO;4709,79;;4709,79;667,14;4042,65;
JULIA BEATRIZ NAVEGANTE QUEIROZ;CONTRATADOS;ASSESSOR IV;ASSESSOR IV; 40:00;01/03/2023;CARGO COMISSION.S/VINCULO;3075,61;;3075,61;272,12;2803,49;
LAERTE NOGUEIRA DA SILVA;CONTRATADOS;ASSESSOR TECNICO;ASSESSOR TECNICO; 40:00;01/05/2023;CARGO COMISSION.S/VINCULO;7500,00;;7500,00;1675,07;5824,93;
LARYSSA FARIAS FEITOZA LOBATO;CONTRATADOS;ASSESSOR TECNICO;ASSESSOR TECNICO; 40:00;01/05/2023;CARGO COMISSION.S/VINCULO;7500,00;;7500,00;1675,07;5824,93;
LEANDRO EDMEE LIMA DE OLIVEIRA;CONTRATADOS;ASSESSOR IV;ASSESSOR IV; 40:00;01/09/2023;CARGO COMISSION.S/VINCULO;3075,61;;3075,61;272,12;2803,49;
LUANA GUIANA SAUNIER DE ALCANTARA;CONTRATADOS;ASSESSOR I;ASSESSOR I; 40:00;01/06/2023;CARGO COMISSION.S/VINCULO;5229,77;;5229,77;957,83;4271,94;
MARIA CANDIDA TAMER DE PAULA;CONTRATADOS;ASSESSOR I;ASSESSOR I; 40:00;01/03/2023;CARGO COMISSION.S/VINCULO;5729,77;;5729,77;1011,72;4718,05;
RICARDO SANTOS MACHADO DE SOUSA;CONTRATADOS;ASSESSOR I;ASSESSOR I; 40:00;02/01/2023;CARGO COMISSION.S/VINCULO;5729,77;;5729,77;1011,72;4718,05;
SERGIO RENAM DE MELLO FREITAS;CONTRATADOS;ASSESSOR II;ASSESSOR II; 40:00;01/03/2023;CARGO COMISSION.S/VINCULO;4709,79;;4709,79;667,14;4042,65;
TADEU DE SOUZA SILVA;CONTRATADOS;PROCURADOR DO ESTADO 3A CLASSE;VICE GOVERNADOR; 40:00;01/08/2023;EFETIVO EM CARGO ELETIVO;38924,74;;38924,74;13044,20;25880,54;
TAMMY SUKY RIBEIRO DA SILVA;CONTRATADOS;ASSESSOR I;ASSESSOR I; 40:00;01/09/2023;CARGO COMISSION.S/VINCULO;5729,77;;5729,77;1011,72;4718,05;
THIAGO BARROS GOMES;CONTRATADOS;ASSESSOR I;ASSESSOR I; 40:00;21/06/2023;CARGO COMISSION.S/VINCULO;5729,77;;5729,77;1011,72;4718,05;
UBIRACY RIBEIRO FIGUEIRA JUNIOR;CONTRATADOS;ASSESSOR I;ASSESSOR I; 40:00;01/07/2023;CARGO COMISSION.S/VINCULO;5729,77;;5729,77;1011,72;4718,05;
