NOME;LOTACAO;CARGO;FUNCAO;VINCULO;REMUNERACAO LEGAL TOTAL(R$);DESC.TETO(R$); REMUNERACAO LEGAL DEVIDA(R$);DESCONTOS LEGAIS(R$);LIQUIDO DISPONIVEL(R$);
ANDRE LUIZ BARROS GIOIA;EFETIVOS;CORONEL;SECRETARIO EXECUTIVO; ESTATUTARIO;9900,00;2621,55;7278,45;1080,08;6198,37;
ANDRE PEREIRA AMAZONAS;CONTRATADOS;ASSESSOR II;ASSESSOR II; CARGO COMISSION.S/VINCULO;4209,79;;4209,79;633,12;3576,67;
ANNA CAROLINE ANDRADE PINTO;CONTRATADOS;ASSESSOR II;ASSESSOR II; CARGO COMISSION.S/VINCULO;4209,79;;4209,79;633,12;3576,67;
CAROLINE DAYANA BENTES DE CASTRO;CONTRATADOS;ASSESSOR III;ASSESSOR III; CARGO COMISSION.S/VINCULO;3191,80;;3191,80;367,36;2824,44;
DAMIAO SARAIVA PEREIRA JUNIOR;CONTRATADOS;ASSESSOR II;ASSESSOR II; CARGO COMISSION.S/VINCULO;4209,79;;4209,79;633,12;3576,67;
GABRIEL JACAUNA DE LIMA;CONTRATADOS;ASSESSOR III;ASSESSOR III; CARGO COMISSION.S/VINCULO;3191,80;;3191,80;367,36;2824,44;
IVANETE GOMES DE ALMEIDA;EFETIVOS;AUX.O-I;GERENTE; ESTATUTARIO;7204,90;;7204,90;1362,18;5842,72;
JOAO MATHEUS NOGUEIRA MARINHO;CONTRATADOS;ASSESSOR IV;; CARGO COMISSION.S/VINCULO;2675,76;;2675,76;12,87;2662,89;
JOAO MATHEUS NOGUEIRA MARINHO;CONTRATADOS;ASSESSOR I;ASSESSOR I; CARGO COMISSION.S/VINCULO;4881,10;;4881,10;857,00;4024,10;
JOSY MATOS LOPES;CONTRATADOS;ASSESSOR IV;; CARGO COMISSION.S/VINCULO;1244,87;;1244,87;12,87;1232,00;
KESSIA ALMEIDA FAYE DAS CHAGAS;CONTRATADOS;SECRETARIO EXECUTIVO ADJUNTO;SECRETARIO EXECUTIVO; CARGO COMISSION.S/VINCULO;9000,00;;9000,00;2241,62;6758,38;
LARYSSA FARIAS FEITOSA LOBATO;CONTRATADOS;ASSESSOR I;ASSESSOR I; CARGO COMISSION.S/VINCULO;5229,77;;5229,77;973,62;4256,15;
MARCIO LUIZ DA SILVA TRIBUZY;CONTRATADOS;ASSESSOR I;; CARGO COMISSION.S/VINCULO;5433,14;;5433,14;26,14;5407,00;
MARYANE CARVALHO MAIA;CONTRATADOS;ASSESSOR I;ASSESSOR I; CARGO COMISSION.S/VINCULO;5229,77;;5229,77;973,62;4256,15;
NATALE KAROLINE CARDOSO DA SILVA;CONTRATADOS;ASSESSOR IV;ASSESSOR IV; CARGO COMISSION.S/VINCULO;2575,61;;2575,61;246,83;2328,78;
RICARDO SANTOS MACHADO DE SOUSA;CONTRATADOS;ASSESSOR I;ASSESSOR I; CARGO COMISSION.S/VINCULO;5229,77;;5229,77;973,62;4256,15;
