NOME;LOTACAO;CARGO;FUNCAO;VINCULO;REMUNERACAO LEGAL TOTAL(R$);DESC.TETO(R$); REMUNERACAO LEGAL DEVIDA(R$);DESCONTOS LEGAIS(R$);LIQUIDO DISPONIVEL(R$);
ALEXANDRE MOREIRA FIGUEIREDO;CONTRATADOS;ASSESSOR IV;ASSESSOR IV; CARGO COMISSION.S/VINCULO;2575,61;;2575,61;212,12;2363,49;
ANA CAROLINA DA COSTA MAIA;CONTRATADOS;SECRETARIO EXECUTIVO ADJUNTO;SECRETARIO EXECUTIVO; CARGO COMISSION.S/VINCULO;9000,00;;9000,00;2225,83;6774,17;
ANDRE LUIZ BARROS GIOIA;EFETIVOS;CORONEL;SECRETARIO EXECUTIVO; ESTATUTARIO;9900,00;2184,94;7715,06;1091,48;6623,58;
ANDRE PEREIRA AMAZONAS;CONTRATADOS;ASSESSOR II;ASSESSOR II; CARGO COMISSION.S/VINCULO;4209,79;;4209,79;597,14;3612,65;
ANNA CAROLINE ANDRADE PINTO;CONTRATADOS;ASSESSOR II;ASSESSOR II; CARGO COMISSION.S/VINCULO;4209,79;;4209,79;597,14;3612,65;
DAMIAO SARAIVA PEREIRA JUNIOR;CONTRATADOS;ASSESSOR II;ASSESSOR II; CARGO COMISSION.S/VINCULO;4209,79;;4209,79;597,14;3612,65;
FABIANE NOGUEIRA MARINHO;EFETIVOS;ASSESSOR III;ASSESSOR III; CARGO COMISSION.S/VINCULO;3191,80;;3191,80;327,46;2864,34;
GABRIEL JACAUNA DE LIMA;CONTRATADOS;ASSESSOR III;ASSESSOR III; CARGO COMISSION.S/VINCULO;3191,80;;3191,80;327,46;2864,34;
GIANLUCA DANIEL FERNANDES ALMEIDA;CONTRATADOS;ASSESSOR TECNICO;; CARGO COMISSION.S/VINCULO;2722,21;;2722,21;2333,33;388,88;
JOAO MATHEUS NOGUEIRA MARINHO;CONTRATADOS;ASSESSOR I;ASSESSOR I; CARGO COMISSION.S/VINCULO;5229,77;;5229,77;957,83;4271,94;
JULIA BEATRIZ NAVEGANTE QUEIROZ;CONTRATADOS;ASSESSOR IV;ASSESSOR IV; CARGO COMISSION.S/VINCULO;2575,61;;2575,61;212,12;2363,49;
KESSIA ALMEIDA FAYE DAS CHAGAS;CONTRATADOS;SECRETARIO EXECUTIVO ADJUNTO;; CARGO COMISSION.S/VINCULO;6975,00;;6975,00;45,22;6929,78;
LAERTE NOGUEIRA DA SILVA;CONTRATADOS;ASSESSOR TECNICO;ASSESSOR TECNICO; CARGO COMISSION.S/VINCULO;7000,00;;7000,00;1624,32;5375,68;
LARYSSA FARIAS FEITOZA LOBATO;CONTRATADOS;ASSESSOR I;; CARGO COMISSION.S/VINCULO;4067,59;;4067,59;2600,35;1467,24;
LARYSSA FARIAS FEITOZA LOBATO;CONTRATADOS;ASSESSOR TECNICO;ASSESSOR TECNICO; CARGO COMISSION.S/VINCULO;7000,00;;7000,00;1624,32;5375,68;
MARCELA PACIFICO MICHILES;CONTRATADOS;ASSESSOR I;ASSESSOR I; CARGO COMISSION.S/VINCULO;5229,77;;5229,77;957,83;4271,94;
MARIA CANDIDA TAMER DE PAULA;CONTRATADOS;ASSESSOR I;ASSESSOR I; CARGO COMISSION.S/VINCULO;5229,77;;5229,77;957,83;4271,94;
MARYANE CARVALHO MAIA;CONTRATADOS;ASSESSOR I;ASSESSOR I; CARGO COMISSION.S/VINCULO;5229,77;;5229,77;957,83;4271,94;
NATALE KAROLINE CARDOSO DA SILVA;CONTRATADOS;ASSESSOR IV;ASSESSOR IV; CARGO COMISSION.S/VINCULO;2575,61;;2575,61;212,12;2363,49;
RICARDO SANTOS MACHADO DE SOUSA;CONTRATADOS;ASSESSOR I;ASSESSOR I; CARGO COMISSION.S/VINCULO;5229,77;;5229,77;957,83;4271,94;
SERGIO RENAM DE MELLO FREITAS;CONTRATADOS;ASSESSOR II;ASSESSOR II; CARGO COMISSION.S/VINCULO;4209,79;;4209,79;597,14;3612,65;
