NOME;LOTACAO;CARGO;FUNCAO;VINCULO;REMUNERACAO LEGAL TOTAL(R$);DESC.TETO(R$); REMUNERACAO LEGAL DEVIDA(R$);DESCONTOS LEGAIS(R$);LIQUIDO DISPONIVEL(R$);
ALEXANDRE MOREIRA FIGUEIREDO;CONTRATADOS;ASSESSOR IV;ASSESSOR IV; CARGO COMISSION.S/VINCULO;3075,61;;3075,61;272,12;2803,49;
ANA CAROLINA DA COSTA MAIA;CONTRATADOS;SECRETARIO EXECUTIVO ADJUNTO;SECRETARIO EXECUTIVO; CARGO COMISSION.S/VINCULO;9500,00;;9500,00;2225,83;7274,17;
ANDRE LUIZ BARROS GIOIA;EFETIVOS;CORONEL;SECRETARIO EXECUTIVO; ESTATUTARIO;9900,00;2184,94;7715,06;1091,48;6623,58;
ANDRE PEREIRA AMAZONAS;CONTRATADOS;ASSESSOR II;ASSESSOR II; CARGO COMISSION.S/VINCULO;4709,79;;4709,79;667,14;4042,65;
ANNA CAROLINE ANDRADE PINTO;CONTRATADOS;ASSESSOR II;ASSESSOR II; CARGO COMISSION.S/VINCULO;4709,79;;4709,79;667,14;4042,65;
DAMIAO SARAIVA PEREIRA JUNIOR;CONTRATADOS;ASSESSOR II;; CARGO COMISSION.S/VINCULO;6536,86;;6536,86;2093,20;4443,66;
FABIANE NOGUEIRA MARINHO;EFETIVOS;ASSESSOR III;ASSESSOR III; CARGO COMISSION.S/VINCULO;3691,80;;3691,80;387,46;3304,34;
GABRIEL JACAUNA DE LIMA;CONTRATADOS;ASSESSOR II;ASSESSOR II; CARGO COMISSION.S/VINCULO;4709,79;;4709,79;667,14;4042,65;
JULIA BEATRIZ NAVEGANTE QUEIROZ;CONTRATADOS;ASSESSOR IV;ASSESSOR IV; CARGO COMISSION.S/VINCULO;3075,61;;3075,61;272,12;2803,49;
LAERTE NOGUEIRA DA SILVA;CONTRATADOS;ASSESSOR TECNICO;ASSESSOR TECNICO; CARGO COMISSION.S/VINCULO;7500,00;;7500,00;1675,07;5824,93;
LARYSSA FARIAS FEITOZA LOBATO;CONTRATADOS;ASSESSOR TECNICO;ASSESSOR TECNICO; CARGO COMISSION.S/VINCULO;7500,00;;7500,00;1675,07;5824,93;
LEANDRO EDMEE LIMA DE OLIVEIRA;CONTRATADOS;ASSESSOR IV;ASSESSOR IV; CARGO COMISSION.S/VINCULO;3075,61;;3075,61;272,12;2803,49;
LUANA GUIANA SAUNIER DE ALCANTARA;CONTRATADOS;ASSESSOR I;ASSESSOR I; CARGO COMISSION.S/VINCULO;5229,77;;5229,77;957,83;4271,94;
MARIA CANDIDA TAMER DE PAULA;CONTRATADOS;ASSESSOR I;ASSESSOR I; CARGO COMISSION.S/VINCULO;5729,77;;5729,77;1011,72;4718,05;
NATALE KAROLINE CARDOSO DA SILVA;CONTRATADOS;ASSESSOR IV;; CARGO COMISSION.S/VINCULO;3999,34;;3999,34;1280,65;2718,69;
RICARDO SANTOS MACHADO DE SOUSA;CONTRATADOS;ASSESSOR I;ASSESSOR I; CARGO COMISSION.S/VINCULO;5729,77;;5729,77;1011,72;4718,05;
SERGIO RENAM DE MELLO FREITAS;CONTRATADOS;ASSESSOR II;ASSESSOR II; CARGO COMISSION.S/VINCULO;4709,79;;4709,79;667,14;4042,65;
TADEU DE SOUZA SILVA;CONTRATADOS;PROCURADOR DO ESTADO 3A CLASSE;VICE GOVERNADOR; EFETIVO EM CARGO ELETIVO;38924,74;;38924,74;13044,20;25880,54;
TAMMY SUKY RIBEIRO DA SILVA;CONTRATADOS;ASSESSOR I;ASSESSOR I; CARGO COMISSION.S/VINCULO;5729,77;;5729,77;1011,72;4718,05;
THIAGO BARROS GOMES;CONTRATADOS;ASSESSOR I;ASSESSOR I; CARGO COMISSION.S/VINCULO;5729,77;;5729,77;1011,72;4718,05;
UBIRACY RIBEIRO FIGUEIRA JUNIOR;CONTRATADOS;ASSESSOR I;ASSESSOR I; CARGO COMISSION.S/VINCULO;5729,77;;5729,77;1011,72;4718,05;
