NOME;LOTACAO;CARGO;FUNCAO;VINCULO;REMUNERACAO LEGAL TOTAL(R$);DESC.TETO(R$); REMUNERACAO LEGAL DEVIDA(R$);DESCONTOS LEGAIS(R$);LIQUIDO DISPONIVEL(R$);
ADERVAN FERREIRA CRUZ;COORD. ADMINISTRAT./FINANCEIRA;ASSISTENTE PROCURATORIAL-PGE;GERENTE AD-2; ESTATUTARIO;9384,46;;9384,46;2175,17;7209,29;
ADRIANA GOMES MATOS;CARGOS COMISSIONADOS S/VINCULO;ASSESSOR IV;; CARGO COMISSION.S/VINCULO;3175,61;;3175,61;324,29;2851,32;
ADRIANE SIMOES ASSAYAG RIBEIRO;GAB DO SUBPROCURADOR GERAL;PROCURADOR DO ESTADO 1A CLASSE;; ESTATUTARIO;43030,21;19026,91;24003,30;9891,38;14111,92;
ADRIANO CEZAR LINS CARLOS;CARGOS COMISSIONADOS S/VINCULO;ASSESSOR II;ASSESSOR II; CARGO COMISSION.S/VINCULO;4209,79;;4209,79;597,14;3612,65;
AGDA MARTINS COLADO LIMA;COORD. ADMINISTRAT./FINANCEIRA;ASSISTENTE PROCURATORIAL-PGE;; ESTATUTARIO;4547,66;;4547,66;792,66;3755,00;
AGENILSO DE JESUS FIGUEIRA;SERV. DO QUADRO SUPLEMENTAR;AGENTE DE SEGURANCA-PGE;; ESTATUTARIO;3842,53;;3842,53;338,12;3504,41;
ALDENOR DE SOUZA RABELO;GAB DO SUBPROCURADOR GERAL;PROCURADOR DO ESTADO 3A CLASSE;COORDENADOR; ESTATUTARIO;41329,75;;41329,75;14168,19;27161,56;
ALINE TEIXEIRA LEAL NUNES;GAB DO SUBPROCURADOR GERAL;PROCURADOR DO ESTADO 3A CLASSE;; ESTATUTARIO;36329,75;;36329,75;12793,19;23536,56;
ALMINO PEREIRA TINOCO;COORD. ADMINISTRAT./FINANCEIRA;AGENTE DE SEGURANCA-PGE;; ESTATUTARIO;5293,13;;5293,13;939,18;4353,95;
ALTIZA PEREIRA DE SOUZA;GAB DO SUBPROCURADOR GERAL;PROCURADOR DO ESTADO 3A CLASSE;; ESTATUTARIO;41519,72;;41519,72;14747,21;26772,51;
AMANDA GOMES DA SILVA DO NASCIMENTO;CARGOS COMISSIONADOS S/VINCULO;ASSESSOR II;ASSESSOR II; CARGO COMISSION.S/VINCULO;4209,79;;4209,79;597,14;3612,65;
AMERICO SILVA MARTINS;COORD. ADMINISTRAT./FINANCEIRA;AGENTE DE SEGURANCA-PGE;; ESTATUTARIO;4779,40;;4779,40;818,57;3960,83;
ANA BEATRIZ SILVA NOVAES;CARGOS COMISSIONADOS S/VINCULO;ASSESSOR II;NAO INFORMADO; CARGO COMISSION.S/VINCULO;4209,79;;4209,79;597,14;3612,65;
ANA CAROLINA FROTA DESIDERI;CARGOS COMISSIONADOS S/VINCULO;ASSESSOR II;ASSESSOR II; CARGO COMISSION.S/VINCULO;4209,79;;4209,79;597,14;3612,65;
ANA CAROLINA JUNQUEIRA CASTRO;CARGOS COMISSIONADOS S/VINCULO;ASSESSOR I;NAO INFORMADO; CARGO COMISSION.S/VINCULO;5229,77;;5229,77;957,83;4271,94;
ANA CLEA DA COSTA BAIMA;COORD. ADMINISTRAT./FINANCEIRA;AUXILIAR PROCURATORIAL-PGE;; ESTATUTARIO;4821,04;;4821,04;769,96;4051,08;
ANA EIMAR CORREA COELHO;SERV. DO QUADRO SUPLEMENTAR;ASSISTENTE TECNICO 3A CLASSE;CHEFE DE SECRETARIA; ESTATUTARIO;8629,04;;8629,04;1978,30;6650,74;
ANA EUNICE CARNEIRO ALVES;GAB DO SUBPROCURADOR GERAL;PROCURADOR DO ESTADO 1A CLASSE;; ESTATUTARIO;51801,78;4319,73;47482,05;16400,17;31081,88;
ANA JESSICA GUIMARAES DE M MATTOS;CARGOS COMISSIONADOS S/VINCULO;ASSESSOR I;ASSESSOR I; CARGO COMISSION.S/VINCULO;5229,77;;5229,77;957,83;4271,94;
ANA LUCIA BESSA WANDERLEY SABINO;COORD. ADMINISTRAT./FINANCEIRA;ASSISTENTE PROCURATORIAL-PGE;ASSIST.DE SECRET.; ESTATUTARIO;10435,44;;10435,44;2557,77;7877,67;
ANA MARCELA GRANA DE ALMEIDA;GAB DO SUBPROCURADOR GERAL;PROCURADOR DO ESTADO 3A CLASSE;; ESTATUTARIO;35032,26;;35032,26;12304,69;22727,57;
ANDRE LUIZ REGO DA SILVA;CARGOS COMISSIONADOS S/VINCULO;ASSESSOR ESPECIAL AD-1;; CARGO COMISSION.S/VINCULO;5229,77;;5229,77;957,83;4271,94;
ANDREA PEREIRA DE FREITAS;GAB DO SUBPROCURADOR GERAL;PROCURADOR DO ESTADO 3A CLASSE;; ESTATUTARIO;35032,26;;35032,26;12304,69;22727,57;
ANDREZA SAMPAIO PROGENIO;CARGOS COMISSIONADOS S/VINCULO;ASSESSOR I;ASSESSOR I; CARGO COMISSION.S/VINCULO;5229,77;;5229,77;957,83;4271,94;
ANGELA BEATRIZ GONCALVES FALCAO DE;GAB DO SUBPROCURADOR GERAL;PROCURADOR DO ESTADO 1A CLASSE;; ESTATUTARIO;43030,21;1379,29;41650,92;14692,34;26958,58;
ANGELA MARIA MENDONCA VIEIRA;SERV. DO QUADRO SUPLEMENTAR;ASSISTENTE TECNICO 1A CLASSE;CHEFE DE SEC.; ESTATUTARIO;8629,04;;8629,04;1978,30;6650,74;
ANNA KARINA LEAO BRASIL SALAMA;GAB DO SUBPROCURADOR GERAL;PROCURADOR DO ESTADO 2A CLASSE;; ESTATUTARIO;41815,96;165,04;41650,92;14692,34;26958,58;
ANNE CAROLINE DOS SANTOS FERNANDES;CARGOS COMISSIONADOS S/VINCULO;ASSESSOR III;; CARGO COMISSION.S/VINCULO;3191,80;;3191,80;327,46;2864,34;
ANNY KELLY ALENCAR BARRETO LIMA;CARGOS COMISSIONADOS S/VINCULO;ASSESSOR III;; CARGO COMISSION.S/VINCULO;8940,12;;8940,12;1603,87;7336,25;
APARECIDA SANTOS MELO;COORD. ADMINISTRAT./FINANCEIRA;AUXILIAR PROCURATORIAL-PGE;CHEFE DE SECRETARIA; ESTATUTARIO;8333,00;;8333,00;1730,48;6602,52;
ARETUZA CARVALHO RIBEIRO;CARGOS COMISSIONADOS S/VINCULO;ASSESSOR III;NAO INFORMADO; CARGO COMISSION.S/VINCULO;4255,73;;4255,73;610,47;3645,26;
ARTHUR MARCEL BATISTA GOMES;GAB DO SUBPROCURADOR GERAL;PROCURADOR DO ESTADO 3A CLASSE;; ESTATUTARIO;36329,75;;36329,75;12793,19;23536,56;
ARTUR CESAR CUNHA DOS SANTOS JUNIOR;CARGOS COMISSIONADOS S/VINCULO;COORDENADOR;COORDENADOR AD-1; CARGO COMISSION.S/VINCULO;5229,77;;5229,77;957,83;4271,94;
BARBARA FERNANDEZ DE BASTOS;GAB DO SUBPROCURADOR GERAL;PROCURADOR DO ESTADO 3A CLASSE;; ESTATUTARIO;32437,28;;32437,28;7163,52;25273,76;
BARBARA YOLE ARAUJO DE SOUSA;CARGOS COMISSIONADOS S/VINCULO;ASSESSOR I;NAO INFORMADO; DISP. OUTROS ESFERAS;14148,97;;14148,97;4495,60;9653,37;
BEATRIZ SANTOS BRITO;CARGOS COMISSIONADOS S/VINCULO;ASSESSOR IV;ASSESSOR IV; CARGO COMISSION.S/VINCULO;3175,61;;3175,61;324,29;2851,32;
BENEDITO EVALDO DE LIMA MORENO;GAB DO SUBPROCURADOR GERAL;PROCURADOR DO ESTADO 2A CLASSE;; ESTATUTARIO;48995,99;1513,94;47482,05;15289,00;32193,05;
BRUNA CAROLINE SAMPAIO SANTORO;CARGOS COMISSIONADOS S/VINCULO;ASSESSOR III;ASSESSOR III; CARGO COMISSION.S/VINCULO;3191,80;;3191,80;327,46;2864,34;
CAMILLA PEREIRA DE MARCOS;GAB DO SUBPROCURADOR GERAL;PROCURADOR DO ESTADO 3A CLASSE;; ESTATUTARIO;32437,28;;32437,28;11327,68;21109,60;
CARLOS ALBERTO DE MORAES RAMOS FILH;GAB DO SUBPROCURADOR GERAL;PROCURADOR DO ESTADO 1A CLASSE;; ESTATUTARIO;43030,21;19026,91;24003,30;9943,52;14059,78;
CARLOS ALEXANDRE MOREIRA DE CARVALH;GAB DO SUBPROCURADOR GERAL;PROCURADOR DO ESTADO 2A CLASSE;SUBPROCURADOR GERAL; ESTATUTARIO;40467,06;;40467,06;14142,34;26324,72;
CASSIA MAISA BEZERRA DA SILVA FERNA;COORD. ADMINISTRAT./FINANCEIRA;ASSISTENTE PROCURATORIAL-PGE;CHEFE DE SECRETARIA; ESTATUTARIO;9871,23;;9871,23;2373,42;7497,81;
CELIO ALCANTARA CIPRIANO;COORD. ADMINISTRAT./FINANCEIRA;ASSISTENTE PROCURATORIAL-PGE;CHEF.DE SECRET.; ESTATUTARIO;7970,41;;7970,41;1435,82;6534,59;
CHRISTIANNE DI FELICIO F SILVA;CARGOS COMISSIONADOS S/VINCULO;ASSESSOR I;ASSESSOR I; CARGO COMISSION.S/VINCULO;5229,77;;5229,77;957,83;4271,94;
CLARA MARIA LINDOSO E LIMA;GAB DO SUBPROCURADOR GERAL;PROCURADOR DO ESTADO 1A CLASSE;; ESTATUTARIO;55249,41;7767,36;47482,05;16400,17;31081,88;
CLOVIS SMITH FROTA JUNIOR;GAB DO SUBPROCURADOR GERAL;PROCURADOR DO ESTADO 2A CLASSE;; ESTATUTARIO;40467,06;;40467,06;9184,02;31283,04;
DAIANE VIEIRA DE SOUZA SOARES;COORD. ADMINISTRAT./FINANCEIRA;ASSISTENTE PROCURATORIAL-PGE;COORDENADOR  AD-1; ESTATUTARIO;10871,23;;10871,23;2648,42;8222,81;
DANIEL PINHEIRO VIEGAS;GAB DO SUBPROCURADOR GERAL;PROCURADOR DO ESTADO 2A CLASSE;PROCURADOR-CHEFE; ESTATUTARIO;39118,15;;39118,15;13843,02;25275,13;
DANIEL SOMBRA DA SILVA;SERV. DO QUADRO SUPLEMENTAR;MOTORISTA A;ASSIST DE CHEFIA; ESTATUTARIO;8769,50;;8769,50;1815,45;6954,05;
DANIELLE LIMA DE FIGUEIREDO;CARGOS COMISSIONADOS S/VINCULO;ASSESSOR IV;; CARGO COMISSION.S/VINCULO;3175,61;;3175,61;320,90;2854,71;
DARCI MACEDO FERREIRA;COORD. ADMINISTRAT./FINANCEIRA;AGENTE DE MANUTENCAO-PGE;; ESTATUTARIO;4801,10;;4801,10;763,03;4038,07;
DARCYCLEIDE MARA CORREA PAIXAO;COORD. ADMINISTRAT./FINANCEIRA;ASSISTENTE PROCURATORIAL-PGE;CHEFE DE SECRETARIA; ESTATUTARIO;8380,09;;8380,09;1898,58;6481,51;
DEBORA BANDEIRA DIAS KOENOW;GAB DO SUBPROCURADOR GERAL;PROCURADOR DO ESTADO 3A CLASSE;; ESTATUTARIO;40032,26;;40032,26;13679,69;26352,57;
DENISA CRISTINA COSTA PARENTE;CARGOS COMISSIONADOS S/VINCULO;ASSESSOR II;ASSESSOR II; CARGO COMISSION.S/VINCULO;5613,05;;5613,05;1102,13;4510,92;
DIOGO DINIZ FERREIRA DE CARVALHO;GAB DO SUBPROCURADOR GERAL;PROCURADOR DO ESTADO 3A CLASSE;; ESTATUTARIO;34167,26;;34167,26;11979,02;22188,24;
DOMINIK THAYNA TAMURA DE OLIVEIRA;CARGOS COMISSIONADOS S/VINCULO;ASSESSOR IV;ASSESSOR IV; CARGO COMISSION.S/VINCULO;3175,61;;3175,61;324,29;2851,32;
EDDA MARIA FELIX DA SILVA CARVALHO;CARGOS COMISSIONADOS S/VINCULO;ASSESSOR II AD-2;; CARGO COMISSION.S/VINCULO;5613,05;;5613,05;1050,00;4563,05;
EDILSON NONATO DA COSTA;SERV. DO QUADRO SUPLEMENTAR;AUXILIAR TECNICO;; ESTATUTARIO;4577,57;;4577,57;802,23;3775,34;
EDMILSON DOS SANTOS GOMES;COORD. ADMINISTRAT./FINANCEIRA;AGENTE DE SEGURANCA-PGE;; ESTATUTARIO;4339,05;;4339,05;657,85;3681,20;
EDNA ARAUJO LIMA;COORD. ADMINISTRAT./FINANCEIRA;AGENTE DE MANUTENCAO-PGE;COORDENADOR AD-1; ESTATUTARIO;10313,06;;10313,06;2273,22;8039,84;
EDUARDO LEITE RAMIRES;CARGOS COMISSIONADOS S/VINCULO;ASSESSOR I;ASSESSOR I; CARGO COMISSION.S/VINCULO;7670,32;;7670,32;1860,17;5810,15;
EDYSSANDRO ALBUQUERQUE BATISTA;SERV. DO QUADRO SUPLEMENTAR;ASSISTENTE ADMINISTRATIVO;; ESTATUTARIO;3986,74;;3986,74;637,96;3348,78;
ELIDA DE LIMA REIS CORREA;GAB DO SUBPROCURADOR GERAL;PROCURADOR DO ESTADO 3A CLASSE;; ESTATUTARIO;40032,26;;40032,26;13679,69;26352,57;
ELIETE SANTIAGO GARCIA;COORD. ADMINISTRAT./FINANCEIRA;ASSISTENTE PROCURATORIAL-PGE;; ESTATUTARIO;5374,48;;5374,48;1071,54;4302,94;
ELIRACILDA MARTINS CASTRO;CARGOS COMISSIONADOS S/VINCULO;ASSESSOR II;; CARGO COMISSION.S/VINCULO;4209,79;;4209,79;597,14;3612,65;
ELIZABETH LOPES DUARTE;CARGOS COMISSIONADOS S/VINCULO;ASSESSOR II;; CARGO COMISSION.S/VINCULO;4209,79;;4209,79;597,14;3612,65;
ELLEN FLORENCIO SANTOS ROCHA;GAB DO SUBPROCURADOR GERAL;PROCURADOR DO ESTADO 1A CLASSE;; ESTATUTARIO;43030,21;1379,29;41650,92;14796,61;26854,31;
ELZILENE BANDEIRA CARVALHO;CARGOS COMISSIONADOS S/VINCULO;ASSESSOR II;; CARGO COMISSION.S/VINCULO;4209,79;;4209,79;585,61;3624,18;
EMERSON DE SOUZA ALFAIA;COORD. ADMINISTRAT./FINANCEIRA;AGENTE DE MANUTENCAO-PGE;; ESTATUTARIO;4067,25;;4067,25;532,42;3534,83;
EMERSON GOMES SANTOS;CARGOS COMISSIONADOS S/VINCULO;ASSESSOR II;NAO INFORMADO; CARGO COMISSION.S/VINCULO;4209,79;;4209,79;585,61;3624,18;
EMIGLEIA SOARES GOMES;COORD. ADMINISTRAT./FINANCEIRA;ASSISTENTE PROCURATORIAL-PGE;; ESTATUTARIO;5432,54;;5432,54;1092,67;4339,87;
EMYLLE MARIA MARQUES DE LIMA;CARGOS COMISSIONADOS S/VINCULO;ASSESSOR II;ASSESSOR II; CARGO COMISSION.S/VINCULO;4209,79;;4209,79;597,14;3612,65;
ERNANDO SIMIAO DA SILVA FILHO;GAB DO SUBPROCURADOR GERAL;PROCURADOR DO ESTADO 3A CLASSE;; ESTATUTARIO;38924,73;;38924,73;13561,65;25363,08;
EUCILENE ANDRADE DE C E SANTO;CARGOS COMISSIONADOS S/VINCULO;ASSESSOR CONTABIL;NAO INFORMADO; CARGO COMISSION.S/VINCULO;5229,77;;5229,77;957,83;4271,94;
EUGENIO AUGUSTO CARVALHO SEELIG;GAB DO SUBPROCURADOR GERAL;PROCURADOR DO ESTADO 3A CLASSE;PROCURADOR-CHEFE; ESTATUTARIO;41156,75;;41156,75;14103,06;27053,69;
EUGENIO NUNES SILVA;GAB DO SUBPROCURADOR GERAL;PROCURADOR DO ESTADO 3A CLASSE;SUBPROCURADOR GERAL; ESTATUTARIO;87378,16;4076,32;83301,84;14388,21;68913,63;
EVANDRO EZIDRO DE LIMA REGIS;GAB DO SUBPROCURADOR GERAL;PROCURADOR DO ESTADO 1A CLASSE;; ESTATUTARIO;56913,85;1379,29;55534,56;12453,68;43080,88;
FABIANO BURIOL;GAB DO SUBPROCURADOR GERAL;PROCURADOR DO ESTADO 2A CLASSE;; ESTATUTARIO;40467,06;;40467,06;14350,89;26116,17;
FABIO PEREIRA GARCIA DOS SANTOS;GAB DO SUBPROCURADOR GERAL;PROCURADOR DO ESTADO 2A CLASSE;; ESTATUTARIO;37769,26;;37769,26;13335,17;24434,09;
FATIMA PICANCO BARBOSA;COORD. ADMINISTRAT./FINANCEIRA;AGENTE DE MANUTENCAO-PGE;; ESTATUTARIO;4811,06;;4811,06;740,36;4070,70;
FELIPE DE OLIVEIRA PANTOJA;CARGOS COMISSIONADOS S/VINCULO;ASSESSOR III;; CARGO COMISSION.S/VINCULO;3191,80;;3191,80;327,46;2864,34;
FERNANDA BATALHA IANNUZZI;CARGOS COMISSIONADOS S/VINCULO;ASSESSOR I;; CARGO COMISSION.S/VINCULO;5229,77;;5229,77;957,83;4271,94;
FERNANDA FURTADO DE MENDONCA PINTO;CARGOS COMISSIONADOS S/VINCULO;ASSESSOR II;ASSESSOR II; CARGO COMISSION.S/VINCULO;4209,79;;4209,79;597,14;3612,65;
FRANCISCA RUBIM MIRANDA;COORD. ADMINISTRAT./FINANCEIRA;ASSISTENTE PROCURATORIAL-PGE;CHEFE DE SECRETARIA; ESTATUTARIO;9471,86;;9471,86;2296,02;7175,84;
FRANCISCO BOLIVAR RUFINO DE ARAUJO;COORD. ADMINISTRAT./FINANCEIRA;AGENTE DE SEGURANCA-PGE;; ESTATUTARIO;4801,36;;4801,36;763,12;4038,24;
FRANKLIN ARTHUR MARTINZ FILHO;GAB DO SUBPROCURADOR GERAL;PROCURADOR DO ESTADO 3A CLASSE;; ESTATUTARIO;35032,26;;35032,26;12304,69;22727,57;
FRANQUIMAR DE LIMA BARNABE;SERV. DO QUADRO SUPLEMENTAR;AUXILIAR DE SERVICOS GERAIS;; ESTATUTARIO;3825,73;;3825,73;462,38;3363,35;
GABRIELA MUNIZ DE MOURA;GAB DO SUBPROCURADOR GERAL;PROCURADOR DO ESTADO 3A CLASSE;; ESTATUTARIO;33734,77;;33734,77;11764,05;21970,72;
GEIZA CASTRO DE SENA;CARGOS COMISSIONADOS S/VINCULO;ASSESSOR ESPECIAL;ASSESSOR ESPECIAL; CARGO COMISSION.S/VINCULO;5229,77;;5229,77;957,83;4271,94;
GILBERT CHARLES DA SILVA LADISLAU;COORD. ADMINISTRAT./FINANCEIRA;AGENTE DE SEGURANCA-PGE;; ESTATUTARIO;8779,40;;8779,40;1519,64;7259,76;
GIORDANO BRUNO COSTA DA CRUZ;GAB DO SUBPROCURADOR GERAL;PROCURADOR DO ESTADO 3A CLASSE;PROCURADOR GERAL; ESTATUTARIO;61478,24;19827,32;41650,92;14336,07;27314,85;
GLADSTON ARAUJO NICOLAU;COORD. ADMINISTRAT./FINANCEIRA;AUXILIAR PROCURATORIAL-PGE;; ESTATUTARIO;4308,76;;4308,76;604,69;3704,07;
GLICIA PEREIRA BRAGA;GAB DO SUBPROCURADOR GERAL;PROCURADOR DO ESTADO 2A CLASSE;; ESTATUTARIO;40467,06;;40467,06;14350,89;26116,17;
GRACIETE DA SILVA VALENTE;COORD. ADMINISTRAT./FINANCEIRA;ASSISTENTE PROCURATORIAL-PGE;CHEFE DE SECRET.; ESTATUTARIO;9713,13;;9713,13;2383,86;7329,27;
GUARACY TAVARES EDWARDS;SERV. DO QUADRO SUPLEMENTAR;ASSISTENTE ADMINISTRATIVO;; ESTATUTARIO;4029,96;;4029,96;699,08;3330,88;
GUILHERMINA INEZ DE LIMA BATISTA;COORD. ADMINISTRAT./FINANCEIRA;ASSISTENTE PROCURATORIAL-PGE;; ESTATUTARIO;5374,48;;5374,48;1071,54;4302,94;
GUSTAVO CABREJOS MARQUES;CARGOS COMISSIONADOS S/VINCULO;ASSESSOR IV;NAO INFORMADO; CARGO COMISSION.S/VINCULO;3175,61;;3175,61;324,29;2851,32;
HELGA COSTA MENDONCA DE REZENDE;GAB DO SUBPROCURADOR GERAL;PROCURADOR DO ESTADO 3A CLASSE;ASSESSOR I; ESTATUTARIO;36329,75;;36329,75;12741,06;23588,69;
HELLEN CRISTINA SILVA MORAES;COORD. ADMINISTRAT./FINANCEIRA;ASSISTENTE PROCURATORIAL-PGE;; ESTATUTARIO;8952,80;;8952,80;2067,33;6885,47;
HELOYSA SIMONETTI TEIXEIRA;GAB DO SUBPROCURADOR GERAL;PROCURADOR DO ESTADO 1A CLASSE;DIRETOR; ESTATUTARIO;49418,28;7767,36;41650,92;14796,61;26854,31;
HERALDO ALFAIA DA SILVA;COORD. ADMINISTRAT./FINANCEIRA;AGENTE DE MANUTENCAO-PGE;; ESTATUTARIO;4365,28;;4365,28;667,42;3697,86;
INDRA MARA DOS SANTOS BESSA;GAB DO SUBPROCURADOR GERAL;PROCURADOR DO ESTADO 1A CLASSE;; ESTATUTARIO;51791,96;4309,91;47482,05;16400,17;31081,88;
INEIDE GOMES DE SOUZA MELO;COORD. ADMINISTRAT./FINANCEIRA;AGENTE DE MANUTENCAO-PGE;; ESTATUTARIO;4821,04;;4821,04;769,96;4051,08;
INGRID KHAMYLLA MONTEIRO XIMENES DE;GAB DO SUBPROCURADOR GERAL;PROCURADOR DO ESTADO 2A CLASSE;; ESTATUTARIO;37769,26;;37769,26;13335,17;24434,09;
IOLANDA MELO MESQUITA;CARGOS COMISSIONADOS S/VINCULO;ASSESSOR III;NAO INFORMADO; CARGO COMISSION.S/VINCULO;3191,80;;3191,80;327,46;2864,34;
ISABELA PERES RUSSO;GAB DO SUBPROCURADOR GERAL;PROCURADOR DO ESTADO 2A CLASSE;ASSESSORA-CHEFE; ESTATUTARIO;44118,16;2467,24;41650,92;14487,40;27163,52;
ISAIAS DE LIMA SOARES;COORD. ADMINISTRAT./FINANCEIRA;AGENTE DE SEGURANCA-PGE;; ESTATUTARIO;4067,25;;4067,25;532,42;3534,83;
ISALTINO JOSE BARBOSA NETO;GAB DO SUBPROCURADOR GERAL;PROCURADOR DO ESTADO 3A CLASSE;SUBPROCURADOR GERAL; ESTATUTARIO;41834,77;183,85;41650,92;13993,12;27657,80;
ISLENE BOTELHO BARROSO;COORD. ADMINISTRAT./FINANCEIRA;ASSISTENTE PROCURATORIAL-PGE;COORDENADOR AD-1; ESTATUTARIO;12488,52;;12488,52;3216,12;9272,40;
IVANIA LUCIA SILVA COSTA;GAB DO SUBPROCURADOR GERAL;PROCURADOR DO ESTADO 3A CLASSE;; ESTATUTARIO;36329,75;;36329,75;12793,19;23536,56;
JACIQUARA TAVARES EDWARDS;COORD. ADMINISTRAT./FINANCEIRA;ASSISTENTE PROCURATORIAL-PGE;CHEFE DE SECRETARIA; ESTATUTARIO;8521,08;;8521,08;1949,91;6571,17;
JACSON DE FRAN A LAURINDO;COORD. ADMINISTRAT./FINANCEIRA;AGENTE DE MANUTENCAO-PGE;; ESTATUTARIO;5680,62;;5680,62;727,10;4953,52;
JAIR AGOSTINHO PEREIRA PINTO;CARGOS COMISSIONADOS S/VINCULO;ASSESSOR II;; CARGO COMISSION.S/VINCULO;4209,79;;4209,79;585,61;3624,18;
JANDIRA MARQUES DA SILVA;COORD. ADMINISTRAT./FINANCEIRA;AUXILIAR PROCURATORIAL-PGE;; ESTATUTARIO;4821,04;;4821,04;769,96;4051,08;
JANE CLAY PAIXAO DA SILVA;COORD. ADMINISTRAT./FINANCEIRA;ASSISTENTE PROCURATORIAL-PGE;; ESTATUTARIO;5374,48;;5374,48;1026,39;4348,09;
JANILSON DA COSTA BARROS;GAB DO SUBPROCURADOR GERAL;PROCURADOR DO ESTADO 3A CLASSE;; ESTATUTARIO;35032,26;;35032,26;7816,48;27215,78;
JANSER NEY CARNEIRO FREIRE;COORD. ADMINISTRAT./FINANCEIRA;AGENTE DE MANUTENCAO-PGE;; ESTATUTARIO;4347,79;;4347,79;661,03;3686,76;
JEFFERSON DA COSTA CORDEIRO;COORD. ADMINISTRAT./FINANCEIRA;TECNICO EM GESTAO PROCURATORIAL-PGE;; ESTATUTARIO;11160,25;;11160,25;2910,88;8249,37;
JESSE JORGE DE CARVALHO LINS;COORD. ADMINISTRAT./FINANCEIRA;ASSISTENTE PROCURATORIAL-PGE;CHEFE DE SECRETARIA; ESTATUTARIO;9445,40;;9445,40;2286,39;7159,01;
JOAO AUGUSTO BRUCE LOUREIRO;COORD. ADMINISTRAT./FINANCEIRA;ASSISTENTE PROCURATORIAL-PGE;; ESTATUTARIO;5374,48;;5374,48;1071,54;4302,94;
JOAO DE SA BEZERRA;COORD. ADMINISTRAT./FINANCEIRA;AGENTE DE SEGURANCA-PGE;; ESTATUTARIO;4476,40;;4476,40;650,09;3826,31;
JOAO DO NASCIMENTO SANTOS;COORD. ADMINISTRAT./FINANCEIRA;AGENTE DE SEGURANCA-PGE;CHEFE DE SECRETARIA; ESTATUTARIO;7779,40;;7779,40;1622,91;6156,49;
JOAO MARCOS CONCEICAO BERNARDO;CARGOS COMISSIONADOS S/VINCULO;ASSESSOR II;; CARGO COMISSION.S/VINCULO;4209,79;;4209,79;597,14;3612,65;
JOAO VITOR CASTELLO BRANCO GIRAO;CARGOS COMISSIONADOS S/VINCULO;ASSESSOR II;NAO INFORMADO; CARGO COMISSION.S/VINCULO;4209,79;;4209,79;597,14;3612,65;
JONAS DE PAULA MELO;COORD. ADMINISTRAT./FINANCEIRA;ASSISTENTE PROCURATORIAL-PGE;; ESTATUTARIO;5518,17;;5518,17;1072,39;4445,78;
JONATAS DOS SANTOS MEDEIROS;COORD. ADMINISTRAT./FINANCEIRA;AUXILIAR PROCURATORIAL-PGE;; ESTATUTARIO;8429,52;;8429,52;1710,61;6718,91;
JORGE DE SOUZA SALES;COORD. ADMINISTRAT./FINANCEIRA;AGENTE DE MANUTENCAO-PGE;; ESTATUTARIO;4476,40;;4476,40;601,09;3875,31;
JORGE MONTEIRO MOTA;COORD. ADMINISTRAT./FINANCEIRA;AGENTE DE MANUTENCAO-PGE;; ESTATUTARIO;4067,25;;4067,25;498,95;3568,30;
JOSE AUGUSTO MENEZES DA ROCHA;COORD. ADMINISTRAT./FINANCEIRA;ASSISTENTE PROCURATORIAL-PGE;ASSIST. DE CHEFIA; ESTATUTARIO;10445,40;;10445,40;2561,39;7884,01;
JOSE DARIO DE MATTOS NASCIMENTO;CARGOS COMISSIONADOS S/VINCULO;ASSESSOR III;; CARGO COMISSION.S/VINCULO;4191,80;;4191,80;591,93;3599,87;
JOSE MEDEIROS FILHO;COORD. ADMINISTRAT./FINANCEIRA;MOTORISTA-PGE;; ESTATUTARIO;5292,14;;5292,14;938,79;4353,35;
JOSE MIGUEL BATALHA SERRA;COORD. ADMINISTRAT./FINANCEIRA;ASSISTENTE PROCURATORIAL-PGE;; ESTATUTARIO;4714,46;;4714,46;920,54;3793,92;
JOSE RUY BALIEIRO LIMA;COORD. ADMINISTRAT./FINANCEIRA;MOTORISTA-PGE;; ESTATUTARIO;5192,65;;5192,65;959,60;4233,05;
JOSETE PEREIRA DE ALBUQUERQUE;COORD. ADMINISTRAT./FINANCEIRA;ASSISTENTE PROCURATORIAL-PGE;ASSISTENTE TECNICO; ESTATUTARIO;5584,07;;5584,07;1136,93;4447,14;
JUAREZ DE ALMEIDA CUNHA;COORD. ADMINISTRAT./FINANCEIRA;AGENTE ADMINISTRATIVO 3A CLASSE;; ESTATUTARIO;4164,28;;4164,28;632,34;3531,94;
JUCELINNO ARAUJO LIMA;GAB DO SUBPROCURADOR GERAL;PROCURADOR DO ESTADO 3A CLASSE;; ESTATUTARIO;50169,65;;50169,65;16678,72;33490,93;
JUCINEIDE MOREIRA DE SOUZA;COORD. ADMINISTRAT./FINANCEIRA;AGENTE DE MANUTENCAO-PGE;; ESTATUTARIO;4500,53;;4500,53;658,49;3842,04;
JULIA AKEMI TSUTSUI PEIXOTO;CARGOS COMISSIONADOS S/VINCULO;ASSESSOR II;ASSESSOR II; CARGO COMISSION.S/VINCULO;4209,79;;4209,79;597,14;3612,65;
JULIO CESAR DE VASCONCELLOS ASSAD;GAB DO SUBPROCURADOR GERAL;PROCURADOR DO ESTADO 2A CLASSE;; ESTATUTARIO;126466,70;1513,94;124952,76;14692,34;110260,42;
JULIO CEZAR LIMA BRANDAO;GAB DO SUBPROCURADOR GERAL;PROCURADOR DO ESTADO 1A CLASSE;; ESTATUTARIO;51637,48;4155,43;47482,05;16348,04;31134,01;
KALINA MADDY MACEDO COHEN;GAB DO SUBPROCURADOR GERAL;PROCURADOR DO ESTADO 2A CLASSE;; ESTATUTARIO;44118,16;2467,24;41650,92;14435,26;27215,66;
KARINA ARAUJO NERY;CARGOS COMISSIONADOS S/VINCULO;ASSESSOR III;; CARGO COMISSION.S/VINCULO;3191,80;;3191,80;327,46;2864,34;
KARINE ROBERTA SOUZA DA SILVA;CARGOS COMISSIONADOS S/VINCULO;ASSESSOR I;NAO INFORMADO; CARGO COMISSION.S/VINCULO;5229,77;;5229,77;957,83;4271,94;
KARLA BRITO NOVO;GAB DO SUBPROCURADOR GERAL;PROCURADOR DO ESTADO 2A CLASSE;; ESTATUTARIO;37769,26;;37769,26;10603,31;27165,95;
KATIA SANTOS CASTELLO BRANCO;COORD. ADMINISTRAT./FINANCEIRA;ASSISTENTE PROCURATORIAL-PGE;; ESTATUTARIO;5848,98;;5848,98;1230,91;4618,07;
KERINNE MARIA FREITAS PINHEIRO;GAB DO SUBPROCURADOR GERAL;PROCURADOR DO ESTADO 3A CLASSE;; ESTATUTARIO;32437,28;;32437,28;11327,68;21109,60;
KEVIN SHOU HIGASHIOKA;CARGOS COMISSIONADOS S/VINCULO;ASSESSOR I;ASSESSOR I; CARGO COMISSION.S/VINCULO;6973,03;;6973,03;1614,17;5358,86;
KLYSSIA ALVES DA SILVA MOURA;CARGOS COMISSIONADOS S/VINCULO;ASSESSOR I;NAO INFORMADO; CARGO COMISSION.S/VINCULO;14236,59;;14236,59;2440,54;11796,05;
LAERCIO DE CASTRO DOURADO JUNIOR;GAB DO SUBPROCURADOR GERAL;PROCURADOR DO ESTADO 3A CLASSE;; ESTATUTARIO;38924,74;;38924,74;13718,06;25206,68;
LARISSA AFONSO DOMINGUES DE CASTRO;CARGOS COMISSIONADOS S/VINCULO;ASSESSOR ESPECIAL AD-1;; CARGO COMISSION.S/VINCULO;5229,77;;5229,77;957,83;4271,94;
LEANDRO VENICIUS FONSECA ROZEIRA;GAB DO SUBPROCURADOR GERAL;PROCURADOR DO ESTADO 3A CLASSE;; ESTATUTARIO;36329,75;;36329,75;12793,19;23536,56;
LEILA MARIA RAPOSO XAVIER LEITE;GAB DO SUBPROCURADOR GERAL;PROCURADOR DO ESTADO 2A CLASSE;; ESTATUTARIO;48995,99;1513,94;47482,05;16400,17;31081,88;
LEONARDO DE BORBOREMA BLASCH;GAB DO SUBPROCURADOR GERAL;PROCURADOR DO ESTADO 2A CLASSE;PROCURADOR-CHEFE; ESTATUTARIO;44118,16;2467,24;41650,92;12487,62;29163,30;
LILIAN VALERIA DO SOCORRO DA COSTA;COORD. ADMINISTRAT./FINANCEIRA;ASSISTENTE PROCURATORIAL-PGE;CHEFE DE SECRET.; ESTATUTARIO;8879,97;;8879,97;2101,71;6778,26;
LISIEUX RIBEIRO LIMA;GAB DO SUBPROCURADOR GERAL;PROCURADOR DO ESTADO 3A CLASSE;SECRETARIO CONS.PROC; ESTATUTARIO;37321,35;;37321,35;13065,88;24255,47;
LORENA SILVA DE ALBUQUERQUE;GAB DO SUBPROCURADOR GERAL;PROCURADOR DO ESTADO 3A CLASSE;; ESTATUTARIO;37627,24;;37627,24;13281,69;24345,55;
LUCAS MAJEDIEU DAMASCENO DA CUNHA;CARGOS COMISSIONADOS S/VINCULO;ASSESSOR III;ASSESSOR III; CARGO COMISSION.S/VINCULO;4255,73;;4255,73;610,47;3645,26;
LUCAS MATHEUS MARTINS DOS SANTOS;CARGOS COMISSIONADOS S/VINCULO;ASSESSOR II;ASSESSOR II; CARGO COMISSION.S/VINCULO;5613,05;;5613,05;1102,13;4510,92;
LUCIANA ARAUJO PAES;GAB DO SUBPROCURADOR GERAL;PROCURADOR DO ESTADO 3A CLASSE;; ESTATUTARIO;48439,67;;48439,67;16123,42;32316,25;
LUCIANA BARROSO DE FREITAS;GAB DO SUBPROCURADOR GERAL;PROCURADOR DO ESTADO 3A CLASSE;; ESTATUTARIO;36329,75;;36329,75;12793,19;23536,56;
LUCIANA DE CASTRO SANTORO;SERV. DO QUADRO SUPLEMENTAR;TEC. DE NIVEL SUPERIOR 1A CLASSE;; ESTATUTARIO;6264,53;;6264,53;1453,51;4811,02;
LUCIANA GUIMARAES PINHEIRO VIEIRA;GAB DO SUBPROCURADOR GERAL;PROCURADOR DO ESTADO 2A CLASSE;PROCURADOR-CHEFE; ESTATUTARIO;45467,06;3816,14;41650,92;14624,31;27026,61;
LUIS CARLOS DE PAULA E SOUSA;GAB DO SUBPROCURADOR GERAL;PROCURADOR DO ESTADO 1A CLASSE;; ESTATUTARIO;62744,98;1379,29;61365,69;20166,04;41199,65;
LUIS EDUARDO MENDES DANTAS;GAB DO SUBPROCURADOR GERAL;PROCURADOR DO ESTADO 3A CLASSE;PROCURADOR-CHEFE; ESTATUTARIO;38734,77;;38734,77;8865,00;29869,77;
LUISA TEODORA DE LIMA BORGES;CARGOS COMISSIONADOS S/VINCULO;ASSESSOR IV;ASSESSOR IV; CARGO COMISSION.S/VINCULO;3175,61;;3175,61;324,29;2851,32;
LUIZ GUSTAVO LOPES FURTADO BATISTA;CARGOS COMISSIONADOS S/VINCULO;ASSESSOR III;NAO INFORMADO; CARGO COMISSION.S/VINCULO;3191,80;;3191,80;327,46;2864,34;
MANUEL NOGUEIRA DA SILVA;COORD. ADMINISTRAT./FINANCEIRA;MOTORISTA-PGE;; ESTATUTARIO;4407,23;;4407,23;640,63;3766,60;
MARCELLO HENRIQUE SOARES CIPRIANO;GAB DO SUBPROCURADOR GERAL;PROCURADOR DO ESTADO 2A CLASSE;PROCURADOR-CHEFE; ESTATUTARIO;45467,06;3816,14;41650,92;14624,31;27026,61;
MARCELO AUGUSTO ALBUQUERQUE DA CUNH;GAB DO SUBPROCURADOR GERAL;PROCURADOR DO ESTADO 1A CLASSE;; ESTATUTARIO;41642,14;;41642,14;14793,31;26848,83;
MARCELO VIANA CORREA;CARGOS COMISSIONADOS S/VINCULO;ASSESSOR III;ASSESSOR III; CARGO COMISSION.S/VINCULO;3085,40;;3085,40;306,71;2778,69;
MARCELO YURI MENDONCA OLIVEIRA;CARGOS COMISSIONADOS S/VINCULO;ASSESSOR II;ASSESSOR II; CARGO COMISSION.S/VINCULO;4209,79;;4209,79;597,14;3612,65;
MARCIA SENA CASTRO DE SOUZA;CARGOS COMISSIONADOS S/VINCULO;COORDENADOR;COORDENADOR AD-1; CARGO COMISSION.S/VINCULO;5229,77;;5229,77;957,83;4271,94;
MARIA AUXILIADORA AIRES DE SOUZA;CARGOS COMISSIONADOS S/VINCULO;ASSESSOR II;; CARGO COMISSION.S/VINCULO;5613,05;;5613,05;1102,13;4510,92;
MARIA DAS GRACAS BELEM DO NASCIMENT;COORD. ADMINISTRAT./FINANCEIRA;AUXILIAR DE SERV GERAIS 2A CLASSE;; ESTATUTARIO;3834,47;;3834,47;464,91;3369,56;
MARIA DE BELEM CARDOSO DE ANDRADE;CARGOS COMISSIONADOS S/VINCULO;GERENTE;NAO INFORMADO; CARGO COMISSION.S/VINCULO;4209,79;;4209,79;597,14;3612,65;
MARIA DE FATIMA BRASIL AVELINO;COORD. ADMINISTRAT./FINANCEIRA;TELEFONISTA 180 HS;ASSIST.DE SECRET.; ESTATUTARIO;8872,10;;8872,10;1810,93;7061,17;
MARIA DE FATIMA SOARES GOMES;COORD. ADMINISTRAT./FINANCEIRA;ASSISTENTE PROCURATORIAL-PGE;; ESTATUTARIO;5391,19;;5391,19;1077,63;4313,56;
MARIA DE MATTIAS DE SOUZA DA COSTA;CARGOS COMISSIONADOS S/VINCULO;ASSESSOR III;NAO INFORMADO; CARGO COMISSION.S/VINCULO;3191,80;;3191,80;327,46;2864,34;
MARIA DO PERPETUO SOCORRO OLIVEIRA;COORD. ADMINISTRAT./FINANCEIRA;ASSISTENTE PROCURATORIAL-PGE;CHEFE DE SECRETARIA; ESTATUTARIO;11194,79;;11194,79;2909,69;8285,10;
MARIA DO SOCORRO PIRES DE MOURA;SERV. DO QUADRO SUPLEMENTAR;ASSISTENTE TECNICO 3A CLASSE;CHEF. DE SECRET.; ESTATUTARIO;8629,04;;8629,04;1978,30;6650,74;
MARIA FLORENCIA SILVA;GAB DO SUBPROCURADOR GERAL;PROCURADOR DO ESTADO 1A CLASSE;; ESTATUTARIO;43030,21;1379,29;41650,92;14692,34;26958,58;
MARIA GISLAINE LOUREIRO DE MORAES M;COORD. ADMINISTRAT./FINANCEIRA;ASSISTENTE PROCURATORIAL-PGE;CHEFE DE SECRETARIA; ESTATUTARIO;8879,97;;8879,97;2153,85;6726,12;
MARIA GORETH DA SILVA CALDERARO;COORD. ADMINISTRAT./FINANCEIRA;ASSISTENTE PROCURATORIAL-PGE;CHEF-DE-SECRET.; ESTATUTARIO;9853,02;;9853,02;2434,78;7418,24;
MARIA HELENA MOUSSE PORTELA;CARGOS COMISSIONADOS S/VINCULO;ASSESSOR DE ENGENHARIA;NAO INFORMADO; CARGO COMISSION.S/VINCULO;5229,77;;5229,77;957,83;4271,94;
MARIA HOSANA DE SOUZA MONTEIRO;GAB DO SUBPROCURADOR GERAL;PROCURADOR DO ESTADO 1A CLASSE;PROCURADOR-CHEFE; ESTATUTARIO;46642,14;4991,22;41650,92;14691,45;26959,47;
MARIA LUZIA DE OLIVEIRA PANTOJA;COORD. ADMINISTRAT./FINANCEIRA;ASSISTENTE PROCURATORIAL-PGE;GERENTE AD-2; ESTATUTARIO;10713,13;;10713,13;2606,72;8106,41;
MARIANA LIMA CARDOSO;CARGOS COMISSIONADOS S/VINCULO;ASSESSOR III;ASSESSOR III; CARGO COMISSION.S/VINCULO;3191,80;;3191,80;327,46;2864,34;
MARIANNA LIRA DA ROCHA;CARGOS COMISSIONADOS S/VINCULO;ASSESSOR III;ASSESSOR III; CARGO COMISSION.S/VINCULO;3191,80;;3191,80;327,46;2864,34;
MATEUS SEVERIANO DA COSTA;GAB DO SUBPROCURADOR GERAL;PROCURADOR DO ESTADO 3A CLASSE;SUBPROCURADOR GERAL; ESTATUTARIO;45966,79;4315,87;41650,92;9764,96;31885,96;
MATHEUS JOSE ALVES DE LIMA;CARGOS COMISSIONADOS S/VINCULO;ASSESSOR II;ASSESSOR II; CARGO COMISSION.S/VINCULO;4209,79;;4209,79;597,14;3612,65;
MAURO GOMES COELHO;CARGOS COMISSIONADOS S/VINCULO;ASSESSOR ESPECIAL AD-1;; CARGO COMISSION.S/VINCULO;5229,77;;5229,77;872,16;4357,61;
MICAEL PINHEIRO NEVES SILVA;GAB DO SUBPROCURADOR GERAL;PROCURADOR DO ESTADO 3A CLASSE;; ESTATUTARIO;35032,26;;35032,26;12148,28;22883,98;
MICHELLE VITORIA CUSTODIO;CARGOS COMISSIONADOS S/VINCULO;ASSESSOR II;ASSESSOR II; CARGO COMISSION.S/VINCULO;4209,79;;4209,79;597,14;3612,65;
MICKAELA ANTONY DANTAS BARROS;CARGOS COMISSIONADOS S/VINCULO;ASSESSOR ESPECIAL AD-1;; CARGO COMISSION.S/VINCULO;6973,03;;6973,03;1614,17;5358,86;
MIGUEL RIBAMAR DE OLIVEIRA PROGENIO;SERV. DO QUADRO SUPLEMENTAR;AGENTE ADMINISTRATIVO;; ESTATUTARIO;4527,73;;4527,73;743,62;3784,11;
MILTON NEVES DE SOUZA JUNIOR;CARGOS COMISSIONADOS S/VINCULO;ASSESSOR III;NAO INFORMADO; CARGO COMISSION.S/VINCULO;3191,80;;3191,80;327,46;2864,34;
MILVA DA COSTA SERUDO MARTINS;COORD. ADMINISTRAT./FINANCEIRA;ASSISTENTE PROCURATORIAL-PGE;CHEFE DE SECRET.; ESTATUTARIO;9708,77;;9708,77;2382,26;7326,51;
NATASHA YUKIE HARA DE OLIVEIRA;GAB DO SUBPROCURADOR GERAL;PROCURADOR DO ESTADO 3A CLASSE;; ESTATUTARIO;32437,28;;32437,28;11327,68;21109,60;
NICOLE ABINADER BARBOSA DE V SANTOS;CARGOS COMISSIONADOS S/VINCULO;ASSESSOR ESPECIAL;ASSESSOR ESPECIAL; CARGO COMISSION.S/VINCULO;5229,77;;5229,77;957,83;4271,94;
NISTON RIBEIRO SALDANHA;CARGOS COMISSIONADOS S/VINCULO;ASSESSOR II;; CARGO COMISSION.S/VINCULO;4209,79;;4209,79;597,14;3612,65;
NORMA SUELY LIMA DE MELO;COORD. ADMINISTRAT./FINANCEIRA;ASSISTENTE PROCURATORIAL-PGE;GERENTE AD-2; ESTATUTARIO;10435,44;;10435,44;2557,77;7877,67;
NUBIA ZELANDIA GOMES DA ROCHA;COORD. ADMINISTRAT./FINANCEIRA;ASSISTENTE PROCURATORIAL-PGE;CHEFE DE SECRETARIA; ESTATUTARIO;9374,48;;9374,48;2171,54;7202,94;
ONILDA ABREU DA SILVA;GAB DO SUBPROCURADOR GERAL;PROCURADOR DO ESTADO 1A CLASSE;; ESTATUTARIO;41642,14;5236,92;36405,22;13353,15;23052,07;
PATRICIA PETRUCCELLI MARINHO;GAB DO SUBPROCURADOR GERAL;PROCURADOR DO ESTADO 1A CLASSE;; ESTATUTARIO;82109,19;;82109,19;14689,03;67420,16;
PEDRO ANTONIO DE SOUZA MEIRELES;COORD. ADMINISTRAT./FINANCEIRA;ASSISTENTE PROCURATORIAL-PGE;GERENTE AD-2; ESTATUTARIO;10723,10;;10723,10;2662,48;8060,62;
PEDRO PICANCO BARBOSA;COORD. ADMINISTRAT./FINANCEIRA;ASSISTENTE PROCURATORIAL-PGE;; ESTATUTARIO;5384,46;;5384,46;944,27;4440,19;
RAFAEL CANDIDO DA SILVA;GAB DO SUBPROCURADOR GERAL;PROCURADOR DO ESTADO 2A CLASSE;; ESTATUTARIO;39118,15;;39118,15;13790,89;25327,26;
RAFAEL LINS BERTAZZO;GAB DO SUBPROCURADOR GERAL;PROCURADOR DO ESTADO 3A CLASSE;PROCURADOR-CHEFE; ESTATUTARIO;36329,75;;36329,75;12793,19;23536,56;
RAIANA FRANCIS DA COSTA CABRAL;CARGOS COMISSIONADOS S/VINCULO;ASSIST.ADM.DA FAZENDA EST.4A.CL.V;ASSESSOR I; ESTATUTARIO;5000,00;;5000,00;490,04;4509,96;
RAIMUNDA AZEVEDO DE SOUSA;COORD. ADMINISTRAT./FINANCEIRA;AGENTE DE MANUTENCAO-PGE;; ESTATUTARIO;5149,90;;5149,90;884,34;4265,56;
RAIMUNDA LOURDES ALVES DE ALMEIDA;SERV. DO QUADRO SUPLEMENTAR;ASSISTENTE ADMINISTRATIVO;CH DE SECRETARIA; ESTATUTARIO;7527,73;;7527,73;1577,38;5950,35;
RAIMUNDO DELFINO DA CUNHA FILHO;SERV. DO QUADRO SUPLEMENTAR;VIGIA;; ESTATUTARIO;4067,25;;4067,25;532,42;3534,83;
RAQUEL BENTES DE SOUZA DO NASCIMENT;GAB DO SUBPROCURADOR GERAL;PROCURADOR DO ESTADO 2A CLASSE;PROCURADOR-CHEFE; ESTATUTARIO;44118,16;2467,24;41650,92;14487,40;27163,52;
RAYANNE PINHEIRO DE ARAUJO SOUSA;CARGOS COMISSIONADOS S/VINCULO;COORDENADOR;COORDENADOR AD-1; CARGO COMISSION.S/VINCULO;5229,77;;5229,77;914,81;4314,96;
REBECA LIMA DOS SANTOS;CARGOS COMISSIONADOS S/VINCULO;GERENTE;GERENTE; CARGO COMISSION.S/VINCULO;4209,79;;4209,79;557,17;3652,62;
REINALDO DE ARAUJO SILVA;COORD. ADMINISTRAT./FINANCEIRA;AUXILIAR DE SERV GERAIS 3A CLASSE;; ESTATUTARIO;5112,63;;5112,63;676,28;4436,35;
RENAN TAKETOMI DE MAGALHAES;GAB DO SUBPROCURADOR GERAL;PROCURADOR DO ESTADO 3A CLASSE;PROCURADOR-CHFE; ESTATUTARIO;38734,77;;38734,77;8865,00;29869,77;
RENATA CHRISTINE SOUZA SANTOS;CARGOS COMISSIONADOS S/VINCULO;ASSESSOR II;ASSESSOR II; CARGO COMISSION.S/VINCULO;4209,79;;4209,79;597,14;3612,65;
RICARDO ANTONIO REZENDE DE JESUS;GAB DO SUBPROCURADOR GERAL;PROCURADOR DO ESTADO 1A CLASSE;; ESTATUTARIO;46642,13;4991,21;41650,92;14795,72;26855,20;
RITA DE CASSIA DE ALBUQUERQUE PINTO;SERV. DO QUADRO SUPLEMENTAR;DESENHISTA GRAFICO B;; ESTATUTARIO;4527,73;;4527,73;786,28;3741,45;
ROBERTA FERREIRA DE ANDRADE MOTA;GAB DO SUBPROCURADOR GERAL;PROCURADOR DO ESTADO 1A CLASSE;; ESTATUTARIO;41642,14;;41642,14;14741,17;26900,97;
RODECILDO LEAL DA SILVA;COORD. ADMINISTRAT./FINANCEIRA;AGENTE DE MANUTENCAO-PGE;; ESTATUTARIO;5785,40;;5785,40;981,65;4803,75;
RODRIGO DO NASCIMENTO NUNES;COORD. ADMINISTRAT./FINANCEIRA;TECNICO EM GESTAO PROCURATORIAL-PGE;TEC. NIVEL SUPERIOR; ESTATUTARIO;11160,25;;11160,25;2910,88;8249,37;
ROMULO DE SOUZA CARPINTEIRO PERES;GAB DO SUBPROCURADOR GERAL;PROCURADOR DO ESTADO 2A CLASSE;COORDENADOR AD-1; ESTATUTARIO;44118,16;2467,24;41650,92;14539,53;27111,39;
RONALD DE SOUSA CARPINTEIRO PERES;GAB DO SUBPROCURADOR GERAL;PROCURADOR DO ESTADO 1A CLASSE;CORREGEDOR; ESTATUTARIO;49742,14;8091,22;41650,92;14795,72;26855,20;
ROSINEIDE LOPES DO NASCIMENTO;COORD. ADMINISTRAT./FINANCEIRA;AGENTE DE MANUTENCAO-PGE;; ESTATUTARIO;4811,06;;4811,06;766,49;4044,57;
SALVIA DE SOUZA HADDAD;GAB DO SUBPROCURADOR GERAL;PROCURADOR DO ESTADO 3A CLASSE;ASSESSOR I; ESTATUTARIO;48793,90;976,32;47817,58;21309,33;26508,25;
SAMUEL PAES MEDEIROS;CARGOS COMISSIONADOS S/VINCULO;ASSESSOR IV;ASSESSOR IV; CARGO COMISSION.S/VINCULO;3175,61;;3175,61;324,29;2851,32;
SARA YULE AGUIAR MATOS;CARGOS COMISSIONADOS S/VINCULO;ASSESSOR II;ASSESSOR II AD-2; CARGO COMISSION.S/VINCULO;4209,79;;4209,79;597,14;3612,65;
SEBASTIAO DA COSTA E SILVA;COORD. ADMINISTRAT./FINANCEIRA;AGENTE DE MANUTENCAO-PGE;; ESTATUTARIO;4480,59;;4480,59;651,55;3829,04;
SELMA MARIA BATISTA DOS SANTOS;COORD. ADMINISTRAT./FINANCEIRA;ASSISTENTE PROCURATORIAL-PGE;COORDENADOR AD-1; ESTATUTARIO;10482,29;;10482,29;2433,65;8048,64;
SIGRID MARIA LOPES FREIRE;COORD. ADMINISTRAT./FINANCEIRA;ASSISTENTE PROCURATORIAL-PGE;; ESTATUTARIO;4952,80;;4952,80;944,08;4008,72;
SILENO KLEBER RAMOS LINS;SERV. DO QUADRO SUPLEMENTAR;VIGIA;; ESTATUTARIO;3825,73;;3825,73;462,38;3363,35;
SIMONETE GOMES SANTOS ARAUJO;GAB DO SUBPROCURADOR GERAL;PROCURADOR DO ESTADO 1A CLASSE;; ESTATUTARIO;48861,34;1379,29;47482,05;16400,17;31081,88;
SOLANGE CORREA NUNES;SERV. DO QUADRO SUPLEMENTAR;ASSISTENTE ADMINISTRATIVO;CHEFE DE SECRETARIA; ESTATUTARIO;8629,04;;8629,04;1978,30;6650,74;
SUELEM CARNEIRO FONSECA;CARGOS COMISSIONADOS S/VINCULO;GERENTE;NAO INFORMADO; CARGO COMISSION.S/VINCULO;4209,79;;4209,79;597,14;3612,65;
SUZY CORDEIRO ACRIZ;CARGOS COMISSIONADOS S/VINCULO;ASSESSOR II;NAO INFORMADO; CARGO COMISSION.S/VINCULO;4209,79;;4209,79;597,14;3612,65;
TADEU DE SOUZA SILVA;GAB DO SUBPROCURADOR GERAL;PROCURADOR DO ESTADO 3A CLASSE;VICE GOVERNADOR; ESTATUTARIO;38924,74;;38924,74;13044,20;25880,54;
TATIANA DA COSTA PAZ;CARGOS COMISSIONADOS S/VINCULO;ASSESSOR II;; CARGO COMISSION.S/VINCULO;4209,79;;4209,79;597,14;3612,65;
TATIANNE VIEIRA ASSAYAG TOLEDO;GAB DO SUBPROCURADOR GERAL;PROCURADOR DO ESTADO 2A CLASSE;; ESTATUTARIO;39118,16;5879,05;33239,11;12069,88;21169,23;
TAYNAH DE AMORIM LACERDA;CARGOS COMISSIONADOS S/VINCULO;ASSESSOR ESPECIAL;ASSESSOR ESPECIAL; CARGO COMISSION.S/VINCULO;5229,77;;5229,77;957,83;4271,94;
TENORIO DOS SANTOS TEIXEIRA;COORD. ADMINISTRAT./FINANCEIRA;AGENTE DE MANUTENCAO-PGE;; ESTATUTARIO;4486,38;;4486,38;653,57;3832,81;
THAIS SOUZA DE OLIVEIRA;CARGOS COMISSIONADOS S/VINCULO;ASSESSOR II;ASSESSOR II; CARGO COMISSION.S/VINCULO;4209,79;;4209,79;597,14;3612,65;
THAYANA PAMELA AMAZONAS PRAIA;CARGOS COMISSIONADOS S/VINCULO;ASSESSOR I;NAO INFORMADO; CARGO COMISSION.S/VINCULO;5229,77;;5229,77;957,83;4271,94;
THELCYANNE DE CARVALHO NUNES DIAS;GAB DO SUBPROCURADOR GERAL;PROCURADOR DO ESTADO 3A CLASSE;; ESTATUTARIO;36329,75;;36329,75;12793,19;23536,56;
THIAGO ARAUJO REZENDE MENDES;GAB DO SUBPROCURADOR GERAL;PROCURADOR DO ESTADO 3A CLASSE;; ESTATUTARIO;35032,26;;35032,26;12304,69;22727,57;
THIAGO OLIVEIRA COSTA;GAB DO SUBPROCURADOR GERAL;PROCURADOR DO ESTADO 3A CLASSE;; ESTATUTARIO;35032,26;;35032,26;12304,69;22727,57;
THIAGO OLIVEIRA FARIAS;CARGOS COMISSIONADOS S/VINCULO;ASSESSOR I;NAO INFORMADO; CARGO COMISSION.S/VINCULO;5229,77;;5229,77;957,83;4271,94;
TICIANO ALVES E SILVA;GAB DO SUBPROCURADOR GERAL;PROCURADOR DO ESTADO 2A CLASSE;; ESTATUTARIO;37769,25;;37769,25;13335,17;24434,08;
VALTER ALFAIA DA SILVA;COORD. ADMINISTRAT./FINANCEIRA;MOTORISTA-PGE;; ESTATUTARIO;5292,14;;5292,14;938,79;4353,35;
VANESSA KARINE QUEIROZ GOMES;SERV. DO QUADRO SUPLEMENTAR;ASSISTENTE ADMINISTRATIVO;CHEFE DE SECRET.; ESTATUTARIO;7952,80;;7952,80;1740,20;6212,60;
VANESSA LIMA DO NASCIMENTO;GAB DO SUBPROCURADOR GERAL;PROCURADOR DO ESTADO 3A CLASSE;COORDENADOR; ESTATUTARIO;38734,77;;38734,77;13191,18;25543,59;
VANESSA PONTES DOS SANTOS RODRIGUES;CARGOS COMISSIONADOS S/VINCULO;ASSESSOR ESPECIAL AD-1;; CARGO COMISSION.S/VINCULO;5229,77;;5229,77;957,83;4271,94;
VDSON DA SILVA VERAS;COORD. ADMINISTRAT./FINANCEIRA;AGENTE DE SEGURANCA-PGE;CHEFE DE SECRET.; ESTATUTARIO;7788,14;;7788,14;1626,54;6161,60;
VICTOR FABIAN SOARES CIPRIANO;GAB DO SUBPROCURADOR GERAL;PROCURADOR DO ESTADO 3A CLASSE;; ESTATUTARIO;38924,74;;38924,74;13718,06;25206,68;
VICTOR HUGO FERREIRA CABRAL;COORD. ADMINISTRAT./FINANCEIRA;ASSISTENTE PROCURATORIAL-PGE;ASSIST.ADM.; ESTATUTARIO;4952,80;;4952,80;986,74;3966,06;
VIRGINIA NUNES BESSA;GAB DO SUBPROCURADOR GERAL;PROCURADOR DO ESTADO 3A CLASSE;; ESTATUTARIO;36329,75;;36329,75;12793,19;23536,56;
VIVALDO MUCA NORONHA JUNIOR;CARGOS COMISSIONADOS S/VINCULO;GERENTE;NAO INFORMADO; CARGO COMISSION.S/VINCULO;4209,79;;4209,79;597,14;3612,65;
VIVIAN MARIA OLIVEIRA DA FROTA;GAB DO SUBPROCURADOR GERAL;PROCURADOR DO ESTADO 3A CLASSE;; ESTATUTARIO;36329,75;;36329,75;12793,19;23536,56;
WANIA TAGNER BAIMA DE OLIVEIRA;COORD. ADMINISTRAT./FINANCEIRA;ASSISTENTE PROCURATORIAL-PGE;CHEFE DE SECRET.; ESTATUTARIO;8871,23;;8871,23;2150,56;6720,67;
YARA DA SILVA LIMA;COORD. ADMINISTRAT./FINANCEIRA;AUXILIAR PROCURATORIAL-PGE;CHEFE DE SECRETARIA; ESTATUTARIO;8395,19;;8395,19;1804,79;6590,40;
YOLANDA CORREA PEREIRA;GAB DO SUBPROCURADOR GERAL;PROCURADOR DO ESTADO 2A CLASSE;; ESTATUTARIO;39981,45;;39981,45;13669,69;26311,76;
