NOME;LOTACAO;CARGO;FUNCAO;VINCULO;REMUNERACAO LEGAL TOTAL(R$);DESC.TETO(R$); REMUNERACAO LEGAL DEVIDA(R$);DESCONTOS LEGAIS(R$);LIQUIDO DISPONIVEL(R$);
ADERVAN FERREIRA CRUZ;COORD. ADMINISTRAT./FINANCEIRA;ASSISTENTE PROCURATORIAL-PGE;GERENTE AD-2; ESTATUTARIO;9384,46;;9384,46;2190,77;7193,69;
ADRIANA GOMES MATOS;CARGOS COMISSIONADOS S/VINCULO;ASSESSOR IV;; CARGO COMISSION.S/VINCULO;3175,61;;3175,61;344,21;2831,40;
ADRIANE SIMOES ASSAYAG RIBEIRO;GAB DO SUBPROCURADOR GERAL;PROCURADOR DO ESTADO 1A CLASSE;; ESTATUTARIO;43030,21;3736,89;39293,32;13872,43;25420,89;
ADRIANO CEZAR LINS CARLOS;CARGOS COMISSIONADOS S/VINCULO;ASSESSOR II;ASSESSOR II; CARGO COMISSION.S/VINCULO;7156,64;;7156,64;1699,09;5457,55;
AGDA MARTINS COLADO LIMA;COORD. ADMINISTRAT./FINANCEIRA;ASSISTENTE PROCURATORIAL-PGE;; ESTATUTARIO;4547,66;;4547,66;808,26;3739,40;
AGENILSO DE JESUS FIGUEIRA;SERV. DO QUADRO SUPLEMENTAR;AGENTE DE SEGURANCA-PGE;; ESTATUTARIO;3842,53;;3842,53;338,12;3504,41;
ALDENOR DE SOUZA RABELO;GAB DO SUBPROCURADOR GERAL;PROCURADOR DO ESTADO 3A CLASSE;COORDENADOR; ESTATUTARIO;41329,75;2036,43;39293,32;13623,78;25669,54;
ALINE TEIXEIRA LEAL NUNES;GAB DO SUBPROCURADOR GERAL;PROCURADOR DO ESTADO 3A CLASSE;; ESTATUTARIO;36329,75;;36329,75;12808,79;23520,96;
ALMINO PEREIRA TINOCO;COORD. ADMINISTRAT./FINANCEIRA;AGENTE DE SEGURANCA-PGE;; ESTATUTARIO;5293,13;;5293,13;958,71;4334,42;
ALTIZA PEREIRA DE SOUZA;GAB DO SUBPROCURADOR GERAL;PROCURADOR DO ESTADO 3A CLASSE;; ESTATUTARIO;41519,72;2226,40;39293,32;13924,57;25368,75;
AMANDA GOMES DA SILVA DO NASCIMENTO;CARGOS COMISSIONADOS S/VINCULO;ASSESSOR II;ASSESSOR II; CARGO COMISSION.S/VINCULO;5613,05;;5613,05;1117,93;4495,12;
AMERICO SILVA MARTINS;COORD. ADMINISTRAT./FINANCEIRA;AGENTE DE SEGURANCA-PGE;; ESTATUTARIO;4779,40;;4779,40;837,38;3942,02;
ANA BEATRIZ SILVA NOVAES;CARGOS COMISSIONADOS S/VINCULO;ASSESSOR II;NAO INFORMADO; CARGO COMISSION.S/VINCULO;4209,79;;4209,79;633,12;3576,67;
ANA CAROLINA FROTA DESIDERI;CARGOS COMISSIONADOS S/VINCULO;ASSESSOR II;ASSESSOR II; CARGO COMISSION.S/VINCULO;4209,79;;4209,79;633,12;3576,67;
ANA CAROLINA JUNQUEIRA CASTRO;CARGOS COMISSIONADOS S/VINCULO;ASSESSOR I;NAO INFORMADO; CARGO COMISSION.S/VINCULO;5229,77;;5229,77;973,62;4256,15;
ANA CLEA DA COSTA BAIMA;COORD. ADMINISTRAT./FINANCEIRA;AUXILIAR PROCURATORIAL-PGE;; ESTATUTARIO;4821,04;;4821,04;801,82;4019,22;
ANA EIMAR CORREA COELHO;SERV. DO QUADRO SUPLEMENTAR;ASSISTENTE TECNICO 3A CLASSE;CHEFE DE SECRETARIA; ESTATUTARIO;8629,04;;8629,04;1993,90;6635,14;
ANA EUNICE CARNEIRO ALVES;GAB DO SUBPROCURADOR GERAL;PROCURADOR DO ESTADO 1A CLASSE;; ESTATUTARIO;51471,71;6677,33;44794,38;15437,36;29357,02;
ANA JESSICA GUIMARAES DE M MATTOS;CARGOS COMISSIONADOS S/VINCULO;ASSESSOR I;ASSESSOR I; CARGO COMISSION.S/VINCULO;5229,77;;5229,77;973,62;4256,15;
ANA LUCIA BESSA WANDERLEY SABINO;COORD. ADMINISTRAT./FINANCEIRA;ASSISTENTE PROCURATORIAL-PGE;ASSIST.DE SECRET.; ESTATUTARIO;10435,44;;10435,44;2573,37;7862,07;
ANA MARCELA GRANA DE ALMEIDA;GAB DO SUBPROCURADOR GERAL;PROCURADOR DO ESTADO 3A CLASSE;; ESTATUTARIO;35032,26;;35032,26;12320,29;22711,97;
ANDRE LUIZ REGO DA SILVA;CARGOS COMISSIONADOS S/VINCULO;ASSESSOR ESPECIAL AD-1;; CARGO COMISSION.S/VINCULO;5229,77;;5229,77;973,62;4256,15;
ANDREA PEREIRA DE FREITAS;GAB DO SUBPROCURADOR GERAL;PROCURADOR DO ESTADO 3A CLASSE;; ESTATUTARIO;35032,26;;35032,26;12320,29;22711,97;
ANDREZA SAMPAIO PROGENIO;CARGOS COMISSIONADOS S/VINCULO;ASSESSOR I;ASSESSOR I; CARGO COMISSION.S/VINCULO;5229,77;;5229,77;973,62;4256,15;
ANGELA BEATRIZ GONCALVES F O BASTOS;GAB DO SUBPROCURADOR GERAL;PROCURADOR DO ESTADO 1A CLASSE;; ESTATUTARIO;43030,21;3736,89;39293,32;13820,30;25473,02;
ANGELA MARIA MENDONCA VIEIRA;SERV. DO QUADRO SUPLEMENTAR;ASSISTENTE TECNICO 1A CLASSE;CHEFE DE SEC.; ESTATUTARIO;8629,04;;8629,04;1993,90;6635,14;
ANNA KARINA LEAO BRASIL SALAMA;GAB DO SUBPROCURADOR GERAL;PROCURADOR DO ESTADO 2A CLASSE;; ESTATUTARIO;41815,96;2522,64;39293,32;13820,30;25473,02;
ANNE CAROLINE DOS SANTOS FERNANDES;CARGOS COMISSIONADOS S/VINCULO;ASSESSOR III;; CARGO COMISSION.S/VINCULO;3191,80;;3191,80;367,36;2824,44;
ANNY KELLY ALENCAR BARRETO LIMA;CARGOS COMISSIONADOS S/VINCULO;ASSESSOR III;NAO INFORMADO; CARGO COMISSION.S/VINCULO;3191,80;;3191,80;367,36;2824,44;
APARECIDA SANTOS MELO;COORD. ADMINISTRAT./FINANCEIRA;AUXILIAR PROCURATORIAL-PGE;CHEFE DE SECRETARIA; ESTATUTARIO;8333,00;;8333,00;1746,08;6586,92;
ARETUZA CARVALHO RIBEIRO;CARGOS COMISSIONADOS S/VINCULO;ASSESSOR III;NAO INFORMADO; CARGO COMISSION.S/VINCULO;3191,80;;3191,80;367,36;2824,44;
ARTHUR MARCEL BATISTA GOMES;GAB DO SUBPROCURADOR GERAL;PROCURADOR DO ESTADO 3A CLASSE;; ESTATUTARIO;36329,75;;36329,75;12808,79;23520,96;
ARTUR CESAR CUNHA DOS SANTOS JUNIOR;CARGOS COMISSIONADOS S/VINCULO;COORDENADOR;COORDENADOR AD-1; CARGO COMISSION.S/VINCULO;5229,77;;5229,77;973,62;4256,15;
BARBARA FERNANDEZ DE BASTOS;GAB DO SUBPROCURADOR GERAL;PROCURADOR DO ESTADO 3A CLASSE;; ESTATUTARIO;32437,28;;32437,28;7179,12;25258,16;
BARBARA YOLE ARAUJO DE SOUSA;CARGOS COMISSIONADOS S/VINCULO;ASSESSOR I;NAO INFORMADO; DISP. OUTROS ESFERAS;18865,29;;18865,29;5247,22;13618,07;
BENEDITO EVALDO DE LIMA MORENO;GAB DO SUBPROCURADOR GERAL;PROCURADOR DO ESTADO 3A CLASSE;; ESTATUTARIO;47020,78;2226,40;44794,38;14387,85;30406,53;
BRUNA CAROLINE SAMPAIO SANTORO;CARGOS COMISSIONADOS S/VINCULO;ASSESSOR III;ASSESSOR III; CARGO COMISSION.S/VINCULO;3191,80;;3191,80;367,36;2824,44;
CAMILLA PEREIRA DE MARCOS;GAB DO SUBPROCURADOR GERAL;PROCURADOR DO ESTADO 3A CLASSE;; ESTATUTARIO;43249,71;;43249,71;14316,69;28933,02;
CARLOS ALBERTO DE MORAES R FILHO;GAB DO SUBPROCURADOR GERAL;PROCURADOR DO ESTADO 1A CLASSE;; ESTATUTARIO;43030,21;3736,89;39293,32;13924,57;25368,75;
CARLOS ALEXANDRE MOREIRA C M MATOS;GAB DO SUBPROCURADOR GERAL;PROCURADOR DO ESTADO 2A CLASSE;SUBPROCURADOR GERAL; ESTATUTARIO;40467,06;1173,74;39293,32;13716,02;25577,30;
CASSIA MAISA BEZERRA DA S FERNANDES;COORD. ADMINISTRAT./FINANCEIRA;ASSISTENTE PROCURATORIAL-PGE;CHEFE DE SECRETARIA; ESTATUTARIO;9871,23;;9871,23;2389,02;7482,21;
CELIO ALCANTARA CIPRIANO;COORD. ADMINISTRAT./FINANCEIRA;ASSISTENTE PROCURATORIAL-PGE;CHEF.DE SECRET.; ESTATUTARIO;7970,41;;7970,41;1452,07;6518,34;
CHRISTIANNE DI FELICIO F SILVA;CARGOS COMISSIONADOS S/VINCULO;ASSESSOR I;ASSESSOR I; CARGO COMISSION.S/VINCULO;5229,77;;5229,77;973,62;4256,15;
CLARA MARIA LINDOSO E LIMA;GAB DO SUBPROCURADOR GERAL;PROCURADOR DO ESTADO 2A CLASSE;; ESTATUTARIO;92959,24;8871,54;84087,70;15437,36;68650,34;
CLOVIS SMITH FROTA JUNIOR;GAB DO SUBPROCURADOR GERAL;PROCURADOR DO ESTADO 2A CLASSE;; ESTATUTARIO;40467,06;1173,74;39293,32;8904,27;30389,05;
DAIANE VIEIRA DE SOUZA SOARES;COORD. ADMINISTRAT./FINANCEIRA;ASSISTENTE PROCURATORIAL-PGE;COORDENADOR  AD-1; ESTATUTARIO;10871,23;;10871,23;2664,02;8207,21;
DANIEL PINHEIRO VIEGAS;GAB DO SUBPROCURADOR GERAL;PROCURADOR DO ESTADO 3A CLASSE;PROCURADOR-CHEFE; ESTATUTARIO;42627,24;3333,92;39293,32;13755,47;25537,85;
DANIEL SOMBRA DA SILVA;SERV. DO QUADRO SUPLEMENTAR;MOTORISTA A;ASSIST DE CHEFIA; ESTATUTARIO;8769,50;;8769,50;1831,05;6938,45;
DANIELLE LIMA DE FIGUEIREDO;CARGOS COMISSIONADOS S/VINCULO;ASSESSOR IV;; CARGO COMISSION.S/VINCULO;3175,61;;3175,61;336,75;2838,86;
DARCI MACEDO FERREIRA;COORD. ADMINISTRAT./FINANCEIRA;AGENTE DE MANUTENCAO-PGE;; ESTATUTARIO;4801,10;;4801,10;795,43;4005,67;
DARCYCLEIDE MARA CORREA PAIXAO;COORD. ADMINISTRAT./FINANCEIRA;ASSISTENTE PROCURATORIAL-PGE;CHEFE DE SECRETARIA; ESTATUTARIO;8380,09;;8380,09;1914,18;6465,91;
DEBORA BANDEIRA DIAS KOENOW;GAB DO SUBPROCURADOR GERAL;PROCURADOR DO ESTADO 3A CLASSE;; ESTATUTARIO;40032,26;738,94;39293,32;13492,08;25801,24;
DENISA CRISTINA COSTA PARENTE;CARGOS COMISSIONADOS S/VINCULO;ASSESSOR II;ASSESSOR II; CARGO COMISSION.S/VINCULO;4209,79;;4209,79;633,12;3576,67;
DIOGO DINIZ FERREIRA DE CARVALHO;GAB DO SUBPROCURADOR GERAL;PROCURADOR DO ESTADO 3A CLASSE;; ESTATUTARIO;61937,28;;61937,28;19226,61;42710,67;
DOMINIK THAYNA TAMURA DE OLIVEIRA;CARGOS COMISSIONADOS S/VINCULO;ASSESSOR IV;ASSESSOR IV; CARGO COMISSION.S/VINCULO;3175,61;;3175,61;363,27;2812,34;
EDDA MARIA FELIX DA SILVA CARVALHO;CARGOS COMISSIONADOS S/VINCULO;ASSESSOR II AD-2;; CARGO COMISSION.S/VINCULO;4209,79;;4209,79;601,44;3608,35;
EDILSON NONATO DA COSTA;SERV. DO QUADRO SUPLEMENTAR;AUXILIAR TECNICO;; ESTATUTARIO;4577,57;;4577,57;817,83;3759,74;
EDMILSON DOS SANTOS GOMES;COORD. ADMINISTRAT./FINANCEIRA;AGENTE DE SEGURANCA-PGE;; ESTATUTARIO;4339,05;;4339,05;690,53;3648,52;
EDNA ARAUJO LIMA;COORD. ADMINISTRAT./FINANCEIRA;AGENTE DE MANUTENCAO-PGE;COORDENADOR AD-1; ESTATUTARIO;10313,06;;10313,06;2288,82;8024,24;
EDYSSANDRO ALBUQUERQUE BATISTA;SERV. DO QUADRO SUPLEMENTAR;ASSISTENTE ADMINISTRATIVO;; ESTATUTARIO;3986,74;;3986,74;653,80;3332,94;
ELIDA DE LIMA REIS CORREA;GAB DO SUBPROCURADOR GERAL;PROCURADOR DO ESTADO 3A CLASSE;; ESTATUTARIO;53130,03;738,94;52391,09;17093,97;35297,12;
ELIETE SANTIAGO GARCIA;COORD. ADMINISTRAT./FINANCEIRA;ASSISTENTE PROCURATORIAL-PGE;; ESTATUTARIO;5374,48;;5374,48;1087,14;4287,34;
ELIRACILDA MARTINS CASTRO;CARGOS COMISSIONADOS S/VINCULO;ASSESSOR II;; CARGO COMISSION.S/VINCULO;4209,79;;4209,79;633,12;3576,67;
ELIZABETH LOPES DUARTE;CARGOS COMISSIONADOS S/VINCULO;ASSESSOR II;; CARGO COMISSION.S/VINCULO;4209,79;;4209,79;633,12;3576,67;
ELLEN FLORENCIO SANTOS ROCHA;GAB DO SUBPROCURADOR GERAL;PROCURADOR DO ESTADO 1A CLASSE;; ESTATUTARIO;56127,98;3736,89;52391,09;17526,46;34864,63;
ELZILENE BANDEIRA CARVALHO;CARGOS COMISSIONADOS S/VINCULO;ASSESSOR II;; CARGO COMISSION.S/VINCULO;4209,79;;4209,79;601,44;3608,35;
EMERSON DE SOUZA ALFAIA;COORD. ADMINISTRAT./FINANCEIRA;AGENTE DE MANUTENCAO-PGE;; ESTATUTARIO;4067,25;;4067,25;571,43;3495,82;
EMERSON GOMES SANTOS;CARGOS COMISSIONADOS S/VINCULO;ASSESSOR II;NAO INFORMADO; CARGO COMISSION.S/VINCULO;4209,79;;4209,79;601,44;3608,35;
EMIGLEIA SOARES GOMES;COORD. ADMINISTRAT./FINANCEIRA;ASSISTENTE PROCURATORIAL-PGE;; ESTATUTARIO;5432,54;;5432,54;1108,27;4324,27;
EMYLLE MARIA MARQUES DE LIMA;CARGOS COMISSIONADOS S/VINCULO;ASSESSOR II;ASSESSOR II; CARGO COMISSION.S/VINCULO;4209,79;;4209,79;633,12;3576,67;
ERNANDO SIMIAO DA SILVA FILHO;GAB DO SUBPROCURADOR GERAL;PROCURADOR DO ESTADO 3A CLASSE;; ESTATUTARIO;38924,73;;38924,73;13577,25;25347,48;
EUCILENE ANDRADE DE C E SANTO;CARGOS COMISSIONADOS S/VINCULO;ASSESSOR CONTABIL;NAO INFORMADO; CARGO COMISSION.S/VINCULO;5229,77;;5229,77;973,62;4256,15;
EUGENIO AUGUSTO CARVALHO SEELIG;GAB DO SUBPROCURADOR GERAL;PROCURADOR DO ESTADO 3A CLASSE;PROCURADOR-CHEFE; ESTATUTARIO;38734,77;;38734,77;13206,78;25527,99;
EUGENIO NUNES SILVA;GAB DO SUBPROCURADOR GERAL;PROCURADOR DO ESTADO 3A CLASSE;SUBPROCURADOR GERAL; ESTATUTARIO;45727,24;6433,92;39293,32;13755,47;25537,85;
EVANDRO EZIDRO DE LIMA REGIS;GAB DO SUBPROCURADOR GERAL;PROCURADOR DO ESTADO 1A CLASSE;; ESTATUTARIO;43030,21;3736,89;39293,32;9550,17;29743,15;
FABIANO BURIOL;GAB DO SUBPROCURADOR GERAL;PROCURADOR DO ESTADO 3A CLASSE;; ESTATUTARIO;38924,73;;38924,73;13785,80;25138,93;
FABIO PEREIRA GARCIA DOS SANTOS;GAB DO SUBPROCURADOR GERAL;PROCURADOR DO ESTADO 2A CLASSE;; ESTATUTARIO;37769,26;;37769,26;13350,77;24418,49;
FATIMA PICANCO BARBOSA;COORD. ADMINISTRAT./FINANCEIRA;AGENTE DE MANUTENCAO-PGE;; ESTATUTARIO;4811,06;;4811,06;755,96;4055,10;
FELIPE DE OLIVEIRA PANTOJA;CARGOS COMISSIONADOS S/VINCULO;ASSESSOR III;; CARGO COMISSION.S/VINCULO;3191,80;;3191,80;367,36;2824,44;
FERNANDA BATALHA IANNUZZI;CARGOS COMISSIONADOS S/VINCULO;ASSESSOR I;; CARGO COMISSION.S/VINCULO;5229,77;;5229,77;973,62;4256,15;
FERNANDA FURTADO DE MENDONCA PINTO;CARGOS COMISSIONADOS S/VINCULO;ASSESSOR II;ASSESSOR II; CARGO COMISSION.S/VINCULO;4209,79;;4209,79;633,12;3576,67;
FRANCISCA RUBIM MIRANDA;COORD. ADMINISTRAT./FINANCEIRA;ASSISTENTE PROCURATORIAL-PGE;CHEFE DE SECRETARIA; ESTATUTARIO;9471,86;;9471,86;2311,62;7160,24;
FRANCISCO BOLIVAR RUFINO DE ARAUJO;COORD. ADMINISTRAT./FINANCEIRA;AGENTE DE SEGURANCA-PGE;; ESTATUTARIO;4801,36;;4801,36;795,51;4005,85;
FRANKLIN ARTHUR MARTINZ FILHO;GAB DO SUBPROCURADOR GERAL;PROCURADOR DO ESTADO 3A CLASSE;; ESTATUTARIO;35032,26;;35032,26;12320,29;22711,97;
FRANQUIMAR DE LIMA BARNABE;SERV. DO QUADRO SUPLEMENTAR;AUXILIAR DE SERVICOS GERAIS;; ESTATUTARIO;3825,73;;3825,73;506,46;3319,27;
GABRIELA MUNIZ DE MOURA;GAB DO SUBPROCURADOR GERAL;PROCURADOR DO ESTADO 3A CLASSE;; ESTATUTARIO;33734,77;;33734,77;11779,65;21955,12;
GEIZA CASTRO DE SENA;CARGOS COMISSIONADOS S/VINCULO;ASSESSOR ESPECIAL;ASSESSOR ESPECIAL; CARGO COMISSION.S/VINCULO;5229,77;;5229,77;973,62;4256,15;
GENICE SOCORRO FONSECA COELHO;COORD. ADMINISTRAT./FINANCEIRA;ASSISTENTE PROCURATORIAL-PGE;; ESTATUTARIO;5374,48;;5374,48;1087,14;4287,34;
GILBERT CHARLES DA SILVA LADISLAU;COORD. ADMINISTRAT./FINANCEIRA;AGENTE DE SEGURANCA-PGE;; ESTATUTARIO;8779,40;;8779,40;1540,02;7239,38;
GIORDANO BRUNO COSTA DA CRUZ;GAB DO SUBPROCURADOR GERAL;PROCURADOR DO ESTADO 3A CLASSE;PROCURADOR GERAL; ESTATUTARIO;61478,24;22184,92;39293,32;13703,33;25589,99;
GLADSTON ARAUJO NICOLAU;COORD. ADMINISTRAT./FINANCEIRA;AUXILIAR PROCURATORIAL-PGE;; ESTATUTARIO;4308,76;;4308,76;647,80;3660,96;
GLICIA PEREIRA BRAGA;GAB DO SUBPROCURADOR GERAL;PROCURADOR DO ESTADO 2A CLASSE;; ESTATUTARIO;40467,06;1173,74;39293,32;13924,57;25368,75;
GRACIETE DA SILVA VALENTE;COORD. ADMINISTRAT./FINANCEIRA;ASSISTENTE PROCURATORIAL-PGE;CHEFE DE SECRET.; ESTATUTARIO;9713,13;;9713,13;2399,46;7313,67;
GUARACY TAVARES EDWARDS;SERV. DO QUADRO SUPLEMENTAR;ASSISTENTE ADMINISTRATIVO;; ESTATUTARIO;4029,96;;4029,96;714,68;3315,28;
GUILHERMINA INEZ DE LIMA BATISTA;COORD. ADMINISTRAT./FINANCEIRA;ASSISTENTE PROCURATORIAL-PGE;; ESTATUTARIO;5374,48;;5374,48;1087,14;4287,34;
GUSTAVO CABREJOS MARQUES;CARGOS COMISSIONADOS S/VINCULO;ASSESSOR IV;NAO INFORMADO; CARGO COMISSION.S/VINCULO;3175,61;;3175,61;363,27;2812,34;
HELGA COSTA MENDONCA DE REZENDE;GAB DO SUBPROCURADOR GERAL;PROCURADOR DO ESTADO 3A CLASSE;ASSESSOR I; ESTATUTARIO;41329,75;2036,43;39293,32;13571,64;25721,68;
HELLEN CRISTINA SILVA MORAES;COORD. ADMINISTRAT./FINANCEIRA;ASSISTENTE PROCURATORIAL-PGE;; ESTATUTARIO;8952,80;;8952,80;2082,93;6869,87;
HELOYSA SIMONETTI TEIXEIRA;GAB DO SUBPROCURADOR GERAL;PROCURADOR DO ESTADO 1A CLASSE;DIRETOR; ESTATUTARIO;88711,60;10124,96;78586,64;13924,57;64662,07;
HERALDO ALFAIA DA SILVA;COORD. ADMINISTRAT./FINANCEIRA;AGENTE DE MANUTENCAO-PGE;; ESTATUTARIO;4821,04;;4821,04;801,82;4019,22;
INDRA MARA DOS SANTOS BESSA;GAB DO SUBPROCURADOR GERAL;PROCURADOR DO ESTADO 1A CLASSE;; ESTATUTARIO;51461,89;6667,51;44794,38;15437,36;29357,02;
INEIDE GOMES DE SOUZA MELO;COORD. ADMINISTRAT./FINANCEIRA;AGENTE DE MANUTENCAO-PGE;; ESTATUTARIO;4821,04;;4821,04;801,82;4019,22;
INGRID KHAMYLLA MONTEIRO X SOUSA;GAB DO SUBPROCURADOR GERAL;PROCURADOR DO ESTADO 3A CLASSE;; ESTATUTARIO;36329,75;;36329,75;12808,79;23520,96;
IOLANDA MELO MESQUITA;CARGOS COMISSIONADOS S/VINCULO;ASSESSOR III;NAO INFORMADO; CARGO COMISSION.S/VINCULO;3191,80;;3191,80;367,36;2824,44;
ISABELA PERES RUSSO;GAB DO SUBPROCURADOR GERAL;PROCURADOR DO ESTADO 2A CLASSE;ASSESSORA-CHEFE; ESTATUTARIO;83411,48;4824,84;78586,64;13854,66;64731,98;
ISAIAS DE LIMA SOARES;COORD. ADMINISTRAT./FINANCEIRA;AGENTE DE SEGURANCA-PGE;; ESTATUTARIO;4067,25;;4067,25;571,43;3495,82;
ISALTINO JOSE BARBOSA NETO;GAB DO SUBPROCURADOR GERAL;PROCURADOR DO ESTADO 3A CLASSE;SUBPROCURADOR GERAL; ESTATUTARIO;54932,54;2541,45;52391,09;16962,27;35428,82;
ISLENE BOTELHO BARROSO;COORD. ADMINISTRAT./FINANCEIRA;ASSISTENTE PROCURATORIAL-PGE;COORDENADOR AD-1; ESTATUTARIO;12488,52;;12488,52;3231,72;9256,80;
IVANIA LUCIA SILVA COSTA;GAB DO SUBPROCURADOR GERAL;PROCURADOR DO ESTADO 3A CLASSE;; ESTATUTARIO;36329,75;;36329,75;12808,79;23520,96;
JACIQUARA TAVARES EDWARDS;COORD. ADMINISTRAT./FINANCEIRA;ASSISTENTE PROCURATORIAL-PGE;CHEFE DE SECRETARIA; ESTATUTARIO;8521,08;;8521,08;1965,51;6555,57;
JAIR AGOSTINHO PEREIRA PINTO;CARGOS COMISSIONADOS S/VINCULO;ASSESSOR II;; CARGO COMISSION.S/VINCULO;4209,79;;4209,79;601,44;3608,35;
JANDIRA MARQUES DA SILVA;COORD. ADMINISTRAT./FINANCEIRA;AUXILIAR PROCURATORIAL-PGE;; ESTATUTARIO;4821,04;;4821,04;801,82;4019,22;
JANE CLAY PAIXAO DA SILVA;COORD. ADMINISTRAT./FINANCEIRA;ASSISTENTE PROCURATORIAL-PGE;; ESTATUTARIO;5374,48;;5374,48;1041,99;4332,49;
JANEIDE RAMALHO DE SOUZA;COORD. ADMINISTRAT./FINANCEIRA;ASSISTENTE PROCURATORIAL-PGE;; ESTATUTARIO;4714,46;;4714,46;893,48;3820,98;
JANILSON DA COSTA BARROS;GAB DO SUBPROCURADOR GERAL;PROCURADOR DO ESTADO 3A CLASSE;; ESTATUTARIO;35032,26;;35032,26;7832,08;27200,18;
JANSER NEY CARNEIRO FREIRE;COORD. ADMINISTRAT./FINANCEIRA;AGENTE DE MANUTENCAO-PGE;; ESTATUTARIO;4347,79;;4347,79;693,44;3654,35;
JEFFERSON DA COSTA CORDEIRO;COORD. ADMINISTRAT./FINANCEIRA;TECNICO EM GESTAO PROCURATORIAL-PGE;; ESTATUTARIO;11160,25;;11160,25;2926,48;8233,77;
JESSE JORGE DE CARVALHO LINS;COORD. ADMINISTRAT./FINANCEIRA;ASSISTENTE PROCURATORIAL-PGE;CHEFE DE SECRETARIA; ESTATUTARIO;9445,40;;9445,40;2301,99;7143,41;
JOAO AUGUSTO BRUCE LOUREIRO;COORD. ADMINISTRAT./FINANCEIRA;ASSISTENTE PROCURATORIAL-PGE;; ESTATUTARIO;5374,48;;5374,48;1087,14;4287,34;
JOAO DE SA BEZERRA;COORD. ADMINISTRAT./FINANCEIRA;AGENTE DE SEGURANCA-PGE;; ESTATUTARIO;4476,40;;4476,40;691,47;3784,93;
JOAO DO NASCIMENTO SANTOS;COORD. ADMINISTRAT./FINANCEIRA;AGENTE DE SEGURANCA-PGE;CHEFE DE SECRETARIA; ESTATUTARIO;7779,40;;7779,40;1642,43;6136,97;
JOAO MARCOS CONCEICAO BERNARDO;CARGOS COMISSIONADOS S/VINCULO;ASSESSOR II;; CARGO COMISSION.S/VINCULO;4209,79;;4209,79;633,12;3576,67;
JOAO VITOR CASTELLO BRANCO GIRAO;CARGOS COMISSIONADOS S/VINCULO;ASSESSOR II;NAO INFORMADO; CARGO COMISSION.S/VINCULO;4209,79;;4209,79;633,12;3576,67;
JONAS DE PAULA MELO;COORD. ADMINISTRAT./FINANCEIRA;ASSISTENTE PROCURATORIAL-PGE;; ESTATUTARIO;5518,17;;5518,17;1087,99;4430,18;
JONATAS DOS SANTOS MEDEIROS;COORD. ADMINISTRAT./FINANCEIRA;AUXILIAR PROCURATORIAL-PGE;; ESTATUTARIO;8429,52;;8429,52;1755,18;6674,34;
JORGE DE SOUZA SALES;COORD. ADMINISTRAT./FINANCEIRA;AGENTE DE MANUTENCAO-PGE;; ESTATUTARIO;4476,40;;4476,40;640,37;3836,03;
JORGE MONTEIRO MOTA;COORD. ADMINISTRAT./FINANCEIRA;AGENTE DE MANUTENCAO-PGE;; ESTATUTARIO;4067,25;;4067,25;514,55;3552,70;
JOSE AUGUSTO MENEZES DA ROCHA;COORD. ADMINISTRAT./FINANCEIRA;ASSISTENTE PROCURATORIAL-PGE;ASSIST. DE CHEFIA; ESTATUTARIO;10445,40;;10445,40;2576,99;7868,41;
JOSE DARIO DE MATTOS NASCIMENTO;CARGOS COMISSIONADOS S/VINCULO;ASSESSOR III;; CARGO COMISSION.S/VINCULO;3191,80;;3191,80;367,36;2824,44;
JOSE MEDEIROS FILHO;COORD. ADMINISTRAT./FINANCEIRA;MOTORISTA-PGE;; ESTATUTARIO;5292,14;;5292,14;958,35;4333,79;
JOSE MIGUEL BATALHA SERRA;COORD. ADMINISTRAT./FINANCEIRA;ASSISTENTE PROCURATORIAL-PGE;; ESTATUTARIO;4714,46;;4714,46;936,14;3778,32;
JOSE RUY BALIEIRO LIMA;COORD. ADMINISTRAT./FINANCEIRA;MOTORISTA-PGE;; ESTATUTARIO;5192,65;;5192,65;975,20;4217,45;
JOSETE PEREIRA DE ALBUQUERQUE;COORD. ADMINISTRAT./FINANCEIRA;ASSISTENTE PROCURATORIAL-PGE;ASSISTENTE TECNICO; ESTATUTARIO;5584,07;;5584,07;1152,53;4431,54;
JUAREZ DE ALMEIDA CUNHA;COORD. ADMINISTRAT./FINANCEIRA;AGENTE ADMINISTRATIVO 3A CLASSE;; ESTATUTARIO;4164,28;;4164,28;648,41;3515,87;
JUCELINNO ARAUJO LIMA;GAB DO SUBPROCURADOR GERAL;PROCURADOR DO ESTADO 3A CLASSE;; ESTATUTARIO;37627,24;;37627,24;13245,16;24382,08;
JUCINEIDE MOREIRA DE SOUZA;COORD. ADMINISTRAT./FINANCEIRA;AGENTE DE MANUTENCAO-PGE;; ESTATUTARIO;4500,53;;4500,53;699,20;3801,33;
JULIA AKEMI TSUTSUI PEIXOTO;CARGOS COMISSIONADOS S/VINCULO;ASSESSOR II;ASSESSOR II; CARGO COMISSION.S/VINCULO;4209,79;;4209,79;633,12;3576,67;
JULIO CESAR DE VASCONCELLOS ASSAD;GAB DO SUBPROCURADOR GERAL;PROCURADOR DO ESTADO 3A CLASSE;; ESTATUTARIO;41519,72;2226,40;39293,32;13820,30;25473,02;
JULIO CEZAR LIMA BRANDAO;GAB DO SUBPROCURADOR GERAL;PROCURADOR DO ESTADO 1A CLASSE;; ESTATUTARIO;85099,67;6513,03;78586,64;13872,43;64714,21;
KALINA MADDY MACEDO COHEN;GAB DO SUBPROCURADOR GERAL;PROCURADOR DO ESTADO 2A CLASSE;; ESTATUTARIO;57215,93;4824,84;52391,09;17404,41;34986,68;
KARINA ARAUJO NERY;CARGOS COMISSIONADOS S/VINCULO;ASSESSOR III;; CARGO COMISSION.S/VINCULO;3191,80;;3191,80;367,36;2824,44;
KARINE ROBERTA SOUZA DA SILVA;CARGOS COMISSIONADOS S/VINCULO;ASSESSOR I;NAO INFORMADO; CARGO COMISSION.S/VINCULO;5229,77;;5229,77;973,62;4256,15;
KARLA BRITO NOVO;GAB DO SUBPROCURADOR GERAL;PROCURADOR DO ESTADO 2A CLASSE;; ESTATUTARIO;37769,26;;37769,26;10618,91;27150,35;
KATIA SANTOS CASTELLO BRANCO;COORD. ADMINISTRAT./FINANCEIRA;ASSISTENTE PROCURATORIAL-PGE;; ESTATUTARIO;5639,01;;5639,01;1172,53;4466,48;
KERINNE MARIA FREITAS PINHEIRO;GAB DO SUBPROCURADOR GERAL;PROCURADOR DO ESTADO 3A CLASSE;; ESTATUTARIO;32437,28;;32437,28;11343,28;21094,00;
KEVIN SHOU HIGASHIOKA;CARGOS COMISSIONADOS S/VINCULO;ASSESSOR I;ASSESSOR I; CARGO COMISSION.S/VINCULO;5229,77;;5229,77;973,62;4256,15;
KLYSSIA ALVES DA SILVA MOURA;CARGOS COMISSIONADOS S/VINCULO;ASSESSOR I;NAO INFORMADO; CARGO COMISSION.S/VINCULO;5229,77;;5229,77;973,62;4256,15;
LAERCIO DE CASTRO DOURADO JUNIOR;GAB DO SUBPROCURADOR GERAL;PROCURADOR DO ESTADO 3A CLASSE;; ESTATUTARIO;38924,74;;38924,74;13733,66;25191,08;
LARISSA AFONSO DOMINGUES DE CASTRO;CARGOS COMISSIONADOS S/VINCULO;ASSESSOR ESPECIAL AD-1;; CARGO COMISSION.S/VINCULO;5229,77;;5229,77;973,62;4256,15;
LEANDRO VENICIUS FONSECA ROZEIRA;GAB DO SUBPROCURADOR GERAL;PROCURADOR DO ESTADO 3A CLASSE;; ESTATUTARIO;36329,75;;36329,75;12808,79;23520,96;
LEILA MARIA RAPOSO XAVIER LEITE;GAB DO SUBPROCURADOR GERAL;PROCURADOR DO ESTADO 2A CLASSE;; ESTATUTARIO;48665,92;3871,54;44794,38;15437,36;29357,02;
LEONARDO DE BORBOREMA BLASCH;GAB DO SUBPROCURADOR GERAL;PROCURADOR DO ESTADO 2A CLASSE;PROCURADOR-CHEFE; ESTATUTARIO;44118,16;4824,84;39293,32;12751,02;26542,30;
LILIAN VALERIA DO SOCORRO C HADDAD;COORD. ADMINISTRAT./FINANCEIRA;ASSISTENTE PROCURATORIAL-PGE;CHEFE DE SECRET.; ESTATUTARIO;8879,97;;8879,97;2117,31;6762,66;
LISIEUX RIBEIRO LIMA;GAB DO SUBPROCURADOR GERAL;PROCURADOR DO ESTADO 3A CLASSE;; ESTATUTARIO;36329,75;;36329,75;12808,79;23520,96;
LORENA SILVA DE ALBUQUERQUE;GAB DO SUBPROCURADOR GERAL;PROCURADOR DO ESTADO 3A CLASSE;; ESTATUTARIO;37627,24;;37627,24;13297,29;24329,95;
LUCAS MAJEDIEU DAMASCENO DA CUNHA;CARGOS COMISSIONADOS S/VINCULO;ASSESSOR III;ASSESSOR III; CARGO COMISSION.S/VINCULO;3191,80;;3191,80;367,36;2824,44;
LUCAS MATHEUS MARTINS DOS SANTOS;CARGOS COMISSIONADOS S/VINCULO;ASSESSOR II;ASSESSOR II; CARGO COMISSION.S/VINCULO;4209,79;;4209,79;633,12;3576,67;
LUCIANA ARAUJO PAES;GAB DO SUBPROCURADOR GERAL;PROCURADOR DO ESTADO 3A CLASSE;; ESTATUTARIO;36329,75;;36329,75;12808,79;23520,96;
LUCIANA BARROSO DE FREITAS;GAB DO SUBPROCURADOR GERAL;PROCURADOR DO ESTADO 3A CLASSE;; ESTATUTARIO;36329,75;;36329,75;12808,79;23520,96;
LUCIANA DE CASTRO SANTORO;SERV. DO QUADRO SUPLEMENTAR;TEC. DE NIVEL SUPERIOR 1A CLASSE;; ESTATUTARIO;6264,53;;6264,53;1469,11;4795,42;
LUCIANA GUIMARAES PINHEIRO VIEIRA;GAB DO SUBPROCURADOR GERAL;PROCURADOR DO ESTADO 2A CLASSE;PROCURADOR-CHEFE; ESTATUTARIO;45467,06;6173,74;39293,32;13872,43;25420,89;
LUIS CARLOS DE PAULA E SOUSA;GAB DO SUBPROCURADOR GERAL;PROCURADOR DO ESTADO 1A CLASSE;; ESTATUTARIO;43030,21;3736,89;39293,32;13872,43;25420,89;
LUIS EDUARDO MENDES DANTAS;GAB DO SUBPROCURADOR GERAL;PROCURADOR DO ESTADO 3A CLASSE;PROCURADOR-CHEFE; ESTATUTARIO;38734,77;;38734,77;8880,60;29854,17;
LUISA TEODORA DE LIMA BORGES;CARGOS COMISSIONADOS S/VINCULO;ASSESSOR IV;ASSESSOR IV; CARGO COMISSION.S/VINCULO;3175,61;;3175,61;363,27;2812,34;
LUIZ GUSTAVO LOPES FURTADO BATISTA;CARGOS COMISSIONADOS S/VINCULO;ASSESSOR III;NAO INFORMADO; CARGO COMISSION.S/VINCULO;3191,80;;3191,80;367,36;2824,44;
MANUEL NOGUEIRA DA SILVA;COORD. ADMINISTRAT./FINANCEIRA;MOTORISTA-PGE;; ESTATUTARIO;2755,13;;2755,13;420,63;2334,50;
MARCELLO HENRIQUE SOARES CIPRIANO;GAB DO SUBPROCURADOR GERAL;PROCURADOR DO ESTADO 2A CLASSE;PROCURADOR-CHEFE; ESTATUTARIO;45467,06;6173,74;39293,32;13872,43;25420,89;
MARCELO AUGUSTO ALBUQUERQUE CUNHA;GAB DO SUBPROCURADOR GERAL;PROCURADOR DO ESTADO 1A CLASSE;; ESTATUTARIO;41642,14;2348,82;39293,32;13924,57;25368,75;
MARCELO YURI MENDONCA OLIVEIRA;CARGOS COMISSIONADOS S/VINCULO;ASSESSOR II;ASSESSOR II; CARGO COMISSION.S/VINCULO;4209,79;;4209,79;633,12;3576,67;
MARCIA SENA CASTRO DE SOUZA;CARGOS COMISSIONADOS S/VINCULO;COORDENADOR;COORDENADOR AD-1; CARGO COMISSION.S/VINCULO;5229,77;;5229,77;973,62;4256,15;
MARIA AUXILIADORA AIRES DE SOUZA;CARGOS COMISSIONADOS S/VINCULO;ASSESSOR II;; CARGO COMISSION.S/VINCULO;4209,79;;4209,79;633,12;3576,67;
MARIA DAS GRACAS BELEM NASCIMENTO;COORD. ADMINISTRAT./FINANCEIRA;AUXILIAR DE SERV GERAIS 2A CLASSE;; ESTATUTARIO;3834,47;;3834,47;508,81;3325,66;
MARIA DE BELEM CARDOSO DE ANDRADE;CARGOS COMISSIONADOS S/VINCULO;GERENTE;NAO INFORMADO; CARGO COMISSION.S/VINCULO;4209,79;;4209,79;633,12;3576,67;
MARIA DE FATIMA BRASIL AVELINO;COORD. ADMINISTRAT./FINANCEIRA;TELEFONISTA 180 HS;ASSIST.DE SECRET.; ESTATUTARIO;8872,10;;8872,10;1826,53;7045,57;
MARIA DE FATIMA SOARES GOMES;COORD. ADMINISTRAT./FINANCEIRA;ASSISTENTE PROCURATORIAL-PGE;; ESTATUTARIO;5391,19;;5391,19;1093,23;4297,96;
MARIA DE MATTIAS DE SOUZA DA COSTA;CARGOS COMISSIONADOS S/VINCULO;ASSESSOR III;NAO INFORMADO; CARGO COMISSION.S/VINCULO;3191,80;;3191,80;367,36;2824,44;
MARIA DO PERPETUO SOCORRO O SANTOS;COORD. ADMINISTRAT./FINANCEIRA;ASSISTENTE PROCURATORIAL-PGE;CHEFE DE SECRETARIA; ESTATUTARIO;11194,79;;11194,79;2925,29;8269,50;
MARIA DO SOCORRO PIRES DE MOURA;SERV. DO QUADRO SUPLEMENTAR;ASSISTENTE TECNICO 3A CLASSE;CHEF. DE SECRET.; ESTATUTARIO;8629,04;;8629,04;1993,90;6635,14;
MARIA FLORENCIA SILVA;GAB DO SUBPROCURADOR GERAL;PROCURADOR DO ESTADO 2A CLASSE;; ESTATUTARIO;41815,96;2522,64;39293,32;13820,30;25473,02;
MARIA GISLAINE LOUREIRO DE M MATTOS;COORD. ADMINISTRAT./FINANCEIRA;ASSISTENTE PROCURATORIAL-PGE;CHEFE DE SECRETARIA; ESTATUTARIO;8879,97;;8879,97;2169,45;6710,52;
MARIA GORETH DA SILVA CALDERARO;COORD. ADMINISTRAT./FINANCEIRA;ASSISTENTE PROCURATORIAL-PGE;CHEF-DE-SECRET.; ESTATUTARIO;9853,02;;9853,02;2450,38;7402,64;
MARIA HELENA MOUSSE PORTELA;CARGOS COMISSIONADOS S/VINCULO;ASSESSOR DE ENGENHARIA;NAO INFORMADO; CARGO COMISSION.S/VINCULO;5229,77;;5229,77;973,62;4256,15;
MARIA HOSANA DE SOUZA MONTEIRO;GAB DO SUBPROCURADOR GERAL;PROCURADOR DO ESTADO 1A CLASSE;PROCURADOR-CHEFE; ESTATUTARIO;46642,14;7348,82;39293,32;13820,30;25473,02;
MARIA LUZIA DE OLIVEIRA PANTOJA;COORD. ADMINISTRAT./FINANCEIRA;ASSISTENTE PROCURATORIAL-PGE;GERENTE AD-2; ESTATUTARIO;10713,13;;10713,13;2622,32;8090,81;
MARIANA LIMA CARDOSO;CARGOS COMISSIONADOS S/VINCULO;ASSESSOR III;ASSESSOR III; CARGO COMISSION.S/VINCULO;3191,80;;3191,80;367,36;2824,44;
MARIANNA LIRA DA ROCHA;CARGOS COMISSIONADOS S/VINCULO;ASSESSOR III;ASSESSOR III; CARGO COMISSION.S/VINCULO;3191,80;;3191,80;367,36;2824,44;
MATEUS SEVERIANO DA COSTA;GAB DO SUBPROCURADOR GERAL;PROCURADOR DO ESTADO 3A CLASSE;SUBPROCURADOR GERAL; ESTATUTARIO;45966,79;6673,47;39293,32;9187,33;30105,99;
MATHEUS JOSE ALVES DE LIMA;CARGOS COMISSIONADOS S/VINCULO;ASSESSOR II;ASSESSOR II; CARGO COMISSION.S/VINCULO;4209,79;;4209,79;633,12;3576,67;
MATHEUS JOSE ALVES DE LIMA;CARGOS COMISSIONADOS S/VINCULO;ASSESSOR IV;; CARGO COMISSION.S/VINCULO;8644,71;;8644,71;;8644,71;
MAURO GOMES COELHO;CARGOS COMISSIONADOS S/VINCULO;ASSESSOR ESPECIAL AD-1;; CARGO COMISSION.S/VINCULO;5229,77;;5229,77;887,97;4341,80;
MICAEL PINHEIRO NEVES SILVA;GAB DO SUBPROCURADOR GERAL;PROCURADOR DO ESTADO 3A CLASSE;; ESTATUTARIO;35032,26;;35032,26;12163,88;22868,38;
MICKAELA ANTONY DANTAS BARROS;CARGOS COMISSIONADOS S/VINCULO;ASSESSOR ESPECIAL AD-1;; CARGO COMISSION.S/VINCULO;5229,77;;5229,77;973,62;4256,15;
MIGUEL RIBAMAR DE OLIVEIRA PROGENIO;SERV. DO QUADRO SUPLEMENTAR;AGENTE ADMINISTRATIVO;; ESTATUTARIO;4527,73;;4527,73;759,22;3768,51;
MILTON NEVES DE SOUZA JUNIOR;CARGOS COMISSIONADOS S/VINCULO;ASSESSOR III;NAO INFORMADO; CARGO COMISSION.S/VINCULO;3191,80;;3191,80;367,36;2824,44;
MILVA DA COSTA SERUDO MARTINS;COORD. ADMINISTRAT./FINANCEIRA;ASSISTENTE PROCURATORIAL-PGE;CHEFE DE SECRET.; ESTATUTARIO;9708,77;;9708,77;2397,86;7310,91;
NATASHA YUKIE HARA DE OLIVEIRA;GAB DO SUBPROCURADOR GERAL;PROCURADOR DO ESTADO 3A CLASSE;; ESTATUTARIO;43249,71;;43249,71;14316,69;28933,02;
NICOLE ABINADER BARBOSA DE V SANTOS;CARGOS COMISSIONADOS S/VINCULO;ASSESSOR ESPECIAL;ASSESSOR ESPECIAL; CARGO COMISSION.S/VINCULO;5229,77;;5229,77;973,62;4256,15;
NISTON RIBEIRO SALDANHA;CARGOS COMISSIONADOS S/VINCULO;ASSESSOR II;; CARGO COMISSION.S/VINCULO;4209,79;;4209,79;633,12;3576,67;
NORMA SUELY LIMA DE MELO;COORD. ADMINISTRAT./FINANCEIRA;ASSISTENTE PROCURATORIAL-PGE;GERENTE AD-2; ESTATUTARIO;10435,44;;10435,44;2573,37;7862,07;
NUBIA ZELANDIA GOMES DA ROCHA;COORD. ADMINISTRAT./FINANCEIRA;ASSISTENTE PROCURATORIAL-PGE;CHEFE DE SECRETARIA; ESTATUTARIO;9374,48;;9374,48;2187,14;7187,34;
ONILDA ABREU DA SILVA;GAB DO SUBPROCURADOR GERAL;PROCURADOR DO ESTADO 2A CLASSE;; ESTATUTARIO;40467,06;6247,61;34219,45;12529,26;21690,19;
PATRICIA PETRUCCELLI MARINHO;GAB DO SUBPROCURADOR GERAL;PROCURADOR DO ESTADO 2A CLASSE;; ESTATUTARIO;40467,06;1173,74;39293,32;13820,30;25473,02;
PEDRO ANTONIO DE SOUZA MEIRELES;COORD. ADMINISTRAT./FINANCEIRA;ASSISTENTE PROCURATORIAL-PGE;GERENTE AD-2; ESTATUTARIO;10723,10;;10723,10;2678,08;8045,02;
PEDRO PICANCO BARBOSA;COORD. ADMINISTRAT./FINANCEIRA;ASSISTENTE PROCURATORIAL-PGE;; ESTATUTARIO;5384,46;;5384,46;959,87;4424,59;
RAFAEL CANDIDO DA SILVA;GAB DO SUBPROCURADOR GERAL;PROCURADOR DO ESTADO 3A CLASSE;; ESTATUTARIO;36329,75;;36329,75;12756,66;23573,09;
RAFAEL LINS BERTAZZO;GAB DO SUBPROCURADOR GERAL;PROCURADOR DO ESTADO 3A CLASSE;PROCURADOR-CHEFE; ESTATUTARIO;36329,75;;36329,75;12808,79;23520,96;
RAIANA FRANCIS DA COSTA CABRAL;CARGOS COMISSIONADOS S/VINCULO;ASSIST.ADM.DA FAZENDA EST.4A.CL.V;ASSESSOR I; ESTATUTARIO;5000,00;;5000,00;505,64;4494,36;
RAIANNE VITORINO DO NASCIMENTO;CARGOS COMISSIONADOS S/VINCULO;ASSESSOR II;; CARGO COMISSION.S/VINCULO;4911,41;;4911,41;;4911,41;
RAIMUNDA AZEVEDO DE SOUSA;COORD. ADMINISTRAT./FINANCEIRA;AGENTE DE MANUTENCAO-PGE;; ESTATUTARIO;5149,90;;5149,90;907,11;4242,79;
RAIMUNDA LOURDES ALVES DE ALMEIDA;SERV. DO QUADRO SUPLEMENTAR;ASSISTENTE ADMINISTRATIVO;CH DE SECRETARIA; ESTATUTARIO;7527,73;;7527,73;1592,98;5934,75;
RAIMUNDO DELFINO DA CUNHA FILHO;SERV. DO QUADRO SUPLEMENTAR;VIGIA;; ESTATUTARIO;4067,25;;4067,25;565,43;3501,82;
RAQUEL BENTES DE SOUZA NASCIMENTO;GAB DO SUBPROCURADOR GERAL;PROCURADOR DO ESTADO 3A CLASSE;PROCURADOR-CHEFE; ESTATUTARIO;42627,24;3333,92;39293,32;13703,33;25589,99;
RAYANNE PINHEIRO DE ARAUJO SOUSA;CARGOS COMISSIONADOS S/VINCULO;COORDENADOR;COORDENADOR AD-1; CARGO COMISSION.S/VINCULO;5229,77;;5229,77;930,62;4299,15;
REBECA LIMA DOS SANTOS;CARGOS COMISSIONADOS S/VINCULO;GERENTE;GERENTE; CARGO COMISSION.S/VINCULO;4209,79;;4209,79;573,00;3636,79;
REINALDO DE ARAUJO SILVA;COORD. ADMINISTRAT./FINANCEIRA;AUXILIAR DE SERV GERAIS 3A CLASSE;; ESTATUTARIO;3834,47;;3834,47;451,93;3382,54;
RENAN TAKETOMI DE MAGALHAES;GAB DO SUBPROCURADOR GERAL;PROCURADOR DO ESTADO 3A CLASSE;PROCURADOR-CHFE; ESTATUTARIO;38734,77;;38734,77;8880,60;29854,17;
RENATA CHRISTINE SOUZA SANTOS;CARGOS COMISSIONADOS S/VINCULO;ASSESSOR II;ASSESSOR II; CARGO COMISSION.S/VINCULO;4209,79;;4209,79;633,12;3576,67;
RICARDO ANTONIO REZENDE DE JESUS;GAB DO SUBPROCURADOR GERAL;PROCURADOR DO ESTADO 1A CLASSE;; ESTATUTARIO;46642,13;7348,81;39293,32;13924,57;25368,75;
RITA DE CASSIA DE ALBUQUERQUE PINTO;SERV. DO QUADRO SUPLEMENTAR;DESENHISTA GRAFICO B;; ESTATUTARIO;3986,74;;3986,74;703,05;3283,69;
ROBERTA FERREIRA DE ANDRADE MOTA;GAB DO SUBPROCURADOR GERAL;PROCURADOR DO ESTADO 1A CLASSE;; ESTATUTARIO;41642,14;2348,82;39293,32;13820,30;25473,02;
RODECILDO LEAL DA SILVA;COORD. ADMINISTRAT./FINANCEIRA;AGENTE DE MANUTENCAO-PGE;; ESTATUTARIO;4339,05;;4339,05;651,90;3687,15;
RODRIGO DO NASCIMENTO NUNES;COORD. ADMINISTRAT./FINANCEIRA;TECNICO EM GESTAO PROCURATORIAL-PGE;TEC. NIVEL SUPERIOR; ESTATUTARIO;11160,25;;11160,25;2926,48;8233,77;
ROMULO DE SOUZA CARPINTEIRO PERES;GAB DO SUBPROCURADOR GERAL;PROCURADOR DO ESTADO 2A CLASSE;COORDENADOR AD-1; ESTATUTARIO;44118,16;4824,84;39293,32;13906,79;25386,53;
RONALD DE SOUSA CARPINTEIRO PERES;GAB DO SUBPROCURADOR GERAL;PROCURADOR DO ESTADO 1A CLASSE;CORREGEDOR; ESTATUTARIO;49742,14;10448,82;39293,32;13924,57;25368,75;
ROSINEIDE LOPES DO NASCIMENTO;COORD. ADMINISTRAT./FINANCEIRA;AGENTE DE MANUTENCAO-PGE;; ESTATUTARIO;4811,06;;4811,06;798,62;4012,44;
RUTH XIMENES DE SABOIA;GAB DO SUBPROCURADOR GERAL;PROCURADOR DO ESTADO 1A CLASSE;; ESTATUTARIO;51307,41;6513,03;44794,38;15228,81;29565,57;
SALVIA DE SOUZA HADDAD;GAB DO SUBPROCURADOR GERAL;PROCURADOR DO ESTADO 3A CLASSE;SECRETARIO CONS.PROC; ESTATUTARIO;40627,24;1333,92;39293,32;13755,47;25537,85;
SAMUEL PAES MEDEIROS;CARGOS COMISSIONADOS S/VINCULO;ASSESSOR IV;ASSESSOR IV; CARGO COMISSION.S/VINCULO;3175,61;;3175,61;363,27;2812,34;
SARA YULE AGUIAR MATOS;CARGOS COMISSIONADOS S/VINCULO;ASSESSOR II;ASSESSOR II AD-2; CARGO COMISSION.S/VINCULO;4209,79;;4209,79;633,12;3576,67;
SEBASTIAO DA COSTA E SILVA;COORD. ADMINISTRAT./FINANCEIRA;AGENTE DE MANUTENCAO-PGE;; ESTATUTARIO;5836,14;;5836,14;1035,69;4800,45;
SELMA MARIA BATISTA DOS SANTOS;COORD. ADMINISTRAT./FINANCEIRA;ASSISTENTE PROCURATORIAL-PGE;COORDENADOR AD-1; ESTATUTARIO;10482,29;;10482,29;2449,25;8033,04;
SIGRID MARIA LOPES FREIRE;COORD. ADMINISTRAT./FINANCEIRA;ASSISTENTE PROCURATORIAL-PGE;; ESTATUTARIO;4952,80;;4952,80;959,68;3993,12;
SILENO KLEBER RAMOS LINS;SERV. DO QUADRO SUPLEMENTAR;VIGIA;; ESTATUTARIO;3825,73;;3825,73;478,02;3347,71;
SIMONETE GOMES SANTOS ARAUJO;GAB DO SUBPROCURADOR GERAL;PROCURADOR DO ESTADO 2A CLASSE;; ESTATUTARIO;47317,02;2522,64;44794,38;15437,36;29357,02;
SOLANGE CORREA NUNES;SERV. DO QUADRO SUPLEMENTAR;ASSISTENTE ADMINISTRATIVO;CHEFE DE SECRETARIA; ESTATUTARIO;8629,04;;8629,04;1993,90;6635,14;
SUELEM CARNEIRO FONSECA;CARGOS COMISSIONADOS S/VINCULO;GERENTE;NAO INFORMADO; CARGO COMISSION.S/VINCULO;4209,79;;4209,79;633,12;3576,67;
SUZY CORDEIRO ACRIZ;CARGOS COMISSIONADOS S/VINCULO;ASSESSOR II;NAO INFORMADO; CARGO COMISSION.S/VINCULO;4209,79;;4209,79;633,12;3576,67;
TADEU DE SOUZA SILVA;GAB DO SUBPROCURADOR GERAL;PROCURADOR DO ESTADO 3A CLASSE;VICE GOVERNADOR; ESTATUTARIO;38924,74;;38924,74;13069,70;25855,04;
TATIANA DA COSTA PAZ;CARGOS COMISSIONADOS S/VINCULO;ASSESSOR II;; CARGO COMISSION.S/VINCULO;4209,79;;4209,79;633,12;3576,67;
TATIANNE VIEIRA ASSAYAG TOLEDO;GAB DO SUBPROCURADOR GERAL;PROCURADOR DO ESTADO 2A CLASSE;; ESTATUTARIO;49570,74;7760,42;41810,32;14442,56;27367,76;
TAYNAH DE AMORIM LACERDA;CARGOS COMISSIONADOS S/VINCULO;ASSESSOR ESPECIAL;ASSESSOR ESPECIAL; CARGO COMISSION.S/VINCULO;5229,77;;5229,77;973,62;4256,15;
TENORIO DOS SANTOS TEIXEIRA;COORD. ADMINISTRAT./FINANCEIRA;AGENTE DE MANUTENCAO-PGE;; ESTATUTARIO;4486,38;;4486,38;694,67;3791,71;
THAIS SOUZA DE OLIVEIRA;CARGOS COMISSIONADOS S/VINCULO;ASSESSOR II;ASSESSOR II; CARGO COMISSION.S/VINCULO;4209,79;;4209,79;633,12;3576,67;
THAYANA PAMELA AMAZONAS PRAIA;CARGOS COMISSIONADOS S/VINCULO;ASSESSOR I;NAO INFORMADO; CARGO COMISSION.S/VINCULO;5229,77;;5229,77;973,62;4256,15;
THELCYANNE DE CARVALHO NUNES DIAS;GAB DO SUBPROCURADOR GERAL;PROCURADOR DO ESTADO 3A CLASSE;; ESTATUTARIO;36329,75;;36329,75;12808,79;23520,96;
THIAGO ARAUJO REZENDE MENDES;GAB DO SUBPROCURADOR GERAL;PROCURADOR DO ESTADO 3A CLASSE;; ESTATUTARIO;35032,26;;35032,26;12320,29;22711,97;
THIAGO OLIVEIRA COSTA;GAB DO SUBPROCURADOR GERAL;PROCURADOR DO ESTADO 3A CLASSE;; ESTATUTARIO;35032,26;;35032,26;12320,29;22711,97;
THIAGO OLIVEIRA FARIAS;CARGOS COMISSIONADOS S/VINCULO;ASSESSOR I;NAO INFORMADO; CARGO COMISSION.S/VINCULO;5229,77;;5229,77;973,62;4256,15;
TICIANO ALVES E SILVA;GAB DO SUBPROCURADOR GERAL;PROCURADOR DO ESTADO 2A CLASSE;; ESTATUTARIO;37769,25;;37769,25;13350,77;24418,48;
VALTER ALFAIA DA SILVA;COORD. ADMINISTRAT./FINANCEIRA;MOTORISTA-PGE;; ESTATUTARIO;5292,14;;5292,14;958,35;4333,79;
VANESSA KARINE QUEIROZ GOMES;SERV. DO QUADRO SUPLEMENTAR;ASSISTENTE ADMINISTRATIVO;CHEFE DE SECRET.; ESTATUTARIO;7952,80;;7952,80;1755,80;6197,00;
VANESSA LIMA DO NASCIMENTO;GAB DO SUBPROCURADOR GERAL;PROCURADOR DO ESTADO 3A CLASSE;COORDENADOR; ESTATUTARIO;38734,77;;38734,77;13206,78;25527,99;
VANESSA PONTES DOS SANTOS RODRIGUES;CARGOS COMISSIONADOS S/VINCULO;ASSESSOR ESPECIAL AD-1;; CARGO COMISSION.S/VINCULO;5229,77;;5229,77;973,62;4256,15;
VDSON DA SILVA VERAS;COORD. ADMINISTRAT./FINANCEIRA;AGENTE DE SEGURANCA-PGE;CHEFE DE SECRET.; ESTATUTARIO;7788,14;;7788,14;1645,72;6142,42;
VICTOR FABIAN SOARES CIPRIANO;GAB DO SUBPROCURADOR GERAL;PROCURADOR DO ESTADO 3A CLASSE;; ESTATUTARIO;38924,74;;38924,74;13733,66;25191,08;
VICTOR HUGO FERREIRA CABRAL;COORD. ADMINISTRAT./FINANCEIRA;ASSISTENTE PROCURATORIAL-PGE;ASSIST.ADM.; ESTATUTARIO;4952,80;;4952,80;1002,34;3950,46;
VIRGINIA NUNES BESSA;GAB DO SUBPROCURADOR GERAL;PROCURADOR DO ESTADO 3A CLASSE;; ESTATUTARIO;36329,75;;36329,75;12808,79;23520,96;
VIVALDO MUCA NORONHA JUNIOR;CARGOS COMISSIONADOS S/VINCULO;GERENTE;NAO INFORMADO; CARGO COMISSION.S/VINCULO;4209,79;;4209,79;633,12;3576,67;
VIVIAN MARIA OLIVEIRA DA FROTA;GAB DO SUBPROCURADOR GERAL;PROCURADOR DO ESTADO 3A CLASSE;; ESTATUTARIO;48439,67;;48439,67;16139,02;32300,65;
WANIA TAGNER BAIMA DE OLIVEIRA;COORD. ADMINISTRAT./FINANCEIRA;ASSISTENTE PROCURATORIAL-PGE;CHEFE DE SECRET.; ESTATUTARIO;8871,23;;8871,23;2166,16;6705,07;
YARA DA SILVA LIMA;COORD. ADMINISTRAT./FINANCEIRA;AUXILIAR PROCURATORIAL-PGE;CHEFE DE SECRETARIA; ESTATUTARIO;8395,19;;8395,19;1820,86;6574,33;
YOLANDA CORREA PEREIRA;GAB DO SUBPROCURADOR GERAL;PROCURADOR DO ESTADO 2A CLASSE;; ESTATUTARIO;39981,45;;39981,45;13685,29;26296,16;
