NOME;LOTACAO;CARGO;FUNCAO;VINCULO;REMUNERACAO LEGAL TOTAL(R$);DESC.TETO(R$); REMUNERACAO LEGAL DEVIDA(R$);DESCONTOS LEGAIS(R$);LIQUIDO DISPONIVEL(R$);
ANA BEATRIZ DUQUE JOHNSON CAETANO;PROCON;ASSESSOR III;NAO INFORMADO; CARGO COMISSION.S/VINCULO;3191,80;;3191,80;367,36;2824,44;
ANNALU MENDES GUEDES MORAIS;PROCON;CHEFE DE GABINETE;CHEFE DE GABINETE; CARGO COMISSION.S/VINCULO;5229,77;;5229,77;973,62;4256,15;
BRIAN CARNEIRO DA SILVA PESSOA;PROCON;ASSESSOR III;NAO INFORMADO; CARGO COMISSION.S/VINCULO;3191,80;;3191,80;367,36;2824,44;
BRUNA DAYANA DE SOUZA B PANTOJA;PROCON;ASSESSOR III;NAO INFORMADO; CARGO COMISSION.S/VINCULO;3191,80;;3191,80;367,36;2824,44;
BRUNO UCHOA REBOUCAS;PROCON;ASSESSOR II;NAO INFORMADO; CARGO COMISSION.S/VINCULO;4209,79;;4209,79;633,12;3576,67;
CAMILA DOS SANTOS SOUZA;PROCON;ASSESSOR II;NAO INFORMADO; CARGO COMISSION.S/VINCULO;4209,79;;4209,79;633,12;3576,67;
CARLA ADAO MARQUES;PROCON;ASSESSOR II;NAO INFORMADO; CARGO COMISSION.S/VINCULO;4209,79;;4209,79;633,12;3576,67;
CARLOS MARCOLINO DA SILVA;PROCON;ASSESSOR II;NAO INFORMADO; CARGO COMISSION.S/VINCULO;4209,79;;4209,79;633,12;3576,67;
CHARLES OLIVEIRA DO VALLE FILHO;PROCON;ASSESSOR II;ASSESSOR II; CARGO COMISSION.S/VINCULO;5613,05;;5613,05;1117,93;4495,12;
CINTIA SUELEN COSTA ALENCAR;PROCON;DIRETOR ADMINISTRATIVO E FINANCEIRO;NAO INFORMADO; CARGO COMISSION.S/VINCULO;9000,00;;9000,00;2241,62;6758,38;
CONCEICAO COSTA VIANNA;PROCON;ASSESSOR III;ASSESSOR III; CARGO COMISSION.S/VINCULO;3191,80;;3191,80;367,36;2824,44;
DEUSDEDIT DE BRITO RAMOS;PROCON;ASSESSOR I;ASSESSOR I; CARGO COMISSION.S/VINCULO;5229,77;;5229,77;930,62;4299,15;
EDMUNDO GABRIEL DUTRA QUEIROZ;PROCON;ASSESSOR III;ASSESSOR III; CARGO COMISSION.S/VINCULO;3191,80;;3191,80;367,36;2824,44;
ELIOENAI FREITAS DE SOUZA;PROCON;ASSESSOR III;ASSESSOR III; CARGO COMISSION.S/VINCULO;3191,80;;3191,80;367,36;2824,44;
FABIANA LIMA DA ROCHA;PROCON;CHEFE DE DEPARTAMENTO;NAO INFORMADO; CARGO COMISSION.S/VINCULO;5229,77;;5229,77;973,62;4256,15;
FABIO RONDINELLY DA SILVA E SILVA;PROCON;ASSESSOR III;NAO INFORMADO; CARGO COMISSION.S/VINCULO;3191,80;;3191,80;367,36;2824,44;
FLAVIA MAIA RIBEIRO;PROCON;ASSESSOR II;ASSESSOR II; CARGO COMISSION.S/VINCULO;4209,79;;4209,79;601,44;3608,35;
ISABELLE GIOVANNA DA S RODRIGUES;PROCON;ASSESSOR III;NAO INFORMADO; CARGO COMISSION.S/VINCULO;3191,80;;3191,80;367,36;2824,44;
JALIL FRAXE CAMPOS;PROCON;DIRETOR PRESIDENTE;NAO INFORMADO; CARGO COMISSION.S/VINCULO;11700,00;;11700,00;2984,12;8715,88;
JOAO PEDRO SALES SANTANA CARVALHO;PROCON;ASSESSOR II;NAO INFORMADO; CARGO COMISSION.S/VINCULO;4209,79;;4209,79;633,12;3576,67;
JUCY ANY GOMES BARBOSA;PROCON;ASSESSOR II;NAO INFORMADO; CARGO COMISSION.S/VINCULO;4209,79;;4209,79;633,12;3576,67;
LARISSA FREIRE DE SOUSA;PROCON;ASSESSOR II;NAO INFORMADO; CARGO COMISSION.S/VINCULO;4209,79;;4209,79;633,12;3576,67;
LENIA SOCORRO AMARO DOS SANTOS;PROCON;ASSESSOR II;ASSESSOR II; CARGO COMISSION.S/VINCULO;4209,79;;4209,79;633,12;3576,67;
LEONARDO MONTEIRO CASTRO;PROCON;ASSESSOR II;ASSESSOR II; CARGO COMISSION.S/VINCULO;4209,79;;4209,79;633,12;3576,67;
LORENA NATALIA BANQUERO BARREIRO;PROCON;GERENTE;NAO INFORMADO; CARGO COMISSION.S/VINCULO;4209,79;;4209,79;633,12;3576,67;
LUCELIA REGINA PACHECO ARAUJO;PROCON;ASSESSOR III;ASSESSOR III; CARGO COMISSION.S/VINCULO;3191,80;;3191,80;367,36;2824,44;
LUCIANA CRISTINNE NERY DE OLIVEIRA;PROCON;CHEFE DE DEPARTAMENTO;; CARGO COMISSION.S/VINCULO;5229,77;;5229,77;973,62;4256,15;
LUIS HENRIQUE TUPINAMBA DE A LINS;PROCON;GERENTE;NAO INFORMADO; CARGO COMISSION.S/VINCULO;4209,79;;4209,79;633,12;3576,67;
LUIZ EDUARDO DE SOUZA CRUZ;PROCON;ASSESSOR III;NAO INFORMADO; CARGO COMISSION.S/VINCULO;3191,80;;3191,80;367,36;2824,44;
MARIETE DO CARMO MAIA;PROCON;ASSESSOR II;NAO INFORMADO; CARGO COMISSION.S/VINCULO;4209,79;;4209,79;633,12;3576,67;
MATHEUS CASTRO DE ANDRADE ANTUNES;PROCON;ASSESSOR III;ASSESSOR III; CARGO COMISSION.S/VINCULO;2659,83;;2659,83;262,50;2397,33;
NATALIA SILVA DOS SANTOS;PROCON;ASSESSOR III;; CARGO COMISSION.S/VINCULO;4433,05;;4433,05;;4433,05;
PEDRO COELHO MALTA;PROCON;ASSESSOR I;NAO INFORMADO; CARGO COMISSION.S/VINCULO;5229,77;;5229,77;973,62;4256,15;
RAFAEL FREIRE DE ABREU;PROCON;ASSESSOR III;NAO INFORMADO; CARGO COMISSION.S/VINCULO;3191,80;;3191,80;367,36;2824,44;
RAIMUNDO JOSE DO NASCIMENTO A NETO;PROCON;ASSESSOR II;NAO INFORMADO; CARGO COMISSION.S/VINCULO;4209,79;;4209,79;633,12;3576,67;
RAQUEL LIMA MOTA MORAIS SILVEIRA;PROCON;CHEFE DE DEPARTAMENTO;CHEFE DE DEPARTAMENT; CARGO COMISSION.S/VINCULO;5229,77;;5229,77;973,62;4256,15;
RICARDO AUGUSTO CARVALHO P JUNIOR;PROCON;ASSESSOR III;NAO INFORMADO; CARGO COMISSION.S/VINCULO;3191,80;;3191,80;367,36;2824,44;
SASHA CAMILO SUANO D A VEIGA;PROCON;DIRETOR TECNICO;NAO INFORMADO; CARGO COMISSION.S/VINCULO;9000,00;;9000,00;2241,62;6758,38;
STERFFSON LUIS TARGINO CRUZ;PROCON;ASSESSOR II;NAO INFORMADO; CARGO COMISSION.S/VINCULO;4209,79;;4209,79;633,12;3576,67;
VIRGINIA MARIA RIBEIRO;PROCON;ASSESSOR III;; CARGO COMISSION.S/VINCULO;5496,97;;5496,97;39,89;5457,08;
VLADILCE DE ARAUJO FRAGATA;PROCON;GERENTE;NAO INFORMADO; CARGO COMISSION.S/VINCULO;4209,79;;4209,79;601,44;3608,35;
WALDEMAR DOUGLAS BELOTA ROCHA;PROCON;ASSESSOR I;ASSESSOR I; CARGO COMISSION.S/VINCULO;5229,77;;5229,77;973,62;4256,15;
WALDIR BARROS DE LIMA FILHO;PROCON;CHEFE DE DEPARTAMENTO;NAO INFORMADO; CARGO COMISSION.S/VINCULO;5229,77;;5229,77;973,62;4256,15;
WALLACE SABOIA DOS SANTOS;PROCON;ASSESSOR I;NAO INFORMADO; CARGO COMISSION.S/VINCULO;5229,77;;5229,77;973,62;4256,15;
WARLEY VICENTE DA SILVA;PROCON;ASSESSOR III;ASSESSOR III; CARGO COMISSION.S/VINCULO;3191,80;;3191,80;367,36;2824,44;
YASMIM QUEIROZ FREITAS;PROCON;CHEFE DE DEPARTAMENTO;CHEFE DE DEPARTAMENT; CARGO COMISSION.S/VINCULO;6973,03;;6973,03;1629,96;5343,07;
ZILDA NATALIA LOPES GALDINO;PROCON;ASSESSOR III;NAO INFORMADO; CARGO COMISSION.S/VINCULO;3191,80;;3191,80;367,36;2824,44;
