NOME;LOTACAO;CARGO;FUNCAO;VINCULO;REMUNERACAO LEGAL TOTAL(R$);DESC.TETO(R$); REMUNERACAO LEGAL DEVIDA(R$);DESCONTOS LEGAIS(R$);LIQUIDO DISPONIVEL(R$);
ANA BEATRIZ DUQUE JOHNSON CAETANO;PROCON;ASSESSOR III;NAO INFORMADO; CARGO COMISSION.S/VINCULO;3191,80;;3191,80;327,46;2864,34;
ANNALU MENDES GUEDES MORAIS;PROCON;CHEFE DE GABINETE;CHEFE DE GABINETE; CARGO COMISSION.S/VINCULO;5229,77;;5229,77;957,83;4271,94;
BRIAN CARNEIRO DA SILVA PESSOA;PROCON;ASSESSOR III;NAO INFORMADO; CARGO COMISSION.S/VINCULO;3191,80;;3191,80;327,46;2864,34;
BRUNA DAYANA DE SOUZA B PANTOJA;PROCON;ASSESSOR III;NAO INFORMADO; CARGO COMISSION.S/VINCULO;3191,80;;3191,80;327,46;2864,34;
BRUNO UCHOA REBOUCAS;PROCON;ASSESSOR II;NAO INFORMADO; CARGO COMISSION.S/VINCULO;4209,79;;4209,79;597,14;3612,65;
CAMILA DOS SANTOS SOUZA;PROCON;ASSESSOR II;NAO INFORMADO; CARGO COMISSION.S/VINCULO;5613,05;;5613,05;1050,00;4563,05;
CARLA ADAO MARQUES;PROCON;ASSESSOR II;NAO INFORMADO; CARGO COMISSION.S/VINCULO;4209,79;;4209,79;585,61;3624,18;
CARLOS MARCOLINO DA SILVA;PROCON;ASSESSOR II;NAO INFORMADO; CARGO COMISSION.S/VINCULO;4209,79;;4209,79;557,17;3652,62;
CHARLES OLIVEIRA DO VALLE FILHO;PROCON;ASSESSOR II;ASSESSOR II; CARGO COMISSION.S/VINCULO;4209,79;;4209,79;597,14;3612,65;
CINTIA SUELEN COSTA ALENCAR;PROCON;DIRETOR ADMINISTRATIVO E FINANCEIRO;NAO INFORMADO; CARGO COMISSION.S/VINCULO;9000,00;;9000,00;2225,83;6774,17;
CONCEICAO COSTA VIANNA;PROCON;ASSESSOR III;ASSESSOR III; CARGO COMISSION.S/VINCULO;3191,80;;3191,80;327,46;2864,34;
DEUSDEDIT DE BRITO RAMOS;PROCON;ASSESSOR I;ASSESSOR I; CARGO COMISSION.S/VINCULO;6973,03;;6973,03;1562,03;5411,00;
EDMUNDO GABRIEL DUTRA QUEIROZ;PROCON;ASSESSOR III;ASSESSOR III; CARGO COMISSION.S/VINCULO;3191,80;;3191,80;327,46;2864,34;
ELIOENAI FREITAS DE SOUZA;PROCON;ASSESSOR III;ASSESSOR III; CARGO COMISSION.S/VINCULO;3191,80;;3191,80;327,46;2864,34;
FABIANA LIMA DA ROCHA;PROCON;CHEFE DE DEPARTAMENTO;NAO INFORMADO; CARGO COMISSION.S/VINCULO;5229,77;;5229,77;957,83;4271,94;
FABIO RONDINELLY DA SILVA E SILVA;PROCON;ASSESSOR III;NAO INFORMADO; CARGO COMISSION.S/VINCULO;3191,80;;3191,80;327,46;2864,34;
FLAVIA MAIA RIBEIRO;PROCON;ASSESSOR II;ASSESSOR II; CARGO COMISSION.S/VINCULO;4209,79;;4209,79;585,61;3624,18;
ISABELLE GIOVANNA DA S RODRIGUES;PROCON;ASSESSOR III;NAO INFORMADO; CARGO COMISSION.S/VINCULO;3191,80;;3191,80;327,46;2864,34;
JALIL FRAXE CAMPOS;PROCON;DIRETOR PRESIDENTE;NAO INFORMADO; CARGO COMISSION.S/VINCULO;11700,00;;11700,00;2968,33;8731,67;
JOAO PEDRO SALES SANTANA CARVALHO;PROCON;ASSESSOR II;NAO INFORMADO; CARGO COMISSION.S/VINCULO;4209,79;;4209,79;597,14;3612,65;
JUCY ANY GOMES BARBOSA;PROCON;ASSESSOR II;NAO INFORMADO; CARGO COMISSION.S/VINCULO;4209,79;;4209,79;597,14;3612,65;
LAIS HADDAD FORONDA;PROCON;ASSESSOR III;ASSESSOR III; CARGO COMISSION.S/VINCULO;3830,15;;3830,15;455,52;3374,63;
LARISSA FREIRE DE SOUSA;PROCON;ASSESSOR II;NAO INFORMADO; CARGO COMISSION.S/VINCULO;4209,79;;4209,79;585,61;3624,18;
LENIA SOCORRO AMARO DOS SANTOS;PROCON;ASSESSOR II;ASSESSOR II; CARGO COMISSION.S/VINCULO;4209,79;;4209,79;597,14;3612,65;
LEONARDO MONTEIRO CASTRO;PROCON;ASSESSOR II;; CARGO COMISSION.S/VINCULO;3742,03;;3742,03;841,94;2900,09;
LORENA NATALIA BANQUERO BARREIRO;PROCON;GERENTE;NAO INFORMADO; CARGO COMISSION.S/VINCULO;4209,79;;4209,79;557,17;3652,62;
LUCELIA REGINA PACHECO ARAUJO;PROCON;ASSESSOR III;; CARGO COMISSION.S/VINCULO;2837,15;;2837,15;2234,25;602,90;
LUCELIA REGINA PACHECO ARAUJO;PROCON;ASSESSOR II;ASSESSOR II; CARGO COMISSION.S/VINCULO;5051,74;;5051,74;898,10;4153,64;
LUCIANA CRISTINNE NERY DE OLIVEIRA;PROCON;ASSESSOR I;ASSESSOR I; CARGO COMISSION.S/VINCULO;5229,77;;5229,77;957,83;4271,94;
LUIS HENRIQUE TUPINAMBA DE A LINS;PROCON;GERENTE;NAO INFORMADO; CARGO COMISSION.S/VINCULO;4209,79;;4209,79;597,14;3612,65;
LUIZ EDUARDO DE SOUZA CRUZ;PROCON;ASSESSOR III;NAO INFORMADO; CARGO COMISSION.S/VINCULO;3191,80;;3191,80;327,46;2864,34;
MARIETE DO CARMO MAIA;PROCON;ASSESSOR II;NAO INFORMADO; CARGO COMISSION.S/VINCULO;4209,79;;4209,79;597,14;3612,65;
MATHEUS CASTRO DE ANDRADE ANTUNES;PROCON;ASSESSOR III;ASSESSOR III; CARGO COMISSION.S/VINCULO;3191,80;;3191,80;327,46;2864,34;
PEDRO COELHO MALTA;PROCON;CHEFE DE DEPARTAMENTO;CHEFE DE DEPARTAMENT; CARGO COMISSION.S/VINCULO;5229,77;;5229,77;957,83;4271,94;
RAFAEL FREIRE DE ABREU;PROCON;ASSESSOR III;NAO INFORMADO; CARGO COMISSION.S/VINCULO;3191,80;;3191,80;327,46;2864,34;
RAIMUNDO JOSE DO NASCIMENTO AMORIM;PROCON;ASSESSOR II;NAO INFORMADO; CARGO COMISSION.S/VINCULO;4209,79;;4209,79;557,17;3652,62;
RAQUEL LIMA MOTA MORAIS SILVEIRA;PROCON;CHEFE DE DEPARTAMENTO;CHEFE DE DEPARTAMENT; CARGO COMISSION.S/VINCULO;5229,77;;5229,77;957,83;4271,94;
RICARDO AUGUSTO CARVALHO P JUNIOR;PROCON;ASSESSOR III;NAO INFORMADO; CARGO COMISSION.S/VINCULO;3191,80;;3191,80;327,46;2864,34;
SASHA CAMILO SUANO D A VEIGA;PROCON;DIRETOR TECNICO;NAO INFORMADO; CARGO COMISSION.S/VINCULO;9000,00;;9000,00;2225,83;6774,17;
STERFFSON LUIS TARGINO CRUZ;PROCON;ASSESSOR II;NAO INFORMADO; CARGO COMISSION.S/VINCULO;4209,79;;4209,79;597,14;3612,65;
VLADILCE DE ARAUJO FRAGATA;PROCON;GERENTE;NAO INFORMADO; CARGO COMISSION.S/VINCULO;4209,79;;4209,79;585,61;3624,18;
WALDEMAR DOUGLAS BELOTA ROCHA;PROCON;ASSESSOR I;ASSESSOR I; CARGO COMISSION.S/VINCULO;5229,77;;5229,77;957,83;4271,94;
WALDIR BARROS DE LIMA FILHO;PROCON;CHEFE DE DEPARTAMENTO;NAO INFORMADO; CARGO COMISSION.S/VINCULO;5229,77;;5229,77;914,81;4314,96;
WALLACE SABOIA DOS SANTOS;PROCON;ASSESSOR I;NAO INFORMADO; CARGO COMISSION.S/VINCULO;5229,77;;5229,77;957,83;4271,94;
WARLEY VICENTE DA SILVA;PROCON;ASSESSOR III;ASSESSOR III; CARGO COMISSION.S/VINCULO;3191,80;;3191,80;327,46;2864,34;
YASMIM QUEIROZ FREITAS;PROCON;CHEFE DE DEPARTAMENTO;CHEFE DE DEPARTAMENT; CARGO COMISSION.S/VINCULO;5229,77;;5229,77;957,83;4271,94;
ZILDA NATALIA LOPES GALDINO;PROCON;ASSESSOR III;NAO INFORMADO; CARGO COMISSION.S/VINCULO;3191,80;;3191,80;327,46;2864,34;
