NOME;LOTACAO;CARGO;FUNCAO;VINCULO;REMUNERACAO LEGAL TOTAL(R$);DESC.TETO(R$); REMUNERACAO LEGAL DEVIDA(R$);DESCONTOS LEGAIS(R$);LIQUIDO DISPONIVEL(R$);
AILTON RODRIGUES PEREIRA;ASSESSORIA;ASSESSOR II;ASSESSOR II; CARGO COMISSION.S/VINCULO;4209,79;;4209,79;633,12;3576,67;
ALANO DANIEL BORGES DO AMARAL;ASSESSORIA;ASSESSOR II;NAO INFORMADO; CARGO COMISSION.S/VINCULO;4209,79;;4209,79;633,12;3576,67;
ANA CRISTINA DOS SANTOS RIBEIRO;GABINETE;CONSULTOR TECNICO I;; CARGO COMISSION.S/VINCULO;1458,33;;1458,33;;1458,33;
ANA CRISTINA DOS SANTOS RIBEIRO;ASSESSORIA;ASSESSOR I;ASSESSOR I; CARGO COMISSION.S/VINCULO;5229,77;;5229,77;973,62;4256,15;
ANA PAULA FONTELES DA SILVA;ASSESSORIA;ASSESSOR II;NAO INFORMADO; CARGO COMISSION.S/VINCULO;4209,79;;4209,79;633,12;3576,67;
ANA PAULA SANTOS;ASSESSORIA;ASSESSOR I;ASSESSOR I; CARGO COMISSION.S/VINCULO;5229,77;;5229,77;973,62;4256,15;
ANANIAS PALMEIRA DA SILVA;GABINETE;MEMBRO;MEMBRO; CARGO COMISSION.S/VINCULO;7000,00;;7000,00;1640,11;5359,89;
ANDRE ALVES DE SOUZA;ASSESSORIA;ASSESSOR II;; CARGO COMISSION.S/VINCULO;5262,22;;5262,22;52,62;5209,60;
ANDREIA BANDEIRA FARIA;ASSESSORIA;ASSESSOR I;ASSESSOR I; CARGO COMISSION.S/VINCULO;5229,77;;5229,77;973,62;4256,15;
ANTONIA PEREIRA DA SILVA;ASSESSORIA;ASSESSOR III;; CARGO COMISSION.S/VINCULO;3191,80;;3191,80;367,36;2824,44;
BARBARA ZAPATTA ANDRADE NUNES;ASSESSORIA;ASSESSOR I;ASSESSOR I; CARGO COMISSION.S/VINCULO;5229,77;;5229,77;973,62;4256,15;
BRUNA DANYELY DE OLIVEIRA FARIAS;GABINETE;MEMBRO;NAO INFORMADO; CARGO COMISSION.S/VINCULO;9333,33;;9333,33;2333,29;7000,04;
BRUNO SILVEIRA MACEDO;ASSESSORIA;ASSESSOR I;NAO INFORMADO; CARGO COMISSION.S/VINCULO;5229,77;;5229,77;973,62;4256,15;
CESAR RONALDO QUARESMA DE MENEZES;ASSESSORIA;ASSESSOR III;ASSESSOR III; CARGO COMISSION.S/VINCULO;3191,80;;3191,80;367,36;2824,44;
CHARLES BELCHIEUR;DEPTO.DE ADM.E FINANCAS;TNS-I;; ESTATUTARIO;14166,66;;14166,66;4327,27;9839,39;
CLAUDIO MUNIZ PAGANO DE MELLO;GABINETE;SECRETARIO EXECUTIVO;SECRETARIO EXECUTIVO; CARGO COMISSION.S/VINCULO;11700,00;;11700,00;2984,12;8715,88;
DANIELA GOMES DOS SANTOS;ASSESSORIA;CHEFE DE DEPARTAMENTO;NAO INFORMADO; CARGO COMISSION.S/VINCULO;5229,77;;5229,77;973,62;4256,15;
DANILO AGUIAR MACEDO DE ALMEIDA;GABINETE;MEMBRO;NAO INFORMADO; CARGO COMISSION.S/VINCULO;7000,00;;7000,00;1640,11;5359,89;
DOUGLAS GUIMARAES SCALISE;ASSESSORIA;ASSESSOR III;NAO INFORMADO; CARGO COMISSION.S/VINCULO;3191,80;;3191,80;367,36;2824,44;
EDIR GONCALVES GOMES;ASSESSORIA;ASSESSOR I;; CARGO COMISSION.S/VINCULO;1016,90;;1016,90;;1016,90;
FERNANDO PEREIRA DA CRUZ;ASSESSORIA;ASSESSOR I;ASSESSOR I; CARGO COMISSION.S/VINCULO;5229,77;;5229,77;973,62;4256,15;
FRANCINETE MORAIS DA SILVA MARIANO;GABINETE;CHEFE DE GABINETE;NAO INFORMADO; CARGO COMISSION.S/VINCULO;5229,77;;5229,77;973,62;4256,15;
FRANCISCA EDILANDIA DANTAS PAULA;ASSESSORIA;ASSESSOR I;NAO INFORMADO; CARGO COMISSION.S/VINCULO;5229,77;;5229,77;973,62;4256,15;
FRANCISCO ALVES DE MOURA JUNIOR;ASSESSORIA;ASSESSOR II;ASSESSOR II; CARGO COMISSION.S/VINCULO;4209,79;;4209,79;633,12;3576,67;
GLAUBER SOARES GOMES;ASSESSORIA;PROFESSOR PF20.LPL-IV;ASSESSOR I; ESTATUTARIO;7519,96;;7519,96;1204,20;6315,76;
GUSTAVO PORTELA CARNEIRO;ASSESSORIA;ASSESSOR III;ASSESSOR III; CARGO COMISSION.S/VINCULO;3191,80;;3191,80;367,36;2824,44;
INES CAROLINA BARBOSA F S CABRAL;GABINETE;SECRETARIO DE ESTADO;SECRETARIO DE ESTADO; CARGO COMISSION.S/VINCULO;56120,00;;56120,00;15199,62;40920,38;
ITALO JORGE SANTANA CHALUB;GABINETE;CHEFE DE DEPARTAMENTO;CHEFE DE DEPARTAMENT; CARGO COMISSION.S/VINCULO;5229,77;;5229,77;973,62;4256,15;
JANES DE SOUSA FIGUEREDO ASSUNCAO;DEPTO.DE ADM.E FINANCAS;AUX.S.G-II;; ESTATUTARIO;2381,08;;2381,08;344,13;2036,95;
JESSICA ALVES DE ANDRADE;GABINETE;CONSULTOR TECNICO I;CONSULTOR TECNICO I; CARGO COMISSION.S/VINCULO;7500,00;;7500,00;1724,09;5775,91;
JORGE LUIS TRIANA RIVEROS;ASSESSORIA;ASSESSOR I;ASSESSOR I; CARGO COMISSION.S/VINCULO;5229,77;;5229,77;973,62;4256,15;
KARINA BITTENCOURT CHILELLI;GABINETE;MEMBRO;MEMBRO; CARGO COMISSION.S/VINCULO;14000,00;;14000,00;3564,49;10435,51;
LUCIANO CALIXTO JUNIOR;ASSESSORIA;DELEGADO DE POLICIA 2A.CL.PC-DEL-II;ASSESSOR II; ESTATUTARIO;5283,13;150,62;5132,51;489,94;4642,57;
MARIA DAS DORES DE ALMEIDA;DEPTO.DE ADM.E FINANCAS;TNS-II;; ESTATUTARIO;6921,18;;6921,18;1650,19;5270,99;
MOISES CASSIMIRO DIAS;ASSESSORIA;ASSESSOR II;ASSESSOR II; CARGO COMISSION.S/VINCULO;3508,15;;3508,15;447,08;3061,07;
MOISES CASSIMIRO DIAS;ASSESSORIA;ASSESSOR III;; CARGO COMISSION.S/VINCULO;5762,96;;5762,96;39,89;5723,07;
MYRTES MOURAO DE OLIVEIRA;GABINETE;SECRETARIA EXECUTIVA;SECRETARIO EXECUTIVO; ESTATUTARIO;12023,31;;12023,31;2781,43;9241,88;
NILTON PEREIRA ROCHA FILHO;ASSESSORIA;ASSESSOR I;ASSESSOR I; CARGO COMISSION.S/VINCULO;5229,77;;5229,77;973,62;4256,15;
PATRICIA REGIANE RIBEIRO DE ANDRADE;ASSESSORIA;ASSESSOR III;ASSESSOR III; CARGO COMISSION.S/VINCULO;3191,80;;3191,80;367,36;2824,44;
SANDRA MARIA CASTRO LOUREIRO;DEPTO.DE ADM.E FINANCAS;A.TEC-I;; ESTATUTARIO;3896,20;;3896,20;693,28;3202,92;
SERGIO RENNER VIEIRA DA SILVA;ASSESSORIA;ASSESSOR I;NAO INFORMADO; CARGO COMISSION.S/VINCULO;5229,77;;5229,77;973,62;4256,15;
SISLANDIA FERREIRA DA SILVA CASTRO;GABINETE;MEMBRO;NAO INFORMADO; CARGO COMISSION.S/VINCULO;7000,00;;7000,00;1640,11;5359,89;
SOCORRO APARECIDA ARAUJO MAIERON;DEPTO.DE ADM.E FINANCAS;A.TEC-II;; ESTATUTARIO;3655,15;;3655,15;628,43;3026,72;
TATIANA SEIXAS ASENSI;GABINETE;MEMBRO;MEMBRO; CARGO COMISSION.S/VINCULO;7000,00;;7000,00;1640,11;5359,89;
VALTER VIANA DOS SANTOS;ASSESSORIA;ASSESSOR I;ASSESSOR I; CARGO COMISSION.S/VINCULO;5229,77;;5229,77;973,62;4256,15;
