NOME;LOTACAO;CARGO;FUNCAO;CARGA HR SEM;DT DE ADMISSAO;VINCULO;REMUNERACAO LEGAL TOTAL(R$);DESC.TETO(R$); REMUNERACAO LEGAL DEVIDA(R$);DESCONTOS LEGAIS(R$);LIQUIDO DISPONIVEL(R$);
AILTON RODRIGUES PEREIRA;ASSESSORIA;ASSESSOR II;ASSESSOR II; 40:00;01/06/2022;CARGO COMISSION.S/VINCULO;4209,79;;4209,79;597,14;3612,65;
ALANO DANIEL BORGES DO AMARAL;ASSESSORIA;ASSESSOR II;NAO INFORMADO; 40:00;01/09/2021;CARGO COMISSION.S/VINCULO;5613,05;;5613,05;1102,13;4510,92;
ANA CRISTINA DOS SANTOS RIBEIRO;ASSESSORIA;ASSESSOR I;ASSESSOR I; 40:00;01/02/2023;CARGO COMISSION.S/VINCULO;5229,77;;5229,77;957,83;4271,94;
ANA PAULA FONTELES DA SILVA;ASSESSORIA;ASSESSOR II;NAO INFORMADO; 40:00;20/10/2021;CARGO COMISSION.S/VINCULO;4209,79;;4209,79;597,14;3612,65;
ANANIAS PALMEIRA DA SILVA;GABINETE;MEMBRO;MEMBRO; 40:00;01/09/2022;CARGO COMISSION.S/VINCULO;7000,00;;7000,00;1624,32;5375,68;
ANDREIA BANDEIRA FARIA;ASSESSORIA;ASSESSOR I;ASSESSOR I; 40:00;01/06/2022;CARGO COMISSION.S/VINCULO;5229,77;;5229,77;957,83;4271,94;
ANTONIA PEREIRA DA SILVA;ASSESSORIA;ASSESSOR III;; 30:00;01/02/2016;CARGO COMISSION.S/VINCULO;3191,80;;3191,80;327,46;2864,34;
BARBARA ZAPATTA ANDRADE NUNES;ASSESSORIA;ASSESSOR I;ASSESSOR I; 40:00;02/01/2019;CARGO COMISSION.S/VINCULO;5229,77;;5229,77;957,83;4271,94;
BRUNA DANYELY DE OLIVEIRA FARIAS;GABINETE;CONSULTOR TECNICO I;CONSULTOR TECNICO I; 40:00;15/03/2023;CARGO COMISSION.S/VINCULO;7500,00;;7500,00;1812,57;5687,43;
BRUNO SILVEIRA MACEDO;ASSESSORIA;ASSESSOR I;NAO INFORMADO; 40:00;01/09/2021;CARGO COMISSION.S/VINCULO;5229,77;;5229,77;957,83;4271,94;
CESAR RONALDO QUARESMA DE MENEZES;ASSESSORIA;ASSESSOR III;ASSESSOR III; 40:00;01/06/2022;CARGO COMISSION.S/VINCULO;3191,80;;3191,80;327,46;2864,34;
CHARLES BELCHIEUR;DEPTO.DE ADM.E FINANCAS;TNS-I;; 30:00;23/07/1985;ESTATUTARIO;14166,66;;14166,66;4311,67;9854,99;
CLAUDIO MUNIZ PAGANO DE MELLO;GABINETE;SECRETARIO EXECUTIVO;SECRETARIO EXECUTIVO; 40:00;01/01/2023;CARGO COMISSION.S/VINCULO;11700,00;;11700,00;2968,33;8731,67;
DANIELA GOMES DOS SANTOS;ASSESSORIA;CHEFE DE DEPARTAMENTO;NAO INFORMADO; 40:00;01/09/2021;CARGO COMISSION.S/VINCULO;5229,77;;5229,77;957,83;4271,94;
DANILO AGUIAR MACEDO DE ALMEIDA;GABINETE;MEMBRO;NAO INFORMADO; 40:00;01/09/2021;CARGO COMISSION.S/VINCULO;7000,00;;7000,00;1624,32;5375,68;
DOUGLAS GUIMARAES SCALISE;ASSESSORIA;ASSESSOR III;NAO INFORMADO; 40:00;01/10/2021;CARGO COMISSION.S/VINCULO;3191,80;;3191,80;327,46;2864,34;
FRANCINETE MORAIS DA SILVA MARIANO;GABINETE;CHEFE DE GABINETE;NAO INFORMADO; 40:00;01/10/2021;CARGO COMISSION.S/VINCULO;5229,77;;5229,77;957,83;4271,94;
FRANCISCA EDILANDIA DANTAS PAULA;ASSESSORIA;ASSESSOR I;NAO INFORMADO; 40:00;06/08/2020;CARGO COMISSION.S/VINCULO;5229,77;;5229,77;957,83;4271,94;
FRANCISCO ALVES DE MOURA JUNIOR;ASSESSORIA;ASSESSOR II;ASSESSOR II; 40:00;01/06/2022;CARGO COMISSION.S/VINCULO;4209,79;;4209,79;597,14;3612,65;
GILVANETE COSTA VIEIRA;ASSESSORIA;ASSESSOR I;ASSESSOR I; 40:00;02/05/2023;CARGO COMISSION.S/VINCULO;5229,77;;5229,77;957,83;4271,94;
GLAUBER SOARES GOMES;ASSESSORIA;PROFESSOR PF20.LPL-IV;ASSESSOR I; 20:00;01/06/2019;ESTATUTARIO;7721,56;;7721,56;1258,68;6462,88;
INES CAROLINA BARBOSA F S CABRAL;GABINETE;SECRETARIO DE ESTADO;SECRETARIO DE ESTADO; 40:00;01/01/2023;CARGO COMISSION.S/VINCULO;28060,00;;28060,00;7467,33;20592,67;
ITALO JORGE SANTANA CHALUB;GABINETE;CHEFE DE DEPARTAMENTO;CHEFE DE DEPARTAMENT; 40:00;01/09/2019;CARGO COMISSION.S/VINCULO;5229,77;;5229,77;957,83;4271,94;
JANES DE SOUSA FIGUEREDO ASSUNCAO;DEPTO.DE ADM.E FINANCAS;AUX.S.G-II;; 30:00;15/07/1996;ESTATUTARIO;2381,08;;2381,08;333,35;2047,73;
JOAO MATEUS OLIVEIRA DE AMORIM;ASSESSORIA;ASSESSOR II;ASSESSOR II; 40:00;15/05/2023;CARGO COMISSION.S/VINCULO;4209,79;;4209,79;597,14;3612,65;
JORGE LUIS TRIANA RIVEROS;ASSESSORIA;ASSESSOR I;ASSESSOR I; 40:00;01/01/2023;CARGO COMISSION.S/VINCULO;5229,77;;5229,77;957,83;4271,94;
JUCICLEIDE DA SILVA PEREIRA MARINHO;ASSESSORIA;ASSESSOR III;ASSESSOR III; 40:00;13/03/2023;CARGO COMISSION.S/VINCULO;3191,80;;3191,80;327,46;2864,34;
KARINA BITTENCOURT CHILELLI;GABINETE;MEMBRO;MEMBRO; 40:00;01/01/2023;CARGO COMISSION.S/VINCULO;7000,00;;7000,00;1572,18;5427,82;
KELLEN FATIMA NOGUEIRA DA SILVA;ASSESSORIA;ASSESSOR III;ASSESSOR III; 40:00;01/05/2023;CARGO COMISSION.S/VINCULO;3191,80;;3191,80;327,46;2864,34;
LUCIANO CALIXTO JUNIOR;ASSESSORIA;DELEGADO DE POLICIA 2A.CL.PC-DEL-II;ASSESSOR II; 40:00;01/02/2022;ESTATUTARIO;4000,00;;4000,00;150,40;3849,60;
LUCIANO MIGUEL DA SILVA;ASSESSORIA;ASSESSOR III;ASSESSOR III; 40:00;06/02/2023;CARGO COMISSION.S/VINCULO;3191,80;;3191,80;327,46;2864,34;
MARIA DAS DORES DE ALMEIDA;DEPTO.DE ADM.E FINANCAS;TNS-II;; 30:00;12/08/1976;ESTATUTARIO;6921,18;;6921,18;1634,59;5286,59;
MOISES CASSIMIRO DIAS;ASSESSORIA;ASSESSOR II;ASSESSOR II; 40:00;06/02/2023;CARGO COMISSION.S/VINCULO;4209,79;;4209,79;597,14;3612,65;
MYRTES MOURAO DE OLIVEIRA;GABINETE;SECRETARIA EXECUTIVA;SECRETARIO EXECUTIVO; 30:00;01/01/2023;ESTATUTARIO;9017,48;;9017,48;1924,66;7092,82;
NILTON PEREIRA ROCHA FILHO;ASSESSORIA;ASSESSOR I;ASSESSOR I; 40:00;01/06/2022;CARGO COMISSION.S/VINCULO;5229,77;;5229,77;957,83;4271,94;
PATRICIA REGIANE RIBEIRO DE ANDRADE;ASSESSORIA;ASSESSOR III;ASSESSOR III; 40:00;01/06/2019;CARGO COMISSION.S/VINCULO;3191,80;;3191,80;327,46;2864,34;
PRISCYLLA CABRAL E CASTRO GOMES SA;ASSESSORIA;ASSESSOR I;ASSESSOR I; 40:00;01/04/2023;CARGO COMISSION.S/VINCULO;5229,77;;5229,77;914,81;4314,96;
ROSILENE DE DEUS MEDEIROS;GABINETE;MEMBRO;MEMBRO; 40:00;01/06/2023;CARGO COMISSION.S/VINCULO;7000,00;;7000,00;1624,32;5375,68;
SANDRA MARIA CASTRO LOUREIRO;DEPTO.DE ADM.E FINANCAS;A.TEC-I;; 30:00;13/05/1986;ESTATUTARIO;3896,20;;3896,20;677,68;3218,52;
SERGIO RENNER VIEIRA DA SILVA;ASSESSORIA;ASSESSOR I;NAO INFORMADO; 40:00;01/08/2019;CARGO COMISSION.S/VINCULO;5229,77;;5229,77;957,83;4271,94;
SISLANDIA FERREIRA DA SILVA CASTRO;GABINETE;MEMBRO;NAO INFORMADO; 40:00;02/01/2019;CARGO COMISSION.S/VINCULO;7000,00;;7000,00;1624,32;5375,68;
SOCORRO APARECIDA ARAUJO MAIERON;DEPTO.DE ADM.E FINANCAS;A.TEC-II;; 30:00;15/07/1996;ESTATUTARIO;3655,15;;3655,15;610,39;3044,76;
TATIANA SEIXAS ASENSI;GABINETE;MEMBRO;MEMBRO; 40:00;01/01/2023;CARGO COMISSION.S/VINCULO;7000,00;;7000,00;1624,32;5375,68;
VALTER VIANA DOS SANTOS;ASSESSORIA;ASSESSOR I;ASSESSOR I; 40:00;23/07/2018;CARGO COMISSION.S/VINCULO;5229,77;;5229,77;957,83;4271,94;
YOLANDA CORREA MANSUR;ASSESSORIA;ASSESSOR I;ASSESSOR I; 40:00;10/04/2023;CARGO COMISSION.S/VINCULO;5229,77;;5229,77;957,83;4271,94;
