NOME;LOTACAO;CARGO;FUNCAO;VINCULO;REMUNERACAO LEGAL TOTAL(R$);DESC.TETO(R$); REMUNERACAO LEGAL DEVIDA(R$);DESCONTOS LEGAIS(R$);LIQUIDO DISPONIVEL(R$);
ANDREY VICTOR PINTO GUSMAO;DEPTO.INDIGENA DES.SUSTENTAVEL;GERENTE;GERENTE; CARGO COMISSION.S/VINCULO;4209,79;;4209,79;597,14;3612,65;
CARLOS ALEXANDRE MARQUES OLIVEIRA;DEPTO.INDIGENA DES.SUSTENTAVEL;DIRETOR ADMINISTRATIVO E FINANCEIRO;DIRETOR ADMINISTRATI; CARGO COMISSION.S/VINCULO;9000,00;;9000,00;2225,83;6774,17;
DANDARA DA SILVA NASCIMENTO;DEPTO.DE ADMINIST.E FINANCAS;CHEFE DE DEPARTAMENTO;CHEFE DE DEPARTAMENT; CARGO COMISSION.S/VINCULO;5229,77;;5229,77;957,83;4271,94;
IGSON DE OLIVEIRA ANDRADE JUNIOR;DEPTO.DE ADMINIST.E FINANCAS;ASSESSOR III;ASSESSOR III; CARGO COMISSION.S/VINCULO;3191,80;;3191,80;327,46;2864,34;
JOABE LEONAM RAMOS CAMPOS;DEPTO.INDIGENA DES.SUSTENTAVEL;DIRETOR TECNICO;DIRETOR TECNICO; CARGO COMISSION.S/VINCULO;9000,00;;9000,00;2225,83;6774,17;
KELLISON RENEY CAVALIER D BRAGA;DEPTO.DE ADMINIST.E FINANCAS;ASSESSOR II;ASSESSOR II; CARGO COMISSION.S/VINCULO;4209,79;;4209,79;597,14;3612,65;
LAUANY CRISTINA SILVA DO NASCIMENTO;DEPTO.DE ADMINIST.E FINANCAS;GERENTE;GERENTE; CARGO COMISSION.S/VINCULO;4209,79;;4209,79;597,14;3612,65;
LORENNA MONTEIRO NORMANDO MOTA;DEPTO.DE ADMINIST.E FINANCAS;ASSESSOR III;ASSESSOR III; CARGO COMISSION.S/VINCULO;3191,80;;3191,80;327,46;2864,34;
LUAN ROGER PEREIRA DE AROUCHA;DEPTO.DE ADMINIST.E FINANCAS;GERENTE;GERENTE; CARGO COMISSION.S/VINCULO;4209,79;;4209,79;597,14;3612,65;
LUIZ HENRIQUE BRAZ JUNIOR;PRODURADORIA JURIDICA;ASSESSOR I;ASSESSOR I; CARGO COMISSION.S/VINCULO;5229,77;;5229,77;957,83;4271,94;
MARCIA GARCIA RAMOS;DEPTO.DE ADMINIST.E FINANCAS;ASSESSOR III;ASSESSOR III; CARGO COMISSION.S/VINCULO;3191,80;;3191,80;327,46;2864,34;
MARIA MONTEIRO CRUZ;GABINETE;CHEFE DE GABINETE;CHEFE DE GABINETE; CARGO COMISSION.S/VINCULO;5229,77;;5229,77;882,47;4347,30;
MARLICE CRISTINA RODRIGUES;DEPTO.DE ADMINIST.E FINANCAS;GERENTE;GERENTE; CARGO COMISSION.S/VINCULO;4209,79;;4209,79;597,14;3612,65;
SERGIO RICARDO MONTEIRO DE ALMEIDA;DEPTO.INDIGENA DES.SUSTENTAVEL;ASSESSOR II;ASSESSOR II; CARGO COMISSION.S/VINCULO;4209,79;;4209,79;597,14;3612,65;
SINESIO ISAQUE;GABINETE;DIRETOR PRESIDENTE;DIRETOR PRESIDENTE; CARGO COMISSION.S/VINCULO;11700,00;;11700,00;2876,66;8823,34;
VALMIR PARINTINTIN;DEPTO.INDIGENA DES.SUSTENTAVEL;CHEFE DE DEPARTAMENTO;CHEFE DE DEPARTAMENT; CARGO COMISSION.S/VINCULO;5229,77;;5229,77;957,83;4271,94;
WANDERSON SAID NEGREIROS;DEPTO.DE ADMINIST.E FINANCAS;ASSESSOR I;ASSESSOR I; CARGO COMISSION.S/VINCULO;5229,77;;5229,77;957,83;4271,94;
WISLEY DA SILVA OLIVEIRA;DEPTO.DE ADMINIST.E FINANCAS;ASSESSOR III;ASSESSOR III; CARGO COMISSION.S/VINCULO;3191,80;;3191,80;327,46;2864,34;
