NOME;LOTACAO;CARGO;FUNCAO;VINCULO;REMUNERACAO LEGAL TOTAL(R$);DESC.TETO(R$); REMUNERACAO LEGAL DEVIDA(R$);DESCONTOS LEGAIS(R$);LIQUIDO DISPONIVEL(R$);
ANA PAULA RODRIGUES NUNES;DEPTO.INDIGENA DES.SUSTENTAVEL;GERENTE;; CARGO COMISSION.S/VINCULO;6548,55;;6548,55;2104,89;4443,66;
ANDREY VICTOR PINTO GUSMAO;DEPTO.INDIGENA DES.SUSTENTAVEL;GERENTE;GERENTE; CARGO COMISSION.S/VINCULO;4209,79;;4209,79;597,14;3612,65;
CARLOS ALEXANDRE MARQUES OLIVEIRA;DEPTO.INDIGENA DES.SUSTENTAVEL;GERENTE;; CARGO COMISSION.S/VINCULO;6548,55;;6548,55;2104,89;4443,66;
CARLOS ALEXANDRE MARQUES OLIVEIRA;DEPTO.INDIGENA DES.SUSTENTAVEL;DIRETOR ADMINISTRATIVO E FINANCEIRO;DIRETOR ADMINISTRATI; CARGO COMISSION.S/VINCULO;9000,00;;9000,00;2225,83;6774,17;
DANDARA DA SILVA NASCIMENTO;DEPTO.DE ADMINIST.E FINANCAS;CHEFE DE DEPARTAMENTO;CHEFE DE DEPARTAMENT; CARGO COMISSION.S/VINCULO;5229,77;;5229,77;957,83;4271,94;
ELIENE DE AZEVEDO CARDOSO;DEPTO.DE ADMINIST.E FINANCAS;CHEFE DE DEPARTAMENTO;; CARGO COMISSION.S/VINCULO;13945,72;;13945,72;3557,44;10388,28;
IGSON DE OLIVEIRA ANDRADE JUNIOR;DEPTO.DE ADMINIST.E FINANCAS;ASSESSOR III;ASSESSOR III; CARGO COMISSION.S/VINCULO;3191,80;;3191,80;327,46;2864,34;
JEORGE FERREIRA FREITAS;DEPTO.DE ADMINIST.E FINANCAS;GERENTE;; CARGO COMISSION.S/VINCULO;11693,85;;11693,85;2359,89;9333,96;
JOABE LEONAM RAMOS CAMPOS;DEPTO.DE ADMINIST.E FINANCAS;ASSESSOR II;; CARGO COMISSION.S/VINCULO;8419,57;;8419,57;2104,89;6314,68;
JOABE LEONAM RAMOS CAMPOS;DEPTO.INDIGENA DES.SUSTENTAVEL;DIRETOR TECNICO;DIRETOR TECNICO; CARGO COMISSION.S/VINCULO;9000,00;;9000,00;2225,83;6774,17;
KELLISON RENEY CAVALIER D BRAGA;DEPTO.DE ADMINIST.E FINANCAS;ASSESSOR II;ASSESSOR II; CARGO COMISSION.S/VINCULO;4209,79;;4209,79;597,14;3612,65;
LAUANY CRISTINA SILVA DO NASCIMENTO;DEPTO.DE ADMINIST.E FINANCAS;GERENTE;GERENTE; CARGO COMISSION.S/VINCULO;4209,79;;4209,79;597,14;3612,65;
LORENNA MONTEIRO NORMANDO MOTA;DEPTO.DE ADMINIST.E FINANCAS;ASSESSOR III;ASSESSOR III; CARGO COMISSION.S/VINCULO;3191,80;;3191,80;327,46;2864,34;
LUAN ROGER PEREIRA DE AROUCHA;DEPTO.DE ADMINIST.E FINANCAS;GERENTE;GERENTE; CARGO COMISSION.S/VINCULO;4209,79;;4209,79;597,14;3612,65;
LUCINEIA SANTOS BORGES DE CAMPOS;DEPTO.DE ADMINIST.E FINANCAS;ASSESSOR III;; CARGO COMISSION.S/VINCULO;5674,30;;5674,30;1595,90;4078,40;
LUIZ HENRIQUE BRAZ JUNIOR;PRODURADORIA JURIDICA;ASSESSOR I;ASSESSOR I; CARGO COMISSION.S/VINCULO;5229,77;;5229,77;957,83;4271,94;
LUIZ HENRIQUE BRAZ JUNIOR;DEPTO.INDIGENA DES.SUSTENTAVEL;DIRETOR TECNICO;; CARGO COMISSION.S/VINCULO;9000,00;;9000,00;4500,00;4500,00;
MARCIA GARCIA RAMOS;DEPTO.DE ADMINIST.E FINANCAS;ASSESSOR III;ASSESSOR III; CARGO COMISSION.S/VINCULO;3191,80;;3191,80;327,46;2864,34;
MARIA DO PERPETUO SOCORRO C PAULAIN;PRODURADORIA JURIDICA;ASSESSOR I;; CARGO COMISSION.S/VINCULO;11040,49;;11040,49;2614,88;8425,61;
MARIA MONTEIRO CRUZ;GABINETE;CHEFE DE GABINETE;CHEFE DE GABINETE; CARGO COMISSION.S/VINCULO;5229,77;;5229,77;882,47;4347,30;
MARLICE CRISTINA RODRIGUES;DEPTO.DE ADMINIST.E FINANCAS;GERENTE;GERENTE; CARGO COMISSION.S/VINCULO;4209,79;;4209,79;597,14;3612,65;
SERGIO RICARDO MONTEIRO DE ALMEIDA;DEPTO.INDIGENA DES.SUSTENTAVEL;ASSESSOR II;ASSESSOR II; CARGO COMISSION.S/VINCULO;4209,79;;4209,79;597,14;3612,65;
SINESIO ISAQUE;GABINETE;DIRETOR PRESIDENTE;DIRETOR PRESIDENTE; CARGO COMISSION.S/VINCULO;11700,00;;11700,00;2876,66;8823,34;
VALMIR PARINTINTIN;DEPTO.INDIGENA DES.SUSTENTAVEL;CHEFE DE DEPARTAMENTO;CHEFE DE DEPARTAMENT; CARGO COMISSION.S/VINCULO;5229,77;;5229,77;957,83;4271,94;
WANDERSON SAID NEGREIROS;DEPTO.DE ADMINIST.E FINANCAS;ASSESSOR I;ASSESSOR I; CARGO COMISSION.S/VINCULO;5229,77;;5229,77;957,83;4271,94;
WISLEY DA SILVA OLIVEIRA;DEPTO.DE ADMINIST.E FINANCAS;ASSESSOR III;ASSESSOR III; CARGO COMISSION.S/VINCULO;3191,80;;3191,80;327,46;2864,34;
