NOME;LOTACAO;CARGO;FUNCAO;VINCULO;REMUNERACAO LEGAL TOTAL(R$);DESC.TETO(R$); REMUNERACAO LEGAL DEVIDA(R$);DESCONTOS LEGAIS(R$);LIQUIDO DISPONIVEL(R$);
ANA PAULA RODRIGUES NUNES;DEPTO.INDIGENA DES.SUSTENTAVEL;GERENTE;GERENTE; CARGO COMISSION.S/VINCULO;4209,79;;4209,79;547,14;3662,65;
CARLOS ALEXANDRE MARQUES OLIVEIRA;DEPTO.INDIGENA DES.SUSTENTAVEL;GERENTE;GERENTE; CARGO COMISSION.S/VINCULO;4209,79;;4209,79;597,14;3612,65;
ELIENE DE AZEVEDO CARDOSO;DEPTO.DE ADMINIST.E FINANCAS;CHEFE DE DEPARTAMENTO;NAO INFORMADO; CARGO COMISSION.S/VINCULO;5229,77;;5229,77;957,83;4271,94;
IGSON DE OLIVEIRA ANDRADE JUNIOR;DEPTO.DE ADMINIST.E FINANCAS;ASSESSOR III;ASSESSOR III; CARGO COMISSION.S/VINCULO;3191,80;;3191,80;327,46;2864,34;
JADER COMAPA FRANCO;GABINETE;CHEFE DE GABINETE;; CARGO COMISSION.S/VINCULO;2033,79;;2033,79;1307,44;726,35;
JEORGE FERREIRA FREITAS;DEPTO.DE ADMINIST.E FINANCAS;GERENTE;NAO INFORMADO; CARGO COMISSION.S/VINCULO;4209,79;;4209,79;597,14;3612,65;
JOABE LEONAM RAMOS CAMPOS;DEPTO.DE ADMINIST.E FINANCAS;ASSESSOR II;ASSESSOR II; CARGO COMISSION.S/VINCULO;5613,05;;5613,05;1102,13;4510,92;
LUCINEIA SANTOS BORGES DE CAMPOS;DEPTO.DE ADMINIST.E FINANCAS;ASSESSOR III;NAO INFORMADO; CARGO COMISSION.S/VINCULO;3191,80;;3191,80;327,46;2864,34;
LUIZ HENRIQUE BRAZ JUNIOR;DEPTO.INDIGENA DES.SUSTENTAVEL;DIRETOR TECNICO;DIRETOR TECNICO; CARGO COMISSION.S/VINCULO;9000,00;;9000,00;2121,55;6878,45;
MARCIA GARCIA RAMOS;DEPTO.DE ADMINIST.E FINANCAS;ASSESSOR III;ASSESSOR III; CARGO COMISSION.S/VINCULO;3191,80;;3191,80;327,46;2864,34;
MARIA DO PERPETUO SOCORRO C PAULAIN;PRODURADORIA JURIDICA;ASSESSOR I;ASSESSOR I; CARGO COMISSION.S/VINCULO;5229,77;;5229,77;957,83;4271,94;
MARIA MONTEIRO CRUZ;GABINETE;CHEFE DE GABINETE;CHEFE DE GABINETE; CARGO COMISSION.S/VINCULO;5229,77;;5229,77;957,83;4271,94;
MARLICE CRISTINA RODRIGUES;DEPTO.DE ADMINIST.E FINANCAS;GERENTE;GERENTE; CARGO COMISSION.S/VINCULO;4209,79;;4209,79;597,14;3612,65;
SERGIO RICARDO MONTEIRO DE ALMEIDA;DEPTO.INDIGENA DES.SUSTENTAVEL;ASSESSOR II;ASSESSOR II; CARGO COMISSION.S/VINCULO;4209,79;;4209,79;597,14;3612,65;
SINESIO ISAQUE;GABINETE;DIRETOR PRESIDENTE;DIRETOR PRESIDENTE; CARGO COMISSION.S/VINCULO;11700,00;;11700,00;2876,66;8823,34;
VALMIR PARINTINTIN;DEPTO.INDIGENA DES.SUSTENTAVEL;CHEFE DE DEPARTAMENTO;CHEFE DE DEPARTAMENT; CARGO COMISSION.S/VINCULO;5229,77;;5229,77;957,83;4271,94;
VANDERLEI ALVINO;DIRETORIA ADM-FINANCEIRA;DIRETOR ADMINISTRATIVO E FINANCEIRO;NAO INFORMADO; CARGO COMISSION.S/VINCULO;9000,00;;9000,00;2225,83;6774,17;
WANDERSON SAID NEGREIROS;DEPTO.DE ADMINIST.E FINANCAS;ASSESSOR I;ASSESSOR I; CARGO COMISSION.S/VINCULO;5229,77;;5229,77;957,83;4271,94;
WISLEY DA SILVA OLIVEIRA;DEPTO.DE ADMINIST.E FINANCAS;ASSESSOR III;ASSESSOR III; CARGO COMISSION.S/VINCULO;3191,80;;3191,80;327,46;2864,34;
