NOME;LOTACAO;CARGO;FUNCAO;VINCULO;REMUNERACAO LEGAL TOTAL(R$);DESC.TETO(R$); REMUNERACAO LEGAL DEVIDA(R$);DESCONTOS LEGAIS(R$);LIQUIDO DISPONIVEL(R$);
ABILIO LEITAO DA COSTA MACEDO;EFETIVOS;ANALISTA PREVIDENCIARIO;AG. PREVIDENCIARIO; ESTATUTARIO;26254,23;;26254,23;9015,36;17238,87;
ADALBERTO DA COSTA BARRONCAS;AMAZONPREV-ATIVOS;GERENTE;GERENTE; CARGO COMISSION.S/VINCULO;10129,00;;10129,00;2552,10;7576,90;
ADELSON MACIEL DANTAS;COMISSIONADOS;ASSESSOR I;ASSESSOR I - AMZ-6; CARGO COMISSION.S/VINCULO;8104,00;;8104,00;1995,22;6108,78;
ADINILSON COELHO CORDEIRO;EFETIVOS;ANALISTA PREVIDENCIARIO;AG. PREVIDENCIARIO; ESTATUTARIO;26254,23;;26254,23;8911,08;17343,15;
AFRANIO CORREA LIMA JUNIOR;COFIS;MEMBRO DO CONSELHO FISCAL;; CONSELHO;2244,80;;2244,80;25,56;2219,24;
ALAN CARDEC SOARES DA SILVA;AMAZONPREV-ATIVOS;ASSISTENTE TECNICO;GERENTE; ESTATUTARIO;20431,03;;20431,03;6518,42;13912,61;
ALAN CYNARA BATISTA NASCIMENTO;EFETIVOS;ANALISTA PREVIDENCIARIO;COORDENADOR AMZ-3; ESTATUTARIO;29754,23;;29754,23;9873,58;19880,65;
ALAN NASCIMENTO TEIXEIRA;EFETIVOS;ANALISTA PREVIDENCIARIO;; ESTATUTARIO;25100,96;;25100,96;8581,15;16519,81;
ALBERMAR LINDALVA DAMASCENO POLARES;EFETIVOS;ANALISTA PREVIDENCIARIO;AG. PREVIDENCIARIO; ESTATUTARIO;33467,95;;33467,95;10882,07;22585,88;
ALBERTO ROCHA CAVALCANTE;CONAD;MEMBRO DE CONSELHO;; CONSELHO;2806,00;;2806,00;67,65;2738,35;
ALBERTO TELES CAVALCANTE NETO;EFETIVOS;ANALISTA PREVIDENCIARIO;; ESTATUTARIO;26254,23;;26254,23;8858,94;17395,29;
ALOISIO DA COSTA FILGUEIRAS JUNIOR;EFETIVOS;ADVOGADO PUBLICO;; ESTATUTARIO;29239,04;;29239,04;9781,09;19457,95;
ANA CELIA ALENCAR BEZERRA;COMISSIONADOS;TEC. EM REGISTRO DE SAUDE 3A CLASSE;ASSISTENTE DA PRESID; ESTATUTARIO;4068,05;;4068,05;490,59;3577,46;
ANA LUCIA SANTOS DA SILVA;AMAZONPREV-ATIVOS;ASSISTENTE TECNICO;; ESTATUTARIO;8627,45;;8627,45;2378,87;6248,58;
ANA PAULA DOS SANTOS OZORIO;EFETIVOS;ANALISTA PREVIDENCIARIO;AG, PREVIDENCIARIO; ESTATUTARIO;26254,23;;26254,23;8963,22;17291,01;
ANDRE LUIS BENTES DE SOUZA;EFETIVOS;ANALISTA PREVIDENCIARIO;DIRETOR DE PREVIDENC; ESTATUTARIO;36154,23;692,01;35462,22;11547,55;23914,67;
ANDRE LUIZ MOUCO FERNANDES;EFETIVOS;ADVOGADO PUBLICO;GERENTE AMZ7; ESTATUTARIO;29239,04;;29239,04;10139,14;19099,90;
ANDRE RICARDO PINHEIRO MARTINS;EFETIVOS;ANALISTA PREVIDENCIARIO;AG. PREVIDENCIARIO; ESTATUTARIO;26254,23;;26254,23;8911,08;17343,15;
ANDREZA HELENA DA SILVA;AMAZONPREV-ATIVOS;ASSISTENTE TECNICO;COORD.REC.HUMANOS; ESTATUTARIO;16737,70;;16737,70;5380,25;11357,45;
ANGELA MARCIA COUTINHO E SILVA;AMAZONPREV-ATIVOS;ASSISTENTE TECNICO;; ESTATUTARIO;6361,28;;6361,28;1473,53;4887,75;
ANNE KEITY TUPINAMBA DE C MENEZES;EFETIVOS;ADVOGADO PUBLICO;; ESTATUTARIO;30392,30;;30392,30;10469,07;19923,23;
ANTONIO DE JESUS ALVES PACIFICO;COMISSIONADOS;ASSESSOR III AMZ.4;; CARGO COMISSION.S/VINCULO;5064,00;;5064,00;918,00;4146,00;
ANTONIO FRANCISCO DA SILVA;AMAZONPREV-ATIVOS;ASSISTENTE TECNICO;FUNCAO GRATIFICAD; ESTATUTARIO;6936,93;;6936,93;1533,85;5403,08;
ARCISE CAMARA DE ASSIS;EFETIVOS;ANALISTA PREVIDENCIARIO;; ESTATUTARIO;27407,49;;27407,49;9345,29;18062,20;
ARY RENATO VASCONCELOS DE SOUZA;AMAZONPREV-ATIVOS;GERENTE;GERENTE; CARGO COMISSION.S/VINCULO;10129,00;;10129,00;2552,10;7576,90;
AUDENOR GRANDES BELIDO;EFETIVOS;ANALISTA PREVIDENCIARIO;COORDENADOR AMZ 3; ESTATUTARIO;29254,23;;29254,23;9430,17;19824,06;
AUGUSTO SAMPAIO DE ARAUJO NETTO;COMISSIONADOS;COORDENADOR;COORDENADOR; CARGO COMISSION.S/VINCULO;5570,00;;5570,00;1101,72;4468,28;
BALDUINO GOMES CAMARA;EFETIVOS;ANALISTA PREVIDENCIARIO;AG. PREVIDENCIARIO; ESTATUTARIO;26254,23;;26254,23;9015,36;17238,87;
BRUNO DAMASCENO COSTA NOVO;COMISSIONADOS;ASSESSOR I AMZ.6;; CARGO COMISSION.S/VINCULO;10604,00;;10604,00;2682,72;7921,28;
BRUNO RENE DA SILVA BARROSO;AMAZONPREV-ATIVOS;MEMBRO DE CONSELHO;; CONSELHO;2500,00;;2500,00;44,70;2455,30;
CAROLINE RETTO FROTA;EFETIVOS;ADVOGADO PUBLICO;; ESTATUTARIO;29239,04;;29239,04;10139,14;19099,90;
CHRISTIANO COSTA NOVO DE SENA;COMISSIONADOS;ASSESSOR I AMZ.6;; CARGO COMISSION.S/VINCULO;10805,33;;10805,33;2685,95;8119,38;
CHRISTOVAO CAVALCANTE ALVES;EFETIVOS;ANALISTA PREVIDENCIARIO;AG. PREVIDENCIARIO; ESTATUTARIO;29929,82;;29929,82;10026,14;19903,68;
CINTYA KAZUKO DIAS TAKANO;CONAD;MEMBRO DE CONSELHO;; CONSELHO;2806,00;;2806,00;67,65;2738,35;
CLAUDINEI SOARES;EFETIVOS;ANALISTA PREVIDENCIARIO;AG. PREVIDENCIARIO; ESTATUTARIO;28754,23;;28754,23;9650,72;19103,51;
CLAUDIO MARCELO CARDIA PACHECO;EFETIVOS;ANALISTA PREVIDENCIARIO;; ESTATUTARIO;25100,96;;25100,96;8581,15;16519,81;
CLAUDIO MARINS DE MELO;COMISSIONADOS;PROFESSOR PF40.MSC-II;DIRETOR ADMINISTRATI; ESTATUTARIO;18038,27;;18038,27;4917,20;13121,07;
CYNTHIA MARIA REIS GONZALEZ;CEDIDOS;PROFESSOR PF20.ESP-III;ASSESSOR III-AD-3; ESTATUTARIO;6752,00;;6752,00;1291,44;5460,56;
DANILO GONCALVES DE SOUZA JUNIOR;AMAZONPREV-ATIVOS;ASSISTENTE TECNICO;FG-1; ESTATUTARIO;6378,76;;6378,76;1273,10;5105,66;
DAYANA ESPERANÇA DOS SANTOS;COMISSIONADOS;COORDENADOR;COORDENADOR; CARGO COMISSION.S/VINCULO;5570,00;;5570,00;1101,72;4468,28;
EDISSANDRA OLIVEIRA GUIMARAES;EFETIVOS;ANALISTA PREVIDENCIARIO;; ESTATUTARIO;26254,23;;26254,23;8858,94;17395,29;
EDIVANDER SOUZA DOS SANTOS;EFETIVOS;ANALISTA PREVIDENCIARIO;AG. PREVIDENCIARIO; ESTATUTARIO;25100,96;;25100,96;8476,87;16624,09;
EDUARDO MARTINS DE SOUZA;COFIS;MEMBRO DO CONSELHO FISCAL;; CONSELHO;2244,80;;2244,80;25,56;2219,24;
ELINSON SILVA LIMA;CONAD;MEMBRO DE CONSELHO;; CONSELHO;2806,00;;2806,00;67,65;2738,35;
EMERSON OLIVEIRA DE QUEIROS;COFIS;MEMBRO DO CONSELHO FISCAL;; CONSELHO;2244,80;565,98;1678,82;;1678,82;
EMILY CASTELO BRANCO ENCARNACAO;EFETIVOS;ADVOGADO PUBLICO;; ESTATUTARIO;30392,30;;30392,30;10416,93;19975,37;
ENA MARA DE AZEDO SANTANA;AMAZONPREV-ATIVOS;ASSISTENTE TECNICO;; ESTATUTARIO;19881,35;;19881,35;6368,15;13513,20;
ERLANDIA CARVALHO DA SILVA;AMAZONPREV-ATIVOS;ASSISTENTE TECNICO;COORDENADOR; ESTATUTARIO;23705,30;;23705,30;7007,12;16698,18;
EUNICE PEREIRA DA SILVA;AMAZONPREV-ATIVOS;ASSISTENTE TECNICO;; ESTATUTARIO;15901,08;;15901,08;4919,19;10981,89;
FABIO DE CARVALHO ROSA;EFETIVOS;ANALISTA PREVIDENCIARIO;COORDENADOR AMZ-3; ESTATUTARIO;26254,23;;26254,23;8911,08;17343,15;
FABIO MARTINS RIBEIRO;EFETIVOS;ADVOGADO PUBLICO;; ESTATUTARIO;53719,05;18256,83;35462,22;12482,17;22980,05;
FABIO ROBERTO GALVAO DA SILVA;COMISSIONADOS;ASS. DE DIRETORIA E GERENCIA AMZ. 1;NAO INFORMADO; CARGO COMISSION.S/VINCULO;3781,33;;3781,33;515,92;3265,41;
FABRICIO ROGERIO CYRINO BARBOSA;CONAD;MEMBRO DE CONSELHO;; CONSELHO;2806,00;;2806,00;67,65;2738,35;
FERNANDA DE SOUZA CASTELO BRANCO;COMISSIONADOS;ASS. DE DIRETORIA E GERENCIA AMZ. 1;ASS. DE DIRETORIA E; CARGO COMISSION.S/VINCULO;2836,00;;2836,00;295,27;2540,73;
FLAVIA MARA MOREIRA COSTA ROCHA;COMISSIONADOS;ASSESSOR III;ASSESSOR III-AMZ-4; CARGO COMISSION.S/VINCULO;5064,00;;5064,00;918,00;4146,00;
FLAVIANA GALUCIO ZOUMBOUNELOS;COMISSIONADOS;COORDENADOR;COORDENADOR-AMZ-3; CARGO COMISSION.S/VINCULO;5570,00;;5570,00;1101,72;4468,28;
FRANCISCA DEUZIMAR FERREIRA MENEZES;EFETIVOS;ASSISTENTE TECNICO;; ESTATUTARIO;9398,04;;9398,04;2362,55;7035,49;
FRANCISCA LIMA MOURA;COMISSIONADOS;ASS. DE DIRETORIA E GERENCIA AMZ. 1;NAO INFORMADO; CARGO COMISSION.S/VINCULO;2836,00;;2836,00;295,27;2540,73;
FRANCISCA MARLINDA DE OLIVEIRA BRIT;AMAZONPREV-ATIVOS;ASSISTENTE TECNICO;OP.MAQ.CONT,A; ESTATUTARIO;19077,32;;19077,32;6075,45;13001,87;
FRANCISCO DE ASSIS SOUZA OLIVEIRA;COMISSIONADOS;ASS. DE DIRETORIA E GERENCIA AMZ. 1;; CARGO COMISSION.S/VINCULO;3781,33;;3781,33;515,92;3265,41;
FREDSON BERNARDO DA SILVA;CONAD;MEMBRO DE CONSELHO;; CONSELHO;2806,00;;2806,00;67,65;2738,35;
GENECI BEHLING BETT;EFETIVOS;ANALISTA PREVIDENCIARIO;; ESTATUTARIO;21307,46;;21307,46;7152,90;14154,56;
GIZA ALLEM NAZARE DE ANDRADE;COMISSIONADOS;GERENTE;GERENTE; CARGO COMISSION.S/VINCULO;10129,00;;10129,00;2552,10;7576,90;
HELIANA CUNHA MOTTA DE OLIVEIRA;AMAZONPREV-ATIVOS;ASSISTENTE TECNICO;; ESTATUTARIO;7271,79;;7271,79;1777,83;5493,96;
HELLEN CREMILDES PORTO S PINHEIRO;AMAZONPREV-ATIVOS;ASSISTENTE TECNICO;; ESTATUTARIO;18110,09;;18110,09;5896,95;12213,14;
IVANILDO DA COSTA E SILVA;EFETIVOS;ANALISTA PREVIDENCIARIO;AG. PREVIDENCIARIO; ESTATUTARIO;26254,23;;26254,23;8963,22;17291,01;
IZABEL ELEINA MOREIRA;EFETIVOS;ANALISTA PREVIDENCIARIO;AG. PREVIDENCIARIO; ESTATUTARIO;23947,71;;23947,71;8094,82;15852,89;
JANIS LISANDRA BATISTA CRUZ;EFETIVOS;ANALISTA PREVIDENCIARIO;AG. PREVIDENCIARIO; ESTATUTARIO;20080,77;;20080,77;6534,64;13546,13;
JOAO AUGUSTO CORDEIRO RAMOS;COMISSIONADOS;GERENTE AMZ.7;; CARGO COMISSION.S/VINCULO;10129,00;;10129,00;2552,10;7576,90;
JOHN ELYSTON DE SOUZA ALTMANN;AMAZONPREV-ATIVOS;GERENTE;GERENTE; CARGO COMISSION.S/VINCULO;10129,00;;10129,00;2552,10;7576,90;
JONATHAS CARREIRA MADEIRA JUNIOR;EFETIVOS;ADVOGADO PUBLICO;ADVOGADO; ESTATUTARIO;23391,23;;23391,23;7644,01;15747,22;
JORGE GUEDES LOBO;CONAD;MEMBRO DE CONSELHO;; CONSELHO;2806,00;;2806,00;67,65;2738,35;
JORGE PIETRO RODRIGUES DE ARAUJO;EFETIVOS;ANALISTA PREVIDENCIARIO;AG. PREVIDENCIARIO; ESTATUTARIO;26254,23;;26254,23;8963,22;17291,01;
JOSE ANTONIO L SENHORAES;AMAZONPREV-ATIVOS;MOTORISTA;; ESTATUTARIO;8792,46;;8792,46;2441,00;6351,46;
JOSE EMERSON CAMPOS RODRIGUES;EFETIVOS;ANALISTA PREVIDENCIARIO;AG. PREVIDENCIARIO; ESTATUTARIO;21003,38;;21003,38;7038,41;13964,97;
KEYCE REGINA MARQUES DA SILVA;AMAZONPREV-ATIVOS;ASSESSOR III AMZ.4;ASSESSOR III AMZ.4; CARGO COMISSION.S/VINCULO;5064,00;;5064,00;918,00;4146,00;
LEIDY SILVIA RIBEIRO SEVERO;COMISSIONADOS;ASS. DE DIRETORIA E GERENCIA AMZ. 1;ASS. DE DIRETORIA E; CARGO COMISSION.S/VINCULO;2836,00;;2836,00;295,27;2540,73;
LEONARDO ALMEIDA DE S CAVALCANTI;EFETIVOS;ANALISTA PREVIDENCIARIO;COORDENADOR; ESTATUTARIO;30600,96;;30600,96;9989,37;20611,59;
LIGIA DA SILVA BARROS;COFIS;MEMBRO DE CONSELHO;VICE PRES CONS FISC; CONSELHO;2244,80;;2244,80;25,56;2219,24;
LUCIANE BARROS DE SOUZA;EFETIVOS;ADVOGADO PUBLICO;ADVOGADO; ESTATUTARIO;30392,30;;30392,30;10521,20;19871,10;
LUIZ CARLOS REGO FREITAS;EFETIVOS;ANALISTA PREVIDENCIARIO;AG. PREVIDENCIARIO; ESTATUTARIO;23947,71;;23947,71;7297,41;16650,30;
LUIZ ROMULO PESSOA PEGADO;AMAZONPREV-ATIVOS;ASSISTENTE TECNICO;; ESTATUTARIO;16740,21;;16740,21;5433,33;11306,88;
MANOEL FERREIRA LIMA JUNIOR;EFETIVOS;ANALISTA PREVIDENCIARIO;COORDENADOR AMZ-3; ESTATUTARIO;28560,74;;28560,74;9779,48;18781,26;
MARA ROBERTA OLIVEIRA DOS ANJOS;COFIS;MEMBRO DO CONSELHO FISCAL;; CONSELHO;2244,80;;2244,80;25,56;2219,24;
MARCELO SOARES CAVALCANTE;EFETIVOS;ANALISTA PREVIDENCIARIO;AG. PREVIDENCIARIO; ESTATUTARIO;25100,96;;25100,96;8476,87;16624,09;
MARCO ANTONIO OLIVEIRA DE ARAUJO;COMISSIONADOS;GERENTE;GERENTE; CARGO COMISSION.S/VINCULO;10129,00;;10129,00;2135,37;7993,63;
MARCOS ANDRE ABENSUR;COFIS;MEMBRO DO CONSELHO FISCAL;; CONSELHO;2244,80;;2244,80;25,56;2219,24;
MARCOS HOMERO XAVIER VENTILARI;EFETIVOS;ANALISTA PREVIDENCIARIO;AG. PREVIDENCIARIO; ESTATUTARIO;26254,23;;26254,23;8911,08;17343,15;
MARCOS ROBERTO NASCIMENTO DE SOUZA;AMAZONPREV-ATIVOS;MEMBRO DE CONSELHO;; CONSELHO;2500,00;;2500,00;44,70;2455,30;
MARIA ADELAIDE RIBEIRO CRUZ;CODIR;ANALISTA PREVIDENCIARIO;DIRETOR DE PREVIDENC; ESTATUTARIO;28503,79;;28503,79;9862,32;18641,47;
MARIA DA CONCEICAO GRANA CRUZ;CEDIDOS;ASSISTENTE ADMINISTRATIVO;ASSIST. ADMINIST; ESTATUTARIO;4594,77;;4594,77;575,21;4019,56;
MARIA DA CONCEICAO GUERREIRO SILVA;COFIS;MEMBRO DE CONSELHO;MEMBRO.CONS.ADM.; CONSELHO;2244,80;869,49;1375,31;;1375,31;
MARIA DE FATIMA DE SOUZA ALENCAR;AMAZONPREV-ATIVOS;ASSISTENTE TECNICO;GERENTE, AD-2; ESTATUTARIO;7281,76;;7281,76;1781,46;5500,30;
MARIA DE FATIMA LIMA DA SILVA;RELOTADOS;ASSISTENTE TECNICO;; ESTATUTARIO;6366,17;;6366,17;1448,15;4918,02;
MARIA DO SOCORRO SANTOS ALBUQUERQUE;AMAZONPREV-ATIVOS;ASSISTENTE TECNICO;GERENTE; ESTATUTARIO;6428,78;;6428,78;1551,08;4877,70;
MARIA EDNA ALVES DA COSTA;AMAZONPREV-ATIVOS;ASSISTENTE TECNICO;; ESTATUTARIO;19087,29;;19087,29;6079,08;13008,21;
MARIA LUCIA LIMA DUTRA;EFETIVOS;ANALISTA PREVIDENCIARIO;AG. PREVIDENCIARIO; ESTATUTARIO;26254,23;;26254,23;9015,36;17238,87;
MARIA NEBLINA MARAES;CODIR;PROFESSOR PF20.ESP-III;DIRETOR PRESIDENTE; ESTATUTARIO;28539,49;;28539,49;7293,69;21245,80;
MARIA SEBASTIANA DE OLIVEIRA BRITO;AMAZONPREV-ATIVOS;ASSISTENTE TECNICO;; ESTATUTARIO;15931,00;;15931,00;4930,08;11000,92;
MARIA SUELEN RIBEIRO DOS REIS;CEDIDOS;JORNALISTA;JORNALISTA; ESTATUTARIO;6530,97;;6530,97;1304,74;5226,23;
MARLENE AMANCIO DO AMARAL;AMAZONPREV-ATIVOS;ASSISTENTE TECNICO;; ESTATUTARIO;15921,03;;15921,03;4926,45;10994,58;
MARTA REGINA OLIVEIRA DE FARIAS;AMAZONPREV-ATIVOS;ASSISTENTE TECNICO;COORD REGIONAL; ESTATUTARIO;17413,55;;17413,55;5634,71;11778,84;
MARTHA DUTRA GADELHA DE ALBUQUERQUE;COFIS;MEMBRO DE CONSELHO;MEMBRO CONS.FISCAL; CONSELHO;2244,80;;2244,80;25,56;2219,24;
MICHELLE BELOTA TROMBONI;AMAZONPREV-ATIVOS;ASSISTENTE TECNICO;GERENTE, AD-2; ESTATUTARIO;15394,74;;15394,74;4926,76;10467,98;
NADIA MONTEIRO DE ALMEIDA PAIVA;AMAZONPREV-ATIVOS;ASSISTENTE TECNICO;; ESTATUTARIO;13956,05;;13956,05;4323,22;9632,83;
NAIS ALVES DE CAMPOS;COMISSIONADOS;ASSESSOR III AMZ.4;NAO INFORMADO; CARGO COMISSION.S/VINCULO;5064,00;;5064,00;918,00;4146,00;
NEILDO ROSAS DE LIMA;AMAZONPREV-ATIVOS;VIGIA;GERENTE; ESTATUTARIO;7679,44;;7679,44;1655,78;6023,66;
NELCI CAVALCANTE TOME;COMISSIONADOS;COORDENADOR;COORDENADOR-AMZ-3; CARGO COMISSION.S/VINCULO;5570,00;;5570,00;1049,58;4520,42;
NUNO PONCE DE LEAO GONCALVES;COMISSIONADOS;ASSESSOR II AMZ.5;ASSESSOR II AMZ.5; CARGO COMISSION.S/VINCULO;6077,00;;6077,00;1292,60;4784,40;
PRISCILLA TEIXEIRA FREIRE DE ARAUJO;EFETIVOS;ANALISTA PREVIDENCIARIO;AG. PREVIDENCIARIO; ESTATUTARIO;25100,96;;25100,96;8476,87;16624,09;
RAIMUNDO ALBERTO DA SILVA MENTA;CONAD;MEMBRO DE CONSELHO;; CONSELHO;2806,00;;2806,00;67,65;2738,35;
RAIMUNDO ALBERTO DA SILVA MENTA;AMAZONPREV-ATIVOS;ASSISTENTE TECNICO;F. GRATIFICADA, FG-1; ESTATUTARIO;6393,47;;6393,47;1293,60;5099,87;
RAIMUNDO NONATO PEREIRA DE AGUIAR;EFETIVOS;ANALISTA PREVIDENCIARIO;AG. PREVIDENCIARIO; ESTATUTARIO;25100,96;;25100,96;8476,87;16624,09;
RAIMUNDO PEREIRA PONTES FILHO;CONAD;MEMBRO DE CONSELHO;; CONSELHO;2806,00;58,90;2747,10;63,23;2683,87;
RAWLISON THALES MARTINS NASCIMENTO;EFETIVOS;ANALISTA PREVIDENCIARIO;AG. PREVIDENCIARIO; ESTATUTARIO;26254,23;;26254,23;8963,22;17291,01;
RENIZIO DE OLIVEIRA FERREIRA;EFETIVOS;ANALISTA PREVIDENCIARIO;; ESTATUTARIO;25100,96;;25100,96;8581,15;16519,81;
RIAD ABRAHIM BALLUT;CONAD;MEMBRO DE CONSELHO;; CONSELHO;2806,00;;2806,00;67,65;2738,35;
RICLEITON WALLACE PEDROSO BATISTA;EFETIVOS;ANALISTA PREVIDENCIARIO;; ESTATUTARIO;26254,23;;26254,23;8297,52;17956,71;
RILMA FERREIRA DA COSTA;EFETIVOS;ANALISTA PREVIDENCIARIO;ASSESSOR I AMZ.6; ESTATUTARIO;29254,23;;29254,23;9840,36;19413,87;
ROBERVANE MORAES DE MELLO COMPTON;EFETIVOS;ANALISTA PREVIDENCIARIO;AG. PREVIDENCIARIO; ESTATUTARIO;25100,96;;25100,96;8581,15;16519,81;
ROBSON SORIA NEGREIROS;EFETIVOS;ANALISTA PREVIDENCIARIO;; ESTATUTARIO;25100,96;;25100,96;8476,87;16624,09;
RONALDO ROSALINO JUNIOR;EFETIVOS;ANALISTA PREVIDENCIARIO;AG. PREVIDENCIARIO; ESTATUTARIO;25100,96;;25100,96;8581,15;16519,81;
ROSINEY CABRAL BOTELHO;AMAZONPREV-ATIVOS;ASSISTENTE TECNICO;; ESTATUTARIO;11680,77;;11680,77;3382,85;8297,92;
SANDRA HELENE SANTANA GUSMAO ANDRAD;AMAZONPREV-ATIVOS;ASSISTENTE TECNICO;; ESTATUTARIO;17431,03;;17431,03;5617,79;11813,24;
SAULO THIAGO SANTANA PINHEIRO;AMAZONPREV-ATIVOS;ASSISTENTE TECNICO;; ESTATUTARIO;6361,28;;6361,28;1525,66;4835,62;
SERGIO FERREIRA NETO;EFETIVOS;ANALISTA PREVIDENCIARIO;; ESTATUTARIO;25100,96;;25100,96;8581,15;16519,81;
SID ALVES DA SILVA GUILHERME;EFETIVOS;ADVOGADO PUBLICO;; ESTATUTARIO;30392,30;;30392,30;10573,34;19818,96;
SIMELBE CARNEIRO FURTADO CAMARA;EFETIVOS;ANALISTA PREVIDENCIARIO;; ESTATUTARIO;25100,96;;25100,96;8581,15;16519,81;
THAIS CARVALHO MONTEIRO MAIA;AMAZONPREV-ATIVOS;ASSESSOR I AMZ.6;ASSESSOR I AMZ.6; CARGO COMISSION.S/VINCULO;8104,00;;8104,00;1890,95;6213,05;
VALDIR RODRIGUES BARBOSA;CONAD;MEMBRO DE CONSELHO;MEMBRO.CONS.ADM.; CONSELHO;2806,00;2058,83;747,17;;747,17;
VANDER LAAN REIS GOES;CONAD;MEMBRO DE CONSELHO;MEMBRO.CONS.ADM.; CONSELHO;2806,00;;2806,00;67,65;2738,35;
VANESSA RIBEIRO MONTE;COMISSIONADOS;ASS. DE DIRETORIA E GERENCIA AMZ. 1;ASS. DE DIRETORIA E; CARGO COMISSION.S/VINCULO;2836,00;;2836,00;295,27;2540,73;
WELLINGTON GUIMARAES BENTES;EFETIVOS;ANALISTA PREVIDENCIARIO;; ESTATUTARIO;28754,23;;28754,23;9702,86;19051,37;
WILZA DO NASCIMENTO MOREIRA;COMISSIONADOS;ASS. DE DIRETORIA E GERENCIA AMZ. 1;; CARGO COMISSION.S/VINCULO;2836,00;;2836,00;295,27;2540,73;
WIVIANNY FARIAS PEREIRA LACERDA;EFETIVOS;ANALISTA PREVIDENCIARIO;; ESTATUTARIO;26254,23;;26254,23;8911,08;17343,15;
ZIRLEY RAMOS AQUINO;EFETIVOS;ANALISTA PREVIDENCIARIO;AG. PREVIDENCIARIO; ESTATUTARIO;26254,23;;26254,23;9015,36;17238,87;
