NOME;LOTACAO;CARGO;FUNCAO;VINCULO;REMUNERACAO LEGAL TOTAL(R$);DESC.TETO(R$); REMUNERACAO LEGAL DEVIDA(R$);DESCONTOS LEGAIS(R$);LIQUIDO DISPONIVEL(R$);
ABILIO LEITAO DA COSTA MACEDO;EFETIVOS;ANALISTA PREVIDENCIARIO;AG. PREVIDENCIARIO; ESTATUTARIO;26254,23;;26254,23;9015,36;17238,87;
ADALBERTO DA COSTA BARRONCAS;AMAZONPREV-ATIVOS;GERENTE;GERENTE; CARGO COMISSION.S/VINCULO;13505,33;;13505,33;3480,59;10024,74;
ADELSON MACIEL DANTAS;COMISSIONADOS;ASSESSOR I;ASSESSOR I - AMZ-6; CARGO COMISSION.S/VINCULO;8104,00;;8104,00;1995,22;6108,78;
ADINILSON COELHO CORDEIRO;EFETIVOS;ANALISTA PREVIDENCIARIO;AG. PREVIDENCIARIO; ESTATUTARIO;26254,23;;26254,23;8911,08;17343,15;
AFRANIO CORREA LIMA JUNIOR;COFIS;MEMBRO DO CONSELHO FISCAL;; CONSELHO;2244,80;;2244,80;25,56;2219,24;
ALAN CARDEC SOARES DA SILVA;AMAZONPREV-ATIVOS;ASSISTENTE TECNICO;GERENTE; ESTATUTARIO;20431,03;;20431,03;6518,42;13912,61;
ALAN CYNARA BATISTA NASCIMENTO;EFETIVOS;ANALISTA PREVIDENCIARIO;COORDENADOR AMZ-3; ESTATUTARIO;29754,23;;29754,23;9873,58;19880,65;
ALAN NASCIMENTO TEIXEIRA;EFETIVOS;ANALISTA PREVIDENCIARIO;; ESTATUTARIO;33467,95;;33467,95;10882,07;22585,88;
ALBERMAR LINDALVA DAMASCENO POLARES;EFETIVOS;ANALISTA PREVIDENCIARIO;AG. PREVIDENCIARIO; ESTATUTARIO;25100,96;;25100,96;8581,15;16519,81;
ALBERTO TELES CAVALCANTE NETO;EFETIVOS;ANALISTA PREVIDENCIARIO;; ESTATUTARIO;35005,64;;35005,64;11265,58;23740,06;
ALOISIO DA COSTA FILGUEIRAS JUNIOR;EFETIVOS;ADVOGADO PUBLICO;; ESTATUTARIO;29239,04;;29239,04;9781,09;19457,95;
ANA CELIA ALENCAR BEZERRA;COMISSIONADOS;TEC. EM REGISTRO DE SAUDE 3A CLASSE;ASSISTENTE DA PRESID; ESTATUTARIO;6403,37;;6403,37;1030,16;5373,21;
ANA LUCIA SANTOS DA SILVA;AMAZONPREV-ATIVOS;ASSISTENTE TECNICO;; ESTATUTARIO;8627,45;;8627,45;2378,87;6248,58;
ANA PAULA DOS SANTOS OZORIO;EFETIVOS;ANALISTA PREVIDENCIARIO;AG, PREVIDENCIARIO; ESTATUTARIO;35005,64;;35005,64;11369,86;23635,78;
ANDRE LUIS BENTES DE SOUZA;EFETIVOS;ANALISTA PREVIDENCIARIO;DIRETOR DE PREVIDENC; ESTATUTARIO;60574,97;692,01;59882,96;18263,26;41619,70;
ANDRE LUIZ MOUCO FERNANDES;EFETIVOS;ADVOGADO PUBLICO;GERENTE AMZ7; ESTATUTARIO;29239,04;;29239,04;10139,14;19099,90;
ANDRE RICARDO PINHEIRO MARTINS;EFETIVOS;ANALISTA PREVIDENCIARIO;AG. PREVIDENCIARIO; ESTATUTARIO;26254,23;;26254,23;8911,08;17343,15;
ANDREZA DE SOUZA SILVA;COMISSIONADOS;GERENTE;; CARGO COMISSION.S/VINCULO;18007,11;;18007,11;13135,69;4871,42;
ANDREZA HELENA DA SILVA;AMAZONPREV-ATIVOS;ASSISTENTE TECNICO;COORD.REC.HUMANOS; ESTATUTARIO;22316,93;;22316,93;6914,54;15402,39;
ANGELA MARCIA COUTINHO E SILVA;AMAZONPREV-ATIVOS;ASSISTENTE TECNICO;; ESTATUTARIO;8481,71;;8481,71;2056,64;6425,07;
ANNE KEITY TUPINAMBA DE C MENEZES;EFETIVOS;ADVOGADO PUBLICO;; ESTATUTARIO;40523,07;;40523,07;13255,03;27268,04;
ANTONIO DE JESUS ALVES PACIFICO;COMISSIONADOS;ASSESSOR III AMZ.4;; CARGO COMISSION.S/VINCULO;6752,00;;6752,00;1546,74;5205,26;
ANTONIO FRANCISCO DA SILVA;AMAZONPREV-ATIVOS;ASSISTENTE TECNICO;FUNCAO GRATIFICAD; ESTATUTARIO;6936,93;;6936,93;1533,85;5403,08;
ARCISE CAMARA DE ASSIS;EFETIVOS;ANALISTA PREVIDENCIARIO;; ESTATUTARIO;27407,49;;27407,49;9345,29;18062,20;
ARY RENATO VASCONCELOS DE SOUZA;AMAZONPREV-ATIVOS;GERENTE;GERENTE; CARGO COMISSION.S/VINCULO;10129,00;;10129,00;2552,10;7576,90;
AUDENOR GRANDES BELIDO;EFETIVOS;ANALISTA PREVIDENCIARIO;COORDENADOR AMZ 3; ESTATUTARIO;39005,64;;39005,64;12111,81;26893,83;
AUGUSTO SAMPAIO DE ARAUJO NETTO;COMISSIONADOS;COORDENADOR;COORDENADOR; CARGO COMISSION.S/VINCULO;5570,00;;5570,00;1101,72;4468,28;
BALDUINO GOMES CAMARA;EFETIVOS;ANALISTA PREVIDENCIARIO;AG. PREVIDENCIARIO; ESTATUTARIO;26254,23;;26254,23;9015,36;17238,87;
BRUNO DAMASCENO COSTA NOVO;COMISSIONADOS;ASSESSOR I AMZ.6;; CARGO COMISSION.S/VINCULO;10604,00;;10604,00;2682,72;7921,28;
BRUNO RENE DA SILVA BARROSO;AMAZONPREV-ATIVOS;MEMBRO DE CONSELHO;; CONSELHO;2500,00;;2500,00;44,70;2455,30;
CAROLINE RETTO FROTA;EFETIVOS;ADVOGADO PUBLICO;; ESTATUTARIO;29239,04;;29239,04;10139,14;19099,90;
CHRISTIANO COSTA NOVO DE SENA;COMISSIONADOS;ASSESSOR I AMZ.6;; CARGO COMISSION.S/VINCULO;8104,00;;8104,00;1943,09;6160,91;
CHRISTOVAO CAVALCANTE ALVES;EFETIVOS;ANALISTA PREVIDENCIARIO;AG. PREVIDENCIARIO; ESTATUTARIO;38681,23;;38681,23;12432,78;26248,45;
CINTYA KAZUKO DIAS TAKANO;CONAD;MEMBRO DE CONSELHO;; CONSELHO;2806,00;;2806,00;67,65;2738,35;
CLAUDINEI SOARES;EFETIVOS;ANALISTA PREVIDENCIARIO;AG. PREVIDENCIARIO; ESTATUTARIO;28754,23;;28754,23;9650,72;19103,51;
CLAUDIO MARCELO CARDIA PACHECO;EFETIVOS;ANALISTA PREVIDENCIARIO;; ESTATUTARIO;25100,96;;25100,96;8581,15;16519,81;
CLAUDIO MARINS DE MELO;COMISSIONADOS;PROFESSOR PF40.MSC-II;DIRETOR ADMINISTRATI; ESTATUTARIO;24051,03;;24051,03;6570,71;17480,32;
CYNTHIA MARIA REIS GONZALEZ;CEDIDOS;PROFESSOR PF20.ESP-III;ASSESSOR III-AD-3; ESTATUTARIO;5064,00;;5064,00;828,24;4235,76;
DAIANE VIEIRA DOS SANTOS;COMISSIONADOS;ASSESSOR TECNICO;NAO INFORMADO; CARGO COMISSION.S/VINCULO;9333,33;;9333,33;2333,29;7000,04;
DANIELA LOBO FROES DESCHOOLMEESTER;COMISSIONADOS;GERENTE;; CARGO COMISSION.S/VINCULO;14630,78;;14630,78;10129,00;4501,78;
DANILO GONCALVES DE SOUZA JUNIOR;AMAZONPREV-ATIVOS;ASSISTENTE TECNICO;FG-1; ESTATUTARIO;8505,01;;8505,01;1765,62;6739,39;
DAYANA ESPERANÇA DOS SANTOS;COMISSIONADOS;COORDENADOR;COORDENADOR; CARGO COMISSION.S/VINCULO;5570,00;;5570,00;1101,72;4468,28;
DEBORA DE JESUS FERREIRA VIDEIRA;COMISSIONADOS;COORDENADOR;; CARGO COMISSION.S/VINCULO;9747,48;;9747,48;4177,50;5569,98;
EDERSON DE SOUZA LIMA;COMISSIONADOS;ASS. DE DIRETORIA E GERENCIA AMZ. 1;; CARGO COMISSION.S/VINCULO;4096,44;;4096,44;2836,00;1260,44;
EDISSANDRA OLIVEIRA GUIMARAES;EFETIVOS;ANALISTA PREVIDENCIARIO;; ESTATUTARIO;26254,23;;26254,23;8858,94;17395,29;
EDIVANDER SOUZA DOS SANTOS;EFETIVOS;ANALISTA PREVIDENCIARIO;AG. PREVIDENCIARIO; ESTATUTARIO;25100,96;;25100,96;8476,87;16624,09;
EDUARDO MARTINS DE SOUZA;COFIS;MEMBRO DO CONSELHO FISCAL;; CONSELHO;2244,80;;2244,80;25,56;2219,24;
ELIAS CRUZ DA SILVA;COFIS;MEMBRO DO CONSELHO FISCAL;; CONSELHO;2244,80;;2244,80;25,56;2219,24;
EMERSON OLIVEIRA DE QUEIROS;COFIS;MEMBRO DO CONSELHO FISCAL;; CONSELHO;2244,80;565,98;1678,82;;1678,82;
EMILY CASTELO BRANCO ENCARNACAO;EFETIVOS;ADVOGADO PUBLICO;; ESTATUTARIO;30392,30;;30392,30;10469,07;19923,23;
ENA MARA DE AZEDO SANTANA;AMAZONPREV-ATIVOS;ASSISTENTE TECNICO;; ESTATUTARIO;19881,35;;19881,35;6368,15;13513,20;
ERLANDIA CARVALHO DA SILVA;AMAZONPREV-ATIVOS;ASSISTENTE TECNICO;COORDENADOR; ESTATUTARIO;18247,09;;18247,09;5506,12;12740,97;
EUNICE PEREIRA DA SILVA;AMAZONPREV-ATIVOS;ASSISTENTE TECNICO;; ESTATUTARIO;20550,52;;20550,52;6197,78;14352,74;
FABIO DE CARVALHO ROSA;EFETIVOS;ANALISTA PREVIDENCIARIO;COORDENADOR AMZ-3; ESTATUTARIO;35005,64;;35005,64;11317,72;23687,92;
FABIO MARTINS RIBEIRO;EFETIVOS;ADVOGADO PUBLICO;; ESTATUTARIO;53719,05;18256,83;35462,22;12482,17;22980,05;
FABIO ROBERTO GALVAO DA SILVA;COMISSIONADOS;ASS. DE DIRETORIA E GERENCIA AMZ. 1;NAO INFORMADO; CARGO COMISSION.S/VINCULO;2836,00;;2836,00;295,27;2540,73;
FABRICIO ROGERIO CYRINO BARBOSA;CONAD;MEMBRO DE CONSELHO;; CONSELHO;2806,00;;2806,00;67,65;2738,35;
FERNANDA DE SOUZA CASTELO BRANCO;COMISSIONADOS;ASS. DE DIRETORIA E GERENCIA AMZ. 1;ASS. DE DIRETORIA E; CARGO COMISSION.S/VINCULO;2836,00;;2836,00;295,27;2540,73;
FLAVIA MARA MOREIRA COSTA ROCHA;COMISSIONADOS;ASSESSOR III;ASSESSOR III-AMZ-4; CARGO COMISSION.S/VINCULO;5064,00;;5064,00;918,00;4146,00;
FLAVIANA GALUCIO ZOUMBOUNELOS;COMISSIONADOS;COORDENADOR;COORDENADOR-AMZ-3; CARGO COMISSION.S/VINCULO;5570,00;;5570,00;1101,72;4468,28;
FRANCISCA DEUZIMAR FERREIRA MENEZES;EFETIVOS;ASSISTENTE TECNICO;; ESTATUTARIO;7271,79;;7271,79;1777,83;5493,96;
FRANCISCA LIMA MOURA;COMISSIONADOS;ASS. DE DIRETORIA E GERENCIA AMZ. 1;NAO INFORMADO; CARGO COMISSION.S/VINCULO;2836,00;;2836,00;295,27;2540,73;
FRANCISCA MARLINDA DE OLIVEIRA BRIT;AMAZONPREV-ATIVOS;ASSISTENTE TECNICO;OP.MAQ.CONT,A; ESTATUTARIO;24655,48;;24655,48;7609,45;17046,03;
FRANCISCO DE ASSIS SOUZA OLIVEIRA;COMISSIONADOS;ASS. DE DIRETORIA E GERENCIA AMZ. 1;; CARGO COMISSION.S/VINCULO;2836,00;;2836,00;295,27;2540,73;
FREDSON BERNARDO DA SILVA;CONAD;MEMBRO DE CONSELHO;; CONSELHO;2806,00;;2806,00;67,65;2738,35;
GENECI BEHLING BETT;EFETIVOS;ANALISTA PREVIDENCIARIO;; ESTATUTARIO;28409,95;;28409,95;9106,08;19303,87;
GIZA ALLEM NAZARE DE ANDRADE;COMISSIONADOS;GERENTE;GERENTE; CARGO COMISSION.S/VINCULO;10129,00;;10129,00;2552,10;7576,90;
GUILHERME HENRICH BENEK VIEIRA;CONAD;MEMBRO DE CONSELHO;; CONSELHO;2806,00;;2806,00;67,65;2738,35;
HELIANA CUNHA MOTTA DE OLIVEIRA;AMAZONPREV-ATIVOS;ASSISTENTE TECNICO;; ESTATUTARIO;7271,79;;7271,79;1777,83;5493,96;
HELLEN CREMILDES PORTO S PINHEIRO;AMAZONPREV-ATIVOS;ASSISTENTE TECNICO;; ESTATUTARIO;24146,79;;24146,79;7557,04;16589,75;
IVANILDO DA COSTA E SILVA;EFETIVOS;ANALISTA PREVIDENCIARIO;AG. PREVIDENCIARIO; ESTATUTARIO;26254,23;;26254,23;8963,22;17291,01;
IZABEL ELEINA MOREIRA;EFETIVOS;ANALISTA PREVIDENCIARIO;AG. PREVIDENCIARIO; ESTATUTARIO;23947,71;;23947,71;8094,82;15852,89;
JANIS LISANDRA BATISTA CRUZ;EFETIVOS;ANALISTA PREVIDENCIARIO;AG. PREVIDENCIARIO; ESTATUTARIO;26774,36;;26774,36;8375,38;18398,98;
JOAO AUGUSTO CORDEIRO RAMOS;COMISSIONADOS;GERENTE AMZ.7;; CARGO COMISSION.S/VINCULO;10129,00;;10129,00;2552,10;7576,90;
JOHN ELYSTON DE SOUZA ALTMANN;AMAZONPREV-ATIVOS;GERENTE;GERENTE; CARGO COMISSION.S/VINCULO;10129,00;;10129,00;3752,75;6376,25;
JONATHAS CARREIRA MADEIRA JUNIOR;EFETIVOS;ADVOGADO PUBLICO;ADVOGADO; ESTATUTARIO;23391,23;;23391,23;4709,75;18681,48;
JORGE PIETRO RODRIGUES DE ARAUJO;EFETIVOS;ANALISTA PREVIDENCIARIO;AG. PREVIDENCIARIO; ESTATUTARIO;35005,64;;35005,64;11369,86;23635,78;
JOSE ANTONIO L SENHORAES;AMAZONPREV-ATIVOS;MOTORISTA;; ESTATUTARIO;11723,28;;11723,28;3246,97;8476,31;
JOSE AUGUSTO DE SOUZA MELO;CONAD;MEMBRO DE CONSELHO;; CONSELHO;2806,00;;2806,00;67,65;2738,35;
JOSE EMERSON CAMPOS RODRIGUES;EFETIVOS;ANALISTA PREVIDENCIARIO;AG. PREVIDENCIARIO; ESTATUTARIO;21003,38;;21003,38;7038,41;13964,97;
KEYCE REGINA MARQUES DA SILVA;AMAZONPREV-ATIVOS;ASSESSOR III AMZ.4;ASSESSOR III AMZ.4; CARGO COMISSION.S/VINCULO;5064,00;;5064,00;918,00;4146,00;
KEYTIANE MENDES SOUZA;COFIS;MEMBRO DO CONSELHO FISCAL;; CONSELHO;2244,80;;2244,80;25,56;2219,24;
LEIDY SILVIA RIBEIRO SEVERO;COMISSIONADOS;ASS. DE DIRETORIA E GERENCIA AMZ. 1;ASS. DE DIRETORIA E; CARGO COMISSION.S/VINCULO;3781,33;;3781,33;515,92;3265,41;
LEONARDO ALMEIDA DE S CAVALCANTI;EFETIVOS;ANALISTA PREVIDENCIARIO;COORDENADOR; ESTATUTARIO;30600,96;;30600,96;9989,37;20611,59;
LIGIA DA SILVA BARROS;COFIS;MEMBRO DE CONSELHO;VICE PRES CONS FISC; CONSELHO;2244,80;;2244,80;25,56;2219,24;
LUCIANE BARROS DE SOUZA;EFETIVOS;ADVOGADO PUBLICO;ADVOGADO; ESTATUTARIO;40523,07;;40523,07;13307,16;27215,91;
LUIZ CARLOS REGO FREITAS;EFETIVOS;ANALISTA PREVIDENCIARIO;AG. PREVIDENCIARIO; ESTATUTARIO;23947,71;;23947,71;7297,41;16650,30;
LUIZ ROMULO PESSOA PEGADO;AMAZONPREV-ATIVOS;ASSISTENTE TECNICO;; ESTATUTARIO;22320,28;;22320,28;6967,85;15352,43;
MANOEL FERREIRA LIMA JUNIOR;EFETIVOS;ANALISTA PREVIDENCIARIO;COORDENADOR AMZ-3; ESTATUTARIO;28560,74;;28560,74;9779,48;18781,26;
MARA ROBERTA OLIVEIRA DOS ANJOS;COFIS;MEMBRO DO CONSELHO FISCAL;; CONSELHO;2244,80;;2244,80;25,56;2219,24;
MARCELO SOARES CAVALCANTE;EFETIVOS;ANALISTA PREVIDENCIARIO;AG. PREVIDENCIARIO; ESTATUTARIO;33467,95;;33467,95;10777,80;22690,15;
MARCO ANTONIO OLIVEIRA DE ARAUJO;COMISSIONADOS;GERENTE;GERENTE; CARGO COMISSION.S/VINCULO;13505,33;;13505,33;2929,23;10576,10;
MARCOS ANDRE ABENSUR;COFIS;MEMBRO DO CONSELHO FISCAL;; CONSELHO;2244,80;;2244,80;25,56;2219,24;
MARCOS HOMERO XAVIER VENTILARI;EFETIVOS;ANALISTA PREVIDENCIARIO;AG. PREVIDENCIARIO; ESTATUTARIO;35005,64;;35005,64;11317,72;23687,92;
MARCOS ROBERTO NASCIMENTO DE SOUZA;AMAZONPREV-ATIVOS;MEMBRO DE CONSELHO;; CONSELHO;2500,00;;2500,00;44,70;2455,30;
MARIA ADELAIDE RIBEIRO CRUZ;CODIR;ANALISTA PREVIDENCIARIO;DIRETOR DE PREVIDENC; ESTATUTARIO;38005,05;;38005,05;12475,16;25529,89;
MARIA DA CONCEICAO GRANA CRUZ;CEDIDOS;ASSISTENTE ADMINISTRATIVO;ASSIST. ADMINIST; ESTATUTARIO;3446,08;;3446,08;356,80;3089,28;
MARIA DA CONCEICAO GUERREIRO SILVA;COFIS;MEMBRO DE CONSELHO;MEMBRO.CONS.ADM.; CONSELHO;2244,80;869,49;1375,31;;1375,31;
MARIA DE FATIMA DE SOUZA ALENCAR;AMAZONPREV-ATIVOS;ASSISTENTE TECNICO;GERENTE, AD-2; ESTATUTARIO;9410,93;;9410,93;2366,98;7043,95;
MARIA DE FATIMA LIMA DA SILVA;RELOTADOS;ASSISTENTE TECNICO;; ESTATUTARIO;8227,62;;8227,62;1960,05;6267,57;
MARIA DO SOCORRO SANTOS ALBUQUERQUE;AMAZONPREV-ATIVOS;ASSISTENTE TECNICO;GERENTE; ESTATUTARIO;8571,71;;8571,71;2140,38;6431,33;
MARIA EDNA ALVES DA COSTA;AMAZONPREV-ATIVOS;ASSISTENTE TECNICO;; ESTATUTARIO;24668,37;;24668,37;7613,88;17054,49;
MARIA LUCIA LIMA DUTRA;EFETIVOS;ANALISTA PREVIDENCIARIO;AG. PREVIDENCIARIO; ESTATUTARIO;35005,64;;35005,64;11421,99;23583,65;
MARIA NEBLINA MARAES;CODIR;PROFESSOR PF20.ESP-III;DIRETOR PRESIDENTE; ESTATUTARIO;37907,97;;37907,97;9870,03;28037,94;
MARIA SEBASTIANA DE OLIVEIRA BRITO;AMAZONPREV-ATIVOS;ASSISTENTE TECNICO;; ESTATUTARIO;20589,19;;20589,19;6211,09;14378,10;
MARIA SUELEN RIBEIRO DOS REIS;CEDIDOS;JORNALISTA;JORNALISTA; ESTATUTARIO;8707,96;;8707,96;1903,42;6804,54;
MARLENE AMANCIO DO AMARAL;AMAZONPREV-ATIVOS;ASSISTENTE TECNICO;; ESTATUTARIO;15921,03;;15921,03;4926,45;10994,58;
MARTA REGINA OLIVEIRA DE FARIAS;AMAZONPREV-ATIVOS;ASSISTENTE TECNICO;COORD REGIONAL; ESTATUTARIO;23218,07;;23218,07;7230,95;15987,12;
MARTHA DUTRA GADELHA DE ALBUQUERQUE;COFIS;MEMBRO DE CONSELHO;MEMBRO CONS.FISCAL; CONSELHO;2244,80;;2244,80;25,56;2219,24;
MICHELLE BELOTA TROMBONI;AMAZONPREV-ATIVOS;ASSISTENTE TECNICO;GERENTE, AD-2; ESTATUTARIO;15394,74;;15394,74;4926,76;10467,98;
NADIA MONTEIRO DE ALMEIDA PAIVA;AMAZONPREV-ATIVOS;ASSISTENTE TECNICO;; ESTATUTARIO;18608,07;;18608,07;5602,53;13005,54;
NAIS ALVES DE CAMPOS;COMISSIONADOS;ASSESSOR III AMZ.4;NAO INFORMADO; CARGO COMISSION.S/VINCULO;5064,00;;5064,00;918,00;4146,00;
NEILDO ROSAS DE LIMA;AMAZONPREV-ATIVOS;VIGIA;GERENTE; ESTATUTARIO;7679,44;;7679,44;1655,78;6023,66;
NELCI CAVALCANTE TOME;COMISSIONADOS;COORDENADOR;COORDENADOR-AMZ-3; CARGO COMISSION.S/VINCULO;5570,00;;5570,00;1049,58;4520,42;
NUNO PONCE DE LEAO GONCALVES;COMISSIONADOS;ASSESSOR II AMZ.5;ASSESSOR II AMZ.5; CARGO COMISSION.S/VINCULO;8102,67;;8102,67;1994,86;6107,81;
PRISCILLA TEIXEIRA FREIRE DE ARAUJO;EFETIVOS;ANALISTA PREVIDENCIARIO;AG. PREVIDENCIARIO; ESTATUTARIO;33467,95;;33467,95;10777,80;22690,15;
RAIMUNDO ALBERTO DA SILVA MENTA;CONAD;MEMBRO DE CONSELHO;; CONSELHO;2806,00;;2806,00;67,65;2738,35;
RAIMUNDO ALBERTO DA SILVA MENTA;AMAZONPREV-ATIVOS;ASSISTENTE TECNICO;F. GRATIFICADA, FG-1; ESTATUTARIO;6393,47;;6393,47;1293,60;5099,87;
RAIMUNDO NONATO PEREIRA DE AGUIAR;EFETIVOS;ANALISTA PREVIDENCIARIO;AG. PREVIDENCIARIO; ESTATUTARIO;33467,95;;33467,95;10777,80;22690,15;
RAIMUNDO PEREIRA PONTES FILHO;CONAD;MEMBRO DE CONSELHO;; CONSELHO;2806,00;58,90;2747,10;63,23;2683,87;
RAWLISON THALES MARTINS NASCIMENTO;EFETIVOS;ANALISTA PREVIDENCIARIO;AG. PREVIDENCIARIO; ESTATUTARIO;35005,64;;35005,64;11369,86;23635,78;
RENIZIO DE OLIVEIRA FERREIRA;EFETIVOS;ANALISTA PREVIDENCIARIO;; ESTATUTARIO;25100,96;;25100,96;8581,15;16519,81;
RIAD ABRAHIM BALLUT;CONAD;MEMBRO DE CONSELHO;; CONSELHO;2806,00;;2806,00;67,65;2738,35;
RICLEITON WALLACE PEDROSO BATISTA;EFETIVOS;ANALISTA PREVIDENCIARIO;; ESTATUTARIO;26254,23;;26254,23;8297,52;17956,71;
RILMA FERREIRA DA COSTA;EFETIVOS;ANALISTA PREVIDENCIARIO;ASSESSOR I AMZ.6; ESTATUTARIO;29254,23;;29254,23;9840,36;19413,87;
ROBERVANE MORAES DE MELLO COMPTON;EFETIVOS;ANALISTA PREVIDENCIARIO;AG. PREVIDENCIARIO; ESTATUTARIO;33467,95;;33467,95;10882,07;22585,88;
ROBSON SORIA NEGREIROS;EFETIVOS;ANALISTA PREVIDENCIARIO;; ESTATUTARIO;25100,96;;25100,96;8476,87;16624,09;
RONALDO ROSALINO JUNIOR;EFETIVOS;ANALISTA PREVIDENCIARIO;AG. PREVIDENCIARIO; ESTATUTARIO;25100,96;;25100,96;8581,15;16519,81;
ROSINEY CABRAL BOTELHO;AMAZONPREV-ATIVOS;ASSISTENTE TECNICO;; ESTATUTARIO;15096,20;;15096,20;4322,09;10774,11;
SANDRA HELENE SANTANA GUSMAO ANDRAD;AMAZONPREV-ATIVOS;ASSISTENTE TECNICO;; ESTATUTARIO;23241,37;;23241,37;7215,64;16025,73;
SAULO THIAGO SANTANA PINHEIRO;AMAZONPREV-ATIVOS;ASSISTENTE TECNICO;; ESTATUTARIO;8481,71;;8481,71;2108,78;6372,93;
SERGIO FERREIRA NETO;EFETIVOS;ANALISTA PREVIDENCIARIO;; ESTATUTARIO;25100,96;;25100,96;8581,15;16519,81;
SID ALVES DA SILVA GUILHERME;EFETIVOS;ADVOGADO PUBLICO;; ESTATUTARIO;40523,07;;40523,07;13359,30;27163,77;
SIMELBE CARNEIRO FURTADO CAMARA;EFETIVOS;ANALISTA PREVIDENCIARIO;; ESTATUTARIO;25100,96;;25100,96;8581,15;16519,81;
VANDER LAAN REIS GOES;CONAD;MEMBRO DE CONSELHO;MEMBRO.CONS.ADM.; CONSELHO;2806,00;;2806,00;67,65;2738,35;
VANESSA RIBEIRO MONTE;COMISSIONADOS;ASS. DE DIRETORIA E GERENCIA AMZ. 1;ASS. DE DIRETORIA E; CARGO COMISSION.S/VINCULO;2836,00;;2836,00;295,27;2540,73;
VIVIANNE SERRAO DE FARIAS;COMISSIONADOS;ASS. DE DIRETORIA E GERENCIA AMZ. 1;; CARGO COMISSION.S/VINCULO;4411,55;;4411,55;1977,32;2434,23;
WELLINGTON GUIMARAES BENTES;EFETIVOS;ANALISTA PREVIDENCIARIO;; ESTATUTARIO;28754,23;;28754,23;9702,86;19051,37;
WILZA DO NASCIMENTO MOREIRA;COMISSIONADOS;ASS. DE DIRETORIA E GERENCIA AMZ. 1;; CARGO COMISSION.S/VINCULO;3781,33;;3781,33;515,92;3265,41;
WIVIANNY FARIAS PEREIRA LACERDA;EFETIVOS;ANALISTA PREVIDENCIARIO;; ESTATUTARIO;26254,23;;26254,23;8911,08;17343,15;
ZIRLEY RAMOS AQUINO;EFETIVOS;ANALISTA PREVIDENCIARIO;AG. PREVIDENCIARIO; ESTATUTARIO;35005,64;;35005,64;11421,99;23583,65;
