NOME;LOTACAO;CARGO;FUNCAO;VINCULO;REMUNERACAO LEGAL TOTAL(R$);DESC.TETO(R$); REMUNERACAO LEGAL DEVIDA(R$);DESCONTOS LEGAIS(R$);LIQUIDO DISPONIVEL(R$);
ADERBAL DE AZEVEDO GARCIA;ASSESSORIA;ASSESSOR II;ASSESSOR II; CARGO COMISSION.S/VINCULO;8419,58;;8419,58;2066,21;6353,37;
ADSON SOARES GARCIA;GABINETE;VICE-DIRETOR-PRESIDENTE;VICE-DIRETOR-PRESIDE; CARGO COMISSION.S/VINCULO;9000,00;;9000,00;2225,83;6774,17;
AGNES NAIA GOMES DE SA FERNANDES;DIRETORIA ADM.FINANCEIRA;ASSESSOR I;; CARGO COMISSION.S/VINCULO;5229,77;;5229,77;957,83;4271,94;
ALINE RODRIGUES DO NASCIMENTO;FUNDACAO AMAZONAS DE ALTO RENDIMENT;GERENTE;NAO INFORMADO; CARGO COMISSION.S/VINCULO;4209,79;;4209,79;597,14;3612,65;
AMANDA COSTA DE LIMA BORGES;ASSESSORIA;GERENTE;GERENTE; CARGO COMISSION.S/VINCULO;4209,79;;4209,79;597,14;3612,65;
ANTONIO AILTON BEZERRA DE ANDRADE;ASSESSORIA;CHEFE DE DEPARTAMENTO;CHEFE DE DEPARTAMENT; CARGO COMISSION.S/VINCULO;5229,77;;5229,77;957,83;4271,94;
ARTHUR SALES GESTA DE MELO;DIRETORIA TECNICA;GERENTE;NAO INFORMADO; CARGO COMISSION.S/VINCULO;4209,79;;4209,79;597,14;3612,65;
BERNARDO AUGUSTO CAMPOS MENDES;DIRETORIA TECNICA;ASSESSOR I;NAO INFORMADO; CARGO COMISSION.S/VINCULO;5229,77;;5229,77;696,19;4533,58;
BRUNNA SILVIA COSTA DO CARMO;ASSESSORIA;GERENTE;GERENTE; CARGO COMISSION.S/VINCULO;4209,79;;4209,79;597,14;3612,65;
CARLOS EDUARDO MENDONCA DA SILVA;DIRETORIA TECNICA;ASSESSOR II;NAO INFORMADO; CARGO COMISSION.S/VINCULO;3209,79;;3209,79;320,51;2889,28;
CLAUDIA LEMOS DE FIGUEIREDO;ASSESSORIA;ASSESSOR II;ASSESSOR II; CARGO COMISSION.S/VINCULO;4209,79;;4209,79;597,14;3612,65;
DALYANA GOES CAVALCANTE;FUNDACAO AMAZONAS DE ALTO RENDIMENT;ASSESSOR II;NAO INFORMADO; CARGO COMISSION.S/VINCULO;4209,79;;4209,79;597,14;3612,65;
DAVID LABORDA DE MOURA;FUNDACAO AMAZONAS DE ALTO RENDIMENT;ASSESSOR II;NAO INFORMADO; CARGO COMISSION.S/VINCULO;3209,79;;3209,79;330,96;2878,83;
DENIS PASSOS ASSIS;ASSESSORIA;ASSESSOR II;NAO INFORMADO; CARGO COMISSION.S/VINCULO;4209,79;;4209,79;597,14;3612,65;
EDNEI FONSECA DA SILVA;DIRETORIA TECNICA;COORDENADOR OPERACIONAL;NAO INFORMADO; CARGO COMISSION.S/VINCULO;5229,77;;5229,77;957,83;4271,94;
ELIEL PADILHA DA SILVA;ASSESSORIA;ASSESSOR II;ASSESSOR II; CARGO COMISSION.S/VINCULO;4209,79;;4209,79;597,14;3612,65;
EMANUELE COSTA SIQUEIRA;ASSESSORIA;ASSESSOR II;ASSESSOR II; CARGO COMISSION.S/VINCULO;4209,79;;4209,79;597,14;3612,65;
EMILLY BRISI TAVARES DA SILVA;ASSESSORIA;ASSESSOR II;NAO INFORMADO; CARGO COMISSION.S/VINCULO;4209,79;;4209,79;585,61;3624,18;
ERALDO NUNES DE ALMEIDA;DIRETORIA TECNICA;ASSESSOR III;NAO INFORMADO; CARGO COMISSION.S/VINCULO;3191,80;;3191,80;327,46;2864,34;
ERICK DOS SANTOS GADELHA;ASSESSORIA;ASSESSOR II;ASSESSOR II; CARGO COMISSION.S/VINCULO;4209,79;;4209,79;585,61;3624,18;
ESMAELINO GALUCIO BARROS;DIRETORIA ADM.FINANCEIRA;A.TEC-II;ASSESSOR I; ESTATUTARIO;5835,46;;5835,46;779,28;5056,18;
EWERSON DE OLIVEIRA CARVALHO;DIRETORIA TECNICA;ASSESSOR II;NAO INFORMADO; CARGO COMISSION.S/VINCULO;4209,79;;4209,79;597,14;3612,65;
FABIO DE LIMA PEREIRA;ASSESSORIA;GERENTE;GERENTE; CARGO COMISSION.S/VINCULO;4209,79;;4209,79;557,17;3652,62;
FAGNA DA COSTA MORAES;ASSESSORIA;ASSESSOR II;NAO INFORMADO; CARGO COMISSION.S/VINCULO;4209,79;;4209,79;597,14;3612,65;
FRANCISCO EDSON MARQUES FILHO;ORGAOS DE ATIVIDADES-FIM;PROFESSOR PF20.LPL-IV;CHEFE DE DEPARTAMENT; ESTATUTARIO;7521,16;;7521,16;1726,65;5794,51;
FRANCISCO JAILSON OLIMPIO VEIGA;DIRETORIA TECNICA;ASSESSOR I;NAO INFORMADO; CARGO COMISSION.S/VINCULO;5229,77;;5229,77;872,16;4357,61;
GERALDO CRISTOVAO GUIMARÃES;FUNDACAO AMAZONAS DE ALTO RENDIMENT;GERENTE;NAO INFORMADO; CARGO COMISSION.S/VINCULO;4209,79;;4209,79;597,14;3612,65;
GERALDO SILVA DE BARROS JUNIOR;ASSESSORIA;ASSESSOR III;ASSESSOR III; CARGO COMISSION.S/VINCULO;3191,80;;3191,80;327,46;2864,34;
GISELY LISBOA DA SILVA DE SOUZA;ASSESSORIA;GERENTE;NAO INFORMADO; CARGO COMISSION.S/VINCULO;4209,79;;4209,79;597,14;3612,65;
GRACIONE TABOZA DE LIMA;FUNDACAO AMAZONAS DE ALTO RENDIMENT;GERENTE;NAO INFORMADO; CARGO COMISSION.S/VINCULO;5613,05;;5613,05;1102,13;4510,92;
GUARACY DE SOUZA SOPRANO;ASSESSORIA;ASSESSOR II;ASSESSOR II; CARGO COMISSION.S/VINCULO;3209,79;;3209,79;320,51;2889,28;
HUADSON DA ROCHA CARDOSO;ASSESSORIA;ASSESSOR II;NAO INFORMADO; CARGO COMISSION.S/VINCULO;4209,79;;4209,79;597,14;3612,65;
ICAROTY JOSE DA SILVA;ASSESSORIA;ASSESSOR I;ASSESSOR I; CARGO COMISSION.S/VINCULO;5229,77;;5229,77;957,83;4271,94;
INGRID DAYANE DE OLIVEIRA MENDES;FUNDACAO AMAZONAS DE ALTO RENDIMENT;CHEFE DE DEPARTAMENTO;CHEFE DE DEPARTAMENT; CARGO COMISSION.S/VINCULO;5229,77;;5229,77;957,83;4271,94;
IOLANDA MARTINS ANDRADE ENCARNACAO;ASSESSORIA;GERENTE;GERENTE; CARGO COMISSION.S/VINCULO;4209,79;;4209,79;597,14;3612,65;
ISAAC DOS SANTOS ASSAYAG;ASSESSORIA;ASSESSOR II;ASSESSOR II; CARGO COMISSION.S/VINCULO;4209,79;;4209,79;597,14;3612,65;
ITALO ALEXANDRE ASSENCO VIANA;ASSESSORIA;ASSESSOR I;NAO INFORMADO; CARGO COMISSION.S/VINCULO;5229,77;;5229,77;957,83;4271,94;
JACQUELINE NASCIMENTO FERREIRA;ASSESSORIA;ASSESSOR III;ASSESSOR III; CARGO COMISSION.S/VINCULO;3191,80;;3191,80;327,46;2864,34;
JAMES DE SOUZA E SOUZA;DIRETORIA TECNICA;ASSESSOR I;NAO INFORMADO; CARGO COMISSION.S/VINCULO;5229,77;;5229,77;872,16;4357,61;
JESSICA LAIS RONDON PIRANGY;ORGAOS DE ATIVIDADE MEIO;ASSESSOR II;ASSESSOR II; CARGO COMISSION.S/VINCULO;4209,79;;4209,79;597,14;3612,65;
JOAO FELIPE GUEDES E LUCHSINGER;ASSESSORIA;GERENTE;GERENTE; CARGO COMISSION.S/VINCULO;4209,79;;4209,79;597,14;3612,65;
JOAO PAULO SILVA GONCALVES;ASSESSORIA;ASSESSOR I;ASSESSOR I; CARGO COMISSION.S/VINCULO;5229,77;;5229,77;957,83;4271,94;
JORDANIA SANTOS DA GAMA;ASSESSORIA;ASSESSOR II;ASSESSOR II; CARGO COMISSION.S/VINCULO;4209,79;;4209,79;597,14;3612,65;
JORGE ELIAS COSTA DE OLIVEIRA;GABINETE;DIRETOR PRESIDENTE;DIRETOR PRESIDENTE; CARGO COMISSION.S/VINCULO;11700,00;;11700,00;2968,33;8731,67;
JOSE HERBET COELHO DA SILVA;ASSESSORIA;ASSESSOR II;ASSESSOR II; CARGO COMISSION.S/VINCULO;4209,79;;4209,79;597,14;3612,65;
KATHLEN INGRID FONTES GOIABEIRA;ASSESSORIA;GERENTE;GERENTE; CARGO COMISSION.S/VINCULO;4209,79;;4209,79;597,14;3612,65;
LISANDRO MAMUD SAID TEIXEIRA;ASSESSORIA;GERENTE;NAO INFORMADO; CARGO COMISSION.S/VINCULO;4209,79;;4209,79;597,14;3612,65;
LOURENA CRISTINA LIMA AFONSO;GABINETE;DIRETOR ADMINISTRATIVO E FINANCEIRO;DIRETOR ADMINISTRATI; CARGO COMISSION.S/VINCULO;9000,00;;9000,00;2225,83;6774,17;
LUANA SILVA DE SOUZA;ASSESSORIA;CHEFE DE DEPARTAMENTO;; CARGO COMISSION.S/VINCULO;6014,22;;6014,22;1656,09;4358,13;
LUCAS CANAVARRO ANTONIO DE SOUZA;ASSESSORIA;ASSESSOR I;ASSESSOR I; CARGO COMISSION.S/VINCULO;5229,77;;5229,77;957,83;4271,94;
LUIS PINTO ROCHA;DEPTO.DE PROGRAMAS E PROJETOS;ASSESSOR II;NAO INFORMADO; CARGO COMISSION.S/VINCULO;4209,79;;4209,79;597,14;3612,65;
LUKAS TRAIBER;ASSESSORIA;GERENTE;GERENTE; CARGO COMISSION.S/VINCULO;4209,79;;4209,79;585,61;3624,18;
MAILSON ABILIO DA COSTA;ASSESSORIA;ASSESSOR II;ASSESSOR II; CARGO COMISSION.S/VINCULO;4209,79;;4209,79;597,14;3612,65;
MANUEL EURI DE ARAUJO BRASIL;DEPTO.DE ADMINIST.E FINANCAS;ASSESSOR II;NAO INFORMADO; CARGO COMISSION.S/VINCULO;4209,79;;4209,79;597,14;3612,65;
MARCO ANTONIO OLIVEIRA RODRIGUES;ASSESSORIA;CHEFE DE DEPARTAMENTO;CHEFE DE DEPARTAMENT; CARGO COMISSION.S/VINCULO;5229,77;;5229,77;957,83;4271,94;
MARCO RINALDO COLARES LOPES;ASSESSORIA;ASSESSOR II;ASSESSOR II; CARGO COMISSION.S/VINCULO;4209,79;;4209,79;597,14;3612,65;
MARJORYE GARCIA ALECRIM;ASSESSORIA;CHEFE DE DEPARTAMENTO;CHEFE DE DEPARTAMENT; CARGO COMISSION.S/VINCULO;5229,77;;5229,77;914,81;4314,96;
MATEUS DA SILVA CASTRO;ASSESSORIA;ASSESSOR II;ASSESSOR II; CARGO COMISSION.S/VINCULO;4209,79;;4209,79;597,14;3612,65;
MAURO DE CARVALHO NETO;DIRETORIA TECNICA;ASSESSOR II;; CARGO COMISSION.S/VINCULO;4209,79;;4209,79;506,27;3703,52;
MISAEL DE MELO GIBBS ARAUJO;DIRETORIA TECNICA;ASSESSOR III;NAO INFORMADO; CARGO COMISSION.S/VINCULO;3191,80;;3191,80;327,46;2864,34;
MONICA CINARA HOSSAINE NUNES;DIRETORIA TECNICA;COORDENADOR OPERACIONAL;NAO INFORMADO; CARGO COMISSION.S/VINCULO;5229,77;;5229,77;957,83;4271,94;
MOYSES ROBERTO GEBER CORREA;FUNDACAO AMAZONAS DE ALTO RENDIMENT;COORDENADOR GERAL;NAO INFORMADO; CARGO COMISSION.S/VINCULO;5229,77;;5229,77;914,81;4314,96;
NAYANNE TEIXEIRA DA SILVA;ASSESSORIA;ASSESSOR III;ASSESSOR III; CARGO COMISSION.S/VINCULO;3191,80;;3191,80;327,46;2864,34;
PATRICIA DE NAZARE DA C OLIVEIRA;GABINETE;CHEFE DE GABINETE;CHEFE DE GABINETE; CARGO COMISSION.S/VINCULO;5229,77;;5229,77;957,83;4271,94;
PAULA NALYNE TELES DE SOUZA;ASSESSORIA;GERENTE;GERENTE; CARGO COMISSION.S/VINCULO;4209,79;;4209,79;597,14;3612,65;
RAIMUNDA SANTANA DA COSTA;ASSESSORIA;ASSESSOR II;ASSESSOR II; CARGO COMISSION.S/VINCULO;4209,79;;4209,79;597,14;3612,65;
RAIMUNDO DE VASCONCELOS TAPAJOS;ASSESSORIA;ASSESSOR II;NAO INFORMADO; CARGO COMISSION.S/VINCULO;4209,79;;4209,79;597,14;3612,65;
REGINALDO ONORATO PINHEIRO;ORGAOS DE ATIVIDADE MEIO;ASSESSOR II;ASSESSOR II; CARGO COMISSION.S/VINCULO;4209,79;;4209,79;597,14;3612,65;
ROBERTA RIBEIRO RUIVO;ASSESSORIA;ASSESSOR I;ASSESSOR I; CARGO COMISSION.S/VINCULO;5229,77;;5229,77;957,83;4271,94;
ROBERTO RODRIGUES DE CASTRO;DIRETORIA TECNICA;ASSESSOR II;NAO INFORMADO; CARGO COMISSION.S/VINCULO;4209,79;;4209,79;597,14;3612,65;
ROMARIO RIBEIRO PEREIRA;ASSESSORIA;ASSESSOR II;NAO INFORMADO; CARGO COMISSION.S/VINCULO;4209,79;;4209,79;597,14;3612,65;
TEREZINHA FERNANDES DE ARAUJO;FUNDACAO AMAZONAS DE ALTO RENDIMENT;CHEFE DE DEPARTAMENTO;NAO INFORMADO; CARGO COMISSION.S/VINCULO;5229,77;;5229,77;957,83;4271,94;
THIAGO SILVA DOS SANTOS;FUNDACAO AMAZONAS DE ALTO RENDIMENT;GERENTE;GERENTE; CARGO COMISSION.S/VINCULO;4209,79;;4209,79;597,14;3612,65;
THOMPSON JORGE SALES R L SOBRINHO;ASSESSORIA;CHEFE DE DEPARTAMENTO;CHEFE DE DEPARTAMENT; CARGO COMISSION.S/VINCULO;5229,77;;5229,77;914,81;4314,96;
VANDERLEI SANTANA DA SILVA;ASSESSORIA;ASSESSOR II;NAO INFORMADO; CARGO COMISSION.S/VINCULO;4209,79;;4209,79;585,61;3624,18;
WYSMAYLLEM RICHARD COIMBRA DE MELO;ASSESSORIA;ASSESSOR I;ASSESSOR I; CARGO COMISSION.S/VINCULO;5229,77;;5229,77;957,83;4271,94;
