NOME;LOTACAO;CARGO;FUNCAO;VINCULO;REMUNERACAO LEGAL TOTAL(R$);DESC.TETO(R$); REMUNERACAO LEGAL DEVIDA(R$);DESCONTOS LEGAIS(R$);LIQUIDO DISPONIVEL(R$);
ADERBAL DE AZEVEDO GARCIA;FUNDACAO AMAZONAS DE ALTO RENDIMENT;CHEFE DE DEPARTAMENTO;; CARGO COMISSION.S/VINCULO;2760,15;;2760,15;;2760,15;
ADSON SOARES GARCIA;ASSESSORIA;ASSESSOR I;; CARGO COMISSION.S/VINCULO;6246,66;;6246,66;;6246,66;
ADSON SOARES GARCIA;GABINETE;VICE-DIRETOR-PRESIDENTE;VICE-DIRETOR-PRESIDE; CARGO COMISSION.S/VINCULO;9000,00;;9000,00;2241,62;6758,38;
AGNES NAIA GOMES DE SA FERNANDES;DIRETORIA ADM.FINANCEIRA;ASSESSOR I;; CARGO COMISSION.S/VINCULO;5229,77;;5229,77;973,62;4256,15;
ALDERVAN SOUZA CORDOVIL;ASSESSORIA;GERENTE;NAO INFORMADO; CARGO COMISSION.S/VINCULO;5613,05;;5613,05;1117,93;4495,12;
ALINE RODRIGUES DO NASCIMENTO;FUNDACAO AMAZONAS DE ALTO RENDIMENT;GERENTE;NAO INFORMADO; CARGO COMISSION.S/VINCULO;4209,79;;4209,79;633,12;3576,67;
AMANDA COSTA DE LIMA BORGES;ASSESSORIA;ASSESSOR III;; CARGO COMISSION.S/VINCULO;1684,56;;1684,56;;1684,56;
AMANDA COSTA DE LIMA BORGES;ASSESSORIA;GERENTE;GERENTE; CARGO COMISSION.S/VINCULO;4209,79;;4209,79;633,12;3576,67;
ANA CAROLINA FERNANDES VIANA;DIRETORIA TECNICA;GERENTE;NAO INFORMADO; CARGO COMISSION.S/VINCULO;4209,79;;4209,79;633,12;3576,67;
ANTONIO AILTON BEZERRA DE ANDRADE;ASSESSORIA;CHEFE DE DEPARTAMENTO;CHEFE DE DEPARTAMENT; CARGO COMISSION.S/VINCULO;5229,77;;5229,77;973,62;4256,15;
ANTONIO CLEUDER LIMA DA SILVA;ASSESSORIA;GERENTE;GERENTE; CARGO COMISSION.S/VINCULO;4209,79;;4209,79;601,44;3608,35;
ARTHUR SALES GESTA DE MELO;DIRETORIA TECNICA;GERENTE;NAO INFORMADO; CARGO COMISSION.S/VINCULO;4209,79;;4209,79;633,12;3576,67;
BERNARDO AUGUSTO CAMPOS MENDES;DIRETORIA TECNICA;ASSESSOR I;NAO INFORMADO; CARGO COMISSION.S/VINCULO;5229,77;;5229,77;712,73;4517,04;
BRUNO MENDES PEDRACA;FUNDACAO AMAZONAS DE ALTO RENDIMENT;ASSESSOR I;; CARGO COMISSION.S/VINCULO;6246,66;;6246,66;;6246,66;
CARLOS EDUARDO MENDONCA DA SILVA;DIRETORIA TECNICA;ASSESSOR II;NAO INFORMADO; CARGO COMISSION.S/VINCULO;4279,72;;4279,72;591,81;3687,91;
DALYANA GOES CAVALCANTE;FUNDACAO AMAZONAS DE ALTO RENDIMENT;ASSESSOR II;NAO INFORMADO; CARGO COMISSION.S/VINCULO;4209,79;;4209,79;633,12;3576,67;
DAVID LABORDA DE MOURA;FUNDACAO AMAZONAS DE ALTO RENDIMENT;ASSESSOR II;NAO INFORMADO; CARGO COMISSION.S/VINCULO;3209,79;;3209,79;371,89;2837,90;
DENIS PASSOS ASSIS;ASSESSORIA;ASSESSOR II;NAO INFORMADO; CARGO COMISSION.S/VINCULO;4209,79;;4209,79;633,12;3576,67;
DEUZILENE SIQUEIRA FERREIRA;ASSESSORIA;ASSESSOR II;NAO INFORMADO; CARGO COMISSION.S/VINCULO;4209,79;;4209,79;601,44;3608,35;
EDNEI FONSECA DA SILVA;DIRETORIA TECNICA;COORDENADOR OPERACIONAL;NAO INFORMADO; CARGO COMISSION.S/VINCULO;6973,03;;6973,03;1629,96;5343,07;
ELIEL PADILHA DA SILVA;ASSESSORIA;ASSESSOR II;ASSESSOR II; CARGO COMISSION.S/VINCULO;4209,79;;4209,79;633,12;3576,67;
EMANUELE COSTA SIQUEIRA;ASSESSORIA;ASSESSOR II;ASSESSOR II; CARGO COMISSION.S/VINCULO;4209,79;;4209,79;633,12;3576,67;
EMILLY BRISI TAVARES DA SILVA;ASSESSORIA;ASSESSOR II;NAO INFORMADO; CARGO COMISSION.S/VINCULO;4209,79;;4209,79;601,44;3608,35;
ERALDO NUNES DE ALMEIDA;DIRETORIA TECNICA;ASSESSOR III;NAO INFORMADO; CARGO COMISSION.S/VINCULO;3191,80;;3191,80;367,36;2824,44;
ESMAELINO GALUCIO BARROS;DIRETORIA ADM.FINANCEIRA;A.TEC-II;ASSESSOR I; ESTATUTARIO;5835,46;;5835,46;831,65;5003,81;
EWERSON DE OLIVEIRA CARVALHO;DIRETORIA TECNICA;ASSESSOR II;NAO INFORMADO; CARGO COMISSION.S/VINCULO;5613,05;;5613,05;1117,93;4495,12;
FABIO HENRIQUE DOS S ALBUQUERQUE;FUNDACAO AMAZONAS DE ALTO RENDIMENT;DIRETOR TECNICO;; CARGO COMISSION.S/VINCULO;6750,00;;6750,00;;6750,00;
FAGNA DA COSTA MORAES;ASSESSORIA;ASSESSOR II;NAO INFORMADO; CARGO COMISSION.S/VINCULO;4209,79;;4209,79;633,12;3576,67;
FRANCISCO EDSON MARQUES FILHO;ORGAOS DE ATIVIDADES-FIM;PROFESSOR PF20.LPL-IV;CHEFE DE DEPARTAMENT; ESTATUTARIO;7521,16;;7521,16;1720,97;5800,19;
FRANCISCO JAILSON OLIMPIO VEIGA;DIRETORIA TECNICA;ASSESSOR I;NAO INFORMADO; CARGO COMISSION.S/VINCULO;5229,77;;5229,77;887,97;4341,80;
GERALDO CRISTOVAO GUIMARÃES;FUNDACAO AMAZONAS DE ALTO RENDIMENT;GERENTE;NAO INFORMADO; CARGO COMISSION.S/VINCULO;4209,79;;4209,79;633,12;3576,67;
GISELY LISBOA DA SILVA DE SOUZA;ASSESSORIA;GERENTE;NAO INFORMADO; CARGO COMISSION.S/VINCULO;4209,79;;4209,79;633,12;3576,67;
GRACIONE TABOZA DE LIMA;FUNDACAO AMAZONAS DE ALTO RENDIMENT;GERENTE;NAO INFORMADO; CARGO COMISSION.S/VINCULO;4209,79;;4209,79;633,12;3576,67;
GUARACY DE SOUZA SOPRANO;ASSESSORIA;ASSESSOR II;NAO INFORMADO; CARGO COMISSION.S/VINCULO;4209,79;;4209,79;573,00;3636,79;
HUADSON DA ROCHA CARDOSO;ASSESSORIA;ASSESSOR II;NAO INFORMADO; CARGO COMISSION.S/VINCULO;4209,79;;4209,79;633,12;3576,67;
INGRID DAYANE DE OLIVEIRA MENDES;FUNDACAO AMAZONAS DE ALTO RENDIMENT;CHEFE DE DEPARTAMENTO;CHEFE DE DEPARTAMENT; CARGO COMISSION.S/VINCULO;5229,77;;5229,77;973,62;4256,15;
ISAAC DOS SANTOS ASSAYAG;ASSESSORIA;ASSESSOR II;ASSESSOR II; CARGO COMISSION.S/VINCULO;4209,79;;4209,79;633,12;3576,67;
ITALO ALEXANDRE ASSENCO VIANA;ASSESSORIA;ASSESSOR I;NAO INFORMADO; CARGO COMISSION.S/VINCULO;5229,77;;5229,77;973,62;4256,15;
JACQUELINE NASCIMENTO FERREIRA;ASSESSORIA;ASSESSOR III;ASSESSOR III; CARGO COMISSION.S/VINCULO;3191,80;;3191,80;367,36;2824,44;
JAMES DE SOUZA E SOUZA;DIRETORIA TECNICA;ASSESSOR I;NAO INFORMADO; CARGO COMISSION.S/VINCULO;5229,77;;5229,77;887,97;4341,80;
JOAO PAULO SILVA GONCALVES;ASSESSORIA;ASSESSOR I;ASSESSOR I; CARGO COMISSION.S/VINCULO;5229,77;;5229,77;973,62;4256,15;
JORDANIA SANTOS DA GAMA;ASSESSORIA;ASSESSOR III;ASSESSOR III; CARGO COMISSION.S/VINCULO;3191,80;;3191,80;367,36;2824,44;
JORGE ELIAS COSTA DE OLIVEIRA;GABINETE;DIRETOR PRESIDENTE;DIRETOR PRESIDENTE; CARGO COMISSION.S/VINCULO;11700,00;;11700,00;2984,12;8715,88;
JOSE HERBET COELHO DA SILVA;ASSESSORIA;ASSESSOR II;ASSESSOR II; CARGO COMISSION.S/VINCULO;4209,79;;4209,79;633,12;3576,67;
KATHLEN INGRID FONTES GOIABEIRA;ASSESSORIA;GERENTE;GERENTE; CARGO COMISSION.S/VINCULO;4209,79;;4209,79;633,12;3576,67;
LISANDRO MAMUD SAID TEIXEIRA;ASSESSORIA;GERENTE;NAO INFORMADO; CARGO COMISSION.S/VINCULO;4209,79;;4209,79;633,12;3576,67;
LOURENA CRISTINA LIMA AFONSO;GABINETE;DIRETOR ADMINISTRATIVO E FINANCEIRO;DIRETOR ADMINISTRATI; CARGO COMISSION.S/VINCULO;10350,00;;10350,00;2612,87;7737,13;
LUANA SILVA DE SOUZA;ASSESSORIA;GERENTE;NAO INFORMADO; CARGO COMISSION.S/VINCULO;4209,79;;4209,79;633,12;3576,67;
LUIS PINTO ROCHA;DEPTO.DE PROGRAMAS E PROJETOS;ASSESSOR II;NAO INFORMADO; CARGO COMISSION.S/VINCULO;5613,05;;5613,05;1117,93;4495,12;
LUKAS TRAIBER;ASSESSORIA;GERENTE;GERENTE; CARGO COMISSION.S/VINCULO;4209,79;;4209,79;601,44;3608,35;
MAILSON ABILIO DA COSTA;ASSESSORIA;ASSESSOR II;ASSESSOR II; CARGO COMISSION.S/VINCULO;4209,79;;4209,79;633,12;3576,67;
MANUEL EURI DE ARAUJO BRASIL;DEPTO.DE ADMINIST.E FINANCAS;ASSESSOR II;NAO INFORMADO; CARGO COMISSION.S/VINCULO;5613,05;;5613,05;1117,93;4495,12;
MARCIA ESTEVES DA SILVA MOREIRA;FUNDACAO AMAZONAS DE ALTO RENDIMENT;CHEFE DE DEPARTAMENTO;; CARGO COMISSION.S/VINCULO;6246,66;;6246,66;;6246,66;
MARCO ANTONIO OLIVEIRA RODRIGUES;ASSESSORIA;GERENTE;; CARGO COMISSION.S/VINCULO;4560,59;;4560,59;;4560,59;
MARCO ANTONIO OLIVEIRA RODRIGUES;ASSESSORIA;CHEFE DE DEPARTAMENTO;CHEFE DE DEPARTAMENT; CARGO COMISSION.S/VINCULO;5229,77;;5229,77;973,62;4256,15;
MARCO RINALDO COLARES LOPES;ASSESSORIA;ASSESSOR II;NAO INFORMADO; CARGO COMISSION.S/VINCULO;3209,79;;3209,79;371,89;2837,90;
MARILIA FERRAZ DORINHO;ASSESSORIA;ASSESSOR I;; CARGO COMISSION.S/VINCULO;5665,58;;5665,58;;5665,58;
MARJORYE GARCIA ALECRIM;ASSESSORIA;CHEFE DE DEPARTAMENTO;CHEFE DE DEPARTAMENT; CARGO COMISSION.S/VINCULO;5229,77;;5229,77;930,62;4299,15;
MARJORYE GARCIA ALECRIM;ORGAOS DE ATIVIDADE MEIO;ASSESSOR II;; CARGO COMISSION.S/VINCULO;2221,83;;2221,83;;2221,83;
MATEUS DA SILVA CASTRO;ASSESSORIA;ASSESSOR II;ASSESSOR II; CARGO COMISSION.S/VINCULO;4209,79;;4209,79;633,12;3576,67;
MAURO DE CARVALHO NETO;DIRETORIA TECNICA;ASSESSOR II;; CARGO COMISSION.S/VINCULO;5613,05;;5613,05;898,83;4714,22;
MISAEL DE MELO GIBBS ARAUJO;DIRETORIA TECNICA;ASSESSOR III;NAO INFORMADO; CARGO COMISSION.S/VINCULO;3191,80;;3191,80;367,36;2824,44;
MONICA CINARA HOSSAINE NUNES;DIRETORIA TECNICA;COORDENADOR OPERACIONAL;NAO INFORMADO; CARGO COMISSION.S/VINCULO;6973,03;;6973,03;1629,96;5343,07;
MOYSES ROBERTO GEBER CORREA;FUNDACAO AMAZONAS DE ALTO RENDIMENT;COORDENADOR GERAL;NAO INFORMADO; CARGO COMISSION.S/VINCULO;5229,77;;5229,77;930,62;4299,15;
NATHALIA INGRID BENTES LEONEL;FUNDACAO AMAZONAS DE ALTO RENDIMENT;CHEFE DE DEPARTAMENTO;; CARGO COMISSION.S/VINCULO;6827,75;;6827,75;;6827,75;
PATRICIA DE NAZARE DA C OLIVEIRA;GABINETE;CHEFE DE GABINETE;CHEFE DE GABINETE; CARGO COMISSION.S/VINCULO;5229,77;;5229,77;973,62;4256,15;
RAIMUNDA SANTANA DA COSTA;ASSESSORIA;ASSESSOR II;ASSESSOR II; CARGO COMISSION.S/VINCULO;8419,58;;8419,58;2082,01;6337,57;
RAIMUNDO DE VASCONCELOS TAPAJOS;ASSESSORIA;ASSESSOR II;NAO INFORMADO; CARGO COMISSION.S/VINCULO;4209,79;;4209,79;633,12;3576,67;
RAIMUNDO MATHIAS DE SOUZA NETTO;DIRETORIA TECNICA;GERENTE;; CARGO COMISSION.S/VINCULO;4560,59;;4560,59;;4560,59;
REGINALDO ONORATO PINHEIRO;ORGAOS DE ATIVIDADE MEIO;ASSESSOR II;ASSESSOR II; CARGO COMISSION.S/VINCULO;5613,05;;5613,05;1117,93;4495,12;
ROBERTA RIBEIRO RUIVO;ASSESSORIA;ASSESSOR I;ASSESSOR I; CARGO COMISSION.S/VINCULO;5229,77;;5229,77;973,62;4256,15;
ROBERTO RODRIGUES DE CASTRO;DIRETORIA TECNICA;ASSESSOR II;NAO INFORMADO; CARGO COMISSION.S/VINCULO;5613,05;;5613,05;1117,93;4495,12;
ROMARIO RIBEIRO PEREIRA;ASSESSORIA;ASSESSOR II;NAO INFORMADO; CARGO COMISSION.S/VINCULO;5613,05;;5613,05;1117,93;4495,12;
SAMIA PINHEIRO FRANCO;ASSESSORIA;ASSESSOR II;ASSESSOR II; CARGO COMISSION.S/VINCULO;4209,79;;4209,79;633,12;3576,67;
SERVIO TULIO XEREZ DE MATTOS;FUNDACAO AMAZONAS DE ALTO RENDIMENT;CHEFE DE DEPARTAMENTO;NAO INFORMADO; CARGO COMISSION.S/VINCULO;5229,77;;5229,77;973,62;4256,15;
TEREZINHA FERNANDES DE ARAUJO;FUNDACAO AMAZONAS DE ALTO RENDIMENT;CHEFE DE DEPARTAMENTO;NAO INFORMADO; CARGO COMISSION.S/VINCULO;5229,77;;5229,77;973,62;4256,15;
THEMIS ELIZA BESSA S CORDEIRO;ASSESSORIA;ASSESSOR II;NAO INFORMADO; CARGO COMISSION.S/VINCULO;4209,79;;4209,79;633,12;3576,67;
THIAGO SILVA DOS SANTOS;FUNDACAO AMAZONAS DE ALTO RENDIMENT;GERENTE;GERENTE; CARGO COMISSION.S/VINCULO;4209,79;;4209,79;633,12;3576,67;
VANDERLEI SANTANA DA SILVA;ASSESSORIA;ASSESSOR II;NAO INFORMADO; CARGO COMISSION.S/VINCULO;4209,79;;4209,79;601,44;3608,35;
WALDISNEY GALUCIO CERDEIRA;ASSESSORIA;ASSESSOR II;NAO INFORMADO; CARGO COMISSION.S/VINCULO;4209,79;;4209,79;633,12;3576,67;
WYSMAYLLEM RICHARD COIMBRA DE MELO;ASSESSORIA;ASSESSOR I;ASSESSOR I; CARGO COMISSION.S/VINCULO;5229,77;;5229,77;973,62;4256,15;
