NOME;LOTACAO;CARGO;FUNCAO;VINCULO;REMUNERACAO LEGAL TOTAL(R$);DESC.TETO(R$); REMUNERACAO LEGAL DEVIDA(R$);DESCONTOS LEGAIS(R$);LIQUIDO DISPONIVEL(R$);
ALFREDO MONTEIRO LINS ALBUQUERQUE;GABINETE DO REPRESENTANTE;CHEFE DE ESCRITOR.DE REPRESENTACAO;CHEFE DE ESCRITOR.DE; CARGO COMISSION.S/VINCULO;28060,00;;28060,00;7467,33;20592,67;
AUDO ALBUQUERQUE DA COSTA;AGENCIA DE REPRES.PROM.DO AM;ASSESSOR I;ASSESSOR I; CARGO COMISSION.S/VINCULO;5229,77;;5229,77;957,83;4271,94;
BEATRIZ TOLEDO SILVA;GABINETE DO SECRETARIO;ASSESSOR II;NAO INFORMADO; CARGO COMISSION.S/VINCULO;4209,79;;4209,79;597,14;3612,65;
DOUGLAS CORREIA MARINHO;GABINETE DO SECRETARIO;ASSESSOR I;ASSESSOR I; CARGO COMISSION.S/VINCULO;5229,77;;5229,77;957,83;4271,94;
FERNANDO VENANCIO DE MELLO;ASSESSORIA;ASSESSOR III;ASSESSOR III; CARGO COMISSION.S/VINCULO;3191,80;;3191,80;327,46;2864,34;
ISABEL FERNANDEZ RIBEIRO;GABINETE DO SECRETARIO;ASSESSOR I;NAO INFORMADO; CARGO COMISSION.S/VINCULO;6973,03;;6973,03;1614,17;5358,86;
JANAINA COELHO MOTA SANTIAGO;GABINETE DO REPRESENTANTE;ASSESSOR TECNICO;ASSESSOR TECNICO; CARGO COMISSION.S/VINCULO;7000,00;;7000,00;1624,32;5375,68;
LUIZ CARLOS GONCALVES;AGENCIA DE REPRES.PROM.DO AM;TNS-I;MOT.DO SECRETARIO; ESTATUTARIO;5877,97;;5877,97;1328,10;4549,87;
MARCIO ROBERTO DA SILVA;AGENCIA DE REPRES.PROM.DO AM;ASSESSOR II;; CARGO COMISSION.S/VINCULO;3209,79;;3209,79;330,96;2878,83;
MICHEL FERREIRA DO VALE;ASSESSORIA;TEC.DA FAZENDA ESTADUAL 2A.CL.I;ASSESSOR III; ESTATUTARIO;444,00;24,94;419,06;;419,06;
PEDRO GOMES DOS ANJOS NETO;GABINETE DO REPRESENTANTE;ASSESSOR I;ASSESSOR I; CARGO COMISSION.S/VINCULO;4229,77;;4229,77;602,94;3626,83;
RAFAEL SUSUMU YORINOBU;AGENCIA DE REPRES.PROM.DO AM;ASSESSOR III;NAO INFORMADO; CARGO COMISSION.S/VINCULO;3191,80;;3191,80;327,46;2864,34;
RAFAELLA NAKAJIMA FERNANDES;GABINETE DO SECRETARIO;ASSESSOR II;ASSESSOR II; CARGO COMISSION.S/VINCULO;4209,79;;4209,79;597,14;3612,65;
ROCINEIDE MARIA VENANCIO DA SILVA;AGENCIA DE REPRES.PROM.DO AM;AUX.O-I;ASSESSOR I; ESTATUTARIO;2640,60;;2640,60;369,68;2270,92;
ROSILIANE CANTISANI BESSA;GABINETE DO REPRESENTANTE;ASSESSOR TECNICO;NAO INFORMADO; CARGO COMISSION.S/VINCULO;7000,00;;7000,00;1624,32;5375,68;
SALETE MARIA SIQUEIRA;AGENCIA DE REPRES.PROM.DO AM;ASSESSOR III;ASSESSOR III; CARGO COMISSION.S/VINCULO;3191,80;;3191,80;327,46;2864,34;
SANDRA ANDREA DA COSTA RIBEIRO;GABINETE DO REPRESENTANTE;CHEFE DE DEPARTAMENTO;CHEFE DE DEPARTAMENT; CARGO COMISSION.S/VINCULO;5229,77;;5229,77;957,83;4271,94;
SUZANA MARIA SIQUEIRA FREITAS;GABINETE DO SECRETARIO;ASSESSOR III;ASSESSOR III; CARGO COMISSION.S/VINCULO;3191,80;;3191,80;327,46;2864,34;
SYLVIA FERNANDEZ;GABINETE DO REPRESENTANTE;ASSESSOR II;ASSESSOR II; CARGO COMISSION.S/VINCULO;4209,79;;4209,79;597,14;3612,65;
TATIANE MARTINS SIMAO;AGENCIA DE REPRES.PROM.DO AM;ASSESSOR TECNICO;NAO INFORMADO; CARGO COMISSION.S/VINCULO;7000,00;;7000,00;1624,32;5375,68;
VALERIA XIMENES DE SOUZA;GABINETE DO REPRESENTANTE;CHEFE DE GABINETE;NAO INFORMADO; CARGO COMISSION.S/VINCULO;5229,77;;5229,77;957,83;4271,94;
