NOME;LOTACAO;CARGO;FUNCAO;VINCULO;REMUNERACAO LEGAL TOTAL(R$);DESC.TETO(R$); REMUNERACAO LEGAL DEVIDA(R$);DESCONTOS LEGAIS(R$);LIQUIDO DISPONIVEL(R$);
ALFREDO MONTEIRO LINS ALBUQUERQUE;GABINETE DO REPRESENTANTE;CHEFE DE ESCRITOR.DE REPRESENTACAO;CHEFE DE ESCRITOR.DE; CARGO COMISSION.S/VINCULO;39283,99;;39283,99;10569,72;28714,27;
BEATRIZ TOLEDO SILVA;GABINETE DO SECRETARIO;ASSESSOR II;NAO INFORMADO; CARGO COMISSION.S/VINCULO;4209,79;;4209,79;633,12;3576,67;
DOUGLAS CORREIA MARINHO;GABINETE DO SECRETARIO;ASSESSOR I;ASSESSOR I; CARGO COMISSION.S/VINCULO;5229,77;;5229,77;973,62;4256,15;
ISABEL FERNANDEZ RIBEIRO;GABINETE DO SECRETARIO;ASSESSOR I;NAO INFORMADO; CARGO COMISSION.S/VINCULO;5229,77;;5229,77;973,62;4256,15;
JANAINA COELHO MOTA SANTIAGO;GABINETE DO REPRESENTANTE;ASSESSOR TECNICO;ASSESSOR TECNICO; CARGO COMISSION.S/VINCULO;7000,00;;7000,00;1640,11;5359,89;
LUIZ CARLOS GONCALVES;AGENCIA DE REPRES.PROM.DO AM;TNS-I;MOT.DO SECRETARIO; ESTATUTARIO;5877,97;;5877,97;1343,70;4534,27;
MARCIO ROBERTO DA SILVA;AGENCIA DE REPRES.PROM.DO AM;ASSESSOR II;; CARGO COMISSION.S/VINCULO;3209,79;;3209,79;371,89;2837,90;
MICHEL FERREIRA DO VALE;ASSESSORIA;TEC.DA FAZENDA ESTADUAL 2A.CL.I;ASSESSOR III; ESTATUTARIO;575,81;48,56;527,25;;527,25;
PEDRO GOMES DOS ANJOS NETO;GABINETE DO REPRESENTANTE;ASSESSOR I;ASSESSOR I; CARGO COMISSION.S/VINCULO;4229,77;;4229,77;639,78;3589,99;
RAFAEL SUSUMU YORINOBU;AGENCIA DE REPRES.PROM.DO AM;ASSESSOR III;NAO INFORMADO; CARGO COMISSION.S/VINCULO;3191,80;;3191,80;367,36;2824,44;
RAFAELLA NAKAJIMA FERNANDES;GABINETE DO SECRETARIO;ASSESSOR II;ASSESSOR II; CARGO COMISSION.S/VINCULO;4209,79;;4209,79;633,12;3576,67;
ROCINEIDE MARIA VENANCIO DA SILVA;AGENCIA DE REPRES.PROM.DO AM;AUX.O-I;ASSESSOR I; ESTATUTARIO;2640,60;;2640,60;397,20;2243,40;
ROSILIANE CANTISANI BESSA;GABINETE DO REPRESENTANTE;ASSESSOR TECNICO;NAO INFORMADO; CARGO COMISSION.S/VINCULO;7000,00;;7000,00;1640,11;5359,89;
SALETE MARIA SIQUEIRA;AGENCIA DE REPRES.PROM.DO AM;ASSESSOR III;ASSESSOR III; CARGO COMISSION.S/VINCULO;3191,80;;3191,80;367,36;2824,44;
SANDRA ANDREA DA COSTA RIBEIRO;GABINETE DO REPRESENTANTE;CHEFE DE DEPARTAMENTO;CHEFE DE DEPARTAMENT; CARGO COMISSION.S/VINCULO;5229,77;;5229,77;973,62;4256,15;
SYLVIA FERNANDEZ;GABINETE DO REPRESENTANTE;ASSESSOR II;ASSESSOR II; CARGO COMISSION.S/VINCULO;4209,79;;4209,79;633,12;3576,67;
TATIANE MARTINS SIMAO;AGENCIA DE REPRES.PROM.DO AM;ASSESSOR TECNICO;NAO INFORMADO; CARGO COMISSION.S/VINCULO;7000,00;;7000,00;1640,11;5359,89;
VALERIA XIMENES DE SOUZA;GABINETE DO REPRESENTANTE;CHEFE DE GABINETE;NAO INFORMADO; CARGO COMISSION.S/VINCULO;6973,03;;6973,03;1629,96;5343,07;
