NOME;LOTACAO;CARGO;FUNCAO;CARGA HR SEM;DT DE ADMISSAO;VINCULO;REMUNERACAO LEGAL TOTAL(R$);DESC.TETO(R$); REMUNERACAO LEGAL DEVIDA(R$);DESCONTOS LEGAIS(R$);LIQUIDO DISPONIVEL(R$);
ADALBERTO AROUCA REIS;FUND.DERM.TROP.VEN.ALFRED.MATA;TEC.DE PAT.CLINICA-TPC-P.S.N.M.-A;; 30:00;03/11/1997;ESTATUTARIO;3899,27;;3899,27;394,58;3504,69;
ADRIANA ANDRADE RAPOSO;FUND.DERM.TROP.VEN.ALFRED.MATA;MEDICO ESPECIALISTA;; 20:00;03/10/2005;ESTATUTARIO;9896,06;;9896,06;2784,30;7111,76;
ADRIANO PLACIDO DA ROCHA SOBRAL;FUND.DERM.TROP.VEN.ALF.DA MATA;AGENTE ADM.-AGA-T.S.N.A.-E;; 30:00;20/03/2018;ESTATUTARIO;2705,69;;2705,69;294,80;2410,89;
AGLIMAR COSTA BARRONCAS;FUND.DERM.TROP.VEN.ALFRED.MATA;AUXILIAR DE ENFERMAGEM A;; 30:00;01/03/2000;ESTATUTARIO;3024,87;;3024,87;317,52;2707,35;
ALESSANDRA MARIA MOURA S SOUZA;FUND.DERM.TROP.VEN.ALFRED.MATA;GERENTE;GERENTE AD-2; 40:00;01/02/2011;CARGO COMISSION.S/VINCULO;4693,27;;4693,27;647,35;4045,92;
ALESSANDRA MARQUES NASCIMENTO;FUND.DERM.TROP.VEN.ALF.DA MATA;AGENTE ADM.-AGA-T.S.N.A.-E;GERENTE; 30:00;22/03/2018;ESTATUTARIO;6705,69;;6705,69;943,70;5761,99;
ALEXANDRA DE FREITAS COSTA;FUND.DERM.TROP.VEN.ALFRED.MATA;TECNICO DE SAUDE EM DERMATOLOGIA;GERENTE; 30:00;03/10/2005;ESTATUTARIO;6411,40;;6411,40;961,58;5449,82;
ALFREDO VIDAL DA SILVA JUNIOR;FUND.DERM.TROP.VEN.ALF.DA MATA;AGENTE ADM.-AGA-T.S.N.A.-E;SUBGERENTE; 30:00;01/03/2018;ESTATUTARIO;2705,69;;2705,69;294,80;2410,89;
ALINE BASILICE CIPRIANO GUERREIRO;FUND.DERM.TROP.VEN.ALF.DA MATA;ENFERMEIRO-ENF-P.S.N.S.-A;; 30:00;01/03/2018;ESTATUTARIO;8098,34;;8098,34;1938,17;6160,17;
ALVARO LUIS BRANDAO DE FREITAS;FUND.DERM.TROP.VEN.ALFRED.MATA;TECNICO EM DERMAT SANITARIA;; 30:00;26/03/1981;ESTATUTARIO;4518,68;;4518,68;588,17;3930,51;
AMANDA COSTA DA SILVA;FUND.DERM.TROP.VEN.ALFRED.MATA;AUXILIAR DE ENFERMAGEM A;AUX. DE ENFERMAGEM; 30:00;01/03/2000;ESTATUTARIO;2461,08;;2461,08;317,52;2143,56;
AMAURI DAMASCENO PASSOS;FUND.DERM.TROP.VEN.ALFRED.MATA;TECNICO EM DERMAT SANITARIA;; 30:00;12/03/1986;ESTATUTARIO;3740,67;;3740,67;477,24;3263,43;
ANA CELIA DA SILVA MOURA;FUND.DERM.TROP.VEN.ALFRED.MATA;FARMACEUTICO;FARMACEUTICO; 30:00;01/03/2000;ESTATUTARIO;9401,06;;9401,06;2348,54;7052,52;
ANA CLAUDIA ARAUJO LOPES CHAVES CAM;FUND.DERM.TROP.VEN.ALFRED.MATA;ENFERMEIRO-ENF-P.S.N.S.-B;ENFERMEIRA; 30:00;27/10/2005;ESTATUTARIO;9217,35;;9217,35;2359,47;6857,88;
ANA CRISTINA DE LIMA MIRANDA;FUND.DERM.TROP.VEN.ALFRED.MATA;TECNICO DE PATOLOGIA CLINICA A;TEC. PATOL. CLINICA; 20:00;01/03/2000;ESTATUTARIO;3270,63;;3270,63;373,89;2896,74;
ANA CRISTINA MEZA BATAGINI;FUND.DERM.TROP.VEN.ALFRED.MATA;CIR.DENT.-CCRD-P.S.N.S.-A;CIRURGIAO DENTISTA; 30:00;04/06/2009;ESTATUTARIO;8098,34;;8098,34;1938,17;6160,17;
ANA LUCIA ALVES DE MESQUITA;FUND.DERM.TROP.VEN.ALFRED.MATA;TECNICO DE SAUDE EM DERMATOLOGIA;; 30:00;07/03/2006;ESTATUTARIO;3411,40;;3411,40;406,46;3004,94;
ANA VERONICA MATIAS P DAMASCENO;FUND.DERM.TROP.VEN.ALFRED.MATA;TEC.DE PAT.CLINICA-TPC-P.S.N.M.-A;TEC. PATOLOGIA; 30:00;30/05/2008;ESTATUTARIO;3585,20;;3585,20;397,12;3188,08;
ANDRE LUIZ LETURIONDO;FUND.DERM.TROP.VEN.ALFRED.MATA;FARMACEUTICO BIOQUIMICO A;FARMAC. BIOQUIMICO; 20:00;01/03/2000;ESTATUTARIO;8611,93;;8611,93;2131,53;6480,40;
ANDRE LUIZ LETURIONDO;FUND.DERM.TROP.VEN.ALF.DA MATA;FARMAC.BIOQ. -FAB-P.S.N.S.-A;FARMAC. BIOQUIMICO; 20:00;30/05/2008;ESTATUTARIO;8217,36;;8217,36;2208,88;6008,48;
ANDREZA AZEVEDO TELES;FUND.DERM.TROP.VEN.ALFRED.MATA;AUXILIAR DE ENFERMAGEM A;AUX. DE ENFERMAGEM; 30:00;01/03/2000;ESTATUTARIO;2867,98;;2867,98;317,52;2550,46;
ANIZE MARLY SIMOES;FUND.DERM.TROP.VEN.ALFRED.MATA;COPEIRO A;; 30:00;13/11/1997;ESTATUTARIO;2322,24;;2322,24;325,11;1997,13;
ANTONIO CLOVES CARVALHO DE MOURA;FUND.DERM.TROP.VEN.ALF.DA MATA;TEC. DE ENFERMAGEM-TEN-P.S.N.M.-A;; 30:00;05/03/2018;ESTATUTARIO;2670,63;;2670,63;373,89;2296,74;
ARIANA SARMENTO DA CUNHA LEAO;FUND.DERM.TROP.VEN.ALF.DA MATA;AGENTE ADM.-AGA-T.S.N.A.-E;; 30:00;25/09/2018;ESTATUTARIO;2705,69;;2705,69;294,80;2410,89;
ARINILDA DA SILVA PRADO MARTINHO;FUND.DERM.TROP.VEN.ALFRED.MATA;AUXILIAR DE ENFERMAGEM;AUX. DE ENFERMAGEM; 30:00;14/03/1994;ESTATUTARIO;3061,08;;3061,08;317,52;2743,56;
ARNOLDO ARAUJO DOS SANTOS;FUND.DERM.TROP.VEN.ALFRED.MATA;ASSESSOR I;ASSESSOR I; 40:00;01/01/2023;CARGO COMISSION.S/VINCULO;5100,30;;5100,30;914,30;4186,00;
BEATRIZ COSTA CARDOSO;FUND.DERM.TROP.VEN.ALFRED.MATA;MEDICO RESIDENTE;; 40:00;01/03/2023;RESIDENTE;4706,09;;4706,09;;4706,09;
BENIVALDA DOS SANTOS DOLZANE;FUND.DERM.TROP.VEN.ALFRED.MATA;TECNICO DE SAUDE EM DERMATOLOGIA;; 30:00;07/03/2006;ESTATUTARIO;3411,40;;3411,40;406,46;3004,94;
BENJAMIN PERPETUO DE SOUZA FILHO;FUND.DERM.TROP.VEN.ALFRED.MATA;ASSIST. DA ADM. AUXILIAR 2A CLASSE;; 30:00;25/07/1985;ESTATUTARIO;3456,86;;3456,86;350,84;3106,02;
CAIO AUGUSTO MASCARENHAS DIAS;FUND.DERM.TROP.VEN.ALFRED.MATA;ASSESSOR I;ASSESSOR I; 40:00;01/01/2023;CARGO COMISSION.S/VINCULO;5700,30;;5700,30;936,74;4763,56;
CAMILA GURGEL DOS SANTOS DA SILVA;FUND.DERM.TROP.VEN.ALFRED.MATA;FARMAC.BIOQ. -FAB-P.S.N.S.-A;; 20:00;19/07/2018;ESTATUTARIO;9503,78;;9503,78;2345,51;7158,27;
CARLA ANTONIA NAZARETH JAIME;FUND.DERM.TROP.VEN.ALFRED.MATA;CIR.DENT.-CCRD-P.S.N.S.-A;CIRUGIAO DENTISTA; 20:00;21/06/2006;ESTATUTARIO;8786,04;;8786,04;2092,81;6693,23;
CARLOS ALBERTO CASTRO BARROS;FUND.DERM.TROP.VEN.ALFRED.MATA;ENFERMEIRO-ENF-P.S.N.S.-A;GERENTE; 30:00;03/10/2005;ESTATUTARIO;12967,73;;12967,73;3365,49;9602,24;
CARLOS ALBERTO CHIRANO RODRIGUES;FUND.DERM.TROP.VEN.ALFRED.MATA;MEDICO ESPECIALISTA;DIRETOR PRESIDENTE; 20:00;29/05/1996;ESTATUTARIO;20663,91;;20663,91;5605,35;15058,56;
CAROLINA CHRUSCIAK TALHARI CORTEZ;FUND.DERM.TROP.VEN.ALF.DA MATA;PESQUISADOR TIT.-PET-P.S.N.S.-A;; 30:00;24/01/2017;ESTATUTARIO;9741,84;;9741,84;2504,81;7237,03;
CHRISTIAN SILVA DE SOUZA;FUND.DERM.TROP.VEN.ALF.DA MATA;AGENTE ADM.-AGA-T.S.N.A.-E;SUBGERENTE; 30:00;21/01/2019;ESTATUTARIO;5705,69;;5705,69;673,05;5032,64;
CIRLENE DE AZEVEDO ARAUJO;FUND.DERM.TROP.VEN.ALF.DA MATA;AGENTE ADM.-AGA-T.S.N.A.-E;SUBGERENTE; 30:00;13/02/2023;ESTATUTARIO;5705,69;;5705,69;673,05;5032,64;
CIRO GUIMARAES MOTA;FUND.DERM.TROP.VEN.ALFRED.MATA;ASSESSOR III;; 40:00;01/01/2023;CARGO COMISSION.S/VINCULO;6825,56;;6825,56;1605,20;5220,36;
CLAUDIA MARINA PUGA OLIVEIRA ANTONY;FUND.DERM.TROP.VEN.ALFRED.MATA;MEDICO ESPECIALISTA;; 20:00;13/08/2018;ESTATUTARIO;10300,35;;10300,35;2660,14;7640,21;
CLAUDIA REGINA DE SOUSA CUNHA;FUND.DERM.TROP.VEN.ALFRED.MATA;TECNICO DE PATOLOGIA CLINICA A;TEC. PATOL. CLINICA; 20:00;01/05/1993;ESTATUTARIO;3585,20;;3585,20;399,78;3185,42;
CLAUDIA ZANARDO ALVES DA GRACA;FUND.DERM.TROP.VEN.ALFRED.MATA;MEDICO ESPECIALISTA;; 20:00;06/08/2018;ESTATUTARIO;10300,35;;10300,35;2712,28;7588,07;
CLEIBY ANDRADE DOS SANTOS;FUND.DERM.TROP.VEN.ALFRED.MATA;TECNICO EM PATOLOGIA CLINICA;TEC. PATOL. CLINICA; 20:00;27/01/1994;ESTATUTARIO;3270,63;;3270,63;373,89;2896,74;
CLEOCINEIDE MESSIAS DA SILVA;FUND.DERM.TROP.VEN.ALFRED.MATA;TEC. EM REGISTRO DE SAUDE 3A CLASSE;; 30:00;13/05/1986;ESTATUTARIO;3117,62;;3117,62;472,29;2645,33;
CRIS ARLEN ROQUE FELIPE;FUND.DERM.TROP.VEN.ALFRED.MATA;ASSESSOR III;ASSESSOR III; 40:00;16/11/2023;CARGO COMISSION.S/VINCULO;4630,41;;4630,41;714,93;3915,48;
CYNTHIA DE OLIVEIRA FERREIRA;FUND.DERM.TROP.VEN.ALFRED.MATA;FARMAC.BIOQ. -FAB-P.S.N.S.-A;SUBGERENTE; 20:00;27/08/2008;ESTATUTARIO;11714,65;;11714,65;2995,21;8719,44;
DANIELA FROTA DE SOUZA;FUND.DERM.TROP.VEN.ALFRED.MATA;MEDICO ESPECIALISTA;MED GENERALISTA; 40:00;03/10/2005;ESTATUTARIO;11193,21;;11193,21;3046,78;8146,43;
DANIELLA GOMES DE MORAES;FUND.DERM.TROP.VEN.ALF.DA MATA;TEC.DE PAT.CLINICA-TPC-P.S.N.M.-A;; 20:00;28/09/2018;ESTATUTARIO;3585,20;;3585,20;399,78;3185,42;
DANIELLE CRISTINE WESTPHAL;FUND.DERM.TROP.VEN.ALFRED.MATA;MEDICO ESPECIALISTA;; 30:00;27/08/2018;ESTATUTARIO;9700,35;;9700,35;2712,28;6988,07;
DANILO NEVES DE OLIVEIRA;FUND.DERM.TROP.VEN.ALFRED.MATA;TECNICO DE SAUDE EM DERMATOLOGIA;; 30:00;02/06/2009;ESTATUTARIO;3585,20;;3585,20;399,78;3185,42;
DARCY RAMOS DE AMORIM;FUND.DERM.TROP.VEN.ALF.DA MATA;ASSIST.SOC.ASS-P.S.N.S.-CL.A;; 30:00;10/07/2023;ESTATUTARIO;8098,34;;8098,34;888,40;7209,94;
DAYSE DE OLIVEIRA BRILHANTE;FUND.DERM.TROP.VEN.ALF.DA MATA;AGENTE ADM.-AGA-T.S.N.A.-E;; 30:00;08/03/2018;ESTATUTARIO;2105,69;;2105,69;;2105,69;
DEBORA CRISTINA DE LIMA FERNANDES;FUND.DERM.TROP.VEN.ALF.DA MATA;FARMACEUTICO-FAR-P.S.N.S.-A;SUBGERENTE; 20:00;12/01/2017;ESTATUTARIO;11098,34;;11098,34;2763,17;8335,17;
DENISE HARIANNE FERREIRA SIMOES;FUND.DERM.TROP.VEN.ALF.DA MATA;ENFERMEIRO-ENF-P.S.N.S.-A;; 30:00;28/03/2018;ESTATUTARIO;8098,34;;8098,34;1938,17;6160,17;
DIANA MARA DOS SANTOS GOMES PEREIRA;FUND.DERM.TROP.VEN.ALF.DA MATA;TEC. DE ENFERMAGEM-TEN-P.S.N.M.-A;; 30:00;01/03/2018;ESTATUTARIO;3270,63;;3270,63;373,89;2896,74;
DIANA MARA DOS SANTOS GOMES PEREIRA;FUND.DERM.TROP.VEN.ALFRED.MATA;TEC. DE ENFERMAGEM-TEN-P.S.N.M.-A;; 30:00;02/10/2006;ESTATUTARIO;3339,47;;3339,47;383,53;2955,94;
DIRCE MARIANNE LIRA DE SERRA;FUND.DERM.TROP.VEN.ALFRED.MATA;AGENTE ADM.-AGA-T.S.N.A.-G;; 30:00;30/03/1990;ESTATUTARIO;3431,89;;3431,89;362,59;3069,30;
DJANEIDE RODRIGUES CASAS;FUND.DERM.TROP.VEN.ALFRED.MATA;ASSESSOR I;ASSESSOR I; 40:00;15/05/2023;CARGO COMISSION.S/VINCULO;5700,30;;5700,30;979,40;4720,90;
DOUGLAS SOUZA DE MOURA;FUND.DERM.TROP.VEN.ALFRED.MATA;SUBGERENTE;SUBGERENTE; 40:00;01/01/2023;CARGO COMISSION.S/VINCULO;3686,94;;3686,94;379,00;3307,94;
EDIVALDO LOPES BARROSO;FUND.DERM.TROP.VEN.ALFRED.MATA;OPERADOR DE MANUTENCAO E APO;OPE DE MANUT APOIO; 30:00;04/06/2009;ESTATUTARIO;2688,23;;2688,23;292,35;2395,88;
EDIVAR DOS SANTOS FERNANDES FILHO;FUND.DERM.TROP.VEN.ALFRED.MATA;FARMAC.BIOQ. -FAB-P.S.N.S.-D;; 20:00;01/09/1984;ESTATUTARIO;11279,99;;11279,99;3361,96;7918,03;
ELAINE DA SILVA BRASIL PAIVA;FUND.DERM.TROP.VEN.ALFRED.MATA;AUXILIAR DE ENFERMAGEM A;AUX. DE ENFERMAGEM; 30:00;01/03/2001;ESTATUTARIO;3194,87;;3194,87;317,52;2877,35;
ELBIO CORREA ROLA;FUND.DERM.TROP.VEN.ALFRED.MATA;TECNICO EM DERMAT SANITARIA;; 30:00;26/03/1981;ESTATUTARIO;4427,42;;4427,42;563,27;3864,15;
ELEADE DE OLIVEIRA FALCAO SOARES;FUND.DERM.TROP.VEN.ALFRED.MATA;TEC.DE PAT.CLINICA-TPC-P.S.N.M.-A;TEC.PAT.CLINICA; 30:00;30/05/2008;ESTATUTARIO;3270,63;;3270,63;373,89;2896,74;
ELEADE DE OLIVEIRA FALCAO SOARES;FUND.DERM.TROP.VEN.ALFRED.MATA;TEC.DE PAT.CLINICA-TPC-P.S.N.M.-A;; 20:00;01/03/2018;ESTATUTARIO;2670,63;;2670,63;373,89;2296,74;
ELIANA MARIA OLIVEIRA DA CAMARA;FUND.DERM.TROP.VEN.ALF.DA MATA;FISIOTERAPEUTA-FIS-P.S.N.S.-A;; 30:00;02/03/2018;ESTATUTARIO;8098,34;;8098,34;1938,17;6160,17;
ELIANE DOS SANTOS BRANDAO;FUND.DERM.TROP.VEN.ALF.DA MATA;ENFERMEIRO-ENF-P.S.N.S.-A;GERENTE; 30:00;20/09/2018;ESTATUTARIO;12098,34;;12098,34;3038,17;9060,17;
ELIENE CANTO DUARTE;FUND.DERM.TROP.VEN.ALFRED.MATA;FARMACEUTICO-FAR-P.S.N.S.-A;FARMACEUTICO; 30:00;03/10/2005;ESTATUTARIO;9080,98;;9080,98;2308,13;6772,85;
ELOILDO CLAUDIO DA COSTA;FUND.DERM.TROP.VEN.ALF.DA MATA;TEC. DE ENFERMAGEM-TEN-P.S.N.M.-A;; 30:00;01/03/2018;ESTATUTARIO;3270,63;;3270,63;373,89;2896,74;
ELZENIR DA SILVA GOMES;FUND.DERM.TROP.VEN.ALFRED.MATA;AUXILIAR DE SERVICOS GERAIS;; 30:00;12/03/1987;ESTATUTARIO;3411,83;;3411,83;358,20;3053,63;
EUCILENE PEREIRA DE LIMA;FUND.DERM.TROP.VEN.ALF.DA MATA;TEC. DE ENFERMAGEM-TEN-P.S.N.M.-A;; 30:00;28/03/2018;ESTATUTARIO;3270,63;;3270,63;373,89;2896,74;
EZEQUIAS GOMES SICSU;FUND.DERM.TROP.VEN.ALF.DA MATA;AGENTE ADM.-AGA-T.S.N.A.-E;; 30:00;22/03/2018;ESTATUTARIO;2705,69;;2705,69;294,80;2410,89;
FANIA JEAN NAZARE PEREIRA DE SOUZA;FUND.DERM.TROP.VEN.ALF.DA MATA;TEC. DE ENFERMAGEM-TEN-P.S.N.M.-A;; 30:00;19/03/2018;ESTATUTARIO;3270,63;;3270,63;373,89;2896,74;
FERNANDA QUEIROZ DE LIMA;FUND.DERM.TROP.VEN.ALFRED.MATA;TECNICO DE SAUDE EM DERMATOLOGIA;; 30:00;30/05/2008;ESTATUTARIO;3270,63;;3270,63;373,89;2896,74;
FLAVIA DE JESUS PADILHA;FUND.DERM.TROP.VEN.ALF.DA MATA;MEDICO ESPECIALISTA;; 20:00;26/12/2016;ESTATUTARIO;9700,35;;9700,35;2712,28;6988,07;
FLAVIANO DA SILVA OLIVEIRA;FUND.DERM.TROP.VEN.ALFRED.MATA;MEDICO ESPECIALISTA;; 20:00;12/04/1990;ESTATUTARIO;11875,22;;11875,22;3298,86;8576,36;
FRANCINETHE MIRANDA SEIXAS;FUND.DERM.TROP.VEN.ALFRED.MATA;ASSESSOR III;ASSESSOR III AD-3; 40:00;01/01/2011;CARGO COMISSION.S/VINCULO;3686,94;;3686,94;379,00;3307,94;
FRANCISCO ESMERINDO LOPES DE OLIVEI;FUND.DERM.TROP.VEN.ALF.DA MATA;TEC. DE ENFERMAGEM-TEN-P.S.N.M.-A;; 30:00;12/03/2018;ESTATUTARIO;3270,63;;3270,63;373,89;2896,74;
FRANCISCO WESLLEY COUTO DOS SANTOS;FUND.DERM.TROP.VEN.ALFRED.MATA;ASSIST.ADMIN.-ASA-T.S.N.M.-A;; 30:00;08/01/2019;ESTATUTARIO;2859,78;;2859,78;316,37;2543,41;
FRANQUEL FIGUEIREDO DE BRITO;FUND.DERM.TROP.VEN.ALF.DA MATA;AGENTE ADM.-AGA-T.S.N.A.-E;ASSESSOR III; 30:00;02/03/2018;ESTATUTARIO;5705,69;;5705,69;673,05;5032,64;
GEYSE GLEYSE DA COSTA G OLIVEIRA;FUND.DERM.TROP.VEN.ALF.DA MATA;FARMACEUTICO-FAR-P.S.N.S.-A;; 30:00;01/03/2018;ESTATUTARIO;9401,06;;9401,06;2348,54;7052,52;
GILMEIRE NAPOLEAO SABOGAL;FUND.DERM.TROP.VEN.ALFRED.MATA;ENFERMEIRO-ENF-P.S.N.S.-A;; 30:00;23/04/2018;ESTATUTARIO;8098,34;;8098,34;1938,17;6160,17;
GISELE COLARES SALES DE OLIVEIRA;FUND.DERM.TROP.VEN.ALF.DA MATA;MEDICO ESPECIALISTA;; 20:00;28/03/2018;ESTATUTARIO;9700,35;;9700,35;2712,28;6988,07;
GISELLY DA COSTA LEAL;FUND.DERM.TROP.VEN.ALF.DA MATA;AGENTE ADM.-AGA-T.S.N.A.-E;; 30:00;28/03/2018;ESTATUTARIO;2705,69;;2705,69;294,80;2410,89;
GUSTAVO AVILA MAQUINE;FUND.DERM.TROP.VEN.ALF.DA MATA;MEDICO ESPECIALISTA;; 20:00;09/05/2016;ESTATUTARIO;10300,35;;10300,35;2712,28;7588,07;
HELIANA JAMILE DOS SANTOS BRANDAO;FUND.DERM.TROP.VEN.ALF.DA MATA;AGENTE ADM.-AGA-T.S.N.A.-E;; 30:00;01/03/2018;ESTATUTARIO;2705,69;;2705,69;294,80;2410,89;
HELOISA HELENA SANTANA XAUD REIS;FUND.DERM.TROP.VEN.ALFRED.MATA;PSICOLOGO-PSI-P.S.N.S.-B;ASSESSOR I - AD1; 30:00;13/11/1997;ESTATUTARIO;8726,29;;8726,29;2174,59;6551,70;
HERCULANO GONCALVES DE SOUZA;FUND.DERM.TROP.VEN.ALFRED.MATA;MOTORISTA-MOT-T.S.N.A.-C;SUBGERENTE AD3; 30:00;16/03/1987;ESTATUTARIO;3866,97;;3866,97;448,23;3418,74;
HUMBERTO SANTOS DA SILVA;FUND.DERM.TROP.VEN.ALFRED.MATA;OPER.MAN.E APOIO-OMA-T.S.N.A-A;; 30:00;04/06/2009;ESTATUTARIO;2688,23;;2688,23;292,35;2395,88;
IANE CRISTINA DE OLIVEIRA FERREIRA;FUND.DERM.TROP.VEN.ALFRED.MATA;AUXILIAR DE ENFERMAGEM A;; 30:00;13/11/1997;ESTATUTARIO;3124,96;;3124,96;353,49;2771,47;
IAUATA FIRMO DA SILVA;FUND.DERM.TROP.VEN.ALF.DA MATA;PROGRAMADOR-PRO-T.S.N.M.-A;GERENTE; 30:00;26/10/2018;ESTATUTARIO;6859,78;;6859,78;1007,65;5852,13;
IEDA LUCIA SANTOS MAGNO;FUND.DERM.TROP.VEN.ALF.DA MATA;MEDICO RESIDENTE;; 40:00;02/03/2022;RESIDENTE;4706,09;;4706,09;484,76;4221,33;
IGOR ARGUELLES LEAO;FUND.DERM.TROP.VEN.ALFRED.MATA;TECNICO-TEC-T.S.N.S.-A;SUBGERENTE; 30:00;01/01/2023;ESTATUTARIO;9249,45;;9249,45;2014,92;7234,53;
IONE DA SILVA FREIRE;FUND.DERM.TROP.VEN.ALFRED.MATA;ASSIST.SOC.ASS-P.S.N.S.-CL.B;; 30:00;13/11/1997;ESTATUTARIO;10048,80;;10048,80;2600,45;7448,35;
ISABEL CRISTINA LIMA ENCARNACAO;FUND.DERM.TROP.VEN.ALFRED.MATA;MEDICO ESPECIALISTA;MEDICA ESPECIALISTA; 30:00;05/10/2005;ESTATUTARIO;11835,49;;11835,49;3223,40;8612,09;
ISABELLE LOUISE DA C L FIGUEIREDO;FUND.DERM.TROP.VEN.ALFRED.MATA;MEDICO RESIDENTE;; 40:00;01/03/2021;RESIDENTE;4706,09;;4706,09;484,76;4221,33;
ISABELLE NOBREGA DE OLIVEIRA;FUND.DERM.TROP.VEN.ALFRED.MATA;FISIOTERAPEUTA;; 30:00;27/04/2011;ESTATUTARIO;8611,93;;8611,93;2131,53;6480,40;
ISY PEIXOTO FIGUEIREDO;FUND.DERM.TROP.VEN.ALFRED.MATA;MEDICO ESPECIALISTA;; 20:00;06/08/2018;ESTATUTARIO;9700,35;;9700,35;2712,28;6988,07;
ITAMAR SALES BEZERRA DE MENEZES;FUND.DERM.TROP.VEN.ALF.DA MATA;ASSIST.ADMIN.-ASA-T.S.N.M.-A;; 30:00;04/04/2018;ESTATUTARIO;2859,78;;2859,78;316,37;2543,41;
IVETE DE BRITO DA SILVEIRA;FUND.DERM.TROP.VEN.ALFRED.MATA;ASSIST. DA ADM. AUXILIAR 1A CLASSE;ASSESSOR III - AD3; 30:00;15/01/1976;ESTATUTARIO;3583,20;;3583,20;392,10;3191,10;
IZAIAS GOMES DA SILVA JUNIOR;FUND.DERM.TROP.VEN.ALFRED.MATA;MEDICO RESIDENTE;; 40:00;01/03/2023;RESIDENTE;4706,09;;4706,09;;4706,09;
JACKELINE DE SOUZA MAXIMO;FUND.DERM.TROP.VEN.ALF.DA MATA;CONTADOR-CON-T.S.N.S.-A;GERENTE; 30:00;26/10/2018;ESTATUTARIO;10249,45;;10249,45;2342,06;7907,39;
JACQUELINE DE ALMEIDA GONCALVES SAC;FUND.DERM.TROP.VEN.ALF.DA MATA;ENFERMEIRO-ENF-P.S.N.S.-A;; 30:00;01/03/2018;ESTATUTARIO;8817,36;;8817,36;2208,88;6608,48;
JAIRO DE SOUZA GOMES;FUND.DERM.TROP.VEN.ALFRED.MATA;TEC.DE PAT.CLINICA-TPC-P.S.N.M.-C;; 20:00;16/03/1987;ESTATUTARIO;3980,10;;3980,10;493,89;3486,21;
JAMES MOURA DE SOUZA;FUND.DERM.TROP.VEN.ALFRED.MATA;AUXILIAR DE SAUDE;; 30:00;13/11/1997;ESTATUTARIO;3244,64;;3244,64;353,49;2891,15;
JAMILE IZAN LOPES PALHETA JUNIOR;FUND.DERM.TROP.VEN.ALFRED.MATA;AGENTE ADMINISTRATIVO A - N.B.;GERENTE; 30:00;01/03/2000;ESTATUTARIO;6705,69;;6705,69;943,70;5761,99;
JANETE QUEIROZ MORAES;FUND.DERM.TROP.VEN.ALFRED.MATA;TECNICO EM DERMAT SANITARIA;; 30:00;12/03/1986;ESTATUTARIO;7980,10;;7980,10;1435,84;6544,26;
JAQUELINE DA SILVA MENDES;FUND.DERM.TROP.VEN.ALFRED.MATA;SUBGERENTE;SUBGERENTE; 40:00;01/01/2022;CARGO COMISSION.S/VINCULO;3686,94;;3686,94;379,00;3307,94;
JEANE MATOS MARANHAO;FUND.DERM.TROP.VEN.ALFRED.MATA;ASSESSOR III;ASSESSOR III; 40:00;01/01/2023;CARGO COMISSION.S/VINCULO;3686,94;;3686,94;379,00;3307,94;
JEORGIO CLAUDINO PEREIRA SANTOS;FUND.DERM.TROP.VEN.ALF.DA MATA;ASSIST.ADMIN.-ASA-T.S.N.M.-A;; 30:00;13/03/2018;ESTATUTARIO;2859,78;;2859,78;316,37;2543,41;
JOAO CATARINO DA SILVA DUTRA JUNIOR;FUND.DERM.TROP.VEN.ALFRED.MATA;MEDICO ESPECIALISTA;MEDICO; 20:00;01/03/2000;ESTATUTARIO;10300,35;;10300,35;2712,28;7588,07;
JOCELINA BENITA COSTA DE OLIVEIRA;FUND.DERM.TROP.VEN.ALF.DA MATA;TEC. DE ENFERMAGEM-TEN-P.S.N.M.-A;; 30:00;19/03/2018;ESTATUTARIO;3270,63;;3270,63;373,89;2896,74;
JOCLIMAR CORREA MOURAO;FUND.DERM.TROP.VEN.ALFRED.MATA;AUXILIAR ADMINISTRATIVO;SUBGERENTE AD3; 30:00;26/08/2008;ESTATUTARIO;2705,69;;2705,69;294,80;2410,89;
JONISMAR FREITAS COSTA;FUND.DERM.TROP.VEN.ALFRED.MATA;AUXILIAR DE SAUDE;; 30:00;04/01/1991;ESTATUTARIO;3210,75;;3210,75;365,51;2845,24;
JORGE ALBERTO RODRIGUES DE OLIVEIRA;FUND.DERM.TROP.VEN.ALFRED.MATA;TECNICO DE PATOLOGIA CLINICA A;TEC. PATOL. CLINICA; 20:00;01/03/2000;ESTATUTARIO;3270,63;;3270,63;373,89;2896,74;
JORGE CASTRO BARROS;FUND.DERM.TROP.VEN.ALF.DA MATA;TECNICO EM DERMAT SANITARIA;ASSESSOR III - AD3; 30:00;05/10/1984;ESTATUTARIO;3580,36;;3580,36;439,69;3140,67;
JORGE EWERTON DOS SANTOS SALES;FUND.DERM.TROP.VEN.ALFRED.MATA;FARMAC.BIOQ. -FAB-P.S.N.S.-A;; 20:00;07/03/2006;ESTATUTARIO;8246,77;;8246,77;1941,91;6304,86;
JOSE ANSELMO DOS SANTOS FERREIRA;FUND.DERM.TROP.VEN.ALF.DA MATA;MOTORISTA-MOT-T.S.N.A.-D;; 30:00;29/03/1990;ESTATUTARIO;2888,41;;2888,41;423,01;2465,40;
JOSE LUSIRAN DA SILVA;FUND.DERM.TROP.VEN.ALF.DA MATA;OPERADOR DE MAQUINA REPOGRAFICA;; 30:00;08/10/1984;ESTATUTARIO;2954,05;;2954,05;371,48;2582,57;
JOSE YRANIR DO NASCIMENTO;FUND.DERM.TROP.VEN.ALFRED.MATA;TECNICO EM DERMAT SANITARIA;CHEFE DEPT.-AD1; 30:00;14/05/1986;ESTATUTARIO;3117,62;;3117,62;472,29;2645,33;
JOSIAS CORREIA DE FREITAS;FUND.DERM.TROP.VEN.ALFRED.MATA;TECNICO DE SAUDE EM DERMATOLOGIA;; 30:00;07/03/2006;ESTATUTARIO;7339,47;;7339,47;1206,72;6132,75;
JULIO CESAR LIMA SAMPAIO;FUND.DERM.TROP.VEN.ALFRED.MATA;TECNICO DE NIVEL SUPERIOR;; 30:00;30/05/2008;ESTATUTARIO;6515,06;;6515,06;1342,06;5173,00;
KANANDA KESYE SOUSA NUNES;FUND.DERM.TROP.VEN.ALF.DA MATA;MEDICO RESIDENTE;; 40:00;02/03/2022;RESIDENTE;4706,09;;4706,09;484,76;4221,33;
KARIM TABHADA LOPEZ DE OLIVEIRA;FUND.DERM.TROP.VEN.ALFRED.MATA;PSICOLOGO-PSI-P.S.N.S.-A;ASSESSOR I; 30:00;04/06/2009;ESTATUTARIO;13611,93;;13611,93;3454,39;10157,54;
KELLEN CRISTINA DE MELLO GARCES;FUND.DERM.TROP.VEN.ALF.DA MATA;TEC. DE ENFERMAGEM-TEN-P.S.N.M.-A;ASSESSOR III; 30:00;27/11/2023;ESTATUTARIO;6070,63;;6070,63;1013,15;5057,48;
LAIRTON CAVALCANTE LIMA;FUND.DERM.TROP.VEN.ALFRED.MATA;AGENTE ADM.-AGA-T.S.N.A.-H;; 30:00;09/10/1984;ESTATUTARIO;3106,02;;3106,02;350,84;2755,18;
LANIA MARIA MESTRINHO DE OLIVEIRA;FUND.DERM.TROP.VEN.ALFRED.MATA;TECNICO DE INFORMATICA;SUBGERENTE AD-3; 30:00;01/03/2000;ESTATUTARIO;2859,78;;2859,78;316,37;2543,41;
LEIDE INGRID DE ALMEIDA MENEZES;FUND.DERM.TROP.VEN.ALFRED.MATA;SUBGERENTE;SUBGERENTE; 40:00;08/11/2023;CARGO COMISSION.S/VINCULO;6513,59;;6513,59;1149,69;5363,90;
LEUDA CARNEIRO DE SOUZA;FUND.DERM.TROP.VEN.ALFRED.MATA;TECNICO DE SAUDE EM DERMATOLOGIA;TEC.SAUDE DERMAT; 30:00;07/03/2006;ESTATUTARIO;2811,40;;2811,40;406,46;2404,94;
LIANA HORTENCIA MIRANDA T MATHIAS;FUND.DERM.TROP.VEN.ALFRED.MATA;MEDICO ESPECIALISTA;MEDICO; 20:00;01/03/2000;ESTATUTARIO;10300,35;;10300,35;2712,28;7588,07;
LIDIA MARIA VALE DE MATOS;FUND.DERM.TROP.VEN.ALFRED.MATA;ASSIST.SOC.ASS-P.S.N.S.-CL.A;ASS SOCIAL; 30:00;03/10/2005;ESTATUTARIO;10139,21;;10139,21;2587,65;7551,56;
LILIA DE OLIVEIRA ROY;FUND.DERM.TROP.VEN.ALF.DA MATA;MEDICO ESPECIALISTA;; 20:00;19/01/2017;ESTATUTARIO;10300,35;;10300,35;2712,28;7588,07;
LINDINALVA BRAGA VIEIRA;FUND.DERM.TROP.VEN.ALFRED.MATA;ASSIST.SOC.ASS-P.S.N.S.-CL.A;ASSISTENTE SOCIAL; 30:00;03/10/2005;ESTATUTARIO;8967,73;;8967,73;2265,49;6702,24;
LINEIA BORGES TOSCANO;FUND.DERM.TROP.VEN.ALFRED.MATA;ENFERMEIRO;CHEFE DE DEPARTAMENT; 30:00;01/03/2000;ESTATUTARIO;7498,34;;7498,34;1938,17;5560,17;
LINEIA BORGES TOSCANO;FUND.DERM.TROP.VEN.ALFRED.MATA;ENFERMEIRO-ENF-P.S.N.S.-A;CHEFE DE DEPARTAMENT; 30:00;07/03/2006;ESTATUTARIO;13401,50;;13401,50;3427,30;9974,20;
LISIANE MACHADO CONTENTE NOGUEIRA;FUND.DERM.TROP.VEN.ALF.DA MATA;MEDICO ESPECIALISTA;; 20:00;09/05/2016;ESTATUTARIO;10300,35;;10300,35;2712,28;7588,07;
LUCILIA DE FATIMA SANTANA JARDIM;FUND.DERM.TROP.VEN.ALFRED.MATA;ENFERMEIRO-ENF-P.S.N.S.-B;; 30:00;13/11/1997;ESTATUTARIO;8726,29;;8726,29;2174,59;6551,70;
LUCIO FIGUEIRA PIMENTEL;FUND.DERM.TROP.VEN.ALFRED.MATA;FARMACEUTICO-FAR-P.S.N.S.-A;SUBGERENTE; 30:00;03/10/2005;ESTATUTARIO;12080,98;;12080,98;3133,13;8947,85;
MANOEL JOAQUIM BERNARDES RABELO;FUND.DERM.TROP.VEN.ALF.DA MATA;TECNICO 1A CLASSE;ASSESSOR III; 30:00;05/10/1998;ESTATUTARIO;6763,04;;6763,04;1435,43;5327,61;
MARCUS VINICIUS MONTEIRO ALVES;FUND.DERM.TROP.VEN.ALFRED.MATA;FISIOTERAPEUTA-FIS-P.S.N.S.-D;; 30:00;07/08/1982;ESTATUTARIO;10519,09;;10519,09;3075,48;7443,61;
MARIA CARMELIA DE LIMA ALMEIDA;FUND.DERM.TROP.VEN.ALFRED.MATA;ASSIST. DA ADM. AUXILIAR 2A CLASSE;ASSESSOR III AD3; 30:00;16/03/1987;ESTATUTARIO;3431,89;;3431,89;362,59;3069,30;
MARIA CELIA PEREIRA CEZARIO;FUND.DERM.TROP.VEN.ALFRED.MATA;TECNICO DE SAUDE EM DERMATOLOGIA;; 30:00;26/08/2008;ESTATUTARIO;2670,63;;2670,63;373,89;2296,74;
MARIA CILENE DIAS DA COSTA;FUND.DERM.TROP.VEN.ALFRED.MATA;AUXILIAR DE ENFERMAGEM A;AUX. DE ENFERMAGEM; 30:00;01/03/2000;ESTATUTARIO;2867,98;;2867,98;317,52;2550,46;
MARIA DA ESPERANCA PERDIGAO LIMA;FUND.DERM.TROP.VEN.ALF.DA MATA;ASSESSOR III;ASSESSOR III; 40:00;01/01/2023;CARGO COMISSION.S/VINCULO;3686,94;;3686,94;379,00;3307,94;
MARIA DAS GRACAS PEREIRA DE SOUSA;FUND.DERM.TROP.VEN.ALFRED.MATA;FARMAC.BIOQ. -FAB-P.S.N.S.-A;; 20:00;07/03/2006;ESTATUTARIO;9015,36;;9015,36;2205,41;6809,95;
MARIA DAS GRACAS VALE B GUERRA;FUND.DERM.TROP.VEN.ALFRED.MATA;PESQUISADOR INIC.-PEI-P.S.N.S.-A;DIRETOR DE ENSINO E; 20:00;01/01/2023;ESTATUTARIO;18227,96;1919,87;16308,09;4401,85;11906,24;
MARIA DE JESUS VIEIRA DOS SANTOS;FUND.DERM.TROP.VEN.ALF.DA MATA;AUXILIAR DE SAUDE;; 30:00;13/08/1982;ESTATUTARIO;3832,72;;3832,72;428,79;3403,93;
MARIA DO SOCORRO DE SOUSA CUNHA;FUND.DERM.TROP.VEN.ALFRED.MATA;TEC.DE PAT.CLINICA-TPC-P.S.N.M.-C;; 30:00;03/07/1985;ESTATUTARIO;4079,47;;4079,47;726,98;3352,49;
MARIA DO SOCORRO DIAS DE SOUZA LELI;FUND.DERM.TROP.VEN.ALF.DA MATA;FARMAC.BIOQ. -FAB-P.S.N.S.-A;; 20:00;07/03/2018;ESTATUTARIO;8098,34;;8098,34;1938,17;6160,17;
MARIA DORENILDA ARAUJO LOPES;FUND.DERM.TROP.VEN.ALFRED.MATA;TECNICO DE SAUDE EM DERMATOLOGIA;TEC DAUDE EM DERM; 30:00;18/06/2009;ESTATUTARIO;3270,63;;3270,63;373,89;2896,74;
MARIA GEDALVA DA SILVA COSTA;FUND.DERM.TROP.VEN.ALFRED.MATA;AUXILIAR ADMINISTRATIVO;AUX DE ADM; 30:00;04/06/2009;ESTATUTARIO;2705,69;;2705,69;294,80;2410,89;
MARIA IANE SANTOS DA SILVA;FUND.DERM.TROP.VEN.ALFRED.MATA;TECNICO DE PATOLOGIA CLINICA A;TEC. PATOL. CLINICA; 20:00;01/03/2000;ESTATUTARIO;3585,20;;3585,20;399,78;3185,42;
MARIA INEZ MELO DA CUNHA;FUND.DERM.TROP.VEN.ALFRED.MATA;ASSIST.ADMIN.-ASA-T.S.N.M.-A;; 30:00;20/09/2018;ESTATUTARIO;2859,78;;2859,78;316,37;2543,41;
MARIA LEIDE BARBOSA PINTO;FUND.DERM.TROP.VEN.ALF.DA MATA;AGENTE ADM.-AGA-T.S.N.A.-G;CHEFE DE DEPARTAMENT; 30:00;30/03/1990;ESTATUTARIO;8512,52;;8512,52;1498,16;7014,36;
MARIA MARLICE MAR NUNES;FUND.DERM.TROP.VEN.ALFRED.MATA;AUXILIAR DE ENFERMAGEM A;; 30:00;13/11/1997;ESTATUTARIO;2524,96;;2524,96;353,49;2171,47;
MARIA NESIONEIA RODRIGUES CORREA;FUND.DERM.TROP.VEN.ALFRED.MATA;TEC.DE PAT.CLINICA-TPC-P.S.N.M.-A;TEC DE PATOLOGIA; 20:00;07/03/2006;ESTATUTARIO;3339,47;;3339,47;383,53;2955,94;
MARIA NESIONEIA RODRIGUES CORREA;FUND.DERM.TROP.VEN.ALF.DA MATA;TEC.DE PAT.CLINICA-TPC-P.S.N.M.-A;; 20:00;01/03/2018;ESTATUTARIO;2670,63;;2670,63;373,89;2296,74;
MARIA NIZA VILAS BOAS CONCEICAO;FUND.DERM.TROP.VEN.ALFRED.MATA;TECNICO DE SAUDE EM DERMATOLOGIA;TEC.SAUDE EM DERMAT.; 30:00;30/05/2008;ESTATUTARIO;2670,63;;2670,63;373,89;2296,74;
MARIA SALETE BAHIA MARQUES;FUND.DERM.TROP.VEN.ALFRED.MATA;CONTADOR-CON-T.S.N.S.-B;ASSESSOR III; 30:00;13/11/1997;ESTATUTARIO;10654,18;;10654,18;2508,01;8146,17;
MARIA SENA DE CASTRO;FUND.DERM.TROP.VEN.ALF.DA MATA;ASSIST. DA ADM. AUXILIAR 2A CLASSE;; 30:00;13/08/1982;ESTATUTARIO;3508,94;;3508,94;377,41;3131,53;
MARIA TEREZA COSTA DA ROCHA;FUND.DERM.TROP.VEN.ALF.DA MATA;AGENTE ADM.-AGA-T.S.N.A.-E;; 30:00;15/03/2018;ESTATUTARIO;2705,69;;2705,69;294,80;2410,89;
MATHIAS GAMA DE AGUIAR FERREIRA;FUND.DERM.TROP.VEN.ALFRED.MATA;MEDICO RESIDENTE;; 40:00;01/03/2021;RESIDENTE;9706,09;;9706,09;730,16;8975,93;
MINERVINA CARDOSO DE OLIVEIRA;FUND.DERM.TROP.VEN.ALF.DA MATA;CHEFE DE DEPARTAMENTO;CHEFE DE DEPARTAMENT; 40:00;01/01/2023;CARGO COMISSION.S/VINCULO;5700,30;;5700,30;979,40;4720,90;
MONICA NUNES DE SOUZA SANTOS;FUND.DERM.TROP.VEN.ALFRED.MATA;MEDICO DOUTOR;DIR.ENSINO PESQUISA; 20:00;03/10/2005;ESTATUTARIO;13626,07;;13626,07;4167,42;9458,65;
MONICA SALES MOREIRA DE SOUZA;FUND.DERM.TROP.VEN.ALF.DA MATA;DIRETOR ADMINISTRATIVO E FINANCEIRO;DIRETOR ADMINISTRATI; 40:00;01/01/2023;CARGO COMISSION.S/VINCULO;9600,00;;9600,00;2225,83;7374,17;
MONICA VASCONCELOS GUIMARAES;FUND.DERM.TROP.VEN.ALFRED.MATA;FARMAC.BIOQ. -FAB-P.S.N.S.-B;; 30:00;05/03/1998;ESTATUTARIO;8726,29;;8726,29;2087,92;6638,37;
NADIA NEY SOUSA DOS SANTOS;FUND.DERM.TROP.VEN.ALF.DA MATA;GERENTE;GERENTE; 40:00;01/01/2023;CARGO COMISSION.S/VINCULO;4693,27;;4693,27;647,35;4045,92;
NADIA SOCORRO NOGUEIRA PIMENTEL;FUND.DERM.TROP.VEN.ALFRED.MATA;ENFERMEIRO-ENF-P.S.N.S.-A;SUBGERENTE; 30:00;03/10/2005;ESTATUTARIO;11967,73;;11967,73;3090,49;8877,24;
NADYA FERNANDES PICANCO LOPES;FUND.DERM.TROP.VEN.ALFRED.MATA;MEDICO ESPECIALISTA;; 20:00;01/07/1987;ESTATUTARIO;10530,90;;10530,90;3019,23;7511,67;
NAGILA MARILIA RAMOS DE FARIAS ALBU;FUND.DERM.TROP.VEN.ALF.DA MATA;TEC. DE ENFERMAGEM-TEN-P.S.N.M.-A;; 30:00;27/03/2018;ESTATUTARIO;3270,63;;3270,63;373,89;2896,74;
NATALIA DE CASTRO LOUREIRO;FUND.DERM.TROP.VEN.ALFRED.MATA;PSICOLOGO A;; 30:00;02/08/1999;ESTATUTARIO;8611,93;;8611,93;2131,53;6480,40;
NATHALIE DE CASSIA FARIAS OLIVEIRA;FUND.DERM.TROP.VEN.ALF.DA MATA;TEC. DE ENFERMAGEM-TEN-P.S.N.M.-A;; 30:00;01/03/2018;ESTATUTARIO;3585,20;;3585,20;399,78;3185,42;
OCIREMA MELLO DA ROCHA;FUND.DERM.TROP.VEN.ALFRED.MATA;AUXILIAR DE ENFERMAGEM A;AUX. ENFERMAGEM; 30:00;01/03/2000;ESTATUTARIO;2267,98;;2267,98;317,52;1950,46;
ORANGE DA SILVA BATISTA;FUND.DERM.TROP.VEN.ALF.DA MATA;TEC. DE ENFERMAGEM-TEN-P.S.N.M.-A;; 30:00;06/03/2018;ESTATUTARIO;2670,63;;2670,63;373,89;2296,74;
PAOLA RENATA MELO GARCIA;FUND.DERM.TROP.VEN.ALF.DA MATA;ASSIST.ADMIN.-ASA-T.S.N.M.-A;; 30:00;23/10/2018;ESTATUTARIO;6059,78;;6059,78;1864,33;4195,45;
PATRICIA MOTTA DE MORAIS;FUND.DERM.TROP.VEN.ALFRED.MATA;MEDICO MESTRE;; 30:00;03/10/2005;ESTATUTARIO;12598,62;;12598,62;3566,14;9032,48;
PATRICK SUELL DA COSTA RIBEIRO;FUND.DERM.TROP.VEN.ALF.DA MATA;MOTORISTA-MOT-T.S.N.A.-A;; 30:00;02/03/2018;ESTATUTARIO;3006,72;;3006,72;336,94;2669,78;
PAULO ANTONIO SILVA CONTENTE;FUND.DERM.TROP.VEN.ALFRED.MATA;MEDICO ESPECIALISTA;MEDICO; 20:00;01/03/1998;ESTATUTARIO;10300,35;;10300,35;2712,28;7588,07;
PAULO CHAVES MARTINS;FUND.DERM.TROP.VEN.ALFRED.MATA;PSICOLOGO-PSI-P.S.N.S.-A;; 30:00;11/05/2012;ESTATUTARIO;10996,77;;10996,77;4650,30;6346,47;
PAULO ROSEMBERG GOES DA SILVA;FUND.DERM.TROP.VEN.ALF.DA MATA;AGENTE ADM.-AGA-T.S.N.A.-E;SUBGERENTE; 30:00;10/03/2018;ESTATUTARIO;5705,69;;5705,69;395,20;5310,49;
PAULO TADEU CAVALCANTE SAIF;FUND.DERM.TROP.VEN.ALFRED.MATA;TEC.DE PAT.CLINICA-TPC-P.S.N.M.-D;; 30:00;02/02/1986;ESTATUTARIO;4068,71;;4068,71;520,68;3548,03;
RAFAELA DE ANDRADE FERREIRA;FUND.DERM.TROP.VEN.ALF.DA MATA;ENFERMEIRO-ENF-P.S.N.S.-A;; 30:00;28/03/2018;ESTATUTARIO;8098,34;;8098,34;1938,17;6160,17;
RAIMUNDO AUGUSTO CARVALHO DE AZEVED;FUND.DERM.TROP.VEN.ALFRED.MATA;AGENTE ADMINISTRATIVO A - N.B.;; 30:00;03/04/2000;ESTATUTARIO;2705,69;;2705,69;294,80;2410,89;
RAIMUNDO MOREIRA DE OLIVEIRA;FUND.DERM.TROP.VEN.ALFRED.MATA;ASSISTENTE TECNICO A;; 30:00;04/05/1977;ESTATUTARIO;4696,29;;4696,29;621,20;4075,09;
RAIMUNDO NONATO BARBOSA DA SILVA;FUND.DERM.TROP.VEN.ALFRED.MATA;AUXILIAR DE SAUDE 3A CLASSE;; 30:00;13/05/1986;ESTATUTARIO;3277,67;;3277,67;374,87;2902,80;
RAQUEL BAMOND REIS;FUND.DERM.TROP.VEN.ALF.DA MATA;GERENTE;GERENTE; 40:00;01/01/2023;CARGO COMISSION.S/VINCULO;4693,27;;4693,27;625,67;4067,60;
RAQUEL MARIA NAVARRO;FUND.DERM.TROP.VEN.ALF.DA MATA;PSICOLOGO-PSI-P.S.N.S.-A;; 30:00;20/06/2013;ESTATUTARIO;8011,93;;8011,93;2131,53;5880,40;
RAQUEL MARIA NAVARRO;FUND.DERM.TROP.VEN.ALF.DA MATA;PSICOLOGO-PSI-P.S.N.S.-A;; 30:00;09/03/2018;ESTATUTARIO;8714,65;;8714,65;2170,21;6544,44;
REJANE MAGALHAES PINTO DA SILVA;FUND.DERM.TROP.VEN.ALF.DA MATA;TEC.DE PAT.CLINICA-TPC-P.S.N.M.-A;; 30:00;05/03/2018;ESTATUTARIO;3270,63;;3270,63;373,89;2896,74;
RENATA ALMEIDA SCHETTINI COSTA;FUND.DERM.TROP.VEN.ALFRED.MATA;MEDICO ESPECIALISTA;; 20:00;01/08/2018;ESTATUTARIO;10300,35;;10300,35;2712,28;7588,07;
RENATO CANDIDO DA SILVA JUNIOR;FUND.DERM.TROP.VEN.ALFRED.MATA;MEDICO ESPECIALISTA;DIRETOR TECNICO; 20:00;01/03/2000;ESTATUTARIO;18400,35;;18400,35;4939,78;13460,57;
RICARDO VICTOR ARAUJO CAVALCANTE;FUND.DERM.TROP.VEN.ALF.DA MATA;MOTORISTA-MOT-T.S.N.A.-A;; 30:00;22/09/2018;ESTATUTARIO;3006,72;;3006,72;336,94;2669,78;
RITA MARIA VALCACIO NOGUEIRA;FUND.DERM.TROP.VEN.ALF.DA MATA;ASSIST.SOC.ASS-P.S.N.S.-CL.A;; 30:00;09/03/2018;ESTATUTARIO;8098,34;;8098,34;1886,03;6212,31;
ROBERTA FERREIRA NAZARETH ALAGIA;FUND.DERM.TROP.VEN.ALFRED.MATA;MEDICO ESPECIALISTA;; 20:00;29/05/1996;ESTATUTARIO;11489,37;;11489,37;3155,98;8333,39;
ROBERTO PINELA PALHETA;FUND.DERM.TROP.VEN.ALFRED.MATA;AGENTE ADM.-AGA-T.S.N.A.-H;; 30:00;24/11/1977;ESTATUTARIO;3456,86;;3456,86;350,84;3106,02;
RODOLFO KENNEDY PALHETA DA SILVA;FUND.DERM.TROP.VEN.ALFRED.MATA;TECNICO DE PATOLOGIA CLINICA A;TEC. PATOL. CLINICA; 20:00;01/03/2000;ESTATUTARIO;3585,20;;3585,20;399,78;3185,42;
RODRIGO FERREIRA ANDRADE;FUND.DERM.TROP.VEN.ALFRED.MATA;ASSIST.ADMIN.-ASA-T.S.N.M.-A;SUBGERENTE; 30:00;01/01/2023;ESTATUTARIO;5859,78;;5859,78;732,65;5127,13;
ROGER NEVES DE ASSIS;FUND.DERM.TROP.VEN.ALFRED.MATA;PSICOLOGO-PSI-P.S.N.S.-A;SUBGERENTE; 30:00;04/06/2009;ESTATUTARIO;8611,93;;8611,93;2131,53;6480,40;
ROGERIO NOGUEIRA DE CAMARGOS;FUND.DERM.TROP.VEN.ALF.DA MATA;CONTADOR-CON-T.S.N.S.-A;; 40:00;29/12/2016;ESTATUTARIO;6163,04;;6163,04;1383,29;4779,75;
ROMULO DE OLIVEIRA SANTIAGO;FUND.DERM.TROP.VEN.ALFRED.MATA;MOTORISTA-MOT-T.S.N.A.-A;; 30:00;06/03/2018;ESTATUTARIO;3006,72;;3006,72;336,94;2669,78;
RONALDO DE FREITAS DAMASCENO;FUND.DERM.TROP.VEN.ALFRED.MATA;FARMACEUTICO;FARMACEUTICO; 30:00;01/03/2000;ESTATUTARIO;8098,34;;8098,34;1938,17;6160,17;
ROSA BATISTA CORREA;FUND.DERM.TROP.VEN.ALFRED.MATA;MEDICO ESPECIALISTA;MEDICA ESPECIALISTA; 20:00;30/05/2008;ESTATUTARIO;10430,35;;10430,35;2760,12;7670,23;
ROSANA FERREIRA LOPES;FUND.DERM.TROP.VEN.ALFRED.MATA;TEC. EM REGISTRO DE SAUDE 3A CLASSE;SUBGERENTE; 30:00;16/03/1987;ESTATUTARIO;7154,09;;7154,09;1208,68;5945,41;
ROSEMERE LIMA BENTES GATO;FUND.DERM.TROP.VEN.ALF.DA MATA;TEC. DE ENFERMAGEM-TEN-P.S.N.M.-A;; 30:00;27/03/2018;ESTATUTARIO;3270,63;;3270,63;373,89;2896,74;
ROSSILENE CONCEICAO DA SILVA CRUZ;FUND.DERM.TROP.VEN.ALF.DA MATA;MEDICO MESTRE;; 20:00;05/10/1984;ESTATUTARIO;13222,30;;13222,30;4019,92;9202,38;
ROZILDA PEREIRA DA COSTA;FUND.DERM.TROP.VEN.ALFRED.MATA;TEC.DE PAT.CLINICA-TPC-P.S.N.M.-D;; 30:00;01/02/1979;ESTATUTARIO;3973,36;;3973,36;603,41;3369,95;
SAMUEL RUFINO DA SILVA;FUND.DERM.TROP.VEN.ALF.DA MATA;ASSIST.ADMIN.-ASA-T.S.N.M.-A;SUBGERENTE; 30:00;15/03/2018;ESTATUTARIO;5859,78;;5859,78;732,65;5127,13;
SANDRA VALERIA SILVA DE GOUVEIA;FUND.DERM.TROP.VEN.ALFRED.MATA;AGENTE ADM.-AGA-T.S.N.A.-G;; 30:00;01/05/1986;ESTATUTARIO;3435,37;;3435,37;362,85;3072,52;
SARAH DE SOUZA LIMA;FUND.DERM.TROP.VEN.ALF.DA MATA;ASSIST.SOC.ASS-P.S.N.S.-CL.A;; 30:00;09/01/2017;ESTATUTARIO;8098,34;;8098,34;1938,17;6160,17;
SILMARA NAVARRO PENNINI;FUND.DERM.TROP.VEN.ALFRED.MATA;MEDICO MESTRE;CHEFE DE DEPARTAMENT; 20:00;18/04/1990;ESTATUTARIO;15067,04;;15067,04;4318,50;10748,54;
SILVIA MACEDO DA SILVA;FUND.DERM.TROP.VEN.ALF.DA MATA;TEC.DE PAT.CLINICA-TPC-P.S.N.M.-A;; 20:00;01/03/2018;ESTATUTARIO;2670,63;;2670,63;373,89;2296,74;
SILVIA MACEDO DA SILVA;FUND.DERM.TROP.VEN.ALFRED.MATA;TECNICO DE PATOLOGIA CLINICA A;; 20:00;01/03/2000;ESTATUTARIO;3270,63;;3270,63;373,89;2896,74;
SILVIA ROCHA NAKAJIMA;FUND.DERM.TROP.VEN.ALF.DA MATA;MEDICO ESPECIALISTA;; 20:00;09/05/2016;ESTATUTARIO;10959,04;;10959,04;2789,15;8169,89;
SIMONE CAROL LOPES FERREIRA TAVARES;FUND.DERM.TROP.VEN.ALFRED.MATA;TEC.DE NIV.SUP.-COMUNICACAO SOCIAL;; 30:00;04/06/2009;ESTATUTARIO;7081,29;;7081,29;1503,11;5578,18;
SINESIO TALHARI;FUND.DERM.TROP.VEN.ALFRED.MATA;CHEFE DE DEPARTAMENTO;CHEFE DE DEPARTAMENT; 40:00;01/01/2023;CARGO COMISSION.S/VINCULO;5700,30;;5700,30;979,40;4720,90;
SIRLEY MARTINS DE OLIVEIRA;FUND.DERM.TROP.VEN.ALFRED.MATA;TECNICO DE NIVEL SUPERIOR;CHEFE DE GABINETE; 30:00;03/10/2005;ESTATUTARIO;12988,67;;12988,67;3179,77;9808,90;
SOLANGE GONCALVES KANEKO;FUND.DERM.TROP.VEN.ALFRED.MATA;ASSIST.SOC.ASS-P.S.N.S.-CL.A;ASSIST.SOCIAL; 30:00;27/08/2008;ESTATUTARIO;7498,34;;7498,34;1938,17;5560,17;
SOLEDAD COUTO VALLE BORBOREMA;FUND.DERM.TROP.VEN.ALFRED.MATA;MEDICO ESPECIALISTA;; 20:00;15/07/1996;ESTATUTARIO;10696,19;;10696,19;2857,93;7838,26;
SUELY FERREIRA DA SILVA;FUND.DERM.TROP.VEN.ALFRED.MATA;ASSISTENTE TECNICO A;ASSESSOR III; 30:00;30/03/1990;ESTATUTARIO;6636,21;;6636,21;1002,67;5633,54;
SUZANE DA SILVA LEMOS;FUND.DERM.TROP.VEN.ALF.DA MATA;AGENTE ADM.-AGA-T.S.N.A.-E;; 30:00;19/12/2019;ESTATUTARIO;2705,69;;2705,69;294,80;2410,89;
TAMYRES BARBOSA DE LIMA;FUND.DERM.TROP.VEN.ALFRED.MATA;AGENTE ADM.-AGA-T.S.N.A.-E;SUBGERENTE; 30:00;13/11/2023;ESTATUTARIO;6905,69;;6905,69;1163,70;5741,99;
TATIANA DE MELO BARBOSA;FUND.DERM.TROP.VEN.ALFRED.MATA;AGENTE ADM.-AGA-T.S.N.A.-E;; 30:00;26/09/2018;ESTATUTARIO;2705,69;;2705,69;294,80;2410,89;
TATIANA PEREIRA NAZARE VIEIRA;FUND.DERM.TROP.VEN.ALF.DA MATA;TEC. DE ENFERMAGEM-TEN-P.S.N.M.-A;; 30:00;01/03/2018;ESTATUTARIO;3270,63;;3270,63;373,89;2896,74;
TEREZA VASCONCELOS MOTA;FUND.DERM.TROP.VEN.ALFRED.MATA;ENFERMEIRO-ENF-P.S.N.S.-A;ENFERMEIRA; 30:00;30/05/2008;ESTATUTARIO;8887,47;;8887,47;2155,18;6732,29;
THAISE MARA DA SILVA BARROS;FUND.DERM.TROP.VEN.ALF.DA MATA;AGENTE ADM.-AGA-T.S.N.A.-E;; 30:00;16/03/2018;ESTATUTARIO;2705,69;;2705,69;294,80;2410,89;
THAYS DANIELLY DE ALMEIDA ALVES;FUND.DERM.TROP.VEN.ALF.DA MATA;AGENTE ADM.-AGA-T.S.N.A.-E;SUBGERENTE; 30:00;01/03/2018;ESTATUTARIO;5705,69;;5705,69;640,20;5065,49;
THIAGO MONTENEGRO DA SILVA;FUND.DERM.TROP.VEN.ALF.DA MATA;MEDICO ESPECIALISTA;; 20:00;18/01/2017;ESTATUTARIO;10300,35;;10300,35;2712,28;7588,07;
THIELLE DA CRUZ DOS SANTOS;FUND.DERM.TROP.VEN.ALF.DA MATA;FARMAC.BIOQ. -FAB-P.S.N.S.-A;; 20:00;29/05/2018;ESTATUTARIO;8887,47;;8887,47;2155,18;6732,29;
UBIRATAN CRUZ DA SILVA;FUND.DERM.TROP.VEN.ALFRED.MATA;AGENTE ADM.-AGA-T.S.N.A.-E;; 30:00;19/09/2018;ESTATUTARIO;2705,69;;2705,69;294,80;2410,89;
VALCIMAR NASCIMENTO DA SILVEIRA;FUND.DERM.TROP.VEN.ALFRED.MATA;GERENTE;GERENTE; 40:00;01/01/2023;CARGO COMISSION.S/VINCULO;4693,27;;4693,27;647,35;4045,92;
VALDERIZA LOURENCO PEDROSA;FUND.DERM.TROP.VEN.ALFRED.MATA;ASSIST.SOC.ASS-P.S.N.S.-CL.C;CHEFE DE DEPARTAMENT; 30:00;16/03/1987;ESTATUTARIO;14779,64;;14779,64;3946,17;10833,47;
VALDINEI MENDONCA SANTAREM;FUND.DERM.TROP.VEN.ALFRED.MATA;TECNICO DE PATOLOGIA CLINICA A;TEC.DE PATOL.CLINICA; 20:00;01/03/2000;ESTATUTARIO;3270,63;;3270,63;373,89;2896,74;
VANESSA CRISTIELE TAVARES DE FREITA;FUND.DERM.TROP.VEN.ALF.DA MATA;TEC.DE PAT.CLINICA-TPC-P.S.N.M.-A;; 20:00;27/03/2018;ESTATUTARIO;3585,20;;3585,20;399,78;3185,42;
VANIA LUCIA SAMPAIO;FUND.DERM.TROP.VEN.ALFRED.MATA;TEC.DE PAT.CLINICA-TPC-P.S.N.M.-C;; 30:00;16/03/1987;ESTATUTARIO;4416,57;;4416,57;559,36;3857,21;
WALDEIZA DA COSTA PASSOS;FUND.DERM.TROP.VEN.ALFRED.MATA;AUXILIAR DE ENFERMAGEM A;; 30:00;13/06/1986;ESTATUTARIO;3277,67;;3277,67;374,87;2902,80;
WALDEMARA VASCONCELOS GOMES;FUND.DERM.TROP.VEN.ALFRED.MATA;TEC.DE PAT.CLINICA-TPC-P.S.N.M.-B;GERENTE; 30:00;13/11/1997;ESTATUTARIO;7551,83;;7551,83;1294,85;6256,98;
WALDEMARA VASCONCELOS GOMES;FUND.DERM.TROP.VEN.ALFRED.MATA;TEC.DE PAT.CLINICA-TPC-P.S.N.M.-A;TEC PATOL.CLINICA; 30:00;03/10/2005;ESTATUTARIO;2811,40;;2811,40;406,46;2404,94;
WALID ALI MUSA SALEH;FUND.DERM.TROP.VEN.ALFRED.MATA;FARMACEUTICO BIOQUIMICO A;FARMACEUTICO BIOQ.; 20:00;01/03/2000;ESTATUTARIO;7498,34;;7498,34;1833,89;5664,45;
WILLIAM ANTUNES FERREIRA;FUND.DERM.TROP.VEN.ALFRED.MATA;FARMAC.BIOQ. -FAB-P.S.N.S.-B;; 20:00;15/07/1996;ESTATUTARIO;8983,87;;8983,87;2497,47;6486,40;
YAMA MAYURA ALVES DE SOUSA;FUND.DERM.TROP.VEN.ALFRED.MATA;FARMACEUTICO-FAR-P.S.N.S.-A;SUBGERENTE; 30:00;07/03/2006;ESTATUTARIO;11786,04;;11786,04;3022,09;8763,95;
YONE MARQUES AVELINO;FUND.DERM.TROP.VEN.ALF.DA MATA;TEC. DE ENFERMAGEM-TEN-P.S.N.M.-A;; 30:00;12/03/2018;ESTATUTARIO;3270,63;;3270,63;373,89;2896,74;
ZULEMA ABENSUR LIMA;FUND.DERM.TROP.VEN.ALFRED.MATA;AGENTE ADM.-AGA-T.S.N.A.-G;; 30:00;30/03/1990;ESTATUTARIO;3087,17;;3087,17;348,20;2738,97;
