NOME;LOTACAO;CARGO;FUNCAO;VINCULO;REMUNERACAO LEGAL TOTAL(R$);DESC.TETO(R$); REMUNERACAO LEGAL DEVIDA(R$);DESCONTOS LEGAIS(R$);LIQUIDO DISPONIVEL(R$);
ADALBERTO AROUCA REIS;FUND.DERM.TROP.VEN.ALFRED.MATA;TEC.DE PAT.CLINICA-TPC-P.S.N.M.-A;; ESTATUTARIO;3163,48;;3163,48;381,43;2782,05;
ADRIANA ANDRADE RAPOSO;FUND.DERM.TROP.VEN.ALFRED.MATA;MEDICO ESPECIALISTA;; ESTATUTARIO;9499,00;;9499,00;2652,67;6846,33;
ADRIANO PLACIDO DA ROCHA SOBRAL;FUND.DERM.TROP.VEN.ALF.DA MATA;AGENTE ADM.-AGA-T.S.N.A.-E;; ESTATUTARIO;2621,21;;2621,21;282,97;2338,24;
AGLIMAR COSTA BARRONCAS;FUND.DERM.TROP.VEN.ALFRED.MATA;AUXILIAR DE ENFERMAGEM A;; ESTATUTARIO;2776,98;;2776,98;304,78;2472,20;
ALESSANDRA MARIA MOURA S SOUZA;FUND.DERM.TROP.VEN.ALFRED.MATA;GERENTE;GERENTE AD-2; CARGO COMISSION.S/VINCULO;4693,27;;4693,27;669,94;4023,33;
ALESSANDRA MARQUES NASCIMENTO;FUND.DERM.TROP.VEN.ALF.DA MATA;AGENTE ADM.-AGA-T.S.N.A.-E;GERENTE; ESTATUTARIO;6621,21;;6621,21;939,49;5681,72;
ALEXANDRA DE FREITAS COSTA;FUND.DERM.TROP.VEN.ALFRED.MATA;TECNICO DE SAUDE EM DERMATOLOGIA;GERENTE; ESTATUTARIO;6298,59;;6298,59;971,66;5326,93;
ALFREDO VIDAL DA SILVA JUNIOR;FUND.DERM.TROP.VEN.ALF.DA MATA;AGENTE ADM.-AGA-T.S.N.A.-E;SUBGERENTE; ESTATUTARIO;5621,21;;5621,21;716,63;4904,58;
ALINE BASILICE CIPRIANO GUERREIRO;FUND.DERM.TROP.VEN.ALF.DA MATA;ENFERMEIRO-ENF-P.S.N.S.-A;; ESTATUTARIO;10196,64;;10196,64;2500,26;7696,38;
ALVARO LUIS BRANDAO DE FREITAS;FUND.DERM.TROP.VEN.ALFRED.MATA;TECNICO EM DERMAT SANITARIA;; ESTATUTARIO;4385,97;;4385,97;580,60;3805,37;
AMANDA COSTA DA SILVA;FUND.DERM.TROP.VEN.ALFRED.MATA;AUXILIAR DE ENFERMAGEM A;AUX. DE ENFERMAGEM; ESTATUTARIO;2362,34;;2362,34;316,30;2046,04;
AMAURI DAMASCENO PASSOS;FUND.DERM.TROP.VEN.ALFRED.MATA;TECNICO EM DERMAT SANITARIA;; ESTATUTARIO;3616,79;;3616,79;474,13;3142,66;
ANA CELIA DA SILVA MOURA;FUND.DERM.TROP.VEN.ALFRED.MATA;FARMACEUTICO;FARMACEUTICO; ESTATUTARIO;9096,08;;9096,08;2247,64;6848,44;
ANA CLAUDIA ARAUJO LOPES CHAVES CAM;FUND.DERM.TROP.VEN.ALFRED.MATA;ENFERMEIRO-ENF-P.S.N.S.-B;ENFERMEIRA; ESTATUTARIO;8871,59;;8871,59;2244,89;6626,70;
ANA CRISTINA DE LIMA MIRANDA;FUND.DERM.TROP.VEN.ALFRED.MATA;TECNICO DE PATOLOGIA CLINICA A;TEC. PATOL. CLINICA; ESTATUTARIO;3486,29;;3486,29;405,65;3080,64;
ANA CRISTINA MEZA BATAGINI;FUND.DERM.TROP.VEN.ALFRED.MATA;CIR.DENT.-CCRD-P.S.N.S.-A;CIRURGIAO DENTISTA; ESTATUTARIO;7797,48;;7797,48;1840,49;5956,99;
ANA LUCIA ALVES DE MESQUITA;FUND.DERM.TROP.VEN.ALFRED.MATA;TECNICO DE SAUDE EM DERMATOLOGIA;; ESTATUTARIO;3298,59;;3298,59;409,06;2889,53;
ANA VERONICA MATIAS P DAMASCENO;FUND.DERM.TROP.VEN.ALFRED.MATA;TEC.DE PAT.CLINICA-TPC-P.S.N.M.-A;TEC. PATOLOGIA; ESTATUTARIO;3486,29;;3486,29;391,43;3094,86;
ANDRE LUIZ LETURIONDO;FUND.DERM.TROP.VEN.ALFRED.MATA;FARMACEUTICO BIOQUIMICO A;FARMAC. BIOQUIMICO; ESTATUTARIO;8290,46;;8290,46;2026,10;6264,36;
ANDRE LUIZ LETURIONDO;FUND.DERM.TROP.VEN.ALF.DA MATA;FARMAC.BIOQ. -FAB-P.S.N.S.-A;FARMAC. BIOQUIMICO; ESTATUTARIO;7789,06;;7789,06;2063,22;5725,84;
ANDREZA TELES GUIMARAES;FUND.DERM.TROP.VEN.ALFRED.MATA;AUXILIAR DE ENFERMAGEM A;AUX. DE ENFERMAGEM; ESTATUTARIO;2776,98;;2776,98;304,78;2472,20;
ANIZE MARLY SIMOES;FUND.DERM.TROP.VEN.ALFRED.MATA;COPEIRO A;; ESTATUTARIO;2229,06;;2229,06;312,07;1916,99;
ANTONIO CLOVES CARVALHO DE MOURA;FUND.DERM.TROP.VEN.ALF.DA MATA;TEC. DE ENFERMAGEM-TEN-P.S.N.M.-A;; ESTATUTARIO;2563,48;;2563,48;381,43;2182,05;
ARIANA SARMENTO DA CUNHA LEAO;FUND.DERM.TROP.VEN.ALF.DA MATA;AGENTE ADM.-AGA-T.S.N.A.-E;; ESTATUTARIO;2621,21;;2621,21;282,97;2338,24;
ARINILDA DA SILVA PRADO MARTINHO;FUND.DERM.TROP.VEN.ALFRED.MATA;AUXILIAR DE ENFERMAGEM;AUX. DE ENFERMAGEM; ESTATUTARIO;2962,34;;2962,34;316,30;2646,04;
ARNOLDO ARAUJO DOS SANTOS;FUND.DERM.TROP.VEN.ALFRED.MATA;ASSESSOR I;ASSESSOR I; CARGO COMISSION.S/VINCULO;5700,30;;5700,30;995,21;4705,09;
BEATRIZ COSTA CARDOSO;FUND.DERM.TROP.VEN.ALFRED.MATA;MEDICO RESIDENTE;; RESIDENTE;5306,09;;5306,09;569,03;4737,06;
BENIVALDA DOS SANTOS DOLZANE;FUND.DERM.TROP.VEN.ALFRED.MATA;TECNICO DE SAUDE EM DERMATOLOGIA;; ESTATUTARIO;3298,59;;3298,59;409,06;2889,53;
BENJAMIN PERPETUO DE SOUZA FILHO;FUND.DERM.TROP.VEN.ALFRED.MATA;ASSIST. DA ADM. AUXILIAR 2A CLASSE;; ESTATUTARIO;3007,61;;3007,61;337,07;2670,54;
CAIO AUGUSTO MASCARENHAS DIAS;FUND.DERM.TROP.VEN.ALFRED.MATA;ASSESSOR I;ASSESSOR I; CARGO COMISSION.S/VINCULO;5700,30;;5700,30;952,55;4747,75;
CAMILA GURGEL DOS SANTOS DA SILVA;FUND.DERM.TROP.VEN.ALFRED.MATA;FARMAC.BIOQ. -FAB-P.S.N.S.-A;; ESTATUTARIO;8389,06;;8389,06;2063,22;6325,84;
CARLA ANTONIA NAZARETH JAIME;FUND.DERM.TROP.VEN.ALFRED.MATA;CIR.DENT.-CCRD-P.S.N.S.-A;CIRUGIAO DENTISTA; ESTATUTARIO;11076,79;;11076,79;2705,03;8371,76;
CARLA BARROS DA ROCHA RIBAS;FUND.DERM.TROP.VEN.ALFRED.MATA;MEDICO MESTRE;; ESTATUTARIO;12179,09;;12179,09;3647,76;8531,33;
CARLOS ALBERTO CASTRO BARROS;FUND.DERM.TROP.VEN.ALFRED.MATA;ENFERMEIRO-ENF-P.S.N.S.-A;GERENTE; ESTATUTARIO;12631,98;;12631,98;3254,68;9377,30;
CARLOS ALBERTO CHIRANO RODRIGUES;FUND.DERM.TROP.VEN.ALFRED.MATA;MEDICO ESPECIALISTA;DIRETOR PRESIDENTE; ESTATUTARIO;20256,11;4448,88;15807,23;4246,33;11560,90;
CAROLINA CHRUSCIAK TALHARI CORTEZ;FUND.DERM.TROP.VEN.ALF.DA MATA;PESQUISADOR TIT.-PET-P.S.N.S.-A;; ESTATUTARIO;9375,03;;9375,03;2382,30;6992,73;
CELILIA DE LIMA BORGES;FUND.DERM.TROP.VEN.ALFRED.MATA;ENFERMEIRO-ENF-P.S.N.S.-A;; ESTATUTARIO;8088,47;;8088,47;1950,05;6138,42;
CHRISTIAN SILVA DE SOUZA;FUND.DERM.TROP.VEN.ALF.DA MATA;AGENTE ADM.-AGA-T.S.N.A.-E;SUBGERENTE; ESTATUTARIO;5621,21;;5621,21;716,63;4904,58;
CIRLENE DE AZEVEDO ARAUJO;FUND.DERM.TROP.VEN.ALF.DA MATA;AGENTE ADM.-AGA-T.S.N.A.-E;SUBGERENTE; ESTATUTARIO;10821,21;;10821,21;2311,63;8509,58;
CIRO GUIMARÃES MOTA;FUND.DERM.TROP.VEN.ALFRED.MATA;ASSESSOR III;ASSESSOR III; CARGO COMISSION.S/VINCULO;3086,94;;3086,94;114,79;2972,15;
CLAUDIA MARINA PUGA OLIVEIRA ANTONY;FUND.DERM.TROP.VEN.ALFRED.MATA;MEDICO ESPECIALISTA;; ESTATUTARIO;9911,14;;9911,14;2531,41;7379,73;
CLAUDIA REGINA DE SOUSA CUNHA;FUND.DERM.TROP.VEN.ALFRED.MATA;TECNICO DE PATOLOGIA CLINICA A;TEC. PATOL. CLINICA; ESTATUTARIO;3486,29;;3486,29;405,65;3080,64;
CLAUDIA ZANARDO ALVES DA GRACA;FUND.DERM.TROP.VEN.ALFRED.MATA;MEDICO ESPECIALISTA;; ESTATUTARIO;9911,14;;9911,14;2583,55;7327,59;
CLEIBY ANDRADE DOS SANTOS;FUND.DERM.TROP.VEN.ALFRED.MATA;TECNICO EM PATOLOGIA CLINICA;TEC. PATOL. CLINICA; ESTATUTARIO;3163,48;;3163,48;381,43;2782,05;
CLEOCINEIDE MESSIAS DA SILVA;FUND.DERM.TROP.VEN.ALFRED.MATA;TEC. EM REGISTRO DE SAUDE 3A CLASSE;; ESTATUTARIO;2994,68;;2994,68;469,62;2525,06;
CYNTHIA DE OLIVEIRA FERREIRA;FUND.DERM.TROP.VEN.ALFRED.MATA;FARMAC.BIOQ. -FAB-P.S.N.S.-A;SUBGERENTE; ESTATUTARIO;11389,06;;11389,06;2888,22;8500,84;
DANIELA FROTA DE SOUZA;FUND.DERM.TROP.VEN.ALFRED.MATA;MEDICO ESPECIALISTA;MED GENERALISTA; ESTATUTARIO;10768,18;;10768,18;2904,62;7863,56;
DANIELLA GOMES DE MORAES;FUND.DERM.TROP.VEN.ALF.DA MATA;TEC.DE PAT.CLINICA-TPC-P.S.N.M.-A;; ESTATUTARIO;3486,29;;3486,29;405,65;3080,64;
DANIELLE CRISTINE WESTPHAL;FUND.DERM.TROP.VEN.ALFRED.MATA;MEDICO ESPECIALISTA;; ESTATUTARIO;9911,14;;9911,14;2583,55;7327,59;
DANILO NEVES DE OLIVEIRA;FUND.DERM.TROP.VEN.ALFRED.MATA;TECNICO DE SAUDE EM DERMATOLOGIA;; ESTATUTARIO;3486,29;;3486,29;405,65;3080,64;
DAYSE DE OLIVEIRA BRILHANTE;FUND.DERM.TROP.VEN.ALF.DA MATA;AGENTE ADM.-AGA-T.S.N.A.-E;; ESTATUTARIO;2021,21;;2021,21;;2021,21;
DEBORA CRISTINA DE LIMA FERNANDES;FUND.DERM.TROP.VEN.ALF.DA MATA;FARMACEUTICO-FAR-P.S.N.S.-A;SUBGERENTE; ESTATUTARIO;10797,48;;10797,48;2665,49;8131,99;
DENISE HARIANNE FERREIRA SIMOES;FUND.DERM.TROP.VEN.ALF.DA MATA;ENFERMEIRO-ENF-P.S.N.S.-A;; ESTATUTARIO;7797,48;;7797,48;1840,49;5956,99;
DIANA MARA DOS SANTOS GOMES PEREIRA;FUND.DERM.TROP.VEN.ALF.DA MATA;TEC. DE ENFERMAGEM-TEN-P.S.N.M.-A;; ESTATUTARIO;3163,48;;3163,48;381,43;2782,05;
DIRCE MARIANNE LIRA DE SERRA;FUND.DERM.TROP.VEN.ALFRED.MATA;AGENTE ADM.-AGA-T.S.N.A.-G;; ESTATUTARIO;3320,71;;3320,71;370,69;2950,02;
DOUGLAS SOUZA DE MOURA;FUND.DERM.TROP.VEN.ALFRED.MATA;SUBGERENTE;SUBGERENTE; CARGO COMISSION.S/VINCULO;3686,94;;3686,94;408,54;3278,40;
EDIVALDO LOPES BARROSO;FUND.DERM.TROP.VEN.ALFRED.MATA;OPERADOR DE MANUTENCAO E APO;OPE DE MANUT APOIO; ESTATUTARIO;2604,44;;2604,44;280,62;2323,82;
EDIVAR DOS SANTOS FERNANDES FILHO;FUND.DERM.TROP.VEN.ALFRED.MATA;FARMAC.BIOQ. -FAB-P.S.N.S.-D;; ESTATUTARIO;10914,27;;10914,27;3239,86;7674,41;
EDVALDA LIRA DE ALMEIDA CABRAL;FUND.DERM.TROP.VEN.ALF.DA MATA;SUBGERENTE;SUBGERENTE; CARGO COMISSION.S/VINCULO;3686,94;;3686,94;408,54;3278,40;
ELAINE DA SILVA BRASIL PAIVA;FUND.DERM.TROP.VEN.ALFRED.MATA;AUXILIAR DE ENFERMAGEM A;AUX. DE ENFERMAGEM; ESTATUTARIO;3111,62;;3111,62;327,49;2784,13;
ELBIO CORREA ROLA;FUND.DERM.TROP.VEN.ALFRED.MATA;TECNICO EM DERMAT SANITARIA;; ESTATUTARIO;3773,56;;3773,56;494,21;3279,35;
ELEADE DE OLIVEIRA FALCAO SOARES;FUND.DERM.TROP.VEN.ALFRED.MATA;TEC.DE PAT.CLINICA-TPC-P.S.N.M.-A;; ESTATUTARIO;2563,48;;2563,48;381,43;2182,05;
ELEADE DE OLIVEIRA FALCAO SOARES;FUND.DERM.TROP.VEN.ALFRED.MATA;TEC.DE PAT.CLINICA-TPC-P.S.N.M.-A;TEC.PAT.CLINICA; ESTATUTARIO;3163,48;;3163,48;381,43;2782,05;
ELIANA MARIA OLIVEIRA DA CAMARA;FUND.DERM.TROP.VEN.ALF.DA MATA;FISIOTERAPEUTA-FIS-P.S.N.S.-A;; ESTATUTARIO;7797,48;;7797,48;1840,49;5956,99;
ELIANE DOS SANTOS BRANDAO;FUND.DERM.TROP.VEN.ALF.DA MATA;ENFERMEIRO-ENF-P.S.N.S.-A;GERENTE; ESTATUTARIO;15529,97;;15529,97;3966,93;11563,04;
ELIENE CANTO DUARTE;FUND.DERM.TROP.VEN.ALFRED.MATA;FARMACEUTICO-FAR-P.S.N.S.-A;FARMACEUTICO; ESTATUTARIO;11454,25;;11454,25;2941,84;8512,41;
ELOILDO CLAUDIO DA COSTA;FUND.DERM.TROP.VEN.ALF.DA MATA;TEC. DE ENFERMAGEM-TEN-P.S.N.M.-A;; ESTATUTARIO;3163,48;;3163,48;381,43;2782,05;
ELZENIR DA SILVA GOMES;FUND.DERM.TROP.VEN.ALFRED.MATA;AUXILIAR DE SERVICOS GERAIS;; ESTATUTARIO;3301,45;;3301,45;366,69;2934,76;
EUCILENE PEREIRA DE LIMA;FUND.DERM.TROP.VEN.ALF.DA MATA;TEC. DE ENFERMAGEM-TEN-P.S.N.M.-A;; ESTATUTARIO;3163,48;;3163,48;381,43;2782,05;
EZEQUIAS GOMES SICSU;FUND.DERM.TROP.VEN.ALF.DA MATA;AGENTE ADM.-AGA-T.S.N.A.-E;; ESTATUTARIO;2621,21;;2621,21;282,97;2338,24;
FANIA JEAN NAZARE PEREIRA;FUND.DERM.TROP.VEN.ALF.DA MATA;TEC. DE ENFERMAGEM-TEN-P.S.N.M.-A;; ESTATUTARIO;3163,48;;3163,48;381,43;2782,05;
FERNANDA QUEIROZ DE LIMA;FUND.DERM.TROP.VEN.ALFRED.MATA;TECNICO DE SAUDE EM DERMATOLOGIA;; ESTATUTARIO;2563,48;;2563,48;381,43;2182,05;
FLAVIA DE JESUS PADILHA;FUND.DERM.TROP.VEN.ALF.DA MATA;MEDICO ESPECIALISTA;; ESTATUTARIO;13014,85;;13014,85;3437,07;9577,78;
FLAVIA MARIA ANDRADE DE FIGUEIREDO;FUND.DERM.TROP.VEN.ALFRED.MATA;SUBGERENTE;; CARGO COMISSION.S/VINCULO;600,23;;600,23;;600,23;
FLAVIANO DA SILVA OLIVEIRA;FUND.DERM.TROP.VEN.ALFRED.MATA;MEDICO ESPECIALISTA;; ESTATUTARIO;11426,05;;11426,05;3147,81;8278,24;
FRANCINETHE MIRANDA SEIXAS;FUND.DERM.TROP.VEN.ALFRED.MATA;ASSESSOR III;ASSESSOR III AD-3; CARGO COMISSION.S/VINCULO;3686,94;;3686,94;408,54;3278,40;
FRANCISCO ESMERINDO LOPES DE OLIVEI;FUND.DERM.TROP.VEN.ALF.DA MATA;TEC. DE ENFERMAGEM-TEN-P.S.N.M.-A;; ESTATUTARIO;3163,48;;3163,48;381,43;2782,05;
FRANCISCO WESLLEY COUTO DOS SANTOS;FUND.DERM.TROP.VEN.ALFRED.MATA;ASSIST.ADMIN.-ASA-T.S.N.M.-A;; ESTATUTARIO;2769,12;;2769,12;303,68;2465,44;
FRANQUEL FIGUEIREDO DE BRITO;FUND.DERM.TROP.VEN.ALF.DA MATA;AGENTE ADM.-AGA-T.S.N.A.-E;ASSESSOR III; ESTATUTARIO;5621,21;;5621,21;716,63;4904,58;
GEYSE GLEYSE DA COSTA G OLIVEIRA;FUND.DERM.TROP.VEN.ALF.DA MATA;FARMACEUTICO-FAR-P.S.N.S.-A;; ESTATUTARIO;9456,08;;9456,08;2247,64;7208,44;
GILMEIRE NAPOLEAO SABOGAL;FUND.DERM.TROP.VEN.ALFRED.MATA;ENFERMEIRO-ENF-P.S.N.S.-A;; ESTATUTARIO;7797,48;;7797,48;1840,49;5956,99;
GISELE COLARES SALES DE OLIVEIRA;FUND.DERM.TROP.VEN.ALF.DA MATA;MEDICO ESPECIALISTA;; ESTATUTARIO;9911,14;;9911,14;2583,55;7327,59;
GISELLY DA COSTA LEAL;FUND.DERM.TROP.VEN.ALF.DA MATA;AGENTE ADM.-AGA-T.S.N.A.-E;; ESTATUTARIO;2621,21;;2621,21;282,97;2338,24;
GUSTAVO AVILA MAQUINE;FUND.DERM.TROP.VEN.ALF.DA MATA;MEDICO ESPECIALISTA;; ESTATUTARIO;12414,85;;12414,85;3437,07;8977,78;
HELIANA JAMILE DOS SANTOS BRANDAO;FUND.DERM.TROP.VEN.ALF.DA MATA;AGENTE ADM.-AGA-T.S.N.A.-E;; ESTATUTARIO;3294,95;;3294,95;321,07;2973,88;
HELOISA HELENA SANTANA XAUD REIS;FUND.DERM.TROP.VEN.ALFRED.MATA;PSICOLOGO-PSI-P.S.N.S.-B;ASSESSOR I - AD1; ESTATUTARIO;9320,23;;9320,23;2067,43;7252,80;
HERCULANO GONCALVES DE SOUZA;FUND.DERM.TROP.VEN.ALFRED.MATA;MOTORISTA-MOT-T.S.N.A.-C;SUBGERENTE AD3; ESTATUTARIO;3352,91;;3352,91;420,17;2932,74;
HUMBERTO SANTOS DA SILVA;FUND.DERM.TROP.VEN.ALFRED.MATA;OPER.MAN.E APOIO-OMA-T.S.N.A-A;; ESTATUTARIO;2604,44;;2604,44;280,62;2323,82;
IANE CRISTINA DE OLIVEIRA FERREIRA;FUND.DERM.TROP.VEN.ALFRED.MATA;AUXILIAR DE ENFERMAGEM A;; ESTATUTARIO;3023,65;;3023,65;352,84;2670,81;
IAUATA FIRMO DA SILVA;FUND.DERM.TROP.VEN.ALF.DA MATA;PROGRAMADOR-PRO-T.S.N.M.-A;GERENTE; ESTATUTARIO;6769,12;;6769,12;1047,32;5721,80;
IEDA LUCIA SANTOS MAGNO;FUND.DERM.TROP.VEN.ALF.DA MATA;MEDICO RESIDENTE;; RESIDENTE;4706,09;;4706,09;485,03;4221,06;
IGOR ARGUELLES LEAO;FUND.DERM.TROP.VEN.ALFRED.MATA;TECNICO-TEC-T.S.N.S.-A;SUBGERENTE; ESTATUTARIO;9022,77;;9022,77;1945,18;7077,59;
IONE DA SILVA FREIRE;FUND.DERM.TROP.VEN.ALFRED.MATA;ASSIST.SOC.ASS-P.S.N.S.-CL.B;; ESTATUTARIO;9717,83;;9717,83;2489,45;7228,38;
ISABEL CRISTINA LIMA ENCARNACAO;FUND.DERM.TROP.VEN.ALFRED.MATA;MEDICO ESPECIALISTA;MEDICA ESPECIALISTA; ESTATUTARIO;10832,84;;10832,84;3087,41;7745,43;
ISABELLE LOUISE DA C L FIGUEIREDO;FUND.DERM.TROP.VEN.ALFRED.MATA;MEDICO RESIDENTE;; RESIDENTE;4706,09;;4706,09;485,03;4221,06;
ISABELLE NOBREGA DE OLIVEIRA;FUND.DERM.TROP.VEN.ALFRED.MATA;FISIOTERAPEUTA;; ESTATUTARIO;8290,46;;8290,46;2026,10;6264,36;
ISY PEIXOTO FIGUEIREDO;FUND.DERM.TROP.VEN.ALFRED.MATA;MEDICO ESPECIALISTA;; ESTATUTARIO;9311,14;;9311,14;2583,55;6727,59;
ITAMAR SALES BEZERRA DE MENEZES;FUND.DERM.TROP.VEN.ALF.DA MATA;ASSIST.ADMIN.-ASA-T.S.N.M.-A;; ESTATUTARIO;2769,12;;2769,12;303,68;2465,44;
IVETE DE BRITO DA SILVEIRA;FUND.DERM.TROP.VEN.ALFRED.MATA;ASSIST. DA ADM. AUXILIAR 1A CLASSE;ASSESSOR III - AD3; ESTATUTARIO;3468,39;;3468,39;398,17;3070,22;
IZAIAS GOMES DA SILVA JUNIOR;FUND.DERM.TROP.VEN.ALFRED.MATA;MEDICO RESIDENTE;; RESIDENTE;5306,09;;5306,09;569,03;4737,06;
JACKELINE DE SOUZA MAXIMO;FUND.DERM.TROP.VEN.ALF.DA MATA;CONTADOR-CON-T.S.N.S.-A;GERENTE; ESTATUTARIO;17756,10;;17756,10;6247,73;11508,37;
JACQUELINE DE ALMEIDA GONCALVES SAC;FUND.DERM.TROP.VEN.ALF.DA MATA;ENFERMEIRO-ENF-P.S.N.S.-A;; ESTATUTARIO;8487,65;;8487,65;2100,34;6387,31;
JAIME CAVALCANTE DE CARVALHO;FUND.DERM.TROP.VEN.ALFRED.MATA;TECNICO EM DERMAT SANITARIA;; ESTATUTARIO;4022,39;;4022,39;472,72;3549,67;
JAIRO DE SOUZA GOMES;FUND.DERM.TROP.VEN.ALFRED.MATA;TEC.DE PAT.CLINICA-TPC-P.S.N.M.-C;; ESTATUTARIO;3867,49;;3867,49;491,69;3375,80;
JAMES MOURA DE SOUZA;FUND.DERM.TROP.VEN.ALFRED.MATA;AUXILIAR DE SAUDE;; ESTATUTARIO;3152,57;;3152,57;362,50;2790,07;
JAMILE IZAN LOPES PALHETA JUNIOR;FUND.DERM.TROP.VEN.ALFRED.MATA;AGENTE ADMINISTRATIVO A - N.B.;GERENTE; ESTATUTARIO;6621,21;;6621,21;991,63;5629,58;
JANE MARIA PIMENTEL DE FARIA;FUND.DERM.TROP.VEN.ALFRED.MATA;AGENTE ADM.-AGA-T.S.N.A.-H;ASSESSOR I AD-1; ESTATUTARIO;2744,68;;2744,68;374,84;2369,84;
JANETE QUEIROZ MORAES;FUND.DERM.TROP.VEN.ALFRED.MATA;TECNICO EM DERMAT SANITARIA;; ESTATUTARIO;4956,65;;4956,65;669,04;4287,61;
JAQUELINE DA SILVA MENDES;FUND.DERM.TROP.VEN.ALFRED.MATA;SUBGERENTE;SUBGERENTE; CARGO COMISSION.S/VINCULO;3686,94;;3686,94;408,54;3278,40;
JEANE MATOS MARANHAO;FUND.DERM.TROP.VEN.ALFRED.MATA;ASSESSOR III;ASSESSOR III; CARGO COMISSION.S/VINCULO;3686,94;;3686,94;408,54;3278,40;
JEORGIO CLAUDINO PEREIRA SANTOS;FUND.DERM.TROP.VEN.ALF.DA MATA;ASSIST.ADMIN.-ASA-T.S.N.M.-A;; ESTATUTARIO;3492,16;;3492,16;355,02;3137,14;
JOAO CATARINO DA SILVA DUTRA JUNIOR;FUND.DERM.TROP.VEN.ALFRED.MATA;MEDICO ESPECIALISTA;MEDICO; ESTATUTARIO;9911,14;;9911,14;2583,55;7327,59;
JOCELINA BENITA COSTA DE OLIVEIRA;FUND.DERM.TROP.VEN.ALF.DA MATA;TEC. DE ENFERMAGEM-TEN-P.S.N.M.-A;; ESTATUTARIO;3163,48;;3163,48;381,43;2782,05;
JOCLIMAR CORREA MOURAO;FUND.DERM.TROP.VEN.ALFRED.MATA;AUXILIAR ADMINISTRATIVO;SUBGERENTE AD3; ESTATUTARIO;2621,21;;2621,21;282,97;2338,24;
JONISMAR FREITAS COSTA;FUND.DERM.TROP.VEN.ALFRED.MATA;AUXILIAR DE SAUDE;; ESTATUTARIO;3107,07;;3107,07;350,99;2756,08;
JORGE ALBERTO RODRIGUES DE OLIVEIRA;FUND.DERM.TROP.VEN.ALFRED.MATA;TECNICO DE PATOLOGIA CLINICA A;TEC. PATOL. CLINICA; ESTATUTARIO;4017,97;;4017,97;462,95;3555,02;
JORGE CASTRO BARROS;FUND.DERM.TROP.VEN.ALF.DA MATA;TECNICO EM DERMAT SANITARIA;ASSESSOR III - AD3; ESTATUTARIO;3616,79;;3616,79;474,13;3142,66;
JORGE EWERTON DOS SANTOS SALES;FUND.DERM.TROP.VEN.ALFRED.MATA;FARMAC.BIOQ. -FAB-P.S.N.S.-A;; ESTATUTARIO;10386,61;;10386,61;2514,82;7871,79;
JOSE ANSELMO DOS SANTOS FERREIRA;FUND.DERM.TROP.VEN.ALF.DA MATA;MOTORISTA-MOT-T.S.N.A.-D;; ESTATUTARIO;3374,65;;3374,65;424,62;2950,03;
JOSE LUSIRAN DA SILVA;FUND.DERM.TROP.VEN.ALF.DA MATA;OPERADOR DE MAQUINA REPOGRAFICA;; ESTATUTARIO;3437,96;;3437,96;379,24;3058,72;
JOSE YRANIR DO NASCIMENTO;FUND.DERM.TROP.VEN.ALFRED.MATA;TECNICO EM DERMAT SANITARIA;CHEFE DEPT.-AD1; ESTATUTARIO;3594,68;;3594,68;469,62;3125,06;
JOSIAS CORREIA DE FREITAS;FUND.DERM.TROP.VEN.ALFRED.MATA;TECNICO DE SAUDE EM DERMATOLOGIA;; ESTATUTARIO;4106,07;;4106,07;484,03;3622,04;
JULIO CESAR LIMA SAMPAIO;FUND.DERM.TROP.VEN.ALFRED.MATA;TECNICO DE NIVEL SUPERIOR;; ESTATUTARIO;5677,73;;5677,73;1268,30;4409,43;
KANANDA KESYE SOUSA NUNES;FUND.DERM.TROP.VEN.ALF.DA MATA;MEDICO RESIDENTE;; RESIDENTE;4706,09;;4706,09;485,03;4221,06;
KARIM TABHADA LOPEZ DE OLIVEIRA;FUND.DERM.TROP.VEN.ALFRED.MATA;PSICOLOGO-PSI-P.S.N.S.-A;ASSESSOR I; ESTATUTARIO;13290,46;;13290,46;3348,96;9941,50;
LAIRTON CAVALCANTE LIMA;FUND.DERM.TROP.VEN.ALFRED.MATA;AGENTE ADM.-AGA-T.S.N.A.-H;; ESTATUTARIO;3007,61;;3007,61;349,56;2658,05;
LANIA MARIA MESTRINHO DE OLIVEIRA;FUND.DERM.TROP.VEN.ALFRED.MATA;TECNICO DE INFORMATICA;SUBGERENTE AD-3; ESTATUTARIO;2769,12;;2769,12;303,68;2465,44;
LEUDA CARNEIRO DE SOUZA;FUND.DERM.TROP.VEN.ALFRED.MATA;TECNICO DE SAUDE EM DERMATOLOGIA;TEC.SAUDE DERMAT; ESTATUTARIO;2698,59;;2698,59;409,06;2289,53;
LIANA HORTENCIA MIRANDA T MATHIAS;FUND.DERM.TROP.VEN.ALFRED.MATA;MEDICO ESPECIALISTA;MEDICO; ESTATUTARIO;9911,14;;9911,14;2583,55;7327,59;
LIDIA MARIA VALE DE MATOS;FUND.DERM.TROP.VEN.ALFRED.MATA;ASSIST.SOC.ASS-P.S.N.S.-CL.A;ASS SOCIAL; ESTATUTARIO;9397,17;;9397,17;2365,11;7032,06;
LILIA DE OLIVEIRA ROY;FUND.DERM.TROP.VEN.ALF.DA MATA;MEDICO ESPECIALISTA;; ESTATUTARIO;9911,14;;9911,14;2583,55;7327,59;
LINDINALVA BRAGA VIEIRA;FUND.DERM.TROP.VEN.ALFRED.MATA;ASSIST.SOC.ASS-P.S.N.S.-CL.A;ASSISTENTE SOCIAL; ESTATUTARIO;8631,98;;8631,98;2154,68;6477,30;
LINEIA BORGES TOSCANO;FUND.DERM.TROP.VEN.ALFRED.MATA;ENFERMEIRO;CHEFE DE DEPARTAMENT; ESTATUTARIO;7197,48;;7197,48;1840,49;5356,99;
LINEIA BORGES TOSCANO;FUND.DERM.TROP.VEN.ALFRED.MATA;ENFERMEIRO-ENF-P.S.N.S.-A;CHEFE DE DEPARTAMENT; ESTATUTARIO;13088,47;;13088,47;3325,05;9763,42;
LISIANE MACHADO CONTENTE NOGUEIRA;FUND.DERM.TROP.VEN.ALF.DA MATA;MEDICO ESPECIALISTA;; ESTATUTARIO;9911,14;;9911,14;2583,55;7327,59;
LUCILIA DE FATIMA SANTANA JARDIM;FUND.DERM.TROP.VEN.ALFRED.MATA;ENFERMEIRO-ENF-P.S.N.S.-B;; ESTATUTARIO;7800,23;;7800,23;2067,43;5732,80;
LUCIO FIGUEIRA PIMENTEL;FUND.DERM.TROP.VEN.ALFRED.MATA;FARMACEUTICO-FAR-P.S.N.S.-A;SUBGERENTE; ESTATUTARIO;11740,69;;11740,69;3020,61;8720,08;
MANOEL JOAQUIM BERNARDES RABELO;FUND.DERM.TROP.VEN.ALF.DA MATA;TECNICO 1A CLASSE;ASSESSOR III; ESTATUTARIO;6515,75;;6515,75;1357,92;5157,83;
MARCUS VINICIUS MONTEIRO ALVES;FUND.DERM.TROP.VEN.ALFRED.MATA;FISIOTERAPEUTA-FIS-P.S.N.S.-D;; ESTATUTARIO;12171,90;;12171,90;3343,22;8828,68;
MARIA CARMELIA DE LIMA ALMEIDA;FUND.DERM.TROP.VEN.ALFRED.MATA;ASSIST. DA ADM. AUXILIAR 2A CLASSE;ASSESSOR III AD3; ESTATUTARIO;4117,22;;4117,22;457,13;3660,09;
MARIA CELIA PEREIRA CEZARIO;FUND.DERM.TROP.VEN.ALFRED.MATA;TECNICO DE SAUDE EM DERMATOLOGIA;SUBGERENTE; ESTATUTARIO;6163,48;;6163,48;920,79;5242,69;
MARIA CILENE DIAS DA COSTA;FUND.DERM.TROP.VEN.ALFRED.MATA;AUXILIAR DE ENFERMAGEM A;AUX. DE ENFERMAGEM; ESTATUTARIO;2776,98;;2776,98;304,78;2472,20;
MARIA DA ESPERANCA PERDIGAO LIMA;FUND.DERM.TROP.VEN.ALF.DA MATA;ASSESSOR III;ASSESSOR III; CARGO COMISSION.S/VINCULO;3686,94;;3686,94;408,54;3278,40;
MARIA DAS GRACAS PEREIRA DE SOUSA;FUND.DERM.TROP.VEN.ALFRED.MATA;FARMAC.BIOQ. -FAB-P.S.N.S.-A;; ESTATUTARIO;8725,86;;8725,86;2110,25;6615,61;
MARIA DAS GRACAS VALE B GUERRA;FUND.DERM.TROP.VEN.ALFRED.MATA;PESQUISADOR INIC.-PEI-P.S.N.S.-A;DIRETOR DE ENSINO E; ESTATUTARIO;17845,66;;17845,66;4801,48;13044,18;
MARIA DE JESUS VIEIRA DOS SANTOS;FUND.DERM.TROP.VEN.ALF.DA MATA;AUXILIAR DE SAUDE;; ESTATUTARIO;3720,72;;3720,72;432,92;3287,80;
MARIA DO SOCORRO DE SOUSA CUNHA;FUND.DERM.TROP.VEN.ALFRED.MATA;TEC.DE PAT.CLINICA-TPC-P.S.N.M.-C;; ESTATUTARIO;4556,53;;4556,53;709,50;3847,03;
MARIA DO SOCORRO DIAS DE SOUZA LELI;FUND.DERM.TROP.VEN.ALF.DA MATA;FARMAC.BIOQ. -FAB-P.S.N.S.-A;; ESTATUTARIO;7797,48;;7797,48;1840,49;5956,99;
MARIA DORENILDA ARAUJO LOPES;FUND.DERM.TROP.VEN.ALFRED.MATA;TECNICO DE SAUDE EM DERMATOLOGIA;TEC DAUDE EM DERM; ESTATUTARIO;3163,48;;3163,48;381,43;2782,05;
MARIA GEDALVA DA SILVA COSTA;FUND.DERM.TROP.VEN.ALFRED.MATA;AUXILIAR ADMINISTRATIVO;AUX DE ADM; ESTATUTARIO;2621,21;;2621,21;282,97;2338,24;
MARIA IANE SANTOS DA SILVA;FUND.DERM.TROP.VEN.ALFRED.MATA;TECNICO DE PATOLOGIA CLINICA A;TEC. PATOL. CLINICA; ESTATUTARIO;3486,29;;3486,29;405,65;3080,64;
MARIA INEZ MELO DA CUNHA;FUND.DERM.TROP.VEN.ALFRED.MATA;ASSIST.ADMIN.-ASA-T.S.N.M.-A;; ESTATUTARIO;2769,12;;2769,12;303,68;2465,44;
MARIA LEIDE BARBOSA PINTO;FUND.DERM.TROP.VEN.ALF.DA MATA;AGENTE ADM.-AGA-T.S.N.A.-G;CHEFE DE DEPARTAMENT; ESTATUTARIO;8395,68;;8395,68;1471,23;6924,45;
MARIA MARLICE MAR NUNES;FUND.DERM.TROP.VEN.ALFRED.MATA;AUXILIAR DE ENFERMAGEM A;; ESTATUTARIO;3023,65;;3023,65;350,42;2673,23;
MARIA NESIONEIA RODRIGUES CORREA;FUND.DERM.TROP.VEN.ALF.DA MATA;TEC.DE PAT.CLINICA-TPC-P.S.N.M.-A;; ESTATUTARIO;2563,48;;2563,48;381,43;2182,05;
MARIA NESIONEIA RODRIGUES CORREA;FUND.DERM.TROP.VEN.ALFRED.MATA;TEC.DE PAT.CLINICA-TPC-P.S.N.M.-A;TEC DE PATOLOGIA; ESTATUTARIO;3229,55;;3229,55;394,95;2834,60;
MARIA NIZA VILAS BOAS CONCEICAO;FUND.DERM.TROP.VEN.ALFRED.MATA;TECNICO DE SAUDE EM DERMATOLOGIA;TEC.SAUDE EM DERMAT.; ESTATUTARIO;2563,48;;2563,48;381,43;2182,05;
MARIA SALETE BAHIA MARQUES;FUND.DERM.TROP.VEN.ALFRED.MATA;CONTADOR-CON-T.S.N.S.-B;SUBGERENTE; ESTATUTARIO;9351,03;;9351,03;2140,05;7210,98;
MARIA SENA DE CASTRO;FUND.DERM.TROP.VEN.ALF.DA MATA;ASSIST. DA ADM. AUXILIAR 2A CLASSE;; ESTATUTARIO;3395,87;;3395,87;384,49;3011,38;
MARIA TEREZA COSTA DA ROCHA;FUND.DERM.TROP.VEN.ALF.DA MATA;AGENTE ADM.-AGA-T.S.N.A.-E;; ESTATUTARIO;2621,21;;2621,21;282,97;2338,24;
MATHIAS GAMA DE AGUIAR FERREIRA;FUND.DERM.TROP.VEN.ALFRED.MATA;MEDICO RESIDENTE;; RESIDENTE;4706,09;;4706,09;485,03;4221,06;
MIGUEL DE JESUS QUEIROS DE P JUNIOR;FUND.DERM.TROP.VEN.ALF.DA MATA;AGENTE ADM.-AGA-T.S.N.A.-E;; ESTATUTARIO;2621,21;;2621,21;282,97;2338,24;
MINERVINA CARDOSO DE OLIVEIRA;FUND.DERM.TROP.VEN.ALF.DA MATA;CHEFE DE DEPARTAMENTO;CHEFE DE DEPARTAMENT; CARGO COMISSION.S/VINCULO;5700,30;;5700,30;995,21;4705,09;
MONICA NUNES DE SOUZA SANTOS;FUND.DERM.TROP.VEN.ALFRED.MATA;MEDICO DOUTOR;DIR.ENSINO PESQUISA; ESTATUTARIO;13079,35;;13079,35;3980,30;9099,05;
MONICA SALES MOREIRA DE SOUZA;FUND.DERM.TROP.VEN.ALF.DA MATA;DIRETOR ADMINISTRATIVO E FINANCEIRO;DIRETOR ADMINISTRATI; CARGO COMISSION.S/VINCULO;9600,00;;9600,00;2241,62;7358,38;
MONICA VASCONCELOS GUIMARAES;FUND.DERM.TROP.VEN.ALFRED.MATA;FARMAC.BIOQ. -FAB-P.S.N.S.-B;; ESTATUTARIO;8400,23;;8400,23;2067,43;6332,80;
NADIA NEY SOUSA DOS SANTOS;FUND.DERM.TROP.VEN.ALF.DA MATA;GERENTE;GERENTE; CARGO COMISSION.S/VINCULO;4693,27;;4693,27;669,94;4023,33;
NADIA SOCORRO NOGUEIRA PIMENTEL;FUND.DERM.TROP.VEN.ALFRED.MATA;ENFERMEIRO-ENF-P.S.N.S.-A;GERENTE AD2; ESTATUTARIO;11309,31;;11309,31;2890,95;8418,36;
NADYA FERNANDES PICANCO LOPES;FUND.DERM.TROP.VEN.ALFRED.MATA;MEDICO ESPECIALISTA;; ESTATUTARIO;10114,82;;10114,82;2880,61;7234,21;
NAGILA MARILIA RAMOS DE FARIAS ALBU;FUND.DERM.TROP.VEN.ALF.DA MATA;TEC. DE ENFERMAGEM-TEN-P.S.N.M.-A;; ESTATUTARIO;3163,48;;3163,48;;3163,48;
NATALIA DE CASTRO LOUREIRO;FUND.DERM.TROP.VEN.ALFRED.MATA;PSICOLOGO A;; ESTATUTARIO;8290,46;;8290,46;2026,10;6264,36;
NATHALIE DE CASSIA FARIAS OLIVEIRA;FUND.DERM.TROP.VEN.ALF.DA MATA;TEC. DE ENFERMAGEM-TEN-P.S.N.M.-A;; ESTATUTARIO;3486,29;;3486,29;405,65;3080,64;
OCIREMA MELLO DA ROCHA;FUND.DERM.TROP.VEN.ALFRED.MATA;AUXILIAR DE ENFERMAGEM A;AUX. ENFERMAGEM; ESTATUTARIO;2776,98;;2776,98;304,78;2472,20;
ORANGE DA SILVA BATISTA;FUND.DERM.TROP.VEN.ALF.DA MATA;TEC. DE ENFERMAGEM-TEN-P.S.N.M.-A;; ESTATUTARIO;3163,48;;3163,48;381,43;2782,05;
PAOLA RENATA MELO DE SOUZA;FUND.DERM.TROP.VEN.ALF.DA MATA;ASSIST.ADMIN.-ASA-T.S.N.M.-A;SUBGERENTE; ESTATUTARIO;7492,16;;7492,16;1246,15;6246,01;
PATRICIA MOTTA DE MORAIS;FUND.DERM.TROP.VEN.ALFRED.MATA;MEDICO MESTRE;; ESTATUTARIO;11517,19;;11517,19;3403,14;8114,05;
PATRICK SUELL DA COSTA RIBEIRO;FUND.DERM.TROP.VEN.ALF.DA MATA;MOTORISTA-MOT-T.S.N.A.-A;; ESTATUTARIO;2910,15;;2910,15;323,42;2586,73;
PAULA FRASSINETTI BESSA REBELLO;FUND.DERM.TROP.VEN.ALFRED.MATA;MEDICO MESTRE;; ESTATUTARIO;12268,04;;12268,04;3680,56;8587,48;
PAULO ANTONIO SILVA CONTENTE;FUND.DERM.TROP.VEN.ALFRED.MATA;MEDICO ESPECIALISTA;MEDICO; ESTATUTARIO;9911,14;;9911,14;2583,55;7327,59;
PAULO CHAVES MARTINS;FUND.DERM.TROP.VEN.ALFRED.MATA;PSICOLOGO-PSI-P.S.N.S.-A;ASSESSOR III; ESTATUTARIO;10939,96;;10939,96;2719,13;8220,83;
PAULO DAVID MORAES DE SOUZA;FUND.DERM.TROP.VEN.ALFRED.MATA;OPERADOR DE MANUTENCAO E APO;OPERADOR MANT.E APOI; ESTATUTARIO;2659,85;;2659,85;;2659,85;
PAULO ROSEMBERG GOES DA SILVA;FUND.DERM.TROP.VEN.ALF.DA MATA;AGENTE ADM.-AGA-T.S.N.A.-E;SUBGERENTE; ESTATUTARIO;10721,21;;10721,21;2066,99;8654,22;
PAULO TADEU CAVALCANTE SAIF;FUND.DERM.TROP.VEN.ALFRED.MATA;TEC.DE PAT.CLINICA-TPC-P.S.N.M.-D;; ESTATUTARIO;3953,61;;3953,61;515,75;3437,86;
RAFAELA DE ANDRADE FERREIRA;FUND.DERM.TROP.VEN.ALF.DA MATA;ENFERMEIRO-ENF-P.S.N.S.-A;; ESTATUTARIO;7797,48;;7797,48;1840,49;5956,99;
RAIMUNDO AUGUSTO CARVALHO DE AZEVED;FUND.DERM.TROP.VEN.ALFRED.MATA;AGENTE ADMINISTRATIVO A - N.B.;; ESTATUTARIO;2621,21;;2621,21;282,97;2338,24;
RAIMUNDO MOREIRA DE OLIVEIRA;FUND.DERM.TROP.VEN.ALFRED.MATA;ASSISTENTE TECNICO A;; ESTATUTARIO;4573,17;;4573,17;655,92;3917,25;
RAIMUNDO NONATO BARBOSA DA SILVA;FUND.DERM.TROP.VEN.ALFRED.MATA;AUXILIAR DE SAUDE 3A CLASSE;; ESTATUTARIO;3172,37;;3172,37;383,25;2789,12;
RAQUEL BAMOND REIS;FUND.DERM.TROP.VEN.ALF.DA MATA;GERENTE;GERENTE; CARGO COMISSION.S/VINCULO;4693,27;;4693,27;641,50;4051,77;
RAQUEL MARIA NAVARRO;FUND.DERM.TROP.VEN.ALF.DA MATA;PSICOLOGO-PSI-P.S.N.S.-A;; ESTATUTARIO;7690,46;;7690,46;2026,10;5664,36;
RAQUEL MARIA NAVARRO;FUND.DERM.TROP.VEN.ALF.DA MATA;PSICOLOGO-PSI-P.S.N.S.-A;; ESTATUTARIO;7797,48;;7797,48;1840,49;5956,99;
REJANE MAGALHAES PINTO DA SILVA;FUND.DERM.TROP.VEN.ALF.DA MATA;TEC.DE PAT.CLINICA-TPC-P.S.N.M.-A;; ESTATUTARIO;3163,48;;3163,48;381,43;2782,05;
RENATA ALMEIDA SCHETTINI COSTA;FUND.DERM.TROP.VEN.ALFRED.MATA;MEDICO ESPECIALISTA;; ESTATUTARIO;9911,14;;9911,14;2583,55;7327,59;
RENATO CANDIDO DA SILVA JUNIOR;FUND.DERM.TROP.VEN.ALFRED.MATA;MEDICO ESPECIALISTA;DIRETOR TECNICO; ESTATUTARIO;18011,14;;18011,14;4811,05;13200,09;
RICARDO VICTOR ARAUJO CAVALCANTE;FUND.DERM.TROP.VEN.ALF.DA MATA;MOTORISTA-MOT-T.S.N.A.-A;; ESTATUTARIO;2910,15;;2910,15;323,42;2586,73;
RITA MARIA VALCACIO NOGUEIRA;FUND.DERM.TROP.VEN.ALF.DA MATA;ASSIST.SOC.ASS-P.S.N.S.-CL.A;; ESTATUTARIO;7797,48;;7797,48;1840,49;5956,99;
ROBERTA FERREIRA NAZARETH ALAGIA;FUND.DERM.TROP.VEN.ALFRED.MATA;MEDICO ESPECIALISTA;; ESTATUTARIO;11052,46;;11052,46;3009,45;8043,01;
ROBERTO PINELA PALHETA;FUND.DERM.TROP.VEN.ALFRED.MATA;AGENTE ADM.-AGA-T.S.N.A.-H;; ESTATUTARIO;3344,68;;3344,68;337,07;3007,61;
RODOLFO KENNEDY PALHETA DA SILVA;FUND.DERM.TROP.VEN.ALFRED.MATA;TECNICO DE PATOLOGIA CLINICA A;TEC. PATOL. CLINICA; ESTATUTARIO;3486,29;;3486,29;405,65;3080,64;
RODRIGO FERREIRA ANDRADE;FUND.DERM.TROP.VEN.ALFRED.MATA;ASSIST.ADMIN.-ASA-T.S.N.M.-A;SUBGERENTE; ESTATUTARIO;5769,12;;5769,12;772,32;4996,80;
ROGER NEVES DE ASSIS;FUND.DERM.TROP.VEN.ALFRED.MATA;PSICOLOGO-PSI-P.S.N.S.-A;SUBGERENTE; ESTATUTARIO;8290,46;;8290,46;2026,10;6264,36;
ROGERIO NOGUEIRA DE CAMARGOS;FUND.DERM.TROP.VEN.ALF.DA MATA;CONTADOR-CON-T.S.N.S.-A;; ESTATUTARIO;7115,74;;7115,74;1379,12;5736,62;
ROMULO DE OLIVEIRA SANTIAGO;FUND.DERM.TROP.VEN.ALFRED.MATA;MOTORISTA-MOT-T.S.N.A.-A;; ESTATUTARIO;3680,20;;3680,20;387,38;3292,82;
RONALDO DE FREITAS DAMASCENO;FUND.DERM.TROP.VEN.ALFRED.MATA;FARMACEUTICO;FARMACEUTICO; ESTATUTARIO;7797,48;;7797,48;1840,49;5956,99;
ROSA BATISTA CORREA;FUND.DERM.TROP.VEN.ALFRED.MATA;MEDICO ESPECIALISTA;MEDICA ESPECIALISTA; ESTATUTARIO;10035,92;;10035,92;2629,46;7406,46;
ROSANA FERREIRA LOPES;FUND.DERM.TROP.VEN.ALFRED.MATA;TEC. EM REGISTRO DE SAUDE 3A CLASSE;SUBGERENTE; ESTATUTARIO;7013,94;;7013,94;1198,44;5815,50;
ROSEMERE LIMA BENTES GATO;FUND.DERM.TROP.VEN.ALF.DA MATA;TEC. DE ENFERMAGEM-TEN-P.S.N.M.-A;; ESTATUTARIO;3163,48;;3163,48;381,43;2782,05;
ROSSILENE CONCEICAO DA SILVA CRUZ;FUND.DERM.TROP.VEN.ALFRED.MATA;MEDICO MESTRE;; ESTATUTARIO;12313,05;;12313,05;3697,51;8615,54;
ROSSILENE CONCEICAO DA SILVA CRUZ;FUND.DERM.TROP.VEN.ALF.DA MATA;MEDICO MESTRE;; ESTATUTARIO;12525,14;;12525,14;3775,97;8749,17;
ROZILDA PEREIRA DA COSTA;FUND.DERM.TROP.VEN.ALFRED.MATA;TEC.DE PAT.CLINICA-TPC-P.S.N.M.-D;; ESTATUTARIO;3839,68;;3839,68;594,53;3245,15;
SAMUEL RUFINO DA SILVA;FUND.DERM.TROP.VEN.ALF.DA MATA;ASSIST.ADMIN.-ASA-T.S.N.M.-A;SUBGERENTE; ESTATUTARIO;5769,12;;5769,12;772,32;4996,80;
SANDRA REGINA SALES DE MENEZES AQUI;FUND.DERM.TROP.VEN.ALFRED.MATA;MEDICO MESTRE;; ESTATUTARIO;10939,67;;10939,67;3130,32;7809,35;
SANDRA VALERIA SILVA DE GOUVEIA;FUND.DERM.TROP.VEN.ALFRED.MATA;AGENTE ADM.-AGA-T.S.N.A.-G;; ESTATUTARIO;2989,53;;2989,53;345,86;2643,67;
SARAH DE SOUZA LIMA;FUND.DERM.TROP.VEN.ALF.DA MATA;ASSIST.SOC.ASS-P.S.N.S.-CL.A;; ESTATUTARIO;7197,48;;7197,48;1840,49;5356,99;
SILMARA NAVARRO PENNINI;FUND.DERM.TROP.VEN.ALFRED.MATA;MEDICO MESTRE;CHEFE DE DEPARTAMENT; ESTATUTARIO;18579,75;;18579,75;5251,28;13328,47;
SILVIA MACEDO DA SILVA;FUND.DERM.TROP.VEN.ALF.DA MATA;TEC.DE PAT.CLINICA-TPC-P.S.N.M.-A;; ESTATUTARIO;2563,48;;2563,48;381,43;2182,05;
SILVIA MACEDO DA SILVA;FUND.DERM.TROP.VEN.ALFRED.MATA;TECNICO DE PATOLOGIA CLINICA A;; ESTATUTARIO;3163,48;;3163,48;381,43;2782,05;
SILVIA ROCHA NAKAJIMA;FUND.DERM.TROP.VEN.ALF.DA MATA;MEDICO ESPECIALISTA;; ESTATUTARIO;9991,55;;9991,55;2666,39;7325,16;
SIMONE CAROL LOPES FERREIRA TAVARES;FUND.DERM.TROP.VEN.ALFRED.MATA;TEC.DE NIV.SUP.-COMUNICACAO SOCIAL;; ESTATUTARIO;6821,24;;6821,24;1420,80;5400,44;
SINESIO TALHARI;FUND.DERM.TROP.VEN.ALFRED.MATA;CHEFE DE DEPARTAMENTO;CHEFE DE DEPARTAMENT; CARGO COMISSION.S/VINCULO;5700,30;;5700,30;995,21;4705,09;
SIRLEY MARTINS DE OLIVEIRA;FUND.DERM.TROP.VEN.ALFRED.MATA;TECNICO DE NIVEL SUPERIOR;CHEFE DE GABINETE; ESTATUTARIO;12692,21;;12692,21;3043,45;9648,76;
SOLANGE GONCALVES KANEKO;FUND.DERM.TROP.VEN.ALFRED.MATA;ASSIST.SOC.ASS-P.S.N.S.-CL.A;ASSIST.SOCIAL; ESTATUTARIO;7197,48;;7197,48;1840,49;5356,99;
SOLEDAD COUTO VALLE BORBOREMA;FUND.DERM.TROP.VEN.ALFRED.MATA;MEDICO ESPECIALISTA;; ESTATUTARIO;9691,09;;9691,09;2723,35;6967,74;
SUELY BEZERRA GOMES;FUND.DERM.TROP.VEN.ALFRED.MATA;AUXILIAR DE ENFERMAGEM A;; ESTATUTARIO;2557,12;;2557,12;380,13;2176,99;
SUELY FERREIRA DA SILVA;FUND.DERM.TROP.VEN.ALFRED.MATA;ASSISTENTE TECNICO A;ASSESSOR III; ESTATUTARIO;6516,83;;6516,83;1017,47;5499,36;
SUZANE DA SILVA LEMOS;FUND.DERM.TROP.VEN.ALF.DA MATA;AGENTE ADM.-AGA-T.S.N.A.-E;; ESTATUTARIO;2621,21;;2621,21;282,97;2338,24;
TATIANA DA SILVA PORTELA;FUND.DERM.TROP.VEN.ALFRED.MATA;ASSESSOR I;ASSESSOR I; CARGO COMISSION.S/VINCULO;5700,30;;5700,30;952,55;4747,75;
TATIANA DE MELO BARBOSA;FUND.DERM.TROP.VEN.ALFRED.MATA;AGENTE ADM.-AGA-T.S.N.A.-E;ASSESSOR III; ESTATUTARIO;5621,21;;5621,21;716,63;4904,58;
TATIANA PEREIRA NAZARE VIEIRA;FUND.DERM.TROP.VEN.ALF.DA MATA;TEC. DE ENFERMAGEM-TEN-P.S.N.M.-A;; ESTATUTARIO;3163,48;;3163,48;381,43;2782,05;
TEREZA VASCONCELOS MOTA;FUND.DERM.TROP.VEN.ALFRED.MATA;ENFERMEIRO-ENF-P.S.N.S.-A;ENFERMEIRA; ESTATUTARIO;8603,10;;8603,10;2062,04;6541,06;
THAISE MARA DA SILVA BARROS;FUND.DERM.TROP.VEN.ALF.DA MATA;AGENTE ADM.-AGA-T.S.N.A.-E;; ESTATUTARIO;2621,21;;2621,21;282,97;2338,24;
THAYS DANIELLY DE ALMEIDA ALVES;FUND.DERM.TROP.VEN.ALF.DA MATA;AGENTE ADM.-AGA-T.S.N.A.-E;SUBGERENTE; ESTATUTARIO;5621,21;;5621,21;716,63;4904,58;
THEODOMIRO SANTOS DE OLIVEIRA;FUND.DERM.TROP.VEN.ALF.DA MATA;ASSISTENTE TECNICO;SUBGERENTE - AD3; ESTATUTARIO;3120,45;;3120,45;372,63;2747,82;
THIAGO MONTENEGRO DA SILVA;FUND.DERM.TROP.VEN.ALF.DA MATA;MEDICO ESPECIALISTA;; ESTATUTARIO;13014,85;;13014,85;3437,07;9577,78;
THIELLE DA CRUZ DOS SANTOS;FUND.DERM.TROP.VEN.ALF.DA MATA;FARMAC.BIOQ. -FAB-P.S.N.S.-A;; ESTATUTARIO;7797,48;;7797,48;1840,49;5956,99;
UBIRATAN CRUZ DA SILVA;FUND.DERM.TROP.VEN.ALFRED.MATA;AGENTE ADM.-AGA-T.S.N.A.-E;; ESTATUTARIO;3294,95;;3294,95;321,07;2973,88;
VALCIMAR NASCIMENTO DA SILVEIRA;FUND.DERM.TROP.VEN.ALFRED.MATA;GERENTE;GERENTE; CARGO COMISSION.S/VINCULO;4693,27;;4693,27;669,94;4023,33;
VALDERIZA LOURENCO PEDROSA;FUND.DERM.TROP.VEN.ALFRED.MATA;ASSIST.SOC.ASS-P.S.N.S.-CL.C;CHEFE DE DEPARTAMENT; ESTATUTARIO;14416,48;;14416,48;3825,05;10591,43;
VALDINEI MENDONCA SANTAREM;FUND.DERM.TROP.VEN.ALFRED.MATA;TECNICO DE PATOLOGIA CLINICA A;TEC.DE PATOL.CLINICA; ESTATUTARIO;3163,48;;3163,48;381,43;2782,05;
VANESSA CRISTIELE TAVARES DE FREITA;FUND.DERM.TROP.VEN.ALF.DA MATA;TEC.DE PAT.CLINICA-TPC-P.S.N.M.-A;; ESTATUTARIO;3163,48;;3163,48;381,43;2782,05;
VANIA LUCIA SAMPAIO;FUND.DERM.TROP.VEN.ALFRED.MATA;TEC.DE PAT.CLINICA-TPC-P.S.N.M.-C;; ESTATUTARIO;4286,75;;4286,75;554,58;3732,17;
WALDEIZA DA COSTA PASSOS;FUND.DERM.TROP.VEN.ALFRED.MATA;AUXILIAR DE ENFERMAGEM A;; ESTATUTARIO;3172,37;;3172,37;383,25;2789,12;
WALDEMARA VASCONCELOS GOMES;FUND.DERM.TROP.VEN.ALFRED.MATA;TEC.DE PAT.CLINICA-TPC-P.S.N.M.-B;GERENTE; ESTATUTARIO;7433,40;;7433,40;1297,42;6135,98;
WALDEMARA VASCONCELOS GOMES;FUND.DERM.TROP.VEN.ALFRED.MATA;TEC.DE PAT.CLINICA-TPC-P.S.N.M.-A;TEC PATOL.CLINICA; ESTATUTARIO;2698,59;;2698,59;409,06;2289,53;
WALID ALI MUSA SALEH;FUND.DERM.TROP.VEN.ALFRED.MATA;FARMACEUTICO BIOQUIMICO A;FARMACEUTICO BIOQ.; ESTATUTARIO;7797,48;;7797,48;1736,22;6061,26;
WILLIAM ANTUNES FERREIRA;FUND.DERM.TROP.VEN.ALFRED.MATA;FARMAC.BIOQ. -FAB-P.S.N.S.-C;; ESTATUTARIO;9063,67;;9063,67;2543,11;6520,56;
WILLIAM ANTUNES FERREIRA;FUND.DERM.TROP.VEN.ALFRED.MATA;FARMAC.BIOQ. -FAB-P.S.N.S.-B;; ESTATUTARIO;8623,40;;8623,40;2377,35;6246,05;
YAMA MAYURA ALVES DE SOUSA;FUND.DERM.TROP.VEN.ALFRED.MATA;FARMACEUTICO-FAR-P.S.N.S.-A;SUBGERENTE; ESTATUTARIO;15076,79;;15076,79;3909,30;11167,49;
YONE MARQUES AVELINO;FUND.DERM.TROP.VEN.ALF.DA MATA;TEC. DE ENFERMAGEM-TEN-P.S.N.M.-A;; ESTATUTARIO;3163,48;;3163,48;381,43;2782,05;
ZULEMA ABENSUR LIMA;FUND.DERM.TROP.VEN.ALFRED.MATA;AGENTE ADM.-AGA-T.S.N.A.-G;; ESTATUTARIO;2989,53;;2989,53;345,86;2643,67;
