NOME;LOTACAO;CARGO;FUNCAO;VINCULO;REMUNERACAO LEGAL TOTAL(R$);DESC.TETO(R$); REMUNERACAO LEGAL DEVIDA(R$);DESCONTOS LEGAIS(R$);LIQUIDO DISPONIVEL(R$);
ABNER SOUZA PAZ;SECAO DE EXPEDIENTE;GERENTE;GERENTE; CARGO COMISSION.S/VINCULO;4693,27;;4693,27;647,35;4045,92;
ADEMIR PINTO DOS SANTOS;CONSELHO DIRETOR;MEDICO MEDICINA TROPICAL;; ESTATUTARIO;9314,55;;9314,55;2348,32;6966,23;
AIDA DE SOUZA ROSAS;SETOR DE ENFERMARIA;TECNICO DE PATOLOGIA CLINICA A;; ESTATUTARIO;3163,48;;3163,48;275,15;2888,33;
ALBERTO DIAS DE FIGUEIREDO;SETOR DE ZELAD.VIG.TRANSPORTES;MOTORISTA-MOT-T.S.N.A.-A;MOTORISTA; ESTATUTARIO;3814,45;;3814,45;376,40;3438,05;
ALDERINA SILVANA DE SOUZA PEREIRA;SETOR DE REGISTRO E CONTROLE;AGENTE ADM.-AGA-T.S.N.A.-F;; ESTATUTARIO;2848,10;;2848,10;314,73;2533,37;
ALESSANDRA FERREIRA ALVES;SETOR DE PSIC.REABIL.E FISIOT.;FISIOTERAPEUTA-FIS-P.S.N.S.-A;; ESTATUTARIO;7797,48;;7797,48;1824,89;5972,59;
ALFREDO COIMBRA REICHL;SETOR DE RADIOTERAPIA;MEDICO ESPECIALISTA;; ESTATUTARIO;9911,14;;9911,14;2567,95;7343,19;
ALICIA NEVES NASCIMENTO;SAME;TELEFONISTA-TEL-T.S.N.A.-E;; ESTATUTARIO;2677,18;;2677,18;290,81;2386,37;
ANA CLAUDIA LAZAMETH BRASILEIRO;SERVICO DE RADIOTERAPIA;ENFERMEIRO-ENF-P.S.N.S.-A;; ESTATUTARIO;8457,59;;8457,59;2021,28;6436,31;
ANA CLAUDIA LEMOS DO NASCIMENTO;DIR.ADMINISTRATIVA-FINANCEIRA;AGENTE ADM.-AGA-T.S.N.A.-E;; ESTATUTARIO;2621,21;;2621,21;282,97;2338,24;
ANA ELIS GUIMARAES ARAUJO;SETOR DE ENFERMARIA;ENFERMEIRO-ENF-P.S.N.S.-A;; ESTATUTARIO;7797,48;;7797,48;1824,89;5972,59;
ANA LUIZA LOUREIRO GUERREIRO;MANDADO DE SEGURANCA;FISIOTERAPEUTA-FIS-P.S.N.S.-A;; ESTATUTARIO;7797,48;;7797,48;1824,89;5972,59;
ANA MARCIA PROGENIO DA SILVA CUNHA;SETOR DE PATOLOGIA CLINICA;TEC.DE PAT.CLINICA-TPC-P.S.N.M.-A;; ESTATUTARIO;2563,48;;2563,48;358,89;2204,59;
ANA MARIA PINA PAIVA;ASSESSORIA;ASSESSOR III;ASSESSOR III; CARGO COMISSION.S/VINCULO;3686,94;;3686,94;379,00;3307,94;
ANA ROSA VASQUES DE OLIVEIRA;SETOR DE PATOLOGIA CLINICA;TEC.DE PAT.CLINICA-TPC-P.S.N.M.-A;; ESTATUTARIO;3163,48;;3163,48;358,89;2804,59;
ANANIAS PEREIRA MARQUES;SETOR DE PATOLOGIA CLINICA;AUX.DE PATOL.CLIN.-APC-P.S.N.A.-A;; ESTATUTARIO;3042,40;;3042,40;341,94;2700,46;
ANDERSON FERREIRA GONCALVES;SETOR NEUROLOGICO;MEDICO ESPECIALISTA;MEDICO ESPECIALISTA; ESTATUTARIO;13181,23;;13181,23;3478,82;9702,41;
ANDRE CESAR GURGEL DE LIMA FERREIRA;SAME;ASSIST.ADMIN.-ASA-T.S.N.M.-A;; ESTATUTARIO;4745,51;;4745,51;312,03;4433,48;
ANDRE LUIS SALES DA COSTA;SERV.CLIN.MED.ONC.E APOIO TER.;PSICOLOGO-PSI-P.S.N.S.-A;; ESTATUTARIO;8290,46;;8290,46;2010,50;6279,96;
ANDRE LUIZ CAMPOS MANCINI;SERV.CLIN.MED.ONC.E APOIO TER.;MEDICO ESPECIALISTA;GERENTE; ESTATUTARIO;13911,14;;13911,14;3667,95;10243,19;
ANDRE LUIZ DOMINGUES;NUCLEO MEDICO-ASSISTENCIAL;MEDICO ESPECIALISTA;; ESTATUTARIO;9911,14;;9911,14;2567,95;7343,19;
ANDREA DE SOUZA BEZERRA;SETOR DE ENFERMARIA;TEC. DE ENFERMAGEM-TEN-P.S.N.M.-A;; ESTATUTARIO;3227,48;;3227,48;346,92;2880,56;
ANDREA LIMA DE SOUZA MARQUES;SETOR DE FARMACIA;FARMACEUTICO-FAR-P.S.N.S.-A;FARMACEUTICO; ESTATUTARIO;7939,96;;7939,96;1878,53;6061,43;
ANDREA PEREZ DE CASTRO;SERVICO COMPLEM.DE DIAGNOSTICO;TECNICO DE PATOLOGIA CLINICA A;TEC.DE PAT.CLINICA A; ESTATUTARIO;4017,97;;4017,97;418,91;3599,06;
ANDREIA RIBEIRO DA SILVA;SERVICO DE ENFERMAGEM;TEC. DE ENFERMAGEM-TEN-P.S.N.M.-A;TEC ENFERMAGEM; ESTATUTARIO;3454,63;;3454,63;415,75;3038,88;
ANDRESSA DOS SANTOS SIQUEIRA;SETOR DE PATOLOGIA CLINICA;TEC.DE PAT.CLINICA-TPC-P.S.N.M.-A;; ESTATUTARIO;3163,48;;3163,48;334,96;2828,52;
ANDREZA NUNES BEZERRA;SERVICO DE RADIOTERAPIA;TEC.DE RADIOTERAPIA-TER-P.S.N.M.-A;; ESTATUTARIO;3163,48;;3163,48;346,92;2816,56;
ANDREZZA DEZINCOURT DE OLIVEIRA;DIVISAO DE ADMINISTRACAO;TELEFONISTA-TEL-T.S.N.A.-E;; ESTATUTARIO;2677,18;;2677,18;242,34;2434,84;
ANGELA DA COSTA LINS;SETOR DE RADIOTERAPIA;TEC.DE RADIOTERAPIA-TER-P.S.N.M.-A;TEC EM RADIO TERAPIA; ESTATUTARIO;3229,55;;3229,55;368,14;2861,41;
ANGELA MARIA COELHO MOURA;SECAO DE SERVICOS GERAIS;AUX.DE SERV.GER.-ASG-T.S.N.A.-A;; ESTATUTARIO;2604,44;;2604,44;280,62;2323,82;
ANTONIA GILVA DA SILVA DO CASAL;SETOR DE FARMACIA;FARMACEUTICO-FAR-P.S.N.S.-A;; ESTATUTARIO;10196,64;;10196,64;2484,66;7711,98;
ANTONIA GRACIONY DANIEL SILVA;SECAO DE SERVICOS GERAIS;AUX.DE SERV.GER.-ASG-T.S.N.A.-A;; ESTATUTARIO;2604,44;;2604,44;280,62;2323,82;
ANTONIA LIMA ARAUJO;SETOR DE ENFERMARIA;AUXILIAR DE SAUDE 3A CLASSE;; ESTATUTARIO;2962,34;;2962,34;304,78;2657,56;
ANTONINA DE CASTRO PONTES;SERVICO DE ENFERMAGEM;TEC. DE ENFERMAGEM-TEN-P.S.N.M.-A;; ESTATUTARIO;3433,40;;3433,40;411,19;3022,21;
ANTONIO CARLOS BITENCOURT DA COSTA;SERVICO DE ENFERMAGEM;TEC. DE ENFERMAGEM-TEN-P.S.N.M.-A;TEC. DE ENFERMAGEM; ESTATUTARIO;3309,55;;3309,55;368,14;2941,41;
ANTONIO CARLOS DA SILVA;SETOR DE REGISTRO E CONTROLE;AGENTE ADM.-AGA-T.S.N.A.-F;; ESTATUTARIO;3283,85;;3283,85;329,60;2954,25;
ARLENE MACHADO DE SOUZA;SAME;ASSISTENTE TECNICO A;SUBGERENTE AD-3; ESTATUTARIO;6691,83;;6691,83;1024,79;5667,04;
ARTHENIZE RIAME PRAIA G C ARAUJO;SETOR DE ENFERMARIA;TEC. DE ENFERMAGEM-TEN-P.S.N.M.-A;; ESTATUTARIO;2563,48;;2563,48;;2563,48;
AUGUSTO GUILHERME DE A MARTINOT;SECAO DE SERVICOS GERAIS;ENGENHEIRO ELETR.-EEL-T.S.N.S.-A;; ESTATUTARIO;6022,77;;6022,77;1156,77;4866,00;
BARBARA FONSECA ABRAHIM;SETOR DE NUTRICAO E DIETETICA;GERENTE;GERENTE AD-2; CARGO COMISSION.S/VINCULO;4693,27;;4693,27;647,35;4045,92;
BARBARA SILVA DE OLIVEIRA BINDA;SETOR DE PATOLOGIA CLINICA;TEC.DE PAT.CLINICA-TPC-P.S.N.M.-A;; ESTATUTARIO;3195,48;;3195,48;358,89;2836,59;
BIANCA FARIAS DOS SANTOS;DIVISAO DE ADMINISTRACAO;ASSIST.ADMIN.-ASA-T.S.N.M.-A;; ESTATUTARIO;2769,12;;2769,12;293,55;2475,57;
BIANCA PAIVA MAIA PRIMO;SERVICO DE ENFERMAGEM;TEC. DE ENFERMAGEM-TEN-P.S.N.M.-A;; ESTATUTARIO;3229,55;;3229,55;368,14;2861,41;
BRUCE DIEGO LACERDA PEREIRA;SERVICO DE RADIOTERAPIA;TEC.DE RADIOTERAPIA-TER-P.S.N.M.-A;; ESTATUTARIO;3163,48;;3163,48;358,89;2804,59;
BRUNO DE SOUZA SILVA;DIVISAO DE ADMINISTRACAO;ASSIST.ADMIN.-ASA-T.S.N.M.-A;; ESTATUTARIO;2828,77;;2828,77;312,03;2516,74;
BRUNO FREIRE DE ALMEIDA;SETOR DE FARMACIA;AUX.DE FARMACIA-AFA-P.S.N.A.-A;; ESTATUTARIO;2776,98;;2776,98;294,62;2482,36;
BRUNO NAZARE NOGUEIRA;SAME;ASSIST.ADMIN.-ASA-T.S.N.M.-A;; ESTATUTARIO;2828,77;;2828,77;312,03;2516,74;
CARLA NATERCIA CABRAL DE OLIVEIRA;SETOR DE FARMACIA;FARMACEUTICO-FAR-P.S.N.S.-A;; ESTATUTARIO;10196,64;;10196,64;2484,66;7711,98;
CARLOS ALBERTO GUIMARAES;SETOR DE PATOLOGIA CLINICA;TEC.DE HISTOLOGIA-THI-P.S.N.M.-C;; ESTATUTARIO;4128,53;;4128,53;513,01;3615,52;
CARLOS VICTOR DA CUNHA URTIGA;SETOR DE PATOLOGIA CLINICA;GERENTE;NAO INFORMADO; CARGO COMISSION.S/VINCULO;4693,27;;4693,27;647,35;4045,92;
CAYO CESAR FERREIRA ALVES;SETOR DE ENDOSCOPIA;ASSIST.ADMIN.-ASA-T.S.N.M.-A;CHEFE DE DEPARTAMENT; ESTATUTARIO;7769,12;;7769,12;1245,03;6524,09;
CECILIA EMILY FERREIRA DE SOUZA;SETOR DE ENFERMARIA;TEC. DE ENFERMAGEM-TEN-P.S.N.M.-A;; ESTATUTARIO;3163,48;;3163,48;358,89;2804,59;
CECILIA OLIVEIRA DE CARVALHO;SETOR DE FARMACIA;FARMACEUTICO-FAR-P.S.N.S.-A;; ESTATUTARIO;10196,64;;10196,64;2484,66;7711,98;
CELINA DE JESUS GUIMARAES;SETOR DE FARMACIA;FARMACEUTICO-FAR-P.S.N.S.-A;FARMACEUTICO; ESTATUTARIO;8561,12;;8561,12;2112,40;6448,72;
CHRISTIANE MENDES COSTA;SETOR DE CITOPATOLOGIA;TEC.DE HISTOLOGIA-THI-P.S.N.M.-A;TEC.HISTOLOGIA; ESTATUTARIO;3433,40;;3433,40;411,19;3022,21;
CIBELE DE SOUSA MENEZES;SETOR DE BIBLIOTECA;BIBLIOTECARIO-BIB-T.S.N.S.-A;; ESTATUTARIO;7830,36;;7830,36;1653,80;6176,56;
CLAUDIA DE ARAUJO LIRA;SERVICO DE ENFERMAGEM;AGENTE ADM.-AGA-T.S.N.A.-G;; ESTATUTARIO;3067,27;;3067,27;345,42;2721,85;
CLAUDIA PATRICIA DA SILVA CHAVES;SETOR DE ANATOMIA PATOLOGICA;TEC.DE HISTOLOGIA-THI-P.S.N.M.-A;; ESTATUTARIO;3163,48;;3163,48;358,89;2804,59;
CLAUDIA RODRIGUES DE CASTRO SANTANA;SETOR DE ENFERMARIA;AUXILIAR DE ENFERMAGEM A;AUX. DE ENFERMAGEM A; ESTATUTARIO;3034,34;;3034,34;293,75;2740,59;
CLAUDINEIA DE PAULA CHINCKR;DIVISAO DE ADMINISTRACAO;RECEPCIONISTA-REC-T.S.N.A.-E;; ESTATUTARIO;2021,21;;2021,21;;2021,21;
CLECIO LEITE GOMES;SETOR DE PATOLOGIA CLINICA;TECNICO DE PATOLOGIA CLINICA A;; ESTATUTARIO;3219,48;;3219,48;358,89;2860,59;
CLEOPATRA MEDINA NORONHA AREOSA;SETOR DE CENTRO MEDICO;MEDICO DOUTOR;MEDICO ESPECIALISTA; ESTATUTARIO;14653,32;;14653,32;4323,59;10329,73;
CRISTIANE SILVEIRA LIMA;NUCLEO MEDICO-ASSISTENCIAL;MEDICO ESPECIALISTA;; ESTATUTARIO;9435,92;;9435,92;;9435,92;
CRISTIANO DE MOURA PEREIRA;SETOR DE IMAGENOLOGIA;TEC.DE RAD.MEDICA-TRM-P.S.N.M.-A;; ESTATUTARIO;3245,55;;3245,55;368,14;2877,41;
CRISTINA RIBEIRO LOPES;NUCLEO MEDICO-ASSISTENCIAL;TEC.DE PAT.CLINICA-TPC-P.S.N.M.-A;; ESTATUTARIO;3163,48;;3163,48;358,89;2804,59;
DAIANE FERREIRA DE OLIVEIRA;SERVICO COMPLEM.DE DIAGNOSTICO;TEC.DE HISTOLOGIA-THI-P.S.N.M.-A;; ESTATUTARIO;2100,82;;2100,82;368,14;1732,68;
DAMIANA CELESTE PONTES;SETOR DE ENFERMARIA;TEC.DE PAT.CLINICA-TPC-P.S.N.M.-D;; ESTATUTARIO;3704,68;;3704,68;402,76;3301,92;
DANGELA MARIA DOS SANTOS BARBOSA;SETOR DE IMAGENOLOGIA;TEC.DE RAD.MEDICA-TRM-P.S.N.M.-A;; ESTATUTARIO;3277,55;;3277,55;368,14;2909,41;
DANIEL DA SILVA GLORIA;SETOR DE PSIC.REABIL.E FISIOT.;FISIOTERAPEUTA-FIS-P.S.N.S.-A;; ESTATUTARIO;7797,48;;7797,48;1824,89;5972,59;
DANIEL FERREIRA DIAS;SECAO DE PESSOAL;ASSIST.ADMIN.-ASA-T.S.N.M.-A;; ESTATUTARIO;2828,77;;2828,77;312,03;2516,74;
DANIEL FREIRE NAKAMURA;SETOR DE AMBULATORIO;MEDICO ESPECIALISTA; MEDICO ESPECIALISTA; ESTATUTARIO;10035,92;;10035,92;2613,86;7422,06;
DANIEL MACEDO CARNEIRO;SETOR DE FARMACIA;ASSISTENTE TECNICO A;ASSIST. TECNICO; ESTATUTARIO;2908,77;;2908,77;312,03;2596,74;
DANIELE RODRIGUES CAMPOS;SETOR DE PATOLOGIA CLINICA;AUX.DE PATOL.CLIN.-APC-P.S.N.A.-A;; ESTATUTARIO;2901,65;;2901,65;225,56;2676,09;
DANIELLE GUIMARAES COELHO;DIVISAO DE ADMINISTRACAO;TELEFONISTA-TEL-T.S.N.A.-E;; ESTATUTARIO;2621,21;;2621,21;282,97;2338,24;
DELCIDIA DA SILVA ALMEIDA;SETOR DE ENFERMARIA;TEC. DE ENFERMAGEM-TEN-P.S.N.M.-A;; ESTATUTARIO;2563,48;;2563,48;;2563,48;
DENIZE AQUINO DE SOUZA;SETOR DE ENFERMARIA;TEC. DE ENFERMAGEM-TEN-P.S.N.M.-A;TEC DE ENFERMAGEM; ESTATUTARIO;3229,55;;3229,55;368,14;2861,41;
DENIZE DA SILVA CASTRO;SECAO DE MATERIAL E PATRIMONIO;ASSIST.ADMIN.-ASA-T.S.N.M.-A;; ESTATUTARIO;2769,12;;2769,12;293,55;2475,57;
DEUZA MARIA NOGUEIRA ROSARIO;SECAO DE ORCAMENTO E FINANCAS;TECNICO-TEC-T.S.N.S.-D;CHEFE DE DEPARTAMENT; ESTATUTARIO;13852,35;;13852,35;3494,19;10358,16;
DIANA NOGUEIRA DO NASCIMENTO;SETOR DE AMBULATORIO;MEDICO ESPECIALISTA;MED ESPECIALISTA; ESTATUTARIO;16857,98;;16857,98;2613,86;14244,12;
DIEGO DA SILVA FRONER;DIVISAO DE ADMINISTRACAO;BACHAREL EM COMP.-BQO-T.S.N.S.-A;; ESTATUTARIO;6147,51;;6147,51;1203,68;4943,83;
DIOGENES DE LIMA FRANCA;SETOR DE ENFERMARIA;TEC. DE ENFERMAGEM-TEN-P.S.N.M.-D;; ESTATUTARIO;3627,73;;3627,73;423,88;3203,85;
DIOMARA DE OLIVEIRA BEZERRA;SETOR DE ENFERMARIA;TEC. DE ENFERMAGEM-TEN-P.S.N.M.-A;; ESTATUTARIO;2648,03;;2648,03;301,54;2346,49;
DIRCE COSTA ONETY;SERVICO DE ENFERMAGEM;MEDICO ESPECIALISTA;MEDICO URGENTISTA; ESTATUTARIO;10035,92;;10035,92;2613,86;7422,06;
EDILANE PORTO DIAS;SETOR DE ENFERMARIA;ENFERMEIRO-ENF-P.S.N.S.-A;; ESTATUTARIO;7797,48;;7797,48;1824,89;5972,59;
EDILANE SILVA MENDONCA;SETOR DE ENFERMARIA;TEC. DE ENFERMAGEM-TEN-P.S.N.M.-A;; ESTATUTARIO;3163,48;;3163,48;358,89;2804,59;
EDILENE FERREIRA DOS SANTOS;SETOR DE HEMATOL.E HEMOTERAPIA;TECNICO DE HEMOTERAPIA A;; ESTATUTARIO;2897,61;;2897,61;424,99;2472,62;
EDMILZA PORTO DIAS;SETOR DE ENFERMARIA;ENFERMEIRO-ENF-P.S.N.S-D;; ESTATUTARIO;9003,99;;9003,99;2505,04;6498,95;
EDNA AUZIER FELIX;SETOR DE ENFERMARIA;TEC. DE ENFERMAGEM-TEN-P.S.N.M.-A;; ESTATUTARIO;3433,40;;3433,40;411,19;3022,21;
EDSON DE OLIVEIRA ANDRADE;SETOR ABDOMINO-TORAXICO;MEDICO DOUTOR;; ESTATUTARIO;14070,80;;14070,80;4330,17;9740,63;
EDSON MAURO SILVA OLIVEIRA;SETOR DE AMBULATORIO;MEDICO ESPECIALISTA;MEDICO ESPECIALISTA; ESTATUTARIO;10035,92;;10035,92;2332,46;7703,46;
EDUARDO JORGE SANTORO CARRILHO;SETOR DE ZELAD.VIG.TRANSPORTES;MOTORISTA-MOT-T.S.N.A.-B;; ESTATUTARIO;2593,68;;2593,68;363,12;2230,56;
EJANDRE LUNIERES DE SANTIAGO;SETOR ABDOMINO-TORAXICO;MEDICO ESPECIALISTA;; ESTATUTARIO;10621,06;;10621,06;2724,85;7896,21;
ELAINE CRISTINA REIS CORREA;SETOR DE PATOLOGIA CLINICA;TEC.DE PAT.CLINICA-TPC-P.S.N.M.-B;; ESTATUTARIO;2892,19;;2892,19;423,82;2468,37;
ELAINE DOS SANTOS MAIA;SETOR DE AMBULATORIO;TEC. DE ENFERMAGEM-TEN-P.S.N.M.-A;; ESTATUTARIO;3229,55;;3229,55;368,14;2861,41;
ELANE ALMEIDA DA COSTA;SETOR DE ENFERMARIA;AUXILIAR DE ENFERMAGEM A;; ESTATUTARIO;2962,34;;2962,34;304,78;2657,56;
ELENISE CHAVES DOS SANTOS;SETOR DE ENFERMARIA;TEC. DE ENFERMAGEM-TEN-P.S.N.M.-A;TEC DE ENFERMAGEN; ESTATUTARIO;3229,55;;3229,55;294,51;2935,04;
ELEONIS FREITAS NUNES;SETOR DE ZELAD.VIG.TRANSPORTES;MOTORISTA-MOT-T.S.N.A.-A;; ESTATUTARIO;3387,66;;3387,66;401,34;2986,32;
ELI MASSAO SHIRAYANAGUI DOS SANTOS;SETOR DE PATOLOGIA CLINICA;FARMAC.BIOQ. -FAB-P.S.N.S.-A;; ESTATUTARIO;10196,64;;10196,64;2380,39;7816,25;
ELIENE CAVALCANTI BUENO DE CASTRO;SERVICOS TECNICOS;ASSIST.SOC.ASS-P.S.N.S.-CL.A;ASSIST SOCIAL; ESTATUTARIO;7939,96;;7939,96;1878,53;6061,43;
ELIENE SILVA MOTA;SECAO DE ORCAMENTO E FINANCAS;ASSIST.ADMIN.-ASA-T.S.N.M.-A;; ESTATUTARIO;2828,77;;2828,77;312,03;2516,74;
ELISAMAR ANDREA CANTO DOS SANTOS;SERVICO DE ENFERMAGEM;TEC. DE ENFERMAGEM-TEN-P.S.N.M.-A;TEC. DE ENFERMAGEM; ESTATUTARIO;4154,07;;4154,07;220,88;3933,19;
ELISANGELA LACERDA DOS REIS;SETOR DE PATOLOGIA CLINICA;FARMAC.BIOQ. -FAB-P.S.N.S.-A;; ESTATUTARIO;7853,48;;7853,48;1840,29;6013,19;
ELIZANGELA DA SILVA;SAME;ASSIST.ADMIN.-ASA-T.S.N.M.-A;; ESTATUTARIO;2828,77;;2828,77;301,63;2527,14;
ELIZIANE LIMA DA SILVA;MANDADO DE SEGURANCA;FARMACEUTICO-FAR-P.S.N.S.-A;; ESTATUTARIO;7797,48;;7797,48;1824,89;5972,59;
ELLEN ALBUQUERQUE DE FREITAS;SETOR DE ENFERMARIA;ENFERMEIRO-ENF-P.S.N.S.-A;; ESTATUTARIO;7797,48;;7797,48;1824,89;5972,59;
EMILY DOS SANTOS FRANCO;SETOR DE ANATOMIA PATOLOGICA;MEDICO ESPECIALISTA;GERENTE; ESTATUTARIO;13911,14;;13911,14;3667,95;10243,19;
ENEIDE MARIA DE SOUSA;SETOR DE IMAGENOLOGIA;TEC.DE RAD.MEDICA-TRM-P.S.N.M.-B;; ESTATUTARIO;4425,87;;4425,87;520,96;3904,91;
ENIO LUCIO COELHO DUARTE;SETOR DE RADIOTERAPIA;MEDICO ESPECIALISTA;; ESTATUTARIO;10035,92;;10035,92;2613,86;7422,06;
ERICK ANDRADE DE PAIVA;SETOR DE FARMACIA;AUX.DE FARMACIA-AFA-P.S.N.A.-A;; ESTATUTARIO;2776,98;;2776,98;294,62;2482,36;
ERIVALDO MOREIRA DIAS;SECAO DE PESSOAL;AUX.DE SERV.GER.-ASG-T.S.N.A.-B;; ESTATUTARIO;2916,33;;2916,33;324,29;2592,04;
ERNANDA RAQUEL DE Q G S E FERNANDES;SETOR DE PATOLOGIA CLINICA;FARMAC.BIOQ. -FAB-P.S.N.S.-A;; ESTATUTARIO;7797,48;;7797,48;1824,89;5972,59;
ERONILDES AUGUSTO DOS SANTOS;SERVICO DE ENFERMAGEM;FISIOTERAPEUTA A;; ESTATUTARIO;8290,46;;8290,46;1913,99;6376,47;
EUGENIA SEIXAS DOS SANTOS MARQUES;SERVICO DE ENFERMAGEM;AUXILIAR DE ENFERMAGEM A;; ESTATUTARIO;3034,34;;3034,34;271,71;2762,63;
EULER MARTINS MARQUES;SETOR DE ONCOLOGIA CLINICA;CHEFE DE DEPARTAMENTO;CHEFE DE DEPARTAMENT; DISP. OUTROS ESFERAS;5700,30;;5700,30;377,04;5323,26;
EVA MOTA DA SILVA;DIVISAO DE ADMINISTRACAO;ASSIST.ADMIN.-ASA-T.S.N.M.-A;; ESTATUTARIO;2169,12;;2169,12;;2169,12;
EVELYN GUIMARAES LORIS;DIR.ADMINISTRATIVA-FINANCEIRA;AGENTE ADMINISTRATIVO A - N.B.;SUBGERENTE; ESTATUTARIO;5537,99;;5537,99;623,49;4914,50;
FABIANA LO PRESTI MENDONCA ROSAS;SETOR DE AMBULATORIO;MEDICO ESPECIALISTA;MEDICO ESPECIALISTA; ESTATUTARIO;10035,92;;10035,92;2613,86;7422,06;
FABIANA SOUZA MOREIRA;AMBULATORIO-DEPTO.ENFERMAGEM;SUBGERENTE;SUBGERENTE; CARGO COMISSION.S/VINCULO;3686,94;;3686,94;379,00;3307,94;
FABIOLA CARDOSO GOMES;NUCLEO MEDICO-ASSISTENCIAL;FARMACEUTICO-FAR-P.S.N.S.-A;; ESTATUTARIO;7797,48;;7797,48;1734,56;6062,92;
FABIOLA DE PAULA FERREIRA;SETOR DE ENFERMARIA;AUXILIAR DE ENFERMAGEM A;; ESTATUTARIO;2962,34;;2962,34;304,78;2657,56;
FABIOLA DE PAULA FERREIRA;SERVICO DE ENFERMAGEM;TEC. DE ENFERMAGEM-TEN-P.S.N.M.-A;TEC. DE ENFERMAGEM; ESTATUTARIO;2854,63;;2854,63;415,75;2438,88;
FABIOLA LIMA DA SILVA;DIVISAO DE ADMINISTRACAO;ASSIST.ADMIN.-ASA-T.S.N.M.-A;; ESTATUTARIO;2769,12;;2769,12;303,68;2465,44;
FABIOLA MENDES DE OLIVEIRA;SETOR DE RADIOTERAPIA;TEC.DE RADIOTERAPIA-TER-P.S.N.M.-A;; ESTATUTARIO;3163,48;;3163,48;358,89;2804,59;
FABRICIO LIMA MOURA;NUCLEO MEDICO-ASSISTENCIAL;MEDICO ESPECIALISTA;; ESTATUTARIO;9911,14;;9911,14;2515,81;7395,33;
FABRICIO PIMENTEL DOS SANTOS;SECAO DE EXPEDIENTE;MOTORISTA-MOT-T.S.N.A.-A;; ESTATUTARIO;3020,84;;3020,84;333,32;2687,52;
FATIMA KANAWATI DE OLIVEIRA;ASSESSORIA;ASSISTENTE TECNICO B;ASSESSOR III AD 3; ESTATUTARIO;6691,83;;6691,83;1024,79;5667,04;
FERNANDO HENRIQUE DA SILVA CASCAES;DIVISAO DE ADMINISTRACAO;TELEFONISTA-TEL-T.S.N.A.-E;; ESTATUTARIO;2677,18;;2677,18;290,81;2386,37;
FERNANDO MARTINS MOREIRA;DIVISAO DE ADMINISTRACAO;GERENTE;NAO INFORMADO; CARGO COMISSION.S/VINCULO;4693,27;;4693,27;647,35;4045,92;
FRANCELINA DE SOUZA MONTEIRO;SETOR DE ENFERMARIA;TEC. DE ENFERMAGEM-TEN-P.S.N.M.-A;TEC ENFERMAGEM; ESTATUTARIO;3229,55;;3229,55;368,14;2861,41;
FRANCILENA MARINHO SOARES DE JESUS;SERVICO DE ENFERMAGEM;TEC. DE ENFERMAGEM-TEN-P.S.N.M.-A;; ESTATUTARIO;3309,55;;3309,55;368,14;2941,41;
FRANCINEIDA COLARES DE OLIVEIRA;SETOR DE ENFERMARIA;AUXILIAR DE ENFERMAGEM - F;; ESTATUTARIO;2962,34;;2962,34;304,78;2657,56;
FRANCISCA RODRIGUES DUARTE;SECAO DE SERVICOS GERAIS;AUX.DE SERV.GER.-ASG-T.S.N.A.-A;; ESTATUTARIO;2604,44;;2604,44;280,62;2323,82;
FRANCISCO BATISTA PIMENTEL;SETOR DE ENFERMARIA;TEC. DE ENFERMAGEM-TEN-P.S.N.M.-A;; ESTATUTARIO;3163,48;;3163,48;358,89;2804,59;
FRANCISCO CARLOS ALVES DE LIMA;SETOR DE ALMOXARIFADO;AGENTE ADM.-AGA-T.S.N.A.-G;; ESTATUTARIO;2882,88;;2882,88;319,60;2563,28;
FRANCISCO DAMIAO SILVA DE SOUZA;SETOR DE ZELAD.VIG.TRANSPORTES;MOTORISTA-MOT-T.S.N.A.-A;; ESTATUTARIO;2910,15;;2910,15;;2910,15;
FRANCISCO DE ASSIS VIEIRA;SETOR DE ENFERMARIA;TEC. DE ENFERMAGEM-TEN-P.S.N.M.-A;; ESTATUTARIO;3243,48;;3243,48;358,89;2884,59;
FRANCISCO DELMAR PEREIRA DOS SANTOS;NUCLEO MEDICO-ASSISTENCIAL;AGENTE ADM.-AGA-T.S.N.A.-G;; ESTATUTARIO;2389,53;;2389,53;334,53;2055,00;
FRANCISCO ENIO DOS SANTOS;SETOR DE RADIOTERAPIA;TECNICO EM RADIOTERAPIA;TEC DE RADIOTERAPIA; ESTATUTARIO;3163,48;;3163,48;346,92;2816,56;
FRANCISCO GILVAN MOREIRA NEVES;SETOR DE ENFERMARIA;TEC. DE ENFERMAGEM-TEN-P.S.N.M.-A;TEC. DE ENFERMAGEM; ESTATUTARIO;4178,07;;4178,07;455,25;3722,82;
FRANK LANDE BELEM MAGALHAES;SETOR DE NUTRICAO E DIETETICA;COZINHEIRO-T.S.N.A.-A;COZINHEIRO; ESTATUTARIO;3426,47;;3426,47;302,37;3124,10;
GEISA SALVADOR GOES;ASSESSORIA;ASSESSOR II;; CARGO COMISSION.S/VINCULO;4693,27;;4693,27;647,35;4045,92;
GEORGIANA BESERRA DO NASCIMENTO;SETOR DE PATOLOGIA CLINICA;AUX.DE PATOL.CLIN.-APC-P.S.N.A.-A;; ESTATUTARIO;2901,65;;2901,65;322,23;2579,42;
GEOVANA GOMES NERI;NUCLEO MEDICO-ASSISTENCIAL;FONOAUDIOLOGO-FON-P.S.N.S.-A;; ESTATUTARIO;7797,48;;7797,48;1824,89;5972,59;
GERSON ANTONIO DOS SANTOS MOURAO;SETOR GENITO PELVICO UROLOGICO;MEDICO ESPECIALISTA;DIRETOR PRESIDENTE; ESTATUTARIO;20614,82;;20614,82;5587,51;15027,31;
GERSON EDUARDO MACENA;ASSESSORIA;ASSIST.ADMIN.-ASA-T.S.N.M.-A;; ESTATUTARIO;2828,77;;2828,77;;2828,77;
GEYZA CAMARA AREQUE;DIVISAO DE ADMINISTRACAO;TELEFONISTA-TEL-T.S.N.A.-E;; ESTATUTARIO;2677,18;;2677,18;271,42;2405,76;
GILBERSON FIGUEIRA BARBOSA;SECAO DE PESSOAL;GERENTE;GERENTE; ESTATUTARIO;13821,00;;13821,00;3351,27;10469,73;
GILCIMAR BENFICA ALVES;SETOR DE IMAGENOLOGIA;TEC.DE RAD.MEDICA-TRM-P.S.N.M.-A;TEC EM RADIOLOGIA; ESTATUTARIO;3245,55;;3245,55;368,14;2877,41;
GILMARA BRAGA BENTES;SETOR DE NUTRICAO E DIETETICA;NUTRICIONISTA-NUT-P.S.N.S.-A;; ESTATUTARIO;7797,48;;7797,48;1824,89;5972,59;
GILSON JOSE CORREA;SETOR ABDOMINO-TORAXICO;MEDICO MESTRE;; ESTATUTARIO;10865,74;;10865,74;3139,69;7726,05;
GISELY DE SOUSA IMBIRIBA;SERVICO DE ENFERMAGEM;TEC. DE ENFERMAGEM-TEN-P.S.N.M.-A;TEC. DE ENFERMAGEM; ESTATUTARIO;3229,55;;3229,55;368,14;2861,41;
GIUSEPPE FIGLIUOLO;SETOR DE AMBULATORIO;MEDICO ESPECIALISTA;; ESTATUTARIO;10830,98;;10830,98;2913,20;7917,78;
GLAUCIANE DO SOCORRO MOREIRA NEVES;SETOR DE ENFERMARIA;ENFERMEIRO-ENF-P.S.N.S.-A;ENFERMEIRA; ESTATUTARIO;8457,59;;8457,59;2073,42;6384,17;
GRACA MARIA GONDIM DE ALBUQUERQUE;CONSELHO DIRETOR;ENFERMEIRO-ENF-P.S.N.S.-B;GERENTE; ESTATUTARIO;12615,15;;12615,15;3232,74;9382,41;
GREICY MONTEIRO MARQUES;SETOR DE PATOLOGIA CLINICA;FARMAC.BIOQ. -FAB-P.S.N.S.-A;FARMACEUTICOB.QUIMI; ESTATUTARIO;8457,59;;8457,59;2073,42;6384,17;
GUIOMAR PEREIRA DE OLIVEIRA;SECAO DE SERVICOS GERAIS;AUX.DE SERV.GER.-ASG-T.S.N.A.-B;; ESTATUTARIO;2916,33;;2916,33;324,29;2592,04;
HADISON PEREIRA DE SOUZA;SETOR DE LIQ.DE CONTAS HOSPIT.;ASSIST.ADMIN.-ASA-T.S.N.M.-A;; ESTATUTARIO;2828,77;;2828,77;312,03;2516,74;
HELBER FREITAS ALAGIA;CONSELHO DIRETOR;MEDICO ESPECIALISTA A;; ESTATUTARIO;10291,09;344,06;9947,03;2613,13;7333,90;
HENRI HORSTMANN;SETOR DE AMBULATORIO;MEDICO ESPECIALISTA;MED ESPECIALISTA; ESTATUTARIO;10035,92;;10035,92;2613,86;7422,06;
HIGINO FELIPE FIGUEIREDO;SETOR DE AMBULATORIO;MEDICO ESPECIALISTA;; ESTATUTARIO;13014,85;;13014,85;3421,47;9593,38;
HILDA FERREIRA DE MELO;SETOR DE PATOLOGIA CLINICA;TEC.DE PAT.CLINICA-TPC-P.S.N.M.-A;; ESTATUTARIO;3211,48;;3211,48;358,89;2852,59;
HILDEBERTO FERREIRA ASSUNCAO FILHO;SERVICO COMPLEM.DE DIAGNOSTICO;TEC.DE PAT.CLINICA-TPC-P.S.N.M.-A;; ESTATUTARIO;3229,55;;3229,55;368,14;2861,41;
HILKA FLAVIA BARRA DO E S A PEREIRA;NUCLEO MEDICO-ASSISTENCIAL;MEDICO ESPECIALISTA;GERENTE; ESTATUTARIO;13858,96;;13858,96;3701,04;10157,92;
ICARO AUGUSTO PAIVA FALCAO;DIVISAO DE ADMINISTRACAO;ASSIST.ADMIN.-ASA-T.S.N.M.-A;SUBGERENTE; ESTATUTARIO;5828,77;;5828,77;719,78;5108,99;
IDA PAULA DA SILVA MOURA;SETOR DE ENFERMARIA;FARMACEUTICO-FAR-P.S.N.S.-A;FARMACEUTICO; ESTATUTARIO;11294,83;;11294,83;2864,17;8430,66;
INALDO CALIXTO DA SILVA;SETOR DE ENFERMARIA;FARMACEUTICO BIOQUIMICO B;; ESTATUTARIO;7845,48;;7845,48;1838,09;6007,39;
IRANEIDE FERREIRA MAFRA;SETOR DE ENFERMARIA;ENFERMEIRO-ENF-P.S.N.S.-A;GERENTE; ESTATUTARIO;11939,96;;11939,96;2978,53;8961,43;
IRISMARA CORREA CONCEICAO;DIVISAO DE ADMINISTRACAO;SUBGERENTE;NAO INFORMADO; CARGO COMISSION.S/VINCULO;3686,94;;3686,94;379,00;3307,94;
ISAIR DA SILVA LOPES;SETOR DE RADIOTERAPIA;TEC.DE RADIOTERAPIA-TER-P.S.N.M.-A;TEC EM RADIOTERAPIA; ESTATUTARIO;2563,48;;2563,48;358,89;2204,59;
ISAIR DA SILVA LOPES;SERVICO DE RADIOTERAPIA;TECNICO DE RADIOTERAPIA A;; ESTATUTARIO;3229,55;;3229,55;368,14;2861,41;
IVANCY VALENTE DE QUEIROZ;SETOR DE ZELAD.VIG.TRANSPORTES;MOTORISTA-MOT-T.S.N.A.-A;; ESTATUTARIO;3387,66;;3387,66;401,34;2986,32;
IVANETE ANDRADE DE SOUZA SILVA;SETOR DE ENFERMARIA;ENFERMEIRO-ENF-P.S.N.S.-A;; ESTATUTARIO;7797,48;;7797,48;1824,89;5972,59;
IVANETE DE LIMA SAMPAIO;SETOR DE ENFERMARIA;FARMAC.BIOQ. -FAB-P.S.N.S.-A;; ESTATUTARIO;7488,47;;7488,47;1934,45;5554,02;
IVARLI DA SILVA LOPES;SECAO DE EXPEDIENTE;ASSISTENTE TECNICO;; ESTATUTARIO;3096,02;;3096,02;349,44;2746,58;
JACIELEM LIMA PEREIRA;SETOR DE SERVICO SOCIAL;ASSIST.SOC.ASS-P.S.N.S.-CL.A;; ESTATUTARIO;7797,48;;7797,48;1734,56;6062,92;
JACILEIA HELENA DE SOUZA ANDRADE;SERVICO DE ENFERMAGEM;TEC. DE ENFERMAGEM-TEN-P.S.N.M.-A;TEC DE ENFERMAGEM; ESTATUTARIO;3229,55;;3229,55;368,14;2861,41;
JACKSON ANTONIO SILVA PEREIRA;SECAO DE SERVICOS GERAIS;AUX.DE SERV.GER.-ASG-T.S.N.A.-A;; ESTATUTARIO;3272,59;;3272,59;280,62;2991,97;
JACQUELINE BOTELHO DA SILVA;SETOR DE PATOLOGIA CLINICA;FARMAC.BIOQ. -FAB-P.S.N.S.-A;; ESTATUTARIO;8088,47;;8088,47;1934,45;6154,02;
JAILSON FREITAS DE LIMA;SETOR DE ZELAD.VIG.TRANSPORTES;MOTORISTA-MOT-T.S.N.A.-A;; ESTATUTARIO;3427,66;;3427,66;390,27;3037,39;
JANAINA DOS SANTOS DIAS;SERVICO COMPLEM.DE DIAGNOSTICO;GERENTE;NAO INFORMADO; CARGO COMISSION.S/VINCULO;4693,27;;4693,27;647,35;4045,92;
JANETE PINTO DO NASCIMENTO;SECAO DE SERVICOS GERAIS;AUX.DE SERV.GER.-ASG-T.S.N.A.-A;; ESTATUTARIO;3272,59;;3272,59;280,62;2991,97;
JANILDE DOS SANTOS SILVA;SETOR DE ENFERMARIA;TEC. DE ENFERMAGEM-TEN-P.S.N.M.-A;; ESTATUTARIO;3163,48;;3163,48;358,89;2804,59;
JANILSON CAMPOS VIEIRA;SETOR DE AMBULATORIO;RECEPCIONISTA-REC-T.S.N.A.-E;; ESTATUTARIO;2621,21;;2621,21;273,54;2347,67;
JANIO DE SOUSA PEREIRA;DIVISAO DE ADMINISTRACAO;MOTORISTA-MOT-T.S.N.A.-A;; ESTATUTARIO;2310,15;;2310,15;;2310,15;
JEAN MICHEL MARTINS CARDOSO;SETOR DE ZELAD.VIG.TRANSPORTES;MOTORISTA-MOT-T.S.N.A.-A;; ESTATUTARIO;2950,15;;2950,15;323,42;2626,73;
JEANNE LEE COUTINHO MEDEIROS;SERVICO DE CIRURGIA ANCOLOGICA;MEDICO ESPECIALISTA;SUBGERENTE AD-3; ESTATUTARIO;13756,57;;13756,57;3703,97;10052,60;
JOCIANNE DOS SANTOS BARROS;SETOR DE NUTRICAO E DIETETICA;TEC.DE NUT.E DIET.-TND-P.S.N.M.-A;; ESTATUTARIO;3163,48;;3163,48;358,89;2804,59;
JOELMA CAVALCANTE RICARDO;SETOR DE AMBULATORIO;MEDICO ESPECIALISTA;MED ESPECIALISTA; ESTATUTARIO;9435,92;;9435,92;2613,86;6822,06;
JOHNATAN DE OLIVEIRA NEVES;DIVISAO DE ADMINISTRACAO;ASSIST.ADMIN.-ASA-T.S.N.M.-A;; ESTATUTARIO;2828,77;;2828,77;312,03;2516,74;
JOICE HORACIO PEREIRA;SETOR DE RADIOTERAPIA;TEC.DE RADIOTERAPIA-TER-P.S.N.M.-A;; ESTATUTARIO;3163,48;;3163,48;358,89;2804,59;
JONAS MINEIRO DE CASTRO;DIVISAO DE ADMINISTRACAO;ASSIST.ADMIN.-ASA-T.S.N.M.-A;; ESTATUTARIO;2828,77;;2828,77;312,03;2516,74;
JORDANA RAFAELE NOGUEIRA DA SILVA;SETOR DE SERVICO SOCIAL;ASSIST.SOC.ASS-P.S.N.S.-CL.A;; ESTATUTARIO;7197,48;;7197,48;1824,89;5372,59;
JORGE AFONSO DA SILVA PINHEIRO;SECAO DE PESSOAL;ASSIST.ADMIN.-ASA-T.S.N.M.-A;; ESTATUTARIO;2828,77;;2828,77;312,03;2516,74;
JORGE AUGUSTO ANDRADE DE G BEZERRA;SETOR DE HEMATOL.E HEMOTERAPIA;MEDICO ESPECIALISTA;; ESTATUTARIO;13350,07;;13350,07;3537,03;9813,04;
JORGE DE ALMEIDA CECILIO;SECAO DE SERVICOS GERAIS;AUX.DE SERV.GER.-ASG-T.S.N.A.-A;; ESTATUTARIO;3272,59;;3272,59;280,62;2991,97;
JORGE DE SOUZA DA SILVA;SETOR DE PATOLOGIA CLINICA;FARMAC.BIOQ. -FAB-P.S.N.S.-A;; ESTATUTARIO;10196,64;;10196,64;2484,66;7711,98;
JOSE ALEXANDRE PIRES DE ALMEIDA;SETOR DE PSIC.REABIL.E FISIOT.;FISIOTERAPEUTA-FIS-P.S.N.S.-A;; ESTATUTARIO;7797,48;;7797,48;1824,89;5972,59;
JOSE ARTEMIS DE SOUZA LIMA;SETOR DE ENFERMARIA;TEC. DE ENFERMAGEM-TEN-P.S.N.M.-A;TEC. DE ENFERMAGEM; ESTATUTARIO;3534,63;;3534,63;421,75;3112,88;
JOSE CARLOS DA SILVA;SETOR DE ENFERMARIA;AUXILIAR DE ENFERMAGEM A;; ESTATUTARIO;3821,79;;3821,79;348,41;3473,38;
JOSE CASTRO PONTES;SETOR DE IMAGENOLOGIA;TEC.DE RAD.MEDICA-TRM-P.S.N.M.-B;; ESTATUTARIO;2941,32;;2941,32;411,78;2529,54;
JOSE MARQUES PINA JUNIOR;SETOR DE HEMATOL.E HEMOTERAPIA;MEDICO ESPECIALISTA;; ESTATUTARIO;16628,44;;16628,44;2904,16;13724,28;
JOSE MUNIZ DA SILVA;SECAO DE EXPEDIENTE;AGENTE ADM.-AGA-T.S.N.A.-G;; ESTATUTARIO;3038,33;;3038,33;341,37;2696,96;
JOSE NOGUEIRA BRAGA;SECAO DE SERVICOS GERAIS;AUX.DE SERV.GER.-ASG-T.S.N.A.-A;; ESTATUTARIO;2604,44;;2604,44;280,62;2323,82;
JOSEFA SUELY CUNHA DE SOUZA;SETOR DE FARMACIA;FARMACEUTICO-FAR-P.S.N.S.-A;FARMACEUTICO; ESTATUTARIO;7339,96;;7339,96;1878,53;5461,43;
JOSIANE ALBINO MUNIZ;AMBULATORIO-DEPTO.ENFERMAGEM;GERENTE;GERENTE; CARGO COMISSION.S/VINCULO;4693,27;;4693,27;647,35;4045,92;
JOSIANE DA SILVA NEVES;ASSESSORIA;TECNICO-TEC-T.S.N.S.-A;ASSESSOR III; ESTATUTARIO;11830,36;;11830,36;2753,80;9076,56;
JOSIANE DIAS DUARTE;SETOR DE FARMACIA;AUX.DE FARMACIA-AFA-P.S.N.A.-A;; ESTATUTARIO;2776,98;;2776,98;304,78;2472,20;
JOSIEL DE AQUINO MARTINS;DIVISAO DE ADMINISTRACAO;CHEFE DE DEPARTAMENTO;; CARGO COMISSION.S/VINCULO;5700,30;;5700,30;979,40;4720,90;
JOSINEIDE MARIA ABREU MARINATO;SETOR DE CENTRO MEDICO;ENFERMEIRO-ENF-P.S.N.S.-A;ENFERMEIRA; ESTATUTARIO;8537,59;;8537,59;2095,42;6442,17;
JOSSIMAR FARIAS FERREIRA;SETOR DE RADIOTERAPIA;ASSIST.ADMIN.-ASA-T.S.N.M.-A;; ESTATUTARIO;2769,12;;2769,12;303,68;2465,44;
JOVANIO MELO SARMENTO;SETOR DE PATOLOGIA CLINICA;AUX.DE PATOL.CLIN.-APC-P.S.N.A.-C;; ESTATUTARIO;3061,30;;3061,30;344,58;2716,72;
JUCENILDA VIEIRA FERNANDES;SETOR DE PATOLOGIA CLINICA;FARMAC.BIOQ. -FAB-P.S.N.S.-A;; ESTATUTARIO;7197,48;;7197,48;1824,89;5372,59;
JULIA MONICA MARCELINO BENEVIDES;SETOR DE ENFERMARIA;ENFERMEIRO-ENF-P.S.N.S.-A;; ESTATUTARIO;6631,65;;6631,65;1669,29;4962,36;
JULIA MONICA MARCELINO BENEVIDES;SERVICO DE ENFERMAGEM;ENFERMEIRO-ENF-P.S.N.S.-B;; ESTATUTARIO;9287,89;;9287,89;2386,03;6901,86;
JULIO CESAR LOPES GARCIA;SECAO DE EXPEDIENTE;AGENTE ADM.-AGA-T.S.N.A.-H;; ESTATUTARIO;4320,36;;4320,36;461,97;3858,39;
JUSSARA PEREIRA LEAL GUIMARAES;SETOR DE ENFERMARIA;TEC. DE ENFERMAGEM-TEN-P.S.N.M.-A;TEC DE ENFERMAGEN; ESTATUTARIO;2629,55;;2629,55;368,14;2261,41;
JUSSARA PEREIRA LEAL GUIMARAES;SETOR DE ENFERMARIA;AUXILIAR DE ENFERMAGEM;; ESTATUTARIO;2176,98;;2176,98;304,78;1872,20;
JUSSARA PRAXEDES REBOUCAS;SETOR DE PATOLOGIA CLINICA;FARMAC.BIOQ. -FAB-P.S.N.S.-A;; ESTATUTARIO;7797,48;;7797,48;1824,89;5972,59;
KACIO FELIPE SILVA SOUZA;NUCLEO MEDICO-ASSISTENCIAL;FARMACEUTICO-FAR-P.S.N.S.-A;GERENTE; ESTATUTARIO;11797,48;;11797,48;2924,89;8872,59;
KAMILA KEROENY FERNANDES PEREIRA;SETOR DE ENFERMARIA;TEC. DE ENFERMAGEM-TEN-P.S.N.M.-A;; ESTATUTARIO;3163,48;;3163,48;358,89;2804,59;
KAREN SILVIA MELO DE SOUZA;ASSESSORIA;ASSESSOR II;; CARGO COMISSION.S/VINCULO;4693,27;;4693,27;647,35;4045,92;
KARINA RIBEIRO LOPES;SETOR DE PATOLOGIA CLINICA;TEC.DE PAT.CLINICA-TPC-P.S.N.M.-A;; ESTATUTARIO;4017,97;;4017,97;421,99;3595,98;
KARLEN SANTOS SILVA;DIR.ADMINISTRATIVA-FINANCEIRA;GERENTE;NAO INFORMADO; CARGO COMISSION.S/VINCULO;4693,27;;4693,27;647,35;4045,92;
KATIA LUZ TORRES SILVA;DIRETORIA TECNICA;FARMACEUTICO BIOQUIMICO A;DIRETOR ENS.PESQUISA; ESTATUTARIO;16663,29;;16663,29;4340,72;12322,57;
KATIA SOCORRO SILVA CORREA;SETOR GENITO PELVICO UROLOGICO;MEDICO ESPECIALISTA;; ESTATUTARIO;10356,11;;10356,11;2731,67;7624,44;
KATIA UCHOA DO NASCIMENTO;SECAO DE PESSOAL;AGENTE ADM.-AGA-T.S.N.A.-G;; ESTATUTARIO;2394,04;;2394,04;335,17;2058,87;
KATIANY REGINA RABELO NAZARETH;SETOR DE NUTRICAO E DIETETICA;AGENTE ADM.-AGA-T.S.N.A.-G;; ESTATUTARIO;2929,42;;2929,42;326,12;2603,30;
KEILA CATARINA MOTA DE SOUSA;SECAO DE SERVICOS GERAIS;AUX.DE SERV.GER.-ASG-T.S.N.A.-A;; ESTATUTARIO;2604,44;;2604,44;280,62;2323,82;
KEILA SOUZA DA SILVA;SETOR DE ENFERMARIA;TEC. DE ENFERMAGEM-TEN-P.S.N.M.-A;; ESTATUTARIO;3227,48;;3227,48;287,11;2940,37;
KEYTH FABIOLA DE LIMA F BENTES;SETOR DE SERVICO SOCIAL;ASSIST.SOC.ASS-P.S.N.S.-CL.A;GERENTE; ESTATUTARIO;15529,97;;15529,97;3951,33;11578,64;
KLEBER SANDRO BRASIL DOS SANTOS;SETOR DE HEMATOL.E HEMOTERAPIA;FARMACEUTICO BIOQUIMICO A;GERENTE AD 2; ESTATUTARIO;11308,74;;11308,74;2102,37;9206,37;
KLEYBE JEFFERSON GARCIA OLIVEIRA;SETOR DE RADIOTERAPIA;ASSIST.ADMIN.-ASA-T.S.N.M.-A;; ESTATUTARIO;2769,12;;2769,12;303,68;2465,44;
KLYWTER BRUNO FREIRE TEIXEIRA;SETOR DE FARMACIA;AUX.DE FARMACIA-AFA-P.S.N.A.-A;; ESTATUTARIO;2840,98;;2840,98;304,78;2536,20;
LAILA PATRICIA FIDELIS DUTRA;SETOR DE IMAGENOLOGIA;MEDICO ESPECIALISTA;MEDICA ESPECIALISTA; ESTATUTARIO;10035,92;;10035,92;2613,86;7422,06;
LAIS DA MOTTA POMPEU;ASSESSORIA;ASSESSOR I;NAO INFORMADO; CARGO COMISSION.S/VINCULO;5700,30;;5700,30;979,40;4720,90;
LANO ERMENSON MIRANDA MACEDO;SERVICO DE ENFERMAGEM;MEDICO ESPECIALISTA;; ESTATUTARIO;10487,61;;10487,61;2780,05;7707,56;
LARISSA GABRIELA LINS NEVES;SERVICOS TECNICOS;PSICOLOGO-PSI-P.S.N.S.-A;; ESTATUTARIO;8561,12;;8561,12;2112,40;6448,72;
LAURA RITA CAVALCANTE DA SILVEIRA;SECAO DE EXPEDIENTE;CHEFE DE GABINETE;; CARGO COMISSION.S/VINCULO;5700,30;;5700,30;979,40;4720,90;
LEA CHAVES AMORIM;SETOR DE FARMACIA;FARMACEUTICO-FAR-P.S.N.S.-A;; ESTATUTARIO;7797,48;;7797,48;1824,89;5972,59;
LEANDRO BALDINO;SETOR DE RADIOTERAPIA;MEDICO ESPECIALISTA;GERENTE; ESTATUTARIO;14035,92;;14035,92;3713,86;10322,06;
LEDIANNE DA SILVA OLIVEIRA;DIVISAO DE ADMINISTRACAO;TELEFONISTA-TEL-T.S.N.A.-E;; ESTATUTARIO;2677,18;;2677,18;281,11;2396,07;
LEIDIANE MENDES BRITO CACCIOLA;NUCLEO DE ESTUDOS E PESQUISAS;PESQUISADOR INIC.-PEI-P.S.N.S.-A;; ESTATUTARIO;11379,81;;11379,81;2847,96;8531,85;
LEINA TUPINAMBA DE QUEIROZ;SETOR DE REGISTRO E CONTROLE;AGENTE ADM.-AGA-T.S.N.A.-F;; ESTATUTARIO;2848,10;;2848,10;314,73;2533,37;
LEIVA REGINA DA ENCARNACAO DA SILVA;SERVICO DE ENFERMAGEM;TEC. DE ENFERMAGEM-TEN-P.S.N.M.-A;TEC. ENFERMAGEM; ESTATUTARIO;3229,55;;3229,55;368,14;2861,41;
LEONARDO LEAL DO NASCIMENTO;SETOR DE ZELAD.VIG.TRANSPORTES;MOTORISTA-MOT-T.S.N.A.-A;MOTORISTA; ESTATUTARIO;3387,66;;3387,66;390,27;2997,39;
LEONIDAS ALVES DA SILVA;SETOR DE CABECA E PESCOCO;MEDICO ESPECIALISTA;; ESTATUTARIO;17168,60;;17168,60;5517,79;11650,81;
LIA MIZOBE ONO;CONSELHO DIRETOR;CIRURGIAO DENTISTA A;; ESTATUTARIO;8191,87;;8191,87;1829,08;6362,79;
LILIAN DE PAULA DUARTE PAES;SERVICO DE RADIOTERAPIA;ASSISTENTE TECNICO A;ASSIST TEC; ESTATUTARIO;3029,59;;3029,59;340,14;2689,45;
LISSETT CARIDAD GONZALEZ PEREZ;NUCLEO MEDICO-ASSISTENCIAL;GERENTE;NAO INFORMADO; CARGO COMISSION.S/VINCULO;4693,27;;4693,27;647,35;4045,92;
LORENA BARROS DA SILVEIRA;SETOR DE ENFERMARIA;ENFERMEIRO-ENF-P.S.N.S.-A;; ESTATUTARIO;10196,64;;10196,64;2484,66;7711,98;
LOURENCO CANDIDO NEVES;SETOR DE ONCOLOGIA CLINICA;GERENTE;GERENTE; CARGO COMISSION.S/VINCULO;4693,27;;4693,27;625,67;4067,60;
LUCIA MELO DA SILVA;SETOR DE ENFERMARIA;TEC. DE ENFERMAGEM-TEN-P.S.N.M.-A;TECNICO ENFERMAGEM; ESTATUTARIO;3301,55;;3301,55;368,14;2933,41;
LUCIANO AFONSO TEIXEIRA BRANDAO;SECAO DE PESSOAL;MEDICO ESPECIALISTA;; ESTATUTARIO;10356,11;;10356,11;2731,67;7624,44;
LUCIANO OLIVEIRA DE MELO;DIVISAO DE ADMINISTRACAO;ASSIST.ADMIN.-ASA-T.S.N.M.-A;GERENTE; ESTATUTARIO;10828,77;;10828,77;2094,78;8733,99;
LUCICLEIA FREITAS MADY;SERVICO DE ENFERMAGEM;TECNICO DE PATOLOGIA CLINICA A;; ESTATUTARIO;3211,48;;3211,48;358,89;2852,59;
LUCINETE VIANA DA SILVA;SETOR DE ENFERMARIA;AUXILIAR DE ENFERMAGEM A;; ESTATUTARIO;2962,34;;2962,34;304,78;2657,56;
LUCIVALDO MORAIS DOS REIS;SETOR DE RADIOTERAPIA;TEC.DE RADIOTERAPIA-TER-P.S.N.M.-A;TEC. EM RADIOTERAPIA; ESTATUTARIO;3229,55;;3229,55;368,14;2861,41;
LUIGI GUIDOBONO NUNES;SETOR DE NUTRICAO E DIETETICA;COPEIRO-COP-T.S.N.A.-A;; ESTATUTARIO;2659,85;;2659,85;278,77;2381,08;
LUIS ARTURO ULLOA PEREZ;SETOR DE PATOLOGIA CLINICA;FARMAC.BIOQ. -FAB-P.S.N.S.-D;; ESTATUTARIO;8558,91;;8558,91;2337,47;6221,44;
LUIS FELIPE MENEZES DA COSTA;DIR.ADMINISTRATIVA-FINANCEIRA;GERENTE;NAO INFORMADO; CARGO COMISSION.S/VINCULO;4693,27;;4693,27;647,35;4045,92;
LUIS MANSUETO PEREIRA FILHO;DIVISAO DE ADMINISTRACAO;COMUNICADOR SOC.-COS-T.S.N.S.-A;; ESTATUTARIO;6147,51;;6147,51;1203,68;4943,83;
LUISA DOS SANTOS TORRES;SECAO DE MATERIAL E PATRIMONIO;ASSIST.ADMIN.-ASA-T.S.N.M.-A;; ESTATUTARIO;2769,12;;2769,12;293,55;2475,57;
LUIZ CARLOS DOS SANTOS JUNIOR;SETOR ABDOMINO-TORAXICO;MEDICO ESPECIALISTA;; ESTATUTARIO;10634,45;;10634,45;2834,75;7799,70;
LUIZ COSME VINHOTE ARAUJO;SETOR DE TELEFONIA - D.A.F.;AGENTE ADM.-AGA-T.S.N.A.-E;GERENTE; ESTATUTARIO;6621,21;;6621,21;908,64;5712,57;
LUIZ SERGIO MACHADO DOS SANTOS;SETOR DE CABECA E PESCOCO;CIR.DENT.-CCRD-P.S.N.S.-B;; ESTATUTARIO;8528,82;;8528,82;2100,24;6428,58;
MAELEN SENA MARQUES;SECAO DE SERVICOS GERAIS;AUX.DE SERV.GER.-ASG-T.S.N.A.-A;; ESTATUTARIO;2604,44;;2604,44;280,62;2323,82;
MAIKO RAMOS MAIA;SETOR DE PATOLOGIA CLINICA;MEDICO ESPECIALISTA;GERENTE; ESTATUTARIO;9911,14;;9911,14;2567,95;7343,19;
MANOEL JESUS PINHEIRO COELHO;SETOR ABDOMINO-TORAXICO;MEDICO ESPECIALISTA;; ESTATUTARIO;13344,45;;13344,45;4080,39;9264,06;
MANOEL JESUS PINHEIRO COELHO JUNIOR;SERVICO DE CIRURGIA ANCOLOGICA;MEDICO ESPECIALISTA;; ESTATUTARIO;9911,14;;9911,14;2567,95;7343,19;
MARA TATIANE SILVA DOS SANTOS MARIA;SETOR DE ENFERMARIA;TEC. DE ENFERMAGEM-TEN-P.S.N.M.-A;; ESTATUTARIO;3309,55;;3309,55;368,14;2941,41;
MARCELA DE MATOS QUEIROZ;SETOR DE ENFERMARIA;TEC. DE ENFERMAGEM-TEN-P.S.N.M.-A;TEC ENFERMAGEM; ESTATUTARIO;3229,55;;3229,55;368,14;2861,41;
MARCELO BENTES DA SILVA;MANDADO DE SEGURANCA;PSICOLOGO-PSI-P.S.N.S.-A;; ESTATUTARIO;7797,48;;7797,48;1824,89;5972,59;
MARCELO JOSE FERREIRA DE SOUZA;SETOR DE ZELAD.VIG.TRANSPORTES;MOTORISTA-MOT-T.S.N.A.-B;; ESTATUTARIO;3321,29;;3321,29;380,98;2940,31;
MARCELO TAPAJOS ARAUJO;DIRETORIA TECNICA;MEDICO DOUTOR;GERENTE; ESTATUTARIO;18755,08;;18755,08;5461,07;13294,01;
MARCIA ANDRADE DE SOUZA;SETOR DE ENFERMARIA;AUXILIAR DE ENFERMAGEM A;; ESTATUTARIO;3034,34;;3034,34;260,68;2773,66;
MARCIA DOS SANTOS LIRA DA SILVA;SETOR DE ENFERMARIA;AUXILIAR DE ENFERMAGEM A;; ESTATUTARIO;2962,34;;2962,34;304,78;2657,56;
MARCIA MARIA DE OLIVEIRA PASTOR;SETOR DE AMBULATORIO;FONOAUDIOLOGO-FON-P.S.N.S.-A;; ESTATUTARIO;7797,48;;7797,48;1824,89;5972,59;
MARCILENE RODRIGUES DOS SANTOS;SERVICO DE ENFERMAGEM;TEC. DE ENFERMAGEM-TEN-P.S.N.M.-A;TEC DE ENFERMAGEM; ESTATUTARIO;3229,55;;3229,55;319,05;2910,50;
MARCO ANTONIO CRUZ ROCHA;SERVICO DE CIRURGIA ANCOLOGICA;MEDICO ESPECIALISTA;DIRETOR TECNICO; ESTATUTARIO;23981,23;;23981,23;6448,82;17532,41;
MARCO ANTONIO RICCI CORREA JUNIOR;SERVICO DE CIRURGIA ANCOLOGICA;MEDICO ESPECIALISTA;; ESTATUTARIO;13181,23;;13181,23;3478,82;9702,41;
MARCOS AURELIO FERREIRA DA SILVA;SETOR DE ENFERMARIA;FARMAC.BIOQ. -FAB-P.S.N.S.-A;FARMACEUTICO; ESTATUTARIO;7800,23;;7800,23;2051,83;5748,40;
MARCOS GOMES BEZERRA JUNIOR;SETOR DE ZELAD.VIG.TRANSPORTES;MOTORISTA-MOT-T.S.N.A.-A;; ESTATUTARIO;2980,84;;2980,84;333,32;2647,52;
MARESSA GASPAROTO LENGLUBE LISBOA;SETOR DE ENFERMARIA;ENFERMEIRO-ENF-P.S.N.S.-A;; ESTATUTARIO;7797,48;;7797,48;1824,89;5972,59;
MARIA ANGELA COSTA LIMA GIOIA;DIVISAO DE ADMINISTRACAO;ADMINISTRADOR ADM.T.S.N.S.-A;GERENTE AD 2; ESTATUTARIO;11079,47;;11079,47;2654,56;8424,91;
MARIA AUREA PEREIRA DOS SANTOS;SETOR DE NUTRICAO E DIETETICA;COZINHEIRO-COZ-T.S.N.A.-D;; ESTATUTARIO;3445,00;;3445,00;364,77;3080,23;
MARIA AUXILIADORA BRAGA DE OLIVEIRA;SETOR DE ENFERMARIA;ENFERMEIRO-ENF-P.S.N.S.-B;; ESTATUTARIO;8988,21;;8988,21;2167,93;6820,28;
MARIA AUXILIADORA DA SILVA SILVA;CONS.TECNICO-ADMINISTRATIVO;CONTADOR-CON-T.S.N.S.-A;; ESTATUTARIO;6147,51;;6147,51;1203,68;4943,83;
MARIA AUXILIADORA FERNANDES DA SILV;SETOR DE ENFERMARIA;AUX.DE ENFERM.-AEF-P.S.N.A.-B;; ESTATUTARIO;2423,65;;2423,65;339,31;2084,34;
MARIA AUXILIADORA TRINDADE REBELO;SETOR DE AMBULATORIO;MEDICO ESPECIALISTA;; ESTATUTARIO;9911,14;;9911,14;2567,95;7343,19;
MARIA CELIA CASTRO DA COSTA;SERVICO DE RADIOTERAPIA;TECNICO DE RADIOTERAPIA A;; ESTATUTARIO;4017,97;;4017,97;421,99;3595,98;
MARIA CELIA VIANA CIDRONIO;SERVICOS TECNICOS;ASSIST.SOC.ASS-P.S.N.S.-CL.D;GERENTE AD 2; ESTATUTARIO;8576,47;;8576,47;2344,08;6232,39;
MARIA CINTIA DA COSTA B C E SOUZA;SETOR DE FARMACIA;AUX.DE FARMACIA-AFA-P.S.N.A.-A;; ESTATUTARIO;2176,98;;2176,98;;2176,98;
MARIA DAS GRACAS BASTOS DE LIMA;SETOR DE CITOPATOLOGIA;TEC.DE HISTOLOGIA-THI-P.S.N.M.-A;TEC.HISTOLOGIA; ESTATUTARIO;2629,55;;2629,55;368,14;2261,41;
MARIA DAS GRACAS COSTA DE SENA;SERVICO DE ENFERMAGEM;ENFERMEIRO-ENF-P.S.N.S.-A;ENFERMERO; ESTATUTARIO;7939,96;;7939,96;1878,53;6061,43;
MARIA DAS GRACAS TEIXEIRA DE M MAIA;SETOR DE ENFERMARIA;TEC. DE ENFERMAGEM-TEN-P.S.N.M.-D;; ESTATUTARIO;3082,17;;3082,17;464,66;2617,51;
MARIA DE DEUS MOURAO XAVIER;SETOR DE ENFERMARIA;AUXILIAR DE ENFERMAGEM A;AUX. DE ENFERMAGEM A; ESTATUTARIO;2962,34;;2962,34;304,78;2657,56;
MARIA DE LOURDES DOS SANTOS;SECAO DE SERVICOS GERAIS;AUX.DE SERV.GER.-ASG-T.S.N.A.-D;; ESTATUTARIO;2987,60;;2987,60;334,26;2653,34;
MARIA DE NAZARE CORREA DE AZEVEDO;SETOR DE ENFERMARIA;ENFERMEIRO A;; ESTATUTARIO;7797,48;;7797,48;1824,89;5972,59;
MARIA DIVINA GONCALVES DE ALMEIDA;SETOR DE CITOPATOLOGIA;TEC.DE HISTOLOGIA-THI-P.S.N.M.-A;TEC. HISTOLOGIA; ESTATUTARIO;3433,40;;3433,40;383,45;3049,95;
MARIA DO SOCORRO ANDRADE RIBEIRO;SETOR DE ENFERMARIA;TEC. DE ENFERMAGEM-TEN-P.S.N.M.-A;TEC ENFERMAGEM; ESTATUTARIO;3229,55;;3229,55;368,14;2861,41;
MARIA DO SOCORRO BARROZO BATALHA;SETOR DE RADIOTERAPIA;TECNICO EM RADIOTERAPIA;TEC. EM RADIOTERAPIA; ESTATUTARIO;2563,48;;2563,48;358,89;2204,59;
MARIA DO SOCORRO BARROZO BATALHA;SETOR DE RADIOTERAPIA;TEC.DE RADIOTERAPIA-TER-P.S.N.M.-A;TEC. RADIOTERAPIA; ESTATUTARIO;3163,48;;3163,48;346,92;2816,56;
MARIA DO SOCORRO DAS CHAGAS;SERVICO DE ENFERMAGEM;ENFERMEIRO-ENF-P.S.N.S.-A;ENFERMERO; ESTATUTARIO;7939,96;;7939,96;1878,53;6061,43;
MARIA DO SOCORRO DE OLIVEIRA LIMA M;SETOR DE ENFERMARIA;ENFERMEIRO-ENF-P.S.N.S.-B;; ESTATUTARIO;8988,21;;8988,21;2273,20;6715,01;
MARIA DO SOCORRO MARQUES CARVALHO;SERV.CLIN.MED.ONC.E APOIO TER.;TEC.DE HEMOTERAP.-THE-P.S.N.M.-A;TEC HEMATERAPIA; ESTATUTARIO;3298,59;;3298,59;377,80;2920,79;
MARIA DO SOCORRO SANTOS DE ARAUJO;SETOR DE HEMATOL.E HEMOTERAPIA;TEC.DE HEMOTERAP.-THE-P.S.N.M.-A;; ESTATUTARIO;3454,63;;3454,63;359,68;3094,95;
MARIA EMILIA DIAS DE ALMEIDA;SERVICO DE ENFERMAGEM;ENFERMEIRO-ENF-P.S.N.S.-C;; ESTATUTARIO;8935,07;;8935,07;2479,09;6455,98;
MARIA GRACIETE RIBEIRO CARNEIRO;SETOR DE HEMATOL.E HEMOTERAPIA;PSICOLOGO-PSI-P.S.N.S.-B;GERENTE AD 2; ESTATUTARIO;14574,12;;14574,12;3845,97;10728,15;
MARIA JOSE DE OLIVEIRA DA S NUNES;SETOR DE NUTRICAO E DIETETICA;COZINHEIRO-T.S.N.A.-A;COZINHEIRA; ESTATUTARIO;2988,88;;2988,88;334,44;2654,44;
MARIA LEITE MARTINS;SETOR DE CENTRO MEDICO;TEC. DE ENFERMAGEM-TEN-P.S.N.M.-A;; ESTATUTARIO;3229,55;;3229,55;368,14;2861,41;
MARIA LUCILENA FERREIRA DA SILVA;SETOR DE PATOLOGIA CLINICA;TEC.DE PAT.CLINICA-TPC-P.S.N.M.-A;; ESTATUTARIO;3163,48;;3163,48;358,89;2804,59;
MARIA MARGARETH FERREIRA GOMES;SETOR DE NUTRICAO E DIETETICA;COZINHEIRO-T.S.N.A.-A;COZINHEIRA; ESTATUTARIO;3572,08;;3572,08;336,98;3235,10;
MARIA SARA PEDROZA FREIRE OLIVEIRA;SETOR DE NUTRICAO E DIETETICA;COZINHEIRO-T.S.N.A.-A;COZINHEIRA; ESTATUTARIO;2925,83;;2925,83;317,22;2608,61;
MARIA VERBENE COSTA AGUIAR;SETOR DE ENFERMARIA;ENFERMEIRO-ENF-P.S.N.S.-A;; ESTATUTARIO;7797,48;;7797,48;1824,89;5972,59;
MARIA VILANIR DA SILVA;SETOR DE SERVICO SOCIAL;ASSIST.SOC.ASS-P.S.N.S.-CL.A;; ESTATUTARIO;7797,48;;7797,48;1824,89;5972,59;
MARIA WILMA TORRES DA COSTA;CHEFIA DE GABINETE;COPEIRO-COP-T.S.N.A.-A;; ESTATUTARIO;2604,44;;2604,44;280,62;2323,82;
MARILIA BATISTA AZEVEDO;SETOR DE ENFERMARIA;TEC. DE ENFERMAGEM-TEN-P.S.N.M.-A;; ESTATUTARIO;3163,48;;3163,48;311,04;2852,44;
MARILIA MUNIZ CAVALCANTE DE OLIVEIR;SERVICO DE ENFERMAGEM;ENFERMEIRO-ENF-P.S.N.S.-B;CHEFE DE DEPART.; ESTATUTARIO;13974,74;;13974,74;3643,13;10331,61;
MARINEIA SILVA DO NASCIMENTO;SETOR DE ENFERMARIA;TEC. DE ENFERMAGEM-TEN-P.S.N.M.-A;TECNICO ENFERMAGEM; ESTATUTARIO;3229,55;;3229,55;368,14;2861,41;
MARIO JOSE CASTELO BRANCO;SETOR DE FARMACIA;ASSISTENTE TECNICO A;; ESTATUTARIO;3351,98;;3351,98;375,20;2976,78;
MARIO MARCELO DE OLIVEIRA FEITOSA;SETOR DE ZELAD.VIG.TRANSPORTES;MOTORISTA-MOT-T.S.N.A.-A;; ESTATUTARIO;3020,84;;3020,84;333,32;2687,52;
MARIO SERGIO DE MORAES PINTO;SERV.CLIN.MED.ONC.E APOIO TER.;MEDICO ESPECIALISTA;; ESTATUTARIO;9911,14;;9911,14;2567,95;7343,19;
MARISE DA SILVA PEREIRA;DIVISAO DE ADMINISTRACAO;TELEFONISTA-TEL-T.S.N.A.-E;; ESTATUTARIO;2677,18;;2677,18;290,81;2386,37;
MARIZA FEITOZA DA COSTA;SETOR DE ENFERMARIA;TEC. DE ENFERMAGEM-TEN-P.S.N.M.-A;TEC ENFERMAGEM; ESTATUTARIO;3293,55;;3293,55;331,32;2962,23;
MARLICE FIGUEIREDO DA COSTA;SERVICOS TECNICOS;COPEIRO-COP-T.S.N.A.-A;; ESTATUTARIO;2604,44;;2604,44;280,62;2323,82;
MARTA JOYCE MATOS VIEIRA DA CUNHA;CHEFIA DE GABINETE;COPEIRO-COP-T.S.N.A.-A;; ESTATUTARIO;2659,85;;2659,85;288,38;2371,47;
MARYZANGELA DE MIRANDA FERREIRA;SERV.CLIN.MED.ONC.E APOIO TER.;TEC.DE HEMOTERAP.-THE-P.S.N.M.-A;; ESTATUTARIO;3298,59;;3298,59;377,80;2920,79;
MAURA ANDREA NEGREIROS BIANCO;ASSESSORIA;ASSESSOR I;NAO INFORMADO; CARGO COMISSION.S/VINCULO;5700,30;;5700,30;979,40;4720,90;
MAURICIO SOARES BECHMAN;SECAO DE ORCAMENTO E FINANCAS;ASSIST.ADMIN.-ASA-T.S.N.M.-A;; ESTATUTARIO;2769,12;;2769,12;303,68;2465,44;
MAYSA DE SOUZA CRUZ;SECAO DE PESSOAL;PSICOLOGO C;; ESTATUTARIO;7797,48;;7797,48;1824,89;5972,59;
MICHELE CRISTIANE DE SOUZA ALBUQUER;SETOR DE ONCOLOGIA CLINICA;ENFERMEIRO-ENF-P.S.N.S.-A;; ESTATUTARIO;8290,46;;8290,46;2010,50;6279,96;
MIRLANE GUIMARAES DE MELO CARDOSO;SETOR DE ANESTESIOLOGIA;GERENTE;; CARGO COMISSION.S/VINCULO;4693,27;;4693,27;647,35;4045,92;
MOISES CAMPOS ASSUNCAO;SECAO DE ORCAMENTO E FINANCAS;GERENTE;; CARGO COMISSION.S/VINCULO;4693,27;;4693,27;647,35;4045,92;
MONICA DO SOCORRO ROCHA DE OLIVEIRA;SETOR DE ENFERMARIA;ENFERMEIRO-ENF-P.S.N.S.-A;; ESTATUTARIO;7197,48;;7197,48;1824,89;5372,59;
MONICA MARIA BANDEIRA DE MELO;SETOR GENITO PELVICO UROLOGICO;MEDICO ESPECIALISTA;GERENTE; ESTATUTARIO;15045,36;;15045,36;4086,49;10958,87;
MONICA MARIA COSTA SIMOES;SETOR DE ENFERMARIA;AUXILIAR DE ENFERMAGEM A;; ESTATUTARIO;3042,34;;3042,34;304,78;2737,56;
NAJLA DE OLIVEIRA PINHEIRO;SETOR DE AMBULATORIO;MEDICO ESPECIALISTA;; ESTATUTARIO;10035,92;;10035,92;2613,86;7422,06;
NARA FARIAS DE SOUSA;SETOR DE ENFERMARIA;ENFERMEIRO-ENF-P.S.N.S.-A;; ESTATUTARIO;7939,96;;7939,96;1510,07;6429,89;
NEIVA OLIVEIRA CAMPOS;DIVISAO DE ADMINISTRACAO;TELEFONISTA-TEL-T.S.N.A.-E;; ESTATUTARIO;3369,57;;3369,57;290,81;3078,76;
NELLY DE FREITAS BATALHA;SETOR DE ENFERMARIA;TEC. DE ENFERMAGEM-TEN-P.S.N.M.-A;; ESTATUTARIO;4017,97;;4017,97;421,99;3595,98;
NILDA MARIA DA SILVA;DIR.ADMINISTRATIVA-FINANCEIRA;DIRETOR ADMINISTRATIVO E FINANCEIRO;NAO INFORMADO; CARGO COMISSION.S/VINCULO;9600,00;;9600,00;2225,83;7374,17;
NORTHON CESAR MARQUES MELO;SETOR DE IMAGENOLOGIA;TEC.DE RAD.MEDICA-TRM-P.S.N.M.-A;TEC EM RADIOLOGIA; ESTATUTARIO;3229,55;;3229,55;368,14;2861,41;
ORNAN AUGUSTO DA COSTA;SETOR DE ENFERMARIA;TEC. DE ENFERMAGEM-TEN-P.S.N.M.-A;; ESTATUTARIO;3163,48;;3163,48;346,92;2816,56;
PATRICIA CHAGAS LIMA;SAME;FISIOTERAPEUTA-FIS-P.S.N.S.-A;GERENTE; ESTATUTARIO;11797,48;;11797,48;2924,89;8872,59;
PATRICIA FRANCINETTE OLIVEIRA COSTA;DIVISAO DE ADMINISTRACAO;TELEFONISTA-TEL-T.S.N.A.-E;; ESTATUTARIO;2677,18;;2677,18;290,81;2386,37;
PAULO ROBERTO MENDONCA DOS S JUNIOR;SERVICO DE CIRURGIA ANCOLOGICA;MEDICO ESPECIALISTA;CHEFE DE DEPARTAMENT; ESTATUTARIO;15035,92;;15035,92;3988,86;11047,06;
PAULO SERGIO SARAIVA SANTIAGO;NUCLEO MEDICO-ASSISTENCIAL;MEDICO GENERALISTA;; ESTATUTARIO;6459,20;;6459,20;1514,95;4944,25;
PEDRO IVO MACEDO COSTA;SETOR DE ZELAD.VIG.TRANSPORTES;MOTORISTA-MOT-T.S.N.A.-A;; ESTATUTARIO;3540,58;;3540,58;424,32;3116,26;
PEDRO PAULO OLIVEIRA SANTOS;SERVICO DE CIRURGIA ANCOLOGICA;ENFERMEIRO-ENF-P.S.N.S.-A;; ESTATUTARIO;8019,96;;8019,96;1808,42;6211,54;
PERLA AZIZE ASSAYAG;SETOR DE CABECA E PESCOCO;CIRURGIAO DENTISTA A;GERENTE AD 2; ESTATUTARIO;12191,87;;12191,87;3033,35;9158,52;
PETRONIO SILVEIRA QUINTELO;SETOR DE AMBULATORIO;MEDICO ESPECIALISTA;; ESTATUTARIO;9911,14;;9911,14;1671,75;8239,39;
PITAGUARAS COSTA DE O SARAIVA;SETOR DE LIQ.DE CONTAS HOSPIT.;ASSIST.ADMIN.-ASA-T.S.N.M.-A;; ESTATUTARIO;2828,77;;2828,77;301,63;2527,14;
POLIANA ALBUQUERQUE SIGNORINI;SETOR DE AMBULATORIO;MEDICO ESPECIALISTA;; ESTATUTARIO;13911,14;;13911,14;3667,95;10243,19;
PRISCILA DE LIMA FARIAS;SETOR DE HEMATOL.E HEMOTERAPIA;TEC.DE HEMOTERAP.-THE-P.S.N.M.-A;; ESTATUTARIO;3163,48;;3163,48;358,89;2804,59;
PRISCILA OLIVEIRA DE SOUZA;SERVICO DE RADIOTERAPIA;TEC.DE RADIOTERAPIA-TER-P.S.N.M.-A;; ESTATUTARIO;3163,48;;3163,48;346,92;2816,56;
PRISCILLA RUTH DA COSTA E SILVA;CHEFIA DE GABINETE;ASSIST.ADMIN.-ASA-T.S.N.M.-A;; ESTATUTARIO;2228,77;;2228,77;312,03;1916,74;
RAFAEL DA SILVA BANDEIRA;SETOR DE ENFERMARIA;ENFERMEIRO-ENF-P.S.N.S.-A;; ESTATUTARIO;7869,48;;7869,48;1844,69;6024,79;
RAFIZIA FERNANDA ALBUQUERQUE SILVA;SETOR DE LIQ.DE CONTAS HOSPIT.;ASSIST.ADMIN.-ASA-T.S.N.M.-A;; ESTATUTARIO;2828,77;;2828,77;312,03;2516,74;
RAIMUNDA BARBOSA PINTO FERREIRA;DIVISAO DE ADMINISTRACAO;RECEPCIONISTA-REC-T.S.N.A.-E;; ESTATUTARIO;2677,18;;2677,18;261,72;2415,46;
RAIMUNDA GOMES LESCH;SETOR DE RADIOTERAPIA;ASSISTENTE TECNICO A;; ESTATUTARIO;3691,83;;3691,83;413,59;3278,24;
RAIMUNDA NONATA SILVA TELES;SETOR DE NUTRICAO E DIETETICA;COZINHEIRO-T.S.N.A.-A;; ESTATUTARIO;2659,85;;2659,85;288,38;2371,47;
RAIMUNDO NONATO CAVALCANTE MACIEL;SETOR DE ZELAD.VIG.TRANSPORTES;MOTORISTA-MOT-T.S.N.A.-A;MOTORISTA; ESTATUTARIO;2380,84;;2380,84;333,32;2047,52;
RAIMUNDO NONATO NUNES;SETOR DE ENFERMARIA;TEC. DE ENFERMAGEM-TEN-P.S.N.M.-A;TEC. DE ENFERMAGEM; ESTATUTARIO;2629,55;;2629,55;368,14;2261,41;
RAMIRO QUIRINO DE MATOS;NUCLEO MEDICO-ASSISTENCIAL;SUPERVISOR EM RADIOPROTECAO FISICA;NAO INFORMADO; CARGO COMISSION.S/VINCULO;3081,24;;3081,24;272,80;2808,44;
REBECA AMOEDO DA SILVA;SETOR DE FARMACIA;FARMACEUTICO-FAR-P.S.N.S.-A;; ESTATUTARIO;7797,48;;7797,48;817,24;6980,24;
REIGIANE MARTINS DE SOUZA;DIVISAO DE ADMINISTRACAO;RECEPCIONISTA-REC-T.S.N.A.-E;; ESTATUTARIO;2621,21;;2621,21;282,97;2338,24;
REINALDO CORREA LOPES;SETOR DE HEMATOL.E HEMOTERAPIA;TEC.DE HEMOTERAP.-THE-P.S.N.M.-A;; ESTATUTARIO;3534,63;;3534,63;421,75;3112,88;
RENATA CAMPOS GOMIDES NASCIMENTO;SETOR DE NUTRICAO E DIETETICA;TEC.DE NUT.E DIET.-TND-P.S.N.M.-A;; ESTATUTARIO;3163,48;;3163,48;334,96;2828,52;
RENATO DA SILVA REPILLA;SETOR DE CABECA E PESCOCO;CIRURGIAO DENTISTA A;; ESTATUTARIO;8191,87;;8191,87;1933,35;6258,52;
RICARDO ALAN MONTEIRO BATISTA;DIR.ADMINISTRATIVA-FINANCEIRA;ASSESSOR I;NAO INFORMADO; CARGO COMISSION.S/VINCULO;5700,30;;5700,30;979,40;4720,90;
RICARDO DIAS DA ROCHA;SERVICO DE ENFERMAGEM;MEDICO ESPECIALISTA;MEDICO URGENTISTA; ESTATUTARIO;10035,92;;10035,92;2613,86;7422,06;
RICARDO RIBEIRO DE MORAIS;DIVISAO DE ADMINISTRACAO;BACHAREL EM COMP.-BQO-T.S.N.S.-A;SUBGERENTE; ESTATUTARIO;9022,77;;9022,77;1981,71;7041,06;
RICARDO SERGIO XAVIER PINTO;SETOR DE ENFERMARIA;ENFERMEIRO A;; ESTATUTARIO;8290,46;;8290,46;1913,99;6376,47;
RITA DE CASSIA ALENCAR REFFERT;SETOR DE ENFERMARIA;FARMACEUTICO BIOQUIMICO B;; ESTATUTARIO;8346,46;;8346,46;2025,90;6320,56;
RITA DE CASSIA RODRIGUES CAMPOS;SETOR DE PATOLOGIA CLINICA;AUX.DE PATOL.CLIN.-APC-P.S.N.A.-A;; ESTATUTARIO;2301,65;;2301,65;322,23;1979,42;
RITA DE CASSIA UCHOA DE P MOUZINHO;SETOR DE PATOLOGIA CLINICA;TEC.DE PAT.CLINICA-TPC-P.S.N.M.-C;; ESTATUTARIO;3005,62;;3005,62;448,21;2557,41;
ROBERLAN DAS CHAGAS LIMA;SETOR DE PATOLOGIA CLINICA;TEC.DE PAT.CLINICA-TPC-P.S.N.M.-A;; ESTATUTARIO;3195,48;;3195,48;358,89;2836,59;
ROBSON DO NASCIMENTO CAVALCANTE;SECAO DE PESSOAL;AGENTE ADM.-AGA-T.S.N.A.-E;GERENTE; ESTATUTARIO;8628,28;;8628,28;1460,59;7167,69;
RODRIGO BATISTA NEVES;SETOR DE FARMACIA;AUX.DE FARMACIA-AFA-P.S.N.A.-A;; ESTATUTARIO;2856,98;;2856,98;294,62;2562,36;
RODRIGO PERRONE SILVEIRA;SETOR DE FARMACIA;FARMACEUTICO-FAR-P.S.N.S.-A;; ESTATUTARIO;8277,31;;8277,31;937,26;7340,05;
RODRIGO POLO DA COSTA;SETOR DE AMBULATORIO;MEDICO ESPECIALISTA;MEDICO ESPECIALISTA; ESTATUTARIO;10035,92;;10035,92;2613,86;7422,06;
ROGERIO LIMA DOS SANTOS;SETOR DE AMBULATORIO;MEDICO ESPECIALISTA;MED ESPECIALISTA; ESTATUTARIO;10698,47;;10698,47;2863,31;7835,16;
ROMILDO TORRES CAMELO;SETOR DE ANATOMIA PATOLOGICA;MEDICO ESPECIALISTA;; ESTATUTARIO;10397,68;679,81;9717,87;2782,80;6935,07;
RONALDO RODRIGUES DA COSTA;SECAO DE EXPEDIENTE;ASSISTENTE TECNICO A;GERENTE; ESTATUTARIO;7247,84;;7247,84;1168,70;6079,14;
ROSANGELA DAS NEVES SMITH;AMBULATORIO-DEPTO.ENFERMAGEM;TEC. DE ENFERMAGEM-TEN-P.S.N.M.-A;GERENTE; ESTATUTARIO;7163,48;;7163,48;1133,69;6029,79;
ROSE ANE SOUZA MORAL;SECAO DE EXPEDIENTE;AGENTE ADM.-AGA-T.S.N.A.-G;; ESTATUTARIO;3157,70;;3157,70;358,08;2799,62;
ROSILENE NEVES BEZERRA DE SA;SETOR DE ENFERMARIA;FARMACEUTICO-FAR-P.S.N.S.-A;; ESTATUTARIO;8168,47;;8168,47;1956,45;6212,02;
ROSILENE VIANA DE ANDRADE;SETOR DE AMBULATORIO;MEDICO MESTRE;; ESTATUTARIO;15206,04;;15206,04;4173,15;11032,89;
ROSSIONE COSTA DA SILVA;SETOR DE ENFERMARIA;ENFERMEIRO-ENF-P.S.N.S.-A;; ESTATUTARIO;7797,48;;7797,48;1734,56;6062,92;
ROZANGELA RODRIGUES DA COSTA;SECAO DE EXPEDIENTE;ASSISTENTE TECNICO A;GERENTE; ESTATUTARIO;7131,39;;7131,39;1120,36;6011,03;
RUAN MACEDO FERREIRA;SETOR DE RADIOTERAPIA;TEC.DE RADIOTERAPIA-TER-P.S.N.M.-A;; ESTATUTARIO;3229,55;;3229,55;355,87;2873,68;
RUTH MESQUITA FERREIRA;SETOR DE ENFERMARIA;TEC. DE ENFERMAGEM-TEN-P.S.N.M.-A;; ESTATUTARIO;2563,48;;2563,48;358,89;2204,59;
RUTH MESQUITA FERREIRA;SERVICO DE ENFERMAGEM;TEC. DE ENFERMAGEM-TEN-P.S.N.M.-A;; ESTATUTARIO;3229,55;;3229,55;368,14;2861,41;
SABRINA RAMOS BIANCO;SETOR DE IMAGENOLOGIA;MEDICO ESPECIALISTA;GERENTE AD 2; ESTATUTARIO;10099,00;;10099,00;2637,07;7461,93;
SAINTCLAYTON DA SILVA SOARES;SETOR DE PATOLOGIA CLINICA;FARMAC.BIOQ. -FAB-P.S.N.S.-A;; ESTATUTARIO;11100,79;;11100,79;2748,16;8352,63;
SAMARA DE OLIVEIRA MORENO;SERVICO DE ENFERMAGEM;AUX.DE ENFERM.-AEF-P.S.N.A.-B;; ESTATUTARIO;3326,01;;3326,01;361,93;2964,08;
SAMARONE SCHRAMM DE ARAUJO;SETOR DE ZELAD.VIG.TRANSPORTES;MOTORISTA-MOT-T.S.N.A.-A;; ESTATUTARIO;2980,84;;2980,84;322,21;2658,63;
SAMUEL OTAS MARTINS;DIVISAO DE ADMINISTRACAO;ASSIST.ADMIN.-ASA-T.S.N.M.-A;; ESTATUTARIO;2828,77;;2828,77;312,03;2516,74;
SANDRA MARIA EVANGELISTA CARANHAS;SETOR DE CITOPATOLOGIA;TEC.DE HISTOLOGIA-THI-P.S.N.M.-A;TEC. DE HISTOLOGIA; ESTATUTARIO;3433,40;;3433,40;411,19;3022,21;
SANELLVA SHEILLA ROCHA;SETOR DE ALMOXARIFADO;AGENTE ADMINISTRATIVO A - N.B.;; ESTATUTARIO;2918,26;;2918,26;324,56;2593,70;
SARA JESSICA TEIXEIRA DE ANDRADE;SETOR DE PATOLOGIA CLINICA;TEC.DE PAT.CLINICA-TPC-P.S.N.M.-A;; ESTATUTARIO;3195,48;;3195,48;358,89;2836,59;
SARDE COSTA SOUZA;ASSESSORIA;AGENTE ADM.-AGA-T.S.N.A.-E;ASSESSOR II; ESTATUTARIO;6493,79;;6493,79;889,63;5604,16;
SHEILA COELHO DA ROCHA;SETOR DE IMAGENOLOGIA;TEC.DE RAD.MEDICA-TRM-P.S.N.M.-A;; ESTATUTARIO;3277,55;;3277,55;368,14;2909,41;
SHIRLEY FRAGOSO MONTEIRO;CONSELHO DIRETOR;ENFERMEIRO A;CHEFE DE DEPARTAMENT; ESTATUTARIO;13290,46;;13290,46;3385,50;9904,96;
SIDNEY RAIMUNDO SILVA CHALUB;CONSELHO DIRETOR;MEDICO MESTRE;; ESTATUTARIO;12458,87;;12458,87;3570,08;8888,79;
SILVANA DA SILVA SOLIMOES;SERVICO COMPLEM.DE DIAGNOSTICO;TEC.DE PAT.CLINICA-TPC-P.S.N.M.-B;; ESTATUTARIO;3777,87;;3777,87;513,76;3264,11;
SILVIA BARBOSA CAVALCANTE;SAME;ASSIST.ADMIN.-ASA-T.S.N.M.-A;; ESTATUTARIO;2769,12;;2769,12;303,68;2465,44;
SIMONE DA SILVA MONTEIRO;SETOR DE FARMACIA;AUX.DE FARMACIA-AFA-P.S.N.A.-A;; ESTATUTARIO;3582,64;;3582,64;330,48;3252,16;
SINFRONIO DE SOUZA;SETOR DE ANATOMIA PATOLOGICA;FARMAC.BIOQ. -FAB-P.S.N.S.-A;; ESTATUTARIO;7797,24;;7797,24;1824,80;5972,44;
SIRLENE MUNIZ BARBOSA;CONSELHO DIRETOR;ASSIST.SOC.ASS-P.S.N.S.-CL.A;; ESTATUTARIO;7797,48;;7797,48;1824,89;5972,59;
SOCRATES LOTE DE OLIVEIRA;SETOR DE IMAGENOLOGIA;MEDICO ESPECIALISTA;CHEFE DE DEPART.; ESTATUTARIO;15621,06;;15621,06;4204,13;11416,93;
SOLANGE SOUZA MICHELE;SERVICO DE ENFERMAGEM;AUXILIAR DE ENFERMAGEM A;; ESTATUTARIO;2962,34;;2962,34;304,78;2657,56;
SONIA PERPETUA BATISTA E RIBEIRO;SETOR DE FARMACIA;AUX.DE FARMACIA-AFA-P.S.N.A.-A;; ESTATUTARIO;3582,64;;3582,64;330,48;3252,16;
STHEFANNY CAROLINE MENDES AZEVEDO;NUCLEO DE ESTUDOS E PESQUISAS;PESQUISADOR INIC.-PEI-P.S.N.S.-A;; ESTATUTARIO;9276,44;;9276,44;2329,58;6946,86;
SUENE CAMPOS DE QUEIROZ;MANDADO DE SEGURANCA;ENGENHEIRO CIVIL-ECI-T.S.N.S.-A;; ESTATUTARIO;6022,77;;6022,77;1156,77;4866,00;
SUZAN CAROL DE OLIVEIRA BISCARO;SETOR DE AMBULATORIO;PSICOLOGO-PSI-P.S.N.S.-A;; ESTATUTARIO;7939,96;;7939,96;1878,53;6061,43;
SYLK NAGAWO AREB;CONSELHO DIRETOR;TEC.DE RADIOTERAPIA-TER-P.S.N.M.-A;; ESTATUTARIO;3163,48;;3163,48;346,92;2816,56;
SYLVIO GOUVEA JUNIOR;SETOR DE ALMOXARIFADO;ASSISTENTE TECNICO A;; ESTATUTARIO;3029,59;;3029,59;340,14;2689,45;
TADEU AFONSO DE SENA SILVA;SECAO DE ORCAMENTO E FINANCAS;ASSISTENTE TECNICO;; ESTATUTARIO;3169,56;;3169,56;359,74;2809,82;
TAMILLE VIEIRA MACHADO;SETOR DE ENFERMARIA;ENFERMEIRO-ENF-P.S.N.S.-A;; ESTATUTARIO;7797,48;;7797,48;1824,89;5972,59;
TANIA DE SOUZA E SOUZA;SETOR DE ENFERMARIA;TEC. DE ENFERMAGEM-TEN-P.S.N.M.-A;TEC. DE ENFERMAGEM; ESTATUTARIO;3454,63;;3454,63;386,33;3068,30;
TATIANA AMARAL PIRES DE ALMEIDA;NUCLEO DE ESTUDOS E PESQUISAS;PESQUISADOR INIC.-PEI-P.S.N.S.-A;; ESTATUTARIO;8831,77;;8831,77;2162,17;6669,60;
TATIANA MINDA HERCULANO CATTEBEKE;SETOR DE AMBULATORIO;MEDICO ESPECIALISTA;; ESTATUTARIO;10035,92;;10035,92;2613,86;7422,06;
TERESINHA DA SILVA BANDEIRA;SETOR DE FARMACIA;ASSISTENTE TECNICO B;; ESTATUTARIO;3683,47;;3683,47;411,93;3271,54;
TEREZA CRISTINA RODRIGUES FERREIRA;DIVISAO DE ADMINISTRACAO;AGENTE ADM.-AGA-T.S.N.A.-E;GERENTE; ESTATUTARIO;6621,21;;6621,21;908,64;5712,57;
TEREZA MARIA FURTADO FARIAS SANTOS;SETOR DE ENFERMARIA;ENFERMEIRO C;; ESTATUTARIO;8290,46;;8290,46;2010,50;6279,96;
THAIS PAIVA SILVA;SAME;ASSIST.ADMIN.-ASA-T.S.N.M.-A;; ESTATUTARIO;2828,77;;2828,77;280,82;2547,95;
THALITA GOMES MARTINS;SETOR DE ANATOMIA PATOLOGICA;MEDICO ESPECIALISTA;; ESTATUTARIO;9911,14;;9911,14;2334,23;7576,91;
THALYTA GABRIELLE BESSA GIL;SETOR DE ENFERMARIA;ENFERMEIRO-ENF-P.S.N.S.-A;; ESTATUTARIO;7197,48;;7197,48;1824,89;5372,59;
THATIANA FERREIRA MARCIAO GUEDES;SETOR DE CITOPATOLOGIA;TEC. EM CITOTECNICA-TCI-P.S.N.M.-A;; ESTATUTARIO;3163,48;;3163,48;358,89;2804,59;
THAUAN ALESSANDRO FEITOZA LOPES;SETOR DE REGISTRO E CONTROLE;ASSIST.ADMIN.-ASA-T.S.N.M.-A;; ESTATUTARIO;2169,12;;2169,12;;2169,12;
THIAGO FELIPE LEMOS DE OLIVEIRA;SAME;ASSIST.ADMIN.-ASA-T.S.N.M.-A;; ESTATUTARIO;2769,12;;2769,12;303,68;2465,44;
THIAGO SILVEIRA PAIVA;SETOR DE ENDOSCOPIA;MEDICO ESPECIALISTA;GERENTE AD-2; ESTATUTARIO;12835,45;;12835,45;3548,73;9286,72;
THIANE FEITOZA DE SOUZA;DIVISAO DE ADMINISTRACAO;ASSIST.ADMIN.-ASA-T.S.N.M.-A;; ESTATUTARIO;2828,77;;2828,77;312,03;2516,74;
ULICEIA LOPES DA SILVA RIBEIRO;SETOR DE ENFERMARIA;TEC. DE ENFERMAGEM-TEN-P.S.N.M.-A;; ESTATUTARIO;3229,55;;3229,55;368,14;2861,41;
VALDENIA COSTA AGUIAR;SETOR DE ENFERMARIA;TEC. DE ENFERMAGEM-TEN-P.S.N.M.-A;TEC ENFERMAGEM; ESTATUTARIO;3229,55;;3229,55;368,14;2861,41;
VALDIRENE PINHEIRO DE ANDRADE;SETOR DE HEMATOL.E HEMOTERAPIA;TEC.DE HEMOTERAP.-THE-P.S.N.M.-A;TEC. DE  HEMOTERAPIA; ESTATUTARIO;3277,55;;3277,55;368,14;2909,41;
VALDIRENE PINHEIRO DE ANDRADE;SETOR DE HEMATOL.E HEMOTERAPIA;TEC.DE HEMOTERAP.-THE-P.S.N.M.-A;; ESTATUTARIO;2563,48;;2563,48;323,00;2240,48;
VALMIER BARBOSA DE SOUZA;SAME;ASSIST.ADMIN.-ASA-T.S.N.M.-A;; ESTATUTARIO;2828,77;;2828,77;312,03;2516,74;
VALNICE MACHADO PORTELA;SETOR DE ENFERMARIA;ENFERMEIRO-ENF-P.S.N.S.-A;ENFERMEIRA; ESTATUTARIO;8537,59;;8537,59;2095,42;6442,17;
VALQUIRIA DO CARMO ALVES MARTINS;SERVICO COMPLEM.DE DIAGNOSTICO;FARMAC.BIOQ. -FAB-P.S.N.S.-B;; ESTATUTARIO;8988,21;;8988,21;2168,93;6819,28;
VANDERLEI RODRIGUES ALVES;SETOR DE PATOLOGIA CLINICA;FARMAC.BIOQ. -FAB-P.S.N.S.-A;; ESTATUTARIO;7797,48;;7797,48;1824,89;5972,59;
VANDERLENE DE MENEZES DA MATA;SERVICO DE ENFERMAGEM;TEC. DE ENFERMAGEM-TEN-P.S.N.M.-A;TEC DE ENFERMAGEM; ESTATUTARIO;3229,55;;3229,55;368,14;2861,41;
VANDERNEILA MARIA LIBORIO DA COSTA;SETOR DE NUTRICAO E DIETETICA;TEC.DE NUT.E DIET.-TND-P.S.N.M.-A;TEC DE NUTRICAO; ESTATUTARIO;3229,55;;3229,55;368,14;2861,41;
VANIA MARIA CAVALCANTE DE ARAUJO;SETOR DE ENFERMARIA;AUX.DE ENFERM.-AEF-P.S.N.A.-C;; ESTATUTARIO;3109,31;;3109,31;351,30;2758,01;
VANIA MARIA COSTA PAULA;SETOR DE ENFERMARIA;TEC. DE ENFERMAGEM-TEN-P.S.N.M.-A;; ESTATUTARIO;3163,48;;3163,48;358,89;2804,59;
VANIA MARIA LIMA DA SILVA ARACATY;SETOR DE INFECCAO HOSPITALAR;ENFERMEIRO-ENF-P.S.N.S.-A;ENFERMEIRA; ESTATUTARIO;7690,46;;7690,46;2010,50;5679,96;
VANIA MARIA LIMA DA SILVA ARACATY;SETOR DE RADIOTERAPIA;ENFERMEIRO C;; ESTATUTARIO;7939,96;;7939,96;1878,53;6061,43;
VINICIUS LIMA FERREIRA DIAS;SERV.CLIN.MED.ONC.E APOIO TER.;CIR.DENT.-CCRD-P.S.N.S.-A;; ESTATUTARIO;7797,48;;7797,48;1824,89;5972,59;
VITOR BERENGUER BARBOSA JUNIOR;DIVISAO DE ADMINISTRACAO;ADVOGADO-ADV-T.S.N.S.-A;; ESTATUTARIO;6022,77;;6022,77;1156,77;4866,00;
VIVIANE DA SILVA FERREIRA;SETOR DE ENFERMARIA;TEC. DE ENFERMAGEM-TEN-P.S.N.M.-A;TEC. DE ENFERMAGEM; ESTATUTARIO;3433,40;;3433,40;411,19;3022,21;
WALDINEI RODRIGUES DA COSTA;SETOR DE NUTRICAO E DIETETICA;COZINHEIRO-T.S.N.A.-A;COZINHEIRO; ESTATUTARIO;2739,85;;2739,85;288,38;2451,47;
WANDERLEY RIBEIRO SARMENTO;SETOR DE IMAGENOLOGIA;TEC.DE RAD.MEDICA-TRM-P.S.N.M.-A;TEC DE RADIOLOGIA; ESTATUTARIO;3277,55;;3277,55;368,14;2909,41;
WILIBRAN CANDIDO DE BARROS;SETOR DE FARMACIA;FARMACEUTICO-FAR-P.S.N.S.-A;; ESTATUTARIO;7877,48;;7877,48;1794,76;6082,72;
WILLAME FERREIRA DA SILVA;CONS.TECNICO-ADMINISTRATIVO;ASSIST.ADMIN.-ASA-T.S.N.M.-A;ASSESSOR III; ESTATUTARIO;5891,15;;5891,15;676,37;5214,78;
YAGO VINICIUS SERRA DOS SANTOS;SETOR DE ANATOMIA PATOLOGICA;TEC.DE HISTOLOGIA-THI-P.S.N.M.-A;; ESTATUTARIO;3163,48;;3163,48;358,89;2804,59;
YASMIN EMILE CONTE ABI ABIB;SETOR DE CITOPATOLOGIA;TEC. EM CITOTECNICA-TCI-P.S.N.M.-A;; ESTATUTARIO;3163,48;;3163,48;346,92;2816,56;
ZENOBIA DOS SANTOS DE ALMEIDA FILHA;SETOR DE SERVICO SOCIAL;ASSIST.SOC.ASS-P.S.N.S.-CL.A;GERENTE AD-2; ESTATUTARIO;7339,96;;7339,96;1878,53;5461,43;
