NOME;LOTACAO;CARGO;FUNCAO;VINCULO;REMUNERACAO LEGAL TOTAL(R$);DESC.TETO(R$); REMUNERACAO LEGAL DEVIDA(R$);DESCONTOS LEGAIS(R$);LIQUIDO DISPONIVEL(R$);
ABGAIL DOS SANTOS MACEDO;REGIMES TEMPORARIOS;ASSISTENTE ADM.ASSISTEN.E LAB.TEMP;; SERVICO TEMPORARIO;1732,96;;1732,96;136,43;1596,53;
ADEMILDES CARDOSO DE FREITAS;DIRETORIA TECNICA;TEC.DE HEMOTERAP.-THE-P.S.N.M.-A;; ESTATUTARIO;3163,48;;3163,48;381,43;2782,05;
ADILASIA DE JESUS SANTOS ARAUJO;DIRETORIA TECNICA;TEC. DE ENFERMAGEM-TEN-P.S.N.M.-A;; ESTATUTARIO;3163,48;;3163,48;381,43;2782,05;
ADRIANA DA SILVA REIS;DIRETORIA TECNICA;RECEPCIONISTA-REC-T.S.N.A.-E;; ESTATUTARIO;2621,21;;2621,21;282,97;2338,24;
ADRIANA HENRIQUE DE SOUZA;REGIMES TEMPORARIOS;TECNICO DE ENFERMAGEM TEMPORARIO;; SERVICO TEMPORARIO;2048,03;;2048,03;164,79;1883,24;
ADRIANA MEDEIROS DE OLIVEIRA;REGIMES TEMPORARIOS;ASSISTENTE ADM.ASSISTEN.E LAB.TEMP;; SERVICO TEMPORARIO;2310,61;;2310,61;204,78;2105,83;
ADRIANA MIRIAN DE MIRANDA T BARBOSA;DIRETORIA ADM. FINANCEIRO;DIRETOR ADMINISTRATIVO E FINANCEIRO;NAO INFORMADO; CARGO COMISSION.S/VINCULO;9600,00;;9600,00;2241,62;7358,38;
ADRIANO RODRIGUES DE ARAUJO;REGIMES TEMPORARIOS;OPERADOR DE MANUTENCAO E APOIO TEMP;; SERVICO TEMPORARIO;1601,40;;1601,40;124,59;1476,81;
AIANA CARULINE KRAMER DA SILVA;DIRETORIA TECNICA;TEC.DE HEMOTERAP.-THE-P.S.N.M.-A;; ESTATUTARIO;3163,48;;3163,48;381,43;2782,05;
ALAN SILVA SANTA BRIGIDA;DIRETORIA ADM. FINANCEIRO;MOTORISTA-MOT-T.S.N.A.-A;; ESTATUTARIO;2922,38;;2922,38;323,42;2598,96;
ALANA NORONHA RODRIGUES;REGIMES TEMPORARIOS;ASSISTENTE ADM.ASSISTEN.E LAB.TEMP;; SERVICO TEMPORARIO;1732,96;;1732,96;136,43;1596,53;
ALBERT EINSTEIN TAVARES DE SEIXAS;REGIMES TEMPORARIOS;ENFERMEIRO TEMPORARIO;; SERVICO TEMPORARIO;5750,25;;5750,25;1169,59;4580,66;
ALCEMIR COSTA ROBERTO FILHO;REGIMES TEMPORARIOS;ASSISTENTE ADM.ADMINISTRACAO TEMP;; SERVICO TEMPORARIO;1732,96;;1732,96;136,43;1596,53;
ALCIMARA DA CRUZ GOMES;DIRETORIA TECNICA;TEC.DE PAT.CLINICA-TPC-P.S.N.M.-A;; ESTATUTARIO;3163,48;;3163,48;381,43;2782,05;
ALCIMARA DA CRUZ GOMES;REGIMES TEMPORARIOS;TECNICO PATOLOGIA CLIN. TEMPORARIO;; SERVICO TEMPORARIO;2048,03;;2048,03;164,79;1883,24;
ALCINEIDE PEREIRA DE VASCONCELOS;DIRETORIA TECNICA;TEC.DE PAT.CLINICA-TPC-P.S.N.M.-A;TEC ENF; ESTATUTARIO;3163,48;;3163,48;381,43;2782,05;
ALCINEIDE PEREIRA DE VASCONCELOS;DIRETORIA TECNICA;TECNICO DE PATOLOGIA CLINICA A;; ESTATUTARIO;2563,48;;2563,48;381,43;2182,05;
ALDENICE FARIAS LOPES;DIRETORIA TECNICA;TEC. DE ENFERMAGEM-TEN-P.S.N.M.-A;; ESTATUTARIO;2563,48;;2563,48;381,43;2182,05;
ALDENOR LOPES DE OLIVEIRA;DIRETORIA TECNICA;TEC. DE HEMOTERAP.-THE-P.S.N.M.-C;; ESTATUTARIO;2876,03;;2876,03;431,13;2444,90;
ALDENOR LOPES DE OLIVEIRA;DIRETORIA TECNICA;TEC.DE HEMOTERAP.-THE-P.S.N.M.-A;; ESTATUTARIO;3163,48;;3163,48;381,43;2782,05;
ALESSANDRO DA SILVA CALADO;DIRETORIA ADM. FINANCEIRO;GERENTE;GERENTE; CARGO COMISSION.S/VINCULO;4693,27;;4693,27;669,94;4023,33;
ALEXANDRE DOS SANTOS TORRES;DIRETORIA ADM. FINANCEIRO;GERENTE;NAO INFORMADO; CARGO COMISSION.S/VINCULO;4693,27;;4693,27;669,94;4023,33;
ALEXANDRE FELIPE BASTOS SAMPAIO;DIRETORIA ADM. FINANCEIRO;AGENTE ADM.-AGA-T.S.N.A.-E;AGENTE ADMINISTRAT.; ESTATUTARIO;2677,18;;2677,18;290,81;2386,37;
ALEXANDRE GOMES DOS SANTOS;REGIMES TEMPORARIOS;TECNICO EM HEMOTERAPIA TEMPORARIO;; SERVICO TEMPORARIO;2048,03;;2048,03;164,79;1883,24;
ALINE CRISTINA SILVA DE MENESES;REGIMES TEMPORARIOS;ENFERMEIRO TEMPORARIO;; SERVICO TEMPORARIO;5918,29;;5918,29;1180,71;4737,58;
ALINE PAULA DE LIMA;REGIMES TEMPORARIOS;ASSISTENTE ADM.ADMINISTRACAO TEMP;; SERVICO TEMPORARIO;1732,96;;1732,96;136,43;1596,53;
ALITA MOURA DE LIMA MUSSA;REGIMES TEMPORARIOS;FARMACEUTIRO BIOQ/BIOM/BIOLOGO TEMP;; SERVICO TEMPORARIO;6033,83;;6033,83;1276,35;4757,48;
ALTAMIR FREITAS LIMA;DIRETORIA ADM. FINANCEIRO;MOTORISTA-MOT-T.S.N.A.-C;; ESTATUTARIO;4199,40;;4199,40;506,36;3693,04;
ALTAMIR IGNACIO CARDOSO;DIRETORIA TECNICA;ADMINISTRADOR ADM.T.S.N.S.-B;GERENTE; ESTATUTARIO;14636,79;;14636,79;3601,17;11035,62;
ALTEMIR DE SOUZA RODRIGUES;DIRETORIA TECNICA;TEC.DE HEMOTERAP.-THE-P.S.N.M.-A;TEC HEMOTER; ESTATUTARIO;3429,03;;3429,03;418,84;3010,19;
ALVARO SANATANIEL PEREIRA SANTOS;REGIMES TEMPORARIOS;ENFERMEIRO TEMPORARIO;; SERVICO TEMPORARIO;5876,28;;5876,28;1217,03;4659,25;
AMANDA LIA REBELO RABELO;REGIMES TEMPORARIOS;ENFERMEIRO TEMPORARIO;; SERVICO TEMPORARIO;5750,25;;5750,25;1169,59;4580,66;
AMANDA LOUISE FEITOSA NASCIMENTO;REGIMES TEMPORARIOS;MEDICO ESPECIALISTA TEMPORARIO;; SERVICO TEMPORARIO;7438,92;;7438,92;1805,37;5633,55;
AMARILIS DA SILVA CORREA;DIRETORIA TECNICA;ENFERMEIRO A;ENFERMEIRO; ESTATUTARIO;7197,48;;7197,48;1840,49;5356,99;
AMY PIRES DO NASCIMENTO;DIRETORIA TECNICA;TEC. DE HEMOTERAP.-THE-P.S.N.M.-C;GERENTE; ESTATUTARIO;3519,37;;3519,37;454,21;3065,16;
ANA ANGELICA DA SILVA OLIVEIRA;DIRETORIA TECNICA;TEC. DE HEMOTERAP.-THE-P.S.N.M.-C;; ESTATUTARIO;3583,67;;3583,67;467,36;3116,31;
ANA CARLA TAVARES LUIZ;REGIMES TEMPORARIOS;TECNICO DE ENFERMAGEM TEMPORARIO;; SERVICO TEMPORARIO;2048,03;;2048,03;164,79;1883,24;
ANA CAROLINA SANTOS DE LIMA;REGIMES TEMPORARIOS;ASSISTENTE ADM.ASSISTEN.E LAB.TEMP;; SERVICO TEMPORARIO;1732,96;;1732,96;136,43;1596,53;
ANA CLAUDIA TEIXEIRA DE S VIAPIANA;DIRETORIA TECNICA;FARMAC.BIOQ. -FAB-P.S.N.S.-A;; ESTATUTARIO;7797,48;;7797,48;1840,49;5956,99;
ANA CRISTINA DAS CHAGAS SENA;DIRETORIA TECNICA;TECNICO-TEC-T.S.N.S.-C;; ESTATUTARIO;10133,35;;10133,35;2296,53;7836,82;
ANA CRISTINA HAYASHIDA;DIRETORIA TECNICA;ASSIST.SOC.ASS-P.S.N.S.-CL.C;; ESTATUTARIO;7968,73;;7968,73;2027,00;5941,73;
ANA GALDINA DOS REIS MENDES;DIRETORIA TECNICA;MEDICO ESPECIALISTA;; ESTATUTARIO;9911,14;;9911,14;2583,55;7327,59;
ANA KEDMA CHAVES PACHECO BRAZ;DIRETORIA TECNICA;MEDICO ESPECIALISTA;; ESTATUTARIO;10629,28;;10629,28;2853,40;7775,88;
ANA KETLEN MARINHO TORRES;REGIMES TEMPORARIOS;ASSISTENTE ADM.ASSISTEN.E LAB.TEMP;; SERVICO TEMPORARIO;1732,96;;1732,96;136,43;1596,53;
ANA LIZ NASCIMENTO BARROSO;DIRETORIA ADM. FINANCEIRO;AGENTE ADM.-AGA-T.S.N.A.-E;GERENTE; ESTATUTARIO;6621,21;;6621,21;991,63;5629,58;
ANA LUCIA CRUZ GOMES;REGIMES TEMPORARIOS;ASSISTENTE ADM.ADMINISTRACAO TEMP;; SERVICO TEMPORARIO;1732,96;;1732,96;136,43;1596,53;
ANA LUCIA SOUZA DE QUEIROZ;REGIMES TEMPORARIOS;TECNICO EM NUTRICAO TEMPORARIO;; SERVICO TEMPORARIO;2048,03;;2048,03;164,79;1883,24;
ANA LUIZA GALUCIO VINENTE;REGIMES TEMPORARIOS;TECNICO DE ENFERMAGEM TEMPORARIO;; SERVICO TEMPORARIO;2048,03;;2048,03;164,79;1883,24;
ANA MARTA PEREIRA DA SILVA;REGIMES TEMPORARIOS;ASSISTENTE ADM.ADMINISTRACAO TEMP;; SERVICO TEMPORARIO;1732,96;;1732,96;136,43;1596,53;
ANA PAULA CARDOSO CRUZ VELOSO;REGIMES TEMPORARIOS;MEDICO ESPECIALISTA TEMPORARIO;; SERVICO TEMPORARIO;7438,92;;7438,92;1805,37;5633,55;
ANA PAULA LEAO DE ARAUJO;DIRETORIA TECNICA;MEDICO ESPECIALISTA;; ESTATUTARIO;9911,14;;9911,14;2583,55;7327,59;
ANA PAULA MIRANDA BARROS;DIRETORIA TECNICA;FARMAC.BIOQ. -FAB-P.S.N.S.-A;; ESTATUTARIO;7797,48;;7797,48;1840,49;5956,99;
ANA PAULA MIRANDA BARROS;REGIMES TEMPORARIOS;FARMACEUTIRO BIOQ/BIOM/BIOLOGO TEMP;; SERVICO TEMPORARIO;5750,25;;5750,25;976,23;4774,02;
ANDERSON DA SILVA LABORDA;REGIMES TEMPORARIOS;ASSISTENTE ADM.ADMINISTRACAO TEMP;; SERVICO TEMPORARIO;1732,96;;1732,96;136,43;1596,53;
ANDRE ALCANTARINO DOS SANTOS;DIRETORIA TECNICA;TEC. DE ENFERMAGEM-TEN-P.S.N.M.-A;TEC.DE ENFERMAGEM; ESTATUTARIO;3163,48;;3163,48;381,43;2782,05;
ANDRE ALVES NOGUEIRA;DIRETORIA ADM. FINANCEIRO;BACHAREL EM COMP.-BQO-T.S.N.S.-A;; ESTATUTARIO;6022,77;;6022,77;1172,37;4850,40;
ANDRE MOISES CASSIANO CORDOVIL;REGIMES TEMPORARIOS;ENFERMEIRO TEMPORARIO;; SERVICO TEMPORARIO;5855,28;;5855,28;1209,13;4646,15;
ANDREA SILVA DE MENEZES;DIRETORIA TECNICA;TEC. DE ENFERMAGEM-TEN-P.S.N.M.-A;; ESTATUTARIO;3163,48;;3163,48;381,43;2782,05;
ANDREA UCHOA ALBUQUERQUE;REGIMES TEMPORARIOS;TEC.ENFERMAGEM URG.E EMERG.TEMP.;; SERVICO TEMPORARIO;2174,06;;2174,06;176,13;1997,93;
ANDREIA FIGUEIREDO DE ASSIS;DIRETORIA TECNICA;TEC.DE HEMOTERAP.-THE-P.S.N.M.-A;; ESTATUTARIO;3163,48;;3163,48;381,43;2782,05;
ANDREW DE OLIVEIRA DIAS;REGIMES TEMPORARIOS;TECNICO EM NUTRICAO TEMPORARIO;; SERVICO TEMPORARIO;2048,03;;2048,03;164,79;1883,24;
ANETE BRITO DE PAIVA;DIRETORIA TECNICA;TEC.DE HEMOTERAP.-THE-P.S.N.M.-A;TEC HEMOTER; ESTATUTARIO;3298,59;;3298,59;409,06;2889,53;
ANGELA GORTZ FERREIRA;DIRETORIA TECNICA;TEC.DE HEMOTERAP.-THE-P.S.N.M.-A;; ESTATUTARIO;3163,48;;3163,48;381,43;2782,05;
ANGELA LUCIA CARVALHO DE ANDRADE;DIRETORIA TECNICA;TEC. DE HEMOTERAP.-THE-P.S.N.M.-D;; ESTATUTARIO;4051,61;;4051,61;523,24;3528,37;
ANGELICA CORREA DE ALMEIDA ALVES;REGIMES TEMPORARIOS;TECNICO PATOLOGIA CLIN. TEMPORARIO;; SERVICO TEMPORARIO;2048,03;;2048,03;164,79;1883,24;
ANGELINA LIMA DE PAULA;REGIMES TEMPORARIOS;TECNICO DE ENFERMAGEM TEMPORARIO;; SERVICO TEMPORARIO;2048,03;;2048,03;164,79;1883,24;
ANNE CAROLINE SOUZA DE ALMEIDA;DIRETORIA ADM. FINANCEIRO;AGENTE ADM.-AGA-T.S.N.A.-E;AGENTE ADMINISTRAT.; ESTATUTARIO;2735,73;;2735,73;299,00;2436,73;
ANNE VALERIA DE ANDRADE MALO;REGIMES TEMPORARIOS;TECNICO DE ENFERMAGEM TEMPORARIO;; SERVICO TEMPORARIO;2142,56;;2142,56;173,30;1969,26;
ANNY KATIUSSIA MIRANDA DA SILVA;REGIMES TEMPORARIOS;TECNICO DE ENFERMAGEM TEMPORARIO;; SERVICO TEMPORARIO;2048,03;;2048,03;164,79;1883,24;
ANTONIA LIOMAR PINHEIRO DE CARVALHO;DIRETORIA TECNICA;TECNICO DE ENFERMAGEM A;TEC.ENFERMAGEM; SERVICO TEMPORARIO;4017,97;;4017,97;488,28;3529,69;
ANTONIA MARINEIDE ALVES DE ARAUJO;REGIMES TEMPORARIOS;ASSISTENTE ADM.ASSISTEN.E LAB.TEMP;; SERVICO TEMPORARIO;1732,96;;1732,96;136,43;1596,53;
ANTONIA PAULA VIEIRA CAVALCANTE;DIRETORIA ADM. FINANCEIRO;SUBGERENTE;SUBGERENTE; CARGO COMISSION.S/VINCULO;3686,94;;3686,94;394,32;3292,62;
ANTONIO PADUA DE ARAUJO GUERRA;DIRETORIA ADM. FINANCEIRO;MOTORISTA-MOT-T.S.N.A.-A;; ESTATUTARIO;2910,15;;2910,15;323,42;2586,73;
ARIANE GABRIELE LOPES SILVA;REGIMES TEMPORARIOS;ASSISTENTE ADM.ASSISTEN.E LAB.TEMP;; SERVICO TEMPORARIO;1732,96;;1732,96;136,43;1596,53;
ARIANE PIRIRIMA C L ZIEGLER;DIRETORIA ADM. FINANCEIRO;ADMINISTRADOR ADM.T.S.N.S.-A;; ESTATUTARIO;6022,77;;6022,77;1172,37;4850,40;
ARINES COSTA DE OLIVEIRA;REGIMES TEMPORARIOS;TECNICO PATOLOGIA CLIN. TEMPORARIO;; SERVICO TEMPORARIO;2048,03;;2048,03;164,79;1883,24;
ARLETE ALEME DA CRUZ SOARES;DIRETORIA TECNICA;TEC. DE ENFERMAGEM-TEN-P.S.N.M.-B;; ESTATUTARIO;3433,40;;3433,40;436,63;2996,77;
ASSISNETE ALVES SANTIAGO SICSU;DIRETORIA TECNICA;TEC. DE HEMOTERAP.-THE-P.S.N.M.-C;; ESTATUTARIO;3476,03;;3476,03;445,34;3030,69;
AURELIO JAVIER YATACO VELA;REGIMES TEMPORARIOS;MEDICO CLINICO GERAL TEMPORARIO;; SERVICO TEMPORARIO;6585,22;;6585,22;1483,95;5101,27;
BARBARA CRISTINA DERZI A RODRIGUES;DIRETORIA ADM. FINANCEIRO;AGENTE ADMINISTRATIVO A - N.B.;SUBGERENTE; ESTATUTARIO;3294,95;;3294,95;321,07;2973,88;
BARBARA EUGENIA GARCIA ROCHA;DIRETORIA ADM. FINANCEIRO;TELEFONISTA-TEL-T.S.N.A.-E;; ESTATUTARIO;2621,21;;2621,21;282,97;2338,24;
BETE LAIA BRITO DE MACEDO;REGIMES TEMPORARIOS;TECNICO DE ENFERMAGEM TEMPORARIO;; SERVICO TEMPORARIO;2153,06;;2153,06;174,24;1978,82;
BRAS CERBARO;REGIMES TEMPORARIOS;MEDICO CLINICO GERAL TEMPORARIO;; SERVICO TEMPORARIO;6837,29;;6837,29;1526,72;5310,57;
BRUNA FERNANDA LIMA DA COSTA;DIRETORIA TECNICA;TECNICO DE HEMOTERAPIA A;; ESTATUTARIO;3163,48;;3163,48;358,89;2804,59;
BRUNO FERREIRA DA SILVA;DIRETORIA ADM. FINANCEIRO;GERENTE;GERENTE; CARGO COMISSION.S/VINCULO;4693,27;;4693,27;669,94;4023,33;
BRUNO KAIK COSTA DA SILVA;DIRETORIA TECNICA;TEC. EM QUIMICA-TEQ-P.S.N.M.-A;; ESTATUTARIO;2563,48;;2563,48;;2563,48;
CAMILA MIRIAM SUEMI SATO B AMARAL;REGIMES TEMPORARIOS;FISIOTERAPEUTA TEMPORARIO;; SERVICO TEMPORARIO;7667,00;;7667,00;1875,05;5791,95;
CANDISSE PONTE PINHEIRO COELHO;REGIMES TEMPORARIOS;MEDICO ESPECIALISTA TEMPORARIO;; SERVICO TEMPORARIO;7438,92;;7438,92;1805,37;5633,55;
CARLA CRISTINA DA SILVA NAZARETH;DIRETORIA TECNICA;PSICOLOGO-PSI-P.S.N.S.-A;PSICOLOGO; ESTATUTARIO;8290,46;;8290,46;2026,10;6264,36;
CARLOS ALBERTO DO VALE COSTA;DIRETORIA ADM. FINANCEIRO;MOTORISTA-MOT-T.S.N.A.-A;MOTORISTA 1 CLASSE; ESTATUTARIO;2980,84;;2980,84;344,08;2636,76;
CARLOS ANDRE FERREIRA DA COSTA;REGIMES TEMPORARIOS;FARMACEUTICO TEMPORARIO;; SERVICO TEMPORARIO;5750,25;;5750,25;1117,45;4632,80;
CARLOS AUGUSTO LARANJEIRA DE CASTRO;REGIMES TEMPORARIOS;FARMACEUTICO TEMPORARIO;; SERVICO TEMPORARIO;5750,25;;5750,25;1169,59;4580,66;
CARLOS EMIDIO MEIRELLES FLORES;REGIMES TEMPORARIOS;ENGENHEIRO CIVIL TEMPORARIO;; SERVICO TEMPORARIO;4332,39;;4332,39;634,42;3697,97;
CARLOS HUMBERTO C O RAMALHO;DIRETORIA TECNICA;PSICOLOGO-PSI-P.S.N.S.-A;PSICOLOGO; ESTATUTARIO;8290,46;;8290,46;2026,10;6264,36;
CAROLINE PEREIRA DOS SANTOS;REGIMES TEMPORARIOS;TECNICO DE ENFERMAGEM TEMPORARIO;; SERVICO TEMPORARIO;2153,06;;2153,06;174,24;1978,82;
CASSIA FERREIRA;REGIMES TEMPORARIOS;TEC.ENFERMAGEM UNID.TERAP.INT.TEMP.;; SERVICO TEMPORARIO;2048,03;;2048,03;164,79;1883,24;
CELI CHRISTINA PEIXOTO SOARES;DIRETORIA TECNICA;TEC. DE ENFERMAGEM-TEN-P.S.N.M.-A;; ESTATUTARIO;4017,97;;4017,97;462,95;3555,02;
CELIA MORAES DOS SANTOS;DIRETORIA TECNICA;TEC.DE PAT.CLINICA-TPC-P.S.N.M.-A;TEC.DE PATOL.CLINICA; ESTATUTARIO;3342,07;;3342,07;412,32;2929,75;
CELIA REGINA DE OLIVEIRA LOPES;DIRETORIA ADM. FINANCEIRO;AGENTE ADM.-AGA-T.S.N.A.-H;; ESTATUTARIO;3012,12;;3012,12;350,48;2661,64;
CELIANE LEAO SILVA;REGIMES TEMPORARIOS;RECEPCIONISTA TEMPORARIO;; SERVICO TEMPORARIO;1614,79;;1614,79;125,80;1488,99;
CELIO RICARDO SALES;DIRETORIA TECNICA;TEC.DE HEMOTERAP.-THE-P.S.N.M.-A;TECNICO HEMOTERAPIA; ESTATUTARIO;3298,57;;3298,57;400,12;2898,45;
CHESMAN DA SILVA ALVES;REGIMES TEMPORARIOS;ENFERMEIRO ESP.EM SEG.DO PAC.TEMP;; SERVICO TEMPORARIO;5750,25;;5750,25;1169,59;4580,66;
CHRISTIANE SANTANA DE MELO;DIRETORIA TECNICA;FARMAC.BIOQ. -FAB-P.S.N.S.-A;; ESTATUTARIO;8631,98;;8631,98;2154,68;6477,30;
CHURCHILL ADOLPHUS GIBBS DOS SANTOS;DIRETORIA ADM. FINANCEIRO;MOTORISTA-MOT-T.S.N.A.-A;SUBGERENTE; ESTATUTARIO;3095,28;;3095,28;343,68;2751,60;
CILENE PINHEIRO CAMPOS;DIRETORIA TECNICA;TEC.DE HEMOTERAP.-THE-P.S.N.M.-A;TEC. DE HEMOTERAPIA; ESTATUTARIO;4198,12;;4198,12;506,05;3692,07;
CILICIA AQUINO DA SILVA;REGIMES TEMPORARIOS;ENFERMEIRO TEMPORARIO;; SERVICO TEMPORARIO;5750,25;;5750,25;1169,59;4580,66;
CINTHIA CRISTINA M E X ALBUQUERQUE;DIRETORIA TECNICA;MEDICO ESPECIALISTA;DIRETOR CLINICO HOSP; ESTATUTARIO;19297,96;;19297,96;5290,60;14007,36;
CINTIA ANDRADE FERREIRA;DIRETORIA TECNICA;TEC.DE HEMOTERAP.-THE-P.S.N.M.-A;; ESTATUTARIO;3163,48;;3163,48;358,89;2804,59;
CINTIA CARVALHO ALVES;DIRETORIA TECNICA;ENFERMEIRO-ENF-P.S.N.S.-A;; ESTATUTARIO;7902,65;;7902,65;1869,42;6033,23;
CIRO ATALO DA SILVA BENARROS;DIRETORIA ADM. FINANCEIRO;AGENTE ADM.-AGA-T.S.N.A.-E;SUBGERENTE; ESTATUTARIO;5621,21;;5621,21;670,29;4950,92;
CLARICE PEREIRA DE JESUS RODRIGUES;REGIMES TEMPORARIOS;ENFERMEIRO TEMPORARIO;; SERVICO TEMPORARIO;6023,32;;6023,32;1272,40;4750,92;
CLAUDIA DA COSTA MARTINS;DIRETORIA TECNICA;TEC.DE HEMOTERAP.-THE-P.S.N.M.-B;; ESTATUTARIO;3454,63;;3454,63;440,97;3013,66;
CLAUDIA MARIA DE MOURA ABRAHIM;DIRETORIA TECNICA;FARMAC.BIOQ. -FAB-P.S.N.S.-B;GERENTE; ESTATUTARIO;8400,23;;8400,23;2067,43;6332,80;
CLAUDIA MARIA MORENO;DIRETORIA TECNICA;GERENTE;GERENTE; DISP. OUTROS ESFERAS;4693,27;;4693,27;284,86;4408,41;
CLAUDIA MARILENA TAVARES DOS SANTOS;DIRETORIA ADM. FINANCEIRO;AGENTE ADM.-AGA-T.S.N.A.-E;SUBGERENTE; ESTATUTARIO;5621,21;;5621,21;670,29;4950,92;
CLEBER NUNES ALEXANDRE;DIRETORIA TECNICA;CIR.DENT.-CCRD-P.S.N.S.-A;GERENTE; ESTATUTARIO;12088,47;;12088,47;3050,05;9038,42;
CLEOMAR PEREIRA MARTINS;REGIMES TEMPORARIOS;ASSISTENTE SOCIAL TEMPORARIO;; SERVICO TEMPORARIO;5750,25;;5750,25;1169,59;4580,66;
CLEUCIMILHA ANDRE FREITAS;REGIMES TEMPORARIOS;FARMACEUTICO TEMPORARIO;; SERVICO TEMPORARIO;5750,25;;5750,25;1169,59;4580,66;
CLEUNICE DA SILVA DE OLIVEIRA;REGIMES TEMPORARIOS;TECNICO DE ENFERMAGEM TEMPORARIO;; SERVICO TEMPORARIO;2048,03;;2048,03;164,79;1883,24;
CLEUNIRA RAMOS PAES;REGIMES TEMPORARIOS;TECNICO PATOLOGIA CLIN. TEMPORARIO;; SERVICO TEMPORARIO;2126,80;;2126,80;171,88;1954,92;
CRISTIANA FERREIRA DA SILVA;REGIMES TEMPORARIOS;TELEFONISTA TEMPORARIO;; SERVICO TEMPORARIO;1614,79;;1614,79;125,80;1488,99;
CRISTIANA NOVAES PAES BARRETO;REGIMES TEMPORARIOS;FARMACEUTICO TEMPORARIO;; SERVICO TEMPORARIO;5750,25;;5750,25;1169,59;4580,66;
CRISTIANE FERREIRA MELO;DIRETORIA TECNICA;ENFERMEIRO-ENF-P.S.N.S.-A;; ESTATUTARIO;7797,48;;7797,48;1840,49;5956,99;
CRISTIANE FREITAS GONDIM;REGIMES TEMPORARIOS;ENFERMEIRO TEMPORARIO;; SERVICO TEMPORARIO;5939,30;;5939,30;1240,77;4698,53;
CRISTIANE RODRIGUES BANDEIRA;DIRETORIA TECNICA;TEC.DE HEMOTERAP.-THE-P.S.N.M.-A;; ESTATUTARIO;3163,48;;3163,48;381,43;2782,05;
CRISTIANE SANTOS DA ROCHA;REGIMES TEMPORARIOS;TECNICO PATOLOGIA CLIN. TEMPORARIO;; SERVICO TEMPORARIO;2048,03;;2048,03;164,79;1883,24;
CRISTINA MUNIZ SERRA;DIRETORIA TECNICA;ASSIST.SOC.ASS-P.S.N.S.-CL.B;; ESTATUTARIO;8388,21;;8388,21;2288,80;6099,41;
CRISTINA MUNIZ SERRA;DIRETORIA TECNICA;ASSIST.SOC.ASS-P.S.N.S.-CL.A;ASSISTENTE SOCIAL; ESTATUTARIO;8088,47;;8088,47;1950,05;6138,42;
CRISTINA RABELLO MESQUITA;DIRETORIA TECNICA;MEDICO ESPECIALISTA;; ESTATUTARIO;13014,85;;13014,85;3437,07;9577,78;
CRISTOVAO RIBEIRO DE ALMEIDA;DIRETORIA TECNICA;TECNICO EM CONTABILIDADE;GERENTE; ESTATUTARIO;7165,22;;7165,22;1144,31;6020,91;
CYNARA MELO GATO;DIRETORIA TECNICA;TEC. DE HEMOTERAP.-THE-P.S.N.M.-C;; ESTATUTARIO;3476,03;;3476,03;445,34;3030,69;
CYNTHIA RUBIA DA SILVA E SILVA;DIRETORIA TECNICA;TEC. DE ENFERMAGEM-TEN-P.S.N.M.-A;; ESTATUTARIO;3189,77;;3189,77;383,41;2806,36;
DALVANE RODRIGUES FROES;DIRETORIA ADM. FINANCEIRO;ASSIST.ADMIN.-ASA-T.S.N.M.-A;; ESTATUTARIO;2769,12;;2769,12;303,68;2465,44;
DANDARA DE SOUZA ANDRADE;DIRETORIA ADM. FINANCEIRO;RECEPCIONISTA-REC-T.S.N.A.-E;; ESTATUTARIO;2621,21;;2621,21;282,97;2338,24;
DANIELE DE OLIVEIRA DOS S FREIRE;REGIMES TEMPORARIOS;ASSISTENTE ADM.ASSISTEN.E LAB.TEMP;; SERVICO TEMPORARIO;1732,96;;1732,96;136,43;1596,53;
DANILO COSTA CUNHA;DIRETORIA ADM. FINANCEIRO;BIBLIOTECARIO-BIB-T.S.N.S.-A;; ESTATUTARIO;6022,77;;6022,77;1172,37;4850,40;
DARLENE RIBEIRO DA SILVA FASONE;DIRETORIA TECNICA;ENFERMEIRO-ENF-P.S.N.S.-A;; ESTATUTARIO;7797,48;;7797,48;1840,49;5956,99;
DAVI FRANCISCO PEREIRA DA SILVA;REGIMES TEMPORARIOS;MAQUEIRO TEMPORARIO;; SERVICO TEMPORARIO;1614,79;;1614,79;125,80;1488,99;
DAVI MARINHO DA SILVA;DIRETORIA TECNICA;TEC.DE PAT.CLINICA-TPC-P.S.N.M.-A;; ESTATUTARIO;3163,48;;3163,48;381,43;2782,05;
DEBBY BANDEIRA KOENOW;REGIMES TEMPORARIOS;FONOAUDIOLOGO TEMPORARIO;; SERVICO TEMPORARIO;5750,25;;5750,25;1169,59;4580,66;
DEBORA BARROZO DA SILVA;REGIMES TEMPORARIOS;TECNICO PATOLOGIA CLIN. TEMPORARIO;; SERVICO TEMPORARIO;2048,03;;2048,03;164,79;1883,24;
DEBORA FELICIA VIEIRA RAMOS;REGIMES TEMPORARIOS;FARMACEUTIRO BIOQ/BIOM/BIOLOGO TEMP;; SERVICO TEMPORARIO;5750,25;;5750,25;1169,59;4580,66;
DEBORA FREIRE DE SOUZA;REGIMES TEMPORARIOS;TECNICO PATOLOGIA CLIN. TEMPORARIO;; SERVICO TEMPORARIO;2048,03;;2048,03;164,79;1883,24;
DEISIANE SILVA DA COSTA;REGIMES TEMPORARIOS;TECNICO DE ENFERMAGEM TEMPORARIO;; SERVICO TEMPORARIO;2048,03;;2048,03;164,79;1883,24;
DENIMARA MIRANDA NEVES;REGIMES TEMPORARIOS;ENFERMEIRO TEMPORARIO;; SERVICO TEMPORARIO;5750,25;;5750,25;1169,59;4580,66;
DERIVAN DE JESUS LIMA;REGIMES TEMPORARIOS;TECNICO EM INFORMATICA TEMP;; SERVICO TEMPORARIO;1732,96;;1732,96;136,43;1596,53;
DEUSELINO BANDEIRA DA SILVA;REGIMES TEMPORARIOS;MOTORISTA TEMPORARIO;; SERVICO TEMPORARIO;1601,40;;1601,40;124,59;1476,81;
DEUZIMAR MIRANDA DO NASCIMENTO;REGIMES TEMPORARIOS;FARMACEUTICO TEMPORARIO;; SERVICO TEMPORARIO;5750,25;;5750,25;1169,59;4580,66;
DIANE OLIVEIRA AGUIAR;REGIMES TEMPORARIOS;ENFERMEIRO TEMPORARIO;; SERVICO TEMPORARIO;5750,25;;5750,25;1169,59;4580,66;
DILCIANE SANTOS IHARA;DIRETORIA TECNICA;TEC. DE ENFERMAGEM-TEN-P.S.N.M.-A;; ESTATUTARIO;3163,48;;3163,48;381,43;2782,05;
DILCIENE BARBOSA AMORIM;REGIMES TEMPORARIOS;TECNICO DE ENFERMAGEM TEMPORARIO;; SERVICO TEMPORARIO;2048,03;;2048,03;164,79;1883,24;
DILENA DA SILVA PINHEIRO;DIRETORIA TECNICA;TEC. DE HEMOTERAP.-THE-P.S.N.M.-C;; ESTATUTARIO;3529,76;;3529,76;456,34;3073,42;
DINAIR SILVA DOS SANTOS;DIRETORIA TECNICA;TEC. DE ENFERMAGEM-TEN-P.S.N.M.-A;TEC.DE ENFERMAGEM; ESTATUTARIO;3298,59;;3298,59;409,06;2889,53;
DIONE MARIA GOMES CAJADO;REGIMES TEMPORARIOS;TECNICO EM HEMOTERAPIA TEMPORARIO;; SERVICO TEMPORARIO;2048,03;;2048,03;164,79;1883,24;
DIONI LIZA BIONDO RIBEIRO;DIRETORIA TECNICA;MEDICO ESPECIALISTA;; ESTATUTARIO;10356,11;;10356,11;2695,13;7660,98;
DJANEIDE RODRIGUES CASAS;DIRETORIA ADM. FINANCEIRO;CHEFE DE DEPARTAMENTO;CHEFE DE DEPARTAMENT; CARGO COMISSION.S/VINCULO;5700,30;;5700,30;909,89;4790,41;
EDILCE QUEZIA SANTOS S VASCONCELOS;REGIMES TEMPORARIOS;FARMACEUTICO TEMPORARIO;; SERVICO TEMPORARIO;5897,29;;5897,29;1025,27;4872,02;
EDILZA RODRIGUES LIMA;DIRETORIA TECNICA;TEC. DE HEMOTERAP.-THE-P.S.N.M.-C;; ESTATUTARIO;2919,37;;2919,37;439,99;2479,38;
EDINA MARIA ALVES DE OLIVEIRA;DIRETORIA TECNICA;TEC. DE HEMOTERAP.-THE-P.S.N.M.-C;; ESTATUTARIO;2919,37;;2919,37;454,21;2465,16;
EDINALDO DA SILVA;REGIMES TEMPORARIOS;TECNICO PATOLOGIA CLIN. TEMPORARIO;; SERVICO TEMPORARIO;2158,31;;2158,31;174,71;1983,60;
EDINEZ MARIA VASCONCELOS DE MENEZES;DIRETORIA TECNICA;AUXILIAR DE ENFERMAGEM A;; ESTATUTARIO;2962,34;;2962,34;316,30;2646,04;
EDIVALDO DA SILVA;DIRETORIA TECNICA;MEDICO ESPECIALISTA;; ESTATUTARIO;11495,76;;11495,76;2392,99;9102,77;
EDIVALDO DA SILVA;DIRETORIA TECNICA;MEDICO ESPECIALISTA;; ESTATUTARIO;10976,13;;10976,13;2417,55;8558,58;
EDMAR BELEM DE OLIVEIRA;DIRETORIA TECNICA;TEC. DE ENFERMAGEM-TEN-P.S.N.M.-A;TEC. DE ENFERMAGEM; ESTATUTARIO;4017,97;;4017,97;462,95;3555,02;
EDNA MARIA TAVARES DE FREITAS;DIRETORIA TECNICA;TEC. DE ENFERMAGEM-TEN-P.S.N.M.-A;TEC.DE ENFERMAGEM; ESTATUTARIO;3163,48;;3163,48;381,43;2782,05;
EDNILZA GUEDES CORREA PEREIRA;REGIMES TEMPORARIOS;FARMACEUTIRO BIOQ/BIOM/BIOLOGO TEMP;; SERVICO TEMPORARIO;5750,25;;5750,25;1169,59;4580,66;
EDSON JESUS DA SILVA;DIRETORIA ADM. FINANCEIRO;AUX.DE SERV.GER.-ASG-T.S.N.A.-D;; ESTATUTARIO;3103,70;;3103,70;334,26;2769,44;
ELAINE CRISTINA GOMES DOS SANTOS;DIRETORIA ADM. FINANCEIRO;AGENTE ADM.-AGA-T.S.N.A.-E;AGENTE ADM; ESTATUTARIO;2677,18;;2677,18;290,81;2386,37;
ELAINE VIEIRA LIMA;DIRETORIA ADM. FINANCEIRO;AGENTE ADM.-AGA-T.S.N.A.-G;; ESTATUTARIO;3792,05;;3792,05;408,90;3383,15;
ELBA CLEY CORDEIRO DO COUTO;DIRETORIA TECNICA;MEDICO ESPECIALISTA;; ESTATUTARIO;9311,14;;9311,14;2583,55;6727,59;
ELBA CLEY CORDEIRO DO COUTO;DIRETORIA TECNICA;MEDICO ESPECIALISTA;; ESTATUTARIO;10698,47;;10698,47;2878,91;7819,56;
ELCY FIGUEIREDO COELHO;REGIMES TEMPORARIOS;ENFERMEIRO TEMPORARIO;; SERVICO TEMPORARIO;5750,25;;5750,25;1169,59;4580,66;
ELCY FIGUEIREDO COELHO;DIRETORIA TECNICA;TEC. DE HEMOTERAP.-THE-P.S.N.M.-C;; ESTATUTARIO;3519,37;;3519,37;454,21;3065,16;
ELENE RAIMUNDA DE SOUZA SANTOS;DIRETORIA TECNICA;TEC. DE ENFERMAGEM-TEN-P.S.N.M.-A;TEC DE ENF A; ESTATUTARIO;3229,55;;3229,55;380,73;2848,82;
ELIANA DA COSTA MEDEIROS;DIRETORIA TECNICA;TEC.DE HEMOTERAP.-THE-P.S.N.M.-A;; ESTATUTARIO;3163,48;;3163,48;381,43;2782,05;
ELIANA DE OLIVEIRA COELHO;DIRETORIA TECNICA;ENFERMEIRO-ENF-P.S.N.S.-A;; ESTATUTARIO;7797,48;;7797,48;1840,49;5956,99;
ELIANE CASTRO DA SILVA;REGIMES TEMPORARIOS;ENFERMEIRO TEMPORARIO;; SERVICO TEMPORARIO;5750,25;;5750,25;1169,59;4580,66;
ELIELZA SANTOS ALENCAR;DIRETORIA TECNICA;TEC.DE HEMOTERAP.-THE-P.S.N.M.-A;; ESTATUTARIO;3163,48;;3163,48;381,43;2782,05;
ELIELZA SANTOS ALENCAR;DIRETORIA TECNICA;TEC.DE HEMOTERAP.-THE-P.S.N.M.-A;; ESTATUTARIO;2698,59;;2698,59;409,06;2289,53;
ELIENE ALVES DA SILVA SOUSA;DIRETORIA TECNICA;TEC. DE ENFERMAGEM-TEN-P.S.N.M.-A;; ESTATUTARIO;3163,48;;3163,48;381,43;2782,05;
ELIETE SARAIVA DOS SANTOS;DIRETORIA TECNICA;ASSIST.SOC.ASS-P.S.N.S.-CL.A;ASSIST.SOCIAL; ESTATUTARIO;8290,46;;8290,46;2026,10;6264,36;
ELIS MARTA BARROSO DOS SANTOS;DIRETORIA TECNICA;TEC.DE PAT.CLINICA-TPC-P.S.N.M.-A;; ESTATUTARIO;3163,48;;3163,48;358,89;2804,59;
ELISA LOPES MAIA;DIRETORIA TECNICA;ASSISTENTE TECNICO;; ESTATUTARIO;3240,50;;3240,50;397,18;2843,32;
ELISANGELA MARTINS MARQUES;DIRETORIA TECNICA;TEC. DE ENFERMAGEM-TEN-P.S.N.M.-A;TEC.DE ENFERMAGEM; ESTATUTARIO;4017,97;;4017,97;462,95;3555,02;
ELIVANE PEREIRA ALMEIDA;REGIMES TEMPORARIOS;ASSISTENTE ADM.ADMINISTRACAO TEMP;; SERVICO TEMPORARIO;1732,96;;1732,96;136,43;1596,53;
ELIZABETH MARIA MARTINS F SOUZA;DIRETORIA TECNICA;CIR.DENT.-CCRD-P.S.N.S.-A;; ESTATUTARIO;7797,48;;7797,48;1840,49;5956,99;
ELIZABETH MOURA ARRUDA;DIRETORIA TECNICA;TEC.DE HEMOTERAP.-THE-P.S.N.M.-A;; ESTATUTARIO;3163,48;;3163,48;381,43;2782,05;
ELIZANGELA FERREIRA DOS SANTOS;DIRETORIA TECNICA;TEC. DE HEMOTERAP.-THE-P.S.N.M.-C;; ESTATUTARIO;3540,33;;3540,33;458,50;3081,83;
ELIZANGELA MACEDO OLIVEIRA;DIRETORIA TECNICA;TEC.DE HEMOTERAP.-THE-P.S.N.M.-A;TEC. DE HEMOTERAPIA; ESTATUTARIO;3298,59;;3298,59;409,06;2889,53;
ELIZANGELA TEREZINHA PEDROSO SILVA;REGIMES TEMPORARIOS;TECNICO DE ENFERMAGEM TEMPORARIO;; SERVICO TEMPORARIO;2048,03;;2048,03;164,79;1883,24;
ELIZIANA ELOZIA DOS REIS;REGIMES TEMPORARIOS;ASSISTENTE ADM.ADMINISTRACAO TEMP;; SERVICO TEMPORARIO;1732,96;;1732,96;136,43;1596,53;
ELSO MARREIROS DE LIMA;DIRETORIA ADM. FINANCEIRO;MOTORISTA-MOT-T.S.N.A.-A;; ESTATUTARIO;2910,15;;2910,15;323,42;2586,73;
ELZA DE SOUZA LIMA;DIRETORIA TECNICA;ASSISTENTE TECNICO 2A CLASSE;; ESTATUTARIO;3349,61;;3349,61;419,50;2930,11;
EMILIA MARIA AZEVEDO MATOS;DIRETORIA ADM. FINANCEIRO;AGENTE ADM.-AGA-T.S.N.A.-H;; ESTATUTARIO;2804,34;;2804,34;430,69;2373,65;
EMILIANA PANTOJA MONTEIRO AQUINO;REGIMES TEMPORARIOS;COMUNICADOR SOCIAL TEMPORARIO;; SERVICO TEMPORARIO;4332,39;;4332,39;674,01;3658,38;
EMMILYN DE ANDRADE ALMEIDA;REGIMES TEMPORARIOS;FONOAUDIOLOGO TEMPORARIO;; SERVICO TEMPORARIO;5750,25;;5750,25;1169,59;4580,66;
ENEIDE DE OLIVEIRA COELHO;DIRETORIA TECNICA;AUX.DE ENFERM.-AEF-P.S.N.A.-B;; ESTATUTARIO;3023,65;;3023,65;352,84;2670,81;
ENIO BARRETO CARNEIRO;DIRETORIA TECNICA;MEDICO ESPECIALISTA;; ESTATUTARIO;9911,14;;9911,14;2583,55;7327,59;
ENZO MIRANDA SANTOS;DIRETORIA TECNICA;TEC. DE ENFERMAGEM-TEN-P.S.N.M.-A;TECN. DE ENFERMAGEM; ESTATUTARIO;3308,09;;3308,09;392,28;2915,81;
ERICA APARECIDA FREITAS MARTINS;REGIMES TEMPORARIOS;ASSISTENTE ADM.ASSISTEN.E LAB.TEMP;; SERVICO TEMPORARIO;1732,96;;1732,96;136,43;1596,53;
ERICA MARIANNE SALVADOR DA SILVA;REGIMES TEMPORARIOS;TECNICO DE ENFERMAGEM TEMPORARIO;; SERVICO TEMPORARIO;2153,06;;2153,06;174,24;1978,82;
ERICK FROTA GOMES FIGUEIREDO;REGIMES TEMPORARIOS;FARMACEUTICO TEMPORARIO;; SERVICO TEMPORARIO;7667,00;;7667,00;1875,05;5791,95;
ERISSON DA SILVA TEIXEIRA;REGIMES TEMPORARIOS;ENFERMEIRO TEMPORARIO;; SERVICO TEMPORARIO;5750,25;;5750,25;1169,59;4580,66;
ERNANDES CAVALCANTE NOBRE;REGIMES TEMPORARIOS;ASSISTENTE ADM.ASSISTEN.E LAB.TEMP;; SERVICO TEMPORARIO;1732,96;;1732,96;136,43;1596,53;
ERNANE DE SOUZA BARBOSA;REGIMES TEMPORARIOS;MAQUEIRO TEMPORARIO;; SERVICO TEMPORARIO;1614,79;;1614,79;125,80;1488,99;
ESMAILLEM AGUIAR DE CASTRO BATALHA;REGIMES TEMPORARIOS;TEC.ENFERMAGEM UNID.TERAP.INT.TEMP.;; SERVICO TEMPORARIO;2048,03;;2048,03;164,79;1883,24;
EUDES OLIVEIRA DA SILVEIRA;DIRETORIA TECNICA;MEDICO ESPECIALISTA;; ESTATUTARIO;10768,18;;10768,18;2904,62;7863,56;
EVANDRO MONTEIRO DE ALMEIDA;DIRETORIA ADM. FINANCEIRO;AGENTE ADM.-AGA-T.S.N.A.-H;; ESTATUTARIO;5583,91;;5583,91;1026,01;4557,90;
EVANIA MELO BORGES;DIRETORIA TECNICA;TECNICO A;; ESTATUTARIO;6515,75;;6515,75;1357,92;5157,83;
EVELYN BEATRIZ DA COSTA VAZ;DIRETORIA ADM. FINANCEIRO;RECEPCIONISTA-REC-T.S.N.A.-E;; ESTATUTARIO;2621,21;;2621,21;282,97;2338,24;
EVILAZIO CUNHA CARDOSO;DIRETORIA TECNICA;GERENTE;NAO INFORMADO; CARGO COMISSION.S/VINCULO;4693,27;;4693,27;669,94;4023,33;
EWERTON FELIPE DA SILVA NASCIMENTO;DIRETORIA ADM. FINANCEIRO;ASSESSOR I;NAO INFORMADO; CARGO COMISSION.S/VINCULO;7400,40;;7400,40;1625,87;5774,53;
FABIANA SARMENTO PINTO;REGIMES TEMPORARIOS;TECNICO DE ENFERMAGEM TEMPORARIO;; SERVICO TEMPORARIO;2048,03;;2048,03;164,79;1883,24;
FABIO ARLEN SALDANHA PINHEIRO;REGIMES TEMPORARIOS;FARMACEUTICO TEMPORARIO;; SERVICO TEMPORARIO;5750,25;;5750,25;1169,59;4580,66;
FABIO JOSE PAOLO TOMASELLI;DIRETORIA TECNICA;AGENTE ADM.-AGA-T.S.N.A.-E;SUBGERENTE; ESTATUTARIO;7294,95;;7294,95;1176,90;6118,05;
FABIOLA SILVA DE ALENCAR;REGIMES TEMPORARIOS;ASSISTENTE ADM.ADMINISTRACAO TEMP;; SERVICO TEMPORARIO;1732,96;;1732,96;136,43;1596,53;
FAUSTO HIPOLITO PINHEIRO;DIRETORIA TECNICA;TEC.DE HEMOTERAP.-THE-P.S.N.M.-A;; ESTATUTARIO;3298,59;;3298,59;409,06;2889,53;
FERNANDA CAROLINE FILGUEIRAS DIAS;REGIMES TEMPORARIOS;FISIOTERAPEUTA TEMPORARIO;; SERVICO TEMPORARIO;5750,25;;5750,25;1169,59;4580,66;
FERNANDA LIANE NASCIMENTO SOUZA;DIRETORIA TECNICA;ASSIST.SOC.ASS-P.S.N.S.-CL.A;; ESTATUTARIO;7797,48;;7797,48;1788,36;6009,12;
FERNANDA MOREIRA RAMOS;REGIMES TEMPORARIOS;ASSISTENTE ADM.ASSISTEN.E LAB.TEMP;; SERVICO TEMPORARIO;1732,96;;1732,96;136,43;1596,53;
FERNANDO ALVES COSTA;REGIMES TEMPORARIOS;FARMACEUTIRO BIOQ/BIOM/BIOLOGO TEMP;; SERVICO TEMPORARIO;6002,32;;6002,32;1264,49;4737,83;
FLAVIA MARTINS REZENDE DE MELLO;DIRETORIA ADM. FINANCEIRO;COMUNICADOR SOC.-COS-T.S.N.S.-A;; ESTATUTARIO;6022,77;;6022,77;1172,37;4850,40;
FLAVIO DA SILVA FREITAS;REGIMES TEMPORARIOS;TECNICO DE ENFERMAGEM TEMPORARIO;; SERVICO TEMPORARIO;2048,03;;2048,03;164,79;1883,24;
FRANCELINE OLIVEIRA CALHEIROS;DIRETORIA TECNICA;TEC.DE PAT.CLINICA-TPC-P.S.N.M.-A;; ESTATUTARIO;3163,48;;3163,48;381,43;2782,05;
FRANCIANA DO SOCORRO DE O C SILVA;PRESIDENCIA;TECNICO-TEC-T.S.N.S.-A;; ESTATUTARIO;6022,77;;6022,77;1172,37;4850,40;
FRANCIDAISY DA SILVA LEAO;DIRETORIA ADM. FINANCEIRO;ASSIST.ADMIN.-ASA-T.S.N.M.-A;GERENTE; ESTATUTARIO;6769,12;;6769,12;1047,32;5721,80;
FRANCIMARY DE OLIVEIRA C CARMINE;DIRETORIA TECNICA;BIÓLOGO-BIO-P.S.N.S.-CL.A;; ESTATUTARIO;7797,48;;7797,48;1840,49;5956,99;
FRANCINET DOS SANTOS BACELAR;REGIMES TEMPORARIOS;ESTATISTICO TEMPORARIO;; SERVICO TEMPORARIO;4332,39;;4332,39;634,42;3697,97;
FRANCIRLEY CARVALHO SOUZA;DIRETORIA TECNICA;TEC.DE PAT.CLINICA-TPC-P.S.N.M.-B;; ESTATUTARIO;4377,87;;4377,87;520,62;3857,25;
FRANCISCA DALVA MARTINS HIPOLITO;DIRETORIA TECNICA;TEC. DE HEMOTERAP.-THE-P.S.N.M.-C;; ESTATUTARIO;3519,37;;3519,37;454,21;3065,16;
FRANCISCA MARTA SOARES DE LIMA;DIRETORIA TECNICA;TEC. DE HEMOTERAP.-THE-P.S.N.M.-C;GERENTE; ESTATUTARIO;7476,03;;7476,03;1313,46;6162,57;
FRANCISCA OLIVEIRA SILVA;REGIMES TEMPORARIOS;TECNICO DE ENFERMAGEM TEMPORARIO;; SERVICO TEMPORARIO;2048,03;;2048,03;164,79;1883,24;
FRANCISCA PAULA LIRA DE CARVALHO;DIRETORIA ADM. FINANCEIRO;TECNICO-TEC-T.S.N.S.-A;; ESTATUTARIO;6515,75;;6515,75;969,45;5546,30;
FRANCISCO DAS CHAGAS B PIMENTEL;DIRETORIA ADM. FINANCEIRO;MOTORISTA-MOT-T.S.N.A.-D;; ESTATUTARIO;3763,10;;3763,10;453,75;3309,35;
FRANCISCO ELMAR PASCOAL DE FARIA;DIRETORIA TECNICA;TEC. DE HEMOTERAP.-THE-P.S.N.M.-C;; ESTATUTARIO;3551,52;;3551,52;460,78;3090,74;
FRANCISCO GILVAN MOREIRA NEVES;REGIMES TEMPORARIOS;ENFERMEIRO TEMPORARIO;; SERVICO TEMPORARIO;7667,00;;7667,00;1875,05;5791,95;
FRANCISCO HELDER DE LIMA FREITAS;DIRETORIA TECNICA;ENFERMEIRO-ENF-P.S.N.S.-A;; ESTATUTARIO;7797,48;;7797,48;1788,36;6009,12;
FRANCISCO JORGE MAIA CASTRO;DIRETORIA TECNICA;TEC.DE PAT.CLINICA-TPC-P.S.N.M.-C;; ESTATUTARIO;3605,62;;3605,62;457,63;3147,99;
FRANCISCO JOSE PEREIRA JUNIOR;REGIMES TEMPORARIOS;ASSISTENTE ADM.ASSISTEN.E LAB.TEMP;; SERVICO TEMPORARIO;1732,96;;1732,96;136,43;1596,53;
FRANCISCO MAGNO FREITAS MARTINS;REGIMES TEMPORARIOS;MAQUEIRO TEMPORARIO;; SERVICO TEMPORARIO;1614,79;;1614,79;125,80;1488,99;
FRANCISCO PEDRO DE OLIVEIRA AZEDO;DIRETORIA TECNICA;TECNICO-TEC-T.S.N.S.-D;GERENTE; ESTATUTARIO;11972,28;;11972,28;2954,17;9018,11;
FRANCISCO SALES DE LIMA BARROS;DIRETORIA ADM. FINANCEIRO;ASSIST.ADMIN.-ASA-T.S.N.M.-A;; ESTATUTARIO;3492,16;;3492,16;355,02;3137,14;
FRANCOISE PALOMA GONCALVES M LIMA;REGIMES TEMPORARIOS;ENGENHEIRO ESP.EM SEG.DO TRAB.TEMP;; SERVICO TEMPORARIO;4332,39;;4332,39;605,99;3726,40;
FRANCY NEILLY PEIXOTO DE OLIVEIRA;REGIMES TEMPORARIOS;PEDAGOGO HOSPITALAR TEMPORARIO;; SERVICO TEMPORARIO;4332,39;;4332,39;674,01;3658,38;
FRANK JOSE RODRIGUES RIBEIRO;DIRETORIA ADM. FINANCEIRO;CHEFE DE DEPARTAMENTO;CHEFE DE DEPARTAMENT; CARGO COMISSION.S/VINCULO;5700,30;;5700,30;995,21;4705,09;
FREDSON OLIVEIRA DA COSTA;DIRETORIA ADM. FINANCEIRO;AGENTE ADM.-AGA-T.S.N.A.-E;; ESTATUTARIO;2621,21;;2621,21;282,97;2338,24;
FREDSON OLIVEIRA MAIA;REGIMES TEMPORARIOS;ENFERMEIRO TEMPORARIO;; SERVICO TEMPORARIO;5750,25;;5750,25;1169,59;4580,66;
GABRIEL COSTA DE AGUIAR;REGIMES TEMPORARIOS;ASSISTENTE ADM.ADMINISTRACAO TEMP;; SERVICO TEMPORARIO;1732,96;;1732,96;136,43;1596,53;
GABRIEL ROCHA PIRES;REGIMES TEMPORARIOS;TECNICO DE ENFERMAGEM TEMPORARIO;; SERVICO TEMPORARIO;2048,03;;2048,03;164,79;1883,24;
GABRIELA PIRAICE GOMES BARBOSA;REGIMES TEMPORARIOS;MEDICO ESPECIALISTA TEMPORARIO;; SERVICO TEMPORARIO;7438,92;;7438,92;1753,23;5685,69;
GEANE LOPES MARQUES DE SOUZA;DIRETORIA TECNICA;ASSIST.SOC.ASS-P.S.N.S.-CL.A;CHEFE DE DEPARTAMENT; ESTATUTARIO;17251,29;;17251,29;4469,83;12781,46;
GEICY KETELEN MONTEIRO MACHADO;REGIMES TEMPORARIOS;TECNICO DE ENFERMAGEM TEMPORARIO;; SERVICO TEMPORARIO;2153,06;;2153,06;174,24;1978,82;
GEILANE EVANGELISTA DE O VIEIRA;DIRETORIA TECNICA;TEC. DE HEMOTERAP.-THE-P.S.N.M.-C;; ESTATUTARIO;3561,74;;3561,74;479,23;3082,51;
GENICE SILVA E SILVA;REGIMES TEMPORARIOS;CIRURGIAO DENTISTA TEMPORARIO;; SERVICO TEMPORARIO;5750,25;;5750,25;1169,59;4580,66;
GERSON OLIVEIRA GARCIA;REGIMES TEMPORARIOS;ENFERMEIRO TEMPORARIO;; SERVICO TEMPORARIO;5939,30;;5939,30;1240,77;4698,53;
GESSICA CRISTINA LIMA PINTO;REGIMES TEMPORARIOS;TECNICO EM HEMOTERAPIA TEMPORARIO;; SERVICO TEMPORARIO;2048,03;;2048,03;164,79;1883,24;
GISELE VASCONCELOS COSTA SILVA;DIRETORIA TECNICA;TEC.DE PAT.CLINICA-TPC-P.S.N.M.-A;; ESTATUTARIO;3163,48;;3163,48;381,43;2782,05;
GISELI PEREIRA DOS REIS;REGIMES TEMPORARIOS;TECNICO EM HEMOTERAPIA TEMPORARIO;; SERVICO TEMPORARIO;2048,03;;2048,03;164,79;1883,24;
GISELLE MOREIRA SAMPAIO;REGIMES TEMPORARIOS;CIRURGIAO DENTISTA TEMPORARIO;; SERVICO TEMPORARIO;5750,25;;5750,25;1169,59;4580,66;
GLAUBER DA SILVA TAVEIRA;REGIMES TEMPORARIOS;FISIOTERAPEUTA TEMPORARIO;; SERVICO TEMPORARIO;5750,25;;5750,25;1169,59;4580,66;
GLAUCIA CONCEICAO PINHEIRO SANTOS;REGIMES TEMPORARIOS;TECNICO PATOLOGIA CLIN. TEMPORARIO;; SERVICO TEMPORARIO;2048,03;;2048,03;164,79;1883,24;
GLAUCIA DE OLIVEIRA NEVES;DIRETORIA TECNICA;TEC. DE ENFERMAGEM-TEN-P.S.N.M.-A;; ESTATUTARIO;3163,48;;3163,48;381,43;2782,05;
GLEICIANE KELLEN SILVA ABREU;REGIMES TEMPORARIOS;TECNICO DE ENFERMAGEM TEMPORARIO;; SERVICO TEMPORARIO;2153,06;;2153,06;174,24;1978,82;
GRACIELA MARLENY RIVERA CHAVEZ;DIRETORIA TECNICA;ENFERMEIRO-ENF-P.S.N.S.-A;; ESTATUTARIO;7797,48;;7797,48;1840,49;5956,99;
GRACIKELLE MAURICIO DO NASCIMENTO;REGIMES TEMPORARIOS;TECNICO DE ENFERMAGEM TEMPORARIO;; SERVICO TEMPORARIO;2048,03;;2048,03;164,79;1883,24;
GRACILENE MARROQUES DE SOUZA;REGIMES TEMPORARIOS;TECNICO PATOLOGIA CLIN. TEMPORARIO;; SERVICO TEMPORARIO;2048,03;;2048,03;164,79;1883,24;
GRACINEIDE PEREIRA DA SILVA;DIRETORIA TECNICA;NUTRICIONISTA-NUT-P.S.N.S.-A;GERENTE; ESTATUTARIO;11797,48;;11797,48;2940,49;8856,99;
GRACINETTE COSTA FONTES;DIRETORIA TECNICA;TEC.DE HEMOTERAP.-THE-P.S.N.M.-A;; ESTATUTARIO;3163,48;;3163,48;381,43;2782,05;
GREICY DANTAS SILVA COLARES;DIRETORIA TECNICA;TEC. DE ENFERMAGEM-TEN-P.S.N.M.-A;; ESTATUTARIO;3163,48;;3163,48;381,43;2782,05;
GREISSY KELLE DA SILVA ALENCAR;DIRETORIA ADM. FINANCEIRO;AGENTE ADM.-AGA-T.S.N.A.-E;; ESTATUTARIO;2621,21;;2621,21;282,97;2338,24;
GREYCE SOARES DE LIMA;DIRETORIA TECNICA;TEC.DE HEMOTERAP.-THE-P.S.N.M.-A;; ESTATUTARIO;3229,21;;3229,21;386,36;2842,85;
GUILHERME BARBOSA DE LIMA;REGIMES TEMPORARIOS;TEC.ENFERMAGEM URG.E EMERG.TEMP.;; SERVICO TEMPORARIO;2048,03;;2048,03;164,79;1883,24;
HEDYLAMAR OLIVEIRA MARQUES;DIRETORIA TECNICA;GERENTE;GERENTE; DISP. OUTROS ESFERAS;4693,27;;4693,27;284,86;4408,41;
HELEN LIMA MORAES;DIRETORIA TECNICA;TEC. DE ENFERMAGEM-TEN-P.S.N.M.-A;; ESTATUTARIO;3242,36;;3242,36;387,35;2855,01;
HELOISA HELENNA ELISABETH S PEREIRA;REGIMES TEMPORARIOS;ASSISTENTE SOCIAL TEMPORARIO;; SERVICO TEMPORARIO;5750,25;;5750,25;1169,59;4580,66;
HENNYR REGINA OLIVEIRA DE MENEZES;REGIMES TEMPORARIOS;AUX.DE SERVICOS GERAIS TEMPORARIO;; SERVICO TEMPORARIO;1601,40;;1601,40;124,59;1476,81;
HENRIQUE SAMUEL C ALBUQUERQUE;REGIMES TEMPORARIOS;MEDICO ESPECIALISTA TEMPORARIO;; SERVICO TEMPORARIO;7438,92;;7438,92;1805,37;5633,55;
HERCULES LEMOS DIAS;DIRETORIA TECNICA;TEC. DE HEMOTERAP.-THE-P.S.N.M.-C;; ESTATUTARIO;3535,69;;3535,69;455,43;3080,26;
HERLANA FERREIRA PIEDADE;REGIMES TEMPORARIOS;ASSISTENTE ADM.ASSISTEN.E LAB.TEMP;; SERVICO TEMPORARIO;1732,96;;1732,96;136,43;1596,53;
HILDE BALIEIRO GOES;DIRETORIA TECNICA;TEC.DE PAT.CLINICA-TPC-P.S.N.M.-A;; ESTATUTARIO;3163,48;;3163,48;381,43;2782,05;
HILDEMARINA FONSECA LIMA;DIRETORIA TECNICA;TEC.DE HEMOTERAP.-THE-P.S.N.M.-A;TEC. HEMOTERAPIA; ESTATUTARIO;3229,55;;3229,55;394,95;2834,60;
HILDENE MENDES BITTENCOURT;DIRETORIA TECNICA;TEC.DE HEMOTERAP.-THE-P.S.N.M.-A;TEC HEMOTER; ESTATUTARIO;4198,12;;4198,12;477,61;3720,51;
HUGLYS DE OLIVEIRA JEFFRES;DIRETORIA ADM. FINANCEIRO;AGENTE ADM.-AGA-T.S.N.A.-E;; ESTATUTARIO;2621,21;;2621,21;282,97;2338,24;
HULDA NASCIMENTO MALCHER;DIRETORIA TECNICA;TEC. DE HEMOTERAP.-THE-P.S.N.M.-D;; ESTATUTARIO;5060,85;;5060,85;696,07;4364,78;
IANDARA MAIRA LOPES DE SOUZA;DIRETORIA ADM. FINANCEIRO;ASSIST.ADMIN.-ASA-T.S.N.M.-A;; ESTATUTARIO;2769,12;;2769,12;303,68;2465,44;
IARA ALVES FEITOZA DE ANDRADE;REGIMES TEMPORARIOS;ENFERMEIRO DO TRABALHO TEMPORARIO;; SERVICO TEMPORARIO;5750,25;;5750,25;1169,59;4580,66;
IDANILCE DOS SANTOS CASTRO;DIRETORIA TECNICA;TEC. DE ENFERMAGEM-TEN-P.S.N.M.-A;TECNICA DE ENFERM. A; ESTATUTARIO;4175,09;;4175,09;494,38;3680,71;
IGOR CASTRO TAVARES;REGIMES TEMPORARIOS;ENFERMEIRO TEMPORARIO;; SERVICO TEMPORARIO;5834,27;;5834,27;1201,22;4633,05;
IGOR DA SILVA COROCHER;REGIMES TEMPORARIOS;ANALISTA DE SEGURANCA DA INF.TEMP;; SERVICO TEMPORARIO;4332,39;;4332,39;674,01;3658,38;
IGOR WILLIAM TRINDADE DA COSTA;DIRETORIA TECNICA;MEDICO GRADUADO;; ESTATUTARIO;8684,85;;8684,85;2134,56;6550,29;
INGRID TAVARES RODRIGUES;REGIMES TEMPORARIOS;ASSISTENTE ADM.ASSISTEN.E LAB.TEMP;; SERVICO TEMPORARIO;2310,61;;2310,61;204,78;2105,83;
IRANEIDE DA CUNHA MARQUES;DIRETORIA ADM. FINANCEIRO;GERENTE;GERENTE; CARGO COMISSION.S/VINCULO;4693,27;;4693,27;669,94;4023,33;
IRISNEIDE VIANA DA SILVA;DIRETORIA TECNICA;TEC.DE HEMOTERAP.-THE-P.S.N.M.-A;TEC.DE HEMOTERAPIA; ESTATUTARIO;3163,48;;3163,48;358,89;2804,59;
IRYS DE OLIVEIRA SALVATERRA;DIRETORIA TECNICA;TEC. DE HEMOTERAP.-THE-P.S.N.M.-C;TEC. DE HEMOTERAPIA; ESTATUTARIO;3476,03;;3476,03;445,34;3030,69;
ISAAC DOS SANTOS FIGUEREDO;REGIMES TEMPORARIOS;MEDICO CLINICO GERAL TEMPORARIO;; SERVICO TEMPORARIO;6459,19;;6459,19;1436,50;5022,69;
ISABEL CRISTINA DA SILVA ALVARENGA;REGIMES TEMPORARIOS;TECNICO PATOLOGIA CLIN. TEMPORARIO;; SERVICO TEMPORARIO;2048,03;;2048,03;164,79;1883,24;
IVANEIDE DA SILVA MATOS DE SOUZA;REGIMES TEMPORARIOS;TEC.ENFERMAGEM UNID.TERAP.INT.TEMP.;; SERVICO TEMPORARIO;2121,55;;2121,55;171,40;1950,15;
IVANI CARVALHO DA SILVA;DIRETORIA TECNICA;AUXILIAR DE ENFERMAGEM A;; ESTATUTARIO;2776,98;;2776,98;304,78;2472,20;
IVANILCE PINHEIRO GRANA;DIRETORIA TECNICA;TEC.DE PAT.CLINICA-TPC-P.S.N.M.-A;; ESTATUTARIO;3163,48;;3163,48;381,43;2782,05;
IVONE CLAUDIANA DA SILVA;DIRETORIA TECNICA;TEC.DE HEMOTERAP.-THE-P.S.N.M.-A;; ESTATUTARIO;3163,48;;3163,48;381,43;2782,05;
IVONE MOREIRA NONATO;DIRETORIA TECNICA;ASSISTENTE TECNICO A;; ESTATUTARIO;4452,31;;4452,31;534,20;3918,11;
JACINTO ALMEIDA BARROS;REGIMES TEMPORARIOS;MAQUEIRO TEMPORARIO;; SERVICO TEMPORARIO;1614,79;;1614,79;125,80;1488,99;
JACQUELINE CAVALCANTI LIMA;REGIMES TEMPORARIOS;ENFERMEIRO TEMPORARIO;; SERVICO TEMPORARIO;5750,25;;5750,25;1169,59;4580,66;
JACQUELINE MIRANDA DE SOUZA;REGIMES TEMPORARIOS;TECNICO PATOLOGIA CLIN. TEMPORARIO;; SERVICO TEMPORARIO;2730,71;;2730,71;275,69;2455,02;
JAEL GRACA DA JUSTA BOHADANA;DIRETORIA TECNICA;MEDICO ESPECIALISTA;MEDICA GENERALISTA; ESTATUTARIO;10768,18;;10768,18;2852,49;7915,69;
JAINE DA SILVA SORIANO;REGIMES TEMPORARIOS;TECNICO DE ENFERMAGEM TEMPORARIO;; SERVICO TEMPORARIO;2132,05;;2132,05;172,35;1959,70;
JAIRO PICANCO DE FARIAS JUNIOR;DIRETORIA ADM. FINANCEIRO;ASSIST.ADMIN.-ASA-T.S.N.M.-A;; ESTATUTARIO;2769,12;;2769,12;303,68;2465,44;
JAMERSON RODRIGUES CRISOSTOMO;DIRETORIA ADM. FINANCEIRO;MOTORISTA-MOT-T.S.N.A.-A;MOTORISTA; ESTATUTARIO;2910,15;;2910,15;323,42;2586,73;
JAMIL DA SILVA DE SOUZA;REGIMES TEMPORARIOS;TEC.ENFERMAGEM URG.E EMERG.TEMP.;; SERVICO TEMPORARIO;2132,05;;2132,05;172,35;1959,70;
JAMILIE DO VALE FIGUEIREDO;REGIMES TEMPORARIOS;TECNICO EM NUTRICAO TEMPORARIO;; SERVICO TEMPORARIO;2048,03;;2048,03;164,79;1883,24;
JANAINA SANTANA CARNEIRO;REGIMES TEMPORARIOS;ENFERMEIRO TEMPORARIO;; SERVICO TEMPORARIO;5750,25;;5750,25;1169,59;4580,66;
JANE DE MOURA ROCHA;REGIMES TEMPORARIOS;ENFERMEIRO DO TRABALHO TEMPORARIO;; SERVICO TEMPORARIO;7667,00;;7667,00;1875,05;5791,95;
JANETE DE SOUZA LIMA;DIRETORIA TECNICA;ASSISTENTE TECNICO 2A CLASSE;; ESTATUTARIO;3632,61;;3632,61;429,14;3203,47;
JANICE COSTA NINA;DIRETORIA TECNICA;FARMAC.BIOQ. -FAB-P.S.N.S.-A;; ESTATUTARIO;7797,48;;7797,48;1736,22;6061,26;
JAYNE ALESSANDRA DE SOUSA FERREIRA;REGIMES TEMPORARIOS;TECNICO DE ENFERMAGEM TEMPORARIO;; SERVICO TEMPORARIO;2142,56;;2142,56;173,30;1969,26;
JEAN CARLOS FONSECA DO NASCIMENTO;DIRETORIA ADM. FINANCEIRO;AGENTE ADM.-AGA-T.S.N.A.-E;; ESTATUTARIO;2621,21;;2621,21;282,97;2338,24;
JEAN MARCOS COSTA SILVA NASCIMENTO;REGIMES TEMPORARIOS;ALMOXARIFE TEMPORARIO;; SERVICO TEMPORARIO;1601,40;;1601,40;124,59;1476,81;
JEFFERSON KENNEDY LOPES DOS SANTOS;DIRETORIA TECNICA;ENFERMEIRO-ENF-P.S.N.S.-A;; ESTATUTARIO;7797,48;;7797,48;1840,49;5956,99;
JESSICA BARBOSA SABOIA;DIRETORIA ADM. FINANCEIRO;RECEPCIONISTA-REC-T.S.N.A.-E;; ESTATUTARIO;2621,21;;2621,21;282,97;2338,24;
JESSICA CIDADE RODRIGUES;REGIMES TEMPORARIOS;FONOAUDIOLOGO TEMPORARIO;; SERVICO TEMPORARIO;5750,25;;5750,25;1117,45;4632,80;
JESSICA COELHO DA SILVA;REGIMES TEMPORARIOS;ENFERMEIRO DO CENTRO PROC.CEL.TEMP;; SERVICO TEMPORARIO;5750,25;;5750,25;1117,45;4632,80;
JESSICA GARCIA CRUZ DE MESQUITA;REGIMES TEMPORARIOS;ENFERMEIRO ESP.EM SEG.DO PAC.TEMP;; SERVICO TEMPORARIO;5750,25;;5750,25;1117,45;4632,80;
JESSICA LORENA DOS SANTOS MATHIAS;REGIMES TEMPORARIOS;FARMACEUTIRO BIOQ/BIOM/BIOLOGO TEMP;; SERVICO TEMPORARIO;5750,25;;5750,25;1169,59;4580,66;
JESSICA ROMANA DA SILVA PIMENTEL;REGIMES TEMPORARIOS;ENFERMEIRO TEMPORARIO;; SERVICO TEMPORARIO;5750,25;;5750,25;1169,59;4580,66;
JOANA CLEIA VIEIRA GURGEL;REGIMES TEMPORARIOS;TECNICO DE ENFERMAGEM TEMPORARIO;; SERVICO TEMPORARIO;2048,03;;2048,03;164,79;1883,24;
JOAO AUGUSTO VASCONCELOS SOARES;DIRETORIA TECNICA;GERENTE;GERENTE AD-2; CARGO COMISSION.S/VINCULO;6057,69;;6057,69;1120,34;4937,35;
JOAO BATISTA RUBIM SALGUEIRO;DIRETORIA TECNICA;TEC.DE HEMOTERAP.-THE-P.S.N.M.-B;; ESTATUTARIO;3454,63;;3454,63;440,97;3013,66;
JOAO COSTA;DIRETORIA ADM. FINANCEIRO;OPER.MAN.E APOIO-OMA-T.S.N.A-A;; ESTATUTARIO;2604,44;;2604,44;280,62;2323,82;
JOAO FERREIRA DAMASCENO FILHO;DIRETORIA ADM. FINANCEIRO;OPER.MAN.E APOIO-OMA-T.S.N.A-A;; ESTATUTARIO;2604,44;;2604,44;280,62;2323,82;
JOAO LENON DE SOUSA;REGIMES TEMPORARIOS;FISIOTERAPEUTA TEMPORARIO;; SERVICO TEMPORARIO;5750,25;;5750,25;1169,59;4580,66;
JOAO PAULO DINIZ PIMENTEL;DIRETORIA TECNICA;FARMAC.BIOQ. -FAB-P.S.N.S.-A;CHEFE DE DEPARTAMENT; ESTATUTARIO;12797,48;;12797,48;3215,49;9581,99;
JOAO PEDRO GUSMAO FELIX;DIRETORIA ADM. FINANCEIRO;MOTORISTA-MOT-T.S.N.A.-D;; ESTATUTARIO;3843,74;;3843,74;398,35;3445,39;
JOAO QUEIROZ REBOUCAS;DIRETORIA TECNICA;TEC. DE HEMOTERAP.-THE-P.S.N.M.-C;; ESTATUTARIO;3682,53;;3682,53;466,45;3216,08;
JOICY SALES DOS SANTOS LIARTES;DIRETORIA TECNICA;TEC.DE HEMOTERAP.-THE-P.S.N.M.-A;; ESTATUTARIO;3163,48;;3163,48;381,43;2782,05;
JONAS TAVARES PINTES;REGIMES TEMPORARIOS;TECNICO PATOLOGIA CLIN. TEMPORARIO;; SERVICO TEMPORARIO;2158,31;;2158,31;174,71;1983,60;
JORDAM DE SOUZA ARAUJO;DIRETORIA ADM. FINANCEIRO;AGENTE ADM.-AGA-T.S.N.A.-E;; ESTATUTARIO;2621,21;;2621,21;282,97;2338,24;
JOSAFA LIMA RAMOS;DIRETORIA TECNICA;PSICOLOGO-PSI-P.S.N.S.-A;; ESTATUTARIO;11076,79;;11076,79;2809,30;8267,49;
JOSE ALDORI VIAPIANA;DIRETORIA TECNICA;TECNICO-TEC-T.S.N.S.-C;; ESTATUTARIO;7493,68;;7493,68;1701,76;5791,92;
JOSE ARTEMIS DE SOUZA LIMA;DIRETORIA TECNICA;TEC. DE ENFERMAGEM-TEN-P.S.N.M.-A;; ESTATUTARIO;3281,80;;3281,80;390,31;2891,49;
JOSE BRAGA DA COSTA;DIRETORIA TECNICA;TEC. DE ENFERMAGEM-TEN-P.S.N.M.-C;; ESTATUTARIO;3605,62;;3605,62;471,85;3133,77;
JOSE EDSON DE ARRUDA GOMES;DIRETORIA TECNICA;FARMACEUTICO-FAR-P.S.N.S.-A;; ESTATUTARIO;7797,48;;7797,48;832,84;6964,64;
JOSE GLEDSON DE FREITAS;DIRETORIA ADM. FINANCEIRO;ASSIST.ADMIN.-ASA-T.S.N.M.-A;; ESTATUTARIO;2769,12;;2769,12;303,68;2465,44;
JOSE GLEYLSON FERNANDES RODRIGUES;REGIMES TEMPORARIOS;TECNICO PATOLOGIA CLIN. TEMPORARIO;; SERVICO TEMPORARIO;2048,03;;2048,03;164,79;1883,24;
JOSE MARCELO HIPOLITO CARNEIRO;DIRETORIA TECNICA;TEC.DE HEMOTERAP.-THE-P.S.N.M.-A;GERENTE; ESTATUTARIO;7298,59;;7298,59;1246,66;6051,93;
JOSE RICARDO FREITAS SIQUEIRA;DIRETORIA TECNICA;TEC.DE PAT.CLINICA-TPC-P.S.N.M.-B;; ESTATUTARIO;3433,40;;3433,40;396,68;3036,72;
JOSEIR SATURNINO CRISTINO;REGIMES TEMPORARIOS;ENFERMEIRO ESPEC.EM INFEC.HOSP.TEMP;; SERVICO TEMPORARIO;5750,25;;5750,25;1117,45;4632,80;
JOSIMARA PINHEIRO DE O NARCISO;DIRETORIA TECNICA;TEC.DE HEMOTERAP.-THE-P.S.N.M.-A;; ESTATUTARIO;3163,48;;3163,48;381,43;2782,05;
JOSITEIA VANESSA ALMEIDA DA SILVA;DIRETORIA TECNICA;ENFERMEIRO-ENF-P.S.N.S.-A;ENFERMEIRO; ESTATUTARIO;10196,64;;10196,64;2395,99;7800,65;
JOSUE KEURIN ARAUJO PAIVA;REGIMES TEMPORARIOS;ASSISTENTE ADM.ASSISTEN.E LAB.TEMP;; SERVICO TEMPORARIO;2310,61;;2310,61;204,78;2105,83;
JOSY LIRA DIAS;REGIMES TEMPORARIOS;PESQUISADOR AREA DA SAUDE TEMPORAR.;; SERVICO TEMPORARIO;6459,20;;6459,20;1436,50;5022,70;
JOYCE ANNE COSTA LIMA NASCIMENTO;REGIMES TEMPORARIOS;ENFERMEIRO TEMPORARIO;; SERVICO TEMPORARIO;5750,25;;5750,25;1169,59;4580,66;
JUCENI GOMES UCHOA DOS SANTOS;REGIMES TEMPORARIOS;ENFERMEIRO TEMPORARIO;; SERVICO TEMPORARIO;5939,30;;5939,30;1240,77;4698,53;
JUCIARA DOS SANTOS GAMA;REGIMES TEMPORARIOS;TECNICO DE ENFERMAGEM TEMPORARIO;; SERVICO TEMPORARIO;2132,05;;2132,05;172,35;1959,70;
JUCILENE PEREIRA DOS SANTOS;DIRETORIA TECNICA;ENFERMEIRO-ENF-P.S.N.S.-A;; ESTATUTARIO;7797,48;;7797,48;1840,49;5956,99;
JUCIMARIA BARROSO DE SOUZA;DIRETORIA TECNICA;TEC. DE ENFERMAGEM-TEN-P.S.N.M.-A;; ESTATUTARIO;3163,48;;3163,48;381,43;2782,05;
JULIANA LUIZA VARJAO LAMEIRAS;DIRETORIA TECNICA;BIÓLOGO-BIO-P.S.N.S.-CL.A;; ESTATUTARIO;7797,48;;7797,48;1840,49;5956,99;
JULIANNA MATIAS MIRANDA;DIRETORIA ADM. FINANCEIRO;SUBGERENTE;SUBGERENTE; CARGO COMISSION.S/VINCULO;3686,94;;3686,94;408,54;3278,40;
JULIO MARTINS DA SILVA;DIRETORIA ADM. FINANCEIRO;MOTORISTA-MOT-T.S.N.A.-A;; ESTATUTARIO;2934,60;;2934,60;323,42;2611,18;
KARLA VICTOR SERIQUE SODRE;DIRETORIA TECNICA;TEC.DE PAT.CLINICA-TPC-P.S.N.M.-A;TEC. PATOL. CLINICA; ESTATUTARIO;3163,48;;3163,48;381,43;2782,05;
KASTYHELLEN CAVALCANTE SOUTO MAIOR;DIRETORIA TECNICA;TEC. DE ENFERMAGEM-TEN-P.S.N.M.-A;TEC. DE ENFERMAGEM; ESTATUTARIO;3163,48;;3163,48;381,43;2782,05;
KATIA KELY LIMA DE ARAUJO;DIRETORIA TECNICA;TEC.DE HEMOTERAP.-THE-P.S.N.M.-A;; ESTATUTARIO;3298,59;;3298,59;409,06;2889,53;
KATIANE DOS SANTOS GOMES;DIRETORIA TECNICA;TEC.DE HEMOTERAP.-THE-P.S.N.M.-A;; ESTATUTARIO;2698,59;;2698,59;409,06;2289,53;
KATIANE DOS SANTOS GOMES;DIRETORIA TECNICA;FARMACEUTICO-FAR-P.S.N.S.-A;GERENTE; ESTATUTARIO;15529,97;;15529,97;3966,93;11563,04;
KATIUSCIA OLIVEIRA DE PAULO;DIRETORIA ADM. FINANCEIRO;RECEPCIONISTA-REC-T.S.N.A.-E;; ESTATUTARIO;2621,21;;2621,21;282,97;2338,24;
KEITE DA SILVA FELIPE DE MOURA;DIRETORIA ADM. FINANCEIRO;ADMINISTRADOR ADM.T.S.N.S.-A;; ESTATUTARIO;6022,77;;6022,77;1172,37;4850,40;
KELLEN ARAUJO DA SILVA BRITO;REGIMES TEMPORARIOS;TECNICO DE ENFERMAGEM TEMPORARIO;; SERVICO TEMPORARIO;2048,03;;2048,03;164,79;1883,24;
KELLI ROSE COSTA RIBEIRO;REGIMES TEMPORARIOS;ASSISTENTE ADM.ASSISTEN.E LAB.TEMP;; SERVICO TEMPORARIO;1732,96;;1732,96;136,43;1596,53;
KELLY ANN RAYOL FREDERICO JOBIM;DIRETORIA TECNICA;ENFERMEIRO-ENF-P.S.N.S.-A;; ESTATUTARIO;7797,48;;7797,48;1840,49;5956,99;
KELLY CHRISTINA FERNANDES DE MELO;REGIMES TEMPORARIOS;ENFERMEIRO TEMPORARIO;; SERVICO TEMPORARIO;5897,29;;5897,29;1224,94;4672,35;
KELLY REGINA MOURA DA SILVA;PRESIDENCIA;CHEFE DE GABINETE;NAO INFORMADO; CARGO COMISSION.S/VINCULO;5700,30;;5700,30;995,21;4705,09;
KENIA GEMIMA PASSOS MARTINS;REGIMES TEMPORARIOS;FARMACEUTICO TEMPORARIO;; SERVICO TEMPORARIO;5750,25;;5750,25;1169,59;4580,66;
KERLANIA JAKELENE BEZERRA LEITE;REGIMES TEMPORARIOS;TECNICO PATOLOGIA CLIN. TEMPORARIO;; SERVICO TEMPORARIO;2048,03;;2048,03;164,79;1883,24;
KLEBER PINHEIRO DE OLIVEIRA;REGIMES TEMPORARIOS;MEDICO ESPECIALISTA TEMPORARIO;; SERVICO TEMPORARIO;7438,92;;7438,92;1805,37;5633,55;
KLEBER SANDRO BRASIL DOS SANTOS;DIRETORIA TECNICA;FARMAC.BIOQ. -FAB-P.S.N.S.-B;; ESTATUTARIO;8388,21;;8388,21;1687,40;6700,81;
KLEYTON CARDOSO DE ANDRADE;REGIMES TEMPORARIOS;FARMACEUTICO TEMPORARIO;; SERVICO TEMPORARIO;5750,25;;5750,25;1169,59;4580,66;
LADY DAIANA GONCALVES DA SILVA;DIRETORIA TECNICA;TEC.DE HEMOTERAP.-THE-P.S.N.M.-A;; ESTATUTARIO;3298,59;;3298,59;409,06;2889,53;
LAERCIO DAMIAO SOARES LOPES;DIRETORIA ADM. FINANCEIRO;AGENTE ADMINISTRATIVO A - N.B.;GERENTE; ESTATUTARIO;2621,21;;2621,21;282,97;2338,24;
LAISA MALENA TELES DE S BEANES;REGIMES TEMPORARIOS;ENFERMEIRO TEMPORARIO;; SERVICO TEMPORARIO;5750,25;;5750,25;1117,45;4632,80;
LANA SULAMITA SILVA DOS S VECCHIA;DIRETORIA TECNICA;AUX.DE ENFERM.-AEF-P.S.N.A.-B;GERENTE AD2; ESTATUTARIO;7052,58;;7052,58;1154,04;5898,54;
LANNA CRISTINA FERREIRA DE SOUSA;REGIMES TEMPORARIOS;ENFERMEIRO TEMPORARIO;; SERVICO TEMPORARIO;5876,28;;5876,28;1217,03;4659,25;
LANNA PATRICIA DALMACIO TELES SILVA;REGIMES TEMPORARIOS;ASSISTENTE ADM.ADMINISTRACAO TEMP;; SERVICO TEMPORARIO;529,51;;529,51;;529,51;
LARISSA CASSIANE LOPES FIGUEIROA;REGIMES TEMPORARIOS;TECNICO DE ENFERMAGEM TEMPORARIO;; SERVICO TEMPORARIO;2048,03;;2048,03;164,79;1883,24;
LARISSA DOS SANTOS BARROSO;REGIMES TEMPORARIOS;TECNICO EM HEMOTERAPIA TEMPORARIO;; SERVICO TEMPORARIO;2730,71;;2730,71;275,69;2455,02;
LARISSA MELO XAVIER;REGIMES TEMPORARIOS;PSICOLOGO TEMPORARIO;; SERVICO TEMPORARIO;5750,25;;5750,25;1117,45;4632,80;
LASMAR ROBERTO PEREIRA ALVES;DIRETORIA TECNICA;FARMAC.BIOQ. -FAB-P.S.N.S.-A;FARMAC.-BIOQUIMICO; ESTATUTARIO;7797,48;;7797,48;1840,49;5956,99;
LAUDICEIA MENEZES DA SILVA CHAVES;REGIMES TEMPORARIOS;TECNICO PATOLOGIA CLIN. TEMPORARIO;; SERVICO TEMPORARIO;2142,56;;2142,56;173,30;1969,26;
LEA CHAVES AMORIM;DIRETORIA TECNICA;TEC. DE HEMOTERAP.-THE-P.S.N.M.-C;; ESTATUTARIO;2919,37;;2919,37;454,21;2465,16;
LEANDRA SABRINA CASTRO DA SILVA;DIRETORIA TECNICA;TEC. DE ENFERMAGEM-TEN-P.S.N.M.-A;; ESTATUTARIO;3216,06;;3216,06;385,38;2830,68;
LECITA MARREIRA DE LIMA BARROS;DIRETORIA TECNICA;TEC.DE PAT.CLINICA-TPC-P.S.N.M.-B;GERENTE; ESTATUTARIO;2833,40;;2833,40;436,63;2396,77;
LECITA MARREIRA DE LIMA BARROS;DIRETORIA TECNICA;FARMAC.BIOQ. -FAB-P.S.N.S.-A;; ESTATUTARIO;7797,48;;7797,48;1840,49;5956,99;
LEIDEANE CARDOSO PEREIRA;REGIMES TEMPORARIOS;ASSISTENTE ADM.ASSISTEN.E LAB.TEMP;; SERVICO TEMPORARIO;2310,61;;2310,61;204,78;2105,83;
LEILA MARLY FONSECA LIMA;DIRETORIA TECNICA;TEC.DE HEMOTERAP.-THE-P.S.N.M.-A;TEC DE HEMOT; ESTATUTARIO;3298,59;;3298,59;409,06;2889,53;
LENILSON ALVES DE SOUZA;REGIMES TEMPORARIOS;ENFERMEIRO TEMPORARIO;; SERVICO TEMPORARIO;5897,29;;5897,29;1224,94;4672,35;
LENY NASCIMENTO DA MOTTA PASSOS;PRESIDENCIA;MEDICO DOUTOR;; ESTATUTARIO;18063,33;;18063,33;5569,26;12494,07;
LEONARDO DE SOUZA NUNES;REGIMES TEMPORARIOS;ASSISTENTE ADM.ADMINISTRACAO TEMP;; SERVICO TEMPORARIO;1732,96;;1732,96;136,43;1596,53;
LEONICE SILVA ARAUJO;REGIMES TEMPORARIOS;TECNICO PATOLOGIA CLIN. TEMPORARIO;; SERVICO TEMPORARIO;2048,03;;2048,03;164,79;1883,24;
LEONICE SOUZA FERREIRA;MANDADO DE SEGURANCA;TEC. DE ENFERMAGEM-TEN-P.S.N.M.-A;; ESTATUTARIO;3163,48;;3163,48;381,43;2782,05;
LETTICIA LAPA DA SILVA;REGIMES TEMPORARIOS;ASSISTENTE ADM.ASSISTEN.E LAB.TEMP;; SERVICO TEMPORARIO;1732,96;;1732,96;136,43;1596,53;
LICIANE COSTA DE OLIVEIRA;REGIMES TEMPORARIOS;AGENTE DE PORTARIA TEMP;; SERVICO TEMPORARIO;1601,40;;1601,40;124,59;1476,81;
LIDIANE MICHELE NUNES PETILLO;REGIMES TEMPORARIOS;ENFERMEIRO TEMPORARIO;; SERVICO TEMPORARIO;5750,25;;5750,25;1169,59;4580,66;
LIGIA ADRIANE THIBES;DIRETORIA TECNICA;TEC. DE HEMOTERAP.-THE-P.S.N.M.-C;; ESTATUTARIO;3476,03;;3476,03;431,13;3044,90;
LILYAN LISBOA DE OLIVEIRA;REGIMES TEMPORARIOS;ENFERMEIRO TEMPORARIO;; SERVICO TEMPORARIO;5750,25;;5750,25;1169,59;4580,66;
LINDALVA BRAGA DE OLIVEIRA;DIRETORIA ADM. FINANCEIRO;AGENTE ADM.-AGA-T.S.N.A.-H;ASSESSOR IV; ESTATUTARIO;6171,83;;6171,83;945,30;5226,53;
LINDBERG MATOS PINTO;DIRETORIA TECNICA;TEC. DE ENFERMAGEM-TEN-P.S.N.M.-A;TEC.DE ENFERMAGEM; ESTATUTARIO;3163,48;;3163,48;381,43;2782,05;
LIVIA GAMA DE SOUZA;DIRETORIA TECNICA;TEC.DE HEMOTERAP.-THE-P.S.N.M.-A;; ESTATUTARIO;2563,48;;2563,48;381,43;2182,05;
LIZETE KARLA FILGUEIRAS DE SOUZA;REGIMES TEMPORARIOS;CIRURGIAO DENTISTA TEMPORARIO;; SERVICO TEMPORARIO;5750,25;;5750,25;1169,59;4580,66;
LORENA BARROS DA SILVEIRA;REGIMES TEMPORARIOS;ENFERMEIRO TEMPORARIO;; SERVICO TEMPORARIO;5750,25;;5750,25;1169,59;4580,66;
LORENA XAVIER DE LIMA;REGIMES TEMPORARIOS;TECNICO DE ENFERMAGEM TEMPORARIO;; SERVICO TEMPORARIO;2048,03;;2048,03;164,79;1883,24;
LORRANA LIMA ALBUQUERQUE;REGIMES TEMPORARIOS;TECNICO EM HEMOTERAPIA TEMPORARIO;; SERVICO TEMPORARIO;2048,03;;2048,03;164,79;1883,24;
LOUANE SOUZA SILVA;REGIMES TEMPORARIOS;ENFERMEIRO TEMPORARIO;; SERVICO TEMPORARIO;5750,25;;5750,25;1117,45;4632,80;
LUAN DA SILVA OLIVEIRA;REGIMES TEMPORARIOS;TECNICO DE ENFERMAGEM TEMPORARIO;; SERVICO TEMPORARIO;2142,56;;2142,56;173,30;1969,26;
LUANA CALVANO DA SILVA;REGIMES TEMPORARIOS;TERAPEUTA OCUPACIONAL TEMPORARIO;; SERVICO TEMPORARIO;7872,37;;7872,37;1931,53;5940,84;
LUANA VITORIA MOTA DE SOUZA;DIRETORIA ADM. FINANCEIRO;ASSIST.ADMIN.-ASA-T.S.N.M.-A;SUBGERENTE; ESTATUTARIO;7492,16;;7492,16;1246,15;6246,01;
LUCAS GABRIEL INACIO SALINA;REGIMES TEMPORARIOS;MEDICO ESPECIALISTA TEMPORARIO;; SERVICO TEMPORARIO;7438,92;;7438,92;1701,09;5737,83;
LUCAS GABRIEL INACIO SALINA;DIRETORIA TECNICA;MEDICO ESPECIALISTA;; ESTATUTARIO;9911,14;;9911,14;2583,55;7327,59;
LUCIANA CASSA ARAUJO BARBOSA;DIRETORIA TECNICA;BIÓLOGO-BIO-P.S.N.S.-CL.A;; ESTATUTARIO;7797,48;;7797,48;1840,49;5956,99;
LUCIANA DOS SANTOS SILVA;REGIMES TEMPORARIOS;RECEPCIONISTA TEMPORARIO;; SERVICO TEMPORARIO;1614,79;;1614,79;125,80;1488,99;
LUCIANA MATIAS AQUINO;REGIMES TEMPORARIOS;TECNICO DE ENFERMAGEM TEMPORARIO;; SERVICO TEMPORARIO;2048,03;;2048,03;164,79;1883,24;
LUCICLEIDE ALMEIDA DE JESUS PEIXOTO;DIRETORIA TECNICA;TEC.DE HEMOTERAP.-THE-P.S.N.M.-A;; ESTATUTARIO;3163,48;;3163,48;381,43;2782,05;
LUCILANE ALVES DE SOUSA EVANGELISTA;DIRETORIA TECNICA;TEC.DE HEMOTERAP.-THE-P.S.N.M.-A;; ESTATUTARIO;3298,59;;3298,59;409,06;2889,53;
LUCILIA MARIA DA SILVA;REGIMES TEMPORARIOS;TECNICO DE ENFERMAGEM TEMPORARIO;; SERVICO TEMPORARIO;2132,05;;2132,05;172,35;1959,70;
LUCINDA BEZERRA FREIRE;DIRETORIA TECNICA;TEC. DE HEMOTERAP.-THE-P.S.N.M.-C;; ESTATUTARIO;3666,22;;3666,22;465,22;3201,00;
LUCINEZ GUIMARAES ANDRADE;REGIMES TEMPORARIOS;FARMACEUTICO TEMPORARIO;; SERVICO TEMPORARIO;7667,00;;7667,00;1875,05;5791,95;
LUDIAN GOMES DA SILVA;DIRETORIA ADM. FINANCEIRO;AGENTE ADM.-AGA-T.S.N.A.-G;ASSESSOR IV; ESTATUTARIO;5394,04;;5394,04;702,29;4691,75;
LUIZ ANTONIO BERGAMIM HESPANHOL;REGIMES TEMPORARIOS;ENFERMEIRO TEMPORARIO;; SERVICO TEMPORARIO;5918,29;;5918,29;1232,85;4685,44;
LUNA CAROLINE COHEN;REGIMES TEMPORARIOS;ENFERMEIRO TEMPORARIO;; SERVICO TEMPORARIO;5750,25;;5750,25;1117,45;4632,80;
LUZIANE PIRES FRANCO DUARTE;DIRETORIA TECNICA;TEC.DE HEMOTERAP.-THE-P.S.N.M.-A;TEC.HEMOTERAPIA; ESTATUTARIO;4198,12;;4198,12;506,05;3692,07;
LUZINEIDE FERREIRA DE FREITAS;REGIMES TEMPORARIOS;ENFERMEIRO TEMPORARIO;; SERVICO TEMPORARIO;5750,25;;5750,25;1169,59;4580,66;
LUZINETE FEITOZA DE LIMA TORRES;DIRETORIA ADM. FINANCEIRO;AGENTE ADM.-AGA-T.S.N.A.-G;SUBGERENTE; ESTATUTARIO;5994,04;;5994,04;857,00;5137,04;
LYGIA MACHADO CORREA;DIRETORIA TECNICA;TEC. DE ENFERMAGEM-TEN-P.S.N.M.-A;; ESTATUTARIO;3163,48;;3163,48;358,89;2804,59;
MACEJANE FERREIRA DE SOUZA;REGIMES TEMPORARIOS;FARMACEUTICO TEMPORARIO;; SERVICO TEMPORARIO;5750,25;;5750,25;1169,59;4580,66;
MACSON DELMIRIO GOMES;DIRETORIA TECNICA;TEC. DE ENFERMAGEM-TEN-P.S.N.M.-A;; ESTATUTARIO;3202,92;;3202,92;384,39;2818,53;
MALENA DE ARAUJO MONTEIRO;REGIMES TEMPORARIOS;TECNICO EM SEGUR.DO TRABALHO TEMP;; SERVICO TEMPORARIO;1732,96;;1732,96;136,43;1596,53;
MARA RUBIA COSTA RODRIGUES;DIRETORIA TECNICA;TEC.DE HEMOTERAP.-THE-P.S.N.M.-A;TEC.HEMOTERAPIA; ESTATUTARIO;3163,48;;3163,48;381,43;2782,05;
MARA VIEIRA DA SILVA;DIRETORIA TECNICA;TEC.DE HEMOTERAP.-THE-P.S.N.M.-A;TEC HEMOTER; ESTATUTARIO;3429,03;;3429,03;390,40;3038,63;
MARCELA DE MORAIS SILVA DAS NEVES;DIRETORIA TECNICA;TEC.DE PAT.CLINICA-TPC-P.S.N.M.-A;TEC PAT CLINICA; ESTATUTARIO;3163,48;;3163,48;358,89;2804,59;
MARCELA LIBORIO CORREIA;DIRETORIA ADM. FINANCEIRO;MOTORISTA-MOT-T.S.N.A.-A;SUBGERENTE; ESTATUTARIO;5910,15;;5910,15;825,41;5084,74;
MARCELE ASSUNCAO DA SILVA;DIRETORIA TECNICA;ENFERMEIRO-ENF-P.S.N.S.-A;; ESTATUTARIO;7797,48;;7797,48;1840,49;5956,99;
MARCELINA HIPOLITO CARNEIRO;DIRETORIA TECNICA;AUXILIAR DE SAUDE 3A CLASSE;; ESTATUTARIO;2962,34;;2962,34;316,30;2646,04;
MARCELLA LOPES ABITBOL;REGIMES TEMPORARIOS;MEDICO ESPECIALISTA TEMPORARIO;; SERVICO TEMPORARIO;7438,92;;7438,92;1805,37;5633,55;
MARCELO BORGES DE OLIVEIRA JUNIOR;REGIMES TEMPORARIOS;ASSISTENTE ADM.ADMINISTRACAO TEMP;; SERVICO TEMPORARIO;1732,96;;1732,96;136,43;1596,53;
MARCELO REIS DO NASCIMENTO;DIRETORIA TECNICA;TEC.DE HEMOTERAP.-THE-P.S.N.M.-A;GERENTE; ESTATUTARIO;7298,59;;7298,59;1246,66;6051,93;
MARCIA DA SILVA E SILVA;DIRETORIA TECNICA;TEC. DE HEMOTERAP.-THE-P.S.N.M.-C;; ESTATUTARIO;3476,03;;3476,03;445,34;3030,69;
MARCIA POINHO ENCARNACAO DE MORAIS;DIRETORIA TECNICA;FARMAC.BIOQ. -FAB-P.S.N.S.-A;; ESTATUTARIO;8928,14;;8928,14;2266,19;6661,95;
MARCIA REGINA MARQUES DA S ANDRADE;DIRETORIA ADM. FINANCEIRO;AGENTE ADM.-AGA-T.S.N.A.-H;; ESTATUTARIO;3012,12;;3012,12;350,48;2661,64;
MARCILEIA MOREIRA DE ARAUJO;DIRETORIA TECNICA;TEC. DE ENFERMAGEM-TEN-P.S.N.M.-A;TEC DE ENFERMAGEM; ESTATUTARIO;3229,55;;3229,55;394,95;2834,60;
MARCIO ALLAN OLIVEIRA DAS NEVES;DIRETORIA ADM. FINANCEIRO;OPER.MAN.E APOIO-OMA-T.S.N.A-A;; ESTATUTARIO;2604,44;;2604,44;280,62;2323,82;
MARCIO ARAUJO DOS SANTOS;DIRETORIA TECNICA;ENFERMEIRO-ENF-P.S.N.S.-A;ENFERMEIRO; ESTATUTARIO;10196,64;;10196,64;2500,26;7696,38;
MARCO AURELIO DE CARVALHO MARTINS;DIRETORIA ADM. FINANCEIRO;AGENTE ADM.-AGA-T.S.N.A.-E;ASSESSOR I; ESTATUTARIO;7621,21;;7621,21;1266,63;6354,58;
MARCOS AUGUSTO SILVA DE OLIVEIRA;REGIMES TEMPORARIOS;TECNICO EM HEMOTERAPIA TEMPORARIO;; SERVICO TEMPORARIO;2048,03;;2048,03;164,79;1883,24;
MARCOS PAULO SAMPAIO DE OLIVEIRA;DIRETORIA ADM. FINANCEIRO;TECNICO-TEC-T.S.N.S.-A;GERENTE; ESTATUTARIO;10022,77;;10022,77;2168,04;7854,73;
MARGARETE DE CARVALHO MELO;REGIMES TEMPORARIOS;ASSISTENTE ADM.ADMINISTRACAO TEMP;; SERVICO TEMPORARIO;1732,96;;1732,96;136,43;1596,53;
MARGARETH RODRIGUES DA SILVA;DIRETORIA TECNICA;ASSIST.SOC.ASS-P.S.N.S.-CL.A;; ESTATUTARIO;8389,06;;8389,06;2063,22;6325,84;
MARIA AUXILIADORA ALVES FERREIRA;DIRETORIA TECNICA;TEC.DE PAT.CLINICA-TPC-P.S.N.M.-A;; ESTATUTARIO;2563,48;;2563,48;381,43;2182,05;
MARIA CELIA NOGUEIRA DOS SANTOS;REGIMES TEMPORARIOS;TECNICO PATOLOGIA CLIN. TEMPORARIO;; SERVICO TEMPORARIO;2048,03;;2048,03;164,79;1883,24;
MARIA CRISCIMARA NASCIMENTO SOUZA;REGIMES TEMPORARIOS;ENFERMEIRO TEMPORARIO;; SERVICO TEMPORARIO;5750,25;;5750,25;1169,59;4580,66;
MARIA DA GLORIA MARTINS BARBOSA;DIRETORIA TECNICA;TEC.DE HEMOTERAP.-THE-P.S.N.M.-A;; ESTATUTARIO;2563,48;;2563,48;381,43;2182,05;
MARIA DAS DORES INACIO DE SANTANA;DIRETORIA TECNICA;ASSIST.SOC.ASS-P.S.N.S.-CL.A;; ESTATUTARIO;7797,48;;7797,48;1840,49;5956,99;
MARIA DAS GRACAS CARDOSO DA SILVA;REGIMES TEMPORARIOS;ASSISTENTE SOCIAL TEMPORARIO;; SERVICO TEMPORARIO;5750,25;;5750,25;1169,59;4580,66;
MARIA DE FATIMA SANTANA DA GAMA;REGIMES TEMPORARIOS;TEC.ENFERMAGEM UNID.TERAP.INT.TEMP.;; SERVICO TEMPORARIO;2048,03;;2048,03;164,79;1883,24;
MARIA DE LOURDES RODRIGUES D NETO;REGIMES TEMPORARIOS;TEC.ENFERMAGEM URG.E EMERG.TEMP.;; SERVICO TEMPORARIO;2048,03;;2048,03;164,79;1883,24;
MARIA DE NAZARE DE SABOIA FERREIRA;DIRETORIA ADM. FINANCEIRO;AUX.DE SERV.GER.-ASG-T.S.N.A.-C;; ESTATUTARIO;3301,45;;3301,45;366,69;2934,76;
MARIA DE NAZARE SAUNIER BARBOSA;DIRETORIA TECNICA;ENFERMEIRO-ENF-P.S.N.S.-B;ASSESSOR IV; ESTATUTARIO;11388,21;;11388,21;2948,80;8439,41;
MARIA DO CARMO DA SILVA ASSUNCAO;DIRETORIA TECNICA;ENFERMEIRO-ENF-P.S.N.S.-B;; ESTATUTARIO;8988,21;;8988,21;2288,80;6699,41;
MARIA DO PERPETUO S S CARVALHO;DIRETORIA TECNICA;MEDICO ESPECIALISTA;DIRETOR PRESIDENTE; ESTATUTARIO;21245,68;;21245,68;5840,05;15405,63;
MARIA DO PERPETUO SOCORRO G CRUZ;DIRETORIA ADM. FINANCEIRO;AGENTE ADM.-AGA-T.S.N.A.-G;CHEFE DE DEPARTAMENT; ESTATUTARIO;4298,99;;4298,99;640,23;3658,76;
MARIA DO SOCORRO AQUINO DE ALENCAR;DIRETORIA ADM. FINANCEIRO;AGENTE ADM.-AGA-T.S.N.A.-G;; ESTATUTARIO;2994,04;;2994,04;346,79;2647,25;
MARIA DO SOCORRO DIAS LEITE;DIRETORIA TECNICA;ASSISTENTE TECNICO 3A CLASSE;; ESTATUTARIO;3529,30;;3529,30;395,44;3133,86;
MARIA DO SOCORRO DO NASCIMENTO REIS;REGIMES TEMPORARIOS;FARMACEUTICO TEMPORARIO;; SERVICO TEMPORARIO;5750,25;;5750,25;1169,59;4580,66;
MARIA DO SOCORRO FERREIRA SANTOS;DIRETORIA TECNICA;TEC.DE HEMOTERAP.-THE-P.S.N.M.-A;TEC HEMOTERAPIA; ESTATUTARIO;3298,59;;3298,59;409,06;2889,53;
MARIA DO SOCORRO NOGUEIRA AZEVEDO;DIRETORIA TECNICA;ASSISTENTE TECNICO 3A CLASSE;; ESTATUTARIO;3188,87;;3188,87;362,44;2826,43;
MARIA DULCY DE MELLO BARBOSA;DIRETORIA TECNICA;TEC. DE HEMOTERAP.-THE-P.S.N.M.-D;; ESTATUTARIO;4238,47;;4238,47;570,78;3667,69;
MARIA ELANI FLORES DA SILVA;REGIMES TEMPORARIOS;PSICOLOGO TEMPORARIO;; SERVICO TEMPORARIO;5750,25;;5750,25;1169,59;4580,66;
MARIA ELCIMAR DE SOUZA MENDONCA;DIRETORIA TECNICA;TEC.DE HEMOTERAP.-THE-P.S.N.M.-B;; ESTATUTARIO;4406,17;;4406,17;527,39;3878,78;
MARIA ELIENAI DA SILVA PEREIRA;REGIMES TEMPORARIOS;ENFERMEIRO ESP.EM TERAP.INTEN.TEMP;; SERVICO TEMPORARIO;5939,30;;5939,30;1240,77;4698,53;
MARIA ELIZETE DA SILVA NETA;DIRETORIA TECNICA;TEC.DE PAT.CLINICA-TPC-P.S.N.M.-A;TEC.DE PAT.CLINICA; ESTATUTARIO;3163,48;;3163,48;381,43;2782,05;
MARIA EUNICE CASTRO DOS SANTOS;DIRETORIA TECNICA;TEC. DE ENFERMAGEM-TEN-P.S.N.M.-A;; ESTATUTARIO;3163,48;;3163,48;381,43;2782,05;
MARIA EZILENE SOARES BARAUNA;DIRETORIA TECNICA;TEC. DE ENFERMAGEM-TEN-P.S.N.M.-A;; ESTATUTARIO;3163,48;;3163,48;381,43;2782,05;
MARIA FRANCISCA GIRAO DE OLIVEIRA;REGIMES TEMPORARIOS;ENFERMEIRO TEMPORARIO;; SERVICO TEMPORARIO;5750,25;;5750,25;1169,59;4580,66;
MARIA GORETE SIMOES DE MATOS;DIRETORIA TECNICA;TEC. DE HEMOTERAP.-THE-P.S.N.M.-D;SUBGERENTE; ESTATUTARIO;7393,61;;7393,61;1336,65;6056,96;
MARIA GRACILENE DO VALE DE MEDEIROS;REGIMES TEMPORARIOS;ASSISTENTE SOCIAL TEMPORARIO;; SERVICO TEMPORARIO;5750,25;;5750,25;1169,59;4580,66;
MARIA HELENA CARVALHO DA SILVA;REGIMES TEMPORARIOS;TECNICO DE ENFERMAGEM TEMPORARIO;; SERVICO TEMPORARIO;2048,03;;2048,03;164,79;1883,24;
MARIA IEDA MOURAO DE CASTRO;DIRETORIA TECNICA;FARMAC.BIOQ. -FAB-P.S.N.S.-A;; ESTATUTARIO;7797,48;;7797,48;1840,49;5956,99;
MARIA IVALDETE SIQUEIRA DE SOUZA;DIRETORIA TECNICA;TEC.DE PAT.CLINICA-TPC-P.S.N.M.-C;GERENTE AD-2; ESTATUTARIO;3519,37;;3519,37;454,21;3065,16;
MARIA JEANE SIQUEIRA CASTRO DA CRUZ;DIRETORIA TECNICA;TEC.DE HEMOTERAP.-THE-P.S.N.M.-A;; ESTATUTARIO;3414,54;;3414,54;417,76;2996,78;
MARIA JOSE DANTAS COELHO;DIRETORIA TECNICA;FARMAC.BIOQ. -FAB-P.S.N.S.-A;CHEFE DE DEPARTAMENT; ESTATUTARIO;12797,48;;12797,48;3215,49;9581,99;
MARIA JOSE DANTAS COELHO;DIRETORIA TECNICA;TEC. DE HEMOTERAP.-THE-P.S.N.M.-C;GERENTE; ESTATUTARIO;3005,62;;3005,62;471,85;2533,77;
MARIA LUCINEIDE ALENCAR ALBUQUERQUE;REGIMES TEMPORARIOS;TECNICO DE ENFERMAGEM TEMPORARIO;; SERVICO TEMPORARIO;2048,03;;2048,03;164,79;1883,24;
MARIA LUIZA CARVALHO DE OLIVEIRA;REGIMES TEMPORARIOS;ENFERMEIRO TEMPORARIO;; SERVICO TEMPORARIO;5834,27;;5834,27;1149,08;4685,19;
MARIA LUIZA SILVA DE MORAES;DIRETORIA TECNICA;TEC. DE ENFERMAGEM-TEN-P.S.N.M.-A;; ESTATUTARIO;3163,48;;3163,48;381,43;2782,05;
MARIA LUZINETE DE OLIVEIRA;DIRETORIA TECNICA;TEC.DE HEMOTERAP.-THE-P.S.N.M.-A;TEC. DE HEMOTERAPIA; ESTATUTARIO;3298,59;;3298,59;409,06;2889,53;
MARIA MERCEDES MOURA MARTINS;REGIMES TEMPORARIOS;ASSISTENTE ADM.ADMINISTRACAO TEMP;; SERVICO TEMPORARIO;1732,96;;1732,96;136,43;1596,53;
MARIA MIRACY NOGUEIRA DE SOUZA;REGIMES TEMPORARIOS;TECNICO DE ENFERMAGEM TEMPORARIO;; SERVICO TEMPORARIO;2048,03;;2048,03;164,79;1883,24;
MARIA NEIDE DE MELO;DIRETORIA TECNICA;TEC. DE HEMOTERAP.-THE-P.S.N.M.-C;; ESTATUTARIO;4026,41;;4026,41;516,83;3509,58;
MARIA NESIANE SIQUEIRA CASTRO;DIRETORIA TECNICA;TEC.DE HEMOTERAP.-THE-P.S.N.M.-A;TEC. DE HEMOTERAPIA; ESTATUTARIO;3298,59;;3298,59;409,06;2889,53;
MARIA NESIANE SIQUEIRA CASTRO;DIRETORIA TECNICA;FARMAC.BIOQ. -FAB-P.S.N.S.-A;; ESTATUTARIO;7197,48;;7197,48;1840,49;5356,99;
MARIA ONEIDE PINHEIRO DE ANDRADE;DIRETORIA TECNICA;TEC. DE HEMOTERAP.-THE-P.S.N.M.-C;SUBGERENTE; ESTATUTARIO;6519,37;;6519,37;2467,17;4052,20;
MARIA REJANE DE AQUINO MEDEIROS;DIRETORIA TECNICA;TEC. DE HEMOTERAP.-THE-P.S.N.M.-C;SUBGERENTE; ESTATUTARIO;6519,37;;6519,37;1054,78;5464,59;
MARIA ROSENIRA DO BONFIM FERREIRA;REGIMES TEMPORARIOS;TEC.ENFERMAGEM UNID.TERAP.INT.TEMP.;; SERVICO TEMPORARIO;2153,06;;2153,06;174,24;1978,82;
MARIA SOCORRO DE CORREIA MONTANHA;DIRETORIA TECNICA;TEC.DE HEMOTERAP.-THE-P.S.N.M.-B;; ESTATUTARIO;3486,78;;3486,78;447,55;3039,23;
MARIA SOCORRO VIGA YURTSEVER;DIRETORIA TECNICA;MEDICO ESPECIALISTA;CHEFE DE DEPARTAMENT; ESTATUTARIO;13476,94;;13476,94;3764,59;9712,35;
MARIA SONIA DOS SANTOS PINHEIRO;DIRETORIA TECNICA;TEC.DE HEMOTERAP.-THE-P.S.N.M.-A;; ESTATUTARIO;3298,59;;3298,59;409,06;2889,53;
MARIA YOLANDA BARBOSA VIGA;REGIMES TEMPORARIOS;TECNICO EM HEMOTERAPIA TEMPORARIO;; SERVICO TEMPORARIO;2048,03;;2048,03;164,79;1883,24;
MARIA ZEILLA MOREIRA DA FROTA;DIRETORIA TECNICA;ASSIST.SOC.ASS-P.S.N.S.-CL.B;GERENTE; ESTATUTARIO;9105,81;;9105,81;2333,08;6772,73;
MARILDA FIGUEIRA MAIA;DIRETORIA TECNICA;FARMAC.BIOQ. -FAB-P.S.N.S.-A;; ESTATUTARIO;7797,48;;7797,48;1840,49;5956,99;
MARILIA CAROLINA DE A TEIXEIRA;REGIMES TEMPORARIOS;FISIOTERAPEUTA TEMPORARIO;; SERVICO TEMPORARIO;5750,25;;5750,25;1117,45;4632,80;
MARINETE DE ARAUJO FONTES;REGIMES TEMPORARIOS;TECNICO DE ENFERMAGEM TEMPORARIO;; SERVICO TEMPORARIO;2142,56;;2142,56;173,30;1969,26;
MARINILSE PAIXAO SERRA;DIRETORIA TECNICA;TEC. DE HEMOTERAP.-THE-P.S.N.M.-C;; ESTATUTARIO;2980,55;;2980,55;466,73;2513,82;
MARIO AFONSO FROTA MEDEIROS;DIRETORIA ADM. FINANCEIRO;AGENTE ADM.-AGA-T.S.N.A.-E;; ESTATUTARIO;2621,21;;2621,21;282,97;2338,24;
MARIO SERGIO VEIGA PINHEIRO;DIRETORIA TECNICA;TEC.DE HEMOTERAP.-THE-P.S.N.M.-A;; ESTATUTARIO;2563,48;;2563,48;358,89;2204,59;
MARIO SERGIO VEIGA PINHEIRO;DIRETORIA TECNICA;TEC. DE HEMOTERAP.-THE-P.S.N.M.-C;GERENTE; ESTATUTARIO;3519,37;;3519,37;454,21;3065,16;
MARLENE DO NASCIMENTO MELO;REGIMES TEMPORARIOS;NUTRICIONISTA TEMPORARIO;; SERVICO TEMPORARIO;7667,00;;7667,00;1770,78;5896,22;
MARLENE SANTOS DA MOTA;DIRETORIA TECNICA;ASSISTENTE TECNICO 3A CLASSE;; ESTATUTARIO;3595,97;;3595,97;422,23;3173,74;
MARLUCIA DE LIMA MARQUES;DIRETORIA TECNICA;TEC.DE HEMOTERAP.-THE-P.S.N.M.-A;; ESTATUTARIO;3298,59;;3298,59;409,06;2889,53;
MARLUCIA OLIVEIRA DOS SANTOS;DIRETORIA TECNICA;TEC. DE ENFERMAGEM-TEN-P.S.N.M.-A;; ESTATUTARIO;3163,48;;3163,48;381,43;2782,05;
MARLUCIA OLIVEIRA DOS SANTOS;REGIMES TEMPORARIOS;FARMACEUTICO TEMPORARIO;; SERVICO TEMPORARIO;5750,25;;5750,25;1169,59;4580,66;
MARLUCIA PINHEIRO DE SOUZA;REGIMES TEMPORARIOS;TECNICO DE ENFERMAGEM TEMPORARIO;; SERVICO TEMPORARIO;2048,03;;2048,03;157,70;1890,33;
MARTA PEREIRA DE OLIVEIRA;REGIMES TEMPORARIOS;TECNICO DE ENFERMAGEM TEMPORARIO;; SERVICO TEMPORARIO;2048,03;;2048,03;164,79;1883,24;
MARTIRENE ALVES DA SILVA;DIRETORIA TECNICA;TEC.DE HEMOTERAP.-THE-P.S.N.M.-A;TEC HEMOTER; ESTATUTARIO;3298,59;;3298,59;409,06;2889,53;
MARTULON ARAUJO BRANDAO;REGIMES TEMPORARIOS;TECNICO DE ENFERMAGEM TEMPORARIO;; SERVICO TEMPORARIO;2132,05;;2132,05;165,26;1966,79;
MATHEUS GUERRA LEITE;REGIMES TEMPORARIOS;ASSISTENTE ADM.ASSISTEN.E LAB.TEMP;; SERVICO TEMPORARIO;1732,96;;1732,96;136,43;1596,53;
MATTHAUS XAVIER DE ASSIS;REGIMES TEMPORARIOS;FARMACEUTICO TEMPORARIO;; SERVICO TEMPORARIO;5750,25;;5750,25;1169,59;4580,66;
MAURO DOS SANTOS BEZERRA;REGIMES TEMPORARIOS;ASSISTENTE ADM.ADMINISTRACAO TEMP;; SERVICO TEMPORARIO;1732,96;;1732,96;136,43;1596,53;
MAURO GALUCIO GARCIA;DIRETORIA TECNICA;QUIMICO-QUI-P.S.N.S.-A;; ESTATUTARIO;7823,77;;7823,77;1847,72;5976,05;
MAYK LUCIO MORAES DE FREITAS;REGIMES TEMPORARIOS;MEDICO CLINICO GERAL TEMPORARIO;; SERVICO TEMPORARIO;6459,19;;6459,19;1436,50;5022,69;
MAYRA LUZIA DA SILVEIRA BRASIL;REGIMES TEMPORARIOS;FARMACEUTICO TEMPORARIO;; SERVICO TEMPORARIO;7667,00;;7667,00;1875,05;5791,95;
MEIRY JANE DE SOUZA BIVAQUA;DIRETORIA TECNICA;ASSIST.SOC.ASS-P.S.N.S.-CL.A;; ESTATUTARIO;7797,48;;7797,48;1840,49;5956,99;
MEIRY JANE DE SOUZA SIQUEIRA;DIRETORIA TECNICA;TEC.DE PAT.CLINICA-TPC-P.S.N.M.-B;TEC. PATOL. CLINICA; ESTATUTARIO;3454,63;;3454,63;440,97;3013,66;
MEIRYALVA FARIAS MARIANO;DIRETORIA TECNICA;TEC. DE ENFERMAGEM-TEN-P.S.N.M.-A;; ESTATUTARIO;2563,48;;2563,48;381,43;2182,05;
MELK LEVI DA SILVA PEREIRA;REGIMES TEMPORARIOS;ADVOGADO TEMPORARIO;; SERVICO TEMPORARIO;4332,39;;4332,39;634,42;3697,97;
MELYSSA DE SOUZA PINHEIRO;REGIMES TEMPORARIOS;ARQUITETO HOSPITALAR TEMPORARIO;; SERVICO TEMPORARIO;4332,39;;4332,39;674,01;3658,38;
MERCIA FLORENCIO DE ALMEIDA LIMA;DIRETORIA TECNICA;TEC. DE ENFERMAGEM-TEN-P.S.N.M.-A;; ESTATUTARIO;3163,48;;3163,48;381,43;2782,05;
MESSIAS AUGUSTO DAS NEVES NETO;REGIMES TEMPORARIOS;FISIOTERAPEUTA TEMPORARIO;; SERVICO TEMPORARIO;5750,25;;5750,25;1169,59;4580,66;
MESSIAS DE ASSIS PRAIA;DIRETORIA TECNICA;TEC. DE HEMOTERAP.-THE-P.S.N.M.-C;; ESTATUTARIO;2919,37;;2919,37;454,21;2465,16;
MESSIAS DE ASSIS PRAIA;DIRETORIA TECNICA;TEC.DE HEMOTERAP.-THE-P.S.N.M.-A;TEC. HEMOTERAPIA; ESTATUTARIO;3229,55;;3229,55;394,95;2834,60;
MICHAEL EVANGELISTA DA CRUZ;REGIMES TEMPORARIOS;TEC.ENFERMAGEM URG.E EMERG.TEMP.;; SERVICO TEMPORARIO;2057,48;;2057,48;165,64;1891,84;
MICHELE BASTOS ANTUNES;REGIMES TEMPORARIOS;TECNICO DE ENFERMAGEM TEMPORARIO;; SERVICO TEMPORARIO;2048,03;;2048,03;164,79;1883,24;
MICHELLE FELIX DE OLIVEIRA;REGIMES TEMPORARIOS;TECNICO DE ENFERMAGEM TEMPORARIO;; SERVICO TEMPORARIO;2132,05;;2132,05;172,35;1959,70;
MIGUEL DE JESUS QUEIROZ DE PAULA;DIRETORIA ADM. FINANCEIRO;MOTORISTA-MOT-T.S.N.A.-A;MOTORISTA; ESTATUTARIO;2910,15;;2910,15;323,42;2586,73;
MIRIAM GISELA GOMES DA SILVA;REGIMES TEMPORARIOS;ASSISTENTE ADM.ASSISTEN.E LAB.TEMP;; SERVICO TEMPORARIO;1732,96;;1732,96;136,43;1596,53;
MIRIAM MAIA DE SOUZA;DIRETORIA ADM. FINANCEIRO;AGENTE ADMINISTRATIVO A - N.B.;; ESTATUTARIO;2621,21;;2621,21;282,97;2338,24;
MIRIAN LUCIA DE ARAUJO BEZERRA;DIRETORIA ADM. FINANCEIRO;AGENTE ADMINISTRATIVO A - N.B.;; ESTATUTARIO;2899,25;;2899,25;282,97;2616,28;
MIRIAN LUNIERE CABRAL;DIRETORIA ADM. FINANCEIRO;AGENTE ADM.-AGA-T.S.N.A.-G;; ESTATUTARIO;3329,21;;3329,21;371,92;2957,29;
MIRIAN RODRIGUES RIBEIRO SANTIAGO;DIRETORIA TECNICA;FARMAC.BIOQ. -FAB-P.S.N.S.-B;GERENTE; ESTATUTARIO;8388,21;;8388,21;2288,80;6099,41;
MIRIAN RODRIGUES RIBEIRO SANTIAGO;DIRETORIA TECNICA;FARMAC.BIOQ. -FAB-P.S.N.S.-A;; ESTATUTARIO;15917,96;;15917,96;4103,16;11814,80;
MIRLEY SANDRO SILVA MORAES;DIRETORIA TECNICA;TEC.DE PAT.CLINICA-TPC-P.S.N.M.-A;; ESTATUTARIO;3163,48;;3163,48;381,43;2782,05;
MIRTES VALERIA DE OLIVEIRA MENDES;DIRETORIA TECNICA;ENFERMEIRO-ENF-P.S.N.S.-A;; ESTATUTARIO;7797,48;;7797,48;1788,36;6009,12;
MOISES ALBERTO ROJAS SOARES;DIRETORIA TECNICA;TEC.DE HEMOTERAP.-THE-P.S.N.M.-B;; ESTATUTARIO;3454,63;;3454,63;399,65;3054,98;
MOISES OLIVEIRA DA LUZ;REGIMES TEMPORARIOS;FISIOTERAPEUTA TEMPORARIO;; SERVICO TEMPORARIO;7667,00;;7667,00;1875,05;5791,95;
MONICA BORGES LOPES DE OLIVEIRA;REGIMES TEMPORARIOS;ASSISTENTE ADM.ASSISTEN.E LAB.TEMP;; SERVICO TEMPORARIO;1732,96;;1732,96;136,43;1596,53;
MONICA REGINA HOSANNAH DA S E SILVA;DIRETORIA TECNICA;MEDICO ESPECIALISTA;; ESTATUTARIO;9911,14;;9911,14;2583,55;7327,59;
MONIQUE BATISTA FERREIRA;DIRETORIA TECNICA;ENFERMEIRO-ENF-P.S.N.S.-A;SUBGERENTE; ESTATUTARIO;14196,64;;14196,64;3600,26;10596,38;
MURILO OLIVEIRA MIRANDA JUNIOR;DIRETORIA ADM. FINANCEIRO;ASSIST.ADMIN.-ASA-T.S.N.M.-A;; ESTATUTARIO;2169,12;;2169,12;303,68;1865,44;
MYUKI ALFAIA ESASHIKA CRISPIM;DIRETORIA TECNICA;FARMAC.BIOQ. -FAB-P.S.N.S.-A;DIR. ENSINO E PESQU.; ESTATUTARIO;8740,69;;8740,69;2195,61;6545,08;
NAAMY KEELY DA SILVA SIMAO;DIRETORIA TECNICA;FISIOTERAPEUTA-FIS-P.S.N.S.-A;; ESTATUTARIO;7797,48;;7797,48;1840,49;5956,99;
NADJA PINTO GARCIA;DIRETORIA TECNICA;FARMAC.BIOQ. -FAB-P.S.N.S.-A;; ESTATUTARIO;7797,48;;7797,48;1840,49;5956,99;
NAILCE CARVALHO DA SILVA OLIVEIRA;REGIMES TEMPORARIOS;TEC.ENFERMAGEM UNID.TERAP.INT.TEMP.;; SERVICO TEMPORARIO;2048,03;;2048,03;164,79;1883,24;
NALLU CHRISTINA CORSINO DAMASCENO;REGIMES TEMPORARIOS;TECNICO DE ENFERMAGEM TEMPORARIO;; SERVICO TEMPORARIO;2048,03;;2048,03;164,79;1883,24;
NATALIA RAFAELI ASSUNCAO BEZERRA;REGIMES TEMPORARIOS;ASSISTENTE ADM.ASSISTEN.E LAB.TEMP;; SERVICO TEMPORARIO;1732,96;;1732,96;136,43;1596,53;
NATHALIA DA SILVA PEREIRA SANTOS;REGIMES TEMPORARIOS;TECNICO DE ENFERMAGEM TEMPORARIO;; SERVICO TEMPORARIO;2132,05;;2132,05;172,35;1959,70;
NAYANNE MATOS PINTO DO NASCIMENTO;REGIMES TEMPORARIOS;RECEPCIONISTA TEMPORARIO;; SERVICO TEMPORARIO;1614,79;;1614,79;125,80;1488,99;
NAYARA VIEIRA DOS SANTOS;REGIMES TEMPORARIOS;TECNICO DE ENFERMAGEM TEMPORARIO;; SERVICO TEMPORARIO;2846,24;;2846,24;297,17;2549,07;
NEIDA ALEXANDRA DOS SANTOS MATIAS;DIRETORIA TECNICA;TEC. DE ENFERMAGEM-TEN-P.S.N.M.-A;TEC.ENFERMAGEM; ESTATUTARIO;3298,59;;3298,59;394,84;2903,75;
NEIDE TAVARES;DIRETORIA TECNICA;ENFERMEIRO-ENF-P.S.N.S.-B;; ESTATUTARIO;8988,21;;8988,21;2288,80;6699,41;
NELMA PIRES PICANCO;REGIMES TEMPORARIOS;TECNICO EM SAUDE BUCAL TEMPORARIO;; SERVICO TEMPORARIO;2048,03;;2048,03;164,79;1883,24;
NELSON ABRAHIM FRAIJI;DIRETORIA TECNICA;MEDICO DOUTOR;; ESTATUTARIO;15204,86;;15204,86;4545,18;10659,68;
NEUCIVANE LOPES FARIAS;DIRETORIA TECNICA;ENFERMEIRO-ENF-P.S.N.S.-A;; ESTATUTARIO;7797,48;;7797,48;1840,49;5956,99;
NEUDIMAR DE CASTRO LIMA;REGIMES TEMPORARIOS;ASSISTENTE ADM.ADMINISTRACAO TEMP;; SERVICO TEMPORARIO;1732,96;;1732,96;136,43;1596,53;
NEYLA PANTOJA NUNES DA SILVA;DIRETORIA TECNICA;TEC.DE PAT.CLINICA-TPC-P.S.N.M.-A;; ESTATUTARIO;3163,48;;3163,48;381,43;2782,05;
NICOLLE INGRID DOS S NASCIMENTO;REGIMES TEMPORARIOS;ASSISTENTE ADM.ADMINISTRACAO TEMP;; SERVICO TEMPORARIO;1732,96;;1732,96;136,43;1596,53;
NILBERTO DIAS DE ARAUJO;REGIMES TEMPORARIOS;FARMACEUTICO TEMPORARIO;; SERVICO TEMPORARIO;5792,26;;5792,26;1185,40;4606,86;
NILBERTO DIAS DE ARAUJO;DIRETORIA TECNICA;FARMAC.BIOQ. -FAB-P.S.N.S.-A;; ESTATUTARIO;7797,48;;7797,48;1840,49;5956,99;
NINA ROSA GONCALVES DA SILVA;DIRETORIA TECNICA;TEC.DE HEMOTERAP.-THE-P.S.N.M.-B;GERENTE; ESTATUTARIO;7454,63;;7454,63;1305,41;6149,22;
NIVALDO AUGUSTO DOS REIS;REGIMES TEMPORARIOS;ALMOXARIFE TEMPORARIO;; SERVICO TEMPORARIO;2135,20;;2135,20;172,63;1962,57;
NIVIA FERREIRA FRANCA;DIRETORIA TECNICA;ASSIST.SOC.ASS-P.S.N.S.-CL.A;GERENTE; ESTATUTARIO;11797,48;;11797,48;2940,49;8856,99;
NIVIA FERREIRA FRANCA;DIRETORIA TECNICA;ASSIST.SOC.ASS-P.S.N.S.-CL.A;ASSIST.SOCIAL; ESTATUTARIO;7857,59;;7857,59;1984,75;5872,84;
NOEMY NASCIMENTO PRIANTE;DIRETORIA TECNICA;ASSIST.SOC.ASS-P.S.N.S.-CL.B;; ESTATUTARIO;8271,59;;8271,59;2192,75;6078,84;
OCILENE DE ASSIS LIMA;DIRETORIA TECNICA;TEC. DE HEMOTERAP.-THE-P.S.N.M.-D;; ESTATUTARIO;3563,43;;3563,43;463,22;3100,21;
ONEIDE FIGUEIREDO RAMIRES;DIRETORIA ADM. FINANCEIRO;AGENTE ADM.-AGA-T.S.N.A.-G;; ESTATUTARIO;3792,05;;3792,05;408,90;3383,15;
OSMARINA FONSECA LIMA;DIRETORIA TECNICA;TEC. DE HEMOTERAP.-THE-P.S.N.M.-D;; ESTATUTARIO;3191,64;;3191,64;123,95;3067,69;
OZEAS CARDOSO MENDONCA;REGIMES TEMPORARIOS;MOTORISTA TEMPORARIO;; SERVICO TEMPORARIO;1601,40;;1601,40;124,59;1476,81;
PATRICIA FRANCA DE FREITAS;REGIMES TEMPORARIOS;TECNICO DE ENFERMAGEM TEMPORARIO;; SERVICO TEMPORARIO;2132,05;;2132,05;172,35;1959,70;
PATRICIA MAROTTO HOMRICH;DIRETORIA TECNICA;FISIOTERAPEUTA-FIS-P.S.N.S.-A;; ESTATUTARIO;7797,48;;7797,48;1840,49;5956,99;
PATRICIA SANTOS ALENCAR;DIRETORIA ADM. FINANCEIRO;AGENTE ADM.-AGA-T.S.N.A.-E;; ESTATUTARIO;2621,21;;2621,21;282,97;2338,24;
PATRICIA TENORIO DE SOUZA ALMEIDA;DIRETORIA ADM. FINANCEIRO;RECEPCIONISTA-REC-T.S.N.A.-E;SUBGERENTE; ESTATUTARIO;9621,21;;9621,21;1816,63;7804,58;
PAULA DA CONCEIÇAO SILVA CARDOSO;REGIMES TEMPORARIOS;TECNICO PATOLOGIA CLIN. TEMPORARIO;; SERVICO TEMPORARIO;2048,03;;2048,03;164,79;1883,24;
PAULA FRANCINETE PEREIRA DE SOUZA;DIRETORIA TECNICA;TEC.DE HEMOTERAP.-THE-P.S.N.M.-A;; ESTATUTARIO;3598,12;;3598,12;506,05;3092,07;
PAULA FRANCINETE PEREIRA DE SOUZA;DIRETORIA TECNICA;TEC.DE HEMOTERAP.-THE-P.S.N.M.-A;; ESTATUTARIO;3163,48;;3163,48;381,43;2782,05;
PAULA MARINHO DE MAGALHAES CARVALHO;REGIMES TEMPORARIOS;MEDICO ESPECIALISTA TEMPORARIO;; SERVICO TEMPORARIO;7438,92;;7438,92;1753,23;5685,69;
PAULA REGINA KIMURA QUEIROZ;DIRETORIA TECNICA;AUX.DE ENFERM.-AEF-P.S.N.A.-D;; ESTATUTARIO;3196,45;;3196,45;388,17;2808,28;
PAULO HENRIQUE DE SOUZA SOARES;DIRETORIA ADM. FINANCEIRO;OPER.MAN.E APOIO-OMA-T.S.N.A-A;CHEFE DE DEPARTAMENT; ESTATUTARIO;7604,44;;7604,44;1260,31;6344,13;
PAULO JOSE BRANCO TAVARES;REGIMES TEMPORARIOS;TECNICO DE ENFERMAGEM TEMPORARIO;; SERVICO TEMPORARIO;2142,56;;2142,56;173,30;1969,26;
PAULO JOSE RIBEIRO DOS SANTOS;DIRETORIA ADM. FINANCEIRO;ASSIST.ADMIN.-ASA-T.S.N.M.-A;; ESTATUTARIO;2769,12;;2769,12;303,68;2465,44;
PAULO RICARDO CASTRO DA SILVA;DIRETORIA ADM. FINANCEIRO;ASSIST.ADMIN.-ASA-T.S.N.M.-A;; ESTATUTARIO;2769,12;;2769,12;303,68;2465,44;
PAULO ROBERTO SANTOS DA SILVA;DIRETORIA ADM. FINANCEIRO;MOTORISTA-MOT-T.S.N.A.-A;; ESTATUTARIO;3741,33;;3741,33;391,96;3349,37;
PAULO VITOR BASTOS ANTUNES;REGIMES TEMPORARIOS;TECNICO EM SAUDE BUCAL TEMPORARIO;; SERVICO TEMPORARIO;2048,03;;2048,03;164,79;1883,24;
PEDRO BERNARDES SOUSA;DIRETORIA ADM. FINANCEIRO;OPER.MAN.E APOIO-OMA-T.S.N.A-A;; ESTATUTARIO;2604,44;;2604,44;280,62;2323,82;
PEDRO CUSTODIO FELIX;REGIMES TEMPORARIOS;TECNICO DE ENFERMAGEM TEMPORARIO;; SERVICO TEMPORARIO;2153,06;;2153,06;174,24;1978,82;
PEDRO DA SILVA MELO;DIRETORIA TECNICA;TEC.DE HEMOTERAP.-THE-P.S.N.M.-A;TEC HEMOTERAPIA; ESTATUTARIO;3229,55;;3229,55;394,95;2834,60;
POLIANA GOMES DANTAS;REGIMES TEMPORARIOS;ASSISTENTE ADM.ASSISTEN.E LAB.TEMP;; SERVICO TEMPORARIO;1732,96;;1732,96;136,43;1596,53;
PRICIANE DA SILVA RODRIGUES;REGIMES TEMPORARIOS;ASSISTENTE ADM.ADMINISTRACAO TEMP;; SERVICO TEMPORARIO;1732,96;;1732,96;136,43;1596,53;
PRISCILA BELO RIBEIRO;DIRETORIA ADM. FINANCEIRO;AGENTE ADM.-AGA-T.S.N.A.-E;; ESTATUTARIO;2677,18;;2677,18;290,81;2386,37;
QUEREN ANDRESSA TEIXEIRA DA SILVA;DIRETORIA ADM. FINANCEIRO;AGENTE ADM.-AGA-T.S.N.A.-E;; ESTATUTARIO;2621,21;;2621,21;282,97;2338,24;
QUEZIA IANNUZZI DA COSTA;REGIMES TEMPORARIOS;TEC.ENFERMAGEM UNID.TERAP.INT.TEMP.;; SERVICO TEMPORARIO;2048,03;;2048,03;164,79;1883,24;
QUEZIA MACEDO NOBREGA;REGIMES TEMPORARIOS;TECNICO EM SAUDE BUCAL TEMPORARIO;; SERVICO TEMPORARIO;2048,03;;2048,03;164,79;1883,24;
RAFAEL DA SILVA BANDEIRA;REGIMES TEMPORARIOS;ENFERMEIRO TEMPORARIO;; SERVICO TEMPORARIO;5750,25;;5750,25;1169,59;4580,66;
RAFAEL DOS SANTOS DUARTE;REGIMES TEMPORARIOS;OPERADOR DE MANUTENCAO E APOIO TEMP;; SERVICO TEMPORARIO;2135,20;;2135,20;172,63;1962,57;
RAFAEL NASCIMENTO MARQUES;REGIMES TEMPORARIOS;COMUNICADOR SOCIAL TEMPORARIO;; SERVICO TEMPORARIO;4332,39;;4332,39;674,01;3658,38;
RAFAEL OSVALDO RIROYUKI ARITA;REGIMES TEMPORARIOS;MEDICO CLINICO GERAL TEMPORARIO;; SERVICO TEMPORARIO;6459,19;;6459,19;1436,50;5022,69;
RAFAELA DE SOUSA ROCHA;REGIMES TEMPORARIOS;TECNICO DE ENFERMAGEM TEMPORARIO;; SERVICO TEMPORARIO;2048,03;;2048,03;164,79;1883,24;
RAFAELA MONIQUE MENDONCA DE BARROS;REGIMES TEMPORARIOS;MEDICO ESPECIALISTA TEMPORARIO;; SERVICO TEMPORARIO;7438,92;;7438,92;1753,23;5685,69;
RAFAELLA OLIVEIRA DOS SANTOS;REGIMES TEMPORARIOS;FARMACEUTICO TEMPORARIO;; SERVICO TEMPORARIO;5750,25;;5750,25;1169,59;4580,66;
RAICA GRACIELE DE SOUSA CARDOSO;DIRETORIA TECNICA;ENFERMEIRO-ENF-P.S.N.S.-A;; ESTATUTARIO;7797,48;;7797,48;1840,49;5956,99;
RAIMUNDA LELIS DE OLIVEIRA;DIRETORIA TECNICA;TEC. DE HEMOTERAP.-THE-P.S.N.M.-C;; ESTATUTARIO;3605,62;;3605,62;471,85;3133,77;
RAIMUNDO LUIZ MASCARENHAS GARCIA;DIRETORIA TECNICA;TEC.DE PAT.CLINICA-TPC-P.S.N.M.-A;; ESTATUTARIO;3163,48;;3163,48;381,43;2782,05;
RAIMUNDO MORENO NASCIMENTO;REGIMES TEMPORARIOS;MAQUEIRO TEMPORARIO;; SERVICO TEMPORARIO;2153,05;;2153,05;174,24;1978,81;
RAIMUNDO NONATO ALMEIDA DA SILVA;DIRETORIA TECNICA;TEC.DE PAT.CLINICA-TPC-P.S.N.M.-A;TEC.PAT.CLINICA; ESTATUTARIO;3183,20;;3183,20;382,91;2800,29;
RAIMUNDO NONATO DIOGO CARDOSO;DIRETORIA ADM. FINANCEIRO;OPER.MAN.E APOIO-OMA-T.S.N.A-A;; ESTATUTARIO;2604,44;;2604,44;280,62;2323,82;
RALF NASCIMENTO MATOS;DIRETORIA TECNICA;TEC.DE HEMOTERAP.-THE-P.S.N.M.-A;; ESTATUTARIO;3163,48;;3163,48;381,43;2782,05;
RAPHAEL MELO DOS REIS;REGIMES TEMPORARIOS;FARMACEUTICO TEMPORARIO;; SERVICO TEMPORARIO;5750,25;;5750,25;1117,45;4632,80;
RARISON BERNARDES MONTEIRO;REGIMES TEMPORARIOS;RECEPCIONISTA TEMPORARIO;; SERVICO TEMPORARIO;1614,79;;1614,79;125,80;1488,99;
RAYGE BRAGA BARROSO;REGIMES TEMPORARIOS;MEDICO CLINICO GERAL TEMPORARIO;; SERVICO TEMPORARIO;6553,72;;6553,72;1472,09;5081,63;
RAYMUNDO SANDOVAL F AMAZONAS;DIRETORIA TECNICA;MEDICO GRADUADO;; ESTATUTARIO;8684,85;;8684,85;2134,56;6550,29;
RECHFY KASEM ABOU ALI;DIRETORIA TECNICA;TEC.DE HEMOTERAP.-THE-P.S.N.M.-A;; ESTATUTARIO;3163,48;;3163,48;381,43;2782,05;
REGIA MARIA DE OLIVEIRA COELHO;DIRETORIA TECNICA;AUX.DE ENFERM.-AEF-P.S.N.A.-B;; ESTATUTARIO;3023,65;;3023,65;352,84;2670,81;
REGINA BATISTA MACHADO;REGIMES TEMPORARIOS;ENFERMEIRO TEMPORARIO;; SERVICO TEMPORARIO;5918,29;;5918,29;1232,85;4685,44;
REGINA NEVES NORMANDO;DIRETORIA TECNICA;TEC.DE PAT.CLINICA-TPC-P.S.N.M.-C;; ESTATUTARIO;3605,62;;3605,62;471,85;3133,77;
REGINALDO FERREIRA DOS REIS;DIRETORIA ADM. FINANCEIRO;MOTORISTA-MOT-T.S.N.A.-A;; ESTATUTARIO;2922,38;;2922,38;323,42;2598,96;
REGINALDO GOMES PEREIRA;DIRETORIA ADM. FINANCEIRO;ASSIST.ADMIN.-ASA-T.S.N.M.-A;; ESTATUTARIO;2769,12;;2769,12;303,68;2465,44;
REJANE FATIMA ZIMMERMANN DA MOTTA;REGIMES TEMPORARIOS;ASSISTENTE ADM.ADMINISTRACAO TEMP;; SERVICO TEMPORARIO;1732,96;;1732,96;136,43;1596,53;
REJANE NINA MARTINS;DIRETORIA TECNICA;MEDICO ESPECIALISTA;; ESTATUTARIO;9911,14;;9911,14;2583,55;7327,59;
RENAN CAVALCANTE SA;REGIMES TEMPORARIOS;ASSISTENTE ADM.ASSISTEN.E LAB.TEMP;; SERVICO TEMPORARIO;1732,96;;1732,96;136,43;1596,53;
RENATA DE ALMEIDA LEMOS AGUIAR;DIRETORIA TECNICA;MEDICO ESPECIALISTA;; ESTATUTARIO;9911,14;;9911,14;2583,55;7327,59;
RENATA EVANGELISTA MONTEIRO;REGIMES TEMPORARIOS;ESTATISTICO TEMPORARIO;; SERVICO TEMPORARIO;5776,52;;5776,52;1075,20;4701,32;
RENATA FEITOSA DE OLIVEIRA;DIRETORIA TECNICA;FARMACEUTICO-FAR-P.S.N.S.-A;; ESTATUTARIO;7797,48;;7797,48;1840,49;5956,99;
RENATO GARCIA LOPES;REGIMES TEMPORARIOS;ASSISTENTE ADM.ADMINISTRACAO TEMP;; SERVICO TEMPORARIO;1732,96;;1732,96;136,43;1596,53;
RENATO MARQUES LESSA;DIRETORIA ADM. FINANCEIRO;ANALISTA DE SIST.- ANS-T.S.N.S.-A;CHEFE DE DEPARTAMENT; ESTATUTARIO;11022,77;;11022,77;2547,31;8475,46;
RICARDO DE OLIVEIRA;DIRETORIA ADM. FINANCEIRO;MOTORISTA-MOT-T.S.N.A.-A;; ESTATUTARIO;2910,15;;2910,15;323,42;2586,73;
RICARDO PEREIRA QUEIROZ;REGIMES TEMPORARIOS;TECNICO EM HEMOTERAPIA TEMPORARIO;; SERVICO TEMPORARIO;2048,03;;2048,03;164,79;1883,24;
RIVANA ARAUJO DE PINHO ARANTES;DIRETORIA TECNICA;TEC. DE ENFERMAGEM-TEN-P.S.N.M.-A;TEC.ENFERMAGEM; ESTATUTARIO;3163,48;;3163,48;381,43;2782,05;
RIVIELA GRACIELA ZEBALLOS;REGIMES TEMPORARIOS;TECNICO DE ENFERMAGEM TEMPORARIO;; SERVICO TEMPORARIO;2048,03;;2048,03;164,79;1883,24;
ROANA CRISTINA SERRAO BATISTA;DIRETORIA ADM. FINANCEIRO;ASSIST.ADMIN.-ASA-T.S.N.M.-A;; ESTATUTARIO;2769,12;;2769,12;303,68;2465,44;
ROBERTA CAVALCANTE CARVALHO;REGIMES TEMPORARIOS;ASSISTENTE ADM.ASSISTEN.E LAB.TEMP;; SERVICO TEMPORARIO;1732,96;;1732,96;136,43;1596,53;
ROBERTO FERREIRA DA SILVA;REGIMES TEMPORARIOS;MAQUEIRO TEMPORARIO;; SERVICO TEMPORARIO;1614,79;;1614,79;125,80;1488,99;
ROBSON ROMEU CARVALHO DE SOUZA;DIRETORIA TECNICA;TEC.DE HEMOTERAP.-THE-P.S.N.M.-A;; ESTATUTARIO;3163,48;;3163,48;381,43;2782,05;
ROCILDA DE SOUZA LIMA;REGIMES TEMPORARIOS;ENFERMEIRO TEMPORARIO;; SERVICO TEMPORARIO;5750,25;;5750,25;1169,59;4580,66;
ROCILENE DE FREITAS ALBUQUERQUE;DIRETORIA TECNICA;TEC.DE PAT.CLINICA-TPC-P.S.N.M.-A;; ESTATUTARIO;3163,48;;3163,48;381,43;2782,05;
RODILENE PORTELA HOLANDA;REGIMES TEMPORARIOS;TECNICO EM NUTRICAO TEMPORARIO;; SERVICO TEMPORARIO;2048,03;;2048,03;164,79;1883,24;
RODOLFO JOSE MAR DA COSTA R FREITAS;REGIMES TEMPORARIOS;RECEPCIONISTA TEMPORARIO;; SERVICO TEMPORARIO;1614,79;;1614,79;125,80;1488,99;
RODRIGO ANTONIO FERREIRA;REGIMES TEMPORARIOS;TECNICO DE ENFERMAGEM TEMPORARIO;; SERVICO TEMPORARIO;2646,70;;2646,70;260,05;2386,65;
RODRIGO DE SOUZA LEITAO;DIRETORIA TECNICA;MEDICO ESPECIALISTA;; ESTATUTARIO;9311,14;;9311,14;2583,55;6727,59;
RODRIGO DE SOUZA LEITAO;DIRETORIA TECNICA;MEDICO MESTRE;DIRETOR TECNICO HEMO; ESTATUTARIO;12198,32;;12198,32;3433,05;8765,27;
RODRIGO LIMA DA TRINDADE;REGIMES TEMPORARIOS;ASSISTENTE ADM.ADMINISTRACAO TEMP;; SERVICO TEMPORARIO;1732,96;;1732,96;136,43;1596,53;
ROSANA BENTES BARBOSA VASCONCELOS;DIRETORIA TECNICA;TEC.DE HEMOTERAP.-THE-P.S.N.M.-A;; ESTATUTARIO;3163,48;;3163,48;381,43;2782,05;
ROSANE FRANCISCA CRUZ LOPES;DIRETORIA ADM. FINANCEIRO;AGENTE ADM.-AGA-T.S.N.A.-H;; ESTATUTARIO;3467,16;;3467,16;384,61;3082,55;
ROSANGELA ANDRADE PEREIRA;REGIMES TEMPORARIOS;TECNICO EM NUTRICAO TEMPORARIO;; SERVICO TEMPORARIO;2048,03;;2048,03;164,79;1883,24;
ROSANGELA DA COSTA PORTELA;REGIMES TEMPORARIOS;AUX.DE SERVICOS GERAIS TEMPORARIO;; SERVICO TEMPORARIO;1601,40;;1601,40;124,59;1476,81;
ROSANGELA DE CASTRO SILVA;DIRETORIA ADM. FINANCEIRO;SUBGERENTE;SUBGERENTE; CARGO COMISSION.S/VINCULO;3686,94;;3686,94;408,54;3278,40;
ROSANGELA SANTOS DE ABREU;DIRETORIA TECNICA;MEDICO ESPECIALISTA;CHEFE DE DEPARTAMENT; ESTATUTARIO;16197,96;;16197,96;4438,10;11759,86;
ROSANNE MELO DA ROCHA;DIRETORIA TECNICA;ENFERMEIRO-ENF-P.S.N.S.-A;; ESTATUTARIO;11765,06;;11765,06;2982,62;8782,44;
ROSEMARY RIBEIRO MATTA DE CASTRO;DIRETORIA TECNICA;TEC.DE HEMOTERAP.-THE-P.S.N.M.-A;TEC HEMOTER; ESTATUTARIO;3298,59;;3298,59;409,06;2889,53;
ROSILANE MIRANDA DA SILVA MARCHIOLI;DIRETORIA TECNICA;TEC. DE ENFERMAGEM-TEN-P.S.N.M.-A;; ESTATUTARIO;4017,97;;4017,97;462,95;3555,02;
ROSILENE MARINHO DE SOUZA;DIRETORIA TECNICA;TEC.DE PAT.CLINICA-TPC-P.S.N.M.-A;SUBGERENTE-AD3; ESTATUTARIO;3163,48;;3163,48;381,43;2782,05;
ROSILENE SANTOS DO VALE;DIRETORIA TECNICA;TEC. DE ENFERMAGEM-TEN-P.S.N.M.-A;; ESTATUTARIO;4017,97;;4017,97;462,95;3555,02;
ROZILENE DIAS NORONHA;DIRETORIA TECNICA;TEC.DE HEMOTERAP.-THE-P.S.N.M.-A;; ESTATUTARIO;3163,48;;3163,48;381,43;2782,05;
RUFINO CARVALHO LIMA;REGIMES TEMPORARIOS;FARMACEUTICO TEMPORARIO;; SERVICO TEMPORARIO;5750,25;;5750,25;1169,59;4580,66;
RUSSO ALVARENGA DE FREITAS;REGIMES TEMPORARIOS;TECNICO DE ENFERMAGEM TEMPORARIO;; SERVICO TEMPORARIO;2048,03;;2048,03;164,79;1883,24;
RUTH HELENA PERDIZ WATANABE;DIRETORIA TECNICA;MEDICO ESPECIALISTA;; ESTATUTARIO;10838,42;;10838,42;2930,52;7907,90;
RUTH TAIANA DA SILVA CAMPOS;REGIMES TEMPORARIOS;TECNICO DE ENFERMAGEM TEMPORARIO;; SERVICO TEMPORARIO;2048,03;;2048,03;164,79;1883,24;
SAMANTHA MEDINA DE OLIVEIRA SILVA;DIRETORIA TECNICA;MEDICO GRADUADO;; ESTATUTARIO;8684,85;518,93;8165,92;1991,85;6174,07;
SAMELLA SILVA DE OLIVEIRA;REGIMES TEMPORARIOS;PESQUISADOR AREA DA SAUDE TEMPORAR.;; SERVICO TEMPORARIO;8612,27;;8612,27;2135,00;6477,27;
SAMUEL LACERDA DO NASCIMENTO;REGIMES TEMPORARIOS;MEDICO CLINICO GERAL TEMPORARIO;; SERVICO TEMPORARIO;6459,19;;6459,19;1436,50;5022,69;
SANDRA DA COSTA PERES;DIRETORIA TECNICA;GERENTE;; CARGO COMISSION.S/VINCULO;4693,27;;4693,27;669,94;4023,33;
SANDRA ELAINE DE MENDONCA PICANCO;REGIMES TEMPORARIOS;TECNICO DE ENFERMAGEM TEMPORARIO;; SERVICO TEMPORARIO;2048,03;;2048,03;164,79;1883,24;
SANDRA MARIA BATISTA FEITOZA;REGIMES TEMPORARIOS;TECNICO EM HEMOTERAPIA TEMPORARIO;; SERVICO TEMPORARIO;2048,03;;2048,03;164,79;1883,24;
SANDRA MARIA BATISTA FEITOZA;DIRETORIA TECNICA;TEC.DE HEMOTERAP.-THE-P.S.N.M.-A;; ESTATUTARIO;3163,48;;3163,48;381,43;2782,05;
SANDRA QUEIROZ MENDONCA;REGIMES TEMPORARIOS;TECNICO DE ENFERMAGEM TEMPORARIO;; SERVICO TEMPORARIO;2048,03;;2048,03;164,79;1883,24;
SANDRA REJANE DE PAULA LIMA;REGIMES TEMPORARIOS;TECNICO DE ENFERMAGEM TEMPORARIO;; SERVICO TEMPORARIO;2048,03;;2048,03;164,79;1883,24;
SARAH ABRAHIM MIRANDA;DIRETORIA TECNICA;MEDICO ESPECIALISTA;; ESTATUTARIO;13014,85;;13014,85;3437,07;9577,78;
SEBASTIANA ASSEF DA SILVA;DIRETORIA TECNICA;TEC.DE PAT.CLINICA-TPC-P.S.N.M.-A;; ESTATUTARIO;3163,48;;3163,48;381,43;2782,05;
SEBASTIAO LUIS QUEIROZ RIBEIRO;DIRETORIA ADM. FINANCEIRO;MOTORISTA-MOT-T.S.N.A.-C;; ESTATUTARIO;3352,91;;3352,91;420,17;2932,74;
SERGIO ROBERTO LOPES ALBUQUERQUE;DIRETORIA TECNICA;FARMAC.BIOQ. -FAB-P.S.N.S.-A;DIRETOR TECNICO DE H; ESTATUTARIO;16764,64;;16764,64;4394,48;12370,16;
SERGIO ROBERTO LOPES ALBUQUERQUE;DIRETORIA TECNICA;FARMAC.BIOQ. -FAB-P.S.N.S.-C;SUBGERENTE AD-3; ESTATUTARIO;8871,75;;8871,75;2470,86;6400,89;
SHARLINE GREICE DOS REIS AMARAL;REGIMES TEMPORARIOS;ASSISTENTE ADM.ADMINISTRACAO TEMP;; SERVICO TEMPORARIO;1732,96;;1732,96;136,43;1596,53;
SHEILA MARIA SAMPAIO DA SILVA;DIRETORIA TECNICA;TEC.DE PAT.CLINICA-TPC-P.S.N.M.-A;; ESTATUTARIO;3163,48;;3163,48;381,43;2782,05;
SHELSA LIDICE LIMA DE ARAUJO;DIRETORIA TECNICA;TECNICO DE ENFERMAGEM A;; SERVICO TEMPORARIO;3163,48;;3163,48;311,18;2852,30;
SIDNEY DA COSTA TINOCO;DIRETORIA ADM. FINANCEIRO;AGENTE ADM.-AGA-T.S.N.A.-E;AGENTE ADMINISTRAT.; ESTATUTARIO;2677,18;;2677,18;290,81;2386,37;
SILENE MARTINS LIMA;DIRETORIA TECNICA;TEC. DE HEMOTERAP.-THE-P.S.N.M.-D;; ESTATUTARIO;4214,27;;4214,27;555,67;3658,60;
SILVANA MORAES DA SILVA;DIRETORIA TECNICA;TEC.DE HEMOTERAP.-THE-P.S.N.M.-A;TEC.DE HEMOTERAPIA; ESTATUTARIO;3163,48;;3163,48;358,89;2804,59;
SILVILANE LIMA DE SOUZA;REGIMES TEMPORARIOS;TECNICO DE ENFERMAGEM TEMPORARIO;; SERVICO TEMPORARIO;2132,05;;2132,05;172,35;1959,70;
SIRLEIDE SILVA DE SOUZA;DIRETORIA ADM. FINANCEIRO;RECEPCIONISTA-REC-T.S.N.A.-E;; ESTATUTARIO;2621,21;;2621,21;282,97;2338,24;
SOCORRO ALMEIDA DOS SANTOS;DIRETORIA TECNICA;TEC. DE HEMOTERAP.-THE-P.S.N.M.-D;GERENTE; ESTATUTARIO;4636,97;;4636,97;611,04;4025,93;
SOLANGE LUNIERES CABRAL;DIRETORIA ADM. FINANCEIRO;AGENTE ADM.-AGA-T.S.N.A.-G;; ESTATUTARIO;3329,21;;3329,21;371,92;2957,29;
SOLANGE SALES ALBUQUERQUE DE BARROS;DIRETORIA TECNICA;ENFERMEIRO-ENF-P.S.N.S.-A;; ESTATUTARIO;8034,11;;8034,11;1905,57;6128,54;
SORAIA DA COSTA SOUZA;DIRETORIA TECNICA;TEC. DE ENFERMAGEM-TEN-P.S.N.M.-A;TEC. DE ENFERMAGEM; ESTATUTARIO;3229,55;;3229,55;394,95;2834,60;
STEPHANIE ILZA DE OLIVEIRA FEITOZA;DIRETORIA ADM. FINANCEIRO;RECEPCIONISTA-REC-T.S.N.A.-E;; ESTATUTARIO;3406,16;;3406,16;329,41;3076,75;
SUAMY ARRAES GULLO;REGIMES TEMPORARIOS;PSICOLOGO TEMPORARIO;; SERVICO TEMPORARIO;5750,25;;5750,25;1018,89;4731,36;
SUANE REGINA BALBINO FERREIRA;DIRETORIA ADM. FINANCEIRO;ASSESSOR IV;ASSESSOR IV; CARGO COMISSION.S/VINCULO;3081,24;;3081,24;295,88;2785,36;
SUELLEN DA SILVA DE SALES;REGIMES TEMPORARIOS;TEC.ENFERMAGEM UNID.TERAP.INT.TEMP.;; SERVICO TEMPORARIO;2111,05;;2111,05;163,37;1947,68;
SUENIA MENDONCA DE ARAUJO;DIRETORIA TECNICA;MEDICO ESPECIALISTA;GERENTE; ESTATUTARIO;14838,42;;14838,42;4030,52;10807,90;
SUMAIA DOS REIS OLIVEIRA;REGIMES TEMPORARIOS;TECNICO PATOLOGIA CLIN. TEMPORARIO;; SERVICO TEMPORARIO;2048,03;;2048,03;164,79;1883,24;
SUSY AGUIAR FERNANDES DE LIMA;REGIMES TEMPORARIOS;FARMACEUTICO TEMPORARIO;; SERVICO TEMPORARIO;5750,25;;5750,25;1169,59;4580,66;
SUZETE CAMURCA NOBRE;DIRETORIA ADM. FINANCEIRO;SOCIOLOGO-SOC-T.S.N.S.-A;; ESTATUTARIO;6022,77;;6022,77;1172,37;4850,40;
SUZIE ELAINE HELCIAS PINHEIRO GOMES;DIRETORIA TECNICA;TEC.DE HEMOTERAP.-THE-P.S.N.M.-A;; ESTATUTARIO;3163,48;;3163,48;381,43;2782,05;
TALYTA MAIARA OLIVEIRA DE SOUZA;DIRETORIA ADM. FINANCEIRO;GERENTE;NAO INFORMADO; CARGO COMISSION.S/VINCULO;4693,27;;4693,27;641,50;4051,77;
TAMIRES AMARAL NEGREIROS;REGIMES TEMPORARIOS;PSICOLOGO TEMPORARIO;; SERVICO TEMPORARIO;5750,25;;5750,25;1117,45;4632,80;
TATIANA DE FREITAS LOPES;DIRETORIA ADM. FINANCEIRO;ASSESSOR I;ASSESSOR I; CARGO COMISSION.S/VINCULO;5700,30;;5700,30;952,55;4747,75;
TATIANA DE MELO LIMA;DIRETORIA TECNICA;TEC.DE PAT.CLINICA-TPC-P.S.N.M.-A;; ESTATUTARIO;3163,48;;3163,48;381,43;2782,05;
TATIANE AMABILE DE LIMA;DIRETORIA TECNICA;FARMAC.BIOQ. -FAB-P.S.N.S.-A;DIRETOR DE ENSINO E; ESTATUTARIO;15897,48;;15897,48;3963,72;11933,76;
TATIANY DE VASCONCELOS CUNHA;DIRETORIA TECNICA;TEC. DE ENFERMAGEM-TEN-P.S.N.M.-A;; ESTATUTARIO;3163,48;;3163,48;381,43;2782,05;
TAYCIARA MAIA COSTA;DIRETORIA TECNICA;ENFERMEIRO-ENF-P.S.N.S.-A;GERENTE; ESTATUTARIO;11197,48;;11197,48;2888,36;8309,12;
TAYLA THAYANA LIMA SILVA;REGIMES TEMPORARIOS;ASSISTENTE ADM.ASSISTEN.E LAB.TEMP;; SERVICO TEMPORARIO;1732,96;;1732,96;136,43;1596,53;
TEREZA JACQUELINE COSTA CORTEZ;DIRETORIA TECNICA;TEC. DE HEMOTERAP.-THE-P.S.N.M.-C;; ESTATUTARIO;3476,03;;3476,03;445,34;3030,69;
TEREZINHA DE JESUS MOURA ROCHA;REGIMES TEMPORARIOS;AUX.DE SERVICOS GERAIS TEMPORARIO;; SERVICO TEMPORARIO;1601,40;;1601,40;124,59;1476,81;
THAIS DITOLVO DA COSTA SALINA;DIRETORIA TECNICA;MEDICO ESPECIALISTA;; ESTATUTARIO;13014,85;;13014,85;3437,07;9577,78;
THAIS LORENA NUNES DA CUNHA;DIRETORIA ADM. FINANCEIRO;ADVOGADO-ADV-T.S.N.S.-A;; ESTATUTARIO;6022,77;;6022,77;1172,37;4850,40;
THAISA MACEDO NASCIMENTO;DIRETORIA ADM. FINANCEIRO;BIBLIOTECARIO-BIB-T.S.N.S.-A;; ESTATUTARIO;6022,77;;6022,77;1172,37;4850,40;
THALIA BENJAMIN ABREU;REGIMES TEMPORARIOS;TECNICO DE ENFERMAGEM TEMPORARIO;; SERVICO TEMPORARIO;2048,03;;2048,03;164,79;1883,24;
THAYLAN LANCKASTER FERNANDES LEMOS;REGIMES TEMPORARIOS;TECNICO EM INFORMATICA TEMP;; SERVICO TEMPORARIO;1732,96;;1732,96;136,43;1596,53;
THEED WILK GOMES RIBEIRO;REGIMES TEMPORARIOS;TECNICO EM INFORMATICA TEMP;; SERVICO TEMPORARIO;1732,96;;1732,96;136,43;1596,53;
TIAGO FONTE FABRICIO;REGIMES TEMPORARIOS;ASSISTENTE ADM.ADMINISTRACAO TEMP;; SERVICO TEMPORARIO;1732,96;;1732,96;136,43;1596,53;
TOMOMI IWAMOTO;DIRETORIA TECNICA;FISIOTERAPEUTA-FIS-P.S.N.S.-A;; ESTATUTARIO;7797,48;;7797,48;1840,49;5956,99;
TYANE DE ALMEIDA PINTO JARDIM;REGIMES TEMPORARIOS;MEDICO ESPECIALISTA TEMPORARIO;; SERVICO TEMPORARIO;7438,92;;7438,92;1805,37;5633,55;
VALCIR PARANA DA SILVA;REGIMES TEMPORARIOS;TEC.ENFERMAGEM UNID.TERAP.INT.TEMP.;; SERVICO TEMPORARIO;2100,54;;2100,54;169,51;1931,03;
VALDETE MARIA GALVAO SAMPAIO;REGIMES TEMPORARIOS;ASSISTENTE ADM.ADMINISTRACAO TEMP;; SERVICO TEMPORARIO;1732,96;;1732,96;136,43;1596,53;
VALERIO DE SOUZA MAUES;REGIMES TEMPORARIOS;TECNICO DE ENFERMAGEM TEMPORARIO;; SERVICO TEMPORARIO;2048,03;;2048,03;164,79;1883,24;
VAMILZA DE FONTES OLIVEIRA CORDEIRO;DIRETORIA ADM. FINANCEIRO;TECNICO-TEC-T.S.N.S.-A;; ESTATUTARIO;6022,77;;6022,77;1129,71;4893,06;
VANDA DA SILVA CALHEIROS;REGIMES TEMPORARIOS;TECNICO DE ENFERMAGEM TEMPORARIO;; SERVICO TEMPORARIO;2132,05;;2132,05;172,35;1959,70;
VANDA SANTANA QUEIROZ DINI;DIRETORIA TECNICA;FARMAC.BIOQ. -FAB-P.S.N.S.-A;; ESTATUTARIO;7797,48;;7797,48;1788,36;6009,12;
VANDER SILVA SOUZA;DIRETORIA TECNICA;TEC.DE PAT.CLINICA-TPC-P.S.N.M.-A;TEC.DE PATOL.CLINICA; ESTATUTARIO;3163,48;;3163,48;358,89;2804,59;
VANDERLITA ALVES CIRINO;DIRETORIA TECNICA;FARMAC.BIOQ. -FAB-P.S.N.S.-A;FARMAC.BIOQUIMICA; ESTATUTARIO;11076,79;;11076,79;2809,30;8267,49;
VANESSA BEZERRA DA SILVA;REGIMES TEMPORARIOS;TECNICO EM HEMOTERAPIA TEMPORARIO;; SERVICO TEMPORARIO;2048,03;;2048,03;164,79;1883,24;
VANESSA CALIXTO VERAS;REGIMES TEMPORARIOS;ASSISTENTE SOCIAL TEMPORARIO;; SERVICO TEMPORARIO;5750,25;;5750,25;1169,59;4580,66;
VANESSA DA COSTA SILVA;REGIMES TEMPORARIOS;FISIOTERAPEUTA TEMPORARIO;; SERVICO TEMPORARIO;5750,25;;5750,25;1117,45;4632,80;
VANIA DE FREITAS MORAES FURTADO;DIRETORIA TECNICA;TEC.DE HEMOTERAP.-THE-P.S.N.M.-A;; ESTATUTARIO;3371,06;;3371,06;414,49;2956,57;
VERA LUCIA CALDERARO CABRAL;DIRETORIA ADM. FINANCEIRO;AGENTE ADM.-AGA-T.S.N.A.-H;ASSESSOR IV; ESTATUTARIO;3349,82;;3349,82;375,81;2974,01;
VERA LUCIA NOVELLETO;DIRETORIA TECNICA;NUTRICIONISTA-NUT-P.S.N.S.-A;; ESTATUTARIO;7797,48;;7797,48;1840,49;5956,99;
VIVIANA MARIA ARAUJO DE OLIVEIRA;DIRETORIA TECNICA;FARMAC.BIOQ. -FAB-P.S.N.S.-A;GERENTE; ESTATUTARIO;8487,65;;8487,65;2100,34;6387,31;
VIVIANE BRAGA ALVES;REGIMES TEMPORARIOS;TECNICO DE ENFERMAGEM TEMPORARIO;; SERVICO TEMPORARIO;2048,03;;2048,03;164,79;1883,24;
VIVIANE DA SILVA CERDEIRA;REGIMES TEMPORARIOS;TECNICO DE ENFERMAGEM TEMPORARIO;; SERVICO TEMPORARIO;2048,03;;2048,03;157,70;1890,33;
VIVIANE RODRIGUES DUTRA;DIRETORIA TECNICA;AUXILIAR DE ENFERMAGEM A;; ESTATUTARIO;2776,98;;2776,98;304,78;2472,20;
WADSON PINTO DA COSTA;REGIMES TEMPORARIOS;MAQUEIRO TEMPORARIO;; SERVICO TEMPORARIO;1614,79;;1614,79;125,80;1488,99;
WAGNER OLIVEIRA DE AZEVEDO;REGIMES TEMPORARIOS;FARMACEUTICO TEMPORARIO;; SERVICO TEMPORARIO;5750,25;;5750,25;1169,59;4580,66;
WALLY VICTORIA FABIENNE K A SPOSINA;DIRETORIA TECNICA;FARMAC.BIOQ. -FAB-P.S.N.S.-A;GERENTE; ESTATUTARIO;12740,69;;12740,69;3295,61;9445,08;
WALMIZA SALGADO DA FONSECA;DIRETORIA TECNICA;TEC. DE ENFERMAGEM-TEN-P.S.N.M.-A;; ESTATUTARIO;4106,07;;4106,07;484,03;3622,04;
WALMIZE LEITE DE SOUSA;DIRETORIA TECNICA;TEC. DE ENFERMAGEM-TEN-P.S.N.M.-A;TEC. DE ENFERMAGEM; ESTATUTARIO;3163,48;;3163,48;381,43;2782,05;
WANDERLAN KUITZINGER LIMA;DIRETORIA ADM. FINANCEIRO;AGENTE ADM.-AGA-T.S.N.A.-G;; ESTATUTARIO;2976,13;;2976,13;343,12;2633,01;
WANDERLEIA RIBEIRO DOS SANTOS;DIRETORIA TECNICA;ASSIST.SOC.ASS-P.S.N.S.-CL.A;; ESTATUTARIO;7857,59;;7857,59;2089,02;5768,57;
WANDERLEIA RIBEIRO DOS SANTOS;DIRETORIA ADM. FINANCEIRO;ASSIST.SOC.ASS-P.S.N.S.-CL.A;; ESTATUTARIO;7797,48;;7797,48;1840,49;5956,99;
WANJA SOCORRO DE SOUSA DIAS LEAL;DIRETORIA TECNICA;ASSIST.SOC.ASS-P.S.N.S.-CL.A;; ESTATUTARIO;7797,48;;7797,48;1840,49;5956,99;
WELLINGTON DE SOUZA PEREIRA;DIRETORIA TECNICA;TEC.DE HEMOTERAP.-THE-P.S.N.M.-A;; ESTATUTARIO;3163,48;;3163,48;381,43;2782,05;
WENDY WAUGHAN MONTEIRO CAMPELO;REGIMES TEMPORARIOS;PSICOLOGO TEMPORARIO;; SERVICO TEMPORARIO;5750,25;;5750,25;1169,59;4580,66;
WERICA PEREIRA ALVES;REGIMES TEMPORARIOS;ASSISTENTE ADM.ADMINISTRACAO TEMP;; SERVICO TEMPORARIO;1732,96;;1732,96;136,43;1596,53;
WILDEMI DA SILVA SERRA;DIRETORIA ADM. FINANCEIRO;MOTORISTA-MOT-T.S.N.A.-A;; ESTATUTARIO;2959,05;;2959,05;323,42;2635,63;
WILLIAM BENJAMIM MENEZES SAMPAIO;REGIMES TEMPORARIOS;TECNICO DESENV.WEB BACK/PHP TEMP.;; SERVICO TEMPORARIO;4332,39;;4332,39;674,01;3658,38;
WILLIAM BREMGARTNER BELLEZA;DIRETORIA ADM. FINANCEIRO;BACHAREL EM COMP.-BQO-T.S.N.S.-A;; ESTATUTARIO;7830,36;;7830,36;1565,13;6265,23;
WILLIAM NASCIMENTO LITAIFF NOGUEIRA;REGIMES TEMPORARIOS;FARMACEUTICO TEMPORARIO;; SERVICO TEMPORARIO;5750,25;;5750,25;1169,59;4580,66;
WILSON COSTA DE SOUSA;DIRETORIA TECNICA;TEC.DE HEMOTERAP.-THE-P.S.N.M.-B;; ESTATUTARIO;3433,40;;3433,40;436,63;2996,77;
WILSON ROQUE DA SILVA;DIRETORIA ADM. FINANCEIRO;ARTIFICE A;; ESTATUTARIO;2604,44;;2604,44;280,62;2323,82;
YURI NICOLAU BANDEIRA;DIRETORIA ADM. FINANCEIRO;ASSIST.ADMIN.-ASA-T.S.N.M.-A;; ESTATUTARIO;2769,12;;2769,12;303,68;2465,44;
YURY OLIVEIRA CHAVES;REGIMES TEMPORARIOS;FARMACEUTICO TEMPORARIO;; SERVICO TEMPORARIO;5876,28;;5876,28;1217,03;4659,25;
ZULEIDE MARTINS DE MELO;DIRETORIA ADM. FINANCEIRO;AUX.DE SERV.GER.-ASG-T.S.N.A.-B;; ESTATUTARIO;3141,13;;3141,13;336,45;2804,68;
