NOME;LOTACAO;CARGO;FUNCAO;VINCULO;REMUNERACAO LEGAL TOTAL(R$);DESC.TETO(R$); REMUNERACAO LEGAL DEVIDA(R$);DESCONTOS LEGAIS(R$);LIQUIDO DISPONIVEL(R$);
ADRIANO LUIZ ARAUJO CARDOSO;PRESIDENCIA;A.TEC-III;CHEFE DE DEPTO. AD-1; ESTATUTARIO;6015,58;;6015,58;966,30;5049,28;
ANA CLAUDIA SANTANA DA COSTA;PRESIDENCIA;GERENTE;NAO INFORMADO; CARGO COMISSION.S/VINCULO;4209,79;;4209,79;597,14;3612,65;
CAROLINA DE SOUZA REIS;PRESIDENCIA;OUVIDOR;OUVIDOR AD-1; CARGO COMISSION.S/VINCULO;5229,77;;5229,77;914,81;4314,96;
EDENILSON ALVES DE SOUZA;PRESIDENCIA;MOT-III;; ESTATUTARIO;3957,04;;3957,04;397,52;3559,52;
EDIRLEY DE SOUZA SALES;PRESIDENCIA;ASSESSOR III;NAO INFORMADO; CARGO COMISSION.S/VINCULO;3191,80;;3191,80;327,46;2864,34;
FELIPE MATTOS DE ARAUJO LIMA;PRESIDENCIA;GERENTE;GERENTE AD2; CARGO COMISSION.S/VINCULO;4209,79;;4209,79;597,14;3612,65;
FLAVIA BENTES DA SILVA;PRESIDENCIA;GERENTE;GERENTE; CARGO COMISSION.S/VINCULO;4209,79;;4209,79;597,14;3612,65;
FRANCIENE PESSOA DE ALMEIDA;PRESIDENCIA;GERENTE;NAO INFORMADO; CARGO COMISSION.S/VINCULO;4209,79;;4209,79;597,14;3612,65;
FRANCISCO BERNARDINO DOS SANTOS;PRESIDENCIA;VIGIA;VIGIA; ESTATUTARIO;2496,02;;2496,02;228,25;2267,77;
GISELLE MARIA ALENCAR SANTOS;PRESIDENCIA;GERENTE;GERENTE; CARGO COMISSION.S/VINCULO;4209,79;;4209,79;557,17;3652,62;
GUSTAVO AMORIM CORREA;PRESIDENCIA;PROCURADOR CHEFE;NAO INFORMADO; CARGO COMISSION.S/VINCULO;5229,77;;5229,77;957,83;4271,94;
JAILDO JACKSON DO AMARAL MOREIRA;PRESIDENCIA;ASSESSOR I;ASSESSOR I; CARGO COMISSION.S/VINCULO;5229,77;;5229,77;957,83;4271,94;
JAQUELINE LUIZA SEBBEN;PRESIDENCIA;GERENTE;NAO INFORMADO; CARGO COMISSION.S/VINCULO;4209,79;;4209,79;597,14;3612,65;
JEANE GLAY DE ALMEIDA CHAVES;PRESIDENCIA;GERENTE;GERENTE; CARGO COMISSION.S/VINCULO;4209,79;;4209,79;585,61;3624,18;
JESSIKA JAQUELINE DE AQUINO BEZERRA;PRESIDENCIA;GERENTE;NAO INFORMADO; CARGO COMISSION.S/VINCULO;4209,79;;4209,79;597,14;3612,65;
JEU LINHARES BENTES;PRESIDENCIA;ASSISTENTE TECNICO 3A CLASSE;; ESTATUTARIO;4183,65;;4183,65;523,82;3659,83;
JORDAN ALBUQUERQUE SIMONETTI MELO;PRESIDENCIA;GERENTE;NAO INFORMADO; CARGO COMISSION.S/VINCULO;4209,79;;4209,79;597,14;3612,65;
JOSE ITAMAR DE SOUTO;PRESIDENCIA;DIRETOR TECNICO;NAO INFORMADO; CARGO COMISSION.S/VINCULO;9000,00;;9000,00;2225,83;6774,17;
LUIZ EDUARDO SILVA DE SOUZA;PRESIDENCIA;GERENTE;NAO INFORMADO; CARGO COMISSION.S/VINCULO;4209,79;;4209,79;597,14;3612,65;
LUIZ GRACIO FONSECA;PRESIDENCIA;A.TEC-III;; ESTATUTARIO;3837,78;;3837,78;471,94;3365,84;
LUIZA PINHEIRO RODRIGUES;PRESIDENCIA;ASSESSOR III;NAO INFORMADO; CARGO COMISSION.S/VINCULO;3191,80;;3191,80;327,46;2864,34;
MANOEL DE OLIVEIRA CORREA;PRESIDENCIA;AUX.S.G-III;; ESTATUTARIO;2371,24;;2371,24;213,27;2157,97;
MARCIA INES PESSOA RODRIGUES;PRESIDENCIA;GERENTE;NAO INFORMADO; CARGO COMISSION.S/VINCULO;4209,79;;4209,79;597,14;3612,65;
MARCO ANTONIO BATISTA;PRESIDENCIA;A.TEC-III;; ESTATUTARIO;3845,86;;3845,86;472,99;3372,87;
MARCO ANTONIO OLIVEIRA DE ARAUJO;PRESIDENCIA;CHEFE DE DEPARTAMENTO;CHEFE DE DEPARTAMENT; CARGO COMISSION.S/VINCULO;5229,77;;5229,77;691,40;4538,37;
MARIA AUXILIADORA FIGUEIREDO SILVA;PRESIDENCIA;AUX.S.G-III;; ESTATUTARIO;3669,24;;3669,24;314,06;3355,18;
MARIA LINDINALVA DE FRANCA PEREIRA;PRESIDENCIA;ASSESSOR I;NAO INFORMADO; CARGO COMISSION.S/VINCULO;5229,77;;5229,77;957,83;4271,94;
MYSIA OLIVEIRA DE PAULA;PRESIDENCIA;TNS-III;CH PROC JURIDICA; ESTATUTARIO;5026,58;;5026,58;872,20;4154,38;
OSWALDO WANDERLEY DA SILVA NETO;PRESIDENCIA;TNS-III;; ESTATUTARIO;8400,63;;8400,63;2121,03;6279,60;
RAIMUNDO DE AMORIM F S FILHO;PRESIDENCIA;CHEFE DE PROCURADORIA JURIDICA;NAO INFORMADO; CARGO COMISSION.S/VINCULO;5229,77;;5229,77;957,83;4271,94;
RAIMUNDO NONATO SOUTELO DA SILVA;PRESIDENCIA;VIGIA-III;; ESTATUTARIO;2388,04;;2388,04;213,27;2174,77;
RENATO MARINHO BEZERRA JUNIOR;PRESIDENCIA;DIRETOR ADMINISTRATIVO E FINANCEIRO;; CARGO COMISSION.S/VINCULO;11700,00;;11700,00;2968,33;8731,67;
SELMA CARVALHO ZANIRATO MAIA;PRESIDENCIA;CHEFE DE GABINETE;CHEFE DE GAB.AD-1; CARGO COMISSION.S/VINCULO;5229,77;;5229,77;957,83;4271,94;
SILVESTRE CABRAL ABRANTES;PRESIDENCIA;AUX.S.G-III;AUXILIAR SERV GERAIS; ESTATUTARIO;2395,52;;2395,52;216,67;2178,85;
