NOME;LOTACAO;CARGO;FUNCAO;CARGA HR SEM;DT DE ADMISSAO;VINCULO;REMUNERACAO LEGAL TOTAL(R$);DESC.TETO(R$); REMUNERACAO LEGAL DEVIDA(R$);DESCONTOS LEGAIS(R$);LIQUIDO DISPONIVEL(R$);
ADALBERTO RODRIGUES LIRA GOMES;AUTAZES;ENG-III;; 40:00;04/12/2020;ESTATUTARIO;8558,58;;8558,58;2256,14;6302,44;
ADEMIR CAPRA;MANACAPURU;MOTORISTA;; 40:00;01/12/1984;ESTATUTARIO;3726,81;;3726,81;561,17;3165,64;
ADEMIR VIANA BENTES;MAUES;TECNICO EM AGROPECUARIA;; 40:00;01/03/1999;ESTATUTARIO;5709,15;;5709,15;1112,71;4596,44;
ADERALDO CRAVEIRO MACIEL;VILA RICA DE CAVIANA;MOTORISTA;; 40:00;12/03/1985;ESTATUTARIO;3782,79;;3782,79;;3782,79;
ADEVALDO ANTONIO CAMPINAS SANTOS;ALVARAES;TECNICO EM AGROPECUARIA;; 40:00;01/03/1982;ESTATUTARIO;5517,15;;5517,15;1042,15;4475,00;
ADOMILTON MONTEFUSCO LIMA;NOVO AIRAO;TECNICO EM AGROPECUARIA;; 40:00;01/03/1999;ESTATUTARIO;5709,15;;5709,15;1213,78;4495,37;
ADRIANA ALVES MACHADO GRACA;BORBA;TECNICO EM AGROPECUARIA;; 40:00;01/03/1999;ESTATUTARIO;5709,15;;5709,15;1070,05;4639,10;
ADRIANA DOS SANTOS LIBORIO;DEPARTAMENTO FINANCEIRO;ASSESSOR III;ASSESSOR III; 40:00;01/10/2023;CARGO COMISSION.S/VINCULO;3191,80;;3191,80;327,46;2864,34;
ADRIANE DE MELO FORO;DEPATO.DE ASSIST.TEC.EXT.RURAL;ENG-III;; 40:00;30/11/2020;ESTATUTARIO;7758,58;;7758,58;2036,14;5722,44;
ADRIANILSON GOES DE SOUZA;PARINTINS;ENGENHEIRO AGRONOMO;; 40:00;11/06/1984;ESTATUTARIO;10655,93;;10655,93;3023,58;7632,35;
AFRANIO CONCEICAO DA SILVA;BARREIRINHA;TECNICO EM AGROPECUARIA;; 40:00;01/03/1999;ESTATUTARIO;5709,15;;5709,15;1213,78;4495,37;
AGLEI DUQUES MACIEL;DEPTO.DE OPERACOES TECNICAS;T.AG-III;; 40:00;02/01/1976;ESTATUTARIO;5431,54;;5431,54;1044,66;4386,88;
AGUINALDO RODRIGUES DA SILVA FILHO;BORBA;GERENTE;NAO INFORMADO; 40:00;01/02/2020;CARGO COMISSION.S/VINCULO;4209,79;;4209,79;585,61;3624,18;
ALANE LEMOS FERNANDES;ENVIRA;T.AG-III;; 40:00;09/12/2020;ESTATUTARIO;5155,15;;5155,15;970,60;4184,55;
ALBERTO ALVES EDWARDS;CODAJAS;TECNICO EM AGROPECUARIA;; 40:00;01/02/1980;ESTATUTARIO;6200,07;;6200,07;1321,31;4878,76;
ALBERTO ELIFIO DANTAS PACHECO;NOVO AIRAO;T.AG-III;; 40:00;11/12/2020;ESTATUTARIO;5155,15;;5155,15;1013,26;4141,89;
ALDAIR SILVA OLIVEIRA;PRESIDENTE FIGUEIREDO;TECNICO EM AGROPECUARIA;; 40:00;11/04/1988;ESTATUTARIO;5415,44;;5415,44;1103,20;4312,24;
ALDENIR SILVA DE ARAUJO;MANACAPURU;ASSISTENTE TECNICO;; 40:00;03/10/1987;ESTATUTARIO;5376,88;;5376,88;1023,82;4353,06;
ALDIZIO DE SOUZA LIMEIRA;HUMAITA;MOTORISTA;; 40:00;01/10/1980;ESTATUTARIO;3734,90;;3734,90;470,61;3264,29;
ALECIO CARLOS SCHROEDER;VILA EXTREMA - LABREA;T.AG-III;; 40:00;16/12/2020;ESTATUTARIO;5155,15;;5155,15;1013,26;4141,89;
ALEXANDRE DA SILVA NAZARE;PROCURADORIA JURIDICA;ASSESSOR III;ASSESSOR III; 40:00;01/09/2023;CARGO COMISSION.S/VINCULO;3191,80;;3191,80;327,46;2864,34;
ALFREDO DA SILVA PINHEIRO;DEPATO.DE ASSIST.TEC.EXT.RURAL;ENGENHEIRO AGRONOMO;; 40:00;01/08/1980;ESTATUTARIO;9414,77;;9414,77;2596,22;6818,55;
ALINE NEVES PERES;TABATINGA;A.SOC-III;; 30:00;02/12/2020;ESTATUTARIO;7204,38;;7204,38;1827,49;5376,89;
ALLANA FEITOZA DA SILVA;CODAJAS;T.AG-III;; 40:00;01/06/2021;ESTATUTARIO;5155,15;;5155,15;1013,26;4141,89;
AMABLY CHALUB FLORENTINO PEREIRA;ASSESSORIA;ASSESSOR II;ASSESSOR II; 40:00;23/01/2023;CARGO COMISSION.S/VINCULO;4209,79;;4209,79;585,61;3624,18;
AMANDA BONIFACIO MACIEL;NOVO ARIPUANA;ENG-III;; 40:00;01/12/2020;ESTATUTARIO;8558,58;;8558,58;2256,14;6302,44;
AMARILDO GAMA OLIVEIRA;MANACAPURU;GERENTE;NAO INFORMADO; 40:00;27/07/2021;CARGO COMISSION.S/VINCULO;4209,79;;4209,79;597,14;3612,65;
AMOM RODRIGUES DE MELO NASCIMENTO;RIO PRETO DA EVA;ENG-III;; 40:00;16/05/2022;ESTATUTARIO;8558,58;;8558,58;1173,75;7384,83;
ANA CECILIA NINA LOBATO;DEPATO.DE ASSIST.TEC.EXT.RURAL;ENG-III;; 40:00;23/11/2020;ESTATUTARIO;7758,58;;7758,58;2036,14;5722,44;
ANA CLAUDIA GOMES MULLER BRAGA;DEPTO.ASSIST.TEC.EXT.FLORESTAL;TNS-III;; 40:00;14/12/2020;ESTATUTARIO;6650,20;;6650,20;1618,84;5031,36;
ANA KAROLINE FERNANDES BARBOSA;COARI;T.AG-III;; 40:00;04/12/2020;ESTATUTARIO;5155,15;;5155,15;1013,26;4141,89;
ANA PATRICIA DE SOUZA MARTINS;PROCURADORIA JURIDICA;A.TEC-III;; 40:00;01/04/1985;ESTATUTARIO;4568,69;;4568,69;811,05;3757,64;
ANA PAULA CARDOSO QUEIROZ DE PAIVA;DEPTO.ASSIST.TEC.EXT.FLORESTAL;ENGENHEIRO FLORESTAL;; 40:00;01/03/1999;ESTATUTARIO;11039,92;;11039,92;3115,16;7924,76;
ANDRE LUIZ CASTILHOS CAMPOS;PRESIDENTE FIGUEIREDO;T.AG-III;GERENTE; 40:00;02/08/2021;ESTATUTARIO;5830,04;;5830,04;759,31;5070,73;
ANDREA CUNHA NOGUEIRA;DEPARTAMENTO DE PLANEJAMENTO;GERENTE;NAO INFORMADO; 40:00;08/07/2019;CARGO COMISSION.S/VINCULO;4209,79;;4209,79;585,61;3624,18;
ANECILENE CINTIA BUZAGLO;DEPTO.DE OPERACOES TECNICAS;GERENTE;NAO INFORMADO; 40:00;04/01/2021;CARGO COMISSION.S/VINCULO;4209,79;;4209,79;597,14;3612,65;
ANGELA CONCEICAO PAES;DEPATO.DE ASSIST.TEC.EXT.RURAL;TECNICO EM CONTABILIDADE;TEC.DE CONTABILIDADE; 40:00;11/07/1991;ESTATUTARIO;4331,63;;4331,63;749,01;3582,62;
ANGELA GONCALVES DE ANDRADE;DIRETORIA DE FOMENTO;AGENTE ADMINISTRATIVO;; 40:00;29/03/1993;ESTATUTARIO;4234,50;;4234,50;722,88;3511,62;
ANTONIA OCINEIDE BOM JESUS;ASSESSORIA;CHEFE DE GABINETE;CHEFE DE GABINETE; 40:00;22/08/2023;CARGO COMISSION.S/VINCULO;5229,77;;5229,77;957,83;4271,94;
ANTONIO AFONSO DA FONSECA PINTO;CASTANHO;TECNICO EM AGROPECUARIA;; 40:00;19/11/1983;ESTATUTARIO;5519,87;;5519,87;1134,46;4385,41;
ANTONIO AUGUSTO OLIVEIRA DE LIMA;MARAA;EX.SOC-III;; 40:00;18/12/2020;ESTATUTARIO;5155,15;;5155,15;1013,26;4141,89;
ANTONIO BARROS SOUSA JUNIOR;ASSESSORIA;GERENTE;GERENTE; 40:00;01/06/2022;CARGO COMISSION.S/VINCULO;4209,79;;4209,79;597,14;3612,65;
ANTONIO CARLOS LACERDA DE SOUZA;LABREA;ASSISTENTE TECNICO;; 40:00;01/04/1978;ESTATUTARIO;5473,56;;5473,56;1055,62;4417,94;
ANTONIO CARLOS SIQUEIRA DE MELO;NOVO REMANSO;MED.V-III;; 40:00;27/09/2023;ESTATUTARIO;8558,58;;8558,58;1173,75;7384,83;
ANTONIO CLARET MAGALHAES FERREIRA;DEPTO.DE OPERACOES TECNICAS;ENGENHEIRO AGRONOMO;GERENTE AD/2; 40:00;01/04/1980;ESTATUTARIO;9402,76;;9402,76;2591,40;6811,36;
ANTONIO CLAUDIO RODRIGUES DE SA;BARCELOS;TECNICO EM AGROPECUARIA;GERENTE; 40:00;01/08/1983;ESTATUTARIO;6151,62;;6151,62;1308,31;4843,31;
ANTONIO DIONES SILVA DE SOUZA;GUAJARA;T.AG-III;; 40:00;01/12/2020;ESTATUTARIO;5155,15;;5155,15;1013,26;4141,89;
ANTONIO IRAN DE SOUZA LIMA;GABINETE;TECNICO EM AGROPECUARIA;; 30:00;02/06/1986;ESTATUTARIO;4869,76;;4869,76;972,34;3897,42;
ANTONIO JANDIR CONTENTE MORAIS;DIR.DE ASSIST.TEC.E EXT.RURAL;TNS-III;; 40:00;01/12/1974;ESTATUTARIO;13231,26;;13231,26;4001,43;9229,83;
ANTONIO LUIZ BARBOSA DE OLIVEIRA;BERURI;ENGENHEIRO AGRONOMO;; 40:00;11/09/1989;ESTATUTARIO;8809,28;;8809,28;2296,93;6512,35;
ANTONIO MARCOS JAQUES RAMOS;IRANDUBA;ENG-III;; 40:00;30/11/2020;ESTATUTARIO;9223,60;;9223,60;2506,52;6717,08;
ANTONIO MARQUES DE LIMA SOBRINHO;IRANDUBA;MOTORISTA;; 40:00;29/03/1993;ESTATUTARIO;3652,61;;3652,61;539,66;3112,95;
ANTONIO MATEUS MENEZES DE SOUZA;EIRUNEPE;T.AG-III;; 40:00;09/05/2022;ESTATUTARIO;5155,15;;5155,15;361,54;4793,61;
ANTONIO PAZ DOS SANTOS;DEPTO.ADMINISTRATIVO;VIGIA;; 40:00;01/02/1989;ESTATUTARIO;2820,38;;2820,38;399,32;2421,06;
ANTONIO PEREIRA DO NASCIMENTO;TEFE;GERENTE;GERENTE; 40:00;02/10/2023;CARGO COMISSION.S/VINCULO;4209,79;;4209,79;585,61;3624,18;
ANTONIO SILVA DE HOLANDA;MANAQUIRI;AGENTE ADMINISTRATIVO;; 30:00;04/01/1988;ESTATUTARIO;4740,84;;4740,84;875,09;3865,75;
ANTONY MACIEL DOS SANTOS;DIRETORIA PLANJ.INSTITUCIONAL;TNS-III;; 40:00;05/05/2022;ESTATUTARIO;7204,38;;7204,38;818,88;6385,50;
AOLIABE DE SOUZA PORTO;IRANDUBA;MOT-III;; 40:00;18/05/2022;ESTATUTARIO;3100,22;;3100,22;34,52;3065,70;
ARCENIO JOSE LOBATO JUNIOR;MAUES;TECNICO EM AGROPECUARIA;; 40:00;01/03/1999;ESTATUTARIO;5709,15;;5709,15;1213,78;4495,37;
ARI BATISTA DA COSTA;IRANDUBA;ENGENHEIRO AGRONOMO;; 40:00;19/11/1983;ESTATUTARIO;12867,08;;12867,08;3706,66;9160,42;
ARLEILSON DE CASTRO CAVALCANTE;DEPTO.DE OPERACOES TECNICAS;ENG-III;; 40:00;01/12/2020;ESTATUTARIO;8312,76;;8312,76;2244,80;6067,96;
ARLEM DALVANY MAIA DE SOUSA;PARINTINS;ENG-III;; 40:00;02/12/2020;ESTATUTARIO;8558,58;;8558,58;2256,14;6302,44;
ARLETE DOS SANTOS COELHO;FONTE BOA;ASSISTENTE TECNICO;ASSISTENTE TECNICO; 40:00;01/08/1989;ESTATUTARIO;4674,61;;4674,61;853,01;3821,60;
ARLINDO ELIAS REGIS;DEPTO.DE OPERACOES TECNICAS;OPERADOR DE MAQUINA;; 40:00;01/03/1999;ESTATUTARIO;3034,22;;3034,22;454,36;2579,86;
ARLINDO RODRIGUES DOS SANTOS FILHO;BOA VISTA DO RAMOS;TECNICO EM AGROPECUARIA;GERENTE; 40:00;01/03/1999;ESTATUTARIO;6384,04;;6384,04;1399,38;4984,66;
ARLINDO SANDRES DA SILVA;MANICORE;T.AG-III;; 40:00;18/12/2020;ESTATUTARIO;5155,15;;5155,15;1013,26;4141,89;
ARMANDO JORGE LUZ DA SILVA;DEPARTAMENTO DE PLANEJAMENTO;ECONOMISTA;; 40:00;01/11/1983;ESTATUTARIO;7895,68;;7895,68;2048,48;5847,20;
ASAEL ROCHA BATALHA;PARINTINS;T.AG-III;; 40:00;09/12/2020;ESTATUTARIO;5155,15;;5155,15;1013,26;4141,89;
ASTROGILDO ANTONIO DE LIRA NETO;ITACOATIARA;MED.V-III;; 40:00;02/12/2020;ESTATUTARIO;8558,58;;8558,58;2256,14;6302,44;
ATENOR COSTA DE LIMA;BOCA DO ACRE;TECNICO EM AGROPECUARIA;; 40:00;01/03/1999;ESTATUTARIO;5709,15;;5709,15;1213,78;4495,37;
ATRIO CHAGAS DE SOUZA;CARAUARI;ASSESSOR II;NAO INFORMADO; 40:00;02/01/2019;CARGO COMISSION.S/VINCULO;4209,79;;4209,79;597,14;3612,65;
AUGUSTO CESAR SANTANA DE ABREU;DEPTO.DE OPERACOES TECNICAS;AGENTE ADMINISTRATIVO;; 40:00;24/04/1981;ESTATUTARIO;4932,22;;4932,22;921,24;4010,98;
AUGUSTO RUBENS PEREIRA DA COSTA;PARINTINS;TECNICO EM AGROPECUARIA;; 40:00;01/02/1978;ESTATUTARIO;6271,63;;6271,63;1289,99;4981,64;
BARBARA KARENA CUNHA DA SILVA;DEPATO.DE ASSIST.TEC.EXT.RURAL;MOT-III;; 40:00;01/12/2020;ESTATUTARIO;2600,22;;2600,22;364,03;2236,19;
BENJAMIN RODRIGUES DA COSTA;ANORI;MOTORISTA;; 40:00;12/03/1985;ESTATUTARIO;3685,83;;3685,83;549,29;3136,54;
BIANCA DA SILVA DOS SANTOS;DEPTO.ADMINISTRATIVO;GERENTE;GERENTE; 40:00;01/03/2023;CARGO COMISSION.S/VINCULO;4209,79;;4209,79;597,14;3612,65;
BRUNA FREITAS DE AZEVEDO;NOVA OLINDA DO NORTE;T.AG-III;; 40:00;10/01/2022;ESTATUTARIO;5155,15;;5155,15;361,54;4793,61;
BRUNA MARIA CARRIJO MAIA;EIRUNEPE;A.SOC-III;; 30:00;07/12/2020;ESTATUTARIO;7315,22;;7315,22;1869,22;5446,00;
BRUNNO DOS SANTOS FERNANDES;ITAPIRANGA;ENG-III;; 40:00;14/02/2023;ESTATUTARIO;8558,58;;8558,58;1173,75;7384,83;
BRUNO HERMES CUSTODIO;HUMAITA;MED.V-III;; 40:00;16/12/2020;ESTATUTARIO;8558,58;;8558,58;2256,14;6302,44;
BRUNO LOURENCO CAVALCANTE;DEPTO.ADMINISTRATIVO;TNS-III;; 40:00;27/08/2021;ESTATUTARIO;7204,38;;7204,38;1827,49;5376,89;
CAIO VICTOR SOARES DE AGUIAR;MANACAPURU;ENG-III;; 40:00;09/12/2020;ESTATUTARIO;9112,76;;9112,76;1024,15;8088,61;
CAMILA DOS SANTOS LIMA;GUAJARA;T.AG-III;; 40:00;09/12/2020;ESTATUTARIO;5155,15;;5155,15;1013,26;4141,89;
CARLOS ALBERTO CRUZ FARIAS;BERURI;TECNICO EM AGROPECUARIA;; 40:00;18/03/1985;ESTATUTARIO;5464,76;;5464,76;885,30;4579,46;
CARLOS ALBERTO SOARES DE MAGALHAES;DEPATO.DE ASSIST.TEC.EXT.RURAL;ENGENHEIRO AGRONOMO;; 40:00;01/03/1999;ESTATUTARIO;10929,08;;10929,08;3229,84;7699,24;
CARLOS ANTONIO PANTOJA;LABREA;ENGENHEIRO AGRONOMO;GERENTE AD/2; 40:00;01/03/1999;ESTATUTARIO;11094,00;;11094,00;3315,09;7778,91;
CARLOS EDUARDO BRAGA MOURA;ANAMA;T.AG-III;; 40:00;27/11/2020;ESTATUTARIO;5155,15;;5155,15;1013,26;4141,89;
CARLOS LACERDA FERREIRA FRANCO DE A;TEFE;TECNICO EM AGROPECUARIA;; 40:00;01/04/1980;ESTATUTARIO;5519,85;;5519,85;1134,04;4385,81;
CARLOS LEILSON DA MOTA SILVA;DEPTO.ADMINISTRATIVO;AGENTE ADMINISTRATIVO;GERENTE; 40:00;29/03/1993;ESTATUTARIO;6092,19;;6092,19;955,13;5137,06;
CARLOS ROBERTO VIANA PINTO;DIRETORIA ADMINIST.FINANCEIRA;AUX.S.G-III;; 40:00;01/07/1982;ESTATUTARIO;2994,15;;2994,15;394,26;2599,89;
CAROLINA FERRER GONCALVES;DEPATO.DE ASSIST.TEC.EXT.RURAL;ENG-III;; 40:00;12/01/2021;ESTATUTARIO;8534,44;;8534,44;2328,26;6206,18;
CAROLINE RABELO COELHO;DEPTO.ASSIST.TEC.EXT.FLORESTAL;ENG-III;; 40:00;25/11/2020;ESTATUTARIO;8423,60;;8423,60;2286,52;6137,08;
CERLANDIO LEMOS TORQUATO;ENVIRA;GERENTE;GERENTE; 40:00;06/11/2023;CARGO COMISSION.S/VINCULO;7717,94;;7717,94;1873,26;5844,68;
CLAUDIO GIOVANIO DA SILVA;BENJAMIN CONSTANT;ENG-III;; 40:00;30/11/2020;ESTATUTARIO;9223,60;;9223,60;2506,52;6717,08;
CLAUSAK MACIEL BONIFACIO;DEPTO.ASSIST.TEC.EXT.FLORESTAL;ENGENHEIRO DE PESCA;; 40:00;01/01/1992;ESTATUTARIO;10254,49;;10254,49;2923,72;7330,77;
CLEUBI JOSE DE PAULA ROL;JUTAI;MOTORISTA;; 40:00;29/03/1993;ESTATUTARIO;3576,42;;3576,42;517,56;3058,86;
CRISTIANE MARA SILVA DA COSTA;DEPATO.DE ASSIST.TEC.EXT.RURAL;MED.V-III;; 40:00;16/12/2020;ESTATUTARIO;8423,60;;8423,60;2286,52;6137,08;
CRISTIANO LEITAO AMORIM;CARAUARI;ENG-III;; 40:00;09/11/2022;ESTATUTARIO;8558,58;;8558,58;657,57;7901,01;
DANDARA DA SILVA NASCIMENTO;DEPARTAMENTO FINANCEIRO;GERENTE;GERENTE; 40:00;16/10/2023;CARGO COMISSION.S/VINCULO;4209,79;;4209,79;597,14;3612,65;
DANIEL DE SOUZA CAMPELO;DEPTO.ADMINISTRATIVO;GERENTE;GERENTE; 40:00;01/10/2023;CARGO COMISSION.S/VINCULO;4209,79;;4209,79;597,14;3612,65;
DANIEL LIMA LEANDRO;IPIXUNA;ASSISTENTE TECNICO PNM.ANM-III;GERENTE; 30:00;06/12/2023;ESTATUTARIO;4835,38;;4835,38;703,24;4132,14;
DANIELA PERALES AUSIER;DEPTO.ADMINISTRATIVO;GERENTE;GERENTE; 40:00;01/05/2022;CARGO COMISSION.S/VINCULO;4209,79;;4209,79;597,14;3612,65;
DANIELLE FERNANDES DE ALMEIDA;DIRETORIA PLANJ.INSTITUCIONAL;GERENTE;NAO INFORMADO; 40:00;01/10/2021;CARGO COMISSION.S/VINCULO;4209,79;;4209,79;597,14;3612,65;
DARNEY NUNES FIGUEIREDO;AMATURA;GERENTE;NAO INFORMADO; 40:00;01/05/2021;CARGO COMISSION.S/VINCULO;4209,79;;4209,79;597,14;3612,65;
DAYSE CRISTINNE VASCONCELOS SANTOS;MANICORE;MED.V-III;; 40:00;22/12/2022;ESTATUTARIO;12150,35;;12150,35;2148,53;10001,82;
DEBORA DE ARAUJO SOUSA;DEPTO.ASSIST.TEC.EXT.FLORESTAL;ENG-III;; 40:00;23/11/2020;ESTATUTARIO;7758,58;;7758,58;2036,14;5722,44;
DEIVID FARIAS GOMES;MARAA;GERENTE;NAO INFORMADO; 40:00;03/09/2018;CARGO COMISSION.S/VINCULO;4209,79;;4209,79;585,61;3624,18;
DEIVISON FRANCA MORAIS;HUMAITA;A.TEC-III;; 40:00;24/06/2022;ESTATUTARIO;4490,13;;4490,13;232,86;4257,27;
DELDUQUE TOUCIMA DE ARAUJO;MANACAPURU;TECNICO EM AGROPECUARIA;; 40:00;03/10/1987;ESTATUTARIO;5439,74;;5439,74;1108,98;4330,76;
DENIS ALMEIDA DE LIMA;BALBINA;GERENTE;NAO INFORMADO; 40:00;01/04/2019;CARGO COMISSION.S/VINCULO;4209,79;;4209,79;585,61;3624,18;
DENIS DOS SANTOS VIEIRA;DEPTO.ADMINISTRATIVO;ASSESSOR III;ASSESSOR III; 40:00;17/04/2023;CARGO COMISSION.S/VINCULO;3191,80;;3191,80;327,46;2864,34;
DIEGO HENRIQUES DOS SANTOS;DEPARTAMENTO DE PLANEJAMENTO;ENG-III;; 40:00;23/11/2020;ESTATUTARIO;8534,44;;8534,44;2328,26;6206,18;
DIOGO CAMPOS CARDOSO;CAREIRO DA VARZEA;T.AG-III;; 40:00;31/03/2021;ESTATUTARIO;5155,15;;5155,15;1013,26;4141,89;
DJANEIDE DA SILVA LISBOA;DIRETORIA DE FOMENTO;TECNICO EM AGROPECUARIA;; 40:00;07/03/1988;ESTATUTARIO;4871,89;;4871,89;973,04;3898,85;
DOMINGOS DE LIMA MARQUES;CASTANHO;MOTORISTA;; 40:00;03/11/1981;ESTATUTARIO;3735,23;;3735,23;563,61;3171,62;
DORATY CHAVES DE OLIVEIRA;IRANDUBA;AGENTE ADMINISTRATIVO;AGENTE ADMINISTRAT.; 40:00;29/03/1993;ESTATUTARIO;4659,93;;4659,93;848,11;3811,82;
DOUGLAS GALVAO DA ROCHA;BOA VISTA DO RAMOS;T.AG-III;; 40:00;09/12/2020;ESTATUTARIO;5155,15;;5155,15;1013,26;4141,89;
EDELUZA BARBOSA DE OLIVEIRA;IRANDUBA;ENGENHEIRO AGRONOMO;; 30:00;13/08/1982;ESTATUTARIO;12505,02;;12505,02;3596,08;8908,94;
EDEMBURGO SOCRATES DE A MARQUES;HUMAITA;T.AG-III;; 40:00;09/12/2020;ESTATUTARIO;5155,15;;5155,15;1013,26;4141,89;
EDER QUEIROZ DA CRUZ JUNIOR;MAUES;T.AG-III;; 40:00;23/11/2020;ESTATUTARIO;5155,15;;5155,15;1013,26;4141,89;
EDILENE MARIA SANTANA ARAUJO KAWAKA;PARINTINS;AGENTE ADMINISTRATIVO 4A CLASSE;; 40:00;01/06/1989;ESTATUTARIO;4490,13;;4490,13;749,51;3740,62;
EDIMAR VIZOLLI;DIR.DE ASSIST.TEC.E EXT.RURAL;TECNICO EM AGROPECUARIA;TEC EM AGROPECUARIA; 40:00;01/03/1982;ESTATUTARIO;4681,38;;4681,38;909,51;3771,87;
EDISON FRANCO BARBOSA JUNIOR;TABATINGA;GERENTE;NAO INFORMADO; 40:00;08/11/2021;CARGO COMISSION.S/VINCULO;4209,79;;4209,79;597,14;3612,65;
EDMAR RAIMUNDO NASCIMENTO DE SOUZA;DEPTO.ADMINISTRATIVO;MOT-III;; 40:00;08/05/1986;ESTATUTARIO;3003,37;;3003,37;447,72;2555,65;
EDNO SOARES DA COSTA;HUMAITA;ASSISTENTE TECNICO;; 40:00;01/09/1974;ESTATUTARIO;5673,57;;5673,57;1102,81;4570,76;
EDUARDO AUGUSTO MARQUES;PARINTINS;MED.V-III;; 40:00;23/12/2020;ESTATUTARIO;8558,58;;8558,58;2256,14;6302,44;
EDY CARLOS CARDOSO DOS SANTOS;MAUES;T.AG-III;; 40:00;06/05/2022;ESTATUTARIO;5155,15;;5155,15;361,54;4793,61;
EIRIE GENTIL VINHOTE;DIRETORIA PLANJ.INSTITUCIONAL;DIRETOR DE PLAN.INSTITUCIONAL;DIRETOR DE PLAN.INST; 40:00;01/03/2023;CARGO COMISSION.S/VINCULO;9000,00;;9000,00;2225,83;6774,17;
ELCINA DE LIMA DA SILVA;DEPTO.DE OPERACOES TECNICAS;ASSISTENTE TECNICO;; 40:00;03/10/1987;ESTATUTARIO;4868,57;;4868,57;905,28;3963,29;
ELIAKIM PINHEIRO AMORIM;ALVARAES;T.AG-III;; 40:00;17/12/2020;ESTATUTARIO;5155,15;;5155,15;1013,26;4141,89;
ELIAN ERIC MARTINS FLORES;SAO PAULO DE OLIVENCA;T.AG-III;; 40:00;09/12/2020;ESTATUTARIO;5155,15;;5155,15;1013,26;4141,89;
ELIELTON BARRONCAS MAQUINE DA SILVA;DEPATO.DE ASSIST.TEC.EXT.RURAL;ENG-III;; 40:00;23/11/2020;ESTATUTARIO;8312,76;;8312,76;2244,80;6067,96;
ELIENE DE AZEVEDO CARDOSO;DIRETORIA ADMINIST.FINANCEIRA;DIRETOR ADMINISTRATIVO E FINANCEIRO;DIRETOR ADMINISTRATI; 40:00;01/09/2023;CARGO COMISSION.S/VINCULO;9000,00;;9000,00;2225,83;6774,17;
ELIZAMA BARBOSA DA SILVA;DEPTO.DE OPERACOES TECNICAS;ASSISTENTE TECNICO;; 40:00;01/08/1982;ESTATUTARIO;5116,35;;5116,35;963,82;4152,53;
EMERSON PEDRACA DE FRANCA;MANICORE;ASSISTENTE TECNICO;; 30:00;01/10/1980;ESTATUTARIO;5401,49;;5401,49;1036,86;4364,63;
EMILY GENTIL VINHOTE;NOVO AIRAO;T.AG-III;; 40:00;01/12/2020;ESTATUTARIO;5155,15;;5155,15;1013,26;4141,89;
ERIKA MARAES DE LIMA;EIRUNEPE;T.AG-III;; 40:00;30/11/2020;ESTATUTARIO;5155,15;;5155,15;1013,26;4141,89;
EUGENIO BORGES;MAUES;ASSESSOR II;NAO INFORMADO; 40:00;01/09/2019;CARGO COMISSION.S/VINCULO;4209,79;;4209,79;597,14;3612,65;
EUGENIO OLIVEIRA BRAS;TABATINGA;VIGIA;; 40:00;29/03/1993;ESTATUTARIO;3222,43;;3222,43;421,12;2801,31;
EURICO DE PAULO BARBOSA DA SILVA;ANORI;GERENTE;GERENTE; 40:00;01/08/2023;CARGO COMISSION.S/VINCULO;4209,79;;4209,79;597,14;3612,65;
EVANALDO DE SOUZA COSTA;ENVIRA;T.AG-III;; 40:00;16/05/2022;ESTATUTARIO;5155,15;;5155,15;361,54;4793,61;
EVANDRO DA SILVA AZEVEDO;DEPTO.ADMINISTRATIVO;AUXILIAR DE SERVICOS GERAIS;; 40:00;29/03/1993;ESTATUTARIO;3039,66;;3039,66;377,91;2661,75;
EVANI DA CONCEICAO TAVARES MALCHER;DEPARTAMENTO FINANCEIRO;GERENTE;GERENTE AD-2; 40:00;01/04/2015;CARGO COMISSION.S/VINCULO;4209,79;;4209,79;597,14;3612,65;
FABIANA COCATI DA SILVA;BOCA DO ACRE;TNS-III;; 40:00;20/04/2023;ESTATUTARIO;7450,20;;7450,20;907,81;6542,39;
FABIANNY DE SOUZA ALENCAR DA COSTA;DEPARTAMENTO FINANCEIRO;GERENTE;NAO INFORMADO; 40:00;01/02/2019;CARGO COMISSION.S/VINCULO;4209,79;;4209,79;585,61;3624,18;
FABIO PAZ ROCHA;TEFE;T.AG-III;; 40:00;07/12/2020;ESTATUTARIO;5155,15;;5155,15;1013,26;4141,89;
FABIONEY MONTEIRO DA SILVA;EIRUNEPE;MOT-III;; 40:00;09/12/2020;ESTATUTARIO;3100,22;;3100,22;398,55;2701,67;
FABRIZIA MARGARIDA BARROS NUNES DE;ITACOATIARA;ASSISTENTE TECNICO;; 30:00;29/03/1993;ESTATUTARIO;4723,46;;4723,46;869,29;3854,17;
FAVILLA GENTIL NETO;SAO SEBASTIAO DO UATUMA;ENGENHEIRO AGRONOMO;; 40:00;03/10/1987;ESTATUTARIO;8788,25;;8788,25;2342,62;6445,63;
FELIPE MIRANDA DE CARVALHO;ITAPIRANGA;T.AG-III;; 40:00;30/11/2020;ESTATUTARIO;5155,15;;5155,15;812,50;4342,65;
FERNANDO BATISTA DA SILVA;DEPTO.DE OPERACOES TECNICAS;AUXILIAR DE SERVICOS GERAIS;; 40:00;29/03/1993;ESTATUTARIO;2734,40;;2734,40;377,45;2356,95;
FERNANDO BORGES DE OLIVEIRA;HUMAITA;MOT-III;; 40:00;02/12/2020;ESTATUTARIO;3100,22;;3100,22;398,55;2701,67;
FERNANDO NASCIMENTO FERNANDES;HUMAITA;ENG-III;; 40:00;10/12/2020;ESTATUTARIO;9112,76;;9112,76;2464,80;6647,96;
FILIPE CAMPOS DE FREITAS;DEPTO.ASSIST.TEC.EXT.FLORESTAL;ENG-III;; 40:00;01/12/2020;ESTATUTARIO;8423,60;;8423,60;832,04;7591,56;
FILIPE DE SOUZA E SILVA;DEPTO.ADMINISTRATIVO;MOT-III;; 40:00;02/12/2020;ESTATUTARIO;2600,22;;2600,22;364,03;2236,19;
FRANCIMAR LIZARDO DOS SANTOS;SAO GABRIEL DA CACHOEIRA;GERENTE;NAO INFORMADO; 40:00;01/08/2019;CARGO COMISSION.S/VINCULO;4209,79;;4209,79;585,61;3624,18;
FRANCINEY FERREIRA DA SILVA;JURUA;T.AG-III;; 40:00;13/01/2021;ESTATUTARIO;5155,15;;5155,15;1013,26;4141,89;
FRANCIOMAR DA ROCHA COSTA;DIRETORIA DE FOMENTO;OPERADOR GRAFICO;; 40:00;01/03/1999;ESTATUTARIO;4370,53;;4370,53;637,63;3732,90;
FRANCISCA KLEUBIA NASCIMENTO SILVA;DIRETORIA DE FOMENTO;ENG-III;; 40:00;07/10/2020;ESTATUTARIO;8312,76;;8312,76;2244,80;6067,96;
FRANCISCO ALDENEI FERREIRA PICANCO;PARINTINS;MOTORISTA;; 40:00;01/12/1981;ESTATUTARIO;4207,13;;4207,13;636,73;3570,40;
FRANCISCO DE ASSIS BRANDAO CARLOS;DEPARTAMENTO FINANCEIRO;ASSISTENTE TECNICO;; 40:00;12/03/1985;ESTATUTARIO;4386,81;;4386,81;795,44;3591,37;
FRANCISCO EDUARDO DE MORAIS;LABREA;TECNICO EM AGROPECUARIA;; 40:00;01/07/1986;ESTATUTARIO;5433,02;;5433,02;927,53;4505,49;
FRANCISCO LIMA DA SILVA;MANAQUIRI;TECNICO EM AGROPECUARIA;; 40:00;01/03/1999;ESTATUTARIO;5709,15;;5709,15;1213,78;4495,37;
FRANCISCO MACEDO DE OLIVEIRA FILHO;DIRETORIA DE FOMENTO;TECNICO EM AGROPECUARIA;; 40:00;01/09/1979;ESTATUTARIO;4971,59;;4971,59;1002,03;3969,56;
FRANCISCO OSMAR LINHARES;RIO PRETO DA EVA;ENGENHEIRO AGRONOMO;; 40:00;10/08/1988;ESTATUTARIO;10620,70;;10620,70;2962,18;7658,52;
FRANKLANIO DUARTE FERREIRA;TAPAUA;GERENTE;NAO INFORMADO; 40:00;02/02/2019;CARGO COMISSION.S/VINCULO;4209,79;;4209,79;585,61;3624,18;
GABRIEL ALBUQUERQUE DA COSTA;RIO PRETO DA EVA;T.AG-III;; 40:00;23/05/2022;ESTATUTARIO;5155,15;;5155,15;361,54;4793,61;
GABRIELA GUIMARAES SEGATTI;PRESIDENTE FIGUEIREDO;MED.V-III;; 40:00;24/01/2023;ESTATUTARIO;7758,58;;7758,58;953,75;6804,83;
GASTAO JOSE MICHILES;DEPTO.ADMINISTRATIVO;GERENTE;GERENTE; 40:00;01/01/2023;CARGO COMISSION.S/VINCULO;4209,79;;4209,79;597,14;3612,65;
GEORGE MARIO GRIJO DA SILVA;ANAMA;TECNICO EM AGROPECUARIA;GERENTE; 40:00;01/03/1999;ESTATUTARIO;6384,04;;6384,04;1262,67;5121,37;
GERALDO DOS SANTOS REIS CONCEICAO;DIRETORIA DE FOMENTO;ENGENHEIRO AGRONOMO;; 40:00;15/08/1980;ESTATUTARIO;11924,72;;11924,72;3431,66;8493,06;
GERARDO HONORIO DE BRITO;NOVA OLINDA DO NORTE;AUXILIAR DE SERVICOS GERAIS;; 40:00;01/01/1992;ESTATUTARIO;3196,03;;3196,03;416,22;2779,81;
GERMIRO JOSE GOMES DAMIAO;DEPTO.DE OPERACOES TECNICAS;AUX.O-III;; 40:00;01/07/1980;ESTATUTARIO;2994,15;;2994,15;394,26;2599,89;
GESTER TUPINIQUIM DE SOUZA BENTES;BORBA;TECNICO EM AGROPECUARIA;; 30:00;01/07/1979;ESTATUTARIO;5175,55;;5175,55;977,41;4198,14;
GILBERTO DO NASCIMENTO RODRIGUES;MANICORE;VIGIA;; 40:00;29/03/1993;ESTATUTARIO;3222,43;;3222,43;421,12;2801,31;
GILCIANE PLACIDO BRAULE;SANTO ANTONIO DO ICA;GERENTE;NAO INFORMADO; 40:00;10/06/2020;CARGO COMISSION.S/VINCULO;4209,79;;4209,79;597,14;3612,65;
GISELES MAGALHAES DOS SANTOS;TABATINGA;T.AG-III;; 40:00;30/11/2020;ESTATUTARIO;5155,15;;5155,15;1013,26;4141,89;
GLEIBE HUNGRIA GOULART;APUI;MED.V-III;; 40:00;21/12/2020;ESTATUTARIO;8558,58;;8558,58;2256,14;6302,44;
GRECICA MARIANA COLOMBO;DEPATO.DE ASSIST.TEC.EXT.RURAL;ENG-III;; 40:00;01/12/2020;ESTATUTARIO;7758,58;;7758,58;2036,14;5722,44;
GUILHERME MARTINEZ FREIRE;TABATINGA;T.AG-III;; 40:00;16/02/2023;ESTATUTARIO;5155,15;;5155,15;276,23;4878,92;
GUSTAVO MAFRA MESQUITA;AMATURA;T.AG-III;; 40:00;18/05/2022;ESTATUTARIO;5155,15;;5155,15;361,54;4793,61;
HEITOR LOPES MOURA;ASSESSORIA;ASSESSOR III;ASSESSOR III; 40:00;01/10/2023;CARGO COMISSION.S/VINCULO;3191,80;;3191,80;327,46;2864,34;
HELENIO ARAUJO FIGUEIREDO;DEPTO.DE OPERACOES TECNICAS;TECNICO EM AGROPECUARIA;CHEFE DE DEPARTAMENT; 40:00;01/07/1986;ESTATUTARIO;6640,51;;6640,51;1441,55;5198,96;
HELISON RAMOS SAMPAIO;JUTAI;GERENTE;GERENTE AD-2; 40:00;01/09/2011;CARGO COMISSION.S/VINCULO;4209,79;;4209,79;597,14;3612,65;
HELTON FARIAS DA SILVA;AUTAZES;TECNICO EM AGROPECUARIA;; 40:00;14/07/1988;ESTATUTARIO;5430,18;;5430,18;1107,29;4322,89;
HENDRY ALISSON CARVALHO MARQUES;DEPARTAMENTO FINANCEIRO;GERENTE;GERENTE; 40:00;01/05/2023;CARGO COMISSION.S/VINCULO;4209,79;;4209,79;585,61;3624,18;
HENRY BRASIL SANTOS;ATALAIA DO NORTE;EX.SOC-III;; 40:00;26/11/2020;ESTATUTARIO;5155,15;;5155,15;1013,26;4141,89;
HILARIO RAMIRO DE ABREU FILHO;DEPTO.DE OPERACOES TECNICAS;TECNICO EM AGROPECUARIA;; 40:00;02/06/1986;ESTATUTARIO;4966,04;;4966,04;1001,19;3964,85;
HUGO STENIO GAMA DOS SANTOS;DEPARTAMENTO DE PLANEJAMENTO;TECNICO EM AGROPECUARIA;CHEFE DE DEPARTAMENT; 40:00;05/07/1989;ESTATUTARIO;6523,18;;6523,18;1401,02;5122,16;
IGOR GRACIANO;RIO PRETO DA EVA;ENG-III;; 40:00;04/12/2020;ESTATUTARIO;9223,60;;9223,60;2506,52;6717,08;
ILZINALDO CARVALHO GUIMARAES FILHO;DIRETORIA DE FOMENTO;TECNICO EM AGROPECUARIA;; 40:00;01/03/1999;ESTATUTARIO;5209,15;;5209,15;1085,52;4123,63;
ISMAEL CARLOS SANTANA DA SILVA;BOCA DO ACRE;A.TEC-III;; 40:00;27/11/2020;ESTATUTARIO;4490,13;;4490,13;791,48;3698,65;
ISVALDO LIMA DA SILVA;IRANDUBA;TECNICO EM AGROPECUARIA;; 40:00;01/03/1982;ESTATUTARIO;5461,71;;5461,71;1118,02;4343,69;
IVAN DE AZEVEDO TRIBUZY NETO;COARI;ENG-III;; 40:00;21/12/2020;ESTATUTARIO;8558,58;;8558,58;2256,14;6302,44;
IVAN PONCE DE LEAO;DEPTO.DE OPERACOES TECNICAS;AGENTE ADMINISTRATIVO;; 40:00;01/10/1979;ESTATUTARIO;4931,82;;4931,82;921,24;4010,58;
IVANEIDE MUNIZ DOS SANTOS;DIRETORIA DE FOMENTO;AUX.S.G-III;; 40:00;15/07/1996;ESTATUTARIO;2600,22;;2600,22;364,03;2236,19;
IVO ROBERTO PEREIRA DOS SANTOS;DEPTO.ADMINISTRATIVO;TECNICO EM AGROPECUARIA;; 40:00;03/11/1987;ESTATUTARIO;4940,08;;4940,08;952,94;3987,14;
IVONEI RODRIGUES DOS SANTOS;MATUPI;T.AG-III;; 40:00;02/12/2020;ESTATUTARIO;5155,15;;5155,15;970,60;4184,55;
IZAQUIEL DA COSTA OLIVEIRA;GUAJARA;GERENTE;NAO INFORMADO; 40:00;01/04/2019;CARGO COMISSION.S/VINCULO;4209,79;;4209,79;557,17;3652,62;
JACINTA MOREIRA COELHO;PROCURADORIA JURIDICA;EXTENSIONISTA SOCIAL;ASSESSOR I; 40:00;01/03/1999;ESTATUTARIO;6764,04;;6764,04;1491,70;5272,34;
JACKSON DA SILVA;TEFE;ENG-III;; 40:00;09/12/2020;ESTATUTARIO;9223,60;;9223,60;2506,52;6717,08;
JADERSON HOLANDA ALMEIDA WEILLER;ITACOATIARA;GERENTE;NAO INFORMADO; 40:00;01/07/2020;CARGO COMISSION.S/VINCULO;4209,79;;4209,79;597,14;3612,65;
JAGUANHARA DE ANDRADE LOPES;DEPATO.DE ASSIST.TEC.EXT.RURAL;ENGENHEIRO AGRONOMO;; 40:00;18/03/1985;ESTATUTARIO;11424,20;;11424,20;3132,40;8291,80;
JAIME GATENHA FERREIRA FILHO;VILA RICA DE CAVIANA;GERENTE;GERENTE; 40:00;01/05/2022;CARGO COMISSION.S/VINCULO;4209,79;;4209,79;597,14;3612,65;
JAIME VITOR DOS SANTOS;DEPTO.DE OPERACOES TECNICAS;TECNICO EM AGROPECUARIA;GERENTE AD/2; 40:00;16/03/1990;ESTATUTARIO;6271,54;;6271,54;1335,11;4936,43;
JALPERY VIANA DE SOUZA;DIRETORIA DE FOMENTO;ASSISTENTE TECNICO;; 40:00;29/03/1993;ESTATUTARIO;4311,09;;4311,09;771,92;3539,17;
JAMILSON PAULO BARROS LARAY;RIO PRETO DA EVA;TECNICO EM AGROPECUARIA;; 40:00;02/06/1986;ESTATUTARIO;5430,78;;5430,78;1108,98;4321,80;
JANDER DE JESUS FONSECA DA SILVA;NOVO AIRAO;A.TEC-III;; 40:00;27/02/2004;ESTATUTARIO;4636,04;;4636,04;781,65;3854,39;
JARBAS BREVES DA SILVA;DEPATO.DE ASSIST.TEC.EXT.RURAL;M.FLU-III;GERENTE; 40:00;25/10/2023;ESTATUTARIO;5130,53;;5130,53;376,13;4754,40;
JEAN BARROS FERREIRA;DEPTO.DE OPERACOES TECNICAS;TECNICO EM AGROPECUARIA;; 40:00;29/03/1993;ESTATUTARIO;4830,72;;4830,72;916,66;3914,06;
JEAN FRANK CAVALCANTE MAGALHAES;IRANDUBA;TECNICO EM AGROPECUARIA;GERENTE; 40:00;01/03/1999;ESTATUTARIO;6384,04;;6384,04;1116,37;5267,67;
JEFFERSON GOMES SODRE;MANICORE;T.AG-III;; 40:00;09/12/2020;ESTATUTARIO;5155,15;;5155,15;1013,26;4141,89;
JEORGE FERREIRA FREITAS;DEPARTAMENTO FINANCEIRO;CHEFE DE DEPARTAMENTO;CHEFE DE DEPARTAMENT; 40:00;01/09/2023;CARGO COMISSION.S/VINCULO;5229,77;;5229,77;957,83;4271,94;
JESSICA MOTTA DE SOUSA;DIR.DE ASSIST.TEC.E EXT.RURAL;TNS-III;; 40:00;10/12/2020;ESTATUTARIO;7315,22;;7315,22;1869,22;5446,00;
JHONATA OLIVEIRA MENDONCA;EIRUNEPE;A.TEC-III;; 40:00;24/11/2020;ESTATUTARIO;4490,13;;4490,13;791,48;3698,65;
JOAO ALMEIDA DE OLIVEIRA;ITACOATIARA;ASSISTENTE TECNICO;; 40:00;06/05/1975;ESTATUTARIO;5504,99;;5504,99;1063,66;4441,33;
JOAO BATISTA GOMES DO NASCIMENTO;CANUTAMA;GERENTE;NAO INFORMADO; 40:00;01/07/2020;CARGO COMISSION.S/VINCULO;4209,79;;4209,79;597,14;3612,65;
JOAO BOSCO ANDRE GORDIANO;DEPTO.ASSIST.TEC.EXT.FLORESTAL;TECNICO EM AGROPECUARIA;; 40:00;01/09/1999;ESTATUTARIO;5209,15;;5209,15;1042,86;4166,29;
JOAO CLAUDIR DA SILVA LEITAO;IRANDUBA;TECNICO EM AGROPECUARIA;; 30:00;01/03/1999;ESTATUTARIO;6438,43;;6438,43;1414,34;5024,09;
JOAO HILARIO BORGES DE BASTOS;APUI;GERENTE;GERENTE AD2; 40:00;01/06/2016;CARGO COMISSION.S/VINCULO;4209,79;;4209,79;557,17;3652,62;
JOCIELI BATISTA PINHEIRO;BOCA DO ACRE;ENG-III;; 40:00;25/11/2020;ESTATUTARIO;8558,58;;8558,58;2256,14;6302,44;
JOELCIO GAMA AVELAR;LABREA;T.AG-III;; 40:00;13/01/2021;ESTATUTARIO;5155,15;;5155,15;1013,26;4141,89;
JONATHAN LIRA JAICO;ATALAIA DO NORTE;T.AG-III;; 40:00;21/12/2020;ESTATUTARIO;5155,15;;5155,15;1013,26;4141,89;
JONILO MOYSES MOUZINHO BRITO;DEPTO.ASSIST.TEC.EXT.FLORESTAL;A.TEC-III;; 40:00;23/11/2020;ESTATUTARIO;3990,13;;3990,13;702,95;3287,18;
JORGE ANTONIO FERREIRA CARVALHO;CARAUARI;TECNICO EM AGROPECUARIA;; 40:00;01/08/1989;ESTATUTARIO;5337,38;;5337,38;1074,03;4263,35;
JORGE AUGUSTO REIS MONTEIRO;DIRETORIA DE FOMENTO;TECNICO EM AGROPECUARIA;; 40:00;01/03/1999;ESTATUTARIO;5209,15;;5209,15;1085,52;4123,63;
JORSIVALDO PESSOA CARDOSO;PARINTINS;MOT-III;; 40:00;09/05/2022;ESTATUTARIO;3100,22;;3100,22;34,52;3065,70;
JOSAFA NOVAIS MACEDO;VILA EXTREMA - LABREA;GERENTE;; 40:00;06/02/2018;CARGO COMISSION.S/VINCULO;4209,79;;4209,79;528,73;3681,06;
JOSE ABRAAO ALMEIDA CISNE;NOVO REMANSO;A.TEC-III;; 40:00;09/05/2022;ESTATUTARIO;4490,13;;4490,13;232,86;4257,27;
JOSE ALFREDO FELICIANO DA SILVA;ENVIRA;ASSISTENTE TECNICO;; 40:00;01/08/1989;ESTATUTARIO;4674,61;;4674,61;810,35;3864,26;
JOSE ANTONIO CHAVES DE OLIVEIRA;IPIXUNA;T.AG-III;; 40:00;02/12/2020;ESTATUTARIO;5155,15;;5155,15;1013,26;4141,89;
JOSE ARIMATEIA SIMOES;URUCARA;TECNICO EM AGROPECUARIA;; 40:00;01/10/1983;ESTATUTARIO;6212,75;;6212,75;1324,40;4888,35;
JOSE ARTEMIS RODRIGUES MONTECONRADO;ITAMARATI;TECNICO EM AGROPECUARIA;GERENTE AD-2; 40:00;01/03/1999;ESTATUTARIO;5709,15;;5709,15;729,28;4979,87;
JOSE BARROSO SALVIANO;DIRETORIA DE FOMENTO;AGENTE ADMINISTRATIVO;; 40:00;05/05/1980;ESTATUTARIO;4874,04;;4874,04;906,42;3967,62;
JOSE CLAUDIO CAMPOS DO NASCIMENTO;SANTA IZABEL DO RIO NEGRO;AUX.DE SERV.GERAIS PNF.ASG-II;GERENTE; 30:00;15/06/2021;ESTATUTARIO;5617,93;;5617,93;673,18;4944,75;
JOSE COELHO DAVILA;TABATINGA;TECNICO EM CONTABILIDADE;; 40:00;29/03/1993;ESTATUTARIO;4581,03;;4581,03;779,13;3801,90;
JOSE DE OLIVEIRA NEVES;SILVES;MOTORISTA;; 40:00;29/03/1993;ESTATUTARIO;3533,45;;3533,45;505,10;3028,35;
JOSE DE OLIVEIRA RAMOS;PARINTINS;ASSISTENTE TECNICO;; 40:00;01/06/1978;ESTATUTARIO;4879,65;;4879,65;869,88;4009,77;
JOSE DE OLIVEIRA RIBEIRO;PROCURADORIA JURIDICA;TECNICO EM AGROPECUARIA;; 40:00;29/03/1993;ESTATUTARIO;5521,38;;5521,38;1125,01;4396,37;
JOSE DIRLEY MENDES ALBORADO;TONANTINS;ASSESSOR III;ASSESSOR III; 40:00;04/05/2022;CARGO COMISSION.S/VINCULO;3191,80;;3191,80;327,46;2864,34;
JOSE ERISON GOES CASTRO;BARREIRINHA;MOTORISTA FLUVIAL;; 40:00;01/11/1985;ESTATUTARIO;3101,91;;3101,91;398,55;2703,36;
JOSE FERREIRA DA SILVA JUNIOR;DEPATO.DE ASSIST.TEC.EXT.RURAL;ENG-III;; 40:00;04/01/2021;ESTATUTARIO;8423,60;;8423,60;2286,52;6137,08;
JOSE LAZARO DA COSTA;COARI;GERENTE;NAO INFORMADO; 40:00;01/11/2021;CARGO COMISSION.S/VINCULO;4209,79;;4209,79;597,14;3612,65;
JOSE LIRA DO NASCIMENTO;CARAUARI;MOTORISTA;; 40:00;15/05/1977;ESTATUTARIO;3743,01;;3743,01;565,87;3177,14;
JOSE LUIS ANDRADE PINTO;BOA VISTA DO RAMOS;MOTORISTA;; 40:00;29/03/1993;ESTATUTARIO;3562,27;;3562,27;513,46;3048,81;
JOSE MARIA DE MATOS;COARI;TECNICO EM AGROPECUARIA;; 40:00;01/10/1983;ESTATUTARIO;5513,81;;5513,81;1132,19;4381,62;
JOSE MARIA FERREIRA;IRANDUBA;TECNICO EM AGROPECUARIA;; 40:00;09/06/1980;ESTATUTARIO;5501,00;;5501,00;1129,39;4371,61;
JOSE MARIA FRADE JUNIOR;RIO PRETO DA EVA;ENGENHEIRO AGRONOMO;GERENTE AD/2; 40:00;02/07/1984;ESTATUTARIO;12723,89;;12723,89;3813,04;8910,85;
JOSE MILTON BARBOSA FILHO;DIR.DE ASSIST.TEC.E EXT.RURAL;ENGENHEIRO AGRONOMO;; 40:00;01/04/1980;ESTATUTARIO;12615,09;;12615,09;3631,66;8983,43;
JOSE NAZARENO FREITAS VIANA JUNIOR;NOVA OLINDA DO NORTE;T.AG-III;; 40:00;01/12/2020;ESTATUTARIO;5155,15;;5155,15;1013,26;4141,89;
JOSE RAIMUNDO MARINHO GARCIA;DIRETORIA DE FOMENTO;AUXILIAR DE SERVICOS GERAIS;; 40:00;29/03/1993;ESTATUTARIO;2696,03;;2696,03;377,44;2318,59;
JOSE RAIMUNDO NORONHA CALACINA;BOCA DO ACRE;MOTORISTA;; 40:00;25/06/1982;ESTATUTARIO;3735,23;;3735,23;563,61;3171,62;
JOSE RENATO DANTAS DE LIMA;SAO GABRIEL DA CACHOEIRA;T.AG-III;; 40:00;09/05/2022;ESTATUTARIO;5155,15;;5155,15;361,54;4793,61;
JOSE RICARDO GONCALVES MACIEL;NOVO ARIPUANA;TECNICO EM AGROPECUARIA;; 40:00;01/08/1991;ESTATUTARIO;5327,55;;5327,55;1032,15;4295,40;
JOSE RODRIGO LIRIO MASCENA;FONTE BOA;ENG-III;; 40:00;05/11/2021;ESTATUTARIO;8558,58;;8558,58;2256,14;6302,44;
JOSE SILVA MICHILES;SILVES;TECNICO EM AGROPECUARIA;; 40:00;01/03/1999;ESTATUTARIO;5709,15;;5709,15;1112,71;4596,44;
JOSE UANDERSON SOUZA DOS SANTOS;JURUA;T.AG-III;; 40:00;21/12/2020;ESTATUTARIO;5155,15;;5155,15;1013,26;4141,89;
JOSE VASCONCELOS DE FARIAS NETO;CAREIRO DA VARZEA;TECNICO EM AGROPECUARIA;; 40:00;01/03/1982;ESTATUTARIO;6214,78;;6214,78;1325,47;4889,31;
JOSINALDO BEZERRA PACHECO;CAREIRO DA VARZEA;TECNICO EM AGROPECUARIA;; 40:00;25/08/1982;ESTATUTARIO;5731,54;;5731,54;841,00;4890,54;
JOSINEI LIMA DA SILVA;AUTAZES;GERENTE;NAO INFORMADO; 40:00;01/04/2019;CARGO COMISSION.S/VINCULO;4209,79;;4209,79;557,17;3652,62;
JUDAH TORRES LIMA;DIRETORIA DE FOMENTO;A.TEC-III;; 40:00;09/05/2022;ESTATUTARIO;3990,13;;3990,13;144,33;3845,80;
JULIA SANTOS DE SEIXAS;DEPTO.DE OPERACOES TECNICAS;A.TEC-III;; 40:00;02/07/1984;ESTATUTARIO;4755,82;;4755,82;857,08;3898,74;
JULIO BELARMINO FERREIRA LINS;FONTE BOA;GERENTE;NAO INFORMADO; 40:00;01/10/2020;CARGO COMISSION.S/VINCULO;4209,79;;4209,79;597,14;3612,65;
JULIO CESA FRANCO DE ALENCAR;CAAPIRANGA;GERENTE;GERENTE; 40:00;02/02/2023;CARGO COMISSION.S/VINCULO;4209,79;;4209,79;597,14;3612,65;
JULIO CESAR DE LIMA GOES;SILVES;TECNICO EM AGROPECUARIA;; 40:00;29/03/1993;ESTATUTARIO;5337,83;;5337,83;1031,53;4306,30;
JUSSARA DE SOUZA LOPES;ATALAIA DO NORTE;ENG-III;; 40:00;01/01/2021;ESTATUTARIO;8558,58;;8558,58;2256,14;6302,44;
KAIO ROGER DOCE DE OLIVEIRA;URICURITUBA;EX.SOC-III;; 40:00;04/12/2020;ESTATUTARIO;5155,15;;5155,15;1013,26;4141,89;
KAREN ALVES DA SILVA;DEPATO.DE ASSIST.TEC.EXT.RURAL;ENG-III;; 40:00;14/12/2020;ESTATUTARIO;7758,58;;7758,58;664,71;7093,87;
KAROLYNE WECKNER RODRIGUES;NOVO ARIPUANA;GERENTE;NAO INFORMADO; 40:00;12/03/2021;CARGO COMISSION.S/VINCULO;4209,79;;4209,79;597,14;3612,65;
KELLY BORGES DE ALMEIDA ROCHA;DEPTO.DE OPERACOES TECNICAS;A.SOC-III;; 30:00;23/11/2020;ESTATUTARIO;7315,22;;7315,22;1869,22;5446,00;
KEROLLY GLORIA LOPES;SAO SEBASTIAO DO UATUMA;GERENTE;NAO INFORMADO; 40:00;15/03/2021;CARGO COMISSION.S/VINCULO;4209,79;;4209,79;597,14;3612,65;
LARISSA YANKA BATISTA MARAJO;TEFE;T.AG-III;; 40:00;26/11/2020;ESTATUTARIO;5155,15;;5155,15;1013,26;4141,89;
LAURA MAITE DIAS RODRIGUES;PARINTINS;T.AG-III;; 40:00;09/12/2020;ESTATUTARIO;5155,15;;5155,15;1013,26;4141,89;
LAURO DE MEDEIROS MARTINS;BARREIRINHA;AUXILIAR DE SERVICOS GERAIS;; 40:00;03/11/1981;ESTATUTARIO;3635,99;;3635,99;480,92;3155,07;
LAZARO MONTEIRO REIS;DEPTO.DE OPERACOES TECNICAS;TECNICO EM AGROPECUARIA;; 40:00;01/07/1979;ESTATUTARIO;5055,46;;5055,46;980,96;4074,50;
LEANDRO MASSAYUKI ROLIM YAMASHITA;TABATINGA;ENG-III;; 40:00;01/12/2020;ESTATUTARIO;8312,76;;8312,76;2244,80;6067,96;
LEIDERVAN MARCELO MARTINS ALVES;BOCA DO ACRE;M.FLU-III;; 40:00;08/01/2021;ESTATUTARIO;3100,22;;3100,22;398,55;2701,67;
LENA GUIOMAR CAVALCANTE F BARBOSA;PROCURADORIA JURIDICA;ASSESSOR I;ASSESSOR I; 40:00;01/05/2022;CARGO COMISSION.S/VINCULO;5229,77;;5229,77;957,83;4271,94;
LEONARDO BARBOSA DA SILVA;JURUA;GERENTE;NAO INFORMADO; 40:00;01/06/2019;CARGO COMISSION.S/VINCULO;4209,79;;4209,79;557,17;3652,62;
LETICIA BARROS DE ALENCAR;IRANDUBA;TNS-III;; 40:00;02/10/2023;ESTATUTARIO;7450,20;;7450,20;907,81;6542,39;
LINDENBERG COSTA PAULINO;CASTANHO;ENG-III;; 40:00;23/11/2020;ESTATUTARIO;8558,58;;8558,58;2256,14;6302,44;
LINDON JONHSON NEVES DE AQUINO;BENJAMIN CONSTANT;T.AG-III;; 40:00;26/11/2020;ESTATUTARIO;5155,15;;5155,15;1013,26;4141,89;
LOURIVALDO NASCIMENTO BARROS;BORBA;TECNICO EM AGROPECUARIA;; 40:00;01/03/1999;ESTATUTARIO;5709,15;;5709,15;1112,71;4596,44;
LUCAS EDUARDO FERNANDES;IRANDUBA;ENG-III;; 40:00;30/11/2020;ESTATUTARIO;9223,60;;9223,60;1052,04;8171,56;
LUCAS HENRIQUE VIEIRA LENCI;CANUTAMA;ENG-III;; 40:00;23/11/2020;ESTATUTARIO;9223,60;;9223,60;2506,52;6717,08;
LUCAS MAGALHAES LARA;CAREIRO DA VARZEA;MED.V-III;; 40:00;23/11/2020;ESTATUTARIO;9223,60;;9223,60;2506,52;6717,08;
LUCAS NOBRE DE SOUZA;BARREIRINHA;ENG-III;; 40:00;26/11/2020;ESTATUTARIO;9112,76;;9112,76;2464,80;6647,96;
LUCIANO LOBO PINHEIRO VAZ;NOVO REMANSO;GERENTE;GERENTE AD-2; 40:00;11/01/2011;CARGO COMISSION.S/VINCULO;4209,79;;4209,79;597,14;3612,65;
LUCIVALDO RIBEIRO PEREIRA;PARINTINS;ENGENHEIRO DE PESCA;; 40:00;01/03/1999;ESTATUTARIO;9572,58;;9572,58;2637,92;6934,66;
LUIS AUGUSTO MATOS DOS SANTOS;SILVES;T.AG-III;; 40:00;12/01/2021;ESTATUTARIO;5155,15;;5155,15;1013,26;4141,89;
LUIS GONZAGA PICANCO NETO;BARREIRINHA;TECNICO EM AGROPECUARIA;; 40:00;01/08/1982;ESTATUTARIO;5478,85;;5478,85;1075,34;4403,51;
LUIS OCTAVIO VIEIRA PEREIRA;ITACOATIARA;ENG-III;; 40:00;23/11/2020;ESTATUTARIO;9112,76;;9112,76;2464,80;6647,96;
LUIZ ALBERTO LIRA DA CRUZ;DEPTO.DE OPERACOES TECNICAS;TECNICO EM AGROPECUARIA;; 40:00;01/06/1982;ESTATUTARIO;5013,81;;5013,81;968,25;4045,56;
LUIZ ALDINEY ALVES DE OLIVEIRA;PRESIDENTE FIGUEIREDO;TECNICO EM AGROPECUARIA;GERENTE; 40:00;15/06/1999;ESTATUTARIO;6384,04;;6384,04;1166,12;5217,92;
LUIZ ANTONIO NASCIMENTO;DEPATO.DE ASSIST.TEC.EXT.RURAL;TECNICO EM AGROPECUARIA;GERENTE; 40:00;11/09/1989;ESTATUTARIO;5512,27;;5512,27;1121,91;4390,36;
LUIZ CARLOS DE ANDRADE FREIRE;HUMAITA;GERENTE;NAO INFORMADO; 40:00;01/03/2021;CARGO COMISSION.S/VINCULO;4209,79;;4209,79;597,14;3612,65;
LUIZ CARLOS DE SA MORAIS GONCALVES;DIR.DE ASSIST.TEC.E EXT.RURAL;TECNICO EM AGROPECUARIA;; 40:00;19/11/1983;ESTATUTARIO;5654,93;;5654,93;1170,53;4484,40;
LUIZ CARLOS DO HERVAL FILHO;DIR.DE ASSIST.TEC.E EXT.RURAL;ENGENHEIRO AGRONOMO;ASSESSOR II; 40:00;01/03/1999;ESTATUTARIO;10848,18;;10848,18;3199,46;7648,72;
LUIZ EUCLIDES PESSOA SOUZA;NHAMUNDA;TECNICO EM AGROPECUARIA;GERENTE AD-2; 40:00;16/03/1990;ESTATUTARIO;5245,22;;5245,22;1000,64;4244,58;
LUIZ NUNES DIAS;ENVIRA;TECNICO EM AGROPECUARIA;; 40:00;01/03/1999;ESTATUTARIO;5709,15;;5709,15;1112,71;4596,44;
LUIZ ROBERTO PEREIRA DA COSTA;BOA VISTA DO RAMOS;TECNICO EM AGROPECUARIA;; 40:00;01/07/1979;ESTATUTARIO;6258,92;;6258,92;1064,24;5194,68;
LUIZ ROCHA MACIEL;DEPTO.ASSIST.TEC.EXT.FLORESTAL;CHEFE DE DEPARTAMENTO;CHEFE DE DEPARTAMENT; 40:00;09/06/2022;CARGO COMISSION.S/VINCULO;5229,77;;5229,77;957,83;4271,94;
LUIZ RODOLFO ARAUJO BONET;MANACAPURU;T.AG-III;; 40:00;16/05/2022;ESTATUTARIO;5155,15;;5155,15;361,54;4793,61;
LUIZ VANDERLEI NEVES AZEVEDO;PAUINI;TECNICO EM AGROPECUARIA;; 40:00;01/03/1999;ESTATUTARIO;5709,15;;5709,15;1213,78;4495,37;
LUZIANE CRISTINE SIQUEIRA TAVARES;DEPTO.ADMINISTRATIVO;ASSISTENTE TECNICO;; 40:00;29/03/1993;ESTATUTARIO;4165,73;;4165,73;750,18;3415,55;
LUZIANE VITOR DE SOUZA;DEPTO.ASSIST.TEC.EXT.FLORESTAL;ASSESSOR III;ASSESSOR III; 40:00;01/01/2023;CARGO COMISSION.S/VINCULO;3191,80;;3191,80;327,46;2864,34;
MAIARA TEIXEIRA DE SOUZA;PRESIDENTE FIGUEIREDO;ENG-III;; 40:00;28/09/2020;ESTATUTARIO;8558,58;;8558,58;2256,14;6302,44;
MAISA GOMES MOURA;DIRETORIA DE FOMENTO;T.AG-III;; 40:00;06/01/2021;ESTATUTARIO;4655,15;;4655,15;900,76;3754,39;
MAISON BERNARDINO CAMPELO;CARAUARI;T.AG-III;; 40:00;25/11/2020;ESTATUTARIO;5155,15;;5155,15;1013,26;4141,89;
MANOEL PEREIRA DA SILVA;UARINI;TECNICO EM AGROPECUARIA;; 40:00;01/03/1999;ESTATUTARIO;5709,15;;5709,15;1070,05;4639,10;
MARCEL CORREA RIBEIRO;DIRETORIA DE FOMENTO;ENG-III;; 40:00;23/11/2020;ESTATUTARIO;8312,76;;8312,76;2244,80;6067,96;
MARCELO FRANCA GADELHA;ITACOATIARA;TECNICO EM AGROPECUARIA;; 40:00;01/03/1999;ESTATUTARIO;5709,15;;5709,15;1161,65;4547,50;
MARCELO FREDERICO TERCO FALCAO;DEPATO.DE ASSIST.TEC.EXT.RURAL;TECNICO AGROPECUARIA;; 30:00;16/03/1990;ESTATUTARIO;4801,32;;4801,32;949,51;3851,81;
MARCIA EVELYN TAVARES MALCHER;DEPARTAMENTO FINANCEIRO;ASSESSOR III;ASSESSOR III; 40:00;01/05/2022;CARGO COMISSION.S/VINCULO;3191,80;;3191,80;327,46;2864,34;
MARCIO ANDRE DE SOUZA SILVA;SAO SEBASTIAO DO UATUMA;T.AG-III;; 40:00;02/12/2020;ESTATUTARIO;5155,15;;5155,15;1013,26;4141,89;
MARCIO GERALDO FONSECA ROSA;DEPTO.ASSIST.TEC.EXT.FLORESTAL;ASSESSOR II;NAO INFORMADO; 40:00;02/10/2020;CARGO COMISSION.S/VINCULO;4209,79;;4209,79;597,14;3612,65;
MARCOS ANTONIO CERQUEIRA;PRESIDENTE FIGUEIREDO;ENGENHEIRO DE PESCA;; 40:00;01/01/1992;ESTATUTARIO;11038,31;;11038,31;2608,46;8429,85;
MARCOS EUGENIO CHIXARO DE ALMEIDA;HUMAITA;TECNICO EM AGROPECUARIA;; 40:00;01/03/1999;ESTATUTARIO;5709,15;;5709,15;1213,78;4495,37;
MARCOS FABIO DE OLIVEIRA NOGUEIRA;MANACAPURU;ENG-III;; 40:00;06/01/2023;ESTATUTARIO;8558,58;;8558,58;1121,61;7436,97;
MARCOS NUNES DA SILVA;JAPURA;T.AG-III;; 40:00;23/11/2020;ESTATUTARIO;5155,15;;5155,15;1013,26;4141,89;
MARCOS PAULO MARTINS COSTA;DEPARTAMENTO FINANCEIRO;GERENTE;GERENTE; 40:00;01/09/2023;CARGO COMISSION.S/VINCULO;4209,79;;4209,79;557,17;3652,62;
MARDEN AUGUSTO DA COSTA MENDES;EIRUNEPE;GERENTE;GERENTE; 40:00;03/05/2023;CARGO COMISSION.S/VINCULO;4209,79;;4209,79;597,14;3612,65;
MARGARETH NASCIMENTO BARROS;ITACOATIARA;ASSISTENTE TECNICO;; 40:00;03/10/1987;ESTATUTARIO;4809,15;;4809,15;892,50;3916,65;
MARIA AMELIA CENA ARROJAVE;IRANDUBA;COZINHEIRO;; 40:00;12/03/1985;ESTATUTARIO;3717,57;;3717,57;503,18;3214,39;
MARIA DAS DORES ALVES OLIVEIRA;DEPATO.DE ASSIST.TEC.EXT.RURAL;TNS-III;; 40:00;05/05/2022;ESTATUTARIO;6650,20;;6650,20;687,81;5962,39;
MARIA DAS GRACAS BARBOSA DA SILVA;DEPTO.DE OPERACOES TECNICAS;TNS-III;; 40:00;13/08/1974;ESTATUTARIO;7936,46;;7936,46;1987,49;5948,97;
MARIA DAS GRACAS MACHADO LOPES;PARINTINS;ASSISTENTE TECNICO;; 40:00;11/06/1984;ESTATUTARIO;5418,40;;5418,40;987,01;4431,39;
MARIA DELZILENE VIEIRA DA COSTA;EIRUNEPE;ASSISTENTE TECNICO;; 40:00;03/11/1987;ESTATUTARIO;5375,18;;5375,18;1026,46;4348,72;
MARIA DO CARMO ARAUJO;ASSESSORIA;ASSESSOR I;ASSESSOR I; 40:00;29/09/2022;CARGO COMISSION.S/VINCULO;5229,77;;5229,77;957,83;4271,94;
MARIA DO PERPETUO SOCORRO C PAULAIN;PROCURADORIA JURIDICA;PROCURADOR CHEFE;PROCURADOR CHEFE; 40:00;01/09/2023;CARGO COMISSION.S/VINCULO;5229,77;;5229,77;957,83;4271,94;
MARIA DO SOCORRO FERNANDES DA SILVA;DEPATO.DE ASSIST.TEC.EXT.RURAL;TECNICO EM CONTABILIDADE;; 40:00;01/04/1982;ESTATUTARIO;5096,57;;5096,57;953,18;4143,39;
MARIA EULINA BATALHA DOS ANJOS;URUCARA;ASSISTENTE TECNICO;; 40:00;01/07/1986;ESTATUTARIO;4740,98;;4740,98;875,14;3865,84;
MARIA JOSE MENDONCA DE OLIVEIRA;TEFE;ENG-III;; 40:00;20/06/2023;ESTATUTARIO;8558,58;;8558,58;1121,61;7436,97;
MARIA REGINA DA SILVA GOMES MEIRES;DEPTO.DE OPERACOES TECNICAS;GERENTE;GERENTE; 40:00;01/07/2022;CARGO COMISSION.S/VINCULO;4209,79;;4209,79;597,14;3612,65;
MARIA SANIA DE OLIVEIRA FRANCA;ENVIRA;T.AG-III;; 40:00;06/05/2022;ESTATUTARIO;5155,15;;5155,15;361,54;4793,61;
MARILDO XIMENDES DA SILVA;MANACAPURU;TECNICO EM AGROPECUARIA;; 40:00;01/03/1999;ESTATUTARIO;5709,15;;5709,15;1161,65;4547,50;
MARINEZIO PESSOA DE SOUZA;NHAMUNDA;TECNICO EM AGROPECUARIA;; 40:00;16/03/1990;ESTATUTARIO;5327,49;;5327,49;1070,74;4256,75;
MARIO FRANCISCO CALDAS ONO;DEPTO.ASSIST.TEC.EXT.FLORESTAL;TECNICO EM AGROPECUARIA;GERENTE; 40:00;01/03/1999;ESTATUTARIO;5884,04;;5884,04;1261,88;4622,16;
MARIO JANDER DE MATOS MENDES JUNIOR;NOVO REMANSO;ENG-III;; 40:00;30/11/2020;ESTATUTARIO;8558,58;;8558,58;2256,14;6302,44;
MARIO JORGE MACEDO CORREIA;DEPTO.ADMINISTRATIVO;A.TEC-III;; 40:00;16/08/1982;ESTATUTARIO;4578,65;;4578,65;814,24;3764,41;
MARIO REGIS SOARES GOMES;TABATINGA;TECNICO AGRICOLA;; 30:00;01/03/2001;ESTATUTARIO;5155,15;;5155,15;927,95;4227,20;
MARISA DA COSTA BEZERRA;DEPARTAMENTO FINANCEIRO;ASSISTENTE TECNICO;; 40:00;02/05/1980;ESTATUTARIO;5148,03;;5148,03;971,38;4176,65;
MARIZA DA PAZ DANTAS RODRIGUES;CODAJAS;ASSISTENTE TECNICO;ASSISTENTE TECNICO; 40:00;01/01/1984;ESTATUTARIO;4866,25;;4866,25;909,62;3956,63;
MARIZA LISLEY DA SILVA JUREMA;CARAUARI;ENG-III;; 40:00;14/08/2023;ESTATUTARIO;11411,91;;11411,91;1906,27;9505,64;
MARLENE RAMOS REIS;COARI;ASSISTENTE TECNICO;; 40:00;16/03/1990;ESTATUTARIO;4670,12;;4670,12;808,85;3861,27;
MARLESON DOS SANTOS TAVARES;PARINTINS;T.AG-III;; 40:00;23/11/2020;ESTATUTARIO;5155,15;;5155,15;1013,26;4141,89;
MARQUINHO CASTRO DOS SANTOS;ALVARAES;GERENTE;NAO INFORMADO; 40:00;14/10/2020;CARGO COMISSION.S/VINCULO;4209,79;;4209,79;597,14;3612,65;
MAURICIO BORGES;AUTAZES;TECNICO EM AGROPECUARIA;; 40:00;01/11/1980;ESTATUTARIO;6200,44;;6200,44;1321,31;4879,13;
MAURO ALEX SOUZA MOTTA FILHO;MANICORE;ENG-III;; 40:00;06/07/2023;ESTATUTARIO;8558,58;;8558,58;1121,61;7436,97;
MIQUEIAS EMANUEL SOUZA LACERDA;AUTAZES;MOT-III;; 40:00;11/12/2020;ESTATUTARIO;3100,22;;3100,22;398,55;2701,67;
MIRIAN BATISTA DE OLIVEIRA;ALVARAES;T.AG-III;; 40:00;10/05/2022;ESTATUTARIO;5155,15;;5155,15;318,88;4836,27;
MIRTA DOS SANTOS PONTES;PRESIDENTE FIGUEIREDO;ASSISTENTE TECNICO;; 40:00;18/09/1980;ESTATUTARIO;5463,83;;5463,83;1052,03;4411,80;
MOACIR ALVES MARAES;DEPTO.DE OPERACOES TECNICAS;AUXILIAR DE SERVICOS GERAIS;; 40:00;29/03/1993;ESTATUTARIO;2696,03;;2696,03;377,44;2318,59;
MURILO COUTINHO FERREIRA;DEPARTAMENTO FINANCEIRO;GERENTE;GERENTE; 40:00;01/01/2023;CARGO COMISSION.S/VINCULO;4209,79;;4209,79;585,61;3624,18;
NADIELE PEREIRA PACHECO;DEPTO.ASSIST.TEC.EXT.FLORESTAL;ENG-III;; 40:00;23/11/2020;ESTATUTARIO;8423,60;;8423,60;2286,52;6137,08;
NADSON LOUREIRO MONTEIRO;CAREIRO DA VARZEA;M.FLU-III;; 40:00;23/05/2022;ESTATUTARIO;3100,22;;3100,22;34,52;3065,70;
NAFTALY DE SOUZA OLIVEIRA;LABREA;T.AG-III;; 40:00;05/05/2022;ESTATUTARIO;5155,15;;5155,15;361,54;4793,61;
NANCI BATISTA REIS;CANUTAMA;ENG-III;; 40:00;09/12/2020;ESTATUTARIO;9112,76;;9112,76;2464,80;6647,96;
NECILDO MONTEIRO DA SILVA;CARAUARI;A.TEC-III;; 40:00;17/12/2020;ESTATUTARIO;4490,13;;4490,13;791,48;3698,65;
NEDER DE SOUZA FALCAO;IRANDUBA;TECNICO EM AGROPECUARIA;; 40:00;01/03/1999;ESTATUTARIO;6438,43;;6438,43;1414,34;5024,09;
NEILA DOS SANTOS CARDOSO DUARTE;CAREIRO DA VARZEA;ASSISTENTE TECNICO;; 40:00;01/07/1986;ESTATUTARIO;5349,53;;5349,53;1016,89;4332,64;
NELCYRLANE ALCANTARA CASCAES;MANAQUIRI;TECNICO EM AGROPECUARIA;; 40:00;01/03/1999;ESTATUTARIO;5709,15;;5709,15;1213,78;4495,37;
NELIO BRANDAO FREITAS;DEPATO.DE ASSIST.TEC.EXT.RURAL;ASSESSOR III;ASSESSOR III; 40:00;01/04/2022;CARGO COMISSION.S/VINCULO;3191,80;;3191,80;327,46;2864,34;
NELIO DE OLIVEIRA SENA;RIO PRETO DA EVA;TECNICO EM AGROPECUARIA;; 40:00;01/03/1999;ESTATUTARIO;5709,15;;5709,15;1213,78;4495,37;
NESTOR RIBEIRO NETO;TEFE;T.AG-III;; 40:00;25/11/2020;ESTATUTARIO;5155,15;;5155,15;1013,26;4141,89;
NEY DE FREITAS ASSIS;BOCA DO ACRE;TECNICO EM AGROPECUARIA;GERENTE; 40:00;01/08/1974;ESTATUTARIO;6930,43;;6930,43;1524,61;5405,82;
NILL HARLEY SHERSMAN D PINTO;JUTAI;T.AG-III;; 40:00;30/05/2022;ESTATUTARIO;5155,15;;5155,15;189,12;4966,03;
NONATO RAIMUNDO GOMES DE ALMEIDA;EIRUNEPE;VIGIA;; 40:00;01/09/1981;ESTATUTARIO;3276,76;;3276,76;432,81;2843,95;
OCTACILIO JOSE PESSOA FERREIRA NETO;PARINTINS;MEDICO VETERINARIO;; 40:00;13/05/1986;ESTATUTARIO;9710,80;;9710,80;2509,63;7201,17;
OFIR DE SOUZA HAGE;DIRETORIA DE FOMENTO;TECNICO EM AGROPECUARIA;GERENTE AD/2; 40:00;10/03/1982;ESTATUTARIO;6394,99;;6394,99;1374,60;5020,39;
OMESIAS MACEDO DOS SANTOS;URUCARA;TECNICO EM AGROPECUARIA;; 40:00;02/06/1986;ESTATUTARIO;5430,78;;5430,78;1062,53;4368,25;
ORDIVAL LEITE RUBIM FILHO;DIRETORIA ADMINIST.FINANCEIRA;A.TEC-III;; 40:00;10/07/1985;ESTATUTARIO;4007,62;;4007,62;604,28;3403,34;
ORLANDO JUSTINO DA COSTA;DEPTO.ADMINISTRATIVO;A.TEC-III;; 30:00;16/03/1982;ESTATUTARIO;4010,53;;4010,53;708,43;3302,10;
ORLANDO PEREIRA ANTUNES;BOA VISTA DO RAMOS;ASSISTENTE TECNICO;; 40:00;29/03/1993;ESTATUTARIO;4665,70;;4665,70;807,37;3858,33;
ORLEIDSON MAIA SALES;DEPATO.DE ASSIST.TEC.EXT.RURAL;CHEFE DE DEPARTAMENTO;CHEFE DE DEPARTAMENT; 40:00;01/01/2023;CARGO COMISSION.S/VINCULO;5229,77;;5229,77;957,83;4271,94;
ORNALDO MIRANDA SACRAMENTO;SAO PAULO DE OLIVENCA;T.AG-III;; 40:00;23/11/2020;ESTATUTARIO;5155,15;;5155,15;1013,26;4141,89;
OSIMAR DA SILVA OLIVEIRA;AUTAZES;MED.V-III;; 40:00;01/05/1988;ESTATUTARIO;9125,84;;9125,84;2393,67;6732,17;
OSMAR DE SOUZA MENEZES;EIRUNEPE;ASSISTENTE TECNICO;; 40:00;01/07/1979;ESTATUTARIO;4857,90;;4857,90;864,21;3993,69;
OSMAZIO RABELO DE ANDRADE JUNIOR;ITAMARATI;GERENTE;GERENTE; 40:00;06/02/2023;CARGO COMISSION.S/VINCULO;4209,79;;4209,79;585,61;3624,18;
OZENILDO OLIVEIRA MINEIRO;DIRETORIA DE FOMENTO;TECNICO EM AGROPECUARIA;; 40:00;01/03/1999;ESTATUTARIO;5209,15;;5209,15;1085,52;4123,63;
PATRIK ONIAS MONTEIRO;EIRUNEPE;ENG-III;; 40:00;16/12/2020;ESTATUTARIO;8558,58;;8558,58;2256,14;6302,44;
PAULO FERREIRA GALVAO;DEPATO.DE ASSIST.TEC.EXT.RURAL;ENGENHEIRO CIVIL;; 40:00;01/05/1982;ESTATUTARIO;12494,78;;12494,78;3533,54;8961,24;
PAULO RAMOS ROLIM;DEPATO.DE ASSIST.TEC.EXT.RURAL;ENGENHEIRO DE PESCA;; 40:00;02/06/1975;ESTATUTARIO;11085,69;;11085,69;3208,80;7876,89;
PAULO RENE PIMENTEL GONZAGA;BARREIRINHA;T.AG-III;; 40:00;23/12/2020;ESTATUTARIO;5155,15;;5155,15;1013,26;4141,89;
PAULO ROBERTO DA SILVA TORRES;DEPATO.DE ASSIST.TEC.EXT.RURAL;ENG-III;; 40:00;25/11/2020;ESTATUTARIO;8423,60;;8423,60;2286,52;6137,08;
PAULO SOARES COSTA;DEPTO.DE OPERACOES TECNICAS;ENGENHEIRO AGRONOMO;; 40:00;01/08/1989;ESTATUTARIO;9902,29;;9902,29;2658,23;7244,06;
PEDRO CASTRO DA SILVA;URUCARA;AUXILIAR TECNICO;; 40:00;01/03/2001;ESTATUTARIO;5172,64;;5172,64;747,00;4425,64;
PEDRO CHAVES DA SILVA;DEPATO.DE ASSIST.TEC.EXT.RURAL;GERENTE;; 40:00;01/08/2016;CARGO COMISSION.S/VINCULO;4209,79;;4209,79;557,17;3652,62;
PEDRO HENRIQUE HONORIO TRINDADE;HUMAITA;ENGENHEIRO AGRONOMO;; 40:00;02/09/2020;ESTATUTARIO;8558,58;;8558,58;2256,14;6302,44;
PEDRO JORGE RAMOS SILVEIRA;MAUES;ENG-III;; 40:00;23/11/2020;ESTATUTARIO;8558,58;;8558,58;2256,14;6302,44;
PEDRO RODRIGUES REINALDO FILHO;JAPURA;GERENTE;NAO INFORMADO; 40:00;01/04/2019;CARGO COMISSION.S/VINCULO;4209,79;;4209,79;585,61;3624,18;
PERPETUO SOCORRO DE OLIVEIRA LOPES;PARINTINS;TECNICO EM CONTABILIDADE;; 40:00;01/03/1978;ESTATUTARIO;5489,09;;5489,09;1059,09;4430,00;
PLACIDO DA SILVA RAMOS FILHO;MANACAPURU;ENGENHEIRO AGRONOMO;; 40:00;21/07/1989;ESTATUTARIO;10443,34;;10443,34;2960,59;7482,75;
RADSON ROGERTON DOS SANTOS ALVES;DIR.DE ASSIST.TEC.E EXT.RURAL;DIRETOR DE ASSIST.TEC.E.EXT.RURAL;DIRETOR DE ASSIST.TE; 40:00;01/11/2022;CARGO COMISSION.S/VINCULO;9000,00;;9000,00;2225,83;6774,17;
RAFAEL CAMOLEZE MALTAROLO;HUMAITA;ENG-III;; 40:00;09/12/2020;ESTATUTARIO;9112,76;;9112,76;2464,80;6647,96;
RAFAEL KOIDE TAVARES;BARREIRINHA;GERENTE;NAO INFORMADO; 40:00;22/09/2021;CARGO COMISSION.S/VINCULO;4209,79;;4209,79;597,14;3612,65;
RAFAEL NUNES OLIVEIRA;ITACOATIARA;T.AG-III;; 40:00;23/11/2020;ESTATUTARIO;5155,15;;5155,15;1013,26;4141,89;
RAIMUNDA DE SOUZA FARIAS;ITACOATIARA;ENG-III;; 40:00;16/12/2020;ESTATUTARIO;9223,60;;9223,60;2506,52;6717,08;
RAIMUNDA GONCALVES DA CUNHA;CASTANHO;AGENTE ADMINISTRATIVO;; 40:00;29/03/1993;ESTATUTARIO;4584,00;;4584,00;822,78;3761,22;
RAIMUNDO DA SILVA QUEIROZ;CODAJAS;MOTORISTA;; 40:00;29/03/1993;ESTATUTARIO;3562,27;;3562,27;513,46;3048,81;
RAIMUNDO GERSON SOUZA DA COSTA;DIRETORIA DE FOMENTO;ENGENHEIRO FLORESTAL;; 40:00;10/05/1978;ESTATUTARIO;17819,36;;17819,36;5539,56;12279,80;
RAIMUNDO MENDES LEAL FILHO;MAUES;TECNICO EM AGROPECUARIA;; 40:00;01/03/1999;ESTATUTARIO;5709,15;;5709,15;1213,78;4495,37;
RAIMUNDO NONATO PEREIRA VIANA;SILVES;GERENTE;GERENTE; 40:00;18/10/2022;CARGO COMISSION.S/VINCULO;4209,79;;4209,79;528,73;3681,06;
RAIMUNDO NUNES DE OLIVEIRA;NHAMUNDA;M.FLU-III;; 40:00;16/05/2022;ESTATUTARIO;3100,22;;3100,22;34,52;3065,70;
RAIMUNDO OBERTO CASCAES;MANAQUIRI;MOTORISTA;; 40:00;01/04/1982;ESTATUTARIO;4188,16;;4188,16;631,55;3556,61;
RAIMUNDO OSCAR VIEIRA DE OLIVEIRA;PARINTINS;TECNICO EM AGROPECUARIA;; 40:00;19/11/1983;ESTATUTARIO;5482,10;;5482,10;1123,48;4358,62;
RAIMUNDO PEREIRA AMORIM;LABREA;TECNICO EM AGROPECUARIA;; 40:00;01/09/1979;ESTATUTARIO;5720,99;;5720,99;1190,34;4530,65;
RAIMUNDO RODRIGUES MOREIRA;UARINI;ASSESSOR II;ASSESSOR II; 40:00;02/10/2023;CARGO COMISSION.S/VINCULO;4209,79;;4209,79;557,17;3652,62;
RAIMUNDO ROSSY LIMA DE SOUZA;URICURITUBA;GERENTE;NAO INFORMADO; 40:00;14/09/2021;CARGO COMISSION.S/VINCULO;4209,79;;4209,79;597,14;3612,65;
RAIMUNDO VIEIRA DA SILVA;DEPARTAMENTO DE PLANEJAMENTO;PEDAGOGO;; 40:00;12/10/1976;ESTATUTARIO;8912,18;;8912,18;2297,61;6614,57;
RAIMUNDO ZOROASTRO NASCIMENTO BRAND;TABATINGA;TECNICO AGRICOLA;; 40:00;01/03/2001;ESTATUTARIO;5155,15;;5155,15;1013,26;4141,89;
RAMOM RODRIGUES ARAUJO;DEPATO.DE ASSIST.TEC.EXT.RURAL;ENG-III;; 40:00;10/12/2020;ESTATUTARIO;7758,58;;7758,58;2036,14;5722,44;
REDINE CLAUDIO XAVIER;ENVIRA;TECNICO EM AGROPECUARIA;; 40:00;16/03/1987;ESTATUTARIO;5477,61;;5477,61;829,30;4648,31;
REGIMARA ALVES BREVES;DEPTO.ADMINISTRATIVO;AGENTE ADMINISTRATIVO;; 40:00;29/03/1993;ESTATUTARIO;4168,67;;4168,67;722,53;3446,14;
RENATO ALVES DE ARAUJO;ITACOATIARA;AUX.O-III;; 40:00;25/06/1984;ESTATUTARIO;3494,63;;3494,63;481,72;3012,91;
RENATO MARQUES DO NASCIMENTO;DEPTO.DE OPERACOES TECNICAS;AUXILIAR DE SERVICOS GERAIS;; 40:00;29/03/1993;ESTATUTARIO;2696,03;;2696,03;377,44;2318,59;
RENATO PALMA DE LIMA;BORBA;ASSISTENTE TECNICO;; 40:00;03/02/1982;ESTATUTARIO;5437,48;;5437,48;1043,03;4394,45;
RICARDO DE SOUZA SOBREIRA;MANAQUIRI;GERENTE;NAO INFORMADO; 40:00;01/08/2019;CARGO COMISSION.S/VINCULO;4209,79;;4209,79;471,86;3737,93;
RICHARDSON MARTINS PRAIA BRAGA;PROCURADORIA JURIDICA;ASSESSOR II;; 40:00;01/10/2023;CARGO COMISSION.S/VINCULO;1637,14;;1637,14;;1637,14;
RICKSON DA CRUZ VALENTE;PARINTINS;TECNICO EM AGROPECUARIA;GERENTE; 40:00;29/03/1993;ESTATUTARIO;6002,44;;6002,44;1203,57;4798,87;
RITA DE CASSIA RAFAELA F SILVA;ASSESSORIA;GERENTE;GERENTE; 40:00;01/01/2023;CARGO COMISSION.S/VINCULO;4209,79;;4209,79;597,14;3612,65;
RIVETLA EDIPO ARAUJO CRUZ;APUI;T.AG-III;; 40:00;18/12/2020;ESTATUTARIO;5155,15;;5155,15;1013,26;4141,89;
ROBERIO CASTRO ALVES;ATALAIA DO NORTE;AUX.OPER.DE SAUDE-AOS-P.S.N.A.-A;GERENTE; 30:00;05/09/2023;ESTATUTARIO;4965,53;;4965,53;664,23;4301,30;
ROBERTO AIRES EDWARDS DE OLIVEIRA;CAREIRO DA VARZEA;TECNICO EM AGROPECUARIA;; 40:00;01/03/1999;ESTATUTARIO;5709,15;;5709,15;1213,78;4495,37;
ROBERTO VANDERLEI DE ARRUDA;APUI;AGENTE ADMINISTRATIVO;; 40:00;01/09/1987;ESTATUTARIO;5494,87;;5494,87;1057,86;4437,01;
RODERICO DE LIMA LIMEIRA;MANICORE;MOTORISTA;; 40:00;01/12/1984;ESTATUTARIO;3735,55;;3735,55;563,71;3171,84;
RODRIGO ROCHA VIANA;DEPTO.ADMINISTRATIVO;GERENTE;GERENTE; 40:00;01/05/2022;CARGO COMISSION.S/VINCULO;4209,79;;4209,79;585,61;3624,18;
ROGER VIEIRA MACIEL;BOCA DO ACRE;MED.V-III;; 40:00;09/12/2020;ESTATUTARIO;8558,58;;8558,58;2256,14;6302,44;
ROGERIO RIBEIRO DE AMORIM;DEPTO.ADMINISTRATIVO;MOT-III;; 40:00;26/11/2020;ESTATUTARIO;2600,22;;2600,22;364,03;2236,19;
ROMULO JUNIOR ALVES DA SILVA;CASTANHO;GERENTE;GERENTE; 40:00;06/10/2023;CARGO COMISSION.S/VINCULO;4209,79;;4209,79;597,14;3612,65;
RONALD DA SILVA FARIAS;NHAMUNDA;T.AG-III;; 40:00;01/12/2020;ESTATUTARIO;5155,15;;5155,15;1013,26;4141,89;
RONEY DE CARVALHO MACEDO SILVA;SAO GABRIEL DA CACHOEIRA;ENG-III;; 40:00;14/12/2020;ESTATUTARIO;9112,76;;9112,76;2464,80;6647,96;
RONIERY CARLOS GONCALVES GALINDO;DEPATO.DE ASSIST.TEC.EXT.RURAL;MED.V-III;; 40:00;15/12/2020;ESTATUTARIO;8534,44;;8534,44;2328,26;6206,18;
RONNIE PETERSON OLIVEIRA REBELO;DIRETORIA DE FOMENTO;MOT-III;; 40:00;05/05/2022;ESTATUTARIO;2600,22;;2600,22;;2600,22;
RONYLSON BRITO SILVA;BALBINA;ASSESSOR III;ASSESSOR III; 40:00;01/01/2023;CARGO COMISSION.S/VINCULO;3191,80;;3191,80;327,46;2864,34;
ROSALBINA MOURA CAVALCANTE;DIRETORIA ADMINIST.FINANCEIRA;AUX.S.G-III;; 40:00;01/02/1984;ESTATUTARIO;2626,45;;2626,45;367,70;2258,75;
ROSEMIRO PICANCO ROCHA FILHO;PARINTINS;TECNICO EM CONTABILIDADE;TEC.DE CONTABILIDADE; 40:00;01/12/1981;ESTATUTARIO;5486,93;;5486,93;1056,84;4430,09;
ROSIELE DOS SANTOS VASCONCELOS;TEFE;EX.SOC-III;; 40:00;27/05/2022;ESTATUTARIO;5155,15;;5155,15;361,54;4793,61;
ROSSICLEIDE DA ROCHA BATISTA;NOVO AIRAO;T.AG-III;; 40:00;01/12/2020;ESTATUTARIO;5155,15;;5155,15;1013,26;4141,89;
RUCIAN SANTOS DE ANDRADE;TAPAUA;T.AG-III;; 40:00;02/12/2020;ESTATUTARIO;5155,15;;5155,15;1013,26;4141,89;
SABRINA SIANI VIANA ARAUJO;PRESIDENTE FIGUEIREDO;ENG-III;; 40:00;11/12/2020;ESTATUTARIO;8558,58;;8558,58;2256,14;6302,44;
SAMUEL DO VALE SANTA BRIGIDA;BARCELOS;T.AG-III;; 40:00;24/06/2022;ESTATUTARIO;5155,15;;5155,15;361,54;4793,61;
SAMUEL DOS SANTOS SILVA;TONANTINS;T.AG-III;; 40:00;03/12/2020;ESTATUTARIO;5155,15;;5155,15;1013,26;4141,89;
SANDERSON DA SILVA SANTANA;DEPTO.DE OPERACOES TECNICAS;GERENTE;GERENTE; 40:00;01/01/2023;CARGO COMISSION.S/VINCULO;4209,79;;4209,79;597,14;3612,65;
SANDRA REGINA MAQUINE BARBOSA;DIRETORIA ADMINIST.FINANCEIRA;TEC. DE NIVEL SUPERIOR 1A CLASSE;F. GRATIFICADA, FG-1; 30:00;01/02/1993;ESTATUTARIO;8746,45;;8746,45;2260,94;6485,51;
SAVIO ARAUJO BOTO;DEPATO.DE ASSIST.TEC.EXT.RURAL;TNS-III;; 40:00;23/11/2020;ESTATUTARIO;6650,20;;6650,20;1618,84;5031,36;
SCHIRLEY ELVIRA PINTO ATAIDE;ITACOATIARA;TECNICO EM AGROPECUARIA;; 40:00;01/03/1999;ESTATUTARIO;5709,15;;5709,15;1213,78;4495,37;
SEBASTIAO DA SILVA GOMES;DEPTO.DE OPERACOES TECNICAS;AUXILIAR DE SERVICOS GERAIS;; 40:00;29/03/1993;ESTATUTARIO;2696,03;;2696,03;377,44;2318,59;
SEBASTIAO DIAS DE MENDONCA;DEPATO.DE ASSIST.TEC.EXT.RURAL;ENGENHEIRO AGRONOMO;GERENTE AD/2; 40:00;01/03/1975;ESTATUTARIO;10687,23;;10687,23;2949,43;7737,80;
SEBASTIAO JOSE PINHEIRO DA PAIXAO;IRANDUBA;CAD-III;; 40:00;19/09/1977;ESTATUTARIO;5088,63;;5088,63;929,94;4158,69;
SERGIO AUGUSTO FROES CAVALCANTE;ITAPIRANGA;TECNICO EM AGROPECUARIA;; 30:00;01/03/1999;ESTATUTARIO;5709,15;;5709,15;1037,60;4671,55;
SERGIO ROCHA MUNIZ;DIR.DE ASSIST.TEC.E EXT.RURAL;MEDICO VETERINARIO;; 40:00;01/08/1989;ESTATUTARIO;8292,38;;8292,38;2167,14;6125,24;
SILDOVERIO ALMEIDA TUNDIS;DEPATO.DE ASSIST.TEC.EXT.RURAL;ENG-III;; 40:00;01/06/1978;ESTATUTARIO;11343,07;;11343,07;3244,32;8098,75;
SILDOVERIO OLIVEIRA DE MENDONCA;BOA VISTA DO RAMOS;T.AG-III;; 40:00;01/08/2022;ESTATUTARIO;5155,15;;5155,15;361,54;4793,61;
SILVIA CHRISTINA DOMINGUES DE ABREU;DEPATO.DE ASSIST.TEC.EXT.RURAL;ENGENHEIRO AGRONOMO;; 40:00;01/03/1999;ESTATUTARIO;9437,60;;9437,60;2564,02;6873,58;
SILVYA KATRINNE SANTANA DE MORAES;DEPTO.ASSIST.TEC.EXT.FLORESTAL;GERENTE;GERENTE; 40:00;13/07/2023;CARGO COMISSION.S/VINCULO;4209,79;;4209,79;585,61;3624,18;
SIMONE ANDRADE DE SOUZA;PAUINI;A.SOC-III;; 30:00;04/12/2020;ESTATUTARIO;7450,20;;7450,20;1838,84;5611,36;
SUZAMAR DA SILVA SANTOS;DEPATO.DE ASSIST.TEC.EXT.RURAL;AUXILIAR TECNICO;; 30:00;03/02/1986;ESTATUTARIO;4671,35;;4671,35;906,17;3765,18;
TADEU VELOSO PACHECO;NOVO AIRAO;TECNICO EM AGROPECUARIA;; 40:00;01/03/1999;ESTATUTARIO;5709,15;;5709,15;1112,71;4596,44;
TAIRIS HENRIQUE DE SOUZA;EIRUNEPE;T.AG-III;; 40:00;16/05/2022;ESTATUTARIO;5155,15;;5155,15;361,54;4793,61;
TALYSON MARTINS DE ANDRADE;EIRUNEPE;T.AG-III;; 40:00;30/11/2020;ESTATUTARIO;5155,15;;5155,15;1013,26;4141,89;
THIAGO ABRAAO REIS DE FRANCA;MATUPI;ENG-III;; 40:00;23/11/2020;ESTATUTARIO;8558,58;;8558,58;2256,14;6302,44;
THIERRY DOS SANTOS RIBEIRO;URICURITUBA;T.AG-III;; 40:00;18/05/2022;ESTATUTARIO;5155,15;;5155,15;361,54;4793,61;
TICIANA ARAUJO VILLELA;AUTAZES;ENG-III;; 40:00;03/12/2020;ESTATUTARIO;9112,76;;9112,76;1024,15;8088,61;
VAGNER LUIZ RIBEIRO;DEPTO.ASSIST.TEC.EXT.FLORESTAL;ENG-III;; 40:00;14/12/2020;ESTATUTARIO;8312,76;;8312,76;2244,80;6067,96;
VALDEMIR BAIA SOARES;DEPTO.DE OPERACOES TECNICAS;A.TEC-III;; 40:00;12/09/1973;ESTATUTARIO;4645,39;;4645,39;835,61;3809,78;
VALDENIZA PRAIANO DE SOUZA;DEPARTAMENTO FINANCEIRO;TECNICO EM CONTABILIDADE;; 40:00;01/09/1983;ESTATUTARIO;4630,93;;4630,93;862,41;3768,52;
VALDENOR PEREIRA DE AZEVEDO;BORBA;AUXILIAR DE SERVICOS GERAIS;; 40:00;29/03/1993;ESTATUTARIO;3198,37;;3198,37;419,65;2778,72;
VALDERLINE DE SOUZA TOME;CODAJAS;GERENTE;NAO INFORMADO; 40:00;07/02/2019;CARGO COMISSION.S/VINCULO;4209,79;;4209,79;597,14;3612,65;
VALDIMAR NASCIMENTO AIAMBO;SAO PAULO DE OLIVENCA;GERENTE;; 40:00;01/04/2019;DISP. OUTROS ESFERAS;4209,79;;4209,79;181,87;4027,92;
VALDIR SOUZA E SILVA JUNIOR;DEPTO.ADMINISTRATIVO;MOT-III;; 40:00;26/11/2020;ESTATUTARIO;2600,22;;2600,22;364,03;2236,19;
VALDO DE OLIVEIRA E SILVA;NOVA OLINDA DO NORTE;GERENTE;; 40:00;11/06/2018;CARGO COMISSION.S/VINCULO;4209,79;;4209,79;585,61;3624,18;
VALERIA BARBOSA RODRIGUES;MANACAPURU;T.AG-III;; 40:00;09/12/2020;ESTATUTARIO;5155,15;;5155,15;1013,26;4141,89;
VALERIA NOGUEIRA DE JESUS;DIR.DE ASSIST.TEC.E EXT.RURAL;A.TEC-III;; 40:00;02/05/1985;ESTATUTARIO;4564,25;;4564,25;809,63;3754,62;
VANDENILSA SILVA DOS SANTOS;DEPTO.ADMINISTRATIVO;ASSESSOR II;ASSESSOR II; 40:00;01/12/2023;CARGO COMISSION.S/VINCULO;4209,79;;4209,79;585,61;3624,18;
VANDERLEI ALVINO;PRESIDENCIA;DIRETOR PRESIDENTE;DIRETOR PRESIDENTE; 40:00;16/08/2023;CARGO COMISSION.S/VINCULO;11700,00;;11700,00;2968,33;8731,67;
VANIA RIBEIRO CHERRI;CANUTAMA;ENG-III;; 40:00;14/12/2020;ESTATUTARIO;9112,76;;9112,76;2464,80;6647,96;
VASCO BENTO DOS SANTOS RIBEIRO;GABINETE;TECNICO EM AGROPECUARIA;; 40:00;01/07/1976;ESTATUTARIO;4687,52;;4687,52;911,56;3775,96;
VICENTE MARQUES DA SILVA FILHO;DEPTO.DE OPERACOES TECNICAS;TECNICO EM AGROPECUARIA;; 40:00;01/01/1980;ESTATUTARIO;5700,07;;5700,07;1183,81;4516,26;
VITORIA PEREIRA DA SILVA;PARINTINS;T.AG-III;; 40:00;16/05/2022;ESTATUTARIO;5155,15;;5155,15;361,54;4793,61;
WALDOMIRO BORGES DE ARAUJO;NOVO AIRAO;ASSISTENTE TECNICO;; 40:00;15/12/1981;ESTATUTARIO;4887,02;;4887,02;914,69;3972,33;
WALTER RIBEIRO DE CARVALHO;DEPTO.DE OPERACOES TECNICAS;ENGENHEIRO AGRONOMO;; 40:00;01/03/1975;ESTATUTARIO;14474,47;;14474,47;4485,69;9988,78;
WANDA LEMOS PAIXAO NOGUEIRA;DEPATO.DE ASSIST.TEC.EXT.RURAL;ENG-III;; 30:00;23/11/2020;ESTATUTARIO;8423,60;;8423,60;2286,52;6137,08;
WANDERLEY HOLLANDA CAVALCANTE;PARINTINS;SOCIOLOGO;; 40:00;01/09/1980;ESTATUTARIO;8602,23;;8602,23;2243,05;6359,18;
WASHINGTON LUIS AGUIAR;DEPATO.DE ASSIST.TEC.EXT.RURAL;ENGENHEIRO AGRONOMO;GERENTE AD/2; 40:00;01/04/1980;ESTATUTARIO;10718,02;;10718,02;2955,40;7762,62;
WENDELL JOSE DOS SANTOS CARVALHO;NHAMUNDA;GERENTE;NAO INFORMADO; 40:00;12/04/2021;CARGO COMISSION.S/VINCULO;4209,79;;4209,79;597,14;3612,65;
WYNN DI PONZIO;RIO PRETO DA EVA;TNS-III;; 40:00;12/07/2023;ESTATUTARIO;7450,20;;7450,20;907,81;6542,39;
YURIKA OKA;DEPATO.DE ASSIST.TEC.EXT.RURAL;A.TEC-III;; 40:00;30/11/2020;ESTATUTARIO;3990,13;;3990,13;702,95;3287,18;
ZACARIAS DA SILVA GONDIM;IRANDUBA;TECNICO EM AGROPECUARIA;; 30:00;18/03/1985;ESTATUTARIO;5431,31;;5431,31;1108,46;4322,85;
