NOME;LOTACAO;CARGO;FUNCAO;VINCULO;REMUNERACAO LEGAL TOTAL(R$);DESC.TETO(R$); REMUNERACAO LEGAL DEVIDA(R$);DESCONTOS LEGAIS(R$);LIQUIDO DISPONIVEL(R$);
ADAISA DE ALENCAR MELO;COORD. ADMINISTRAT. FINANCEIRA;BIBLI-III;BIBLIOTECARIO; ESTATUTARIO;5252,89;;5252,89;1100,11;4152,78;
ADONIAS DE OLIVEIRA PRAIA JUNIOR;COORD. ADMINISTRAT. FINANCEIRA;GERENTE;NAO INFORMADO; CARGO COMISSION.S/VINCULO;1911,79;;1911,79;152,26;1759,53;
ADRIANA BATISTA BATALHA;COORD. ADMINISTRAT. FINANCEIRA;ASSESSOR III;ASSESSOR III AD-3; CARGO COMISSION.S/VINCULO;3191,80;;3191,80;327,46;2864,34;
ADRIANA LINS BARROS;COORD. ADMINISTRAT. FINANCEIRA;AUX.O-III;AUX OP CAMAR TEATRO; ESTATUTARIO;2931,85;;2931,85;329,73;2602,12;
ALAN DA SILVA GOMES;COORD. ADMINISTRAT. FINANCEIRA;AUX.O-III;; ESTATUTARIO;2198,89;;2198,89;307,84;1891,05;
ALBERTO MOURA;COORD. ADMINISTRAT. FINANCEIRA;AUX.S.G-II;; ESTATUTARIO;2520,15;;2520,15;333,35;2186,80;
ALCI RIBEIRO DE ALENCAR;COORD. ADMINISTRAT. FINANCEIRA;OPERADOR DE ILUMINACAO;; ESTATUTARIO;3512,15;;3512,15;568,92;2943,23;
ALCIONE LIMA DE ALMEIDA CRUZ BARBOS;COORD. ADMINISTRAT. FINANCEIRA;SUBGERENTE;SUBGERENTE AD-3; CARGO COMISSION.S/VINCULO;2195,80;;2195,80;177,82;2017,98;
ALDERLANI DE OLIVEIRA LEITE;COORD. ADMINISTRAT. FINANCEIRA;GERENTE;GERENTE AD-2; CARGO COMISSION.S/VINCULO;2609,79;;2609,79;216,23;2393,56;
ALESSANDRA COSTA CESAR DE SOUZA;COORD. ADMINISTRAT. FINANCEIRA;ASSESSOR II;NAO INFORMADO; CARGO COMISSION.S/VINCULO;3209,79;;3209,79;330,96;2878,83;
ALESSANDRA D AVILA ALMEIDA SILVA;COORD. ADMINISTRAT. FINANCEIRA;GERENTE;GERENTE AD-2; CARGO COMISSION.S/VINCULO;4209,79;;4209,79;585,61;3624,18;
ALESSANDRA MARIA DA SILVA GOMES;COORD. ADMINISTRAT. FINANCEIRA;GERENTE;GERENTE AD-2; CARGO COMISSION.S/VINCULO;2609,79;;2609,79;216,23;2393,56;
ALEX CLEI DA SILVA BAIA;COORD. ADMINISTRAT. FINANCEIRA;AUX.O-III;AUX. OPER. CENOTECN; ESTATUTARIO;3815,75;;3815,75;406,75;3409,00;
ALFRELENE PAES BARRETO PINTO;COORD. ADMINISTRAT. FINANCEIRA;ASSISTENTE TECNICO II;; ESTATUTARIO;4400,19;;4400,19;723,40;3676,79;
ALINE DE SOUZA SANTANA;COORD. ADMINISTRAT. FINANCEIRA;CHEFE DE DEPARTAMENTO;CHEFE DE DEPARTAMENT; CARGO COMISSION.S/VINCULO;5229,77;;5229,77;957,83;4271,94;
ALINE ROSANA ALEXANDRINA DA SILVA;COORD. ADMINISTRAT. FINANCEIRA;A.TEC-III;; ESTATUTARIO;3375,48;;3375,48;529,29;2846,19;
ALINE SOUZA DE OLIVEIRA;COORD. ADMINISTRAT. FINANCEIRA;AUX.O-III;AUX OP COSTUREIRA; ESTATUTARIO;2931,85;;2931,85;329,73;2602,12;
ALIZIANE CUNEGONDES FONTES;COORD. ADMINISTRAT. FINANCEIRA;AUX.ADM-III;; ESTATUTARIO;2321,04;;2321,04;324,95;1996,09;
ALLANA LARISSA DE OLIVEIRA LIMA;COORD. ADMINISTRAT. FINANCEIRA;GERENTE;GERENTE AD-2; CARGO COMISSION.S/VINCULO;2609,79;;2609,79;216,23;2393,56;
AMANDA BRASIL BARBOSA;COORD. ADMINISTRAT. FINANCEIRA;GERENTE;GERENTE; CARGO COMISSION.S/VINCULO;4209,79;;4209,79;597,14;3612,65;
AMANDA SANTOS LAMEIRAS AMORIM;COORD. ADMINISTRAT. FINANCEIRA;GERENTE;GERENTE AD-2; CARGO COMISSION.S/VINCULO;2609,79;;2609,79;216,23;2393,56;
ANA CHRISTINA DE FREITAS SANTOS;COORD. ADMINISTRAT. FINANCEIRA;A.TEC-I;ASSESSOR I; ESTATUTARIO;6429,57;;6429,57;1271,70;5157,87;
ANA CRISTINA LIRA MANSOUR;COORD. ADMINISTRAT. FINANCEIRA;GERENTE;GERENTE AD-2; CARGO COMISSION.S/VINCULO;2213,79;;2213,79;179,44;2034,35;
ANA ESTELA DOS SANTOS FERREIRA;COORD. ADMINISTRAT. FINANCEIRA;AUX.ADM-III;AUX ADM; ESTATUTARIO;2321,04;;2321,04;324,95;1996,09;
ANA ILKA IZEL ASSUMPCAO;COORD. ADMINISTRAT. FINANCEIRA;ASSESSOR II;; CARGO COMISSION.S/VINCULO;4209,79;;4209,79;597,14;3612,65;
ANA KAROLINE DA SILVA CORDEIRO;COORD. ADMINISTRAT. FINANCEIRA;AUX.ADM-III;AUX. ADMINISTRATIVO; ESTATUTARIO;2321,04;;2321,04;324,95;1996,09;
ANA KATIA DA SILVA;COORD. ADMINISTRAT. FINANCEIRA;A.TEC-III;CHEFE DE DEPARTAMENT; ESTATUTARIO;5771,54;;5771,54;734,99;5036,55;
ANA LIDIA ROLIM DE LIMA;COORD. ADMINISTRAT. FINANCEIRA;AUX.ADM-III;; ESTATUTARIO;3094,72;;3094,72;359,05;2735,67;
ANA LUZIA AMARO DOS SANTOS;COORD. ADMINISTRAT. FINANCEIRA;SUBGERENTE;SUBGERENTE; CARGO COMISSION.S/VINCULO;3191,80;;3191,80;327,46;2864,34;
ANA ORDOENHA BENCHIMOL;COORD. ADMINISTRAT. FINANCEIRA;GERENTE;NAO INFORMADO; CARGO COMISSION.S/VINCULO;4279,72;;4279,72;617,47;3662,25;
ANABETE RODRIGUES DE LIMA;COORD. ADMINISTRAT. FINANCEIRA;A.TEC-I;; ESTATUTARIO;3888,74;;3888,74;675,67;3213,07;
ANDREA RODRIGUES DE MOURA;COORD. ADMINISTRAT. FINANCEIRA;ASSESSOR III;NAO INFORMADO; CARGO COMISSION.S/VINCULO;2195,80;;2195,80;177,82;2017,98;
ANDRESSA DE OLIVEIRA HOLSBACH;COORD. ADMINISTRAT. FINANCEIRA;CHEFE DE DEPARTAMENTO;CH.DE DPTO. AD-1; CARGO COMISSION.S/VINCULO;5229,77;;5229,77;957,83;4271,94;
ANIBAL AUGUSTO TURENKO BECA;COORD. ADMINISTRAT. FINANCEIRA;ASSESSOR I;NAO INFORMADO; CARGO COMISSION.S/VINCULO;5229,77;;5229,77;957,83;4271,94;
ANNE RUTH BRANDAO DA SILVA;COORD. ADMINISTRAT. FINANCEIRA;GERENTE;GERENTE AD-2; CARGO COMISSION.S/VINCULO;4209,79;;4209,79;585,61;3624,18;
ANTONIA ALVES MOURAO;COORD. ADMINISTRAT. FINANCEIRA;AUX.DE APOIO ADMINISTRATIVO I;; ESTATUTARIO;2557,46;;2557,46;335,28;2222,18;
ANTONIO FONSECA BENEVENUTO;COORD. ADMINISTRAT. FINANCEIRA;AUX.BIBLI-III;AUX. BIBLIOTECA; ESTATUTARIO;2320,84;;2320,84;324,92;1995,92;
ANTONIO FRANCISCO AUSIER RAMOS;COORD. ADMINISTRAT. FINANCEIRA;CHEFE DE DEPARTAMENTO;NAO INFORMADO; CARGO COMISSION.S/VINCULO;5229,77;;5229,77;957,83;4271,94;
ANTONIO KAYTON DA SILVA ROSARIO;COORD. ADMINISTRAT. FINANCEIRA;AUX.O-III;AUX. OPER. CENOTECN; ESTATUTARIO;2861,81;;2861,81;307,84;2553,97;
ARIADNE DA ROCHA DE S PAULO AGUIAR;COORD. ADMINISTRAT. FINANCEIRA;ASSESSOR II;NAO INFORMADO; CARGO COMISSION.S/VINCULO;3209,79;;3209,79;330,96;2878,83;
ARNALDO BARRETO ALVES;COORD. ADMINISTRAT. FINANCEIRA;ASSESSOR III;ASSESSOR III; CARGO COMISSION.S/VINCULO;1893,80;;1893,80;150,64;1743,16;
ARTHUR JORGE FREIRE VILAS BOAS;COORD. ADMINISTRAT. FINANCEIRA;AUX.O-III;; ESTATUTARIO;2198,89;;2198,89;307,84;1891,05;
AUGUSTO HARLLEY GOMES DOS SANTOS;COORD. ADMINISTRAT. FINANCEIRA;AUX.O-III;AUX. OP. MONT. EVENT; ESTATUTARIO;2198,89;;2198,89;307,84;1891,05;
BARBARA CATERINE DE OLIVEIRA;COORD. ADMINISTRAT. FINANCEIRA;ENG-III;ENGENHEIRO; ESTATUTARIO;5837,02;;5837,02;1312,68;4524,34;
BARBARA IASMINI DE SOUZA MENDES;COORD. ADMINISTRAT. FINANCEIRA;ASSESSOR III;ASSESSOR III; CARGO COMISSION.S/VINCULO;2195,80;;2195,80;177,82;2017,98;
BEATRIZ BRILHANTE MARQUES;COORD. ADMINISTRAT. FINANCEIRA;GERENTE;GERENTE; CARGO COMISSION.S/VINCULO;4279,72;;4279,72;617,47;3662,25;
BEATRIZ DO CARMO ALVES;COORD. ADMINISTRAT. FINANCEIRA;BIBLI-III;BIBLIOTECARIO; ESTATUTARIO;5574,37;;5574,37;1213,79;4360,58;
BRUNO ROGERIO DE VASCONCELOS BASTOS;COORD. ADMINISTRAT. FINANCEIRA;A.OPE-III;ASS. OP. MAQUINISTA; ESTATUTARIO;3375,48;;3375,48;472,57;2902,91;
CABRAL NEVES DE MELO;COORD. ADMINISTRAT. FINANCEIRA;ASSISTENTE TECNICO 3A CLASSE;; ESTATUTARIO;3503,41;;3503,41;543,83;2959,58;
CAIO ANDRE NASCIMENTO ARAUJO;COORD. ADMINISTRAT. FINANCEIRA;SUBGERENTE;SUBGERENTE AD-3; CARGO COMISSION.S/VINCULO;3191,80;;3191,80;302,94;2888,86;
CAIO MIRANDA RODRIGUES;COORD. ADMINISTRAT. FINANCEIRA;A.TEC-III;; ESTATUTARIO;4500,64;;4500,64;714,68;3785,96;
CAIO TASSO GAMA SAMPAIO CALLADO;COORD. ADMINISTRAT. FINANCEIRA;GERENTE;GERENTE; CARGO COMISSION.S/VINCULO;3209,79;;3209,79;330,96;2878,83;
CANDIDO JEREMIAS CUMARU NETO;COORD. ADMINISTRAT. FINANCEIRA;SECRETARIO EXECUTIVO;NAO INFORMADO; CARGO COMISSION.S/VINCULO;11700,00;;11700,00;2968,33;8731,67;
CARLOS ALBERTO SANTOS NUNES;COORD. ADMINISTRAT. FINANCEIRA;AUX.O-III;AUX.OP.MONT.EVENTOS; ESTATUTARIO;3583,08;;3583,08;395,70;3187,38;
CARLOS ALEXANDRE LEAO AUZIER;COORD. ADMINISTRAT. FINANCEIRA;AUX.O-III;AUX.OP MONT.EVENTOS; ESTATUTARIO;2861,81;;2861,81;324,48;2537,33;
CARLOS AUGUSTO MAIA DA SILVA;COORD. ADMINISTRAT. FINANCEIRA;AUX.TECNICO ADMINISTRATIVO I;; ESTATUTARIO;3659,87;;3659,87;593,39;3066,48;
CARLOS JONATHAN BRITO DA COSTA;COORD. ADMINISTRAT. FINANCEIRA;SUBGERENTE;SUBGERENTE; CARGO COMISSION.S/VINCULO;2195,80;;2195,80;177,82;2017,98;
CARLOS JORGE PISSANGO DOS SANTOS;COORD. ADMINISTRAT. FINANCEIRA;AUX.O-III;AUX. OPER. ARTIFICE; ESTATUTARIO;2198,89;;2198,89;307,84;1891,05;
CASSIA CRISTINA UCHOA MARQUES;COORD. ADMINISTRAT. FINANCEIRA;GERENTE;GERENTE AD-2; CARGO COMISSION.S/VINCULO;3209,79;;3209,79;330,96;2878,83;
CELIO SOUZA DE CARVALHO JUNIOR;COORD. ADMINISTRAT. FINANCEIRA;TNS-III;T.N.S TURISMO; ESTATUTARIO;5574,37;;5574,37;1213,79;4360,58;
CHRYSTIANNE DA SILVA OLIVEIRA;COORD. ADMINISTRAT. FINANCEIRA;GERENTE;; CARGO COMISSION.S/VINCULO;2609,79;;2609,79;216,23;2393,56;
CINTHIA SANTIAGO PACHECO;COORD. ADMINISTRAT. FINANCEIRA;ASSISTENTE TECNICO I;; ESTATUTARIO;3790,39;;3790,39;624,99;3165,40;
CINTHYA OLIVEIRA DE SOUZA;COORD. ADMINISTRAT. FINANCEIRA;GERENTE;GERENTE; CARGO COMISSION.S/VINCULO;2213,79;;2213,79;179,44;2034,35;
CLAUDER DOS SANTOS BRITO;COORD. ADMINISTRAT. FINANCEIRA;ASSESSOR II;; CARGO COMISSION.S/VINCULO;5795,44;;5795,44;1729,53;4065,91;
CLEBER BATISTA DE SOUZA;COORD. ADMINISTRAT. FINANCEIRA;ASSISTENTE TECNICO II;; ESTATUTARIO;4104,66;;4104,66;679,63;3425,03;
CRISTIANA PAULA MELO ZANY BRANDAO;COORD. ADMINISTRAT. FINANCEIRA;TNS-I;CH. DE DPTO  AD 1; ESTATUTARIO;7232,31;;7232,31;1747,86;5484,45;
CRISTINA HELENA MAIA DE OLIVEIRA;CONSELHO ESTADUAL DE CULTURA;MEMBRO DE CONSELHO;; CONSELHO;450,00;;450,00;;450,00;
CRISTOVAO COUTINHO BATISTA;COORD. ADMINISTRAT. FINANCEIRA;ASSESSOR II;; CARGO COMISSION.S/VINCULO;4209,79;;4209,79;597,14;3612,65;
DANIEL SALES COSTA;COORD. ADMINISTRAT. FINANCEIRA;A.OPE-III;ASS. OP. MAQUINISTA; ESTATUTARIO;3375,48;;3375,48;517,67;2857,81;
DANILO DE ASSIS RIBEIRO;COORD. ADMINISTRAT. FINANCEIRA;AUX.BIBLI-III;AUX. BIBLIOTECA; ESTATUTARIO;3094,45;;3094,45;359,00;2735,45;
DANYELLE SOUSA ARAUJO;COORD. ADMINISTRAT. FINANCEIRA;ASSESSOR III;ASSESSOR III; CARGO COMISSION.S/VINCULO;2927,73;;2927,73;275,96;2651,77;
DAVID CARVALHO DE LIMA;COORD. ADMINISTRAT. FINANCEIRA;BIBLI-III;BIBLIOTECARIO; ESTATUTARIO;5252,89;;5252,89;1100,11;4152,78;
DAVISON MAIA BRAGA;COORD. ADMINISTRAT. FINANCEIRA;AUX.ADM-III;AUX ADM; ESTATUTARIO;2321,04;;2321,04;324,95;1996,09;
DAYANNA ARAUJO PEREIRA;COORD. ADMINISTRAT. FINANCEIRA;GERENTE;NAO INFORMADO; CARGO COMISSION.S/VINCULO;2951,72;;2951,72;280,64;2671,08;
DAYSE DA SILVA PRESTES;COORD. ADMINISTRAT. FINANCEIRA;GERENTE;GERENTE AD 2; CARGO COMISSION.S/VINCULO;2213,79;;2213,79;179,44;2034,35;
DEAN MORAES VIEIRA;COORD. ADMINISTRAT. FINANCEIRA;GERENTE;GERENTE; CARGO COMISSION.S/VINCULO;1911,79;;1911,79;152,26;1759,53;
DEBORA DA SILVA MARQUES;COORD. ADMINISTRAT. FINANCEIRA;GERENTE;GERENTE AD-2; CARGO COMISSION.S/VINCULO;4209,79;;4209,79;597,14;3612,65;
DELMA DE JESUS AZEVEDO;COORD. ADMINISTRAT. FINANCEIRA;ASSESSOR III;ASSESSOR III; CARGO COMISSION.S/VINCULO;1320,00;;1320,00;99,00;1221,00;
DENIO ALEX SILVA DA MOTA;COORD. ADMINISTRAT. FINANCEIRA;GERENTE;GERENTE AD-2; CARGO COMISSION.S/VINCULO;2609,79;;2609,79;216,23;2393,56;
DENIS CARVALHO DA SILVA;COORD. ADMINISTRAT. FINANCEIRA;GERENTE;GERENTE; CARGO COMISSION.S/VINCULO;4209,79;;4209,79;597,14;3612,65;
DERIK DA CONCEICAO VILA;COORD. ADMINISTRAT. FINANCEIRA;SUBGERENTE;SUBGERENTE; CARGO COMISSION.S/VINCULO;2591,80;;2591,80;214,07;2377,73;
DIANGELYS DOS SANTOS CONCEICAO;COORD. ADMINISTRAT. FINANCEIRA;AUX.ADM-III;AUX ADM; ESTATUTARIO;2321,04;;2321,04;324,95;1996,09;
DIEGO DE SOUZA PEREIRA;COORD. ADMINISTRAT. FINANCEIRA;ASSESSOR III;ASSESSOR III; CARGO COMISSION.S/VINCULO;1893,80;;1893,80;150,64;1743,16;
DIOGO PEREIRA NEVES;COORD. ADMINISTRAT. FINANCEIRA;AUX.O-III;AUX.OP.MONTA.EVENTOS; ESTATUTARIO;2198,89;;2198,89;307,84;1891,05;
DIONE MACIEL DA SILVA;COORD. ADMINISTRAT. FINANCEIRA;AUX.O-III;AUX OP CAMAM TEATRO; ESTATUTARIO;2198,89;;2198,89;307,84;1891,05;
DOUGLAS SOARES DA SILVA;COORD. ADMINISTRAT. FINANCEIRA;AUX.O-III;AUX.OP.MONT.EVENTOS; ESTATUTARIO;2198,89;;2198,89;307,84;1891,05;
EDMAR PEREIRA RIBEIRO;COORD. ADMINISTRAT. FINANCEIRA;VIGIA-II;; ESTATUTARIO;2381,08;;2381,08;333,35;2047,73;
EDMYLSON ROSAS JUNIOR;COORD. ADMINISTRAT. FINANCEIRA;ASSISTENTE TECNICO I;; ESTATUTARIO;3764,47;;3764,47;626,59;3137,88;
EDNA GOMES REZENDE;COORD. ADMINISTRAT. FINANCEIRA;GERENTE;GERENTE AD-2; CARGO COMISSION.S/VINCULO;3209,79;;3209,79;330,96;2878,83;
EDNEA ROCHA DA SILVA;COORD. ADMINISTRAT. FINANCEIRA;AUX.O-III;; ESTATUTARIO;2198,89;;2198,89;307,84;1891,05;
EDSON DE SOUZA MELO;COORD. ADMINISTRAT. FINANCEIRA;AUX.O-III;AUX. OPER. CENOTECN; ESTATUTARIO;2198,89;;2198,89;307,84;1891,05;
EILEN MARIA DE SOUZA QUEIROZ;COORD. ADMINISTRAT. FINANCEIRA;GERENTE;GERENTE AD-2; CARGO COMISSION.S/VINCULO;1911,79;;1911,79;152,26;1759,53;
ELENICE CORREA BASTOS;COORD. ADMINISTRAT. FINANCEIRA;ENG-III;ENGENHEIRO; ESTATUTARIO;5837,02;;5837,02;1312,68;4524,34;
ELIANE DE VASCONCELOS GOMES BATISTA;COORD. ADMINISTRAT. FINANCEIRA;AUX.O-III;AUX OP COSTUREIRA; ESTATUTARIO;2198,89;;2198,89;307,84;1891,05;
ELIEZER BACELAR DA SILVA;COORD. ADMINISTRAT. FINANCEIRA;AFINADOR DE INSTRUMENTOS;; ESTATUTARIO;3587,64;;3587,64;562,53;3025,11;
ELISEA MARIA DOS SANTOS BATALHA;COORD. ADMINISTRAT. FINANCEIRA;ASSESSOR II;NAO INFORMADO; CARGO COMISSION.S/VINCULO;4209,79;;4209,79;585,61;3624,18;
ELISIA CRISTINA DE VASCONCELOS;COORD. ADMINISTRAT. FINANCEIRA;GERENTE;GERENTE; CARGO COMISSION.S/VINCULO;4209,79;;4209,79;597,14;3612,65;
ELIZABETH MARIA MACEDO DE LIMA;COORD. ADMINISTRAT. FINANCEIRA;GERENTE;GERENTE AD-2; CARGO COMISSION.S/VINCULO;2609,79;;2609,79;216,23;2393,56;
ELLEN CRISTINA DOS SANTOS NASCIMENT;COORD. ADMINISTRAT. FINANCEIRA;GERENTE;; CARGO COMISSION.S/VINCULO;3209,79;;3209,79;330,96;2878,83;
ELLEN CRYSTINA SOUSA DA SILVA;COORD. ADMINISTRAT. FINANCEIRA;GERENTE;GERENTE; CARGO COMISSION.S/VINCULO;1320,00;;1320,00;99,00;1221,00;
ELOIZA FERNANDA DA SILVA OLIVEIRA;COORD. ADMINISTRAT. FINANCEIRA;GERENTE;GERENTE; CARGO COMISSION.S/VINCULO;1699,79;;1699,79;133,18;1566,61;
ELSON DA COSTA SALES;COORD. ADMINISTRAT. FINANCEIRA;ASSESSOR III;; CARGO COMISSION.S/VINCULO;2525,07;;2525,07;207,45;2317,62;
ELSON SILVA DA ROCHA;CONSELHO ESTADUAL DE CULTURA;MEMBRO DE CONSELHO;; CONSELHO;450,00;;450,00;;450,00;
EMANUELLE MENEZES FIGUEIREDO;COORD. ADMINISTRAT. FINANCEIRA;ASSESSOR II;; CARGO COMISSION.S/VINCULO;3209,79;;3209,79;330,96;2878,83;
ERISVALDO AZEVEDO SILVA;COORD. ADMINISTRAT. FINANCEIRA;ASSESSOR III;NAO INFORMADO; CARGO COMISSION.S/VINCULO;2525,07;;2525,07;207,45;2317,62;
ERNANI GARCIA LINO DOS SANTOS;COORD. ADMINISTRAT. FINANCEIRA;A.TEC-III;ASSIST. TEC. GUIA; ESTATUTARIO;3375,48;;3375,48;529,29;2846,19;
EVERALDO DOS SANTOS BARBOSA;CONSELHO ESTADUAL DE CULTURA;MEMBRO DE CONSELHO;; CONSELHO;450,00;;450,00;;450,00;
EXPEDITO LUIZ BATISTA NETO;COORD. ADMINISTRAT. FINANCEIRA;AUX.BIBLI-III;AUX. BIBLIOTECA; ESTATUTARIO;2320,84;;2320,84;324,92;1995,92;
FABIANA DE ALMEIDA LIMA;COORD. ADMINISTRAT. FINANCEIRA;ASSESSOR I;; CARGO COMISSION.S/VINCULO;5229,77;;5229,77;957,83;4271,94;
FABIANA ROBERTA GENTIL PEREIRA;COORD. ADMINISTRAT. FINANCEIRA;AUX.BIBLI-III;; ESTATUTARIO;2320,84;;2320,84;324,92;1995,92;
FABIANO CARDOSO DE OLIVEIRA;CONSELHO ESTADUAL DE CULTURA;MEMBRO DE CONSELHO;; CONSELHO;450,00;;450,00;;450,00;
FABIO GREY BRITO MORENO;COORD. ADMINISTRAT. FINANCEIRA;A.TEC-III;ASS. TEC. SONOPLASTA; ESTATUTARIO;4500,64;;4500,64;649,50;3851,14;
FATIMA DIANA DA GLORIA MOREIRA;COORD. ADMINISTRAT. FINANCEIRA;TEC.DE NIVEL SUPERIOR 2A CLASSE;; ESTATUTARIO;6708,08;;6708,08;1496,58;5211,50;
FERNANDA DA SILVA FROTA;COORD. ADMINISTRAT. FINANCEIRA;ARQT-III;ARQUITETO; ESTATUTARIO;5837,02;;5837,02;1312,68;4524,34;
FERNANDO GONCALVES MARQUES JUNIOR;COORD. ADMINISTRAT. FINANCEIRA;GERENTE;; CARGO COMISSION.S/VINCULO;2213,79;;2213,79;159,52;2054,27;
FLAVIO SENA CARVALHO;COORD. ADMINISTRAT. FINANCEIRA;ASSESSOR III;NAO INFORMADO; CARGO COMISSION.S/VINCULO;3191,80;;3191,80;327,46;2864,34;
FRANCISCA FRANCY COSTA BARROSO;COORD. ADMINISTRAT. FINANCEIRA;AUX.DE APOIO ADMINISTRATIVO II;; ESTATUTARIO;2460,93;;2460,93;340,54;2120,39;
FRANCISCA PORTELA MACIEL;COORD. ADMINISTRAT. FINANCEIRA;SUBGERENTE;SUBGERENTE AD-3; CARGO COMISSION.S/VINCULO;1893,80;;1893,80;150,64;1743,16;
FRANCISCO ALESSANDRO PEREIRA ROSA;COORD. ADMINISTRAT. FINANCEIRA;AUX.O-III;ARTIFICE; ESTATUTARIO;2198,89;;2198,89;307,84;1891,05;
FRANCISCO CARLOS DE SOUZA ANDRADE;COORD. ADMINISTRAT. FINANCEIRA;GERENTE;GERENTE AD-2; CARGO COMISSION.S/VINCULO;2609,79;;2609,79;216,23;2393,56;
FRANCISCO EDUARDO ALVES DE ALMEIDA;COORD. ADMINISTRAT. FINANCEIRA;AUX.BIBLI-III;AUX. BIBLIOTECA; ESTATUTARIO;2320,84;;2320,84;324,92;1995,92;
FRANKLIN CARNEIRO DA MOTA;COORD. ADMINISTRAT. FINANCEIRA;ENG-I;GERENTE AD 2; ESTATUTARIO;10955,91;;10955,91;3043,34;7912,57;
FRED MARCIO DOS SANTOS BARBOSA;COORD. ADMINISTRAT. FINANCEIRA;GERENTE;GERENTE AD-2; CARGO COMISSION.S/VINCULO;1911,79;;1911,79;152,26;1759,53;
FUED FELIPE PRESTES LACOUTH;COORD. ADMINISTRAT. FINANCEIRA;SUBGERENTE;NAO INFORMADO; CARGO COMISSION.S/VINCULO;3191,80;;3191,80;327,46;2864,34;
GABRIELE LIMA DA CUNHA;COORD. ADMINISTRAT. FINANCEIRA;CHEFE DE DEPARTAMENTO;CHEFE DE DEPARTAMENT; CARGO COMISSION.S/VINCULO;5229,77;;5229,77;957,83;4271,94;
GALBEN GABRIEL LACERDA DE SOUSA;COORD. ADMINISTRAT. FINANCEIRA;A.TEC-III;AS.TEC. DESEN/CADIST; ESTATUTARIO;3375,48;;3375,48;425,31;2950,17;
GELSON PEREIRA LIMA;COORD. ADMINISTRAT. FINANCEIRA;SUBGERENTE;NAO INFORMADO; CARGO COMISSION.S/VINCULO;1681,80;;1681,80;131,56;1550,24;
GERALDA MARIA MAGELA BRAGA DE SOUZA;COORD. ADMINISTRAT. FINANCEIRA;ASSISTENTE TECNICO I;; ESTATUTARIO;3827,91;;3827,91;632,93;3194,98;
GEYSIANE GOMES SEVERIANO;COORD. ADMINISTRAT. FINANCEIRA;ASSESSOR III;NAO INFORMADO; CARGO COMISSION.S/VINCULO;1530,80;;1530,80;117,97;1412,83;
GILBERTO RODRIGUES DE SOUZA JUNIOR;COORD. ADMINISTRAT. FINANCEIRA;OPERADOR DE SOM;; ESTATUTARIO;3503,41;;3503,41;543,83;2959,58;
GILDOMAR DA ROCHA CAMPOS;COORD. ADMINISTRAT. FINANCEIRA;AUX.TECNICO ADMINISTRATIVO II;; ESTATUTARIO;4299,40;;4299,40;693,40;3606,00;
GILMAR CASTRO DE AQUINO JUNIOR;COORD. ADMINISTRAT. FINANCEIRA;AUX.O-III;AUX. OP. MONT. EVENT; ESTATUTARIO;2861,81;;2861,81;324,48;2537,33;
GILSON MAURO DE OLIVEIRA PEREIRA;COORD. ADMINISTRAT. FINANCEIRA;GERENTE;GERENTE AD-2; CARGO COMISSION.S/VINCULO;3209,79;;3209,79;330,96;2878,83;
GIOVANNI ARAUJO SANTIAGO;COORD. ADMINISTRAT. FINANCEIRA;A.TEC-III;AS. TEC. WEB DESIGN; ESTATUTARIO;3375,48;;3375,48;529,29;2846,19;
GISELE FELIPE CUNHA FERNANDES;COORD. ADMINISTRAT. FINANCEIRA;TNS-III;T.N.S TURISMO; ESTATUTARIO;5574,37;;5574,37;1213,79;4360,58;
GLEICE SOUZA BARROS;COORD. ADMINISTRAT. FINANCEIRA;AUX.O-III;AUX.OP.MONT.EVENTOS; ESTATUTARIO;2861,81;;2861,81;307,84;2553,97;
GLORIA MARIA QUEIROZ MENDONCA;COORD. ADMINISTRAT. FINANCEIRA;TNS-I;; ESTATUTARIO;7392,55;;7392,55;1805,10;5587,45;
GUINEVERE MONTEIRO AYDEM;COORD. ADMINISTRAT. FINANCEIRA;ASSESSOR II;ASSESSOR II; CARGO COMISSION.S/VINCULO;4814,68;;4814,68;812,73;4001,95;
GUSTAVO DE ARAUJO SAMPAIO;COORD. ADMINISTRAT. FINANCEIRA;MEMBRO DE CONSELHO;; CONSELHO;450,00;;450,00;;450,00;
HANY MATOS CANDIDO;COORD. ADMINISTRAT. FINANCEIRA;TNS-III;; ESTATUTARIO;5574,37;;5574,37;1122,01;4452,36;
HARLEY HERON DA SILVA MENDONCA;COORD. ADMINISTRAT. FINANCEIRA;AUX.O-III;AUX.OP.MONT.EVENTOS; ESTATUTARIO;2198,89;;2198,89;307,84;1891,05;
HELIO DA COSTA DANTAS;COORD. ADMINISTRAT. FINANCEIRA;HIST-III;HISTORIADOR; ESTATUTARIO;7003,85;;7003,85;1574,26;5429,59;
HELIO MIKE FRANCA COSTA;COORD. ADMINISTRAT. FINANCEIRA;ASSESSOR II;ASSESSOR II; CARGO COMISSION.S/VINCULO;2213,79;;2213,79;179,44;2034,35;
HELLEN CRISTINA DA SILVA ALMEIDA;COORD. ADMINISTRAT. FINANCEIRA;AUX.ADM-III;AUX ADM; ESTATUTARIO;2321,04;;2321,04;324,95;1996,09;
HERMES DA SILVA DOS SANTOS;COORD. ADMINISTRAT. FINANCEIRA;AUX.ADM-III;AUX ADM; ESTATUTARIO;2321,04;;2321,04;324,95;1996,09;
HERSON DE SOUZA CRISPIM;COORD. ADMINISTRAT. FINANCEIRA;A.TEC-III;; ESTATUTARIO;1350,19;;1350,19;;1350,19;
HINCIA DE SOUZA PEREIRA;COORD. ADMINISTRAT. FINANCEIRA;GERENTE;GERENTE AD-2; CARGO COMISSION.S/VINCULO;3209,79;;3209,79;330,96;2878,83;
IARA LANE ARAUJO DA SILVA;COORD. ADMINISTRAT. FINANCEIRA;TECNICO DE NIVEL SUPERIOR;TEC. NIV. SUPERIOR; ESTATUTARIO;5784,16;;5784,16;1241,05;4543,11;
IEDA CLAUDIA PINTO DE OLIVEIRA;COORD. ADMINISTRAT. FINANCEIRA;ASSISTENTE TECNICO I;ASSISTENTE TECNICO I; ESTATUTARIO;3890,06;;3890,06;366,69;3523,37;
IEDA DE CASTRO RODRIGUES;COORD. ADMINISTRAT. FINANCEIRA;ASSISTENTE TECNICO I;ASSISTENTE TECNICO I; ESTATUTARIO;3894,60;;3894,60;657,82;3236,78;
INES DO SOCORRO DA SILVA COSTA;COORD. ADMINISTRAT. FINANCEIRA;GERENTE;NAO INFORMADO; CARGO COMISSION.S/VINCULO;3209,79;;3209,79;330,96;2878,83;
IRENILCE CARVALHO DUARTE COLHYER;COORD. ADMINISTRAT. FINANCEIRA;GERENTE;GERENTE AD-2; CARGO COMISSION.S/VINCULO;3209,79;;3209,79;330,96;2878,83;
IVAN FELIPE DOS REIS OLIVEIRA;COORD. ADMINISTRAT. FINANCEIRA;AUX.O-III;AUX. OPER. CENOTECN; ESTATUTARIO;2861,81;;2861,81;324,48;2537,33;
IVANA EBERLE LESSA;COORD. ADMINISTRAT. FINANCEIRA;SUBGERENTE;SUBGERENTE; CARGO COMISSION.S/VINCULO;2591,80;;2591,80;214,07;2377,73;
IVETE PESSOA DA SILVA;COORD. ADMINISTRAT. FINANCEIRA;A.TEC-I;GERENTE AD 2; ESTATUTARIO;5515,26;;5515,26;1033,14;4482,12;
IZOLINA VIEIRA BENTOLILA;COORD. ADMINISTRAT. FINANCEIRA;A.TEC-I;; ESTATUTARIO;4478,09;;4478,09;782,04;3696,05;
JAINARA OLIVEIRA PRESTES;COORD. ADMINISTRAT. FINANCEIRA;GERENTE;GERENTE; CARGO COMISSION.S/VINCULO;2213,79;;2213,79;179,44;2034,35;
JAIR JACQMONT CANTANHEDE;COORD. ADMINISTRAT. FINANCEIRA;A.TEC-I;; ESTATUTARIO;4061,37;;4061,37;715,16;3346,21;
JANAINA MARGARIDA CARLOS COSTA;COORD. ADMINISTRAT. FINANCEIRA;GERENTE;GERENTE AD-2; CARGO COMISSION.S/VINCULO;3209,79;;3209,79;330,96;2878,83;
JANDR LUCIO GUIMARAES DOS REIS;COORD. ADMINISTRAT. FINANCEIRA;GERENTE;GERENTE AD 2; CARGO COMISSION.S/VINCULO;3209,79;;3209,79;330,96;2878,83;
JANE DOS SANTOS FONTENELLE;COORD. ADMINISTRAT. FINANCEIRA;A.TEC-II;; ESTATUTARIO;3655,15;;3655,15;610,39;3044,76;
JANETE ALBUQUERQUE DE SOUZA;COORD. ADMINISTRAT. FINANCEIRA;A.TEC-II;ASSESSOR II; ESTATUTARIO;4835,46;;4835,46;522,14;4313,32;
JANILSON DOS SANTOS LOPES;COORD. ADMINISTRAT. FINANCEIRA;AUX.O-III;; ESTATUTARIO;2861,81;;2861,81;186,67;2675,14;
JENNIFFER RIBEIRO DA SILVA;COORD. ADMINISTRAT. FINANCEIRA;CHEFE DE GABINETE;CHEFE DE GABINETE; CARGO COMISSION.S/VINCULO;5229,77;;5229,77;957,83;4271,94;
JESSICA KETLEN MENDES DA SILVA;COORD. ADMINISTRAT. FINANCEIRA;ASSESSOR II;ASSESSOR II; CARGO COMISSION.S/VINCULO;3209,79;;3209,79;330,96;2878,83;
JESSILDA RIBEIRO FURTADO;COORD. ADMINISTRAT. FINANCEIRA;A.TEC-I;; ESTATUTARIO;4356,01;;4356,01;742,96;3613,05;
JOAO BATISTA COELHO DOS SANTOS;COORD. ADMINISTRAT. FINANCEIRA;A.TEC-I;; ESTATUTARIO;3914,97;;3914,97;682,73;3232,24;
JOAO BOSCO BORGES FERREIRA;CONSELHO ESTADUAL DE CULTURA;MEMBRO DE CONSELHO;; CONSELHO;450,00;;450,00;;450,00;
JOAO MARCOS OLIVEIRA DE PAULA;COORD. ADMINISTRAT. FINANCEIRA;REST-III;; ESTATUTARIO;5252,89;;5252,89;1100,11;4152,78;
JOAO PAULO TOMAS DA SILVA DE AQUINO;COORD. ADMINISTRAT. FINANCEIRA;AUX.O-III;AUX. OPER. CENOTECN; ESTATUTARIO;2861,81;;2861,81;307,84;2553,97;
JOAO PEDRO PEREIRA FURTADO;COORD. ADMINISTRAT. FINANCEIRA;SUBGERENTE;SUBGERENTE; CARGO COMISSION.S/VINCULO;1681,80;;1681,80;131,56;1550,24;
JOAO VINICIUS DE BRITO A SANTOS;COORD. ADMINISTRAT. FINANCEIRA;SUBGERENTE;SUBGERENTE; CARGO COMISSION.S/VINCULO;1681,80;;1681,80;131,56;1550,24;
JOAO VITOR DIAS DE JESUS;COORD. ADMINISTRAT. FINANCEIRA;GERENTE;GERENTE; CARGO COMISSION.S/VINCULO;2213,79;;2213,79;179,44;2034,35;
JOARA MARIA FERREIRA MARQUES;COORD. ADMINISTRAT. FINANCEIRA;CHEFE DE DEPARTAMENTO;NAO INFORMADO; CARGO COMISSION.S/VINCULO;5229,77;;5229,77;957,83;4271,94;
JONAS WESEN DE SOUZA;COORD. ADMINISTRAT. FINANCEIRA;GERENTE;GERENTE AD-2; CARGO COMISSION.S/VINCULO;2213,79;;2213,79;179,44;2034,35;
JONIFERSON VIEIRA DA SILVA;CONSELHO ESTADUAL DE CULTURA;MEMBRO DE CONSELHO;; CONSELHO;450,00;;450,00;;450,00;
JORDANIA DAMASCENO GALDINO;CONSELHO ESTADUAL DE CULTURA;MEMBRO DE CONSELHO;; CONSELHO;450,00;;450,00;;450,00;
JOSE ABILIO DE MOURA FARIAS JUNIOR;COORD. ADMINISTRAT. FINANCEIRA;AUX.ADM-III;AUX ADM; ESTATUTARIO;2321,04;;2321,04;324,95;1996,09;
JOSE AUGUSTO DA SILVA GUIMARAES;COORD. ADMINISTRAT. FINANCEIRA;A.TEC-I;; ESTATUTARIO;3897,48;;3897,48;649,59;3247,89;
JOSE CASTELO DO NASCIMENTO;COORD. ADMINISTRAT. FINANCEIRA;ASSISTENTE TECNICO III;ASSIST. TECNICO III; ESTATUTARIO;5764,69;;5764,69;1057,99;4706,70;
JOSE LUCIO DOS SANTOS;COORD. ADMINISTRAT. FINANCEIRA;AUX.BIBLI-III;AUXILIAR DE BIBLIOT.; ESTATUTARIO;2320,84;;2320,84;324,92;1995,92;
JOSE LUIS ALMEIDA DOS SANTOS;COORD. ADMINISTRAT. FINANCEIRA;A.TEC-I;CHEFE DE DEPARTAMENT; ESTATUTARIO;6019,89;;6019,89;861,21;5158,68;
JOSE MARIA MARQUES H JUNIOR;COORD. ADMINISTRAT. FINANCEIRA;A.TEC-III;CHEFE DE DEPARTAMENT; ESTATUTARIO;5771,54;;5771,54;1029,58;4741,96;
JOSE PEREIRA BELEM;COORD. ADMINISTRAT. FINANCEIRA;VIGIA;; ESTATUTARIO;2207,63;;2207,63;309,07;1898,56;
JOSE ROGERIO DOS REIS OLIVEIRA;COORD. ADMINISTRAT. FINANCEIRA;GERENTE;NAO INFORMADO; CARGO COMISSION.S/VINCULO;4209,79;;4209,79;597,14;3612,65;
JUDETH MARIA FERREIRA DA COSTA;COORD. ADMINISTRAT. FINANCEIRA;TNS-II;; ESTATUTARIO;5714,36;;5714,36;1266,50;4447,86;
JULIANA MOURA ALVES DOS SANTOS;COORD. ADMINISTRAT. FINANCEIRA;ASSESSOR III;ASSESSOR III; CARGO COMISSION.S/VINCULO;1681,80;;1681,80;131,56;1550,24;
JULIANE FERNANDES PEREIRA;COORD. ADMINISTRAT. FINANCEIRA;AUX.BIBLI-III;; ESTATUTARIO;2320,84;;2320,84;324,92;1995,92;
KAMILA KAROLINE CORDOVIL CERQUEIRA;COORD. ADMINISTRAT. FINANCEIRA;GERENTE;GERENTE; CARGO COMISSION.S/VINCULO;4209,79;;4209,79;597,14;3612,65;
KARINE DE FREITAS SANTOS;COORD. ADMINISTRAT. FINANCEIRA;GERENTE;GERENTE; CARGO COMISSION.S/VINCULO;2213,79;;2213,79;179,44;2034,35;
KAROLINY VERAS PEREIRA DA COSTA;COORD. ADMINISTRAT. FINANCEIRA;AUX.BIBLI-III;AUX. BIBLIOTECA; ESTATUTARIO;2320,84;;2320,84;324,92;1995,92;
KATHYUSCIA CASTILHO CORREA;COORD. ADMINISTRAT. FINANCEIRA;GERENTE;GERENTE AD-2; CARGO COMISSION.S/VINCULO;2609,79;;2609,79;216,23;2393,56;
KATTERINE ELIZABETH SUANO DA COSTA;COORD. ADMINISTRAT. FINANCEIRA;GERENTE;GERENTE AD-2; CARGO COMISSION.S/VINCULO;2609,79;;2609,79;216,23;2393,56;
KELLEN DIANE NASCIMENTO DE SOUZA;COORD. ADMINISTRAT. FINANCEIRA;AUX.BIBLI-III;AUX. BIBLIOTECA; ESTATUTARIO;2320,84;;2320,84;324,92;1995,92;
KELVIN SANTOS DE LUCENA;COORD. ADMINISTRAT. FINANCEIRA;AUX.O-III;AUX. OPER. CENOTECN; ESTATUTARIO;2198,89;;2198,89;307,84;1891,05;
KIRK DOUGLAS DE LIMA BENTES;COORD. ADMINISTRAT. FINANCEIRA;MEMBRO DE CONSELHO;; CONSELHO;450,00;;450,00;;450,00;
KLEYSON DE MELO LOPES;COORD. ADMINISTRAT. FINANCEIRA;ASSESSOR II;ASSESSOR II; CARGO COMISSION.S/VINCULO;3209,79;;3209,79;330,96;2878,83;
LAIS CAVALCANTE BIVAR CORREA;COORD. ADMINISTRAT. FINANCEIRA;ASSESSOR III;NAO INFORMADO; CARGO COMISSION.S/VINCULO;2195,80;;2195,80;177,82;2017,98;
LARISSA FERREIRA PEREIRA;COORD. ADMINISTRAT. FINANCEIRA;TNS-III;T.N.S. TURISMO; ESTATUTARIO;5252,89;;5252,89;1100,11;4152,78;
LEANDRO DOS SANTOS SOARES;COORD. ADMINISTRAT. FINANCEIRA;AUX.O-III;AUX. OP. MONT. ORQ; ESTATUTARIO;2198,89;;2198,89;307,84;1891,05;
LEIDE FOLGOSA BARROSO MUNOZ;COORD. ADMINISTRAT. FINANCEIRA;A.TEC-III;; ESTATUTARIO;3375,48;;3375,48;529,29;2846,19;
LEILSON ASSAD DE SOUZA;COORD. ADMINISTRAT. FINANCEIRA;A.TEC-II;; ESTATUTARIO;3655,15;;3655,15;610,39;3044,76;
LICYANE SANTIAGO PIMENTEL;COORD. ADMINISTRAT. FINANCEIRA;GERENTE;GERENTE; CARGO COMISSION.S/VINCULO;1911,79;;1911,79;152,26;1759,53;
LIVIA MIRANDA DE ARAUJO;COORD. ADMINISTRAT. FINANCEIRA;SUBGERENTE;NAO INFORMADO; CARGO COMISSION.S/VINCULO;2195,80;;2195,80;177,82;2017,98;
LUCIANA PESSOA BALTAR;COORD. ADMINISTRAT. FINANCEIRA;A.TEC-II;GERENTE AD-2; ESTATUTARIO;4835,46;;4835,46;747,52;4087,94;
LUCIANO COELHO DE LIMA;COORD. ADMINISTRAT. FINANCEIRA;GERENTE;NAO INFORMADO; CARGO COMISSION.S/VINCULO;1699,79;;1699,79;133,18;1566,61;
LUCIANO LIMA FRANCISCO;COORD. ADMINISTRAT. FINANCEIRA;ASSESSOR II;ASSESSOR II; CARGO COMISSION.S/VINCULO;4209,79;;4209,79;597,14;3612,65;
LUCIMAR BEZERRA MARQUES;CONSELHO ESTADUAL DE CULTURA;MEMBRO DE CONSELHO;; CONSELHO;450,00;;450,00;;450,00;
LUCIO BRAZ DE LIMA REIS;COORD. ADMINISTRAT. FINANCEIRA;A.TEC-III;ASSIST.TEC.OP.ILUM.; ESTATUTARIO;3375,48;;3375,48;529,29;2846,19;
LUIS AURELIO NINA DEL CAMPO;COORD. ADMINISTRAT. FINANCEIRA;A.TEC-III;; ESTATUTARIO;3375,48;;3375,48;529,29;2846,19;
LUIZ CARLOS DE MATOS BONATES;COORD. ADMINISTRAT. FINANCEIRA;SECRETARIO EXECUTIVO;NAO INFORMADO; CARGO COMISSION.S/VINCULO;11700,00;;11700,00;2968,33;8731,67;
LUIZ GAJOLA FERREIRA BRAGA;COORD. ADMINISTRAT. FINANCEIRA;A.OPE-III;ASSIST.TEC.OP.CINEG.; ESTATUTARIO;3375,48;;3375,48;529,29;2846,19;
LUZIENE PINHEIRO PASSOS;COORD. ADMINISTRAT. FINANCEIRA;A.OPE-III;AS. OP. EDIT. IMAGEM; ESTATUTARIO;3577,54;;3577,54;559,60;3017,94;
MANOEL DEMOSTHENES LINS DE FARIAS;COORD. ADMINISTRAT. FINANCEIRA;GERENTE;GERENTE; CARGO COMISSION.S/VINCULO;2213,79;;2213,79;179,44;2034,35;
MARCELO FURTADO MACHADO LEITAO;COORD. ADMINISTRAT. FINANCEIRA;AUX.ADM-III;AUX ADM; ESTATUTARIO;2321,04;;2321,04;324,95;1996,09;
MARCIO GONCALVES BENTES DE SOUZA;COORD. ADMINISTRAT. FINANCEIRA;CHEFE DE DEPARTAMENTO;CHEFE DE DEPARTAMENT; CARGO COMISSION.S/VINCULO;5229,77;;5229,77;957,83;4271,94;
MARCIO JAMES DE MORAES PONTES;COORD. ADMINISTRAT. FINANCEIRA;GERENTE;GERENTE; CARGO COMISSION.S/VINCULO;3209,79;;3209,79;330,96;2878,83;
MARCIO JUNIO SILVA DO NASCIMENTO;COORD. ADMINISTRAT. FINANCEIRA;GERENTE;; CARGO COMISSION.S/VINCULO;2213,79;;2213,79;179,44;2034,35;
MARCOS ANDRE DURAND PEREIRA;CONSELHO ESTADUAL DE CULTURA;MEMBRO DE CONSELHO;; CONSELHO;450,00;;450,00;;450,00;
MARCOS ANTONIO REPOLHO RAMOS;COORD. ADMINISTRAT. FINANCEIRA;AUX.ADM-III;; ESTATUTARIO;2321,04;;2321,04;324,95;1996,09;
MARCOS APOLO MUNIZ DE ARAUJO;CONSELHO ESTADUAL DE CULTURA;MEMBRO DE CONSELHO;; CONSELHO;450,00;;450,00;;450,00;
MARCOS APOLO MUNIZ DE ARAUJO;COORD. ADMINISTRAT. FINANCEIRA;SECRETARIO DE ESTADO;SECRETARIO DE ESTADO; CARGO COMISSION.S/VINCULO;28060,00;;28060,00;7310,92;20749,08;
MARCOS RODRIGUES DE LIMA;COORD. ADMINISTRAT. FINANCEIRA;ASSESSOR IV;NAO INFORMADO; CARGO COMISSION.S/VINCULO;2179,61;;2179,61;176,36;2003,25;
MARCOS WILLIAMS RODRIGUES DA SILVA;COORD. ADMINISTRAT. FINANCEIRA;ASSISTENTE ADMINISTRATIVO;; ESTATUTARIO;3384,22;;3384,22;531,82;2852,40;
MARGARETH NOGUEIRA RODRIGUES;COORD. ADMINISTRAT. FINANCEIRA;AUX.ADM-III;AUX ADM; ESTATUTARIO;2321,04;;2321,04;324,95;1996,09;
MARIA ANALIA BENETTON;COORD. ADMINISTRAT. FINANCEIRA;ASSESSOR II;ASSESSOR II AD-2; CARGO COMISSION.S/VINCULO;4209,79;;4209,79;597,14;3612,65;
MARIA ARMINDA CASTRO MENDONCA DE SO;COORD. ADMINISTRAT. FINANCEIRA;TEC.DE NIVEL SUPERIOR 2A CLASSE;; ESTATUTARIO;5317,19;;5317,19;1121,56;4195,63;
MARIA AUXILIADORA DA SILVA CRUZ;COORD. ADMINISTRAT. FINANCEIRA;TEC.EM ADMINISTR.5A.CL-NM.215.11;ASSESSOR II AD 2; ESTATUTARIO;6933,20;;6933,20;1583,81;5349,39;
MARIA CLARA DA GAMA BENTES;COORD. ADMINISTRAT. FINANCEIRA;GERENTE;GERENTE AD-2; CARGO COMISSION.S/VINCULO;4209,79;;4209,79;597,14;3612,65;
MARIA DA CONCEICAO DE SOUZA E SILVA;COORD. ADMINISTRAT. FINANCEIRA;AUX.O-III;AUX OP CAMAM TEATRO; ESTATUTARIO;2198,89;;2198,89;307,84;1891,05;
MARIA DAS GRACAS COELHO BRAGA;COORD. ADMINISTRAT. FINANCEIRA;TEC.DE NIVEL SUPERIOR 2A CLASSE;; ESTATUTARIO;5789,58;;5789,58;1249,87;4539,71;
MARIA DE FATIMA DE ALMEIDA CAMPOS;COORD. ADMINISTRAT. FINANCEIRA;ASSISTENTE TECNICO III;; ESTATUTARIO;4776,81;;4776,81;808,57;3968,24;
MARIA DE FATIMA TOLEDANO BINDA;COORD. ADMINISTRAT. FINANCEIRA;ASSISTENTE TECNICO III;; ESTATUTARIO;4478,07;;4478,07;744,40;3733,67;
MARIA DE NAZARE COSTA SOARES;COORD. ADMINISTRAT. FINANCEIRA;ASSISTENTE TECNICO I;; ESTATUTARIO;5031,37;;5031,37;819,30;4212,07;
MARIA DO PERPETUO SOCORRO GUIMARAES;COORD. ADMINISTRAT. FINANCEIRA;ASSISTENTE TECNICO II;; ESTATUTARIO;4428,02;;4428,02;731,54;3696,48;
MARIA DO SOCORRO GOUVEA;COORD. ADMINISTRAT. FINANCEIRA;A.OPE-I;; ESTATUTARIO;3783,38;;3783,38;647,33;3136,05;
MARIA DO SOCORRO TEODORA DA COSTA;COORD. ADMINISTRAT. FINANCEIRA;AUX.ADM-III;AUX ADM; ESTATUTARIO;2321,04;;2321,04;324,95;1996,09;
MARIA EMILIA GOMES DE LEIROS;COORD. ADMINISTRAT. FINANCEIRA;GERENTE;GERENTE AD-2; CARGO COMISSION.S/VINCULO;3209,79;;3209,79;330,96;2878,83;
MARIA GELICE ALBUQUERQUE DE SOUZA;COORD. ADMINISTRAT. FINANCEIRA;GERENTE;GERENTE AD-2; CARGO COMISSION.S/VINCULO;3209,79;;3209,79;330,96;2878,83;
MARIA INEZ DE SOUSA;COORD. ADMINISTRAT. FINANCEIRA;ASSISTENTE TECNICO I;; ESTATUTARIO;4247,48;;4247,48;698,05;3549,43;
MARIA JOSE NUNES MEDEIROS;COORD. ADMINISTRAT. FINANCEIRA;TEC.DE NIVEL SUPERIOR 2A CLASSE;TEC.NIV.SUP.2 CLASSE; ESTATUTARIO;6759,90;;6759,90;1517,01;5242,89;
MARIA LUCIANE COELHO ITUASSU SILVA;COORD. ADMINISTRAT. FINANCEIRA;ASSESSOR I;NAO INFORMADO; CARGO COMISSION.S/VINCULO;5229,77;;5229,77;957,83;4271,94;
MARIA NAZARENE MAIA;COORD. ADMINISTRAT. FINANCEIRA;ASSISTENTE TECNICO III;; ESTATUTARIO;4578,23;;4578,23;761,19;3817,04;
MARIA SHEILA DE SOUZA CAMPOS;COORD. ADMINISTRAT. FINANCEIRA;TNS-III;; ESTATUTARIO;6039,13;;6039,13;1313,50;4725,63;
MARIA VICTORIA PEREIRA GONCALVES;COORD. ADMINISTRAT. FINANCEIRA;A.TEC-III;; ESTATUTARIO;4500,64;;4500,64;714,68;3785,96;
MARIANE SANTOS DA COSTA;COORD. ADMINISTRAT. FINANCEIRA;ASSESSOR III;ASSESSOR III AD-3; CARGO COMISSION.S/VINCULO;3191,80;;3191,80;327,46;2864,34;
MARIETE FRANCA ARAUJO;COORD. ADMINISTRAT. FINANCEIRA;A.TEC-I;; ESTATUTARIO;3897,48;;3897,48;678,02;3219,46;
MARILDA GALVAO DE OLIVEIRA;COORD. ADMINISTRAT. FINANCEIRA;ASSISTENTE TECNICO III;; ESTATUTARIO;3856,12;;3856,12;638,52;3217,60;
MARINA DE SEIXAS;COORD. ADMINISTRAT. FINANCEIRA;AUX.S.G-II;; ESTATUTARIO;3174,77;;3174,77;373,46;2801,31;
MARIZETE BRANDAO DA SILVA;COORD. ADMINISTRAT. FINANCEIRA;ASSISTENTE TECNICO I;; ESTATUTARIO;3764,51;;3764,51;617,05;3147,46;
MARONILCO MORAES DAS CHAGAS;COORD. ADMINISTRAT. FINANCEIRA;A.TEC-I;; ESTATUTARIO;7807,27;;7807,27;1905,02;5902,25;
MARSSICLEA BRITO DOS SANTOS;COORD. ADMINISTRAT. FINANCEIRA;GERENTE;; CARGO COMISSION.S/VINCULO;3209,79;;3209,79;330,96;2878,83;
MATIAS DIOGO BELFORT MAR;COORD. ADMINISTRAT. FINANCEIRA;A.OPE-III;ASSIST.TEC.OP.ELETRI; ESTATUTARIO;3375,48;;3375,48;529,29;2846,19;
MAX DEULEN BARAUNA NOGUEIRA;CONSELHO ESTADUAL DE CULTURA;MEMBRO DE CONSELHO;; CONSELHO;450,00;;450,00;;450,00;
MELKE ZEDEK GONZAGA DA SILVA;COORD. ADMINISTRAT. FINANCEIRA;AUX.O-III;MONTADOR DE EVENTOS; ESTATUTARIO;2861,81;;2861,81;324,48;2537,33;
MICHELL MELO BEZERRA E SILVA;CONSELHO ESTADUAL DE CULTURA;MEMBRO DE CONSELHO;; CONSELHO;450,00;;450,00;;450,00;
MICHELLE BARBOSA ANDREWS;CONSELHO ESTADUAL DE CULTURA;MEMBRO DE CONSELHO;; CONSELHO;450,00;;450,00;;450,00;
MIGUEL DA COSTA RIOS FILHO;COORD. ADMINISTRAT. FINANCEIRA;GERENTE;NAO INFORMADO; CARGO COMISSION.S/VINCULO;1911,79;;1911,79;152,26;1759,53;
MIGUEL DOS SANTOS BARBOSA JUNIOR;COORD. ADMINISTRAT. FINANCEIRA;AUX.BIBLI-III;AUXILIAR BIBLIOTECA; ESTATUTARIO;2320,84;;2320,84;324,92;1995,92;
MILTON WILFREDO PAREDES ROMAN;COORD. ADMINISTRAT. FINANCEIRA;A.TEC-III;ASS. TEC. INDICADOR; ESTATUTARIO;3375,48;;3375,48;529,29;2846,19;
MIMOSA MARIA DE NOGUEIRA PAIVA;COORD. ADMINISTRAT. FINANCEIRA;TNS-I;; ESTATUTARIO;7383,49;;7383,49;1791,26;5592,23;
MOISES SIMOES DOS SANTOS FILHO;COORD. ADMINISTRAT. FINANCEIRA;A.TEC-III;ASS. TEC. INDICADOR; ESTATUTARIO;3375,48;;3375,48;529,29;2846,19;
MOYSES DE ALMEIDA GARCIA;COORD. ADMINISTRAT. FINANCEIRA;AUX.O-III;AUX.OP.MONT.EVENTOS; ESTATUTARIO;2198,89;;2198,89;307,84;1891,05;
MURILO ALVES ACIOLI;COORD. ADMINISTRAT. FINANCEIRA;A.TEC-III;OPER. SOM/SONOPLASTA; ESTATUTARIO;4500,64;;4500,64;714,68;3785,96;
NAHIM CALELI ESPINOSA DUQUE;COORD. ADMINISTRAT. FINANCEIRA;GERENTE;GERENTE AD-2; CARGO COMISSION.S/VINCULO;3209,79;;3209,79;330,96;2878,83;
NAIANA SOUSA CAVALCANTE;COORD. ADMINISTRAT. FINANCEIRA;AUX.ADM-III;AUX ADM; ESTATUTARIO;2321,04;;2321,04;324,95;1996,09;
NAIARA ARRUDA DA COSTA;COORD. ADMINISTRAT. FINANCEIRA;TNS-III;; ESTATUTARIO;5574,37;;5574,37;1213,79;4360,58;
NESTOR RIBEIRO NASCIMENTO;COORD. ADMINISTRAT. FINANCEIRA;ASSISTENTE TECNICO I;GERENTEAD-2; ESTATUTARIO;4241,01;;4241,01;668,13;3572,88;
NILDA PEREIRA VERAS;COORD. ADMINISTRAT. FINANCEIRA;GERENTE;GERENTE AD-2; CARGO COMISSION.S/VINCULO;2213,79;;2213,79;179,44;2034,35;
NIRLANDSON DA GRACA DIAS;COORD. ADMINISTRAT. FINANCEIRA;A.OPE-III;ASS. OP. MAQUINISTA; ESTATUTARIO;4500,64;;4500,64;714,68;3785,96;
OIANA DO COUTO E SILVA;COORD. ADMINISTRAT. FINANCEIRA;GERENTE;GERENTE AD-2; CARGO COMISSION.S/VINCULO;2609,79;;2609,79;216,23;2393,56;
OMAR DE OLIVEIRA GUSMAO JUNIOR;COORD. ADMINISTRAT. FINANCEIRA;GERENTE;GERENTE; CARGO COMISSION.S/VINCULO;4209,79;;4209,79;597,14;3612,65;
ORLANDO DA SILVA CAMARA;COORD. ADMINISTRAT. FINANCEIRA;TEC.DE NIVEL SUPERIOR 2A CLASSE;; ESTATUTARIO;5922,01;;5922,01;1244,66;4677,35;
PAMELLA CARDOSO DA SILVA;COORD. ADMINISTRAT. FINANCEIRA;GERENTE;GERENTE; CARGO COMISSION.S/VINCULO;3209,79;;3209,79;330,96;2878,83;
PATRICIA OLIMPIO DA SILVA;COORD. ADMINISTRAT. FINANCEIRA;GERENTE;GERENTE; CARGO COMISSION.S/VINCULO;2609,79;;2609,79;216,23;2393,56;
PAULO JUNIOR DA SILVA MENEZES;COORD. ADMINISTRAT. FINANCEIRA;AUX.ADM-III;; ESTATUTARIO;2321,04;;2321,04;324,95;1996,09;
PEDRO MARCOS MANSOUR ANDES;COORD. ADMINISTRAT. FINANCEIRA;HIST-III;HISTORIADOR; ESTATUTARIO;5574,37;;5574,37;1164,66;4409,71;
PRINCE BRUNO DA SILVA LOPES;COORD. ADMINISTRAT. FINANCEIRA;ENG-III;ENGENHEIRO; ESTATUTARIO;5837,02;;5837,02;1166,94;4670,08;
PRISCILA NOGUEIRA DE SOUZA;COORD. ADMINISTRAT. FINANCEIRA;GERENTE;GERENTE; CARGO COMISSION.S/VINCULO;2213,79;;2213,79;179,44;2034,35;
RAFAEL SANTOS DA COSTA LOPES;COORD. ADMINISTRAT. FINANCEIRA;ASSESSOR II;ASSESSOR II; CARGO COMISSION.S/VINCULO;3479,72;;3479,72;392,98;3086,74;
RAIMUNDA LIMA DA SILVA;COORD. ADMINISTRAT. FINANCEIRA;GERENTE;GERENTE AD-2; CARGO COMISSION.S/VINCULO;1911,79;;1911,79;152,26;1759,53;
RAIMUNDO NONATO DOS SANTOS BRAGA;COORD. ADMINISTRAT. FINANCEIRA;A.TEC-I;; ESTATUTARIO;3897,48;;3897,48;649,59;3247,89;
RAIMUNDO NONATO PEREIRA NASCIMENTO;COORD. ADMINISTRAT. FINANCEIRA;ASSESSOR III;; CARGO COMISSION.S/VINCULO;2195,80;;2195,80;177,82;2017,98;
RAISSA PANTOJA OLIVEIRA DE MATOS;COORD. ADMINISTRAT. FINANCEIRA;SUBGERENTE;SUBGERENTE AD-3; CARGO COMISSION.S/VINCULO;3191,80;;3191,80;327,46;2864,34;
RANOLFO CASSIANO RABELO;COORD. ADMINISTRAT. FINANCEIRA;AUX.TECNICO ADMINISTRATIVO II;; ESTATUTARIO;3640,04;;3640,04;565,24;3074,80;
RAQUEL PEREIRA DA FONTOURA;COORD. ADMINISTRAT. FINANCEIRA;GERENTE;GERENTE AD-2; CARGO COMISSION.S/VINCULO;3209,79;;3209,79;330,96;2878,83;
RAQUEL SERIQUE REIS;COORD. ADMINISTRAT. FINANCEIRA;TNS-III;T.N.S TURISMO; ESTATUTARIO;5638,66;;5638,66;1237,99;4400,67;
RAYDMA LOUREIRO ARAUJO BOTELHO;COORD. ADMINISTRAT. FINANCEIRA;ASSISTENTE TECNICO I;; ESTATUTARIO;3744,28;;3744,28;620,74;3123,54;
REGINA MARIA LOPES PEREIRA LOBATO;COORD. ADMINISTRAT. FINANCEIRA;TNS-I;CH. DE DPTO AD 1; ESTATUTARIO;17752,00;;17752,00;5445,64;12306,36;
REGMA DA SILVA MAGNO;COORD. ADMINISTRAT. FINANCEIRA;GERENTE;GERENTE; CARGO COMISSION.S/VINCULO;3209,79;;3209,79;330,96;2878,83;
RENATO PEREIRA DA SILVA JUNIOR;COORD. ADMINISTRAT. FINANCEIRA;GERENTE;GERENTE AD 2; CARGO COMISSION.S/VINCULO;2213,79;;2213,79;179,44;2034,35;
RICARDO DA SILVA MACEDO JUNIOR;COORD. ADMINISTRAT. FINANCEIRA;GERENTE;GERENTE; CARGO COMISSION.S/VINCULO;3209,79;;3209,79;330,96;2878,83;
ROBERTA MELO PEREIRA;COORD. ADMINISTRAT. FINANCEIRA;ASSESSOR II;ASSESSOR II; CARGO COMISSION.S/VINCULO;2951,72;;2951,72;280,64;2671,08;
ROCHEL DA SILVA ROCHA;COORD. ADMINISTRAT. FINANCEIRA;A.TEC-III;ASSISTENTE TECNICO; ESTATUTARIO;3375,48;;3375,48;529,29;2846,19;
RODRIGO DA CRUZ DE OLIVEIRA;COORD. ADMINISTRAT. FINANCEIRA;AUX.ADM-III;AUX ADM; ESTATUTARIO;2321,04;;2321,04;324,95;1996,09;
ROMULO CESAR COELHO DE CASTRO;COORD. ADMINISTRAT. FINANCEIRA;A.TEC-III;ASSIST TECNICO; ESTATUTARIO;3577,54;;3577,54;559,60;3017,94;
RONILTON LEAO DE SOUZA;COORD. ADMINISTRAT. FINANCEIRA;AUX.ADM-III;; ESTATUTARIO;2321,04;;2321,04;324,95;1996,09;
ROSA CAPOTE VIEIRA;COORD. ADMINISTRAT. FINANCEIRA;GERENTE;GERENTE AD-2; CARGO COMISSION.S/VINCULO;4209,79;;4209,79;597,14;3612,65;
ROSANGELA LOPEZ ALANIS;CONSELHO ESTADUAL DE CULTURA;MEMBRO DE CONSELHO;; CONSELHO;450,00;;450,00;;450,00;
ROSIANE GARCIA PEREIRA;COORD. ADMINISTRAT. FINANCEIRA;A.TEC-III;; ESTATUTARIO;3375,48;;3375,48;529,29;2846,19;
ROSILDA OTAVIA MARQUES TEIXEIRA;COORD. ADMINISTRAT. FINANCEIRA;TEC.DE NIVEL SUPERIOR 2A CLASSE;; ESTATUTARIO;5778,50;;5778,50;1247,73;4530,77;
ROSIMAR SOBRINHO DOS SANTOS;COORD. ADMINISTRAT. FINANCEIRA;ASSESSOR III;ASSESSOR III AD-3; CARGO COMISSION.S/VINCULO;2195,80;;2195,80;177,82;2017,98;
ROSINEIDA LIMA PIMENTEL;COORD. ADMINISTRAT. FINANCEIRA;TNS-III;TEC. N. SUP. CONTAB; ESTATUTARIO;5574,37;;5574,37;1164,66;4409,71;
RUCEAN VIEIRA DA SILVA;COORD. ADMINISTRAT. FINANCEIRA;ASSESSOR III;ASSESSOR III; CARGO COMISSION.S/VINCULO;3191,80;;3191,80;327,46;2864,34;
RUY ALBERTO LINS LOURENCO ALMEIDA;COORD. ADMINISTRAT. FINANCEIRA;ASSESSOR II;; CARGO COMISSION.S/VINCULO;4209,79;;4209,79;597,14;3612,65;
SAMIR TORRES PEREIRA;COORD. ADMINISTRAT. FINANCEIRA;A.TEC-III;; ESTATUTARIO;3375,48;;3375,48;529,29;2846,19;
SAMUEL SOUZA DA SILVA;COORD. ADMINISTRAT. FINANCEIRA;BIBLI-III;BIBLIOTECARIO; ESTATUTARIO;5252,89;;5252,89;1100,11;4152,78;
SANDRA FEIJAO DE BRITO;COORD. ADMINISTRAT. FINANCEIRA;GERENTE;GERENTE AD-2; CARGO COMISSION.S/VINCULO;2609,79;;2609,79;216,23;2393,56;
SANDRA MARIA DOS SANTOS;COORD. ADMINISTRAT. FINANCEIRA;TNS-III;T.N.S TURISMO; ESTATUTARIO;5638,66;;5638,66;1237,99;4400,67;
SANDRA MESQUITA ARAUJO;COORD. ADMINISTRAT. FINANCEIRA;A.TEC-III;ASS.TEC.CONTABILIDAD; ESTATUTARIO;3375,48;;3375,48;529,29;2846,19;
SANDRO DE SOUZA PAULO;COORD. ADMINISTRAT. FINANCEIRA;GERENTE;NAO INFORMADO; CARGO COMISSION.S/VINCULO;3209,79;;3209,79;330,96;2878,83;
SANTANA RIBEIRO DUARTE;COORD. ADMINISTRAT. FINANCEIRA;AUX.O-I;; ESTATUTARIO;5205,94;;5205,94;765,36;4440,58;
SARIE SAMMY TEIXEIRA BRASIL;COORD. ADMINISTRAT. FINANCEIRA;ASSISTENTE TECNICO I;; ESTATUTARIO;3796,21;;3796,21;624,99;3171,22;
SERGIO VIEIRA CARDOSO;COORD. ADMINISTRAT. FINANCEIRA;CHEFE DE DEPARTAMENTO;CH.DPTO. AD-1; CARGO COMISSION.S/VINCULO;5229,77;923,52;4306,25;749,90;3556,35;
SHARLES SILVA DA COSTA;COORD. ADMINISTRAT. FINANCEIRA;A.TEC-II;GERENTE; ESTATUTARIO;4835,46;;4835,46;676,13;4159,33;
SHIRLEY MONTEIRO DE LIMA;COORD. ADMINISTRAT. FINANCEIRA;GERENTE;GERENTE; CARGO COMISSION.S/VINCULO;2213,79;;2213,79;179,44;2034,35;
SIDNEY CASTRO MEDINO;COORD. ADMINISTRAT. FINANCEIRA;AUX.O-III;AUX. OPER. CENOTECN; ESTATUTARIO;3461,81;;3461,81;377,51;3084,30;
SIGRID RAMOS CETRARO;COORD. ADMINISTRAT. FINANCEIRA;CHEFE DE DEPARTAMENTO;NAO INFORMADO; CARGO COMISSION.S/VINCULO;5229,77;;5229,77;957,83;4271,94;
SILVIA ANGELINA LIMA DOS SANTOS;COORD. ADMINISTRAT. FINANCEIRA;AUX.BIBLI-III;; ESTATUTARIO;2320,84;;2320,84;324,92;1995,92;
SILVIO DA SILVA PINTO JUNIOR;COORD. ADMINISTRAT. FINANCEIRA;ASSISTENTE TECNICO I;; ESTATUTARIO;3992,01;;3992,01;557,26;3434,75;
SOLANGE ACORDI MAKAREM;COORD. ADMINISTRAT. FINANCEIRA;GERENTE;GERENTE AD-2; CARGO COMISSION.S/VINCULO;3209,79;;3209,79;330,96;2878,83;
SOLANGE RAMOS DA SILVA;COORD. ADMINISTRAT. FINANCEIRA;AUX.O-III;AUX. OP. COSTUREIRA; ESTATUTARIO;2198,89;;2198,89;307,84;1891,05;
SONIA MARIA DAMASCENO;COORD. ADMINISTRAT. FINANCEIRA;BIBLIOTECARIO PNS-BBT-I;; ESTATUTARIO;7524,56;;7524,56;1854,24;5670,32;
STHEFANY RODRIGUES DA SILVA;COORD. ADMINISTRAT. FINANCEIRA;GERENTE;GERENTE; CARGO COMISSION.S/VINCULO;1699,79;;1699,79;133,18;1566,61;
SUELEN DA SILVA ALEXANDRE;COORD. ADMINISTRAT. FINANCEIRA;AUX.BIBLI-III;AUX. BIBLIOTECA; ESTATUTARIO;2320,84;;2320,84;324,92;1995,92;
SUELLEN RODRIGUES DE SOUZA;COORD. ADMINISTRAT. FINANCEIRA;SUBGERENTE;SUBGERENTE; CARGO COMISSION.S/VINCULO;1893,80;;1893,80;150,64;1743,16;
SUZY PEIXOTO OSAQUI;COORD. ADMINISTRAT. FINANCEIRA;TEC.DE NIVEL SUPERIOR 2A CLASSE;; ESTATUTARIO;5778,50;;5778,50;1247,73;4530,77;
TAMIRIS DA SILVA LIMA;COORD. ADMINISTRAT. FINANCEIRA;GERENTE;NAO INFORMADO; CARGO COMISSION.S/VINCULO;3209,79;;3209,79;330,96;2878,83;
TANIA MARIA BARROSO DA SILVA;COORD. ADMINISTRAT. FINANCEIRA;GERENTE;GERENTE AD 2; CARGO COMISSION.S/VINCULO;3209,79;;3209,79;330,96;2878,83;
TATIANA DE LIMA PEDROSA SANTOS;COORD. ADMINISTRAT. FINANCEIRA;ARQ-III;ARQUEOLOGO; ESTATUTARIO;5702,96;;5702,96;1262,20;4440,76;
TATIANA MESQUITA MARQUES;COORD. ADMINISTRAT. FINANCEIRA;GERENTE;NAO INFORMADO; CARGO COMISSION.S/VINCULO;2213,79;;2213,79;179,44;2034,35;
TATIANE SARMENTO GUIMARAES;COORD. ADMINISTRAT. FINANCEIRA;SUBGERENTE;SUBGERENTE AD-3; CARGO COMISSION.S/VINCULO;3191,80;;3191,80;327,46;2864,34;
TELMA INES VEIGA DO NASCIMENTO;COORD. ADMINISTRAT. FINANCEIRA;A.TEC-I;; ESTATUTARIO;6005,62;;6005,62;1301,29;4704,33;
TEREZA CRISTINA VIEIRA CANTANHEDE;COORD. ADMINISTRAT. FINANCEIRA;ASSISTENTE TECNICO III;; ESTATUTARIO;4673,80;;4673,80;788,24;3885,56;
THARCIANA CURINTIMA NOGUEIRA PENA;COORD. ADMINISTRAT. FINANCEIRA;AUX.ADM-III;; ESTATUTARIO;3461,81;;3461,81;394,62;3067,19;
THAYLINE CASTRO GAMA;COORD. ADMINISTRAT. FINANCEIRA;GERENTE;; CARGO COMISSION.S/VINCULO;2213,79;;2213,79;172,80;2040,99;
THAYNA MARIANA DE OLIVEIRA SANTOS;COORD. ADMINISTRAT. FINANCEIRA;GERENTE;NAO INFORMADO; CARGO COMISSION.S/VINCULO;1548,79;;1548,79;119,59;1429,20;
THIAGO HERMIDO DA SILVA;COORD. ADMINISTRAT. FINANCEIRA;ASSESSOR I;ASSESSOR I; CARGO COMISSION.S/VINCULO;5229,77;;5229,77;957,83;4271,94;
THIAGO MAGALHAES DO COUTO;COORD. ADMINISTRAT. FINANCEIRA;ASSESSOR III;ASSESSOR III; CARGO COMISSION.S/VINCULO;2195,80;;2195,80;177,82;2017,98;
TICIANA PEREIRA DE OLIVEIRA;COORD. ADMINISTRAT. FINANCEIRA;AUXILIAR ADMINISTRATIVO;AUXILIAR ADMINISTRAT; ESTATUTARIO;2321,04;;2321,04;324,95;1996,09;
VALCIENE RIBEIRO DE FARIAS;COORD. ADMINISTRAT. FINANCEIRA;GERENTE;GERENTE AD-2; CARGO COMISSION.S/VINCULO;4209,79;;4209,79;597,14;3612,65;
VALDENIRA NASCIMENTO DE AMARAL;COORD. ADMINISTRAT. FINANCEIRA;AUX.BIBLI-III;; ESTATUTARIO;2320,84;;2320,84;324,92;1995,92;
VALERIA LIMA MACHADO;COORD. ADMINISTRAT. FINANCEIRA;BIBLI-III;BIBLIOTECARIA 3ª CL.; ESTATUTARIO;5574,37;;5574,37;1213,79;4360,58;
VANDERLEY PINHEIRO;CONSELHO ESTADUAL DE CULTURA;MEMBRO DE CONSELHO;; CONSELHO;450,00;;450,00;;450,00;
VANERSSA MOTA DIAS;COORD. ADMINISTRAT. FINANCEIRA;ASSESSOR II;ASSESSOR II; CARGO COMISSION.S/VINCULO;2951,72;;2951,72;280,64;2671,08;
VANESSA COSTA DE ARAUJO;COORD. ADMINISTRAT. FINANCEIRA;ASSESSOR II;ASSESSOR II; CARGO COMISSION.S/VINCULO;3209,79;;3209,79;330,96;2878,83;
VANESSA SANTANA CARVALHO;COORD. ADMINISTRAT. FINANCEIRA;ASSESSOR II;ASSESSOR II; CARGO COMISSION.S/VINCULO;3209,79;;3209,79;330,96;2878,83;
VICTOR DANIEL COSTA DIAS;COORD. ADMINISTRAT. FINANCEIRA;A.TEC-III;ASSIST TECNICO; ESTATUTARIO;3375,48;;3375,48;529,29;2846,19;
VICTOR MARTINS DE LIRA;COORD. ADMINISTRAT. FINANCEIRA;AUX.O-III;AUX. OP. MONT. ORQ; ESTATUTARIO;2198,89;;2198,89;307,84;1891,05;
VITOR ALFAIA DA PAZ;COORD. ADMINISTRAT. FINANCEIRA;A.TEC-III;ASSIST TEC; ESTATUTARIO;3375,48;;3375,48;517,67;2857,81;
VIVIAN SALES COSTA BARBOSA;COORD. ADMINISTRAT. FINANCEIRA;A.TEC-II;; ESTATUTARIO;3655,15;;3655,15;584,40;3070,75;
WAGNER DIAS ELEUTERIO;COORD. ADMINISTRAT. FINANCEIRA;MAQUINISTA;; ESTATUTARIO;3497,38;;3497,38;564,64;2932,74;
WALDEANE REGINA DA SILVA DE QUEIROZ;COORD. ADMINISTRAT. FINANCEIRA;GERENTE;NAO INFORMADO; CARGO COMISSION.S/VINCULO;1699,79;;1699,79;133,18;1566,61;
WELLISSON BRITO BATISTA;CONSELHO ESTADUAL DE CULTURA;MEMBRO DE CONSELHO;; CONSELHO;900,00;;900,00;;900,00;
WILL DOUGLAS PEREIRA CILEIRO;COORD. ADMINISTRAT. FINANCEIRA;AUX.ADM-III;AUX ADM; ESTATUTARIO;2321,04;;2321,04;324,95;1996,09;
YASMIN PINHO WOODCOCK;COORD. ADMINISTRAT. FINANCEIRA;ASSESSOR III;ASSESSOR III; CARGO COMISSION.S/VINCULO;1335,80;;1335,80;100,42;1235,38;
ZACARIAS OLIVEIRA SOUSA;COORD. ADMINISTRAT. FINANCEIRA;AUX.O-III;AUX. OPER. CENOTECN; ESTATUTARIO;2198,89;;2198,89;307,84;1891,05;
