NOME;LOTACAO;CARGO;FUNCAO;CARGA HR SEM;DT DE ADMISSAO;VINCULO;REMUNERACAO LEGAL TOTAL(R$);DESC.TETO(R$); REMUNERACAO LEGAL DEVIDA(R$);DESCONTOS LEGAIS(R$);LIQUIDO DISPONIVEL(R$);
ABRAAO MIKAEL DE MELO DA SILVA;PENSIONISTA ESPECIAL;PENSIONISTA;; ;05/10/2020;PENSAO POR ORDEM JUDICIAL;880,00;;880,00;;880,00;
ACIDE TANARA ANDRADE DE OLIVEIRA;PENSIONISTA ESPECIAL;PENSIONISTA;; ;13/10/2009;PENSAO POR DECRETO;2852,59;;2852,59;57,49;2795,10;
ADEILSON ARTHUR MORAES DE OLIVEIRA;PENSIONISTA ESPECIAL;PENSIONISTA;; 40:00;01/10/2022;PENSAO POR DECRETO;6439,78;;6439,78;885,98;5553,80;
ADELIA EMANUELLY LIMA DOS SANTOS;PENSIONISTA ESPECIAL;PENSIONISTA;PENSAO ESPECIAL; ;04/09/2017;PENSAO POR ORDEM JUDICIAL;220,00;;220,00;;220,00;
ADEMILSON DOMINGOS;PENSIONISTA ESPECIAL;PENSIONISTA;; ;03/07/2020;PENSAO POR ORDEM JUDICIAL;220,00;;220,00;;220,00;
AGUILLEN SABRINY PERES DOS REIS;PENSIONISTAS DO ESTADO;PENSIONISTA;; 40:00;04/08/2023;PENSAO POR ORDEM JUDICIAL;880,00;;880,00;;880,00;
ALAN SOUZA DA ROCHA;PENSIONISTA ESPECIAL;PENSIONISTA;; ;25/10/2018;PENSAO POR ORDEM JUDICIAL;1320,00;;1320,00;;1320,00;
ALCILENE BARBOSA CENA;PENSIONISTA ESPECIAL;PENSIONISTA;PENSÃO ESPECIAL; ;26/12/2008;PENSAO POR ORDEM JUDICIAL;220,00;;220,00;;220,00;
ALCINETE AMORIM GUIMARAES;PENSIONISTA ESPECIAL;PENSIONISTA;; ;02/06/2020;PENSAO POR ORDEM JUDICIAL;440,00;;440,00;;440,00;
ALESSANDRA BRONE DA COSTA;PENSIONISTA ESPECIAL;PENSIONISTA;; ;08/11/2019;PENSAO POR ORDEM JUDICIAL;613,43;;613,43;;613,43;
ALESSANDRA GOMES FIGUEIRA;PENSIONISTA ESPECIAL;PENSIONISTA;; ;04/02/2020;PENSAO POR ORDEM JUDICIAL;440,00;;440,00;;440,00;
ALESSANDRO RHAVY FREIRE PRAIA;PENSIONISTA ESPECIAL;PENSIONISTA;; ;26/01/2021;PENSAO POR ORDEM JUDICIAL;293,33;;293,33;;293,33;
ALEXSANDER LIMA BATISTA;PENSIONISTA ESPECIAL;PENSIONISTA;; ;15/06/2000;PENSAO POR ORDEM JUDICIAL;1320,00;;1320,00;;1320,00;
ALEXSSANDRA DOS ANJOS MELO;PENSIONISTA ESPECIAL;PENSIONISTA;; ;08/06/2018;PENSAO POR ORDEM JUDICIAL;660,00;;660,00;;660,00;
ALICE CATARINA MORAES;PENSIONISTA ESPECIAL;PENSIONISTA;; ;02/10/1990;PENSAO POR ORDEM JUDICIAL;20650,42;;20650,42;;20650,42;
ALIETE BORGES COELHO;PENSIONISTA ESPECIAL;PENSIONISTA;; ;29/08/2001;PENSAO POR DECRETO;35462,22;;35462,22;;35462,22;
AMETHISTA DA COSTA LAVAREDA;PENSIONISTA ESPECIAL;PENSIONISTA;; ;30/12/1994;PENSAO POR ORDEM JUDICIAL;1200,00;;1200,00;;1200,00;
ANA BEATRIZ PEREIRA DA SILVA;PENSIONISTA ESPECIAL;PENSIONISTA;PENSAO ESPECIAL; ;21/06/2018;PENSAO POR ORDEM JUDICIAL;176,00;;176,00;;176,00;
ANA BIANCA PEREIRA DA SILVA;PENSIONISTA ESPECIAL;PENSIONISTA;PENSAO ESPECIAL; ;21/06/2018;PENSAO POR ORDEM JUDICIAL;176,00;;176,00;;176,00;
ANA CAROLINA DO NASCIMENTO FIGUEIRA;PENSIONISTAS DO ESTADO;PENSIONISTA;; 40:00;14/09/2022;PENSAO POR ORDEM JUDICIAL;293,33;;293,33;;293,33;
ANA CASSIA ELOA DE LIMA DA SILVA;PENSIONISTAS DO ESTADO;PENSIONISTA;; 40:00;05/06/2023;PENSAO POR ORDEM JUDICIAL;440,00;;440,00;;440,00;
ANA CLAIANE ANDRADE DA COSTA;PENSIONISTA ESPECIAL;PENSIONISTA;; ;26/08/2021;PENSAO POR ORDEM JUDICIAL;176,00;;176,00;;176,00;
ANA CLARA FREIRE DA SILVA;PENSIONISTAS DO ESTADO;PENSIONISTA;; 40:00;16/03/2023;PENSAO POR ORDEM JUDICIAL;880,00;;880,00;;880,00;
ANA CLAUDIA VIEIRA DOS SANTOS;PENSIONISTA ESPECIAL;PENSIONISTA;; ;17/11/2020;PENSAO POR ORDEM JUDICIAL;440,00;;440,00;;440,00;
ANA CRISTINA ANTONY DE OLIVEIRA;PENSIONISTA ESPECIAL;SUB-SECRETARIO DE ESTADO;; ;01/03/1997;PENSAO POR ORDEM JUDICIAL;11700,00;;11700,00;2332,54;9367,46;
ANA CRISTINA GUEDES DA SILVA;PENSIONISTA ESPECIAL;PENSIONISTA;PENSAO ESPECIAL; ;14/01/2013;PENSAO POR ORDEM JUDICIAL;440,00;;440,00;;440,00;
ANA GABRIHELLY COSTA MORAES;PENSIONISTA ESPECIAL;PENSIONISTA;; ;03/11/2021;PENSAO POR ORDEM JUDICIAL;293,33;;293,33;;293,33;
ANA LUIZA DOCE NEVES;PENSIONISTA ESPECIAL;PENSIONISTA;; ;16/04/2020;PENSAO POR ORDEM JUDICIAL;293,33;;293,33;;293,33;
ANDERSON ALMEIDA VIANA;PENSIONISTA ESPECIAL;PENSIONISTA;; 40:00;12/09/2022;PENSAO POR ORDEM JUDICIAL;220,00;;220,00;;220,00;
ANDREW CORREA DE ABREU;PENSIONISTA ESPECIAL;PENSIONISTA;; ;27/06/2013;PENSAO POR ORDEM JUDICIAL;3300,00;;3300,00;124,60;3175,40;
ANTONIO CARLOS FIGUEREDO DE MORAES;PENSIONISTA ESPECIAL;PENSIONISTA;; ;03/11/2021;PENSAO POR ORDEM JUDICIAL;293,33;;293,33;;293,33;
ANTONIO GUILHERME FERREIRA MUNIZ;PENSIONISTA ESPECIAL;PENSIONISTA;; ;06/05/2021;PENSAO POR ORDEM JUDICIAL;440,00;;440,00;;440,00;
ARLEY MATHEUS LOPES DA SILVA;PENSIONISTA ESPECIAL;PENSIONISTA;; ;23/10/2020;PENSAO POR ORDEM JUDICIAL;440,00;;440,00;;440,00;
AYLLA LIZ LIMA BRAGA;PENSIONISTA ESPECIAL;PENSIONISTA;; ;16/12/2020;PENSAO POR ORDEM JUDICIAL;880,00;;880,00;;880,00;
BERNARDO DOS SANTOS MARQUES;PENSIONISTA ESPECIAL;PENSIONISTA;; ;19/12/2017;PENSAO POR ORDEM JUDICIAL;220,00;;220,00;;220,00;
BILAC MANOEL BRAGA MOTA;PENSIONISTAS DO ESTADO;PENSIONISTA;; 40:00;09/08/2022;PENSAO POR ORDEM JUDICIAL;146,67;;146,67;;146,67;
BRAYAN MIGUEL DO CARMO VITALINO;PENSIONISTAS DO ESTADO;PENSIONISTA;; 40:00;11/01/2023;PENSAO POR ORDEM JUDICIAL;1320,00;;1320,00;;1320,00;
BRENO DE LIMA EVANGELISTA MARTINS;PENSIONISTA ESPECIAL;PENSIONISTA;; ;16/04/2020;PENSAO POR ORDEM JUDICIAL;440,00;;440,00;;440,00;
BRUNA LETICIA DE SOUZA REBELLO;PENSIONISTA ESPECIAL;PENSIONISTA;; ;28/08/2013;PENSAO POR ORDEM JUDICIAL;476,92;;476,92;;476,92;
BRYAN ANTHONY DA SILVA MACEDO;PENSIONISTAS DO ESTADO;PENSIONISTA;; 40:00;13/09/2023;PENSAO POR ORDEM JUDICIAL;3960,00;;3960,00;239,27;3720,73;
BRYAN FABIO DA SILVA SOARES;PENSIONISTA ESPECIAL;PENSIONISTA;; ;26/12/2018;PENSAO POR ORDEM JUDICIAL;660,00;;660,00;;660,00;
CARLA NAYUME JANGLIDES N E SILVA;PENSIONISTA ESPECIAL;PENSIONISTA;; ;10/06/2020;PENSAO POR ORDEM JUDICIAL;293,33;;293,33;;293,33;
CARLA VITORIA PACHECO CORREA;PENSIONISTA ESPECIAL;PENSIONISTA;; ;15/12/2020;PENSAO POR ORDEM JUDICIAL;880,00;;880,00;;880,00;
CARLOS FERNANDO DA SILVA FERREIRA;PENSIONISTA ESPECIAL;PENSIONISTA;; 40:00;05/08/2022;PENSAO POR ORDEM JUDICIAL;880,00;;880,00;;880,00;
CASSIA REGINA ARAUJO DE SOUZA;PENSIONISTA ESPECIAL;PENSIONISTA;; ;01/10/2020;PENSAO POR DECRETO;1901,73;;1901,73;;1901,73;
CECILIA DOS SANTOS;PENSIONISTA ESPECIAL;PENSIONISTA;; ;27/04/2020;PENSAO POR ORDEM JUDICIAL;880,00;;880,00;;880,00;
CINTIA DA SILVA DUARTE;PENSIONISTA ESPECIAL;PENSIONISTA;; ;25/06/2021;PENSAO POR ORDEM JUDICIAL;660,00;;660,00;;660,00;
CLAUDENORA ALFAIA DA COSTA ARAUJO;PENSIONISTA ESPECIAL;PENSIONISTA;; ;01/02/2012;PENSAO POR ORDEM JUDICIAL;1320,00;;1320,00;;1320,00;
CLEOMAR VIANA DE OLIVEIRA;PENSIONISTA ESPECIAL;PENSIONISTA;; ;30/10/1993;PENSAO POR ORDEM JUDICIAL;1320,00;;1320,00;;1320,00;
DANIEL PERES DOS REIS;PENSIONISTAS DO ESTADO;PENSIONISTA;; 40:00;04/08/2023;PENSAO POR ORDEM JUDICIAL;880,00;;880,00;;880,00;
DANIEL SYMON LIMA DOS SANTOS;PENSIONISTA ESPECIAL;PENSIONISTA;; ;22/11/2019;PENSAO POR ORDEM JUDICIAL;220,00;;220,00;;220,00;
DANILO CAJADO GOMES DA SILVA;PENSIONISTAS DO ESTADO;PENSIONISTA;; 40:00;05/12/2022;PENSAO POR ORDEM JUDICIAL;2640,00;;2640,00;39,60;2600,40;
DAVI LUIS DA SILVA FALCAO;PENSIONISTA ESPECIAL;PENSIONISTA;; 40:00;31/08/2022;PENSAO POR ORDEM JUDICIAL;1320,00;;1320,00;;1320,00;
DAYLA CORREA DE ABREU;PENSIONISTA ESPECIAL;PENSIONISTA;; ;27/06/2013;PENSAO POR ORDEM JUDICIAL;3300,00;;3300,00;124,60;3175,40;
DELMIRA MARCOS ARAUJO;PENSIONISTA ESPECIAL;PENSIONISTA;; ;14/07/1992;PENSAO POR LEI;1320,00;;1320,00;;1320,00;
DEUZO FRAZAO CENA;PENSIONISTA ESPECIAL;PENSIONISTA;PENSAO ESPECIAL; ;26/12/2008;PENSAO POR ORDEM JUDICIAL;220,00;;220,00;;220,00;
DIEGO GUILHERME DE SOUZA FERNANDES;PENSIONISTA ESPECIAL;PENSIONISTA;PENSÃO ESPECIAL; ;21/12/2017;PENSAO POR ORDEM JUDICIAL;880,00;;880,00;;880,00;
DORIAN CAVALCANTE NOGUEIRA;PENSIONISTA ESPECIAL;PENSIONISTA;; ;24/10/1977;PENSAO POR LEI;1320,13;;1320,13;;1320,13;
DOUGLAS DE OLIVEIRA BELEZA;PENSIONISTA ESPECIAL;PENSIONISTA;; ;16/05/2001;PENSAO POR LEI;1360,00;;1360,00;;1360,00;
DOUGLAS GABRIEL SILVA BENTES;PENSIONISTA ESPECIAL;PENSIONISTA;; ;18/03/2022;PENSAO POR ORDEM JUDICIAL;440,00;;440,00;;440,00;
DULCINEIA LESSA BRAGA;PENSIONISTA ESPECIAL;PENSIONISTA;PENSIONISTA; ;26/10/1988;PENSAO POR ORDEM JUDICIAL;763,60;;763,60;;763,60;
EDNA AGUIAR ANTONY;PENSIONISTA ESPECIAL;PENSIONISTA;; ;26/01/1979;PENSAO POR ORDEM JUDICIAL;1320,00;;1320,00;;1320,00;
ELAINE MACHADO DOS ANJOS;PENSIONISTAS DO ESTADO;PENSIONISTA;; 40:00;27/01/2023;PENSAO POR ORDEM JUDICIAL;440,00;;440,00;;440,00;
ELIAS MARTINS DA SILVA;PENSIONISTA ESPECIAL;PENSIONISTA;PENSAO ESPECIAL; ;14/01/2013;PENSAO POR ORDEM JUDICIAL;440,00;;440,00;;440,00;
ELISON MARQUES DA COSTA;PENSIONISTA ESPECIAL;PENSIONISTA;; ;11/02/2021;PENSAO POR ORDEM JUDICIAL;880,00;;880,00;;880,00;
ELIZABETH ANDRADE CAVALCANTE;PENSIONISTA ESPECIAL;PENSIONISTA;; ;16/12/1986;PENSAO POR LEI;2640,00;;2640,00;39,60;2600,40;
ELIZABETH PINHEIRO ZUIDGEEST;PENSIONISTA ESPECIAL;PENSIONISTA;; ;15/01/1990;PENSAO POR ORDEM JUDICIAL;1320,00;;1320,00;;1320,00;
ELZANGELA DUARTE RODRIGUES DE LIMA;PENSIONISTAS DO ESTADO;PENSIONISTA;; 40:00;05/04/2022;PENSAO POR ORDEM JUDICIAL;880,00;;880,00;;880,00;
ELZIMAR BRASIL PINTO;PENSIONISTAS DO ESTADO;PENSIONISTA;; 40:00;25/08/2023;PENSAO POR ORDEM JUDICIAL;1320,00;;1320,00;;1320,00;
EMANUEL ROBERTO BELO DA SILVA;PENSIONISTAS DO ESTADO;PENSIONISTA;; 40:00;06/07/2022;PENSAO POR ORDEM JUDICIAL;880,00;;880,00;;880,00;
EMANUELLE VITORIA CARVALHO PEREIRA;PENSIONISTAS DO ESTADO;PENSIONISTA;; 40:00;16/03/2023;PENSAO POR ORDEM JUDICIAL;880,00;;880,00;;880,00;
EMANUELY BEATRIZ BRAGA MOTA;PENSIONISTAS DO ESTADO;PENSIONISTA;; 40:00;09/08/2022;PENSAO POR ORDEM JUDICIAL;146,67;;146,67;;146,67;
EMILLY VITORIA PALHETA DE CARVALHO;PENSIONISTA ESPECIAL;PENSIONISTA;; ;03/07/2020;PENSAO POR ORDEM JUDICIAL;880,00;;880,00;;880,00;
EMILY LIMA DA COSTA;PENSIONISTA ESPECIAL;PENSIONISTA;; 40:00;19/09/2022;PENSAO POR ORDEM JUDICIAL;1320,00;;1320,00;;1320,00;
ENDREW YURI LIMA DA SILVA;PENSIONISTAS DO ESTADO;PENSIONISTA;; 40:00;05/06/2023;PENSAO POR ORDEM JUDICIAL;440,00;;440,00;;440,00;
ERICK DE LIMA EVANGELISTA MARTINS;PENSIONISTA ESPECIAL;PENSIONISTA;; ;16/04/2020;PENSAO POR ORDEM JUDICIAL;440,00;;440,00;;440,00;
ERLELIA PEREIRA DE SOUZA;PENSIONISTAS DO ESTADO;PENSIONISTA;; 40:00;19/04/2023;PENSAO POR ORDEM JUDICIAL;1626,80;;1626,80;;1626,80;
ESTEFANI YASMIM DOS ANJOS DA SILVA;PENSIONISTAS DO ESTADO;PENSIONISTA;; 40:00;27/01/2023;PENSAO POR ORDEM JUDICIAL;146,67;;146,67;;146,67;
ETELVINA PEREIRA BARROSO;PENSIONISTA ESPECIAL;PENSIONISTA;; ;08/06/2018;PENSAO POR ORDEM JUDICIAL;660,00;;660,00;;660,00;
FELIPE MENDES DE MIRANDA;PENSIONISTAS DO ESTADO;PENSIONISTA;; 40:00;28/06/2023;PENSAO POR ORDEM JUDICIAL;1320,00;;1320,00;;1320,00;
FERNANDA ALFAIA BARROS;PENSIONISTAS DO ESTADO;PENSIONISTA;; 40:00;28/06/2023;PENSAO POR ORDEM JUDICIAL;1980,00;;1980,00;;1980,00;
FLAVIA ROMANA CAMPOS DE MENEZES;PENSIONISTAS DO ESTADO;PENSIONISTA;; 40:00;04/01/2023;PENSAO POR ORDEM JUDICIAL;880,00;;880,00;;880,00;
FRANCIMARA CAMPOS DE CARVALHO;PENSIONISTA ESPECIAL;PENSIONISTA;; ;27/07/2015;PENSAO POR ORDEM JUDICIAL;880,00;;880,00;;880,00;
FRANCISCO DE FREITAS ROLA;PENSIONISTA ESPECIAL;PENSIONISTA;; ;01/06/1990;PENSAO POR LEI;31589,57;;31589,57;7221,37;24368,20;
FRANCISCO FERREIRA DA SILVA;PENSIONISTA ESPECIAL;PENSIONISTA;PENSAO ESPECIAL; ;02/01/2007;PENSAO POR LEI;3661,68;;3661,68;;3661,68;
FRANCISCO FILIPE DOS ANJOS DA SILVA;PENSIONISTAS DO ESTADO;PENSIONISTA;; 40:00;27/01/2023;PENSAO POR ORDEM JUDICIAL;146,67;;146,67;;146,67;
FRANCISCO MONTEIRO DO CARMO;PENSIONISTAS ALFREDO DA MATA;PENSIONISTA LEI 1735 DE 14.11.85;; ;05/03/2020;PENSIONISTA POR LEI;1302,00;;1302,00;;1302,00;
FRANCISCO PEDRO TAVARES DE CARVALHO;PENSIONISTA ESPECIAL;PENSIONISTA;; ;25/09/2019;PENSAO POR ORDEM JUDICIAL;440,00;;440,00;;440,00;
FRANCISCO QUEIROZ DA SILVA;PENSIONISTAS ALFREDO DA MATA;PENSIONISTA LEI 1735 DE 14.11.85;; ;05/03/2020;PENSIONISTA POR LEI;1302,00;;1302,00;;1302,00;
FRANCISLEILA ALMEIDA DUARTE;PENSIONISTAS DO ESTADO;PENSIONISTA;; 40:00;05/04/2023;PENSAO POR ORDEM JUDICIAL;330,00;;330,00;;330,00;
GABRIEL DE SOUZA CABRAL;PENSIONISTA ESPECIAL;PENSIONISTA;; ;11/02/2020;PENSAO POR DECRETO;3219,89;;3219,89;112,58;3107,31;
GABRIEL OLIVEIRA BARROS;PENSIONISTA ESPECIAL;PENSIONISTA;; ;14/07/2021;PENSAO POR ORDEM JUDICIAL;440,00;;440,00;;440,00;
GEANDERSON GERALDO KUHS ANDRADE;PENSIONISTAS DO ESTADO;PENSIONISTA;; 40:00;17/12/2021;PENSAO POR ORDEM JUDICIAL;293,33;;293,33;;293,33;
GEOMAR SANTOS DE SOUZA;PENSIONISTA ESPECIAL;PENSIONISTA;; ;28/05/2019;PENSAO POR ORDEM JUDICIAL;1320,00;;1320,00;;1320,00;
GERTRUDES OLIVEIRA LIRA;PENSIONISTA ESPECIAL;PENSIONISTA;; ;25/07/2022;PENSAO POR ORDEM JUDICIAL;1320,00;;1320,00;;1320,00;
GISELE CARDOSO PEREIRA;PENSIONISTA ESPECIAL;PENSIONISTA;PENSAO ESPECIAL; ;21/06/2018;PENSAO POR ORDEM JUDICIAL;176,00;;176,00;;176,00;
GISELLE MOREIRA SA;PENSIONISTA ESPECIAL;PENSIONISTA;; 40:00;19/09/2022;PENSAO POR ORDEM JUDICIAL;1320,00;;1320,00;;1320,00;
GLAUCO ROBERT NEGREIROS RIBEIRO;PENSIONISTA ESPECIAL;PENSIONISTA;; ;19/11/2020;PENSAO POR ORDEM JUDICIAL;880,00;;880,00;;880,00;
GLORIA ANGELICO DA SILVA;PENSIONISTA ESPECIAL;PENSIONISTA;; ;25/01/2022;PENSAO POR ORDEM JUDICIAL;880,00;;880,00;;880,00;
GRACILENE RODRIGUES DO NASCIMENTO;PENSIONISTA ESPECIAL;PENSIONISTA;; ;03/05/2022;PENSAO POR ORDEM JUDICIAL;1320,00;;1320,00;;1320,00;
GUILHERME MICHEL DUARTE FEITOSA;PENSIONISTA ESPECIAL;PENSIONISTA;; ;25/06/2021;PENSAO POR ORDEM JUDICIAL;660,00;;660,00;;660,00;
HELENA SHOFIA CHAGA ROCHA;PENSIONISTA ESPECIAL;PENSIONISTA;; ;15/10/2021;PENSAO POR ORDEM JUDICIAL;880,00;;880,00;;880,00;
HORLANDINA DA SILVA CAVALCANTE;PENSIONISTA ESPECIAL;PENSIONISTA;PENSAO ESPECIAL; ;04/01/2019;PENSAO POR ORDEM JUDICIAL;880,00;;880,00;;880,00;
IDELBERTO HIGOR CORREA MAFRA;PENSIONISTA ESPECIAL;PENSIONISTA;; ;26/08/2021;PENSAO POR ORDEM JUDICIAL;440,00;;440,00;;440,00;
IOMAR MIGUEL SILVA COSTA;PENSIONISTA ESPECIAL;PENSIONISTA;; ;05/06/2020;PENSAO POR ORDEM JUDICIAL;880,00;;880,00;;880,00;
ISAAC DUARTE CLEMENTINO;PENSIONISTA ESPECIAL;PENSIONISTA;; ;14/10/2020;PENSAO POR ORDEM JUDICIAL;7920,00;;7920,00;1293,04;6626,96;
ISABELLY GABRIELLY SILVA BENTES;PENSIONISTA ESPECIAL;PENSIONISTA;; ;18/03/2022;PENSAO POR ORDEM JUDICIAL;440,00;;440,00;;440,00;
ISAIAS CALHEIROS DO VALE;PENSIONISTA ESPECIAL;PENSIONISTA;; ;13/01/2020;PENSAO POR ORDEM JUDICIAL;1320,00;;1320,00;;1320,00;
ISMAEL LHEVY FREIRE PRAIA;PENSIONISTA ESPECIAL;PENSIONISTA;; ;26/01/2021;PENSAO POR ORDEM JUDICIAL;293,33;;293,33;;293,33;
ITALO RYAN SANTOS CAMPELO;PENSIONISTA ESPECIAL;PENSIONISTA;; ;17/07/2019;PENSAO POR ORDEM JUDICIAL;880,00;;880,00;;880,00;
IVAN DA SILVA JESUS;PENSIONISTAS DO ESTADO;PENSIONISTA;; 40:00;12/09/2023;PENSAO POR ORDEM JUDICIAL;743,82;;743,82;;743,82;
IVONE ANDRADE MARTINS;PENSIONISTA ESPECIAL;PENSIONISTA;; ;14/08/2020;PENSAO POR ORDEM JUDICIAL;880,00;;880,00;;880,00;
IVONE BASILIO DE SOUZA;PENSIONISTA ESPECIAL;PENSIONISTA;; ;02/10/2020;PENSAO POR ORDEM JUDICIAL;440,00;;440,00;;440,00;
JANEIDE PROTAZIO DE SOUZA;PENSIONISTA ESPECIAL;PENSIONISTA;; 40:00;07/12/2018;PENSAO POR ORDEM JUDICIAL;440,00;;440,00;;440,00;
JASMINE GABRIELLY SOUZA CASTRO;PENSIONISTAS DO ESTADO;PENSIONISTA;; 40:00;30/05/2023;PENSAO POR ORDEM JUDICIAL;880,00;;880,00;;880,00;
JEAN LUIZ ALBUQUERQUE SIDO;PENSIONISTA ESPECIAL;PENSIONISTA;; ;06/08/2019;PENSAO POR ORDEM JUDICIAL;1320,00;;1320,00;;1320,00;
JELSON JONY SILVA DE LIMA;PENSIONISTA ESPECIAL;PENSIONISTA;; ;29/04/1999;PENSAO POR ORDEM JUDICIAL;1320,00;;1320,00;;1320,00;
JOAO BATISTA FREITAS DE SOUZA;PENSIONISTA ESPECIAL;PENSIONISTA;; ;11/09/2001;PENSAO POR ORDEM JUDICIAL;2640,00;;2640,00;39,60;2600,40;
JOAO VICTOR MAGALHAES SOARES;PENSIONISTA ESPECIAL;PENSIONISTA;; ;26/12/2018;PENSAO POR ORDEM JUDICIAL;660,00;;660,00;;660,00;
JOAO VINICIUS DA SILVA MUNIZ;PENSIONISTA ESPECIAL;PENSIONISTA;; ;06/05/2021;PENSAO POR ORDEM JUDICIAL;440,00;;440,00;;440,00;
JOAO VITOR BEZERRA SANTOS MENEZES;PENSIONISTA ESPECIAL;PENSIONISTA;; ;01/01/2014;PENSAO POR ORDEM JUDICIAL;1320,00;;1320,00;;1320,00;
JOELMA MORAES CASCAIS;PENSIONISTA ESPECIAL;PENSIONISTA;; ;09/03/2020;PENSAO POR ORDEM JUDICIAL;880,00;;880,00;;880,00;
JOHANNE SOPHIE CORREA MAFRA;PENSIONISTA ESPECIAL;PENSIONISTA;; ;26/08/2021;PENSAO POR ORDEM JUDICIAL;440,00;;440,00;;440,00;
JOHNNY SENA FURTADO;PENSIONISTA ESPECIAL;PENSIONISTA;; 40:00;20/05/2022;PENSAO POR ORDEM JUDICIAL;2640,00;;2640,00;39,60;2600,40;
JOSE ALBERTO DE LIMA;PENSIONISTA ESPECIAL;PENSIONISTA;; ;04/09/2017;PENSAO POR ORDEM JUDICIAL;440,00;;440,00;;440,00;
JOSE BRUNO DA SILVA;PENSIONISTA ESPECIAL;PENSIONISTA;; ;23/05/2013;PENSAO POR ORDEM JUDICIAL;440,00;;440,00;;440,00;
JOSE CARLOS SOUZA DE OLIVEIRA FILHO;PENSIONISTA ESPECIAL;PENSIONISTA;; ;30/09/2020;PENSAO POR ORDEM JUDICIAL;2424,00;;2424,00;23,40;2400,60;
JOSE FERNANDO DE CASTRO PINTO;PENSIONISTA ESPECIAL;PENSIONISTA;; ;01/12/1998;PENSAO POR ORDEM JUDICIAL;1320,00;;1320,00;;1320,00;
JOSE LUIZ GOMES SOARES;PENSIONISTA ESPECIAL;PENSIONISTA;PENSAO ESPECIAL; ;11/01/2018;PENSAO POR ORDEM JUDICIAL;1320,00;;1320,00;;1320,00;
JOSE LUIZ SOUZA DE LACERDA;PENSIONISTA ESPECIAL;PENSIONISTA;; ;03/05/2021;PENSAO POR ORDEM JUDICIAL;3960,00;;3960,00;239,27;3720,73;
JOSE MELO DE OLIVEIRA;PENSIONISTA ESPECIAL;PENSIONISTA EX-GOVERNADOR;; ;01/08/2017;PENSAO POR LEI;34070,00;;34070,00;7903,49;26166,51;
JOSE RIBAMAR RIOS;PENSIONISTA ESPECIAL;PENSIONISTA;PENSAO ESPECIAL; ;22/06/2011;PENSAO POR ORDEM JUDICIAL;1320,00;;1320,00;;1320,00;
JOVENIL GOMES AMORIM;PENSIONISTA ESPECIAL;PENSIONISTA;; ;06/05/2020;PENSAO POR ORDEM JUDICIAL;440,00;;440,00;;440,00;
JUDITE RODRIGUES DE SOUZA;PENSIONISTA ESPECIAL;PENSIONISTA;PENSAO ESPECIAL; ;22/07/2008;PENSAO POR ORDEM JUDICIAL;1600,00;;1600,00;;1600,00;
JULIA LETICIA SOUZA DE OLIVEIRA;PENSIONISTA ESPECIAL;PENSIONISTA;; ;07/07/2022;PENSAO POR ORDEM JUDICIAL;293,33;;293,33;;293,33;
KACIEL DOS SANTOS MARQUES;PENSIONISTA ESPECIAL;PENSIONISTA;PENSAO ESPECIAL; ;01/12/2017;PENSAO POR ORDEM JUDICIAL;220,00;;220,00;;220,00;
KAIO VITOR BATISTA DE OLIVEIRA;PENSIONISTA ESPECIAL;PENSIONISTA;; ;29/04/2019;PENSAO POR ORDEM JUDICIAL;880,00;;880,00;;880,00;
KAMILA VITORIA NOGUEIRA BARROS;PENSIONISTAS DO ESTADO;PENSIONISTA;; 40:00;01/02/2023;PENSAO POR ORDEM JUDICIAL;880,00;;880,00;;880,00;
KAMILE DE OLIVEIRA PEREIRA;PENSIONISTA ESPECIAL;PENSIONISTA;; ;01/07/2015;PENSAO POR ORDEM JUDICIAL;880,00;;880,00;;880,00;
KAMILE VITORIA ANDRADE DA COSTA;PENSIONISTA ESPECIAL;PENSIONISTA;; ;26/08/2021;PENSAO POR ORDEM JUDICIAL;176,00;;176,00;;176,00;
KAREN VITORIA DE SOUZA VENTILARI;PENSIONISTA ESPECIAL;PENSIONISTA;; ;01/10/2020;PENSAO POR DECRETO;1901,73;;1901,73;;1901,73;
KARINE ALVES DE ANDRADE;PENSIONISTA ESPECIAL;PENSIONISTA;; ;26/08/2021;PENSAO POR ORDEM JUDICIAL;176,00;;176,00;;176,00;
KASSIANE VITORIA DE O PEREIRA;PENSIONISTA ESPECIAL;PENSIONISTA;; ;01/07/2015;PENSAO POR ORDEM JUDICIAL;880,00;;880,00;;880,00;
KESIA MARA DE SOUZA CABRAL;PENSIONISTA ESPECIAL;PENSIONISTA;; ;11/02/2020;PENSAO POR DECRETO;3219,89;;3219,89;112,58;3107,31;
KEZIA KYSSILEM FERREIRA PINTO;PENSIONISTA ESPECIAL;PENSIONISTA;; ;08/06/2018;PENSAO POR ORDEM JUDICIAL;2640,00;;2640,00;39,60;2600,40;
KIMBERLI GABRIELY GOMES DE LIMA;PENSIONISTA ESPECIAL;PENSIONISTA;; ;22/02/2022;PENSAO POR ORDEM JUDICIAL;440,00;;440,00;;440,00;
LAURA YASMIM PERES DOS REIS;PENSIONISTAS DO ESTADO;PENSIONISTA;; 40:00;04/08/2023;PENSAO POR ORDEM JUDICIAL;880,00;;880,00;;880,00;
LAYHANDRA SOUZA DE OLIVEIRA;PENSIONISTA ESPECIAL;PENSIONISTA;; ;19/08/2016;PENSAO POR ORDEM JUDICIAL;440,00;;440,00;;440,00;
LEILA SILVA DOMINGOS;PENSIONISTAS DO ESTADO;PENSIONISTA;; 40:00;03/07/2020;PENSAO POR ORDEM JUDICIAL;220,00;;220,00;;220,00;
LEIS MARA CABRAL BRAGA;PENSIONISTAS DO ESTADO;PENSIONISTA;; 40:00;09/08/2022;PENSAO POR ORDEM JUDICIAL;440,00;;440,00;;440,00;
LEONARDO PEREIRA LOPES;PENSIONISTA ESPECIAL;PENSIONISTA;; ;05/10/2020;PENSAO POR ORDEM JUDICIAL;1320,00;;1320,00;;1320,00;
LINDALVA FILINTO GOMES;PENSIONISTA ESPECIAL;PENSIONISTA;; ;26/04/2022;PENSAO POR ORDEM JUDICIAL;880,00;;880,00;;880,00;
LIVIA EMANUELLY DOS SANTOS OLIVEIRA;PENSIONISTA ESPECIAL;PENSIONISTA;; ;17/12/2020;PENSAO POR ORDEM JUDICIAL;440,00;;440,00;;440,00;
LUANY VICTORIA DE CASTRO MARTINS;PENSIONISTAS DO ESTADO;PENSIONISTA;; 40:00;07/03/2023;PENSAO POR ORDEM JUDICIAL;3875,67;;3875,67;220,30;3655,37;
LUCIANA DE BELEM MEMORIA;PENSIONISTA ESPECIAL;PENSIONISTA;; ;14/10/2020;PENSAO POR ORDEM JUDICIAL;1320,00;;1320,00;;1320,00;
LUCIANY WEYDA DE OLIVEIRA CORREA;PENSIONISTA ESPECIAL;PENSIONISTA;; ;08/06/2020;PENSAO POR ORDEM JUDICIAL;2640,00;;2640,00;39,60;2600,40;
LUCIRENE OLIVA REZENDE;PENSIONISTA ESPECIAL;SECRETARIO DE ESTADO;; ;01/08/1997;PENSAO POR ORDEM JUDICIAL;28060,00;;28060,00;6250,74;21809,26;
LUIZ FERNANDO TAVEIRA FERREIRA;PENSIONISTAS DO ESTADO;PENSIONISTA;; 40:00;22/08/2022;PENSAO POR ORDEM JUDICIAL;880,00;;880,00;;880,00;
LUIZ ROBERTO REIS SILVA;PENSIONISTA ESPECIAL;PENSIONISTA;; ;20/08/2019;PENSAO POR ORDEM JUDICIAL;1320,00;;1320,00;;1320,00;
LUIZA BEATRIZ DOCE NEVES;PENSIONISTA ESPECIAL;PENSIONISTA;; ;16/04/2020;PENSAO POR ORDEM JUDICIAL;293,33;;293,33;;293,33;
LUSANIRA RODRIGUES DE OLIVEIRA;PENSIONISTAS DO ESTADO;PENSIONISTA;; 40:00;08/11/2022;PENSAO POR ORDEM JUDICIAL;440,00;;440,00;;440,00;
MAIARA GABRIELI KUHSANDRADE;PENSIONISTA ESPECIAL;PENSIONISTA;; ;17/12/2021;PENSAO POR ORDEM JUDICIAL;293,33;;293,33;;293,33;
MANUELA DE OLIVEIRA DOS SANTOS;PENSIONISTA ESPECIAL;PENSIONISTA;; ;19/08/2016;PENSAO POR ORDEM JUDICIAL;220,00;;220,00;;220,00;
MANUELA VITORIA FELIX SOARES;PENSIONISTA ESPECIAL;PENSIONISTA;PENSAO ESPECIAL; ;04/04/2017;PENSAO POR ORDEM JUDICIAL;2640,00;;2640,00;39,60;2600,40;
MARCILEIA DA CRUZ FREITAS;PENSIONISTA ESPECIAL;PENSIONISTA;; ;04/04/2022;PENSAO POR ORDEM JUDICIAL;880,00;;880,00;;880,00;
MARCOS ANTONIO BRAGA MOTA;PENSIONISTAS DO ESTADO;PENSIONISTA;; 40:00;09/08/2022;PENSAO POR ORDEM JUDICIAL;146,67;;146,67;;146,67;
MARCOS DANIEL PEREIRA DA SILVA;PENSIONISTA ESPECIAL;PENSIONISTA;PENSAO ESPECIAL; ;21/06/2018;PENSAO POR ORDEM JUDICIAL;176,00;;176,00;;176,00;
MARCOS DE OLIVEIRA;PENSIONISTA ESPECIAL;PENSIONISTA;; ;20/05/2009;PENSAO POR ORDEM JUDICIAL;1320,00;;1320,00;;1320,00;
MARCOS YAGO VIANA DA SILVA;PENSIONISTA ESPECIAL;PENSIONISTA;; 40:00;16/11/2021;PENSAO POR ORDEM JUDICIAL;440,00;;440,00;;440,00;
MARCUS TULIO CAVALCANTE COSTA;PENSIONISTA ESPECIAL;PENSIONISTA;; ;21/06/1990;PENSAO POR ORDEM JUDICIAL;1320,00;;1320,00;;1320,00;
MARIA APARECIDA SOUZA ARAUJO;PENSIONISTA ESPECIAL;PENSIONISTA;; ;13/02/2020;PENSAO POR ORDEM JUDICIAL;440,00;;440,00;;440,00;
MARIA AUXILIADORA MONTEIRO DE LUNAS;PENSIONISTA ESPECIAL;PENSIONISTA;; ;24/05/2018;PENSAO POR ORDEM JUDICIAL;440,00;;440,00;;440,00;
MARIA CLARA DA SILVA SAMPAIO;PENSIONISTA ESPECIAL;PENSIONISTA;PENSAO ESPECIAL; ;25/09/2017;PENSAO POR ORDEM JUDICIAL;880,00;;880,00;;880,00;
MARIA CLARA DO NASCIMENTO FIGUEIRA;PENSIONISTAS DO ESTADO;PENSIONISTA;; 40:00;14/09/2022;PENSAO POR ORDEM JUDICIAL;293,33;;293,33;;293,33;
MARIA CONSUELO PINHEIRO DA SILVA;PENSIONISTA ESPECIAL;PENSIONISTA;; ;16/11/2021;PENSAO POR ORDEM JUDICIAL;440,00;;440,00;;440,00;
MARIA DA SILVA GONCALVES;PENSIONISTAS DO ESTADO;PENSIONISTA;; 40:00;15/07/2021;PENSAO POR ORDEM JUDICIAL;440,00;;440,00;;440,00;
MARIA DE FATIMA ROCHA BORGES;PENSIONISTAS DO ESTADO;PENSIONISTA;; 40:00;25/05/2022;PENSAO POR ORDEM JUDICIAL;579,95;;579,95;;579,95;
MARIA DE JESUS CORREA DA COSTA;PENSIONISTA ESPECIAL;PENSIONISTA;; ;27/06/1989;PENSAO POR DECRETO;1984,84;;1984,84;;1984,84;
MARIA DE JESUS MACHADO;PENSIONISTA ESPECIAL;PENSIONISTA;; ;04/04/2022;PENSAO POR ORDEM JUDICIAL;750,00;;750,00;;750,00;
MARIA DE LOURDES PEREIRA RAMOS;PENSIONISTA ESPECIAL;PENSIONISTA;; ;19/03/2019;PENSAO POR ORDEM JUDICIAL;440,00;;440,00;;440,00;
MARIA DE LOURDES RODRIGUES C TELLES;PENSIONISTA ESPECIAL;PENSIONISTA;; ;20/11/1989;PENSAO POR ORDEM JUDICIAL;9900,00;;9900,00;1256,74;8643,26;
MARIA DE NAZARE OLIVEIRA REZENDE;PENSIONISTA ESPECIAL;PENSIONISTA;; ;01/10/1987;PENSAO POR ORDEM JUDICIAL;20049,79;;20049,79;4047,93;16001,86;
MARIA DIVA PEREIRA DA SILVA;PENSIONISTA ESPECIAL;PENSIONISTA;; ;07/07/2022;PENSAO POR ORDEM JUDICIAL;293,33;;293,33;;293,33;
MARIA DO PERPETUO S C BITTENCOURT;PENSIONISTA ESPECIAL;PENSIONISTA;; ;29/07/1987;PENSAO POR LEI;1320,00;;1320,00;;1320,00;
MARIA DO SOCORRO CAMPOS;PENSIONISTA ESPECIAL;PENSIONISTA;; ;28/09/1984;PENSAO POR ORDEM JUDICIAL;880,00;;880,00;;880,00;
MARIA EDUARDA DOS ANJOS DA SILVA;PENSIONISTAS DO ESTADO;PENSIONISTA;; 40:00;27/01/2023;PENSAO POR ORDEM JUDICIAL;146,67;;146,67;;146,67;
MARIA EDUARDA FERREIRA DE OLIVEIRA;PENSIONISTA ESPECIAL;PENSIONISTA;; ;07/07/2022;PENSAO POR ORDEM JUDICIAL;293,33;;293,33;;293,33;
MARIA EDUARDA GUERREIRO DE LIMA;PENSIONISTA ESPECIAL;PENSIONISTA;; ;04/11/2020;PENSAO POR ORDEM JUDICIAL;880,00;;880,00;;880,00;
MARIA ELOINA BARBOSA DE SOUZA;PENSIONISTA ESPECIAL;PENSIONISTA;; ;30/11/2021;PENSAO POR ORDEM JUDICIAL;220,00;;220,00;;220,00;
MARIA FLOR GOMES COSTA;PENSIONISTA ESPECIAL;PENSIONISTA;; ;13/11/2020;PENSAO POR ORDEM JUDICIAL;880,00;;880,00;;880,00;
MARIA HELOISE ROCHA CAVALCANTE;PENSIONISTA ESPECIAL;PENSIONISTA;PENSAO ESPECIAL; ;13/12/2016;PENSAO POR ORDEM JUDICIAL;880,00;;880,00;;880,00;
MARIA JULIA SILVEIRA DE MELO;PENSIONISTA ESPECIAL;PENSIONISTA;PENSAO ESPECIAL; ;01/09/2016;PENSAO POR ORDEM JUDICIAL;1320,00;;1320,00;;1320,00;
MARIA KUHS;PENSIONISTA ESPECIAL;PENSIONISTA;; ;17/12/2021;PENSAO POR ORDEM JUDICIAL;293,33;;293,33;;293,33;
MARIA LUIZA DE CASTRO MARTINS;PENSIONISTAS DO ESTADO;PENSIONISTA;; 40:00;07/03/2023;PENSAO POR ORDEM JUDICIAL;3875,67;;3875,67;220,30;3655,37;
MARIA MIRACEMA TEIXEIRA CARDOSO SAU;PENSIONISTA ESPECIAL;PENSIONISTA;PENSAO ESPECIAL; ;09/06/2006;PENSAO POR ORDEM JUDICIAL;1800,00;;1800,00;;1800,00;
MARIA RUTH PORTO DE MORAES;PENSIONISTA ESPECIAL;PENSIONISTA;; ;02/05/2003;PENSAO POR ORDEM JUDICIAL;1320,00;;1320,00;;1320,00;
MARILENE LIRA PAIVA;PENSIONISTAS DO ESTADO;PENSIONISTA;; 40:00;27/06/2019;PENSAO POR ORDEM JUDICIAL;880,00;;880,00;;880,00;
MARILIA PEREIRA MACHADO;PENSIONISTA ESPECIAL;SUB-SECRETARIO DE ESTADO;; ;09/12/1999;PENSAO POR LEI;11700,00;;11700,00;1751,74;9948,26;
MARINALVA MONTEIRO FREIRE;PENSIONISTA ESPECIAL;PENSIONISTA;; ;26/01/2021;PENSAO POR ORDEM JUDICIAL;293,33;;293,33;;293,33;
MARINEIDE CRUZ UCHOA;PENSIONISTAS DO ESTADO;PENSIONISTA;; 40:00;17/10/2023;PENSAO POR ORDEM JUDICIAL;1290,66;;1290,66;;1290,66;
MARISA DOS SANTOS RODRIGUES;PENSIONISTA ESPECIAL;PENSIONISTA;PENSAO ESPECIAL; ;17/11/2006;PENSAO POR ORDEM JUDICIAL;5000,00;;5000,00;62,80;4937,20;
MARTA IRLEI DA SILVA MONTEIRO;PENSIONISTA ESPECIAL;PENSIONISTA;; ;23/10/2020;PENSAO POR ORDEM JUDICIAL;440,00;;440,00;;440,00;
MARY GERALDINA DOS SANTOS PIMENTEL;PENSIONISTA ESPECIAL;PENSIONISTA;; ;23/06/2020;PENSAO POR ORDEM JUDICIAL;440,00;;440,00;;440,00;
MARY TEREZA RAMOS DE ALBUQUERQUE;PENSIONISTA ESPECIAL;PENSIONISTA;; ;13/08/2021;PENSAO POR ORDEM JUDICIAL;880,00;;880,00;;880,00;
MATEUS XAVIER DO NASCIMENTO;PENSIONISTAS DO ESTADO;PENSIONISTA;; 40:00;14/11/2022;PENSAO POR ORDEM JUDICIAL;293,33;;293,33;;293,33;
MATILDE ALVES DA SILVA;PENSIONISTA ESPECIAL;PENSIONISTA;; ;15/03/2021;PENSAO POR ORDEM JUDICIAL;880,00;;880,00;;880,00;
MAX SAND OLIVEIRA DA COSTA;PENSIONISTA ESPECIAL;PENSIONISTA;; ;26/08/2021;PENSAO POR ORDEM JUDICIAL;176,00;;176,00;;176,00;
MAXWELL DE OLIVEIRA DOS SANTOS;PENSIONISTA ESPECIAL;PENSIONISTA;; ;19/08/2016;PENSAO POR ORDEM JUDICIAL;220,00;;220,00;;220,00;
MAYSA BEATRIZ VIANA BARROS;PENSIONISTAS DO ESTADO;PENSIONISTA;; 40:00;11/07/2022;PENSAO POR ORDEM JUDICIAL;880,00;;880,00;;880,00;
MAYSA GABRIELLY DE A CAVALCANTE;PENSIONISTA ESPECIAL;PENSIONISTA;; ;15/06/2020;PENSAO POR ORDEM JUDICIAL;880,00;;880,00;;880,00;
MIGUEL LEONDRES FIRMINO MELO;PENSIONISTAS DO ESTADO;PENSIONISTA;; 40:00;05/01/2023;PENSAO POR ORDEM JUDICIAL;880,00;;880,00;;880,00;
MILENA PAULA ALMEIDA VIANA;PENSIONISTA ESPECIAL;PENSIONISTA;; 40:00;12/09/2022;PENSAO POR ORDEM JUDICIAL;220,00;;220,00;;220,00;
MIRELLA DA SILVA FERNANDES;PENSIONISTA ESPECIAL;PENSIONISTA;; ;15/04/2021;PENSAO POR ORDEM JUDICIAL;3520,00;;3520,00;;3520,00;
NARA JANGLESDES NOGUEIRA E SILVA;PENSIONISTA ESPECIAL;PENSIONISTA;; ;10/06/2020;PENSAO POR ORDEM JUDICIAL;293,33;;293,33;;293,33;
NEIA DE OLIVEIRA CRUZ;PENSIONISTA ESPECIAL;PENSIONISTA;; ;01/04/2019;PENSAO POR ORDEM JUDICIAL;1320,00;;1320,00;;1320,00;
NICOLLAS VICTOR CORDEIRO MONTEIRO;PENSIONISTAS DO ESTADO;PENSIONISTA;; 40:00;02/08/2023;PENSAO POR ORDEM JUDICIAL;1320,00;;1320,00;;1320,00;
NICOLLE ANDRADE VINHOTE;PENSIONISTA ESPECIAL;PENSIONISTA;; ;13/10/2009;PENSAO POR DECRETO;2852,59;;2852,59;57,49;2795,10;
NICOLLY VITORIA CORDEIRO MONTEIRO;PENSIONISTAS DO ESTADO;PENSIONISTA;; 40:00;02/08/2023;PENSAO POR ORDEM JUDICIAL;1320,00;;1320,00;;1320,00;
NUBIA ALVES DE OLIVEIRA;PENSIONISTAS DO ESTADO;PENSIONISTA;; 40:00;12/01/2023;PENSAO POR ORDEM JUDICIAL;440,00;;440,00;;440,00;
OSMARINA MACEDO DE SOUZA;PENSIONISTA ESPECIAL;PENSIONISTA;; ;29/10/2020;PENSAO POR ORDEM JUDICIAL;440,00;;440,00;;440,00;
PALOMA MIKAELY OLIVEIRA DA COSTA;PENSIONISTA ESPECIAL;PENSIONISTA;; ;26/08/2021;PENSAO POR ORDEM JUDICIAL;176,00;;176,00;;176,00;
PAULO DE SOUZA;PENSIONISTA ESPECIAL;PENSIONISTA;; ;30/11/2021;PENSAO POR ORDEM JUDICIAL;220,00;;220,00;;220,00;
PAULO JHONATAN DO NASCIMENTO LOPES;PENSIONISTAS DO ESTADO;PENSIONISTA;; 40:00;29/03/2023;PENSAO POR ORDEM JUDICIAL;1320,00;;1320,00;;1320,00;
PEDRO MIGUEL DA SILVA LIMA;PENSIONISTA ESPECIAL;PENSIONISTA;; ;22/02/2022;PENSAO POR ORDEM JUDICIAL;440,00;;440,00;;440,00;
PEDRO YGOR VIANA DA SILVA;PENSIONISTA ESPECIAL;PENSIONISTA;; 40:00;16/11/2021;PENSAO POR ORDEM JUDICIAL;440,00;;440,00;;440,00;
RAIMUNDA GOMES DA COSTA;PENSIONISTA ESPECIAL;PENSIONISTA;; ;19/08/2022;PENSAO POR ORDEM JUDICIAL;880,00;;880,00;;880,00;
RAIMUNDA VIEIRA DA SILVA;PENSIONISTA ESPECIAL;PENSIONISTA;PENSAO ESPECIAL; ;29/01/2018;PENSAO POR ORDEM JUDICIAL;1320,00;;1320,00;;1320,00;
RAMAIANA NOGUEIRA HENRIQUES;PENSIONISTA ESPECIAL;PENSIONISTA;PENSAO ESPECIAL; ;06/08/2018;PENSAO POR ORDEM JUDICIAL;1320,00;;1320,00;;1320,00;
RAPHAELA MENESES DINIZ;PENSIONISTAS DO ESTADO;PENSIONISTA;; 40:00;26/10/2022;PENSAO POR ORDEM JUDICIAL;1320,00;;1320,00;;1320,00;
REINALDO PEREIRA MIRANDA NETO;PENSIONISTA ESPECIAL;PENSIONISTA;; 40:00;20/09/2022;PENSAO POR ORDEM JUDICIAL;880,00;;880,00;;880,00;
REJANE MARIA LEBRE DE OLIVEIRA;PENSIONISTA ESPECIAL;PENSIONISTA;; ;10/08/1978;PENSAO POR ORDEM JUDICIAL;1320,00;;1320,00;;1320,00;
RICARDO MENDES SALES FILHO;PENSIONISTA ESPECIAL;PENSIONISTA;; ;03/01/2011;PENSAO POR ORDEM JUDICIAL;1320,00;;1320,00;;1320,00;
RICARDO OLIVEIRA DOS SANTOS;PENSIONISTA ESPECIAL;PENSIONISTA;; ;12/04/2018;PENSAO POR ORDEM JUDICIAL;1320,00;;1320,00;;1320,00;
ROBERTO DE OLIVEIRA CORREA FILHO;PENSIONISTA ESPECIAL;PENSIONISTA;; ;15/12/2020;PENSAO POR ORDEM JUDICIAL;880,00;;880,00;;880,00;
ROBERTO MARINHO PEREIRA;PENSIONISTA ESPECIAL;PENSIONISTA;; ;28/03/2001;PENSAO POR ORDEM JUDICIAL;2640,00;;2640,00;;2640,00;
ROSA FERREIRA MENDONCA;PENSIONISTAS DO ESTADO;PENSIONISTA;; 40:00;17/08/2022;PENSAO POR ORDEM JUDICIAL;880,00;;880,00;;880,00;
ROSEANE DOS ANJOS DOCE;PENSIONISTA ESPECIAL;PENSIONISTA;; ;16/04/2020;PENSAO POR ORDEM JUDICIAL;293,33;;293,33;;293,33;
ROSIMAR SERGIO DA SILVA;PENSIONISTA ESPECIAL;PENSIONISTA;; ;08/09/2021;PENSAO POR ORDEM JUDICIAL;1320,00;;1320,00;;1320,00;
ROSIMEIRE VENANCIO DA SILVA;PENSIONISTA ESPECIAL;PENSIONISTA;; ;13/03/2001;PENSAO POR ORDEM JUDICIAL;2640,00;;2640,00;39,60;2600,40;
ROSINHA ALMEIDA MORAES;PENSIONISTA ESPECIAL;PENSIONISTA;; 40:00;12/09/2022;PENSAO POR ORDEM JUDICIAL;440,00;;440,00;;440,00;
ROSSIMAR DOS SANTOS PAES;PENSIONISTA ESPECIAL;PENSIONISTA;; ;13/08/2021;PENSAO POR ORDEM JUDICIAL;880,00;;880,00;;880,00;
RUAN KAYLON NASCIMENTO NUNES;PENSIONISTAS DO ESTADO;PENSIONISTA;; 40:00;19/06/2023;PENSAO POR ORDEM JUDICIAL;2640,00;;2640,00;39,60;2600,40;
RUBENS RODRIGUES MARQUES NETO;PENSIONISTA ESPECIAL;PENSIONISTA;PENSAO ESPECIAL; ;01/12/2017;PENSAO POR ORDEM JUDICIAL;220,00;;220,00;;220,00;
RYAN CARLOS E SILVA PARENTE;PENSIONISTA ESPECIAL;PENSIONISTA;; ;10/06/2020;PENSAO POR ORDEM JUDICIAL;293,33;;293,33;;293,33;
SAMARA DE LIRA LIMA;PENSIONISTA ESPECIAL;PENSIONISTA;; ;24/07/2020;PENSAO POR ORDEM JUDICIAL;440,00;;440,00;;440,00;
SAMELA REBECA TAVARES DOS SANTOS;PENSIONISTA ESPECIAL;PENSIONISTA;PENSAO ESPECIAL; ;04/09/2017;PENSAO POR ORDEM JUDICIAL;220,00;;220,00;;220,00;
SAMUEL LIMA DOS SANTOS JUNIOR;PENSIONISTA ESPECIAL;PENSIONISTA;PENSAO ESPECIAL; ;22/11/2019;PENSAO POR ORDEM JUDICIAL;220,00;;220,00;;220,00;
SAMUEL PEREIRA DA SILVA;PENSIONISTA ESPECIAL;PENSIONISTA;PENSAO ESPECIAL; ;21/06/2018;PENSAO POR ORDEM JUDICIAL;176,00;;176,00;;176,00;
SHIRLEY MARIA SANTOS DA SILVA;PENSIONISTA ESPECIAL;PENSIONISTA;; ;13/12/2021;PENSAO POR ORDEM JUDICIAL;1320,00;;1320,00;;1320,00;
SILVINHA MACEDO SILVA;PENSIONISTA ESPECIAL;PENSIONISTA;; ;11/12/2012;PENSAO POR ORDEM JUDICIAL;1320,00;;1320,00;;1320,00;
STEPHANIE RIBEIRO DA SILVA;PENSIONISTA ESPECIAL;PENSIONISTA;PENSAO ESPECIAL; ;20/09/2012;PENSAO POR ORDEM JUDICIAL;1320,00;;1320,00;;1320,00;
TATIANE DE SOUZA GOMES;PENSIONISTA ESPECIAL;PENSIONISTA;; ;17/07/1996;PENSAO POR ORDEM JUDICIAL;1320,00;;1320,00;;1320,00;
TEREZA BENEVIDES SCHERMULY SANTOS;PENSIONISTA ESPECIAL;PENSIONISTA LEI 1735 DE 14.11.85;; ;22/08/2005;PENSAO POR ORDEM JUDICIAL;1320,00;;1320,00;;1320,00;
TEREZINHA MARTINS GOIANO;PENSIONISTA ESPECIAL;PENSIONISTA;; ;12/02/2016;PENSAO POR ORDEM JUDICIAL;1320,00;;1320,00;;1320,00;
ULYSSES DE SOUZA DA SILVEIRA;PENSIONISTA ESPECIAL;PENSIONISTA;; ;02/03/2006;PENSAO POR ORDEM JUDICIAL;3300,00;;3300,00;;3300,00;
URIEL ARTUR BORGES DE MENEZES;PENSIONISTAS DO ESTADO;PENSIONISTA;; 40:00;25/05/2022;PENSAO POR ORDEM JUDICIAL;579,95;;579,95;;579,95;
VALDENORA BARBOSA FARIAS;PENSIONISTAS DO ESTADO;PENSIONISTA;; 40:00;07/11/2022;PENSAO POR ORDEM JUDICIAL;440,00;;440,00;;440,00;
VALENTINA FIDELIS;PENSIONISTA ESPECIAL;PENSIONISTA;; ;14/07/1992;PENSAO POR LEI;1320,00;;1320,00;;1320,00;
VANDA VEIGA FERREIRA;PENSIONISTA ESPECIAL;PENSIONISTA;; ;01/10/2019;PENSAO POR ORDEM JUDICIAL;440,00;;440,00;;440,00;
VANDERLEY OLIVEIRA DE SOUZA;PENSIONISTA ESPECIAL;PENSIONISTA;; ;24/07/2020;PENSAO POR ORDEM JUDICIAL;440,00;;440,00;;440,00;
VANUZA RUBIA GUIMARAES HARTZ;PENSIONISTA ESPECIAL;SUB-SECRETARIO DE ESTADO;; ;29/03/2000;PENSAO POR ORDEM JUDICIAL;11700,00;;11700,00;1751,74;9948,26;
VERINELSON CRUZ E SOUSA;PENSIONISTA ESPECIAL;PENSIONISTA;; ;01/04/2019;PENSAO POR ORDEM JUDICIAL;1320,00;;1320,00;;1320,00;
VICENTE GALUCIO DA SILVA;PENSIONISTAS DO ESTADO;PENSIONISTA;; 40:00;07/11/2022;PENSAO POR ORDEM JUDICIAL;440,00;;440,00;;440,00;
VIOLETA CASTELO BRANCO GONCALVES;PENSIONISTA ESPECIAL;PENSIONISTA;; ;28/12/2005;PENSAO POR ORDEM JUDICIAL;5000,00;;5000,00;62,80;4937,20;
VITOR ROBERTO OLIVEIRA RODRIGUES;PENSIONISTA ESPECIAL;PENSIONISTA;; ;14/07/2021;PENSAO POR ORDEM JUDICIAL;440,00;;440,00;;440,00;
VITORIA CASSIANO DE SOUZA VENTILARI;PENSIONISTA ESPECIAL;PENSIONISTA;; ;01/10/2020;PENSAO POR DECRETO;1901,73;;1901,73;;1901,73;
WELDA CORDEIRO BEZERRA;PENSIONISTAS DO ESTADO;PENSIONISTA;; 40:00;02/08/2023;PENSAO POR ORDEM JUDICIAL;5236,00;;5236,00;554,94;4681,06;
WELLEM RAYANDRA DA SILVA ESQUERDO;PENSIONISTA ESPECIAL;PENSIONISTA;; 40:00;21/09/2022;PENSAO POR ORDEM JUDICIAL;440,00;;440,00;;440,00;
WENDELL MIGUEL GONCALVES MELGUEIRO;PENSIONISTA ESPECIAL;PENSIONISTA;; ;13/04/2020;PENSAO POR ORDEM JUDICIAL;440,00;;440,00;;440,00;
WYNYCK HENRICK DA SILVA MENDES;PENSIONISTAS DO ESTADO;PENSIONISTA;; 40:00;22/12/2022;PENSAO POR ORDEM JUDICIAL;1320,00;;1320,00;;1320,00;
YASMIM NATHALIA DE MATOS PEREIRA;PENSIONISTA ESPECIAL;PENSIONISTA;PENSAO ESPECIAL; ;18/10/2017;PENSAO POR ORDEM JUDICIAL;293,33;;293,33;;293,33;
YGOR SAMUEL DE ALMEIDA GOMES;PENSIONISTA ESPECIAL;PENSIONISTA;; ;07/08/2020;PENSAO POR ORDEM JUDICIAL;1320,00;;1320,00;;1320,00;
YURI VINICIUS GERALDES DOS SANTOS;PENSIONISTA ESPECIAL;PENSIONISTA;; ;13/12/2019;PENSAO POR ORDEM JUDICIAL;1320,00;;1320,00;;1320,00;
