NOME;LOTACAO;CARGO;FUNCAO;VINCULO;REMUNERACAO LEGAL TOTAL(R$);DESC.TETO(R$); REMUNERACAO LEGAL DEVIDA(R$);DESCONTOS LEGAIS(R$);LIQUIDO DISPONIVEL(R$);
ALVARO RODRIGUES MARQUES NETO;PENSAO ESPECIAL - POL MILITAR;PENSIONISTA;PENSAO ESPECIAL; PENSAO POR DECRETO;4921,36;;4921,36;484,01;4437,35;
ANA CARLA REGO DA SILVA;PENSAO ESPECIAL - POL MILITAR;PENSIONISTA;PENSAO ESPECIAL; PENSAO POR DECRETO;1003,05;;1003,05;;1003,05;
ANA CAROLINA REGO DA SILVA;PENSAO ESPECIAL - POL MILITAR;PENSIONISTA;PENSAO ESPECIAL; PENSAO POR DECRETO;1003,05;;1003,05;;1003,05;
ANA CLAUDIA DOS SANTOS ALVES;PENSAO ESPECIAL - POL MILITAR;PENSIONISTA;; PENSAO POR DECRETO;4921,36;;4921,36;484,01;4437,35;
ANA CLEURY DA COSTA MENEZES;PENSAO ESPECIAL - POL MILITAR;PENSIONISTA;PENSIONISTA; PENSAO POR DECRETO;6439,78;;6439,78;901,58;5538,20;
ANDREA SANTIAGO GONCALVES;PENSAO ESPECIAL - POL MILITAR;PENSIONISTA;; PENSAO POR DECRETO;4921,36;;4921,36;484,01;4437,35;
ANGELA MARIA AGRA PEREIRA;PENSAO ESPECIAL - POL MILITAR;PENSIONISTA;; PENSAO POR DECRETO;16312,10;;16312,10;3092,87;13219,23;
ANTONIA MARIA DE OLIVEIRA;PENSAO ESPECIAL - POL MILITAR;PENSIONISTA;; PENSAO POR DECRETO;5015,24;;5015,24;111,89;4903,35;
ANTONIA SEBASTIANA PEREIRA DA SILVA;PENSAO ESPECIAL - POL MILITAR;PENSIONISTA;; PENSAO POR DECRETO;8049,78;;8049,78;820,74;7229,04;
BIANCA LYRA FALCAO;PENSAO ESPECIAL - POL MILITAR;PENSIONISTA;; PENSAO POR DECRETO;4956,01;;4956,01;493,54;4462,47;
CLEIDE DOS SANTOS CALHEIROS;PENSAO ESPECIAL - POL MILITAR;PENSIONISTA;; PENSAO POR DECRETO;12479,25;;12479,25;2038,84;10440,41;
DEUZANIRA OLIVEIRA VIEIRA;PENSAO ESPECIAL - POL MILITAR;PENSIONISTA;; PENSAO POR DECRETO;6439,78;;6439,78;901,58;5538,20;
DUCILENE FERREIRA DA SILVA;PENSAO ESPECIAL - POL MILITAR;PENSIONISTA;; PENSAO POR DECRETO;6154,81;;6154,81;320,31;5834,50;
EDINEIDE LIMA BATALHA CARNEIRO;PENSAO ESPECIAL - POL MILITAR;PENSIONISTA;; PENSAO POR DECRETO;4921,36;;4921,36;484,01;4437,35;
EDNA SILVA RIBEIRO;PENSAO ESPECIAL - POL MILITAR;PENSIONISTA;; PENSAO POR DECRETO;6439,78;;6439,78;901,58;5538,20;
ESTHER KRAMER SOARES CAVALCANTE;PENSAO ESPECIAL - POL MILITAR;PENSIONISTA;; PENSAO POR DECRETO;6439,78;;6439,78;901,58;5538,20;
FRANCISCA BARRETO PINTO;PENSAO ESPECIAL - POL MILITAR;PENSIONISTA;; PENSAO POR DECRETO;4956,01;;4956,01;493,54;4462,47;
FRANCISCA LUZINETTE BRASIL GUEDES;PENSAO ESPECIAL - POL MILITAR;PENSIONISTA;; PENSAO POR DECRETO;7819,78;;7819,78;1281,08;6538,70;
GABRIEL ISMAEL LOPES;PENSAO ESPECIAL - POL MILITAR;PENSIONISTA;; PENSAO POR DECRETO;1230,35;;1230,35;;1230,35;
GIRLEY MAR DO NASCIMENTO;PENSAO ESPECIAL - POL MILITAR;PENSIONISTA;; PENSAO POR DECRETO;4921,36;;4921,36;484,01;4437,35;
GLAUCIMARA VILHENA CORREA;PENSAO ESPECIAL - POL MILITAR;PENSIONISTA;; PENSAO POR DECRETO;6011,74;;6011,74;783,87;5227,87;
JUCIENE SILVA DA SILVA;PENSAO ESPECIAL - POL MILITAR;PENSIONISTA;PENSIONISTA; PENSAO POR DECRETO;6439,78;;6439,78;901,58;5538,20;
LUCAS FERREIRA GIL DA SILVA;PENSAO ESPECIAL - POL MILITAR;PENSIONISTA;PENSAO ESPECIAL; PENSAO POR DECRETO;1003,05;;1003,05;;1003,05;
LUCENILZA TEIXEIRA DA SILVA;PENSAO ESPECIAL - POL MILITAR;PENSIONISTA;; PENSAO POR DECRETO;5975,98;;5975,98;774,03;5201,95;
LUCIA MARIA DOS SANTOS ZIK;PENSAO ESPECIAL - POL MILITAR;PENSIONISTA;; PENSAO POR DECRETO;4921,36;;4921,36;97,81;4823,55;
LUIS ELISEU GOIS LOPES;PENSAO ESPECIAL - POL MILITAR;PENSIONISTA;; PENSAO POR DECRETO;1230,35;;1230,35;;1230,35;
LUIS VITOR LEITAO LOPES;PENSAO ESPECIAL - POL MILITAR;PENSIONISTA;PENSIONISTA; PENSAO POR DECRETO;1230,35;;1230,35;;1230,35;
MARIA AUXILIADORA QUEIROZ DA SILVA;PENSAO ESPECIAL - POL MILITAR;PENSIONISTA;; PENSAO POR DECRETO;14265,28;;14265,28;2072,85;12192,43;
MARIA EDIEZIA DOS SANTOS FEITOSA;PENSAO ESPECIAL - POL MILITAR;CABO;; PENSAO POR DECRETO;6439,78;;6439,78;819,08;5620,70;
MARIA LEONOR PEREIRA DA SILVA;PENSAO ESPECIAL - POL MILITAR;PENSIONISTA;; PENSAO POR DECRETO;6439,78;;6439,78;901,58;5538,20;
MARIA SANDRA CORDEIRO DE SOUZA;PENSAO ESPECIAL - POL MILITAR;PENSIONISTA;PENSIONISTA; PENSAO POR DECRETO;5975,98;;5975,98;705,28;5270,70;
MARLENE SARAIVA DE SOUZA;PENSAO ESPECIAL - POL MILITAR;PENSIONISTA;; PENSAO POR DECRETO;14719,58;;14719,58;3178,52;11541,06;
MARLY SOUSA OLIVEIRA;PENSAO ESPECIAL - POL MILITAR;PENSIONISTA;; PENSAO POR DECRETO;4921,36;;4921,36;97,81;4823,55;
NAIDE MALVEIRA LIMA;PENSAO ESPECIAL - POL MILITAR;PENSIONISTA;; PENSAO POR DECRETO;4921,36;;4921,36;97,81;4823,55;
NORMACY FERREIRA COSTA;PENSAO ESPECIAL - POL MILITAR;PENSIONISTA;; PENSAO POR DECRETO;6439,78;;6439,78;901,58;5538,20;
OSMARINA DANTAS MAGALHAES;PENSAO ESPECIAL - POL MILITAR;PENSIONISTA;; PENSAO POR DECRETO;6047,52;;6047,52;793,71;5253,81;
ROSALINA CUNHA DE SOUZA;PENSAO ESPECIAL - POL MILITAR;PENSIONISTA;; PENSAO POR DECRETO;7819,78;;7819,78;757,49;7062,29;
ROSINALVA LEMOS REGO;PENSAO ESPECIAL - POL MILITAR;PENSIONISTA;PENSAO ESPECIAL; PENSAO POR DECRETO;280,67;;280,67;;280,67;
SILVIA QUEIROZ DE SOUZA;PENSAO ESPECIAL - POL MILITAR;PENSIONISTA;; PENSAO POR DECRETO;6439,78;;6439,78;901,58;5538,20;
ZULEIDE MELO DOS SANTOS;PENSAO ESPECIAL - POL MILITAR;PENSIONISTA;; PENSAO POR DECRETO;4921,36;;4921,36;97,81;4823,55;
