NOME;LOTACAO;CARGO;FUNCAO;VINCULO;REMUNERACAO LEGAL TOTAL(R$);DESC.TETO(R$); REMUNERACAO LEGAL DEVIDA(R$);DESCONTOS LEGAIS(R$);LIQUIDO DISPONIVEL(R$);
ALAN CORREA DOS SANTOS;DEPARTAMENTO DE INFORMATICA;ASSESSOR I;NAO INFORMADO; CARGO COMISSION.S/VINCULO;10229,77;;10229,77;2332,83;7896,94;
ALCENIR MENDONCA DA SILVA;GABINETE DO SECRETARIO;GERENTE;GERENTE; CARGO COMISSION.S/VINCULO;4209,79;;4209,79;597,14;3612,65;
ALCY NASCIMENTO LIMA;GERENCIA DE OBRAS DO INTERIOR;ENG-I;; ESTATUTARIO;13277,41;;13277,41;3414,27;9863,14;
ALCY VIEIRA DA SILVA;DEPTO.DE ENGENHARIA;A.OPE-I;; ESTATUTARIO;4005,37;;4005,37;707,04;3298,33;
ALEANDRA TAVARES MEIRELES;GERENCIA DE GESTAO DE PESSOAS;GERENTE;GERENTE; CARGO COMISSION.S/VINCULO;4209,79;;4209,79;585,61;3624,18;
ALEX ALMEIDA DOS REIS;GERENCIA DE ORCAMENTO;DIGITADOR;; ESTATUTARIO;3577,54;;3577,54;221,36;3356,18;
ALFREDO FARIAS DA ROCHA FILHO;DEPARTAMENTO DE ADM.E FINANCAS;ASSESSOR IV;ASSESSOR IV; CARGO COMISSION.S/VINCULO;3175,61;;3175,61;324,29;2851,32;
ALLAN ALMEIDA DOS REIS;GERENCIA DE ORCAMENTO;DIGITADOR;; ESTATUTARIO;3577,54;;3577,54;276,06;3301,48;
ALLAN DE SOUZA SILVA;GERENCIA DE CONTABILIDADE;GERENTE;GERENTE; CARGO COMISSION.S/VINCULO;4209,79;;4209,79;597,14;3612,65;
ALZENEIDE MORAIS DE SOUZA;ASSESSORIA JURIDICA;ASSESSOR II;ASSESSOR II; CARGO COMISSION.S/VINCULO;4209,79;;4209,79;597,14;3612,65;
AMANDA MORAES DA SILVA;GERENCIA DE GESTAO DE PESSOAS;ASSESSOR IV;NAO INFORMADO; CARGO COMISSION.S/VINCULO;3175,61;;3175,61;324,29;2851,32;
AMANDA TAVARES DOS SANTOS;GERENCIA DE PROJETOS;ASSESSOR II;ASSESSOR II; CARGO COMISSION.S/VINCULO;6455,01;;6455,01;1419,13;5035,88;
ANA BEATRIZ DE SOUZA MACHADO;ASSESSORIA TECNICA;SUBGERENTE;SUBGERENTE; CARGO COMISSION.S/VINCULO;3191,80;;3191,80;327,46;2864,34;
ANA CAROLINA MOURA DE SA CAVALCANTE;GERENCIA DE CONTR.FINANCEIROS;ASSESSOR I;NAO INFORMADO; CARGO COMISSION.S/VINCULO;5229,77;;5229,77;914,81;4314,96;
ANA CLAUDIA DE AZEVEDO MONTEIRO;ASSESSORIA JURIDICA;ASSESSOR I;ASSESSOR I; CARGO COMISSION.S/VINCULO;5229,77;;5229,77;957,83;4271,94;
ANA LUCIA DE MATOS SAMPAIO;GERENCIA DE OBRAS DO INTERIOR;ASSESSOR TECNICO;; CARGO COMISSION.S/VINCULO;7000,00;;7000,00;1624,32;5375,68;
ANDERSON RICARDO DE SOUZA BENCHIMOL;ASSESSORIA JURIDICA;ASSESSOR TECNICO;NAO INFORMADO; CARGO COMISSION.S/VINCULO;14000,00;;14000,00;3549,32;10450,68;
ANDRE GOMES DE OLIVEIRA;GERENCIA DE OBRAS DO INTERIOR;ENG-I;; ESTATUTARIO;12386,26;;12386,26;3117,33;9268,93;
ANDREZA DA SILVA VARGAS;GERENCIA DE GESTAO DE PESSOAS;ASSESSOR III;ASSESSOR III; CARGO COMISSION.S/VINCULO;3191,80;;3191,80;327,46;2864,34;
ANNE CAROLINE DE FREITAS MATOS;GERENCIA DE PROJETOS;ASSESSOR TECNICO;NAO INFORMADO; CARGO COMISSION.S/VINCULO;7000,00;;7000,00;1624,32;5375,68;
ANNE KAROLINE OLIVEIRA DE ANDRADE;GERENCIA DE CONTR.FINANCEIROS;ASSESSOR II;ASSESSOR II; CARGO COMISSION.S/VINCULO;4209,79;;4209,79;597,14;3612,65;
ANTONIA CLICE MENDES FIALHO;GERENCIA DE GESTAO DE PESSOAS;CHEFE DE DEPARTAMENTO;NAO INFORMADO; CARGO COMISSION.S/VINCULO;10229,77;;10229,77;2280,69;7949,08;
ANTONIO ARAUJO GONCALVES JUNIOR;GERENCIA DE OBRAS DO INTERIOR;ASSESSOR I;NAO INFORMADO; CARGO COMISSION.S/VINCULO;5229,77;;5229,77;957,83;4271,94;
ANTONIO CARLOS ALBUQUERQUE ARAUJO;DEPTO.DE ENGENHARIA;ASSESSOR III;ASSESSOR III; CARGO COMISSION.S/VINCULO;3191,80;;3191,80;327,46;2864,34;
ANTONIO CARLOS GOMES MIRANDA FILHO;GERENCIA DE OBRAS DO INTERIOR;ASSESSOR TECNICO;ASSESSOR TECNICO; CARGO COMISSION.S/VINCULO;7000,00;;7000,00;1624,32;5375,68;
ARI CASTELO BRANCO;GERENCIA DE ORCAMENTO;ENG-I;; ESTATUTARIO;12486,77;;12486,77;3207,31;9279,46;
ARTHUR GABRIEL GONCALVES NETO;DEPARTAMENTO DE ENGENHARIA;ASSESSOR TECNICO;ASSESSOR TECNICO; CARGO COMISSION.S/VINCULO;7000,00;;7000,00;1572,18;5427,82;
AUGUSTA EDMEA ROCHA DAS NEVES;GERENCIA DE PROJETOS;ARQUITETO;; ESTATUTARIO;11252,89;;11252,89;2742,75;8510,14;
BRENDA ANDES BARBOSA;DEPTO.DE ENGENHARIA;ASSESSOR II;NAO INFORMADO; CARGO COMISSION.S/VINCULO;4209,79;;4209,79;597,14;3612,65;
BRUNO EDUARDO MORAIS DAS NEVES;GERENCIA DE CONTR.FINANCEIROS;SUBGERENTE;SUBGERENTE; CARGO COMISSION.S/VINCULO;3191,80;;3191,80;327,46;2864,34;
CARLOS ALBERTO DO NASCIMENTO E SILV;GABINETE DO SECRETARIO;ASSESSOR II;; CARGO COMISSION.S/VINCULO;4209,79;;4209,79;597,14;3612,65;
CARLOS AUGUSTO MARQUES TELES;DEPARTAMENTO DE ADM.E FINANCAS;ASSESSOR III;NAO INFORMADO; CARGO COMISSION.S/VINCULO;3191,80;;3191,80;327,46;2864,34;
CARLOS EDUARDO ABREU DE OLIVEIRA;GERENCIA DE OBRAS DA CAPITAL;ASSESSOR TECNICO;NAO INFORMADO; CARGO COMISSION.S/VINCULO;7000,00;;7000,00;1624,32;5375,68;
CARLOS HENRIQUE DOS REIS LIMA;GABINETE DO SECRETARIO;SECRETARIO DE ESTADO;NAO INFORMADO; CARGO COMISSION.S/VINCULO;28060,00;;28060,00;7415,19;20644,81;
CARLOS VENICIOS DE ASSIS SANTANA;ASSESSORIA JURIDICA;ASSESSOR TECNICO;; CARGO COMISSION.S/VINCULO;6805,55;;6805,55;5599,99;1205,56;
CELIA MARIA CARDOSO PEREIRA;SECRETARIA EXECUTIVA;ASSESSOR IV;ASSESSOR IV; CARGO COMISSION.S/VINCULO;3175,61;;3175,61;324,29;2851,32;
CELINA DA SILVA MELO;GERENCIA DE GESTAO DE PESSOAS;ASSESSOR I;ASSESSOR I; CARGO COMISSION.S/VINCULO;5229,77;;5229,77;957,83;4271,94;
CINTHYA DE AQUINO SIQUEIRA;ASSESSORIA JURIDICA;ASSESSOR I;NAO INFORMADO; CARGO COMISSION.S/VINCULO;5229,77;;5229,77;957,83;4271,94;
CLAUDIO JOSE SILVA DE ALBUQUERQUE;ASSESSORIA JURIDICA;DIGITADOR;; ESTATUTARIO;4770,05;;4770,05;491,76;4278,29;
CLODOALDO PEREIRA SILVA;GERENCIA DE CONTR.FINANCEIROS;ASSESSOR II;ASSESSOR II; CARGO COMISSION.S/VINCULO;4209,79;;4209,79;585,61;3624,18;
DALYENNE SOUZA ALENCAR DA ROCHA;GERENCIA DE CONTR.FINANCEIROS;CHEFE DE DEPARTAMENTO;NAO INFORMADO; CARGO COMISSION.S/VINCULO;5229,77;;5229,77;957,83;4271,94;
DANIEL REIS VIEIRA;GERENCIA DE OBRAS DO INTERIOR;ASSESSOR I;ASSESSOR I; CARGO COMISSION.S/VINCULO;5229,77;;5229,77;957,83;4271,94;
DANIELE BATISTA LOPES;GESTAO PROG.SOC.AMB.IGARAPES;ASSESSOR TECNICO;ASSESSOR TECNICO; CARGO COMISSION.S/VINCULO;12000,00;;12000,00;2999,32;9000,68;
DANIELLE ANTONY ASSIS;DEPARTAMENTO DE ADM.E FINANCAS;ASSESSOR I;NAO INFORMADO; CARGO COMISSION.S/VINCULO;5229,77;;5229,77;957,83;4271,94;
DANIELLE MARIA OLIVEIRA DA SILVA;DEPARTAMENTO DE ENGENHARIA;ASSESSOR III;ASSESSOR III; CARGO COMISSION.S/VINCULO;4255,73;;4255,73;597,97;3657,76;
DAVIANE LEITE PERRONE;DEPTO.DE ENGENHARIA;GERENTE;NAO INFORMADO; CARGO COMISSION.S/VINCULO;4209,79;;4209,79;597,14;3612,65;
DAYANNE LEITE PERRONE;SECRETARIA EXECUTIVA;ASSESSOR IV;NAO INFORMADO; CARGO COMISSION.S/VINCULO;2575,61;;2575,61;212,12;2363,49;
DEBORA ERICA DA SILVA;SECRETARIA EXECUTIVA;ASSESSOR IV;ASSESSOR IV; CARGO COMISSION.S/VINCULO;3175,61;;3175,61;324,29;2851,32;
DORVAL DO NASCIMENTO FEITOZA;GERENCIA DE PROJETOS;AUXILIAR DE TOPOGRAFIA;; ESTATUTARIO;3461,81;;3461,81;229,71;3232,10;
DOUGLAS GALVAO MONTEIRO JUNIOR;GABINETE DO SECRETARIO;ASSESSOR TECNICO;NAO INFORMADO; CARGO COMISSION.S/VINCULO;7000,00;;7000,00;1624,32;5375,68;
DRIELY MONTE XAUD;ASSESSORIA DE COMUNICACAO;ASSESSOR IV;NAO INFORMADO; CARGO COMISSION.S/VINCULO;3175,61;;3175,61;324,29;2851,32;
EDGAR LUIZ PINHEIRO DE SOUZA;GERENCIA DE ORCAMENTOS;ASSESSOR TECNICO;ASSESSOR TECNICO; CARGO COMISSION.S/VINCULO;7000,00;;7000,00;1624,32;5375,68;
EDILSON ROTONDANO;GERENCIA DE PROJETOS;ENG-III;; ESTATUTARIO;8905,27;;8905,27;1816,63;7088,64;
EDMUNDO SOUZA DO NASCIMENTO;GERENCIA DE MANUTENCAO;AUX.O-I;ELETRICISTA; ESTATUTARIO;3680,29;;3680,29;473,16;3207,13;
EDUARDO DA SILVA PAULA;ASSESSORIA DE COMUNICACAO;ASSESSOR I;NAO INFORMADO; CARGO COMISSION.S/VINCULO;5229,77;;5229,77;957,83;4271,94;
EDUARDO TUYOSHI CHIBA;PESSOAL PROC.DE APOSENTADORIA;ENG-I;; ESTATUTARIO;12650,52;;12650,52;3268,96;9381,56;
EDVALDO ROCHA RIBEIRO;GERENCIA DE PROJETOS;AUX.O-I;; ESTATUTARIO;3586,06;;3586,06;445,84;3140,22;
ELENICE MARIA DE XEREZ VIEIRALVES A;UGPAC/AM-UNID.PROG.ACEL.CRESC.;ASSESSOR TECNICO;; CARGO COMISSION.S/VINCULO;7000,00;;7000,00;1624,32;5375,68;
ELIANA MARIA DA SILVA FEITOSA;GERENCIA DE PROTOC.E ARQUIVO;AUX.S.G-II;; ESTATUTARIO;3516,15;;3516,15;411,17;3104,98;
ELIZA DO CARMO DE OLIVEIRA DA SILVA;ASSESSORIA JURIDICA;ASSESSOR II;ASSESSOR II; CARGO COMISSION.S/VINCULO;4209,79;;4209,79;597,14;3612,65;
EMERSON SILVEIRA FERREIRA;GERENCIA DE CONTABILIDADE;A.TEC-II;; ESTATUTARIO;4885,19;;4885,19;759,65;4125,54;
ERICA DE JESUS LACERDA AFONSO;GERENCIA DE ORCAMENTO;ASSESSOR II;ASSESSOR II; CARGO COMISSION.S/VINCULO;4209,79;;4209,79;585,61;3624,18;
ERIECSON COSTA ARAUJO;GERENCIA DE OBRAS DO INTERIOR;ASSESSOR II;ASSESSOR II; CARGO COMISSION.S/VINCULO;4209,79;;4209,79;597,14;3612,65;
EUCLYCES MARIA DE PAULA FREITAS;GABINETE DO SECRETARIO;ASSISTENTE ADMINISTRATIVO I;CHEFE GABINETE AD-1; ESTATUTARIO;5916,61;;5916,61;806,25;5110,36;
EULEY ROBSON COSTA GOES;GERENCIA DE OBRAS DA CAPITAL;ASSESSOR I;ASSESSOR I; CARGO COMISSION.S/VINCULO;9239,26;;9239,26;2291,63;6947,63;
FELIPE JOSE ANDRADE GESTA;ASSESSORIA JURIDICA;ASSESSOR III;ASSESSOR III; CARGO COMISSION.S/VINCULO;3191,80;;3191,80;327,46;2864,34;
FERNANDO DOS REIS ARAGAO;DEPARTAMENTO DE ENGENHARIA;ASSESSOR II;ASSESSOR II; CARGO COMISSION.S/VINCULO;4209,79;;4209,79;597,14;3612,65;
FERNANDO ELIAS PRESTES GONCALVES;GABINETE DO SECRETARIO;ENG-I;; ESTATUTARIO;17287,01;;17287,01;4508,77;12778,24;
FERNANDO THIAGO FRANCA ROCHA;GABINETE DO SECRETARIO;ASSESSOR IV;NAO INFORMADO; CARGO COMISSION.S/VINCULO;3175,61;;3175,61;324,29;2851,32;
FRANCIS ALBERT GAMA PARENTE;GERENCIA DE PROJETOS;ENGENHEIRO;; ESTATUTARIO;11515,54;;11515,54;2254,57;9260,97;
FRANCISCA MOTA DE LIMA;GABINETE DO SECRETARIO;ASSESSOR IV;ASSESSOR IV AD-4; CARGO COMISSION.S/VINCULO;3175,61;;3175,61;324,29;2851,32;
FRANCISCO BARROSO GOMES;GERENCIA DE MANUTENCAO;VIGIA-I;; ESTATUTARIO;3695,28;;3695,28;472,96;3222,32;
FRANCISCO CHAGAS SANTOS DA SILVA;GERENCIA DE GESTAO DE PESSOAS;A.TEC-II;; ESTATUTARIO;3726,70;;3726,70;631,15;3095,55;
FRANCISCO DAS CHAGAS ROSA DE LIMA;GERENCIA DE MANUTENCAO;MOT-I;; ESTATUTARIO;5522,11;;5522,11;867,09;4655,02;
FRANCISCO JOSE DE CASTRO E SILVA;ASSESSORIA JURIDICA;ASSESSOR III;ASSESSOR III AD-3; CARGO COMISSION.S/VINCULO;3191,80;;3191,80;327,46;2864,34;
FRANCISCO OLIVEIRA DE SOUZA FILHO;UNID.GEST.PR.SOC.AMB.IGARAPES;ENG-I;; ESTATUTARIO;12366,20;;12366,20;3109,78;9256,42;
FRANQUIMAR SANTANA CIDRONIO;GERENCIA DE OBRAS DA CAPITAL;TNS-I;; ESTATUTARIO;12845,12;;12845,12;2861,39;9983,73;
GABRIELA DE MEDEIROS DA COSTA;GERENCIA DE PROJETOS;ASSESSOR IV;ASSESSOR IV; CARGO COMISSION.S/VINCULO;3175,61;;3175,61;324,29;2851,32;
GILTEMBERG MESSIAS DE O SILVA;GABINETE DO SECRETARIO;ASSESSOR IV;NAO INFORMADO; CARGO COMISSION.S/VINCULO;3175,61;;3175,61;324,29;2851,32;
GIRLANE BRASIL DE CASTRO;GERENCIA DE GESTAO DE PESSOAS;SUBGERENTE;SUBGERENTE AD-3; CARGO COMISSION.S/VINCULO;3191,80;;3191,80;327,46;2864,34;
GIRLENE OLIVEIRA DE ARAUJO;DEPTO.DE ENGENHARIA;ASSESSOR II;NAO INFORMADO; CARGO COMISSION.S/VINCULO;4209,79;;4209,79;597,14;3612,65;
GISELE SIMONE LIMA CERF LEVY;GABINETE DO SECRETARIO;GERENTE;GERENTE; CARGO COMISSION.S/VINCULO;4209,79;;4209,79;597,14;3612,65;
GREICIANE CORREA FERNANDES;ASSESSORIA DE COMUNICACAO;ASSESSOR TECNICO;ASSESSOR TECNICO; CARGO COMISSION.S/VINCULO;7000,00;;7000,00;1624,32;5375,68;
GUILHERME DOS SANTOS GARCIA;GERENCIA DE CONTABILIDADE;ASSESSOR III;ASSESSOR III; CARGO COMISSION.S/VINCULO;3191,80;;3191,80;327,46;2864,34;
GUSTAVO BRUGNARA DA SILVEIRA;SECRETARIA EXECUTIVA;SECRETARIO EXECUTIVO;SECRETARIO EXECUTIVO; CARGO COMISSION.S/VINCULO;16700,00;;16700,00;4343,33;12356,67;
HARLEY AUGUSTO VIEIRA DOS SANTOS;DEPARTAMENTO DE ENGENHARIA;ASSESSOR II;NAO INFORMADO; CARGO COMISSION.S/VINCULO;5613,05;;5613,05;1102,13;4510,92;
HARLYSON RAMOS FERNANDES;GESTAO PROG.SOC.AMB.IGARAPES;ASSESSOR TECNICO;ASSESSOR TECNICO; CARGO COMISSION.S/VINCULO;7000,00;;7000,00;1624,32;5375,68;
HEBER ANEQUINO BARBOSA;DEPARTAMENTO DE ENGENHARIA;CHEFE DE DEPARTAMENTO;NAO INFORMADO; CARGO COMISSION.S/VINCULO;5229,77;;5229,77;957,83;4271,94;
HELANE ARAUJO DA COSTA;ASSESSORIA JURIDICA;ASSESSOR TECNICO;NAO INFORMADO; CARGO COMISSION.S/VINCULO;12000,00;;12000,00;2999,32;9000,68;
HELIDA ARAUJO DA COSTA;UNID.GEST.PR.SOC.AMB.IGARAPES;ASSESSOR II;ASSESSOR II; CARGO COMISSION.S/VINCULO;4209,79;;4209,79;597,14;3612,65;
HENRIETT SANTOS VIANNA COSTA;GERENCIA DE CONTABILIDADE;A.TEC-I;; ESTATUTARIO;4453,10;;4453,10;774,04;3679,06;
HENRIQUE TAVARES DE SOUZA;ASSESSORIA JURIDICA;ASSESSOR IV;ASSESSOR IV; CARGO COMISSION.S/VINCULO;3175,61;;3175,61;324,29;2851,32;
HILDEANY LETICIA ARRUDA MONTEIRO;GERENCIA DE GESTAO DE PESSOAS;ASSESSOR IV;ASSESSOR IV; CARGO COMISSION.S/VINCULO;3175,61;;3175,61;324,29;2851,32;
HUDSANDRA KEROLLEN TEIXEIRA FREITAS;ASSESSORIA DE PLANEJAMENTO;ASSESSOR I;ASSESSOR I; CARGO COMISSION.S/VINCULO;10459,54;;10459,54;3527,12;6932,42;
HUGO LEONARDO MENEZES DE SALES;DEPTO.DE ENGENHARIA;CHEFE DE DEPARTAMENTO;CHEFE DE DEPARTAMENT; CARGO COMISSION.S/VINCULO;5229,77;;5229,77;957,83;4271,94;
ISABEL CRISTINA DUARTE SILVA NEGOIT;REMANEJADOS SEINFRA;CHEFE DE DEPARTAMENTO;NAO INFORMADO; CARGO COMISSION.S/VINCULO;5229,77;;5229,77;957,83;4271,94;
ISLEY ARAUJO DOS SANTOS;DEPTO.DE ENGENHARIA;GERENTE;NAO INFORMADO; CARGO COMISSION.S/VINCULO;5613,05;;5613,05;1102,13;4510,92;
IVAN MATIAS LIMA;GERENCIA DE MANUTENCAO;AGENTE PORTUARIO II;ASSESSOR II; ESTATUTARIO;5776,24;;5776,24;779,52;4996,72;
JANDERSON OLIVEIRA DE CARVALHO;GERENCIA DE PROJETOS;ASSESSOR TECNICO;ASSESSOR TECNICO; CARGO COMISSION.S/VINCULO;7000,00;;7000,00;1624,32;5375,68;
JANNY MARY MOTA DA SILVA;GERENCIA DE OBRAS DO INTERIOR;ASSESSOR II;; CARGO COMISSION.S/VINCULO;4209,79;;4209,79;597,14;3612,65;
JANSEN DE OLIVEIRA MONTE;DEPTO.DE ENGENHARIA;DIGITADOR;; ESTATUTARIO;3577,54;;3577,54;270,03;3307,51;
JARLAN BIASE DE LIMA;GERENCIA DE TRANSPORTES;FISCAL RODOVIARIO;; ESTATUTARIO;3577,54;;3577,54;276,06;3301,48;
JEFFERSON NUNES DA COSTA;GERENCIA DE ORCAMENTO;ASSESSOR IV;ASSESSOR IV; CARGO COMISSION.S/VINCULO;3175,61;;3175,61;324,29;2851,32;
JESUS ALECXANDRE GOMES DE SOUZA;REMANEJADOS SEINFRA;CHEFE DE DEPARTAMENTO;NAO INFORMADO; CARGO COMISSION.S/VINCULO;5229,77;;5229,77;914,81;4314,96;
JOACY DE SOUZA CASTELO;GERENCIA DE GESTAO DE PESSOAS;ASSESSOR IV;ASSESSOR IV AD-4; CARGO COMISSION.S/VINCULO;3175,61;;3175,61;314,14;2861,47;
JOAO THIAGO REIS BEZERRA;DEPARTAMENTO DE INFORMATICA;ASSESSOR III;NAO INFORMADO; CARGO COMISSION.S/VINCULO;3191,80;;3191,80;327,46;2864,34;
JORGE RENATO CASTRO DA SILVA;DEPARTAMENTO DE ADM.E FINANCAS;SECRETARIO EXECUTIVO ADJUNTO;NAO INFORMADO; CARGO COMISSION.S/VINCULO;16000,00;;16000,00;4150,83;11849,17;
JOSE ALMEIDA DE OLIVEIRA;ASSESSORIA JURIDICA;ENG-I;; ESTATUTARIO;16875,56;;16875,56;4859,69;12015,87;
JOSE DE RIBAMAR XAVIER DESTERRO E S;GERENCIA DE PROJETOS;TNS-I;GERENTE, AD-2; ESTATUTARIO;11995,74;;11995,74;3022,43;8973,31;
JULIANA REBECA RODRIGUES CORREA;ASSESSORIA DE COMUNICACAO;ASSESSOR IV;NAO INFORMADO; CARGO COMISSION.S/VINCULO;3175,61;;3175,61;324,29;2851,32;
JULIE ALVES DA SILVA;DEPTO.DE ENGENHARIA;GERENTE;GERENTE; CARGO COMISSION.S/VINCULO;4209,79;;4209,79;597,14;3612,65;
JULIETE DOS SANTOS BARBOSA;DEPTO.DE ENGENHARIA;ASSESSOR IV;NAO INFORMADO; CARGO COMISSION.S/VINCULO;3175,61;;3175,61;324,29;2851,32;
JULYANE LOPES DE SOUZA;GERENCIA DE CONTABILIDADE;ASSESSOR III;ASSESSOR III; CARGO COMISSION.S/VINCULO;3191,80;;3191,80;327,46;2864,34;
JURACI SILVA CARDOSO;DEPTO.DE ENGENHARIA;A.TEC-I;; ESTATUTARIO;3914,97;;3914,97;682,73;3232,24;
KARIN SUELLE ALVES SERUDO;GERENCIA DE GESTAO DE PESSOAS;ASSESSOR III;NAO INFORMADO; CARGO COMISSION.S/VINCULO;3191,80;;3191,80;317,16;2874,64;
KARINA MARQUES DOS SANTOS;SECRETARIA EXECUTIVA;ASSESSOR IV;ASSESSOR IV; CARGO COMISSION.S/VINCULO;3175,61;;3175,61;324,29;2851,32;
KARLA REJANE CONCEICAO FAUSTO;ASSESSORIA DE PLANEJAMENTO;SUBGERENTE;; CARGO COMISSION.S/VINCULO;3812,41;;3812,41;327,45;3484,96;
KATIA MARIA SOARES B C CAPOBIANGO;GABINETE DO SECRETARIO;ARQUITETO;; ESTATUTARIO;11252,89;;11252,89;2742,75;8510,14;
KEITOKU TOYODA;GERENCIA DE ORCAMENTO;ENG-I;CHEFE SETOR CUSTOS; ESTATUTARIO;13344,01;;13344,01;2621,32;10722,69;
KELLYSON SANTOS OLIVEIRA;GERENCIA DE PROJETOS;CONSULTOR;NAO INFORMADO; CARGO COMISSION.S/VINCULO;7000,00;;7000,00;1572,18;5427,82;
KELMA PALMEIRAS MAIA;GERENCIA DE GESTAO DE PESSOAS;ASSESSOR IV;ASSESSOR IV; CARGO COMISSION.S/VINCULO;3175,61;;3175,61;324,29;2851,32;
KEMILLY VITORIA ALVES MARINHO;ASSESSORIA DE PLANEJAMENTO;ASSESSOR IV;ASSESSOR IV; CARGO COMISSION.S/VINCULO;3175,61;;3175,61;324,29;2851,32;
LAZARO ROQUE DOS SANTOS;GERENCIA DE PROJETOS;AUX.O-I;; ESTATUTARIO;3689,03;;3689,03;475,69;3213,34;
LESSIANE DE SOUSA SOARES;DEPARTAMENTO DE ADM.E FINANCAS;DIGITADOR;; ESTATUTARIO;4770,05;;4770,05;491,76;4278,29;
LILIAN CARLA ARAUJO DOS S RODRIGUES;SECRETARIA EXECUTIVA;GERENTE;NAO INFORMADO; CARGO COMISSION.S/VINCULO;4209,79;;4209,79;597,14;3612,65;
LINDOMAR DA SILVA VARGAS;GERENCIA DE CONTABILIDADE;ASSESSOR TECNICO;NAO INFORMADO; CARGO COMISSION.S/VINCULO;12000,00;;12000,00;2947,18;9052,82;
LIZANDRA VALERIA PEREIRA BRUGNARA;ASSESSORIA DE PLANEJAMENTO;SECRETARIO EXECUTIVO ADJUNTO;NAO INFORMADO; CARGO COMISSION.S/VINCULO;14000,00;;14000,00;3600,83;10399,17;
LORENA BEATRIZ BARRETO FURTADO;ASSESSORIA DE COMUNICACAO;ASSESSOR III;ASSESSOR III; CARGO COMISSION.S/VINCULO;3191,80;;3191,80;327,46;2864,34;
LORENA SILVA SOUZA;DEPARTAMENTO DE ADM.E FINANCAS;GERENTE;GERENTE; CARGO COMISSION.S/VINCULO;4209,79;;4209,79;597,14;3612,65;
LORENA TAVARES DE FREITAS;GERENCIA DE ORCAMENTOS;ASSESSOR TECNICO;NAO INFORMADO; CARGO COMISSION.S/VINCULO;7000,00;;7000,00;1624,32;5375,68;
LUANA SILVA MAHATMA;DEPTO.DE ENGENHARIA;ASSESSOR IV;NAO INFORMADO; CARGO COMISSION.S/VINCULO;4234,15;;4234,15;563,72;3670,43;
LUANA SOARES BATISTA;ASSESSORIA JURIDICA;ASSESSOR III;ASSESSOR III; CARGO COMISSION.S/VINCULO;3191,80;;3191,80;327,46;2864,34;
LUCAS FURTADO MAIA PEREIRA;GERENCIA DE CONTR.FINANCEIROS;SUBGERENTE;SUBGERENTE; CARGO COMISSION.S/VINCULO;4255,73;;4255,73;610,47;3645,26;
LUCICLEY BARBOSA E SA;GERENCIA DE GESTAO DE PESSOAS;GERENTE;GERENTE; CARGO COMISSION.S/VINCULO;4209,79;;4209,79;597,14;3612,65;
LUIS FELIPE GOMES DA SILVA;DEPTO.DE ENGENHARIA;ASSESSOR III;ASSESSOR III; CARGO COMISSION.S/VINCULO;3191,80;;3191,80;327,46;2864,34;
LUIZ ANTONIO DE VASCONCELLOS DIAS J;GERENCIA DE PROJETOS;ASSESSOR I;ASSESSOR I AD-1; CARGO COMISSION.S/VINCULO;5229,77;;5229,77;914,81;4314,96;
LUIZ CARLOS PEREIRA DO NASCIMENTO;GERENCIA DE PROJETOS;MOT-I;; ESTATUTARIO;4337,52;;4337,52;611,31;3726,21;
LUIZ FELIPE DO NASCIMENTO F SANTOS;GERENCIA DE OBRAS DO INTERIOR;ASSESSOR I;ASSESSOR I; CARGO COMISSION.S/VINCULO;5229,77;;5229,77;957,83;4271,94;
LUIZ HENRIQUE MARTINS LINHARES;GERENCIA DE TRANSPORTES;A.OPE-I;; ESTATUTARIO;5895,58;;5895,58;1075,89;4819,69;
MANOEL BESSA NETO;DEPARTAMENTO DE ADM.E FINANCAS;GERENTE;NAO INFORMADO; CARGO COMISSION.S/VINCULO;4209,79;;4209,79;597,14;3612,65;
MANOEL DE CASTRO PAIVA;SECRETARIA EXECUTIVA;ENG.O-I;; ESTATUTARIO;13040,99;;13040,99;3328,21;9712,78;
MANOEL FERNANDES DA SILVA;GERENCIA DE PROJETOS;AUX.O-I;; ESTATUTARIO;4872,08;;4872,08;692,74;4179,34;
MANUEL RIBAMAR VALDEVINO DE OLIVEIR;GERENCIA DE TRANSPORTES;ENG.O-I;; ESTATUTARIO;12212,78;;12212,78;3104,15;9108,63;
MARA SOCORRO DE SOUZA LOBO LEITE;GABINETE DO SECRETARIO;ASSESSOR II;ASSESSOR II AD-2; CARGO COMISSION.S/VINCULO;4209,79;;4209,79;597,14;3612,65;
MARCELO ALVES PEREIRA;DEPTO.DE ENGENHARIA;ASSESSOR II;ASSESSOR II; CARGO COMISSION.S/VINCULO;4209,79;;4209,79;597,14;3612,65;
MARCELO CELSO BASTOS DE AGUIAR;GERENCIA DE OBRAS DA CAPITAL;ENG-I;; ESTATUTARIO;15814,21;;15814,21;4871,97;10942,24;
MARCELO TAVARES DE CARVALHO;ASSESSORIA DE PLANEJAMENTO;ASSESSOR TECNICO;NAO INFORMADO; CARGO COMISSION.S/VINCULO;7000,00;;7000,00;1624,32;5375,68;
MARCIO BRITO DA SILVA;GERENCIA DE MANUTENCAO;ASSESSOR IV;NAO INFORMADO; CARGO COMISSION.S/VINCULO;3175,61;;3175,61;324,29;2851,32;
MARCIO PINHEIRO AZEDO;DEPTO.DE ENGENHARIA;CONSULTOR;NAO INFORMADO; CARGO COMISSION.S/VINCULO;12000,00;;12000,00;2947,18;9052,82;
MARCO ANTONIO MUNIZ RIBEIRO;GERENCIA DE OBRAS DA CAPITAL;ASSESSOR II;NAO INFORMADO; CARGO COMISSION.S/VINCULO;4209,79;;4209,79;557,17;3652,62;
MARCOS CASTRO DE SOUZA;DEPARTAMENTO DE ADM.E FINANCAS;ASSESSOR I;NAO INFORMADO; CARGO COMISSION.S/VINCULO;6973,03;;6973,03;1614,17;5358,86;
MARIA DA CRUZ SILVA;GERENCIA DE CONTABILIDADE;ASSESSOR III;ASSESSOR III; CARGO COMISSION.S/VINCULO;3191,80;;3191,80;327,46;2864,34;
MARIA DE FATIMA LIMA DE MATOS;DEPARTAMENTO DE ADM.E FINANCAS;ASSISTENTE TECNICO 1A CLASSE;; ESTATUTARIO;3586,28;;3586,28;278,59;3307,69;
MARIA DE FATIMA NUNES RIBEIRO;GERENCIA DE TRANSPORTES;A.TEC-I;SECRETARIA DA DO; ESTATUTARIO;3859,11;;3859,11;667,70;3191,41;
MARIA DO CARMO VIEIRA GOLVIM;GERENCIA DE ORCAMENTO;ENG-I;; ESTATUTARIO;13294,05;;13294,05;3420,33;9873,72;
MARIA DO PERPETUO S F OLIVEIRA;DEPTO.DE ENGENHARIA;ASSESSOR II;NAO INFORMADO; CARGO COMISSION.S/VINCULO;4209,79;;4209,79;597,14;3612,65;
MARIA EMILIA LEITE FRANCA;GERENCIA DE MANUTENCAO;AUX.ADM-I;; ESTATUTARIO;3963,25;;3963,25;522,08;3441,17;
MARIA JOSE LITAIFF E LITAIFF;GERENCIA DE PROJETOS;DES-I;ASSESSOR I - AD-1; ESTATUTARIO;5869,52;;5869,52;1166,89;4702,63;
MARIA MARIANA CARNEIRO;GERENCIA DE GESTAO DE PESSOAS;AUXILIAR DE SERV GERAIS 3A CLASSE;; ESTATUTARIO;3470,55;;3470,55;234,23;3236,32;
MARILENA BO AGUIAR JACOBS;GERENCIA DE ORCAMENTO;ENGENHEIRO;; ESTATUTARIO;11524,28;;11524,28;2844,93;8679,35;
MARIO JORGE DUTRA DA SILVA;GERENCIA DE OBRAS DO INTERIOR;ENG-I;ASSESSOR TECNICO; ESTATUTARIO;13247,49;;13247,49;3403,38;9844,11;
MARIO RODRIGUES MONTEIRO JUNIOR;GERENCIA DE CONTR.FINANCEIROS;ASSESSOR II;NAO INFORMADO; CARGO COMISSION.S/VINCULO;4209,79;;4209,79;597,14;3612,65;
MARLENE LOPES DO NASCIMENTO;GERENCIA DE ORCAMENTO;DES-I;; ESTATUTARIO;4416,68;;4416,68;821,24;3595,44;
MAURICIO PINHO DA SILVA;GABINETE DO SECRETARIO;ASSESSOR III;NAO INFORMADO; CARGO COMISSION.S/VINCULO;3191,80;;3191,80;327,46;2864,34;
MICHELE LIMA BEZERRA;GERENCIA DE GESTAO DE PESSOAS;GERENTE;; CARGO COMISSION.S/VINCULO;6431,62;;6431,62;2104,89;4326,73;
MICHELE LIMA BEZERRA;GERENCIA DE GESTAO DE PESSOAS;ASSESSOR I;ASSESSOR I; CARGO COMISSION.S/VINCULO;5229,77;;5229,77;957,83;4271,94;
MONICA REJANE BUZAR DUAILIBE;GERENCIA DE OBRAS DO INTERIOR;ASSESSOR I;NAO INFORMADO; CARGO COMISSION.S/VINCULO;5229,77;;5229,77;872,16;4357,61;
NATHALIE WALLACE LIMA;SECRETARIA EXECUTIVA;ASSESSOR III;ASSESSOR III; CARGO COMISSION.S/VINCULO;3191,80;;3191,80;327,46;2864,34;
NELCIMAR CARDOSO MELO;ASSESSORIA DE PLANEJAMENTO;ASSESSOR II;ASSESSOR II; CARGO COMISSION.S/VINCULO;4209,79;;4209,79;597,14;3612,65;
NEY AFONSO SIQUEIRA AGUIAR;GERENCIA DE PROJETOS;DES-I;; ESTATUTARIO;4469,27;;4469,27;838,77;3630,50;
NIBIA PINHO PUCU;DEPARTAMENTO DE ENGENHARIA;GERENTE;GERENTE; CARGO COMISSION.S/VINCULO;4209,79;;4209,79;597,14;3612,65;
NIVALNETT DOS SANTOS OSORIO;GERENCIA DE ORCAMENTO;ASSESSOR II;NAO INFORMADO; CARGO COMISSION.S/VINCULO;4209,79;;4209,79;585,61;3624,18;
NORMANDO RABELO PINHEIRO;DEPTO.DE ENGENHARIA;ASSESSOR IV;ASSESSOR IV; CARGO COMISSION.S/VINCULO;3175,61;;3175,61;324,29;2851,32;
ODILENO RABELO DA SILVA;GERENCIA DE MANUTENCAO;ASSESSOR I;ASSESSOR I; CARGO COMISSION.S/VINCULO;5229,77;;5229,77;914,81;4314,96;
ORLANDO AUGUSTO VIEIRA DE MATTOS JU;SECRETARIA EXECUTIVA;ENG-I;; ESTATUTARIO;18668,22;;18668,22;5534,62;13133,60;
ORLANDO SILVIO DE PAULA LIMA;GERENCIA DE PROJETOS;AUX.O-I;; ESTATUTARIO;3671,55;;3671,55;470,63;3200,92;
OSWALDO SAID JUNIOR;GERENCIA DE OBRAS DA CAPITAL;TNS-I;; ESTATUTARIO;12127,89;;12127,89;3072,19;9055,70;
PAULO ESTEVES FERNANDES NETO;ASSESSORIA DE PLANEJAMENTO;ASSESSOR II;ASSESSOR II; CARGO COMISSION.S/VINCULO;4209,79;;4209,79;597,14;3612,65;
PAULO ROMEU LAMMEL HENDGES;DEPTO.DE ENGENHARIA;ASSESSOR I;; CARGO COMISSION.S/VINCULO;5229,77;;5229,77;957,83;4271,94;
PHILIPE ANTONIO MORAES DE AQUINO;GERENCIA DE CONV.FEDERAIS;ASSESSOR I;NAO INFORMADO; CARGO COMISSION.S/VINCULO;5229,77;;5229,77;957,83;4271,94;
PRISCILA DE SOUZA SILVA;GERENCIA DE GESTAO DE PESSOAS;ASSESSOR III;NAO INFORMADO; CARGO COMISSION.S/VINCULO;3191,80;;3191,80;327,46;2864,34;
PRISCILANE CAMPOS DOS SANTOS;PESSOAL PROC.DE APOSENTADORIA;ASSESSOR IV;NAO INFORMADO; CARGO COMISSION.S/VINCULO;3175,61;;3175,61;324,29;2851,32;
RAFAELA ALMEIDA GUIMARAES;DEPTO.DE ENGENHARIA;CHEFE DE DEPARTAMENTO;NAO INFORMADO; CARGO COMISSION.S/VINCULO;5229,77;;5229,77;914,81;4314,96;
RAIMUNDO ALMEIDA FERREIRA;DEPARTAMENTO DE ADM.E FINANCAS;ASSESSOR IV;ASSESSOR IV; CARGO COMISSION.S/VINCULO;3175,61;;3175,61;324,29;2851,32;
RAIMUNDO CARNEIRO DE CASTRO;GERENCIA DE MANUTENCAO;MOT-I;; ESTATUTARIO;4364,10;;4364,10;620,56;3743,54;
RAIMUNDO COSTA ARAUJO NETO;DEPTO.DE ENGENHARIA;ASSESSOR I;ASSESSOR I; CARGO COMISSION.S/VINCULO;5229,77;;5229,77;957,83;4271,94;
RAIMUNDO NONATO BELO SOARES;GERENCIA DE OBRAS DA CAPITAL;ENG-II;; ESTATUTARIO;16436,03;;16436,03;4225,00;12211,03;
RAIMUNDO PEDRACA FILGUEIRAS JUNIOR;GERENCIA DE ORCAMENTO;A.TEC-I;GERENTE, AD-2; ESTATUTARIO;3859,11;;3859,11;667,70;3191,41;
RAMON SANTANA BARROS;GABINETE DO SECRETARIO;ASSESSOR III;NAO INFORMADO; CARGO COMISSION.S/VINCULO;3191,80;;3191,80;327,46;2864,34;
RANGEL TEIXEIRA DA COSTA;GERENCIA DE PROJETOS;ASSESSOR I;NAO INFORMADO; CARGO COMISSION.S/VINCULO;5229,77;;5229,77;914,81;4314,96;
RAYANNY SILVA SIQUEIRA;ASSESSORIA JURIDICA;ASSESSOR TECNICO;NAO INFORMADO; CARGO COMISSION.S/VINCULO;12000,00;;12000,00;2999,32;9000,68;
REGIANE CAMPOS DE CASTRO;GERENCIA DE PROJETOS;ASSESSOR II;NAO INFORMADO; CARGO COMISSION.S/VINCULO;4209,79;;4209,79;528,73;3681,06;
REGINALDO HILARIO DO NASCIMENTO;GERENCIA DE OBRAS DO INTERIOR;ASSISTENTE TECNICO 3A CLASSE;; ESTATUTARIO;5780,28;;5780,28;749,67;5030,61;
RENATA MARTINS DA SILVA ALVES;ASSESSORIA JURIDICA;ASSESSOR TECNICO;ASSESSOR TECNICO; CARGO COMISSION.S/VINCULO;9099,99;;9099,99;4734,68;4365,31;
RENNAN MAIA DE SOUZA;DEPTO.DE ENGENHARIA;ASSESSOR II;ASSESSOR II; CARGO COMISSION.S/VINCULO;4209,79;;4209,79;597,14;3612,65;
ROBERTO ALVES DE MENEZES;GERENCIA DE MANUTENCAO;AUX.O-I;AMOXARIFE; ESTATUTARIO;3973,49;;3973,49;507,62;3465,87;
ROBERVAL DANTAS CAMPOS;GABINETE DO SECRETARIO;ASSESSOR IV;; CARGO COMISSION.S/VINCULO;3175,61;;3175,61;324,29;2851,32;
RODRIGO ANDRADE COSTA;DEPTO.DE ENGENHARIA;ASSESSOR I;ASSESSOR I; CARGO COMISSION.S/VINCULO;5229,77;;5229,77;957,83;4271,94;
ROGERIO GENICIO LUCENA JUNIOR;GERENCIA DE TRANSPORTES;ASSESSOR TECNICO;ASSESSOR TECNICO; CARGO COMISSION.S/VINCULO;7000,00;;7000,00;1624,32;5375,68;
RONY MONTEIRO DA SILVA;DEPARTAMENTO DE ADM.E FINANCAS;ASSESSOR I;ASSESSOR I; CARGO COMISSION.S/VINCULO;5229,77;;5229,77;957,83;4271,94;
RUBEM CARLOS DO LAGO ARAUJO;GERENCIA DE ORCAMENTO;ENGENHEIRO 2A CLASSE;; ESTATUTARIO;11615,73;;11615,73;2879,36;8736,37;
SALOMAO SIMONETTI DE MELO;DEPARTAMENTO DE ENGENHARIA;ASSESSOR TECNICO;NAO INFORMADO; CARGO COMISSION.S/VINCULO;9333,33;;9333,33;2317,49;7015,84;
SANDRA SUELI FONTES RODRIGUES;DEPTO.DE ENGENHARIA;TNS-I;SECRETARIO EXECUTIVO; ESTATUTARIO;12835,14;;12835,14;3253,27;9581,87;
SANDRO RAMALHO BEZERRA;GERENCIA DE OBRAS DA CAPITAL;ASSESSOR I;; CARGO COMISSION.S/VINCULO;7321,66;;7321,66;2706,40;4615,26;
SAULO DOS SANTOS MATHIAS;GERENCIA DE SUPORTE;SUBGERENTE;SUBGERENTE; CARGO COMISSION.S/VINCULO;3191,80;;3191,80;2018,11;1173,69;
SERGIO REINALDO COLARES ALEGRIA;GERENCIA DE ORCAMENTO;ASSESSOR II;NAO INFORMADO; CARGO COMISSION.S/VINCULO;4209,79;;4209,79;597,14;3612,65;
SIDNEY MENDONCA DIAS DE ALMEIDA;GERENCIA DE MANUTENCAO;MOT-I;; ESTATUTARIO;3808,84;;3808,84;383,82;3425,02;
SILVIA PATRICIA MATOS GABRIEL;GERENCIA DE ORCAMENTO;ASSESSOR I;; CARGO COMISSION.S/VINCULO;5229,77;;5229,77;872,16;4357,61;
SWANNY ALEXANDRA PEREIRA NASCIMENTO;GABINETE DO SECRETARIO;ASSESSOR III;; CARGO COMISSION.S/VINCULO;3191,80;;3191,80;327,46;2864,34;
SYLVANA CELIVIA GOMES FREITAS;GABINETE DO SECRETARIO;ASSESSOR I;NAO INFORMADO; CARGO COMISSION.S/VINCULO;5229,77;;5229,77;957,83;4271,94;
TELMO FERNANDES TORRES;DEPTO.DE ENGENHARIA;AUX.O-I;; ESTATUTARIO;4087,56;;4087,56;538,74;3548,82;
THAIS CAMPOS DE OLIVEIRA SAMPAIO;SECRETARIA EXECUTIVA;ASSESSOR I;ASSESSOR I; CARGO COMISSION.S/VINCULO;5229,77;;5229,77;957,83;4271,94;
THAIS FERREIRA SANTOS;DEPTO.DE ENGENHARIA;ASSESSOR I;ASSESSOR I; CARGO COMISSION.S/VINCULO;6973,03;;6973,03;1614,17;5358,86;
THAMIRYS PATRICIO ANDRADE;ASSESSORIA DE PLANEJAMENTO;ASSESSOR II;ASSESSOR II; CARGO COMISSION.S/VINCULO;4209,79;;4209,79;597,14;3612,65;
THAMYRES COSTA E SILVA;ASSESSORIA JURIDICA;ASSESSOR I;ASSESSOR I; CARGO COMISSION.S/VINCULO;5229,77;;5229,77;957,83;4271,94;
THIAGO FELIPE VERCOSA DE SOUZA;DEPARTAMENTO DE ENGENHARIA;ASSESSOR I;; CARGO COMISSION.S/VINCULO;16706,21;;16706,21;2614,88;14091,33;
THIAGO FELIPE VERCOSA DE SOUZA;GERENCIA DE OBRAS DO INTERIOR;GERENTE;GERENTE; CARGO COMISSION.S/VINCULO;4209,79;;4209,79;1113,30;3096,49;
THIAGO PEREIRA ARAUJO;GESTAO PROG.SOC.AMB.IGARAPES;ASSESSOR III;ASSESSOR III; CARGO COMISSION.S/VINCULO;3191,80;;3191,80;327,46;2864,34;
THIAGO TEIXEIRA DE SOUZA;ASSESSORIA DE COMUNICACAO;ASSESSOR III;ASSESSOR III; CARGO COMISSION.S/VINCULO;3191,80;;3191,80;327,46;2864,34;
TYSSIA REGIA RAYOL CAVALCANTE DE OL;GERENCIA DE OBRAS DO INTERIOR;ENG-III;; ESTATUTARIO;16739,46;;16739,46;4300,94;12438,52;
VALDENILSON CABRAL QUEIROZ;DEPTO.DE ENGENHARIA;ASSESSOR I;NAO INFORMADO; CARGO COMISSION.S/VINCULO;5229,77;;5229,77;957,83;4271,94;
VERA LANE DE CASTRO MARTINS;GABINETE DO SECRETARIO;ASSESSOR I;; CARGO COMISSION.S/VINCULO;5229,77;;5229,77;957,83;4271,94;
VICENTE PARENTE DE ARAUJO JUNIOR;GERENCIA DE ORCAMENTO;AUXILIAR DE TOPOGRAFIA;ASSESSOR I; ESTATUTARIO;5655,81;;5655,81;631,44;5024,37;
WALTER DA SILVA MERGULHAO;GERENCIA DE ORCAMENTOS;ASSESSOR I;ASSESSOR I; CARGO COMISSION.S/VINCULO;6973,03;;6973,03;1614,17;5358,86;
WALZENIRA PARENTE MIRANDA;ASSESSORIA DE PLANEJAMENTO;ASSESSOR I;ASSESSOR I; CARGO COMISSION.S/VINCULO;5229,77;;5229,77;957,83;4271,94;
WILMAR FERREIRA DE CARVALHO;GERENCIA DE PROJETOS;TPG-III;TOPOGRAFO; ESTATUTARIO;4655,14;;4655,14;900,76;3754,38;
