NOME;LOTACAO;CARGO;FUNCAO;CARGA HR SEM;DT DE ADMISSAO;VINCULO;REMUNERACAO LEGAL TOTAL(R$);DESC.TETO(R$); REMUNERACAO LEGAL DEVIDA(R$);DESCONTOS LEGAIS(R$);LIQUIDO DISPONIVEL(R$);
ALAN CORREA DOS SANTOS;DEPARTAMENTO DE INFORMATICA;ASSESSOR I;NAO INFORMADO; 40:00;17/11/2021;CARGO COMISSION.S/VINCULO;10229,77;;10229,77;2332,83;7896,94;
ALCENIR MENDONCA DA SILVA;GABINETE DO SECRETARIO;GERENTE;GERENTE; 40:00;01/01/2022;CARGO COMISSION.S/VINCULO;4209,79;;4209,79;597,14;3612,65;
ALCY NASCIMENTO LIMA;GERENCIA DE OBRAS DO INTERIOR;ENG-I;; 40:00;26/04/1972;ESTATUTARIO;13277,41;;13277,41;3414,27;9863,14;
ALCY VIEIRA DA SILVA;DEPTO.DE ENGENHARIA;A.OPE-I;; 40:00;01/06/1978;ESTATUTARIO;4005,37;;4005,37;707,04;3298,33;
ALEANDRA TAVARES MEIRELES;GERENCIA DE GESTAO DE PESSOAS;GERENTE;GERENTE; 40:00;03/05/2022;CARGO COMISSION.S/VINCULO;4209,79;;4209,79;585,61;3624,18;
ALEX ALMEIDA DOS REIS;GERENCIA DE ORCAMENTO;DIGITADOR;; 40:00;22/02/2000;ESTATUTARIO;3577,54;;3577,54;221,36;3356,18;
ALEXSANDRA D KARLA CABRAL DA SILVA;DEPARTAMENTO DE ADM.E FINANCAS;ASSESSOR III;ASSESSOR III; 40:00;01/07/2023;CARGO COMISSION.S/VINCULO;3191,80;;3191,80;327,46;2864,34;
ALFREDO FARIAS DA ROCHA FILHO;DEPARTAMENTO DE ADM.E FINANCAS;ASSESSOR IV;ASSESSOR IV; 40:00;01/03/2022;CARGO COMISSION.S/VINCULO;3175,61;;3175,61;324,29;2851,32;
ALLAN ALMEIDA DOS REIS;GERENCIA DE ORCAMENTO;DIGITADOR;; 40:00;22/02/2000;ESTATUTARIO;3577,54;;3577,54;276,06;3301,48;
ALLAN DE SOUZA SILVA;GERENCIA DE CONTABILIDADE;GERENTE;GERENTE; 40:00;01/01/2023;CARGO COMISSION.S/VINCULO;4209,79;;4209,79;597,14;3612,65;
ALYSON MONTEIRO DA SILVA;GERENCIA DE ORCAMENTO;ASSESSOR III;ASSESSOR III; 40:00;01/11/2023;CARGO COMISSION.S/VINCULO;3191,80;;3191,80;327,46;2864,34;
ALZENEIDE MORAIS DE SOUZA;ASSESSORIA JURIDICA;ASSESSOR I;ASSESSOR I; 40:00;12/06/2023;CARGO COMISSION.S/VINCULO;5229,77;;5229,77;957,83;4271,94;
AMANDA MORAES DA SILVA;GERENCIA DE GESTAO DE PESSOAS;ASSESSOR IV;NAO INFORMADO; 40:00;01/04/2021;CARGO COMISSION.S/VINCULO;3175,61;;3175,61;324,29;2851,32;
AMANDA TAVARES DOS SANTOS;GERENCIA DE PROJETOS;ASSESSOR II;ASSESSOR II; 40:00;15/05/2023;CARGO COMISSION.S/VINCULO;4209,79;;4209,79;597,14;3612,65;
ANA BEATRIZ DE SOUZA MACHADO;ASSESSORIA TECNICA;SUBGERENTE;SUBGERENTE; 40:00;20/07/2022;CARGO COMISSION.S/VINCULO;3191,80;;3191,80;327,46;2864,34;
ANA CAROLINA MOURA DE SA CAVALCANTE;GERENCIA DE CONTR.FINANCEIROS;ASSESSOR I;NAO INFORMADO; 40:00;16/08/2021;CARGO COMISSION.S/VINCULO;5229,77;;5229,77;914,81;4314,96;
ANA CLAUDIA DE AZEVEDO MONTEIRO;ASSESSORIA JURIDICA;ASSESSOR I;ASSESSOR I; 40:00;01/02/2022;CARGO COMISSION.S/VINCULO;5229,77;;5229,77;957,83;4271,94;
ANA LUCIA DE MATOS SAMPAIO;GERENCIA DE OBRAS DO INTERIOR;ASSESSOR TECNICO;; 40:00;01/04/2015;CARGO COMISSION.S/VINCULO;7000,00;;7000,00;1624,32;5375,68;
ANDERSON RICARDO DE SOUZA BENCHIMOL;ASSESSORIA JURIDICA;ASSESSOR TECNICO;NAO INFORMADO; 40:00;01/08/2020;CARGO COMISSION.S/VINCULO;14000,00;;14000,00;3549,32;10450,68;
ANDRE GOMES DE OLIVEIRA;GERENCIA DE OBRAS DO INTERIOR;ENG-I;; 40:00;01/10/1976;ESTATUTARIO;12386,26;;12386,26;3117,33;9268,93;
ANDREZA DA SILVA VARGAS;GERENCIA DE GESTAO DE PESSOAS;ASSESSOR III;ASSESSOR III; 40:00;01/01/2023;CARGO COMISSION.S/VINCULO;3191,80;;3191,80;327,46;2864,34;
ANNE CAROLINE DE FREITAS MATOS;GERENCIA DE PROJETOS;ASSESSOR TECNICO;NAO INFORMADO; 40:00;06/10/2020;CARGO COMISSION.S/VINCULO;7000,00;;7000,00;1624,32;5375,68;
ANNE KAROLINE OLIVEIRA DE ANDRADE;GERENCIA DE CONTR.FINANCEIROS;ASSESSOR II;ASSESSOR II; 40:00;01/01/2023;CARGO COMISSION.S/VINCULO;4209,79;;4209,79;597,14;3612,65;
ANTONIA CLICE MENDES FIALHO;GERENCIA DE GESTAO DE PESSOAS;CHEFE DE DEPARTAMENTO;NAO INFORMADO; 40:00;21/08/2019;CARGO COMISSION.S/VINCULO;10229,77;;10229,77;2280,69;7949,08;
ANTONIO ARAUJO GONCALVES JUNIOR;GERENCIA DE OBRAS DO INTERIOR;ASSESSOR I;NAO INFORMADO; 40:00;13/09/2021;CARGO COMISSION.S/VINCULO;5229,77;;5229,77;957,83;4271,94;
ANTONIO CARLOS ALBUQUERQUE ARAUJO;DEPTO.DE ENGENHARIA;ASSESSOR III;; 40:00;01/01/2023;CARGO COMISSION.S/VINCULO;6826,89;;6826,89;2659,83;4167,06;
ANTONIO CARLOS GOMES MIRANDA FILHO;GERENCIA DE OBRAS DO INTERIOR;ASSESSOR TECNICO;ASSESSOR TECNICO; 40:00;27/03/2023;CARGO COMISSION.S/VINCULO;7000,00;;7000,00;1624,32;5375,68;
ARI CASTELO BRANCO;GERENCIA DE ORCAMENTO;ENG-I;; 40:00;03/01/1977;ESTATUTARIO;12486,77;;12486,77;3207,31;9279,46;
ARTHUR GABRIEL GONCALVES NETO;DEPARTAMENTO DE ENGENHARIA;ASSESSOR TECNICO;ASSESSOR TECNICO; 40:00;16/02/2023;CARGO COMISSION.S/VINCULO;7000,00;;7000,00;1572,18;5427,82;
AUGUSTA EDMEA ROCHA DAS NEVES;GERENCIA DE PROJETOS;ARQUITETO;; 40:00;02/03/2000;ESTATUTARIO;11252,89;;11252,89;2742,75;8510,14;
BRENDA ANDES BARBOSA;DEPTO.DE ENGENHARIA;ASSESSOR II;NAO INFORMADO; 40:00;08/05/2020;CARGO COMISSION.S/VINCULO;4209,79;;4209,79;597,14;3612,65;
BRUNO EDUARDO MORAIS DAS NEVES;GERENCIA DE CONTR.FINANCEIROS;SUBGERENTE;SUBGERENTE; 40:00;01/01/2023;CARGO COMISSION.S/VINCULO;3191,80;;3191,80;327,46;2864,34;
CARLOS ALBERTO DO NASCIMENTO E SILV;GABINETE DO SECRETARIO;ASSESSOR II;; 40:00;06/12/2017;CARGO COMISSION.S/VINCULO;4209,79;;4209,79;597,14;3612,65;
CARLOS AUGUSTO MARQUES TELES;DEPARTAMENTO DE ADM.E FINANCAS;ASSESSOR III;NAO INFORMADO; 40:00;16/03/2020;CARGO COMISSION.S/VINCULO;3191,80;;3191,80;327,46;2864,34;
CARLOS EDUARDO ABREU DE OLIVEIRA;GERENCIA DE OBRAS DA CAPITAL;ASSESSOR TECNICO;NAO INFORMADO; 40:00;08/02/2021;CARGO COMISSION.S/VINCULO;7000,00;;7000,00;1624,32;5375,68;
CARLOS HENRIQUE DOS REIS LIMA;GABINETE DO SECRETARIO;SECRETARIO DE ESTADO;NAO INFORMADO; 40:00;01/01/2019;CARGO COMISSION.S/VINCULO;28060,00;;28060,00;7415,19;20644,81;
CELIA MARIA CARDOSO PEREIRA;SECRETARIA EXECUTIVA;ASSESSOR IV;ASSESSOR IV; 40:00;17/07/2020;CARGO COMISSION.S/VINCULO;3175,61;;3175,61;324,29;2851,32;
CELINA DA SILVA MELO;GERENCIA DE GESTAO DE PESSOAS;ASSESSOR I;ASSESSOR I; 40:00;03/08/2020;CARGO COMISSION.S/VINCULO;5229,77;;5229,77;957,83;4271,94;
CINTHYA DE AQUINO SIQUEIRA;ASSESSORIA JURIDICA;ASSESSOR I;NAO INFORMADO; 40:00;04/10/2021;CARGO COMISSION.S/VINCULO;5229,77;;5229,77;957,83;4271,94;
CLAUDIO JOSE SILVA DE ALBUQUERQUE;ASSESSORIA JURIDICA;DIGITADOR;; 40:00;01/03/2001;ESTATUTARIO;3577,54;;3577,54;276,06;3301,48;
CLODOALDO PEREIRA SILVA;GERENCIA DE CONTR.FINANCEIROS;ASSESSOR II;ASSESSOR II; 40:00;12/05/2022;CARGO COMISSION.S/VINCULO;4209,79;;4209,79;585,61;3624,18;
DALYENNE SOUZA ALENCAR DA ROCHA;GERENCIA DE CONTR.FINANCEIROS;CHEFE DE DEPARTAMENTO;NAO INFORMADO; 40:00;02/01/2019;CARGO COMISSION.S/VINCULO;5229,77;;5229,77;957,83;4271,94;
DANIEL QUINTINO DUTRA;GERENCIA DE CONTR.FINANCEIROS;CADISTA;; 40:00;18/10/1999;ESTATUTARIO;3577,54;;3577,54;276,06;3301,48;
DANIEL REIS VIEIRA;GERENCIA DE OBRAS DO INTERIOR;ASSESSOR I;ASSESSOR I; 40:00;27/03/2023;CARGO COMISSION.S/VINCULO;5229,77;;5229,77;957,83;4271,94;
DANIELE BATISTA LOPES;GESTAO PROG.SOC.AMB.IGARAPES;ASSESSOR TECNICO;ASSESSOR TECNICO; 40:00;01/06/2022;CARGO COMISSION.S/VINCULO;12000,00;;12000,00;2999,32;9000,68;
DANIELLE ANTONY ASSIS;DEPARTAMENTO DE ADM.E FINANCAS;ASSESSOR I;NAO INFORMADO; 40:00;01/02/2020;CARGO COMISSION.S/VINCULO;5229,77;;5229,77;957,83;4271,94;
DANIELLE MARIA OLIVEIRA DA SILVA;DEPARTAMENTO DE ENGENHARIA;ASSESSOR III;ASSESSOR III; 40:00;10/06/2022;CARGO COMISSION.S/VINCULO;3191,80;;3191,80;327,46;2864,34;
DAVIANE LEITE PERRONE;DEPTO.DE ENGENHARIA;GERENTE;NAO INFORMADO; 40:00;03/08/2020;CARGO COMISSION.S/VINCULO;4209,79;;4209,79;597,14;3612,65;
DAYANNE LEITE PERRONE;SECRETARIA EXECUTIVA;ASSESSOR IV;NAO INFORMADO; 40:00;18/03/2019;CARGO COMISSION.S/VINCULO;2575,61;;2575,61;212,12;2363,49;
DORVAL DO NASCIMENTO FEITOZA;GERENCIA DE PROJETOS;AUXILIAR DE TOPOGRAFIA;; 40:00;10/10/1999;ESTATUTARIO;3461,81;;3461,81;229,71;3232,10;
DOUGLAS GALVAO MONTEIRO JUNIOR;GABINETE DO SECRETARIO;ASSESSOR TECNICO;NAO INFORMADO; 40:00;08/05/2020;CARGO COMISSION.S/VINCULO;7000,00;;7000,00;1624,32;5375,68;
DRIELY MONTE XAUD;ASSESSORIA DE COMUNICACAO;ASSESSOR IV;NAO INFORMADO; 40:00;21/07/2021;CARGO COMISSION.S/VINCULO;3175,61;;3175,61;324,29;2851,32;
EDGAR LUIZ PINHEIRO DE SOUZA;GERENCIA DE ORCAMENTOS;ASSESSOR TECNICO;ASSESSOR TECNICO; 40:00;10/06/2022;CARGO COMISSION.S/VINCULO;7000,00;;7000,00;1624,32;5375,68;
EDILSON ROTONDANO;GERENCIA DE PROJETOS;ENG-III;; 30:00;19/07/1985;ESTATUTARIO;8905,27;;8905,27;1816,63;7088,64;
EDUARDO DA SILVA PAULA;ASSESSORIA DE COMUNICACAO;ASSESSOR I;NAO INFORMADO; 40:00;02/01/2019;CARGO COMISSION.S/VINCULO;5229,77;;5229,77;957,83;4271,94;
EDUARDO TUYOSHI CHIBA;PESSOAL PROC.DE APOSENTADORIA;ENG-I;; 40:00;27/08/1987;ESTATUTARIO;12650,52;;12650,52;3268,96;9381,56;
EDVALDO ROCHA RIBEIRO;GERENCIA DE PROJETOS;AUX.O-I;; 30:00;02/05/1986;ESTATUTARIO;3586,06;;3586,06;445,84;3140,22;
ELENICE MARIA DE XEREZ VIEIRALVES A;UGPAC/AM-UNID.PROG.ACEL.CRESC.;ASSESSOR TECNICO;; 40:00;01/04/2015;CARGO COMISSION.S/VINCULO;7000,00;;7000,00;1624,32;5375,68;
ELIANA MARIA DA SILVA FEITOSA;GERENCIA DE PROTOC.E ARQUIVO;AUX.S.G-II;; 30:00;15/07/1996;ESTATUTARIO;3516,15;;3516,15;411,17;3104,98;
ELIZA DO CARMO DE OLIVEIRA DA SILVA;ASSESSORIA JURIDICA;ASSESSOR II;ASSESSOR II; 40:00;09/11/2015;CARGO COMISSION.S/VINCULO;4209,79;;4209,79;597,14;3612,65;
EMERSON SILVEIRA FERREIRA;GERENCIA DE CONTABILIDADE;A.TEC-II;; 30:00;11/06/2018;ESTATUTARIO;3663,89;;3663,89;562,42;3101,47;
ENDREWS BORGENS SILVEIRA FERREIRA;GERENCIA DE PROTOC.E ARQUIVO;ASSESSOR IV;ASSESSOR IV; 40:00;01/12/2023;CARGO COMISSION.S/VINCULO;3175,61;;3175,61;324,29;2851,32;
ERICA DE JESUS LACERDA AFONSO;GERENCIA DE ORCAMENTO;ASSESSOR II;ASSESSOR II; 40:00;01/01/2023;CARGO COMISSION.S/VINCULO;4209,79;;4209,79;585,61;3624,18;
ERIECSON COSTA ARAUJO;GERENCIA DE OBRAS DO INTERIOR;ASSESSOR II;ASSESSOR II; 40:00;27/03/2023;CARGO COMISSION.S/VINCULO;4209,79;;4209,79;597,14;3612,65;
EUCLYCES MARIA DE PAULA FREITAS;GABINETE DO SECRETARIO;ASSISTENTE ADMINISTRATIVO I;CHEFE GABINETE AD-1; 30:00;22/10/1987;ESTATUTARIO;5916,61;;5916,61;806,25;5110,36;
EULEY ROBSON COSTA GOES;GERENCIA DE OBRAS DA CAPITAL;ASSESSOR I;ASSESSOR I; 40:00;08/05/2023;CARGO COMISSION.S/VINCULO;5229,77;;5229,77;957,83;4271,94;
FELIPE JOSE ANDRADE GESTA;ASSESSORIA JURIDICA;ASSESSOR III;ASSESSOR III; 40:00;10/02/2022;CARGO COMISSION.S/VINCULO;3191,80;;3191,80;327,46;2864,34;
FERNANDO DOS REIS ARAGAO;DEPARTAMENTO DE ENGENHARIA;ASSESSOR II;ASSESSOR II; 40:00;10/06/2022;CARGO COMISSION.S/VINCULO;4209,79;;4209,79;597,14;3612,65;
FERNANDO ELIAS PRESTES GONCALVES;GABINETE DO SECRETARIO;ENG-I;; 30:00;01/03/1982;ESTATUTARIO;13185,88;;13185,88;3380,96;9804,92;
FERNANDO THIAGO FRANCA ROCHA;GABINETE DO SECRETARIO;ASSESSOR IV;NAO INFORMADO; 40:00;08/05/2020;CARGO COMISSION.S/VINCULO;3175,61;;3175,61;324,29;2851,32;
FRANCIS ALBERT GAMA PARENTE;GERENCIA DE PROJETOS;ENGENHEIRO;; 40:00;09/06/2000;ESTATUTARIO;11515,54;;11515,54;2254,57;9260,97;
FRANCISCA MOTA DE LIMA;GABINETE DO SECRETARIO;ASSESSOR IV;ASSESSOR IV AD-4; 40:00;01/01/2011;CARGO COMISSION.S/VINCULO;3175,61;;3175,61;324,29;2851,32;
FRANCISCO BARROSO GOMES;GERENCIA DE MANUTENCAO;VIGIA-I;; 30:00;20/03/1978;ESTATUTARIO;3695,28;;3695,28;472,96;3222,32;
FRANCISCO DAS CHAGAS ROSA DE LIMA;GERENCIA DE MANUTENCAO;MOT-I;; 30:00;01/07/1976;ESTATUTARIO;4240,07;;4240,07;572,02;3668,05;
FRANCISCO JOSE DE CASTRO E SILVA;ASSESSORIA JURIDICA;ASSESSOR III;ASSESSOR III AD-3; 40:00;01/01/2011;CARGO COMISSION.S/VINCULO;3191,80;;3191,80;327,46;2864,34;
FRANCISCO OLIVEIRA DE SOUZA FILHO;UNID.GEST.PR.SOC.AMB.IGARAPES;ENG-I;; 40:00;15/03/1978;ESTATUTARIO;12366,20;;12366,20;3109,78;9256,42;
FRANQUIMAR SANTANA CIDRONIO;GERENCIA DE OBRAS DA CAPITAL;TNS-I;; 40:00;06/03/1981;ESTATUTARIO;12845,12;;12845,12;3256,90;9588,22;
GABRIELA DE MEDEIROS DA COSTA;GERENCIA DE PROJETOS;ASSESSOR IV;ASSESSOR IV; 40:00;23/01/2023;CARGO COMISSION.S/VINCULO;3175,61;;3175,61;324,29;2851,32;
GILTEMBERG MESSIAS DE O SILVA;GABINETE DO SECRETARIO;ASSESSOR II;ASSESSOR II; 40:00;11/07/2023;CARGO COMISSION.S/VINCULO;4209,79;;4209,79;597,14;3612,65;
GIRLANE BRASIL DE CASTRO;GERENCIA DE GESTAO DE PESSOAS;GERENTE;GERENTE; 40:00;23/10/2023;CARGO COMISSION.S/VINCULO;4209,79;;4209,79;597,14;3612,65;
GIRLENE OLIVEIRA DE ARAUJO;DEPTO.DE ENGENHARIA;ASSESSOR II;NAO INFORMADO; 40:00;13/08/2019;CARGO COMISSION.S/VINCULO;4209,79;;4209,79;597,14;3612,65;
GISELE SIMONE LIMA CERF LEVY;GABINETE DO SECRETARIO;GERENTE;GERENTE; 40:00;01/02/2023;CARGO COMISSION.S/VINCULO;4209,79;;4209,79;597,14;3612,65;
GREICIANE CORREA FERNANDES;ASSESSORIA DE COMUNICACAO;ASSESSOR TECNICO;ASSESSOR TECNICO; 40:00;01/01/2022;CARGO COMISSION.S/VINCULO;7000,00;;7000,00;1624,32;5375,68;
GUSTAVO BRUGNARA DA SILVEIRA;SECRETARIA EXECUTIVA;SECRETARIO EXECUTIVO;SECRETARIO EXECUTIVO; 40:00;14/09/2022;CARGO COMISSION.S/VINCULO;16700,00;;16700,00;4343,33;12356,67;
HARLEY AUGUSTO VIEIRA DOS SANTOS;DEPARTAMENTO DE ENGENHARIA;ASSESSOR II;NAO INFORMADO; 40:00;02/01/2019;CARGO COMISSION.S/VINCULO;4209,79;;4209,79;597,14;3612,65;
HEBER ANEQUINO BARBOSA;DEPARTAMENTO DE ENGENHARIA;CHEFE DE DEPARTAMENTO;NAO INFORMADO; 40:00;01/06/2020;CARGO COMISSION.S/VINCULO;5229,77;;5229,77;957,83;4271,94;
HELANE ARAUJO DA COSTA;ASSESSORIA JURIDICA;ASSESSOR TECNICO;NAO INFORMADO; 40:00;02/01/2019;CARGO COMISSION.S/VINCULO;12000,00;;12000,00;2999,32;9000,68;
HELIDA ARAUJO DA COSTA;UNID.GEST.PR.SOC.AMB.IGARAPES;ASSESSOR II;ASSESSOR II; 40:00;01/01/2023;CARGO COMISSION.S/VINCULO;4209,79;;4209,79;597,14;3612,65;
HELOIZA STEFANY AGUIAR AMORIM;DEPTO.DE ENGENHARIA;ASSESSOR IV;ASSESSOR IV; 40:00;03/07/2023;CARGO COMISSION.S/VINCULO;3175,61;;3175,61;324,29;2851,32;
HENRIETT SANTOS VIANNA COSTA;GERENCIA DE CONTABILIDADE;A.TEC-I;; 30:00;02/05/1980;ESTATUTARIO;4453,10;;4453,10;774,04;3679,06;
HENRIQUE TAVARES DE SOUZA;ASSESSORIA JURIDICA;ASSESSOR IV;ASSESSOR IV; 40:00;01/01/2023;CARGO COMISSION.S/VINCULO;3175,61;;3175,61;324,29;2851,32;
HILDEANY LETICIA ARRUDA MONTEIRO;GERENCIA DE GESTAO DE PESSOAS;ASSESSOR IV;ASSESSOR IV; 40:00;03/05/2022;CARGO COMISSION.S/VINCULO;3175,61;;3175,61;324,29;2851,32;
HUDSANDRA KEROLLEN TEIXEIRA FREITAS;ASSESSORIA DE PLANEJAMENTO;ASSESSOR I;ASSESSOR I; 40:00;01/05/2023;CARGO COMISSION.S/VINCULO;5229,77;;5229,77;957,83;4271,94;
HUGO LEONARDO MENEZES DE SALES;DEPTO.DE ENGENHARIA;CHEFE DE DEPARTAMENTO;CHEFE DE DEPARTAMENT; 40:00;01/01/2023;CARGO COMISSION.S/VINCULO;5229,77;;5229,77;957,83;4271,94;
ISABEL CRISTINA DUARTE SILVA NEGOIT;REMANEJADOS SEINFRA;CHEFE DE DEPARTAMENTO;NAO INFORMADO; 40:00;02/01/2019;CARGO COMISSION.S/VINCULO;5229,77;;5229,77;957,83;4271,94;
ISLEY ARAUJO DOS SANTOS;GERENCIA DE OBRAS DO INTERIOR;ASSESSOR II;ASSESSOR II; 40:00;17/07/2023;CARGO COMISSION.S/VINCULO;4209,79;;4209,79;597,14;3612,65;
IVAN MATIAS LIMA;GERENCIA DE MANUTENCAO;AGENTE PORTUARIO II;; 40:00;02/01/2019;ESTATUTARIO;3666,66;;3666,66;2000,00;1666,66;
IVAN MATIAS LIMA;GERENCIA DE MANUTENCAO;AGENTE PORTUARIO II;ASSESSOR I; 40:00;01/12/2023;ESTATUTARIO;6776,24;;6776,24;1054,52;5721,72;
JANDERSON OLIVEIRA DE CARVALHO;GERENCIA DE PROJETOS;ASSESSOR TECNICO;ASSESSOR TECNICO; 40:00;01/01/2023;CARGO COMISSION.S/VINCULO;7000,00;;7000,00;1624,32;5375,68;
JANNY MARY MOTA DA SILVA;GERENCIA DE OBRAS DO INTERIOR;ASSESSOR II;; 40:00;01/04/2015;CARGO COMISSION.S/VINCULO;4209,79;;4209,79;597,14;3612,65;
JANSEN DE OLIVEIRA MONTE;DEPTO.DE ENGENHARIA;DIGITADOR;; 40:00;18/10/1999;ESTATUTARIO;3577,54;;3577,54;270,03;3307,51;
JARLAN BIASE DE LIMA;GERENCIA DE TRANSPORTES;FISCAL RODOVIARIO;; 40:00;18/10/1999;ESTATUTARIO;3577,54;;3577,54;276,06;3301,48;
JEFFERSON NUNES DA COSTA;GERENCIA DE ORCAMENTO;ASSESSOR IV;ASSESSOR IV; 40:00;01/01/2023;CARGO COMISSION.S/VINCULO;3175,61;;3175,61;324,29;2851,32;
JESUS ALECXANDRE GOMES DE SOUZA;REMANEJADOS SEINFRA;CHEFE DE DEPARTAMENTO;NAO INFORMADO; 40:00;13/09/2019;CARGO COMISSION.S/VINCULO;5229,77;;5229,77;914,81;4314,96;
JOACY DE SOUZA CASTELO;GERENCIA DE GESTAO DE PESSOAS;ASSESSOR IV;ASSESSOR IV AD-4; 40:00;01/01/2011;CARGO COMISSION.S/VINCULO;3175,61;;3175,61;314,14;2861,47;
JOAO THIAGO REIS BEZERRA;DEPARTAMENTO DE INFORMATICA;ASSESSOR III;NAO INFORMADO; 40:00;04/03/2020;CARGO COMISSION.S/VINCULO;3191,80;;3191,80;327,46;2864,34;
JORGE RENATO CASTRO DA SILVA;DEPARTAMENTO DE ADM.E FINANCAS;SECRETARIO EXECUTIVO ADJUNTO;NAO INFORMADO; 40:00;02/01/2019;CARGO COMISSION.S/VINCULO;16000,00;;16000,00;4150,83;11849,17;
JOSE ALMEIDA DE OLIVEIRA;ASSESSORIA JURIDICA;ENG-I;; 30:00;14/08/1978;ESTATUTARIO;16875,56;;16875,56;4859,69;12015,87;
JOSE DE RIBAMAR XAVIER DESTERRO E S;GERENCIA DE PROJETOS;TNS-I;GERENTE, AD-2; 40:00;13/08/1982;ESTATUTARIO;11995,74;;11995,74;3022,43;8973,31;
JULIANA REBECA RODRIGUES CORREA;ASSESSORIA DE COMUNICACAO;ASSESSOR IV;NAO INFORMADO; 40:00;17/11/2021;CARGO COMISSION.S/VINCULO;3175,61;;3175,61;324,29;2851,32;
JULIE ALVES DA SILVA;DEPTO.DE ENGENHARIA;ASSESSOR I;ASSESSOR I; 40:00;23/10/2023;CARGO COMISSION.S/VINCULO;5229,77;;5229,77;957,83;4271,94;
JULIETE DOS SANTOS BARBOSA;DEPTO.DE ENGENHARIA;ASSESSOR IV;; 40:00;09/01/2020;CARGO COMISSION.S/VINCULO;8556,49;;8556,49;2646,33;5910,16;
JULIETE DOS SANTOS BARBOSA;GERENCIA DE PROJETOS;ASSESSOR III;ASSESSOR III; 40:00;21/11/2023;CARGO COMISSION.S/VINCULO;4255,73;;4255,73;610,47;3645,26;
JULYANE LOPES DE SOUZA;GERENCIA DE CONTABILIDADE;ASSESSOR III;ASSESSOR III; 40:00;01/12/2021;CARGO COMISSION.S/VINCULO;3191,80;;3191,80;327,46;2864,34;
JURACI SILVA CARDOSO;DEPTO.DE ENGENHARIA;A.TEC-I;; 30:00;08/05/1978;ESTATUTARIO;3914,97;;3914,97;682,73;3232,24;
KARIN SUELLE ALVES SERUDO;GERENCIA DE GESTAO DE PESSOAS;ASSESSOR III;NAO INFORMADO; 40:00;09/11/2020;CARGO COMISSION.S/VINCULO;3191,80;;3191,80;317,16;2874,64;
KARINA MARQUES DOS SANTOS;SECRETARIA EXECUTIVA;ASSESSOR IV;ASSESSOR IV; 40:00;08/02/2023;CARGO COMISSION.S/VINCULO;3175,61;;3175,61;324,29;2851,32;
KATIA MARIA SOARES B C CAPOBIANGO;GABINETE DO SECRETARIO;ARQUITETO;; 30:00;20/05/1994;ESTATUTARIO;11252,89;;11252,89;2742,75;8510,14;
KEITOKU TOYODA;GERENCIA DE ORCAMENTO;ENG-I;CHEFE SETOR CUSTOS; 30:00;05/04/1982;ESTATUTARIO;13344,01;;13344,01;2621,32;10722,69;
KELLYSON SANTOS OLIVEIRA;GERENCIA DE PROJETOS;CONSULTOR;NAO INFORMADO; 40:00;01/10/2021;CARGO COMISSION.S/VINCULO;7000,00;;7000,00;1572,18;5427,82;
KELMA PALMEIRAS MAIA;GERENCIA DE GESTAO DE PESSOAS;ASSESSOR IV;; 40:00;01/01/2023;CARGO COMISSION.S/VINCULO;6792,27;;6792,27;1587,80;5204,47;
KELMA PALMEIRAS MAIA;GERENCIA DE MANUTENCAO;ASSESSOR II;ASSESSOR II; 40:00;01/12/2023;CARGO COMISSION.S/VINCULO;4209,79;;4209,79;597,14;3612,65;
KEMILLY VITORIA ALVES MARINHO;ASSESSORIA DE PLANEJAMENTO;ASSESSOR IV;ASSESSOR IV; 40:00;01/01/2023;CARGO COMISSION.S/VINCULO;3175,61;;3175,61;324,29;2851,32;
KEYFFERSON LIMA RIBEIRO;GERENCIA DE ORCAMENTOS;ASSESSOR TECNICO;ASSESSOR TECNICO; 40:00;01/10/2023;CARGO COMISSION.S/VINCULO;7000,00;;7000,00;1624,32;5375,68;
LAZARO ROQUE DOS SANTOS;GERENCIA DE PROJETOS;AUX.O-I;; 30:00;25/06/1984;ESTATUTARIO;3689,03;;3689,03;475,69;3213,34;
LESSIANE DE SOUSA SOARES;DEPARTAMENTO DE ADM.E FINANCAS;DIGITADOR;; 40:00;15/05/2000;ESTATUTARIO;3577,54;;3577,54;276,06;3301,48;
LILIAN CARLA ARAUJO DOS S RODRIGUES;SECRETARIA EXECUTIVA;GERENTE;NAO INFORMADO; 40:00;01/07/2020;CARGO COMISSION.S/VINCULO;4209,79;;4209,79;597,14;3612,65;
LINDOMAR DA SILVA VARGAS;GERENCIA DE CONTABILIDADE;ASSESSOR TECNICO;NAO INFORMADO; 40:00;02/01/2019;CARGO COMISSION.S/VINCULO;12000,00;;12000,00;2947,18;9052,82;
LIZANDRA VALERIA PEREIRA BRUGNARA;ASSESSORIA DE PLANEJAMENTO;SECRETARIO EXECUTIVO ADJUNTO;NAO INFORMADO; 40:00;01/10/2021;CARGO COMISSION.S/VINCULO;14000,00;;14000,00;3600,83;10399,17;
LORENA BEATRIZ BARRETO FURTADO;ASSESSORIA DE COMUNICACAO;ASSESSOR III;; 40:00;07/02/2022;CARGO COMISSION.S/VINCULO;3191,80;;3191,80;327,46;2864,34;
LORENA SILVA SOUZA;DEPARTAMENTO DE ADM.E FINANCAS;GERENTE;GERENTE; 40:00;01/02/2023;CARGO COMISSION.S/VINCULO;4209,79;;4209,79;597,14;3612,65;
LORENA TAVARES DE FREITAS;GERENCIA DE ORCAMENTOS;ASSESSOR TECNICO;NAO INFORMADO; 40:00;16/12/2020;CARGO COMISSION.S/VINCULO;7000,00;;7000,00;1624,32;5375,68;
LUANA SILVA MAHATMA;DEPTO.DE ENGENHARIA;ASSESSOR IV;NAO INFORMADO; 40:00;25/09/2019;CARGO COMISSION.S/VINCULO;3175,61;;3175,61;314,14;2861,47;
LUANA SOARES BATISTA;ASSESSORIA JURIDICA;ASSESSOR III;ASSESSOR III; 40:00;01/02/2022;CARGO COMISSION.S/VINCULO;3191,80;;3191,80;327,46;2864,34;
LUCAS FURTADO MAIA PEREIRA;GERENCIA DE CONTR.FINANCEIROS;SUBGERENTE;SUBGERENTE; 40:00;12/05/2022;CARGO COMISSION.S/VINCULO;3191,80;;3191,80;327,46;2864,34;
LUCICLEY BARBOSA E SA;GERENCIA DE GESTAO DE PESSOAS;GERENTE;GERENTE; 40:00;15/12/2021;CARGO COMISSION.S/VINCULO;4209,79;;4209,79;597,14;3612,65;
LUIS FELIPE GOMES DA SILVA;DEPTO.DE ENGENHARIA;ASSESSOR III;ASSESSOR III; 40:00;01/01/2023;CARGO COMISSION.S/VINCULO;3191,80;;3191,80;327,46;2864,34;
LUIZ ANTONIO DE VASCONCELLOS DIAS J;GERENCIA DE PROJETOS;ASSESSOR I;ASSESSOR I AD-1; 40:00;01/01/2011;CARGO COMISSION.S/VINCULO;5229,77;;5229,77;914,81;4314,96;
LUIZ CARLOS PEREIRA DO NASCIMENTO;GERENCIA DE PROJETOS;MOT-I;; 30:00;30/04/1970;ESTATUTARIO;4337,52;;4337,52;611,31;3726,21;
LUIZ FELIPE DO NASCIMENTO F SANTOS;GERENCIA DE OBRAS DO INTERIOR;ASSESSOR I;ASSESSOR I; 40:00;27/03/2023;CARGO COMISSION.S/VINCULO;5229,77;;5229,77;957,83;4271,94;
LUIZ HENRIQUE MARTINS LINHARES;GERENCIA DE TRANSPORTES;A.OPE-I;; 40:00;01/06/1985;ESTATUTARIO;5895,58;;5895,58;1075,89;4819,69;
LUIZ RAPHAEL BINDA CIDRONIO;DEPARTAMENTO DE ENGENHARIA;ASSESSOR III;ASSESSOR III; 40:00;11/10/2023;CARGO COMISSION.S/VINCULO;3191,80;;3191,80;327,46;2864,34;
MANOEL DE CASTRO PAIVA;SECRETARIA EXECUTIVA;ENG.O-I;; 40:00;10/04/1978;ESTATUTARIO;13040,99;;13040,99;3328,21;9712,78;
MANOEL FERNANDES DA SILVA;GERENCIA DE PROJETOS;AUX.O-I;; 30:00;02/05/1986;ESTATUTARIO;3654,06;;3654,06;465,56;3188,50;
MANUEL RIBAMAR VALDEVINO DE OLIVEIR;GERENCIA DE TRANSPORTES;ENG.O-I;; 40:00;08/08/1977;ESTATUTARIO;12212,78;;12212,78;3104,15;9108,63;
MARCELO ALVES PEREIRA;DEPTO.DE ENGENHARIA;ASSESSOR II;; 40:00;01/03/2022;CARGO COMISSION.S/VINCULO;12278,54;;12278,54;2104,89;10173,65;
MARCELO CELSO BASTOS DE AGUIAR;GERENCIA DE OBRAS DA CAPITAL;ENG-I;; 40:00;01/06/1978;ESTATUTARIO;15814,21;;15814,21;4871,97;10942,24;
MARCELO TAVARES DE CARVALHO;ASSESSORIA DE PLANEJAMENTO;ASSESSOR TECNICO;NAO INFORMADO; 40:00;02/01/2019;CARGO COMISSION.S/VINCULO;7000,00;;7000,00;1624,32;5375,68;
MARCIO BRITO DA SILVA;GERENCIA DE MANUTENCAO;ASSESSOR IV;NAO INFORMADO; 40:00;16/08/2018;CARGO COMISSION.S/VINCULO;3175,61;;3175,61;324,29;2851,32;
MARCIO PINHEIRO AZEDO;DEPTO.DE ENGENHARIA;CONSULTOR;NAO INFORMADO; 40:00;10/02/2020;CARGO COMISSION.S/VINCULO;12000,00;;12000,00;2947,18;9052,82;
MARCO ANTONIO MUNIZ RIBEIRO;GERENCIA DE OBRAS DA CAPITAL;ASSESSOR II;NAO INFORMADO; 40:00;04/09/2018;CARGO COMISSION.S/VINCULO;4209,79;;4209,79;557,17;3652,62;
MARCOS BRUNO SILVA MARINHO;GERENCIA DE PROTOC.E ARQUIVO;ASSESSOR III;ASSESSOR III; 40:00;09/08/2023;CARGO COMISSION.S/VINCULO;3191,80;;3191,80;327,46;2864,34;
MARCOS CASTRO DE SOUZA;DEPARTAMENTO DE ADM.E FINANCAS;ASSESSOR I;NAO INFORMADO; 40:00;01/07/2020;CARGO COMISSION.S/VINCULO;5229,77;;5229,77;957,83;4271,94;
MARIA DA CRUZ SILVA;GERENCIA DE CONTABILIDADE;ASSESSOR III;ASSESSOR III; 40:00;01/02/2023;CARGO COMISSION.S/VINCULO;3191,80;;3191,80;327,46;2864,34;
MARIA DE FATIMA LIMA DE MATOS;DEPARTAMENTO DE ADM.E FINANCAS;ASSISTENTE TECNICO 1A CLASSE;; 30:00;01/11/1993;ESTATUTARIO;3586,28;;3586,28;278,59;3307,69;
MARIA DE FATIMA NUNES RIBEIRO;GERENCIA DE TRANSPORTES;A.TEC-I;SECRETARIA DA DO; 30:00;12/02/1985;ESTATUTARIO;3859,11;;3859,11;667,70;3191,41;
MARIA DO CARMO VIEIRA GOLVIM;GERENCIA DE ORCAMENTO;ENG-I;; 40:00;15/10/1979;ESTATUTARIO;13294,05;;13294,05;3420,33;9873,72;
MARIA DO PERPETUO S F OLIVEIRA;DEPTO.DE ENGENHARIA;ASSESSOR II;NAO INFORMADO; 40:00;10/02/2020;CARGO COMISSION.S/VINCULO;4209,79;;4209,79;597,14;3612,65;
MARIA EMILIA LEITE FRANCA;GERENCIA DE MANUTENCAO;AUX.ADM-I;; 30:00;20/05/1981;ESTATUTARIO;3963,25;;3963,25;522,08;3441,17;
MARIA JOSE LITAIFF E LITAIFF;GERENCIA DE PROJETOS;DES-I;ASSESSOR I - AD-1; 40:00;03/06/1985;ESTATUTARIO;6473,29;;6473,29;1332,93;5140,36;
MARIA MARIANA CARNEIRO;GERENCIA DE GESTAO DE PESSOAS;AUXILIAR DE SERV GERAIS 3A CLASSE;; 30:00;01/04/1994;ESTATUTARIO;3470,55;;3470,55;234,23;3236,32;
MARILENA BO AGUIAR JACOBS;GERENCIA DE ORCAMENTO;ENGENHEIRO;; 40:00;01/03/1994;ESTATUTARIO;11524,28;;11524,28;2844,93;8679,35;
MARIO JORGE DUTRA DA SILVA;GERENCIA DE OBRAS DO INTERIOR;ENG-I;ASSESSOR TECNICO; 40:00;03/06/1985;ESTATUTARIO;13247,49;;13247,49;3403,38;9844,11;
MARIO RODRIGUES MONTEIRO JUNIOR;GERENCIA DE CONTR.FINANCEIROS;ASSESSOR II;NAO INFORMADO; 40:00;18/03/2019;CARGO COMISSION.S/VINCULO;4209,79;;4209,79;597,14;3612,65;
MATHEUS VICTOR COSTA NUNES;GERENCIA DE SUPORTE;SUBGERENTE;SUBGERENTE; 40:00;01/11/2023;CARGO COMISSION.S/VINCULO;3191,80;;3191,80;327,46;2864,34;
MAURICIO PINHO DA SILVA;GABINETE DO SECRETARIO;ASSESSOR III;NAO INFORMADO; 40:00;08/05/2020;CARGO COMISSION.S/VINCULO;3191,80;;3191,80;327,46;2864,34;
MAYARA BARBOSA CAUPER;DEPTO.DE ENGENHARIA;SUBGERENTE;SUBGERENTE; 40:00;23/10/2023;CARGO COMISSION.S/VINCULO;3191,80;;3191,80;327,46;2864,34;
MICHELE LIMA BEZERRA;GERENCIA DE GESTAO DE PESSOAS;ASSESSOR I;ASSESSOR I; 40:00;01/06/2023;CARGO COMISSION.S/VINCULO;5229,77;;5229,77;957,83;4271,94;
MILENA DO NASCIMENTO LIMA;DEPTO.DE ENGENHARIA;ASSESSOR IV;ASSESSOR IV; 40:00;01/12/2023;CARGO COMISSION.S/VINCULO;3175,61;;3175,61;324,29;2851,32;
MONICA REJANE BUZAR DUAILIBE;GERENCIA DE OBRAS DO INTERIOR;ASSESSOR I;NAO INFORMADO; 40:00;01/11/2019;CARGO COMISSION.S/VINCULO;5229,77;;5229,77;872,16;4357,61;
NELCIMAR CARDOSO MELO;ASSESSORIA DE PLANEJAMENTO;ASSESSOR II;; 40:00;01/01/2023;CARGO COMISSION.S/VINCULO;4209,79;;4209,79;597,14;3612,65;
NEY AFONSO SIQUEIRA AGUIAR;GERENCIA DE PROJETOS;DES-I;; 40:00;01/06/1978;ESTATUTARIO;4469,27;;4469,27;838,77;3630,50;
NIBIA PINHO PUCU;DEPARTAMENTO DE ENGENHARIA;GERENTE;GERENTE; 40:00;01/01/2023;CARGO COMISSION.S/VINCULO;4209,79;;4209,79;597,14;3612,65;
NIVALNETT DOS SANTOS OSORIO;GERENCIA DE ORCAMENTO;ASSESSOR II;NAO INFORMADO; 40:00;21/01/2021;CARGO COMISSION.S/VINCULO;4209,79;;4209,79;585,61;3624,18;
NORMANDO RABELO PINHEIRO;DEPTO.DE ENGENHARIA;ASSESSOR IV;; 40:00;01/03/2022;CARGO COMISSION.S/VINCULO;7145,12;;7145,12;1587,80;5557,32;
NORMANDO RABELO PINHEIRO;GERENCIA DE OBRAS DO INTERIOR;ASSESSOR II;ASSESSOR II; 40:00;01/12/2023;CARGO COMISSION.S/VINCULO;4209,79;;4209,79;597,14;3612,65;
ODILENO RABELO DA SILVA;GERENCIA DE MANUTENCAO;ASSESSOR I;; 40:00;07/02/2022;CARGO COMISSION.S/VINCULO;11654,76;;11654,76;2614,88;9039,88;
ORLANDO AUGUSTO VIEIRA DE MATTOS JU;SECRETARIA EXECUTIVA;ENG-I;; 40:00;10/12/1975;ESTATUTARIO;18668,22;;18668,22;5534,62;13133,60;
ORLANDO SILVIO DE PAULA LIMA;GERENCIA DE PROJETOS;AUX.O-I;; 40:00;29/10/1969;ESTATUTARIO;3671,55;;3671,55;470,63;3200,92;
OSWALDO SAID JUNIOR;GERENCIA DE OBRAS DA CAPITAL;TNS-I;; 40:00;10/01/1985;ESTATUTARIO;12127,89;;12127,89;3072,19;9055,70;
PAULO ESTEVES FERNANDES NETO;ASSESSORIA DE PLANEJAMENTO;ASSESSOR II;ASSESSOR II; 40:00;01/01/2023;CARGO COMISSION.S/VINCULO;4209,79;;4209,79;597,14;3612,65;
PEDRO HENRIQUE ANDRADE E PAIVA;ASSESSORIA DE PLANEJAMENTO;ASSESSOR IV;ASSESSOR IV; 40:00;21/11/2023;CARGO COMISSION.S/VINCULO;4234,14;;4234,14;604,20;3629,94;
PHILIPE ANTONIO MORAES DE AQUINO;GERENCIA DE CONV.FEDERAIS;ASSESSOR I;NAO INFORMADO; 40:00;09/06/2021;CARGO COMISSION.S/VINCULO;5229,77;;5229,77;957,83;4271,94;
PRISCILA DE SOUZA SILVA;GERENCIA DE GESTAO DE PESSOAS;ASSESSOR III;NAO INFORMADO; 40:00;01/08/2019;CARGO COMISSION.S/VINCULO;3191,80;;3191,80;327,46;2864,34;
PRISCILANE CAMPOS DOS SANTOS;PESSOAL PROC.DE APOSENTADORIA;ASSESSOR IV;NAO INFORMADO; 40:00;04/11/2021;CARGO COMISSION.S/VINCULO;3175,61;;3175,61;324,29;2851,32;
RACHEL MEDEIROS ARAUJO;DEPTO.DE ENGENHARIA;ASSESSOR IV;ASSESSOR IV; 40:00;01/08/2023;CARGO COMISSION.S/VINCULO;3175,61;;3175,61;324,29;2851,32;
RAFAELA ALMEIDA GUIMARAES;DEPTO.DE ENGENHARIA;CHEFE DE DEPARTAMENTO;NAO INFORMADO; 40:00;01/11/2019;CARGO COMISSION.S/VINCULO;5229,77;;5229,77;914,81;4314,96;
RAIMUNDO ALMEIDA FERREIRA;DEPARTAMENTO DE ADM.E FINANCAS;ASSESSOR IV;ASSESSOR IV; 40:00;01/02/2023;CARGO COMISSION.S/VINCULO;3175,61;;3175,61;324,29;2851,32;
RAIMUNDO CARNEIRO DE CASTRO;GERENCIA DE MANUTENCAO;MOT-I;; 30:00;02/08/1976;ESTATUTARIO;4364,10;;4364,10;620,56;3743,54;
RAIMUNDO COSTA ARAUJO NETO;DEPTO.DE ENGENHARIA;ASSESSOR I;ASSESSOR I; 40:00;16/02/2023;CARGO COMISSION.S/VINCULO;5229,77;;5229,77;957,83;4271,94;
RAIMUNDO NONATO BELO SOARES;GERENCIA DE OBRAS DA CAPITAL;ENG-II;; 40:00;01/11/1984;ESTATUTARIO;12327,02;;12327,02;3095,02;9232,00;
RAIMUNDO PEDRACA FILGUEIRAS JUNIOR;GERENCIA DE ORCAMENTO;A.TEC-I;GERENTE, AD-2; 40:00;19/05/1986;ESTATUTARIO;3859,11;;3859,11;667,70;3191,41;
RANGEL TEIXEIRA DA COSTA;GERENCIA DE PROJETOS;ASSESSOR I;NAO INFORMADO; 40:00;01/10/2021;CARGO COMISSION.S/VINCULO;5229,77;;5229,77;914,81;4314,96;
RAYANNY SILVA SIQUEIRA;ASSESSORIA JURIDICA;ASSESSOR TECNICO;NAO INFORMADO; 40:00;25/02/2019;CARGO COMISSION.S/VINCULO;12000,00;;12000,00;2999,32;9000,68;
REGIANE CAMPOS DE CASTRO;GERENCIA DE PROJETOS;ASSESSOR II;NAO INFORMADO; 40:00;01/10/2021;CARGO COMISSION.S/VINCULO;4209,79;;4209,79;528,73;3681,06;
REGINALDO HILARIO DO NASCIMENTO;GERENCIA DE OBRAS DO INTERIOR;ASSISTENTE TECNICO 3A CLASSE;; 30:00;24/01/1994;ESTATUTARIO;5780,28;;5780,28;749,67;5030,61;
RENATA MARTINS DA SILVA ALVES;ASSESSORIA JURIDICA;ASSESSOR TECNICO;ASSESSOR TECNICO; 40:00;22/05/2023;CARGO COMISSION.S/VINCULO;7000,00;;7000,00;1624,32;5375,68;
RENNAN MAIA DE SOUZA;DEPTO.DE ENGENHARIA;ASSESSOR II;ASSESSOR II; 40:00;11/04/2022;CARGO COMISSION.S/VINCULO;4209,79;;4209,79;597,14;3612,65;
ROBERTO ALVES DE MENEZES;GERENCIA DE MANUTENCAO;AUX.O-I;AMOXARIFE; 30:00;14/08/1969;ESTATUTARIO;3973,49;;3973,49;507,62;3465,87;
ROBERVAL DANTAS CAMPOS;GABINETE DO SECRETARIO;ASSESSOR IV;; 40:00;06/12/2017;CARGO COMISSION.S/VINCULO;3175,61;;3175,61;324,29;2851,32;
RODRIGO ANDRADE COSTA;DEPTO.DE ENGENHARIA;ASSESSOR I;ASSESSOR I; 40:00;01/03/2022;CARGO COMISSION.S/VINCULO;5229,77;;5229,77;957,83;4271,94;
ROGERIO GENICIO LUCENA JUNIOR;GERENCIA DE TRANSPORTES;ASSESSOR TECNICO;ASSESSOR TECNICO; 40:00;01/04/2015;CARGO COMISSION.S/VINCULO;7000,00;;7000,00;1624,32;5375,68;
RONY MONTEIRO DA SILVA;DEPARTAMENTO DE ADM.E FINANCAS;ASSESSOR I;ASSESSOR I; 40:00;01/02/2023;CARGO COMISSION.S/VINCULO;5229,77;;5229,77;957,83;4271,94;
RUBEM CARLOS DO LAGO ARAUJO;GERENCIA DE ORCAMENTO;ENGENHEIRO 2A CLASSE;; 30:00;01/08/1978;ESTATUTARIO;11615,73;;11615,73;2879,36;8736,37;
SALOMAO SIMONETTI DE MELO;DEPARTAMENTO DE ENGENHARIA;ASSESSOR TECNICO;NAO INFORMADO; 40:00;10/06/2019;CARGO COMISSION.S/VINCULO;7000,00;;7000,00;1624,32;5375,68;
SANDRA SUELI FONTES RODRIGUES;DEPTO.DE ENGENHARIA;TNS-I;SECRETARIO EXECUTIVO; 40:00;12/07/1985;ESTATUTARIO;12835,14;;12835,14;3253,27;9581,87;
SERGIO REINALDO COLARES ALEGRIA;GERENCIA DE PROTOC.E ARQUIVO;GERENTE;GERENTE; 40:00;11/07/2023;CARGO COMISSION.S/VINCULO;4209,79;;4209,79;597,14;3612,65;
SIDNEY MENDONCA DIAS DE ALMEIDA;GERENCIA DE MANUTENCAO;MOT-I;; 30:00;02/05/1986;ESTATUTARIO;3808,84;;3808,84;383,82;3425,02;
SILVIA PATRICIA MATOS GABRIEL;GERENCIA DE ORCAMENTO;ASSESSOR I;; 40:00;01/04/2015;CARGO COMISSION.S/VINCULO;5229,77;;5229,77;872,16;4357,61;
SYLVANA CELIVIA GOMES FREITAS;GABINETE DO SECRETARIO;ASSESSOR I;NAO INFORMADO; 40:00;08/05/2020;CARGO COMISSION.S/VINCULO;5229,77;;5229,77;957,83;4271,94;
TELMO FERNANDES TORRES;DEPTO.DE ENGENHARIA;AUX.O-I;; 30:00;03/01/1972;ESTATUTARIO;4087,56;;4087,56;538,74;3548,82;
TEREZA CRISTINA PEREIRA DE MELO;GERENCIA DE ORCAMENTO;DIGITADOR;GERENTE; 40:00;18/10/1999;ESTATUTARIO;4771,54;;4771,54;745,45;4026,09;
THAIS CAMPOS DE OLIVEIRA SAMPAIO;SECRETARIA EXECUTIVA;ASSESSOR I;ASSESSOR I; 40:00;01/02/2023;CARGO COMISSION.S/VINCULO;5229,77;;5229,77;957,83;4271,94;
THAIS FERREIRA SANTOS;DEPTO.DE ENGENHARIA;ASSESSOR I;ASSESSOR I; 40:00;10/06/2022;CARGO COMISSION.S/VINCULO;5229,77;;5229,77;957,83;4271,94;
THAMIRYS PATRICIO ANDRADE;ASSESSORIA DE PLANEJAMENTO;ASSESSOR II;ASSESSOR II; 40:00;10/12/2021;CARGO COMISSION.S/VINCULO;4209,79;;4209,79;597,14;3612,65;
THAMYRES COSTA E SILVA;ASSESSORIA JURIDICA;ASSESSOR II;ASSESSOR II; 40:00;12/06/2023;CARGO COMISSION.S/VINCULO;4209,79;;4209,79;597,14;3612,65;
THIAGO FELIPE VERCOSA DE SOUZA;GERENCIA DE OBRAS DO INTERIOR;GERENTE;GERENTE; 40:00;01/06/2023;CARGO COMISSION.S/VINCULO;4209,79;;4209,79;597,14;3612,65;
THIAGO TEIXEIRA DE SOUZA;ASSESSORIA DE COMUNICACAO;ASSESSOR III;ASSESSOR III; 40:00;01/01/2023;CARGO COMISSION.S/VINCULO;3191,80;;3191,80;327,46;2864,34;
TYSSIA REGIA RAYOL CAVALCANTE DE OL;GERENCIA DE OBRAS DO INTERIOR;ENG-III;; 40:00;12/04/2002;ESTATUTARIO;16739,46;;16739,46;4300,94;12438,52;
VALDENILSON CABRAL QUEIROZ;DEPTO.DE ENGENHARIA;ASSESSOR I;NAO INFORMADO; 40:00;13/02/2019;CARGO COMISSION.S/VINCULO;5229,77;;5229,77;957,83;4271,94;
VERA LANE DE CASTRO MARTINS;GABINETE DO SECRETARIO;ASSESSOR I;; 30:00;01/11/2017;CARGO COMISSION.S/VINCULO;5229,77;;5229,77;957,83;4271,94;
VICENTE PARENTE DE ARAUJO JUNIOR;GERENCIA DE ORCAMENTO;AUXILIAR DE TOPOGRAFIA;ASSESSOR I; 40:00;18/10/1999;ESTATUTARIO;5655,81;;5655,81;631,44;5024,37;
VICTORIA HOLANDA DE BRITO;ASSESSORIA DE PLANEJAMENTO;ASSESSOR III;ASSESSOR III; 40:00;14/06/2023;CARGO COMISSION.S/VINCULO;3191,80;;3191,80;327,46;2864,34;
WALTER DA SILVA MERGULHAO;GERENCIA DE ORCAMENTOS;ASSESSOR I;ASSESSOR I; 40:00;01/06/2022;CARGO COMISSION.S/VINCULO;5229,77;;5229,77;957,83;4271,94;
WALZENIRA PARENTE MIRANDA;ASSESSORIA DE PLANEJAMENTO;ASSESSOR I;; 40:00;01/01/2023;CARGO COMISSION.S/VINCULO;5229,77;;5229,77;957,83;4271,94;
WILMAR FERREIRA DE CARVALHO;GERENCIA DE PROJETOS;TPG-III;TOPOGRAFO; 40:00;15/05/2012;ESTATUTARIO;4655,14;;4655,14;900,76;3754,38;
