NOME;LOTACAO;CARGO;FUNCAO;VINCULO;REMUNERACAO LEGAL TOTAL(R$);DESC.TETO(R$); REMUNERACAO LEGAL DEVIDA(R$);DESCONTOS LEGAIS(R$);LIQUIDO DISPONIVEL(R$);
ALAN CORREA DOS SANTOS;DEPARTAMENTO DE INFORMATICA;ASSESSOR I;NAO INFORMADO; CARGO COMISSION.S/VINCULO;15229,77;;15229,77;3723,62;11506,15;
ALCENIR MENDONÇA DA SILVA;GABINETE DO SECRETARIO;GERENTE;GERENTE; CARGO COMISSION.S/VINCULO;4209,79;;4209,79;633,12;3576,67;
ALCY NASCIMENTO LIMA;GERENCIA DE OBRAS DO INTERIOR;ENG-I;; ESTATUTARIO;17405,31;;17405,31;4565,05;12840,26;
ALCY VIEIRA DA SILVA;DEPTO.DE ENGENHARIA;A.OPE-I;; ESTATUTARIO;4005,37;;4005,37;722,64;3282,73;
ALEANDRA TAVARES MEIRELES;GERENCIA DE GESTAO DE PESSOAS;GERENTE;GERENTE; CARGO COMISSION.S/VINCULO;4209,79;;4209,79;601,44;3608,35;
ALEX ALMEIDA DOS REIS;GERENCIA DE ORCAMENTO;DIGITADOR;; ESTATUTARIO;3577,54;;3577,54;237,20;3340,34;
ALFREDO FARIAS DA ROCHA FILHO;DEPARTAMENTO DE ADM.E FINANCAS;ASSESSOR IV;ASSESSOR IV; CARGO COMISSION.S/VINCULO;3175,61;;3175,61;363,27;2812,34;
ALLAN ALMEIDA DOS REIS;GERENCIA DE ORCAMENTO;DIGITADOR;; ESTATUTARIO;3577,54;;3577,54;342,51;3235,03;
ALLAN DE SOUZA SILVA;GERENCIA DE CONTABILIDADE;GERENTE;GERENTE; CARGO COMISSION.S/VINCULO;4209,79;;4209,79;633,12;3576,67;
ALZENEIDE MORAIS DE SOUZA;ASSESSORIA JURIDICA;ASSESSOR II;ASSESSOR II; CARGO COMISSION.S/VINCULO;5613,05;;5613,05;1117,93;4495,12;
AMANDA MORAES DA SILVA;GERENCIA DE GESTAO DE PESSOAS;ASSESSOR IV;NAO INFORMADO; CARGO COMISSION.S/VINCULO;3175,61;;3175,61;363,27;2812,34;
ANA BEATRIZ DE SOUZA MACHADO;ASSESSORIA TECNICA;SUBGERENTE;SUBGERENTE; CARGO COMISSION.S/VINCULO;3191,80;;3191,80;367,36;2824,44;
ANA CAROLINA MOURA DE SA CAVALCANTE;GERENCIA DE CONTR.FINANCEIROS;ASSESSOR I;NAO INFORMADO; CARGO COMISSION.S/VINCULO;5229,77;;5229,77;930,62;4299,15;
ANA CLAUDIA DE AZEVEDO MONTEIRO;ASSESSORIA JURIDICA;ASSESSOR I;ASSESSOR I; CARGO COMISSION.S/VINCULO;5229,77;;5229,77;973,62;4256,15;
ANA LUCIA DE MATOS SAMPAIO;GERENCIA DE OBRAS DO INTERIOR;ASSESSOR TECNICO;; CARGO COMISSION.S/VINCULO;9333,33;;9333,33;2333,29;7000,04;
ANDERSON RICARDO DE SOUZA BENCHIMOL;ASSESSORIA JURIDICA;ASSESSOR TECNICO;NAO INFORMADO; CARGO COMISSION.S/VINCULO;21000,00;;21000,00;5490,11;15509,89;
ANDRE GOMES DE OLIVEIRA;GERENCIA DE OBRAS DO INTERIOR;ENG-I;; ESTATUTARIO;12386,26;;12386,26;3132,93;9253,33;
ANDREZA DA SILVA VARGAS;GERENCIA DE GESTAO DE PESSOAS;ASSESSOR III;ASSESSOR III; CARGO COMISSION.S/VINCULO;3191,80;;3191,80;367,36;2824,44;
ANNE CAROLINE DE FREITAS MATOS;GERENCIA DE PROJETOS;ASSESSOR TECNICO;NAO INFORMADO; CARGO COMISSION.S/VINCULO;7000,00;;7000,00;1640,11;5359,89;
ANNE KAROLINE OLIVEIRA DE ANDRADE;GERENCIA DE CONTR.FINANCEIROS;ASSESSOR II;ASSESSOR II; CARGO COMISSION.S/VINCULO;4209,79;;4209,79;633,12;3576,67;
ANTONIA CLICE MENDES FIALHO;GERENCIA DE GESTAO DE PESSOAS;CHEFE DE DEPARTAMENTO;NAO INFORMADO; CARGO COMISSION.S/VINCULO;15229,77;;15229,77;3671,49;11558,28;
ANTONIO ARAUJO GONCALVES JUNIOR;GERENCIA DE OBRAS DO INTERIOR;ASSESSOR I;NAO INFORMADO; CARGO COMISSION.S/VINCULO;5229,77;;5229,77;973,62;4256,15;
ANTONIO CARLOS ALBUQUERQUE ARAUJO;DEPTO.DE ENGENHARIA;ASSESSOR III;ASSESSOR III; CARGO COMISSION.S/VINCULO;3191,80;;3191,80;367,36;2824,44;
ANTONIO CARLOS GOMES MIRANDA FILHO;GERENCIA DE OBRAS DO INTERIOR;ASSESSOR I;; CARGO COMISSION.S/VINCULO;5229,77;;5229,77;973,62;4256,15;
ARI CASTELO BRANCO;GERENCIA DE ORCAMENTO;ENG-I;; ESTATUTARIO;12486,77;;12486,77;3222,91;9263,86;
ARTHUR GABRIEL GONCALVES NETO;GERENCIA DE OBRAS DO INTERIOR;ASSESSOR I;NAO INFORMADO; CARGO COMISSION.S/VINCULO;6973,03;;6973,03;1629,96;5343,07;
AUGUSTA EDMEA ROCHA DAS NEVES;GERENCIA DE PROJETOS;ARQUITETO;; ESTATUTARIO;11252,89;;11252,89;2758,35;8494,54;
BRENDA ANDES BARBOSA;DEPTO.DE ENGENHARIA;ASSESSOR II;NAO INFORMADO; CARGO COMISSION.S/VINCULO;5613,05;;5613,05;1117,93;4495,12;
BRUNO EDUARDO MORAIS DAS NEVES;GERENCIA DE CONTR.FINANCEIROS;SUBGERENTE;SUBGERENTE; CARGO COMISSION.S/VINCULO;3191,80;;3191,80;367,36;2824,44;
CARLOS ALBERTO DO N E SILVA;GABINETE DO SECRETARIO;ASSESSOR II;; CARGO COMISSION.S/VINCULO;4209,79;;4209,79;633,12;3576,67;
CARLOS AUGUSTO MARQUES TELES;DEPARTAMENTO DE ADM.E FINANCAS;ASSESSOR III;NAO INFORMADO; CARGO COMISSION.S/VINCULO;3191,80;;3191,80;367,36;2824,44;
CARLOS EDUARDO ABREU DE OLIVEIRA;GERENCIA DE OBRAS DA CAPITAL;ASSESSOR TECNICO;NAO INFORMADO; CARGO COMISSION.S/VINCULO;7000,00;;7000,00;1640,11;5359,89;
CARLOS HENRIQUE DOS REIS LIMA;GABINETE DO SECRETARIO;SECRETARIO DE ESTADO;NAO INFORMADO; CARGO COMISSION.S/VINCULO;28060,00;;28060,00;7430,99;20629,01;
CARLOS VENICIOS DE ASSIS SANTANA;ASSESSORIA JURIDICA;ASSESSOR TECNICO;ASSESSOR TECNICO; CARGO COMISSION.S/VINCULO;7000,00;;7000,00;1640,11;5359,89;
CELIA MARIA CARDOSO PEREIRA;SECRETARIA EXECUTIVA;ASSESSOR IV;ASSESSOR IV; CARGO COMISSION.S/VINCULO;3175,61;;3175,61;363,27;2812,34;
CELINA DA SILVA MELO;GERENCIA DE GESTAO DE PESSOAS;A.TEC-I;ASSESSOR I; ESTATUTARIO;8367,35;;8367,35;1815,67;6551,68;
CINTHYA DE AQUINO SIQUEIRA;ASSESSORIA JURIDICA;ASSESSOR I;NAO INFORMADO; CARGO COMISSION.S/VINCULO;6973,03;;6973,03;1629,96;5343,07;
CLAUDIO JOSE SILVA DE ALBUQUERQUE;ASSESSORIA JURIDICA;DIGITADOR;; ESTATUTARIO;3994,20;;3994,20;342,51;3651,69;
CLODOALDO PEREIRA SILVA;GERENCIA DE CONTR.FINANCEIROS;ASSESSOR II;ASSESSOR II; CARGO COMISSION.S/VINCULO;4209,79;;4209,79;601,44;3608,35;
DALYENNE SOUZA ALENCAR DA ROCHA;GERENCIA DE CONTR.FINANCEIROS;CHEFE DE DEPARTAMENTO;NAO INFORMADO; CARGO COMISSION.S/VINCULO;5229,77;;5229,77;973,62;4256,15;
DAMIANA LOPES DE MELO;GERENCIA DE PROTOC.E ARQUIVO;A.TEC-I;; ESTATUTARIO;3914,97;;3914,97;698,33;3216,64;
DANIELE BATISTA LOPES;GESTAO PROG.SOC.AMB.IGARAPES;ASSESSOR TECNICO;ASSESSOR TECNICO; CARGO COMISSION.S/VINCULO;17000,00;;17000,00;4390,11;12609,89;
DANIELLE ANTONY ASSIS;DEPARTAMENTO DE ADM.E FINANCAS;ASSESSOR I;NAO INFORMADO; CARGO COMISSION.S/VINCULO;5229,77;;5229,77;973,62;4256,15;
DANIELLE MARIA OLIVEIRA DA SILVA;DEPARTAMENTO DE ENGENHARIA;ASSESSOR III;ASSESSOR III; CARGO COMISSION.S/VINCULO;3191,80;;3191,80;347,23;2844,57;
DAVIANE LEITE PERRONE;DEPTO.DE ENGENHARIA;GERENTE;NAO INFORMADO; CARGO COMISSION.S/VINCULO;4209,79;;4209,79;633,12;3576,67;
DAYANNE LEITE PERRONE;SECRETARIA EXECUTIVA;ASSESSOR IV;NAO INFORMADO; CARGO COMISSION.S/VINCULO;2575,61;;2575,61;246,83;2328,78;
DORIS FERNANDES SOUZA STEFANES;ASSESSORIA TECNICA;ASSESSOR I;; CARGO COMISSION.S/VINCULO;2179,07;;2179,07;;2179,07;
DORVAL DO NASCIMENTO FEITOZA;GERENCIA DE PROJETOS;AUXILIAR DE TOPOGRAFIA;; ESTATUTARIO;3461,81;;3461,81;245,31;3216,50;
DOUGLAS GALVAO MONTEIRO JUNIOR;GABINETE DO SECRETARIO;ASSESSOR TECNICO;NAO INFORMADO; CARGO COMISSION.S/VINCULO;9333,33;;9333,33;2333,29;7000,04;
DRIELY MONTE XAUD;ASSESSORIA DE COMUNICACAO;ASSESSOR IV;NAO INFORMADO; CARGO COMISSION.S/VINCULO;3175,61;;3175,61;363,27;2812,34;
EDGAR LUIZ PINHEIRO DE SOUZA;GERENCIA DE ORCAMENTOS;ASSESSOR TECNICO;ASSESSOR TECNICO; CARGO COMISSION.S/VINCULO;7000,00;;7000,00;1640,11;5359,89;
EDILSON ROTONDANO;GERENCIA DE PROJETOS;ENG-III;; ESTATUTARIO;8905,27;;8905,27;1833,52;7071,75;
EDMUNDO SOUZA DO NASCIMENTO;GERENCIA DE MANUTENCAO;AUX.O-I;ELETRICISTA; ESTATUTARIO;4051,01;;4051,01;567,96;3483,05;
EDUARDO DA SILVA PAULA;ASSESSORIA DE COMUNICACAO;ASSESSOR I;NAO INFORMADO; CARGO COMISSION.S/VINCULO;5229,77;;5229,77;973,62;4256,15;
EDUARDO TUYOSHI CHIBA;PESSOAL PROC.DE APOSENTADORIA;ENG-I;; ESTATUTARIO;16867,36;;16867,36;4444,19;12423,17;
EDVALDO ROCHA RIBEIRO;GERENCIA DE PROJETOS;AUX.O-I;; ESTATUTARIO;3586,06;;3586,06;487,01;3099,05;
ELENICE MARIA DE XEREZ V ARIAS;UGPAC/AM-UNID.PROG.ACEL.CRESC.;ASSESSOR TECNICO;; CARGO COMISSION.S/VINCULO;9333,33;;9333,33;2333,29;7000,04;
ELIANA MARIA DA SILVA FEITOSA;GERENCIA DE PROTOC.E ARQUIVO;AUX.S.G-II;; ESTATUTARIO;4688,20;;4688,20;677,06;4011,14;
ELISANGELA ESPIRITO S F CARVALHO;DEPARTAMENTO DE ENGENHARIA;ASSESSOR TECNICO;ASSESSOR TECNICO; CARGO COMISSION.S/VINCULO;7000,00;;7000,00;1587,98;5412,02;
ELIZA DO CARMO DE OLIVEIRA DA SILVA;ASSESSORIA JURIDICA;ASSESSOR II;ASSESSOR II; CARGO COMISSION.S/VINCULO;4209,79;;4209,79;633,12;3576,67;
EMERSON SILVEIRA FERREIRA;GERENCIA DE CONTABILIDADE;A.TEC-II;; ESTATUTARIO;3663,89;;3663,89;578,02;3085,87;
ERICA DE JESUS LACERDA AFONSO;GERENCIA DE ORCAMENTO;ASSESSOR II;ASSESSOR II; CARGO COMISSION.S/VINCULO;4209,79;;4209,79;601,44;3608,35;
EUCLYCES MARIA DE PAULA FREITAS;GABINETE DO SECRETARIO;ASSISTENTE ADMINISTRATIVO I;CHEFE GABINETE AD-1; ESTATUTARIO;5916,61;;5916,61;909,48;5007,13;
FELIPE JOSÉ ANDRADE GESTA;ASSESSORIA JURIDICA;ASSESSOR III;ASSESSOR III; CARGO COMISSION.S/VINCULO;4255,73;;4255,73;648,44;3607,29;
FERNANDO DOS REIS ARAGAO;DEPARTAMENTO DE ENGENHARIA;ASSESSOR II;ASSESSOR II; CARGO COMISSION.S/VINCULO;4209,79;;4209,79;633,12;3576,67;
FERNANDO ELIAS PRESTES GONCALVES;GABINETE DO SECRETARIO;ENG-I;; ESTATUTARIO;13185,88;;13185,88;3396,56;9789,32;
FERNANDO THIAGO FRANCA ROCHA;GABINETE DO SECRETARIO;ASSESSOR IV;NAO INFORMADO; CARGO COMISSION.S/VINCULO;4234,15;;4234,15;641,24;3592,91;
FRANCIS ALBERT GAMA PARENTE;GERENCIA DE PROJETOS;ENGENHEIRO;; ESTATUTARIO;15354,05;;15354,05;3173,56;12180,49;
FRANCISCA MOTA DE LIMA;GABINETE DO SECRETARIO;ASSESSOR IV;ASSESSOR IV AD-4; CARGO COMISSION.S/VINCULO;3175,61;;3175,61;363,27;2812,34;
FRANCISCO BARROSO GOMES;GERENCIA DE MANUTENCAO;VIGIA-I;; ESTATUTARIO;3695,28;;3695,28;512,52;3182,76;
FRANCISCO CHAGAS SANTOS DA SILVA;GERENCIA DE GESTAO DE PESSOAS;A.TEC-II;; ESTATUTARIO;3726,70;;3726,70;647,68;3079,02;
FRANCISCO DAS CHAGAS ROSA DE LIMA;GERENCIA DE MANUTENCAO;MOT-I;; ESTATUTARIO;4240,07;;4240,07;587,62;3652,45;
FRANCISCO JOSE DE CASTRO E SILVA;ASSESSORIA JURIDICA;ASSESSOR III;ASSESSOR III AD-3; CARGO COMISSION.S/VINCULO;3191,80;;3191,80;367,36;2824,44;
FRANCISCO OLIVEIRA DE SOUZA FILHO;UNID.GEST.PR.SOC.AMB.IGARAPES;ENG-I;; ESTATUTARIO;12366,20;;12366,20;3125,38;9240,82;
FRANK DOUGLAS THOME DE SOUZA;GERENCIA DE OBRAS DA CAPITAL;ASSESSOR TECNICO;NAO INFORMADO; CARGO COMISSION.S/VINCULO;7000,00;;7000,00;1640,11;5359,89;
FRANQUIMAR SANTANA CIDRONIO;GERENCIA DE OBRAS DA CAPITAL;TNS-I;; ESTATUTARIO;12845,12;;12845,12;2877,64;9967,48;
GABRIELA DE MEDEIROS DA COSTA;GERENCIA DE PROJETOS;ASSESSOR IV;ASSESSOR IV; CARGO COMISSION.S/VINCULO;4022,43;;4022,43;579,48;3442,95;
GEOVANNA INGRID FONSECA SANTA RITA;GERENCIA DE ORCAMENTO;ASSESSOR IV;NAO INFORMADO; CARGO COMISSION.S/VINCULO;3175,61;;3175,61;344,21;2831,40;
GERALDO DA SILVA COSTA;DEPARTAMENTO DE ENGENHARIA;ASSESSOR II;NAO INFORMADO; CARGO COMISSION.S/VINCULO;4209,79;;4209,79;633,12;3576,67;
GILTEMBERG MESSIAS DE O SILVA;GABINETE DO SECRETARIO;ASSESSOR IV;NAO INFORMADO; CARGO COMISSION.S/VINCULO;3175,61;;3175,61;363,27;2812,34;
GIRLANE BRASIL DE CASTRO;GERENCIA DE GESTAO DE PESSOAS;SUBGERENTE;SUBGERENTE AD-3; CARGO COMISSION.S/VINCULO;4255,73;;4255,73;648,44;3607,29;
GIRLENE OLIVEIRA DE ARAUJO;DEPTO.DE ENGENHARIA;ASSESSOR II;NAO INFORMADO; CARGO COMISSION.S/VINCULO;4209,79;;4209,79;633,12;3576,67;
GISELE SIMONE LIMA CERF LEVY;GABINETE DO SECRETARIO;GERENTE;GERENTE; CARGO COMISSION.S/VINCULO;4209,79;;4209,79;633,12;3576,67;
GREICIANE CORREA FERNANDES;ASSESSORIA DE COMUNICACAO;ASSESSOR TECNICO;ASSESSOR TECNICO; CARGO COMISSION.S/VINCULO;9333,33;;9333,33;2333,29;7000,04;
GUILHERME DOS SANTOS GARCIA;GERENCIA DE CONTABILIDADE;ASSESSOR III;ASSESSOR III; CARGO COMISSION.S/VINCULO;4255,73;;4255,73;648,44;3607,29;
GUSTAVO BRUGNARA DA SILVEIRA;SECRETARIA EXECUTIVA;SECRETARIO EXECUTIVO;SECRETARIO EXECUTIVO; CARGO COMISSION.S/VINCULO;21700,00;;21700,00;5734,12;15965,88;
HARLEY AUGUSTO VIEIRA DOS SANTOS;DEPARTAMENTO DE ENGENHARIA;ASSESSOR II;NAO INFORMADO; CARGO COMISSION.S/VINCULO;4209,79;;4209,79;633,12;3576,67;
HARLYSON RAMOS FERNANDES;GESTAO PROG.SOC.AMB.IGARAPES;ASSESSOR TECNICO;ASSESSOR TECNICO; CARGO COMISSION.S/VINCULO;7000,00;;7000,00;1640,11;5359,89;
HEBER ANEQUINO BARBOSA;DEPARTAMENTO DE ENGENHARIA;CHEFE DE DEPARTAMENTO;NAO INFORMADO; CARGO COMISSION.S/VINCULO;5229,77;;5229,77;973,62;4256,15;
HELANE ARAUJO DA COSTA;ASSESSORIA JURIDICA;ASSESSOR TECNICO;NAO INFORMADO; CARGO COMISSION.S/VINCULO;7000,00;;7000,00;1640,11;5359,89;
HELIDA ARAUJO DA COSTA;UNID.GEST.PR.SOC.AMB.IGARAPES;ASSESSOR II;ASSESSOR II; CARGO COMISSION.S/VINCULO;4209,79;;4209,79;633,12;3576,67;
HENRIETT SANTOS VIANNA COSTA;GERENCIA DE CONTABILIDADE;A.TEC-I;; ESTATUTARIO;4453,10;;4453,10;789,64;3663,46;
HENRIQUE TAVARES DE SOUZA;ASSESSORIA JURIDICA;ASSESSOR IV;ASSESSOR IV; CARGO COMISSION.S/VINCULO;3175,61;;3175,61;363,27;2812,34;
HILDEANY LETICIA ARRUDA MONTEIRO;GERENCIA DE GESTAO DE PESSOAS;ASSESSOR IV;ASSESSOR IV; CARGO COMISSION.S/VINCULO;3175,61;;3175,61;363,27;2812,34;
HUDSANDRA KEROLLEN TEIXEIRA FREITAS;ASSESSORIA DE PLANEJAMENTO;SUBGERENTE;NAO INFORMADO; CARGO COMISSION.S/VINCULO;3191,80;;3191,80;367,36;2824,44;
HUGO LEONARDO MENEZES DE SALES;DEPTO.DE ENGENHARIA;CHEFE DE DEPARTAMENTO;CHEFE DE DEPARTAMENT; CARGO COMISSION.S/VINCULO;5229,77;;5229,77;973,62;4256,15;
IRISNALDO VALENTE DE LIRA;GERENCIA DE GESTAO DE PESSOAS;A.TEC-I;; ESTATUTARIO;4463,07;;4463,07;792,84;3670,23;
ISABEL CRISTINA DUARTE S NEGOITA;REMANEJADOS SEINFRA;CHEFE DE DEPARTAMENTO;NAO INFORMADO; CARGO COMISSION.S/VINCULO;5229,77;;5229,77;973,62;4256,15;
ISLEY ARAUJO DOS SANTOS;DEPTO.DE ENGENHARIA;GERENTE;NAO INFORMADO; CARGO COMISSION.S/VINCULO;4209,79;;4209,79;633,12;3576,67;
IVAN MATIAS LIMA;GERENCIA DE MANUTENCAO;AGENTE PORTUARIO II;ASSESSOR II; ESTATUTARIO;5776,24;;5776,24;795,12;4981,12;
JADIR MILLER RAMOS;GERENCIA DE MANUTENCAO;AUX.O-I;; ESTATUTARIO;3750,40;;3750,40;403,55;3346,85;
JANDERSON OLIVEIRA DE CARVALHO;GERENCIA DE PROJETOS;ASSESSOR TECNICO;ASSESSOR TECNICO; CARGO COMISSION.S/VINCULO;7000,00;;7000,00;1640,11;5359,89;
JANNY MARY MOTA DA SILVA;GERENCIA DE OBRAS DO INTERIOR;ASSESSOR II;; CARGO COMISSION.S/VINCULO;4209,79;;4209,79;633,12;3576,67;
JANSEN DE OLIVEIRA MONTE;DEPTO.DE ENGENHARIA;DIGITADOR;; ESTATUTARIO;3577,54;;3577,54;285,63;3291,91;
JARLAN BIASE DE LIMA;GERENCIA DE TRANSPORTES;FISCAL RODOVIARIO;; ESTATUTARIO;3577,54;;3577,54;342,51;3235,03;
JEFFERSON NUNES DA COSTA;GERENCIA DE ORCAMENTO;ASSESSOR IV;ASSESSOR IV; CARGO COMISSION.S/VINCULO;3175,61;;3175,61;363,27;2812,34;
JESUS ALECXANDRE GOMES DE SOUZA;REMANEJADOS SEINFRA;CHEFE DE DEPARTAMENTO;NAO INFORMADO; CARGO COMISSION.S/VINCULO;5229,77;;5229,77;930,62;4299,15;
JOACY DE SOUZA CASTELO;GERENCIA DE GESTAO DE PESSOAS;ASSESSOR IV;ASSESSOR IV AD-4; CARGO COMISSION.S/VINCULO;3175,61;;3175,61;363,27;2812,34;
JOAO IBERNON DE MOURA;GERENCIA DE PROJETOS;TPG-I;; ESTATUTARIO;4537,27;;4537,27;877,05;3660,22;
JOAO SEIXAS DA SILVA;GERENCIA DE MANUTENCAO;AUX.O-I;; ESTATUTARIO;3662,80;;3662,80;479,21;3183,59;
JOAO THIAGO REIS BEZERRA;DEPARTAMENTO DE INFORMATICA;ASSESSOR III;NAO INFORMADO; CARGO COMISSION.S/VINCULO;3191,80;;3191,80;367,36;2824,44;
JORGE RENATO CASTRO DA SILVA;DEPARTAMENTO DE ADM.E FINANCAS;SECRETARIO EXECUTIVO ADJUNTO;NAO INFORMADO; CARGO COMISSION.S/VINCULO;23000,00;;23000,00;6091,62;16908,38;
JOSE ALMEIDA DE OLIVEIRA;ASSESSORIA JURIDICA;ENG-I;; ESTATUTARIO;12374,94;;12374,94;3180,80;9194,14;
JOSE DE RIBAMAR XAVIER D E SILVA;GERENCIA DE PROJETOS;TNS-I;GERENTE, AD-2; ESTATUTARIO;11995,74;;11995,74;3038,03;8957,71;
JOSE RENOVATO DOS SANTOS NETO;GERENCIA DE MANUTENCAO;A.TEC-I;; ESTATUTARIO;3968,62;;3968,62;712,76;3255,86;
JULIANA REBECA RODRIGUES CORREA;ASSESSORIA DE COMUNICACAO;ASSESSOR IV;NAO INFORMADO; CARGO COMISSION.S/VINCULO;3175,61;;3175,61;363,27;2812,34;
JULIE ALVES DA SILVA;DEPTO.DE ENGENHARIA;GERENTE;GERENTE; CARGO COMISSION.S/VINCULO;4209,79;;4209,79;633,12;3576,67;
JULIETE DOS SANTOS BARBOSA;DEPTO.DE ENGENHARIA;ASSESSOR IV;NAO INFORMADO; CARGO COMISSION.S/VINCULO;3175,61;;3175,61;363,27;2812,34;
JULYANE LOPES DE SOUZA;GERENCIA DE CONTABILIDADE;ASSESSOR III;ASSESSOR III; CARGO COMISSION.S/VINCULO;3191,80;;3191,80;367,36;2824,44;
JURACI SILVA CARDOSO;DEPTO.DE ENGENHARIA;A.TEC-I;; ESTATUTARIO;3914,97;;3914,97;698,33;3216,64;
KARIN SUELLE ALVES SERUDO;GERENCIA DE GESTAO DE PESSOAS;ASSESSOR III;NAO INFORMADO; CARGO COMISSION.S/VINCULO;3191,80;;3191,80;333,01;2858,79;
KARINA MARQUES DOS SANTOS;SECRETARIA EXECUTIVA;ASSESSOR IV;ASSESSOR IV; CARGO COMISSION.S/VINCULO;2434,63;;2434,63;224,41;2210,22;
KARLA REJANE CONCEICAO FAUSTO;ASSESSORIA DE PLANEJAMENTO;ASSESSOR I;ASSESSOR I; CARGO COMISSION.S/VINCULO;5229,77;;5229,77;973,62;4256,15;
KATIA MARIA SOARES B C CAPOBIANGO;GABINETE DO SECRETARIO;ARQUITETO;; ESTATUTARIO;11252,89;;11252,89;2758,35;8494,54;
KEITOKU TOYODA;GERENCIA DE ORCAMENTO;ENG-I;CHEFE SETOR CUSTOS; ESTATUTARIO;13344,01;;13344,01;2638,21;10705,80;
KELLYSON SANTOS OLIVEIRA;GERENCIA DE PROJETOS;CONSULTOR;NAO INFORMADO; CARGO COMISSION.S/VINCULO;7000,00;;7000,00;1587,98;5412,02;
KELMA PALMEIRAS MAIA;GERENCIA DE GESTAO DE PESSOAS;ASSESSOR IV;ASSESSOR IV; CARGO COMISSION.S/VINCULO;3175,61;;3175,61;363,27;2812,34;
KEMILLY VITORIA ALVES MARINHO;ASSESSORIA DE PLANEJAMENTO;ASSESSOR IV;ASSESSOR IV; CARGO COMISSION.S/VINCULO;3175,61;;3175,61;363,27;2812,34;
KEN NISHIKIDO;GERENCIA DE ORCAMENTO;ENG-I;; ESTATUTARIO;12440,85;;12440,85;3180,80;9260,05;
LAZARO ROQUE DOS SANTOS;GERENCIA DE PROJETOS;AUX.O-I;; ESTATUTARIO;3689,03;;3689,03;514,70;3174,33;
LESSIANE DE SOUSA SOARES;DEPARTAMENTO DE ADM.E FINANCAS;DIGITADOR;; ESTATUTARIO;3696,79;;3696,79;374,58;3322,21;
LILIAN CARLA ARAUJO DOS S RODRIGUES;SECRETARIA EXECUTIVA;GERENTE;NAO INFORMADO; CARGO COMISSION.S/VINCULO;4209,79;;4209,79;633,12;3576,67;
LINDOMAR DA SILVA VARGAS;GERENCIA DE CONTABILIDADE;ASSESSOR TECNICO;NAO INFORMADO; CARGO COMISSION.S/VINCULO;17000,00;;17000,00;4390,11;12609,89;
LIZANDRA VALERIA PEREIRA BRUGNARA;ASSESSORIA DE PLANEJAMENTO;SECRETARIO EXECUTIVO ADJUNTO;NAO INFORMADO; CARGO COMISSION.S/VINCULO;19000,00;;19000,00;4991,62;14008,38;
LORENA BEATRIZ BARRETO FURTADO;ASSESSORIA DE COMUNICACAO;ASSESSOR III;ASSESSOR III; CARGO COMISSION.S/VINCULO;3191,80;;3191,80;367,36;2824,44;
LORENA SILVA SOUZA;GERENCIA DE ORCAMENTO;ASSESSOR III;; CARGO COMISSION.S/VINCULO;5585,65;;5585,65;;5585,65;
LORENA SILVA SOUZA;DEPARTAMENTO DE ADM.E FINANCAS;GERENTE;GERENTE; CARGO COMISSION.S/VINCULO;4209,79;;4209,79;633,12;3576,67;
LORENA TAVARES DE FREITAS;GERENCIA DE ORCAMENTOS;ASSESSOR TECNICO;NAO INFORMADO; CARGO COMISSION.S/VINCULO;7000,00;;7000,00;1640,11;5359,89;
LUANA SILVA MAHATMA;DEPTO.DE ENGENHARIA;ASSESSOR IV;NAO INFORMADO; CARGO COMISSION.S/VINCULO;3175,61;;3175,61;329,99;2845,62;
LUANA SOARES BATISTA;ASSESSORIA JURIDICA;ASSESSOR III;ASSESSOR III; CARGO COMISSION.S/VINCULO;3191,80;;3191,80;367,36;2824,44;
LUCAS FURTADO MAIA PEREIRA;GERENCIA DE CONTR.FINANCEIROS;SUBGERENTE;SUBGERENTE; CARGO COMISSION.S/VINCULO;3191,80;;3191,80;367,36;2824,44;
LUCICLEY BARBOSA E SA;GERENCIA DE GESTAO DE PESSOAS;GERENTE;GERENTE; CARGO COMISSION.S/VINCULO;5613,05;;5613,05;1117,93;4495,12;
LUIS FELIPE GOMES DA SILVA;DEPTO.DE ENGENHARIA;ASSESSOR III;ASSESSOR III; CARGO COMISSION.S/VINCULO;3191,80;;3191,80;367,36;2824,44;
LUIZ ANTONIO DE V D JUNIOR;GERENCIA DE PROJETOS;ASSESSOR I;ASSESSOR I AD-1; CARGO COMISSION.S/VINCULO;5229,77;;5229,77;930,62;4299,15;
LUIZ CARLOS PEREIRA DO NASCIMENTO;GERENCIA DE PROJETOS;MOT-I;; ESTATUTARIO;4337,52;;4337,52;654,38;3683,14;
LUIZ HENRIQUE MARTINS LINHARES;GERENCIA DE TRANSPORTES;A.OPE-I;; ESTATUTARIO;5895,58;;5895,58;1091,49;4804,09;
MANOEL BESSA NETO;DEPARTAMENTO DE ADM.E FINANCAS;GERENTE;NAO INFORMADO; CARGO COMISSION.S/VINCULO;4209,79;;4209,79;633,12;3576,67;
MANOEL DE CASTRO PAIVA;SECRETARIA EXECUTIVA;ENG.O-I;; ESTATUTARIO;13040,99;;13040,99;3343,81;9697,18;
MANOEL FERNANDES DA SILVA;GERENCIA DE PROJETOS;AUX.O-I;; ESTATUTARIO;3654,06;;3654,06;505,30;3148,76;
MANUEL RIBAMAR VALDEVINO OLIVEIRA;GERENCIA DE TRANSPORTES;ENG.O-I;; ESTATUTARIO;12212,78;;12212,78;3119,75;9093,03;
MARA SOCORRO DE SOUZA LOBO LEITE;GABINETE DO SECRETARIO;ASSESSOR II;ASSESSOR II AD-2; CARGO COMISSION.S/VINCULO;4209,79;;4209,79;633,12;3576,67;
MARCELO ALVES PEREIRA;DEPTO.DE ENGENHARIA;ASSESSOR II;ASSESSOR II; CARGO COMISSION.S/VINCULO;4209,79;;4209,79;633,12;3576,67;
MARCELO CELSO BASTOS DE AGUIAR;GERENCIA DE OBRAS DA CAPITAL;ENG-I;; ESTATUTARIO;15814,21;;15814,21;4887,57;10926,64;
MARCELO TAVARES DE CARVALHO;ASSESSORIA DE PLANEJAMENTO;ASSESSOR TECNICO;NAO INFORMADO; CARGO COMISSION.S/VINCULO;7000,00;;7000,00;1640,11;5359,89;
MARCIO BRITO DA SILVA;GERENCIA DE MANUTENCAO;ASSESSOR IV;NAO INFORMADO; CARGO COMISSION.S/VINCULO;3175,61;;3175,61;344,21;2831,40;
MARCIO PINHEIRO AZEDO;DEPTO.DE ENGENHARIA;CONSULTOR;NAO INFORMADO; CARGO COMISSION.S/VINCULO;17000,00;;17000,00;4337,98;12662,02;
MARCO ANTONIO MUNIZ RIBEIRO;GERENCIA DE OBRAS DA CAPITAL;ASSESSOR II;NAO INFORMADO; CARGO COMISSION.S/VINCULO;5613,05;;5613,05;1015,79;4597,26;
MARCOS CASTRO DE SOUZA;DEPARTAMENTO DE ADM.E FINANCAS;ASSESSOR I;NAO INFORMADO; CARGO COMISSION.S/VINCULO;5229,77;;5229,77;973,62;4256,15;
MARIA DA CRUZ SILVA;GERENCIA DE CONTABILIDADE;ASSESSOR III;ASSESSOR III; CARGO COMISSION.S/VINCULO;3191,80;;3191,80;367,36;2824,44;
MARIA DE FATIMA LIMA DE MATOS;DEPARTAMENTO DE ADM.E FINANCAS;ASSISTENTE TECNICO 1A CLASSE;; ESTATUTARIO;3586,28;;3586,28;344,85;3241,43;
MARIA DE FATIMA NUNES RIBEIRO;GERENCIA DE TRANSPORTES;A.TEC-I;SECRETARIA DA DO; ESTATUTARIO;3859,11;;3859,11;683,30;3175,81;
MARIA DO CARMO FERREIRA DA SILVA;GERENCIA DE PROJETOS;A.TEC-I;; ESTATUTARIO;3857,83;;3857,83;682,96;3174,87;
MARIA DO CARMO VIEIRA GOLVIM;GERENCIA DE ORCAMENTO;ENG-I;; ESTATUTARIO;17426,81;;17426,81;4572,44;12854,37;
MARIA DO PERPETUO S F OLIVEIRA;DEPTO.DE ENGENHARIA;ASSESSOR II;NAO INFORMADO; CARGO COMISSION.S/VINCULO;4209,79;;4209,79;633,12;3576,67;
MARIA EMILIA LEITE FRANCA;GERENCIA DE MANUTENCAO;AUX.ADM-I;; ESTATUTARIO;3963,25;;3963,25;560,30;3402,95;
MARIA JOSE LITAIFF E LITAIFF;GERENCIA DE PROJETOS;DES-I;ASSESSOR I - AD-1; ESTATUTARIO;7826,03;;7826,03;1720,53;6105,50;
MARIA MARIANA CARNEIRO;GERENCIA DE GESTAO DE PESSOAS;AUXILIAR DE SERV GERAIS 3A CLASSE;; ESTATUTARIO;4627,40;;4627,40;531,55;4095,85;
MARIELLE MEDEIROS GAMA;ASSESSORIA JURIDICA;ASSESSOR IV;; CARGO COMISSION.S/VINCULO;3122,67;;3122,67;55,57;3067,10;
MARILENA BO AGUIAR JACOBS;GERENCIA DE ORCAMENTO;ENGENHEIRO;; ESTATUTARIO;11524,28;;11524,28;2860,53;8663,75;
MARIO JORGE DUTRA DA SILVA;GERENCIA DE OBRAS DO INTERIOR;ENG-I;ASSESSOR TECNICO; ESTATUTARIO;13247,49;;13247,49;3418,98;9828,51;
MARIO RODRIGUES MONTEIRO JUNIOR;GERENCIA DE CONTR.FINANCEIROS;ASSESSOR II;NAO INFORMADO; CARGO COMISSION.S/VINCULO;4209,79;;4209,79;633,12;3576,67;
MARLENE LOPES DO NASCIMENTO;GERENCIA DE ORCAMENTO;DES-I;; ESTATUTARIO;4416,68;;4416,68;836,84;3579,84;
MAURICIO PINHO DA SILVA;GABINETE DO SECRETARIO;ASSESSOR III;NAO INFORMADO; CARGO COMISSION.S/VINCULO;4255,73;;4255,73;648,44;3607,29;
MICHELE LIMA BEZERRA;GERENCIA DE GESTAO DE PESSOAS;GERENTE;NAO INFORMADO; CARGO COMISSION.S/VINCULO;5613,05;;5613,05;1065,79;4547,26;
MONICA REJANE BUZAR DUAILIBE;GERENCIA DE OBRAS DO INTERIOR;ASSESSOR I;NAO INFORMADO; CARGO COMISSION.S/VINCULO;6973,03;;6973,03;1525,69;5447,34;
NATHALIE WALLACE LIMA;SECRETARIA EXECUTIVA;ASSESSOR III;ASSESSOR III; CARGO COMISSION.S/VINCULO;3191,80;;3191,80;367,36;2824,44;
NELCIMAR CARDOSO MELO;ASSESSORIA DE PLANEJAMENTO;ASSESSOR II;ASSESSOR II; CARGO COMISSION.S/VINCULO;4209,79;;4209,79;633,12;3576,67;
NEY AFONSO SIQUEIRA AGUIAR;GERENCIA DE PROJETOS;DES-I;; ESTATUTARIO;4469,27;;4469,27;854,37;3614,90;
NIBIA PINHO PUCU;DEPARTAMENTO DE ENGENHARIA;GERENTE;GERENTE; CARGO COMISSION.S/VINCULO;5768,34;;5768,34;633,12;5135,22;
NIVALNETT DOS SANTOS OSORIO;GERENCIA DE ORCAMENTO;ASSESSOR II;NAO INFORMADO; CARGO COMISSION.S/VINCULO;4209,79;;4209,79;601,44;3608,35;
NORMANDO RABELO PINHEIRO;DEPTO.DE ENGENHARIA;ASSESSOR IV;ASSESSOR IV; CARGO COMISSION.S/VINCULO;3175,61;;3175,61;363,27;2812,34;
ODILENO RABELO DA SILVA;GERENCIA DE MANUTENCAO;ASSESSOR I;ASSESSOR I; CARGO COMISSION.S/VINCULO;6973,03;;6973,03;1577,83;5395,20;
ORLANDO AUGUSTO VIEIRA DE M JUNIOR;SECRETARIA EXECUTIVA;ENG-I;; ESTATUTARIO;18668,22;;18668,22;5550,22;13118,00;
ORLANDO SILVIO DE PAULA LIMA;GERENCIA DE PROJETOS;AUX.O-I;; ESTATUTARIO;3671,55;;3671,55;510,01;3161,54;
OSWALDO SAID JUNIOR;GERENCIA DE OBRAS DA CAPITAL;TNS-I;; ESTATUTARIO;12127,89;;12127,89;3087,79;9040,10;
PAULO ESTEVES FERNANDES NETO;ASSESSORIA DE PLANEJAMENTO;ASSESSOR II;ASSESSOR II; CARGO COMISSION.S/VINCULO;4209,79;;4209,79;633,12;3576,67;
PAULO HENRIQUE BEZERRA DE MELO;SECRETARIA EXECUTIVA;ASSESSOR IV;; CARGO COMISSION.S/VINCULO;7674,39;;7674,39;;7674,39;
PAULO ROGERIO DE OLIVEIRA CHAVES;DEPTO.DE ENGENHARIA;ASSESSOR I;ASSESSOR I; CARGO COMISSION.S/VINCULO;5229,77;;5229,77;973,62;4256,15;
PAULO ROGERIO DE OLIVEIRA LEITE;GERENCIA DE PROJETOS;A.TEC-I;; ESTATUTARIO;4443,13;;4443,13;786,45;3656,68;
PAULO ROMEU LAMMEL HENDGES;DEPTO.DE ENGENHARIA;ASSESSOR I;; CARGO COMISSION.S/VINCULO;5229,77;;5229,77;973,62;4256,15;
PHILIPE ANTONIO MORAES DE AQUINO;GERENCIA DE CONV.FEDERAIS;ASSESSOR I;NAO INFORMADO; CARGO COMISSION.S/VINCULO;5229,77;;5229,77;973,62;4256,15;
PRISCILA DE SOUZA SILVA;GERENCIA DE GESTAO DE PESSOAS;ASSESSOR III;NAO INFORMADO; CARGO COMISSION.S/VINCULO;4255,73;;4255,73;648,44;3607,29;
PRISCILANE CAMPOS DOS SANTOS;PESSOAL PROC.DE APOSENTADORIA;ASSESSOR IV;NAO INFORMADO; CARGO COMISSION.S/VINCULO;3175,61;;3175,61;363,27;2812,34;
RAFAELA ALMEIDA GUIMARAES;DEPTO.DE ENGENHARIA;CHEFE DE DEPARTAMENTO;NAO INFORMADO; CARGO COMISSION.S/VINCULO;5229,77;;5229,77;930,62;4299,15;
RAIMUNDO ALMEIDA FERREIRA;DEPARTAMENTO DE ADM.E FINANCAS;ASSESSOR IV;ASSESSOR IV; CARGO COMISSION.S/VINCULO;3175,61;;3175,61;363,27;2812,34;
RAIMUNDO CARNEIRO DE CASTRO;GERENCIA DE MANUTENCAO;MOT-I;; ESTATUTARIO;4364,10;;4364,10;662,90;3701,20;
RAIMUNDO MONTEIRO DO NASCIMENTO;DEPTO.DE ENGENHARIA;AUX.O-I;; ESTATUTARIO;3671,55;;3671,55;510,01;3161,54;
RAIMUNDO NONATO BELO SOARES;GERENCIA DE OBRAS DA CAPITAL;ENG-II;; ESTATUTARIO;12327,02;;12327,02;3110,62;9216,40;
RAIMUNDO PEDRACA FILGUEIRAS JUNIOR;GERENCIA DE ORCAMENTO;A.TEC-I;GERENTE, AD-2; ESTATUTARIO;3859,11;;3859,11;683,30;3175,81;
RAMON SANTANA BARROS;GABINETE DO SECRETARIO;ASSESSOR III;NAO INFORMADO; CARGO COMISSION.S/VINCULO;3191,80;;3191,80;367,36;2824,44;
RANGEL TEIXEIRA DA COSTA;GERENCIA DE PROJETOS;ASSESSOR I;NAO INFORMADO; CARGO COMISSION.S/VINCULO;5229,77;;5229,77;930,62;4299,15;
RAYANNY SILVA SIQUEIRA MONTEIRO;ASSESSORIA JURIDICA;ASSESSOR TECNICO;NAO INFORMADO; CARGO COMISSION.S/VINCULO;17000,00;;17000,00;4390,11;12609,89;
REGIANE CAMPOS DE CASTRO;GERENCIA DE PROJETOS;ASSESSOR II;NAO INFORMADO; CARGO COMISSION.S/VINCULO;4209,79;;4209,79;544,56;3665,23;
REGINALDO HILARIO DO NASCIMENTO;GERENCIA DE OBRAS DO INTERIOR;ASSISTENTE TECNICO 3A CLASSE;; ESTATUTARIO;5780,28;;5780,28;806,01;4974,27;
RENNAN MAIA DE SOUZA;DEPTO.DE ENGENHARIA;ASSESSOR II;ASSESSOR II; CARGO COMISSION.S/VINCULO;4209,79;;4209,79;633,12;3576,67;
ROBERTO ALVES DE MENEZES;GERENCIA DE MANUTENCAO;AUX.O-I;AMOXARIFE; ESTATUTARIO;3973,49;;3973,49;548,24;3425,25;
ROBERVAL DANTAS CAMPOS;GABINETE DO SECRETARIO;ASSESSOR IV;; CARGO COMISSION.S/VINCULO;3175,61;;3175,61;363,27;2812,34;
ROCICLEIA FERREIRA DA SILVA;DEPARTAMENTO DE ENGENHARIA;ASSESSOR II;ASSESSOR II; CARGO COMISSION.S/VINCULO;4209,79;;4209,79;633,12;3576,67;
RODRIGO ANDRADE COSTA;DEPTO.DE ENGENHARIA;ASSESSOR I;ASSESSOR I; CARGO COMISSION.S/VINCULO;5229,77;;5229,77;973,62;4256,15;
ROGERIO GENICIO LUCENA JUNIOR;GERENCIA DE TRANSPORTES;ASSESSOR TECNICO;ASSESSOR TECNICO; CARGO COMISSION.S/VINCULO;9333,33;;9333,33;2333,29;7000,04;
RONY MONTEIRO DA SILVA;DEPARTAMENTO DE ADM.E FINANCAS;GERENTE;; CARGO COMISSION.S/VINCULO;13915,68;;13915,68;;13915,68;
RONY MONTEIRO DA SILVA;DEPARTAMENTO DE ADM.E FINANCAS;ASSESSOR I;ASSESSOR I; CARGO COMISSION.S/VINCULO;5229,77;;5229,77;973,62;4256,15;
RUBEM CARLOS DO LAGO ARAUJO;GERENCIA DE ORCAMENTO;ENGENHEIRO 2A CLASSE;; ESTATUTARIO;11615,73;;11615,73;2894,96;8720,77;
SALOMAO SIMONETTI DE MELO;DEPARTAMENTO DE ENGENHARIA;ASSESSOR TECNICO;NAO INFORMADO; CARGO COMISSION.S/VINCULO;7000,00;;7000,00;1640,11;5359,89;
SANDRA SUELI FONTES RODRIGUES;DEPTO.DE ENGENHARIA;TNS-I;SECRETARIO EXECUTIVO; ESTATUTARIO;16833,72;;16833,72;4368,48;12465,24;
SANDRO RAMALHO BEZERRA;GERENCIA DE OBRAS DA CAPITAL;ASSESSOR I;NAO INFORMADO; CARGO COMISSION.S/VINCULO;5229,77;;5229,77;930,62;4299,15;
SERGIO REINALDO COLARES ALEGRIA;GERENCIA DE ORCAMENTO;ASSESSOR II;NAO INFORMADO; CARGO COMISSION.S/VINCULO;4209,79;;4209,79;633,12;3576,67;
SIDNEY MENDONCA DIAS DE ALMEIDA;GERENCIA DE MANUTENCAO;MOT-I;; ESTATUTARIO;3808,84;;3808,84;383,82;3425,02;
SILVIA PATRICIA MATOS GABRIEL;GERENCIA DE ORCAMENTO;ASSESSOR I;; CARGO COMISSION.S/VINCULO;5229,77;;5229,77;887,97;4341,80;
SWANNY ALEXANDRA PEREIRA NASCIMENTO;GABINETE DO SECRETARIO;ASSESSOR III;NAO INFORMADO; CARGO COMISSION.S/VINCULO;3191,80;;3191,80;367,36;2824,44;
SYLVANA CELIVIA GOMES FREITAS;GABINETE DO SECRETARIO;ASSESSOR I;NAO INFORMADO; CARGO COMISSION.S/VINCULO;5229,77;;5229,77;973,62;4256,15;
TELMO FERNANDES TORRES;DEPTO.DE ENGENHARIA;AUX.O-I;; ESTATUTARIO;4087,56;;4087,56;577,26;3510,30;
THAIS CAMPOS DE OLIVEIRA;DEPARTAMENTO DE ADM.E FINANCAS;GERENTE;; CARGO COMISSION.S/VINCULO;8536,50;;8536,50;;8536,50;
THAIS CAMPOS DE OLIVEIRA SAMPAIO;SECRETARIA EXECUTIVA;ASSESSOR I;ASSESSOR I; CARGO COMISSION.S/VINCULO;5229,77;;5229,77;973,62;4256,15;
THAIS FERREIRA SANTOS;DEPTO.DE ENGENHARIA;ASSESSOR I;ASSESSOR I; CARGO COMISSION.S/VINCULO;5229,77;;5229,77;973,62;4256,15;
THAMIRYS PATRICIO ANDRADE;ASSESSORIA DE PLANEJAMENTO;ASSESSOR II;ASSESSOR II; CARGO COMISSION.S/VINCULO;4209,79;;4209,79;633,12;3576,67;
THAMYRES COSTA E SILVA;ASSESSORIA JURIDICA;ASSESSOR I;ASSESSOR I; CARGO COMISSION.S/VINCULO;5229,77;;5229,77;973,62;4256,15;
THIAGO FELIPE VERCOSA DE SOUZA;DEPARTAMENTO DE ENGENHARIA;ASSESSOR I;NAO INFORMADO; CARGO COMISSION.S/VINCULO;5229,77;;5229,77;973,62;4256,15;
THIAGO PEREIRA ARAUJO;GESTAO PROG.SOC.AMB.IGARAPES;ASSESSOR III;ASSESSOR III; CARGO COMISSION.S/VINCULO;3191,80;;3191,80;367,36;2824,44;
THIAGO TEIXEIRA DE SOUZA;ASSESSORIA DE COMUNICACAO;ASSESSOR III;ASSESSOR III; CARGO COMISSION.S/VINCULO;3191,80;;3191,80;367,36;2824,44;
TYSSIA REGIA RAYOL C OLIVEIRA;GERENCIA DE OBRAS DO INTERIOR;ENG-III;; ESTATUTARIO;21739,46;;21739,46;5691,54;16047,92;
VALDENILSON CABRAL QUEIROZ;DEPTO.DE ENGENHARIA;ASSESSOR I;NAO INFORMADO; CARGO COMISSION.S/VINCULO;5229,77;;5229,77;973,62;4256,15;
VERA LANE DE CASTRO MARTINS;GABINETE DO SECRETARIO;ASSESSOR I;; CARGO COMISSION.S/VINCULO;5229,77;;5229,77;973,62;4256,15;
VICENTE PARENTE DE ARAUJO JUNIOR;GERENCIA DE ORCAMENTO;AUXILIAR DE TOPOGRAFIA;ASSESSOR I; ESTATUTARIO;5655,81;;5655,81;647,04;5008,77;
WALTER DA SILVA MERGULHAO;GERENCIA DE ORCAMENTOS;ASSESSOR I;ASSESSOR I; CARGO COMISSION.S/VINCULO;5229,77;;5229,77;973,62;4256,15;
WALZENIRA PARENTE MIRANDA;ASSESSORIA DE PLANEJAMENTO;ASSESSOR I;ASSESSOR I; CARGO COMISSION.S/VINCULO;5229,77;;5229,77;973,62;4256,15;
WILMAR FERREIRA DE CARVALHO;GERENCIA DE PROJETOS;TPG-III;TOPOGRAFO; ESTATUTARIO;4655,14;;4655,14;916,36;3738,78;
WLADIMIR BARROSO GUEDES DE A JUNIOR;GERENCIA DE PROJETOS;A.OPE-I;; ESTATUTARIO;4529,61;;4529,61;814,14;3715,47;
