NOME;LOTACAO;CARGO;FUNCAO;VINCULO;REMUNERACAO LEGAL TOTAL(R$);DESC.TETO(R$); REMUNERACAO LEGAL DEVIDA(R$);DESCONTOS LEGAIS(R$);LIQUIDO DISPONIVEL(R$);
ACRISIO ZIK UCHOA;DEPTO.DE ADMINIS.E FINANCAS;AUXILIAR DE SERV GERAIS 3A CLASSE;; ESTATUTARIO;2216,37;;2216,37;310,29;1906,08;
ADRIANA CELINA SERRAO RODRIGUES;DEPTO.DE ADMINIS.E FINANCAS;A.TEC-II;GERENTE AD-2; ESTATUTARIO;3655,15;;3655,15;610,39;3044,76;
ADRIANO DA SILVA;SEC.EXECUT.DA ASSIST.SOCIAL;ASSESSOR II;ASSESSOR II; CARGO COMISSION.S/VINCULO;3209,79;;3209,79;330,96;2878,83;
AIDA RASSANA PINTO EL KEBBE;SEC.EXECUT.DA ASSIST.SOCIAL;ASSESSOR III;ASSESSOR III; CARGO COMISSION.S/VINCULO;3191,80;;3191,80;327,46;2864,34;
ALBERTO HIPOCRATES E MELLO;DEPTO.DE ADMINIS.E FINANCAS;AUX.S.G-I;; ESTATUTARIO;3586,06;;3586,06;414,53;3171,53;
ALCIMIRA KEROLLANY A NORONHA;SEC.EXECUT.DA ASSIST.SOCIAL;CHEFE DE DEPARTAMENTO;CHEFE DE DEPARTAMENT; CARGO COMISSION.S/VINCULO;5229,77;;5229,77;957,83;4271,94;
ALDENORA SERRAO ALVES;ASSESSORIA DE PLANEJAMENTO;ASSISTENTE TECNICO 3A CLASSE;; ESTATUTARIO;4080,01;;4080,01;638,64;3441,37;
ALEXSANDRA FERREIRA DA SILVA;SEC.EXECUT.DA ASSIST.SOCIAL;GERENTE;GERENTE; CARGO COMISSION.S/VINCULO;4209,79;;4209,79;473,54;3736,25;
ALINE MICHELLE OLIVEIRA DOS SANTOS;DEPTO.DE ADMINIS.E FINANCAS;ASSESSOR I;NAO INFORMADO; CARGO COMISSION.S/VINCULO;5229,77;;5229,77;957,83;4271,94;
ALISON FERREIRA BATISTA;SEC.EXECUT.DA ASSIST.SOCIAL;ASSESSOR II;NAO INFORMADO; CARGO COMISSION.S/VINCULO;4209,79;;4209,79;597,14;3612,65;
ALLAN CARLOS DE AZEVEDO VIANA LIMA;SEC.EXECUT.DA ASSIST.SOCIAL;ASSESSOR II;ASSESSOR II; CARGO COMISSION.S/VINCULO;4209,79;;4209,79;557,17;3652,62;
ANA BEATRIZ QUEIROZ M FERNANDES;SEC.EX.ADJ.POL.ASSIST.SOCIAL;GERENTE;GERENTE; CARGO COMISSION.S/VINCULO;4209,79;;4209,79;597,14;3612,65;
ANA CLAUDIA SOARES DA ROCHA;SEC.EX.ADJ.POL.ASSIST.SOCIAL;ASSESSOR I;NAO INFORMADO; CARGO COMISSION.S/VINCULO;5229,77;;5229,77;957,83;4271,94;
ANA LEILA FONSECA GAZEL;SEC.EXECUT.DA ASSIST.SOCIAL;GERENTE;GERENTE; CARGO COMISSION.S/VINCULO;4209,79;;4209,79;597,14;3612,65;
ANA LUIZA DOS SANTOS SILVA;DEPTO.GEST.SIST.UN.ASS.SOCIAL;ASSESSOR II;NAO INFORMADO; CARGO COMISSION.S/VINCULO;4209,79;;4209,79;597,14;3612,65;
ANA MARIA BEZERRA NUNES;DEPTO.DE PROTECAO SOC.ESPECIAL;ASSISTENTE TECNICO 2A CLASSE;; ESTATUTARIO;4205,91;;4205,91;672,99;3532,92;
ANA MARIA MARTINS SIMOES;DEPTO.DE PROTECAO SOC.BASICA;MONITOR 2A CLASSE;; ESTATUTARIO;3401,71;;3401,71;536,90;2864,81;
ANA PAULA MONTEIRO PETILLO;DEPTO.DE ADMINIS.E FINANCAS;ASSESSOR II;ASSESSOR II; CARGO COMISSION.S/VINCULO;4209,79;;4209,79;597,14;3612,65;
ANA PAULA MORAIS NOGUEIRA;SEC.EXECUT.DA ASSIST.SOCIAL;DIRETOR DE UNIDADE;DIRETOR DE UNIDADE A; CARGO COMISSION.S/VINCULO;5229,77;;5229,77;957,83;4271,94;
ANDERSON MICHILES DE LIMA;GABINETE DO SECRETARIO;ASSESSOR I;ASSESSOR I; CARGO COMISSION.S/VINCULO;5229,77;;5229,77;957,83;4271,94;
ANDERSON OLIVEIRA DE SOUZA;SEC.EXECUT.DA ASSIST.SOCIAL;SECRETARIO EXECUTIVO;SECRETARIO EXECUTIVO; CARGO COMISSION.S/VINCULO;11700,00;;11700,00;2968,33;8731,67;
ANDREA DE CASSIA LIRA DA SILVA;DEPTO.DE ADMINIS.E FINANCAS;AUX.S.G-II;AUX. SERVICOS GERAIS; ESTATUTARIO;2357,48;;2357,48;330,05;2027,43;
ANDREZA CORREIA TEIXEIRA;SEC.EXECUT.DA ASSIST.SOCIAL;ASSESSOR I;ASSESSOR I; CARGO COMISSION.S/VINCULO;5229,77;;5229,77;957,83;4271,94;
ANGELA JACIARA MERGUEIRO DE MATOS;DEPTO.DE ADMINIS.E FINANCAS;AUX.S.G-II;; ESTATUTARIO;3888,20;;3888,20;466,98;3421,22;
ANNA BERNADETH OLIVEIRA MONIZ;DEPTO.DE ADMINIS.E FINANCAS;A.TEC-I;; ESTATUTARIO;4443,13;;4443,13;770,85;3672,28;
ANTONIA CLEONILDE ARAUJO DOS SANTOS;DEPTO.DE PROTECAO SOC.BASICA;AUX.S.G-II;; ESTATUTARIO;2381,08;;2381,08;333,35;2047,73;
ANTONIA JANAINA SOUZA DE FRANCA;SEC.EXECUT.DA ASSIST.SOCIAL;SUBGERENTE;NAO INFORMADO; CARGO COMISSION.S/VINCULO;3191,80;;3191,80;327,46;2864,34;
ANTONIO CARLOS RODRIGUES ASSIS;SEC.EXECUT.DA ASSIST.SOCIAL;ASSESSOR III;NAO INFORMADO; CARGO COMISSION.S/VINCULO;3191,80;;3191,80;327,46;2864,34;
ANTONIO GERALDO PICANCO;DEPTO.DE ADMINIS.E FINANCAS;MOT-I;SUB.GERENTE AD-3; ESTATUTARIO;2813,83;;2813,83;406,98;2406,85;
ARIDAN NONATA COUTO RAMOS;ASSESSORIA DE PLANEJAMENTO;AUX.S.G-II;; ESTATUTARIO;3524,90;;3524,90;413,72;3111,18;
ARTEMIZA ANDRADE BARBOSA;DEPTO.DE ADMINIS.E FINANCAS;AUX.S.G-II;; ESTATUTARIO;2357,48;;2357,48;330,05;2027,43;
ASSUNCAO PEREIRA DE OLIVEIRA;SEC.EXECUT.DA ASSIST.SOCIAL;ASSESSOR I;NAO INFORMADO; CARGO COMISSION.S/VINCULO;4229,77;;4229,77;602,94;3626,83;
AUREANGELA DO NASCIMENTO SILVA;DEPTO.DE PROTECAO SOC.ESPECIAL;SUBGERENTE;NAO INFORMADO; CARGO COMISSION.S/VINCULO;3191,80;;3191,80;327,46;2864,34;
AZENILCE KELEY PEREIRA DA SILVA;SEC.EXECUT.DA ASSIST.SOCIAL;ASSESSOR II;ASSESSOR II; CARGO COMISSION.S/VINCULO;4209,79;;4209,79;597,14;3612,65;
BRUNA BEATRIZ ANDRADE CRUZ;SEC.EXECUT.DA ASSIST.SOCIAL;ASSESSOR III;NAO INFORMADO; CARGO COMISSION.S/VINCULO;3191,80;;3191,80;327,46;2864,34;
BRUNA CALHEIRO DE ABREU MOTA;ASSESSORIA DE COMUNIC.SOCIAL;ASSESSOR I;ASSESSOR I; CARGO COMISSION.S/VINCULO;5229,77;;5229,77;957,83;4271,94;
BRUNA LARISSA FIGUEIREDO DOS SANTOS;SEC.EX.ADJ.POL.ASSIST.SOCIAL;ASSESSOR II;NAO INFORMADO; CARGO COMISSION.S/VINCULO;4209,79;;4209,79;597,14;3612,65;
CAMILLA PARKEI COELHO MARTINS;SEC.EX.ADJ.POL.ASSIST.SOCIAL;ASSESSOR II;NAO INFORMADO; CARGO COMISSION.S/VINCULO;4209,79;;4209,79;597,14;3612,65;
CARLA SILVIA LEITE PICANCO;GABINETE DO SECRETARIO;ASSESSOR III;NAO INFORMADO; CARGO COMISSION.S/VINCULO;3191,80;;3191,80;327,46;2864,34;
CARLOS ALBERTO KITZINGER DE SOUZA;DEPTO.DE ADMINIS.E FINANCAS;MOT-II;; ESTATUTARIO;3152,91;;3152,91;404,97;2747,94;
CELESTE BENTES SANTANA;DEPTO.DE ADMINIS.E FINANCAS;A.TEC-I;ASSESSOR I; ESTATUTARIO;4484,35;;4484,35;741,92;3742,43;
CELIA MARA ALVES FERREIRA;SEC.EX.ADJ.POL.ASSIST.SOCIAL;ASSESSOR II;NAO INFORMADO; CARGO COMISSION.S/VINCULO;4209,79;;4209,79;597,14;3612,65;
CIBELE FREITAS DE AQUINO;DEPTO.DE PROTECAO SOC.BASICA;DIRETOR DE UNIDADE;NAO INFORMADO; CARGO COMISSION.S/VINCULO;4229,77;;4229,77;602,94;3626,83;
CLEISSIANE COSTA CARDOSO;SEC.EXECUT.DA ASSIST.SOCIAL;ASSESSOR II;ASSESSOR II; CARGO COMISSION.S/VINCULO;4209,79;;4209,79;577,97;3631,82;
CYBELLE MARILIA WILKENS DA C NOVO;DEPTO.GEST.SIST.UN.ASS.SOCIAL;SUBGERENTE;NAO INFORMADO; CARGO COMISSION.S/VINCULO;3191,80;;3191,80;327,46;2864,34;
DANIEL PALHETA FERREIRA;SEC.EXECUT.DA ASSIST.SOCIAL;ASSESSOR II;ASSESSOR II; CARGO COMISSION.S/VINCULO;4209,79;;4209,79;597,14;3612,65;
DANIELA TOILZA NUNES;SEC.EXECUT.DA ASSIST.SOCIAL;ASSESSOR II;ASSESSOR II; CARGO COMISSION.S/VINCULO;4209,79;;4209,79;597,14;3612,65;
DARLAN MARCELO DA COSTA PIMENTEL;DEPTO.DE PROTECAO SOC.ESPECIAL;A.TEC-I;; ESTATUTARIO;3880,00;;3880,00;673,32;3206,68;
DAYENE TROVAO FREITAS;SEC.EXECUT.DA ASSIST.SOCIAL;SUBGERENTE;SUBGERENTE; CARGO COMISSION.S/VINCULO;3191,80;;3191,80;327,46;2864,34;
DEBORA APARECIDA ARAUJO GALLI;ASSESSORIA DE PLANEJAMENTO;GERENTE;NAO INFORMADO; CARGO COMISSION.S/VINCULO;4209,79;;4209,79;597,14;3612,65;
DEBORA DE ALENCAR ARRUDA DA MOTA;DEPTO.GEST.SIST.UN.ASS.SOCIAL;ASSESSOR I;NAO INFORMADO; CARGO COMISSION.S/VINCULO;5229,77;;5229,77;957,83;4271,94;
DELMARINA NASCIMENTO DA SILVEIRA;DEPTO.DE ADMINIS.E FINANCAS;ASSISTENTE TECNICO 3A CLASSE;SUBGERENTE; ESTATUTARIO;6271,54;;6271,54;2663,70;3607,84;
DENIS PINTO DE JESUS;DEPTO.DE PROTECAO SOC.BASICA;AUX.S.G-II;; ESTATUTARIO;2381,08;;2381,08;333,35;2047,73;
DENIZE SANTOS DE ANDRADE;GABINETE DO SECRETARIO;ASSESSOR I;NAO INFORMADO; CARGO COMISSION.S/VINCULO;4229,77;;4229,77;602,94;3626,83;
DHESSICA BEATRIZ BATISTA DA COSTA;GABINETE DO SECRETARIO;ASSESSOR III;NAO INFORMADO; CARGO COMISSION.S/VINCULO;3191,80;;3191,80;327,46;2864,34;
DIEGO CESAR MENDONCA FACANHA;DEPTO.DE ADMINIS.E FINANCAS;CHEFE DE DEPARTAMENTO;CHEFE DE DEPARTAMENT; CARGO COMISSION.S/VINCULO;5229,77;;5229,77;957,83;4271,94;
DIEGO MACAMBIRA JEZINI;SEC.EXECUT.DA ASSIST.SOCIAL;GERENTE;NAO INFORMADO; CARGO COMISSION.S/VINCULO;4209,79;;4209,79;597,14;3612,65;
EDER DA SILVA MELO FILHO;SEC.EXECUT.DA ASSIST.SOCIAL;ASSESSOR II;ASSESSOR II; CARGO COMISSION.S/VINCULO;4209,79;;4209,79;597,14;3612,65;
EDILEUZA DE LIMA FROES OLIVEIRA;DEPTO.DE ADMINIS.E FINANCAS;A.TEC-I;; ESTATUTARIO;4443,13;;4443,13;770,85;3672,28;
EDIMARA TRAVASSOS DE ANDRADE ARAUJO;SEC.EXECUT.DA ASSIST.SOCIAL;CHEFE DE DEPARTAMENTO;CHEFE DE DEPARTAMENT; CARGO COMISSION.S/VINCULO;5229,77;;5229,77;957,83;4271,94;
EDNALDO GOMES BARBOSA JUNIOR;SEC.EXECUT.DA ASSIST.SOCIAL;ASSESSOR II;ASSESSOR II; CARGO COMISSION.S/VINCULO;4209,79;;4209,79;597,14;3612,65;
EDNEA FERREIRA LEDA;SEC.EXECUT.DA ASSIST.SOCIAL;ASSESSOR II;NAO INFORMADO; CARGO COMISSION.S/VINCULO;4209,79;;4209,79;597,14;3612,65;
EDUARDO AUGUSTO DE AQUINO FERREIRA;DEPTO.DE ADMINIS.E FINANCAS;ASSESSOR II;ASSESSOR II; CARGO COMISSION.S/VINCULO;4209,79;;4209,79;597,14;3612,65;
ELIANA PAIXAO DE SOUZA;DEPTO.DE PROTECAO SOC.BASICA;AGENTE ADMINISTRATIVO 1A CLASSE;; ESTATUTARIO;3875,73;;3875,73;607,73;3268,00;
ELIANA RAPOSO BARRETO;DEPTO.DE PROTECAO SOC.ESPECIAL;AGENTE ADMINISTRATIVO 2A CLASSE;; ESTATUTARIO;3877,95;;3877,95;608,33;3269,62;
ELIANO NASCIMENTO DE OLIVEIRA;DEPTO.DE PROTECAO SOC.BASICA;VIGIA-II;; ESTATUTARIO;2381,08;;2381,08;333,35;2047,73;
ELIDA FERNANDA DE CARVALHO LIMA;SEC.EXECUT.DA ASSIST.SOCIAL;ASSESSOR III;ASSESSOR III; CARGO COMISSION.S/VINCULO;3191,80;;3191,80;327,46;2864,34;
ELISANGELA DE SOUZA FERNANDES;DEPTO.DE ADMINIS.E FINANCAS;A.TEC-II;; ESTATUTARIO;3655,15;;3655,15;610,39;3044,76;
EMILY DUARTE ALBUQUERQUE;SEC.EXECUT.DA ASSIST.SOCIAL;ASSESSOR III;NAO INFORMADO; CARGO COMISSION.S/VINCULO;3191,80;;3191,80;327,46;2864,34;
EUNICE ALVES DE LIMA;DEPTO.DE PROTECAO SOC.BASICA;AUX.S.G-II;; ESTATUTARIO;2381,08;;2381,08;333,35;2047,73;
FABIANA SOARES GESTA;SEC.EXECUT.DA ASSIST.SOCIAL;GERENTE;GERENTE; CARGO COMISSION.S/VINCULO;4209,79;;4209,79;597,14;3612,65;
FABIO HENRIQUE DOS SANTOS A FILHO;SEC.EXECUT.DA ASSIST.SOCIAL;ASSESSOR III;ASSESSOR III; CARGO COMISSION.S/VINCULO;3191,80;;3191,80;327,46;2864,34;
FABIO RAMOS DE SOUZA;SEC.EXECUT.DA ASSIST.SOCIAL;ASSESSOR II;ASSESSOR II; CARGO COMISSION.S/VINCULO;3209,79;;3209,79;330,96;2878,83;
FABIOLA ALMEIDA DE MELLO SILVA;SEC.EXECUT.DA ASSIST.SOCIAL;SUBGERENTE;SUBGERENTE; CARGO COMISSION.S/VINCULO;3191,80;;3191,80;327,46;2864,34;
FABRIZZIO PABLO COSTA C BRANCO;DEPTO.DE ADMINIS.E FINANCAS;GERENTE;GERENTE; CARGO COMISSION.S/VINCULO;4209,79;;4209,79;487,76;3722,03;
FELIPE ARAUJO BARROS;GABINETE DO SECRETARIO;SUBGERENTE;SUBGERENTE; CARGO COMISSION.S/VINCULO;3191,80;;3191,80;327,46;2864,34;
FERNANDA GALUCIO SANTANA SOARES;SEC.EXECUT.DA ASSIST.SOCIAL;ASSESSOR II;ASSESSOR II; CARGO COMISSION.S/VINCULO;4209,79;;4209,79;597,14;3612,65;
FIDENCIO SOARES TAVEIRA;DEPTO.DE PROTECAO SOC.BASICA;VIGIA-II;; ESTATUTARIO;2381,08;;2381,08;333,35;2047,73;
FRANCISCA BENTES DE ALMEIDA;SEC.EXECUT.DA ASSIST.SOCIAL;ASSESSOR I;ASSESSOR I; CARGO COMISSION.S/VINCULO;5229,77;;5229,77;957,83;4271,94;
FRANCISCA SIDIVANE R GUIMARAES;GABINETE DO SECRETARIO;ASSESSOR II;NAO INFORMADO; CARGO COMISSION.S/VINCULO;4209,79;;4209,79;597,14;3612,65;
FRANCISCA VIEIRA DE LIMA;DEPTO.DE PROTECAO SOC.BASICA;AUX.S.G-III;; ESTATUTARIO;2207,63;;2207,63;309,07;1898,56;
FRANCISCO DE ALMEIDA MIRANDA;DEPTO.DE ADMINIS.E FINANCAS;AUX.S.G-II;; ESTATUTARIO;2381,08;;2381,08;333,35;2047,73;
FRANCIVAN BENTES PINTO;SEC.EXECUT.DA ASSIST.SOCIAL;SUBGERENTE;SUBGERENTE; CARGO COMISSION.S/VINCULO;3191,80;;3191,80;327,46;2864,34;
GABRIELLE CARDOSO DA CRUZ;SEC.EXECUT.DA ASSIST.SOCIAL;ASSESSOR II;NAO INFORMADO; CARGO COMISSION.S/VINCULO;4209,79;;4209,79;597,14;3612,65;
GEIZE MARA BENTES DE ALMEIDA;SEC.EXECUT.DA ASSIST.SOCIAL;ASSESSOR III;ASSESSOR III; CARGO COMISSION.S/VINCULO;3191,80;;3191,80;317,16;2874,64;
GELCIMAR LOPES DA COSTA;DEPTO.DE PROTECAO SOC.BASICA;AUX.S.G-II;; ESTATUTARIO;2381,08;;2381,08;333,35;2047,73;
GEOVANI DA SILVA MONTEIRO;SEC.EXECUT.DA ASSIST.SOCIAL;SUBGERENTE;NAO INFORMADO; CARGO COMISSION.S/VINCULO;3191,80;;3191,80;327,46;2864,34;
GIGLIANE PAMELA ARRUDA DO VALLE;DEPTO.DE ADMINIS.E FINANCAS;SUBGERENTE;SUBGERENTE; CARGO COMISSION.S/VINCULO;3191,80;;3191,80;327,46;2864,34;
GILBERTO PEREIRA DA SILVA JUNIOR;GABINETE DO SECRETARIO;A.OPE-III;ASSESSOR II; ESTATUTARIO;4771,54;;4771,54;775,64;3995,90;
GILDO GOMES DA GAMA;DEPTO.DE ADMINIS.E FINANCAS;VIGIA-II;; ESTATUTARIO;2381,08;;2381,08;333,35;2047,73;
GILVAN JUNIOR OLIVEIRA MOTA;SEC.EXECUT.DA ASSIST.SOCIAL;ASSESSOR II;ASSESSOR II; CARGO COMISSION.S/VINCULO;4209,79;;4209,79;597,14;3612,65;
GISELLE MICHELLE MOREIRA CRUZ;ASSESSORIA JURIDICA;ASSESSOR III;NAO INFORMADO; CARGO COMISSION.S/VINCULO;3191,80;;3191,80;327,46;2864,34;
GIULIANA FERREIRA DE LEMOS;DEPTO.DE ADMINIS.E FINANCAS;A.TEC-II;; ESTATUTARIO;3655,15;;3655,15;610,39;3044,76;
GLEICIANE DE ARAUJO LEITE;DEPTO.DE PROTECAO SOC.BASICA;SUBGERENTE;NAO INFORMADO; CARGO COMISSION.S/VINCULO;3191,80;;3191,80;327,46;2864,34;
GLENDA MOURA DE SOUZA SENA;SEC.EXECUT.DA ASSIST.SOCIAL;GERENTE;NAO INFORMADO; CARGO COMISSION.S/VINCULO;4209,79;;4209,79;597,14;3612,65;
HEFRANIO DA SILVA MAIA;SEC.EXECUT.DA ASSIST.SOCIAL;DIRETOR DE UNIDADE;DIRETOR DE UNIDADE A; CARGO COMISSION.S/VINCULO;4229,77;;4229,77;602,94;3626,83;
HELIO FLAVIO REIS PONTES;DEPTO.DE ADMINIS.E FINANCAS;AUX.S.G-II;; ESTATUTARIO;3516,15;;3516,15;411,17;3104,98;
HELLYNE SANTOS DA SILVA;SEC.EXECUT.DA ASSIST.SOCIAL;ASSESSOR III;ASSESSOR III; CARGO COMISSION.S/VINCULO;3191,80;;3191,80;327,46;2864,34;
HERCULES LUCAS SILVEIRA TRASSI;SEC.EXECUT.DA ASSIST.SOCIAL;ASSESSOR III;ASSESSOR III; CARGO COMISSION.S/VINCULO;3191,80;;3191,80;327,46;2864,34;
HILDALEA CASTRO DOS REIS;SEC.EXECUT.DA ASSIST.SOCIAL;A.TEC-III;; ESTATUTARIO;3477,75;;3477,75;558,95;2918,80;
HYONY BRAGA DIAS;SEC.EXECUT.DA ASSIST.SOCIAL;ASSESSOR I;ASSESSOR I; CARGO COMISSION.S/VINCULO;5229,77;;5229,77;914,81;4314,96;
IDELFONSO CORNELIO BRAZ;DEPTO.DE ADMINIS.E FINANCAS;AUX.S.G-II;; ESTATUTARIO;2455,44;;2455,44;335,80;2119,64;
IGOR ROBERTO LOPES RIBEIRO;SEC.EXECUT.DA ASSIST.SOCIAL;SUBGERENTE;NAO INFORMADO; CARGO COMISSION.S/VINCULO;3191,80;;3191,80;327,46;2864,34;
INGRID CAMILA SOUSA VIANA;SEC.EXECUT.DA ASSIST.SOCIAL;SUBGERENTE;SUBGERENTE; CARGO COMISSION.S/VINCULO;2591,80;;2591,80;214,07;2377,73;
ISABEL CRISTINA ALENCAR DE LIMA;SEC.EX.ADJ.POL.ASSIST.SOCIAL;AUX.S.G-II;; ESTATUTARIO;2381,08;;2381,08;311,13;2069,95;
ISABEL CRISTINA SILVA DOS S PEREIRA;SEC.EXECUT.DA ASSIST.SOCIAL;SUBGERENTE;SUBGERENTE; CARGO COMISSION.S/VINCULO;3191,80;;3191,80;327,46;2864,34;
ISABELLE MARIE DA COSTA A SILVA;SEC.EXECUT.DA ASSIST.SOCIAL;ASSESSOR III;ASSESSOR III; CARGO COMISSION.S/VINCULO;3191,80;;3191,80;327,46;2864,34;
JARDAS LIMA SOLANO;DEPTO.DE ADMINIS.E FINANCAS;A.TEC-II;; ESTATUTARIO;4873,53;;4873,53;837,73;4035,80;
JESSICA DE SOUSA MONTEIRO;DEPTO.DE PROTECAO SOC.BASICA;GERENTE;GERENTE; CARGO COMISSION.S/VINCULO;4209,79;;4209,79;597,14;3612,65;
JIMMY CHRISTIAN PESSOA MACIEL;SEC.EXECUT.DA ASSIST.SOCIAL;ASSESSOR II;ASSESSOR II; CARGO COMISSION.S/VINCULO;4209,79;;4209,79;597,14;3612,65;
JOANA VIEIRA DA SILVA;DEPTO.DE ADMINIS.E FINANCAS;AGENTE ADMINISTRATIVO 1A CLASSE;; ESTATUTARIO;4141,50;;4141,50;655,42;3486,08;
JOAO DE SOUZA BEZERRA;DEPTO.DE ADMINIS.E FINANCAS;AUX.S.G-I;; ESTATUTARIO;2562,50;;2562,50;358,75;2203,75;
JOAO EDUARDO RODRIGUES NASCIMENTO;ASSESSORIA JURIDICA;ASSESSOR I;NAO INFORMADO; CARGO COMISSION.S/VINCULO;5229,77;;5229,77;957,83;4271,94;
JOAO LUIZ LEITE DE FRANCA;DEPTO.DE ADMINIS.E FINANCAS;AUX.S.G-I;; ESTATUTARIO;3577,31;;3577,31;443,30;3134,01;
JOAO PAULO GUEDES SARAIVA;SEC.EXECUT.DA ASSIST.SOCIAL;ASSESSOR II;ASSESSOR II; CARGO COMISSION.S/VINCULO;4209,79;;4209,79;597,14;3612,65;
JOAO SOUZA DUARTE;SEC.EX.ADJ.POL.ASSIST.SOCIAL;GERENTE;GERENTE; CARGO COMISSION.S/VINCULO;4209,79;;4209,79;597,14;3612,65;
JOAQUINA DA SILVA MATIAS;DEPTO.DE ADMINIS.E FINANCAS;AGENTE ADMINISTRATIVO 3A CLASSE;; ESTATUTARIO;3384,22;;3384,22;531,82;2852,40;
JONATAS MAGALHAES GOMES;GABINETE DO SECRETARIO;ASSESSOR II;ASSESSOR II; CARGO COMISSION.S/VINCULO;4209,79;;4209,79;597,14;3612,65;
JORGE ALLE MARIE;SEC.EXECUT.DA ASSIST.SOCIAL;ASSESSOR III;ASSESSOR III; CARGO COMISSION.S/VINCULO;3191,80;;3191,80;327,46;2864,34;
JORGE LUIZ JOSEPH;DEPTO.DE ADMINIS.E FINANCAS;A.TEC-II;; ESTATUTARIO;3618,95;;3618,95;599,89;3019,06;
JOSE EDUARDO GOMES DA SILVA;DEPTO.DE ADMINIS.E FINANCAS;AUX.S.G-II;; ESTATUTARIO;2381,08;;2381,08;333,35;2047,73;
JOSE MARIA DE OLIVEIRA;DEPTO.DE ADMINIS.E FINANCAS;AUX.S.G-I;; ESTATUTARIO;2885,38;;2885,38;322,88;2562,50;
JOSIMAR ANJOS DE SOUZA;DEPTO.DE ADMINIS.E FINANCAS;VIGIA-II;; ESTATUTARIO;2381,08;;2381,08;333,35;2047,73;
JULIANA SIQUEIRA AROUCHE;ASSESSORIA DE COMUNIC.SOCIAL;ASSESSOR II;ASSESSOR II; CARGO COMISSION.S/VINCULO;4209,79;;4209,79;597,14;3612,65;
JULY ANNE DE MOURA LINHARES;GABINETE DO SECRETARIO;ASSESSOR II;NAO INFORMADO; CARGO COMISSION.S/VINCULO;4209,79;;4209,79;597,14;3612,65;
JUSSARA VIEIRA DO ESPIRITO SANTO;SEC.EXECUT.DA ASSIST.SOCIAL;SUBGERENTE;SUBGERENTE; CARGO COMISSION.S/VINCULO;3191,80;;3191,80;327,46;2864,34;
KAMYLLA JACINTHO DA SILVEIRA;SEC.EXECUT.DA ASSIST.SOCIAL;SUBGERENTE;SUBGERENTE; CARGO COMISSION.S/VINCULO;3191,80;;3191,80;327,46;2864,34;
KARLA MARQUES DA SILVA;DEPTO.GEST.SIST.UN.ASS.SOCIAL;GERENTE;NAO INFORMADO; CARGO COMISSION.S/VINCULO;4209,79;;4209,79;597,14;3612,65;
KELINE CALISTRO DUARTE;SEC.EXECUT.DA ASSIST.SOCIAL;ASSESSOR III;ASSESSOR III; CARGO COMISSION.S/VINCULO;3191,80;;3191,80;327,46;2864,34;
KELLY CRISTINE DA COSTA S TAVARES;SEC.EXECUT.DA ASSIST.SOCIAL;GERENTE;GERENTE; CARGO COMISSION.S/VINCULO;4209,79;;4209,79;585,61;3624,18;
KELY PATRICIA PAIXAO SILVA;GABINETE DO SECRETARIO;SECRETARIO DE ESTADO;SECRETARIO DE ESTADO; CARGO COMISSION.S/VINCULO;28060,00;;28060,00;7415,19;20644,81;
KEROLAYNE ALCANTARA DE OLIVEIRA;SEC.EXECUT.DA ASSIST.SOCIAL;ASSESSOR III;ASSESSOR III; CARGO COMISSION.S/VINCULO;3191,80;;3191,80;327,46;2864,34;
KEROLYN DA SILVA LEIGUE;ASSESSORIA DE COMUNIC.SOCIAL;ASSESSOR III;NAO INFORMADO; CARGO COMISSION.S/VINCULO;3191,80;;3191,80;327,46;2864,34;
LAERCIO AUGUSTO RIBEIRO FILHO;DEPTO.DE ADMINIS.E FINANCAS;MOT-I;; ESTATUTARIO;3620,13;;3620,13;484,91;3135,22;
LAURIMAR NOGUEIRA DE LIMA;DEPTO.DE PROTECAO SOC.ESPECIAL;VIGIA-II;; ESTATUTARIO;2381,08;;2381,08;333,35;2047,73;
LEANDRA AMORIM DE SOUZA SILVA;SEC.EXECUT.DA ASSIST.SOCIAL;GERENTE;GERENTE; CARGO COMISSION.S/VINCULO;4209,79;;4209,79;597,14;3612,65;
LEANDRO JORGE DE LIMA COLARES;SEC.EX.ADJ.POL.ASSIST.SOCIAL;ASSESSOR II;NAO INFORMADO; CARGO COMISSION.S/VINCULO;4209,79;;4209,79;597,14;3612,65;
LEILA CONCEICAO DA SILVA;DEPTO.DE ADMINIS.E FINANCAS;AUX.S.G-II;; ESTATUTARIO;3516,15;;3516,15;411,17;3104,98;
LEONILZE DA SILVA TEIXEIRA;DEPTO.DE ADMINIS.E FINANCAS;A.TEC-I;; ESTATUTARIO;4443,13;;4443,13;770,85;3672,28;
LEONOR CORREA DA SILVA;DEPTO.DE PROTECAO SOC.BASICA;MONITOR 2A CLASSE;; ESTATUTARIO;3867,97;;3867,97;585,12;3282,85;
LILIA FERNANDES DUARTE ALBUQUERQUE;DEPTO.DE PROTECAO SOC.ESPECIAL;DIRETOR DE UNIDADE;NAO INFORMADO; CARGO COMISSION.S/VINCULO;4229,77;;4229,77;602,94;3626,83;
LILIANE DA FONSECA MONTEIRO;SEC.EXECUT.DA ASSIST.SOCIAL;SUBGERENTE;SUBGERENTE; CARGO COMISSION.S/VINCULO;3191,80;;3191,80;327,46;2864,34;
LINDANEY ALVES GRIJO;DEPTO.DE ADMINIS.E FINANCAS;AGENTE ADMINISTRATIVO 1A CLASSE;; ESTATUTARIO;4173,71;;4173,71;664,21;3509,50;
LISSANDRO TERCO DE VERCOSA;DEPTO.DE ADMINIS.E FINANCAS;AGENTE ADMINISTRATIVO 1A CLASSE;; ESTATUTARIO;3470,34;;3470,34;556,80;2913,54;
LUANA BATISTA TAVARES;SEC.EXECUT.DA ASSIST.SOCIAL;SEC.ADM.DO CONS.EST.ASS.SOC.;SEC.ADM.DO CONS.EST.; CARGO COMISSION.S/VINCULO;5884,61;;5884,61;1794,28;4090,33;
LUANA CAROLINE PAULAIN DA C LASCAS;GABINETE DO SECRETARIO;ASSESSOR I;ASSESSOR I; CARGO COMISSION.S/VINCULO;5229,77;;5229,77;957,83;4271,94;
LUANA MARCELA ALVES DOS SANTOS;GABINETE DO SECRETARIO;ASSESSOR II;ASSESSOR II; CARGO COMISSION.S/VINCULO;4209,79;;4209,79;597,14;3612,65;
LUCIANA ALECRIM PACIFICO;SEC.EXECUT.DA ASSIST.SOCIAL;ASSESSOR I;ASSESSOR I; CARGO COMISSION.S/VINCULO;5229,77;;5229,77;872,16;4357,61;
LUENNIA GOMES DOS SANTOS;SEC.EXECUT.DA ASSIST.SOCIAL;SUBGERENTE;SUBGERENTE; CARGO COMISSION.S/VINCULO;3191,80;;3191,80;327,46;2864,34;
LUIS FONSECA DE ARAUJO FILHO;GABINETE DO SECRETARIO;PEDAGOGO PD20.ESP-III;CHEFE DE GABINETE; ESTATUTARIO;8109,09;;8109,09;1635,11;6473,98;
LUZIA SIQUEIRA DOS SANTOS;DEPTO.DE ADMINIS.E FINANCAS;A.TEC-I;; ESTATUTARIO;4443,13;;4443,13;770,85;3672,28;
LUZIVANY RIBEIRO TEIXEIRA;SEC.EXECUT.DA ASSIST.SOCIAL;ASSESSOR III;NAO INFORMADO; CARGO COMISSION.S/VINCULO;3191,80;;3191,80;327,46;2864,34;
MAGNA FRAGA DIAS MAR;SEC.EXECUT.DA ASSIST.SOCIAL;ASSESSOR III;NAO INFORMADO; CARGO COMISSION.S/VINCULO;3191,80;;3191,80;327,46;2864,34;
MANOEL BEZERRA GOMES;DEPTO.DE ADMINIS.E FINANCAS;AUX.S.G-II;; ESTATUTARIO;2381,08;;2381,08;333,35;2047,73;
MANOEL NUNES DE ASSIS;DEPTO.DE PROTECAO SOC.BASICA;ASSESSOR II;NAO INFORMADO; CARGO COMISSION.S/VINCULO;4209,79;;4209,79;585,61;3624,18;
MARCELO AUGUSTO SILVA MAGALHAES RAM;ASSESSORIA JURIDICA;A.TEC-III;; ESTATUTARIO;3616,12;;3616,12;570,79;3045,33;
MARCELO SANTOS BENTO DA SILVA;GABINETE DO SECRETARIO;ASSESSOR III;ASSESSOR III; CARGO COMISSION.S/VINCULO;4255,73;;4255,73;610,47;3645,26;
MARCIA FRANCISCA MATUZINHO ANDRADE;SEC.EXECUT.DA ASSIST.SOCIAL;CHEFE DE DEPARTAMENTO;CHEFE DE DEPARTAMENT; CARGO COMISSION.S/VINCULO;5229,77;;5229,77;957,83;4271,94;
MARCIA LEILA DOS SANTOS FREIRE;DEPTO.DE ADMINIS.E FINANCAS;AGENTE ADMINISTRATIVO 3A CLASSE;; ESTATUTARIO;3586,28;;3586,28;562,13;3024,15;
MARCIA ZUILA ALMEIDA E SILVA;DEPTO.DE PROTECAO SOC.ESPECIAL;MONITOR 2A CLASSE;; ESTATUTARIO;3867,97;;3867,97;605,61;3262,36;
MARCILIO JOSE GOMES DE BRITO;DEPTO.DE ADMINIS.E FINANCAS;VIGIA-II;; ESTATUTARIO;2381,08;;2381,08;333,35;2047,73;
MARGARIDA NUNES GALVAO GUERRA;DEPTO.DE ADMINIS.E FINANCAS;A.TEC-I;; ESTATUTARIO;4443,13;;4443,13;770,85;3672,28;
MARIA ALCILENE DA SILVA MENDONCA;GABINETE DO SECRETARIO;ASSESSOR IV;ASSESSOR  IV; CARGO COMISSION.S/VINCULO;3175,61;;3175,61;324,29;2851,32;
MARIA ALCILENE FERREIRA DA SILVA;DEPTO.DE PROTECAO SOC.BASICA;AUX.S.G-II;; ESTATUTARIO;2389,82;;2389,82;334,57;2055,25;
MARIA DA CONCEICAO AGOSTINHO DA MOT;DEPTO.DE PROTECAO SOC.BASICA;A.TEC-I;; ESTATUTARIO;5861,73;;5861,73;1130,84;4730,89;
MARIA DA CONCEICAO PINHEIRO FONTE;SEC.EXECUT.DA ASSIST.SOCIAL;ASSESSOR II;NAO INFORMADO; CARGO COMISSION.S/VINCULO;4209,79;;4209,79;597,14;3612,65;
MARIA DA CONCEICAO RODRIGUES CABRAL;SEC.EXECUT.DA ASSIST.SOCIAL;MONITOR 3A CLASSE;; ESTATUTARIO;3401,71;;3401,71;536,90;2864,81;
MARIA DAS DORES DA COSTA ANTONY;DEPTO.DE ADMINIS.E FINANCAS;A.TEC-I;; ESTATUTARIO;4463,07;;4463,07;777,24;3685,83;
MARIA DAS GRACAS LOPES RIBEIRO;DEPTO.DE ADMINIS.E FINANCAS;A.TEC-I;; ESTATUTARIO;4463,74;;4463,74;777,45;3686,29;
MARIA DE LOURDES DE SOUZA RAMOS;DEPTO.DE PROTECAO SOC.BASICA;AUXILIAR DE SERV GERAIS 3A CLASSE;; ESTATUTARIO;2207,63;;2207,63;309,07;1898,56;
MARIA DO PERPETUO SOCORRO OLIMPIO V;DEPTO.DE ADMINIS.E FINANCAS;AUX.S.G-II;; ESTATUTARIO;2381,08;;2381,08;333,35;2047,73;
MARIA EDINELZA OLIVEIRA DAMASCENO;DEPTO.DE ADMINIS.E FINANCAS;A.TEC-I;ASSESSOR I; ESTATUTARIO;8589,06;;8589,06;1884,40;6704,66;
MARIA ELISABETE MACIEL DA SILVA;SEC.EXECUT.DA ASSIST.SOCIAL;DIRETOR DE UNIDADE;DIRETOR DE UNIDADE A; CARGO COMISSION.S/VINCULO;4229,77;;4229,77;602,94;3626,83;
MARIA GORETE DE SOUZA LOBATO;DEPTO.DE ADMINIS.E FINANCAS;A.TEC-I;; ESTATUTARIO;3950,16;;3950,16;692,19;3257,97;
MARIA IVANILDA COSTA CARVALHO;DEPTO.DE ADMINIS.E FINANCAS;A.TEC-I;; ESTATUTARIO;4443,13;;4443,13;770,85;3672,28;
MARIA JANETE GOMES DE BRITO;DEPTO.DE PROTECAO SOC.ESPECIAL;MONITOR 2A CLASSE;; ESTATUTARIO;3392,96;;3392,96;534,35;2858,61;
MARIA LUCIA DA SILVA BARROS;SEC.EXECUT.DA ASSIST.SOCIAL;AUX.S.G-III;; ESTATUTARIO;2812,79;;2812,79;333,31;2479,48;
MARIA LUZIA LIMA DE LIMA;ASSESSORIA DE PLANEJAMENTO;TECNICO 3A CLASSE;; ESTATUTARIO;5279,12;;5279,12;1108,86;4170,26;
MARIA RAIMUNDA DOS ANJOS NASCIMENTO;DEPTO.DE ADMINIS.E FINANCAS;AUX.S.G-I;; ESTATUTARIO;2872,83;;2872,83;370,26;2502,57;
MARIA RAIMUNDA LOPES BURGA;DEPTO.DE ADMINIS.E FINANCAS;AUX.S.G-II;; ESTATUTARIO;2381,08;;2381,08;333,35;2047,73;
MARIA RITA RODRIGUES DE SOUZA;DEPTO.DE PROTECAO SOC.BASICA;AUX.S.G-II;; ESTATUTARIO;2714,43;;2714,43;333,35;2381,08;
MARIA ROSA GOMES GRACA;DEPTO.DE ADMINIS.E FINANCAS;ASSESSOR II;; CARGO COMISSION.S/VINCULO;2609,79;;2609,79;216,23;2393,56;
MARIA SOCORRO CARIOCA BEZERRA;DEPTO.DE ADMINIS.E FINANCAS;AUXILIAR DE SERV GERAIS 3A CLASSE;; ESTATUTARIO;2207,63;;2207,63;309,07;1898,56;
MARINETE DOS SANTOS FERREIRA;DEPTO.DE ADMINIS.E FINANCAS;AGENTE ADMINISTRATIVO 3A CLASSE;; ESTATUTARIO;3877,95;;3877,95;608,33;3269,62;
MARLUCE DO NASCIMENTO SOARES;DEPTO.DE PROTECAO SOC.BASICA;AUX.S.G-II;; ESTATUTARIO;2381,08;;2381,08;333,35;2047,73;
MARY ELLEN DE AMORIM SILVA;SEC.EX.ADJ.POL.ASSIST.SOCIAL;ASSESSOR II;NAO INFORMADO; CARGO COMISSION.S/VINCULO;4209,79;;4209,79;597,14;3612,65;
MEIRY CONCEICAO DA SILVA;DEPTO.DE ADMINIS.E FINANCAS;AUX.S.G-II;; ESTATUTARIO;2381,08;;2381,08;333,35;2047,73;
MERI TERESINHA SCHERER;SEC.EXECUT.DA ASSIST.SOCIAL;GERENTE;GERENTE; CARGO COMISSION.S/VINCULO;4209,79;;4209,79;597,14;3612,65;
MESSIAS LEAL DE MACEDO;DEPTO.DE ADMINIS.E FINANCAS;AUX.S.G-II;; ESTATUTARIO;2381,08;;2381,08;211,12;2169,96;
MICHELE SOUZA GUIMARAES;SEC.EXECUT.DA ASSIST.SOCIAL;ASSESSOR II;ASSESSOR II; CARGO COMISSION.S/VINCULO;4209,79;;4209,79;585,61;3624,18;
MIRADALVA ALBUQUERQUE NEVES;SEC.EXECUT.DA ASSIST.SOCIAL;ASSESSOR III;ASSESSOR III; CARGO COMISSION.S/VINCULO;3191,80;;3191,80;327,46;2864,34;
MONIQUE OLIVEIRA D AVILA;SEC.EXECUT.DA ASSIST.SOCIAL;ASSESSOR I;ASSESSOR I; CARGO COMISSION.S/VINCULO;4229,77;;4229,77;590,99;3638,78;
NIXON RICARDO CARDOSO DA FONSECA;DEPTO.DE ADMINIS.E FINANCAS;GERENTE;NAO INFORMADO; CARGO COMISSION.S/VINCULO;4209,79;;4209,79;597,14;3612,65;
OTILIA ALVES FIGUEIREDO;DEPTO.DE ADMINIS.E FINANCAS;AUX.S.G-II;; ESTATUTARIO;2381,08;;2381,08;333,35;2047,73;
PAULENI VIANA RAMOS;DEPTO.GEST.SIST.UN.ASS.SOCIAL;ASSESSOR I;; CARGO COMISSION.S/VINCULO;4229,77;;4229,77;602,94;3626,83;
PEDRO BAPTISTA DA SILVA;SEC.EXECUT.DA ASSIST.SOCIAL;SUBGERENTE;SUBGERENTE; CARGO COMISSION.S/VINCULO;3191,80;;3191,80;327,46;2864,34;
PEDRO CANTANHEDE CABRAL;SEC.EXECUT.DA ASSIST.SOCIAL;SUBGERENTE;SUBGERENTE; CARGO COMISSION.S/VINCULO;3191,80;;3191,80;327,46;2864,34;
PITTER ANDERSON MONTEIRO CAVALCANTE;SEC.EXECUT.DA ASSIST.SOCIAL;ASSESSOR II;ASSESSOR II; CARGO COMISSION.S/VINCULO;4209,79;;4209,79;557,17;3652,62;
RAIMUNDA CRISPIM DE MATOS;DEPTO.DE ADMINIS.E FINANCAS;AUX.S.G-II;; ESTATUTARIO;2381,08;;2381,08;333,35;2047,73;
RAIMUNDA DORVALINA R CONCEICAO;SEC.EXECUT.DA ASSIST.SOCIAL;AUX.S.G-II;; ESTATUTARIO;2381,08;;2381,08;333,35;2047,73;
RAIMUNDA MONTEIRO DOS SANTOS;DEPTO.DE PROTECAO SOC.BASICA;MONITOR 2A CLASSE;; ESTATUTARIO;3392,96;;3392,96;534,35;2858,61;
RAIMUNDO GOMES LOBO NETO;SEC.EXECUT.DA ASSIST.SOCIAL;ASSESSOR II;ASSESSOR II; CARGO COMISSION.S/VINCULO;4209,79;;4209,79;597,14;3612,65;
RAIMUNDO JOSE DA SILVA PRADO;DEPTO.DE ADMINIS.E FINANCAS;MOT-I;; ESTATUTARIO;3237,39;;3237,39;437,51;2799,88;
RAIMUNDO NONATO FERNANDES FILHO;DEPTO.DE ADMINIS.E FINANCAS;MOT-I;; ESTATUTARIO;3620,13;;3620,13;484,91;3135,22;
RAIZA CLARICE DA COSTA LIMA;DEPTO.DE ADMINIS.E FINANCAS;ASSESSOR II;NAO INFORMADO; CARGO COMISSION.S/VINCULO;4209,79;;4209,79;597,14;3612,65;
RAQUEL CABRAL MALHEIROS;SEC.EXECUT.DA ASSIST.SOCIAL;ASSESSOR II;ASSESSOR II; CARGO COMISSION.S/VINCULO;4209,79;;4209,79;597,14;3612,65;
REJANE SOLANGE ALVES MENEZES;ASSESSORIA DE PLANEJAMENTO;TNS-I;ASSESSOR II; ESTATUTARIO;7379,57;;7379,57;1801,46;5578,11;
RELUCY SHARON ABRAHAO DA CRUZ;DEPTO.DE ADMINIS.E FINANCAS;SUBGERENTE;NAO INFORMADO; CARGO COMISSION.S/VINCULO;3191,80;;3191,80;327,46;2864,34;
RENILDA OLIVEIRA DE ABREU;DEPTO.DE ADMINIS.E FINANCAS;ASSESSOR II;ASSESSOR II; CARGO COMISSION.S/VINCULO;4209,79;;4209,79;597,14;3612,65;
RICARDO FREITAS DE SOUZA;DEPTO.DE ADMINIS.E FINANCAS;MOT-III;; ESTATUTARIO;2417,47;;2417,47;338,45;2079,02;
RICARDO GUERRA LOPES;DEPTO.DE ADMINIS.E FINANCAS;AUX.S.G-II;; ESTATUTARIO;2520,15;;2520,15;333,35;2186,80;
ROSAINE FERREIRA GOMES;DEPTO.GEST.SIST.UN.ASS.SOCIAL;ASSESSOR II;ASSESSOR II; CARGO COMISSION.S/VINCULO;3209,79;;3209,79;330,96;2878,83;
ROSANI SILVA BELEM;ASSESSORIA DE PLANEJAMENTO;A.TEC-II;; ESTATUTARIO;3655,15;;3655,15;584,40;3070,75;
RUAN THIAGO DA SILVA ARIRAMA;SEC.EXECUT.DA ASSIST.SOCIAL;SUBGERENTE;SUBGERENTE; CARGO COMISSION.S/VINCULO;3191,80;;3191,80;327,46;2864,34;
RUTINEIA LOUREIRO DA COSTA ARAUJO;SEC.EXECUT.DA ASSIST.SOCIAL;ASSESSOR III;ASSESSOR III; CARGO COMISSION.S/VINCULO;3191,80;;3191,80;327,46;2864,34;
SALOME AMARAL COELHO;DEPTO.DE PROTECAO SOC.BASICA;TNS-I;; ESTATUTARIO;6433,83;;6433,83;1537,38;4896,45;
SANDRA AUGUSTA DO REGO MONTEIRO;SEC.EXECUT.DA ASSIST.SOCIAL;ASSESSOR I;ASSESSOR I; CARGO COMISSION.S/VINCULO;4229,77;;4229,77;602,94;3626,83;
SANDRA MAQUINE MACIEL;DEPTO.DE ADMINIS.E FINANCAS;AGENTE ADMINISTRATIVO 4A CLASSE;; ESTATUTARIO;4070,03;;4070,03;635,91;3434,12;
SELMA DEANE DE LIMA MELO;SEC.EXECUT.DA ASSIST.SOCIAL;SECRETARIO EXECUTIVO ADJUNTO;SECRETARIO EXECUTIVO; CARGO COMISSION.S/VINCULO;9000,00;;9000,00;2225,83;6774,17;
SEVERINA PERES DE AREVALO;DEPTO.DE ADMINIS.E FINANCAS;AUX.ADM-I;; ESTATUTARIO;3071,40;;3071,40;409,55;2661,85;
SIDNEY ROQUE CAVALCANTE;DEPTO.DE PROTECAO SOC.BASICA;A.TEC-I;; ESTATUTARIO;3897,48;;3897,48;678,02;3219,46;
SILVANA COMPTON BARROSO;SEC.EXECUT.DA ASSIST.SOCIAL;ASSESSOR II;ASSESSOR II; CARGO COMISSION.S/VINCULO;4209,79;;4209,79;597,14;3612,65;
SKATHI LIANE CRUZ DA SILVA;DEPTO.DE PROTECAO SOC.BASICA;A.TEC-I;; ESTATUTARIO;4463,07;;4463,07;777,24;3685,83;
SUANNY VALERIA TAVARES NOGUEIRA;GABINETE DO SECRETARIO;ASSESSOR II;NAO INFORMADO; CARGO COMISSION.S/VINCULO;4209,79;;4209,79;597,14;3612,65;
SUELY DA SILVA TEIXEIRA;DEPTO.DE ADMINIS.E FINANCAS;A.TEC-I;; ESTATUTARIO;4571,24;;4571,24;811,87;3759,37;
SUELY DE CASTRO NUNES;DEPTO.DE ADMINIS.E FINANCAS;ASSISTENTE TECNICO 1A CLASSE;; ESTATUTARIO;3714,21;;3714,21;599,23;3114,98;
SUZETE ARAUJO DE LIRA;SEC.EXECUT.DA ASSIST.SOCIAL;ASSESSOR III;ASSESSOR III; CARGO COMISSION.S/VINCULO;3191,80;;3191,80;327,46;2864,34;
TATIANA FRANCO DOS SANTOS;SEC.EXECUT.DA ASSIST.SOCIAL;ENFERMEIRO-ENF-P.S.N.S.-A;GERENTE; ESTATUTARIO;4000,00;;4000,00;248,27;3751,73;
TAYNA MOTA RODRIGUES;SEC.EXECUT.DA ASSIST.SOCIAL;ASSESSOR I;ASSESSOR I; CARGO COMISSION.S/VINCULO;5229,77;;5229,77;957,83;4271,94;
TEREZA CELESTE FREIRE DE M PANGAIO;DEPTO.DE ADMINIS.E FINANCAS;GERENTE;GERENTE; CARGO COMISSION.S/VINCULO;4209,79;;4209,79;597,14;3612,65;
VANESSA SODRE MORAIS;SEC.EXECUT.DA ASSIST.SOCIAL;ASSESSOR I;ASSESSOR I; CARGO COMISSION.S/VINCULO;4229,77;;4229,77;562,55;3667,22;
VANIA MARIA BESSA BARROS;DEPTO.DE PROTECAO SOC.BASICA;A.SOC-II;; ESTATUTARIO;5631,83;;5631,83;1235,43;4396,40;
VERA DA COSTA SERRAO;DEPTO.DE PROTECAO SOC.BASICA;ASSISTENTE TECNICO 3A CLASSE;; ESTATUTARIO;3980,05;;3980,05;636,19;3343,86;
VICENTE MAJELA PONTES RAPOSO;DEPTO.DE ADMINIS.E FINANCAS;AGENTE ADMINISTRATIVO 1A CLASSE;; ESTATUTARIO;4080,01;;4080,01;638,64;3441,37;
VICTOR HUGO PASCARELLI OLIVEIRA;ASSESSORIA DE PLANEJAMENTO;CHEFE DE DEPARTAMENTO;CHEFE DE DEPARTAMENT; CARGO COMISSION.S/VINCULO;5229,77;;5229,77;748,27;4481,50;
VICTORIA ADELE MORIZ SCHWAMBORN;SEC.EXECUT.DA ASSIST.SOCIAL;GERENTE;GERENTE; CARGO COMISSION.S/VINCULO;4209,79;;4209,79;597,14;3612,65;
VITORIA SOUTO FARIAS FERNANDES;SEC.EX.ADJ.POL.ASSIST.SOCIAL;ASSESSOR III;ASSESSOR III; CARGO COMISSION.S/VINCULO;3191,80;;3191,80;327,46;2864,34;
WENDEL DA SILVA SOARES;SEC.EXECUT.DA ASSIST.SOCIAL;ASSESSOR I;ASSESSOR I; CARGO COMISSION.S/VINCULO;5229,77;;5229,77;957,83;4271,94;
YANDERSON SOUZA MOTA;SEC.EXECUT.DA ASSIST.SOCIAL;GERENTE;GERENTE; CARGO COMISSION.S/VINCULO;4069,45;;4069,45;556,45;3513,00;
ZILMARA MARCELA DE SOUZA GUEDES;SEC.EXECUT.DA ASSIST.SOCIAL;ASSESSOR III;NAO INFORMADO; CARGO COMISSION.S/VINCULO;3191,80;;3191,80;327,46;2864,34;
ZORAIDE LOPES MARQUES;SEC.EXECUT.DA ASSIST.SOCIAL;ASSESSOR II;NAO INFORMADO; CARGO COMISSION.S/VINCULO;4209,79;;4209,79;597,14;3612,65;
