NOME;LOTACAO;CARGO;FUNCAO;VINCULO;REMUNERACAO LEGAL TOTAL(R$);DESC.TETO(R$); REMUNERACAO LEGAL DEVIDA(R$);DESCONTOS LEGAIS(R$);LIQUIDO DISPONIVEL(R$);
ADONAI FERREIRA MARINHO;DEPARTAMENTO DE ADM.E FINANCAS;AUXILIAR OPERACIONAL TEMPORARIO;; SERVICO TEMPORARIO;2366,09;;2366,09;178,37;2187,72;
ADRYEL CALDAS NEVES;DEPARTAMENTO DE ADM.E FINANCAS;AUXILIAR OPERACIONAL TEMPORARIO;; SERVICO TEMPORARIO;2366,09;;2366,09;178,37;2187,72;
ALCYLENE FERNANDES RODRIGUES;GERENCIA DE MATER.E PATRIMONIO;ASSISTENTE TECNICO TEMPORARIO;; SERVICO TEMPORARIO;3375,48;;3375,48;413,65;2961,83;
ALDENIR DA SILVA MACHADO;DEPTO.DE GESTAO TERRITORIAL;ASSESSOR II;NAO INFORMADO; CARGO COMISSION.S/VINCULO;4209,79;;4209,79;633,12;3576,67;
ALEX BARBOSA PEDROSA;DEPARTAMENTO DE POL.FUNDIARIA;AUXILIAR OPERACIONAL TEMPORARIO;; SERVICO TEMPORARIO;2366,09;;2366,09;178,37;2187,72;
ALEX SANDRO THOMPSON SIQUEIRA;DEPARTAMENTO DE ADM.E FINANCAS;ASSISTENTE TECNICO TEMPORARIO;; SERVICO TEMPORARIO;3375,48;;3375,48;385,21;2990,27;
ALEXANDRE DE ARAUJO RODRIGUES;DEPARTAMENTO DE ADM.E FINANCAS;ASSESSOR III;NAO INFORMADO; CARGO COMISSION.S/VINCULO;3191,80;;3191,80;347,23;2844,57;
ALEXSANDRO DE OLIVEIRA COSTA;GABINETE DO SECRETARIO;ASSESSOR IV;ASSESSOR IV; CARGO COMISSION.S/VINCULO;3175,61;;3175,61;284,39;2891,22;
ALICE DA SILVA NASCIMENTO;DEPARTAMENTO DE ADM.E FINANCAS;ASSISTENTE TECNICO TEMPORARIO;; SERVICO TEMPORARIO;3375,48;;3375,48;413,65;2961,83;
ALMIR DO NASCIMENTO LIMA;GERENCIA DE MATER.E PATRIMONIO;VIGIA;; ESTATUTARIO;2596,98;;2596,98;214,17;2382,81;
ALMIR GARCIA DE LIMA;GERENCIA DE MATER.E PATRIMONIO;ASSESSOR IV;ASSESSOR IV; CARGO COMISSION.S/VINCULO;3175,61;;3175,61;363,27;2812,34;
ANA CAROLINE OLIVEIRA DO NASCIMENTO;DEPARTAMENTO DE ADM.E FINANCAS;AUXILIAR OPERACIONAL TEMPORARIO;; SERVICO TEMPORARIO;2366,09;;2366,09;178,37;2187,72;
ANA GILCE SILVA DE ARAUJO;GABINETE DO SECRETARIO;ASSESSOR IV;ASSESSOR IV; CARGO COMISSION.S/VINCULO;3175,61;;3175,61;363,27;2812,34;
ANA JAQUELINE MARTINS DE OLIVEIRA;DEPARTAMENTO DE ADM.E FINANCAS;AUXILIAR OPERACIONAL TEMPORARIO;; SERVICO TEMPORARIO;2366,09;;2366,09;178,37;2187,72;
ANA MARIA GOMES BESSA;GABINETE DO SECRETARIO;CHEFE DE GABINETE;CHEFE DE GABINETE; CARGO COMISSION.S/VINCULO;5229,77;;5229,77;973,62;4256,15;
ANA MAURA MAGALHAES GENTIL;DEPARTAMENTO DE ADM.E FINANCAS;ENGENHEIRO AGRONOMO;; ESTATUTARIO;8955,28;;8955,28;2113,21;6842,07;
ANA PAULA SOARES DOS SANTOS;ASSESSORIA;ASSISTENTE TECNICO TEMPORARIO;; SERVICO TEMPORARIO;3375,48;;3375,48;413,65;2961,83;
ANA SIMONE DE OLIVEIRA MORAES;DEPARTAMENTO DE ADM.E FINANCAS;A.TEC-I;; ESTATUTARIO;4443,13;;4443,13;786,45;3656,68;
ANA VITORIA LIMA DA CUNHA;ASSESSORIA;AUXILIAR ADMINISTRATIVO TEMPORARIO;; SERVICO TEMPORARIO;2488,24;;2488,24;206,44;2281,80;
ANDERSON BATISTA DA SILVA;GERENCIA DE ORC.E FINANCAS;AUXILIAR ADMINISTRATIVO TEMPORARIO;; SERVICO TEMPORARIO;2488,24;;2488,24;206,44;2281,80;
ANDRE MESQUITA DE ALBUQUERQUE;DEPTO.DE GESTAO TERRITORIAL;AUXILIAR OPERACIONAL TEMPORARIO;; SERVICO TEMPORARIO;2366,09;;2366,09;178,37;2187,72;
ANDREZA MEDEIROS COLARES;DEPARTAMENTO DE ADM.E FINANCAS;AUXILIAR OPERACIONAL TEMPORARIO;; SERVICO TEMPORARIO;2366,09;;2366,09;178,37;2187,72;
ANITA LEOCADIA VASCONCELOS DE SOUZA;GERENCIA DE PROG.E PESQUISAS;TECNICO II;; ESTATUTARIO;7252,13;;7252,13;1709,04;5543,09;
ANNE CHRISTINA BRASIL BARBOSA;DEPARTAMENTO DE POL.FUNDIARIA;AUXILIAR ADMINISTRATIVO TEMPORARIO;; SERVICO TEMPORARIO;2488,24;;2488,24;206,44;2281,80;
ANTONIA MARIA COELHO VERAS;GABINETE DO SECRETARIO;ASSISTENTE TECNICO I;CHEFE DE DEPARTAMENT; ESTATUTARIO;6656,98;;6656,98;1309,93;5347,05;
ANTONIETA TORRES DE LIMA NETA;GABINETE DO SECRETARIO;ASSESSOR II;ASSESSOR II; CARGO COMISSION.S/VINCULO;4209,79;;4209,79;633,12;3576,67;
ANTONIO ALFREDO COSTA FILHO;GERENCIA DE MATER.E PATRIMONIO;A.OPE-I;; ESTATUTARIO;3914,97;;3914,97;698,33;3216,64;
ANTONIO ERITON DE MACEDO DA SILVA;DEPARTAMENTO DE ADM.E FINANCAS;ASSISTENTE TECNICO TEMPORARIO;; SERVICO TEMPORARIO;3375,48;;3375,48;413,65;2961,83;
ANTONIO RICARDO SILVA PEREIRA;DEPARTAMENTO DE ADM.E FINANCAS;ASSESSOR III;ASSESSOR III; CARGO COMISSION.S/VINCULO;3191,80;;3191,80;367,36;2824,44;
ARLENILZA VIEIRA DE SOUZA JAMEL;DEPARTAMENTO DE ADM.E FINANCAS;ASSESSOR IV;ASSESSOR IV; CARGO COMISSION.S/VINCULO;3175,61;;3175,61;363,27;2812,34;
AURELIO BRANDAO DA SILVA;GERENCIA DE MATER.E PATRIMONIO;AUX.S.G-III;AUX. SERV. GERAIS; ESTATUTARIO;3468,36;;3468,36;429,74;3038,62;
BRAYAN MAIA DOS SANTOS;ASSESSORIA;ASSISTENTE TECNICO TEMPORARIO;; SERVICO TEMPORARIO;3375,48;;3375,48;413,65;2961,83;
BRENNO D LUCAS BARBOSA DA SILVA;DEPARTAMENTO DE ADM.E FINANCAS;AUXILIAR ADMINISTRATIVO TEMPORARIO;; SERVICO TEMPORARIO;2488,24;;2488,24;189,36;2298,88;
BRENO ARAUJO MONTEIRO VERCOSA;DEPARTAMENTO DE POL.FUNDIARIA;AUXILIAR OPERACIONAL TEMPORARIO;; SERVICO TEMPORARIO;2366,09;;2366,09;178,37;2187,72;
BRUNA AROUCHA MARINHO;DEPARTAMENTO DE POL.FUNDIARIA;ASSISTENTE TECNICO TEMPORARIO;; SERVICO TEMPORARIO;3375,48;;3375,48;413,65;2961,83;
BRUNA BEZERRA DE MACEDO;DEPARTAMENTO DE ADM.E FINANCAS;ASSESSOR III;NAO INFORMADO; CARGO COMISSION.S/VINCULO;3191,80;;3191,80;367,36;2824,44;
BRUNA CAROLINE ARAUJO PAES;DEPARTAMENTO DE POL.HABITACION;ASSESSOR I;NAO INFORMADO; CARGO COMISSION.S/VINCULO;5229,77;;5229,77;973,62;4256,15;
BRUNNO MERCHAK TORRES;DEPARTAMENTO DE ADM.E FINANCAS;AUXILIAR OPERACIONAL TEMPORARIO;; SERVICO TEMPORARIO;2366,09;;2366,09;178,37;2187,72;
BRUNO ALENCAR DE V D SARAIVA;DEPARTAMENTO DE POL.FUNDIARIA;ASSESSOR II;NAO INFORMADO; CARGO COMISSION.S/VINCULO;4209,79;;4209,79;633,12;3576,67;
BRUNO MONTEIRO LOBATO;ASSESSORIA;ASSESSOR II;NAO INFORMADO; CARGO COMISSION.S/VINCULO;4209,79;;4209,79;633,12;3576,67;
BYANCA DE FATIMA MARTINS LOPES;DEPTO.DE GESTAO TERRITORIAL;ASSISTENTE TECNICO TEMPORARIO;; SERVICO TEMPORARIO;3375,48;;3375,48;413,65;2961,83;
CAMILA ARAGAO GOMES;DEPARTAMENTO DE ADM.E FINANCAS;ASSISTENTE TECNICO TEMPORARIO;; SERVICO TEMPORARIO;3375,48;;3375,48;385,21;2990,27;
CARLA LEMOS BINO;DEPARTAMENTO DE ADM.E FINANCAS;AUXILIAR ADMINISTRATIVO TEMPORARIO;; SERVICO TEMPORARIO;2488,24;;2488,24;189,36;2298,88;
CARLA ROBERTA BARRETO F BARBOSA;DEPARTAMENTO DE POL.HABITACION;GERENTE;NAO INFORMADO; CARGO COMISSION.S/VINCULO;4209,79;;4209,79;633,12;3576,67;
CARLA TAYNARA PANTOJA GOMES;DEPARTAMENTO DE ADM.E FINANCAS;ASSISTENTE TECNICO TEMPORARIO;; SERVICO TEMPORARIO;3375,48;;3375,48;413,65;2961,83;
CARLOS SILVESTRE SANTOS DA CUNHA;GERENCIA DE MATER.E PATRIMONIO;ASSESSOR II;NAO INFORMADO; CARGO COMISSION.S/VINCULO;4209,79;;4209,79;633,12;3576,67;
CAROLINA PAZ LORDEIRO LIMA;DEPARTAMENTO DE ADM.E FINANCAS;ASSESSOR II;ASSESSOR II; CARGO COMISSION.S/VINCULO;4209,79;;4209,79;633,12;3576,67;
CAROLINE VASCONCELOS DA CUNHA;ASSESSORIA;ASSESSOR II;; CARGO COMISSION.S/VINCULO;14508,98;;14508,98;94,71;14414,27;
CAROLINE VASCONCELOS DA CUNHA;ASSESSORIA;ASSESSOR I;ASSESSOR I; CARGO COMISSION.S/VINCULO;3660,81;;3660,81;485,55;3175,26;
CECILIA FERNANDES SILVA DE SOUSA;GABINETE DO SECRETARIO;ASSESSOR II;ASSESSOR II; CARGO COMISSION.S/VINCULO;4209,79;;4209,79;633,12;3576,67;
CINDY ALVES SABAT GAIA;DEPARTAMENTO DE ADM.E FINANCAS;ASSISTENTE TECNICO TEMPORARIO;; SERVICO TEMPORARIO;3375,48;;3375,48;385,21;2990,27;
CINTIA SORAIA ALMEIDA DE SOUZA;GABINETE DO SECRETARIO;ASSESSOR II;NAO INFORMADO; CARGO COMISSION.S/VINCULO;5613,05;;5613,05;1117,93;4495,12;
CLAUDENIZA OZORIO DE CARVALHO;GERENCIA DE ORC.E FINANCAS;A.TEC-I;; ESTATUTARIO;3933,05;;3933,05;703,19;3229,86;
CLAUDIA DA COSTA ALVES;GERENCIA DE RECURSOS HUMANOS;ASSISTENTE TECNICO TEMPORARIO;; SERVICO TEMPORARIO;3375,48;;3375,48;385,21;2990,27;
CLAUDIA REGINA MATOS S REZENDE;DEPARTAMENTO DE ADM.E FINANCAS;AUXILIAR OPERACIONAL TEMPORARIO;; SERVICO TEMPORARIO;2366,09;;2366,09;178,37;2187,72;
CLAUDIO MORIS DIAS;DEPARTAMENTO DE ADM.E FINANCAS;ASSISTENTE TECNICO TEMPORARIO;; SERVICO TEMPORARIO;3375,48;;3375,48;413,65;2961,83;
CLAUDIO SARAIVA DO NASCIMENTO;DEPARTAMENTO DE ADM.E FINANCAS;ASSESSOR III;NAO INFORMADO; CARGO COMISSION.S/VINCULO;3191,80;;3191,80;367,36;2824,44;
CLEIA COSTA DA SILVA;DEPARTAMENTO DE ADM.E FINANCAS;ASSISTENTE TECNICO TEMPORARIO;; SERVICO TEMPORARIO;3375,48;;3375,48;413,65;2961,83;
CLEICIMAR SILVA REBOUCAS;DEPARTAMENTO DE POL.FUNDIARIA;ASSESSOR IV;ASSESSOR IV; CARGO COMISSION.S/VINCULO;3175,61;;3175,61;344,21;2831,40;
CLEIDE BEZERRA BARROS;DEPARTAMENTO DE ADM.E FINANCAS;GERENTE;NAO INFORMADO; CARGO COMISSION.S/VINCULO;4209,79;;4209,79;601,44;3608,35;
CLEONICE LIMA DA CUNHA;DEPARTAMENTO DE ADM.E FINANCAS;AUXILIAR ADMINISTRATIVO TEMPORARIO;; SERVICO TEMPORARIO;2488,24;;2488,24;206,44;2281,80;
CLODUALDO LIMA DUARTE;DEPARTAMENTO DE ADM.E FINANCAS;ASSISTENTE TECNICO;; ESTATUTARIO;3603,77;;3603,77;590,57;3013,20;
CRISTHIAN FABRICIO DO R RIBEIRO;DEPARTAMENTO DE ADM.E FINANCAS;AUXILIAR ADMINISTRATIVO TEMPORARIO;; SERVICO TEMPORARIO;2488,24;;2488,24;206,44;2281,80;
CRISTIANE CHAVIER DE OLIVEIRA;ASSESSORIA;ASSISTENTE TECNICO TEMPORARIO;; SERVICO TEMPORARIO;3375,48;;3375,48;385,21;2990,27;
CRISTIANE PIRES DOS SANTOS;GERENCIA DE ORC.E FINANCAS;ASSISTENTE TECNICO TEMPORARIO;; SERVICO TEMPORARIO;3375,48;;3375,48;413,65;2961,83;
CRISTOVAM DA COSTA CORDEIRO;DEPARTAMENTO DE ADM.E FINANCAS;MOT-I;; ESTATUTARIO;3837,39;;3837,39;554,61;3282,78;
DAIANE MOREIRA CARDOZO;DEPTO.DE GESTAO TERRITORIAL;GERENTE;NAO INFORMADO; CARGO COMISSION.S/VINCULO;4209,79;;4209,79;633,12;3576,67;
DANIEL CARDOSO DE OLIVEIRA;ASSESSORIA;AUXILIAR ADMINISTRATIVO TEMPORARIO;; SERVICO TEMPORARIO;2488,24;;2488,24;206,44;2281,80;
DANIEL GOMES ASSANTE;DEPARTAMENTO DE POL.HABITACION;AUXILIAR OPERACIONAL TEMPORARIO;; SERVICO TEMPORARIO;2366,09;;2366,09;178,37;2187,72;
DANIEL PINTO DE BARROS;DEPARTAMENTO DE ADM.E FINANCAS;ASSESSOR III;NAO INFORMADO; CARGO COMISSION.S/VINCULO;3191,80;;3191,80;367,36;2824,44;
DANIEL ROCHA FILHO;SECRETARIA EXECUTIVA;SECRETARIO EXECUTIVO ADJUNTO;SECRETARIO EXECUTIVO; CARGO COMISSION.S/VINCULO;9000,00;;9000,00;2241,62;6758,38;
DARCLEY CASTRO DOS SANTOS;DEPARTAMENTO DE POL.HABITACION;AUXILIAR OPERACIONAL TEMPORARIO;; SERVICO TEMPORARIO;2366,09;;2366,09;178,37;2187,72;
DARFFYLEN PATRICIA COSTA AZEVEDO;DEPARTAMENTO DE ADM.E FINANCAS;ASSESSOR III;ASSESSOR III; CARGO COMISSION.S/VINCULO;4255,73;;4255,73;648,44;3607,29;
DAYANA MENEZES DE SOUZA;DEPARTAMENTO DE ADM.E FINANCAS;ASSESSOR III;; CARGO COMISSION.S/VINCULO;3191,80;;3191,80;367,36;2824,44;
DAYSE SILVA DE SOUZA;DEPARTAMENTO DE POL.FUNDIARIA;ASSISTENTE TECNICO TEMPORARIO;; SERVICO TEMPORARIO;3375,48;;3375,48;367,17;3008,31;
DEBHORA RODRIGUES GARCIA;ASSESSORIA;GERENTE;NAO INFORMADO; CARGO COMISSION.S/VINCULO;4209,79;;4209,79;633,12;3576,67;
DEBORA KALINE PEREIRA DE ARAUJO;DEPARTAMENTO DE ADM.E FINANCAS;AUXILIAR ADMINISTRATIVO TEMPORARIO;; SERVICO TEMPORARIO;2488,24;;2488,24;189,36;2298,88;
DEBORAH DE LIMA PAES;GERENCIA DE CARTOGRAFIA;ASSESSOR I;NAO INFORMADO; CARGO COMISSION.S/VINCULO;5229,77;;5229,77;973,62;4256,15;
DEUSDETE COSTA SENNA;GERENCIA DE MATER.E PATRIMONIO;MOTORISTA 3A CLASSE;; ESTATUTARIO;3689,20;;3689,20;487,31;3201,89;
DEYSEMARA FONSECA DE OLIVEIRA;ASSESSORIA;AUXILIAR ADMINISTRATIVO TEMPORARIO;; SERVICO TEMPORARIO;2488,24;;2488,24;206,44;2281,80;
DIEGO MOURA PAIVA;DEPARTAMENTO DE ADM.E FINANCAS;AUXILIAR ADMINISTRATIVO TEMPORARIO;; SERVICO TEMPORARIO;2488,24;;2488,24;206,44;2281,80;
EDER JOSE DA CUNHA TEIXEIRA;SECRETARIA EXECUTIVA;ASSISTENTE TECNICO;; ESTATUTARIO;3595,03;;3595,03;588,22;3006,81;
EDIVANIA DE SOUSA ALENCAR;ASSESSORIA;ASSISTENTE TECNICO TEMPORARIO;; SERVICO TEMPORARIO;3375,48;;3375,48;413,65;2961,83;
EDNEIA PEREIRA DOURADO;SECRETARIA EXECUTIVA;ASSISTENTE ADMINISTRATIVO I;; C.L.T.;3436,00;;3436,00;383,65;3052,35;
EDSON RIELLA DE OLIVEIRA JUNIOR;DEPARTAMENTO DE ADM.E FINANCAS;ASSESSOR IV;NAO INFORMADO; CARGO COMISSION.S/VINCULO;3175,61;;3175,61;363,27;2812,34;
EDSON SILVA ARAUJO;SECRETARIA EXECUTIVA;A.TEC-I;; ESTATUTARIO;3906,23;;3906,23;639,10;3267,13;
EDUARDO ENRIQUE A CARVALHO;DEPARTAMENTO DE POL.FUNDIARIA;AUXILIAR ADMINISTRATIVO TEMPORARIO;; SERVICO TEMPORARIO;2488,24;;2488,24;206,44;2281,80;
EDUARDO MENDONCA JUNIOR;GERENCIA DE ORC.E FINANCAS;A.TEC-II;; ESTATUTARIO;3655,15;;3655,15;562,02;3093,13;
ELEONORA FERREIRA DOS SANTOS;SECRETARIA EXECUTIVA;A.TEC-I;; ESTATUTARIO;3897,48;;3897,48;693,62;3203,86;
ELIANE DE NAZARE O NASCIMENTO;DEPARTAMENTO DE ADM.E FINANCAS;ASSESSOR IV;ASSESSOR IV; CARGO COMISSION.S/VINCULO;3175,61;;3175,61;363,27;2812,34;
ELIANE MARIA DE ARAUJO DUTRA;DEPARTAMENTO DE ADM.E FINANCAS;ASSISTENTE TECNICO TEMPORARIO;; SERVICO TEMPORARIO;4125,59;;4125,59;42,19;4083,40;
ELISVAN MEDEIROS BARBOSA;DEPARTAMENTO DE ADM.E FINANCAS;AUXILIAR OPERACIONAL TEMPORARIO;; SERVICO TEMPORARIO;2366,09;;2366,09;178,37;2187,72;
ELITA MAIARA CABRAL SANTOS;DEPARTAMENTO DE ADM.E FINANCAS;AUXILIAR ADMINISTRATIVO TEMPORARIO;; SERVICO TEMPORARIO;2488,24;;2488,24;206,44;2281,80;
ERNANDO DOS SANTOS DIAS;DEPARTAMENTO DE ADM.E FINANCAS;ASSISTENTE TECNICO;; ESTATUTARIO;3603,77;;3603,77;590,57;3013,20;
ETY DOS SANTOS;DEPARTAMENTO DE ADM.E FINANCAS;AUX.S.G-II;; ESTATUTARIO;5034,42;;5034,42;757,67;4276,75;
EYRE CRISTINA DA SILVA ALVARENGA;DEPARTAMENTO DE ADM.E FINANCAS;ASSISTENTE TECNICO TEMPORARIO;; SERVICO TEMPORARIO;3375,48;;3375,48;367,17;3008,31;
EZEGLAIR PEREIRA DE SOUZA;GERENCIA DE MATER.E PATRIMONIO;MOT-II;; ESTATUTARIO;3752,91;;3752,91;519,66;3233,25;
FABIANA CRUZ DE OLIVEIRA;GABINETE DO SECRETARIO;ASSESSOR I;NAO INFORMADO; CARGO COMISSION.S/VINCULO;5229,77;;5229,77;973,62;4256,15;
FABIANA SILVA DE ARAUJO;DEPTO.DE GESTAO TERRITORIAL;ASSISTENTE TECNICO TEMPORARIO;; SERVICO TEMPORARIO;3375,48;;3375,48;413,65;2961,83;
FABIANO THEMYSSON GUIMARAES DE LIMA;DEPARTAMENTO DE ADM.E FINANCAS;ASSISTENTE TECNICO TEMPORARIO;; SERVICO TEMPORARIO;3375,48;;3375,48;413,65;2961,83;
FELIPE DE MELO E SILVA;GERENCIA DE MATER.E PATRIMONIO;ASSESSOR II;NAO INFORMADO; CARGO COMISSION.S/VINCULO;4209,79;;4209,79;516,05;3693,74;
FERNANDA LUIZA RIBEIRO COUTINHO;DEPARTAMENTO DE ADM.E FINANCAS;ASSISTENTE TECNICO TEMPORARIO;; SERVICO TEMPORARIO;3375,48;;3375,48;413,65;2961,83;
FERNANDA NEVES SABUGOSA;DEPARTAMENTO DE ADM.E FINANCAS;ASSESSOR II;NAO INFORMADO; CARGO COMISSION.S/VINCULO;4209,79;;4209,79;633,12;3576,67;
FERNANDO JUNIOR SILVA ARAUJO;DEPARTAMENTO DE ADM.E FINANCAS;AUXILIAR OPERACIONAL TEMPORARIO;; SERVICO TEMPORARIO;2366,09;;2366,09;178,37;2187,72;
FRANCIOMAR BARBOSA;DEPARTAMENTO DE ADM.E FINANCAS;ASSISTENTE TECNICO TEMPORARIO;; SERVICO TEMPORARIO;3375,48;;3375,48;352,95;3022,53;
FRANCISCA DO NASCIMENTO ELIAS;DEPARTAMENTO DE ADM.E FINANCAS;A.TEC-I;; ESTATUTARIO;5755,18;;5755,18;1109,80;4645,38;
FRANCISCO DE ASSIS SOUTO;DEPARTAMENTO DE ADM.E FINANCAS;TNS-I;; ESTATUTARIO;6919,07;;6919,07;1643,70;5275,37;
GABRIEL DA SILVEIRA RAMOS FLORES;ASSESSORIA;AUXILIAR ADMINISTRATIVO TEMPORARIO;; SERVICO TEMPORARIO;2488,24;;2488,24;206,44;2281,80;
GABRIEL GAMA GOMES;DEPARTAMENTO DE ADM.E FINANCAS;AUXILIAR ADMINISTRATIVO TEMPORARIO;; SERVICO TEMPORARIO;2488,24;;2488,24;206,44;2281,80;
GABRIEL REBOUCAS ALVAREZ;DEPARTAMENTO DE ADM.E FINANCAS;AUXILIAR OPERACIONAL TEMPORARIO;; SERVICO TEMPORARIO;2366,09;;2366,09;178,37;2187,72;
GABRIEL SALES MEDEIROS;GERENCIA DE PROG.E PESQUISAS;GERENTE;NAO INFORMADO; CARGO COMISSION.S/VINCULO;4209,79;;4209,79;633,12;3576,67;
GABRIELA NAZARETH BAMPI;DEPARTAMENTO DE ADM.E FINANCAS;ASSESSOR III;ASSESSOR III; CARGO COMISSION.S/VINCULO;3191,80;;3191,80;367,36;2824,44;
GARDENIA LOUREIRO FREIRE SIQUEIRA;GABINETE DO SECRETARIO;CHEFE DE DEPARTAMENTO;CHEFE DE DEPARTAMENT; CARGO COMISSION.S/VINCULO;6973,03;;6973,03;1629,96;5343,07;
GERMAN CUSQUISIBAN ESCOBAL;DEPARTAMENTO DE ADM.E FINANCAS;A.TEC-I;; ESTATUTARIO;3880,00;;3880,00;688,92;3191,08;
GILCARA PACHECO BEZERRA;DEPARTAMENTO DE POL.HABITACION;AUXILIAR ADMINISTRATIVO TEMPORARIO;; SERVICO TEMPORARIO;2449,99;;2449,99;309,47;2140,52;
GILSON AGUIAR DA SILVA;GERENCIA DE PROG.E PESQUISAS;ASSESSOR I;NAO INFORMADO; CARGO COMISSION.S/VINCULO;5229,77;;5229,77;973,62;4256,15;
GIMES GAMA DA SILVA;DEPARTAMENTO DE ADM.E FINANCAS;AUXILIAR ADMINISTRATIVO TEMPORARIO;; SERVICO TEMPORARIO;2488,24;;2488,24;206,44;2281,80;
GIOVANNA DE OLIVEIRA ARANHA;DEPARTAMENTO DE POL.FUNDIARIA;AUXILIAR OPERACIONAL TEMPORARIO;; SERVICO TEMPORARIO;2366,09;;2366,09;178,37;2187,72;
GLAYSON LUIZ OLIVEIRA PEIXOTO;DEPARTAMENTO DE ADM.E FINANCAS;ASSESSOR II;NAO INFORMADO; CARGO COMISSION.S/VINCULO;4209,79;;4209,79;601,44;3608,35;
HANNA BEATRICE MACHADO LIMA;ASSESSORIA;ASSESSOR I;NAO INFORMADO; CARGO COMISSION.S/VINCULO;5229,77;;5229,77;973,62;4256,15;
HELEN CRISTINA DA SILVA ROCHA;DEPARTAMENTO DE ADM.E FINANCAS;ASSISTENTE TECNICO TEMPORARIO;; SERVICO TEMPORARIO;3375,48;;3375,48;413,65;2961,83;
HELLEN REGINA PINHEIRO JORDAO;ASSESSORIA;ASSESSOR IV;ASSESSOR IV AD-4; CARGO COMISSION.S/VINCULO;3175,61;;3175,61;363,27;2812,34;
HEROS LOPES RODRIGUES;ASSESSORIA;CHEFE DE DEPARTAMENTO;NAO INFORMADO; CARGO COMISSION.S/VINCULO;5229,77;;5229,77;973,62;4256,15;
IDEANY MELO DE PAIVA;DEPARTAMENTO DE ADM.E FINANCAS;AUXILIAR ADMINISTRATIVO TEMPORARIO;; SERVICO TEMPORARIO;2488,24;;2488,24;206,44;2281,80;
IGOR NONATO ALMEIDA PEREIRA;DEPARTAMENTO DE POL.FUNDIARIA;ASSESSOR I;ASSESSOR I; CARGO COMISSION.S/VINCULO;5229,77;;5229,77;973,62;4256,15;
INGRID CRISTINY GONCALVES PEDROSA;DEPARTAMENTO DE ADM.E FINANCAS;AUXILIAR OPERACIONAL TEMPORARIO;; SERVICO TEMPORARIO;2198,89;;2198,89;0,10;2198,79;
ISAIAS SOARES DOS SANTOS;DEPARTAMENTO DE ADM.E FINANCAS;AUXILIAR OPERACIONAL TEMPORARIO;; SERVICO TEMPORARIO;2366,09;;2366,09;178,37;2187,72;
ISLA DE CASTRO GUIMARAES;DEPARTAMENTO DE ADM.E FINANCAS;AUXILIAR ADMINISTRATIVO TEMPORARIO;; SERVICO TEMPORARIO;2488,24;;2488,24;206,44;2281,80;
IVANEIDE DE CARVALHO ANAQUIRI;DEPARTAMENTO DE POL.HABITACION;ASSESSOR IV;NAO INFORMADO; CARGO COMISSION.S/VINCULO;3175,61;;3175,61;363,27;2812,34;
IVONE DA SILVA FREIRE;DEPARTAMENTO DE ADM.E FINANCAS;A.TEC-I;; ESTATUTARIO;4494,32;;4494,32;802,84;3691,48;
IZABEL CRISTINA DA SILVA FREIRE;ASSESSORIA;AUXILIAR OPERACIONAL TEMPORARIO;; SERVICO TEMPORARIO;2366,09;;2366,09;178,37;2187,72;
JANDERLE COSTA DA SILVA;GABINETE DO SECRETARIO;ASSESSOR III;NAO INFORMADO; CARGO COMISSION.S/VINCULO;3191,80;;3191,80;367,36;2824,44;
JEANNELLY PEREIRA;DEPTO.DE GESTAO TERRITORIAL;ASSISTENTE TECNICO TEMPORARIO;; SERVICO TEMPORARIO;3375,48;;3375,48;385,21;2990,27;
JERRY LUCIO DIAS DA SILVA;GABINETE DO SECRETARIO;ASSESSOR I;ASSESSOR I; CARGO COMISSION.S/VINCULO;5229,77;;5229,77;973,62;4256,15;
JEZREEL DA SILVA PATROCINIO;DEPARTAMENTO DE ADM.E FINANCAS;ASSISTENTE TECNICO TEMPORARIO;; SERVICO TEMPORARIO;3375,48;;3375,48;413,65;2961,83;
JOAO CHAGAS JUNIOR;DEPARTAMENTO DE POL.FUNDIARIA;ASSESSOR II;ASSESSOR II; CARGO COMISSION.S/VINCULO;4209,79;;4209,79;633,12;3576,67;
JOAO COELHO BRAGA;SECRETARIA EXECUTIVA;SECRETARIO DE ESTADO;SECRETARIO DE ESTADO; CARGO COMISSION.S/VINCULO;28060,00;;28060,00;7378,85;20681,15;
JOAQUIM MARQUES DOS SANTOS JUNIOR;GERENCIA DE PROG.E PESQUISAS;TECNICO III;; ESTATUTARIO;7186,50;;7186,50;1719,64;5466,86;
JONAHTA ISMAEL MELO;GABINETE DO SECRETARIO;GERENTE;GERENTE; CARGO COMISSION.S/VINCULO;5613,05;;5613,05;1117,93;4495,12;
JORGE ALMEIDA DA SILVA;DEPARTAMENTO DE POL.FUNDIARIA;AUXILIAR OPERACIONAL TEMPORARIO;; SERVICO TEMPORARIO;2366,09;;2366,09;178,37;2187,72;
JORGE HENRIQUE MARTINIANO;DEPARTAMENTO DE ADM.E FINANCAS;AUXILIAR OPERACIONAL TEMPORARIO;; SERVICO TEMPORARIO;2366,09;;2366,09;178,37;2187,72;
JOSE ALBERTO CARIOCA CRUZ;DEPARTAMENTO DE ADM.E FINANCAS;ASSISTENTE TECNICO TEMPORARIO;; SERVICO TEMPORARIO;3375,48;;3375,48;413,65;2961,83;
JOSE ONESIMO GOMES JUNIOR;DEPARTAMENTO DE ADM.E FINANCAS;ASSISTENTE TECNICO TEMPORARIO;; SERVICO TEMPORARIO;3375,48;;3375,48;413,65;2961,83;
JOSE ROBSON DA SILVA MIRANDA;GERENCIA DE MATER.E PATRIMONIO;AUXILIAR OPERACIONAL TEMPORARIO;; SERVICO TEMPORARIO;2366,09;;2366,09;178,37;2187,72;
JOSEANE DA SILVA DO NASCIMENTO;DEPARTAMENTO DE POL.HABITACION;AUXILIAR ADMINISTRATIVO TEMPORARIO;; SERVICO TEMPORARIO;2488,24;;2488,24;206,44;2281,80;
JOSEVAN LOPES DA SILVA;DEPARTAMENTO DE ADM.E FINANCAS;ASSISTENTE TECNICO TEMPORARIO;; SERVICO TEMPORARIO;3375,48;;3375,48;413,65;2961,83;
JULIA DA SILVA BRAZ;DEPARTAMENTO DE POL.HABITACION;AUXILIAR ADMINISTRATIVO TEMPORARIO;; SERVICO TEMPORARIO;2488,24;;2488,24;189,36;2298,88;
JULIO CESAR PEDROSO DO AMARAL;DEPARTAMENTO DE ADM.E FINANCAS;ASSESSOR IV;NAO INFORMADO; CARGO COMISSION.S/VINCULO;3175,61;;3175,61;363,27;2812,34;
JUSSARA DA SILVA PANTOJA;DEPARTAMENTO DE ADM.E FINANCAS;AUXILIAR ADMINISTRATIVO TEMPORARIO;; SERVICO TEMPORARIO;2488,24;;2488,24;206,44;2281,80;
KARLA MICCELLA SANTOS B OLIVEIRA;DEPARTAMENTO DE ADM.E FINANCAS;ASSISTENTE TECNICO TEMPORARIO;; SERVICO TEMPORARIO;3375,48;;3375,48;385,21;2990,27;
KELLVIS BRASIL CASTRO;DEPARTAMENTO DE POL.FUNDIARIA;AUXILIAR OPERACIONAL TEMPORARIO;; SERVICO TEMPORARIO;2366,09;;2366,09;178,37;2187,72;
KEMILLY MILENA DO CARMO LIMA;DEPARTAMENTO DE ADM.E FINANCAS;AUXILIAR ADMINISTRATIVO TEMPORARIO;; SERVICO TEMPORARIO;2488,24;;2488,24;206,44;2281,80;
KEROLENY CONCEICAO DE A RODRIGUES;GERENCIA DE RECURSOS HUMANOS;ASSISTENTE TECNICO TEMPORARIO;; SERVICO TEMPORARIO;3375,48;;3375,48;385,21;2990,27;
KLEVERTON JOSE ALMEIDA DE ANDRADE;GERENCIA DE MATER.E PATRIMONIO;AUXILIAR OPERACIONAL TEMPORARIO;; SERVICO TEMPORARIO;2366,09;;2366,09;178,37;2187,72;
LARISSA CORREA DA SILVEIRA;DEPARTAMENTO DE ADM.E FINANCAS;ASSISTENTE TECNICO TEMPORARIO;; SERVICO TEMPORARIO;3375,48;;3375,48;367,17;3008,31;
LARISSA RADIJA NASCIMENTO MENEZES;GABINETE DO SECRETARIO;CHEFE DE DEPARTAMENTO;CHEFE DE DEPARTAMENT; CARGO COMISSION.S/VINCULO;5229,77;;5229,77;973,62;4256,15;
LEANDRO RIBEIRO PAIXAO;ASSESSORIA;ASSESSOR I;NAO INFORMADO; CARGO COMISSION.S/VINCULO;5229,77;;5229,77;973,62;4256,15;
LENILSON BARBOSA ARAUJO SOUZA;DEPARTAMENTO DE ADM.E FINANCAS;ASSISTENTE TECNICO TEMPORARIO;; SERVICO TEMPORARIO;3375,48;;3375,48;413,65;2961,83;
LEONARDO CESAR RABELLO ITUASSU;ASSESSORIA;ASSESSOR I;; CARGO COMISSION.S/VINCULO;5229,77;;5229,77;973,62;4256,15;
LEYDIANE GUIMARAES DA COSTA;DEPARTAMENTO DE ADM.E FINANCAS;ASSESSOR III;ASSESSOR III; CARGO COMISSION.S/VINCULO;3191,80;;3191,80;367,36;2824,44;
LILIA MARIA DA MOTA SILVA;DEPARTAMENTO DE ADM.E FINANCAS;ASSISTENTE TECNICO;; ESTATUTARIO;3595,02;;3595,02;588,21;3006,81;
LILIANE GALVAO LIMA;DEPARTAMENTO DE POL.HABITACION;ASSESSOR IV;; CARGO COMISSION.S/VINCULO;4234,15;;4234,15;641,24;3592,91;
LUANA PATRICIA DIAS RODRIGUES;DEPARTAMENTO DE POL.FUNDIARIA;ASSESSOR III;NAO INFORMADO; CARGO COMISSION.S/VINCULO;3191,80;;3191,80;367,36;2824,44;
LUCAS DE OLIVEIRA BRILHANTE;SECRETARIA EXECUTIVA;AGENTE ADM.-AGA-T.S.N.A.-E;GERENTE; ESTATUTARIO;4926,79;;4926,79;691,70;4235,09;
LUCIA REGINE SANTOS DA SILVA;GERENCIA DE MATER.E PATRIMONIO;AUXILIAR DE SERV GERAIS 2A CLASSE;; ESTATUTARIO;3470,55;;3470,55;428,49;3042,06;
LUCIANA SOBREIRA LUCIO;SECRETARIA EXECUTIVA;SECRETARIO EXECUTIVO ADJUNTO;SECRETARIO EXECUTIVO; CARGO COMISSION.S/VINCULO;9000,00;;9000,00;2241,62;6758,38;
LUCIANO RICHARD NOBRE MENDES;DEPARTAMENTO DE POL.HABITACION;AUXILIAR ADMINISTRATIVO TEMPORARIO;; SERVICO TEMPORARIO;2488,24;;2488,24;206,44;2281,80;
LUCINDA AURORA OLIVEIRA LIMA;DEPARTAMENTO DE ADM.E FINANCAS;A.TEC-I;; ESTATUTARIO;5698,65;;5698,65;1038,22;4660,43;
LUCIO MEIRELLES DA SILVA B MENEZES;SECRETARIA EXECUTIVA;SECRETARIO EXECUTIVO;SECRETARIO EXECUTIVO; CARGO COMISSION.S/VINCULO;11700,00;;11700,00;2984,12;8715,88;
LUDMILLA CLEMENTINO ARAUJO FREIRE;DEPARTAMENTO DE ADM.E FINANCAS;ASSISTENTE TECNICO TEMPORARIO;; SERVICO TEMPORARIO;3375,48;;3375,48;413,65;2961,83;
LUIMAR SUANO ALVAREZ;DEPARTAMENTO DE ADM.E FINANCAS;ASSESSOR I;ASSESSOR I; CARGO COMISSION.S/VINCULO;5229,77;;5229,77;973,62;4256,15;
LUIS FERNANDO BARBOSA BARROS;DEPARTAMENTO DE ADM.E FINANCAS;AUXILIAR OPERACIONAL TEMPORARIO;; SERVICO TEMPORARIO;2366,09;;2366,09;178,37;2187,72;
LUIZ CARLOS PERASA RIBEIRO;GABINETE DO SECRETARIO;AUXILIAR OPERACIONAL TEMPORARIO;; SERVICO TEMPORARIO;2366,09;;2366,09;178,37;2187,72;
LUIZ JAILTON LOPES CORDEIRO;GABINETE DO SECRETARIO;ASSESSOR II;NAO INFORMADO; CARGO COMISSION.S/VINCULO;4209,79;;4209,79;633,12;3576,67;
MAGDA BATISTA DA SILVA;DEPARTAMENTO DE ADM.E FINANCAS;AUXILIAR ADMINISTRATIVO TEMPORARIO;; SERVICO TEMPORARIO;2488,24;;2488,24;206,44;2281,80;
MAISE SALDANHA GARCIA;GERENCIA DE RECURSOS HUMANOS;ASSESSOR I;NAO INFORMADO; CARGO COMISSION.S/VINCULO;5229,77;;5229,77;930,62;4299,15;
MAIZA LEITE ANDRADE;DEPARTAMENTO DE ADM.E FINANCAS;AUX.ADM-III;; ESTATUTARIO;2338,52;;2338,52;327,39;2011,13;
MAKSSUELLE CAROLINE S NASCIMENTO;DEPARTAMENTO DE POL.FUNDIARIA;ASSESSOR III;NAO INFORMADO; CARGO COMISSION.S/VINCULO;4255,73;;4255,73;648,44;3607,29;
MANOEL RAIMUNDO DA ROCHA;GERENCIA DE CARTOGRAFIA;A.TEC-II;; ESTATUTARIO;3642,48;;3642,48;620,05;3022,43;
MARCELL DE LIMA ALMEIDA;DEPARTAMENTO DE POL.FUNDIARIA;ASSESSOR III;NAO INFORMADO; CARGO COMISSION.S/VINCULO;3191,80;;3191,80;367,36;2824,44;
MARCELO DA SILVA DOS SANTOS;DEPARTAMENTO DE ADM.E FINANCAS;ASSISTENTE TECNICO TEMPORARIO;; SERVICO TEMPORARIO;3375,48;;3375,48;413,65;2961,83;
MARCELO DE ALMEIDA CONCEICAO;GERENCIA DE CARTOGRAFIA;ASSESSOR I;; CARGO COMISSION.S/VINCULO;16822,42;;16822,42;121,67;16700,75;
MARCELO DE ALMEIDA CONCEICAO;DEPARTAMENTO DE POL.FUNDIARIA;ASSESSOR II;ASSESSOR II; CARGO COMISSION.S/VINCULO;2946,83;;2946,83;315,88;2630,95;
MARCELO SIMAO DOS REIS;DEPARTAMENTO DE POL.FUNDIARIA;AUXILIAR ADMINISTRATIVO TEMPORARIO;; SERVICO TEMPORARIO;2488,24;;2488,24;206,44;2281,80;
MARCIA NUNES DA SILVA;DEPARTAMENTO DE ADM.E FINANCAS;AUXILIAR ADMINISTRATIVO TEMPORARIO;; SERVICO TEMPORARIO;2488,24;;2488,24;189,36;2298,88;
MARCO SIMON DA SILVA BENEDITO;DEPARTAMENTO DE POL.FUNDIARIA;ASSESSOR II;NAO INFORMADO; CARGO COMISSION.S/VINCULO;4209,79;;4209,79;633,12;3576,67;
MARCOS AURELIO BASTOS NUNES;GERENCIA DE ESTUDOS E PROJETOS;ASSESSOR III;NAO INFORMADO; CARGO COMISSION.S/VINCULO;3191,80;;3191,80;367,36;2824,44;
MARIA AMALIA DIAS DA SILVA;DEPARTAMENTO DE ADM.E FINANCAS;ASSISTENTE TECNICO TEMPORARIO;; SERVICO TEMPORARIO;3375,48;;3375,48;413,65;2961,83;
MARIA APARECIDA MACEDO GUIMARAES;DEPARTAMENTO DE ADM.E FINANCAS;A.TEC-I;; ESTATUTARIO;4453,10;;4453,10;789,64;3663,46;
MARIA BEATRIZ CORDEIRO CALDAS;SECRETARIA EXECUTIVA;A.TEC-I;; ESTATUTARIO;3897,48;;3897,48;636,75;3260,73;
MARIA DO SOCORRO BENAYON A HERBERT;DEPARTAMENTO DE ADM.E FINANCAS;ASSISTENTE TECNICO TEMPORARIO;; SERVICO TEMPORARIO;3375,48;;3375,48;413,65;2961,83;
MARIA DO SOCORRO GOMES DIAS;SECRETARIA EXECUTIVA;ASSISTENTE TECNICO;ASSESSOR II; ESTATUTARIO;7727,10;;7727,10;1790,60;5936,50;
MARIA DOROTEA FROTA REBOUCAS;DEPARTAMENTO DE ADM.E FINANCAS;ASSESSOR II;ASSESSOR II; CARGO COMISSION.S/VINCULO;4209,79;;4209,79;633,12;3576,67;
MARIA EDUARDA PEREIRA DOS SANTOS;GERENCIA DE VISTORIA;ASSISTENTE ADMINISTRATIVO III;; ESTATUTARIO;4070,13;;4070,13;687,51;3382,62;
MARIA ELENA ARAUJO MENDES;SECRETARIA EXECUTIVA;TECNICO II;; ESTATUTARIO;7666,09;;7666,09;1833,30;5832,79;
MARIA EUNICE PINHEIRO DE CARVALHO;SECRETARIA EXECUTIVA;A.TEC-I;; ESTATUTARIO;5146,27;;5146,27;1011,58;4134,69;
MARIA JOSE BARBOSA VIANA;DEPARTAMENTO DE POL.FUNDIARIA;ASSISTENTE TECNICO TEMPORARIO;; SERVICO TEMPORARIO;3375,48;;3375,48;413,65;2961,83;
MARIA ONEIDE DA COSTA;GERENCIA DE MATER.E PATRIMONIO;AUX.S.G-II;; ESTATUTARIO;3849,50;;3849,50;505,97;3343,53;
MARIA SANDRA DA SILVA MIRANDA;ASSESSORIA;ASSESSOR IV;ASSESSOR IV AD-4; CARGO COMISSION.S/VINCULO;3175,61;;3175,61;363,27;2812,34;
MARIA SONIA FERNANDES DA SILVA SANT;DEPARTAMENTO DE ADM.E FINANCAS;A.TEC-I;; ESTATUTARIO;4443,13;;4443,13;786,45;3656,68;
MARIANE ARAUJO VIANA;DEPARTAMENTO DE ADM.E FINANCAS;ASSISTENTE TECNICO TEMPORARIO;; SERVICO TEMPORARIO;3375,48;;3375,48;413,65;2961,83;
MARILDA EDITH FIGUEIREDO A TORRES;SECRETARIA EXECUTIVA;ASSESSOR I;ASSESSOR I; CARGO COMISSION.S/VINCULO;5229,77;;5229,77;973,62;4256,15;
MARILZETE CASTIDIO DA SILVA;DEPARTAMENTO DE ADM.E FINANCAS;AUXILIAR ADMINISTRATIVO TEMPORARIO;; SERVICO TEMPORARIO;2488,24;;2488,24;206,44;2281,80;
MARISOL DE OLIVEIRA GONZALEZ;DEPARTAMENTO DE ADM.E FINANCAS;AUXILIAR ADMINISTRATIVO TEMPORARIO;; SERVICO TEMPORARIO;2488,24;;2488,24;206,44;2281,80;
MARLETE MACHADO CAVALCANTI;DEPARTAMENTO DE POL.FUNDIARIA;ASSISTENTE TECNICO TEMPORARIO;; SERVICO TEMPORARIO;3375,48;;3375,48;385,21;2990,27;
MAURO RIBEIRO DA SILVA;DEPARTAMENTO DE POL.FUNDIARIA;AUXILIAR OPERACIONAL TEMPORARIO;; SERVICO TEMPORARIO;2366,09;;2366,09;178,37;2187,72;
MONIKE DE OLIVEIRA MOURA;DEPARTAMENTO DE ADM.E FINANCAS;GERENTE;NAO INFORMADO; CARGO COMISSION.S/VINCULO;4209,79;;4209,79;633,12;3576,67;
MURILO CORREA SIQUEIRA;DEPARTAMENTO DE POL.FUNDIARIA;ASSISTENTE TECNICO TEMPORARIO;; SERVICO TEMPORARIO;3375,48;;3375,48;413,65;2961,83;
NAIRA MARIA CAMPOS WANDERLEY;DEPARTAMENTO DE POL.FUNDIARIA;ASSISTENTE TECNICO TEMPORARIO;; SERVICO TEMPORARIO;3375,48;;3375,48;413,65;2961,83;
NANCY MEIRELES MONTEIRO;GABINETE DO SECRETARIO;SECRETARIO EXECUTIVO ADJUNTO;SECRETARIO EXECUTIVO; CARGO COMISSION.S/VINCULO;12000,00;;12000,00;3066,62;8933,38;
NATALINA DA SILVA PINHEIRO;GABINETE DO SECRETARIO;ASSESSOR II;ASSESSOR II; CARGO COMISSION.S/VINCULO;5613,05;;5613,05;1117,93;4495,12;
NAYANNE STEFANY VASCONCELOS VIEIRA;GERENCIA DE RECURSOS HUMANOS;AUXILIAR OPERACIONAL TEMPORARIO;; SERVICO TEMPORARIO;2366,09;;2366,09;178,37;2187,72;
NAYME DE SOUZA OLIVEIRA;ASSESSORIA;ASSESSOR III;ASSESSOR III; CARGO COMISSION.S/VINCULO;2401,45;;2401,45;192,70;2208,75;
NILCE MARIA GOMES DA SILVA VASCONCE;GERENCIA DE PROG.E PESQUISAS;AUX.ADM-III;; ESTATUTARIO;3461,81;;3461,81;440,68;3021,13;
NILTON FERNANDES DA SILVA;GERENCIA DE MATER.E PATRIMONIO;AUX.O-I;; ESTATUTARIO;3963,53;;3963,53;545,71;3417,82;
NILZIENE FERREIRA DA SILVEIRA;ASSESSORIA;ASSISTENTE TECNICO TEMPORARIO;; SERVICO TEMPORARIO;3375,48;;3375,48;385,21;2990,27;
NIVEA MARIA SANTOS TORNO;DEPARTAMENTO DE ADM.E FINANCAS;AUXILIAR ADMINISTRATIVO TEMPORARIO;; SERVICO TEMPORARIO;2488,24;;2488,24;206,44;2281,80;
OSCAR CORDEIRO DE SOUZA;GERENCIA DE MATER.E PATRIMONIO;A.TEC-I;; ESTATUTARIO;3902,40;;3902,40;694,95;3207,45;
PABLO RONEY LOPES RODRIGUES;DEPARTAMENTO DE ADM.E FINANCAS;MERENDEIRO PNF.MNF-III;ASSESSOR I; ESTATUTARIO;6259,89;;6259,89;1029,13;5230,76;
PAMELA DE SOUZA ARAUJO;DEPARTAMENTO DE ADM.E FINANCAS;AUXILIAR OPERACIONAL TEMPORARIO;; SERVICO TEMPORARIO;2366,09;;2366,09;178,37;2187,72;
PAULO CEZAR LEVY DE CARVALHO;DEPARTAMENTO DE ADM.E FINANCAS;A.TEC-I;; ESTATUTARIO;5208,31;;5208,31;863,97;4344,34;
PAULO HENRIQUE GUIMARAES;DEPARTAMENTO DE ADM.E FINANCAS;AUXILIAR OPERACIONAL TEMPORARIO;; SERVICO TEMPORARIO;2366,09;;2366,09;178,37;2187,72;
PEDRO ENRIQUE DE SOUSA ALENCAR;DEPARTAMENTO DE POL.HABITACION;AUXILIAR ADMINISTRATIVO TEMPORARIO;; SERVICO TEMPORARIO;2488,24;;2488,24;189,36;2298,88;
PEDRO MOURA DOS SANTOS;DEPARTAMENTO DE ADM.E FINANCAS;ASSISTENTE TECNICO;; ESTATUTARIO;3577,54;;3577,54;583,52;2994,02;
QUEZIA FERREIRA DE LIRA;GERENCIA DE ORC.E FINANCAS;GERENTE;GERENTE; CARGO COMISSION.S/VINCULO;4209,79;;4209,79;633,12;3576,67;
RAFAEL PEREIRA DOS SANTOS;GERENCIA DE ORC.E FINANCAS;ASSESSOR III;NAO INFORMADO; CARGO COMISSION.S/VINCULO;3191,80;;3191,80;367,36;2824,44;
RAFAELA DE MOURA COELHO;DEPARTAMENTO DE POL.HABITACION;AUXILIAR OPERACIONAL TEMPORARIO;; SERVICO TEMPORARIO;2366,09;;2366,09;178,37;2187,72;
RAIMUNDA SOUZA DA SILVA;DEPARTAMENTO DE ADM.E FINANCAS;TECNICO I;; ESTATUTARIO;7968,88;;7968,88;1873,36;6095,52;
RAIMUNDO JOSUE MOREIRA PESSOA;DEPARTAMENTO DE ADM.E FINANCAS;TNS-I;; ESTATUTARIO;6995,75;;6995,75;1677,34;5318,41;
RAPHAEL SIQUEIRA MONTEIRO;DEPARTAMENTO DE POL.FUNDIARIA;ASSESSOR III;ASSESSOR III; CARGO COMISSION.S/VINCULO;3191,80;;3191,80;367,36;2824,44;
RAQUEL FERREIRA DA SILVA;DEPARTAMENTO DE ADM.E FINANCAS;ASSISTENTE ADMINISTRATIVO II;; ESTATUTARIO;3899,15;;3899,15;624,04;3275,11;
REGINA NASCIMENTO DE MOURA;SECRETARIA EXECUTIVA;ASSESSOR II;NAO INFORMADO; CARGO COMISSION.S/VINCULO;4209,79;;4209,79;633,12;3576,67;
RICARDO RAMOS DE SOUZA;DEPARTAMENTO DE ADM.E FINANCAS;TECNICO EM AGROPECUARIA;; ESTATUTARIO;4157,75;;4157,75;760,12;3397,63;
RICARDO TAVARES DE ALBUQUERQUE;ASSESSORIA;PROF.MESTRE ASSIST.D 40HS-PM.111.20;; ESTATUTARIO;2150,00;;2150,00;;2150,00;
RICARDO TAVARES DE ALBUQUERQUE;ASSESSORIA;PROF.MESTRE ASSIST.D 40HS-PM.111.20;GERENTE; ESTATUTARIO;2133,33;;2133,33;;2133,33;
RISMARA PINHEIRO DE ANDRADE;DEPARTAMENTO DE POL.FUNDIARIA;AUXILIAR OPERACIONAL TEMPORARIO;; SERVICO TEMPORARIO;2366,09;;2366,09;178,37;2187,72;
ROBERTO CARLOS NASCIMENTO DE LIMA;DEPARTAMENTO DE ADM.E FINANCAS;ASSESSOR III;NAO INFORMADO; CARGO COMISSION.S/VINCULO;3191,80;;3191,80;367,36;2824,44;
RODRIGO MOURA DA SILVA;DEPARTAMENTO DE ADM.E FINANCAS;ASSESSOR I;ASSESSOR I; CARGO COMISSION.S/VINCULO;5229,77;;5229,77;973,62;4256,15;
ROMULO DE SOUZA FREITAS;DEPARTAMENTO DE ADM.E FINANCAS;AUXILIAR ADMINISTRATIVO TEMPORARIO;; SERVICO TEMPORARIO;2488,24;;2488,24;189,36;2298,88;
ROSALVO DOS SANTOS MIRANDA FILHO;GERENCIA DE MATER.E PATRIMONIO;MOT-I;; ESTATUTARIO;3828,64;;3828,64;552,26;3276,38;
ROSANGELA MACEDO REGO;DEPARTAMENTO DE ADM.E FINANCAS;ASSESSOR II;NAO INFORMADO; CARGO COMISSION.S/VINCULO;4209,79;;4209,79;633,12;3576,67;
ROSEMAYRE CAMILO INACIO DA SILVA;DEPARTAMENTO DE POL.HABITACION;ASSESSOR I;NAO INFORMADO; CARGO COMISSION.S/VINCULO;5229,77;;5229,77;973,62;4256,15;
ROSIANNE NOGUEIRA DA SILVA;DEPARTAMENTO DE ADM.E FINANCAS;AUXILIAR ADMINISTRATIVO TEMPORARIO;; SERVICO TEMPORARIO;2488,24;;2488,24;206,44;2281,80;
SABRINA DA SILVA SANTANA;DEPARTAMENTO DE ADM.E FINANCAS;ASSISTENTE TECNICO TEMPORARIO;; SERVICO TEMPORARIO;3375,48;;3375,48;413,65;2961,83;
SAMUEL DE ASSUNCAO BRUNO;DEPARTAMENTO DE ADM.E FINANCAS;AUXILIAR OPERACIONAL TEMPORARIO;; SERVICO TEMPORARIO;2366,09;;2366,09;178,37;2187,72;
SAMUEL DOS SANTOS SOARES;DEPARTAMENTO DE ADM.E FINANCAS;AUXILIAR ADMINISTRATIVO TEMPORARIO;; SERVICO TEMPORARIO;2488,24;;2488,24;206,44;2281,80;
SHEILA MEIRA TORRES LEVY;DEPARTAMENTO DE ADM.E FINANCAS;ASSISTENTE TECNICO;; ESTATUTARIO;3392,96;;3392,96;557,90;2835,06;
SHIRLENE MARIA ARAUJO DA SILVA;DEPARTAMENTO DE ADM.E FINANCAS;AUXILIAR ADMINISTRATIVO TEMPORARIO;; SERVICO TEMPORARIO;2488,24;;2488,24;206,44;2281,80;
SIGLIAMANDA GUERREIRO DA SILVA;DEPARTAMENTO DE ADM.E FINANCAS;ASSISTENTE TECNICO TEMPORARIO;; SERVICO TEMPORARIO;3375,48;;3375,48;413,65;2961,83;
SILFARNEI SOUTO DE ALENCAR;DEPARTAMENTO DE ADM.E FINANCAS;AUXILIAR ADMINISTRATIVO TEMPORARIO;; SERVICO TEMPORARIO;2488,24;;2488,24;206,44;2281,80;
SILVANA NEVES PEREIRA;ASSESSORIA;ASSESSOR II;NAO INFORMADO; CARGO COMISSION.S/VINCULO;4209,79;;4209,79;633,12;3576,67;
SIOMARA BARROS DA SILVA;DEPARTAMENTO DE ADM.E FINANCAS;ASSESSOR III;ASSESSOR III; CARGO COMISSION.S/VINCULO;1869,48;;1869,48;133,67;1735,81;
SOCORRO ANASTACIO DE LIMA;DEPARTAMENTO DE ADM.E FINANCAS;ASSESSOR II;NAO INFORMADO; CARGO COMISSION.S/VINCULO;4209,79;;4209,79;633,12;3576,67;
SONIA MARIA LEAL DA SILVA;DEPARTAMENTO DE POL.FUNDIARIA;ASSISTENTE TECNICO TEMPORARIO;; SERVICO TEMPORARIO;3375,48;;3375,48;413,65;2961,83;
SONIA ROCHA VIANA;GERENCIA DE RECURSOS HUMANOS;ASSISTENTE ADMINISTRATIVO III;; ESTATUTARIO;4043,28;;4043,28;681,22;3362,06;
SORAYA PRAIA LEITE;SECRETARIA EXECUTIVA;ASSISTENTE ADMINISTRATIVO III;; ESTATUTARIO;4570,54;;4570,54;774,08;3796,46;
SUELY BRANDAO DA SILVA;GERENCIA DE MATER.E PATRIMONIO;AUXILIAR DE SERV GERAIS 2A CLASSE;; ESTATUTARIO;3470,55;;3470,55;428,49;3042,06;
SUZETE SOUZA SANTOS DA CAMARA;GERENCIA DE MATER.E PATRIMONIO;ASSESSOR II;ASSESSOR II; CARGO COMISSION.S/VINCULO;4209,79;;4209,79;633,12;3576,67;
TAMIRES BORGES DE ASSIS;GABINETE DO SECRETARIO;ASSESSOR II;NAO INFORMADO; CARGO COMISSION.S/VINCULO;4209,79;;4209,79;633,12;3576,67;
TESSALIA INES DOS SANTOS OLIVEIRA;DEPARTAMENTO DE ADM.E FINANCAS;ENG-I;; ESTATUTARIO;7846,55;;7846,55;1968,97;5877,58;
THAINA CASTELO XAVIER;DEPARTAMENTO DE ADM.E FINANCAS;AUXILIAR OPERACIONAL TEMPORARIO;; SERVICO TEMPORARIO;2366,09;;2366,09;178,37;2187,72;
THAINA FERREIRA DE SOUZA;DEPARTAMENTO DE ADM.E FINANCAS;AUXILIAR OPERACIONAL TEMPORARIO;; SERVICO TEMPORARIO;2366,09;;2366,09;178,37;2187,72;
THAIS VIEIRA BRAGA MELO;GABINETE DO SECRETARIO;ASSESSOR IV;ASSESSOR IV; CARGO COMISSION.S/VINCULO;3175,61;;3175,61;363,27;2812,34;
THALITA DE FREITAS LOPES;GERENCIA DE VISTORIA;ASSESSOR II;NAO INFORMADO; CARGO COMISSION.S/VINCULO;4209,79;;4209,79;633,12;3576,67;
THALITA LORAYNE LOPES DE LIMA;DEPARTAMENTO DE POL.FUNDIARIA;ASSESSOR III;NAO INFORMADO; CARGO COMISSION.S/VINCULO;11501,52;;11501,52;;11501,52;
THAMIRYS REIS DE LIMA;DEPARTAMENTO DE ADM.E FINANCAS;ASSESSOR II;NAO INFORMADO; CARGO COMISSION.S/VINCULO;4209,79;;4209,79;633,12;3576,67;
THELMA SOUZA DA COSTA;GABINETE DO SECRETARIO;A.TEC-I;; ESTATUTARIO;4468,67;;4468,67;794,63;3674,04;
TIAGO ENRIQUE ALBUQUERQUE CARVALHO;DEPARTAMENTO DE ADM.E FINANCAS;ASSISTENTE TECNICO TEMPORARIO;; SERVICO TEMPORARIO;3375,48;;3375,48;413,65;2961,83;
TONY EVERTON ALVES DE SENA;GERENCIA DE CARTOGRAFIA;ASSESSOR II;NAO INFORMADO; CARGO COMISSION.S/VINCULO;4209,79;;4209,79;633,12;3576,67;
VANILUCE FELIX DE SOUZA;DEPARTAMENTO DE ADM.E FINANCAS;ASSISTENTE ADMINISTRATIVO I;; ESTATUTARIO;3899,57;;3899,57;653,81;3245,76;
VILIANA E SILVA CAIMO;DEPARTAMENTO DE ADM.E FINANCAS;A.TEC-II;; ESTATUTARIO;3641,46;;3641,46;626,38;3015,08;
WANDERLINA NORMANDO RODRIGUES;DEPARTAMENTO DE ADM.E FINANCAS;AUXILIAR ADMINISTRATIVO TEMPORARIO;; SERVICO TEMPORARIO;2488,24;;2488,24;206,44;2281,80;
WANDERSON SILVA FREIRE;GERENCIA DE ORC.E FINANCAS;AUXILIAR OPERACIONAL TEMPORARIO;; SERVICO TEMPORARIO;2366,09;;2366,09;178,37;2187,72;
WANESSA BECKMAN CYRINO DANTAS;ASSESSORIA;ASSISTENTE TECNICO TEMPORARIO;; SERVICO TEMPORARIO;3375,48;;3375,48;367,17;3008,31;
WELLEN CRISTINA CAMPOS LIBORIO;DEPARTAMENTO DE ADM.E FINANCAS;AUXILIAR ADMINISTRATIVO TEMPORARIO;; SERVICO TEMPORARIO;2488,24;;2488,24;206,44;2281,80;
WELLINGTON PEREIRA DOS SANTOS;DEPARTAMENTO DE POL.FUNDIARIA;ASSESSOR II;NAO INFORMADO; CARGO COMISSION.S/VINCULO;4209,79;;4209,79;633,12;3576,67;
WELLISON ALVES MIRANDA;DEPARTAMENTO DE ADM.E FINANCAS;AUXILIAR OPERACIONAL TEMPORARIO;; SERVICO TEMPORARIO;2366,09;;2366,09;178,37;2187,72;
WILLAMS PACHECO BORGES;DEPARTAMENTO DE ADM.E FINANCAS;ASSESSOR IV;NAO INFORMADO; CARGO COMISSION.S/VINCULO;3175,61;;3175,61;363,27;2812,34;
WILLEN DE SOUZA PACHECO;DEPARTAMENTO DE ADM.E FINANCAS;AUXILIAR OPERACIONAL TEMPORARIO;; SERVICO TEMPORARIO;2366,09;;2366,09;178,37;2187,72;
