NOME;LOTACAO;CARGO;FUNCAO;VINCULO;REMUNERACAO LEGAL TOTAL(R$);DESC.TETO(R$); REMUNERACAO LEGAL DEVIDA(R$);DESCONTOS LEGAIS(R$);LIQUIDO DISPONIVEL(R$);
ALDENIR DA SILVA MACHADO;DEPTO.DE GESTAO TERRITORIAL;ASSESSOR II;NAO INFORMADO; CARGO COMISSION.S/VINCULO;4209,79;;4209,79;597,14;3612,65;
ALEXANDRE DE ARAUJO RODRIGUES;DEPARTAMENTO DE ADM.E FINANCAS;ASSESSOR III;NAO INFORMADO; CARGO COMISSION.S/VINCULO;4255,73;;4255,73;597,97;3657,76;
ALEXSANDRO DE OLIVEIRA COSTA;GABINETE DO SECRETARIO;ASSESSOR IV;ASSESSOR IV; CARGO COMISSION.S/VINCULO;3175,61;;3175,61;284,12;2891,49;
ALMIR GARCIA DE LIMA;GERENCIA DE MATER.E PATRIMONIO;ASSESSOR IV;ASSESSOR IV; CARGO COMISSION.S/VINCULO;3175,61;;3175,61;324,29;2851,32;
ANA GILCE SILVA DE ARAUJO;GABINETE DO SECRETARIO;ASSESSOR IV;ASSESSOR IV; CARGO COMISSION.S/VINCULO;3175,61;;3175,61;324,29;2851,32;
ANA MAURA MAGALHAES GENTIL;DEPARTAMENTO DE ADM.E FINANCAS;ENGENHEIRO AGRONOMO;; ESTATUTARIO;6105,68;;6105,68;1381,68;4724,00;
ANA SIMONE DE OLIVEIRA MORAES;DEPARTAMENTO DE ADM.E FINANCAS;A.TEC-I;; ESTATUTARIO;4443,13;;4443,13;770,85;3672,28;
ANITA LEOCADIA VASCONCELOS DE SOUZA;GERENCIA DE PROG.E PESQUISAS;TECNICO II;; ESTATUTARIO;7252,13;;7252,13;1693,44;5558,69;
ANTONIA MARIA COELHO VERAS;GABINETE DO SECRETARIO;ASSISTENTE TECNICO I;CHEFE DE DEPARTAMENT; ESTATUTARIO;6656,98;;6656,98;1290,18;5366,80;
ANTONIETA TORRES DE LIMA NETA;GABINETE DO SECRETARIO;ASSESSOR II;ASSESSOR II; CARGO COMISSION.S/VINCULO;4209,79;;4209,79;597,14;3612,65;
ANTONIO ALFREDO COSTA FILHO;GERENCIA DE MATER.E PATRIMONIO;A.OPE-I;; ESTATUTARIO;4463,07;;4463,07;777,24;3685,83;
ANTONIO RICARDO SILVA PEREIRA;DEPARTAMENTO DE ADM.E FINANCAS;ASSESSOR III;ASSESSOR III; CARGO COMISSION.S/VINCULO;3191,80;;3191,80;327,46;2864,34;
ARLENILZA VIEIRA DE SOUZA JAMEL;DEPARTAMENTO DE ADM.E FINANCAS;ASSESSOR IV;ASSESSOR IV; CARGO COMISSION.S/VINCULO;3175,61;;3175,61;324,29;2851,32;
AURELIO BRANDAO DA SILVA;GERENCIA DE MATER.E PATRIMONIO;AUX.S.G-III;AUX. SERV. GERAIS; ESTATUTARIO;3468,36;;3468,36;381,57;3086,79;
BRUNA BEZERRA DE MACEDO;DEPARTAMENTO DE ADM.E FINANCAS;ASSESSOR III;NAO INFORMADO; CARGO COMISSION.S/VINCULO;3191,80;;3191,80;327,46;2864,34;
BRUNA CAROLINE ARAUJO PAES;DEPARTAMENTO DE POL.HABITACION;ASSESSOR I;NAO INFORMADO; CARGO COMISSION.S/VINCULO;5229,77;;5229,77;957,83;4271,94;
BRUNO ALENCAR DE V D SARAIVA;DEPARTAMENTO DE POL.FUNDIARIA;ASSESSOR II;NAO INFORMADO; CARGO COMISSION.S/VINCULO;4209,79;;4209,79;597,14;3612,65;
BRUNO MONTEIRO LOBATO;ASSESSORIA;ASSESSOR II;NAO INFORMADO; CARGO COMISSION.S/VINCULO;4209,79;;4209,79;597,14;3612,65;
CARLOS SILVESTRE SANTOS DA CUNHA;GERENCIA DE MATER.E PATRIMONIO;ASSESSOR II;NAO INFORMADO; CARGO COMISSION.S/VINCULO;4209,79;;4209,79;597,14;3612,65;
CAROLINA PAZ LORDEIRO LIMA;DEPARTAMENTO DE ADM.E FINANCAS;ASSESSOR II;ASSESSOR II; CARGO COMISSION.S/VINCULO;4209,79;;4209,79;597,14;3612,65;
CAROLINE VASCONCELOS DA CUNHA;SECRETARIA EXECUTIVA;SECRETARIO EXECUTIVO ADJUNTO;SECRETARIO EXECUTIVO; CARGO COMISSION.S/VINCULO;9000,00;;9000,00;2173,69;6826,31;
CECILIA FERNANDES SILVA DE SOUSA;GABINETE DO SECRETARIO;ASSESSOR II;ASSESSOR II; CARGO COMISSION.S/VINCULO;4209,79;;4209,79;597,14;3612,65;
CINTIA SORAIA ALMEIDA DE SOUZA;GABINETE DO SECRETARIO;ASSESSOR II;NAO INFORMADO; CARGO COMISSION.S/VINCULO;4209,79;;4209,79;597,14;3612,65;
CLAUDENIZA OZORIO DE CARVALHO;GERENCIA DE ORC.E FINANCAS;A.TEC-I;; ESTATUTARIO;5244,07;;5244,07;956,37;4287,70;
CLAUDIO SARAIVA DO NASCIMENTO;DEPARTAMENTO DE ADM.E FINANCAS;ASSESSOR III;NAO INFORMADO; CARGO COMISSION.S/VINCULO;4255,73;;4255,73;610,47;3645,26;
CLEICIMAR SILVA REBOUCAS;DEPARTAMENTO DE POL.FUNDIARIA;ASSESSOR IV;ASSESSOR IV; CARGO COMISSION.S/VINCULO;3175,61;;3175,61;324,29;2851,32;
CLEIDE BEZERRA BARROS;DEPARTAMENTO DE ADM.E FINANCAS;GERENTE;NAO INFORMADO; CARGO COMISSION.S/VINCULO;4209,79;;4209,79;585,61;3624,18;
CLODUALDO LIMA DUARTE;DEPARTAMENTO DE ADM.E FINANCAS;ASSISTENTE TECNICO;; ESTATUTARIO;3603,77;;3603,77;567,21;3036,56;
CRISTOVAM DA COSTA CORDEIRO;DEPARTAMENTO DE ADM.E FINANCAS;MOT-I;; ESTATUTARIO;5116,52;;5116,52;773,40;4343,12;
DAIANE MOREIRA CARDOZO;DEPTO.DE GESTAO TERRITORIAL;GERENTE;NAO INFORMADO; CARGO COMISSION.S/VINCULO;4209,79;;4209,79;597,14;3612,65;
DANIEL PINTO DE BARROS;DEPARTAMENTO DE ADM.E FINANCAS;ASSESSOR III;NAO INFORMADO; CARGO COMISSION.S/VINCULO;3191,80;;3191,80;327,46;2864,34;
DANIEL ROCHA FILHO;SECRETARIA EXECUTIVA;SECRETARIO EXECUTIVO ADJUNTO;SECRETARIO EXECUTIVO; CARGO COMISSION.S/VINCULO;9000,00;;9000,00;2225,83;6774,17;
DARFFYLEN PATRICIA COSTA AZEVEDO;DEPARTAMENTO DE ADM.E FINANCAS;ASSESSOR III;ASSESSOR III; CARGO COMISSION.S/VINCULO;3191,80;;3191,80;327,46;2864,34;
DAYANA MENEZES DE SOUZA;DEPARTAMENTO DE ADM.E FINANCAS;ASSESSOR III;; CARGO COMISSION.S/VINCULO;3191,80;;3191,80;327,46;2864,34;
DEBHORA RODRIGUES GARCIA;ASSESSORIA;GERENTE;NAO INFORMADO; CARGO COMISSION.S/VINCULO;4209,79;;4209,79;597,14;3612,65;
DEBORAH DE LIMA PAES;GERENCIA DE CARTOGRAFIA;ASSESSOR I;NAO INFORMADO; CARGO COMISSION.S/VINCULO;5229,77;;5229,77;957,83;4271,94;
DEUSDETE COSTA SENNA;GERENCIA DE MATER.E PATRIMONIO;MOTORISTA 3A CLASSE;; ESTATUTARIO;3689,20;;3689,20;443,46;3245,74;
EDER JOSE DA CUNHA TEIXEIRA;SECRETARIA EXECUTIVA;ASSISTENTE TECNICO;; ESTATUTARIO;3595,03;;3595,03;564,67;3030,36;
EDNEIA PEREIRA DOURADO;SECRETARIA EXECUTIVA;ASSISTENTE ADMINISTRATIVO I;; C.L.T.;3436,00;;3436,00;342,42;3093,58;
EDSON RIELLA DE OLIVEIRA JUNIOR;DEPARTAMENTO DE ADM.E FINANCAS;ASSESSOR IV;NAO INFORMADO; CARGO COMISSION.S/VINCULO;3175,61;;3175,61;324,29;2851,32;
EDSON SILVA ARAUJO;SECRETARIA EXECUTIVA;A.TEC-I;; ESTATUTARIO;4453,10;;4453,10;705,53;3747,57;
EDUARDO MENDONCA JUNIOR;GERENCIA DE ORC.E FINANCAS;A.TEC-II;; ESTATUTARIO;3655,15;;3655,15;546,42;3108,73;
ELEONORA FERREIRA DOS SANTOS;SECRETARIA EXECUTIVA;A.TEC-I;; ESTATUTARIO;4443,13;;4443,13;770,85;3672,28;
ELIANE DE NAZARE O NASCIMENTO;DEPARTAMENTO DE ADM.E FINANCAS;ASSESSOR IV;ASSESSOR IV; CARGO COMISSION.S/VINCULO;3175,61;;3175,61;324,29;2851,32;
ERNANDO DOS SANTOS DIAS;DEPARTAMENTO DE ADM.E FINANCAS;ASSISTENTE TECNICO;; ESTATUTARIO;4080,01;;4080,01;638,64;3441,37;
ETY DOS SANTOS;DEPARTAMENTO DE ADM.E FINANCAS;AUX.S.G-II;; ESTATUTARIO;3859,46;;3859,46;463,89;3395,57;
EZEGLAIR PEREIRA DE SOUZA;GERENCIA DE MATER.E PATRIMONIO;MOT-II;; ESTATUTARIO;3752,91;;3752,91;479,84;3273,07;
FABIANA CRUZ DE OLIVEIRA;GABINETE DO SECRETARIO;ASSESSOR I;NAO INFORMADO; CARGO COMISSION.S/VINCULO;5229,77;;5229,77;957,83;4271,94;
FELIPE DE MELO E SILVA;GERENCIA DE MATER.E PATRIMONIO;ASSESSOR II;NAO INFORMADO; CARGO COMISSION.S/VINCULO;4209,79;;4209,79;500,21;3709,58;
FERNANDA NEVES SABUGOSA;DEPARTAMENTO DE ADM.E FINANCAS;ASSESSOR II;NAO INFORMADO; CARGO COMISSION.S/VINCULO;4209,79;;4209,79;597,14;3612,65;
FRANCISCA DO NASCIMENTO ELIAS;DEPARTAMENTO DE ADM.E FINANCAS;A.TEC-I;; ESTATUTARIO;4453,10;;4453,10;774,04;3679,06;
FRANCISCO DE ASSIS SOUTO;DEPARTAMENTO DE ADM.E FINANCAS;TNS-I;; ESTATUTARIO;6919,07;;6919,07;1628,10;5290,97;
GABRIEL SALES MEDEIROS;GERENCIA DE PROG.E PESQUISAS;GERENTE;NAO INFORMADO; CARGO COMISSION.S/VINCULO;4209,79;;4209,79;597,14;3612,65;
GABRIELA NAZARETH BAMPI;DEPARTAMENTO DE ADM.E FINANCAS;ASSESSOR III;ASSESSOR III; CARGO COMISSION.S/VINCULO;3191,80;;3191,80;327,46;2864,34;
GARDENIA LOUREIRO FREIRE SIQUEIRA;GABINETE DO SECRETARIO;CHEFE DE DEPARTAMENTO;CHEFE DE DEPARTAMENT; CARGO COMISSION.S/VINCULO;5229,77;;5229,77;957,83;4271,94;
GERMAN CUSQUISIBAN ESCOBAL;DEPARTAMENTO DE ADM.E FINANCAS;A.TEC-I;; ESTATUTARIO;3880,00;;3880,00;673,32;3206,68;
GILSON AGUIAR DA SILVA;GERENCIA DE PROG.E PESQUISAS;ASSESSOR I;NAO INFORMADO; CARGO COMISSION.S/VINCULO;5229,77;;5229,77;957,83;4271,94;
GLAYSON LUIZ OLIVEIRA PEIXOTO;DEPARTAMENTO DE ADM.E FINANCAS;ASSESSOR II;NAO INFORMADO; CARGO COMISSION.S/VINCULO;4209,79;;4209,79;585,61;3624,18;
HANNA BEATRICE MACHADO LIMA;ASSESSORIA;ASSESSOR I;NAO INFORMADO; CARGO COMISSION.S/VINCULO;5229,77;;5229,77;957,83;4271,94;
HELLEN REGINA PINHEIRO JORDAO;ASSESSORIA;ASSESSOR IV;ASSESSOR IV AD-4; CARGO COMISSION.S/VINCULO;3175,61;;3175,61;324,29;2851,32;
HEROS LOPES RODRIGUES;ASSESSORIA;CHEFE DE DEPARTAMENTO;NAO INFORMADO; CARGO COMISSION.S/VINCULO;5229,77;;5229,77;957,83;4271,94;
IGOR NONATO ALMEIDA PEREIRA;DEPARTAMENTO DE POL.FUNDIARIA;ASSESSOR I;ASSESSOR I; CARGO COMISSION.S/VINCULO;5229,77;;5229,77;957,83;4271,94;
IVANEIDE DE CARVALHO ANAQUIRI;DEPARTAMENTO DE POL.HABITACION;ASSESSOR IV;NAO INFORMADO; CARGO COMISSION.S/VINCULO;3175,61;;3175,61;324,29;2851,32;
IVONE DA SILVA FREIRE;DEPARTAMENTO DE ADM.E FINANCAS;A.TEC-I;; ESTATUTARIO;4494,32;;4494,32;787,24;3707,08;
JACQUELINE SILVA GALVAO;DEPARTAMENTO DE POL.FUNDIARIA;ASSESSOR I;ASSESSOR I; CARGO COMISSION.S/VINCULO;5229,77;;5229,77;957,83;4271,94;
JANDERLE COSTA DA SILVA;GABINETE DO SECRETARIO;ASSESSOR III;NAO INFORMADO; CARGO COMISSION.S/VINCULO;3191,80;;3191,80;327,46;2864,34;
JERRY LUCIO DIAS DA SILVA;GABINETE DO SECRETARIO;ASSESSOR I;ASSESSOR I; CARGO COMISSION.S/VINCULO;5229,77;;5229,77;957,83;4271,94;
JOAO CHAGAS JUNIOR;DEPARTAMENTO DE POL.FUNDIARIA;ASSESSOR II;ASSESSOR II; CARGO COMISSION.S/VINCULO;4209,79;;4209,79;597,14;3612,65;
JOAO COELHO BRAGA;SECRETARIA EXECUTIVA;SECRETARIO DE ESTADO;SECRETARIO DE ESTADO; CARGO COMISSION.S/VINCULO;28060,00;;28060,00;7363,05;20696,95;
JOAQUIM MARQUES DOS SANTOS JUNIOR;GERENCIA DE PROG.E PESQUISAS;TECNICO III;; ESTATUTARIO;7186,50;;7186,50;1704,04;5482,46;
JONAHTA ISMAEL MELO;GABINETE DO SECRETARIO;GERENTE;GERENTE; CARGO COMISSION.S/VINCULO;4209,79;;4209,79;597,14;3612,65;
JULIO CESAR PEDROSO DO AMARAL;DEPARTAMENTO DE ADM.E FINANCAS;ASSESSOR IV;NAO INFORMADO; CARGO COMISSION.S/VINCULO;3175,61;;3175,61;324,29;2851,32;
LARISSA RADIJA NASCIMENTO MENEZES;GABINETE DO SECRETARIO;CHEFE DE DEPARTAMENTO;CHEFE DE DEPARTAMENT; CARGO COMISSION.S/VINCULO;5229,77;;5229,77;957,83;4271,94;
LEANDRO RIBEIRO PAIXAO;ASSESSORIA;ASSESSOR I;NAO INFORMADO; CARGO COMISSION.S/VINCULO;5229,77;;5229,77;957,83;4271,94;
LEONARDO CESAR RABELLO ITUASSU;ASSESSORIA;ASSESSOR I;; CARGO COMISSION.S/VINCULO;5229,77;;5229,77;957,83;4271,94;
LEYDIANE GUIMARAES DA COSTA;DEPARTAMENTO DE ADM.E FINANCAS;ASSESSOR III;; CARGO COMISSION.S/VINCULO;9238,47;;9238,47;1603,87;7634,60;
LILIA MARIA DA MOTA SILVA;DEPARTAMENTO DE ADM.E FINANCAS;ASSISTENTE TECNICO;; ESTATUTARIO;4070,03;;4070,03;635,91;3434,12;
LILIANE GALVAO LIMA;DEPARTAMENTO DE POL.HABITACION;ASSESSOR IV;; CARGO COMISSION.S/VINCULO;3175,61;;3175,61;324,29;2851,32;
LUANA PATRICIA DIAS RODRIGUES;DEPARTAMENTO DE POL.FUNDIARIA;ASSESSOR III;NAO INFORMADO; CARGO COMISSION.S/VINCULO;3191,80;;3191,80;327,46;2864,34;
LUCAS DE OLIVEIRA BRILHANTE;SECRETARIA EXECUTIVA;AGENTE ADM.-AGA-T.S.N.A.-E;GERENTE; ESTATUTARIO;4965,53;;4965,53;641,51;4324,02;
LUCIA REGINE SANTOS DA SILVA;GERENCIA DE MATER.E PATRIMONIO;AUXILIAR DE SERV GERAIS 2A CLASSE;; ESTATUTARIO;3779,62;;3779,62;426,41;3353,21;
LUCINDA AURORA OLIVEIRA LIMA;DEPARTAMENTO DE ADM.E FINANCAS;A.TEC-I;; ESTATUTARIO;4409,36;;4409,36;722,84;3686,52;
LUCIO MEIRELLES DA SILVA B MENEZES;SECRETARIA EXECUTIVA;SECRETARIO EXECUTIVO;SECRETARIO EXECUTIVO; CARGO COMISSION.S/VINCULO;11700,00;;11700,00;2968,33;8731,67;
LUIMAR SUANO ALVAREZ;DEPARTAMENTO DE ADM.E FINANCAS;ASSESSOR I;ASSESSOR I; CARGO COMISSION.S/VINCULO;5229,77;;5229,77;957,83;4271,94;
LUIZ JAILTON LOPES CORDEIRO;GABINETE DO SECRETARIO;ASSESSOR II;NAO INFORMADO; CARGO COMISSION.S/VINCULO;5613,05;;5613,05;1102,13;4510,92;
MAISE SALDANHA GARCIA;GERENCIA DE RECURSOS HUMANOS;ASSESSOR I;NAO INFORMADO; CARGO COMISSION.S/VINCULO;5229,77;;5229,77;914,81;4314,96;
MAIZA LEITE ANDRADE;DEPARTAMENTO DE ADM.E FINANCAS;AUX.ADM-III;; ESTATUTARIO;3118,03;;3118,03;363,24;2754,79;
MAKSSUELLE CAROLINE S NASCIMENTO;DEPARTAMENTO DE POL.FUNDIARIA;ASSESSOR III;NAO INFORMADO; CARGO COMISSION.S/VINCULO;3191,80;;3191,80;327,46;2864,34;
MANOEL RAIMUNDO DA ROCHA;GERENCIA DE CARTOGRAFIA;A.TEC-II;; ESTATUTARIO;3642,48;;3642,48;600,86;3041,62;
MARCELL DE LIMA ALMEIDA;DEPARTAMENTO DE POL.FUNDIARIA;ASSESSOR III;NAO INFORMADO; CARGO COMISSION.S/VINCULO;3191,80;;3191,80;327,46;2864,34;
MARCELO DE ALMEIDA CONCEICAO;DEPARTAMENTO DE POL.FUNDIARIA;ASSESSOR II;ASSESSOR II; CARGO COMISSION.S/VINCULO;4209,79;;4209,79;597,14;3612,65;
MARCO SIMON DA SILVA BENEDITO;DEPARTAMENTO DE POL.FUNDIARIA;ASSESSOR II;NAO INFORMADO; CARGO COMISSION.S/VINCULO;4209,79;;4209,79;597,14;3612,65;
MARCOS AURELIO BASTOS NUNES;GERENCIA DE ESTUDOS E PROJETOS;ASSESSOR III;NAO INFORMADO; CARGO COMISSION.S/VINCULO;3191,80;;3191,80;317,16;2874,64;
MARIA APARECIDA MACEDO GUIMARAES;DEPARTAMENTO DE ADM.E FINANCAS;A.TEC-I;; ESTATUTARIO;4453,10;;4453,10;774,04;3679,06;
MARIA BEATRIZ CORDEIRO CALDAS;SECRETARIA EXECUTIVA;A.TEC-I;; ESTATUTARIO;4443,13;;4443,13;703,00;3740,13;
MARIA DO SOCORRO GOMES DIAS;SECRETARIA EXECUTIVA;ASSISTENTE TECNICO;ASSESSOR II; ESTATUTARIO;7727,10;;7727,10;1775,00;5952,10;
MARIA DOROTEA FROTA REBOUCAS;DEPARTAMENTO DE ADM.E FINANCAS;ASSESSOR II;ASSESSOR II; CARGO COMISSION.S/VINCULO;4209,79;;4209,79;597,14;3612,65;
MARIA EDUARDA PEREIRA DOS SANTOS;GERENCIA DE VISTORIA;ASSISTENTE ADMINISTRATIVO III;; ESTATUTARIO;4070,13;;4070,13;671,71;3398,42;
MARIA ELENA ARAUJO MENDES;SECRETARIA EXECUTIVA;TECNICO II;; ESTATUTARIO;7666,09;;7666,09;1817,70;5848,39;
MARIA EUNICE PINHEIRO DE CARVALHO;SECRETARIA EXECUTIVA;A.TEC-I;; ESTATUTARIO;5146,27;;5146,27;995,98;4150,29;
MARIA ONEIDE DA COSTA;GERENCIA DE MATER.E PATRIMONIO;AUX.S.G-II;; ESTATUTARIO;3849,50;;3849,50;461,18;3388,32;
MARIA SANDRA DA SILVA MIRANDA;ASSESSORIA;ASSESSOR IV;ASSESSOR IV AD-4; CARGO COMISSION.S/VINCULO;3175,61;;3175,61;324,29;2851,32;
MARIA SONIA FERNANDES DA SILVA SANT;DEPARTAMENTO DE ADM.E FINANCAS;A.TEC-I;; ESTATUTARIO;4443,13;;4443,13;770,85;3672,28;
MARILDA EDITH FIGUEIREDO A TORRES;SECRETARIA EXECUTIVA;ASSESSOR I;ASSESSOR I; CARGO COMISSION.S/VINCULO;5229,77;;5229,77;957,83;4271,94;
MONIKE DE OLIVEIRA MOURA;DEPARTAMENTO DE ADM.E FINANCAS;GERENTE;NAO INFORMADO; CARGO COMISSION.S/VINCULO;4209,79;;4209,79;597,14;3612,65;
NANCY MEIRELES MONTEIRO;GABINETE DO SECRETARIO;SECRETARIO EXECUTIVO ADJUNTO;SECRETARIO EXECUTIVO; CARGO COMISSION.S/VINCULO;9000,00;;9000,00;2225,83;6774,17;
NATALINA DA SILVA PINHEIRO;GABINETE DO SECRETARIO;ASSESSOR II;ASSESSOR II; CARGO COMISSION.S/VINCULO;4209,79;;4209,79;597,14;3612,65;
NAYME DE SOUZA OLIVEIRA;ASSESSORIA;ASSESSOR III;ASSESSOR III; CARGO COMISSION.S/VINCULO;3191,80;;3191,80;327,46;2864,34;
NILCE MARIA GOMES DA SILVA VASCONCE;GERENCIA DE PROG.E PESQUISAS;AUX.ADM-III;; ESTATUTARIO;3461,81;;3461,81;394,62;3067,19;
NILTON FERNANDES DA SILVA;GERENCIA DE MATER.E PATRIMONIO;AUX.O-I;; ESTATUTARIO;3963,53;;3963,53;504,91;3458,62;
OSCAR CORDEIRO DE SOUZA;GERENCIA DE MATER.E PATRIMONIO;A.TEC-I;; ESTATUTARIO;3902,40;;3902,40;679,35;3223,05;
PABLO RONEY LOPES RODRIGUES;DEPARTAMENTO DE ADM.E FINANCAS;MERENDEIRO PNF.MNF-III;ASSESSOR I; ESTATUTARIO;1360,68;;1360,68;263,69;1096,99;
PAULO CEZAR LEVY DE CARVALHO;DEPARTAMENTO DE ADM.E FINANCAS;A.TEC-I;; ESTATUTARIO;4453,10;;4453,10;707,22;3745,88;
PEDRO MOURA DOS SANTOS;DEPARTAMENTO DE ADM.E FINANCAS;ASSISTENTE TECNICO;; ESTATUTARIO;3577,54;;3577,54;559,60;3017,94;
RAFAEL PEREIRA DOS SANTOS;GERENCIA DE ORC.E FINANCAS;ASSESSOR III;NAO INFORMADO; CARGO COMISSION.S/VINCULO;3191,80;;3191,80;327,46;2864,34;
RAIMUNDA SOUZA DA SILVA;DEPARTAMENTO DE ADM.E FINANCAS;TECNICO I;; ESTATUTARIO;6836,25;;6836,25;1546,29;5289,96;
RAIMUNDO JOSUE MOREIRA PESSOA;DEPARTAMENTO DE ADM.E FINANCAS;TNS-I;; ESTATUTARIO;6995,75;;6995,75;1661,74;5334,01;
RAPHAEL SIQUEIRA MONTEIRO;DEPARTAMENTO DE POL.FUNDIARIA;ASSESSOR III;ASSESSOR III; CARGO COMISSION.S/VINCULO;3191,80;;3191,80;327,46;2864,34;
RAQUEL FERREIRA DA SILVA;DEPARTAMENTO DE ADM.E FINANCAS;ASSISTENTE ADMINISTRATIVO II;; ESTATUTARIO;3899,15;;3899,15;608,44;3290,71;
REGINA NASCIMENTO DE MOURA;SECRETARIA EXECUTIVA;ASSESSOR II;NAO INFORMADO; CARGO COMISSION.S/VINCULO;4209,79;;4209,79;597,14;3612,65;
RICARDO RAMOS DE SOUZA;DEPARTAMENTO DE ADM.E FINANCAS;TECNICO EM AGROPECUARIA;; ESTATUTARIO;4738,01;;4738,01;861,08;3876,93;
RICARDO TAVARES DE ALBUQUERQUE;ASSESSORIA;PROF.MESTRE ASSIST.D 40HS-PM.111.20;GERENTE; ESTATUTARIO;4000,00;;4000,00;150,40;3849,60;
ROBERTO CARLOS NASCIMENTO DE LIMA;DEPARTAMENTO DE ADM.E FINANCAS;ASSESSOR III;NAO INFORMADO; CARGO COMISSION.S/VINCULO;3191,80;;3191,80;327,46;2864,34;
RODRIGO MOURA DA SILVA;DEPARTAMENTO DE ADM.E FINANCAS;ASSESSOR I;ASSESSOR I; CARGO COMISSION.S/VINCULO;5229,77;;5229,77;957,83;4271,94;
ROSALVO DOS SANTOS MIRANDA FILHO;GERENCIA DE MATER.E PATRIMONIO;MOT-I;; ESTATUTARIO;4220,13;;4220,13;574,91;3645,22;
ROSANGELA MACEDO MARREIRO;DEPARTAMENTO DE ADM.E FINANCAS;ASSESSOR II;NAO INFORMADO; CARGO COMISSION.S/VINCULO;4209,79;;4209,79;597,14;3612,65;
ROSEMAYRE CAMILO INACIO DA SILVA;DEPARTAMENTO DE POL.HABITACION;ASSESSOR I;NAO INFORMADO; CARGO COMISSION.S/VINCULO;5229,77;;5229,77;957,83;4271,94;
SILVANA NEVES PEREIRA;ASSESSORIA;ASSESSOR II;NAO INFORMADO; CARGO COMISSION.S/VINCULO;4209,79;;4209,79;597,14;3612,65;
SIOMARA BARROS DA SILVA;DEPARTAMENTO DE ADM.E FINANCAS;ASSESSOR III;ASSESSOR III; CARGO COMISSION.S/VINCULO;3191,80;;3191,80;327,46;2864,34;
SOCORRO ANASTACIO DE LIMA;DEPARTAMENTO DE ADM.E FINANCAS;ASSESSOR II;NAO INFORMADO; CARGO COMISSION.S/VINCULO;4209,79;;4209,79;597,14;3612,65;
SONIA ROCHA VIANA;GERENCIA DE RECURSOS HUMANOS;ASSISTENTE ADMINISTRATIVO III;; ESTATUTARIO;4043,28;;4043,28;664,93;3378,35;
SORAYA PRAIA LEITE;SECRETARIA EXECUTIVA;ASSISTENTE ADMINISTRATIVO III;; ESTATUTARIO;4570,54;;4570,54;757,45;3813,09;
SUELY BRANDAO DA SILVA;GERENCIA DE MATER.E PATRIMONIO;AUXILIAR DE SERV GERAIS 2A CLASSE;; ESTATUTARIO;3779,62;;3779,62;426,41;3353,21;
SUZETE SOUZA SANTOS DA CAMARA;GERENCIA DE MATER.E PATRIMONIO;ASSESSOR II;ASSESSOR II; CARGO COMISSION.S/VINCULO;4209,79;;4209,79;597,14;3612,65;
TAMIRES BORGES DE ASSIS;GABINETE DO SECRETARIO;ASSESSOR II;NAO INFORMADO; CARGO COMISSION.S/VINCULO;4209,79;;4209,79;597,14;3612,65;
TESSALIA INES DOS SANTOS OLIVEIRA;DEPARTAMENTO DE ADM.E FINANCAS;ENG-I;; ESTATUTARIO;7846,55;;7846,55;1953,37;5893,18;
THAIS VIEIRA BRAGA MELO;GABINETE DO SECRETARIO;ASSESSOR IV;ASSESSOR IV; CARGO COMISSION.S/VINCULO;3175,61;;3175,61;324,29;2851,32;
THALITA DE FREITAS LOPES;GERENCIA DE VISTORIA;ASSESSOR II;NAO INFORMADO; CARGO COMISSION.S/VINCULO;4209,79;;4209,79;597,14;3612,65;
THAMIRYS REIS DE LIMA;DEPARTAMENTO DE ADM.E FINANCAS;ASSESSOR II;NAO INFORMADO; CARGO COMISSION.S/VINCULO;5613,05;;5613,05;1102,13;4510,92;
THELMA SOUZA DA COSTA;GABINETE DO SECRETARIO;A.TEC-I;; ESTATUTARIO;3919,89;;3919,89;684,05;3235,84;
TONY EVERTON ALVES DE SENA;GERENCIA DE CARTOGRAFIA;ASSESSOR II;NAO INFORMADO; CARGO COMISSION.S/VINCULO;4209,79;;4209,79;597,14;3612,65;
VANILUCE FELIX DE SOUZA;DEPARTAMENTO DE ADM.E FINANCAS;ASSISTENTE ADMINISTRATIVO I;; ESTATUTARIO;4408,72;;4408,72;716,92;3691,80;
VILIANA E SILVA CAIMO;DEPARTAMENTO DE ADM.E FINANCAS;A.TEC-II;; ESTATUTARIO;4855,28;;4855,28;833,63;4021,65;
WELLINGTON PEREIRA DOS SANTOS;DEPARTAMENTO DE POL.FUNDIARIA;ASSESSOR II;NAO INFORMADO; CARGO COMISSION.S/VINCULO;4209,79;;4209,79;597,14;3612,65;
WELLISON ALVES MIRANDA;DEPARTAMENTO DE ADM.E FINANCAS;AUXILIAR OPERACIONAL TEMPORARIO;; SERVICO TEMPORARIO;2382,12;;2382,12;1099,44;1282,68;
WILLAMS PACHECO BORGES;DEPARTAMENTO DE ADM.E FINANCAS;ASSESSOR IV;NAO INFORMADO; CARGO COMISSION.S/VINCULO;3175,61;;3175,61;324,29;2851,32;
