NOME;LOTACAO;CARGO;FUNCAO;VINCULO;REMUNERACAO LEGAL TOTAL(R$);DESC.TETO(R$); REMUNERACAO LEGAL DEVIDA(R$);DESCONTOS LEGAIS(R$);LIQUIDO DISPONIVEL(R$);
ADONAI FERREIRA MARINHO;DEPARTAMENTO DE ADM.E FINANCAS;AUXILIAR OPERACIONAL TEMPORARIO;; SERVICO TEMPORARIO;2396,89;;2396,89;178,10;2218,79;
ADRYEL CALDAS NEVES;DEPARTAMENTO DE ADM.E FINANCAS;AUXILIAR OPERACIONAL TEMPORARIO;; SERVICO TEMPORARIO;2396,89;;2396,89;178,10;2218,79;
ALCYLENE FERNANDES RODRIGUES;GERENCIA DE MATER.E PATRIMONIO;ASSISTENTE TECNICO TEMPORARIO;; SERVICO TEMPORARIO;3375,48;;3375,48;364,83;3010,65;
ALDENIR DA SILVA MACHADO;DEPTO.DE GESTAO TERRITORIAL;ASSESSOR II;NAO INFORMADO; CARGO COMISSION.S/VINCULO;4209,79;;4209,79;597,14;3612,65;
ALEX BARBOSA PEDROSA;DEPARTAMENTO DE POL.FUNDIARIA;AUXILIAR OPERACIONAL TEMPORARIO;; SERVICO TEMPORARIO;2396,89;;2396,89;178,10;2218,79;
ALEX SANDRO THOMPSON SIQUEIRA;DEPARTAMENTO DE ADM.E FINANCAS;ASSISTENTE TECNICO TEMPORARIO;; SERVICO TEMPORARIO;3375,48;;3375,48;364,83;3010,65;
ALEXANDRE DE ARAUJO RODRIGUES;DEPARTAMENTO DE ADM.E FINANCAS;ASSESSOR III;NAO INFORMADO; CARGO COMISSION.S/VINCULO;3191,80;;3191,80;327,46;2864,34;
ALEXSANDRO DE OLIVEIRA COSTA;GABINETE DO SECRETARIO;ASSESSOR IV;ASSESSOR IV; CARGO COMISSION.S/VINCULO;3175,61;;3175,61;284,12;2891,49;
ALICE DA SILVA NASCIMENTO;DEPARTAMENTO DE ADM.E FINANCAS;ASSISTENTE TECNICO TEMPORARIO;; SERVICO TEMPORARIO;3375,48;;3375,48;364,83;3010,65;
ALMIR DO NASCIMENTO LIMA;GERENCIA DE MATER.E PATRIMONIO;VIGIA;; ESTATUTARIO;2596,98;;2596,98;175,35;2421,63;
ALMIR GARCIA DE LIMA;GERENCIA DE MATER.E PATRIMONIO;ASSESSOR IV;ASSESSOR IV; CARGO COMISSION.S/VINCULO;4234,15;;4234,15;604,20;3629,95;
ANA CAROLINE OLIVEIRA DO NASCIMENTO;DEPARTAMENTO DE ADM.E FINANCAS;AUXILIAR OPERACIONAL TEMPORARIO;; SERVICO TEMPORARIO;2396,89;;2396,89;178,10;2218,79;
ANA GILCE SILVA DE ARAUJO;GABINETE DO SECRETARIO;ASSESSOR IV;ASSESSOR IV; CARGO COMISSION.S/VINCULO;3175,61;;3175,61;324,29;2851,32;
ANA JAQUELINE MARTINS DE OLIVEIRA;DEPARTAMENTO DE ADM.E FINANCAS;AUXILIAR OPERACIONAL TEMPORARIO;; SERVICO TEMPORARIO;2396,89;;2396,89;178,10;2218,79;
ANA MARIA GOMES BESSA;GABINETE DO SECRETARIO;CHEFE DE GABINETE;CHEFE DE GABINETE; CARGO COMISSION.S/VINCULO;5229,77;;5229,77;957,83;4271,94;
ANA MAURA MAGALHAES GENTIL;DEPARTAMENTO DE ADM.E FINANCAS;ENGENHEIRO AGRONOMO;; ESTATUTARIO;6948,52;;6948,52;1545,75;5402,77;
ANA PAULA SOARES DOS SANTOS;ASSESSORIA;ASSISTENTE TECNICO TEMPORARIO;; SERVICO TEMPORARIO;3375,48;;3375,48;364,83;3010,65;
ANA SIMONE DE OLIVEIRA MORAES;DEPARTAMENTO DE ADM.E FINANCAS;A.TEC-I;; ESTATUTARIO;4443,13;;4443,13;770,85;3672,28;
ANA VITORIA LIMA DA CUNHA;ASSESSORIA;AUXILIAR ADMINISTRATIVO TEMPORARIO;; SERVICO TEMPORARIO;2519,04;;2519,04;189,09;2329,95;
ANDERSON BATISTA DA SILVA;GERENCIA DE ORC.E FINANCAS;AUXILIAR ADMINISTRATIVO TEMPORARIO;; SERVICO TEMPORARIO;2519,04;;2519,04;189,09;2329,95;
ANDRE MESQUITA DE ALBUQUERQUE;DEPTO.DE GESTAO TERRITORIAL;AUXILIAR OPERACIONAL TEMPORARIO;; SERVICO TEMPORARIO;2396,89;;2396,89;178,10;2218,79;
ANDREZA MEDEIROS COLARES;DEPARTAMENTO DE ADM.E FINANCAS;AUXILIAR OPERACIONAL TEMPORARIO;; SERVICO TEMPORARIO;2396,89;;2396,89;178,10;2218,79;
ANITA LEOCADIA VASCONCELOS DE SOUZA;GERENCIA DE PROG.E PESQUISAS;TECNICO II;; ESTATUTARIO;7252,13;;7252,13;1693,44;5558,69;
ANNE CHRISTINA BRASIL BARBOSA;DEPARTAMENTO DE POL.FUNDIARIA;AUXILIAR ADMINISTRATIVO TEMPORARIO;; SERVICO TEMPORARIO;2519,04;;2519,04;189,09;2329,95;
ANTONIA MARIA COELHO VERAS;GABINETE DO SECRETARIO;ASSISTENTE TECNICO I;CHEFE DE DEPARTAMENT; ESTATUTARIO;6656,98;;6656,98;1290,18;5366,80;
ANTONIETA TORRES DE LIMA NETA;GABINETE DO SECRETARIO;ASSESSOR II;ASSESSOR II; CARGO COMISSION.S/VINCULO;4209,79;;4209,79;597,14;3612,65;
ANTONIO ALFREDO COSTA FILHO;GERENCIA DE MATER.E PATRIMONIO;A.OPE-I;; ESTATUTARIO;3914,97;;3914,97;682,73;3232,24;
ANTONIO ERITON DE MACEDO DA SILVA;DEPARTAMENTO DE ADM.E FINANCAS;ASSISTENTE TECNICO TEMPORARIO;; SERVICO TEMPORARIO;3375,48;;3375,48;364,83;3010,65;
ANTONIO RICARDO SILVA PEREIRA;DEPARTAMENTO DE ADM.E FINANCAS;ASSESSOR III;ASSESSOR III; CARGO COMISSION.S/VINCULO;3191,80;;3191,80;327,46;2864,34;
ARLENILZA VIEIRA DE SOUZA JAMEL;DEPARTAMENTO DE ADM.E FINANCAS;ASSESSOR IV;ASSESSOR IV; CARGO COMISSION.S/VINCULO;3175,61;;3175,61;324,29;2851,32;
AURELIO BRANDAO DA SILVA;GERENCIA DE MATER.E PATRIMONIO;AUX.S.G-III;AUX. SERV. GERAIS; ESTATUTARIO;3468,36;;3468,36;381,57;3086,79;
BRAYAN MAIA DOS SANTOS;ASSESSORIA;ASSISTENTE TECNICO TEMPORARIO;; SERVICO TEMPORARIO;3375,48;;3375,48;364,83;3010,65;
BRENNO D LUCAS BARBOSA DA SILVA;DEPARTAMENTO DE ADM.E FINANCAS;AUXILIAR ADMINISTRATIVO TEMPORARIO;; SERVICO TEMPORARIO;2519,04;;2519,04;189,09;2329,95;
BRENO ARAUJO MONTEIRO VERCOSA;DEPARTAMENTO DE POL.FUNDIARIA;AUXILIAR OPERACIONAL TEMPORARIO;; SERVICO TEMPORARIO;2396,89;;2396,89;178,10;2218,79;
BRUNA AROUCHA MARINHO;DEPARTAMENTO DE POL.FUNDIARIA;ASSISTENTE TECNICO TEMPORARIO;; SERVICO TEMPORARIO;3375,48;;3375,48;364,83;3010,65;
BRUNA BEZERRA DE MACEDO;DEPARTAMENTO DE ADM.E FINANCAS;ASSESSOR III;NAO INFORMADO; CARGO COMISSION.S/VINCULO;4255,73;;4255,73;610,47;3645,26;
BRUNA CAROLINE ARAUJO PAES;DEPARTAMENTO DE POL.HABITACION;ASSESSOR I;NAO INFORMADO; CARGO COMISSION.S/VINCULO;5229,77;;5229,77;957,83;4271,94;
BRUNNO MERCHAK TORRES;DEPARTAMENTO DE ADM.E FINANCAS;AUXILIAR OPERACIONAL TEMPORARIO;; SERVICO TEMPORARIO;2396,89;;2396,89;178,10;2218,79;
BRUNO ALENCAR DE V D SARAIVA;DEPARTAMENTO DE POL.FUNDIARIA;ASSESSOR II;NAO INFORMADO; CARGO COMISSION.S/VINCULO;4209,79;;4209,79;597,14;3612,65;
BRUNO MONTEIRO LOBATO;ASSESSORIA;ASSESSOR II;NAO INFORMADO; CARGO COMISSION.S/VINCULO;4209,79;;4209,79;597,14;3612,65;
BYANCA DE FATIMA MARTINS LOPES;DEPTO.DE GESTAO TERRITORIAL;ASSISTENTE TECNICO TEMPORARIO;; SERVICO TEMPORARIO;3375,48;;3375,48;364,83;3010,65;
CAMILA ARAGAO GOMES;DEPARTAMENTO DE ADM.E FINANCAS;ASSISTENTE TECNICO TEMPORARIO;; SERVICO TEMPORARIO;3375,48;;3375,48;364,83;3010,65;
CARLA LEMOS BINO;DEPARTAMENTO DE ADM.E FINANCAS;AUXILIAR ADMINISTRATIVO TEMPORARIO;; SERVICO TEMPORARIO;2519,04;;2519,04;189,09;2329,95;
CARLA ROBERTA BARRETO F BARBOSA;DEPARTAMENTO DE POL.HABITACION;GERENTE;NAO INFORMADO; CARGO COMISSION.S/VINCULO;4209,79;;4209,79;597,14;3612,65;
CARLA TAYNARA PANTOJA GOMES;DEPARTAMENTO DE ADM.E FINANCAS;ASSISTENTE TECNICO TEMPORARIO;; SERVICO TEMPORARIO;3375,48;;3375,48;364,83;3010,65;
CARLOS SILVESTRE SANTOS DA CUNHA;GERENCIA DE MATER.E PATRIMONIO;ASSESSOR II;NAO INFORMADO; CARGO COMISSION.S/VINCULO;4209,79;;4209,79;597,14;3612,65;
CAROLINA PAZ LORDEIRO LIMA;DEPARTAMENTO DE ADM.E FINANCAS;ASSESSOR II;ASSESSOR II; CARGO COMISSION.S/VINCULO;4209,79;;4209,79;597,14;3612,65;
CAROLINE VASCONCELOS DA CUNHA;ASSESSORIA;ASSESSOR I;; CARGO COMISSION.S/VINCULO;1903,05;;1903,05;1176,69;726,36;
CAROLINE VASCONCELOS DA CUNHA;SECRETARIA EXECUTIVA;SECRETARIO EXECUTIVO ADJUNTO;SECRETARIO EXECUTIVO; CARGO COMISSION.S/VINCULO;9000,00;;9000,00;2173,69;6826,31;
CECILIA FERNANDES SILVA DE SOUSA;GABINETE DO SECRETARIO;ASSESSOR II;ASSESSOR II; CARGO COMISSION.S/VINCULO;4209,79;;4209,79;597,14;3612,65;
CINDY ALVES SABAT GAIA;DEPARTAMENTO DE ADM.E FINANCAS;ASSISTENTE TECNICO TEMPORARIO;; SERVICO TEMPORARIO;3375,48;;3375,48;364,83;3010,65;
CINTIA SORAIA ALMEIDA DE SOUZA;GABINETE DO SECRETARIO;ASSESSOR II;NAO INFORMADO; CARGO COMISSION.S/VINCULO;4209,79;;4209,79;597,14;3612,65;
CLAUDENIZA OZORIO DE CARVALHO;GERENCIA DE ORC.E FINANCAS;A.TEC-I;; ESTATUTARIO;3933,05;;3933,05;687,59;3245,46;
CLAUDIA DA COSTA ALVES;GERENCIA DE RECURSOS HUMANOS;ASSISTENTE TECNICO TEMPORARIO;; SERVICO TEMPORARIO;3375,48;;3375,48;364,83;3010,65;
CLAUDIA REGINA MATOS S REZENDE;DEPARTAMENTO DE ADM.E FINANCAS;AUXILIAR OPERACIONAL TEMPORARIO;; SERVICO TEMPORARIO;2396,89;;2396,89;178,10;2218,79;
CLAUDIO MORIS DIAS;DEPARTAMENTO DE ADM.E FINANCAS;ASSISTENTE TECNICO TEMPORARIO;; SERVICO TEMPORARIO;3375,48;;3375,48;364,83;3010,65;
CLAUDIO SARAIVA DO NASCIMENTO;DEPARTAMENTO DE ADM.E FINANCAS;ASSESSOR III;NAO INFORMADO; CARGO COMISSION.S/VINCULO;3191,80;;3191,80;327,46;2864,34;
CLEIA COSTA DA SILVA;DEPARTAMENTO DE ADM.E FINANCAS;ASSISTENTE TECNICO TEMPORARIO;; SERVICO TEMPORARIO;3375,48;;3375,48;364,83;3010,65;
CLEICIMAR SILVA REBOUCAS;DEPARTAMENTO DE POL.FUNDIARIA;ASSESSOR IV;ASSESSOR IV; CARGO COMISSION.S/VINCULO;3175,61;;3175,61;324,29;2851,32;
CLEIDE BEZERRA BARROS;DEPARTAMENTO DE ADM.E FINANCAS;GERENTE;NAO INFORMADO; CARGO COMISSION.S/VINCULO;4209,79;;4209,79;585,61;3624,18;
CLEONICE LIMA DA CUNHA;DEPARTAMENTO DE ADM.E FINANCAS;AUXILIAR ADMINISTRATIVO TEMPORARIO;; SERVICO TEMPORARIO;2519,04;;2519,04;189,09;2329,95;
CLODUALDO LIMA DUARTE;DEPARTAMENTO DE ADM.E FINANCAS;ASSISTENTE TECNICO;; ESTATUTARIO;3603,77;;3603,77;567,21;3036,56;
CRISTHIAN FABRICIO DO R RIBEIRO;DEPARTAMENTO DE ADM.E FINANCAS;AUXILIAR ADMINISTRATIVO TEMPORARIO;; SERVICO TEMPORARIO;2519,04;;2519,04;189,09;2329,95;
CRISTIANE CHAVIER DE OLIVEIRA;ASSESSORIA;ASSISTENTE TECNICO TEMPORARIO;; SERVICO TEMPORARIO;3375,48;;3375,48;364,83;3010,65;
CRISTIANE PIRES DOS SANTOS;GERENCIA DE ORC.E FINANCAS;ASSISTENTE TECNICO TEMPORARIO;; SERVICO TEMPORARIO;3375,48;;3375,48;364,83;3010,65;
CRISTOVAM DA COSTA CORDEIRO;DEPARTAMENTO DE ADM.E FINANCAS;MOT-I;; ESTATUTARIO;3837,39;;3837,39;518,72;3318,67;
DAIANE MOREIRA CARDOZO;DEPTO.DE GESTAO TERRITORIAL;GERENTE;NAO INFORMADO; CARGO COMISSION.S/VINCULO;4209,79;;4209,79;597,14;3612,65;
DANIEL CARDOSO DE OLIVEIRA;ASSESSORIA;AUXILIAR ADMINISTRATIVO TEMPORARIO;; SERVICO TEMPORARIO;2519,04;;2519,04;189,09;2329,95;
DANIEL GOMES ASSANTE;DEPARTAMENTO DE POL.HABITACION;AUXILIAR OPERACIONAL TEMPORARIO;; SERVICO TEMPORARIO;2396,89;;2396,89;178,10;2218,79;
DANIEL PINTO DE BARROS;DEPARTAMENTO DE ADM.E FINANCAS;ASSESSOR III;NAO INFORMADO; CARGO COMISSION.S/VINCULO;3191,80;;3191,80;327,46;2864,34;
DANIEL ROCHA FILHO;SECRETARIA EXECUTIVA;SECRETARIO EXECUTIVO ADJUNTO;SECRETARIO EXECUTIVO; CARGO COMISSION.S/VINCULO;9000,00;;9000,00;2225,83;6774,17;
DARCLEY CASTRO DOS SANTOS;DEPARTAMENTO DE POL.HABITACION;AUXILIAR OPERACIONAL TEMPORARIO;; SERVICO TEMPORARIO;2396,89;;2396,89;178,10;2218,79;
DARFFYLEN PATRICIA COSTA AZEVEDO;DEPARTAMENTO DE ADM.E FINANCAS;ASSESSOR III;ASSESSOR III; CARGO COMISSION.S/VINCULO;3191,80;;3191,80;327,46;2864,34;
DAYANA MENEZES DE SOUZA;DEPARTAMENTO DE ADM.E FINANCAS;ASSESSOR III;; CARGO COMISSION.S/VINCULO;3191,80;;3191,80;327,46;2864,34;
DAYSE SILVA DE SOUZA;DEPARTAMENTO DE POL.FUNDIARIA;ASSISTENTE TECNICO TEMPORARIO;; SERVICO TEMPORARIO;3375,48;;3375,48;351,32;3024,16;
DEBHORA RODRIGUES GARCIA;ASSESSORIA;GERENTE;NAO INFORMADO; CARGO COMISSION.S/VINCULO;5613,05;;5613,05;1102,13;4510,92;
DEBORA KALINE PEREIRA DE ARAUJO;DEPARTAMENTO DE ADM.E FINANCAS;AUXILIAR ADMINISTRATIVO TEMPORARIO;; SERVICO TEMPORARIO;2519,04;;2519,04;189,09;2329,95;
DEBORAH DE LIMA PAES;GERENCIA DE CARTOGRAFIA;ASSESSOR I;NAO INFORMADO; CARGO COMISSION.S/VINCULO;5229,77;;5229,77;957,83;4271,94;
DEUSDETE COSTA SENNA;GERENCIA DE MATER.E PATRIMONIO;MOTORISTA 3A CLASSE;; ESTATUTARIO;3689,20;;3689,20;443,46;3245,74;
DEYSEMARA FONSECA DE OLIVEIRA;ASSESSORIA;AUXILIAR ADMINISTRATIVO TEMPORARIO;; SERVICO TEMPORARIO;2519,04;;2519,04;189,09;2329,95;
DIEGO MOURA PAIVA;DEPARTAMENTO DE ADM.E FINANCAS;AUXILIAR ADMINISTRATIVO TEMPORARIO;; SERVICO TEMPORARIO;2519,04;;2519,04;189,09;2329,95;
EDER JOSE DA CUNHA TEIXEIRA;SECRETARIA EXECUTIVA;ASSISTENTE TECNICO;; ESTATUTARIO;3595,03;;3595,03;564,67;3030,36;
EDIVANIA DE SOUSA ALENCAR;ASSESSORIA;ASSISTENTE TECNICO TEMPORARIO;; SERVICO TEMPORARIO;3375,48;;3375,48;364,83;3010,65;
EDNEIA PEREIRA DOURADO;SECRETARIA EXECUTIVA;ASSISTENTE ADMINISTRATIVO I;; C.L.T.;3436,00;;3436,00;342,42;3093,58;
EDSON RIELLA DE OLIVEIRA JUNIOR;DEPARTAMENTO DE ADM.E FINANCAS;ASSESSOR IV;NAO INFORMADO; CARGO COMISSION.S/VINCULO;3175,61;;3175,61;324,29;2851,32;
EDSON SILVA ARAUJO;SECRETARIA EXECUTIVA;A.TEC-I;; ESTATUTARIO;3906,23;;3906,23;623,50;3282,73;
EDUARDO ENRIQUE A CARVALHO;DEPARTAMENTO DE POL.FUNDIARIA;AUXILIAR ADMINISTRATIVO TEMPORARIO;; SERVICO TEMPORARIO;2519,04;;2519,04;189,09;2329,95;
EDUARDO MENDONCA JUNIOR;GERENCIA DE ORC.E FINANCAS;A.TEC-II;; ESTATUTARIO;3655,15;;3655,15;546,42;3108,73;
ELEONORA FERREIRA DOS SANTOS;SECRETARIA EXECUTIVA;A.TEC-I;; ESTATUTARIO;4443,13;;4443,13;770,85;3672,28;
ELIANE DE NAZARE O NASCIMENTO;DEPARTAMENTO DE ADM.E FINANCAS;ASSESSOR IV;ASSESSOR IV; CARGO COMISSION.S/VINCULO;3175,61;;3175,61;324,29;2851,32;
ELISVAN MEDEIROS BARBOSA;DEPARTAMENTO DE ADM.E FINANCAS;AUXILIAR OPERACIONAL TEMPORARIO;; SERVICO TEMPORARIO;2396,89;;2396,89;178,10;2218,79;
ELITA MAIARA CABRAL SANTOS;DEPARTAMENTO DE ADM.E FINANCAS;AUXILIAR ADMINISTRATIVO TEMPORARIO;; SERVICO TEMPORARIO;2519,04;;2519,04;189,09;2329,95;
ERNANDO DOS SANTOS DIAS;DEPARTAMENTO DE ADM.E FINANCAS;ASSISTENTE TECNICO;; ESTATUTARIO;3603,77;;3603,77;567,21;3036,56;
ETY DOS SANTOS;DEPARTAMENTO DE ADM.E FINANCAS;AUX.S.G-II;; ESTATUTARIO;3859,46;;3859,46;463,89;3395,57;
EYRE CRISTINA DA SILVA ALVARENGA;DEPARTAMENTO DE ADM.E FINANCAS;ASSISTENTE TECNICO TEMPORARIO;; SERVICO TEMPORARIO;3375,48;;3375,48;351,32;3024,16;
EZEGLAIR PEREIRA DE SOUZA;GERENCIA DE MATER.E PATRIMONIO;MOT-II;; ESTATUTARIO;3752,91;;3752,91;479,84;3273,07;
FABIANA CRUZ DE OLIVEIRA;GABINETE DO SECRETARIO;ASSESSOR I;NAO INFORMADO; CARGO COMISSION.S/VINCULO;5229,77;;5229,77;957,83;4271,94;
FABIANA SILVA DE ARAUJO;DEPTO.DE GESTAO TERRITORIAL;ASSISTENTE TECNICO TEMPORARIO;; SERVICO TEMPORARIO;3375,48;;3375,48;364,83;3010,65;
FABIANO THEMYSSON GUIMARAES DE LIMA;DEPARTAMENTO DE ADM.E FINANCAS;ASSISTENTE TECNICO TEMPORARIO;; SERVICO TEMPORARIO;3375,48;;3375,48;364,83;3010,65;
FELIPE DE MELO E SILVA;GERENCIA DE MATER.E PATRIMONIO;ASSESSOR II;NAO INFORMADO; CARGO COMISSION.S/VINCULO;4209,79;;4209,79;500,21;3709,58;
FERNANDA LUIZA RIBEIRO COUTINHO;DEPARTAMENTO DE ADM.E FINANCAS;ASSISTENTE TECNICO TEMPORARIO;; SERVICO TEMPORARIO;3375,48;;3375,48;364,83;3010,65;
FERNANDA NEVES SABUGOSA;DEPARTAMENTO DE ADM.E FINANCAS;ASSESSOR II;NAO INFORMADO; CARGO COMISSION.S/VINCULO;5613,05;;5613,05;1102,13;4510,92;
FERNANDO JUNIOR SILVA ARAUJO;DEPARTAMENTO DE ADM.E FINANCAS;AUXILIAR OPERACIONAL TEMPORARIO;; SERVICO TEMPORARIO;2396,89;;2396,89;178,10;2218,79;
FRANCIOMAR BARBOSA;DEPARTAMENTO DE ADM.E FINANCAS;ASSISTENTE TECNICO TEMPORARIO;; SERVICO TEMPORARIO;3375,48;;3375,48;337,11;3038,37;
FRANCISCA DO NASCIMENTO ELIAS;DEPARTAMENTO DE ADM.E FINANCAS;A.TEC-I;; ESTATUTARIO;4453,10;;4453,10;774,04;3679,06;
FRANCISCO DE ASSIS SOUTO;DEPARTAMENTO DE ADM.E FINANCAS;TNS-I;; ESTATUTARIO;6919,07;;6919,07;1628,10;5290,97;
GABRIEL DA SILVEIRA RAMOS FLORES;ASSESSORIA;AUXILIAR ADMINISTRATIVO TEMPORARIO;; SERVICO TEMPORARIO;2519,04;;2519,04;189,09;2329,95;
GABRIEL GAMA GOMES;DEPARTAMENTO DE ADM.E FINANCAS;AUXILIAR ADMINISTRATIVO TEMPORARIO;; SERVICO TEMPORARIO;2519,04;;2519,04;189,09;2329,95;
GABRIEL REBOUCAS ALVAREZ;DEPARTAMENTO DE ADM.E FINANCAS;AUXILIAR OPERACIONAL TEMPORARIO;; SERVICO TEMPORARIO;2396,89;;2396,89;178,10;2218,79;
GABRIEL SALES MEDEIROS;GERENCIA DE PROG.E PESQUISAS;GERENTE;NAO INFORMADO; CARGO COMISSION.S/VINCULO;4209,79;;4209,79;597,14;3612,65;
GABRIELA NAZARETH BAMPI;DEPARTAMENTO DE ADM.E FINANCAS;ASSESSOR III;ASSESSOR III; CARGO COMISSION.S/VINCULO;3191,80;;3191,80;327,46;2864,34;
GARDENIA LOUREIRO FREIRE SIQUEIRA;GABINETE DO SECRETARIO;CHEFE DE DEPARTAMENTO;CHEFE DE DEPARTAMENT; CARGO COMISSION.S/VINCULO;5229,77;;5229,77;957,83;4271,94;
GERMAN CUSQUISIBAN ESCOBAL;DEPARTAMENTO DE ADM.E FINANCAS;A.TEC-I;; ESTATUTARIO;3880,00;;3880,00;673,32;3206,68;
GILSON AGUIAR DA SILVA;GERENCIA DE PROG.E PESQUISAS;ASSESSOR I;NAO INFORMADO; CARGO COMISSION.S/VINCULO;5229,77;;5229,77;957,83;4271,94;
GIMES GAMA DA SILVA;DEPARTAMENTO DE ADM.E FINANCAS;AUXILIAR ADMINISTRATIVO TEMPORARIO;; SERVICO TEMPORARIO;2519,04;;2519,04;189,09;2329,95;
GIOVANNA DE OLIVEIRA ARANHA;DEPARTAMENTO DE POL.FUNDIARIA;AUXILIAR OPERACIONAL TEMPORARIO;; SERVICO TEMPORARIO;2396,89;;2396,89;178,10;2218,79;
GLAYSON LUIZ OLIVEIRA PEIXOTO;DEPARTAMENTO DE ADM.E FINANCAS;ASSESSOR II;NAO INFORMADO; CARGO COMISSION.S/VINCULO;4209,79;;4209,79;585,61;3624,18;
HANNA BEATRICE MACHADO LIMA;ASSESSORIA;ASSESSOR I;NAO INFORMADO; CARGO COMISSION.S/VINCULO;5229,77;;5229,77;957,83;4271,94;
HELEN CRISTINA DA SILVA ROCHA;DEPARTAMENTO DE ADM.E FINANCAS;ASSISTENTE TECNICO TEMPORARIO;; SERVICO TEMPORARIO;3375,48;;3375,48;364,83;3010,65;
HELLEN REGINA PINHEIRO JORDAO;ASSESSORIA;ASSESSOR IV;ASSESSOR IV AD-4; CARGO COMISSION.S/VINCULO;3175,61;;3175,61;324,29;2851,32;
HEROS LOPES RODRIGUES;ASSESSORIA;CHEFE DE DEPARTAMENTO;NAO INFORMADO; CARGO COMISSION.S/VINCULO;5229,77;;5229,77;957,83;4271,94;
IDEANY MELO DE PAIVA;DEPARTAMENTO DE ADM.E FINANCAS;AUXILIAR ADMINISTRATIVO TEMPORARIO;; SERVICO TEMPORARIO;2519,04;;2519,04;189,09;2329,95;
IGOR NONATO ALMEIDA PEREIRA;DEPARTAMENTO DE POL.FUNDIARIA;ASSESSOR I;ASSESSOR I; CARGO COMISSION.S/VINCULO;6973,03;;6973,03;1614,17;5358,86;
INGRID CRISTINY GONCALVES PEDROSA;DEPARTAMENTO DE ADM.E FINANCAS;AUXILIAR OPERACIONAL TEMPORARIO;; SERVICO TEMPORARIO;2396,89;;2396,89;178,10;2218,79;
ISAIAS SOARES DOS SANTOS;DEPARTAMENTO DE ADM.E FINANCAS;AUXILIAR OPERACIONAL TEMPORARIO;; SERVICO TEMPORARIO;2396,89;;2396,89;178,10;2218,79;
ISLA DE CASTRO GUIMARAES;DEPARTAMENTO DE ADM.E FINANCAS;AUXILIAR ADMINISTRATIVO TEMPORARIO;; SERVICO TEMPORARIO;2519,04;;2519,04;189,09;2329,95;
IVANEIDE DE CARVALHO ANAQUIRI;DEPARTAMENTO DE POL.HABITACION;ASSESSOR IV;NAO INFORMADO; CARGO COMISSION.S/VINCULO;3175,61;;3175,61;324,29;2851,32;
IVONE DA SILVA FREIRE;DEPARTAMENTO DE ADM.E FINANCAS;A.TEC-I;; ESTATUTARIO;4494,32;;4494,32;787,24;3707,08;
IZABEL CRISTINA DA SILVA FREIRE;ASSESSORIA;AUXILIAR OPERACIONAL TEMPORARIO;; SERVICO TEMPORARIO;2396,89;;2396,89;178,10;2218,79;
JANDERLE COSTA DA SILVA;GABINETE DO SECRETARIO;ASSESSOR III;NAO INFORMADO; CARGO COMISSION.S/VINCULO;3191,80;;3191,80;327,46;2864,34;
JEANNELLY PEREIRA;DEPTO.DE GESTAO TERRITORIAL;ASSISTENTE TECNICO TEMPORARIO;; SERVICO TEMPORARIO;3375,48;;3375,48;364,83;3010,65;
JERRY LUCIO DIAS DA SILVA;GABINETE DO SECRETARIO;ASSESSOR I;ASSESSOR I; CARGO COMISSION.S/VINCULO;5229,77;;5229,77;957,83;4271,94;
JEZREEL DA SILVA PATROCINIO;DEPARTAMENTO DE ADM.E FINANCAS;ASSISTENTE TECNICO TEMPORARIO;; SERVICO TEMPORARIO;3375,48;;3375,48;364,83;3010,65;
JOAO CHAGAS JUNIOR;DEPARTAMENTO DE POL.FUNDIARIA;ASSESSOR II;ASSESSOR II; CARGO COMISSION.S/VINCULO;4209,79;;4209,79;597,14;3612,65;
JOAO COELHO BRAGA;SECRETARIA EXECUTIVA;SECRETARIO DE ESTADO;SECRETARIO DE ESTADO; CARGO COMISSION.S/VINCULO;28060,00;;28060,00;7363,05;20696,95;
JOAQUIM MARQUES DOS SANTOS JUNIOR;GERENCIA DE PROG.E PESQUISAS;TECNICO III;; ESTATUTARIO;7186,50;;7186,50;1704,04;5482,46;
JONAHTA ISMAEL MELO;GABINETE DO SECRETARIO;GERENTE;GERENTE; CARGO COMISSION.S/VINCULO;4209,79;;4209,79;597,14;3612,65;
JORGE ALMEIDA DA SILVA;DEPARTAMENTO DE POL.FUNDIARIA;AUXILIAR OPERACIONAL TEMPORARIO;; SERVICO TEMPORARIO;2396,89;;2396,89;178,10;2218,79;
JORGE HENRIQUE MARTINIANO;DEPARTAMENTO DE ADM.E FINANCAS;AUXILIAR OPERACIONAL TEMPORARIO;; SERVICO TEMPORARIO;2396,89;;2396,89;178,10;2218,79;
JOSE ALBERTO CARIOCA CRUZ;DEPARTAMENTO DE ADM.E FINANCAS;ASSISTENTE TECNICO TEMPORARIO;; SERVICO TEMPORARIO;3375,48;;3375,48;364,83;3010,65;
JOSE ONESIMO GOMES JUNIOR;DEPARTAMENTO DE ADM.E FINANCAS;ASSISTENTE TECNICO TEMPORARIO;; SERVICO TEMPORARIO;3375,48;;3375,48;364,83;3010,65;
JOSE ROBSON DA SILVA MIRANDA;GERENCIA DE MATER.E PATRIMONIO;AUXILIAR OPERACIONAL TEMPORARIO;; SERVICO TEMPORARIO;2396,89;;2396,89;178,10;2218,79;
JOSEANE DA SILVA DO NASCIMENTO;DEPARTAMENTO DE POL.HABITACION;AUXILIAR ADMINISTRATIVO TEMPORARIO;; SERVICO TEMPORARIO;2519,04;;2519,04;189,09;2329,95;
JOSEVAN LOPES DA SILVA;DEPARTAMENTO DE ADM.E FINANCAS;ASSISTENTE TECNICO TEMPORARIO;; SERVICO TEMPORARIO;3375,48;;3375,48;364,83;3010,65;
JULIA DA SILVA BRAZ;DEPARTAMENTO DE POL.HABITACION;AUXILIAR ADMINISTRATIVO TEMPORARIO;; SERVICO TEMPORARIO;2519,04;;2519,04;189,09;2329,95;
JULIO CESAR PEDROSO DO AMARAL;DEPARTAMENTO DE ADM.E FINANCAS;ASSESSOR IV;NAO INFORMADO; CARGO COMISSION.S/VINCULO;3175,61;;3175,61;324,29;2851,32;
JUSSARA DA SILVA PANTOJA;DEPARTAMENTO DE ADM.E FINANCAS;AUXILIAR ADMINISTRATIVO TEMPORARIO;; SERVICO TEMPORARIO;2519,04;;2519,04;189,09;2329,95;
KARLA MICCELLA SANTOS B OLIVEIRA;DEPARTAMENTO DE ADM.E FINANCAS;ASSISTENTE TECNICO TEMPORARIO;; SERVICO TEMPORARIO;3375,48;;3375,48;364,83;3010,65;
KELLVIS BRASIL CASTRO;DEPARTAMENTO DE POL.FUNDIARIA;AUXILIAR OPERACIONAL TEMPORARIO;; SERVICO TEMPORARIO;2396,89;;2396,89;178,10;2218,79;
KEMILLY MILENA DO CARMO LIMA;DEPARTAMENTO DE ADM.E FINANCAS;AUXILIAR ADMINISTRATIVO TEMPORARIO;; SERVICO TEMPORARIO;2519,04;;2519,04;189,09;2329,95;
KEROLENY CONCEICAO DE A RODRIGUES;GERENCIA DE RECURSOS HUMANOS;ASSISTENTE TECNICO TEMPORARIO;; SERVICO TEMPORARIO;3375,48;;3375,48;364,83;3010,65;
KLEVERTON JOSE ALMEIDA DE ANDRADE;GERENCIA DE MATER.E PATRIMONIO;AUXILIAR OPERACIONAL TEMPORARIO;; SERVICO TEMPORARIO;2396,89;;2396,89;178,10;2218,79;
LARISSA CORREA DA SILVEIRA;DEPARTAMENTO DE ADM.E FINANCAS;ASSISTENTE TECNICO TEMPORARIO;; SERVICO TEMPORARIO;3375,48;;3375,48;351,32;3024,16;
LARISSA RADIJA NASCIMENTO MENEZES;GABINETE DO SECRETARIO;CHEFE DE DEPARTAMENTO;CHEFE DE DEPARTAMENT; CARGO COMISSION.S/VINCULO;5229,77;;5229,77;957,83;4271,94;
LEANDRO RIBEIRO PAIXAO;ASSESSORIA;ASSESSOR I;NAO INFORMADO; CARGO COMISSION.S/VINCULO;5229,77;;5229,77;957,83;4271,94;
LENILSON BARBOSA ARAUJO SOUZA;DEPARTAMENTO DE ADM.E FINANCAS;ASSISTENTE TECNICO TEMPORARIO;; SERVICO TEMPORARIO;3375,48;;3375,48;364,83;3010,65;
LEONARDO CESAR RABELLO ITUASSU;ASSESSORIA;ASSESSOR I;; CARGO COMISSION.S/VINCULO;5229,77;;5229,77;957,83;4271,94;
LEYDIANE GUIMARAES DA COSTA;DEPARTAMENTO DE ADM.E FINANCAS;ASSESSOR III;ASSESSOR III; CARGO COMISSION.S/VINCULO;3191,80;;3191,80;327,46;2864,34;
LILIA MARIA DA MOTA SILVA;DEPARTAMENTO DE ADM.E FINANCAS;ASSISTENTE TECNICO;; ESTATUTARIO;5268,37;;5268,37;893,65;4374,72;
LILIANE GALVAO LIMA;DEPARTAMENTO DE POL.HABITACION;ASSESSOR IV;; CARGO COMISSION.S/VINCULO;3175,61;;3175,61;324,29;2851,32;
LUANA PATRICIA DIAS RODRIGUES;DEPARTAMENTO DE POL.FUNDIARIA;ASSESSOR III;NAO INFORMADO; CARGO COMISSION.S/VINCULO;3191,80;;3191,80;327,46;2864,34;
LUCAS DE OLIVEIRA BRILHANTE;SECRETARIA EXECUTIVA;AGENTE ADM.-AGA-T.S.N.A.-E;GERENTE; ESTATUTARIO;4926,79;;4926,79;620,97;4305,82;
LUCIA REGINE SANTOS DA SILVA;GERENCIA DE MATER.E PATRIMONIO;AUXILIAR DE SERV GERAIS 2A CLASSE;; ESTATUTARIO;3470,55;;3470,55;380,05;3090,50;
LUCIANA SOBREIRA LUCIO;SECRETARIA EXECUTIVA;SECRETARIO EXECUTIVO ADJUNTO;; CARGO COMISSION.S/VINCULO;18750,00;;18750,00;4500,00;14250,00;
LUCIANO RICHARD NOBRE MENDES;DEPARTAMENTO DE POL.HABITACION;AUXILIAR ADMINISTRATIVO TEMPORARIO;; SERVICO TEMPORARIO;2519,04;;2519,04;189,09;2329,95;
LUCINDA AURORA OLIVEIRA LIMA;DEPARTAMENTO DE ADM.E FINANCAS;A.TEC-I;; ESTATUTARIO;4409,36;;4409,36;722,84;3686,52;
LUCIO MEIRELLES DA SILVA B MENEZES;SECRETARIA EXECUTIVA;SECRETARIO EXECUTIVO;SECRETARIO EXECUTIVO; CARGO COMISSION.S/VINCULO;11700,00;;11700,00;2968,33;8731,67;
LUDMILLA CLEMENTINO ARAUJO;DEPARTAMENTO DE ADM.E FINANCAS;ASSISTENTE TECNICO TEMPORARIO;; SERVICO TEMPORARIO;3375,48;;3375,48;364,83;3010,65;
LUIMAR SUANO ALVAREZ;DEPARTAMENTO DE ADM.E FINANCAS;ASSESSOR I;ASSESSOR I; CARGO COMISSION.S/VINCULO;5229,77;;5229,77;957,83;4271,94;
LUIS FERNANDO BARBOSA BARROS;DEPARTAMENTO DE ADM.E FINANCAS;AUXILIAR OPERACIONAL TEMPORARIO;; SERVICO TEMPORARIO;2396,89;;2396,89;178,10;2218,79;
LUIZ CARLOS PERASA RIBEIRO;GABINETE DO SECRETARIO;AUXILIAR OPERACIONAL TEMPORARIO;; SERVICO TEMPORARIO;2396,89;;2396,89;178,10;2218,79;
LUIZ JAILTON LOPES CORDEIRO;GABINETE DO SECRETARIO;ASSESSOR II;NAO INFORMADO; CARGO COMISSION.S/VINCULO;4209,79;;4209,79;597,14;3612,65;
MAGDA BATISTA DA SILVA;DEPARTAMENTO DE ADM.E FINANCAS;AUXILIAR ADMINISTRATIVO TEMPORARIO;; SERVICO TEMPORARIO;2519,04;;2519,04;189,09;2329,95;
MAISE SALDANHA GARCIA;GERENCIA DE RECURSOS HUMANOS;ASSESSOR I;NAO INFORMADO; CARGO COMISSION.S/VINCULO;5229,77;;5229,77;914,81;4314,96;
MAIZA LEITE ANDRADE;DEPARTAMENTO DE ADM.E FINANCAS;AUX.ADM-III;; ESTATUTARIO;2338,52;;2338,52;327,39;2011,13;
MAKSSUELLE CAROLINE S NASCIMENTO;DEPARTAMENTO DE POL.FUNDIARIA;ASSESSOR III;NAO INFORMADO; CARGO COMISSION.S/VINCULO;3191,80;;3191,80;327,46;2864,34;
MANOEL RAIMUNDO DA ROCHA;GERENCIA DE CARTOGRAFIA;A.TEC-II;; ESTATUTARIO;3642,48;;3642,48;600,86;3041,62;
MARCELL DE LIMA ALMEIDA;DEPARTAMENTO DE POL.FUNDIARIA;ASSESSOR III;NAO INFORMADO; CARGO COMISSION.S/VINCULO;3191,80;;3191,80;327,46;2864,34;
MARCELO DA SILVA DOS SANTOS;DEPARTAMENTO DE ADM.E FINANCAS;ASSISTENTE TECNICO TEMPORARIO;; SERVICO TEMPORARIO;3375,48;;3375,48;364,83;3010,65;
MARCELO DE ALMEIDA CONCEICAO;DEPARTAMENTO DE POL.FUNDIARIA;ASSESSOR II;ASSESSOR II; CARGO COMISSION.S/VINCULO;4209,79;;4209,79;597,14;3612,65;
MARCELO SIMAO DOS REIS;DEPARTAMENTO DE POL.FUNDIARIA;AUXILIAR ADMINISTRATIVO TEMPORARIO;; SERVICO TEMPORARIO;2519,04;;2519,04;189,09;2329,95;
MARCIA NUNES DA SILVA;DEPARTAMENTO DE ADM.E FINANCAS;AUXILIAR ADMINISTRATIVO TEMPORARIO;; SERVICO TEMPORARIO;2519,04;;2519,04;189,09;2329,95;
MARCO SIMON DA SILVA BENEDITO;DEPARTAMENTO DE POL.FUNDIARIA;ASSESSOR II;NAO INFORMADO; CARGO COMISSION.S/VINCULO;5613,05;;5613,05;1102,13;4510,92;
MARCOS AURELIO BASTOS NUNES;GERENCIA DE ESTUDOS E PROJETOS;ASSESSOR III;NAO INFORMADO; CARGO COMISSION.S/VINCULO;3191,80;;3191,80;317,16;2874,64;
MARIA AMALIA DIAS DA SILVA;DEPARTAMENTO DE ADM.E FINANCAS;ASSISTENTE TECNICO TEMPORARIO;; SERVICO TEMPORARIO;3375,48;;3375,48;364,83;3010,65;
MARIA APARECIDA MACEDO GUIMARAES;DEPARTAMENTO DE ADM.E FINANCAS;A.TEC-I;; ESTATUTARIO;4453,10;;4453,10;774,04;3679,06;
MARIA BEATRIZ CORDEIRO CALDAS;SECRETARIA EXECUTIVA;A.TEC-I;; ESTATUTARIO;3897,48;;3897,48;621,15;3276,33;
MARIA DO SOCORRO BENAYON A HERBERT;DEPARTAMENTO DE ADM.E FINANCAS;ASSISTENTE TECNICO TEMPORARIO;; SERVICO TEMPORARIO;3375,48;;3375,48;364,83;3010,65;
MARIA DO SOCORRO GOMES DIAS;SECRETARIA EXECUTIVA;ASSISTENTE TECNICO;ASSESSOR II; ESTATUTARIO;7727,10;;7727,10;1775,00;5952,10;
MARIA DOROTEA FROTA REBOUCAS;DEPARTAMENTO DE ADM.E FINANCAS;ASSESSOR II;ASSESSOR II; CARGO COMISSION.S/VINCULO;4209,79;;4209,79;597,14;3612,65;
MARIA EDUARDA PEREIRA DOS SANTOS;GERENCIA DE VISTORIA;ASSISTENTE ADMINISTRATIVO III;; ESTATUTARIO;4070,13;;4070,13;671,71;3398,42;
MARIA ELENA ARAUJO MENDES;SECRETARIA EXECUTIVA;TECNICO II;; ESTATUTARIO;7666,09;;7666,09;1817,70;5848,39;
MARIA EUNICE PINHEIRO DE CARVALHO;SECRETARIA EXECUTIVA;A.TEC-I;; ESTATUTARIO;5146,27;;5146,27;995,98;4150,29;
MARIA JOSE BARBOSA VIANA;DEPARTAMENTO DE POL.FUNDIARIA;ASSISTENTE TECNICO TEMPORARIO;; SERVICO TEMPORARIO;3375,48;;3375,48;364,83;3010,65;
MARIA ONEIDE DA COSTA;GERENCIA DE MATER.E PATRIMONIO;AUX.S.G-II;; ESTATUTARIO;3849,50;;3849,50;461,18;3388,32;
MARIA SANDRA DA SILVA MIRANDA;ASSESSORIA;ASSESSOR IV;ASSESSOR IV AD-4; CARGO COMISSION.S/VINCULO;3175,61;;3175,61;324,29;2851,32;
MARIA SONIA FERNANDES DA SILVA SANT;DEPARTAMENTO DE ADM.E FINANCAS;A.TEC-I;; ESTATUTARIO;4443,13;;4443,13;770,85;3672,28;
MARIANE ARAUJO VIANA;DEPARTAMENTO DE ADM.E FINANCAS;ASSISTENTE TECNICO TEMPORARIO;; SERVICO TEMPORARIO;3375,48;;3375,48;364,83;3010,65;
MARILDA EDITH FIGUEIREDO A TORRES;SECRETARIA EXECUTIVA;ASSESSOR I;ASSESSOR I; CARGO COMISSION.S/VINCULO;5229,77;;5229,77;957,83;4271,94;
MARILZETE CASTIDIO DA SILVA;DEPARTAMENTO DE ADM.E FINANCAS;AUXILIAR ADMINISTRATIVO TEMPORARIO;; SERVICO TEMPORARIO;2519,04;;2519,04;189,09;2329,95;
MARISOL DE OLIVEIRA GONZALEZ;DEPARTAMENTO DE ADM.E FINANCAS;AUXILIAR ADMINISTRATIVO TEMPORARIO;; SERVICO TEMPORARIO;2519,04;;2519,04;189,09;2329,95;
MARLETE MACHADO CAVALCANTI;DEPARTAMENTO DE POL.FUNDIARIA;ASSISTENTE TECNICO TEMPORARIO;; SERVICO TEMPORARIO;3375,48;;3375,48;364,83;3010,65;
MAURO RIBEIRO DA SILVA;DEPARTAMENTO DE POL.FUNDIARIA;AUXILIAR OPERACIONAL TEMPORARIO;; SERVICO TEMPORARIO;2396,89;;2396,89;178,10;2218,79;
MONIKE DE OLIVEIRA MOURA;DEPARTAMENTO DE ADM.E FINANCAS;GERENTE;NAO INFORMADO; CARGO COMISSION.S/VINCULO;4209,79;;4209,79;597,14;3612,65;
MURILO CORREA SIQUEIRA;DEPARTAMENTO DE POL.FUNDIARIA;ASSISTENTE TECNICO TEMPORARIO;; SERVICO TEMPORARIO;3375,48;;3375,48;364,83;3010,65;
NAIRA MARIA CAMPOS WANDERLEY;DEPARTAMENTO DE POL.FUNDIARIA;ASSISTENTE TECNICO TEMPORARIO;; SERVICO TEMPORARIO;3375,48;;3375,48;364,83;3010,65;
NANCY MEIRELES MONTEIRO;GABINETE DO SECRETARIO;SECRETARIO EXECUTIVO ADJUNTO;SECRETARIO EXECUTIVO; CARGO COMISSION.S/VINCULO;9000,00;;9000,00;2225,83;6774,17;
NATALINA DA SILVA PINHEIRO;GABINETE DO SECRETARIO;ASSESSOR II;ASSESSOR II; CARGO COMISSION.S/VINCULO;4209,79;;4209,79;597,14;3612,65;
NAYANNE STEFANY VASCONCELOS VIEIRA;GERENCIA DE RECURSOS HUMANOS;AUXILIAR OPERACIONAL TEMPORARIO;; SERVICO TEMPORARIO;2396,89;;2396,89;178,10;2218,79;
NAYME DE SOUZA OLIVEIRA;ASSESSORIA;ASSESSOR III;ASSESSOR III; CARGO COMISSION.S/VINCULO;3191,80;;3191,80;327,46;2864,34;
NILCE MARIA GOMES DA SILVA VASCONCE;GERENCIA DE PROG.E PESQUISAS;AUX.ADM-III;; ESTATUTARIO;3461,81;;3461,81;394,62;3067,19;
NILTON FERNANDES DA SILVA;GERENCIA DE MATER.E PATRIMONIO;AUX.O-I;; ESTATUTARIO;3963,53;;3963,53;504,91;3458,62;
NILZIENE FERREIRA DA SILVEIRA;ASSESSORIA;ASSISTENTE TECNICO TEMPORARIO;; SERVICO TEMPORARIO;3375,48;;3375,48;364,83;3010,65;
NIVEA MARIA SANTOS TORNO;DEPARTAMENTO DE ADM.E FINANCAS;AUXILIAR ADMINISTRATIVO TEMPORARIO;; SERVICO TEMPORARIO;2519,04;;2519,04;189,09;2329,95;
OSCAR CORDEIRO DE SOUZA;GERENCIA DE MATER.E PATRIMONIO;A.TEC-I;; ESTATUTARIO;3902,40;;3902,40;679,35;3223,05;
PABLO RONEY LOPES RODRIGUES;DEPARTAMENTO DE ADM.E FINANCAS;MERENDEIRO PNF.MNF-III;ASSESSOR I; ESTATUTARIO;6259,89;;6259,89;935,47;5324,42;
PAMELA DE SOUZA ARAUJO;DEPARTAMENTO DE ADM.E FINANCAS;AUXILIAR OPERACIONAL TEMPORARIO;; SERVICO TEMPORARIO;2396,89;;2396,89;178,10;2218,79;
PAULO CEZAR LEVY DE CARVALHO;DEPARTAMENTO DE ADM.E FINANCAS;A.TEC-I;; ESTATUTARIO;4453,10;;4453,10;707,22;3745,88;
PAULO HENRIQUE GUIMARAES;DEPARTAMENTO DE ADM.E FINANCAS;AUXILIAR OPERACIONAL TEMPORARIO;; SERVICO TEMPORARIO;2396,89;;2396,89;178,10;2218,79;
PEDRO ENRIQUE DE SOUSA ALENCAR;DEPARTAMENTO DE POL.HABITACION;AUXILIAR ADMINISTRATIVO TEMPORARIO;; SERVICO TEMPORARIO;2519,04;;2519,04;189,09;2329,95;
PEDRO MOURA DOS SANTOS;DEPARTAMENTO DE ADM.E FINANCAS;ASSISTENTE TECNICO;; ESTATUTARIO;3577,54;;3577,54;559,60;3017,94;
QUEZIA FERREIRA DE LIRA;GERENCIA DE ORC.E FINANCAS;GERENTE;GERENTE; CARGO COMISSION.S/VINCULO;4209,79;;4209,79;597,14;3612,65;
RAFAEL PEREIRA DOS SANTOS;GERENCIA DE ORC.E FINANCAS;ASSESSOR III;NAO INFORMADO; CARGO COMISSION.S/VINCULO;3191,80;;3191,80;327,46;2864,34;
RAFAELA DE MOURA COELHO;DEPARTAMENTO DE POL.HABITACION;AUXILIAR OPERACIONAL TEMPORARIO;; SERVICO TEMPORARIO;2396,89;;2396,89;178,10;2218,79;
RAIMUNDA SOUZA DA SILVA;DEPARTAMENTO DE ADM.E FINANCAS;TECNICO I;; ESTATUTARIO;6836,25;;6836,25;1546,29;5289,96;
RAIMUNDO JOSUE MOREIRA PESSOA;DEPARTAMENTO DE ADM.E FINANCAS;TNS-I;; ESTATUTARIO;6995,75;;6995,75;1661,74;5334,01;
RAPHAEL SIQUEIRA MONTEIRO;DEPARTAMENTO DE POL.FUNDIARIA;ASSESSOR III;ASSESSOR III; CARGO COMISSION.S/VINCULO;3191,80;;3191,80;327,46;2864,34;
RAQUEL FERREIRA DA SILVA;DEPARTAMENTO DE ADM.E FINANCAS;ASSISTENTE ADMINISTRATIVO II;; ESTATUTARIO;3899,15;;3899,15;608,44;3290,71;
REGINA NASCIMENTO DE MOURA;SECRETARIA EXECUTIVA;ASSESSOR II;NAO INFORMADO; CARGO COMISSION.S/VINCULO;4209,79;;4209,79;597,14;3612,65;
RICARDO RAMOS DE SOUZA;DEPARTAMENTO DE ADM.E FINANCAS;TECNICO EM AGROPECUARIA;; ESTATUTARIO;4738,01;;4738,01;861,08;3876,93;
RICARDO TAVARES DE ALBUQUERQUE;ASSESSORIA;PROF.MESTRE ASSIST.D 40HS-PM.111.20;GERENTE; ESTATUTARIO;4000,00;;4000,00;150,40;3849,60;
RISMARA PINHEIRO DE ANDRADE;DEPARTAMENTO DE POL.FUNDIARIA;AUXILIAR OPERACIONAL TEMPORARIO;; SERVICO TEMPORARIO;2396,89;;2396,89;178,10;2218,79;
ROBERTO CARLOS NASCIMENTO DE LIMA;DEPARTAMENTO DE ADM.E FINANCAS;ASSESSOR III;NAO INFORMADO; CARGO COMISSION.S/VINCULO;3191,80;;3191,80;327,46;2864,34;
RODRIGO MOURA DA SILVA;DEPARTAMENTO DE ADM.E FINANCAS;ASSESSOR I;ASSESSOR I; CARGO COMISSION.S/VINCULO;5229,77;;5229,77;957,83;4271,94;
ROMULO DE SOUZA FREITAS;DEPARTAMENTO DE ADM.E FINANCAS;AUXILIAR ADMINISTRATIVO TEMPORARIO;; SERVICO TEMPORARIO;2519,04;;2519,04;189,09;2329,95;
ROSALVO DOS SANTOS MIRANDA FILHO;GERENCIA DE MATER.E PATRIMONIO;MOT-I;; ESTATUTARIO;3828,64;;3828,64;516,19;3312,45;
ROSANGELA MACEDO MARREIRO;DEPARTAMENTO DE ADM.E FINANCAS;ASSESSOR II;NAO INFORMADO; CARGO COMISSION.S/VINCULO;4209,79;;4209,79;597,14;3612,65;
ROSEMAYRE CAMILO INACIO DA SILVA;DEPARTAMENTO DE POL.HABITACION;ASSESSOR I;NAO INFORMADO; CARGO COMISSION.S/VINCULO;6973,03;;6973,03;1614,17;5358,86;
ROSIANNE NOGUEIRA DA SILVA;DEPARTAMENTO DE ADM.E FINANCAS;AUXILIAR ADMINISTRATIVO TEMPORARIO;; SERVICO TEMPORARIO;2519,04;;2519,04;189,09;2329,95;
SABRINA DA SILVA SANTANA;DEPARTAMENTO DE ADM.E FINANCAS;ASSISTENTE TECNICO TEMPORARIO;; SERVICO TEMPORARIO;3375,48;;3375,48;364,83;3010,65;
SAMUEL DE ASSUNCAO BRUNO;DEPARTAMENTO DE ADM.E FINANCAS;AUXILIAR OPERACIONAL TEMPORARIO;; SERVICO TEMPORARIO;2396,89;;2396,89;178,10;2218,79;
SAMUEL DOS SANTOS SOARES;DEPARTAMENTO DE ADM.E FINANCAS;AUXILIAR ADMINISTRATIVO TEMPORARIO;; SERVICO TEMPORARIO;2519,04;;2519,04;189,09;2329,95;
SHEILA MEIRA TORRES LEVY;DEPARTAMENTO DE ADM.E FINANCAS;ASSISTENTE TECNICO;; ESTATUTARIO;3392,96;;3392,96;534,35;2858,61;
SHIRLENE MARIA ARAUJO DA SILVA;DEPARTAMENTO DE ADM.E FINANCAS;AUXILIAR ADMINISTRATIVO TEMPORARIO;; SERVICO TEMPORARIO;2519,04;;2519,04;189,09;2329,95;
SIGLIAMANDA GUERREIRO DA SILVA;DEPARTAMENTO DE ADM.E FINANCAS;ASSISTENTE TECNICO TEMPORARIO;; SERVICO TEMPORARIO;3375,48;;3375,48;364,83;3010,65;
SILFARNEI SOUTO DE ALENCAR;DEPARTAMENTO DE ADM.E FINANCAS;AUXILIAR ADMINISTRATIVO TEMPORARIO;; SERVICO TEMPORARIO;2519,04;;2519,04;189,09;2329,95;
SILVANA NEVES PEREIRA;ASSESSORIA;ASSESSOR II;NAO INFORMADO; CARGO COMISSION.S/VINCULO;4209,79;;4209,79;597,14;3612,65;
SIOMARA BARROS DA SILVA;DEPARTAMENTO DE ADM.E FINANCAS;ASSESSOR III;ASSESSOR III; CARGO COMISSION.S/VINCULO;3191,80;;3191,80;327,46;2864,34;
SOCORRO ANASTACIO DE LIMA;DEPARTAMENTO DE ADM.E FINANCAS;ASSESSOR II;NAO INFORMADO; CARGO COMISSION.S/VINCULO;4209,79;;4209,79;597,14;3612,65;
SONIA MARIA LEAL DA SILVA;DEPARTAMENTO DE POL.FUNDIARIA;ASSISTENTE TECNICO TEMPORARIO;; SERVICO TEMPORARIO;3375,48;;3375,48;364,83;3010,65;
SONIA ROCHA VIANA;GERENCIA DE RECURSOS HUMANOS;ASSISTENTE ADMINISTRATIVO III;; ESTATUTARIO;4043,28;;4043,28;664,93;3378,35;
SORAYA PRAIA LEITE;SECRETARIA EXECUTIVA;ASSISTENTE ADMINISTRATIVO III;; ESTATUTARIO;4570,54;;4570,54;757,45;3813,09;
SUELY BRANDAO DA SILVA;GERENCIA DE MATER.E PATRIMONIO;AUXILIAR DE SERV GERAIS 2A CLASSE;; ESTATUTARIO;3779,62;;3779,62;426,41;3353,21;
SUZETE SOUZA SANTOS DA CAMARA;GERENCIA DE MATER.E PATRIMONIO;ASSESSOR II;ASSESSOR II; CARGO COMISSION.S/VINCULO;4209,79;;4209,79;597,14;3612,65;
TAMIRES BORGES DE ASSIS;GABINETE DO SECRETARIO;ASSESSOR II;NAO INFORMADO; CARGO COMISSION.S/VINCULO;4209,79;;4209,79;597,14;3612,65;
TESSALIA INES DOS SANTOS OLIVEIRA;DEPARTAMENTO DE ADM.E FINANCAS;ENG-I;; ESTATUTARIO;7846,55;;7846,55;1953,37;5893,18;
THAINA CASTELO XAVIER;DEPARTAMENTO DE ADM.E FINANCAS;AUXILIAR OPERACIONAL TEMPORARIO;; SERVICO TEMPORARIO;2396,89;;2396,89;178,10;2218,79;
THAIS VIEIRA BRAGA MELO;GABINETE DO SECRETARIO;ASSESSOR IV;ASSESSOR IV; CARGO COMISSION.S/VINCULO;4234,15;;4234,15;604,20;3629,95;
THALITA DE FREITAS LOPES;GERENCIA DE VISTORIA;ASSESSOR II;NAO INFORMADO; CARGO COMISSION.S/VINCULO;4209,79;;4209,79;597,14;3612,65;
THAMIRYS REIS DE LIMA;DEPARTAMENTO DE ADM.E FINANCAS;ASSESSOR II;NAO INFORMADO; CARGO COMISSION.S/VINCULO;4209,79;;4209,79;597,14;3612,65;
THELMA SOUZA DA COSTA;GABINETE DO SECRETARIO;A.TEC-I;; ESTATUTARIO;4468,67;;4468,67;779,03;3689,64;
TIAGO ENRIQUE ALBUQUERQUE CARVALHO;DEPARTAMENTO DE ADM.E FINANCAS;ASSISTENTE TECNICO TEMPORARIO;; SERVICO TEMPORARIO;3375,48;;3375,48;364,83;3010,65;
TONY EVERTON ALVES DE SENA;GERENCIA DE CARTOGRAFIA;ASSESSOR II;NAO INFORMADO; CARGO COMISSION.S/VINCULO;4209,79;;4209,79;597,14;3612,65;
VANILUCE FELIX DE SOUZA;DEPARTAMENTO DE ADM.E FINANCAS;ASSISTENTE ADMINISTRATIVO I;; ESTATUTARIO;3899,57;;3899,57;635,38;3264,19;
VILIANA E SILVA CAIMO;DEPARTAMENTO DE ADM.E FINANCAS;A.TEC-II;; ESTATUTARIO;3641,46;;3641,46;608,34;3033,12;
WANDERLINA NORMANDO RODRIGUES;DEPARTAMENTO DE ADM.E FINANCAS;AUXILIAR ADMINISTRATIVO TEMPORARIO;; SERVICO TEMPORARIO;2519,04;;2519,04;189,09;2329,95;
WANDERSON SILVA FREIRE;GERENCIA DE ORC.E FINANCAS;AUXILIAR OPERACIONAL TEMPORARIO;; SERVICO TEMPORARIO;2396,89;;2396,89;178,10;2218,79;
WANESSA BECKMAN CYRINO DANTAS;ASSESSORIA;ASSISTENTE TECNICO TEMPORARIO;; SERVICO TEMPORARIO;3375,48;;3375,48;351,32;3024,16;
WELLEN CRISTINA CAMPOS LIBORIO;DEPARTAMENTO DE ADM.E FINANCAS;AUXILIAR ADMINISTRATIVO TEMPORARIO;; SERVICO TEMPORARIO;2519,04;;2519,04;189,09;2329,95;
WELLINGTON PEREIRA DOS SANTOS;DEPARTAMENTO DE POL.FUNDIARIA;ASSESSOR II;NAO INFORMADO; CARGO COMISSION.S/VINCULO;4209,79;;4209,79;597,14;3612,65;
WELLISON ALVES MIRANDA;DEPARTAMENTO DE ADM.E FINANCAS;AUXILIAR OPERACIONAL TEMPORARIO;; SERVICO TEMPORARIO;2396,89;;2396,89;178,10;2218,79;
WILLAMS PACHECO BORGES;DEPARTAMENTO DE ADM.E FINANCAS;ASSESSOR IV;NAO INFORMADO; CARGO COMISSION.S/VINCULO;3175,61;;3175,61;324,29;2851,32;
WILLEN DE SOUZA PACHECO;DEPARTAMENTO DE ADM.E FINANCAS;AUXILIAR OPERACIONAL TEMPORARIO;; SERVICO TEMPORARIO;2396,89;;2396,89;178,10;2218,79;
