NOME;LOTACAO;CARGO;FUNCAO;VINCULO;REMUNERACAO LEGAL TOTAL(R$);DESC.TETO(R$); REMUNERACAO LEGAL DEVIDA(R$);DESCONTOS LEGAIS(R$);LIQUIDO DISPONIVEL(R$);
ADELANE VIEIRA RAMOS;GERENCIA DE HABILITACAO;TECNICO DE NIVEL MEDIO;; C.L.T.;3356,75;;3356,75;408,92;2947,83;
ADEMIR ROCHA RODRIGUES;DEPTO.ADMINISTRAT.-FINANCEIRO;ASSISTENTE ADMINISTRATIVO;; C.L.T.;4925,00;;4925,00;871,64;4053,36;
ADRIANA BRAGA ROCHA;DEPTO.ADMINISTRAT.-FINANCEIRO;DIRETOR ADMINISTRATIVO E FINANCEIRO;DIRETOR ADMINISTRATI; CARGO COMISSION.S/VINCULO;13605,14;;13605,14;2988,56;10616,58;
ADRINE BRANDAO TELES DO NASCIMENTO;DIRETORIA ADMINIST.FINANCEIRA;TECNICO DE INFORMATICA;; ESTATUTARIO;2300,00;;2300,00;;2300,00;
AGILCIMAR VASCONCELOS LOPES;SUB-GER.I DE EMPLACAMENTO;AUXILIAR ADMINISTRATIVO;; C.L.T.;2857,00;;2857,00;299,17;2557,83;
ALCINEIA ALMEIDA DOS SANTOS;GER.CONTR.REG.TRANSITO- CRT;AUXILIAR DE MANUTENCAO;; C.L.T.;2005,00;;2005,00;160,92;1844,08;
ALDENICE DA SILVA SAHDO;SUBGERENCIA DE VEICULOS;TECNICO DE NIVEL MEDIO;; C.L.T.;2682,00;;2682,00;266,62;2415,38;
ALDENIZIA LIMA FREIRE;DIRETOR PRESIDENTE;TECNICO DE NIVEL MEDIO;; C.L.T.;3918,47;;3918,47;551,52;3366,95;
ALDREA NORONHA RAMOS;DEPTO.ADMINISTRAT.-FINANCEIRO;TECNICO DE NIVEL MEDIO;; C.L.T.;4040,25;;4040,25;584,28;3455,97;
ALDSON XAVIER COSTA;SUB-GER.I DE EMPLACAMENTO;TECNICO DE NIVEL MEDIO;; C.L.T.;5702,80;;5702,80;1151,72;4551,08;
ALESSANDRA AVINTE DE SOUZA FREIRE;SUB-GER.I DE INF.DE TRANSITO;TECNICO DE NIVEL SUPERIOR;; C.L.T.;4338,25;;4338,25;675,96;3662,29;
ALESSANDRA BARROSO ALMEIDA;SECAO ADMINISTRATIVA;GERENTE;NAO INFORMADO; CARGO COMISSION.S/VINCULO;11262,53;;11262,53;2451,32;8811,21;
ALEXANDRE DE OLIVEIRA ROCHA;CETRAN-CONS.EST.DE TRANSITO;MEMBRO DO CETRAN;; CONSELHO;3110,00;;3110,00;111,70;2998,30;
ALFREDO JACAUNA PINHEIRO FILHO;DIRETOR PRESIDENTE;INVESTIGADOR DE POL.CL.ESPECIAL;ASSESSOR I; ESTATUTARIO;7200,00;;7200,00;1110,64;6089,36;
ALIRIA MARIA TELES COELHO;GERENCIA DE VEICULOS;TECNICO DE NIVEL MEDIO;; C.L.T.;4863,50;;4863,50;851,13;4012,37;
ALTAIR DEIVID GADELHA DA SILVA;GERENCIA DE VEICULOS;INVEST.DE POL. 3A.CL. PC-INV-III;GERENTE; ESTATUTARIO;9330,13;;9330,13;1338,93;7991,20;
ALYNNE DE SOUZA PEDREIRA;DIRETORIA TECNICA;TECNICO ADMINISTRATIVO;; ESTATUTARIO;2300,00;;2300,00;;2300,00;
AMANDA DA SILVA TEIXEIRA;GABINETE;ESCRIVAO DE POL.3A.CL. PC-ESC-III;CHEFE DE GABINETE; ESTATUTARIO;11189,00;;11189,00;1330,64;9858,36;
ANA AMELIA DE MENEZES BARBOSA;DIRETORIA TECNICA;GERENTE;NAO INFORMADO; CARGO COMISSION.S/VINCULO;9019,79;;9019,79;2084,90;6934,89;
ANA CECILIA DE SOUZA GAZEL;SUB-GER.I DE MAT.E PATRIMONIO;ASSISTENTE ADMINISTRATIVO;ASSIS ADMINISTRATIVO; ESTATUTARIO;7479,00;;7479,00;1456,95;6022,05;
ANA CELIA DOS SANTOS RAMOS;SUBGERENCIA DE VEICULOS;TECNICO DE NIVEL MEDIO;; C.L.T.;3100,80;;3100,80;344,52;2756,28;
ANA CRISTINA MARQUES BENTES LAGO;GABINETE;TECNICO DE NIVEL MEDIO;; C.L.T.;8846,00;;8846,00;2199,27;6646,73;
ANA MARCELA DA SILVA RODRIGUES;DIRETORIA TECNICA;TECNICO ADMINISTRATIVO;; ESTATUTARIO;2300,00;;2300,00;;2300,00;
ANA MARIA COSTA DA SILVA;JARI-JUNTA ADM.DE REC.DE INFR.;AUXILIAR ADMINISTRATIVO;; C.L.T.;3197,00;;3197,00;368,67;2828,33;
ANA MARIA DA SILVA FERNANDES;DEPTO.ADMINISTRAT.-FINANCEIRO;TECNICO DE NIVEL MEDIO;; C.L.T.;4240,00;;4240,00;643,19;3596,81;
ANA PAULA BRASIL DE HOLANDA;SUBGERENCIA DE VEICULOS;TECNICO DE NIVEL MEDIO;; C.L.T.;6885,50;;6885,50;1597,00;5288,50;
ANA PAULA COSTA DE SOUSA;ASSESSORIA JURIDICA;TECNICO DE NIVEL MEDIO;; C.L.T.;5836,25;;5836,25;1201,97;4634,28;
ANA PAULA MAGALHAES DE MELLO SILVA;GER.CONTR.REG.TRANSITO- CRT;AUXILIAR ADMINISTRATIVO;; C.L.T.;6209,00;;6209,00;1290,16;4918,84;
ANA SOCORRO MATOS FEITOZA;GERENCIA DE VEICULOS;TECNICO DE NIVEL MEDIO;; C.L.T.;2280,00;;2280,00;199,94;2080,06;
ANDERSON LUIS DE AVILA;DIRETORIA TECNICA;REPRESENTANTE DETRAN/AM MUN.;NAO INFORMADO; CARGO COMISSION.S/VINCULO;1681,80;;1681,80;131,83;1549,97;
ANDRE LUIS MIRANDA PINTO;GERENCIA DE INTERIOR;INVEST.DE POLICIA.1A.CL. PC-INV-I;REPRESENTANTE DETRAN; ESTATUTARIO;1490,00;;1490,00;;1490,00;
ANDRE LUIZ AYDEN FERREIRA;GERENCIA DE HABILITACAO;TECNICO ADMINISTRATIVO;; ESTATUTARIO;2300,00;;2300,00;;2300,00;
ANDRE SAKER MORAIS;DIR.ADMINISTRATIVA-FINANCEIRA;ENGENHEIRO COM ESP.EM TRANSITO;; ESTATUTARIO;5500,00;;5500,00;259,32;5240,68;
ANDREA GOMES DE SALES BRAGA;DIRETOR PRESIDENTE;TECNICO DE NIVEL MEDIO;; C.L.T.;3350,66;;3350,66;378,95;2971,71;
ANDREIA DIVINA SA DE OLIVEIRA;GERENCIA DE VEICULOS;TECNICO DE NIVEL MEDIO;; C.L.T.;1880,00;;1880,00;149,67;1730,33;
ANDRESSA DE OLIVEIRA BARRONCAS;GABINETE;ANALISTA JURIDICO;; ESTATUTARIO;5500,00;;5500,00;384,93;5115,07;
ANDREZA VIEIRA FERREIRA;ASSESSORIA JURIDICA;ASSESSOR IV;ASSESSOR IV; CARGO COMISSION.S/VINCULO;6400,11;;6400,11;1414,26;4985,85;
ANGELA ROSA SILVA DO NASCIMENTO;GERENCIA DE HABILITACAO;TECNICO DE NIVEL MEDIO;; C.L.T.;6328,34;;6328,34;917,56;5410,78;
ANNATERRA RIBEIRO DOS SANTOS;DIRETORIA TECNICA;COMUNICACAO SOCIAL;; ESTATUTARIO;5500,00;;5500,00;384,93;5115,07;
ANTONIA MARIA LIMA MOREIRA BARBOSA;GERENCIA DE VEICULOS;AUXILIAR ADMINISTRATIVO;; C.L.T.;3256,50;;3256,50;359,26;2897,24;
ANTONIO ALFREDO REGO DA MATTA FILHO;DIRETOR PRESIDENTE;TECNICO DE NIVEL MEDIO;; C.L.T.;4774,21;;4774,21;821,35;3952,86;
ANTONIO MARCOS ASSEM SALAZAR;DIRETOR PRESIDENTE;SUBGERENTE;SUBGERENTE; CARGO COMISSION.S/VINCULO;5319,66;;5319,66;1007,47;4312,19;
ANTONIO MARCOS ASSEM SALAZAR;ASSESSORIA TECNICA;ASSESSOR IV;ASSESSOR IV; CARGO COMISSION.S/VINCULO;531,63;;531,63;;531,63;
ARACY COSTA SALES;GER.CONTR.REG.TRANSITO- CRT;AUXILIAR DE MANUTENCAO;; C.L.T.;2107,00;;2107,00;170,10;1936,90;
ARILSON DE ALMEIDA LIMA;SUB-GER.I DE EMPLACAMENTO;TECNICO DE NIVEL MEDIO;; C.L.T.;5114,50;;5114,50;934,84;4179,66;
ARLETE DANTAS PINTO;JARI-JUNTA ADM.DE REC.DE INFR.;TECNICO DE NIVEL MEDIO;; C.L.T.;7880,41;;7880,41;1378,20;6502,21;
ARMANDO LIMA DO CANTO;SUBGERENCIA DE VEICULOS;TECNICO DE NIVEL MEDIO;; C.L.T.;6500,80;;6500,80;1347,90;5152,90;
ARODILSON FERREIRA DA SILVA;GER.CONTR.REG.TRANSITO- CRT;TECNICO DE NIVEL MEDIO;; C.L.T.;3657,16;;3657,16;484,63;3172,53;
ARTHUR FRANCISCO DOS SANTOS V CRUZ;GABINETE;ESCRIVAO DE POL.3A.CL. PC-ESC-III;SUBGERENTE; ESTATUTARIO;541,67;;541,67;;541,67;
ARTHUR FRANCISCO DOS SANTOS V CRUZ;DIRETOR PRESIDENTE;ESCRIVAO DE POL.3A.CL. PC-ESC-III;ASSESSOR II; ESTATUTARIO;6666,66;;6666,66;859,70;5806,96;
AUGUSTO CEZAR NUNES BASTOS;CETRAN-CONS.EST.DE TRANSITO;MEMBRO DO CETRAN;; CONSELHO;3110,00;;3110,00;111,70;2998,30;
AUREO SERGIO CORREA PINHEIRO;GER.CONTR.REG.TRANSITO- CRT;ASSESSOR I;ASSESSOR I AD-1; CARGO COMISSION.S/VINCULO;5229,77;;5229,77;973,62;4256,15;
BEATRIZ CARITAS DA SILVA MOREIRA;DIRETORIA TECNICA;TECNICO ADMINISTRATIVO;; ESTATUTARIO;2300,00;;2300,00;;2300,00;
BRUNA BATISTA RIBEIRO;GABINETE;ASSESSOR I;ASSESSOR I; CARGO COMISSION.S/VINCULO;10229,77;;10229,77;1801,92;8427,85;
BRUNO CORREA MAZIERI;ASSESSORIA DE IMPRENSA;GERENTE;GERENTE; CARGO COMISSION.S/VINCULO;7709,79;;7709,79;1417,90;6291,89;
CARLOS RODRIGUES DE ANDRADE;SUBGERENCIA DE APOIO LOGISTICO;AUXILIAR DE MANUTENCAO;; C.L.T.;3895,80;;3895,80;545,42;3350,38;
CARLOS ROUCELLI ALVES SIQUEIRA;SUBGERENCIA DE VEICULOS;TECNICO DE NIVEL SUPERIOR;TEC. NIVEL SUPERIOR; C.L.T.;2906,00;;2906,00;308,29;2597,71;
CATIA FRANCISCA GUEDES SARAIVA;GERENCIA DE VEICULOS;TECNICO DE NIVEL MEDIO;; C.L.T.;3976,00;;3976,00;566,99;3409,01;
CECELIENE RAIMUNDA PEDROSA;DEPTO.ADMINISTRAT.-FINANCEIRO;CONSULTOR TECNICO II;NAO INFORMADO; CARGO COMISSION.S/VINCULO;10466,14;;10466,14;1874,81;8591,33;
CELSO DANIEL ALBUQUERQUE DA SILVA;DEPTO.ADMINISTRAT.-FINANCEIRO;TECNICO DE NIVEL MEDIO;; C.L.T.;6320,88;;6320,88;1332,29;4988,59;
CHRISTIAN CASTRO DOS SANTOS;SECAO DE EXP.DOC.DE HABILIT.;CHEFE DE DEPARTAMENTO;NAO INFORMADO; CARGO COMISSION.S/VINCULO;11106,36;;11106,36;2050,87;9055,49;
CIBELE VARGAS FERNANDES;GABINETE;GERENTE;GERENTE; CARGO COMISSION.S/VINCULO;4209,79;;4209,79;633,12;3576,67;
CINTIA OLIVEIRA REIS;DIRETOR PRESIDENTE;AUXILIAR ADMINISTRATIVO;; C.L.T.;3605,00;;3605,00;471,48;3133,52;
CLARICE LEMOS MARTINS;GERENCIA DE HABILITACAO;TECNICO DE NIVEL MEDIO;; C.L.T.;1982,00;;1982,00;158,85;1823,15;
CLAUDIA DE OLIVEIRA TELES;GERENCIA DE VEICULOS;ASSISTENTE ADMINISTRATIVO;ASSIST.ADMINIST; ESTATUTARIO;4400,00;;4400,00;505,77;3894,23;
CLAUDINETTE LINS REBOUCAS;SUB-GER.I DE MAT.E PATRIMONIO;TECNICO DE NIVEL SUPERIOR;; C.L.T.;2438,00;;2438,00;224,95;2213,05;
CLAUDIO JOSE PEREIRA MACHADO;SUB-GER.I DE MAT.E PATRIMONIO;TECNICO DE NIVEL MEDIO;; C.L.T.;6109,00;;6109,00;1304,65;4804,35;
CLEIDEMAR COSTA;SUBGERENCIA DE VEICULOS;TECNICO DE NIVEL MEDIO;; C.L.T.;3182,00;;3182,00;364,89;2817,11;
CLEUCIMAR DA COSTA MONTANHA;SUBGERENCIA DE DOCUMENTACAO;AUXILIAR DE MANUTENCAO;; C.L.T.;3475,25;;3475,25;438,79;3036,46;
COSMA DA SILVA GAMA;DEPTO.ADMINISTRAT.-FINANCEIRO;AUXILIAR DE MANUTENCAO;; C.L.T.;2033,00;;2033,00;163,44;1869,56;
CRISTINA FERREIRA LIMA;DIRETORIA TECNICA;TECNICO DE NIVEL MEDIO;; C.L.T.;9248,00;;9248,00;1539,82;7708,18;
DAIANE VIEIRA DOS SANTOS;DEPTO.ADMINISTRAT.-FINANCEIRO;ASSESSOR TECNICO;NAO INFORMADO; CARGO COMISSION.S/VINCULO;10739,67;;10739,67;2720,03;8019,64;
DAIANNA PRISCILA SANTOS M MENDES;GERENCIA DE AVAL.MED.PSICOLOG.;PSICOLOGO COM ESP.EM TRANSITO;; ESTATUTARIO;5500,00;;5500,00;298,55;5201,45;
DALVA FERREIRA MOTA;GER.CONTR.REG.TRANSITO- CRT;TECNICO DE NIVEL MEDIO;; C.L.T.;5312,50;;5312,50;1004,77;4307,73;
DALVA INEZ DE OLIVEIRA LOPES;DIRETOR PRESIDENTE;TECNICO DE NIVEL SUPERIOR;; C.L.T.;4924,90;;4924,90;871,61;4053,29;
DANIEL MARQUES DE SOUZA;SUBGERENCIA DE VEICULOS;REPRESENTANTE DO MUNICIPIO;; CARGO COMISSION.S/VINCULO;1681,80;;1681,80;131,83;1549,97;
DANIELE GOMES DA CUNHA;DIRETORIA TECNICA;TECNICO ADMINISTRATIVO;; ESTATUTARIO;2300,00;;2300,00;;2300,00;
DAVID FERNANDES DOS SANTOS;DIRETORIA TECNICA;DIRETOR TECNICO;DIRETOR TECNICO; CARGO COMISSION.S/VINCULO;16221,00;;16221,00;3457,40;12763,60;
DEBORA NADINE DOS SANTOS VITORINO;DIRETORIA TECNICA;ARQUITETO;; ESTATUTARIO;5500,00;;5500,00;181,94;5318,06;
DELMO JOSE DE MEDEIROS ANSELMO;SUB-GER.I DE EMPLACAMENTO;ASSISTENTE ADMINISTRATIVO;; C.L.T.;3966,66;;3966,66;362,70;3603,96;
DELNANDINA MARIA MACEDO MONTEIRO;GER.EDUCACAO PARA O TRANSITO;TECNICO DE NIVEL SUPERIOR;; C.L.T.;6750,00;;6750,00;1545,99;5204,01;
DENILSON CRAVO CARDOSO;GERENCIA DE VEICULOS;REPRESENTANTE DETRAN/AM MUN.;NAO INFORMADO; CARGO COMISSION.S/VINCULO;1681,80;;1681,80;131,83;1549,97;
DEUSA CIRRAME LIMA SAMPAIO;SUBGERENCIA DE VEICULOS;TECNICO DE NIVEL SUPERIOR;; C.L.T.;3638,00;;3638,00;479,80;3158,20;
DORALICE NERIS DE SOUZA;GERENCIA DE VEICULOS;AUXILIAR DE MANUTENCAO;; C.L.T.;1505,00;;1505,00;115,92;1389,08;
EDILIO PAIVA DE SOUZA;SUBGERENCIA DE DOCUMENTACAO;AUXILIAR ADMINISTRATIVO;; C.L.T.;1655,00;;1655,00;129,42;1525,58;
EDMO NEVES DE LIMA;SUB-GER.I DE EMPLACAMENTO;AUXILIAR ADMINISTRATIVO;; C.L.T.;4038,00;;4038,00;583,67;3454,33;
EDNILSON JUNIOR CESAR;DIRETOR PRESIDENTE;TECNICO DE NIVEL SUPERIOR;; C.L.T.;6947,98;;6947,98;1620,53;5327,45;
EDUARDO MACIEL DE SOUZA;DIRETORIA TECNICA;TECNICO ADMINISTRATIVO;; ESTATUTARIO;2300,00;;2300,00;;2300,00;
ELANE CRISTINA DE OLIVEIRA KARAM;CETRAN-CONS.EST.DE TRANSITO;MEMBRO DO CETRAN;; CONSELHO;3110,00;;3110,00;111,70;2998,30;
ELEN APARECIDA DA COSTA S RODRIGUES;DEPTO.ADMINISTRAT.-FINANCEIRO;ASSESSOR II;NAO INFORMADO; CARGO COMISSION.S/VINCULO;5613,05;;5613,05;1117,93;4495,12;
ELEONORA SILVA MARIANO;SUBGERENCIA DE VEICULOS;TECNICO DE NIVEL MEDIO;; C.L.T.;2682,00;;2682,00;266,62;2415,38;
ELLEN CRISTINA DE OLIVEIRA XAVIER;SUBGERENCIA DE VEICULOS;AUXILIAR ADMINISTRATIVO;; C.L.T.;2431,50;;2431,50;223,92;2207,58;
ERIVAN CORREA DA SILVA;SUB-GER.I DE EMPLACAMENTO;AUXILIAR ADMINISTRATIVO;; C.L.T.;3455,00;;3455,00;433,68;3021,32;
EUDES MENEZES ALBUQUERQUE;CETRAN-CONS.EST.DE TRANSITO;MEMBRO DO CETRAN;; CONSELHO;3110,00;;3110,00;111,70;2998,30;
EUDORIA PEREIRA LOPES;SUB-GER.I DE MAT.E PATRIMONIO;AUXILIAR DE MANUTENCAO;; C.L.T.;2765,30;;2765,30;282,12;2483,18;
EWERTON THERSON LIMA DO NASCIMENTO;DEPARTAMENTO OPERACIONAL;CAPITAO;ASSESSOR IV; ESTATUTARIO;4534,13;;4534,13;384,06;4150,07;
FABIO LIMA CABRAL;DEPTO.ADMINISTRAT.-FINANCEIRO;ASSESSOR IV;ASSESSOR IV; CARGO COMISSION.S/VINCULO;4479,61;;4479,61;364,28;4115,33;
FARIDES MOTA DIAS;GERENCIA DE VEICULOS;TECNICO DE NIVEL MEDIO;; C.L.T.;4102,67;;4102,67;601,07;3501,60;
FATIMA ALMERINDA RODRIGUES LOPRESTI;DIR.ADMINISTRATIVA-FINANCEIRA;ASSISTENTE TECNICO 3A CLASSE;; C.L.T.;3082,00;;3082,00;341,02;2740,98;
FATIMA DAMIANA DOS SANTOS;GERENCIA DE ORC.E PLANEJAMENTO;TECNICO DE NIVEL MEDIO;; C.L.T.;3361,00;;3361,00;409,99;2951,01;
FAUSTO ISAAC SAHDO;DIRETOR PRESIDENTE;TECNICO DE NIVEL MEDIO;; C.L.T.;4116,16;;4116,16;604,70;3511,46;
FERNANDA CARVALHO DE SOUSA;DIRETORIA TECNICA;ESTATISTICO;; ESTATUTARIO;5500,00;;5500,00;259,32;5240,68;
FERNANDO DE LIMA SANTANA;GER.CONTR.REG.TRANSITO- CRT;TECNICO DE NIVEL MEDIO;; C.L.T.;4938,00;;4938,00;740,96;4197,04;
FLAVIO ROSAS BARBOSA;DIRETOR PRESIDENTE;DESIGNER;; ESTATUTARIO;5500,00;;5500,00;384,93;5115,07;
FRANCINETE PINHEIRO PEDROSA;SUBGERENCIA DE VEICULOS;AUXILIAR ADMINISTRATIVO;; C.L.T.;2457,00;;2457,00;227,96;2229,04;
FRANCISCA DIVA FELICIO DE CASTRO;SUBGERENCIA DE VEICULOS;AUXILIAR DE MANUTENCAO;AUX.ADMINISTRATIVO; C.L.T.;3420,00;;3420,00;424,86;2995,14;
FRANCISCA MARIA DA SILVA PONTES;SUBGERENCIA DE VEICULOS;AUXILIAR ADMINISTRATIVO;; C.L.T.;1808,00;;1808,00;143,19;1664,81;
FRANCISCA PINHEIRO VIEIRA;SUBGERENCIA DE VEICULOS;TECNICO DE NIVEL MEDIO;; C.L.T.;3957,50;;3957,50;562,01;3395,49;
FRANCISCA TEIDE SOUZA FREITAS SILVA;GERENCIA DE VEICULOS;TECNICO DE NIVEL MEDIO;; C.L.T.;2228,00;;2228,00;191,72;2036,28;
FRANCISCO DAS CHAGAS DA SILVA;DEPARTAMENTO OPERACIONAL;AUXILIAR DE MANUTENCAO;; C.L.T.;3025,80;;3025,80;330,57;2695,23;
FRANCISCO DE ARAUJO SILVA;DEPARTAMENTO OPERACIONAL;MOTORISTA 2A.CL. MOT-II;ASSESSOR IV; ESTATUTARIO;4204,00;;4204,00;394,57;3809,43;
FRANCISCO DE ASSIS MESQUITA SIMAS;DEPARTAMENTO OPERACIONAL;AUXILIAR DE MANUTENCAO;; C.L.T.;1581,50;;1581,50;122,80;1458,70;
FRANCISCO FERREIRA DA GLORIA;GERENCIA DE VEICULOS;TECNICO DE NIVEL MEDIO;; C.L.T.;2253,50;;2253,50;195,75;2057,75;
FRANCISCO GOMES DA SILVA;GER.CONTR.REG.TRANSITO- CRT;TECNICO DE NIVEL SUPERIOR;; C.L.T.;4336,00;;4336,00;675,21;3660,79;
FRANCISCO PENHA DAS CHAGAS;GER.EDUCACAO PARA O TRANSITO;AUXILIAR DE MANUTENCAO;; C.L.T.;3702,80;;3702,80;496,13;3206,67;
FRANK CABRAL DE SOUZA;GERENCIA DE INTERIOR;REPRESENTANTE DETRAN/AM MUN.;NAO INFORMADO; CARGO COMISSION.S/VINCULO;1681,80;;1681,80;131,83;1549,97;
GENEZIA LOPES DE CASTRO;ASSESSORIA JURIDICA;AUXILIAR DE MANUTENCAO;; C.L.T.;1505,00;;1505,00;115,92;1389,08;
GENY VASCONCELLOS LOPES;GER.CONTR.REG.TRANSITO- CRT;TECNICO DE NIVEL SUPERIOR;; C.L.T.;2540,00;;2540,00;241,09;2298,91;
GEORGETE GADELHA VIEIRA;GERENCIA DE VEICULOS;TECNICO DE NIVEL MEDIO;; C.L.T.;2228,00;;2228,00;191,72;2036,28;
GEORGINA DA SILVA ARCOS;DIR.ADMINISTRATIVA-FINANCEIRA;TECNICO DE NIVEL MEDIO;; C.L.T.;3889,00;;3889,00;543,59;3345,41;
GILBERTO LIRA DA SILVA;GERENCIA DE HABILITACAO;TECNICO DE NIVEL MEDIO;; C.L.T.;7038,00;;7038,00;1241,92;5796,08;
GILRIMAR GLORIA MARTINS;SUB-GER.I DE INF.DE TRANSITO;TECNICO DE NIVEL MEDIO;; C.L.T.;6012,75;;6012,75;1268,42;4744,33;
GLAUCY ALENCAR DE SOUZA;GERENCIA DE VEICULOS;REPRESENTANTE DETRAN/AM MUN.;REP.DEMUNIC.AD-3; CARGO COMISSION.S/VINCULO;4791,80;;4791,80;827,22;3964,58;
GLEICE DOS SANTOS BARROS;SUBGERENCIA DE VEICULOS;TECNICO DE NIVEL SUPERIOR;; C.L.T.;8022,83;;8022,83;1218,85;6803,98;
GLEYSE COSTA LIMA;GERENCIA DE AVAL.MED.PSICOLOG.;PSICOLOGO COM ESP.EM TRANSITO;; ESTATUTARIO;5500,00;;5500,00;298,55;5201,45;
GRACA MARTINS PINHEIRO;SUB-GER.I DE MAT.E PATRIMONIO;AUXILIAR DE MANUTENCAO;; C.L.T.;2207,00;;2207,00;179,10;2027,90;
GRACILDA SAMPAIO DE ARAUJO;ASSESSORIA JURIDICA;TECNICO DE NIVEL MEDIO;; C.L.T.;4187,50;;4187,50;625,68;3561,82;
GRACINETE LOIOLA LIMA;GERENCIA DE VEICULOS;REPRESENTANTE DETRAN/AM MUN.;REP.DO DETRAN MUNIC.; CARGO COMISSION.S/VINCULO;1681,80;;1681,80;131,83;1549,97;
GUILHERME UGO CALIRI NETO;SUBGERENCIA DE DOCUMENTACAO;FISCAL RODOVIARIO;; ESTATUTARIO;2850,03;;2850,03;217,00;2633,03;
HELAINE CRISTINA LABORDA DE CASTRO;GER.EDUCACAO PARA O TRANSITO;SUBGERENTE;NAO INFORMADO; CARGO COMISSION.S/VINCULO;8271,93;;8271,93;1554,24;6717,69;
HELENA CASSIA DA SILVA;DIRETOR PRESIDENTE;TECNICO DE NIVEL SUPERIOR;; C.L.T.;10038,00;;10038,00;2527,07;7510,93;
HERBISON DA SILVA DAMASCENO;GERENCIA DE ORC.E PLANEJAMENTO;ASSESSOR II;ASSESSOR II; CARGO COMISSION.S/VINCULO;8082,79;;8082,79;993,58;7089,21;
HODRIGO MONTENEGRO E SILVA;DIRETORIA ADMINIST.FINANCEIRA;TECNICO ADMINISTRATIVO;; ESTATUTARIO;2300,00;;2300,00;;2300,00;
IKE KENNEDY VEIGA DA SILVA;ASSESSORIA JURIDICA;TECNICO DE NIVEL SUPERIOR;; C.L.T.;5336,00;;5336,00;1013,62;4322,38;
IRANETE REIS DE ALMEIDA;GERENCIA DE HABILITACAO;TECNICO DE NIVEL MEDIO;; C.L.T.;3840,25;;3840,25;530,77;3309,48;
ISAIAS DE PAIVA VIEIRA;SUBGERENCIA DE APOIO LOGISTICO;AUXILIAR DE MANUTENCAO;AUX.DE MANUTENCAO; C.L.T.;5138,00;;5138,00;900,02;4237,98;
ISRAEL DA SILVA MARTINS;DEPARTAMENTO OPERACIONAL;AUXILIAR ADMINISTRATIVO;; C.L.T.;3797,80;;3797,80;491,63;3306,17;
IVETH SOUZA DE MELO;SUBGERENCIA DE VEICULOS;TECNICO DE NIVEL MEDIO;; C.L.T.;2965,50;;2965,50;319,35;2646,15;
IVSON DE LIMA GOMES;DIRETOR PRESIDENTE;TECNICO DE NIVEL MEDIO;; C.L.T.;4780,25;;4780,25;823,37;3956,88;
JACILEIA ALFAIA DA CRUZ;GERENCIA DE VEICULOS;REPRESENTANTE DETRAN/AM MUN.;NAO INFORMADO; CARGO COMISSION.S/VINCULO;1681,80;;1681,80;131,83;1549,97;
JAIME RODRIGUES DUARTE;SUBGERENCIA DE APOIO LOGISTICO;AUXILIAR DE MANUTENCAO;AUX.DE MANUTEN¦AO; C.L.T.;2625,80;;2625,80;241,95;2383,85;
JAIR DE MATOS SAMPAIO;SUBGERENCIA DE VEICULOS;TECNICO DE NIVEL MEDIO;; C.L.T.;4597,80;;4597,80;618,57;3979,23;
JAIRO RODRIGUES DOS SANTOS;DEPTO.ADMINISTRAT.-FINANCEIRO;ESCRIVAO DE POL.3A.CL. PC-ESC-III;SUBGERENTE; ESTATUTARIO;9000,00;;9000,00;835,64;8164,36;
JANDER FERNANDES MENDES;SECAO ADMINISTRATIVA;AGENTE ADM.-AGA-T.S.N.A.-E;GERENTE; ESTATUTARIO;7666,14;;7666,14;1031,48;6634,66;
JANE DE OLIVEIRA PEREIRA;DEPTO.ADMINISTRAT.-FINANCEIRO;TECNICO DE NIVEL MEDIO;; C.L.T.;3380,25;;3380,25;414,85;2965,40;
JANETE ANALIA MATOS TEIXEIRA;SUB-GER.I DE MAT.E PATRIMONIO;TECNICO DE NIVEL MEDIO;; C.L.T.;3938,00;;3938,00;556,77;3381,23;
JANIE GOMES DOMINGUES;ASSESSORIA JURIDICA;TECNICO DE NIVEL SUPERIOR;; C.L.T.;5316,75;;5316,75;1006,37;4310,38;
JANIO NERY DE SOUZA;DEPARTAMENTO OPERACIONAL;AUXILIAR DE MANUTENCAO;; C.L.T.;2702,30;;2702,30;270,40;2431,90;
JEFFERSON MEDEIROS DA SILVA;SUB-GER.I DE EMPLACAMENTO;AUXILIAR ADMINISTRATIVO;; C.L.T.;3280,25;;3280,25;389,65;2890,60;
JESSICA NAIANY TAVARES BARROS;CETRAN-CONS.EST.DE TRANSITO;MEMBRO DO CETRAN;; CONSELHO;3110,00;;3110,00;111,70;2998,30;
JOAO BOSCO BEZERRA DE ARAUJO;GERENCIA DE AVAL.MED.PSICOLOG.;TECNICO DE NIVEL SUPERIOR;; C.L.T.;3130,72;;3130,72;351,97;2778,75;
JOAO CARDOSO PEREIRA;SUBGERENCIA DE APOIO LOGISTICO;AUXILIAR DE MANUTENCAO;; C.L.T.;2594,60;;2594,60;250,36;2344,24;
JOAO CORDEIRO DE NAZARE;DEPARTAMENTO OPERACIONAL;AUXILIAR DE MANUTENCAO;; C.L.T.;2415,50;;2415,50;221,38;2194,12;
JOAS SAMPAIO DE SOUZA;DEPARTAMENTO OPERACIONAL;TECNICO DE NIVEL MEDIO;; C.L.T.;5705,13;;5705,13;1152,60;4552,53;
JONATHAS GERALDO DE SOUSA;CETRAN-CONS.EST.DE TRANSITO;MEMBRO DO CETRAN;; CONSELHO;3110,00;;3110,00;111,70;2998,30;
JOSE AMURINE FEITOSA TOMAZ FILHO;SUB-GER.I DE EMPLACAMENTO;TECNICO DE NIVEL MEDIO;; C.L.T.;9155,13;;9155,13;1712,67;7442,46;
JOSE ARIMATEIA PAIVA DE GOES;SUBGERENCIA DE VEICULOS;AUXILIAR ADMINISTRATIVO;; C.L.T.;2355,00;;2355,00;211,81;2143,19;
JOSE DA CONCEICAO MOREIRA;SUBGERENCIA DE APOIO LOGISTICO;AUXILIAR DE MANUTENCAO;; C.L.T.;2175,80;;2175,80;176,29;1999,51;
JOSE DEOCLECIO VIANA DE CASTRO;SUB-GER.I DE EMPLACAMENTO;AUXILIAR ADMINISTRATIVO;; C.L.T.;4075,00;;4075,00;593,62;3481,38;
JOSE IRINEU LABORDA DE VASCONCELOS;SUB-GER.I DE EMPLACAMENTO;TECNICO DE NIVEL MEDIO;; C.L.T.;4580,30;;4580,30;756,69;3823,61;
JOSE JANEY PEREIRA DA SILVA;GERENCIA DE VEICULOS;REPRESENTANTE DETRAN/AM MUN.;NAO INFORMADO; CARGO COMISSION.S/VINCULO;1681,80;;1681,80;131,83;1549,97;
JOSE JOAQUIM FREIRE;GERENCIA DE VEICULOS;AUXILIAR ADMINISTRATIVO;; C.L.T.;5802,80;;5802,80;1189,37;4613,43;
JOSE LEITE PEREIRA FILHO;GERENCIA ENG. E ESTATISTICA;TECNICO DE NIVEL MEDIO;; C.L.T.;6450,80;;6450,80;1433,35;5017,45;
JOSE MAURICIO DOS SANTOS TOMAZ;CETRAN-CONS.EST.DE TRANSITO;ASSESSOR I;MEMBRO CETRAN; CONSELHO;3110,00;;3110,00;111,70;2998,30;
JOSE PERCEU VALENTE DE FREITAS;CETRAN-CONS.EST.DE TRANSITO;MEMBRO DO CETRAN;; CONSELHO;3110,00;;3110,00;111,70;2998,30;
JOSE RIBAMAR BATISTA SILVA;SUBGERENCIA DE VEICULOS;TECNICO DE NIVEL MEDIO;; C.L.T.;1880,00;;1880,00;149,67;1730,33;
JOSE ROBERTO GIOIA ALFAIA;ASSESSORIA JURIDICA;TECNICO DE NIVEL SUPERIOR;; C.L.T.;13485,89;;13485,89;3475,24;10010,65;
JOSIVALDO MARTINS SILVA;DIRETORIA ADMINIST.FINANCEIRA;ANALISTA DE SISTEMA DE INFORMACAO;; ESTATUTARIO;5500,00;;5500,00;259,32;5240,68;
JULIA DA SILVA FEITOSA;JARI-JUNTA ADM.DE REC.DE INFR.;AUXILIAR ADMINISTRATIVO;; C.L.T.;2773,50;;2773,50;283,64;2489,86;
JULIANA VALOIS MOTA BEZERRA;DIRETORIA ADMINIST.FINANCEIRA;CONTADOR;; ESTATUTARIO;5500,00;;5500,00;298,55;5201,45;
JUSSUELI DA SILVA;GERENCIA ENG. E ESTATISTICA;AUXILIAR ADMINISTRATIVO;; C.L.T.;2175,80;;2175,80;176,29;1999,51;
KAREN KAROLINE HITOTUZI NUNES SILVA;DIRETORIA ADMINIST.FINANCEIRA;TECNICO ADMINISTRATIVO;; ESTATUTARIO;2300,00;;2300,00;;2300,00;
KELSO WESLEY SOUZA DA SILVA;ASSESSORIA JURIDICA;ANALISTA JURIDICO;; ESTATUTARIO;5500,00;;5500,00;181,94;5318,06;
LEILA MARIA CAVALCANTE NOGUEIRA;SUBGERENCIA DE VEICULOS;TECNICO DE NIVEL MEDIO;; C.L.T.;2682,00;;2682,00;266,62;2415,38;
LEONOR CRUZ DE OLIVEIRA;ASSESSORIA JURIDICA;AUXILIAR DE MANUTENCAO;; C.L.T.;2006,67;;2006,67;161,07;1845,60;
LICINHO PEREIRA DA SILVA;SUBGERENCIA DE APOIO LOGISTICO;AUXILIAR DE MANUTENCAO;; C.L.T.;4302,30;;4302,30;522,78;3779,52;
LIGIA MARIA DUQUE JOHNSON DE ASSIS;CETRAN-CONS.EST.DE TRANSITO;MEMBRO DO CETRAN;; CONSELHO;3110,00;;3110,00;111,70;2998,30;
LIGIA PEREIRA DA SILVA;GERENCIA DE VEICULOS;TECNICO DE NIVEL MEDIO;; C.L.T.;2602,50;;2602,50;251,84;2350,66;
LILIANE DANTAS DE OLIVEIRA LIMA;JARI-JUNTA ADM.DE REC.DE INFR.;TECNICO DE NIVEL MEDIO;; C.L.T.;5082,25;;5082,25;924,09;4158,16;
LINDOMAR DUARTE DOS SANTOS;GERENCIA DE VEICULOS;TECNICO DE NIVEL MEDIO;; C.L.T.;1880,00;;1880,00;149,67;1730,33;
LUCAS PRAZERES DE MELO;DEPTO.ADMINISTRAT.-FINANCEIRO;ASSESSOR IV;ASSESSOR IV; CARGO COMISSION.S/VINCULO;2179,61;;2179,61;176,63;2002,98;
LUCIANE D'ORAN MELLO;GER.EDUCACAO PARA O TRANSITO;TECNICO DE NIVEL MEDIO;; C.L.T.;3156,50;;3156,50;358,46;2798,04;
LUCIMAYRE ALVES CARVALHO;GERENCIA DE AVAL.MED.PSICOLOG.;TECNICO DE NIVEL MEDIO;; C.L.T.;4782,00;;4782,00;588,80;4193,20;
LUIZ AUGUSTO LINS AGUIAR;JARI-JUNTA ADM.DE REC.DE INFR.;MEMBRO DA JARI;; CONSELHO;3110,00;;3110,00;111,70;2998,30;
LUIZ CARLOS PINHEIRO DO NASCIMENTO;SUBGERENCIA DE APOIO LOGISTICO;AUXILIAR DE MANUTENCAO;; C.L.T.;6043,30;;6043,30;1227,78;4815,52;
LUIZ CARLOS SILVA LIMA;DIRETOR PRESIDENTE;AUXILIAR ADMINISTRATIVO;; C.L.T.;5105,00;;5105,00;931,67;4173,33;
LUIZ DANIEL RAPOSO NUNES DE MELLO;DIRETORIA ADMINIST.FINANCEIRA;TECNICO DE INFORMATICA;; ESTATUTARIO;2300,00;;2300,00;;2300,00;
MANOEL DE JESUS MARINHO DE SOUZA;GERENCIA DE VEICULOS;REPRESENTANTE DETRAN/AM MUN.;; CARGO COMISSION.S/VINCULO;1681,80;;1681,80;131,83;1549,97;
MARCELO FREITAS FERREIRA DA SILVA;DIRETOR PRESIDENTE;AUXILIAR ADMINISTRATIVO;; C.L.T.;5555,00;;5555,00;1096,07;4458,93;
MARCIO CARVALHO DE BARROS NETO;DIRETORIA ADMINIST.FINANCEIRA;TECNICO DE INFORMATICA;; ESTATUTARIO;2300,00;;2300,00;;2300,00;
MARCIO JOSE SILVA AZEVEDO;GABINETE;GERENTE;; CARGO COMISSION.S/VINCULO;15561,62;;15561,62;;15561,62;
MARCO ANTONIO CORREA NAZARETH;DIRETOR PRESIDENTE;TECNICO DE NIVEL MEDIO;; C.L.T.;4680,00;;4680,00;789,93;3890,07;
MARCO ANTONIO FIRMINO DE ARAUJO;SUBGERENCIA DE VEICULOS;AUXILIAR ADMINISTRATIVO;; C.L.T.;4555,00;;4555,00;748,24;3806,76;
MARCO AURELIO COSTA DE SA;DIRETORIA ADMINIST.FINANCEIRA;ADMINISTRADOR;; ESTATUTARIO;5500,00;;5500,00;384,93;5115,07;
MARCOS ANTONIO GOMES;SUB-GER.I DE EMPLACAMENTO;AUXILIAR ADMINISTRATIVO;; C.L.T.;4855,00;;4855,00;713,29;4141,71;
MARCOS ORELIO FROTA NOGUEIRA;DIRETORIA TECNICA;TECNICO ADMINISTRATIVO;; ESTATUTARIO;2300,00;;2300,00;;2300,00;
MARCOS ROGERIO FERREIRA MORENO;DIRETOR PRESIDENTE;AUXILIAR ADMINISTRATIVO;; C.L.T.;6760,92;;6760,92;1550,10;5210,82;
MARCUS ABRANCHES BRAULE PINTO;SUBGERENCIA DE VEICULOS;AUXILIAR ADMINISTRATIVO;; C.L.T.;5555,66;;5555,66;1044,19;4511,47;
MARGARETE BRITO DE SOUZA;GERENCIA DE VEICULOS;AUXILIAR ADMINISTRATIVO;; C.L.T.;3956,50;;3956,50;561,74;3394,76;
MARGARETH DE SOUSA COZENDEY;GER.CONTR.REG.TRANSITO- CRT;TECNICO DE NIVEL MEDIO;; C.L.T.;4252,50;;4252,50;612,93;3639,57;
MARIA ADELAIDE LOPES DE OLIVEIRA;DEPTO.ADMINISTRAT.-FINANCEIRO;AUXILIAR DE MANUTENCAO;; C.L.T.;1505,00;;1505,00;115,92;1389,08;
MARIA AMELIA SILVA DOS REIS;DIRETOR PRESIDENTE;AUXILIAR DE MANUTENCAO;; C.L.T.;3025,00;;3025,00;330,42;2694,58;
MARIA AUXILIADORA SOUZA CORREA;GER.CONTR.REG.TRANSITO- CRT;TECNICO DE NIVEL MEDIO;; C.L.T.;1982,00;;1982,00;158,85;1823,15;
MARIA CLEONICE DE SOUZA COSTA;SUBGERENCIA DE DOCUMENTACAO;TECNICO DE NIVEL MEDIO;; C.L.T.;2702,50;;2702,50;270,44;2432,06;
MARIA CONSOLATA BARRETO QUEIROZ;GERENCIA DE VEICULOS;TECNICO DE NIVEL SUPERIOR;; C.L.T.;3386,67;;3386,67;416,46;2970,21;
MARIA DA GLORIA CAVALCANTE MAIA;SUBGERENCIA DE DOCUMENTACAO;AUXILIAR DE MANUTENCAO;; C.L.T.;1607,00;;1607,00;125,10;1481,90;
MARIA DAS GRACAS ARRUDA LARANJEIRA;SUBGERENCIA DE VEICULOS;TECNICO DE NIVEL MEDIO;; C.L.T.;2776,37;;2776,37;284,17;2492,20;
MARIA DAS GRACAS FREIRE DE CARVALHO;ASSESSORIA JURIDICA;TECNICO DE NIVEL MEDIO;; C.L.T.;3316,77;;3316,77;398,85;2917,92;
MARIA DAS GRACAS LIRA PONTES;GERENCIA DE VEICULOS;AUXILIAR ADMINISTRATIVO;; C.L.T.;1655,00;;1655,00;129,42;1525,58;
MARIA DAS GRACAS VEIGA DA MOTA;GERENCIA DE VEICULOS;TECNICO DE NIVEL MEDIO;; C.L.T.;2382,00;;2382,00;194,85;2187,15;
MARIA DE FATIMA FIRMINO DE ARAUJO;SUBGERENCIA DE DOCUMENTACAO;AUXILIAR DE MANUTENCAO;; C.L.T.;2005,00;;2005,00;160,92;1844,08;
MARIA DE FATIMA FREITAS DO M REIS;GER.EDUCACAO PARA O TRANSITO;TECNICO DE NIVEL MEDIO;; C.L.T.;5328,00;;5328,00;1010,61;4317,39;
MARIA DE FATIMA RODRIGUES OLIVEIRA;SUBGERENCIA DE APOIO LOGISTICO;AUXILIAR DE MANUTENCAO;; C.L.T.;1880,00;;1880,00;149,67;1730,33;
MARIA DE LOURDES FREIRE TOGA;GERENCIA DE AVAL.MED.PSICOLOG.;TECNICO DE NIVEL MEDIO;; C.L.T.;3314,50;;3314,50;398,28;2916,22;
MARIA DE NAZARE DOS ANJOS S NUNES;GER.CONTR.REG.TRANSITO- CRT;TECNICO DE NIVEL SUPERIOR;TECNICO; C.L.T.;3040,00;;3040,00;333,21;2706,79;
MARIA DE NAZARE FREIRE TOGA;SUBGERENCIA DE DOCUMENTACAO;TECNICO DE NIVEL MEDIO;; C.L.T.;2228,00;;2228,00;191,72;2036,28;
MARIA DELCI PEREIRA PINTO;GER.CONTR.REG.TRANSITO- CRT;TECNICO DE NIVEL MEDIO;; C.L.T.;3640,00;;3640,00;480,30;3159,70;
MARIA DIONEIDE MONTEFUSCO MELO;SUB-GER.I DE MAT.E PATRIMONIO;TECNICO DE NIVEL SUPERIOR;TECNICO; C.L.T.;5040,35;;5040,35;910,11;4130,24;
MARIA DO PERPETUO SOCORRO A SOUZA;ASSESSORIA JURIDICA;TECNICO DE NIVEL MEDIO;; C.L.T.;7138,00;;7138,00;1334,57;5803,43;
MARIA DO PERPETUO SOCORRO S SANTOS;SUBGERENCIA DE VEICULOS;TECNICO DE NIVEL MEDIO;; C.L.T.;3306,67;;3306,67;396,30;2910,37;
MARIA DO ROSARIO COSTA DOS SANTOS;SUBGERENCIA DE VEICULOS;TECNICO DE NIVEL MEDIO;; C.L.T.;2556,50;;2556,50;243,70;2312,80;
MARIA DO ROSARIO MANHUARI;DIRETOR PRESIDENTE;AUXILIAR DE MANUTENCAO;AUXILIAR MANUTENCAO; C.L.T.;4135,33;;4135,33;609,85;3525,48;
MARIA DO SOCORRO FIGUEIREDO BINDA;SUBGERENCIA DE VEICULOS;AUXILIAR DE SERV GERAIS 3A CLASSE;; C.L.T.;3205,66;;3205,66;370,85;2834,81;
MARIA GOMES MOURA;SUBGERENCIA DE VEICULOS;TECNICO DE NIVEL MEDIO;; C.L.T.;2980,00;;2980,00;322,05;2657,95;
MARIA GORETE FELIX DE ARAUJO;GERENCIA DE HABILITACAO;TECNICO DE NIVEL MEDIO;; C.L.T.;4436,00;;4436,00;708,56;3727,44;
MARIA GORETTE DANTAS PINTO;GERENCIA DE VEICULOS;TECNICO DE NIVEL MEDIO;; C.L.T.;3136,00;;3136,00;353,29;2782,71;
MARIA HELENA LEITE DE MENEZES;GERENCIA DE VEICULOS;AUXILIAR DE MANUTENCAO;; C.L.T.;2433,00;;2433,00;224,16;2208,84;
MARIA IVANEIDE MARQUES VITA;SUBGERENCIA DE VEICULOS;TECNICO DE NIVEL MEDIO;; C.L.T.;3183,50;;3183,50;365,26;2818,24;
MARIA IZABEL FERNANDES DE SOUZA;GERENCIA DE VEICULOS;TECNICO DE NIVEL SUPERIOR;; C.L.T.;3738,00;;3738,00;505,00;3233,00;
MARIA JOANA DO ROSARIO;GERENCIA DE HABILITACAO;AUXILIAR DE MANUTENCAO;; C.L.T.;1607,00;;1607,00;125,10;1481,90;
MARIA JOSE DE SENA R BEZERRA;GERENCIA DE HABILITACAO;TECNICO DE NIVEL SUPERIOR;; C.L.T.;2438,00;;2438,00;224,95;2213,05;
MARIA JOSE MENDES DE LIMA;GERENCIA DE VEICULOS;REPRESENTANTE DETRAN/AM MUN.;REP.DE MUNIC.AD-3; CARGO COMISSION.S/VINCULO;1681,80;;1681,80;131,83;1549,97;
MARIA LEONICE REIS BATISTA;GER.EDUCACAO PARA O TRANSITO;TECNICO DE NIVEL MEDIO;; C.L.T.;7310,00;;7310,00;1756,83;5553,17;
MARIA LUCIA PEREIRA GARCIA;GERENCIA DE HABILITACAO;TECNICO DE NIVEL MEDIO;; C.L.T.;4509,67;;4509,67;733,13;3776,54;
MARIA LUIZA PERES DE ARAUJO;GERENCIA DE HABILITACAO;TECNICO DE NIVEL MEDIO;; C.L.T.;2710,67;;2710,67;271,96;2438,71;
MARIA MAGALHAES CESAR;GER.CONTR.REG.TRANSITO- CRT;TECNICO DE NIVEL MEDIO;; C.L.T.;2228,00;;2228,00;191,72;2036,28;
MARIA OLINDA NOGUEIRA DE QUEIROZ;DIRETOR PRESIDENTE;TECNICO DE NIVEL MEDIO;; C.L.T.;4029,02;;4029,02;552,82;3476,20;
MARIA ROZALINA DE SOUZA;GERENCIA DE VEICULOS;TECNICO DE NIVEL MEDIO;; C.L.T.;3640,00;;3640,00;480,30;3159,70;
MARIA SENA DE GOES;DIR.ADMINISTRATIVA-FINANCEIRA;TECNICO DE NIVEL SUPERIOR;; C.L.T.;4989,00;;4989,00;892,98;4096,02;
MARIA SOCORRO PINHEIRO TEIXEIRA;DIRETOR PRESIDENTE;AUXILIAR DE MANUTENCAO;; C.L.T.;1505,00;;1505,00;115,92;1389,08;
MARIA SOCORRO VIANA DE SOUZA;GERENCIA DE HABILITACAO;AUXILIAR DE MANUTENCAO;; C.L.T.;2905,25;;2905,25;308,15;2597,10;
MARIA TELMA DE LEMOS SOARES;SUBGERENCIA DE VEICULOS;TECNICO DE NIVEL MEDIO;; C.L.T.;2953,50;;2953,50;317,12;2636,38;
MARIA THAIS FONTES DE FREITAS;DIRETORIA TECNICA;TECNICO ADMINISTRATIVO;; ESTATUTARIO;2300,00;;2300,00;;2300,00;
MARILANE MOREIRA DE SOUZA;DEPTO.ADMINISTRAT.-FINANCEIRO;AUXILIAR DE MANUTENCAO;AUX.DE MANUTEN¦AOS; C.L.T.;2673,33;;2673,33;265,01;2408,32;
MARINALVA OLIVEIRA MARINHO;DIR.GER/ASSESSORIA DE IMPRENSA;SUBGERENTE;NAO INFORMADO; CARGO COMISSION.S/VINCULO;7550,20;;7550,20;813,35;6736,85;
MARIO ANIBAL GOMES DA COSTA;GER.CONTR.REG.TRANSITO- CRT;AUXILIAR DE MANUTENCAO;; C.L.T.;2775,33;;2775,33;283,98;2491,35;
MARIO COELHO AMORIM FILHO;GERENCIA DE VEICULOS;TECNICO DE NIVEL MEDIO;; C.L.T.;4594,40;;4594,40;761,39;3833,01;
MARIO JORGE CAVALCANTE;GERENCIA DE AVAL.MED.PSICOLOG.;GERENTE;; CARGO COMISSION.S/VINCULO;6209,79;;6209,79;1342,60;4867,19;
MARITA SANTOS DE OLIVEIRA CORREA;ASSESSORIA JURIDICA;TECNICO DE NIVEL SUPERIOR;; C.L.T.;6336,00;;6336,00;1337,98;4998,02;
MARLENE LEAO;GERENCIA DE VEICULOS;TECNICO DE NIVEL MEDIO;TECNICO AUXILIAR; C.L.T.;4338,00;;4338,00;675,87;3662,13;
MARLY CORREA AMAZONAS;GER.CONTR.REG.TRANSITO- CRT;TECNICO DE NIVEL MEDIO;; C.L.T.;3691,00;;3691,00;493,15;3197,85;
MARTA REGINA DOS SANTOS MARQUES;SUBGERENCIA DE DOCUMENTACAO;AUXILIAR DE MANUTENCAO;; C.L.T.;2307,00;;2307,00;204,22;2102,78;
MARY LEAO DE OLIVEIRA;GER.CONTR.REG.TRANSITO- CRT;AUXILIAR ADMINISTRATIVO;; C.L.T.;3520,27;;3520,27;325,75;3194,52;
MATHEUS NICOLAS TOCCHETTO DINARDI;GERENCIA DE ORC.E PLANEJAMENTO;ECONOMISTA;; ESTATUTARIO;5500,00;;5500,00;259,32;5240,68;
MAUREEN LIMA BRASIL CARNEIRO;GER.CONTR.REG.TRANSITO- CRT;TECNICO DE NIVEL MEDIO;; C.L.T.;6428,00;;6428,00;992,73;5435,27;
MAYARA KIMURA TAKETOMI OLIMPIO;CETRAN-CONS.EST.DE TRANSITO;MEMBRO DO CETRAN;; CONSELHO;3110,00;;3110,00;111,70;2998,30;
MAYZA MORAES ANTONY;CETRAN-CONS.EST.DE TRANSITO;MEMBRO DO CETRAN;; CONSELHO;3110,00;;3110,00;111,70;2998,30;
MIRLAN FREITAS DA SILVA;GER.CONTR.REG.TRANSITO- CRT;TECNICO DE NIVEL MEDIO;; C.L.T.;5100,00;;5100,00;714,53;4385,47;
MITZA BRASIL ROBERTO;GER.EDUCACAO PARA O TRANSITO;TECNICO DE NIVEL SUPERIOR;; C.L.T.;6612,96;;6612,96;1494,40;5118,56;
MOIZES BRASIL DE SOUZA;MANAQUIRI;REPRESENTANTE DETRAN/AM MUN.;NAO INFORMADO; CARGO COMISSION.S/VINCULO;2242,40;;2242,40;193,99;2048,41;
MONICA DA COSTA GONDIM;ASSESSORIA JURIDICA;TECNICO DE NIVEL SUPERIOR;; C.L.T.;5636,25;;5636,25;1126,67;4509,58;
NATHALIE SANTANA DE MELO;OUVIDORIA;ASSISTENTE SOCIAL;; ESTATUTARIO;5500,00;;5500,00;181,94;5318,06;
NILA MARIA LAGOS PERDIGAO;SUBGERENCIA DE APOIO LOGISTICO;TECNICO DE NIVEL SUPERIOR;; C.L.T.;3112,99;;3112,99;347,50;2765,49;
NILDES DUTRA NOGUEIRA;GER.CONTR.REG.TRANSITO- CRT;AUXILIAR DE MANUTENCAO;; C.L.T.;2533,50;;2533,50;240,06;2293,44;
ODETE DE OLIVEIRA NASCIMENTO;GER.CONTR.REG.TRANSITO- CRT;TECNICO DE NIVEL MEDIO;; C.L.T.;3530,00;;3530,00;452,58;3077,42;
ODINEI FELICIO DE ARAUJO;GER.CONTR.REG.TRANSITO- CRT;AUXILIAR DE MANUTENCAO;; C.L.T.;2005,00;;2005,00;160,92;1844,08;
ODINILCE FELICIO DE ARAUJO;SUBGERENCIA DE VEICULOS;TECNICO DE NIVEL MEDIO;; C.L.T.;2580,00;;2580,00;247,65;2332,35;
OLINDA MARIA RIBEIRO DE ABREU;SUBGERENCIA DE VEICULOS;TECNICO DE NIVEL MEDIO;; C.L.T.;3480,00;;3480,00;411,54;3068,46;
OSVALDO ALLAN MEDEIROS CHAVES;SUB-GER.I DE EMPLACAMENTO;AUXILIAR ADMINISTRATIVO;; C.L.T.;3355,66;;3355,66;408,65;2947,01;
PATRICIA OLIVEIRA DE SOUZA ALMEIDA;OUVIDORIA;SUBGERENTE;NAO INFORMADO; CARGO COMISSION.S/VINCULO;5691,80;;5691,80;627,12;5064,68;
PAULO DAVID TRIBUZZI DE OLIVEIRA;DIRETOR PRESIDENTE;TECNICO DE NIVEL MEDIO;; C.L.T.;8536,00;;8536,00;1756,52;6779,48;
PAULO LEVY DE OLIVEIRA;SUB-GER.I DE MAT.E PATRIMONIO;TECNICO DE NIVEL SUPERIOR;; C.L.T.;4040,25;;4040,25;584,28;3455,97;
PAULO SERGIO MARTINS;SUB-GER.I DE EMPLACAMENTO;AUXILIAR ADMINISTRATIVO;; C.L.T.;3675,80;;3675,80;432,45;3243,35;
PEDRO CLAUDIO RAMOS DA SILVA;SUBGERENCIA DE APOIO LOGISTICO;AUXILIAR ADMINISTRATIVO;; C.L.T.;6933,30;;6933,30;1615,01;5318,29;
PEDRO PRESTES E SILVA;GERENCIA DE INTERIOR;REPRESENTANTE DETRAN/AM MUN.;NAO INFORMADO; CARGO COMISSION.S/VINCULO;1681,80;;1681,80;131,83;1549,97;
PRISCILA ARAUJO DA SILVA;SUBGERENCIA DE DOCUMENTACAO;SUBGERENTE;; CARGO COMISSION.S/VINCULO;4891,80;;4891,80;860,57;4031,23;
RAIMUNDA NONATA DA SILVA OLIVEIRA;SUB-GER.I DE INF.DE TRANSITO;TECNICO DE NIVEL MEDIO;; C.L.T.;3432,00;;3432,00;427,89;3004,11;
RAIMUNDO JOSE AIRES DE ALMEIDA;DIRETOR PRESIDENTE;TECNICO DE NIVEL MEDIO;; C.L.T.;3580,66;;3580,66;465,35;3115,31;
RAIMUNDO LIMA DA COSTA MOURA;SUB-GER.I DE EMPLACAMENTO;AUXILIAR ADMINISTRATIVO;; C.L.T.;5425,00;;5425,00;676,54;4748,46;
RAYANE NASCIMENTO DE OLIVEIRA;DIRETORIA TECNICA;ASSESSOR III;ASSESSOR III; CARGO COMISSION.S/VINCULO;6292,05;;6292,05;1373,57;4918,48;
REGINA CELIA MATOS NOGUEIRA;DIRETOR PRESIDENTE;TECNICO DE NIVEL MEDIO;; C.L.T.;7437,50;;7437,50;1244,79;6192,71;
REGINALDO DANTAS DE SOUZA;SUB-GER.I DE EMPLACAMENTO;AUXILIAR ADMINISTRATIVO;; C.L.T.;3155,00;;3155,00;358,08;2796,92;
RENATO ALVES DOURADO;GERENCIA DE VEICULOS;TECNICO DE NIVEL MEDIO;; C.L.T.;1982,00;;1982,00;158,85;1823,15;
REZENDE COELHO CACAU;TEFE;REPRESENTANTE DETRAN/AM MUN.;REPRESENTANTE DETRAN; CARGO COMISSION.S/VINCULO;2242,40;;2242,40;193,99;2048,41;
RICARDO BIANCHI RAMALHO DE CASTRO;GERENCIA ENG. E ESTATISTICA;GERENTE;; CARGO COMISSION.S/VINCULO;5209,79;;5209,79;966,62;4243,17;
RISOMAR TRINDADE DA SILVA;DEPARTAMENTO OPERACIONAL;ASSESSOR II;NAO INFORMADO; CARGO COMISSION.S/VINCULO;4209,79;;4209,79;645,25;3564,54;
RITA AMELIA VASCO FURTADO;DEPTO.ADMINISTRAT.-FINANCEIRO;TECNICO DE NIVEL SUPERIOR;; C.L.T.;6846,69;;6846,69;1582,39;5264,30;
RITA BENTO DE CARVALHO;SUBGERENCIA DE VEICULOS;TECNICO DE NIVEL MEDIO;TECNICO AUXILIAR; C.L.T.;4463,50;;4463,50;717,73;3745,77;
RITA DE CASSIA TRINDADE REBELO;GERENCIA DE HABILITACAO;TECNICO AUXILIAR;; C.L.T.;6061,98;;6061,98;1286,95;4775,03;
RITA MARIA DE ALMEIDA FERREIRA;GERENCIA DE VEICULOS;TECNICO DE NIVEL MEDIO;; C.L.T.;3614,50;;3614,50;473,88;3140,62;
RIVANDA DE OLIVEIRA GONCALVES;DEPTO.ADMINISTRAT.-FINANCEIRO;AUXILIAR DE MANUTENCAO;; C.L.T.;1607,00;;1607,00;125,10;1481,90;
RODRIGO DE SA BARBOSA;GABINETE;DELEGADO DE POLICIA 1A.CL. PC-DEL-I;DIRETOR PRESIDENTE; ESTATUTARIO;9900,00;2360,32;7539,68;1204,05;6335,63;
RODRIGO SILVA DE LACERDA;DIRETORIA TECNICA;TECNICO ADMINISTRATIVO;; ESTATUTARIO;2300,00;;2300,00;;2300,00;
ROMILDO DE SOUZA DE AZEVEDO;GERENCIA DE INTERIOR;REPRESENTANTE DETRAN/AM MUN.;REPRESENTANTE DETRAN; CARGO COMISSION.S/VINCULO;1681,80;;1681,80;131,83;1549,97;
ROMULO DA SILVA FABRIS;GER.CONTR.REG.TRANSITO- CRT;TECNICO DE NIVEL MEDIO;; C.L.T.;3380,00;;3380,00;414,78;2965,22;
ROSA RODRIGUES PIRES;DEPTO.ADMINISTRAT.-FINANCEIRO;AUXILIAR DE MANUTENCAO;; C.L.T.;5078,25;;5078,25;922,75;4155,50;
ROSANA SIQUEIRA BASTOS COSTA;DIRETORIA TECNICA;ASSESSOR I;NAO INFORMADO; CARGO COMISSION.S/VINCULO;9252,77;;9252,77;2311,14;6941,63;
ROSANE APARECIDA CORREA LUSTOSA;GERENCIA DE HABILITACAO;TECNICO DE NIVEL SUPERIOR;; C.L.T.;6738,00;;6738,00;1138,77;5599,23;
ROSANGELA VIEIRA HITOTUZI;DIR.ADMINISTRATIVA-FINANCEIRA;TECNICO DE NIVEL MEDIO;; C.L.T.;3702,50;;3702,50;496,05;3206,45;
ROSEMBERG DA SILVA HAYDEN;GERENCIA DE ORC.E PLANEJAMENTO;TECNICO DE NIVEL MEDIO;; C.L.T.;7309,00;;7309,00;1343,95;5965,05;
ROSENEY KIMURA TAKETOMI OLIMPIO;DIRETOR PRESIDENTE;TECNICO DE NIVEL SUPERIOR;; C.L.T.;2177,00;;2177,00;176,40;2000,60;
RUBENIL ROSA DE ALMEIDA;CETRAN-CONS.EST.DE TRANSITO;MEMBRO DO CETRAN;; CONSELHO;3110,00;;3110,00;111,70;2998,30;
SANAE ALVES SATO;DIR.ADMINISTRATIVA-FINANCEIRA;TECNICO DE INFORMATICA;; ESTATUTARIO;2300,00;;2300,00;;2300,00;
SANDRA TEREZA PINHEIRO FERREIRA;GERENCIA DE HABILITACAO;TECNICO DE NIVEL MEDIO;; C.L.T.;3338,25;;3338,25;404,26;2933,99;
SANDRYVALDO SANTOS DO NASCIMENTO;SUBGERENCIA DE VEICULOS;AUXILIAR ADMINISTRATIVO;; C.L.T.;2580,00;;2580,00;212,92;2367,08;
SEBASTIAO FERREIRA DA SILVA;SUBGERENCIA DE APOIO LOGISTICO;AUXILIAR DE MANUTENCAO;; C.L.T.;3165,60;;3165,60;360,75;2804,85;
SELMA DE OLIVEIRA PINHEIRO;GERENCIA DE HABILITACAO;TECNICO DE NIVEL MEDIO;; C.L.T.;4040,25;;4040,25;584,28;3455,97;
SELMA FERNANDA DE OLIVEIRA VALLE;SUBGERENCIA DE VEICULOS;TECNICO DE NIVEL MEDIO;; C.L.T.;3306,67;;3306,67;396,30;2910,37;
SELMA MACEDO LOPES;SUBGERENCIA DE DOCUMENTACAO;AUXILIAR ADMINISTRATIVO;; C.L.T.;4738,00;;4738,00;809,27;3928,73;
SERGIO AUGUSTO GRACA CAVALCANTE;ASSESSORIA JURIDICA;TECNICO DE NIVEL MEDIO;; C.L.T.;11437,00;;11437,00;2392,32;9044,68;
SEVERINO DA SILVA SANTOS;SUBGERENCIA DE VEICULOS;AUXILIAR ADMINISTRATIVO;; C.L.T.;1706,00;;1706,00;134,01;1571,99;
SHIRLENE MAIA FARIAS;DIRETORIA TECNICA;AUXILIAR ADMINISTRATIVO;; C.L.T.;12139,00;;12139,00;2009,80;10129,20;
SIDNEY RAIMUNDO SILVA CHALUB;CETRAN-CONS.EST.DE TRANSITO;MEMBRO DO CETRAN;; CONSELHO;3110,00;;3110,00;111,70;2998,30;
SILIS CALAZANS GOMES;SUBGERENCIA DE APOIO LOGISTICO;MOTORISTA 1A CLASSE;; ESTATUTARIO;3512,03;;3512,03;470,93;3041,10;
SILVIA JANE DA SILVA;GERENCIA DE VEICULOS;AUXILIAR ADMINISTRATIVO;; C.L.T.;4855,00;;4855,00;848,29;4006,71;
SILVIA MARGARETE VALERIO OLIVEIRA;DIR.ADMINISTRATIVA-FINANCEIRA;TECNICO DE NIVEL MEDIO;; C.L.T.;5312,50;;5312,50;701,51;4610,99;
SIRLEIDE DOS SANTOS CASANOVA COELHO;SUBGERENCIA DE VEICULOS;TECNICO DE NIVEL MEDIO;; C.L.T.;7638,00;;7638,00;1089,61;6548,39;
SOLIANE CARDOSO DE CARVALHO;DIRETORIA TECNICA;TECNICO DE NIVEL MEDIO;; C.L.T.;3180,00;;3180,00;364,38;2815,62;
SONIA MARIA SILVA PEREIRA;SUBGERENCIA DE VEICULOS;TECNICO DE NIVEL MEDIO;; C.L.T.;3282,00;;3282,00;390,09;2891,91;
SONIA OLIMPIO DA CUNHA;GERENCIA DE VEICULOS;TECNICO DE NIVEL MEDIO;; C.L.T.;3602,50;;3602,50;470,85;3131,65;
SUELI DE CASTRO JOHNSON;GERENCIA DE ORC.E PLANEJAMENTO;TECNICO DE NIVEL MEDIO;; C.L.T.;3191,00;;3191,00;367,15;2823,85;
SYNGRYD NONATO FREIRE QUEIROZ FELIX;DIRETORIA TECNICA;TECNICO ADMINISTRATIVO;; ESTATUTARIO;2300,00;;2300,00;;2300,00;
TANIA MARIA GUIMARAES DE LIMA;GABINETE;TECNICO DE NIVEL MEDIO;; C.L.T.;3050,00;;3050,00;335,07;2714,93;
TEREZINHA DE JESUS O C SABOIA;SUBGERENCIA DE VEICULOS;TECNICO DE NIVEL MEDIO;; C.L.T.;3202,50;;3202,50;370,05;2832,45;
THAIS BENTES JUCA;ASSESSORIA DE IMPRENSA;ASSESSOR I;NAO INFORMADO; CARGO COMISSION.S/VINCULO;8729,77;;8729,77;1237,17;7492,60;
THALES RAMOS BONFIM;DIRETORIA ADMINIST.FINANCEIRA;TECNICO ADMINISTRATIVO;; ESTATUTARIO;2300,00;;2300,00;;2300,00;
THANNY MONIK DE GUSMAO SILVA;DIRETORIA GERAL;INVEST.DE POL. 3A.CL. PC-INV-III;ASSESSOR II; ESTATUTARIO;682,41;;682,41;;682,41;
THANNY MONIK DE GUSMAO SILVA;DIRETOR PRESIDENTE;INVEST.DE POL. 3A.CL. PC-INV-III;ASSESSOR I; ESTATUTARIO;8333,33;;8333,33;1370,17;6963,16;
THEREZINHA SOARES DE VASCONCELLOS;GERENCIA ENG. E ESTATISTICA;TECNICO DE NIVEL MEDIO;; C.L.T.;2007,50;;2007,50;161,14;1846,36;
TULIMAR MORAES DE LIMA;SUB-GER.I DE EMPLACAMENTO;TECNICO DE NIVEL MEDIO;; C.L.T.;2728,00;;2728,00;275,18;2452,82;
VALERIANA DO ROSARIO DA SILVA;GERENCIA DE HABILITACAO;AUXILIAR DE MANUTENCAO;; C.L.T.;1658,00;;1658,00;129,69;1528,31;
VERA DE SOUZA QUEIROZ MARQUES;DIRETOR PRESIDENTE;ASSESSOR TECNICO;ASSESSOR TECNICO; CARGO COMISSION.S/VINCULO;10000,00;;10000,00;2516,62;7483,38;
VILSON EVANGELISTA DE ARAUJO;GERENCIA DE VEICULOS;TECNICO DE NIVEL MEDIO;; C.L.T.;6557,13;;6557,13;1473,37;5083,76;
VINICIUS OTAVIO ALVES CONCEICAO;DIR.ADMINISTRATIVA-FINANCEIRA;TECNICO ADMINISTRATIVO;; ESTATUTARIO;2300,00;;2300,00;;2300,00;
WALLACE MENEZES DE SOUZA;GERENCIA DE VEICULOS;ASSESSOR I;NAO INFORMADO; CARGO COMISSION.S/VINCULO;9118,77;;9118,77;1726,62;7392,15;
WANDA DOS SANTOS FREIRE;SUBGERENCIA DE DOCUMENTACAO;TECNICO DE NIVEL MEDIO;; C.L.T.;2482,00;;2482,00;231,91;2250,09;
WENDELL DANTAS MENEZES;GER.CONTR.REG.TRANSITO- CRT;TECNICO DE NIVEL MEDIO;; C.L.T.;8780,00;;8780,00;1358,99;7421,01;
WENDELL WAUGHAN MONTEIRO;SECAO ADMINISTRATIVA;ASSESSOR I;ASSESSOR I; CARGO COMISSION.S/VINCULO;9196,35;;9196,35;1883,12;7313,23;
WILLIAM DA SILVA SIMONETTI;CETRAN-CONS.EST.DE TRANSITO;MEMBRO DO CETRAN;; CONSELHO;3110,00;;3110,00;111,70;2998,30;
YANNE DAS NEVES FALCAO LIMA;SUBGERENCIA DE VEICULOS;TECNICO DE NIVEL MEDIO;; C.L.T.;6336,25;;6336,25;1007,14;5329,11;
ZI CUNHA MOREIRA;SUBGERENCIA DE VEICULOS;TECNICO DE NIVEL MEDIO;; C.L.T.;3282,25;;3282,25;390,15;2892,10;
ZULEIDE CARVALHO FEITOSA;SUBGERENCIA DE VEICULOS;TECNICO DE NIVEL MEDIO;; C.L.T.;3204,00;;3204,00;370,43;2833,57;
