NOME;LOTACAO;CARGO;FUNCAO;VINCULO;REMUNERACAO LEGAL TOTAL(R$);DESC.TETO(R$); REMUNERACAO LEGAL DEVIDA(R$);DESCONTOS LEGAIS(R$);LIQUIDO DISPONIVEL(R$);
ABEL VICTOR ARAUJO RAMOS;DIRETORIA GERAL;MENOR APRENDIZ;; CELETISTA APRENDIZ;651,00;;651,00;48,82;602,18;
ADELANE VIEIRA RAMOS;GERENCIA DE HABILITACAO;TECNICO DE NIVEL MEDIO;; C.L.T.;3506,75;;3506,75;430,89;3075,86;
ADEMIR ROCHA RODRIGUES;DEPTO.ADMINISTRAT.-FINANCEIRO;ASSISTENTE ADMINISTRATIVO;; C.L.T.;4925,00;;4925,00;855,83;4069,17;
ADRIA LAIS VASCONCELOS DA SILVA;DIRETORIA GERAL;MENOR APRENDIZ;; CELETISTA APRENDIZ;651,00;;651,00;48,82;602,18;
ADRIANA BRAGA ROCHA;DEPTO.ADMINISTRAT.-FINANCEIRO;DIRETOR ADMINISTRATIVO E FINANCEIRO;DIRETOR ADMINISTRATI; CARGO COMISSION.S/VINCULO;18885,14;;18885,14;4944,24;13940,90;
ADRINE BRANDAO TELES DO NASCIMENTO;DIRETORIA ADMINIST.FINANCEIRA;TECNICO DE INFORMATICA;; ESTATUTARIO;2300,00;;2300,00;;2300,00;
ADRYA DA HORA BRAGA;DIRETORIA GERAL;MENOR APRENDIZ;; CELETISTA APRENDIZ;651,00;;651,00;48,82;602,18;
AGILCIMAR VASCONCELOS LOPES;SUB-GER.I DE EMPLACAMENTO;AUXILIAR ADMINISTRATIVO;; C.L.T.;3809,33;;3809,33;507,14;3302,19;
ALCINEIA ALMEIDA DOS SANTOS;GER.CONTR.REG.TRANSITO- CRT;AUXILIAR DE MANUTENCAO;; C.L.T.;2673,33;;2673,33;249,16;2424,17;
ALDENICE DA SILVA SAHDO;SUBGERENCIA DE VEICULOS;TECNICO DE NIVEL MEDIO;; C.L.T.;2682,00;;2682,00;250,77;2431,23;
ALDENIZIA LIMA FREIRE;DIRETOR PRESIDENTE;TECNICO DE NIVEL MEDIO;; C.L.T.;3918,47;;3918,47;535,69;3382,78;
ALDREA NORONHA RAMOS;DEPTO.ADMINISTRAT.-FINANCEIRO;TECNICO DE NIVEL MEDIO;; C.L.T.;4040,25;;4040,25;568,45;3471,80;
ALDSON XAVIER COSTA;SUB-GER.I DE EMPLACAMENTO;TECNICO DE NIVEL MEDIO;; C.L.T.;9516,66;;9516,66;1844,49;7672,17;
ALESSANDRA AVINTE DE SOUZA FREIRE;SUB-GER.I DE INF.DE TRANSITO;TECNICO DE NIVEL SUPERIOR;; C.L.T.;5338,25;;5338,25;998,67;4339,58;
ALESSANDRA BARROSO ALMEIDA;SECAO ADMINISTRATIVA;GERENTE;NAO INFORMADO; CARGO COMISSION.S/VINCULO;9125,93;;9125,93;2260,46;6865,47;
ALEXANDRE DE OLIVEIRA ROCHA;CETRAN-CONS.EST.DE TRANSITO;MEMBRO DO CETRAN;; CONSELHO;6220,00;;6220,00;825,54;5394,46;
ALFREDO JACAUNA PINHEIRO FILHO;DIRETOR PRESIDENTE;INVESTIGADOR DE POL.CL.ESPECIAL;ASSESSOR I; ESTATUTARIO;7200,00;;7200,00;1095,04;6104,96;
ALIRIA MARIA TELES COELHO;GERENCIA DE VEICULOS;TECNICO DE NIVEL MEDIO;; C.L.T.;4863,50;;4863,50;835,32;4028,18;
ALLYSON BRUNO DOS SANTOS PEREIRA;DIR.ADMINISTRATIVA-FINANCEIRA;TECNICO DE INFORMATICA;; ESTATUTARIO;2300,00;;2300,00;;2300,00;
ALTAIR DEIVID GADELHA DA SILVA;GERENCIA DE VEICULOS;INVEST.DE POL. 3A.CL. PC-INV-III;GERENTE; ESTATUTARIO;9330,13;;9330,13;1680,83;7649,30;
ALYNNE DE SOUZA PEDREIRA;DIRETORIA TECNICA;TECNICO ADMINISTRATIVO;; ESTATUTARIO;2300,00;;2300,00;;2300,00;
AMANDA DA SILVA TEIXEIRA;GABINETE;ESCRIVAO DE POL.3A.CL. PC-ESC-III;CHEFE DE GABINETE; ESTATUTARIO;9189,00;;9189,00;1642,02;7546,98;
ANA AMELIA DE MENEZES BARBOSA;DIRETORIA TECNICA;GERENTE;NAO INFORMADO; CARGO COMISSION.S/VINCULO;12129,79;;12129,79;2924,35;9205,44;
ANA CECILIA DE SOUZA GAZEL;SUB-GER.I DE MAT.E PATRIMONIO;ASSISTENTE ADMINISTRATIVO;ASSIS ADMINISTRATIVO; ESTATUTARIO;7479,00;;7479,00;1398,41;6080,59;
ANA CELIA DOS SANTOS RAMOS;SUBGERENCIA DE VEICULOS;TECNICO DE NIVEL MEDIO;; C.L.T.;3108,00;;3108,00;330,41;2777,59;
ANA MARCELA DA SILVA RODRIGUES;DIRETORIA TECNICA;TECNICO ADMINISTRATIVO;; ESTATUTARIO;2300,00;;2300,00;;2300,00;
ANA MARIA COSTA DA SILVA;JARI-JUNTA ADM.DE REC.DE INFR.;AUXILIAR ADMINISTRATIVO;; C.L.T.;3197,00;;3197,00;352,84;2844,16;
ANA MARIA DA SILVA FERNANDES;DEPTO.ADMINISTRAT.-FINANCEIRO;TECNICO DE NIVEL MEDIO;; C.L.T.;4390,00;;4390,00;677,41;3712,59;
ANA PAULA BRASIL DE HOLANDA;SUBGERENCIA DE VEICULOS;TECNICO DE NIVEL MEDIO;; C.L.T.;8235,50;;8235,50;2015,59;6219,91;
ANA PAULA COSTA DE SOUSA;ASSESSORIA JURIDICA;TECNICO DE NIVEL MEDIO;; C.L.T.;5836,25;;5836,25;1186,17;4650,08;
ANA PAULA MAGALHAES DE MELLO SILVA;GER.CONTR.REG.TRANSITO- CRT;AUXILIAR ADMINISTRATIVO;; C.L.T.;6209,00;;6209,00;1274,37;4934,63;
ANA SOCORRO MATOS FEITOZA;GERENCIA DE VEICULOS;TECNICO DE NIVEL MEDIO;; C.L.T.;2280,00;;2280,00;185,40;2094,60;
ANDERSON LUIS DE AVILA;DIRETORIA TECNICA;REPRESENTANTE DETRAN/AM MUN.;NAO INFORMADO; CARGO COMISSION.S/VINCULO;1681,80;;1681,80;131,56;1550,24;
ANDRE LUIS MIRANDA PINTO;GERENCIA DE INTERIOR;INVEST.DE POLICIA.1A.CL. PC-INV-I;REPRESENTANTE DETRAN; ESTATUTARIO;5690,00;;5690,00;679,79;5010,21;
ANDRE LUIZ AYDEN FERREIRA;GERENCIA DE HABILITACAO;TECNICO ADMINISTRATIVO;; ESTATUTARIO;2300,00;;2300,00;;2300,00;
ANDRE SAKER MORAIS;DIR.ADMINISTRATIVA-FINANCEIRA;ENGENHEIRO COM ESP.EM TRANSITO;; ESTATUTARIO;5500,00;;5500,00;415,79;5084,21;
ANDREA GOMES DE SALES BRAGA;DIRETOR PRESIDENTE;TECNICO DE NIVEL MEDIO;; C.L.T.;3350,66;;3350,66;335,54;3015,12;
ANDREIA DIVINA SA DE OLIVEIRA;GERENCIA DE VEICULOS;TECNICO DE NIVEL MEDIO;; C.L.T.;1880,00;;1880,00;149,40;1730,60;
ANDRESSA DE OLIVEIRA BARRONCAS;GABINETE;ANALISTA JURIDICO;; ESTATUTARIO;5500,00;;5500,00;415,79;5084,21;
ANDREY BARROSO DE SOUZA;DIRETORIA GERAL;MENOR APRENDIZ;; CELETISTA APRENDIZ;651,00;;651,00;48,82;602,18;
ANDREZA VIEIRA FERREIRA;ASSESSORIA JURIDICA;ASSESSOR IV;ASSESSOR IV; CARGO COMISSION.S/VINCULO;8409,86;;8409,86;2063,54;6346,32;
ANGELA ROSA SILVA DO NASCIMENTO;GERENCIA DE HABILITACAO;TECNICO DE NIVEL MEDIO;; C.L.T.;3797,00;;3797,00;504,04;3292,96;
ANNATERRA RIBEIRO DOS SANTOS;DIRETORIA TECNICA;COMUNICACAO SOCIAL;; ESTATUTARIO;5500,00;;5500,00;415,79;5084,21;
ANTONIA MARIA LIMA MOREIRA BARBOSA;GERENCIA DE VEICULOS;AUXILIAR ADMINISTRATIVO;; C.L.T.;3256,50;;3256,50;318,03;2938,47;
ANTONIO ALFREDO REGO DA MATTA FILHO;DIRETOR PRESIDENTE;TECNICO DE NIVEL MEDIO;; C.L.T.;3580,66;;3580,66;449,52;3131,14;
ANTONIO MARCOS ASSEM SALAZAR;DIRETOR PRESIDENTE;SUBGERENTE;SUBGERENTE; CARGO COMISSION.S/VINCULO;7391,80;;7391,80;1771,84;5619,96;
ARACY COSTA SALES;GER.CONTR.REG.TRANSITO- CRT;AUXILIAR DE MANUTENCAO;; C.L.T.;2107,00;;2107,00;169,83;1937,17;
ARILSON DE ALMEIDA LIMA;SUB-GER.I DE EMPLACAMENTO;TECNICO DE NIVEL MEDIO;; C.L.T.;5114,50;;5114,50;919,03;4195,47;
ARLETE DANTAS PINTO;JARI-JUNTA ADM.DE REC.DE INFR.;TECNICO DE NIVEL MEDIO;; C.L.T.;4728,25;;4728,25;790,22;3938,03;
ARMANDO LIMA DO CANTO;SUBGERENCIA DE VEICULOS;TECNICO DE NIVEL MEDIO;; C.L.T.;5808,00;;5808,00;1071,26;4736,74;
ARODILSON FERREIRA DA SILVA;GER.CONTR.REG.TRANSITO- CRT;TECNICO DE NIVEL MEDIO;; C.L.T.;3657,16;;3657,16;468,80;3188,36;
ARTHUR FRANCISCO DOS SANTOS V CRUZ;DIRETOR PRESIDENTE;ESCRIVAO DE POL.3A.CL. PC-ESC-III;ASSESSOR II; ESTATUTARIO;8980,54;;8980,54;1439,49;7541,05;
AUGUSTO CEZAR NUNES BASTOS;CETRAN-CONS.EST.DE TRANSITO;MEMBRO DO CETRAN;; CONSELHO;6220,00;;6220,00;825,54;5394,46;
AUREO SERGIO CORREA PINHEIRO;GER.CONTR.REG.TRANSITO- CRT;ASSESSOR I;ASSESSOR I AD-1; CARGO COMISSION.S/VINCULO;5229,77;;5229,77;957,83;4271,94;
BEATRIZ CARITAS DA SILVA MOREIRA;DIRETORIA TECNICA;TECNICO ADMINISTRATIVO;; ESTATUTARIO;2300,00;;2300,00;;2300,00;
BRUNA BATISTA RIBEIRO;GABINETE;ASSESSOR I;ASSESSOR I; CARGO COMISSION.S/VINCULO;10229,77;;10229,77;2564,02;7665,75;
BRUNO CORREA MAZIERI;ASSESSORIA DE IMPRENSA;GERENTE;GERENTE; CARGO COMISSION.S/VINCULO;7709,79;;7709,79;1871,02;5838,77;
BRUNO KEN PORTO WATANABE;DEPARTAMENTO OPERACIONAL;TECNICO ADMINISTRATIVO;; ESTATUTARIO;2300,00;;2300,00;;2300,00;
CARLOS RODRIGUES DE ANDRADE;SUBGERENCIA DE APOIO LOGISTICO;AUXILIAR DE MANUTENCAO;; C.L.T.;3903,00;;3903,00;531,52;3371,48;
CARLOS ROUCELLI ALVES SIQUEIRA;SUBGERENCIA DE VEICULOS;TECNICO DE NIVEL SUPERIOR;TEC. NIVEL SUPERIOR; C.L.T.;2438,00;;2438,00;199,62;2238,38;
CATIA FRANCISCA GUEDES SARAIVA;GERENCIA DE VEICULOS;TECNICO DE NIVEL MEDIO;; C.L.T.;2982,00;;2982,00;306,57;2675,43;
CECELIENE RAIMUNDA PEDROSA;DEPTO.ADMINISTRAT.-FINANCEIRO;CONSULTOR TECNICO II;NAO INFORMADO; CARGO COMISSION.S/VINCULO;10466,14;;10466,14;2629,02;7837,12;
CELSO DANIEL ALBUQUERQUE DA SILVA;DEPTO.ADMINISTRAT.-FINANCEIRO;TECNICO DE NIVEL MEDIO;; C.L.T.;4890,66;;4890,66;725,58;4165,08;
CHARLES GABRIEL PINHEIRO PINTO;DIRETORIA GERAL;MENOR APRENDIZ;; CELETISTA APRENDIZ;651,00;;651,00;48,82;602,18;
CHRISTIAN CASTRO DOS SANTOS;SECAO DE EXP.DOC.DE HABILIT.;CHEFE DE DEPARTAMENTO;NAO INFORMADO; CARGO COMISSION.S/VINCULO;9029,77;;9029,77;2234,02;6795,75;
CIBELE VARGAS FERNANDES;GABINETE;GERENTE;GERENTE; CARGO COMISSION.S/VINCULO;4209,79;;4209,79;597,14;3612,65;
CINTIA OLIVEIRA REIS;DIRETOR PRESIDENTE;AUXILIAR ADMINISTRATIVO;; C.L.T.;3969,00;;3969,00;549,28;3419,72;
CLARICE LEMOS MARTINS;GERENCIA DE HABILITACAO;TECNICO DE NIVEL MEDIO;; C.L.T.;1982,00;;1982,00;158,58;1823,42;
CLAUDIA DE OLIVEIRA TELES;GERENCIA DE VEICULOS;ASSISTENTE ADMINISTRATIVO;ASSIST.ADMINIST; ESTATUTARIO;4000,00;;4000,00;346,40;3653,60;
CLAUDINETTE LINS REBOUCAS;SUB-GER.I DE MAT.E PATRIMONIO;TECNICO DE NIVEL SUPERIOR;; C.L.T.;2438,00;;2438,00;199,62;2238,38;
CLAUDIO JOSE PEREIRA MACHADO;SUB-GER.I DE MAT.E PATRIMONIO;TECNICO DE NIVEL MEDIO;; C.L.T.;6109,00;;6109,00;1288,86;4820,14;
CLEIDEMAR COSTA;SUBGERENCIA DE VEICULOS;TECNICO DE NIVEL MEDIO;; C.L.T.;4042,00;;4042,00;568,91;3473,09;
CLEUCIMAR DA COSTA MONTANHA;SUBGERENCIA DE DOCUMENTACAO;AUXILIAR DE MANUTENCAO;; C.L.T.;3475,25;;3475,25;422,96;3052,29;
COSMA DA SILVA GAMA;DEPTO.ADMINISTRAT.-FINANCEIRO;AUXILIAR DE MANUTENCAO;; C.L.T.;2033,00;;2033,00;163,17;1869,83;
CRISTINA FERREIRA LIMA;DIRETORIA TECNICA;TECNICO DE NIVEL MEDIO;; C.L.T.;10046,00;;10046,00;2155,98;7890,02;
DAIANE VIEIRA DOS SANTOS;DEPTO.ADMINISTRAT.-FINANCEIRO;ASSESSOR TECNICO;NAO INFORMADO; CARGO COMISSION.S/VINCULO;10073,00;;10073,00;2520,90;7552,10;
DAIANNA PRISCILA SANTOS M MENDES;GERENCIA DE AVAL.MED.PSICOLOG.;PSICOLOGO COM ESP.EM TRANSITO;; ESTATUTARIO;5500,00;;5500,00;415,79;5084,21;
DALVA FERREIRA MOTA;GER.CONTR.REG.TRANSITO- CRT;TECNICO DE NIVEL MEDIO;; C.L.T.;5672,50;;5672,50;1124,51;4547,99;
DALVA INEZ DE OLIVEIRA LOPES;DIRETOR PRESIDENTE;TECNICO DE NIVEL SUPERIOR;; C.L.T.;4924,90;;4924,90;855,80;4069,10;
DANIEL MARQUES DE SOUZA;SUBGERENCIA DE VEICULOS;REPRESENTANTE DO MUNICIPIO;; CARGO COMISSION.S/VINCULO;1681,80;;1681,80;131,56;1550,24;
DANIELE GOMES DA CUNHA;DIRETORIA TECNICA;TECNICO ADMINISTRATIVO;; ESTATUTARIO;2300,00;;2300,00;;2300,00;
DAVID FERNANDES DOS SANTOS;DIRETORIA TECNICA;DIRETOR TECNICO;DIRETOR TECNICO; CARGO COMISSION.S/VINCULO;24442,00;;24442,00;6472,38;17969,62;
DEBORA NADINE DOS SANTOS VITORINO;DIRETORIA TECNICA;ARQUITETO;; ESTATUTARIO;5500,00;;5500,00;415,79;5084,21;
DELMO JOSE DE MEDEIROS ANSELMO;SUB-GER.I DE EMPLACAMENTO;ASSISTENTE ADMINISTRATIVO;; C.L.T.;2380,00;;2380,00;194,40;2185,60;
DELNANDINA MARIA MACEDO MONTEIRO;GER.EDUCACAO PARA O TRANSITO;TECNICO DE NIVEL SUPERIOR;; C.L.T.;4890,00;;4890,00;844,16;4045,84;
DENILSON CRAVO CARDOSO;GERENCIA DE VEICULOS;REPRESENTANTE DETRAN/AM MUN.;NAO INFORMADO; CARGO COMISSION.S/VINCULO;1681,80;;1681,80;131,56;1550,24;
DEUSA CIRRAME LIMA SAMPAIO;SUBGERENCIA DE VEICULOS;TECNICO DE NIVEL SUPERIOR;; C.L.T.;4638,00;;4638,00;760,12;3877,88;
DORALICE NERIS DE SOUZA;GERENCIA DE VEICULOS;AUXILIAR DE MANUTENCAO;; C.L.T.;1505,00;;1505,00;115,65;1389,35;
EDILIO PAIVA DE SOUZA;SUBGERENCIA DE DOCUMENTACAO;AUXILIAR ADMINISTRATIVO;; C.L.T.;1655,00;;1655,00;129,15;1525,85;
EDMO NEVES DE LIMA;SUB-GER.I DE EMPLACAMENTO;AUXILIAR ADMINISTRATIVO;; C.L.T.;4038,00;;4038,00;567,84;3470,16;
EDNILSON JUNIOR CESAR;DIRETOR PRESIDENTE;TECNICO DE NIVEL SUPERIOR;; C.L.T.;6587,98;;6587,98;1469,19;5118,79;
EDUARDA RAFAELLA PRESTES B ANDRADE;DIRETOR PRESIDENTE;MENOR APRENDIZ;; CELETISTA APRENDIZ;651,00;;651,00;48,82;602,18;
EDUARDO MACIEL DE SOUZA;DIRETORIA TECNICA;TECNICO ADMINISTRATIVO;; ESTATUTARIO;2300,00;;2300,00;;2300,00;
ELANE CRISTINA DE OLIVEIRA KARAM;CETRAN-CONS.EST.DE TRANSITO;MEMBRO DO CETRAN;; CONSELHO;6220,00;;6220,00;825,54;5394,46;
ELEN APARECIDA DA COSTA S RODRIGUES;DEPTO.ADMINISTRAT.-FINANCEIRO;ASSESSOR II;NAO INFORMADO; CARGO COMISSION.S/VINCULO;6249,79;;6249,79;1341,86;4907,93;
ELEONORA SILVA MARIANO;SUBGERENCIA DE VEICULOS;TECNICO DE NIVEL MEDIO;; C.L.T.;2682,00;;2682,00;250,77;2431,23;
ELLEN CRISTINA DE OLIVEIRA XAVIER;SUBGERENCIA DE VEICULOS;AUXILIAR ADMINISTRATIVO;; C.L.T.;2431,50;;2431,50;199,03;2232,47;
ERIVAN CORREA DA SILVA;SUB-GER.I DE EMPLACAMENTO;AUXILIAR ADMINISTRATIVO;; C.L.T.;2955,00;;2955,00;301,55;2653,45;
EUDES MENEZES ALBUQUERQUE;CETRAN-CONS.EST.DE TRANSITO;MEMBRO DO CETRAN;; CONSELHO;6220,00;;6220,00;825,54;5394,46;
EUDORIA PEREIRA LOPES;SUB-GER.I DE MAT.E PATRIMONIO;AUXILIAR DE MANUTENCAO;; C.L.T.;2772,50;;2772,50;267,61;2504,89;
EWERTON THERSON LIMA DO NASCIMENTO;DEPARTAMENTO OPERACIONAL;CAPITAO;ASSESSOR IV; ESTATUTARIO;6045,51;;6045,51;777,56;5267,95;
FABIO LIMA CABRAL;DEPTO.ADMINISTRAT.-FINANCEIRO;ASSESSOR IV;ASSESSOR IV; CARGO COMISSION.S/VINCULO;5979,61;;5979,61;1240,14;4739,47;
FARIDES MOTA DIAS;GERENCIA DE VEICULOS;TECNICO DE NIVEL MEDIO;; C.L.T.;3077,00;;3077,00;324,24;2752,76;
FATIMA ALMERINDA RODRIGUES LOPRESTI;DIR.ADMINISTRATIVA-FINANCEIRA;ASSISTENTE TECNICO 3A CLASSE;; C.L.T.;3082,00;;3082,00;325,17;2756,83;
FATIMA DAMIANA DOS SANTOS;GERENCIA DE ORC.E PLANEJAMENTO;TECNICO DE NIVEL MEDIO;; C.L.T.;3361,00;;3361,00;394,16;2966,84;
FAUSTO ISAAC SAHDO;DIRETOR PRESIDENTE;TECNICO DE NIVEL MEDIO;; C.L.T.;4116,16;;4116,16;588,87;3527,29;
FERNANDA CARVALHO DE SOUSA;DIRETORIA TECNICA;ESTATISTICO;; ESTATUTARIO;5500,00;;5500,00;415,79;5084,21;
FERNANDO CHAVES PEREIRA;DIRETORIA GERAL;MENOR APRENDIZ;; CELETISTA APRENDIZ;651,00;;651,00;48,82;602,18;
FERNANDO DE LIMA SANTANA;GER.CONTR.REG.TRANSITO- CRT;TECNICO DE NIVEL MEDIO;; C.L.T.;5638,00;;5638,00;947,94;4690,06;
FLAVIO ROSAS BARBOSA;DIRETOR PRESIDENTE;DESIGNER;; ESTATUTARIO;5500,00;;5500,00;415,79;5084,21;
FRANCIELLE VIEIRA NUNES MIRANDA;DIR.ADMINISTRATIVA-FINANCEIRA;ASSESSOR III;ASSESSOR III; CARGO COMISSION.S/VINCULO;11064,80;;11064,80;2741,51;8323,29;
FRANCINETE PINHEIRO PEDROSA;SUBGERENCIA DE VEICULOS;AUXILIAR ADMINISTRATIVO;; C.L.T.;2457,00;;2457,00;212,11;2244,89;
FRANCISCA DIVA FELICIO DE CASTRO;SUBGERENCIA DE VEICULOS;AUXILIAR DE MANUTENCAO;AUX.ADMINISTRATIVO; C.L.T.;5058,33;;5058,33;900,30;4158,03;
FRANCISCA MARIA DA SILVA PONTES;SUBGERENCIA DE VEICULOS;AUXILIAR ADMINISTRATIVO;; C.L.T.;1808,00;;1808,00;142,92;1665,08;
FRANCISCA PINHEIRO VIEIRA;SUBGERENCIA DE VEICULOS;TECNICO DE NIVEL MEDIO;; C.L.T.;3957,50;;3957,50;546,18;3411,32;
FRANCISCA TEIDE SOUZA FREITAS SILVA;GERENCIA DE VEICULOS;TECNICO DE NIVEL MEDIO;; C.L.T.;2970,67;;2970,67;304,47;2666,20;
FRANCISCO DAS CHAGAS DA SILVA;DEPARTAMENTO OPERACIONAL;AUXILIAR DE MANUTENCAO;; C.L.T.;3033,00;;3033,00;316,06;2716,94;
FRANCISCO DE ARAUJO SILVA;DEPARTAMENTO OPERACIONAL;MOTORISTA 2A.CL. MOT-II;ASSESSOR IV; ESTATUTARIO;4204,00;;4204,00;294,17;3909,83;
FRANCISCO DE ASSIS MESQUITA SIMAS;DEPARTAMENTO OPERACIONAL;AUXILIAR DE MANUTENCAO;; C.L.T.;1581,50;;1581,50;122,53;1458,97;
FRANCISCO FERREIRA DA GLORIA;GERENCIA DE VEICULOS;TECNICO DE NIVEL MEDIO;; C.L.T.;2253,50;;2253,50;183,01;2070,49;
FRANCISCO GOMES DA SILVA;GER.CONTR.REG.TRANSITO- CRT;TECNICO DE NIVEL SUPERIOR;; C.L.T.;6536,00;;6536,00;1449,62;5086,38;
FRANCISCO PENHA DAS CHAGAS;GER.EDUCACAO PARA O TRANSITO;AUXILIAR DE MANUTENCAO;; C.L.T.;3860,00;;3860,00;519,96;3340,04;
FRANK CABRAL DE SOUZA;GERENCIA DE INTERIOR;REPRESENTANTE DETRAN/AM MUN.;NAO INFORMADO; CARGO COMISSION.S/VINCULO;2242,40;;2242,40;182,01;2060,39;
GABRIEL PACHECO DA SILVA;DIRETORIA TECNICA;TECNICO ADMINISTRATIVO;; ESTATUTARIO;2300,00;;2300,00;;2300,00;
GABRIELLE SILVA XAVIER;DIRETORIA GERAL;MENOR APRENDIZ;; CELETISTA APRENDIZ;651,00;;651,00;48,82;602,18;
GENEZIA LOPES DE CASTRO;ASSESSORIA JURIDICA;AUXILIAR DE MANUTENCAO;; C.L.T.;1505,00;;1505,00;115,65;1389,35;
GENY VASCONCELLOS LOPES;GER.CONTR.REG.TRANSITO- CRT;TECNICO DE NIVEL SUPERIOR;; C.L.T.;2540,00;;2540,00;225,24;2314,76;
GEORGETE GADELHA VIEIRA;GERENCIA DE VEICULOS;TECNICO DE NIVEL MEDIO;; C.L.T.;2228,00;;2228,00;180,72;2047,28;
GEORGINA DA SILVA ARCOS;DIR.ADMINISTRATIVA-FINANCEIRA;TECNICO DE NIVEL MEDIO;; C.L.T.;3889,00;;3889,00;527,76;3361,24;
GILBERTO LIRA DA SILVA;GERENCIA DE HABILITACAO;TECNICO DE NIVEL MEDIO;; C.L.T.;7038,00;;7038,00;1638,62;5399,38;
GILRIMAR GLORIA MARTINS;SUB-GER.I DE INF.DE TRANSITO;TECNICO DE NIVEL MEDIO;; C.L.T.;6012,75;;6012,75;1252,62;4760,13;
GLAUCY ALENCAR DE SOUZA;GERENCIA DE VEICULOS;REPRESENTANTE DETRAN/AM MUN.;REP.DEMUNIC.AD-3; CARGO COMISSION.S/VINCULO;4791,80;;4791,80;804,39;3987,41;
GLEICE DOS SANTOS BARROS;SUBGERENCIA DE VEICULOS;TECNICO DE NIVEL SUPERIOR;; C.L.T.;8022,83;;8022,83;1599,61;6423,22;
GLEYSE COSTA LIMA;GERENCIA DE AVAL.MED.PSICOLOG.;PSICOLOGO COM ESP.EM TRANSITO;; ESTATUTARIO;5500,00;;5500,00;415,79;5084,21;
GRACA MARTINS PINHEIRO;SUB-GER.I DE MAT.E PATRIMONIO;AUXILIAR DE MANUTENCAO;; C.L.T.;2207,00;;2207,00;178,83;2028,17;
GRACILDA SAMPAIO DE ARAUJO;ASSESSORIA JURIDICA;TECNICO DE NIVEL MEDIO;; C.L.T.;4187,50;;4187,50;609,87;3577,63;
GRACINETE LOIOLA LIMA;GERENCIA DE VEICULOS;REPRESENTANTE DETRAN/AM MUN.;REP.DO DETRAN MUNIC.; CARGO COMISSION.S/VINCULO;1681,80;;1681,80;131,56;1550,24;
GUILHERME UGO CALIRI NETO;SUBGERENCIA DE DOCUMENTACAO;FISCAL RODOVIARIO;; ESTATUTARIO;2850,03;;2850,03;217,00;2633,03;
GUSTAVO HENRIQUE A SANTANA;DIRETORIA GERAL;MENOR APRENDIZ;; CELETISTA APRENDIZ;651,00;;651,00;48,82;602,18;
HELAINE CRISTINA LABORDA DE CASTRO;GER.EDUCACAO PARA O TRANSITO;SUBGERENTE;NAO INFORMADO; CARGO COMISSION.S/VINCULO;17651,93;;17651,93;4605,11;13046,82;
HELENA CASSIA DA SILVA;DIRETOR PRESIDENTE;TECNICO DE NIVEL SUPERIOR;; C.L.T.;4688,00;;4688,00;776,79;3911,21;
HERBISON DA SILVA DAMASCENO;GERENCIA DE ORC.E PLANEJAMENTO;ASSESSOR II;ASSESSOR II; CARGO COMISSION.S/VINCULO;10122,79;;10122,79;2534,60;7588,19;
HODRIGO MONTENEGRO E SILVA;DIRETORIA ADMINIST.FINANCEIRA;TECNICO ADMINISTRATIVO;; ESTATUTARIO;2300,00;;2300,00;;2300,00;
IKE KENNEDY VEIGA DA SILVA;ASSESSORIA JURIDICA;TECNICO DE NIVEL SUPERIOR;; C.L.T.;5336,00;;5336,00;997,82;4338,18;
IRANETE REIS DE ALMEIDA;GERENCIA DE HABILITACAO;TECNICO DE NIVEL MEDIO;; C.L.T.;3840,25;;3840,25;514,94;3325,31;
ISAIAS DE PAIVA VIEIRA;SUBGERENCIA DE APOIO LOGISTICO;AUXILIAR DE MANUTENCAO;AUX.DE MANUTENCAO; C.L.T.;5138,00;;5138,00;884,21;4253,79;
ISRAEL DA SILVA MARTINS;DEPARTAMENTO OPERACIONAL;AUXILIAR ADMINISTRATIVO;; C.L.T.;3805,00;;3805,00;426,85;3378,15;
IVETH SOUZA DE MELO;SUBGERENCIA DE VEICULOS;TECNICO DE NIVEL MEDIO;; C.L.T.;2965,50;;2965,50;303,50;2662,00;
IVSON DE LIMA GOMES;DIRETOR PRESIDENTE;TECNICO DE NIVEL MEDIO;; C.L.T.;4780,25;;4780,25;807,56;3972,69;
JACILEIA ALFAIA DA CRUZ;GERENCIA DE VEICULOS;REPRESENTANTE DETRAN/AM MUN.;NAO INFORMADO; CARGO COMISSION.S/VINCULO;1681,80;;1681,80;131,56;1550,24;
JAIME RODRIGUES DUARTE;SUBGERENCIA DE APOIO LOGISTICO;AUXILIAR DE MANUTENCAO;AUX.DE MANUTEN¦AO; C.L.T.;2633,00;;2633,00;219,01;2413,99;
JAIR DE MATOS SAMPAIO;SUBGERENCIA DE VEICULOS;TECNICO DE NIVEL MEDIO;; C.L.T.;4605,00;;4605,00;604,20;4000,80;
JAIRO RODRIGUES DOS SANTOS;DEPTO.ADMINISTRAT.-FINANCEIRO;ESCRIVAO DE POL.3A.CL. PC-ESC-III;SUBGERENTE; ESTATUTARIO;8000,00;;8000,00;1315,04;6684,96;
JANAINA MANUELLA BARROS XAVIER;DIRETORIA GERAL;MENOR APRENDIZ;; CELETISTA APRENDIZ;651,00;;651,00;48,82;602,18;
JANDER FERNANDES MENDES;SECAO ADMINISTRATIVA;AGENTE ADM.-AGA-T.S.N.A.-E;GERENTE; ESTATUTARIO;9706,14;;9706,14;1922,00;7784,14;
JANE DE OLIVEIRA PEREIRA;DEPTO.ADMINISTRAT.-FINANCEIRO;TECNICO DE NIVEL MEDIO;; C.L.T.;3380,25;;3380,25;399,02;2981,23;
JANETE ANALIA MATOS TEIXEIRA;SUB-GER.I DE MAT.E PATRIMONIO;TECNICO DE NIVEL MEDIO;; C.L.T.;3938,00;;3938,00;540,94;3397,06;
JANIE GOMES DOMINGUES;ASSESSORIA JURIDICA;TECNICO DE NIVEL SUPERIOR;; C.L.T.;7089,00;;7089,00;1657,83;5431,17;
JANIO NERY DE SOUZA;DEPARTAMENTO OPERACIONAL;AUXILIAR DE MANUTENCAO;; C.L.T.;2709,50;;2709,50;255,89;2453,61;
JEFFERSON MEDEIROS DA SILVA;SUB-GER.I DE EMPLACAMENTO;AUXILIAR ADMINISTRATIVO;; C.L.T.;3280,25;;3280,25;373,82;2906,43;
JESSICA NAIANY TAVARES BARROS;CETRAN-CONS.EST.DE TRANSITO;MEMBRO DO CETRAN;; CONSELHO;6220,00;;6220,00;825,54;5394,46;
JOAO BOSCO BEZERRA DE ARAUJO;GERENCIA DE AVAL.MED.PSICOLOG.;TECNICO DE NIVEL SUPERIOR;; C.L.T.;3130,72;;3130,72;336,14;2794,58;
JOAO CARDOSO PEREIRA;SUBGERENCIA DE APOIO LOGISTICO;AUXILIAR DE MANUTENCAO;; C.L.T.;2762,93;;2762,93;265,82;2497,11;
JOAO CORDEIRO DE NAZARE;DEPARTAMENTO OPERACIONAL;AUXILIAR DE MANUTENCAO;; C.L.T.;2415,50;;2415,50;197,59;2217,91;
JOAO VICTOR NASCIMENTO RODRIGUES;DIRETORIA GERAL;MENOR APRENDIZ;; CELETISTA APRENDIZ;651,00;;651,00;48,82;602,18;
JOAS SAMPAIO DE SOUZA;DEPARTAMENTO OPERACIONAL;TECNICO DE NIVEL MEDIO;; C.L.T.;5495,25;;5495,25;1057,78;4437,47;
JONATHAS GERALDO DE SOUSA;CETRAN-CONS.EST.DE TRANSITO;MEMBRO DO CETRAN;; CONSELHO;6220,00;;6220,00;825,54;5394,46;
JOSE AMURINE FEITOSA TOMAZ FILHO;SUB-GER.I DE EMPLACAMENTO;TECNICO DE NIVEL MEDIO;; C.L.T.;12206,84;;12206,84;3055,57;9151,27;
JOSE ARIMATEIA PAIVA DE GOES;SUBGERENCIA DE VEICULOS;AUXILIAR ADMINISTRATIVO;; C.L.T.;2355,00;;2355,00;192,15;2162,85;
JOSE DA CONCEICAO MOREIRA;SUBGERENCIA DE APOIO LOGISTICO;AUXILIAR DE MANUTENCAO;; C.L.T.;2910,67;;2910,67;293,31;2617,36;
JOSE DEOCLECIO VIANA DE CASTRO;SUB-GER.I DE EMPLACAMENTO;AUXILIAR ADMINISTRATIVO;; C.L.T.;3475,00;;3475,00;422,89;3052,11;
JOSE IRINEU LABORDA DE VASCONCELOS;SUB-GER.I DE EMPLACAMENTO;TECNICO DE NIVEL MEDIO;; C.L.T.;4087,50;;4087,50;581,15;3506,35;
JOSE JANEY PEREIRA DA SILVA;GERENCIA DE VEICULOS;REPRESENTANTE DETRAN/AM MUN.;NAO INFORMADO; CARGO COMISSION.S/VINCULO;1681,80;;1681,80;131,56;1550,24;
JOSE JOAQUIM FREIRE;GERENCIA DE VEICULOS;AUXILIAR ADMINISTRATIVO;; C.L.T.;5810,00;;5810,00;1176,28;4633,72;
JOSE LEITE PEREIRA FILHO;GERENCIA ENG. E ESTATISTICA;TECNICO DE NIVEL MEDIO;; C.L.T.;6458,00;;6458,00;1420,25;5037,75;
JOSE MAURICIO DOS SANTOS TOMAZ;CETRAN-CONS.EST.DE TRANSITO;ASSESSOR I;MEMBRO CETRAN; CONSELHO;6220,00;;6220,00;825,54;5394,46;
JOSE PERCEU VALENTE DE FREITAS;CETRAN-CONS.EST.DE TRANSITO;MEMBRO DO CETRAN;; CONSELHO;6220,00;;6220,00;825,54;5394,46;
JOSE ROBERTO GIOIA ALFAIA;ASSESSORIA JURIDICA;TECNICO DE NIVEL SUPERIOR;; C.L.T.;13485,89;;13485,89;3459,45;10026,44;
JULIA DA SILVA FEITOSA;JARI-JUNTA ADM.DE REC.DE INFR.;AUXILIAR ADMINISTRATIVO;; C.L.T.;2773,50;;2773,50;267,79;2505,71;
JULIANA VALOIS MOTA BEZERRA;DIRETORIA ADMINIST.FINANCEIRA;CONTADOR;; ESTATUTARIO;5500,00;;5500,00;415,79;5084,21;
JUSSUELI DA SILVA;GERENCIA ENG. E ESTATISTICA;AUXILIAR ADMINISTRATIVO;; C.L.T.;2183,00;;2183,00;176,67;2006,33;
KAREN KAROLINE HITOTUZI NUNES SILVA;DIRETORIA ADMINIST.FINANCEIRA;TECNICO ADMINISTRATIVO;; ESTATUTARIO;2300,00;;2300,00;;2300,00;
KELSO WESLEY SOUZA DA SILVA;ASSESSORIA JURIDICA;ANALISTA JURIDICO;; ESTATUTARIO;5500,00;;5500,00;415,79;5084,21;
LEILA MARIA CAVALCANTE NOGUEIRA;SUBGERENCIA DE VEICULOS;TECNICO DE NIVEL MEDIO;; C.L.T.;2682,00;;2682,00;250,77;2431,23;
LEONOR CRUZ DE OLIVEIRA;ASSESSORIA JURIDICA;AUXILIAR DE MANUTENCAO;; C.L.T.;1505,00;;1505,00;115,65;1389,35;
LICINHO PEREIRA DA SILVA;SUBGERENCIA DE APOIO LOGISTICO;AUXILIAR DE MANUTENCAO;; C.L.T.;4309,50;;4309,50;507,71;3801,79;
LIGIA MARIA DUQUE JOHNSON DE ASSIS;CETRAN-CONS.EST.DE TRANSITO;MEMBRO DO CETRAN;; CONSELHO;6220,00;;6220,00;825,54;5394,46;
LIGIA PEREIRA DA SILVA;GERENCIA DE VEICULOS;TECNICO DE NIVEL MEDIO;; C.L.T.;3057,50;;3057,50;320,62;2736,88;
LILIANE DANTAS DE OLIVEIRA LIMA;JARI-JUNTA ADM.DE REC.DE INFR.;TECNICO DE NIVEL MEDIO;; C.L.T.;5782,25;;5782,25;1165,84;4616,41;
LINDOMAR DUARTE DOS SANTOS;GERENCIA DE VEICULOS;TECNICO DE NIVEL MEDIO;; C.L.T.;2506,67;;2506,67;219,97;2286,70;
LUCAS PRAZERES DE MELO;DEPTO.ADMINISTRAT.-FINANCEIRO;ASSESSOR IV;ASSESSOR IV; CARGO COMISSION.S/VINCULO;2779,61;;2779,61;247,07;2532,54;
LUCIANE D ORAN MELLO;GER.EDUCACAO PARA O TRANSITO;TECNICO DE NIVEL MEDIO;; C.L.T.;3306,50;;3306,50;380,43;2926,07;
LUCIMAYRE ALVES CARVALHO;GERENCIA DE AVAL.MED.PSICOLOG.;TECNICO DE NIVEL MEDIO;; C.L.T.;4782,00;;4782,00;572,97;4209,03;
LUIZ AUGUSTO LINS AGUIAR;JARI-JUNTA ADM.DE REC.DE INFR.;MEMBRO DA JARI;; CONSELHO;3110,00;;3110,00;96,10;3013,90;
LUIZ CARLOS PINHEIRO DO NASCIMENTO;SUBGERENCIA DE APOIO LOGISTICO;AUXILIAR DE MANUTENCAO;; C.L.T.;6050,50;;6050,50;1214,69;4835,81;
LUIZ CARLOS SILVA LIMA;DIRETOR PRESIDENTE;AUXILIAR ADMINISTRATIVO;; C.L.T.;5225,25;;5225,25;956,13;4269,12;
LUIZ DANIEL RAPOSO NUNES DE MELLO;DIRETORIA ADMINIST.FINANCEIRA;TECNICO DE INFORMATICA;; ESTATUTARIO;2300,00;;2300,00;;2300,00;
MANOEL DE JESUS MARINHO DE SOUZA;GERENCIA DE VEICULOS;REPRESENTANTE DETRAN/AM MUN.;; CARGO COMISSION.S/VINCULO;1681,80;;1681,80;131,56;1550,24;
MARCELO FREITAS FERREIRA DA SILVA;DIRETOR PRESIDENTE;AUXILIAR ADMINISTRATIVO;; C.L.T.;5555,00;;5555,00;1080,28;4474,72;
MARCIO CARVALHO DE BARROS NETO;DIRETORIA ADMINIST.FINANCEIRA;TECNICO DE INFORMATICA;; ESTATUTARIO;2300,00;;2300,00;;2300,00;
MARCO ANTONIO CORREA NAZARETH;DIRETOR PRESIDENTE;TECNICO DE NIVEL MEDIO;; C.L.T.;5130,66;;5130,66;924,42;4206,24;
MARCO ANTONIO FIRMINO DE ARAUJO;SUBGERENCIA DE VEICULOS;AUXILIAR ADMINISTRATIVO;; C.L.T.;4555,00;;4555,00;732,44;3822,56;
MARCOS ANTONIO GOMES;SUB-GER.I DE EMPLACAMENTO;AUXILIAR ADMINISTRATIVO;; C.L.T.;4855,00;;4855,00;697,10;4157,90;
MARCOS ORELIO FROTA NOGUEIRA;DIRETORIA TECNICA;TECNICO ADMINISTRATIVO;; ESTATUTARIO;2300,00;;2300,00;;2300,00;
MARCOS ROGERIO FERREIRA MORENO;DIRETOR PRESIDENTE;AUXILIAR ADMINISTRATIVO;; C.L.T.;4440,66;;4440,66;694,31;3746,35;
MARCUS ABRANCHES BRAULE PINTO;SUBGERENCIA DE VEICULOS;AUXILIAR ADMINISTRATIVO;; C.L.T.;3355,66;;3355,66;305,73;3049,93;
MARGARETE BRITO DE SOUZA;GERENCIA DE VEICULOS;AUXILIAR ADMINISTRATIVO;; C.L.T.;3956,50;;3956,50;545,91;3410,59;
MARGARETH DE SOUSA COZENDEY;GER.CONTR.REG.TRANSITO- CRT;TECNICO DE NIVEL MEDIO;; C.L.T.;4252,50;;4252,50;546,34;3706,16;
MARIA ADELAIDE LOPES DE OLIVEIRA;DEPTO.ADMINISTRAT.-FINANCEIRO;AUXILIAR DE MANUTENCAO;; C.L.T.;1505,00;;1505,00;115,65;1389,35;
MARIA AMELIA SILVA DOS REIS;DIRETOR PRESIDENTE;AUXILIAR DE MANUTENCAO;; C.L.T.;3025,00;;3025,00;314,57;2710,43;
MARIA AUXILIADORA SOUZA CORREA;GER.CONTR.REG.TRANSITO- CRT;TECNICO DE NIVEL MEDIO;; C.L.T.;2482,00;;2482,00;216,06;2265,94;
MARIA CLEONICE DE SOUZA COSTA;SUBGERENCIA DE DOCUMENTACAO;TECNICO DE NIVEL MEDIO;; C.L.T.;2702,50;;2702,50;254,59;2447,91;
MARIA CONSOLATA BARRETO QUEIROZ;GERENCIA DE VEICULOS;TECNICO DE NIVEL SUPERIOR;; C.L.T.;2540,00;;2540,00;225,24;2314,76;
MARIA DA GLORIA CAVALCANTE MAIA;SUBGERENCIA DE DOCUMENTACAO;AUXILIAR DE MANUTENCAO;; C.L.T.;2142,67;;2142,67;173,04;1969,63;
MARIA DAS GRACAS ARRUDA LARANJEIRA;SUBGERENCIA DE VEICULOS;TECNICO DE NIVEL MEDIO;; C.L.T.;2776,37;;2776,37;268,32;2508,05;
MARIA DAS GRACAS FREIRE DE CARVALHO;ASSESSORIA JURIDICA;TECNICO DE NIVEL MEDIO;; C.L.T.;3316,77;;3316,77;383,02;2933,75;
MARIA DAS GRACAS LIRA PONTES;GERENCIA DE VEICULOS;AUXILIAR ADMINISTRATIVO;; C.L.T.;1655,00;;1655,00;129,15;1525,85;
MARIA DAS GRACAS VEIGA DA MOTA;GERENCIA DE VEICULOS;TECNICO DE NIVEL MEDIO;; C.L.T.;2382,00;;2382,00;194,58;2187,42;
MARIA DE FATIMA FIRMINO DE ARAUJO;SUBGERENCIA DE DOCUMENTACAO;AUXILIAR DE MANUTENCAO;; C.L.T.;2005,00;;2005,00;160,65;1844,35;
MARIA DE FATIMA FREITAS DO M REIS;GER.EDUCACAO PARA O TRANSITO;TECNICO DE NIVEL MEDIO;; C.L.T.;8118,00;;8118,00;1983,28;6134,72;
MARIA DE FATIMA RODRIGUES OLIVEIRA;SUBGERENCIA DE APOIO LOGISTICO;AUXILIAR DE MANUTENCAO;; C.L.T.;3133,34;;3133,34;219,97;2913,37;
MARIA DE LOURDES FREIRE TOGA;GERENCIA DE AVAL.MED.PSICOLOG.;TECNICO DE NIVEL MEDIO;; C.L.T.;3314,50;;3314,50;382,45;2932,05;
MARIA DE NAZARE DOS ANJOS DA SILVA;GER.CONTR.REG.TRANSITO- CRT;TECNICO DE NIVEL SUPERIOR;TECNICO; C.L.T.;4053,33;;4053,33;571,96;3481,37;
MARIA DE NAZARE FREIRE TOGA;SUBGERENCIA DE DOCUMENTACAO;TECNICO DE NIVEL MEDIO;; C.L.T.;2228,00;;2228,00;180,72;2047,28;
MARIA DELCI PEREIRA PINTO;GER.CONTR.REG.TRANSITO- CRT;TECNICO DE NIVEL MEDIO;; C.L.T.;3640,00;;3640,00;464,47;3175,53;
MARIA DIONEIDE MONTEFUSCO MELO;SUB-GER.I DE MAT.E PATRIMONIO;TECNICO DE NIVEL SUPERIOR;TECNICO; C.L.T.;5040,35;;5040,35;894,30;4146,05;
MARIA DO PERPETUO SOCORRO A SOUZA;DEPTO.ADMINISTRAT.-FINANCEIRO;TECNICO DE NIVEL MEDIO;; C.L.T.;7138,00;;7138,00;1318,77;5819,23;
MARIA DO PERPETUO SOCORRO S SANTOS;SUBGERENCIA DE VEICULOS;TECNICO DE NIVEL MEDIO;; C.L.T.;2480,00;;2480,00;215,75;2264,25;
MARIA DO ROSARIO COSTA DOS SANTOS;SUBGERENCIA DE VEICULOS;TECNICO DE NIVEL MEDIO;; C.L.T.;2556,50;;2556,50;227,85;2328,65;
MARIA DO ROSARIO MANHUARI;DIRETOR PRESIDENTE;AUXILIAR DE MANUTENCAO;AUXILIAR MANUTENCAO; C.L.T.;3101,50;;3101,50;328,80;2772,70;
MARIA DO SOCORRO FIGUEIREDO BINDA;SUBGERENCIA DE VEICULOS;AUXILIAR DE SERV GERAIS 3A CLASSE;; C.L.T.;3205,66;;3205,66;355,02;2850,64;
MARIA GOMES MOURA;SUBGERENCIA DE VEICULOS;TECNICO DE NIVEL MEDIO;; C.L.T.;2980,00;;2980,00;306,20;2673,80;
MARIA GORETE FELIX DE ARAUJO;GERENCIA DE HABILITACAO;TECNICO DE NIVEL MEDIO;; C.L.T.;4436,00;;4436,00;692,75;3743,25;
MARIA GORETTE DANTAS PINTO;GERENCIA DE VEICULOS;TECNICO DE NIVEL MEDIO;; C.L.T.;3136,00;;3136,00;337,46;2798,54;
MARIA HELENA LEITE DE MENEZES;GERENCIA DE VEICULOS;AUXILIAR DE MANUTENCAO;; C.L.T.;2433,00;;2433,00;199,17;2233,83;
MARIA IVANEIDE MARQUES VITA;SUBGERENCIA DE VEICULOS;TECNICO DE NIVEL MEDIO;; C.L.T.;2787,50;;2787,50;270,40;2517,10;
MARIA IZABEL FERNANDES DE SOUZA;GERENCIA DE VEICULOS;TECNICO DE NIVEL SUPERIOR;; C.L.T.;3738,00;;3738,00;489,17;3248,83;
MARIA JOANA DO ROSARIO;GERENCIA DE HABILITACAO;AUXILIAR DE MANUTENCAO;; C.L.T.;1607,00;;1607,00;124,83;1482,17;
MARIA JOSE DE SENA RODRIGUES BEZERR;GERENCIA DE HABILITACAO;TECNICO DE NIVEL SUPERIOR;; C.L.T.;2438,00;;2438,00;199,62;2238,38;
MARIA JOSE MENDES DE LIMA;GERENCIA DE VEICULOS;REPRESENTANTE DETRAN/AM MUN.;REP.DE MUNIC.AD-3; CARGO COMISSION.S/VINCULO;1681,80;;1681,80;131,56;1550,24;
MARIA LEONICE REIS BATISTA;GER.EDUCACAO PARA O TRANSITO;TECNICO DE NIVEL MEDIO;; C.L.T.;5600,00;;5600,00;1097,22;4502,78;
MARIA LUCIA PEREIRA GARCIA;GERENCIA DE HABILITACAO;TECNICO DE NIVEL MEDIO;; C.L.T.;3382,25;;3382,25;399,52;2982,73;
MARIA LUIZA PERES DE ARAUJO;GERENCIA DE HABILITACAO;TECNICO DE NIVEL MEDIO;; C.L.T.;2033,00;;2033,00;163,17;1869,83;
MARIA MAGALHAES CESAR;GER.CONTR.REG.TRANSITO- CRT;TECNICO DE NIVEL MEDIO;; C.L.T.;2228,00;;2228,00;180,72;2047,28;
MARIA OLINDA NOGUEIRA DE QUEIROZ;DIRETOR PRESIDENTE;TECNICO DE NIVEL MEDIO;; C.L.T.;4179,02;;4179,02;526,58;3652,44;
MARIA ROZALINA DE SOUZA;GERENCIA DE VEICULOS;TECNICO DE NIVEL MEDIO;; C.L.T.;3640,00;;3640,00;464,47;3175,53;
MARIA SENA DE GOES;DIR.ADMINISTRATIVA-FINANCEIRA;TECNICO DE NIVEL SUPERIOR;; C.L.T.;5139,00;;5139,00;927,20;4211,80;
MARIA SOCORRO PINHEIRO TEIXEIRA;DIRETOR PRESIDENTE;AUXILIAR DE MANUTENCAO;; C.L.T.;1505,00;;1505,00;115,65;1389,35;
MARIA SOCORRO VIANA DE SOUZA;GERENCIA DE HABILITACAO;AUXILIAR DE MANUTENCAO;; C.L.T.;2905,25;;2905,25;292,30;2612,95;
MARIA TELMA DE LEMOS SOARES;SUBGERENCIA DE VEICULOS;TECNICO DE NIVEL MEDIO;; C.L.T.;2953,50;;2953,50;301,27;2652,23;
MARILANE MOREIRA DE SOUZA;DEPTO.ADMINISTRAT.-FINANCEIRO;AUXILIAR DE MANUTENCAO;AUX.DE MANUTEN¦AOS; C.L.T.;2155,00;;2155,00;174,15;1980,85;
MARINALVA OLIVEIRA MARINHO;DIR.GER/ASSESSORIA DE IMPRENSA;SUBGERENTE;NAO INFORMADO; CARGO COMISSION.S/VINCULO;7550,20;;7550,20;1827,13;5723,07;
MARIO ANIBAL GOMES DA COSTA;GER.CONTR.REG.TRANSITO- CRT;AUXILIAR DE MANUTENCAO;; C.L.T.;2081,50;;2081,50;167,53;1913,97;
MARIO COELHO AMORIM FILHO;GERENCIA DE VEICULOS;TECNICO DE NIVEL MEDIO;; C.L.T.;6125,87;;6125,87;1295,21;4830,66;
MARIO JORGE CAVALCANTE;GERENCIA DE AVAL.MED.PSICOLOG.;GERENTE;; CARGO COMISSION.S/VINCULO;6209,79;;6209,79;1326,80;4882,99;
MARITA SANTOS DE OLIVEIRA CORREA;ASSESSORIA JURIDICA;TECNICO DE NIVEL SUPERIOR;; C.L.T.;6336,00;;6336,00;1322,18;5013,82;
MARLENE LEAO;GERENCIA DE VEICULOS;TECNICO DE NIVEL MEDIO;TECNICO AUXILIAR; C.L.T.;3253,50;;3253,50;367,07;2886,43;
MARLY CORREA AMAZONAS;GER.CONTR.REG.TRANSITO- CRT;TECNICO DE NIVEL MEDIO;; C.L.T.;3841,00;;3841,00;515,12;3325,88;
MARTA REGINA DOS SANTOS MARQUES;SUBGERENCIA DE DOCUMENTACAO;AUXILIAR DE MANUTENCAO;; C.L.T.;2307,00;;2307,00;187,83;2119,17;
MARY LEAO DE OLIVEIRA;GER.CONTR.REG.TRANSITO- CRT;AUXILIAR ADMINISTRATIVO;; C.L.T.;3520,27;;3520,27;325,48;3194,79;
MATEUS ALENCAR E SOUZA;DIRETORIA GERAL;MENOR APRENDIZ;; CELETISTA APRENDIZ;651,00;;651,00;48,82;602,18;
MATHEUS RODRIGO TERCO VALCACER;DIRETORIA TECNICA;TECNICO ADMINISTRATIVO;; ESTATUTARIO;2300,00;;2300,00;;2300,00;
MAUREEN LIMA BRASIL CARNEIRO;GER.CONTR.REG.TRANSITO- CRT;TECNICO DE NIVEL MEDIO;; C.L.T.;6428,00;;6428,00;1356,82;5071,18;
MAYARA KIMURA TAKETOMI OLIMPIO;CETRAN-CONS.EST.DE TRANSITO;MEMBRO DO CETRAN;; CONSELHO;6220,00;;6220,00;825,54;5394,46;
MAYZA MORAES ANTONY;CETRAN-CONS.EST.DE TRANSITO;MEMBRO DO CETRAN;; CONSELHO;6220,00;;6220,00;825,54;5394,46;
MIRLAN FREITAS DA SILVA;GER.CONTR.REG.TRANSITO- CRT;TECNICO DE NIVEL MEDIO;; C.L.T.;6496,67;;6496,67;1107,20;5389,47;
MITZA BRASIL ROBERTO;GER.EDUCACAO PARA O TRANSITO;TECNICO DE NIVEL SUPERIOR;; C.L.T.;9612,96;;9612,96;2394,39;7218,57;
MOIZES BRASIL DE SOUZA;MANAQUIRI;REPRESENTANTE DETRAN/AM MUN.;NAO INFORMADO; CARGO COMISSION.S/VINCULO;1681,80;;1681,80;131,56;1550,24;
MONICA DA COSTA GONDIM;ASSESSORIA JURIDICA;TECNICO DE NIVEL SUPERIOR;; C.L.T.;5636,25;;5636,25;1110,87;4525,38;
NATHALIE SANTANA DE MELO;OUVIDORIA;ASSISTENTE SOCIAL;; ESTATUTARIO;5500,00;;5500,00;415,79;5084,21;
NILA MARIA LAGOS PERDIGAO;SUBGERENCIA DE APOIO LOGISTICO;TECNICO DE NIVEL SUPERIOR;; C.L.T.;4150,65;;4150,65;598,14;3552,51;
NILDES DUTRA NOGUEIRA;GER.CONTR.REG.TRANSITO- CRT;AUXILIAR DE MANUTENCAO;; C.L.T.;2533,50;;2533,50;224,21;2309,29;
ODETE DE OLIVEIRA NASCIMENTO;GER.CONTR.REG.TRANSITO- CRT;TECNICO DE NIVEL MEDIO;; C.L.T.;3530,00;;3530,00;436,75;3093,25;
ODINEI FELICIO DE ARAUJO;GER.CONTR.REG.TRANSITO- CRT;AUXILIAR DE MANUTENCAO;; C.L.T.;2005,00;;2005,00;160,65;1844,35;
ODINILCE FELICIO DE ARAUJO;SUBGERENCIA DE VEICULOS;TECNICO DE NIVEL MEDIO;; C.L.T.;2580,00;;2580,00;231,80;2348,20;
OLINDA MARIA RIBEIRO DE ABREU;SUBGERENCIA DE VEICULOS;TECNICO DE NIVEL MEDIO;; C.L.T.;4080,00;;4080,00;499,94;3580,06;
OSVALDO ALLAN MEDEIROS CHAVES;SUB-GER.I DE EMPLACAMENTO;AUXILIAR ADMINISTRATIVO;; C.L.T.;3355,66;;3355,66;392,82;2962,84;
PATRICIA OLIVEIRA DE SOUZA ALMEIDA;OUVIDORIA;SUBGERENTE;NAO INFORMADO; CARGO COMISSION.S/VINCULO;5691,80;;5691,80;1131,79;4560,01;
PAULO DAVID TRIBUZZI DE OLIVEIRA;DIRETOR PRESIDENTE;TECNICO DE NIVEL MEDIO;; C.L.T.;8536,00;;8536,00;1740,73;6795,27;
PAULO LEVY DE OLIVEIRA;SUB-GER.I DE MAT.E PATRIMONIO;TECNICO DE NIVEL SUPERIOR;; C.L.T.;4040,25;;4040,25;568,45;3471,80;
PAULO REBELO VIEIRA;DIRETORIA TECNICA;ADMINISTRADOR;; ESTATUTARIO;5500,00;;5500,00;415,79;5084,21;
PAULO SERGIO MARTINS;SUB-GER.I DE EMPLACAMENTO;AUXILIAR ADMINISTRATIVO;; C.L.T.;5305,00;;5305,00;544,05;4760,95;
PEDRO CLAUDIO RAMOS DA SILVA;SUBGERENCIA DE APOIO LOGISTICO;AUXILIAR ADMINISTRATIVO;; C.L.T.;6940,50;;6940,50;1601,92;5338,58;
PEDRO PRESTES E SILVA;GERENCIA DE INTERIOR;REPRESENTANTE DETRAN/AM MUN.;NAO INFORMADO; CARGO COMISSION.S/VINCULO;2242,40;;2242,40;182,01;2060,39;
PRISCILA ARAUJO DA SILVA;SUBGERENCIA DE DOCUMENTACAO;SUBGERENTE;; CARGO COMISSION.S/VINCULO;4891,80;;4891,80;840,89;4050,91;
RAIMUNDA NONATA DA SILVA OLIVEIRA;SUB-GER.I DE INF.DE TRANSITO;TECNICO DE NIVEL MEDIO;; C.L.T.;3432,00;;3432,00;412,06;3019,94;
RAIMUNDO JOSE AIRES DE ALMEIDA;DIRETOR PRESIDENTE;TECNICO DE NIVEL MEDIO;; C.L.T.;3580,66;;3580,66;449,52;3131,14;
RAIMUNDO LIMA DA COSTA MOURA;SUB-GER.I DE EMPLACAMENTO;AUXILIAR ADMINISTRATIVO;; C.L.T.;3255,00;;3255,00;367,45;2887,55;
RAVEL CARDOSO VASCONCELOS;DIRETORIA TECNICA;TECNICO ADMINISTRATIVO;; ESTATUTARIO;2300,00;;2300,00;;2300,00;
RAYANE NASCIMENTO DE OLIVEIRA;DIRETORIA TECNICA;ASSESSOR III;ASSESSOR III; CARGO COMISSION.S/VINCULO;6292,05;;6292,05;1357,78;4934,27;
REGINA CELIA MATOS NOGUEIRA;DIRETOR PRESIDENTE;TECNICO DE NIVEL MEDIO;; C.L.T.;4462,50;;4462,50;701,59;3760,91;
REGINALDO DANTAS DE SOUZA;SUB-GER.I DE EMPLACAMENTO;AUXILIAR ADMINISTRATIVO;; C.L.T.;2655,00;;2655,00;245,75;2409,25;
RENATO ALVES DOURADO;GERENCIA DE VEICULOS;TECNICO DE NIVEL MEDIO;; C.L.T.;2642,67;;2642,67;243,46;2399,21;
REZENDE COELHO CACAU;TEFE;REPRESENTANTE DETRAN/AM MUN.;REPRESENTANTE DETRAN; CARGO COMISSION.S/VINCULO;1681,80;;1681,80;131,56;1550,24;
RICARDO BIANCHI RAMALHO DE CASTRO;GERENCIA ENG. E ESTATISTICA;GERENTE;; CARGO COMISSION.S/VINCULO;5209,79;;5209,79;950,81;4258,98;
RISOMAR TRINDADE DA SILVA;DEPARTAMENTO OPERACIONAL;ASSESSOR II;NAO INFORMADO; CARGO COMISSION.S/VINCULO;4209,79;;4209,79;610,44;3599,35;
RITA AMELIA VASCO FURTADO;DEPTO.ADMINISTRAT.-FINANCEIRO;TECNICO DE NIVEL SUPERIOR;; C.L.T.;6846,69;;6846,69;1566,60;5280,09;
RITA BENTO DE CARVALHO;SUBGERENCIA DE VEICULOS;TECNICO DE NIVEL MEDIO;TECNICO AUXILIAR; C.L.T.;4463,50;;4463,50;701,92;3761,58;
RITA DE CASSIA TRINDADE REBELO;GERENCIA DE HABILITACAO;TECNICO AUXILIAR;; C.L.T.;6061,98;;6061,98;1271,16;4790,82;
RITA MARIA DE ALMEIDA FERREIRA;GERENCIA DE VEICULOS;TECNICO DE NIVEL MEDIO;; C.L.T.;4214,50;;4214,50;618,88;3595,62;
RIVANDA DE OLIVEIRA GONCALVES;DEPTO.ADMINISTRAT.-FINANCEIRO;AUXILIAR DE MANUTENCAO;; C.L.T.;1607,00;;1607,00;124,83;1482,17;
RODRIGO DE SA BARBOSA;GABINETE;DELEGADO DE POLICIA 1A.CL. PC-DEL-I;DIRETOR PRESIDENTE; ESTATUTARIO;9900,00;1907,97;7992,03;1312,85;6679,18;
RODRIGO SILVA DE LACERDA;DIRETORIA TECNICA;TECNICO ADMINISTRATIVO;; ESTATUTARIO;2300,00;;2300,00;;2300,00;
ROMILDO DE SOUZA DE AZEVEDO;GERENCIA DE INTERIOR;REPRESENTANTE DETRAN/AM MUN.;REPRESENTANTE DETRAN; CARGO COMISSION.S/VINCULO;1681,80;;1681,80;131,56;1550,24;
ROMULO DA SILVA FABRIS;GER.CONTR.REG.TRANSITO- CRT;TECNICO DE NIVEL MEDIO;; C.L.T.;3380,00;;3380,00;398,95;2981,05;
ROSA RODRIGUES PIRES;DEPTO.ADMINISTRAT.-FINANCEIRO;AUXILIAR DE MANUTENCAO;; C.L.T.;6778,25;;6778,25;1540,83;5237,42;
ROSANA SIQUEIRA BASTOS COSTA;DIRETORIA TECNICA;ASSESSOR I;NAO INFORMADO; CARGO COMISSION.S/VINCULO;12402,77;;12402,77;3161,59;9241,18;
ROSANE APARECIDA CORREA LUSTOSA;GERENCIA DE HABILITACAO;TECNICO DE NIVEL SUPERIOR;; C.L.T.;6738,00;;6738,00;1525,67;5212,33;
ROSANGELA VIEIRA HITOTUZI;DIR.ADMINISTRATIVA-FINANCEIRA;TECNICO DE NIVEL MEDIO;; C.L.T.;3852,50;;3852,50;518,02;3334,48;
ROSEMBERG DA SILVA HAYDEN;GERENCIA DE ORC.E PLANEJAMENTO;TECNICO DE NIVEL MEDIO;; C.L.T.;7309,00;;7309,00;1740,66;5568,34;
ROSENEY KIMURA TAKETOMI OLIMPIO;DIRETOR PRESIDENTE;TECNICO DE NIVEL SUPERIOR;; C.L.T.;2177,00;;2177,00;176,13;2000,87;
RUBENIL ROSA DE ALMEIDA;CETRAN-CONS.EST.DE TRANSITO;MEMBRO DO CETRAN;; CONSELHO;6220,00;;6220,00;825,54;5394,46;
SANAE ALVES SATO;DIR.ADMINISTRATIVA-FINANCEIRA;TECNICO DE INFORMATICA;; ESTATUTARIO;2300,00;;2300,00;;2300,00;
SANDRA TEREZA PINHEIRO FERREIRA;GERENCIA DE HABILITACAO;TECNICO DE NIVEL MEDIO;; C.L.T.;3338,25;;3338,25;388,43;2949,82;
SANDRYVALDO SANTOS DO NASCIMENTO;SUBGERENCIA DE VEICULOS;AUXILIAR ADMINISTRATIVO;; C.L.T.;2980,00;;2980,00;260,65;2719,35;
SEBASTIAO FERREIRA DA SILVA;SUBGERENCIA DE APOIO LOGISTICO;AUXILIAR DE MANUTENCAO;; C.L.T.;2396,60;;2396,60;195,89;2200,71;
SELMA DE OLIVEIRA PINHEIRO;GERENCIA DE HABILITACAO;TECNICO DE NIVEL MEDIO;; C.L.T.;4040,25;;4040,25;568,45;3471,80;
SELMA FERNANDA DE OLIVEIRA VALLE;SUBGERENCIA DE VEICULOS;TECNICO DE NIVEL MEDIO;; C.L.T.;2480,00;;2480,00;215,75;2264,25;
SELMA MACEDO LOPES;SUBGERENCIA DE DOCUMENTACAO;AUXILIAR ADMINISTRATIVO;; C.L.T.;4738,00;;4738,00;793,47;3944,53;
SERGIO AUGUSTO GRACA CAVALCANTE;ASSESSORIA JURIDICA;TECNICO DE NIVEL MEDIO;; C.L.T.;14547,00;;14547,00;3751,25;10795,75;
SEVERINO DA SILVA SANTOS;SUBGERENCIA DE VEICULOS;AUXILIAR ADMINISTRATIVO;; C.L.T.;2156,66;;2156,66;174,29;1982,37;
SHIRLENE MAIA FARIAS;DIRETORIA TECNICA;AUXILIAR ADMINISTRATIVO;; C.L.T.;12139,00;;12139,00;2649,05;9489,95;
SIDNEY RAIMUNDO SILVA CHALUB;CETRAN-CONS.EST.DE TRANSITO;MEMBRO DO CETRAN;; CONSELHO;6220,00;;6220,00;825,54;5394,46;
SILIS CALAZANS GOMES;SUBGERENCIA DE APOIO LOGISTICO;MOTORISTA 1A CLASSE;; ESTATUTARIO;4682,71;;4682,71;634,76;4047,95;
SILVIA JANE DA SILVA;GERENCIA DE VEICULOS;AUXILIAR ADMINISTRATIVO;; C.L.T.;4355,00;;4355,00;665,74;3689,26;
SILVIA MARGARETE VALERIO DE OLIVEIR;DIR.ADMINISTRATIVA-FINANCEIRA;TECNICO DE NIVEL MEDIO;; C.L.T.;5312,50;;5312,50;988,97;4323,53;
SIRLEIDE DOS SANTOS CASANOVA COELHO;SUBGERENCIA DE VEICULOS;TECNICO DE NIVEL MEDIO;; C.L.T.;7638,00;;7638,00;1441,64;6196,36;
SOLIANE CARDOSO DE CARVALHO;DIRETORIA TECNICA;TECNICO DE NIVEL MEDIO;; C.L.T.;3180,00;;3180,00;348,55;2831,45;
SONIA MARIA SILVA PEREIRA;SUBGERENCIA DE VEICULOS;TECNICO DE NIVEL MEDIO;; C.L.T.;3282,00;;3282,00;374,26;2907,74;
SONIA OLIMPIO DA CUNHA;GERENCIA DE VEICULOS;TECNICO DE NIVEL MEDIO;; C.L.T.;3377,50;;3377,50;398,32;2979,18;
SUELI DE CASTRO JOHNSON;GERENCIA DE ORC.E PLANEJAMENTO;TECNICO DE NIVEL MEDIO;; C.L.T.;3191,00;;3191,00;351,32;2839,68;
SYNGRYD NONATO FREIRE QUEIROZ FELIX;DIRETORIA TECNICA;TECNICO ADMINISTRATIVO;; ESTATUTARIO;2300,00;;2300,00;;2300,00;
TANIA MARIA GUIMARAES DE LIMA;GABINETE;TECNICO DE NIVEL MEDIO;; C.L.T.;4050,00;;4050,00;571,07;3478,93;
THAIS BENTES JUCA;ASSESSORIA DE IMPRENSA;ASSESSOR I;NAO INFORMADO; CARGO COMISSION.S/VINCULO;8729,77;;8729,77;2151,52;6578,25;
THALES RAMOS BONFIM;DIRETORIA ADMINIST.FINANCEIRA;TECNICO ADMINISTRATIVO;; ESTATUTARIO;2300,00;;2300,00;;2300,00;
THALITA VITORIA TORRES DA SILVA;DIRETORIA GERAL;MENOR APRENDIZ;; CELETISTA APRENDIZ;651,00;;651,00;48,82;602,18;
THANNY MONIK DE GUSMAO SILVA;DIRETOR PRESIDENTE;INVEST.DE POL. 3A.CL. PC-INV-III;ASSESSOR I; ESTATUTARIO;9189,00;;9189,00;1496,82;7692,18;
THEREZINHA SOARES DE VASCONCELLOS;GERENCIA ENG. E ESTATISTICA;TECNICO DE NIVEL MEDIO;; C.L.T.;2007,50;;2007,50;160,87;1846,63;
TULIMAR MORAES DE LIMA;SUB-GER.I DE EMPLACAMENTO;TECNICO DE NIVEL MEDIO;; C.L.T.;2728,00;;2728,00;259,33;2468,67;
VALERIANA DO ROSARIO DA SILVA;GERENCIA DE HABILITACAO;AUXILIAR DE MANUTENCAO;; C.L.T.;1658,00;;1658,00;129,42;1528,58;
VERA DE SOUZA QUEIROZ MARQUES;DIRETOR PRESIDENTE;ASSESSOR TECNICO;ASSESSOR TECNICO; CARGO COMISSION.S/VINCULO;10000,00;;10000,00;2500,83;7499,17;
VILSON EVANGELISTA DE ARAUJO;GERENCIA DE VEICULOS;TECNICO DE NIVEL MEDIO;; C.L.T.;6557,13;;6557,13;1457,58;5099,55;
WALLACE MENEZES DE SOUZA;GERENCIA DE VEICULOS;ASSESSOR I;NAO INFORMADO; CARGO COMISSION.S/VINCULO;11195,36;;11195,36;2829,55;8365,81;
WANDA DOS SANTOS FREIRE;SUBGERENCIA DE DOCUMENTACAO;TECNICO DE NIVEL MEDIO;; C.L.T.;2482,00;;2482,00;216,06;2265,94;
WENDELL DANTAS MENEZES;GER.CONTR.REG.TRANSITO- CRT;TECNICO DE NIVEL MEDIO;; C.L.T.;8780,00;;8780,00;1755,69;7024,31;
WENDELL WAUGHAN MONTEIRO;SECAO ADMINISTRATIVA;ASSESSOR I;ASSESSOR I; CARGO COMISSION.S/VINCULO;9196,35;;9196,35;2279,83;6916,52;
WILLIAM DA SILVA SIMONETTI;CETRAN-CONS.EST.DE TRANSITO;MEMBRO DO CETRAN;; CONSELHO;6220,00;;6220,00;825,54;5394,46;
YANNE DAS NEVES FALCAO LIMA;SUBGERENCIA DE VEICULOS;TECNICO DE NIVEL MEDIO;; C.L.T.;6336,25;;6336,25;991,33;5344,92;
ZI CUNHA MOREIRA;SUBGERENCIA DE VEICULOS;TECNICO DE NIVEL MEDIO;; C.L.T.;3282,25;;3282,25;374,32;2907,93;
ZULEIDE CARVALHO FEITOSA;SUBGERENCIA DE VEICULOS;TECNICO DE NIVEL MEDIO;; C.L.T.;2580,00;;2580,00;231,80;2348,20;
