NOME;LOTACAO;CARGO;FUNCAO;VINCULO;REMUNERACAO LEGAL TOTAL(R$);DESC.TETO(R$); REMUNERACAO LEGAL DEVIDA(R$);DESCONTOS LEGAIS(R$);LIQUIDO DISPONIVEL(R$);
ADALBERTO MOREIRA DA SILVA JUNIOR;DEPARTAMENTO DE ADM.E FINANCAS;ASSESSOR I;NAO INFORMADO; CARGO COMISSION.S/VINCULO;5229,77;;5229,77;914,81;4314,96;
ADEVANE DA SILVA ARAUJO;ASSESSORIA;GERENTE;; CARGO COMISSION.S/VINCULO;4209,79;;4209,79;597,14;3612,65;
ADILA MARIA PORTELA MATTOS;ASSESSORIA;GERENTE;GERENTE; CARGO COMISSION.S/VINCULO;4209,79;;4209,79;597,14;3612,65;
ALDEIZA LAGO DOS SANTOS;ASSESSORIA;GERENTE;; CARGO COMISSION.S/VINCULO;4209,79;;4209,79;597,14;3612,65;
ALDRYN AMARAL DE SOUZA;ASSESSORIA;ASSESSOR II;ASSESSOR II; CARGO COMISSION.S/VINCULO;4209,79;;4209,79;597,14;3612,65;
ALEX SANDRA FARIAS DE ALMEIDA;ASSESSORIA;CHEFE DE DEPARTAMENTO;CHEFE DE DEPARTAMENT; CARGO COMISSION.S/VINCULO;5229,77;;5229,77;957,83;4271,94;
ALICIA BARBOSA RODRIGUES;ASSESSORIA;ASSESSOR II;ASSESSOR II; CARGO COMISSION.S/VINCULO;4209,79;;4209,79;597,14;3612,65;
ALTEMAR LOPES E SILVA;ASSESSORIA;GERENTE;; CARGO COMISSION.S/VINCULO;5613,05;;5613,05;1102,13;4510,92;
AMANDA BOTELHO GOMES;ASSESSORIA;GERENTE;; CARGO COMISSION.S/VINCULO;4209,79;;4209,79;585,61;3624,18;
ANA CLAUDIA DA COSTA LEITAO;ASSESSORIA;ASSESSOR II;; CARGO COMISSION.S/VINCULO;4209,79;;4209,79;597,14;3612,65;
ANA RUTH DE PAULA BOTELHO LAMEGO;DEPARTAMENTO DE ADM.E FINANCAS;A.TEC-I;ASSESSOR I; ESTATUTARIO;5887,01;;5887,01;1118,87;4768,14;
ANGELICA MARIA MOURA BURGA;ASSESSORIA;ASSESSOR II;ASSESSOR II; CARGO COMISSION.S/VINCULO;4209,79;;4209,79;597,14;3612,65;
ANNA BEATRIZ FORASTEIRO CAMPOS;ASSESSORIA;ASSESSOR III;NAO INFORMADO; CARGO COMISSION.S/VINCULO;3191,80;;3191,80;327,46;2864,34;
ANTONIA NONATA DA COSTA;DEPARTAMENTO DE ADM.E FINANCAS;ASSISTENTE ADMINISTRATIVO;; ESTATUTARIO;3577,54;;3577,54;276,06;3301,48;
ANTONIO IRAILTON HIPOLITO FONSECA;ASSESSORIA;ASSESSOR III;ASSESSOR III; CARGO COMISSION.S/VINCULO;3191,80;;3191,80;327,46;2864,34;
ARLETE PIRES DE OLIVEIRA ANDRADE;ASSESSORIA;ASSESSOR II;; CARGO COMISSION.S/VINCULO;4209,79;;4209,79;500,29;3709,50;
ARNOLDO SEBASTIAO DO CARMO VELLOSO;DEPARTAMENTO DE ADM.E FINANCAS;AUX.S.G-I;; ESTATUTARIO;3948,59;;3948,59;500,83;3447,76;
BEATRIZ DA SILVA FERREIRA;ASSESSORIA;ASSESSOR II;ASSESSOR II; CARGO COMISSION.S/VINCULO;4209,79;;4209,79;597,14;3612,65;
BEATRIZ PINHEIRO DE SOUZA;GABINETE DO SECRETARIO;ASSESSOR III;ASSESSOR III; CARGO COMISSION.S/VINCULO;3191,80;;3191,80;327,46;2864,34;
BRUNA BARBOSA ALVES;ASSESSORIA;ASSESSOR II;NAO INFORMADO; CARGO COMISSION.S/VINCULO;4209,79;;4209,79;597,14;3612,65;
CLAUDENI ALVES PINHEIRO;DEPARTAMENTO DE ADM.E FINANCAS;A.TEC-II;ASSESSOR AD-2; ESTATUTARIO;3681,38;;3681,38;591,45;3089,93;
CRISTIANO GONCALVES;ASSESSORIA;GERENTE;GERENTE AD-2; CARGO COMISSION.S/VINCULO;4209,79;;4209,79;597,14;3612,65;
DAVID HEMANUEL ARAUJO DE OLIVEIRA;ASSESSORIA;ASSESSOR I;NAO INFORMADO; CARGO COMISSION.S/VINCULO;5229,77;;5229,77;957,83;4271,94;
DAYRICK SANTOS DE MELO;GABINETE DO SECRETARIO;ASSESSOR II;NAO INFORMADO; CARGO COMISSION.S/VINCULO;4209,79;;4209,79;597,14;3612,65;
DEIDRA SIMONE TORRES A GONCALVES;ASSESSORIA;ASSESSOR II;ASSESSOR II; CARGO COMISSION.S/VINCULO;4209,79;;4209,79;597,14;3612,65;
EDIJANDRIA CARVALHO DE SOUZA;GABINETE DO SECRETARIO;CHEFE DE GABINETE;NAO INFORMADO; CARGO COMISSION.S/VINCULO;5229,77;;5229,77;957,83;4271,94;
EDUARDO COSTA TAVEIRA;GABINETE DO SECRETARIO;SECRETARIO DE ESTADO;NAO INFORMADO; CARGO COMISSION.S/VINCULO;28060,00;;28060,00;7415,19;20644,81;
ELIANA MENDES DE SOUSA;DEPARTAMENTO DE ADM.E FINANCAS;AUX.S.G-I;; ESTATUTARIO;3586,06;;3586,06;445,84;3140,22;
ELLEN THARLLEN BARBOSA DA COSTA;ASSESSORIA;ASSESSOR II;ASSESSOR II; CARGO COMISSION.S/VINCULO;4209,79;;4209,79;597,14;3612,65;
ENGRIDE FERREIRA DE AQUINO RIBELLA;CENTRO EST.DE MUDAN.CLIMATICAS;AUX.ADM-I;; ESTATUTARIO;3680,85;;3680,85;492,99;3187,86;
EVERTON PATRICK DOS SANTOS LIMA;ASSESSORIA;ASSESSOR II;ASSESSOR II; CARGO COMISSION.S/VINCULO;4209,79;;4209,79;597,14;3612,65;
FABRICIA ARRUDA MOREIRA;SEC.EXEC.ADJ.DE GEST.AMBIENTAL;SECRETARIO EXECUTIVO ADJUNTO;NAO INFORMADO; CARGO COMISSION.S/VINCULO;9000,00;;9000,00;2225,83;6774,17;
FELIPE GARCIA SAID;ASSESSORIA;ASSESSOR III;ASSESSOR III; CARGO COMISSION.S/VINCULO;3191,80;;3191,80;327,46;2864,34;
FRANCISCO SANTOS DE OLIVEIRA;ASSESSORIA;ASSESSOR II;ASSESSOR II; CARGO COMISSION.S/VINCULO;4209,79;;4209,79;557,17;3652,62;
GESSICA MARIA MELO DO NASCIMENTO;ASSESSORIA;GERENTE;GERENTE; CARGO COMISSION.S/VINCULO;4209,79;;4209,79;585,61;3624,18;
GILBERTO OLAVO COSTA DE OLIVEIRA;ASSESSORIA;TECNICO EM AGROPECUARIA;GERENTE AD-2; ESTATUTARIO;5308,69;;5308,69;993,60;4315,09;
GILZETE DA SILVA BELEZA;DEPARTAMENTO DE ADM.E FINANCAS;A.TEC-I;ASSESSOR AD-2; ESTATUTARIO;5445,82;;5445,82;1005,23;4440,59;
GLAUCE MARIA TAVARES MONTEIRO;ASSESSORIA;ASSESSOR II;NAO INFORMADO; CARGO COMISSION.S/VINCULO;4209,79;;4209,79;597,14;3612,65;
GLEIDSON ALMEIDA ARANDA;SEC.EXEC.ADJ.DE FLOR.ESTRATIV.;CHEFE DE DEPARTAMENTO;NAO INFORMADO; CARGO COMISSION.S/VINCULO;5229,77;;5229,77;957,83;4271,94;
IGOR CARDOSO CORREA;ASSESSORIA;ASSESSOR II;ASSESSOR II; CARGO COMISSION.S/VINCULO;4209,79;;4209,79;597,14;3612,65;
IRISMAR RIBEIRO DAVILA DE SOUZA;DEPARTAMENTO DE ADM.E FINANCAS;AUX.ADM-I;; ESTATUTARIO;3580,25;;3580,25;463,82;3116,43;
ISRAEL WILTER DOURADO CABRAL;ASSESSORIA;ASSESSOR II;NAO INFORMADO; CARGO COMISSION.S/VINCULO;4209,79;;4209,79;597,14;3612,65;
JAIME GOMES NERY JUNIOR;ASSESSORIA;GERENTE;; DISP. OUTROS ESFERAS;5333,33;;5333,33;581,71;4751,62;
JAMILE ALVES DE ARAUJO;ASSESSORIA;ASSESSOR I;NAO INFORMADO; CARGO COMISSION.S/VINCULO;5229,77;;5229,77;957,83;4271,94;
JOAO BOSCO MIRANDA DE MATTOS JUNIOR;DEPARTAMENTO DE ADM.E FINANCAS;ASSESSOR II;; CARGO COMISSION.S/VINCULO;4209,79;;4209,79;597,14;3612,65;
JOSE CARLOS RIBEIRO;DEPARTAMENTO DE ADM.E FINANCAS;VIGIA-II;GERENTE; ESTATUTARIO;4710,15;;4710,15;622,60;4087,55;
JOSE ELIZIO DA SILVA LIMA;DEPARTAMENTO DE ADM.E FINANCAS;A.TEC-I;; ESTATUTARIO;4499,56;;4499,56;746,26;3753,30;
JOSE RONALDO MOURA RODRIGUES;DEPARTAMENTO DE ADM.E FINANCAS;VIGIA-II;; ESTATUTARIO;3495,27;;3495,27;398,24;3097,03;
JULIANA DELMIRO DE SOUZA MESQUITA;ASSESSORIA;GERENTE;; CARGO COMISSION.S/VINCULO;4209,79;;4209,79;597,14;3612,65;
KHYMBERLLY RIBEIRO SENA;ASSESSORIA;ASSESSOR II;NAO INFORMADO; CARGO COMISSION.S/VINCULO;4209,79;;4209,79;597,14;3612,65;
KLEBER AUGUSTO BECHARA DE OLIVEIRA;ASSESSORIA;ASSESSOR I;NAO INFORMADO; CARGO COMISSION.S/VINCULO;6973,03;;6973,03;1614,17;5358,86;
LEONILSON MAGALHAES CAVALCANTE;ASSESSORIA;ASSESSOR II;NAO INFORMADO; CARGO COMISSION.S/VINCULO;4209,79;;4209,79;597,14;3612,65;
LORENA MACIEL ARAUJO;ASSESSORIA;ASSESSOR II;NAO INFORMADO; CARGO COMISSION.S/VINCULO;4209,79;;4209,79;597,14;3612,65;
LUCAS LEOPOLDINO M LARANJEIRAS;ASSESSORIA;ASSESSOR II;NAO INFORMADO; CARGO COMISSION.S/VINCULO;4209,79;;4209,79;597,14;3612,65;
LUCELIA PEREIRA DE SOUZA;DEPARTAMENTO DE ADM.E FINANCAS;A.TEC-II;; ESTATUTARIO;3641,46;;3641,46;608,34;3033,12;
LUIZ CARLOS DOS SANTOS SOUZA;DEPARTAMENTO DE ADM.E FINANCAS;AUX.S.G-II;; ESTATUTARIO;3516,15;;3516,15;411,17;3104,98;
LUZIA RAQUEL QUEIROZ RODRIGUES SAID;SECRETARIA EXECUTIVA_DE GESTAO;SECRETARIO EXECUTIVO;NAO INFORMADO; CARGO COMISSION.S/VINCULO;11700,00;;11700,00;2968,33;8731,67;
LUZINETE ARAUJO DE SOUSA;DEPARTAMENTO DE ADM.E FINANCAS;AGENTE ADMINISTRATIVO 3A CLASSE;; ESTATUTARIO;3577,54;;3577,54;276,06;3301,48;
MARCIA SOCORRO MARTINS LINS;ASSESSORIA;ASSESSOR II;; CARGO COMISSION.S/VINCULO;4209,79;;4209,79;597,14;3612,65;
MARIA EDILENE NERI DE SOUSA;ASSESSORIA;ASSESSOR II;NAO INFORMADO; CARGO COMISSION.S/VINCULO;4209,79;;4209,79;597,14;3612,65;
MARINETE DE SOUSA MOURA;ASSESSORIA;ASSESSOR III;NAO INFORMADO; CARGO COMISSION.S/VINCULO;3191,80;;3191,80;327,46;2864,34;
MARIO AUGUSTO MARQUES DOS SANTOS;ASSESSORIA;ASSESSOR II;NAO INFORMADO; CARGO COMISSION.S/VINCULO;4209,79;;4209,79;597,14;3612,65;
MAYCON DOUGLAS DE OLIVEIRA CASTRO;ASSESSORIA;ASSESSOR I;NAO INFORMADO; CARGO COMISSION.S/VINCULO;5229,77;;5229,77;957,83;4271,94;
MAYSA SOUZA DE ARAUJO;SECRETARIA EXECUTIVA_DE GESTAO;ASSESSOR III;ASSESSOR III; CARGO COMISSION.S/VINCULO;3191,80;;3191,80;327,46;2864,34;
MILLA CRISTINE GUIMARAES M SANTIAGO;ASSESSORIA;ASSESSOR III;ASSESSOR III; CARGO COMISSION.S/VINCULO;3191,80;;3191,80;327,46;2864,34;
PABLO JOSE MELO SERRA;ASSESSORIA;ASSESSOR II;; CARGO COMISSION.S/VINCULO;4209,79;;4209,79;585,61;3624,18;
PATRICIA OLIVEIRA DE SOUZA RAMOS;ASSESSORIA;ASSESSOR II;NAO INFORMADO; CARGO COMISSION.S/VINCULO;4209,79;;4209,79;597,14;3612,65;
PEDRO DE CRISTO SOARES VENTURA;DEPARTAMENTO DE ADM.E FINANCAS;AUX.ADM-I;; ESTATUTARIO;3590,45;;3590,45;466,77;3123,68;
RAIMUNDA SERRATHY SOUZA DA CRUZ;DEPARTAMENTO DE ADM.E FINANCAS;A.TEC-I;; ESTATUTARIO;3752,68;;3752,68;661,34;3091,34;
RAIMUNDO RIBEIRO ROMAINE;ASSESSORIA;GERENTE;; CARGO COMISSION.S/VINCULO;4209,79;;4209,79;597,14;3612,65;
RAPHAEL BRITO DOS SANTOS;ASSESSORIA;ASSESSOR II;ASSESSOR II; CARGO COMISSION.S/VINCULO;4209,79;;4209,79;557,17;3652,62;
REGINA COELI MINEIRO DE ALENCAR;DEPARTAMENTO DE ADM.E FINANCAS;A.TEC-II;ASSISTENTE TECNICO; ESTATUTARIO;3653,61;;3653,61;607,95;3045,66;
REGINA FARIAS DA SILVA;DEPARTAMENTO DE ADM.E FINANCAS;AUX.S.G-I;; ESTATUTARIO;3580,25;;3580,25;444,15;3136,10;
RICARDO DOS SANTOS OLIVEIRA;ASSESSORIA;ASSESSOR I;NAO INFORMADO; CARGO COMISSION.S/VINCULO;5229,77;;5229,77;957,83;4271,94;
ROBINSON DE SOUZA OLIVEIRA JUNIOR;ASSESSORIA;ASSESSOR III;NAO INFORMADO; CARGO COMISSION.S/VINCULO;4255,73;;4255,73;610,47;3645,26;
RODRIGO MARQUES DIAS;ASSESSORIA;ASSESSOR I;ASSESSOR I; CARGO COMISSION.S/VINCULO;5229,77;;5229,77;957,83;4271,94;
RODRIGO NEGRAO REIS;ASSESSORIA;ASSESSOR II;NAO INFORMADO; CARGO COMISSION.S/VINCULO;4209,79;;4209,79;597,14;3612,65;
ROGERIO SAMPAIO BESSA;ASSESSORIA;ASSESSOR I;NAO INFORMADO; CARGO COMISSION.S/VINCULO;5229,77;;5229,77;957,83;4271,94;
SILVIO HENRIQUE DOS SANTOS RAMOS;ASSESSORIA;ASSESSOR II;ASSESSOR II; CARGO COMISSION.S/VINCULO;4209,79;;4209,79;597,14;3612,65;
SULYVAN LORENA PEREIRA DE LIMA;ASSESSORIA;ASSESSOR II;NAO INFORMADO; CARGO COMISSION.S/VINCULO;4209,79;;4209,79;597,14;3612,65;
SYRLAN PICANCO RIBEIRO DE LIMA;DEPARTAMENTO DE ADM.E FINANCAS;ASSESSOR II;NAO INFORMADO; CARGO COMISSION.S/VINCULO;4209,79;;4209,79;597,14;3612,65;
TADEU ROCHA DA SILVA;ASSESSORIA;ASSESSOR I;NAO INFORMADO; CARGO COMISSION.S/VINCULO;5229,77;;5229,77;957,83;4271,94;
VITOR HUGO VERCOSA E SILVA;GABINETE DO SECRETARIO;MERENDEIRO PNF.MNF-III;ASSESSOR II; ESTATUTARIO;5360,68;;5360,68;634,53;4726,15;
WALBEN JUNIOR DOS SANTOS FERREIRA;ASSESSORIA;GERENTE;; CARGO COMISSION.S/VINCULO;5613,05;;5613,05;1102,13;4510,92;
WALDELICE HOLANDA SALGADO;SEC.EXEC.ADJ.DE FLOR.ESTRATIV.;ASSESSOR II;; CARGO COMISSION.S/VINCULO;4209,79;;4209,79;597,14;3612,65;
WILLARD MOTA VIEIRA;ASSESSORIA;ASSESSOR II;NAO INFORMADO; CARGO COMISSION.S/VINCULO;4209,79;;4209,79;597,14;3612,65;
