NOME;LOTACAO;CARGO;FUNCAO;VINCULO;REMUNERACAO LEGAL TOTAL(R$);DESC.TETO(R$); REMUNERACAO LEGAL DEVIDA(R$);DESCONTOS LEGAIS(R$);LIQUIDO DISPONIVEL(R$);
ACSA TOMAS LITAIFF;SUBCOMISSAO DE LICT.OBRAS.SERV;MEMBRO;; CONSELHO;7000,00;;7000,00;951,37;6048,63;
ADIL FARIAS DE MIRANDA JUNIOR;DEPARTAMENTO DE ADMINISTRACAO;ASSESSOR III;NAO INFORMADO; CARGO COMISSION.S/VINCULO;3191,80;;3191,80;372,18;2819,62;
ADRIANA GABRIELLE A RAMPIN;SUBCOMISSAO DE LICT.OBRAS.SERV;MEMBRO;; CONSELHO;7000,00;;7000,00;1055,64;5944,36;
AGEU SÁ MONTEIRO;DEPARTAMENTO EXECUTIVO;ASSESSOR I;ASSESSOR I; CARGO COMISSION.S/VINCULO;4229,77;;4229,77;647,53;3582,24;
ALBERTO LUCIO DE SOUZA SIMONETTI;SUBCOMISSAO DE LICT.OBRAS.SERV;MEMBRO;; CONSELHO;7000,00;;7000,00;1055,64;5944,36;
ALDINE DE AGUIAR CASTRO GOMES;GABINETE DO PRESIDENTE;ASSESSOR I;NAO INFORMADO; CARGO COMISSION.S/VINCULO;4229,77;;4229,77;647,53;3582,24;
ALEXANDRE BATISTA MENDES;CORREGEDORIA;ASSESSOR TECNICO;ASSESSOR TECNICO; CARGO COMISSION.S/VINCULO;12000,00;;12000,00;2970,23;9029,77;
ALINE NEGREIROS MARINHO;SUBCOMISSAO DE LICT.OBRAS.SERV;MEMBRO;; CONSELHO;7000,00;;7000,00;1003,50;5996,50;
AMANDA GARCIA VIEIRA;DEPARTAMENTO EXECUTIVO;ASSESSOR III;ASSESSOR III; CARGO COMISSION.S/VINCULO;3191,80;;3191,80;372,18;2819,62;
ANA BEATRIZ AMORIM DE CARVALHO;DEPARTAMENTO EXECUTIVO;ASSESSOR III;NAO INFORMADO; CARGO COMISSION.S/VINCULO;1893,80;;1893,80;152,26;1741,54;
ANA CAROLINA YAMANE SANTOS;CORREGEDORIA;ASSESSOR I;NAO INFORMADO; CARGO COMISSION.S/VINCULO;4229,77;;4229,77;647,53;3582,24;
ANA PAULA FROTA DE MELO;ASSESSORIA;ASSESSOR I;; CARGO COMISSION.S/VINCULO;6973,02;;6973,02;4183,80;2789,22;
ANA RUTH FERREIRA DE ARAUJO;ASSESSORIA;ASSESSOR II;NAO INFORMADO; CARGO COMISSION.S/VINCULO;3209,79;;3209,79;376,71;2833,08;
ANDERSON ORTIZ GRANJA DE SOUZA;DEPARTAMENTO EXECUTIVO;ASSESSOR I;NAO INFORMADO; CARGO COMISSION.S/VINCULO;5229,77;;5229,77;981,03;4248,74;
ANDRE AFONSO DOS SANTOS LOUREIRO;DEPARTAMENTO DE ADMINISTRACAO;ASSESSOR III;ASSESSOR III AD-3; CARGO COMISSION.S/VINCULO;3191,80;;3191,80;372,18;2819,62;
ANDREA LASMAR DE MENDONÇA RAMOS;GABINETE DO PRESIDENTE;VICE-PRESIDENTE;NAO INFORMADO; CARGO COMISSION.S/VINCULO;18700,00;;18700,00;4873,72;13826,28;
ANTONINA MARIA DE SOUSA PONTE;SUBCOMISSAO DE LICT.OBRAS.SERV;MEMBRO;; CONSELHO;7000,00;;7000,00;1055,64;5944,36;
ANTONIO JOSE GUERREIRO DA SILVA;SUBCOMISSAO DE LICT.OBRAS.SERV;MEMBRO;; CONSELHO;7000,00;;7000,00;1055,64;5944,36;
ANTONIO JURIMAR MAIA DE OLIVEIRA;DEPARTAMENTO DE ADMINISTRACAO;ASSESSOR IV;NAO INFORMADO; CARGO COMISSION.S/VINCULO;2179,61;;2179,61;177,98;2001,63;
ARIANE FURTADO DE CARVALHO;DEPARTAMENTO DE ADMINISTRACAO;ASSESSOR III;ASSESSOR III; CARGO COMISSION.S/VINCULO;3191,80;;3191,80;372,18;2819,62;
AUGUSTO LOBATO RODRIGUES GUIMARAES;ASSESSORIA;ASSESSOR I;ASSESSOR I; CARGO COMISSION.S/VINCULO;4229,77;;4229,77;647,53;3582,24;
BEATRIZ SANTOS DE OLIVEIRA;DEPARTAMENTO EXECUTIVO;ASSESSOR II;ASSESSOR II; CARGO COMISSION.S/VINCULO;3209,79;;3209,79;376,71;2833,08;
BETANIA PENALBER ROLIM BRAVOS;GABINETE DO PRESIDENTE;ASSESSOR III;ASSESSOR III; CARGO COMISSION.S/VINCULO;3191,80;;3191,80;372,18;2819,62;
CAMILA MAYARA FIGUEIRA CAMELO;GABINETE DO PRESIDENTE;ASSESSOR I;NAO INFORMADO; CARGO COMISSION.S/VINCULO;4229,77;;4229,77;647,53;3582,24;
CARITA DOS ANJOS NASCIMENTO;ASSESSORIA;ASSESSOR I;ASSESSOR I; CARGO COMISSION.S/VINCULO;5229,77;;5229,77;981,03;4248,74;
CARLOS AUGUSTO LAURIA NORONHA;SUBCOMISSAO DE LICT.OBRAS.SERV;MEMBRO;MEMBRO SUBCOMISSAO; CONSELHO;7000,00;;7000,00;951,37;6048,63;
CAROLINA CORREA VIEIRA;CORREGEDORIA;ASSESSOR I;NAO INFORMADO; CARGO COMISSION.S/VINCULO;5229,77;;5229,77;981,03;4248,74;
CAROLINA DE LIMA CAVALCANTE;DEPARTAMENTO DE ADMINISTRACAO;ASSESSOR III;ASSESSOR III; CARGO COMISSION.S/VINCULO;3191,80;;3191,80;372,18;2819,62;
CHALLA DE MEDEIROS JACOB;DEPARTAMENTO EXECUTIVO;ASSESSOR I;ASSESSOR I; CARGO COMISSION.S/VINCULO;5229,77;;5229,77;981,03;4248,74;
CIBELE SAMPAIO DE ARAUJO;SUBCOMISSAO DE LICT.OBRAS.SERV;MEMBRO;; CONSELHO;7000,00;;7000,00;1055,64;5944,36;
CINEUDA PAULINO BESSA;GABINETE DO PRESIDENTE;ASSESSOR III;NAO INFORMADO; CARGO COMISSION.S/VINCULO;2195,80;;2195,80;179,44;2016,36;
CIRO LUIZ PINHEIRO DE OLIVEIRA;SUBCOMISSAO DE LICT.OBRAS.SERV;MEMBRO;; CONSELHO;7000,00;;7000,00;1055,64;5944,36;
CLEICIANE FRANCO COSTA;SUBCOMISSAO DE LICT.OBRAS.SERV;CONSULTOR TECNICO I;CONSULTOR TECNICO I; CARGO COMISSION.S/VINCULO;7500,00;;7500,00;1793,72;5706,28;
CREUZA TEREZA PAULINO CAVALCANTE;DEPARTAMENTO DE ADMINISTRACAO;ASSESSOR TECNICO;ASSESSOR TECNICO; CARGO COMISSION.S/VINCULO;7000,00;;7000,00;1647,36;5352,64;
DAIANA DA SILVA MARTINS;GABINETE DO PRESIDENTE;ASSESSOR I;NAO INFORMADO; CARGO COMISSION.S/VINCULO;4229,77;;4229,77;647,53;3582,24;
DANIEL MAIA TEIXEIRA;DEPARTAMENTO EXECUTIVO;ASSESSOR II;ASSESSOR II; CARGO COMISSION.S/VINCULO;3209,79;;3209,79;376,71;2833,08;
DANIELA FREITAS DE A BULCAO;GABINETE DO PRESIDENTE;ASSESSOR I;NAO INFORMADO; CARGO COMISSION.S/VINCULO;5229,77;;5229,77;895,72;4334,05;
DANIELA HAYDEN DA SILVA BARROSO;GABINETE DO PRESIDENTE;ASSESSOR TECNICO;ASSESSOR TECNICO; CARGO COMISSION.S/VINCULO;12000,00;;12000,00;2918,09;9081,91;
DANIELA MORGANTINI TAVARES TEMPESTA;GABINETE DO PRESIDENTE;ASSESSOR I AD-1;; CARGO COMISSION.S/VINCULO;5229,77;;5229,77;981,03;4248,74;
DANIELLE DE MIRANDA PONTES;DEPARTAMENTO DE ADMINISTRACAO;ASSESSOR III;; CARGO COMISSION.S/VINCULO;2591,80;;2591,80;240,88;2350,92;
DAVISON RODRIGUES BATISTA;SUBCOMISSAO DE LICT.OBRAS.SERV;MEMBRO;; CONSELHO;7000,00;;7000,00;1055,64;5944,36;
DAYANNE CAMPELO FERREIRA;GABINETE DO PRESIDENTE;ASSESSOR II;ASSESSOR II; CARGO COMISSION.S/VINCULO;2609,79;;2609,79;258,44;2351,35;
DEBORA LAGES FERREIRA;GABINETE DO PRESIDENTE;ASSESSOR III;ASSESSOR III; CARGO COMISSION.S/VINCULO;2195,80;;2195,80;179,44;2016,36;
DEBORAH ROSENDO DE A A TAVARES;ASSESSORIA;ASSESSOR I;ASSESSOR I; CARGO COMISSION.S/VINCULO;5229,77;;5229,77;981,03;4248,74;
DIEGO BARROS JACOB;DEPARTAMENTO EXECUTIVO;ASSESSOR III;ASSESSOR III; CARGO COMISSION.S/VINCULO;3191,80;;3191,80;372,18;2819,62;
DIEGO SANTOS PAIXAO;GABINETE DO PRESIDENTE;ASSESSOR III;ASSESSOR III; CARGO COMISSION.S/VINCULO;2195,80;;2195,80;179,44;2016,36;
DJALMA ALBERTO DE SOUZA OLIVEIRA;SUBCOMISSAO DE LICT.OBRAS.SERV;MEMBRO;; CONSELHO;7000,00;;7000,00;1003,50;5996,50;
EDILBERTO SOUZA DOS SANTOS;GABINETE DO PRESIDENTE;ASSIST.ADM.DA FAZENDA EST.3A.CL.IV;GERENTE; ESTATUTARIO;4000,00;;4000,00;;4000,00;
EDILSON BATISTA CAVALCANTE JUNIOR;SUBCOMISSAO DE LICT.OBRAS.SERV;ASSESSOR TECNICO;ASSESSOR TECNICO; CARGO COMISSION.S/VINCULO;7000,00;;7000,00;1647,36;5352,64;
EDIMAR FRANÇA DA SILVA;DEPARTAMENTO EXECUTIVO;ASSESSOR II;NAO INFORMADO; CARGO COMISSION.S/VINCULO;4209,79;;4209,79;452,98;3756,81;
EDSANDRA MAGALHAES FERREIRA;SUBCOMISSAO DE LICT.OBRAS.SERV;MEMBRO;MEMBRO; CONSELHO;7000,00;;7000,00;899,23;6100,77;
EDVANIA CARLA DOS SANTOS PEREIRA;GABINETE DO PRESIDENTE;ASSESSOR II;NAO INFORMADO; CARGO COMISSION.S/VINCULO;4209,79;;4209,79;640,87;3568,92;
ELIEL MENDONCA ROCHA;DEPARTAMENTO EXECUTIVO;ASSESSOR II;ASSESSOR II; CARGO COMISSION.S/VINCULO;3209,79;;3209,79;376,71;2833,08;
ENIO DIEGO DE LEMOS TRAVASSOS;GABINETE DO PRESIDENTE;ASSESSOR III;NAO INFORMADO; CARGO COMISSION.S/VINCULO;1893,80;;1893,80;152,26;1741,54;
ERIC MACHADO DE ARAUJO;GABINETE DO PRESIDENTE;ASSESSOR III;NAO INFORMADO; CARGO COMISSION.S/VINCULO;3191,80;;3191,80;372,18;2819,62;
ERICA DOS SANTOS VIEIRA;SUBCOMISSAO DE LICT.OBRAS.SERV;MEMBRO;; CONSELHO;7000,00;;7000,00;1055,64;5944,36;
ERICA GOMES ALVES;GABINETE DO PRESIDENTE;ASSESSOR III;NAO INFORMADO; CARGO COMISSION.S/VINCULO;2591,80;;2591,80;255,09;2336,71;
ERNALDO COSTA DA SILVA;DEPARTAMENTO DE ADMINISTRACAO;ASSESSOR III;; CARGO COMISSION.S/VINCULO;2591,80;;2591,80;240,88;2350,92;
ESTEFANY DOS SANTOS CARVALHO;GABINETE DO PRESIDENTE;ASSESSOR III;ASSESSOR III; CARGO COMISSION.S/VINCULO;3191,80;;3191,80;372,18;2819,62;
EVANDRO ANDRADE DOS SANTOS;DEPARTAMENTO EXECUTIVO;ASSESSOR I;ASSESSOR I; CARGO COMISSION.S/VINCULO;4229,77;;4229,77;647,53;3582,24;
EZEQUIEL MARQUES ARAUJO LIMA;DEPARTAMENTO DE ADMINISTRACAO;ASSESSOR III;; CARGO COMISSION.S/VINCULO;3191,80;;3191,80;352,48;2839,32;
FABIANA DE MORAIS SARAIVA;GABINETE DO PRESIDENTE;CHEFE DE GABINETE;NAO INFORMADO; CARGO COMISSION.S/VINCULO;5229,77;;5229,77;981,03;4248,74;
FABIO BRUNO CAMPOS;DEPARTAMENTO DE ADMINISTRACAO;ASSESSOR III;ASSESSOR III; CARGO COMISSION.S/VINCULO;3191,80;;3191,80;372,18;2819,62;
FABIOLA MOTA GUALBERTO;ASSESSORIA;ASSESSOR I;NAO INFORMADO; CARGO COMISSION.S/VINCULO;4229,77;;4229,77;615,32;3614,45;
FABIOLA RODRIGUES DO NASCIMENTO;CORREGEDORIA;ASSESSOR III;NAO INFORMADO; CARGO COMISSION.S/VINCULO;3191,80;;3191,80;372,18;2819,62;
FELIPE SILVA DE LIMA;CORREGEDORIA;ASSESSOR I;NAO INFORMADO; CARGO COMISSION.S/VINCULO;5229,77;;5229,77;981,03;4248,74;
FELISMINO FRANCISCO SOARES NETO;SUBCOMISSAO DE LICT.OBRAS.SERV;MEMBRO;; CONSELHO;7000,00;;7000,00;1055,64;5944,36;
FERNANDO QUEIROZ DE LIMA;DEPARTAMENTO DE ADMINISTRACAO;ASSESSOR III;ASSESSOR III; CARGO COMISSION.S/VINCULO;2195,80;;2195,80;179,44;2016,36;
FIDEL FRANCISCO CONCEICAO OLIVEIRA;ASSESSORIA;ASSESSOR II;NAO INFORMADO; CARGO COMISSION.S/VINCULO;4209,79;;4209,79;609,94;3599,85;
FLAVIANO DRUMOND DE OLIVEIRA;SUBCOMISSAO DE LICT.OBRAS.SERV;MEMBRO;; CONSELHO;7000,00;;7000,00;951,37;6048,63;
GABRYELLE ROCHA DE LIMA BASTOS;GABINETE DO PRESIDENTE;ASSESSOR III;; CARGO COMISSION.S/VINCULO;2927,73;;2927,73;317,58;2610,15;
GIOVANNI MONTINI CESAR CAVALCANTE;GABINETE DO PRESIDENTE;ASSESSOR III;NAO INFORMADO; CARGO COMISSION.S/VINCULO;3191,80;;3191,80;372,18;2819,62;
GYESE KANAWATI LASMAR;SUBCOMISSAO DE LICT.OBRAS.SERV;MEMBRO;MEMBRO; CONSELHO;7000,00;;7000,00;1003,50;5996,50;
HEDLEN MARIA BARROSO GUEDES FREITAS;GABINETE DO PRESIDENTE;ASSESSOR I;ASSESSOR I AD-1; CARGO COMISSION.S/VINCULO;10229,77;;10229,77;2303,74;7926,03;
IRIS MODESTO DE VERAS;CONSULTORIA JURIDICA;ASSESSOR III;NAO INFORMADO; CARGO COMISSION.S/VINCULO;2591,80;;2591,80;255,09;2336,71;
ISABELLY MAIA PORTILHO;GABINETE DO PRESIDENTE;ASSESSOR III;ASSESSOR III; CARGO COMISSION.S/VINCULO;2195,80;;2195,80;179,44;2016,36;
JACKSON ANTONIO BARBOZA M SOUZA;DEPARTAMENTO EXECUTIVO;ASSESSOR III;NAO INFORMADO; CARGO COMISSION.S/VINCULO;4255,73;;4255,73;656,19;3599,54;
JAMES SALIM MUSSA;SUBCOMISSAO DE LICT.OBRAS.SERV;MEMBRO;; CONSELHO;7000,00;;7000,00;951,37;6048,63;
JAQUELINE CRUZ ALVES;DEPARTAMENTO DE ADMINISTRACAO;PROFESSOR PF20.LPL-IV;GERENTE AD-2; ESTATUTARIO;6374,62;;6374,62;1072,55;5302,07;
JARDEL SOUZA DE OLIVEIRA;ASSESSORIA;ASSESSOR III;ASSESSOR III; CARGO COMISSION.S/VINCULO;3191,80;;3191,80;352,48;2839,32;
JAYME MARQUES BRASIL JUNIOR;ASSESSORIA;CORREGEDOR;CORREGEDOR; CARGO COMISSION.S/VINCULO;5229,77;;5229,77;981,03;4248,74;
JAYNNE DE ARAUJO MOREIRA;GABINETE DO PRESIDENTE;ASSESSOR III;ASSESSOR III; CARGO COMISSION.S/VINCULO;3191,80;;3191,80;372,18;2819,62;
JENIFER PRISCO DA SILVA;CORREGEDORIA;ASSESSOR IV;ASSESSOR IV; CARGO COMISSION.S/VINCULO;1877,61;;1877,61;150,80;1726,81;
JOAO CARLOS BEZERRA DE A JUNIOR;SUBCOMISSAO DE LICT.OBRAS.SERV;MEMBRO;MEMBRO; CONSELHO;7000,00;;7000,00;426,00;6574,00;
JOAO PAULO LUCENA DE OLIVEIRA;GABINETE DO PRESIDENTE;ASSESSOR II;ASSESSOR II; CARGO COMISSION.S/VINCULO;3209,79;;3209,79;355,82;2853,97;
JOCIONE DOS SANTOS SOUZA JUNIOR;GABINETE DO PRESIDENTE;ASSESSOR I;ASSESSOR I; CARGO COMISSION.S/VINCULO;6798,70;;6798,70;1571,58;5227,12;
JOSE GOMES DE OLIVEIRA NETO;DEPARTAMENTO EXECUTIVO;ASSESSOR III;ASSESSOR III; CARGO COMISSION.S/VINCULO;3191,80;;3191,80;372,18;2819,62;
JOSE RIBAMAR MAIA DE OLIVEIRA;DEPARTAMENTO DE ADMINISTRACAO;ASSESSOR III;NAO INFORMADO; CARGO COMISSION.S/VINCULO;2195,80;;2195,80;179,44;2016,36;
JULIO CEZAR RODRIGUES LIMA;ASSESSORIA;ASSESSOR I;NAO INFORMADO; CARGO COMISSION.S/VINCULO;5229,77;;5229,77;981,03;4248,74;
KEIVISON BRAZ GAMA;GABINETE DO PRESIDENTE;ASSESSOR IV;NAO INFORMADO; CARGO COMISSION.S/VINCULO;1665,61;;1665,61;131,72;1533,89;
KELLEN ETHER REBELO;DEPARTAMENTO DE ADMINISTRACAO;GERENTE;NAO INFORMADO; CARGO COMISSION.S/VINCULO;4209,79;;4209,79;640,87;3568,92;
KLEYTON COSTA DE LIMA;DEPARTAMENTO DE ADMINISTRACAO;ASSESSOR III;; CARGO COMISSION.S/VINCULO;3191,80;;3191,80;324,04;2867,76;
LARISSA ANTONIA SARAIVA MELO;ASSESSORIA;ASSESSOR I;NAO INFORMADO; CARGO COMISSION.S/VINCULO;5229,77;;5229,77;981,03;4248,74;
LARISSA DE SOUZA LOPES;DEPARTAMENTO EXECUTIVO;ASSESSOR IV;ASSESSOR IV; CARGO COMISSION.S/VINCULO;1877,61;;1877,61;150,80;1726,81;
LEANDRO DA SILVA AGUIAR;SUBCOMISSAO DE LICT.OBRAS.SERV;MEMBRO;MEMBROSUBCOMISSAO; CONSELHO;7000,00;;7000,00;1055,64;5944,36;
LEANDRO MENEZES DOS SANTOS;SUBCOMISSAO DE LICT.OBRAS.SERV;MEMBRO;; CONSELHO;7000,00;;7000,00;1055,64;5944,36;
LEILA DE QUEIROZ PONTES;SUBCOMISSAO DE LICT.OBRAS.SERV;MEMBRO;MEMBRO; CONSELHO;7000,00;;7000,00;1055,64;5944,36;
LEONARDO BRUNO BARBOSA MONTEIRO;DEPARTAMENTO EXECUTIVO;ASSESSOR TECNICO;ASSESSOR TECNICO; CARGO COMISSION.S/VINCULO;12000,00;;12000,00;3022,36;8977,64;
LEONARDO LIMA TOLEDANO;CORREGEDORIA;ASSESSOR I;ASSESSOR I; CARGO COMISSION.S/VINCULO;5229,77;;5229,77;981,03;4248,74;
LILLIAN WALLACE SANTOS RAMOS SILVA;DEPARTAMENTO EXECUTIVO;ASSESSOR IV;ASSESSOR IV; CARGO COMISSION.S/VINCULO;2179,61;;2179,61;177,98;2001,63;
LOHAN FERNANDES VERAS;GABINETE DO PRESIDENTE;ASSESSOR III;NAO INFORMADO; CARGO COMISSION.S/VINCULO;3191,80;;3191,80;372,18;2819,62;
LUANA MODESTO VERAS;SUBCOMISSAO DE LICT.OBRAS.SERV;MEMBRO;; CONSELHO;7000,00;;7000,00;1055,64;5944,36;
LUANA MUNIZ DE OLIVEIRA;GABINETE DO PRESIDENTE;ASSESSOR III;ASSESSOR III; CARGO COMISSION.S/VINCULO;3191,80;;3191,80;372,18;2819,62;
LUCAS PIMENTEL VIEIRA;DEPARTAMENTO DE ADMINISTRACAO;ASSESSOR III;ASSESSOR III; CARGO COMISSION.S/VINCULO;3191,80;;3191,80;372,18;2819,62;
LUCIANA COUTO CRESPO;ASSESSORIA;ASSESSOR TECNICO;ASSESSOR TECNICO; CARGO COMISSION.S/VINCULO;12000,00;;12000,00;3022,36;8977,64;
LUCIO ANTONIO SIMOES MONTEIRO;CORREGEDORIA;ASSESSOR I;NAO INFORMADO; CARGO COMISSION.S/VINCULO;5229,77;;5229,77;981,03;4248,74;
LUIZ ANDRE LIMA DE OLIVEIRA;GABINETE DO PRESIDENTE;ASSESSOR II;ASSESSOR II; CARGO COMISSION.S/VINCULO;3209,79;;3209,79;348,17;2861,62;
MADALENA TAVEIRA DOS SANTOS;DEPARTAMENTO EXECUTIVO;ASSESSOR III;ASSESSOR III; CARGO COMISSION.S/VINCULO;1893,80;;1893,80;152,26;1741,54;
MAICON DOUGLAS DA MODA PINHEIRO;DEPARTAMENTO EXECUTIVO;ASSESSOR IV;NAO INFORMADO; CARGO COMISSION.S/VINCULO;1877,61;;1877,61;150,80;1726,81;
MARCELA CHAGAS DE SENA;SUBCOMISSAO DE LICT.OBRAS.SERV;ASSESSOR I;ASSESSOR I; CARGO COMISSION.S/VINCULO;3229,77;;3229,77;381,75;2848,02;
MARCELLO ISPER DE OLIVEIRA;GABINETE DO PRESIDENTE;ASSESSOR I;NAO INFORMADO; CARGO COMISSION.S/VINCULO;6973,03;;6973,03;1637,21;5335,82;
MARCELO GOMES DE OLIVEIRA;SUBCOMISSAO DE LICT.OBRAS.SERV;MEMBRO;; CONSELHO;7000,00;;7000,00;565,23;6434,77;
MARCELO MARCUS NOGUEIRA MARTINS;DEPARTAMENTO EXECUTIVO;ASSESSOR I;ASSESSOR I; CARGO COMISSION.S/VINCULO;5229,77;;5229,77;981,03;4248,74;
MARCO AURELIO RIBEIRO ESTEVES;DEPARTAMENTO DE ADMINISTRACAO;ASSESSOR III;; CARGO COMISSION.S/VINCULO;3191,80;;3191,80;372,18;2819,62;
MARIA INES SANTIAGO CAVALEIRO MELO;SUBCOMISSAO DE LICT.OBRAS.SERV;MEMBRO;; CONSELHO;12000,00;;12000,00;2430,64;9569,36;
MARIA LUIZA SANTANA DE OLIVEIRA;DEPARTAMENTO DE ADMINISTRACAO;ASSESSOR III;NAO INFORMADO; CARGO COMISSION.S/VINCULO;2195,80;;2195,80;179,44;2016,36;
MARILIA MARTINS LIBORIO;DEPARTAMENTO EXECUTIVO;ASSESSOR III;ASSESSOR III; CARGO COMISSION.S/VINCULO;3191,80;;3191,80;372,18;2819,62;
MARJORY MICHELY MARTINS DE SOUZA;GABINETE DO PRESIDENTE;ASSESSOR III;; CARGO COMISSION.S/VINCULO;3191,80;;3191,80;372,18;2819,62;
MATHEUS BRITO DOS SANTOS;GABINETE DO PRESIDENTE;GERENTE;GERENTE; CARGO COMISSION.S/VINCULO;4209,79;;4209,79;640,87;3568,92;
MAYARA MORAES CORDEIRO;GABINETE DO PRESIDENTE;ASSESSOR III;NAO INFORMADO; CARGO COMISSION.S/VINCULO;3191,80;;3191,80;372,18;2819,62;
MELYNDA MARIA VIEIRALVES BECKER;GABINETE DO PRESIDENTE;ASSESSOR I;; CARGO COMISSION.S/VINCULO;5229,77;;5229,77;981,03;4248,74;
MICHEL DAS CHAGAS RIBEIRO;SUBCOMISSAO DE LICT.OBRAS.SERV;MEMBRO;; CONSELHO;7000,00;;7000,00;1055,64;5944,36;
NATASHA MELO DE MENDONCA;DEPARTAMENTO EXECUTIVO;ASSESSOR III;NAO INFORMADO; CARGO COMISSION.S/VINCULO;3455,73;;3455,73;438,69;3017,04;
NATHALIA DE PAULA DE VASCONCELOS;GABINETE DO PRESIDENTE;ASSESSOR III;ASSESSOR III; CARGO COMISSION.S/VINCULO;3191,80;;3191,80;372,18;2819,62;
NAYLA GONÇALVES LIMA LOBATO;ASSESSORIA;ASSESSOR I;NAO INFORMADO; CARGO COMISSION.S/VINCULO;5229,77;;5229,77;981,03;4248,74;
NELYSSA COLARES BARBOSA;GABINETE DO PRESIDENTE;ASSESSOR I;ASSESSOR I; CARGO COMISSION.S/VINCULO;5229,77;;5229,77;981,03;4248,74;
ORLEANDESON SILVA DE CASTRO;GABINETE DO PRESIDENTE;ASSESSOR I;NAO INFORMADO; CARGO COMISSION.S/VINCULO;5229,77;;5229,77;981,03;4248,74;
PABLO GUEDES;GABINETE DO PRESIDENTE;ASSESSOR III;ASSESSOR III; CARGO COMISSION.S/VINCULO;2591,80;;2591,80;255,09;2336,71;
PAOLA DI ANGELIS BRASIL PASSOS;DEPARTAMENTO DE ADMINISTRACAO;GERENTE;NAO INFORMADO; CARGO COMISSION.S/VINCULO;4209,79;;4209,79;609,94;3599,85;
PATRICIA RENATA DE Q NASCIMENTO;DEPARTAMENTO DE ADMINISTRACAO;ASSESSOR II;ASSESSOR II; CARGO COMISSION.S/VINCULO;4209,79;;4209,79;640,87;3568,92;
PATRICIA SILVA DE SOUZA;ASSESSORIA;ASSESSOR I;ASSESSOR I; CARGO COMISSION.S/VINCULO;5229,77;;5229,77;981,03;4248,74;
PAULINE CHIXARO VOSS;ASSESSORIA;ASSESSOR I;NAO INFORMADO; CARGO COMISSION.S/VINCULO;5229,77;;5229,77;981,03;4248,74;
RAFFAEL AUGUSTO OLIVEIRA E SILVA;GABINETE DO PRESIDENTE;ASSESSOR II;ASSESSOR II; CARGO COMISSION.S/VINCULO;4209,79;;4209,79;640,87;3568,92;
RAIMUNDO NONATO FIGUEIRA DA FROTA;GABINETE DO PRESIDENTE;TEC.DA FAZENDA ESTADUAL 3A.CL.IV;ASSESSOR III; ESTATUTARIO;3000,00;349,03;2650,97;56,02;2594,95;
REBECA BRAGA ALBUQUERQUE M LOPES;ASSESSORIA;ASSESSOR I;ASSESSOR I; CARGO COMISSION.S/VINCULO;5229,77;;5229,77;981,03;4248,74;
RENATA ALCANTARA DIAS;GABINETE DO PRESIDENTE;ASSESSOR III;ASSESSOR III; CARGO COMISSION.S/VINCULO;3191,80;;3191,80;372,18;2819,62;
ROBERTA NINA ALCANTARA BARROSO;GABINETE DO PRESIDENTE;ASSESSOR I;NAO INFORMADO; CARGO COMISSION.S/VINCULO;10229,77;;10229,77;2303,74;7926,03;
ROBERVAL TEIXEIRA RUIZ;SUBCOMISSAO DE LICT.OBRAS.SERV;MEMBRO;; CONSELHO;7000,00;;7000,00;1055,64;5944,36;
RODRIGO NELSON AMARAL OLIVEIRA;GABINETE DO PRESIDENTE;ASSESSOR I;NAO INFORMADO; CARGO COMISSION.S/VINCULO;4229,77;;4229,77;647,53;3582,24;
RODRIGO RODRIGUES DO COUTO;DEPARTAMENTO EXECUTIVO;ASSESSOR III;NAO INFORMADO; CARGO COMISSION.S/VINCULO;3191,80;;3191,80;372,18;2819,62;
ROZANA DE ALMEIDA FARIAS;CORREGEDORIA;ASSESSOR I;ASSESSOR I; CARGO COMISSION.S/VINCULO;4229,77;;4229,77;647,53;3582,24;
RUI JORGE PIEDADE DE LIMA;DEPARTAMENTO DE ADMINISTRACAO;ASSESSOR IV;ASSESSOR IV; CARGO COMISSION.S/VINCULO;2179,61;;2179,61;177,98;2001,63;
SALIME SOUZA NOBREGA;SUBCOMISSAO DE LICT.OBRAS.SERV;MEMBRO;; CONSELHO;7000,00;;7000,00;1003,50;5996,50;
SAMANTA GONZAGA DE FIGUEIREDO;DEPARTAMENTO EXECUTIVO;ASSESSOR IV;ASSESSOR IV; CARGO COMISSION.S/VINCULO;3175,61;;3175,61;368,10;2807,51;
SANDREA ISRAEL SANTANA;GABINETE DO PRESIDENTE;ASSESSOR I;ASSESSOR I; CARGO COMISSION.S/VINCULO;5229,77;;5229,77;981,03;4248,74;
SAYTA MOANA MARTINS SOARES;GABINETE DO PRESIDENTE;ASSESSOR I;NAO INFORMADO; CARGO COMISSION.S/VINCULO;6973,03;;6973,03;1637,21;5335,82;
SHAELY DE OLIVEIRA COELHO;GABINETE DO PRESIDENTE;ASSESSOR III;ASSESSOR III; CARGO COMISSION.S/VINCULO;2591,80;;2591,80;255,09;2336,71;
SIMONE DA COSTA MARTINS ESTEVAM;DEPARTAMENTO DE ADMINISTRACAO;ASSESSOR IV;ASSESSOR IV AD-4; CARGO COMISSION.S/VINCULO;1877,61;;1877,61;150,80;1726,81;
SORAYA LOPES NERY;GABINETE DO PRESIDENTE;GERENTE;GERENTE; CARGO COMISSION.S/VINCULO;4209,79;;4209,79;640,87;3568,92;
STELLA BRUNA DE JESUS P C MARTINS;DEPARTAMENTO EXECUTIVO;ASSESSOR I;ASSESSOR I; CARGO COMISSION.S/VINCULO;5229,77;;5229,77;981,03;4248,74;
SUAMMY LIMA HECKMANN;GABINETE DO PRESIDENTE;ASSESSOR III;NAO INFORMADO; CARGO COMISSION.S/VINCULO;3455,73;;3455,73;438,69;3017,04;
TAINA MARIA DA GRACA BARROSO;CORREGEDORIA;ASSESSOR I;NAO INFORMADO; CARGO COMISSION.S/VINCULO;6973,03;;6973,03;1637,21;5335,82;
TAINA NEGREIROS DO NASCIMENTO;CORREGEDORIA;ASSESSOR I;ASSESSOR I; CARGO COMISSION.S/VINCULO;5229,77;;5229,77;981,03;4248,74;
TALITA PIMENTA CORREA;DEPARTAMENTO DE ADMINISTRACAO;ASSESSOR III;ASSESSOR III AD-3; CARGO COMISSION.S/VINCULO;2195,80;;2195,80;179,44;2016,36;
TATIANNE NAZARE MORAES;ASSESSORIA;ASSESSOR I;NAO INFORMADO; CARGO COMISSION.S/VINCULO;5229,77;;5229,77;981,03;4248,74;
THAIS MARTINS ALVES;CORREGEDORIA;ASSESSOR I;NAO INFORMADO; CARGO COMISSION.S/VINCULO;10229,77;;10229,77;2199,46;8030,31;
THALYTA SANTOS DE OLIVEIRA;ASSESSORIA;ASSESSOR I;NAO INFORMADO; CARGO COMISSION.S/VINCULO;5229,77;;5229,77;981,03;4248,74;
THATIANE MUNIZ TAVARES;GABINETE DO PRESIDENTE;ASSESSOR I;NAO INFORMADO; CARGO COMISSION.S/VINCULO;5229,77;;5229,77;981,03;4248,74;
THAYNA CHRISTINA CRUZ CARNEIRO;CORREGEDORIA;ASSESSOR III;ASSESSOR III; CARGO COMISSION.S/VINCULO;3191,80;;3191,80;372,18;2819,62;
THIAGO ANDRADE CASTELLO BRANCO;SUBCOMISSAO DE LICT.OBRAS.SERV;MEMBRO;MEMBRO SUBCOMISSAO; CONSELHO;7000,00;;7000,00;1003,50;5996,50;
THIAGO FERREIRA DA CRUZ;GABINETE DO PRESIDENTE;ASSESSOR I;ASSESSOR I; CARGO COMISSION.S/VINCULO;4229,77;;4229,77;647,53;3582,24;
THIAGO FLORES DOS SANTOS;GABINETE DO PRESIDENTE;COORDENADOR CCGOV;COORDENADOR CCGOV; CARGO COMISSION.S/VINCULO;9000,00;;9000,00;2206,22;6793,78;
VAN DAMME ALBUQUERQUE PAES;GABINETE DO PRESIDENTE;ASSESSOR III;ASSESSOR III; CARGO COMISSION.S/VINCULO;3191,80;;3191,80;372,18;2819,62;
VANESSA JACAUNA FERREIRA;ASSESSORIA;ASSESSOR I;NAO INFORMADO; CARGO COMISSION.S/VINCULO;10229,77;;10229,77;2355,87;7873,90;
WAGNER DE ALMEIDA SILVA;DEPARTAMENTO DE ADMINISTRACAO;ASSESSOR III;ASSESSOR III AD-3; CARGO COMISSION.S/VINCULO;3191,80;;3191,80;372,18;2819,62;
WALTER SIQUEIRA BRITO;GABINETE DO PRESIDENTE;PRESIDENTE;NAO INFORMADO; DISP. OUTROS ESFERAS;23851,00;14823,74;9027,26;1613,14;7414,12;
YAN FELIPHE DA SILVA MARTINS;GABINETE DO PRESIDENTE;ASSESSOR III;ASSESSOR III; CARGO COMISSION.S/VINCULO;2591,80;;2591,80;255,09;2336,71;
YASMIN DOS SANTOS TOMIASI;ASSESSORIA;ASSESSOR I;ASSESSOR I; CARGO COMISSION.S/VINCULO;5229,77;;5229,77;981,03;4248,74;
