NOME;LOTACAO;CARGO;FUNCAO;VINCULO;REMUNERACAO LEGAL TOTAL(R$);DESC.TETO(R$); REMUNERACAO LEGAL DEVIDA(R$);DESCONTOS LEGAIS(R$);LIQUIDO DISPONIVEL(R$);
ADEMIR LIMA DE SOUZA;CB - CIVIL;ENG.O-I;ENG OPERACIONAL; ESTATUTARIO;4.520,46;;4.520,46;1.084,30;3.436,16;
ALBERTO COELHO NETO;COMANDO GERAL;A.TEC-I;; ESTATUTARIO;6.322,11;;6.322,11;1.091,55;5.230,56;
ALESSANDRA OLIVEIRA AMADOR;DEFESA CIV.DO EST.DO AMAZONAS;CHEFE DE DEPARTAMENTO;ASSESSOR I; CARGO COMISSION.S/VINCULO;7.593,03;;7.593,03;1.637,21;5.955,82;
BARBARA COSTA FERREIRA;COMANDO GERAL;ASSESSOR I;; CARGO COMISSION.S/VINCULO;5.849,77;;5.849,77;981,03;4.868,74;
CAMILA DE CASTRO SOARES;DEFESA CIV.DO EST.DO AMAZONAS;CHEFE DE DEPARTAMENTO;NAO INFORMADO; CARGO COMISSION.S/VINCULO;5.849,77;;5.849,77;981,03;4.868,74;
CRISTINA TAILA DE JESUS MORAES;COMANDO GERAL;ASSESSOR I;NAO INFORMADO; CARGO COMISSION.S/VINCULO;3.849,77;;3.849,77;381,75;3.468,02;
DANIEL DE LIMA ALBUQUERQUE;CB - CIVIL;ASSESSOR I;; CARGO COMISSION.S/VINCULO;5.849,77;;5.849,77;981,03;4.868,74;
DHIEGO NEGREIROS DE FREITAS;DEFESA CIV.DO EST.DO AMAZONAS;CHEFE DE GABINETE;NAO INFORMADO; CARGO COMISSION.S/VINCULO;11.079,54;;11.079,54;2.607,59;8.471,95;
ENEIDE PEREIRA REIS;DEFESA CIV.DO EST.DO AMAZONAS;ASSESSOR II;NAO INFORMADO; CARGO COMISSION.S/VINCULO;4.829,79;;4.829,79;640,87;4.188,92;
EWILA SOUTO COSTA;DEFESA CIV.DO EST.DO AMAZONAS;ASSESSOR III;NAO INFORMADO; CARGO COMISSION.S/VINCULO;3.811,80;;3.811,80;372,18;3.439,62;
FUNMILAYO KATHERINE OGUNNIYA;DEFESA CIV.DO EST.DO AMAZONAS;ASSESSOR II;NAO INFORMADO; CARGO COMISSION.S/VINCULO;6.542,01;;6.542,01;975,09;5.566,92;
JESSYCA LEVER DOS SANTOS DANTAS;DEFESA CIV.DO EST.DO AMAZONAS;ASSESSOR II;NAO INFORMADO; CARGO COMISSION.S/VINCULO;4.829,79;;4.829,79;640,87;4.188,92;
JORGE NELSON DA CUNHA MENDONCA;CB - CIVIL;A.TEC-I;; ESTATUTARIO;5.093,04;;5.093,04;796,03;4.297,01;
JOSIMAR MOREIRA MATOS DE SOUZA;COMANDO GERAL;ASSESSOR II;; CARGO COMISSION.S/VINCULO;3.229,79;;3.229,79;258,44;2.971,35;
JUAREZ NASCIMENTO DE OLIVEIRA FILHO;DEFESA CIV.DO EST.DO AMAZONAS;ASSESSOR I;NAO INFORMADO; CARGO COMISSION.S/VINCULO;5.849,77;;5.849,77;981,03;4.868,74;
JUNIA DE CARVALHO TORRES;CB - CIVIL;AGENTE ADMINISTRATIVO 1A CLASSE;; ESTATUTARIO;4.981,65;;4.981,65;395,72;4.585,93;
KAROLINE QUEIROZ DE BARROS;DEFESA CIV.DO EST.DO AMAZONAS;ASSESSOR II;NAO INFORMADO; CARGO COMISSION.S/VINCULO;3.229,79;;3.229,79;258,44;2.971,35;
LARISSA BARROSO SEGADILHA FRANCA;DEFESA CIV.DO EST.DO AMAZONAS;ASSESSOR I;NAO INFORMADO; CARGO COMISSION.S/VINCULO;7.593,03;;7.593,03;1.637,21;5.955,82;
LEILA CRISTINA DOS SANTOS AZEVEDO;DEFESA CIV.DO EST.DO AMAZONAS;COORDENADOR REGIONAL;NAO INFORMADO; CARGO COMISSION.S/VINCULO;5.849,77;;5.849,77;981,03;4.868,74;
LUCAS DA SILVA LIMA;DEFESA CIV.DO EST.DO AMAZONAS;ASSESSOR III;NAO INFORMADO; CARGO COMISSION.S/VINCULO;3.811,80;;3.811,80;372,18;3.439,62;
MARCIA GUERREIRO PINHEIRO;DEFESA CIV.DO EST.DO AMAZONAS;COORDENADOR REGIONAL;NAO INFORMADO; CARGO COMISSION.S/VINCULO;5.849,77;;5.849,77;981,03;4.868,74;
MARIA ALZIRA BARBOSA ASSUMPCAO;COMANDO GERAL;AUX.ADM-I;ARQUIVISTA; ESTATUTARIO;4.562,11;;4.562,11;552,94;4.009,17;
MARIA DE FATIMA RODRIGUES ONETY;COMANDO GERAL;A.OPE-I;; ESTATUTARIO;4.958,79;;4.958,79;903,42;4.055,37;
MARIA DE JESUS MONTEIRO DUARTE;COMANDO GERAL;A.TEC-I;; ESTATUTARIO;4.403,38;;4.403,38;662,93;3.740,45;
MARIA DO PERPETUO SOCORRO V ARAUJO;COMANDO GERAL;A.TEC-I;; ESTATUTARIO;6.305,76;;6.305,76;1.085,93;5.219,83;
MICHAEL LIMA DE MELO;DEFESA CIV.DO EST.DO AMAZONAS;ASSESSOR II;; CARGO COMISSION.S/VINCULO;6.233,05;;6.233,05;1.125,18;5.107,87;
MICHELE DOS SANTOS AQUINO;DEFESA CIV.DO EST.DO AMAZONAS;ASSESSOR III;NAO INFORMADO; CARGO COMISSION.S/VINCULO;4.875,73;;4.875,73;656,19;4.219,54;
MIRLENE PALHETA DE SOUZA;DEFESA CIV.DO EST.DO AMAZONAS;COORDENADOR REGIONAL;NAO INFORMADO; CARGO COMISSION.S/VINCULO;5.849,77;;5.849,77;981,03;4.868,74;
NILSON SILVA DA CUNHA;DEFESA CIV.DO EST.DO AMAZONAS;ASSESSOR II;NAO INFORMADO; CARGO COMISSION.S/VINCULO;4.829,79;;4.829,79;640,87;4.188,92;
PATRICIA COSTA GUIMARAES;DEFESA CIV.DO EST.DO AMAZONAS;ASSESSOR II;NAO INFORMADO; CARGO COMISSION.S/VINCULO;6.233,05;;6.233,05;1.125,18;5.107,87;
PAULO CELA DE MORAES FILHO;DEFESA CIV.DO EST.DO AMAZONAS;COORDENADOR REGIONAL;NAO INFORMADO; CARGO COMISSION.S/VINCULO;7.157,21;;7.157,21;1.122,89;6.034,32;
REGINA AUXILIADORA DA MATA LUSTOSA;DEFESA CIV.DO EST.DO AMAZONAS;TNS-I;CHEFE DE GABINETE; ESTATUTARIO;9.183,44;;9.183,44;2.111,17;7.072,27;
SANDRA ASSAYAG;CB - CIVIL;A.TEC-I;; ESTATUTARIO;6.125,66;;6.125,66;1.041,18;5.084,48;
ULLA HAVANNE DE PAIVA VIEIRA;COMANDO GERAL;ASSESSOR I;; CARGO COMISSION.S/VINCULO;7.593,03;;7.593,03;1.532,94;6.060,09;
WESLEY DA SILVA PRATA;DEFESA CIV.DO EST.DO AMAZONAS;ASSESSOR II;NAO INFORMADO; CARGO COMISSION.S/VINCULO;4.829,79;;4.829,79;640,87;4.188,92;
