NOME;LOTACAO;CARGO;FUNCAO;VINCULO;REMUNERACAO LEGAL TOTAL(R$);DESC.TETO(R$); REMUNERACAO LEGAL DEVIDA(R$);DESCONTOS LEGAIS(R$);LIQUIDO DISPONIVEL(R$);
ADANAIR TEIXEIRA ALVES;DEPARTAMENTO DE ADMINISTRACAO;GERENTE;NAO INFORMADO; CARGO COMISSION.S/VINCULO;4209,79;;4209,79;609,94;3599,85;
ADIMAR DE MELO CARNEIRO;DEPARTAMENTO DE ADMINISTRACAO;AGENTE ADMINISTRATIVO;COORDENADOR; ESTATUTARIO;6577,83;;6577,83;1246,44;5331,39;
ADRIANO LUIZ ARAUJO CARDOSO;CONS.EST.REG.CONT.SERV.PUB.CON;MEMBRO DE CONSELHO;; CONSELHO;1000,00;;1000,00;;1000,00;
AFONSO HENRIQUE ALVES DE ALMEIDA;DIRETORIA TEC.CONC.REG.QUALID.;GERENTE;NAO INFORMADO; CARGO COMISSION.S/VINCULO;4209,79;;4209,79;609,94;3599,85;
ALBERTO D'ALMEIDA COELHO;DIRETORIA;ASSESSOR II;NAO INFORMADO; CARGO COMISSION.S/VINCULO;4209,79;;4209,79;581,50;3628,29;
ALEANE MENEZES DA COSTA CARDOSO;DIRETORIA TEC.CONC.REG.QUALID.;COORDENADOR;; CARGO COMISSION.S/VINCULO;5613,05;;5613,05;1073,04;4540,01;
AMALIZA EVANGELISTA DA COSTA;DIRETORIA ADM.FINANCEIRA;CHEFE DE DEPARTAMENTO;NAO INFORMADO; CARGO COMISSION.S/VINCULO;5229,77;;5229,77;981,03;4248,74;
AMIRALDO DA COSTA BRAGA JUNIOR;CONS.EST.REG.CONT.SERV.PUB.CON;MEMBRO DE CONSELHO;; CONSELHO;1000,00;;1000,00;;1000,00;
ANA CAROLINA SANTOS SILVA RIZO;DIRETORIA TEC.CONC.REG.QUALID.;ASSESSOR JURIDICO;ASSESSOR JURIDICO; CARGO COMISSION.S/VINCULO;5229,77;;5229,77;895,72;4334,05;
AYRTON PENALBER DA SILVA;DIRETORIA TEC.CONC.REG.QUALID.;GERENTE;NAO INFORMADO; CARGO COMISSION.S/VINCULO;4209,79;;4209,79;640,87;3568,92;
BASILIO GARCIA CARESTO NETO;DIRETORIA TEC.CONC.REG.QUALID.;GERENTE;NAO INFORMADO; CARGO COMISSION.S/VINCULO;4209,79;;4209,79;640,87;3568,92;
BELTIMAR SANTOS;DIRETORIA ADM.FINANCEIRA;CHEFE DE DEPARTAMENTO;NAO INFORMADO; CARGO COMISSION.S/VINCULO;5229,77;;5229,77;981,03;4248,74;
BENEDICTO CRUZ LYRA NETTO;DIRETORIA TEC.CONC.REG.QUALID.;ASSESSOR II;NAO INFORMADO; CARGO COMISSION.S/VINCULO;4209,79;;4209,79;640,87;3568,92;
CÁSSIA CIRHAME AZEVEDO DE ARAUJO;GABINETE DO DIRETOR PRESIDENTE;ASSESSOR II;NAO INFORMADO; CARGO COMISSION.S/VINCULO;4209,79;;4209,79;640,87;3568,92;
CASSIO JUNIO DA SILVA LOPES;DIRETORIA TEC.CONC.REG.QUALID.;ASSESSOR I;NAO INFORMADO; CARGO COMISSION.S/VINCULO;5229,77;;5229,77;981,03;4248,74;
CLAUDIONOR FERREIRA DE C NETO;GABINETE DO DIRETOR PRESIDENTE;CONTROLADOR INTERNO;NAO INFORMADO; CARGO COMISSION.S/VINCULO;5229,77;;5229,77;895,72;4334,05;
DANIEL DA SILVA ANTUNES;DIRETORIA TEC.CONC.REG.QUALID.;AUXILIAR TECNICO;; ESTATUTARIO;3595,02;;3595,02;588,21;3006,81;
DANIEL HENRIQUE BARBOSA;DEPTO.DE REGUL.DA QUALIDADE;CHEFE DE DEPARTAMENTO;NAO INFORMADO; CARGO COMISSION.S/VINCULO;5229,77;;5229,77;981,03;4248,74;
ERICK EDELMAN DOS SANTOS;DIRETORIA;DIRETOR TECNICO;NAO INFORMADO; CARGO COMISSION.S/VINCULO;9000,00;;9000,00;2206,22;6793,78;
EVELINN FLORES DE OLIVEIRA CUNHA;ASSESSORIA;ASSESSOR JURIDICO;ASSESSOR JURIDICO; CARGO COMISSION.S/VINCULO;5229,77;;5229,77;938,37;4291,40;
FRANCISCO DE ASSIS DE O MARQUES;DEPARTAMENTO DE FISCALIZACAO;FISCAL RODOVIARIO;; ESTATUTARIO;3577,54;;3577,54;583,52;2994,02;
GIOVANNI FIGLIUOLO NETTO;DIRETORIA TEC.CONC.REG.QUALID.;COORDENADOR;; CARGO COMISSION.S/VINCULO;4209,79;;4209,79;609,94;3599,85;
GISELLE CASTANHOLA DE MENEZES;DIRETORIA TEC.CONC.REG.QUALID.;COORDENADOR;; CARGO COMISSION.S/VINCULO;4209,79;;4209,79;640,87;3568,92;
HERMANN SAUNDERS FERNANDES;ASSESSORIA;ASSESSOR I;; CARGO COMISSION.S/VINCULO;5229,77;;5229,77;981,03;4248,74;
IUÇANARA SOARES FREITAS DE OLIVEIRA;GABINETE DO DIRETOR PRESIDENTE;OUVIDOR;NAO INFORMADO; CARGO COMISSION.S/VINCULO;6973,03;;6973,03;1532,94;5440,09;
IVAN DE SOUZA BRITO;GABINETE DO DIRETOR PRESIDENTE;ASSESSOR I;NAO INFORMADO; CARGO COMISSION.S/VINCULO;5229,77;;5229,77;938,37;4291,40;
IVANETE RIBEIRO GAMA;DEPARTAMENTO DE ADMINISTRACAO;AUXILIAR DE SERVICOS GERAIS;; C.L.T.;1580,00;;1580,00;124,02;1455,98;
JALIL FRAXE CAMPOS;CONS.EST.REG.CONT.SERV.PUB.CON;MEMBRO DE CONSELHO;; CONSELHO;1000,00;;1000,00;;1000,00;
JOÃO RUFINO JUNIOR;GABINETE DO DIRETOR PRESIDENTE;DIRETOR PRESIDENTE;NAO INFORMADO; DISP. OUTROS ESFERAS;11700,00;;11700,00;2348,14;9351,86;
JOAO RUFINO JUNIOR;CONS.EST.REG.CONT.SERV.PUB.CON;PRESIDENTE DO CONSELHO;; CONSELHO;2000,00;;2000,00;;2000,00;
JORGE ANDRÉ CHÍXARO SARRAFF REZENDE;DEPARTAMENTO DE ADMINISTRACAO;ASSESSOR I;; CARGO COMISSION.S/VINCULO;5229,77;;5229,77;981,03;4248,74;
JOSE SELVIO TEIXEIRA PICANCO;DIRETORIA TEC.CONC.REG.QUALID.;CHEFE DE DEPARTAMENTO;CHEFE DE DEPTO. AD-1; CARGO COMISSION.S/VINCULO;9297,36;;9297,36;3137,84;6159,52;
JULIO CEZAR PRADO;DEPARTAMENTO DE FISCALIZACAO;ASSISTENTE TECNICO 3A CLASSE;; ESTATUTARIO;3782,79;;3782,79;636,28;3146,51;
KATIANNE GONCALVES DE ALMEIDA;DEPARTAMENTO DE ADMINISTRACAO;CHEFE DE DEPARTAMENTO;NAO INFORMADO; CARGO COMISSION.S/VINCULO;5229,77;;5229,77;981,03;4248,74;
LEILA MOTA LEMOS DA COSTA;DIRETORIA TEC.CONC.REG.QUALID.;COORDENADOR;NAO INFORMADO; CARGO COMISSION.S/VINCULO;4209,79;;4209,79;640,87;3568,92;
LUCIANO KLEINER DA SILVA MIRANDA;DIRETORIA ADM.FINANCEIRA;DIRETOR ADMINISTRATIVO E FINANCEIRO;NAO INFORMADO; CARGO COMISSION.S/VINCULO;9000,00;;9000,00;2154,08;6845,92;
MARA NUBIA DE ALMEIDA CINTRA;DIRETORIA TEC.CONC.REG.QUALID.;GERENTE;NAO INFORMADO; CARGO COMISSION.S/VINCULO;4209,79;;4209,79;640,87;3568,92;
MARIA ANTONIA RODRIGUES CASTELO;DEPARTAMENTO DE ADMINISTRACAO;A.TEC-I;; ESTATUTARIO;4489,58;;4489,58;801,32;3688,26;
MARIA DIVINA VARGAS DE LIMA;DEPARTAMENTO DE ADMINISTRACAO;CHEFE DE DEPARTAMENTO;ASSESSOR I AD 1; CARGO COMISSION.S/VINCULO;6973,03;;6973,03;1637,21;5335,82;
MARIA DO SOCORRO BALBY DA P CORREA;DIRETORIA COMERC.E DE TARIFAS;CHEFE DE DEPARTAMENTO;NAO INFORMADO; CARGO COMISSION.S/VINCULO;5229,77;;5229,77;981,03;4248,74;
MARIA MISTE RIBEIRO SILVA;DEPARTAMENTO DE REC.HUMANOS;A.TEC-I;; ESTATUTARIO;4460,55;;4460,55;792,03;3668,52;
MARIA RAIMUNDA SALES DE SOUZA;DEPARTAMENTO DE LOGISTICA;AUXILIAR DE SERVICOS GERAIS;; C.L.T.;1580,00;;1580,00;124,02;1455,98;
MARLICLEA ALVES DA SILVA;DIRETORIA TEC.CONC.REG.QUALID.;GERENTE;NAO INFORMADO; CARGO COMISSION.S/VINCULO;4209,79;;4209,79;640,87;3568,92;
MARLUCIA DE OLIVEIRA PONCE;CONS.EST.REG.CONT.SERV.PUB.CON;MEMBRO DE CONSELHO SUPLENTE;; CONSELHO;1000,00;;1000,00;;1000,00;
MICHELE BRITO DE OLIVEIRA;DEPARTAMENTO DE ADMINISTRACAO;ASSESSOR I;NAO INFORMADO; CARGO COMISSION.S/VINCULO;6973,03;;6973,03;1532,94;5440,09;
NADIA MARIA DE SOUZA SARAIVA;DIRETORIA TEC.CONC.REG.QUALID.;ASSESSOR I;ASSESSOR I AD 1; CARGO COMISSION.S/VINCULO;5229,77;;5229,77;981,03;4248,74;
NICOLY CARVALHO DE AGUIAR;DIRETORIA TEC.CONC.REG.QUALID.;COORDENADOR;NAO INFORMADO; CARGO COMISSION.S/VINCULO;4209,79;;4209,79;640,87;3568,92;
NORMANDO LOPES DE OLIVEIRA;DIRETORIA TEC.CONC.REG.QUALID.;ASSESSOR I;ASSESSOR I AD 1; CARGO COMISSION.S/VINCULO;5229,77;;5229,77;981,03;4248,74;
OZIEL OLIVEIRA MINEIRO;DIRETORIA TEC.CONC.REG.QUALID.;AUXILIAR TECNICO;ASSESSOR I; ESTATUTARIO;5789,02;;5789,02;1067,00;4722,02;
PAULO FREDERICO SOLART COELHO;DIRETORIA TEC.CONC.REG.QUALID.;GERENTE;NAO INFORMADO; CARGO COMISSION.S/VINCULO;4209,79;;4209,79;640,87;3568,92;
PEDRO CASTRO DE ALBUQUERQUE FILHO;DIRETORIA TEC.CONC.REG.QUALID.;CHEFE DE DEPARTAMENTO;NAO INFORMADO; CARGO COMISSION.S/VINCULO;5229,77;;5229,77;853,06;4376,71;
RAFAEL REBELO AFFONSO;DEPARTAMENTO DE INFORMATICA;AUX.ADM-III;; ESTATUTARIO;3488,44;;3488,44;427,45;3060,99;
RAFAEL SANTOS OLIVEIRA;DEPARTAMENTO DE FINANCAS;ASSISTENTE TECNICO 1A CLASSE;; ESTATUTARIO;3938,04;;3938,04;704,54;3233,50;
RAFAEL SEIXAS DE ALMEIDA;ASSESSORIA;ASSESSOR I;NAO INFORMADO; CARGO COMISSION.S/VINCULO;5229,77;;5229,77;981,03;4248,74;
RAFAELA DA SILVA GOMES;ASSESSORIA;ASSESSOR JURIDICO;; CARGO COMISSION.S/VINCULO;5229,77;;5229,77;938,37;4291,40;
RAQUEL CALDAS FERREIRA;CONS.EST.REG.CONT.SERV.PUB.CON;MEMBRO DE CONSELHO SUPLENTE;; CONSELHO;1000,00;;1000,00;;1000,00;
RAQUEL NASCIMENTO GAMA;GABINETE DO DIRETOR PRESIDENTE;CHEFE DE GABINETE;NAO INFORMADO; CARGO COMISSION.S/VINCULO;5229,77;;5229,77;938,37;4291,40;
REINALDO LADISLAU MENEZES;DIRETORIA TEC.CONC.REG.QUALID.;COORDENADOR;NAO INFORMADO; CARGO COMISSION.S/VINCULO;4209,79;;4209,79;640,87;3568,92;
RENATA KELLY SALGADO DA C MEDEIROS;ASSESSORIA;ASSESSOR II;NAO INFORMADO; CARGO COMISSION.S/VINCULO;4209,79;;4209,79;609,94;3599,85;
ROQUE MENDONCA DE BRITO JUNIOR;ASSESSORIA;ASSESSOR II;NAO INFORMADO; CARGO COMISSION.S/VINCULO;4209,79;;4209,79;640,87;3568,92;
ROSANGELA FERREIRA DO CARMO;DIRETORIA;ASSESSOR II;NAO INFORMADO; CARGO COMISSION.S/VINCULO;4209,79;;4209,79;640,87;3568,92;
ROSIMEIRE RODRIGUES DE CARVALHO;DIRETORIA ADM.FINANCEIRA;GERENTE;NAO INFORMADO; CARGO COMISSION.S/VINCULO;4209,79;;4209,79;609,94;3599,85;
RUSINETE DE SOUZA PEREIRA;DIRETORIA ADM.FINANCEIRA;GERENTE;NAO INFORMADO; CARGO COMISSION.S/VINCULO;4209,79;;4209,79;640,87;3568,92;
SERGIO FIGUEIREDO PIMENTA;DEPTO.DE REGUL.DA QUALIDADE;ASSESSOR I;NAO INFORMADO; CARGO COMISSION.S/VINCULO;5229,77;;5229,77;981,03;4248,74;
SILVIA GOMES CARMIM;DEPARTAMENTO DE FINANCAS;CHEFE DE DEPARTAMENTO;; CARGO COMISSION.S/VINCULO;5229,77;;5229,77;895,72;4334,05;
SUZY LIMA TAVARES;CONS.EST.REG.CONT.SERV.PUB.CON;MEMBRO DE CONSELHO;; CONSELHO;1000,00;;1000,00;;1000,00;
THAIS DA COSTA BATISTA MENDES;GABINETE DO DIRETOR PRESIDENTE;SECRETARIO DE CONSELHO;NAO INFORMADO; CARGO COMISSION.S/VINCULO;5229,77;;5229,77;981,03;4248,74;
UILIAN CAVALCANTE RUFINO;DIRETORIA TEC.CONC.REG.QUALID.;COORDENADOR;; CARGO COMISSION.S/VINCULO;4209,79;;4209,79;609,94;3599,85;
VERA LUCIA DE SA CARREIRA;DEPARTAMENTO DE LOGISTICA;ASSISTENTE TECNICO ADMINISTRATIVO A;; ESTATUTARIO;4070,03;;4070,03;659,46;3410,57;
WALDECY DE SOUZA GONCALVES;DEPARTAMENTO DE ADMINISTRACAO;A.TEC-I;; ESTATUTARIO;4449,23;;4449,23;788,41;3660,82;
WESLLANDRISSAR DAMARES F CARVALHO;ASSESSORIA;ASSESSOR I;NAO INFORMADO; CARGO COMISSION.S/VINCULO;5229,77;;5229,77;981,03;4248,74;
