NOME;LOTACAO;CARGO;FUNCAO;VINCULO;REMUNERACAO LEGAL TOTAL(R$);DESC.TETO(R$); REMUNERACAO LEGAL DEVIDA(R$);DESCONTOS LEGAIS(R$);LIQUIDO DISPONIVEL(R$);
ADONIAS PERES DE MOURA JUNIOR;PROCURADORIA;ASSESSOR TECNICO;; C.L.T.;3555,00;;3555,00;463,70;3091,30;
ADRIANE FRANCELLE DA SILVA MARTINS;GABINETE DA PRESIDENCIA;ASSISTENTE ADMINISTRATIVO;; C.L.T.;2630,20;;2630,20;231,13;2399,07;
AGNES NAIA GOMES DE SA FERNANDES;CONSELHO ADMINISTRATIVO;MEMBRO DE CONSELHO;; CONSELHO;2500,00;;2500,00;44,70;2455,30;
ALEXANDRA LARISSA GOMES BRASIL;ASSESSORIA;ASSESSOR II;; CARGO COMISSION.S/VINCULO;4209,79;;4209,79;609,94;3599,85;
ALVIMAR DA COSTA MONTEIRO JUNIOR;GABINETE DA PRESIDENCIA;ASSESSOR TECNICO;; C.L.T.;6555,00;;6555,00;1427,68;5127,32;
ANDRE ALEXANDRE DE LIMA RIBEIRO;COMISSAO INT.DE LICITACAO-CIL;MEMBRO DE CONSELHO;; CONSELHO;3000,00;;3000,00;95,20;2904,80;
ANNA CAROLINA TAVARES MENDONCA;DIRETORIA DE ADM.E FINANCAS;ASSISTENTE ADMINISTRATIVO;; C.L.T.;2630,20;;2630,20;231,13;2399,07;
ANNA KAROLLINA PINHEIRO NASCIMENTO;DIRETORIA DE ADM.E FINANCAS;JOVEM APRENDIZ;; C.L.T.;1076,20;;1076,20;;1076,20;
ARMANDO DA SILVA COSTA;GERENCIA DE ADM.PAT.E SERVICOS;MOTORISTA;; C.L.T.;2425,34;;2425,34;174,88;2250,46;
AUREO LUCIO MACHADO DA COSTA;GERENCIA DE ADM.PAT.E SERVICOS;MOTORISTA;; C.L.T.;1817,20;;1817,20;130,32;1686,88;
BRUNO DE SOUZA PEREIRA;GERENCIA DE ORC.E FINANCAS;ASSESSOR ADMINISTRATIVO;; C.L.T.;2953,00;;2953,00;293,84;2659,16;
CAMILA CAVALCANTE BARBOSA;GERENCIA DE RECURSOS HUMANOS;ASSESSOR II;ASSESSOR II; CARGO COMISSION.S/VINCULO;4209,79;;4209,79;640,87;3568,92;
CARLA SANTOS TORRES CHAGAS;CONSELHO ADMINISTRATIVO;MEMBRO DE CONSELHO;; CONSELHO;2500,00;;2500,00;44,70;2455,30;
CELIA VIANA MARGARIDO;CONSELHO ADMINISTRATIVO;MEMBRO DE CONSELHO;; CONSELHO;2500,00;;2500,00;44,70;2455,30;
DEUZARINA TAVARES DE ANDRADE;GERENCIA DE CONTABILIDADE;GERENTE;; CARGO COMISSION.S/VINCULO;4209,79;;4209,79;640,87;3568,92;
DHALIMBERG MAIA MARTINS;GERENCIA DE ADM.PAT.E SERVICOS;ASSESSOR III;; CARGO COMISSION.S/VINCULO;3191,80;;3191,80;352,48;2839,32;
DIEGO AUGUSTO SIMOES RAMOS;GERENCIA DE ADM.PAT.E SERVICOS;ASSESSOR I;; CARGO COMISSION.S/VINCULO;5229,77;;5229,77;981,03;4248,74;
DORENICY FARIAS PINTO;GERENCIA DE ADM.PAT.E SERVICOS;AUXILIAR DE SERVICOS GERAIS;; C.L.T.;1492,14;;1492,14;90,90;1401,24;
DRIELY DOS SANTOS PACHECO;GERENCIA DE ORC.E FINANCAS;GERENTE;; CARGO COMISSION.S/VINCULO;4209,79;;4209,79;609,94;3599,85;
EDILENO DE LIMA PINHEIRO;DIRETORIA TECNICA;ASSESSOR IV;; CARGO COMISSION.S/VINCULO;2179,61;;2179,61;177,98;2001,63;
EDSON LUNIERE PORTO;DIRETORIA TECNICA;CHEFE DE DEPARTAMENTO;CHEFE DE DEPARTAMENT; DISP. OUTROS ESFERAS;5000,00;;5000,00;453,50;4546,50;
ELIANDRO SILVA DE SOUZA;DIRETORIA TECNICA;ASSESSOR III;; CARGO COMISSION.S/VINCULO;3191,80;;3191,80;372,18;2819,62;
ELILIANE CARDOSO ANDRADE;ASSESSORIA;ASSISTENTE ADMINISTRATIVO;; C.L.T.;2630,20;;2630,20;231,13;2399,07;
EMERSON RODRIGUES MOREIRA;DIRETORIA TECNICA;ASSESSOR TECNICO;; C.L.T.;3555,00;;3555,00;406,82;3148,18;
FRANCISCO AUGUSTO MARTINS DA SILVA;CONSELHO ADMINISTRATIVO;MEMBRO DE CONSELHO;; CONSELHO;3500,00;;3500,00;170,20;3329,80;
FRANCISCO PARENTE FERREIRA;DEPTO.DE ORCAMENTO E FINANCAS;ASSESSOR IV;; CARGO COMISSION.S/VINCULO;2179,61;;2179,61;177,98;2001,63;
FRANCISCO RICARDO PEREIRA FERNANDES;CONSELHO ADMINISTRATIVO;MEMBRO DE CONSELHO;; CONSELHO;2500,00;;2500,00;44,70;2455,30;
GEORGIA ISABELA PORTELA ARAUJO;DIRETORIA DE ADM.E FINANCAS;DIRETOR;; CARGO COMISSION.S/VINCULO;9000,00;;9000,00;2101,94;6898,06;
GESSICA QUEIROZ FREIRE GONCALVES;DIRETORIA TECNICA;GERENTE;; CARGO COMISSION.S/VINCULO;4209,79;;4209,79;581,50;3628,29;
GLEUCIA DILNE RODRIGUES DE OLIVEIRA;DIRETORIA DE ADM.E FINANCAS;AUXILIAR DE SERVICOS GERAIS;; C.L.T.;1379,20;;1379,20;90,90;1288,30;
HELIO PARACAIMA DE MAGALHAES;DIRETORIA TECNICA;GERENTE;; CARGO COMISSION.S/VINCULO;4209,79;;4209,79;640,87;3568,92;
HUGO LINCOLN DA COSTA BACELAR;ASSESSORIA;GERENTE;; CARGO COMISSION.S/VINCULO;4209,79;;4209,79;640,87;3568,92;
HUGO MARTINS FERNANDES LIMA;GERENCIA DE ADM.PAT.E SERVICOS;ASSESSOR ADMINISTRATIVO;; C.L.T.;3677,68;;3677,68;466,81;3210,87;
ISABELLY CRISTINA BANDEIRA SANTOS;ASSESSORIA;ASSESSOR II;; CARGO COMISSION.S/VINCULO;6209,79;;6209,79;1349,85;4859,94;
IZABELA DE AMORIM QUEIROZ;GABINETE DA PRESIDENCIA;CHEFE DE GABINETE;; CARGO COMISSION.S/VINCULO;5229,77;;5229,77;981,03;4248,74;
JACQUELINE MARIA AZEVEDO GUARLOTE;DIRETORIA TECNICA;GERENTE;; CARGO COMISSION.S/VINCULO;4209,79;;4209,79;609,94;3599,85;
JAMILIS GOMES DA SILVA;GERENCIA DE ADM.PAT.E SERVICOS;ASSESSOR III;; CARGO COMISSION.S/VINCULO;3191,80;;3191,80;372,18;2819,62;
JARDEL AUGUSTO ANDRADE LUZEIRO;DIRETORIA TECNICA;CHEFE DE DEPARTAMENTO;; CARGO COMISSION.S/VINCULO;5229,77;;5229,77;938,37;4291,40;
JESSICA MARIA SOUZA MONTEIRO;DIRETORIA TECNICA;ASSESSOR IV;; CARGO COMISSION.S/VINCULO;2179,61;;2179,61;177,98;2001,63;
JOHN ELYSTON DE SOUZA ALTMANN;ASSESSORIA;ASSESSOR I;; CARGO COMISSION.S/VINCULO;10973,03;;10973,03;2644,52;8328,51;
KAMILA VINHORK NOGUEIRA;DIRETORIA TECNICA;ASSESSOR III;; CARGO COMISSION.S/VINCULO;3191,80;;3191,80;372,18;2819,62;
KARIME SAID E SAID;PROCURADORIA;PROCURADOR CHEFE;; CARGO COMISSION.S/VINCULO;5229,77;;5229,77;981,03;4248,74;
KIMI RAIKKONEN ARAUJO PACHECO;DIRETORIA DE ADM.E FINANCAS;JOVEM APRENDIZ;; C.L.T.;1076,20;;1076,20;;1076,20;
KLEISON SOUZA MEDEIROS;DIRETORIA TECNICA;GERENTE;; CARGO COMISSION.S/VINCULO;4209,79;;4209,79;640,87;3568,92;
LEANDRO GOES PINTO;DIRETORIA TECNICA;DIRETOR;; CARGO COMISSION.S/VINCULO;9000,00;;9000,00;2154,08;6845,92;
LOIANA BRITO DE MESQUITA;DIRETORIA TECNICA;ASSESSOR TECNICO;; C.L.T.;3555,00;;3555,00;435,26;3119,74;
LUANA DA SILVA NASCIMENTO MELO;DEPTO.DE ORCAMENTO E FINANCAS;ASSESSOR I;; CARGO COMISSION.S/VINCULO;7229,77;;7229,77;1667,27;5562,50;
MARCIA RACKEL SA BARBOSA;DIRETORIA TECNICA;ASSESSOR III;; CARGO COMISSION.S/VINCULO;3191,80;;3191,80;372,18;2819,62;
MARCO AURELIO ALCOFORADO GUERRA;GERENCIA DE ADM.PAT.E SERVICOS;ASSESSOR IV;; CARGO COMISSION.S/VINCULO;2179,61;;2179,61;177,98;2001,63;
MARIA EDINELZA OLIVEIRA DAMASCENO;CONSELHO FISCAL;MEMBRO DE CONSELHO;; CONSELHO;1000,00;;1000,00;;1000,00;
MARIA ELIANE RAMOS FERREIRA SOUZA;DIRETORIA TECNICA;GERENTE;; CARGO COMISSION.S/VINCULO;4209,79;;4209,79;175,68;4034,11;
MARIA NEBLINA MARAES;CONSELHO FISCAL;MEMBRO DE CONSELHO;; CONSELHO;1000,00;;1000,00;;1000,00;
MARIO SERGIO DE SOUZA MOURA;DIRETORIA TECNICA;GERENTE;; CARGO COMISSION.S/VINCULO;4209,79;;4209,79;640,87;3568,92;
MARIVALDO MESQUITA DA SILVA;GERENCIA DE ADM.PAT.E SERVICOS;ASSESSOR IV;; CARGO COMISSION.S/VINCULO;2179,61;;2179,61;177,98;2001,63;
MARTA ARAUJO MELO PARAENSE;GERENCIA DE RECURSOS HUMANOS;GERENTE;; CARGO COMISSION.S/VINCULO;4209,79;;4209,79;609,94;3599,85;
MICHELLE MACEDO BESSA;PRESIDENCIA;DIRETOR PRESIDENTE;; CARGO COMISSION.S/VINCULO;11700,00;;11700,00;2896,58;8803,42;
MICKAELLY CHRISTINNE G ALBUQUERQUE;GERENCIA DE ADM.PAT.E SERVICOS;ASSESSOR III;; CARGO COMISSION.S/VINCULO;3191,80;;3191,80;372,18;2819,62;
MONICA CYBELLE FERREIRA FIGUEIREDO;ASSESSORIA;ASSESSOR II;; CARGO COMISSION.S/VINCULO;4209,79;;4209,79;640,87;3568,92;
NILCILENE MARIA LOPES;GERENCIA DE ADM.PAT.E SERVICOS;AUXILIAR DE SERVICOS GERAIS;; C.L.T.;1783,20;;1783,20;127,26;1655,94;
PAULO CESAR FARIA DE LIMA;GERENCIA DE ADM.PAT.E SERVICOS;ASSESSOR I;; CARGO COMISSION.S/VINCULO;5229,77;;5229,77;981,03;4248,74;
PAULO EGIDIO RIBEIRO DA S JUNIOR;GERENCIA DE ADM.PAT.E SERVICOS;ASSISTENTE ADMINISTRATIVO;; C.L.T.;3284,00;;3284,00;303,07;2980,93;
RAIMUNDO NONATO MESQUITA DE MELO;DIRETORIA TECNICA;ASSESSOR IV;; CARGO COMISSION.S/VINCULO;2179,61;;2179,61;177,98;2001,63;
RAY HILTON ROCHA DE LIMA;DIRETORIA TECNICA;GERENTE;; CARGO COMISSION.S/VINCULO;4209,79;;4209,79;609,94;3599,85;
ROSA MARIA NOGUEIRA PINTO;GERENCIA DE RECURSOS HUMANOS;ASSISTENTE ADMINISTRATIVO;; C.L.T.;2463,00;;2463,00;231,13;2231,87;
RUTH JUCA RAMOS;ASSESSORIA;ASSESSOR III;; CARGO COMISSION.S/VINCULO;3191,80;;3191,80;372,18;2819,62;
SAMIRA JORGE DE ARAUJO BARBOSA;DIRETORIA TECNICA;ASSISTENTE ADMINISTRATIVO;; C.L.T.;2463,00;;2463,00;216,91;2246,09;
SANDYE ZURRA GARCEZ;GABINETE DA PRESIDENCIA;ASSESSOR II;; CARGO COMISSION.S/VINCULO;6709,79;;6709,79;1538,10;5171,69;
SERGIO PAULO GUALBERTO SANTOS FILHO;COMISSAO INT.DE LICITACAO-CIL;MEMBRO DE CONSELHO;; CONSELHO;2500,00;;2500,00;44,70;2455,30;
SUSY MARCELLA PEREIRA PENA;ASSESSORIA;ASSESSOR III;; CARGO COMISSION.S/VINCULO;3191,80;;3191,80;372,18;2819,62;
TAYANA RHAELLA SILVA DE BASTOS;GERENCIA DE ADM.PAT.E SERVICOS;ASSESSOR III;; CARGO COMISSION.S/VINCULO;3191,80;;3191,80;338,26;2853,54;
THAYLA GALETE GOMES;CONSELHO FISCAL;MEMBRO DE CONSELHO;; CONSELHO;1000,00;;1000,00;;1000,00;
WASLLEY AGUIAR VIANA;DEPTO.DE ORCAMENTO E FINANCAS;ASSESSOR TECNICO;; C.L.T.;5555,00;;5555,00;883,19;4671,81;
YASMIM PEREIRA NEGREIROS;ASSESSORIA;ASSISTENTE ADMINISTRATIVO;; C.L.T.;2463,00;;2463,00;231,13;2231,87;
