NOME;LOTACAO;CARGO;FUNCAO;VINCULO;REMUNERACAO LEGAL TOTAL(R$);DESC.TETO(R$); REMUNERACAO LEGAL DEVIDA(R$);DESCONTOS LEGAIS(R$);LIQUIDO DISPONIVEL(R$);
ALDENICE ILKA IZEL BENJAMIN;COORDENADORIA EXECUTIVA;CHEFE DE GABINETE;NAO INFORMADO; CARGO COMISSION.S/VINCULO;10229,77;;10229,77;2355,87;7873,90;
ALDERNIZE MORAIS AMORIM;SUBCOORD.SET.DE PROJ.SOCIAIS;ASSESSOR II;NAO INFORMADO; CARGO COMISSION.S/VINCULO;2609,79;;2609,79;258,44;2351,35;
ALESSANDRA DE JESUS LOPES;SUBCOORD.SETOR.DE ENGENHARIA;ASSESSOR I;ASSESSOR I; CARGO COMISSION.S/VINCULO;5229,77;;5229,77;981,03;4248,74;
ALINNY GUIMARÃES LIMA;ASSESSORIA DE COMUNICACAO;ASSESSOR II;NAO INFORMADO; CARGO COMISSION.S/VINCULO;4209,79;;4209,79;640,87;3568,92;
ALY MOHAMED SAAD FILHO;SUBCOORD.SETOR.DE ENGENHARIA;ASSESSOR I;ASSESSOR I; CARGO COMISSION.S/VINCULO;6973,03;;6973,03;1637,21;5335,82;
ANA CAROLINA DA COSTA MAIA;GT - GRUPO DE TRABALHO;MEMBRO;; GRUPO DE TRABALHO;5000,00;;5000,00;505,64;4494,36;
ANDRE DA SILVA SANTOS;GABINETE;ASSESSOR II;ASSESSOR II; CARGO COMISSION.S/VINCULO;4209,79;;4209,79;640,87;3568,92;
CELIA AUGUSTA COLARES ALVES;SUBCOORD.SET.DE PROJ.SOCIAIS;ASSESSOR I;NAO INFORMADO; CARGO COMISSION.S/VINCULO;5229,77;;5229,77;981,03;4248,74;
CELIO UBIRATAN OLIVEIRA;ASSESSORIA ADMINISTRATIVA;ASSESSOR II;NAO INFORMADO; CARGO COMISSION.S/VINCULO;4209,79;;4209,79;640,87;3568,92;
DANIELLA FALABELO JAIME;SUBCOORD.SET.ADM.E FINANCEIRA;SUBCOORDENADOR SETORIAL;NAO INFORMADO; CARGO COMISSION.S/VINCULO;14000,00;;14000,00;3581,22;10418,78;
DEBORAH ALMEIDA RABELO;SUBCOORD.SETORIAL JURIDICA;AGENTE ADM.-AGA-T.S.N.A.-E;ASSESSOR I; ESTATUTARIO;7902,39;;7902,39;1508,95;6393,44;
EVANGELA DA COSTA MEDEIROS;SUBCOORD.SET.DE PROJ.SOCIAIS;ASSESSOR II;NAO INFORMADO; CARGO COMISSION.S/VINCULO;4209,79;;4209,79;640,87;3568,92;
FRANCISCO SOARES DE SOUZA FILHO;SUBCOORD.SET.REL.INSTITUCIONAL;SUBCOORDENADOR SETORIAL;NAO INFORMADO; CARGO COMISSION.S/VINCULO;14000,00;;14000,00;3581,22;10418,78;
FRANCY MELRY OLIVEIRA CARVALHO;ASSESSORIA ADMINISTRATIVA;ASSESSOR I;NAO INFORMADO; CARGO COMISSION.S/VINCULO;5229,77;;5229,77;981,03;4248,74;
GABRIELA SENA LAUREANO;SUBCOORD.SETOR.DE ENGENHARIA;ASSESSOR I;NAO INFORMADO; CARGO COMISSION.S/VINCULO;5229,77;;5229,77;981,03;4248,74;
HELDER CAMARA VIANA;GT - GRUPO DE TRABALHO;MEMBRO;; GRUPO DE TRABALHO;5000,00;;5000,00;505,64;4494,36;
JOAO LUIZ BENAION DUMONT;SUBCOORD.SETOR.DE ENGENHARIA;SUBCOORDENADOR SETORIAL;NAO INFORMADO; CARGO COMISSION.S/VINCULO;14000,00;;14000,00;3581,22;10418,78;
JUSSARA PEDROSA CELESTINO DA COSTA;GT - GRUPO DE TRABALHO;MEMBRO;; GRUPO DE TRABALHO;7000,00;;7000,00;1055,64;5944,36;
KAREN EVELYN DO NASCIMENTO NERI;SUBCOORD.SET.DE PROJ.SOCIAIS;ASSESSOR I;NAO INFORMADO; CARGO COMISSION.S/VINCULO;5229,77;;5229,77;981,03;4248,74;
KARINA DE SOUZA RAMOS;SUBCOORD.SET.PROJ.AMBIENTAIS;ASSESSOR II;ASSESSOR II; CARGO COMISSION.S/VINCULO;2609,79;;2609,79;258,44;2351,35;
LEONARDO BARBOSA DE SOUSA;SUBCOORD.SETORIAL JURIDICA;SUBCOORDENADOR SETORIAL;NAO INFORMADO; CARGO COMISSION.S/VINCULO;14000,00;;14000,00;3581,22;10418,78;
LUIZ PAULO GABRIEL GONCALVES SILVA;GT - GRUPO DE TRABALHO;MEMBRO;; GRUPO DE TRABALHO;5000,00;;5000,00;505,64;4494,36;
MARCELLUS JOSE BARROSO CAMPELO;COORDENADORIA EXECUTIVA;COORDENADOR EXECUTIVO;COORDENADOR EXECUTIV; CARGO COMISSION.S/VINCULO;19400,00;;19400,00;5066,22;14333,78;
MARIA DA GRACA HAGGE MOURAO;ASSESSORIA ADMINISTRATIVA;ASSESSOR I;NAO INFORMADO; CARGO COMISSION.S/VINCULO;5229,77;;5229,77;981,03;4248,74;
MARIA DO PERPETUO S F RODRIGUES;ASSESSORIA ADMINISTRATIVA;ASSESSOR II;NAO INFORMADO; CARGO COMISSION.S/VINCULO;4209,79;;4209,79;640,87;3568,92;
ORLANDO FREIRE NETO;SUBCOORD.SETOR.DE ENGENHARIA;ASSESSOR I;ASSESSOR I; CARGO COMISSION.S/VINCULO;6973,03;;6973,03;1637,21;5335,82;
OTACILIO DOS SANTOS CARDOSO JUNIOR;SUBCOORD.SET.PROJ.AMBIENTAIS;SUBCOORDENADOR SETORIAL;; CARGO COMISSION.S/VINCULO;14000,00;;14000,00;3529,08;10470,92;
REBECA LOUISE BOTELHO DA SILVA;SUBCOORD.SET.PROJ.AMBIENTAIS;ASSESSOR I;ASSESSOR I; CARGO COMISSION.S/VINCULO;5229,77;;5229,77;981,03;4248,74;
RITTAHINA MARIA TEIXEIRA MARTINS;SUBCOORD.SET.ADM.E FINANCEIRA;ASSESSOR I;NAO INFORMADO; CARGO COMISSION.S/VINCULO;10229,77;;10229,77;2355,87;7873,90;
RODRIGO OLIVEIRA JUNQUEIRA;ASSESSORIA ADMINISTRATIVA;ASSESSOR I;NAO INFORMADO; CARGO COMISSION.S/VINCULO;6973,03;;6973,03;1637,21;5335,82;
ROSEANE SOUZA DA MOTA;ASSESSORIA DE COMUNICACAO;TECNICO-TEC-T.S.N.S.-A;ASSESSOR I; ESTATUTARIO;9295,89;;9295,89;2237,42;7058,47;
ROSIMAR MARTINS COSTA OLIVEIRA;SUBCOORD.SET.ADM.E FINANCEIRA;ASSESSOR I;NAO INFORMADO; CARGO COMISSION.S/VINCULO;5229,77;;5229,77;981,03;4248,74;
ROSY CLEIA DA SILVA SEIXAS;GT - GRUPO DE TRABALHO;MEMBRO;; GRUPO DE TRABALHO;5000,00;;5000,00;505,64;4494,36;
SATYRO AFRANIO BRASIL BARBOSA;SUBCOORD.SET.ADM.E FINANCEIRA;ASSESSOR I;; CARGO COMISSION.S/VINCULO;4067,59;;4067,59;;4067,59;
SIMONE GOMES FERREIRA XAVIER;SUBCOORD.SETORIAL JURIDICA;ASSESSOR I;ASSESSOR I; CARGO COMISSION.S/VINCULO;5229,77;;5229,77;981,03;4248,74;
SIMONE NORONHA BARBOSA;SUBCOORD.SETOR.DE ENGENHARIA;ASSESSOR I;ASSESSOR I; CARGO COMISSION.S/VINCULO;5229,77;;5229,77;981,03;4248,74;
TIAGO MONTEIRO DE PAIVA;GT - GRUPO DE TRABALHO;MEMBRO;; GRUPO DE TRABALHO;5000,00;;5000,00;505,64;4494,36;
VANIA MELO DOS SANTOS;SUBCOORD.SET.DE PROJ.SOCIAIS;ASSESSOR II;NAO INFORMADO; CARGO COMISSION.S/VINCULO;4209,79;;4209,79;640,87;3568,92;
VITOR GOMES AFONSO;SUBCOORD.SETOR.DE ENGENHARIA;ASSESSOR II;NAO INFORMADO; CARGO COMISSION.S/VINCULO;4209,79;;4209,79;640,87;3568,92;
VIVIANE ALVES DA SILVA DUTRA;SUBCOORD.SET.DE PROJ.SOCIAIS;SUBCOORDENADOR SETORIAL;NAO INFORMADO; CARGO COMISSION.S/VINCULO;14000,00;;14000,00;3581,22;10418,78;
WILSON LUIZ SOUZA TINOCO;SUBCOORD.SETOR.DE ENGENHARIA;ASSESSOR I;ASSESSOR I; CARGO COMISSION.S/VINCULO;5229,77;;5229,77;981,03;4248,74;
YVONETE QUEIROZ MONTEIRO;SUBCOORD.SET.DE PROJ.SOCIAIS;ASSESSOR II;NAO INFORMADO; CARGO COMISSION.S/VINCULO;4209,79;;4209,79;640,87;3568,92;
