NOME;LOTACAO;CARGO;FUNCAO;VINCULO;REMUNERACAO LEGAL TOTAL(R$);DESC.TETO(R$); REMUNERACAO LEGAL DEVIDA(R$);DESCONTOS LEGAIS(R$);LIQUIDO DISPONIVEL(R$);
ABRAHAM DE OLIVEIRA ANSELMO JUNIOR;SEAP-EFETIVOS;ASSISTENTE TECNICO GOVERNAMENTAL;; ESTATUTARIO;3599,78;;3599,78;587,89;3011,89;
ADAUTO CRUZ DE SOUZA;SEAP-COMISSIONADOS;ASSESSOR III;NAO INFORMADO; CARGO COMISSION.S/VINCULO;3191,80;;3191,80;372,18;2819,62;
ADELSON EMANUEL MONTEIRO DA SILVA;SEAP-EFETIVOS;A.TEC-I;; ESTATUTARIO;4017,00;;4017,00;725,77;3291,23;
ADEMAR PEIXOTO DA SILVA;SEAP-EFETIVOS;A.TEC-I;; ESTATUTARIO;4466,60;;4466,60;751,59;3715,01;
ADILSON PENEDO DE ARAUJO;UNID.PRIS.SEMIABERTO FEM-UPSF;AUX.O-I;; ESTATUTARIO;3416,88;;3416,88;469,28;2947,60;
ADRIANE DE MATTOS BRAGA;SEAP-COMISSIONADOS;A.OPE-III;ASSESSOR I; ESTATUTARIO;5771,54;;5771,54;1060,43;4711,11;
ADRIELLE LEOCADIO DE LIRA;CENT.DETEN PROV.MANAUS-CDPM II;ASSESSOR IV;ASSESSOR IV AD-4; CARGO COMISSION.S/VINCULO;3175,61;;3175,61;368,10;2807,51;
AIDA MORENO DE MELO;SEAP-EFETIVOS;ASSISTENTE TECNICO GOVERNAMENTAL;; ESTATUTARIO;4793,36;;4793,36;810,51;3982,85;
AILTON DE ALMEIDA PAIVA;SEAP-COMISSIONADOS;GERENTE;NAO INFORMADO; CARGO COMISSION.S/VINCULO;4209,79;;4209,79;640,87;3568,92;
ALCINEI MACIEL PINTO;SEAP-COMISSIONADOS;ASSESSOR III;; CARGO COMISSION.S/VINCULO;3191,80;;3191,80;372,18;2819,62;
ALDAIR DE PAULA EDWARDS;SEAP-EFETIVOS;A.TEC-I;; ESTATUTARIO;4465,70;;4465,70;751,46;3714,24;
ALDEMAR DOS SANTOS BONATES NETO;SEAP-COMISSIONADOS;INVEST.DE POL. 3A.CL. PC-INV-III;ASSESSOR I; ESTATUTARIO;5000,00;;5000,00;505,64;4494,36;
ALESSANDRO DA SILVA;SEAP-COMISSIONADOS;SARGENTO 3;GERENTE; ESTATUTARIO;4000,00;;4000,00;263,87;3736,13;
ALESSANDRO LUIZ PEREIRA DE ALMEIDA;SEAP-COMISSIONADOS;ASSESSOR III;NAO INFORMADO; CARGO COMISSION.S/VINCULO;3191,80;;3191,80;372,18;2819,62;
ALESSANDRO SILVA DOS REIS;COMPAJ FECHADO;CABO;ASSESSOR III; ESTATUTARIO;3000,00;;3000,00;53,76;2946,24;
ALEX DE FREITAS CHAVES;MUNICIPIO DE HUMAITA;ASSESSOR III;ASSESSOR III; CARGO COMISSION.S/VINCULO;2195,80;;2195,80;179,44;2016,36;
ALEXANDRA DA FONSECA DE SOUZA;SEAP-COMISSIONADOS;SUBGERENTE;NAO INFORMADO; CARGO COMISSION.S/VINCULO;3191,80;;3191,80;372,18;2819,62;
ALEXANDRE MICHEL ROCHA CAVALCANTE;SEAP-COMISSIONADOS;SARGENTO 2;; ESTATUTARIO;250,00;;250,00;;250,00;
ALEXANDRE VIANA DE CASTRO;SEAP-COMISSIONADOS;ASSESSOR II;NAO INFORMADO; CARGO COMISSION.S/VINCULO;4209,79;;4209,79;640,87;3568,92;
ALINE VIEIRA CAVALCANTE;SEAP-COMISSIONADOS;SUBGERENTE;NAO INFORMADO; CARGO COMISSION.S/VINCULO;3191,80;;3191,80;372,18;2819,62;
ALLAN DE AZEVEDO ALVES;SEAP-COMISSIONADOS;TENENTE 1;ASSESSOR I; ESTATUTARIO;5000,00;;5000,00;403,55;4596,45;
ALMIR DE AQUINO CORREA NETO;SEAP-COMISSIONADOS;ASSESSOR IV;NAO INFORMADO; CARGO COMISSION.S/VINCULO;3175,61;;3175,61;368,10;2807,51;
ALONSO MARCOLINO DA SILVA;CASA DO ALBERGADO DE MANAUS;MOT-I;MOTORISTA; ESTATUTARIO;3660,00;;3660,00;531,12;3128,88;
ALUIZIO BARBOSA DE LIMA JUNIOR;SEAP-COMISSIONADOS;SARGENTO 3;SUBGERENTE; ESTATUTARIO;3000,00;;3000,00;53,76;2946,24;
ALUIZIO BENTES CERDEIRA;MUNICIPIO DE PARINTINS;DIRETOR DE UNIDADE PRISIONAL;DIR UNI PRIS AD1; CARGO COMISSION.S/VINCULO;5229,77;;5229,77;981,03;4248,74;
ALZENIR DE SOUZA FREIRES;MUNICIPIO DE COARI;CABO;DIRETOR ADJUNTO DE U; ESTATUTARIO;3000,00;;3000,00;67,98;2932,02;
AMARILDO SOUZA CARNEIRO DA CUNHA;SEAP-EFETIVOS;AUX.S.G-I;; ESTATUTARIO;3562,46;;3562,46;476,50;3085,96;
AMSTERDAM DOS SANTOS LIMA;CENT.DE DETEN.PROV.MANAUS-CDPM;CABO;DIRETOR ADJUNTO DE U; ESTATUTARIO;4000,00;;4000,00;263,87;3736,13;
ANA BEATRIZ SANTOS DO CARMO;SEAP-COMISSIONADOS;CABO;GERENTE; ESTATUTARIO;4000,00;;4000,00;221,21;3778,79;
ANA CLAUDIA MACEDO ARAUJO SILVA;SEAP-EFETIVOS;PSI-II;; ESTATUTARIO;5688,13;;5688,13;1272,22;4415,91;
ANA CRISTINA PEREIRA ABREU;SEAP-COMISSIONADOS;ASSESSOR III;ASSESSOR III; CARGO COMISSION.S/VINCULO;4255,73;;4255,73;656,19;3599,54;
ANDERSON ANGELIN DA SILVA;SEAP-COMISSIONADOS;CABO;DIRETOR ADJUNTO DE U; ESTATUTARIO;3000,00;;3000,00;95,20;2904,80;
ANDRE LUIZ BARROS GIOIA;SEAP-COMISSIONADOS;TENENTE CORONEL;SECRETARIO EXECUTIVO; ESTATUTARIO;10453,18;1040,45;9412,73;1719,14;7693,59;
ANDREA ALESSANDRA DE OLIVEIRA MELO;SEAP-EFETIVOS;A.TEC-II;; ESTATUTARIO;3655,15;;3655,15;628,43;3026,72;
ANDRESSON RENATO NASCIMENTO LEMOS;SEAP-COMISSIONADOS;SARGENTO 2;ASSESSOR II; ESTATUTARIO;4000,00;;4000,00;263,87;3736,13;
ANGELA EMILIA GAMA DA SILVA;SEAP-COMISSIONADOS;ASSESSOR IV;NAO INFORMADO; CARGO COMISSION.S/VINCULO;3175,61;;3175,61;368,10;2807,51;
ANGELITA MARIA DA CONCEICAO S MUNIZ;HOSP.DE CUST.TRAT.PSIQUIATRICO;AUX.S.G-II;; ESTATUTARIO;3516,15;;3516,15;455,97;3060,18;
ANTONIO ABENONIZ GOMES;SEAP-EFETIVOS;A.TEC-II;; ESTATUTARIO;3655,15;;3655,15;628,43;3026,72;
ANTONIO ADEVAN SALDANHA RODRIGUES;MUNICIPIO DE TABATINGA;ASSESSOR III;NAO INFORMADO; CARGO COMISSION.S/VINCULO;2195,80;;2195,80;179,44;2016,36;
ANTONIO CARLOS DE SOUZA;HOSP.DE CUST.TRAT.PSIQUIATRICO;POLICIAL PENAL II;; ESTATUTARIO;4190,80;;4190,80;770,92;3419,88;
ANTONIO CARLOS LIRA DE FARIAS;SEAP-INTERIOR;AUX.HSP-I;; ESTATUTARIO;3559,83;;3559,83;373,52;3186,31;
ANTONIO CARLOS NUNES DA FONSECA;SEAP-EFETIVOS;MED-II;; ESTATUTARIO;5858,77;;5858,77;1336,47;4522,30;
ANTONIO CARLOS SEIXAS DA SILVA;CASA DO ALBERGADO DE MANAUS;POLICIAL PENAL I;; ESTATUTARIO;5085,00;;5085,00;991,96;4093,04;
ANTONIO CARNEIRO DA COSTA;SEAP-EFETIVOS;AUX.S.G-I;; ESTATUTARIO;3586,06;;3586,06;458,57;3127,49;
ANTONIO DE PADUA PINHEIRO SENA;SEAP-EFETIVOS;A.TEC-II;; ESTATUTARIO;3655,15;;3655,15;600,00;3055,15;
ANTONIO ENRIQUES CORDEIRO;MUNICIPIO DE ITACOATIARA;DIRETOR DE UNIDADE PRISIONAL AD-1;; CARGO COMISSION.S/VINCULO;5229,77;;5229,77;981,03;4248,74;
ANTONIO FERNANDO DO N PAIVA;INSTIT.PENAL ANTONIO TRINDADE;ASSESSOR IV;NAO INFORMADO; CARGO COMISSION.S/VINCULO;3175,61;;3175,61;368,10;2807,51;
ANTONIO GONCALVES DA SILVA;SEAP-EFETIVOS;AUX.S.G-I;; ESTATUTARIO;3577,31;;3577,31;484,65;3092,66;
ANTONIO JORGE DE A SANTIAGO;UNID.PRIS.SEMIABERTO FEM-UPSF;POLICIAL PENAL I;; ESTATUTARIO;4465,28;;4465,28;816,32;3648,96;
ANTONIO JORGE OLIVEIRA COSTA;CASA DO ALBERGADO DE MANAUS;AUX.S.G-I;; ESTATUTARIO;4747,44;;4747,44;702,57;4044,87;
ANTONIO JOSE BENIGNO DE OLIVEIRA;SEAP-INTERIOR;AUX.S.G-I;; ESTATUTARIO;3599,56;;3599,56;460,60;3138,96;
ANTONIO JOSE DE ASSIS;SEAP-EFETIVOS;CINEGRAFISTA 1A CLASSE;CINEGRAFISTA; ESTATUTARIO;3714,21;;3714,21;620,28;3093,93;
ANTONIO JOSE LEITE DE OLIVEIRA;SEAP-INTERIOR;POLICIAL PENAL I;; ESTATUTARIO;4407,93;;4407,93;833,91;3574,02;
ANTONIO MARQUES DE OLIVEIRA;SEAP-EFETIVOS;POLICIAL PENAL I;; ESTATUTARIO;6558,96;;6558,96;770,85;5788,11;
ANTONIO MENDONCA DA SILVA;CASA DO ALBERGADO DE MANAUS;POLICIAL PENAL I;; ESTATUTARIO;5075,03;;5075,03;988,77;4086,26;
ARACI MENEZES DIMAS;SEAP-INTERIOR;A.TEC-I;CH SECAO ESTATISTICA; ESTATUTARIO;4453,10;;4453,10;749,57;3703,53;
ARIELA LOPES;SEAP-EFETIVOS;A.TEC-III;AG ADMINISTRATIVO; ESTATUTARIO;3577,54;;3577,54;555,08;3022,46;
ARIOMAR FERMIN;CASA DO ALBERGADO DE MANAUS;POLICIAL PENAL II;; ESTATUTARIO;4149,45;;4149,45;759,79;3389,66;
ARLISSON CHAVES PASSOS;SEAP-COMISSIONADOS;SARGENTO 2;ASSESSOR II; ESTATUTARIO;5333,33;;5333,33;597,31;4736,02;
ARMANDO CAJUEIRO GOMES;SEAP-EFETIVOS;A.TEC-II;; ESTATUTARIO;3655,15;;3655,15;628,43;3026,72;
ARMANDO GARCIA QUEIROZ FILHO;CASA DO ALBERGADO DE MANAUS;A.TEC-I;; ESTATUTARIO;5184,99;;5184,99;952,42;4232,57;
ARNOLDO DA SILVA MENDONCA;SEAP-EFETIVOS;A.TEC-I;; ESTATUTARIO;4443,13;;4443,13;786,45;3656,68;
ARNOUD CRUZ DOS SANTOS;SEAP-EFETIVOS;POLICIAL PENAL II;; ESTATUTARIO;4149,45;;4149,45;702,92;3446,53;
ASSIS DA SILVA RIBEIRO;SEAP-INTERIOR;A.TEC-I;; ESTATUTARIO;3897,48;;3897,48;693,62;3203,86;
AUGUSTO CASTRO DOS SANTOS;COMPAJ FECHADO;SARGENTO 3;DIRETOR ADJUNTO DE U; ESTATUTARIO;4000,00;;4000,00;263,87;3736,13;
AUGUSTO DIAS VIEIRA NETTO;UNIDADE PRISIONAL PURAQUEQUARA;CABO;SUBGERENTE; ESTATUTARIO;3000,00;;3000,00;95,20;2904,80;
AURILENE MACHADO BEZERRA;SEAP-COMISSIONADOS;ASSESSOR III;ASSESSOR III AD-3; CARGO COMISSION.S/VINCULO;3191,80;;3191,80;372,18;2819,62;
BARBARA DO NASCIMENTO MARTINS;SEAP-COMISSIONADOS;ASSESSOR TECNICO;NAO INFORMADO; CARGO COMISSION.S/VINCULO;7000,00;;7000,00;1647,36;5352,64;
BERENICE GUEDES MONTEIRO;SEAP-EFETIVOS;A.TEC-I;; ESTATUTARIO;5886,79;;5886,79;1155,06;4731,73;
BERGSON LUIZ NUNES BARBOSA LIMA;COMPAJ SEMI ABERTO;A.TEC-I;; ESTATUTARIO;3812,32;;3812,32;670,71;3141,61;
BRENO BARBOSA SOARES ALVES;SEAP-COMISSIONADOS;SUBGERENTE;SUBGERENTE; CARGO COMISSION.S/VINCULO;3191,80;;3191,80;372,18;2819,62;
BRENO NUNES LOPES;SEAP-COMISSIONADOS;SUBGERENTE;NAO INFORMADO; CARGO COMISSION.S/VINCULO;3191,80;;3191,80;372,18;2819,62;
BRUNO COLARES DOS REIS;SEAP-COMISSIONADOS;ASSESSOR II;NAO INFORMADO; CARGO COMISSION.S/VINCULO;4209,79;;4209,79;640,87;3568,92;
BRUNO PEREIRA REGIS;SEAP-COMISSIONADOS;CABO;ASSESSOR IV; ESTATUTARIO;3000,00;;3000,00;95,20;2904,80;
CAIQUE PESSOA LAGO;UNIDADE PRISIONAL PURAQUEQUARA;ASSESSOR III;NAO INFORMADO; CARGO COMISSION.S/VINCULO;3191,80;;3191,80;372,18;2819,62;
CAMILA VIEIRA BRANDAO;UNID.PRIS.SEMIABERTO FEM-UPSF;ASSESSOR III;NAO INFORMADO; CARGO COMISSION.S/VINCULO;2195,80;;2195,80;179,44;2016,36;
CARLOS ALBERTO AZEVEDO MARINHO;MUNICIPIO DE PARINTINS;POLICIAL PENAL II;AG. PENITENCIARIO; ESTATUTARIO;4177,30;;4177,30;740,45;3436,85;
CARLOS ALBERTO FERNANDES DA SILVA;SEAP-EFETIVOS;POLICIAL PENAL II;; ESTATUTARIO;4135,95;;4135,95;757,77;3378,18;
CARLOS AUGUSTO DUTRA CECILIO;SEAP-INTERIOR;POLICIAL PENAL I;; ESTATUTARIO;7360,13;;7360,13;1662,83;5697,30;
CARLOS HUMBERTO MENDES AROUCHE;SEAP-COMISSIONADOS;GERENTE;NAO INFORMADO; CARGO COMISSION.S/VINCULO;4209,79;;4209,79;640,87;3568,92;
CARLOS JOSE RIBEIRO LANHELLAS;CASA DO ALBERGADO DE MANAUS;POLICIAL PENAL II;; ESTATUTARIO;5460,00;;5460,00;1047,78;4412,22;
CARLOS ROBERTO FARIAS ALEIXO;CASA DO ALBERGADO DE MANAUS;AUX.O-I;; ESTATUTARIO;4044,57;;4044,57;564,92;3479,65;
CARLOS SERGIO MOTA DE CASTRO;SEAP-INTERIOR;FISCAL RODOVIARIO;; ESTATUTARIO;3375,48;;3375,48;553,21;2822,27;
CARLOS VITOR GARCIA BARBOSA;SEAP-COMISSIONADOS;ASSESSOR II;NAO INFORMADO; CARGO COMISSION.S/VINCULO;4209,79;;4209,79;640,87;3568,92;
CARLOS WILLIAMS TOBIAS DE SOUZA;SEAP-COMISSIONADOS;SARGENTO 2;ASSESSOR III; ESTATUTARIO;3000,00;;3000,00;53,76;2946,24;
CAROLINA DA MOTTA FARIAS DOS SANTOS;SEAP-COMISSIONADOS;ASSESSOR I;NAO INFORMADO; CARGO COMISSION.S/VINCULO;5229,77;;5229,77;981,03;4248,74;
CAROLINE FUGOLARI FREITAS;SEAP-COMISSIONADOS;ASSESSOR I;NAO INFORMADO; CARGO COMISSION.S/VINCULO;5229,77;;5229,77;981,03;4248,74;
CECILIA DO ROSARIO DOS SANTOS SOUZA;UNID.PRIS.SEMIABERTO FEM-UPSF;POLICIAL PENAL II;; ESTATUTARIO;5583,23;;5583,23;1090,02;4493,21;
CECILIO MULLER LIMA CORDEIRO;SEAP-COMISSIONADOS;CABO;ASSESSOR III; ESTATUTARIO;3000,00;;3000,00;95,20;2904,80;
CELIA REGINA PARENTE ABREU;SEAP-COMISSIONADOS;ASSESSOR III;; CARGO COMISSION.S/VINCULO;3191,80;;3191,80;372,18;2819,62;
CELSO LUIZ DE SOUZA RIBEIRO CUNHA;SEAP-INTERIOR;POLICIAL PENAL II;; ESTATUTARIO;4149,45;;4149,45;759,79;3389,66;
CLAUDECI PIMENTEL DE SOUZA;SEAP-EFETIVOS;AUX.O-I;; ESTATUTARIO;3333,61;;3333,61;448,10;2885,51;
CLAUDESTONE SANTOS NASCIMENTO;COMPAJ SEMI ABERTO;MOT-II;; ESTATUTARIO;3752,91;;3752,91;519,66;3233,25;
CLAUDIOMAR DUARTE FREIRE;SEAP-EFETIVOS;POLICIAL PENAL II;; ESTATUTARIO;4135,95;;4135,95;757,77;3378,18;
CLAUDIONORA DELGADO DO NASCIMENTO;SEAP-EFETIVOS;A.TEC-I;; ESTATUTARIO;4506,34;;4506,34;806,69;3699,65;
CLEA MARIA OLIVEIRA DE LIMA;SEAP-EFETIVOS;A.SOC-I;; ESTATUTARIO;7147,26;;7147,26;1732,49;5414,77;
CLEDSON DE JESUS MACEDO;SEAP-COMISSIONADOS;GERENTE;NAO INFORMADO; CARGO COMISSION.S/VINCULO;4209,79;;4209,79;640,87;3568,92;
CLEOMAR ANDRADE CONCEICAO;HOSP.DE CUST.TRAT.PSIQUIATRICO;A.TEC-I;; ESTATUTARIO;4463,07;;4463,07;792,84;3670,23;
CLODOALDO ARAUJO BARROS;SEAP-INTERIOR;POLICIAL PENAL I;; ESTATUTARIO;4451,78;;4451,78;848,54;3603,24;
COEMA DE ARAUJO BASTOS;SEAP-EFETIVOS;A.TEC-II;; ESTATUTARIO;3641,46;;3641,46;626,38;3015,08;
CONSTANTINO CORNELIO DA COSTA;MUNICIPIO DE COARI;AUX.S.G-I;; ESTATUTARIO;5138,94;;5138,94;803,06;4335,88;
CRISTOVAO BRASIL DA SILVA;CASA DO ALBERGADO DE MANAUS;MARINHEIRO DE MAQUINAS;; ESTATUTARIO;3479,29;;3479,29;402,40;3076,89;
DANIEL CAMARA LIMA;SEAP-COMISSIONADOS;ASSESSOR III;NAO INFORMADO; CARGO COMISSION.S/VINCULO;3191,80;;3191,80;372,18;2819,62;
DANIEL CRUZ GOMES;CASA DO ALBERGADO DE MANAUS;A.TEC-I;; ESTATUTARIO;3904,28;;3904,28;667,01;3237,27;
DANIEL DA SILVA BARBOSA;MUNICIPIO DE TABATINGA;SARGENTO 3;DIRETOR DE UNIDADE P; ESTATUTARIO;5000,00;;5000,00;403,55;4596,45;
DANIEL MARCELO BENVENUTTI DE SALES;SEAP-COMISSIONADOS;OUVIDOR;NAO INFORMADO; CARGO COMISSION.S/VINCULO;5229,77;;5229,77;981,03;4248,74;
DANIELE MEDEIROS MENDES DANTAS;SEAP-COMISSIONADOS;ASSESSOR I;NAO INFORMADO; CARGO COMISSION.S/VINCULO;5229,77;;5229,77;981,03;4248,74;
DANIELLE BARBOSA REBOUCAS;SEAP-EFETIVOS;ASSISTENTE TECNICO PNM.ANM-III;ASSIST.ADM.; ESTATUTARIO;8848,11;;8848,11;1677,79;7170,32;
DEBORA LOBATO DE MELO;COMPAJ FECHADO;ASSESSOR III;NAO INFORMADO; CARGO COMISSION.S/VINCULO;3191,80;;3191,80;372,18;2819,62;
DEBORAH MENDES DA SILVA;SEAP-EFETIVOS;COZINHEIRO 3A CLASSE;; ESTATUTARIO;3557,62;;3557,62;451,91;3105,71;
DEIVISON GONCALVES DAS CHAGAS;MUNICIPIO DE HUMAITA;CABO;; ESTATUTARIO;250,00;;250,00;;250,00;
DEIVISON GONCALVES DAS CHAGAS;MUNICIPIO DE HUMAITA;CABO;DIRETOR DE UNIDADE P; ESTATUTARIO;5000,00;;5000,00;403,55;4596,45;
DELCIRA RODRIGUES DA COSTA E SILVA;SEAP-EFETIVOS;AUX.S.G-II;; ESTATUTARIO;3516,15;;3516,15;455,97;3060,18;
DENIS CAETANO GOMES CAVALCANTE;SEAP-COMISSIONADOS;SECRETARIA EXECUTIVA;NAO INFORMADO; CARGO COMISSION.S/VINCULO;11700,00;;11700,00;2948,72;8751,28;
DIATAI ANUTE DE LIMA CARIOCA;SEAP-COMISSIONADOS;GERENTE;NAO INFORMADO; CARGO COMISSION.S/VINCULO;4209,79;;4209,79;640,87;3568,92;
DILLANEY SILVA FABAR;CENT.DE DETEN.PROV.MANAUS-CDPM;SARGENTO 2;DIRETOR DE UNIDADE P; ESTATUTARIO;5000,00;;5000,00;505,64;4494,36;
DIONIZIO DA CRUZ GOMES;SEAP-EFETIVOS;POLICIAL PENAL I;; ESTATUTARIO;4465,28;;4465,28;851,58;3613,70;
DORALICY SOARES PEREIRA;UNID.PRIS.SEMIABERTO FEM-UPSF;A.TEC-I;; ESTATUTARIO;3897,48;;3897,48;665,19;3232,29;
DORGIVAL EPIFANIO RIBEIRO JUNIOR;CASA DO ALBERGADO DE MANAUS;ASSISTENTE TECNICO 3A CLASSE;; ESTATUTARIO;3586,28;;3586,28;557,43;3028,85;
DOUGLAS PONTES DE OLIVEIRA;SEAP-COMISSIONADOS;ASSESSOR IV;ASSESSOR IV; CARGO COMISSION.S/VINCULO;3175,61;;3175,61;368,10;2807,51;
DYEGO CORREA CASTELO BRANCO;UNIDADE PRISIONAL PURAQUEQUARA;DIRETOR DE UNIDADE PRISIONAL;NAO INFORMADO; CARGO COMISSION.S/VINCULO;5229,77;;5229,77;981,03;4248,74;
EDEVALDO CASTRO SALVADOR;MUNICIPIO DE TABATINGA;ASSESSOR III;NAO INFORMADO; CARGO COMISSION.S/VINCULO;2195,80;;2195,80;179,44;2016,36;
EDILSON BARBOSA REGO;CASA DO ALBERGADO DE MANAUS;A.OPE-I;; ESTATUTARIO;3978,98;;3978,98;685,50;3293,48;
EDIVALDO SILVA DOS SANTOS FILHO;SEAP-COMISSIONADOS;CABO;SUBGERENTE; ESTATUTARIO;3000,00;;3000,00;67,98;2932,02;
EDMAR ELIAS JOSE;CASA DO ALBERGADO DE MANAUS;A.TEC-I;; ESTATUTARIO;3867,86;;3867,86;685,65;3182,21;
EDSON ANAZILDO ARAUJO FONTES;SEAP-EFETIVOS;ASSISTENTE TECNICO 3A CLASSE;GERENTE AD-2; ESTATUTARIO;3595,02;;3595,02;559,77;3035,25;
EDSON NOGUEIRA DE ARAUJO;SEAP-INTERIOR;POLICIAL PENAL I;; ESTATUTARIO;5085,00;;5085,00;991,96;4093,04;
EDUARDO TELES DOS SANTOS COSTA;SEAP-COMISSIONADOS;SOLDADO;ASSESSOR II; ESTATUTARIO;3000,00;;3000,00;95,20;2904,80;
ELANE RODRIGUES SOARES;CASA DO ALBERGADO DE MANAUS;AUX.HSP-II;; ESTATUTARIO;4678,81;;4678,81;643,95;4034,86;
ELDA PACHECO DA SILVA;SEAP-COMISSIONADOS;GERENTE;GERENTE AD-2; CARGO COMISSION.S/VINCULO;4209,79;;4209,79;640,87;3568,92;
ELIANE ANDRADE MARTINS;SEAP-COMISSIONADOS;ASSESSOR I;NAO INFORMADO; CARGO COMISSION.S/VINCULO;5229,77;;5229,77;981,03;4248,74;
ELIONEI PASSOS DE OLIVEIRA;CENTRO DE DET.PROV.FEMIN.-CDPF;DIRETOR DE UNIDADE PRISIONAL;NAO INFORMADO; CARGO COMISSION.S/VINCULO;5229,77;;5229,77;981,03;4248,74;
ELISANDRO FERREIRA DE ARAUJO;SEAP-COMISSIONADOS;GERENTE;; CARGO COMISSION.S/VINCULO;4209,79;;4209,79;640,87;3568,92;
ELISANGELA PATRICIA F PICANCO;SEAP-COMISSIONADOS;SECRETARIO DE CONSELHO;SECRETARIO DE CONSEL; CARGO COMISSION.S/VINCULO;3175,61;;3175,61;368,10;2807,51;
EPITACIO SIQUEIRA DE PAIVA;SEAP-EFETIVOS;POLICIAL PENAL II;; ESTATUTARIO;4149,45;;4149,45;759,79;3389,66;
ERICLENIO FAUSTINO DE O CASTRO;SEC.EST.ADM.PENITENCIARIA;CABO;GERENTE; ESTATUTARIO;4000,00;;4000,00;263,87;3736,13;
ERIVAN CARLOS DE SOUZA;CASA DO ALBERGADO DE MANAUS;POLICIAL PENAL II;; ESTATUTARIO;4135,95;;4135,95;757,77;3378,18;
ERNANDES PERES FERNANDES JUNIOR;SEAP-EFETIVOS;A.TEC-II;; ESTATUTARIO;3668,65;;3668,65;577,25;3091,40;
ESDRAS FABRICIO MARINHO KOIDE;MUNICIPIO DE MAUES;DIRETOR DE UNIDADE PRISIONAL;NAO INFORMADO; CARGO COMISSION.S/VINCULO;5229,77;;5229,77;981,03;4248,74;
EURICA BRAGA BAIMA;SEAP-COMISSIONADOS;GERENTE;NAO INFORMADO; CARGO COMISSION.S/VINCULO;4209,79;;4209,79;640,87;3568,92;
EVANDRO DA SILVA ARAUJO;CENTRO DE DET.PROV.FEMIN.-CDPF;ASSESSOR IV;NAO INFORMADO; CARGO COMISSION.S/VINCULO;3175,61;;3175,61;368,10;2807,51;
FABIANO FERREIRA DA SILVA;SEAP-EFETIVOS;AUX.HSP-I;; ESTATUTARIO;3546,40;;3546,40;486,35;3060,05;
FELIPE DA SILVA ABREU;COMPAJ FECHADO;SARGENTO 3;DIRETOR DE UNIDADE P; ESTATUTARIO;5000,00;;5000,00;453,50;4546,50;
FELIPHE BARROS NASCIMENTO;SEAP-COMISSIONADOS;ASSESSOR I;NAO INFORMADO; CARGO COMISSION.S/VINCULO;5229,77;;5229,77;981,03;4248,74;
FELIPPE DE LUCENA VERAS;SEAP-COMISSIONADOS;SOLDADO;GERENTE AD-2; ESTATUTARIO;4000,00;;4000,00;263,87;3736,13;
FERNANDA DE LIMA TEIXEIRA;SEAP-COMISSIONADOS;ASSESSOR I;NAO INFORMADO; CARGO COMISSION.S/VINCULO;5229,77;;5229,77;981,03;4248,74;
FERNANDA DO SOCORRO C FERNANDES;SEAP-COMISSIONADOS;SUBGERENTE;NAO INFORMADO; CARGO COMISSION.S/VINCULO;3191,80;;3191,80;372,18;2819,62;
FILIPE DA SILVA GUERREIRO;CENT.DETEN PROV.MANAUS-CDPM II;CABO;ASSESSOR III; ESTATUTARIO;3000,00;;3000,00;95,20;2904,80;
FILIPE REZK SANCHES;GABINETE DO SECRETARIO;GERENTE;GERENTE; CARGO COMISSION.S/VINCULO;4209,79;;4209,79;640,87;3568,92;
FLAVIA TEREZA MATOS RODRIGUES;SEAP-EFETIVOS;A.TEC-I;CHEF.DE SEC.PESSOAL; ESTATUTARIO;4453,10;;4453,10;789,64;3663,46;
FRANCIMARY TELES DE FRANCA GRATELI;SEAP-EFETIVOS;ASSESSOR IV;NAO INFORMADO; CARGO COMISSION.S/VINCULO;3175,61;;3175,61;368,10;2807,51;
FRANCISCA DE ASSIS LIMA MARAES;CENT.DETEN PROV.MANAUS-CDPM II;COZINHEIRO;; ESTATUTARIO;2698,31;;2698,31;360,21;2338,10;
FRANCISCO CAMURCA BEZERRA NETO;SEAP-COMISSIONADOS;CAPITAO;CHEFE DE DEPARTAMENT; ESTATUTARIO;5000,00;;5000,00;453,50;4546,50;
FRANCISCO CARLOS MARTINS LEDO;UNID.PRIS.SEMIABERTO FEM-UPSF;POLICIAL PENAL II;; ESTATUTARIO;4149,45;;4149,45;731,35;3418,10;
FRANCISCO JANIO DE AGUIAR;CASA DO ALBERGADO DE MANAUS;CENOTECNICO;CENOTECNICO; ESTATUTARIO;3577,54;;3577,54;583,52;2994,02;
FRANCISCO JORGE DE AMORIM DIAS;CASA DO ALBERGADO DE MANAUS;A.TEC-I;; ESTATUTARIO;3821,06;;3821,06;644,63;3176,43;
FRANCISCO MARQUES DE OLIVEIRA;CASA DO ALBERGADO DE MANAUS;AUX.O-I;; ESTATUTARIO;2977,31;;2977,31;410,08;2567,23;
FRANCISCO MOISES CAVALCANTE DANTAS;SEAP-COMISSIONADOS;CABO;DIRETOR ADJUNTO AD2; ESTATUTARIO;4000,00;;4000,00;188,32;3811,68;
FRANCISCO MOREIRA FILHO;SEAP-INTERIOR;A.OPE-I;; ESTATUTARIO;5894,63;;5894,63;1156,82;4737,81;
FRANCISCO RAIMUNDO VALENTE FERREIRA;CASA DO ALBERGADO DE MANAUS;MOT-I;; ESTATUTARIO;2823,90;;2823,90;429,98;2393,92;
FRANCISCO SOARES DE SOUZA FILHO;SEAP-EFETIVOS;AUX.O-I;; ESTATUTARIO;4031,07;;4031,07;562,89;3468,18;
FRANCISCO VALBERTO DA S M JUNIOR;SEAP-COMISSIONADOS;ASSESSOR III;ASSESSOR III; CARGO COMISSION.S/VINCULO;3191,80;;3191,80;372,18;2819,62;
FRANKLIN SOUZA DE OLIVEIRA;SEAP-COMISSIONADOS;SARGENTO 2;SUBGERENTE; ESTATUTARIO;3000,00;;3000,00;53,76;2946,24;
GABRIEL BARBOSA DE SANTANA;SEAP-COMISSIONADOS;SUBGERENTE;NAO INFORMADO; CARGO COMISSION.S/VINCULO;2591,80;;2591,80;255,09;2336,71;
GERALDO RICARDO PEREIRA;SEAP-EFETIVOS;MOT-I;; ESTATUTARIO;3630,10;;3630,10;495,08;3135,02;
GERUSA DE ARAUJO SILVA;UNID.PRIS.SEMIABERTO FEM-UPSF;A.TEC-II;; ESTATUTARIO;3663,89;;3663,89;630,78;3033,11;
GILBERTO NASCIMENTO RIBEIRO;SEAP-EFETIVOS;AUX.O-I;; ESTATUTARIO;2977,31;;2977,31;410,08;2567,23;
GINO EDUARDO RANCIARO;SEAP-COMISSIONADOS;DIRETOR ADJ.DE UNID.PRISIONAL AD-2;; CARGO COMISSION.S/VINCULO;4209,79;;4209,79;640,87;3568,92;
GLEICIANO DE SOUZA COSTA;MUNICIPIO DE HUMAITA;CABO;DIRETOR ADJUNTO DE U; ESTATUTARIO;3000,00;;3000,00;25,32;2974,68;
GLEUSOM GOMES STECKEL;SEAP-COMISSIONADOS;GERENTE;; CARGO COMISSION.S/VINCULO;4209,79;;4209,79;640,87;3568,92;
HALLHITON MACIEL GEBER;SEAP-COMISSIONADOS;GERENTE;NAO INFORMADO; CARGO COMISSION.S/VINCULO;4209,79;;4209,79;640,87;3568,92;
HELDER SABELI MATOS;SEAP-COMISSIONADOS;ASSESSOR II;NAO INFORMADO; CARGO COMISSION.S/VINCULO;4209,79;;4209,79;640,87;3568,92;
HELIO MUNIZ VIEIRA;SEAP-COMISSIONADOS;ASSESSOR II;NAO INFORMADO; CARGO COMISSION.S/VINCULO;4209,79;;4209,79;640,87;3568,92;
HELIOMIRO THOME DE SOUZA;CASA DO ALBERGADO DE MANAUS;POLICIAL PENAL I;; ESTATUTARIO;5098,50;;5098,50;995,00;4103,50;
HERBERT DE ALMEIDA TELES;SEAP-EFETIVOS;ASSISTENTE TECNICO 2A CLASSE;; ESTATUTARIO;3586,28;;3586,28;507,55;3078,73;
HERMES ALBERTO UGARTE JUNIOR;SEAP-EFETIVOS;POLICIAL PENAL II;; ESTATUTARIO;5514,60;;5514,60;1066,95;4447,65;
HEVERSON BARROS DO NASCIMENTO;SEAP-COMISSIONADOS;ASSESSOR I;NAO INFORMADO; CARGO COMISSION.S/VINCULO;5229,77;;5229,77;981,03;4248,74;
HIGSON OLIVEIRA LIMA;SEAP-COMISSIONADOS;ASSESSOR III;NAO INFORMADO; CARGO COMISSION.S/VINCULO;3191,80;;3191,80;372,18;2819,62;
HUGO ALBERTO DE OLIVEIRA QUEIROZ;SEAP-COMISSIONADOS;ASSESSOR II;NAO INFORMADO; CARGO COMISSION.S/VINCULO;4209,79;;4209,79;640,87;3568,92;
INGRID SALES DA COSTA;SEAP-COMISSIONADOS;ASSESSOR II;NAO INFORMADO; CARGO COMISSION.S/VINCULO;3209,79;;3209,79;376,71;2833,08;
IONE TEIXEIRA FILGUEIRAS;UNID.PRIS.SEMIABERTO FEM-UPSF;DIRETOR ADJUNTO DE UNID.PRISIONAL;NAO INFORMADO; CARGO COMISSION.S/VINCULO;4209,79;;4209,79;640,87;3568,92;
IRNE DE SOUZA DUTRA;UNID.PRIS.SEMIABERTO FEM-UPSF;POLICIAL PENAL I;; ESTATUTARIO;6558,96;;6558,96;1386,21;5172,75;
ITELVINA RIBEIRO BARREIROS;COMPAJ SEMI ABERTO;AUX.HSP-II;; ESTATUTARIO;3509,11;;3509,11;414,21;3094,90;
IURI BRUCO DE MELO;HOSP.DE CUST.TRAT.PSIQUIATRICO;POLICIAL PENAL II;GERENTE AD 2; ESTATUTARIO;4149,45;;4149,45;759,79;3389,66;
IVAN DA SILVA CORREA;SEAP-COMISSIONADOS;GERENTE;NAO INFORMADO; CARGO COMISSION.S/VINCULO;4209,79;;4209,79;640,87;3568,92;
IVAN LOPES DE SOUZA;UNID.PRIS.SEMIABERTO FEM-UPSF;A.TEC-I;; ESTATUTARIO;4476,57;;4476,57;725,69;3750,88;
JAIME MOURAO DE CARVALHO;COMPAJ SEMI ABERTO;AUX.S.G-I;; ESTATUTARIO;3586,06;;3586,06;458,57;3127,49;
JANIELY LOYANA CORREIA DE MENEZES;SEAP-COMISSIONADOS;ASSESSOR II;NAO INFORMADO; CARGO COMISSION.S/VINCULO;3209,79;;3209,79;376,71;2833,08;
JEAN CARLO SILVA DE OLIVEIRA;CASA DO ALBERGADO DE MANAUS;DIRETOR DE UNIDADE PRISIONAL AD-1;; CARGO COMISSION.S/VINCULO;5229,77;;5229,77;981,03;4248,74;
JOÃO VICTOR DE SOUZA MARTINS SANTOS;SEAP-COMISSIONADOS;SUBGERENTE;NAO INFORMADO; CARGO COMISSION.S/VINCULO;3191,80;;3191,80;372,18;2819,62;
JOAN CANDIDO MATOS;CENT.DE DETEN.PROV.MANAUS-CDPM;SARGENTO 2;ASSESSOR II; ESTATUTARIO;4000,00;;4000,00;221,21;3778,79;
JOAO BOSCO DAS CHAGAS PAULAIN;MUNICIPIO DE PARINTINS;POLICIAL PENAL I;AG. PENITENCIARIO; ESTATUTARIO;4364,43;;4364,43;819,41;3545,02;
JOAO BRITO DE SOUZA;SEAP-EFETIVOS;A.TEC-II;; ESTATUTARIO;3655,15;;3655,15;600,00;3055,15;
JOAO CARLOS DE ALMEIDA RAMOS;COMPAJ SEMI ABERTO;SUBGERENTE;NAO INFORMADO; CARGO COMISSION.S/VINCULO;3191,80;;3191,80;372,18;2819,62;
JOAO GABRIEL MESQUITA DE MENEZES;SEAP-COMISSIONADOS;SUBGERENTE;SUBGERENTE; CARGO COMISSION.S/VINCULO;2591,80;;2591,80;255,09;2336,71;
JOAO KENNEDY PEREIRA BARBOSA;SEAP-EFETIVOS;MOT-I;; ESTATUTARIO;3828,64;;3828,64;552,26;3276,38;
JOAO PAULINO DOS SANTOS;SEAP-COMISSIONADOS;ASSESSOR III;NAO INFORMADO; CARGO COMISSION.S/VINCULO;3191,80;;3191,80;372,18;2819,62;
JOAO PEDRO LUERSEN LOBO;SEAP-COMISSIONADOS;GERENTE;NAO INFORMADO; CARGO COMISSION.S/VINCULO;4209,79;;4209,79;640,87;3568,92;
JOAO PEDRO TAVARES GATO;COMPAJ SEMI ABERTO;MOT-II;; ESTATUTARIO;5003,88;;5003,88;773,78;4230,10;
JONAS NASCIMENTO DA SILVA;SEAP-COMISSIONADOS;SARGENTO 3;ASSESSOR III AD-3; ESTATUTARIO;3000,00;;3000,00;67,98;2932,02;
JONAS PEREIRA NUNES;CASA DO ALBERGADO DE MANAUS;ASSISTENTE TECNICO GOVERNAMENTAL;; ESTATUTARIO;3577,54;;3577,54;583,52;2994,02;
JONATHAN RODRIGUES GUIMARAES;SEAP-COMISSIONADOS;SUBGERENTE;NAO INFORMADO; CARGO COMISSION.S/VINCULO;2591,80;;2591,80;220,01;2371,79;
JORGE ALBERTO DA SILVA;CASA DO ALBERGADO DE MANAUS;A.TEC-I;; ESTATUTARIO;4463,07;;4463,07;792,84;3670,23;
JOSE BALDUINO DOS SANTOS PEREIRA;HOSP.DE CUST.TRAT.PSIQUIATRICO;A.TEC-I;; ESTATUTARIO;3919,73;;3919,73;698,00;3221,73;
JOSE EMERSON PIRES BINDA;SEAP-COMISSIONADOS;ASSESSOR IV;NAO INFORMADO; CARGO COMISSION.S/VINCULO;2575,61;;2575,61;218,07;2357,54;
JOSE FRANCISCO CATIVO REGIS;CASA DO ALBERGADO DE MANAUS;POLICIAL PENAL II;; ESTATUTARIO;4135,95;;4135,95;729,33;3406,62;
JOSE GAMA DE ALBUQUERQUE;SEAP-EFETIVOS;TNS-I;; ESTATUTARIO;6936,77;;6936,77;1654,67;5282,10;
JOSE HENRIQUE DA CRUZ GLORIA;HOSP.DE CUST.TRAT.PSIQUIATRICO;AUX.HSP-I;; ESTATUTARIO;2986,06;;2986,06;430,06;2556,00;
JOSE LAZARO BEZERRA CAMPELO;COMPAJ SEMI ABERTO;DIRETOR DE UNIDADE PRISIONAL AD-1;DIR. UNID.PRIS. AD-1; CARGO COMISSION.S/VINCULO;6973,03;;6973,03;1637,21;5335,82;
JOSE LUIS DA SILVA OLIVEIRA;CASA DO ALBERGADO DE MANAUS;A.TEC-I;; ESTATUTARIO;3746,08;;3746,08;652,89;3093,19;
JOSE MILTON DE ANDRADE TORRES;SEAP-COMISSIONADOS;SOLDADO;SUBGERENTE AD-3; ESTATUTARIO;3000,00;;3000,00;95,20;2904,80;
JOSE PEDRO BARBOSA DOS SANTOS;SEAP-INTERIOR;POLICIAL PENAL I;; ESTATUTARIO;4451,78;;4451,78;848,54;3603,24;
JOSE RAIMUNDO CATIVO REGIS;COMPAJ SEMI ABERTO;MOT-II;; ESTATUTARIO;2756,91;;2756,91;388,76;2368,15;
JOSE RIBAMAR MAIA BEZERRA;CASA DO ALBERGADO DE MANAUS;A.TEC-I;; ESTATUTARIO;4540,59;;4540,59;817,66;3722,93;
JOSE RIBAMAR MARTE DE MELO;SEAP-EFETIVOS;ARTIFICE;; ESTATUTARIO;2879,29;;2879,29;360,17;2519,12;
JOSE SIQUEIRA DE LIMA;CASA DO ALBERGADO DE MANAUS;POLICIAL PENAL II;; ESTATUTARIO;4135,95;;4135,95;757,77;3378,18;
JOSE TADEU DE NAZARE REBELO;UNID.PRIS.SEMIABERTO FEM-UPSF;A.TEC-I;; ESTATUTARIO;4476,57;;4476,57;795,88;3680,69;
JOSE WILLIAM GUIMARAES DE S JUNIOR;SEAP-COMISSIONADOS;ASSESSOR TECNICO;NAO INFORMADO; CARGO COMISSION.S/VINCULO;7000,00;;7000,00;1647,36;5352,64;
JOSELICE CAVALCANTE CARDOSO;SEAP-COMISSIONADOS;SUBGERENTE;SUBGERENTE AD-3; CARGO COMISSION.S/VINCULO;3191,80;;3191,80;372,18;2819,62;
JOSENIR DA SILVA ARAUJO;SEAP-EFETIVOS;A.OPE-I;; ESTATUTARIO;3897,48;;3897,48;597,36;3300,12;
JOSSE DOS SANTOS NASCIMENTO;SEAP-COMISSIONADOS;ASSESSOR I;NAO INFORMADO; CARGO COMISSION.S/VINCULO;5229,77;;5229,77;981,03;4248,74;
JOVINIANO DA SILVEIRA CUNHA;UNID.PRIS.SEMIABERTO FEM-UPSF;POLICIAL PENAL II;; ESTATUTARIO;4149,45;;4149,45;759,79;3389,66;
JOYCIMIRLA DA CUNHA FREITAS;SEAP-COMISSIONADOS;SUBGERENTE;NAO INFORMADO; CARGO COMISSION.S/VINCULO;3191,80;;3191,80;372,18;2819,62;
JULIANA BERTUCCELLI DA SILVA MOURA;SEAP-COMISSIONADOS;SUBGERENTE;; CARGO COMISSION.S/VINCULO;3191,80;;3191,80;372,18;2819,62;
JULIANA COSTA NASCIMENTO ALMEIDA;CASA DO ALBERGADO DE MANAUS;GERENTE;NAO INFORMADO; CARGO COMISSION.S/VINCULO;3209,79;;3209,79;376,71;2833,08;
JULIO CEZAR DA SILVA FERNANDES;SEAP-INTERIOR;POLICIAL PENAL II;; ESTATUTARIO;4135,95;;4135,95;757,77;3378,18;
KAL EL BESSA NASCIMENTO SALEM;SEAP-COMISSIONADOS;ASSESSOR II;NAO INFORMADO; CARGO COMISSION.S/VINCULO;4209,79;;4209,79;640,87;3568,92;
KARLA MARIA MARTINS LEDO;SEAP-INTERIOR;POLICIAL PENAL I;; ESTATUTARIO;5075,03;;5075,03;988,77;4086,26;
KEILA AMORIM DA GRACA;SEAP-EFETIVOS;AUX.S.G-II;; ESTATUTARIO;2916,15;;2916,15;384,26;2531,89;
KEYLA MARIA PINHEIRO PRADO;SEAP-COMISSIONADOS;CHEFE DE DEPARTAMENTO;NAO INFORMADO; CARGO COMISSION.S/VINCULO;5229,77;;5229,77;981,03;4248,74;
KLINGER SILVA DOS SANTOS;SEAP-COMISSIONADOS;CABO;ASSESSOR IV; ESTATUTARIO;3000,00;;3000,00;67,98;2932,02;
LAERCIO ESTUMANO DA SILVA;SEAP-COMISSIONADOS;SUB-TENENTE;ASSESSOR I; ESTATUTARIO;5000,00;;5000,00;453,50;4546,50;
LARISSA CARVALHO DE SOUZA;SEAP-COMISSIONADOS;ASSESSOR II;NAO INFORMADO; CARGO COMISSION.S/VINCULO;4209,79;;4209,79;640,87;3568,92;
LARRANA KALIANDRA NAPOLEAO DA COSTA;SEAP-COMISSIONADOS;ASSESSOR II;NAO INFORMADO; CARGO COMISSION.S/VINCULO;4209,79;;4209,79;640,87;3568,92;
LEANDRO CASTRO PEREIRA;SEAP-COMISSIONADOS;CABO;ASSESSOR III AD-3; ESTATUTARIO;3000,00;;3000,00;95,20;2904,80;
LEANDRO RODRIGUES DAS MERCES;CENT.DE DETEN.PROV.MANAUS-CDPM;CABO;ASSESSOR III; ESTATUTARIO;3000,00;;3000,00;67,98;2932,02;
LEANDRO SOUZA DE LIMA;SEAP-COMISSIONADOS;ASSESSOR II;NAO INFORMADO; CARGO COMISSION.S/VINCULO;4209,79;;4209,79;640,87;3568,92;
LECI DE SOUZA OLIVEIRA;SEAP-COMISSIONADOS;SARGENTO 2;ASSESSOR II; ESTATUTARIO;4000,00;;4000,00;221,21;3778,79;
LEONILDO BELEM DOS SANTOS;SEAP-INTERIOR;AG.PEN-I;; ESTATUTARIO;3710,34;;3710,34;414,91;3295,43;
LIDIANE DE ALMEIDA ALVES;SEAP-COMISSIONADOS;GERENTE;GERENTE; CARGO COMISSION.S/VINCULO;4209,79;;4209,79;640,87;3568,92;
LILIAN REJANE NEGREIROS GUIMARAES;SEAP-COMISSIONADOS;ASSESSOR II;; CARGO COMISSION.S/VINCULO;4209,79;;4209,79;640,87;3568,92;
LINCON BATISTA DE OLIVEIRA;MUNICIPIO DE PARINTINS;SUBGERENTE;SUBGERENTE; CARGO COMISSION.S/VINCULO;2591,80;;2591,80;255,09;2336,71;
LINDALVA MARTINS MOREIRA TRINDADE M;SEAP-EFETIVOS;TNS-I;; ESTATUTARIO;9625,25;;9625,25;2440,68;7184,57;
LOURIVAL DA SILVA SOUZA;UNID.PRIS.SEMIABERTO FEM-UPSF;A.TEC-I;; ESTATUTARIO;4554,09;;4554,09;820,70;3733,39;
LUAN VIEIRA DA CUNHA;SEAP-COMISSIONADOS;ASSESSOR II;NAO INFORMADO; CARGO COMISSION.S/VINCULO;4209,79;;4209,79;640,87;3568,92;
LUCIANE COSTA DA SILVA;SEAP-COMISSIONADOS;GERENTE;NAO INFORMADO; CARGO COMISSION.S/VINCULO;4209,79;;4209,79;640,87;3568,92;
LUCIO DE HOLANDA BRAGA CAMPELO;COMPAJ SEMI ABERTO;TOPOGRAFO 3A CLASSE;; ESTATUTARIO;3663,02;;3663,02;606,50;3056,52;
LUIS ALBERTO SILVA DE MEDEIROS;SEAP-EFETIVOS;ASSISTENTE TECNICO A;; ESTATUTARIO;3577,54;;3577,54;583,52;2994,02;
LUIS ANAZILDO NASCIMENTO LIMA;SEAP-EFETIVOS;A.TEC-I;; ESTATUTARIO;3897,48;;3897,48;665,19;3232,29;
LUIS GONZAGA MONTEIRO RODRIGUES;CASA DO ALBERGADO DE MANAUS;POLICIAL PENAL I;; ESTATUTARIO;4465,28;;4465,28;816,32;3648,96;
LUIZ CARLOS BEZERRA DE OLIVEIRA;COMPAJ SEMI ABERTO;AUX.S.G-I;; ESTATUTARIO;3963,53;;3963,53;545,71;3417,82;
LUIZ CARLOS CARVALHO MATELINS;COMPAJ SEMI ABERTO;AG.PEN-II;; ESTATUTARIO;4135,95;;4135,95;729,33;3406,62;
LUIZ NAZARENO MIRANDA CHAVES;SEAP-COMISSIONADOS;GERENTE;NAO INFORMADO; CARGO COMISSION.S/VINCULO;4209,79;;4209,79;640,87;3568,92;
MAGNO RAPOSO LARANJEIRA;CENT.DE DETEN.PROV.MANAUS-CDPM;CABO;DIRETOR DE UNIDADE P; ESTATUTARIO;5000,00;;5000,00;505,64;4494,36;
MAIKO SANTOS SOUZA;SEAP-COMISSIONADOS;DIRETOR ADJUNTO DE UNID.PRISIONAL;NAO INFORMADO; CARGO COMISSION.S/VINCULO;3209,79;;3209,79;2841,39;368,40;
MAIKO SANTOS SOUZA;SEAP-COMISSIONADOS;ASSESSOR III;; CARGO COMISSION.S/VINCULO;1684,56;;1684,56;;1684,56;
MANOEL COELHO SA;MUNICIPIO DE TABATINGA;ASSESSOR III;ASSESSOR III AD-3; CARGO COMISSION.S/VINCULO;2195,80;;2195,80;179,44;2016,36;
MANOEL LIMA DOS SANTOS FILHO;MUNICIPIO DE TEFE;SARGENTO 3;DIRETOR ADJUNTO DE U; ESTATUTARIO;3000,00;;3000,00;95,20;2904,80;
MANOEL LOPES DE VASCONCELOS FILHO;UNID.PRIS.SEMIABERTO FEM-UPSF;A.TEC-I;; ESTATUTARIO;3910,98;;3910,98;695,65;3215,33;
MANOEL TAVARES DOS SANTOS;SEAP-EFETIVOS;POLICIAL PENAL I;; ESTATUTARIO;4474,03;;4474,03;854,49;3619,54;
MARCELO ANDRE DE FREITAS BICHARRA;SEAP-COMISSIONADOS;SARGENTO 1;ASSESSOR II; ESTATUTARIO;4000,00;;4000,00;263,87;3736,13;
MARCIA MARTINS SOARES;SEAP-EFETIVOS;POLICIAL PENAL I;; ESTATUTARIO;5075,03;;5075,03;988,77;4086,26;
MARCILEIDE SILVA DE MELO;SEAP-COMISSIONADOS;ASSESSOR II;ASSESSOR II; CARGO COMISSION.S/VINCULO;4209,79;;4209,79;640,87;3568,92;
MARCILENE DUTRA SINIMBU;SEAP-EFETIVOS;AUXILIAR ADMINISTRATIVO;AUX. ADMINISTRATIVO; ESTATUTARIO;3461,81;;3461,81;440,68;3021,13;
MARCILENE MORAES SILVA;SEAP-COMISSIONADOS;CAPITAO;CHEFE DE GABINETE; ESTATUTARIO;5000,00;;5000,00;505,64;4494,36;
MARCIO ANDRE ARAUJO PINHO;SEAP-COMISSIONADOS;SARGENTO 3;DIR. UNID. PRIS.AD-1; ESTATUTARIO;5000,00;;5000,00;453,50;4546,50;
MARCIO CALDAS DA SILVA;COMPAJ FECHADO;CABO;DIRETOR ADJUNTO DE U; ESTATUTARIO;4000,00;;4000,00;221,21;3778,79;
MARCIO ROBERTO PEREIRA MENDES;SEAP-COMISSIONADOS;SARGENTO 3;ASSESSOR III; ESTATUTARIO;4000,00;;4000,00;221,21;3778,79;
MARCO ANTONIO FROES LIMA;SEAP-COMISSIONADOS;SUBGERENTE;; CARGO COMISSION.S/VINCULO;3457,78;;3457,78;;3457,78;
MARCOS ANTONIO ASSUNCAO LIMA;CASA DO ALBERGADO DE MANAUS;POLICIAL PENAL II;; ESTATUTARIO;5539,75;;5539,75;1074,76;4464,99;
MARCOS GARCIA DE MORAES;COMPAJ SEMI ABERTO;ASSISTENTE TECNICO GOVERNAMENTAL;; ESTATUTARIO;3591,04;;3591,04;557,10;3033,94;
MARCOS JORGE DE OLIVEIRA E SILVA;HOSP.DE CUST.TRAT.PSIQUIATRICO;AUX.O-I;DIRETOR DE UNIDADE P; ESTATUTARIO;7720,39;;7720,39;1513,99;6206,40;
MARCOS PAULO GUEDES PINTO;SEAP-COMISSIONADOS;ASSESSOR II;NAO INFORMADO; CARGO COMISSION.S/VINCULO;4209,79;;4209,79;640,87;3568,92;
MARCOS ROGERIO DA SILVA;COMPAJ SEMI ABERTO;POLICIAL PENAL II;GERENTE AD-2; ESTATUTARIO;4149,45;;4149,45;702,92;3446,53;
MARCOS VINICIUS THOMAZ;SEAP-COMISSIONADOS;ASSESSOR I;NAO INFORMADO; CARGO COMISSION.S/VINCULO;5229,77;;5229,77;981,03;4248,74;
MARCUS DE ARAUJO COSTA;CASA DO ALBERGADO DE MANAUS;A.TEC-I;; ESTATUTARIO;3910,98;;3910,98;695,65;3215,33;
MARCUS MARCELO DE PAIVA PRADO;SEAP-COMISSIONADOS;ASSESSOR I;NAO INFORMADO; CARGO COMISSION.S/VINCULO;5229,77;;5229,77;981,03;4248,74;
MARDENSON GOMES RIBEIRO;SEAP-COMISSIONADOS;SARGENTO 3;ASSESSOR IV; ESTATUTARIO;3000,00;;3000,00;39,54;2960,46;
MARIA DAS GRACAS MENDONCA FERREIRA;UNID.PRIS.SEMIABERTO FEM-UPSF;POLICIAL PENAL I;; ESTATUTARIO;5085,00;;5085,00;991,96;4093,04;
MARIA DE FATIMA CRUZ GONCALVES;SEAP-EFETIVOS;A.TEC-I;; ESTATUTARIO;3968,69;;3968,69;712,78;3255,91;
MARIA DE LOURDES FERREIRA;UNID.PRIS.SEMIABERTO FEM-UPSF;A.TEC-I;; ESTATUTARIO;3906,23;;3906,23;695,97;3210,26;
MARIA DO PERPETUO SOCORRO S UCHOA;SEAP-EFETIVOS;A.OPE-I;; ESTATUTARIO;3897,48;;3897,48;693,62;3203,86;
MARIA ELZA DA SILVA RAPOZO;UNID.PRIS.SEMIABERTO FEM-UPSF;A.TEC-I;; ESTATUTARIO;5127,13;;5127,13;1005,45;4121,68;
MARIA FERNANDA DANTAS DE SOUSA;SEAP-EFETIVOS;ASSISTENTE TECNICO GOVERNAMENTAL;; ESTATUTARIO;4080,01;;4080,01;662,01;3418,00;
MARIA LUCIA MATIAS SOUZA;SEAP-EFETIVOS;A.TEC-I;; ESTATUTARIO;4441,67;;4441,67;785,99;3655,68;
MARIA RAIMUNDA JANUARIO DE SOUZA;MUNICIPIO DE ITACOATIARA;ASSESSOR III;ASSESSOR III AD-3; CARGO COMISSION.S/VINCULO;3191,80;;3191,80;372,18;2819,62;
MARIANA CUNHA DA SILVA;CENT.DE DETEN.PROV.MANAUS-CDPM;ASSESSOR IV;NAO INFORMADO; CARGO COMISSION.S/VINCULO;3175,61;;3175,61;368,10;2807,51;
MARILANDIA MARIA ENES R HATTORI;SEAP-COMISSIONADOS;ASSESSOR I;NAO INFORMADO; CARGO COMISSION.S/VINCULO;5229,77;;5229,77;981,03;4248,74;
MARILU MONTENEGRO PEIXOTO;SEAP-COMISSIONADOS;GERENTE;GERENTE AD-2; CARGO COMISSION.S/VINCULO;4209,79;;4209,79;640,87;3568,92;
MARINETE DA COSTA SUBIRANA;CASA DO ALBERGADO DE MANAUS;POLICIAL PENAL I;; ESTATUTARIO;5143,06;;5143,06;967,89;4175,17;
MARIO SERGIO DA SILVA CARDOSO;COMPAJ FECHADO;ASSESSOR III;NAO INFORMADO; CARGO COMISSION.S/VINCULO;3191,80;;3191,80;372,18;2819,62;
MARIVALDO GOMES DOS SANTOS;SEAP-EFETIVOS;MOT-I;; ESTATUTARIO;5509,23;;5509,23;701,75;4807,48;
MARLI SOUZA DA SILVA;SEAP-EFETIVOS;A.TEC-I;CHF S APOIO TRABALHO; ESTATUTARIO;4494,32;;4494,32;802,84;3691,48;
MATHEUS OLIVEIRA DA SILVA ROCHA;SEAP-COMISSIONADOS;DIRETOR DE UNIDADE PRISIONAL;NAO INFORMADO; CARGO COMISSION.S/VINCULO;5229,77;;5229,77;981,03;4248,74;
MAURICIO DA SILVA CARNEIRO;CASA DO ALBERGADO DE MANAUS;POLICIAL PENAL I;; ESTATUTARIO;4460,53;;4460,53;851,45;3609,08;
MAYARA RODRIGUES CUNHA MOREIRA;SEAP-COMISSIONADOS;CHEFE DE DEPARTAMENTO;NAO INFORMADO; CARGO COMISSION.S/VINCULO;5229,77;;5229,77;981,03;4248,74;
MAYRA SANTOS DOS SANTOS;SEAP-COMISSIONADOS;ASSESSOR IV;NAO INFORMADO; CARGO COMISSION.S/VINCULO;3175,61;;3175,61;368,10;2807,51;
MESSIAS GARCIA CORDEIRO;CASA DO ALBERGADO DE MANAUS;A.TEC-I;; ESTATUTARIO;3897,48;;3897,48;693,62;3203,86;
MICAEL ASSUNCAO LIMA;SEAP-COMISSIONADOS;SARGENTO 3;DIRETOR ADJUNTO DE U; ESTATUTARIO;4000,00;;4000,00;159,88;3840,12;
MICHELLE SOARES DOS SANTOS;SEAP-COMISSIONADOS;GERENTE;NAO INFORMADO; CARGO COMISSION.S/VINCULO;4209,79;;4209,79;640,87;3568,92;
MIGUEL AUGUSTO GOMES ANDRADE;SEAP-EFETIVOS;A.TEC-I;; ESTATUTARIO;4476,57;;4476,57;795,88;3680,69;
MONICA ALVES DA SILVA MACEDO;SEAP-COMISSIONADOS;GERENTE;NAO INFORMADO; CARGO COMISSION.S/VINCULO;4209,79;;4209,79;640,87;3568,92;
NAASSON SERRAO DA COSTA;UNID.PRIS.SEMIABERTO FEM-UPSF;POLICIAL PENAL II;; ESTATUTARIO;4149,45;;4149,45;759,79;3389,66;
NATALIA CRUZ NEPONUCENA;SEAP-COMISSIONADOS;ASSESSOR II;NAO INFORMADO; CARGO COMISSION.S/VINCULO;4209,79;;4209,79;640,87;3568,92;
NEILY DUARTE BURGOS;SEAP-COMISSIONADOS;GERENTE;GERENTE AD-2; CARGO COMISSION.S/VINCULO;5613,05;;5613,05;1125,18;4487,87;
NELVANIZE NASCIMENTO DA SILVEIRA;SEAP-EFETIVOS;ASSISTENTE TECNICO 3A CLASSE;; ESTATUTARIO;3586,28;;3586,28;521,77;3064,51;
NILMAR DE OLIVEIRA SANTOS;COMPAJ SEMI ABERTO;AUX.S.G-I;; ESTATUTARIO;4794,91;;4794,91;719,81;4075,10;
NILZA DA COSTA LIMA;SEAP-EFETIVOS;AUX.S.G-I;AUX SERV GERAIS; ESTATUTARIO;3943,59;;3943,59;540,64;3402,95;
OBERDAN BARROS BATISTA;CASA DO ALBERGADO DE MANAUS;POLICIAL PENAL II;; ESTATUTARIO;4177,30;;4177,30;768,89;3408,41;
OCLEODO DOS SANTOS TORRES;SEAP-COMISSIONADOS;ASSESSOR IV;NAO INFORMADO; CARGO COMISSION.S/VINCULO;3175,61;;3175,61;368,10;2807,51;
ODILON DE ALBUQUERQUE MAMEDE;UNIDADE PRISIONAL PURAQUEQUARA;CABO;DIRETOR ADJUNTO DE U; ESTATUTARIO;4000,00;;4000,00;221,21;3778,79;
ODILSON SERGIO DA SILVA AQUINO;CASA DO ALBERGADO DE MANAUS;A.TEC-II;; ESTATUTARIO;3668,65;;3668,65;545,47;3123,18;
ORDEMIRO BARBOSA MARINHO;CASA DO ALBERGADO DE MANAUS;POLICIAL PENAL I;; ESTATUTARIO;5098,50;;5098,50;995,00;4103,50;
OSCAR LEAO RUBIM;SEAP-EFETIVOS;A.TEC-I;; ESTATUTARIO;3859,11;;3859,11;683,30;3175,81;
OSIEL FIRMINO DE SOUZA;SEAP-EFETIVOS;POLICIAL PENAL I;; ESTATUTARIO;4416,68;;4416,68;836,84;3579,84;
OSTAFO CAMPOS MONTEIRO;SEAP-EFETIVOS;A.TEC-I;; ESTATUTARIO;4466,60;;4466,60;723,15;3743,45;
OSVALDO DE FREITAS ELOI NETO;MUNICIPIO DE COARI;SARGENTO 3;DIRETOR DE UNIDADE P; ESTATUTARIO;5000,00;;5000,00;453,50;4546,50;
PATRESE RICH PROCÓPIO DE ARRUDA;SEAP-COMISSIONADOS;ASSESSOR II;NAO INFORMADO; CARGO COMISSION.S/VINCULO;5613,05;;5613,05;1125,18;4487,87;
PATRICIA ANDRADE LIMA;SEAP-COMISSIONADOS;SARGENTO 3;GERENTE; ESTATUTARIO;5333,33;;5333,33;545,17;4788,16;
PATRICK LIMA DE OLIVEIRA;SEAP-COMISSIONADOS;GERENTE;NAO INFORMADO; CARGO COMISSION.S/VINCULO;4209,79;;4209,79;640,87;3568,92;
PAULA BEATRIZ NOGUEIRA DA SILVA;SEAP-COMISSIONADOS;ASSESSOR III;NAO INFORMADO; CARGO COMISSION.S/VINCULO;2195,80;;2195,80;179,44;2016,36;
PAULA FERNANDA COSTA DE CASTRO;CENTRO DE DET.PROV.FEMIN.-CDPF;SUBGERENTE;NAO INFORMADO; CARGO COMISSION.S/VINCULO;3191,80;;3191,80;372,18;2819,62;
PAULO CESAR GOMES DE O JUNIOR;SEAP-COMISSIONADOS;TENENTE CORONEL;SECRETARIO DE ESTADO; ESTATUTARIO;24057,54;8849,93;15207,61;3208,46;11999,15;
PAULO ELVIS DA COSTA SOARES;SEAP-EFETIVOS;A.TEC-I;; ESTATUTARIO;3880,00;;3880,00;602,79;3277,21;
PAULO JEFFERSON CATUNDA;CASA DO ALBERGADO DE MANAUS;A.TEC-I;; ESTATUTARIO;3924,69;;3924,69;700,94;3223,75;
PAULO JORGE DE SOUZA CASTRO;MUNICIPIO DE ITACOATIARA;DIRETOR ADJUNTO DE UNID.PRISIONAL;NAO INFORMADO; CARGO COMISSION.S/VINCULO;4209,79;;4209,79;640,87;3568,92;
PAULO ONEY SANTOS CAVALCANTE;MUNICIPIO DE TEFE;SARGENTO 3;DIRETOR DE UNIDADE P; ESTATUTARIO;5000,00;;5000,00;505,64;4494,36;
PAULO ROBERTO JENNINGS;CASA DO ALBERGADO DE MANAUS;A.TEC-I;; ESTATUTARIO;4476,57;;4476,57;795,88;3680,69;
PAULO ROBERTO PINTO DE VASCONCELOS;CASA DO ALBERGADO DE MANAUS;POLICIAL PENAL I;; ESTATUTARIO;4474,03;;4474,03;738,52;3735,51;
PAULO SERGIO CORDEIRO OLIVEIRA;SEAP-COMISSIONADOS;ASSESSOR III;NAO INFORMADO; CARGO COMISSION.S/VINCULO;3191,80;;3191,80;372,18;2819,62;
PAULO WILLCON BARRETO CRISPIM;SEAP-COMISSIONADOS;MAJOR;ASSESSOR I; ESTATUTARIO;5000,00;;5000,00;453,50;4546,50;
PEDRO COSTA DA CUNHA;COMPAJ SEMI ABERTO;AUX.O-I;; ESTATUTARIO;3590,81;;3590,81;458,24;3132,57;
PEDRO HELCIO CASTILHO COELHO;MUNICIPIO DE MAUES;ASSESSOR III;; CARGO COMISSION.S/VINCULO;2195,80;;2195,80;179,44;2016,36;
POLYANNA DE ANDRADE ANDRADE;SEAP-COMISSIONADOS;ASSESSOR II;ASSESSOR II; CARGO COMISSION.S/VINCULO;4209,79;;4209,79;640,87;3568,92;
POTIGUARA MATIAS DOS SANTOS;UNIDADE PRISIONAL PURAQUEQUARA;ASSESSOR III;NAO INFORMADO; CARGO COMISSION.S/VINCULO;3191,80;;3191,80;372,18;2819,62;
RAIMUNDA FRANCISCA CARVALHO SOUZA;SEAP-EFETIVOS;A.TEC-I;; ESTATUTARIO;3902,40;;3902,40;666,51;3235,89;
RAIMUNDA MARQUES SAMPAIO;SEAP-EFETIVOS;ASSISTENTE TECNICO GOVERNAMENTAL;; ESTATUTARIO;3595,02;;3595,02;588,21;3006,81;
RAIMUNDO ANTONIO MOTA MESQUITA;SEAP-INTERIOR;POLICIAL PENAL I;; ESTATUTARIO;4451,78;;4451,78;848,54;3603,24;
RAIMUNDO AROLDO LUCAS DE MACEDA;SEAP-COMISSIONADOS;CABO;DIRETOR DE UNIDADE P; ESTATUTARIO;5000,00;;5000,00;453,50;4546,50;
RAIMUNDO DOS SANTOS;SEAP-COMISSIONADOS;SOLDADO;SUBGERENTE; ESTATUTARIO;3000,00;;3000,00;67,98;2932,02;
RAIMUNDO FREITAS DE MORAES;CENT.DETEN PROV.MANAUS-CDPM II;A.TEC-I;DIGITADOR; ESTATUTARIO;3959,86;;3959,86;702,98;3256,88;
RAIMUNDO GONZAGA DA SILVA GOMES;SEAP-INTERIOR;POLICIAL PENAL I;; ESTATUTARIO;5947,37;;5947,37;1218,91;4728,46;
RAIMUNDO MAYCON MORAES DE SOUZA;MUNICIPIO DE PARINTINS;DIRETOR ADJUNTO DE UNID.PRISIONAL;NAO INFORMADO; CARGO COMISSION.S/VINCULO;3209,79;;3209,79;376,71;2833,08;
RAIMUNDO NONATO DIMAS;SEAP-INTERIOR;AGENTE PENITENCIARIO 3A CLASSE;; ESTATUTARIO;3931,44;;3931,44;702,76;3228,68;
RAIMUNDO NONATO DOS SANTOS MELLO;SEAP-EFETIVOS;AUX.HSP-I;; ESTATUTARIO;3555,14;;3555,14;488,70;3066,44;
RAIMUNDO NONATO NASCIMENTO TAVARES;SEAP-INTERIOR;AUX.S.G-I;; ESTATUTARIO;3594,80;;3594,80;489,36;3105,44;
RAIMUNDO SOARES NOGUEIRA;COMPAJ SEMI ABERTO;AUX.O-I;; ESTATUTARIO;3553,72;;3553,72;445,71;3108,01;
RALPH PERES TINOCO;CENTRO DE DET.PROV.FEMIN.-CDPF;CABO;ASSESSOR III; ESTATUTARIO;3000,00;;3000,00;53,76;2946,24;
RAMON ALVES DA SILVA;SEAP-COMISSIONADOS;SUBGERENTE;SUBGERENTE; CARGO COMISSION.S/VINCULO;3191,80;;3191,80;372,18;2819,62;
RAQUEL AUGUSTA LIMA COSTA;MUNICIPIO DE COARI;ASSESSOR III;ASSESSOR III; CARGO COMISSION.S/VINCULO;2195,80;;2195,80;179,44;2016,36;
RAYSSA FERNANDA DE SOUZA GADELHA;SEAP-COMISSIONADOS;ASSESSOR II;NAO INFORMADO; CARGO COMISSION.S/VINCULO;4209,79;;4209,79;640,87;3568,92;
REGINALDO BARROS DE OLIVEIRA;SEAP-COMISSIONADOS;TENENTE 1;ASSESSOR I; ESTATUTARIO;5000,00;;5000,00;505,64;4494,36;
RENAN OLIVEIRA DE CARVALHO;SEAP-COMISSIONADOS;CAPITAO;COORD.DO SISTEMA PRI; ESTATUTARIO;8100,00;522,90;7577,10;754,38;6822,72;
RENATO DANTAS DA SILVA;UNIDADE PRISIONAL PURAQUEQUARA;ASSESSOR III;NAO INFORMADO; CARGO COMISSION.S/VINCULO;3191,80;;3191,80;372,18;2819,62;
RITA BATISTA MAIA;CASA DO ALBERGADO DE MANAUS;A.TEC-III;; ESTATUTARIO;3375,48;;3375,48;553,21;2822,27;
RIVALDO SOUZA DA COSTA;SEAP-COMISSIONADOS;TENENTE 1;GERENTE; ESTATUTARIO;4000,00;;4000,00;221,21;3778,79;
ROBERT WASHINGTON BARRETO;CENT.DE DETEN.PROV.MANAUS-CDPM;SARGENTO 3;DIRETOR DE UNIDADE P; ESTATUTARIO;5000,00;;5000,00;505,64;4494,36;
ROBERTO ANTONIO PEREIRA DOS SANTOS;SEAP-EFETIVOS;A.TEC-I;AG ADMINISTRATIVO; ESTATUTARIO;4443,13;;4443,13;786,45;3656,68;
ROBSON FALCAO LOPES;SEAP-COMISSIONADOS;ASSESSOR III;NAO INFORMADO; CARGO COMISSION.S/VINCULO;2195,80;;2195,80;179,44;2016,36;
ROCINALDO JESUS DA SILVA;CASA DO ALBERGADO DE MANAUS;POLICIAL PENAL II;; ESTATUTARIO;4135,95;;4135,95;729,33;3406,62;
RODRIGO MARTINS DE OLIVEIRA;MUNICIPIO DE HUMAITA;DIRETOR DE UNIDADE PRISIONAL;; CARGO COMISSION.S/VINCULO;4503,41;;4503,41;;4503,41;
RODRIGO MELO DA SILVA;SEAP-COMISSIONADOS;SUBGERENTE;NAO INFORMADO; CARGO COMISSION.S/VINCULO;3191,80;;3191,80;372,18;2819,62;
RODRIGO OTAVIO SANTOS DE SOUZA;SEAP-COMISSIONADOS;ASSESSOR II;NAO INFORMADO; CARGO COMISSION.S/VINCULO;4209,79;;4209,79;640,87;3568,92;
RODRIGO PAES DO NASCIMENTO;CENT.DE DETEN.PROV.MANAUS-CDPM;SARGENTO 2;ASSESSOR III; ESTATUTARIO;3000,00;;3000,00;25,32;2974,68;
ROGERIO FONSECA;UNID.PRIS.SEMIABERTO FEM-UPSF;A.TEC-I;; ESTATUTARIO;4554,09;;4554,09;820,70;3733,39;
ROMULO DE JESUS QUINTINO MEDEIROS;MUNICIPIO DE MAUES;DIRETOR ADJUNTO DE UNID.PRISIONAL;NAO INFORMADO; CARGO COMISSION.S/VINCULO;3209,79;;3209,79;376,71;2833,08;
RONALDO FERREIRA COELHO;SEAP-COMISSIONADOS;SUBGERENTE;SUBGERENTE; CARGO COMISSION.S/VINCULO;2591,80;;2591,80;255,09;2336,71;
RONILSON DA COSTA OTERO;SEAP-COMISSIONADOS;SOLDADO;SUBGERENTE AD-3; ESTATUTARIO;3000,00;;3000,00;53,76;2946,24;
ROSARIA GONCALVES DE SOUZA;SEAP-EFETIVOS;AUX.S.G-II;; ESTATUTARIO;2520,15;;2520,15;354,56;2165,59;
ROSINEIDE PEREIRA DE LIMA;SEAP-COMISSIONADOS;ASSESSOR III;ASSESSOR III AD3; CARGO COMISSION.S/VINCULO;3191,80;;3191,80;372,18;2819,62;
ROSSEMARILANE VIANA DE OLIVEIRA;SEAP-INTERIOR;POLICIAL PENAL I;; ESTATUTARIO;4326,14;;4326,14;807,33;3518,81;
ROSSICLEIDE DE SOUZA SILVA;SEAP-COMISSIONADOS;GERENTE;GERENTE AD-2; CARGO COMISSION.S/VINCULO;5613,05;;5613,05;1125,18;4487,87;
RUAN LUKA LIMA DE MELO;SEAP-COMISSIONADOS;CABO;; ESTATUTARIO;250,00;;250,00;;250,00;
RUAN LUKA LIMA DE MELO;SEAP-COMISSIONADOS;CABO;ASSESSOR III; ESTATUTARIO;3000,00;;3000,00;95,20;2904,80;
RUDNEY DOS SANTOS CUNHA;UNIDADE PRISIONAL PURAQUEQUARA;SOLDADO;SUBGERENTE; ESTATUTARIO;3000,00;;3000,00;95,20;2904,80;
SABINO DA SILVA MARQUES;SEAP-COMISSIONADOS;ASSESSOR I;NAO INFORMADO; CARGO COMISSION.S/VINCULO;5229,77;;5229,77;981,03;4248,74;
SAMISON ROLDAO DE LIMA;MUNICIPIO DE TABATINGA;CABO;DIRETOR ADJUNTO DE U; ESTATUTARIO;3000,00;;3000,00;95,20;2904,80;
SAMUEL FERREIRA DA SILVA;MUNICIPIO DE PARINTINS;POLICIAL PENAL I;; ESTATUTARIO;5935,71;;5935,71;1214,82;4720,89;
SAMUEL MARTINS COELHO JUNIOR;SEAP-COMISSIONADOS;ASSESSOR II;NAO INFORMADO; CARGO COMISSION.S/VINCULO;4209,79;;4209,79;640,87;3568,92;
SANSAO DA SILVA BELEM;COMPAJ SEMI ABERTO;MOT-II;; ESTATUTARIO;3766,41;;3766,41;436,94;3329,47;
SAUL RODRIGUES DE MELO FILHO;CASA DO ALBERGADO DE MANAUS;A.TEC-I;; ESTATUTARIO;4453,10;;4453,10;789,64;3663,46;
SEBASTIANA GRACA DE SENNA PINAGE;SEAP-EFETIVOS;A.TEC-I;; ESTATUTARIO;4399,39;;4399,39;772,45;3626,94;
SEBASTIAO PINHEIRO DA SILVA;SEAP-INTERIOR;ASSISTENTE TECNICO GOVERNAMENTAL;; ESTATUTARIO;3593,99;;3593,99;474,87;3119,12;
SERGIO PAULO LIMA GONZAGA;SEAP-COMISSIONADOS;TENENTE 2;CHEFE DE DEPARTAMENT; ESTATUTARIO;5000,00;;5000,00;403,55;4596,45;
SILVIA HELENA ANTUNES DOS SANTOS;SEAP-COMISSIONADOS;CORREGEDOR;NAO INFORMADO; CARGO COMISSION.S/VINCULO;5229,77;;5229,77;568,83;4660,94;
SIMONE FARIAS NEGRAO;SEAP-COMISSIONADOS;ASSESSOR II;NAO INFORMADO; CARGO COMISSION.S/VINCULO;4209,79;;4209,79;640,87;3568,92;
SONIA MARIA BEZERRA CABRAL;SEAP-COMISSIONADOS;TNS-I;DIR. ESC.PENIT.AD-1; ESTATUTARIO;7025,67;;7025,67;1731,14;5294,53;
SONIA MARIA DOS SANTOS GOMES;SEAP-COMISSIONADOS;ASSESSOR II;ASSESSOR II AD-2; CARGO COMISSION.S/VINCULO;4209,79;;4209,79;640,87;3568,92;
SUELEN CRISTINA DE SOUZA CAVALCANTE;CENTRO DE DET.PROV.FEMIN.-CDPF;DIRETOR ADJUNTO DE UNID.PRISIONAL;NAO INFORMADO; CARGO COMISSION.S/VINCULO;4209,79;;4209,79;640,87;3568,92;
SUELY DE MELO COSTA;SEAP-EFETIVOS;TECNICO DE NIVEL SUPERIOR;; ESTATUTARIO;7015,51;;7015,51;1593,96;5421,55;
SUZALINDA DA SILVA E SILVA;UNID.PRIS.SEMIABERTO FEM-UPSF;POLICIAL PENAL II;; ESTATUTARIO;4714,98;;4714,98;873,49;3841,49;
TALES RENAN SILVA DA SILVA;INSTIT.PENAL ANTONIO TRINDADE;TENENTE 1;ASSESSOR I; ESTATUTARIO;5000,00;;5000,00;236,06;4763,94;
TATIANA FERREIRA DA SILVA;SEAP-COMISSIONADOS;SUBGERENTE;; CARGO COMISSION.S/VINCULO;3191,80;;3191,80;372,18;2819,62;
TATIANE LOPES MARTINS;SEAP-COMISSIONADOS;ASSESSOR III;ASSESSOR III; CARGO COMISSION.S/VINCULO;3191,80;;3191,80;372,18;2819,62;
TATIANE LOPES PEREIRA;MUNICIPIO DE TABATINGA;ASSESSOR III;ASSESSOR III AD-3; CARGO COMISSION.S/VINCULO;2195,80;;2195,80;179,44;2016,36;
TAYANE GABRIELE ARANTE DOS SANTOS;SEAP-COMISSIONADOS;SUBGERENTE;NAO INFORMADO; CARGO COMISSION.S/VINCULO;2195,80;;2195,80;179,44;2016,36;
TEREZINHA PINHEIRO DA SILVA;UNID.PRIS.SEMIABERTO FEM-UPSF;AUX.HSP-I;; ESTATUTARIO;4945,71;;4945,71;768,02;4177,69;
THAIS GIOVANA TEIXEIRA DE CASTRO;SEAP-COMISSIONADOS;SUBGERENTE;NAO INFORMADO; CARGO COMISSION.S/VINCULO;3191,80;;3191,80;372,18;2819,62;
THIAGO ODERDENGE;SEC.EST.ADM.PENITENCIARIA;TENENTE 1;ASSESSOR II; ESTATUTARIO;4000,00;;4000,00;263,87;3736,13;
VALDEIA MAGALHÃES ROCHA;MUNICIPIO DE PARINTINS;ASSISTENTE TECNICO GOVERNAMENTAL;; ESTATUTARIO;3595,02;;3595,02;509,33;3085,69;
VALDEMAR ARAUJO COSTA;CASA DO ALBERGADO DE MANAUS;A.TEC-I;; ESTATUTARIO;5437,57;;5437,57;987,77;4449,80;
VALERIA ARAUJO DIAS;SEAP-COMISSIONADOS;ASSESSOR II;; CARGO COMISSION.S/VINCULO;4209,79;;4209,79;640,87;3568,92;
VALNECI GOMES DE SOUZA;SEAP-COMISSIONADOS;SARGENTO 1;ASSESSOR III; ESTATUTARIO;4000,00;;4000,00;263,87;3736,13;
VICTOR CASTRO BARBOSA;SEAP-COMISSIONADOS;CABO;SUBGERENTE; ESTATUTARIO;3000,00;;3000,00;95,20;2904,80;
VIVIAN MONTENEGRO PEIXOTO;SEAP-COMISSIONADOS;ASSESSOR III;ASSESSOR III; CARGO COMISSION.S/VINCULO;3191,80;;3191,80;372,18;2819,62;
WASNEY AGUIAR BITTENCOURT;SEAP-EFETIVOS;AUX.HSP-I;; ESTATUTARIO;3577,31;;3577,31;430,60;3146,71;
WELLINGTON DOS SANTOS MACIEL;MUNICIPIO DE TABATINGA;MERENDEIRO PNF.MNF-III;ASSESSOR III; ESTATUTARIO;3263,89;;3263,89;284,71;2979,18;
WELLINGTON FRANK MACENA CABRAL;CENT.DE DETEN.PROV.MANAUS-CDPM;CABO;DIRETOR ADJUNTO DE U; ESTATUTARIO;4000,00;;4000,00;221,21;3778,79;
WENDERSON SILVA SOEIRO;SEAP-COMISSIONADOS;CABO;ASSESSOR IV; ESTATUTARIO;3000,00;;3000,00;95,20;2904,80;
WENGLAY FREITAS DA COSTA;SEAP-COMISSIONADOS;GERENTE;NAO INFORMADO; CARGO COMISSION.S/VINCULO;3209,79;;3209,79;376,71;2833,08;
WILKENS CARLEM DALMEIDA BEZERRA;SEAP-COMISSIONADOS;ASSESSOR III;ASSESSOR III; CARGO COMISSION.S/VINCULO;3191,80;;3191,80;372,18;2819,62;
WILLIAMS SANTOS DAMASCENO;SEAP-EFETIVOS;T.HSP-I;; ESTATUTARIO;5094,97;;5094,97;995,16;4099,81;
ZEINE SAID RUIZ;SEAP-EFETIVOS;A.TEC-I;; ESTATUTARIO;4456,63;;4456,63;789,49;3667,14;
