NOME;LOTACAO;CARGO;FUNCAO;VINCULO;REMUNERACAO LEGAL TOTAL(R$);DESC.TETO(R$); REMUNERACAO LEGAL DEVIDA(R$);DESCONTOS LEGAIS(R$);LIQUIDO DISPONIVEL(R$);
ABELARDO MARTINS PASSOS;DEPTO.DE TECNOL.DA INFORMACAO;ASSESSOR II;ASSESSOR II; CARGO COMISSION.S/VINCULO;4209,79;;4209,79;640,87;3568,92;
ADALBERTO SENA DE ASSIS;PESSOAL PROC.DE APOSENTADORIA;MOTORISTA 3A CLASSE;; ESTATUTARIO;2511,57;;2511,57;370,82;2140,75;
ADALGISA TAVARES DOS SANTOS CAMPOS;GERENCIA DE REGISTRO DE DADOS;A.TEC-I;; ESTATUTARIO;4419,32;;4419,32;778,83;3640,49;
ADMIR BRAGA DA SILVA;NUCLEO DE VIGILANCIA;AUXILIAR ADMINISTRATIVO;; ESTATUTARIO;2406,32;;2406,32;336,88;2069,44;
ADRIELE ALBINO MARTINS;DEPTO.DE ADMINIST.E FINANCAS;MEMBRO;; GRUPO DE TRABALHO;2004,00;;2004,00;;2004,00;
AGENOR PANILHA CAMPOS;GER.DE APOIO, MANUT.LOGISTICA;A.TEC-I;; ESTATUTARIO;3825,98;;3825,98;674,39;3151,59;
ALBERTINA JUSTINA DOS SANTOS;GABINETE DO SECRETARIO APOIO;AUX.S.G-I;; ESTATUTARIO;3357,73;;3357,73;454,23;2903,50;
ALDECY PESSOA DE MELO;NUCLEO DE VIGILANCIA;VIGIA-III;; ESTATUTARIO;2861,81;;2861,81;356,59;2505,22;
ALDENORA SILVA DE ALMEIDA ALVES;NUCLEO DE PROTOCOLO;ASSESSOR IV;ASSESSOR IV; CARGO COMISSION.S/VINCULO;2575,61;;2575,61;252,09;2323,52;
ALEANDRO DANTAS CHAVES;COORD.DE BENS PATRIMONIAIS;AUX.ADM-II;GERENTE; ESTATUTARIO;7710,15;;7710,15;1506,04;6204,11;
ALESSANDRA DA ROCHA GOMES;JUNTA MEDICO-PERICIAL DO EST.;AUX.S.G-II;AUX. SERVICOS GERAIS; ESTATUTARIO;4145,27;;4145,27;485,13;3660,14;
ALEX HARLEI SALES LAUDELINO;NUCLEO DE SERVICOS GERAIS;MARINHEIRO FLUVIAL DE CONVES;; ESTATUTARIO;3193,44;;3193,44;410,78;2782,66;
ALEXANDRE AUGUSTO ALENCAR QUEIROZ;CONSULTORIA TEC-ADMINISTRATIVA;COORDENADOR CTA;NAO INFORMADO; CARGO COMISSION.S/VINCULO;12500,00;;12500,00;3116,58;9383,42;
ALEXANDRE DULVAL LUCENA NASCIMENTO;DEPTO.DE ADMINIST.E FINANCAS;ASSISTENTE TECNICO 1A CLASSE;FG-1; ESTATUTARIO;8206,08;;8206,08;1695,65;6510,43;
ALEXANDRE MENDES AMOEDO FERREIRA;DEPTO.DE ADMINIST.E FINANCAS;MEMBRO;; GRUPO DE TRABALHO;4000,00;;4000,00;263,87;3736,13;
ALEXANDRE PIMENTEL PASSOS;SEC.EXEC.BENS PAT.GAST.PUBLI.;MEMBRO;; GRUPO DE TRABALHO;3000,00;;3000,00;95,20;2904,80;
ALFREDO JOSE DE CAMPOS BANDEIRA;PESSOAL PROC.DE APOSENTADORIA;TNS-I;; ESTATUTARIO;7915,45;;7915,45;1909,95;6005,50;
ALLYNE KELLY MENEZES B OLIVEIRA;JUNTA MEDICO-PERICIAL DO EST.;MEDICO GENERALISTA;PERITO; ESTATUTARIO;1250,00;;1250,00;;1250,00;
ALMIR SALES DE ANDRADE;DISPONIVEL SEAD;OPERADOR DE RADIO;; ESTATUTARIO;1313,00;;1313,00;183,82;1129,18;
ALMIR SAMPAIO CAVALCANTE;GRUP.INT.PREV.INVAS.AREAS PUB.;TNS-I;ASS DE SEG FUNCIONAL; ESTATUTARIO;11631,03;;11631,03;2941,35;8689,68;
ALTAIR FERREIRA DA CUNHA;DEPTO.DE TECNOL.DA INFORMACAO;ASSESSOR II;NAO INFORMADO; CARGO COMISSION.S/VINCULO;4209,79;;4209,79;640,87;3568,92;
ALUISIO DE SOUSA PIMENTEL;NUCLEO DE TRANSPORTE;MOT-III;; ESTATUTARIO;2702,03;;2702,03;379,22;2322,81;
ALVARO MONTEIRO MAIA;DISPONIVEL SEAD;ENGENHEIRO 1A CLASSE;; ESTATUTARIO;1313,00;;1313,00;183,82;1129,18;
AMALI GURGEL SAID DIAZ;GER.DE APOIO, MANUT.LOGISTICA;ASSESSOR I;ASSESSOR I; CARGO COMISSION.S/VINCULO;7233,77;;7233,77;1531,97;5701,80;
AMANDA NUBIA DA SILVA GUIMARAES;GER.DE PLANEJ.ORC.E FINANCAS;ASSESSOR III;NAO INFORMADO; CARGO COMISSION.S/VINCULO;3191,80;;3191,80;372,18;2819,62;
ANA CRISTINA BAHIA MARQUES MATSUI;GT - BENS PATRIMONIAIS;MEMBRO;; GRUPO DE TRABALHO;7500,00;;7500,00;1193,14;6306,86;
ANA ESTEFANIA SANCHES DE OLIVEIRA;COORD.DE BENS PATRIMONIAIS;COORDENADOR DE PATRIMONIO;NAO INFORMADO; CARGO COMISSION.S/VINCULO;10500,00;;10500,00;2618,72;7881,28;
ANA JESSICA GUIMARAES DE M MATTOS;DEPTO.DE ADMINIST.E FINANCAS;MEMBRO;; GRUPO DE TRABALHO;2004,00;;2004,00;;2004,00;
ANA MARIA BOTINELLY CUNHA E SILVA;DISPONIVEL TCM;AUDITOR ADJUNTO;; ESTATUTARIO;16180,13;;16180,13;5222,47;10957,66;
ANA MARIA PINA PAIVA;ESC.GEST.E APERF.DO SERV.PUBL.;ASSESSOR III;NAO INFORMADO; CARGO COMISSION.S/VINCULO;3191,80;;3191,80;372,18;2819,62;
ANA SERGIA ALVES DA SILVA LIMA;COORD.DE BENS PATRIMONIAIS;TECNICO-TEC-T.S.N.S.-A;CHEFE DE DEPARTAMENT; ESTATUTARIO;9971,92;;9971,92;2423,33;7548,59;
ANA VIRGINIA SILVA LEMOS DE AGUIAR;ESC.GEST.E APERF.DO SERV.PUBL.;COORD.ESC.DE GEST.APERF.DO SERV.PUB;COORD.ESC.DE GEST.AP; CARGO COMISSION.S/VINCULO;8500,00;;8500,00;2068,72;6431,28;
ANDERSON LUIS MAIA ANDRADE;SEC.EXEC.BENS PAT.GAST.PUBLI.;MEMBRO;; GRUPO DE TRABALHO;3000,00;;3000,00;95,20;2904,80;
ANDRE LUIZ MELO BARBOSA;JUNTA MEDICO-PERICIAL DO EST.;AUX.ADM-III;; ESTATUTARIO;3461,81;;3461,81;440,68;3021,13;
ANDRE LUIZ NOGUEIRA DE SOUZA;ESC.GEST.E APERF.DO SERV.PUBL.;GERENTE;; CARGO COMISSION.S/VINCULO;4209,79;;4209,79;640,87;3568,92;
ANDRE RICARDO CABRAL PIO;CONSULTORIA TEC-ADMINISTRATIVA;ASSESSOR II;NAO INFORMADO; CARGO COMISSION.S/VINCULO;4209,79;;4209,79;640,87;3568,92;
ANDREZA HELENA DA SILVA;COORD.GER.SEC.EX.ADJ.G.R.HUM.;ASSISTENTE TECNICO;SEC.EXEC.ADJ.GEST.RE; ESTATUTARIO;14800,00;;14800,00;4070,00;10730,00;
ANELY CRISTINA RIBEIRO ARRUDA;ARQUIVO ADMINISTRATIVO II;ASSESSOR II;; CARGO COMISSION.S/VINCULO;4209,79;;4209,79;609,94;3599,85;
ANICE GODINHO PINTO;GER.DE PLANEJ.ORC.E FINANCAS;A.TEC-I;GERENTE; ESTATUTARIO;6899,57;;6899,57;1419,72;5479,85;
ANIZIMAR LOPES MESSIAS;GER.BENEFICIO DOS SERVIDORES;A.TEC-I;; ESTATUTARIO;4399,39;;4399,39;772,45;3626,94;
ANTONIA NEDINA DA COSTA LIMA;COMISSAO DE REGIME DISCIPLINAR;AUX.ADM-I;FUNCAO GRATIFICADA F; ESTATUTARIO;5871,06;;5871,06;1012,42;4858,64;
ANTONIO CARLOS FERNANDES DE SOUZA;DISPONIVEL SEAD;OPERADOR DE MAQUINA RODOVIARIA;; ESTATUTARIO;1313,00;;1313,00;183,82;1129,18;
ANTONIO CARLOS NERY SANTANA;PESSOAL PROC.DE APOSENTADORIA;A.TEC-I;; ESTATUTARIO;3961,15;;3961,15;707,51;3253,64;
ANTONIO LUCIO DE MORAIS;NUCLEO DE VIGILANCIA;AUX.S.G-II;; ESTATUTARIO;2381,08;;2381,08;344,13;2036,95;
ANTONIO NERY DA SILVA;DEPTO.DE ADMINIST.E FINANCAS;ASSISTENTE TECNICO;ASSISTENTE TECNICO; ESTATUTARIO;3887,91;;3887,91;634,23;3253,68;
ANTONIO NUNES PINHEIRO FILHO;DISPONIVEL POLICIA CIVIL;ESCRIVAO DE POLICIA 2A CLASSE;; ESTATUTARIO;19235,55;;19235,55;6320,68;12914,87;
ANTONIO RODRIGUES DOS SANTOS;PENSIONISTAS ALFREDO DA MATA;PENSIONISTA LEI 1735 DE 14.11.85;; PENSIONISTA POR LEI;1212,00;;1212,00;;1212,00;
APOENA NASCIMENTO TEIXEIRA;SEC.EXE.AD.G.PAT.GAST.PUBLICOS;ASSESSOR II;; CARGO COMISSION.S/VINCULO;4209,79;;4209,79;518,14;3691,65;
ARACELY ALBERTINO DE MELO;GABINETE DO SECRETARIO APOIO;ASSESSOR IV;NAO INFORMADO; CARGO COMISSION.S/VINCULO;2575,61;;2575,61;252,09;2323,52;
ARIANNA BIANCA CAMPOS RABELO;SEC.EXE.AD.G.PAT.GAST.PUBLICOS;ASSESSOR II;NAO INFORMADO; CARGO COMISSION.S/VINCULO;7209,79;;7209,79;1369,71;5840,08;
ARQUIMEDES CARVALHO LASMAR;JUNTA MEDICO-PERICIAL DO EST.;A.TEC-I;; ESTATUTARIO;3829,81;;3829,81;675,42;3154,39;
AUREO GONCALVES NEVES;DISPONIVEL SEAD;TECNICO 2A CLASSE;; ESTATUTARIO;1313,00;;1313,00;183,82;1129,18;
AYMAN BAYDOUN;GRUP.INT.PREV.INVAS.AREAS PUB.;ASSESSOR I;NAO INFORMADO; CARGO COMISSION.S/VINCULO;8229,77;;8229,77;1805,87;6423,90;
BEATRIZ PAIVA MOREIRA LOPES;DEPTO.DE ADMINIST.E FINANCAS;ASSESSOR II;NAO INFORMADO; CARGO COMISSION.S/VINCULO;6213,79;;6213,79;1147,95;5065,84;
BIANCA SANDRINI LIMA PEREIRA;JUNTA MEDICO-PERICIAL DO EST.;GERENTE;NAO INFORMADO; CARGO COMISSION.S/VINCULO;5613,05;;5613,05;1125,18;4487,87;
BRUHNA FIGUEIREDO LIBERATO;DEPTO.DE ADMINIST.E FINANCAS;MEMBRO;; GRUPO DE TRABALHO;2004,00;;2004,00;;2004,00;
BRUNO DA SILVA BARCELOS;GT - BENS PATRIMONIAIS;MEMBRO;; GRUPO DE TRABALHO;2004,00;;2004,00;;2004,00;
BRUNO DAMASCENO COSTA NOVO;DEPTO.DE ADMINIST.E FINANCAS;ASSESSOR DE SECRETARIO;; GRUPO DE TRABALHO;3000,00;;3000,00;95,20;2904,80;
CAMILA CRISTINE DE MATOS MARTINS;ARQUIVO ADMINISTRATIVO II;ASSESSOR III;NAO INFORMADO; CARGO COMISSION.S/VINCULO;3191,80;;3191,80;372,18;2819,62;
CAMILLA ARAUJO DA SILVA;DEPTO.DE ADMINIST.E FINANCAS;MEMBRO;; GRUPO DE TRABALHO;2004,00;;2004,00;;2004,00;
CARLA VANESSA BATISTA DE SOUZA;GER.DE APOIO, MANUT.LOGISTICA;AGENTE ADM.-AGA-T.S.N.A.-E;GERENTE; ESTATUTARIO;6930,79;;6930,79;1241,76;5689,03;
CARLOS EDUARDO RAPOSO DA C ALENCAR;CONSULTORIA TEC-ADMINISTRATIVA;ASSESSOR I;; CARGO COMISSION.S/VINCULO;5229,77;;5229,77;981,03;4248,74;
CARLOS FERNANDO LIMA SOUZA;PESSOAL PROC.DE APOSENTADORIA;A.TEC-I;; ESTATUTARIO;3850,37;;3850,37;680,95;3169,42;
CARLOS GEISER RODRIGUES DE SOUZA;COMISSAO DE REGIME DISCIPLINAR;ASSESSOR III;NAO INFORMADO; CARGO COMISSION.S/VINCULO;3191,80;;3191,80;372,18;2819,62;
CARLY DA SILVA FARIA;COORD.DE BENS PATRIMONIAIS;GERENTE;NAO INFORMADO; CARGO COMISSION.S/VINCULO;7209,79;;7209,79;1036,41;6173,38;
CARMEM LUCIA ROSAS GOMES;PESSOAL PROC.DE APOSENTADORIA;A.TEC-I;; ESTATUTARIO;3783,38;;3783,38;662,93;3120,45;
CASIMIRO CARDOSO DE ARAUJO FILHO;DEPTO.DE ADMINIST.E FINANCAS;MOTORISTA RODOVIARIO;; ESTATUTARIO;4046,59;;4046,59;514,32;3532,27;
CEZARINA BARBOSA DE MEDEIROS;PESSOAL PROC.DE APOSENTADORIA;A.TEC-I;; ESTATUTARIO;3933,43;;3933,43;700,05;3233,38;
CHRYSTIANE APARECIDA DOS S PINAGE;GERENCIA DE REGISTRO DE DADOS;A.TEC-I;FUNCAO GRATIFICADA F; ESTATUTARIO;5683,13;;5683,13;1089,10;4594,03;
CLARICE CABRAL CARNEIRO DA CUNHA;GABINETE DO SECRETARIO APOIO;A.TEC-I;; ESTATUTARIO;4443,13;;4443,13;786,45;3656,68;
CLAUDIA SOCORRO FERREIRA N MARQUES;GT - BENS PATRIMONIAIS;MEMBRO;; GRUPO DE TRABALHO;3000,00;;3000,00;95,20;2904,80;
CLAUDIO SANTANA TRINDADE;GERENCIA DE PESSOAL;A.TEC-I;; ESTATUTARIO;3859,11;;3859,11;683,30;3175,81;
CLEIA FREITAS DE SOUZA E SILVA;PESSOAL PROC.DE APOSENTADORIA;TNS-I;; ESTATUTARIO;6379,10;;6379,10;1532,37;4846,73;
CLERME MELO DE OLIVEIRA;GERENCIA DE PESSOAL;A.TEC-II;GERENTE; ESTATUTARIO;7356,79;;7356,79;1525,25;5831,54;
CRISTIANO PANTOJA RIBEIRO;NUCLEO DE RECEPCAO;A.TEC-I;; ESTATUTARIO;4473,04;;4473,04;796,03;3677,01;
CRISTINA DE ALMEIDA CAMPOS;GER.AUDITORIA DE FOLHA PAGTO.;TECNICO EM CONTABILIDADE;; ESTATUTARIO;3792,92;;3792,92;366,68;3426,24;
CRISTINA HELENA MAIA DE OLIVEIRA;DEPTO.DE ADMINIST.E FINANCAS;MEMBRO;; GRUPO DE TRABALHO;3000,00;;3000,00;95,20;2904,80;
CRISTINA LUCIANA MOREIRA R PARENTE;GT - BENS PATRIMONIAIS;MEMBRO;; GRUPO DE TRABALHO;7500,00;;7500,00;1193,14;6306,86;
DANIEL DO NASCIMENTO MIRANDA;GRUP.INT.PREV.INVAS.AREAS PUB.;ASSESSOR III;NAO INFORMADO; CARGO COMISSION.S/VINCULO;6259,73;;6259,73;1165,24;5094,49;
DANIEL HERCULANO DE CARVALHO;GER.DE APOIO, MANUT.LOGISTICA;ASSESSOR II;NAO INFORMADO; CARGO COMISSION.S/VINCULO;4209,79;;4209,79;640,87;3568,92;
DANIELA VIEIRA DE CARVALHO;CONSULTORIA TEC-ADMINISTRATIVA;ASSESSOR II;ASSESSOR II; CARGO COMISSION.S/VINCULO;4209,79;;4209,79;640,87;3568,92;
DANILO ALBERTO GRACIANO ALBUQUERQUE;COORD.DE BENS PATRIMONIAIS;GERENTE;NAO INFORMADO; CARGO COMISSION.S/VINCULO;7209,79;;7209,79;1421,85;5787,94;
DAVERTON AMAZONAS PRAIA;GERENCIA DE PESSOAL;MEMBRO;; GRUPO DE TRABALHO;3000,00;;3000,00;95,20;2904,80;
DAVID ALCANTARA DE OLIVEIRA PITA;GT - BENS PATRIMONIAIS;MEMBRO;; GRUPO DE TRABALHO;7500,00;;7500,00;1193,14;6306,86;
DELZINDA FERREIRA BARCELOS;ASSESSORIA TEC.ADMINISTRATIVA;TNS-III;; ESTATUTARIO;9394,65;;9394,65;2283,52;7111,13;
DENISMAR MARIA ASSIS DA ROCHA;PESSOAL PROC.DE APOSENTADORIA;A.TEC-I;AG. ADMINISTRATIVO; ESTATUTARIO;3880,00;;3880,00;688,92;3191,08;
DIEGO FERREIRA PINHEIRO;GER.DE APOIO, MANUT.LOGISTICA;ASSESSOR III;NAO INFORMADO; CARGO COMISSION.S/VINCULO;5195,80;;5195,80;771,19;4424,61;
DORIAM PANTOJA COSTA;DISPONIVEL SEAD;AGENTE ADMINISTRATIVO 3A CLASSE;; ESTATUTARIO;1313,00;;1313,00;183,82;1129,18;
EDMEE SAMANTHA DE MEDEIROS R SEIXAS;DEPTO.DE ADMINIST.E FINANCAS;ASSISTENTE TECNICO I;; ESTATUTARIO;3802,80;;3802,80;657,21;3145,59;
EDMILSON BEZERRA ALVES;JUNTA MEDICO-PERICIAL DO EST.;A.TEC-I;; ESTATUTARIO;4083,68;;4083,68;743,71;3339,97;
EDNALDO FONSECA DE MELO;NUCLEO DE SERVICOS GERAIS;AUXILIAR DE SERV GERAIS 2A CLASSE;; ESTATUTARIO;2486,21;;2486,21;131,24;2354,97;
EDNILSON GOMES DE OLIVEIRA JUNIOR;COORD.GER.SEC.EX.ADJ.G.R.HUM.;ASSESSOR I;; CARGO COMISSION.S/VINCULO;9229,77;;9229,77;2080,87;7148,90;
EDUARDO MOREIRA DOS SANTOS;DEPTO.DE TECNOL.DA INFORMACAO;AUX.S.G-III;AUX. SERVICOS GERAIS; ESTATUTARIO;3481,67;;3481,67;369,05;3112,62;
ELANE ALVES DE ARAUJO;COORD.GER.SEC.EX.ADJ.G.R.HUM.;ASSESSOR I;; CARGO COMISSION.S/VINCULO;9229,77;;9229,77;2028,74;7201,03;
ELCI OLIVEIRA NOBRE;GER.BENEFICIO DOS SERVIDORES;ASSISTENTE TECNICO 1A CLASSE;; ESTATUTARIO;8555,07;;8555,07;2227,00;6328,07;
ELDA SOARES DE MOURA;PESSOAL PROC.DE APOSENTADORIA;A.TEC-I;; ESTATUTARIO;3929,44;;3929,44;702,22;3227,22;
ELIAS CARNEIRO DE SOUZA;JUNTA MEDICO-PERICIAL DO EST.;AUXILIAR DE SERVICOS GERAIS;; ESTATUTARIO;2792,64;;2792,64;389,33;2403,31;
ELIDIANE PAES BONFIM;GT - BENS PATRIMONIAIS;MEMBRO;; GRUPO DE TRABALHO;7500,00;;7500,00;1193,14;6306,86;
ELISA MARIA BARROSO M NAVARRO;SEC.EXE.AD.G.PAT.GAST.PUBLICOS;CHEFE DE DEPARTAMENTO;NAO INFORMADO; CARGO COMISSION.S/VINCULO;8229,77;;8229,77;1805,87;6423,90;
ELIZABETE OLIVEIRA DE ARAUJO;PESSOAL PROC.DE APOSENTADORIA;AUXILIAR TECNICO;0; ESTATUTARIO;3401,71;;3401,71;560,26;2841,45;
ELIZABETH DA SILVA ALVES;GERENCIA DE PESSOAL;A.TEC-I;; ESTATUTARIO;4469,59;;4469,59;794,93;3674,66;
ELIZABETH RODRIGUES DIAS;REMANEJADOS EXT.OUVID.GER.EST.;A.TEC-I;; ESTATUTARIO;4443,13;;4443,13;690,16;3752,97;
ELSIMAR FERNANDO SANTIAGO;GABINETE DO SECRETARIO;TECNICO GRAFICO;ASSESSOR I; ESTATUTARIO;5980,89;;5980,89;1178,75;4802,14;
ELYNNE NEGREIROS FONSECA;SEC.EXE.AD.G.PAT.GAST.PUBLICOS;ASSESSOR II;ASSESSOR II; CARGO COMISSION.S/VINCULO;4209,79;;4209,79;640,87;3568,92;
EMERSON DA SILVA COELHO;ARQUIVO ADMINISTRATIVO II;ASSESSOR IV;ASSESSOR IV; CARGO COMISSION.S/VINCULO;2575,61;;2575,61;252,09;2323,52;
EMERSON LINS DE LIMA;JUNTA MEDICO-PERICIAL DO EST.;FISCAL RODOVIARIO;ASSESSOR II; ESTATUTARIO;4771,54;;4771,54;677,30;4094,24;
EMILIA CONCEICAO FREIRE MORY;DISPONIVEL TCM;TECNICO ADMINISTRATIVO;; ESTATUTARIO;1313,00;;1313,00;183,82;1129,18;
ETIANE TEREZA RUAS FARIA;EXTINTO B.CARGOS AGUARD.RELOT.;TECNICO GOVERNAMENTAL;; ESTATUTARIO;1503,50;;1503,50;417,52;1085,98;
EUDENIRA BARBOSA BATISTA BRITO;GER.AUDITORIA DE FOLHA PAGTO.;A.TEC-I;F. GRATIFICADA, FG-3; ESTATUTARIO;5683,13;;5683,13;1089,10;4594,03;
EUGENIA TERESA MONTEIRO REZENDE;ASSESSORIA TEC.ADMINISTRATIVA;TNS-I;ASSESSOR I, AD-1; ESTATUTARIO;7341,98;;7341,98;1760,18;5581,80;
EVANDRO ALVES DE ALMEIDA;DISPONIVEL POLICIA CIVIL;AGENTE DE POLICIA 2A CLASSE;; ESTATUTARIO;1313,00;;1313,00;183,82;1129,18;
EVANDRO FERNANDES SAMPAIO;DISPONIVEL POLICIA CIVIL;AGENTE DE POLICIA 1A CLASSE;; ESTATUTARIO;1313,00;;1313,00;183,82;1129,18;
FABIO JR ARAUJO CABRAL;COORD.GER.SEC.EX.ADJ.G.R.HUM.;MEMBRO;; COMISSAO;3000,00;;3000,00;95,20;2904,80;
FABRICIO ROGERIO CYRINO BARBOSA;GABINETE DO SECRETARIO;SECRETARIO DE ESTADO;NAO INFORMADO; DISP. OUTROS ESFERAS;23851,00;;23851,00;5481,12;18369,88;
FATIMA MARIA GAVINHO FROTA;SEC.EXE.AD.G.PAT.GAST.PUBLICOS;ASSESSOR I;NAO INFORMADO; CARGO COMISSION.S/VINCULO;5229,77;;5229,77;981,03;4248,74;
FELIPE MACHADO DE AMORIM PRATA;COORD.GER.SEC.EX.ADJ.G.R.HUM.;ASSESSOR II;NAO INFORMADO; CARGO COMISSION.S/VINCULO;7209,79;;7209,79;1317,57;5892,22;
FERNANDA ELIS JANAINA M OLIVEIRA;GABINETE DO SECRETARIO;ASSESSOR I;NAO INFORMADO; CARGO COMISSION.S/VINCULO;8229,77;;8229,77;1701,60;6528,17;
FERNANDA PIVA DE AGUIAR GROSSO;SEC.EXEC.BENS PAT.GAST.PUBLI.;MEMBRO;; GRUPO DE TRABALHO;3000,00;;3000,00;95,20;2904,80;
FLAVIO ADRIANO ABREU DA SILVA;SEC.EXE.AD.G.PAT.GAST.PUBLICOS;ASSESSOR II;NAO INFORMADO; CARGO COMISSION.S/VINCULO;4209,79;;4209,79;609,94;3599,85;
FLAVIO AUGUSTO CARVALHO MONTENEGRO;SEC.EXE.AD.G.PAT.GAST.PUBLICOS;TNS-I;; ESTATUTARIO;5995,85;;5995,85;1388,08;4607,77;
FLAVIO CORDEIRO ANTONY FILHO;SEC.EXEC.BENS PAT.GAST.PUBLI.;MEMBRO;; GRUPO DE TRABALHO;3000,00;;3000,00;95,20;2904,80;
FRANCILANE LIMA SOUZA;GER.DE APOIO, MANUT.LOGISTICA;GERENTE;GERENTE; CARGO COMISSION.S/VINCULO;6213,79;;6213,79;1147,95;5065,84;
FRANCIMAR CAMARA LIMA;REMANEJADOS EXT.OUVID.GER.EST.;A.TEC-I;; ESTATUTARIO;4433,16;;4433,16;783,26;3649,90;
FRANCISCA CHAGAS CAMPOS NASCIMENTO;DISPONIVEL SEAD;TECNICO DE NIVEL SUPERIOR;; ESTATUTARIO;1313,00;;1313,00;183,82;1129,18;
FRANCISCA ROSANA DA SILVA;NUCLEO DE SERVICOS GERAIS;AUX.S.G-I;; ESTATUTARIO;2961,73;;2961,73;411,65;2550,08;
FRANCISCO CARLOS DOS SANTOS;PESSOAL PROC.DE APOSENTADORIA;A.TEC-I;; ESTATUTARIO;3885,53;;3885,53;690,40;3195,13;
FRANCISCO CHAGAS DE OLIVEIRA FILHO;NUCLEO DE TRANSPORTE;MOT-I;; ESTATUTARIO;3228,64;;3228,64;462,26;2766,38;
FRANCISCO DAS CHAGAS NERES;DISPONIVEL SEAD;MECANICO DE MANUTENCAO DE AERONAVE;; ESTATUTARIO;1313,00;;1313,00;183,82;1129,18;
FRANCISCO DE ASSIS SOUZA NASCIMENTO;PESSOAL PROC.DE APOSENTADORIA;AUX.O-I;; ESTATUTARIO;2613,33;;2613,33;391,56;2221,77;
FRANCISCO DE ASSIS SOUZA TAVARES;PESSOAL PROC.DE APOSENTADORIA;AUX.O-I;; ESTATUTARIO;4781,41;;4781,41;716,77;4064,64;
FRANCISCO DE PAULA XAVIER LEITE;DISPONIVEL TCM;PROCURADOR DE CONTAS B;; ESTATUTARIO;33010,36;;33010,36;11559,04;21451,32;
FRANCISCO ELNO BEZERRA HERCULANO;DISPONIVEL SEAD;TECNICO 2A CLASSE;; ESTATUTARIO;1313,00;;1313,00;183,82;1129,18;
FRANCISCO PEDROSA DE ARAUJO;NUCLEO DE SERVICOS GERAIS;AUX.S.G-I;; ESTATUTARIO;2921,25;;2921,25;408,14;2513,11;
FRANCISCO PESSOA FERREIRA FILHO;DISPONIVEL SEAD;AGENTE ADMINISTRATIVO 3A CLASSE;; ESTATUTARIO;1313,00;;1313,00;183,82;1129,18;
FRANKLIN ROLIM ODA;COORD.DE BENS PATRIMONIAIS;AUX.ADM-III;ASSESSOR III; ESTATUTARIO;6655,81;;6655,81;1027,55;5628,26;
FRANZ LISZT SOUTO DA CUNHA;GRUP.INT.PREV.INVAS.AREAS PUB.;A.TEC-I;; ESTATUTARIO;4453,10;;4453,10;789,64;3663,46;
GABRIEL SOARES RETONDANO;ASSESSORIA DE COMUNICACAO;MEMBRO;; GRUPO DE TRABALHO;3000,00;;3000,00;95,20;2904,80;
GABRIELA ALVES ALBUQUERQUE P SEABRA;ARQUIVO ADMINISTRATIVO II;ASSESSOR I;NAO INFORMADO; CARGO COMISSION.S/VINCULO;5229,77;;5229,77;981,03;4248,74;
GABRIELLA GOMES SOARES;COORD.DE BENS PATRIMONIAIS;CHEFE DE DEPARTAMENTO;NAO INFORMADO; CARGO COMISSION.S/VINCULO;8229,77;;8229,77;1805,87;6423,90;
GABRIELLE MARIE BELMONT MADEIRA;ARQUIVO ADMINISTRATIVO II;ASSESSOR II;NAO INFORMADO; CARGO COMISSION.S/VINCULO;4209,79;;4209,79;640,87;3568,92;
GERALDINA PEREIRA PONTES GOES;JUNTA MEDICO-PERICIAL DO EST.;AUX.S.G-I;; ESTATUTARIO;2566,46;;2566,46;372,81;2193,65;
GERMINIANO SORIANO ALVES DA S NETO;COORD.GER.SEC.EX.ADJ.G.R.HUM.;MEMBRO;; COMISSAO;3000,00;;3000,00;95,20;2904,80;
GETRO MENEZES;NUCLEO DE VIGILANCIA;VIGIA-II;; ESTATUTARIO;2520,15;;2520,15;354,56;2165,59;
GISELLE TAIMARA MELO MAIA;GERENCIA DE PESSOAL;GERENTE;GERENTE; CARGO COMISSION.S/VINCULO;6213,79;;6213,79;1147,95;5065,84;
GLAURA JANNE MOTA DE V DIAS;JUNTA MEDICO-PERICIAL DO EST.;MEDICO ESPECIALISTA;PRESID. JUNTA MEDICA; ESTATUTARIO;2000,00;;2000,00;;2000,00;
GRAZIELA DE OLIVEIRA REIS;SEC.EXEC.DE ADMINIST.E GESTAO;ASSESSOR I;ASSESSOR I; CARGO COMISSION.S/VINCULO;8229,77;;8229,77;1805,87;6423,90;
GRAZIELA NOGUEIRA AIRES DO VALE;CONSULTORIA TEC-ADMINISTRATIVA;ASSESSOR I;NAO INFORMADO; CARGO COMISSION.S/VINCULO;5229,77;;5229,77;981,03;4248,74;
GUILHERME FREDERICO DA S GOMES;CONSULTORIA TEC-ADMINISTRATIVA;C.TEC-U;; ESTATUTARIO;47478,66;7051,73;40426,93;13847,46;26579,47;
GUILHERME IMAKAWA MONTEIRO DA PALMA;ARQUIVO ADMINISTRATIVO II;ASSESSOR I;ASSESSOR I; CARGO COMISSION.S/VINCULO;5229,77;;5229,77;981,03;4248,74;
HAMILTON DOS SANTOS OLIVEIRA;GERENCIA DE PESSOAL;A.TEC-I;; ESTATUTARIO;4476,44;;4476,44;664,61;3811,83;
HEITEVALDO NETO GOMES PICANCO;DEPTO.DE ADMINIST.E FINANCAS;MEMBRO;; GRUPO DE TRABALHO;4000,00;;4000,00;263,87;3736,13;
HELADIA MARIA ARAUJO DOS SANTOS;JUNTA MEDICO-PERICIAL DO EST.;TELEFONISTA;; ESTATUTARIO;2959,44;;2959,44;362,34;2597,10;
HELDER CAMARA CARDOSO DOS SANTOS;GERENCIA DE REGISTRO DE DADOS;A.TEC-I;; ESTATUTARIO;4448,74;;4448,74;788,25;3660,49;
HELENO RODRIGUES DOS SANTOS;PESSOAL PROC.DE APOSENTADORIA;A.TEC-I;; ESTATUTARIO;3906,23;;3906,23;695,97;3210,26;
HENRIQUE MARTINS DE AZEVEDO SILVA;COORD.DE BENS PATRIMONIAIS;GERENTE;NAO INFORMADO; CARGO COMISSION.S/VINCULO;6213,79;;6213,79;1095,81;5117,98;
HILDA BALBI CASTRO;PESSOAL PROC.DE APOSENTADORIA;TECNICO;; ESTATUTARIO;5273,29;;5273,29;1122,51;4150,78;
HIRAIRTON GONCALVES COSTA;GER.DE APOIO, MANUT.LOGISTICA;AUX.S.G-III;AUX. SERVICOS GERAIS; ESTATUTARIO;3461,81;;3461,81;273,75;3188,06;
HITALLA FERNANDES DOS SANTOS;GABINETE DO SECRETARIO;CHEFE DE GABINETE;NAO INFORMADO; CARGO COMISSION.S/VINCULO;9973,03;;9973,03;2410,08;7562,95;
HUDSON DE ANDRADE FERNANDES;GERENCIA DE REGISTRO DE DADOS;A.TEC-I;FUNCAO GRATIFICADA F; ESTATUTARIO;6848,74;;6848,74;1021,28;5827,46;
HUMBERTO DE MELO HORTA;PESSOAL PROC.DE APOSENTADORIA;A.TEC-I;; ESTATUTARIO;4020,51;;4020,51;726,72;3293,79;
IDUCEIDES DE SOUZA CARNEIRO;GERENCIA DE PESSOAL;A.TEC-I;ASSISTENTE TÉCNICO; ESTATUTARIO;7868,35;;7868,35;1995,00;5873,35;
ILEANA FERNANDES LIMA;DISPONIVEL TCM;TECNICO DE CONTAS A;; ESTATUTARIO;1313,00;;1313,00;183,82;1129,18;
INES CAROLINA BARBOSA F S CABRAL;DEPTO.DE ADMINIST.E FINANCAS;MEMBRO;; GRUPO DE TRABALHO;5000,00;;5000,00;505,64;4494,36;
IRIA SAFIRA CORDEIRO OLIVEIRA;GERENCIA DE PESSOAL;ASSESSOR I;ASSESSOR I; CARGO COMISSION.S/VINCULO;7233,77;;7233,77;1427,70;5806,07;
IRIS KAROLINNE RODRIGUES CORDEIRO;SEC.EXEC.DE ADMINIST.E GESTAO;ASSESSOR II;ASSESSOR II; CARGO COMISSION.S/VINCULO;6213,79;;6213,79;1147,95;5065,84;
ISABEL CRISTINA FONSECA;GER.DE APOIO, MANUT.LOGISTICA;A.TEC-I;; ESTATUTARIO;4280,51;;4280,51;734,39;3546,12;
IVAN DE SOUZA NASCIMENTO;PESSOAL PROC.DE APOSENTADORIA;AUX.O-I;; ESTATUTARIO;2937,48;;2937,48;457,92;2479,56;
IVONE DA SILVA FONSECA;GABINETE DO SECRETARIO APOIO;A.TEC-I;; ESTATUTARIO;5843,13;;5843,13;1133,10;4710,03;
IZABELLE CRISTINA VIEIRA SILVA;DEPTO.DE ADMINIST.E FINANCAS;ASSESSOR I;NAO INFORMADO; CARGO COMISSION.S/VINCULO;5229,77;;5229,77;981,03;4248,74;
IZAIAS SANTOS DA SILVA;NUCLEO DE VIGILANCIA;VIGIA-II;VIGIA; ESTATUTARIO;2381,08;;2381,08;344,13;2036,95;
JAIME KENJI HANDA;SEC.EXEC.BENS PAT.GAST.PUBLI.;ASSESSOR III;ASSESSOR III; CARGO COMISSION.S/VINCULO;3191,80;;3191,80;372,18;2819,62;
JAKSON VEIGA FROTA;JUNTA MEDICO-PERICIAL DO EST.;VIGIA-III;; ESTATUTARIO;2881,67;;2881,67;366,71;2514,96;
JANAINA GOMES DE SOUZA;ASSESSORIA DE COMUNICACAO;ASSESSOR I;ASSESSOR I; CARGO COMISSION.S/VINCULO;8229,77;;8229,77;1805,87;6423,90;
JANAINA MARIA ALBUQUERQUE FOGASSA;CONSULTORIA TEC-ADMINISTRATIVA;ASSESSOR II;NAO INFORMADO; CARGO COMISSION.S/VINCULO;4209,79;;4209,79;640,87;3568,92;
JANEIDE DE SOUZA GUEDES;PESSOAL PROC.DE APOSENTADORIA;A.TEC-I;; ESTATUTARIO;3906,23;;3906,23;695,97;3210,26;
JANIO SOUZA DE OLIVEIRA;GT - BENS PATRIMONIAIS;MEMBRO;; GRUPO DE TRABALHO;2004,00;;2004,00;;2004,00;
JERUZA COLARES DA SILVA;NUCLEO DE SERVICOS GERAIS;AUX.S.G-II;AUX. SERVICOS GERAIS; ESTATUTARIO;2499,27;;2499,27;343,93;2155,34;
JESSICA NAIANY TAVARES BARROS;DEPTO.DE ADMINIST.E FINANCAS;MEMBRO;; GRUPO DE TRABALHO;4000,00;;4000,00;263,87;3736,13;
JOAO ALFREDO MONTEIRO DA COSTA;DISPONIVEL POLICIA CIVIL;AGENTE DE POLICIA 2A CLASSE;; ESTATUTARIO;1313,00;;1313,00;183,82;1129,18;
JOAO DAS CHAGAS DANTAS;REMANEJADOS EXT.OUVID.GER.EST.;A.TEC-I;; ESTATUTARIO;4463,07;;4463,07;792,84;3670,23;
JOAO GOMES VILELA;PESSOAL PROC.DE APOSENTADORIA;ENG-I;; ESTATUTARIO;6628,21;;6628,21;1586,07;5042,14;
JOAO SALES BASTOS ATHAN;DISPONIVEL POLICIA CIVIL;AGENTE DE POLICIA 1A CLASSE;; ESTATUTARIO;1313,00;;1313,00;183,82;1129,18;
JOAO SILVA DA SILVA DE AQUINO;DISPONIVEL SEAD;TECNICO 2A CLASSE;; ESTATUTARIO;1313,00;;1313,00;183,82;1129,18;
JOAO SOUZA DA SILVA;EXTINTO B.CARGOS AGUARD.RELOT.;AUXILIAR DE SERVICOS GERAIS;; ESTATUTARIO;1212,00;;1212,00;239,89;972,11;
JOE VIANA COUTO;DISPONIVEL POLICIA CIVIL;AGENTE DE POLICIA 1A CLASSE;; ESTATUTARIO;19238,39;;19238,39;6269,62;12968,77;
JOEL DO NASCIMENTO DIAS;NUCLEO DE SERVICOS GERAIS;AUX.S.G-I;; ESTATUTARIO;2986,06;;2986,06;411,87;2574,19;
JOHN GUIMARAES BICHARRA;COORD.GER.SEC.EX.ADJ.G.R.HUM.;TNS-I;F. GRATIFICADA, FG-1; ESTATUTARIO;14134,57;;14134,57;3399,29;10735,28;
JORGE LUIS BARROSO DE OLIVEIRA;DISPONIVEL SEAD;TECNICO 1A CLASSE;; ESTATUTARIO;1313,00;;1313,00;183,82;1129,18;
JOSE ANTONIO PEREIRA DO VAL;NUCLEO DE RECEPCAO;MARINHEIRO FLUVIAL DE CONVES;; ESTATUTARIO;3603,48;;3603,48;296,39;3307,09;
JOSE BEZERRA DE ARAUJO;EXTINTO B.CARGOS AGUARD.RELOT.;A.OPE-II;; ESTATUTARIO;1212,00;;1212,00;568,39;643,61;
JOSE GOMES CORDEIRO;NUCLEO DE VIGILANCIA;AUX.S.G-II;; ESTATUTARIO;2381,08;;2381,08;344,13;2036,95;
JOSE MACIEL FILHO;NUCLEO DE PROTOCOLO;A.TEC-I;; ESTATUTARIO;3914,97;;3914,97;698,33;3216,64;
JOSE MARIA ROCHA DE OLIVEIRA;PESSOAL PROC.DE APOSENTADORIA;A.TEC-I;; ESTATUTARIO;3923,72;;3923,72;672,24;3251,48;
JOSE RIBAMAR GOMES DE AQUINO;PESSOAL PROC.DE APOSENTADORIA;ANALISTA DE FINAN.E CONTR.EXTERNO A;; ESTATUTARIO;1212,00;;1212,00;169,68;1042,32;
JOSE ROBERTO SARAIVA DOS SANTOS;NUCLEO DE VIGILANCIA;AUX.O-I;; ESTATUTARIO;3715,70;;3715,70;552,87;3162,83;
JOSE VIRGILIO BATISTA DE OLIVEIRA;COMISSAO DE REGIME DISCIPLINAR;TNS-I;; ESTATUTARIO;8734,57;;8734,57;2185,68;6548,89;
JUDITE GUIMARAES DE BARROS;GERENCIA DE REGISTRO DE DADOS;A.TEC-I;; ESTATUTARIO;4443,13;;4443,13;786,45;3656,68;
KARINA SANTOS DE ABREU;GT - BENS PATRIMONIAIS;MEMBRO;; GRUPO DE TRABALHO;7500,00;;7500,00;1193,14;6306,86;
KAROLINE DIAS CALDAS;ARQUIVO ADMINISTRATIVO II;ASSESSOR IV;NAO INFORMADO; CARGO COMISSION.S/VINCULO;3434,15;;3434,15;433,25;3000,90;
KATIA DESSIMONI VICTORIA;ASSESSORIA TEC.ADMINISTRATIVA;AUX.ADM-I;; ESTATUTARIO;5320,12;;5320,12;858,28;4461,84;
KATIA VANESSA SOUZA DE MENDONCA;COORD.GER.SEC.EX.ADJ.G.R.HUM.;MEMBRO;; COMISSAO;3000,00;;3000,00;95,20;2904,80;
KATIO TRAVESSA DA SILVA;GABINETE DO SECRETARIO APOIO;ASSESSOR III;NAO INFORMADO; CARGO COMISSION.S/VINCULO;3191,80;;3191,80;372,18;2819,62;
KEYDMA MARIA FERREIRA PONCE DE LEAO;CONSULTORIA TEC-ADMINISTRATIVA;ASSESSOR I;NAO INFORMADO; CARGO COMISSION.S/VINCULO;5229,77;;5229,77;981,03;4248,74;
LARISSA ROSAS NOGUEIRA CHAGAS;GERENCIA DE PESSOAL;ASSESSOR II;NAO INFORMADO; CARGO COMISSION.S/VINCULO;6213,79;;6213,79;1095,81;5117,98;
LEANDRO RIBEIRO PAIXAO;GT - BENS PATRIMONIAIS;MEMBRO;; GRUPO DE TRABALHO;3000,00;;3000,00;95,20;2904,80;
LEANDRO SILVIO LIRA DOS SANTOS;COORD.GER.SEC.EX.ADJ.G.R.HUM.;AGENTE ADM.-AGA-T.S.N.A.-E;ASSESSOR II; ESTATUTARIO;7926,79;;7926,79;1411,39;6515,40;
LENITA BENTES MAGALHAES;JUNTA MEDICO-PERICIAL DO EST.;A.TEC-I;; ESTATUTARIO;4473,04;;4473,04;754,64;3718,40;
LEONETE CONCEICAO ARAUJO DA SILVA;GERENCIA DE REGISTRO DE DADOS;ASSISTENTE TECNICO II;; ESTATUTARIO;4560,06;;4560,06;773,18;3786,88;
LIDIANE SILVA QUEIROZ;COORD.DE BENS PATRIMONIAIS;ASSESSOR II;NAO INFORMADO; CARGO COMISSION.S/VINCULO;8613,05;;8613,05;1950,18;6662,87;
LUAN MAQUINE DIAS;GER.AUDITORIA DE FOLHA PAGTO.;ASSESSOR IV;NAO INFORMADO; CARGO COMISSION.S/VINCULO;4665,61;;4665,61;638,44;4027,17;
LUANA LOPES VIANA;SEC.EXE.AD.G.PAT.GAST.PUBLICOS;GERENTE;; CARGO COMISSION.S/VINCULO;4209,79;;4209,79;609,94;3599,85;
LUCIANA DE CASTRO SANTORO;SEC.EXEC.DE ADMINIST.E GESTAO;TEC. DE NIVEL SUPERIOR 1A CLASSE;ASSESSOR II; ESTATUTARIO;4000,00;;4000,00;263,87;3736,13;
LUCIANO PEREIRA BARROS;COORD.GER.SEC.EX.ADJ.G.R.HUM.;MEMBRO;; COMISSAO;3000,00;;3000,00;95,20;2904,80;
LUIZ CARLOS BENTO DE SANTANA;PESSOAL PROC.DE APOSENTADORIA;A.TEC-I;; ESTATUTARIO;3783,38;;3783,38;662,93;3120,45;
LUIZ CARLOS MARQUES CARNEIRO;NUCLEO DE PROTOCOLO;A.TEC-I;; ESTATUTARIO;4463,07;;4463,07;792,84;3670,23;
LUIZ CLAUDIO DOS SANTOS P SOUZA;NUCLEO DE ARQ.ADMINISTRATIVO;A.TEC-II;; ESTATUTARIO;3625,00;;3625,00;586,91;3038,09;
LUIZ FERREIRA FONTENELE;PESSOAL PROC.DE APOSENTADORIA;VIGIA-I;; ESTATUTARIO;2627,26;;2627,26;393,35;2233,91;
LUIZ RODRIGUES DE QUEIROZ;PESSOAL PROC.DE APOSENTADORIA;MOTORISTA 2A CLASSE;; ESTATUTARIO;2590,55;;2590,55;362,47;2228,08;
LUZIA NUNES DE OLIVEIRA;PESSOAL PROC.DE APOSENTADORIA;A.TEC-I;; ESTATUTARIO;3928,64;;3928,64;673,57;3255,07;
MACIEL OLIVEIRA DA ROCHA;SEC.EXEC.BENS PAT.GAST.PUBLI.;MEMBRO;; GRUPO DE TRABALHO;3000,00;;3000,00;95,20;2904,80;
MAELY AUGUSTA D ANGELO FARIAS;SEC.EXEC.BENS PAT.GAST.PUBLI.;MEMBRO;; GRUPO DE TRABALHO;3000,00;;3000,00;95,20;2904,80;
MALENE MARIA DE CASTRO PERDIGAO;GERENCIA DE REGISTRO DE DADOS;GERENTE;NAO INFORMADO; CARGO COMISSION.S/VINCULO;4209,79;;4209,79;640,87;3568,92;
MANOELLA BENTO DA SILVA LEAL;ARQUIVO ADMINISTRATIVO II;ASSESSOR II;NAO INFORMADO; CARGO COMISSION.S/VINCULO;4209,79;;4209,79;640,87;3568,92;
MANUEL BRAZ DA SILVA;PESSOAL PROC.DE APOSENTADORIA;A.TEC-I;; ESTATUTARIO;3876,60;;3876,60;688,00;3188,60;
MANUEL FERNANDES DA SILVA;NUCLEO DE SERVICOS GERAIS;TRABALHADOR DE CAMPO 1A CLASSE;; ESTATUTARIO;2289,16;;2289,16;319,81;1969,35;
MARCELLA MARIA FALCAO C AMORIM;DEPTO.DE ADMINIST.E FINANCAS;ASSESSOR I;NAO INFORMADO; CARGO COMISSION.S/VINCULO;5229,77;;5229,77;981,03;4248,74;
MARCELO ARAUJO SILVA;ARQUIVO PUB.EST.DO AMAZONAS;CHEFE DE ARQ.PUB.DO EST.DO AMAZONAS;NAO INFORMADO; CARGO COMISSION.S/VINCULO;8229,77;;8229,77;1805,87;6423,90;
MARCIA AUGUSTA DE SOUZA;DEPTO.DE ADMINIST.E FINANCAS;A.TEC-II;DIR.DEPTO.ADMINISTR.; ESTATUTARIO;13105,46;;13105,46;3105,64;9999,82;
MARCIA FERNANDES RODRIGUES SILVA;DEPTO.DE ADMINIST.E FINANCAS;MEMBRO;; GRUPO DE TRABALHO;4000,00;;4000,00;263,87;3736,13;
MARCIA MACEDO MAIA;ARQUIVO ADMINISTRATIVO II;ASSESSOR III;NAO INFORMADO; CARGO COMISSION.S/VINCULO;3191,80;;3191,80;372,18;2819,62;
MARCINEIDE REIS CAMPOS;NUCLEO DE PROTOCOLO;A.TEC-I;; ESTATUTARIO;3914,16;;3914,16;665,19;3248,97;
MARCO AURELIO MARTINS DA SILVA;COMISSAO DE REGIME DISCIPLINAR;MEMBRO COMISSAO REGIME DISCIPLINAR;; CONSELHO;700,00;;700,00;;700,00;
MARCOS ANTONIO NASCIMENTO SILVA;EXTINTO B.CARGOS AGUARD.RELOT.;ENGENHEIRO AGRONOMO;; ESTATUTARIO;5815,17;;5815,17;1320,05;4495,12;
MARCUS VINICIUS PESSOA DA SILVA;SEC.EXEC.BENS PAT.GAST.PUBLI.;ASSESSOR III;NAO INFORMADO; CARGO COMISSION.S/VINCULO;3191,80;;3191,80;372,18;2819,62;
MARCUS VINICIUS SANTOS DE P NUNES;GER.DE VALORIZACAO DO SERVIDOR;ASSESSOR I;NAO INFORMADO; CARGO COMISSION.S/VINCULO;6973,03;;6973,03;1532,94;5440,09;
MARGARIDA VINHOTE FRANCA;GABINETE DO SECRETARIO APOIO;ENCADERNADOR;; ESTATUTARIO;3873,76;;3873,76;398,13;3475,63;
MARIA ALBERTIZA DA COSTA FERNANDES;GERENCIA DE PESSOAL;A.TEC-I;; ESTATUTARIO;4448,74;;4448,74;788,25;3660,49;
MARIA APARECIDA R CAVALCANTE;CONSULTORIA TEC-ADMINISTRATIVA;A.TEC-I;; ESTATUTARIO;4453,10;;4453,10;789,64;3663,46;
MARIA AUREA MOURA DE OLIVEIRA;GER.AUDITORIA DE FOLHA PAGTO.;A.TEC-I;F. GRATIFICADA, FG-3; ESTATUTARIO;5693,10;;5693,10;1092,72;4600,38;
MARIA AUXILIADORA DA C S PORTILIO;CONSULTORIA TEC-ADMINISTRATIVA;A.TEC-I;ASSESSOR I, AD-1; ESTATUTARIO;8209,96;;8209,96;1732,72;6477,24;
MARIA AUXILIADORA SILVA DE OLIVEIRA;NUCLEO DE ARQ.ADMINISTRATIVO;AGENTE ADMINISTRATIVO 1A CLASSE;; ESTATUTARIO;3955,24;;3955,24;651,36;3303,88;
MARIA D ASSUNCAO DA COSTA PINHEIRO;DISPONIVEL TCM;CONSULTOR TECNICO B;; ESTATUTARIO;1303,00;;1303,00;165,62;1137,38;
MARIA DA CONCEICAO RIBEIRO DUARTE;GERENCIA DE PESSOAL;ASSISTENTE TECNICO GOVERNAMENTAL;; ESTATUTARIO;3848,05;;3848,05;624,09;3223,96;
MARIA DA CONCEICAO SOUZA;JUNTA MEDICO-PERICIAL DO EST.;A.TEC-I;; ESTATUTARIO;4463,07;;4463,07;792,84;3670,23;
MARIA DA PAZ ALVES DA SILVA AMORIM;PESSOAL PROC.DE APOSENTADORIA;A.TEC-I;; ESTATUTARIO;3937,15;;3937,15;675,85;3261,30;
MARIA DAS GRACAS DE SOUZA TORRES;NUCLEO DE PROTOCOLO;A.TEC-I;; ESTATUTARIO;4443,13;;4443,13;786,45;3656,68;
MARIA DAS GRACAS ROCHA DE SOUZA;SEC.EXE.AD.G.PAT.GAST.PUBLICOS;A.TEC-I;ASSISTENTE TECNICO; ESTATUTARIO;4463,07;;4463,07;792,84;3670,23;
MARIA DE FATIMA DA SILVA MELO;GER.AUDITORIA DE FOLHA PAGTO.;A.TEC-I;F. GRATIFICADA, FG-3; ESTATUTARIO;7548,32;;7548,32;1612,54;5935,78;
MARIA DE FATIMA DE SOUZA ALENCAR;COORD.GER.SEC.EX.ADJ.G.R.HUM.;ASSISTENTE TECNICO;GERENTE; ESTATUTARIO;4000,00;;4000,00;263,87;3736,13;
MARIA DE LOURDES OLIVEIRA XAVIER;PESSOAL PROC.DE APOSENTADORIA;A.TEC-I;; ESTATUTARIO;3906,23;;3906,23;695,97;3210,26;
MARIA DE NAZARÉ JATOBÁ DO LAGO;COORD.GER.SEC.EX.ADJ.G.R.HUM.;ASSESSOR I;NAO INFORMADO; CARGO COMISSION.S/VINCULO;6719,77;;6719,77;1390,62;5329,15;
MARIA DO PERPETUO SOCORRO B SOUZA;JUNTA MEDICO-PERICIAL DO EST.;AUXILIAR DE SERV GERAIS 3A CLASSE;; ESTATUTARIO;2870,55;;2870,55;358,38;2512,17;
MARIA DO PERPETUO SOCORRO S GUERRA;GERENCIA DE PESSOAL;A.TEC-I;; ESTATUTARIO;4463,07;;4463,07;792,84;3670,23;
MARIA DO SOCORRO DA COSTA OLIVEIRA;GER.DE VALORIZACAO DO SERVIDOR;ASSISTENTE TECNICO 1A CLASSE;; ESTATUTARIO;3786,24;;3786,24;367,57;3418,67;
MARIA DO SOCORRO LAMONGI DE SOUZA;CONSULTORIA TEC-ADMINISTRATIVA;C.TEC-U;; ESTATUTARIO;42656,25;2229,32;40426,93;13847,46;26579,47;
MARIA DOLORES SILVA DE ARAUJO;SEC.EXE.AD.G.PAT.GAST.PUBLICOS;A.TEC-I;F. GRATIFICADA, FG-1; ESTATUTARIO;6858,71;;6858,71;1413,77;5444,94;
MARIA DOS ANJOS MARQUES LEITE;DISPONIVEL SEAD;TECNICO 3A CLASSE;; ESTATUTARIO;1313,00;;1313,00;183,82;1129,18;
MARIA DULCILENE FROTA DA SILVA;COORD.GER.SEC.EX.ADJ.G.R.HUM.;ASSISTENTE TECNICO GOVERNAMENTAL;; ESTATUTARIO;3858,01;;3858,01;626,62;3231,39;
MARIA FERREIRA DE SOUZA;PESSOAL PROC.DE APOSENTADORIA;A.TEC-I;; ESTATUTARIO;3902,40;;3902,40;694,95;3207,45;
MARIA GORETH DOS SANTOS VIEIRA;SEC.EXEC.BENS PAT.GAST.PUBLI.;MEMBRO;; GRUPO DE TRABALHO;3000,00;;3000,00;95,20;2904,80;
MARIA IZABEL OLIVEIRA MOINHO;GER.BENEFICIO DOS SERVIDORES;A.TEC-I;; ESTATUTARIO;4463,07;;4463,07;792,84;3670,23;
MARIA JOSE BRANDAO MOTA;GER.BENEFICIO DOS SERVIDORES;AGENTE ADMINISTRATIVO 3A CLASSE;; ESTATUTARIO;3603,77;;3603,77;590,57;3013,20;
MARIA JOSE LIMA COSTA;NUCLEO DE RECEPCAO;AUXILIAR DE SERV GERAIS 2A CLASSE;; ESTATUTARIO;3470,55;;3470,55;304,55;3166,00;
MARIA JULIA DE OLIVEIRA BRAGA DA RO;DISPONIVEL TCM;CONSULTOR TECNICO B;; ESTATUTARIO;1313,00;;1313,00;183,82;1129,18;
MARIA LINDINALVA DE LIRA BARBOSA;DISPONIVEL TCM;ASSISTENTE TECNICO ADMINISTRATIVO B;; ESTATUTARIO;1309,59;;1309,59;177,61;1131,98;
MARIA MITZI DINELLI MAGNANI;GERENCIA DE PESSOAL;A.TEC-III;; ESTATUTARIO;4065,61;;4065,61;658,34;3407,27;
MARIA NILMA DE SOUSA SILVA;GER.DE PLANEJ.ORC.E FINANCAS;A.TEC-II;GERENTE, AD-2; ESTATUTARIO;6839,46;;6839,46;1382,49;5456,97;
MARIA RITA GARCEZ VIEIRA FREDERICO;PESSOAL PROC.DE APOSENTADORIA;A.TEC-I;; ESTATUTARIO;3906,23;;3906,23;695,97;3210,26;
MARIA VALDA BARROSO;NUCLEO DE SERVICOS GERAIS;AUX.S.G-I;; ESTATUTARIO;3333,61;;3333,61;422,58;2911,03;
MARIA VALDECIRA AIRES DA SILVA;PESSOAL PROC.DE APOSENTADORIA;AUX.ADM-I;; ESTATUTARIO;2703,21;;2703,21;410,01;2293,20;
MARIA VALDENIZIA DA COSTA VAZ;GER.BENEFICIO DOS SERVIDORES;AUX.ADM-I;; ESTATUTARIO;3953,27;;3953,27;529,32;3423,95;
MARIA WALDELICE DE AZEVEDO FREITAS;GER.DE APOIO, MANUT.LOGISTICA;A.TEC-I;; ESTATUTARIO;4389,42;;4389,42;769,25;3620,17;
MARIA ZENIRA VIEIRA DE OLIVEIRA;CONSULTORIA TEC-ADMINISTRATIVA;AUX.S.G-I;; ESTATUTARIO;3957,73;;3957,73;544,23;3413,50;
MARILENE NOBRE CAVALCANTE DE SOUSA;DISPONIVEL TCM;AUDITOR;; ESTATUTARIO;9102,46;;9102,46;2557,72;6544,74;
MARINDIA GUERRO DUTRA FEITOZA;JUNTA MEDICO-PERICIAL DO EST.;MEDICO GENERALISTA;PERITO; ESTATUTARIO;1250,00;;1250,00;;1250,00;
MARIO JORGE MARTINS DE PAULA;PESSOAL PROC.DE APOSENTADORIA;TECNICO EM PLANEJAMENTO 1A CLASSE;; ESTATUTARIO;1212,00;;1212,00;169,68;1042,32;
MARIO JORGE QUADROS DE MACEDO;JUNTA MEDICO-PERICIAL DO EST.;PERITO;; CONSELHO;1250,00;;1250,00;;1250,00;
MARIO PORTO DE AGUIAR;DISPONIVEL POLICIA CIVIL;AGENTE DE POLICIA 1A CLASSE;; ESTATUTARIO;17328,10;;17328,10;5341,85;11986,25;
MARLUCIA FERNANDES DA SILVA;COORD.GER.SEC.EX.ADJ.G.R.HUM.;AUX.O-I;; ESTATUTARIO;3933,61;;3933,61;538,10;3395,51;
MIGUEL RODRIGUES DA FONSECA;NUCLEO DE VIGILANCIA;MARINHEIRO FLUVIAL DE CONVES;; ESTATUTARIO;3190,51;;3190,51;467,41;2723,10;
MIRIAN DA CRUZ PINHEIRO;CONSULTORIA TEC-ADMINISTRATIVA;AUX.S.G-I;; ESTATUTARIO;3958,61;;3958,61;544,46;3414,15;
MONICA BASTOS CASTRO;CONSULTORIA TEC-ADMINISTRATIVA;ASSESSOR I;NAO INFORMADO; CARGO COMISSION.S/VINCULO;6973,03;;6973,03;1637,21;5335,82;
MONICA SOARES GUIMARAES;DEPTO.DE ADMINIST.E FINANCAS;MEMBRO;; GRUPO DE TRABALHO;3000,00;;3000,00;95,20;2904,80;
MONIQUE DA SILVA TAPAJOS;DISPONIVEL TCM;PROCURADOR DE CONTAS A;; ESTATUTARIO;9581,54;;9581,54;2738,09;6843,45;
NAIME SA TAMER;JUNTA MEDICO-PERICIAL DO EST.;AGENTE ADMINISTRATIVO 2A CLASSE;; ESTATUTARIO;3754,69;;3754,69;631,17;3123,52;
NAIRO AGUIAR CORDEIRO;COMISSAO DE REGIME DISCIPLINAR;MEMBRO COMISSAO REGIME DISCIPLINAR;; CONSELHO;700,00;;700,00;;700,00;
NATASHA LIMA DA SILVA NEVES ABREU;JUNTA MEDICO-PERICIAL DO EST.;PERITO;; CONSELHO;1250,00;;1250,00;;1250,00;
NEUZA NASCIMENTO FERREIRA;ARQUIVO PUB.EST.DO AMAZONAS;A.TEC-I;; ESTATUTARIO;4419,32;;4419,32;778,83;3640,49;
NEY GEORGE BELTRAO DA COSTA;NUCLEO DE VIGILANCIA;MARINHEIRO FLUVIAL DE CONVES;; ESTATUTARIO;3136,74;;3136,74;464,32;2672,42;
NILZETE NEVES RODRIGUES;COORD.GER.SEC.EX.ADJ.G.R.HUM.;A.TEC-I;; ESTATUTARIO;4449,65;;4449,65;788,54;3661,11;
NORMA MOURA DA SILVA;ARQUIVO PUB.EST.DO AMAZONAS;ENCADERNADOR;; ESTATUTARIO;3496,71;;3496,71;582,58;2914,13;
NUBIA RODRIGUES LEOPOLDO DE MENEZES;SEC.EXEC.BENS PAT.GAST.PUBLI.;MEMBRO;; GRUPO DE TRABALHO;3000,00;;3000,00;95,20;2904,80;
OCIMAR PIRES DE SOUSA;GABINETE DO SECRETARIO APOIO;A.TEC-I;; ESTATUTARIO;3914,97;;3914,97;698,33;3216,64;
OLINETE OLIVEIRA MAGALHAES;EXTINTO B.CARGOS AGUARD.RELOT.;AUX.S.G-II;; ESTATUTARIO;1212,00;;1212,00;401,29;810,71;
ORLANDO BARBOSA MARTINS;ARQUIVO ADMINISTRATIVO II;ASSESSOR I;NAO INFORMADO; CARGO COMISSION.S/VINCULO;5229,77;;5229,77;981,03;4248,74;
ORLANDO DA SILVA CAMARA;SEC.EXEC.BENS PAT.GAST.PUBLI.;MEMBRO;; GRUPO DE TRABALHO;3000,00;;3000,00;95,20;2904,80;
OSVALDIZIA MELO VEIGA;GERENCIA DE PESSOAL;ASSISTENTE TECNICO I;; ESTATUTARIO;4034,00;;4034,00;450,92;3583,08;
OTILIA RIBEIRO BARROSO CESAR;REMANEJADOS EXT.OUVID.GER.EST.;A.TEC-I;; ESTATUTARIO;5742,29;;5742,29;1105,37;4636,92;
OTILIO TADEU LINHARES;DISPONIVEL SEAD;ENGENHEIRO AGRONOMO;; ESTATUTARIO;1313,00;;1313,00;183,82;1129,18;
PAOLA DI ANGELIS BRASIL PASSOS;SEC.EXEC.BENS PAT.GAST.PUBLI.;MEMBRO;; GRUPO DE TRABALHO;3000,00;;3000,00;95,20;2904,80;
PAULA GRETHEANE FONSECA DE OLIVEIRA;DEPTO.DE ADMINIST.E FINANCAS;ASSESSOR II;NAO INFORMADO; CARGO COMISSION.S/VINCULO;6213,79;;6213,79;1147,95;5065,84;
PAULO ROBERTO IOPPI;DISPONIVEL SEAD;ENGENHEIRO 2A CLASSE;; ESTATUTARIO;1305,97;;1305,97;171,02;1134,95;
PAULO VICTOR MARQUES VIANA;DEPTO.DE TECNOL.DA INFORMACAO;CHEFE DE DEPARTAMENTO;CHEFE DE DEPARTAMENT; CARGO COMISSION.S/VINCULO;8229,77;;8229,77;1805,87;6423,90;
PEDRO BRUNO DOS PRAZERES;NUCLEO DE VIGILANCIA;AUX.O-III;; ESTATUTARIO;3249,72;;3249,72;395,14;2854,58;
PEDRO DE SOUZA MOREIRA;NUCLEO DE VIGILANCIA;VIGIA;; ESTATUTARIO;2317,14;;2317,14;322,72;1994,42;
PEDRO GOMES DE QUEIROZ PIERRE;ARQUIVO PUB.EST.DO AMAZONAS;ASSESSOR II;NAO INFORMADO; CARGO COMISSION.S/VINCULO;5613,05;;5613,05;1125,18;4487,87;
PERICLES DE PINHO CORREA;GER.BENEFICIO DOS SERVIDORES;A.TEC-I;; ESTATUTARIO;4463,07;;4463,07;792,84;3670,23;
PRISCILA HELLEN FIGUEREDO DA COSTA;NUCLEO DE PROTOCOLO;ASSESSOR III;NAO INFORMADO; CARGO COMISSION.S/VINCULO;3191,80;;3191,80;372,18;2819,62;
PRISCILLA FRANCA ATALA;SEC.EXEC.BENS PAT.GAST.PUBLI.;MEMBRO;; GRUPO DE TRABALHO;3000,00;;3000,00;95,20;2904,80;
RACHEL DA SILVA ANDRADE;JUNTA MEDICO-PERICIAL DO EST.;ENCADERNADOR;; ESTATUTARIO;3300,96;;3300,96;312,21;2988,75;
RAIMUNDA CORREA DA SILVA;NUCLEO DE SERVICOS GERAIS;AUX.S.G-II;AUX. SERVIÇOS GERAIS; ESTATUTARIO;2527,25;;2527,25;358,18;2169,07;
RAIMUNDA NONATA DE OLIVEIRA BEZERRA;PESSOAL PROC.DE APOSENTADORIA;AUXILIAR DE SERVICOS GERAIS;; ESTATUTARIO;2498,10;;2498,10;347,53;2150,57;
RAIMUNDA NONATA SOUZA GOMES;GERENCIA DE PESSOAL;A.TEC-I;ASSIST. ADMINIST.; ESTATUTARIO;4455,78;;4455,78;790,50;3665,28;
RAIMUNDO AGUIAR COELHO;NUCLEO DE SERVICOS GERAIS;VIGIA-I;; ESTATUTARIO;2627,66;;2627,66;393,35;2234,31;
RAIMUNDO ALBERTO DA SILVA MENTA;GER.AUDITORIA DE FOLHA PAGTO.;A.TEC-I;F. GRATIFICADA, FG-1; ESTATUTARIO;6312,19;;6312,19;1025,99;5286,20;
RAIMUNDO BARROS WAUGHON;NUCLEO DE PROTOCOLO;A.TEC-I;; ESTATUTARIO;4453,10;;4453,10;789,64;3663,46;
RAIMUNDO DA COSTA GONCALVES;NUCLEO DE VIGILANCIA;VIGIA-II;; ESTATUTARIO;2520,15;;2520,15;354,56;2165,59;
RAIMUNDO FERREIRA DA SILVA;NUCLEO DE VIGILANCIA;MARINHEIRO FLUVIAL DE CONVES;; ESTATUTARIO;2940,56;;2940,56;424,21;2516,35;
RAIMUNDO LIMA DE HOLANDA;NUCLEO DE SERVICOS GERAIS;AUX.O-I;; ESTATUTARIO;3571,92;;3571,92;508,72;3063,20;
RAIMUNDO LIMA FERREIRA;PENSIONISTAS ALFREDO DA MATA;PENSIONISTA LEI 1735 DE 14.11.85;; PENSIONISTA POR LEI;1212,00;;1212,00;;1212,00;
RAIMUNDO RODRIGUES DE MORAES;PESSOAL PROC.DE APOSENTADORIA;AUX.O-I;; ESTATUTARIO;2545,01;;2545,01;377,65;2167,36;
RANSES GADELHA BEZERRA;SEC.EXE.AD.G.PAT.GAST.PUBLICOS;SEC.EXEC.ADJ.GEST.PATR.GAST.PUBL.;NAO INFORMADO; CARGO COMISSION.S/VINCULO;12000,00;;12000,00;3031,22;8968,78;
REGINA LUCIA BRANDAO LIMA JAEGER;EXTINTO B.CARGOS AGUARD.RELOT.;TNS-III;; ESTATUTARIO;5270,37;;5270,37;1121,54;4148,83;
RIAD ABRAHIM BALLUT;DEPTO.DE ADMINIST.E FINANCAS;AFP-U;; ESTATUTARIO;17509,40;;17509,40;5453,11;12056,29;
RICARDO QUEIROZ DE PAIVA;COMISSAO DE REGIME DISCIPLINAR;MEMBRO COMISSAO REGIME DISCIPLINAR;MEMBRO CRD; CONSELHO;700,00;;700,00;;700,00;
RITA MARIA DE SOUZA GONCALVES;PESSOAL PROC.DE APOSENTADORIA;TECNICO 2A CLASSE;; ESTATUTARIO;1212,00;;1212,00;169,68;1042,32;
ROBERTA ALINE DA COSTA SA PORTILIO;GERENCIA DE PESSOAL;MEMBRO;; GRUPO DE TRABALHO;3000,00;;3000,00;95,20;2904,80;
ROBERTO CONTE DE MELO;DISPONIVEL SEAD;ASSISTENTE TECNICO 3A CLASSE;; ESTATUTARIO;1313,00;;1313,00;183,82;1129,18;
ROBERTO SOBREIRA NASCIMENTO;DISPONIVEL SEAD;ELETRICISTA;; ESTATUTARIO;1313,00;;1313,00;183,82;1129,18;
ROBERVAL WILKENS MARINHO;DISPONIVEL POLICIA CIVIL;ESCRIVAO DE POLICIA 3A CLASSE;; ESTATUTARIO;1313,00;;1313,00;183,82;1129,18;
ROBSON GUIMARAES DE SOUSA;RELOTADOS DA SEC/AMAZONASTUR;ASSISTENTE TECNICO I;; ESTATUTARIO;3885,56;;3885,56;609,14;3276,42;
ROGERIO DE ARAUJO BARBOZA;GT - BENS PATRIMONIAIS;MEMBRO;; GRUPO DE TRABALHO;3000,00;;3000,00;95,20;2904,80;
ROOSEVELT DOS SANTOS LOPES;COORD.DE BENS PATRIMONIAIS;AUX.ADM-III;AGENTE ADMINISTRAT.; ESTATUTARIO;6461,81;;6461,81;1143,23;5318,58;
RORIZ MOTA DE BRITO;NUCLEO DE TRANSPORTE;MOT-III;MOTORISTA; ESTATUTARIO;3698,03;;3698,03;493,38;3204,65;
ROSANGELA ABREU DA COSTA LINS;DISPONIVEL TCM;AUDITOR ASSISTENTE - N.S.;; ESTATUTARIO;1313,00;;1313,00;183,82;1129,18;
ROSANGELA MARTINEZ ALVES;SEC.EXEC.DE ADMINIST.E GESTAO;GERENTE;GERENTE; CARGO COMISSION.S/VINCULO;6213,79;;6213,79;1147,95;5065,84;
ROSENI MONTEIRO DA SILVA;DEPTO.DE TECNOL.DA INFORMACAO;ASSESSOR II;ASSESSOR II; CARGO COMISSION.S/VINCULO;4209,79;;4209,79;640,87;3568,92;
ROSILENE DE DEUS MEDEIROS;ASSESSORIA DE COMUNICACAO;ASSESSOR I;NAO INFORMADO; CARGO COMISSION.S/VINCULO;8229,77;;8229,77;1753,74;6476,03;
ROSILENE VIDAL BARRETO;GER.DE PLANEJ.ORC.E FINANCAS;GERENTE;GERENTE; CARGO COMISSION.S/VINCULO;6213,79;;6213,79;1147,95;5065,84;
RUBENS GONCALVES BRITO;CONSULTORIA TEC-ADMINISTRATIVA;ASSESSOR II;ASSESSOR II; CARGO COMISSION.S/VINCULO;4209,79;;4209,79;640,87;3568,92;
RUI DA SILVA CAVALCANTE;DISPONIVEL TCM;AUDITOR ASSISTENTE - N.S.;; ESTATUTARIO;1313,00;;1313,00;183,82;1129,18;
RUTH RODRIGUES PINTO;PESSOAL PROC.DE APOSENTADORIA;AUX.S.G-I;; ESTATUTARIO;2545,01;;2545,01;377,65;2167,36;
SANDRA MARIA CUVELLO DE ANDRADE;DISPONIVEL TCM;CONSULTOR TECNICO B;; ESTATUTARIO;1313,00;;1313,00;183,82;1129,18;
SANDRA MARIA KANAWATI LASMAR;JUNTA MEDICO-PERICIAL DO EST.;MEDICO ESPECIALISTA;PERITO; ESTATUTARIO;1250,00;;1250,00;;1250,00;
SANDRA MARIA STONE DE ARAUJO;ARQUIVO PUB.EST.DO AMAZONAS;AUX.O-I;; ESTATUTARIO;2921,30;;2921,30;408,14;2513,16;
SANDRO HUDSON MIWA NEVES;SEC.EXEC.BENS PAT.GAST.PUBLI.;MEMBRO;; GRUPO DE TRABALHO;3000,00;;3000,00;95,20;2904,80;
SEBASTIÃO ALVES LAVOR NETO;GT - BENS PATRIMONIAIS;MEMBRO;; GRUPO DE TRABALHO;7500,00;;7500,00;1193,14;6306,86;
SEBASTIAO FILHO FERREIRA DA SILVA;JUNTA MEDICO-PERICIAL DO EST.;MARINHEIRO;1; ESTATUTARIO;3388,59;;3388,59;484,61;2903,98;
SEBASTIAO GILSON FARIAS GONDIM;EXTINTO B.CARGOS AGUARD.RELOT.;ASSISTENTE TECNICO;; ESTATUTARIO;1212,00;;1212,00;250,69;961,31;
SERGIO GUILHERME TEIXEIRA ARANHA;NUCLEO DE SERVICOS GERAIS;AUX.S.G-I;; ESTATUTARIO;3431,07;;3431,07;472,89;2958,18;
SEVERINO ANTONIO AGUIAR RAMOS;DISPONIVEL SEAD;ENGENHEIRO 1A CLASSE;; ESTATUTARIO;1306,98;;1306,98;172,85;1134,13;
SHEILA MARA PEREIRA FRANCO;GER.AUDITORIA DE FOLHA PAGTO.;AGENTE ADMINISTRATIVO 4A CLASSE;F. GRATIFICADA, FG-3; ESTATUTARIO;5029,59;;5029,59;652,87;4376,72;
SILVIO EDUARDO LIMA SARMENTO;ASSESSORIA DE COMUNICACAO;ASSESSOR II;; CARGO COMISSION.S/VINCULO;7209,79;;7209,79;1369,71;5840,08;
SOCORRO MAGDA MENDES BORGES;GERENCIA DE REGISTRO DE DADOS;AUX.ADM-I;; ESTATUTARIO;3953,27;;3953,27;557,76;3395,51;
SUELI JACOB;DISPONIVEL SEAD;TECNICO A;; ESTATUTARIO;1313,00;;1313,00;183,82;1129,18;
SUELY FARIAS DA SILVA;EXTINTO B.CARGOS AGUARD.RELOT.;A.TEC-I;; ESTATUTARIO;3906,23;;3906,23;695,97;3210,26;
SUZANA MONTEIRO DE OLIVEIRA;ESC.GEST.E APERF.DO SERV.PUBL.;GERENTE;NAO INFORMADO; CARGO COMISSION.S/VINCULO;4209,79;;4209,79;640,87;3568,92;
SUZANY LIMA DO NASCIMENTO;COORD.GER.SEC.EX.ADJ.G.R.HUM.;ASSESSOR II;NAO INFORMADO; CARGO COMISSION.S/VINCULO;4209,79;;4209,79;640,87;3568,92;
TALITA DO SOCORRO DE SOUZA VIANA;GER.BENEFICIO DOS SERVIDORES;ASSESSOR III;NAO INFORMADO; CARGO COMISSION.S/VINCULO;3191,80;;3191,80;352,48;2839,32;
TARCIO COSTA AMORIM;SEC.EXE.AD.G.PAT.GAST.PUBLICOS;CHEFE DE DEPARTAMENTO;NAO INFORMADO; CARGO COMISSION.S/VINCULO;5229,77;;5229,77;938,37;4291,40;
TATIANE DE SOUZA PINTO;GT - BENS PATRIMONIAIS;MEMBRO;; GRUPO DE TRABALHO;7500,00;;7500,00;1193,14;6306,86;
TATIANNE VIEIRA ASSAYAG TOLEDO;SEC.EXEC.DE ADMINIST.E GESTAO;PROCURADOR DO ESTADO 2A CLASSE;SECRETARIO EXEC.DE A; ESTATUTARIO;9900,00;1964,41;7935,59;2182,29;5753,30;
TEREZA CRISTINA FROES DA CRUZ SILVA;DEPTO.DE ADMINIST.E FINANCAS;A.TEC-I;; ESTATUTARIO;4443,13;;4443,13;786,45;3656,68;
TEREZINHA DE JESUS ARAUJO VAZ;PESSOAL PROC.DE APOSENTADORIA;A.TEC-I;; ESTATUTARIO;3906,23;;3906,23;695,97;3210,26;
TEREZINHA DE OLIVEIRA ROCHA;DISPONIVEL TCM;CONSULTOR TECNICO A;; ESTATUTARIO;383,90;;383,90;53,75;330,15;
THANIA REGINA PEREIRA DE S FALCAO;GERENCIA DE REGISTRO DE DADOS;A.TEC-I;; ESTATUTARIO;5938,74;;5938,74;1159,89;4778,85;
THAYANE HELLEN LIRA BARRETO;COORD.GER.SEC.EX.ADJ.G.R.HUM.;ASSESSOR II;NAO INFORMADO; CARGO COMISSION.S/VINCULO;4209,79;;4209,79;640,87;3568,92;
THAYNA QUEIROZ LINS;GABINETE DO SECRETARIO APOIO;CHEFE DE DEPARTAMENTO;CHEFE DE DEPARTAMENT; CARGO COMISSION.S/VINCULO;5229,77;;5229,77;981,03;4248,74;
THAYS HELENA GUIMARAES DE M MATTOS;GT - BENS PATRIMONIAIS;MEMBRO;; GRUPO DE TRABALHO;7500,00;;7500,00;1193,14;6306,86;
VALDEMIR GUIMARAES DE OLIVEIRA;DISPONIVEL SEAD;AGENTE ADMINISTRATIVO 3A CLASSE;; ESTATUTARIO;1313,00;;1313,00;183,82;1129,18;
VALDENEI DOS SANTOS CORREA;GER.BENEFICIO DOS SERVIDORES;ASSESSOR I;NAO INFORMADO; CARGO COMISSION.S/VINCULO;6719,77;;6719,77;1390,62;5329,15;
VALDINETE COELHO DE MENEZES;PESSOAL PROC.DE APOSENTADORIA;A.TEC-I;; ESTATUTARIO;3897,48;;3897,48;693,62;3203,86;
VALERIA DA SILVA SODRE;SEC.EXEC.BENS PAT.GAST.PUBLI.;MEMBRO;; GRUPO DE TRABALHO;3000,00;;3000,00;95,20;2904,80;
VANDA DA CRUZ CARVALHO CALADO;GERENCIA DE REGISTRO DE DADOS;AUXILIAR TECNICO;; ESTATUTARIO;4080,01;;4080,01;662,01;3418,00;
VANDERRUBEM MARCELINO NEVES;GER.DE VALORIZACAO DO SERVIDOR;A.TEC-I;ASSISTENTE TECNICO; ESTATUTARIO;3897,48;;3897,48;579,41;3318,07;
VANIA MARIA NONATA DA SILVA;GER.DE PLANEJ.ORC.E FINANCAS;AUX.ADM-I;; ESTATUTARIO;3953,27;;3953,27;557,76;3395,51;
VANIA REGINA ALVES RODRIGUES;DEPTO.DE ADMINIST.E FINANCAS;MEMBRO;; GRUPO DE TRABALHO;3000,00;;3000,00;95,20;2904,80;
VERA COELHO DE MENEZES DO VALE;DEPTO.DE ADMINIST.E FINANCAS;A.TEC-I;; ESTATUTARIO;3906,23;;3906,23;695,97;3210,26;
VERA LUCIA MARTINS GUIMARAES;GER.DE PLANEJ.ORC.E FINANCAS;ASSESSOR IV;ASSESSOR IV; CARGO COMISSION.S/VINCULO;3175,61;;3175,61;368,10;2807,51;
VERONICA PEREIRA FIGUEIREDO;GERENCIA DE PESSOAL;A.TEC-I;; ESTATUTARIO;4463,07;;4463,07;792,84;3670,23;
VICENTE DE PAULO VIEIRA COLOMBO;JUNTA MEDICO-PERICIAL DO EST.;MARINHEIRO;; ESTATUTARIO;3222,55;;3222,55;447,31;2775,24;
VIRGINIA DE SOUSA PAIVA;GERENCIA DE REGISTRO DE DADOS;ASSISTENTE TECNICO 3A CLASSE;; ESTATUTARIO;4971,96;;4971,96;635,86;4336,10;
VIVALDO MICHILES NETO;SEC.EXEC.BENS PAT.GAST.PUBLI.;SEC.EXEC.DE BENS PATR.E GAST.PUBL.;NAO INFORMADO; CARGO COMISSION.S/VINCULO;14700,00;;14700,00;3773,72;10926,28;
WALDEMARINA PINTO BARROSO;PESSOAL PROC.DE APOSENTADORIA;A.TEC-I;; ESTATUTARIO;3914,97;;3914,97;698,33;3216,64;
WALDENY TAVEIRA PARDO;PESSOAL PROC.DE APOSENTADORIA;MOT-I;; ESTATUTARIO;2768,87;;2768,87;423,43;2345,44;
WANDERLEY DA SILVA RAMALHO;SEC.EXEC.BENS PAT.GAST.PUBLI.;ASSESSOR III;NAO INFORMADO; CARGO COMISSION.S/VINCULO;3191,80;;3191,80;372,18;2819,62;
WANESSA GALIZA MALTA DE OLIVEIRA;DEPTO.DE ADMINIST.E FINANCAS;MEMBRO;; GRUPO DE TRABALHO;4000,00;;4000,00;263,87;3736,13;
WILMA NASCIMENTO FERREIRA;PESSOAL PROC.DE APOSENTADORIA;A.TEC-I;; ESTATUTARIO;3888,74;;3888,74;691,27;3197,47;
YOLANDA CORREA MANSUR;GABINETE DO SECRETARIO APOIO;ASSESSOR I;NAO INFORMADO; CARGO COMISSION.S/VINCULO;5229,77;;5229,77;981,03;4248,74;
ZELIA MACHADO RIBEIRO FILHA;NUCLEO DE ARQ.ADMINISTRATIVO;AUXILIAR TECNICO;; ESTATUTARIO;4080,01;;4080,01;662,01;3418,00;
