NOME;LOTACAO;CARGO;FUNCAO;VINCULO;REMUNERACAO LEGAL TOTAL(R$);DESC.TETO(R$); REMUNERACAO LEGAL DEVIDA(R$);DESCONTOS LEGAIS(R$);LIQUIDO DISPONIVEL(R$);
ADALBERTO SENA DE ASSIS;NUCLEO DE TRANSPORTE;MOTORISTA 3A CLASSE;GERENTE; ESTATUTARIO;3.774,49;;3.774,49;386,30;3.388,19;
ADALGISA TAVARES DOS SANTOS CAMPOS;GERENCIA DE REGISTRO DE DADOS;A.TEC-I;; ESTATUTARIO;4.419,32;;4.419,32;778,83;3.640,49;
ADALTO FERREIRA PAULINO;PENSIONISTAS ALFREDO DA MATA;PENSIONISTA LEI 1735 DE 14.11.85;; PENSIONISTA POR LEI;1.100,00;;1.100,00;;1.100,00;
ADERSON JOSE DA SILVA;PENSIONISTAS ALFREDO DA MATA;PENSIONISTA LEI 1735 DE 14.11.85;; PENSIONISTA POR LEI;1.100,00;;1.100,00;;1.100,00;
ADILSON MOZART SILVA MAIA;PENSIONISTAS ALFREDO DA MATA;PENSIONISTA LEI 1735 DE 14.11.85;; PENSIONISTA POR LEI;1.100,00;;1.100,00;;1.100,00;
ADMIR BRAGA DA SILVA;NUCLEO DE VIGILANCIA;AUXILIAR ADMINISTRATIVO;; ESTATUTARIO;2.406,32;;2.406,32;336,88;2.069,44;
AGENOR PANILHA CAMPOS;GER.DE APOIO, MANUT.LOGISTICA;A.TEC-I;; ESTATUTARIO;3.825,98;;3.825,98;674,39;3.151,59;
ALBERTINA JUSTINA DOS SANTOS;GABINETE DO SECRETARIO APOIO;AUX.S.G-I;; ESTATUTARIO;2.925,43;;2.925,43;408,92;2.516,51;
ALDECY PESSOA DE MELO;NUCLEO DE VIGILANCIA;VIGIA-III;; ESTATUTARIO;2.861,81;;2.861,81;356,59;2.505,22;
ALDENORA SILVA DE ALMEIDA ALVES;NUCLEO DE PROTOCOLO;ASSESSOR IV;ASSESSOR IV; CARGO COMISSION.S/VINCULO;2.575,61;;2.575,61;252,09;2.323,52;
ALEANDRO DANTAS CHAVES;COORD.DE BENS PATRIMONIAIS;AUX.ADM-II;GERENTE; ESTATUTARIO;7.710,15;;7.710,15;1.506,04;6.204,11;
ALESSANDRA DA ROCHA GOMES;JUNTA MEDICO-PERICIAL DO EST.;AUX.S.G-II;AUX. SERVICOS GERAIS; ESTATUTARIO;3.982,36;;3.982,36;460,69;3.521,67;
ALEX HARLEI SALES LAUDELINO;NUCLEO DE SERVICOS GERAIS;MARINHEIRO FLUVIAL DE CONVES;; ESTATUTARIO;2.926,52;;2.926,52;383,36;2.543,16;
ALEXANDRE AUGUSTO ALENCAR QUEIROZ;CONSULTORIA TEC-ADMINISTRATIVA;COORDENADOR CTA;NAO INFORMADO; CARGO COMISSION.S/VINCULO;12.823,33;;12.823,33;3.205,49;9.617,84;
ALEXANDRE DULVAL LUCENA NASCIMENTO;DEPTO.DE ADMINIST.E FINANCAS;ASSISTENTE TECNICO 1A CLASSE;FG-1; ESTATUTARIO;9.665,07;;9.665,07;1.891,30;7.773,77;
ALEXANDRE PIMENTEL PASSOS;SEC.EXEC.BENS PAT.GAST.PUBLI.;MEMBRO;; GRUPO DE TRABALHO;3.000,00;;3.000,00;95,20;2.904,80;
ALFREDO JOSE DE CAMPOS BANDEIRA;DEPTO.DE ADMINIST.E FINANCAS;TNS-I;; ESTATUTARIO;3.593,59;;3.593,59;895,51;2.698,08;
ALLYNE KELLY MENEZES B OLIVEIRA;JUNTA MEDICO-PERICIAL DO EST.;MEDICO GENERALISTA;PERITO; ESTATUTARIO;1.250,00;;1.250,00;;1.250,00;
ALMIR SALES DE ANDRADE;DISPONIVEL SEAD;OPERADOR DE RADIO;; ESTATUTARIO;1.313,00;;1.313,00;196,65;1.116,35;
ALMIR SAMPAIO CAVALCANTE;GRUP.INT.PREV.INVAS.AREAS PUB.;TNS-I;ASS DE SEG FUNCIONAL; ESTATUTARIO;14.490,09;;14.490,09;3.727,59;10.762,50;
ALTAIR FERREIRA DA CUNHA;DEPTO.DE TECNOL.DA INFORMACAO;ASSESSOR II;NAO INFORMADO; CARGO COMISSION.S/VINCULO;4.209,79;;4.209,79;640,87;3.568,92;
ALUISIO DE SOUSA PIMENTEL;NUCLEO DE TRANSPORTE;MOT-III;; ESTATUTARIO;3.602,71;;3.602,71;479,08;3.123,63;
ALVARO MONTEIRO MAIA;DISPONIVEL SEAD;ENGENHEIRO 1A CLASSE;; ESTATUTARIO;1.313,00;;1.313,00;197,50;1.115,50;
AMANDA NUBIA DA SILVA GUIMARAES;GER.DE PLANEJ.ORC.E FINANCAS;ASSESSOR III;NAO INFORMADO; CARGO COMISSION.S/VINCULO;3.191,80;;3.191,80;372,18;2.819,62;
ANA ESTEFANIA SANCHES DE OLIVEIRA;COORD.DE BENS PATRIMONIAIS;COORDENADOR DE PATRIMONIO;NAO INFORMADO; CARGO COMISSION.S/VINCULO;10.500,00;;10.500,00;2.618,72;7.881,28;
ANA MARIA BOTINELLY CUNHA E SILVA;DISPONIVEL TCM;AUDITOR ADJUNTO;; ESTATUTARIO;10.088,56;;10.088,56;2.854,10;7.234,46;
ANA MARIA PINA PAIVA;ESC.GEST.E APERF.DO SERV.PUBL.;ASSESSOR III;NAO INFORMADO; CARGO COMISSION.S/VINCULO;4.255,73;;4.255,73;656,19;3.599,54;
ANA PAULA ARAUJO MACIEL;GERENCIA DE PESSOAL;ASSESSOR II;; CARGO COMISSION.S/VINCULO;4.209,79;;4.209,79;640,87;3.568,92;
ANA SERGIA ALVES DA SILVA LIMA;COORD.DE BENS PATRIMONIAIS;TECNICO-TEC-T.S.N.S.-A;CHEFE DE DEPARTAMENT; ESTATUTARIO;9.748,72;;9.748,72;1.989,03;7.759,69;
ANA VIRGINIA SILVA LEMOS DE AGUIAR;ESC.GEST.E APERF.DO SERV.PUBL.;COORD.ESC.DE GEST.APERF.DO SERV.PUB;COORD.ESC.DE GEST.AP; CARGO COMISSION.S/VINCULO;8.500,00;;8.500,00;2.068,72;6.431,28;
ANDERSON LUIS MAIA ANDRADE;SEC.EXEC.BENS PAT.GAST.PUBLI.;MEMBRO;; GRUPO DE TRABALHO;3.000,00;;3.000,00;95,20;2.904,80;
ANDRE LUIZ MELO BARBOSA;JUNTA MEDICO-PERICIAL DO EST.;AUX.ADM-III;; ESTATUTARIO;2.861,81;;2.861,81;372,41;2.489,40;
ANDRE LUIZ NOGUEIRA DE SOUZA;ESC.GEST.E APERF.DO SERV.PUBL.;GERENTE;; CARGO COMISSION.S/VINCULO;5.613,05;;5.613,05;1.125,18;4.487,87;
ANDRE RICARDO CABRAL PIO;CONSULTORIA TEC-ADMINISTRATIVA;ASSESSOR II;NAO INFORMADO; CARGO COMISSION.S/VINCULO;4.209,79;;4.209,79;640,87;3.568,92;
ANDREA COELHO DA SILVA;GER.DE PLANEJ.ORC.E FINANCAS;GERENTE;GERENTE; DISP. OUTROS ESFERAS;4.000,00;;4.000,00;263,87;3.736,13;
ANDREZA HELENA DA SILVA;COORD.GER.SEC.EX.ADJ.G.R.HUM.;ASSISTENTE TECNICO;SEC.EXEC.ADJ.GEST.RE; ESTATUTARIO;12.100,00;;12.100,00;3.327,50;8.772,50;
ANELY CRISTINA RIBEIRO ARRUDA;ARQUIVO ADMINISTRATIVO II;ASSESSOR II;; CARGO COMISSION.S/VINCULO;4.209,79;;4.209,79;609,94;3.599,85;
ANICE GODINHO PINTO;NUCLEO DE PROTOCOLO;A.TEC-I;GERENTE; ESTATUTARIO;4.895,57;;4.895,57;884,09;4.011,48;
ANIZIMAR LOPES MESSIAS;GER.BENEFICIO DOS SERVIDORES;A.TEC-I;; ESTATUTARIO;4.399,39;;4.399,39;772,45;3.626,94;
ANTONIA NEDINA DA COSTA LIMA;COMISSAO DE REGIME DISCIPLINAR;AUX.ADM-I;; ESTATUTARIO;4.631,06;;4.631,06;691,52;3.939,54;
ANTONIA SILEIDE VIEIRA DAMASCENO;PENSIONISTAS ALFREDO DA MATA;PENSIONISTA LEI 1735 DE 14.11.85;; PENSIONISTA POR LEI;1.100,00;;1.100,00;;1.100,00;
ANTONIO CARLOS FERNANDES DE SOUZA;DISPONIVEL SEAD;OPERADOR DE MAQUINA RODOVIARIA;; ESTATUTARIO;1.313,00;;1.313,00;196,65;1.116,35;
ANTONIO CARLOS NERY SANTANA;PESSOAL PROC.DE APOSENTADORIA;A.TEC-I;; ESTATUTARIO;3.961,15;;3.961,15;707,51;3.253,64;
ANTONIO CESAR BARONI PEREIRA;DISPONIVEL SEAD;ENGENHEIRO AGRONOMO;; ESTATUTARIO;1.313,00;;1.313,00;196,65;1.116,35;
ANTONIO LOPES DE OLIVEIRA;PENSIONISTAS ALFREDO DA MATA;PENSIONISTA LEI 1735 DE 14.11.85;; PENSIONISTA POR LEI;1.100,00;;1.100,00;;1.100,00;
ANTONIO LUCIO DE MORAIS;NUCLEO DE VIGILANCIA;AUX.S.G-II;; ESTATUTARIO;2.218,15;;2.218,15;333,35;1.884,80;
ANTONIO NERY DA SILVA;DEPTO.DE ADMINIST.E FINANCAS;ASSISTENTE TECNICO;ASSISTENTE TECNICO; ESTATUTARIO;3.887,91;;3.887,91;634,23;3.253,68;
ANTONIO NUNES PINHEIRO FILHO;DISPONIVEL POLICIA CIVIL;ESCRIVAO DE POLICIA 2A CLASSE;; ESTATUTARIO;14.248,12;;14.248,12;4.337,16;9.910,96;
ANTONIO OMAR SILVA DA COSTA;PENSIONISTAS ALFREDO DA MATA;PENSIONISTA LEI 1735 DE 14.11.85;; PENSIONISTA POR LEI;1.100,00;;1.100,00;;1.100,00;
ANTONIO RODRIGUES DOS SANTOS;PENSIONISTAS ALFREDO DA MATA;PENSIONISTA LEI 1735 DE 14.11.85;; PENSIONISTA POR LEI;1.100,00;;1.100,00;;1.100,00;
APOENA NASCIMENTO TEIXEIRA;SEC.EXE.AD.G.PAT.GAST.PUBLICOS;ASSESSOR II;; CARGO COMISSION.S/VINCULO;5.613,05;;5.613,05;892,54;4.720,51;
ARACELY ALBERTINO DE MELO;GABINETE DO SECRETARIO APOIO;ASSESSOR IV;NAO INFORMADO; CARGO COMISSION.S/VINCULO;3.434,15;;3.434,15;404,81;3.029,34;
ARIANNA BIANCA CAMPOS RABELO;SEC.EXE.AD.G.PAT.GAST.PUBLICOS;ASSESSOR II;NAO INFORMADO; CARGO COMISSION.S/VINCULO;7.209,79;;7.209,79;1.369,71;5.840,08;
ARQUIMEDES CARVALHO LASMAR;JUNTA MEDICO-PERICIAL DO EST.;A.TEC-I;; ESTATUTARIO;5.106,41;;5.106,41;928,34;4.178,07;
AUREO GONCALVES NEVES;DISPONIVEL SEAD;TECNICO 2A CLASSE;; ESTATUTARIO;1.313,00;;1.313,00;196,65;1.116,35;
AYMAN BAYDOUN;COORD.DE BENS PATRIMONIAIS;ASSESSOR I;NAO INFORMADO; CARGO COMISSION.S/VINCULO;9.973,03;;9.973,03;2.462,21;7.510,82;
BEATRIZ PAIVA MOREIRA LOPES;DEPTO.DE ADMINIST.E FINANCAS;ASSESSOR II;NAO INFORMADO; CARGO COMISSION.S/VINCULO;4.209,79;;4.209,79;640,87;3.568,92;
BIANCA SANDRINI LIMA PEREIRA;JUNTA MEDICO-PERICIAL DO EST.;GERENTE;NAO INFORMADO; CARGO COMISSION.S/VINCULO;4.209,79;;4.209,79;640,87;3.568,92;
CAMILA CRISTINE DE MATOS MARTINS;ARQUIVO ADMINISTRATIVO II;ASSESSOR III;NAO INFORMADO; CARGO COMISSION.S/VINCULO;3.191,80;;3.191,80;372,18;2.819,62;
CARLA VANESSA BATISTA DE SOUZA;DEPTO.DE ADMINIST.E FINANCAS;AGENTE ADM.-AGA-T.S.N.A.-E;GERENTE; ESTATUTARIO;4.821,89;;4.821,89;643,27;4.178,62;
CARLOS EDUARDO RAPOSO DA C ALENCAR;CONSULTORIA TEC-ADMINISTRATIVA;ASSESSOR I;; CARGO COMISSION.S/VINCULO;5.229,77;;5.229,77;981,03;4.248,74;
CARLOS FERNANDO LIMA SOUZA;PESSOAL PROC.DE APOSENTADORIA;A.TEC-I;; ESTATUTARIO;1.545,39;;1.545,39;539,05;1.006,34;
CARLOS GEISER RODRIGUES DE SOUZA;COMISSAO DE REGIME DISCIPLINAR;ASSESSOR III;NAO INFORMADO; CARGO COMISSION.S/VINCULO;4.255,73;;4.255,73;656,19;3.599,54;
CARLY DA SILVA FARIA;COORD.DE BENS PATRIMONIAIS;GERENTE;NAO INFORMADO; CARGO COMISSION.S/VINCULO;7.209,79;;7.209,79;1.036,41;6.173,38;
CARMEM LUCIA ROSAS GOMES;PESSOAL PROC.DE APOSENTADORIA;A.TEC-I;; ESTATUTARIO;3.783,38;;3.783,38;662,93;3.120,45;
CAROLINE SKROBOT GROSSO LINDENBERG;SEC.EXEC.BENS PAT.GAST.PUBLI.;MEMBRO;; GRUPO DE TRABALHO;3.000,00;;3.000,00;95,20;2.904,80;
CASIMIRO CARDOSO DE ARAUJO FILHO;DEPTO.DE ADMINIST.E FINANCAS;MOTORISTA RODOVIARIO;; ESTATUTARIO;4.046,59;;4.046,59;485,88;3.560,71;
CEZARINA BARBOSA DE MEDEIROS;ARQUIVO PUB.EST.DO AMAZONAS;A.TEC-I;; ESTATUTARIO;5.791,44;;5.791,44;1.119,77;4.671,67;
CHRYSTIANE APARECIDA DOS S PINAGE;GERENCIA DE REGISTRO DE DADOS;A.TEC-I;FUNCAO GRATIFICADA F; ESTATUTARIO;5.137,48;;5.137,48;942,68;4.194,80;
CLARICE CABRAL CARNEIRO DA CUNHA;GABINETE DO SECRETARIO APOIO;A.TEC-I;; ESTATUTARIO;5.742,29;;5.742,29;1.105,37;4.636,92;
CLAUDIA SOCORRO FERREIRA N MARQUES;GT - BENS PATRIMONIAIS;MEMBRO;; GRUPO DE TRABALHO;3.000,00;;3.000,00;95,20;2.904,80;
CLAUDIO CARDOSO PALHETA;DEPTO.DE TECNOL.DA INFORMACAO;ASSESSOR II;NAO INFORMADO; CARGO COMISSION.S/VINCULO;7.209,79;;7.209,79;1.421,85;5.787,94;
CLAUDIO COSTA DOS SANTOS;PENSIONISTAS ALFREDO DA MATA;PENSIONISTA LEI 1735 DE 14.11.85;; PENSIONISTA POR LEI;1.100,00;;1.100,00;;1.100,00;
CLAUDIO SANTANA TRINDADE;GERENCIA DE PESSOAL;A.TEC-I;; ESTATUTARIO;5.145,48;;5.145,48;940,32;4.205,16;
CLEIA FREITAS DE SOUZA E SILVA;GERENCIA DE PESSOAL;TNS-I;; ESTATUTARIO;9.839,04;;9.839,04;2.483,85;7.355,19;
CLERME MELO DE OLIVEIRA;GERENCIA DE PESSOAL;A.TEC-II;GERENTE; ESTATUTARIO;8.456,25;;8.456,25;1.827,61;6.628,64;
CRISTIANO PANTOJA RIBEIRO;NUCLEO DE RECEPCAO;A.TEC-I;; ESTATUTARIO;3.685,90;;3.685,90;665,01;3.020,89;
CRISTINA DE ALMEIDA CAMPOS;GER.AUDITORIA DE FOLHA PAGTO.;TECNICO EM CONTABILIDADE;; ESTATUTARIO;3.792,92;;3.792,92;366,68;3.426,24;
CRISTINA LUCIANA MOREIRA R PARENTE;GT - BENS PATRIMONIAIS;MEMBRO;; GRUPO DE TRABALHO;7.500,00;;7.500,00;1.193,14;6.306,86;
DAMIAO DE SOUZA LAVAREDA;PENSIONISTAS ALFREDO DA MATA;PENSIONISTA LEI 1735 DE 14.11.85;; PENSIONISTA POR LEI;1.100,00;;1.100,00;;1.100,00;
DANIEL DO NASCIMENTO MIRANDA;COORD.DE BENS PATRIMONIAIS;ASSESSOR III;NAO INFORMADO; CARGO COMISSION.S/VINCULO;5.195,80;;5.195,80;771,19;4.424,61;
DANIEL HERCULANO DE CARVALHO;GER.DE APOIO, MANUT.LOGISTICA;ASSESSOR II;NAO INFORMADO; CARGO COMISSION.S/VINCULO;5.613,05;;5.613,05;1.125,18;4.487,87;
DANILO ALBERTO GRACIANO ALBUQUERQUE;COORD.DE BENS PATRIMONIAIS;GERENTE;NAO INFORMADO; CARGO COMISSION.S/VINCULO;7.209,79;;7.209,79;1.421,85;5.787,94;
DAVID ALCANTARA DE OLIVEIRA PITA;GT - BENS PATRIMONIAIS;MEMBRO;; GRUPO DE TRABALHO;7.500,00;;7.500,00;1.193,14;6.306,86;
DELZINDA FERREIRA BARCELOS;ASSESSORIA TEC.ADMINISTRATIVA;TNS-III;; ESTATUTARIO;7.885,31;;7.885,31;1.615,90;6.269,41;
DENISMAR MARIA ASSIS DA ROCHA;NUCLEO DE ARQ.ADMINISTRATIVO;A.TEC-I;AG. ADMINISTRATIVO; ESTATUTARIO;5.742,29;;5.742,29;1.105,37;4.636,92;
DIEGO FERREIRA PINHEIRO;GER.DE APOIO, MANUT.LOGISTICA;ASSESSOR III;NAO INFORMADO; CARGO COMISSION.S/VINCULO;3.191,80;;3.191,80;372,18;2.819,62;
DORIAM PANTOJA COSTA;DISPONIVEL SEAD;AGENTE ADMINISTRATIVO 3A CLASSE;; ESTATUTARIO;1.313,00;;1.313,00;196,65;1.116,35;
EDMEE SAMANTHA DE MEDEIROS R SEIXAS;DEPTO.DE ADMINIST.E FINANCAS;ASSISTENTE TECNICO I;; ESTATUTARIO;3.802,80;;3.802,80;600,34;3.202,46;
EDMILSON BEZERRA ALVES;JUNTA MEDICO-PERICIAL DO EST.;A.TEC-I;; ESTATUTARIO;4.083,68;;4.083,68;743,71;3.339,97;
EDNALDO FONSECA DE MELO;DISPONIVEL SEAD;AUXILIAR DE SERV GERAIS 2A CLASSE;; ESTATUTARIO;1.313,00;;1.313,00;196,65;1.116,35;
EDNILSON GOMES DE OLIVEIRA JUNIOR;COORD.GER.SEC.EX.ADJ.G.R.HUM.;ASSESSOR I;; CARGO COMISSION.S/VINCULO;8.229,77;;8.229,77;1.805,87;6.423,90;
EDUARDO MOREIRA DOS SANTOS;DEPTO.DE TECNOL.DA INFORMACAO;AUX.S.G-III;AUX. SERVICOS GERAIS; ESTATUTARIO;4.642,23;;4.642,23;611,52;4.030,71;
ELANE ALVES DE ARAUJO;COORD.GER.SEC.EX.ADJ.G.R.HUM.;ASSESSOR I;; CARGO COMISSION.S/VINCULO;9.229,77;;9.229,77;2.028,74;7.201,03;
ELCI OLIVEIRA NOBRE;GER.BENEFICIO DOS SERVIDORES;ASSISTENTE TECNICO 1A CLASSE;; ESTATUTARIO;8.555,07;;8.555,07;2.227,00;6.328,07;
ELDA SOARES DE MOURA;GERENCIA DE REGISTRO DE DADOS;A.TEC-I;; ESTATUTARIO;5.789,37;;5.789,37;1.121,55;4.667,82;
ELIAS CARNEIRO DE SOUZA;JUNTA MEDICO-PERICIAL DO EST.;AUXILIAR DE SERVICOS GERAIS;; ESTATUTARIO;2.792,64;;2.792,64;389,33;2.403,31;
ELIDIANE PAES BONFIM;GT - BENS PATRIMONIAIS;MEMBRO;; GRUPO DE TRABALHO;7.500,00;;7.500,00;1.193,14;6.306,86;
ELISA MARIA BARROSO M NAVARRO;SEC.EXE.AD.G.PAT.GAST.PUBLICOS;CHEFE DE DEPARTAMENTO;NAO INFORMADO; CARGO COMISSION.S/VINCULO;8.229,77;;8.229,77;1.805,87;6.423,90;
ELIZABETE OLIVEIRA DE ARAUJO;GER.BENEFICIO DOS SERVIDORES;AUXILIAR TECNICO;0; ESTATUTARIO;4.997,73;;4.997,73;644,72;4.353,01;
ELIZABETH DA SILVA ALVES;GERENCIA DE PESSOAL;A.TEC-I;; ESTATUTARIO;5.776,49;;5.776,49;1.117,13;4.659,36;
ELIZABETH RODRIGUES DIAS;REMANEJADOS EXT.OUVID.GER.EST.;A.TEC-I;; ESTATUTARIO;4.443,13;;4.443,13;690,16;3.752,97;
ELSIMAR FERNANDO SANTIAGO;GABINETE DO SECRETARIO;TECNICO GRAFICO;ASSESSOR I; ESTATUTARIO;5.980,89;;5.980,89;1.178,75;4.802,14;
ELYNNE NEGREIROS FONSECA;DEPTO.DE TECNOL.DA INFORMACAO;ASSESSOR II;NAO INFORMADO; CARGO COMISSION.S/VINCULO;4.209,79;;4.209,79;640,87;3.568,92;
EMERSON LINS DE LIMA;JUNTA MEDICO-PERICIAL DO EST.;FISCAL RODOVIARIO;; ESTATUTARIO;4.500,64;;4.500,64;636,67;3.863,97;
EMILIA CONCEICAO FREIRE MORY;DISPONIVEL TCM;TECNICO ADMINISTRATIVO;; ESTATUTARIO;1.313,00;;1.313,00;196,65;1.116,35;
ESPEDITO SOARES DA SILVA;PENSIONISTAS HANSENIANOS CAPIT;PENSIONISTA LEI 1735 DE 14.11.85;; PENSIONISTA POR LEI;1.100,00;;1.100,00;;1.100,00;
ETIANE TEREZA RUAS FARIA;EXTINTO B.CARGOS AGUARD.RELOT.;TECNICO GOVERNAMENTAL;; ESTATUTARIO;1.503,50;;1.503,50;417,52;1.085,98;
EUDENIRA BARBOSA BATISTA BRITO;GER.AUDITORIA DE FOLHA PAGTO.;A.TEC-I;F. GRATIFICADA, FG-3; ESTATUTARIO;5.683,13;;5.683,13;1.089,10;4.594,03;
EUGENIA TERESA MONTEIRO REZENDE;ASSESSORIA TEC.ADMINISTRATIVA;TNS-I;ASSESSOR I, AD-1; ESTATUTARIO;8.666,56;;8.666,56;2.124,44;6.542,12;
EVANDRO ALVES DE ALMEIDA;DISPONIVEL POLICIA CIVIL;AGENTE DE POLICIA 2A CLASSE;; ESTATUTARIO;1.313,00;;1.313,00;196,65;1.116,35;
EVANDRO FERNANDES SAMPAIO;DISPONIVEL POLICIA CIVIL;AGENTE DE POLICIA 1A CLASSE;; ESTATUTARIO;1.313,00;;1.313,00;196,65;1.116,35;
FABIO JR ARAUJO CABRAL;COORD.GER.SEC.EX.ADJ.G.R.HUM.;MEMBRO;; COMISSAO;3.000,00;;3.000,00;95,20;2.904,80;
FABRICIO ROGERIO CYRINO BARBOSA;GABINETE DO SECRETARIO;SECRETARIO DE ESTADO;NAO INFORMADO; DISP. OUTROS ESFERAS;23.851,00;;23.851,00;5.587,13;18.263,87;
FATIMA MARIA GAVINHO FROTA;SEC.EXE.AD.G.PAT.GAST.PUBLICOS;ASSESSOR I;NAO INFORMADO; CARGO COMISSION.S/VINCULO;5.229,77;;5.229,77;981,03;4.248,74;
FELIPE MACHADO DE AMORIM PRATA;COORD.GER.SEC.EX.ADJ.G.R.HUM.;ASSESSOR II;NAO INFORMADO; CARGO COMISSION.S/VINCULO;8.613,05;;8.613,05;1.845,90;6.767,15;
FERNANDA ELIS JANAINA M OLIVEIRA;GABINETE DO SECRETARIO;ASSESSOR I;NAO INFORMADO; CARGO COMISSION.S/VINCULO;8.229,77;;8.229,77;1.701,60;6.528,17;
FLAVIO ADRIANO ABREU DA SILVA;SEC.EXE.AD.G.PAT.GAST.PUBLICOS;ASSESSOR II;NAO INFORMADO; CARGO COMISSION.S/VINCULO;4.209,79;;4.209,79;609,94;3.599,85;
FLAVIO AUGUSTO CARVALHO MONTENEGRO;SEC.EXE.AD.G.PAT.GAST.PUBLICOS;TNS-I;; ESTATUTARIO;5.995,85;;5.995,85;1.388,08;4.607,77;
FLAVIO CORDEIRO ANTONY FILHO;SEC.EXEC.BENS PAT.GAST.PUBLI.;MEMBRO;; GRUPO DE TRABALHO;3.000,00;;3.000,00;95,20;2.904,80;
FRANCIMAR CAMARA LIMA;REMANEJADOS EXT.OUVID.GER.EST.;A.TEC-I;; ESTATUTARIO;4.433,16;;4.433,16;783,26;3.649,90;
FRANCISCA CHAGAS CAMPOS NASCIMENTO;DISPONIVEL SEAD;TECNICO DE NIVEL SUPERIOR;; ESTATUTARIO;1.313,00;;1.313,00;196,65;1.116,35;
FRANCISCA DEUZIMAR FERREIRA MENEZES;ASSESSORIA TEC.ADMINISTRATIVA;A.TEC-I;; ESTATUTARIO;5.492,77;;5.492,77;1.036,75;4.456,02;
FRANCISCA ROSANA DA SILVA;NUCLEO DE SERVICOS GERAIS;AUX.S.G-I;; ESTATUTARIO;2.961,73;;2.961,73;411,65;2.550,08;
FRANCISCO CARLOS DOS SANTOS;PESSOAL PROC.DE APOSENTADORIA;A.TEC-I;; ESTATUTARIO;3.885,53;;3.885,53;690,40;3.195,13;
FRANCISCO CARNEIRO PORTELA;PENSIONISTAS ALFREDO DA MATA;PENSIONISTA LEI 1735 DE 14.11.85;; PENSIONISTA POR LEI;1.100,00;;1.100,00;;1.100,00;
FRANCISCO CHAGAS DE OLIVEIRA FILHO;NUCLEO DE TRANSPORTE;MOT-I;; ESTATUTARIO;3.228,64;;3.228,64;462,26;2.766,38;
FRANCISCO DAS CHAGAS NERES;DISPONIVEL SEAD;MECANICO DE MANUTENCAO DE AERONAVE;; ESTATUTARIO;1.313,00;;1.313,00;196,65;1.116,35;
FRANCISCO DE ASSIS SOUZA NASCIMENTO;NUCLEO DE SERVICOS GERAIS;AUX.O-I;; ESTATUTARIO;3.898,55;;3.898,55;540,88;3.357,67;
FRANCISCO DE ASSIS SOUZA TAVARES;NUCLEO DE SERVICOS GERAIS;AUX.O-I;; ESTATUTARIO;3.586,06;;3.586,06;487,01;3.099,05;
FRANCISCO DE PAULA XAVIER LEITE;DISPONIVEL TCM;PROCURADOR DE CONTAS B;; ESTATUTARIO;33.010,36;;33.010,36;11.334,99;21.675,37;
FRANCISCO ELNO BEZERRA HERCULANO;DISPONIVEL SEAD;TECNICO 2A CLASSE;; ESTATUTARIO;1.313,00;;1.313,00;196,65;1.116,35;
FRANCISCO PEDROSA DE ARAUJO;NUCLEO DE SERVICOS GERAIS;AUX.S.G-I;; ESTATUTARIO;3.775,42;;3.775,42;516,45;3.258,97;
FRANCISCO PESSOA FERREIRA FILHO;DISPONIVEL SEAD;AGENTE ADMINISTRATIVO 3A CLASSE;; ESTATUTARIO;1.313,00;;1.313,00;196,65;1.116,35;
FRANKLIN ROLIM ODA;COORD.DE BENS PATRIMONIAIS;AUX.ADM-III;ASSESSOR III; ESTATUTARIO;7.874,41;;7.874,41;1.362,67;6.511,74;
FRANZ LISZT SOUTO DA CUNHA;GRUP.INT.PREV.INVAS.AREAS PUB.;A.TEC-I;; ESTATUTARIO;3.665,96;;3.665,96;659,93;3.006,03;
GABRIEL SOARES RETONDANO;SEC.EXEC.BENS PAT.GAST.PUBLI.;MEMBRO;; GRUPO DE TRABALHO;3.000,00;;3.000,00;95,20;2.904,80;
GABRIELA ALVES ALBUQUERQUE P SEABRA;CONSULTORIA TEC-ADMINISTRATIVA;ASSESSOR I;NAO INFORMADO; CARGO COMISSION.S/VINCULO;5.229,77;;5.229,77;981,03;4.248,74;
GABRIELLA GOMES SOARES;COORD.DE BENS PATRIMONIAIS;CHEFE DE DEPARTAMENTO;NAO INFORMADO; CARGO COMISSION.S/VINCULO;11.229,77;;11.229,77;2.630,87;8.598,90;
GABRIELLE MARIE BELMONT MADEIRA;ARQUIVO ADMINISTRATIVO II;ASSESSOR II;NAO INFORMADO; CARGO COMISSION.S/VINCULO;4.209,79;;4.209,79;640,87;3.568,92;
GENIVALDO SOARES DA COSTA;PENSIONISTAS ALFREDO DA MATA;PENSIONISTA LEI 1735 DE 14.11.85;; PENSIONISTA POR LEI;1.100,00;;1.100,00;;1.100,00;
GERALDINA PEREIRA PONTES GOES;JUNTA MEDICO-PERICIAL DO EST.;AUX.S.G-I;; ESTATUTARIO;2.566,46;;2.566,46;372,81;2.193,65;
GERMINIANO SORIANO ALVES DA S NETO;COORD.GER.SEC.EX.ADJ.G.R.HUM.;MEMBRO;; COMISSAO;3.000,00;;3.000,00;95,20;2.904,80;
GETRO MENEZES;NUCLEO DE VIGILANCIA;VIGIA-II;; ESTATUTARIO;2.520,15;;2.520,15;354,56;2.165,59;
GLAURA JANNE MOTA DE V DIAS;JUNTA MEDICO-PERICIAL DO EST.;MEDICO ESPECIALISTA;PRESID. JUNTA MEDICA; ESTATUTARIO;2.000,00;;2.000,00;;2.000,00;
GRAZIELA DE OLIVEIRA REIS;SEC.EXEC.DE ADMINIST.E GESTAO;ASSESSOR I;NAO INFORMADO; CARGO COMISSION.S/VINCULO;8.229,77;;8.229,77;1.805,87;6.423,90;
GRAZIELA NOGUEIRA AIRES DO VALE;CONSULTORIA TEC-ADMINISTRATIVA;ASSESSOR I;NAO INFORMADO; CARGO COMISSION.S/VINCULO;5.229,77;;5.229,77;981,03;4.248,74;
GUILHERME FREDERICO DA S GOMES;CONSULTORIA TEC-ADMINISTRATIVA;C.TEC-U;; ESTATUTARIO;43.276,89;2.849,96;40.426,93;13.847,46;26.579,47;
HAMILTON DOS SANTOS OLIVEIRA;GERENCIA DE PESSOAL;A.TEC-I;; ESTATUTARIO;3.926,70;;3.926,70;600,54;3.326,16;
HELADIA MARIA ARAUJO DOS SANTOS;JUNTA MEDICO-PERICIAL DO EST.;TELEFONISTA;; ESTATUTARIO;2.959,44;;2.959,44;362,34;2.597,10;
HELDER CAMARA CARDOSO DOS SANTOS;GERENCIA DE REGISTRO DE DADOS;A.TEC-I;; ESTATUTARIO;3.902,40;;3.902,40;694,95;3.207,45;
HELENO RODRIGUES DOS SANTOS;NUCLEO DE SERVICOS GERAIS;A.TEC-I;; ESTATUTARIO;4.265,96;;4.265,96;749,93;3.516,03;
HELIANA CUNHA MOTTA DE OLIVEIRA;COMISSAO DE REGIME DISCIPLINAR;A.TEC-I;; ESTATUTARIO;4.448,74;;4.448,74;788,25;3.660,49;
HENRIQUE MARTINS DE AZEVEDO SILVA;COORD.DE BENS PATRIMONIAIS;GERENTE;NAO INFORMADO; CARGO COMISSION.S/VINCULO;7.617,05;;7.617,05;1.624,14;5.992,91;
HILDA BALBI CASTRO;PESSOAL PROC.DE APOSENTADORIA;TECNICO;; ESTATUTARIO;2.785,08;;2.785,08;426,75;2.358,33;
HIRAIRTON GONCALVES COSTA;NUCLEO DE SERVICOS GERAIS;AUX.S.G-III;AUX. SERVICOS GERAIS; ESTATUTARIO;2.861,81;;2.861,81;221,70;2.640,11;
HITALLA FERNANDES DOS SANTOS;GABINETE DO SECRETARIO;CHEFE DE GABINETE;NAO INFORMADO; CARGO COMISSION.S/VINCULO;8.229,77;;8.229,77;1.753,74;6.476,03;
HUDSON DE ANDRADE FERNANDES;GERENCIA DE REGISTRO DE DADOS;A.TEC-I;FUNCAO GRATIFICADA F; ESTATUTARIO;6.302,40;;6.302,40;910,34;5.392,06;
HUMBERTO DE MELO HORTA;PESSOAL PROC.DE APOSENTADORIA;A.TEC-I;; ESTATUTARIO;1.692,51;;1.692,51;562,87;1.129,64;
IDUCEIDES DE SOUZA CARNEIRO;GERENCIA DE PESSOAL;A.TEC-I;ASSISTENTE TÉCNICO; ESTATUTARIO;7.355,29;;7.355,29;1.617,61;5.737,68;
IGOR FRANCISCO TORRES A GONÇALVES;ARQUIVO ADMINISTRATIVO II;ASSESSOR I;NAO INFORMADO; CARGO COMISSION.S/VINCULO;6.973,03;;6.973,03;1.637,21;5.335,82;
ILEANA FERNANDES LIMA;DISPONIVEL TCM;TECNICO DE CONTAS A;; ESTATUTARIO;1.313,00;;1.313,00;196,65;1.116,35;
IRIA SAFIRA CORDEIRO OLIVEIRA;GERENCIA DE PESSOAL;ASSESSOR I;NAO INFORMADO; CARGO COMISSION.S/VINCULO;5.229,77;;5.229,77;981,03;4.248,74;
IRIS KAROLINNE RODRIGUES CORDEIRO;NUCLEO DE PROTOCOLO;ASSESSOR II;NAO INFORMADO; CARGO COMISSION.S/VINCULO;4.209,79;;4.209,79;640,87;3.568,92;
ISABEL CRISTINA FONSECA;GER.DE APOIO, MANUT.LOGISTICA;A.TEC-I;; ESTATUTARIO;3.754,83;;3.754,83;655,25;3.099,58;
ISABELA CAROLINA SILVA DE BRITO;GABINETE DO SECRETARIO APOIO;CHEFE DE DEPARTAMENTO;NAO INFORMADO; CARGO COMISSION.S/VINCULO;5.229,77;;5.229,77;981,03;4.248,74;
IVALDO DA SILVA MARQUES;PENSIONISTAS ALFREDO DA MATA;PENSIONISTA LEI 1735 DE 14.11.85;; PENSIONISTA POR LEI;1.100,00;;1.100,00;;1.100,00;
IVAN DE SOUZA NASCIMENTO;NUCLEO DE TRANSPORTE;AUX.O-I;; ESTATUTARIO;3.385,03;;3.385,03;502,52;2.882,51;
IVANETE ALVES VIANA;PENSIONISTAS ALFREDO DA MATA;PENSIONISTA LEI 1735 DE 14.11.85;; PENSIONISTA POR LEI;1.100,00;;1.100,00;;1.100,00;
IVONE DA SILVA FONSECA;GABINETE DO SECRETARIO APOIO;A.TEC-I;; ESTATUTARIO;5.297,48;;5.297,48;983,04;4.314,44;
IZAIAS SANTOS DA SILVA;NUCLEO DE VIGILANCIA;VIGIA-II;VIGIA; ESTATUTARIO;2.381,08;;2.381,08;344,13;2.036,95;
JAIME KENJI HANDA;SEC.EXEC.BENS PAT.GAST.PUBLI.;ASSESSOR III;NAO INFORMADO; CARGO COMISSION.S/VINCULO;1.915,07;;1.915,07;154,17;1.760,90;
JAKSON VEIGA FROTA;JUNTA MEDICO-PERICIAL DO EST.;VIGIA-III;; ESTATUTARIO;2.485,67;;2.485,67;337,01;2.148,66;
JANAINA GOMES DE SOUZA;ASSESSORIA DE COMUNICACAO;ASSESSOR I;ASSESSOR I; CARGO COMISSION.S/VINCULO;8.229,77;;8.229,77;1.805,87;6.423,90;
JANAINA MARIA ALBUQUERQUE FOGASSA;CONSULTORIA TEC-ADMINISTRATIVA;ASSESSOR II;NAO INFORMADO; CARGO COMISSION.S/VINCULO;4.209,79;;4.209,79;640,87;3.568,92;
JANEIDE DE SOUZA GUEDES;GERENCIA DE PESSOAL;A.TEC-I;; ESTATUTARIO;4.453,10;;4.453,10;789,64;3.663,46;
JANIO SOUZA DE OLIVEIRA;GT - BENS PATRIMONIAIS;MEMBRO;; GRUPO DE TRABALHO;2.004,00;;2.004,00;;2.004,00;
JERSEY QUINTELA DE ALENCAR;PESSOAL PROC.DE APOSENTADORIA;TECNICO 1A CLASSE;; ESTATUTARIO;1.212,00;;1.212,00;169,68;1.042,32;
JERUZA COLARES DA SILVA;NUCLEO DE SERVICOS GERAIS;AUX.S.G-II;AUX. SERVICOS GERAIS; ESTATUTARIO;2.499,27;;2.499,27;323,55;2.175,72;
JOAO ALFREDO MONTEIRO DA COSTA;DISPONIVEL POLICIA CIVIL;AGENTE DE POLICIA 2A CLASSE;; ESTATUTARIO;1.313,00;;1.313,00;196,65;1.116,35;
JOAO DAS CHAGAS DANTAS;REMANEJADOS EXT.OUVID.GER.EST.;A.TEC-I;; ESTATUTARIO;4.463,07;;4.463,07;792,84;3.670,23;
JOAO GOMES VILELA;PESSOAL PROC.DE APOSENTADORIA;ENG-I;; ESTATUTARIO;6.628,21;;6.628,21;1.586,07;5.042,14;
JOAO PEDRO DA SILVA BEZERRA;PENSIONISTAS ALFREDO DA MATA;PENSIONISTA LEI 1735 DE 14.11.85;; PENSIONISTA POR LEI;1.100,00;;1.100,00;;1.100,00;
JOAO SALES BASTOS ATHAN;DISPONIVEL POLICIA CIVIL;AGENTE DE POLICIA 1A CLASSE;; ESTATUTARIO;1.313,00;;1.313,00;196,65;1.116,35;
JOAO SILVA DA SILVA DE AQUINO;DISPONIVEL SEAD;TECNICO 2A CLASSE;; ESTATUTARIO;1.313,00;;1.313,00;196,65;1.116,35;
JOAO SOUZA DA SILVA;EXTINTO B.CARGOS AGUARD.RELOT.;AUXILIAR DE SERVICOS GERAIS;; ESTATUTARIO;1.212,00;;1.212,00;239,89;972,11;
JOE VIANA COUTO;DISPONIVEL POLICIA CIVIL;AGENTE DE POLICIA 1A CLASSE;; ESTATUTARIO;14.250,96;;14.250,96;4.286,06;9.964,90;
JOEL DO NASCIMENTO DIAS;NUCLEO DE SERVICOS GERAIS;AUX.S.G-I;; ESTATUTARIO;3.981,41;;3.981,41;517,87;3.463,54;
JOHN GUIMARAES BICHARRA;COORD.GER.SEC.EX.ADJ.G.R.HUM.;TNS-I;F. GRATIFICADA, FG-1; ESTATUTARIO;15.134,57;;15.134,57;3.674,29;11.460,28;
JORGE LIMA DA SILVA;PENSIONISTAS ALFREDO DA MATA;PENSIONISTA LEI 1735 DE 14.11.85;; PENSIONISTA POR LEI;1.100,00;;1.100,00;;1.100,00;
JORGE LUIS BARROSO DE OLIVEIRA;DISPONIVEL SEAD;TECNICO 1A CLASSE;; ESTATUTARIO;1.313,00;;1.313,00;196,65;1.116,35;
JOSE ANTONIO PEREIRA DO VAL;NUCLEO DE RECEPCAO;MARINHEIRO FLUVIAL DE CONVES;; ESTATUTARIO;3.603,48;;3.603,48;282,17;3.321,31;
JOSE ARMANDO OLIVEIRA DA SILVA;PENSIONISTAS DE URUCURITUBA;PENSIONISTA LEI 1735 DE 14.11.85;; PENSIONISTA POR LEI;1.100,00;;1.100,00;;1.100,00;
JOSE BEZERRA DE ARAUJO;EXTINTO B.CARGOS AGUARD.RELOT.;A.OPE-II;; ESTATUTARIO;1.212,00;;1.212,00;568,39;643,61;
JOSE CAVALCANTE LINS;PESSOAL PROC.DE APOSENTADORIA;A.TEC-I;; ESTATUTARIO;1.212,00;;1.212,00;584,58;627,42;
JOSE DOS SANTOS SOUZA;PENSIONISTAS ALFREDO DA MATA;PENSIONISTA LEI 1735 DE 14.11.85;; PENSIONISTA POR LEI;1.100,00;;1.100,00;;1.100,00;
JOSE GOMES CORDEIRO;NUCLEO DE VIGILANCIA;AUX.S.G-II;; ESTATUTARIO;2.381,08;;2.381,08;344,13;2.036,95;
JOSE MACIEL FILHO;NUCLEO DE PROTOCOLO;A.TEC-I;; ESTATUTARIO;3.914,97;;3.914,97;600,94;3.314,03;
JOSE MARIA ROCHA DE OLIVEIRA;COMISSAO DE REGIME DISCIPLINAR;A.TEC-I;; ESTATUTARIO;4.473,04;;4.473,04;754,64;3.718,40;
JOSE RIBAMAR GOMES DE AQUINO;PESSOAL PROC.DE APOSENTADORIA;ANALISTA DE FINAN.E CONTR.EXTERNO A;; ESTATUTARIO;1.212,00;;1.212,00;182,51;1.029,49;
JOSE RIBAMAR SIQUERA MARREIROS;PENSIONISTAS ALFREDO DA MATA;PENSIONISTA LEI 1735 DE 14.11.85;; PENSIONISTA POR LEI;1.100,00;;1.100,00;;1.100,00;
JOSE ROBERTO SARAIVA DOS SANTOS;NUCLEO DE VIGILANCIA;AUX.O-I;; ESTATUTARIO;3.715,70;;3.715,70;552,87;3.162,83;
JOSE SOUZA DA SILVA;PENSIONISTAS ALFREDO DA MATA;PENSIONISTA LEI 1735 DE 14.11.85;; PENSIONISTA POR LEI;1.100,00;;1.100,00;;1.100,00;
JOSE VIRGILIO BATISTA DE OLIVEIRA;COMISSAO DE REGIME DISCIPLINAR;TNS-I;; ESTATUTARIO;7.334,57;;7.334,57;1.800,68;5.533,89;
JOZIEDE DA SILVA PINHEIRO;PENSIONISTAS ALFREDO DA MATA;PENSIONISTA LEI 1735 DE 14.11.85;; PENSIONISTA POR LEI;1.100,00;;1.100,00;;1.100,00;
JUDITE GUIMARAES DE BARROS;GERENCIA DE REGISTRO DE DADOS;A.TEC-I;; ESTATUTARIO;5.742,29;;5.742,29;1.105,37;4.636,92;
KARINA SANTOS DE ABREU;GT - BENS PATRIMONIAIS;MEMBRO;; GRUPO DE TRABALHO;7.500,00;;7.500,00;1.193,14;6.306,86;
KAROLINE DIAS CALDAS;ARQUIVO ADMINISTRATIVO II;ASSESSOR IV;NAO INFORMADO; CARGO COMISSION.S/VINCULO;2.575,61;;2.575,61;252,09;2.323,52;
KATIA DESSIMONI VICTORIA;ASSESSORIA TEC.ADMINISTRATIVA;AUX.ADM-I;; ESTATUTARIO;3.555,14;;3.555,14;433,00;3.122,14;
KATIA VANESSA SOUZA DE MENDONCA;COORD.GER.SEC.EX.ADJ.G.R.HUM.;MEMBRO;; COMISSAO;2.000,00;;2.000,00;;2.000,00;
KATIO TRAVESSA DA SILVA;GABINETE DO SECRETARIO APOIO;ASSESSOR III;NAO INFORMADO; CARGO COMISSION.S/VINCULO;3.191,80;;3.191,80;372,18;2.819,62;
KELMA MARTINS DE SOUZA;RELOTADOS DA SEC/AMAZONASTUR;ASSISTENTE TECNICO I;ASSIST. TECNICO I; ESTATUTARIO;3.831,94;;3.831,94;587,24;3.244,70;
KEYDMA MARIA FERREIRA PONCE DE LEAO;CONSULTORIA TEC-ADMINISTRATIVA;ASSESSOR I;NAO INFORMADO; CARGO COMISSION.S/VINCULO;5.229,77;;5.229,77;981,03;4.248,74;
KLEBSON OLIVEIRA DE SOUZA JUNIOR;PENSIONISTAS ALFREDO DA MATA;PENSIONISTA LEI 1735 DE 14.11.85;; PENSIONISTA POR LEI;1.100,00;;1.100,00;;1.100,00;
LARISSA ROSAS NOGUEIRA CHAGAS;CONSULTORIA TEC-ADMINISTRATIVA;ASSESSOR II;NAO INFORMADO; CARGO COMISSION.S/VINCULO;4.209,79;;4.209,79;609,94;3.599,85;
LEANDRO RIBEIRO PAIXAO;GT - BENS PATRIMONIAIS;MEMBRO;; GRUPO DE TRABALHO;3.000,00;;3.000,00;95,20;2.904,80;
LEANDRO SILVIO LIRA DOS SANTOS;COORD.GER.SEC.EX.ADJ.G.R.HUM.;AGENTE ADM.-AGA-T.S.N.A.-E;ASSESSOR II; ESTATUTARIO;7.821,89;;7.821,89;1.260,80;6.561,09;
LENITA BENTES MAGALHAES;JUNTA MEDICO-PERICIAL DO EST.;A.TEC-I;; ESTATUTARIO;5.780,95;;5.780,95;1.066,52;4.714,43;
LEONARDO LIMA DE ABREU;GER.DE APOIO, MANUT.LOGISTICA;GERENTE;NAO INFORMADO; CARGO COMISSION.S/VINCULO;6.213,79;;6.213,79;1.147,95;5.065,84;
LEONETE CONCEICAO ARAUJO DA SILVA;GERENCIA DE REGISTRO DE DADOS;ASSISTENTE TECNICO II;; ESTATUTARIO;5.872,94;;5.872,94;1.097,93;4.775,01;
LIDIANE SILVA QUEIROZ;COORD.DE BENS PATRIMONIAIS;ASSESSOR II;NAO INFORMADO; CARGO COMISSION.S/VINCULO;7.209,79;;7.209,79;1.421,85;5.787,94;
LUAN MAGNO DE QUEIROZ;PENSIONISTAS ALFREDO DA MATA;PENSIONISTA LEI 1735 DE 14.11.85;; PENSIONISTA POR LEI;1.100,00;;1.100,00;;1.100,00;
LUAN MAQUINE DIAS;COORD.GER.SEC.EX.ADJ.G.R.HUM.;ASSESSOR IV;NAO INFORMADO; CARGO COMISSION.S/VINCULO;3.175,61;;3.175,61;368,10;2.807,51;
LUANA LOPES VIANA;SEC.EXE.AD.G.PAT.GAST.PUBLICOS;GERENTE;; CARGO COMISSION.S/VINCULO;4.209,79;;4.209,79;609,94;3.599,85;
LUCIA JESUS DA CONCEICAO;PENSIONISTAS ALFREDO DA MATA;PENSIONISTA LEI 1735 DE 14.11.85;; PENSIONISTA POR LEI;1.100,00;;1.100,00;;1.100,00;
LUCIANA DE CASTRO SANTORO;SEC.EXEC.DE ADMINIST.E GESTAO;TEC. DE NIVEL SUPERIOR 1A CLASSE;ASSESSOR II; ESTATUTARIO;4.000,00;;4.000,00;263,87;3.736,13;
LUCIANO PEREIRA BARROS;COORD.GER.SEC.EX.ADJ.G.R.HUM.;MEMBRO;; COMISSAO;3.000,00;;3.000,00;95,20;2.904,80;
LUIZ CARLOS BENTO DE SANTANA;NUCLEO DE PROTOCOLO;A.TEC-I;; ESTATUTARIO;3.783,38;;3.783,38;706,24;3.077,14;
LUIZ CARLOS MARQUES CARNEIRO;NUCLEO DE PROTOCOLO;A.TEC-I;; ESTATUTARIO;5.768,06;;5.768,06;1.114,23;4.653,83;
LUIZ CLAUDIO DOS SANTOS P SOUZA;NUCLEO DE RECEPCAO;A.TEC-II;; ESTATUTARIO;4.633,33;;4.633,33;709,82;3.923,51;
LUIZ FERREIRA FONTENELE;NUCLEO DE VIGILANCIA;VIGIA-I;; ESTATUTARIO;2.994,31;;2.994,31;420,88;2.573,43;
LUIZ RODRIGUES DE QUEIROZ;PESSOAL PROC.DE APOSENTADORIA;MOTORISTA 2A CLASSE;; ESTATUTARIO;1.548,97;;1.548,97;216,64;1.332,33;
LUZIA NUNES DE OLIVEIRA;NUCLEO DE RECEPCAO;A.TEC-I;; ESTATUTARIO;4.738,68;;4.738,68;813,67;3.925,01;
MAELY AUGUSTA D ANGELO FARIAS;SEC.EXEC.BENS PAT.GAST.PUBLI.;MEMBRO;; GRUPO DE TRABALHO;3.000,00;;3.000,00;95,20;2.904,80;
MALENE MARIA DE CASTRO PERDIGAO;GERENCIA DE REGISTRO DE DADOS;GERENTE;NAO INFORMADO; CARGO COMISSION.S/VINCULO;4.209,79;;4.209,79;640,87;3.568,92;
MANOEL GOMES LEITE FILHO;PENSIONISTAS ALFREDO DA MATA;PENSIONISTA LEI 1735 DE 14.11.85;; PENSIONISTA POR LEI;1.100,00;;1.100,00;;1.100,00;
MANOELLA BENTO DA SILVA LEAL;ARQUIVO ADMINISTRATIVO II;ASSESSOR II;NAO INFORMADO; CARGO COMISSION.S/VINCULO;4.209,79;;4.209,79;640,87;3.568,92;
MANUEL BRAZ DA SILVA;PESSOAL PROC.DE APOSENTADORIA;A.TEC-I;; ESTATUTARIO;3.876,60;;3.876,60;688,00;3.188,60;
MANUEL FERNANDES DA SILVA;NUCLEO DE SERVICOS GERAIS;TRABALHADOR DE CAMPO 1A CLASSE;; ESTATUTARIO;2.254,08;;2.254,08;186,84;2.067,24;
MARCELLA MARIA FALCAO C AMORIM;DEPTO.DE ADMINIST.E FINANCAS;ASSESSOR I;NAO INFORMADO; CARGO COMISSION.S/VINCULO;5.229,77;;5.229,77;981,03;4.248,74;
MARCELO ARAUJO SILVA;ARQUIVO PUB.EST.DO AMAZONAS;CHEFE DE ARQ.PUB.DO EST.DO AMAZONAS;NAO INFORMADO; CARGO COMISSION.S/VINCULO;8.229,77;;8.229,77;1.805,87;6.423,90;
MARCIA AUGUSTA DE SOUZA;DEPTO.DE ADMINIST.E FINANCAS;A.TEC-II;DIR.DEPTO.ADMINISTR.; ESTATUTARIO;12.140,61;;12.140,61;2.840,30;9.300,31;
MARCIA MACEDO MAIA;ARQUIVO ADMINISTRATIVO II;ASSESSOR III;NAO INFORMADO; CARGO COMISSION.S/VINCULO;3.191,80;;3.191,80;372,18;2.819,62;
MARCINEIDE REIS CAMPOS;NUCLEO DE PROTOCOLO;A.TEC-I;; ESTATUTARIO;5.213,32;;5.213,32;952,10;4.261,22;
MARCIO CUNHA DE OLIVEIRA;ARQUIVO ADMINISTRATIVO II;GERENTE;NAO INFORMADO; CARGO COMISSION.S/VINCULO;4.209,79;;4.209,79;581,50;3.628,29;
MARCO AURELIO MARTINS DA SILVA;COMISSAO DE REGIME DISCIPLINAR;MEMBRO COMISSAO REGIME DISCIPLINAR;; CONSELHO;700,00;;700,00;;700,00;
MARCOS ANTONIO NASCIMENTO SILVA;EXTINTO B.CARGOS AGUARD.RELOT.;ENGENHEIRO AGRONOMO;; ESTATUTARIO;4.478,80;;4.478,80;784,95;3.693,85;
MARCUS VINICIUS PESSOA DA SILVA;SEC.EXEC.BENS PAT.GAST.PUBLI.;ASSESSOR III;NAO INFORMADO; CARGO COMISSION.S/VINCULO;3.191,80;;3.191,80;372,18;2.819,62;
MARCUS VINICIUS SANTOS DE P NUNES;GER.DE VALORIZACAO DO SERVIDOR;ASSESSOR I;NAO INFORMADO; CARGO COMISSION.S/VINCULO;5.229,77;;5.229,77;895,72;4.334,05;
MARGARIDA VINHOTE FRANCA;GABINETE DO SECRETARIO APOIO;ENCADERNADOR;; ESTATUTARIO;3.873,76;;3.873,76;398,13;3.475,63;
MARIA ALBERTIZA DA COSTA FERNANDES;NUCLEO DE ARQ.ADMINISTRATIVO;A.TEC-I;; ESTATUTARIO;4.448,74;;4.448,74;788,25;3.660,49;
MARIA APARECIDA R CAVALCANTE;CONSULTORIA TEC-ADMINISTRATIVA;A.TEC-I;; ESTATUTARIO;5.755,18;;5.755,18;1.109,80;4.645,38;
MARIA AUREA MOURA DE OLIVEIRA;GER.AUDITORIA DE FOLHA PAGTO.;A.TEC-I;F. GRATIFICADA, FG-3; ESTATUTARIO;5.693,10;;5.693,10;1.092,72;4.600,38;
MARIA AUXILIADORA DA C S PORTILIO;CONSULTORIA TEC-ADMINISTRATIVA;A.TEC-I;ASSESSOR I, AD-1; ESTATUTARIO;8.209,96;;8.209,96;1.732,72;6.477,24;
MARIA AUXILIADORA SILVA DE OLIVEIRA;NUCLEO DE ARQ.ADMINISTRATIVO;AGENTE ADMINISTRATIVO 1A CLASSE;; ESTATUTARIO;5.111,74;;5.111,74;890,45;4.221,29;
MARIA D ASSUNCAO DA COSTA PINHEIRO;DISPONIVEL TCM;CONSULTOR TECNICO B;; ESTATUTARIO;1.303,00;;1.303,00;177,05;1.125,95;
MARIA DA CONCEICAO RIBEIRO DUARTE;COMISSAO DE REGIME DISCIPLINAR;ASSISTENTE TECNICO GOVERNAMENTAL;; ESTATUTARIO;3.375,48;;3.375,48;553,21;2.822,27;
MARIA DA CONCEICAO SOUZA;JUNTA MEDICO-PERICIAL DO EST.;A.TEC-I;; ESTATUTARIO;4.463,07;;4.463,07;792,84;3.670,23;
MARIA DA NATIVIDADE MAIA;PENSIONISTAS ALFREDO DA MATA;PENSIONISTA LEI 1735 DE 14.11.85;; PENSIONISTA POR LEI;1.100,00;;1.100,00;;1.100,00;
MARIA DA PAZ ALVES DA SILVA AMORIM;PESSOAL PROC.DE APOSENTADORIA;A.TEC-I;; ESTATUTARIO;3.937,15;;3.937,15;675,85;3.261,30;
MARIA DAS DORES MARTINS SOARES;PENSIONISTAS ALFREDO DA MATA;PENSIONISTA LEI 1735 DE 14.11.85;; PENSIONISTA POR LEI;1.100,00;;1.100,00;;1.100,00;
MARIA DAS GRACAS DE SOUZA TORRES;DEPTO.DE ADMINIST.E FINANCAS;A.TEC-I;; ESTATUTARIO;4.443,13;;4.443,13;786,45;3.656,68;
MARIA DAS GRACAS ROCHA DE SOUZA;SEC.EXE.AD.G.PAT.GAST.PUBLICOS;A.TEC-I;ASSISTENTE TECNICO; ESTATUTARIO;4.463,07;;4.463,07;792,84;3.670,23;
MARIA DE FATIMA DA SILVA MELO;GER.AUDITORIA DE FOLHA PAGTO.;A.TEC-I;F. GRATIFICADA, FG-3; ESTATUTARIO;5.801,28;;5.801,28;1.132,11;4.669,17;
MARIA DE FATIMA DE SOUZA ALENCAR;GER.DE VALORIZACAO DO SERVIDOR;A.TEC-I;GERENTE, AD-2; ESTATUTARIO;5.459,96;;5.459,96;1.028,61;4.431,35;
MARIA DE LOURDES OLIVEIRA XAVIER;PESSOAL PROC.DE APOSENTADORIA;A.TEC-I;; ESTATUTARIO;3.906,23;;3.906,23;695,97;3.210,26;
MARIA DE NAZARÉ JATOBÁ DO LAGO;COORD.GER.SEC.EX.ADJ.G.R.HUM.;ASSESSOR I;NAO INFORMADO; CARGO COMISSION.S/VINCULO;6.719,77;;6.719,77;1.390,62;5.329,15;
MARIA DO PERPETUO SOCORRO B SOUZA;JUNTA MEDICO-PERICIAL DO EST.;AUXILIAR DE SERV GERAIS 3A CLASSE;; ESTATUTARIO;2.870,55;;2.870,55;358,38;2.512,17;
MARIA DO PERPETUO SOCORRO S GUERRA;GERENCIA DE PESSOAL;A.TEC-I;; ESTATUTARIO;4.463,07;;4.463,07;792,84;3.670,23;
MARIA DO SOCORRO DA COSTA OLIVEIRA;GER.DE VALORIZACAO DO SERVIDOR;ASSISTENTE TECNICO 1A CLASSE;; ESTATUTARIO;3.786,24;;3.786,24;367,57;3.418,67;
MARIA DO SOCORRO LAMONGI DE SOUZA;CONSULTORIA TEC-ADMINISTRATIVA;C.TEC-U;; ESTATUTARIO;36.582,34;;36.582,34;12.447,90;24.134,44;
MARIA DOLORES SILVA DE ARAUJO;SEC.EXE.AD.G.PAT.GAST.PUBLICOS;A.TEC-I;F. GRATIFICADA, FG-1; ESTATUTARIO;6.858,71;;6.858,71;1.413,77;5.444,94;
MARIA DOS ANJOS MARQUES LEITE;DISPONIVEL SEAD;TECNICO 3A CLASSE;; ESTATUTARIO;1.313,00;;1.313,00;196,65;1.116,35;
MARIA DULCILENE FROTA DA SILVA;COORD.GER.SEC.EX.ADJ.G.R.HUM.;ASSISTENTE TECNICO GOVERNAMENTAL;; ESTATUTARIO;3.858,01;;3.858,01;626,62;3.231,39;
MARIA FERREIRA DE SOUZA;GERENCIA DE REGISTRO DE DADOS;A.TEC-I;; ESTATUTARIO;5.749,54;;5.749,54;1.107,86;4.641,68;
MARIA GORETH DOS SANTOS VIEIRA;SEC.EXEC.BENS PAT.GAST.PUBLI.;MEMBRO;; GRUPO DE TRABALHO;3.000,00;;3.000,00;95,20;2.904,80;
MARIA IZABEL OLIVEIRA MOINHO;GER.BENEFICIO DOS SERVIDORES;A.TEC-I;; ESTATUTARIO;4.463,07;;4.463,07;752,11;3.710,96;
MARIA JOSE BRANDAO MOTA;GER.BENEFICIO DOS SERVIDORES;AGENTE ADMINISTRATIVO 3A CLASSE;; ESTATUTARIO;3.603,77;;3.603,77;590,57;3.013,20;
MARIA JOSE LIMA COSTA;NUCLEO DE RECEPCAO;AUXILIAR DE SERV GERAIS 2A CLASSE;; ESTATUTARIO;2.870,55;;2.870,55;223,50;2.647,05;
MARIA JULIA DE OLIVEIRA BRAGA DA RO;DISPONIVEL TCM;CONSULTOR TECNICO B;; ESTATUTARIO;1.313,00;;1.313,00;196,65;1.116,35;
MARIA LIANA RABELO BARBOSA;PENSIONISTAS ALFREDO DA MATA;PENSIONISTA LEI 1735 DE 14.11.85;; PENSIONISTA POR LEI;1.100,00;;1.100,00;;1.100,00;
MARIA LINDINALVA DE LIRA BARBOSA;DISPONIVEL TCM;ASSISTENTE TECNICO ADMINISTRATIVO B;; ESTATUTARIO;1.309,59;;1.309,59;189,97;1.119,62;
MARIA MITZI DINELLI MAGNANI;GERENCIA DE PESSOAL;A.TEC-III;; ESTATUTARIO;4.065,61;;4.065,61;658,34;3.407,27;
MARIA NILMA DE SOUSA SILVA;GER.DE PLANEJ.ORC.E FINANCAS;A.TEC-II;GERENTE, AD-2; ESTATUTARIO;4.835,46;;4.835,46;848,43;3.987,03;
MARIA RITA GARCEZ VIEIRA FREDERICO;SEC.EXEC.DE ADMINIST.E GESTAO;A.TEC-I;; ESTATUTARIO;5.755,18;;5.755,18;1.109,80;4.645,38;
MARIA VALDA BARROSO;NUCLEO DE SERVICOS GERAIS;AUX.S.G-I;; ESTATUTARIO;2.581,31;;2.581,31;356,30;2.225,01;
MARIA VALDECIRA AIRES DA SILVA;ARQUIVO PUB.EST.DO AMAZONAS;AUX.ADM-I;; ESTATUTARIO;3.373,51;;3.373,51;472,91;2.900,60;
MARIA VALDENIZIA DA COSTA VAZ;GABINETE DO SECRETARIO APOIO;AUX.ADM-I;; ESTATUTARIO;4.769,75;;4.769,75;685,78;4.083,97;
MARIA WALDELICE DE AZEVEDO FREITAS;GERENCIA DE PESSOAL;A.TEC-I;; ESTATUTARIO;4.389,42;;4.389,42;769,25;3.620,17;
MARIA ZENIRA VIEIRA DE OLIVEIRA;CONSULTORIA TEC-ADMINISTRATIVA;AUX.S.G-I;; ESTATUTARIO;5.157,22;;5.157,22;809,34;4.347,88;
MARILENE NOBRE CAVALCANTE DE SOUSA;DISPONIVEL TCM;AUDITOR;; ESTATUTARIO;9.102,46;;9.102,46;2.490,16;6.612,30;
MARINDIA GUERRO DUTRA FEITOZA;JUNTA MEDICO-PERICIAL DO EST.;MEDICO GENERALISTA;PERITO; ESTATUTARIO;1.250,00;;1.250,00;;1.250,00;
MARIO JORGE MARTINS DE PAULA;PESSOAL PROC.DE APOSENTADORIA;TECNICO EM PLANEJAMENTO 1A CLASSE;; ESTATUTARIO;1.212,00;;1.212,00;169,68;1.042,32;
MARIO JORGE QUADROS DE MACEDO;JUNTA MEDICO-PERICIAL DO EST.;PERITO;; CONSELHO;1.250,00;;1.250,00;;1.250,00;
MARIO PORTO DE AGUIAR;DISPONIVEL POLICIA CIVIL;AGENTE DE POLICIA 1A CLASSE;; ESTATUTARIO;12.887,24;;12.887,24;3.574,21;9.313,03;
MARIO ROBSON SILVA DE ARAUJO;PENSIONISTAS ALFREDO DA MATA;PENSIONISTA LEI 1735 DE 14.11.85;; PENSIONISTA POR LEI;1.100,00;;1.100,00;;1.100,00;
MARIVALDO TORRES PEREIRA;PENSIONISTAS ALFREDO DA MATA;PENSIONISTA LEI 1735 DE 14.11.85;; PENSIONISTA POR LEI;1.100,00;;1.100,00;;1.100,00;
MARLUCIA FERNANDES DA SILVA;COORD.GER.SEC.EX.ADJ.G.R.HUM.;AUX.O-I;; ESTATUTARIO;3.933,61;;3.933,61;538,10;3.395,51;
MARTINHO GARCIA DOS SANTOS;PENSIONISTAS ALFREDO DA MATA;PENSIONISTA LEI 1735 DE 14.11.85;; PENSIONISTA POR LEI;1.100,00;;1.100,00;;1.100,00;
MIGUEL ALEXANDRE DE SOUZA;PENSIONISTAS ALFREDO DA MATA;PENSIONISTA LEI 1735 DE 14.11.85;; PENSIONISTA POR LEI;1.100,00;;1.100,00;;1.100,00;
MIGUEL RAIMUNDO COSTA DE ANDRADE;PENSIONISTAS ALFREDO DA MATA;PENSIONISTA LEI 1735 DE 14.11.85;; PENSIONISTA POR LEI;1.100,00;;1.100,00;;1.100,00;
MIGUEL RODRIGUES DA FONSECA;NUCLEO DE VIGILANCIA;MARINHEIRO FLUVIAL DE CONVES;; ESTATUTARIO;3.190,51;;3.190,51;467,41;2.723,10;
MIRIAN DA CRUZ PINHEIRO;CONSULTORIA TEC-ADMINISTRATIVA;AUX.S.G-I;; ESTATUTARIO;3.958,61;;3.958,61;544,46;3.414,15;
MONICA BASTOS CASTRO;CONSULTORIA TEC-ADMINISTRATIVA;ASSESSOR I;NAO INFORMADO; CARGO COMISSION.S/VINCULO;5.229,77;;5.229,77;981,03;4.248,74;
MONIQUE DA SILVA TAPAJOS;DISPONIVEL TCM;PROCURADOR DE CONTAS A;; ESTATUTARIO;9.581,54;;9.581,54;2.666,97;6.914,57;
NAIME SA TAMER;JUNTA MEDICO-PERICIAL DO EST.;AGENTE ADMINISTRATIVO 2A CLASSE;; ESTATUTARIO;3.754,69;;3.754,69;631,17;3.123,52;
NAIRO AGUIAR CORDEIRO;COMISSAO DE REGIME DISCIPLINAR;MEMBRO COMISSAO REGIME DISCIPLINAR;; CONSELHO;700,00;;700,00;;700,00;
NATASHA LIMA DA SILVA NEVES ABREU;JUNTA MEDICO-PERICIAL DO EST.;PERITO;; CONSELHO;1.250,00;;1.250,00;;1.250,00;
NEUZA NASCIMENTO FERREIRA;ARQUIVO PUB.EST.DO AMAZONAS;A.TEC-I;; ESTATUTARIO;4.419,32;;4.419,32;778,83;3.640,49;
NEY GEORGE BELTRAO DA COSTA;NUCLEO DE VIGILANCIA;MARINHEIRO FLUVIAL DE CONVES;; ESTATUTARIO;3.136,74;;3.136,74;464,32;2.672,42;
NILZETE NEVES RODRIGUES;COORD.GER.SEC.EX.ADJ.G.R.HUM.;A.TEC-I;; ESTATUTARIO;4.262,51;;4.262,51;749,06;3.513,45;
NORMA DA SILVA JATOBA;JUNTA MEDICO-PERICIAL DO EST.;PERITO;PERITO; ESTATUTARIO;1.250,00;;1.250,00;;1.250,00;
NORMA MOURA DA SILVA;ARQUIVO PUB.EST.DO AMAZONAS;ENCADERNADOR;; ESTATUTARIO;4.131,69;;4.131,69;450,20;3.681,49;
NUBIA RODRIGUES LEOPOLDO DE MENEZES;SEC.EXEC.BENS PAT.GAST.PUBLI.;MEMBRO;; GRUPO DE TRABALHO;3.000,00;;3.000,00;95,20;2.904,80;
OCIMAR PIRES DE SOUSA;GABINETE DO SECRETARIO APOIO;A.TEC-I;; ESTATUTARIO;3.914,97;;3.914,97;698,33;3.216,64;
OLINETE OLIVEIRA MAGALHAES;EXTINTO B.CARGOS AGUARD.RELOT.;AUX.S.G-II;; ESTATUTARIO;1.212,00;;1.212,00;401,29;810,71;
ORLANDO BARBOSA MARTINS;ARQUIVO ADMINISTRATIVO II;ASSESSOR I;NAO INFORMADO; CARGO COMISSION.S/VINCULO;5.229,77;;5.229,77;981,03;4.248,74;
ORLANDO DA SILVA CAMARA;SEC.EXEC.BENS PAT.GAST.PUBLI.;MEMBRO;; GRUPO DE TRABALHO;3.000,00;;3.000,00;95,20;2.904,80;
OSVALDIZIA MELO VEIGA;GERENCIA DE PESSOAL;ASSISTENTE TECNICO I;; ESTATUTARIO;4.034,00;;4.034,00;450,92;3.583,08;
OTILIA RIBEIRO BARROSO CESAR;REMANEJADOS EXT.OUVID.GER.EST.;A.TEC-I;; ESTATUTARIO;4.443,13;;4.443,13;786,45;3.656,68;
OTILIO TADEU LINHARES;DISPONIVEL SEAD;ENGENHEIRO AGRONOMO;; ESTATUTARIO;1.313,00;;1.313,00;196,65;1.116,35;
PAMELA ROLIM DE LIMA;GER.DE PLANEJ.ORC.E FINANCAS;AGENTE ADM.-AGA-T.S.N.A.-E;ASSESSOR IV; ESTATUTARIO;3.821,89;;3.821,89;316,28;3.505,61;
PAOLA DI ANGELIS BRASIL PASSOS;SEC.EXEC.BENS PAT.GAST.PUBLI.;MEMBRO;; GRUPO DE TRABALHO;3.000,00;;3.000,00;95,20;2.904,80;
PAULA GRETHEANE FONSECA DE OLIVEIRA;DEPTO.DE ADMINIST.E FINANCAS;ASSESSOR II;NAO INFORMADO; CARGO COMISSION.S/VINCULO;4.209,79;;4.209,79;640,87;3.568,92;
PAULO ROBERTO IOPPI;DISPONIVEL SEAD;ENGENHEIRO 2A CLASSE;; ESTATUTARIO;1.305,97;;1.305,97;182,88;1.123,09;
PAULO VICTOR MARQUES VIANA;DEPTO.DE TECNOL.DA INFORMACAO;ASSESSOR II;NAO INFORMADO; CARGO COMISSION.S/VINCULO;7.209,79;;7.209,79;1.421,85;5.787,94;
PEDRO BRUNO DOS PRAZERES;NUCLEO DE VIGILANCIA;AUX.O-III;; ESTATUTARIO;2.514,49;;2.514,49;331,43;2.183,06;
PEDRO DA SILVA MAIA;PESSOAL PROC.DE APOSENTADORIA;AUX.O-I;; ESTATUTARIO;3.422,24;;3.422,24;541,24;2.881,00;
PEDRO DE SOUZA MOREIRA;NUCLEO DE VIGILANCIA;VIGIA;; ESTATUTARIO;2.317,14;;2.317,14;322,72;1.994,42;
PEDRO GOMES DE QUEIROZ PIERRE;ARQUIVO ADMINISTRATIVO II;ASSESSOR II;NAO INFORMADO; CARGO COMISSION.S/VINCULO;4.209,79;;4.209,79;640,87;3.568,92;
PERICLES DE PINHO CORREA;GER.BENEFICIO DOS SERVIDORES;A.TEC-I;; ESTATUTARIO;5.518,54;;5.518,54;993,47;4.525,07;
PRISCILA HELLEN FIGUEREDO DA COSTA;SEC.EXEC.DE ADMINIST.E GESTAO;ASSESSOR III;NAO INFORMADO; CARGO COMISSION.S/VINCULO;3.191,80;;3.191,80;372,18;2.819,62;
RACHEL DA SILVA ANDRADE;JUNTA MEDICO-PERICIAL DO EST.;ENCADERNADOR;; ESTATUTARIO;3.300,96;;3.300,96;312,21;2.988,75;
RAIMUNDA CORREA DA SILVA;NUCLEO DE SERVICOS GERAIS;AUX.S.G-II;AUX. SERVIÇOS GERAIS; ESTATUTARIO;2.527,25;;2.527,25;358,18;2.169,07;
RAIMUNDA NONATA DE OLIVEIRA BEZERRA;PESSOAL PROC.DE APOSENTADORIA;AUXILIAR DE SERVICOS GERAIS;; ESTATUTARIO;2.498,10;;2.498,10;347,53;2.150,57;
RAIMUNDA NONATA SOUZA GOMES;COMISSAO DE REGIME DISCIPLINAR;A.TEC-I;ASSIST. ADMINIST.; ESTATUTARIO;4.455,78;;4.455,78;790,50;3.665,28;
RAIMUNDO AGUIAR COELHO;NUCLEO DE SERVICOS GERAIS;VIGIA-I;; ESTATUTARIO;2.627,66;;2.627,66;393,35;2.234,31;
RAIMUNDO ALBERTO DA SILVA MENTA;GER.AUDITORIA DE FOLHA PAGTO.;A.TEC-I;F. GRATIFICADA, FG-1; ESTATUTARIO;7.312,19;;7.312,19;1.300,99;6.011,20;
RAIMUNDO BARROS WAUGHON;NUCLEO DE PROTOCOLO;A.TEC-I;; ESTATUTARIO;4.453,10;;4.453,10;789,64;3.663,46;
RAIMUNDO DA COSTA GONCALVES;NUCLEO DE VIGILANCIA;VIGIA-II;; ESTATUTARIO;2.520,15;;2.520,15;354,56;2.165,59;
RAIMUNDO FERREIRA DA SILVA;NUCLEO DE VIGILANCIA;MARINHEIRO FLUVIAL DE CONVES;; ESTATUTARIO;2.940,56;;2.940,56;424,21;2.516,35;
RAIMUNDO LACERDA DA SILVA;PENSIONISTAS ALFREDO DA MATA;PENSIONISTA LEI 1735 DE 14.11.85;; PENSIONISTA POR LEI;1.100,00;;1.100,00;;1.100,00;
RAIMUNDO LIMA DE HOLANDA;NUCLEO DE SERVICOS GERAIS;AUX.O-I;; ESTATUTARIO;3.571,92;;3.571,92;508,72;3.063,20;
RAIMUNDO RODRIGUES DE MORAES;ARQUIVO PUB.EST.DO AMAZONAS;AUX.O-I;; ESTATUTARIO;2.977,31;;2.977,31;410,08;2.567,23;
RANSES GADELHA BEZERRA;SEC.EXE.AD.G.PAT.GAST.PUBLICOS;SEC.EXEC.ADJ.GEST.PATR.GAST.PUBL.;NAO INFORMADO; CARGO COMISSION.S/VINCULO;9.000,00;;9.000,00;2.206,22;6.793,78;
REGINA LUCIA BRANDAO LIMA JAEGER;EXTINTO B.CARGOS AGUARD.RELOT.;TNS-III;; ESTATUTARIO;5.270,37;;5.270,37;1.121,54;4.148,83;
RIAD ABRAHIM BALLUT;DEPTO.DE ADMINIST.E FINANCAS;AFP-U;; ESTATUTARIO;17.509,40;;17.509,40;5.453,11;12.056,29;
RICARDO QUEIROZ DE PAIVA;COMISSAO DE REGIME DISCIPLINAR;MEMBRO COMISSAO REGIME DISCIPLINAR;MEMBRO CRD; CONSELHO;700,00;;700,00;;700,00;
RITA DE CASSIA MOREIRA PORTO;ARQUIVO ADMINISTRATIVO II;ASSESSOR IV;NAO INFORMADO; CARGO COMISSION.S/VINCULO;3.434,15;;3.434,15;433,25;3.000,90;
RITA MARIA DE SOUZA GONCALVES;PESSOAL PROC.DE APOSENTADORIA;TECNICO 2A CLASSE;; ESTATUTARIO;1.212,00;;1.212,00;182,51;1.029,49;
ROBERTO CONTE DE MELO;DISPONIVEL SEAD;ASSISTENTE TECNICO 3A CLASSE;; ESTATUTARIO;1.313,00;;1.313,00;196,65;1.116,35;
ROBERTO FAGNER DUARTE DA SILVA DIAS;JUNTA MEDICO-PERICIAL DO EST.;ASSESSOR II;ASSESSOR AD-2; CARGO COMISSION.S/VINCULO;4.209,79;;4.209,79;640,87;3.568,92;
ROBERTO SOBREIRA NASCIMENTO;DISPONIVEL SEAD;ELETRICISTA;; ESTATUTARIO;1.313,00;;1.313,00;196,65;1.116,35;
ROBERVAL WILKENS MARINHO;DISPONIVEL POLICIA CIVIL;ESCRIVAO DE POLICIA 3A CLASSE;; ESTATUTARIO;1.313,00;;1.313,00;196,65;1.116,35;
ROBSON GUIMARAES DE SOUSA;RELOTADOS DA SEC/AMAZONASTUR;ASSISTENTE TECNICO I;; ESTATUTARIO;3.885,56;;3.885,56;609,14;3.276,42;
ROGERIO DE ARAUJO BARBOZA;GT - BENS PATRIMONIAIS;MEMBRO;; GRUPO DE TRABALHO;3.000,00;;3.000,00;95,20;2.904,80;
ROOSEVELT DOS SANTOS LOPES;COORD.DE BENS PATRIMONIAIS;AUX.ADM-III;AGENTE ADMINISTRAT.; ESTATUTARIO;6.461,81;;6.461,81;1.143,23;5.318,58;
RORIZ MOTA DE BRITO;NUCLEO DE TRANSPORTE;MOT-III;MOTORISTA; ESTATUTARIO;2.702,03;;2.702,03;379,22;2.322,81;
ROSANGELA ABREU DA COSTA LINS;DISPONIVEL TCM;AUDITOR ASSISTENTE - N.S.;; ESTATUTARIO;1.313,00;;1.313,00;196,65;1.116,35;
ROSILENE DE DEUS MEDEIROS;ASSESSORIA DE COMUNICACAO;ASSESSOR I;NAO INFORMADO; CARGO COMISSION.S/VINCULO;9.973,03;;9.973,03;2.410,08;7.562,95;
RUBEMI ALMEIDA DE OLIVEIRA;SEC.EXEC.BENS PAT.GAST.PUBLI.;MEMBRO;; GRUPO DE TRABALHO;3.000,00;;3.000,00;95,20;2.904,80;
RUBENS GONCALVES BRITO;CONSULTORIA TEC-ADMINISTRATIVA;ASSESSOR II;NAO INFORMADO; CARGO COMISSION.S/VINCULO;4.209,79;;4.209,79;640,87;3.568,92;
RUI DA SILVA CAVALCANTE;DISPONIVEL TCM;AUDITOR ASSISTENTE - N.S.;; ESTATUTARIO;1.313,00;;1.313,00;196,65;1.116,35;
RUTH RODRIGUES PINTO;GABINETE DO SECRETARIO APOIO;AUX.S.G-I;; ESTATUTARIO;2.901,31;;2.901,31;404,38;2.496,93;
SANDRA MARIA CUVELLO DE ANDRADE;DISPONIVEL TCM;CONSULTOR TECNICO B;; ESTATUTARIO;1.313,00;;1.313,00;196,65;1.116,35;
SANDRA MARIA KANAWATI LASMAR;JUNTA MEDICO-PERICIAL DO EST.;MEDICO ESPECIALISTA;PERITO; ESTATUTARIO;1.250,00;;1.250,00;;1.250,00;
SANDRA MARIA STONE DE ARAUJO;ARQUIVO PUB.EST.DO AMAZONAS;AUX.O-I;; ESTATUTARIO;2.921,30;;2.921,30;408,14;2.513,16;
SEBASTIÃO ALVES LAVOR NETO;GT - BENS PATRIMONIAIS;MEMBRO;; GRUPO DE TRABALHO;7.500,00;;7.500,00;1.193,14;6.306,86;
SEBASTIAO DIAS DOS SANTOS;PENSIONISTAS ALFREDO DA MATA;PENSIONISTA LEI 1735 DE 14.11.85;; PENSIONISTA POR LEI;1.100,00;;1.100,00;;1.100,00;
SEBASTIAO FILHO FERREIRA DA SILVA;JUNTA MEDICO-PERICIAL DO EST.;MARINHEIRO;1; ESTATUTARIO;3.388,59;;3.388,59;452,82;2.935,77;
SEBASTIAO GILSON FARIAS GONDIM;EXTINTO B.CARGOS AGUARD.RELOT.;ASSISTENTE TECNICO;; ESTATUTARIO;1.212,00;;1.212,00;250,69;961,31;
SERGIO GUILHERME TEIXEIRA ARANHA;NUCLEO DE SERVICOS GERAIS;AUX.S.G-I;; ESTATUTARIO;3.035,07;;3.035,07;425,48;2.609,59;
SEVERINO ANTONIO AGUIAR RAMOS;DISPONIVEL SEAD;ENGENHEIRO 1A CLASSE;; ESTATUTARIO;1.306,98;;1.306,98;184,85;1.122,13;
SHEILA MARA PEREIRA FRANCO;GER.AUDITORIA DE FOLHA PAGTO.;AGENTE ADMINISTRATIVO 4A CLASSE;F. GRATIFICADA, FG-3; ESTATUTARIO;5.029,59;;5.029,59;652,87;4.376,72;
SILVIO EDUARDO LIMA SARMENTO;ASSESSORIA DE COMUNICACAO;ASSESSOR II;; CARGO COMISSION.S/VINCULO;8.613,05;;8.613,05;1.898,04;6.715,01;
SIMON DERZI CARDOSO;DEPTO.DE TECNOL.DA INFORMACAO;CHEFE DE DEPARTAMENTO;NAO INFORMADO; CARGO COMISSION.S/VINCULO;9.973,03;;9.973,03;2.462,21;7.510,82;
SOCORRO MAGDA MENDES BORGES;GERENCIA DE REGISTRO DE DADOS;AUX.ADM-I;; ESTATUTARIO;5.145,71;;5.145,71;818,28;4.327,43;
STANLEY GOMES CARDOSO JUNIOR;SEC.EXEC.BENS PAT.GAST.PUBLI.;MEMBRO;; GRUPO DE TRABALHO;3.000,00;;3.000,00;95,20;2.904,80;
SUELI JACOB;DISPONIVEL SEAD;TECNICO A;; ESTATUTARIO;1.313,00;;1.313,00;196,65;1.116,35;
SUELY FARIAS DA SILVA;EXTINTO B.CARGOS AGUARD.RELOT.;A.TEC-I;; ESTATUTARIO;1.578,23;;1.578,23;546,87;1.031,36;
SUZANA MONTEIRO DE OLIVEIRA;ESC.GEST.E APERF.DO SERV.PUBL.;GERENTE;NAO INFORMADO; CARGO COMISSION.S/VINCULO;4.209,79;;4.209,79;640,87;3.568,92;
SUZANY LIMA DO NASCIMENTO;COORD.GER.SEC.EX.ADJ.G.R.HUM.;ASSESSOR II;NAO INFORMADO; CARGO COMISSION.S/VINCULO;4.209,79;;4.209,79;640,87;3.568,92;
TABAJARA RODRIGUES MORENO;GT - BENS PATRIMONIAIS;MEMBRO;; GRUPO DE TRABALHO;7.500,00;;7.500,00;1.193,14;6.306,86;
TALITA DO SOCORRO DE SOUZA VIANA;GER.AUDITORIA DE FOLHA PAGTO.;ASSESSOR III;NAO INFORMADO; CARGO COMISSION.S/VINCULO;3.191,80;;3.191,80;352,48;2.839,32;
TARCIO COSTA AMORIM;SEC.EXE.AD.G.PAT.GAST.PUBLICOS;CHEFE DE DEPARTAMENTO;NAO INFORMADO; CARGO COMISSION.S/VINCULO;6.973,03;;6.973,03;1.585,08;5.387,95;
TATIANE DE SOUZA PINTO;GT - BENS PATRIMONIAIS;MEMBRO;; GRUPO DE TRABALHO;7.500,00;;7.500,00;1.193,14;6.306,86;
TATIANNE VIEIRA ASSAYAG TOLEDO;SEC.EXEC.DE ADMINIST.E GESTAO;PROCURADOR DO ESTADO 2A CLASSE;SECRETARIO EXEC.DE A; ESTATUTARIO;12.660,71;1.617,88;11.042,83;3.036,78;8.006,05;
TAYZ HELENA GUIMARAES DE M MATTOS;GT - BENS PATRIMONIAIS;MEMBRO;; GRUPO DE TRABALHO;7.500,00;;7.500,00;1.193,14;6.306,86;
TEREZA CRISTINA FROES DA CRUZ SILVA;DEPTO.DE ADMINIST.E FINANCAS;A.TEC-I;; ESTATUTARIO;5.742,29;;5.742,29;1.105,37;4.636,92;
TEREZINHA DE JESUS ARAUJO VAZ;DEPTO.DE ADMINIST.E FINANCAS;A.TEC-I;; ESTATUTARIO;4.453,10;;4.453,10;789,64;3.663,46;
TEREZINHA DE OLIVEIRA ROCHA;DISPONIVEL TCM;CONSULTOR TECNICO A;; ESTATUTARIO;383,90;;383,90;57,87;326,03;
THANIA REGINA PEREIRA DE S FALCAO;GERENCIA DE REGISTRO DE DADOS;A.TEC-I;; ESTATUTARIO;5.938,74;;5.938,74;1.159,89;4.778,85;
THAYANE HELLEN LIRA BARRETO;COORD.GER.SEC.EX.ADJ.G.R.HUM.;ASSESSOR II;NAO INFORMADO; CARGO COMISSION.S/VINCULO;4.209,79;;4.209,79;640,87;3.568,92;
THIAGO RODRIGUES DA COSTA;PENSIONISTAS ALFREDO DA MATA;PENSIONISTA LEI 1735 DE 14.11.85;; PENSIONISTA POR LEI;1.100,00;;1.100,00;;1.100,00;
TIMOTEO JOSE PINHEIRO DA SILVA;PENSIONISTAS ALFREDO DA MATA;PENSIONISTA LEI 1735 DE 14.11.85;; PENSIONISTA POR LEI;1.100,00;;1.100,00;;1.100,00;
VALDEMIR GUIMARAES DE OLIVEIRA;DISPONIVEL SEAD;AGENTE ADMINISTRATIVO 3A CLASSE;; ESTATUTARIO;1.313,00;;1.313,00;196,65;1.116,35;
VALDENEI DOS SANTOS CORREA;GER.BENEFICIO DOS SERVIDORES;ASSESSOR I;NAO INFORMADO; CARGO COMISSION.S/VINCULO;5.229,77;;5.229,77;981,03;4.248,74;
VALDINETE COELHO DE MENEZES;COMISSAO DE REGIME DISCIPLINAR;A.TEC-I;; ESTATUTARIO;5.742,29;;5.742,29;1.105,37;4.636,92;
VALERIA DA SILVA SODRE;SEC.EXEC.BENS PAT.GAST.PUBLI.;MEMBRO;; GRUPO DE TRABALHO;3.000,00;;3.000,00;95,20;2.904,80;
VANDA DA CRUZ CARVALHO CALADO;GERENCIA DE REGISTRO DE DADOS;AUXILIAR TECNICO;; ESTATUTARIO;4.080,01;;4.080,01;662,01;3.418,00;
VANDERRUBEM MARCELINO NEVES;GER.DE VALORIZACAO DO SERVIDOR;A.TEC-I;ASSISTENTE TECNICO; ESTATUTARIO;3.710,34;;3.710,34;568,36;3.141,98;
VANDO COSTA DA SILVA;PENSIONISTAS ALFREDO DA MATA;PENSIONISTA LEI 1735 DE 14.11.85;; PENSIONISTA POR LEI;1.100,00;;1.100,00;;1.100,00;
VANIA MARIA NONATA DA SILVA;GER.DE PLANEJ.ORC.E FINANCAS;AUX.ADM-I;; ESTATUTARIO;3.953,27;;3.953,27;557,76;3.395,51;
VERA COELHO DE MENEZES DO VALE;DEPTO.DE ADMINIST.E FINANCAS;A.TEC-I;; ESTATUTARIO;5.208,31;;5.208,31;959,56;4.248,75;
VERONICA PEREIRA FIGUEIREDO;GERENCIA DE PESSOAL;A.TEC-I;; ESTATUTARIO;4.463,07;;4.463,07;792,84;3.670,23;
VICENTE DE PAULO VIEIRA COLOMBO;JUNTA MEDICO-PERICIAL DO EST.;MARINHEIRO;; ESTATUTARIO;3.222,55;;3.222,55;447,31;2.775,24;
VIRGINIA DE SOUSA PAIVA;GERENCIA DE REGISTRO DE DADOS;ASSISTENTE TECNICO 3A CLASSE;; ESTATUTARIO;3.776,53;;3.776,53;373,39;3.403,14;
VIVALDO MICHILES NETO;SEC.EXEC.BENS PAT.GAST.PUBLI.;SEC.EXEC.DE BENS PATR.E GAST.PUBL.;NAO INFORMADO; CARGO COMISSION.S/VINCULO;14.700,00;;14.700,00;3.773,72;10.926,28;
WALDEMARINA PINTO BARROSO;GERENCIA DE PESSOAL;A.TEC-I;; ESTATUTARIO;4.463,07;;4.463,07;792,84;3.670,23;
WALDENY TAVEIRA PARDO;NUCLEO DE TRANSPORTE;MOT-I;; ESTATUTARIO;3.763,59;;3.763,59;398,17;3.365,42;
WANDERLEY DA SILVA RAMALHO;SEC.EXEC.BENS PAT.GAST.PUBLI.;ASSESSOR III;NAO INFORMADO; CARGO COMISSION.S/VINCULO;3.191,80;;3.191,80;372,18;2.819,62;
WILMA NASCIMENTO FERREIRA;GERENCIA DE PESSOAL;A.TEC-I;; ESTATUTARIO;4.433,16;;4.433,16;783,26;3.649,90;
WYLHANS QUEIROZ DO NASCIMENTO;PENSIONISTAS ALFREDO DA MATA;PENSIONISTA LEI 1735 DE 14.11.85;; PENSIONISTA POR LEI;1.100,00;;1.100,00;;1.100,00;
ZELIA MACHADO RIBEIRO FILHA;NUCLEO DE ARQ.ADMINISTRATIVO;AUXILIAR TECNICO;; ESTATUTARIO;3.799,56;;3.799,56;479,93;3.319,63;
