NOME;LOTACAO;CARGO;FUNCAO;VINCULO;REMUNERACAO LEGAL TOTAL(R$);DESC.TETO(R$); REMUNERACAO LEGAL DEVIDA(R$);DESCONTOS LEGAIS(R$);LIQUIDO DISPONIVEL(R$);
ADRIANA ANDRADE DA SILVA;UNIDADES DESCENTRAL.EDUC.PROF.;SECRETARIO DE ESC.DE EDUC.PROF.;; CARGO COMISSION.S/VINCULO;3109,79;;3109,79;313,94;2795,85;
ADRIANNE MEDEIROS DO NASCIMENTO;UNIDADES DESCENTRAL.EDUC.PROF.;GERENTE ACADEMICO;; CARGO COMISSION.S/VINCULO;3262,22;;3262,22;1036,60;2225,62;
ADRIAO CAVALCANTE ROCHA NETO;UNIDADES DESCENTRAL.EDUC.PROF.;ANALISTA TEC.EDUC.3A.CL-A.T.E-III;; ESTATUTARIO;5718,97;;5718,97;1061,74;4657,23;
ADRIELY OLIVEIRA PEREIRA;UNIDADES DESCENTRAL.EDUC.PROF.;ASS.TEC.EDUC.3A.CL-A.T.ED-III;; ESTATUTARIO;3085,63;;3085,63;385,96;2699,67;
AGRIPINO ABDON DE OLIVEIRA;UNIDADES DESCENTRAL.EDUC.PROF.;ASS.TEC.EDUC.3A.CL-A.T.ED-III;; ESTATUTARIO;3085,63;;3085,63;385,96;2699,67;
ALBERTO GOMES PINTO;NUCLEOS DE EDUC.PROFISSIONAL;GERENTE ACADEMICO;NAO INFORMADO; CARGO COMISSION.S/VINCULO;3109,79;;3109,79;313,94;2795,85;
ALCIMARA PINHEIRO ALBERTINO;NUCLEOS DE EDUC.PROFISSIONAL;GERENTE ACADEMICO;NAO INFORMADO; CARGO COMISSION.S/VINCULO;3109,79;;3109,79;313,94;2795,85;
ALYSSON TAKEU SANTOS IHARA;UNIDADES DESCENTRAL.EDUC.PROF.;GERENTE ACADEMICO;NAO INFORMADO; CARGO COMISSION.S/VINCULO;3109,79;;3109,79;313,94;2795,85;
AMANDA ALECSANDRA MOTA R RODRIGUES;UNIDADES DESCENTRAL.EDUC.PROF.;ASS.TEC.EDUC.3A.CL-A.T.ED-III;; ESTATUTARIO;3085,63;;3085,63;385,96;2699,67;
ANA PAULA HADDAD NEVES;NUCLEOS DE EDUC.PROFISSIONAL;ANALISTA TEC.EDUC.3A.CL-A.T.E-III;; ESTATUTARIO;5718,97;;5718,97;1104,40;4614,57;
ANELIANY DA SILVA LIMA;UNIDADES DESCENTRAL.EDUC.PROF.;ASSESSOR III;NAO INFORMADO; CARGO COMISSION.S/VINCULO;3691,80;;3691,80;424,04;3267,76;
ANGELO MACIEL DE SOUZA;DIRETORIA ADM.FINANCEIRA;TEC.DE TECNOL.INF.3A.CL-T.T.I-III;; ESTATUTARIO;3085,63;;3085,63;385,96;2699,67;
ANTONIA MARIA FARIAS ABREU;DIRETORIA ACADEMICA;ASSESSOR II;ASSESSOR II; CARGO COMISSION.S/VINCULO;4709,79;;4709,79;697,88;4011,91;
ANTONIO MARCELINO MARQUES DA COSTA;NUCLEOS DE EDUC.PROFISSIONAL;ASSESSOR II;NAO INFORMADO; CARGO COMISSION.S/VINCULO;3109,79;;3109,79;313,94;2795,85;
ANTONIO MARCOS DE SOUZA CASTRO;ASSESSORIA;GERENTE DE PROJETOS;NAO INFORMADO; CARGO COMISSION.S/VINCULO;4709,79;;4709,79;697,88;4011,91;
ANTONIO SOARES DA SILVA FILHO;DIRETORIA ADM.FINANCEIRA;AUX.S.G-III;; ESTATUTARIO;3255,69;;3255,69;257,61;2998,08;
ARACY MARTINS DE ARAUJO;DIRETORIA ADM.FINANCEIRA;GERENTE;; CARGO COMISSION.S/VINCULO;4709,79;;4709,79;697,88;4011,91;
ARAMIS DA CRUZ NORONHA;DIRETORIA ACADEMICA;ANALISTA TEC.EDUC.3A.CL-A.T.E-III;; ESTATUTARIO;5718,97;;5718,97;1019,08;4699,89;
ARIADNE MARIA BOH DOS SANTOS;DIRETORIA ACADEMICA;PEDAGOGO C3 ED-ESP-III;DIRETOR ESC.AD-1; ESTATUTARIO;7712,76;;7712,76;1527,00;6185,76;
ARIANA GRIJO DA SILVA AGRA;DIRETORIA ACADEMICA;ANALISTA TEC.EDUC.3A.CL-A.T.E-III;; ESTATUTARIO;5718,97;;5718,97;1104,40;4614,57;
ARLENE SILVA OLIVEIRA BONFIM;UNIDADES DESCENTRAL.EDUC.PROF.;DIRETOR DE ESC.DE EDUC.PROFISS.;NAO INFORMADO; CARGO COMISSION.S/VINCULO;5729,77;;5729,77;1035,28;4694,49;
AUGUSTO RANIERE DE SOUSA TORRES;UNIDADES DESCENTRAL.EDUC.PROF.;ASS.TEC.EDUC.3A.CL-A.T.ED-III;; ESTATUTARIO;3085,63;;3085,63;385,96;2699,67;
CARLA YAEL DE VASCONCELOS NOGUEIRA;ASSESSORIA;ASSESSOR II;NAO INFORMADO; CARGO COMISSION.S/VINCULO;3709,79;;3709,79;428,88;3280,91;
CARLOS AUGUSTO AQUINO NEGREIROS;DIRETORIA ACADEMICA;ANALISTA TEC.EDUC.3A.CL-A.T.E-III;; ESTATUTARIO;5718,97;;5718,97;1104,40;4614,57;
CARMO GONCALVES DA COSTA;DIRETORIA ADM.FINANCEIRA;VIGIA-III;; ESTATUTARIO;3162,87;;3162,87;257,00;2905,87;
CLAUDENILSA SANTOS DE O MENDONÇA;UNIDADES DESCENTRAL.EDUC.PROF.;ANALISTA TEC.EDUC.3A.CL-A.T.E-III;; ESTATUTARIO;5718,97;;5718,97;1104,40;4614,57;
CLEIDE MONTEIRO PORTO;GABINETE DO DIRETOR GERAL;ASSESSOR I;NAO INFORMADO; CARGO COMISSION.S/VINCULO;5729,77;;5729,77;1035,28;4694,49;
CLEUDILON DE SOUZA SILVEIRA;ASSESSORIA;ASSESSOR II;NAO INFORMADO; CARGO COMISSION.S/VINCULO;4709,79;;4709,79;697,88;4011,91;
CLEUZENIR MELO NUNES;UNIDADES DESCENTRAL.EDUC.PROF.;GERENTE ACADEMICO;NAO INFORMADO; CARGO COMISSION.S/VINCULO;3109,79;;3109,79;313,94;2795,85;
DANIEL LUCAS DE MATOS CARVALHO;DIRETORIA ADM.FINANCEIRA;GERENTE;NAO INFORMADO; CARGO COMISSION.S/VINCULO;3709,79;;3709,79;428,88;3280,91;
DARCY PEREIRA LIMA;DIRETORIA ADM.FINANCEIRA;AGENTE ADMINISTRATIVO A - N.B.;; ESTATUTARIO;4313,28;;4313,28;527,87;3785,41;
DEBORAH LOPES TAVARES;DIRETORIA ACADEMICA;ASSESSOR II;ASSESSOR II; CARGO COMISSION.S/VINCULO;4709,79;;4709,79;697,88;4011,91;
DEBORAH RENATA PACHECO DOS S CHAVES;UNIDADES DESCENTRAL.EDUC.PROF.;ASSESSOR II;; CARGO COMISSION.S/VINCULO;2407,33;;2407,33;40,12;2367,21;
DECIO CURY GROHS;UNIDADES DESCENTRAL.EDUC.PROF.;GERENTE ACADEMICO;NAO INFORMADO; CARGO COMISSION.S/VINCULO;3109,79;;3109,79;313,94;2795,85;
DION EZEQUIEL VIEIRA DE LIMA;UNIDADES DESCENTRAL.EDUC.PROF.;TEC.DE TECNOL.INF.3A.CL-T.T.I-III;; ESTATUTARIO;3085,63;;3085,63;385,96;2699,67;
EDILSON RAMOS DOS SANTOS;UNIDADES DESCENTRAL.EDUC.PROF.;SECRETARIO DE ESC.DE EDUC.PROF.;SEC.DE ESC.ED.PROFIS; CARGO COMISSION.S/VINCULO;3109,79;;3109,79;313,94;2795,85;
EDINELZA SANTOS DE ALBUQUERQUE;DIRETORIA ACADEMICA;ASSESSOR II;ASSESSOR II; CARGO COMISSION.S/VINCULO;4709,79;;4709,79;697,88;4011,91;
EDMUNDO FERREIRA BRITO NETTO;DIRETORIA ADM.FINANCEIRA;GERENTE;NAO INFORMADO; CARGO COMISSION.S/VINCULO;4709,79;;4709,79;697,88;4011,91;
ELIDA CAMPOS CUNHA;DIRETORIA DE REL.EMP.E INSTIT.;ANALISTA TEC.EDUC.3A.CL-A.T.E-III;; ESTATUTARIO;5718,97;;5718,97;1104,40;4614,57;
ELIZANGELA ROLIM FONSECA;UNIDADES DESCENTRAL.EDUC.PROF.;GERENTE ACADEMICO;NAO INFORMADO; CARGO COMISSION.S/VINCULO;3109,79;;3109,79;313,94;2795,85;
ELLEN THAIS DA SILVA AZEVEDO;DIRETORIA ACADEMICA;ANALISTA TEC.EDUC.3A.CL-A.T.E-III;; ESTATUTARIO;5718,97;;5718,97;1104,40;4614,57;
ENYSSON ALCÂNTARA BARROSO;PROCURADORIA;PROCURADOR CHEFE;NAO INFORMADO; CARGO COMISSION.S/VINCULO;5729,77;;5729,77;1035,28;4694,49;
ERIK SILVA DO NASCIMENTO;DIRETORIA DE REL.EMP.INSTITUC.;ASS.TEC.EDUC.3A.CL-A.T.ED-III;; ESTATUTARIO;3085,63;;3085,63;385,96;2699,67;
ERIKA MARIA NOGUEIRA DA SILVA;DIRETORIA ACADEMICA;ASSESSOR II;; CARGO COMISSION.S/VINCULO;4709,79;;4709,79;641,00;4068,79;
ERIVAN DA SILVA ENEDINO;UNIDADES DESCENTRAL.EDUC.PROF.;GERENTE ACADEMICO;NAO INFORMADO; CARGO COMISSION.S/VINCULO;3109,79;;3109,79;313,94;2795,85;
ERNO PAULO PORN;UNIDADES DESCENTRAL.EDUC.PROF.;TEC.DE TECNOL.INF.3A.CL-T.T.I-III;; ESTATUTARIO;3085,63;;3085,63;385,96;2699,67;
FABIANA SILVA OLIVEIRA;NUCLEOS DE EDUC.PROFISSIONAL;GERENTE ACADEMICO;NAO INFORMADO; CARGO COMISSION.S/VINCULO;3109,79;;3109,79;313,94;2795,85;
FABIENE DA SILVA PACHECO;NUCLEOS DE EDUC.PROFISSIONAL;GERENTE ACADEMICO;NAO INFORMADO; CARGO COMISSION.S/VINCULO;3109,79;;3109,79;313,94;2795,85;
FELIPE DOS SANTOS DE SOUZA;DIRETORIA ADM.FINANCEIRA;ASS.TEC.EDUC.3A.CL-A.T.ED-III;; ESTATUTARIO;3085,63;;3085,63;385,96;2699,67;
FRANCIANE LIMA DE OLIVEIRA;NUCLEOS DE EDUC.PROFISSIONAL;GERENTE ACADEMICO;NAO INFORMADO; CARGO COMISSION.S/VINCULO;3109,79;;3109,79;313,94;2795,85;
FRANCISCA CRISTIANE M FERREIRA;NUCLEOS DE EDUC.PROFISSIONAL;GERENTE ACADEMICO;NAO INFORMADO; CARGO COMISSION.S/VINCULO;3109,79;;3109,79;313,94;2795,85;
FRANCISCO CARLOS MARTINS DE LIMA;UNIDADES DESCENTRAL.EDUC.PROF.;ASSISTENTE TECNICO PNM.ANM-I;; ESTATUTARIO;2252,62;;2252,62;245,37;2007,25;
FRANCISCO COSMO DA SILVA DOMINGOS;NUCLEOS DE EDUC.PROFISSIONAL;PROFESSOR PF20.LPL-IV;GERENTE ACADEMICO AD; ESTATUTARIO;4804,91;;4804,91;705,91;4099,00;
FRANCISCO QUEIROZ MENEZES;UNIDADES DESCENTRAL.EDUC.PROF.;COORDENADOR DE CURSO;; CARGO COMISSION.S/VINCULO;4729,77;;4729,77;703,25;4026,52;
FRANKLENO FERREIRA DA ENCARNAÇÃO;DIRETORIA ACADEMICA;ANALISTA TEC.EDUC.3A.CL-A.T.E-III;; ESTATUTARIO;5718,97;;5718,97;1104,40;4614,57;
GEORGIANE LEAL BARROSO;UNIDADES DESCENTRAL.EDUC.PROF.;DIRETOR DE ESC.DE EDUC.PROFISS.;NAO INFORMADO; CARGO COMISSION.S/VINCULO;5729,77;;5729,77;1035,28;4694,49;
GERSON BARROS PEREIRA;DIRETORIA ACADEMICA;COORDENADOR DE CURSO;; CARGO COMISSION.S/VINCULO;6139,69;;6139,69;1185,96;4953,73;
GILMARA CABRAL DOS SANTOS;UNIDADES DESCENTRAL.EDUC.PROF.;GERENTE ACADEMICO;NAO INFORMADO; CARGO COMISSION.S/VINCULO;3109,79;;3109,79;313,94;2795,85;
GILMARXE SANTANA PENAFORTE;NUCLEOS DE EDUC.PROFISSIONAL;GERENTE ACADEMICO;NAO INFORMADO; CARGO COMISSION.S/VINCULO;3109,79;;3109,79;313,94;2795,85;
GISELE DE BRITO BRAGA;DIRETORIA ACADEMICA;ASSESSOR I;ASSESSOR I; CARGO COMISSION.S/VINCULO;5729,77;;5729,77;1035,28;4694,49;
GLAUCO BARROS E SILVA;DIRETORIA ACADEMICA;ANALISTA TEC.EDUC.3A.CL-A.T.E-III;; ESTATUTARIO;5718,97;;5718,97;1104,40;4614,57;
GRECIANE DE OLIVEIRA ROSSETTI;UNIDADES DESCENTRAL.EDUC.PROF.;ASS.TEC.EDUC.3A.CL-A.T.ED-III;ASSIST. ADMINISTRAT.; ESTATUTARIO;4557,77;;4557,77;564,59;3993,18;
HALISSON WELLAME GRANA;UNIDADES DESCENTRAL.EDUC.PROF.;ASS.TEC.EDUC.3A.CL-A.T.ED-III;; ESTATUTARIO;2885,63;;2885,63;385,96;2499,67;
HONORATO RODRIGUES NUNES;DIRETORIA ADM.FINANCEIRA;AUX.S.G-III;; ESTATUTARIO;2334,92;;2334,92;216,31;2118,61;
IRES ALVES DA SILVA;DIRETORIA ACADEMICA;COORDENADOR DE CURSO;; CARGO COMISSION.S/VINCULO;4729,77;;4729,77;703,25;4026,52;
ITELVINA ANDREA DE SOUZA AYRES;UNIDADES DESCENTRAL.EDUC.PROF.;GERENTE ACADEMICO;NAO INFORMADO; CARGO COMISSION.S/VINCULO;3109,79;;3109,79;313,94;2795,85;
IVANI FRANCISCO DE OLIVEIRA;NUCLEOS DE EDUC.PROFISSIONAL;ASS.TEC.EDUC.3A.CL-A.T.ED-III;; ESTATUTARIO;3947,51;;3947,51;470,02;3477,49;
JACQUELINE ROBERTO DA S SALDANHA;NUCLEOS DE EDUC.PROFISSIONAL;GERENTE ACADEMICO;NAO INFORMADO; CARGO COMISSION.S/VINCULO;3109,79;;3109,79;313,94;2795,85;
JANDIRA FROTA MAGALHAES;NUCLEOS DE EDUC.PROFISSIONAL;ASS.TEC.EDUC.3A.CL-A.T.ED-III;; ESTATUTARIO;3085,63;;3085,63;385,96;2699,67;
JANNYNIE KELLY HATTA SCHNNYDER;DIRETORIA ACADEMICA;ASSESSOR II;ASSESSOR II; CARGO COMISSION.S/VINCULO;4709,79;;4709,79;697,88;4011,91;
JEFESSON DA COSTA BRUCE;UNIDADES DESCENTRAL.EDUC.PROF.;GERENTE ACADEMICO;NAO INFORMADO; CARGO COMISSION.S/VINCULO;3109,79;;3109,79;313,94;2795,85;
JOAO DANTAS DE BRITO NETO;NUCLEOS DE EDUC.PROFISSIONAL;PROFESSOR PF20.LPL-IV;GERENTE ACADEMICO AD; ESTATUTARIO;5656,20;;5656,20;828,35;4827,85;
JOAO KLEBER SERRAO DE FREITAS;UNIDADES DESCENTRAL.EDUC.PROF.;ANALISTA TEC.EDUC.3A.CL-A.T.E-III;; ESTATUTARIO;5718,97;;5718,97;1104,40;4614,57;
JOED BARBOSA MENDES;NUCLEOS DE EDUC.PROFISSIONAL;TEC.DE TECNOL.INF.3A.CL-T.T.I-III;; ESTATUTARIO;3085,63;;3085,63;385,96;2699,67;
JOELMA KEITH RODRIGUES;UNIDADES DESCENTRAL.EDUC.PROF.;ANALISTA TEC.EDUC.3A.CL-A.T.E-III;; ESTATUTARIO;5718,97;;5718,97;1104,40;4614,57;
JOHN KENNER SENA DE OLIVEIRA;DIRETORIA ADM.FINANCEIRA;DIRETOR ADM-FIN E INTERIORIZACAO;NAO INFORMADO; CARGO COMISSION.S/VINCULO;9500,00;;9500,00;2206,22;7293,78;
JORGE SIQUEIRA CORREA;UNIDADES DESCENTRAL.EDUC.PROF.;PROFESSOR PF20.ESP-III;GERENTE ACADEMICO AD; ESTATUTARIO;5792,92;;5792,92;879,83;4913,09;
JOSÉ AUGUSTO SOUSA DA SILVA;UNIDADES DESCENTRAL.EDUC.PROF.;ANALISTA TEC.EDUC.3A.CL-A.T.E-III;; ESTATUTARIO;5218,97;;5218,97;1104,40;4114,57;
JOSE AUGUSTO DE MELO NETO;DIRETORIA GERAL;PROFESSOR PF20.MSC-II;DIRETOR PRESIDENTE; ESTATUTARIO;17093,23;;17093,23;4373,14;12720,09;
JOSE FERREIRA DO NASCIMENTO;NUCLEOS DE EDUC.PROFISSIONAL;AUX.DE SERV.GERAIS PNF.ASG-III;GERENTE ACADEMICO AD; ESTATUTARIO;5658,08;;5658,08;636,03;5022,05;
JOSE GUEDES DA SILVA;UNIDADES DESCENTRAL.EDUC.PROF.;AUX.S.G-III;; ESTATUTARIO;2023,36;;2023,36;213,27;1810,09;
JOSE MANUEL SALUSTIANO MENDES;DIRETORIA ADM.FINANCEIRA;GERENTE;NAO INFORMADO; CARGO COMISSION.S/VINCULO;3709,79;;3709,79;384,15;3325,64;
JOSE PAULO CLAUDINO DA SILVA;DIRETORIA DE REL.EMP.INSTITUC.;ANALISTA TEC.EDUC.3A.CL-A.T.E-III;; ESTATUTARIO;5718,97;;5718,97;976,43;4742,54;
JOSE SEBASTIAO CARDOSO SILVA;DIRETORIA ADM.FINANCEIRA;MOT-III;; ESTATUTARIO;3194,92;;3194,92;259,41;2935,51;
JOSELMA BASTOS GONCALVES;UNIDADES DESCENTRAL.EDUC.PROF.;ASS.TEC.EDUC.3A.CL-A.T.ED-III;; ESTATUTARIO;3085,63;;3085,63;361,99;2723,64;
JOSIANY DANTAS DA MOTA;DIRETORIA ACADEMICA;ANALISTA TEC.EDUC.3A.CL-A.T.E-III;; ESTATUTARIO;5718,97;;5718,97;1104,40;4614,57;
JOZENILSON LOPES DE PONTES;UNIDADES DESCENTRAL.EDUC.PROF.;GERENTE ACADEMICO;NAO INFORMADO; CARGO COMISSION.S/VINCULO;3109,79;;3109,79;313,94;2795,85;
JUCICLEIA GUIMARÃES DO NASCIMENTO;PROCURADORIA;ASSESSOR I;NAO INFORMADO; CARGO COMISSION.S/VINCULO;5729,77;;5729,77;1035,28;4694,49;
JULIA MARIA FERNANDES MONTEIRO;NUCLEOS DE EDUC.PROFISSIONAL;GERENTE ACADEMICO;NAO INFORMADO; CARGO COMISSION.S/VINCULO;3109,79;;3109,79;313,94;2795,85;
JULIANA MARTINS DE MEDEIROS RIBEIRO;PROCURADORIA;ASS.TEC.EDUC.3A.CL-A.T.ED-III;; ESTATUTARIO;3085,63;;3085,63;361,99;2723,64;
JUSSARA NEGREIROS FERREIRA;UNIDADES DESCENTRAL.EDUC.PROF.;ASSESSOR II;NAO INFORMADO; CARGO COMISSION.S/VINCULO;4709,79;;4709,79;697,88;4011,91;
KATIUCHA DE CASTRO NIGRO;DIRETORIA DE REL.EMP.E INSTIT.;ANALISTA TEC.EDUC.3A.CL-A.T.E-III;; ESTATUTARIO;5218,97;;5218,97;1104,40;4114,57;
KEDLA SIMONE DOS SANTOS NASCIMENTO;NUCLEOS DE EDUC.PROFISSIONAL;GERENTE ACADEMICO;NAO INFORMADO; CARGO COMISSION.S/VINCULO;3109,79;;3109,79;313,94;2795,85;
KELLEN BARBOSA;UNIDADES DESCENTRAL.EDUC.PROF.;SECRETARIO DE ESC.DE EDUC.PROF.;; CARGO COMISSION.S/VINCULO;3109,79;;3109,79;313,94;2795,85;
KINDREULLY RALINY SILVA DE SOUZA;GABINETE DO DIRETOR GERAL;ASS.TEC.EDUC.3A.CL-A.T.ED-III;ASSIST.TEC.3CLASSE; ESTATUTARIO;3947,51;;3947,51;470,02;3477,49;
LÍVIA GISELA NASCIMENTO DA CUNHA;DIRETORIA ADM.FINANCEIRA;ANALISTA TEC.EDUC.3A.CL-A.T.E-III;; ESTATUTARIO;5718,97;;5718,97;1104,40;4614,57;
LARYSSA SOUZA NORONHA;UNIDADES DESCENTRAL.EDUC.PROF.;ASS.TEC.EDUC.3A.CL-A.T.ED-III;; ESTATUTARIO;3085,63;;3085,63;385,96;2699,67;
LEANDRO MADY DA SILVA;DIRETORIA ADM.FINANCEIRA;ASS.TEC.EDUC.3A.CL-A.T.ED-III;; ESTATUTARIO;3085,63;;3085,63;385,96;2699,67;
LEONILSON TAVARES DE MELO;NUCLEOS DE EDUC.PROFISSIONAL;GERENTE ACADEMICO;NAO INFORMADO; CARGO COMISSION.S/VINCULO;3109,79;;3109,79;313,94;2795,85;
LIDIANE TAMIRES PANTOJA DA SILVA;DIRETORIA ADM.FINANCEIRA;ASS.TEC.EDUC.3A.CL-A.T.ED-III;; ESTATUTARIO;3085,63;;3085,63;385,96;2699,67;
LILIANE SOUZA DA PAIXAO;COMISSAO PERMAN.DE CONCURSOS;ASSESSOR II;NAO INFORMADO; CARGO COMISSION.S/VINCULO;2713,79;;2713,79;234,65;2479,14;
LORENA DE SOUZA RIBEIRO GATTO;NUCLEOS DE EDUC.PROFISSIONAL;SECRETARIO DE ESC.DE EDUC.PROF.;SECRETARIO DE ESC.DE; CARGO COMISSION.S/VINCULO;3709,79;;3709,79;428,88;3280,91;
LUCIANA BARROSO ALMEIDA;DIRETORIA ADM.FINANCEIRA;ASS.TEC.EDUC.3A.CL-A.T.ED-III;; ESTATUTARIO;3085,63;;3085,63;385,96;2699,67;
LUCIO MATHEUS FERREIRA DO REGO;ASSESSORIA;TEC.DE TECNOL.INF.3A.CL-T.T.I-III;ASSESSOR II; ESTATUTARIO;5707,82;;5707,82;825,23;4882,59;
LUIZ ANDRE CANTO PANTOJA;DIRETORIA ACADEMICA;ASS.TEC.EDUC.3A.CL-A.T.ED-III;; ESTATUTARIO;3085,63;;3085,63;385,96;2699,67;
LUIZ DE MOURA FERREIRA;NUCLEOS DE EDUC.PROFISSIONAL;GERENTE ACADEMICO;NAO INFORMADO; CARGO COMISSION.S/VINCULO;3109,79;;3109,79;313,94;2795,85;
LUSSANDRA MIRELLI DE MELO PINTO;UNIDADES DESCENTRAL.EDUC.PROF.;ASSESSOR II;; CARGO COMISSION.S/VINCULO;6113,05;;6113,05;1175,93;4937,12;
MAIZA MENEZES DE MENDONÇA;NUCLEOS DE EDUC.PROFISSIONAL;ASSESSOR III;NAO INFORMADO; CARGO COMISSION.S/VINCULO;2695,80;;2695,80;232,49;2463,31;
MANOEL DOS SANTOS VIEIRA;UNIDADES DESCENTRAL.EDUC.PROF.;AUXILIAR DE SERVICOS GERAIS;; ESTATUTARIO;2088,24;;2088,24;213,27;1874,97;
MARCELO AUGUSTO MARTINS LEMOS;DIRETORIA ADM.FINANCEIRA;ASSESSOR III;ASSESSOR III; CARGO COMISSION.S/VINCULO;3691,80;;3691,80;424,04;3267,76;
MARCIA FERNANDA IZIDORIO GOMES;DIRETORIA ACADEMICA;PROFESSOR;PROFESSOR; ESTATUTARIO;4032,00;;4032,00;206,06;3825,94;
MARCIA TORRES DA SILVA;DIRETORIA ADM.FINANCEIRA;COORDENADOR DE CURSO;NAO INFORMADO; CARGO COMISSION.S/VINCULO;4729,77;;4729,77;703,25;4026,52;
MARCOS EVANDRO LEON LEITE;UNIDADES DESCENTRAL.EDUC.PROF.;AUX.S.G-III;; ESTATUTARIO;3661,65;;3661,65;300,73;3360,92;
MARIA DA CONCEICAO DAVILA TOMAZ;DIRETORIA ADM.FINANCEIRA;ASSESSOR IV;NAO INFORMADO; CARGO COMISSION.S/VINCULO;3075,61;;3075,61;307,59;2768,02;
MARIA DE NAZARE LIMA DOS SANTOS;NUCLEOS DE EDUC.PROFISSIONAL;GERENTE ACADEMICO;NAO INFORMADO; CARGO COMISSION.S/VINCULO;3109,79;;3109,79;313,94;2795,85;
MARIA DO PERPETUO S R CAVALCANTI;UNIDADES DESCENTRAL.EDUC.PROF.;ANALISTA TEC.EDUC.3A.CL-A.T.E-III;; ESTATUTARIO;5718,97;;5718,97;1104,40;4614,57;
MARIA EMILIA FREITAS DE SOUZA SILVA;DIRETORIA ADM.FINANCEIRA;A.OPE-III;; ESTATUTARIO;4335,18;;4335,18;433,59;3901,59;
MARIA IRACELMA ARAUJO DOS SANTOS;NUCLEOS DE EDUC.PROFISSIONAL;COORDENADOR DE CURSO;NAO INFORMADO; CARGO COMISSION.S/VINCULO;3729,77;;3729,77;434,25;3295,52;
MARIA LUCIMAR JACINTO DE SOUSA;UNIDADES DESCENTRAL.EDUC.PROF.;PROFESSOR PF20.MSC-II;DIRETOR DE ESC.DE ED; ESTATUTARIO;9992,66;;9992,66;2197,12;7795,54;
MARIA OLINDA SAMPAIO SALDANHA;DIRETORIA ADM.FINANCEIRA;AUX.S.G-III;; ESTATUTARIO;2334,92;;2334,92;216,31;2118,61;
MARIA ROGERIA DA SILVA MESQUITA;DIRETORIA ACADEMICA;ANALISTA TEC.EDUC.3A.CL-A.T.E-III;; ESTATUTARIO;5718,97;;5718,97;1104,40;4614,57;
MARIA SOLANGE MESQUITA;UNIDADES DESCENTRAL.EDUC.PROF.;ASSESSOR II;ASSESSOR II; CARGO COMISSION.S/VINCULO;3709,79;;3709,79;428,88;3280,91;
MARIA VERONICA CASTRO NETA;DIRETORIA ADM.FINANCEIRA;ASSESSOR III;; CARGO COMISSION.S/VINCULO;3691,80;;3691,80;424,04;3267,76;
MARIA ZULEIDE FERREIRA;DIRETORIA ADM.FINANCEIRA;ASS.TEC.EDUC.3A.CL-A.T.ED-III;COORDENADOR DE CURSO; ESTATUTARIO;6752,97;;6752,97;1105,67;5647,30;
MARILIA JAQUES DA SILVA;NUCLEOS DE EDUC.PROFISSIONAL;GERENTE ACADEMICO;NAO INFORMADO; CARGO COMISSION.S/VINCULO;3109,79;;3109,79;313,94;2795,85;
MARIQUINHA GOMES PONTES;NUCLEOS DE EDUC.PROFISSIONAL;GERENTE ACADEMICO;NAO INFORMADO; CARGO COMISSION.S/VINCULO;3109,79;;3109,79;313,94;2795,85;
MARLETE LOPES CORREA;COMISSAO PERMAN.DE CONCURSOS;ANALISTA TEC.EDUC.3A.CL-A.T.E-III;; ESTATUTARIO;12232,63;;12232,63;3318,58;8914,05;
MAURO PETRAS RIBEIRO MUNIZ;DIRETORIA DE REL.EMP.INSTITUC.;DIRETOR DE REL.EMPRES.E INSTITUC.;NAO INFORMADO; CARGO COMISSION.S/VINCULO;9500,00;;9500,00;2206,22;7293,78;
MERNIQUE ALMEIDA DA SILVA;UNIDADES DESCENTRAL.EDUC.PROF.;AUXILIAR DE SERVICOS GERAIS;; ESTATUTARIO;2088,24;;2088,24;213,27;1874,97;
MIGUEL GERALDO LIMA DA CUNHA;UNIDADES DESCENTRAL.EDUC.PROF.;ASS.TEC.EDUC.3A.CL-A.T.ED-III;; ESTATUTARIO;3085,63;;3085,63;385,96;2699,67;
NANCI HELENA BACH MOREIRA;UNIDADES DESCENTRAL.EDUC.PROF.;ANALISTA TEC.EDUC.3A.CL-A.T.E-III;; ESTATUTARIO;5718,97;;5718,97;1104,40;4614,57;
NATASHA NASCIMENTO DE SOUSA;UNIDADES DESCENTRAL.EDUC.PROF.;SECRETARIO DE ESC.DE EDUC.PROF.;NAO INFORMADO; CARGO COMISSION.S/VINCULO;3109,79;;3109,79;313,94;2795,85;
NICOLAS SAMPAIO BEVILAQUA;DIRETORIA DE REL.EMP.INSTITUC.;ASS.TEC.EDUC.3A.CL-A.T.ED-III;; ESTATUTARIO;3947,51;;3947,51;470,02;3477,49;
NUBIA SILVA CAVALCANTE E SOUZA;DIRETORIA ACADEMICA;GERENTE DE PROJETOS;GERENTE PROJETO AD-2; CARGO COMISSION.S/VINCULO;4709,79;;4709,79;697,88;4011,91;
ODELÂNDIA RABELO SILVA;UNIDADES DESCENTRAL.EDUC.PROF.;ASS.TEC.EDUC.3A.CL-A.T.ED-III;; ESTATUTARIO;3085,63;;3085,63;385,96;2699,67;
OZENIRA ROCHA DE BARROS;GABINETE DO DIRETOR GERAL;PROFESSOR PF20.ESP-III;CHEFE DE GABINETE; ESTATUTARIO;14070,15;;14070,15;5711,44;8358,71;
PAULO CESAR MOREIRA DE SOUZA;ASSESSORIA;ANALISTA TEC.EDUC.3A.CL-A.T.E-III;; ESTATUTARIO;5718,97;;5718,97;1061,74;4657,23;
PEDRO SANTAREM DE SOUZA;DIRETORIA ACADEMICA;ANALISTA TEC.EDUC.3A.CL-A.T.E-III;; ESTATUTARIO;6958,63;;6958,63;1573,99;5384,64;
PRISCILA ROBERTA VIEIRA DE FREITAS;NUCLEOS DE EDUC.PROFISSIONAL;GERENTE ACADEMICO;NAO INFORMADO; CARGO COMISSION.S/VINCULO;3109,79;;3109,79;313,94;2795,85;
RAFAEL DE ARAUJO MIRANDA;ASSESSORIA;ASS.TEC.EDUC.3A.CL-A.T.ED-III;; ESTATUTARIO;3085,63;;3085,63;385,96;2699,67;
RAIZINARA DE OLIVEIRA ZURRA;UNIDADES DESCENTRAL.EDUC.PROF.;DIRETOR DE ESC.DE EDUC.PROFISS.;NAO INFORMADO; CARGO COMISSION.S/VINCULO;5729,77;;5729,77;1035,28;4694,49;
RALFA GOMES DE SOUZA;NUCLEOS DE EDUC.PROFISSIONAL;ANALISTA TEC.EDUC.3A.CL-A.T.E-III;; ESTATUTARIO;5718,97;;5718,97;1104,40;4614,57;
RAQUEL AGUIAR DA SILVA;DIRETORIA ACADEMICA;COORDENADOR DE CURSO;; CARGO COMISSION.S/VINCULO;4729,77;;4729,77;703,25;4026,52;
REGIANE OLIVEIRA DA SILVA;DIRETORIA ADM.FINANCEIRA;ASSESSOR II;NAO INFORMADO; CARGO COMISSION.S/VINCULO;3709,79;;3709,79;428,88;3280,91;
REGIOMARA LASMAR COSTA;UNIDADES DESCENTRAL.EDUC.PROF.;COORDENADOR DE CURSO;COORDENADOR DE CURSO; CARGO COMISSION.S/VINCULO;3729,77;;3729,77;434,25;3295,52;
REINIER ALEX DE OLIVEIRA FREITAS;GABINETE DO DIRETOR GERAL;GERENTE;NAO INFORMADO; CARGO COMISSION.S/VINCULO;3709,79;;3709,79;428,88;3280,91;
RENATA LIBORIO BRUCE;DIRETORIA ACADEMICA;ASS.TEC.EDUC.3A.CL-A.T.ED-III;; ESTATUTARIO;2464,32;;2464,32;275,00;2189,32;
RITA MARA MIRANDA GARCIA;NUCLEOS DE EDUC.PROFISSIONAL;PROFESSOR PF20.ESP-III;DIRETOR ACADEMICO; ESTATUTARIO;15293,45;;15293,45;3502,84;11790,61;
ROBERTA DA SILVA PINHEIRO;DIRETORIA ACADEMICA;SECRETARIO DE ESC.DE EDUC.PROF.;SEC.ESC.EDUC.PROF.; CARGO COMISSION.S/VINCULO;3709,79;;3709,79;428,88;3280,91;
RODRIGO ALBERTO DE ABREU LIMA;PROCURADORIA;GERENTE DE PROJETOS;NAO INFORMADO; CARGO COMISSION.S/VINCULO;6113,05;;6113,05;1175,93;4937,12;
RUBEM PEREIRA BARBOSA;UNIDADES DESCENTRAL.EDUC.PROF.;DIRETOR DE ESC.DE EDUC.PROFISS.;NAO INFORMADO; CARGO COMISSION.S/VINCULO;5729,77;;5729,77;1035,28;4694,49;
SÂMARA SARMENTO DA COSTA LIMA;UNIDADES DESCENTRAL.EDUC.PROF.;ASSESSOR III;NAO INFORMADO; CARGO COMISSION.S/VINCULO;3691,80;;3691,80;408,91;3282,89;
SALATIEL DA ROCHA GOMES;UNIDADES DESCENTRAL.EDUC.PROF.;ANALISTA TEC.EDUC.3A.CL-A.T.E-III;DIRETOR DE ESC.DE ED; ESTATUTARIO;7192,63;;7192,63;1448,70;5743,93;
SARA RAQUEL NEGREIROS FRANÇA;UNIDADES DESCENTRAL.EDUC.PROF.;ASS.TEC.EDUC.3A.CL-A.T.ED-III;; ESTATUTARIO;3085,63;;3085,63;385,96;2699,67;
SIDILANDE PICANCO FERREIRA;DIRETORIA ACADEMICA;COORDENADOR DE CURSO;; CARGO COMISSION.S/VINCULO;4729,77;;4729,77;703,25;4026,52;
SONIA FERREIRA DA SILVA;COMISSAO PERMAN.DE CONCURSOS;PRESIDENTE COM.PERMAN.CONCUR.AD-1;; CARGO COMISSION.S/VINCULO;5729,77;;5729,77;1035,28;4694,49;
SUANY DE ARAUJO SARAIVA;NUCLEOS DE EDUC.PROFISSIONAL;PROFESSOR PF20.LPL-IV;; ESTATUTARIO;6866,16;;6866,16;1122,36;5743,80;
TAINA ABECASSIS TEIXEIRA;DIRETORIA DE REL.EMP.INSTITUC.;ANALISTA TEC.EDUC.3A.CL-A.T.E-III;; ESTATUTARIO;5718,97;;5718,97;1104,40;4614,57;
TAINAH BARBOSA NEPOMUCENO;NUCLEOS DE EDUC.PROFISSIONAL;ASS.TEC.EDUC.3A.CL-A.T.ED-III;; ESTATUTARIO;3085,63;;3085,63;385,96;2699,67;
TAMYRES MENEZES DE ANDRADE;UNIDADES DESCENTRAL.EDUC.PROF.;ASS.TEC.EDUC.3A.CL-A.T.ED-III;; ESTATUTARIO;3085,63;;3085,63;385,96;2699,67;
THAMARA PAIVA SILVA;DIRETORIA ADM.FINANCEIRA;ASS.TEC.EDUC.3A.CL-A.T.ED-III;; ESTATUTARIO;3085,63;;3085,63;385,96;2699,67;
THIAGO TEIXEIRA GILONA;DIRETORIA ADM.FINANCEIRA;COORDENADOR DE NUCLEO;NAO INFORMADO; CARGO COMISSION.S/VINCULO;5729,77;;5729,77;1035,28;4694,49;
VALDENICE DE CASTRO GOMES RAMOS;UNIDADES DESCENTRAL.EDUC.PROF.;GERENTE ACADEMICO;NAO INFORMADO; CARGO COMISSION.S/VINCULO;3109,79;;3109,79;313,94;2795,85;
VALDENOR ALVES CORDEIRO;UNIDADES DESCENTRAL.EDUC.PROF.;ASSISTENTE ADMINISTRATIVO;; ESTATUTARIO;3085,63;;3085,63;385,96;2699,67;
VALERIA GOMES DE MELO;NUCLEOS DE EDUC.PROFISSIONAL;SECRETARIO DE ESC.DE EDUC.PROF.;SECRETARIO DE ESC.DE; CARGO COMISSION.S/VINCULO;3709,79;;3709,79;428,88;3280,91;
VANESSA HOLANDA GONÇALVES;DIRETORIA ADM.FINANCEIRA;COORDENADOR DE NUCLEO;NAO INFORMADO; CARGO COMISSION.S/VINCULO;5729,77;;5729,77;1035,28;4694,49;
VANESSA KAREN PINTO B MEDEIROS;GABINETE DO DIRETOR GERAL;ASSESSOR III;ASSESSOR III; CARGO COMISSION.S/VINCULO;3691,80;;3691,80;424,04;3267,76;
VICTOR LOZOVOI FIGUEIREDO DE ARAUJO;DIRETORIA ADM.FINANCEIRA;ASS.TEC.EDUC.3A.CL-A.T.ED-III;; ESTATUTARIO;3085,63;;3085,63;385,96;2699,67;
VITOR CANTANHEDE BARRETO;DIRETORIA ADM.FINANCEIRA;ASS.TEC.EDUC.3A.CL-A.T.ED-III;; ESTATUTARIO;3947,51;;3947,51;470,02;3477,49;
VIVIAN CHRISTIANE ATAIDE MORAES;DIRETORIA ACADEMICA;COORDENADOR DE CURSO;COORD.CURSO AD-1; CARGO COMISSION.S/VINCULO;4709,79;;4709,79;697,88;4011,91;
WALDERLENE MONTEIRO DA SILVA;NUCLEOS DE EDUC.PROFISSIONAL;GERENTE ACADEMICO;NAO INFORMADO; CARGO COMISSION.S/VINCULO;3109,79;;3109,79;313,94;2795,85;
WALDERLES FELIX BRANDÃO;UNIDADES DESCENTRAL.EDUC.PROF.;GERENTE ACADEMICO;NAO INFORMADO; CARGO COMISSION.S/VINCULO;3109,79;;3109,79;282,17;2827,62;
WELLINGTHON SALES BATALHA;UNIDADES DESCENTRAL.EDUC.PROF.;TEC.DE TECNOL.INF.3A.CL-T.T.I-III;; ESTATUTARIO;3085,63;;3085,63;385,96;2699,67;
WELLINGTON COSTA DA SILVA;ASSESSORIA;ANALISTA TEC.EDUC.3A.CL-A.T.E-III;; ESTATUTARIO;5718,97;;5718,97;1104,40;4614,57;
ZAIRA NOGUEIRA QUEIROZ;DIRETORIA ACADEMICA;GERENTE DE PROJETOS;GERENTE PROJETO AD-2; CARGO COMISSION.S/VINCULO;4709,79;;4709,79;697,88;4011,91;
