NOME;LOTACAO;CARGO;FUNCAO;VINCULO;REMUNERACAO LEGAL TOTAL(R$);DESC.TETO(R$); REMUNERACAO LEGAL DEVIDA(R$);DESCONTOS LEGAIS(R$);LIQUIDO DISPONIVEL(R$);
ADRIANA DIAS DE ALMEIDA;SUBCONTROL.DE OUVIDORIA;ASSESSOR III;NAO INFORMADO; CARGO COMISSION.S/VINCULO;3.191,80;;3.191,80;338,26;2.853,54;
ALINE DE ALENCAR CORREIA FIGUEIREDO;SUBCONTROL.DE CONTROL.INTERNO;ASSESSOR III;NAO INFORMADO; CARGO COMISSION.S/VINCULO;3.191,80;;3.191,80;372,18;2.819,62;
ALINE PONTES BORGES VERAS;DPTO.ADMINISTRACAO E FINANCAS;ASSESSOR IV;NAO INFORMADO; CARGO COMISSION.S/VINCULO;2.575,61;;2.575,61;252,09;2.323,52;
ANA PAULA DE FREITAS LOPES;SUBCONTROL.DE CONTROL.INTERNO;ASSESSOR TECNICO;NAO INFORMADO; CARGO COMISSION.S/VINCULO;7.000,00;;7.000,00;1.647,36;5.352,64;
ANATHILDE LAPA MAIA;GABINETE DO SECRETARIO;ASSESSOR DE CONTROLE INTERNO II;; CARGO COMISSION.S/VINCULO;4.209,79;;4.209,79;640,87;3.568,92;
ANDRE LUIZ DE SOUZA ANZOATEGUI;SUBCONTROL.DE CONTROL.INTERNO;INVEST.DE POL. 4A.CL. PC-INV.IV;ASSESSOR I AD-1; ESTATUTARIO;5.000,00;;5.000,00;403,55;4.596,45;
ANDRE MARCELO RIBEIRO VIGA;SUBCONTROL.DE CONTROL.INTERNO;ASSESSOR DE CONTROLE INTERNO II;NAO INFORMADO; CARGO COMISSION.S/VINCULO;4.209,79;;4.209,79;609,94;3.599,85;
ANDSON LIMA MOREIRA;DEPTO.RECURSOS DA INFORMACAO;ASSESSOR III;NAO INFORMADO; CARGO COMISSION.S/VINCULO;3.191,80;;3.191,80;372,18;2.819,62;
ANIELLY ROCHA DE ARAUJO;SUBCONTROL.DE CONTROL.INTERNO;ASSESSOR III;NAO INFORMADO; CARGO COMISSION.S/VINCULO;3.191,80;;3.191,80;352,48;2.839,32;
ANTONIO ELIAS DE SOUZA;DPTO.ADMINISTRACAO E FINANCAS;CHEFE DE DEPARTAMENTO;NAO INFORMADO; CARGO COMISSION.S/VINCULO;5.229,77;;5.229,77;981,03;4.248,74;
ANTONIO LEOPOLDO OLIVEIRA DE LIMA;SUBCONTROL.DE CONTROL.INTERNO;ASSESSOR IV;NAO INFORMADO; CARGO COMISSION.S/VINCULO;2.575,61;;2.575,61;252,09;2.323,52;
AURICLEIA NASCIMENTO DE A REBOUCAS;SUBCONTROL.DE CONTROL.INTERNO;DIGITADOR;ASSESSOR I; ESTATUTARIO;7.695,39;;7.695,39;1.433,07;6.262,32;
BENEDITO SOUZA DA COSTA;DPTO.ADMINISTRACAO E FINANCAS;ASSESSOR III;NAO INFORMADO; CARGO COMISSION.S/VINCULO;3.191,80;;3.191,80;372,18;2.819,62;
CAROL DE PINHO ASSI ALENCAR;GABINETE DO SECRETARIO;CHEFE DE GABINETE;NAO INFORMADO; CARGO COMISSION.S/VINCULO;6.973,03;;6.973,03;1.532,94;5.440,09;
CASSIA DE OLIVEIRA DUARTE G SILVA;DPTO.ADMINISTRACAO E FINANCAS;GERENTE;; CARGO COMISSION.S/VINCULO;5.613,05;;5.613,05;1.125,18;4.487,87;
CHARLENE MACIEL DE OLIVEIRA;SUBCONTROL.DE OUVIDORIA;ASSESSOR III;NAO INFORMADO; CARGO COMISSION.S/VINCULO;3.191,80;;3.191,80;352,48;2.839,32;
CLEONE BARROS DE ALMEIDA;SUBCONTROL.DE CONTROL.INTERNO;TNS-II;ASSESSOR II AD-2; ESTATUTARIO;8.831,13;;8.831,13;2.167,59;6.663,54;
CYAILLEN CARVALHO ESPINDOLA;GABINETE DO SECRETARIO;ASSESSOR III;; CARGO COMISSION.S/VINCULO;7.092,87;;7.092,87;4.787,69;2.305,18;
CYAILLEN CARVALHO ESPINDOLA;GABINETE DO SECRETARIO;ASSESSOR DE CONTROLE INTERNO II;NAO INFORMADO; CARGO COMISSION.S/VINCULO;6.314,68;;6.314,68;1.389,34;4.925,34;
DEBORA THALIENY DA SILVA CARVALHO;SUBCONTROL.DE CONTROL.INTERNO;ASSESSOR IV;NAO INFORMADO; CARGO COMISSION.S/VINCULO;2.575,61;;2.575,61;252,09;2.323,52;
DORVAL FERREIRA MARTINS FILHO;GABINETE DO SECRETARIO;ASSESSOR II;NAO INFORMADO; CARGO COMISSION.S/VINCULO;5.613,05;;5.613,05;1.125,18;4.487,87;
EDENILSON PINHEIRO SILVA;DPTO.ADMINISTRACAO E FINANCAS;ASSESSOR III;NAO INFORMADO; CARGO COMISSION.S/VINCULO;3.191,80;;3.191,80;338,26;2.853,54;
ELEM DO SOCORRO MEDEIROS DE AZEVEDO;DPTO.ADMINISTRACAO E FINANCAS;GERENTE;; CARGO COMISSION.S/VINCULO;5.613,05;;5.613,05;1.125,18;4.487,87;
ELIONILDE ARAUJO DA SILVA;DPTO.ADMINISTRACAO E FINANCAS;ASSESSOR I;NAO INFORMADO; CARGO COMISSION.S/VINCULO;5.229,77;;5.229,77;981,03;4.248,74;
ENEIAS PEREIRA NASCIMENTO;DEPTO.RECURSOS DA INFORMACAO;ASSESSOR III;; CARGO COMISSION.S/VINCULO;3.191,80;;3.191,80;338,26;2.853,54;
ENOQUE MOREIRA NUNES JUNIOR;SUBCONTROL.DE CONTROL.INTERNO;ASSESSOR I;NAO INFORMADO; CARGO COMISSION.S/VINCULO;5.229,77;;5.229,77;895,72;4.334,05;
ENZA RAFAELA RODRIGUES P AQUINO;SUBCONTROL.DE CONTROL.INTERNO;ASSESSOR II;NAO INFORMADO; CARGO COMISSION.S/VINCULO;4.209,79;;4.209,79;609,94;3.599,85;
ERIVALDER ARAUJO BARREIROS;SUBCONTROL.DE CONTROL.INTERNO;ASSESSOR II;NAO INFORMADO; CARGO COMISSION.S/VINCULO;4.209,79;;4.209,79;640,87;3.568,92;
FABIO DIEGO GOMES RAMOS;DEPTO.RECURSOS DA INFORMACAO;ASSESSOR DE TECNOL.DA INFORMACAO;; CARGO COMISSION.S/VINCULO;6.973,03;;6.973,03;1.532,94;5.440,09;
FRANCISCA DARA DA SILVA;SUBCONTROL.DE CONTROL.INTERNO;ASSESSOR III;NAO INFORMADO; CARGO COMISSION.S/VINCULO;3.191,80;;3.191,80;372,18;2.819,62;
HOEBER SILVA E SILVA;DPTO.ADMINISTRACAO E FINANCAS;ASSESSOR III;; CARGO COMISSION.S/VINCULO;3.191,80;;3.191,80;372,18;2.819,62;
IANE VITORIA DUARTE DA COSTA;GABINETE DO SECRETARIO;ASSESSOR IV;NAO INFORMADO; CARGO COMISSION.S/VINCULO;2.575,61;;2.575,61;252,09;2.323,52;
INGRID DE OLIVEIRA MENEZES;SUBCONTROL.DE CONTROL.INTERNO;ASSESSOR DE CONTROLE INTERNO II;NAO INFORMADO; CARGO COMISSION.S/VINCULO;5.613,05;;5.613,05;1.073,04;4.540,01;
ISAIAS DOS SANTOS ALMEIDA;SUBCONTROL.DE CONTROL.INTERNO;ASSESSOR IV;NAO INFORMADO; CARGO COMISSION.S/VINCULO;3.863,41;;3.863,41;545,20;3.318,21;
ITAUNA HENRIQUE BASTOS LIMA;SUBCONTROL.DE CONTROL.INTERNO;ASSESSOR II;NAO INFORMADO; CARGO COMISSION.S/VINCULO;4.209,79;;4.209,79;640,87;3.568,92;
JANAYNA CASTRO DE VASCONCELOS;ASSESSORIA TECNICA;ASSESSOR JURIDICO;NAO INFORMADO; CARGO COMISSION.S/VINCULO;5.229,77;;5.229,77;981,03;4.248,74;
JEANE MARIA MAR PASSOS;SEC.EXEC.ADJ.DE ADMINISTRACAO;A.TEC-I;SEC.EXEC.ADJ. ADM; ESTATUTARIO;12.563,59;;12.563,59;2.977,33;9.586,26;
JESSICA DE SOUZA COSTA;SUBCONTROL.DE CONTROL.INTERNO;ASSESSOR DE CONTROLE INTERNO II;NAO INFORMADO; CARGO COMISSION.S/VINCULO;4.209,79;;4.209,79;640,87;3.568,92;
JONATAS BARBOSA PESSOA;DPTO.ADMINISTRACAO E FINANCAS;ASSESSOR III;NAO INFORMADO; CARGO COMISSION.S/VINCULO;3.191,80;;3.191,80;372,18;2.819,62;
JOSE LUIS CANTUARIA DOS REIS;ASSESSORIA TECNICA;ASSESSOR JURIDICO;NAO INFORMADO; CARGO COMISSION.S/VINCULO;6.973,03;;6.973,03;1.532,94;5.440,09;
KEYLA CARVALHO CAVALCANTE;DEPTO.ADMINISTRAT.FINANCEIRO;ASSESSOR I;NAO INFORMADO; CARGO COMISSION.S/VINCULO;5.229,77;;5.229,77;895,72;4.334,05;
LARISSA FERREIRA P BITTENCOURT;GABINETE DO SECRETARIO;ASSESSOR III;NAO INFORMADO; CARGO COMISSION.S/VINCULO;3.191,80;;3.191,80;372,18;2.819,62;
LARISSA MONTEIRO PINTO DE ANDRADE;SUBCONTROL.DE OUVIDORIA;CHEFE DE DEPARTAMENTO;; CARGO COMISSION.S/VINCULO;6.973,03;;6.973,03;1.585,08;5.387,95;
LICIA DA SILVA BARNABE;SUBCONTROL.DE OUVIDORIA;ASSESSOR IV;NAO INFORMADO; CARGO COMISSION.S/VINCULO;2.575,61;;2.575,61;252,09;2.323,52;
LIVIA HELENA VENTURA RIBEIRO;DPTO.ADMINISTRACAO E FINANCAS;GERENTE;NAO INFORMADO; CARGO COMISSION.S/VINCULO;5.613,05;;5.613,05;1.073,04;4.540,01;
LUCIA DE FATIMA RIBEIRO MAGALHAES;SUBCONTROL.DE CONTROL.INTERNO;SUBCONTROLADOR-GERAL CONT.INTERNO;NAO INFORMADO; CARGO COMISSION.S/VINCULO;15.600,00;;15.600,00;4.021,22;11.578,78;
LUIZ GONZAGA DE AZEVEDO O FILHO;DPTO.ADMINISTRACAO E FINANCAS;ASSESSOR IV;NAO INFORMADO; CARGO COMISSION.S/VINCULO;2.575,61;;2.575,61;252,09;2.323,52;
LUIZ ROCHA DE ARAUJO;SUBCONTROL.DE CONTROL.INTERNO;TNS-I;AUDITOR CHEFE AD-1; ESTATUTARIO;4.421,65;;4.421,65;986,47;3.435,18;
MAIZA BARCELOS DE SOUZA;SUBCONTROL.DE CONTROL.INTERNO;ASSESSOR III;NAO INFORMADO; CARGO COMISSION.S/VINCULO;3.191,80;;3.191,80;372,18;2.819,62;
MANUELLA SILVESTRE GONCALVES SILVA;SUBCONTROL.DE CONTROL.INTERNO;ASSESSOR DE CONTROLE INTERNO I;; CARGO COMISSION.S/VINCULO;16.851,47;;16.851,47;7.844,63;9.006,84;
MARCELA MELO PEREIRA;DPTO.ADMINISTRACAO E FINANCAS;ASSESSOR III;; CARGO COMISSION.S/VINCULO;3.191,80;;3.191,80;372,18;2.819,62;
MARCOS PAULO MATOS DE SOUZA;SUBCONTROL.DE CONTROL.INTERNO;ASSESSOR DE CONTROLE INTERNO II;NAO INFORMADO; CARGO COMISSION.S/VINCULO;4.209,79;;4.209,79;581,50;3.628,29;
MARIA TEREZA ELIAS BEZERRA MENEZES;SUBCONTROL.DE CONTROL.INTERNO;ASSESSOR DE CONTROLE INTERNO II;; CARGO COMISSION.S/VINCULO;4.209,79;;4.209,79;640,87;3.568,92;
MARILENE PINHEIRO FONSECA PALHARES;SUBCONTROL.DE OUVIDORIA;ASSESSOR III;NAO INFORMADO; CARGO COMISSION.S/VINCULO;3.191,80;;3.191,80;372,18;2.819,62;
MICHEL KRISTHIAN LAVOR CRUZ TAMER;SUBCONTROL.DE CONTROL.INTERNO;ASSESSOR DE CONTROLE INTERNO I;; CARGO COMISSION.S/VINCULO;6.973,03;;6.973,03;1.532,94;5.440,09;
MIGUEL ANTONIO BRANDT CRUZ;SUBCONTROL.DE OUVIDORIA;CHEFE DE DEPARTAMENTO;NAO INFORMADO; CARGO COMISSION.S/VINCULO;5.229,77;;5.229,77;895,72;4.334,05;
NARA MARLY ALVES DE OLIVEIRA SOUZA;SUBCONTROL.DE OUVIDORIA;ASSESSOR IV;; CARGO COMISSION.S/VINCULO;5.723,57;;5.723,57;3.863,41;1.860,16;
NARA MARLY ALVES DE OLIVEIRA SOUZA;SUBCONTROL.DE OUVIDORIA;ASSESSOR III;NAO INFORMADO; CARGO COMISSION.S/VINCULO;4.787,69;;4.787,69;833,60;3.954,09;
OTAVIO DE SOUZA GOMES;GABINETE DO SECRETARIO;CONTROLADOR GERAL DO ESTADO;NAO INFORMADO; CARGO COMISSION.S/VINCULO;37.413,33;;37.413,33;10.019,88;27.393,45;
PAULA SILVA DE OLIVEIRA;DPTO.ADMINISTRACAO E FINANCAS;ASSESSOR III;; CARGO COMISSION.S/VINCULO;3.191,80;;3.191,80;338,26;2.853,54;
RENATA INGRID PANTOJA DA SILVA;SUBCONTROL.DE CONTROL.INTERNO;ASSESSOR III;NAO INFORMADO; CARGO COMISSION.S/VINCULO;3.191,80;;3.191,80;352,48;2.839,32;
RIANDRY PIZANO CARVALHO;SUBCONTROL.DE CONTROL.INTERNO;ASSESSOR DE CONTROLE INTERNO I;NAO INFORMADO; CARGO COMISSION.S/VINCULO;7.844,65;;7.844,65;2.058,06;5.786,59;
RICARDO DOS SANTOS PONTES;DPTO.ADMINISTRACAO E FINANCAS;A.TEC-I;; ESTATUTARIO;5.247,25;;5.247,25;928,84;4.318,41;
ROBSON CARVALHO DA SILVA;SUBCONTROL.DE OUVIDORIA;ASSESSOR TECNICO;NAO INFORMADO; CARGO COMISSION.S/VINCULO;7.000,00;;7.000,00;1.647,36;5.352,64;
RODRIGO JUNIO ALVES DE SOUZA;DEPTO.RECURSOS DA INFORMACAO;ASSESSOR III;NAO INFORMADO; CARGO COMISSION.S/VINCULO;3.191,80;;3.191,80;372,18;2.819,62;
ROGERIO SIQUEIRA DE SA NOGUEIRA;SUBCONTROL.DE OUVIDORIA;SUBCONTROLADOR-GERAL DE TRANP.E OUV;NAO INFORMADO; CARGO COMISSION.S/VINCULO;15.600,00;;15.600,00;4.021,22;11.578,78;
ROOSEVELT FARIAS DE MORAES;GABINETE DO SECRETARIO;ASSESSOR DE CONTROLE INTERNO II;NAO INFORMADO; CARGO COMISSION.S/VINCULO;4.209,79;;4.209,79;581,50;3.628,29;
ROSA AMANDA DA SILVA OLIVEIRA;DPTO.ADMINISTRACAO E FINANCAS;GERENTE;NAO INFORMADO; CARGO COMISSION.S/VINCULO;4.209,79;;4.209,79;640,87;3.568,92;
ROSANA CARVALHO IPIRANGA;DPTO.ADMINISTRACAO E FINANCAS;ASSESSOR I;NAO INFORMADO; CARGO COMISSION.S/VINCULO;5.229,77;;5.229,77;981,03;4.248,74;
RUY BRASIL CORREA FILHO;SUBCONTROL.DE CONTROL.INTERNO;TNS-I;CH DE DPTO AD-1; ESTATUTARIO;6.865,11;;6.865,11;1.670,69;5.194,42;
SERGIO LUIZ VELOZO;GABINETE DO SECRETARIO;ASSESSOR DE COMUNICACAO;NAO INFORMADO; CARGO COMISSION.S/VINCULO;5.229,77;;5.229,77;981,03;4.248,74;
SUELEN OLIVEIRA MOTA;SUBCONTROL.DE CONTROL.INTERNO;ASSESSOR DE CONTROLE INTERNO II;NAO INFORMADO; CARGO COMISSION.S/VINCULO;4.209,79;;4.209,79;640,87;3.568,92;
VANESSA REIS DE LIMA;GABINETE DO SECRETARIO;ASSESSOR III;NAO INFORMADO; CARGO COMISSION.S/VINCULO;3.191,80;;3.191,80;352,48;2.839,32;
VITOR ISAAC VICENTE DE LIMA;DPTO.ADMINISTRACAO E FINANCAS;ASSESSOR II;NAO INFORMADO; CARGO COMISSION.S/VINCULO;4.209,79;;4.209,79;640,87;3.568,92;
WILLIAM JAMES RODRIGUES DE OLIVEIRA;SUBCONTROL.DE CONTROL.INTERNO;ASSESSOR DE CONTROLE INTERNO I;; CARGO COMISSION.S/VINCULO;5.229,77;;5.229,77;938,37;4.291,40;
WINNY BATALHA CAVALCANTE;SUBCONTROL.DE CONTROL.INTERNO;ASSESSOR IV;NAO INFORMADO; CARGO COMISSION.S/VINCULO;2.575,61;;2.575,61;252,09;2.323,52;
