NOME;LOTACAO;CARGO;FUNCAO;VINCULO;REMUNERACAO LEGAL TOTAL(R$);DESC.TETO(R$); REMUNERACAO LEGAL DEVIDA(R$);DESCONTOS LEGAIS(R$);LIQUIDO DISPONIVEL(R$);
ADRIANA DIAS DE ALMEIDA;SUBCONTROL.DE OUVIDORIA;ASSESSOR III;NAO INFORMADO; CARGO COMISSION.S/VINCULO;4255,73;;4255,73;593,86;3661,87;
ALINE DE ALENCAR CORREIA FIGUEIREDO;SUBCONTROL.DE CONTROL.INTERNO;ASSESSOR III;NAO INFORMADO; CARGO COMISSION.S/VINCULO;3191,80;;3191,80;372,18;2819,62;
ALINE PONTES BORGES VERAS;DPTO.ADMINISTRACAO E FINANCAS;ASSESSOR IV;NAO INFORMADO; CARGO COMISSION.S/VINCULO;2575,61;;2575,61;252,09;2323,52;
ANA PAULA DE FREITAS LOPES;SUBCONTROL.DE CONTROL.INTERNO;ASSESSOR TECNICO;NAO INFORMADO; CARGO COMISSION.S/VINCULO;7000,00;;7000,00;1647,36;5352,64;
ANATHILDE LAPA MAIA;GABINETE DO SECRETARIO;ASSESSOR DE CONTROLE INTERNO II;; CARGO COMISSION.S/VINCULO;4209,79;;4209,79;640,87;3568,92;
ANDRE LUIZ DE SOUZA ANZOATEGUI;SUBCONTROL.DE CONTROL.INTERNO;INVEST.DE POL. 4A.CL. PC-INV.IV;ASSESSOR I AD-1; ESTATUTARIO;5000,00;;5000,00;403,55;4596,45;
ANDRE MARCELO RIBEIRO VIGA;SUBCONTROL.DE CONTROL.INTERNO;ASSESSOR DE CONTROLE INTERNO II;ASSESSOR DE CONTROLE; CARGO COMISSION.S/VINCULO;4209,79;;4209,79;609,94;3599,85;
ANDSON LIMA MOREIRA;DEPTO.RECURSOS DA INFORMACAO;ASSESSOR III;NAO INFORMADO; CARGO COMISSION.S/VINCULO;3191,80;;3191,80;372,18;2819,62;
ANIELLY ROCHA DE ARAUJO;SUBCONTROL.DE CONTROL.INTERNO;ASSESSOR III;NAO INFORMADO; CARGO COMISSION.S/VINCULO;3191,80;;3191,80;352,48;2839,32;
ANTONIO ELIAS DE SOUZA;DPTO.ADMINISTRACAO E FINANCAS;CHEFE DE DEPARTAMENTO;NAO INFORMADO; CARGO COMISSION.S/VINCULO;5229,77;;5229,77;981,03;4248,74;
ANTONIO LEOPOLDO OLIVEIRA DE LIMA;SUBCONTROL.DE CONTROL.INTERNO;ASSESSOR IV;NAO INFORMADO; CARGO COMISSION.S/VINCULO;2575,61;;2575,61;252,09;2323,52;
AURICLEIA NASCIMENTO DE A REBOUCAS;SUBCONTROL.DE CONTROL.INTERNO;DIGITADOR;ASSESSOR I; ESTATUTARIO;5771,54;;5771,54;904,02;4867,52;
BENEDITO SOUZA DA COSTA;DPTO.ADMINISTRACAO E FINANCAS;ASSESSOR III;NAO INFORMADO; CARGO COMISSION.S/VINCULO;3191,80;;3191,80;372,18;2819,62;
CAROL DE PINHO ASSI ALENCAR;GABINETE DO SECRETARIO;CHEFE DE GABINETE;NAO INFORMADO; CARGO COMISSION.S/VINCULO;5229,77;;5229,77;895,72;4334,05;
CASSIA DE OLIVEIRA DUARTE G SILVA;DPTO.ADMINISTRACAO E FINANCAS;GERENTE;; CARGO COMISSION.S/VINCULO;4209,79;;4209,79;640,87;3568,92;
CHARLENE MACIEL DE OLIVEIRA;SUBCONTROL.DE OUVIDORIA;ASSESSOR III;NAO INFORMADO; CARGO COMISSION.S/VINCULO;3191,80;;3191,80;372,18;2819,62;
CLEONE BARROS DE ALMEIDA;SUBCONTROL.DE CONTROL.INTERNO;TNS-II;ASSESSOR II AD-2; ESTATUTARIO;6833,14;;6833,14;1618,14;5215,00;
CYAILLEN CARVALHO ESPINDOLA;GABINETE DO SECRETARIO;ASSESSOR DE CONTROLE INTERNO II;ASSESSOR DE CONTROLE; CARGO COMISSION.S/VINCULO;4209,79;;4209,79;640,87;3568,92;
DEBORA THALIENY DA SILVA CARVALHO;SUBCONTROL.DE CONTROL.INTERNO;ASSESSOR IV;NAO INFORMADO; CARGO COMISSION.S/VINCULO;2575,61;;2575,61;252,09;2323,52;
DORVAL FERREIRA MARTINS FILHO;GABINETE DO SECRETARIO;ASSESSOR II;NAO INFORMADO; CARGO COMISSION.S/VINCULO;4209,79;;4209,79;640,87;3568,92;
EDENILSON PINHEIRO SILVA;DPTO.ADMINISTRACAO E FINANCAS;ASSESSOR III;NAO INFORMADO; CARGO COMISSION.S/VINCULO;3191,80;;3191,80;338,26;2853,54;
ELEM DO SOCORRO MEDEIROS DE AZEVEDO;DPTO.ADMINISTRACAO E FINANCAS;GERENTE;; CARGO COMISSION.S/VINCULO;4209,79;;4209,79;640,87;3568,92;
ELIONILDE ARAUJO DA SILVA;DPTO.ADMINISTRACAO E FINANCAS;ASSESSOR I;NAO INFORMADO; CARGO COMISSION.S/VINCULO;5229,77;;5229,77;981,03;4248,74;
ENEIAS PEREIRA NASCIMENTO;DEPTO.RECURSOS DA INFORMACAO;ASSESSOR III;; CARGO COMISSION.S/VINCULO;3191,80;;3191,80;338,26;2853,54;
ENOQUE MOREIRA NUNES JUNIOR;SUBCONTROL.DE CONTROL.INTERNO;ASSESSOR I;NAO INFORMADO; CARGO COMISSION.S/VINCULO;5229,77;;5229,77;895,72;4334,05;
ENZA RAFAELA RODRIGUES P AQUINO;SUBCONTROL.DE CONTROL.INTERNO;ASSESSOR II;NAO INFORMADO; CARGO COMISSION.S/VINCULO;4209,79;;4209,79;609,94;3599,85;
ERIVALDER ARAUJO BARREIROS;SUBCONTROL.DE CONTROL.INTERNO;ASSESSOR II;NAO INFORMADO; CARGO COMISSION.S/VINCULO;4209,79;;4209,79;640,87;3568,92;
FABIO DIEGO GOMES RAMOS;DEPTO.RECURSOS DA INFORMACAO;ASSESSOR DE TECNOL.DA INFORMACAO;; CARGO COMISSION.S/VINCULO;5229,77;;5229,77;895,72;4334,05;
FRANCISCA DARA DA SILVA;SUBCONTROL.DE CONTROL.INTERNO;ASSESSOR III;NAO INFORMADO; CARGO COMISSION.S/VINCULO;3191,80;;3191,80;352,48;2839,32;
HOEBER SILVA E SILVA;DPTO.ADMINISTRACAO E FINANCAS;ASSESSOR III;; CARGO COMISSION.S/VINCULO;3191,80;;3191,80;372,18;2819,62;
IANE VITÓRIA DUARTE DA COSTA;SUBCONTROL.DE CONTROL.INTERNO;ASSESSOR III;ASSESSOR III; CARGO COMISSION.S/VINCULO;3191,80;;3191,80;372,18;2819,62;
INGRID DE OLIVEIRA MENEZES;SUBCONTROL.DE CONTROL.INTERNO;ASSESSOR DE CONTROLE INTERNO II;NAO INFORMADO; CARGO COMISSION.S/VINCULO;4209,79;;4209,79;609,94;3599,85;
ISAIAS DOS SANTOS ALMEIDA;SUBCONTROL.DE CONTROL.INTERNO;ASSESSOR IV;ASSESSOR IV; CARGO COMISSION.S/VINCULO;2575,61;;2575,61;252,09;2323,52;
ITAUNA HENRIQUE BASTOS LIMA;SUBCONTROL.DE CONTROL.INTERNO;ASSESSOR II;NAO INFORMADO; CARGO COMISSION.S/VINCULO;4209,79;;4209,79;640,87;3568,92;
JANAYNA CASTRO DE VASCONCELOS;ASSESSORIA TECNICA;ASSESSOR JURIDICO;NAO INFORMADO; CARGO COMISSION.S/VINCULO;5229,77;;5229,77;981,03;4248,74;
JEANE MARIA MAR PASSOS;SEC.EXEC.ADJ.DE ADMINISTRACAO;A.TEC-I;SEC.EXEC.ADJ. ADM; ESTATUTARIO;9557,76;;9557,76;2150,73;7407,03;
JESSICA DE SOUZA COSTA;SUBCONTROL.DE CONTROL.INTERNO;ASSESSOR DE CONTROLE INTERNO II;NAO INFORMADO; CARGO COMISSION.S/VINCULO;4209,79;;4209,79;640,87;3568,92;
JOSE LUIS CANTUARIA DOS REIS;SUBCONTROL.DE OUVIDORIA;SUBCONTROLADOR-GERAL DE TRANP.E OUV;SUBCONTROLADOR-GERAL; CARGO COMISSION.S/VINCULO;15210,00;;15210,00;3809,69;11400,31;
JOSE LUIS CANTUARIA DOS REIS;ASSESSORIA TECNICA;ASSESSOR JURIDICO;; CARGO COMISSION.S/VINCULO;6101,39;;6101,39;4183,80;1917,59;
KEYLA CARVALHO CAVALCANTE;DEPTO.ADMINISTRAT.FINANCEIRO;ASSESSOR I;NAO INFORMADO; CARGO COMISSION.S/VINCULO;5229,77;;5229,77;895,72;4334,05;
LARISSA MONTEIRO PINTO DE ANDRADE;SUBCONTROL.DE OUVIDORIA;CHEFE DE DEPARTAMENTO;; CARGO COMISSION.S/VINCULO;5229,77;;5229,77;938,37;4291,40;
LICIA DA SILVA BARNABE SANTANA;SUBCONTROL.DE OUVIDORIA;ASSESSOR IV;NAO INFORMADO; CARGO COMISSION.S/VINCULO;2575,61;;2575,61;252,09;2323,52;
LIVIA HELENA VENTURA RIBEIRO;DPTO.ADMINISTRACAO E FINANCAS;GERENTE;NAO INFORMADO; CARGO COMISSION.S/VINCULO;4209,79;;4209,79;609,94;3599,85;
LUANE FILIZOLA SALVADOR;GABINETE DO SECRETARIO;ASSESSOR IV;ASSESSOR IV; CARGO COMISSION.S/VINCULO;2575,61;;2575,61;252,09;2323,52;
LUCIA DE FATIMA RIBEIRO MAGALHAES;SUBCONTROL.DE CONTROL.INTERNO;SUBCONTROLADOR-GERAL CONT.INTERNO;NAO INFORMADO; CARGO COMISSION.S/VINCULO;11700,00;;11700,00;2948,72;8751,28;
LUIZ GONZAGA DE AZEVEDO O FILHO;DPTO.ADMINISTRACAO E FINANCAS;ASSESSOR IV;NAO INFORMADO; CARGO COMISSION.S/VINCULO;2575,61;;2575,61;252,09;2323,52;
MAIZA BARCELOS DE SOUZA;SUBCONTROL.DE CONTROL.INTERNO;ASSESSOR III;ASSESSOR III; CARGO COMISSION.S/VINCULO;3191,80;;3191,80;372,18;2819,62;
MARCELA MELO PEREIRA;DPTO.ADMINISTRACAO E FINANCAS;ASSESSOR III;; CARGO COMISSION.S/VINCULO;3191,80;;3191,80;372,18;2819,62;
MARCOS PAULO MATOS DE SOUZA;SUBCONTROL.DE CONTROL.INTERNO;ASSESSOR DE CONTROLE INTERNO II;NAO INFORMADO; CARGO COMISSION.S/VINCULO;5613,05;;5613,05;1023,54;4589,51;
MARIA TEREZA ELIAS BEZERRA MENEZES;SUBCONTROL.DE CONTROL.INTERNO;ASSESSOR DE CONTROLE INTERNO II;; CARGO COMISSION.S/VINCULO;4209,79;;4209,79;640,87;3568,92;
MARILENE PINHEIRO FONSECA PALHARES;SUBCONTROL.DE OUVIDORIA;ASSESSOR III;NAO INFORMADO; CARGO COMISSION.S/VINCULO;3191,80;;3191,80;372,18;2819,62;
MICHEL KRISTHIAN LAVOR CRUZ TAMER;SUBCONTROL.DE CONTROL.INTERNO;ASSESSOR DE CONTROLE INTERNO I;; CARGO COMISSION.S/VINCULO;5229,77;;5229,77;895,72;4334,05;
MIGUEL ANTONIO BRANDT CRUZ;SUBCONTROL.DE OUVIDORIA;CHEFE DE DEPARTAMENTO;NAO INFORMADO; CARGO COMISSION.S/VINCULO;5229,77;;5229,77;895,72;4334,05;
NARA MARLY ALVES DE OLIVEIRA SOUZA;SUBCONTROL.DE OUVIDORIA;ASSESSOR III;ASSESSOR III; CARGO COMISSION.S/VINCULO;3191,80;;3191,80;372,18;2819,62;
OTAVIO DE SOUZA GOMES;GABINETE DO SECRETARIO;CONTROLADOR GERAL DO ESTADO;NAO INFORMADO; CARGO COMISSION.S/VINCULO;28060,00;;28060,00;7447,72;20612,28;
PAULA SILVA DE OLIVEIRA;DPTO.ADMINISTRACAO E FINANCAS;ASSESSOR III;; CARGO COMISSION.S/VINCULO;3191,80;;3191,80;338,26;2853,54;
RENATA INGRID PANTOJA DA SILVA;SUBCONTROL.DE CONTROL.INTERNO;ASSESSOR III;NAO INFORMADO; CARGO COMISSION.S/VINCULO;3191,80;;3191,80;352,48;2839,32;
RIANDRY PIZANO CARVALHO;SUBCONTROL.DE CONTROL.INTERNO;ASSESSOR DE CONTROLE INTERNO I;ASSESSOR DE CONTROLE; CARGO COMISSION.S/VINCULO;5229,77;;5229,77;981,03;4248,74;
RICARDO DOS SANTOS PONTES;DPTO.ADMINISTRACAO E FINANCAS;A.TEC-I;; ESTATUTARIO;3935,44;;3935,44;675,39;3260,05;
ROBSON CARVALHO DA SILVA;SUBCONTROL.DE OUVIDORIA;ASSESSOR TECNICO;NAO INFORMADO; CARGO COMISSION.S/VINCULO;7000,00;;7000,00;1647,36;5352,64;
RODRIGO JUNIO ALVES DE SOUZA;DEPTO.RECURSOS DA INFORMACAO;ASSESSOR III;NAO INFORMADO; CARGO COMISSION.S/VINCULO;3191,80;;3191,80;372,18;2819,62;
ROGERIO SIQUEIRA DE SA NOGUEIRA;SUBCONTROL.DE OUVIDORIA;SUBCONTROLADOR-GERAL DE TRANP.E OUV;; CARGO COMISSION.S/VINCULO;12350,00;;12350,00;9360,00;2990,00;
ROOSEVELT FARIAS DE MORAES;GABINETE DO SECRETARIO;ASSESSOR DE CONTROLE INTERNO II;NAO INFORMADO; CARGO COMISSION.S/VINCULO;4209,79;;4209,79;581,50;3628,29;
ROSA AMANDA DA SILVA OLIVEIRA;DPTO.ADMINISTRACAO E FINANCAS;GERENTE;NAO INFORMADO; CARGO COMISSION.S/VINCULO;4209,79;;4209,79;640,87;3568,92;
ROSANA CARVALHO IPIRANGA;DPTO.ADMINISTRACAO E FINANCAS;ASSESSOR I;NAO INFORMADO; CARGO COMISSION.S/VINCULO;5229,77;;5229,77;981,03;4248,74;
RUY BRASIL CORREA FILHO;SUBCONTROL.DE CONTROL.INTERNO;TNS-I;CH DE DPTO AD-1; ESTATUTARIO;7764,62;;7764,62;1918,06;5846,56;
SANDRO ALMEIDA GUIMARAES;DPTO.ADMINISTRACAO E FINANCAS;ASSESSOR III;ASSESSOR III; CARGO COMISSION.S/VINCULO;3191,80;;3191,80;372,18;2819,62;
SERGIO LUIZ VELOZO;GABINETE DO SECRETARIO;ASSESSOR DE COMUNICACAO;NAO INFORMADO; CARGO COMISSION.S/VINCULO;5229,77;;5229,77;981,03;4248,74;
SUELEN OLIVEIRA MOTA;SUBCONTROL.DE CONTROL.INTERNO;ASSESSOR DE CONTROLE INTERNO II;NAO INFORMADO; CARGO COMISSION.S/VINCULO;4209,79;;4209,79;640,87;3568,92;
VANESSA REIS DE LIMA;GABINETE DO SECRETARIO;ASSESSOR III;NAO INFORMADO; CARGO COMISSION.S/VINCULO;3191,80;;3191,80;352,48;2839,32;
VITOR ISAAC VICENTE DE LIMA;DPTO.ADMINISTRACAO E FINANCAS;ASSESSOR II;NAO INFORMADO; CARGO COMISSION.S/VINCULO;4209,79;;4209,79;640,87;3568,92;
WILLIAM JAMES RODRIGUES DE OLIVEIRA;SUBCONTROL.DE CONTROL.INTERNO;ASSESSOR DE CONTROLE INTERNO I;; CARGO COMISSION.S/VINCULO;5229,77;;5229,77;938,37;4291,40;
WINNY BATALHA CAVALCANTE;SUBCONTROL.DE CONTROL.INTERNO;ASSESSOR IV;NAO INFORMADO; CARGO COMISSION.S/VINCULO;2575,61;;2575,61;252,09;2323,52;
