NOME;LOTACAO;CARGO;FUNCAO;VINCULO;REMUNERACAO LEGAL TOTAL(R$);DESC.TETO(R$); REMUNERACAO LEGAL DEVIDA(R$);DESCONTOS LEGAIS(R$);LIQUIDO DISPONIVEL(R$);
ACASSIO COELHO EUGENIO;IRANDUBA;ENG.AGRO-III;; ESTATUTARIO;9058,58;;9058,58;2271,74;6786,84;
ADALCIRLON FABIO ALVES DE MATOS;PARINTINS;M.FLU-III;; ESTATUTARIO;3600,22;;3600,22;426,44;3173,78;
ADEILSON SILVA SOUSA;APUI;T.F.AGRO-III;; ESTATUTARIO;5655,15;;5655,15;943,55;4711,60;
ADELTON QUEIROZ DOS SANTOS;PRESIDENTE FIGUEIREDO;AG.F.AGRO-II;; ESTATUTARIO;6137,24;;6137,24;1104,32;5032,92;
ADERALDO ALVES DE FRANCA;GUAJARA;T.F.AGRO-II;TEC.EM AGROPECUARIA; ESTATUTARIO;6137,24;;6137,24;1104,32;5032,92;
ADILSON PEREIRA DA SILVA;APUI;T.F.AGRO-III;; ESTATUTARIO;5655,15;;5655,15;1028,86;4626,29;
ADRIANA FURTADO ROBERTO;SILVES;T.F.AGRO-III;; ESTATUTARIO;5655,15;;5655,15;1028,86;4626,29;
ADRIELE VICTORIA DE SOUZA FERREIRA;DEPTO.DEFESA AGROP.E FLORESTAL;T.F.AGRO-III;; ESTATUTARIO;5155,15;;5155,15;916,36;4238,79;
ADSON FERREIRA DE CARVALHO;AUTAZES - NOVO CEU;T.F.AGRO-III;; ESTATUTARIO;5655,15;;5655,15;986,20;4668,95;
AEUDES DA COSTA ERICEIRA;PARINTINS;T.F.AGRO-III;; ESTATUTARIO;5655,15;;5655,15;1028,86;4626,29;
AGEMIRO MOURA LOPES;PAUINI;COORDENADOR LOCAL II;; CARGO COMISSION.S/VINCULO;3691,80;;3691,80;424,04;3267,76;
AIRTON REIS DE JESUS;TEFE;F.AGRO.MED.V-III;; ESTATUTARIO;9058,58;;9058,58;1195,70;7862,88;
AJAX DE SOUSA FERREIRA;DEPTO.DEFESA AGROP.E FLORESTAL;TECNICO EM AGROPECUARIA;GERENTE; ESTATUTARIO;6384,04;;6384,04;1225,34;5158,70;
ALAOR MAGALHÃES PEREIRA;APUI;T.F.AGRO-III;; ESTATUTARIO;5655,15;;5655,15;900,89;4754,26;
ALDA LUCIA DE MOURA LOUREIRO;DEPTO.ADM.FIN.COM.E FOMENTO;COORDENADOR LOCAL I;COORDENADOR LOCAL I-; CARGO COMISSION.S/VINCULO;4709,79;;4709,79;697,88;4011,91;
ALDEMIR GONCALO DA SILVA;DEPTO.DEFESA AGROP.E FLORESTAL;F.AGRO.MED.V-III;; ESTATUTARIO;17125,52;;17125,52;1815,07;15310,45;
ALESSANDRA BORGES DA SILVA;URUCARA;F.AGRO.MED.V-III;; ESTATUTARIO;9058,58;;9058,58;2271,74;6786,84;
ALEX DABSON DE ALMEIDA LIMA;DEPTO.ADM.FIN.COM.E FOMENTO;MOT-III;; ESTATUTARIO;3152,49;;3152,49;399,64;2752,85;
ALEXANDRE DA GAMA LOPES;MANACAPURU;M.FLU-III;; ESTATUTARIO;3600,22;;3600,22;426,44;3173,78;
ALEXANDRE DE SOUSA E SILVA;NOVO ARIPUANA;T.F.AGRO-III;; ESTATUTARIO;5655,15;;5655,15;943,55;4711,60;
ALEXANDRE HENRIQUE FREITAS ARAUJO;GABINETE;ENGENHEIRO AGRONOMO;DIRETOR PRESIDENT; ESTATUTARIO;14890,98;;14890,98;4218,52;10672,46;
ALINE LOPES DE OLIVEIRA;BOA VISTA DO RAMOS;T.F.AGRO-III;; ESTATUTARIO;5655,15;;5655,15;1028,86;4626,29;
ALISON ANDRE XIMENES SOARES;DEPTO.DEFESA AGROP.E FLORESTAL;F.AGRO.MED.V-III;; ESTATUTARIO;8812,76;;8812,76;2260,40;6552,36;
ALISON EDMUNDO BATISTA;HUMAITA;MOT-III;; ESTATUTARIO;3600,22;;3600,22;426,44;3173,78;
ALMIR ASTERIO CARVALHAL;ASSESSORIA;ENGENHEIRO AGRONOMO;ASSESSOR II AD2; ESTATUTARIO;12721,58;;12721,58;3332,46;9389,12;
ALOYSIO MAIA MALVEIRA JUNIOR;DEPTO.DEFESA AGROP.E FLORESTAL;ENGENHEIRO AGRONOMO;; ESTATUTARIO;9272,58;;9272,58;2381,38;6891,20;
ALTAIR DE ALMEIDA CAVALCANTE;DEPTO.DEFESA AGROP.E FLORESTAL;TECNICO EM AGROPECUARIA;; ESTATUTARIO;5709,15;;5709,15;1101,12;4608,03;
ANA CAROLINA COSTA DE MOURA;DEPTO.DEFESA AGROP.E FLORESTAL;T.F.AGRO-III;; ESTATUTARIO;5155,15;;5155,15;916,36;4238,79;
ANA CRISTINA KRZYZANIAK;DEPTO.DEFESA AGROP.E FLORESTAL;F.AGRO.MED.V-II;FISCAL AGROP-III CL; ESTATUTARIO;9673,64;;9673,64;2584,52;7089,12;
ANDERSON CARVALHO DA ROCHA;CAREIRO DA VARZEA;AUX.F.AGRO-II;; ESTATUTARIO;3994,28;;3994,28;452,34;3541,94;
ANDRE LUIZ BORBOREMA DA CUNHA;DEPTO.DEFESA AGROP.E FLORESTAL;T.F.AGRO-III;; ESTATUTARIO;5155,15;;5155,15;916,36;4238,79;
ANDRE LUIZ MEIRELES PATRICIO FILHO;CAREIRO CASTANHO;MOT-III;; ESTATUTARIO;3600,22;;3600,22;426,44;3173,78;
ANDRE PARANHOS ALBUQUERQUE;SANTO ANTONIO DO MATUPI;AUX.AGR-III;COORD. LOCAL II AD-3; ESTATUTARIO;5130,53;;5130,53;631,81;4498,72;
ANDRE RICARDO MORAIS DOS SANTOS;ITACOATIARA;T.F.AGRO-III;; ESTATUTARIO;5655,15;;5655,15;1028,86;4626,29;
ANDREZZA RIBEIRO DE LIMA MORENO;MANACAPURU;COORDENADOR LOCAL II;; CARGO COMISSION.S/VINCULO;3691,80;;3691,80;424,04;3267,76;
ANGELICA MARTINA GONCALVES PEREIRA;DEPTO.DEFESA AGROP.E FLORESTAL;F.AGRO.MED.V-III;; ESTATUTARIO;8812,76;;8812,76;2260,40;6552,36;
ANNYELLE BEZERRA DA SILVA TORRES;ASSESSORIA;COORDENADOR LOCAL II;NAO INFORMADO; CARGO COMISSION.S/VINCULO;3691,80;;3691,80;424,04;3267,76;
ANSELMO DE SOUZA BEZERRA;EIRUNEPE;TECNICO EM AGROPECUARIA;; ESTATUTARIO;5936,22;;5936,22;1124,58;4811,64;
ANTONIO EDSON DE SOUZA SOARES;DEPTO.DEFESA AGROP.E FLORESTAL;T.F.AGRO-II;TEC.EM AGROPECUARIA; ESTATUTARIO;5637,24;;5637,24;940,11;4697,13;
ANTONIO GIOVANNI PONTES VIANA;BOCA DO ACRE;T.F.AGRO-III;; ESTATUTARIO;5655,15;;5655,15;1028,86;4626,29;
ANTONIO JORGE SANTOS SILVA MATTOS;DEPTO.DEFESA AGROP.E FLORESTAL;F.AGRO.MED.V-III;; ESTATUTARIO;8923,60;;8923,60;2302,12;6621,48;
ANTONIO JOSE LEAL NINA ROLDAO;APUI;T.F.AGRO-III;; ESTATUTARIO;5655,15;;5655,15;1028,86;4626,29;
ANTONIO RODRIGUES VIANA;ITACOATIARA;AUX.F.AGRO-II;; ESTATUTARIO;3994,28;;3994,28;478,59;3515,69;
ANTONIO YAN MENEZES C DELMIRO;EIRUNEPE;T.F.AGRO-III;; ESTATUTARIO;5655,15;;5655,15;986,20;4668,95;
ARQUIMIMO DO AMARAL SILVA;ITAMARATI;T.F.AGRO-III;; ESTATUTARIO;5655,15;;5655,15;1028,86;4626,29;
AUGUSTO CEZAR CRUZ DE CASTRO;TABATINGA;T.F.AGRO-III;; ESTATUTARIO;5655,15;;5655,15;900,89;4754,26;
AUREA SIQUEIRA DE CASTRO AZEVEDO;HUMAITA;F.A.ENG.FLOR-III;; ESTATUTARIO;9058,58;;9058,58;2219,61;6838,97;
BARBARA BRANDAO FERREIRA MESQUITA;DEPTO.DEFESA AGROP.E FLORESTAL;F.A.ENG.AGRO-II;; ESTATUTARIO;8977,30;;8977,30;2218,07;6759,23;
BERGSON PEREIRA DE LIMA;DEPTO.DEFESA AGROP.E FLORESTAL;F.AGRO.MED.V-III;; ESTATUTARIO;8812,76;;8812,76;2260,40;6552,36;
BIFARNEY GONCALVES COSTA;BOCA DO ACRE;T.F.AGRO-III;; ESTATUTARIO;5655,15;;5655,15;377,14;5278,01;
BOAVENTURA BEZERRA DA SILVA FILHO;MARAA;T.F.AGRO-III;; ESTATUTARIO;5655,15;;5655,15;1028,86;4626,29;
BRENDA CAROLINE DA COSTA ARAUJO;SANTA IZABEL DO RIO NEGRO;AUX.F.AGRO-II;AUX. AGROPECUARIO; ESTATUTARIO;3994,28;;3994,28;478,59;3515,69;
BRUNO SILVA E SILVA;NOVO REMANSO;T.F.AGRO-II;TEC.EM AGROPECUARIA; ESTATUTARIO;6137,24;;6137,24;1061,66;5075,58;
BRUNO SOARES MOURA COSTA;APUI;T.F.AGRO-III;; ESTATUTARIO;5655,15;;5655,15;1028,86;4626,29;
CAETANINHA DA CUNHA CAVALCANTI;ASSESSORIA;TNS-III;; ESTATUTARIO;7150,20;;7150,20;1634,44;5515,76;
CAMILA DA COSTA AZEVEDO;ITACOATIARA;AG.F.AGRO-III;; ESTATUTARIO;5655,15;;5655,15;943,55;4711,60;
CARLEU BARBA SOARES;MANICORE;T.F.AGRO-II;TEC.EM AGROPECUARIA; ESTATUTARIO;5637,24;;5637,24;1202,31;4434,93;
CARLOS AUGUSTO NUNES DA SILVA;PRESIDENTE FIGUEIREDO;AUX.F.AGRO-II;; ESTATUTARIO;3994,28;;3994,28;525,66;3468,62;
CARLOS ELSIO PEREIRA LIMA;APUI;T.F.AGRO-III;; ESTATUTARIO;5655,15;;5655,15;986,20;4668,95;
CARLOS JORGE RIBEIRO;ASSESSORIA;ASSESSOR I;; CARGO COMISSION.S/VINCULO;7263,57;;7263,57;2614,89;4648,68;
CARLOS PEDRO DA SILVA;ANAMA;T.F.AGRO-II;TEC.EM AGROPECUARIA; ESTATUTARIO;6137,24;;6137,24;1150,17;4987,07;
CARLOS PETRONIO DE SOUZA QUEIROZ;DEPTO.DEFESA AGROP.E FLORESTAL;AG.F.AGRO-II;AG.AGROPECUARIO; ESTATUTARIO;5637,24;;5637,24;875,59;4761,65;
CASEMIRO DA PAZ DE SOUZA;DEPTO.ADM.FIN.COM.E FOMENTO;AUX.F.AGRO-II;; ESTATUTARIO;3494,28;;3494,28;469,53;3024,75;
CHARLLES LIKIYASU OSAWA DA SILVA;NOVO ARIPUANA;T.F.AGRO-III;; ESTATUTARIO;5655,15;;5655,15;900,89;4754,26;
CHRISSOSTOMO PEREIRA NINA NETO;DEPTO.DEFESA AGROP.E FLORESTAL;T.F.AGRO-II;TEC.EM AGROPECUARIA; ESTATUTARIO;5637,24;;5637,24;905,31;4731,93;
CILENE PIRES DE SOUZA;DEPTO.ADM.FIN.COM.E FOMENTO;GERENTE;; CARGO COMISSION.S/VINCULO;7250,18;;7250,18;6814,69;435,49;
CILENE PIRES DE SOUZA;DEPTO.ADM.FIN.COM.E FOMENTO;ASSESSOR I;ASSESSOR I; CARGO COMISSION.S/VINCULO;11459,54;;11459,54;2607,59;8851,95;
CLARA BATISTA NOGUEIRA;IRANDUBA;A.TEC-III;; ESTATUTARIO;4990,13;;4990,13;248,46;4741,67;
CLAUDENICE DE MORAIS LIMA;AUTAZES;COORDENADOR LOCAL I;NAO INFORMADO; CARGO COMISSION.S/VINCULO;4709,79;;4709,79;697,88;4011,91;
CLAUDIA DE FATIMA RAMOS CAMPOS;PARINTINS;MEDICO VETERINARIO;; ESTATUTARIO;10072,58;;10072,58;2653,52;7419,06;
CLAUDINEI VENTURA DO NASCIMENTO;APUI;T.F.AGRO-II;TEC.EM AGROPECUARIA; ESTATUTARIO;6137,24;;6137,24;1150,17;4987,07;
CLAUDIO EMANUEL MAGALHAES GURGEL;DEPTO.DEFESA AGROP.E FLORESTAL;ENG.AGRO-III;; ESTATUTARIO;8258,58;;8258,58;2051,74;6206,84;
CLEIDE PEREIRA LOPES;DEPTO.ADM.FIN.COM.E FOMENTO;COORDENADOR LOCAL II;; CARGO COMISSION.S/VINCULO;3691,80;;3691,80;380,47;3311,33;
CLEONICE CARDOSO GARCIA;DEPTO.ADM.FIN.COM.E FOMENTO;GERENTE;NAO INFORMADO; CARGO COMISSION.S/VINCULO;4709,79;;4709,79;697,88;4011,91;
CLEYONE BALICA DE ALMEIDA;INTERIOR;F.AGRO.MED.V-III;; ESTATUTARIO;9058,58;;9058,58;1195,70;7862,88;
CRISTIANE DA SILVA KLEHM;DEPTO.DEFESA AGROP.E FLORESTAL;F.A.ENG.AGRO-II;FIS.AGROP.AGRONOMIA; ESTATUTARIO;9795,95;;9795,95;2578,43;7217,52;
DANIEL COSTA DE OLIVEIRA;DEPTO.ADM.FIN.COM.E FOMENTO;MOT-III;; ESTATUTARIO;3100,22;;3100,22;388,94;2711,28;
DANIEL DA SILVA BARBOSA;BOCA DO ACRE;T.F.AGRO-III;; ESTATUTARIO;5655,15;;5655,15;1028,86;4626,29;
DANIEL MACHADO ROCHA;MANACAPURU;F.AGRO.MED.V-II;FISCAL AGROP-III CL; ESTATUTARIO;10473,64;;10473,64;2700,24;7773,40;
DANIEL RODRIGUES CHAGAS JUNIOR;ITACOATIARA;AUX.F.AGRO-III;; ESTATUTARIO;3713,28;;3713,28;450,07;3263,21;
DANIELLA APARECIDA DOS SANTOS;APUI;T.F.AGRO-III;; ESTATUTARIO;5655,15;;5655,15;1028,86;4626,29;
DARLEY ARAUJO CRUZ;NOVO REMANSO;F.AGRO.MED.V-III;; ESTATUTARIO;9612,76;;9612,76;2480,40;7132,36;
DENILDO LOPES DA GAMA;PARINTINS;AUX.F.AGRO-III;; ESTATUTARIO;3713,28;;3713,28;450,07;3263,21;
DERLANI JOSE PEREIRA SERRAO;URUCURITUBA;T.F.AGRO-II;TEC. AGROPECUARIA; ESTATUTARIO;6137,24;;6137,24;1150,17;4987,07;
DIEGO COELHO CARDOSO;NOVO ARIPUANA;M.FLU-III;; ESTATUTARIO;3600,22;;3600,22;426,44;3173,78;
DIEGO LANER;DEPTO.DEFESA AGROP.E FLORESTAL;F.AGRO.MED.V-II;FISCAL AGROP-III CL; ESTATUTARIO;9795,95;;9795,95;2578,43;7217,52;
DIELIA MARIA PICANCO PESSOA;INTERIOR;COORDENADOR LOCAL II;NAO INFORMADO; CARGO COMISSION.S/VINCULO;3691,80;;3691,80;424,04;3267,76;
DIOGENES DE OLIVEIRA MAGALHAES;BERURI;T.AG-III;; ESTATUTARIO;5655,15;;5655,15;1028,86;4626,29;
DIOGO ROBERTO PFAU;APUI;F.AGRO.MED.V-III;; ESTATUTARIO;9612,76;;9612,76;2480,40;7132,36;
DORIVALDO SALES PASSOS;PRESIDENTE FIGUEIREDO;T.F.AGRO-II;TEC.AGROPECUARIA; ESTATUTARIO;6137,24;;6137,24;1150,17;4987,07;
EDER PEDRENO BELTRAO;BARREIRINHA;T.F.AGRO-II;; ESTATUTARIO;6137,24;;6137,24;1150,17;4987,07;
EDFRAN NASCIMENTO ANDRADE;SAO GABRIEL DA CACHOEIRA;T.F.AGRO-III;; ESTATUTARIO;5655,15;;5655,15;900,89;4754,26;
EDIMAR BRANCHES GALVAO;NOVO ARIPUANA;T.F.AGRO-III;; ESTATUTARIO;5655,15;;5655,15;986,20;4668,95;
EDIVAN LIMA RIBEIRO;IRANDUBA;AUX.F.AGRO-II;AUX.AGROPECUARIO; ESTATUTARIO;3964,64;;3964,64;517,69;3446,95;
EDSON AZEVEDO FERNANDES;BOCA DO ACRE;MEDICO VETERINARIO;; ESTATUTARIO;9058,58;;9058,58;2012,41;7046,17;
EDSON FELIPE GOMES DE MELO;DEPTO.ADM.FIN.COM.E FOMENTO;GERENTE;GERENTE; CARGO COMISSION.S/VINCULO;9419,58;;9419,58;2046,60;7372,98;
EDSON FERREIRA GUIMARAES;APUI;T.F.AGRO-III;; ESTATUTARIO;5655,15;;5655,15;900,89;4754,26;
ELOISA MARTINS SOARES MACIEL;DEPTO.DEFESA AGROP.E FLORESTAL;F.AGRO.MED.V-III;; ESTATUTARIO;8258,58;;8258,58;1999,61;6258,97;
EMERSON CARLOS DE ALCANTARA PAULA;MANAQUIRI;AG.F.AGRO-III;; ESTATUTARIO;5655,15;;5655,15;1028,86;4626,29;
EMILIO AFONSO DA SILVA FILHO;LABREA NOVA CALIFORNIA;MED.V-III;; ESTATUTARIO;9058,58;;9058,58;2219,61;6838,97;
EMILY LIRA SIMOES;DEPTO.DEFESA AGROP.E FLORESTAL;ENG.AGRO-III;; ESTATUTARIO;8923,60;;8923,60;2302,12;6621,48;
ERICA BEATRIZ VALENTE CARVALHO;DEPTO.ADM.FIN.COM.E FOMENTO;TNS-III;; ESTATUTARIO;7704,38;;7704,38;1843,09;5861,29;
ERILANE DOS SANTOS ALMEIDA;DEPTO.DEFESA AGROP.E FLORESTAL;AUX.F.AGRO-III;; ESTATUTARIO;3213,28;;3213,28;412,07;2801,21;
ERIVANOR ARAUJO DOS SANTOS;MANAQUIRI;TECNICO EM AGROPECUARIA;; ESTATUTARIO;5943,28;;5943,28;1127,87;4815,41;
EUDES DE SOUZA LEITE;URUCARA;T.F.AGRO-III;; ESTATUTARIO;5655,15;;5655,15;1028,86;4626,29;
EUDIMAR COSTA ROCHA;DEPTO.DEFESA AGROP.E FLORESTAL;GERENTE;NAO INFORMADO; CARGO COMISSION.S/VINCULO;4709,79;;4709,79;697,88;4011,91;
EVANDRO AZEVEDO BARROS JUNIOR;BOCA DO ACRE;T.F.AGRO-III;; ESTATUTARIO;5655,15;;5655,15;1028,86;4626,29;
EVILASIO MONTEIRO NOGUEIRA;NOVO ARIPUANA;T.F.AGRO-III;; ESTATUTARIO;5655,15;;5655,15;1028,86;4626,29;
EWERTON SALVADOR MARIANO;TONANTINS;T.F.AGRO-III;; ESTATUTARIO;5655,15;;5655,15;943,55;4711,60;
EZEQUIEL PEREIRA VALENTIM;DEPTO.DEFESA AGROP.E FLORESTAL;COORDENADOR LOCAL II;COORDENADOR LOCAL II; CARGO COMISSION.S/VINCULO;3691,80;;3691,80;424,04;3267,76;
FABIANO PIMENTEL DOS SANTOS;MAUES;F.AGRO.MED.V-II;FISCAL AGROP-III CL; ESTATUTARIO;10473,64;;10473,64;2043,75;8429,89;
FABIO TRINDADE GONCALVES;PRESIDENTE FIGUEIREDO;F.AGRO.MED.V-III;; ESTATUTARIO;9612,76;;9612,76;2480,40;7132,36;
FERNANDA RECH;DEPTO.DEFESA AGROP.E FLORESTAL;F.AGRO.MED.V-III;; ESTATUTARIO;8812,76;;8812,76;2260,40;6552,36;
FLADSON AUGUSTO MARTINEZ DA SILVA;DEPTO.DEFESA AGROP.E FLORESTAL;COORDENADOR LOCAL II;COORDENADOR LOCAL II; CARGO COMISSION.S/VINCULO;3691,80;;3691,80;424,04;3267,76;
FLAVIA KATIELE FACIONI SILVA;DEPTO.ADM.FIN.COM.E FOMENTO;TNS-III;; ESTATUTARIO;7150,20;;7150,20;1582,30;5567,90;
FRANCISCA DAS CHAGAS DA S FARIAS;ENVIRA;T.F.AGRO-III;; ESTATUTARIO;5655,15;;5655,15;1028,86;4626,29;
FRANCISCA LAZARA CHAGAS R VENANCIO;DEPTO.DEFESA AGROP.E FLORESTAL;F.AGRO.MED.V-III;; ESTATUTARIO;8258,58;;8258,58;975,70;7282,88;
FRANCISCO ANTONIO OLIVEIRA QUEIROZ;LABREA;COORDENADOR LOCAL II;COORD LOCAL; CARGO COMISSION.S/VINCULO;3691,80;;3691,80;424,04;3267,76;
FRANCISCO AUGUSTO TAVARES PINTO;IRANDUBA;AUX.F.AGRO-II;; ESTATUTARIO;3994,28;;3994,28;525,66;3468,62;
FRANCISCO DE JESUS OLIVEIRA ARAUJO;NOVO ARIPUANA;T.F.AGRO-II;; ESTATUTARIO;6137,24;;6137,24;1202,31;4934,93;
FRANCISCO DE OLIVEIRA DOS SANTOS;AUTAZES;T.F.AGRO-III;; ESTATUTARIO;5655,15;;5655,15;1028,86;4626,29;
FRANCISCO MENDES DA CUNHA;CAREIRO CASTANHO;COORDENADOR LOCAL II;COORD.LOCALII AD3; CARGO COMISSION.S/VINCULO;3691,80;;3691,80;399,93;3291,87;
FRANCKIMAR PAZ DE CASTRO;MANICORE;T.F.AGRO-III;; ESTATUTARIO;5655,15;;5655,15;1028,86;4626,29;
FRANCOAN DE OLIVEIRA DIAS;MANICORE;T.F.AGRO-III;; ESTATUTARIO;5655,15;;5655,15;1028,86;4626,29;
GELCIARA DA SILVA GOMES;MANACAPURU;AG.F.AGRO-III;; ESTATUTARIO;5655,15;;5655,15;986,20;4668,95;
GELCINEI DE SOUZA ARAUJO;NOVA OLINDA DO NORTE;COORDENADOR LOCAL II;COORD LOCAL II AD3; CARGO COMISSION.S/VINCULO;3691,80;;3691,80;424,04;3267,76;
GIRLEI RODRIGUES DO NASCIMENTO;PRESIDENTE FIGUEIREDO;MOT-III;; ESTATUTARIO;3600,22;;3600,22;426,44;3173,78;
GIRLEY JORGE BEZERRA;LABREA;F.AGRO.MED.V-III;; ESTATUTARIO;9612,76;;9612,76;2480,40;7132,36;
GISELE TORRES CLIMACO DE ARAUJO;DEPTO.DEFESA AGROP.E FLORESTAL;F.AGRO.MED.V-III;; ESTATUTARIO;8923,60;;8923,60;2197,85;6725,75;
GRAZIELE DOMINGUES;ASSESSORIA;ASSESSOR I;NAO INFORMADO; CARGO COMISSION.S/VINCULO;5729,77;;5729,77;1035,28;4694,49;
HANDERSON ERIVELTO C BUCARTH;APUI;T.F.AGRO-III;; ESTATUTARIO;5655,15;;5655,15;1028,86;4626,29;
HANSLEY MENDERSON DE OLIVEIRA MELO;CODAJAS;A.TEC-III;; ESTATUTARIO;4990,13;;4990,13;807,08;4183,05;
HARUO TAKATANI;DEPTO.DEFESA AGROP.E FLORESTAL;F.AGRO.MED.V-II;; ESTATUTARIO;9703,93;;9703,93;2595,92;7108,01;
HAYLA KALINE RODRIGUES LIMA;CAREIRO DA VARZEA;F.AGRO.MED.V-II;FISCAL AGROP-III CL; ESTATUTARIO;10473,64;;10473,64;2804,52;7669,12;
HEITOR TEIXEIRA MACHADO;PARINTINS;T.F.AGRO-II;TEC.EM AGROPECUARIA; ESTATUTARIO;6086,38;;6086,38;1183,16;4903,22;
HERCULES FERREIRA DA SILVA;LABREA - EXTREMA;T.F.AGRO-III;; ESTATUTARIO;5655,15;;5655,15;1028,86;4626,29;
HEUDER FABIO MENDES DA COSTA;PARINTINS;F.AGRO.MED.V-III;; ESTATUTARIO;9058,58;;9058,58;2219,61;6838,97;
HODERLANDY ARLEN RAMOS DE PAIVA;GABINETE;ASSESSOR III;ASSESSOR III; CARGO COMISSION.S/VINCULO;3691,80;;3691,80;424,04;3267,76;
HUERLEN MARLLON FERNANDES DIAS;LABREA - VISTA ALEGRE;T.F.AGRO-III;; ESTATUTARIO;5655,15;;5655,15;1028,86;4626,29;
IDEUS COSTA NUNES JUNIOR;MANICORE;T.F.AGRO-III;; ESTATUTARIO;5655,15;;5655,15;1028,86;4626,29;
IRINELSON CONCEICAO DE MATOS;MANICORE;T.F.AGRO-III;; ESTATUTARIO;5655,15;;5655,15;1028,86;4626,29;
ISRAEL BRITO PORTO;APUI;MOT-III;; ESTATUTARIO;3600,22;;3600,22;426,44;3173,78;
ITALO CORREA DE LIMA;PRESIDENTE FIGUEIREDO;T.F.AGRO-II;TEC.AGROPECUARIA; ESTATUTARIO;6137,24;;6137,24;1202,31;4934,93;
IVANETE DA SILVA SANTOS;DEPTO.ADM.FIN.COM.E FOMENTO;TNS-III;; ESTATUTARIO;7150,20;;7150,20;703,41;6446,79;
IZAQUE OLIVEIRA DA SILVA;NOVO ARIPUANA;AUX.F.AGRO-II;AUX. AGROPECUARIO; ESTATUTARIO;3964,64;;3964,64;456,77;3507,87;
JADSON RODRIGO LUNAS DE SOUZA;BOCA DO ACRE;T.F.AGRO-III;; ESTATUTARIO;5655,15;;5655,15;1028,86;4626,29;
JAILSON ALVES DE ARAUJO;HUMAITA;T.F.AGRO-II;TEC.EM AGROPECUARIA; ESTATUTARIO;6137,24;;6137,24;1104,32;5032,92;
JAIRO ALVES SOBRINHO;BOCA DO ACRE;T.F.AGRO-III;; ESTATUTARIO;5655,15;;5655,15;943,55;4711,60;
JAMMERSON ALVES DE OLIVEIRA;TEFE;M.FLU-III;; ESTATUTARIO;3600,22;;3600,22;426,44;3173,78;
JEAN CARLOS SILVEIRA DA SILVA;JAPURA;T.F.AGRO-III;; ESTATUTARIO;5655,15;;5655,15;1028,86;4626,29;
JEFFISON DO NASCIMENTO P FERREIRA;DEPTO.DEFESA AGROP.E FLORESTAL;F.AGRO.MED.V-III;; ESTATUTARIO;8812,76;;8812,76;2051,85;6760,91;
JEICIMARA FERREIRA DOS SANTOS;AUTAZES;T.F.AGRO-II;TEC.EM AGROPECUARIA; ESTATUTARIO;5637,24;;5637,24;1104,32;4532,92;
JESSICA LOPES DO LIVRAMENTO;DEPTO.DEFESA AGROP.E FLORESTAL;AUX.F.AGRO-II;AUX. AGROPECUARIO; ESTATUTARIO;3494,28;;3494,28;455,31;3038,97;
JOAO BATISTA DIAS DAMACENO;HUMAITA;F.A.ENG.AGRO-III;; ESTATUTARIO;9834,44;;9834,44;2563,86;7270,58;
JOAO LEONARDO BENTES PEREIRA;DEPTO.ADM.FIN.COM.E FOMENTO;ASSESSOR II;NAO INFORMADO; CARGO COMISSION.S/VINCULO;4709,79;;4709,79;697,88;4011,91;
JOAO VICENTE OLIVEIRA DE AZEVEDO;IRANDUBA;MEDICO VETERINARIO;; ESTATUTARIO;10072,58;;10072,58;2653,52;7419,06;
JOCILEIA FREITAS E SILVA;IRANDUBA;AUX.F.AGRO-II;; ESTATUTARIO;3994,28;;3994,28;525,66;3468,62;
JOEL PAULA FREITAS;DEPTO.ADM.FIN.COM.E FOMENTO;MOT-III;; ESTATUTARIO;3100,22;;3100,22;374,73;2725,49;
JOELMA SERRAO DA SILVA;DEPTO.DEFESA AGROP.E FLORESTAL;F.AGRO.MED.V-III;; ESTATUTARIO;8812,76;;8812,76;2260,40;6552,36;
JONILSON ROLIM MACEDO;DEPTO.DEFESA AGROP.E FLORESTAL;T.F.AGRO-II;TEC.EM AGROPECUARIA; ESTATUTARIO;5637,24;;5637,24;949,16;4688,08;
JORDEL OLIVEIRA DE LIMA;BOCA DO ACRE;T.F.AGRO-III;; ESTATUTARIO;5655,15;;5655,15;1028,86;4626,29;
JORGEMAR PRADO MARQUES;JUTAI;T.F.AGRO-III;; ESTATUTARIO;5655,15;;5655,15;1028,86;4626,29;
JOSE MIRANDA AZEVEDO;NHAMUNDA;T.F.AGRO-II;; ESTATUTARIO;6137,24;;6137,24;1202,31;4934,93;
JOSE MOREIRA DE ANDRADE NETO;BOCA DO ACRE;A.TEC-III;; ESTATUTARIO;4990,13;;4990,13;807,08;4183,05;
JOSE RAIMUNDO DE SOUZA PINTO;PARINTINS;T.F.AGRO-II;TEC.EM AGROP.; ESTATUTARIO;6086,38;;6086,38;1183,16;4903,22;
JOSE RIBEIRO FIRMINO NETO;HUMAITA;AUX.F.AGRO-III;; ESTATUTARIO;3713,28;;3713,28;450,07;3263,21;
JOSE ROGERIO VASCONCELLOS DE ARAUJO;ITACOATIARA;MEDICO VETERINARIO;; ESTATUTARIO;10072,58;;10072,58;2177,83;7894,75;
JOSE SARAIVA DA COSTA;NOVA OLINDA DO NORTE;T.F.AGRO-III;; ESTATUTARIO;5655,15;;5655,15;1028,86;4626,29;
JOSE VILACA DE OLIVEIRA;AUTAZES;T.F.AGRO-III;; ESTATUTARIO;5655,15;;5655,15;1028,86;4626,29;
JOSIELTON PINHEIRO CHAVES;PARINTINS;T.F.AGRO-III;; ESTATUTARIO;5655,15;;5655,15;1028,86;4626,29;
JOSUE ROBERTO MONTEIRO DA SILVA;PRESIDENTE FIGUEIREDO;COORDENADOR LOCAL I;; CARGO COMISSION.S/VINCULO;4709,79;;4709,79;697,88;4011,91;
JOUBERT LIMA DOS SANTOS;ASSESSORIA;TNS-III;; ESTATUTARIO;7150,20;;7150,20;1634,44;5515,76;
JUAN CLEBSON FERREIRA CORDEIRO;CAREIRO DA VARZEA;T.F.AGRO-III;; ESTATUTARIO;5655,15;;5655,15;986,20;4668,95;
JUCIMAR FERREIRA SILVA;HUMAITA;T.F.AGRO-III;; ESTATUTARIO;5655,15;;5655,15;900,89;4754,26;
JULCILEIA ARRUDA DE FARIA;DEPTO.DEFESA AGROP.E FLORESTAL;F.AGRO.MED.V-II;FISCAL AGROP-III CL; ESTATUTARIO;9673,64;;9673,64;2532,38;7141,26;
JULIANA LIRA GAMA PIRES ALVES;DEPTO.DEFESA AGROP.E FLORESTAL;F.AGRO.MED.V-III;; ESTATUTARIO;8258,58;;8258,58;2051,74;6206,84;
JULIANA PEREIRA MENDES;HUMAITA;ENG.AGRO-III;; ESTATUTARIO;9612,76;;9612,76;2480,40;7132,36;
JULIO AUGUSTO MORAES MARTINS;MANACAPURU;T.F.AGRO-II;TEC.AGROPECUARIA; ESTATUTARIO;6137,24;;6137,24;1150,17;4987,07;
JUMAR ARAUJO QUEIROZ ALENCAR;ITACOATIARA;AUX.F.AGRO-III;; ESTATUTARIO;3713,28;;3713,28;450,07;3263,21;
KAMILA HOLANDA DA SILVA SALES;DEPTO.ADM.FIN.COM.E FOMENTO;COORDENADOR LOCAL II;COORDENADOR LOCAL II; CARGO COMISSION.S/VINCULO;3691,80;;3691,80;424,04;3267,76;
KAMILA REGINA ALVES DE S PEDROSA;DEPTO.DEFESA AGROP.E FLORESTAL;AUX.F.AGRO-III;AUX. AGROPECUARIO; ESTATUTARIO;3323,45;;3323,45;434,59;2888,86;
KARINE SANTOS DA CRUZ;BOCA DO ACRE;F.A.ENG.AGRO-III;; ESTATUTARIO;9058,58;;9058,58;2271,74;6786,84;
KARLA PAZ GARCIA;TEFE;AG.F.AGRO-II;AGENTE AGROPECUARIO; ESTATUTARIO;5637,24;;5637,24;1202,31;4434,93;
KEDMA ROCHA DE MELO;BOCA DO ACRE;T.F.AGRO-II;TEC.AGROPECUARIA; ESTATUTARIO;6137,24;;6137,24;1202,31;4934,93;
KIARA ALMEIDA TAVARES;DEPTO.ADM.FIN.COM.E FOMENTO;GERENTE;GERENTE; CARGO COMISSION.S/VINCULO;4709,79;;4709,79;697,88;4011,91;
LAERCIO DOS REIS JUNIOR;DEPTO.DEFESA AGROP.E FLORESTAL;F.AGRO.MED.V-III;; ESTATUTARIO;8923,60;;8923,60;2145,71;6777,89;
LARISSA DE CARVALHO ARAUJO;CAREIRO DA VARZEA;F.AGRO.MED.V-III;; ESTATUTARIO;9612,76;;9612,76;2480,40;7132,36;
LARISSA DE SA CARVALHO;DEPTO.DEFESA AGROP.E FLORESTAL;F.AGRO.MED.V-III;; ESTATUTARIO;8923,60;;8923,60;2302,12;6621,48;
LEANDRO MARTINS DA SILVA;DEPTO.DEFESA AGROP.E FLORESTAL;T.F.AGRO-III;; ESTATUTARIO;5155,15;;5155,15;916,36;4238,79;
LEONARDO DE BARROS PESSOA;BOCA DO ACRE;F.AGRO.MED.V-III;; ESTATUTARIO;9058,58;;9058,58;2271,74;6786,84;
LEONARDO NOGUEIRA ASSIS;AUTAZES;F.AGRO.MED.V-III;; ESTATUTARIO;9058,58;;9058,58;2167,47;6891,11;
LILIAN TOFFANETTO;DEPTO.DEFESA AGROP.E FLORESTAL;F.AGRO.MED.V-III;; ESTATUTARIO;8258,58;;8258,58;2051,74;6206,84;
LORRAINE ROSITA P B NASCIMENTO;BORBA;T.F.AGRO-III;; ESTATUTARIO;5655,15;;5655,15;1028,86;4626,29;
LUCAS LOPES DE SA;DEPTO.ADM.FIN.COM.E FOMENTO;A.TEC-III;; ESTATUTARIO;4490,13;;4490,13;718,55;3771,58;
LUCAS XAVIER SANT'ANNA;LABREA - VISTA ALEGRE;F.AGRO.MED.V-III;; ESTATUTARIO;9058,58;;9058,58;2271,74;6786,84;
LUCIANA FERREIRA DA SILVA;DEPTO.DEFESA AGROP.E FLORESTAL;T.F.AGRO-II;TEC.EM AGROPECUARIA; ESTATUTARIO;5637,24;;5637,24;1077,14;4560,10;
LUIZ ALVES DE ARRUDA NETO;RIO PRETO DA EVA;T.F.AGRO-II;TEC.EM AGROPECUARIA; ESTATUTARIO;6086,38;;6086,38;1131,02;4955,36;
LUIZ ANTONIO DA SILVA;DEPTO.DEFESA AGROP.E FLORESTAL;ENGENHEIRO AGRONOMO;CHEFE DE DEPARTAM; ESTATUTARIO;11794,00;;11794,00;3437,83;8356,17;
LUIZ CARLOS ALBUQUERQUE FERREIRA;MANICORE;T.F.AGRO-III;; ESTATUTARIO;5655,15;;5655,15;943,55;4711,60;
LUIZ FERNANDO DA SILVA;DEPTO.DEFESA AGROP.E FLORESTAL;ENGENHEIRO AGRONOMO;COORDENADOR LOCAL II; ESTATUTARIO;12082,78;;12082,78;3573,49;8509,29;
LUIZ HENRIQUE OLIVEIRA ORTIZ;AUTAZES;A.TEC-III;; ESTATUTARIO;4990,13;;4990,13;807,08;4183,05;
LUIZ MAGALHAES DE FREITAS;CAREIRO DA VARZEA;AG.F.AGRO-II;AG.AGROPECUARIO; ESTATUTARIO;6137,24;;6137,24;1104,32;5032,92;
MAELSON RODRIGUES LOPES;MANICORE;T.F.AGRO-III;; ESTATUTARIO;5655,15;;5655,15;1028,86;4626,29;
MAGDA ADEGAS DA SILVA;NOVO ARIPUANA;T.F.AGRO-III;; ESTATUTARIO;5655,15;;5655,15;1028,86;4626,29;
MAILTON DA SILVA GUALBERTO;RIO PRETO DA EVA;AUX.F.AGRO-II;AUX. AGROPECUARIO; ESTATUTARIO;3494,28;;3494,28;525,66;2968,62;
MANOEL MOURAO NETO;DEPTO.ADM.FIN.COM.E FOMENTO;ASSESSOR I;NAO INFORMADO; CARGO COMISSION.S/VINCULO;5729,77;;5729,77;1035,28;4694,49;
MARCAM ZIK UCHOA;GABINETE;CHEFE DE GABINETE;NAO INFORMADO; CARGO COMISSION.S/VINCULO;5729,77;;5729,77;1035,28;4694,49;
MARCELO DANTAS XIMENES;HUMAITA;AUX.F.AGRO-II;; ESTATUTARIO;3994,28;;3994,28;525,66;3468,62;
MARCELO SCHULTZ DA SILVA;INTERIOR;M.FLU-III;; ESTATUTARIO;3600,22;;3600,22;426,44;3173,78;
MARCELO VIEIRA ZEFERINO;BOA VISTA DO RAMOS;T.F.AGRO-II;TEC.EM AGRONOMIA; ESTATUTARIO;5637,24;;5637,24;1202,31;4434,93;
MARCIA REGINA CANCIO SANTIAGO;DEPTO.DEFESA AGROP.E FLORESTAL;AUX.F.AGRO-II;; ESTATUTARIO;3494,28;;3494,28;455,31;3038,97;
MARCIO ANDERSON FERREIRA BARROS;ITACOATIARA;M.FLU-III;; ESTATUTARIO;3600,22;;3600,22;426,44;3173,78;
MARCIO MERENCIO PANZA DE SIQUEIRA;CAREIRO CASTANHO;F.AGRO.MED.V-III;; ESTATUTARIO;9612,76;;9612,76;2480,40;7132,36;
MARIA AMELIA GUIMARAES CRUZ C CONDE;GABINETE;GERENTE;GERENTE; CARGO COMISSION.S/VINCULO;4709,79;;4709,79;697,88;4011,91;
MARIA AUXILIADORA DUARTE DAS CHAGAS;DEPTO.DEFESA AGROP.E FLORESTAL;COORDENADOR LOCAL II;; CARGO COMISSION.S/VINCULO;3691,80;;3691,80;424,04;3267,76;
MARIA DA SILVA MELO;APUI;T.F.AGRO-III;; ESTATUTARIO;5655,15;;5655,15;1028,86;4626,29;
MARIA IVANE BRITO DE SOUZA;PRESIDENTE FIGUEIREDO;T.F.AGRO-II;; ESTATUTARIO;6137,24;;6137,24;1202,31;4934,93;
MARIA LUIZA GRIGIO;PRESIDENTE FIGUEIREDO;F.A.ENG.AGRO-III;; ESTATUTARIO;9834,44;;9834,44;2563,86;7270,58;
MATEUS SOARES BARROSO;MANACAPURU;T.F.AGRO-II;; ESTATUTARIO;6137,24;;6137,24;1150,17;4987,07;
MAURICIO JOSE GUIMARAES PEREIRA;DEPTO.DEFESA AGROP.E FLORESTAL;T.F.AGRO-III;; ESTATUTARIO;5155,15;;5155,15;916,36;4238,79;
MELQUISEDEQUE MACHADO DA CRUZ;HUMAITA;AUX.F.AGRO-II;AUX.AGROPECUARIO; ESTATUTARIO;3964,64;;3964,64;472,53;3492,11;
MICAEL CASTRO DE SOUZA;DEPTO.ADM.FIN.COM.E FOMENTO;MOT-III;; ESTATUTARIO;3100,22;;3100,22;364,03;2736,19;
MICHAEL MACEDO BESSA;ASSESSORIA;ASSESSOR I;NAO INFORMADO; CARGO COMISSION.S/VINCULO;5729,77;;5729,77;1035,28;4694,49;
MICHAELL DA SILVA SANTOS;DEPTO.DEFESA AGROP.E FLORESTAL;F.A.ENG.AGRO-II;FISCAL AGROP-III CL; ESTATUTARIO;9173,64;;9173,64;2480,24;6693,40;
MICHELE MODESTO MEIRELES;DEPTO.DEFESA AGROP.E FLORESTAL;F.AGRO.MED.V-II;FISC.AGROP.III CL; ESTATUTARIO;9062,06;;9062,06;2354,26;6707,80;
MICHELLA OLIVEIRA MATIAS DOS SANTOS;DEPTO.ADM.FIN.COM.E FOMENTO;COORDENADOR LOCAL II;NAO INFORMADO; CARGO COMISSION.S/VINCULO;3691,80;;3691,80;424,04;3267,76;
MYLENA DAMASCENO VASCONCELOS;DEPTO.DEFESA AGROP.E FLORESTAL;COORDENADOR LOCAL I;COORDENADOR LOCAL I-; CARGO COMISSION.S/VINCULO;4709,79;;4709,79;697,88;4011,91;
NADIA NARA DOS SANTOS VALENTE;DEPTO.DEFESA AGROP.E FLORESTAL;F.AGRO.MED.V-III;; ESTATUTARIO;8258,58;;8258,58;2051,74;6206,84;
NATHALIA DO NASCIMENTO LOPES SOARES;HUMAITA;T.F.AGRO-III;; ESTATUTARIO;5655,15;;5655,15;986,20;4668,95;
NATHALIA MOURA PRADO;GABINETE;COORDENADOR LOCAL II;COORDENADOR LOCAL II; CARGO COMISSION.S/VINCULO;3691,80;;3691,80;424,04;3267,76;
NICODEMOS PEIXOTO DE QUEIROZ;AUTAZES;M.FLU-III;; ESTATUTARIO;3600,22;;3600,22;426,44;3173,78;
ORLENCLEISON MARQUES TEMO;HUMAITA;AUX.F.AGRO-II;; ESTATUTARIO;3994,28;;3994,28;464,37;3529,91;
OSEIAS RICARDO MARTINS DE MOURA;GUAJARA;F.AGRO.MED.V-III;; ESTATUTARIO;9058,58;;9058,58;2271,74;6786,84;
OSVALDO PEREIRA DA SILVA NETO;RIO PRETO DA EVA;F.A.ENG.AGRO-III;; ESTATUTARIO;9723,60;;9723,60;2522,12;7201,48;
PABLO DIAS VIEIRA;DEPTO.ADM.FIN.COM.E FOMENTO;TNS-III;; ESTATUTARIO;7150,20;;7150,20;1582,30;5567,90;
PAMELA NUNES CABRAL;HUMAITA;T.F.AGRO-III;; ESTATUTARIO;5655,15;;5655,15;1028,86;4626,29;
PATRICIA MERLINI DE ALMEIDA;HUMAITA;F.AGRO.MED.V-II;FISCAL AGROP.; ESTATUTARIO;10382,82;;10382,82;2666,04;7716,78;
PAULA DE CARVALHO MACHADO ARAUJO;DEPTO.DEFESA AGROP.E FLORESTAL;MED.V-III;; ESTATUTARIO;8258,58;;8258,58;2051,74;6206,84;
PAULO PEDRO TORRES BARROS FILHO;PRESIDENTE FIGUEIREDO;T.F.AGRO-II;; ESTATUTARIO;6137,24;;6137,24;1202,31;4934,93;
PAULO ROBERTO BENTES LOPES JUNIOR;LABREA NOVA CALIFORNIA;T.F.AGRO-III;; ESTATUTARIO;5655,15;;5655,15;1028,86;4626,29;
PAULO VICTOR ZAU DE OLIVEIRA;DEPTO.DEFESA AGROP.E FLORESTAL;T.F.AGRO-II;TEC.AGROPECUARIA; ESTATUTARIO;5637,24;;5637,24;1077,14;4560,10;
PEDRO HENRIQUE SERRAO SOBREIRA;MANACAPURU;A.TEC-III;; ESTATUTARIO;4990,13;;4990,13;807,08;4183,05;
PIETER JAN PINHEIRO ZUIDGEEST;DEPTO.ADM.FIN.COM.E FOMENTO;ASSESSOR II;NAO INFORMADO; CARGO COMISSION.S/VINCULO;4709,79;;4709,79;697,88;4011,91;
PRISCILLA AGUIAR MOLLER;DEPTO.DEFESA AGROP.E FLORESTAL;F.A.ENG.AGRO-III;; ESTATUTARIO;9034,44;;9034,44;2343,86;6690,58;
RAFAEL RODRIGUES DE SOUSA;DEPTO.DEFESA AGROP.E FLORESTAL;COORDENADOR LOCAL II;NAO INFORMADO; CARGO COMISSION.S/VINCULO;3691,80;;3691,80;424,04;3267,76;
RAIMUNDO FERREIRA DA SILVA FILHO;MANACAPURU;T.F.AGRO-III;; ESTATUTARIO;5655,15;;5655,15;1028,86;4626,29;
RAIMUNDO FRANCISCO DA S CORDEIRO;CANUTAMA;COORDENADOR LOCAL II;NAO INFORMADO; CARGO COMISSION.S/VINCULO;3691,80;;3691,80;424,04;3267,76;
RAIMUNDO NONATO DE SOUSA ROSAS;MANICORE;AUX.F.AGRO-III;; ESTATUTARIO;3713,28;;3713,28;450,07;3263,21;
RAIMUNDO ROBERTO DE MELO CARDOSO;BOCA DO ACRE;TECNICO EM AGROPECUARIA;; ESTATUTARIO;5690,13;;5690,13;1040,53;4649,60;
RAIURY SANTOS DA SILVA;INTERIOR;ENG.AGRO-III;; ESTATUTARIO;9058,58;;9058,58;2271,74;6786,84;
RAMERSON VASCONCELOS FERREIRA;DEPTO.DEFESA AGROP.E FLORESTAL;T.F.AGRO-II;; ESTATUTARIO;5586,38;;5586,38;974,86;4611,52;
RAQUEL TOME DA SILVA;TABATINGA;MED.V-III;; ESTATUTARIO;8258,58;;8258,58;975,70;7282,88;
RAYCKSON BENEZAR CARVALHO;SAO SEBASTIAO DO UATUMA;T.F.AGRO-III;; ESTATUTARIO;5655,15;;5655,15;1028,86;4626,29;
RAYLEN JORGE SOARES DE SOUZA;IRANDUBA;T.F.AGRO-II;; ESTATUTARIO;6137,24;;6137,24;876,55;5260,69;
REGINALDO CARIS DOS SANTOS;BOCA DO ACRE;T.F.AGRO-III;; ESTATUTARIO;5655,15;;5655,15;943,55;4711,60;
RENAN ROCHA DE ALMEIDA;INTERIOR;A.TEC-III;; ESTATUTARIO;4990,13;;4990,13;807,08;4183,05;
RENATO OLIVEIRA SANTOS;ITAPIRANGA;T.F.AGRO-III;; ESTATUTARIO;5655,15;;5655,15;1028,86;4626,29;
RHUAN SEBASTIAN ARAUJO LEAL;DEPTO.ADM.FIN.COM.E FOMENTO;COORDENADOR LOCAL II;NAO INFORMADO; CARGO COMISSION.S/VINCULO;3691,80;;3691,80;424,04;3267,76;
RICARDO AUGUSTO GONCALVES BORGES;HUMAITA;F.AGRO.MED.V-II;FIS.AGROP.III CL; ESTATUTARIO;10473,64;;10473,64;2752,38;7721,26;
ROBERIO DANTAS MAGALHAES;MAUES;T.F.AGRO-II;TEC.EM AGROPECUARIA; ESTATUTARIO;6137,24;;6137,24;1005,22;5132,02;
RODRIGO ALVES ORTIZ ABREU;APUI;T.F.AGRO-III;; ESTATUTARIO;5655,15;;5655,15;1028,86;4626,29;
RODRIGO JOSE MENDONCA DA FONSECA;ANAMA;T.F.AGRO-III;; ESTATUTARIO;5655,15;;5655,15;1028,86;4626,29;
ROMULO DIEGO DO AMARANTE LIMA;AUTAZES - NOVO CEU;T.F.AGRO-III;; ESTATUTARIO;5655,15;;5655,15;1028,86;4626,29;
RONALDO APARECIDO WESTFAL AUGUSTO;NOVO ARIPUANA;T.F.AGRO-III;; ESTATUTARIO;5655,15;;5655,15;1028,86;4626,29;
RONIMAR DA SILVA PEIXOTO;GUAJARA;T.F.AGRO-III;; ESTATUTARIO;5655,15;;5655,15;1028,86;4626,29;
RONNAN FERREIRA DA COSTA;PRESIDENTE FIGUEIREDO;AUX.F.AGRO-II;AUX. AGROPECUARIO; ESTATUTARIO;3994,28;;3994,28;525,66;3468,62;
RUBEN COELHO DOS SANTOS;DEPTO.DEFESA AGROP.E FLORESTAL;AUX.F.AGRO-III;; ESTATUTARIO;3213,28;;3213,28;412,07;2801,21;
SAMUEL BARBOSA DA COSTA;ENVIRA;T.F.AGRO-III;; ESTATUTARIO;5655,15;;5655,15;1028,86;4626,29;
SANDOVAL SALERNO PINHEIRO;DEPTO.DEFESA AGROP.E FLORESTAL;F.A.ENG.AGRO-II;; ESTATUTARIO;9062,06;;9062,06;2302,12;6759,94;
SAULO RANON DE SOUZA COELHO;DEPTO.DEFESA AGROP.E FLORESTAL;F.A.ENG.FLOR-III;; ESTATUTARIO;8258,58;;8258,58;2051,74;6206,84;
SEBASTIAO ALUIZIO JESUS DA SILVA;HUMAITA;T.F.AGRO-III;; ESTATUTARIO;5655,15;;5655,15;900,89;4754,26;
SERGIO ROBERTO ROLIM DA SILVA;ITACOATIARA;T.F.AGRO-II;TECNICO EM AGRONOMIA; ESTATUTARIO;6137,24;;6137,24;1202,31;4934,93;
SEVERINO DE AZEVEDO NEVES FILHO;DEPTO.DEFESA AGROP.E FLORESTAL;MEDICO VETERINARIO;; ESTATUTARIO;9945,24;;9945,24;2494,41;7450,83;
SHAMILA EVELLEM MAGALHAES DA SILVA;DEPTO.DEFESA AGROP.E FLORESTAL;AG.F.AGRO-II;AG. AGROPECUARIO; ESTATUTARIO;5586,38;;5586,38;1060,18;4526,20;
SHEILIANY DE SOUZA MELO;DEPTO.ADM.FIN.COM.E FOMENTO;COORDENADOR LOCAL II;COORDENADOR LOCAL II; CARGO COMISSION.S/VINCULO;3691,80;;3691,80;424,04;3267,76;
SILAS ALVES DE OLIVEIRA;SANTO ANTONIO DO MATUPI;T.F.AGRO-III;; ESTATUTARIO;5655,15;;5655,15;1028,86;4626,29;
SILNARA CRISTINY ANDRADE SOUSA;DEPTO.ADM.FIN.COM.E FOMENTO;A.TEC-III;; ESTATUTARIO;4490,13;;4490,13;718,55;3771,58;
SILVANO FREITAS SANTOS;URUCURITUBA;A.TEC-III;; ESTATUTARIO;4990,13;;4990,13;807,08;4183,05;
SILVIA TAVARES MAIA;NOVO ARIPUANA;T.F.AGRO-III;; ESTATUTARIO;5655,15;;5655,15;943,55;4711,60;
SILVIO DE ALMEIDA MORAES;MANICORE;T.F.AGRO-III;; ESTATUTARIO;5655,15;;5655,15;986,20;4668,95;
SIMONE PEREIRA DOS SANTOS;DEPTO.DEFESA AGROP.E FLORESTAL;MED.V-III;; ESTATUTARIO;8258,58;;8258,58;2051,74;6206,84;
SIVANDRO CAMPOS DE FREITAS;DEPTO.DEFESA AGROP.E FLORESTAL;TECNICO EM AGROPECUARIA;GERENTE; ESTATUTARIO;6384,04;;6384,04;1105,49;5278,55;
STEFANO SAMUEL BERNARDO COSTA;MANICORE;T.F.AGRO-III;; ESTATUTARIO;5655,15;;5655,15;986,20;4668,95;
TAMARA REGINA DE SOUZA BAIA;CAREIRO DA VARZEA;AG.F.AGRO-III;; ESTATUTARIO;5655,15;;5655,15;1028,86;4626,29;
TAMIRES JORDANA SALES DA SILVA LEAL;DEPTO.DEFESA AGROP.E FLORESTAL;T.F.AGRO-III;; ESTATUTARIO;5155,15;;5155,15;916,36;4238,79;
TASSIO LUAN MACIEL BARBOSA;TEFE;T.F.AGRO-III;; ESTATUTARIO;5655,15;;5655,15;1028,86;4626,29;
THAIS DA SILVA OLIVEIRA;DEPTO.DEFESA AGROP.E FLORESTAL;A.TEC-III;; ESTATUTARIO;4490,13;;4490,13;718,55;3771,58;
THIAGO DE LAY FREITAS;SANTO ANTONIO DO MATUPI;T.F.AGRO-III;; ESTATUTARIO;5655,15;;5655,15;1028,86;4626,29;
THIAGO FARIAS GOES DE SOUZA;BOA VISTA DO RAMOS;COORDENADOR LOCAL II;; CARGO COMISSION.S/VINCULO;3691,80;;3691,80;424,04;3267,76;
THIAGO SALLES DA SILVEIRA;DEPTO.ADM.FIN.COM.E FOMENTO;TNS-III;; ESTATUTARIO;7815,22;;7815,22;1884,82;5930,40;
THIAGO SANCHES AGUIAR;BOCA DO ACRE;MED.V-II;MEDICO VETERINARIO; ESTATUTARIO;10503,93;;10503,93;2711,65;7792,28;
TIAGO RAPOSO FERREIRA;CARAUARI;T.F.AGRO-III;; ESTATUTARIO;5655,15;;5655,15;943,55;4711,60;
VALCINEIA LIMA SANTOS;MAUES;PROFESSOR PF20.ESP-III;COORDENADOR LOCAL II; ESTATUTARIO;6212,76;;6212,76;977,00;5235,76;
VALDERLI MESQUITA GOMES;BENJAMIN CONSTANT;T.F.AGRO-II;TEC.EM AGROPECUARIA; ESTATUTARIO;6137,24;;6137,24;1150,17;4987,07;
VALDINEIA PRADO BATISTA;RIO PRETO DA EVA;T.F.AGRO-II;TEC.EM AGROPECUARIA; ESTATUTARIO;5637,24;;5637,24;1202,31;4434,93;
VALERIA CRISTINA DE PAULA FERREIRA;PARINTINS;F.A.ENG.AGRO-III;; ESTATUTARIO;9058,58;;9058,58;2271,74;6786,84;
VANDERSON RIBEIRO FERREIRA;APUI;T.F.AGRO-III;; ESTATUTARIO;5655,15;;5655,15;1028,86;4626,29;
VICTOR BRYAN DOS SANTOS CUNHA;ITAMARATI;T.F.AGRO-III;; ESTATUTARIO;5655,15;;5655,15;377,14;5278,01;
VICTOR HUGO DE SOUZA CORREA;APUI;T.F.AGRO-III;; ESTATUTARIO;5655,15;;5655,15;1028,86;4626,29;
VILSON DE SOUZA ROCHA;DEPTO.DEFESA AGROP.E FLORESTAL;F.A.ENG.FLOR-III;; ESTATUTARIO;8923,60;;8923,60;2249,99;6673,61;
VIVIAN SARAIVA BARROSO;GABINETE;ASSESSOR I;ASSESSOR I; CARGO COMISSION.S/VINCULO;5729,77;;5729,77;1035,28;4694,49;
WAGNER CAMPAGNARO VERNECK;BOCA DO ACRE;F.AGRO.MED.V-II;FISC.AGROP.; ESTATUTARIO;10382,82;;10382,82;2666,04;7716,78;
WALACE CIRNE LOPES;MANAQUIRI;T.F.AGRO-II;TEC.EM AGROPECUARIA; ESTATUTARIO;6137,24;;6137,24;1019,01;5118,23;
WANDERSON MAURICIO AGUIAR DA SILVA;NOVO ARIPUANA;T.F.AGRO-III;; ESTATUTARIO;5655,15;;5655,15;1028,86;4626,29;
WARLEN ARIEL CORNELIO FERMIN;NOVO ARIPUANA;T.F.AGRO-III;; ESTATUTARIO;5655,15;;5655,15;1028,86;4626,29;
WHALER DE ARAUJO PERNAMBUCO;GABINETE;COORDENADOR LOCAL II;COORDENADOR LOCAL II; CARGO COMISSION.S/VINCULO;3691,80;;3691,80;424,04;3267,76;
WILES SANTOS SILVA;MANACAPURU;F.AGRO.MED.V-III;; ESTATUTARIO;9612,76;;9612,76;2480,40;7132,36;
WILLIAM DIAS FEITOSA;PRESIDENTE FIGUEIREDO;T.F.AGRO-II;TEC. EM AGROPECUARIA; ESTATUTARIO;6137,24;;6137,24;1202,31;4934,93;
WILLIAN BRESSAN PINTO;DEPTO.DEFESA AGROP.E FLORESTAL;F.AGRO.MED.V-III;; ESTATUTARIO;8812,76;;8812,76;2260,40;6552,36;
WILLIAN MARINHO PEDRO;BOCA DO ACRE;T.F.AGRO-III;; ESTATUTARIO;5655,15;;5655,15;943,55;4711,60;
WIUGUINER EMILIO COSTA FELIX;CANUTAMA;T.F.AGRO-III;; ESTATUTARIO;5655,15;;5655,15;1028,86;4626,29;
YARA CINTIA VIEIRA E SILVA;NOVA OLINDA DO NORTE;F.AGRO.MED.V-III;; ESTATUTARIO;9058,58;;9058,58;;9058,58;
ZALA ARYSSA TREVISAN MACIEL;LABREA;COORDENADOR LOCAL II;; CARGO COMISSION.S/VINCULO;3691,80;;3691,80;424,04;3267,76;
ZENILDO DOS SANTOS OLIVEIRA FILHO;DEPTO.DEFESA AGROP.E FLORESTAL;AUX.F.AGRO-II;AUX. AGROPECUARIO; ESTATUTARIO;3494,28;;3494,28;469,53;3024,75;
