NOME;LOTACAO;CARGO;FUNCAO;VINCULO;REMUNERACAO LEGAL TOTAL(R$);DESC.TETO(R$); REMUNERACAO LEGAL DEVIDA(R$);DESCONTOS LEGAIS(R$);LIQUIDO DISPONIVEL(R$);
ACASSIO COELHO EUGENIO;IRANDUBA;ENG.AGRO-III;; ESTATUTARIO;7853,26;;7853,26;2006,20;5847,06;
ADALCIRLON FABIO ALVES DE MATOS;PARINTINS;M.FLU-III;; ESTATUTARIO;2863,84;;2863,84;378,11;2485,73;
ADEILSON SILVA SOUSA;APUI;T.F.AGRO-III;; ESTATUTARIO;4731,95;;4731,95;802,41;3929,54;
ADELTON QUEIROZ DOS SANTOS;PRESIDENTE FIGUEIREDO;AG.F.AGRO-III;; ESTATUTARIO;4731,95;;4731,95;802,41;3929,54;
ADERALDO ALVES DE FRANCA;GUAJARA;T.F.AGRO-III;TEC.EM AGROPECUARIA; ESTATUTARIO;4731,95;;4731,95;802,41;3929,54;
ADILSON PEREIRA DA SILVA;APUI;T.F.AGRO-III;; ESTATUTARIO;4731,95;;4731,95;887,72;3844,23;
ADRIANA FURTADO ROBERTO;SILVES;T.F.AGRO-III;; ESTATUTARIO;4731,95;;4731,95;887,72;3844,23;
ADRIELE VICTORIA DE SOUZA FERREIRA;LABREA NOVA CALIFORNIA;T.F.AGRO-III;; ESTATUTARIO;4731,95;;4731,95;887,72;3844,23;
ADSON FERREIRA DE CARVALHO;AUTAZES - NOVO CEU;T.F.AGRO-III;; ESTATUTARIO;4731,95;;4731,95;845,07;3886,88;
AEUDES DA COSTA ERICEIRA;PARINTINS;T.F.AGRO-III;; ESTATUTARIO;4731,95;;4731,95;887,72;3844,23;
AGEMIRO MOURA LOPES;PAUINI;COORDENADOR LOCAL II;; CARGO COMISSION.S/VINCULO;3191,80;;3191,80;372,18;2819,62;
AJAX DE SOUSA FERREIRA;DEPTO.DEFESA AGROP.E FLORESTAL;TECNICO EM AGROPECUARIA;GERENTE; ESTATUTARIO;5763,13;;5763,13;1149,14;4613,99;
ALAOR MAGALHÃES PEREIRA;APUI;T.F.AGRO-III;; ESTATUTARIO;4731,95;;4731,95;802,41;3929,54;
ALDA LUCIA DE MOURA LOUREIRO;DEPTO.ADM.FIN.COM.E FOMENTO;COORDENADOR LOCAL I;NAO INFORMADO; CARGO COMISSION.S/VINCULO;7437,29;;7437,29;2072,15;5365,14;
ALDEMIR GONCALO DA SILVA;AUTAZES;F.AGRO.MED.V-III;; ESTATUTARIO;7853,26;;7853,26;1576,44;6276,82;
ALESSANDRA BORGES DA SILVA;URUCARA;F.AGRO.MED.V-III;; ESTATUTARIO;7853,26;;7853,26;2006,20;5847,06;
ALEX DABSON DE ALMEIDA LIMA;DEPTO.ADM.FIN.COM.E FOMENTO;MOT-III;; ESTATUTARIO;3215,15;;3215,15;414,42;2800,73;
ALEXANDRE DA GAMA LOPES;MANACAPURU;M.FLU-III;; ESTATUTARIO;2863,84;;2863,84;378,11;2485,73;
ALEXANDRE DE SOUSA E SILVA;NOVO ARIPUANA;T.F.AGRO-III;; ESTATUTARIO;4731,95;;4731,95;802,41;3929,54;
ALEXANDRE HENRIQUE FREITAS ARAUJO;GABINETE;ENGENHEIRO AGRONOMO;DIRETOR PRESIDENT; ESTATUTARIO;14616,20;;14616,20;4200,04;10416,16;
ALICHELLY CARINA MACEDO VENTURA;GABINETE;ASSESSOR I;NAO INFORMADO; CARGO COMISSION.S/VINCULO;5229,77;;5229,77;981,03;4248,74;
ALINE LOPES DE OLIVEIRA;BOA VISTA DO RAMOS;T.F.AGRO-III;; ESTATUTARIO;4731,95;;4731,95;887,72;3844,23;
ALISON ANDRE XIMENES SOARES;DEPTO.DEFESA AGROP.E FLORESTAL;F.AGRO.MED.V-III;; ESTATUTARIO;7053,26;;7053,26;1786,20;5267,06;
ALISON EDMUNDO BATISTA;HUMAITA;MOT-III;; ESTATUTARIO;2863,84;;2863,84;378,11;2485,73;
ALMIR ASTERIO CARVALHAL;ASSESSORIA;ENGENHEIRO AGRONOMO;ASSESSOR II AD2; ESTATUTARIO;12747,36;;12747,36;3658,43;9088,93;
ALOYSIO MAIA MALVEIRA JUNIOR;DEPTO.DEFESA AGROP.E FLORESTAL;ENGENHEIRO AGRONOMO;; ESTATUTARIO;8067,26;;8067,26;2115,83;5951,43;
ALTAIR DE ALMEIDA CAVALCANTE;DEPTO.DEFESA AGROP.E FLORESTAL;TECNICO EM AGROPECUARIA;; ESTATUTARIO;4785,95;;4785,95;959,98;3825,97;
AMAURY AZEVEDO LUZ;DEPTO.DEFESA AGROP.E FLORESTAL;F.AGRO.MED.V-III;; ESTATUTARIO;7053,26;;7053,26;1786,20;5267,06;
ANA CAROLINA COSTA DE MOURA;DEPTO.DEFESA AGROP.E FLORESTAL;T.F.AGRO-III;; ESTATUTARIO;4231,95;;4231,95;783,59;3448,36;
ANA CRISTINA KRZYZANIAK;DEPTO.DEFESA AGROP.E FLORESTAL;F.AGRO.MED.V-III;FISCAL AGROP-III CL; ESTATUTARIO;7557,06;;7557,06;1975,87;5581,19;
ANDERSON CARVALHO DA ROCHA;CAREIRO DA VARZEA;AUX.F.AGRO-III;; ESTATUTARIO;2966,62;;2966,62;358,66;2607,96;
ANDRE LUIZ BORBOREMA DA CUNHA;PARINTINS;T.F.AGRO-III;; ESTATUTARIO;4731,95;;4731,95;887,72;3844,23;
ANDRE LUIZ MEIRELES PATRICIO FILHO;CAREIRO CASTANHO;MOT-III;; ESTATUTARIO;2863,84;;2863,84;378,11;2485,73;
ANDRE PARANHOS ALBUQUERQUE;SANTO ANTONIO DO MATUPI;AUX.AGR-III;COORD. LOCAL II AD-3; ESTATUTARIO;4668,32;;4668,32;628,80;4039,52;
ANDRE RICARDO MORAIS DOS SANTOS;URUCARA;T.F.AGRO-III;; ESTATUTARIO;4731,95;;4731,95;887,72;3844,23;
ANDREZZA RIBEIRO DE LIMA MORENO;MANACAPURU;COORDENADOR LOCAL II;; CARGO COMISSION.S/VINCULO;3191,80;;3191,80;372,18;2819,62;
ANGELICA MARTINA GONCALVES PEREIRA;DEPTO.DEFESA AGROP.E FLORESTAL;F.AGRO.MED.V-III;; ESTATUTARIO;7053,26;;7053,26;1786,20;5267,06;
ANNYELLE BEZERRA DA SILVA TORRES;ASSESSORIA;COORDENADOR LOCAL II;NAO INFORMADO; CARGO COMISSION.S/VINCULO;3191,80;;3191,80;372,18;2819,62;
ANSELMO DE SOUZA BEZERRA;EIRUNEPE;TECNICO EM AGROPECUARIA;; ESTATUTARIO;5013,02;;5013,02;979,65;4033,37;
ANTONIO EDSON DE SOUZA SOARES;DEPTO.DEFESA AGROP.E FLORESTAL;T.F.AGRO-III;TEC.EM AGROPECUARIA; ESTATUTARIO;4231,95;;4231,95;706,00;3525,95;
ANTONIO GIOVANNI PONTES VIANA;BOCA DO ACRE;T.F.AGRO-III;; ESTATUTARIO;6309,27;;6309,27;1295,23;5014,04;
ANTONIO JORGE SANTOS SILVA MATTOS;DEPTO.DEFESA AGROP.E FLORESTAL;F.AGRO.MED.V-III;; ESTATUTARIO;7053,26;;7053,26;1786,20;5267,06;
ANTONIO JOSE LEAL NINA ROLDAO;APUI;T.F.AGRO-III;; ESTATUTARIO;6309,27;;6309,27;1295,23;5014,04;
ANTONIO RODRIGUES VIANA;ITACOATIARA;AUX.F.AGRO-III;; ESTATUTARIO;2966,62;;2966,62;370,69;2595,93;
ANTONIO YAN MENEZES C DELMIRO;EIRUNEPE;T.F.AGRO-III;; ESTATUTARIO;4731,95;;4731,95;845,07;3886,88;
ARQUIMIMO DO AMARAL SILVA;ITAMARATI;T.F.AGRO-III;; ESTATUTARIO;4731,95;;4731,95;887,72;3844,23;
AUGUSTO CEZAR CRUZ DE CASTRO;TABATINGA;T.F.AGRO-III;; ESTATUTARIO;4731,95;;4731,95;773,28;3958,67;
AUREA SIQUEIRA DE CASTRO AZEVEDO;HUMAITA;F.A.ENG.FLOR-III;; ESTATUTARIO;7853,26;;7853,26;2006,20;5847,06;
BARBARA BRANDAO FERREIRA SILVEIRA;DEPTO.DEFESA AGROP.E FLORESTAL;F.A.ENG.AGRO-III;; ESTATUTARIO;9404,35;;9404,35;2328,47;7075,88;
BERGSON PEREIRA DE LIMA;ITACOATIARA;F.AGRO.MED.V-III;; ESTATUTARIO;7853,26;;7853,26;2006,20;5847,06;
BOAVENTURA BEZERRA DA SILVA FILHO;MARAA;T.F.AGRO-III;; ESTATUTARIO;4731,95;;4731,95;887,72;3844,23;
BRENDA CAROLINE DA COSTA ARAUJO;SANTA IZABEL DO RIO NEGRO;AUX.F.AGRO-III;AUX. AGROPECUARIO; ESTATUTARIO;2966,62;;2966,62;370,69;2595,93;
BRUNO SILVA E SILVA;NOVO REMANSO;T.F.AGRO-III;TEC.EM AGROPECUARIA; ESTATUTARIO;4731,95;;4731,95;773,28;3958,67;
BRUNO SOARES MOURA COSTA;APUI;T.F.AGRO-III;; ESTATUTARIO;4731,95;;4731,95;887,72;3844,23;
CAETANINHA DA CUNHA CAVALCANTI;ASSESSORIA;TNS-III;; ESTATUTARIO;6045,63;;6045,63;1406,82;4638,81;
CAMILA DA COSTA AZEVEDO;ITACOATIARA;AG.F.AGRO-III;; ESTATUTARIO;4731,95;;4731,95;802,41;3929,54;
CARLEU BARBA SOARES;MANICORE;T.F.AGRO-III;TEC.EM AGROPECUARIA; ESTATUTARIO;4731,95;;4731,95;887,72;3844,23;
CARLOS AUGUSTO NUNES DA SILVA;PRESIDENTE FIGUEIREDO;AUX.F.AGRO-III;; ESTATUTARIO;2966,62;;2966,62;399,13;2567,49;
CARLOS ELSIO PEREIRA LIMA;APUI;T.F.AGRO-III;; ESTATUTARIO;4731,95;;4731,95;845,07;3886,88;
CARLOS JORGE RIBEIRO;ASSESSORIA;ASSESSOR I;ASSESSOR I; CARGO COMISSION.S/VINCULO;5229,77;;5229,77;981,03;4248,74;
CARLOS PEDRO DA SILVA;MANACAPURU;T.F.AGRO-III;TEC.EM AGROPECUARIA; ESTATUTARIO;4731,95;;4731,95;845,07;3886,88;
CARLOS PETRONIO DE SOUZA QUEIROZ;DEPTO.DEFESA AGROP.E FLORESTAL;AG.F.AGRO-III;AG.AGROPECUARIO; ESTATUTARIO;4231,95;;4231,95;656,26;3575,69;
CASEMIRO DA PAZ DE SOUZA;DEPTO.ADM.FIN.COM.E FOMENTO;AUX.F.AGRO-III;; ESTATUTARIO;2466,62;;2466,62;361,63;2104,99;
CHARLLES LIKIYASU OSAWA DA SILVA;NOVO ARIPUANA;T.F.AGRO-III;; ESTATUTARIO;4731,95;;4731,95;773,28;3958,67;
CHRISSOSTOMO PEREIRA NINA NETO;DEPTO.DEFESA AGROP.E FLORESTAL;T.F.AGRO-III;TEC.EM AGROPECUARIA; ESTATUTARIO;4231,95;;4231,95;656,26;3575,69;
CILENE PIRES DE SOUZA;DEPTO.ADM.FIN.COM.E FOMENTO;GERENTE;; CARGO COMISSION.S/VINCULO;4209,79;;4209,79;640,87;3568,92;
CLAUDENICE DE MORAIS LIMA;AUTAZES;COORDENADOR LOCAL I;NAO INFORMADO; CARGO COMISSION.S/VINCULO;4209,79;;4209,79;640,87;3568,92;
CLAUDIA DE FATIMA RAMOS CAMPOS;PARINTINS;MEDICO VETERINARIO;; ESTATUTARIO;8867,26;;8867,26;2387,97;6479,29;
CLAUDINEI VENTURA DO NASCIMENTO;APUI;T.F.AGRO-III;TEC.EM AGROPECUARIA; ESTATUTARIO;4731,95;;4731,95;845,07;3886,88;
CLAUDIO EMANUEL MAGALHAES GURGEL;DEPTO.DEFESA AGROP.E FLORESTAL;ENG.AGRO-III;; ESTATUTARIO;9404,35;;9404,35;2432,74;6971,61;
CLEIDE PEREIRA LOPES;DEPTO.ADM.FIN.COM.E FOMENTO;COORDENADOR LOCAL II;; CARGO COMISSION.S/VINCULO;3191,80;;3191,80;324,04;2867,76;
CLEONICE CARDOSO GARCIA;DEPTO.ADM.FIN.COM.E FOMENTO;GERENTE;NAO INFORMADO; CARGO COMISSION.S/VINCULO;4209,79;;4209,79;640,87;3568,92;
CLEYONE BALICA DE ALMEIDA;INTERIOR;F.AGRO.MED.V-III;; ESTATUTARIO;7853,26;;7853,26;1018,74;6834,52;
CRISTIAN RAU STOLTENBERG;DEPTO.DEFESA AGROP.E FLORESTAL;F.A.ENG.FLOR-III;; ESTATUTARIO;7053,26;;7053,26;1609,16;5444,10;
CRISTIANE DA SILVA KLEHM;DEPTO.DEFESA AGROP.E FLORESTAL;F.A.ENG.AGRO-III;FIS.AGROP.AGRONOMIA; ESTATUTARIO;7657,82;;7657,82;1961,67;5696,15;
DANIEL COSTA DE OLIVEIRA;DEPTO.ADM.FIN.COM.E FOMENTO;MOT-III;; ESTATUTARIO;3151,79;;3151,79;399,70;2752,09;
DANIEL DA SILVA BARBOSA;BOCA DO ACRE;T.F.AGRO-III;; ESTATUTARIO;4731,95;;4731,95;887,72;3844,23;
DANIEL MACHADO ROCHA;MANACAPURU;F.AGRO.MED.V-III;FISCAL AGROP-III CL; ESTATUTARIO;7853,26;;7853,26;1901,92;5951,34;
DANIEL RODRIGUES CHAGAS JUNIOR;ITACOATIARA;AUX.F.AGRO-III;; ESTATUTARIO;2966,62;;2966,62;399,13;2567,49;
DANIELLA APARECIDA DOS SANTOS;APUI;T.F.AGRO-III;; ESTATUTARIO;4731,95;;4731,95;887,72;3844,23;
DARLEY ARAUJO CRUZ;NOVO REMANSO;F.AGRO.MED.V-III;; ESTATUTARIO;7853,26;;7853,26;2006,20;5847,06;
DENILDO LOPES DA GAMA;PARINTINS;AUX.F.AGRO-III;; ESTATUTARIO;3955,49;;3955,49;532,05;3423,44;
DERLANI JOSE PEREIRA SERRAO;URUCURITUBA;T.F.AGRO-III;TEC. AGROPECUARIA; ESTATUTARIO;4731,95;;4731,95;845,07;3886,88;
DEYSERREEN DE SOUZA COSTA DA SILVA;ASSESSORIA;COORDENADOR LOCAL II;; CARGO COMISSION.S/VINCULO;5585,84;;5585,84;4787,70;798,14;
DIEGO COELHO CARDOSO;NOVO ARIPUANA;M.FLU-III;; ESTATUTARIO;2863,84;;2863,84;378,11;2485,73;
DIEGO LANER;DEPTO.DEFESA AGROP.E FLORESTAL;F.AGRO.MED.V-III;FISCAL AGROP-III CL; ESTATUTARIO;7557,06;;7557,06;1923,74;5633,32;
DIELIA MARIA PICANCO PESSOA;INTERIOR;COORDENADOR LOCAL II;NAO INFORMADO; CARGO COMISSION.S/VINCULO;3191,80;;3191,80;372,18;2819,62;
DIOGENES DE OLIVEIRA MAGALHAES;BERURI;T.AG-III;; ESTATUTARIO;4731,95;;4731,95;887,72;3844,23;
DIOGO ROBERTO PFAU;APUI;F.AGRO.MED.V-III;; ESTATUTARIO;7853,26;;7853,26;2006,20;5847,06;
DORIVALDO SALES PASSOS;PRESIDENTE FIGUEIREDO;T.F.AGRO-III;TEC.AGROPECUARIA; ESTATUTARIO;4731,95;;4731,95;845,07;3886,88;
EDER PEDRENO BELTRAO;BARREIRINHA;T.F.AGRO-III;; ESTATUTARIO;4731,95;;4731,95;845,07;3886,88;
EDFRAN NASCIMENTO ANDRADE;SAO GABRIEL DA CACHOEIRA;T.F.AGRO-III;; ESTATUTARIO;4731,95;;4731,95;773,28;3958,67;
EDIMAR BRANCHES GALVAO;NOVO ARIPUANA;T.F.AGRO-III;; ESTATUTARIO;4731,95;;4731,95;845,07;3886,88;
EDIVAN LIMA RIBEIRO;IRANDUBA;AUX.F.AGRO-III;AUX.AGROPECUARIO; ESTATUTARIO;2966,62;;2966,62;399,13;2567,49;
EDSON AZEVEDO FERNANDES;BOCA DO ACRE;MEDICO VETERINARIO;; ESTATUTARIO;7853,26;;7853,26;1765,01;6088,25;
EDSON FERREIRA GUIMARAES;APUI;T.F.AGRO-III;; ESTATUTARIO;4731,95;;4731,95;773,28;3958,67;
ELOISA MARTINS SOARES MACIEL;DEPTO.DEFESA AGROP.E FLORESTAL;F.AGRO.MED.V-III;; ESTATUTARIO;7053,26;;7053,26;1786,20;5267,06;
EMERSON CARLOS DE ALCANTARA PAULA;MANAQUIRI;AG.F.AGRO-III;; ESTATUTARIO;4731,95;;4731,95;887,72;3844,23;
EMILIO AFONSO DA SILVA FILHO;LABREA NOVA CALIFORNIA;MED.V-III;; ESTATUTARIO;7853,26;;7853,26;2006,20;5847,06;
EMILY LIRA SIMOES;DEPTO.DEFESA AGROP.E FLORESTAL;ENG.AGRO-III;; ESTATUTARIO;7053,26;;7053,26;1786,20;5267,06;
ERICA BEATRIZ VALENTE CARVALHO;DEPTO.ADM.FIN.COM.E FOMENTO;TNS-III;; ESTATUTARIO;6045,63;;6045,63;1406,82;4638,81;
ERILANE DOS SANTOS ALMEIDA;DEPTO.DEFESA AGROP.E FLORESTAL;AUX.F.AGRO-III;; ESTATUTARIO;2466,62;;2466,62;361,63;2104,99;
ERIVANOR ARAUJO DOS SANTOS;MANAQUIRI;TECNICO EM AGROPECUARIA;; ESTATUTARIO;5020,08;;5020,08;982,56;4037,52;
EUDES DE SOUZA LEITE;MANICORE;T.F.AGRO-III;; ESTATUTARIO;6309,27;;6309,27;1295,23;5014,04;
EUDIMAR COSTA ROCHA;DEPTO.DEFESA AGROP.E FLORESTAL;GERENTE;NAO INFORMADO; CARGO COMISSION.S/VINCULO;4209,79;;4209,79;640,87;3568,92;
EVANDRO AZEVEDO BARROS JUNIOR;BOCA DO ACRE;T.F.AGRO-III;; ESTATUTARIO;4731,95;;4731,95;887,72;3844,23;
EVILASIO MONTEIRO NOGUEIRA;NOVO ARIPUANA;T.F.AGRO-III;; ESTATUTARIO;4731,95;;4731,95;887,72;3844,23;
EWERTON SALVADOR MARIANO;TONANTINS;T.F.AGRO-III;; ESTATUTARIO;4731,95;;4731,95;743,40;3988,55;
FABIANO PIMENTEL DOS SANTOS;MAUES;F.AGRO.MED.V-III;FISCAL AGROP-III CL; ESTATUTARIO;7853,26;;7853,26;1362,93;6490,33;
FABIO TRINDADE GONCALVES;PRESIDENTE FIGUEIREDO;F.AGRO.MED.V-III;; ESTATUTARIO;7853,26;;7853,26;2006,20;5847,06;
FERNANDA RECH;CAREIRO CASTANHO;F.AGRO.MED.V-III;; ESTATUTARIO;7853,26;;7853,26;2006,20;5847,06;
FLADSON AUGUSTO MARTINEZ DA SILVA;DEPTO.DEFESA AGROP.E FLORESTAL;COORDENADOR LOCAL II;NAO INFORMADO; CARGO COMISSION.S/VINCULO;3191,80;;3191,80;372,18;2819,62;
FLAVIA KATIELE FACIONI SILVA;DEPTO.ADM.FIN.COM.E FOMENTO;TNS-III;; ESTATUTARIO;6045,63;;6045,63;1354,68;4690,95;
FRANCISCA DAS CHAGAS DA S FARIAS;ENVIRA;T.F.AGRO-III;; ESTATUTARIO;4731,95;;4731,95;887,72;3844,23;
FRANCISCA LAZARA CHAGAS R VENANCIO;TABATINGA;F.AGRO.MED.V-III;; ESTATUTARIO;7853,26;;7853,26;1018,74;6834,52;
FRANCISCO ANTONIO OLIVEIRA QUEIROZ;LABREA;COORDENADOR LOCAL II;COORD LOCAL; CARGO COMISSION.S/VINCULO;3191,80;;3191,80;372,18;2819,62;
FRANCISCO AUGUSTO TAVARES PINTO;IRANDUBA;AUX.F.AGRO-III;; ESTATUTARIO;2966,62;;2966,62;399,13;2567,49;
FRANCISCO DE JESUS OLIVEIRA ARAUJO;NOVO ARIPUANA;T.F.AGRO-III;; ESTATUTARIO;4731,95;;4731,95;887,72;3844,23;
FRANCISCO DE OLIVEIRA DOS SANTOS;AUTAZES;T.F.AGRO-III;; ESTATUTARIO;4731,95;;4731,95;887,72;3844,23;
FRANCISCO MENDES DA CUNHA;CAREIRO CASTANHO;COORDENADOR LOCAL II;COORD.LOCALII AD3; CARGO COMISSION.S/VINCULO;3191,80;;3191,80;343,49;2848,31;
FRANCKIMAR PAZ DE CASTRO;MANICORE;T.F.AGRO-III;; ESTATUTARIO;4731,95;;4731,95;887,72;3844,23;
FRANCOAN DE OLIVEIRA DIAS;MANICORE;T.F.AGRO-III;; ESTATUTARIO;4731,95;;4731,95;887,72;3844,23;
GELCIARA DA SILVA GOMES;DEPTO.DEFESA AGROP.E FLORESTAL;AG.F.AGRO-III;; ESTATUTARIO;4231,95;;4231,95;755,15;3476,80;
GELCINEI DE SOUZA ARAUJO;NOVA OLINDA DO NORTE;COORDENADOR LOCAL II;COORD LOCAL II AD3; CARGO COMISSION.S/VINCULO;3191,80;;3191,80;372,18;2819,62;
GIOVANI BATISTA DO CARMO;DEPTO.DEFESA AGROP.E FLORESTAL;A.TEC-III;; ESTATUTARIO;3627,39;;3627,39;556,34;3071,05;
GIRLEI RODRIGUES DO NASCIMENTO;PRESIDENTE FIGUEIREDO;MOT-III;; ESTATUTARIO;2863,84;;2863,84;378,11;2485,73;
GIRLEY JORGE BEZERRA;LABREA;F.AGRO.MED.V-III;; ESTATUTARIO;7853,26;;7853,26;2006,20;5847,06;
GISELE TORRES CLIMACO DE ARAUJO;DEPTO.DEFESA AGROP.E FLORESTAL;F.AGRO.MED.V-III;; ESTATUTARIO;7053,26;;7053,26;1681,92;5371,34;
GRAZIELE DOMINGUES;ASSESSORIA;ASSESSOR I;NAO INFORMADO; CARGO COMISSION.S/VINCULO;5229,77;;5229,77;981,03;4248,74;
HANDERSON ERIVELTO C BUCARTH;APUI;T.F.AGRO-III;; ESTATUTARIO;4731,95;;4731,95;887,72;3844,23;
HANSLEY MENDERSON DE OLIVEIRA MELO;CODAJAS;A.TEC-III;; ESTATUTARIO;4127,39;;4127,39;695,96;3431,43;
HARUO TAKATANI;DEPTO.DEFESA AGROP.E FLORESTAL;F.AGRO.MED.V-III;; ESTATUTARIO;7557,06;;7557,06;1975,87;5581,19;
HAYLA KALINE RODRIGUES LIMA;CAREIRO DA VARZEA;F.AGRO.MED.V-III;FISCAL AGROP-III CL; ESTATUTARIO;8357,06;;8357,06;2195,87;6161,19;
HEITOR TEIXEIRA MACHADO;PARINTINS;T.F.AGRO-III;TEC.EM AGROPECUARIA; ESTATUTARIO;4731,95;;4731,95;887,72;3844,23;
HERCULES FERREIRA DA SILVA;LABREA - EXTREMA;T.F.AGRO-III;; ESTATUTARIO;4731,95;;4731,95;887,72;3844,23;
HEUDER FABIO MENDES DA COSTA;BARREIRINHA;F.AGRO.MED.V-III;; ESTATUTARIO;7853,26;;7853,26;1954,06;5899,20;
HUERLEN MARLLON FERNANDES DIAS;LABREA - VISTA ALEGRE;T.F.AGRO-III;; ESTATUTARIO;4731,95;;4731,95;887,72;3844,23;
IDEUS COSTA NUNES JUNIOR;MANICORE;T.F.AGRO-III;; ESTATUTARIO;4731,95;;4731,95;887,72;3844,23;
IRINELSON CONCEICAO DE MATOS;MANICORE;T.F.AGRO-III;; ESTATUTARIO;4731,95;;4731,95;887,72;3844,23;
ISABELLE MESQUITA FIALHO BUARQUE;DEPTO.ADM.FIN.COM.E FOMENTO;GERENTE;NAO INFORMADO; CARGO COMISSION.S/VINCULO;4209,79;;4209,79;640,87;3568,92;
ISRAEL BRITO PORTO;APUI;MOT-III;; ESTATUTARIO;2863,84;;2863,84;378,11;2485,73;
ITALO CORREA DE LIMA;PRESIDENTE FIGUEIREDO;T.F.AGRO-III;TEC.AGROPECUARIA; ESTATUTARIO;4731,95;;4731,95;887,72;3844,23;
IZAQUE OLIVEIRA DA SILVA;NOVO ARIPUANA;AUX.F.AGRO-III;AUX. AGROPECUARIO; ESTATUTARIO;2966,62;;2966,62;360,62;2606,00;
JADSON RODRIGO LUNAS DE SOUZA;BOCA DO ACRE;T.F.AGRO-III;; ESTATUTARIO;4731,95;;4731,95;887,72;3844,23;
JAILSON ALVES DE ARAUJO;HUMAITA;T.F.AGRO-III;TEC.EM AGROPECUARIA; ESTATUTARIO;4731,95;;4731,95;802,41;3929,54;
JAIRO ALVES SOBRINHO;BOCA DO ACRE;T.F.AGRO-III;; ESTATUTARIO;4731,95;;4731,95;802,41;3929,54;
JAMMERSON ALVES DE OLIVEIRA;TEFE;M.FLU-III;; ESTATUTARIO;2863,84;;2863,84;378,11;2485,73;
JEAN CARLOS SILVEIRA DA SILVA;JAPURA;T.F.AGRO-III;; ESTATUTARIO;4731,95;;4731,95;887,72;3844,23;
JEFFISON DO NASCIMENTO P FERREIRA;DEPTO.DEFESA AGROP.E FLORESTAL;F.AGRO.MED.V-III;; ESTATUTARIO;7053,26;;7053,26;1734,06;5319,20;
JEICIMARA FERREIRA DOS SANTOS;AUTAZES;T.F.AGRO-III;TEC.EM AGROPECUARIA; ESTATUTARIO;4731,95;;4731,95;802,41;3929,54;
JESSICA LOPES DO LIVRAMENTO;DEPTO.DEFESA AGROP.E FLORESTAL;AUX.F.AGRO-III;AUX. AGROPECUARIO; ESTATUTARIO;2466,62;;2466,62;345,33;2121,29;
JOAO BATISTA DIAS DAMACENO;HUMAITA;F.A.ENG.AGRO-III;; ESTATUTARIO;7853,26;;7853,26;2006,20;5847,06;
JOAO LEONARDO BENTES PEREIRA;DEPTO.ADM.FIN.COM.E FOMENTO;ASSESSOR II;NAO INFORMADO; CARGO COMISSION.S/VINCULO;4209,79;;4209,79;640,87;3568,92;
JOAO VICENTE OLIVEIRA DE AZEVEDO;IRANDUBA;MEDICO VETERINARIO;; ESTATUTARIO;8867,26;;8867,26;2387,97;6479,29;
JOCILEIA FREITAS E SILVA;IRANDUBA;AUX.F.AGRO-III;; ESTATUTARIO;2966,62;;2966,62;399,13;2567,49;
JOEL PAULA FREITAS;DEPTO.ADM.FIN.COM.E FOMENTO;MOT-III;; ESTATUTARIO;2363,84;;2363,84;330,94;2032,90;
JOELMA SERRAO DA SILVA;DEPTO.DEFESA AGROP.E FLORESTAL;F.AGRO.MED.V-III;; ESTATUTARIO;9404,35;;9404,35;2432,74;6971,61;
JONILSON ROLIM MACEDO;DEPTO.DEFESA AGROP.E FLORESTAL;T.F.AGRO-III;TEC.EM AGROPECUARIA; ESTATUTARIO;4231,95;;4231,95;698,28;3533,67;
JORDEL OLIVEIRA DE LIMA;BOCA DO ACRE;T.F.AGRO-III;; ESTATUTARIO;4731,95;;4731,95;887,72;3844,23;
JORGEMAR PRADO MARQUES;JUTAI;T.F.AGRO-III;; ESTATUTARIO;4731,95;;4731,95;887,72;3844,23;
JOSE MIRANDA AZEVEDO;NHAMUNDA;T.F.AGRO-III;; ESTATUTARIO;4731,95;;4731,95;887,72;3844,23;
JOSE MOREIRA DE ANDRADE NETO;BOCA DO ACRE;A.TEC-III;; ESTATUTARIO;4127,39;;4127,39;695,96;3431,43;
JOSE RAIMUNDO DE SOUZA PINTO;PARINTINS;T.F.AGRO-III;TEC.EM AGROP.; ESTATUTARIO;4731,95;;4731,95;887,72;3844,23;
JOSE RIBEIRO FIRMINO NETO;HUMAITA;AUX.F.AGRO-III;; ESTATUTARIO;2966,62;;2966,62;399,13;2567,49;
JOSE ROGERIO VASCONCELLOS DE ARAUJO;ITACOATIARA;MEDICO VETERINARIO;; ESTATUTARIO;8867,26;;8867,26;1886,80;6980,46;
JOSE SARAIVA DA COSTA;NOVA OLINDA DO NORTE;T.F.AGRO-III;; ESTATUTARIO;4731,95;;4731,95;887,72;3844,23;
JOSE VILACA DE OLIVEIRA;AUTAZES;T.F.AGRO-III;; ESTATUTARIO;4731,95;;4731,95;887,72;3844,23;
JOSIELTON PINHEIRO CHAVES;PARINTINS;T.F.AGRO-III;; ESTATUTARIO;4731,95;;4731,95;887,72;3844,23;
JOSUE ROBERTO MONTEIRO DA SILVA;PRESIDENTE FIGUEIREDO;COORDENADOR LOCAL I;; CARGO COMISSION.S/VINCULO;4209,79;;4209,79;640,87;3568,92;
JOUBERT LIMA DOS SANTOS;ASSESSORIA;TNS-III;; ESTATUTARIO;6045,63;;6045,63;1406,82;4638,81;
JUAN CLEBSON FERREIRA CORDEIRO;CAREIRO DA VARZEA;T.F.AGRO-III;; ESTATUTARIO;4731,95;;4731,95;845,07;3886,88;
JUCIMAR FERREIRA SILVA;HUMAITA;T.F.AGRO-III;; ESTATUTARIO;6309,27;;6309,27;1138,82;5170,45;
JULCILEIA ARRUDA DE FARIA;DEPTO.DEFESA AGROP.E FLORESTAL;F.AGRO.MED.V-III;FISCAL AGROP-III CL; ESTATUTARIO;7557,06;;7557,06;1923,74;5633,32;
JULIANA LIRA GAMA PIRES ALVES;TEFE;F.AGRO.MED.V-III;; ESTATUTARIO;7853,26;;7853,26;2006,20;5847,06;
JULIANA PEREIRA MENDES;HUMAITA;ENG.AGRO-III;; ESTATUTARIO;7853,26;;7853,26;2006,20;5847,06;
JULIO AUGUSTO MORAES MARTINS;MANACAPURU;T.F.AGRO-III;TEC.AGROPECUARIA; ESTATUTARIO;4731,95;;4731,95;845,07;3886,88;
JUMAR ARAUJO QUEIROZ ALENCAR;ITACOATIARA;AUX.F.AGRO-III;; ESTATUTARIO;2966,62;;2966,62;399,13;2567,49;
KAMILA HOLANDA DA SILVA SALES;DEPTO.ADM.FIN.COM.E FOMENTO;COORDENADOR LOCAL II;NAO INFORMADO; CARGO COMISSION.S/VINCULO;5638,84;;5638,84;1134,89;4503,95;
KAMILA REGINA ALVES DE S PEDROSA;DEPTO.DEFESA AGROP.E FLORESTAL;AUX.F.AGRO-III;AUX. AGROPECUARIO; ESTATUTARIO;2466,62;;2466,62;361,63;2104,99;
KARINE SANTOS DA CRUZ;BOCA DO ACRE;F.A.ENG.AGRO-III;; ESTATUTARIO;7853,26;;7853,26;2006,20;5847,06;
KARLA PAZ GARCIA;TEFE;AG.F.AGRO-III;AGENTE AGROPECUARIO; ESTATUTARIO;4731,95;;4731,95;887,72;3844,23;
KEDMA ROCHA DE MELO;BOCA DO ACRE;T.F.AGRO-III;TEC.AGROPECUARIA; ESTATUTARIO;4731,95;;4731,95;887,72;3844,23;
LAERCIO BANDEIRA DOS SANTOS;TEFE;T.F.AGRO-III;; ESTATUTARIO;4731,95;;4731,95;845,07;3886,88;
LAERCIO DOS REIS JUNIOR;DEPTO.DEFESA AGROP.E FLORESTAL;F.AGRO.MED.V-III;; ESTATUTARIO;7053,26;;7053,26;1629,78;5423,48;
LARISSA DE CARVALHO ARAUJO;TEFE;F.AGRO.MED.V-III;; ESTATUTARIO;7853,26;;7853,26;2006,20;5847,06;
LARISSA DE SA CARVALHO;TABATINGA;F.AGRO.MED.V-III;; ESTATUTARIO;7853,26;;7853,26;2006,20;5847,06;
LEANDRO MARTINS DA SILVA;DEPTO.DEFESA AGROP.E FLORESTAL;T.F.AGRO-III;; ESTATUTARIO;4231,95;;4231,95;783,59;3448,36;
LEONARDO DE BARROS PESSOA;BOCA DO ACRE;F.AGRO.MED.V-III;; ESTATUTARIO;7853,26;;7853,26;2006,20;5847,06;
LEONARDO NOGUEIRA ASSIS;COARI;F.AGRO.MED.V-III;; ESTATUTARIO;7853,26;;7853,26;1901,92;5951,34;
LILIAN TOFFANETTO;DEPTO.DEFESA AGROP.E FLORESTAL;F.AGRO.MED.V-III;; ESTATUTARIO;7053,26;;7053,26;1786,20;5267,06;
LILIANE GUIMARAES SILVA;DEPTO.ADM.FIN.COM.E FOMENTO;COORDENADOR LOCAL II;; CARGO COMISSION.S/VINCULO;3191,80;;3191,80;372,18;2819,62;
LOIANE PICANCO ALVES BASTOS;DEPTO.DEFESA AGROP.E FLORESTAL;A.TEC-III;; ESTATUTARIO;3627,39;;3627,39;620,96;3006,43;
LORRAINE ROSITA P B NASCIMENTO;BORBA;T.F.AGRO-III;; ESTATUTARIO;4731,95;;4731,95;887,72;3844,23;
LUCAS BARROSO JANUARIO;CODAJAS;T.F.AGRO-III;; ESTATUTARIO;4731,95;;4731,95;887,72;3844,23;
LUCAS LOPES DE SA;DEPTO.ADM.FIN.COM.E FOMENTO;A.TEC-III;; ESTATUTARIO;3627,39;;3627,39;620,96;3006,43;
LUCAS SILVA TEIXEIRA;APUI;F.A.ENG.AGRO-III;; ESTATUTARIO;7853,26;;7853,26;2006,20;5847,06;
LUCAS XAVIER SANT'ANNA;LABREA - VISTA ALEGRE;F.AGRO.MED.V-III;; ESTATUTARIO;7853,26;;7853,26;2006,20;5847,06;
LUCIANA FERREIRA DA SILVA;DEPTO.DEFESA AGROP.E FLORESTAL;T.F.AGRO-III;TEC.EM AGROPECUARIA; ESTATUTARIO;4231,95;;4231,95;783,59;3448,36;
LUIZ ALVES DE ARRUDA NETO;RIO PRETO DA EVA;T.F.AGRO-III;TEC.EM AGROPECUARIA; ESTATUTARIO;4731,95;;4731,95;845,07;3886,88;
LUIZ ANTONIO DA SILVA;DEPTO.DEFESA AGROP.E FLORESTAL;ENGENHEIRO AGRONOMO;CHEFE DE DEPARTAM; ESTATUTARIO;11294,00;;11294,00;3386,70;7907,30;
LUIZ CARLOS ALBUQUERQUE FERREIRA;MANICORE;T.F.AGRO-III;; ESTATUTARIO;4731,95;;4731,95;802,41;3929,54;
LUIZ FERNANDO DA SILVA;DEPTO.DEFESA AGROP.E FLORESTAL;ENGENHEIRO AGRONOMO;COORDENADOR LOCAL II; ESTATUTARIO;11454,82;;11454,82;3482,06;7972,76;
LUIZ HENRIQUE OLIVEIRA ORTIZ;AUTAZES;A.TEC-III;; ESTATUTARIO;4127,39;;4127,39;695,96;3431,43;
LUIZ MAGALHAES DE FREITAS;CAREIRO DA VARZEA;AG.F.AGRO-III;AG.AGROPECUARIO; ESTATUTARIO;4731,95;;4731,95;802,41;3929,54;
MAELSON RODRIGUES LOPES;MANICORE;T.F.AGRO-III;; ESTATUTARIO;4731,95;;4731,95;887,72;3844,23;
MAGDA ADEGAS DA SILVA;NOVO ARIPUANA;T.F.AGRO-III;; ESTATUTARIO;4731,95;;4731,95;887,72;3844,23;
MAILTON DA SILVA GUALBERTO;RIO PRETO DA EVA;AUX.F.AGRO-III;AUX. AGROPECUARIO; ESTATUTARIO;2966,62;;2966,62;399,13;2567,49;
MANOEL MOURAO NETO;DEPTO.ADM.FIN.COM.E FOMENTO;ASSESSOR I;NAO INFORMADO; CARGO COMISSION.S/VINCULO;5229,77;;5229,77;981,03;4248,74;
MARCAM ZIK UCHOA;GABINETE;CHEFE DE GABINETE;NAO INFORMADO; CARGO COMISSION.S/VINCULO;5229,77;;5229,77;981,03;4248,74;
MARCELO DANTAS XIMENES;HUMAITA;AUX.F.AGRO-III;; ESTATUTARIO;2966,62;;2966,62;399,13;2567,49;
MARCELO SCHULTZ DA SILVA;INTERIOR;M.FLU-III;; ESTATUTARIO;2863,84;;2863,84;378,11;2485,73;
MARCELO VIEIRA ZEFERINO;BOA VISTA DO RAMOS;T.F.AGRO-III;TEC.EM AGRONOMIA; ESTATUTARIO;4731,95;;4731,95;887,72;3844,23;
MARCIA REGINA CANCIO SANTIAGO;DEPTO.DEFESA AGROP.E FLORESTAL;AUX.F.AGRO-III;; ESTATUTARIO;2466,62;;2466,62;345,33;2121,29;
MARCIO ANDERSON FERREIRA BARROS;ITACOATIARA;M.FLU-III;; ESTATUTARIO;2863,84;;2863,84;378,11;2485,73;
MARCIO MERENCIO PANZA DE SIQUEIRA;SANTO ANTONIO DO MATUPI;F.AGRO.MED.V-III;; ESTATUTARIO;7853,26;;7853,26;2006,20;5847,06;
MARCOS ORELIO FROTA NOGUEIRA;MANICORE;AUX.F.AGRO-III;; ESTATUTARIO;2966,62;;2966,62;384,91;2581,71;
MARIA AUXILIADORA DUARTE DAS CHAGAS;DEPTO.DEFESA AGROP.E FLORESTAL;COORDENADOR LOCAL II;; CARGO COMISSION.S/VINCULO;3191,80;;3191,80;372,18;2819,62;
MARIA DA SILVA MELO;APUI;T.F.AGRO-III;; ESTATUTARIO;4731,95;;4731,95;887,72;3844,23;
MARIA IVANE BRITO DE SOUZA;PRESIDENTE FIGUEIREDO;T.F.AGRO-III;; ESTATUTARIO;4731,95;;4731,95;887,72;3844,23;
MARIA LUIZA GRIGIO;PRESIDENTE FIGUEIREDO;F.A.ENG.AGRO-III;; ESTATUTARIO;7853,26;;7853,26;2006,20;5847,06;
MARIO JONES REIS DE CASTRO;DEPTO.ADM.FIN.COM.E FOMENTO;A.TEC-III;; ESTATUTARIO;3627,39;;3627,39;620,96;3006,43;
MATEUS SOARES BARROSO;MANACAPURU;T.F.AGRO-III;; ESTATUTARIO;4731,95;;4731,95;845,07;3886,88;
MAURICIO JOSE GUIMARAES PEREIRA;NOVO ARIPUANA;T.F.AGRO-III;; ESTATUTARIO;4231,95;;4231,95;783,59;3448,36;
MELQUISEDEQUE MACHADO DA CRUZ;HUMAITA;AUX.F.AGRO-III;AUX.AGROPECUARIO; ESTATUTARIO;2966,62;;2966,62;370,69;2595,93;
MICAEL CASTRO DE SOUZA;DEPTO.ADM.FIN.COM.E FOMENTO;MOT-III;; ESTATUTARIO;2363,84;;2363,84;330,94;2032,90;
MICHAEL MACEDO BESSA;ASSESSORIA;ASSESSOR I;NAO INFORMADO; CARGO COMISSION.S/VINCULO;5229,77;;5229,77;981,03;4248,74;
MICHAELL DA SILVA SANTOS;DEPTO.DEFESA AGROP.E FLORESTAL;F.A.ENG.AGRO-III;FISCAL AGROP-III CL; ESTATUTARIO;7557,06;;7557,06;1819,46;5737,60;
MICHELE MODESTO MEIRELES;DEPTO.DEFESA AGROP.E FLORESTAL;F.AGRO.MED.V-III;FISC.AGROP.III CL; ESTATUTARIO;7053,26;;7053,26;1786,20;5267,06;
MICHELLA OLIVEIRA MATIAS DOS SANTOS;DEPTO.ADM.FIN.COM.E FOMENTO;COORDENADOR LOCAL II;NAO INFORMADO; CARGO COMISSION.S/VINCULO;3191,80;;3191,80;372,18;2819,62;
MYLENA DAMASCENO VASCONCELOS;DEPTO.DEFESA AGROP.E FLORESTAL;COORDENADOR LOCAL I;NAO INFORMADO; CARGO COMISSION.S/VINCULO;4209,79;;4209,79;640,87;3568,92;
NADIA NARA DOS SANTOS VALENTE;DEPTO.DEFESA AGROP.E FLORESTAL;F.AGRO.MED.V-III;; ESTATUTARIO;7053,26;;7053,26;1786,20;5267,06;
NATHALIA DO NASCIMENTO LOPES SOARES;HUMAITA;T.F.AGRO-III;; ESTATUTARIO;4731,95;;4731,95;845,07;3886,88;
NICODEMOS PEIXOTO DE QUEIROZ;AUTAZES;M.FLU-III;; ESTATUTARIO;2863,84;;2863,84;378,11;2485,73;
NILDA MARIA FIGUEIREDO DA FROTA;ASSESSORIA;COORDENADOR LOCAL II;NAO INFORMADO; CARGO COMISSION.S/VINCULO;3191,80;;3191,80;372,18;2819,62;
ORLENCLEISON MARQUES TEMO;HUMAITA;AUX.F.AGRO-III;; ESTATUTARIO;2966,62;;2966,62;370,69;2595,93;
OSEIAS RICARDO MARTINS DE MOURA;GUAJARA;F.AGRO.MED.V-III;; ESTATUTARIO;7853,26;;7853,26;2006,20;5847,06;
OSVALDO PEREIRA DA SILVA NETO;RIO PRETO DA EVA;F.A.ENG.AGRO-III;; ESTATUTARIO;7853,26;;7853,26;2006,20;5847,06;
PABLO DIAS VIEIRA;DEPTO.ADM.FIN.COM.E FOMENTO;TNS-III;; ESTATUTARIO;8060,84;;8060,84;1961,00;6099,84;
PAMELA NUNES CABRAL;HUMAITA;T.F.AGRO-III;; ESTATUTARIO;4731,95;;4731,95;887,72;3844,23;
PATRICIA MERLINI DE ALMEIDA;HUMAITA;F.AGRO.MED.V-III;FISCAL AGROP.; ESTATUTARIO;8357,06;;8357,06;2091,60;6265,46;
PAULA DE CARVALHO MACHADO ARAUJO;DEPTO.DEFESA AGROP.E FLORESTAL;MED.V-III;; ESTATUTARIO;7053,26;;7053,26;1786,20;5267,06;
PAULO PEDRO TORRES BARROS FILHO;PRESIDENTE FIGUEIREDO;T.F.AGRO-III;; ESTATUTARIO;4731,95;;4731,95;887,72;3844,23;
PAULO ROBERTO BENTES LOPES JUNIOR;LABREA NOVA CALIFORNIA;T.F.AGRO-III;; ESTATUTARIO;4731,95;;4731,95;887,72;3844,23;
PAULO VICTOR ZAU DE OLIVEIRA;DEPTO.DEFESA AGROP.E FLORESTAL;T.F.AGRO-III;TEC.AGROPECUARIA; ESTATUTARIO;4231,95;;4231,95;783,59;3448,36;
PEDRO HENRIQUE SERRAO SOBREIRA;MANACAPURU;A.TEC-III;; ESTATUTARIO;4127,39;;4127,39;695,96;3431,43;
PIETER JAN PINHEIRO ZUIDGEEST;DEPTO.ADM.FIN.COM.E FOMENTO;ASSESSOR II;NAO INFORMADO; CARGO COMISSION.S/VINCULO;4209,79;;4209,79;640,87;3568,92;
PRISCILLA AGUIAR MOLLER;DEPTO.DEFESA AGROP.E FLORESTAL;F.A.ENG.AGRO-III;; ESTATUTARIO;7053,26;;7053,26;1786,20;5267,06;
RAFAEL RODRIGUES DE SOUSA;DEPTO.ADM.FIN.COM.E FOMENTO;COORDENADOR LOCAL II;NAO INFORMADO; CARGO COMISSION.S/VINCULO;3191,80;;3191,80;372,18;2819,62;
RAIMUNDO FERREIRA DA SILVA FILHO;ANAMA;T.F.AGRO-III;; ESTATUTARIO;4731,95;;4731,95;887,72;3844,23;
RAIMUNDO FRANCISCO DA S CORDEIRO;CANUTAMA;COORDENADOR LOCAL II;NAO INFORMADO; CARGO COMISSION.S/VINCULO;3191,80;;3191,80;372,18;2819,62;
RAIMUNDO NONATO DE SOUSA ROSAS;MANICORE;AUX.F.AGRO-III;; ESTATUTARIO;2966,62;;2966,62;399,13;2567,49;
RAIMUNDO ROBERTO DE MELO CARDOSO;BOCA DO ACRE;TECNICO EM AGROPECUARIA;; ESTATUTARIO;4766,93;;4766,93;899,39;3867,54;
RAIURY SANTOS DA SILVA;INTERIOR;ENG.AGRO-III;; ESTATUTARIO;7853,26;;7853,26;2006,20;5847,06;
RAMERSON VASCONCELOS FERREIRA;DEPTO.DEFESA AGROP.E FLORESTAL;T.F.AGRO-III;; ESTATUTARIO;5642,60;;5642,60;1007,62;4634,98;
RAYCKSON BENEZAR CARVALHO;SAO SEBASTIAO DO UATUMA;T.F.AGRO-III;; ESTATUTARIO;4731,95;;4731,95;887,72;3844,23;
RAYLEN JORGE SOARES DE SOUZA;IRANDUBA;T.F.AGRO-III;; ESTATUTARIO;4731,95;;4731,95;658,57;4073,38;
REGINALDO CARIS DOS SANTOS;BOCA DO ACRE;T.F.AGRO-III;; ESTATUTARIO;4731,95;;4731,95;802,41;3929,54;
RENAN ROCHA DE ALMEIDA;INTERIOR;A.TEC-III;; ESTATUTARIO;4127,39;;4127,39;695,96;3431,43;
RENATO OLIVEIRA SANTOS;ITAPIRANGA;T.F.AGRO-III;; ESTATUTARIO;4731,95;;4731,95;887,72;3844,23;
RHUAN SEBASTIAN ARAUJO LEAL;DEPTO.ADM.FIN.COM.E FOMENTO;COORDENADOR LOCAL II;NAO INFORMADO; CARGO COMISSION.S/VINCULO;3191,80;;3191,80;372,18;2819,62;
RICARDO AUGUSTO GONCALVES BORGES;HUMAITA;F.AGRO.MED.V-III;FIS.AGROP.III CL; ESTATUTARIO;8322,61;;8322,61;2130,77;6191,84;
ROBERIO DANTAS MAGALHAES;MAUES;T.F.AGRO-III;TEC.EM AGROPECUARIA; ESTATUTARIO;4731,95;;4731,95;773,28;3958,67;
RODRIGO ALVES ORTIZ ABREU;APUI;T.F.AGRO-III;; ESTATUTARIO;4731,95;;4731,95;887,72;3844,23;
RODRIGO JOSE MENDONCA DA FONSECA;ANAMA;T.F.AGRO-III;; ESTATUTARIO;4731,95;;4731,95;887,72;3844,23;
RODRIGO MARQUES DIAS;DEPTO.DEFESA AGROP.E FLORESTAL;COORDENADOR LOCAL I;; CARGO COMISSION.S/VINCULO;10056,68;;10056,68;3227,49;6829,19;
ROMULO DIEGO DO AMARANTE LIMA;AUTAZES - NOVO CEU;T.F.AGRO-III;; ESTATUTARIO;4731,95;;4731,95;887,72;3844,23;
RONALDO APARECIDO WESTFAL AUGUSTO;NOVO ARIPUANA;T.F.AGRO-III;; ESTATUTARIO;4731,95;;4731,95;887,72;3844,23;
RONIMAR DA SILVA PEIXOTO;GUAJARA;T.F.AGRO-III;; ESTATUTARIO;4731,95;;4731,95;887,72;3844,23;
RUBEN COELHO DOS SANTOS;DEPTO.DEFESA AGROP.E FLORESTAL;AUX.F.AGRO-III;; ESTATUTARIO;2466,62;;2466,62;361,63;2104,99;
RUTHE RIBEIRO DE OLIVEIRA;DEPTO.DEFESA AGROP.E FLORESTAL;COORDENADOR LOCAL II;; CARGO COMISSION.S/VINCULO;3191,80;;3191,80;372,18;2819,62;
SAMUEL BARBOSA DA COSTA;ENVIRA;T.F.AGRO-III;; ESTATUTARIO;4731,95;;4731,95;887,72;3844,23;
SANDOVAL SALERNO PINHEIRO;DEPTO.DEFESA AGROP.E FLORESTAL;F.A.ENG.AGRO-III;; ESTATUTARIO;7053,26;;7053,26;1734,06;5319,20;
SAULO RANON DE SOUZA COELHO;DEPTO.DEFESA AGROP.E FLORESTAL;F.A.ENG.FLOR-III;; ESTATUTARIO;7053,26;;7053,26;1786,20;5267,06;
SEBASTIAO ALUIZIO JESUS DA SILVA;HUMAITA;T.F.AGRO-III;; ESTATUTARIO;4731,95;;4731,95;773,28;3958,67;
SERGIO ROBERTO ROLIM DA SILVA;ITACOATIARA;T.F.AGRO-III;TECNICO EM AGRONOMIA; ESTATUTARIO;4731,95;;4731,95;887,72;3844,23;
SEVERINO DE AZEVEDO NEVES FILHO;DEPTO.DEFESA AGROP.E FLORESTAL;MEDICO VETERINARIO;; ESTATUTARIO;8641,17;;8641,17;2201,70;6439,47;
SHAMILA EVELLEM MAGALHAES DA SILVA;DEPTO.DEFESA AGROP.E FLORESTAL;AG.F.AGRO-III;AG. AGROPECUARIO; ESTATUTARIO;4231,95;;4231,95;783,59;3448,36;
SILAS ALVES DE OLIVEIRA;SANTO ANTONIO DO MATUPI;T.F.AGRO-III;; ESTATUTARIO;6309,27;;6309,27;1295,23;5014,04;
SILNARA CRISTINY ANDRADE SOUSA;DEPTO.ADM.FIN.COM.E FOMENTO;A.TEC-III;; ESTATUTARIO;4836,52;;4836,52;845,66;3990,86;
SILVANO FREITAS SANTOS;URUCURITUBA;A.TEC-III;; ESTATUTARIO;4127,39;;4127,39;695,96;3431,43;
SILVIA TAVARES MAIA;NOVO ARIPUANA;T.F.AGRO-III;; ESTATUTARIO;4731,95;;4731,95;802,41;3929,54;
SILVIO DE ALMEIDA MORAES;MANICORE;T.F.AGRO-III;; ESTATUTARIO;4731,95;;4731,95;802,41;3929,54;
SIMONE PEREIRA DOS SANTOS;DEPTO.DEFESA AGROP.E FLORESTAL;MED.V-III;; ESTATUTARIO;9404,35;;9404,35;2432,74;6971,61;
SIVANDRO CAMPOS DE FREITAS;DEPTO.DEFESA AGROP.E FLORESTAL;TECNICO EM AGROPECUARIA;GERENTE; ESTATUTARIO;5763,13;;5763,13;989,54;4773,59;
STEFANO SAMUEL BERNARDO COSTA;MANICORE;T.F.AGRO-III;; ESTATUTARIO;4731,95;;4731,95;845,07;3886,88;
TAMARA REGINA DE SOUZA BAIA;CAREIRO DA VARZEA;AG.F.AGRO-III;; ESTATUTARIO;4731,95;;4731,95;887,72;3844,23;
TAMIRES JORDANA SALES DA SILVA LEAL;DEPTO.DEFESA AGROP.E FLORESTAL;T.F.AGRO-III;; ESTATUTARIO;4231,95;;4231,95;783,59;3448,36;
TASSIO LUAN MACIEL BARBOSA;TEFE;T.F.AGRO-III;; ESTATUTARIO;4731,95;;4731,95;887,72;3844,23;
THAIS DA SILVA OLIVEIRA;DEPTO.DEFESA AGROP.E FLORESTAL;A.TEC-III;; ESTATUTARIO;3627,39;;3627,39;620,96;3006,43;
THIAGO DE LAY FREITAS;SANTO ANTONIO DO MATUPI;T.F.AGRO-III;; ESTATUTARIO;4731,95;;4731,95;887,72;3844,23;
THIAGO FARIAS GOES DE SOUZA;BOA VISTA DO RAMOS;COORDENADOR LOCAL II;; CARGO COMISSION.S/VINCULO;3191,80;;3191,80;372,18;2819,62;
THIAGO SALLES DA SILVEIRA;DEPTO.ADM.FIN.COM.E FOMENTO;TNS-III;; ESTATUTARIO;6045,63;;6045,63;1406,82;4638,81;
THIAGO SANCHES AGUIAR;BOCA DO ACRE;MED.V-III;MEDICO VETERINARIO; ESTATUTARIO;7853,26;;7853,26;1954,06;5899,20;
TIAGO RAPOSO FERREIRA;CARAUARI;T.F.AGRO-III;; ESTATUTARIO;4731,95;;4731,95;802,41;3929,54;
VALCINEIA LIMA SANTOS;MAUES;PROFESSOR PF20.ESP-III;COORDENADOR LOCAL II; ESTATUTARIO;5712,76;;5712,76;977,00;4735,76;
VALDERLI MESQUITA GOMES;BENJAMIN CONSTANT;T.F.AGRO-III;TEC.EM AGROPECUARIA; ESTATUTARIO;4731,95;;4731,95;845,07;3886,88;
VALDINEIA PRADO BATISTA;RIO PRETO DA EVA;T.F.AGRO-III;TEC.EM AGROPECUARIA; ESTATUTARIO;4731,95;;4731,95;887,72;3844,23;
VALERIA CRISTINA DE PAULA FERREIRA;PARINTINS;F.A.ENG.AGRO-III;; ESTATUTARIO;7853,26;;7853,26;2006,20;5847,06;
VANDERSON RIBEIRO FERREIRA;AUTAZES;T.F.AGRO-III;; ESTATUTARIO;4731,95;;4731,95;731,31;4000,64;
VICTOR HUGO DE SOUZA CORREA;APUI;T.F.AGRO-III;; ESTATUTARIO;4731,95;;4731,95;887,72;3844,23;
VILSON DE SOUZA ROCHA;DEPTO.DEFESA AGROP.E FLORESTAL;F.A.ENG.FLOR-III;; ESTATUTARIO;9404,35;;9404,35;2432,74;6971,61;
VITOR VICENTE KLEIN;CANUTAMA;T.F.AGRO-III;; ESTATUTARIO;6309,27;;6309,27;1295,23;5014,04;
VIVIAN SARAIVA BARROSO;GABINETE;GERENTE;NAO INFORMADO; CARGO COMISSION.S/VINCULO;4209,79;;4209,79;640,87;3568,92;
WAGNER CAMPAGNARO VERNECK;BOCA DO ACRE;F.AGRO.MED.V-III;FISC.AGROP.; ESTATUTARIO;7853,26;;7853,26;1901,92;5951,34;
WALACE CIRNE LOPES;MANAQUIRI;T.F.AGRO-III;TEC.EM AGROPECUARIA; ESTATUTARIO;4731,95;;4731,95;773,28;3958,67;
WANDERSON MAURICIO AGUIAR DA SILVA;NOVO ARIPUANA;T.F.AGRO-III;; ESTATUTARIO;4731,95;;4731,95;887,72;3844,23;
WARLEN ARIEL CORNELIO FERMIN;NOVO ARIPUANA;T.F.AGRO-III;; ESTATUTARIO;4731,95;;4731,95;887,72;3844,23;
WILES SANTOS SILVA;MANACAPURU;F.AGRO.MED.V-III;; ESTATUTARIO;7853,26;;7853,26;2006,20;5847,06;
WILLIAM DIAS FEITOSA;PRESIDENTE FIGUEIREDO;T.F.AGRO-III;TEC. EM AGROPECUARIA; ESTATUTARIO;4731,95;;4731,95;887,72;3844,23;
WILLIAN BRESSAN PINTO;DEPTO.DEFESA AGROP.E FLORESTAL;F.AGRO.MED.V-III;; ESTATUTARIO;7053,26;;7053,26;1786,20;5267,06;
WILLIAN MARINHO PEDRO;BOCA DO ACRE;T.F.AGRO-III;; ESTATUTARIO;4731,95;;4731,95;802,41;3929,54;
WIUGUINER EMILIO COSTA FELIX;CANUTAMA;T.F.AGRO-III;; ESTATUTARIO;4731,95;;4731,95;887,72;3844,23;
YARA CINTIA VIEIRA E SILVA;NHAMUNDA;F.AGRO.MED.V-III;; ESTATUTARIO;7853,26;;7853,26;2006,20;5847,06;
ZALA ARYSSA TREVISAN MACIEL;LABREA;COORDENADOR LOCAL II;; CARGO COMISSION.S/VINCULO;3191,80;;3191,80;372,18;2819,62;
ZENILDO DOS SANTOS OLIVEIRA FILHO;DEPTO.DEFESA AGROP.E FLORESTAL;AUX.F.AGRO-III;AUX. AGROPECUARIO; ESTATUTARIO;2466,62;;2466,62;361,63;2104,99;
