NOME;LOTACAO;CARGO;FUNCAO;VINCULO;REMUNERACAO LEGAL TOTAL(R$);DESC.TETO(R$); REMUNERACAO LEGAL DEVIDA(R$);DESCONTOS LEGAIS(R$);LIQUIDO DISPONIVEL(R$);
ABIANCY ROCHA REGO DE OLIVEIRA;CASA CIVIL;A.TEC-I;FG-1 ASSESSORIA; ESTATUTARIO;9605,22;;9605,22;2413,59;7191,63;
ADALBERTO DA CONCEICAO RODRIGUES;CASA CIVIL;ASSESSOR I;NAO INFORMADO; CARGO COMISSION.S/VINCULO;5229,77;;5229,77;981,03;4248,74;
ADALBERTO FONSECA DE SOUZA;CASA CIVIL;PROFESSOR PF20.ESP-III;ASSESSOR I; ESTATUTARIO;8115,58;;8115,58;1678,66;6436,92;
ADAUCEA VIANA DOS SANTOS;CASA CIVIL;A.TEC-I;FG-3; ESTATUTARIO;5693,10;;5693,10;1092,72;4600,38;
ADEMILDE DA SILVA FERNANDES;CASA CIVIL;AUX.S.G-I;FG-3 DE ASSESSORIA; ESTATUTARIO;5193,55;;5193,55;532,31;4661,24;
ADRIANA CRISTINA AFONSO ROCHA;CASA CIVIL;ASSESSOR I;NAO INFORMADO; CARGO COMISSION.S/VINCULO;5229,77;;5229,77;981,03;4248,74;
ADRIANA DOS REIS TAVARES;CASA CIVIL;ASSESSOR III;; CARGO COMISSION.S/VINCULO;3191,80;;3191,80;372,18;2819,62;
ADRIANA PERES DE JESUS SANTOS;CASA CIVIL;ASSESSOR II;NAO INFORMADO; CARGO COMISSION.S/VINCULO;4209,79;;4209,79;609,94;3599,85;
ADRIANA RODRIGUES DA CONCEICAO;FUNDO DE PROMOCAO SOCIAL-FPS;ASSESSOR IV;NAO INFORMADO; CARGO COMISSION.S/VINCULO;2575,61;;2575,61;252,09;2323,52;
ADRIANA VIEIRA FERREIRA;CASA CIVIL;CONSULTOR TECNICO II;NAO INFORMADO; CARGO COMISSION.S/VINCULO;6500,00;;6500,00;1459,11;5040,89;
ADRYELLE FARIAS CORREA VIEIRA;CASA CIVIL;ASSESSOR I;NAO INFORMADO; CARGO COMISSION.S/VINCULO;5229,77;;5229,77;938,37;4291,40;
AETE DO SOCORRO MARTINS DE MATOS;CASA CIVIL;AGENTE ADMINISTRATIVO 3A CLASSE;FUNCAO GRATIFICADA F; ESTATUTARIO;5006,57;;5006,57;551,53;4455,04;
AILTON MARQUES DOS SANTOS;CASA CIVIL;ASSESSOR III;NAO INFORMADO; CARGO COMISSION.S/VINCULO;4255,73;;4255,73;656,19;3599,54;
ALBERTO JORGE FERNANDES RIBEIRO;CASA CIVIL;ASSISTENTE TECNICO GOVERNAMENTAL;; ESTATUTARIO;4770,05;;4770,05;583,63;4186,42;
ALCIDES MULLER;CASA CIVIL;ASSISTENTE TECNICO GOVERNAMENTAL;FUNCAO GRATIFICADA F; ESTATUTARIO;4817,54;;4817,54;594,31;4223,23;
ALCYNEY FERNANDES RODRIGUES;CASA CIVIL;REDATOR GOVERNAMENTAL;FUNCAO GRATIFICADA F; ESTATUTARIO;8026,77;;8026,77;712,84;7313,93;
ALDILANDIA COSTA FERREIRA;FUNDO DE PROMOCAO SOCIAL-FPS;ASSESSOR TECNICO;NAO INFORMADO; CARGO COMISSION.S/VINCULO;7000,00;;7000,00;1595,23;5404,77;
ALDRIN DE OLIVEIRA BARBOSA;CASA CIVIL;CONSULTOR TECNICO I;NAO INFORMADO; CARGO COMISSION.S/VINCULO;7500,00;;7500,00;1793,72;5706,28;
ALDRIN PATRIK BRUCE GOMES;FUNDO DE PROMOCAO SOCIAL-FPS;ASSESSOR I;NAO INFORMADO; CARGO COMISSION.S/VINCULO;5229,77;;5229,77;981,03;4248,74;
ALESSANDRA COSTA MARQUES BENTES;FUNDO DE PROMOCAO SOCIAL-FPS;SECRETARIO EXECUTIVO;NAO INFORMADO; CARGO COMISSION.S/VINCULO;11700,00;;11700,00;2948,72;8751,28;
ALESSANDRA GUEDES MOURA CAVALCANTI;CASA CIVIL;CONSULTOR TECNICO LEGISLATIVO I;NAO INFORMADO; CARGO COMISSION.S/VINCULO;7500,00;;7500,00;1375,69;6124,31;
ALESSANDRA MACIEL PEREIRA;CASA CIVIL;ASSESSOR I;NAO INFORMADO; CARGO COMISSION.S/VINCULO;5229,77;;5229,77;981,03;4248,74;
ALESSANDRO VASCONCELOS BANDEIRA;UNID.DE GESTAO INTEGRADA - UGI;ASSESSOR I;NAO INFORMADO; CARGO COMISSION.S/VINCULO;5229,77;;5229,77;981,03;4248,74;
ALEXANDRE FERNANDES FREIRE;FUNDO DE PROMOCAO SOCIAL-FPS;ASSESSOR II;NAO INFORMADO; CARGO COMISSION.S/VINCULO;4209,79;;4209,79;640,87;3568,92;
ALEXANDRE FERREIRA LIMA;FUNDO DE PROMOCAO SOCIAL-FPS;ASSESSOR IV;NAO INFORMADO; CARGO COMISSION.S/VINCULO;2575,61;;2575,61;252,09;2323,52;
ALEXANDRE GUIMARÃES DE PAIVA;CASA CIVIL;CONSULTOR TECNICO II;NAO INFORMADO; CARGO COMISSION.S/VINCULO;6500,00;;6500,00;1459,11;5040,89;
ALFREDO PAES DOS SANTOS;CASA CIVIL;ASSESSOR TECNICO;NAO INFORMADO; CARGO COMISSION.S/VINCULO;7000,00;3740,14;3259,86;856,65;2403,21;
ALINE CHIXARO PIMENTA;CASA CIVIL;ASSESSOR I;NAO INFORMADO; CARGO COMISSION.S/VINCULO;5229,77;;5229,77;981,03;4248,74;
ALINE DOS SANTOS DINELLI;CASA CIVIL;CONSULTOR TECNICO III;NAO INFORMADO; CARGO COMISSION.S/VINCULO;5500,00;;5500,00;1082,61;4417,39;
ALINE TRIBUZY MELLO DE LIMA;CASA CIVIL;ASSESSOR III;NAO INFORMADO; CARGO COMISSION.S/VINCULO;3191,80;;3191,80;372,18;2819,62;
ALVARO CESAR DE CARVALHO NETO;CASA CIVIL;CONSULTOR TECNICO LEGISLATIVO IV;; CARGO COMISSION.S/VINCULO;5229,77;;5229,77;981,03;4248,74;
ALYNE RODRIGUES MENEZES;CASA CIVIL;CONSULTOR TECNICO II;NAO INFORMADO; CARGO COMISSION.S/VINCULO;6500,00;;6500,00;1354,84;5145,16;
ANA BEATRIZ LOBO MOUTINHO BREVAL;CASA CIVIL;ESCRIVAO DE POL.2A.CL. PC-ESC-II;SECRETARIO EXECUTIVO; ESTATUTARIO;9900,00;;9900,00;1853,14;8046,86;
ANA CAROLINA DA COSTA MAIA;UNID.DE GESTAO INTEGRADA - UGI;CHEFE DE GABINETE;NAO INFORMADO; CARGO COMISSION.S/VINCULO;5229,77;;5229,77;981,03;4248,74;
ANA CAROLINA DE ALENCAR BALIEIRO;CASA CIVIL;CONSULTOR TECNICO I;NAO INFORMADO; CARGO COMISSION.S/VINCULO;7500,00;;7500,00;1793,72;5706,28;
ANA CECILIA CERDEIRA ABRAHIM;CASA CIVIL;ASSESSOR I;NAO INFORMADO; CARGO COMISSION.S/VINCULO;5229,77;;5229,77;981,03;4248,74;
ANA CLEICE MATOS MEIRELES CARVALHO;FUNDO DE PROMOCAO SOCIAL-FPS;ASSESSOR II;NAO INFORMADO; CARGO COMISSION.S/VINCULO;4209,79;;4209,79;640,87;3568,92;
ANA CRISTINA RODRIGUES DE SOUZA;CASA CIVIL;ASSISTENTE TECNICO GOVERNAMENTAL;FG-1 ASSESSORIA; ESTATUTARIO;5986,28;;5986,28;914,80;5071,48;
ANA HELENA DA SILVA E SILVA;CASA CIVIL;ASSESSOR IV;NAO INFORMADO; CARGO COMISSION.S/VINCULO;3434,15;;3434,15;404,81;3029,34;
ANA KARINE MAIA DE OLIVEIRA ROMAO;CASA CIVIL;ASSESSOR I;; CARGO COMISSION.S/VINCULO;6973,03;;6973,03;1637,21;5335,82;
ANA LUCIA CARVALHO DA SILVA;CASA CIVIL;ASSESSOR I;NAO INFORMADO; CARGO COMISSION.S/VINCULO;5229,77;;5229,77;981,03;4248,74;
ANA MARIA DA SILVA ABINADER;CASA CIVIL;ASSESSOR I;NAO INFORMADO; CARGO COMISSION.S/VINCULO;5229,77;;5229,77;981,03;4248,74;
ANA MARIA GATO BENTES;CASA CIVIL;A.TEC-II;FUNCAO GRATIFICADA F; ESTATUTARIO;6025,00;;6025,00;1151,20;4873,80;
ANA MARIA HOLANDA FARIAS SALES;CASA CIVIL;CONSULTOR TECNICO I;NAO INFORMADO; CARGO COMISSION.S/VINCULO;7500,00;;7500,00;1793,72;5706,28;
ANA PAULA MACIEL MORENO;CASA CIVIL;CONSULTOR TEC.LEGISLATIVO;NAO INFORMADO; CARGO COMISSION.S/VINCULO;5229,77;;5229,77;981,03;4248,74;
ANA RITA GARCIA DA SILVA;CASA CIVIL;CONSULTOR TECNICO III;NAO INFORMADO; CARGO COMISSION.S/VINCULO;5500,00;;5500,00;1082,61;4417,39;
ANDERSON LUZ GONCALVES;CASA CIVIL;ASSESSOR III;; CARGO COMISSION.S/VINCULO;4255,73;;4255,73;656,19;3599,54;
ANDREA DE FATIMA NOGUEIRA;UNID.INT.ARTIC.COMUNID.UIAC;ASSESSOR II;NAO INFORMADO; CARGO COMISSION.S/VINCULO;4209,79;;4209,79;640,87;3568,92;
ANDREZA RODRIGUES DA SILVA;CASA CIVIL;ASSESSOR I;; CARGO COMISSION.S/VINCULO;5229,77;;5229,77;981,03;4248,74;
ANGELA MARIA SOUZA DE BARROS;CASA CIVIL;ASSISTENTE TECNICO GOVERNAMENTAL;FG-3 DE ASSESSORIA; ESTATUTARIO;5495,02;;5495,02;624,17;4870,85;
ANGELINA SALES DE FREITAS;FUNDO DE PROMOCAO SOCIAL-FPS;ASSESSOR TECNICO;NAO INFORMADO; CARGO COMISSION.S/VINCULO;7000,00;;7000,00;1543,09;5456,91;
ANGELO ROBERTO LOPES DA SILVA;CASA CIVIL;CONSULTOR TECNICO II;NAO INFORMADO; CARGO COMISSION.S/VINCULO;6500,00;;6500,00;1459,11;5040,89;
ANTONIA NIZALIA DA SILVA;CASA CIVIL;CONSULTOR TECNICO III;NAO INFORMADO; CARGO COMISSION.S/VINCULO;7333,33;;7333,33;1747,88;5585,45;
ANTONIO CARLOS CONCEICAO OLIVEIRA;CASA CIVIL;A.TEC-I;FG-1 CHEFE DE GAB; ESTATUTARIO;7569,52;;7569,52;1672,52;5897,00;
ANTONIO CARLOS FARIAS DO NASCIMENTO;CASA CIVIL;PROFESSOR PF20.LIC-V;ASSESSOR I; ESTATUTARIO;7356,31;;7356,31;840,70;6515,61;
ANTONIO DAVI AGUILA DE SOUZA;CASA CIVIL;CONSULTOR TECNICO II;NAO INFORMADO; CARGO COMISSION.S/VINCULO;6500,00;;6500,00;1459,11;5040,89;
ANTONIO DO NASCIMENTO P AMORIM;CASA CIVIL;ASSESSOR III;; CARGO COMISSION.S/VINCULO;3191,80;;3191,80;372,18;2819,62;
ANTONIO ERIVELTO AQUINO DE OLIVEIRA;CASA CIVIL;ASSESSOR I;; CARGO COMISSION.S/VINCULO;5229,77;;5229,77;981,03;4248,74;
ANTONIO FERREIRA FALCAO;CASA CIVIL;MOT-I;; ESTATUTARIO;4332,82;;4332,82;652,89;3679,93;
ANTONIO FRANCISCO DA SILVA;CASA CIVIL;ASSISTENTE TECNICO;CONSULTOR TECNICO II; ESTATUTARIO;6000,00;;6000,00;519,95;5480,05;
ANTONIO FRANCISCO SILVA CASTRO;CASA CIVIL;MOT-I;; ESTATUTARIO;2841,39;;2841,39;433,56;2407,83;
ANTONIO SANTINO DE SOUZA;CASA CIVIL;A.TEC-I;; ESTATUTARIO;6990,69;;6990,69;1675,50;5315,19;
ARABI AMED E SILVA;CASA CIVIL;ASSISTENTE SOCIAL;FG-2 ASSESSORIA; ESTATUTARIO;7152,89;;7152,89;1630,85;5522,04;
ARLEDNEY CAVALCANTI MENDES;CASA CIVIL;ASSISTENTE TECNICO GOVERNAMENTAL;FG-2 ASSESSORIA; ESTATUTARIO;5686,49;;5686,49;833,24;4853,25;
ARTHUR CESAR ZAHLUTH LINS;CASA CIVIL;ASSESSOR TECNICO;NAO INFORMADO; CARGO COMISSION.S/VINCULO;7000,00;;7000,00;1647,36;5352,64;
ARY RENATO VASCONCELOS DE SOUZA;CASA CIVIL;SECRETARIO EXECUTIVO;NAO INFORMADO; CARGO COMISSION.S/VINCULO;11700,00;;11700,00;2948,72;8751,28;
ATHOS ILKER CORDEIRO VULCAO;CASA CIVIL;ASSESSOR II;NAO INFORMADO; CARGO COMISSION.S/VINCULO;4209,79;;4209,79;581,50;3628,29;
AUDRIA REGINA DE ALBUQUERQUE MOTA;CASA CIVIL;ESCRIVAO DE POL.4A.CL. PC-ESC-IV;ASSESSOR I; ESTATUTARIO;5000,00;;5000,00;453,50;4546,50;
AUGUSTO CESAR TEIXEIRA NASCIMENTO;CASA CIVIL;ASSISTENTE TECNICO GOVERNAMENTAL;FUNCAO GRATIFICADA F; ESTATUTARIO;5026,49;;5026,49;651,74;4374,75;
AUXILIADORA BEZERRA FERREIRA;CASA CIVIL;COZINHEIRO GOVERNAMENTAL;; ESTATUTARIO;2888,04;;2888,04;227,08;2660,96;
AUZEMIR FERNANDES DE ARAUJO;CASA CIVIL;ASSESSOR III;NAO INFORMADO; CARGO COMISSION.S/VINCULO;3191,80;;3191,80;372,18;2819,62;
AYDA MIRTES LUZEIRO LOPES CRUZ;CASA CIVIL;A.TEC-I;FG-1; ESTATUTARIO;6672,05;;6672,05;1399,07;5272,98;
AYLA KAROL DA SILVA ROSARIO FREIRE;FUNDO DE PROMOCAO SOCIAL-FPS;ASSESSOR TECNICO;NAO INFORMADO; CARGO COMISSION.S/VINCULO;7000,00;;7000,00;1647,36;5352,64;
AYRTON SENNA PONCE RAPOSO;CASA CIVIL;ASSESSOR I;NAO INFORMADO; CARGO COMISSION.S/VINCULO;5229,77;;5229,77;981,03;4248,74;
BELMIRA DOS SANTOS DE OLIVEIRA;CASA CIVIL;A.TEC-I;FG-1 CHEFE DE SETOR; ESTATUTARIO;7808,20;;7808,20;1826,83;5981,37;
BERLEI DE SA ARRUDA;CASA CIVIL;ASSESSOR I;; CARGO COMISSION.S/VINCULO;5229,77;;5229,77;981,03;4248,74;
BERNADETH FERREIRA GODINHO;CASA CIVIL;A.TEC-I;FG-1 ASSESSORIA; ESTATUTARIO;7317,97;;7317,97;1580,95;5737,02;
BIANCA ALMEIDA DE ALBUQUERQUE;FUNDO DE PROMOCAO SOCIAL-FPS;ASSESSOR I;NAO INFORMADO; CARGO COMISSION.S/VINCULO;6973,03;;6973,03;1637,21;5335,82;
BRENDA QUEIROZ LINS;CASA CIVIL;ASSESSOR II;NAO INFORMADO; CARGO COMISSION.S/VINCULO;4209,79;;4209,79;640,87;3568,92;
BRENO DE SOUZA BRANDAO;FUNDO DE PROMOCAO SOCIAL-FPS;CINEGRAFISTA;ASSESSOR II; ESTATUTARIO;6775,91;;6775,91;1275,77;5500,14;
BRENO PENHA SOUZA SERRA;CASA CIVIL;SECRETARIO EXECUTIVO;NAO INFORMADO; CARGO COMISSION.S/VINCULO;11700,00;;11700,00;2948,72;8751,28;
BRUHNA FIGUEIREDO LIBERATO;CASA CIVIL;CONSULTOR TECNICO LEGISLATIVO II;NAO INFORMADO; CARGO COMISSION.S/VINCULO;6500,00;;6500,00;1459,11;5040,89;
BRUNA ARAUJO MENDES;CASA CIVIL;ASSESSOR I;; CARGO COMISSION.S/VINCULO;5229,77;;5229,77;981,03;4248,74;
CAIO LUIZ GOMES CUNHA;CASA CIVIL;ASSESSOR I;NAO INFORMADO; CARGO COMISSION.S/VINCULO;5229,77;;5229,77;981,03;4248,74;
CAMILA BERTOLINI DE PAIVA;CASA CIVIL;ASSESSOR TECNICO;NAO INFORMADO; CARGO COMISSION.S/VINCULO;7000,00;;7000,00;1595,23;5404,77;
CANDIDA FERNANDES DE SOUZA;CASA CIVIL;TNS-III;; ESTATUTARIO;7854,41;;7854,41;1290,60;6563,81;
CANDIDO ALVIM PEREIRA SOARES JUNIOR;CASA CIVIL;ASSESSOR I;NAO INFORMADO; CARGO COMISSION.S/VINCULO;5229,77;;5229,77;981,03;4248,74;
CARLOS AGUSTIN DA SILVA PALACIO;CASA CIVIL;CHEFE DE DEPARTAMENTO;NAO INFORMADO; CARGO COMISSION.S/VINCULO;5229,77;;5229,77;981,03;4248,74;
CARLOS ALBERTO DE OLIVEIRA NAZARE;CASA CIVIL;ASSISTENTE TECNICO GOVERNAMENTAL;; ESTATUTARIO;3586,28;;3586,28;344,85;3241,43;
CARLOS ALBERTO GONCALVES DE MELO;CASA CIVIL;A.TEC-I;FG-2 GESTOR DE CONT.; ESTATUTARIO;6363,07;;6363,07;1277,86;5085,21;
CARLOS ANDRE LIUZZI GOMES;CASA CIVIL;CONSULTOR TECNICO II;NAO INFORMADO; CARGO COMISSION.S/VINCULO;6500,00;;6500,00;1123,40;5376,60;
CARLOS AUGUSTO ALVARENGA DE BARROS;UNID.INT.ARTIC.COMUNID.UIAC;COORDENADOR EXECUTIVO;NAO INFORMADO; CARGO COMISSION.S/VINCULO;11700,00;;11700,00;2948,72;8751,28;
CARLOS AUGUSTO NASCIMENTO NORMANDO;CASA CIVIL;ASSESSOR III;NAO INFORMADO; CARGO COMISSION.S/VINCULO;4255,73;;4255,73;656,19;3599,54;
CARLOS EDUARDO DE CASTRO C ANJOS;CASA CIVIL;ASSESSOR I;NAO INFORMADO; CARGO COMISSION.S/VINCULO;5229,77;;5229,77;981,03;4248,74;
CARLOS EDUARDO DOS SANTOS GOMES;CASA CIVIL;ASSESSOR I;NAO INFORMADO; CARGO COMISSION.S/VINCULO;5229,77;;5229,77;981,03;4248,74;
CARLOS FABIO PINHEIRO DE OLIVEIRA;CASA CIVIL;ASSESSOR II;; CARGO COMISSION.S/VINCULO;4443,66;;4443,66;1964,55;2479,11;
CAROLINA GOMES COELHO;CASA CIVIL;CONSULTOR TECNICO III;NAO INFORMADO; CARGO COMISSION.S/VINCULO;5500,00;;5500,00;985,84;4514,16;
CAROLINA PAZ LORDEIRO LIMA;CASA CIVIL;ASSESSOR II;NAO INFORMADO; CARGO COMISSION.S/VINCULO;4209,79;;4209,79;640,87;3568,92;
CAROLINA SILVA DOS REIS;FUNDO DE PROMOCAO SOCIAL-FPS;ASSESSOR III;NAO INFORMADO; CARGO COMISSION.S/VINCULO;3191,80;;3191,80;372,18;2819,62;
CAROLINE SKROBOT GROSSO LINDENBERG;CASA CIVIL;SECRETARIO EXECUTIVO ADJUNTO;NAO INFORMADO; CARGO COMISSION.S/VINCULO;9000,00;;9000,00;2206,22;6793,78;
CASSIUS CLEY CARNEIRO;CASA CIVIL;ASSESSOR I;; CARGO COMISSION.S/VINCULO;5229,77;;5229,77;780,99;4448,78;
CELIO VICTOR DOS SANTOS SOARES;FUNDO DE PROMOCAO SOCIAL-FPS;ASSESSOR IV;NAO INFORMADO; CARGO COMISSION.S/VINCULO;3434,15;;3434,15;433,25;3000,90;
CEZAR AUGUSTO VIEIRA DE SOUZA;CASA CIVIL;A.OPE-I;ASSESSOR I; ESTATUTARIO;5926,11;;5926,11;1155,12;4770,99;
CHRYSTIANNE BRAGA SILVA;CASA CIVIL;CONSULTOR TECNICO LEGISLATIVO II;NAO INFORMADO; CARGO COMISSION.S/VINCULO;6500,00;;6500,00;1459,11;5040,89;
CLARA LUIZA SOARES DA SILVA;CASA CIVIL;CONSULTOR TECNICO LEGISLATIVO III;NAO INFORMADO; CARGO COMISSION.S/VINCULO;5500,00;;5500,00;1082,61;4417,39;
CLAUDEMIR CHAVES FEITOSA;CASA CIVIL;ASSESSOR II;NAO INFORMADO; CARGO COMISSION.S/VINCULO;4209,79;;4209,79;640,87;3568,92;
CLAUDIA AMED E SILVA;CASA CIVIL;ASSESSOR I;NAO INFORMADO; CARGO COMISSION.S/VINCULO;5229,77;;5229,77;981,03;4248,74;
CLAUDIO DA SILVA PEREIRA;UNID.DE GESTAO INTEGRADA - UGI;ASSESSOR III;NAO INFORMADO; CARGO COMISSION.S/VINCULO;3191,80;;3191,80;352,48;2839,32;
CLEBER BERNARDES FERREIRA FILHO;CASA CIVIL;CONSULTOR TECNICO LEGISLATIVO I;NAO INFORMADO; CARGO COMISSION.S/VINCULO;7500,00;;7500,00;1793,72;5706,28;
CLELIA BRASILIA MORAIS FONTES;CASA CIVIL;ASSESSOR I;NAO INFORMADO; DISP. OUTROS ESFERAS;5000,00;;5000,00;505,64;4494,36;
CLEONICE LIMA DOS REIS;CASA CIVIL;ASSISTENTE TECNICO GOVERNAMENTAL;FG-3; ESTATUTARIO;5026,49;;5026,49;651,74;4374,75;
CLISSYANNE BRAGA ARAUJO;CASA CIVIL;ASSESSOR I;; CARGO COMISSION.S/VINCULO;8309,51;;8309,51;78,44;8231,07;
COSMO VASCONCELOS DE CARVALHO;CASA CIVIL;A.TEC-I;; ESTATUTARIO;4473,04;;4473,04;796,03;3677,01;
CRISTIAN MENDES DA SILVA;CASA CIVIL;ASSESSOR I;NAO INFORMADO; CARGO COMISSION.S/VINCULO;5229,77;;5229,77;981,03;4248,74;
CRISTIANE FREITAS FIGUEIREDO;FUNDO DE PROMOCAO SOCIAL-FPS;ASSESSOR II;NAO INFORMADO; CARGO COMISSION.S/VINCULO;4209,79;;4209,79;640,87;3568,92;
CRISTIANO XIMENES LEITÃO;FUNDO DE PROMOCAO SOCIAL-FPS;ASSESSOR III;NAO INFORMADO; CARGO COMISSION.S/VINCULO;3191,80;;3191,80;372,18;2819,62;
DAIANE SILVA VASCONCELOS;CASA CIVIL;ASSESSOR I;NAO INFORMADO; CARGO COMISSION.S/VINCULO;5229,77;;5229,77;981,03;4248,74;
DALTON DAS NEVES PICANCO;CASA CIVIL;TECNICO GOVERNAMENTAL;TEC IV SUP 3 CLASSE; ESTATUTARIO;5261,63;;5261,63;1118,63;4143,00;
DANIEL COSTA DE MELO;CASA CIVIL;ASSESSOR I;; CARGO COMISSION.S/VINCULO;5229,77;;5229,77;981,03;4248,74;
DANIEL GOMES PINHO;CASA CIVIL;ASSESSOR II;NAO INFORMADO; CARGO COMISSION.S/VINCULO;4209,79;;4209,79;640,87;3568,92;
DANIEL MOREIRA DA COSTA;CASA CIVIL;CONSULTOR TECNICO II;NAO INFORMADO; CARGO COMISSION.S/VINCULO;6500,00;;6500,00;1302,70;5197,30;
DANIELA BARRONCAS HOLANDA DIAS;CASA CIVIL;ASSESSOR TECNICO;; CARGO COMISSION.S/VINCULO;7000,00;;7000,00;1595,23;5404,77;
DANIELA TOILZA NUNES;CASA CIVIL;ASSESSOR II;; CARGO COMISSION.S/VINCULO;5613,05;;5613,05;1023,54;4589,51;
DANIELLE FERNANDES AMORIM;CASA CIVIL;ASSESSOR TECNICO;NAO INFORMADO; CARGO COMISSION.S/VINCULO;7000,00;;7000,00;1647,36;5352,64;
DANIELLE NATALIA FREIRE DE OLIVEIRA;CASA CIVIL;CONSULTOR TECNICO LEGISLATIVO III;NAO INFORMADO; CARGO COMISSION.S/VINCULO;5500,00;;5500,00;985,84;4514,16;
DANILO GONCALVES DE SOUZA JUNIOR;FUNDO DE PROMOCAO SOCIAL-FPS;ASSISTENTE TECNICO;CHEFE DE GABINETE; ESTATUTARIO;5000,00;;5000,00;505,64;4494,36;
DAVI MAFRA DOS ANJOS;CASA CIVIL;CONSULTOR TECNICO I;NAO INFORMADO; CARGO COMISSION.S/VINCULO;15000,00;;15000,00;3856,22;11143,78;
DAVI MARQUES LITAIFF;CASA CIVIL;ASSESSOR I;; CARGO COMISSION.S/VINCULO;5229,77;;5229,77;981,03;4248,74;
DAVID BARROSO DE SOUZA;CASA CIVIL;ASSESSOR I;NAO INFORMADO; DISP. OUTROS ESFERAS;5229,77;;5229,77;945,52;4284,25;
DAVID MOURAO CORREA;CASA CIVIL;MOT-I;; ESTATUTARIO;3234,10;;3234,10;448,80;2785,30;
DAVID PINTO DE BARROS;CASA CIVIL;ASSESSOR III;NAO INFORMADO; CARGO COMISSION.S/VINCULO;3191,80;;3191,80;352,48;2839,32;
DAYANE BENTES DOS REIS;FUNDO DE PROMOCAO SOCIAL-FPS;ASSESSOR III;NAO INFORMADO; CARGO COMISSION.S/VINCULO;3191,80;;3191,80;372,18;2819,62;
DERMILSON DE SOUZA ARAUJO;CASA CIVIL;A.TEC-II;FG-1; ESTATUTARIO;6025,00;;6025,00;949,18;5075,82;
DEVALCI AMORIM FERREIRA;CASA CIVIL;CONSULTOR TECNICO III;NAO INFORMADO; CARGO COMISSION.S/VINCULO;5500,00;;5500,00;1082,61;4417,39;
DIEGO BEZERRA PERES;CASA CIVIL;ASSESSOR I;NAO INFORMADO; CARGO COMISSION.S/VINCULO;5229,77;;5229,77;981,03;4248,74;
DIEGO HENRIQUE SANTOS DOS ANJOS;CASA CIVIL;ASSESSOR I;; CARGO COMISSION.S/VINCULO;6973,03;;6973,03;1637,21;5335,82;
DIEGO RABELO DE OLIVEIRA;FUNDO DE PROMOCAO SOCIAL-FPS;ASSESSOR III;NAO INFORMADO; CARGO COMISSION.S/VINCULO;3191,80;;3191,80;372,18;2819,62;
DIENIFFER FERREIRA DA COSTA;CASA CIVIL;ASSESSOR I;NAO INFORMADO; CARGO COMISSION.S/VINCULO;5229,77;;5229,77;981,03;4248,74;
DILENE MARIA DA COSTA GONCALVES;CASA CIVIL;ASSESSOR I;ASSESSOR I AD 1; CARGO COMISSION.S/VINCULO;5229,77;;5229,77;981,03;4248,74;
DJALMA MARTINS DA COSTA JUNIOR;CASA CIVIL;SECRETARIO EXECUTIVO ADJUNTO;NAO INFORMADO; CARGO COMISSION.S/VINCULO;9000,00;;9000,00;2206,22;6793,78;
DOUGLAS GALVÃO MONTEIRO;CASA CIVIL;ASSESSOR I;NAO INFORMADO; CARGO COMISSION.S/VINCULO;5229,77;;5229,77;981,03;4248,74;
DOUGLAS MARTINS BENAION;CASA CIVIL;A.TEC-I;FG-2 ASSESSORIA; ESTATUTARIO;6242,34;;6242,34;949,36;5292,98;
EDBERG MEDEIROS SOARES;CASA CIVIL;CONSULTOR TECNICO II;CONSULTOR TECNICO II; CARGO COMISSION.S/VINCULO;6000,00;;6000,00;1270,86;4729,14;
EDER DA SILVA MELO;UNID.INT.ARTIC.COMUNID.UIAC;ASSESSOR II AD-2;NAO INFORMADO; CARGO COMISSION.S/VINCULO;4209,79;;4209,79;640,87;3568,92;
EDIANE SALES VENÂNCIO;FUNDO DE PROMOCAO SOCIAL-FPS;SECRETARIO EXECUTIVO ADJUNTO;NAO INFORMADO; CARGO COMISSION.S/VINCULO;9000,00;;9000,00;2154,08;6845,92;
EDIMIRK DE VASCONCELOS COSTA;CASA CIVIL;ASSESSOR I;NAO INFORMADO; CARGO COMISSION.S/VINCULO;6973,03;;6973,03;1585,08;5387,95;
EDISSANDRA OLIVEIRA GUIMARAES;CASA CIVIL;AGENTE PREVIDENCIARIO;CONS. TECNICO III; ESTATUTARIO;5000,00;;5000,00;980,84;4019,16;
EDNA MACHADO MELLO;CASA CIVIL;A.TEC-I;; ESTATUTARIO;9472,37;;9472,37;2388,11;7084,26;
EDNELZA COSTA DE LIMA;CASA CIVIL;ASSESSOR IV;NAO INFORMADO; CARGO COMISSION.S/VINCULO;2575,61;;2575,61;252,09;2323,52;
EDSON BRANDAO DO NASCIMENTO;CASA CIVIL;REDATOR GOVERNAMENTAL;FG-1 CHEFE DE SETOR; ESTATUTARIO;6012,51;;6012,51;924,67;5087,84;
ELIAS RODRIGUES VERAS;CASA CIVIL;ASSESSOR I;NAO INFORMADO; CARGO COMISSION.S/VINCULO;5229,77;;5229,77;981,03;4248,74;
ELINELSON FERREIRA COLARES;CASA CIVIL;CONSULTOR TECNICO III;NAO INFORMADO; CARGO COMISSION.S/VINCULO;5500,00;;5500,00;1082,61;4417,39;
ELISANDRA CESAR DE QUEIROZ PROENCA;FUNDO DE PROMOCAO SOCIAL-FPS;ASSESSOR TECNICO;NAO INFORMADO; CARGO COMISSION.S/VINCULO;7000,00;;7000,00;1647,36;5352,64;
ELISANGELA GARCIA ARAUJO;CASA CIVIL;ASSESSOR TECNICO;NAO INFORMADO; CARGO COMISSION.S/VINCULO;7000,00;;7000,00;1647,36;5352,64;
ELISVALDO MARQUES VALE;FUNDO DE PROMOCAO SOCIAL-FPS;ASSESSOR III;NAO INFORMADO; CARGO COMISSION.S/VINCULO;4255,73;;4255,73;593,86;3661,87;
ELIZA CATARINA DE MELO BERNARDO;CASA CIVIL;ASSISTENTE TECNICO GOVERNAMENTAL;FG-3 ASSESSORIA; ESTATUTARIO;4835,02;;4835,02;600,14;4234,88;
ELIZABETH AMORIM CARPINTEIRO PERES;FUNDO DE PROMOCAO SOCIAL-FPS;ASSESSOR II;NAO INFORMADO; CARGO COMISSION.S/VINCULO;4209,79;;4209,79;640,87;3568,92;
ELIZABETH SOARES RAPOSO;CASA CIVIL;A.TEC-I;ASSESSOR I; ESTATUTARIO;5991,37;;5991,37;1078,42;4912,95;
ELIZAMARA MOREIRA DOS S AZEVEDO;CASA CIVIL;ASSESSOR III;; CARGO COMISSION.S/VINCULO;3191,80;;3191,80;372,18;2819,62;
ELSO SIMOES DE OLIVEIRA;CASA CIVIL;ASSESSOR I;NAO INFORMADO; CARGO COMISSION.S/VINCULO;5229,77;;5229,77;981,03;4248,74;
ELY FELETE BARBOSA DE SOUZA;CASA CIVIL;ASSESSOR I;NAO INFORMADO; CARGO COMISSION.S/VINCULO;5229,77;;5229,77;938,37;4291,40;
EMANUELLE RODRIGUES DE FIGUEIREDO;CASA CIVIL;ASSESSOR I;NAO INFORMADO; CARGO COMISSION.S/VINCULO;5229,77;;5229,77;981,03;4248,74;
EMERSON LIMA DO CARMO;CASA CIVIL;CONSULTOR TECNICO III;NAO INFORMADO; CARGO COMISSION.S/VINCULO;5500,00;;5500,00;1082,61;4417,39;
ERILANE RODRIGUES DA SILVA;FUNDO DE PROMOCAO SOCIAL-FPS;ASSESSOR TECNICO;NAO INFORMADO; CARGO COMISSION.S/VINCULO;7000,00;;7000,00;1543,09;5456,91;
ERISANGELA MATOS MEIRELES;FUNDO DE PROMOCAO SOCIAL-FPS;SECRETARIO EXECUTIVO ADJUNTO;NAO INFORMADO; CARGO COMISSION.S/VINCULO;12000,00;;12000,00;3031,22;8968,78;
ERLEN CRUZ DO AMARAL;CASA CIVIL;ASSESSOR I;NAO INFORMADO; CARGO COMISSION.S/VINCULO;6973,03;;6973,03;1637,21;5335,82;
ESTANISLAU GASPAR FERNANDES;CASA CIVIL;A.TEC-I;FG-1 ASSESSORIA; ESTATUTARIO;9421,85;;9421,85;2150,28;7271,57;
ESTHER OLIVA VELOSO RENGIFO;FUNDO DE PROMOCAO SOCIAL-FPS;ASSESSOR I;; CARGO COMISSION.S/VINCULO;5229,77;;5229,77;981,03;4248,74;
ETA PEREIRA CASTELO BRANCO;CASA CIVIL;PROCURADOR JUR.1A.CLASSE-NS.131.20;PROCURADOR JURIDICO; ESTATUTARIO;35527,96;65,74;35462,22;11825,80;23636,42;
ETELVINA DE CASSIA PERES VICTORIA;CASA CIVIL;A.TEC-I;FG-2 DE ASSESSORIA; ESTATUTARIO;7729,97;;7729,97;1651,98;6077,99;
EUZA KARLA NAZARE DE BRITO OLIVEIRA;FUNDO DE PROMOCAO SOCIAL-FPS;ASSESSOR I;NAO INFORMADO; CARGO COMISSION.S/VINCULO;5229,77;;5229,77;895,72;4334,05;
EVANILDO PINTO ALMEIDA;CASA CIVIL;MOT-I;; ESTATUTARIO;3846,13;;3846,13;556,97;3289,16;
EWERTON RIBEIRO TEIXEIRA;CASA CIVIL;ASSESSOR III;NAO INFORMADO; CARGO COMISSION.S/VINCULO;3191,80;;3191,80;372,18;2819,62;
FABIANA ANDRADE BARBOSA;FUNDO DE PROMOCAO SOCIAL-FPS;ASSESSOR I;NAO INFORMADO; CARGO COMISSION.S/VINCULO;5229,77;;5229,77;981,03;4248,74;
FABIANO DOMINGOS FIORI;CASA CIVIL;TNS-I;TEC NIVEL SUPERIOR; ESTATUTARIO;6975,12;;6975,12;1669,83;5305,29;
FABIOLA RODRIGUES FIGUEIRA;CASA CIVIL;ASSESSOR TECNICO;NAO INFORMADO; CARGO COMISSION.S/VINCULO;7000,00;;7000,00;1647,36;5352,64;
FABIOLA XAVIER DESTERRO E SILVA;CASA CIVIL;PROFESSOR PF40.LPL-IV;CHEF.ADJ.CONS.T-LEGI; ESTATUTARIO;12944,21;;12944,21;3181,99;9762,22;
FELIPE CARNEIRO CHAVES;CASA CIVIL;ASSESSOR I;NAO INFORMADO; DISP. OUTROS ESFERAS;5000,00;;5000,00;505,64;4494,36;
FELIPE CRUZ FERNANDES;CASA CIVIL;ASSESSOR I;NAO INFORMADO; CARGO COMISSION.S/VINCULO;6973,03;;6973,03;1637,21;5335,82;
FERNANDA SANTOS SILVA;CASA CIVIL;CONSULTOR TECNICO III;NAO INFORMADO; CARGO COMISSION.S/VINCULO;5500,00;;5500,00;1030,48;4469,52;
FLAVIA SOUZA DOS SANTOS;CASA CIVIL;ASSESSOR II;NAO INFORMADO; CARGO COMISSION.S/VINCULO;4209,79;;4209,79;640,87;3568,92;
FLAVIO CORDEIRO ANTONY FILHO;CASA CIVIL;SECRETARIO DE ESTADO;NAO INFORMADO; CARGO COMISSION.S/VINCULO;28060,00;;28060,00;7447,72;20612,28;
FRANCISCA EVANILDE COSTA DA SILVA;CASA CIVIL;ASSESSOR II;ASSESSOR II AD-2; CARGO COMISSION.S/VINCULO;4209,79;;4209,79;640,87;3568,92;
FRANCISCA HELENA DE SOUZA DA SILVA;CASA CIVIL;ASSESSOR TECNICO;; CARGO COMISSION.S/VINCULO;7000,00;;7000,00;1595,23;5404,77;
FRANCISCO ALEXANDRE CORREA DE MELO;FUNDO DE PROMOCAO SOCIAL-FPS;ASSESSOR TECNICO;NAO INFORMADO; CARGO COMISSION.S/VINCULO;7000,00;;7000,00;1647,36;5352,64;
FRANCISCO ALEXANDRE DOS ANJOS COSTA;CASA CIVIL;OPERADOR DE AUDIO DE TV;FG-1; ESTATUTARIO;4845,36;;4845,36;719,40;4125,96;
FRANCISCO DAS CHAGAS DA SILVA;CASA CIVIL;SUB-TENENTE;ASSESSOR I; ESTATUTARIO;5000,00;;5000,00;505,64;4494,36;
FRANCISCO DEODATO GUIMARAES;CASA CIVIL;MEDICO 2A CLASSE;ASSESSOR TECNICO; ESTATUTARIO;7748,72;;7748,72;1439,03;6309,69;
FRANCISCO EDNEY ESTEVES DA COSTA;CASA CIVIL;ASSESSOR IV;NAO INFORMADO; CARGO COMISSION.S/VINCULO;2575,61;;2575,61;252,09;2323,52;
FRANCISCO FERREIRA ALVES NETO;FUNDO DE PROMOCAO SOCIAL-FPS;ASSESSOR II;NAO INFORMADO; CARGO COMISSION.S/VINCULO;4209,79;;4209,79;528,94;3680,85;
FRANCISCO LIMA DA SILVA;FUNDO DE PROMOCAO SOCIAL-FPS;ASSESSOR II;NAO INFORMADO; CARGO COMISSION.S/VINCULO;5613,05;;5613,05;1125,18;4487,87;
FRANCISCO PEREIRA DE SOUZA;FUNDO DE PROMOCAO SOCIAL-FPS;ASSESSOR I;NAO INFORMADO; CARGO COMISSION.S/VINCULO;5229,77;;5229,77;981,03;4248,74;
FRANCISCO PEREIRA GOMES;CASA CIVIL;MOT-I;; ESTATUTARIO;2841,39;;2841,39;433,56;2407,83;
FRANCISCO RICARDO PEREIRA FERNANDES;CASA CIVIL;CHEFE ADJUNTO DA CTL;; CARGO COMISSION.S/VINCULO;8100,00;;8100,00;1958,72;6141,28;
FRANCISCO SOARES DE MOURA;CASA CIVIL;MOT-I;FG-2; ESTATUTARIO;6140,07;;6140,07;1104,77;5035,30;
GABRIEL DE OLIVEIRA RIBEIRO;UNID.DE GESTAO INTEGRADA - UGI;ASSESSOR I;NAO INFORMADO; CARGO COMISSION.S/VINCULO;5229,77;;5229,77;981,03;4248,74;
GABRIEL RAIKER ABRAHIM;CASA CIVIL;ASSESSOR II;NAO INFORMADO; CARGO COMISSION.S/VINCULO;4209,79;;4209,79;640,87;3568,92;
GABRIELA BRAGA MATOS DE PAULO;CASA CIVIL;ASSESSOR II;NAO INFORMADO; CARGO COMISSION.S/VINCULO;4209,79;;4209,79;640,87;3568,92;
GABRIELA DOS SANTOS FERREIRA;CASA CIVIL;ASSESSOR II;NAO INFORMADO; CARGO COMISSION.S/VINCULO;4209,79;;4209,79;640,87;3568,92;
GABRIELLY CRISTINA CORREA M GURJAO;CASA CIVIL;ASSESSOR I;NAO INFORMADO; CARGO COMISSION.S/VINCULO;5229,77;;5229,77;938,37;4291,40;
GASPAR ALBERTO DE PAULA SILVA;FUNDO DE PROMOCAO SOCIAL-FPS;ASSESSOR II;; CARGO COMISSION.S/VINCULO;5613,05;;5613,05;1125,18;4487,87;
GEORDANA SIMONSEN LIMA DE ARAUJO;CASA CIVIL;ASSESSOR I;NAO INFORMADO; CARGO COMISSION.S/VINCULO;5229,77;;5229,77;981,03;4248,74;
GEORGIA MARIA MENDES JORGE DA SILVA;CASA CIVIL;ASSESSOR II;NAO INFORMADO; CARGO COMISSION.S/VINCULO;4209,79;;4209,79;640,87;3568,92;
GERALDO ALBANO DE SOUZA;CASA CIVIL;TNS-III;TEC.NIVEL SUPERIOR; ESTATUTARIO;7383,63;;7383,63;1858,44;5525,19;
GERSON RODRIGUES IBERNOM;CASA CIVIL;ASSESSOR II;NAO INFORMADO; CARGO COMISSION.S/VINCULO;4209,79;;4209,79;640,87;3568,92;
GESSICA HULY DA SILVA FERREIRA;CASA CIVIL;ASSESSOR I;; CARGO COMISSION.S/VINCULO;5229,77;;5229,77;981,03;4248,74;
GILBERTO DOS SANTOS CARNEIRO;CASA CIVIL;MOT-I;; ESTATUTARIO;4218,96;;4218,96;553,81;3665,15;
GILCEM DA SILVA GUIMARAES;CASA CIVIL;ASSESSOR III;NAO INFORMADO; CARGO COMISSION.S/VINCULO;3191,80;;3191,80;372,18;2819,62;
GILDENI DE CASTRO UCHOA;CASA CIVIL;ASSESSOR II;NAO INFORMADO; CARGO COMISSION.S/VINCULO;4209,79;;4209,79;640,87;3568,92;
GILDO DA COSTA;CASA CIVIL;ASSESSOR I;NAO INFORMADO; CARGO COMISSION.S/VINCULO;5229,77;;5229,77;981,03;4248,74;
GIOVANNA CAMPBELL DA FONSECA ALVES;CASA CIVIL;ASSESSOR II;NAO INFORMADO; CARGO COMISSION.S/VINCULO;4209,79;;4209,79;640,87;3568,92;
GIRLANDIA BARROS TRINDADE;FUNDO DE PROMOCAO SOCIAL-FPS;ASSESSOR TECNICO;NAO INFORMADO; CARGO COMISSION.S/VINCULO;7000,00;;7000,00;1647,36;5352,64;
GISELE DA SILVA ANSELMO;CASA CIVIL;ASSESSOR I;NAO INFORMADO; CARGO COMISSION.S/VINCULO;5229,77;;5229,77;981,03;4248,74;
GIULIA REGINA MARTINS VIEIRA;CASA CIVIL;ASSESSOR I;ASSESSOR I AD-1; CARGO COMISSION.S/VINCULO;5229,77;;5229,77;981,03;4248,74;
GLAUCIA OLIVEIRA NUNES;FUNDO DE PROMOCAO SOCIAL-FPS;DIRETOR ADMINISTRATIVO E FINANCEIRO;NAO INFORMADO; CARGO COMISSION.S/VINCULO;7200,00;;7200,00;1711,22;5488,78;
GLAURACY BENEVIDES CORREA;CASA CIVIL;ASSESSOR II;ASSESSOR II AD-2; CARGO COMISSION.S/VINCULO;4209,79;;4209,79;640,87;3568,92;
GLEICIANE MARTINS MOREIRA;FUNDO DE PROMOCAO SOCIAL-FPS;ASSESSOR I;; CARGO COMISSION.S/VINCULO;5229,77;;5229,77;981,03;4248,74;
GLENDA MARGARETH DE A J D MENEZES;CASA CIVIL;ASSESSOR I;NAO INFORMADO; CARGO COMISSION.S/VINCULO;5229,77;;5229,77;981,03;4248,74;
GLORIA CRISTINA BRAGA DE LIMA;CASA CIVIL;ASSESSOR I;NAO INFORMADO; CARGO COMISSION.S/VINCULO;5229,77;;5229,77;981,03;4248,74;
GLORIA HONORAIDA DE LIMA;CASA CIVIL;TECNICO DE ENFERMAGEM A;ASSESSOR I; ESTATUTARIO;5874,36;;5874,36;782,70;5091,66;
GUSTAVO TALYSON LEITE SIMEAO;CASA CIVIL;ASSESSOR III;; CARGO COMISSION.S/VINCULO;3191,80;;3191,80;372,18;2819,62;
HAMIDA ISSA YACUB;CASA CIVIL;CONSULTOR TECNICO III;CONSULTOR TEC. III; CARGO COMISSION.S/VINCULO;7333,33;;7333,33;1747,88;5585,45;
HENRIQUE CICERO DE SENA RAIOL;FUNDO DE PROMOCAO SOCIAL-FPS;ASSESSOR II;NAO INFORMADO; CARGO COMISSION.S/VINCULO;4209,79;;4209,79;640,87;3568,92;
HENRIQUE VIDAL ISRAEL DOS SANTOS;CASA CIVIL;CONSULTOR TECNICO LEGISLATIVO II;; CARGO COMISSION.S/VINCULO;6500,00;;6500,00;1459,11;5040,89;
HERLAND DE SOUZA PENA;CASA CIVIL;ASSESSOR III;NAO INFORMADO; CARGO COMISSION.S/VINCULO;3191,80;;3191,80;372,18;2819,62;
HERON DE SOUZA MOREIRA;CASA CIVIL;ASSESSOR II;NAO INFORMADO; CARGO COMISSION.S/VINCULO;4209,79;;4209,79;640,87;3568,92;
HESTON SILVA DE QUEIROZ;CASA CIVIL;A.TEC-II;FG-1; ESTATUTARIO;6033,19;;6033,19;1104,95;4928,24;
ILNAH MARIA LIMA MONTEIRO DE CASTRO;CASA CIVIL;CONSULTOR TECNICO LEGISLATIVO II;NAO INFORMADO; CARGO COMISSION.S/VINCULO;6500,00;;6500,00;1406,98;5093,02;
INGRID QUEIROZ CASSIO;CASA CIVIL;ASSESSOR I;; CARGO COMISSION.S/VINCULO;5229,77;;5229,77;981,03;4248,74;
IRIS TANARA LITAIFF DE SÃO P AGUIAR;CASA CIVIL;ASSESSOR II;NAO INFORMADO; CARGO COMISSION.S/VINCULO;4209,79;;4209,79;640,87;3568,92;
ISABELLA LIMA SIQUEIRA;CASA CIVIL;ASSESSOR I;NAO INFORMADO; CARGO COMISSION.S/VINCULO;5229,77;;5229,77;981,03;4248,74;
IVA DA COSTA FERREIRA;CASA CIVIL;A.TEC-I;FG-3; ESTATUTARIO;6385,36;;6385,36;1344,73;5040,63;
IVANETE RAMOS DE PAULA;CASA CIVIL;TNS-II;FUNCAO GRATIFICADA F; ESTATUTARIO;13276,74;;13276,74;3469,74;9807,00;
IVANILDE LIMA MACHADO VIANA;FUNDO DE PROMOCAO SOCIAL-FPS;ASSESSOR II;NAO INFORMADO; CARGO COMISSION.S/VINCULO;4209,79;;4209,79;640,87;3568,92;
IZOLDA BRANDAO ARMELAU;CASA CIVIL;REDATOR GOVERNAMENTAL;; ESTATUTARIO;3796,47;;3796,47;378,47;3418,00;
JACO VIANA CAVALCANTE;CASA CIVIL;ASSESSOR III;NAO INFORMADO; CARGO COMISSION.S/VINCULO;3191,80;;3191,80;372,18;2819,62;
JAIME BARBOSA REZENDE;CASA CIVIL;AUX.O-I;FG-1; ESTATUTARIO;6343,59;;6343,59;1030,06;5313,53;
JANAINA PITALUGA MORENO;CASA CIVIL;ASSESSOR I;ASSESSOR I AD 1; CARGO COMISSION.S/VINCULO;5229,77;;5229,77;938,37;4291,40;
JANE CRISTINA DE V MONTEIRO;CASA CIVIL;ASSESSOR II;NAO INFORMADO; CARGO COMISSION.S/VINCULO;4209,79;;4209,79;640,87;3568,92;
JANE KELLY VASQUES DE OLIVEIRA;CASA CIVIL;ASSESSOR I;NAO INFORMADO; CARGO COMISSION.S/VINCULO;5229,77;;5229,77;938,37;4291,40;
JANIO DE SOUZA ALVES;CASA CIVIL;ASSESSOR I;NAO INFORMADO; CARGO COMISSION.S/VINCULO;5229,77;;5229,77;981,03;4248,74;
JANIO TORRES BARROS;CASA CIVIL;ASSISTENTE TECNICO GOVERNAMENTAL;FG-1; ESTATUTARIO;6196,47;;6196,47;974,38;5222,09;
JASON MILLER FIGUEIREDO DA COSTA;CASA CIVIL;ASSESSOR TECNICO;NAO INFORMADO; CARGO COMISSION.S/VINCULO;9333,33;;9333,33;2245,74;7087,59;
JAYLENE BRANDAO PAULA;CASA CIVIL;ASSISTENTE TECNICO GOVERNAMENTAL;FG-2 ASSESSORIA; ESTATUTARIO;5495,02;;5495,02;780,59;4714,43;
JENNIFER LIMA DE ARAUJO PEREIRA;CASA CIVIL;INVEST.DE POL. 4A.CL. PC-INV.IV;ASSESSOR I, AD-1; ESTATUTARIO;5000,00;;5000,00;453,50;4546,50;
JHENNY KELLY GOMES DE MORAES;FUNDO DE PROMOCAO SOCIAL-FPS;ASSESSOR III;NAO INFORMADO; CARGO COMISSION.S/VINCULO;3191,80;;3191,80;372,18;2819,62;
JHONANTAN SAMPAIO COSTA;CASA CIVIL;CONSULTOR TECNICO III;NAO INFORMADO; CARGO COMISSION.S/VINCULO;5500,00;;5500,00;1082,61;4417,39;
JOÃO VICTOR LIMA CORDEIRO;CASA CIVIL;ASSESSOR III;NAO INFORMADO; CARGO COMISSION.S/VINCULO;4255,73;;4255,73;656,19;3599,54;
JOANA VITA MORAES DE SOUZA MORILLAS;CASA CIVIL;TNS-I;FG-1 ASSESSORIA; ESTATUTARIO;13457,84;;13457,84;3816,08;9641,76;
JOAO CARLOS RODRIGUES DE S JUNIOR;CASA CIVIL;CONSULTOR TECNICO I;NAO INFORMADO; CARGO COMISSION.S/VINCULO;7500,00;;7500,00;1793,72;5706,28;
JOAO DANILO PINTO;CASA CIVIL;MOT-I;; ESTATUTARIO;4240,07;;4240,07;623,19;3616,88;
JOAO IRIMAR DA SILVA CRUZ;CASA CIVIL;ASSESSOR II;NAO INFORMADO; CARGO COMISSION.S/VINCULO;4209,79;;4209,79;640,87;3568,92;
JOAO LUIZ SOUZA AZEVEDO;CASA CIVIL;SECRETARIO EXECUTIVO ADJUNTO;NAO INFORMADO; CARGO COMISSION.S/VINCULO;9000,00;;9000,00;2206,22;6793,78;
JOAO SILVA MARQUES;CASA CIVIL;ASSESSOR II;NAO INFORMADO; CARGO COMISSION.S/VINCULO;4209,79;;4209,79;640,87;3568,92;
JOAO VICTOR DE ALENCAR BRANDAO;CASA CIVIL;ASSESSOR III;NAO INFORMADO; CARGO COMISSION.S/VINCULO;3191,80;;3191,80;372,18;2819,62;
JOAQUIM MARQUES DOS SANTOS NETO;CASA CIVIL;ASSESSOR I;NAO INFORMADO; CARGO COMISSION.S/VINCULO;5229,77;;5229,77;981,03;4248,74;
JOCIMAR DUARTE DA ROCHA;CASA CIVIL;A.TEC-I;FG-1 CHEFE DE SETOR; ESTATUTARIO;10278,37;;10278,37;2606,51;7671,86;
JOEBER BELEM TEIXEIRA;CASA CIVIL;CONSULTOR TECNICO III;NAO INFORMADO; CARGO COMISSION.S/VINCULO;5500,00;;5500,00;985,84;4514,16;
JOEL JUNIOR BENICIO DE LIMA;CASA CIVIL;CONSULTOR TECNICO II;NAO INFORMADO; CARGO COMISSION.S/VINCULO;6500,00;;6500,00;1459,11;5040,89;
JORGE DO NASCIMENTO GOMES;CASA CIVIL;A.TEC-I;ASSESSOR I; ESTATUTARIO;7837,45;;7837,45;1675,87;6161,58;
JORGE GUEDES LOBO JUNIOR;CASA CIVIL;ASSESSOR I;; CARGO COMISSION.S/VINCULO;5229,77;;5229,77;981,03;4248,74;
JORGE HELENO MELO CAVALCANTE;CASA CIVIL;ASSESSOR II;; CARGO COMISSION.S/VINCULO;5613,05;;5613,05;1125,18;4487,87;
JORGE VICTOR ARAUJO GONCALES;CASA CIVIL;ASSESSOR II;NAO INFORMADO; CARGO COMISSION.S/VINCULO;4209,79;;4209,79;640,87;3568,92;
JORGE WILLES LIRA CARDOSO;CASA CIVIL;ASSESSOR II;NAO INFORMADO; CARGO COMISSION.S/VINCULO;4209,79;;4209,79;640,87;3568,92;
JOSE AGAPITO DA SILVEIRA;CASA CIVIL;A.TEC-II;; ESTATUTARIO;4238,47;;4238,47;723,40;3515,07;
JOSE AMERICO MORAES DA COSTA;CASA CIVIL;ASSESSOR III;NAO INFORMADO; CARGO COMISSION.S/VINCULO;3191,80;;3191,80;372,18;2819,62;
JOSE CARLOS FERREIRA DO NASCIMENTO;CASA CIVIL;ASSESSOR III;NAO INFORMADO; CARGO COMISSION.S/VINCULO;3191,80;;3191,80;372,18;2819,62;
JOSE CARLOS RABELO;CASA CIVIL;ASSESSOR I;NAO INFORMADO; CARGO COMISSION.S/VINCULO;5229,77;;5229,77;981,03;4248,74;
JOSE COUTINHO MARREIRA;UNID.INT.ARTIC.COMUNID.UIAC;ASSESSOR I;NAO INFORMADO; CARGO COMISSION.S/VINCULO;6973,03;;6973,03;1637,21;5335,82;
JOSE DE AQUINO FREIRE;CASA CIVIL;A.TEC-I;FG-2 DE ASSESSORIA; ESTATUTARIO;9531,63;;9531,63;2431,32;7100,31;
JOSE FRANCISCO SANTOS SILVA;CASA CIVIL;ASSESSOR I;NAO INFORMADO; CARGO COMISSION.S/VINCULO;5229,77;;5229,77;981,03;4248,74;
JOSE MARANHÃO RODRIGUES;UNID.DE GESTAO INTEGRADA - UGI;ASSESSOR I;NAO INFORMADO; CARGO COMISSION.S/VINCULO;5229,77;;5229,77;981,03;4248,74;
JOSE MAURICIO DOS SANTOS TOMAZ;CASA CIVIL;ASSESSOR I;NAO INFORMADO; CARGO COMISSION.S/VINCULO;5229,77;;5229,77;981,03;4248,74;
JOSENI MARTINS SILVA PONTES;CASA CIVIL;CONSULTOR TEC.LEGISLATIVO;NAO INFORMADO; CARGO COMISSION.S/VINCULO;5229,77;;5229,77;981,03;4248,74;
JOYCIANE RODRIGUES MENDES;CASA CIVIL;ASSESSOR I;; CARGO COMISSION.S/VINCULO;5229,77;;5229,77;981,03;4248,74;
JULIANA ARAUJO RIOS;CASA CIVIL;ASSESSOR III;; CARGO COMISSION.S/VINCULO;3191,80;;3191,80;372,18;2819,62;
JULIETA BARROS BRANDAO C PEREIRA;CASA CIVIL;PROFESSOR;CONSULTOR TECNICO LE; ESTATUTARIO;10768,72;;10768,72;2302,81;8465,91;
JULIO CESAR SILVA CAMPOS;CASA CIVIL;ASSESSOR TECNICO;NAO INFORMADO; CARGO COMISSION.S/VINCULO;7000,00;;7000,00;1647,36;5352,64;
JULIO CONCEIÇÃO BRASIL DA SILVA;CASA CIVIL;ASSESSOR II;NAO INFORMADO; CARGO COMISSION.S/VINCULO;4209,79;;4209,79;640,87;3568,92;
JURACEMA LIMA DE MEDEIROS;CASA CIVIL;REPRESENTANTE;FG-3; ESTATUTARIO;5471,42;;5471,42;813,71;4657,71;
JUSCELINO MOURA TAVARES;CASA CIVIL;ASSESSOR IV;NAO INFORMADO; CARGO COMISSION.S/VINCULO;2575,61;;2575,61;252,09;2323,52;
JUSSARA PEDROSA CELESTINO DA COSTA;CASA CIVIL;SECRETARIO EXEC.PROJ.ESP.DO GOVERNO;NAO INFORMADO; DISP. OUTROS ESFERAS;11700,00;;11700,00;2348,14;9351,86;
KAREN REGINA SANTANA DE ANDRADE;FUNDO DE PROMOCAO SOCIAL-FPS;ASSESSOR IV;NAO INFORMADO; CARGO COMISSION.S/VINCULO;2575,61;;2575,61;252,09;2323,52;
KARILENA MESQUITA VIANA;FUNDO DE PROMOCAO SOCIAL-FPS;ASSESSOR II;NAO INFORMADO; CARGO COMISSION.S/VINCULO;5613,05;;5613,05;1125,18;4487,87;
KARIME ALENCAR PONTES BESSA;CASA CIVIL;ASSESSOR I;; CARGO COMISSION.S/VINCULO;6973,03;;6973,03;1585,08;5387,95;
KARINA BATISTA RAMOS;CASA CIVIL;ASSESSOR II;NAO INFORMADO; CARGO COMISSION.S/VINCULO;4209,79;;4209,79;640,87;3568,92;
KARINA SILVA ROCHA;CASA CIVIL;ASSESSOR I;; CARGO COMISSION.S/VINCULO;5229,77;;5229,77;981,03;4248,74;
KARLA FERREIRA DE CASTRO;CASA CIVIL;ASSESSOR I;NAO INFORMADO; CARGO COMISSION.S/VINCULO;5229,77;;5229,77;981,03;4248,74;
KAROLLINA GOMES DA SILVA PESSOA;CASA CIVIL;AGENTE ADM.-AGA-T.S.N.A.-E;FUNCAO GRATIFICADA F; ESTATUTARIO;2721,89;;2721,89;293,46;2428,43;
KATHELEN DE OLIVEIRA BRAZ SANTOS;FUNDO DE PROMOCAO SOCIAL-FPS;SECRETARIO EXECUTIVO;NAO INFORMADO; CARGO COMISSION.S/VINCULO;11700,00;;11700,00;2948,72;8751,28;
KATIA REGINA BARBOSA DE M CARVALHO;FUNDO DE PROMOCAO SOCIAL-FPS;TEC.DE NIVEL SUPERIOR 2A CLASSE;; ESTATUTARIO;6571,55;;6571,55;1481,43;5090,12;
KATIA REGINA DE OLIVEIRA ALVES;CASA CIVIL;ASSISTENTE TECNICO GOVERNAMENTAL;FG-2 DE ASSESSORIA; ESTATUTARIO;5495,02;;5495,02;780,59;4714,43;
KATIANNY KEILA SALIM COLACO;FUNDO DE PROMOCAO SOCIAL-FPS;ASSESSOR TECNICO;NAO INFORMADO; CARGO COMISSION.S/VINCULO;7000,00;;7000,00;1647,36;5352,64;
KEILA OLIVEIRA DE FREITAS;FUNDO DE PROMOCAO SOCIAL-FPS;ASSESSOR TECNICO;NAO INFORMADO; CARGO COMISSION.S/VINCULO;7000,00;;7000,00;1647,36;5352,64;
KEILA REGINA CHAPARRO LOBATO;CASA CIVIL;ASSISTENTE TECNICO GOVERNAMENTAL;FG-2 DE ASSESSORIA; ESTATUTARIO;5495,02;;5495,02;780,59;4714,43;
KEITY ANNY PRADO TAUMATURGO;CASA CIVIL;ASSESSOR I;NAO INFORMADO; CARGO COMISSION.S/VINCULO;5229,77;;5229,77;981,03;4248,74;
KELLEN CRISTINA AGUIAR DE OLIVEIRA;CASA CIVIL;ASSESSOR III;NAO INFORMADO; CARGO COMISSION.S/VINCULO;3191,80;;3191,80;372,18;2819,62;
KELLY DA SILVA COUTO;UNID.INT.ARTIC.COMUNID.UIAC;ASSESSOR II;NAO INFORMADO; CARGO COMISSION.S/VINCULO;5613,05;;5613,05;1125,18;4487,87;
KEN FUJIMOTO;CASA CIVIL;ASSESSOR II;; CARGO COMISSION.S/VINCULO;8419,58;154,26;8265,32;2004,18;6261,14;
KEYTE REGIANE DA SILVA BATISTA;CASA CIVIL;ASSESSOR II;NAO INFORMADO; CARGO COMISSION.S/VINCULO;4209,79;;4209,79;553,06;3656,73;
LARISSA COSTA DOS ANJOS;CASA CIVIL;ASSESSOR I;; CARGO COMISSION.S/VINCULO;5229,77;;5229,77;981,03;4248,74;
LARISSA DA SILVA PERES;CASA CIVIL;ASSISTENTE TECNICO PNM.ANM-III;CONSULTOR TECNICO I; ESTATUTARIO;8636,08;;8636,08;1671,62;6964,46;
LARISSA NAGYLA ABREU SILVA;FUNDO DE PROMOCAO SOCIAL-FPS;ASSESSOR II;NAO INFORMADO; CARGO COMISSION.S/VINCULO;4209,79;;4209,79;640,87;3568,92;
LARYSSA ARAUJO MULLER;CASA CIVIL;ASSESSOR TECNICO;NAO INFORMADO; CARGO COMISSION.S/VINCULO;9333,33;;9333,33;2297,88;7035,45;
LAUDETE LUCIA LAGO OSMARI;CASA CIVIL;CONSULTOR TECNICO III;NAO INFORMADO; CARGO COMISSION.S/VINCULO;5500,00;;5500,00;1082,61;4417,39;
LEANDRO RABELO DE OLIVEIRA;CASA CIVIL;ASSESSOR I;NAO INFORMADO; CARGO COMISSION.S/VINCULO;5229,77;;5229,77;981,03;4248,74;
LEIA MIRANDA DIAS;CASA CIVIL;ASSESSOR III;NAO INFORMADO; CARGO COMISSION.S/VINCULO;3191,80;;3191,80;372,18;2819,62;
LEONARDO NAZARETH PEREZ PINO;FUNDO DE PROMOCAO SOCIAL-FPS;ASSESSOR IV;NAO INFORMADO; CARGO COMISSION.S/VINCULO;2575,61;;2575,61;252,09;2323,52;
LEONARDO WILSON FEITOSA MEIRELLES;CASA CIVIL;ASSESSOR II;NAO INFORMADO; CARGO COMISSION.S/VINCULO;4209,79;;4209,79;640,87;3568,92;
LIBNA TOBAR DO NASCIMENTO;CASA CIVIL;ASSESSOR II;NAO INFORMADO; CARGO COMISSION.S/VINCULO;4209,79;;4209,79;640,87;3568,92;
LIDIANY ARRUDA DE LIMA MORAES;CASA CIVIL;ASSESSOR II;NAO INFORMADO; CARGO COMISSION.S/VINCULO;4209,79;;4209,79;581,50;3628,29;
LILIANE DA FONSECA MONTEIRO;CASA CIVIL;ASSESSOR IV;NAO INFORMADO; CARGO COMISSION.S/VINCULO;2575,61;;2575,61;237,87;2337,74;
LISCIANE PAULO VIDEIRA;CASA CIVIL;ASSESSOR I;NAO INFORMADO; CARGO COMISSION.S/VINCULO;5229,77;;5229,77;981,03;4248,74;
LIVIA MARIA MONTEIRO LINS LIMA;CASA CIVIL;CONSULTOR TEC.LEGISLATIVO;NAO INFORMADO; CARGO COMISSION.S/VINCULO;5229,77;;5229,77;981,03;4248,74;
LIVIA MARIA RODRIGUES DE O AMORIM;CASA CIVIL;ASSESSOR TECNICO;NAO INFORMADO; CARGO COMISSION.S/VINCULO;7000,00;;7000,00;1647,36;5352,64;
LOUISE OLIVEIRA BRAGA DE BRITTO;CASA CIVIL;CONSULTOR TECNICO LEGISLATIVO III;NAO INFORMADO; CARGO COMISSION.S/VINCULO;7333,33;;7333,33;1747,88;5585,45;
LUANA CECÍLIA MELO LEITE;FUNDO DE PROMOCAO SOCIAL-FPS;ASSESSOR II;; CARGO COMISSION.S/VINCULO;4209,79;;4209,79;640,87;3568,92;
LUANA DO NASCIMENTO JUCA;CASA CIVIL;CONSULTOR TECNICO II;NAO INFORMADO; CARGO COMISSION.S/VINCULO;6500,00;;6500,00;1459,11;5040,89;
LUANA SIQUEIRA DA SILVA;CASA CIVIL;ASSESSOR I;NAO INFORMADO; CARGO COMISSION.S/VINCULO;5229,77;;5229,77;981,03;4248,74;
LUCAS DE ARAUJO LEITE;CASA CIVIL;ASSESSOR I;NAO INFORMADO; CARGO COMISSION.S/VINCULO;5229,77;;5229,77;981,03;4248,74;
LUCAS MACEDO BEZERRA;CASA CIVIL;ASSESSOR I;NAO INFORMADO; CARGO COMISSION.S/VINCULO;5229,77;;5229,77;981,03;4248,74;
LUCIA CARLA DA GAMA RODRIGUES;CASA CIVIL;SEC.DO GAB.PESSOAL DO GOVERNADOR;NAO INFORMADO; CARGO COMISSION.S/VINCULO;28060,00;;28060,00;7447,72;20612,28;
LUCIANA DA MOTA CASTELO CLEMENTE;UNID.INT.ARTIC.COMUNID.UIAC;CHEFE DE GABINETE;NAO INFORMADO; CARGO COMISSION.S/VINCULO;5229,77;;5229,77;981,03;4248,74;
LUCIANA EVANGELISTA TEIXEIRA;CASA CIVIL;ASSESSOR II;NAO INFORMADO; CARGO COMISSION.S/VINCULO;5613,05;;5613,05;1125,18;4487,87;
LUCIANA MONTEIRO DA SILVA;CASA CIVIL;ASSESSOR II;NAO INFORMADO; CARGO COMISSION.S/VINCULO;6174,35;;6174,35;1336,51;4837,84;
LUCIANA PITALUGA MORENO;CASA CIVIL;ASSESSOR I;ASSESSOR I AD 1; CARGO COMISSION.S/VINCULO;6973,03;;6973,03;1637,21;5335,82;
LUCIANO PEREIRA DE SOUZA;CASA CIVIL;ASSESSOR I;NAO INFORMADO; CARGO COMISSION.S/VINCULO;5229,77;;5229,77;981,03;4248,74;
LUIS FABIAN PEREIRA BARBOSA;CASA CIVIL;PROF.MESTRE ASSIST.A 40HS-PM.111.20;SECRETARIO DE GOVERN; ESTATUTARIO;28060,00;;28060,00;6795,00;21265,00;
LUIZ ANDRÉ SOUTO PASSOS;CASA CIVIL;ASSESSOR III;; CARGO COMISSION.S/VINCULO;3191,80;;3191,80;372,18;2819,62;
LUIZ CLAUDIO DA SILVEIRA GOMES;CASA CIVIL;SUBCHEFE DO GAB.PESSOAL DO GOVERN.;NAO INFORMADO; CARGO COMISSION.S/VINCULO;11700,00;;11700,00;2896,58;8803,42;
LUIZ FELIPE RODRIGUES DE MOURA;CASA CIVIL;ASSESSOR III;; CARGO COMISSION.S/VINCULO;3191,80;;3191,80;372,18;2819,62;
LUIZ FLORENCIO DA SILVA NUNES FILHO;CASA CIVIL;ASSESSOR III;NAO INFORMADO; CARGO COMISSION.S/VINCULO;3191,80;;3191,80;372,18;2819,62;
LUIZ HERON DA SILVA BRAZ;FUNDO DE PROMOCAO SOCIAL-FPS;ASSESSOR II;NAO INFORMADO; CARGO COMISSION.S/VINCULO;4209,79;;4209,79;640,87;3568,92;
LUIZ MILTON DE BRITO GONÇALVES;CASA CIVIL;ASSESSOR TECNICO;NAO INFORMADO; CARGO COMISSION.S/VINCULO;9333,33;;9333,33;2141,47;7191,86;
LUIZ PAULO GABRIEL GONCALVES SILVA;CASA CIVIL;CONSULTOR TEC.LEGISLATIVO;NAO INFORMADO; CARGO COMISSION.S/VINCULO;5229,77;;5229,77;981,03;4248,74;
LUIZA LIMA MACEDO;CASA CIVIL;A.TEC-I;FG-3 DE ASSESSORIA; ESTATUTARIO;5683,13;;5683,13;1089,10;4594,03;
LUIZA MAURA BRITO DELMON;CASA CIVIL;ASSESSOR II;NAO INFORMADO; CARGO COMISSION.S/VINCULO;4209,79;;4209,79;609,94;3599,85;
MÁRIO CÉLIO FERREIRA DE C ALVES;CASA CIVIL;CONSULTOR TECNICO III;; CARGO COMISSION.S/VINCULO;5500,00;;5500,00;1030,48;4469,52;
MARCELA DA CUNHA CARVALHO;CASA CIVIL;ASSIST.ADMIN.-ASA-T.S.N.M.-A;ASSESSOR TECNICO; ESTATUTARIO;7000,00;;7000,00;1250,88;5749,12;
MARCELO AMORIM DOS SANTOS;UNID.INT.ARTIC.COMUNID.UIAC;ASSESSOR I;NAO INFORMADO; CARGO COMISSION.S/VINCULO;5229,77;;5229,77;981,03;4248,74;
MARCELO ANDRADE DE OLIVEIRA;CASA CIVIL;AGENTE ADM.-AGA-T.S.N.A.-E;ASSESSOR I AD-1; ESTATUTARIO;5777,46;;5777,46;911,68;4865,78;
MARCIA CRISTINA OLIVEIRA DA COSTA;CASA CIVIL;TECNICO GOVERNAMENTAL;FUNCAO GRATIFICADA F; ESTATUTARIO;7652,89;;7652,89;1768,35;5884,54;
MARCIA FERNANDES RODRIGUES DA SILVA;CASA CIVIL;CHEFE DA CONSULT.TEC.LEGISLATIVO;NAO INFORMADO; CARGO COMISSION.S/VINCULO;11700,00;;11700,00;2948,72;8751,28;
MARCIA ROBERTA LIMA BEZERRA;CASA CIVIL;ASSESSOR I;NAO INFORMADO; CARGO COMISSION.S/VINCULO;5229,77;;5229,77;853,06;4376,71;
MARCILIO JEFFERSON DA SILVA LIMA;CASA CIVIL;ASSESSOR TECNICO;NAO INFORMADO; CARGO COMISSION.S/VINCULO;7000,00;;7000,00;1647,36;5352,64;
MARCIO AYDEN SIMOES DE OLIVEIRA;FUNDO DE PROMOCAO SOCIAL-FPS;ASSESSOR TECNICO;NAO INFORMADO; CARGO COMISSION.S/VINCULO;7000,00;;7000,00;1647,36;5352,64;
MARCIO FERREIRA DA ROCHA;CASA CIVIL;CONSULTOR TECNICO II;NAO INFORMADO; CARGO COMISSION.S/VINCULO;6500,00;;6500,00;1459,11;5040,89;
MARCO ANTONIO COELHO DOS SANTOS;FUNDO DE PROMOCAO SOCIAL-FPS;ASSESSOR I;NAO INFORMADO; CARGO COMISSION.S/VINCULO;5229,77;;5229,77;981,03;4248,74;
MARCO AURELIO DE FREITAS GUIMARAES;CASA CIVIL;TECNICO GOVERNAMENTAL;FG-3 ASSESSORIA; ESTATUTARIO;7248,22;;7248,22;1658,84;5589,38;
MARCO AURELIO FEIO DE A CERVEIRA;CASA CIVIL;ASSESSOR I;NAO INFORMADO; CARGO COMISSION.S/VINCULO;5229,77;;5229,77;981,03;4248,74;
MARCOS ANTONIO PAIXAO FEITOZA;CASA CIVIL;ASSESSOR II;; CARGO COMISSION.S/VINCULO;4209,79;;4209,79;640,87;3568,92;
MARCOS PAULO BARBOSA DE OLIVEIRA;CASA CIVIL;ASSESSOR I;; CARGO COMISSION.S/VINCULO;6973,03;;6973,03;1637,21;5335,82;
MARCOS RODRIGUES VALERIO;CASA CIVIL;ASSESSOR I;; CARGO COMISSION.S/VINCULO;5229,77;;5229,77;981,03;4248,74;
MARCUS ANTONIO DA ROCHA;CASA CIVIL;ASSESSOR I;; CARGO COMISSION.S/VINCULO;5229,77;;5229,77;981,03;4248,74;
MARIA AMANDA SOUSA ANCHIETA;CASA CIVIL;ASSESSOR III;NAO INFORMADO; CARGO COMISSION.S/VINCULO;3191,80;;3191,80;352,48;2839,32;
MARIA ANGELITA DA COSTA RIBEIRO;UNID.DE GESTAO INTEGRADA - UGI;ASSESSOR III;NAO INFORMADO; CARGO COMISSION.S/VINCULO;3191,80;;3191,80;372,18;2819,62;
MARIA AUXILIADORA SOUZA E SILVA;CASA CIVIL;ASSESSOR TECNICO;NAO INFORMADO; CARGO COMISSION.S/VINCULO;9333,33;;9333,33;2297,88;7035,45;
MARIA CAROLINE DO CARMO C MARCONDES;CASA CIVIL;A.TEC-III;CONSULTOR TÉC. II; ESTATUTARIO;2603,94;;2603,94;256,54;2347,40;
MARIA CATARINA RODRIGUES PESSOA;CASA CIVIL;ASSESSOR II;NAO INFORMADO; CARGO COMISSION.S/VINCULO;4209,79;;4209,79;640,87;3568,92;
MARIA CLARA BENTES LIMA;CASA CIVIL;ASSESSOR I;NAO INFORMADO; CARGO COMISSION.S/VINCULO;5229,77;;5229,77;981,03;4248,74;
MARIA CLAUDIA MAGRO DE OLIVEIRA;CASA CIVIL;CHEFE DE DEPARTAMENTO;NAO INFORMADO; CARGO COMISSION.S/VINCULO;5229,77;;5229,77;981,03;4248,74;
MARIA CONCEBIDA DE ARAUJO LEAL;FUNDO DE PROMOCAO SOCIAL-FPS;ASSESSOR III;NAO INFORMADO; CARGO COMISSION.S/VINCULO;3191,80;;3191,80;372,18;2819,62;
MARIA DA CONCEICAO COSTA PIRES;CASA CIVIL;A.TEC-I;CONSULTOR TECNICO II; ESTATUTARIO;14352,76;;14352,76;3790,24;10562,52;
MARIA DAS GRACAS BENAYON DA SILVA;CASA CIVIL;A.SOC-I;FG-1; ESTATUTARIO;9338,35;;9338,35;2316,44;7021,91;
MARIA DAS GRACAS SOARES BORGES;CASA CIVIL;ASSISTENTE TECNICO 3A CLASSE;FG-1; ESTATUTARIO;6714,79;;6714,79;1163,06;5551,73;
MARIA DE JESUS GUIMARAES SILVA PAES;FUNDO DE PROMOCAO SOCIAL-FPS;ASSESSOR II;NAO INFORMADO; CARGO COMISSION.S/VINCULO;4209,79;;4209,79;640,87;3568,92;
MARIA DO CARMO CRISTO S M FERNANDES;CASA CIVIL;CONSULTOR ESPECIAL;; ESTATUTARIO;39184,75;;39184,75;13740,21;25444,54;
MARIA DO CARMO LOPES DOS SANTOS;CASA CIVIL;ASSESSOR TECNICO;NAO INFORMADO; CARGO COMISSION.S/VINCULO;9333,33;;9333,33;2297,88;7035,45;
MARIA DO PERPETUO SOCORRO B SOARES;CASA CIVIL;ASSISTENTE TECNICO GOVERNAMENTAL;FG-1 ASSESSORIA; ESTATUTARIO;6196,47;;6196,47;974,38;5222,09;
MARIA DO PERPETUO SOCORRO RODRIGUES;CASA CIVIL;ASSESSOR III;NAO INFORMADO; CARGO COMISSION.S/VINCULO;3191,80;;3191,80;372,18;2819,62;
MARIA DO SOCORRO BRITO VASCONCELOS;CASA CIVIL;ASSESSOR I;NAO INFORMADO; CARGO COMISSION.S/VINCULO;5229,77;;5229,77;981,03;4248,74;
MARIA DO SOCORRO CRUZ DE A MEDEIROS;CASA CIVIL;TNS-II;; ESTATUTARIO;9119,67;;9119,67;2512,06;6607,61;
MARIA DO SOCORRO FERREIRA CALDERARO;CASA CIVIL;ASSISTENTE TECNICO GOVERNAMENTAL;FG-2 DE ASSESSORIA; ESTATUTARIO;5686,49;;5686,49;833,24;4853,25;
MARIA ELIZETE PAULINO PINTO;CASA CIVIL;ASSESSOR II;NAO INFORMADO; CARGO COMISSION.S/VINCULO;4209,79;;4209,79;640,87;3568,92;
MARIA EMILIA PESSOA DOS SANTOS;CASA CIVIL;ASSISTENTE TECNICO;FG-1 ASSESSORIA; ESTATUTARIO;8737,29;;8737,29;1695,47;7041,82;
MARIA FREIRE DE SOUZA;CASA CIVIL;ASSESSOR I;NAO INFORMADO; CARGO COMISSION.S/VINCULO;5229,77;;5229,77;981,03;4248,74;
MARIA GEANE MENDES SOUZA;CASA CIVIL;ASSESSOR TECNICO;NAO INFORMADO; CARGO COMISSION.S/VINCULO;7000,00;;7000,00;1647,36;5352,64;
MARIA GORETH DOS SANTOS VIEIRA;CASA CIVIL;SECRETARIO EXECUTIVO;NAO INFORMADO; DISP. OUTROS ESFERAS;11700,00;;11700,00;2348,14;9351,86;
MARIA INÊZ MOREIRA DE AZEVEDO;CASA CIVIL;ASSESSOR II;NAO INFORMADO; CARGO COMISSION.S/VINCULO;4209,79;;4209,79;640,87;3568,92;
MARIA JOSE FREITAS CARLOS;CASA CIVIL;C.TEC.L-U;; ESTATUTARIO;34347,30;;34347,30;11466,44;22880,86;
MARIA JOSE LEONEL BEZERRA;CASA CIVIL;ASSESSOR TECNICO;NAO INFORMADO; CARGO COMISSION.S/VINCULO;7000,00;;7000,00;1543,09;5456,91;
MARIA LUISA BUSSONS ALBUQUERQUE;CASA CIVIL;ASSESSOR III;NAO INFORMADO; CARGO COMISSION.S/VINCULO;3191,80;;3191,80;372,18;2819,62;
MARIA LUIZA DE ALMEIDA SAN MARTIN;CASA CIVIL;A.TEC-I;; ESTATUTARIO;3897,48;;3897,48;693,62;3203,86;
MARIA LUIZA HELENA NOGUEIRA HOLANDA;CASA CIVIL;ASSESSOR III;NAO INFORMADO; CARGO COMISSION.S/VINCULO;3191,80;;3191,80;372,18;2819,62;
MARIA NAZARE DE AGUILA;CASA CIVIL;A.TEC-I;CHEFE DO CERIMONIAL; ESTATUTARIO;12914,56;;12914,56;3291,93;9622,63;
MARIA SANTOS DA SILVA;CASA CIVIL;ASSESSOR III;NAO INFORMADO; CARGO COMISSION.S/VINCULO;4255,73;;4255,73;656,19;3599,54;
MARIA SOCORRO DE SOUSA;CASA CIVIL;ASSISTENTE TECNICO GOVERNAMENTAL;FG-3; ESTATUTARIO;4826,28;;4826,28;597,23;4229,05;
MARIA TEREZINHA RIBEIRO COUTINHO;CASA CIVIL;ASSESSOR II;; CARGO COMISSION.S/VINCULO;5613,05;;5613,05;1125,18;4487,87;
MARIANA DA ROCHA NORMANDO;CASA CIVIL;AFP-U;FG-1; ESTATUTARIO;28189,81;;28189,81;9097,85;19091,96;
MARIANA HAGGE MOURAO;CASA CIVIL;ASSESSOR I;; CARGO COMISSION.S/VINCULO;5229,77;;5229,77;981,03;4248,74;
MARIETHEL BASTOS RODRIGUES;CASA CIVIL;PROFESSOR;ASSESSOR I AD1; ESTATUTARIO;7374,62;;7374,62;1399,69;5974,93;
MARILENE DE SOUZA PERES;CASA CIVIL;ASSESSOR II;NAO INFORMADO; CARGO COMISSION.S/VINCULO;4209,79;;4209,79;640,87;3568,92;
MARINETE DE CASTRO PERDIGAO;CASA CIVIL;A.TEC-I;; ESTATUTARIO;4574,85;;4574,85;828,62;3746,23;
MARINILDES DA SILVEIRA FORTES;CASA CIVIL;A.TEC-I;FG-1 ASSESSORIA; ESTATUTARIO;9130,24;;9130,24;2240,68;6889,56;
MARIO ADOLFO ARYCE DE CASTRO;CASA CIVIL;TECNICO;; ESTATUTARIO;5270,37;;5270,37;1121,54;4148,83;
MARIO CABRAL DE HOLANDA;CASA CIVIL;MOT-I;; ESTATUTARIO;4343,12;;4343,12;656,18;3686,94;
MARIO CESAR DOS SANTOS B FILHO;CASA CIVIL;ASSESSOR I;; CARGO COMISSION.S/VINCULO;5229,77;;5229,77;981,03;4248,74;
MARIO DANIEL QUEIROZ DE CARVALHO;FUNDO DE PROMOCAO SOCIAL-FPS;ASSESSOR I;NAO INFORMADO; CARGO COMISSION.S/VINCULO;5229,77;;5229,77;981,03;4248,74;
MARIO SERGIO DE SOUZA MOURA JUNIOR;CASA CIVIL;ASSESSOR I;NAO INFORMADO; CARGO COMISSION.S/VINCULO;5229,77;;5229,77;981,03;4248,74;
MARJANA SILVA CARVALHO;CASA CIVIL;ASSESSOR I;NAO INFORMADO; CARGO COMISSION.S/VINCULO;5229,77;;5229,77;981,03;4248,74;
MARKILZE ALVES PEREIRA;CASA CIVIL;SECRETARIO PARTICULAR;NAO INFORMADO; CARGO COMISSION.S/VINCULO;28060,00;;28060,00;7447,72;20612,28;
MARLICE OLIVEIRA MAR;FUNDO DE PROMOCAO SOCIAL-FPS;ASSESSOR II;NAO INFORMADO; CARGO COMISSION.S/VINCULO;4209,79;;4209,79;640,87;3568,92;
MARLINDA LEITE PERES;CASA CIVIL;ASSESSOR II;NAO INFORMADO; CARGO COMISSION.S/VINCULO;4209,79;;4209,79;640,87;3568,92;
MARLUCIA MOURA BATISTA;CASA CIVIL;ASSISTENTE TECNICO GOVERNAMENTAL;FG-1 ASSESSORIA; ESTATUTARIO;5986,28;;5986,28;914,80;5071,48;
MARY ANNE E SOUZA AGUIAR;FUNDO DE PROMOCAO SOCIAL-FPS;ASSESSOR III;NAO INFORMADO; CARGO COMISSION.S/VINCULO;3191,80;;3191,80;372,18;2819,62;
MATHILDE ESTHER BEMERGUY EZAGUY;CASA CIVIL;ASSESSOR I;; CARGO COMISSION.S/VINCULO;5229,77;;5229,77;981,03;4248,74;
MAURICIO DA GAMA MONTEIRO;CASA CIVIL;CONSULTOR TECNICO I;CONS.TECNICO I; CARGO COMISSION.S/VINCULO;7500,00;;7500,00;1793,72;5706,28;
MAURO FORTUNATO DE AZEVEDO COHEN;CASA CIVIL;CONSULTOR TECNICO II;NAO INFORMADO; CARGO COMISSION.S/VINCULO;6500,00;;6500,00;1459,11;5040,89;
MAXIMILIANO FRANCISCO LOPES NETO;CASA CIVIL;ASSESSOR III;NAO INFORMADO; CARGO COMISSION.S/VINCULO;3191,80;;3191,80;372,18;2819,62;
MAYARA TAVARES MARQUES;CASA CIVIL;ASSESSOR II;NAO INFORMADO; CARGO COMISSION.S/VINCULO;4209,79;;4209,79;640,87;3568,92;
MEIRIJANE CARVALHO DE FARIAS;CASA CIVIL;ASSESSOR I;; CARGO COMISSION.S/VINCULO;5810,84;;5810,84;;5810,84;
MESSIAS RODRIGUES DA CONCEICAO;FUNDO DE PROMOCAO SOCIAL-FPS;ASSESSOR III;; CARGO COMISSION.S/VINCULO;4255,73;;4255,73;656,19;3599,54;
MICHAEL DE OLIVEIRA LIMA;UNID.INT.ARTIC.COMUNID.UIAC;ASSESSOR III;NAO INFORMADO; CARGO COMISSION.S/VINCULO;3191,80;;3191,80;372,18;2819,62;
MICHELLE LOPES SALES;CASA CIVIL;ASSESSOR II;NAO INFORMADO; CARGO COMISSION.S/VINCULO;4209,79;;4209,79;581,50;3628,29;
MICHELLE WILMA BRAGA MAGALHAES;FUNDO DE PROMOCAO SOCIAL-FPS;ASSESSOR I;NAO INFORMADO; CARGO COMISSION.S/VINCULO;5229,77;;5229,77;981,03;4248,74;
MIRIAM RODRIGUES MOTA;CASA CIVIL;ASSESSOR I;NAO INFORMADO; CARGO COMISSION.S/VINCULO;5229,77;;5229,77;938,37;4291,40;
MIZAEL VITOR VALE REIS;CASA CIVIL;ASSESSOR I;NAO INFORMADO; CARGO COMISSION.S/VINCULO;5229,77;;5229,77;981,03;4248,74;
MONICA ARAUJO RISUENHO DE SOUZA;CASA CIVIL;CONSULTOR TECNICO III;NAO INFORMADO; CARGO COMISSION.S/VINCULO;5500,00;;5500,00;1030,48;4469,52;
MONICA CAMARA DE ALENCAR BRASIL;CASA CIVIL;CONSULTOR TECNICO II;NAO INFORMADO; CARGO COMISSION.S/VINCULO;6500,00;;6500,00;1459,11;5040,89;
MONICA GOMES DA SILVA;CASA CIVIL;CONSULTOR TECNICO III;NAO INFORMADO; CARGO COMISSION.S/VINCULO;5500,00;;5500,00;985,84;4514,16;
MURILO CAVALCANTI CAMPOS;CASA CIVIL;A.TEC-I;FG-2 DE ASSESSORIA; ESTATUTARIO;6363,07;;6363,07;1277,86;5085,21;
MYLENA CRISPIM ALVES;CASA CIVIL;ASSESSOR II;NAO INFORMADO; CARGO COMISSION.S/VINCULO;4209,79;;4209,79;640,87;3568,92;
MYLENA LEÃO MATOS;FUNDO DE PROMOCAO SOCIAL-FPS;ASSESSOR IV;NAO INFORMADO; CARGO COMISSION.S/VINCULO;2575,61;;2575,61;252,09;2323,52;
NADIA MARIA GAMA PEREIRA;CASA CIVIL;A.TEC-II;; ESTATUTARIO;4873,53;;4873,53;857,00;4016,53;
NATAL SOARES LEANDRO DA SILVA;FUNDO DE PROMOCAO SOCIAL-FPS;ASSESSOR I;; CARGO COMISSION.S/VINCULO;5229,77;;5229,77;863,36;4366,41;
NATALIA LIMA DE ALMEIDA;CASA CIVIL;ASSESSOR I;NAO INFORMADO; CARGO COMISSION.S/VINCULO;4183,79;;4183,79;632,20;3551,59;
NATASHA DE OLIVEIRA FRANCO;FUNDO DE PROMOCAO SOCIAL-FPS;ASSESSOR TECNICO;NAO INFORMADO; CARGO COMISSION.S/VINCULO;7000,00;;7000,00;1647,36;5352,64;
NATASHA HAIKAL DE OLIVEIRA;CASA CIVIL;CONSULTOR TECNICO II;NAO INFORMADO; CARGO COMISSION.S/VINCULO;6500,00;;6500,00;1459,11;5040,89;
NAYARA RODRIGUES DE OLIVEIRA;CASA CIVIL;ASSESSOR TECNICO;NAO INFORMADO; CARGO COMISSION.S/VINCULO;7000,00;;7000,00;1647,36;5352,64;
NAYARA SANTOS CRUZ;FUNDO DE PROMOCAO SOCIAL-FPS;ASSESSOR II;NAO INFORMADO; CARGO COMISSION.S/VINCULO;4209,79;;4209,79;640,87;3568,92;
NAZARE DO SOCORRO PINTO DE ALMEIDA;CASA CIVIL;A.TEC-I;FG-2 DE ASSESSORIA; ESTATUTARIO;5665,90;;5665,90;1018,87;4647,03;
NICOLE DE QUEIROZ SILVA;FUNDO DE PROMOCAO SOCIAL-FPS;ASSESSOR I;NAO INFORMADO; CARGO COMISSION.S/VINCULO;5229,77;;5229,77;981,03;4248,74;
NILCE MARIA BARTHOLO DE BIASI;FUNDO DE PROMOCAO SOCIAL-FPS;ASSESSOR II;NAO INFORMADO; CARGO COMISSION.S/VINCULO;4209,79;;4209,79;640,87;3568,92;
NILCILENE DE LIMA TAVARES;CASA CIVIL;ASSESSOR III;; CARGO COMISSION.S/VINCULO;3191,80;;3191,80;372,18;2819,62;
NILO DIOGO DE MELO NETO;FUNDO DE PROMOCAO SOCIAL-FPS;ASSESSOR III;NAO INFORMADO; CARGO COMISSION.S/VINCULO;3191,80;;3191,80;372,18;2819,62;
NIRVANA DE JESUS PRADO DE N COMB;CASA CIVIL;AGENTE ADM.-AGA-T.S.N.A.-E;SECRETARIO EXECUTIVO; ESTATUTARIO;9000,00;;9000,00;1787,57;7212,43;
NISSIM FIGUEIRA BENOLIEL;CASA CIVIL;A.TEC-II;FG-1; ESTATUTARIO;6016,90;;6016,90;877,19;5139,71;
ONILDA ABREU DA SILVA;CASA CIVIL;PROCURADOR DO ESTADO 2A CLASSE;ASSESSOR TECNICO; ESTATUTARIO;6000,00;926,12;5073,88;473,82;4600,06;
ORLEYLSON DOS SANTOS LIMA;FUNDO DE PROMOCAO SOCIAL-FPS;ASSESSOR I;NAO INFORMADO; CARGO COMISSION.S/VINCULO;5229,77;;5229,77;981,03;4248,74;
OSMAN RIBEIRO DE ARAUJO FILHO;CASA CIVIL;A.TEC-I;FG-3 DE ASSESSORIA; ESTATUTARIO;5137,48;;5137,48;842,23;4295,25;
PALOMA SAVANA VIANA AMORIM;CASA CIVIL;ASSESSOR II;; CARGO COMISSION.S/VINCULO;4209,79;;4209,79;640,87;3568,92;
PATRICIA CAVALCANTE SOUZA;CASA CIVIL;PSICOLOGO-PSI-P.S.N.S.-A;ASSESSOR I; ESTATUTARIO;6748,72;;6748,72;1634,39;5114,33;
PATRICIA DIAS GOES;CASA CIVIL;CONSULTOR TECNICO II;; CARGO COMISSION.S/VINCULO;6500,00;;6500,00;1406,98;5093,02;
PATRICIA GOMES BARTOLOTTI CHAVES;CASA CIVIL;JORNALISTA;; ESTATUTARIO;5674,22;;5674,22;1214,85;4459,37;
PATRICIA VIEIRA BRANDAO DA SILVA;CASA CIVIL;ASSESSOR II;NAO INFORMADO; CARGO COMISSION.S/VINCULO;4209,79;;4209,79;581,50;3628,29;
PAULO ROBERTO FIGUEIREDO DE CASTRO;CASA CIVIL;TNS-II;; ESTATUTARIO;6584,85;;6584,85;1527,76;5057,09;
PAULO SEIXAS DA SILVA;FUNDO DE PROMOCAO SOCIAL-FPS;ASSESSOR II;NAO INFORMADO; CARGO COMISSION.S/VINCULO;4209,79;;4209,79;640,87;3568,92;
PAULO SERGIO PAES LESSA;CASA CIVIL;A.TEC-I;FG-1 DE ASSESSORIA; ESTATUTARIO;8052,02;;8052,02;1812,70;6239,32;
PEDRO HENRIQUE BARROS DE SENA;CASA CIVIL;CONSULTOR TECNICO III;NAO INFORMADO; CARGO COMISSION.S/VINCULO;5500,00;;5500,00;1082,61;4417,39;
PEDRO PAULO PEREIRA MARTINS SILVA;CASA CIVIL;ASSESSOR II;NAO INFORMADO; CARGO COMISSION.S/VINCULO;4209,79;;4209,79;640,87;3568,92;
PRISCILLA FRANCA ATALA;CASA CIVIL;SECRETARIO EXECUTIVO;NAO INFORMADO; DISP. OUTROS ESFERAS;11700,00;;11700,00;2348,14;9351,86;
RAFAEL BATISTA RODRIGUES;FUNDO DE PROMOCAO SOCIAL-FPS;SECRETARIO EXECUTIVO ADJUNTO;NAO INFORMADO; CARGO COMISSION.S/VINCULO;9000,00;;9000,00;2206,22;6793,78;
RAFAELA TORRES TIRADENTES;CASA CIVIL;ASSESSOR I;NAO INFORMADO; CARGO COMISSION.S/VINCULO;5229,77;;5229,77;981,03;4248,74;
RAIMUNDO EDSON SANTOS LOPES;CASA CIVIL;ASSESSOR II;NAO INFORMADO; CARGO COMISSION.S/VINCULO;4209,79;;4209,79;640,87;3568,92;
RAIMUNDO FRANCA FREITAS;CASA CIVIL;ASSESSOR II;NAO INFORMADO; CARGO COMISSION.S/VINCULO;4209,79;;4209,79;640,87;3568,92;
RAIMUNDO JOSE BRANDAO DO NASCIMENTO;CASA CIVIL;ASSISTENTE TECNICO GOVERNAMENTAL;FG-1 CHEFE S PESSOAL; ESTATUTARIO;5986,28;;5986,28;862,66;5123,62;
RAIMUNDO JOSE GADELHA DE ASSIS;CASA CIVIL;A.TEC-I;FG-3; ESTATUTARIO;5703,07;;5703,07;1096,36;4606,71;
RAIMUNDO NONATO DA SILVA;CASA CIVIL;MOT-I;; ESTATUTARIO;5509,23;;5509,23;693,64;4815,59;
RAISSA BARROS DE JESUS SODRE;CASA CIVIL;ASSESSOR I;; CARGO COMISSION.S/VINCULO;5229,77;;5229,77;981,03;4248,74;
RALIME GRECIA DA SILVA;CASA CIVIL;A.TEC-I;FG-2; ESTATUTARIO;5821,59;;5821,59;1129,62;4691,97;
RAPHAEL CARRICO DE AGUIAR;CASA CIVIL;ASSESSOR I;NAO INFORMADO; CARGO COMISSION.S/VINCULO;6973,03;;6973,03;1637,21;5335,82;
RAQUEL COLARES WITTKOWSKI;UNID.DE GESTAO INTEGRADA - UGI;ASSESSOR II;NAO INFORMADO; CARGO COMISSION.S/VINCULO;4209,79;;4209,79;640,87;3568,92;
RAULLISON SANTOS FARIAS;CASA CIVIL;ASSESSOR III;NAO INFORMADO; CARGO COMISSION.S/VINCULO;3191,80;;3191,80;372,18;2819,62;
REBECCA BEATRIZ MARINHO FIGUEIRA;CASA CIVIL;SEC EXEC ADJ ADMINISTRACAO;NAO INFORMADO; CARGO COMISSION.S/VINCULO;9000,00;;9000,00;2206,22;6793,78;
REGINA COELI BARRETO LIMA E SILVA;CASA CIVIL;A.TEC-I;FG-1 CHEFE DE SETOR; ESTATUTARIO;7566,58;;7566,58;1671,45;5895,13;
REGINA COELI BRITO DOS SANTOS;CASA CIVIL;A.TEC-I;FG-1 ASSESSORIA; ESTATUTARIO;10269,56;;10269,56;2655,44;7614,12;
REGINA MEDEIROS DE ALBUQUERQUE;CASA CIVIL;SARGENTO 1;ASSESSOR II; ESTATUTARIO;5333,33;;5333,33;545,17;4788,16;
REGINALDO PIMENTEL DE ALMEIDA;CASA CIVIL;ASSESSOR I;NAO INFORMADO; CARGO COMISSION.S/VINCULO;5229,77;;5229,77;981,03;4248,74;
REINALDO SILVA DE QUEIROZ;CASA CIVIL;AUX.S.G-III;FG-3 DE ASSESSORIA; ESTATUTARIO;4708,36;;4708,36;664,21;4044,15;
RENAN DIAS DE MEDEIROS;CASA CIVIL;ASSESSOR I;NAO INFORMADO; CARGO COMISSION.S/VINCULO;5229,77;;5229,77;895,72;4334,05;
RICARDINA MARIA MENEZES DOS SANTOS;CASA CIVIL;TNS-I;TEC DE NIV SUPERIOR; ESTATUTARIO;9456,92;;9456,92;2573,29;6883,63;
RIDENILCIA REGINA NELSON DA SILVA;CASA CIVIL;CONSULTOR TECNICO LEGISLATIVO III;NAO INFORMADO; CARGO COMISSION.S/VINCULO;5500,00;;5500,00;1082,61;4417,39;
RISEUDA NASCIMENTO DE MOURA;FUNDO DE PROMOCAO SOCIAL-FPS;ASSESSOR II;NAO INFORMADO; CARGO COMISSION.S/VINCULO;4209,79;;4209,79;524,62;3685,17;
RITA DE CASSIA DOS SANTOS GONCALVES;CASA CIVIL;A.TEC-I;; ESTATUTARIO;4057,37;;4057,37;736,63;3320,74;
ROBERTO ALENCAR DOS SANTOS;CASA CIVIL;AUX.S.G-I;FG-2; ESTATUTARIO;5853,55;;5853,55;896,19;4957,36;
ROBINE PEREIRA GUIMARAES DE FREITAS;CASA CIVIL;ASSESSOR I;NAO INFORMADO; CARGO COMISSION.S/VINCULO;5229,77;;5229,77;981,03;4248,74;
RODRIGO DE MOURA MOTA;CASA CIVIL;ASSESSOR I;NAO INFORMADO; CARGO COMISSION.S/VINCULO;5229,77;;5229,77;981,03;4248,74;
ROGERIO CAMPOS DA SILVA;CASA CIVIL;ASSESSOR II;NAO INFORMADO; CARGO COMISSION.S/VINCULO;4209,79;;4209,79;640,87;3568,92;
ROGERIO DE ARAUJO BARBOZA;CASA CIVIL;CHEFE ADJUNTO DA CTL;; CARGO COMISSION.S/VINCULO;9000,00;;9000,00;2206,22;6793,78;
ROMULO JOSE DE OLIVEIRA ZURRA;CASA CIVIL;SUBCOORDENADOR SETORIAL;NAO INFORMADO; CARGO COMISSION.S/VINCULO;9000,00;;9000,00;2206,22;6793,78;
RONALDO MONTEIRO FRANCISCO;CASA CIVIL;SECRETARIO EXECUTIVO;NAO INFORMADO; CARGO COMISSION.S/VINCULO;11700,00;;11700,00;2948,72;8751,28;
ROSA MARIA SIMOES ALVES DA SILVA;CASA CIVIL;C.TEC.L-U;; ESTATUTARIO;45487,00;;45487,00;15478,02;30008,98;
ROSANGELA ALMEIDA DOS S LITAIFF;FUNDO DE PROMOCAO SOCIAL-FPS;ASSESSOR TECNICO;NAO INFORMADO; CARGO COMISSION.S/VINCULO;7000,00;;7000,00;1647,36;5352,64;
ROSE LENE SERPA DOS SANTOS;CASA CIVIL;ASSESSOR II;; CARGO COMISSION.S/VINCULO;5613,05;;5613,05;1125,18;4487,87;
ROSELENE SILVA DE MEDEIROS;UNID.INT.ARTIC.COMUNID.UIAC;COORDENADOR GERAL;NAO INFORMADO; CARGO COMISSION.S/VINCULO;37413,33;;37413,33;10019,88;27393,45;
ROSENALDO ROCHA;CASA CIVIL;A.TEC-I;FG-2 ASSESSORIA; ESTATUTARIO;5619,09;;5619,09;968,10;4650,99;
ROSIMEIRE MEDEIROS A GONCALVES;CASA CIVIL;ASSESSOR I;NAO INFORMADO; CARGO COMISSION.S/VINCULO;5229,77;;5229,77;981,03;4248,74;
ROSINEIA NASCIMENTO DE MOURA;CASA CIVIL;ASSESSOR III;NAO INFORMADO; CARGO COMISSION.S/VINCULO;3191,80;;3191,80;372,18;2819,62;
ROSINEIDE D ASSUMPCAO BEZERRA;CASA CIVIL;ASSESSOR I;NAO INFORMADO; CARGO COMISSION.S/VINCULO;5229,77;;5229,77;981,03;4248,74;
ROSIVAN NASCIMENTO DE MOURA;CASA CIVIL;ASSESSOR I;NAO INFORMADO; CARGO COMISSION.S/VINCULO;5229,77;;5229,77;981,03;4248,74;
ROSY CLEIA DA SILVA SEIXAS;CASA CIVIL;CONSULTOR TECNICO LEGISLATIVO III;NAO INFORMADO; CARGO COMISSION.S/VINCULO;5500,00;;5500,00;1082,61;4417,39;
RUBEM CELANDRO DE SOUZA GUIMARAES;CASA CIVIL;A.TEC-I;FG-1 ASSESSORIA; ESTATUTARIO;6863,07;;6863,07;1363,22;5499,85;
SABRINA DO NASCIMENTO BARBOSA;CASA CIVIL;ASSESSOR III;NAO INFORMADO; CARGO COMISSION.S/VINCULO;3191,80;;3191,80;372,18;2819,62;
SALUA PAVAO DA SILVA;CASA CIVIL;SECRETARIO EXECUTIVO ADJUNTO;NAO INFORMADO; CARGO COMISSION.S/VINCULO;9000,00;;9000,00;1645,73;7354,27;
SANDRA MARCIA CASTRO DA SILVA;CASA CIVIL;ASSESSOR IV;NAO INFORMADO; CARGO COMISSION.S/VINCULO;2575,61;;2575,61;252,09;2323,52;
SEBASTIAO LUIZ DE LIMA;CASA CIVIL;A.TEC-I;FG-1 CHEFE DE SETOR; ESTATUTARIO;10278,36;;10278,36;2658,64;7619,72;
SERGIO ALEXANDRE NASCIMENTO RIBEIRO;CASA CIVIL;ASSESSOR TECNICO;NAO INFORMADO; CARGO COMISSION.S/VINCULO;7000,00;;7000,00;1647,36;5352,64;
SERGIO DE LIMA MACHADO;CASA CIVIL;ASSESSOR CONTABIL;ASSESSOR CONTABIL; CARGO COMISSION.S/VINCULO;6500,00;;6500,00;1406,98;5093,02;
SIDNEY DE SOUZA CABRAL;CASA CIVIL;ASSESSOR III;NAO INFORMADO; CARGO COMISSION.S/VINCULO;3191,80;;3191,80;372,18;2819,62;
SILVANA SILVA DE SOUSA;CASA CIVIL;ASSESSOR II;NAO INFORMADO; CARGO COMISSION.S/VINCULO;4209,79;;4209,79;609,94;3599,85;
SOLANGE PEREIRA SALES DE OLIVEIRA;CASA CIVIL;ASSISTENTE TECNICO GOVERNAMENTAL;; ESTATUTARIO;3603,77;;3603,77;349,56;3254,21;
SONIA MARIA DE SOUSA DA SILVA;CASA CIVIL;ASSESSOR III;; CARGO COMISSION.S/VINCULO;3191,80;;3191,80;372,18;2819,62;
SONIA MARIA LEAL DA SILVA;CASA CIVIL;ASSESSOR II;NAO INFORMADO; CARGO COMISSION.S/VINCULO;4209,79;;4209,79;640,87;3568,92;
STANLEY GOMES CARDOSO JUNIOR;CASA CIVIL;CONSULTOR TECNICO I;NAO INFORMADO; CARGO COMISSION.S/VINCULO;7500,00;;7500,00;1793,72;5706,28;
SUELEN CRISTINA MAIA A ALBUQUERQUE;CASA CIVIL;ASSESSOR I;; CARGO COMISSION.S/VINCULO;5229,77;;5229,77;981,03;4248,74;
SUMAIA KALID OSSAMI;CASA CIVIL;ASSESSOR I;; CARGO COMISSION.S/VINCULO;5229,77;;5229,77;981,03;4248,74;
SUZANA FLEURY MENDES DA SILVA;CASA CIVIL;ASSESSOR II;; CARGO COMISSION.S/VINCULO;4209,79;;4209,79;640,87;3568,92;
SUZANE DAS CHAGAS DE OLIVEIRA;FUNDO DE PROMOCAO SOCIAL-FPS;ASSESSOR TECNICO;NAO INFORMADO; CARGO COMISSION.S/VINCULO;7000,00;;7000,00;1647,36;5352,64;
SYND MARIA DE SOUZA HUAMAN NUNES;CASA CIVIL;ASSESSOR II;; CARGO COMISSION.S/VINCULO;4209,79;;4209,79;640,87;3568,92;
TABAJARA RODRIGUES MORENO;CASA CIVIL;ASSESSOR TECNICO;; CARGO COMISSION.S/VINCULO;9333,33;;9333,33;2297,88;7035,45;
TALITA BASTOS LOUREIRO RAMOS;CASA CIVIL;ASSESSOR I;NAO INFORMADO; CARGO COMISSION.S/VINCULO;5229,77;;5229,77;981,03;4248,74;
TANIA ZUNAIDE BRAGA RIBEIRO;CASA CIVIL;CONSULTOR TECNICO LEGISLATIVO I;NAO INFORMADO; CARGO COMISSION.S/VINCULO;7500,00;;7500,00;1793,72;5706,28;
TASSIA CAMILA COELHO GOMES;CASA CIVIL;ASSESSOR I;NAO INFORMADO; CARGO COMISSION.S/VINCULO;5229,77;;5229,77;938,37;4291,40;
TATIANA MEIRELLES DE FRANCA;CASA CIVIL;ASSESSOR I;NAO INFORMADO; CARGO COMISSION.S/VINCULO;5229,77;;5229,77;981,03;4248,74;
TAYZ HELENA GUIMARAES DE M MATTOS;CASA CIVIL;ASSESSOR TECNICO;NAO INFORMADO; CARGO COMISSION.S/VINCULO;7000,00;;7000,00;1647,36;5352,64;
TERESINHA DE JESUS ASSUNCAO ALVES;CASA CIVIL;ASSISTENTE TECNICO GOVERNAMENTAL;FG-3 DE ASSESSORIA; ESTATUTARIO;5026,49;;5026,49;651,74;4374,75;
TEREZA CRISTINA MATOS FEITOZA;CASA CIVIL;ASSESSOR I;ASSESSOR I AD 1; CARGO COMISSION.S/VINCULO;5229,77;;5229,77;981,03;4248,74;
TEREZINHA BONATES MIRANDA;CASA CIVIL;A.TEC-I;FG-1 ASSESSORIA; ESTATUTARIO;8724,98;;8724,98;1530,01;7194,97;
TEREZINHA DE JESUS O B C RODRIGUES;CASA CIVIL;ASSESSOR III;ASSESSOR III AD 3; CARGO COMISSION.S/VINCULO;3191,80;;3191,80;372,18;2819,62;
THAIZA DE SOUZA BARROS;CASA CIVIL;ASSESSOR I;NAO INFORMADO; CARGO COMISSION.S/VINCULO;5229,77;;5229,77;981,03;4248,74;
THAIZA KATTERINE DOS SANTOS PICANÇO;CASA CIVIL;ASSESSOR II;NAO INFORMADO; CARGO COMISSION.S/VINCULO;4209,79;;4209,79;640,87;3568,92;
THALIRIA FELIX BENAION;FUNDO DE PROMOCAO SOCIAL-FPS;ASSESSOR TECNICO;NAO INFORMADO; CARGO COMISSION.S/VINCULO;7000,00;;7000,00;1647,36;5352,64;
THAYLA GALATE GOMES;CASA CIVIL;ASSESSOR TECNICO;NAO INFORMADO; CARGO COMISSION.S/VINCULO;7000,00;;7000,00;1647,36;5352,64;
THAYNA QUEIROZ LINS;CASA CIVIL;ASSESSOR II;NAO INFORMADO; CARGO COMISSION.S/VINCULO;4209,79;;4209,79;640,87;3568,92;
THEREZA THALYTA DE JESUS MARTINS;CASA CIVIL;ASSESSOR I;NAO INFORMADO; CARGO COMISSION.S/VINCULO;5229,77;;5229,77;981,03;4248,74;
THIAGO TEIXEIRA DE CASTRO;CASA CIVIL;CONSULTOR TEC.LEGISLATIVO;NAO INFORMADO; CARGO COMISSION.S/VINCULO;6973,03;;6973,03;1637,21;5335,82;
TIAGO MONTEIRO DE PAIVA;UNID.DE GESTAO INTEGRADA - UGI;COORD.DA UNID.DE GESTAO INTEGRADA;NAO INFORMADO; CARGO COMISSION.S/VINCULO;28060,00;;28060,00;7447,72;20612,28;
UBIRAGILDO DO NASCIMENTO SARAIVA;CASA CIVIL;ASSISTENTE TECNICO GOVERNAMENTAL;; ESTATUTARIO;3766,57;;3766,57;370,86;3395,71;
UBIRAJARA RAMOS MORAES JUNIOR;CASA CIVIL;TNS-II;FG-2 ASSESSORIA; ESTATUTARIO;12191,28;;12191,28;3399,53;8791,75;
VALDIR ALVES DE VASCONCELOS;CASA CIVIL;A.TEC-I;ASSIST TECNICO; ESTATUTARIO;3897,48;;3897,48;693,62;3203,86;
VALERIA ANDRADE BARROSO;CASA CIVIL;CONSULTOR TECNICO II;NAO INFORMADO; CARGO COMISSION.S/VINCULO;6500,00;;6500,00;1459,11;5040,89;
VALERIA DA SILVA SODRE;CASA CIVIL;ASSESSOR TECNICO;; DISP. OUTROS ESFERAS;6000,00;;6000,00;780,64;5219,36;
VANIA CRISTINA DA SILVA BARBOSA;FUNDO DE PROMOCAO SOCIAL-FPS;ASSESSOR I;NAO INFORMADO; CARGO COMISSION.S/VINCULO;5229,77;;5229,77;981,03;4248,74;
VANIA LUCIA PINHEIRO NASCIMENTO;UNID.DE GESTAO INTEGRADA - UGI;ASSESSOR III;; CARGO COMISSION.S/VINCULO;3191,80;;3191,80;372,18;2819,62;
VANUSA DA SILVA CUNHA;CASA CIVIL;ASSISTENTE TECNICO GOVERNAMENTAL;FG-3 DE ASSESSORIA; ESTATUTARIO;6435,04;;6435,04;1038,21;5396,83;
VENANCIO SILVA FREITAS;CASA CIVIL;ASSESSOR II;NAO INFORMADO; CARGO COMISSION.S/VINCULO;4209,79;;4209,79;640,87;3568,92;
VERA DOS SANTOS GUIMARAES;CASA CIVIL;ASSISTENTE TECNICO GOVERNAMENTAL;FG-2 GESTOR DE CONT.; ESTATUTARIO;7518,16;;7518,16;1336,95;6181,21;
VERA ELANE ROCHA DOS SANTOS;CASA CIVIL;A.TEC-I;FG-2 DE ASSESSORIA; ESTATUTARIO;5797,48;;5797,48;1068,41;4729,07;
VERA LUCIA MARTINS PINTO;CASA CIVIL;ASSESSOR I;NAO INFORMADO; CARGO COMISSION.S/VINCULO;12725,77;;12725,77;3230,80;9494,97;
VERANILCE FERNANDES PANTOJA;CASA CIVIL;A.TEC-I;FG-3 ASSESSORIA; ESTATUTARIO;5693,10;;5693,10;1092,72;4600,38;
VICTOR BRENO ALMADA GOMES;CASA CIVIL;ASSESSOR TECNICO;NAO INFORMADO; CARGO COMISSION.S/VINCULO;7000,00;;7000,00;1647,36;5352,64;
VINICIUS ABREU DE ALMEIDA;CASA CIVIL;ASSESSOR TECNICO;NAO INFORMADO; CARGO COMISSION.S/VINCULO;7000,00;;7000,00;1647,36;5352,64;
VIRNA SOUZA DA ROCHA;CASA CIVIL;ASSESSOR III;NAO INFORMADO; CARGO COMISSION.S/VINCULO;3191,80;;3191,80;372,18;2819,62;
VIVALDO RODRIGUES CARDOSO NETO;FUNDO DE PROMOCAO SOCIAL-FPS;ASSESSOR I;NAO INFORMADO; CARGO COMISSION.S/VINCULO;6973,03;;6973,03;1637,21;5335,82;
WAGNER ALEXANDRE R FILGUEIRAS;CASA CIVIL;ASSESSOR III;NAO INFORMADO; CARGO COMISSION.S/VINCULO;3191,80;;3191,80;372,18;2819,62;
WALESKA SALES DE SANTANA AUCAR;FUNDO DE PROMOCAO SOCIAL-FPS;ASSESSOR II;NAO INFORMADO; CARGO COMISSION.S/VINCULO;5613,05;;5613,05;1125,18;4487,87;
WALTERNY DE SOUZA FERREIRA;CASA CIVIL;ASSESSOR I;NAO INFORMADO; CARGO COMISSION.S/VINCULO;5229,77;;5229,77;938,37;4291,40;
WANDA DE SOUZA TRINDADE;CASA CIVIL;REDATOR GOVERNAMENTAL;FG-1 ASSESSORIA; ESTATUTARIO;8738,67;;8738,67;1899,83;6838,84;
WELLAS GOES RAMOS;CASA CIVIL;ASSESSOR I;NAO INFORMADO; CARGO COMISSION.S/VINCULO;5229,77;;5229,77;981,03;4248,74;
WELLAS GOES RAMOS;CASA CIVIL;ASSESSOR II;; CARGO COMISSION.S/VINCULO;4443,66;;4443,66;;4443,66;
WELLINGTON DE OLIVEIRA GONÇALVES;FUNDO DE PROMOCAO SOCIAL-FPS;ASSESSOR II;NAO INFORMADO; CARGO COMISSION.S/VINCULO;4209,79;;4209,79;609,94;3599,85;
WENDEL FRANCO RODRIGUES;CASA CIVIL;ASSESSOR I;NAO INFORMADO; CARGO COMISSION.S/VINCULO;5229,77;;5229,77;981,03;4248,74;
WILLIAM FRANCO RODRIGUES;CASA CIVIL;SECRETARIO EXECUTIVO ADJUNTO;NAO INFORMADO; CARGO COMISSION.S/VINCULO;12000,00;;12000,00;3031,22;8968,78;
WILSON MIRANDA LIMA;CASA CIVIL;GOVERNADOR DE ESTADO;NAO INFORMADO; CARGO COMISSION.S/VINCULO;34070,00;;34070,00;9100,47;24969,53;
WILSON TEIXEIRA MARIANO;CASA CIVIL;A.TEC-I;; ESTATUTARIO;4453,10;;4453,10;789,64;3663,46;
WIRLEN RAINOLDSON MIRANDA PEREIRA;CASA CIVIL;ASSESSOR III;NAO INFORMADO; CARGO COMISSION.S/VINCULO;3191,80;;3191,80;372,18;2819,62;
YARA CHAVES GALDINO RAMOS;CASA CIVIL;COORDENADOR UNID COORD PROJETO;NAO INFORMADO; CARGO COMISSION.S/VINCULO;9000,00;;9000,00;2206,22;6793,78;
YNGRID VENTILARI DE F BEZERRA;CASA CIVIL;ASSESSOR TECNICO;NAO INFORMADO; CARGO COMISSION.S/VINCULO;9333,33;;9333,33;2193,61;7139,72;
YOLANDA CORREA MANSUR;CASA CIVIL;ASSESSOR I;NAO INFORMADO; CARGO COMISSION.S/VINCULO;5229,77;;5229,77;981,03;4248,74;
YONE ALVES DE MACEDO;CASA CIVIL;ASSESSOR I;NAO INFORMADO; CARGO COMISSION.S/VINCULO;5229,77;;5229,77;981,03;4248,74;
YONE PAES LESSA;CASA CIVIL;A.TEC-I;; ESTATUTARIO;7879,53;;7879,53;1999,06;5880,47;
YURI MOISES TAKETOMI OLIMPIO;CASA CIVIL;AGENTE ADM.-AGA-T.S.N.A.-E;ASSESSOR TECNICO; ESTATUTARIO;9333,33;;9333,33;1879,24;7454,09;
