NOME;LOTACAO;CARGO;FUNCAO;VINCULO;REMUNERACAO LEGAL TOTAL(R$);DESC.TETO(R$); REMUNERACAO LEGAL DEVIDA(R$);DESCONTOS LEGAIS(R$);LIQUIDO DISPONIVEL(R$);
ADERVAN FERREIRA CRUZ;COORD. ADMINISTRAT./FINANCEIRA;ASSISTENTE PROCURATORIAL-PGE;GERENTE AD-2; ESTATUTARIO;13727,96;;13727,96;3771,96;9956,00;
ADRIANA GOMES MATOS;CARGOS COMISSIONADOS S/VINCULO;ASSESSOR IV;; CARGO COMISSION.S/VINCULO;3175,61;;3175,61;349,47;2826,14;
ADRIANE SIMOES ASSAYAG RIBEIRO;GAB DO SUBPROCURADOR GERAL;PROCURADOR DO ESTADO 1A CLASSE;; ESTATUTARIO;43030,21;19643,43;23386,78;9393,86;13992,92;
AGDA MARTINS COLADO LIMA;COORD. ADMINISTRAT./FINANCEIRA;ASSISTENTE PROCURATORIAL-PGE;; ESTATUTARIO;7847,66;;7847,66;1682,74;6164,92;
AGENILSO DE JESUS FIGUEIRA;SERV. DO QUADRO SUPLEMENTAR;AGENTE DE SEGURANCA-PGE;; ESTATUTARIO;3842,53;;3842,53;338,12;3504,41;
ALDENOR DE SOUZA RABELO;GAB DO SUBPROCURADOR GERAL;PROCURADOR DO ESTADO 3A CLASSE;COORDENADOR; ESTATUTARIO;41329,75;2036,43;39293,32;13623,78;25669,54;
ALINE TEIXEIRA LEAL NUNES;GAB DO SUBPROCURADOR GERAL;PROCURADOR DO ESTADO 3A CLASSE;; ESTATUTARIO;36329,75;;36329,75;12808,79;23520,96;
ALMINO PEREIRA TINOCO;COORD. ADMINISTRAT./FINANCEIRA;AGENTE DE SEGURANCA-PGE;; ESTATUTARIO;6536,35;;6536,35;1426,79;5109,56;
ALTIZA PEREIRA DE SOUZA;GAB DO SUBPROCURADOR GERAL;PROCURADOR DO ESTADO 3A CLASSE;; ESTATUTARIO;41519,72;2226,40;39293,32;13924,57;25368,75;
AMERICO SILVA MARTINS;COORD. ADMINISTRAT./FINANCEIRA;AGENTE DE SEGURANCA-PGE;; ESTATUTARIO;11555,57;;11555,57;3308,32;8247,25;
ANA BEATRIZ SILVA NOVAES;CARGOS COMISSIONADOS S/VINCULO;ASSESSOR II;NAO INFORMADO; CARGO COMISSION.S/VINCULO;4209,79;;4209,79;640,87;3568,92;
ANA CAROLINA FROTA DESIDERI;CARGOS COMISSIONADOS S/VINCULO;ASSESSOR IV;NAO INFORMADO; CARGO COMISSION.S/VINCULO;3175,61;;3175,61;368,10;2807,51;
ANA CAROLINA JUNQUEIRA CASTRO;CARGOS COMISSIONADOS S/VINCULO;ASSESSOR I;NAO INFORMADO; CARGO COMISSION.S/VINCULO;5229,77;;5229,77;981,03;4248,74;
ANA CLEA DA COSTA BAIMA;COORD. ADMINISTRAT./FINANCEIRA;AUXILIAR PROCURATORIAL-PGE;; ESTATUTARIO;6422,37;;6422,37;1317,65;5104,72;
ANA EIMAR CORREA COELHO;SERV. DO QUADRO SUPLEMENTAR;ASSISTENTE TECNICO 3A CLASSE;CHEFE DE SECRETARIA; ESTATUTARIO;8629,04;;8629,04;1993,90;6635,14;
ANA EUNICE CARNEIRO ALVES;GAB DO SUBPROCURADOR GERAL;PROCURADOR DO ESTADO 1A CLASSE;; ESTATUTARIO;51471,71;6677,33;44794,38;15437,36;29357,02;
ANA LUCIA BESSA WANDERLEY SABINO;COORD. ADMINISTRAT./FINANCEIRA;ASSISTENTE PROCURATORIAL-PGE;ASSIST.DE SECRET.; ESTATUTARIO;13061,72;;13061,72;3529,42;9532,30;
ANA LUIZA BORGES COELHO CARDOSO;CARGOS COMISSIONADOS S/VINCULO;ASSESSOR I;NAO INFORMADO; CARGO COMISSION.S/VINCULO;11331,15;;11331,15;;11331,15;
ANA MARCELA GRANA DE ALMEIDA;GAB DO SUBPROCURADOR GERAL;PROCURADOR DO ESTADO 3A CLASSE;; ESTATUTARIO;35644,18;;35644,18;12488,57;23155,61;
ANDRE LUIZ REGO DA SILVA;CARGOS COMISSIONADOS S/VINCULO;ASSESSOR ESPECIAL AD-1;; CARGO COMISSION.S/VINCULO;5229,77;;5229,77;981,03;4248,74;
ANDREA PEREIRA DE FREITAS;GAB DO SUBPROCURADOR GERAL;PROCURADOR DO ESTADO 3A CLASSE;; ESTATUTARIO;46709,68;;46709,68;15531,58;31178,10;
ANDREZA SAMPAIO PROGENIO;CARGOS COMISSIONADOS S/VINCULO;ASSESSOR II;; CARGO COMISSION.S/VINCULO;10337,36;;10337,36;;10337,36;
ANDREZA SAMPAIO PROGENIO;CARGOS COMISSIONADOS S/VINCULO;ASSESSOR I;NAO INFORMADO; CARGO COMISSION.S/VINCULO;5229,77;;5229,77;981,03;4248,74;
ANGELA BEATRIZ GONCALVES F O BASTOS;GAB DO SUBPROCURADOR GERAL;PROCURADOR DO ESTADO 1A CLASSE;; ESTATUTARIO;41642,14;2348,82;39293,32;13820,30;25473,02;
ANGELA MARIA MENDONCA VIEIRA;SERV. DO QUADRO SUPLEMENTAR;ASSISTENTE TECNICO 1A CLASSE;CHEFE DE SEC.; ESTATUTARIO;8629,04;;8629,04;1941,76;6687,28;
ANNA KARINA LEAO BRASIL SALAMA;GAB DO SUBPROCURADOR GERAL;PROCURADOR DO ESTADO 2A CLASSE;; ESTATUTARIO;40467,06;1173,74;39293,32;13768,16;25525,16;
ANNE CAROLINE DOS SANTOS FERNANDES;CARGOS COMISSIONADOS S/VINCULO;ASSESSOR III;; CARGO COMISSION.S/VINCULO;3191,80;;3191,80;372,18;2819,62;
ANNY KELLY ALENCAR BARRETO LIMA;CARGOS COMISSIONADOS S/VINCULO;ASSESSOR III;NAO INFORMADO; CARGO COMISSION.S/VINCULO;3191,80;;3191,80;372,18;2819,62;
ANWAR ASSI;CARGOS COMISSIONADOS S/VINCULO;COORDENADOR;NAO INFORMADO; CARGO COMISSION.S/VINCULO;5229,77;;5229,77;981,03;4248,74;
APARECIDA SANTOS MELO;COORD. ADMINISTRAT./FINANCEIRA;AUXILIAR PROCURATORIAL-PGE;CHEFE DE SECRETARIA; ESTATUTARIO;10628,05;;10628,05;2581,56;8046,49;
ARETUZA CARVALHO RIBEIRO;CARGOS COMISSIONADOS S/VINCULO;ASSESSOR III;NAO INFORMADO; CARGO COMISSION.S/VINCULO;3191,80;;3191,80;372,18;2819,62;
ARTHUR MARCEL BATISTA GOMES;GAB DO SUBPROCURADOR GERAL;PROCURADOR DO ESTADO 3A CLASSE;; ESTATUTARIO;36329,75;;36329,75;12808,79;23520,96;
BARBARA CORDEIRO FIGLIUOLO;CARGOS COMISSIONADOS S/VINCULO;ASSESSOR I;; CARGO COMISSION.S/VINCULO;6566,25;;6566,25;78,44;6487,81;
BARBARA FERNANDEZ DE BASTOS;GAB DO SUBPROCURADOR GERAL;PROCURADOR DO ESTADO 3A CLASSE;; ESTATUTARIO;32437,28;;32437,28;11343,28;21094,00;
BENEDITO EVALDO DE LIMA MORENO;GAB DO SUBPROCURADOR GERAL;PROCURADOR DO ESTADO 3A CLASSE;; ESTATUTARIO;47020,78;2226,40;44794,38;14387,85;30406,53;
BRUNA CARDOSO DE AZEDO;CARGOS COMISSIONADOS S/VINCULO;ASSESSOR II;; CARGO COMISSION.S/VINCULO;4209,79;;4209,79;640,87;3568,92;
BRUNA CAROLINE SAMPAIO SANTORO;CARGOS COMISSIONADOS S/VINCULO;ASSESSOR III;NAO INFORMADO; CARGO COMISSION.S/VINCULO;4894,09;;4894,09;869,08;4025,01;
CAMILLA PEREIRA DE MARCOS;GAB DO SUBPROCURADOR GERAL;PROCURADOR DO ESTADO 3A CLASSE;; ESTATUTARIO;43249,71;;43249,71;14316,69;28933,02;
CARLOS ALBERTO DE MORAES R FILHO;GAB DO SUBPROCURADOR GERAL;PROCURADOR DO ESTADO 1A CLASSE;; ESTATUTARIO;43030,21;19643,43;23386,78;9550,27;13836,51;
CARLOS ALEXANDRE MOREIRA C M MATOS;GAB DO SUBPROCURADOR GERAL;PROCURADOR DO ESTADO 2A CLASSE;SUBPROCURADOR GERAL; ESTATUTARIO;84760,38;6173,74;78586,64;13663,89;64922,75;
CARLOS VENICIOS DE ASSIS SANTANA;CARGOS COMISSIONADOS S/VINCULO;ASSESSOR II;; CARGO COMISSION.S/VINCULO;4209,79;;4209,79;553,06;3656,73;
CASSIA MAISA BEZERRA DA S FERNANDES;COORD. ADMINISTRAT./FINANCEIRA;ASSISTENTE PROCURATORIAL-PGE;CHEFE DE SECRETARIA; ESTATUTARIO;13050,71;;13050,71;3533,96;9516,75;
CELIO ALCANTARA CIPRIANO;COORD. ADMINISTRAT./FINANCEIRA;ASSISTENTE PROCURATORIAL-PGE;CHEF.DE SECRET.; ESTATUTARIO;7970,41;;7970,41;1452,07;6518,34;
CLARA MARIA LINDOSO E LIMA;GAB DO SUBPROCURADOR GERAL;PROCURADOR DO ESTADO 2A CLASSE;; ESTATUTARIO;48889,06;8871,54;40017,52;14123,73;25893,79;
CLOVIS SMITH FROTA JUNIOR;GAB DO SUBPROCURADOR GERAL;PROCURADOR DO ESTADO 2A CLASSE;; ESTATUTARIO;79760,38;1173,74;78586,64;13924,57;64662,07;
DAIANE VIEIRA DE SOUZA SOARES;COORD. ADMINISTRAT./FINANCEIRA;ASSISTENTE PROCURATORIAL-PGE;COORDENADOR  AD-1; ESTATUTARIO;14125,45;;14125,45;3889,23;10236,22;
DANIEL PINHEIRO VIEGAS;GAB DO SUBPROCURADOR GERAL;PROCURADOR DO ESTADO 3A CLASSE;PROCURADOR-CHEFE; ESTATUTARIO;42627,24;3333,92;39293,32;13755,47;25537,85;
DANIEL SOMBRA DA SILVA;SERV. DO QUADRO SUPLEMENTAR;MOTORISTA A;ASSIST DE CHEFIA; ESTATUTARIO;8769,50;;8769,50;1831,05;6938,45;
DANIELLE LIMA DE FIGUEIREDO;CARGOS COMISSIONADOS S/VINCULO;ASSESSOR IV;; CARGO COMISSION.S/VINCULO;3175,61;;3175,61;342,04;2833,57;
DARCI MACEDO FERREIRA;COORD. ADMINISTRAT./FINANCEIRA;AGENTE DE MANUTENCAO-PGE;; ESTATUTARIO;5940,55;;5940,55;1254,61;4685,94;
DARCYCLEIDE MARA CORREA PAIXAO;COORD. ADMINISTRAT./FINANCEIRA;ASSISTENTE PROCURATORIAL-PGE;CHEFE DE SECRETARIA; ESTATUTARIO;11006,27;;11006,27;2870,21;8136,06;
DEBORA BANDEIRA DIAS KOENOW;GAB DO SUBPROCURADOR GERAL;PROCURADOR DO ESTADO 3A CLASSE;; ESTATUTARIO;32437,28;;32437,28;11343,28;21094,00;
DIOGO DINIZ FERREIRA DE CARVALHO;GAB DO SUBPROCURADOR GERAL;PROCURADOR DO ESTADO 3A CLASSE;; ESTATUTARIO;32437,28;;32437,28;11343,28;21094,00;
EDDA MARIA FELIX DA SILVA CARVALHO;CARGOS COMISSIONADOS S/VINCULO;ASSESSOR II AD-2;; CARGO COMISSION.S/VINCULO;4209,79;;4209,79;609,94;3599,85;
EDILSON NONATO DA COSTA;SERV. DO QUADRO SUPLEMENTAR;AUXILIAR TECNICO;; ESTATUTARIO;4577,57;;4577,57;817,83;3759,74;
EDMILSON DOS SANTOS GOMES;COORD. ADMINISTRAT./FINANCEIRA;AGENTE DE SEGURANCA-PGE;; ESTATUTARIO;5416,71;;5416,71;955,84;4460,87;
EDNA ARAUJO LIMA;COORD. ADMINISTRAT./FINANCEIRA;AGENTE DE MANUTENCAO-PGE;COORDENADOR AD-1; ESTATUTARIO;11914,07;;11914,07;2871,65;9042,42;
EDYSSANDRO ALBUQUERQUE BATISTA;SERV. DO QUADRO SUPLEMENTAR;ASSISTENTE ADMINISTRATIVO;; ESTATUTARIO;3986,74;;3986,74;653,80;3332,94;
ELIDA DE LIMA REIS CORREA;GAB DO SUBPROCURADOR GERAL;PROCURADOR DO ESTADO 3A CLASSE;ASSESSOR I; ESTATUTARIO;53130,03;738,94;52391,09;17093,97;35297,12;
ELIETE SANTIAGO GARCIA;COORD. ADMINISTRAT./FINANCEIRA;ASSISTENTE PROCURATORIAL-PGE;; ESTATUTARIO;8000,66;;8000,66;2043,16;5957,50;
ELIRACILDA MARTINS CASTRO;CARGOS COMISSIONADOS S/VINCULO;ASSESSOR II;; CARGO COMISSION.S/VINCULO;4209,79;;4209,79;640,87;3568,92;
ELIZABETH LOPES DUARTE;CARGOS COMISSIONADOS S/VINCULO;ASSESSOR II;; CARGO COMISSION.S/VINCULO;4209,79;;4209,79;640,87;3568,92;
ELLEN FLORENCIO SANTOS ROCHA;GAB DO SUBPROCURADOR GERAL;PROCURADOR DO ESTADO 1A CLASSE;; ESTATUTARIO;41642,14;2348,82;39293,32;13820,30;25473,02;
ELZILENE BANDEIRA CARVALHO;CARGOS COMISSIONADOS S/VINCULO;ASSESSOR II;; CARGO COMISSION.S/VINCULO;4209,79;;4209,79;609,94;3599,85;
EMERSON DE SOUZA ALFAIA;COORD. ADMINISTRAT./FINANCEIRA;AGENTE DE MANUTENCAO-PGE;; ESTATUTARIO;4067,25;;4067,25;571,43;3495,82;
EMERSON GOMES SANTOS;CARGOS COMISSIONADOS S/VINCULO;ASSESSOR II;NAO INFORMADO; CARGO COMISSION.S/VINCULO;4209,79;;4209,79;609,94;3599,85;
EMIGLEIA SOARES GOMES;COORD. ADMINISTRAT./FINANCEIRA;ASSISTENTE PROCURATORIAL-PGE;; ESTATUTARIO;8058,03;;8058,03;2064,04;5993,99;
ERNANDO SIMIAO DA SILVA FILHO;GAB DO SUBPROCURADOR GERAL;PROCURADOR DO ESTADO 3A CLASSE;; ESTATUTARIO;38924,73;;38924,73;13577,25;25347,48;
EUCILENE ANDRADE DE C E SANTO;CARGOS COMISSIONADOS S/VINCULO;ASSESSOR CONTABIL;NAO INFORMADO; CARGO COMISSION.S/VINCULO;5229,77;;5229,77;981,03;4248,74;
EUGENIO AUGUSTO CARVALHO SEELIG;GAB DO SUBPROCURADOR GERAL;PROCURADOR DO ESTADO 3A CLASSE;PROCURADOR-CHEFE; ESTATUTARIO;33734,77;;33734,77;11831,78;21902,99;
EUGENIO NUNES SILVA;GAB DO SUBPROCURADOR GERAL;PROCURADOR DO ESTADO 3A CLASSE;SUBPROCURADOR GERAL; ESTATUTARIO;45727,24;6433,92;39293,32;13755,47;25537,85;
EULLEN MOREIRA CORREA;CARGOS COMISSIONADOS S/VINCULO;ASSESSOR III;ASSESSOR III AD-3; CARGO COMISSION.S/VINCULO;3191,80;;3191,80;372,18;2819,62;
EVANDRO EZIDRO DE LIMA REGIS;GAB DO SUBPROCURADOR GERAL;PROCURADOR DO ESTADO 1A CLASSE;; ESTATUTARIO;56127,98;3736,89;52391,09;11659,17;40731,92;
FABIANO BURIOL;GAB DO SUBPROCURADOR GERAL;PROCURADOR DO ESTADO 3A CLASSE;; ESTATUTARIO;37627,24;;37627,24;13297,29;24329,95;
FABIO JOSE DUARTE MARQUES;CARGOS COMISSIONADOS S/VINCULO;ASSESSOR I;; CARGO COMISSION.S/VINCULO;5229,77;;5229,77;981,03;4248,74;
FABIO PEREIRA GARCIA DOS SANTOS;GAB DO SUBPROCURADOR GERAL;PROCURADOR DO ESTADO 2A CLASSE;; ESTATUTARIO;75229,14;;75229,14;12792,34;62436,80;
FATIMA PICANCO BARBOSA;COORD. ADMINISTRAT./FINANCEIRA;AGENTE DE MANUTENCAO-PGE;; ESTATUTARIO;6413,37;;6413,37;1314,38;5098,99;
FELIPE DE OLIVEIRA PANTOJA;CARGOS COMISSIONADOS S/VINCULO;ASSESSOR III;; CARGO COMISSION.S/VINCULO;3191,80;;3191,80;372,18;2819,62;
FERNANDA BATALHA IANNUZZI;CARGOS COMISSIONADOS S/VINCULO;ASSESSOR I;; CARGO COMISSION.S/VINCULO;5229,77;;5229,77;981,03;4248,74;
FRANCISCA RUBIM MIRANDA;COORD. ADMINISTRAT./FINANCEIRA;ASSISTENTE PROCURATORIAL-PGE;CHEFE DE SECRETARIA; ESTATUTARIO;12962,73;;12962,73;3582,42;9380,31;
FRANCISCO BOLIVAR RUFINO DE ARAUJO;COORD. ADMINISTRAT./FINANCEIRA;AGENTE DE SEGURANCA-PGE;; ESTATUTARIO;6386,18;;6386,18;1356,62;5029,56;
FRANKLIN ARTHUR MARTINZ FILHO;GAB DO SUBPROCURADOR GERAL;PROCURADOR DO ESTADO 3A CLASSE;; ESTATUTARIO;35032,26;;35032,26;12320,29;22711,97;
FRANQUIMAR DE LIMA BARNABE;SERV. DO QUADRO SUPLEMENTAR;AUXILIAR DE SERVICOS GERAIS;; ESTATUTARIO;3825,73;;3825,73;506,46;3319,27;
GABRIELA MUNIZ DE MOURA;GAB DO SUBPROCURADOR GERAL;PROCURADOR DO ESTADO 3A CLASSE;; ESTATUTARIO;27247,31;;27247,31;9337,11;17910,20;
GENICE SOCORRO FONSECA COELHO;COORD. ADMINISTRAT./FINANCEIRA;ASSISTENTE PROCURATORIAL-PGE;; ESTATUTARIO;7998,88;;7998,88;1990,38;6008,50;
GILBERT CHARLES DA SILVA LADISLAU;COORD. ADMINISTRAT./FINANCEIRA;AGENTE DE SEGURANCA-PGE;; ESTATUTARIO;9405,78;;9405,78;1627,48;7778,30;
GIORDANO BRUNO COSTA DA CRUZ;GAB DO SUBPROCURADOR GERAL;PROCURADOR DO ESTADO 3A CLASSE;PROCURADOR GERAL; ESTATUTARIO;60180,75;20887,43;39293,32;13571,64;25721,68;
GLADSTON ARAUJO NICOLAU;COORD. ADMINISTRAT./FINANCEIRA;AUXILIAR PROCURATORIAL-PGE;; ESTATUTARIO;3825,73;;3825,73;506,46;3319,27;
GLICIA PEREIRA BRAGA;GAB DO SUBPROCURADOR GERAL;PROCURADOR DO ESTADO 2A CLASSE;; ESTATUTARIO;39118,16;;39118,16;13858,63;25259,53;
GRACIETE DA SILVA VALENTE;COORD. ADMINISTRAT./FINANCEIRA;ASSISTENTE PROCURATORIAL-PGE;CHEFE DE SECRET.; ESTATUTARIO;14909,32;;14909,32;4291,05;10618,27;
GUARACY TAVARES EDWARDS;SERV. DO QUADRO SUPLEMENTAR;ASSISTENTE ADMINISTRATIVO;; ESTATUTARIO;4029,96;;4029,96;714,68;3315,28;
GUILHERMINA INEZ DE LIMA BATISTA;COORD. ADMINISTRAT./FINANCEIRA;ASSISTENTE PROCURATORIAL-PGE;; ESTATUTARIO;8000,66;;8000,66;2043,16;5957,50;
GUSTAVO CABREJOS MARQUES;CARGOS COMISSIONADOS S/VINCULO;ASSESSOR IV;NAO INFORMADO; CARGO COMISSION.S/VINCULO;3175,61;;3175,61;368,10;2807,51;
HELGA COSTA MENDONCA DE REZENDE;GAB DO SUBPROCURADOR GERAL;PROCURADOR DO ESTADO 3A CLASSE;; ESTATUTARIO;36329,75;;36329,75;12756,66;23573,09;
HELLEN CRISTINA SILVA MORAES;COORD. ADMINISTRAT./FINANCEIRA;ASSISTENTE PROCURATORIAL-PGE;; ESTATUTARIO;6603,73;;6603,73;1436,94;5166,79;
HELOYSA SIMONETTI TEIXEIRA;GAB DO SUBPROCURADOR GERAL;PROCURADOR DO ESTADO 1A CLASSE;DIRETOR; ESTATUTARIO;47907,10;8613,78;39293,32;13924,57;25368,75;
HERALDO ALFAIA DA SILVA;COORD. ADMINISTRAT./FINANCEIRA;AGENTE DE MANUTENCAO-PGE;; ESTATUTARIO;6277,93;;6277,93;1317,21;4960,72;
INDRA MARA DOS SANTOS BESSA;GAB DO SUBPROCURADOR GERAL;PROCURADOR DO ESTADO 1A CLASSE;; ESTATUTARIO;51461,89;6667,51;44794,38;15437,36;29357,02;
INEIDE GOMES DE SOUZA MELO;COORD. ADMINISTRAT./FINANCEIRA;AGENTE DE MANUTENCAO-PGE;; ESTATUTARIO;6423,28;;6423,28;1370,12;5053,16;
INGRID KHAMYLLA MONTEIRO X SOUSA;GAB DO SUBPROCURADOR GERAL;PROCURADOR DO ESTADO 3A CLASSE;; ESTATUTARIO;29842,29;;29842,29;10366,26;19476,03;
IOLANDA MELO MESQUITA;CARGOS COMISSIONADOS S/VINCULO;ASSESSOR III;NAO INFORMADO; CARGO COMISSION.S/VINCULO;3191,80;;3191,80;372,18;2819,62;
ISABELA PERES RUSSO;GAB DO SUBPROCURADOR GERAL;PROCURADOR DO ESTADO 2A CLASSE;ASSESSORA-CHEFE; ESTATUTARIO;44118,16;4824,84;39293,32;13854,66;25438,66;
ISAIAS DE LIMA SOARES;COORD. ADMINISTRAT./FINANCEIRA;AGENTE DE SEGURANCA-PGE;; ESTATUTARIO;4067,25;;4067,25;571,43;3495,82;
ISALTINO JOSE BARBOSA NETO;GAB DO SUBPROCURADOR GERAL;PROCURADOR DO ESTADO 3A CLASSE;SUBPROCURADOR GERAL; ESTATUTARIO;54932,54;2541,45;52391,09;16962,27;35428,82;
ISLENE BOTELHO BARROSO;COORD. ADMINISTRAT./FINANCEIRA;ASSISTENTE PROCURATORIAL-PGE;COORDENADOR AD-1; ESTATUTARIO;14909,14;;14909,14;4060,78;10848,36;
IVANIA LUCIA SILVA COSTA;GAB DO SUBPROCURADOR GERAL;PROCURADOR DO ESTADO 3A CLASSE;; ESTATUTARIO;36329,75;;36329,75;12808,79;23520,96;
JACIQUARA TAVARES EDWARDS;COORD. ADMINISTRAT./FINANCEIRA;ASSISTENTE PROCURATORIAL-PGE;CHEFE DE SECRETARIA; ESTATUTARIO;11145,52;;11145,52;2920,90;8224,62;
JAIR AGOSTINHO PEREIRA PINTO;CARGOS COMISSIONADOS S/VINCULO;ASSESSOR II;; CARGO COMISSION.S/VINCULO;4209,79;;4209,79;609,94;3599,85;
JANDIRA MARQUES DA SILVA;COORD. ADMINISTRAT./FINANCEIRA;AUXILIAR PROCURATORIAL-PGE;; ESTATUTARIO;6422,89;;6422,89;1317,85;5105,04;
JANE CLAY PAIXAO DA SILVA;COORD. ADMINISTRAT./FINANCEIRA;ASSISTENTE PROCURATORIAL-PGE;; ESTATUTARIO;7018,12;;7018,12;1720,83;5297,29;
JANEIDE RAMALHO DE SOUZA;COORD. ADMINISTRAT./FINANCEIRA;ASSISTENTE PROCURATORIAL-PGE;; ESTATUTARIO;9572,15;;9572,15;2423,19;7148,96;
JANILSON DA COSTA BARROS;GAB DO SUBPROCURADOR GERAL;PROCURADOR DO ESTADO 3A CLASSE;; ESTATUTARIO;34324,03;;34324,03;11993,83;22330,20;
JANSER NEY CARNEIRO FREIRE;COORD. ADMINISTRAT./FINANCEIRA;AGENTE DE MANUTENCAO-PGE;; ESTATUTARIO;5753,24;;5753,24;1184,08;4569,16;
JEFFERSON DA COSTA CORDEIRO;CARGOS COMISSIONADOS S/VINCULO;TECNICO-TEC-T.S.N.S.-A;ASSESSOR II; ESTATUTARIO;4000,00;;4000,00;263,87;3736,13;
JESSE JORGE DE CARVALHO LINS;COORD. ADMINISTRAT./FINANCEIRA;ASSISTENTE PROCURATORIAL-PGE;CHEFE DE SECRETARIA; ESTATUTARIO;12924,99;;12924,99;3568,69;9356,30;
JOAO AUGUSTO BRUCE LOUREIRO;COORD. ADMINISTRAT./FINANCEIRA;ASSISTENTE PROCURATORIAL-PGE;; ESTATUTARIO;8000,66;;8000,66;2043,16;5957,50;
JOAO DE SA BEZERRA;COORD. ADMINISTRAT./FINANCEIRA;AGENTE DE SEGURANCA-PGE;; ESTATUTARIO;5616,39;;5616,39;1076,38;4540,01;
JOAO DO NASCIMENTO SANTOS;COORD. ADMINISTRAT./FINANCEIRA;AGENTE DE SEGURANCA-PGE;CHEFE DE SECRETARIA; ESTATUTARIO;9810,01;;9810,01;2294,48;7515,53;
JOAO MARCOS CONCEICAO BERNARDO;CARGOS COMISSIONADOS S/VINCULO;ASSESSOR II;; CARGO COMISSION.S/VINCULO;4209,79;;4209,79;640,87;3568,92;
JOAO VITOR CASTELLO BRANCO GIRAO;CARGOS COMISSIONADOS S/VINCULO;ASSESSOR II;NAO INFORMADO; CARGO COMISSION.S/VINCULO;4209,79;;4209,79;640,87;3568,92;
JONAS DE PAULA MELO;COORD. ADMINISTRAT./FINANCEIRA;ASSISTENTE PROCURATORIAL-PGE;; ESTATUTARIO;8759,12;;8759,12;2160,41;6598,71;
JONATAS DOS SANTOS MEDEIROS;COORD. ADMINISTRAT./FINANCEIRA;AUXILIAR PROCURATORIAL-PGE;; ESTATUTARIO;4429,52;;4429,52;688,07;3741,45;
JORGE DE SOUZA SALES;COORD. ADMINISTRAT./FINANCEIRA;AGENTE DE MANUTENCAO-PGE;; ESTATUTARIO;5616,40;;5616,40;951,82;4664,58;
JORGE MONTEIRO MOTA;COORD. ADMINISTRAT./FINANCEIRA;AGENTE DE MANUTENCAO-PGE;; ESTATUTARIO;4067,25;;4067,25;514,55;3552,70;
JOSE AUGUSTO MENEZES DA ROCHA;COORD. ADMINISTRAT./FINANCEIRA;ASSISTENTE PROCURATORIAL-PGE;ASSIST. DE CHEFIA; ESTATUTARIO;14859,78;;14859,78;4183,98;10675,80;
JOSE DARIO DE MATTOS NASCIMENTO;CARGOS COMISSIONADOS S/VINCULO;ASSESSOR III;; CARGO COMISSION.S/VINCULO;3191,80;;3191,80;372,18;2819,62;
JOSE MEDEIROS FILHO;COORD. ADMINISTRAT./FINANCEIRA;MOTORISTA-PGE;; ESTATUTARIO;6890,47;;6890,47;1540,20;5350,27;
JOSE MIGUEL BATALHA SERRA;COORD. ADMINISTRAT./FINANCEIRA;ASSISTENTE PROCURATORIAL-PGE;; ESTATUTARIO;8524,66;;8524,66;2340,17;6184,49;
JOSE RUY BALIEIRO LIMA;COORD. ADMINISTRAT./FINANCEIRA;MOTORISTA-PGE;; ESTATUTARIO;6406,07;;6406,07;1377,74;5028,33;
JOSETE PEREIRA DE ALBUQUERQUE;COORD. ADMINISTRAT./FINANCEIRA;ASSISTENTE PROCURATORIAL-PGE;ASSISTENTE TECNICO; ESTATUTARIO;7811,29;;7811,29;1963,32;5847,97;
JUAREZ DE ALMEIDA CUNHA;COORD. ADMINISTRAT./FINANCEIRA;AGENTE ADMINISTRATIVO 3A CLASSE;; ESTATUTARIO;4164,28;;4164,28;627,08;3537,20;
JUCELINNO ARAUJO LIMA;GAB DO SUBPROCURADOR GERAL;PROCURADOR DO ESTADO 3A CLASSE;; ESTATUTARIO;50169,65;;50169,65;16694,32;33475,33;
JUCIMAR NASCIMENTO DE SOUZA;CARGOS COMISSIONADOS S/VINCULO;ASSESSOR II;ASSESSOR II AD-2; CARGO COMISSION.S/VINCULO;4209,79;;4209,79;581,50;3628,29;
JUCINEIDE MOREIRA DE SOUZA;COORD. ADMINISTRAT./FINANCEIRA;AGENTE DE MANUTENCAO-PGE;; ESTATUTARIO;5639,26;;5639,26;1084,71;4554,55;
JULIO CESAR DE VASCONCELLOS ASSAD;GAB DO SUBPROCURADOR GERAL;PROCURADOR DO ESTADO 3A CLASSE;PROCURADOR-CHEFE; ESTATUTARIO;45222,23;5928,91;39293,32;13820,30;25473,02;
JULIO CEZAR LIMA BRANDAO;GAB DO SUBPROCURADOR GERAL;PROCURADOR DO ESTADO 1A CLASSE;; ESTATUTARIO;44418,28;5124,96;39293,32;13119,79;26173,53;
KALINA MADDY MACEDO COHEN;GAB DO SUBPROCURADOR GERAL;PROCURADOR DO ESTADO 2A CLASSE;; ESTATUTARIO;57215,93;4824,84;52391,09;17404,41;34986,68;
KARINA ARAUJO NERY;CARGOS COMISSIONADOS S/VINCULO;ASSESSOR III;; CARGO COMISSION.S/VINCULO;3191,80;;3191,80;372,18;2819,62;
KARINE ROBERTA SOUZA DA SILVA;CARGOS COMISSIONADOS S/VINCULO;ASSESSOR I;NAO INFORMADO; CARGO COMISSION.S/VINCULO;5229,77;;5229,77;981,03;4248,74;
KARLA BRITO NOVO;GAB DO SUBPROCURADOR GERAL;PROCURADOR DO ESTADO 2A CLASSE;; ESTATUTARIO;37769,26;;37769,26;10618,91;27150,35;
KARLA PASSOS TELLES DE S ITUASSU;CARGOS COMISSIONADOS S/VINCULO;ASSESSOR ESPECIAL AD-1;; CARGO COMISSION.S/VINCULO;5229,77;;5229,77;981,03;4248,74;
KAROLINE ROCHA DA SILVA EVANGELISTA;CARGOS COMISSIONADOS S/VINCULO;ASSESSOR II;; CARGO COMISSION.S/VINCULO;4209,79;;4209,79;640,87;3568,92;
KATIA SANTOS CASTELLO BRANCO;COORD. ADMINISTRAT./FINANCEIRA;ASSISTENTE PROCURATORIAL-PGE;; ESTATUTARIO;5639,01;;5639,01;1172,53;4466,48;
KECIA RIBEIRO DOS SANTOS;CARGOS COMISSIONADOS S/VINCULO;ASSESSOR II;; CARGO COMISSION.S/VINCULO;5613,05;;5613,05;1125,18;4487,87;
KERINNE MARIA FREITAS PINHEIRO;GAB DO SUBPROCURADOR GERAL;PROCURADOR DO ESTADO 3A CLASSE;; ESTATUTARIO;43249,71;;43249,71;14316,69;28933,02;
KEVIN SHOU HIGASHIOKA;CARGOS COMISSIONADOS S/VINCULO;ASSESSOR II;; CARGO COMISSION.S/VINCULO;4209,79;;4209,79;640,87;3568,92;
KLYSSIA ALVES DA SILVA MOURA;CARGOS COMISSIONADOS S/VINCULO;ASSESSOR I;NAO INFORMADO; CARGO COMISSION.S/VINCULO;5229,77;;5229,77;981,03;4248,74;
LAERCIO DE CASTRO DOURADO JUNIOR;GAB DO SUBPROCURADOR GERAL;PROCURADOR DO ESTADO 3A CLASSE;; ESTATUTARIO;38924,74;;38924,74;13733,66;25191,08;
LARISSA AFONSO DOMINGUES DE CASTRO;CARGOS COMISSIONADOS S/VINCULO;ASSESSOR ESPECIAL AD-1;; CARGO COMISSION.S/VINCULO;5229,77;;5229,77;981,03;4248,74;
LEANDRO VENICIUS FONSECA ROZEIRA;GAB DO SUBPROCURADOR GERAL;PROCURADOR DO ESTADO 3A CLASSE;; ESTATUTARIO;36329,75;;36329,75;12808,79;23520,96;
LEILA MARIA RAPOSO XAVIER LEITE;GAB DO SUBPROCURADOR GERAL;PROCURADOR DO ESTADO 2A CLASSE;; ESTATUTARIO;43164,86;3871,54;39293,32;13924,57;25368,75;
LEONARDO DE BORBOREMA BLASCH;GAB DO SUBPROCURADOR GERAL;PROCURADOR DO ESTADO 2A CLASSE;PROCURADOR-CHEFE; ESTATUTARIO;44118,16;4824,84;39293,32;12751,02;26542,30;
LIA SOUTO MAIOR MENDES;CARGOS COMISSIONADOS S/VINCULO;ASSESSOR III;NAO INFORMADO; CARGO COMISSION.S/VINCULO;4255,73;;4255,73;656,19;3599,54;
LILIAN VALERIA DO SOCORRO C HADDAD;COORD. ADMINISTRAT./FINANCEIRA;ASSISTENTE PROCURATORIAL-PGE;CHEFE DE SECRET.; ESTATUTARIO;16852,53;;16852,53;5066,84;11785,69;
LISIEUX RIBEIRO LIMA;GAB DO SUBPROCURADOR GERAL;PROCURADOR DO ESTADO 3A CLASSE;; ESTATUTARIO;35032,26;;35032,26;12320,29;22711,97;
LORENA SILVA DE ALBUQUERQUE;GAB DO SUBPROCURADOR GERAL;PROCURADOR DO ESTADO 3A CLASSE;; ESTATUTARIO;38284,49;;38284,49;13478,04;24806,45;
LUCAS MATHEUS MARTINS DOS SANTOS;CARGOS COMISSIONADOS S/VINCULO;ASSESSOR III;NAO INFORMADO; CARGO COMISSION.S/VINCULO;3191,80;;3191,80;372,18;2819,62;
LUCIANA ARAUJO PAES;GAB DO SUBPROCURADOR GERAL;PROCURADOR DO ESTADO 3A CLASSE;; ESTATUTARIO;36964,34;;36964,34;12983,31;23981,03;
LUCIANA BARROSO DE FREITAS;GAB DO SUBPROCURADOR GERAL;PROCURADOR DO ESTADO 3A CLASSE;; ESTATUTARIO;36329,75;;36329,75;12808,79;23520,96;
LUCIANA DE CASTRO SANTORO;SERV. DO QUADRO SUPLEMENTAR;TEC. DE NIVEL SUPERIOR 1A CLASSE;; ESTATUTARIO;6264,53;;6264,53;1469,11;4795,42;
LUCIANA GUIMARAES PINHEIRO VIEIRA;GAB DO SUBPROCURADOR GERAL;PROCURADOR DO ESTADO 2A CLASSE;PROCURADOR-CHEFE; ESTATUTARIO;44118,16;4824,84;39293,32;13854,66;25438,66;
LUIS CARLOS DE PAULA E SOUSA;GAB DO SUBPROCURADOR GERAL;PROCURADOR DO ESTADO 1A CLASSE;; ESTATUTARIO;41642,14;2348,82;39293,32;13872,43;25420,89;
LUIS EDUARDO MENDES DANTAS;GAB DO SUBPROCURADOR GERAL;PROCURADOR DO ESTADO 3A CLASSE;; ESTATUTARIO;37437,28;;37437,28;12718,28;24719,00;
LUIS NAZARE CRUZ DA SILVA;COORD. ADMINISTRAT./FINANCEIRA;TECNICO EM GESTAO PROCURATORIAL-PGE;ASSIST.DE CHEFIA; ESTATUTARIO;13116,58;;13116,58;3549,40;9567,18;
LUIS RICARDO DA SILVA SANTOS;CARGOS COMISSIONADOS S/VINCULO;ASSESSOR II;; CARGO COMISSION.S/VINCULO;4209,79;;4209,79;581,50;3628,29;
LUIZ GUSTAVO LOPES FURTADO BATISTA;CARGOS COMISSIONADOS S/VINCULO;ASSESSOR III;NAO INFORMADO; CARGO COMISSION.S/VINCULO;3191,80;;3191,80;372,18;2819,62;
MAIRA BATISTA COSTA;CARGOS COMISSIONADOS S/VINCULO;ASSESSOR II;NAO INFORMADO; CARGO COMISSION.S/VINCULO;4209,79;;4209,79;640,87;3568,92;
MARCELLO HENRIQUE SOARES CIPRIANO;GAB DO SUBPROCURADOR GERAL;PROCURADOR DO ESTADO 2A CLASSE;PROCURADOR-CHEFE; ESTATUTARIO;45467,06;6173,74;39293,32;13872,43;25420,89;
MARCELO AUGUSTO ALBUQUERQUE CUNHA;GAB DO SUBPROCURADOR GERAL;PROCURADOR DO ESTADO 1A CLASSE;; ESTATUTARIO;41642,14;2348,82;39293,32;13820,30;25473,02;
MARCIA SENA CASTRO DE SOUZA;CARGOS COMISSIONADOS S/VINCULO;COORDENADOR;NAO INFORMADO; CARGO COMISSION.S/VINCULO;5229,77;;5229,77;981,03;4248,74;
MARIA AUXILIADORA AIRES DE SOUZA;CARGOS COMISSIONADOS S/VINCULO;ASSESSOR II;; CARGO COMISSION.S/VINCULO;4209,79;;4209,79;640,87;3568,92;
MARIA DAS GRACAS BELEM NASCIMENTO;COORD. ADMINISTRAT./FINANCEIRA;AUXILIAR DE SERV GERAIS 2A CLASSE;; ESTATUTARIO;3834,47;;3834,47;508,81;3325,66;
MARIA DE BELEM CARDOSO DE ANDRADE;CARGOS COMISSIONADOS S/VINCULO;GERENTE;NAO INFORMADO; CARGO COMISSION.S/VINCULO;5613,05;;5613,05;1125,18;4487,87;
MARIA DE FATIMA BRASIL AVELINO;COORD. ADMINISTRAT./FINANCEIRA;TELEFONISTA 180 HS;ASSIST.DE SECRET.; ESTATUTARIO;8872,10;;8872,10;1826,53;7045,57;
MARIA DE FATIMA SOARES GOMES;COORD. ADMINISTRAT./FINANCEIRA;ASSISTENTE PROCURATORIAL-PGE;; ESTATUTARIO;8015,35;;8015,35;2048,51;5966,84;
MARIA DE MATTIAS DE SOUZA DA COSTA;CARGOS COMISSIONADOS S/VINCULO;ASSESSOR III;NAO INFORMADO; CARGO COMISSION.S/VINCULO;3191,80;;3191,80;372,18;2819,62;
MARIA DO PERPETUO S ALBUQUERQUE;COORD. ADMINISTRAT./FINANCEIRA;ASSISTENTE PROCURATORIAL-PGE;; ESTATUTARIO;8019,16;;8019,16;2049,90;5969,26;
MARIA DO PERPETUO SOCORRO O SANTOS;COORD. ADMINISTRAT./FINANCEIRA;ASSISTENTE PROCURATORIAL-PGE;CHEFE DE SECRETARIA; ESTATUTARIO;13820,59;;13820,59;3881,18;9939,41;
MARIA DO SOCORRO PIRES DE MOURA;SERV. DO QUADRO SUPLEMENTAR;ASSISTENTE TECNICO 3A CLASSE;CHEF. DE SECRET.; ESTATUTARIO;8629,04;;8629,04;1993,90;6635,14;
MARIA FLORENCIA SILVA;GAB DO SUBPROCURADOR GERAL;PROCURADOR DO ESTADO 2A CLASSE;; ESTATUTARIO;40467,06;1173,74;39293,32;13820,30;25473,02;
MARIA GISLAINE LOUREIRO DE M MATTOS;COORD. ADMINISTRAT./FINANCEIRA;ASSISTENTE PROCURATORIAL-PGE;CHEFE DE SECRETARIA; ESTATUTARIO;11795,66;;11795,66;3267,20;8528,46;
MARIA GORETH DA SILVA CALDERARO;COORD. ADMINISTRAT./FINANCEIRA;ASSISTENTE PROCURATORIAL-PGE;CHEF-DE-SECRET.; ESTATUTARIO;12476,18;;12476,18;3405,30;9070,88;
MARIA HELENA MOUSSE PORTELA;CARGOS COMISSIONADOS S/VINCULO;ASSESSOR DE ENGENHARIA;NAO INFORMADO; CARGO COMISSION.S/VINCULO;5229,77;;5229,77;981,03;4248,74;
MARIA HOSANA DE SOUZA MONTEIRO;GAB DO SUBPROCURADOR GERAL;PROCURADOR DO ESTADO 1A CLASSE;PROCURADOR-CHEFE; ESTATUTARIO;46642,14;7348,82;39293,32;13820,30;25473,02;
MARIA LUZIA DE OLIVEIRA PANTOJA;COORD. ADMINISTRAT./FINANCEIRA;ASSISTENTE PROCURATORIAL-PGE;GERENTE AD-2; ESTATUTARIO;15927,02;;15927,02;4520,36;11406,66;
MATEUS SEVERIANO DA COSTA;GAB DO SUBPROCURADOR GERAL;PROCURADOR DO ESTADO 3A CLASSE;SUBPROCURADOR GERAL; ESTATUTARIO;45966,79;9818,52;36148,27;12507,96;23640,31;
MATHEUS JOSE ALVES DE LIMA;CARGOS COMISSIONADOS S/VINCULO;ASSESSOR IV;NAO INFORMADO; CARGO COMISSION.S/VINCULO;3175,61;;3175,61;368,10;2807,51;
MAURO GOMES COELHO;CARGOS COMISSIONADOS S/VINCULO;ASSESSOR ESPECIAL AD-1;; CARGO COMISSION.S/VINCULO;5229,77;;5229,77;895,72;4334,05;
MICAEL PINHEIRO NEVES SILVA;GAB DO SUBPROCURADOR GERAL;PROCURADOR DO ESTADO 3A CLASSE;; ESTATUTARIO;35644,18;;35644,18;12332,15;23312,03;
MICKAELA ANTONY DANTAS BARROS;CARGOS COMISSIONADOS S/VINCULO;ASSESSOR ESPECIAL AD-1;; CARGO COMISSION.S/VINCULO;5229,77;;5229,77;981,03;4248,74;
MIGUEL RIBAMAR DE OLIVEIRA PROGENIO;SERV. DO QUADRO SUPLEMENTAR;AGENTE ADMINISTRATIVO;; ESTATUTARIO;4527,73;;4527,73;759,22;3768,51;
MILTON NEVES DE SOUZA JUNIOR;CARGOS COMISSIONADOS S/VINCULO;ASSESSOR III;NAO INFORMADO; CARGO COMISSION.S/VINCULO;3191,80;;3191,80;372,18;2819,62;
MILVA DA COSTA SERUDO MARTINS;COORD. ADMINISTRAT./FINANCEIRA;ASSISTENTE PROCURATORIAL-PGE;CHEFE DE SECRET.; ESTATUTARIO;14092,82;;14092,82;3993,82;10099,00;
NATASHA YUKIE HARA DE OLIVEIRA;GAB DO SUBPROCURADOR GERAL;PROCURADOR DO ESTADO 3A CLASSE;; ESTATUTARIO;43249,71;;43249,71;14316,69;28933,02;
NEUSA MARIA DE FARIAS;COORD. ADMINISTRAT./FINANCEIRA;ASSISTENTE PROCURATORIAL-PGE;; ESTATUTARIO;8063,58;;8063,58;2066,06;5997,52;
NICOLE BARBOSA DOS SANTOS;CARGOS COMISSIONADOS S/VINCULO;ASSESSOR ESPECIAL;NAO INFORMADO; CARGO COMISSION.S/VINCULO;5229,77;;5229,77;981,03;4248,74;
NISTON RIBEIRO SALDANHA;CARGOS COMISSIONADOS S/VINCULO;ASSESSOR II;; CARGO COMISSION.S/VINCULO;4209,79;;4209,79;640,87;3568,92;
NORMA SUELY LIMA DE MELO;COORD. ADMINISTRAT./FINANCEIRA;ASSISTENTE PROCURATORIAL-PGE;GERENTE AD-2; ESTATUTARIO;15361,13;;15361,13;4366,49;10994,64;
NUBIA ZELANDIA GOMES DA ROCHA;COORD. ADMINISTRAT./FINANCEIRA;ASSISTENTE PROCURATORIAL-PGE;CHEFE DE SECRETARIA; ESTATUTARIO;12000,66;;12000,66;3143,16;8857,50;
ONILDA ABREU DA SILVA;GAB DO SUBPROCURADOR GERAL;PROCURADOR DO ESTADO 2A CLASSE;; ESTATUTARIO;40467,06;6247,61;34219,45;12477,12;21742,33;
PATRICIA PETRUCCELLI MARINHO;GAB DO SUBPROCURADOR GERAL;PROCURADOR DO ESTADO 2A CLASSE;; ESTATUTARIO;40467,06;1173,74;39293,32;13820,30;25473,02;
PEDRO ANTONIO DE SOUZA MEIRELES;COORD. ADMINISTRAT./FINANCEIRA;ASSISTENTE PROCURATORIAL-PGE;GERENTE AD-2; ESTATUTARIO;13472,70;;13472,70;3744,98;9727,72;
PEDRO PICANCO BARBOSA;COORD. ADMINISTRAT./FINANCEIRA;ASSISTENTE PROCURATORIAL-PGE;; ESTATUTARIO;8010,51;;8010,51;1786,06;6224,45;
RAFAEL CANDIDO DA SILVA;GAB DO SUBPROCURADOR GERAL;PROCURADOR DO ESTADO 3A CLASSE;; ESTATUTARIO;36329,75;;36329,75;12756,66;23573,09;
RAFAEL LINS BERTAZZO;GAB DO SUBPROCURADOR GERAL;PROCURADOR DO ESTADO 3A CLASSE;PROCURADOR-CHEFE; ESTATUTARIO;36329,75;;36329,75;12808,79;23520,96;
RAIANA FRANCIS DA COSTA CABRAL;CARGOS COMISSIONADOS S/VINCULO;ASSIST.ADM.DA FAZENDA EST.4A.CL.V;ASSESSOR I; ESTATUTARIO;5000,00;;5000,00;453,50;4546,50;
RAIANNE VITORINO DO NASCIMENTO;CARGOS COMISSIONADOS S/VINCULO;ASSESSOR IV;; CARGO COMISSION.S/VINCULO;3175,61;;3175,61;368,10;2807,51;
RAIMUNDA LACERDA DE AZEVEDO;COORD. ADMINISTRAT./FINANCEIRA;AGENTE DE MANUTENCAO-PGE;; ESTATUTARIO;7214,14;;7214,14;1658,02;5556,12;
RAIMUNDA LOURDES ALVES DE ALMEIDA;SERV. DO QUADRO SUPLEMENTAR;ASSISTENTE ADMINISTRATIVO;CH DE SECRETARIA; ESTATUTARIO;7527,73;;7527,73;1592,98;5934,75;
RAIMUNDO DELFINO DA CUNHA FILHO;SERV. DO QUADRO SUPLEMENTAR;VIGIA;; ESTATUTARIO;4067,25;;4067,25;565,43;3501,82;
RAQUEL BENTES DE SOUZA NASCIMENTO;GAB DO SUBPROCURADOR GERAL;PROCURADOR DO ESTADO 3A CLASSE;PROCURADOR-CHEFE; ESTATUTARIO;42627,24;3333,92;39293,32;13703,33;25589,99;
RAYANNE PINHEIRO DE ARAUJO SOUSA;CARGOS COMISSIONADOS S/VINCULO;COORDENADOR;NAO INFORMADO; CARGO COMISSION.S/VINCULO;5229,77;;5229,77;981,03;4248,74;
REBECA LIMA DOS SANTOS;CARGOS COMISSIONADOS S/VINCULO;GERENTE;NAO INFORMADO; CARGO COMISSION.S/VINCULO;4209,79;;4209,79;640,87;3568,92;
REINALDO DE ARAUJO SILVA;COORD. ADMINISTRAT./FINANCEIRA;AUXILIAR DE SERV GERAIS 3A CLASSE;; ESTATUTARIO;3834,47;;3834,47;451,93;3382,54;
RENAN TAKETOMI DE MAGALHAES;GAB DO SUBPROCURADOR GERAL;PROCURADOR DO ESTADO 3A CLASSE;PROCURADOR-CHFE; ESTATUTARIO;39324,03;;39324,03;13368,83;25955,20;
RICARDO ANTONIO REZENDE DE JESUS;GAB DO SUBPROCURADOR GERAL;PROCURADOR DO ESTADO 1A CLASSE;; ESTATUTARIO;46642,13;7348,81;39293,32;13924,57;25368,75;
RITA DE CASSIA DE ALBUQUERQUE PINTO;SERV. DO QUADRO SUPLEMENTAR;DESENHISTA GRAFICO B;; ESTATUTARIO;3986,74;;3986,74;674,61;3312,13;
ROBERTA FERREIRA DE ANDRADE MOTA;GAB DO SUBPROCURADOR GERAL;PROCURADOR DO ESTADO 1A CLASSE;; ESTATUTARIO;41642,14;2348,82;39293,32;13820,30;25473,02;
RODECILDO LEAL DA SILVA;COORD. ADMINISTRAT./FINANCEIRA;AGENTE DE MANUTENCAO-PGE;; ESTATUTARIO;5742,71;;5742,71;1127,98;4614,73;
RODRIGO DO NASCIMENTO NUNES;COORD. ADMINISTRAT./FINANCEIRA;TECNICO EM GESTAO PROCURATORIAL-PGE;TEC. NIVEL SUPERIOR; ESTATUTARIO;11160,25;;11160,25;2926,48;8233,77;
ROMULO DE SOUZA CARPINTEIRO PERES;GAB DO SUBPROCURADOR GERAL;PROCURADOR DO ESTADO 2A CLASSE;COORDENADOR AD-1; ESTATUTARIO;45396,38;4824,84;40571,54;14276,08;26295,46;
RONALD DE SOUSA CARPINTEIRO PERES;GAB DO SUBPROCURADOR GERAL;PROCURADOR DO ESTADO 1A CLASSE;CORREGEDOR; ESTATUTARIO;49742,14;10448,82;39293,32;13924,57;25368,75;
ROSINEIDE LOPES DO NASCIMENTO;COORD. ADMINISTRAT./FINANCEIRA;AGENTE DE MANUTENCAO-PGE;; ESTATUTARIO;6413,37;;6413,37;1366,52;5046,85;
RUTH XIMENES DE SABOIA;GAB DO SUBPROCURADOR GERAL;PROCURADOR DO ESTADO 1A CLASSE;; ESTATUTARIO;51307,41;6513,03;44794,38;15228,81;29565,57;
SALVIA DE SOUZA HADDAD;GAB DO SUBPROCURADOR GERAL;PROCURADOR DO ESTADO 3A CLASSE;SECRETARIO CONS.PROC; ESTATUTARIO;40627,24;1333,92;39293,32;13755,47;25537,85;
SAMUEL PAES MEDEIROS;CARGOS COMISSIONADOS S/VINCULO;ASSESSOR IV;NAO INFORMADO; CARGO COMISSION.S/VINCULO;3175,61;;3175,61;368,10;2807,51;
SARA YULE AGUIAR MATOS;CARGOS COMISSIONADOS S/VINCULO;ASSESSOR II;ASSESSOR II AD-2; CARGO COMISSION.S/VINCULO;4209,79;;4209,79;640,87;3568,92;
SEBASTIAO DA COSTA E SILVA;COORD. ADMINISTRAT./FINANCEIRA;AGENTE DE MANUTENCAO-PGE;; ESTATUTARIO;6420,86;;6420,86;1297,85;5123,01;
SELMA MARIA BATISTA DOS SANTOS;COORD. ADMINISTRAT./FINANCEIRA;ASSISTENTE PROCURATORIAL-PGE;COORDENADOR AD-1; ESTATUTARIO;13108,33;;13108,33;3405,22;9703,11;
SIGRID MARIA LOPES FREIRE;COORD. ADMINISTRAT./FINANCEIRA;ASSISTENTE PROCURATORIAL-PGE;; ESTATUTARIO;4952,80;;4952,80;959,68;3993,12;
SILENO KLEBER RAMOS LINS;SERV. DO QUADRO SUPLEMENTAR;VIGIA;; ESTATUTARIO;3825,73;;3825,73;449,58;3376,15;
SIMONETE GOMES SANTOS ARAUJO;GAB DO SUBPROCURADOR GERAL;PROCURADOR DO ESTADO 2A CLASSE;; ESTATUTARIO;47317,02;2522,64;44794,38;15437,36;29357,02;
SOLANGE CORREA NUNES;SERV. DO QUADRO SUPLEMENTAR;ASSISTENTE ADMINISTRATIVO;CHEFE DE SECRETARIA; ESTATUTARIO;8629,04;;8629,04;1993,90;6635,14;
SUELEM CARNEIRO FONSECA;CARGOS COMISSIONADOS S/VINCULO;GERENTE;NAO INFORMADO; CARGO COMISSION.S/VINCULO;4209,79;;4209,79;640,87;3568,92;
SUZY CORDEIRO ACRIZ;CARGOS COMISSIONADOS S/VINCULO;ASSESSOR II;NAO INFORMADO; CARGO COMISSION.S/VINCULO;4209,79;;4209,79;640,87;3568,92;
TADEU DE SOUZA SILVA;GAB DO SUBPROCURADOR GERAL;PROCURADOR DO ESTADO 3A CLASSE;; ESTATUTARIO;73282,73;;73282,73;12630,69;60652,04;
TATIANA DA COSTA PAZ;CARGOS COMISSIONADOS S/VINCULO;ASSESSOR II;; CARGO COMISSION.S/VINCULO;4209,79;;4209,79;640,87;3568,92;
TATIANNE VIEIRA ASSAYAG TOLEDO;GAB DO SUBPROCURADOR GERAL;PROCURADOR DO ESTADO 2A CLASSE;; ESTATUTARIO;39118,16;7760,42;31357,74;11568,10;19789,64;
TAYNAH DE AMORIM LACERDA;CARGOS COMISSIONADOS S/VINCULO;ASSESSOR ESPECIAL;NAO INFORMADO; CARGO COMISSION.S/VINCULO;8193,30;;8193,30;2074,36;6118,94;
TAYNAH DE AMORIM LACERDA;CARGOS COMISSIONADOS S/VINCULO;ASSESSOR III;NAO INFORMADO; CARGO COMISSION.S/VINCULO;3191,80;;3191,80;;3191,80;
TENORIO DOS SANTOS TEIXEIRA;COORD. ADMINISTRAT./FINANCEIRA;AGENTE DE MANUTENCAO-PGE;; ESTATUTARIO;5071,61;;5071,61;934,83;4136,78;
TEREZINHA DOS SANTOS SILVA;SERV. DO QUADRO SUPLEMENTAR;ASSISTENTE TECNICO 2A CLASSE;; ESTATUTARIO;4527,73;;4527,73;801,88;3725,85;
THAIS SOUZA DE OLIVEIRA;CARGOS COMISSIONADOS S/VINCULO;ASSESSOR II;NAO INFORMADO; CARGO COMISSION.S/VINCULO;4209,79;;4209,79;640,87;3568,92;
THALITA SAMPAIO SANTORO;CARGOS COMISSIONADOS S/VINCULO;ASSESSOR ESPECIAL AD-1;; CARGO COMISSION.S/VINCULO;17955,54;;17955,54;;17955,54;
THAYANA PAMELA AMAZONAS PRAIA;CARGOS COMISSIONADOS S/VINCULO;ASSESSOR I;NAO INFORMADO; CARGO COMISSION.S/VINCULO;5229,77;;5229,77;981,03;4248,74;
THELCYANNE DE CARVALHO NUNES DIAS;GAB DO SUBPROCURADOR GERAL;PROCURADOR DO ESTADO 3A CLASSE;; ESTATUTARIO;36329,75;;36329,75;12808,79;23520,96;
THIAGO ARAUJO REZENDE MENDES;GAB DO SUBPROCURADOR GERAL;PROCURADOR DO ESTADO 3A CLASSE;; ESTATUTARIO;33734,77;;33734,77;11831,78;21902,99;
THIAGO OLIVEIRA COSTA;GAB DO SUBPROCURADOR GERAL;PROCURADOR DO ESTADO 3A CLASSE;; ESTATUTARIO;35032,26;;35032,26;12320,29;22711,97;
THIAGO OLIVEIRA FARIAS;CARGOS COMISSIONADOS S/VINCULO;ASSESSOR I;NAO INFORMADO; CARGO COMISSION.S/VINCULO;5229,77;;5229,77;981,03;4248,74;
TICIANO ALVES E SILVA;GAB DO SUBPROCURADOR GERAL;PROCURADOR DO ESTADO 2A CLASSE;; ESTATUTARIO;42769,25;3475,93;39293,32;13769,89;25523,43;
VALTER ALFAIA DA SILVA;COORD. ADMINISTRAT./FINANCEIRA;MOTORISTA-PGE;; ESTATUTARIO;6890,47;;6890,47;1540,20;5350,27;
VANESSA KARINE QUEIROZ GOMES;SERV. DO QUADRO SUPLEMENTAR;ASSISTENTE ADMINISTRATIVO;CHEFE DE SECRET.; ESTATUTARIO;7952,80;;7952,80;1755,80;6197,00;
VANESSA LIMA DO NASCIMENTO;GAB DO SUBPROCURADOR GERAL;PROCURADOR DO ESTADO 3A CLASSE;COORDENADOR; ESTATUTARIO;36966,99;;36966,99;12679,23;24287,76;
VANESSA PONTES DOS SANTOS RODRIGUES;CARGOS COMISSIONADOS S/VINCULO;ASSESSOR ESPECIAL AD-1;; CARGO COMISSION.S/VINCULO;5229,77;;5229,77;981,03;4248,74;
VDSON DA SILVA VERAS;COORD. ADMINISTRAT./FINANCEIRA;AGENTE DE SEGURANCA-PGE;CHEFE DE SECRET.; ESTATUTARIO;10123,44;;10123,44;2456,29;7667,15;
VICTOR FABIAN SOARES CIPRIANO;GAB DO SUBPROCURADOR GERAL;PROCURADOR DO ESTADO 3A CLASSE;; ESTATUTARIO;36884,99;;36884,99;13051,58;23833,41;
VICTOR HUGO FERREIRA CABRAL;COORD. ADMINISTRAT./FINANCEIRA;ASSISTENTE PROCURATORIAL-PGE;ASSIST.ADM.; ESTATUTARIO;4952,80;;4952,80;1002,34;3950,46;
VIRGINIA NUNES BESSA;GAB DO SUBPROCURADOR GERAL;PROCURADOR DO ESTADO 3A CLASSE;; ESTATUTARIO;36329,75;;36329,75;12808,79;23520,96;
VIVALDO MUCA NORONHA JUNIOR;CARGOS COMISSIONADOS S/VINCULO;GERENTE;NAO INFORMADO; CARGO COMISSION.S/VINCULO;4209,79;;4209,79;640,87;3568,92;
VIVIAN MARIA OLIVEIRA DA FROTA;GAB DO SUBPROCURADOR GERAL;PROCURADOR DO ESTADO 3A CLASSE;; ESTATUTARIO;48439,67;;48439,67;16139,02;32300,65;
WANIA TAGNER BAIMA DE OLIVEIRA;COORD. ADMINISTRAT./FINANCEIRA;ASSISTENTE PROCURATORIAL-PGE;CHEFE DE SECRET.; ESTATUTARIO;12099,54;;12099,54;3381,62;8717,92;
YARA DA SILVA LIMA;COORD. ADMINISTRAT./FINANCEIRA;AUXILIAR PROCURATORIAL-PGE;CHEFE DE SECRETARIA; ESTATUTARIO;10459,76;;10459,76;2572,44;7887,32;
YOLANDA CORREA PEREIRA;GAB DO SUBPROCURADOR GERAL;PROCURADOR DO ESTADO 2A CLASSE;; ESTATUTARIO;39981,45;;39981,45;13685,29;26296,16;
