NOME;LOTACAO;CARGO;FUNCAO;VINCULO;REMUNERACAO LEGAL TOTAL(R$);DESC.TETO(R$); REMUNERACAO LEGAL DEVIDA(R$);DESCONTOS LEGAIS(R$);LIQUIDO DISPONIVEL(R$);
ADERVAN FERREIRA CRUZ;COORD. ADMINISTRAT./FINANCEIRA;ASSISTENTE PROCURATORIAL-PGE;GERENTE AD-2; ESTATUTARIO;13956,51;;13956,51;2909,68;11046,83;
ADRIANA GOMES MATOS;CARGOS COMISSIONADOS S/VINCULO;ASSESSOR IV;; CARGO COMISSION.S/VINCULO;3175,61;;3175,61;349,47;2826,14;
ADRIANE SIMOES ASSAYAG RIBEIRO;GAB DO SUBPROCURADOR GERAL;PROCURADOR DO ESTADO 1A CLASSE;; ESTATUTARIO;82323,53;19643,43;62680,10;9393,86;53286,24;
AGDA MARTINS COLADO LIMA;COORD. ADMINISTRAT./FINANCEIRA;ASSISTENTE PROCURATORIAL-PGE;; ESTATUTARIO;4547,66;;4547,66;808,26;3739,40;
AGENILSO DE JESUS FIGUEIRA;SERV. DO QUADRO SUPLEMENTAR;AGENTE DE SEGURANCA-PGE;; ESTATUTARIO;3842,53;;3842,53;338,12;3504,41;
ALDENOR DE SOUZA RABELO;GAB DO SUBPROCURADOR GERAL;PROCURADOR DO ESTADO 3A CLASSE;COORDENADOR; ESTATUTARIO;41329,75;2036,43;39293,32;13623,78;25669,54;
ALINE TEIXEIRA LEAL NUNES;GAB DO SUBPROCURADOR GERAL;PROCURADOR DO ESTADO 3A CLASSE;; ESTATUTARIO;40771,85;;40771,85;14416,83;26355,02;
ALMINO PEREIRA TINOCO;COORD. ADMINISTRAT./FINANCEIRA;AGENTE DE SEGURANCA-PGE;; ESTATUTARIO;6359,79;;6359,79;1021,01;5338,78;
ALTIZA PEREIRA DE SOUZA;GAB DO SUBPROCURADOR GERAL;PROCURADOR DO ESTADO 3A CLASSE;; ESTATUTARIO;41519,72;2226,40;39293,32;13924,57;25368,75;
AMANDA GOMES DA SILVA DO NASCIMENTO;CARGOS COMISSIONADOS S/VINCULO;ASSESSOR II;NAO INFORMADO; CARGO COMISSION.S/VINCULO;5051,74;;5051,74;921,65;4130,09;
AMERICO SILVA MARTINS;COORD. ADMINISTRAT./FINANCEIRA;AGENTE DE SEGURANCA-PGE;; ESTATUTARIO;6024,10;;6024,10;990,04;5034,06;
ANA BEATRIZ SILVA NOVAES;CARGOS COMISSIONADOS S/VINCULO;ASSESSOR II;NAO INFORMADO; CARGO COMISSION.S/VINCULO;4209,79;;4209,79;640,87;3568,92;
ANA CAROLINA FROTA DESIDERI;CARGOS COMISSIONADOS S/VINCULO;ASSESSOR IV;NAO INFORMADO; CARGO COMISSION.S/VINCULO;3175,61;;3175,61;368,10;2807,51;
ANA CAROLINA JUNQUEIRA CASTRO;CARGOS COMISSIONADOS S/VINCULO;ASSESSOR I;NAO INFORMADO; CARGO COMISSION.S/VINCULO;5229,77;;5229,77;981,03;4248,74;
ANA CLEA DA COSTA BAIMA;COORD. ADMINISTRAT./FINANCEIRA;AUXILIAR PROCURATORIAL-PGE;; ESTATUTARIO;6313,36;;6313,36;976,93;5336,43;
ANA EIMAR CORREA COELHO;SERV. DO QUADRO SUPLEMENTAR;ASSISTENTE TECNICO 3A CLASSE;CHEFE DE SECRETARIA; ESTATUTARIO;8629,04;;8629,04;1993,90;6635,14;
ANA EUNICE CARNEIRO ALVES;GAB DO SUBPROCURADOR GERAL;PROCURADOR DO ESTADO 1A CLASSE;; ESTATUTARIO;90765,03;6677,33;84087,70;15437,36;68650,34;
ANA JESSICA GUIMARAES DE M MATTOS;CARGOS COMISSIONADOS S/VINCULO;ASSESSOR II;NAO INFORMADO; CARGO COMISSION.S/VINCULO;4209,79;;4209,79;640,87;3568,92;
ANA LUCIA BESSA WANDERLEY SABINO;COORD. ADMINISTRAT./FINANCEIRA;ASSISTENTE PROCURATORIAL-PGE;ASSIST.DE SECRET.; ESTATUTARIO;13204,12;;13204,12;3008,71;10195,41;
ANA MARCELA GRANA DE ALMEIDA;GAB DO SUBPROCURADOR GERAL;PROCURADOR DO ESTADO 3A CLASSE;; ESTATUTARIO;38703,80;;38703,80;13702,62;25001,18;
ANDRE LUIZ REGO DA SILVA;CARGOS COMISSIONADOS S/VINCULO;ASSESSOR ESPECIAL AD-1;; CARGO COMISSION.S/VINCULO;5229,77;;5229,77;981,03;4248,74;
ANDREA PEREIRA DE FREITAS;GAB DO SUBPROCURADOR GERAL;PROCURADOR DO ESTADO 3A CLASSE;; ESTATUTARIO;38703,80;;38703,80;13702,62;25001,18;
ANDREZA SAMPAIO PROGENIO;CARGOS COMISSIONADOS S/VINCULO;ASSESSOR I;NAO INFORMADO; CARGO COMISSION.S/VINCULO;5229,77;;5229,77;981,03;4248,74;
ANGELA BEATRIZ GONCALVES F O BASTOS;GAB DO SUBPROCURADOR GERAL;PROCURADOR DO ESTADO 1A CLASSE;; ESTATUTARIO;41642,14;2348,82;39293,32;13820,30;25473,02;
ANGELA MARIA MENDONCA VIEIRA;SERV. DO QUADRO SUPLEMENTAR;ASSISTENTE TECNICO 1A CLASSE;CHEFE DE SEC.; ESTATUTARIO;8629,04;;8629,04;1993,90;6635,14;
ANNA KARINA LEAO BRASIL SALAMA;GAB DO SUBPROCURADOR GERAL;PROCURADOR DO ESTADO 2A CLASSE;; ESTATUTARIO;42686,28;1173,74;41512,54;14378,45;27134,09;
ANNE CAROLINE DOS SANTOS FERNANDES;CARGOS COMISSIONADOS S/VINCULO;ASSESSOR III;; CARGO COMISSION.S/VINCULO;3191,80;;3191,80;372,18;2819,62;
ANNY KELLY ALENCAR BARRETO LIMA;CARGOS COMISSIONADOS S/VINCULO;ASSESSOR III;NAO INFORMADO; CARGO COMISSION.S/VINCULO;3191,80;;3191,80;372,18;2819,62;
ANWAR ASSI;CARGOS COMISSIONADOS S/VINCULO;COORDENADOR;NAO INFORMADO; CARGO COMISSION.S/VINCULO;5229,77;;5229,77;981,03;4248,74;
APARECIDA SANTOS MELO;COORD. ADMINISTRAT./FINANCEIRA;AUXILIAR PROCURATORIAL-PGE;CHEFE DE SECRETARIA; ESTATUTARIO;10253,93;;10253,93;2048,13;8205,80;
ARETUZA CARVALHO RIBEIRO;CARGOS COMISSIONADOS S/VINCULO;ASSESSOR III;NAO INFORMADO; CARGO COMISSION.S/VINCULO;3191,80;;3191,80;372,18;2819,62;
ARTHUR MARCEL BATISTA GOMES;GAB DO SUBPROCURADOR GERAL;PROCURADOR DO ESTADO 3A CLASSE;; ESTATUTARIO;40771,85;;40771,85;14416,83;26355,02;
BARBARA FERNANDEZ DE BASTOS;GAB DO SUBPROCURADOR GERAL;PROCURADOR DO ESTADO 3A CLASSE;; ESTATUTARIO;36403,45;;36403,45;12779,03;23624,42;
BARBARA YOLE ARAUJO DE SOUSA;CARGOS COMISSIONADOS S/VINCULO;ASSESSOR I;NAO INFORMADO; DISP. OUTROS ESFERAS;7666,66;;7666,66;1238,97;6427,69;
BENEDITO EVALDO DE LIMA MORENO;GAB DO SUBPROCURADOR GERAL;PROCURADOR DO ESTADO 3A CLASSE;; ESTATUTARIO;47020,78;2226,40;44794,38;14387,85;30406,53;
BRUNA CARDOSO DE AZEDO;CARGOS COMISSIONADOS S/VINCULO;ASSESSOR II;; CARGO COMISSION.S/VINCULO;4209,79;;4209,79;640,87;3568,92;
BRUNA CAROLINE SAMPAIO SANTORO;CARGOS COMISSIONADOS S/VINCULO;ASSESSOR III;NAO INFORMADO; CARGO COMISSION.S/VINCULO;3191,80;;3191,80;372,18;2819,62;
CAMILLA PEREIRA DE MARCOS;GAB DO SUBPROCURADOR GERAL;PROCURADOR DO ESTADO 3A CLASSE;; ESTATUTARIO;35836,86;;35836,86;12623,22;23213,64;
CARLOS ALBERTO DE MORAES R FILHO;GAB DO SUBPROCURADOR GERAL;PROCURADOR DO ESTADO 1A CLASSE;; ESTATUTARIO;43030,21;19643,43;23386,78;9550,27;13836,51;
CARLOS ALEXANDRE MOREIRA C M MATOS;GAB DO SUBPROCURADOR GERAL;PROCURADOR DO ESTADO 2A CLASSE;SUBPROCURADOR GERAL; ESTATUTARIO;45467,06;6173,74;39293,32;13716,02;25577,30;
CARLOS VENICIOS DE ASSIS SANTANA;CARGOS COMISSIONADOS S/VINCULO;ASSESSOR II;; CARGO COMISSION.S/VINCULO;4209,79;;4209,79;553,06;3656,73;
CASSIA MAISA BEZERRA DA S FERNANDES;COORD. ADMINISTRAT./FINANCEIRA;ASSISTENTE PROCURATORIAL-PGE;CHEFE DE SECRETARIA; ESTATUTARIO;13539,51;;13539,51;2860,52;10678,99;
CELIO ALCANTARA CIPRIANO;COORD. ADMINISTRAT./FINANCEIRA;ASSISTENTE PROCURATORIAL-PGE;CHEF.DE SECRET.; ESTATUTARIO;7970,41;;7970,41;1452,07;6518,34;
CLARA MARIA LINDOSO E LIMA;GAB DO SUBPROCURADOR GERAL;PROCURADOR DO ESTADO 2A CLASSE;; ESTATUTARIO;53665,92;8871,54;44794,38;15437,36;29357,02;
CLOVIS SMITH FROTA JUNIOR;GAB DO SUBPROCURADOR GERAL;PROCURADOR DO ESTADO 2A CLASSE;; ESTATUTARIO;42686,28;1173,74;41512,54;14534,86;26977,68;
DAIANE VIEIRA DE SOUZA SOARES;COORD. ADMINISTRAT./FINANCEIRA;ASSISTENTE PROCURATORIAL-PGE;COORDENADOR  AD-1; ESTATUTARIO;14411,23;;14411,23;3176,88;11234,35;
DANIEL PINHEIRO VIEGAS;GAB DO SUBPROCURADOR GERAL;PROCURADOR DO ESTADO 3A CLASSE;PROCURADOR-CHEFE; ESTATUTARIO;42627,24;3333,92;39293,32;13755,47;25537,85;
DANIEL SOMBRA DA SILVA;SERV. DO QUADRO SUPLEMENTAR;MOTORISTA A;ASSIST DE CHEFIA; ESTATUTARIO;8769,50;;8769,50;1831,05;6938,45;
DANIELLE LIMA DE FIGUEIREDO;CARGOS COMISSIONADOS S/VINCULO;ASSESSOR IV;; CARGO COMISSION.S/VINCULO;3175,61;;3175,61;342,04;2833,57;
DARCI MACEDO FERREIRA;COORD. ADMINISTRAT./FINANCEIRA;AGENTE DE MANUTENCAO-PGE;; ESTATUTARIO;6718,63;;6718,63;1081,11;5637,52;
DARCYCLEIDE MARA CORREA PAIXAO;COORD. ADMINISTRAT./FINANCEIRA;ASSISTENTE PROCURATORIAL-PGE;CHEFE DE SECRETARIA; ESTATUTARIO;11148,78;;11148,78;2349,53;8799,25;
DEBORA BANDEIRA DIAS KOENOW;GAB DO SUBPROCURADOR GERAL;PROCURADOR DO ESTADO 3A CLASSE;; ESTATUTARIO;36403,45;;36403,45;12779,03;23624,42;
DIOGO DINIZ FERREIRA DE CARVALHO;GAB DO SUBPROCURADOR GERAL;PROCURADOR DO ESTADO 3A CLASSE;; ESTATUTARIO;36403,45;;36403,45;12779,03;23624,42;
EDDA MARIA FELIX DA SILVA CARVALHO;CARGOS COMISSIONADOS S/VINCULO;ASSESSOR II AD-2;; CARGO COMISSION.S/VINCULO;4209,79;;4209,79;609,94;3599,85;
EDILSON NONATO DA COSTA;SERV. DO QUADRO SUPLEMENTAR;AUXILIAR TECNICO;; ESTATUTARIO;4577,57;;4577,57;817,83;3759,74;
EDMILSON DOS SANTOS GOMES;COORD. ADMINISTRAT./FINANCEIRA;AGENTE DE SEGURANCA-PGE;; ESTATUTARIO;5006,89;;5006,89;716,72;4290,17;
EDNA ARAUJO LIMA;COORD. ADMINISTRAT./FINANCEIRA;AGENTE DE MANUTENCAO-PGE;COORDENADOR AD-1; ESTATUTARIO;11805,38;;11805,38;2523,48;9281,90;
EDYSSANDRO ALBUQUERQUE BATISTA;SERV. DO QUADRO SUPLEMENTAR;ASSISTENTE ADMINISTRATIVO;; ESTATUTARIO;3986,74;;3986,74;653,80;3332,94;
ELIDA DE LIMA REIS CORREA;GAB DO SUBPROCURADOR GERAL;PROCURADOR DO ESTADO 3A CLASSE;; ESTATUTARIO;43892,62;738,94;43153,68;14776,33;28377,35;
ELIETE SANTIAGO GARCIA;COORD. ADMINISTRAT./FINANCEIRA;ASSISTENTE PROCURATORIAL-PGE;; ESTATUTARIO;8143,17;;8143,17;1522,49;6620,68;
ELIRACILDA MARTINS CASTRO;CARGOS COMISSIONADOS S/VINCULO;ASSESSOR II;; CARGO COMISSION.S/VINCULO;4209,79;;4209,79;640,87;3568,92;
ELIZABETH LOPES DUARTE;CARGOS COMISSIONADOS S/VINCULO;ASSESSOR II;; CARGO COMISSION.S/VINCULO;4209,79;;4209,79;640,87;3568,92;
ELLEN FLORENCIO SANTOS ROCHA;GAB DO SUBPROCURADOR GERAL;PROCURADOR DO ESTADO 1A CLASSE;; ESTATUTARIO;54739,91;2348,82;52391,09;17474,32;34916,77;
ELZILENE BANDEIRA CARVALHO;CARGOS COMISSIONADOS S/VINCULO;ASSESSOR II;; CARGO COMISSION.S/VINCULO;4209,79;;4209,79;609,94;3599,85;
EMERSON DE SOUZA ALFAIA;COORD. ADMINISTRAT./FINANCEIRA;AGENTE DE MANUTENCAO-PGE;; ESTATUTARIO;5423,00;;5423,00;891,61;4531,39;
EMERSON GOMES SANTOS;CARGOS COMISSIONADOS S/VINCULO;ASSESSOR II;NAO INFORMADO; CARGO COMISSION.S/VINCULO;4209,79;;4209,79;609,94;3599,85;
EMIGLEIA SOARES GOMES;COORD. ADMINISTRAT./FINANCEIRA;ASSISTENTE PROCURATORIAL-PGE;; ESTATUTARIO;8201,23;;8201,23;1543,62;6657,61;
ERNANDO SIMIAO DA SILVA FILHO;GAB DO SUBPROCURADOR GERAL;PROCURADOR DO ESTADO 3A CLASSE;; ESTATUTARIO;43684,12;;43684,12;15300,15;28383,97;
EUCILENE ANDRADE DE C E SANTO;CARGOS COMISSIONADOS S/VINCULO;ASSESSOR CONTABIL;NAO INFORMADO; CARGO COMISSION.S/VINCULO;5229,77;;5229,77;981,03;4248,74;
EUGENIO AUGUSTO CARVALHO SEELIG;GAB DO SUBPROCURADOR GERAL;PROCURADOR DO ESTADO 3A CLASSE;PROCURADOR-CHEFE; ESTATUTARIO;37859,59;;37859,59;13324,97;24534,62;
EUGENIO NUNES SILVA;GAB DO SUBPROCURADOR GERAL;PROCURADOR DO ESTADO 3A CLASSE;SUBPROCURADOR GERAL; ESTATUTARIO;45727,24;6433,92;39293,32;13755,47;25537,85;
EULLEN MOREIRA CORREA;CARGOS COMISSIONADOS S/VINCULO;ASSESSOR III;ASSESSOR III AD-3; CARGO COMISSION.S/VINCULO;3191,80;;3191,80;372,18;2819,62;
EVANDRO EZIDRO DE LIMA REGIS;GAB DO SUBPROCURADOR GERAL;PROCURADOR DO ESTADO 1A CLASSE;; ESTATUTARIO;43030,21;3736,89;39293,32;9498,03;29795,29;
FABIANO BURIOL;GAB DO SUBPROCURADOR GERAL;PROCURADOR DO ESTADO 3A CLASSE;; ESTATUTARIO;42227,99;;42227,99;14962,76;27265,23;
FABIO JOSE DUARTE MARQUES;CARGOS COMISSIONADOS S/VINCULO;ASSESSOR I;; CARGO COMISSION.S/VINCULO;5229,77;;5229,77;981,03;4248,74;
FABIO PEREIRA GARCIA DOS SANTOS;GAB DO SUBPROCURADOR GERAL;PROCURADOR DO ESTADO 2A CLASSE;; ESTATUTARIO;42350,91;;42350,91;15148,06;27202,85;
FATIMA PICANCO BARBOSA;COORD. ADMINISTRAT./FINANCEIRA;AGENTE DE MANUTENCAO-PGE;; ESTATUTARIO;6303,39;;6303,39;973,74;5329,65;
FELIPE DE OLIVEIRA PANTOJA;CARGOS COMISSIONADOS S/VINCULO;ASSESSOR III;; CARGO COMISSION.S/VINCULO;3191,80;;3191,80;372,18;2819,62;
FERNANDA BATALHA IANNUZZI;CARGOS COMISSIONADOS S/VINCULO;ASSESSOR I;; CARGO COMISSION.S/VINCULO;5229,77;;5229,77;981,03;4248,74;
FRANCISCA RUBIM MIRANDA;COORD. ADMINISTRAT./FINANCEIRA;ASSISTENTE PROCURATORIAL-PGE;CHEFE DE SECRETARIA; ESTATUTARIO;13154,96;;13154,96;2890,76;10264,20;
FRANCISCO BOLIVAR RUFINO DE ARAUJO;COORD. ADMINISTRAT./FINANCEIRA;AGENTE DE SEGURANCA-PGE;; ESTATUTARIO;6367,87;;6367,87;1033,83;5334,04;
FRANKLIN ARTHUR MARTINZ FILHO;GAB DO SUBPROCURADOR GERAL;PROCURADOR DO ESTADO 3A CLASSE;; ESTATUTARIO;39315,72;;39315,72;13870,90;25444,82;
FRANQUIMAR DE LIMA BARNABE;SERV. DO QUADRO SUPLEMENTAR;AUXILIAR DE SERVICOS GERAIS;; ESTATUTARIO;3825,73;;3825,73;506,46;3319,27;
GABRIELA MUNIZ DE MOURA;GAB DO SUBPROCURADOR GERAL;PROCURADOR DO ESTADO 3A CLASSE;; ESTATUTARIO;30102,95;;30102,95;10412,26;19690,69;
GENICE SOCORRO FONSECA COELHO;COORD. ADMINISTRAT./FINANCEIRA;ASSISTENTE PROCURATORIAL-PGE;; ESTATUTARIO;8299,77;;8299,77;1565,55;6734,22;
GILBERT CHARLES DA SILVA LADISLAU;COORD. ADMINISTRAT./FINANCEIRA;AGENTE DE SEGURANCA-PGE;; ESTATUTARIO;9347,55;;9347,55;1485,46;7862,09;
GIORDANO BRUNO COSTA DA CRUZ;GAB DO SUBPROCURADOR GERAL;PROCURADOR DO ESTADO 3A CLASSE;PROCURADOR GERAL; ESTATUTARIO;60180,75;20887,43;39293,32;13571,64;25721,68;
GLADSTON ARAUJO NICOLAU;COORD. ADMINISTRAT./FINANCEIRA;AUXILIAR PROCURATORIAL-PGE;; ESTATUTARIO;3825,73;;3825,73;506,46;3319,27;
GLICIA PEREIRA BRAGA;GAB DO SUBPROCURADOR GERAL;PROCURADOR DO ESTADO 2A CLASSE;; ESTATUTARIO;43901,16;;43901,16;15590,07;28311,09;
GRACIETE DA SILVA VALENTE;COORD. ADMINISTRAT./FINANCEIRA;ASSISTENTE PROCURATORIAL-PGE;CHEFE DE SECRET.; ESTATUTARIO;15509,91;;15509,91;3347,49;12162,42;
GUARACY TAVARES EDWARDS;SERV. DO QUADRO SUPLEMENTAR;ASSISTENTE ADMINISTRATIVO;; ESTATUTARIO;4029,96;;4029,96;714,68;3315,28;
GUILHERMINA INEZ DE LIMA BATISTA;COORD. ADMINISTRAT./FINANCEIRA;ASSISTENTE PROCURATORIAL-PGE;; ESTATUTARIO;8143,17;;8143,17;1522,49;6620,68;
GUSTAVO CABREJOS MARQUES;CARGOS COMISSIONADOS S/VINCULO;ASSESSOR IV;NAO INFORMADO; CARGO COMISSION.S/VINCULO;3175,61;;3175,61;368,10;2807,51;
HELGA COSTA MENDONCA DE REZENDE;GAB DO SUBPROCURADOR GERAL;PROCURADOR DO ESTADO 3A CLASSE;ASSESSOR I; ESTATUTARIO;47438,51;2036,43;45402,08;17389,63;28012,45;
HELLEN CRISTINA SILVA MORAES;COORD. ADMINISTRAT./FINANCEIRA;ASSISTENTE PROCURATORIAL-PGE;; ESTATUTARIO;4952,80;;4952,80;1002,34;3950,46;
HELOYSA SIMONETTI TEIXEIRA;GAB DO SUBPROCURADOR GERAL;PROCURADOR DO ESTADO 1A CLASSE;DIRETOR; ESTATUTARIO;47907,10;8613,78;39293,32;13924,57;25368,75;
HERALDO ALFAIA DA SILVA;COORD. ADMINISTRAT./FINANCEIRA;AGENTE DE MANUTENCAO-PGE;; ESTATUTARIO;6397,77;;6397,77;1044,72;5353,05;
INDRA MARA DOS SANTOS BESSA;GAB DO SUBPROCURADOR GERAL;PROCURADOR DO ESTADO 1A CLASSE;; ESTATUTARIO;51461,89;6667,51;44794,38;15437,36;29357,02;
INEIDE GOMES DE SOUZA MELO;COORD. ADMINISTRAT./FINANCEIRA;AGENTE DE MANUTENCAO-PGE;; ESTATUTARIO;6313,36;;6313,36;1021,50;5291,86;
INGRID KHAMYLLA MONTEIRO X SOUSA;GAB DO SUBPROCURADOR GERAL;PROCURADOR DO ESTADO 3A CLASSE;; ESTATUTARIO;33491,16;;33491,16;11687,15;21804,01;
IOLANDA MELO MESQUITA;CARGOS COMISSIONADOS S/VINCULO;ASSESSOR III;NAO INFORMADO; CARGO COMISSION.S/VINCULO;3191,80;;3191,80;372,18;2819,62;
ISABELA PERES RUSSO;GAB DO SUBPROCURADOR GERAL;PROCURADOR DO ESTADO 2A CLASSE;ASSESSORA-CHEFE; ESTATUTARIO;44118,16;4824,84;39293,32;13854,66;25438,66;
ISAIAS DE LIMA SOARES;COORD. ADMINISTRAT./FINANCEIRA;AGENTE DE SEGURANCA-PGE;; ESTATUTARIO;4067,25;;4067,25;571,43;3495,82;
ISALTINO JOSE BARBOSA NETO;GAB DO SUBPROCURADOR GERAL;PROCURADOR DO ESTADO 3A CLASSE;SUBPROCURADOR GERAL; ESTATUTARIO;41834,77;2541,45;39293,32;13360,38;25932,94;
ISLENE BOTELHO BARROSO;COORD. ADMINISTRAT./FINANCEIRA;ASSISTENTE PROCURATORIAL-PGE;COORDENADOR AD-1; ESTATUTARIO;15053,47;;15053,47;3592,90;11460,57;
IVANIA LUCIA SILVA COSTA;GAB DO SUBPROCURADOR GERAL;PROCURADOR DO ESTADO 3A CLASSE;; ESTATUTARIO;40771,85;;40771,85;14416,83;26355,02;
JACIQUARA TAVARES EDWARDS;COORD. ADMINISTRAT./FINANCEIRA;ASSISTENTE PROCURATORIAL-PGE;CHEFE DE SECRETARIA; ESTATUTARIO;11289,77;;11289,77;2400,86;8888,91;
JAIR AGOSTINHO PEREIRA PINTO;CARGOS COMISSIONADOS S/VINCULO;ASSESSOR II;; CARGO COMISSION.S/VINCULO;4209,79;;4209,79;609,94;3599,85;
JANDIRA MARQUES DA SILVA;COORD. ADMINISTRAT./FINANCEIRA;AUXILIAR PROCURATORIAL-PGE;; ESTATUTARIO;6313,36;;6313,36;1021,50;5291,86;
JANE CLAY PAIXAO DA SILVA;COORD. ADMINISTRAT./FINANCEIRA;ASSISTENTE PROCURATORIAL-PGE;; ESTATUTARIO;7220,06;;7220,06;1238,32;5981,74;
JANEIDE RAMALHO DE SOUZA;COORD. ADMINISTRAT./FINANCEIRA;ASSISTENTE PROCURATORIAL-PGE;; ESTATUTARIO;8143,17;;8143,17;1470,35;6672,82;
JANILSON DA COSTA BARROS;GAB DO SUBPROCURADOR GERAL;PROCURADOR DO ESTADO 3A CLASSE;; ESTATUTARIO;37270,33;;37270,33;13162,92;24107,41;
JANSER NEY CARNEIRO FREIRE;COORD. ADMINISTRAT./FINANCEIRA;AGENTE DE MANUTENCAO-PGE;; ESTATUTARIO;7147,57;;7147,57;1249,13;5898,44;
JEFFERSON DA COSTA CORDEIRO;CARGOS COMISSIONADOS S/VINCULO;TECNICO-TEC-T.S.N.S.-A;ASSESSOR II; ESTATUTARIO;4000,00;;4000,00;263,87;3736,13;
JESSE JORGE DE CARVALHO LINS;COORD. ADMINISTRAT./FINANCEIRA;ASSISTENTE PROCURATORIAL-PGE;CHEFE DE SECRETARIA; ESTATUTARIO;13336,82;;13336,82;2938,41;10398,41;
JOAO AUGUSTO BRUCE LOUREIRO;COORD. ADMINISTRAT./FINANCEIRA;ASSISTENTE PROCURATORIAL-PGE;; ESTATUTARIO;8143,17;;8143,17;1522,49;6620,68;
JOAO DE SA BEZERRA;COORD. ADMINISTRAT./FINANCEIRA;AGENTE DE SEGURANCA-PGE;; ESTATUTARIO;5682,93;;5682,93;867,53;4815,40;
JOAO DO NASCIMENTO SANTOS;COORD. ADMINISTRAT./FINANCEIRA;AGENTE DE SEGURANCA-PGE;CHEFE DE SECRETARIA; ESTATUTARIO;8608,56;;8608,56;1738,87;6869,69;
JOAO MARCOS CONCEICAO BERNARDO;CARGOS COMISSIONADOS S/VINCULO;ASSESSOR II;; CARGO COMISSION.S/VINCULO;4209,79;;4209,79;640,87;3568,92;
JOAO VITOR CASTELLO BRANCO GIRAO;CARGOS COMISSIONADOS S/VINCULO;ASSESSOR II;NAO INFORMADO; CARGO COMISSION.S/VINCULO;4209,79;;4209,79;640,87;3568,92;
JONAS DE PAULA MELO;COORD. ADMINISTRAT./FINANCEIRA;ASSISTENTE PROCURATORIAL-PGE;; ESTATUTARIO;7346,10;;7346,10;1280,35;6065,75;
JONATAS DOS SANTOS MEDEIROS;COORD. ADMINISTRAT./FINANCEIRA;AUXILIAR PROCURATORIAL-PGE;; ESTATUTARIO;4429,52;;4429,52;688,07;3741,45;
JORGE DE SOUZA SALES;COORD. ADMINISTRAT./FINANCEIRA;AGENTE DE MANUTENCAO-PGE;; ESTATUTARIO;5682,93;;5682,93;759,29;4923,64;
JORGE MONTEIRO MOTA;COORD. ADMINISTRAT./FINANCEIRA;AGENTE DE MANUTENCAO-PGE;; ESTATUTARIO;4067,25;;4067,25;514,55;3552,70;
JOSE AUGUSTO MENEZES DA ROCHA;COORD. ADMINISTRAT./FINANCEIRA;ASSISTENTE PROCURATORIAL-PGE;ASSIST. DE CHEFIA; ESTATUTARIO;15931,86;;15931,86;3439,68;12492,18;
JOSE DARIO DE MATTOS NASCIMENTO;CARGOS COMISSIONADOS S/VINCULO;ASSESSOR III;; CARGO COMISSION.S/VINCULO;3191,80;;3191,80;372,18;2819,62;
JOSE MEDEIROS FILHO;COORD. ADMINISTRAT./FINANCEIRA;MOTORISTA-PGE;; ESTATUTARIO;6570,12;;6570,12;1159,30;5410,82;
JOSE MIGUEL BATALHA SERRA;COORD. ADMINISTRAT./FINANCEIRA;ASSISTENTE PROCURATORIAL-PGE;; ESTATUTARIO;8852,06;;8852,06;1505,58;7346,48;
JOSE RUY BALIEIRO LIMA;COORD. ADMINISTRAT./FINANCEIRA;MOTORISTA-PGE;; ESTATUTARIO;6672,47;;6672,47;1187,41;5485,06;
JOSETE PEREIRA DE ALBUQUERQUE;COORD. ADMINISTRAT./FINANCEIRA;ASSISTENTE PROCURATORIAL-PGE;ASSISTENTE TECNICO; ESTATUTARIO;5584,07;;5584,07;1152,53;4431,54;
JUAREZ DE ALMEIDA CUNHA;COORD. ADMINISTRAT./FINANCEIRA;AGENTE ADMINISTRATIVO 3A CLASSE;; ESTATUTARIO;4164,28;;4164,28;648,41;3515,87;
JUCELINNO ARAUJO LIMA;GAB DO SUBPROCURADOR GERAL;PROCURADOR DO ESTADO 3A CLASSE;; ESTATUTARIO;41570,74;;41570,74;14729,88;26840,86;
JUCIMAR NASCIMENTO DE SOUZA;CARGOS COMISSIONADOS S/VINCULO;ASSESSOR II;ASSESSOR II AD-2; CARGO COMISSION.S/VINCULO;4209,79;;4209,79;581,50;3628,29;
JUCINEIDE MOREIRA DE SOUZA;COORD. ADMINISTRAT./FINANCEIRA;AGENTE DE MANUTENCAO-PGE;; ESTATUTARIO;5707,06;;5707,06;875,27;4831,79;
JULIO CESAR DE VASCONCELLOS ASSAD;GAB DO SUBPROCURADOR GERAL;PROCURADOR DO ESTADO 3A CLASSE;PROCURADOR-CHEFE; ESTATUTARIO;47687,29;7226,40;40460,89;14141,38;26319,51;
JULIO CEZAR LIMA BRANDAO;GAB DO SUBPROCURADOR GERAL;PROCURADOR DO ESTADO 1A CLASSE;; ESTATUTARIO;44418,28;5124,96;39293,32;13173,36;26119,96;
KALINA MADDY MACEDO COHEN;GAB DO SUBPROCURADOR GERAL;PROCURADOR DO ESTADO 2A CLASSE;; ESTATUTARIO;44118,16;4824,84;39293,32;13802,52;25490,80;
KARINA ARAUJO NERY;CARGOS COMISSIONADOS S/VINCULO;ASSESSOR III;; CARGO COMISSION.S/VINCULO;3191,80;;3191,80;372,18;2819,62;
KARINE ROBERTA SOUZA DA SILVA;CARGOS COMISSIONADOS S/VINCULO;ASSESSOR I;NAO INFORMADO; CARGO COMISSION.S/VINCULO;5229,77;;5229,77;981,03;4248,74;
KARLA BRITO NOVO;GAB DO SUBPROCURADOR GERAL;PROCURADOR DO ESTADO 2A CLASSE;; ESTATUTARIO;42387,34;;42387,34;11955,38;30431,96;
KARLA PASSOS TELLES DE S ITUASSU;CARGOS COMISSIONADOS S/VINCULO;ASSESSOR ESPECIAL AD-1;; CARGO COMISSION.S/VINCULO;5229,77;;5229,77;981,03;4248,74;
KAROLINE ROCHA DA SILVA EVANGELISTA;CARGOS COMISSIONADOS S/VINCULO;ASSESSOR II;; CARGO COMISSION.S/VINCULO;4209,79;;4209,79;640,87;3568,92;
KATIA SANTOS CASTELLO BRANCO;COORD. ADMINISTRAT./FINANCEIRA;ASSISTENTE PROCURATORIAL-PGE;; ESTATUTARIO;5639,01;;5639,01;1172,53;4466,48;
KECIA RIBEIRO DOS SANTOS;CARGOS COMISSIONADOS S/VINCULO;ASSESSOR II;; CARGO COMISSION.S/VINCULO;4209,79;;4209,79;640,87;3568,92;
KERINNE MARIA FREITAS PINHEIRO;GAB DO SUBPROCURADOR GERAL;PROCURADOR DO ESTADO 3A CLASSE;; ESTATUTARIO;35836,86;;35836,86;12623,22;23213,64;
KEVIN SHOU HIGASHIOKA;CARGOS COMISSIONADOS S/VINCULO;ASSESSOR II;; CARGO COMISSION.S/VINCULO;7717,94;;7717,94;3367,81;4350,13;
KEVIN SHOU HIGASHIOKA;CARGOS COMISSIONADOS S/VINCULO;ASSESSOR I;NAO INFORMADO; CARGO COMISSION.S/VINCULO;9413,58;;9413,58;2319,95;7093,63;
KLYSSIA ALVES DA SILVA MOURA;CARGOS COMISSIONADOS S/VINCULO;ASSESSOR I;NAO INFORMADO; CARGO COMISSION.S/VINCULO;5229,77;;5229,77;981,03;4248,74;
LAERCIO DE CASTRO DOURADO JUNIOR;GAB DO SUBPROCURADOR GERAL;PROCURADOR DO ESTADO 3A CLASSE;; ESTATUTARIO;43004,24;;43004,24;15269,60;27734,64;
LARISSA AFONSO DOMINGUES DE CASTRO;CARGOS COMISSIONADOS S/VINCULO;ASSESSOR ESPECIAL AD-1;; CARGO COMISSION.S/VINCULO;5229,77;;5229,77;981,03;4248,74;
LEANDRO VENICIUS FONSECA ROZEIRA;GAB DO SUBPROCURADOR GERAL;PROCURADOR DO ESTADO 3A CLASSE;; ESTATUTARIO;40771,85;;40771,85;14416,83;26355,02;
LEILA MARIA RAPOSO XAVIER LEITE;GAB DO SUBPROCURADOR GERAL;PROCURADOR DO ESTADO 2A CLASSE;; ESTATUTARIO;43164,86;3871,54;39293,32;13924,57;25368,75;
LEONARDO DE BORBOREMA BLASCH;GAB DO SUBPROCURADOR GERAL;PROCURADOR DO ESTADO 2A CLASSE;PROCURADOR-CHEFE; ESTATUTARIO;83411,48;4824,84;78586,64;12751,02;65835,62;
LIA SOUTO MAIOR MENDES;CARGOS COMISSIONADOS S/VINCULO;ASSESSOR III;NAO INFORMADO; CARGO COMISSION.S/VINCULO;3191,80;;3191,80;372,18;2819,62;
LILIAN VALERIA DO SOCORRO C HADDAD;COORD. ADMINISTRAT./FINANCEIRA;ASSISTENTE PROCURATORIAL-PGE;CHEFE DE SECRET.; ESTATUTARIO;12213,09;;12213,09;2548,06;9665,03;
LISIEUX RIBEIRO LIMA;GAB DO SUBPROCURADOR GERAL;PROCURADOR DO ESTADO 3A CLASSE;; ESTATUTARIO;38703,80;;38703,80;13702,62;25001,18;
LORENA SILVA DE ALBUQUERQUE;GAB DO SUBPROCURADOR GERAL;PROCURADOR DO ESTADO 3A CLASSE;; ESTATUTARIO;41570,74;;41570,74;14782,02;26788,72;
LUCAS MATHEUS MARTINS DOS SANTOS;CARGOS COMISSIONADOS S/VINCULO;ASSESSOR III;NAO INFORMADO; CARGO COMISSION.S/VINCULO;3191,80;;3191,80;372,18;2819,62;
LUCIANA ARAUJO PAES;GAB DO SUBPROCURADOR GERAL;PROCURADOR DO ESTADO 3A CLASSE;; ESTATUTARIO;40137,27;;40137,27;14242,32;25894,95;
LUCIANA BARROSO DE FREITAS;GAB DO SUBPROCURADOR GERAL;PROCURADOR DO ESTADO 3A CLASSE;; ESTATUTARIO;40771,85;;40771,85;14416,83;26355,02;
LUCIANA DE CASTRO SANTORO;SERV. DO QUADRO SUPLEMENTAR;TEC. DE NIVEL SUPERIOR 1A CLASSE;; ESTATUTARIO;6264,53;;6264,53;1469,11;4795,42;
LUCIANA GUIMARAES PINHEIRO VIEIRA;GAB DO SUBPROCURADOR GERAL;PROCURADOR DO ESTADO 2A CLASSE;PROCURADOR-CHEFE; ESTATUTARIO;46771,19;6173,74;40597,45;14231,07;26366,38;
LUIS CARLOS DE PAULA E SOUSA;GAB DO SUBPROCURADOR GERAL;PROCURADOR DO ESTADO 1A CLASSE;; ESTATUTARIO;41642,14;2348,82;39293,32;13872,43;25420,89;
LUIS EDUARDO MENDES DANTAS;GAB DO SUBPROCURADOR GERAL;PROCURADOR DO ESTADO 3A CLASSE;; ESTATUTARIO;41403,45;;41403,45;14154,03;27249,42;
LUIS NAZARE CRUZ DA SILVA;COORD. ADMINISTRAT./FINANCEIRA;TECNICO EM GESTAO PROCURATORIAL-PGE;ASSIST.DE CHEFIA; ESTATUTARIO;13116,58;;13116,58;3549,40;9567,18;
LUIS RICARDO DA SILVA SANTOS;CARGOS COMISSIONADOS S/VINCULO;ASSESSOR II;; CARGO COMISSION.S/VINCULO;4209,79;;4209,79;581,50;3628,29;
LUIZ GUSTAVO LOPES FURTADO BATISTA;CARGOS COMISSIONADOS S/VINCULO;ASSESSOR III;NAO INFORMADO; CARGO COMISSION.S/VINCULO;3191,80;;3191,80;372,18;2819,62;
MAIRA BATISTA COSTA;CARGOS COMISSIONADOS S/VINCULO;ASSESSOR II;NAO INFORMADO; CARGO COMISSION.S/VINCULO;4209,79;;4209,79;640,87;3568,92;
MARCELLO HENRIQUE SOARES CIPRIANO;GAB DO SUBPROCURADOR GERAL;PROCURADOR DO ESTADO 2A CLASSE;PROCURADOR-CHEFE; ESTATUTARIO;45467,06;6173,74;39293,32;13872,43;25420,89;
MARCELO AUGUSTO ALBUQUERQUE CUNHA;GAB DO SUBPROCURADOR GERAL;PROCURADOR DO ESTADO 1A CLASSE;; ESTATUTARIO;41642,14;2348,82;39293,32;13820,30;25473,02;
MARCIA SENA CASTRO DE SOUZA;CARGOS COMISSIONADOS S/VINCULO;COORDENADOR;NAO INFORMADO; CARGO COMISSION.S/VINCULO;5229,77;;5229,77;981,03;4248,74;
MARIA AUXILIADORA AIRES DE SOUZA;CARGOS COMISSIONADOS S/VINCULO;ASSESSOR II;; CARGO COMISSION.S/VINCULO;4209,79;;4209,79;640,87;3568,92;
MARIA DAS GRACAS BELEM NASCIMENTO;COORD. ADMINISTRAT./FINANCEIRA;AUXILIAR DE SERV GERAIS 2A CLASSE;; ESTATUTARIO;3834,47;;3834,47;508,81;3325,66;
MARIA DE BELEM CARDOSO DE ANDRADE;CARGOS COMISSIONADOS S/VINCULO;GERENTE;NAO INFORMADO; CARGO COMISSION.S/VINCULO;4209,79;;4209,79;640,87;3568,92;
MARIA DE FATIMA BRASIL AVELINO;COORD. ADMINISTRAT./FINANCEIRA;TELEFONISTA 180 HS;ASSIST.DE SECRET.; ESTATUTARIO;8872,10;;8872,10;1826,53;7045,57;
MARIA DE FATIMA SOARES GOMES;COORD. ADMINISTRAT./FINANCEIRA;ASSISTENTE PROCURATORIAL-PGE;; ESTATUTARIO;8316,47;;8316,47;1571,63;6744,84;
MARIA DE MATTIAS DE SOUZA DA COSTA;CARGOS COMISSIONADOS S/VINCULO;ASSESSOR III;NAO INFORMADO; CARGO COMISSION.S/VINCULO;3191,80;;3191,80;372,18;2819,62;
MARIA DO PERPETUO S ALBUQUERQUE;COORD. ADMINISTRAT./FINANCEIRA;ASSISTENTE PROCURATORIAL-PGE;; ESTATUTARIO;7137,11;;7137,11;1403,75;5733,36;
MARIA DO PERPETUO SOCORRO O SANTOS;COORD. ADMINISTRAT./FINANCEIRA;ASSISTENTE PROCURATORIAL-PGE;CHEFE DE SECRETARIA; ESTATUTARIO;13963,48;;13963,48;3360,64;10602,84;
MARIA DO SOCORRO PIRES DE MOURA;SERV. DO QUADRO SUPLEMENTAR;ASSISTENTE TECNICO 3A CLASSE;CHEF. DE SECRET.; ESTATUTARIO;8629,04;;8629,04;1993,90;6635,14;
MARIA FLORENCIA SILVA;GAB DO SUBPROCURADOR GERAL;PROCURADOR DO ESTADO 2A CLASSE;; ESTATUTARIO;42676,28;1173,74;41502,54;14427,83;27074,71;
MARIA GISLAINE LOUREIRO DE M MATTOS;COORD. ADMINISTRAT./FINANCEIRA;ASSISTENTE PROCURATORIAL-PGE;CHEFE DE SECRETARIA; ESTATUTARIO;12096,72;;12096,72;2627,06;9469,66;
MARIA GORETH DA SILVA CALDERARO;COORD. ADMINISTRAT./FINANCEIRA;ASSISTENTE PROCURATORIAL-PGE;CHEF-DE-SECRET.; ESTATUTARIO;12621,71;;12621,71;2885,73;9735,98;
MARIA HELENA MOUSSE PORTELA;CARGOS COMISSIONADOS S/VINCULO;ASSESSOR DE ENGENHARIA;NAO INFORMADO; CARGO COMISSION.S/VINCULO;5229,77;;5229,77;981,03;4248,74;
MARIA HOSANA DE SOUZA MONTEIRO;GAB DO SUBPROCURADOR GERAL;PROCURADOR DO ESTADO 1A CLASSE;PROCURADOR-CHEFE; ESTATUTARIO;46642,14;7348,82;39293,32;13820,30;25473,02;
MARIA LUZIA DE OLIVEIRA PANTOJA;COORD. ADMINISTRAT./FINANCEIRA;ASSISTENTE PROCURATORIAL-PGE;GERENTE AD-2; ESTATUTARIO;16199,59;;16199,59;3485,01;12714,58;
MATEUS SEVERIANO DA COSTA;GAB DO SUBPROCURADOR GERAL;PROCURADOR DO ESTADO 3A CLASSE;SUBPROCURADOR GERAL; ESTATUTARIO;45966,79;9818,52;36148,27;12507,96;23640,31;
MATHEUS JOSE ALVES DE LIMA;CARGOS COMISSIONADOS S/VINCULO;ASSESSOR IV;NAO INFORMADO; CARGO COMISSION.S/VINCULO;3175,61;;3175,61;368,10;2807,51;
MAURO GOMES COELHO;CARGOS COMISSIONADOS S/VINCULO;ASSESSOR ESPECIAL AD-1;; CARGO COMISSION.S/VINCULO;5229,77;;5229,77;895,72;4334,05;
MICAEL PINHEIRO NEVES SILVA;GAB DO SUBPROCURADOR GERAL;PROCURADOR DO ESTADO 3A CLASSE;; ESTATUTARIO;38703,80;;38703,80;13546,21;25157,59;
MICKAELA ANTONY DANTAS BARROS;CARGOS COMISSIONADOS S/VINCULO;ASSESSOR ESPECIAL AD-1;; CARGO COMISSION.S/VINCULO;5229,77;;5229,77;981,03;4248,74;
MIGUEL RIBAMAR DE OLIVEIRA PROGENIO;SERV. DO QUADRO SUPLEMENTAR;AGENTE ADMINISTRATIVO;; ESTATUTARIO;4527,73;;4527,73;759,22;3768,51;
MILTON NEVES DE SOUZA JUNIOR;CARGOS COMISSIONADOS S/VINCULO;ASSESSOR III;NAO INFORMADO; CARGO COMISSION.S/VINCULO;3191,80;;3191,80;372,18;2819,62;
MILVA DA COSTA SERUDO MARTINS;COORD. ADMINISTRAT./FINANCEIRA;ASSISTENTE PROCURATORIAL-PGE;CHEFE DE SECRET.; ESTATUTARIO;15195,23;;15195,23;3260,56;11934,67;
NATASHA YUKIE HARA DE OLIVEIRA;GAB DO SUBPROCURADOR GERAL;PROCURADOR DO ESTADO 3A CLASSE;; ESTATUTARIO;35836,86;;35836,86;12623,22;23213,64;
NEUSA MARIA DE FARIAS;COORD. ADMINISTRAT./FINANCEIRA;ASSISTENTE PROCURATORIAL-PGE;; ESTATUTARIO;8208,13;;8208,13;1546,14;6661,99;
NICOLE BARBOSA DOS SANTOS;CARGOS COMISSIONADOS S/VINCULO;ASSESSOR ESPECIAL;NAO INFORMADO; CARGO COMISSION.S/VINCULO;5229,77;;5229,77;981,03;4248,74;
NISTON RIBEIRO SALDANHA;CARGOS COMISSIONADOS S/VINCULO;ASSESSOR II;; CARGO COMISSION.S/VINCULO;4209,79;;4209,79;640,87;3568,92;
NORMA SUELY LIMA DE MELO;COORD. ADMINISTRAT./FINANCEIRA;ASSISTENTE PROCURATORIAL-PGE;GERENTE AD-2; ESTATUTARIO;15745,01;;15745,01;3414,33;12330,68;
NUBIA ZELANDIA GOMES DA ROCHA;COORD. ADMINISTRAT./FINANCEIRA;ASSISTENTE PROCURATORIAL-PGE;CHEFE DE SECRETARIA; ESTATUTARIO;12143,17;;12143,17;2622,49;9520,68;
ONILDA ABREU DA SILVA;GAB DO SUBPROCURADOR GERAL;PROCURADOR DO ESTADO 2A CLASSE;; ESTATUTARIO;40467,06;6247,61;34219,45;12477,12;21742,33;
PATRICIA PETRUCCELLI MARINHO;GAB DO SUBPROCURADOR GERAL;PROCURADOR DO ESTADO 2A CLASSE;; ESTATUTARIO;42676,28;1173,74;41502,54;14427,83;27074,71;
PEDRO ANTONIO DE SOUZA MEIRELES;COORD. ADMINISTRAT./FINANCEIRA;ASSISTENTE PROCURATORIAL-PGE;GERENTE AD-2; ESTATUTARIO;13800,21;;13800,21;2962,05;10838,16;
PEDRO PICANCO BARBOSA;COORD. ADMINISTRAT./FINANCEIRA;ASSISTENTE PROCURATORIAL-PGE;; ESTATUTARIO;8153,15;;8153,15;1369,71;6783,44;
RAFAEL CANDIDO DA SILVA;GAB DO SUBPROCURADOR GERAL;PROCURADOR DO ESTADO 3A CLASSE;; ESTATUTARIO;77101,60;;77101,60;14364,70;62736,90;
RAFAEL LINS BERTAZZO;GAB DO SUBPROCURADOR GERAL;PROCURADOR DO ESTADO 3A CLASSE;PROCURADOR-CHEFE; ESTATUTARIO;40771,85;;40771,85;14416,83;26355,02;
RAIANA FRANCIS DA COSTA CABRAL;CARGOS COMISSIONADOS S/VINCULO;ASSIST.ADM.DA FAZENDA EST.4A.CL.V;ASSESSOR I; ESTATUTARIO;5000,00;;5000,00;453,50;4546,50;
RAIANNE VITORINO DO NASCIMENTO;CARGOS COMISSIONADOS S/VINCULO;ASSESSOR IV;; CARGO COMISSION.S/VINCULO;3175,61;;3175,61;368,10;2807,51;
RAIMUNDA AZEVEDO DE SOUSA;COORD. ADMINISTRAT./FINANCEIRA;AGENTE DE MANUTENCAO-PGE;; ESTATUTARIO;6927,98;;6927,98;1186,15;5741,83;
RAIMUNDA LOURDES ALVES DE ALMEIDA;SERV. DO QUADRO SUPLEMENTAR;ASSISTENTE ADMINISTRATIVO;CH DE SECRETARIA; ESTATUTARIO;7527,73;;7527,73;1592,98;5934,75;
RAIMUNDO DELFINO DA CUNHA FILHO;SERV. DO QUADRO SUPLEMENTAR;VIGIA;; ESTATUTARIO;4067,25;;4067,25;565,43;3501,82;
RAQUEL BENTES DE SOUZA NASCIMENTO;GAB DO SUBPROCURADOR GERAL;PROCURADOR DO ESTADO 3A CLASSE;PROCURADOR-CHEFE; ESTATUTARIO;42627,24;3333,92;39293,32;13703,33;25589,99;
RAYANNE PINHEIRO DE ARAUJO SOUSA;CARGOS COMISSIONADOS S/VINCULO;COORDENADOR;NAO INFORMADO; CARGO COMISSION.S/VINCULO;5229,77;;5229,77;981,03;4248,74;
REBECA LIMA DOS SANTOS;CARGOS COMISSIONADOS S/VINCULO;GERENTE;NAO INFORMADO; CARGO COMISSION.S/VINCULO;4209,79;;4209,79;640,87;3568,92;
REINALDO DE ARAUJO SILVA;COORD. ADMINISTRAT./FINANCEIRA;AUXILIAR DE SERV GERAIS 3A CLASSE;; ESTATUTARIO;5112,63;;5112,63;691,88;4420,75;
RENAN TAKETOMI DE MAGALHAES;GAB DO SUBPROCURADOR GERAL;PROCURADOR DO ESTADO 3A CLASSE;PROCURADOR-CHFE; ESTATUTARIO;42270,33;;42270,33;14537,92;27732,41;
RICARDO ANTONIO REZENDE DE JESUS;GAB DO SUBPROCURADOR GERAL;PROCURADOR DO ESTADO 1A CLASSE;; ESTATUTARIO;46642,13;7348,81;39293,32;13924,57;25368,75;
RITA DE CASSIA DE ALBUQUERQUE PINTO;SERV. DO QUADRO SUPLEMENTAR;DESENHISTA GRAFICO B;; ESTATUTARIO;3986,74;;3986,74;703,05;3283,69;
ROBERTA FERREIRA DE ANDRADE MOTA;GAB DO SUBPROCURADOR GERAL;PROCURADOR DO ESTADO 1A CLASSE;; ESTATUTARIO;41642,14;2348,82;39293,32;13820,30;25473,02;
RODECILDO LEAL DA SILVA;COORD. ADMINISTRAT./FINANCEIRA;AGENTE DE MANUTENCAO-PGE;; ESTATUTARIO;5773,98;;5773,98;852,72;4921,26;
RODRIGO DO NASCIMENTO NUNES;COORD. ADMINISTRAT./FINANCEIRA;TECNICO EM GESTAO PROCURATORIAL-PGE;TEC. NIVEL SUPERIOR; ESTATUTARIO;11160,25;;11160,25;2926,48;8233,77;
ROMULO DE SOUZA CARPINTEIRO PERES;GAB DO SUBPROCURADOR GERAL;PROCURADOR DO ESTADO 2A CLASSE;COORDENADOR AD-1; ESTATUTARIO;44118,16;4824,84;39293,32;13906,79;25386,53;
RONALD DE SOUSA CARPINTEIRO PERES;GAB DO SUBPROCURADOR GERAL;PROCURADOR DO ESTADO 1A CLASSE;CORREGEDOR; ESTATUTARIO;49742,14;10448,82;39293,32;13924,57;25368,75;
ROSINEIDE LOPES DO NASCIMENTO;COORD. ADMINISTRAT./FINANCEIRA;AGENTE DE MANUTENCAO-PGE;; ESTATUTARIO;6303,39;;6303,39;1017,88;5285,51;
RUTH XIMENES DE SABOIA;GAB DO SUBPROCURADOR GERAL;PROCURADOR DO ESTADO 1A CLASSE;; ESTATUTARIO;51307,41;6513,03;44794,38;15228,81;29565,57;
SALVIA DE SOUZA HADDAD;GAB DO SUBPROCURADOR GERAL;PROCURADOR DO ESTADO 3A CLASSE;SECRETARIO CONS.PROC; ESTATUTARIO;42115,51;1333,92;40781,59;14294,22;26487,37;
SAMUEL PAES MEDEIROS;CARGOS COMISSIONADOS S/VINCULO;ASSESSOR IV;NAO INFORMADO; CARGO COMISSION.S/VINCULO;3175,61;;3175,61;368,10;2807,51;
SARA YULE AGUIAR MATOS;CARGOS COMISSIONADOS S/VINCULO;ASSESSOR II;ASSESSOR II AD-2; CARGO COMISSION.S/VINCULO;4209,79;;4209,79;640,87;3568,92;
SEBASTIAO DA COSTA E SILVA;COORD. ADMINISTRAT./FINANCEIRA;AGENTE DE MANUTENCAO-PGE;; ESTATUTARIO;5226,76;;5226,76;765,30;4461,46;
SELMA MARIA BATISTA DOS SANTOS;COORD. ADMINISTRAT./FINANCEIRA;ASSISTENTE PROCURATORIAL-PGE;COORDENADOR AD-1; ESTATUTARIO;13250,98;;13250,98;2884,60;10366,38;
SIGRID MARIA LOPES FREIRE;COORD. ADMINISTRAT./FINANCEIRA;ASSISTENTE PROCURATORIAL-PGE;; ESTATUTARIO;4952,80;;4952,80;959,68;3993,12;
SILENO KLEBER RAMOS LINS;SERV. DO QUADRO SUPLEMENTAR;VIGIA;; ESTATUTARIO;3825,73;;3825,73;478,02;3347,71;
SIMONETE GOMES SANTOS ARAUJO;GAB DO SUBPROCURADOR GERAL;PROCURADOR DO ESTADO 2A CLASSE;; ESTATUTARIO;47317,02;2522,64;44794,38;15437,36;29357,02;
SOLANGE CORREA NUNES;SERV. DO QUADRO SUPLEMENTAR;ASSISTENTE ADMINISTRATIVO;CHEFE DE SECRETARIA; ESTATUTARIO;8629,04;;8629,04;1993,90;6635,14;
SUELEM CARNEIRO FONSECA;CARGOS COMISSIONADOS S/VINCULO;GERENTE;NAO INFORMADO; CARGO COMISSION.S/VINCULO;4209,79;;4209,79;640,87;3568,92;
SUZY CORDEIRO ACRIZ;CARGOS COMISSIONADOS S/VINCULO;ASSESSOR II;NAO INFORMADO; CARGO COMISSION.S/VINCULO;4209,79;;4209,79;640,87;3568,92;
TADEU DE SOUZA SILVA;GAB DO SUBPROCURADOR GERAL;PROCURADOR DO ESTADO 3A CLASSE;; ESTATUTARIO;42227,99;;42227,99;14296,16;27931,83;
TATIANA DA COSTA PAZ;CARGOS COMISSIONADOS S/VINCULO;ASSESSOR II;; CARGO COMISSION.S/VINCULO;4209,79;;4209,79;640,87;3568,92;
TATIANNE VIEIRA ASSAYAG TOLEDO;GAB DO SUBPROCURADOR GERAL;PROCURADOR DO ESTADO 2A CLASSE;; ESTATUTARIO;39118,16;7760,42;31357,74;11568,10;19789,64;
TAYNAH DE AMORIM LACERDA;CARGOS COMISSIONADOS S/VINCULO;ASSESSOR ESPECIAL;NAO INFORMADO; CARGO COMISSION.S/VINCULO;5229,77;;5229,77;981,03;4248,74;
TENORIO DOS SANTOS TEIXEIRA;COORD. ADMINISTRAT./FINANCEIRA;AGENTE DE MANUTENCAO-PGE;; ESTATUTARIO;5163,60;;5163,60;751,64;4411,96;
TEREZINHA DOS SANTOS SILVA;SERV. DO QUADRO SUPLEMENTAR;ASSISTENTE TECNICO 2A CLASSE;; ESTATUTARIO;4527,73;;4527,73;801,88;3725,85;
THAIS SOUZA DE OLIVEIRA;CARGOS COMISSIONADOS S/VINCULO;ASSESSOR II;NAO INFORMADO; CARGO COMISSION.S/VINCULO;4209,79;;4209,79;640,87;3568,92;
THAYANA PAMELA AMAZONAS PRAIA;CARGOS COMISSIONADOS S/VINCULO;ASSESSOR I;NAO INFORMADO; CARGO COMISSION.S/VINCULO;5229,77;;5229,77;981,03;4248,74;
THELCYANNE DE CARVALHO NUNES DIAS;GAB DO SUBPROCURADOR GERAL;PROCURADOR DO ESTADO 3A CLASSE;; ESTATUTARIO;40771,85;;40771,85;14416,83;26355,02;
THIAGO ARAUJO REZENDE MENDES;GAB DO SUBPROCURADOR GERAL;PROCURADOR DO ESTADO 3A CLASSE;; ESTATUTARIO;50936,92;;50936,92;17123,13;33813,79;
THIAGO OLIVEIRA COSTA;GAB DO SUBPROCURADOR GERAL;PROCURADOR DO ESTADO 3A CLASSE;; ESTATUTARIO;53004,15;;53004,15;17322,35;35681,80;
THIAGO OLIVEIRA FARIAS;CARGOS COMISSIONADOS S/VINCULO;ASSESSOR I;NAO INFORMADO; CARGO COMISSION.S/VINCULO;5229,77;;5229,77;981,03;4248,74;
TICIANO ALVES E SILVA;GAB DO SUBPROCURADOR GERAL;PROCURADOR DO ESTADO 2A CLASSE;; ESTATUTARIO;37769,25;;37769,25;12892,43;24876,82;
VALTER ALFAIA DA SILVA;COORD. ADMINISTRAT./FINANCEIRA;MOTORISTA-PGE;; ESTATUTARIO;6868,88;;6868,88;1216,22;5652,66;
VANESSA KARINE QUEIROZ GOMES;SERV. DO QUADRO SUPLEMENTAR;ASSISTENTE ADMINISTRATIVO;CHEFE DE SECRET.; ESTATUTARIO;7952,80;;7952,80;1755,80;6197,00;
VANESSA LIMA DO NASCIMENTO;GAB DO SUBPROCURADOR GERAL;PROCURADOR DO ESTADO 3A CLASSE;COORDENADOR; ESTATUTARIO;42859,59;;42859,59;14837,99;28021,60;
VANESSA PONTES DOS SANTOS RODRIGUES;CARGOS COMISSIONADOS S/VINCULO;ASSESSOR ESPECIAL AD-1;; CARGO COMISSION.S/VINCULO;5229,77;;5229,77;981,03;4248,74;
VDSON DA SILVA VERAS;COORD. ADMINISTRAT./FINANCEIRA;AGENTE DE SEGURANCA-PGE;CHEFE DE SECRET.; ESTATUTARIO;9267,96;;9267,96;1860,11;7407,85;
VICTOR FABIAN SOARES CIPRIANO;GAB DO SUBPROCURADOR GERAL;PROCURADOR DO ESTADO 3A CLASSE;; ESTATUTARIO;43684,15;;43684,15;15542,46;28141,69;
VICTOR HUGO FERREIRA CABRAL;COORD. ADMINISTRAT./FINANCEIRA;ASSISTENTE PROCURATORIAL-PGE;ASSIST.ADM.; ESTATUTARIO;4952,80;;4952,80;1002,34;3950,46;
VIRGINIA NUNES BESSA;GAB DO SUBPROCURADOR GERAL;PROCURADOR DO ESTADO 3A CLASSE;; ESTATUTARIO;40771,85;;40771,85;14416,83;26355,02;
VIVALDO MUCA NORONHA JUNIOR;CARGOS COMISSIONADOS S/VINCULO;GERENTE;NAO INFORMADO; CARGO COMISSION.S/VINCULO;4209,79;;4209,79;640,87;3568,92;
VIVIAN MARIA OLIVEIRA DA FROTA;GAB DO SUBPROCURADOR GERAL;PROCURADOR DO ESTADO 3A CLASSE;; ESTATUTARIO;40137,27;;40137,27;14242,32;25894,95;
WANIA TAGNER BAIMA DE OLIVEIRA;COORD. ADMINISTRAT./FINANCEIRA;ASSISTENTE PROCURATORIAL-PGE;CHEFE DE SECRET.; ESTATUTARIO;12320,92;;12320,92;2667,61;9653,31;
YARA DA SILVA LIMA;COORD. ADMINISTRAT./FINANCEIRA;AUXILIAR PROCURATORIAL-PGE;CHEFE DE SECRETARIA; ESTATUTARIO;10137,52;;10137,52;2094,83;8042,69;
YOLANDA CORREA PEREIRA;GAB DO SUBPROCURADOR GERAL;PROCURADOR DO ESTADO 2A CLASSE;; ESTATUTARIO;44784,26;;44784,26;15379,14;29405,12;
