NOME;LOTACAO;CARGO;FUNCAO;VINCULO;REMUNERACAO LEGAL TOTAL(R$);DESC.TETO(R$); REMUNERACAO LEGAL DEVIDA(R$);DESCONTOS LEGAIS(R$);LIQUIDO DISPONIVEL(R$);
ADRIANO MENDONÇA PONTE;GABINETE;SECRETARIO DE ESTADO;NAO INFORMADO; CARGO COMISSION.S/VINCULO;28060,00;;28060,00;7447,72;20612,28;
AILTON RODRIGUES PEREIRA;ASSESSORIA;ASSESSOR II;NAO INFORMADO; CARGO COMISSION.S/VINCULO;4209,79;;4209,79;1008,82;3200,97;
AILTON RODRIGUES PEREIRA;ASSESSORIA;ASSESSOR I;ASSESSOR I; CARGO COMISSION.S/VINCULO;5229,77;;5229,77;;5229,77;
ALANO DANIEL BORGES DO AMARAL;ASSESSORIA;ASSESSOR II;NAO INFORMADO; CARGO COMISSION.S/VINCULO;4209,79;;4209,79;640,87;3568,92;
ANA PAULA FONTELES DA SILVA;ASSESSORIA;ASSESSOR II;NAO INFORMADO; CARGO COMISSION.S/VINCULO;4209,79;;4209,79;640,87;3568,92;
ANA PAULA SANTOS;ASSESSORIA;ASSESSOR I;NAO INFORMADO; CARGO COMISSION.S/VINCULO;5229,77;;5229,77;981,03;4248,74;
ANANIAS PALMEIRA DA SILVA;ASSESSORIA;ASSESSOR I;NAO INFORMADO; CARGO COMISSION.S/VINCULO;5229,77;;5229,77;981,03;4248,74;
ANDRE ALVES DE SOUZA;ASSESSORIA;ASSESSOR II;NAO INFORMADO; CARGO COMISSION.S/VINCULO;4209,79;;4209,79;640,87;3568,92;
ANDREIA BANDEIRA FARIA;ASSESSORIA;ASSESSOR I;NAO INFORMADO; CARGO COMISSION.S/VINCULO;5229,77;;5229,77;981,03;4248,74;
ANDREIA BANDEIRA FARIA;ASSESSORIA;ASSESSOR II;; CARGO COMISSION.S/VINCULO;5963,73;;5963,73;2104,90;3858,83;
ANDRIELLE DOS SANTOS NOGUEIRA;ASSESSORIA;ASSESSOR I;NAO INFORMADO; CARGO COMISSION.S/VINCULO;5229,77;;5229,77;981,03;4248,74;
ANTONIA PEREIRA DA SILVA;ASSESSORIA;ASSESSOR III;; CARGO COMISSION.S/VINCULO;3191,80;;3191,80;372,18;2819,62;
BARBARA ZAPATTA ANDRADE NUNES;ASSESSORIA;ASSESSOR I;ASSESSOR I; CARGO COMISSION.S/VINCULO;5229,77;;5229,77;981,03;4248,74;
BRUNA DANYELY DE OLIVEIRA FARIAS;GABINETE;MEMBRO;NAO INFORMADO; CARGO COMISSION.S/VINCULO;7000,00;;7000,00;1647,36;5352,64;
BRUNO SILVEIRA MACEDO;ASSESSORIA;ASSESSOR I;NAO INFORMADO; CARGO COMISSION.S/VINCULO;5229,77;;5229,77;981,03;4248,74;
CESAR RONALDO QUARESMA DE MENEZES;ASSESSORIA;ASSESSOR III;NAO INFORMADO; CARGO COMISSION.S/VINCULO;3191,80;;3191,80;372,18;2819,62;
CHARLES BELCHIEUR;DEPTO.DE ADM.E FINANCAS;TNS-I;; ESTATUTARIO;18813,65;;18813,65;5605,19;13208,46;
CLAUDIO BARROS GOMES;GABINETE;MEMBRO;NAO INFORMADO; CARGO COMISSION.S/VINCULO;7000,00;;7000,00;1647,36;5352,64;
CLAUDIO MUNIZ PAGANO DE MELLO;GABINETE;SECRETARIO EXECUTIVO ADJUNTO;NAO INFORMADO; CARGO COMISSION.S/VINCULO;9000,00;;9000,00;2206,22;6793,78;
DANIELA GOMES DOS SANTOS;ASSESSORIA;CHEFE DE DEPARTAMENTO;NAO INFORMADO; CARGO COMISSION.S/VINCULO;5229,77;;5229,77;981,03;4248,74;
DANILO AGUIAR MACEDO DE ALMEIDA;GABINETE;MEMBRO;NAO INFORMADO; CARGO COMISSION.S/VINCULO;7000,00;;7000,00;1647,36;5352,64;
DOUGLAS GUIMARAES SCALISE;ASSESSORIA;ASSESSOR III;NAO INFORMADO; CARGO COMISSION.S/VINCULO;3191,80;;3191,80;372,18;2819,62;
EDILENE SAMPAIO;GABINETE;MEMBRO;; CARGO COMISSION.S/VINCULO;9138,88;;9138,88;3500,00;5638,88;
FELIPE JUNIOR BISPO DE AMARAL;GABINETE;MEMBRO;NAO INFORMADO; CARGO COMISSION.S/VINCULO;7000,00;;7000,00;1647,36;5352,64;
FERNANDO PEREIRA DA CRUZ;ASSESSORIA;ASSESSOR I;NAO INFORMADO; CARGO COMISSION.S/VINCULO;5229,77;;5229,77;981,03;4248,74;
FRANCINETE MORAIS DA SILVA MARIANO;GABINETE;CHEFE DE GABINETE;NAO INFORMADO; CARGO COMISSION.S/VINCULO;5229,77;;5229,77;981,03;4248,74;
FRANCISCA EDILANDIA DANTAS PAULA;ASSESSORIA;ASSESSOR I;NAO INFORMADO; CARGO COMISSION.S/VINCULO;5229,77;;5229,77;981,03;4248,74;
FRANCISCO ALVES DE MOURA JUNIOR;ASSESSORIA;ASSESSOR II;NAO INFORMADO; CARGO COMISSION.S/VINCULO;4209,79;;4209,79;640,87;3568,92;
GLAUBER SOARES GOMES;ASSESSORIA;PROFESSOR PF20.LPL-IV;ASSESSOR I; ESTATUTARIO;7519,96;;7519,96;1204,20;6315,76;
GUSTAVO PORTELA CARNEIRO;ASSESSORIA;ASSESSOR III;NAO INFORMADO; CARGO COMISSION.S/VINCULO;3191,80;;3191,80;372,18;2819,62;
HERALDO ANTONIO CORREA JUNIOR;GABINETE;SECRETARIO EXECUTIVO;NAO INFORMADO; CARGO COMISSION.S/VINCULO;11700,00;;11700,00;2948,72;8751,28;
ITALO JORGE SANTANA CHALUB;GABINETE;CHEFE DE DEPARTAMENTO;CHEFE DE DEPARTAMENT; CARGO COMISSION.S/VINCULO;5229,77;;5229,77;981,03;4248,74;
JANES DE SOUSA FIGUEREDO ASSUNCAO;DEPTO.DE ADM.E FINANCAS;AUX.S.G-II;; ESTATUTARIO;3516,15;;3516,15;455,97;3060,18;
JORGE LUIS TRIANA RIVEROS;GABINETE;MEMBRO;NAO INFORMADO; CARGO COMISSION.S/VINCULO;7000,00;;7000,00;1647,36;5352,64;
LUCIANO CALIXTO JUNIOR;ASSESSORIA;DELEGADO DE POLICIA 2A.CL.PC-DEL-II;ASSESSOR II; ESTATUTARIO;4000,00;150,62;3849,38;165,73;3683,65;
LUIS CLAUDIO QUARESMA DE MENEZES;ASSESSORIA;ASSESSOR I;; CARGO COMISSION.S/VINCULO;1016,90;;1016,90;;1016,90;
MARIA DAS DORES DE ALMEIDA;DEPTO.DE ADM.E FINANCAS;TNS-II;; ESTATUTARIO;6921,18;;6921,18;1650,19;5270,99;
MOISES CASSIMIRO DIAS;ASSESSORIA;ASSESSOR III;NAO INFORMADO; CARGO COMISSION.S/VINCULO;3191,80;;3191,80;372,18;2819,62;
MYRTES MOURAO DE OLIVEIRA;GABINETE;SECRETARIA EXECUTIVA;CONSULTOR TECNICO I; ESTATUTARIO;7789,02;;7789,02;1512,73;6276,29;
NILTON PEREIRA ROCHA FILHO;ASSESSORIA;ASSESSOR I;NAO INFORMADO; CARGO COMISSION.S/VINCULO;5229,77;;5229,77;981,03;4248,74;
NILTON PEREIRA ROCHA FILHO;ASSESSORIA;ASSESSOR II;; CARGO COMISSION.S/VINCULO;6712,24;;6712,24;2104,90;4607,34;
PATRICIA REGIANE RIBEIRO DE ANDRADE;ASSESSORIA;ASSESSOR III;ASSESSOR III; CARGO COMISSION.S/VINCULO;3191,80;;3191,80;372,18;2819,62;
SANDRA MARIA CASTRO LOUREIRO;DEPTO.DE ADM.E FINANCAS;A.TEC-I;; ESTATUTARIO;3896,20;;3896,20;693,28;3202,92;
SERGIO RENNER VIEIRA DA SILVA;ASSESSORIA;ASSESSOR I;NAO INFORMADO; CARGO COMISSION.S/VINCULO;5229,77;;5229,77;981,03;4248,74;
SISLANDIA FERREIRA DA SILVA CASTRO;GABINETE;MEMBRO;NAO INFORMADO; CARGO COMISSION.S/VINCULO;7000,00;;7000,00;1647,36;5352,64;
SOCORRO APARECIDA ARAUJO MAIERON;DEPTO.DE ADM.E FINANCAS;A.TEC-II;; ESTATUTARIO;4873,53;;4873,53;857,00;4016,53;
VALTER VIANA DOS SANTOS;ASSESSORIA;ASSESSOR I;ASSESSOR I; CARGO COMISSION.S/VINCULO;5229,77;;5229,77;981,03;4248,74;
