NOME;LOTACAO;CARGO;FUNCAO;VINCULO;REMUNERACAO LEGAL TOTAL(R$);DESC.TETO(R$); REMUNERACAO LEGAL DEVIDA(R$);DESCONTOS LEGAIS(R$);LIQUIDO DISPONIVEL(R$);
ADRIANO MENDONÇA PONTE;GABINETE;SECRETARIO DE ESTADO;NAO INFORMADO; CARGO COMISSION.S/VINCULO;28.060,00;;28.060,00;7.447,72;20.612,28;
AILTON RODRIGUES PEREIRA;ASSESSORIA;ASSESSOR I;ASSESSOR I; CARGO COMISSION.S/VINCULO;5.229,77;;5.229,77;981,03;4.248,74;
ALANO DANIEL BORGES DO AMARAL;ASSESSORIA;ASSESSOR II;NAO INFORMADO; CARGO COMISSION.S/VINCULO;4.209,79;;4.209,79;640,87;3.568,92;
ANA PAULA FONTELES DA SILVA;ASSESSORIA;ASSESSOR II;NAO INFORMADO; CARGO COMISSION.S/VINCULO;4.209,79;;4.209,79;640,87;3.568,92;
ANANIAS PALMEIRA DA SILVA;ASSESSORIA;ASSESSOR I;NAO INFORMADO; CARGO COMISSION.S/VINCULO;5.229,77;;5.229,77;981,03;4.248,74;
ANDRE ALVES DE SOUZA;ASSESSORIA;ASSESSOR II;ASSESSOR II; CARGO COMISSION.S/VINCULO;5.613,05;;5.613,05;1.125,18;4.487,87;
ANDREIA BANDEIRA FARIA;ASSESSORIA;ASSESSOR II;NAO INFORMADO; CARGO COMISSION.S/VINCULO;4.209,79;;4.209,79;640,87;3.568,92;
ANDRIELLE DOS SANTOS NOGUEIRA;ASSESSORIA;ASSESSOR I;NAO INFORMADO; CARGO COMISSION.S/VINCULO;5.229,77;;5.229,77;981,03;4.248,74;
ANTONIA PEREIRA DA SILVA;ASSESSORIA;ASSESSOR III;; CARGO COMISSION.S/VINCULO;3.191,80;;3.191,80;372,18;2.819,62;
BARBARA ZAPATTA ANDRADE NUNES;ASSESSORIA;ASSESSOR I;ASSESSOR I; CARGO COMISSION.S/VINCULO;5.229,77;;5.229,77;981,03;4.248,74;
BRUNA DANYELY DE OLIVEIRA FARIAS;GABINETE;MEMBRO;NAO INFORMADO; CARGO COMISSION.S/VINCULO;7.000,00;;7.000,00;1.647,36;5.352,64;
BRUNO SILVEIRA MACEDO;ASSESSORIA;ASSESSOR I;NAO INFORMADO; CARGO COMISSION.S/VINCULO;5.229,77;;5.229,77;981,03;4.248,74;
CHARLES BELCHIEUR;DEPTO.DE ADM.E FINANCAS;TNS-I;; ESTATUTARIO;14.166,66;;14.166,66;4.327,27;9.839,39;
CLAUDIO MUNIZ PAGANO DE MELLO;GABINETE;SECRETARIO EXECUTIVO ADJUNTO;NAO INFORMADO; CARGO COMISSION.S/VINCULO;9.000,00;;9.000,00;2.206,22;6.793,78;
DANIELA GOMES DOS SANTOS;ASSESSORIA;CHEFE DE DEPARTAMENTO;NAO INFORMADO; CARGO COMISSION.S/VINCULO;5.229,77;;5.229,77;981,03;4.248,74;
DANILO AGUIAR MACEDO DE ALMEIDA;GABINETE;MEMBRO;NAO INFORMADO; CARGO COMISSION.S/VINCULO;7.000,00;;7.000,00;1.647,36;5.352,64;
DOUGLAS GUIMARAES SCALISE;ASSESSORIA;ASSESSOR III;NAO INFORMADO; CARGO COMISSION.S/VINCULO;3.191,80;;3.191,80;372,18;2.819,62;
EDILENE SAMPAIO;GABINETE;MEMBRO;NAO INFORMADO; CARGO COMISSION.S/VINCULO;7.000,00;;7.000,00;1.647,36;5.352,64;
FERNANDO PEREIRA DA CRUZ;GABINETE;MEMBRO;NAO INFORMADO; CARGO COMISSION.S/VINCULO;7.000,00;;7.000,00;1.647,36;5.352,64;
FRANCINETE MORAIS DA SILVA MARIANO;GABINETE;CHEFE DE GABINETE;NAO INFORMADO; CARGO COMISSION.S/VINCULO;5.229,77;;5.229,77;981,03;4.248,74;
FRANCISCA EDILANDIA DANTAS PAULA;ASSESSORIA;ASSESSOR I;NAO INFORMADO; CARGO COMISSION.S/VINCULO;5.229,77;;5.229,77;981,03;4.248,74;
GLAUBER SOARES GOMES;ASSESSORIA;PROFESSOR PF20.LPL-IV;ASSESSOR I; ESTATUTARIO;10.026,61;;10.026,61;1.818,56;8.208,05;
GUSTAVO PORTELA CARNEIRO;ASSESSORIA;ASSESSOR III;NAO INFORMADO; CARGO COMISSION.S/VINCULO;3.191,80;;3.191,80;372,18;2.819,62;
GUSTAVO PORTELA CARNEIRO;ASSESSORIA;ASSESSOR I;; CARGO COMISSION.S/VINCULO;2.324,34;;2.324,34;;2.324,34;
HERALDO ANTONIO CORREA JUNIOR;GABINETE;SECRETARIO EXECUTIVO;NAO INFORMADO; CARGO COMISSION.S/VINCULO;11.700,00;;11.700,00;2.948,72;8.751,28;
ITALO JORGE SANTANA CHALUB;GABINETE;CHEFE DE DEPARTAMENTO;CHEFE DE DEPARTAMENT; CARGO COMISSION.S/VINCULO;5.229,77;;5.229,77;981,03;4.248,74;
JANES DE SOUSA FIGUEREDO ASSUNÇÃO;DEPTO.DE ADM.E FINANCAS;AUX.S.G-II;; ESTATUTARIO;4.688,20;;4.688,20;677,06;4.011,14;
JORGE LUIS TRIANA RIVEROS;GABINETE;MEMBRO;NAO INFORMADO; CARGO COMISSION.S/VINCULO;7.000,00;;7.000,00;1.647,36;5.352,64;
LUIS CLAUDIO QUARESMA DE MENEZES;ASSESSORIA;ASSESSOR I;NAO INFORMADO; CARGO COMISSION.S/VINCULO;6.973,03;;6.973,03;1.637,21;5.335,82;
MARCOS ANTONIO DA SILVA JUNIOR;ASSESSORIA;ASSESSOR I;; CARGO COMISSION.S/VINCULO;2.033,79;;2.033,79;871,62;1.162,17;
MARIA DAS DORES DE ALMEIDA;DEPTO.DE ADM.E FINANCAS;TNS-II;; ESTATUTARIO;6.921,18;;6.921,18;1.650,19;5.270,99;
MOISES CASSIMIRO DIAS;ASSESSORIA;ASSESSOR III;NAO INFORMADO; CARGO COMISSION.S/VINCULO;3.191,80;;3.191,80;372,18;2.819,62;
MYRTES MOURAO DE OLIVEIRA;GABINETE;SECRETARIA EXECUTIVA;CONSULTOR TECNICO I; ESTATUTARIO;7.789,02;;7.789,02;1.512,73;6.276,29;
NILTON PEREIRA ROCHA FILHO;ASSESSORIA;ASSESSOR II;ASSESSOR II; CARGO COMISSION.S/VINCULO;4.209,79;;4.209,79;640,87;3.568,92;
PAMELA GABRIELLI LOPES NEVES;ASSESSORIA;ASSESSOR III;; CARGO COMISSION.S/VINCULO;709,29;;709,29;;709,29;
PAMELA GABRIELLI LOPES NEVES;ASSESSORIA;ASSESSOR I;NAO INFORMADO; CARGO COMISSION.S/VINCULO;5.229,77;;5.229,77;981,03;4.248,74;
PATRICIA REGIANE RIBEIRO DE ANDRADE;ASSESSORIA;ASSESSOR III;ASSESSOR III; CARGO COMISSION.S/VINCULO;3.191,80;;3.191,80;372,18;2.819,62;
SANDRA MARIA CASTRO LOUREIRO;DEPTO.DE ADM.E FINANCAS;A.TEC-I;; ESTATUTARIO;5.194,93;;5.194,93;955,47;4.239,46;
SERGIO RENNER VIEIRA DA SILVA;ASSESSORIA;ASSESSOR I;NAO INFORMADO; CARGO COMISSION.S/VINCULO;5.229,77;;5.229,77;981,03;4.248,74;
SISLANDIA FERREIRA DA SILVA CASTRO;GABINETE;MEMBRO;NAO INFORMADO; CARGO COMISSION.S/VINCULO;9.333,33;;9.333,33;2.297,88;7.035,45;
SOCORRO APARECIDA ARAUJO MAIERON;DEPTO.DE ADM.E FINANCAS;A.TEC-II;; ESTATUTARIO;3.641,46;;3.641,46;626,38;3.015,08;
VALTER VIANA DOS SANTOS;ASSESSORIA;ASSESSOR I;ASSESSOR I; CARGO COMISSION.S/VINCULO;5.229,77;;5.229,77;981,03;4.248,74;
