NOME;LOTACAO;CARGO;FUNCAO;VINCULO;REMUNERACAO LEGAL TOTAL(R$);DESC.TETO(R$); REMUNERACAO LEGAL DEVIDA(R$);DESCONTOS LEGAIS(R$);LIQUIDO DISPONIVEL(R$);
ADRIANO MENDONÇA PONTE;GABINETE;SECRETARIO DE ESTADO;NAO INFORMADO; CARGO COMISSION.S/VINCULO;28060,00;;28060,00;7447,72;20612,28;
AILTON RODRIGUES PEREIRA;ASSESSORIA;ASSESSOR I;ASSESSOR I; CARGO COMISSION.S/VINCULO;6973,03;;6973,03;1637,21;5335,82;
ALANO DANIEL BORGES DO AMARAL;ASSESSORIA;ASSESSOR II;NAO INFORMADO; CARGO COMISSION.S/VINCULO;4209,79;;4209,79;640,87;3568,92;
ANA PAULA FONTELES DA SILVA;ASSESSORIA;ASSESSOR II;NAO INFORMADO; CARGO COMISSION.S/VINCULO;4209,79;;4209,79;640,87;3568,92;
ANA PAULA SANTOS;ASSESSORIA;ASSESSOR I;NAO INFORMADO; CARGO COMISSION.S/VINCULO;5229,77;;5229,77;981,03;4248,74;
ANANIAS PALMEIRA DA SILVA;ASSESSORIA;ASSESSOR I;NAO INFORMADO; CARGO COMISSION.S/VINCULO;5229,77;;5229,77;981,03;4248,74;
ANDRE ALVES DE SOUZA;ASSESSORIA;ASSESSOR II;NAO INFORMADO; CARGO COMISSION.S/VINCULO;4209,79;;4209,79;640,87;3568,92;
ANDRE ALVES DE SOUZA;ASSESSORIA;ASSESSOR I;; CARGO COMISSION.S/VINCULO;1016,90;;1016,90;;1016,90;
ANDREIA BANDEIRA FARIA;ASSESSORIA;ASSESSOR II;NAO INFORMADO; CARGO COMISSION.S/VINCULO;4209,79;;4209,79;640,87;3568,92;
ANDRIELLE DOS SANTOS NOGUEIRA;ASSESSORIA;ASSESSOR I;NAO INFORMADO; CARGO COMISSION.S/VINCULO;5229,77;;5229,77;981,03;4248,74;
ANTONIA PEREIRA DA SILVA;ASSESSORIA;ASSESSOR III;; CARGO COMISSION.S/VINCULO;3191,80;;3191,80;372,18;2819,62;
BARBARA ZAPATTA ANDRADE NUNES;ASSESSORIA;ASSESSOR I;ASSESSOR I; CARGO COMISSION.S/VINCULO;5229,77;;5229,77;981,03;4248,74;
BRUNA DANYELY DE OLIVEIRA FARIAS;GABINETE;MEMBRO;NAO INFORMADO; CARGO COMISSION.S/VINCULO;7000,00;;7000,00;1647,36;5352,64;
BRUNO SILVEIRA MACEDO;ASSESSORIA;ASSESSOR I;NAO INFORMADO; CARGO COMISSION.S/VINCULO;5229,77;;5229,77;981,03;4248,74;
CHARLES BELCHIEUR;DEPTO.DE ADM.E FINANCAS;TNS-I;; ESTATUTARIO;14166,66;;14166,66;4327,27;9839,39;
CLAUDIO MUNIZ PAGANO DE MELLO;GABINETE;SECRETARIO EXECUTIVO ADJUNTO;NAO INFORMADO; CARGO COMISSION.S/VINCULO;9000,00;;9000,00;2206,22;6793,78;
DANIELA GOMES DOS SANTOS;ASSESSORIA;CHEFE DE DEPARTAMENTO;NAO INFORMADO; CARGO COMISSION.S/VINCULO;5229,77;;5229,77;981,03;4248,74;
DANILO AGUIAR MACEDO DE ALMEIDA;GABINETE;MEMBRO;NAO INFORMADO; CARGO COMISSION.S/VINCULO;7000,00;;7000,00;1647,36;5352,64;
DOUGLAS GUIMARAES SCALISE;ASSESSORIA;ASSESSOR III;NAO INFORMADO; CARGO COMISSION.S/VINCULO;3191,80;;3191,80;372,18;2819,62;
EDILENE SAMPAIO;GABINETE;MEMBRO;NAO INFORMADO; CARGO COMISSION.S/VINCULO;7000,00;;7000,00;1647,36;5352,64;
FELIPE JUNIOR BISPO DE AMARAL;GABINETE;MEMBRO;NAO INFORMADO; CARGO COMISSION.S/VINCULO;14000,00;;14000,00;3581,22;10418,78;
FERNANDO PEREIRA DA CRUZ;ASSESSORIA;ASSESSOR I;NAO INFORMADO; CARGO COMISSION.S/VINCULO;5229,77;;5229,77;981,03;4248,74;
FRANCINETE MORAIS DA SILVA MARIANO;GABINETE;CHEFE DE GABINETE;NAO INFORMADO; CARGO COMISSION.S/VINCULO;5229,77;;5229,77;981,03;4248,74;
FRANCISCA EDILANDIA DANTAS PAULA;ASSESSORIA;ASSESSOR I;NAO INFORMADO; CARGO COMISSION.S/VINCULO;5229,77;;5229,77;981,03;4248,74;
GLAUBER SOARES GOMES;ASSESSORIA;PROFESSOR PF20.LPL-IV;ASSESSOR I; ESTATUTARIO;7519,96;;7519,96;1204,20;6315,76;
GUSTAVO PORTELA CARNEIRO;ASSESSORIA;ASSESSOR III;NAO INFORMADO; CARGO COMISSION.S/VINCULO;3191,80;;3191,80;372,18;2819,62;
HERALDO ANTONIO CORREA JUNIOR;GABINETE;SECRETARIO EXECUTIVO;NAO INFORMADO; CARGO COMISSION.S/VINCULO;11700,00;;11700,00;2948,72;8751,28;
ITALO JORGE SANTANA CHALUB;GABINETE;CHEFE DE DEPARTAMENTO;CHEFE DE DEPARTAMENT; CARGO COMISSION.S/VINCULO;5229,77;;5229,77;981,03;4248,74;
JANES DE SOUSA FIGUEREDO ASSUNÇÃO;DEPTO.DE ADM.E FINANCAS;AUX.S.G-II;; ESTATUTARIO;3516,15;;3516,15;455,97;3060,18;
JORGE LUIS TRIANA RIVEROS;GABINETE;MEMBRO;NAO INFORMADO; CARGO COMISSION.S/VINCULO;9333,33;;9333,33;2297,88;7035,45;
LUCIANO CALIXTO JUNIOR;ASSESSORIA;DELEGADO DE POLICIA 2A.CL.PC-DEL-II;ASSESSOR II; ESTATUTARIO;4000,00;150,62;3849,38;165,73;3683,65;
LUIS CLAUDIO QUARESMA DE MENEZES;ASSESSORIA;ASSESSOR II;; CARGO COMISSION.S/VINCULO;818,56;;818,56;;818,56;
LUIS CLAUDIO QUARESMA DE MENEZES;ASSESSORIA;ASSESSOR I;NAO INFORMADO; CARGO COMISSION.S/VINCULO;5229,77;;5229,77;981,03;4248,74;
MARIA DAS DORES DE ALMEIDA;DEPTO.DE ADM.E FINANCAS;TNS-II;; ESTATUTARIO;6921,18;;6921,18;1650,19;5270,99;
MOISES CASSIMIRO DIAS;ASSESSORIA;ASSESSOR III;NAO INFORMADO; CARGO COMISSION.S/VINCULO;3191,80;;3191,80;372,18;2819,62;
MYRTES MOURAO DE OLIVEIRA;GABINETE;SECRETARIA EXECUTIVA;CONSULTOR TECNICO I; ESTATUTARIO;7789,02;;7789,02;1512,73;6276,29;
NILTON PEREIRA ROCHA FILHO;ASSESSORIA;ASSESSOR II;; CARGO COMISSION.S/VINCULO;4209,79;;4209,79;640,87;3568,92;
PATRICIA REGIANE RIBEIRO DE ANDRADE;ASSESSORIA;ASSESSOR III;ASSESSOR III; CARGO COMISSION.S/VINCULO;4255,73;;4255,73;656,19;3599,54;
SANDRA MARIA CASTRO LOUREIRO;DEPTO.DE ADM.E FINANCAS;A.TEC-I;; ESTATUTARIO;3896,20;;3896,20;693,28;3202,92;
SERGIO RENNER VIEIRA DA SILVA;ASSESSORIA;ASSESSOR I;NAO INFORMADO; CARGO COMISSION.S/VINCULO;5229,77;;5229,77;981,03;4248,74;
SISLANDIA FERREIRA DA SILVA CASTRO;GABINETE;MEMBRO;NAO INFORMADO; CARGO COMISSION.S/VINCULO;7000,00;;7000,00;1647,36;5352,64;
SOCORRO APARECIDA ARAUJO MAIERON;DEPTO.DE ADM.E FINANCAS;A.TEC-II;; ESTATUTARIO;3655,15;;3655,15;628,43;3026,72;
VALTER VIANA DOS SANTOS;ASSESSORIA;ASSESSOR I;ASSESSOR I; CARGO COMISSION.S/VINCULO;5229,77;;5229,77;981,03;4248,74;
