NOME;LOTACAO;CARGO;FUNCAO;VINCULO;REMUNERACAO LEGAL TOTAL(R$);DESC.TETO(R$); REMUNERACAO LEGAL DEVIDA(R$);DESCONTOS LEGAIS(R$);LIQUIDO DISPONIVEL(R$);
ANA PAULA RODRIGUES NUNES;DEPTO.INDIGENA DES.SUSTENTAVEL;ASSESSOR III;NAO INFORMADO; CARGO COMISSION.S/VINCULO;3191,80;;3191,80;372,18;2819,62;
CLAUDINEI ORIGENES BRAGA;DEPTO.DE ADMINIST.E FINANCAS;GERENTE;NAO INFORMADO; CARGO COMISSION.S/VINCULO;5613,05;;5613,05;1125,18;4487,87;
ELIENE DE AZEVEDO CARDOSO;DEPTO.DE ADMINIST.E FINANCAS;CHEFE DE DEPARTAMENTO;NAO INFORMADO; CARGO COMISSION.S/VINCULO;6973,03;;6973,03;1637,21;5335,82;
FABRICIO STANLEY CUNHA IGNACIO;DEPTO.DE ADMINIST.E FINANCAS;ASSESSOR III;NAO INFORMADO; CARGO COMISSION.S/VINCULO;4255,73;;4255,73;656,19;3599,54;
HERTON FABRICIO RODRIGUES FILGUEIRA;DEPTO.INDIGENA DES.SUSTENTAVEL;ASSESSOR II;NAO INFORMADO; DISP. OUTROS ESFERAS;4000,00;;4000,00;263,87;3736,13;
JEORGE FERREIRA FREITAS;DEPTO.DE ADMINIST.E FINANCAS;GERENTE;NAO INFORMADO; CARGO COMISSION.S/VINCULO;4209,79;;4209,79;640,87;3568,92;
LUCIA ALMEIDA NEVES;PRODURADORIA JURIDICA;GERENTE;NAO INFORMADO; CARGO COMISSION.S/VINCULO;4209,79;;4209,79;551,93;3657,86;
LUCINEIA SANTOS BORGES DE CAMPOS;DEPTO.DE ADMINIST.E FINANCAS;ASSESSOR III;NAO INFORMADO; CARGO COMISSION.S/VINCULO;3191,80;;3191,80;372,18;2819,62;
MARIA DO PERPETUO SOCORRO C PAULAIN;PRODURADORIA JURIDICA;ASSESSOR I;NAO INFORMADO; CARGO COMISSION.S/VINCULO;5229,77;;5229,77;981,03;4248,74;
NARA JOAQUINA MARQUES MENDES;GABINETE;CHEFE DE GABINETE;NAO INFORMADO; CARGO COMISSION.S/VINCULO;5229,77;;5229,77;981,03;4248,74;
RAFAEL DE MORAIS WANDERLEY;DEPTO.INDIGENA DES.SUSTENTAVEL;DIRETOR TECNICO;NAO INFORMADO; CARGO COMISSION.S/VINCULO;9000,00;;9000,00;2206,22;6793,78;
RAIMUNDO RODRIGUES DOS SANTOS FILHO;DEPTO.INDIGENA DES.SUSTENTAVEL;PROFESSOR;ASSESSOR I; ESTATUTARIO;5000,00;;5000,00;403,55;4596,45;
SAMARA KRISTINA ONETE DE SOUSA;DEPTO.INDIGENA DES.SUSTENTAVEL;GERENTE;NAO INFORMADO; CARGO COMISSION.S/VINCULO;4209,79;;4209,79;640,87;3568,92;
SERGIO RICARDO MONTEIRO DE ALMEIDA;DEPTO.INDIGENA DES.SUSTENTAVEL;ASSESSOR III;NAO INFORMADO; CARGO COMISSION.S/VINCULO;3191,80;;3191,80;372,18;2819,62;
VANDERLEI ALVINO;DIRETORIA ADM-FINANCEIRA;DIRETOR ADMINISTRATIVO E FINANCEIRO;NAO INFORMADO; CARGO COMISSION.S/VINCULO;9000,00;;9000,00;2206,22;6793,78;
VANGLEYS REIS VIANNA;PRODURADORIA JURIDICA;CHEFE DE DEPARTAMENTO;NAO INFORMADO; CARGO COMISSION.S/VINCULO;7147,35;;7147,35;1696,74;5450,61;
WANDERSON SAID NEGREIROS;DEPTO.DE ADMINIST.E FINANCAS;ASSESSOR II;NAO INFORMADO; CARGO COMISSION.S/VINCULO;4209,79;;4209,79;640,87;3568,92;
ZENILTON DE SOUZA FERREIRA;GABINETE;DIRETOR PRESIDENTE;NAO INFORMADO; CARGO COMISSION.S/VINCULO;11700,00;;11700,00;2948,72;8751,28;
