NOME;LOTACAO;CARGO;FUNCAO;VINCULO;REMUNERACAO LEGAL TOTAL(R$);DESC.TETO(R$); REMUNERACAO LEGAL DEVIDA(R$);DESCONTOS LEGAIS(R$);LIQUIDO DISPONIVEL(R$);
AGOSTINHA FRANCISCA COSTA;PENSIONISTAS - ALE-AMAZONPREV;PENSIONISTA;245/2020; ESTATUTARIO;5088,44;;5088,44;122,87;4965,57;
AIMEE AUGUSTA LEITE DE LIMA;PENSIONISTAS - ALE-AMAZONPREV;PENSIONISTA;96/2021; ESTATUTARIO;4877,46;;4877,46;91,22;4786,24;
ALBERTINO HAYDEM DOS SANTOS;PENSIONISTAS - ALE-AMAZONPREV;PENSIONISTA;251/97; ESTATUTARIO;3277,14;;3277,14;136,77;3140,37;
ALCILEA DE ALMEIDA PALADINO PAIVA;PENSIONISTAS - ALE-AMAZONPREV;PENSIONISTA;427/2020; ESTATUTARIO;4559,92;;4559,92;56,40;4503,52;
AMAZONINO ARMANDO MENDES;PENSIONISTAS - ALE-AMAZONPREV;PENSIONISTA;655/2015; ESTATUTARIO;23721,27;;23721,27;1336,55;22384,72;
ANA CRISTINA ANTONY DE OLIVEIRA;PENSIONISTAS - ALE-AMAZONPREV;PENSIONISTA;055/97; ESTATUTARIO;6427,91;;6427,91;898,32;5529,59;
ANA JULIA COELHO TEIXEIRA;PENSIONISTAS - ALE-AMAZONPREV;PENSIONISTA;782/2021; ESTATUTARIO;3071,01;;3071,01;105,85;2965,16;
ANABELA CARDOSO FREITAS;PENSIONISTAS - ALE-AMAZONPREV;PENSIONISTA;282/2018; ESTATUTARIO;6028,91;;6028,91;1202,70;4826,21;
ANALICE CARDOSO DE FREITAS;PENSIONISTAS - ALE-AMAZONPREV;PENSIONISTA;282/2018; ESTATUTARIO;6028,91;;6028,91;1202,70;4826,21;
ANGELA LEMOS PIMENTEL;PENSIONISTAS - ALE-AMAZONPREV;PENSIONISTA;072/2011; ESTATUTARIO;4636,32;;4636,32;525,60;4110,72;
ANITERESE RETTO DOS SANTOS;PENSIONISTAS - ALE-AMAZONPREV;PENSIONISTA;253/2018; ESTATUTARIO;4469,49;;4469,49;49,61;4419,88;
ANNA CLARA TOSCANO DUARTE DEVITTE B;PENSIONISTAS - ALE-AMAZONPREV;PENSIONISTA;1905/2021; ESTATUTARIO;1705,83;;1705,83;;1705,83;
ANTONINA BARBOSA DO AMARAL;PENSIONISTAS - ALE-AMAZONPREV;PENSIONISTA;006/2008; ESTATUTARIO;5579,95;;5579,95;196,60;5383,35;
ANTONIO SOARES DE MENEZES;PENSIONISTAS - ALE-AMAZONPREV;PENSIONISTA;1835/2021; ESTATUTARIO;5641,51;;5641,51;2782,56;2858,95;
BRUNO DAVID LOPES DA SILVA;PENSIONISTAS - ALE-AMAZONPREV;PENSIONISTA;542/2018; ESTATUTARIO;2680,07;;2680,07;58,21;2621,86;
CAALE LOPES DE SOUZA CRUZ SILVA;PENSIONISTAS - ALE-AMAZONPREV;PENSIONISTA;883/2021; ESTATUTARIO;3333,41;;3333,41;145,21;3188,20;
CAMILA GOMES LOPES;PENSIONISTAS - ALE-AMAZONPREV;PENSIONISTA;1406/2022; ESTATUTARIO;3333,41;;3333,41;145,21;3188,20;
CECILIA AUGUSTA BRASIL DE SOUSA;PENSIONISTAS - ALE-AMAZONPREV;PENSIONISTA;214/2020; ESTATUTARIO;4606,71;;4606,71;59,90;4546,81;
CELESTE DIAS ANTUNES FERREIRA;PENSIONISTAS - ALE-AMAZONPREV;PENSIONISTA;683/2015; ESTATUTARIO;16943,22;;16943,22;4266,82;12676,40;
CLARA LUCIA CAVALCANTE FREDERICO;PENSIONISTAS - ALE-AMAZONPREV;PENSIONISTA;453/2014; ESTATUTARIO;9222,54;;9222,54;;9222,54;
CLAUDIA VASCONCELOS VILACA;PENSIONISTAS - ALE-AMAZONPREV;PENSIONISTA;240/2007; ESTATUTARIO;3586,35;;3586,35;183,15;3403,20;
CLAUDIO SILVA DE LUCENA;PENSIONISTAS - ALE-AMAZONPREV;PENSIONISTA;551/2019; ESTATUTARIO;7279,88;;7279,88;628,57;6651,31;
CLEIDE AQUINO RAGE;PENSIONISTAS - ALE-AMAZONPREV;PENSIONISTA;502/2009; ESTATUTARIO;5311,50;;5311,50;156,33;5155,17;
CLEIDINIR FRANCISCA DO SOCORRO;PENSIONISTAS - ALE-AMAZONPREV;PENSIONISTA;346/2007; ESTATUTARIO;6352,48;;6352,48;877,57;5474,91;
CLEITA DA SILVA;PENSIONISTAS - ALE-AMAZONPREV;PENSIONISTA;180/97; ESTATUTARIO;6373,53;;6373,53;831,22;5542,31;
CONCEICAO DE CASTRO RODRIGUES;PENSIONISTAS - ALE-AMAZONPREV;PENSIONISTA;217/2022; ESTATUTARIO;12797,01;;12797,01;3229,36;9567,65;
DALZINIRA DIAS DOS SANTOS;PENSIONISTAS - ALE-AMAZONPREV;PENSIONISTA;507/2022; ESTATUTARIO;7527,14;;7527,14;1245,25;6281,89;
DANILO DE SOUZA PASSOS;PENSIONISTAS - ALE-AMAZONPREV;PENSIONISTA;553/2009; ESTATUTARIO;5019,73;;5019,73;;5019,73;
DELVIRA VALE DA CRUZ;PENSIONISTAS - ALE-AMAZONPREV;PENSIONISTA;187/2009; ESTATUTARIO;2789,06;;2789,06;;2789,06;
DINA PERES DE MELO;PENSIONISTAS - ALE-AMAZONPREV;PENSIONISTA;163/2018; ESTATUTARIO;2893,84;;2893,84;79,28;2814,56;
EDILANE SILVA OLIVEIRA;PENSIONISTAS - ALE-AMAZONPREV;PENSIONISTA;238/2007; ESTATUTARIO;3504,86;;3504,86;170,93;3333,93;
EDITH FREITAS DE MELLO;PENSIONISTAS - ALE-AMAZONPREV;PENSIONISTA;476/2009; ESTATUTARIO;6298,73;;6298,73;352,69;5946,04;
ELIA DA SILVA FONSECA;PENSIONISTAS - ALE-AMAZONPREV;PENSIONISTA;020/01 GCB DP; ESTATUTARIO;1332,00;;1332,00;;1332,00;
ELIANE MALHEIROS DA COSTA;PENSIONISTAS - ALE-AMAZONPREV;PENSIONISTA;165/2009; ESTATUTARIO;3358,24;;3358,24;148,94;3209,30;
EMMANUELLE DOS ANJOS PERES;PENSIONISTAS - ALE-AMAZONPREV;PENSIONISTA;534/2015; ESTATUTARIO;2424,81;;2424,81;39,06;2385,75;
ERCILIA DA SILVA CABETE;PENSIONISTAS - ALE-AMAZONPREV;PENSIONISTA;254/2007; ESTATUTARIO;2736,99;;2736,99;;2736,99;
ETELVINA PATRIA DE CASTRO MONTEIRO;PENSIONISTAS - ALE-AMAZONPREV;PENSIONISTA;219/95; ESTATUTARIO;7245,11;;7245,11;615,47;6629,64;
FATIMA MENEZES SIMOES;PENSIONISTAS - ALE-AMAZONPREV;PENSIONISTA;269/00 GCB DP; ESTATUTARIO;1332,00;;1332,00;;1332,00;
FERNANDA DE PAULA DA SILVA;PENSIONISTAS - ALE-AMAZONPREV;PENSIONISTA;491/2022; ESTATUTARIO;4191,43;;4191,43;;4191,43;
FRANCISCA DAS CHAGAS DA SILVA CINTR;PENSIONISTAS - ALE-AMAZONPREV;PENSIONISTA;349/2013; ESTATUTARIO;3415,72;;3415,72;157,56;3258,16;
FRANCISCA FERREIRA DA SILVA;PENSIONISTAS - ALE-AMAZONPREV;PENSIONISTA;332/95; ESTATUTARIO;1332,00;;1332,00;;1332,00;
FRANCISCA NUBIA DE OLIVEIRA DE LIMA;PENSIONISTAS - ALE-AMAZONPREV;PENSIONISTA;326/2011; ESTATUTARIO;33015,73;;33015,73;10318,11;22697,62;
FRANCISCA QUEIROZ FERREIRA;PENSIONISTAS - ALE-AMAZONPREV;PENSIONISTA;313/2019; ESTATUTARIO;6468,19;;6468,19;909,39;5558,80;
FRANCISCA SILVA DE OLIVEIRA;PENSIONISTAS - ALE-AMAZONPREV;PENSIONISTA;159/2016; ESTATUTARIO;1624,35;;1624,35;;1624,35;
FRANCISCO ALBERTO DE LAVOR BARRETO;PENSIONISTAS - ALE-AMAZONPREV;PENSIONISTA;63/2017; ESTATUTARIO;6772,04;;6772,04;469,36;6302,68;
GENORA SOUZA FARAH;PENSIONISTAS - ALE-AMAZONPREV;PENSIONISTA;N. 535/2019; ESTATUTARIO;2885,61;;2885,61;;2885,61;
GILMARA DE SOUZA CRUZ JACOB;PENSIONISTAS - ALE-AMAZONPREV;PENSIONISTA;436/2017; ESTATUTARIO;15591,68;;15591,68;4281,55;11310,13;
GUARACIARA MIRANDA DE MELLO;PENSIONISTAS - ALE-AMAZONPREV;PENSIONISTA;040/2008; ESTATUTARIO;1212,00;;1212,00;;1212,00;
HILMA MONTEIRO COELHO;PENSIONISTAS - ALE-AMAZONPREV;PENSIONISTA;671/2016; ESTATUTARIO;3591,99;;3591,99;;3591,99;
HOSANA BARBOSA DOS SANTOS;PENSIONISTAS - ALE-AMAZONPREV;PENSIONISTA;128/99; ESTATUTARIO;9298,95;;9298,95;1376,57;7922,38;
IACY MENDONCA TAPAJOS;PENSIONISTAS - ALE-AMAZONPREV;PENSIONISTA;338/2005; ESTATUTARIO;2724,26;;2724,26;;2724,26;
IDACLEY ARAUJO REBELO;PENSIONISTAS - ALE-AMAZONPREV;PENSIONISTA;201/2010; ESTATUTARIO;4682,45;;4682,45;65,59;4616,86;
IDALECE DAMASCENO DA SILVA;PENSIONISTAS - ALE-AMAZONPREV;PENSIONISTA;317/2013; ESTATUTARIO;7895,46;;7895,46;860,33;7035,13;
IRENE DE CASTRO LOPES;PENSIONISTAS - ALE-AMAZONPREV;PENSIONISTA;292/2015; ESTATUTARIO;2680,07;;2680,07;58,21;2621,86;
IVAN DA SILVA GUIMARAES;PENSIONISTAS - ALE-AMAZONPREV;PENSIONISTA;417/2009; ESTATUTARIO;5530,34;;5530,34;189,15;5341,19;
IVANEIDE SILVA DE SOUZA;PENSIONISTAS - ALE-AMAZONPREV;PENSIONISTA;258/98; ESTATUTARIO;5531,73;;5531,73;189,36;5342,37;
IVONE ASSUNCAO DE SOUZA;PENSIONISTAS - ALE-AMAZONPREV;PENSIONISTA;155/98; ESTATUTARIO;1291,03;;1291,03;;1291,03;
IZABEL FERREIRA DA SILVA;PENSIONISTAS - ALE-AMAZONPREV;PENSIONISTA;396/2020; ESTATUTARIO;3531,89;;3531,89;;3531,89;
JOAO SOUZA DA SILVA;PENSIONISTAS - ALE-AMAZONPREV;PENSIONISTA;1334/2021; ESTATUTARIO;4784,05;;4784,05;446,25;4337,80;
JOAO VICTOR BRAGA DE OLIVEIRA;PENSIONISTAS - ALE-AMAZONPREV;PENSIONISTA;736/2014; ESTATUTARIO;2313,88;;2313,88;30,74;2283,14;
JOSE MARIA CARMO DA SILVA;PENSIONISTAS - ALE-AMAZONPREV;PENSIONISTA;299/2016; ESTATUTARIO;4093,15;;4093,15;284,83;3808,32;
JOSELIA RODRIGUES SAMPAIO;PENSIONISTAS - ALE-AMAZONPREV;PENSIONISTA;119/03-IPEAM; ESTATUTARIO;2384,28;;2384,28;;2384,28;
JUDITE GOMES BARBOSA;PENSIONISTAS - ALE-AMAZONPREV;PENSIONISTA;672/2018; ESTATUTARIO;1921,55;;1921,55;;1921,55;
LAURIONOR TADEU BARBOSA;PENSIONISTAS - ALE-AMAZONPREV;PENSIONISTA;1905/2021; ESTATUTARIO;1705,83;;1705,83;;1705,83;
LEA NASCIMENTO DE OLIVEIRA;PENSIONISTAS - ALE-AMAZONPREV;PENSIONISTA;111/2020; ESTATUTARIO;4116,10;;4116,10;23,11;4092,99;
LEA NILCE RODRIGUES AMARO;PENSIONISTAS - ALE-AMAZONPREV;PENSIONISTA;120/03-IPEAM; ESTATUTARIO;6265,76;;6265,76;;6265,76;
LENI PIRES DE AZEVEDO BARRETO;PENSIONISTAS - ALE-AMAZONPREV;PENSIONISTA;185/2022; ESTATUTARIO;18104,39;;18104,39;14662,55;3441,84;
LIEGE ANTONY DE QUEIROZ;PENSIONISTAS - ALE-AMAZONPREV;PENSIONISTA;190/2004; ESTATUTARIO;18203,82;;18203,82;4741,43;13462,39;
LIEGE CARRAMANHO E SILVA;PENSIONISTAS - ALE-AMAZONPREV;PENSIONISTA;053/96; ESTATUTARIO;3293,75;;3293,75;;3293,75;
LILAIR VIEIRA FERNANDES;PENSIONISTAS - ALE-AMAZONPREV;PENSIONISTA;57/99; ESTATUTARIO;2534,30;;2534,30;;2534,30;
LUCIA NUNES DE LIMA;PENSIONISTAS - ALE-AMAZONPREV;PENSIONISTA;241/2021; ESTATUTARIO;5545,61;;5545,61;191,44;5354,17;
LUCIANA BRAGA DE OLIVEIRA;PENSIONISTAS - ALE-AMAZONPREV;PENSIONISTA;736/2014; ESTATUTARIO;2313,88;;2313,88;30,74;2283,14;
LUCILA PINHEIRO DE MELO;PENSIONISTAS - ALE-AMAZONPREV;PENSIONISTA;194/98; ESTATUTARIO;8071,58;;8071,58;914,46;7157,12;
LUIZ FERNANDO FERNANDES DE OLIVEIRA;PENSIONISTAS - ALE-AMAZONPREV;PENSIONISTA;666/2013; ESTATUTARIO;3489,57;;3489,57;;3489,57;
LUIZA FRANCISCA DA COSTA PAES;PENSIONISTAS - ALE-AMAZONPREV;PENSIONISTA;12/2012; ESTATUTARIO;3287,66;;3287,66;;3287,66;
LUIZA PEREIRA DOS SANTOS;PENSIONISTAS - ALE-AMAZONPREV;PENSIONISTA;177/99; ESTATUTARIO;760,86;;760,86;;760,86;
LUZENIR DACIO DE OLIVEIRA;PENSIONISTAS - ALE-AMAZONPREV;PENSIONISTA;731/2020; ESTATUTARIO;4328,32;;4328,32;39,03;4289,29;
MANOEL RODRIGUES DO NASCIMENTO;PENSIONISTAS - ALE-AMAZONPREV;PENSIONISTA;542/2016; ESTATUTARIO;2358,36;;2358,36;;2358,36;
MARCIA ESPINDOLA DA SILVA;PENSIONISTAS - ALE-AMAZONPREV;PENSIONISTA;288/00 GCB DP; ESTATUTARIO;2909,62;;2909,62;;2909,62;
MARCIA JULIE DA COSTA PIMENTEL;PENSIONISTAS - ALE-AMAZONPREV;PENSIONISTA;255/2011; ESTATUTARIO;4636,32;;4636,32;525,60;4110,72;
MARCIONILA ALVES DE SA;PENSIONISTAS - ALE-AMAZONPREV;PENSIONISTA;342/2010; ESTATUTARIO;4482,71;;4482,71;372,48;4110,23;
MARCOS ANTONIO DE JESUS ALMEIDA;PENSIONISTAS - ALE-AMAZONPREV;PENSIONISTA;1052/2021; ESTATUTARIO;5805,83;;5805,83;727,24;5078,59;
MARIA ARLETE DE JESUS HARRAKIAN;PENSIONISTAS - ALE-AMAZONPREV;PENSIONISTA;400/2020; ESTATUTARIO;3190,43;;3190,43;;3190,43;
MARIA AUXILIADORA RAPOSO DA CAMARA;PENSIONISTAS - ALE-AMAZONPREV;PENSIONISTA;; ESTATUTARIO;6127,47;;6127,47;314,16;5813,31;
MARIA BEATRIZ SEIXAS FERREIRA;PENSIONISTAS - ALE-AMAZONPREV;PENSIONISTA;408/2016; ESTATUTARIO;1514,74;;1514,74;;1514,74;
MARIA DA CONCEICAO DE OLIVEIRA BATI;PENSIONISTAS - ALE-AMAZONPREV;PENSIONISTA;057/2016; ESTATUTARIO;1594,78;;1594,78;;1594,78;
MARIA DA CONCEICAO FERREIRA DE MENE;PENSIONISTAS - ALE-AMAZONPREV;PENSIONISTA;191/2017; ESTATUTARIO;2924,78;;2924,78;83,92;2840,86;
MARIA DA CONCEICAO TORRES DE OLIVEI;PENSIONISTAS - ALE-AMAZONPREV;PENSIONISTA;1248/2020; ESTATUTARIO;2994,47;;2994,47;;2994,47;
MARIA DE JESUS CORREA DA COSTA;PENSIONISTAS - ALE-AMAZONPREV;PENSIONISTA;000; ESTATUTARIO;4542,63;;4542,63;;4542,63;
MARIA DE LOURDES DA SILVA SANTOS;PENSIONISTAS - ALE-AMAZONPREV;PENSIONISTA;177/99; ESTATUTARIO;760,86;;760,86;;760,86;
MARIA DE LOURDES DE AMORIM CORREIA;PENSIONISTAS - ALE-AMAZONPREV;PENSIONISTA;875/2020; ESTATUTARIO;12183,16;;12183,16;8382,05;3801,11;
MARIA DE NAZARE GOES RIBEIRO;PENSIONISTAS - ALE-AMAZONPREV;PENSIONISTA;1128/2022; ESTATUTARIO;26949,72;;26949,72;8034,26;18915,46;
MARIA DE NAZARE PINHEIRO MELO;PENSIONISTAS - ALE-AMAZONPREV;PENSIONISTA;365/2017; ESTATUTARIO;5490,63;;5490,63;183,20;5307,43;
MARIA DE NAZARETH FARIAS DA SILVA;PENSIONISTAS - ALE-AMAZONPREV;PENSIONISTA;30/2022; ESTATUTARIO;6070,10;;6070,10;301,25;5768,85;
MARIA DO CARMO ALVES DE SOUZA;PENSIONISTAS - ALE-AMAZONPREV;PENSIONISTA;331/2009; ESTATUTARIO;3953,47;;3953,47;10,91;3942,56;
MARIA DO CARMO GALVAO DE LIMA;PENSIONISTAS - ALE-AMAZONPREV;PENSIONISTA;203/2012; ESTATUTARIO;20289,22;;20289,22;5526,58;14762,64;
MARIA DO PERPETUO SOCORRO DA SILVA;PENSIONISTAS - ALE-AMAZONPREV;PENSIONISTA;320/2013; ESTATUTARIO;3679,85;;3679,85;;3679,85;
MARIA DOLORES DOS SANTOS MAIA;PENSIONISTAS - ALE-AMAZONPREV;PENSIONISTA;155/2015; ESTATUTARIO;3455,26;;3455,26;;3455,26;
MARIA DOS ANJOS TAVARES;PENSIONISTAS - ALE-AMAZONPREV;PENSIONISTA;243/2007; ESTATUTARIO;4673,24;;4673,24;64,89;4608,35;
MARIA ETELVINA MELLO DA SILVA;PENSIONISTAS - ALE-AMAZONPREV;PENSIONISTA;577/2017; ESTATUTARIO;7325,23;;7325,23;645,64;6679,59;
MARIA FRANCISCA DA SILVA;PENSIONISTAS - ALE-AMAZONPREV;PENSIONISTA;084/2007; ESTATUTARIO;5891,68;;5891,68;261,10;5630,58;
MARIA GENILDA SOUSA DOS SANTOS;PENSIONISTAS - ALE-AMAZONPREV;PENSIONISTA;159/01 GCB DP; ESTATUTARIO;1332,00;;1332,00;;1332,00;
MARIA IRACEMA BRASIL LABORDA;PENSIONISTAS - ALE-AMAZONPREV;PENSIONISTA;750/2014; ESTATUTARIO;800,00;;800,00;;800,00;
MARIA IZABEL BUZAGLO PINTO;PENSIONISTAS - ALE-AMAZONPREV;PENSIONISTA;281/03-IPEAM; ESTATUTARIO;24973,12;;24973,12;7290,07;17683,05;
MARIA LUCIA LIMA ANTONIO;PENSIONISTAS - ALE-AMAZONPREV;PENSIONISTA;144/2021; ESTATUTARIO;1823,26;;1823,26;;1823,26;
MARIA MADALENA ALCANTARA DE SOUZA;PENSIONISTAS - ALE-AMAZONPREV;PENSIONISTA;111; ESTATUTARIO;2492,20;;2492,20;;2492,20;
MARIA MERCEDES BARRETO DO NASCIMENT;PENSIONISTAS - ALE-AMAZONPREV;PENSIONISTA;1075/2021; ESTATUTARIO;2089,13;;2089,13;13,88;2075,25;
MARIA MONICA MACEDO DE OLIVEIRA;PENSIONISTAS - ALE-AMAZONPREV;PENSIONISTA;172/97; ESTATUTARIO;2360,83;;2360,83;34,26;2326,57;
MARIA PERPETUA GALVAO DE ALCANTARA;PENSIONISTAS - ALE-AMAZONPREV;PENSIONISTA;393/2016; ESTATUTARIO;5227,49;;5227,49;143,73;5083,76;
MARIA ROSA OLIVEIRA SOUZA;PENSIONISTAS - ALE-AMAZONPREV;PENSIONISTA;26/99; ESTATUTARIO;9960,31;;9960,31;1637,75;8322,56;
MARIA ROSANGELA CASTRO DOS ANJOS PE;PENSIONISTAS - ALE-AMAZONPREV;PENSIONISTA;165/2016; ESTATUTARIO;2424,81;;2424,81;39,06;2385,75;
MARIA VERA LUCIA DA SILVA ARAUJO;PENSIONISTAS - ALE-AMAZONPREV;PENSIONISTA;370/2017; ESTATUTARIO;3376,46;;3376,46;;3376,46;
MARIANA DE OLIVEIRA MELO;PENSIONISTAS - ALE-AMAZONPREV;PENSIONISTA;290/2014; ESTATUTARIO;2920,50;;2920,50;;2920,50;
MARIO BASTOS DOS SANTOS;PENSIONISTAS - ALE-AMAZONPREV;PENSIONISTA;034/2000; ESTATUTARIO;1693,27;;1693,27;;1693,27;
MARIO NETO DE PAULA DA SILVA;PENSIONISTAS - ALE-AMAZONPREV;PENSIONISTA;491/2022; ESTATUTARIO;4191,43;;4191,43;;4191,43;
MARIVANDA BATISTA DE SOUZA;PENSIONISTAS - ALE-AMAZONPREV;PENSIONISTA;596/2021; ESTATUTARIO;6794,08;;6794,08;475,42;6318,66;
MIRALDA SAMPAIO DE PAIVA;PENSIONISTAS - ALE-AMAZONPREV;PENSIONISTA;94/78; ESTATUTARIO;4910,41;;4910,41;96,16;4814,25;
MIRIAM OLIVEIRA SALIGNAC DE SOUZA;PENSIONISTAS - ALE-AMAZONPREV;PENSIONISTA;1228/2022; ESTATUTARIO;77491,13;;77491,13;27063,10;50428,03;
NADIA TEIXEIRA SEIXAS;PENSIONISTAS - ALE-AMAZONPREV;PENSIONISTA;408/2016; ESTATUTARIO;1514,74;;1514,74;;1514,74;
NARA MARIA PINTO ANTUNES COSTA;PENSIONISTAS - ALE-AMAZONPREV;PENSIONISTA;216/2010; ESTATUTARIO;3682,36;;3682,36;;3682,36;
NORA NEY ARAUJO DE SOUZA;PENSIONISTAS - ALE-AMAZONPREV;PENSIONISTA;282/2014; ESTATUTARIO;6360,50;;6360,50;879,78;5480,72;
OLGA MARIA DE AZEVEDO MIRANDA;PENSIONISTAS - ALE-AMAZONPREV;PENSIONISTA;067/2010; ESTATUTARIO;2629,99;;2629,99;54,45;2575,54;
OMAR FIGUEIREDO MARQUES;PENSIONISTAS - ALE-AMAZONPREV;PENSIONISTA;1285/2021; ESTATUTARIO;6694,54;;6694,54;448,04;6246,50;
ORLANDINA DA SILVA VARJAO;PENSIONISTAS - ALE-AMAZONPREV;PENSIONISTA;232/2018; ESTATUTARIO;1830,12;;1830,12;;1830,12;
PATRICIA CARVALHO BARRETO;PENSIONISTAS - ALE-AMAZONPREV;PENSIONISTA;1075/2021; ESTATUTARIO;2089,13;;2089,13;13,88;2075,25;
PEDRO HENRIQUE TOSCANO DUARTE DEVIT;PENSIONISTAS - ALE-AMAZONPREV;PENSIONISTA;1905/2021; ESTATUTARIO;1705,83;;1705,83;;1705,83;
RAIMUNDA DO VALE VENANCIO;PENSIONISTAS - ALE-AMAZONPREV;PENSIONISTA;; ESTATUTARIO;1332,00;;1332,00;;1332,00;
RAIMUNDA NONATA GOMES DOS SANTOS;PENSIONISTAS - ALE-AMAZONPREV;PENSIONISTA;720/2015; ESTATUTARIO;3589,44;;3589,44;;3589,44;
RAIMUNDA OLIVEIRA DE SOUZA;PENSIONISTAS - ALE-AMAZONPREV;PENSIONISTA;480/2009; ESTATUTARIO;6573,63;;6573,63;414,79;6158,84;
REDEGUNDES SANCHEZ DE OLIVEIRA;PENSIONISTAS - ALE-AMAZONPREV;PENSIONISTA;448/2009; ESTATUTARIO;23454,04;;23454,04;1299,14;22154,90;
REGINA GOMES MATIAS;PENSIONISTAS - ALE-AMAZONPREV;PENSIONISTA;316/95; ESTATUTARIO;1332,00;;1332,00;;1332,00;
RICARDO ESTEVES DESIDERI FILHO;PENSIONISTAS - ALE-AMAZONPREV;PENSIONISTA;1897/2021; ESTATUTARIO;4371,81;;4371,81;347,53;4024,28;
RITA DE CASSIA PAIVA DO LAGO;PENSIONISTAS - ALE-AMAZONPREV;PENSIONISTA;282/2018; ESTATUTARIO;4384,66;;4384,66;427,51;3957,15;
ROSALINA DOS SANTOS PEREIRA;PENSIONISTAS - ALE-AMAZONPREV;PENSIONISTA;514/2020; ESTATUTARIO;1942,41;;1942,41;;1942,41;
ROSEMEIRE DE JESUS PALMEIRA;PENSIONISTAS - ALE-AMAZONPREV;PENSIONISTA;437/2016; ESTATUTARIO;3456,55;;3456,55;163,68;3292,87;
RUBIA SIQUEIRA RABELO;PENSIONISTAS - ALE-AMAZONPREV;PENSIONISTA;043/2009; ESTATUTARIO;5414,64;;5414,64;619,67;4794,97;
SANDRA HELENA BATISTA SILVA;PENSIONISTAS - ALE-AMAZONPREV;PENSIONISTA;524/2016; ESTATUTARIO;1212,00;;1212,00;;1212,00;
SEBASTIAO VANTUIL FILHO;PENSIONISTAS - ALE-AMAZONPREV;PENSIONISTA;235/97; ESTATUTARIO;1332,00;;1332,00;;1332,00;
SONIA MARIA PEREIRA DE SOUZA;PENSIONISTAS - ALE-AMAZONPREV;PENSIONISTA;002/2000; ESTATUTARIO;1291,03;;1291,03;;1291,03;
TEREZINHA BOTINELLY ASSUNCAO LIMA;PENSIONISTAS - ALE-AMAZONPREV;PENSIONISTA;714/2014; ESTATUTARIO;6990,57;;6990,57;529,45;6461,12;
VANDERLUCIA FERREIRA DA COSTA;PENSIONISTAS - ALE-AMAZONPREV;PENSIONISTA;110/2019; ESTATUTARIO;3815,11;;3815,11;222,27;3592,84;
VERA LUCIA OLIVEIRA DE AVELINO;PENSIONISTAS - ALE-AMAZONPREV;PENSIONISTA;288-01 GCB DP; ESTATUTARIO;9106,56;;9106,56;1304,13;7802,43;
WALDEMARINA BARBARA DE MORAES;PENSIONISTAS - ALE-AMAZONPREV;PENSIONISTA;791/2019; ESTATUTARIO;5480,83;;5480,83;623,10;4857,73;
WILLISON PERES NOBRE;PENSIONISTAS - ALE-AMAZONPREV;PENSIONISTA;163/2018; ESTATUTARIO;2893,84;;2893,84;79,28;2814,56;
YETE MAIA BRANDAO;PENSIONISTAS - ALE-AMAZONPREV;PENSIONISTA;275/2018; ESTATUTARIO;6950,15;;6950,15;518,34;6431,81;
ZULEIDE OLIVEIRA DO NASCIMENTO;PENSIONISTAS - ALE-AMAZONPREV;PENSIONISTA;381/2012; ESTATUTARIO;8475,66;;8475,66;1078,78;7396,88;
