NOME;LOTACAO;CARGO;FUNCAO;VINCULO;REMUNERACAO LEGAL TOTAL(R$);DESC.TETO(R$); REMUNERACAO LEGAL DEVIDA(R$);DESCONTOS LEGAIS(R$);LIQUIDO DISPONIVEL(R$);
ABILIO LEITAO DA COSTA MACEDO;EFETIVOS;ANALISTA PREVIDENCIARIO;AG. PREVIDENCIARIO; ESTATUTARIO;26254,23;;26254,23;9015,36;17238,87;
ADALBERTO DA COSTA BARRONCAS;AMAZONPREV-ATIVOS;GERENTE;GERENTE; CARGO COMISSION.S/VINCULO;10129,00;;10129,00;2516,69;7612,31;
ADELSON MACIEL DANTAS;COMISSIONADOS;ASSESSOR I;ASSESSOR I - AMZ-6; CARGO COMISSION.S/VINCULO;8104,00;;8104,00;1959,82;6144,18;
ADINILSON COELHO CORDEIRO;EFETIVOS;ANALISTA PREVIDENCIARIO;AG. PREVIDENCIARIO; ESTATUTARIO;26254,23;;26254,23;8911,08;17343,15;
AFRANIO CORREA LIMA JUNIOR;COFIS;MEMBRO DO CONSELHO FISCAL;; CONSELHO;2244,80;;2244,80;25,56;2219,24;
ALAN CARDEC SOARES DA SILVA;AMAZONPREV-ATIVOS;ASSISTENTE TECNICO;GERENTE; ESTATUTARIO;20431,03;;20431,03;6518,42;13912,61;
ALAN CYNARA BATISTA NASCIMENTO;EFETIVOS;ANALISTA PREVIDENCIARIO;COORDENADOR AMZ-3; ESTATUTARIO;29754,23;;29754,23;9873,58;19880,65;
ALAN NASCIMENTO TEIXEIRA;EFETIVOS;ANALISTA PREVIDENCIARIO;; ESTATUTARIO;25100,96;;25100,96;8581,15;16519,81;
ALBERMAR LINDALVA DAMASCENO POLARES;EFETIVOS;ANALISTA PREVIDENCIARIO;AG. PREVIDENCIARIO; ESTATUTARIO;25100,96;;25100,96;8581,15;16519,81;
ALBERTO TELES CAVALCANTE NETO;EFETIVOS;ANALISTA PREVIDENCIARIO;; ESTATUTARIO;26254,23;;26254,23;8858,94;17395,29;
ALOISIO DA COSTA FILGUEIRAS JUNIOR;EFETIVOS;ADVOGADO PUBLICO;; ESTATUTARIO;38985,39;;38985,39;12486,09;26499,30;
ANA CELIA ALENCAR BEZERRA;AMAZONPREV-ATIVOS;TEC. EM REGISTRO DE SAUDE 3A CLASSE;COORDENADOR AMZ-3; ESTATUTARIO;5878,09;;5878,09;940,39;4937,70;
ANA LUCIA SANTOS DA SILVA;AMAZONPREV-ATIVOS;ASSISTENTE TECNICO;; ESTATUTARIO;8627,45;;8627,45;2326,74;6300,71;
ANA PAULA DOS SANTOS OZORIO;EFETIVOS;ANALISTA PREVIDENCIARIO;AG, PREVIDENCIARIO; ESTATUTARIO;26254,23;;26254,23;8963,22;17291,01;
ANDRE LUIS BENTES DE SOUZA;EFETIVOS;ANALISTA PREVIDENCIARIO;DIRETOR DE PREVIDENC; ESTATUTARIO;34354,23;;34354,23;11242,86;23111,37;
ANDRE LUIZ MOUCO FERNANDES;EFETIVOS;ADVOGADO PUBLICO;GERENTE AMZ7; ESTATUTARIO;29239,04;;29239,04;10139,14;19099,90;
ANDRE RICARDO PINHEIRO MARTINS;EFETIVOS;ANALISTA PREVIDENCIARIO;AG. PREVIDENCIARIO; ESTATUTARIO;26254,23;;26254,23;8911,08;17343,15;
ANDREZA DE SOUZA SILVA;COMISSIONADOS;GERENTE;GERENTE; CARGO COMISSION.S/VINCULO;10129,00;;10129,00;2412,42;7716,58;
ANDREZA HELENA DA SILVA;AMAZONPREV-ATIVOS;ASSISTENTE TECNICO;COORD.REC.HUMANOS; ESTATUTARIO;13390,16;;13390,16;4119,90;9270,26;
ANGELA MARCIA COUTINHO E SILVA;AMAZONPREV-ATIVOS;ASSISTENTE TECNICO;; ESTATUTARIO;6361,28;;6361,28;1473,53;4887,75;
ANNE KEITY TUPINAMBA DE C MENEZES;EFETIVOS;ADVOGADO PUBLICO;; ESTATUTARIO;30392,30;;30392,30;10469,07;19923,23;
ANTONIO DE JESUS ALVES PACIFICO;COMISSIONADOS;ASSESSOR III AMZ.4;; CARGO COMISSION.S/VINCULO;5064,00;;5064,00;925,75;4138,25;
ANTONIO FRANCISCO DA SILVA;AMAZONPREV-ATIVOS;ASSISTENTE TECNICO;FUNCAO GRATIFICAD; ESTATUTARIO;6936,93;;6936,93;1481,71;5455,22;
ARCISE CAMARA DE ASSIS;EFETIVOS;ANALISTA PREVIDENCIARIO;; ESTATUTARIO;27407,49;;27407,49;9345,29;18062,20;
AUDENOR GRANDES BELIDO;EFETIVOS;ANALISTA PREVIDENCIARIO;COORDENADOR AMZ 3; ESTATUTARIO;29254,23;;29254,23;9454,92;19799,31;
BALDUINO GOMES CAMARA;EFETIVOS;ANALISTA PREVIDENCIARIO;AG. PREVIDENCIARIO; ESTATUTARIO;26254,23;;26254,23;9015,36;17238,87;
BRUNO DAMASCENO COSTA NOVO;COMISSIONADOS;ASSESSOR I AMZ.6;; CARGO COMISSION.S/VINCULO;10604,00;;10604,00;2647,32;7956,68;
BRUNO RENE DA SILVA BARROSO;AMAZONPREV-ATIVOS;MEMBRO DE CONSELHO;; CONSELHO;2500,00;;2500,00;44,70;2455,30;
CAROLINE RETTO FROTA;EFETIVOS;ADVOGADO PUBLICO;; ESTATUTARIO;29239,04;;29239,04;10139,14;19099,90;
CELSO RONILDO RIBEIRO SARAIVA;CEDIDOS;PROFESSOR PF40.ESP-III;DIR ESC TIPO II FGD2; ESTATUTARIO;5425,52;;5425,52;1173,35;4252,17;
CHRISTIANO COSTA NOVO DE SENA;COMISSIONADOS;ASSESSOR I AMZ.6;; CARGO COMISSION.S/VINCULO;8104,00;;8104,00;1907,68;6196,32;
CHRISTOVAO CAVALCANTE ALVES;EFETIVOS;ANALISTA PREVIDENCIARIO;AG. PREVIDENCIARIO; ESTATUTARIO;29929,82;;29929,82;10026,14;19903,68;
CLAUDINEI SOARES;EFETIVOS;ANALISTA PREVIDENCIARIO;AG. PREVIDENCIARIO; ESTATUTARIO;28754,23;;28754,23;9598,58;19155,65;
CLAUDIO MARCELO CARDIA PACHECO;EFETIVOS;ANALISTA PREVIDENCIARIO;; ESTATUTARIO;25100,96;;25100,96;8581,15;16519,81;
CLAUDIO MARINS DE MELO;AMAZONPREV-ATIVOS;PROFESSOR PF40.MSC-II;ASSESSOR I AMZ.6; ESTATUTARIO;16242,27;;16242,27;4423,30;11818,97;
CYNTHIA MARIA REIS GONZALEZ;CEDIDOS;PROFESSOR PF20.ESP-III;ASSESSOR III-AD-3; ESTATUTARIO;6752,00;;6752,00;1291,44;5460,56;
DAIANE VIEIRA DOS SANTOS;COMISSIONADOS;ASSESSOR TECNICO;NAO INFORMADO; CARGO COMISSION.S/VINCULO;7000,00;;7000,00;1647,36;5352,64;
DANIELA LOBO FROES DESCHOOLMEESTER;COMISSIONADOS;GERENTE;NAO INFORMADO; CARGO COMISSION.S/VINCULO;10129,00;;10129,00;2412,42;7716,58;
DANILO GONCALVES DE SOUZA JUNIOR;AMAZONPREV-ATIVOS;ASSISTENTE TECNICO;FG-1; ESTATUTARIO;6378,76;;6378,76;1273,10;5105,66;
DAYANA ESPERANCA DOS SANTOS;COMISSIONADOS;ASSISTENTE DA PRESIDENCIA AMZ. 2;; CARGO COMISSION.S/VINCULO;3443,00;;3443,00;435,48;3007,52;
DEBORA DE JESUS FERREIRA VIDEIRA;COMISSIONADOS;COORDENADOR;COORDENADOR; CARGO COMISSION.S/VINCULO;5570,00;;5570,00;1108,97;4461,03;
EDERSON DE SOUZA LIMA;COMISSIONADOS;ASS. DE DIRETORIA E GERENCIA AMZ. 1;NAO INFORMADO; CARGO COMISSION.S/VINCULO;2836,00;;2836,00;300,51;2535,49;
EDISSANDRA OLIVEIRA GUIMARAES;EFETIVOS;ANALISTA PREVIDENCIARIO;; ESTATUTARIO;26254,23;;26254,23;8858,94;17395,29;
EDIVANDER SOUZA DOS SANTOS;EFETIVOS;ANALISTA PREVIDENCIARIO;AG. PREVIDENCIARIO; ESTATUTARIO;25100,96;;25100,96;8476,87;16624,09;
EDUARDO MARTINS DE SOUZA;COFIS;MEMBRO DO CONSELHO FISCAL;; CONSELHO;4489,60;;4489,60;374,03;4115,57;
EMERSON OLIVEIRA DE QUEIROS;COFIS;MEMBRO DO CONSELHO FISCAL;; CONSELHO;2244,80;436,94;1807,86;;1807,86;
EMILY CASTELO BRANCO ENCARNACAO;EFETIVOS;ADVOGADO PUBLICO;; ESTATUTARIO;30392,30;;30392,30;10469,07;19923,23;
ENA MARA DE AZEDO SANTANA;AMAZONPREV-ATIVOS;ASSISTENTE TECNICO;; ESTATUTARIO;15911,06;;15911,06;4922,82;10988,24;
ERLANDIA CARVALHO DA SILVA;AMAZONPREV-ATIVOS;ASSISTENTE TECNICO;COORDENADOR; ESTATUTARIO;15201,36;;15201,36;4397,36;10804,00;
EUNICE PEREIRA DA SILVA;AMAZONPREV-ATIVOS;ASSISTENTE TECNICO;; ESTATUTARIO;15901,08;;15901,08;4919,19;10981,89;
FABIO DE CARVALHO ROSA;EFETIVOS;ANALISTA PREVIDENCIARIO;COORDENADOR AMZ-3; ESTATUTARIO;26254,23;;26254,23;8911,08;17343,15;
FABIO MARTINS RIBEIRO;EFETIVOS;ADVOGADO PUBLICO;; ESTATUTARIO;53719,05;18256,83;35462,22;12482,17;22980,05;
FABIO ROBERTO GALVAO DA SILVA;COMISSIONADOS;ASS. DE DIRETORIA E GERENCIA AMZ. 1;NAO INFORMADO; CARGO COMISSION.S/VINCULO;2836,00;;2836,00;300,51;2535,49;
FABRICIO ROGERIO CYRINO BARBOSA;CONAD;MEMBRO DE CONSELHO;; CONSELHO;2806,00;;2806,00;67,65;2738,35;
FLAVIA MARA MOREIRA COSTA ROCHA;COMISSIONADOS;ASSESSOR III;ASSESSOR III-AMZ-4; CARGO COMISSION.S/VINCULO;5064,00;;5064,00;925,75;4138,25;
FLAVIANA GALUCIO ZOUMBOUNELOS;COMISSIONADOS;COORDENADOR;COORDENADOR-AMZ-3; CARGO COMISSION.S/VINCULO;5570,00;;5570,00;1108,97;4461,03;
FRANCISCA DEUZIMAR FERREIRA MENEZES;EFETIVOS;ASSISTENTE TECNICO;; ESTATUTARIO;8023,56;;8023,56;2051,50;5972,06;
FRANCISCA LIMA MOURA;COMISSIONADOS;ASS. DE DIRETORIA E GERENCIA AMZ. 1;NAO INFORMADO; CARGO COMISSION.S/VINCULO;2836,00;;2836,00;300,51;2535,49;
FRANCISCA MARLINDA DE OLIVEIRA BRIT;AMAZONPREV-ATIVOS;ASSISTENTE TECNICO;OP.MAQ.CONT,A; ESTATUTARIO;19077,32;;19077,32;6075,45;13001,87;
FRANCISCO DE ASSIS SOUZA OLIVEIRA;COMISSIONADOS;ASS. DE DIRETORIA E GERENCIA AMZ. 1;; CARGO COMISSION.S/VINCULO;2836,00;;2836,00;300,51;2535,49;
FREDSON BERNARDO DA SILVA;CONAD;MEMBRO DE CONSELHO;; CONSELHO;2806,00;;2806,00;67,65;2738,35;
GENECI BEHLING BETT;EFETIVOS;ANALISTA PREVIDENCIARIO;; ESTATUTARIO;21307,46;;21307,46;7152,90;14154,56;
GIZA ALLEM NAZARE DE ANDRADE;COMISSIONADOS;GERENTE;GERENTE; CARGO COMISSION.S/VINCULO;10129,00;;10129,00;2516,69;7612,31;
GUILHERME HENRICH BENEK VIEIRA;CONAD;MEMBRO DE CONSELHO;; CONSELHO;2806,00;;2806,00;67,65;2738,35;
HELIANA CUNHA MOTTA DE OLIVEIRA;AMAZONPREV-ATIVOS;ASSISTENTE TECNICO;; ESTATUTARIO;9589,72;;9589,72;2463,05;7126,67;
HELLEN CREMILDES PORTO S PINHEIRO;AMAZONPREV-ATIVOS;ASSISTENTE TECNICO;; ESTATUTARIO;18110,09;;18110,09;5896,95;12213,14;
ISAIAS DE SOUZA CAVALCANTE;AMAZONPREV-ATIVOS;ASSISTENTE TECNICO;; ESTATUTARIO;15931,00;;15931,00;4930,08;11000,92;
IVANILDO DA COSTA E SILVA;EFETIVOS;ANALISTA PREVIDENCIARIO;AG. PREVIDENCIARIO; ESTATUTARIO;26254,23;;26254,23;8911,08;17343,15;
IZABEL ELEINA MOREIRA;EFETIVOS;ANALISTA PREVIDENCIARIO;AG. PREVIDENCIARIO; ESTATUTARIO;23947,71;;23947,71;8094,82;15852,89;
JANIS LISANDRA BATISTA CRUZ;EFETIVOS;ANALISTA PREVIDENCIARIO;AG. PREVIDENCIARIO; ESTATUTARIO;20080,77;;20080,77;6534,64;13546,13;
JASPE CORREA FILHO;COFIS;MEMBRO DO CONSELHO FISCAL;; CONSELHO;2244,80;;2244,80;25,56;2219,24;
JOAO AFONSO DA SILVA ARAUJO;COFIS;MEMBRO DO CONSELHO FISCAL;; CONSELHO;2244,80;;2244,80;25,56;2219,24;
JOAO AUGUSTO CORDEIRO RAMOS;COMISSIONADOS;GERENTE AMZ.7;; CARGO COMISSION.S/VINCULO;10129,00;;10129,00;2516,69;7612,31;
JONATHAS CARREIRA MADEIRA JUNIOR;EFETIVOS;ADVOGADO PUBLICO;ADVOGADO; ESTATUTARIO;23391,23;;23391,23;7937,44;15453,79;
JORGE PIETRO RODRIGUES DE ARAUJO;EFETIVOS;ANALISTA PREVIDENCIARIO;AG. PREVIDENCIARIO; ESTATUTARIO;26254,23;;26254,23;8963,22;17291,01;
JOSE ANTONIO L SENHORAES;AMAZONPREV-ATIVOS;MOTORISTA;; ESTATUTARIO;8792,46;;8792,46;2441,00;6351,46;
JOSE EMERSON CAMPOS RODRIGUES;EFETIVOS;ANALISTA PREVIDENCIARIO;AG. PREVIDENCIARIO; ESTATUTARIO;21003,38;;21003,38;7038,41;13964,97;
KEYCE REGINA MARQUES DA SILVA;AMAZONPREV-ATIVOS;ASSESSOR III AMZ.4;ASSESSOR III AMZ.4; CARGO COMISSION.S/VINCULO;5064,00;;5064,00;925,75;4138,25;
LEIDY SILVIA RIBEIRO SEVERO;COMISSIONADOS;ASS. DE DIRETORIA E GERENCIA AMZ. 1;ASS. DE DIRETORIA E; CARGO COMISSION.S/VINCULO;2836,00;;2836,00;300,51;2535,49;
LEONARDO ALMEIDA DE S CAVALCANTI;EFETIVOS;ANALISTA PREVIDENCIARIO;COORDENADOR; ESTATUTARIO;30600,96;;30600,96;9989,37;20611,59;
LIGIA DA SILVA BARROS;COFIS;MEMBRO DE CONSELHO;VICE PRES CONS FISC; CARGO COMISSION.S/VINCULO;2244,80;;2244,80;25,56;2219,24;
LUCIANE BARROS DE SOUZA;EFETIVOS;ADVOGADO PUBLICO;ADVOGADO; ESTATUTARIO;30392,30;;30392,30;10521,20;19871,10;
LUIZ CARLOS REGO FREITAS;EFETIVOS;ANALISTA PREVIDENCIARIO;AG. PREVIDENCIARIO; ESTATUTARIO;23947,71;;23947,71;7297,41;16650,30;
LUIZ ROMULO PESSOA PEGADO;AMAZONPREV-ATIVOS;ASSISTENTE TECNICO;; ESTATUTARIO;16740,21;;16740,21;5433,33;11306,88;
MANOEL FERREIRA LIMA JUNIOR;EFETIVOS;ANALISTA PREVIDENCIARIO;COORDENADOR AMZ-3; ESTATUTARIO;28560,74;;28560,74;9779,48;18781,26;
MARA ROBERTA OLIVEIRA DOS ANJOS;COFIS;MEMBRO DO CONSELHO FISCAL;; CONSELHO;2244,80;;2244,80;25,56;2219,24;
MARCELO SOARES CAVALCANTE;EFETIVOS;ANALISTA PREVIDENCIARIO;AG. PREVIDENCIARIO; ESTATUTARIO;25100,96;;25100,96;8476,87;16624,09;
MARCIO OSORIO FREITAS;CONAD;MEMBRO DE CONSELHO;; CONSELHO;2806,00;;2806,00;67,65;2738,35;
MARCO ANTONIO OLIVEIRA DE ARAUJO;COMISSIONADOS;GERENTE;GERENTE; CARGO COMISSION.S/VINCULO;10129,00;;10129,00;2098,01;8030,99;
MARCOS ANDRE ABENSUR;COFIS;MEMBRO DO CONSELHO FISCAL;; CONSELHO;2244,80;;2244,80;25,56;2219,24;
MARCOS HOMERO XAVIER VENTILARI;EFETIVOS;ANALISTA PREVIDENCIARIO;AG. PREVIDENCIARIO; ESTATUTARIO;26254,23;;26254,23;8911,08;17343,15;
MARCOS ROBERTO NASCIMENTO DE SOUZA;AMAZONPREV-ATIVOS;MEMBRO DE CONSELHO;; CONSELHO;2500,00;;2500,00;44,70;2455,30;
MARIA ADELAIDE RIBEIRO CRUZ;CODIR;ANALISTA PREVIDENCIARIO;DIRETOR DE PREVIDENC; ESTATUTARIO;28503,79;;28503,79;9862,32;18641,47;
MARIA DA CONCEICAO GRANA CRUZ;CEDIDOS;ASSISTENTE ADMINISTRATIVO;ASSIST. ADMINIST; ESTATUTARIO;3446,08;;3446,08;356,80;3089,28;
MARIA DA CONCEICAO GUERREIRO SILVA;COFIS;MEMBRO DE CONSELHO;MEMBRO.CONS.ADM.; CARGO COMISSION.S/VINCULO;2244,80;773,06;1471,74;;1471,74;
MARIA DE FATIMA DE SOUZA ALENCAR;AMAZONPREV-ATIVOS;ASSISTENTE TECNICO;GERENTE, AD-2; ESTATUTARIO;11089,63;;11089,63;3123,90;7965,73;
MARIA DE FATIMA LIMA DA SILVA;RELOTADOS;ASSISTENTE TECNICO;; ESTATUTARIO;6366,17;;6366,17;1044,94;5321,23;
MARIA DO SOCORRO SANTOS ALBUQUERQUE;AMAZONPREV-ATIVOS;ASSISTENTE TECNICO;GERENTE; ESTATUTARIO;6428,78;;6428,78;1485,01;4943,77;
MARIA EDNA ALVES DA COSTA;AMAZONPREV-ATIVOS;ASSISTENTE TECNICO;; ESTATUTARIO;19087,29;;19087,29;6079,08;13008,21;
MARIA LUCIA LIMA DUTRA;EFETIVOS;ANALISTA PREVIDENCIARIO;AG. PREVIDENCIARIO; ESTATUTARIO;26254,23;;26254,23;9015,36;17238,87;
MARIA NEBLINA MARAES;CODIR;PROFESSOR PF20.ESP-III;DIRETOR PRESIDENTE; ESTATUTARIO;28111,79;;28111,79;6709,58;21402,21;
MARIA SEBASTIANA DE OLIVEIRA BRITO;AMAZONPREV-ATIVOS;ASSISTENTE TECNICO;; ESTATUTARIO;15931,00;;15931,00;4930,08;11000,92;
MARIA SUELEN RIBEIRO DOS REIS;CEDIDOS;JORNALISTA;JORNALISTA; ESTATUTARIO;6530,97;;6530,97;1252,61;5278,36;
MARLENE AMANCIO DO AMARAL;AMAZONPREV-ATIVOS;ASSISTENTE TECNICO;; ESTATUTARIO;15921,03;;15921,03;4926,45;10994,58;
MARTA REGINA OLIVEIRA DE FARIAS;AMAZONPREV-ATIVOS;ASSISTENTE TECNICO;COORD REGIONAL; ESTATUTARIO;17413,55;;17413,55;5634,71;11778,84;
MICHELLE BELOTA TROMBONI;AMAZONPREV-ATIVOS;ASSISTENTE TECNICO;GERENTE, AD-2; ESTATUTARIO;14779,30;;14779,30;4695,05;10084,25;
MILTONIR FRANCISCO BARBOSA C LIMA;CODIR;TECNICO DE NIVEL SUPERIOR;DIRETOR ADMINISTRATI; ESTATUTARIO;11400,39;;11400,39;2036,88;9363,51;
NADIA MONTEIRO DE ALMEIDA PAIVA;AMAZONPREV-ATIVOS;ASSISTENTE TECNICO;; ESTATUTARIO;6386,49;;6386,49;1473,28;4913,21;
NAIS ALVES DE CAMPOS;COMISSIONADOS;ASSESSOR III AMZ.4;NAO INFORMADO; CARGO COMISSION.S/VINCULO;5064,00;;5064,00;925,75;4138,25;
NEILDO ROSAS DE LIMA;AMAZONPREV-ATIVOS;VIGIA;GERENTE; ESTATUTARIO;7679,44;;7679,44;1655,78;6023,66;
NELCI CAVALCANTE TOME;COMISSIONADOS;COORDENADOR;COORDENADOR-AMZ-3; CARGO COMISSION.S/VINCULO;5570,00;;5570,00;1009,18;4560,82;
NUNO PONCE DE LEAO GONCALVES;COMISSIONADOS;ASSESSOR II AMZ.5;ASSESSOR II AMZ.5; CARGO COMISSION.S/VINCULO;6077,00;;6077,00;1299,85;4777,15;
PRISCILLA TEIXEIRA FREIRE DE ARAUJO;EFETIVOS;ANALISTA PREVIDENCIARIO;AG. PREVIDENCIARIO; ESTATUTARIO;25100,96;;25100,96;8476,87;16624,09;
RAIMUNDO ALBERTO DA SILVA MENTA;CONAD;MEMBRO DE CONSELHO;; CONSELHO;2806,00;;2806,00;67,65;2738,35;
RAIMUNDO NONATO PEREIRA DE AGUIAR;EFETIVOS;ANALISTA PREVIDENCIARIO;AG. PREVIDENCIARIO; ESTATUTARIO;25100,96;;25100,96;8476,87;16624,09;
RAIMUNDO PEREIRA PONTES FILHO;CONAD;MEMBRO DE CONSELHO;; CONSELHO;2806,00;58,90;2747,10;63,23;2683,87;
RAWLISON THALES MARTINS NASCIMENTO;EFETIVOS;ANALISTA PREVIDENCIARIO;AG. PREVIDENCIARIO; ESTATUTARIO;26254,23;;26254,23;8963,22;17291,01;
RENIZIO DE OLIVEIRA FERREIRA;EFETIVOS;ANALISTA PREVIDENCIARIO;; ESTATUTARIO;33467,95;;33467,95;10882,07;22585,88;
RIAD ABRAHIM BALLUT;CONAD;MEMBRO DE CONSELHO;; CONSELHO;2806,00;;2806,00;67,65;2738,35;
RICLEITON WALLACE PEDROSO BATISTA;EFETIVOS;ANALISTA PREVIDENCIARIO;; ESTATUTARIO;26254,23;;26254,23;8297,52;17956,71;
RILMA FERREIRA DA COSTA;EFETIVOS;ANALISTA PREVIDENCIARIO;ASSESSOR I AMZ.6; ESTATUTARIO;29254,23;;29254,23;9840,36;19413,87;
ROBERVANE MORAES DE MELLO COMPTON;EFETIVOS;ANALISTA PREVIDENCIARIO;AG. PREVIDENCIARIO; ESTATUTARIO;25100,96;;25100,96;8581,15;16519,81;
ROBSON SORIA NEGREIROS;EFETIVOS;ANALISTA PREVIDENCIARIO;; ESTATUTARIO;25100,96;;25100,96;8476,87;16624,09;
RONALDO ROSALINO JUNIOR;EFETIVOS;ANALISTA PREVIDENCIARIO;AG. PREVIDENCIARIO; ESTATUTARIO;25100,96;;25100,96;8581,15;16519,81;
ROSINEY CABRAL BOTELHO;AMAZONPREV-ATIVOS;ASSISTENTE TECNICO;; ESTATUTARIO;11680,77;;11680,77;3278,58;8402,19;
RUY BARBOSA DA SILVA M VIOLANTE;CONAD;MEMBRO DE CONSELHO;; CONSELHO;2806,00;;2806,00;67,65;2738,35;
SANDRA HELENE SANTANA GUSMAO ANDRAD;AMAZONPREV-ATIVOS;ASSISTENTE TECNICO;; ESTATUTARIO;17431,03;;17431,03;5617,79;11813,24;
SAULO THIAGO SANTANA PINHEIRO;AMAZONPREV-ATIVOS;ASSISTENTE TECNICO;; ESTATUTARIO;6361,28;;6361,28;1525,66;4835,62;
SERGIO FERREIRA NETO;EFETIVOS;ANALISTA PREVIDENCIARIO;; ESTATUTARIO;25100,96;;25100,96;8581,15;16519,81;
SID ALVES DA SILVA GUILHERME;EFETIVOS;ADVOGADO PUBLICO;; ESTATUTARIO;30392,30;;30392,30;10573,34;19818,96;
SIMELBE CARNEIRO FURTADO CAMARA;EFETIVOS;ANALISTA PREVIDENCIARIO;; ESTATUTARIO;25100,96;;25100,96;8581,15;16519,81;
VANDER LAAN REIS GOES;CONAD;MEMBRO DE CONSELHO;MEMBRO.CONS.ADM.; CARGO COMISSION.S/VINCULO;2806,00;;2806,00;67,65;2738,35;
VIVIANNE SERRAO DE FARIAS;COMISSIONADOS;ASS. DE DIRETORIA E GERENCIA AMZ. 1;ASS. DE DIRETORIA E; CARGO COMISSION.S/VINCULO;2836,00;;2836,00;300,51;2535,49;
WELLINGTON GUIMARAES BENTES;EFETIVOS;ANALISTA PREVIDENCIARIO;; ESTATUTARIO;28754,23;;28754,23;9702,86;19051,37;
WILZA DO NASCIMENTO MOREIRA;COMISSIONADOS;ASS. DE DIRETORIA E GERENCIA AMZ. 1;; CARGO COMISSION.S/VINCULO;2836,00;;2836,00;300,51;2535,49;
WIVIANNY FARIAS PEREIRA LACERDA;EFETIVOS;ANALISTA PREVIDENCIARIO;; ESTATUTARIO;26254,23;;26254,23;8911,08;17343,15;
ZIRLEY RAMOS AQUINO;EFETIVOS;ANALISTA PREVIDENCIARIO;AG. PREVIDENCIARIO; ESTATUTARIO;26254,23;;26254,23;9015,36;17238,87;
