NOME;LOTACAO;CARGO;FUNCAO;VINCULO;REMUNERACAO LEGAL TOTAL(R$);DESC.TETO(R$); REMUNERACAO LEGAL DEVIDA(R$);DESCONTOS LEGAIS(R$);LIQUIDO DISPONIVEL(R$);
ADERBAL DE AZEVEDO GARCIA;FUNDACAO AMAZONAS DE ALTO RENDIMENT;CHEFE DE DEPARTAMENTO;NAO INFORMADO; CARGO COMISSION.S/VINCULO;5.229,77;;5.229,77;986,23;4.243,54;
ADSON SOARES GARCIA;ASSESSORIA;ASSESSOR I;NAO INFORMADO; CARGO COMISSION.S/VINCULO;5.229,77;;5.229,77;986,23;4.243,54;
AGNES NAIA GOMES DE SA FERNANDES;DIRETORIA ADM.FINANCEIRA;ASSESSOR I;; CARGO COMISSION.S/VINCULO;5.229,77;;5.229,77;986,23;4.243,54;
ALDERVAN SOUZA CORDOVIL;ASSESSORIA;GERENTE;NAO INFORMADO; CARGO COMISSION.S/VINCULO;4.209,79;;4.209,79;646,07;3.563,72;
ALEXSANDRO NERO MARTINS DA SILVA;ASSESSORIA;ASSESSOR III;NAO INFORMADO; CARGO COMISSION.S/VINCULO;3.191,80;;3.191,80;352,48;2.839,32;
ALINE RODRIGUES DO NASCIMENTO;FUNDACAO AMAZONAS DE ALTO RENDIMENT;GERENTE;NAO INFORMADO; CARGO COMISSION.S/VINCULO;4.209,79;;4.209,79;646,07;3.563,72;
AMANDA COSTA DE LIMA BORGES;ASSESSORIA;ASSESSOR III;NAO INFORMADO; CARGO COMISSION.S/VINCULO;3.191,80;;3.191,80;372,18;2.819,62;
ANA CAROLINA FERNANDES VIANA;DIRETORIA TECNICA;GERENTE;NAO INFORMADO; CARGO COMISSION.S/VINCULO;4.209,79;;4.209,79;646,07;3.563,72;
ANGELO JOSE DO CARMO CASTRO;ASSESSORIA;ASSESSOR II;NAO INFORMADO; CARGO COMISSION.S/VINCULO;4.209,79;;4.209,79;615,64;3.594,15;
ARTHUR SALES GESTA DE MELO;DIRETORIA TECNICA;GERENTE;NAO INFORMADO; CARGO COMISSION.S/VINCULO;5.613,05;;5.613,05;1.130,04;4.483,01;
BERNARDO AUGUSTO CAMPOS MENDES;DIRETORIA TECNICA;ASSESSOR I;NAO INFORMADO; CARGO COMISSION.S/VINCULO;6.973,03;;6.973,03;1.207,77;5.765,26;
BRENO ROCHA REIS;ORGAOS DE ATIVIDADE MEIO;DIRETOR ADMINISTRATIVO E FINANCEIRO;NAO INFORMADO; CARGO COMISSION.S/VINCULO;9.000,00;;9.000,00;2.211,09;6.788,91;
BRUNO MENDES PEDRACA;FUNDACAO AMAZONAS DE ALTO RENDIMENT;ASSESSOR I;NAO INFORMADO; CARGO COMISSION.S/VINCULO;5.229,77;;5.229,77;900,92;4.328,85;
CARLOS EDUARDO MENDONCA DA SILVA;DIRETORIA TECNICA;ASSESSOR II;NAO INFORMADO; CARGO COMISSION.S/VINCULO;3.209,79;;3.209,79;341,60;2.868,19;
DALYANA GOES CAVALCANTE;FUNDACAO AMAZONAS DE ALTO RENDIMENT;ASSESSOR II;NAO INFORMADO; CARGO COMISSION.S/VINCULO;4.209,79;;4.209,79;646,07;3.563,72;
DANIEL PRESTES TAVARES;ASSESSORIA;ASSESSOR II;NAO INFORMADO; CARGO COMISSION.S/VINCULO;8.419,58;;8.419,58;2.051,47;6.368,11;
DAVID DENETT DA SILVA NASCIMENTO;FUNDACAO AMAZONAS DE ALTO RENDIMENT;ASSESSOR II;NAO INFORMADO; CARGO COMISSION.S/VINCULO;4.209,79;;4.209,79;587,20;3.622,59;
DAVID LABORDA DE MOURA;FUNDACAO AMAZONAS DE ALTO RENDIMENT;ASSESSOR II;NAO INFORMADO; CARGO COMISSION.S/VINCULO;3.209,79;;3.209,79;376,71;2.833,08;
DENIS PASSOS ASSIS;ASSESSORIA;ASSESSOR II;NAO INFORMADO; CARGO COMISSION.S/VINCULO;4.209,79;;4.209,79;646,07;3.563,72;
DEUZILENE SIQUEIRA FERREIRA;ASSESSORIA;ASSESSOR II;NAO INFORMADO; CARGO COMISSION.S/VINCULO;4.209,79;;4.209,79;615,64;3.594,15;
DIEGO CESAR MENDONCA FACANHA;ASSESSORIA;CHEFE DE DEPARTAMENTO;NAO INFORMADO; CARGO COMISSION.S/VINCULO;5.229,77;;5.229,77;986,23;4.243,54;
EDNEI FONSECA DA SILVA;DIRETORIA TECNICA;COORDENADOR OPERACIONAL;NAO INFORMADO; CARGO COMISSION.S/VINCULO;5.229,77;;5.229,77;986,23;4.243,54;
EMILLY BRISI TAVARES DA SILVA;ASSESSORIA;ASSESSOR II;NAO INFORMADO; CARGO COMISSION.S/VINCULO;4.209,79;;4.209,79;615,64;3.594,15;
ERALDO NUNES DE ALMEIDA;DIRETORIA TECNICA;ASSESSOR III;NAO INFORMADO; CARGO COMISSION.S/VINCULO;3.191,80;;3.191,80;372,18;2.819,62;
ESMAELINO GALUCIO BARROS;DIRETORIA ADM.FINANCEIRA;A.TEC-II;ASSESSOR I; ESTATUTARIO;7.780,61;;7.780,61;1.366,57;6.414,04;
EWERSON DE OLIVEIRA CARVALHO;DIRETORIA TECNICA;ASSESSOR II;NAO INFORMADO; CARGO COMISSION.S/VINCULO;5.613,05;;5.613,05;1.130,04;4.483,01;
FABIO HENRIQUE DOS S ALBUQUERQUE;FUNDACAO AMAZONAS DE ALTO RENDIMENT;DIRETOR TECNICO;NAO INFORMADO; CARGO COMISSION.S/VINCULO;9.000,00;;9.000,00;2.211,09;6.788,91;
FAGNA DA COSTA MORAES;ASSESSORIA;ASSESSOR II;NAO INFORMADO; CARGO COMISSION.S/VINCULO;4.209,79;;4.209,79;646,07;3.563,72;
FERNANDO OLIVEIRA SPOSINA;FUNDACAO AMAZONAS DE ALTO RENDIMENT;ASSESSOR II;NAO INFORMADO; CARGO COMISSION.S/VINCULO;4.209,79;;4.209,79;646,07;3.563,72;
FILIPE MENDES SILVA;ASSESSORIA;ASSESSOR II;NAO INFORMADO; CARGO COMISSION.S/VINCULO;4.209,79;;4.209,79;646,07;3.563,72;
FLORAMARA TELES MACHADO;DIRETORIA TECNICA;ASSESSOR II;NAO INFORMADO; CARGO COMISSION.S/VINCULO;4.209,79;;4.209,79;646,07;3.563,72;
FRANCISCO EDSON MARQUES FILHO;ORGAOS DE ATIVIDADES-FIM;PROFESSOR PF20.LPL-IV;CHEFE DE DEPARTAMENT; ESTATUTARIO;7.521,16;;7.521,16;1.720,97;5.800,19;
FRANCISCO JAILSON OLIMPIO VEIGA;DIRETORIA TECNICA;ASSESSOR I;NAO INFORMADO; CARGO COMISSION.S/VINCULO;6.973,03;;6.973,03;1.537,80;5.435,23;
GERALDO CRISTOVAO GUIMARÃES;FUNDACAO AMAZONAS DE ALTO RENDIMENT;GERENTE;NAO INFORMADO; CARGO COMISSION.S/VINCULO;4.209,79;;4.209,79;646,07;3.563,72;
GISELY LISBOA DA SILVA DE SOUZA;ASSESSORIA;GERENTE;NAO INFORMADO; CARGO COMISSION.S/VINCULO;4.209,79;;4.209,79;646,07;3.563,72;
GRACIONE TABOZA DE LIMA;FUNDACAO AMAZONAS DE ALTO RENDIMENT;GERENTE;NAO INFORMADO; CARGO COMISSION.S/VINCULO;4.209,79;;4.209,79;646,07;3.563,72;
GUARACY DE SOUZA SOPRANO;ASSESSORIA;ASSESSOR II;NAO INFORMADO; CARGO COMISSION.S/VINCULO;4.209,79;;4.209,79;587,20;3.622,59;
HUADSON DA ROCHA CARDOSO;ASSESSORIA;ASSESSOR II;NAO INFORMADO; CARGO COMISSION.S/VINCULO;4.209,79;;4.209,79;646,07;3.563,72;
INGRID DAYANE DE OLIVEIRA MENDES;ASSESSORIA;GERENTE;NAO INFORMADO; CARGO COMISSION.S/VINCULO;4.209,79;;4.209,79;646,07;3.563,72;
ITALO ALEXANDRE ASSENCO VIANA;ASSESSORIA;ASSESSOR I;NAO INFORMADO; CARGO COMISSION.S/VINCULO;5.229,77;;5.229,77;986,23;4.243,54;
JAMES DE SOUZA E SOUZA;DIRETORIA TECNICA;ASSESSOR I;NAO INFORMADO; CARGO COMISSION.S/VINCULO;6.973,03;;6.973,03;1.537,80;5.435,23;
JHONES ESTEFESSON CORREA S FILHO;ASSESSORIA;CHEFE DE DEPARTAMENTO;NAO INFORMADO; DISP. OUTROS ESFERAS;5.229,77;;5.229,77;568,83;4.660,94;
JOABE SANTOS DE ARAUJO;DIRETORIA TECNICA;ASSESSOR II;NAO INFORMADO; CARGO COMISSION.S/VINCULO;5.613,05;;5.613,05;1.028,74;4.584,31;
JORDANIA SANTOS DA GAMA;ASSESSORIA;GERENTE;NAO INFORMADO; CARGO COMISSION.S/VINCULO;4.209,79;;4.209,79;646,07;3.563,72;
JORGE ELIAS COSTA DE OLIVEIRA;GABINETE;DIRETOR PRESIDENTE;NAO INFORMADO; CARGO COMISSION.S/VINCULO;11.700,00;;11.700,00;2.797,18;8.902,82;
JOSE CARLOS SOARES CLEMENTE JUNIOR;ASSESSORIA;ASSESSOR II;NAO INFORMADO; CARGO COMISSION.S/VINCULO;4.209,79;;4.209,79;646,07;3.563,72;
KATHLEN INGRID FONTES GOIABEIRA;ASSESSORIA;GERENTE;NAO INFORMADO; CARGO COMISSION.S/VINCULO;8.419,58;;8.419,58;2.051,47;6.368,11;
KEYNE MENDONCA DO CARMO;ASSESSORIA;ASSESSOR I;NAO INFORMADO; CARGO COMISSION.S/VINCULO;5.229,77;;5.229,77;986,23;4.243,54;
LISANDRO MAMUD SAID TEIXEIRA;ASSESSORIA;GERENTE;NAO INFORMADO; CARGO COMISSION.S/VINCULO;4.209,79;;4.209,79;646,07;3.563,72;
LOURENA CRISTINA LIMA AFONSO;GABINETE;CHEFE DE GABINETE;NAO INFORMADO; CARGO COMISSION.S/VINCULO;5.229,77;;5.229,77;986,23;4.243,54;
LUANA SILVA DE SOUZA;ASSESSORIA;GERENTE;NAO INFORMADO; CARGO COMISSION.S/VINCULO;4.209,79;;4.209,79;646,07;3.563,72;
LUIS PINTO ROCHA;DEPTO.DE PROGRAMAS E PROJETOS;ASSESSOR II;NAO INFORMADO; CARGO COMISSION.S/VINCULO;4.209,79;;4.209,79;646,07;3.563,72;
LUIZ ROGERIO DE ANDRADE MELLO;ASSESSORIA;GERENTE;NAO INFORMADO; CARGO COMISSION.S/VINCULO;4.209,79;;4.209,79;646,07;3.563,72;
MANUEL EURI DE ARAUJO BRASIL;DEPTO.DE ADMINIST.E FINANCAS;ASSESSOR II;NAO INFORMADO; CARGO COMISSION.S/VINCULO;4.209,79;;4.209,79;646,07;3.563,72;
MARCIA ESTEVES DA SILVA MOREIRA;FUNDACAO AMAZONAS DE ALTO RENDIMENT;CHEFE DE DEPARTAMENTO;NAO INFORMADO; CARGO COMISSION.S/VINCULO;5.229,77;;5.229,77;858,26;4.371,51;
MARCO ANTONIO OLIVEIRA RODRIGUES;ASSESSORIA;GERENTE;NAO INFORMADO; CARGO COMISSION.S/VINCULO;4.209,79;;4.209,79;615,64;3.594,15;
MARCO RINALDO COLARES LOPES;ASSESSORIA;ASSESSOR II;NAO INFORMADO; CARGO COMISSION.S/VINCULO;3.209,79;;3.209,79;376,71;2.833,08;
MARILIA FERRAZ DORINHO;ASSESSORIA;ASSESSOR I;NAO INFORMADO; CARGO COMISSION.S/VINCULO;5.229,77;;5.229,77;986,23;4.243,54;
MARIO SEVERIANO CAMARA NETO;DIRETORIA TECNICA;ASSESSOR I;NAO INFORMADO; CARGO COMISSION.S/VINCULO;6.973,03;;6.973,03;1.537,80;5.435,23;
MAURO DE CARVALHO NETO;DIRETORIA TECNICA;ASSESSOR II;; CARGO COMISSION.S/VINCULO;4.209,79;;4.209,79;537,17;3.672,62;
MISAEL DE MELO GIBBS ARAUJO;DIRETORIA TECNICA;ASSESSOR III;NAO INFORMADO; CARGO COMISSION.S/VINCULO;3.191,80;;3.191,80;372,18;2.819,62;
MONICA CINARA HOSSAINE NUNES;DIRETORIA TECNICA;COORDENADOR OPERACIONAL;NAO INFORMADO; CARGO COMISSION.S/VINCULO;5.229,77;;5.229,77;986,23;4.243,54;
MOYSES ROBERTO GEBER CORREA;FUNDACAO AMAZONAS DE ALTO RENDIMENT;COORDENADOR GERAL;NAO INFORMADO; CARGO COMISSION.S/VINCULO;5.229,77;;5.229,77;943,57;4.286,20;
PATRICIA DE NAZARE DA C OLIVEIRA;FUNDACAO AMAZONAS DE ALTO RENDIMENT;ASSESSOR II;NAO INFORMADO; CARGO COMISSION.S/VINCULO;4.209,79;;4.209,79;615,64;3.594,15;
RAIMUNDO DE VASCONCELOS TAPAJOS;ASSESSORIA;ASSESSOR II;NAO INFORMADO; CARGO COMISSION.S/VINCULO;4.209,79;;4.209,79;646,07;3.563,72;
RAIMUNDO MATHIAS DE SOUZA NETTO;DIRETORIA TECNICA;GERENTE;NAO INFORMADO; CARGO COMISSION.S/VINCULO;4.209,79;;4.209,79;646,07;3.563,72;
ROBERTO RODRIGUES DE CASTRO;DIRETORIA TECNICA;ASSESSOR II;NAO INFORMADO; CARGO COMISSION.S/VINCULO;4.209,79;;4.209,79;646,07;3.563,72;
ROMARIO RIBEIRO PEREIRA;ASSESSORIA;ASSESSOR II;NAO INFORMADO; CARGO COMISSION.S/VINCULO;4.209,79;;4.209,79;646,07;3.563,72;
SAMIA PINHEIRO FRANCO;ASSESSORIA;ASSESSOR II;NAO INFORMADO; CARGO COMISSION.S/VINCULO;8.419,58;;8.419,58;2.051,47;6.368,11;
SERVIO TULIO XEREZ DE MATTOS;FUNDACAO AMAZONAS DE ALTO RENDIMENT;CHEFE DE DEPARTAMENTO;NAO INFORMADO; CARGO COMISSION.S/VINCULO;5.229,77;;5.229,77;986,23;4.243,54;
TEREZINHA FERNANDES DE ARAUJO;FUNDACAO AMAZONAS DE ALTO RENDIMENT;CHEFE DE DEPARTAMENTO;NAO INFORMADO; CARGO COMISSION.S/VINCULO;5.229,77;;5.229,77;986,23;4.243,54;
THEMIS ELIZA BESSA S CORDEIRO;ASSESSORIA;ASSESSOR II;NAO INFORMADO; CARGO COMISSION.S/VINCULO;4.209,79;;4.209,79;646,07;3.563,72;
THYLON MAX DA SILVA FERREIRA;DEPTO.DE PROGRAMAS E PROJETOS;ASSESSOR III;NAO INFORMADO; CARGO COMISSION.S/VINCULO;4.255,73;;4.255,73;661,39;3.594,34;
VANDERLEI SANTANA DA SILVA;ASSESSORIA;ASSESSOR II;NAO INFORMADO; CARGO COMISSION.S/VINCULO;4.209,79;;4.209,79;615,64;3.594,15;
WALDISNEY GALUCIO CERDEIRA;ASSESSORIA;ASSESSOR II;NAO INFORMADO; CARGO COMISSION.S/VINCULO;4.209,79;;4.209,79;646,07;3.563,72;
