NOME;LOTACAO;CARGO;FUNCAO;VINCULO;REMUNERACAO LEGAL TOTAL(R$);DESC.TETO(R$); REMUNERACAO LEGAL DEVIDA(R$);DESCONTOS LEGAIS(R$);LIQUIDO DISPONIVEL(R$);
ADERBAL DE AZEVEDO GARCIA;FUNDACAO AMAZONAS DE ALTO RENDIMENT;CHEFE DE DEPARTAMENTO;NAO INFORMADO; CARGO COMISSION.S/VINCULO;5229,77;;5229,77;981,03;4248,74;
ADSON SOARES GARCIA;ASSESSORIA;ASSESSOR I;NAO INFORMADO; CARGO COMISSION.S/VINCULO;5229,77;;5229,77;981,03;4248,74;
AGNES NAIA GOMES DE SA FERNANDES;DIRETORIA ADM.FINANCEIRA;ASSESSOR I;; CARGO COMISSION.S/VINCULO;5229,77;;5229,77;981,03;4248,74;
ALDERVAN SOUZA CORDOVIL;ASSESSORIA;GERENTE;NAO INFORMADO; CARGO COMISSION.S/VINCULO;4209,79;;4209,79;640,87;3568,92;
ALINE RODRIGUES DO NASCIMENTO;FUNDACAO AMAZONAS DE ALTO RENDIMENT;GERENTE;NAO INFORMADO; CARGO COMISSION.S/VINCULO;5613,05;;5613,05;1125,18;4487,87;
AMANDA COSTA DE LIMA BORGES;ASSESSORIA;ASSESSOR III;NAO INFORMADO; CARGO COMISSION.S/VINCULO;3191,80;;3191,80;372,18;2819,62;
ANA CAROLINA FERNANDES VIANA;DIRETORIA TECNICA;GERENTE;NAO INFORMADO; CARGO COMISSION.S/VINCULO;4209,79;;4209,79;640,87;3568,92;
ANGELO JOSE DO CARMO CASTRO;ASSESSORIA;ASSESSOR II;NAO INFORMADO; CARGO COMISSION.S/VINCULO;4209,79;;4209,79;609,94;3599,85;
ARTHUR SALES GESTA DE MELO;DIRETORIA TECNICA;GERENTE;NAO INFORMADO; CARGO COMISSION.S/VINCULO;4209,79;;4209,79;640,87;3568,92;
BERNARDO AUGUSTO CAMPOS MENDES;DIRETORIA TECNICA;ASSESSOR I;NAO INFORMADO; CARGO COMISSION.S/VINCULO;5229,77;;5229,77;721,56;4508,21;
BRUNO MENDES PEDRACA;FUNDACAO AMAZONAS DE ALTO RENDIMENT;ASSESSOR I;NAO INFORMADO; CARGO COMISSION.S/VINCULO;5229,77;;5229,77;895,72;4334,05;
CARLOS EDUARDO MENDONCA DA SILVA;DIRETORIA TECNICA;ASSESSOR II;NAO INFORMADO; CARGO COMISSION.S/VINCULO;4279,72;;4279,72;600,31;3679,41;
DALYANA GOES CAVALCANTE;FUNDACAO AMAZONAS DE ALTO RENDIMENT;ASSESSOR II;NAO INFORMADO; CARGO COMISSION.S/VINCULO;4209,79;;4209,79;640,87;3568,92;
DANIEL PRESTES TAVARES;ASSESSORIA;ASSESSOR II;NAO INFORMADO; CARGO COMISSION.S/VINCULO;4209,79;;4209,79;640,87;3568,92;
DAVID LABORDA DE MOURA;FUNDACAO AMAZONAS DE ALTO RENDIMENT;ASSESSOR II;NAO INFORMADO; CARGO COMISSION.S/VINCULO;4279,72;;4279,72;664,19;3615,53;
DENIS PASSOS ASSIS;ASSESSORIA;ASSESSOR II;NAO INFORMADO; CARGO COMISSION.S/VINCULO;4209,79;;4209,79;640,87;3568,92;
DEUZILENE SIQUEIRA FERREIRA;ASSESSORIA;ASSESSOR II;NAO INFORMADO; CARGO COMISSION.S/VINCULO;4209,79;;4209,79;609,94;3599,85;
EDNEI FONSECA DA SILVA;DIRETORIA TECNICA;COORDENADOR OPERACIONAL;NAO INFORMADO; CARGO COMISSION.S/VINCULO;5229,77;;5229,77;981,03;4248,74;
EMILLY BRISI TAVARES DA SILVA;ASSESSORIA;ASSESSOR II;NAO INFORMADO; CARGO COMISSION.S/VINCULO;4209,79;;4209,79;609,94;3599,85;
ERALDO NUNES DE ALMEIDA;DIRETORIA TECNICA;ASSESSOR III;NAO INFORMADO; CARGO COMISSION.S/VINCULO;3191,80;;3191,80;372,18;2819,62;
ESMAELINO GALUCIO BARROS;DIRETORIA ADM.FINANCEIRA;A.TEC-II;ASSESSOR I; ESTATUTARIO;5835,46;;5835,46;831,65;5003,81;
EWERSON DE OLIVEIRA CARVALHO;DIRETORIA TECNICA;ASSESSOR II;NAO INFORMADO; CARGO COMISSION.S/VINCULO;4209,79;;4209,79;640,87;3568,92;
FABIO HENRIQUE DOS S ALBUQUERQUE;FUNDACAO AMAZONAS DE ALTO RENDIMENT;DIRETOR TECNICO;NAO INFORMADO; CARGO COMISSION.S/VINCULO;9000,00;;9000,00;2206,22;6793,78;
FAGNA DA COSTA MORAES;ASSESSORIA;ASSESSOR II;NAO INFORMADO; CARGO COMISSION.S/VINCULO;4209,79;;4209,79;640,87;3568,92;
FILIPE MENDES SILVA;ASSESSORIA;ASSESSOR II;NAO INFORMADO; CARGO COMISSION.S/VINCULO;4209,79;;4209,79;640,87;3568,92;
FLORAMARA TELES MACHADO;DIRETORIA TECNICA;ASSESSOR II;NAO INFORMADO; CARGO COMISSION.S/VINCULO;4209,79;;4209,79;640,87;3568,92;
FRANCISCO EDSON MARQUES FILHO;ORGAOS DE ATIVIDADES-FIM;PROFESSOR PF20.LPL-IV;CHEFE DE DEPARTAMENT; ESTATUTARIO;7521,16;;7521,16;1720,97;5800,19;
FRANCISCO JAILSON OLIMPIO VEIGA;DIRETORIA TECNICA;ASSESSOR I;NAO INFORMADO; CARGO COMISSION.S/VINCULO;5229,77;;5229,77;895,72;4334,05;
GERALDO CRISTOVAO GUIMARÃES;FUNDACAO AMAZONAS DE ALTO RENDIMENT;GERENTE;NAO INFORMADO; CARGO COMISSION.S/VINCULO;4209,79;;4209,79;640,87;3568,92;
GISELY LISBOA DA SILVA DE SOUZA;ASSESSORIA;GERENTE;NAO INFORMADO; CARGO COMISSION.S/VINCULO;4209,79;;4209,79;640,87;3568,92;
GRACIONE TABOZA DE LIMA;FUNDACAO AMAZONAS DE ALTO RENDIMENT;GERENTE;NAO INFORMADO; CARGO COMISSION.S/VINCULO;4209,79;;4209,79;640,87;3568,92;
GUARACY DE SOUZA SOPRANO;ASSESSORIA;ASSESSOR II;NAO INFORMADO; CARGO COMISSION.S/VINCULO;5613,05;;5613,05;1023,54;4589,51;
HUADSON DA ROCHA CARDOSO;ASSESSORIA;ASSESSOR II;NAO INFORMADO; CARGO COMISSION.S/VINCULO;4209,79;;4209,79;640,87;3568,92;
INGRID DAYANE DE OLIVEIRA MENDES;ASSESSORIA;GERENTE;NAO INFORMADO; CARGO COMISSION.S/VINCULO;4209,79;;4209,79;640,87;3568,92;
ITALO ALEXANDRE ASSENCO VIANA;ASSESSORIA;ASSESSOR I;NAO INFORMADO; CARGO COMISSION.S/VINCULO;5229,77;;5229,77;981,03;4248,74;
JACQUELINE NASCIMENTO FERREIRA;ASSESSORIA;ASSESSOR III;NAO INFORMADO; CARGO COMISSION.S/VINCULO;3191,80;;3191,80;372,18;2819,62;
JAMES DE SOUZA E SOUZA;DIRETORIA TECNICA;ASSESSOR I;NAO INFORMADO; CARGO COMISSION.S/VINCULO;5229,77;;5229,77;895,72;4334,05;
JOABE SANTOS DE ARAUJO;DIRETORIA TECNICA;ASSESSOR II;NAO INFORMADO; CARGO COMISSION.S/VINCULO;4209,79;;4209,79;581,50;3628,29;
JORDANIA SANTOS DA GAMA;ASSESSORIA;GERENTE;; CARGO COMISSION.S/VINCULO;3858,96;;3858,96;;3858,96;
JORGE ELIAS COSTA DE OLIVEIRA;GABINETE;DIRETOR PRESIDENTE;NAO INFORMADO; CARGO COMISSION.S/VINCULO;11700,00;;11700,00;2792,30;8907,70;
JOSE CARLOS SOARES CLEMENTE JUNIOR;ASSESSORIA;ASSESSOR II;NAO INFORMADO; CARGO COMISSION.S/VINCULO;5613,05;;5613,05;1125,18;4487,87;
KATHLEN INGRID FONTES GOIABEIRA;ASSESSORIA;GERENTE;NAO INFORMADO; CARGO COMISSION.S/VINCULO;4209,79;;4209,79;640,87;3568,92;
KEYNE MENDONCA DO CARMO;ORGAOS DE ATIVIDADE MEIO;CHEFE DE DEPARTAMENTO;NAO INFORMADO; CARGO COMISSION.S/VINCULO;5229,77;;5229,77;981,03;4248,74;
LISANDRO MAMUD SAID TEIXEIRA;ASSESSORIA;GERENTE;NAO INFORMADO; CARGO COMISSION.S/VINCULO;4209,79;;4209,79;640,87;3568,92;
LOURENA CRISTINA LIMA AFONSO;GABINETE;DIRETOR ADMINISTRATIVO E FINANCEIRO;NAO INFORMADO; CARGO COMISSION.S/VINCULO;9000,00;;9000,00;2416,86;6583,14;
LUANA CAROLINE BENITAH DE MORAES;ASSESSORIA;ASSESSOR I;NAO INFORMADO; CARGO COMISSION.S/VINCULO;5229,77;;5229,77;981,03;4248,74;
LUANA SILVA DE SOUZA;ASSESSORIA;GERENTE;NAO INFORMADO; CARGO COMISSION.S/VINCULO;4209,79;;4209,79;640,87;3568,92;
LUIS PINTO ROCHA;DEPTO.DE PROGRAMAS E PROJETOS;ASSESSOR II;NAO INFORMADO; CARGO COMISSION.S/VINCULO;5613,05;;5613,05;1125,18;4487,87;
MAILSON ABILIO DA COSTA;ASSESSORIA;ASSESSOR II;NAO INFORMADO; CARGO COMISSION.S/VINCULO;4209,79;;4209,79;640,87;3568,92;
MANUEL EURI DE ARAUJO BRASIL;DEPTO.DE ADMINIST.E FINANCAS;ASSESSOR II;NAO INFORMADO; CARGO COMISSION.S/VINCULO;4209,79;;4209,79;640,87;3568,92;
MARCIA ESTEVES DA SILVA MOREIRA;FUNDACAO AMAZONAS DE ALTO RENDIMENT;CHEFE DE DEPARTAMENTO;NAO INFORMADO; CARGO COMISSION.S/VINCULO;5229,77;;5229,77;853,06;4376,71;
MARCO ANTONIO OLIVEIRA RODRIGUES;ASSESSORIA;GERENTE;NAO INFORMADO; CARGO COMISSION.S/VINCULO;4209,79;;4209,79;609,94;3599,85;
MARCO RINALDO COLARES LOPES;ASSESSORIA;ASSESSOR II;NAO INFORMADO; CARGO COMISSION.S/VINCULO;3209,79;;3209,79;376,71;2833,08;
MARILIA FERRAZ DORINHO;ASSESSORIA;ASSESSOR I;NAO INFORMADO; CARGO COMISSION.S/VINCULO;5229,77;;5229,77;981,03;4248,74;
MARIO SEVERIANO CAMARA NETO;DIRETORIA TECNICA;ASSESSOR I;NAO INFORMADO; CARGO COMISSION.S/VINCULO;5229,77;;5229,77;895,72;4334,05;
MARJORYE GARCIA ALECRIM;ORGAOS DE ATIVIDADE MEIO;ASSESSOR II;NAO INFORMADO; CARGO COMISSION.S/VINCULO;4209,79;;4209,79;640,87;3568,92;
MAURO DE CARVALHO NETO;DIRETORIA TECNICA;ASSESSOR II;; CARGO COMISSION.S/VINCULO;4209,79;;4209,79;531,31;3678,48;
MISAEL DE MELO GIBBS ARAUJO;DIRETORIA TECNICA;ASSESSOR III;NAO INFORMADO; CARGO COMISSION.S/VINCULO;3191,80;;3191,80;372,18;2819,62;
MONICA CINARA HOSSAINE NUNES;DIRETORIA TECNICA;COORDENADOR OPERACIONAL;NAO INFORMADO; CARGO COMISSION.S/VINCULO;5229,77;;5229,77;981,03;4248,74;
MOYSES ROBERTO GEBER CORREA;FUNDACAO AMAZONAS DE ALTO RENDIMENT;COORDENADOR GERAL;NAO INFORMADO; CARGO COMISSION.S/VINCULO;5229,77;;5229,77;938,37;4291,40;
NATHALIA INGRID BENTES LEONEL;FUNDACAO AMAZONAS DE ALTO RENDIMENT;CHEFE DE DEPARTAMENTO;NAO INFORMADO; CARGO COMISSION.S/VINCULO;5229,77;;5229,77;981,03;4248,74;
PATRICIA DE NAZARE DA C OLIVEIRA;GABINETE;CHEFE DE GABINETE;NAO INFORMADO; CARGO COMISSION.S/VINCULO;5229,77;;5229,77;981,03;4248,74;
PATRICIA DE NAZARE DA C OLIVEIRA;ORGAOS DE ATIVIDADE MEIO;ASSESSOR I;; CARGO COMISSION.S/VINCULO;3050,70;;3050,70;2179,07;871,63;
RAIMUNDO DE VASCONCELOS TAPAJOS;ASSESSORIA;ASSESSOR II;NAO INFORMADO; CARGO COMISSION.S/VINCULO;4209,79;;4209,79;640,87;3568,92;
RAIMUNDO MATHIAS DE SOUZA NETTO;DIRETORIA TECNICA;GERENTE;NAO INFORMADO; CARGO COMISSION.S/VINCULO;4209,79;;4209,79;640,87;3568,92;
REGINALDO ONORATO PINHEIRO;ORGAOS DE ATIVIDADE MEIO;ASSESSOR II;NAO INFORMADO; CARGO COMISSION.S/VINCULO;4209,79;;4209,79;640,87;3568,92;
ROBERTO RODRIGUES DE CASTRO;DIRETORIA TECNICA;ASSESSOR II;NAO INFORMADO; CARGO COMISSION.S/VINCULO;4209,79;;4209,79;640,87;3568,92;
ROMARIO RIBEIRO PEREIRA;ASSESSORIA;ASSESSOR II;NAO INFORMADO; CARGO COMISSION.S/VINCULO;4209,79;;4209,79;640,87;3568,92;
SAMIA PINHEIRO FRANCO;ASSESSORIA;ASSESSOR II;NAO INFORMADO; CARGO COMISSION.S/VINCULO;4209,79;;4209,79;640,87;3568,92;
SERVIO TULIO XEREZ DE MATTOS;FUNDACAO AMAZONAS DE ALTO RENDIMENT;CHEFE DE DEPARTAMENTO;NAO INFORMADO; CARGO COMISSION.S/VINCULO;6973,03;;6973,03;1637,21;5335,82;
TEREZINHA FERNANDES DE ARAUJO;FUNDACAO AMAZONAS DE ALTO RENDIMENT;CHEFE DE DEPARTAMENTO;NAO INFORMADO; CARGO COMISSION.S/VINCULO;6973,03;;6973,03;1637,21;5335,82;
THEMIS ELIZA BESSA S CORDEIRO;ASSESSORIA;ASSESSOR II;NAO INFORMADO; CARGO COMISSION.S/VINCULO;4209,79;;4209,79;640,87;3568,92;
THIAGO SILVA DOS SANTOS;FUNDACAO AMAZONAS DE ALTO RENDIMENT;GERENTE;NAO INFORMADO; CARGO COMISSION.S/VINCULO;4209,79;;4209,79;640,87;3568,92;
THYLON MAX DA SILVA FERREIRA;DEPTO.DE PROGRAMAS E PROJETOS;ASSESSOR III;NAO INFORMADO; CARGO COMISSION.S/VINCULO;3191,80;;3191,80;372,18;2819,62;
VANDERLEI SANTANA DA SILVA;ASSESSORIA;ASSESSOR II;NAO INFORMADO; CARGO COMISSION.S/VINCULO;4209,79;;4209,79;609,94;3599,85;
VICTOR AURELIO DE FIGUEIREDO BORGES;ASSESSORIA;GERENTE;NAO INFORMADO; CARGO COMISSION.S/VINCULO;8419,58;;8419,58;2046,60;6372,98;
WALDISNEY GALUCIO CERDEIRA;ASSESSORIA;ASSESSOR II;NAO INFORMADO; CARGO COMISSION.S/VINCULO;4209,79;;4209,79;640,87;3568,92;
