NOME;LOTACAO;CARGO;FUNCAO;VINCULO;REMUNERACAO LEGAL TOTAL(R$);DESC.TETO(R$); REMUNERACAO LEGAL DEVIDA(R$);DESCONTOS LEGAIS(R$);LIQUIDO DISPONIVEL(R$);
ALFREDO MONTEIRO LINS ALBUQUERQUE;GABINETE DO REPRESENTANTE;CHEFE DE ESCRITOR.DE REPRESENTACAO;NAO INFORMADO; CARGO COMISSION.S/VINCULO;28060,00;;28060,00;7447,72;20612,28;
BEATRIZ TOLEDO SILVA;GABINETE DO SECRETARIO;ASSESSOR II;NAO INFORMADO; CARGO COMISSION.S/VINCULO;4209,79;;4209,79;640,87;3568,92;
DOUGLAS CORREIA MARINHO;GABINETE DO SECRETARIO;ASSESSOR I;ASSESSOR I; CARGO COMISSION.S/VINCULO;5229,77;;5229,77;981,03;4248,74;
ISABEL FERNANDEZ RIBEIRO;GABINETE DO SECRETARIO;ASSESSOR I;NAO INFORMADO; CARGO COMISSION.S/VINCULO;5229,77;;5229,77;981,03;4248,74;
JANAINA COELHO MOTA SANTIAGO;GABINETE DO REPRESENTANTE;ASSESSOR TECNICO;ASSESSOR TECNICO; CARGO COMISSION.S/VINCULO;7000,00;;7000,00;1647,36;5352,64;
LUIZ CARLOS GONCALVES;AGENCIA DE REPRES.PROM.DO AM;TNS-I;MOT.DO SECRETARIO; ESTATUTARIO;5877,97;;5877,97;1343,70;4534,27;
MARCIO ROBERTO DA SILVA;AGENCIA DE REPRES.PROM.DO AM;ASSESSOR II;; CARGO COMISSION.S/VINCULO;3209,79;;3209,79;376,71;2833,08;
MICHEL FERREIRA DO VALE;ASSESSORIA;TEC.DA FAZENDA ESTADUAL 2A.CL.I;ASSESSOR III; ESTATUTARIO;444,00;17,20;426,80;;426,80;
PEDRO GOMES DOS ANJOS NETO;GABINETE DO REPRESENTANTE;ASSESSOR I;ASSESSOR I; CARGO COMISSION.S/VINCULO;4229,77;;4229,77;647,53;3582,24;
RAFAEL SUSUMU YORINOBU;AGENCIA DE REPRES.PROM.DO AM;ASSESSOR III;NAO INFORMADO; CARGO COMISSION.S/VINCULO;3191,80;;3191,80;372,18;2819,62;
RAFAELLA NAKAJIMA FERNANDES;GABINETE DO SECRETARIO;ASSESSOR II;ASSESSOR II; CARGO COMISSION.S/VINCULO;4209,79;;4209,79;640,87;3568,92;
ROCINEIDE MARIA VENANCIO DA SILVA;AGENCIA DE REPRES.PROM.DO AM;AUX.O-I;ASSESSOR I; ESTATUTARIO;2640,60;;2640,60;397,20;2243,40;
ROSILIANE CANTISANI BESSA;GABINETE DO REPRESENTANTE;ASSESSOR TECNICO;NAO INFORMADO; CARGO COMISSION.S/VINCULO;7000,00;;7000,00;1647,36;5352,64;
SALETE MARIA SIQUEIRA;AGENCIA DE REPRES.PROM.DO AM;ASSESSOR III;ASSESSOR III; CARGO COMISSION.S/VINCULO;4255,73;;4255,73;656,19;3599,54;
SANDRA ANDREA DA COSTA RIBEIRO;GABINETE DO REPRESENTANTE;CHEFE DE DEPARTAMENTO;CHEFE DE DEPARTAMENT; CARGO COMISSION.S/VINCULO;5229,77;;5229,77;981,03;4248,74;
SYLVIA FERNANDEZ;GABINETE DO REPRESENTANTE;ASSESSOR II;ASSESSOR II; CARGO COMISSION.S/VINCULO;4209,79;;4209,79;640,87;3568,92;
TATIANE MARTINS SIMAO;AGENCIA DE REPRES.PROM.DO AM;ASSESSOR TECNICO;NAO INFORMADO; CARGO COMISSION.S/VINCULO;7000,00;;7000,00;1647,36;5352,64;
VALERIA XIMENES DE SOUZA;GABINETE DO REPRESENTANTE;CHEFE DE GABINETE;NAO INFORMADO; CARGO COMISSION.S/VINCULO;5229,77;;5229,77;981,03;4248,74;
