NOME;LOTACAO;CARGO;FUNCAO;VINCULO;REMUNERACAO LEGAL TOTAL(R$);DESC.TETO(R$); REMUNERACAO LEGAL DEVIDA(R$);DESCONTOS LEGAIS(R$);LIQUIDO DISPONIVEL(R$);
ADELIA MARIA PEREIRA COSTA;APOSENTADOS TJA - SERVIDORES;ANALISTA JUDICIARIO I;; ESTATUTARIO;26180,71;;26180,71;7687,78;18492,93;
ADELMO AZEVEDO SANTOS;APOSENTADOS TJA - SERVIDORES;AUXILIAR JUDICIARIO II;; ESTATUTARIO;5034,09;;5034,09;515,01;4519,08;
ADEMIR RUIZ DA SILVA;APOSENTADOS TJA - SERVIDORES;AUXILIAR JUDICIARIO II;; ESTATUTARIO;3262,77;;3262,77;134,62;3128,15;
ADERSON BATISTA MONTEIRO;APOSENTADOS TJA - SERVIDORES;AUXILIAR JUDICIARIO II;; ESTATUTARIO;9229,62;;9229,62;1076,88;8152,74;
AJES RACHID AMIN;APOSENTADOS TJA - SERVIDORES;AUXILIAR JUDICIARIO II;; ESTATUTARIO;6985,29;;6985,29;528,00;6457,29;
ALBANIZA MARIA MONTEIRO WAUGHAN;APOSENTADOS TJA - SERVIDORES;ESCREVENTE JURAMENTADO;; ESTATUTARIO;13047,40;;13047,40;2498,06;10549,34;
ALBINO RODRIGUES DO NASCIMENTO;APOSENTADOS TJA - SERVIDORES;ESCRIVAO;; ESTATUTARIO;28530,12;;28530,12;8629,29;19900,83;
ALCEMIR PESSOA FIGLIUOLO;APOSENTADOS TJA - DESEMBARGADO;DESEMBARGADOR APOSENTADO;; ESTATUTARIO;41515,31;;41515,31;12629,49;28885,82;
ALDA ZANE DE ALBUQUERQUE;APOSENTADOS TJA - SERVIDORES;AUXILIAR JUDICIARIO II;; ESTATUTARIO;3959,22;;3959,22;11,34;3947,88;
ALLAN KARDEC CAVALCANTE GOMES;APOSENTADOS TJA - SERVIDORES;ANALISTA JUDICIARIO III F;; ESTATUTARIO;29682,26;;29682,26;2171,09;27511,17;
ALVARINA DE ALMEIDA TIANT;APOSENTADOS TJA - MAGISTRADOS;JUIZ DE DIREITO APOSENTADO;; ESTATUTARIO;31603,48;;31603,48;9082,01;22521,47;
ALZIRA VALDELICE PIRES EWERTON;APOSENTADOS TJA - DESEMBARGADO;JUIZ DE DIREITO APOSENTADO;; ESTATUTARIO;37493,84;;37493,84;11082,81;26411,03;
AMAZILES MOURA CAVALCANTE;APOSENTADOS TJA - SERVIDORES;ASSESSOR ESPECIAL;; ESTATUTARIO;10497,80;;10497,80;1581,89;8915,91;
AMELIA BANDEIRA DA COSTA;APOSENTADOS TJA - SERVIDORES;AUXILIAR JUDICIARIO III - NIVEL F;; ESTATUTARIO;6246,65;;6246,65;848,47;5398,18;
ANA HELIA LOBO MORAES;APOSENTADOS TJA - SERVIDORES;ANALISTA JUDICIARIO III F;; ESTATUTARIO;38040,18;464,62;37575,56;12291,84;25283,72;
ANA JUDITH MARTINS PRESTES;APOSENTADOS TJA - SERVIDORES;DIRETOR TECNICO JUDICIARIO;; ESTATUTARIO;71780,73;34299,93;37480,80;11239,22;26241,58;
ANA MARIA AZEVEDO DA SILVA;APOSENTADOS TJA - SERVIDORES;ASSISTENTE JUDICIARIO;; ESTATUTARIO;12677,76;;12677,76;2904,88;9772,88;
ANA NABIA BICHARA FARIAS;APOSENTADOS TJA - SERVIDORES;ASSISTENTE JUDICIARIO;; ESTATUTARIO;9323,40;;9323,40;1535,23;7788,17;
ANA TEREZA DE JESUS LOPES SOUZA;APOSENTADOS TJA - SERVIDORES;ASSESSOR ESPECIAL;; ESTATUTARIO;12477,68;;12477,68;3004,86;9472,82;
ANGELA VITORIA PINTO GUSMAO;APOSENTADOS TJA - SERVIDORES;ASSISTENTE JUDICIARIO;; ESTATUTARIO;7195,64;;7195,64;;7195,64;
ANTONIA ALICE GURGEL DO AMARAL;APOSENTADOS TJA - DESEMBARGADO;JUIZ DE DIREITO APOSENTADO;; ESTATUTARIO;37485,15;;37485,15;11187,08;26298,07;
ANTONIO BEZERRA DE BRITO;APOSENTADOS TJA - SERVIDORES;ESCRIVAO;; ESTATUTARIO;19460,79;;19460,79;4795,26;14665,53;
ANTONIO CELSO DA SILVA GIOIA;APOSENTADOS TJA - MAGISTRADOS;JUIZ DE DIREITO APOSENTADO;; ESTATUTARIO;33689,11;;33689,11;10886,68;22802,43;
ANTONIO CORDEIRO DE SOUZA NETO;APOSENTADOS TJA - SERVIDORES;AUXILIAR JUDICIARIO II;; ESTATUTARIO;6530,57;;6530,57;926,55;5604,02;
ANTONIO JOSE ALVES DE MAGALHAES;APOSENTADOS TJA - SERVIDORES;ESCRIVAO;; ESTATUTARIO;23869,00;;23869,00;6752,37;17116,63;
ANTONIO MARCELO DANTAS PORTO;APOSENTADOS TJA - SERVIDORES;ASSISTENTE JUDICIARIO;; ESTATUTARIO;18156,96;;18156,96;365,96;17791,00;
ARI JORGE MOUTINHO DA COSTA;APOSENTADOS TJA - DESEMBARGADO;DESEMBARGADOR;DESEMBARGADOR; ESTATUTARIO;38169,05;;38169,05;2980,29;35188,76;
ARLINDO DE ALMEIDA PASSOS;APOSENTADOS TJA - MAGISTRADOS;JUIZ DE DIREITO APOSENTADO;; ESTATUTARIO;35615,57;;35615,57;10571,64;25043,93;
ARMANDA PARENTE DE CASTRO;APOSENTADOS TJA - SERVIDORES;ASSISTENTE JUDICIARIO;; ESTATUTARIO;12477,68;;12477,68;3109,13;9368,55;
ARNALDO CAMPELLO CARPINTEIRO PERES;APOSENTADOS TJA - DESEMBARGADO;DESEMBARGADOR APOSENTADO;; ESTATUTARIO;37493,84;;37493,84;11082,81;26411,03;
AUREA DE OLIVEIRA COSTA;APOSENTADOS TJA - SERVIDORES;CONSULTOR ESPECIAL;; ESTATUTARIO;12791,04;;12791,04;;12791,04;
CARLOS ALBERTO PINTO COSTA;APOSENTADOS TJA - SERVIDORES;ESCREVENTE JURAMENTADO;; ESTATUTARIO;12175,42;;12175,42;2471,74;9703,68;
CARLOS ALEXANDRE VELLOSO PRAIA;APOSENTADOS TJA - SERVIDORES;ASSISTENTE JUDICIARIO;; ESTATUTARIO;9779,25;;9779,25;;9779,25;
CARLOS ZAMITH DE OLIVEIRA JUNIOR;APOSENTADOS TJA - MAGISTRADOS;JUIZ DE DIREITO DE ENTRANCIA FINAL;; ESTATUTARIO;33689,11;;33689,11;10938,82;22750,29;
CARMEN CONCEICAO PEREIRA TEIXEIRA;APOSENTADOS TJA - SERVIDORES;ESCRIVAO;; ESTATUTARIO;33338,70;;33338,70;9766,16;23572,54;
CELESTE AUGUSTA HOLANDA;APOSENTADOS TJA - SERVIDORES;OFICIAL DO REGISTRO CIVIL;; ESTATUTARIO;2434,74;;2434,74;;2434,74;
CLAUDETE DO CARMO ANDRADE;APOSENTADOS TJA - SERVIDORES;ESCRIVAO;; ESTATUTARIO;25360,08;;25360,08;7435,76;17924,32;
CLAUDIA PEREIRA MACHADO BRAGA;APOSENTADOS TJA - SERVIDORES;ANALISTA JUDICIARIO I;; ESTATUTARIO;11962,27;;11962,27;;11962,27;
CLAUDIO ARAUJO BARROS;APOSENTADOS TJA - SERVIDORES;JUIZ DE PAZ;; ESTATUTARIO;1352,40;;1352,40;;1352,40;
CLEOMAR DOS ANJOS FEITOZA;APOSENTADOS TJA - MAGISTRADOS;JUIZ DE DIREITO APOSENTADO;; ESTATUTARIO;35615,57;;35615,57;10571,64;25043,93;
CLOVIS ALBUQUERQUE DA MATA;APOSENTADOS TJA - DESEMBARGADO;JUIZ DE DIREITO APOSENTADO;; ESTATUTARIO;37502,53;;37502,53;10978,53;26524,00;
CLOVIS DE OLIVEIRA PAZ;APOSENTADOS TJA - SERVIDORES;MOTORISTA I;; ESTATUTARIO;8165,95;;8165,95;588,51;7577,44;
CORDELIA SANTOS DA SILVA;APOSENTADOS TJA - SERVIDORES;TECNICO JUDICIARIO AUXILIAR;; ESTATUTARIO;8063,71;;8063,71;;8063,71;
CRISTOVAO BARBOSA ALBUQUERQUE;APOSENTADOS TJA - SERVIDORES;ANALISTA JUDICIARIO II;; ESTATUTARIO;19493,21;;19493,21;6384,14;13109,07;
CYNTHIA BRAGA DE ALENCAR;APOSENTADOS TJA - SERVIDORES;ASSISTENTE JUDICIARIO;; ESTATUTARIO;14519,04;;14519,04;3564,41;10954,63;
DAISY MONTESUMA AFONSO M BARROS;APOSENTADOS TJA - SERVIDORES;ESCRIVAO;; ESTATUTARIO;33299,07;;33299,07;9635,18;23663,89;
DALVA MARIA DA SILVA MAIA;APOSENTADOS TJA - SERVIDORES;OFICIAL DO REGISTRO CIVIL;; ESTATUTARIO;1318,82;;1318,82;;1318,82;
DARCY LEITE DA SILVA;APOSENTADOS TJA - SERVIDORES;JUIZ DE PAZ;; ESTATUTARIO;1785,05;;1785,05;;1785,05;
DARCY MARIA SANTANA;APOSENTADOS TJA - SERVIDORES;APOSENTADO;; ESTATUTARIO;14111,30;;14111,30;3096,32;11014,98;
DAVID GOMES BENAYON;APOSENTADOS TJA - DESEMBARGADO;JUIZ DE DIREITO APOSENTADO;; ESTATUTARIO;37489,49;;37489,49;11134,94;26354,55;
DEBORA LINS FALCONE DA SILVA;APOSENTADOS TJA - SERVIDORES;COORDENADOR DE RECURSOS HUMANOS;; ESTATUTARIO;38957,22;3495,00;35462,22;2980,29;32481,93;
DELMISTA DA SILVA LEAO;APOSENTADOS TJA - SERVIDORES;ANALISTA JUDICIARIO II;; ESTATUTARIO;25722,01;;25722,01;7037,95;18684,06;
DENILZA MARIA BEZERRA PESSOA;APOSENTADOS TJA - MAGISTRADOS;JUIZ DE DIREITO APOSENTADO;; ESTATUTARIO;35587,49;;35587,49;10571,64;25015,85;
DENIZE FEITOZA DA CUNHA SANTOS;APOSENTADOS TJA - SERVIDORES;ANALISTA JUDICIARIO III F;; ESTATUTARIO;23246,78;;23246,78;7163,70;16083,08;
DEOCLECIO RIBEIRO DA SILVA;APOSENTADOS TJA - DESEMBARGADO;JUIZ DE DIREITO APOSENTADO;; ESTATUTARIO;37480,80;;37480,80;24211,68;13269,12;
DIONE SANTOS CARVALHO GOMES;APOSENTADOS TJA - SERVIDORES;ANALISTA JUDICIARIO I;; ESTATUTARIO;20668,77;;20668,77;6088,81;14579,96;
DIVA NORONHA ROCHA;APOSENTADOS TJA - SERVIDORES;OFICIAL DO REGISTRO CIVIL;; ESTATUTARIO;30695,15;;30695,15;9444,42;21250,73;
DIVALDO MARTINS DA COSTA;APOSENTADOS TJA - MAGISTRADOS;JUIZ DE DIREITO APOSENTADO;; ESTATUTARIO;35632,95;;35632,95;16880,44;18752,51;
DJACY DAS NEVES BENEVIDES;APOSENTADOS TJA - SERVIDORES;ESCRIVAO;; ESTATUTARIO;38932,00;1521,30;37410,70;14908,75;22501,95;
DOMINGOS PEDRO PAIVA;APOSENTADOS TJA - SERVIDORES;CONSULTOR ESPECIAL;; ESTATUTARIO;13517,49;;13517,49;;13517,49;
DOMITILA DA SILVA MOURA;APOSENTADOS TJA - SERVIDORES;JUIZ DE PAZ;; ESTATUTARIO;1745,71;;1745,71;;1745,71;
ECYR SOCORRO ALCANTARA DIAS;APOSENTADOS TJA - SERVIDORES;ANALISTA JUDICIARIO I;; ESTATUTARIO;26841,57;;26841,57;8412,86;18428,71;
EDILSON FERREIRA REBOUCAS;APOSENTADOS TJA - SERVIDORES;ASSISTENTE JUDICIARIO;; ESTATUTARIO;22240,93;;22240,93;901,72;21339,21;
EDMILSON MOUSINHO BARRETO;APOSENTADOS TJA - SERVIDORES;OFICIAL DE JUSTICA;; ESTATUTARIO;33215,14;;33215,14;9560,81;23654,33;
EDNA MARIA MOURAO PEREIRA MACHADO;APOSENTADOS TJA - DESEMBARGADO;JUIZ DE DIREITO APOSENTADO;; ESTATUTARIO;37480,80;;37480,80;11239,22;26241,58;
EDNAIDE MARIA MARTINS PRESTES;APOSENTADOS TJA - SERVIDORES;ANALISTA JUDICIARIO I;; ESTATUTARIO;30697,69;;30697,69;8820,18;21877,51;
EDSON PEREIRA DE SOUZA;APOSENTADOS TJA - MAGISTRADOS;JUIZ DE DIREITO APOSENTADO;; ESTATUTARIO;36268,87;;36268,87;2732,05;33536,82;
EDSON SOARES DE CARVALHO;APOSENTADOS TJA - DESEMBARGADO;JUIZ DE DIREITO APOSENTADO;; ESTATUTARIO;38169,05;;38169,05;15392,06;22776,99;
EDSON SOUZA DA SILVA;APOSENTADOS TJA - SERVIDORES;ANALISTA JUDICIARIO III F;; ESTATUTARIO;26416,80;;26416,80;7833,62;18583,18;
EFRAIM DE OLIVEIRA GOMES;APOSENTADOS TJA - SERVIDORES;ANALISTA JUDICIARIO II;; ESTATUTARIO;26811,56;;26811,56;7435,78;19375,78;
ELADIS DELZUITA DE PAULA;APOSENTADOS TJA - SERVIDORES;ESCRIVAO;; ESTATUTARIO;24572,01;;24572,01;7111,56;17460,45;
ELCI DE BARROS BARAUNA DIAS;APOSENTADOS TJA - SERVIDORES;ASSISTENTE JUDICIARIO;; ESTATUTARIO;10910,67;;10910,67;1729,66;9181,01;
ELEOMAR NASCIMENTO GAMA;APOSENTADOS TJA - SERVIDORES;ANALISTA JUDICIARIO III F;; ESTATUTARIO;22190,11;;22190,11;6242,27;15947,84;
ELI MARIA DAS GRACAS ALVES BANDEIRA;APOSENTADOS TJA - SERVIDORES;AUXILIAR JUDICIARIO II;; ESTATUTARIO;6530,59;;6530,59;234,23;6296,36;
ELIZABETH BRASIL DE LIMA;APOSENTADOS TJA - SERVIDORES;ANALISTA JUDICIARIO I;; ESTATUTARIO;23278,39;;23278,39;6967,05;16311,34;
EMANUEL FERREIRA LINS;APOSENTADOS TJA - SERVIDORES;ESCRIVAO;; ESTATUTARIO;25076,82;;25076,82;7493,80;17583,02;
ENCARNACAO DAS GRACAS S SALGADO;APOSENTADOS TJA - DESEMBARGADO;DESEMBARGADOR;DESEMBARGADORA; ESTATUTARIO;35462,22;;35462,22;11239,22;24223,00;
ERCIMOR FERREIRA DE SOUZA;APOSENTADOS TJA - SERVIDORES;AUXILIAR JUDICIARIO II;; ESTATUTARIO;6559,50;;6559,50;812,94;5746,56;
ERIVAN DE OLIVEIRA SANTANA;APOSENTADOS TJA - MAGISTRADOS;JUIZ DE DIREITO DE ENTRANCIA FINAL;JUIZ ENTRAN FINAL; ESTATUTARIO;33689,11;;33689,11;10571,64;23117,47;
ESTELITA BARROSO DA SILVA;APOSENTADOS TJA - SERVIDORES;ESCRIVAO;; ESTATUTARIO;41088,62;2951,58;38137,04;2980,29;35156,75;
ESTER COSTA GEBER;APOSENTADOS TJA - SERVIDORES;TECNICO JUDICIARIO AUXILIAR;; ESTATUTARIO;5951,70;;5951,70;185,83;5765,87;
ETADEUS DE MATOS CORDEIRO;APOSENTADOS TJA - SERVIDORES;ESCRIVAO;; ESTATUTARIO;28530,12;;28530,12;8629,29;19900,83;
ETELVINA TENORIO FREIRE;APOSENTADOS TJA - SERVIDORES;ASSESSOR ESPECIAL;; ESTATUTARIO;11934,80;;11934,80;2099,54;9835,26;
EUGENIO SOARES DA SILVA;APOSENTADOS TJA - SERVIDORES;ASSISTENTE JUDICIARIO;; ESTATUTARIO;14105,22;;14105,22;3198,31;10906,91;
EVERALDO JOSE DA SILVA O JUNIOR;APOSENTADOS TJA - SERVIDORES;ANALISTA JUDICIARIO II;; ESTATUTARIO;13433,66;;13433,66;2501,27;10932,39;
EVERALDO JOSE DA SILVA OLIVEIRA;APOSENTADOS TJA - SERVIDORES;OFICIAL DE JUSTICA;; ESTATUTARIO;18437,90;;18437,90;834,12;17603,78;
FATIMA ESTHER TEIXEIRA BOTELHO;APOSENTADOS TJA - SERVIDORES;ASSISTENTE JUDICIARIO;; ESTATUTARIO;12855,64;;12855,64;;12855,64;
FERNANDO ANTONIO MENEZES CALDERARO;APOSENTADOS TJA - SERVIDORES;ANALISTA JUDICIARIO I;; ESTATUTARIO;24303,46;;24303,46;6881,53;17421,93;
FERNANDO REBOUCAS MAUES;APOSENTADOS TJA - SERVIDORES;OFICIAL DE JUSTICA;; ESTATUTARIO;34586,60;;34586,60;2515,79;32070,81;
FRANCA DE CARVALHO COSTA;APOSENTADOS TJA - SERVIDORES;INSPETOR DE VIGILANCIA - NIVEL H;; ESTATUTARIO;6204,87;;6204,87;;6204,87;
FRANCIMAR LOPES DE ANDRADE;APOSENTADOS TJA - SERVIDORES;ASSISTENTE JUDICIARIO;; ESTATUTARIO;12222,51;;12222,51;2202,60;10019,91;
FRANCISCA LOPES CARIOCA;APOSENTADOS TJA - SERVIDORES;ASSISTENTE JUDICIARIO;; ESTATUTARIO;12477,71;;12477,71;2533,41;9944,30;
FRANCISCA OLIVEIRA DE SOUZA;APOSENTADOS TJA - SERVIDORES;ESCREVENTE JURAMENTADO;; ESTATUTARIO;14769,54;;14769,54;3114,91;11654,63;
FRANCISCO ANTONIO DOS SANTOS ARAUJO;APOSENTADOS TJA - SERVIDORES;ANALISTA JUDICIARIO II;OFICIAL DE JUSTICA; ESTATUTARIO;18971,71;;18971,71;5030,54;13941,17;
FRANCISCO DAS CHAGAS AUZIER MOREIRA;APOSENTADOS TJA - DESEMBARGADO;DESEMBARGADOR APOSENTADO;; ESTATUTARIO;42274,71;;42274,71;3516,64;38758,07;
FRANCISCO DE ASSIS ALMEIDA LEITE;APOSENTADOS TJA - MAGISTRADOS;JUIZ DE DIREITO APOSENTADO;; ESTATUTARIO;36268,87;;36268,87;2732,05;33536,82;
FRANCISCO DE ASSIS REGIS RODRIGUES;APOSENTADOS TJA - SERVIDORES;ESCRIVAO;; ESTATUTARIO;21623,77;;21623,77;821,03;20802,74;
FRANCISCO EDEVALDO PEREIRA VILHENA;APOSENTADOS TJA - SERVIDORES;ANALISTA JUDICIARIO II;; ESTATUTARIO;25058,80;;25058,80;1270,13;23788,67;
FRANCISCO FEITOSA PARENTE;APOSENTADOS TJA - SERVIDORES;ANALISTA JUDICIARIO II;; ESTATUTARIO;22908,31;;22908,31;7036,26;15872,05;
FRANCISCO GARCIA LADISLAU;APOSENTADOS TJA - SERVIDORES;AUXILIAR JUDICIARIO I;; ESTATUTARIO;4111,71;;4111,71;22,78;4088,93;
FRANCISCO HINDEMBERG GOMES ALMEIDA;APOSENTADOS TJA - SERVIDORES;ANALISTA JUDICIARIO II;; ESTATUTARIO;25658,12;;25658,12;11202,90;14455,22;
FRANCISCO MARQUES FERNANDES;APOSENTADOS TJA - SERVIDORES;JUIZ DE PAZ;; ESTATUTARIO;2258,44;;2258,44;;2258,44;
FRANCISCO PESSOA ALMADA;APOSENTADOS TJA - MAGISTRADOS;JUIZ DE DIREITO APOSENTADO;; ESTATUTARIO;33689,11;;33689,11;2732,05;30957,06;
FRANCISCO RODRIGUES BALIEIRO;APOSENTADOS TJA - MAGISTRADOS;JUIZ DE DIREITO APOSENTADO;; ESTATUTARIO;33804,30;;33804,30;14323,12;19481,18;
FRANCISCO SEBASTIAO DE SOUZA LINS;APOSENTADOS TJA - SERVIDORES;INSPETOR DE VIGILANCIA - NIVEL H;; ESTATUTARIO;8210,17;;8210,17;655,70;7554,47;
GASPAR CATUNDA DE SOUZA;APOSENTADOS TJA - DESEMBARGADO;DESEMBARGADOR APOSENTADO;; ESTATUTARIO;39293,32;;39293,32;12681,62;26611,70;
GENARIO TELES DO NASCIMENTO;APOSENTADOS TJA - SERVIDORES;MOTORISTA JUDICIARIO;; ESTATUTARIO;11277,98;;11277,98;1810,58;9467,40;
GENESINO BRAGA NETO;APOSENTADOS TJA - MAGISTRADOS;JUIZ DE DIREITO DE ENTRANCIA FINAL;; ESTATUTARIO;33696,11;;33696,11;10993,59;22702,52;
GEORGE ANTHONY MACIEL JACOB JUNIOR;APOSENTADOS TJA - SERVIDORES;ANALISTA JUDICIARIO I;; ESTATUTARIO;20437,31;;20437,31;876,80;19560,51;
GERALDO CATUNDA DE SOUZA;APOSENTADOS TJA - SERVIDORES;ANALISTA JUDICIARIO I;; ESTATUTARIO;20437,31;;20437,31;5582,34;14854,97;
GERALDO ORMUZD PACHECO FERNANDES;APOSENTADOS TJA - SERVIDORES;ESCRIVAO;; ESTATUTARIO;26853,84;;26853,84;7435,79;19418,05;
GLAIR MARIA ALVES DOS SANTOS VITAL;APOSENTADOS TJA - DESEMBARGADO;JUIZ DE DIREITO APOSENTADO;; ESTATUTARIO;37480,80;;37480,80;11239,22;26241,58;
GRACINETE SANTOS DE LIMA;APOSENTADOS TJA - SERVIDORES;ESCREVENTE JURAMENTADO;; ESTATUTARIO;12477,69;;12477,69;3109,14;9368,55;
GREGORIO CARVALHO CAVALCANTE;APOSENTADOS TJA - SERVIDORES;ANALISTA JUDICIARIO III F;; ESTATUTARIO;38603,73;464,62;38139,11;2980,29;35158,82;
HELENA BARROSO DE OLIVEIRA;APOSENTADOS TJA - SERVIDORES;JUIZ DE PAZ;; ESTATUTARIO;2308,36;;2308,36;30,33;2278,03;
HELENA DE OLIVEIRA GALVAO;APOSENTADOS TJA - MAGISTRADOS;JUIZ DE DIREITO APOSENTADO;; ESTATUTARIO;36268,87;;36268,87;2732,05;33536,82;
HELENA JORGE DA SILVA;APOSENTADOS TJA - SERVIDORES;ESCRIVAO;; ESTATUTARIO;23136,61;;23136,61;7070,08;16066,53;
HELENA LUCIA OHANA DA SILVA;APOSENTADOS TJA - SERVIDORES;ESCRIVAO;; ESTATUTARIO;26416,79;;26416,79;8252,93;18163,86;
HELENA VITORIA DA SILVA C GADELHA;APOSENTADOS TJA - SERVIDORES;ANALISTA JUDICIARIO I;; ESTATUTARIO;22322,30;;22322,30;6711,36;15610,94;
HELENO SAMUEL PEREIRA;APOSENTADOS TJA - SERVIDORES;ANALISTA JUDICIARIO II;; ESTATUTARIO;21459,19;;21459,19;1019,87;20439,32;
HELOISA MEIRELLES DA S B MENEZES;APOSENTADOS TJA - SERVIDORES;SECRETARIO;; ESTATUTARIO;38291,35;122,30;38169,05;2980,29;35188,76;
HILDEBERTO FERREIRA DE MACEDO;APOSENTADOS TJA - SERVIDORES;ESCRIVAO;; ESTATUTARIO;26416,82;;26416,82;9890,95;16525,87;
HILTON CAMPOS CRUZ;APOSENTADOS TJA - MAGISTRADOS;JUIZ DE DIREITO APOSENTADO;; ESTATUTARIO;33856,62;;33856,62;13728,50;20128,12;
HONORIO VIEIRA DA COSTA;APOSENTADOS TJA - SERVIDORES;ANALISTA JUDICIARIO II;; ESTATUTARIO;25658,12;;25658,12;7561,54;18096,58;
HOSANNAH FLORENCIO DE MENEZES;APOSENTADOS TJA - DESEMBARGADO;DESEMBARGADOR APOSENTADO;; ESTATUTARIO;41532,69;;41532,69;12420,94;29111,75;
HUGO FERNANDES LEVY FILHO;APOSENTADOS TJA - MAGISTRADOS;JUIZ DE DIREITO APOSENTADO;; ESTATUTARIO;36268,87;;36268,87;8172,37;28096,50;
IARA MARILHA DA SILVA DIAS;APOSENTADOS TJA - SERVIDORES;ASSISTENTE JUDICIARIO;; ESTATUTARIO;12929,78;;12929,78;;12929,78;
IEDA MARQUES PEREIRA;APOSENTADOS TJA - SERVIDORES;TECNICO JUDICIARIO;; ESTATUTARIO;33185,78;;33185,78;10121,45;23064,33;
IOLANDA DE SOUZA BRAGA;APOSENTADOS TJA - SERVIDORES;OFICIAL DO REGISTRO CIVIL;; ESTATUTARIO;1318,82;;1318,82;;1318,82;
IONE AMARAL DE SOUSA;APOSENTADOS TJA - SERVIDORES;ESCREVENTE JURAMENTADO;; ESTATUTARIO;21819,04;;21819,04;5964,40;15854,64;
IRAM BENTES MACEDO;APOSENTADOS TJA - SERVIDORES;ESCREVENTE JURAMENTADO;; ESTATUTARIO;12477,71;;12477,71;3057,01;9420,70;
ITUHY DE OLIVEIRA LIMA;APOSENTADOS TJA - MAGISTRADOS;JUIZ DE DIREITO APOSENTADO;; ESTATUTARIO;35624,26;;35624,26;10467,36;25156,90;
IVANA MARIA ESTEVES RIBEIRO FEITOZA;APOSENTADOS TJA - SERVIDORES;DIRETOR TECNICO JUDICIARIO;; ESTATUTARIO;44314,96;6821,12;37493,84;11082,81;26411,03;
IVANILZE OLIVEIRA DOS S MESQUITA;APOSENTADOS TJA - SERVIDORES;ESCRIVAO;; ESTATUTARIO;22512,46;;22512,46;937,22;21575,24;
IVANY SIQUEIRA DE SA NOGUEIRA;APOSENTADOS TJA - SERVIDORES;ANALISTA JUDICIARIO I;; ESTATUTARIO;25039,61;;25039,61;7315,10;17724,51;
IVON ANDRADE DE MENEZES;APOSENTADOS TJA - SERVIDORES;ANALISTA JUDICIARIO II;; ESTATUTARIO;35061,26;;35061,26;10339,37;24721,89;
JAIR ARAUJO DA SILVA;APOSENTADOS TJA - SERVIDORES;ANALISTA JUDICIARIO II;; ESTATUTARIO;28987,55;;28987,55;10512,45;18475,10;
JANSEN FREIRE CHACON;APOSENTADOS TJA - SERVIDORES;AUXILIAR JUDICIARIO II;; ESTATUTARIO;6622,70;;6622,70;1249,48;5373,22;
JEFERSON GALVAO DE MELO;APOSENTADOS TJA - MAGISTRADOS;JUIZ DE DIREITO DE ENTRANC.INICIAL;; ESTATUTARIO;33852,27;;33852,27;9833,17;24019,10;
JESUS WILDES FARIAS MURCIA;APOSENTADOS TJA - SERVIDORES;ANALISTA JUDICIARIO III F;; ESTATUTARIO;24303,46;;24303,46;7037,94;17265,52;
JHOSELITO BARBOSA ARISTOTELES;APOSENTADOS TJA - SERVIDORES;ESCRIVAO;; ESTATUTARIO;24303,46;;24303,46;7561,54;16741,92;
JOAO BATISTA DE ANDRADE FILHO;APOSENTADOS TJA - MAGISTRADOS;JUIZ DE DIREITO APOSENTADO;; ESTATUTARIO;34463,69;;34463,69;2496,23;31967,46;
JOAO BATISTA DE SOUZA VALOIS;APOSENTADOS TJA - SERVIDORES;ASSISTENTE JUDICIARIO;; ESTATUTARIO;21000,97;;21000,97;5346,93;15654,04;
JOAO BOSCO MARQUES DE SOUZA;APOSENTADOS TJA - SERVIDORES;ESCRIVAO;; ESTATUTARIO;20420,67;;20420,67;8789,99;11630,68;
JOAO DA GRACA SOUTO;APOSENTADOS TJA - SERVIDORES;ESCRIVAO;; ESTATUTARIO;23714,61;;23714,61;6816,24;16898,37;
JOAO JOSE PINHEIRO DE JESUS;APOSENTADOS TJA - SERVIDORES;ANALISTA JUDICIARIO II;; ESTATUTARIO;24303,46;;24303,46;7037,94;17265,52;
JOAO MIGUEL LANGBECK SOARES;APOSENTADOS TJA - SERVIDORES;ANALISTA JUDICIARIO I;; ESTATUTARIO;19015,29;;19015,29;5046,95;13968,34;
JOCIONE HERALDO DA SILVA CUNHA;APOSENTADOS TJA - SERVIDORES;ANALISTA JUDICIARIO II;; ESTATUTARIO;23246,78;;23246,78;1270,13;21976,65;
JOEL SILVA DE SOUZA;APOSENTADOS TJA - SERVIDORES;ANALISTA JUDICIARIO II;; ESTATUTARIO;20165,03;;20165,03;838,68;19326,35;
JONAS TAMANDARE LINS RODRIGUES;APOSENTADOS TJA - SERVIDORES;ESCRIVAO;; ESTATUTARIO;40153,53;4691,31;35462,22;2980,29;32481,93;
JORGE ALBERTO MENDES JUNIOR;APOSENTADOS TJA - MAGISTRADOS;JUIZ DE DIREITO APOSENTADO;; ESTATUTARIO;36268,87;;36268,87;7375,60;28893,27;
JORGE REIS SILVA TAVARES;APOSENTADOS TJA - SERVIDORES;ESCRIVAO;; ESTATUTARIO;24567,67;;24567,67;7163,70;17403,97;
JOSAFA SAMPAIO FURTADO;APOSENTADOS TJA - SERVIDORES;AUXILIAR JUDICIARIO;; ESTATUTARIO;6242,13;;6242,13;198,42;6043,71;
JOSE ALMIR CORDEIRO DOS SANTOS;APOSENTADOS TJA - SERVIDORES;ESCREVENTE JURAMENT.(BEL.DIREITO);; ESTATUTARIO;25360,12;;25360,12;7959,38;17400,74;
JOSE BERNARDES SOBRINHO;APOSENTADOS TJA - SERVIDORES;ANALISTA JUDICIARIO I;; ESTATUTARIO;27413,37;;27413,37;7636,04;19777,33;
JOSE CRISTOVAO DO REGO B E SANTOS;APOSENTADOS TJA - SERVIDORES;ANALISTA JUDICIARIO III E;; ESTATUTARIO;20868,89;;20868,89;5744,83;15124,06;
JOSE GOMES DE ALMEIDA;APOSENTADOS TJA - SERVIDORES;ANALISTA JUDICIARIO II;; ESTATUTARIO;26349,39;;26349,39;7262,67;19086,72;
JOSE LUIZ DE ARAUJO RIBEIRO;APOSENTADOS TJA - DESEMBARGADO;JUIZ DE DIREITO APOSENTADO;; ESTATUTARIO;38169,05;;38169,05;8708,47;29460,58;
JOSE ORLANDO GOMES DE SOUZA;APOSENTADOS TJA - SERVIDORES;AUXILIAR JUDICIARIO I;; ESTATUTARIO;8215,00;;8215,00;;8215,00;
JOSE RIBAMAR COSTA SOARES;APOSENTADOS TJA - MAGISTRADOS;JUIZ DE DIREITO APOSENTADO;; ESTATUTARIO;35637,29;;35637,29;10258,82;25378,47;
JOSE RUFINO FILHO;APOSENTADOS TJA - SERVIDORES;JUIZ DE PAZ;; ESTATUTARIO;1217,37;;1217,37;;1217,37;
JOVALDO DOS SANTOS AGUIAR;APOSENTADOS TJA - DESEMBARGADO;DESEMBARGADOR APOSENTADO;; ESTATUTARIO;42274,71;;42274,71;3516,64;38758,07;
JUAREZ FRAZAO RODRIGUES;APOSENTADOS TJA - SERVIDORES;OFICIAL DO REGISTRO CIVIL;; ESTATUTARIO;41088,62;2951,58;38137,04;2980,29;35156,75;
JULIA DOS SANTOS LIMA;APOSENTADOS TJA - SERVIDORES;ASSISTENTE JUDICIARIO;; ESTATUTARIO;9181,20;;9181,20;1868,01;7313,19;
KATIA REGINA FARIAS DE OLIVEIRA;APOSENTADOS TJA - SERVIDORES;ANALISTA JUDICIARIO III F;; ESTATUTARIO;41047,92;3634,64;37413,28;11658,54;25754,74;
LAFAYETTE CARNEIRO VIEIRA;APOSENTADOS TJA - DESEMBARGADO;DESEMBARGADOR APOSENTADO;; ESTATUTARIO;41515,31;;41515,31;12629,49;28885,82;
LAIS VASCONCELLOS BIVAR BIVAR;APOSENTADOS TJA - MAGISTRADOS;JUIZ DE DIREITO APOSENTADO;; ESTATUTARIO;33689,11;;33689,11;10571,64;23117,47;
LAURENTINA TAVARES JACINTO;APOSENTADOS TJA - SERVIDORES;ANALISTA JUDICIARIO II;; ESTATUTARIO;24303,46;;24303,46;6985,81;17317,65;
LAURO BEZERRA DE MENEZES FILHO;APOSENTADOS TJA - SERVIDORES;JUIZ DE PAZ;; ESTATUTARIO;2637,64;;2637,64;;2637,64;
LEA NILCE RODRIGUES;APOSENTADOS TJA - MAGISTRADOS;JUIZ DE DIREITO APOSENTADO;; ESTATUTARIO;34463,69;;34463,69;2496,23;31967,46;
LIDIA DA SILVA NASCIMENTO;APOSENTADOS TJA - SERVIDORES;ANALISTA JUDICIARIO II;; ESTATUTARIO;16856,11;;16856,11;375,43;16480,68;
LINDBERGH SA VALENTE;APOSENTADOS TJA - SERVIDORES;OFICIAL DE JUSTICA;; ESTATUTARIO;29813,55;;29813,55;11748,60;18064,95;
LITAMAR DA SILVA NASCIMENTO;APOSENTADOS TJA - SERVIDORES;ANALISTA JUDICIARIO I;; ESTATUTARIO;22190,11;;22190,11;6765,86;15424,25;
LOURDES FERREIRA GOMES;APOSENTADOS TJA - SERVIDORES;CONSULTOR ESPECIAL;; ESTATUTARIO;18275,07;;18275,07;4365,41;13909,66;
LOURIVAL LOPES BRITO;APOSENTADOS TJA - SERVIDORES;ESCRIVAO;; ESTATUTARIO;30164,74;;30164,74;8629,28;21535,46;
LUCAS MARQUES PINHEIRO;APOSENTADOS TJA - SERVIDORES;APOSENTADO;; ESTATUTARIO;31319,31;;31319,31;2085,46;29233,85;
LUCIA DO PERPETUO S G L GALVAO;APOSENTADOS TJA - SERVIDORES;ANALISTA JUDICIARIO I;; ESTATUTARIO;25360,12;;25360,12;7959,38;17400,74;
LUCIDIO CARDENAS;APOSENTADOS TJA - SERVIDORES;JUIZ DE PAZ;; ESTATUTARIO;2479,46;;2479,46;;2479,46;
LUCIMAR DE SOUZA WEIL;APOSENTADOS TJA - SERVIDORES;TECNICO JUDICIARIO NS-B;; ESTATUTARIO;33635,76;;33635,76;10447,29;23188,47;
LUCIO EUZEBIO FARIA CALDAS;APOSENTADOS TJA - MAGISTRADOS;JUIZ DE DIREITO APOSENTADO;; ESTATUTARIO;35619,91;;35619,91;10519,50;25100,41;
LUCIO ROMERO MOREIRA LIMA;APOSENTADOS TJA - SERVIDORES;MOTORISTA I;; ESTATUTARIO;10256,44;;10256,44;;10256,44;
LUIZ ALBERTO DE AGUIAR ALBUQUERQUE;APOSENTADOS TJA - MAGISTRADOS;JUIZ DE DIREITO APOSENTADO;; ESTATUTARIO;38169,05;;38169,05;2980,29;35188,76;
LUIZ ANTONIO DE VASCONCELLOS DIAS;APOSENTADOS TJA - DESEMBARGADO;JUIZ DE DIREITO APOSENTADO;; ESTATUTARIO;37489,49;;37489,49;11134,94;26354,55;
LUIZ FRANCISCO BELEM COSTA;APOSENTADOS TJA - SERVIDORES;ANALISTA JUDICIARIO I;; ESTATUTARIO;15617,96;;15617,96;202,09;15415,87;
LUIZ WILSON BARROSO;APOSENTADOS TJA - DESEMBARGADO;DESEMBARGADOR APOSENTADO;; ESTATUTARIO;35462,22;;35462,22;10769,98;24692,24;
MANOEL BESSA FILHO;APOSENTADOS TJA - MAGISTRADOS;JUIZ DE DIREITO APOSENTADO;; ESTATUTARIO;36268,87;;36268,87;11828,10;24440,77;
MANOEL GLACIMAR MELLO DAMASCENO;APOSENTADOS TJA - DESEMBARGADO;DESEMBARGADOR APOSENTADO;; ESTATUTARIO;42274,71;;42274,71;3516,64;38758,07;
MANUEL ANTONIO VITAL;APOSENTADOS TJA - SERVIDORES;ANALISTA JUDICIARIO II;; ESTATUTARIO;34996,36;;34996,36;10907,41;24088,95;
MANUEL NEUZIMAR PINHEIRO;APOSENTADOS TJA - DESEMBARGADO;DESEMBARGADOR APOSENTADO;; ESTATUTARIO;39293,32;;39293,32;3516,64;35776,68;
MAR LEA GRANDAL COELHO;APOSENTADOS TJA - SERVIDORES;ASSISTENTE JUDICIARIO;; ESTATUTARIO;11033,27;;11033,27;;11033,27;
MARCINA DOS SANTOS SOUZA;APOSENTADOS TJA - SERVIDORES;ESCRIVAO;; ESTATUTARIO;24141,57;;24141,57;6976,99;17164,58;
MARGARIDA DE ALMEIDA MORAES;APOSENTADOS TJA - SERVIDORES;ANALISTA JUDICIARIO II;; ESTATUTARIO;21154,55;;21154,55;761,83;20392,72;
MARIA ALICE REBOUCAS DE OLIVEIRA;APOSENTADOS TJA - SERVIDORES;AUXILIAR JUDICIARIO III - NIVEL F;; ESTATUTARIO;6530,58;;6530,58;926,55;5604,03;
MARIA ANTONIA DA SILVA COUTO;APOSENTADOS TJA - SERVIDORES;ANALISTA JUDICIARIO I;; ESTATUTARIO;18346,78;;18346,78;4795,26;13551,52;
MARIA APARECIDA DE O R PINHEIRO;APOSENTADOS TJA - SERVIDORES;COORDENADOR DE DISTRIBUICAO-PJC-6;; ESTATUTARIO;30533,02;;30533,02;8752,58;21780,44;
MARIA AUGUSTA PIMENTA LEAO;APOSENTADOS TJA - SERVIDORES;TECNICO DE NIVEL SUPERIOR - NIVEL O;; ESTATUTARIO;44287,95;6842,40;37445,55;11239,22;26206,33;
MARIA AUXILIADORA BORGES NEVES;APOSENTADOS TJA - SERVIDORES;ASSISTENTE JUDICIARIO;; ESTATUTARIO;11935,18;;11935,18;2748,47;9186,71;
MARIA AUXILIADORA DE CARVALHO;APOSENTADOS TJA - SERVIDORES;ANALISTA JUDICIARIO II;; ESTATUTARIO;39052,39;3590,17;35462,22;11134,94;24327,28;
MARIA AUXILIADORA MACEDO DE LIMA;APOSENTADOS TJA - SERVIDORES;ESCREVENTE JURAMENTADO;; ESTATUTARIO;9181,20;;9181,20;1292,28;7888,92;
MARIA AUXILIADORA MAIA;APOSENTADOS TJA - SERVIDORES;ANALISTA JUDICIARIO II;; ESTATUTARIO;18971,71;;18971,71;5397,73;13573,98;
MARIA BARBOSA DA SILVA;APOSENTADOS TJA - SERVIDORES;AUXILIAR JUDICIARIO II;; ESTATUTARIO;7035,63;;7035,63;404,86;6630,77;
MARIA CANDIDA SAUNDERS FERNANDES;APOSENTADOS TJA - SERVIDORES;DIRETOR TECNICO JUDICIARIO;; ESTATUTARIO;47942,87;12480,65;35462,22;11239,22;24223,00;
MARIA CREUZA COSTA DE SEIXAS;APOSENTADOS TJA - MAGISTRADOS;JUIZ DE DIREITO APOSENTADO;; ESTATUTARIO;32566,18;;32566,18;9940,31;22625,87;
MARIA CRISTINA ROESSING CRUZ;APOSENTADOS TJA - SERVIDORES;ANALISTA JUDICIARIO I;; ESTATUTARIO;25707,28;;25707,28;7457,25;18250,03;
MARIA DA CONCEICAO FOGASSA GOMES;APOSENTADOS TJA - SERVIDORES;ANALISTA JUDICIARIO II;; ESTATUTARIO;18346,78;;18346,78;4743,12;13603,66;
MARIA DA GLORIA MORAES DE MOURA;APOSENTADOS TJA - SERVIDORES;ESCRIVAO;; ESTATUTARIO;20078,38;;20078,38;5502,00;14576,38;
MARIA DA LUZ APARECIDA BORGES NEVES;APOSENTADOS TJA - SERVIDORES;ASSISTENTE JUDICIARIO;; ESTATUTARIO;11252,37;;11252,37;2230,10;9022,27;
MARIA DA PAZ GOMES ANTONIO;APOSENTADOS TJA - MAGISTRADOS;JUIZ DE DIREITO APOSENTADO;; ESTATUTARIO;36268,87;;36268,87;2732,05;33536,82;
MARIA DA SALETTE VELLOSO PRAIA;APOSENTADOS TJA - SERVIDORES;DIRETOR TECNICO JUDICIARIO;; ESTATUTARIO;46582,05;8413,00;38169,05;2980,29;35188,76;
MARIA DARCY NOGUEIRA DE AROUCA;APOSENTADOS TJA - SERVIDORES;OFICIAL DE JUSTICA;; ESTATUTARIO;25240,70;;25240,70;1291,36;23949,34;
MARIA DAS GRACAS DA SILVA ALMEIDA;APOSENTADOS TJA - SERVIDORES;ASSESSOR ESPECIAL;; ESTATUTARIO;13383,86;;13383,86;2453,75;10930,11;
MARIA DAS GRACAS OTERO GONCALVES;APOSENTADOS TJA - SERVIDORES;ESCRIVAO;; ESTATUTARIO;26416,82;;26416,82;7729,35;18687,47;
MARIA DAS GRACAS SOARES PROLA;APOSENTADOS TJA - SERVIDORES;TECNICO JUDICIARIO NS-A;; ESTATUTARIO;27362,66;;27362,66;8085,46;19277,20;
MARIA DE FATIMA OLIVEIRA NAZARETH;APOSENTADOS TJA - SERVIDORES;ESCREVENTE JURAMENTADO;; ESTATUTARIO;11314,71;;11314,71;1877,43;9437,28;
MARIA DE FATIMA PEREIRA DE SOUZA;APOSENTADOS TJA - SERVIDORES;APOSENTADO;; ESTATUTARIO;25240,70;;25240,70;1291,36;23949,34;
MARIA DE LOURDES DE CARVALHO;APOSENTADOS TJA - SERVIDORES;CONSULTOR ESPECIAL;; ESTATUTARIO;12477,73;;12477,73;3057,01;9420,72;
MARIA DE NAZARE CORDEIRO PEREIRA;APOSENTADOS TJA - SERVIDORES;ESCREVENTE JURAMENT.(BEL.DIREITO);; ESTATUTARIO;19340,10;;19340,10;5692,83;13647,27;
MARIA DE NAZARE DONADIO COELHO;APOSENTADOS TJA - SERVIDORES;CONSULTOR ESPECIAL;; ESTATUTARIO;13551,06;;13551,06;2571,08;10979,98;
MARIA DE NAZARE LIMA PEREIRA;APOSENTADOS TJA - SERVIDORES;TECNICO JUDICIARIO NS-B;; ESTATUTARIO;18756,45;;18756,45;4542,97;14213,48;
MARIA DE NAZARE NEVES DA SILVA;APOSENTADOS TJA - SERVIDORES;ASSISTENTE JUDICIARIO;; ESTATUTARIO;14025,24;;14025,24;2848,31;11176,93;
MARIA DE NAZARETH FARIAS NASCIMENTO;APOSENTADOS TJA - DESEMBARGADO;JUIZ DE DIREITO APOSENTADO;; ESTATUTARIO;37485,15;;37485,15;11187,08;26298,07;
MARIA DE NAZARETH SOARES DE SOUZA;APOSENTADOS TJA - MAGISTRADOS;JUIZ DE DIREITO APOSENTADO;; ESTATUTARIO;34463,69;;34463,69;2496,23;31967,46;
MARIA DINELLI IANNUZZI;APOSENTADOS TJA - SERVIDORES;ESCRIVAO;; ESTATUTARIO;27956,38;;27956,38;7677,19;20279,19;
MARIA DO CARMO MENDES SCHETTINI;APOSENTADOS TJA - SERVIDORES;ANALISTA JUDICIARIO I;; ESTATUTARIO;23855,97;;23855,97;6908,78;16947,19;
MARIA DO PERPETUO S C BANDEIRA;APOSENTADOS TJA - SERVIDORES;ASSISTENTE JUDICIARIO;; ESTATUTARIO;14479,48;;14479,48;3862,81;10616,67;
MARIA DO PERPETUO S S O MENDES;APOSENTADOS TJA - SERVIDORES;CONSULTOR ESPECIAL;; ESTATUTARIO;23096,73;;23096,73;5936,53;17160,20;
MARIA DO SOCORRO BARBOSA LEITE;APOSENTADOS TJA - SERVIDORES;ESCRIVAO;; ESTATUTARIO;23461,32;;23461,32;6713,72;16747,60;
MARIA DO SOCORRO COSTA LIMA;APOSENTADOS TJA - SERVIDORES;ASSISTENTE JUDICIARIO;; ESTATUTARIO;12687,71;;12687,71;2904,88;9782,83;
MARIA DORALICE MARCIAO;APOSENTADOS TJA - SERVIDORES;AUXILIAR JUDICIARIO II;; ESTATUTARIO;6352,13;;6352,13;260,29;6091,84;
MARIA GORETTE LIMA CARIOCA;APOSENTADOS TJA - SERVIDORES;TECNICO JUDICIARIO AUXILIAR;; ESTATUTARIO;13895,99;;13895,99;;13895,99;
MARIA HONORINA BRITTO DE SOUZA;APOSENTADOS TJA - SERVIDORES;ANALISTA JUDICIARIO I;; ESTATUTARIO;30329,93;;30329,93;9306,91;21023,02;
MARIA LAIRES CARVALHO MENDES;APOSENTADOS TJA - SERVIDORES;AUXILIAR JUDICIARIO II;; ESTATUTARIO;5962,70;;5962,70;277,08;5685,62;
MARIA LENIR BATISTA DE ARAUJO;APOSENTADOS TJA - SERVIDORES;AUXILIAR JUDICIARIO II;; ESTATUTARIO;6530,59;;6530,59;404,86;6125,73;
MARIA LENISE RODRIGUES PASSOS;APOSENTADOS TJA - SERVIDORES;ESCREVENTE JURAMENT.(BEL.DIREITO);; ESTATUTARIO;25360,12;;25360,12;7435,78;17924,34;
MARIA LIBIA DE QUEIROGA FERREIRA;APOSENTADOS TJA - SERVIDORES;ANALISTA JUDICIARIO I;; ESTATUTARIO;41803,69;1521,30;40282,39;2980,29;37302,10;
MARIA LIZETE BARROSO DE OLIVEIRA;APOSENTADOS TJA - SERVIDORES;ANALISTA JUDICIARIO II;; ESTATUTARIO;23399,26;;23399,26;6105,18;17294,08;
MARIA NAZARETH FONSECA ROMANO;APOSENTADOS TJA - SERVIDORES;SECRETARIO;; ESTATUTARIO;37067,28;1605,06;35462,22;2980,29;32481,93;
MARIA NELY DOS SANTOS SARMANHO;APOSENTADOS TJA - MAGISTRADOS;JUIZ DE DIREITO APOSENTADO;; ESTATUTARIO;34437,02;;34437,02;2496,23;31940,79;
MARIA RAIMUNDA MARQUES DOS SANTOS;APOSENTADOS TJA - SERVIDORES;ASSISTENTE JUDICIARIO;; ESTATUTARIO;9210,79;;9210,79;;9210,79;
MARIA ROSA LOPES LASMAR;APOSENTADOS TJA - SERVIDORES;TECNICO JUDICIARIO NS-A;; ESTATUTARIO;36462,56;;36462,56;10777,70;25684,86;
MARIA SONIA VIEIRA DE LIMA;APOSENTADOS TJA - SERVIDORES;ESCREVENTE JURAMENT.(BEL.DIREITO);; ESTATUTARIO;27899,75;;27899,75;8357,21;19542,54;
MARIA VICENTINA BARBOSA;APOSENTADOS TJA - SERVIDORES;AUXILIAR JUDICIARIO II;; ESTATUTARIO;3436,17;;3436,17;;3436,17;
MARIA ZOLIRIA LIBORIO DA CRUZ;APOSENTADOS TJA - SERVIDORES;ANALISTA JUDICIARIO III F;; ESTATUTARIO;24303,46;;24303,46;7561,54;16741,92;
MARILENE BARRETO GUIMARAES;APOSENTADOS TJA - SERVIDORES;TECNICO JUDICIARIO NS-A;; ESTATUTARIO;40334,36;2876,82;37457,54;11134,94;26322,60;
MARILIA RODRIGUES DA COSTA;APOSENTADOS TJA - SERVIDORES;ANALISTA JUDICIARIO I;; ESTATUTARIO;21229,46;;21229,46;5914,30;15315,16;
MARINA DAS GRACAS PAULA ARAUJO;APOSENTADOS TJA - MAGISTRADOS;JUIZ DE DIREITO APOSENTADO;; ESTATUTARIO;33843,58;;33843,58;9937,44;23906,14;
MARINILDES COSTEIRA DE M LIMA;APOSENTADOS TJA - DESEMBARGADO;DESEMBARGADOR APOSENTADO;; ESTATUTARIO;38169,05;;38169,05;2980,29;35188,76;
MARIO ABRAHAO CUDEK;APOSENTADOS TJA - SERVIDORES;ASSISTENTE JUDICIARIO;; ESTATUTARIO;4201,20;;4201,20;;4201,20;
MARIO JORGE RIBEIRO DA SILVA;APOSENTADOS TJA - SERVIDORES;ANALISTA JUDICIARIO II;; ESTATUTARIO;24303,46;;24303,46;7037,94;17265,52;
MARIO PASCOAL DE BRITO ROMANO;APOSENTADOS TJA - SERVIDORES;AUXILIAR JUDICIARIO I;; ESTATUTARIO;3252,45;;3252,45;133,07;3119,38;
MARLENE DIAS DE VERCOSA;APOSENTADOS TJA - DESEMBARGADO;JUIZ DE DIREITO APOSENTADO;; ESTATUTARIO;37480,80;;37480,80;11239,22;26241,58;
MARLENE DONADIO DE TOMAZ;APOSENTADOS TJA - SERVIDORES;APOSENTADO;; ESTATUTARIO;47838,38;10395,79;37442,59;11239,22;26203,37;
MARLENE LOUREIRO DA SILVA;APOSENTADOS TJA - SERVIDORES;ASSISTENTE JUDICIARIO;; ESTATUTARIO;6222,61;;6222,61;232,89;5989,72;
MARQUIZE LASSALVA DO NASCIMENTO;APOSENTADOS TJA - SERVIDORES;AUXILIAR JUDICIARIO II;; ESTATUTARIO;6540,06;;6540,06;300,04;6240,02;
MARTA DA SILVA MELO;APOSENTADOS TJA - SERVIDORES;ESCREVENTE JURAMENTADO;; ESTATUTARIO;12477,68;;12477,68;3109,13;9368,55;
MARY BREVES;APOSENTADOS TJA - SERVIDORES;CONSULTOR ESPECIAL;; ESTATUTARIO;12243,59;;12243,59;2156,45;10087,14;
MAUREA VIRGINIA MOTA SANTOS;APOSENTADOS TJA - SERVIDORES;ASSISTENTE JUDICIARIO;; ESTATUTARIO;12731,34;;12731,34;2381,28;10350,06;
MIGUEL FRANCISCO DO N MARQUES;APOSENTADOS TJA - MAGISTRADOS;JUIZ DE DIREITO APOSENTADO;; ESTATUTARIO;35632,95;;35632,95;10363,09;25269,86;
MILTON PEREIRA DA COSTA;APOSENTADOS TJA - SERVIDORES;ESCRIVAO;; ESTATUTARIO;24362,65;;24362,65;6544,18;17818,47;
MONICA MARIA SANCHES GOMES;APOSENTADOS TJA - SERVIDORES;ASSISTENTE JUDICIARIO;; ESTATUTARIO;9790,60;;9790,60;1655,46;8135,14;
MONICA NOBRE MONTENEGRO;APOSENTADOS TJA - SERVIDORES;ANALISTA JUDICIARIO I;; ESTATUTARIO;26661,78;;26661,78;7873,72;18788,06;
NAIR CRISTINA ARAUJO RIBEIRO SANTOS;APOSENTADOS TJA - SERVIDORES;ANALISTA JUDICIARIO III F;; ESTATUTARIO;23246,78;;23246,78;7163,70;16083,08;
NAIRY LEAL DE PAIVA MILON;APOSENTADOS TJA - SERVIDORES;TECNICO JUDICIARIO;; ESTATUTARIO;46652,08;9199,80;37452,28;11134,94;26317,34;
NEIDE DO CARMO LEAO PONTES;APOSENTADOS TJA - SERVIDORES;ASSISTENTE JUDICIARIO;; ESTATUTARIO;12477,68;;12477,68;3109,13;9368,55;
NEILA SOCORRO MOUSSE;APOSENTADOS TJA - SERVIDORES;ANALISTA JUDICIARIO I;; ESTATUTARIO;18267,58;;18267,58;573,04;17694,54;
NELI ELISABETH MANDEL LINS;APOSENTADOS TJA - MAGISTRADOS;JUIZ DE DIREITO APOSENTADO;; ESTATUTARIO;32004,65;;32004,65;2496,23;29508,42;
NEUDA DA SILVA GIOIA;APOSENTADOS TJA - DESEMBARGADO;JUIZ DE DIREITO APOSENTADO;; ESTATUTARIO;35462,22;;35462,22;2980,29;32481,93;
NEWTON SABBA GUIMARAES;APOSENTADOS TJA - MAGISTRADOS;JUIZ DE DIREITO APOSENTADO;; ESTATUTARIO;33847,93;;33847,93;9885,31;23962,62;
NEY OLIVEIRA SALIGNAC DE SOUZA;APOSENTADOS TJA - SERVIDORES;CONSULTOR ESPECIAL;; ESTATUTARIO;25615,12;;25615,12;6999,66;18615,46;
NEYLA CORREA XAVIER;APOSENTADOS TJA - SERVIDORES;ANALISTA JUDICIARIO I;; ESTATUTARIO;25360,12;;25360,12;7959,38;17400,74;
NILTA MELO SOARES BRASIL;APOSENTADOS TJA - SERVIDORES;ASSISTENTE JUDICIARIO;; ESTATUTARIO;10714,34;;10714,34;1921,64;8792,70;
NILZE SALIGNAC DE SOUZA MACHADO;APOSENTADOS TJA - SERVIDORES;CONSULTOR ESPECIAL;; ESTATUTARIO;47035,81;9555,01;37480,80;11239,22;26241,58;
NUBIA MARIA BARROS VALCACIO;APOSENTADOS TJA - MAGISTRADOS;JUIZ DE DIREITO APOSENTADO;; ESTATUTARIO;31523,32;;31523,32;2112,11;29411,21;
ODETE LUCIA HENDGES;APOSENTADOS TJA - SERVIDORES;ANALISTA JUDICIARIO II;; ESTATUTARIO;22353,30;;22353,30;6199,43;16153,87;
OIAMA FREITAS DE ARAUJO;APOSENTADOS TJA - SERVIDORES;ANALISTA JUDICIARIO II;; ESTATUTARIO;26416,79;;26416,79;7572,93;18843,86;
OLESIA LOCH TERRA;APOSENTADOS TJA - MAGISTRADOS;JUIZ DE DIREITO APOSENTADO;; ESTATUTARIO;36268,87;;36268,87;2732,05;33536,82;
OLIVIA DA SILVA ARAUJO;APOSENTADOS TJA - SERVIDORES;ANALISTA JUDICIARIO I;; ESTATUTARIO;20261,03;;20261,03;5515,97;14745,06;
OLIVIA TARGINO DE SOUZA;APOSENTADOS TJA - SERVIDORES;ESCREVENTE JURAMENTADO;; ESTATUTARIO;33873,89;;33873,89;2422,61;31451,28;
OPHIR DE CASTRO;APOSENTADOS TJA - SERVIDORES;SECRETARIO;; ESTATUTARIO;34463,69;;34463,69;2496,23;31967,46;
ORLANDO TELES DE SOUZA;APOSENTADOS TJA - SERVIDORES;OFICIAL DE JUSTICA;; ESTATUTARIO;17582,33;;17582,33;4507,44;13074,89;
ORLANIR ROMNEY DE PAULA C MARQUES;APOSENTADOS TJA - SERVIDORES;CONSULTOR ESPECIAL;; ESTATUTARIO;16176,60;;16176,60;280,30;15896,30;
OSVALDO BATISTA CORREA;APOSENTADOS TJA - SERVIDORES;OFICIAL DO REGISTRO CIVIL;; ESTATUTARIO;2635,61;;2635,61;;2635,61;
PEDRO DA SILVA VIEIRA;APOSENTADOS TJA - SERVIDORES;ANALISTA JUDICIARIO III F;; ESTATUTARIO;40153,53;4691,31;35462,22;19572,06;15890,16;
PERPETUA SOCORRO COSTEIRA MENDONCA;APOSENTADOS TJA - SERVIDORES;ANALISTA JUDICIARIO I;; ESTATUTARIO;20066,81;;20066,81;5966,44;14100,37;
RAFAEL DE ARAUJO ROMANO;APOSENTADOS TJA - DESEMBARGADO;DESEMBARGADOR APOSENTADO;; ESTATUTARIO;35462,22;;35462,22;2980,29;32481,93;
RAIMUNDA ANDRE SACRAMENTO;APOSENTADOS TJA - SERVIDORES;ASSISTENTE JUDICIARIO;; ESTATUTARIO;9419,48;;9419,48;1381,99;8037,49;
RAIMUNDA MARIANO DE SOUZA REMEDIOS;APOSENTADOS TJA - SERVIDORES;ESCRIVAO;; ESTATUTARIO;23559,50;;23559,50;6256,73;17302,77;
RAIMUNDA ROSA PINHEIRO SOARES;APOSENTADOS TJA - MAGISTRADOS;JUIZ DE DIREITO APOSENTADO;; ESTATUTARIO;33843,58;;33843,58;9937,44;23906,14;
RAIMUNDA SANTOS DA CRUZ;APOSENTADOS TJA - SERVIDORES;ASSISTENTE JUDICIARIO;; ESTATUTARIO;6642,13;;6642,13;;6642,13;
RAIMUNDO AZEVEDO PEREIRA;APOSENTADOS TJA - DESEMBARGADO;JUIZ DE DIREITO APOSENTADO;; ESTATUTARIO;38169,05;;38169,05;2980,29;35188,76;
RAIMUNDO DA SILVA LEITE;APOSENTADOS TJA - SERVIDORES;ANALISTA JUDICIARIO II;; ESTATUTARIO;26820,23;;26820,23;7331,50;19488,73;
RAIMUNDO NONATO DE O SARMENTO;APOSENTADOS TJA - SERVIDORES;OFICIAL DO REGISTRO CIVIL;; ESTATUTARIO;2637,64;;2637,64;;2637,64;
RAIMUNDO VERISSIMO ALVES;APOSENTADOS TJA - SERVIDORES;ANALISTA JUDICIARIO I;OFICIAL DE JUSTICA; ESTATUTARIO;19920,28;;19920,28;804,42;19115,86;
REGILENE BOAES RIBEIRO DE CARVALHO;APOSENTADOS TJA - SERVIDORES;AUXILIAR DE SERV.GERAIS - NIVEL F;; ESTATUTARIO;5391,43;;5391,43;;5391,43;
ROBERTO HERMIDAS DE ARAGAO;APOSENTADOS TJA - DESEMBARGADO;DESEMBARGADOR APOSENTADO;; ESTATUTARIO;37480,80;;37480,80;11239,22;26241,58;
RODOLFO BASTOS;APOSENTADOS TJA - MAGISTRADOS;JUIZ DE DIREITO APOSENTADO;; ESTATUTARIO;33843,58;;33843,58;9937,44;23906,14;
ROGERIO JOSE COELHO MENEZES;APOSENTADOS TJA - SERVIDORES;ANALISTA JUDICIARIO II;; ESTATUTARIO;23858,89;;23858,89;6595,96;17262,93;
ROMMEL JUNIOR QUEIROZ RODRIGUES;APOSENTADOS TJA - MAGISTRADOS;JUIZ DE DIREITO APOSENTADO;; ESTATUTARIO;11172,86;;11172,86;2255,33;8917,53;
ROMULO JOSE FERNANDES DA SILVA;APOSENTADOS TJA - MAGISTRADOS;JUIZ DE DIREITO APOSENTADO;; ESTATUTARIO;14279,18;;14279,18;3371,10;10908,08;
ROSA MARIA CALDERARO DE SOUZA;APOSENTADOS TJA - MAGISTRADOS;JUIZ DE DIREITO DE ENTRANCIA FINAL;; ESTATUTARIO;33689,11;;33689,11;10886,68;22802,43;
ROSA MARIA DO AMARAL BRASIL;APOSENTADOS TJA - SERVIDORES;ESCRIVAO;; ESTATUTARIO;21808,47;;21808,47;6098,59;15709,88;
ROSEMARY MOTA DOS SANTOS;APOSENTADOS TJA - SERVIDORES;CONSULTOR ESPECIAL;; ESTATUTARIO;12477,69;;12477,69;2272,72;10204,97;
ROZALINA DE OLIVEIRA MIRANDA;APOSENTADOS TJA - SERVIDORES;ASSESSOR DA PRESIDENCIA;; ESTATUTARIO;24682,31;;24682,31;1218,41;23463,90;
RUI HELIANDRO SA VALENTE;APOSENTADOS TJA - SERVIDORES;ANALISTA JUDICIARIO II;; ESTATUTARIO;24141,57;;24141,57;6976,99;17164,58;
RUTH AGUIAR DA CUNHA;APOSENTADOS TJA - SERVIDORES;ANALISTA JUDICIARIO I;; ESTATUTARIO;35856,49;;35856,49;11283,39;24573,10;
RUTH DAS NEVES AMORIM;APOSENTADOS TJA - SERVIDORES;ANALISTA JUDICIARIO I;; ESTATUTARIO;21871,37;;21871,37;5658,70;16212,67;
SABINO DA SILVA MARQUES;APOSENTADOS TJA - DESEMBARGADO;DESEMBARGADOR;DESEMBARGADOR; ESTATUTARIO;35462,22;;35462,22;11239,22;24223,00;
SANDOMARA ALVES VIANA;APOSENTADOS TJA - SERVIDORES;ESCREVENTE JURAMENT.(BEL.DIREITO);; ESTATUTARIO;21182,01;;21182,01;6229,90;14952,11;
SANDRA AUGUSTA FORTES LEITE;APOSENTADOS TJA - SERVIDORES;ANALISTA JUDICIARIO I;; ESTATUTARIO;28475,36;;28475,36;1713,93;26761,43;
SANDRA BUENO MANGINI DE SOUZA;APOSENTADOS TJA - SERVIDORES;TECNICO JUDICIARIO NS-A;; ESTATUTARIO;31238,21;;31238,21;2078,02;29160,19;
SANDRA MARIA FERREIRA ALVES;APOSENTADOS TJA - SERVIDORES;ANALISTA JUDICIARIO II;; ESTATUTARIO;35906,36;444,14;35462,22;11134,94;24327,28;
SANDRA MARIA MADDY MELLO;APOSENTADOS TJA - SERVIDORES;ASSISTENTE JUDICIARIO;; ESTATUTARIO;7808,61;;7808,61;621,59;7187,02;
SANSAO REINALDO CASTELO BRANCO;APOSENTADOS TJA - SERVIDORES;ESCRIVAO;; ESTATUTARIO;28530,11;;28530,11;8629,28;19900,83;
SEBASTIANA DE SOUZA ASSIS;APOSENTADOS TJA - SERVIDORES;ESCRIVAO;; ESTATUTARIO;21871,37;;21871,37;5658,70;16212,67;
SEBASTIAO PEREIRA DE SENA FILHO;APOSENTADOS TJA - SERVIDORES;ANALISTA JUDICIARIO II;; ESTATUTARIO;24303,46;;24303,46;7457,26;16846,20;
SIDNEY QUEIROZ FORTES;APOSENTADOS TJA - SERVIDORES;ESCRIVAO;; ESTATUTARIO;21138,44;;21138,44;3757,58;17380,86;
SILDA VERA CABRAL MARQUES DE LIMA;APOSENTADOS TJA - SERVIDORES;ANALISTA JUDICIARIO I;; ESTATUTARIO;26190,29;;26190,29;1418,06;24772,23;
SILEA DE SOUSA LIMA;APOSENTADOS TJA - SERVIDORES;ASSISTENTE JUDICIARIO;; ESTATUTARIO;11935,18;;11935,18;2381,28;9553,90;
SINAMOR BORGES CARDOSO;APOSENTADOS TJA - MAGISTRADOS;JUIZ DE DIREITO APOSENTADO;; ESTATUTARIO;33856,62;;33856,62;9781,03;24075,59;
SISSI MARIA REIS GONZALEZ;APOSENTADOS TJA - SERVIDORES;ANALISTA JUDICIARIO II;; ESTATUTARIO;23714,63;;23714,63;7235,57;16479,06;
SOCORRO DE FATIMA B S F D ANTONIO;APOSENTADOS TJA - SERVIDORES;ANALISTA JUDICIARIO I;; ESTATUTARIO;24333,19;;24333,19;7572,74;16760,45;
SOLANGE APARECIDA T GONCALVES;APOSENTADOS TJA - MAGISTRADOS;JUIZ DE DIREITO APOSENTADO;; ESTATUTARIO;29717,71;;29717,71;8353,39;21364,32;
SOLANGE ENEIDA FORTES PAPALEO;APOSENTADOS TJA - SERVIDORES;SUB-SECRETARIO;; ESTATUTARIO;35584,48;122,26;35462,22;11030,67;24431,55;
SONIA MARIA LIRA;APOSENTADOS TJA - SERVIDORES;DIRETOR TECNICO JUDICIARIO;; ESTATUTARIO;48777,11;11291,96;37485,15;11187,08;26298,07;
SONIA SERRAO;APOSENTADOS TJA - SERVIDORES;AUXILIAR JUDICIARIO I;; ESTATUTARIO;4125,99;;4125,99;161,92;3964,07;
SORAIA NEGREIROS MAQUINE;APOSENTADOS TJA - SERVIDORES;ANALISTA JUDICIARIO I;; ESTATUTARIO;24303,46;;24303,46;7509,40;16794,06;
STELA FORTES DA SILVA;APOSENTADOS TJA - SERVIDORES;CONSULTOR ESPECIAL;; ESTATUTARIO;20615,30;;20615,30;5492,94;15122,36;
SUELANE VITALINO MARINHO DE AQUINO;APOSENTADOS TJA - SERVIDORES;ESCREVENTE JURAMENTADO;; ESTATUTARIO;11935,18;;11935,18;2904,88;9030,30;
SUELY PINHEIRO SOARES ONETY;APOSENTADOS TJA - MAGISTRADOS;JUIZ DE DIREITO APOSENTADO;; ESTATUTARIO;36268,87;;36268,87;2732,05;33536,82;
SUYEN TABOSA DOS REIS;APOSENTADOS TJA - SERVIDORES;ANALISTA JUDICIARIO I;; ESTATUTARIO;25360,13;;25360,13;7855,10;17505,03;
TABIRA RODRIGUES FORTES NETO;APOSENTADOS TJA - SERVIDORES;ESCREVENTE JURAMENTADO;; ESTATUTARIO;17356,01;;17356,01;2314,21;15041,80;
TELMA DE VERCOSA ROESSING;APOSENTADOS TJA - MAGISTRADOS;JUIZ DE DIREITO DE ENTRANCIA FINAL;; ESTATUTARIO;33689,11;;33689,11;11095,23;22593,88;
TERESA RAQUEL DAS CHAGAS FERREIRA;APOSENTADOS TJA - SERVIDORES;ANALISTA JUDICIARIO I;; ESTATUTARIO;27921,76;;27921,76;8357,21;19564,55;
TEREZA NUNES RODRIGUES;APOSENTADOS TJA - SERVIDORES;ESCRIVAO;; ESTATUTARIO;25736,91;;25736,91;7036,03;18700,88;
TEREZINHA LINS FURTADO BELEM;APOSENTADOS TJA - SERVIDORES;CONSULTOR ESPECIAL;; ESTATUTARIO;13561,73;;13561,73;2571,10;10990,63;
THEREZINHA RAPHAEL DE LIMA;APOSENTADOS TJA - SERVIDORES;ANALISTA JUDICIARIO II;; ESTATUTARIO;24794,55;;24794,55;6645,07;18149,48;
THIAGO MORAES DE LIMA;APOSENTADOS TJA - SERVIDORES;ESCRIVAO;; ESTATUTARIO;21072,19;;21072,19;7297,57;13774,62;
UBIRAJARA FRANCISCO DE MORAES;APOSENTADOS TJA - DESEMBARGADO;DESEMBARGADOR APOSENTADO;; ESTATUTARIO;35462,22;;35462,22;2980,29;32481,93;
URSULITA BRAGA ALFAIA;APOSENTADOS TJA - SERVIDORES;SECRETARIO GERAL DE JUSTICA;; ESTATUTARIO;33689,11;;33689,11;10571,64;23117,47;
VALCI AMARILDO GONDIM SANTOS;APOSENTADOS TJA - SERVIDORES;ANALISTA JUDICIARIO II;; ESTATUTARIO;21213,24;;21213,24;769,51;20443,73;
VALDILEI ANTONIO DA COSTA;APOSENTADOS TJA - SERVIDORES;ANALISTA JUDICIARIO II;; ESTATUTARIO;25722,00;;25722,00;7037,94;18684,06;
VALDOMIRO MARQUES RAMOS;APOSENTADOS TJA - SERVIDORES;ANALISTA JUDICIARIO II;; ESTATUTARIO;4223,63;;4223,63;31,17;4192,46;
VERA LUCIA ALBUQUERQUE OLIVEIRA;APOSENTADOS TJA - SERVIDORES;AUXILIAR JUDICIARIO I;; ESTATUTARIO;3733,91;;3733,91;;3733,91;
VERA LUCIA FIGUEIREDO M NASCIMENTO;APOSENTADOS TJA - SERVIDORES;ESCRIVAO;; ESTATUTARIO;22766,02;;22766,02;6406,96;16359,06;
VERA LUIZA JOHNSON DE ASSIS;APOSENTADOS TJA - SERVIDORES;ESCRIVAO;; ESTATUTARIO;20630,31;;20630,31;691,15;19939,16;
VERA MARIA DA CUNHA RAMOS;APOSENTADOS TJA - SERVIDORES;ANALISTA JUDICIARIO I;; ESTATUTARIO;26415,33;;26415,33;8356,66;18058,67;
VERLAN RODRIGUES PESSOA;APOSENTADOS TJA - SERVIDORES;ANALISTA JUDICIARIO II;; ESTATUTARIO;25678,37;;25678,37;7561,54;18116,83;
VIVALDO DA SILVA MARINHO;APOSENTADOS TJA - SERVIDORES;AUXILIAR JUDICIARIO II;; ESTATUTARIO;6996,50;;6996,50;1899,59;5096,91;
WALDEMYR GUIMARAES DOS SANTOS;APOSENTADOS TJA - SERVIDORES;ANALISTA JUDICIARIO II;; ESTATUTARIO;28530,14;;28530,14;8629,29;19900,85;
WALTER FRANCISCO DE SOUZA BEZERRA;APOSENTADOS TJA - SERVIDORES;ANALISTA JUDICIARIO III C;; ESTATUTARIO;33115,54;;33115,54;2320,11;30795,43;
WELINGTHON NOGUEIRA CAFE;APOSENTADOS TJA - SERVIDORES;ANALISTA JUDICIARIO II;; ESTATUTARIO;23246,78;;23246,78;7163,70;16083,08;
WILMAR MENDONCA DE AMORIM;APOSENTADOS TJA - DESEMBARGADO;JUIZ DE DIREITO APOSENTADO;; ESTATUTARIO;38169,05;;38169,05;2980,29;35188,76;
WILSON DOS SANTOS BARBOSA;APOSENTADOS TJA - SERVIDORES;ANALISTA JUDICIARIO II;; ESTATUTARIO;27956,41;;27956,41;7677,20;20279,21;
WILSON JOSE DOS SANTOS ROCHA;APOSENTADOS TJA - MAGISTRADOS;JUIZ DE DIREITO APOSENTADO;; ESTATUTARIO;33856,62;;33856,62;13897,41;19959,21;
YEDDA ANTONY GONCALVES;APOSENTADOS TJA - MAGISTRADOS;JUIZ DE DIREITO APOSENTADO;; ESTATUTARIO;32004,65;;32004,65;2496,23;29508,42;
ZADERCK LAMARAO BRASIL;APOSENTADOS TJA - MAGISTRADOS;JUIZ SUBS.DA CAPITAL-DISPONIBILID.;; ESTATUTARIO;32004,65;;32004,65;4920,23;27084,42;
ZILA DE SOUZA LIMA;APOSENTADOS TJA - DESEMBARGADO;JUIZ DE DIREITO APOSENTADO;; ESTATUTARIO;38169,05;;38169,05;2980,29;35188,76;
ZILMA CARVALHO DO NASCIMENTO;APOSENTADOS TJA - SERVIDORES;AUXILIAR JUDICIARIO II;; ESTATUTARIO;3088,60;;3088,60;;3088,60;
