NOME;LOTACAO;CARGO;FUNCAO;VINCULO;REMUNERACAO LEGAL TOTAL(R$);DESC.TETO(R$); REMUNERACAO LEGAL DEVIDA(R$);DESCONTOS LEGAIS(R$);LIQUIDO DISPONIVEL(R$);
ADELIA MARIA PEREIRA COSTA;APOSENTADOS TJA - SERVIDORES;ANALISTA JUDICIARIO I;; ESTATUTARIO;23761,27;;23761,27;6788,39;16972,88;
ADELMO AZEVEDO SANTOS;APOSENTADOS TJA - SERVIDORES;AUXILIAR JUDICIARIO II;; ESTATUTARIO;4548,74;;4548,74;387,34;4161,40;
ADEMIR RUIZ DA SILVA;APOSENTADOS TJA - SERVIDORES;AUXILIAR JUDICIARIO II;; ESTATUTARIO;3563,69;;3563,69;179,75;3383,94;
ADERSON BATISTA MONTEIRO;APOSENTADOS TJA - SERVIDORES;AUXILIAR JUDICIARIO II;; ESTATUTARIO;8448,68;;8448,68;764,38;7684,30;
AJES RACHID AMIN;APOSENTADOS TJA - SERVIDORES;AUXILIAR JUDICIARIO II;; ESTATUTARIO;6311,82;;6311,82;355,63;5956,19;
ALBANIZA MARIA MONTEIRO WAUGHAN;APOSENTADOS TJA - SERVIDORES;ESCREVENTE JURAMENTADO;; ESTATUTARIO;11897,95;;11897,95;2053,56;9844,39;
ALBINO RODRIGUES DO NASCIMENTO;APOSENTADOS TJA - SERVIDORES;ESCRIVAO;; ESTATUTARIO;25870,97;;25870,97;7593,66;18277,31;
ALCEMIR PESSOA FIGLIUOLO;APOSENTADOS TJA - DESEMBARGADO;DESEMBARGADOR APOSENTADO;; ESTATUTARIO;41606,83;;41606,83;12629,49;28977,34;
ALCINA AUXILIADORA TEIXEIRA BACH;APOSENTADOS TJA - SERVIDORES;ASSISTENTE JUDICIARIO;; ESTATUTARIO;11977,57;;11977,57;;11977,57;
ALDA ZANE DE ALBUQUERQUE;APOSENTADOS TJA - SERVIDORES;AUXILIAR JUDICIARIO II;; ESTATUTARIO;4324,38;;4324,38;38,73;4285,65;
ALLAN KARDEC CAVALCANTE GOMES;APOSENTADOS TJA - SERVIDORES;ANALISTA JUDICIARIO III F;; ESTATUTARIO;27003,54;;27003,54;1770,45;25233,09;
ALVARINA DE ALMEIDA TIANT;APOSENTADOS TJA - MAGISTRADOS;JUIZ DE DIREITO APOSENTADO;; ESTATUTARIO;31694,99;;31694,99;9082,01;22612,98;
ALZIRA VALDELICE PIRES EWERTON;APOSENTADOS TJA - DESEMBARGADO;JUIZ DE DIREITO APOSENTADO;; ESTATUTARIO;37585,35;;37585,35;11082,81;26502,54;
AMAZILES MOURA CAVALCANTE;APOSENTADOS TJA - SERVIDORES;ASSESSOR ESPECIAL;; ESTATUTARIO;9594,18;;9594,18;1225,74;8368,44;
ANA HELIA LOBO MORAES;APOSENTADOS TJA - SERVIDORES;ANALISTA JUDICIARIO III F;; ESTATUTARIO;34464,15;;34464,15;11300,45;23163,70;
ANA JUDITH MARTINS PRESTES;APOSENTADOS TJA - SERVIDORES;DIRETOR TECNICO JUDICIARIO;; ESTATUTARIO;65146,30;27573,99;37572,31;11239,22;26333,09;
ANA MARIA AZEVEDO DA SILVA;APOSENTADOS TJA - SERVIDORES;ASSISTENTE JUDICIARIO;; ESTATUTARIO;11559,74;;11559,74;2471,65;9088,09;
ANA NABIA BICHARA FARIAS;APOSENTADOS TJA - SERVIDORES;ASSISTENTE JUDICIARIO;; ESTATUTARIO;8437,27;;8437,27;1303,40;7133,87;
ANA TEREZA DE JESUS LOPES SOUZA;APOSENTADOS TJA - SERVIDORES;ASSESSOR ESPECIAL;; ESTATUTARIO;11366,20;;11366,20;2551,93;8814,27;
ANGELA VITORIA PINTO GUSMAO;APOSENTADOS TJA - SERVIDORES;ASSISTENTE TEC.JUDICIARIO - NIVEL N;; ESTATUTARIO;6501,90;;6501,90;;6501,90;
ANTONIA ALICE GURGEL DO AMARAL;APOSENTADOS TJA - DESEMBARGADO;JUIZ DE DIREITO APOSENTADO;; ESTATUTARIO;37576,66;;37576,66;11187,08;26389,58;
ANTONIO BEZERRA DE BRITO;APOSENTADOS TJA - SERVIDORES;ESCRIVAO;; ESTATUTARIO;17692,99;;17692,99;4129,28;13563,71;
ANTONIO CELSO DA SILVA GIOIA;APOSENTADOS TJA - MAGISTRADOS;JUIZ DE DIREITO APOSENTADO;; ESTATUTARIO;33780,63;;33780,63;10886,68;22893,95;
ANTONIO CORDEIRO DE SOUZA NETO;APOSENTADOS TJA - SERVIDORES;AUXILIAR JUDICIARIO II;; ESTATUTARIO;5900,95;;5900,95;753,40;5147,55;
ANTONIO JOSE ALVES DE MAGALHAES;APOSENTADOS TJA - SERVIDORES;ESCRIVAO;; ESTATUTARIO;21673,27;;21673,27;5933,11;15740,16;
ANTONIO MARCELO DANTAS PORTO;APOSENTADOS TJA - SERVIDORES;ASSISTENTE JUDICIARIO;; ESTATUTARIO;16605,37;;16605,37;139,35;16466,02;
ARI JORGE MOUTINHO DA COSTA;APOSENTADOS TJA - DESEMBARGADO;DESEMBARGADOR;DESEMBARGADOR; ESTATUTARIO;38352,07;;38352,07;2980,29;35371,78;
ARLINDO DE ALMEIDA PASSOS;APOSENTADOS TJA - MAGISTRADOS;JUIZ DE DIREITO APOSENTADO;; ESTATUTARIO;35707,09;;35707,09;10571,64;25135,45;
ARMANDA PARENTE DE CASTRO;APOSENTADOS TJA - SERVIDORES;ASSISTENTE JUDICIARIO;; ESTATUTARIO;11366,20;;11366,20;2656,20;8710,00;
ARNALDO CAMPELLO CARPINTEIRO PERES;APOSENTADOS TJA - DESEMBARGADO;DESEMBARGADOR APOSENTADO;; ESTATUTARIO;37585,35;;37585,35;11082,81;26502,54;
AUREA DE OLIVEIRA COSTA;APOSENTADOS TJA - SERVIDORES;CONSULTOR ESPECIAL;; ESTATUTARIO;11557,83;;11557,83;;11557,83;
CARLOS ALBERTO PINTO COSTA;APOSENTADOS TJA - SERVIDORES;ESCREVENTE JURAMENTADO;; ESTATUTARIO;11093,07;;11093,07;2029,78;9063,29;
CARLOS ALEXANDRE VELLOSO PRAIA;APOSENTADOS TJA - SERVIDORES;ASSISTENTE JUDICIARIO;; ESTATUTARIO;8836,43;;8836,43;;8836,43;
CARLOS ZAMITH DE OLIVEIRA JUNIOR;APOSENTADOS TJA - MAGISTRADOS;JUIZ DE DIREITO DE ENTRANCIA FINAL;; ESTATUTARIO;33780,63;;33780,63;10938,82;22841,81;
CARMEN CONCEICAO PEREIRA TEIXEIRA;APOSENTADOS TJA - SERVIDORES;ESCRIVAO;; ESTATUTARIO;30232,92;;30232,92;8620,93;21611,99;
CELESTE AUGUSTA HOLANDA;APOSENTADOS TJA - SERVIDORES;OFICIAL DO REGISTRO CIVIL;; ESTATUTARIO;2200,00;;2200,00;;2200,00;
CLAUDETE DO CARMO ANDRADE;APOSENTADOS TJA - SERVIDORES;ESCRIVAO;; ESTATUTARIO;23006,56;;23006,56;6515,21;16491,35;
CLAUDIA PEREIRA MACHADO BRAGA;APOSENTADOS TJA - SERVIDORES;ANALISTA JUDICIARIO I;; ESTATUTARIO;10808,96;;10808,96;;10808,96;
CLAUDIO ARAUJO BARROS;APOSENTADOS TJA - SERVIDORES;JUIZ DE PAZ;; ESTATUTARIO;1467,54;;1467,54;;1467,54;
CLEOMAR DOS ANJOS FEITOZA;APOSENTADOS TJA - MAGISTRADOS;JUIZ DE DIREITO APOSENTADO;; ESTATUTARIO;35707,09;;35707,09;10571,64;25135,45;
CLOVIS ALBUQUERQUE DA MATA;APOSENTADOS TJA - DESEMBARGADO;JUIZ DE DIREITO APOSENTADO;; ESTATUTARIO;37594,04;;37594,04;10978,53;26615,51;
CLOVIS DE OLIVEIRA PAZ;APOSENTADOS TJA - SERVIDORES;MOTORISTA I;; ESTATUTARIO;7453,10;;7453,10;350,38;7102,72;
CORDELIA SANTOS DA SILVA;APOSENTADOS TJA - SERVIDORES;TECNICO JUDICIARIO AUXILIAR;; ESTATUTARIO;7286,26;;7286,26;;7286,26;
CRISTOVAO BARBOSA ALBUQUERQUE;APOSENTADOS TJA - SERVIDORES;ANALISTA JUDICIARIO II;; ESTATUTARIO;17809,60;;17809,60;5715,54;12094,06;
CYNTHIA BRAGA DE ALENCAR;APOSENTADOS TJA - SERVIDORES;ASSISTENTE JUDICIARIO;; ESTATUTARIO;13223,51;;13223,51;3067,58;10155,93;
DAISY MONTESUMA AFONSO M BARROS;APOSENTADOS TJA - SERVIDORES;ESCRIVAO;; ESTATUTARIO;30197,95;;30197,95;8492,52;21705,43;
DALVA MARIA DA SILVA MAIA;APOSENTADOS TJA - SERVIDORES;OFICIAL DO REGISTRO CIVIL;; ESTATUTARIO;1191,67;;1191,67;;1191,67;
DARCY LEITE DA SILVA;APOSENTADOS TJA - SERVIDORES;JUIZ DE PAZ;; ESTATUTARIO;1612,95;;1612,95;;1612,95;
DARCY MARIA SANTANA;APOSENTADOS TJA - SERVIDORES;APOSENTADO;; ESTATUTARIO;12842,32;;12842,32;2584,10;10258,22;
DAVID GOMES BENAYON;APOSENTADOS TJA - DESEMBARGADO;JUIZ DE DIREITO APOSENTADO;; ESTATUTARIO;37581,00;;37581,00;11134,94;26446,06;
DEBORA LINS FALCONE DA SILVA;APOSENTADOS TJA - SERVIDORES;COORDENADOR DE RECURSOS HUMANOS;; ESTATUTARIO;38043,07;;38043,07;2943,75;35099,32;
DELMISTA DA SILVA LEAO;APOSENTADOS TJA - SERVIDORES;ANALISTA JUDICIARIO II;; ESTATUTARIO;23350,57;;23350,57;6155,75;17194,82;
DENILZA MARIA BEZERRA PESSOA;APOSENTADOS TJA - MAGISTRADOS;JUIZ DE DIREITO APOSENTADO;; ESTATUTARIO;35679,01;;35679,01;10571,64;25107,37;
DENIZE FEITOZA DA CUNHA SANTOS;APOSENTADOS TJA - SERVIDORES;ANALISTA JUDICIARIO II;; ESTATUTARIO;21097,01;;21097,01;6319,86;14777,15;
DEOCLECIO RIBEIRO DA SILVA;APOSENTADOS TJA - DESEMBARGADO;JUIZ DE DIREITO APOSENTADO;; ESTATUTARIO;37572,31;;37572,31;24211,68;13360,63;
DIONE SANTOS CARVALHO GOMES;APOSENTADOS TJA - SERVIDORES;ANALISTA JUDICIARIO I;; ESTATUTARIO;18767,56;;18767,56;5338,54;13429,02;
DIVA NORONHA ROCHA;APOSENTADOS TJA - SERVIDORES;OFICIAL DO REGISTRO CIVIL;; ESTATUTARIO;27827,27;;27827,27;8330,21;19497,06;
DIVALDO MARTINS DA COSTA;APOSENTADOS TJA - MAGISTRADOS;JUIZ DE DIREITO APOSENTADO;; ESTATUTARIO;35724,47;;35724,47;16880,44;18844,03;
DJACY DAS NEVES BENEVIDES;APOSENTADOS TJA - SERVIDORES;ESCRIVAO;; ESTATUTARIO;35354,59;;35354,59;14000,42;21354,17;
DOMINGOS PEDRO PAIVA;APOSENTADOS TJA - SERVIDORES;CONSULTOR ESPECIAL;; ESTATUTARIO;12214,24;;12214,24;;12214,24;
DOMITILA DA SILVA MOURA;APOSENTADOS TJA - SERVIDORES;JUIZ DE PAZ;; ESTATUTARIO;1577,40;;1577,40;;1577,40;
ECYR SOCORRO ALCANTARA DIAS;APOSENTADOS TJA - SERVIDORES;ANALISTA JUDICIARIO I;; ESTATUTARIO;24345,22;;24345,22;7438,54;16906,68;
EDILBERTA FERREIRA DE MACEDO;APOSENTADOS TJA - SERVIDORES;ESCRIVAO;; ESTATUTARIO;8579,05;;8579,05;;8579,05;
EDILSON FERREIRA REBOUCAS;APOSENTADOS TJA - SERVIDORES;ASSISTENTE JUDICIARIO;; ESTATUTARIO;20295,58;;20295,58;623,46;19672,12;
EDMILSON MOUSINHO BARRETO;APOSENTADOS TJA - SERVIDORES;OFICIAL DE JUSTICA;; ESTATUTARIO;30122,52;;30122,52;8420,30;21702,22;
EDNA MARIA MOURAO PEREIRA MACHADO;APOSENTADOS TJA - DESEMBARGADO;JUIZ DE DIREITO APOSENTADO;; ESTATUTARIO;37572,31;;37572,31;11239,22;26333,09;
EDNAIDE MARIA MARTINS PRESTES;APOSENTADOS TJA - SERVIDORES;ANALISTA JUDICIARIO I;; ESTATUTARIO;27846,52;;27846,52;7766,14;20080,38;
EDSON PEREIRA DE SOUZA;APOSENTADOS TJA - MAGISTRADOS;JUIZ DE DIREITO APOSENTADO;; ESTATUTARIO;36451,90;;36451,90;2732,05;33719,85;
EDSON SOARES DE CARVALHO;APOSENTADOS TJA - DESEMBARGADO;JUIZ DE DIREITO APOSENTADO;; ESTATUTARIO;38352,07;;38352,07;15392,06;22960,01;
EFRAIM DE OLIVEIRA GOMES;APOSENTADOS TJA - SERVIDORES;ANALISTA JUDICIARIO II;; ESTATUTARIO;24335,06;;24335,06;6515,22;17819,84;
ELADIS DELZUITA DE PAULA;APOSENTADOS TJA - SERVIDORES;ESCRIVAO;; ESTATUTARIO;22307,65;;22307,65;6267,72;16039,93;
ELCI DE BARROS BARAUNA DIAS;APOSENTADOS TJA - SERVIDORES;ASSISTENTE JUDICIARIO;; ESTATUTARIO;9967,24;;9967,24;1359,25;8607,99;
ELI MARIA DAS GRACAS ALVES BANDEIRA;APOSENTADOS TJA - SERVIDORES;AUXILIAR JUDICIARIO II;; ESTATUTARIO;5900,96;;5900,96;130,99;5769,97;
ELIZABETH BRASIL DE LIMA;APOSENTADOS TJA - SERVIDORES;ANALISTA JUDICIARIO I;; ESTATUTARIO;21125,58;;21125,58;6122,07;15003,51;
EMANUEL FERREIRA LINS;APOSENTADOS TJA - SERVIDORES;ESCRIVAO;; ESTATUTARIO;22765,06;;22765,06;6632,97;16132,09;
ENCARNACAO DAS GRACAS S SALGADO;APOSENTADOS TJA - DESEMBARGADO;DESEMBARGADOR;DESEMBARGADORA; ESTATUTARIO;35553,73;;35553,73;11239,22;24314,51;
ERASMO LINO DE JESUS ALFAIA;APOSENTADOS TJA - SERVIDORES;SECRETARIO GERAL DE JUSTICA;; ESTATUTARIO;33872,14;;33872,14;2732,05;31140,09;
ERCIMOR FERREIRA DE SOUZA;APOSENTADOS TJA - SERVIDORES;AUXILIAR JUDICIARIO II;; ESTATUTARIO;5934,07;;5934,07;650,75;5283,32;
ERIVAN DE OLIVEIRA SANTANA;APOSENTADOS TJA - MAGISTRADOS;JUIZ DE DIREITO DE ENTRANCIA FINAL;JUIZ ENTRAN FINAL; ESTATUTARIO;33689,11;;33689,11;10571,64;23117,47;
ESTELITA BARROSO DA SILVA;APOSENTADOS TJA - SERVIDORES;ESCRIVAO;; ESTATUTARIO;37517,27;;37517,27;2875,01;34642,26;
ESTER COSTA GEBER;APOSENTADOS TJA - SERVIDORES;TECNICO JUDICIARIO AUXILIAR;; ESTATUTARIO;6459,72;;6459,72;289,12;6170,60;
ETADEUS DE MATOS CORDEIRO;APOSENTADOS TJA - SERVIDORES;ESCRIVAO;; ESTATUTARIO;25870,97;;25870,97;7593,66;18277,31;
ETELVINA TENORIO FREIRE;APOSENTADOS TJA - SERVIDORES;ASSESSOR ESPECIAL;; ESTATUTARIO;10892,65;;10892,65;1693,47;9199,18;
EUGENIO SOARES DA SILVA;APOSENTADOS TJA - SERVIDORES;ASSISTENTE JUDICIARIO;; ESTATUTARIO;12836,81;;12836,81;2686,30;10150,51;
EVERALDO JOSE DA SILVA O JUNIOR;APOSENTADOS TJA - SERVIDORES;ANALISTA JUDICIARIO II;; ESTATUTARIO;12152,09;;12152,09;2166,25;9985,84;
EVERALDO JOSE DA SILVA OLIVEIRA;APOSENTADOS TJA - SERVIDORES;OFICIAL DE JUSTICA;; ESTATUTARIO;16872,08;;16872,08;603,79;16268,29;
FATIMA ESTHER TEIXEIRA BOTELHO;APOSENTADOS TJA - SERVIDORES;ASSISTENTE JUDICIARIO;; ESTATUTARIO;11616,20;;11616,20;;11616,20;
FERNANDO ANTONIO MENEZES CALDERARO;APOSENTADOS TJA - SERVIDORES;ANALISTA JUDICIARIO I;; ESTATUTARIO;42087,74;6534,01;35553,73;11082,81;24470,92;
FERNANDO REBOUCAS MAUES;APOSENTADOS TJA - SERVIDORES;OFICIAL DE JUSTICA;; ESTATUTARIO;31450,99;;31450,99;2081,91;29369,08;
FRANCA DE CARVALHO COSTA;APOSENTADOS TJA - SERVIDORES;INSPETOR DE VIGILANCIA - NIVEL H;; ESTATUTARIO;5606,65;;5606,65;;5606,65;
FRANCIMAR LOPES DE ANDRADE;APOSENTADOS TJA - SERVIDORES;ASSISTENTE JUDICIARIO;; ESTATUTARIO;11152,59;;11152,59;1786,59;9366,00;
FRANCISCA DA GLORIA DA SILVA BESSA;APOSENTADOS TJA - SERVIDORES;ESCRIVAO;; ESTATUTARIO;30749,87;;30749,87;2490,25;28259,62;
FRANCISCA LOPES CARIOCA;APOSENTADOS TJA - SERVIDORES;ASSISTENTE JUDICIARIO;; ESTATUTARIO;11366,21;;11366,21;2080,48;9285,73;
FRANCISCA OLIVEIRA DE SOUZA;APOSENTADOS TJA - SERVIDORES;ESCREVENTE JURAMENTADO;; ESTATUTARIO;13454,06;;13454,06;2610,94;10843,12;
FRANCISCO ANTONIO DOS SANTOS ARAUJO;APOSENTADOS TJA - SERVIDORES;ANALISTA JUDICIARIO II;OFICIAL DE JUSTICA; ESTATUTARIO;17234,11;;17234,11;4341,88;12892,23;
FRANCISCO DAS CHAGAS AUZIER MOREIRA;APOSENTADOS TJA - DESEMBARGADO;DESEMBARGADOR APOSENTADO;; ESTATUTARIO;42457,74;;42457,74;3516,64;38941,10;
FRANCISCO DE ASSIS ALMEIDA LEITE;APOSENTADOS TJA - MAGISTRADOS;JUIZ DE DIREITO APOSENTADO;; ESTATUTARIO;36451,90;;36451,90;2732,05;33719,85;
FRANCISCO DE ASSIS REGIS RODRIGUES;APOSENTADOS TJA - SERVIDORES;ESCRIVAO;; ESTATUTARIO;19737,93;;19737,93;550,55;19187,38;
FRANCISCO EDEVALDO PEREIRA VILHENA;APOSENTADOS TJA - SERVIDORES;ANALISTA JUDICIARIO II;; ESTATUTARIO;22841,78;;22841,78;956,35;21885,43;
FRANCISCO FEITOSA PARENTE;APOSENTADOS TJA - SERVIDORES;ANALISTA JUDICIARIO II;; ESTATUTARIO;20791,18;;20791,18;6204,71;14586,47;
FRANCISCO GARCIA LADISLAU;APOSENTADOS TJA - SERVIDORES;AUXILIAR JUDICIARIO I;; ESTATUTARIO;3715,29;;3715,29;;3715,29;
FRANCISCO HINDEMBERG GOMES ALMEIDA;APOSENTADOS TJA - SERVIDORES;ANALISTA JUDICIARIO II;; ESTATUTARIO;23288,62;;23288,62;10022,85;13265,77;
FRANCISCO MARQUES FERNANDES;APOSENTADOS TJA - SERVIDORES;JUIZ DE PAZ;; ESTATUTARIO;2040,70;;2040,70;;2040,70;
FRANCISCO PESSOA ALMADA;APOSENTADOS TJA - MAGISTRADOS;JUIZ DE DIREITO APOSENTADO;; ESTATUTARIO;33872,14;;33872,14;2732,05;31140,09;
FRANCISCO RODRIGUES BALIEIRO;APOSENTADOS TJA - MAGISTRADOS;JUIZ DE DIREITO APOSENTADO;; ESTATUTARIO;33895,81;;33895,81;14323,12;19572,69;
FRANCISCO SEBASTIAO DE SOUZA LINS;APOSENTADOS TJA - SERVIDORES;INSPETOR DE VIGILANCIA - NIVEL H;; ESTATUTARIO;7434,45;;7434,45;453,16;6981,29;
GASPAR CATUNDA DE SOUZA;APOSENTADOS TJA - DESEMBARGADO;DESEMBARGADOR APOSENTADO;; ESTATUTARIO;39384,84;;39384,84;12681,62;26703,22;
GENARIO TELES DO NASCIMENTO;APOSENTADOS TJA - SERVIDORES;MOTORISTA JUDICIARIO;; ESTATUTARIO;10299,56;;10299,56;1427,35;8872,21;
GENESINO BRAGA NETO;APOSENTADOS TJA - MAGISTRADOS;JUIZ DE DIREITO DE ENTRANCIA FINAL;; ESTATUTARIO;33787,63;;33787,63;10993,59;22794,04;
GEORGE ANTHONY MACIEL JACOB JUNIOR;APOSENTADOS TJA - SERVIDORES;ANALISTA JUDICIARIO I;; ESTATUTARIO;18649,93;;18649,93;600,94;18048,99;
GERALDO CATUNDA DE SOUZA;APOSENTADOS TJA - SERVIDORES;ANALISTA JUDICIARIO I;; ESTATUTARIO;18558,41;;18558,41;4840,48;13717,93;
GERALDO ORMUZD PACHECO FERNANDES;APOSENTADOS TJA - SERVIDORES;ESCRIVAO;; ESTATUTARIO;24373,27;;24373,27;6515,23;17858,04;
GLAIR MARIA ALVES DOS SANTOS VITAL;APOSENTADOS TJA - DESEMBARGADO;JUIZ DE DIREITO APOSENTADO;; ESTATUTARIO;37572,31;;37572,31;11239,22;26333,09;
GRACINETE SANTOS DE LIMA;APOSENTADOS TJA - SERVIDORES;ESCREVENTE JURAMENTADO;; ESTATUTARIO;11366,20;;11366,20;2656,20;8710,00;
GREGORIO CARVALHO CAVALCANTE;APOSENTADOS TJA - SERVIDORES;ANALISTA JUDICIARIO III F;; ESTATUTARIO;35110,90;;35110,90;2560,41;32550,49;
HELENA BARROSO DE OLIVEIRA;APOSENTADOS TJA - SERVIDORES;JUIZ DE PAZ;; ESTATUTARIO;2085,81;;2085,81;13,64;2072,17;
HELENA DE OLIVEIRA GALVAO;APOSENTADOS TJA - MAGISTRADOS;JUIZ DE DIREITO APOSENTADO;; ESTATUTARIO;36451,90;;36451,90;2732,05;33719,85;
HELENA JORGE DA SILVA;APOSENTADOS TJA - SERVIDORES;ESCRIVAO;; ESTATUTARIO;20997,46;;20997,46;6230,24;14767,22;
HELENA LUCIA OHANA DA SILVA;APOSENTADOS TJA - SERVIDORES;ESCRIVAO;; ESTATUTARIO;23961,39;;23961,39;7294,02;16667,37;
HELENA VITORIA DA SILVA C GADELHA;APOSENTADOS TJA - SERVIDORES;ANALISTA JUDICIARIO I;; ESTATUTARIO;20261,67;;20261,67;5901,08;14360,59;
HELENO SAMUEL PEREIRA;APOSENTADOS TJA - SERVIDORES;ANALISTA JUDICIARIO II;; ESTATUTARIO;19573,29;;19573,29;730,21;18843,08;
HELOISA MEIRELLES DA S B MENEZES;APOSENTADOS TJA - SERVIDORES;SECRETARIO;; ESTATUTARIO;34806,46;;34806,46;2517,10;32289,36;
HILDEBERTO FERREIRA DE MACEDO;APOSENTADOS TJA - SERVIDORES;ESCRIVAO;; ESTATUTARIO;23961,42;;23961,42;8823,54;15137,88;
HILTON CAMPOS CRUZ;APOSENTADOS TJA - MAGISTRADOS;JUIZ DE DIREITO APOSENTADO;; ESTATUTARIO;33948,13;;33948,13;17353,50;16594,63;
HONORIO VIEIRA DA COSTA;APOSENTADOS TJA - SERVIDORES;ANALISTA JUDICIARIO II;; ESTATUTARIO;23288,62;;23288,62;6679,34;16609,28;
HOSANNAH FLORENCIO DE MENEZES;APOSENTADOS TJA - DESEMBARGADO;DESEMBARGADOR APOSENTADO;; ESTATUTARIO;41624,21;;41624,21;12420,94;29203,27;
HUGO FERNANDES LEVY FILHO;APOSENTADOS TJA - MAGISTRADOS;JUIZ DE DIREITO APOSENTADO;; ESTATUTARIO;35720,12;;35720,12;14369,83;21350,29;
IARA MARILHA DA SILVA DIAS;APOSENTADOS TJA - SERVIDORES;ASSISTENTE JUDICIARIO;; ESTATUTARIO;11683,19;;11683,19;;11683,19;
IEDA MARQUES PEREIRA;APOSENTADOS TJA - SERVIDORES;TECNICO JUDICIARIO;; ESTATUTARIO;30077,77;;30077,77;8916,83;21160,94;
IOLANDA DE SOUZA BRAGA;APOSENTADOS TJA - SERVIDORES;OFICIAL DO REGISTRO CIVIL;; ESTATUTARIO;1191,67;;1191,67;;1191,67;
IONE AMARAL DE SOUZA;APOSENTADOS TJA - SERVIDORES;ESCREVENTE JURAMENTADO;; ESTATUTARIO;19821,36;;19821,36;5216,08;14605,28;
IRAM BENTES MACEDO;APOSENTADOS TJA - SERVIDORES;ESCREVENTE JURAMENTADO;; ESTATUTARIO;11366,21;;11366,21;2604,08;8762,13;
ITUHY DE OLIVEIRA LIMA;APOSENTADOS TJA - MAGISTRADOS;JUIZ DE DIREITO APOSENTADO;; ESTATUTARIO;35715,78;;35715,78;10467,36;25248,42;
IVANA MARIA ESTEVES RIBEIRO FEITOZA;APOSENTADOS TJA - SERVIDORES;DIRETOR TECNICO JUDICIARIO;; ESTATUTARIO;40329,82;2744,47;37585,35;11082,81;26502,54;
IVANILZE OLIVEIRA DOS S MESQUITA;APOSENTADOS TJA - SERVIDORES;ESCRIVAO;; ESTATUTARIO;20540,94;;20540,94;655,54;19885,40;
IVANY SIQUEIRA DE SA NOGUEIRA;APOSENTADOS TJA - SERVIDORES;ANALISTA JUDICIARIO I;; ESTATUTARIO;22716,99;;22716,99;6406,19;16310,80;
IVON ANDRADE DE MENEZES;APOSENTADOS TJA - SERVIDORES;ANALISTA JUDICIARIO II;; ESTATUTARIO;31789,83;;31789,83;9133,85;22655,98;
JAIR ARAUJO DA SILVA;APOSENTADOS TJA - SERVIDORES;ANALISTA JUDICIARIO II;; ESTATUTARIO;26297,07;;26297,07;9515,18;16781,89;
JANSEN FREIRE CHACON;APOSENTADOS TJA - SERVIDORES;AUXILIAR JUDICIARIO II;; ESTATUTARIO;5992,43;;5992,43;1109,17;4883,26;
JEFERSON GALVAO DE MELO;APOSENTADOS TJA - MAGISTRADOS;JUIZ DE DIREITO DE ENTRANC.INICIAL;; ESTATUTARIO;33943,78;;33943,78;9833,17;24110,61;
JHOSELITO BARBOSA ARISTOTELES;APOSENTADOS TJA - SERVIDORES;ESCRIVAO;; ESTATUTARIO;22051,81;;22051,81;6679,34;15372,47;
JOAO BATISTA DE ANDRADE FILHO;APOSENTADOS TJA - MAGISTRADOS;JUIZ DE DIREITO APOSENTADO;; ESTATUTARIO;33948,13;;33948,13;9781,03;24167,10;
JOAO BATISTA DE SOUZA VALOIS;APOSENTADOS TJA - SERVIDORES;ASSISTENTE JUDICIARIO;; ESTATUTARIO;19084,71;;19084,71;4627,77;14456,94;
JOAO BOSCO MARQUES DE SOUZA;APOSENTADOS TJA - SERVIDORES;ESCRIVAO;; ESTATUTARIO;18543,37;;18543,37;7816,50;10726,87;
JOAO DA GRACA SOUTO;APOSENTADOS TJA - SERVIDORES;ESCRIVAO;; ESTATUTARIO;21519,73;;21519,73;5955,42;15564,31;
JOAO JOSE PINHEIRO DE JESUS;APOSENTADOS TJA - SERVIDORES;ANALISTA JUDICIARIO II;; ESTATUTARIO;22051,81;;22051,81;6155,74;15896,07;
JOAO MIGUEL LANGBECK SOARES;APOSENTADOS TJA - SERVIDORES;ANALISTA JUDICIARIO I;; ESTATUTARIO;17273,49;;17273,49;4356,71;12916,78;
JOCIONE HERALDO DA SILVA CUNHA;APOSENTADOS TJA - SERVIDORES;ANALISTA JUDICIARIO II;; ESTATUTARIO;21097,01;;21097,01;956,35;20140,66;
JOEL SILVA DE SOUZA;APOSENTADOS TJA - SERVIDORES;ANALISTA JUDICIARIO II;; ESTATUTARIO;18403,89;;18403,89;566,50;17837,39;
JONAS TAMANDARE LINS RODRIGUES;APOSENTADOS TJA - SERVIDORES;ESCRIVAO;; ESTATUTARIO;36465,25;820,01;35645,24;2980,29;32664,95;
JORGE ALBERTO MENDES JUNIOR;APOSENTADOS TJA - MAGISTRADOS;JUIZ DE DIREITO APOSENTADO;; ESTATUTARIO;36451,90;;36451,90;7375,60;29076,30;
JORGE REIS SILVA TAVARES;APOSENTADOS TJA - SERVIDORES;ESCRIVAO;; ESTATUTARIO;22303,31;;22303,31;6319,86;15983,45;
JOSAFA SAMPAIO FURTADO;APOSENTADOS TJA - SERVIDORES;AUXILIAR JUDICIARIO;; ESTATUTARIO;5645,71;;5645,71;114,81;5530,90;
JOSE ALMIR CORDEIRO DOS SANTOS;APOSENTADOS TJA - SERVIDORES;ESCREVENTE JURAMENT.(BEL.DIREITO);; ESTATUTARIO;22915,09;;22915,09;7038,82;15876,27;
JOSE BERNARDES SOBRINHO;APOSENTADOS TJA - SERVIDORES;ANALISTA JUDICIARIO I;; ESTATUTARIO;24878,88;;24878,88;6696,19;18182,69;
JOSE GOMES DE ALMEIDA;APOSENTADOS TJA - SERVIDORES;ANALISTA JUDICIARIO II;; ESTATUTARIO;23917,46;;23917,46;6358,81;17558,65;
JOSE LUIZ DE ARAUJO RIBEIRO;APOSENTADOS TJA - DESEMBARGADO;JUIZ DE DIREITO APOSENTADO;; ESTATUTARIO;38352,07;;38352,07;8708,47;29643,60;
JOSE ORLANDO GOMES DE SOUZA;APOSENTADOS TJA - SERVIDORES;AUXILIAR JUDICIARIO I;; ESTATUTARIO;7422,97;;7422,97;;7422,97;
JOSE RIBAMAR COSTA SOARES;APOSENTADOS TJA - MAGISTRADOS;JUIZ DE DIREITO APOSENTADO;; ESTATUTARIO;35728,81;;35728,81;10258,82;25469,99;
JOSE RIBAMAR DE JESUS O SILVA;APOSENTADOS TJA - MAGISTRADOS;JUIZ DE DIREITO APOSENTADO;; ESTATUTARIO;34646,71;;34646,71;4817,63;29829,08;
JOSE RUFINO FILHO;APOSENTADOS TJA - SERVIDORES;JUIZ DE PAZ;; ESTATUTARIO;1100,00;;1100,00;;1100,00;
JOVALDO DOS SANTOS AGUIAR;APOSENTADOS TJA - DESEMBARGADO;DESEMBARGADOR APOSENTADO;; ESTATUTARIO;42457,74;;42457,74;3516,64;38941,10;
JUAREZ FRAZAO RODRIGUES;APOSENTADOS TJA - SERVIDORES;OFICIAL DO REGISTRO CIVIL;; ESTATUTARIO;37517,27;;37517,27;2875,01;34642,26;
JULIA DOS SANTOS LIMA;APOSENTADOS TJA - SERVIDORES;ASSISTENTE JUDICIARIO;; ESTATUTARIO;8387,53;;8387,53;1534,74;6852,79;
KATIA REGINA FARIAS DE OLIVEIRA;APOSENTADOS TJA - SERVIDORES;ANALISTA JUDICIARIO I;; ESTATUTARIO;25322,83;;25322,83;7294,02;18028,81;
LAFAYETTE CARNEIRO VIEIRA;APOSENTADOS TJA - DESEMBARGADO;DESEMBARGADOR APOSENTADO;; ESTATUTARIO;41606,83;;41606,83;12629,49;28977,34;
LAIS VASCONCELLOS BIVAR BIVAR;APOSENTADOS TJA - MAGISTRADOS;JUIZ DE DIREITO APOSENTADO;; ESTATUTARIO;33780,63;;33780,63;10571,64;23208,99;
LAURENTINA TAVARES JACINTO;APOSENTADOS TJA - SERVIDORES;ANALISTA JUDICIARIO II;; ESTATUTARIO;22051,81;;22051,81;6103,61;15948,20;
LAURO BEZERRA DE MENEZES FILHO;APOSENTADOS TJA - SERVIDORES;JUIZ DE PAZ;; ESTATUTARIO;2383,33;;2383,33;;2383,33;
LEA NILCE RODRIGUES;APOSENTADOS TJA - MAGISTRADOS;JUIZ DE DIREITO APOSENTADO;; ESTATUTARIO;34646,71;;34646,71;2496,23;32150,48;
LIANA BELEM PEREIRA MENDONCA SOUZA;APOSENTADOS TJA - DESEMBARGADO;DESEMBARGADOR APOSENTADO;; ESTATUTARIO;37572,31;;37572,31;11239,22;26333,09;
LIDIA DA SILVA NASCIMENTO;APOSENTADOS TJA - SERVIDORES;ANALISTA JUDICIARIO II;; ESTATUTARIO;15322,48;;15322,48;3517,88;11804,60;
LINDBERGH SA VALENTE;APOSENTADOS TJA - SERVIDORES;OFICIAL DE JUSTICA;; ESTATUTARIO;27030,66;;27030,66;10666,38;16364,28;
LITAMAR DA SILVA NASCIMENTO;APOSENTADOS TJA - SERVIDORES;ANALISTA JUDICIARIO I;; ESTATUTARIO;20142,22;;20142,22;5960,38;14181,84;
LOURDES FERREIRA GOMES;APOSENTADOS TJA - SERVIDORES;CONSULTOR ESPECIAL;; ESTATUTARIO;16621,63;;16621,63;3740,88;12880,75;
LOURIVAL LOPES BRITO;APOSENTADOS TJA - SERVIDORES;ESCRIVAO;; ESTATUTARIO;27364,96;;27364,96;7593,65;19771,31;
LUCAS MARQUES PINHEIRO;APOSENTADOS TJA - SERVIDORES;APOSENTADO;; ESTATUTARIO;28498,73;;28498,73;1693,07;26805,66;
LUCIA DO PERPETUO S G L GALVAO;APOSENTADOS TJA - SERVIDORES;ANALISTA JUDICIARIO I;; ESTATUTARIO;22915,09;;22915,09;7038,82;15876,27;
LUCIDIO CARDENAS;APOSENTADOS TJA - SERVIDORES;JUIZ DE PAZ;; ESTATUTARIO;2690,71;;2690,71;;2690,71;
LUCIMAR DE SOUZA WEIL;APOSENTADOS TJA - SERVIDORES;TECNICO JUDICIARIO NS-B;; ESTATUTARIO;30484,35;;30484,35;9226,32;21258,03;
LUCIO EUZEBIO FARIA CALDAS;APOSENTADOS TJA - MAGISTRADOS;JUIZ DE DIREITO APOSENTADO;; ESTATUTARIO;35711,43;;35711,43;10519,50;25191,93;
LUCIO ROMERO MOREIRA LIMA;APOSENTADOS TJA - SERVIDORES;MOTORISTA I;; ESTATUTARIO;9275,22;;9275,22;1006,75;8268,47;
LUIZ ALBERTO DE AGUIAR ALBUQUERQUE;APOSENTADOS TJA - MAGISTRADOS;JUIZ DE DIREITO APOSENTADO;; ESTATUTARIO;38352,07;;38352,07;2980,29;35371,78;
LUIZ ANTONIO DE VASCONCELLOS DIAS;APOSENTADOS TJA - DESEMBARGADO;JUIZ DE DIREITO APOSENTADO;; ESTATUTARIO;37581,00;;37581,00;11134,94;26446,06;
LUIZ FRANCISCO BELEM COSTA;APOSENTADOS TJA - SERVIDORES;ANALISTA JUDICIARIO I;; ESTATUTARIO;16873,04;;16873,04;352,18;16520,86;
LUIZ WILSON BARROSO;APOSENTADOS TJA - DESEMBARGADO;DESEMBARGADOR APOSENTADO;; ESTATUTARIO;35553,73;;35553,73;10769,98;24783,75;
MANOEL BESSA FILHO;APOSENTADOS TJA - MAGISTRADOS;JUIZ DE DIREITO APOSENTADO;; ESTATUTARIO;36451,90;;36451,90;11877,52;24574,38;
MANUEL ANTONIO VITAL;APOSENTADOS TJA - SERVIDORES;ANALISTA JUDICIARIO II;; ESTATUTARIO;21727,78;;21727,78;5877,34;15850,44;
MANUEL GLACIMAR MELLO DAMASCENO;APOSENTADOS TJA - DESEMBARGADO;DESEMBARGADOR APOSENTADO;; ESTATUTARIO;41611,17;;41611,17;12577,35;29033,82;
MANUEL NEUZIMAR PINHEIRO;APOSENTADOS TJA - DESEMBARGADO;DESEMBARGADOR APOSENTADO;; ESTATUTARIO;39476,35;;39476,35;3516,64;35959,71;
MAR LEA GRANDAL COELHO;APOSENTADOS TJA - SERVIDORES;ASSISTENTE JUDICIARIO;; ESTATUTARIO;9969,53;;9969,53;;9969,53;
MARCINA DOS SANTOS SOUZA;APOSENTADOS TJA - SERVIDORES;ESCRIVAO;; ESTATUTARIO;21905,54;;21905,54;6100,67;15804,87;
MARGARIDA DE ALMEIDA MORAES;APOSENTADOS TJA - SERVIDORES;ANALISTA JUDICIARIO II;; ESTATUTARIO;19313,97;;19313,97;497,05;18816,92;
MARIA ALICE REBOUCAS DE OLIVEIRA;APOSENTADOS TJA - SERVIDORES;AUXILIAR JUDICIARIO II;; ESTATUTARIO;5593,31;;5593,31;668,80;4924,51;
MARIA AMELIA QUEIROZ DA COSTA;APOSENTADOS TJA - SERVIDORES;ASSESSOR TECNICO - NIVEL P;; ESTATUTARIO;20828,93;;20828,93;5193,01;15635,92;
MARIA ANTONIA DA SILVA COUTO;APOSENTADOS TJA - SERVIDORES;ANALISTA JUDICIARIO I;; ESTATUTARIO;16669,43;;16669,43;4129,28;12540,15;
MARIA APARECIDA DE O R PINHEIRO;APOSENTADOS TJA - SERVIDORES;COORDENADOR DE DISTRIBUICAO-PJC-6;; ESTATUTARIO;27697,73;;27697,73;7705,07;19992,66;
MARIA AUGUSTA PIMENTA LEAO;APOSENTADOS TJA - SERVIDORES;TECNICO DE NIVEL SUPERIOR - NIVEL O;; ESTATUTARIO;40304,17;2763,71;37540,46;11239,22;26301,24;
MARIA AUXILIADORA BORGES NEVES;APOSENTADOS TJA - SERVIDORES;ASSISTENTE JUDICIARIO;; ESTATUTARIO;10875,99;;10875,99;2315,23;8560,76;
MARIA AUXILIADORA DE CARVALHO;APOSENTADOS TJA - SERVIDORES;ANALISTA JUDICIARIO II;; ESTATUTARIO;35378,77;;35378,77;11069,07;24309,70;
MARIA AUXILIADORA MACEDO DE LIMA;APOSENTADOS TJA - SERVIDORES;ESCREVENTE JURAMENTADO;; ESTATUTARIO;8387,53;;8387,53;959,01;7428,52;
MARIA AUXILIADORA MAIA;APOSENTADOS TJA - SERVIDORES;ANALISTA JUDICIARIO II;; ESTATUTARIO;17234,11;;17234,11;4709,06;12525,05;
MARIA BARBOSA DA SILVA;APOSENTADOS TJA - SERVIDORES;AUXILIAR JUDICIARIO II;; ESTATUTARIO;6365,86;;6365,86;263,19;6102,67;
MARIA CANDIDA SAUNDERS FERNANDES;APOSENTADOS TJA - SERVIDORES;DIRETOR TECNICO JUDICIARIO;; ESTATUTARIO;43412,08;7858,35;35553,73;11239,22;24314,51;
MARIA CRESCENCIA SIQUEIRA HIGINO;APOSENTADOS TJA - SERVIDORES;AUXILIAR DE SERV.GERAIS - NIVEL F;; ESTATUTARIO;5453,30;;5453,30;63,87;5389,43;
MARIA CREUZA COSTA DE SEIXAS;APOSENTADOS TJA - MAGISTRADOS;JUIZ DE DIREITO APOSENTADO;; ESTATUTARIO;32657,70;;32657,70;9940,31;22717,39;
MARIA CRISTINA ROESSING CRUZ;APOSENTADOS TJA - SERVIDORES;ANALISTA JUDICIARIO I;; ESTATUTARIO;23333,88;;23333,88;6575,06;16758,82;
MARIA DA CONCEICAO FOGASSA GOMES;APOSENTADOS TJA - SERVIDORES;ANALISTA JUDICIARIO II;; ESTATUTARIO;16669,42;;16669,42;4077,14;12592,28;
MARIA DA GLORIA MORAES DE MOURA;APOSENTADOS TJA - SERVIDORES;ESCRIVAO;; ESTATUTARIO;18247,26;;18247,26;4813,34;13433,92;
MARIA DA LUZ APARECIDA BORGES NEVES;APOSENTADOS TJA - SERVIDORES;ASSISTENTE JUDICIARIO;; ESTATUTARIO;10273,03;;10273,03;1846,83;8426,20;
MARIA DA PAZ GOMES ANTONIO;APOSENTADOS TJA - MAGISTRADOS;JUIZ DE DIREITO APOSENTADO;; ESTATUTARIO;36451,90;;36451,90;2732,05;33719,85;
MARIA DA SALETTE VELLOSO PRAIA;APOSENTADOS TJA - SERVIDORES;DIRETOR TECNICO JUDICIARIO;; ESTATUTARIO;42534,95;4182,88;38352,07;2980,29;35371,78;
MARIA DARCY NOGUEIRA DE AROUCA;APOSENTADOS TJA - SERVIDORES;OFICIAL DE JUSTICA;; ESTATUTARIO;23006,15;;23006,15;975,54;22030,61;
MARIA DAS GRACAS DA SILVA ALMEIDA;APOSENTADOS TJA - SERVIDORES;ASSESSOR ESPECIAL;; ESTATUTARIO;12203,26;;12203,26;1998,46;10204,80;
MARIA DAS GRACAS OTERO GONCALVES;APOSENTADOS TJA - SERVIDORES;ESCRIVAO;; ESTATUTARIO;23961,42;;23961,42;6770,44;17190,98;
MARIA DAS GRACAS SOARES PROLA;APOSENTADOS TJA - SERVIDORES;TECNICO JUDICIARIO NS-A;; ESTATUTARIO;24816,07;;24816,07;7092,22;17723,85;
MARIA DAS NEVES ALVES DA SILVA;APOSENTADOS TJA - MAGISTRADOS;JUIZ DE DIREITO APOSENTADO;; ESTATUTARIO;33872,14;;33872,14;2732,05;31140,09;
MARIA DE FATIMA OLIVEIRA NAZARETH;APOSENTADOS TJA - SERVIDORES;ESCREVENTE JURAMENTADO;; ESTATUTARIO;10332,33;;10332,33;1492,77;8839,56;
MARIA DE FATIMA PEREIRA DE SOUZA;APOSENTADOS TJA - SERVIDORES;APOSENTADO;; ESTATUTARIO;23006,15;;23006,15;975,54;22030,61;
MARIA DE LOURDES DE CARVALHO;APOSENTADOS TJA - SERVIDORES;CONSULTOR ESPECIAL;; ESTATUTARIO;11366,23;;11366,23;2604,08;8762,15;
MARIA DE NAZARE CORDEIRO PEREIRA;APOSENTADOS TJA - SERVIDORES;ESCREVENTE JURAMENT.(BEL.DIREITO);; ESTATUTARIO;17566,98;;17566,98;4990,81;12576,17;
MARIA DE NAZARE DONADIO COELHO;APOSENTADOS TJA - SERVIDORES;CONSULTOR ESPECIAL;; ESTATUTARIO;12353,90;;12353,90;2109,49;10244,41;
MARIA DE NAZARE LIMA PEREIRA;APOSENTADOS TJA - SERVIDORES;TECNICO JUDICIARIO NS-B;; ESTATUTARIO;17056,57;;17056,57;3901,32;13155,25;
MARIA DE NAZARE NEVES DA SILVA;APOSENTADOS TJA - SERVIDORES;ASSISTENTE JUDICIARIO;; ESTATUTARIO;12791,45;;12791,45;2370,05;10421,40;
MARIA DE NAZARETH FARIAS NASCIMENTO;APOSENTADOS TJA - DESEMBARGADO;JUIZ DE DIREITO APOSENTADO;; ESTATUTARIO;37576,66;;37576,66;11187,08;26389,58;
MARIA DE NAZARETH SOARES DE SOUZA;APOSENTADOS TJA - MAGISTRADOS;JUIZ DE DIREITO APOSENTADO;; ESTATUTARIO;34646,71;;34646,71;2496,23;32150,48;
MARIA DINELLI IANNUZZI;APOSENTADOS TJA - SERVIDORES;ESCRIVAO;; ESTATUTARIO;25370,77;;25370,77;6718,28;18652,49;
MARIA DO CARMO MENDES SCHETTINI;APOSENTADOS TJA - SERVIDORES;ANALISTA JUDICIARIO I;; ESTATUTARIO;21677,23;;21677,23;6089,52;15587,71;
MARIA DO PERPETUO S C BANDEIRA;APOSENTADOS TJA - SERVIDORES;ASSISTENTE JUDICIARIO;; ESTATUTARIO;13174,99;;13174,99;3337,22;9837,77;
MARIA DO PERPETUO S S O MENDES;APOSENTADOS TJA - SERVIDORES;CONSULTOR ESPECIAL;; ESTATUTARIO;14664,36;;14664,36;3422,60;11241,76;
MARIA DO SOCORRO BARBOSA LEITE;APOSENTADOS TJA - SERVIDORES;ESCRIVAO;; ESTATUTARIO;21304,05;;21304,05;5908,24;15395,81;
MARIA DO SOCORRO COSTA LIMA;APOSENTADOS TJA - SERVIDORES;ASSISTENTE JUDICIARIO;; ESTATUTARIO;11568,73;;11568,73;2471,65;9097,08;
MARIA DORALICE MARCIAO;APOSENTADOS TJA - SERVIDORES;AUXILIAR JUDICIARIO II;; ESTATUTARIO;5746,17;;5746,17;157,66;5588,51;
MARIA GORETTE LIMA CARIOCA;APOSENTADOS TJA - SERVIDORES;TECNICO JUDICIARIO AUXILIAR;; ESTATUTARIO;12556,28;;12556,28;;12556,28;
MARIA HONORINA BRITTO DE SOUZA;APOSENTADOS TJA - SERVIDORES;ANALISTA JUDICIARIO I;; ESTATUTARIO;27497,25;;27497,25;8205,95;19291,30;
MARIA LAIRES CARVALHO MENDES;APOSENTADOS TJA - SERVIDORES;AUXILIAR JUDICIARIO II;; ESTATUTARIO;5387,82;;5387,82;167,78;5220,04;
MARIA LENIR BATISTA DE ARAUJO;APOSENTADOS TJA - SERVIDORES;AUXILIAR JUDICIARIO II;; ESTATUTARIO;5900,96;;5900,96;263,19;5637,77;
MARIA LENISE RODRIGUES PASSOS;APOSENTADOS TJA - SERVIDORES;ESCREVENTE JURAMENT.(BEL.DIREITO);; ESTATUTARIO;23006,60;;23006,60;6515,22;16491,38;
MARIA LIBIA DE QUEIROGA FERREIRA;APOSENTADOS TJA - SERVIDORES;ANALISTA JUDICIARIO I;; ESTATUTARIO;25909,07;;25909,07;1357,36;24551,71;
MARIA LIZETE BARROSO DE OLIVEIRA;APOSENTADOS TJA - SERVIDORES;ANALISTA JUDICIARIO II;; ESTATUTARIO;21252,60;;21252,60;5302,86;15949,74;
MARIA NAZARETH FONSECA ROMANO;APOSENTADOS TJA - SERVIDORES;SECRETARIO;; ESTATUTARIO;33676,55;;33676,55;2704,67;30971,88;
MARIA NELY DOS SANTOS SARMANHO;APOSENTADOS TJA - MAGISTRADOS;JUIZ DE DIREITO APOSENTADO;; ESTATUTARIO;34620,04;;34620,04;2496,23;32123,81;
MARIA RAIMUNDA MARQUES DOS SANTOS;APOSENTADOS TJA - SERVIDORES;ASSISTENTE JUDICIARIO;; ESTATUTARIO;8322,76;;8322,76;;8322,76;
MARIA ROSA LOPES LASMAR;APOSENTADOS TJA - SERVIDORES;TECNICO JUDICIARIO NS-A;; ESTATUTARIO;33056,44;;33056,44;9524,89;23531,55;
MARIA SONIA VIEIRA DE LIMA;APOSENTADOS TJA - SERVIDORES;ESCREVENTE JURAMENT.(BEL.DIREITO);; ESTATUTARIO;25314,14;;25314,14;7398,30;17915,84;
MARIA VICENTINA BARBOSA;APOSENTADOS TJA - SERVIDORES;AGENTE JUDICIARIO;; ESTATUTARIO;3753,09;;3753,09;;3753,09;
MARILENE BARRETO GUIMARAES;APOSENTADOS TJA - SERVIDORES;TECNICO JUDICIARIO NS-A;; ESTATUTARIO;36690,02;;36690,02;10826,39;25863,63;
MARILIA RODRIGUES DA COSTA;APOSENTADOS TJA - SERVIDORES;ANALISTA JUDICIARIO I;; ESTATUTARIO;19287,37;;19287,37;5185,90;14101,47;
MARINA DAS GRACAS PAULA ARAUJO;APOSENTADOS TJA - MAGISTRADOS;JUIZ DE DIREITO APOSENTADO;; ESTATUTARIO;33935,09;;33935,09;9937,44;23997,65;
MARINILDES COSTEIRA DE M LIMA;APOSENTADOS TJA - DESEMBARGADO;DESEMBARGADOR APOSENTADO;; ESTATUTARIO;38352,07;;38352,07;2980,29;35371,78;
MARIO ABRAHAO CUDEK;APOSENTADOS TJA - SERVIDORES;ASSISTENTE JUDICIARIO;; ESTATUTARIO;4588,67;;4588,67;15,89;4572,78;
MARIO JORGE RIBEIRO DA SILVA;APOSENTADOS TJA - SERVIDORES;ANALISTA JUDICIARIO II;; ESTATUTARIO;22051,81;;22051,81;6155,74;15896,07;
MARIO PASCOAL DE BRITO ROMANO;APOSENTADOS TJA - SERVIDORES;AUXILIAR JUDICIARIO I;; ESTATUTARIO;2938,88;;2938,88;86,03;2852,85;
MARLENE DIAS DE VERCOSA;APOSENTADOS TJA - DESEMBARGADO;JUIZ DE DIREITO APOSENTADO;; ESTATUTARIO;37572,31;;37572,31;11239,22;26333,09;
MARLENE DONADIO DE TOMAZ;APOSENTADOS TJA - SERVIDORES;APOSENTADO;; ESTATUTARIO;43512,29;5974,51;37537,78;11239,22;26298,56;
MARLENE LOUREIRO DA SILVA;APOSENTADOS TJA - SERVIDORES;ASSISTENTE JUDICIARIO;; ESTATUTARIO;5628,45;;5628,45;141,16;5487,29;
MARLENE PAIVA;APOSENTADOS TJA - SERVIDORES;CONSULTOR ESPECIAL;; ESTATUTARIO;11897,95;;11897,95;2053,56;9844,39;
MARLIDICE DE SOUZA C PERES;APOSENTADOS TJA - MAGISTRADOS;JUIZ DE DIREITO APOSENTADO;; ESTATUTARIO;38588,60;;38588,60;3392,36;35196,24;
MARQUIZE LASSALVA DO NASCIMENTO;APOSENTADOS TJA - SERVIDORES;AUXILIAR JUDICIARIO II;; ESTATUTARIO;5916,97;;5916,97;181,60;5735,37;
MARTA DA SILVA MELO;APOSENTADOS TJA - SERVIDORES;ESCREVENTE JURAMENTADO;; ESTATUTARIO;11366,20;;11366,20;2656,20;8710,00;
MARY BREVES;APOSENTADOS TJA - SERVIDORES;CONSULTOR ESPECIAL;; ESTATUTARIO;11172,05;;11172,05;1739,86;9432,19;
MAUREA VIRGINIA MOTA SANTOS;APOSENTADOS TJA - SERVIDORES;ASSISTENTE JUDICIARIO;; ESTATUTARIO;11612,36;;11612,36;1948,05;9664,31;
MENANDRO TAPAJOS FILHO;APOSENTADOS TJA - MAGISTRADOS;JUIZ DE DIREITO APOSENTADO;; ESTATUTARIO;34646,71;;34646,71;2496,23;32150,48;
MIGUEL FRANCISCO DO N MARQUES;APOSENTADOS TJA - MAGISTRADOS;JUIZ DE DIREITO APOSENTADO;; ESTATUTARIO;35724,47;;35724,47;10363,09;25361,38;
MILTON PEREIRA DA COSTA;APOSENTADOS TJA - SERVIDORES;ESCRIVAO;; ESTATUTARIO;22122,28;;22122,28;5709,59;16412,69;
MONICA MARIA SANCHES GOMES;APOSENTADOS TJA - SERVIDORES;ASSISTENTE JUDICIARIO;; ESTATUTARIO;8859,43;;8859,43;1412,04;7447,39;
MONICA NOBRE MONTENEGRO;APOSENTADOS TJA - SERVIDORES;ANALISTA JUDICIARIO I;; ESTATUTARIO;24182,77;;24182,77;6905,91;17276,86;
NAIRY LEAL DE PAIVA MILON;APOSENTADOS TJA - SERVIDORES;TECNICO JUDICIARIO;; ESTATUTARIO;42441,20;4893,83;37547,37;11134,94;26412,43;
NEILA SOCORRO MOUSSE;APOSENTADOS TJA - SERVIDORES;ANALISTA JUDICIARIO I;; ESTATUTARIO;16689,38;;16689,38;326,47;16362,91;
NELI ELISABETH MANDEL LINS;APOSENTADOS TJA - MAGISTRADOS;JUIZ DE DIREITO APOSENTADO;; ESTATUTARIO;32187,67;;32187,67;2496,23;29691,44;
NEUDA DA SILVA GIOIA;APOSENTADOS TJA - DESEMBARGADO;JUIZ DE DIREITO APOSENTADO;; ESTATUTARIO;35645,24;;35645,24;2980,29;32664,95;
NEWTON SABBA GUIMARAES;APOSENTADOS TJA - MAGISTRADOS;JUIZ DE DIREITO APOSENTADO;; ESTATUTARIO;33939,44;;33939,44;9885,31;24054,13;
NEY OLIVEIRA SALIGNAC DE SOUZA;APOSENTADOS TJA - SERVIDORES;CONSULTOR ESPECIAL;; ESTATUTARIO;23254,00;;23254,00;6121,16;17132,84;
NEYLA CORREA XAVIER;APOSENTADOS TJA - SERVIDORES;ANALISTA JUDICIARIO I;; ESTATUTARIO;23006,60;;23006,60;7038,82;15967,78;
NILTA MELO SOARES BRASIL;APOSENTADOS TJA - SERVIDORES;ASSISTENTE JUDICIARIO;; ESTATUTARIO;9681,34;;9681,34;1532,72;8148,62;
NILZE SALIGNAC DE SOUZA MACHADO;APOSENTADOS TJA - SERVIDORES;CONSULTOR ESPECIAL;; ESTATUTARIO;42787,09;5214,78;37572,31;11239,22;26333,09;
NUBIA MARIA BARROS VALCACIO;APOSENTADOS TJA - MAGISTRADOS;JUIZ DE DIREITO APOSENTADO;; ESTATUTARIO;31706,34;;31706,34;2112,11;29594,23;
ODETE LUCIA HENDGES;APOSENTADOS TJA - SERVIDORES;ANALISTA JUDICIARIO II;; ESTATUTARIO;20289,67;;20289,67;5388,02;14901,65;
OIAMA FREITAS DE ARAUJO;APOSENTADOS TJA - SERVIDORES;ANALISTA JUDICIARIO II;; ESTATUTARIO;23961,39;;23961,39;6614,01;17347,38;
OLESIA LOCH TERRA;APOSENTADOS TJA - MAGISTRADOS;JUIZ DE DIREITO APOSENTADO;; ESTATUTARIO;36451,90;;36451,90;2732,05;33719,85;
OLIVIA DA SILVA ARAUJO;APOSENTADOS TJA - SERVIDORES;ANALISTA JUDICIARIO I;; ESTATUTARIO;18399,13;;18399,13;4780,51;13618,62;
OLIVIA TARGINO DE SOUZA;APOSENTADOS TJA - SERVIDORES;ESCREVENTE JURAMENTADO;; ESTATUTARIO;30807,00;;30807,00;1997,71;28809,29;
OPHIR DE CASTRO;APOSENTADOS TJA - SERVIDORES;SECRETARIO;; ESTATUTARIO;34646,71;;34646,71;2496,23;32150,48;
ORLANDO TELES DE SOUZA;APOSENTADOS TJA - SERVIDORES;OFICIAL DE JUSTICA;; ESTATUTARIO;15978,68;;15978,68;3869,21;12109,47;
ORLANIR ROMNEY DE PAULA C MARQUES;APOSENTADOS TJA - SERVIDORES;CONSULTOR ESPECIAL;; ESTATUTARIO;14800,00;;14800,00;61,96;14738,04;
OSVALDO BATISTA CORREA;APOSENTADOS TJA - SERVIDORES;OFICIAL DO REGISTRO CIVIL;; ESTATUTARIO;2381,50;;2381,50;;2381,50;
PEDRO DA SILVA VIEIRA;APOSENTADOS TJA - SERVIDORES;ANALISTA JUDICIARIO II;; ESTATUTARIO;22051,81;;22051,81;12362,14;9689,67;
PERPETUA SOCORRO COSTEIRA MENDONCA;APOSENTADOS TJA - SERVIDORES;ANALISTA JUDICIARIO I;; ESTATUTARIO;18223,63;;18223,63;5238,03;12985,60;
RAFAEL DE ARAUJO ROMANO;APOSENTADOS TJA - DESEMBARGADO;DESEMBARGADOR APOSENTADO;; ESTATUTARIO;35553,73;;35553,73;11030,67;24523,06;
RAIMUNDA ANDRE SACRAMENTO;APOSENTADOS TJA - SERVIDORES;ASSISTENTE JUDICIARIO;; ESTATUTARIO;8602,85;;8602,85;1040,08;7562,77;
RAIMUNDA MARIANO DE SOUZA REMEDIOS;APOSENTADOS TJA - SERVIDORES;ESCRIVAO;; ESTATUTARIO;21396,56;;21396,56;5449,85;15946,71;
RAIMUNDA ROSA PINHEIRO SOARES;APOSENTADOS TJA - MAGISTRADOS;JUIZ DE DIREITO APOSENTADO;; ESTATUTARIO;33935,09;;33935,09;9937,44;23997,65;
RAIMUNDA SANTOS DA CRUZ;APOSENTADOS TJA - SERVIDORES;ASSISTENTE JUDICIARIO;; ESTATUTARIO;6001,75;;6001,75;;6001,75;
RAIMUNDO AZEVEDO PEREIRA;APOSENTADOS TJA - DESEMBARGADO;JUIZ DE DIREITO APOSENTADO;; ESTATUTARIO;38352,07;;38352,07;2980,29;35371,78;
RAIMUNDO DA SILVA LEITE;APOSENTADOS TJA - SERVIDORES;ANALISTA JUDICIARIO II;; ESTATUTARIO;24362,84;;24362,84;6410,95;17951,89;
RAIMUNDO NONATO DE O SARMENTO;APOSENTADOS TJA - SERVIDORES;OFICIAL DO REGISTRO CIVIL;; ESTATUTARIO;2383,33;;2383,33;;2383,33;
REGILENE BOAES RIBEIRO DE CARVALHO;APOSENTADOS TJA - SERVIDORES;AUXILIAR DE SERV.GERAIS - NIVEL F;; ESTATUTARIO;4871,63;;4871,63;;4871,63;
ROBERTO HERMIDAS DE ARAGAO;APOSENTADOS TJA - DESEMBARGADO;DESEMBARGADOR APOSENTADO;; ESTATUTARIO;37572,31;;37572,31;11239,22;26333,09;
RODOLFO BASTOS;APOSENTADOS TJA - MAGISTRADOS;JUIZ DE DIREITO APOSENTADO;; ESTATUTARIO;33935,09;;33935,09;9937,44;23997,65;
ROGERIO JOSE COELHO MENEZES;APOSENTADOS TJA - SERVIDORES;ANALISTA JUDICIARIO II;; ESTATUTARIO;21664,96;;21664,96;5776,69;15888,27;
ROMMEL JUNIOR QUEIROZ RODRIGUES;APOSENTADOS TJA - MAGISTRADOS;JUIZ DE DIREITO APOSENTADO;; ESTATUTARIO;11264,37;;11264,37;2255,33;9009,04;
ROMULO JOSE FERNANDES DA SILVA;APOSENTADOS TJA - MAGISTRADOS;JUIZ DE DIREITO APOSENTADO;; ESTATUTARIO;14370,69;;14370,69;3371,10;10999,59;
ROSA MARIA CALDERARO DE SOUZA;APOSENTADOS TJA - MAGISTRADOS;JUIZ DE DIREITO DE ENTRANCIA FINAL;; ESTATUTARIO;33780,63;;33780,63;10886,68;22893,95;
ROSA MARIA DO AMARAL BRASIL;APOSENTADOS TJA - SERVIDORES;ESCRIVAO;; ESTATUTARIO;19797,37;;19797,37;5306,95;14490,42;
ROSEMARY MOTA DOS SANTOS;APOSENTADOS TJA - SERVIDORES;CONSULTOR ESPECIAL;; ESTATUTARIO;11366,20;;11366,20;1819,79;9546,41;
ROZALINA DE OLIVEIRA MIRANDA;APOSENTADOS TJA - SERVIDORES;ASSESSOR DA PRESIDENCIA;; ESTATUTARIO;22501,59;;22501,59;909,62;21591,97;
RUI HELIANDRO SA VALENTE;APOSENTADOS TJA - SERVIDORES;ANALISTA JUDICIARIO II;; ESTATUTARIO;21905,54;;21905,54;6100,67;15804,87;
RUTH AGUIAR DA CUNHA;APOSENTADOS TJA - SERVIDORES;ANALISTA JUDICIARIO I;; ESTATUTARIO;32490,99;;32490,99;9981,83;22509,16;
RUTH DAS NEVES AMORIM;APOSENTADOS TJA - SERVIDORES;ANALISTA JUDICIARIO I;; ESTATUTARIO;19871,18;;19871,18;4909,47;14961,71;
RUY MORATO;APOSENTADOS TJA - DESEMBARGADO;DESEMBARGADOR APOSENTADO;; ESTATUTARIO;39384,84;;39384,84;12316,66;27068,18;
SABINO DA SILVA MARQUES;APOSENTADOS TJA - DESEMBARGADO;DESEMBARGADOR;DESEMBARGADOR; ESTATUTARIO;35553,73;;35553,73;11239,22;24314,51;
SANDOMARA ALVES VIANA;APOSENTADOS TJA - SERVIDORES;ESCREVENTE JURAMENT.(BEL.DIREITO);; ESTATUTARIO;19231,31;;19231,31;5461,01;13770,30;
SANDRA AUGUSTA FORTES LEITE;APOSENTADOS TJA - SERVIDORES;ANALISTA JUDICIARIO I;; ESTATUTARIO;25928,94;;25928,94;1357,36;24571,58;
SANDRA BUENO MANGINI DE SOUZA;APOSENTADOS TJA - SERVIDORES;TECNICO JUDICIARIO NS-A;; ESTATUTARIO;28425,43;;28425,43;1686,35;26739,08;
SANDRA MARIA FERREIRA ALVES;APOSENTADOS TJA - SERVIDORES;ANALISTA JUDICIARIO I;; ESTATUTARIO;26281,27;;26281,27;7643,86;18637,41;
SANDRA MARIA MADDY MELLO;APOSENTADOS TJA - SERVIDORES;ASSISTENTE JUDICIARIO;; ESTATUTARIO;8506,50;;8506,50;873,74;7632,76;
SANSAO REINALDO CASTELO BRANCO;APOSENTADOS TJA - SERVIDORES;ESCRIVAO;; ESTATUTARIO;25870,96;;25870,96;7593,65;18277,31;
SANTINA CRUZ DA SILVA;APOSENTADOS TJA - SERVIDORES;ASSISTENTE JUDICIARIO;; ESTATUTARIO;11274,68;;11274,68;;11274,68;
SEBASTIANA DE SOUZA ASSIS;APOSENTADOS TJA - SERVIDORES;ESCRIVAO;; ESTATUTARIO;19871,18;;19871,18;4909,47;14961,71;
SEBASTIAO PEREIRA DE SENA FILHO;APOSENTADOS TJA - SERVIDORES;ANALISTA JUDICIARIO II;; ESTATUTARIO;22051,81;;22051,81;6575,06;15476,75;
SIDNEY QUEIROZ FORTES;APOSENTADOS TJA - SERVIDORES;ESCRIVAO;; ESTATUTARIO;19299,40;;19299,40;3493,22;15806,18;
SILDA VERA CABRAL MARQUES DE LIMA;APOSENTADOS TJA - SERVIDORES;ANALISTA JUDICIARIO I;; ESTATUTARIO;23864,18;;23864,18;1090,02;22774,16;
SILEA DE SOUSA LIMA;APOSENTADOS TJA - SERVIDORES;CONSULTOR ESPECIAL;; ESTATUTARIO;12836,81;;12836,81;3209,89;9626,92;
SINAMOR BORGES CARDOSO;APOSENTADOS TJA - MAGISTRADOS;JUIZ DE DIREITO APOSENTADO;; ESTATUTARIO;33948,13;;33948,13;9781,03;24167,10;
SISSI MARIA REIS GONZALEZ;APOSENTADOS TJA - SERVIDORES;ANALISTA JUDICIARIO II;; ESTATUTARIO;21519,75;;21519,75;6374,74;15145,01;
SOCORRO DE FATIMA B S F D ANTONIO;APOSENTADOS TJA - SERVIDORES;ANALISTA JUDICIARIO I;; ESTATUTARIO;22078,68;;22078,68;6689,45;15389,23;
SOLANGE APARECIDA T GONCALVES;APOSENTADOS TJA - MAGISTRADOS;JUIZ DE DIREITO APOSENTADO;; ESTATUTARIO;29809,22;;29809,22;8353,39;21455,83;
SOLANGE ENEIDA FORTES PAPALEO;APOSENTADOS TJA - SERVIDORES;SUB-SECRETARIO;; ESTATUTARIO;32245,22;;32245,22;10308,61;21936,61;
SONIA MARIA LIRA;APOSENTADOS TJA - SERVIDORES;DIRETOR TECNICO JUDICIARIO;; ESTATUTARIO;44360,94;6784,28;37576,66;11187,08;26389,58;
SONIA SERRAO;APOSENTADOS TJA - SERVIDORES;AUXILIAR JUDICIARIO I;; ESTATUTARIO;3731,50;;3731,50;106,62;3624,88;
SORAIA NEGREIROS MAQUINE;APOSENTADOS TJA - SERVIDORES;ANALISTA JUDICIARIO I;; ESTATUTARIO;22051,81;;22051,81;6627,20;15424,61;
STELA FORTES DA SILVA;APOSENTADOS TJA - SERVIDORES;CONSULTOR ESPECIAL;; ESTATUTARIO;18719,24;;18719,24;4744,62;13974,62;
SUELANE VITALINO MARINHO DE AQUINO;APOSENTADOS TJA - SERVIDORES;ESCREVENTE JURAMENTADO;; ESTATUTARIO;10875,99;;10875,99;2471,65;8404,34;
SUELY PINHEIRO SOARES ONETY;APOSENTADOS TJA - MAGISTRADOS;JUIZ DE DIREITO APOSENTADO;; ESTATUTARIO;36451,90;;36451,90;2732,05;33719,85;
SUYEN TABOSA DOS REIS;APOSENTADOS TJA - SERVIDORES;ANALISTA JUDICIARIO I;; ESTATUTARIO;23006,60;;23006,60;6934,54;16072,06;
TABIRA RODRIGUES FORTES NETO;APOSENTADOS TJA - SERVIDORES;ESCREVENTE JURAMENTADO;; ESTATUTARIO;15881,65;;15881,65;1924,64;13957,01;
TELMA DE VERCOSA ROESSING;APOSENTADOS TJA - MAGISTRADOS;JUIZ DE DIREITO DE ENTRANCIA FINAL;; ESTATUTARIO;33780,63;;33780,63;11095,23;22685,40;
TERESA RAQUEL DAS CHAGAS FERREIRA;APOSENTADOS TJA - SERVIDORES;ANALISTA JUDICIARIO I;; ESTATUTARIO;25334,02;;25334,02;7398,30;17935,72;
TEREZA NUNES RODRIGUES;APOSENTADOS TJA - SERVIDORES;ESCRIVAO;; ESTATUTARIO;23364,05;;23364,05;6154,02;17210,03;
TEREZINHA LINS FURTADO BELEM;APOSENTADOS TJA - SERVIDORES;CONSULTOR ESPECIAL;; ESTATUTARIO;12363,54;;12363,54;2109,52;10254,02;
THEREZINHA RAPHAEL DE LIMA;APOSENTADOS TJA - SERVIDORES;ANALISTA JUDICIARIO II;; ESTATUTARIO;22512,96;;22512,96;5795,73;16717,23;
THIAGO MORAES DE LIMA;APOSENTADOS TJA - SERVIDORES;ESCRIVAO;; ESTATUTARIO;19149,47;;19149,47;6426,12;12723,35;
UBIRAJARA FRANCISCO DE MORAES;APOSENTADOS TJA - DESEMBARGADO;DESEMBARGADOR APOSENTADO;; ESTATUTARIO;35645,24;;35645,24;2980,29;32664,95;
URSULITA BRAGA ALFAIA;APOSENTADOS TJA - SERVIDORES;SECRETARIO GERAL DE JUSTICA;; ESTATUTARIO;33780,63;;33780,63;10571,64;23208,99;
VALCI AMARILDO GONDIM SANTOS;APOSENTADOS TJA - SERVIDORES;ANALISTA JUDICIARIO II;; ESTATUTARIO;19367,00;;19367,00;503,99;18863,01;
VALDILEI ANTONIO DA COSTA;APOSENTADOS TJA - SERVIDORES;ANALISTA JUDICIARIO II;; ESTATUTARIO;23306,92;;23306,92;6679,34;16627,58;
VALDOMIRO MARQUES RAMOS;APOSENTADOS TJA - SERVIDORES;ANALISTA JUDICIARIO II;; ESTATUTARIO;4613,17;;4613,17;60,39;4552,78;
VERA LUCIA ALBUQUERQUE OLIVEIRA;APOSENTADOS TJA - SERVIDORES;AUXILIAR JUDICIARIO I;; ESTATUTARIO;3373,92;;3373,92;;3373,92;
VERA LUCIA FIGUEIREDO M NASCIMENTO;APOSENTADOS TJA - SERVIDORES;ESCRIVAO;; ESTATUTARIO;20662,60;;20662,60;5580,57;15082,03;
VERA LUIZA JOHNSON DE ASSIS;APOSENTADOS TJA - SERVIDORES;ESCRIVAO;; ESTATUTARIO;18419,06;;18419,06;4389,34;14029,72;
VERA MARIA DA CUNHA RAMOS;APOSENTADOS TJA - SERVIDORES;ANALISTA JUDICIARIO I;; ESTATUTARIO;23960,07;;23960,07;7397,80;16562,27;
VERLAN RODRIGUES PESSOA;APOSENTADOS TJA - SERVIDORES;ANALISTA JUDICIARIO II;; ESTATUTARIO;23306,92;;23306,92;6679,34;16627,58;
VIVALDO DA SILVA MARINHO;APOSENTADOS TJA - SERVIDORES;AUXILIAR JUDICIARIO II;; ESTATUTARIO;6329,35;;6329,35;1656,37;4672,98;
WALDEMAR PARENTE DE SOUZA;APOSENTADOS TJA - SERVIDORES;JUIZ DE PAZ;; ESTATUTARIO;2692,61;;2692,61;;2692,61;
WALDEMYR GUIMARAES DOS SANTOS;APOSENTADOS TJA - SERVIDORES;ANALISTA JUDICIARIO II;; ESTATUTARIO;25870,99;;25870,99;7593,67;18277,32;
WALTER FRANCISCO DE SOUZA BEZERRA;APOSENTADOS TJA - SERVIDORES;ANALISTA JUDICIARIO II;; ESTATUTARIO;29515,05;;29515,05;8087,03;21428,02;
WELINGTHON NOGUEIRA CAFE;APOSENTADOS TJA - SERVIDORES;ANALISTA JUDICIARIO II;; ESTATUTARIO;21097,01;;21097,01;6319,86;14777,15;
WILMAR MENDONCA DE AMORIM;APOSENTADOS TJA - DESEMBARGADO;JUIZ DE DIREITO APOSENTADO;; ESTATUTARIO;38352,07;;38352,07;2980,29;35371,78;
WILSON DOS SANTOS BARBOSA;APOSENTADOS TJA - SERVIDORES;ANALISTA JUDICIARIO II;; ESTATUTARIO;25370,80;;25370,80;6718,29;18652,51;
WILSON JOSE DOS SANTOS ROCHA;APOSENTADOS TJA - MAGISTRADOS;JUIZ DE DIREITO APOSENTADO;; ESTATUTARIO;33948,13;;33948,13;13897,41;20050,72;
YEDDA ANTONY GONCALVES;APOSENTADOS TJA - MAGISTRADOS;JUIZ DE DIREITO APOSENTADO;; ESTATUTARIO;32187,67;;32187,67;2496,23;29691,44;
ZADERCK LAMARAO BRASIL;APOSENTADOS TJA - MAGISTRADOS;JUIZ SUBS.DA CAPITAL-DISPONIBILID.;; ESTATUTARIO;32096,16;;32096,16;11694,84;20401,32;
ZILA DE SOUZA LIMA;APOSENTADOS TJA - DESEMBARGADO;JUIZ DE DIREITO APOSENTADO;; ESTATUTARIO;38352,07;;38352,07;2980,29;35371,78;
ZILMA CARVALHO DO NASCIMENTO;APOSENTADOS TJA - SERVIDORES;AUXILIAR JUDICIARIO II;; ESTATUTARIO;3373,46;;3373,46;;3373,46;
