NOME;LOTACAO;CARGO;FUNCAO;VINCULO;REMUNERACAO LEGAL TOTAL(R$);DESC.TETO(R$); REMUNERACAO LEGAL DEVIDA(R$);DESCONTOS LEGAIS(R$);LIQUIDO DISPONIVEL(R$);
ADAIRDES SOUZA SANTANA;PENSIONISTAS TJA;PENSIONISTA;; PENSAO POR MORTE;21827,76;;21827,76;5658,71;16169,05;
ADEMAR GONCALVES;PENSIONISTAS TJA;PENSIONISTA;511/2019; PENSAO POR MORTE;3473,96;;3473,96;;3473,96;
ALAIDE PAIVA ANDRADE;PENSIONISTAS TJA;PENSIONISTA;; PENSAO POR MORTE;33674,44;;33674,44;10416,12;23258,32;
ALBA LEITE VINHOTE;PENSIONISTAS TJA;PENSIONISTA;835/2021; PENSAO POR MORTE;18009,94;;18009,94;4809,73;13200,21;
ALBINA DE SIQUEIRA CAVALCANTE;PENSIONISTAS TJA;PENSIONISTA;; PENSAO POR MORTE;2660,06;;2660,06;;2660,06;
ALCILENE ARAUJO CAVALCANTE SARAIVA;PENSIONISTAS TJA;PENSIONISTA;; ESTATUTARIO;6358,24;;6358,24;760,75;5597,49;
ALCIONE DA SILVA PEDROSA;PENSIONISTAS TJA;PENSIONISTA;; PENSAO POR MORTE;3644,60;;3644,60;342,47;3302,13;
ALDA ANDRADE GONCALVES;PENSIONISTAS TJA - MAGIS APOSE;PENSIONISTA MAGISTRADO;050/1983; PENSAO POR MORTE;16844,55;;16844,55;1366,03;15478,52;
ALDEIZA DE CASTRO AVINTE;PENSIONISTAS TJA;PENSIONISTA;; PENSAO POR MORTE;2104,44;;2104,44;;2104,44;
ALEGRIA ABTIBOL DA SILVA;PENSIONISTAS TJA;PENSIONISTA;; PENSAO POR MORTE;10525,56;;10525,56;1607,45;8918,11;
ALICE ALVES LADEIRA;PENSIONISTAS TJA;PENSIONISTA;; PENSAO POR MORTE;33265,59;;33265,59;10269,78;22995,81;
ALICE MARIA SA VALENTE;PENSIONISTAS TJA;PENSIONISTA;; ESTATUTARIO;5768,18;;5768,18;973,07;4795,11;
ALZENIRA ARAUJO DA SILVA;PENSIONISTAS TJA;PENSIONISTA;; PENSAO POR MORTE;20789,20;;20789,20;5804,44;14984,76;
ALZIMARA AZEVEDO RODRIGUES;PENSIONISTAS TJA;PENSIONISTA;; PENSAO POR MORTE;9718,85;;9718,85;2201,99;7516,86;
AMAZILES MOURA CAVALCANTE;PENSIONISTAS TJA;PENSIONISTA MAGISTRADO;; PENSAO POR MORTE;33799,95;;33799,95;9937,44;23862,51;
AMELIA RODRIGUES DOS SANTOS;PENSIONISTAS TJA;PENSIONISTA;; PENSAO POR MORTE;20211,48;;20211,48;5597,67;14613,81;
AMINA GOMES LYRA;PENSIONISTAS TJA;PENSIONISTA;723/2021; PENSAO POR MORTE;3724,92;;3724,92;162,84;3562,08;
ANA BEATRIZ SA VALENTE;PENSIONISTAS TJA;PENSIONISTA;; ESTATUTARIO;5768,18;;5768,18;973,07;4795,11;
ANA CRISTINA OLIVEIRA DE V DIAS;PENSIONISTAS TJA;PENSIONISTA;; PENSAO POR MORTE;7133,61;;7133,61;1456,77;5676,84;
ANA ESTER SALES DE MELO;PENSIONISTAS TJA;PENSIONISTA;; PENSAO POR MORTE;3735,10;;3735,10;;3735,10;
ANA LIGIA GRISI GOES PESSOA;PENSIONISTAS TJA;PENSIONISTA;1; PENSAO POR MORTE;3283,04;;3283,04;325,52;2957,52;
ANA RAQUEL SENA ALMEIDA MEDEIROS;PENSIONISTAS TJA;PENSIONISTA;; PENSAO POR MORTE;6761,93;;6761,93;865,44;5896,49;
ANDREIA DINIZ DA SILVA;PENSIONISTAS TJA;PENSIONISTA;; PENSAO POR MORTE;4815,74;;4815,74;471,40;4344,34;
ANGELA MARIA DOS ANJOS THURY;PENSIONISTAS TJA;PENSIONISTA MAGISTRADO;; PENSAO POR MORTE;28276,10;;28276,10;7960,44;20315,66;
ANGELA MARIA SOUZA DE FREITAS;PENSIONISTAS TJA;PENSIONISTA;; PENSAO POR MORTE;5088,53;;5088,53;431,47;4657,06;
ANNA ARMINDA BOTELHO MOURAO;PENSIONISTAS TJA;PENSIONISTA MAGISTRADO;; PENSAO POR MORTE;38169,05;;38169,05;2980,29;35188,76;
ANTONIA LABORDA PEREIRA;PENSIONISTAS TJA EXECUTIVO;PENSIONISTA;; ESTATUTARIO;1470,17;;1470,17;;1470,17;
ARACY CARVALHO BENTES;PENSIONISTAS TJA;PENSIONISTA;; PENSAO POR MORTE;15051,06;;15051,06;3227,14;11823,92;
BERENICE ASSIS DA SILVEIRA;PENSIONISTAS TJA;PENSIONISTA;; PENSAO POR MORTE;23110,53;;23110,53;6641,77;16468,76;
CARLOS EDUARDO COSTA ARAUJO DA ROCH;PENSIONISTAS TJA;PENSIONISTA;1769/2021; ESTATUTARIO;4877,17;;4877,17;682,89;4194,28;
CARLOS JORGE ELOI DA SILVA;PENSIONISTAS TJA;PENSIONISTA;; PENSAO POR MORTE;12799,77;;12799,77;2421,40;10378,37;
CARLOS JOSE ARAUJO DA ROCHA JUNIOR;PENSIONISTAS TJA;PENSIONISTA;59/2022; ESTATUTARIO;12204,40;;12204,40;3311,97;8892,43;
CELIA BRAGA GOMES SIMPSON;PENSIONISTAS TJA;PENSIONISTA;; PENSAO POR MORTE;4287,86;;4287,86;258,91;4028,95;
CELIANA BANDEIRA DANTAS B GOMES;PENSIONISTAS TJA;PENSIONISTA;; PENSAO POR MORTE;6218,16;;6218,16;725,67;5492,49;
CIBELE JOHNSON DE ASSIS;PENSIONISTAS TJA;PENSIONISTA;; PENSAO POR MORTE;29269,83;;29269,83;8324,36;20945,47;
CIDALIA ARAGAO DE LIMA;PENSIONISTAS TJA;PENSIONISTA;1565/2021; ESTATUTARIO;9595,37;;9595,37;1274,53;8320,84;
CINELE MARTINS DA CRUZ;PENSIONISTAS TJA;PENSIONISTA;; PENSAO POR MORTE;17516,80;;17516,80;4114,57;13402,23;
CLARICE ALVES SOUTO DA SILVA;PENSIONISTAS TJA;PENSIONISTA MAGISTRADO;; PENSAO POR MORTE;34463,69;;34463,69;2496,23;31967,46;
CLEONICE DAS GRACAS DOS S BEZERRA;PENSIONISTAS TJA;PENSIONISTA;; PENSAO POR MORTE;11204,46;;11204,46;;11204,46;
CLEONICE SOARES DE OLIVEIRA;PENSIONISTAS TJA EXECUTIVO;PENSIONISTA;; ESTATUTARIO;2577,26;;2577,26;;2577,26;
CORDELIA SANTOS DA SILVA;PENSIONISTAS TJA;PENSIONISTA;; PENSAO POR MORTE;6370,53;;6370,53;;6370,53;
CRISTIANE PEREIRA DE SOUZA;PENSIONISTAS TJA;PENSIONISTA;; PENSAO POR MORTE;16847,12;;16847,12;4393,55;12453,57;
DAIANA FERREIRA DE OLIVEIRA;PENSIONISTAS TJA;PENSIONISTA;; PENSAO POR MORTE;17483,76;;17483,76;4626,33;12857,43;
DAISY MONTESUMA AFONSO M BARROS;PENSIONISTAS TJA;PENSIONISTA;; PENSAO POR MORTE;42252,25;4815,08;37437,17;11239,22;26197,95;
DALVA BARBOSA DE QUEIROZ;PENSIONISTAS TJA;PENSIONISTA MAGISTRADO;; PENSAO POR MORTE;38290,82;;38290,82;12068,34;26222,48;
DANIEL LOFIEGO GONCALVES CACAU;PENSIONISTAS TJA;PENSIONISTA;; PENSAO POR MORTE;2708,44;;2708,44;216,28;2492,16;
DARCY ROCHA PEREIRA;PENSIONISTAS TJA;PENSIONISTA MAGISTRADO;; PENSAO POR MORTE;25002,30;;25002,30;6788,73;18213,57;
DARLENE RIBEIRO PEREA DO NASCIMENTO;PENSIONISTAS TJA;PENSIONISTA;; PENSAO POR MORTE;20328,28;;20328,28;5645,20;14683,08;
DAYANI REZENDE BORGES;PENSIONISTAS TJA;PENSIONISTA MAGISTRADO;; PENSAO POR MORTE;34574,73;;34574,73;10684,64;23890,09;
DAYSE GOMES DE SOUZA;PENSIONISTAS TJA;PENSIONISTA MAGISTRADO;; PENSAO POR MORTE;30192,35;;30192,35;1938,23;28254,12;
DELZUITA DA SILVA ALMEIDA;PENSIONISTAS TJA;PENSIONISTA;955/2020; PENSAO POR MORTE;26810,19;;26810,19;7959,38;18850,81;
DILCEMAR CASTELLO BRANCO;PENSIONISTAS TJA - MAGIS APOSE;PENSIONISTA MAGISTRADO;001/1956; PENSAO POR MORTE;18784,78;;18784,78;4923,13;13861,65;
DILZA GOMES SILVA;PENSIONISTAS TJA;PENSIONISTA MAGISTRADO;; PENSAO POR MORTE;18784,11;;18784,11;5446,49;13337,62;
DIONE SANTOS DA SILVA;PENSIONISTAS TJA;PENSIONISTA;95/2022; ESTATUTARIO;5126,77;;5126,77;447,94;4678,83;
DOMINGOS JORGE CHALUB PEREIRA NETO;PENSIONISTAS TJA;PENSIONISTA;155/2020; PENSAO POR MORTE;6424,46;;6424,46;1026,24;5398,22;
DONOLINA BARCELLOS RAMOS;PENSIONISTAS TJA;PENSIONISTA;; PENSAO POR MORTE;15825,02;;15825,02;3504,14;12320,88;
DOROTEIA NOGUEIRA MACIEL;PENSIONISTAS TJA;PENSIONISTA MAGISTRADO;; PENSAO POR MORTE;28728,01;;28728,01;8645,77;20082,24;
EDIMEIA TRAVASSOS DE ANDRADE;PENSIONISTAS TJA;PENSIONISTA;1481/2021; ESTATUTARIO;20620,43;;20620,43;5744,03;14876,40;
EDINA APARECIDA DE ALMEIDA;PENSIONISTAS TJA;PENSIONISTA MAGISTRADO;; PENSAO POR MORTE;23845,17;;23845,17;6898,19;16946,98;
EDISSA HARRAQUIAN DA SILVA;PENSIONISTAS TJA;PENSIONISTA;; ESTATUTARIO;5172,81;;5172,81;135,52;5037,29;
EGLANTINA DIAS FERNANDES;PENSIONISTAS TJA;PENSIONISTA MAGISTRADO;; PENSAO POR MORTE;21507,39;;21507,39;6205,35;15302,04;
ELIANA REGINA NASCIMENTO AZEDO;PENSIONISTAS TJA;PENSIONISTA;; PENSAO POR MORTE;7352,74;;7352,74;1018,65;6334,09;
ELIANE CORREA DA SILVA;PENSIONISTAS TJA;PENSIONISTA;1948/2021; ESTATUTARIO;6431,71;;6431,71;1148,73;5282,98;
ELIETE LEITE DOS SANTOS;PENSIONISTAS TJA;PENSIONISTA;; PENSAO POR MORTE;5514,13;;5514,13;542,95;4971,18;
ELISOMAR DA SILVA BATISTA;PENSIONISTAS TJA;PENSIONISTA;521/2021; ESTATUTARIO;1718,87;;1718,87;;1718,87;
ELIZABETE DOS SANTOS RAMALHEIRA;PENSIONISTAS TJA;PENSIONISTA;; PENSAO POR MORTE;10576,78;;10576,78;1625,78;8951,00;
ELIZABETH BRASIL DE LIMA;PENSIONISTAS TJA;PENSIONISTA;; PENSAO POR MORTE;12980,34;;12980,34;3009,62;9970,72;
ELIZANE RIOS DE SOUZA;PENSIONISTAS TJA;PENSIONISTA;; PENSAO POR MORTE;7343,91;;7343,91;856,57;6487,34;
EMANUELLE DA COSTA ROCHA;PENSIONISTAS TJA;PENSIONISTA;1769/2021; ESTATUTARIO;4877,17;;4877,17;682,89;4194,28;
ENILDA CARDOSO SILVA DE A CORREA;PENSIONISTAS TJA;PENSIONISTA MAGISTRADO;; PENSAO POR MORTE;37437,17;;37437,17;11239,22;26197,95;
ERMELINDA PINHEIRO R ROESSING;PENSIONISTAS TJA;PENSIONISTA MAGISTRADO;; PENSAO POR MORTE;33799,95;;33799,95;9937,44;23862,51;
ESMERALDA DA ROCHA VIRIATO;PENSIONISTAS TJA;PENSIONISTA;; PENSAO POR MORTE;1769,42;;1769,42;;1769,42;
EVA GIOVANNA GOMES PEREIRA;PENSIONISTAS TJA;PENSIONISTA;1388/2021; ESTATUTARIO;11514,90;;11514,90;2485,13;9029,77;
FABIANA MAQUINE CARDOSO;PENSIONISTAS TJA;PENSIONISTA;; PENSAO POR MORTE;10127,73;;10127,73;2404,21;7723,52;
FERNANDA ABREU NASCIMENTO;PENSIONISTAS TJA;PENSIONISTA;; PENSAO POR MORTE;2884,41;;2884,41;57,38;2827,03;
FERNANDA JOLIE DE AQUINO BATISTA GA;PENSIONISTAS TJA;PENSIONISTA;1283/2021; PENSAO POR MORTE;2744,68;;2744,68;47,49;2697,19;
FRANCILENE SILVA DAS NEVES;PENSIONISTAS TJA EXECUTIVO;PENSIONISTA;; ESTATUTARIO;2657,68;;2657,68;56,53;2601,15;
FRANCISCA VIANA DE SOUZA;PENSIONISTAS TJA;PENSIONISTA;; ESTATUTARIO;14237,70;;14237,70;2936,04;11301,66;
FRANCISCA WENDILA PAULO DA SILVA;PENSIONISTAS TJA;PENSIONISTA;; PENSAO POR MORTE;5861,10;;5861,10;631,82;5229,28;
FRANCISCO BABILONIA DE OLIVEIRA;PENSIONISTAS TJA;PENSIONISTA;; PENSAO POR MORTE;3273,12;;3273,12;99,55;3173,57;
FRANCISCO DE ASSIS CORREA GOES;PENSIONISTAS TJA;PENSIONISTA;; PENSAO POR MORTE;12796,62;;12796,62;2420,27;10376,35;
FRANCISCO DE OLIVEIRA PINHEIRO;PENSIONISTAS TJA;PENSIONISTA;; PENSAO POR MORTE;11032,75;;11032,75;2312,57;8720,18;
GABRIEL RODRIGUES DE O P E SILVA;PENSIONISTAS TJA;PENSIONISTA;ATO 90/2017-PTJ; PENSAO POR MORTE;36108,72;;36108,72;11287,35;24821,37;
GENELICIA MARIA DE SOUZA;PENSIONISTAS TJA;PENSIONISTA;; PENSAO POR MORTE;13694,80;;13694,80;3265,32;10429,48;
GENNISE MARQUES EVANGELISTA;PENSIONISTAS TJA;PENSIONISTA MAGISTRADO;; PENSAO POR MORTE;17301,22;;17301,22;1248,12;16053,10;
GIOVANA MORAES DA SILVA;PENSIONISTAS TJA;PENSIONISTA;; ESTATUTARIO;9733,86;;9733,86;2207,37;7526,49;
GLAUCIO PERES LEITE;PENSIONISTAS TJA;PENSIONISTA;; PENSAO POR MORTE;3473,96;;3473,96;127,68;3346,28;
GLORIA ROSAS DO CARMO;PENSIONISTAS TJA;PENSIONISTA;; PENSAO POR MORTE;12350,57;;12350,57;2260,63;10089,94;
GRACINHA CARMEM M EVANGELHISTA;PENSIONISTAS TJA;PENSIONISTA MAGISTRADO;; PENSAO POR MORTE;17301,22;;17301,22;1248,12;16053,10;
GUARACY DE JESUS MIRANDA DIAS REBEL;PENSIONISTAS TJA;PENSIONISTA MAGISTRADO;1179/2021; PENSAO POR MORTE;30136,39;;30136,39;9149,83;20986,56;
HELENA XAVIER LIMA;PENSIONISTAS TJA;PENSIONISTA;; PENSAO POR MORTE;13337,24;;13337,24;2613,76;10723,48;
HERIVELTO VIEIRA DA SILVA;PENSIONISTAS TJA;PENSIONISTA;; PENSAO POR MORTE;5171,17;;5171,17;452,90;4718,27;
HUGO WILKENS GADELHA;PENSIONISTAS TJA;PENSIONISTA;1; PENSAO POR MORTE;14337,45;;14337,45;3809,34;10528,11;
ICLEZIA DE AZEVEDO VINHOTE;PENSIONISTAS TJA;PENSIONISTA;; PENSAO POR MORTE;2396,26;;2396,26;;2396,26;
IGOR LOFIEGO GONCALVES CACAU;PENSIONISTAS TJA;PENSIONISTA;; PENSAO POR MORTE;2708,44;;2708,44;216,28;2492,16;
ILZA DOS SANTOS GOMES;PENSIONISTAS TJA;PENSIONISTA;1; PENSAO POR MORTE;10562,93;;10562,93;;10562,93;
ILZIMEIRY WILKENS PEREIRA;PENSIONISTAS TJA;PENSIONISTA;; PENSAO POR MORTE;13340,11;;13340,11;3138,38;10201,73;
INES CASTRO SEGADILHA;PENSIONISTAS TJA;PENSIONISTA MAGISTRADO;; PENSAO POR MORTE;12133,04;;12133,04;2542,41;9590,63;
IRACILDA TELLES DE OLIVEIRA;PENSIONISTAS TJA;PENSIONISTA;; PENSAO POR MORTE;12715,86;;12715,86;2811,14;9904,72;
IRIA DE OLIVEIRA LIMA;PENSIONISTAS TJA;PENSIONISTA;; PENSAO POR MORTE;9573,11;;9573,11;;9573,11;
ISABELLA CORDEIRO CAMARA;PENSIONISTAS TJA;PENSIONISTA;; ESTATUTARIO;5177,37;;5177,37;713,07;4464,30;
IVAN DE SOUZA MONTENEGRO;PENSIONISTAS TJA;PENSIONISTA;; PENSAO POR MORTE;32099,28;;32099,28;2190,60;29908,68;
IVANEIDE DA SILVA SEIXAS;PENSIONISTAS TJA;PENSIONISTA;1881/2021; ESTATUTARIO;28481,54;;28481,54;8033,97;20447,57;
IVONE COSTA DE DEUS;PENSIONISTAS TJA EXECUTIVO;PENSIONISTA;; ESTATUTARIO;3250,52;;3250,52;;3250,52;
IVONILDE MEIRELES DANTAS;PENSIONISTAS TJA;PENSIONISTA;; PENSAO POR MORTE;19692,57;;19692,57;5417,50;14275,07;
IZANILSE MORAIS DA SILVA;PENSIONISTAS TJA;PENSIONISTA;; PENSAO POR MORTE;4211,97;;4211,97;242,87;3969,10;
JACOB ALEXANDRE ALVES BANDEIRA;PENSIONISTAS TJA;PENSIONISTA;; ESTATUTARIO;11513,03;;11513,03;2487,69;9025,34;
JANICE BERNARDINO DE CARVALHO;PENSIONISTAS TJA;PENSIONISTA;261/2020; ESTATUTARIO;13223,08;;13223,08;2576,62;10646,46;
JEANETTE ROSS PEREIRA NEVES;PENSIONISTAS TJA;PENSIONISTA;; ESTATUTARIO;23389,22;;23389,22;6735,00;16654,22;
JEFFERSON DA SILVA DE OLIVEIRA;PENSIONISTAS TJA;PENSIONISTA;; PENSAO POR MORTE;14034,70;;14034,70;3695,35;10339,35;
JESSICA BEATRIZ BATISTA DA SILVA;PENSIONISTAS TJA;PENSIONISTA;521/2021; ESTATUTARIO;1718,87;;1718,87;;1718,87;
JESSICA JENNIFER DACIO SILVA;PENSIONISTAS TJA;PENSIONISTA;PROC2009004430-8; ESTATUTARIO;32811,02;;32811,02;10204,18;22606,84;
JEYSON MIGUEL PINTO DA COSTA LIMA;PENSIONISTAS TJA;PENSIONISTA;1563/2021; ESTATUTARIO;30538,85;;30538,85;9293,88;21244,97;
JOANA MONTEIRO DE CERQUEIRA MARINHO;PENSIONISTAS TJA;PENSIONISTA;; PENSAO POR MORTE;26180,26;;26180,26;7744,56;18435,70;
JOANNA ANGELICA MADDY FIGLIUOLO VIE;PENSIONISTAS TJA;PENSIONISTA;; ESTATUTARIO;4974,08;;4974,08;521,00;4453,08;
JOAO CARLOS DA SILVA OLIVEIRA;PENSIONISTAS TJA;PENSIONISTA;1948/2021; ESTATUTARIO;6431,71;;6431,71;1148,73;5282,98;
JOAO PEREIRA DA COSTA;PENSIONISTAS TJA;PENSIONISTA;; PENSAO POR MORTE;11741,64;;11741,64;2042,69;9698,95;
JORGE ANTONIO PEREIRA BRAGA;PENSIONISTAS TJA;PENSIONISTA;; PENSAO POR MORTE;9955,89;;9955,89;1763,23;8192,66;
JORGE SALDANHA BRAGA;PENSIONISTAS TJA;PENSIONISTA;; PENSAO POR MORTE;9948,10;;9948,10;2286,83;7661,27;
JOSE BARROSO RABELO;PENSIONISTAS TJA;PENSIONISTA;; ESTATUTARIO;20649,45;;20649,45;5754,42;14895,03;
JOSE BATISTA DOS SANTOS;PENSIONISTAS TJA;PENSIONISTA;; PENSAO POR MORTE;3627,19;;3627,19;;3627,19;
JOSE DE OLIVEIRA NUNES;PENSIONISTAS TJA;PENSIONISTA;800/2021; PENSAO POR MORTE;20620,43;;20620,43;5744,03;14876,40;
JOSE MARIO GUEDES TROVAO;PENSIONISTAS TJA;PENSIONISTA;; PENSAO POR MORTE;30144,89;;30144,89;9152,88;20992,01;
JOSE PACHECO VIDAL PESSOA;PENSIONISTAS TJA;PENSIONISTA MAGISTRADO;244; PENSAO POR MORTE;30721,04;;30721,04;9359,08;21361,96;
JOSEFA DA COSTA PEREIRA;PENSIONISTAS TJA;PENSIONISTA MAGISTRADO;; PENSAO POR MORTE;26853,50;;26853,50;7451,28;19402,22;
JULIETA BARROS B. CHALUB PEREIRA;PENSIONISTAS TJA;PENSIONISTA;155/2020; PENSAO POR MORTE;6424,46;;6424,46;1026,24;5398,22;
JURACY ALMEIDA DO NASCIMENTO;PENSIONISTAS TJA;PENSIONISTA;; PENSAO POR MORTE;3154,17;;3154,17;;3154,17;
JUSCELINO BATISTA DA SILVA;PENSIONISTAS TJA;PENSIONISTA;521/2021; ESTATUTARIO;1718,87;;1718,87;;1718,87;
KELIANE ALVES MARQUES;PENSIONISTAS TJA;PENSIONISTA;; PENSAO POR MORTE;4420,69;;4420,69;358,53;4062,16;
LAFAYETTE CARNEIRO VIEIRA JUNIOR;PENSIONISTAS TJA;PENSIONISTA;; ESTATUTARIO;4974,08;;4974,08;521,00;4453,08;
LANA KEROLLY CARVALHO CACAU;PENSIONISTAS TJA;PENSIONISTA;; PENSAO POR MORTE;2708,44;;2708,44;216,28;2492,16;
LANDOALDO JORGE ALMEIDA GUIMARAES;PENSIONISTAS TJA;PENSIONISTA;; PENSAO POR MORTE;16025,10;;16025,10;4099,35;11925,75;
LEIA PINHEIRO DE SOUZA;PENSIONISTAS TJA;PENSIONISTA MAGISTRADO;; PENSAO POR MORTE;14749,00;;14749,00;4002,31;10746,69;
LEILA DE ARAUJO BRANDAO;PENSIONISTAS TJA;PENSIONISTA MAGISTRADO;; PENSAO POR MORTE;14110,74;;14110,74;3178,34;10932,40;
LEONOR LEONARDO ALVES;PENSIONISTAS TJA;PENSIONISTA;1401/2021; ESTATUTARIO;5244,68;;5244,68;473,02;4771,66;
LIDIA BARBOSA DE SOUZA;PENSIONISTAS TJA;PENSIONISTA;1722/2021; ESTATUTARIO;3568,55;;3568,55;140,93;3427,62;
LORAINE CORDEIRO MELGUEIRO CAMARA;PENSIONISTAS TJA;PENSIONISTA;; ESTATUTARIO;5177,37;;5177,37;713,07;4464,30;
LUAN PRINTES RODRIGUES;PENSIONISTAS TJA;PENSIONISTA;; ESTATUTARIO;10467,73;;10467,73;2470,02;7997,71;
LUANA DE NEGREIROS BALDOINO;PENSIONISTAS TJA;PENSIONISTA;; ESTATUTARIO;3543,07;;3543,07;137,36;3405,71;
LUANA NELISSA SILVA DE OLIVEIRA;PENSIONISTAS TJA;PENSIONISTA;1948/2021; ESTATUTARIO;6431,71;;6431,71;1148,73;5282,98;
LUCAS PIETRO RAMOS BOTELHO;PENSIONISTAS TJA;PENSIONISTA;711/2021; PENSAO POR MORTE;16218,16;;16218,16;4173,01;12045,15;
LUCIA MARIA DE AZEVEDO MEDEIROS;PENSIONISTAS TJA;PENSIONISTA;780/2021; PENSAO POR MORTE;4841,85;;4841,85;51,78;4790,07;
LUCIANE DE SOUZA NUNES;PENSIONISTAS TJA;PENSIONISTA;; PENSAO POR MORTE;6514,16;;6514,16;1178,00;5336,16;
LUCINEIDE DE SOUZA PARENTE;PENSIONISTAS TJA;PENSIONISTA MAGISTRADO;; PENSAO POR MORTE;19151,75;;19151,75;1490,06;17661,69;
LUCINEIDE SIMPSON SANTIAGO;PENSIONISTAS TJA;PENSIONISTA MAGISTRADO;; PENSAO POR MORTE;28184,88;;28184,88;8451,38;19733,50;
LUIZ CESAR FALCAO DE OLIVEIRA;PENSIONISTAS TJA;PENSIONISTA MAGISTRADO;591/2021; PENSAO POR MORTE;26970,43;;26970,43;7493,13;19477,30;
LUIZA NEGREIROS BALDOINO;PENSIONISTAS TJA;PENSIONISTA;; ESTATUTARIO;3543,07;;3543,07;137,36;3405,71;
LYA MARIE VALENTIN DE SOUZA CAVALCA;PENSIONISTAS TJA;PENSIONISTA;1722/2021; ESTATUTARIO;3568,55;;3568,55;140,93;3427,62;
LYGIA DE AGUIAR CAMINHA;PENSIONISTAS TJA;PENSIONISTA;; PENSAO POR MORTE;26497,74;;26497,74;7323,95;19173,79;
MADALENA RUIS DE SOUZA;PENSIONISTAS TJA;PENSIONISTA;; PENSAO POR MORTE;2591,64;;2591,64;;2591,64;
MANOEL LUIZ VIEIRA DA SILVA;PENSIONISTAS TJA;PENSIONISTA;; PENSAO POR MORTE;4168,90;;4168,90;301,87;3867,03;
MARCIA HELENA OLIVEIRA MACIEL;PENSIONISTAS TJA;PENSIONISTA;; PENSAO POR MORTE;6143,95;;6143,95;705,17;5438,78;
MARCIA MARILIA DE OLIVEIRA ARAUJO;PENSIONISTAS TJA;PENSIONISTA MAGISTRADO;283/2017; PENSAO POR MORTE;2741,42;;2741,42;283,66;2457,76;
MARIA ALDECIRA ALBUQUERQUE ESTRELA;PENSIONISTAS TJA;PENSIONISTA MAGISTRADO;; PENSAO POR MORTE;26233,22;;26233,22;7229,28;19003,94;
MARIA ALVACY COSTA FERREIRA NOBRE;PENSIONISTAS TJA;PENSIONISTA MAGISTRADO;; PENSAO POR MORTE;33799,95;;33799,95;9937,44;23862,51;
MARIA ALVILIS CAVALCANTI MAIA PERES;PENSIONISTAS TJA;PENSIONISTA;; PENSAO POR MORTE;29175,21;;29175,21;8282,23;20892,98;
MARIA AMAZONINA GOMES FERREIRA;PENSIONISTAS TJA;PENSIONISTA;; PENSAO POR MORTE;19015,77;219,58;18796,19;4923,13;13873,06;
MARIA ANTONIA SOUZA MOTA;PENSIONISTAS TJA;PENSIONISTA;; PENSAO POR MORTE;26652,94;;26652,94;7379,50;19273,44;
MARIA BRASILINA REIS PINTO;PENSIONISTAS TJA;PENSIONISTA;; PENSAO POR MORTE;2660,06;;2660,06;41,60;2618,46;
MARIA CELESTE MARQUES DA CUNHA;PENSIONISTAS TJA;PENSIONISTA;; PENSAO POR MORTE;18444,17;;18444,17;4441,55;14002,62;
MARIA CORREA ESMERALDO DE QUEIROZ;PENSIONISTAS TJA;PENSIONISTA;; PENSAO POR MORTE;18614,94;;18614,94;5031,51;13583,43;
MARIA DA CONCEICAO BOAVENTURA LOPES;PENSIONISTAS TJA;PENSIONISTA;; PENSAO POR MORTE;20051,13;;20051,13;613,41;19437,72;
MARIA DA CONCEICAO CARVALHO;PENSIONISTAS TJA;PENSIONISTA;; PENSAO POR MORTE;7124,88;;7124,88;437,40;6687,48;
MARIA DA CONCEICAO DA SILVA MORAES;PENSIONISTAS TJA EXECUTIVO;PENSIONISTA;; ESTATUTARIO;3993,38;;3993,38;;3993,38;
MARIA DA SALETTE VELLOSO PRAIA;PENSIONISTAS TJA;PENSIONISTA;559/2020; ESTATUTARIO;8258,74;;8258,74;4198,14;4060,60;
MARIA DAGMAR RODRIGUES SILVA;PENSIONISTAS TJA;PENSIONISTA;; PENSAO POR MORTE;6399,20;;6399,20;771,37;5627,83;
MARIA DAS DORES MARINHO ROBERT;PENSIONISTAS TJA;PENSIONISTA MAGISTRADO;; PENSAO POR MORTE;37437,17;;37437,17;11239,22;26197,95;
MARIA DAS GRACAS GOMES CAVALCANTE;PENSIONISTAS TJA;PENSIONISTA;1911/2021; PENSAO POR MORTE;23531,05;;23531,05;6262,16;17268,89;
MARIA DE LOURDES BENTO;PENSIONISTAS TJA;PENSIONISTA MAGISTRADO;; PENSAO POR MORTE;35571,93;;35571,93;10571,64;25000,29;
MARIA DE NAZARETH SERRAO ROMERO;PENSIONISTAS TJA;PENSIONISTA;; PENSAO POR MORTE;4662,17;;4662,17;39,12;4623,05;
MARIA DEUZUITA DANGELO DE OLIVEIRA;PENSIONISTAS TJA;PENSIONISTA;; ESTATUTARIO;17853,64;;17853,64;4758,82;13094,82;
MARIA DO CARMO DE JESUS AZEDO GOMES;PENSIONISTAS TJA;PENSIONISTA MAGISTRADO;; PENSAO POR MORTE;35462,22;;35462,22;11239,22;24223,00;
MARIA DO CARMO GOMES DE M PIERRE;PENSIONISTAS TJA;PENSIONISTA;; PENSAO POR MORTE;25742,28;;25742,28;1619,50;24122,78;
MARIA DO CARMO REIS DE LIMA;PENSIONISTAS TJA;PENSIONISTA;; PENSAO POR MORTE;2660,06;;2660,06;;2660,06;
MARIA DO PERPETUO SOCORRO CARVALHO;PENSIONISTAS TJA;PENSIONISTA;; PENSAO POR MORTE;3273,12;;3273,12;99,55;3173,57;
MARIA DO PERPETUO SOCORRO F F PINT;PENSIONISTAS TJA;PENSIONISTA MAGISTRADO;; PENSAO POR MORTE;37437,17;;37437,17;11762,81;25674,36;
MARIA DO ROSARIO LEITE BENTES;PENSIONISTAS TJA;PENSIONISTA MAGISTRADO;1; PENSAO POR MORTE;37437,17;;37437,17;11762,81;25674,36;
MARIA DO SOCORRO BARBOSA DA S MAMED;PENSIONISTAS TJA;PENSIONISTA MAGISTRADO;; PENSAO POR MORTE;30197,49;;30197,49;1938,90;28258,59;
MARIA DO SOCORRO COSTA LIMA FARIAS;PENSIONISTAS TJA EXECUTIVO;PENSIONISTA;; ESTATUTARIO;2018,34;;2018,34;;2018,34;
MARIA DO SOCORRO FERREIRA SARAIVA;PENSIONISTAS TJA;PENSIONISTA MAGISTRADO;283/2017; PENSAO POR MORTE;12354,12;;12354,12;703,54;11650,58;
MARIA DO SOCORRO LIMA DE HOLANDA;PENSIONISTAS TJA;PENSIONISTA;; PENSAO POR MORTE;18391,85;;18391,85;5335,82;13056,03;
MARIA EUNICE TORRES DO NASCIMENTO;PENSIONISTAS TJA;PENSIONISTA;; PENSAO POR MORTE;26051,51;;26051,51;7164,25;18887,26;
MARIA FERREIRA DE CASTRO;PENSIONISTAS TJA;PENSIONISTA;; PENSAO POR MORTE;2708,44;;2708,44;216,28;2492,16;
MARIA GLADES LADISLAU DE SOUZA;PENSIONISTAS TJA;PENSIONISTA;; PENSAO POR MORTE;2592,87;;2592,87;36,92;2555,95;
MARIA GORETI SOTERO DE ALCANTARA;PENSIONISTAS TJA;PENSIONISTA;; PENSAO POR MORTE;7260,50;;7260,50;603,68;6656,82;
MARIA INEZ MARTINS DA SILVA;PENSIONISTAS TJA;PENSIONISTA;; PENSAO POR MORTE;6517,44;;6517,44;302,98;6214,46;
MARIA ISABEL TEIXEIRA DE M MOTA;PENSIONISTAS TJA;PENSIONISTA;; PENSAO POR MORTE;21813,93;;21813,93;843,69;20970,24;
MARIA IVANEIDE DA SILVA BERNARDES;PENSIONISTAS TJA;PENSIONISTA;; PENSAO POR MORTE;20130,54;;20130,54;5568,71;14561,83;
MARIA IZABEL BULGAS DE SOUZA;PENSIONISTAS TJA;PENSIONISTA;; PENSAO POR MORTE;5385,83;;5385,83;111,20;5274,63;
MARIA JACI OLIVEIRA DA SILVA SOUZA;PENSIONISTAS TJA;PENSIONISTA MAGISTRADO;; PENSAO POR MORTE;24043,94;;24043,94;7463,83;16580,11;
MARIA JANE DA COSTA ASSIS;PENSIONISTAS TJA;PENSIONISTA;; PENSAO POR MORTE;16737,54;;16737,54;3830,74;12906,80;
MARIA JOSE DA SILVA SOARES;PENSIONISTAS TJA EXECUTIVO;PENSIONISTA;; ESTATUTARIO;1470,17;;1470,17;;1470,17;
MARIA JOSE RODRIGUES M VASCONCELLOS;PENSIONISTAS TJA;PENSIONISTA MAGISTRADO;; PENSAO POR MORTE;38774,54;;38774,54;4436,22;34338,32;
MARIA LETICIA PAIVA DE SA NOGUEIRA;PENSIONISTAS TJA;PENSIONISTA MAGISTRADO;; PENSAO POR MORTE;30197,48;;30197,48;1938,90;28258,58;
MARIA LIGIA COELHO;PENSIONISTAS TJA;PENSIONISTA MAGISTRADO;; PENSAO POR MORTE;14749,00;;14749,00;3478,71;11270,29;
MARIA LINDOURA SIQUEIRA DE SOUZA;PENSIONISTAS TJA;PENSIONISTA;; PENSAO POR MORTE;6471,06;;6471,06;790,01;5681,05;
MARIA LUCIA DOS REIS RAMOS;PENSIONISTAS TJA;PENSIONISTA;; PENSAO POR MORTE;15184,70;;15184,70;4024,05;11160,65;
MARIA LUCIA DOS SANTOS ARAUJO;PENSIONISTAS TJA;PENSIONISTA;; PENSAO POR MORTE;2365,09;;2365,09;21,06;2344,03;
MARIA LUIZA TRINDADE DE M FREITAS;PENSIONISTAS TJA;PENSIONISTA MAGISTRADO;; PENSAO POR MORTE;35589,31;;35589,31;10363,09;25226,22;
MARIA MADALENA DOS SANTOS;PENSIONISTAS TJA EXECUTIVO;PENSIONISTA;; ESTATUTARIO;1691,01;;1691,01;;1691,01;
MARIA MARGARIDA DE OLIVEIRA BARBOSA;PENSIONISTAS TJA;PENSIONISTA;; PENSAO POR MORTE;36006,07;;36006,07;10727,02;25279,05;
MARIA MARILENE DE SOUSA JACOB;PENSIONISTAS TJA;PENSIONISTA;; PENSAO POR MORTE;30041,88;;30041,88;9722,05;20319,83;
MARIA MARLY SOUZA DE QUEIROZ;PENSIONISTAS TJA;PENSIONISTA MAGISTRADO;; PENSAO POR MORTE;33808,64;;33808,64;10356,76;23451,88;
MARIA NAIR GUIMARAES COSTA;PENSIONISTAS TJA;PENSIONISTA;; PENSAO POR MORTE;1331,76;;1331,76;;1331,76;
MARIA NEIDE DE ANDRADE BEZERRA;PENSIONISTAS TJA;PENSIONISTA;; PENSAO POR MORTE;28902,17;;28902,17;8184,51;20717,66;
MARIA PATRICIA RODRIGUES PINTO;PENSIONISTAS TJA;PENSIONISTA;; PENSAO POR MORTE;2592,87;;2592,87;36,92;2555,95;
MARIA RAIMUNDA COSTA MELO;PENSIONISTAS TJA EXECUTIVO;PENSIONISTA;; ESTATUTARIO;10256,02;;10256,02;2108,76;8147,26;
MARIA RAIMUNDA FERREIRA DE MELO;PENSIONISTAS TJA;PENSIONISTA;; PENSAO POR MORTE;14414,32;;14414,32;3526,90;10887,42;
MARIA ROZENILDE SOUZA ANGULO MORAES;PENSIONISTAS TJA;PENSIONISTA;; PENSAO POR MORTE;15887,07;;15887,07;4049,95;11837,12;
MARIA SENHORINHA TAVARES DE JESUS;PENSIONISTAS TJA;PENSIONISTA;; PENSAO POR MORTE;4438,00;;4438,00;23,32;4414,68;
MARIA SONIA ALCANTARA VLAXIO;PENSIONISTAS TJA;PENSIONISTA;604/2021; ESTATUTARIO;13946,81;;13946,81;2361,73;11585,08;
MARIA VITORIA SOUZA ARAUJO DA ROCHA;PENSIONISTAS TJA;PENSIONISTA;59/2022; ESTATUTARIO;4877,17;;4877,17;682,89;4194,28;
MARIA YOLANDA MAURO BESSA;PENSIONISTAS TJA;PENSIONISTA;; PENSAO POR MORTE;31909,91;;31909,91;9260,99;22648,92;
MARILDA LOUREIRO JACOB;PENSIONISTAS TJA;PENSIONISTA MAGISTRADO;; PENSAO POR MORTE;37437,17;;37437,17;11239,22;26197,95;
MARINAIRA DA SILVA N MOREIRA;PENSIONISTAS TJA;PENSIONISTA;; ESTATUTARIO;14355,32;;14355,32;3501,73;10853,59;
MARINALVA AROUCHA JIMENES;PENSIONISTAS TJA;PENSIONISTA MAGISTRADO;; PENSAO POR MORTE;8021,53;;8021,53;1240,00;6781,53;
MARINILDES PEREIRA DA SILVA;PENSIONISTAS TJA;PENSIONISTA;; PENSAO POR MORTE;17400,84;;17400,84;4596,63;12804,21;
MARLENE SOUZA DA CUNHA;PENSIONISTAS TJA;PENSIONISTA;; PENSAO POR MORTE;2660,06;;2660,06;;2660,06;
MARLETE VIEIRA PAIVA;PENSIONISTAS TJA;PENSIONISTA;; PENSAO POR MORTE;5300,59;;5300,59;99,14;5201,45;
MARLIDICE DE SOUZA C PERES;PENSIONISTAS TJA;PENSIONISTA;0001/2008; PENSAO POR MORTE;37283,73;1821,51;35462,22;2980,29;32481,93;
MARYLENE NERI DA CRUZ;PENSIONISTAS TJA;PENSIONISTA;; PENSAO POR MORTE;4812,02;;4812,02;471,40;4340,62;
MONICA NORMANDO CABO VERDE;PENSIONISTAS TJA;PENSIONISTA MAGISTRADO;; PENSAO POR MORTE;40005,64;712,32;39293,32;12681,62;26611,70;
NAIDE NAVEGANTE DA SILVA;PENSIONISTAS TJA;PENSIONISTA;; ESTATUTARIO;8720,89;;8720,89;961,55;7759,34;
NANCY CASTRO SEGADILHA;PENSIONISTAS TJA;PENSIONISTA MAGISTRADO;; PENSAO POR MORTE;12358,57;;12358,57;604,84;11753,73;
NECIMARES DOS SANTOS BARBOSA;PENSIONISTAS TJA;PENSIONISTA;; PENSAO POR MORTE;13627,57;;13627,57;3700,32;9927,25;
NEOMEZIA MELO DE JESUS DA SILVA;PENSIONISTAS TJA EXECUTIVO;PENSIONISTA;; ESTATUTARIO;1470,17;;1470,17;;1470,17;
NEUSA ARACY DE ARAUJO BRANDAO;PENSIONISTAS TJA;PENSIONISTA MAGISTRADO;; PENSAO POR MORTE;38169,05;;38169,05;2980,29;35188,76;
NEUSA SOARES DE SENA;PENSIONISTAS TJA;PENSIONISTA MAGISTRADO;1/1998; PENSAO POR MORTE;33800,00;;33800,00;9937,46;23862,54;
NEUZA ARCOS RITO FEITOZA;PENSIONISTAS TJA;PENSIONISTA;613/2021; PENSAO POR MORTE;28276,10;;28276,10;22161,82;6114,28;
NILZE SALIGNAC DE SOUZA MACHADO;PENSIONISTAS TJA;PENSIONISTA MAGISTRADO;; PENSAO POR MORTE;35571,93;;35571,93;10571,64;25000,29;
NIXON DA SILVA MORAES;PENSIONISTAS TJA;PENSIONISTA;; PENSAO POR MORTE;3738,62;;3738,62;205,99;3532,63;
NOEMIA GOMES SIMAS;PENSIONISTAS TJA;PENSIONISTA;; PENSAO POR MORTE;2660,06;;2660,06;;2660,06;
NOEMY CASTELLO BRANCO;PENSIONISTAS TJA - MAGIS APOSE;PENSIONISTA MAGISTRADO;001/1956; PENSAO POR MORTE;18784,78;;18784,78;4923,13;13861,65;
NURA ABNADER BATISTA;PENSIONISTAS TJA EXECUTIVO;PENSIONISTA;; ESTATUTARIO;11613,87;;11613,87;2260,31;9353,56;
ODAIZA GUALBERTO SARMENTO;PENSIONISTAS TJA;PENSIONISTA;; PENSAO POR MORTE;4727,76;;4727,76;351,88;4375,88;
ODETE FERREIRA DE LIMA;PENSIONISTAS TJA;PENSIONISTA;; PENSAO POR MORTE;2647,86;;2647,86;;2647,86;
OLINDA CARIM ANTONIO;PENSIONISTAS TJA;PENSIONISTA MAGISTRADO;; PENSAO POR MORTE;37437,17;;37437,17;11239,22;26197,95;
ORLANDA DA CONCEICAO PORTO;PENSIONISTAS TJA EXECUTIVO;PENSIONISTA;; ESTATUTARIO;2526,64;;2526,64;;2526,64;
PATRICIA MARQUES DE ANDRADE;PENSIONISTAS TJA;PENSIONISTA;; PENSAO POR MORTE;32060,85;;32060,85;9838,61;22222,24;
PAULA ANGELA VALERIO DE OLIVEIRA;PENSIONISTAS TJA;PENSIONISTA;; PENSAO POR MORTE;15516,80;;15516,80;3753,51;11763,29;
PAULA CLYVIA DANTAS DE CASTRO;PENSIONISTAS TJA;PENSIONISTA;062/2020; PENSAO POR MORTE;8014,38;;8014,38;1591,96;6422,42;
PAULO JOSE MARQUES GUALBERTO;PENSIONISTAS TJA;PENSIONISTA;; PENSAO POR MORTE;12603,90;;12603,90;636,60;11967,30;
PEDRO BENTO DA SILVA;PENSIONISTAS TJA;PENSIONISTA;; PENSAO POR MORTE;13057,41;;13057,41;2513,61;10543,80;
PEDRO FROES NUNES;PENSIONISTAS TJA;PENSIONISTA;; PENSAO POR MORTE;6911,17;;6911,17;386,52;6524,65;
PEDRO SERGIO DE OLIVEIRA PINTO;PENSIONISTAS TJA;PENSIONISTA;; ESTATUTARIO;6442,82;;6442,82;782,68;5660,14;
PELCIMIRA GONCALVES DIAS DA MOTA;PENSIONISTAS TJA;PENSIONISTA;; PENSAO POR MORTE;5783,58;;5783,58;167,46;5616,12;
RAIMUNDA DIOMELIA BATISTA DA CUNHA;PENSIONISTAS TJA;PENSIONISTA;2039/2021; ESTATUTARIO;22868,04;;22868,04;6024,87;16843,17;
RAIMUNDA DO NASCIMENTO PRINTES;PENSIONISTAS TJA;PENSIONISTA;; ESTATUTARIO;10467,73;;10467,73;1946,42;8521,31;
RAIMUNDA FATIMA RIBEIRO SARAIVA;PENSIONISTAS TJA;PENSIONISTA;; PENSAO POR MORTE;17167,92;;17167,92;4351,42;12816,50;
RAIMUNDA LIMA DE OLIVEIRA;PENSIONISTAS TJA;PENSIONISTA;; PENSAO POR MORTE;20522,36;;20522,36;5191,13;15331,23;
RAIMUNDA MARIANO DE SOUZA REMEDIOS;PENSIONISTAS TJA;PENSIONISTA;; PENSAO POR MORTE;11280,68;;11280,68;1877,71;9402,97;
RAIMUNDA MILITAO ALVES;PENSIONISTAS TJA;PENSIONISTA;; PENSAO POR MORTE;24848,25;;24848,25;6733,59;18114,66;
RAIMUNDA MORAES DA SILVA;PENSIONISTAS TJA;PENSIONISTA MAGISTRADO;; PENSAO POR MORTE;34437,02;;34437,02;2496,23;31940,79;
RAIMUNDA NILZA DE SA FERREIRA;PENSIONISTAS TJA;PENSIONISTA;; PENSAO POR MORTE;31082,72;;31082,72;8973,71;22109,01;
RAIMUNDA RODRIGUES DA SILVA;PENSIONISTAS TJA;PENSIONISTA;; PENSAO POR MORTE;4299,53;;4299,53;13,57;4285,96;
RAIMUNDA SERRAO DOS SANTOS;PENSIONISTAS TJA;PENSIONISTA;; PENSAO POR MORTE;4144,92;;4144,92;493,61;3651,31;
RAIMUNDO OLIVEIRA DE SOUZA;PENSIONISTAS TJA;PENSIONISTA;; PENSAO POR MORTE;5601,10;;5601,10;141,65;5459,45;
RAMAYANA ARAUJO LEITE;PENSIONISTAS TJA;PENSIONISTA MAGISTRADO;283/2017; PENSAO POR MORTE;12128,72;;12128,72;3100,46;9028,26;
RAPHAEL LOFIEGO GONCALVES CACAU;PENSIONISTAS TJA;PENSIONISTA;; PENSAO POR MORTE;2708,44;;2708,44;216,28;2492,16;
REJANE MARIA DOS SANTOS O MEDEIROS;PENSIONISTAS TJA;PENSIONISTA;; PENSAO POR MORTE;3259,41;;3259,41;97,63;3161,78;
RENATO FERREIRA SOARES;PENSIONISTAS TJA;PENSIONISTA;; PENSAO POR MORTE;8384,85;;8384,85;1364,87;7019,98;
RENILDA LUCIA LOPES VIEIRA;PENSIONISTAS TJA;PENSIONISTA;; PENSAO POR MORTE;20492,80;;20492,80;5698,36;14794,44;
RENILDES SALDANHA VERAS BEZERRA;PENSIONISTAS TJA;PENSIONISTA;; PENSAO POR MORTE;23188,90;;23188,90;6139,71;17049,19;
RICARDO LEVI CORDEIRO CAMARA;PENSIONISTAS TJA;PENSIONISTA;; ESTATUTARIO;5177,37;;5177,37;713,07;4464,30;
RITA BARRETO DE VASCONCELOS;PENSIONISTAS TJA;PENSIONISTA;; PENSAO POR MORTE;19433,81;;19433,81;5319,34;14114,47;
ROSA DE LIMA CAVALCANTE;PENSIONISTAS TJA;PENSIONISTA;; PENSAO POR MORTE;38263,38;2801,16;35462,22;2980,29;32481,93;
ROSA TOMAZ LITAIFF;PENSIONISTAS TJA;PENSIONISTA;; PENSAO POR MORTE;15288,98;;15288,98;3644,00;11644,98;
ROSALINA SILVESTRE DE OLIVEIRA;PENSIONISTAS TJA;PENSIONISTA;; PENSAO POR MORTE;13038,98;;13038,98;3320,47;9718,51;
ROSENILDE DA SILVA TOMAS;PENSIONISTAS TJA;PENSIONISTA;; PENSAO POR MORTE;12716,20;;12716,20;2915,08;9801,12;
ROSILANE BENTES FARIAS;PENSIONISTAS TJA;PENSIONISTA;; PENSAO POR MORTE;16737,54;;16737,54;4354,34;12383,20;
ROSILDA PINTO RODRIGUES DA SILVA;PENSIONISTAS TJA;PENSIONISTA;; PENSAO POR MORTE;4436,98;;4436,98;23,25;4413,73;
ROSILETH FRAGOSO CAMPOS;PENSIONISTAS TJA;PENSIONISTA;; PENSAO POR MORTE;5176,44;;5176,44;81,58;5094,86;
ROSSICLER DA MATTA LUSTOSA;PENSIONISTAS TJA;PENSIONISTA;; PENSAO POR MORTE;35969,37;;35969,37;10713,89;25255,48;
ROZELI FERREIRA SOBRAL ASTUTO;PENSIONISTAS TJA;PENSIONISTA;; PENSAO POR MORTE;25642,46;;25642,46;7548,68;18093,78;
RUI ALVES DE FREITAS;PENSIONISTAS TJA;PENSIONISTA;1; PENSAO POR MORTE;16879,00;;16879,00;4242,64;12636,36;
RUTH ARAUJO DABELLA SIQUEIRA;PENSIONISTAS TJA;PENSIONISTA MAGISTRADO;; PENSAO POR MORTE;9451,30;;9451,30;2178,17;7273,13;
SAFIRA LOFIEGO MENEZES CACAU;PENSIONISTAS TJA;PENSIONISTA;; PENSAO POR MORTE;2708,44;;2708,44;216,28;2492,16;
SAMANTA VILHENA DE CASTRO;PENSIONISTAS TJA;PENSIONISTA;062/2020; PENSAO POR MORTE;8014,38;;8014,38;1591,96;6422,42;
SANDERSON FURTADO DOS SANTOS;PENSIONISTAS TJA;PENSIONISTA;1; PENSAO POR MORTE;3154,17;;3154,17;118,33;3035,84;
SANDOMARA ALVES VIANA;PENSIONISTAS TJA;PENSIONISTA MAGISTRADO;; PENSAO POR MORTE;5459,16;;5459,16;904,19;4554,97;
SANDRA AUGUSTA FORTES LEITE;PENSIONISTAS TJA;PENSIONISTA;; PENSAO POR MORTE;42359,43;4223,45;38135,98;2980,29;35155,69;
SELMA SA VALENTE;PENSIONISTAS TJA;PENSIONISTA;; PENSAO POR MORTE;19015,77;219,58;18796,19;4923,13;13873,06;
SHEILA MARIA RAMOS TENORIO;PENSIONISTAS TJA;PENSIONISTA;347/2021; ESTATUTARIO;6696,49;;6696,49;848,47;5848,02;
SHIRLEY CASTELO BRANCO MONTEIRO;PENSIONISTAS TJA;PENSIONISTA;; PENSAO POR MORTE;22256,02;;22256,02;5805,83;16450,19;
SHIRLEY KELY ABREU LIMA;PENSIONISTAS TJA;PENSIONISTA;; PENSAO POR MORTE;2884,41;;2884,41;57,38;2827,03;
SHIRLEY SANTA CRUZ MACHADO;PENSIONISTAS TJA EXECUTIVO;PENSIONISTA;; ESTATUTARIO;13263,93;;13263,93;2881,56;10382,37;
SILEUZA DE FREITAS RAMOS;PENSIONISTAS TJA EXECUTIVO;PENSIONISTA;1; ESTATUTARIO;1470,17;;1470,17;;1470,17;
SILMA EVANGELISTA ARAUJO;PENSIONISTAS TJA EXECUTIVO;PENSIONISTA;; ESTATUTARIO;3108,91;;3108,91;;3108,91;
SOCORRO MARIA ARAUJO MELO;PENSIONISTAS TJA;PENSIONISTA;; PENSAO POR MORTE;10326,15;;10326,15;1538,97;8787,18;
SOLANGE ENEIDA FORTES PAPALEO;PENSIONISTAS TJA;PENSIONISTA;843/2021; PENSAO POR MORTE;17302,26;;17302,26;11877,78;5424,48;
SONIA ALVES DE LIMA;PENSIONISTAS TJA;PENSIONISTA MAGISTRADO;; PENSAO POR MORTE;17498,78;;17498,78;5274,19;12224,59;
SONIA DAS GRACAS DE M L S RIBEIRO;PENSIONISTAS TJA;PENSIONISTA;; PENSAO POR MORTE;15748,64;;15748,64;3817,06;11931,58;
SUELY DE CASTRO E SILVA;PENSIONISTAS TJA;PENSIONISTA;; PENSAO POR MORTE;21926,08;;21926,08;5693,92;16232,16;
SUZANA MARQUES DE AQUINO;PENSIONISTAS TJA;PENSIONISTA;1283/2021; PENSAO POR MORTE;2744,68;;2744,68;47,49;2697,19;
TANIA SIRLIS CAVALCANTE VALENTE;PENSIONISTAS TJA;PENSIONISTA;; ESTATUTARIO;5768,18;;5768,18;973,07;4795,11;
TELMA BEATRIZ MENDES DE MOURA;PENSIONISTAS TJA;PENSIONISTA MAGISTRADO;; PENSAO POR MORTE;27126,41;;27126,41;7548,96;19577,45;
TEREZA NUNES RODRIGUES;PENSIONISTAS TJA;PENSIONISTA;; PENSAO POR MORTE;17132,73;;17132,73;3972,18;13160,55;
TEREZINHA BENTES DE OLIVEIRA;PENSIONISTAS TJA;PENSIONISTA;; PENSAO POR MORTE;29183,51;;29183,51;1809,39;27374,12;
TEREZINHA DE JESUS ALENCAR DA SILVA;PENSIONISTAS TJA;PENSIONISTA;; PENSAO POR MORTE;21722,13;;21722,13;5614,74;16107,39;
TEREZINHA DE JESUS PALMELA DE MELO;PENSIONISTAS TJA EXECUTIVO;PENSIONISTA;; ESTATUTARIO;10256,02;;10256,02;2108,76;8147,26;
THEREZA ANDRADE GONCALVES;PENSIONISTAS TJA - MAGIS APOSE;PENSIONISTA MAGISTRADO;50/1983; PENSAO POR MORTE;17852,16;;17852,16;4589,34;13262,82;
THEREZA CHRISTINNA OLIVEIRA V DIAS;PENSIONISTAS TJA;PENSIONISTA;; PENSAO POR MORTE;7133,61;;7133,61;1456,77;5676,84;
THIAGO JOSE SA VALENTE;PENSIONISTAS TJA;PENSIONISTA;; ESTATUTARIO;5768,18;;5768,18;973,07;4795,11;
VALDENICE PEREIRA DOS SANTOS;PENSIONISTAS TJA;PENSIONISTA MAGISTRADO;; PENSAO POR MORTE;28434,12;;28434,12;8540,59;19893,53;
VALDEREZ DE MATOS LEITE;PENSIONISTAS TJA;PENSIONISTA;; PENSAO POR MORTE;21026,91;;21026,91;740,88;20286,03;
VILMA GRANJEIRO DE FREITAS;PENSIONISTAS TJA;PENSIONISTA;; PENSAO POR MORTE;2660,06;;2660,06;41,60;2618,46;
WANDA CLICIA DO CARMO DE ARAUJO;PENSIONISTAS TJA;PENSIONISTA;; PENSAO POR MORTE;11938,00;;11938,00;;11938,00;
WILSON DA SILVA MARINHO;PENSIONISTAS TJA;PENSIONISTA;; PENSAO POR MORTE;4158,54;;4158,54;26,29;4132,25;
ZULMIRA CINTRA SOARES;PENSIONISTAS TJA EXECUTIVO;PENSIONISTA;; ESTATUTARIO;17731,11;;17731,11;4923,13;12807,98;
