NOME;LOTACAO;CARGO;FUNCAO;VINCULO;REMUNERACAO LEGAL TOTAL(R$);DESC.TETO(R$); REMUNERACAO LEGAL DEVIDA(R$);DESCONTOS LEGAIS(R$);LIQUIDO DISPONIVEL(R$);
ADELINA DA CUNHA PARENTE BISNETA;APOSENTADOS PGJ - SERVIDORES;AGENTE DE APOIO-ADMINISTRATIVO;; ESTATUTARIO;18759,03;;18759,03;5024,14;13734,89;
AGUINALDO CONCY DE SOUZA;APOSENTADOS PGJ - MEMBROS;PROMOTOR DE JUSTICA DE 2 ENTRANCIA;; ESTATUTARIO;35615,58;;35615,58;10571,65;25043,93;
AGUINELO BALBI;APOSENTADOS PGJ - MEMBROS;PROCURADOR DE JUSTICA;; ESTATUTARIO;38169,05;;38169,05;2980,29;35188,76;
ALBERTO NUNES LOPES;APOSENTADOS PGJ - MEMBROS;PROCURADOR DE JUSTICA;; ESTATUTARIO;37480,80;;37480,80;13209,09;24271,71;
ALFREDO DA SILVA SANTANA;APOSENTADOS PGJ - MEMBROS;PROMOTOR DE JUSTICA DE 2 ENTRANCIA;; ESTATUTARIO;38169,05;;38169,05;2980,29;35188,76;
ANA MARIA DUARTE ESTEVES;APOSENTADOS PGJ - MEMBROS;PROCURADOR DE JUSTICA;; ESTATUTARIO;37480,80;;37480,80;11239,22;26241,58;
ANTONIO ALVES SANTANA;APOSENTADOS PGJ - MEMBROS;PROMOTOR DE JUSTICA DE 2 ENTRANCIA;; ESTATUTARIO;35619,92;;35619,92;9800,16;25819,76;
ANTONIO GUEDES DA SILVA;APOSENTADOS PGJ - MEMBROS;PROCURADOR DE JUSTICA;; ESTATUTARIO;37485,15;;37485,15;11187,08;26298,07;
ANTONIO RAIMUNDO BARROS DE CARVALHO;APOSENTADOS PGJ - MEMBROS;PROMOTOR DE JUSTICA DE 2 ENTRANCIA;; ESTATUTARIO;35615,58;;35615,58;10571,65;25043,93;
ARISTARCHO DE ARAUJO JORGE MELLO;APOSENTADOS PGJ - MEMBROS;PROCURADOR DE JUSTICA;; ESTATUTARIO;37485,15;;37485,15;11187,08;26298,07;
AUREA MARCIA BITTENCOURT KARAM;APOSENTADOS PGJ - MEMBROS;PROCURADOR DE JUSTICA;; ESTATUTARIO;38169,05;;38169,05;2980,29;35188,76;
BERNARDO JOSE ANTUNES;APOSENTADOS PGJ - MEMBROS;PROMOTOR DE JUSTICA DE 2 ENTRANCIA;; ESTATUTARIO;38169,05;;38169,05;2980,29;35188,76;
CANDIDO HONORIO FERREIRA FILHO;APOSENTADOS PGJ - MEMBROS;PROMOTOR DE JUST.DE ENTRANCIA FINAL;; ESTATUTARIO;35619,92;;35619,92;10519,51;25100,41;
CARLOS ANTONIO FERREIRA COELHO;APOSENTADOS PGJ - MEMBROS;PROCURADOR DE JUSTICA;; ESTATUTARIO;37480,80;;37480,80;11239,22;26241,58;
CHRISTIANE RODRIGUES BRAND;APOSENTADOS PGJ - MEMBROS;PROMOTOR DE JUS.ENTRANCIA INICIAL;; ESTATUTARIO;11626,59;;11626,59;1916,80;9709,79;
CLODUALDO DE SOUZA PINHEIRO;APOSENTADOS PGJ - MEMBROS;PROMOTOR DE JUSTICA DE 2 ENTRANCIA;; ESTATUTARIO;37480,80;;37480,80;17537,66;19943,14;
COLMAR RABELO DE MEDEIROS;APOSENTADOS PGJ - MEMBROS;PROMOTOR DE JUSTICA DE 2 ENTRANCIA;; ESTATUTARIO;38169,05;;38169,05;2980,29;35188,76;
CRISTOVAO DE ALBUQUERQUE A FILHO;APOSENTADOS PGJ - MEMBROS;PROCURADOR DE JUSTICA;; ESTATUTARIO;37480,80;;37480,80;12117,92;25362,88;
DEBORA CASSIA NERY DE MENDONCA;APOSENTADOS PGJ - SERVIDORES;AGENTE TECNICO-JURIDICO;AG TEC JURIDICO; ESTATUTARIO;18220,26;;18220,26;5183,15;13037,11;
EDILSON FREIRE;APOSENTADOS PGJ - MEMBROS;PROMOTOR DE JUSTICA DE 2 ENTRANCIA;; ESTATUTARIO;37485,15;;37485,15;11187,08;26298,07;
ELIAS DE OLIVEIRA CHAVES;APOSENTADOS PGJ - MEMBROS;PROMOTOR DE JUSTICA DE 2 ENTRANCIA;; ESTATUTARIO;38169,05;;38169,05;2980,29;35188,76;
EVANDRO DA SILVA ISOLINO;APOSENTADOS PGJ - MEMBROS;PROMOTOR DE JUST.DE ENTRANCIA FINAL;PROMOTOR DE JUSTICA; ESTATUTARIO;33689,12;;33689,12;11095,24;22593,88;
EVANDRO PAES DE FARIAS;APOSENTADOS PGJ - MEMBROS;PROCURADOR DE JUSTICA;; ESTATUTARIO;38482,39;;38482,39;3021,22;35461,17;
FELIPE ANTONIO DE CARVALHO;APOSENTADOS PGJ - MEMBROS;PROMOTOR DE JUSTICA DE 2 ENTRANCIA;; ESTATUTARIO;37485,15;;37485,15;11187,08;26298,07;
FERNANDO ANTONIO FERREIRA LOPES;APOSENTADOS PGJ - MEMBROS;PROMOTOR DE JUSTICA DE 2 ENTRANCIA;; ESTATUTARIO;37480,80;;37480,80;11239,22;26241,58;
FERNANDO FLORENCIO DA SILVA;APOSENTADOS PGJ - MEMBROS;PROCURADOR DE JUSTICA;; ESTATUTARIO;38169,05;;38169,05;2980,29;35188,76;
FLAVIO QUEIROZ DE PAULA;APOSENTADOS PGJ - MEMBROS;PROMOTOR DE JUSTICA DE 2 ENTRANCIA;; ESTATUTARIO;37480,80;;37480,80;11239,22;26241,58;
FRANCISCO ASSIS NOGUEIRA;APOSENTADOS PGJ - MEMBROS;PROCURADOR DE JUSTICA;; ESTATUTARIO;38169,05;;38169,05;2980,29;35188,76;
FRANCISCO GOMES DA SILVA;APOSENTADOS PGJ - MEMBROS;PROMOTOR DE JUSTICA DE 1 ENTRANCIA;; ESTATUTARIO;37485,15;;37485,15;11187,08;26298,07;
FRANCISCO JOSE DE MENEZES;APOSENTADOS PGJ - MEMBROS;PROMOTOR DE JUSTICA DE 2 ENTRANCIA;; ESTATUTARIO;37480,80;;37480,80;11239,22;26241,58;
FREDERICO MONTEIRO BARROSO;APOSENTADOS PGJ - MEMBROS;PROCURADOR DE JUSTICA;; ESTATUTARIO;37485,15;;37485,15;11187,08;26298,07;
GISLAINE MELO DE OLIVEIRA H MELO;APOSENTADOS PGJ - SERVIDORES;AGENTE DE SERVICO-ADMINISTRATIVO;; ESTATUTARIO;3872,51;;3872,51;125,97;3746,54;
GUIOMAR FELICIA DOS SANTOS CASTRO;APOSENTADOS PGJ - MEMBROS;PROMOTOR DE JUST.DE ENTRANCIA FINAL;; ESTATUTARIO;35571,94;;35571,94;10375,89;25196,05;
HELIANE NOGUEIRA DE ARRUDA;APOSENTADOS PGJ - SERVIDORES;TECNICO DO MINISTERIO PUBLICO;; ESTATUTARIO;16246,02;;16246,02;4178,41;12067,61;
HILZE MARIA COUTINHO;APOSENTADOS PGJ - SERVIDORES;TECNICO DO MINISTERIO PUBLICO;; ESTATUTARIO;15167,13;;15167,13;;15167,13;
IVETE DE QUEIROZ SALES;APOSENTADOS PGJ - SERVIDORES;TECNICO DO MINISTERIO PUBLICO;; ESTATUTARIO;14962,34;;14962,34;2856,47;12105,87;
IZABEL CHRISTINA CHRISOSTOMO;APOSENTADOS PGJ - MEMBROS;PROMOTOR DE JUST.DE ENTRANCIA FINAL;; ESTATUTARIO;36268,88;;36268,88;2732,06;33536,82;
JAIME TOURINHO FERNANDEZ;APOSENTADOS PGJ - MEMBROS;PROCURADOR DE JUSTICA;; ESTATUTARIO;37480,80;;37480,80;11239,22;26241,58;
JOAO DE HOLANDA FARIAS;APOSENTADOS PGJ - MEMBROS;PROMOTOR DE JUST.DE ENTRANCIA FINAL;PROMOTOR DE JUSTICA; ESTATUTARIO;35571,94;;35571,94;11095,24;24476,70;
JOAO FLORENCIO DE MENEZES;APOSENTADOS PGJ - MEMBROS;PROMOTOR DE JUSTICA DE 2 ENTRANCIA;; ESTATUTARIO;37485,15;;37485,15;11187,08;26298,07;
JOAO VALENTE DE AZEVEDO;APOSENTADOS PGJ - MEMBROS;PROMOTOR DE JUSTICA DE 2 ENTRANCIA;; ESTATUTARIO;38169,05;;38169,05;2980,29;35188,76;
JOAQUINA JERONIMO PORTELA;APOSENTADOS PGJ - SERVIDORES;TECNICO DO MINISTERIO PUBLICO;; ESTATUTARIO;14956,87;;14956,87;2836,65;12120,22;
JONAS NETO CAMELO;APOSENTADOS PGJ - MEMBROS;PROMOTOR DE JUSTICA DE 2 ENTRANCIA;; ESTATUTARIO;23675,47;;23675,47;5285,21;18390,26;
JONES KARRER DE CASTRO MONTEIRO;APOSENTADOS PGJ - MEMBROS;PROMOTOR DE JUSTICA DE 2 ENTRANCIA;; ESTATUTARIO;37480,80;;37480,80;11239,22;26241,58;
JOQUEBEDE DE OLIVEIRA SOUZA;APOSENTADOS PGJ - MEMBROS;PROMOTOR DE JUSTICA DE 2 ENTRANCIA;; ESTATUTARIO;37485,15;;37485,15;11187,08;26298,07;
JOSE BENTO COSME;APOSENTADOS PGJ - MEMBROS;PROMOTOR DE JUSTICA DE 2 ENTRANCIA;; ESTATUTARIO;37485,15;;37485,15;11187,08;26298,07;
JOSE HERIVELTO PEREIRA DE OLIVEIRA;APOSENTADOS PGJ - MEMBROS;PROMOTOR DE JUST.DE ENTRANCIA FINAL;; ESTATUTARIO;37485,15;;37485,15;11187,08;26298,07;
JOSE MARIA LOPES;APOSENTADOS PGJ - MEMBROS;PROCURADOR DE JUSTICA;; ESTATUTARIO;37480,80;;37480,80;11239,22;26241,58;
JOSE ROQUE NUNES MARQUES;APOSENTADOS PGJ - MEMBROS;PROCURADOR DE JUSTICA;PROCURADOR DE JUSTIC; ESTATUTARIO;37437,17;;37437,17;11762,81;25674,36;
LEA REGINA PEREIRA MATTOS;APOSENTADOS PGJ - MEMBROS;PROMOTOR DE JUSTICA DE 2 ENTRANCIA;; ESTATUTARIO;33689,12;;33689,12;2732,06;30957,06;
LORENA DE VERCOSA OLIVA;APOSENTADOS PGJ - MEMBROS;PROMOTOR DE JUST.DE ENTRANCIA FINAL;; ESTATUTARIO;35571,94;;35571,94;11095,24;24476,70;
LUIZ FELIX CONCEICAO SANTOS;APOSENTADOS PGJ - MEMBROS;PROCURADOR DE JUSTICA;; ESTATUTARIO;37480,80;;37480,80;11239,22;26241,58;
LUIZ TADEU CALDERONI;APOSENTADOS PGJ - MEMBROS;PROMOTOR DE JUSTICA DE 2 ENTRANCIA;; ESTATUTARIO;38169,05;;38169,05;2980,29;35188,76;
LUPERCINO DE SA NOGUEIRA FILHO;APOSENTADOS PGJ - MEMBROS;PROCURADOR DE JUSTICA;; ESTATUTARIO;37480,80;;37480,80;17503,09;19977,71;
MANUEL EDMUNDO MARIANO DA SILVA;APOSENTADOS PGJ - MEMBROS;PROMOTOR DE JUSTICA DE 2 ENTRANCIA;; ESTATUTARIO;37480,80;;37480,80;11239,22;26241,58;
MARCELO AUDAY DE PINHO;APOSENTADOS PGJ - SERVIDORES;AGENTE TECNICO-JURIDICO;TECNICO JURIDICO; ESTATUTARIO;15616,26;;15616,26;3443,84;12172,42;
MARIA CRISTINA VIEIRA DA ROCHA;APOSENTADOS PGJ - MEMBROS;PROMOTOR DE JUST.DE ENTRANCIA FINAL;PROMOTOR DE JUSTICA; ESTATUTARIO;33689,12;;33689,12;10571,65;23117,47;
MARIA DA CONCEICAO SILVA SANTIAGO;APOSENTADOS PGJ - SERVIDORES;PROMOTOR DE JUST.DE ENTRANCIA FINAL;; ESTATUTARIO;35615,58;;35615,58;10571,65;25043,93;
MARIA DAS DORES PIMENTEL;APOSENTADOS PGJ - SERVIDORES;TECNICO DO MINISTERIO PUBLICO;; ESTATUTARIO;15879,72;;15879,72;3179,24;12700,48;
MARIA DE JESUS DE ARAUJO CORREA;APOSENTADOS PGJ - SERVIDORES;AGENTE DE APOIO-ADMINISTRATIVO;; ESTATUTARIO;14170,59;;14170,59;;14170,59;
MARIA ELOISA GUIMARAES DA COSTA;APOSENTADOS PGJ - SERVIDORES;AGENTE DE APOIO-ADMINISTRATIVO;; ESTATUTARIO;15292,81;;15292,81;3298,05;11994,76;
MARIA GORETH DOS SANTOS CAMPOS;APOSENTADOS PGJ - SERVIDORES;AGENTE DE SERVICO-ADMINISTRATIVO;; ESTATUTARIO;8975,24;;8975,24;;8975,24;
MARIA HELENA ANTONIO M ABINADER;APOSENTADOS PGJ - MEMBROS;PROCURADOR DE JUSTICA;; ESTATUTARIO;37480,80;;37480,80;11239,22;26241,58;
MARIA JOSE SILVA DE AQUINO;APOSENTADOS PGJ - MEMBROS;PROCURADOR DE JUSTICA;; ESTATUTARIO;37480,80;;37480,80;11239,22;26241,58;
MARIA NAZARETH DA PENHA V MOTA;APOSENTADOS PGJ - MEMBROS;PROMOTOR DE JUSTICA DE 2 ENTRANCIA;; ESTATUTARIO;37480,80;;37480,80;11239,22;26241,58;
MARIA NEIDE DE ANDRADE BEZERRA;APOSENTADOS PGJ - MEMBROS;PROMOTOR DE JUSTICA DE 1 ENTRANCIA;; ESTATUTARIO;34463,70;;34463,70;3496,23;30967,47;
MERITA AZULAY CARDOSO SOARES;APOSENTADOS PGJ - MEMBROS;PROCURADOR DE JUSTICA;; ESTATUTARIO;38169,05;;38169,05;2980,29;35188,76;
NICOLAU SILVA DE OLIVEIRA;APOSENTADOS PGJ - MEMBROS;PROMOTOR DE JUSTICA DE 2 ENTRANCIA;; ESTATUTARIO;37489,49;;37489,49;11134,94;26354,55;
NILZA RODRIGUES DE ALMEIDA;APOSENTADOS PGJ - MEMBROS;PROMOTOR DE JUSTICA DE 2 ENTRANCIA;; ESTATUTARIO;37480,80;;37480,80;11239,22;26241,58;
NOEME TOBIAS DE SOUZA;APOSENTADOS PGJ - MEMBROS;PROCURADOR DE JUSTICA;PROCURADOR JUSTICA; ESTATUTARIO;35462,22;;35462,22;11239,22;24223,00;
ORLANDO DOS SANTOS SANTIAGO;APOSENTADOS PGJ - MEMBROS;PROCURADOR DE JUSTICA;; ESTATUTARIO;38169,05;;38169,05;2980,29;35188,76;
OTAVIO DE SOUZA GOMES;APOSENTADOS PGJ - MEMBROS;PROMOTOR DE JUST.DE ENTRANCIA FINAL;; ESTATUTARIO;35576,29;;35576,29;11043,11;24533,18;
PEDRO DA SILVA COSTA;APOSENTADOS PGJ - MEMBROS;PROCURADOR DE JUSTICA;; ESTATUTARIO;37480,80;;37480,80;11239,22;26241,58;
RAIMUNDO DAVID JERONIMO;APOSENTADOS PGJ - MEMBROS;PROMOTOR DE JUST.DE ENTRANCIA FINAL;; ESTATUTARIO;35615,58;;35615,58;10571,65;25043,93;
RAIMUNDO DO NASCIMENTO OLIVEIRA;APOSENTADOS PGJ - MEMBROS;PROMOTOR DE JUST.DE ENTRANCIA FINAL;; ESTATUTARIO;35571,94;;35571,94;11095,24;24476,70;
RONALDO ANDRADE;APOSENTADOS PGJ - MEMBROS;PROMOTOR DE JUST.DE ENTRANCIA FINAL;; ESTATUTARIO;35580,63;;35580,63;16391,46;19189,17;
SALVADOR CONTE;APOSENTADOS PGJ - MEMBROS;PROCURADOR DE JUSTICA;; ESTATUTARIO;37480,80;;37480,80;11239,22;26241,58;
SANDRA MARIA CABRAL M B RAMALHO;APOSENTADOS PGJ - MEMBROS;PROMOTOR DE JUST.DE ENTRANCIA FINAL;; ESTATUTARIO;35615,58;;35615,58;9852,30;25763,28;
SILVANA MARIA MENDONCA PINTO SANTOS;APOSENTADOS PGJ - SERVIDORES;PROCURADOR DE JUSTICA;; ESTATUTARIO;37480,80;;37480,80;11239,22;26241,58;
TELMA MARTINS MACIEL;APOSENTADOS PGJ - MEMBROS;PROCURADOR DE JUSTICA;; ESTATUTARIO;37480,80;;37480,80;11239,22;26241,58;
THIAGO FONSECA FRANCA DA COSTA;APOSENTADOS PGJ - SERVIDORES;AGENTE DE SERVICO-ADMINISTRATIVO;AGENTE DE SERVICO; ESTATUTARIO;1733,39;;1733,39;;1733,39;
VICENTE AUGUSTO CRUZ OLIVEIRA;APOSENTADOS PGJ - MEMBROS;PROCURADOR DE JUSTICA;; ESTATUTARIO;38169,05;;38169,05;2980,29;35188,76;
