NOME;LOTACAO;CARGO;FUNCAO;VINCULO;REMUNERACAO LEGAL TOTAL(R$);DESC.TETO(R$); REMUNERACAO LEGAL DEVIDA(R$);DESCONTOS LEGAIS(R$);LIQUIDO DISPONIVEL(R$);
ADRIANA ANDRADE RAPOSO;FUND.DERM.TROP.VEN.ALFRED.MATA;MEDICO ESPECIALISTA;; ESTATUTARIO;9499,00;;9499,00;2652,67;6846,33;
ADRIANO PLACIDO DA ROCHA SOBRAL;FUND.DERM.TROP.VEN.ALF.DA MATA;AGENTE ADM.-AGA-T.S.N.A.-E;GERENTE; ESTATUTARIO;6621,21;;6621,21;991,63;5629,58;
AGLIMAR COSTA BARRONCAS;FUND.DERM.TROP.VEN.ALFRED.MATA;AUXILIAR DE ENFERMAGEM A;GERENTE; ESTATUTARIO;6776,98;;6776,98;1050,28;5726,70;
ALESSANDRA MARIA MOURA S SOUZA;FUND.DERM.TROP.VEN.ALFRED.MATA;GERENTE;GERENTE AD-2; CARGO COMISSION.S/VINCULO;4693,27;;4693,27;678,44;4014,83;
ALESSANDRA MARQUES NASCIMENTO;FUND.DERM.TROP.VEN.ALF.DA MATA;AGENTE ADM.-AGA-T.S.N.A.-E;SUBGERENTE; ESTATUTARIO;5621,21;;5621,21;670,29;4950,92;
ALEXANDRA DE FREITAS COSTA;FUND.DERM.TROP.VEN.ALFRED.MATA;TECNICO DE SAUDE EM DERMATOLOGIA;TED DE SAUDE DERMAT; ESTATUTARIO;3298,59;;3298,59;409,06;2889,53;
ALFREDO VIDAL DA SILVA JUNIOR;FUND.DERM.TROP.VEN.ALF.DA MATA;AGENTE ADM.-AGA-T.S.N.A.-E;ASSESSOR III; ESTATUTARIO;5621,21;;5621,21;716,63;4904,58;
ALINE BASILICE CIPRIANO GUERREIRO;FUND.DERM.TROP.VEN.ALF.DA MATA;ENFERMEIRO-ENF-P.S.N.S.-A;; ESTATUTARIO;7797,48;;7797,48;1840,49;5956,99;
ALVARO LUIS BRANDAO DE FREITAS;FUND.DERM.TROP.VEN.ALFRED.MATA;TECNICO EM DERMAT SANITARIA;; ESTATUTARIO;4385,97;;4385,97;580,60;3805,37;
AMANDA COSTA DA SILVA;FUND.DERM.TROP.VEN.ALFRED.MATA;AUXILIAR DE ENFERMAGEM A;AUX. DE ENFERMAGEM; ESTATUTARIO;2362,34;;2362,34;316,30;2046,04;
AMAURI DAMASCENO PASSOS;FUND.DERM.TROP.VEN.ALFRED.MATA;TECNICO EM DERMAT SANITARIA;; ESTATUTARIO;3616,79;;3616,79;474,13;3142,66;
ANA CELIA DA SILVA MOURA;FUND.DERM.TROP.VEN.ALFRED.MATA;FARMACEUTICO;FARMACEUTICO; ESTATUTARIO;9096,08;;9096,08;2141,02;6955,06;
ANA CLAUDIA ARAUJO LOPES C CAMILLO;FUND.DERM.TROP.VEN.ALFRED.MATA;ENFERMEIRO-ENF-P.S.N.S.-B;ENFERMEIRA; ESTATUTARIO;8871,59;;8871,59;2244,89;6626,70;
ANA CRISTINA DE LIMA MIRANDA;FUND.DERM.TROP.VEN.ALFRED.MATA;TECNICO DE PATOLOGIA CLINICA A;TEC. PATOL. CLINICA; ESTATUTARIO;3486,29;;3486,29;405,65;3080,64;
ANA CRISTINA MEZA BATAGINI;FUND.DERM.TROP.VEN.ALFRED.MATA;CIR.DENT.-CCRD-P.S.N.S.-A;CIRURGIAO DENTISTA; ESTATUTARIO;7797,48;;7797,48;1840,49;5956,99;
ANA LUCIA ALVES DE MESQUITA;FUND.DERM.TROP.VEN.ALFRED.MATA;TECNICO DE SAUDE EM DERMATOLOGIA;SUBGERENTE; ESTATUTARIO;6298,59;;6298,59;971,66;5326,93;
ANA VERONICA MATIAS P DAMASCENO;FUND.DERM.TROP.VEN.ALFRED.MATA;TEC.DE PAT.CLINICA-TPC-P.S.N.M.-A;TEC. PATOLOGIA; ESTATUTARIO;3486,29;;3486,29;391,43;3094,86;
ANDRE LUIZ LETURIONDO;FUND.DERM.TROP.VEN.ALFRED.MATA;FARMACEUTICO BIOQUIMICO A;FARMAC. BIOQUIMICO; ESTATUTARIO;8290,46;;8290,46;2026,10;6264,36;
ANDRE LUIZ LETURIONDO;FUND.DERM.TROP.VEN.ALF.DA MATA;FARMAC.BIOQ. -FAB-P.S.N.S.-A;FARMAC. BIOQUIMICO; ESTATUTARIO;7789,06;;7789,06;2063,22;5725,84;
ANDREZA TELES GUIMARAES;FUND.DERM.TROP.VEN.ALFRED.MATA;AUXILIAR DE ENFERMAGEM A;AUX. DE ENFERMAGEM; ESTATUTARIO;2776,98;;2776,98;304,78;2472,20;
ANIZE MARLY SIMOES;FUND.DERM.TROP.VEN.ALFRED.MATA;COPEIRO A;; ESTATUTARIO;2829,06;;2829,06;312,07;2516,99;
ANTONIO CLOVES CARVALHO DE MOURA;FUND.DERM.TROP.VEN.ALF.DA MATA;TEC. DE ENFERMAGEM-TEN-P.S.N.M.-A;SUBGERENTE; ESTATUTARIO;10563,48;;10563,48;2295,79;8267,69;
ARIANA SARMENTO DA CUNHA LEAO;FUND.DERM.TROP.VEN.ALF.DA MATA;AGENTE ADM.-AGA-T.S.N.A.-E;; ESTATUTARIO;2621,21;;2621,21;282,97;2338,24;
ARINILDA DA SILVA PRADO MARTINHO;FUND.DERM.TROP.VEN.ALFRED.MATA;AUXILIAR DE ENFERMAGEM;AUX. DE ENFERMAGEM; ESTATUTARIO;2962,34;;2962,34;227,61;2734,73;
BENIVALDA DOS SANTOS DOLZANE;FUND.DERM.TROP.VEN.ALFRED.MATA;TECNICO DE SAUDE EM DERMATOLOGIA;; ESTATUTARIO;3601,19;;3601,19;431,75;3169,44;
BENJAMIN PERPETUO DE SOUZA FILHO;FUND.DERM.TROP.VEN.ALFRED.MATA;ASSIST. DA ADM. AUXILIAR 2A CLASSE;ASSESSOR III; ESTATUTARIO;6007,61;;6007,61;688,40;5319,21;
Claudia Zanardo Alves da Graca;FUND.DERM.TROP.VEN.ALFRED.MATA;MEDICO ESPECIALISTA;; ESTATUTARIO;9911,14;;9911,14;2583,55;7327,59;
CAMILA GURGEL DOS SANTOS DA SILVA;FUND.DERM.TROP.VEN.ALFRED.MATA;FARMAC.BIOQ. -FAB-P.S.N.S.-A;; ESTATUTARIO;8389,06;;8389,06;2063,22;6325,84;
CARLA ANTONIA NAZARETH JAIME;FUND.DERM.TROP.VEN.ALFRED.MATA;CIR.DENT.-CCRD-P.S.N.S.-A;CIRUGIAO DENTISTA; ESTATUTARIO;7857,59;;7857,59;1984,75;5872,84;
CARLA BARROS DA ROCHA RIBAS;FUND.DERM.TROP.VEN.ALFRED.MATA;MEDICO MESTRE;; ESTATUTARIO;19316,93;;19316,93;5610,66;13706,27;
CARLOS ALBERTO CASTRO BARROS;FUND.DERM.TROP.VEN.ALFRED.MATA;ENFERMEIRO-ENF-P.S.N.S.-A;; ESTATUTARIO;8631,98;;8631,98;2154,68;6477,30;
CARLOS ALBERTO CHIRANO RODRIGUES;FUND.DERM.TROP.VEN.ALFRED.MATA;MEDICO ESPECIALISTA;; ESTATUTARIO;10356,11;813,26;9542,85;2523,62;7019,23;
CAROLINA CHRUSCIAK TALHARI CORTEZ;FUND.DERM.TROP.VEN.ALF.DA MATA;PESQUISADOR TIT.-PET-P.S.N.S.-A;; ESTATUTARIO;9375,03;;9375,03;2382,30;6992,73;
CELILIA DE LIMA BORGES;FUND.DERM.TROP.VEN.ALFRED.MATA;ENFERMEIRO-ENF-P.S.N.S.-A;; ESTATUTARIO;7488,47;;7488,47;1950,05;5538,42;
CHRISTIAN SILVA DE SOUZA;FUND.DERM.TROP.VEN.ALF.DA MATA;AGENTE ADM.-AGA-T.S.N.A.-E;; ESTATUTARIO;5621,21;;5621,21;716,63;4904,58;
CLAUDIA MARINA PUGA OLIVEIRA ANTONY;FUND.DERM.TROP.VEN.ALFRED.MATA;MEDICO ESPECIALISTA;; ESTATUTARIO;9911,14;;9911,14;2531,41;7379,73;
CLAUDIA REGINA DE SOUSA CUNHA;FUND.DERM.TROP.VEN.ALFRED.MATA;TECNICO DE PATOLOGIA CLINICA A;TEC. PATOL. CLINICA; ESTATUTARIO;3486,29;;3486,29;405,65;3080,64;
CLEIBY ANDRADE DOS SANTOS;FUND.DERM.TROP.VEN.ALFRED.MATA;TECNICO EM PATOLOGIA CLINICA;TEC. PATOL. CLINICA; ESTATUTARIO;3163,48;;3163,48;381,43;2782,05;
CLEOCINEIDE MESSIAS DA SILVA;FUND.DERM.TROP.VEN.ALFRED.MATA;TEC. EM REGISTRO DE SAUDE 3A CLASSE;SUBGERENTE; ESTATUTARIO;5994,68;;5994,68;1083,14;4911,54;
CYNTHIA DE OLIVEIRA FERREIRA;FUND.DERM.TROP.VEN.ALFRED.MATA;FARMAC.BIOQ. -FAB-P.S.N.S.-A;FARMAC BIOQUIMICO; ESTATUTARIO;8389,06;;8389,06;2063,22;6325,84;
DANIELA FROTA DE SOUZA;FUND.DERM.TROP.VEN.ALFRED.MATA;MEDICO ESPECIALISTA;MED GENERALISTA; ESTATUTARIO;10768,18;;10768,18;2649,40;8118,78;
DANIELLA GOMES DE MORAES;FUND.DERM.TROP.VEN.ALF.DA MATA;TEC.DE PAT.CLINICA-TPC-P.S.N.M.-A;; ESTATUTARIO;3486,29;;3486,29;405,65;3080,64;
DANIELLE CRISTINE WESTPHAL;FUND.DERM.TROP.VEN.ALFRED.MATA;MEDICO ESPECIALISTA;; ESTATUTARIO;13014,85;;13014,85;3437,07;9577,78;
DANIELLE FARIAS DA CRUZ FERNANDES;FUND.DERM.TROP.VEN.ALF.DA MATA;CHEFE DE GABINETE;NAO INFORMADO; CARGO COMISSION.S/VINCULO;5700,30;;5700,30;1002,95;4697,35;
DANILO NEVES DE OLIVEIRA;FUND.DERM.TROP.VEN.ALFRED.MATA;TECNICO DE SAUDE EM DERMATOLOGIA;; ESTATUTARIO;3486,29;;3486,29;405,65;3080,64;
DAYSE DE OLIVEIRA BRILHANTE;FUND.DERM.TROP.VEN.ALF.DA MATA;AGENTE ADM.-AGA-T.S.N.A.-E;; ESTATUTARIO;2021,21;;2021,21;;2021,21;
DEBORA CRISTINA DE LIMA FERNANDES;FUND.DERM.TROP.VEN.ALF.DA MATA;FARMACEUTICO-FAR-P.S.N.S.-A;GERENTE; ESTATUTARIO;7797,48;;7797,48;1840,49;5956,99;
DEBORAH MACHADO DE SOUZA ROCHA;FUND.DERM.TROP.VEN.ALFRED.MATA;AGENTE ADM.-AGA-T.S.N.A.-G;; ESTATUTARIO;3525,97;;3525,97;593,69;2932,28;
DENISE HARIANNE FERREIRA SIMOES;FUND.DERM.TROP.VEN.ALF.DA MATA;ENFERMEIRO-ENF-P.S.N.S.-A;; ESTATUTARIO;7797,48;;7797,48;1840,49;5956,99;
DIANA MARA DOS SANTOS GOMES PEREIRA;FUND.DERM.TROP.VEN.ALF.DA MATA;TEC. DE ENFERMAGEM-TEN-P.S.N.M.-A;; ESTATUTARIO;3163,48;;3163,48;381,43;2782,05;
DIRCE MARIANNE LIRA DE SERRA;FUND.DERM.TROP.VEN.ALFRED.MATA;AGENTE ADM.-AGA-T.S.N.A.-G;; ESTATUTARIO;3320,71;;3320,71;370,69;2950,02;
EDINELZA PORTO DIAS PERIN;FUND.DERM.TROP.VEN.ALF.DA MATA;ENFERMEIRO-ENF-P.S.N.S.-A;; ESTATUTARIO;7197,48;;7197,48;1840,49;5356,99;
EDIVALDO LOPES BARROSO;FUND.DERM.TROP.VEN.ALFRED.MATA;OPERADOR DE MANUTENCAO E APO;OPE DE MANUT APOIO; ESTATUTARIO;2604,44;;2604,44;280,62;2323,82;
EDIVAR DOS SANTOS FERNANDES FILHO;FUND.DERM.TROP.VEN.ALFRED.MATA;FARMAC.BIOQ. -FAB-P.S.N.S.-D;; ESTATUTARIO;10914,27;;10914,27;3239,86;7674,41;
ELAINE DA SILVA BRASIL PAIVA;FUND.DERM.TROP.VEN.ALFRED.MATA;AUXILIAR DE ENFERMAGEM A;AUX. DE ENFERMAGEM; ESTATUTARIO;3111,62;;3111,62;327,49;2784,13;
ELEADE DE OLIVEIRA FALCAO SOARES;FUND.DERM.TROP.VEN.ALFRED.MATA;TEC.DE PAT.CLINICA-TPC-P.S.N.M.-A;; ESTATUTARIO;2563,48;;2563,48;381,43;2182,05;
ELEADE DE OLIVEIRA FALCAO SOARES;FUND.DERM.TROP.VEN.ALFRED.MATA;TEC.DE PAT.CLINICA-TPC-P.S.N.M.-A;TEC.PAT.CLINICA; ESTATUTARIO;3163,48;;3163,48;381,43;2782,05;
ELIANA MARIA OLIVEIRA DA CAMARA;FUND.DERM.TROP.VEN.ALF.DA MATA;FISIOTERAPEUTA-FIS-P.S.N.S.-A;; ESTATUTARIO;7797,48;;7797,48;1840,49;5956,99;
ELIANE DOS SANTOS BRANDAO;FUND.DERM.TROP.VEN.ALF.DA MATA;ENFERMEIRO-ENF-P.S.N.S.-A;; ESTATUTARIO;7797,48;;7797,48;1840,49;5956,99;
ELIENE CANTO DUARTE;FUND.DERM.TROP.VEN.ALFRED.MATA;FARMACEUTICO-FAR-P.S.N.S.-A;FARMACEUTICO; ESTATUTARIO;11740,69;;11740,69;3020,61;8720,08;
ELIZABETH DE FATIMA P NASCIMENTO;FUND.DERM.TROP.VEN.ALFRED.MATA;AUXILIAR DE SAUDE 3A CLASSE;; ESTATUTARIO;2690,02;;2690,02;392,07;2297,95;
ELOILDO CLAUDIO DA COSTA;FUND.DERM.TROP.VEN.ALF.DA MATA;TEC. DE ENFERMAGEM-TEN-P.S.N.M.-A;; ESTATUTARIO;4017,97;;4017,97;462,95;3555,02;
ELZENIR DA SILVA GOMES;FUND.DERM.TROP.VEN.ALFRED.MATA;AUXILIAR DE SERVICOS GERAIS;; ESTATUTARIO;8301,45;;8301,45;1489,06;6812,39;
EUCILENE PEREIRA DE LIMA;FUND.DERM.TROP.VEN.ALF.DA MATA;TEC. DE ENFERMAGEM-TEN-P.S.N.M.-A;; ESTATUTARIO;3163,48;;3163,48;381,43;2782,05;
EZEQUIAS GOMES SICSU;FUND.DERM.TROP.VEN.ALF.DA MATA;AGENTE ADM.-AGA-T.S.N.A.-E;ASSESSOR III; ESTATUTARIO;5621,21;;5621,21;716,63;4904,58;
FANIA JEAN NAZARE PEREIRA DE SOUZA;FUND.DERM.TROP.VEN.ALF.DA MATA;TEC. DE ENFERMAGEM-TEN-P.S.N.M.-A;; ESTATUTARIO;3163,48;;3163,48;381,43;2782,05;
FERNANDA QUEIROZ DE LIMA;FUND.DERM.TROP.VEN.ALFRED.MATA;TECNICO DE SAUDE EM DERMATOLOGIA;GERENTE; ESTATUTARIO;7163,48;;7163,48;1195,79;5967,69;
FLAVIA DE JESUS PADILHA;FUND.DERM.TROP.VEN.ALF.DA MATA;MEDICO ESPECIALISTA;; ESTATUTARIO;9911,14;;9911,14;2349,83;7561,31;
FLAVIANO DA SILVA OLIVEIRA;FUND.DERM.TROP.VEN.ALFRED.MATA;MEDICO ESPECIALISTA;; ESTATUTARIO;11426,05;;11426,05;3147,81;8278,24;
FRANCINETHE MIRANDA SEIXAS;FUND.DERM.TROP.VEN.ALFRED.MATA;ASSESSOR III;ASSESSOR III AD-3; CARGO COMISSION.S/VINCULO;3686,94;;3686,94;414,64;3272,30;
FRANCISCO ESMERINDO LOPES OLIVEIRA;FUND.DERM.TROP.VEN.ALF.DA MATA;TEC. DE ENFERMAGEM-TEN-P.S.N.M.-A;; ESTATUTARIO;3163,48;;3163,48;381,43;2782,05;
FRANQUEL FIGUEIREDO DE BRITO;FUND.DERM.TROP.VEN.ALF.DA MATA;AGENTE ADM.-AGA-T.S.N.A.-E;; ESTATUTARIO;2621,21;;2621,21;282,97;2338,24;
GEYSE GLEYSE DA COSTA G OLIVEIRA;FUND.DERM.TROP.VEN.ALF.DA MATA;FARMACEUTICO-FAR-P.S.N.S.-A;; ESTATUTARIO;8496,08;;8496,08;2247,64;6248,44;
GILMEIRE NAPOLEAO SABOGAL;FUND.DERM.TROP.VEN.ALFRED.MATA;ENFERMEIRO-ENF-P.S.N.S.-A;; ESTATUTARIO;7797,48;;7797,48;1840,49;5956,99;
GISELE COLARES SALES DE OLIVEIRA;FUND.DERM.TROP.VEN.ALF.DA MATA;MEDICO ESPECIALISTA;; ESTATUTARIO;9911,14;;9911,14;2583,55;7327,59;
GISELLY DA COSTA LEAL;FUND.DERM.TROP.VEN.ALF.DA MATA;AGENTE ADM.-AGA-T.S.N.A.-E;; ESTATUTARIO;2621,21;;2621,21;282,97;2338,24;
GLAUDOMIRA FERREIRA DOS S RODRIGUES;FUND.DERM.TROP.VEN.ALF.DA MATA;CHEFE DE DEPARTAMENTO;NAO INFORMADO; CARGO COMISSION.S/VINCULO;5700,30;;5700,30;1002,95;4697,35;
GUSTAVO AVILA MAQUINE;FUND.DERM.TROP.VEN.ALF.DA MATA;MEDICO ESPECIALISTA;; ESTATUTARIO;9311,14;;9311,14;2583,55;6727,59;
HELIANA JAMILE DOS SANTOS BRANDAO;FUND.DERM.TROP.VEN.ALF.DA MATA;AGENTE ADM.-AGA-T.S.N.A.-E;; ESTATUTARIO;2621,21;;2621,21;282,97;2338,24;
HELOISA HELENA SANTANA XAUD REIS;FUND.DERM.TROP.VEN.ALFRED.MATA;PSICOLOGO-PSI-P.S.N.S.-B;ASSESSOR I - AD1; ESTATUTARIO;7800,23;;7800,23;2067,43;5732,80;
HERCULANO GONCALVES DE SOUZA;FUND.DERM.TROP.VEN.ALFRED.MATA;MOTORISTA-MOT-T.S.N.A.-C;SUBGERENTE AD3; ESTATUTARIO;3352,91;;3352,91;420,17;2932,74;
HILARIO AQUINO DE OLIVEIRA;FUND.DERM.TROP.VEN.ALF.DA MATA;TECNICO EM DERMAT SANITARIA;; ESTATUTARIO;3333,62;;3333,62;510,07;2823,55;
HUMBERTO SANTOS DA SILVA;FUND.DERM.TROP.VEN.ALFRED.MATA;OPER.MAN.E APOIO-OMA-T.S.N.A-A;SUBGERENTE; ESTATUTARIO;7272,59;;7272,59;935,97;6336,62;
IANE CRISTINA DE OLIVEIRA FERREIRA;FUND.DERM.TROP.VEN.ALFRED.MATA;AUXILIAR DE ENFERMAGEM A;ASSESSOR I; ESTATUTARIO;8023,65;;8023,65;1418,14;6605,51;
IAUATA FIRMO DA SILVA;FUND.DERM.TROP.VEN.ALF.DA MATA;PROGRAMADOR-PRO-T.S.N.M.-A;; ESTATUTARIO;2769,12;;2769,12;293,55;2475,57;
IEDA LUCIA SANTOS MAGNO;FUND.DERM.TROP.VEN.ALF.DA MATA;MEDICO RESIDENTE;; RESIDENTE;4706,09;;4706,09;495,02;4211,07;
IGOR ARGUELLES LEAO;FUND.DERM.TROP.VEN.ALF.DA MATA;TECNICO-TEC-T.S.N.S.-A;ASSESSOR III; ESTATUTARIO;9022,77;;9022,77;1945,18;7077,59;
IONE DA SILVA FREIRE;FUND.DERM.TROP.VEN.ALFRED.MATA;ASSIST.SOC.ASS-P.S.N.S.-CL.B;; ESTATUTARIO;9717,83;;9717,83;2489,45;7228,38;
ISABEL CRISTINA LIMA ENCARNACAO;FUND.DERM.TROP.VEN.ALFRED.MATA;MEDICO ESPECIALISTA;MEDICA ESPECIALISTA; ESTATUTARIO;10832,84;;10832,84;3087,41;7745,43;
ISABELLE LOUISE DA C L FIGUEIREDO;FUND.DERM.TROP.VEN.ALFRED.MATA;MEDICO RESIDENTE;; RESIDENTE;9706,09;;9706,09;872,51;8833,58;
ISABELLE NOBREGA DE OLIVEIRA;FUND.DERM.TROP.VEN.ALFRED.MATA;FISIOTERAPEUTA;; ESTATUTARIO;8290,46;;8290,46;2026,10;6264,36;
ISY PEIXOTO FIGUEIREDO;FUND.DERM.TROP.VEN.ALFRED.MATA;MEDICO ESPECIALISTA;; ESTATUTARIO;9911,14;;9911,14;2583,55;7327,59;
ITAMAR SALES BEZERRA DE MENEZES;FUND.DERM.TROP.VEN.ALF.DA MATA;ASSIST.ADMIN.-ASA-T.S.N.M.-A;; ESTATUTARIO;2769,12;;2769,12;303,68;2465,44;
IVETE DE BRITO DA SILVEIRA;FUND.DERM.TROP.VEN.ALFRED.MATA;ASSIST. DA ADM. AUXILIAR 1A CLASSE;ASSESSOR III - AD3; ESTATUTARIO;3468,39;;3468,39;398,17;3070,22;
JACKELINE DE SOUZA MAXIMO;FUND.DERM.TROP.VEN.ALF.DA MATA;CONTADOR-CON-T.S.N.S.-A;GERENTE; ESTATUTARIO;10022,77;;10022,77;2272,31;7750,46;
JACQUELINE DE ALMEIDA G SACHETT;FUND.DERM.TROP.VEN.ALF.DA MATA;ENFERMEIRO-ENF-P.S.N.S.-A;; ESTATUTARIO;8487,65;;8487,65;2100,34;6387,31;
JAIME CAVALCANTE DE CARVALHO;FUND.DERM.TROP.VEN.ALFRED.MATA;TECNICO EM DERMAT SANITARIA;; ESTATUTARIO;3616,79;;3616,79;422,35;3194,44;
JAIRO DE SOUZA GOMES;FUND.DERM.TROP.VEN.ALFRED.MATA;TEC.DE PAT.CLINICA-TPC-P.S.N.M.-C;; ESTATUTARIO;3867,49;;3867,49;491,69;3375,80;
JAMES MOURA DE SOUZA;FUND.DERM.TROP.VEN.ALFRED.MATA;AUXILIAR DE SAUDE;; ESTATUTARIO;3152,57;;3152,57;339,31;2813,26;
JAMILE IZAN LOPES PALHETA JUNIOR;FUND.DERM.TROP.VEN.ALFRED.MATA;AGENTE ADMINISTRATIVO A - N.B.;GERENTE; ESTATUTARIO;11621,21;;11621,21;2366,63;9254,58;
JANE MARIA PIMENTEL DE FARIA;FUND.DERM.TROP.VEN.ALFRED.MATA;AGENTE ADM.-AGA-T.S.N.A.-H;ASSESSOR I AD-1; ESTATUTARIO;8344,68;;8344,68;1504,80;6839,88;
JANETE QUEIROZ MORAES;FUND.DERM.TROP.VEN.ALFRED.MATA;TECNICO EM DERMAT SANITARIA;; ESTATUTARIO;8867,49;;8867,49;1708,16;7159,33;
JAQUELINE DA SILVA MENDES;FUND.DERM.TROP.VEN.ALFRED.MATA;SUBGERENTE;SUBGERENTE; CARGO COMISSION.S/VINCULO;3686,94;;3686,94;414,64;3272,30;
JEORGIO CLAUDINO PEREIRA SANTOS;FUND.DERM.TROP.VEN.ALF.DA MATA;ASSIST.ADMIN.-ASA-T.S.N.M.-A;; ESTATUTARIO;2769,12;;2769,12;303,68;2465,44;
JOÃO BOSCO CORREA LIMA OMENA;FUND.DERM.TROP.VEN.ALF.DA MATA;ASSESSOR I;; DISP. OUTROS ESFERAS;5600,00;;5600,00;505,64;5094,36;
JOAO CATARINO DA SILVA DUTRA JUNIOR;FUND.DERM.TROP.VEN.ALFRED.MATA;MEDICO ESPECIALISTA;MEDICO; ESTATUTARIO;9911,14;;9911,14;2583,55;7327,59;
JOCELINA BENITA COSTA DE OLIVEIRA;FUND.DERM.TROP.VEN.ALF.DA MATA;TEC. DE ENFERMAGEM-TEN-P.S.N.M.-A;; ESTATUTARIO;3163,48;;3163,48;381,43;2782,05;
JOCLIMAR CORREA MOURAO;FUND.DERM.TROP.VEN.ALFRED.MATA;AUXILIAR ADMINISTRATIVO;SUBGERENTE AD3; ESTATUTARIO;5621,21;;5621,21;716,63;4904,58;
JONISMAR FREITAS COSTA;FUND.DERM.TROP.VEN.ALFRED.MATA;AUXILIAR DE SAUDE;ASSESSOR III; ESTATUTARIO;6107,07;;6107,07;847,41;5259,66;
JORGE ALBERTO RODRIGUES DE OLIVEIRA;FUND.DERM.TROP.VEN.ALFRED.MATA;TECNICO DE PATOLOGIA CLINICA A;TEC. PATOL. CLINICA; ESTATUTARIO;3163,48;;3163,48;381,43;2782,05;
JORGE CASTRO BARROS;FUND.DERM.TROP.VEN.ALF.DA MATA;TECNICO EM DERMAT SANITARIA;ASSESSOR III - AD3; ESTATUTARIO;11616,79;;11616,79;2466,46;9150,33;
JORGE DE SOUZA CRUZ;FUND.DERM.TROP.VEN.ALFRED.MATA;VIGIA A;VIGIA; ESTATUTARIO;2604,44;;2604,44;280,62;2323,82;
JORGE EWERTON DOS SANTOS SALES;FUND.DERM.TROP.VEN.ALFRED.MATA;FARMAC.BIOQ. -FAB-P.S.N.S.-A;; ESTATUTARIO;12939,96;;12939,96;3216,99;9722,97;
JOSE ANSELMO DOS SANTOS FERREIRA;FUND.DERM.TROP.VEN.ALF.DA MATA;MOTORISTA-MOT-T.S.N.A.-D;; ESTATUTARIO;3374,65;;3374,65;424,62;2950,03;
JOSE CARLOS GOMES SARDINHA;FUND.DERM.TROP.VEN.ALF.DA MATA;MEDICO ESPECIALISTA;; ESTATUTARIO;14699,13;;14699,13;4231,85;10467,28;
JOSE CARLOS GOMES SARDINHA;FUND.DERM.TROP.VEN.ALFRED.MATA;MEDICO ESPECIALISTA;; ESTATUTARIO;14598,72;;14598,72;4197,19;10401,53;
JOSE LUSIRAN DA SILVA;FUND.DERM.TROP.VEN.ALF.DA MATA;OPERADOR DE MAQUINA REPOGRAFICA;; ESTATUTARIO;3437,96;;3437,96;379,24;3058,72;
JOSE YRANIR DO NASCIMENTO;FUND.DERM.TROP.VEN.ALFRED.MATA;TECNICO EM DERMAT SANITARIA;CHEFE DEPT.-AD1; ESTATUTARIO;8594,68;;8594,68;1633,14;6961,54;
JOSIAS CORREIA DE FREITAS;FUND.DERM.TROP.VEN.ALFRED.MATA;TECNICO DE SAUDE EM DERMATOLOGIA;; ESTATUTARIO;8229,55;;8229,55;1495,67;6733,88;
JULIO CESAR LIMA SAMPAIO;FUND.DERM.TROP.VEN.ALFRED.MATA;TECNICO DE NIVEL SUPERIOR;GERENTE; ESTATUTARIO;10277,73;;10277,73;2368,30;7909,43;
KANANDA KESYE SOUSA NUNES;FUND.DERM.TROP.VEN.ALF.DA MATA;MEDICO RESIDENTE;; RESIDENTE;4706,09;;4706,09;495,02;4211,07;
KARIM TABHADA LOPEZ DE OLIVEIRA;FUND.DERM.TROP.VEN.ALFRED.MATA;PSICOLOGO-PSI-P.S.N.S.-A;PSICOLOGO; ESTATUTARIO;8290,46;;8290,46;1973,96;6316,50;
LAIRTON CAVALCANTE LIMA;FUND.DERM.TROP.VEN.ALFRED.MATA;AGENTE ADM.-AGA-T.S.N.A.-H;; ESTATUTARIO;3007,61;;3007,61;349,56;2658,05;
LANIA MARIA MESTRINHO DE OLIVEIRA;FUND.DERM.TROP.VEN.ALFRED.MATA;TECNICO DE INFORMATICA;SUBGERENTE AD-3; ESTATUTARIO;5769,12;;5769,12;772,32;4996,80;
LEIDE INGRID DE ALMEIDA MENEZES;FUND.DERM.TROP.VEN.ALFRED.MATA;SUBGERENTE;SUBGERENTE; CARGO COMISSION.S/VINCULO;3686,94;;3686,94;414,64;3272,30;
LEUDA CARNEIRO DE SOUZA;FUND.DERM.TROP.VEN.ALFRED.MATA;TECNICO DE SAUDE EM DERMATOLOGIA;TEC.SAUDE DERMAT; ESTATUTARIO;2698,59;;2698,59;409,06;2289,53;
LIANA HORTENCIA MIRANDA T MATHIAS;FUND.DERM.TROP.VEN.ALFRED.MATA;MEDICO ESPECIALISTA;MEDICO; ESTATUTARIO;9911,14;;9911,14;2583,55;7327,59;
LIDIA MARIA VALE DE MATOS;FUND.DERM.TROP.VEN.ALFRED.MATA;ASSIST.SOC.ASS-P.S.N.S.-CL.A;ASS SOCIAL; ESTATUTARIO;8631,98;;8631,98;2154,68;6477,30;
LILIA DE OLIVEIRA ROY;FUND.DERM.TROP.VEN.ALF.DA MATA;MEDICO ESPECIALISTA;; ESTATUTARIO;9911,14;;9911,14;2583,55;7327,59;
LINDINALVA BRAGA VIEIRA;FUND.DERM.TROP.VEN.ALFRED.MATA;ASSIST.SOC.ASS-P.S.N.S.-CL.A;ASSISTENTE SOCIAL; ESTATUTARIO;8631,98;;8631,98;2154,68;6477,30;
LINEIA BORGES TOSCANO;FUND.DERM.TROP.VEN.ALFRED.MATA;ENFERMEIRO-ENF-P.S.N.S.-A;ENFERMEIRO; ESTATUTARIO;8088,47;;8088,47;1950,05;6138,42;
LINEIA BORGES TOSCANO;FUND.DERM.TROP.VEN.ALFRED.MATA;ENFERMEIRO;CHEFE DE DEPARTAMENT; ESTATUTARIO;7197,48;;7197,48;1840,49;5356,99;
LISIANE MACHADO CONTENTE NOGUEIRA;FUND.DERM.TROP.VEN.ALF.DA MATA;MEDICO ESPECIALISTA;; ESTATUTARIO;9911,14;;9911,14;2583,55;7327,59;
LUANA MOSTARDEIRO FRIEDRICH;FUND.DERM.TROP.VEN.ALFRED.MATA;MEDICO RESIDENTE;; RESIDENTE;4706,09;;4706,09;495,02;4211,07;
LUCILENE SALES DE SOUZA;FUND.DERM.TROP.VEN.ALFRED.MATA;DIRETOR TECNICO;DIRETOR TECNICO; CARGO COMISSION.S/VINCULO;9600,00;;9600,00;2206,22;7393,78;
LUCILIA DE FATIMA SANTANA JARDIM;FUND.DERM.TROP.VEN.ALFRED.MATA;ENFERMEIRO-ENF-P.S.N.S.-B;; ESTATUTARIO;8400,23;;8400,23;2067,43;6332,80;
LUCIO FIGUEIRA PIMENTEL;FUND.DERM.TROP.VEN.ALFRED.MATA;FARMACEUTICO-FAR-P.S.N.S.-A;SUBGERENTE AD-3; ESTATUTARIO;8740,69;;8740,69;2195,61;6545,08;
MANOEL JOAQUIM BERNARDES RABELO;FUND.DERM.TROP.VEN.ALF.DA MATA;TECNICO 1A CLASSE;ASSESSOR III; ESTATUTARIO;6515,75;;6515,75;1357,92;5157,83;
MARCUS VINICIUS MONTEIRO ALVES;FUND.DERM.TROP.VEN.ALFRED.MATA;FISIOTERAPEUTA-FIS-P.S.N.S.-D;GERENTE; ESTATUTARIO;16171,90;;16171,90;4443,22;11728,68;
MARGARETE CONCEICAO DAMASCENO;FUND.DERM.TROP.VEN.ALF.DA MATA;MEMBRO;; GRUPO DE TRABALHO;5000,00;;5000,00;505,64;4494,36;
MARIA CARMELIA DE LIMA ALMEIDA;FUND.DERM.TROP.VEN.ALFRED.MATA;ASSIST. DA ADM. AUXILIAR 2A CLASSE;ASSESSOR III AD3; ESTATUTARIO;3320,71;;3320,71;370,69;2950,02;
MARIA CELIA PEREIRA CEZARIO;FUND.DERM.TROP.VEN.ALFRED.MATA;TECNICO DE SAUDE EM DERMATOLOGIA;SUBGERENTE; ESTATUTARIO;6163,48;;6163,48;920,79;5242,69;
MARIA CILENE DIAS DA COSTA;FUND.DERM.TROP.VEN.ALFRED.MATA;AUXILIAR DE ENFERMAGEM A;AUX. DE ENFERMAGEM; ESTATUTARIO;2941,62;;2941,62;304,78;2636,84;
MARIA DA CONCEICAO FERREIRA SOUZA;FUND.DERM.TROP.VEN.ALF.DA MATA;MEMBRO;; GRUPO DE TRABALHO;10000,00;;10000,00;1880,64;8119,36;
MARIA DA ESPERANÇA PERDIGÃO LIMA;FUND.DERM.TROP.VEN.ALF.DA MATA;CHEFE DE DEPARTAMENTO;NAO INFORMADO; CARGO COMISSION.S/VINCULO;5700,30;;5700,30;1002,95;4697,35;
MARIA DA GRACA SOUZA CUNHA;FUND.DERM.TROP.VEN.ALFRED.MATA;MEDICO DOUTOR;; ESTATUTARIO;17045,53;;17045,53;5464,10;11581,43;
MARIA DAS GRACAS PEREIRA DE SOUSA;FUND.DERM.TROP.VEN.ALFRED.MATA;FARMAC.BIOQ. -FAB-P.S.N.S.-A;; ESTATUTARIO;8725,86;;8725,86;2110,25;6615,61;
MARIA DE JESUS VIEIRA DOS SANTOS;FUND.DERM.TROP.VEN.ALF.DA MATA;AUXILIAR DE SAUDE;; ESTATUTARIO;3720,72;;3720,72;432,92;3287,80;
MARIA DO SOCORRO DE SOUSA CUNHA;FUND.DERM.TROP.VEN.ALFRED.MATA;TEC.DE PAT.CLINICA-TPC-P.S.N.M.-C;; ESTATUTARIO;4556,53;;4556,53;709,50;3847,03;
MARIA DO SOCORRO DIAS DE S LELIS;FUND.DERM.TROP.VEN.ALF.DA MATA;FARMAC.BIOQ. -FAB-P.S.N.S.-A;; ESTATUTARIO;7797,48;;7797,48;1840,49;5956,99;
MARIA DORENILDA ARAUJO LOPES;FUND.DERM.TROP.VEN.ALFRED.MATA;TECNICO DE SAUDE EM DERMATOLOGIA;TEC DAUDE EM DERM; ESTATUTARIO;3163,48;;3163,48;381,43;2782,05;
MARIA GEDALVA DA SILVA COSTA;FUND.DERM.TROP.VEN.ALFRED.MATA;AUXILIAR ADMINISTRATIVO;AUX DE ADM; ESTATUTARIO;5621,21;;5621,21;716,63;4904,58;
MARIA IANE SANTOS DA SILVA;FUND.DERM.TROP.VEN.ALFRED.MATA;TECNICO DE PATOLOGIA CLINICA A;TEC. PATOL. CLINICA; ESTATUTARIO;3486,29;;3486,29;405,65;3080,64;
MARIA INEZ MELO DA CUNHA;FUND.DERM.TROP.VEN.ALFRED.MATA;ASSIST.ADMIN.-ASA-T.S.N.M.-A;; ESTATUTARIO;2769,12;;2769,12;303,68;2465,44;
MARIA LEIDE BARBOSA PINTO;FUND.DERM.TROP.VEN.ALF.DA MATA;AGENTE ADM.-AGA-T.S.N.A.-G;CHEFE DE DEPARTAMENT; ESTATUTARIO;8395,68;;8395,68;1523,37;6872,31;
MARIA MARLICE MAR NUNES;FUND.DERM.TROP.VEN.ALFRED.MATA;AUXILIAR DE ENFERMAGEM A;; ESTATUTARIO;3152,57;;3152,57;362,50;2790,07;
MARIA NAZARE DO ROSARIO UCHOA SILVA;FUND.DERM.TROP.VEN.ALF.DA MATA;MEMBRO;; GRUPO DE TRABALHO;5000,00;;5000,00;505,64;4494,36;
MARIA NESIONEIA RODRIGUES CORREA;FUND.DERM.TROP.VEN.ALFRED.MATA;TEC.DE PAT.CLINICA-TPC-P.S.N.M.-A;TEC DE PATOLOGIA; ESTATUTARIO;3229,55;;3229,55;394,95;2834,60;
MARIA NESIONEIA RODRIGUES CORREA;FUND.DERM.TROP.VEN.ALF.DA MATA;TEC.DE PAT.CLINICA-TPC-P.S.N.M.-A;; ESTATUTARIO;2563,48;;2563,48;381,43;2182,05;
MARIA NIZA VILAS BOAS CONCEICAO;FUND.DERM.TROP.VEN.ALFRED.MATA;TECNICO DE SAUDE EM DERMATOLOGIA;TEC.SAUDE EM DERMAT.; ESTATUTARIO;4363,48;;4363,48;381,43;3982,05;
MARIA SALETE BAHIA MARQUES;FUND.DERM.TROP.VEN.ALFRED.MATA;CONTADOR-CON-T.S.N.S.-B;SUBGERENTE; ESTATUTARIO;7371,16;;7371,16;1595,58;5775,58;
MARIA SENA DE CASTRO;FUND.DERM.TROP.VEN.ALF.DA MATA;ASSIST. DA ADM. AUXILIAR 2A CLASSE;; ESTATUTARIO;3395,87;;3395,87;384,49;3011,38;
MARIA TEREZA COSTA DA ROCHA;FUND.DERM.TROP.VEN.ALF.DA MATA;AGENTE ADM.-AGA-T.S.N.A.-E;; ESTATUTARIO;2621,21;;2621,21;282,97;2338,24;
MATHIAS GAMA DE AGUIAR FERREIRA;FUND.DERM.TROP.VEN.ALFRED.MATA;MEDICO RESIDENTE;; RESIDENTE;4706,09;;4706,09;495,02;4211,07;
MIGUEL DE JESUS QUEIROS DE P JUNIOR;FUND.DERM.TROP.VEN.ALF.DA MATA;AGENTE ADM.-AGA-T.S.N.A.-E;GERENTE; ESTATUTARIO;6621,21;;6621,21;658,96;5962,25;
MONICA NUNES DE SOUZA SANTOS;FUND.DERM.TROP.VEN.ALFRED.MATA;MEDICO DOUTOR;DIR.ENSINO PESQUISA; ESTATUTARIO;13079,35;;13079,35;3980,30;9099,05;
MONICA VASCONCELOS GUIMARAES;FUND.DERM.TROP.VEN.ALFRED.MATA;FARMAC.BIOQ. -FAB-P.S.N.S.-B;GERENTE; ESTATUTARIO;12400,23;;12400,23;3167,43;9232,80;
NADIA LIMA NEVES;FUND.DERM.TROP.VEN.ALFRED.MATA;AUXILIAR DE ENFERMAGEM A;; ESTATUTARIO;2423,65;;2423,65;352,84;2070,81;
NADIA NEY SOUSA DOS SANTOS;FUND.DERM.TROP.VEN.ALFRED.MATA;ASSESSOR III;NAO INFORMADO; CARGO COMISSION.S/VINCULO;3686,94;;3686,94;414,64;3272,30;
NADIA SOCORRO NOGUEIRA PIMENTEL;FUND.DERM.TROP.VEN.ALFRED.MATA;ENFERMEIRO-ENF-P.S.N.S.-A;GERENTE AD2; ESTATUTARIO;8631,98;;8631,98;2154,68;6477,30;
NADYA FERNANDES PICANCO LOPES;FUND.DERM.TROP.VEN.ALFRED.MATA;MEDICO ESPECIALISTA;; ESTATUTARIO;15740,86;;15740,86;4427,77;11313,09;
NAGILA MARILIA RAMOS F ALBUQUERQUE;FUND.DERM.TROP.VEN.ALF.DA MATA;TEC. DE ENFERMAGEM-TEN-P.S.N.M.-A;; ESTATUTARIO;2563,48;;2563,48;381,43;2182,05;
NATALIA DE CASTRO LOUREIRO;FUND.DERM.TROP.VEN.ALFRED.MATA;PSICOLOGO A;GERENTE; ESTATUTARIO;12290,46;;12290,46;3126,10;9164,36;
NATHALIE DE CASSIA FARIAS OLIVEIRA;FUND.DERM.TROP.VEN.ALF.DA MATA;TEC. DE ENFERMAGEM-TEN-P.S.N.M.-A;; ESTATUTARIO;3486,29;;3486,29;405,65;3080,64;
OCIREMA MELLO DA ROCHA;FUND.DERM.TROP.VEN.ALFRED.MATA;AUXILIAR DE ENFERMAGEM A;AUX. ENFERMAGEM; ESTATUTARIO;2776,98;;2776,98;304,78;2472,20;
ORANGE DA SILVA BATISTA;FUND.DERM.TROP.VEN.ALF.DA MATA;TEC. DE ENFERMAGEM-TEN-P.S.N.M.-A;; ESTATUTARIO;3163,48;;3163,48;381,43;2782,05;
PAOLA RENATA MELO DE SOUZA;FUND.DERM.TROP.VEN.ALF.DA MATA;ASSIST.ADMIN.-ASA-T.S.N.M.-A;SUBGERENTE; ESTATUTARIO;5769,12;;5769,12;772,32;4996,80;
PATRICIA MOTTA DE MORAIS;FUND.DERM.TROP.VEN.ALFRED.MATA;MEDICO MESTRE;; ESTATUTARIO;15956,25;;15956,25;4458,89;11497,36;
PATRICK SUELL DA COSTA RIBEIRO;FUND.DERM.TROP.VEN.ALF.DA MATA;MOTORISTA-MOT-T.S.N.A.-A;; ESTATUTARIO;2910,15;;2910,15;323,42;2586,73;
PAULA FRASSINETTI BESSA REBELLO;FUND.DERM.TROP.VEN.ALFRED.MATA;MEDICO MESTRE;; ESTATUTARIO;12788,30;;12788,30;3823,63;8964,67;
PAULO ANTONIO SILVA CONTENTE;FUND.DERM.TROP.VEN.ALFRED.MATA;MEDICO ESPECIALISTA;MEDICO; ESTATUTARIO;9911,14;;9911,14;2583,55;7327,59;
PAULO CHAVES MARTINS;FUND.DERM.TROP.VEN.ALFRED.MATA;PSICOLOGO-PSI-P.S.N.S.-A;PSICOLOGO; ESTATUTARIO;7939,96;;7939,96;1894,13;6045,83;
PAULO DAVID MORAES DE SOUZA;FUND.DERM.TROP.VEN.ALFRED.MATA;OPERADOR DE MANUTENCAO E APO;OPERADOR MANT.E APOI; ESTATUTARIO;2659,85;;2659,85;288,38;2371,47;
PAULO ROSEMBERG GOES DA SILVA;FUND.DERM.TROP.VEN.ALF.DA MATA;AGENTE ADM.-AGA-T.S.N.A.-E;CHEFE DE DEPARTAMENT; ESTATUTARIO;9961,61;;9961,61;1858,10;8103,51;
PAULO TADEU CAVALCANTE SAIF;FUND.DERM.TROP.VEN.ALFRED.MATA;TEC.DE PAT.CLINICA-TPC-P.S.N.M.-D;; ESTATUTARIO;3953,61;;3953,61;515,75;3437,86;
RAFAELA DE ANDRADE FERREIRA;FUND.DERM.TROP.VEN.ALF.DA MATA;ENFERMEIRO-ENF-P.S.N.S.-A;; ESTATUTARIO;7797,48;;7797,48;1840,49;5956,99;
RAIMUNDO AUGUSTO CARVALHO AZEVEDO;FUND.DERM.TROP.VEN.ALFRED.MATA;AGENTE ADMINISTRATIVO A - N.B.;ASSESSOR III; ESTATUTARIO;5621,21;;5621,21;716,63;4904,58;
RAIMUNDO MOREIRA DE OLIVEIRA;FUND.DERM.TROP.VEN.ALFRED.MATA;ASSISTENTE TECNICO A;ASSESSOR III; ESTATUTARIO;6973,17;;6973,17;1402,01;5571,16;
RAIMUNDO NONATO BARBOSA DA SILVA;FUND.DERM.TROP.VEN.ALFRED.MATA;AUXILIAR DE SAUDE 3A CLASSE;ASSESSOR III; ESTATUTARIO;6172,37;;6172,37;924,14;5248,23;
RAQUEL DO CARMO MENEZES;FUND.DERM.TROP.VEN.ALFRED.MATA;TECNICO DE SAUDE EM DERMATOLOGIA;TEC.DE SAUDE; ESTATUTARIO;2886,29;;2886,29;391,43;2494,86;
RAQUEL MARIA NAVARRO;FUND.DERM.TROP.VEN.ALF.DA MATA;PSICOLOGO-PSI-P.S.N.S.-A;; ESTATUTARIO;7797,48;;7797,48;1840,49;5956,99;
REJANE MAGALHAES PINTO DA SILVA;FUND.DERM.TROP.VEN.ALF.DA MATA;TEC.DE PAT.CLINICA-TPC-P.S.N.M.-A;; ESTATUTARIO;3163,48;;3163,48;381,43;2782,05;
RENATA ALMEIDA SCHETTINI COSTA;FUND.DERM.TROP.VEN.ALFRED.MATA;MEDICO ESPECIALISTA;; ESTATUTARIO;9911,14;;9911,14;2583,55;7327,59;
RENATO CANDIDO DA SILVA JUNIOR;FUND.DERM.TROP.VEN.ALFRED.MATA;MEDICO ESPECIALISTA;MEDICO; ESTATUTARIO;9911,14;;9911,14;2213,53;7697,61;
RICARDO VICTOR ARAUJO CAVALCANTE;FUND.DERM.TROP.VEN.ALF.DA MATA;MOTORISTA-MOT-T.S.N.A.-A;SUBGERENTE; ESTATUTARIO;5910,15;;5910,15;773,27;5136,88;
RITA MARIA VALCACIO NOGUEIRA;FUND.DERM.TROP.VEN.ALF.DA MATA;ASSIST.SOC.ASS-P.S.N.S.-CL.A;; ESTATUTARIO;7797,48;;7797,48;1840,49;5956,99;
ROBERTA FERREIRA NAZARETH ALAGIA;FUND.DERM.TROP.VEN.ALFRED.MATA;MEDICO ESPECIALISTA;; ESTATUTARIO;11052,46;;11052,46;3009,45;8043,01;
ROBERTO PINELA PALHETA;FUND.DERM.TROP.VEN.ALFRED.MATA;AGENTE ADM.-AGA-T.S.N.A.-H;; ESTATUTARIO;3344,68;;3344,68;337,07;3007,61;
RODOLFO KENNEDY PALHETA DA SILVA;FUND.DERM.TROP.VEN.ALFRED.MATA;TECNICO DE PATOLOGIA CLINICA A;TEC. PATOL. CLINICA; ESTATUTARIO;3486,29;;3486,29;405,65;3080,64;
ROGER NEVES DE ASSIS;FUND.DERM.TROP.VEN.ALFRED.MATA;PSICOLOGO-PSI-P.S.N.S.-A;SUBGERENTE; ESTATUTARIO;8290,46;;8290,46;2026,10;6264,36;
ROGERIO NOGUEIRA DE CAMARGOS;FUND.DERM.TROP.VEN.ALF.DA MATA;CONTADOR-CON-T.S.N.S.-A;DIRETOR ADMINISTRATI; ESTATUTARIO;14615,75;;14615,75;3533,29;11082,46;
ROMULO DE OLIVEIRA SANTIAGO;FUND.DERM.TROP.VEN.ALFRED.MATA;MOTORISTA-MOT-T.S.N.A.-A;; ESTATUTARIO;2910,15;;2910,15;323,42;2586,73;
RONALDO DE FREITAS DAMASCENO;FUND.DERM.TROP.VEN.ALFRED.MATA;FARMACEUTICO;FARMACEUTICO; ESTATUTARIO;7797,48;;7797,48;1840,49;5956,99;
RONALDO DERZY AMAZONAS;FUND.DERM.TROP.VEN.ALFRED.MATA;DIRETOR PRESIDENTE;DIRETOR PRESIDENTE; CARGO COMISSION.S/VINCULO;12300,00;;12300,00;2948,72;9351,28;
ROSA BATISTA CORREA;FUND.DERM.TROP.VEN.ALFRED.MATA;MEDICO ESPECIALISTA;MEDICA ESPECIALISTA; ESTATUTARIO;10035,92;;10035,92;2629,46;7406,46;
ROSANA FERREIRA LOPES;FUND.DERM.TROP.VEN.ALFRED.MATA;TEC. EM REGISTRO DE SAUDE 3A CLASSE;GERENTE AD2; ESTATUTARIO;4013,94;;4013,94;513,66;3500,28;
ROSEMERE LIMA BENTES GATO;FUND.DERM.TROP.VEN.ALF.DA MATA;TEC. DE ENFERMAGEM-TEN-P.S.N.M.-A;; ESTATUTARIO;4017,97;;4017,97;462,95;3555,02;
ROSSILENE CONCEICAO DA SILVA CRUZ;FUND.DERM.TROP.VEN.ALFRED.MATA;MEDICO MESTRE;; ESTATUTARIO;16417,40;;16417,40;4826,20;11591,20;
ROSSILENE CONCEICAO DA SILVA CRUZ;FUND.DERM.TROP.VEN.ALF.DA MATA;MEDICO MESTRE;; ESTATUTARIO;16700,19;;16700,19;4924,11;11776,08;
ROZILDA PEREIRA DA COSTA;FUND.DERM.TROP.VEN.ALFRED.MATA;TEC.DE PAT.CLINICA-TPC-P.S.N.M.-D;; ESTATUTARIO;4439,68;;4439,68;594,53;3845,15;
SAMUEL RUFINO DA SILVA;FUND.DERM.TROP.VEN.ALF.DA MATA;ASSIST.ADMIN.-ASA-T.S.N.M.-A;; ESTATUTARIO;2769,12;;2769,12;303,68;2465,44;
SANDRA REGINA SALES DE M AQUINO;FUND.DERM.TROP.VEN.ALFRED.MATA;MEDICO MESTRE;; ESTATUTARIO;10939,67;;10939,67;3130,32;7809,35;
SANDRA VALERIA SILVA DE GOUVEIA;FUND.DERM.TROP.VEN.ALFRED.MATA;AGENTE ADM.-AGA-T.S.N.A.-G;; ESTATUTARIO;2989,53;;2989,53;345,86;2643,67;
SARAH DE SOUZA LIMA;FUND.DERM.TROP.VEN.ALF.DA MATA;ASSIST.SOC.ASS-P.S.N.S.-CL.A;; ESTATUTARIO;7797,48;;7797,48;1840,49;5956,99;
SILMARA NAVARRO PENNINI;FUND.DERM.TROP.VEN.ALFRED.MATA;MEDICO MESTRE;CHEFE DE DEPARTAMENT; ESTATUTARIO;14490,40;;14490,40;4126,71;10363,69;
SILVIA MACEDO DA SILVA;FUND.DERM.TROP.VEN.ALF.DA MATA;TEC.DE PAT.CLINICA-TPC-P.S.N.M.-A;; ESTATUTARIO;2563,48;;2563,48;381,43;2182,05;
SILVIA MACEDO DA SILVA;FUND.DERM.TROP.VEN.ALFRED.MATA;TECNICO DE PATOLOGIA CLINICA A;SUBGERENTE; ESTATUTARIO;6163,48;;6163,48;920,79;5242,69;
SILVIA ROCHA NAKAJIMA;FUND.DERM.TROP.VEN.ALF.DA MATA;MEDICO ESPECIALISTA;; ESTATUTARIO;10591,55;;10591,55;2666,39;7925,16;
SIMONE CAROL LOPES FERREIRA TAVARES;FUND.DERM.TROP.VEN.ALFRED.MATA;TEC.DE NIV.SUP.-COMUNICACAO SOCIAL;ASSESSOR I; ESTATUTARIO;11821,24;;11821,24;2795,80;9025,44;
SIRLEY MARTINS DE OLIVEIRA;FUND.DERM.TROP.VEN.ALFRED.MATA;TECNICO DE NIVEL SUPERIOR;; ESTATUTARIO;6221,24;;6221,24;1472,93;4748,31;
SOLANGE GONCALVES KANEKO;FUND.DERM.TROP.VEN.ALFRED.MATA;ASSIST.SOC.ASS-P.S.N.S.-CL.A;ASSIST.SOCIAL; ESTATUTARIO;7197,48;;7197,48;;7197,48;
SOLEDAD COUTO VALLE BORBOREMA;FUND.DERM.TROP.VEN.ALFRED.MATA;MEDICO ESPECIALISTA;; ESTATUTARIO;12921,45;;12921,45;3611,70;9309,75;
SUELY BEZERRA GOMES;FUND.DERM.TROP.VEN.ALFRED.MATA;AUXILIAR DE ENFERMAGEM A;; ESTATUTARIO;2499,61;;2499,61;368,37;2131,24;
SUELY FERREIRA DA SILVA;FUND.DERM.TROP.VEN.ALFRED.MATA;ASSISTENTE TECNICO A;SUBGERENTE; ESTATUTARIO;6516,83;;6516,83;1017,47;5499,36;
SUZANE DA SILVA LEMOS;FUND.DERM.TROP.VEN.ALF.DA MATA;AGENTE ADM.-AGA-T.S.N.A.-E;; ESTATUTARIO;2621,21;;2621,21;282,97;2338,24;
TATIANA DE MELO BARBOSA;FUND.DERM.TROP.VEN.ALFRED.MATA;AGENTE ADM.-AGA-T.S.N.A.-E;; ESTATUTARIO;2621,21;;2621,21;282,97;2338,24;
TATIANA PEREIRA NAZARE VIEIRA;FUND.DERM.TROP.VEN.ALF.DA MATA;TEC. DE ENFERMAGEM-TEN-P.S.N.M.-A;; ESTATUTARIO;3163,48;;3163,48;381,43;2782,05;
TEREZA VASCONCELOS MOTA;FUND.DERM.TROP.VEN.ALFRED.MATA;ENFERMEIRO-ENF-P.S.N.S.-A;ENFERMEIRA; ESTATUTARIO;8603,10;;8603,10;2062,04;6541,06;
THAISE MARA DA SILVA BARROS;FUND.DERM.TROP.VEN.ALF.DA MATA;AGENTE ADM.-AGA-T.S.N.A.-E;; ESTATUTARIO;2621,21;;2621,21;282,97;2338,24;
THAYS DANIELLY DE ALMEIDA ALVES;FUND.DERM.TROP.VEN.ALF.DA MATA;AGENTE ADM.-AGA-T.S.N.A.-E;; ESTATUTARIO;2621,21;;2621,21;282,97;2338,24;
THEODOMIRO SANTOS DE OLIVEIRA;FUND.DERM.TROP.VEN.ALF.DA MATA;ASSISTENTE TECNICO;SUBGERENTE - AD3; ESTATUTARIO;3120,45;;3120,45;372,63;2747,82;
THIAGO MONTENEGRO DA SILVA;FUND.DERM.TROP.VEN.ALF.DA MATA;MEDICO ESPECIALISTA;; ESTATUTARIO;13014,85;;13014,85;3437,07;9577,78;
THIAGO SOARES VILAS BOAS;FUND.DERM.TROP.VEN.ALFRED.MATA;MEDICO RESIDENTE;; RESIDENTE;4706,09;;4706,09;495,02;4211,07;
THIELLE DA CRUZ DOS SANTOS;FUND.DERM.TROP.VEN.ALF.DA MATA;FARMAC.BIOQ. -FAB-P.S.N.S.-A;; ESTATUTARIO;7797,48;;7797,48;1840,49;5956,99;
UBIRATAN CRUZ DA SILVA;FUND.DERM.TROP.VEN.ALFRED.MATA;AGENTE ADM.-AGA-T.S.N.A.-E;GERENTE; ESTATUTARIO;6621,21;;6621,21;991,63;5629,58;
VALCIMAR NASCIMENTO DA SILVEIRA;FUND.DERM.TROP.VEN.ALF.DA MATA;MEMBRO;; GRUPO DE TRABALHO;5000,00;;5000,00;505,64;4494,36;
VALDERIZA LOURENCO PEDROSA;FUND.DERM.TROP.VEN.ALFRED.MATA;ASSIST.SOC.ASS-P.S.N.S.-CL.C;DIRETOR DE ENSINO E; ESTATUTARIO;23155,31;;23155,31;6228,23;16927,08;
VALDINEI MENDONCA SANTAREM;FUND.DERM.TROP.VEN.ALFRED.MATA;TECNICO DE PATOLOGIA CLINICA A;TEC.DE PATOL.CLINICA; ESTATUTARIO;3163,48;;3163,48;381,43;2782,05;
VANDERLECIA ORTEGA DOS SANTOS;FUND.DERM.TROP.VEN.ALF.DA MATA;TEC. DE ENFERMAGEM-TEN-P.S.N.M.-A;; ESTATUTARIO;2563,48;;2563,48;381,43;2182,05;
VANESSA CRISTIELE TAVARES FREITAS;FUND.DERM.TROP.VEN.ALF.DA MATA;TEC.DE PAT.CLINICA-TPC-P.S.N.M.-A;; ESTATUTARIO;3163,48;;3163,48;381,43;2782,05;
VANIA LUCIA SAMPAIO;FUND.DERM.TROP.VEN.ALFRED.MATA;TEC.DE PAT.CLINICA-TPC-P.S.N.M.-C;; ESTATUTARIO;4286,75;;4286,75;554,58;3732,17;
WALDEIZA DA COSTA PASSOS;FUND.DERM.TROP.VEN.ALFRED.MATA;AUXILIAR DE ENFERMAGEM A;; ESTATUTARIO;3172,37;;3172,37;383,25;2789,12;
WALDEMARA VASCONCELOS GOMES;FUND.DERM.TROP.VEN.ALFRED.MATA;TEC.DE PAT.CLINICA-TPC-P.S.N.M.-A;TEC PATOL.CLINICA; ESTATUTARIO;2698,59;;2698,59;409,06;2289,53;
WALDEMARA VASCONCELOS GOMES;FUND.DERM.TROP.VEN.ALFRED.MATA;TEC.DE PAT.CLINICA-TPC-P.S.N.M.-B;; ESTATUTARIO;3893,40;;3893,40;436,63;3456,77;
WALID ALI MUSA SALEH;FUND.DERM.TROP.VEN.ALFRED.MATA;FARMACEUTICO BIOQUIMICO A;FARMACEUTICO BIOQ.; ESTATUTARIO;7797,48;;7797,48;1736,22;6061,26;
WILLIAM ANTUNES FERREIRA;FUND.DERM.TROP.VEN.ALFRED.MATA;FARMAC.BIOQ. -FAB-P.S.N.S.-C;; ESTATUTARIO;9663,67;;9663,67;2543,11;7120,56;
WILLIAM ANTUNES FERREIRA;FUND.DERM.TROP.VEN.ALFRED.MATA;FARMAC.BIOQ. -FAB-P.S.N.S.-B;; ESTATUTARIO;8623,40;;8623,40;2377,35;6246,05;
YAMA MAYURA ALVES DE SOUSA;FUND.DERM.TROP.VEN.ALFRED.MATA;FARMACEUTICO-FAR-P.S.N.S.-A;SUBGERENTE - AD3; ESTATUTARIO;8457,59;;8457,59;2089,02;6368,57;
YONE MARQUES AVELINO;FUND.DERM.TROP.VEN.ALF.DA MATA;TEC. DE ENFERMAGEM-TEN-P.S.N.M.-A;; ESTATUTARIO;3163,48;;3163,48;381,43;2782,05;
ZULEMA ABENSUR LIMA;FUND.DERM.TROP.VEN.ALFRED.MATA;AGENTE ADM.-AGA-T.S.N.A.-G;; ESTATUTARIO;2989,53;;2989,53;345,86;2643,67;
