NOME;LOTACAO;CARGO;FUNCAO;VINCULO;REMUNERACAO LEGAL TOTAL(R$);DESC.TETO(R$); REMUNERACAO LEGAL DEVIDA(R$);DESCONTOS LEGAIS(R$);LIQUIDO DISPONIVEL(R$);
ADRIANA ANDRADE RAPOSO;FUND.DERM.TROP.VEN.ALFRED.MATA;MEDICO ESPECIALISTA;; ESTATUTARIO;9499,00;;9499,00;2652,67;6846,33;
ADRIANO PLACIDO DA ROCHA SOBRAL;FUND.DERM.TROP.VEN.ALF.DA MATA;AGENTE ADM.-AGA-T.S.N.A.-E;GERENTE; ESTATUTARIO;6621,21;;6621,21;991,63;5629,58;
AGLIMAR COSTA BARRONCAS;FUND.DERM.TROP.VEN.ALFRED.MATA;AUXILIAR DE ENFERMAGEM A;GERENTE; ESTATUTARIO;6776,98;;6776,98;1050,28;5726,70;
ALESSANDRA MARIA MOURA S SOUZA;FUND.DERM.TROP.VEN.ALFRED.MATA;GERENTE;GERENTE AD-2; CARGO COMISSION.S/VINCULO;6057,69;;6057,69;1127,59;4930,10;
ALESSANDRA MARQUES NASCIMENTO;FUND.DERM.TROP.VEN.ALF.DA MATA;AGENTE ADM.-AGA-T.S.N.A.-E;SUBGERENTE; ESTATUTARIO;5621,21;;5621,21;670,29;4950,92;
ALEXANDRA DE FREITAS COSTA;FUND.DERM.TROP.VEN.ALFRED.MATA;TECNICO DE SAUDE EM DERMATOLOGIA;TED DE SAUDE DERMAT; ESTATUTARIO;3298,59;;3298,59;409,06;2889,53;
ALFREDO VIDAL DA SILVA JUNIOR;FUND.DERM.TROP.VEN.ALF.DA MATA;AGENTE ADM.-AGA-T.S.N.A.-E;ASSESSOR III; ESTATUTARIO;5621,21;;5621,21;716,63;4904,58;
ALINE BASILICE CIPRIANO GUERREIRO;FUND.DERM.TROP.VEN.ALF.DA MATA;ENFERMEIRO-ENF-P.S.N.S.-A;; ESTATUTARIO;7996,78;;7996,78;1895,30;6101,48;
ALVARO LUIS BRANDAO DE FREITAS;FUND.DERM.TROP.VEN.ALFRED.MATA;TECNICO EM DERMAT SANITARIA;; ESTATUTARIO;9385,97;;9385,97;1755,97;7630,00;
AMANDA COSTA DA SILVA;FUND.DERM.TROP.VEN.ALFRED.MATA;AUXILIAR DE ENFERMAGEM A;AUX. DE ENFERMAGEM; ESTATUTARIO;2362,34;;2362,34;304,78;2057,56;
AMAURI DAMASCENO PASSOS;FUND.DERM.TROP.VEN.ALFRED.MATA;TECNICO EM DERMAT SANITARIA;; ESTATUTARIO;3616,79;;3616,79;474,13;3142,66;
ANA CELIA DA SILVA MOURA;FUND.DERM.TROP.VEN.ALFRED.MATA;FARMACEUTICO;FARMACEUTICO; ESTATUTARIO;14096,08;;14096,08;3622,64;10473,44;
ANA CLAUDIA ARAUJO LOPES C CAMILLO;FUND.DERM.TROP.VEN.ALFRED.MATA;ENFERMEIRO-ENF-P.S.N.S.-B;ENFERMEIRA; ESTATUTARIO;8271,59;;8271,59;2244,89;6026,70;
ANA CRISTINA DE LIMA MIRANDA;FUND.DERM.TROP.VEN.ALFRED.MATA;TECNICO DE PATOLOGIA CLINICA A;TEC. PATOL. CLINICA; ESTATUTARIO;3486,29;;3486,29;405,65;3080,64;
ANA CRISTINA MEZA BATAGINI;FUND.DERM.TROP.VEN.ALFRED.MATA;CIR.DENT.-CCRD-P.S.N.S.-A;CIRURGIAO DENTISTA; ESTATUTARIO;7797,48;;7797,48;1840,49;5956,99;
ANA LUCIA ALVES DE MESQUITA;FUND.DERM.TROP.VEN.ALFRED.MATA;TECNICO DE SAUDE EM DERMATOLOGIA;SUBGERENTE; ESTATUTARIO;6298,59;;6298,59;971,66;5326,93;
ANA RUTH SILVA DE ARAUJO;FUND.DERM.TROP.VEN.ALFRED.MATA;MEDICO DOUTOR;; ESTATUTARIO;12202,74;;12202,74;3646,45;8556,29;
ANA VERONICA MATIAS P DAMASCENO;FUND.DERM.TROP.VEN.ALFRED.MATA;TEC.DE PAT.CLINICA-TPC-P.S.N.M.-A;TEC. PATOLOGIA; ESTATUTARIO;3486,29;;3486,29;377,21;3109,08;
ANDRE LUIZ LETURIONDO;FUND.DERM.TROP.VEN.ALFRED.MATA;FARMACEUTICO BIOQUIMICO A;FARMAC. BIOQUIMICO; ESTATUTARIO;8290,46;;8290,46;2026,10;6264,36;
ANDRE LUIZ LETURIONDO;FUND.DERM.TROP.VEN.ALF.DA MATA;FARMAC.BIOQ. -FAB-P.S.N.S.-A;FARMAC. BIOQUIMICO; ESTATUTARIO;7789,06;;7789,06;2063,22;5725,84;
ANDREZA TELES GUIMARAES;FUND.DERM.TROP.VEN.ALFRED.MATA;AUXILIAR DE ENFERMAGEM A;AUX. DE ENFERMAGEM; ESTATUTARIO;7776,98;;7776,98;1325,28;6451,70;
ANIZE MARLY SIMOES;FUND.DERM.TROP.VEN.ALFRED.MATA;COPEIRO A;; ESTATUTARIO;2829,06;;2829,06;312,07;2516,99;
ANTONIO CLOVES CARVALHO DE MOURA;FUND.DERM.TROP.VEN.ALF.DA MATA;TEC. DE ENFERMAGEM-TEN-P.S.N.M.-A;SUBGERENTE; ESTATUTARIO;7417,97;;7417,97;1430,78;5987,19;
ARIANA SARMENTO DA CUNHA LEAO;FUND.DERM.TROP.VEN.ALF.DA MATA;AGENTE ADM.-AGA-T.S.N.A.-E;; ESTATUTARIO;2621,21;;2621,21;282,97;2338,24;
ARINILDA DA SILVA PRADO MARTINHO;FUND.DERM.TROP.VEN.ALFRED.MATA;AUXILIAR DE ENFERMAGEM;AUX. DE ENFERMAGEM; ESTATUTARIO;2962,34;;2962,34;293,75;2668,59;
BENIVALDA DOS SANTOS DOLZANE;FUND.DERM.TROP.VEN.ALFRED.MATA;TECNICO DE SAUDE EM DERMATOLOGIA;; ESTATUTARIO;8601,19;;8601,19;1604,87;6996,32;
BENJAMIN PERPETUO DE SOUZA FILHO;FUND.DERM.TROP.VEN.ALFRED.MATA;ASSIST. DA ADM. AUXILIAR 2A CLASSE;ASSESSOR III; ESTATUTARIO;11007,61;;11007,61;1900,08;9107,53;
Claudia Zanardo Alves da Graca;FUND.DERM.TROP.VEN.ALFRED.MATA;MEDICO ESPECIALISTA;; ESTATUTARIO;9911,14;;9911,14;2583,55;7327,59;
CAMILA GURGEL DOS SANTOS DA SILVA;FUND.DERM.TROP.VEN.ALFRED.MATA;FARMAC.BIOQ. -FAB-P.S.N.S.-A;; ESTATUTARIO;8389,06;;8389,06;2063,22;6325,84;
CARLA ANTONIA NAZARETH JAIME;FUND.DERM.TROP.VEN.ALFRED.MATA;CIR.DENT.-CCRD-P.S.N.S.-A;CIRUGIAO DENTISTA; ESTATUTARIO;7857,59;;7857,59;1984,75;5872,84;
CARLA BARROS DA ROCHA RIBAS;FUND.DERM.TROP.VEN.ALFRED.MATA;MEDICO MESTRE;; ESTATUTARIO;23552,29;;23552,29;6775,39;16776,90;
CARLOS ALBERTO CASTRO BARROS;FUND.DERM.TROP.VEN.ALFRED.MATA;ENFERMEIRO-ENF-P.S.N.S.-A;; ESTATUTARIO;13631,98;;13631,98;3477,55;10154,43;
CARLOS ALBERTO CHIRANO RODRIGUES;FUND.DERM.TROP.VEN.ALFRED.MATA;MEDICO ESPECIALISTA;; ESTATUTARIO;10356,11;813,26;9542,85;2523,62;7019,23;
CAROLINA CHRUSCIAK TALHARI CORTEZ;FUND.DERM.TROP.VEN.ALF.DA MATA;PESQUISADOR TIT.-PET-P.S.N.S.-A;; ESTATUTARIO;9375,03;;9375,03;2382,30;6992,73;
CELILIA DE LIMA BORGES;FUND.DERM.TROP.VEN.ALFRED.MATA;ENFERMEIRO-ENF-P.S.N.S.-A;; ESTATUTARIO;7488,47;;7488,47;1950,05;5538,42;
CHRISTIAN SILVA DE SOUZA;FUND.DERM.TROP.VEN.ALF.DA MATA;AGENTE ADM.-AGA-T.S.N.A.-E;; ESTATUTARIO;5677,18;;5677,18;732,02;4945,16;
CLAUDIA MARINA PUGA OLIVEIRA ANTONY;FUND.DERM.TROP.VEN.ALFRED.MATA;MEDICO ESPECIALISTA;; ESTATUTARIO;9911,14;;9911,14;2531,41;7379,73;
CLAUDIA REGINA DE SOUSA CUNHA;FUND.DERM.TROP.VEN.ALFRED.MATA;TECNICO DE PATOLOGIA CLINICA A;TEC. PATOL. CLINICA; ESTATUTARIO;3486,29;;3486,29;405,65;3080,64;
CLEIBY ANDRADE DOS SANTOS;FUND.DERM.TROP.VEN.ALFRED.MATA;TECNICO EM PATOLOGIA CLINICA;TEC. PATOL. CLINICA; ESTATUTARIO;3163,48;;3163,48;381,43;2782,05;
CLEOCINEIDE MESSIAS DA SILVA;FUND.DERM.TROP.VEN.ALFRED.MATA;TEC. EM REGISTRO DE SAUDE 3A CLASSE;SUBGERENTE; ESTATUTARIO;5994,68;;5994,68;1083,14;4911,54;
CYNTHIA DE OLIVEIRA FERREIRA;FUND.DERM.TROP.VEN.ALFRED.MATA;FARMAC.BIOQ. -FAB-P.S.N.S.-A;FARMAC BIOQUIMICO; ESTATUTARIO;10985,41;;10985,41;2777,22;8208,19;
DAMIANA SILVA DE OLIVEIRA GOMES;FUND.DERM.TROP.VEN.ALF.DA MATA;MEMBRO;; GRUPO DE TRABALHO;5000,00;;5000,00;505,64;4494,36;
DANIELA FROTA DE SOUZA;FUND.DERM.TROP.VEN.ALFRED.MATA;MEDICO ESPECIALISTA;MED GENERALISTA; ESTATUTARIO;14157,57;;14157,57;3836,71;10320,86;
DANIELLA GOMES DE MORAES;FUND.DERM.TROP.VEN.ALF.DA MATA;TEC.DE PAT.CLINICA-TPC-P.S.N.M.-A;; ESTATUTARIO;3486,29;;3486,29;405,65;3080,64;
DANIELLE CRISTINE WESTPHAL;FUND.DERM.TROP.VEN.ALFRED.MATA;MEDICO ESPECIALISTA;; ESTATUTARIO;9911,14;;9911,14;2583,55;7327,59;
DANIELLE FARIAS DA CRUZ FERNANDES;FUND.DERM.TROP.VEN.ALF.DA MATA;CHEFE DE GABINETE;NAO INFORMADO; CARGO COMISSION.S/VINCULO;5700,30;;5700,30;1002,95;4697,35;
DANILO NEVES DE OLIVEIRA;FUND.DERM.TROP.VEN.ALFRED.MATA;TECNICO DE SAUDE EM DERMATOLOGIA;; ESTATUTARIO;8486,29;;8486,29;1487,12;6999,17;
DAYSE DE OLIVEIRA BRILHANTE;FUND.DERM.TROP.VEN.ALF.DA MATA;AGENTE ADM.-AGA-T.S.N.A.-E;; ESTATUTARIO;2021,21;;2021,21;;2021,21;
DEBORA CRISTINA DE LIMA FERNANDES;FUND.DERM.TROP.VEN.ALF.DA MATA;FARMACEUTICO-FAR-P.S.N.S.-A;GERENTE; ESTATUTARIO;7996,78;;7996,78;1895,30;6101,48;
DEBORAH MACHADO DE SOUZA ROCHA;FUND.DERM.TROP.VEN.ALFRED.MATA;AGENTE ADM.-AGA-T.S.N.A.-G;; ESTATUTARIO;2318,26;;2318,26;324,56;1993,70;
DENISE HARIANNE FERREIRA SIMOES;FUND.DERM.TROP.VEN.ALF.DA MATA;ENFERMEIRO-ENF-P.S.N.S.-A;; ESTATUTARIO;7797,48;;7797,48;1840,49;5956,99;
DIANA MARA DOS SANTOS GOMES PEREIRA;FUND.DERM.TROP.VEN.ALF.DA MATA;TEC. DE ENFERMAGEM-TEN-P.S.N.M.-A;; ESTATUTARIO;8234,46;;8234,46;1490,31;6744,15;
DIRCE MARIANNE LIRA DE SERRA;FUND.DERM.TROP.VEN.ALFRED.MATA;AGENTE ADM.-AGA-T.S.N.A.-G;; ESTATUTARIO;4117,22;;4117,22;428,70;3688,52;
EDINELZA PORTO DIAS PERIN;FUND.DERM.TROP.VEN.ALF.DA MATA;ENFERMEIRO-ENF-P.S.N.S.-A;; ESTATUTARIO;7396,78;;7396,78;1895,30;5501,48;
EDIVALDO LOPES BARROSO;FUND.DERM.TROP.VEN.ALFRED.MATA;OPERADOR DE MANUTENCAO E APO;OPE DE MANUT APOIO; ESTATUTARIO;2604,44;;2604,44;280,62;2323,82;
EDIVAR DOS SANTOS FERNANDES FILHO;FUND.DERM.TROP.VEN.ALFRED.MATA;FARMAC.BIOQ. -FAB-P.S.N.S.-D;; ESTATUTARIO;10914,27;;10914,27;3239,86;7674,41;
ELAINE DA SILVA BRASIL PAIVA;FUND.DERM.TROP.VEN.ALFRED.MATA;AUXILIAR DE ENFERMAGEM A;AUX. DE ENFERMAGEM; ESTATUTARIO;8111,62;;8111,62;1417,30;6694,32;
ELBIO CORREA ROLA;FUND.DERM.TROP.VEN.ALF.DA MATA;MEMBRO;; GRUPO DE TRABALHO;5000,00;;5000,00;505,64;4494,36;
ELEADE DE OLIVEIRA FALCAO SOARES;FUND.DERM.TROP.VEN.ALFRED.MATA;TEC.DE PAT.CLINICA-TPC-P.S.N.M.-A;; ESTATUTARIO;2563,48;;2563,48;381,43;2182,05;
ELEADE DE OLIVEIRA FALCAO SOARES;FUND.DERM.TROP.VEN.ALFRED.MATA;TEC.DE PAT.CLINICA-TPC-P.S.N.M.-A;TEC.PAT.CLINICA; ESTATUTARIO;3163,48;;3163,48;381,43;2782,05;
ELIANA MARIA OLIVEIRA DA CAMARA;FUND.DERM.TROP.VEN.ALF.DA MATA;FISIOTERAPEUTA-FIS-P.S.N.S.-A;; ESTATUTARIO;7797,48;;7797,48;1840,49;5956,99;
ELIANE DOS SANTOS BRANDAO;FUND.DERM.TROP.VEN.ALF.DA MATA;ENFERMEIRO-ENF-P.S.N.S.-A;; ESTATUTARIO;7797,48;;7797,48;1840,49;5956,99;
ELIENE CANTO DUARTE;FUND.DERM.TROP.VEN.ALFRED.MATA;FARMACEUTICO-FAR-P.S.N.S.-A;FARMACEUTICO; ESTATUTARIO;11740,69;;11740,69;3020,61;8720,08;
ELIZABETH DE FATIMA P NASCIMENTO;FUND.DERM.TROP.VEN.ALFRED.MATA;AUXILIAR DE SAUDE 3A CLASSE;; ESTATUTARIO;2690,02;;2690,02;392,07;2297,95;
ELOILDO CLAUDIO DA COSTA;FUND.DERM.TROP.VEN.ALF.DA MATA;TEC. DE ENFERMAGEM-TEN-P.S.N.M.-A;; ESTATUTARIO;3163,48;;3163,48;381,43;2782,05;
ELZENIR DA SILVA GOMES;FUND.DERM.TROP.VEN.ALFRED.MATA;AUXILIAR DE SERVICOS GERAIS;; ESTATUTARIO;3301,45;;3301,45;366,69;2934,76;
EUCILENE PEREIRA DE LIMA;FUND.DERM.TROP.VEN.ALF.DA MATA;TEC. DE ENFERMAGEM-TEN-P.S.N.M.-A;; ESTATUTARIO;2634,46;;2634,46;386,76;2247,70;
EZEQUIAS GOMES SICSU;FUND.DERM.TROP.VEN.ALF.DA MATA;AGENTE ADM.-AGA-T.S.N.A.-E;ASSESSOR III; ESTATUTARIO;5621,21;;5621,21;716,63;4904,58;
FANIA JEAN NAZARE PEREIRA DE SOUZA;FUND.DERM.TROP.VEN.ALF.DA MATA;TEC. DE ENFERMAGEM-TEN-P.S.N.M.-A;; ESTATUTARIO;3163,48;;3163,48;381,43;2782,05;
FERNANDA QUEIROZ DE LIMA;FUND.DERM.TROP.VEN.ALFRED.MATA;TECNICO DE SAUDE EM DERMATOLOGIA;GERENTE; ESTATUTARIO;7163,48;;7163,48;1195,79;5967,69;
FLAVIA DE JESUS PADILHA;FUND.DERM.TROP.VEN.ALF.DA MATA;MEDICO ESPECIALISTA;; ESTATUTARIO;13014,85;;13014,85;3086,50;9928,35;
FLAVIANO DA SILVA OLIVEIRA;FUND.DERM.TROP.VEN.ALFRED.MATA;MEDICO ESPECIALISTA;; ESTATUTARIO;11723,61;;11723,61;3177,50;8546,11;
FRANCINETHE MIRANDA SEIXAS;FUND.DERM.TROP.VEN.ALFRED.MATA;ASSESSOR III;ASSESSOR III AD-3; CARGO COMISSION.S/VINCULO;4715,92;;4715,92;684,53;4031,39;
FRANCISCO ESMERINDO LOPES OLIVEIRA;FUND.DERM.TROP.VEN.ALF.DA MATA;TEC. DE ENFERMAGEM-TEN-P.S.N.M.-A;; ESTATUTARIO;4017,97;;4017,97;462,95;3555,02;
FRANQUEL FIGUEIREDO DE BRITO;FUND.DERM.TROP.VEN.ALF.DA MATA;AGENTE ADM.-AGA-T.S.N.A.-E;; ESTATUTARIO;7621,21;;7621,21;1266,63;6354,58;
GEYSE GLEYSE DA COSTA G OLIVEIRA;FUND.DERM.TROP.VEN.ALF.DA MATA;FARMACEUTICO-FAR-P.S.N.S.-A;; ESTATUTARIO;8003,10;;8003,10;2062,04;5941,06;
GILMEIRE NAPOLEAO SABOGAL;FUND.DERM.TROP.VEN.ALFRED.MATA;ENFERMEIRO-ENF-P.S.N.S.-A;; ESTATUTARIO;7797,48;;7797,48;1840,49;5956,99;
GISELE COLARES SALES DE OLIVEIRA;FUND.DERM.TROP.VEN.ALF.DA MATA;MEDICO ESPECIALISTA;; ESTATUTARIO;13014,85;;13014,85;3437,07;9577,78;
GISELLY DA COSTA LEAL;FUND.DERM.TROP.VEN.ALF.DA MATA;AGENTE ADM.-AGA-T.S.N.A.-E;; ESTATUTARIO;2621,21;;2621,21;282,97;2338,24;
GLAUDOMIRA FERREIRA DOS S RODRIGUES;FUND.DERM.TROP.VEN.ALF.DA MATA;CHEFE DE DEPARTAMENTO;NAO INFORMADO; CARGO COMISSION.S/VINCULO;5700,30;;5700,30;1002,95;4697,35;
GUSTAVO AVILA MAQUINE;FUND.DERM.TROP.VEN.ALF.DA MATA;MEDICO ESPECIALISTA;; ESTATUTARIO;9911,14;;9911,14;2583,55;7327,59;
HELIANA JAMILE DOS SANTOS BRANDÃO;FUND.DERM.TROP.VEN.ALF.DA MATA;AGENTE ADM.-AGA-T.S.N.A.-E;; ESTATUTARIO;2621,21;;2621,21;282,97;2338,24;
HELOISA HELENA SANTANA XAUD REIS;FUND.DERM.TROP.VEN.ALFRED.MATA;PSICOLOGO-PSI-P.S.N.S.-B;ASSESSOR I - AD1; ESTATUTARIO;7800,23;;7800,23;2067,43;5732,80;
HERALDO LUCAS MELO;FUND.DERM.TROP.VEN.ALF.DA MATA;DIRETOR ADMINISTRATIVO E FINANCEIRO;; CARGO COMISSION.S/VINCULO;8750,00;;8750,00;4500,00;4250,00;
HERCULANO GONCALVES DE SOUZA;FUND.DERM.TROP.VEN.ALFRED.MATA;MOTORISTA-MOT-T.S.N.A.-C;SUBGERENTE AD3; ESTATUTARIO;8352,91;;8352,91;1542,11;6810,80;
HILARIO AQUINO DE OLIVEIRA;FUND.DERM.TROP.VEN.ALF.DA MATA;TECNICO EM DERMAT SANITARIA;; ESTATUTARIO;8333,62;;8333,62;1733,56;6600,06;
HUMBERTO SANTOS DA SILVA;FUND.DERM.TROP.VEN.ALFRED.MATA;OPER.MAN.E APOIO-OMA-T.S.N.A-A;SUBGERENTE; ESTATUTARIO;5604,44;;5604,44;566,42;5038,02;
IANE CRISTINA DE OLIVEIRA FERREIRA;FUND.DERM.TROP.VEN.ALFRED.MATA;AUXILIAR DE ENFERMAGEM A;ASSESSOR I; ESTATUTARIO;8023,65;;8023,65;1418,14;6605,51;
IAUATA FIRMO DA SILVA;FUND.DERM.TROP.VEN.ALF.DA MATA;PROGRAMADOR-PRO-T.S.N.M.-A;; ESTATUTARIO;2829,19;;2829,19;303,68;2525,51;
IEDA LUCIA SANTOS MAGNO;FUND.DERM.TROP.VEN.ALF.DA MATA;MEDICO RESIDENTE;; RESIDENTE;4706,09;;4706,09;495,02;4211,07;
IGOR ARGUELLES LEAO;FUND.DERM.TROP.VEN.ALF.DA MATA;TECNICO-TEC-T.S.N.S.-A;ASSESSOR III; ESTATUTARIO;11830,36;;11830,36;2717,26;9113,10;
IONE DA SILVA FREIRE;FUND.DERM.TROP.VEN.ALFRED.MATA;ASSIST.SOC.ASS-P.S.N.S.-CL.B;; ESTATUTARIO;9937,08;;9937,08;2497,60;7439,48;
ISABEL CRISTINA LIMA ENCARNACAO;FUND.DERM.TROP.VEN.ALFRED.MATA;MEDICO ESPECIALISTA;MEDICA ESPECIALISTA; ESTATUTARIO;10832,84;;10832,84;2815,50;8017,34;
ISABELLE LOUISE DA C L FIGUEIREDO;FUND.DERM.TROP.VEN.ALFRED.MATA;MEDICO RESIDENTE;; RESIDENTE;9706,09;;9706,09;872,51;8833,58;
ISABELLE NOBREGA DE OLIVEIRA;FUND.DERM.TROP.VEN.ALFRED.MATA;FISIOTERAPEUTA;; ESTATUTARIO;10853,95;;10853,95;2731,05;8122,90;
ISY PEIXOTO FIGUEIREDO;FUND.DERM.TROP.VEN.ALFRED.MATA;MEDICO ESPECIALISTA;; ESTATUTARIO;9911,14;;9911,14;2583,55;7327,59;
ITAMAR SALES BEZERRA DE MENEZES;FUND.DERM.TROP.VEN.ALF.DA MATA;ASSIST.ADMIN.-ASA-T.S.N.M.-A;; ESTATUTARIO;2769,12;;2769,12;303,68;2465,44;
IVETE DE BRITO DA SILVEIRA;FUND.DERM.TROP.VEN.ALFRED.MATA;ASSIST. DA ADM. AUXILIAR 1A CLASSE;ASSESSOR III - AD3; ESTATUTARIO;3468,39;;3468,39;398,17;3070,22;
JACKELINE DE SOUZA MAXIMO;FUND.DERM.TROP.VEN.ALF.DA MATA;CONTADOR-CON-T.S.N.S.-A;GERENTE; ESTATUTARIO;10022,77;;10022,77;2272,31;7750,46;
JACQUELINE DE ALMEIDA G SACHETT;FUND.DERM.TROP.VEN.ALF.DA MATA;ENFERMEIRO-ENF-P.S.N.S.-A;; ESTATUTARIO;8487,65;;8487,65;2100,34;6387,31;
JAIME CAVALCANTE DE CARVALHO;FUND.DERM.TROP.VEN.ALFRED.MATA;TECNICO EM DERMAT SANITARIA;; ESTATUTARIO;4022,39;;4022,39;472,72;3549,67;
JAIRO DE SOUZA GOMES;FUND.DERM.TROP.VEN.ALFRED.MATA;TEC.DE PAT.CLINICA-TPC-P.S.N.M.-C;; ESTATUTARIO;3867,49;;3867,49;491,69;3375,80;
JAMES MOURA DE SOUZA;FUND.DERM.TROP.VEN.ALFRED.MATA;AUXILIAR DE SAUDE;; ESTATUTARIO;8023,65;;8023,65;866,25;7157,40;
JAMILE IZAN LOPES PALHETA JUNIOR;FUND.DERM.TROP.VEN.ALFRED.MATA;AGENTE ADMINISTRATIVO A - N.B.;GERENTE; ESTATUTARIO;8628,28;;8628,28;1543,57;7084,71;
JANE MARIA PIMENTEL DE FARIA;FUND.DERM.TROP.VEN.ALFRED.MATA;AGENTE ADM.-AGA-T.S.N.A.-H;ASSESSOR I AD-1; ESTATUTARIO;8344,68;;8344,68;1504,80;6839,88;
JANETE QUEIROZ MORAES;FUND.DERM.TROP.VEN.ALFRED.MATA;TECNICO EM DERMAT SANITARIA;; ESTATUTARIO;8867,49;;8867,49;1656,03;7211,46;
JAQUELINE DA SILVA MENDES;FUND.DERM.TROP.VEN.ALFRED.MATA;SUBGERENTE;NAO INFORMADO; CARGO COMISSION.S/VINCULO;8686,94;;8686,94;1610,00;7076,94;
JEORGIO CLAUDINO PEREIRA SANTOS;FUND.DERM.TROP.VEN.ALF.DA MATA;ASSIST.ADMIN.-ASA-T.S.N.M.-A;; ESTATUTARIO;3492,16;;3492,16;355,02;3137,14;
JOÃO BOSCO CORREA LIMA OMENA;FUND.DERM.TROP.VEN.ALF.DA MATA;ASSESSOR I;; DISP. OUTROS ESFERAS;5600,00;;5600,00;505,64;5094,36;
JOAO CATARINO DA SILVA DUTRA JUNIOR;FUND.DERM.TROP.VEN.ALFRED.MATA;MEDICO ESPECIALISTA;MEDICO; ESTATUTARIO;7438,92;;7438,92;;7438,92;
JOCELINA BENITA COSTA DE OLIVEIRA;FUND.DERM.TROP.VEN.ALF.DA MATA;TEC. DE ENFERMAGEM-TEN-P.S.N.M.-A;; ESTATUTARIO;3163,48;;3163,48;381,43;2782,05;
JOCLIMAR CORREA MOURAO;FUND.DERM.TROP.VEN.ALFRED.MATA;AUXILIAR ADMINISTRATIVO;SUBGERENTE AD3; ESTATUTARIO;5621,21;;5621,21;716,63;4904,58;
JONISMAR FREITAS COSTA;FUND.DERM.TROP.VEN.ALFRED.MATA;AUXILIAR DE SAUDE;ASSESSOR III; ESTATUTARIO;6107,07;;6107,07;847,41;5259,66;
JORGE ALBERTO RODRIGUES DE OLIVEIRA;FUND.DERM.TROP.VEN.ALFRED.MATA;TECNICO DE PATOLOGIA CLINICA A;TEC. PATOL. CLINICA; ESTATUTARIO;3163,48;;3163,48;358,89;2804,59;
JORGE CASTRO BARROS;FUND.DERM.TROP.VEN.ALF.DA MATA;TECNICO EM DERMAT SANITARIA;ASSESSOR III - AD3; ESTATUTARIO;6616,79;;6616,79;1091,46;5525,33;
JORGE DE SOUZA CRUZ;FUND.DERM.TROP.VEN.ALFRED.MATA;VIGIA A;VIGIA; ESTATUTARIO;2604,44;;2604,44;280,62;2323,82;
JORGE EWERTON DOS SANTOS SALES;FUND.DERM.TROP.VEN.ALFRED.MATA;FARMAC.BIOQ. -FAB-P.S.N.S.-A;; ESTATUTARIO;7939,96;;7939,96;1841,99;6097,97;
JOSE ANSELMO DOS SANTOS FERREIRA;FUND.DERM.TROP.VEN.ALF.DA MATA;MOTORISTA-MOT-T.S.N.A.-D;; ESTATUTARIO;8374,65;;8374,65;1550,30;6824,35;
JOSE CARLOS GOMES SARDINHA;FUND.DERM.TROP.VEN.ALFRED.MATA;MEDICO ESPECIALISTA;; ESTATUTARIO;10949,04;;10949,04;3193,53;7755,51;
JOSE CARLOS GOMES SARDINHA;FUND.DERM.TROP.VEN.ALF.DA MATA;MEDICO ESPECIALISTA;; ESTATUTARIO;11024,35;;11024,35;3221,29;7803,06;
JOSE LUSIRAN DA SILVA;FUND.DERM.TROP.VEN.ALF.DA MATA;OPERADOR DE MAQUINA REPOGRAFICA;; ESTATUTARIO;3437,96;;3437,96;379,24;3058,72;
JOSE YRANIR DO NASCIMENTO;FUND.DERM.TROP.VEN.ALFRED.MATA;TECNICO EM DERMAT SANITARIA;CHEFE DEPT.-AD1; ESTATUTARIO;13594,68;;13594,68;3008,14;10586,54;
JOSIAS CORREIA DE FREITAS;FUND.DERM.TROP.VEN.ALFRED.MATA;TECNICO DE SAUDE EM DERMATOLOGIA;; ESTATUTARIO;3229,55;;3229,55;394,95;2834,60;
JULIO CESAR LIMA SAMPAIO;FUND.DERM.TROP.VEN.ALFRED.MATA;TECNICO DE NIVEL SUPERIOR;GERENTE; ESTATUTARIO;10277,73;;10277,73;2368,30;7909,43;
KANANDA KESYE SOUSA NUNES;FUND.DERM.TROP.VEN.ALF.DA MATA;MEDICO RESIDENTE;; RESIDENTE;4706,09;;4706,09;495,02;4211,07;
KARIM TABHADA LOPEZ DE OLIVEIRA;FUND.DERM.TROP.VEN.ALFRED.MATA;PSICOLOGO-PSI-P.S.N.S.-A;PSICOLOGO; ESTATUTARIO;7690,46;;7690,46;1869,68;5820,78;
LAIRTON CAVALCANTE LIMA;FUND.DERM.TROP.VEN.ALFRED.MATA;AGENTE ADM.-AGA-T.S.N.A.-H;; ESTATUTARIO;3007,61;;3007,61;349,56;2658,05;
LANIA MARIA MESTRINHO DE OLIVEIRA;FUND.DERM.TROP.VEN.ALFRED.MATA;TECNICO DE INFORMATICA;SUBGERENTE AD-3; ESTATUTARIO;5769,12;;5769,12;772,32;4996,80;
LEIDE INGRID DE ALMEIDA MENEZES;FUND.DERM.TROP.VEN.ALFRED.MATA;SUBGERENTE;NAO INFORMADO; CARGO COMISSION.S/VINCULO;3586,94;;3586,94;402,69;3184,25;
LEUDA CARNEIRO DE SOUZA;FUND.DERM.TROP.VEN.ALFRED.MATA;TECNICO DE SAUDE EM DERMATOLOGIA;TEC.SAUDE DERMAT; ESTATUTARIO;2698,59;;2698,59;409,06;2289,53;
LIANA HORTENCIA MIRANDA T MATHIAS;FUND.DERM.TROP.VEN.ALFRED.MATA;MEDICO ESPECIALISTA;MEDICO; ESTATUTARIO;9911,14;;9911,14;2583,55;7327,59;
LIDIA MARIA VALE DE MATOS;FUND.DERM.TROP.VEN.ALFRED.MATA;ASSIST.SOC.ASS-P.S.N.S.-CL.A;ASS SOCIAL; ESTATUTARIO;13631,98;;13631,98;3529,68;10102,30;
LILIA DE OLIVEIRA ROY;FUND.DERM.TROP.VEN.ALF.DA MATA;MEDICO ESPECIALISTA;; ESTATUTARIO;9911,14;;9911,14;2583,55;7327,59;
LINDINALVA BRAGA VIEIRA;FUND.DERM.TROP.VEN.ALFRED.MATA;ASSIST.SOC.ASS-P.S.N.S.-CL.A;ASSISTENTE SOCIAL; ESTATUTARIO;8631,98;;8631,98;2154,68;6477,30;
LINEIA BORGES TOSCANO;FUND.DERM.TROP.VEN.ALFRED.MATA;ENFERMEIRO;CHEFE DE DEPARTAMENT; ESTATUTARIO;9596,64;;9596,64;2500,26;7096,38;
LINEIA BORGES TOSCANO;FUND.DERM.TROP.VEN.ALFRED.MATA;ENFERMEIRO-ENF-P.S.N.S.-A;ENFERMEIRO; ESTATUTARIO;10584,63;;10584,63;2636,50;7948,13;
LISIANE MACHADO CONTENTE NOGUEIRA;FUND.DERM.TROP.VEN.ALF.DA MATA;MEDICO ESPECIALISTA;; ESTATUTARIO;9911,14;;9911,14;2583,55;7327,59;
LUANA MOSTARDEIRO FRIEDRICH;FUND.DERM.TROP.VEN.ALFRED.MATA;MEDICO RESIDENTE;; RESIDENTE;9706,09;;9706,09;872,51;8833,58;
LUCILENE SALES DE SOUZA;FUND.DERM.TROP.VEN.ALFRED.MATA;DIRETOR TECNICO;DIRETOR TECNICO; CARGO COMISSION.S/VINCULO;9600,00;;9600,00;2206,22;7393,78;
LUCILIA DE FATIMA SANTANA JARDIM;FUND.DERM.TROP.VEN.ALFRED.MATA;ENFERMEIRO-ENF-P.S.N.S.-B;; ESTATUTARIO;8400,23;;8400,23;2067,43;6332,80;
LUCIO FIGUEIRA PIMENTEL;FUND.DERM.TROP.VEN.ALFRED.MATA;FARMACEUTICO-FAR-P.S.N.S.-A;SUBGERENTE AD-3; ESTATUTARIO;8966,12;;8966,12;2257,61;6708,51;
MANOEL JOAQUIM BERNARDES RABELO;FUND.DERM.TROP.VEN.ALF.DA MATA;TECNICO 1A CLASSE;ASSESSOR III; ESTATUTARIO;6515,75;;6515,75;1357,92;5157,83;
MARCUS VINICIUS MONTEIRO ALVES;FUND.DERM.TROP.VEN.ALFRED.MATA;FISIOTERAPEUTA-FIS-P.S.N.S.-D;GERENTE; ESTATUTARIO;21171,90;;21171,90;5818,22;15353,68;
MARGARETE CONCEICAO DAMASCENO;FUND.DERM.TROP.VEN.ALF.DA MATA;MEMBRO;; GRUPO DE TRABALHO;5000,00;;5000,00;505,64;4494,36;
MARIA CARMELIA DE LIMA ALMEIDA;FUND.DERM.TROP.VEN.ALFRED.MATA;ASSIST. DA ADM. AUXILIAR 2A CLASSE;ASSESSOR III AD3; ESTATUTARIO;3320,71;;3320,71;370,69;2950,02;
MARIA CELIA PEREIRA CEZARIO;FUND.DERM.TROP.VEN.ALFRED.MATA;TECNICO DE SAUDE EM DERMATOLOGIA;SUBGERENTE; ESTATUTARIO;6234,46;;6234,46;940,31;5294,15;
MARIA CILENE DIAS DA COSTA;FUND.DERM.TROP.VEN.ALFRED.MATA;AUXILIAR DE ENFERMAGEM A;AUX. DE ENFERMAGEM; ESTATUTARIO;2941,62;;2941,62;304,78;2636,84;
MARIA DA ESPERANÇA PERDIGÃO LIMA;FUND.DERM.TROP.VEN.ALF.DA MATA;CHEFE DE DEPARTAMENTO;NAO INFORMADO; CARGO COMISSION.S/VINCULO;5700,30;;5700,30;1002,95;4697,35;
MARIA DA GRACA SOUZA CUNHA;FUND.DERM.TROP.VEN.ALFRED.MATA;MEDICO DOUTOR;; ESTATUTARIO;17045,53;;17045,53;5464,10;11581,43;
MARIA DAS GRACAS PEREIRA DE SOUSA;FUND.DERM.TROP.VEN.ALFRED.MATA;FARMAC.BIOQ. -FAB-P.S.N.S.-A;; ESTATUTARIO;8917,65;;8917,65;2163,00;6754,65;
MARIA DE JESUS VIEIRA DOS SANTOS;FUND.DERM.TROP.VEN.ALF.DA MATA;AUXILIAR DE SAUDE;; ESTATUTARIO;3720,72;;3720,72;432,92;3287,80;
MARIA DO SOCORRO DE SOUSA CUNHA;FUND.DERM.TROP.VEN.ALFRED.MATA;TEC.DE PAT.CLINICA-TPC-P.S.N.M.-C;; ESTATUTARIO;4556,53;;4556,53;709,50;3847,03;
MARIA DO SOCORRO DIAS DE S LELIS;FUND.DERM.TROP.VEN.ALF.DA MATA;FARMAC.BIOQ. -FAB-P.S.N.S.-A;; ESTATUTARIO;7797,48;;7797,48;1840,49;5956,99;
MARIA DORENILDA ARAUJO LOPES;FUND.DERM.TROP.VEN.ALFRED.MATA;TECNICO DE SAUDE EM DERMATOLOGIA;TEC DAUDE EM DERM; ESTATUTARIO;3234,46;;3234,46;386,76;2847,70;
MARIA GEDALVA DA SILVA COSTA;FUND.DERM.TROP.VEN.ALFRED.MATA;AUXILIAR ADMINISTRATIVO;AUX DE ADM; ESTATUTARIO;5677,18;;5677,18;732,02;4945,16;
MARIA IANE SANTOS DA SILVA;FUND.DERM.TROP.VEN.ALFRED.MATA;TECNICO DE PATOLOGIA CLINICA A;TEC. PATOL. CLINICA; ESTATUTARIO;3486,29;;3486,29;405,65;3080,64;
MARIA INEZ MELO DA CUNHA;FUND.DERM.TROP.VEN.ALFRED.MATA;ASSIST.ADMIN.-ASA-T.S.N.M.-A;; ESTATUTARIO;2769,12;;2769,12;303,68;2465,44;
MARIA LEIDE BARBOSA PINTO;FUND.DERM.TROP.VEN.ALF.DA MATA;AGENTE ADM.-AGA-T.S.N.A.-G;CHEFE DE DEPARTAMENT; ESTATUTARIO;8395,68;;8395,68;1523,37;6872,31;
MARIA MARLICE MAR NUNES;FUND.DERM.TROP.VEN.ALFRED.MATA;AUXILIAR DE ENFERMAGEM A;; ESTATUTARIO;3152,57;;3152,57;362,50;2790,07;
MARIA NAZARE DO ROSARIO UCHOA SILVA;FUND.DERM.TROP.VEN.ALF.DA MATA;MEMBRO;; GRUPO DE TRABALHO;5000,00;;5000,00;505,64;4494,36;
MARIA NESIONEIA RODRIGUES CORREA;FUND.DERM.TROP.VEN.ALF.DA MATA;TEC.DE PAT.CLINICA-TPC-P.S.N.M.-A;; ESTATUTARIO;2563,48;;2563,48;381,43;2182,05;
MARIA NESIONEIA RODRIGUES CORREA;FUND.DERM.TROP.VEN.ALFRED.MATA;TEC.DE PAT.CLINICA-TPC-P.S.N.M.-A;TEC DE PATOLOGIA; ESTATUTARIO;3229,55;;3229,55;394,95;2834,60;
MARIA NIZA VILAS BOAS CONCEICAO;FUND.DERM.TROP.VEN.ALFRED.MATA;TECNICO DE SAUDE EM DERMATOLOGIA;TEC.SAUDE EM DERMAT.; ESTATUTARIO;2634,46;;2634,46;386,76;2247,70;
MARIA SALETE BAHIA MARQUES;FUND.DERM.TROP.VEN.ALFRED.MATA;CONTADOR-CON-T.S.N.S.-B;SUBGERENTE; ESTATUTARIO;7371,16;;7371,16;1595,58;5775,58;
MARIA SENA DE CASTRO;FUND.DERM.TROP.VEN.ALF.DA MATA;ASSIST. DA ADM. AUXILIAR 2A CLASSE;; ESTATUTARIO;3395,87;;3395,87;384,49;3011,38;
MARIA TEREZA COSTA DA ROCHA;FUND.DERM.TROP.VEN.ALF.DA MATA;AGENTE ADM.-AGA-T.S.N.A.-E;; ESTATUTARIO;2621,21;;2621,21;282,97;2338,24;
MARINA VALENTE MAIA ABINADER;FUND.DERM.TROP.VEN.ALF.DA MATA;MEDICO GRADUADO;MEDICO GENERALISTA; ESTATUTARIO;9276,43;;9276,43;2357,29;6919,14;
MATHIAS GAMA DE AGUIAR FERREIRA;FUND.DERM.TROP.VEN.ALFRED.MATA;MEDICO RESIDENTE;; RESIDENTE;4706,09;;4706,09;495,02;4211,07;
MIGUEL DE JESUS QUEIROS DE P JUNIOR;FUND.DERM.TROP.VEN.ALF.DA MATA;AGENTE ADM.-AGA-T.S.N.A.-E;GERENTE; ESTATUTARIO;8628,28;;8628,28;1119,80;7508,48;
MONICA NUNES DE SOUZA SANTOS;FUND.DERM.TROP.VEN.ALFRED.MATA;MEDICO DOUTOR;DIR.ENSINO PESQUISA; ESTATUTARIO;13079,35;;13079,35;3980,30;9099,05;
MONICA VASCONCELOS GUIMARAES;FUND.DERM.TROP.VEN.ALFRED.MATA;FARMAC.BIOQ. -FAB-P.S.N.S.-B;GERENTE; ESTATUTARIO;12400,23;;12400,23;3167,43;9232,80;
NADIA LIMA NEVES;FUND.DERM.TROP.VEN.ALFRED.MATA;AUXILIAR DE ENFERMAGEM A;; ESTATUTARIO;2423,65;;2423,65;352,84;2070,81;
NADIA NEY SOUSA DOS SANTOS;FUND.DERM.TROP.VEN.ALFRED.MATA;ASSESSOR III;NAO INFORMADO; CARGO COMISSION.S/VINCULO;3686,94;;3686,94;414,64;3272,30;
NADIA SOCORRO NOGUEIRA PIMENTEL;FUND.DERM.TROP.VEN.ALFRED.MATA;ENFERMEIRO-ENF-P.S.N.S.-A;GERENTE AD2; ESTATUTARIO;8631,98;;8631,98;2154,68;6477,30;
NADYA FERNANDES PICANCO LOPES;FUND.DERM.TROP.VEN.ALFRED.MATA;MEDICO ESPECIALISTA;; ESTATUTARIO;11340,86;;11340,86;3052,77;8288,09;
NAGILA MARILIA RAMOS F ALBUQUERQUE;FUND.DERM.TROP.VEN.ALF.DA MATA;TEC. DE ENFERMAGEM-TEN-P.S.N.M.-A;; ESTATUTARIO;3163,48;;3163,48;381,43;2782,05;
NATALIA DE CASTRO LOUREIRO;FUND.DERM.TROP.VEN.ALFRED.MATA;PSICOLOGO A;GERENTE; ESTATUTARIO;12290,46;;12290,46;3126,10;9164,36;
NATHALIE DE CASSIA FARIAS OLIVEIRA;FUND.DERM.TROP.VEN.ALF.DA MATA;TEC. DE ENFERMAGEM-TEN-P.S.N.M.-A;; ESTATUTARIO;3486,29;;3486,29;405,65;3080,64;
OCIREMA MELLO DA ROCHA;FUND.DERM.TROP.VEN.ALFRED.MATA;AUXILIAR DE ENFERMAGEM A;AUX. ENFERMAGEM; ESTATUTARIO;2776,98;;2776,98;304,78;2472,20;
ORANGE DA SILVA BATISTA;FUND.DERM.TROP.VEN.ALF.DA MATA;TEC. DE ENFERMAGEM-TEN-P.S.N.M.-A;; ESTATUTARIO;3163,48;;3163,48;381,43;2782,05;
PAOLA RENATA MELO DE SOUZA;FUND.DERM.TROP.VEN.ALF.DA MATA;ASSIST.ADMIN.-ASA-T.S.N.M.-A;SUBGERENTE; ESTATUTARIO;5769,12;;5769,12;772,32;4996,80;
PATRICIA MOTTA DE MORAIS;FUND.DERM.TROP.VEN.ALFRED.MATA;MEDICO MESTRE;; ESTATUTARIO;12117,19;;12117,19;3403,14;8714,05;
PATRICK SUELL DA COSTA RIBEIRO;FUND.DERM.TROP.VEN.ALF.DA MATA;MOTORISTA-MOT-T.S.N.A.-A;; ESTATUTARIO;2910,15;;2910,15;323,42;2586,73;
PAULA FRASSINETTI BESSA REBELLO;FUND.DERM.TROP.VEN.ALFRED.MATA;MEDICO MESTRE;; ESTATUTARIO;13388,30;;13388,30;3823,63;9564,67;
PAULO ANTONIO SILVA CONTENTE;FUND.DERM.TROP.VEN.ALFRED.MATA;MEDICO ESPECIALISTA;MEDICO; ESTATUTARIO;13014,85;;13014,85;3332,79;9682,06;
PAULO CHAVES MARTINS;FUND.DERM.TROP.VEN.ALFRED.MATA;PSICOLOGO-PSI-P.S.N.S.-A;PSICOLOGO; ESTATUTARIO;7939,96;;7939,96;1894,13;6045,83;
PAULO DAVID MORAES DE SOUZA;FUND.DERM.TROP.VEN.ALFRED.MATA;OPERADOR DE MANUTENCAO E APO;OPERADOR MANT.E APOI; ESTATUTARIO;2659,85;;2659,85;288,38;2371,47;
PAULO ROSEMBERG GOES DA SILVA;FUND.DERM.TROP.VEN.ALF.DA MATA;AGENTE ADM.-AGA-T.S.N.A.-E;CHEFE DE DEPARTAMENT; ESTATUTARIO;7621,21;;7621,21;1214,49;6406,72;
PAULO TADEU CAVALCANTE SAIF;FUND.DERM.TROP.VEN.ALFRED.MATA;TEC.DE PAT.CLINICA-TPC-P.S.N.M.-D;; ESTATUTARIO;3953,61;;3953,61;494,43;3459,18;
RAFAELA DE ANDRADE FERREIRA;FUND.DERM.TROP.VEN.ALF.DA MATA;ENFERMEIRO-ENF-P.S.N.S.-A;; ESTATUTARIO;7797,48;;7797,48;1840,49;5956,99;
RAIMUNDA NONATA MESTRINHO OLIVEIRA;FUND.DERM.TROP.VEN.ALFRED.MATA;SUBGERENTE;; CARGO COMISSION.S/VINCULO;4373,16;;4373,16;1543,47;2829,69;
RAIMUNDO AUGUSTO CARVALHO AZEVEDO;FUND.DERM.TROP.VEN.ALFRED.MATA;AGENTE ADMINISTRATIVO A - N.B.;ASSESSOR III; ESTATUTARIO;5621,21;;5621,21;716,63;4904,58;
RAIMUNDO MOREIRA DE OLIVEIRA;FUND.DERM.TROP.VEN.ALFRED.MATA;ASSISTENTE TECNICO A;ASSESSOR III; ESTATUTARIO;7044,71;;7044,71;1369,55;5675,16;
RAIMUNDO NONATO BARBOSA DA SILVA;FUND.DERM.TROP.VEN.ALFRED.MATA;AUXILIAR DE SAUDE 3A CLASSE;ASSESSOR III; ESTATUTARIO;6172,37;;6172,37;924,14;5248,23;
RAQUEL DO CARMO MENEZES;FUND.DERM.TROP.VEN.ALFRED.MATA;TECNICO DE SAUDE EM DERMATOLOGIA;TEC.DE SAUDE; ESTATUTARIO;2886,29;;2886,29;391,43;2494,86;
RAQUEL MARIA NAVARRO;FUND.DERM.TROP.VEN.ALF.DA MATA;PSICOLOGO-PSI-P.S.N.S.-A;; ESTATUTARIO;7797,48;;7797,48;1840,49;5956,99;
REJANE MAGALHAES PINTO DA SILVA;FUND.DERM.TROP.VEN.ALF.DA MATA;TEC.DE PAT.CLINICA-TPC-P.S.N.M.-A;; ESTATUTARIO;4017,97;;4017,97;462,95;3555,02;
RENATA ALMEIDA SCHETTINI COSTA;FUND.DERM.TROP.VEN.ALFRED.MATA;MEDICO ESPECIALISTA;; ESTATUTARIO;9911,14;;9911,14;2583,55;7327,59;
RENATO CANDIDO DA SILVA JUNIOR;FUND.DERM.TROP.VEN.ALFRED.MATA;MEDICO ESPECIALISTA;MEDICO; ESTATUTARIO;14911,14;;14911,14;3334,15;11576,99;
RICARDO VICTOR ARAUJO CAVALCANTE;FUND.DERM.TROP.VEN.ALF.DA MATA;MOTORISTA-MOT-T.S.N.A.-A;SUBGERENTE; ESTATUTARIO;5910,15;;5910,15;773,27;5136,88;
RITA MARIA VALCACIO NOGUEIRA;FUND.DERM.TROP.VEN.ALF.DA MATA;ASSIST.SOC.ASS-P.S.N.S.-CL.A;; ESTATUTARIO;7797,48;;7797,48;1840,49;5956,99;
ROBERTA FERREIRA NAZARETH ALAGIA;FUND.DERM.TROP.VEN.ALFRED.MATA;MEDICO ESPECIALISTA;; ESTATUTARIO;14536,61;;14536,61;3967,59;10569,02;
ROBERTO PINELA PALHETA;FUND.DERM.TROP.VEN.ALFRED.MATA;AGENTE ADM.-AGA-T.S.N.A.-H;; ESTATUTARIO;3409,88;;3409,88;337,07;3072,81;
RODOLFO KENNEDY PALHETA DA SILVA;FUND.DERM.TROP.VEN.ALFRED.MATA;TECNICO DE PATOLOGIA CLINICA A;TEC. PATOL. CLINICA; ESTATUTARIO;3486,29;;3486,29;405,65;3080,64;
ROGER NEVES DE ASSIS;FUND.DERM.TROP.VEN.ALFRED.MATA;PSICOLOGO-PSI-P.S.N.S.-A;SUBGERENTE; ESTATUTARIO;8290,46;;8290,46;2026,10;6264,36;
ROGERIO NOGUEIRA DE CAMARGOS;FUND.DERM.TROP.VEN.ALF.DA MATA;CONTADOR-CON-T.S.N.S.-A;DIRETOR ADMINISTRATI; ESTATUTARIO;16479,56;;16479,56;3993,70;12485,86;
ROMULO DE OLIVEIRA SANTIAGO;FUND.DERM.TROP.VEN.ALFRED.MATA;MOTORISTA-MOT-T.S.N.A.-A;; ESTATUTARIO;2910,15;;2910,15;323,42;2586,73;
RONALDO DE FREITAS DAMASCENO;FUND.DERM.TROP.VEN.ALFRED.MATA;FARMACEUTICO;FARMACEUTICO; ESTATUTARIO;7797,48;;7797,48;1840,49;5956,99;
RONALDO DERZY AMAZONAS;FUND.DERM.TROP.VEN.ALFRED.MATA;DIRETOR PRESIDENTE;DIRETOR PRESIDENTE; CARGO COMISSION.S/VINCULO;12300,00;;12300,00;2948,72;9351,28;
ROSA BATISTA CORREA;FUND.DERM.TROP.VEN.ALFRED.MATA;MEDICO ESPECIALISTA;MEDICA ESPECIALISTA; ESTATUTARIO;10035,92;;10035,92;2629,46;7406,46;
ROSANA FERREIRA LOPES;FUND.DERM.TROP.VEN.ALFRED.MATA;TEC. EM REGISTRO DE SAUDE 3A CLASSE;GERENTE AD2; ESTATUTARIO;4013,94;;4013,94;513,66;3500,28;
ROSEMERE LIMA BENTES GATO;FUND.DERM.TROP.VEN.ALF.DA MATA;TEC. DE ENFERMAGEM-TEN-P.S.N.M.-A;; ESTATUTARIO;3163,48;;3163,48;381,43;2782,05;
ROSSILENE CONCEICAO DA SILVA CRUZ;FUND.DERM.TROP.VEN.ALFRED.MATA;MEDICO MESTRE;; ESTATUTARIO;12313,05;;12313,05;3697,51;8615,54;
ROSSILENE CONCEICAO DA SILVA CRUZ;FUND.DERM.TROP.VEN.ALF.DA MATA;MEDICO MESTRE;; ESTATUTARIO;12525,14;;12525,14;3775,97;8749,17;
ROZILDA PEREIRA DA COSTA;FUND.DERM.TROP.VEN.ALFRED.MATA;TEC.DE PAT.CLINICA-TPC-P.S.N.M.-D;; ESTATUTARIO;4439,68;;4439,68;594,53;3845,15;
SAMUEL RUFINO DA SILVA;FUND.DERM.TROP.VEN.ALF.DA MATA;ASSIST.ADMIN.-ASA-T.S.N.M.-A;; ESTATUTARIO;2769,12;;2769,12;303,68;2465,44;
SANDRA REGINA SALES DE M AQUINO;FUND.DERM.TROP.VEN.ALFRED.MATA;MEDICO MESTRE;; ESTATUTARIO;11539,67;;11539,67;3130,32;8409,35;
SANDRA VALERIA SILVA DE GOUVEIA;FUND.DERM.TROP.VEN.ALFRED.MATA;AGENTE ADM.-AGA-T.S.N.A.-G;; ESTATUTARIO;2989,53;;2989,53;345,86;2643,67;
SARAH DE SOUZA LIMA;FUND.DERM.TROP.VEN.ALF.DA MATA;ASSIST.SOC.ASS-P.S.N.S.-CL.A;; ESTATUTARIO;7797,48;;7797,48;1840,49;5956,99;
SILMARA NAVARRO PENNINI;FUND.DERM.TROP.VEN.ALFRED.MATA;MEDICO MESTRE;CHEFE DE DEPARTAMENT; ESTATUTARIO;12868,04;;12868,04;3680,56;9187,48;
SILVIA MACEDO DA SILVA;FUND.DERM.TROP.VEN.ALF.DA MATA;TEC.DE PAT.CLINICA-TPC-P.S.N.M.-A;; ESTATUTARIO;2634,46;;2634,46;386,76;2247,70;
SILVIA MACEDO DA SILVA;FUND.DERM.TROP.VEN.ALFRED.MATA;TECNICO DE PATOLOGIA CLINICA A;SUBGERENTE; ESTATUTARIO;6234,46;;6234,46;888,17;5346,29;
SILVIA ROCHA NAKAJIMA;FUND.DERM.TROP.VEN.ALF.DA MATA;MEDICO ESPECIALISTA;; ESTATUTARIO;10591,55;;10591,55;2666,39;7925,16;
SIMONE CAROL LOPES FERREIRA TAVARES;FUND.DERM.TROP.VEN.ALFRED.MATA;TEC.DE NIV.SUP.-COMUNICACAO SOCIAL;ASSESSOR I; ESTATUTARIO;11821,24;;11821,24;2795,80;9025,44;
SIRLEY MARTINS DE OLIVEIRA;FUND.DERM.TROP.VEN.ALFRED.MATA;TECNICO DE NIVEL SUPERIOR;; ESTATUTARIO;7092,21;;7092,21;1586,41;5505,80;
SOLANGE GONCALVES KANEKO;FUND.DERM.TROP.VEN.ALFRED.MATA;ASSIST.SOC.ASS-P.S.N.S.-CL.A;ASSIST.SOCIAL; ESTATUTARIO;7197,48;;7197,48;1840,49;5356,99;
SOLEDAD COUTO VALLE BORBOREMA;FUND.DERM.TROP.VEN.ALFRED.MATA;MEDICO ESPECIALISTA;; ESTATUTARIO;10291,09;;10291,09;2723,35;7567,74;
SUELY BEZERRA GOMES;FUND.DERM.TROP.VEN.ALFRED.MATA;AUXILIAR DE ENFERMAGEM A;; ESTATUTARIO;2499,61;;2499,61;368,37;2131,24;
SUELY FERREIRA DA SILVA;FUND.DERM.TROP.VEN.ALFRED.MATA;ASSISTENTE TECNICO A;SUBGERENTE; ESTATUTARIO;6516,83;;6516,83;1259,14;5257,69;
SUZANE DA SILVA LEMOS;FUND.DERM.TROP.VEN.ALF.DA MATA;AGENTE ADM.-AGA-T.S.N.A.-E;; ESTATUTARIO;2621,21;;2621,21;282,97;2338,24;
TANIA REGINA SILVA E SILVA;FUND.DERM.TROP.VEN.ALF.DA MATA;GERENTE;GERENTE AD2; CARGO COMISSION.S/VINCULO;4889,17;;4889,17;2046,64;2842,53;
TATIANA DE MELO BARBOSA;FUND.DERM.TROP.VEN.ALFRED.MATA;AGENTE ADM.-AGA-T.S.N.A.-E;; ESTATUTARIO;2621,21;;2621,21;282,97;2338,24;
TATIANA PEREIRA NAZARE VIEIRA;FUND.DERM.TROP.VEN.ALF.DA MATA;TEC. DE ENFERMAGEM-TEN-P.S.N.M.-A;; ESTATUTARIO;3163,48;;3163,48;381,43;2782,05;
TEREZA VASCONCELOS MOTA;FUND.DERM.TROP.VEN.ALFRED.MATA;ENFERMEIRO-ENF-P.S.N.S.-A;ENFERMEIRA; ESTATUTARIO;8603,10;;8603,10;2062,04;6541,06;
THAISE MARA DA SILVA BARROS;FUND.DERM.TROP.VEN.ALF.DA MATA;AGENTE ADM.-AGA-T.S.N.A.-E;; ESTATUTARIO;2621,21;;2621,21;282,97;2338,24;
THAYS DANIELLY DE ALMEIDA ALVES;FUND.DERM.TROP.VEN.ALF.DA MATA;AGENTE ADM.-AGA-T.S.N.A.-E;; ESTATUTARIO;2621,21;;2621,21;282,97;2338,24;
THEODOMIRO SANTOS DE OLIVEIRA;FUND.DERM.TROP.VEN.ALF.DA MATA;ASSISTENTE TECNICO;SUBGERENTE - AD3; ESTATUTARIO;3120,45;;3120,45;329,34;2791,11;
THIAGO MONTENEGRO DA SILVA;FUND.DERM.TROP.VEN.ALF.DA MATA;MEDICO ESPECIALISTA;; ESTATUTARIO;14911,14;;14911,14;3958,55;10952,59;
THIAGO SOARES VILAS BOAS;FUND.DERM.TROP.VEN.ALFRED.MATA;MEDICO RESIDENTE;; RESIDENTE;4706,09;;4706,09;495,02;4211,07;
THIELLE DA CRUZ DOS SANTOS;FUND.DERM.TROP.VEN.ALF.DA MATA;FARMAC.BIOQ. -FAB-P.S.N.S.-A;; ESTATUTARIO;7797,48;;7797,48;1840,49;5956,99;
UBIRATAN CRUZ DA SILVA;FUND.DERM.TROP.VEN.ALFRED.MATA;AGENTE ADM.-AGA-T.S.N.A.-E;GERENTE; ESTATUTARIO;6621,21;;6621,21;991,63;5629,58;
VALCIMAR NASCIMENTO DA SILVEIRA;FUND.DERM.TROP.VEN.ALF.DA MATA;MEMBRO;; GRUPO DE TRABALHO;5000,00;;5000,00;505,64;4494,36;
VALDERIZA LOURENCO PEDROSA;FUND.DERM.TROP.VEN.ALFRED.MATA;ASSIST.SOC.ASS-P.S.N.S.-CL.C;DIRETOR DE ENSINO E; ESTATUTARIO;17516,48;;17516,48;4677,55;12838,93;
VALDINEI MENDONCA SANTAREM;FUND.DERM.TROP.VEN.ALFRED.MATA;TECNICO DE PATOLOGIA CLINICA A;TEC.DE PATOL.CLINICA; ESTATUTARIO;8163,48;;8163,48;1470,79;6692,69;
VANDERLECIA ORTEGA DOS SANTOS;FUND.DERM.TROP.VEN.ALF.DA MATA;TEC. DE ENFERMAGEM-TEN-P.S.N.M.-A;; ESTATUTARIO;3163,48;;3163,48;381,43;2782,05;
VANESSA CRISTIELE TAVARES FREITAS;FUND.DERM.TROP.VEN.ALF.DA MATA;TEC.DE PAT.CLINICA-TPC-P.S.N.M.-A;; ESTATUTARIO;3163,48;;3163,48;381,43;2782,05;
VANIA LUCIA SAMPAIO;FUND.DERM.TROP.VEN.ALFRED.MATA;TEC.DE PAT.CLINICA-TPC-P.S.N.M.-C;; ESTATUTARIO;4286,75;;4286,75;554,58;3732,17;
WALDEIZA DA COSTA PASSOS;FUND.DERM.TROP.VEN.ALFRED.MATA;AUXILIAR DE ENFERMAGEM A;; ESTATUTARIO;3172,37;;3172,37;383,25;2789,12;
WALDEMARA VASCONCELOS GOMES;FUND.DERM.TROP.VEN.ALFRED.MATA;TEC.DE PAT.CLINICA-TPC-P.S.N.M.-B;; ESTATUTARIO;2911,86;;2911,86;428,30;2483,56;
WALDEMARA VASCONCELOS GOMES;FUND.DERM.TROP.VEN.ALFRED.MATA;TEC.DE PAT.CLINICA-TPC-P.S.N.M.-A;TEC PATOL.CLINICA; ESTATUTARIO;2773,32;;2773,32;414,66;2358,66;
WALID ALI MUSA SALEH;FUND.DERM.TROP.VEN.ALFRED.MATA;FARMACEUTICO BIOQUIMICO A;FARMACEUTICO BIOQ.; ESTATUTARIO;7797,48;;7797,48;1736,22;6061,26;
WALQUIRIA LIMA TUPINAMBA;FUND.DERM.TROP.VEN.ALFRED.MATA;MEDICO ESPECIALISTA;; ESTATUTARIO;9911,14;;9911,14;2583,55;7327,59;
WILLIAM ANTUNES FERREIRA;FUND.DERM.TROP.VEN.ALFRED.MATA;FARMAC.BIOQ. -FAB-P.S.N.S.-B;; ESTATUTARIO;8623,40;;8623,40;2377,35;6246,05;
WILLIAM ANTUNES FERREIRA;FUND.DERM.TROP.VEN.ALFRED.MATA;FARMAC.BIOQ. -FAB-P.S.N.S.-C;; ESTATUTARIO;9663,67;;9663,67;2543,11;7120,56;
YAMA MAYURA ALVES DE SOUSA;FUND.DERM.TROP.VEN.ALFRED.MATA;FARMACEUTICO-FAR-P.S.N.S.-A;SUBGERENTE - AD3; ESTATUTARIO;8675,18;;8675,18;2148,86;6526,32;
YONE MARQUES AVELINO;FUND.DERM.TROP.VEN.ALF.DA MATA;TEC. DE ENFERMAGEM-TEN-P.S.N.M.-A;; ESTATUTARIO;3163,48;;3163,48;381,43;2782,05;
ZULEMA ABENSUR LIMA;FUND.DERM.TROP.VEN.ALFRED.MATA;AGENTE ADM.-AGA-T.S.N.A.-G;; ESTATUTARIO;2989,53;;2989,53;345,86;2643,67;
