NOME;LOTACAO;CARGO;FUNCAO;VINCULO;REMUNERACAO LEGAL TOTAL(R$);DESC.TETO(R$); REMUNERACAO LEGAL DEVIDA(R$);DESCONTOS LEGAIS(R$);LIQUIDO DISPONIVEL(R$);
ADELAIDE MACHADO PORTELA;NUCLEO MEDICO-ASSISTENCIAL;CHEFE DE DEPARTAMENTO;NAO INFORMADO; CARGO COMISSION.S/VINCULO;5600,30;;5600,30;992,10;4608,20;
ADEMIR PINTO DOS SANTOS;CONSELHO DIRETOR;MEDICO MEDICINA TROPICAL;; ESTATUTARIO;8228,13;;8228,13;1997,94;6230,19;
ADUANA MARTINS AMARAL;DIR.ADMINISTRATIVA-FINANCEIRA;ASSISTENTE TECNICO PNM.ANM-III;GERENTE; ESTATUTARIO;6168,95;;6168,95;900,26;5268,69;
AIDA DE SOUZA ROSAS;SETOR DE ENFERMARIA;TECNICO DE PATOLOGIA CLINICA A;; ESTATUTARIO;2773,32;;2773,32;318,26;2455,06;
ALBERTO DIAS DE FIGUEIREDO;SETOR DE ZELAD.VIG.TRANSPORTES;MOTORISTA-MOT-T.S.N.A.-A;MOTORISTA; ESTATUTARIO;2611,35;;2611,35;295,59;2315,76;
ALDERINA SILVANA DE SOUZA PEREIRA;SETOR DE REGISTRO E CONTROLE;AGENTE ADM.-AGA-T.S.N.A.-F;; ESTATUTARIO;3158,16;;3158,16;314,74;2843,42;
ALESSANDRA FERREIRA ALVES;SETOR DE PSIC.REABIL.E FISIOT.;FISIOTERAPEUTA-FIS-P.S.N.S.-A;; ESTATUTARIO;9010,37;;9010,37;2118,84;6891,53;
ALFREDO COIMBRA REICHL;SETOR DE RADIOTERAPIA;MEDICO ESPECIALISTA;; ESTATUTARIO;8757,19;;8757,19;2192,70;6564,49;
ALICE BRITO BRANDÃO;SERVICO DE CIRURGIA ANCOLOGICA;GERENTE;NAO INFORMADO; CARGO COMISSION.S/VINCULO;4593,27;;4593,27;666,54;3926,73;
ALICIA NEVES NASCIMENTO;SAME;TELEFONISTA-TEL-T.S.N.A.-E;; ESTATUTARIO;2326,69;;2326,69;255,74;2070,95;
ANA CLAUDIA LAZAMETH BRASILEIRO;SERVICO DE RADIOTERAPIA;ENFERMEIRO-ENF-P.S.N.S.-A;; ESTATUTARIO;7468,17;;7468,17;1754,15;5714,02;
ANA ELIS GUIMARAES ARAUJO;SETOR DE ENFERMARIA;ENFERMEIRO-ENF-P.S.N.S.-A;; ESTATUTARIO;6882,78;;6882,78;1533,76;5349,02;
ANA LUIZA LOUREIRO GUERREIRO;MANDADO DE SEGURANCA;FISIOTERAPEUTA-FIS-P.S.N.S.-A;; ESTATUTARIO;6882,78;;6882,78;1533,76;5349,02;
ANA MARCIA PROGENIO DA SILVA CUNHA;SETOR DE PATOLOGIA CLINICA;TEC.DE PAT.CLINICA-TPC-P.S.N.M.-A;; ESTATUTARIO;2773,32;;2773,32;318,26;2455,06;
ANA ROSA VASQUES DE OLIVEIRA;SETOR DE PATOLOGIA CLINICA;TEC.DE PAT.CLINICA-TPC-P.S.N.M.-A;; ESTATUTARIO;2818,55;;2818,55;318,26;2500,29;
ANANIAS PEREIRA MARQUES;SETOR DE PATOLOGIA CLINICA;AUX.DE PATOL.CLIN.-APC-P.S.N.A.-A;; ESTATUTARIO;2665,92;;2665,92;303,23;2362,69;
ANDERSON FERREIRA GONCALVES;SETOR NEUROLOGICO;MEDICO ESPECIALISTA;MEDICO ESPECIALISTA; ESTATUTARIO;8867,83;;8867,83;2233,42;6634,41;
ANDRE CESAR GURGEL DE LIMA FERREIRA;SAME;ASSIST.ADMIN.-ASA-T.S.N.M.-A;; ESTATUTARIO;2476,49;;2476,49;276,71;2199,78;
ANDRE LUIS SALES DA COSTA;SERV.CLIN.MED.ONC.E APOIO TER.;PSICOLOGO-PSI-P.S.N.S.-A;; ESTATUTARIO;7319,96;;7319,96;1698,35;5621,61;
ANDRE LUIZ CAMPOS MANCINI;SERV.CLIN.MED.ONC.E APOIO TER.;MEDICO ESPECIALISTA;; ESTATUTARIO;8757,19;;8757,19;2192,70;6564,49;
ANDRE LUIZ DOMINGUES;NUCLEO MEDICO-ASSISTENCIAL;MEDICO ESPECIALISTA;; ESTATUTARIO;8757,19;;8757,19;2192,70;6564,49;
ANDREA DE SOUZA BEZERRA;SETOR DE ENFERMARIA;TEC. DE ENFERMAGEM-TEN-P.S.N.M.-A;; ESTATUTARIO;3531,09;;3531,09;378,92;3152,17;
ANDREA LIMA DE SOUZA MARQUES;SETOR DE FARMACIA;FARMACEUTICO-FAR-P.S.N.S.-A;FARMACEUTICO; ESTATUTARIO;7009,13;;7009,13;1581,33;5427,80;
ANDREA PEREZ DE CASTRO;SERVICO COMPLEM.DE DIAGNOSTICO;TECNICO DE PATOLOGIA CLINICA A;TEC.DE PAT.CLINICA A; ESTATUTARIO;2773,32;;2773,32;318,26;2455,06;
ANDREIA RIBEIRO DA SILVA;SERVICO DE ENFERMAGEM;TEC. DE ENFERMAGEM-TEN-P.S.N.M.-A;TEC ENFERMAGEM; ESTATUTARIO;3031,52;;3031,52;374,89;2656,63;
ANDRESSA DOS SANTOS SIQUEIRA;SETOR DE PATOLOGIA CLINICA;TEC.DE PAT.CLINICA-TPC-P.S.N.M.-A;; ESTATUTARIO;2773,32;;2773,32;318,26;2455,06;
ANDREZA NUNES BEZERRA;SERVICO DE RADIOTERAPIA;TEC.DE RADIOTERAPIA-TER-P.S.N.M.-A;; ESTATUTARIO;2773,32;;2773,32;318,26;2455,06;
ANDREZZA DEZINCOURT DE OLIVEIRA;DIVISAO DE ADMINISTRACAO;TELEFONISTA-TEL-T.S.N.A.-E;; ESTATUTARIO;2326,69;;2326,69;238,69;2088,00;
ANGELA DA COSTA LINS;SETOR DE RADIOTERAPIA;TEC.DE RADIOTERAPIA-TER-P.S.N.M.-A;TEC EM RADIO TERAPIA; ESTATUTARIO;2831,91;;2831,91;326,47;2505,44;
ANGELA MARIA COELHO MOURA;SECAO DE SERVICOS GERAIS;AUX.DE SERV.GER.-ASG-T.S.N.A.-A;; ESTATUTARIO;2277,55;;2277,55;248,86;2028,69;
ANTONIA GILVA DA SILVA DO CASAL;SETOR DE FARMACIA;FARMACEUTICO-FAR-P.S.N.S.-A;; ESTATUTARIO;6882,78;;6882,78;1533,76;5349,02;
ANTONIA GRACIONY DANIEL SILVA;SECAO DE SERVICOS GERAIS;AUX.DE SERV.GER.-ASG-T.S.N.A.-A;; ESTATUTARIO;2277,55;;2277,55;248,86;2028,69;
ANTONIA LIMA ARAUJO;SETOR DE ENFERMARIA;AUXILIAR DE SAUDE 3A CLASSE;; ESTATUTARIO;2594,95;;2594,95;270,28;2324,67;
ANTONINA DE CASTRO PONTES;SERVICO DE ENFERMAGEM;TEC. DE ENFERMAGEM-TEN-P.S.N.M.-A;; ESTATUTARIO;3850,25;;3850,25;446,75;3403,50;
ANTONIO CARLOS BITENCOURT DA COSTA;SERVICO DE ENFERMAGEM;TEC. DE ENFERMAGEM-TEN-P.S.N.M.-A;TEC. DE ENFERMAGEM; ESTATUTARIO;3796,50;;3796,50;417,17;3379,33;
ANTONIO CARLOS DA SILVA;SETOR DE REGISTRO E CONTROLE;AGENTE ADM.-AGA-T.S.N.A.-F;; ESTATUTARIO;2880,05;;2880,05;306,07;2573,98;
ARLENE MACHADO DE SOUZA;SAME;ASSISTENTE TECNICO A;SUBGERENTE AD-3; ESTATUTARIO;6258,47;;6258,47;959,82;5298,65;
ARTHENIZE RIAME PRAIA G C ARAUJO;SETOR DE ENFERMARIA;TEC. DE ENFERMAGEM-TEN-P.S.N.M.-A;; ESTATUTARIO;2273,32;;2273,32;;2273,32;
AUGUSTO GUILHERME DE A MARTINOT;SECAO DE SERVICOS GERAIS;ENGENHEIRO ELETR.-EEL-T.S.N.S.-A;; ESTATUTARIO;5308,96;;5308,96;967,65;4341,31;
BARBARA FONSECA ABRAHIM;SETOR DE NUTRICAO E DIETETICA;GERENTE;GERENTE AD-2; CARGO COMISSION.S/VINCULO;4593,27;;4593,27;666,54;3926,73;
BARBARA SILVA DE OLIVEIRA BINDA;SETOR DE PATOLOGIA CLINICA;TEC.DE PAT.CLINICA-TPC-P.S.N.M.-A;; ESTATUTARIO;2807,35;;2807,35;318,26;2489,09;
BIANCA FARIAS DOS SANTOS;DIVISAO DE ADMINISTRACAO;ASSIST.ADMIN.-ASA-T.S.N.M.-A;; ESTATUTARIO;2423,59;;2423,59;269,30;2154,29;
BIANCA PAIVA MAIA PRIMO;SERVICO DE ENFERMAGEM;TEC. DE ENFERMAGEM-TEN-P.S.N.M.-A;; ESTATUTARIO;2831,91;;2831,91;293,82;2538,09;
BRENA DE LOURDES AGUIAR LIMA;SETOR DE FARMACIA;FARMAC.BIOQ. -FAB-P.S.N.S.-A;; ESTATUTARIO;6882,78;;6882,78;1533,76;5349,02;
BRUCE DIEGO LACERDA PEREIRA;SERVICO DE RADIOTERAPIA;TEC.DE RADIOTERAPIA-TER-P.S.N.M.-A;; ESTATUTARIO;2773,32;;2773,32;307,66;2465,66;
BRUNO DE SOUZA SILVA;DIVISAO DE ADMINISTRACAO;ASSIST.ADMIN.-ASA-T.S.N.M.-A;; ESTATUTARIO;2476,49;;2476,49;276,71;2199,78;
BRUNO FREIRE DE ALMEIDA;SETOR DE FARMACIA;AUX.DE FARMACIA-AFA-P.S.N.A.-A;; ESTATUTARIO;2430,57;;2430,57;270,28;2160,29;
BRUNO NAZARE NOGUEIRA;SAME;ASSIST.ADMIN.-ASA-T.S.N.M.-A;; ESTATUTARIO;2476,49;;2476,49;276,71;2199,78;
CARLA NATERCIA CABRAL DE OLIVEIRA;SETOR DE FARMACIA;FARMACEUTICO-FAR-P.S.N.S.-A;; ESTATUTARIO;6882,78;;6882,78;1533,76;5349,02;
CARLOS ALBERTO GUIMARAES;SETOR DE PATOLOGIA CLINICA;TEC.DE HISTOLOGIA-THI-P.S.N.M.-C;; ESTATUTARIO;3637,44;;3637,44;448,91;3188,53;
CARLOS VICTOR DA CUNHA URTIGA;SETOR DE PATOLOGIA CLINICA;GERENTE;NAO INFORMADO; CARGO COMISSION.S/VINCULO;4593,27;;4593,27;666,54;3926,73;
CAYO CESAR FERREIRA ALVES;SETOR DE ENDOSCOPIA;ASSIST.ADMIN.-ASA-T.S.N.M.-A;CHEFE DE DEPARTAMENT; ESTATUTARIO;7423,59;;7423,59;1142,98;6280,61;
CECILIA EMILY FERREIRA DE SOUZA;SETOR DE ENFERMARIA;TEC. DE ENFERMAGEM-TEN-P.S.N.M.-A;; ESTATUTARIO;2807,24;;2807,24;127,31;2679,93;
CECILIA OLIVEIRA DE CARVALHO;SETOR DE FARMACIA;FARMACEUTICO-FAR-P.S.N.S.-A;; ESTATUTARIO;6882,78;;6882,78;1533,76;5349,02;
CELINA DE JESUS GUIMARAES;SETOR DE FARMACIA;FARMACEUTICO-FAR-P.S.N.S.-A;FARMACEUTICO; ESTATUTARIO;7559,98;;7559,98;1788,72;5771,26;
CHRISTIANE MENDES COSTA;SETOR DE CITOPATOLOGIA;TEC.DE HISTOLOGIA-THI-P.S.N.M.-A;TEC.HISTOLOGIA; ESTATUTARIO;3012,69;;3012,69;371,05;2641,64;
CIBELE DE SOUSA MENEZES;SETOR DE BIBLIOTECA;BIBLIOTECARIO-BIB-T.S.N.S.-A;; ESTATUTARIO;5308,96;;5308,96;967,65;4341,31;
CLAUDIA DE ARAUJO LIRA;SERVICO DE ENFERMAGEM;AGENTE ADM.-AGA-T.S.N.A.-G;; ESTATUTARIO;2694,53;;2694,53;307,23;2387,30;
CLAUDIA PATRICIA DA SILVA CHAVES;SETOR DE ANATOMIA PATOLOGICA;TEC.DE HISTOLOGIA-THI-P.S.N.M.-A;; ESTATUTARIO;2773,32;;2773,32;318,26;2455,06;
CLAUDIA RODRIGUES DE CASTRO SANTANA;SETOR DE ENFERMARIA;AUXILIAR DE ENFERMAGEM A;AUX. DE ENFERMAGEM A; ESTATUTARIO;3293,27;;3293,27;316,70;2976,57;
CLAUDINEIA DE PAULA CHINCKR;DIVISAO DE ADMINISTRACAO;RECEPCIONISTA-REC-T.S.N.A.-E;; ESTATUTARIO;1792,42;;1792,42;;1792,42;
CLAUDIO DE CASTRO COELHO;DIR.ADMINISTRATIVA-FINANCEIRA;GERENTE;NAO INFORMADO; CARGO COMISSION.S/VINCULO;4593,27;;4593,27;666,54;3926,73;
CLECIO LEITE GOMES;SETOR DE PATOLOGIA CLINICA;TECNICO DE PATOLOGIA CLINICA A;; ESTATUTARIO;2773,32;;2773,32;318,26;2455,06;
CLEOPATRA MEDINA NORONHA AREOSA;SETOR DE CENTRO MEDICO;MEDICO DOUTOR;MEDICO ESPECIALISTA; ESTATUTARIO;12962,58;;12962,58;3749,62;9212,96;
CRISTIANE SILVEIRA LIMA;NUCLEO MEDICO-ASSISTENCIAL;MEDICO ESPECIALISTA;; ESTATUTARIO;8367,83;;8367,83;;8367,83;
CRISTIANO DE MOURA PEREIRA;SETOR DE IMAGENOLOGIA;TEC.DE RAD.MEDICA-TRM-P.S.N.M.-A;; ESTATUTARIO;2831,91;;2831,91;293,82;2538,09;
CRISTINA RIBEIRO LOPES;NUCLEO MEDICO-ASSISTENCIAL;TEC.DE PAT.CLINICA-TPC-P.S.N.M.-A;; ESTATUTARIO;2773,32;;2773,32;318,26;2455,06;
DAIANE FERREIRA DE OLIVEIRA;SERVICO COMPLEM.DE DIAGNOSTICO;TEC.DE HISTOLOGIA-THI-P.S.N.M.-A;; ESTATUTARIO;2600,82;;2600,82;255,96;2344,86;
DAMIANA CELESTE PONTES;SETOR DE ENFERMARIA;TEC.DE PAT.CLINICA-TPC-P.S.N.M.-D;; ESTATUTARIO;3264,17;;3264,17;322,49;2941,68;
DANGELA MARIA DOS SANTOS BARBOSA;SETOR DE IMAGENOLOGIA;TEC.DE RAD.MEDICA-TRM-P.S.N.M.-A;; ESTATUTARIO;2925,56;;2925,56;341,10;2584,46;
DANIEL DA SILVA GLORIA;SETOR DE PSIC.REABIL.E FISIOT.;FISIOTERAPEUTA-FIS-P.S.N.S.-A;; ESTATUTARIO;6882,78;;6882,78;1533,76;5349,02;
DANIEL FERREIRA DIAS;SECAO DE PESSOAL;ASSIST.ADMIN.-ASA-T.S.N.M.-A;; ESTATUTARIO;2476,49;;2476,49;276,71;2199,78;
DANIEL FREIRE NAKAMURA;SETOR DE AMBULATORIO;MEDICO ESPECIALISTA; MEDICO ESPECIALISTA; ESTATUTARIO;8867,83;;8867,83;2233,42;6634,41;
DANIEL MACEDO CARNEIRO;SETOR DE FARMACIA;ASSISTENTE TECNICO A;ASSIST. TECNICO; ESTATUTARIO;2534,75;;2534,75;249,04;2285,71;
DANIELE RODRIGUES CAMPOS;SETOR DE PATOLOGIA CLINICA;AUX.DE PATOL.CLIN.-APC-P.S.N.A.-A;; ESTATUTARIO;2595,87;;2595,87;133,36;2462,51;
DANIELLE GUIMARAES COELHO;DIVISAO DE ADMINISTRACAO;TELEFONISTA-TEL-T.S.N.A.-E;; ESTATUTARIO;2292,42;;2292,42;250,94;2041,48;
DELCIDIA DA SILVA ALMEIDA;SETOR DE ENFERMARIA;TEC. DE ENFERMAGEM-TEN-P.S.N.M.-A;; ESTATUTARIO;2773,32;;2773,32;;2773,32;
DENIZE AQUINO DE SOUZA;SETOR DE ENFERMARIA;TEC. DE ENFERMAGEM-TEN-P.S.N.M.-A;TEC DE ENFERMAGEM; ESTATUTARIO;2831,91;;2831,91;326,47;2505,44;
DENIZE DA CRUZ LEMOS;SETOR DE CITOPATOLOGIA;TEC.DE HISTOLOGIA-THI-P.S.N.M.-A;TEC.HISTOLOGIA; ESTATUTARIO;2331,91;;2331,91;326,47;2005,44;
DENIZE DA SILVA CASTRO;SECAO DE MATERIAL E PATRIMONIO;ASSIST.ADMIN.-ASA-T.S.N.M.-A;; ESTATUTARIO;2423,59;;2423,59;269,30;2154,29;
DENIZE MATILDE AGUIAR DE ASSIS;SETOR DE HEMATOL.E HEMOTERAPIA;TEC. DE HEMOTERAP.-THE-P.S.N.M.-D;; ESTATUTARIO;2744,20;;2744,20;418,39;2325,81;
DEUZA MARIA NOGUEIRA ROSARIO;SECAO DE ORCAMENTO E FINANCAS;TECNICO-TEC-T.S.N.S.-D;CHEFE DE DEPARTAMENT; ESTATUTARIO;12851,76;;12851,76;3181,94;9669,82;
DIANA NOGUEIRA DO NASCIMENTO;SETOR DE AMBULATORIO;MEDICO ESPECIALISTA;MED ESPECIALISTA; ESTATUTARIO;8867,83;;8867,83;2233,42;6634,41;
DIEGO DA SILVA FRONER;DIVISAO DE ADMINISTRACAO;BACHAREL EM COMP.-BQO-T.S.N.S.-A;; ESTATUTARIO;5419,57;;5419,57;1004,55;4415,02;
DIEGO MONTEIRO DE CARVALHO;NUCLEO MEDICO-ASSISTENCIAL;MEDICO ESPECIALISTA;; ESTATUTARIO;8757,19;;8757,19;2192,70;6564,49;
DIOGENES DE LIMA FRANCA;SETOR DE ENFERMARIA;TEC. DE ENFERMAGEM-TEN-P.S.N.M.-D;; ESTATUTARIO;3192,29;;3192,29;376,92;2815,37;
DIOMARA DE OLIVEIRA BEZERRA;SETOR DE ENFERMARIA;TEC. DE ENFERMAGEM-TEN-P.S.N.M.-A;; ESTATUTARIO;2548,03;;2548,03;318,26;2229,77;
DIRCE COSTA ONETY;SERVICO DE ENFERMAGEM;MEDICO ESPECIALISTA;MEDICO URGENTISTA; ESTATUTARIO;8867,83;;8867,83;2233,42;6634,41;
EDILANE PORTO DIAS;SETOR DE ENFERMARIA;ENFERMEIRO-ENF-P.S.N.S.-A;; ESTATUTARIO;7154,19;;7154,19;1608,40;5545,79;
EDILANE SILVA MENDONCA;SETOR DE ENFERMARIA;TEC. DE ENFERMAGEM-TEN-P.S.N.M.-A;; ESTATUTARIO;2773,32;;2773,32;318,26;2455,06;
EDILENE FERREIRA DOS SANTOS;SETOR DE HEMATOL.E HEMOTERAPIA;TECNICO DE HEMOTERAPIA A;; ESTATUTARIO;2569,63;;2569,63;382,69;2186,94;
EDLA ANTUNES FALCAO DE SOUZA;SETOR DE NUTRICAO E DIETETICA;NUTRICIONISTA C;; ESTATUTARIO;7596,90;;7596,90;1938,74;5658,16;
EDMILZA PORTO DIAS;SETOR DE ENFERMARIA;ENFERMEIRO-ENF-P.S.N.S-D;SUBGERENTE; ESTATUTARIO;8006,62;;8006,62;2145,13;5861,49;
EDNA AUZIER FELIX;SETOR DE ENFERMARIA;TEC. DE ENFERMAGEM-TEN-P.S.N.M.-A;; ESTATUTARIO;3850,25;;3850,25;446,75;3403,50;
EDSON DE OLIVEIRA ANDRADE;SETOR ABDOMINO-TORAXICO;MEDICO DOUTOR;; ESTATUTARIO;12480,06;;12480,06;3756,20;8723,86;
EDSON MAURO SILVA OLIVEIRA;SETOR DE AMBULATORIO;MEDICO ESPECIALISTA;MEDICO ESPECIALISTA; ESTATUTARIO;8867,83;;8867,83;1980,37;6887,46;
EDUARDO JORGE SANTORO CARRILHO;SETOR DE ZELAD.VIG.TRANSPORTES;MOTORISTA-MOT-T.S.N.A.-B;; ESTATUTARIO;2893,98;;2893,98;335,16;2558,82;
EJANDRE LUNIERES DE SANTIAGO;SETOR ABDOMINO-TORAXICO;MEDICO ESPECIALISTA;; ESTATUTARIO;9386,74;;9386,74;2267,91;7118,83;
ELAINE CRISTINA REIS CORREA;SETOR DE PATOLOGIA CLINICA;TEC.DE PAT.CLINICA-TPC-P.S.N.M.-B;; ESTATUTARIO;3012,69;;3012,69;371,05;2641,64;
ELAINE DOS SANTOS MAIA;SETOR DE AMBULATORIO;TEC. DE ENFERMAGEM-TEN-P.S.N.M.-A;; ESTATUTARIO;2831,91;;2831,91;293,82;2538,09;
ELANE ALMEIDA DA COSTA;SETOR DE ENFERMARIA;AUXILIAR DE ENFERMAGEM A;; ESTATUTARIO;2594,95;;2594,95;270,28;2324,67;
ELENISE CHAVES DOS SANTOS;SETOR DE ENFERMARIA;TEC. DE ENFERMAGEM-TEN-P.S.N.M.-A;TEC DE ENFERMAGEN; ESTATUTARIO;2831,91;;2831,91;261,17;2570,74;
ELEONIS FREITAS NUNES;SETOR DE ZELAD.VIG.TRANSPORTES;MOTORISTA-MOT-T.S.N.A.-A;; ESTATUTARIO;3819,64;;3819,64;384,03;3435,61;
ELI MASSAO SHIRAYANAGUI DOS SANTOS;SETOR DE PATOLOGIA CLINICA;FARMAC.BIOQ. -FAB-P.S.N.S.-A;; ESTATUTARIO;6882,78;;6882,78;1429,48;5453,30;
ELIENE CAVALCANTI BUENO DE CASTRO;SERVICOS TECNICOS;ASSIST.SOC.ASS-P.S.N.S.-CL.A;ASSIST SOCIAL; ESTATUTARIO;7009,13;;7009,13;1581,33;5427,80;
ELIENE SILVA MOTA;SECAO DE ORCAMENTO E FINANCAS;ASSIST.ADMIN.-ASA-T.S.N.M.-A;; ESTATUTARIO;2476,49;;2476,49;276,71;2199,78;
ELISAMAR ANDREA CANTO DOS SANTOS;SERVICO DE ENFERMAGEM;TEC. DE ENFERMAGEM-TEN-P.S.N.M.-A;TEC. DE ENFERMAGEM; ESTATUTARIO;2881,85;;2881,85;261,17;2620,68;
ELISANGELA LACERDA DOS REIS;SETOR DE PATOLOGIA CLINICA;FARMAC.BIOQ. -FAB-P.S.N.S.-A;; ESTATUTARIO;7222,03;;7222,03;1627,05;5594,98;
ELIZANGELA DA SILVA;SAME;ASSIST.ADMIN.-ASA-T.S.N.M.-A;; ESTATUTARIO;2476,49;;2476,49;276,71;2199,78;
ELIZIANE LIMA DA SILVA;MANDADO DE SEGURANCA;FARMACEUTICO-FAR-P.S.N.S.-A;; ESTATUTARIO;6882,78;;6882,78;1533,76;5349,02;
ELLEN ALBUQUERQUE DE FREITAS;SETOR DE ENFERMARIA;ENFERMEIRO-ENF-P.S.N.S.-A;; ESTATUTARIO;6882,78;;6882,78;1533,76;5349,02;
ELLERY BARRETO COSTA;SETOR DE FARMACIA;FARMACEUTICO-FAR-P.S.N.S.-A;; ESTATUTARIO;7140,82;;7140,82;1630,91;5509,91;
EMILY DOS SANTOS FRANCO;SETOR DE ANATOMIA PATOLOGICA;MEDICO ESPECIALISTA;; ESTATUTARIO;8757,19;;8757,19;2192,70;6564,49;
ENEIDE MARIA DE SOUSA;SETOR DE IMAGENOLOGIA;TEC.DE RAD.MEDICA-TRM-P.S.N.M.-B;; ESTATUTARIO;3133,65;;3133,65;380,12;2753,53;
ENIO LUCIO COELHO DUARTE;SETOR DE RADIOTERAPIA;MEDICO ESPECIALISTA;; ESTATUTARIO;8867,83;;8867,83;2233,42;6634,41;
ERICK ANDRADE DE PAIVA;SETOR DE FARMACIA;AUX.DE FARMACIA-AFA-P.S.N.A.-A;; ESTATUTARIO;2430,57;;2430,57;270,28;2160,29;
ERIVALDO MOREIRA DIAS;SECAO DE PESSOAL;AUX.DE SERV.GER.-ASG-T.S.N.A.-B;; ESTATUTARIO;3238,85;;3238,85;328,63;2910,22;
ERNANDA RAQUEL DE Q G S E FERNANDES;SETOR DE PATOLOGIA CLINICA;FARMAC.BIOQ. -FAB-P.S.N.S.-A;; ESTATUTARIO;6882,78;;6882,78;1533,76;5349,02;
ERONILDES AUGUSTO DOS SANTOS;SERVICO DE ENFERMAGEM;FISIOTERAPEUTA A;; ESTATUTARIO;9593,28;;9593,28;2323,51;7269,77;
EUGENIA SEIXAS DOS SANTOS MARQUES;SERVICO DE ENFERMAGEM;AUXILIAR DE ENFERMAGEM A;; ESTATUTARIO;2594,95;;2594,95;270,28;2324,67;
EVA MOTA DA SILVA;DIVISAO DE ADMINISTRACAO;ASSIST.ADMIN.-ASA-T.S.N.M.-A;; ESTATUTARIO;1923,59;;1923,59;;1923,59;
EVELYN GUIMARAES LORIS;DIR.ADMINISTRATIVA-FINANCEIRA;AGENTE ADMINISTRATIVO A - N.B.;SUBGERENTE; ESTATUTARIO;5204,39;;5204,39;564,62;4639,77;
FABIANA LO PRESTI MENDONCA ROSAS;SETOR DE AMBULATORIO;MEDICO ESPECIALISTA;MEDICO ESPECIALISTA; ESTATUTARIO;8867,83;;8867,83;2233,42;6634,41;
FABIANA SOUZA MOREIRA;AMBULATORIO-DEPTO.ENFERMAGEM;SUBGERENTE;NAO INFORMADO; CARGO COMISSION.S/VINCULO;3586,94;;3586,94;402,69;3184,25;
FABIOLA CARDOSO GOMES;NUCLEO MEDICO-ASSISTENCIAL;FARMACEUTICO-FAR-P.S.N.S.-A;; ESTATUTARIO;6882,78;;6882,78;1533,76;5349,02;
FABIOLA DE PAULA FERREIRA;SETOR DE ENFERMARIA;AUXILIAR DE ENFERMAGEM A;; ESTATUTARIO;2594,95;;2594,95;270,28;2324,67;
FABIOLA DE PAULA FERREIRA;SERVICO DE ENFERMAGEM;TEC. DE ENFERMAGEM-TEN-P.S.N.M.-A;TEC. DE ENFERMAGEM; ESTATUTARIO;2531,52;;2531,52;374,89;2156,63;
FABIOLA LIMA DA SILVA;DIVISAO DE ADMINISTRACAO;ASSIST.ADMIN.-ASA-T.S.N.M.-A;; ESTATUTARIO;2423,59;;2423,59;269,30;2154,29;
FABIOLA MENDES DE OLIVEIRA;SETOR DE RADIOTERAPIA;TEC.DE RADIOTERAPIA-TER-P.S.N.M.-A;; ESTATUTARIO;2773,32;;2773,32;318,26;2455,06;
FABRICIO LIMA MOURA;NUCLEO MEDICO-ASSISTENCIAL;MEDICO ESPECIALISTA;; ESTATUTARIO;8757,19;;8757,19;2088,43;6668,76;
FABRICIO PIMENTEL DOS SANTOS;SECAO DE EXPEDIENTE;MOTORISTA-MOT-T.S.N.A.-A;; ESTATUTARIO;2692,18;;2692,18;295,59;2396,59;
FATIMA KANAWATI DE OLIVEIRA;ASSESSORIA;ASSISTENTE TECNICO B;ASSESSOR III AD 3; ESTATUTARIO;6258,47;;6258,47;959,82;5298,65;
FERNANDO HENRIQUE DA SILVA CASCAES;DIVISAO DE ADMINISTRACAO;TELEFONISTA-TEL-T.S.N.A.-E;; ESTATUTARIO;2326,69;;2326,69;255,74;2070,95;
FERNANDO MARTINS MOREIRA;DIVISAO DE ADMINISTRACAO;GERENTE;NAO INFORMADO; CARGO COMISSION.S/VINCULO;4593,27;;4593,27;666,54;3926,73;
FILIPE DIEGO RODRIGUES DOS SANTOS;SECAO DE ORCAMENTO E FINANCAS;AGENTE ADM.-AGA-T.S.N.A.-E;GERENTE AD-2; ESTATUTARIO;2292,42;;2292,42;250,94;2041,48;
FRANCELINA DE SOUZA MONTEIRO;SETOR DE ENFERMARIA;TEC. DE ENFERMAGEM-TEN-P.S.N.M.-A;TEC ENFERMAGEM; ESTATUTARIO;2831,91;;2831,91;326,47;2505,44;
FRANCILENA MARINHO SOARES DE JESUS;SERVICO DE ENFERMAGEM;TEC. DE ENFERMAGEM-TEN-P.S.N.M.-A;; ESTATUTARIO;2881,85;;2881,85;337,82;2544,03;
FRANCINEIDA COLARES DE OLIVEIRA;SETOR DE ENFERMARIA;AUXILIAR DE ENFERMAGEM - F;; ESTATUTARIO;2594,95;;2594,95;270,28;2324,67;
FRANCISCA RODRIGUES DUARTE;SECAO DE SERVICOS GERAIS;AUX.DE SERV.GER.-ASG-T.S.N.A.-A;; ESTATUTARIO;2277,55;;2277,55;248,86;2028,69;
FRANCISCO BATISTA PIMENTEL;SETOR DE ENFERMARIA;TEC. DE ENFERMAGEM-TEN-P.S.N.M.-A;; ESTATUTARIO;2773,32;;2773,32;318,26;2455,06;
FRANCISCO CARLOS ALVES DE LIMA;SETOR DE ALMOXARIFADO;AGENTE ADM.-AGA-T.S.N.A.-G;; ESTATUTARIO;2524,48;;2524,48;283,43;2241,05;
FRANCISCO DAMIAO SILVA DE SOUZA;SETOR DE ZELAD.VIG.TRANSPORTES;MOTORISTA-MOT-T.S.N.A.-A;; ESTATUTARIO;2548,65;;2548,65;286,81;2261,84;
FRANCISCO DE ASSIS VIEIRA;SETOR DE ENFERMARIA;TEC. DE ENFERMAGEM-TEN-P.S.N.M.-A;; ESTATUTARIO;2848,71;;2848,71;318,26;2530,45;
FRANCISCO DELMAR PEREIRA DOS SANTOS;NUCLEO MEDICO-ASSISTENCIAL;AGENTE ADM.-AGA-T.S.N.A.-G;; ESTATUTARIO;2125,10;;2125,10;297,51;1827,59;
FRANCISCO ENIO DOS SANTOS;SETOR DE RADIOTERAPIA;TECNICO EM RADIOTERAPIA;TEC DE RADIOTERAPIA; ESTATUTARIO;2773,32;;2773,32;318,26;2455,06;
FRANCISCO GILVAN MOREIRA NEVES;SETOR DE ENFERMARIA;TEC. DE ENFERMAGEM-TEN-P.S.N.M.-A;TEC. DE ENFERMAGEM; ESTATUTARIO;2981,74;;2981,74;345,32;2636,42;
FRANK LANDE BELEM MAGALHAES;SETOR DE NUTRICAO E DIETETICA;COZINHEIRO-T.S.N.A.-A;COZINHEIRO; ESTATUTARIO;2398,79;;2398,79;255,74;2143,05;
FUMIE ISHIZAWA;SERVICO DE CIRURGIA ANCOLOGICA;GERENTE;NAO INFORMADO; CARGO COMISSION.S/VINCULO;4593,27;;4593,27;666,54;3926,73;
GEISA SALVADOR GOES;ASSESSORIA;ASSESSOR II;; CARGO COMISSION.S/VINCULO;4593,27;;4593,27;666,54;3926,73;
GEORGE AUGUSTO M L ALBUQUERQUE;SETOR GENITO PELVICO UROLOGICO;MEDICO ESPECIALISTA;GERENTE; ESTATUTARIO;12757,19;;12757,19;3292,70;9464,49;
GEORGIANA BESERRA DO NASCIMENTO;SETOR DE PATOLOGIA CLINICA;AUX.DE PATOL.CLIN.-APC-P.S.N.A.-A;; ESTATUTARIO;2541,13;;2541,13;285,76;2255,37;
GERSON ANTONIO DOS SANTOS MOURAO;SETOR GENITO PELVICO UROLOGICO;MEDICO ESPECIALISTA;DIRETOR PRESIDENTE; ESTATUTARIO;19388,08;;19388,08;5185,49;14202,59;
GERSON EDUARDO MACENA;ASSESSORIA;ASSIST.ADMIN.-ASA-T.S.N.M.-A;; ESTATUTARIO;2476,49;;2476,49;276,71;2199,78;
GEYZA CAMARA AREQUE;DIVISAO DE ADMINISTRACAO;TELEFONISTA-TEL-T.S.N.A.-E;; ESTATUTARIO;2326,69;;2326,69;255,74;2070,95;
GILCIMAR BENFICA ALVES;SETOR DE IMAGENOLOGIA;TEC.DE RAD.MEDICA-TRM-P.S.N.M.-A;TEC EM RADIOLOGIA; ESTATUTARIO;2925,56;;2925,56;326,47;2599,09;
GILMARA BRAGA BENTES;SETOR DE NUTRICAO E DIETETICA;NUTRICIONISTA-NUT-P.S.N.S.-A;; ESTATUTARIO;9010,37;;9010,37;2118,84;6891,53;
GILSON JOSE CORREA;SETOR ABDOMINO-TORAXICO;MEDICO MESTRE;; ESTATUTARIO;10135,81;;10135,81;2699,72;7436,09;
GISELY DE SOUSA IMBIRIBA;SERVICO DE ENFERMAGEM;TEC. DE ENFERMAGEM-TEN-P.S.N.M.-A;TEC. DE ENFERMAGEM; ESTATUTARIO;3609,21;;3609,21;392,38;3216,83;
GIUSEPPE FIGLIUOLO;SETOR DE AMBULATORIO;MEDICO ESPECIALISTA;; ESTATUTARIO;9572,89;;9572,89;2498,87;7074,02;
GLAUCIANE DO SOCORRO MOREIRA NEVES;SETOR DE ENFERMARIA;ENFERMEIRO-ENF-P.S.N.S.-A;ENFERMEIRA; ESTATUTARIO;7468,17;;7468,17;1666,71;5801,46;
GRACA MARIA GONDIM DE ALBUQUERQUE;CONSELHO DIRETOR;ENFERMEIRO-ENF-P.S.N.S.-B;GERENTE; ESTATUTARIO;11607,89;;11607,89;2906,76;8701,13;
GREICY MONTEIRO MARQUES;SETOR DE PATOLOGIA CLINICA;FARMAC.BIOQ. -FAB-P.S.N.S.-A;FARMACEUTICOB.QUIMI; ESTATUTARIO;7468,17;;7468,17;1754,15;5714,02;
GUIOMAR PEREIRA DE OLIVEIRA;SECAO DE SERVICOS GERAIS;AUX.DE SERV.GER.-ASG-T.S.N.A.-B;; ESTATUTARIO;2554,14;;2554,14;287,58;2266,56;
HADISON PEREIRA DE SOUZA;SETOR DE LIQ.DE CONTAS HOSPIT.;ASSIST.ADMIN.-ASA-T.S.N.M.-A;; ESTATUTARIO;2476,49;;2476,49;267,49;2209,00;
HELBER FREITAS ALAGIA;CONSELHO DIRETOR;MEDICO ESPECIALISTA A;GERENTE; ESTATUTARIO;13094,14;1550,41;11543,73;2990,32;8553,41;
HENRI HORSTMANN;SETOR DE AMBULATORIO;MEDICO ESPECIALISTA;MED ESPECIALISTA; ESTATUTARIO;8867,83;;8867,83;2233,42;6634,41;
HIGINO FELIPE FIGUEIREDO;SETOR DE AMBULATORIO;MEDICO ESPECIALISTA;; ESTATUTARIO;8757,19;;8757,19;2192,70;6564,49;
HILDA FERREIRA DE MELO;SETOR DE PATOLOGIA CLINICA;TEC.DE PAT.CLINICA-TPC-P.S.N.M.-A;; ESTATUTARIO;2964,81;;2964,81;336,45;2628,36;
HILDEBERTO FERREIRA ASSUNCAO FILHO;SERVICO COMPLEM.DE DIAGNOSTICO;TEC.DE PAT.CLINICA-TPC-P.S.N.M.-A;; ESTATUTARIO;2831,91;;2831,91;;2831,91;
HILKA FLAVIA BARRA DO E S A PEREIRA;NUCLEO MEDICO-ASSISTENCIAL;MEDICO ESPECIALISTA;GERENTE; ESTATUTARIO;13209,86;;13209,86;3459,26;9750,60;
ICARO AUGUSTO PAIVA FALCAO;DIVISAO DE ADMINISTRACAO;ASSIST.ADMIN.-ASA-T.S.N.M.-A;SUBGERENTE; ESTATUTARIO;5476,49;;5476,49;699,79;4776,70;
IDA PAULA DA SILVA MOURA;SETOR DE ENFERMARIA;FARMACEUTICO-FAR-P.S.N.S.-A;FARMACEUTICO; ESTATUTARIO;8234,89;;8234,89;1974,32;6260,57;
INALDO CALIXTO DA SILVA;SETOR DE ENFERMARIA;FARMACEUTICO BIOQUIMICO B;; ESTATUTARIO;7222,03;;7222,03;1627,05;5594,98;
IRANEIDE FERREIRA MAFRA;SETOR DE ENFERMARIA;ENFERMEIRO-ENF-P.S.N.S.-A;GERENTE; ESTATUTARIO;11009,13;;11009,13;2681,33;8327,80;
IRISMARA CORREA CONCEICAO;DIVISAO DE ADMINISTRACAO;SUBGERENTE;NAO INFORMADO; CARGO COMISSION.S/VINCULO;3586,94;;3586,94;402,69;3184,25;
ISAIR DA SILVA LOPES;SETOR DE RADIOTERAPIA;TEC.DE RADIOTERAPIA-TER-P.S.N.M.-A;TEC EM RADIOTERAPIA; ESTATUTARIO;2273,32;;2273,32;318,26;1955,06;
ISAIR DA SILVA LOPES;SERVICO DE RADIOTERAPIA;TECNICO DE RADIOTERAPIA A;; ESTATUTARIO;2831,91;;2831,91;326,47;2505,44;
IVANCY VALENTE DE QUEIROZ;SETOR DE ZELAD.VIG.TRANSPORTES;MOTORISTA-MOT-T.S.N.A.-A;; ESTATUTARIO;2989,73;;2989,73;366,35;2623,38;
IVANETE ANDRADE DE SOUZA SILVA;SETOR DE ENFERMARIA;ENFERMEIRO-ENF-P.S.N.S.-A;; ESTATUTARIO;6882,78;;6882,78;1533,76;5349,02;
IVANETE DE LIMA SAMPAIO;SETOR DE ENFERMARIA;FARMAC.BIOQ. -FAB-P.S.N.S.-A;; ESTATUTARIO;6640,82;;6640,82;1630,91;5009,91;
IVARLI DA SILVA LOPES;SECAO DE EXPEDIENTE;ASSISTENTE TECNICO;; ESTATUTARIO;2716,78;;2716,78;310,35;2406,43;
JACIELEM LIMA PEREIRA;SETOR DE SERVICO SOCIAL;ASSIST.SOC.ASS-P.S.N.S.-CL.A;; ESTATUTARIO;6882,78;;6882,78;1533,76;5349,02;
JACILEIA HELENA DE SOUZA ANDRADE;SERVICO DE ENFERMAGEM;TEC. DE ENFERMAGEM-TEN-P.S.N.M.-A;TEC DE ENFERMAGEM; ESTATUTARIO;2831,91;;2831,91;326,47;2505,44;
JACKQUELINE ALBUQUERQUE DA SILVA;SERVICOS TECNICOS;TEC.DE NUT.E DIET.-TND-P.S.N.M.-A;; ESTATUTARIO;2773,32;;2773,32;318,26;2455,06;
JACKSON ANTONIO SILVA PEREIRA;SECAO DE SERVICOS GERAIS;AUX.DE SERV.GER.-ASG-T.S.N.A.-A;; ESTATUTARIO;2277,55;;2277,55;248,86;2028,69;
JACQUELINE BOTELHO DA SILVA;SETOR DE PATOLOGIA CLINICA;FARMAC.BIOQ. -FAB-P.S.N.S.-A;; ESTATUTARIO;7140,82;;7140,82;1547,56;5593,26;
JAILSON FREITAS DE LIMA;SETOR DE ZELAD.VIG.TRANSPORTES;MOTORISTA-MOT-T.S.N.A.-A;; ESTATUTARIO;2989,73;;2989,73;348,56;2641,17;
JANAINA DOS SANTOS DIAS;SERVICO COMPLEM.DE DIAGNOSTICO;GERENTE;NAO INFORMADO; CARGO COMISSION.S/VINCULO;4593,27;;4593,27;666,54;3926,73;
JANETE PINTO DO NASCIMENTO;SECAO DE SERVICOS GERAIS;AUX.DE SERV.GER.-ASG-T.S.N.A.-A;; ESTATUTARIO;2870,07;;2870,07;265,15;2604,92;
JANILDE DOS SANTOS SILVA;SETOR DE ENFERMARIA;TEC. DE ENFERMAGEM-TEN-P.S.N.M.-A;; ESTATUTARIO;2773,32;;2773,32;318,26;2455,06;
JANILSON CAMPOS VIEIRA;SETOR DE AMBULATORIO;RECEPCIONISTA-REC-T.S.N.A.-E;; ESTATUTARIO;2889,89;;2889,89;200,75;2689,14;
JANIO DE SOUSA PEREIRA;DIVISAO DE ADMINISTRACAO;MOTORISTA-MOT-T.S.N.A.-A;; ESTATUTARIO;3231,53;;3231,53;327,36;2904,17;
JEAN MICHEL MARTINS CARDOSO;SETOR DE ZELAD.VIG.TRANSPORTES;MOTORISTA-MOT-T.S.N.A.-A;; ESTATUTARIO;2548,65;;2548,65;286,81;2261,84;
JEANNE LEE COUTINHO MEDEIROS;SERVICO DE CIRURGIA ANCOLOGICA;MEDICO ESPECIALISTA;SUBGERENTE AD-3; ESTATUTARIO;12506,90;;12506,90;3293,51;9213,39;
JOCIANNE DOS SANTOS BARROS;SETOR DE NUTRICAO E DIETETICA;TEC.DE NUT.E DIET.-TND-P.S.N.M.-A;; ESTATUTARIO;2773,32;;2773,32;318,26;2455,06;
JOELMA CAVALCANTE RICARDO;SETOR DE AMBULATORIO;MEDICO ESPECIALISTA;MED ESPECIALISTA; ESTATUTARIO;8867,83;;8867,83;2233,42;6634,41;
JOHNATAN DE OLIVEIRA NEVES;DIVISAO DE ADMINISTRACAO;ASSIST.ADMIN.-ASA-T.S.N.M.-A;; ESTATUTARIO;2476,49;;2476,49;276,71;2199,78;
JOICE HORACIO PEREIRA;SETOR DE RADIOTERAPIA;TEC.DE RADIOTERAPIA-TER-P.S.N.M.-A;; ESTATUTARIO;2773,32;;2773,32;318,26;2455,06;
JONAS MINEIRO DE CASTRO;DIVISAO DE ADMINISTRACAO;ASSIST.ADMIN.-ASA-T.S.N.M.-A;; ESTATUTARIO;2476,49;;2476,49;276,71;2199,78;
JORDANA RAFAELE NOGUEIRA DA SILVA;SETOR DE SERVICO SOCIAL;ASSIST.SOC.ASS-P.S.N.S.-CL.A;; ESTATUTARIO;6882,78;;6882,78;1533,76;5349,02;
JORGE AFONSO DA SILVA PINHEIRO;SECAO DE PESSOAL;ASSIST.ADMIN.-ASA-T.S.N.M.-A;; ESTATUTARIO;3135,32;;3135,32;310,81;2824,51;
JORGE AUGUSTO ANDRADE DE G BEZERRA;SETOR DE HEMATOL.E HEMOTERAPIA;MEDICO ESPECIALISTA;; ESTATUTARIO;8980,14;;8980,14;2274,74;6705,40;
JORGE DE ALMEIDA CECILIO;SECAO DE SERVICOS GERAIS;AUX.DE SERV.GER.-ASG-T.S.N.A.-A;; ESTATUTARIO;2277,55;;2277,55;248,86;2028,69;
JORGE DE SOUZA DA SILVA;SETOR DE PATOLOGIA CLINICA;FARMAC.BIOQ. -FAB-P.S.N.S.-A;; ESTATUTARIO;6882,78;;6882,78;1533,76;5349,02;
JOSE ALEXANDRE PIRES DE ALMEIDA;SETOR DE PSIC.REABIL.E FISIOT.;FISIOTERAPEUTA-FIS-P.S.N.S.-A;; ESTATUTARIO;9010,37;;9010,37;2118,84;6891,53;
JOSE ARTEMIS DE SOUZA LIMA;SETOR DE ENFERMARIA;TEC. DE ENFERMAGEM-TEN-P.S.N.M.-A;TEC. DE ENFERMAGEM; ESTATUTARIO;3130,10;;3130,10;382,29;2747,81;
JOSE CARLOS DA SILVA;SETOR DE ENFERMARIA;AUXILIAR DE ENFERMAGEM A;; ESTATUTARIO;2594,95;;2594,95;270,28;2324,67;
JOSE CASTRO PONTES;SETOR DE IMAGENOLOGIA;TEC.DE RAD.MEDICA-TRM-P.S.N.M.-B;; ESTATUTARIO;2608,39;;2608,39;365,17;2243,22;
JOSE MARQUES PINA JUNIOR;SETOR DE HEMATOL.E HEMOTERAPIA;MEDICO ESPECIALISTA;; ESTATUTARIO;9567,68;;9567,68;2490,86;7076,82;
JOSE MUNIZ DA SILVA;SECAO DE EXPEDIENTE;AGENTE ADM.-AGA-T.S.N.A.-G;; ESTATUTARIO;2665,59;;2665,59;303,18;2362,41;
JOSE NOGUEIRA BRAGA;SECAO DE SERVICOS GERAIS;AUX.DE SERV.GER.-ASG-T.S.N.A.-A;; ESTATUTARIO;2277,55;;2277,55;248,86;2028,69;
JOSEFA SUELY CUNHA DE SOUZA;SETOR DE FARMACIA;FARMACEUTICO-FAR-P.S.N.S.-A;FARMACEUTICO; ESTATUTARIO;7304,39;;7304,39;1880,74;5423,65;
JOSIANE ALBINO MUNIZ;AMBULATORIO-DEPTO.ENFERMAGEM;GERENTE;NAO INFORMADO; CARGO COMISSION.S/VINCULO;5511,91;;5511,91;940,13;4571,78;
JOSIANE DA SILVA NEVES;ASSESSORIA;TECNICO-TEC-T.S.N.S.-A;ASSESSOR III; ESTATUTARIO;8308,96;;8308,96;1766,21;6542,75;
JOSIANE DIAS DUARTE;SETOR DE FARMACIA;AUX.DE FARMACIA-AFA-P.S.N.A.-A;; ESTATUTARIO;2430,57;;2430,57;270,28;2160,29;
JOSIEL DE AQUINO MARTINS;DIVISAO DE ADMINISTRACAO;CHEFE DE DEPARTAMENTO;; CARGO COMISSION.S/VINCULO;5600,30;;5600,30;992,10;4608,20;
JOSINEIDE MARIA ABREU MARINATO;SETOR DE CENTRO MEDICO;ENFERMEIRO-ENF-P.S.N.S.-A;ENFERMEIRA; ESTATUTARIO;9957,37;;9957,37;2438,68;7518,69;
JOSSIMAR FARIAS FERREIRA;SETOR DE RADIOTERAPIA;ASSIST.ADMIN.-ASA-T.S.N.M.-A;; ESTATUTARIO;2423,59;;2423,59;269,30;2154,29;
JOVANIO MELO SARMENTO;SETOR DE PATOLOGIA CLINICA;AUX.DE PATOL.CLIN.-APC-P.S.N.A.-C;; ESTATUTARIO;2682,70;;2682,70;305,58;2377,12;
JUCENILDA VIEIRA FERNANDES;SETOR DE PATOLOGIA CLINICA;FARMAC.BIOQ. -FAB-P.S.N.S.-A;; ESTATUTARIO;9010,37;;9010,37;2118,84;6891,53;
JULCILENE FREIRE RODRIGUES;DIVISAO DE ADMINISTRACAO;TELEFONISTA-TEL-T.S.N.A.-E;; ESTATUTARIO;2326,69;;2326,69;255,74;2070,95;
JULIA MONICA MARCELINO BENEVIDES;SERVICO DE ENFERMAGEM;ENFERMEIRO-ENF-P.S.N.S.-B;; ESTATUTARIO;8204,47;;8204,47;2031,38;6173,09;
JULIA MONICA MARCELINO BENEVIDES;SETOR DE ENFERMARIA;ENFERMEIRO-ENF-P.S.N.S.-A;; ESTATUTARIO;6084,79;;6084,79;1451,81;4632,98;
JULIO CESAR LOPES GARCIA;SECAO DE EXPEDIENTE;AGENTE ADM.-AGA-T.S.N.A.-H;; ESTATUTARIO;3067,72;;3067,72;341,46;2726,26;
JUSSARA PEREIRA LEAL GUIMARAES;SETOR DE ENFERMARIA;TEC. DE ENFERMAGEM-TEN-P.S.N.M.-A;TEC DE ENFERMAGEN; ESTATUTARIO;2512,69;;2512,69;371,05;2141,64;
JUSSARA PEREIRA LEAL GUIMARAES;SETOR DE ENFERMARIA;AUXILIAR DE ENFERMAGEM;; ESTATUTARIO;2569,63;;2569,63;359,75;2209,88;
JUSSARA PRAXEDES REBOUCAS;SETOR DE PATOLOGIA CLINICA;FARMAC.BIOQ. -FAB-P.S.N.S.-A;; ESTATUTARIO;6882,78;;6882,78;1533,76;5349,02;
KACIO FELIPE SILVA SOUZA;NUCLEO MEDICO-ASSISTENCIAL;FARMACEUTICO-FAR-P.S.N.S.-A;GERENTE; ESTATUTARIO;10882,78;;10882,78;2633,76;8249,02;
KAMILA KEROENY FERNANDES PEREIRA;SETOR DE ENFERMARIA;TEC. DE ENFERMAGEM-TEN-P.S.N.M.-A;; ESTATUTARIO;2773,32;;2773,32;318,26;2455,06;
KAREN SILVIA MELO DE SOUZA;ASSESSORIA;ASSESSOR II;; CARGO COMISSION.S/VINCULO;4593,27;;4593,27;666,54;3926,73;
KARINA RIBEIRO LOPES;SETOR DE PATOLOGIA CLINICA;TEC.DE PAT.CLINICA-TPC-P.S.N.M.-A;; ESTATUTARIO;2773,32;;2773,32;318,26;2455,06;
KARLEN SANTOS SILVA;DIR.ADMINISTRATIVA-FINANCEIRA;GERENTE;NAO INFORMADO; CARGO COMISSION.S/VINCULO;4593,27;;4593,27;666,54;3926,73;
KATIA LUZ TORRES SILVA;DIRETORIA TECNICA;FARMACEUTICO BIOQUIMICO A;DIRETOR ENS.PESQUISA; ESTATUTARIO;16563,29;;16563,29;4356,32;12206,97;
KATIA SOCORRO SILVA CORREA;SETOR GENITO PELVICO UROLOGICO;MEDICO ESPECIALISTA;; ESTATUTARIO;9151,79;;9151,79;2337,90;6813,89;
KATIA UCHOA DO NASCIMENTO;SECAO DE PESSOAL;AGENTE ADM.-AGA-T.S.N.A.-G;; ESTATUTARIO;2629,61;;2629,61;298,15;2331,46;
KATIANY REGINA RABELO NAZARETH;SETOR DE NUTRICAO E DIETETICA;AGENTE ADM.-AGA-T.S.N.A.-G;; ESTATUTARIO;3258,71;;3258,71;332,04;2926,67;
KEILA CATARINA MOTA DE SOUSA;SECAO DE SERVICOS GERAIS;AUX.DE SERV.GER.-ASG-T.S.N.A.-A;; ESTATUTARIO;2277,55;;2277,55;223,97;2053,58;
KEILA SOUZA DA SILVA;SETOR DE ENFERMARIA;TEC. DE ENFERMAGEM-TEN-P.S.N.M.-A;; ESTATUTARIO;2849,57;;2849,57;286,44;2563,13;
KEYTH FABIOLA DE LIMA F BENTES;SETOR DE SERVICO SOCIAL;ASSIST.SOC.ASS-P.S.N.S.-CL.A;GERENTE; ESTATUTARIO;10882,78;;10882,78;2633,76;8249,02;
KLEBER SANDRO BRASIL DOS SANTOS;SETOR DE HEMATOL.E HEMOTERAPIA;FARMACEUTICO BIOQUIMICO A;GERENTE AD 2; ESTATUTARIO;11208,74;;11208,74;2756,48;8452,26;
KLEYBE JEFFERSON GARCIA OLIVEIRA;SETOR DE RADIOTERAPIA;ASSIST.ADMIN.-ASA-T.S.N.M.-A;; ESTATUTARIO;2423,59;;2423,59;269,30;2154,29;
KLYWTER BRUNO FREIRE TEIXEIRA;SETOR DE FARMACIA;AUX.DE FARMACIA-AFA-P.S.N.A.-A;; ESTATUTARIO;2505,63;;2505,63;243,25;2262,38;
LAÍS DA MOTTA POMPEU;ASSESSORIA;ASSESSOR I;NAO INFORMADO; CARGO COMISSION.S/VINCULO;5600,30;;5600,30;992,10;4608,20;
LAILA PATRICIA FIDELIS DUTRA;SETOR DE IMAGENOLOGIA;MEDICO ESPECIALISTA;MEDICA ESPECIALISTA; ESTATUTARIO;8867,83;;8867,83;2233,42;6634,41;
LANO ERMENSON MIRANDA MACEDO;SERVICO DE ENFERMAGEM;MEDICO ESPECIALISTA;; ESTATUTARIO;9268,39;;9268,39;2380,79;6887,60;
LARISSA GABRIELA LINS NEVES;SERVICOS TECNICOS;PSICOLOGO-PSI-P.S.N.S.-A;; ESTATUTARIO;7009,13;;7009,13;1581,33;5427,80;
LAURA RITA CAVALCANTE DA SILVEIRA;SECAO DE EXPEDIENTE;CHEFE DE GABINETE;; CARGO COMISSION.S/VINCULO;5600,30;;5600,30;992,10;4608,20;
LEA CHAVES AMORIM;SETOR DE FARMACIA;FARMACEUTICO-FAR-P.S.N.S.-A;; ESTATUTARIO;6882,78;;6882,78;1533,76;5349,02;
LEANDRO BALDINO;SETOR DE RADIOTERAPIA;MEDICO ESPECIALISTA;GERENTE; ESTATUTARIO;12867,83;;12867,83;3333,42;9534,41;
LEDIANNE DA SILVA OLIVEIRA;DIVISAO DE ADMINISTRACAO;TELEFONISTA-TEL-T.S.N.A.-E;; ESTATUTARIO;2326,69;;2326,69;247,21;2079,48;
LEIDIANE MENDES BRITO CACCIOLA;NUCLEO DE ESTUDOS E PESQUISAS;PESQUISADOR INIC.-PEI-P.S.N.S.-A;; ESTATUTARIO;7669,72;;7669,72;1777,90;5891,82;
LEINA TUPINAMBA DE QUEIROZ;SETOR DE REGISTRO E CONTROLE;AGENTE ADM.-AGA-T.S.N.A.-F;; ESTATUTARIO;2493,62;;2493,62;279,11;2214,51;
LEIVA REGINA DA ENCARNACAO DA SILVA;SERVICO DE ENFERMAGEM;TEC. DE ENFERMAGEM-TEN-P.S.N.M.-A;TEC. ENFERMAGEM; ESTATUTARIO;2831,91;;2831,91;326,47;2505,44;
LENIMAR ALVES DE OLIVEIRA;SERV.CLIN.MED.ONC.E APOIO TER.;AUX.DE SERV.GER.-ASG-T.S.N.A.-C;; ESTATUTARIO;2107,50;;2107,50;295,05;1812,45;
LEONARDO LEAL DO NASCIMENTO;SETOR DE ZELAD.VIG.TRANSPORTES;MOTORISTA-MOT-T.S.N.A.-A;MOTORISTA; ESTATUTARIO;2989,73;;2989,73;348,56;2641,17;
LEONIDAS ALVES DA SILVA;SETOR DE CABECA E PESCOCO;MEDICO ESPECIALISTA;; ESTATUTARIO;15918,04;;15918,04;5069,48;10848,56;
LIA MIZOBE ONO;CONSELHO DIRETOR;CIRURGIAO DENTISTA A;; ESTATUTARIO;7232,53;;7232,53;1577,80;5654,73;
LILIAN DE PAULA DUARTE PAES;SERVICO DE RADIOTERAPIA;ASSISTENTE TECNICO A;ASSIST TEC; ESTATUTARIO;2654,58;;2654,58;301,64;2352,94;
LILIAN GRACE COELHO DE ARAUJO;SETOR DE REGISTRO E CONTROLE;AGENTE ADM.-AGA-T.S.N.A.-F;; ESTATUTARIO;1993,62;;1993,62;279,11;1714,51;
LILIAN MARIA DE ALBUQUERQUE CHAVES;SETOR DE HEMATOL.E HEMOTERAPIA;TEC. DE HEMOTERAP.-THE-P.S.N.M.-C;; ESTATUTARIO;3133,93;;3133,93;395,84;2738,09;
LISSETT CARIDAD GONZALEZ PEREZ;NUCLEO MEDICO-ASSISTENCIAL;GERENTE;NAO INFORMADO; CARGO COMISSION.S/VINCULO;4593,27;;4593,27;666,54;3926,73;
LORENA BARROS DA SILVEIRA;SETOR DE ENFERMARIA;ENFERMEIRO-ENF-P.S.N.S.-A;; ESTATUTARIO;6882,78;;6882,78;1533,76;5349,02;
LUCIA MELO DA SILVA;SETOR DE ENFERMARIA;TEC. DE ENFERMAGEM-TEN-P.S.N.M.-A;TECNICO ENFERMAGEM; ESTATUTARIO;2963,02;;2963,02;343,91;2619,11;
LUCIANO AFONSO TEIXEIRA BRANDAO;SECAO DE PESSOAL;MEDICO ESPECIALISTA;; ESTATUTARIO;9151,79;;9151,79;2337,90;6813,89;
LUCIANO OLIVEIRA DE MELO;DIVISAO DE ADMINISTRACAO;ASSIST.ADMIN.-ASA-T.S.N.M.-A;; ESTATUTARIO;2476,49;;2476,49;276,71;2199,78;
LUCICLEIA FREITAS MADY;SERVICO DE ENFERMAGEM;TECNICO DE PATOLOGIA CLINICA A;; ESTATUTARIO;2811,01;;2811,01;318,26;2492,75;
LUCINETE VIANA DA SILVA;SETOR DE ENFERMARIA;AUXILIAR DE ENFERMAGEM A;; ESTATUTARIO;2594,95;;2594,95;270,28;2324,67;
LUCIVALDO MORAIS DOS REIS;SETOR DE RADIOTERAPIA;TEC.DE RADIOTERAPIA-TER-P.S.N.M.-A;TEC. EM RADIOTERAPIA; ESTATUTARIO;2831,91;;2831,91;326,47;2505,44;
LUIGI GUIDOBONO NUNES;SETOR DE NUTRICAO E DIETETICA;COPEIRO-COP-T.S.N.A.-A;; ESTATUTARIO;2326,69;;2326,69;255,74;2070,95;
LUIS ARTURO ULLOA PEREZ;SETOR DE PATOLOGIA CLINICA;FARMAC.BIOQ. -FAB-P.S.N.S.-D;; ESTATUTARIO;8637,83;;8637,83;1899,59;6738,24;
LUIS FELIPE MENEZES DA COSTA;DIR.ADMINISTRATIVA-FINANCEIRA;GERENTE;NAO INFORMADO; CARGO COMISSION.S/VINCULO;4593,27;;4593,27;666,54;3926,73;
LUIS MANSUETO PEREIRA FILHO;DIVISAO DE ADMINISTRACAO;COMUNICADOR SOC.-COS-T.S.N.S.-A;; ESTATUTARIO;5419,57;;5419,57;1004,55;4415,02;
LUISA DOS SANTOS TORRES;SECAO DE MATERIAL E PATRIMONIO;ASSIST.ADMIN.-ASA-T.S.N.M.-A;; ESTATUTARIO;2423,59;;2423,59;269,30;2154,29;
LUIZ CARLOS DOS SANTOS JUNIOR;SETOR ABDOMINO-TORAXICO;MEDICO ESPECIALISTA;; ESTATUTARIO;9407,71;;9407,71;2432,73;6974,98;
LUIZ COSME VINHOTE ARAUJO;SETOR DE TELEFONIA - D.A.F.;AGENTE ADM.-AGA-T.S.N.A.-E;GERENTE; ESTATUTARIO;8223,23;;8223,23;1436,46;6786,77;
LUIZ SERGIO MACHADO DOS SANTOS;SETOR DE CABECA E PESCOCO;CIR.DENT.-CCRD-P.S.N.S.-B;; ESTATUTARIO;7545,90;;7545,90;1783,42;5762,48;
LYRES MARGARETH SOARES BENTES DIAS;SERVICO DE ENFERMAGEM;ENFERMEIRO-ENF-P.S.N.S-D;; ESTATUTARIO;8006,62;;8006,62;2145,13;5861,49;
MAELEN SENA MARQUES;SECAO DE SERVICOS GERAIS;AUX.DE SERV.GER.-ASG-T.S.N.A.-A;; ESTATUTARIO;2277,55;;2277,55;248,86;2028,69;
MAIKO RAMOS MAIA;SETOR DE PATOLOGIA CLINICA;MEDICO ESPECIALISTA;GERENTE; ESTATUTARIO;8757,19;;8757,19;2192,70;6564,49;
MANOEL JESUS PINHEIRO COELHO;SETOR ABDOMINO-TORAXICO;MEDICO ESPECIALISTA;; ESTATUTARIO;12210,13;;12210,13;3675,58;8534,55;
MANOEL JESUS PINHEIRO COELHO JUNIOR;SERVICO DE CIRURGIA ANCOLOGICA;MEDICO ESPECIALISTA;; ESTATUTARIO;8757,19;;8757,19;2192,70;6564,49;
MARA TATIANE SILVA DOS S MARIALVA;SETOR DE ENFERMARIA;TEC. DE ENFERMAGEM-TEN-P.S.N.M.-A;; ESTATUTARIO;2906,83;;2906,83;339,70;2567,13;
MARCELA DE MATOS QUEIROZ;SETOR DE ENFERMARIA;TEC. DE ENFERMAGEM-TEN-P.S.N.M.-A;TEC ENFERMAGEM; ESTATUTARIO;2831,91;;2831,91;326,47;2505,44;
MARCELO BENTES DA SILVA;MANDADO DE SEGURANCA;PSICOLOGO-PSI-P.S.N.S.-A;; ESTATUTARIO;9010,37;;9010,37;2118,84;6891,53;
MARCELO JOSE FERREIRA DE SOUZA;SETOR DE ZELAD.VIG.TRANSPORTES;MOTORISTA-MOT-T.S.N.A.-B;; ESTATUTARIO;2913,28;;2913,28;337,86;2575,42;
MARCELO TAPAJOS ARAUJO;DIRETORIA TECNICA;MEDICO DOUTOR;GERENTE; ESTATUTARIO;17052,83;;17052,83;4882,86;12169,97;
MARCIA ANDRADE DE SOUZA;SETOR DE ENFERMARIA;AUXILIAR DE ENFERMAGEM A;; ESTATUTARIO;2641,49;;2641,49;270,28;2371,21;
MARCIA DOS SANTOS LIRA DA SILVA;SETOR DE ENFERMARIA;AUXILIAR DE ENFERMAGEM A;; ESTATUTARIO;2594,95;;2594,95;270,28;2324,67;
MARCIA MARIA DE OLIVEIRA PASTOR;SETOR DE AMBULATORIO;FONOAUDIOLOGO-FON-P.S.N.S.-A;; ESTATUTARIO;6882,78;;6882,78;1533,76;5349,02;
MARCILENE RODRIGUES DOS SANTOS;SERVICO DE ENFERMAGEM;TEC. DE ENFERMAGEM-TEN-P.S.N.M.-A;TEC DE ENFERMAGEM; ESTATUTARIO;3609,21;;3609,21;392,38;3216,83;
MARCO ANTONIO CRUZ ROCHA;SERVICO DE CIRURGIA ANCOLOGICA;MEDICO ESPECIALISTA;DIRETOR TECNICO; ESTATUTARIO;16967,83;;16967,83;4460,92;12506,91;
MARCO ANTONIO RICCI CORREA JUNIOR;SERVICO DE CIRURGIA ANCOLOGICA;MEDICO ESPECIALISTA;; ESTATUTARIO;8867,83;;8867,83;2233,42;6634,41;
MARCOS AURELIO FERREIRA DA SILVA;SETOR DE ENFERMARIA;FARMAC.BIOQ. -FAB-P.S.N.S.-A;FARMACEUTICO; ESTATUTARIO;6917,31;;6917,31;1735,00;5182,31;
MARCOS GOMES BEZERRA JUNIOR;SETOR DE ZELAD.VIG.TRANSPORTES;MOTORISTA-MOT-T.S.N.A.-A;; ESTATUTARIO;2611,35;;2611,35;295,59;2315,76;
MARESSA GASPAROTO LENGLUBE LISBOA;SETOR DE ENFERMARIA;ENFERMEIRO-ENF-P.S.N.S.-A;; ESTATUTARIO;6882,78;;6882,78;1533,76;5349,02;
MARIA ANGELA COSTA LIMA GIOIA;DIVISAO DE ADMINISTRACAO;ADMINISTRADOR ADM.T.S.N.S.-A;GERENTE AD 2; ESTATUTARIO;10246,03;;10246,03;2394,02;7852,01;
MARIA AUREA PEREIRA DOS SANTOS;SETOR DE NUTRICAO E DIETETICA;COZINHEIRO-COZ-T.S.N.A.-D;; ESTATUTARIO;3778,48;;3778,48;401,77;3376,71;
MARIA AUXILIADORA BRAGA DE OLIVEIRA;SETOR DE ENFERMARIA;ENFERMEIRO-ENF-P.S.N.S.-B;; ESTATUTARIO;7938,74;;7938,74;1744,61;6194,13;
MARIA AUXILIADORA DA SILVA SILVA;CONS.TECNICO-ADMINISTRATIVO;CONTADOR-CON-T.S.N.S.-A;; ESTATUTARIO;5419,57;;5419,57;1004,55;4415,02;
MARIA AUXILIADORA FERNANDES SILVA;SETOR DE ENFERMARIA;AUX.DE ENFERM.-AEF-P.S.N.A.-B;; ESTATUTARIO;3365,72;;3365,72;350,46;3015,26;
MARIA AUXILIADORA TRINDADE REBELO;SETOR DE AMBULATORIO;MEDICO ESPECIALISTA;; ESTATUTARIO;8257,19;;8257,19;2192,70;6064,49;
MARIA CELIA CASTRO DA COSTA;SERVICO DE RADIOTERAPIA;TECNICO DE RADIOTERAPIA A;; ESTATUTARIO;2773,32;;2773,32;318,26;2455,06;
MARIA CELIA LOPES DE SOUZA;SECAO DE ORCAMENTO E FINANCAS;ASSISTENTE TECNICO A;; ESTATUTARIO;2286,00;;2286,00;320,04;1965,96;
MARIA CELIA VIANA CIDRONIO;SERVICOS TECNICOS;ASSIST.SOC.ASS-P.S.N.S.-CL.D;GERENTE AD 2; ESTATUTARIO;7637,73;;7637,73;2006,24;5631,49;
MARIA CINTIA DA COSTA B C E SOUZA;SETOR DE FARMACIA;AUX.DE FARMACIA-AFA-P.S.N.A.-A;; ESTATUTARIO;1930,57;;1930,57;;1930,57;
MARIA DAS GRACAS BASTOS DE LIMA;SETOR DE CITOPATOLOGIA;TEC.DE HISTOLOGIA-THI-P.S.N.M.-A;TEC.HISTOLOGIA; ESTATUTARIO;2512,69;;2512,69;371,05;2141,64;
MARIA DAS GRACAS COSTA DE SENA;SERVICO DE ENFERMAGEM;ENFERMEIRO-ENF-P.S.N.S.-A;ENFERMERO; ESTATUTARIO;7009,13;;7009,13;1581,33;5427,80;
MARIA DAS GRACAS TEIXEIRA DE M MAIA;SETOR DE ENFERMARIA;TEC. DE ENFERMAGEM-TEN-P.S.N.M.-D;; ESTATUTARIO;2744,20;;2744,20;418,39;2325,81;
MARIA DE DEUS MOURAO XAVIER;SETOR DE ENFERMARIA;AUXILIAR DE ENFERMAGEM A;AUX. DE ENFERMAGEM A; ESTATUTARIO;2594,95;;2594,95;270,28;2324,67;
MARIA DE FATIMA BERNARDO DA COSTA;SETOR DE AMBULATORIO;AUX.DE ENFERM.-AEF-P.S.N.A.-D;; ESTATUTARIO;2355,54;;2355,54;329,78;2025,76;
MARIA DE LOURDES DOS SANTOS;SECAO DE SERVICOS GERAIS;AUX.DE SERV.GER.-ASG-T.S.N.A.-D;; ESTATUTARIO;2623,39;;2623,39;297,27;2326,12;
MARIA DE NAZARE CORREA DE AZEVEDO;SETOR DE ENFERMARIA;ENFERMEIRO A;; ESTATUTARIO;6882,78;;6882,78;1533,76;5349,02;
MARIA DIVINA GONCALVES DE ALMEIDA;SETOR DE CITOPATOLOGIA;TEC.DE HISTOLOGIA-THI-P.S.N.M.-A;TEC. HISTOLOGIA; ESTATUTARIO;3012,69;;3012,69;351,78;2660,91;
MARIA DO SOCORRO ANDRADE RIBEIRO;SETOR DE ENFERMARIA;TEC. DE ENFERMAGEM-TEN-P.S.N.M.-A;TEC ENFERMAGEM; ESTATUTARIO;2831,91;;2831,91;326,47;2505,44;
MARIA DO SOCORRO BARROZO BATALHA;SETOR DE ENFERMARIA;TEC.DE RADIOTERAPIA-TER-P.S.N.M.-A;TEC. RADIOTERAPIA; ESTATUTARIO;2273,32;;2273,32;318,26;1955,06;
MARIA DO SOCORRO BARROZO BATALHA;SETOR DE RADIOTERAPIA;TECNICO EM RADIOTERAPIA;TEC. EM RADIOTERAPIA; ESTATUTARIO;2831,91;;2831,91;326,47;2505,44;
MARIA DO SOCORRO DAS CHAGAS;SERVICO DE ENFERMAGEM;ENFERMEIRO-ENF-P.S.N.S.-A;ENFERMERO; ESTATUTARIO;7009,13;;7009,13;1581,33;5427,80;
MARIA DO SOCORRO DE O L MACEDO;SETOR DE ENFERMARIA;ENFERMEIRO-ENF-P.S.N.S.-B;; ESTATUTARIO;7938,74;;7938,74;1931,32;6007,42;
MARIA DO SOCORRO MARQUES CARVALHO;SERV.CLIN.MED.ONC.E APOIO TER.;TEC.DE HEMOTERAP.-THE-P.S.N.M.-A;TEC HEMATERAPIA; ESTATUTARIO;2893,14;;2893,14;346,60;2546,54;
MARIA DO SOCORRO SANTOS DE ARAUJO;SETOR DE HEMATOL.E HEMOTERAPIA;TEC.DE HEMOTERAP.-THE-P.S.N.M.-A;; ESTATUTARIO;3031,52;;3031,52;374,89;2656,63;
MARIA EMILIA DIAS DE ALMEIDA;SERVICO DE ENFERMAGEM;ENFERMEIRO-ENF-P.S.N.S.-C;; ESTATUTARIO;7924,71;;7924,71;2114,29;5810,42;
MARIA GRACIETE RIBEIRO CARNEIRO;SETOR DE HEMATOL.E HEMOTERAPIA;PSICOLOGO-PSI-P.S.N.S.-B;GERENTE AD 2; ESTATUTARIO;13345,12;;13345,12;3398,43;9946,69;
MARIA JOSE DE OLIVEIRA DA S NUNES;SETOR DE NUTRICAO E DIETETICA;COZINHEIRO-T.S.N.A.-A;COZINHEIRA; ESTATUTARIO;3324,64;;3324,64;343,39;2981,25;
MARIA LEITE MARTINS;SETOR DE ENFERMARIA;TEC. DE ENFERMAGEM-TEN-P.S.N.M.-A;; ESTATUTARIO;2831,91;;2831,91;326,47;2505,44;
MARIA LUCILENA FERREIRA DA SILVA;SETOR DE PATOLOGIA CLINICA;TEC.DE PAT.CLINICA-TPC-P.S.N.M.-A;; ESTATUTARIO;2773,32;;2773,32;318,26;2455,06;
MARIA MARGARETH FERREIRA GOMES;SETOR DE NUTRICAO E DIETETICA;COZINHEIRO-T.S.N.A.-A;COZINHEIRA; ESTATUTARIO;2476,75;;2476,75;276,75;2200,00;
MARIA SARA PEDROZA FREIRE OLIVEIRA;SETOR DE NUTRICAO E DIETETICA;COZINHEIRO-T.S.N.A.-A;COZINHEIRA; ESTATUTARIO;2326,69;;2326,69;255,74;2070,95;
MARIA TEREZA DE OLIVEIRA B SILVA;SETOR ABDOMINO-TORAXICO;TEC.DE PAT.CLINICA-TPC-P.S.N.M.-B;; ESTATUTARIO;2512,69;;2512,69;351,78;2160,91;
MARIA VERBENE COSTA AGUIAR;SETOR DE ENFERMARIA;ENFERMEIRO-ENF-P.S.N.S.-A;; ESTATUTARIO;7093,87;;7093,87;1591,81;5502,06;
MARIA VILANIR DA SILVA;SETOR DE SERVICO SOCIAL;ASSIST.SOC.ASS-P.S.N.S.-CL.A;; ESTATUTARIO;6882,78;;6882,78;1533,76;5349,02;
MARIA WILMA TORRES DA COSTA;CHEFIA DE GABINETE;COPEIRO-COP-T.S.N.A.-A;; ESTATUTARIO;2277,55;;2277,55;248,86;2028,69;
MARILIA BATISTA AZEVEDO;SETOR DE ENFERMARIA;TEC. DE ENFERMAGEM-TEN-P.S.N.M.-A;; ESTATUTARIO;2852,48;;2852,48;318,26;2534,22;
MARILIA MUNIZ CAVALCANTE OLIVEIRA;SERVICO DE ENFERMAGEM;ENFERMEIRO-ENF-P.S.N.S.-B;CHEFE DE DEPART.; ESTATUTARIO;12926,78;;12926,78;3301,82;9624,96;
MARINEIA SILVA DO NASCIMENTO;SETOR DE ENFERMARIA;TEC. DE ENFERMAGEM-TEN-P.S.N.M.-A;TECNICO ENFERMAGEM; ESTATUTARIO;2831,91;;2831,91;250,29;2581,62;
MARIO JOSE CASTELO BRANCO;SETOR DE FARMACIA;ASSISTENTE TECNICO A;; ESTATUTARIO;2977,69;;2977,69;352,22;2625,47;
MARIO MARCELO DE OLIVEIRA FEITOSA;SETOR DE ZELAD.VIG.TRANSPORTES;MOTORISTA-MOT-T.S.N.A.-A;; ESTATUTARIO;2640,19;;2640,19;295,59;2344,60;
MARIO SERGIO DE MORAES PINTO;SERV.CLIN.MED.ONC.E APOIO TER.;MEDICO ESPECIALISTA;; ESTATUTARIO;8757,19;;8757,19;2192,70;6564,49;
MARISE DA SILVA PEREIRA;DIVISAO DE ADMINISTRACAO;TELEFONISTA-TEL-T.S.N.A.-E;; ESTATUTARIO;2326,69;;2326,69;255,74;2070,95;
MARIZA FEITOZA DA COSTA;SETOR DE ENFERMARIA;TEC. DE ENFERMAGEM-TEN-P.S.N.M.-A;TEC ENFERMAGEM; ESTATUTARIO;3000,47;;3000,47;346,72;2653,75;
MARLICE FIGUEIREDO DA COSTA;SERVICOS TECNICOS;COPEIRO-COP-T.S.N.A.-A;; ESTATUTARIO;2277,55;;2277,55;223,97;2053,58;
MARTA JOYCE MATOS VIEIRA DA CUNHA;CHEFIA DE GABINETE;COPEIRO-COP-T.S.N.A.-A;; ESTATUTARIO;2326,69;;2326,69;255,74;2070,95;
MARYZANGELA DE MIRANDA FERREIRA;SERV.CLIN.MED.ONC.E APOIO TER.;TEC.DE HEMOTERAP.-THE-P.S.N.M.-A;; ESTATUTARIO;2893,14;;2893,14;346,60;2546,54;
MAURA ANDREA NEGREIROS BIANCO;ASSESSORIA;ASSESSOR I;NAO INFORMADO; CARGO COMISSION.S/VINCULO;5600,30;;5600,30;992,10;4608,20;
MAURICIO SOARES BECHMAN;SECAO DE ORCAMENTO E FINANCAS;ASSIST.ADMIN.-ASA-T.S.N.M.-A;GERENTE; ESTATUTARIO;6423,59;;6423,59;954,87;5468,72;
MAYSA DE SOUZA CRUZ;SECAO DE PESSOAL;PSICOLOGO C;; ESTATUTARIO;6882,78;;6882,78;1533,76;5349,02;
MICHELE CRISTIANE DE S ALBUQUERQUE;SETOR DE ONCOLOGIA CLINICA;ENFERMEIRO-ENF-P.S.N.S.-A;; ESTATUTARIO;7319,96;;7319,96;1612,77;5707,19;
MIRLANE GUIMARAES DE MELO CARDOSO;SETOR DE ANESTESIOLOGIA;GERENTE;; CARGO COMISSION.S/VINCULO;4593,27;;4593,27;666,54;3926,73;
MOISES CAMPOS ASSUNCAO;SECAO DE ORCAMENTO E FINANCAS;GERENTE;; CARGO COMISSION.S/VINCULO;4593,27;;4593,27;666,54;3926,73;
MONICA DO SOCORRO ROCHA DE OLIVEIRA;SETOR DE ENFERMARIA;ENFERMEIRO-ENF-P.S.N.S.-A;; ESTATUTARIO;6882,78;;6882,78;1533,76;5349,02;
MONICA MARIA BANDEIRA DE MELO;SETOR GENITO PELVICO UROLOGICO;MEDICO ESPECIALISTA;GERENTE; ESTATUTARIO;13780,15;;13780,15;3670,32;10109,83;
MONICA MARIA COSTA SIMOES;SETOR DE ENFERMARIA;AUXILIAR DE ENFERMAGEM A;; ESTATUTARIO;2654,78;;2654,78;270,28;2384,50;
MONIQUE FREIRE SANTANA;NUCLEO DE ESTUDOS E PESQUISAS;PESQUISADOR INIC.-PEI-P.S.N.S.-A;; ESTATUTARIO;7669,72;;7669,72;1830,04;5839,68;
NAJLA DE OLIVEIRA PINHEIRO;SETOR DE AMBULATORIO;MEDICO ESPECIALISTA;; ESTATUTARIO;8867,83;;8867,83;2233,42;6634,41;
NARA FARIAS DE SOUSA;SETOR DE ENFERMARIA;ENFERMEIRO-ENF-P.S.N.S.-A;; ESTATUTARIO;7009,13;;7009,13;1172,88;5836,25;
NEIVA OLIVEIRA CAMPOS;DIVISAO DE ADMINISTRACAO;TELEFONISTA-TEL-T.S.N.A.-E;; ESTATUTARIO;2326,69;;2326,69;255,74;2070,95;
NELLY DE FREITAS BATALHA;SETOR DE ENFERMARIA;TEC. DE ENFERMAGEM-TEN-P.S.N.M.-A;; ESTATUTARIO;2773,32;;2773,32;254,61;2518,71;
NILDA MARIA DA SILVA;DIR.ADMINISTRATIVA-FINANCEIRA;DIRETOR ADMINISTRATIVO E FINANCEIRO;NAO INFORMADO; CARGO COMISSION.S/VINCULO;9500,00;;9500,00;2206,22;7293,78;
NORTHON CESAR MARQUES MELO;SETOR DE IMAGENOLOGIA;TEC.DE RAD.MEDICA-TRM-P.S.N.M.-A;TEC EM RADIOLOGIA; ESTATUTARIO;2831,91;;2831,91;326,47;2505,44;
ORNAN AUGUSTO DA COSTA;SETOR DE ENFERMARIA;TEC. DE ENFERMAGEM-TEN-P.S.N.M.-A;; ESTATUTARIO;2773,32;;2773,32;318,26;2455,06;
PATRICIA CHAGAS LIMA;SAME;FISIOTERAPEUTA-FIS-P.S.N.S.-A;GERENTE; ESTATUTARIO;10882,78;;10882,78;2633,76;8249,02;
PATRICIA FRANCINETTE OLIVEIRA COSTA;DIVISAO DE ADMINISTRACAO;TELEFONISTA-TEL-T.S.N.A.-E;; ESTATUTARIO;2326,69;;2326,69;255,74;2070,95;
PAULO ROBERTO MENDONCA DOS S JUNIOR;SERVICO DE CIRURGIA ANCOLOGICA;MEDICO ESPECIALISTA;CHEFE DE DEPARTAMENT; ESTATUTARIO;13867,83;;13867,83;3608,42;10259,41;
PAULO SERGIO SARAIVA SANTIAGO;NUCLEO MEDICO-ASSISTENCIAL;MEDICO GENERALISTA;; ESTATUTARIO;6459,20;;6459,20;1530,55;4928,65;
PEDRO IVO MACEDO COSTA;SETOR DE ZELAD.VIG.TRANSPORTES;MOTORISTA-MOT-T.S.N.A.-A;; ESTATUTARIO;2989,73;;2989,73;366,35;2623,38;
PEDRO PAULO OLIVEIRA SANTOS;SERVICO DE CIRURGIA ANCOLOGICA;ENFERMEIRO-ENF-P.S.N.S.-A;; ESTATUTARIO;7308,79;;7308,79;1663,74;5645,05;
PERLA AZIZE ASSAYAG;SETOR DE CABECA E PESCOCO;CIRURGIAO DENTISTA A;GERENTE AD 2; ESTATUTARIO;11232,53;;11232,53;2729,94;8502,59;
PETRONIO SILVEIRA QUINTELO;SETOR DE AMBULATORIO;MEDICO ESPECIALISTA;; ESTATUTARIO;8757,19;;8757,19;1417,40;7339,79;
PITAGUARAS COSTA DE O SARAIVA;SETOR DE LIQ.DE CONTAS HOSPIT.;ASSIST.ADMIN.-ASA-T.S.N.M.-A;; ESTATUTARIO;2476,49;;2476,49;276,71;2199,78;
POLIANA ALBUQUERQUE SIGNORINI;SETOR DE AMBULATORIO;MEDICO ESPECIALISTA;; ESTATUTARIO;16842,92;;16842,92;4416,28;12426,64;
PRISCILA DE LIMA FARIAS;SETOR DE HEMATOL.E HEMOTERAPIA;TEC.DE HEMOTERAP.-THE-P.S.N.M.-A;; ESTATUTARIO;2773,32;;2773,32;318,26;2455,06;
PRISCILA OLIVEIRA DE SOUZA;SERVICO DE RADIOTERAPIA;TEC.DE RADIOTERAPIA-TER-P.S.N.M.-A;; ESTATUTARIO;2773,32;;2773,32;318,26;2455,06;
PRISCILLA RUTH DA COSTA E SILVA;CHEFIA DE GABINETE;ASSIST.ADMIN.-ASA-T.S.N.M.-A;; ESTATUTARIO;2476,49;;2476,49;276,71;2199,78;
RAFAEL DA SILVA BANDEIRA;SETOR DE ENFERMARIA;ENFERMEIRO-ENF-P.S.N.S.-A;; ESTATUTARIO;9281,78;;9281,78;2193,48;7088,30;
RAFIZIA FERNANDA ALBUQUERQUE SILVA;SETOR DE LIQ.DE CONTAS HOSPIT.;ASSIST.ADMIN.-ASA-T.S.N.M.-A;; ESTATUTARIO;2476,49;;2476,49;276,71;2199,78;
RAIMUNDA BARBOSA PINTO FERREIRA;DIVISAO DE ADMINISTRACAO;RECEPCIONISTA-REC-T.S.N.A.-E;; ESTATUTARIO;2342,06;;2342,06;257,89;2084,17;
RAIMUNDA GOMES LESCH;SETOR DE RADIOTERAPIA;ASSISTENTE TECNICO A;; ESTATUTARIO;3258,47;;3258,47;377,44;2881,03;
RAIMUNDA NONATA SILVA TELES;SETOR DE NUTRICAO E DIETETICA;COZINHEIRO-T.S.N.A.-A;; ESTATUTARIO;2326,69;;2326,69;255,74;2070,95;
RAIMUNDO ANTONIO BRAGA DOS SANTOS;SECAO DE SERVICOS GERAIS;AUX.DE SERV.GER.-ASG-T.S.N.A.-B;; ESTATUTARIO;2476,75;;2476,75;276,75;2200,00;
RAIMUNDO NONATO CAVALCANTE MACIEL;SETOR DE ZELAD.VIG.TRANSPORTES;MOTORISTA-MOT-T.S.N.A.-A;MOTORISTA; ESTATUTARIO;2611,35;;2611,35;;2611,35;
RAIMUNDO NONATO NUNES;SETOR DE ENFERMARIA;TEC. DE ENFERMAGEM-TEN-P.S.N.M.-A;TEC. DE ENFERMAGEM; ESTATUTARIO;2831,91;;2831,91;326,47;2505,44;
RAIMUNDO WANDEUVES LORIS GUIMARAES;SETOR DE PATOLOGIA CLINICA;TECNICO DE SAUDE 3A CLASSE;; ESTATUTARIO;2569,63;;2569,63;359,75;2209,88;
RAKEL NEVES DOS SANTOS;SETOR DE LIQ.DE CONTAS HOSPIT.;ASSIST.ADMIN.-ASA-T.S.N.M.-A;; ESTATUTARIO;3135,32;;3135,32;310,81;2824,51;
RAMIRO QUIRINO DE MATOS;NUCLEO MEDICO-ASSISTENCIAL;SUPERVISOR EM RADIOPROTECAO FISICA;NAO INFORMADO; CARGO COMISSION.S/VINCULO;2981,24;;2981,24;290,03;2691,21;
REIGIANE MARTINS DE SOUZA;DIVISAO DE ADMINISTRACAO;RECEPCIONISTA-REC-T.S.N.A.-E;; ESTATUTARIO;2292,42;;2292,42;242,57;2049,85;
REINALDO CORREA LOPES;SETOR DE HEMATOL.E HEMOTERAPIA;TEC.DE HEMOTERAP.-THE-P.S.N.M.-A;; ESTATUTARIO;3103,78;;3103,78;380,31;2723,47;
RENATA CAMPOS GOMIDES NASCIMENTO;SETOR DE NUTRICAO E DIETETICA;TEC.DE NUT.E DIET.-TND-P.S.N.M.-A;; ESTATUTARIO;2795,94;;2795,94;318,26;2477,68;
RENATO DA SILVA REPILLA;SETOR DE CABECA E PESCOCO;CIRURGIAO DENTISTA A;; ESTATUTARIO;7232,53;;7232,53;1629,94;5602,59;
RICARDO ALAN MONTEIRO BATISTA;DIR.ADMINISTRATIVA-FINANCEIRA;ASSESSOR I;NAO INFORMADO; CARGO COMISSION.S/VINCULO;5600,30;;5600,30;992,10;4608,20;
RICARDO DIAS DA ROCHA;SERVICO DE ENFERMAGEM;MEDICO ESPECIALISTA;MEDICO URGENTISTA; ESTATUTARIO;8867,83;;8867,83;2233,42;6634,41;
RICARDO RIBEIRO DE MORAIS;DIVISAO DE ADMINISTRACAO;BACHAREL EM COMP.-BQO-T.S.N.S.-A;SUBGERENTE; ESTATUTARIO;8308,96;;8308,96;1766,21;6542,75;
RICARDO SERGIO XAVIER PINTO;SETOR DE ENFERMARIA;ENFERMEIRO A;; ESTATUTARIO;7319,96;;7319,96;1698,35;5621,61;
RITA DE CASSIA ALENCAR REFFERT;SETOR DE ENFERMARIA;FARMACEUTICO BIOQUIMICO B;; ESTATUTARIO;7686,71;;7686,71;1799,21;5887,50;
RITA DE CASSIA RODRIGUES CAMPOS;SETOR DE PATOLOGIA CLINICA;AUX.DE PATOL.CLIN.-APC-P.S.N.A.-A;; ESTATUTARIO;2650,59;;2650,59;228,61;2421,98;
RITA DE CASSIA UCHOA DE P MOUZINHO;SETOR DE PATOLOGIA CLINICA;TEC.DE PAT.CLINICA-TPC-P.S.N.M.-C;; ESTATUTARIO;3598,91;;3598,91;389,74;3209,17;
ROBERLAN DAS CHAGAS LIMA;SETOR DE PATOLOGIA CLINICA;TEC.DE PAT.CLINICA-TPC-P.S.N.M.-A;; ESTATUTARIO;2773,32;;2773,32;318,26;2455,06;
RODRIGO BATISTA NEVES;SETOR DE FARMACIA;AUX.DE FARMACIA-AFA-P.S.N.A.-A;; ESTATUTARIO;2565,69;;2565,69;261,27;2304,42;
RODRIGO FERREIRA ANDRADE;SECAO DE MATERIAL E PATRIMONIO;ASSIST.ADMIN.-ASA-T.S.N.M.-A;; ESTATUTARIO;2423,59;;2423,59;269,30;2154,29;
RODRIGO POLO DA COSTA;SETOR DE AMBULATORIO;MEDICO ESPECIALISTA;MEDICO ESPECIALISTA; ESTATUTARIO;8867,83;;8867,83;2233,42;6634,41;
ROGERIO LIMA DOS SANTOS;SETOR DE AMBULATORIO;MEDICO ESPECIALISTA;MED ESPECIALISTA; ESTATUTARIO;12440,51;;12440,51;3275,54;9164,97;
ROMILDO TORRES CAMELO;SETOR DE ANATOMIA PATOLOGICA;MEDICO ESPECIALISTA;; ESTATUTARIO;9370,02;879,46;8490,56;2362,30;6128,26;
RONALDO RODRIGUES DA COSTA;SECAO DE EXPEDIENTE;ASSISTENTE TECNICO A;GERENTE; ESTATUTARIO;6855,42;;6855,42;1065,32;5790,10;
ROSANGELA DAS NEVES SMITH;AMBULATORIO-DEPTO.ENFERMAGEM;TEC. DE ENFERMAGEM-TEN-P.S.N.M.-A;GERENTE; ESTATUTARIO;8864,43;;8864,43;1661,60;7202,83;
ROSE ANE SOUZA MORAL;SECAO DE EXPEDIENTE;AGENTE ADM.-AGA-T.S.N.A.-G;; ESTATUTARIO;2787,06;;2787,06;320,19;2466,87;
ROSE MARY FERREIRA DA FROTA;SETOR DE ENFERMARIA;TEC. DE ENFERMAGEM-TEN-P.S.N.M.-B;; ESTATUTARIO;2563,67;;2563,67;381,47;2182,20;
ROSILENE NEVES BEZERRA DE SA;SETOR DE ENFERMARIA;FARMACEUTICO-FAR-P.S.N.S.-A;; ESTATUTARIO;7140,82;;7140,82;1630,91;5509,91;
ROSILENE VIANA DE ANDRADE;SETOR DE AMBULATORIO;MEDICO MESTRE;; ESTATUTARIO;9837,28;;9837,28;2577,81;7259,47;
ROSSIONE COSTA DA SILVA;SETOR DE ENFERMARIA;ENFERMEIRO-ENF-P.S.N.S.-A;; ESTATUTARIO;9010,37;;9010,37;2038,74;6971,63;
ROZANGELA RODRIGUES DA COSTA;SECAO DE EXPEDIENTE;ASSISTENTE TECNICO A;GERENTE; ESTATUTARIO;6752,15;;6752,15;1078,57;5673,58;
RUAN MACEDO FERREIRA;SETOR DE RADIOTERAPIA;TEC.DE RADIOTERAPIA-TER-P.S.N.M.-A;; ESTATUTARIO;2831,91;;2831,91;326,47;2505,44;
RUTH MESQUITA FERREIRA;SERVICO DE ENFERMAGEM;TEC. DE ENFERMAGEM-TEN-P.S.N.M.-A;; ESTATUTARIO;2831,91;;2831,91;326,47;2505,44;
RUTH MESQUITA FERREIRA;SETOR DE ENFERMARIA;TEC. DE ENFERMAGEM-TEN-P.S.N.M.-A;; ESTATUTARIO;2273,32;;2273,32;318,26;1955,06;
SABRINA RAMOS BIANCO;SETOR DE IMAGENOLOGIA;MEDICO ESPECIALISTA;GERENTE AD 2; ESTATUTARIO;8923,78;;8923,78;2254,01;6669,77;
SAINTCLAYTON DA SILVA SOARES;SETOR DE PATOLOGIA CLINICA;FARMAC.BIOQ. -FAB-P.S.N.S.-A;; ESTATUTARIO;7009,13;;7009,13;1529,19;5479,94;
SAMARA DE OLIVEIRA MORENO;SERVICO DE ENFERMAGEM;AUX.DE ENFERM.-AEF-P.S.N.A.-B;; ESTATUTARIO;2726,30;;2726,30;150,45;2575,85;
SAMARONE SCHRAMM DE ARAUJO;SETOR DE ZELAD.VIG.TRANSPORTES;MOTORISTA-MOT-T.S.N.A.-A;; ESTATUTARIO;3315,13;;3315,13;341,76;2973,37;
SAMUEL OTAS MARTINS;DIVISAO DE ADMINISTRACAO;ASSIST.ADMIN.-ASA-T.S.N.M.-A;; ESTATUTARIO;2476,49;;2476,49;276,71;2199,78;
SANDRA MARIA EVANGELISTA CARANHAS;SETOR DE CITOPATOLOGIA;TEC.DE HISTOLOGIA-THI-P.S.N.M.-A;TEC. DE HISTOLOGIA; ESTATUTARIO;3850,25;;3850,25;446,75;3403,50;
SANELLVA SHEILLA ROCHA;SETOR DE ALMOXARIFADO;AGENTE ADMINISTRATIVO A - N.B.;; ESTATUTARIO;2555,86;;2555,86;287,82;2268,04;
SARA JESSICA TEIXEIRA DE ANDRADE;SETOR DE PATOLOGIA CLINICA;TEC.DE PAT.CLINICA-TPC-P.S.N.M.-A;; ESTATUTARIO;2773,32;;2773,32;318,26;2455,06;
SARDE COSTA SOUZA;ASSESSORIA;AGENTE ADM.-AGA-T.S.N.A.-E;ASSESSOR II; ESTATUTARIO;6175,96;;6175,96;883,77;5292,19;
SHEILA COELHO DA ROCHA;SETOR DE IMAGENOLOGIA;TEC.DE RAD.MEDICA-TRM-P.S.N.M.-A;; ESTATUTARIO;2831,91;;2831,91;326,47;2505,44;
SHIRLEY FRAGOSO MONTEIRO;CONSELHO DIRETOR;ENFERMEIRO A;CHEFE DE DEPARTAMENT; ESTATUTARIO;12319,96;;12319,96;3073,35;9246,61;
SILVANA DA SILVA SOLIMOES;SERVICO COMPLEM.DE DIAGNOSTICO;TEC.DE PAT.CLINICA-TPC-P.S.N.M.-B;; ESTATUTARIO;3012,69;;3012,69;211,07;2801,62;
SILVIA BARBOSA CAVALCANTE;SAME;ASSIST.ADMIN.-ASA-T.S.N.M.-A;; ESTATUTARIO;2423,59;;2423,59;269,30;2154,29;
SIMONE DA SILVA MONTEIRO;SETOR DE FARMACIA;AUX.DE FARMACIA-AFA-P.S.N.A.-A;; ESTATUTARIO;2520,65;;2520,65;270,28;2250,37;
SIRLENE MUNIZ BARBOSA;CONSELHO DIRETOR;ASSIST.SOC.ASS-P.S.N.S.-CL.A;; ESTATUTARIO;6882,78;;6882,78;1533,76;5349,02;
SOCRATES LOTE DE OLIVEIRA;SETOR DE IMAGENOLOGIA;MEDICO ESPECIALISTA;CHEFE DE DEPART.; ESTATUTARIO;14386,74;;14386,74;3799,32;10587,42;
SOLANGE SOUZA MICHELE;SERVICO DE ENFERMAGEM;AUXILIAR DE ENFERMAGEM A;; ESTATUTARIO;2594,95;;2594,95;270,28;2324,67;
SONIA PERPETUA BATISTA E RIBEIRO;SETOR DE FARMACIA;AUX.DE FARMACIA-AFA-P.S.N.A.-A;; ESTATUTARIO;2510,65;;2510,65;270,28;2240,37;
STHEFANNY CAROLINE MENDES AZEVEDO;NUCLEO DE ESTUDOS E PESQUISAS;PESQUISADOR INIC.-PEI-P.S.N.S.-A;; ESTATUTARIO;7669,72;;7669,72;1777,90;5891,82;
SUENE CAMPOS DE QUEIROZ;MANDADO DE SEGURANCA;ENGENHEIRO CIVIL-ECI-T.S.N.S.-A;; ESTATUTARIO;5308,96;;5308,96;967,65;4341,31;
SUZAN CAROL DE OLIVEIRA BISCARO;SETOR DE AMBULATORIO;PSICOLOGO-PSI-P.S.N.S.-A;; ESTATUTARIO;7009,13;;7009,13;1581,33;5427,80;
SYLK NAGAWO AREB;CONSELHO DIRETOR;TEC.DE RADIOTERAPIA-TER-P.S.N.M.-A;; ESTATUTARIO;2773,32;;2773,32;318,26;2455,06;
SYLVIO GOUVEA JUNIOR;SETOR DE ALMOXARIFADO;ASSISTENTE TECNICO A;; ESTATUTARIO;2654,58;;2654,58;301,64;2352,94;
TADEU AFONSO DE SENA SILVA;SECAO DE ORCAMENTO E FINANCAS;ASSISTENTE TECNICO;; ESTATUTARIO;2786,00;;2786,00;320,04;2465,96;
TAMILLE VIEIRA MACHADO;SETOR DE ENFERMARIA;ENFERMEIRO-ENF-P.S.N.S.-A;; ESTATUTARIO;6882,78;;6882,78;1533,76;5349,02;
TANIA DE SOUZA E SOUZA;SETOR DE ENFERMARIA;TEC. DE ENFERMAGEM-TEN-P.S.N.M.-A;TEC. DE ENFERMAGEM; ESTATUTARIO;3875,36;;3875,36;452,75;3422,61;
TATIANA AMARAL PIRES DE ALMEIDA;NUCLEO DE ESTUDOS E PESQUISAS;PESQUISADOR INIC.-PEI-P.S.N.S.-A;; ESTATUTARIO;7799,99;;7799,99;1826,95;5973,04;
TATIANA MINDA HERCULANO CATTEBEKE;SETOR DE AMBULATORIO;MEDICO ESPECIALISTA;; ESTATUTARIO;8867,83;;8867,83;2233,42;6634,41;
TERESINHA DA SILVA BANDEIRA;SETOR DE FARMACIA;ASSISTENTE TECNICO B;; ESTATUTARIO;3255,20;;3255,20;362,60;2892,60;
TEREZA MARIA FURTADO FARIAS SANTOS;SETOR DE ENFERMARIA;ENFERMEIRO C;; ESTATUTARIO;7319,96;;7319,96;1698,35;5621,61;
THAIS PAIVA SILVA;SAME;ASSIST.ADMIN.-ASA-T.S.N.M.-A;; ESTATUTARIO;2476,49;;2476,49;276,71;2199,78;
THALITA GOMES MARTINS;SETOR DE ANATOMIA PATOLOGICA;MEDICO ESPECIALISTA;; ESTATUTARIO;8757,19;;8757,19;2192,70;6564,49;
THALYTA GABRIELLE BESSA GIL;SETOR DE ENFERMARIA;ENFERMEIRO-ENF-P.S.N.S.-A;; ESTATUTARIO;6382,78;;6382,78;1533,76;4849,02;
THATIANA FERREIRA MARCIAO GUEDES;SETOR DE CITOPATOLOGIA;TEC. EM CITOTECNICA-TCI-P.S.N.M.-A;; ESTATUTARIO;2773,32;;2773,32;318,26;2455,06;
THAUAN ALESSANDRO FEITOZA LOPES;SETOR DE REGISTRO E CONTROLE;ASSIST.ADMIN.-ASA-T.S.N.M.-A;; ESTATUTARIO;1923,59;;1923,59;;1923,59;
THIAGO FELIPE LEMOS DE OLIVEIRA;SAME;ASSIST.ADMIN.-ASA-T.S.N.M.-A;; ESTATUTARIO;2423,59;;2423,59;269,30;2154,29;
THIAGO SILVEIRA PAIVA;SETOR DE ENDOSCOPIA;MEDICO ESPECIALISTA;GERENTE AD-2; ESTATUTARIO;8536,93;;8536,93;2279,92;6257,01;
THIANE FEITOZA DE SOUZA;DIVISAO DE ADMINISTRACAO;ASSIST.ADMIN.-ASA-T.S.N.M.-A;; ESTATUTARIO;2476,49;;2476,49;276,71;2199,78;
ULICEIA LOPES DA SILVA RIBEIRO;SETOR DE ENFERMARIA;TEC. DE ENFERMAGEM-TEN-P.S.N.M.-A;; ESTATUTARIO;2831,91;;2831,91;326,47;2505,44;
VALDENIA COSTA AGUIAR;SETOR DE ENFERMARIA;TEC. DE ENFERMAGEM-TEN-P.S.N.M.-A;TEC ENFERMAGEM; ESTATUTARIO;2831,91;;2831,91;326,47;2505,44;
VALDIRENE PINHEIRO DE ANDRADE;SETOR DE HEMATOL.E HEMOTERAPIA;TEC.DE HEMOTERAP.-THE-P.S.N.M.-A;TEC. DE  HEMOTERAPIA; ESTATUTARIO;2831,91;;2831,91;326,47;2505,44;
VALDIRENE PINHEIRO DE ANDRADE;SETOR DE HEMATOL.E HEMOTERAPIA;TEC.DE HEMOTERAP.-THE-P.S.N.M.-A;; ESTATUTARIO;2273,32;;2273,32;318,26;1955,06;
VALMIER BARBOSA DE SOUZA;SAME;ASSIST.ADMIN.-ASA-T.S.N.M.-A;; ESTATUTARIO;2476,49;;2476,49;276,71;2199,78;
VALNICE MACHADO PORTELA;SETOR DE ENFERMARIA;ENFERMEIRO-ENF-P.S.N.S.-A;ENFERMEIRA; ESTATUTARIO;7767,83;;7767,83;1836,56;5931,27;
VALQUIRIA DO CARMO ALVES MARTINS;SERVICO COMPLEM.DE DIAGNOSTICO;FARMAC.BIOQ. -FAB-P.S.N.S.-B;; ESTATUTARIO;7938,74;;7938,74;1931,32;6007,42;
VANDERLEI RODRIGUES ALVES;SETOR DE PATOLOGIA CLINICA;FARMAC.BIOQ. -FAB-P.S.N.S.-A;; ESTATUTARIO;6882,78;;6882,78;1533,76;5349,02;
VANDERLENE DE MENEZES DA MATA;SERVICO DE ENFERMAGEM;TEC. DE ENFERMAGEM-TEN-P.S.N.M.-A;TEC DE ENFERMAGEM; ESTATUTARIO;2831,91;;2831,91;326,47;2505,44;
VANDERNEILA MARIA LIBORIO DA COSTA;SETOR DE NUTRICAO E DIETETICA;TEC.DE NUT.E DIET.-TND-P.S.N.M.-A;TEC DE NUTRICAO; ESTATUTARIO;2831,91;;2831,91;326,47;2505,44;
VANIA MARIA CAVALCANTE DE ARAUJO;SETOR DE ENFERMARIA;AUX.DE ENFERM.-AEF-P.S.N.A.-C;; ESTATUTARIO;3471,40;;3471,40;368,66;3102,74;
VANIA MARIA COSTA PAULA;SETOR DE ENFERMARIA;TEC. DE ENFERMAGEM-TEN-P.S.N.M.-A;; ESTATUTARIO;2773,32;;2773,32;318,26;2455,06;
VANIA MARIA LIMA DA SILVA ARACATY;SETOR DE ONCOLOGIA CLINICA;ENFERMEIRO C;; ESTATUTARIO;7009,13;;7009,13;1581,33;5427,80;
VANIA MARIA LIMA DA SILVA ARACATY;SETOR DE ONCOLOGIA CLINICA;ENFERMEIRO-ENF-P.S.N.S.-A;ENFERMEIRA; ESTATUTARIO;6819,96;;6819,96;1698,35;5121,61;
VINICIUS LIMA FERREIRA DIAS;SERV.CLIN.MED.ONC.E APOIO TER.;CIR.DENT.-CCRD-P.S.N.S.-A;; ESTATUTARIO;6882,78;;6882,78;1533,76;5349,02;
VITOR BERENGUER BARBOSA JUNIOR;DIVISAO DE ADMINISTRACAO;ADVOGADO-ADV-T.S.N.S.-A;; ESTATUTARIO;5308,96;;5308,96;967,65;4341,31;
VIVIANE DA SILVA FERREIRA;SERVICO DE ENFERMAGEM;TEC. DE ENFERMAGEM-TEN-P.S.N.M.-A;TEC. DE ENFERMAGEM; ESTATUTARIO;3012,69;;3012,69;371,05;2641,64;
Willame Ferreira da Silva;CONS.TECNICO-ADMINISTRATIVO;ASSIST.ADMIN.-ASA-T.S.N.M.-A;ASSESSOR III; ESTATUTARIO;5531,82;;5531,82;660,54;4871,28;
WALDINEI RODRIGUES DA COSTA;SETOR DE NUTRICAO E DIETETICA;COZINHEIRO-T.S.N.A.-A;COZINHEIRO; ESTATUTARIO;2424,03;;2424,03;255,74;2168,29;
WALNEIDE PINHEIRO DE ANDRADE SILVA;SETOR DE ENFERMARIA;TEC.DE HEMOTERAP.-THE-P.S.N.M.-B;; ESTATUTARIO;3012,69;;3012,69;351,78;2660,91;
WANDERLEY RIBEIRO SARMENTO;SETOR DE IMAGENOLOGIA;TEC.DE RAD.MEDICA-TRM-P.S.N.M.-A;TEC DE RADIOLOGIA; ESTATUTARIO;2881,85;;2881,85;326,47;2555,38;
WILIBRAN CANDIDO DE BARROS;SETOR DE FARMACIA;FARMACEUTICO-FAR-P.S.N.S.-A;; ESTATUTARIO;7289,89;;7289,89;1541,44;5748,45;
YAGO VINICIUS SERRA DOS SANTOS;SETOR DE ANATOMIA PATOLOGICA;TEC.DE HISTOLOGIA-THI-P.S.N.M.-A;; ESTATUTARIO;2773,32;;2773,32;318,26;2455,06;
YASMIN EMILE CONTE ABI ABIB;SETOR DE CITOPATOLOGIA;TEC. EM CITOTECNICA-TCI-P.S.N.M.-A;; ESTATUTARIO;2773,32;;2773,32;318,26;2455,06;
ZENOBIA DOS SANTOS DE ALMEIDA FILHA;SETOR DE SERVICO SOCIAL;ASSIST.SOC.ASS-P.S.N.S.-CL.A;GERENTE AD-2; ESTATUTARIO;7009,13;;7009,13;1581,33;5427,80;
