NOME;LOTACAO;CARGO;FUNCAO;VINCULO;REMUNERACAO LEGAL TOTAL(R$);DESC.TETO(R$); REMUNERACAO LEGAL DEVIDA(R$);DESCONTOS LEGAIS(R$);LIQUIDO DISPONIVEL(R$);
ADEMAR BRITO DA FROTA NETO;PENSIONISTAS TCE EXECUTIVO;PENSIONISTA;; ESTATUTARIO;35826,19;363,97;35462,22;11762,81;23699,41;
AFONSO SOUZA BARROS;AMAZONPREV PENSIONISTAS TCE;PENSIONISTA;1; PENSAO POR MORTE;7017,17;;7017,17;1236,68;5780,49;
ANA JULIA BEZERRA DE OLIVEIRA;AMAZONPREV PENSIONISTAS TCE;PENSIONISTA;; PENSAO POR MORTE;4186,52;;4186,52;274,29;3912,23;
ANTONILZO BARBOSA DE SOUZA;AMAZONPREV PENSIONISTAS TCE;PENSIONISTA;; PENSAO POR MORTE;12355,29;;12355,29;2262,31;10092,98;
BARTHOLOMEU GOMES JUNIOR;AMAZONPREV PENSIONISTAS TCE;PENSIONISTA;84/2019; PENSAO POR MORTE;17350,89;;17350,89;4573,85;12777,04;
BELISA MARIA DAS GRACAS O AVELINO;AMAZONPREV PENSIONISTAS TCE;PENSIONISTA;; PENSAO POR MORTE;16360,72;;16360,72;3695,88;12664,84;
CRISTINA FRANCISCA DE S MAGALHAES;AMAZONPREV PENSIONISTAS TCE;PENSIONISTA;; PENSAO POR MORTE;10389,58;;10389,58;1558,78;8830,80;
DEBORA DE ALMEIDA E SILVA DA CUNHA;AMAZONPREV PENSIONISTAS TCE;PENSIONISTA;376/2020-GDPRH; ESTATUTARIO;27703,07;;27703,07;8278,94;19424,13;
DENIRA MARIA JACAUNA DE AZEVEDO TAP;PENSIONISTAS TCE EXECUTIVO;PENSIONISTA;; ESTATUTARIO;14671,68;;14671,68;69,61;14602,07;
EDMEA FARIAS DE FREITAS;AMAZONPREV PENSIONISTAS TCE;PENSIONISTA;; PENSAO POR MORTE;39158,94;;39158,94;11855,45;27303,49;
EDNA BRAZ DE ALMEIDA;AMAZONPREV PENSIONISTAS TCE;PENSIONISTA;; PENSAO POR MORTE;5987,13;;5987,13;664,51;5322,62;
EDUARDO LINDOSO FREIDZON;AMAZONPREV PENSIONISTAS TCE;PENSIONISTA;169/2005-GPSA-TCE; PENSAO POR MORTE;15172,94;;15172,94;;15172,94;
ELIZABETH REGINA BARBOSA PEREIRA DE;PENSIONISTAS TCE EXECUTIVO;PENSIONISTA;; ESTATUTARIO;32163,70;;32163,70;7013,51;25150,19;
ERLY MARIA MENDES;AMAZONPREV PENSIONISTAS TCE;PENSIONISTA;; PENSAO POR MORTE;9231,09;;9231,09;1144,15;8086,94;
ETIVALDO PAES BARRETO;AMAZONPREV PENSIONISTAS TCE;PENSIONISTA;; PENSAO POR MORTE;3964,82;;3964,82;;3964,82;
FATIMA BARBOSA DA SILVA;AMAZONPREV PENSIONISTAS TCE;PENSIONISTA;; ESTATUTARIO;15401,98;;15401,98;11586,51;3815,47;
FRANCISCA DAS CHAGAS DELFINO DA SIL;AMAZONPREV PENSIONISTAS TCE;PENSIONISTA;293/2022-GPDRH-TCE; ESTATUTARIO;11058,52;;11058,52;2406,73;8651,79;
FRANCISCO PLINIO VALERIO TOMAZ;PENSIONISTAS TCE EXECUTIVO;PENSIONISTA;; ESTATUTARIO;10553,33;;10553,33;1861,02;8692,31;
GEMMA SANTORO LOPES;AMAZONPREV PENSIONISTAS TCE;PENSIONISTA;; PENSAO POR MORTE;39272,02;;39272,02;3124,38;36147,64;
GENILDA SAMPAIO ARAUJO;AMAZONPREV PENSIONISTAS TCE;PENSIONISTA;; PENSAO POR MORTE;14923,16;;14923,16;3181,37;11741,79;
GILBERTO SALUSTIANO DE MORAES E SIL;AMAZONPREV PENSIONISTAS TCE;PENSIONISTA;189/2021; ESTATUTARIO;13894,83;;13894,83;3336,91;10557,92;
IVETTE ROCHA DE MENEZES;AMAZONPREV PENSIONISTAS TCE;PENSIONISTA;; PENSAO POR MORTE;34685,53;;34685,53;2525,21;32160,32;
JAQUELINE DANTAS BERREDO;PENSIONISTAS TCE EXECUTIVO;PENSIONISTA;01/2008; ESTATUTARIO;6799,03;;6799,03;1000,37;5798,66;
JOANA MARIA TALHARI;PENSIONISTAS TCE EXECUTIVO;PENSIONISTA;; ESTATUTARIO;8801,15;;8801,15;1149,19;7651,96;
JOSE AFONSO BARROS DOS SANTOS;AMAZONPREV PENSIONISTAS TCE;PENSIONISTA;; PENSAO POR MORTE;7017,17;;7017,17;735,10;6282,07;
JOSIANE MAIA CAMPOS;AMAZONPREV PENSIONISTAS TCE;PENSIONISTA;74/2021-GPDRH TCE; ESTATUTARIO;18908,89;;18908,89;5131,47;13777,42;
JULIA HELOISA MARQUES DE LIMA;AMAZONPREV PENSIONISTAS TCE;PENSIONISTA;; ESTATUTARIO;10193,12;;10193,12;2012,06;8181,06;
LAURA FLORENCIO DA SILVA NUNES;PENSIONISTAS TCE EXECUTIVO;PENSIONISTA;; ESTATUTARIO;1212,00;;1212,00;;1212,00;
LEA MAIA MENESCAL;AMAZONPREV PENSIONISTAS TCE;PENSIONISTA;; PENSAO POR MORTE;4620,65;;4620,65;36,19;4584,46;
LOURDES FERREIRA GOMES;AMAZONPREV PENSIONISTAS TCE;PENSIONISTA;; PENSAO POR MORTE;29713,91;;29713,91;8475,04;21238,87;
MANOEL ALMEIDA E SILVA;PENSIONISTAS TCE EXECUTIVO;PENSIONISTA;; ESTATUTARIO;10853,11;;10853,11;1973,89;8879,22;
MARAMOR JACOB AREIAS LINS;AMAZONPREV PENSIONISTAS TCE;PENSIONISTA;; PENSAO POR MORTE;22910,22;2110,36;20799,86;6167,93;14631,93;
MARIA AURELIA GASPAR DE M ARAUJO;AMAZONPREV PENSIONISTAS TCE;PENSIONISTA;; PENSAO POR MORTE;31677,81;;31677,81;2132,29;29545,52;
MARIA AUXILIADORA CORREA COELHO;AMAZONPREV PENSIONISTAS TCE;PENSIONISTA;; PENSAO POR MORTE;39695,48;;39695,48;12047,48;27648,00;
MARIA AUXILIADORA GAMA TEIXEIRA;PENSIONISTAS TCE EXECUTIVO;PENSIONISTA;; ESTATUTARIO;6281,25;;6281,25;857,98;5423,27;
MARIA CELIA CARESTO AMAZONAS;PENSIONISTAS TCE EXECUTIVO;PENSIONISTA;; ESTATUTARIO;3186,94;;3186,94;123,24;3063,70;
MARIA DA CONCEICAO PEREIRA LINS;AMAZONPREV PENSIONISTAS TCE;PENSIONISTA;; PENSAO POR MORTE;9240,49;;9240,49;1147,52;8092,97;
MARIA DA CONCEICAO SOARES CABETE;AMAZONPREV PENSIONISTAS TCE;PENSIONISTA;; PENSAO POR MORTE;22910,22;2110,36;20799,86;5644,34;15155,52;
MARIA DAS GRACAS SILVA LINS;PENSIONISTAS TCE EXECUTIVO;PENSIONISTA;; ESTATUTARIO;1340,13;;1340,13;;1340,13;
MARIA DE FATIMA CORREA NAZARETH;AMAZONPREV PENSIONISTAS TCE;PENSIONISTA;272/2022-GPDRH-TCE; ESTATUTARIO;8592,03;;8592,03;986,12;7605,91;
MARIA DE LOURDES ANTONY C RIBEIRO;AMAZONPREV PENSIONISTAS TCE;PENSIONISTA;; PENSAO POR MORTE;45843,08;;45843,08;3982,81;41860,27;
MARIA DE NAZARE LIMA PEREIRA;AMAZONPREV PENSIONISTAS TCE;PENSIONISTA;; PENSAO POR MORTE;14923,15;;14923,15;3541,04;11382,11;
MARIA DEUZINA TUPINAMBA MELLO;AMAZONPREV PENSIONISTAS TCE;PENSIONISTA;; PENSAO POR MORTE;29249,52;;29249,52;8308,83;20940,69;
MARIA EDNELZA DE SOUZA MACHADO;AMAZONPREV PENSIONISTAS TCE;PENSIONISTA;204/2020; ESTATUTARIO;12852,39;;12852,39;3250,21;9602,18;
MARIA ELIZA GARCIA E SILVA;AMAZONPREV PENSIONISTAS TCE;PENSIONISTA;208/2022; ESTATUTARIO;6249,49;;6249,49;1007,64;5241,85;
MARIA LEONOR XEREZ DE SOUZA;AMAZONPREV PENSIONISTAS TCE;PENSIONISTA;; PENSAO POR MORTE;39595,46;;39595,46;12011,68;27583,78;
MARLENE GUEDES LOBO;AMAZONPREV PENSIONISTAS TCE;PENSIONISTA;; PENSAO POR MORTE;39158,93;;39158,93;11855,44;27303,49;
MARQUIZETE PERIS PEREIRA;AMAZONPREV PENSIONISTAS TCE;PENSIONISTA;; PENSAO POR MORTE;8768,19;;8768,19;978,48;7789,71;
MATHEUS VINICIUS OLIVEIRA DA SILVA;PENSIONISTAS TCE EXECUTIVO;PENSIONISTA;; ESTATUTARIO;1347,48;;1347,48;;1347,48;
NIZA DIB BASTOS;AMAZONPREV PENSIONISTAS TCE;PENSIONISTA;; PENSAO POR MORTE;4805,18;;4805,18;49,19;4755,99;
OLENKA CHAUVIN DE MENEZES LIMONGI;PENSIONISTAS TCE EXECUTIVO;PENSIONISTA;; ESTATUTARIO;7262,47;;7262,47;622,02;6640,45;
OLGA ISRAEL DO NASCIMENTO;AMAZONPREV PENSIONISTAS TCE;PENSIONISTA;; PENSAO POR MORTE;42931,51;656,80;42274,71;3516,64;38758,07;
OLINDA COELHO DE OLIVEIRA;PENSIONISTAS TCE EXECUTIVO;PENSIONISTA;; ESTATUTARIO;1332,00;;1332,00;;1332,00;
OSIRIS MULFORD FALCAO;AMAZONPREV PENSIONISTAS TCE;PENSIONISTA;; PENSAO POR MORTE;30256,00;;30256,00;9300,54;20955,46;
PEDRO MONTEIRO DE LIMA;AMAZONPREV PENSIONISTAS TCE;PENSIONISTA;; ESTATUTARIO;8696,47;;8696,47;952,81;7743,66;
ROSANGELA BENARROS LUCENA PAIVA;AMAZONPREV PENSIONISTAS TCE;PENSIONISTA;86/2021-GPDRH; ESTATUTARIO;9110,74;;9110,74;1624,67;7486,07;
ROSETE REGO RIBEIRO;AMAZONPREV PENSIONISTAS TCE;PENSIONISTA;1; PENSAO POR MORTE;4186,52;;4186,52;274,29;3912,23;
SAMANTHA DA COSTA FROTA;AMAZONPREV PENSIONISTAS TCE;PENSIONISTA;; PENSAO POR MORTE;28281,74;;28281,74;8486,05;19795,69;
TAIANE DA CUNHA GARCIA;AMAZONPREV PENSIONISTAS TCE;PENSIONISTA;208/2022; ESTATUTARIO;6249,49;;6249,49;1007,64;5241,85;
TEREZA CRISMELIA MOTTA NEGREIROS;AMAZONPREV PENSIONISTAS TCE;PENSIONISTA;; PENSAO POR MORTE;11186,29;;11186,29;1843,93;9342,36;
WALCLECIRIA LIMA LIRA;AMAZONPREV PENSIONISTAS TCE;PENSIONISTA;; PENSAO POR MORTE;8923,25;;8923,25;1557,57;7365,68;
WALKIRIA VIANA GONCALVES;AMAZONPREV PENSIONISTAS TCE;PENSIONISTA;1; PENSAO POR MORTE;32161,20;;32161,20;2195,44;29965,76;
WALNIZE DE CARVALHO COELHO;AMAZONPREV PENSIONISTAS TCE;PENSIONISTA;; PENSAO POR MORTE;14923,15;;14923,15;3541,04;11382,11;
