NOME;LOTACAO;CARGO;FUNCAO;VINCULO;REMUNERACAO LEGAL TOTAL(R$);DESC.TETO(R$); REMUNERACAO LEGAL DEVIDA(R$);DESCONTOS LEGAIS(R$);LIQUIDO DISPONIVEL(R$);
ADEMAR BRITO DA FROTA NETO;PENSIONISTAS TCE EXECUTIVO;PENSIONISTA;207/2008; ESTATUTARIO;35826,19;363,97;35462,22;11762,81;23699,41;
AFONSO SOUZA BARROS;AMAZONPREV PENSIONISTAS TCE;PENSIONISTA;1; PENSAO POR MORTE;7721,68;;7721,68;1487,20;6234,48;
ANA JULIA BEZERRA DE OLIVEIRA;AMAZONPREV PENSIONISTAS TCE;PENSIONISTA;; PENSAO POR MORTE;4606,49;;4606,49;405,85;4200,64;
ANTONILZO BARBOSA DE SOUZA;AMAZONPREV PENSIONISTAS TCE;PENSIONISTA;; PENSAO POR MORTE;13597,13;;13597,13;2706,78;10890,35;
BARTHOLOMEU GOMES JUNIOR;AMAZONPREV PENSIONISTAS TCE;PENSIONISTA;84/2019; PENSAO POR MORTE;19100,29;;19100,29;5199,97;13900,32;
BELISA MARIA DAS GRACAS O AVELINO;AMAZONPREV PENSIONISTAS TCE;PENSIONISTA;; PENSAO POR MORTE;18009,52;;18009,52;4285,99;13723,53;
CRISTINA FRANCISCA DE S MAGALHAES;AMAZONPREV PENSIONISTAS TCE;PENSIONISTA;; PENSAO POR MORTE;11431,71;;11431,71;1931,76;9499,95;
DEBORA DE ALMEIDA E SILVA DA CUNHA;AMAZONPREV PENSIONISTAS TCE;PENSIONISTA;376/2020-GDPRH; ESTATUTARIO;27703,07;;27703,07;8278,94;19424,13;
DENIRA MARIA JACAUNA DE AZEVEDO TAP;PENSIONISTAS TCE EXECUTIVO;PENSIONISTA;; ESTATUTARIO;16162,32;;16162,32;278,30;15884,02;
EDMEA FARIAS DE FREITAS;AMAZONPREV PENSIONISTAS TCE;PENSIONISTA;; PENSAO POR MORTE;39158,94;;39158,94;11855,45;27303,49;
EDNA BRAZ DE ALMEIDA;AMAZONPREV PENSIONISTAS TCE;PENSIONISTA;; PENSAO POR MORTE;6588,06;;6588,06;820,35;5767,71;
EDUARDO LINDOSO FREIDZON;AMAZONPREV PENSIONISTAS TCE;PENSIONISTA;169/2005-GPSA-TCE; PENSAO POR MORTE;15172,94;;15172,94;;15172,94;
ELIZABETH REGINA BARBOSA PEREIRA DE;PENSIONISTAS TCE EXECUTIVO;PENSIONISTA;; ESTATUTARIO;29088,92;;29088,92;5606,59;23482,33;
ERLY MARIA MENDES;AMAZONPREV PENSIONISTAS TCE;PENSIONISTA;; PENSAO POR MORTE;12327,48;;12327,48;2084,14;10243,34;
ETIVALDO PAES BARRETO;AMAZONPREV PENSIONISTAS TCE;PENSIONISTA;; PENSAO POR MORTE;5286,34;;5286,34;104,83;5181,51;
FATIMA BARBOSA DA SILVA;AMAZONPREV PENSIONISTAS TCE;PENSIONISTA;; ESTATUTARIO;16953,36;;16953,36;11822,17;5131,19;
FRANCISCA DAS CHAGAS DELFINO DA SIL;AMAZONPREV PENSIONISTAS TCE;PENSIONISTA;293/2022-GPDRH-TCE; ESTATUTARIO;11058,52;;11058,52;2406,73;8651,79;
FRANCISCO PLINIO VALERIO TOMAZ;PENSIONISTAS TCE EXECUTIVO;PENSIONISTA;; ESTATUTARIO;14267,05;;14267,05;3007,94;11259,11;
GEMMA SANTORO LOPES;AMAZONPREV PENSIONISTAS TCE;PENSIONISTA;; PENSAO POR MORTE;39272,02;;39272,02;3124,38;36147,64;
GENILDA SAMPAIO ARAUJO;AMAZONPREV PENSIONISTAS TCE;PENSIONISTA;; PENSAO POR MORTE;16425,90;;16425,90;3719,20;12706,70;
GILBERTO SALUSTIANO DE MORAES E SIL;AMAZONPREV PENSIONISTAS TCE;PENSIONISTA;189/2021; ESTATUTARIO;15293,09;;15293,09;3837,36;11455,73;
IVETTE ROCHA DE MENEZES;AMAZONPREV PENSIONISTAS TCE;PENSIONISTA;; PENSAO POR MORTE;34685,53;;34685,53;2525,21;32160,32;
JAQUELINE DANTAS BERREDO;PENSIONISTAS TCE EXECUTIVO;PENSIONISTA;01/2008; ESTATUTARIO;10313,21;;10313,21;2132,31;8180,90;
JOANA MARIA TALHARI;PENSIONISTAS TCE EXECUTIVO;PENSIONISTA;; ESTATUTARIO;11898,27;;11898,27;2105,68;9792,59;
JOSE AFONSO BARROS DOS SANTOS;AMAZONPREV PENSIONISTAS TCE;PENSIONISTA;; PENSAO POR MORTE;7721,68;;7721,68;963,61;6758,07;
JOSIANE MAIA CAMPOS;AMAZONPREV PENSIONISTAS TCE;PENSIONISTA;74/2021-GPDRH TCE; ESTATUTARIO;20760,25;;20760,25;5794,08;14966,17;
JULIA HELOISA MARQUES DE LIMA;AMAZONPREV PENSIONISTAS TCE;PENSIONISTA;; ESTATUTARIO;27873,33;;27873,33;4710,03;23163,30;
LAURA FLORENCIO DA SILVA NUNES;PENSIONISTAS TCE EXECUTIVO;PENSIONISTA;; ESTATUTARIO;1212,00;;1212,00;;1212,00;
LEA MAIA MENESCAL;AMAZONPREV PENSIONISTAS TCE;PENSIONISTA;; PENSAO POR MORTE;6162,45;;6162,45;240,56;5921,89;
LEONARDO PIMENTEL NOBREGA;AMAZONPREV PENSIONISTAS TCE;PENSIONISTA;525/2015; CARGO COMISSION.S/VINCULO;32007,82;;32007,82;7535,98;24471,84;
LOURDES FERREIRA GOMES;AMAZONPREV PENSIONISTAS TCE;PENSIONISTA;; PENSAO POR MORTE;29713,91;;29713,91;8475,04;21238,87;
MANOEL ALMEIDA E SILVA;PENSIONISTAS TCE EXECUTIVO;PENSIONISTA;; ESTATUTARIO;11955,79;;11955,79;2389,05;9566,74;
MARAMOR JACOB AREIAS LINS;AMAZONPREV PENSIONISTAS TCE;PENSIONISTA;; PENSAO POR MORTE;22910,22;2110,36;20799,86;6167,93;14631,93;
MARIA AURELIA GASPAR DE M ARAUJO;AMAZONPREV PENSIONISTAS TCE;PENSIONISTA;; PENSAO POR MORTE;31677,81;;31677,81;2132,29;29545,52;
MARIA AUXILIADORA CORREA COELHO;AMAZONPREV PENSIONISTAS TCE;PENSIONISTA;; PENSAO POR MORTE;39695,48;;39695,48;12047,48;27648,00;
MARIA AUXILIADORA GAMA TEIXEIRA;PENSIONISTAS TCE EXECUTIVO;PENSIONISTA;; ESTATUTARIO;8491,62;;8491,62;1465,84;7025,78;
MARIA CELIA CARESTO AMAZONAS;PENSIONISTAS TCE EXECUTIVO;PENSIONISTA;; ESTATUTARIO;3510,73;;3510,73;171,81;3338,92;
MARIA DA CONCEICAO PEREIRA LINS;AMAZONPREV PENSIONISTAS TCE;PENSIONISTA;; PENSAO POR MORTE;10165,88;;10165,88;1478,72;8687,16;
MARIA DA CONCEICAO SOARES CABETE;AMAZONPREV PENSIONISTAS TCE;PENSIONISTA;; PENSAO POR MORTE;22910,22;2110,36;20799,86;5644,34;15155,52;
MARIA DAS GRACAS SILVA LINS;PENSIONISTAS TCE EXECUTIVO;PENSIONISTA;; ESTATUTARIO;1476,29;;1476,29;;1476,29;
MARIA DE FATIMA CORREA NAZARETH;AMAZONPREV PENSIONISTAS TCE;PENSIONISTA;272/2022-GPDRH-TCE; ESTATUTARIO;8592,03;;8592,03;986,12;7605,91;
MARIA DE LOURDES ANTONY C RIBEIRO;AMAZONPREV PENSIONISTAS TCE;PENSIONISTA;; PENSAO POR MORTE;45843,08;;45843,08;3982,81;41860,27;
MARIA DE NAZARE LIMA PEREIRA;AMAZONPREV PENSIONISTAS TCE;PENSIONISTA;; PENSAO POR MORTE;14923,15;;14923,15;3541,04;11382,11;
MARIA DEUZINA TUPINAMBA MELLO;AMAZONPREV PENSIONISTAS TCE;PENSIONISTA;; PENSAO POR MORTE;29249,52;;29249,52;8308,83;20940,69;
MARIA EDNELZA DE SOUZA MACHADO;AMAZONPREV PENSIONISTAS TCE;PENSIONISTA;204/2020; ESTATUTARIO;12852,39;;12852,39;3250,21;9602,18;
MARIA ELIZA GARCIA E SILVA;AMAZONPREV PENSIONISTAS TCE;PENSIONISTA;208/2022; ESTATUTARIO;6294,72;;6294,72;1023,97;5270,75;
MARIA LEONOR XEREZ DE SOUZA;AMAZONPREV PENSIONISTAS TCE;PENSIONISTA;; PENSAO POR MORTE;39595,46;;39595,46;12011,68;27583,78;
MARLENE GUEDES LOBO;AMAZONPREV PENSIONISTAS TCE;PENSIONISTA;; PENSAO POR MORTE;39158,93;;39158,93;11855,44;27303,49;
MARQUIZETE PERIS PEREIRA;AMAZONPREV PENSIONISTAS TCE;PENSIONISTA;; PENSAO POR MORTE;9645,59;;9645,59;1292,50;8353,09;
MATHEUS VINICIUS OLIVEIRA DA SILVA;PENSIONISTAS TCE EXECUTIVO;PENSIONISTA;; ESTATUTARIO;1484,38;;1484,38;;1484,38;
NIZA DIB BASTOS;AMAZONPREV PENSIONISTAS TCE;PENSIONISTA;; PENSAO POR MORTE;5286,95;;5286,95;97,21;5189,74;
OLENKA CHAUVIN DE MENEZES LIMONGI;PENSIONISTAS TCE EXECUTIVO;PENSIONISTA;; ESTATUTARIO;8000,34;;8000,34;899,82;7100,52;
OLGA ISRAEL DO NASCIMENTO;AMAZONPREV PENSIONISTAS TCE;PENSIONISTA;; PENSAO POR MORTE;42931,51;656,80;42274,71;3516,64;38758,07;
OLINDA COELHO DE OLIVEIRA;PENSIONISTAS TCE EXECUTIVO;PENSIONISTA;; ESTATUTARIO;1332,00;;1332,00;;1332,00;
OSIRIS MULFORD FALCAO;AMAZONPREV PENSIONISTAS TCE;PENSIONISTA;; PENSAO POR MORTE;30256,00;;30256,00;9300,54;20955,46;
PEDRO MONTEIRO DE LIMA;AMAZONPREV PENSIONISTAS TCE;PENSIONISTA;; ESTATUTARIO;9566,58;;9566,58;1264,22;8302,36;
ROSANGELA BENARROS LUCENA PAIVA;AMAZONPREV PENSIONISTAS TCE;PENSIONISTA;86/2021-GPDRH; ESTATUTARIO;10022,94;;10022,94;1951,15;8071,79;
ROSETE REGO RIBEIRO;AMAZONPREV PENSIONISTAS TCE;PENSIONISTA;1; PENSAO POR MORTE;4606,49;;4606,49;405,85;4200,64;
SAMANTHA DA COSTA FROTA;AMAZONPREV PENSIONISTAS TCE;PENSIONISTA;; PENSAO POR MORTE;28281,74;;28281,74;8486,05;19795,69;
TAIANE DA CUNHA GARCIA;AMAZONPREV PENSIONISTAS TCE;PENSIONISTA;208/2022; ESTATUTARIO;6294,72;;6294,72;1023,97;5270,75;
TEREZA CRISMELIA MOTTA NEGREIROS;AMAZONPREV PENSIONISTAS TCE;PENSIONISTA;; PENSAO POR MORTE;12309,36;;12309,36;2245,87;10063,49;
WALCLECIRIA LIMA LIRA;AMAZONPREV PENSIONISTAS TCE;PENSIONISTA;01; PENSAO POR MORTE;9972,84;;9972,84;;9972,84;
WALKIRIA VIANA GONCALVES;AMAZONPREV PENSIONISTAS TCE;PENSIONISTA;1; PENSAO POR MORTE;32161,20;;32161,20;2195,44;29965,76;
WALNIZE DE CARVALHO COELHO;AMAZONPREV PENSIONISTAS TCE;PENSIONISTA;; PENSAO POR MORTE;14923,15;;14923,15;3541,04;11382,11;
