NOME;LOTACAO;CARGO;FUNCAO;VINCULO;REMUNERACAO LEGAL TOTAL(R$);DESC.TETO(R$); REMUNERACAO LEGAL DEVIDA(R$);DESCONTOS LEGAIS(R$);LIQUIDO DISPONIVEL(R$);
ALCEANE BRANDAO FRANCA;AMAZONPREV PENSIONISTAS PGJ;PENSIONISTA;; PENSAO POR MORTE;14913,57;;14913,57;4385,93;10527,64;
ALZENIRA DE SOUZA ANDRADE;AMAZONPREV PENSIONISTAS PGJ;PENSIONISTA;; PENSAO POR MORTE;28405,83;;28405,83;8582,49;19823,34;
AMANDA MARTINS VALENTE;AMAZONPREV PENSIONISTAS PGJ;PENSIONISTA;0001/2012; PENSAO POR MORTE;11309,97;;11309,97;3108,29;8201,68;
ANA AMELIA GASPAR DE MELLO;AMAZONPREV PENSIONISTAS PGJ;PENSIONISTA;1; PENSAO POR MORTE;12695,17;;12695,17;785,12;11910,05;
ANA DA CRUZ FERREIRA;AMAZONPREV PENSIONISTAS PGJ;PENSIONISTA;; PENSAO POR MORTE;27730,89;;27730,89;8328,37;19402,52;
ANA MARIA AZEVEDO DA SILVA;AMAZONPREV PENSIONISTAS PGJ;PENSIONISTA;; PENSAO POR MORTE;35462,22;;35462,22;11762,81;23699,41;
ARLINE DA SILVA FERNANDES FERREIRA;AMAZONPREV PENSIONISTAS PGJ;PENSIONISTA;; PENSAO POR MORTE;26288,51;;26288,51;8308,91;17979,60;
BELIALDADE FERREIRA DA SILVA;AMAZONPREV PENSIONISTAS PGJ;PENSIONISTA;; PENSAO POR MORTE;10689,24;;10689,24;2864,53;7824,71;
BETINA MARTINS VALENTE;AMAZONPREV PENSIONISTAS PGJ;PENSIONISTA;0001/2012; PENSAO POR MORTE;11309,97;;11309,97;3108,29;8201,68;
CERES REIS DA COSTA;AMAZONPREV PENSIONISTAS PGJ;PENSIONISTA;; PENSAO POR MORTE;28725,00;;28725,00;9226,25;19498,75;
CLEISSE GOMES DOS SANTOS CRUZ;AMAZONPREV PENSIONISTAS PGJ;PENSIONISTA;316/2021; PENSAO POR MORTE;24333,33;;24333,33;7049,19;17284,14;
DIVA DE OLIVEIRA LOPES;AMAZONPREV PENSIONISTAS PGJ;PENSIONISTA;; PENSAO POR MORTE;11732,98;;11732,98;2305,16;9427,82;
EDNILSON JUNIOR CESAR;AMAZONPREV PENSIONISTAS PGJ;PENSIONISTA;; PENSAO POR MORTE;9247,18;;9247,18;1892,85;7354,33;
EDUARDO JOSE NEIVA DE ALBUQUERQUE;AMAZONPREV PENSIONISTAS PGJ;PENSIONISTA;730/2021; PENSAO POR ORDEM JUDICIAL;13376,82;;13376,82;11652,35;1724,47;
EDUARDO VILAR DA SILVA;AMAZONPREV PENSIONISTAS PGJ;PENSIONISTA;; PENSAO POR MORTE;9106,39;;9106,39;1839,84;7266,55;
ELIZABETH BALBI;AMAZONPREV PENSIONISTAS PGJ;PENSIONISTA;; PENSAO POR MORTE;7535,64;;7535,64;523,58;7012,06;
FABIANA DO COUTO VALLE ALBUQUERQUE;AMAZONPREV PENSIONISTAS PGJ;PENSIONISTA;1071/2021; PENSAO POR ORDEM JUDICIAL;13376,82;;13376,82;3807,34;9569,48;
FLORIPES GONCALVES DE MELO;AMAZONPREV PENSIONISTAS PGJ;PENSIONISTA;; PENSAO POR MORTE;18909,20;;18909,20;5007,01;13902,19;
FRANCISCA DAS CHAGAS DA SILVA LIMA;AMAZONPREV PENSIONISTAS PGJ;PENSIONISTA;470/2021; PENSAO POR MORTE;26753,63;;26753,63;7960,44;18793,19;
FRANCISCO CARLOS BITTENCOURT ARAUJO;AMAZONPREV PENSIONISTAS PGJ;PENSIONISTA;; PENSAO POR MORTE;9482,95;;9482,95;1458,02;8024,93;
FRANCISCO GALDEZ BARROS;AMAZONPREV PENSIONISTAS PGJ;PENSIONISTA;; PENSAO POR MORTE;63888,96;;63888,96;15524,82;48364,14;
GEORGE ECY BENJAMIN RIBEIRO;AMAZONPREV PENSIONISTAS PGJ;PENSIONISTA;1; PENSAO POR MORTE;10803,54;;10803,54;2904,45;7899,09;
GEORGINA PATRICIO BRAGA DOS SANTOS;AMAZONPREV PENSIONISTAS PGJ;PENSIONISTA;; PENSAO POR MORTE;32945,17;;32945,17;2627,90;30317,27;
HELOISA HELENA VELOSO DE LIMA;AMAZONPREV PENSIONISTAS PGJ;PENSIONISTA;107/2000; PENSAO POR MORTE;35462,22;;35462,22;11239,22;24223,00;
HILDETE VIEIRA TRINDADE;AMAZONPREV PENSIONISTAS PGJ;PENSIONISTA;; PENSAO POR MORTE;35462,22;;35462,22;11239,22;24223,00;
IRAMAIA DA SILVA CRUZ;AMAZONPREV PENSIONISTAS PGJ;PENSIONISTA;486/2021; PENSAO POR ORDEM JUDICIAL;13376,82;;13376,82;3283,74;10093,08;
IRIS DOS SANTOS ROCHA;AMAZONPREV PENSIONISTAS PGJ;PENSIONISTA;; PENSAO POR MORTE;3823,68;;3823,68;;3823,68;
JANSECLEIA PICANCO DE FARIAS;AMAZONPREV PENSIONISTAS PGJ;PENSIONISTA;; PENSAO POR MORTE;25051,79;;25051,79;7328,20;17723,59;
JOAO VICTOR DA SILVA CRUZ;AMAZONPREV PENSIONISTAS PGJ;PENSIONISTA;486/2021; PENSAO POR ORDEM JUDICIAL;13376,82;;13376,82;3807,34;9569,48;
LEDICE SOCORRO BENARROS DE MESQUITA;AMAZONPREV PENSIONISTAS PGJ;PENSIONISTA;; PENSAO POR MORTE;3842,02;;3842,02;408,90;3433,12;
LETICIA LIMA FREITAS;AMAZONPREV PENSIONISTAS PGJ;PENSIONISTA;174/2022; ESTATUTARIO;25708,55;;25708,55;8090,56;17617,99;
LUCIA REGINA VIANEZ NASSER;AMAZONPREV PENSIONISTAS PGJ;PENSIONISTA;; PENSAO POR MORTE;14350,00;;14350,00;3650,15;10699,85;
MANUELA ELIS DE OLIVEIRA MARTINS SO;AMAZONPREV PENSIONISTAS PGJ;PENSIONISTA;569/2021; PENSAO POR ORDEM JUDICIAL;7066,10;;7066,10;1073,82;5992,28;
MARCELO DE SOUZA MOREIRA;AMAZONPREV PENSIONISTAS PGJ;PENSIONISTA;181/2020-PGJ; PENSAO POR MORTE;16065,00;;16065,00;1256,89;14808,11;
MARIA BARBOSA CORREA LIMA;AMAZONPREV PENSIONISTAS PGJ;PENSIONISTA;; PENSAO POR MORTE;31916,70;;31916,70;2483,92;29432,78;
MARIA DAS GRACAS MEDINA NORONHA;AMAZONPREV PENSIONISTAS PGJ;PENSIONISTA;; PENSAO POR MORTE;31916,70;;31916,70;9904,33;22012,37;
MARIA FERREIRA DE SOUZA;AMAZONPREV PENSIONISTAS PGJ;PENSIONISTA;; PENSAO POR MORTE;16065,00;;16065,00;4819,44;11245,56;
MARIA HELENA DA SILVA ARAUJO;AMAZONPREV PENSIONISTAS PGJ;PENSIONISTA;; PENSAO POR MORTE;28725,00;;28725,00;8702,66;20022,34;
MARIA HELENA DE OLIVEIRA BARBOSA;AMAZONPREV PENSIONISTAS PGJ;PENSIONISTA;; PENSAO POR MORTE;30542,73;;30542,73;2291,56;28251,17;
MARIA IRIS ALMEIDA DE SOUZA;AMAZONPREV PENSIONISTAS PGJ;PENSIONISTA;; PENSAO POR MORTE;28725,00;;28725,00;8702,66;20022,34;
MARIA JOSEFINA LEAL COELHO;AMAZONPREV PENSIONISTAS PGJ;PENSIONISTA;; PENSAO POR MORTE;35588,18;;35588,18;11286,64;24301,54;
MARIA JUSTINA BRAGA MONTEIRO;AMAZONPREV PENSIONISTAS PGJ;PENSIONISTA;; ESTATUTARIO;28090,51;;28090,51;8463,77;19626,74;
MARIA MIRTS MULLER DA SILVA;AMAZONPREV PENSIONISTAS PGJ;PENSIONISTA;; PENSAO POR MORTE;31349,78;;31349,78;9690,89;21658,89;
MARIA ROSA MOUZINHO;AMAZONPREV PENSIONISTAS PGJ;PENSIONISTA;; PENSAO POR MORTE;31916,70;;31916,70;9904,33;22012,37;
MARIANGELA CABRAL FERREIRA;AMAZONPREV PENSIONISTAS PGJ;PENSIONISTA;; PENSAO POR MORTE;25711,96;;25711,96;8185,36;17526,60;
MARILENA FROES CASTRO;AMAZONPREV PENSIONISTAS PGJ;PENSIONISTA;; PENSAO POR MORTE;31916,70;;31916,70;9904,33;22012,37;
MARLENE DIAS DE VERCOSA;AMAZONPREV PENSIONISTAS PGJ;PENSIONISTA;; PENSAO POR MORTE;35462,22;;35462,22;11239,22;24223,00;
MERALI DE MELO CRUZ;AMAZONPREV PENSIONISTAS PGJ;PENSIONISTA;; PENSAO POR MORTE;26936,40;;26936,40;8029,25;18907,15;
NEILIZA MENEZES VALENTE;AMAZONPREV PENSIONISTAS PGJ;PENSIONISTA;; PENSAO POR MORTE;6379,98;;6379,98;894,03;5485,95;
NELSON GASPAR DE MELLO;AMAZONPREV PENSIONISTAS PGJ;PENSIONISTA;1; PENSAO POR MORTE;12695,17;;12695,17;785,12;11910,05;
NILCE BYRON RAMOS;AMAZONPREV PENSIONISTAS PGJ;PENSIONISTA;1909/2021; PENSAO POR ORDEM JUDICIAL;25512,46;;25512,46;7493,13;18019,33;
NIZA CRUZ DE MORAES;AMAZONPREV PENSIONISTAS PGJ;PENSIONISTA;; PENSAO POR MORTE;31916,70;;31916,70;9904,33;22012,37;
OSMAN NASSER FILHO;AMAZONPREV PENSIONISTAS PGJ;PENSIONISTA;; PENSAO POR MORTE;14350,00;;14350,00;3650,15;10699,85;
PATRICIA BOTELHO ALENCAR;AMAZONPREV PENSIONISTAS PGJ;PENSIONISTA;1; PENSAO POR MORTE;31916,70;;31916,70;2483,92;29432,78;
REGINA PAULA BARRETO LIMA;AMAZONPREV PENSIONISTAS PGJ;PENSIONISTA;; PENSAO POR MORTE;29018,59;;29018,59;9336,79;19681,80;
ROBERTO RODRIGUES PORTILHO;AMAZONPREV PENSIONISTAS PGJ;PENSIONISTA;; PENSAO POR MORTE;7299,97;;7299,97;1159,73;6140,24;
ROSA MARIA VIEIRA MOTTA DE OLIVEIRA;AMAZONPREV PENSIONISTAS PGJ;PENSIONISTA;; PENSAO POR MORTE;29175,52;;29175,52;8872,27;20303,25;
SAFIRA FIGUEIREDO;AMAZONPREV PENSIONISTAS PGJ;PENSIONISTA;; PENSAO POR MORTE;28725,00;;28725,00;8702,66;20022,34;
SANDRA CAL OLIVEIRA;AMAZONPREV PENSIONISTAS PGJ;PENSIONISTA;1832/2021; ESTATUTARIO;27821,10;;27821,10;8362,33;19458,77;
SILVANA MARIA MENDONCA PINTO SANTOS;AMAZONPREV PENSIONISTAS PGJ;PENSIONISTA;; PENSAO POR MORTE;27069,85;;27069,85;8079,49;18990,36;
SILVANA VIEIRA;AMAZONPREV PENSIONISTAS PGJ;PENSIONISTA;1; PENSAO POR MORTE;31111,62;;31111,62;2371,21;28740,41;
SILVIA BEZERRA DO MONTE;AMAZONPREV PENSIONISTAS PGJ;PENSIONISTA;; PENSAO POR MORTE;4965,99;;4965,99;875,70;4090,29;
SONIA COUTO BALBI;AMAZONPREV PENSIONISTAS PGJ;PENSIONISTA;1; PENSAO POR MORTE;20604,18;;20604,18;6361,40;14242,78;
TEREZA IHARA MARQUES;AMAZONPREV PENSIONISTAS PGJ;PENSIONISTA;; PENSAO POR MORTE;14913,57;;14913,57;3862,33;11051,24;
TEREZINHA ARAUJO DOS SANTOS;AMAZONPREV PENSIONISTAS PGJ;PENSIONISTA;; PENSAO POR MORTE;28053,80;;28053,80;8449,95;19603,85;
ZILCLEI PENA DE CARVALHO;AMAZONPREV PENSIONISTAS PGJ;PENSIONISTA;; PENSAO POR MORTE;26626,49;;26626,49;7912,57;18713,92;
ZILMA MACHADO DE MACEDO;AMAZONPREV PENSIONISTAS PGJ;PENSIONISTA;; PENSAO POR MORTE;300,00;;300,00;30,26;269,74;
