NOME;LOTACAO;CARGO;FUNCAO;VINCULO;REMUNERACAO LEGAL TOTAL(R$);DESC.TETO(R$); REMUNERACAO LEGAL DEVIDA(R$);DESCONTOS LEGAIS(R$);LIQUIDO DISPONIVEL(R$);
ADEMILDES CARDOSO DE FREITAS;DIRETORIA TECNICA;TEC.DE HEMOTERAP.-THE-P.S.N.M.-A;; ESTATUTARIO;2.773,32;;2.773,32;318,26;2.455,06;
ADILASIA DE JESUS SANTOS ARAUJO;DIRETORIA TECNICA;TEC. DE ENFERMAGEM-TEN-P.S.N.M.-A;; ESTATUTARIO;2.773,32;;2.773,32;318,26;2.455,06;
ADRIANA DA SILVA REIS;DIRETORIA TECNICA;RECEPCIONISTA-REC-T.S.N.A.-E;; ESTATUTARIO;2.889,89;;2.889,89;268,56;2.621,33;
ADRIANA DE MOURA ROCHA CORDEIRO;DIRETORIA TECNICA;FARMAC.BIOQ. -FAB-P.S.N.S.-A;FARM.BIOQUIMICO; ESTATUTARIO;7.140,82;;7.140,82;1.630,91;5.509,91;
ADRIANA MIRIAN DE MIRANDA T BARBOSA;DIRETORIA ADM. FINANCEIRO;DIRETOR ADMINISTRATIVO E FINANCEIRO;NAO INFORMADO; CARGO COMISSION.S/VINCULO;9.500,00;;9.500,00;2.206,22;7.293,78;
AIANA CARULINE KRAMER DA SILVA;DIRETORIA TECNICA;TEC.DE HEMOTERAP.-THE-P.S.N.M.-A;; ESTATUTARIO;2.773,32;;2.773,32;318,26;2.455,06;
ALAN SILVA SANTA BRIGIDA;DIRETORIA ADM. FINANCEIRO;MOTORISTA-MOT-T.S.N.A.-A;; ESTATUTARIO;2.548,65;;2.548,65;286,81;2.261,84;
ALCIMARA DA CRUZ GOMES;DIRETORIA TECNICA;TEC.DE PAT.CLINICA-TPC-P.S.N.M.-A;; ESTATUTARIO;2.773,32;;2.773,32;318,26;2.455,06;
ALCINEIDE PEREIRA DE VASCONCELOS;DIRETORIA TECNICA;TEC.DE PAT.CLINICA-TPC-P.S.N.M.-A;TEC ENF; ESTATUTARIO;2.773,32;;2.773,32;318,26;2.455,06;
ALCINEIDE PEREIRA DE VASCONCELOS;DIRETORIA TECNICA;TECNICO DE PATOLOGIA CLINICA A;; ESTATUTARIO;2.273,32;;2.273,32;318,26;1.955,06;
ALDENICE FARIAS LOPES;DIRETORIA TECNICA;TEC. DE ENFERMAGEM-TEN-P.S.N.M.-A;; ESTATUTARIO;2.273,32;;2.273,32;318,26;1.955,06;
ALDENOR LOPES DE OLIVEIRA;DIRETORIA TECNICA;TEC.DE HEMOTERAP.-THE-P.S.N.M.-A;; ESTATUTARIO;2.773,32;;2.773,32;318,26;2.455,06;
ALDENOR LOPES DE OLIVEIRA;DIRETORIA TECNICA;TEC. DE HEMOTERAP.-THE-P.S.N.M.-C;; ESTATUTARIO;2.550,48;;2.550,48;357,07;2.193,41;
ALESSANDRA FERREIRA DE ARAUJO;DIRETORIA TECNICA;CHEFE DE DEPARTAMENTO;; CARGO COMISSION.S/VINCULO;7.300,40;;7.300,40;1.601,33;5.699,07;
ALESSANDRO DA SILVA CALADO;PRESIDENCIA;SUBGERENTE;NAO INFORMADO; CARGO COMISSION.S/VINCULO;3.586,94;;3.586,94;402,69;3.184,25;
ALEXANDRE DOS SANTOS TORRES;DIRETORIA ADM. FINANCEIRO;GERENTE;NAO INFORMADO; CARGO COMISSION.S/VINCULO;4.593,27;;4.593,27;666,54;3.926,73;
ALEXANDRE FELIPE BASTOS SAMPAIO;DIRETORIA ADM. FINANCEIRO;AGENTE ADM.-AGA-T.S.N.A.-E;AGENTE ADMINISTRAT.; ESTATUTARIO;2.342,06;;2.342,06;257,89;2.084,17;
ALICE DE PAULA SOUZA PEREIRA;DIRETORIA ADM. FINANCEIRO;RECEPCIONISTA-REC-T.S.N.A.-E;; ESTATUTARIO;2.292,42;;2.292,42;250,94;2.041,48;
ALTAMIR FREITAS LIMA;DIRETORIA ADM. FINANCEIRO;MOTORISTA-MOT-T.S.N.A.-C;; ESTATUTARIO;2.893,98;;2.893,98;335,16;2.558,82;
ALTAMIR IGNACIO CARDOSO;DIRETORIA TECNICA;ADMINISTRADOR ADM.T.S.N.S.-B;GERENTE; ESTATUTARIO;10.288,72;;10.288,72;2.357,96;7.930,76;
ALTEMIR DE SOUZA RODRIGUES;DIRETORIA TECNICA;TEC.DE HEMOTERAP.-THE-P.S.N.M.-A;TEC HEMOTER; ESTATUTARIO;3.913,41;;3.913,41;442,00;3.471,41;
AMARILIS DA SILVA CORREA;DIRETORIA TECNICA;ENFERMEIRO A;ENFERMEIRO; ESTATUTARIO;6.382,78;;6.382,78;1.481,62;4.901,16;
AMAURIZEN BAYMA FADUL;DIRETORIA ADM. FINANCEIRO;GERENTE;; CARGO COMISSION.S/VINCULO;5.957,69;;5.957,69;1.117,44;4.840,25;
AMY PIRES DO NASCIMENTO;DIRETORIA TECNICA;TEC. DE HEMOTERAP.-THE-P.S.N.M.-C;GERENTE; ESTATUTARIO;3.088,92;;3.088,92;386,64;2.702,28;
ANA ANGELICA DA SILVA OLIVEIRA;DIRETORIA TECNICA;TEC. DE HEMOTERAP.-THE-P.S.N.M.-C;; ESTATUTARIO;4.289,31;;4.289,31;529,33;3.759,98;
ANA CLAUDIA TEIXEIRA DE S VIAPIANA;DIRETORIA TECNICA;FARMAC.BIOQ. -FAB-P.S.N.S.-A;; ESTATUTARIO;6.882,78;;6.882,78;1.533,76;5.349,02;
ANA CRISTINA DAS CHAGAS SENA;DIRETORIA TECNICA;TECNICO-TEC-T.S.N.S.-C;; ESTATUTARIO;6.855,21;;6.855,21;1.344,72;5.510,49;
ANA CRISTINA HAYASHIDA;DIRETORIA TECNICA;ASSIST.SOC.ASS-P.S.N.S.-CL.C;; ESTATUTARIO;7.474,93;;7.474,93;1.820,97;5.653,96;
ANA GALDINA DOS REIS MENDES;DIRETORIA TECNICA;MEDICO ESPECIALISTA;; ESTATUTARIO;8.757,19;;8.757,19;2.192,70;6.564,49;
ANA KEDMA CHAVES PACHECO BRAZ;DIRETORIA TECNICA;MEDICO ESPECIALISTA;; ESTATUTARIO;12.358,73;;12.358,73;3.247,30;9.111,43;
ANA PAULA LEAO DE ARAUJO;DIRETORIA TECNICA;MEDICO ESPECIALISTA;; ESTATUTARIO;8.757,19;;8.757,19;2.192,70;6.564,49;
ANA PAULA MIRANDA BARROS;DIRETORIA TECNICA;FARMAC.BIOQ. -FAB-P.S.N.S.-A;; ESTATUTARIO;9.010,37;;9.010,37;2.118,84;6.891,53;
ANDRE ALCANTARINO DOS SANTOS;DIRETORIA TECNICA;TEC. DE ENFERMAGEM-TEN-P.S.N.M.-A;TEC.DE ENFERMAGEM; ESTATUTARIO;2.773,32;;2.773,32;318,26;2.455,06;
ANDRE ALVES NOGUEIRA;DIRETORIA ADM. FINANCEIRO;BACHAREL EM COMP.-BQO-T.S.N.S.-A;; ESTATUTARIO;5.308,96;;5.308,96;967,65;4.341,31;
ANDREA SILVA DE MENEZES;DIRETORIA TECNICA;TEC. DE ENFERMAGEM-TEN-P.S.N.M.-A;; ESTATUTARIO;2.773,32;;2.773,32;318,26;2.455,06;
ANDREIA FIGUEIREDO DE ASSIS;DIRETORIA TECNICA;TEC.DE HEMOTERAP.-THE-P.S.N.M.-A;; ESTATUTARIO;2.773,32;;2.773,32;318,26;2.455,06;
ANETE BRITO DE PAIVA;DIRETORIA TECNICA;TEC.DE HEMOTERAP.-THE-P.S.N.M.-A;TEC HEMOTER; ESTATUTARIO;3.690,85;;3.690,85;408,61;3.282,24;
ANGELA GORTZ FERREIRA;DIRETORIA TECNICA;TEC.DE HEMOTERAP.-THE-P.S.N.M.-A;; ESTATUTARIO;2.773,32;;2.773,32;318,26;2.455,06;
ANGELA LUCIA CARVALHO DE ANDRADE;DIRETORIA TECNICA;TEC. DE HEMOTERAP.-THE-P.S.N.M.-D;; ESTATUTARIO;3.569,21;;3.569,21;436,04;3.133,17;
ANTONIA LIOMAR PINHEIRO DE CARVALHO;DIRETORIA TECNICA;TECNICO DE ENFERMAGEM A;TEC.ENFERMAGEM; SERVICO TEMPORARIO;2.548,03;;2.548,03;214,76;2.333,27;
ANTONIO PADUA DE ARAUJO GUERRA;DIRETORIA ADM. FINANCEIRO;MOTORISTA-MOT-T.S.N.A.-A;; ESTATUTARIO;2.548,65;;2.548,65;286,81;2.261,84;
ARANY CAMPOS SALAZAR;DIRETORIA TECNICA;ENFERMEIRO-ENF-P.S.N.S.-A;; ESTATUTARIO;6.882,78;;6.882,78;1.533,76;5.349,02;
ARIANE PIRIRIMA C L ZIEGLER;DIRETORIA ADM. FINANCEIRO;ADMINISTRADOR ADM.T.S.N.S.-A;SUBGERENTE; ESTATUTARIO;10.911,95;;10.911,95;2.482,03;8.429,92;
ARLETE ALEME DA CRUZ SOARES;DIRETORIA TECNICA;TEC. DE ENFERMAGEM-TEN-P.S.N.M.-B;; ESTATUTARIO;3.012,69;;3.012,69;371,05;2.641,64;
ASSISNETE ALVES SANTIAGO SICSU;DIRETORIA TECNICA;TEC. DE HEMOTERAP.-THE-P.S.N.M.-C;; ESTATUTARIO;3.050,48;;3.050,48;378,78;2.671,70;
BARBARA CRISTINA DERZI A RODRIGUES;DIRETORIA ADM. FINANCEIRO;AGENTE ADMINISTRATIVO A - N.B.;SUBGERENTE; ESTATUTARIO;6.889,89;;6.889,89;1.069,79;5.820,10;
BARBARA EUGENIA GARCIA ROCHA;DIRETORIA ADM. FINANCEIRO;TELEFONISTA-TEL-T.S.N.A.-E;; ESTATUTARIO;2.292,42;;2.292,42;250,94;2.041,48;
BEATRIZ CARLA SOUZA CANIZO;DIRETORIA ADM. FINANCEIRO;RECEPCIONISTA-REC-T.S.N.A.-E;; ESTATUTARIO;2.292,42;;2.292,42;250,94;2.041,48;
BRUNA FERNANDA LIMA DA COSTA;DIRETORIA TECNICA;TECNICO DE HEMOTERAPIA A;; ESTATUTARIO;2.773,32;;2.773,32;318,26;2.455,06;
BRUNO FERREIRA DA SILVA;DIRETORIA ADM. FINANCEIRO;SUBGERENTE;NAO INFORMADO; CARGO COMISSION.S/VINCULO;3.586,94;;3.586,94;402,69;3.184,25;
BRUNO KAIK COSTA DA SILVA;DIRETORIA TECNICA;TEC. EM QUIMICA-TEQ-P.S.N.M.-A;; ESTATUTARIO;2.273,32;;2.273,32;;2.273,32;
CARLA CRISTINA DA SILVA NAZARETH;DIRETORIA TECNICA;PSICOLOGO-PSI-P.S.N.S.-A;PSICOLOGO; ESTATUTARIO;7.319,96;;7.319,96;1.698,35;5.621,61;
CARLOS ALBERTO DO VALE COSTA;DIRETORIA ADM. FINANCEIRO;MOTORISTA-MOT-T.S.N.A.-A;MOTORISTA 1 CLASSE; ESTATUTARIO;2.611,35;;2.611,35;295,59;2.315,76;
CARLOS HUMBERTO C O RAMALHO;DIRETORIA TECNICA;PSICOLOGO-PSI-P.S.N.S.-A;PSICOLOGO; ESTATUTARIO;7.319,96;;7.319,96;1.698,35;5.621,61;
CELI CHRISTINA PEIXOTO SOARES;DIRETORIA TECNICA;TEC. DE ENFERMAGEM-TEN-P.S.N.M.-A;; ESTATUTARIO;3.531,09;;3.531,09;378,92;3.152,17;
CELIA MORAES DOS SANTOS;DIRETORIA TECNICA;TEC.DE PAT.CLINICA-TPC-P.S.N.M.-A;TEC.DE PATOL.CLINICA; ESTATUTARIO;2.893,14;;2.893,14;346,60;2.546,54;
CELIA REGINA DE OLIVEIRA LOPES;DIRETORIA ADM. FINANCEIRO;AGENTE ADM.-AGA-T.S.N.A.-H;; ESTATUTARIO;3.360,84;;3.360,84;349,62;3.011,22;
CELIO RICARDO SALES;DIRETORIA TECNICA;TEC.DE HEMOTERAP.-THE-P.S.N.M.-A;TECNICO HEMOTERAPIA; ESTATUTARIO;2.897,19;;2.897,19;338,97;2.558,22;
CHRISTIANE SANTANA DE MELO USUI;DIRETORIA TECNICA;FARMAC.BIOQ. -FAB-P.S.N.S.-A;; ESTATUTARIO;7.622,81;;7.622,81;1.708,10;5.914,71;
CHURCHILL ADOLPHUS GIBBS DOS SANTOS;DIRETORIA ADM. FINANCEIRO;MOTORISTA-MOT-T.S.N.A.-A;SUBGERENTE; ESTATUTARIO;2.676,98;;2.676,98;304,78;2.372,20;
CILENE PINHEIRO CAMPOS;DIRETORIA TECNICA;TEC.DE HEMOTERAP.-THE-P.S.N.M.-A;TEC. DE HEMOTERAPIA; ESTATUTARIO;2.893,14;;2.893,14;346,60;2.546,54;
CINTHIA CRISTINA M E X ALBUQUERQUE;DIRETORIA TECNICA;MEDICO ESPECIALISTA;DIRETOR TECNICO DE H; ESTATUTARIO;17.998,33;;17.998,33;4.793,32;13.205,01;
CINTIA ANDRADE FERREIRA;DIRETORIA TECNICA;TEC.DE HEMOTERAP.-THE-P.S.N.M.-A;; ESTATUTARIO;2.773,32;;2.773,32;318,26;2.455,06;
CINTIA CARVALHO ALVES;DIRETORIA TECNICA;ENFERMEIRO-ENF-P.S.N.S.-A;; ESTATUTARIO;7.053,50;;7.053,50;1.580,71;5.472,79;
CIRO ATALO DA SILVA BENARROS;DIRETORIA ADM. FINANCEIRO;AGENTE ADM.-AGA-T.S.N.A.-E;; ESTATUTARIO;2.292,42;;2.292,42;250,94;2.041,48;
CLAUDIA DA COSTA MARTINS;DIRETORIA TECNICA;TEC.DE HEMOTERAP.-THE-P.S.N.M.-B;; ESTATUTARIO;3.031,52;;3.031,52;374,89;2.656,63;
CLAUDIA MARIA DE MOURA ABRAHIM;DIRETORIA TECNICA;FARMAC.BIOQ. -FAB-P.S.N.S.-B;GERENTE; ESTATUTARIO;11.417,31;;11.417,31;2.835,00;8.582,31;
CLAUDIA MARILENA TAVARES DOS SANTOS;DIRETORIA ADM. FINANCEIRO;AGENTE ADM.-AGA-T.S.N.A.-E;; ESTATUTARIO;2.889,89;;2.889,89;250,94;2.638,95;
CLEBER NUNES ALEXANDRE;DIRETORIA TECNICA;CIR.DENT.-CCRD-P.S.N.S.-A;; ESTATUTARIO;9.354,43;;9.354,43;2.239,65;7.114,78;
CRISTIANE RODRIGUES BANDEIRA;DIRETORIA TECNICA;TEC.DE HEMOTERAP.-THE-P.S.N.M.-A;; ESTATUTARIO;2.773,32;;2.773,32;318,26;2.455,06;
CRISTINA MOTTA FERREIRA;DIRETORIA TECNICA;FARMAC.BIOQ. -FAB-P.S.N.S.-C;; ESTATUTARIO;7.996,11;;7.996,11;2.141,18;5.854,93;
CRISTINA MUNIZ SERRA;DIRETORIA TECNICA;ASSIST.SOC.ASS-P.S.N.S.-CL.B;; ESTATUTARIO;7.438,74;;7.438,74;1.931,32;5.507,42;
CRISTINA MUNIZ SERRA;DIRETORIA TECNICA;ASSIST.SOC.ASS-P.S.N.S.-CL.A;ASSISTENTE SOCIAL; ESTATUTARIO;7.140,82;;7.140,82;1.630,91;5.509,91;
CRISTINA RABELLO MESQUITA;DIRETORIA TECNICA;MEDICO ESPECIALISTA;; ESTATUTARIO;8.757,19;;8.757,19;2.192,70;6.564,49;
CRISTOVAO RIBEIRO DE ALMEIDA;DIRETORIA TECNICA;TECNICO EM CONTABILIDADE;GERENTE; ESTATUTARIO;6.587,77;;6.587,77;964,55;5.623,22;
CYNARA MELO GATO;DIRETORIA TECNICA;TEC. DE HEMOTERAP.-THE-P.S.N.M.-C;; ESTATUTARIO;3.050,48;;3.050,48;378,78;2.671,70;
CYNTHIA RUBIA DA SILVA E SILVA;DIRETORIA TECNICA;TEC. DE ENFERMAGEM-TEN-P.S.N.M.-A;; ESTATUTARIO;2.773,32;;2.773,32;296,21;2.477,11;
DALVANE RODRIGUES FROES;DIRETORIA ADM. FINANCEIRO;ASSIST.ADMIN.-ASA-T.S.N.M.-A;; ESTATUTARIO;2.423,59;;2.423,59;269,30;2.154,29;
DANDARA DE SOUZA ANDRADE;DIRETORIA ADM. FINANCEIRO;RECEPCIONISTA-REC-T.S.N.A.-E;; ESTATUTARIO;2.889,89;;2.889,89;268,56;2.621,33;
DANILO COSTA CUNHA;DIRETORIA ADM. FINANCEIRO;BIBLIOTECARIO-BIB-T.S.N.S.-A;; ESTATUTARIO;5.308,96;;5.308,96;967,65;4.341,31;
DARLENE RIBEIRO DA SILVA FASONE;DIRETORIA TECNICA;ENFERMEIRO-ENF-P.S.N.S.-A;; ESTATUTARIO;6.882,78;;6.882,78;1.533,76;5.349,02;
DAVI MARINHO DA SILVA;DIRETORIA TECNICA;TEC.DE PAT.CLINICA-TPC-P.S.N.M.-A;; ESTATUTARIO;2.773,32;;2.773,32;318,26;2.455,06;
DILCIANE SANTOS IHARA;DIRETORIA TECNICA;TEC. DE ENFERMAGEM-TEN-P.S.N.M.-A;GERENTE; ESTATUTARIO;8.864,43;;8.864,43;1.661,60;7.202,83;
DILENA DA SILVA PINHEIRO;DIRETORIA TECNICA;TEC. DE HEMOTERAP.-THE-P.S.N.M.-C;; ESTATUTARIO;3.101,78;;3.101,78;389,26;2.712,52;
DINAIR SILVA DOS SANTOS;DIRETORIA TECNICA;TEC. DE ENFERMAGEM-TEN-P.S.N.M.-A;TEC.DE ENFERMAGEM; ESTATUTARIO;2.893,14;;2.893,14;346,60;2.546,54;
DIONI LIZA BIONDO RIBEIRO;DIRETORIA TECNICA;MEDICO ESPECIALISTA;; ESTATUTARIO;12.035,72;;12.035,72;3.078,84;8.956,88;
EDILZA RODRIGUES LIMA;DIRETORIA TECNICA;TEC. DE HEMOTERAP.-THE-P.S.N.M.-C;; ESTATUTARIO;3.088,92;;3.088,92;362,45;2.726,47;
EDINA MARIA ALVES DE OLIVEIRA;DIRETORIA TECNICA;TEC. DE HEMOTERAP.-THE-P.S.N.M.-C;; ESTATUTARIO;2.617,96;;2.617,96;388,81;2.229,15;
EDINEZ MARIA VASCONCELOS DE MENEZES;DIRETORIA TECNICA;AUXILIAR DE ENFERMAGEM A;; ESTATUTARIO;3.293,27;;3.293,27;316,70;2.976,57;
EDIVALDO DA SILVA;DIRETORIA TECNICA;MEDICO ESPECIALISTA;; ESTATUTARIO;10.162,42;;10.162,42;2.023,71;8.138,71;
EDIVALDO DA SILVA;DIRETORIA TECNICA;MEDICO ESPECIALISTA;; ESTATUTARIO;9.742,79;;9.742,79;2.048,26;7.694,53;
EDMAR BELEM DE OLIVEIRA;DIRETORIA TECNICA;TEC. DE ENFERMAGEM-TEN-P.S.N.M.-A;TEC. DE ENFERMAGEM; ESTATUTARIO;3.740,61;;3.740,61;401,81;3.338,80;
EDNA MARIA TAVARES DE FREITAS;DIRETORIA TECNICA;TEC. DE ENFERMAGEM-TEN-P.S.N.M.-A;TEC.DE ENFERMAGEM; ESTATUTARIO;2.773,32;;2.773,32;318,26;2.455,06;
EDSON JESUS DA SILVA;DIRETORIA ADM. FINANCEIRO;AUX.DE SERV.GER.-ASG-T.S.N.A.-D;; ESTATUTARIO;3.468,47;;3.468,47;340,59;3.127,88;
EDWENDEL STAYLER PIMENTEL DE SOUZA;DIRETORIA ADM. FINANCEIRO;AGENTE ADM.-AGA-T.S.N.A.-F;; ESTATUTARIO;2.508,97;;2.508,97;281,26;2.227,71;
ELAINE CRISTINA GOMES DOS SANTOS;DIRETORIA ADM. FINANCEIRO;AGENTE ADM.-AGA-T.S.N.A.-E;AGENTE ADM; ESTATUTARIO;2.342,06;;2.342,06;257,89;2.084,17;
ELAINE VIEIRA LIMA;DIRETORIA ADM. FINANCEIRO;AGENTE ADM.-AGA-T.S.N.A.-G;; ESTATUTARIO;2.629,61;;2.629,61;298,15;2.331,46;
ELBA CLEY CORDEIRO DO COUTO;DIRETORIA TECNICA;MEDICO ESPECIALISTA;; ESTATUTARIO;9.455,38;;9.455,38;2.454,63;7.000,75;
ELBA CLEY CORDEIRO DO COUTO;DIRETORIA TECNICA;MEDICO ESPECIALISTA;; ESTATUTARIO;8.257,19;;8.257,19;2.192,70;6.064,49;
ELCY FIGUEIREDO COELHO;DIRETORIA TECNICA;TEC. DE HEMOTERAP.-THE-P.S.N.M.-C;GERENTE; ESTATUTARIO;7.088,92;;7.088,92;1.205,37;5.883,55;
ELENE RAIMUNDA DE SOUZA SANTOS;DIRETORIA TECNICA;TEC. DE ENFERMAGEM-TEN-P.S.N.M.-A;TEC DE ENF A; ESTATUTARIO;3.609,21;;3.609,21;392,38;3.216,83;
ELIANA DA COSTA MEDEIROS;DIRETORIA TECNICA;TEC.DE HEMOTERAP.-THE-P.S.N.M.-A;; ESTATUTARIO;2.773,32;;2.773,32;318,26;2.455,06;
ELIANA DE OLIVEIRA COELHO;DIRETORIA TECNICA;ENFERMEIRO-ENF-P.S.N.S.-A;; ESTATUTARIO;9.010,37;;9.010,37;2.118,84;6.891,53;
ELIELZA SANTOS ALENCAR;DIRETORIA TECNICA;TEC.DE HEMOTERAP.-THE-P.S.N.M.-A;; ESTATUTARIO;2.773,32;;2.773,32;318,26;2.455,06;
ELIELZA SANTOS ALENCAR;DIRETORIA TECNICA;TEC.DE HEMOTERAP.-THE-P.S.N.M.-A;; ESTATUTARIO;2.393,14;;2.393,14;346,60;2.046,54;
ELIENE ALVES DA SILVA SOUSA;DIRETORIA TECNICA;TEC. DE ENFERMAGEM-TEN-P.S.N.M.-A;; ESTATUTARIO;2.773,32;;2.773,32;318,26;2.455,06;
ELIETE SARAIVA DOS SANTOS;DIRETORIA TECNICA;ASSIST.SOC.ASS-P.S.N.S.-CL.A;ASSIST.SOCIAL; ESTATUTARIO;7.319,96;;7.319,96;1.698,35;5.621,61;
ELIS MARTA BARROSO DOS SANTOS;DIRETORIA TECNICA;TEC.DE PAT.CLINICA-TPC-P.S.N.M.-A;; ESTATUTARIO;2.773,32;;2.773,32;318,26;2.455,06;
ELISA LOPES MAIA;DIRETORIA TECNICA;ASSISTENTE TECNICO;; ESTATUTARIO;3.636,72;;3.636,72;397,11;3.239,61;
ELISANGELA MARTINS MARQUES;DIRETORIA TECNICA;TEC. DE ENFERMAGEM-TEN-P.S.N.M.-A;TEC.DE ENFERMAGEM; ESTATUTARIO;2.773,32;;2.773,32;318,26;2.455,06;
ELIZABETH MARIA MARTINS F SOUZA;DIRETORIA TECNICA;CIR.DENT.-CCRD-P.S.N.S.-A;; ESTATUTARIO;6.882,78;;6.882,78;1.533,76;5.349,02;
ELIZABETH MOURA ARRUDA;DIRETORIA TECNICA;TEC.DE HEMOTERAP.-THE-P.S.N.M.-A;; ESTATUTARIO;2.773,32;;2.773,32;318,26;2.455,06;
ELIZANGELA FERREIRA DOS SANTOS;DIRETORIA TECNICA;TEC. DE HEMOTERAP.-THE-P.S.N.M.-C;; ESTATUTARIO;3.114,78;;3.114,78;377,70;2.737,08;
ELIZANGELA MACEDO OLIVEIRA;DIRETORIA TECNICA;TEC.DE HEMOTERAP.-THE-P.S.N.M.-A;TEC. DE HEMOTERAPIA; ESTATUTARIO;3.690,85;;3.690,85;408,61;3.282,24;
ELSO MARREIROS DE LIMA;DIRETORIA ADM. FINANCEIRO;MOTORISTA-MOT-T.S.N.A.-A;; ESTATUTARIO;2.548,65;;2.548,65;286,81;2.261,84;
ELZA DE SOUZA LIMA;DIRETORIA TECNICA;ASSISTENTE TECNICO 2A CLASSE;; ESTATUTARIO;2.963,85;;2.963,85;361,06;2.602,79;
EMILIA MARIA AZEVEDO MATOS;DIRETORIA ADM. FINANCEIRO;AGENTE ADM.-AGA-T.S.N.A.-H;; ESTATUTARIO;3.035,80;;3.035,80;375,77;2.660,03;
ENEIDE DE OLIVEIRA COELHO;DIRETORIA TECNICA;AUX.DE ENFERM.-AEF-P.S.N.A.-B;; ESTATUTARIO;2.649,29;;2.649,29;300,90;2.348,39;
ENIO BARRETO CARNEIRO;DIRETORIA TECNICA;MEDICO ESPECIALISTA;; ESTATUTARIO;8.757,19;;8.757,19;2.192,70;6.564,49;
ENZO MIRANDA SANTOS;DIRETORIA TECNICA;TEC. DE ENFERMAGEM-TEN-P.S.N.M.-A;TECN. DE ENFERMAGEM; ESTATUTARIO;2.773,32;;2.773,32;318,26;2.455,06;
EUDES OLIVEIRA DA SILVEIRA;DIRETORIA TECNICA;MEDICO ESPECIALISTA;; ESTATUTARIO;9.517,21;;9.517,21;2.425,30;7.091,91;
EVANDRO MONTEIRO DE ALMEIDA;DIRETORIA ADM. FINANCEIRO;AGENTE ADM.-AGA-T.S.N.A.-H;; ESTATUTARIO;5.217,42;;5.217,42;894,47;4.322,95;
EVANIA MELO BORGES;DIRETORIA TECNICA;TECNICO A;CHEFE DE DEPARTAMENT; ESTATUTARIO;10.746,14;;10.746,14;2.480,81;8.265,33;
EVELYN BEATRIZ DA COSTA VAZ;DIRETORIA ADM. FINANCEIRO;RECEPCIONISTA-REC-T.S.N.A.-E;; ESTATUTARIO;2.292,42;;2.292,42;250,94;2.041,48;
EVILAZIO CUNHA CARDOSO;DIRETORIA TECNICA;GERENTE;NAO INFORMADO; CARGO COMISSION.S/VINCULO;4.593,27;;4.593,27;666,54;3.926,73;
EWERTON FABIO SOUZA DA SILVA;DIRETORIA ADM. FINANCEIRO;AGENTE ADM.-AGA-T.S.N.A.-E;AGENTE ADM A; ESTATUTARIO;2.342,06;;2.342,06;257,89;2.084,17;
EWERTON FELIPE DA SILVA NASCIMENTO;DIRETORIA ADM. FINANCEIRO;ASSESSOR I;NAO INFORMADO; CARGO COMISSION.S/VINCULO;5.600,30;;5.600,30;992,10;4.608,20;
FABIO JOSE PAOLO TOMASELLI;DIRETORIA TECNICA;AGENTE ADM.-AGA-T.S.N.A.-E;; ESTATUTARIO;2.292,42;;2.292,42;250,94;2.041,48;
FAUSTO HIPOLITO PINHEIRO;DIRETORIA TECNICA;TEC.DE HEMOTERAP.-THE-P.S.N.M.-A;; ESTATUTARIO;2.893,14;;2.893,14;346,60;2.546,54;
FERNANDA LIANE NASCIMENTO SOUZA;DIRETORIA TECNICA;ASSIST.SOC.ASS-P.S.N.S.-CL.A;; ESTATUTARIO;6.882,78;;6.882,78;1.533,76;5.349,02;
FLAVIA MARTINS REZENDE DE MELLO;DIRETORIA ADM. FINANCEIRO;COMUNICADOR SOC.-COS-T.S.N.S.-A;GERENTE; ESTATUTARIO;9.308,96;;9.308,96;2.041,21;7.267,75;
FRANCELINE OLIVEIRA CALHEIROS;DIRETORIA TECNICA;TEC.DE PAT.CLINICA-TPC-P.S.N.M.-A;; ESTATUTARIO;2.773,32;;2.773,32;318,26;2.455,06;
FRANCIANA DO SOCORRO DE O C SILVA;PRESIDENCIA;TECNICO-TEC-T.S.N.S.-A;; ESTATUTARIO;5.308,96;;5.308,96;967,65;4.341,31;
FRANCIDAISY DA SILVA LEAO;DIRETORIA ADM. FINANCEIRO;ASSIST.ADMIN.-ASA-T.S.N.M.-A;; ESTATUTARIO;2.423,59;;2.423,59;269,30;2.154,29;
FRANCIMARY DE OLIVEIRA C CARMINÉ;DIRETORIA TECNICA;BIÓLOGO-BIO-P.S.N.S.-CL.A;; ESTATUTARIO;6.882,78;;6.882,78;1.533,76;5.349,02;
FRANCIRLEY CARVALHO SOUZA;DIRETORIA TECNICA;TEC.DE PAT.CLINICA-TPC-P.S.N.M.-B;; ESTATUTARIO;3.012,69;;3.012,69;351,78;2.660,91;
FRANCISCA DALVA MARTINS HIPOLITO;DIRETORIA TECNICA;TEC. DE HEMOTERAP.-THE-P.S.N.M.-C;; ESTATUTARIO;3.088,92;;3.088,92;386,64;2.702,28;
FRANCISCA MARTA SOARES DE LIMA;DIRETORIA TECNICA;TEC. DE HEMOTERAP.-THE-P.S.N.M.-C;TEC HEMOTER; ESTATUTARIO;3.050,48;;3.050,48;378,78;2.671,70;
FRANCISCO DAS CHAGAS B PIMENTEL;DIRETORIA ADM. FINANCEIRO;MOTORISTA-MOT-T.S.N.A.-D;; ESTATUTARIO;4.134,18;;4.134,18;483,86;3.650,32;
FRANCISCO ELMAR PASCOAL DE FARIA;DIRETORIA TECNICA;TEC. DE HEMOTERAP.-THE-P.S.N.M.-C;; ESTATUTARIO;3.121,07;;3.121,07;393,21;2.727,86;
FRANCISCO HELDER DE LIMA FREITAS;DIRETORIA TECNICA;ENFERMEIRO-ENF-P.S.N.S.-A;; ESTATUTARIO;6.882,78;;6.882,78;1.533,76;5.349,02;
FRANCISCO JORGE MAIA CASTRO;DIRETORIA TECNICA;TEC.DE PAT.CLINICA-TPC-P.S.N.M.-C;; ESTATUTARIO;4.063,59;;4.063,59;469,35;3.594,24;
FRANCISCO PEDRO DE OLIVEIRA AZEDO;DIRETORIA TECNICA;TECNICO-TEC-T.S.N.S.-D;GERENTE; ESTATUTARIO;14.633,03;;14.633,03;3.687,10;10.945,93;
FRANCISCO SALES DE LIMA BARROS;DIRETORIA ADM. FINANCEIRO;ASSIST.ADMIN.-ASA-T.S.N.M.-A;; ESTATUTARIO;2.423,59;;2.423,59;269,30;2.154,29;
FRANK JOSE RODRIGUES RIBEIRO;DIRETORIA ADM. FINANCEIRO;SUBGERENTE;NAO INFORMADO; CARGO COMISSION.S/VINCULO;3.586,94;;3.586,94;402,69;3.184,25;
FREDSON OLIVEIRA DA COSTA;DIRETORIA ADM. FINANCEIRO;AGENTE ADM.-AGA-T.S.N.A.-E;; ESTATUTARIO;2.889,89;;2.889,89;268,56;2.621,33;
GEANE LOPES MARQUES DE SOUZA;DIRETORIA TECNICA;ASSIST.SOC.ASS-P.S.N.S.-CL.B;CHEFE DE DEPARTAMENT; ESTATUTARIO;6.917,31;;6.917,31;1.682,87;5.234,44;
GEANE LOPES MARQUES DE SOUZA;DIRETORIA TECNICA;ASSIST.SOC.ASS-P.S.N.S.-CL.A;SUBGERENTE; ESTATUTARIO;10.140,82;;10.140,82;2.455,91;7.684,91;
GISELE VASCONCELOS COSTA SILVA;DIRETORIA TECNICA;TEC.DE PAT.CLINICA-TPC-P.S.N.M.-A;; ESTATUTARIO;2.773,32;;2.773,32;318,26;2.455,06;
GLAUCIA DE OLIVEIRA NEVES;DIRETORIA TECNICA;TEC. DE ENFERMAGEM-TEN-P.S.N.M.-A;; ESTATUTARIO;3.531,09;;3.531,09;378,92;3.152,17;
GRACIELA MARLENY RIVERA CHAVEZ;DIRETORIA TECNICA;ENFERMEIRO-ENF-P.S.N.S.-A;; ESTATUTARIO;6.882,78;;6.882,78;1.533,76;5.349,02;
GRACINEIDE PEREIRA DA SILVA;DIRETORIA TECNICA;NUTRICIONISTA-NUT-P.S.N.S.-A;; ESTATUTARIO;6.882,78;;6.882,78;1.533,76;5.349,02;
GRACINETTE COSTA FONTES;DIRETORIA TECNICA;TEC.DE HEMOTERAP.-THE-P.S.N.M.-A;; ESTATUTARIO;2.773,32;;2.773,32;318,26;2.455,06;
GREICY DANTAS SILVA COLARES;DIRETORIA TECNICA;TEC. DE ENFERMAGEM-TEN-P.S.N.M.-A;; ESTATUTARIO;3.531,09;;3.531,09;378,92;3.152,17;
GREISSY KELLE DA SILVA ALENCAR;DIRETORIA ADM. FINANCEIRO;AGENTE ADM.-AGA-T.S.N.A.-E;; ESTATUTARIO;2.292,42;;2.292,42;250,94;2.041,48;
GREYCE SOARES DE LIMA;DIRETORIA TECNICA;TEC.DE HEMOTERAP.-THE-P.S.N.M.-A;; ESTATUTARIO;2.773,32;;2.773,32;318,26;2.455,06;
HELEN LIMA MORAES;DIRETORIA TECNICA;TEC. DE ENFERMAGEM-TEN-P.S.N.M.-A;; ESTATUTARIO;2.967,32;;2.967,32;336,64;2.630,68;
HERCULES LEMOS DIAS;DIRETORIA TECNICA;TEC. DE HEMOTERAP.-THE-P.S.N.M.-C;; ESTATUTARIO;3.088,92;;3.088,92;362,45;2.726,47;
HILDE BALIEIRO GOES;DIRETORIA TECNICA;TEC.DE PAT.CLINICA-TPC-P.S.N.M.-A;; ESTATUTARIO;2.773,32;;2.773,32;318,26;2.455,06;
HILDEMARINA FONSECA LIMA;DIRETORIA TECNICA;TEC.DE HEMOTERAP.-THE-P.S.N.M.-A;TEC. HEMOTERAPIA; ESTATUTARIO;2.831,91;;2.831,91;326,47;2.505,44;
HILDENE MENDES BITTENCOURT;DIRETORIA TECNICA;TEC.DE HEMOTERAP.-THE-P.S.N.M.-A;TEC HEMOTER; ESTATUTARIO;2.893,14;;2.893,14;346,60;2.546,54;
HUGLYS DE OLIVEIRA JEFFRES;DIRETORIA ADM. FINANCEIRO;AGENTE ADM.-AGA-T.S.N.A.-E;; ESTATUTARIO;5.292,42;;5.292,42;593,99;4.698,43;
HULDA NASCIMENTO MALCHER;DIRETORIA TECNICA;TEC. DE HEMOTERAP.-THE-P.S.N.M.-D;; ESTATUTARIO;3.569,21;;3.569,21;436,04;3.133,17;
IANDARA MAIRA LOPES DE SOUZA;DIRETORIA ADM. FINANCEIRO;ASSIST.ADMIN.-ASA-T.S.N.M.-A;; ESTATUTARIO;2.423,59;;2.423,59;269,30;2.154,29;
IDANILCE DOS SANTOS CASTRO;DIRETORIA TECNICA;TEC. DE ENFERMAGEM-TEN-P.S.N.M.-A;TECNICA DE ENFERM. A; ESTATUTARIO;2.831,91;;2.831,91;326,47;2.505,44;
IGOR WILLIAM TRINDADE DA COSTA;DIRETORIA TECNICA;MEDICO GRADUADO;; ESTATUTARIO;7.669,71;;7.669,71;1.794,54;5.875,17;
IRANEIDE DA CUNHA MARQUES;DIRETORIA TECNICA;GERENTE;GERENTE AD-2; CARGO COMISSION.S/VINCULO;4.593,27;;4.593,27;666,54;3.926,73;
IRISNEIDE VIANA DA SILVA;DIRETORIA TECNICA;TEC.DE HEMOTERAP.-THE-P.S.N.M.-A;TEC.DE HEMOTERAPIA; ESTATUTARIO;2.995,24;;2.995,24;318,26;2.676,98;
IRYS DE OLIVEIRA SALVATERRA;DIRETORIA TECNICA;TEC. DE HEMOTERAP.-THE-P.S.N.M.-C;TEC. DE HEMOTERAPIA; ESTATUTARIO;3.050,48;;3.050,48;378,78;2.671,70;
IVANI CARVALHO DA SILVA;DIRETORIA TECNICA;AUXILIAR DE ENFERMAGEM A;; ESTATUTARIO;2.430,57;;2.430,57;270,28;2.160,29;
IVANILCE PINHEIRO GRANA;DIRETORIA TECNICA;TEC.DE PAT.CLINICA-TPC-P.S.N.M.-A;; ESTATUTARIO;2.773,32;;2.773,32;318,26;2.455,06;
IVONE CLAUDIANA DA SILVA;DIRETORIA TECNICA;TEC.DE HEMOTERAP.-THE-P.S.N.M.-A;; ESTATUTARIO;2.773,32;;2.773,32;318,26;2.455,06;
IVONE MOREIRA NONATO;DIRETORIA TECNICA;ASSISTENTE TECNICO A;; ESTATUTARIO;3.937,70;;3.937,70;438,52;3.499,18;
JAEL GRACA DA JUSTA BOHADANA;DIRETORIA TECNICA;MEDICO ESPECIALISTA;MEDICA GENERALISTA; ESTATUTARIO;12.522,95;;12.522,95;3.251,88;9.271,07;
JAIRO PICANCO DE FARIAS JUNIOR;DIRETORIA ADM. FINANCEIRO;ASSIST.ADMIN.-ASA-T.S.N.M.-A;; ESTATUTARIO;2.423,59;;2.423,59;269,30;2.154,29;
JAMERSON RODRIGUES CRISOSTOMO;DIRETORIA ADM. FINANCEIRO;MOTORISTA-MOT-T.S.N.A.-A;MOTORISTA; ESTATUTARIO;2.548,65;;2.548,65;286,81;2.261,84;
JANETE DE SOUZA LIMA;DIRETORIA TECNICA;ASSISTENTE TECNICO 2A CLASSE;; ESTATUTARIO;3.991,79;;3.991,79;451,00;3.540,79;
JANICE COSTA NINA;DIRETORIA TECNICA;FARMAC.BIOQ. -FAB-P.S.N.S.-A;; ESTATUTARIO;9.010,37;;9.010,37;2.118,84;6.891,53;
JAQUELINE PINTO FERREIRA;DIRETORIA ADM. FINANCEIRO;CHEFE DE DEPARTAMENTO;NAO INFORMADO; CARGO COMISSION.S/VINCULO;5.600,30;;5.600,30;992,10;4.608,20;
JEAN CARLOS FONSECA DO NASCIMENTO;DIRETORIA ADM. FINANCEIRO;AGENTE ADM.-AGA-T.S.N.A.-E;; ESTATUTARIO;2.292,42;;2.292,42;250,94;2.041,48;
JEFFERSON KENNEDY LOPES DOS SANTOS;DIRETORIA TECNICA;ENFERMEIRO-ENF-P.S.N.S.-A;; ESTATUTARIO;7.115,58;;7.115,58;1.597,78;5.517,80;
JESSICA BARBOSA SABOIA;DIRETORIA ADM. FINANCEIRO;RECEPCIONISTA-REC-T.S.N.A.-E;; ESTATUTARIO;2.292,42;;2.292,42;250,94;2.041,48;
JOÃO FERREIRA DAMASCENO FILHO;DIRETORIA ADM. FINANCEIRO;OPER.MAN.E APOIO-OMA-T.S.N.A-A;; ESTATUTARIO;2.277,55;;2.277,55;248,86;2.028,69;
JOAO AUGUSTO VASCONCELOS SOARES;DIRETORIA TECNICA;GERENTE;GERENTE AD-2; CARGO COMISSION.S/VINCULO;5.957,69;;5.957,69;1.117,44;4.840,25;
JOAO BATISTA RUBIM SALGUEIRO;DIRETORIA TECNICA;TEC.DE HEMOTERAP.-THE-P.S.N.M.-B;; ESTATUTARIO;3.875,36;;3.875,36;452,75;3.422,61;
JOAO COSTA;DIRETORIA ADM. FINANCEIRO;OPER.MAN.E APOIO-OMA-T.S.N.A-A;; ESTATUTARIO;2.277,55;;2.277,55;248,86;2.028,69;
JOAO PAULO DINIZ PIMENTEL;DIRETORIA TECNICA;FARMAC.BIOQ. -FAB-P.S.N.S.-A;CHEFE DE DEPARTAMENT; ESTATUTARIO;11.882,78;;11.882,78;2.908,76;8.974,02;
JOAO PEDRO GUSMAO FELIX;DIRETORIA ADM. FINANCEIRO;MOTORISTA-MOT-T.S.N.A.-D;SUBGERENTE; ESTATUTARIO;6.386,91;;6.386,91;633,76;5.753,15;
JOAO QUEIROZ REBOUCAS;DIRETORIA TECNICA;TEC. DE HEMOTERAP.-THE-P.S.N.M.-C;; ESTATUTARIO;3.359,96;;3.359,96;406,96;2.953,00;
JOICY SALES DOS SANTOS LIARTES;DIRETORIA TECNICA;TEC.DE HEMOTERAP.-THE-P.S.N.M.-A;; ESTATUTARIO;2.773,32;;2.773,32;318,26;2.455,06;
JORDAM DE SOUZA ARAUJO;DIRETORIA ADM. FINANCEIRO;AGENTE ADM.-AGA-T.S.N.A.-E;; ESTATUTARIO;2.292,42;;2.292,42;250,94;2.041,48;
JOSAFA LIMA RAMOS;DIRETORIA TECNICA;PSICOLOGO-PSI-P.S.N.S.-A;GERENTE; ESTATUTARIO;11.468,17;;11.468,17;2.854,15;8.614,02;
JOSE ALDORI VIAPIANA;DIRETORIA TECNICA;TECNICO-TEC-T.S.N.S.-C;; ESTATUTARIO;6.684,49;;6.684,49;1.437,50;5.246,99;
JOSE ARTEMIS DE SOUZA LIMA;DIRETORIA TECNICA;TEC. DE ENFERMAGEM-TEN-P.S.N.M.-A;; ESTATUTARIO;2.998,36;;2.998,36;338,97;2.659,39;
JOSE BRAGA DA COSTA;DIRETORIA TECNICA;TEC. DE ENFERMAGEM-TEN-P.S.N.M.-C;; ESTATUTARIO;3.172,69;;3.172,69;403,77;2.768,92;
JOSE DE RIBAMAR FERREIRA E SILVA;DIRETORIA TECNICA;ASSISTENTE TECNICO A;SUBGERENTE; ESTATUTARIO;2.758,47;;2.758,47;377,44;2.381,03;
JOSE GLEDSON DE FREITAS;DIRETORIA ADM. FINANCEIRO;ASSIST.ADMIN.-ASA-T.S.N.M.-A;; ESTATUTARIO;2.423,59;;2.423,59;269,30;2.154,29;
JOSE MARCELO HIPOLITO CARNEIRO;DIRETORIA TECNICA;TEC.DE HEMOTERAP.-THE-P.S.N.M.-A;TEC. DE HEMOTERAPIA; ESTATUTARIO;2.893,14;;2.893,14;346,60;2.546,54;
JOSE RICARDO FREITAS SIQUEIRA;DIRETORIA TECNICA;TEC.DE PAT.CLINICA-TPC-P.S.N.M.-B;; ESTATUTARIO;3.012,69;;3.012,69;371,05;2.641,64;
JOSIMARA PINHEIRO DE O NARCISO;DIRETORIA TECNICA;TEC.DE HEMOTERAP.-THE-P.S.N.M.-A;; ESTATUTARIO;2.773,32;;2.773,32;318,26;2.455,06;
JOSITEIA VANESSA ALMEIDA DA SILVA;DIRETORIA TECNICA;ENFERMEIRO-ENF-P.S.N.S.-A;ENFERMEIRO; ESTATUTARIO;6.882,78;;6.882,78;1.533,76;5.349,02;
JUCILENE PEREIRA DOS SANTOS;DIRETORIA TECNICA;ENFERMEIRO-ENF-P.S.N.S.-A;; ESTATUTARIO;9.010,37;;9.010,37;2.118,84;6.891,53;
JUCIMARIA BARROSO DE SOUZA;DIRETORIA TECNICA;TEC. DE ENFERMAGEM-TEN-P.S.N.M.-A;; ESTATUTARIO;2.773,32;;2.773,32;318,26;2.455,06;
JULIANA LUIZA VARJAO LAMEIRAS;DIRETORIA TECNICA;BIÓLOGO-BIO-P.S.N.S.-CL.A;; ESTATUTARIO;9.010,37;;9.010,37;2.118,84;6.891,53;
JULIO MARTINS DA SILVA;DIRETORIA ADM. FINANCEIRO;MOTORISTA-MOT-T.S.N.A.-A;; ESTATUTARIO;2.548,65;;2.548,65;286,81;2.261,84;
KARLA VICTOR SERIQUE SODRE;DIRETORIA TECNICA;TEC.DE PAT.CLINICA-TPC-P.S.N.M.-A;TEC. PATOL. CLINICA; ESTATUTARIO;2.773,32;;2.773,32;318,26;2.455,06;
KASTYHELLEN CAVALCANTE SOUTO MAIOR;DIRETORIA TECNICA;TEC. DE ENFERMAGEM-TEN-P.S.N.M.-A;TEC. DE ENFERMAGEM; ESTATUTARIO;3.531,09;;3.531,09;378,92;3.152,17;
KATIA KELY LIMA DE ARAUJO;DIRETORIA TECNICA;TEC.DE HEMOTERAP.-THE-P.S.N.M.-A;; ESTATUTARIO;2.893,14;;2.893,14;346,60;2.546,54;
KATIA MARIA DA ROCHA CORTEZ;DIRETORIA TECNICA;TEC.DE HEMOTERAP.-THE-P.S.N.M.-B;TEC. DE HEMOTERAPIA; ESTATUTARIO;3.031,52;;3.031,52;374,89;2.656,63;
KATIANE DOS SANTOS GOMES;DIRETORIA TECNICA;FARMACEUTICO-FAR-P.S.N.S.-A;; ESTATUTARIO;6.882,78;;6.882,78;1.533,76;5.349,02;
KATIUSCIA OLIVEIRA DE PAULO;DIRETORIA ADM. FINANCEIRO;RECEPCIONISTA-REC-T.S.N.A.-E;; ESTATUTARIO;2.292,42;;2.292,42;250,94;2.041,48;
KEITE DA SILVA FELIPE DE MOURA;DIRETORIA ADM. FINANCEIRO;ADMINISTRADOR ADM.T.S.N.S.-A;GERENTE; ESTATUTARIO;9.308,96;;9.308,96;2.041,21;7.267,75;
KELLY ANN RAYOL FREDERICO JOBIM;DIRETORIA TECNICA;ENFERMEIRO-ENF-P.S.N.S.-A;; ESTATUTARIO;6.882,78;;6.882,78;1.533,76;5.349,02;
KELLY REGINA MOURA DA SILVA;PRESIDENCIA;CHEFE DE GABINETE;NAO INFORMADO; CARGO COMISSION.S/VINCULO;7.300,40;;7.300,40;1.601,33;5.699,07;
KLEBER SANDRO BRASIL DOS SANTOS;DIRETORIA TECNICA;FARMAC.BIOQ. -FAB-P.S.N.S.-B;; ESTATUTARIO;7.438,74;;7.438,74;1.827,05;5.611,69;
LADY DAIANA GONCALVES DA SILVA;DIRETORIA TECNICA;TEC.DE HEMOTERAP.-THE-P.S.N.M.-A;; ESTATUTARIO;2.893,14;;2.893,14;346,60;2.546,54;
LAERCIO DAMIAO SOARES LOPES;DIRETORIA ADM. FINANCEIRO;AGENTE ADMINISTRATIVO A - N.B.;GERENTE; ESTATUTARIO;2.292,42;;2.292,42;250,94;2.041,48;
LANA SULAMITA SILVA DOS S VECCHIA;DIRETORIA TECNICA;AUX.DE ENFERM.-AEF-P.S.N.A.-B;GERENTE AD2; ESTATUTARIO;8.737,63;;8.737,63;1.617,08;7.120,55;
LASMAR ROBERTO PEREIRA ALVES;DIRETORIA TECNICA;FARMAC.BIOQ. -FAB-P.S.N.S.-A;FARMAC.-BIOQUIMICO; ESTATUTARIO;6.882,78;;6.882,78;1.533,76;5.349,02;
LEA CHAVES AMORIM;DIRETORIA TECNICA;TEC. DE HEMOTERAP.-THE-P.S.N.M.-C;; ESTATUTARIO;2.588,92;;2.588,92;386,64;2.202,28;
LEANDRA SABRINA CASTRO DA SILVA;DIRETORIA TECNICA;TEC. DE ENFERMAGEM-TEN-P.S.N.M.-A;; ESTATUTARIO;2.858,68;;2.858,68;328,49;2.530,19;
LECITA MARREIRA DE LIMA BARROS;DIRETORIA TECNICA;TEC.DE PAT.CLINICA-TPC-P.S.N.M.-B;GERENTE; ESTATUTARIO;2.512,69;;2.512,69;351,78;2.160,91;
LECITA MARREIRA DE LIMA BARROS;DIRETORIA TECNICA;FARMAC.BIOQ. -FAB-P.S.N.S.-A;; ESTATUTARIO;6.882,78;;6.882,78;1.533,76;5.349,02;
LEILA MARLY FONSECA LIMA;DIRETORIA TECNICA;TEC.DE HEMOTERAP.-THE-P.S.N.M.-A;TEC DE HEMOT; ESTATUTARIO;2.893,14;;2.893,14;346,60;2.546,54;
LENY NASCIMENTO DA MOTTA PASSOS;PRESIDENCIA;MEDICO DOUTOR;; ESTATUTARIO;16.349,46;;16.349,46;4.866,89;11.482,57;
LEONICE SOUZA FERREIRA;MANDADO DE SEGURANCA;TEC. DE ENFERMAGEM-TEN-P.S.N.M.-A;; ESTATUTARIO;2.773,32;;2.773,32;318,26;2.455,06;
LIA NASCIMENTO RAMOS DA SILVA;DIRETORIA TECNICA;TEC. DE HEMOTERAP.-THE-P.S.N.M.-C;; ESTATUTARIO;2.637,80;;2.637,80;396,63;2.241,17;
LIGIA ADRIANE THIBES;DIRETORIA TECNICA;TEC. DE HEMOTERAP.-THE-P.S.N.M.-C;; ESTATUTARIO;3.900,64;;3.900,64;414,10;3.486,54;
LINDALVA BRAGA DE OLIVEIRA;DIRETORIA ADM. FINANCEIRO;AGENTE ADM.-AGA-T.S.N.A.-H;ASSESSOR IV; ESTATUTARIO;5.760,91;;5.760,91;832,11;4.928,80;
LINDBERG MATOS PINTO;DIRETORIA TECNICA;TEC. DE ENFERMAGEM-TEN-P.S.N.M.-A;TEC.DE ENFERMAGEM; ESTATUTARIO;3.531,09;;3.531,09;378,92;3.152,17;
LIVIA GAMA DE SOUZA;DIRETORIA TECNICA;TEC.DE HEMOTERAP.-THE-P.S.N.M.-A;; ESTATUTARIO;2.273,32;;2.273,32;318,26;1.955,06;
LUANA VITORIA MOTA DE SOUZA;DIRETORIA ADM. FINANCEIRO;ASSIST.ADMIN.-ASA-T.S.N.M.-A;; ESTATUTARIO;2.423,59;;2.423,59;269,30;2.154,29;
LUCAS GABRIEL INACIO SALINA;DIRETORIA TECNICA;MEDICO ESPECIALISTA;; ESTATUTARIO;8.757,19;;8.757,19;2.192,70;6.564,49;
LUCIANA CASSA ARAUJO BARBOSA;DIRETORIA TECNICA;BIÓLOGO-BIO-P.S.N.S.-CL.A;; ESTATUTARIO;6.882,78;;6.882,78;1.533,76;5.349,02;
LUCICLEIDE ALMEIDA DE JESUS PEIXOTO;DIRETORIA TECNICA;TEC.DE HEMOTERAP.-THE-P.S.N.M.-A;; ESTATUTARIO;3.531,09;;3.531,09;378,92;3.152,17;
LUCILANE ALVES DE SOUSA EVANGELISTA;DIRETORIA TECNICA;TEC.DE HEMOTERAP.-THE-P.S.N.M.-A;; ESTATUTARIO;3.690,85;;3.690,85;408,61;3.282,24;
LUCINDA BEZERRA FREIRE;DIRETORIA TECNICA;TEC. DE HEMOTERAP.-THE-P.S.N.M.-C;; ESTATUTARIO;3.379,32;;3.379,32;408,42;2.970,90;
LUDIAN GOMES DA SILVA;DIRETORIA ADM. FINANCEIRO;AGENTE ADM.-AGA-T.S.N.A.-G;ASSESSOR IV; ESTATUTARIO;6.539,48;;6.539,48;1.007,66;5.531,82;
LUZIANE PIRES FRANCO DUARTE;DIRETORIA TECNICA;TEC.DE HEMOTERAP.-THE-P.S.N.M.-A;TEC.HEMOTERAPIA; ESTATUTARIO;2.893,14;;2.893,14;346,60;2.546,54;
LUZINETE FEITOZA DE LIMA TORRES;DIRETORIA ADM. FINANCEIRO;AGENTE ADM.-AGA-T.S.N.A.-G;SUBGERENTE; ESTATUTARIO;5.629,61;;5.629,61;757,44;4.872,17;
LYGIA MACHADO CORREA;DIRETORIA TECNICA;TEC. DE ENFERMAGEM-TEN-P.S.N.M.-A;; ESTATUTARIO;2.773,32;;2.773,32;318,26;2.455,06;
MACSON DELMIRIO GOMES;DIRETORIA TECNICA;TEC. DE ENFERMAGEM-TEN-P.S.N.M.-A;; ESTATUTARIO;3.006,12;;3.006,12;339,55;2.666,57;
MANOELA VALENTE CUNHA POGGIO;DIRETORIA ADM. FINANCEIRO;PSICOLOGO-PSI-P.S.N.S.-A;; ESTATUTARIO;6.882,78;;6.882,78;1.533,76;5.349,02;
MARA RUBIA COSTA RODRIGUES;DIRETORIA TECNICA;TEC.DE HEMOTERAP.-THE-P.S.N.M.-A;TEC.HEMOTERAPIA; ESTATUTARIO;2.773,32;;2.773,32;318,26;2.455,06;
MARA VIEIRA DA SILVA;DIRETORIA TECNICA;TEC.DE HEMOTERAP.-THE-P.S.N.M.-A;TEC HEMOTER; ESTATUTARIO;3.030,10;;3.030,10;335,04;2.695,06;
MARCELA DE MORAIS SILVA DAS NEVES;DIRETORIA TECNICA;TEC.DE PAT.CLINICA-TPC-P.S.N.M.-A;TEC PAT CLINICA; ESTATUTARIO;2.773,32;;2.773,32;318,26;2.455,06;
MARCELA LIBORIO CORREIA;DIRETORIA ADM. FINANCEIRO;MOTORISTA-MOT-T.S.N.A.-A;; ESTATUTARIO;3.231,53;;3.231,53;327,36;2.904,17;
MARCELE ASSUNCAO DA SILVA;DIRETORIA TECNICA;ENFERMEIRO-ENF-P.S.N.S.-A;; ESTATUTARIO;6.882,78;;6.882,78;1.533,76;5.349,02;
MARCELINA HIPOLITO CARNEIRO;DIRETORIA TECNICA;AUXILIAR DE SAUDE 3A CLASSE;; ESTATUTARIO;3.293,27;;3.293,27;316,70;2.976,57;
MARCELO REIS DO NASCIMENTO;DIRETORIA TECNICA;TEC.DE HEMOTERAP.-THE-P.S.N.M.-A;; ESTATUTARIO;2.893,14;;2.893,14;346,60;2.546,54;
MARCIA DA SILVA E SILVA;DIRETORIA TECNICA;TEC. DE HEMOTERAP.-THE-P.S.N.M.-C;; ESTATUTARIO;3.050,48;;3.050,48;378,78;2.671,70;
MARCIA POINHO ENCARNACAO DE MORAIS;DIRETORIA TECNICA;FARMAC.BIOQ. -FAB-P.S.N.S.-A;; ESTATUTARIO;7.885,44;;7.885,44;1.911,26;5.974,18;
MARCIA REGINA MARQUES DA S ANDRADE;DIRETORIA ADM. FINANCEIRO;AGENTE ADM.-AGA-T.S.N.A.-H;SUBGERENTE; ESTATUTARIO;5.645,63;;5.645,63;763,47;4.882,16;
MARCILEIA MOREIRA DE ARAUJO;DIRETORIA TECNICA;TEC. DE ENFERMAGEM-TEN-P.S.N.M.-A;TEC DE ENFERMAGEM; ESTATUTARIO;3.609,21;;3.609,21;392,38;3.216,83;
MARCIO ALLAN OLIVEIRA DAS NEVES;DIRETORIA ADM. FINANCEIRO;OPER.MAN.E APOIO-OMA-T.S.N.A-A;; ESTATUTARIO;2.277,55;;2.277,55;248,86;2.028,69;
MARCIO ARAUJO DOS SANTOS;DIRETORIA TECNICA;ENFERMEIRO-ENF-P.S.N.S.-A;ENFERMEIRO; ESTATUTARIO;6.882,78;;6.882,78;1.533,76;5.349,02;
MARCO AURELIO DE CARVALHO MARTINS;DIRETORIA ADM. FINANCEIRO;AGENTE ADM.-AGA-T.S.N.A.-E;ASSESSOR I; ESTATUTARIO;7.292,42;;7.292,42;1.180,49;6.111,93;
MARCOS PAULO SAMPAIO DE OLIVEIRA;DIRETORIA ADM. FINANCEIRO;TECNICO-TEC-T.S.N.S.-A;; ESTATUTARIO;6.911,95;;6.911,95;1.382,03;5.529,92;
MARGARETH RODRIGUES DA SILVA;DIRETORIA TECNICA;ASSIST.SOC.ASS-P.S.N.S.-CL.A;; ESTATUTARIO;9.010,37;;9.010,37;2.118,84;6.891,53;
MARIA AUXILIADORA ALVES FERREIRA;DIRETORIA TECNICA;TEC.DE PAT.CLINICA-TPC-P.S.N.M.-A;; ESTATUTARIO;2.273,32;;2.273,32;318,26;1.955,06;
MARIA DA GLORIA MARTINS BARBOSA;DIRETORIA TECNICA;TEC.DE HEMOTERAP.-THE-P.S.N.M.-A;; ESTATUTARIO;3.531,09;;3.531,09;378,92;3.152,17;
MARIA DAS DORES INACIO DE SANTANA;DIRETORIA TECNICA;ASSIST.SOC.ASS-P.S.N.S.-CL.A;; ESTATUTARIO;6.882,78;;6.882,78;1.533,76;5.349,02;
MARIA DE NAZARE DE SABOIA FERREIRA;DIRETORIA ADM. FINANCEIRO;AUX.DE SERV.GER.-ASG-T.S.N.A.-C;; ESTATUTARIO;2.902,55;;2.902,55;310,31;2.592,24;
MARIA DE NAZARE PINHEIRO DA SILVA;DIRETORIA TECNICA;TEC. DE HEMOTERAP.-THE-P.S.N.M.-C;; ESTATUTARIO;3.466,03;;3.466,03;416,58;3.049,45;
MARIA DE NAZARE SAUNIER BARBOSA;DIRETORIA TECNICA;ENFERMEIRO-ENF-P.S.N.S.-B;ASSESSOR IV; ESTATUTARIO;10.338,74;;10.338,74;2.591,32;7.747,42;
MARIA DO CARMO DA SILVA ASSUNCAO;DIRETORIA TECNICA;ENFERMEIRO-ENF-P.S.N.S.-B;; ESTATUTARIO;7.938,74;;7.938,74;1.931,32;6.007,42;
MARIA DO PERPETUO S S CARVALHO;DIRETORIA TECNICA;MEDICO ESPECIALISTA;DIRETOR PRESIDENTE; ESTATUTARIO;26.405,79;;26.405,79;7.169,78;19.236,01;
MARIA DO PERPETUO SOCORRO G CRUZ;DIRETORIA ADM. FINANCEIRO;AGENTE ADM.-AGA-T.S.N.A.-G;CHEFE DE DEPARTAMENT; ESTATUTARIO;8.934,56;;8.934,56;1.798,75;7.135,81;
MARIA DO SOCORRO AQUINO DE ALENCAR;DIRETORIA ADM. FINANCEIRO;AGENTE ADM.-AGA-T.S.N.A.-G;; ESTATUTARIO;2.629,61;;2.629,61;298,15;2.331,46;
MARIA DO SOCORRO DIAS LEITE;DIRETORIA TECNICA;ASSISTENTE TECNICO 3A CLASSE;; ESTATUTARIO;3.106,04;;3.106,04;334,47;2.771,57;
MARIA DO SOCORRO FERREIRA SANTOS;DIRETORIA TECNICA;TEC.DE HEMOTERAP.-THE-P.S.N.M.-A;TEC HEMOTERAPIA; ESTATUTARIO;2.893,14;;2.893,14;346,60;2.546,54;
MARIA DO SOCORRO NOGUEIRA AZEVEDO;DIRETORIA TECNICA;ASSISTENTE TECNICO 3A CLASSE;; ESTATUTARIO;2.803,11;;2.803,11;322,44;2.480,67;
MARIA DULCY DE MELLO BARBOSA;DIRETORIA TECNICA;TEC. DE HEMOTERAP.-THE-P.S.N.M.-D;; ESTATUTARIO;3.747,38;;3.747,38;471,29;3.276,09;
MARIA ELCIMAR DE SOUZA MENDONCA;DIRETORIA TECNICA;TEC.DE HEMOTERAP.-THE-P.S.N.M.-B;; ESTATUTARIO;3.875,36;;3.875,36;424,31;3.451,05;
MARIA ELIZETE DA SILVA NETA;DIRETORIA TECNICA;TEC.DE PAT.CLINICA-TPC-P.S.N.M.-A;TEC.DE PAT.CLINICA; ESTATUTARIO;2.773,32;;2.773,32;318,26;2.455,06;
MARIA EUNICE CASTRO DOS SANTOS;DIRETORIA TECNICA;TEC. DE ENFERMAGEM-TEN-P.S.N.M.-A;; ESTATUTARIO;3.531,09;;3.531,09;378,92;3.152,17;
MARIA EZILENE SOARES BARAUNA;DIRETORIA TECNICA;TEC. DE ENFERMAGEM-TEN-P.S.N.M.-A;; ESTATUTARIO;2.773,32;;2.773,32;318,26;2.455,06;
MARIA GORETE SIMOES DE MATOS;DIRETORIA TECNICA;TEC. DE HEMOTERAP.-THE-P.S.N.M.-D;SUBGERENTE; ESTATUTARIO;8.908,64;;8.908,64;1.746,73;7.161,91;
MARIA IEDA MOURAO DE CASTRO;DIRETORIA TECNICA;FARMAC.BIOQ. -FAB-P.S.N.S.-A;; ESTATUTARIO;6.882,78;;6.882,78;1.533,76;5.349,02;
MARIA IVALDETE SIQUEIRA DE SOUZA;DIRETORIA TECNICA;TEC.DE PAT.CLINICA-TPC-P.S.N.M.-C;GERENTE AD-2; ESTATUTARIO;7.088,92;;7.088,92;1.205,37;5.883,55;
MARIA JAQUELENE MONTEIRO;DIRETORIA TECNICA;TEC. DE ENFERMAGEM-TEN-P.S.N.M.-A;TEC DE ENF A; ESTATUTARIO;2.831,91;;2.831,91;326,47;2.505,44;
MARIA JEANE SIQUEIRA CASTRO DA CRUZ;DIRETORIA TECNICA;TEC.DE HEMOTERAP.-THE-P.S.N.M.-A;; ESTATUTARIO;3.853,49;;3.853,49;433,01;3.420,48;
MARIA JOSE DANTAS COELHO;DIRETORIA TECNICA;FARMAC.BIOQ. -FAB-P.S.N.S.-A;; ESTATUTARIO;6.882,78;;6.882,78;1.533,76;5.349,02;
MARIA JOSE DANTAS COELHO;DIRETORIA TECNICA;TEC. DE HEMOTERAP.-THE-P.S.N.M.-C;GERENTE; ESTATUTARIO;8.896,92;;8.896,92;1.848,57;7.048,35;
MARIA JOSE DE ALMEIDA PEREIRA;DIRETORIA TECNICA;ASSESSOR IV;NAO INFORMADO; CARGO COMISSION.S/VINCULO;2.981,24;;2.981,24;290,03;2.691,21;
MARIA LUIZA SILVA DE MORAES;DIRETORIA TECNICA;TEC. DE ENFERMAGEM-TEN-P.S.N.M.-A;; ESTATUTARIO;3.531,09;;3.531,09;378,92;3.152,17;
MARIA LUZINETE DE OLIVEIRA;DIRETORIA TECNICA;TEC.DE HEMOTERAP.-THE-P.S.N.M.-A;TEC. DE HEMOTERAPIA; ESTATUTARIO;2.893,14;;2.893,14;346,60;2.546,54;
MARIA NEIDE DE MELO;DIRETORIA TECNICA;TEC. DE HEMOTERAP.-THE-P.S.N.M.-C;; ESTATUTARIO;3.546,87;;3.546,87;431,83;3.115,04;
MARIA NEIDE FREITAS GOMES;DIRETORIA TECNICA;TEC. DE HEMOTERAP.-THE-P.S.N.M.-C;; ESTATUTARIO;3.088,92;;3.088,92;386,64;2.702,28;
MARIA NESIANE SIQUEIRA CASTRO;DIRETORIA TECNICA;TEC.DE HEMOTERAP.-THE-P.S.N.M.-A;TEC. DE HEMOTERAPIA; ESTATUTARIO;2.893,14;;2.893,14;346,60;2.546,54;
MARIA NESIANE SIQUEIRA CASTRO;DIRETORIA TECNICA;FARMAC.BIOQ. -FAB-P.S.N.S.-A;; ESTATUTARIO;6.382,78;;6.382,78;1.533,76;4.849,02;
MARIA ONEIDE PINHEIRO DE ANDRADE;DIRETORIA TECNICA;TEC. DE HEMOTERAP.-THE-P.S.N.M.-C;; ESTATUTARIO;3.088,92;;3.088,92;386,64;2.702,28;
MARIA REJANE DE AQUINO MEDEIROS;DIRETORIA TECNICA;TEC. DE HEMOTERAP.-THE-P.S.N.M.-C;; ESTATUTARIO;3.088,92;;3.088,92;386,64;2.702,28;
MARIA SOCORRO DE CORREIA MONTANHA;DIRETORIA TECNICA;TEC.DE HEMOTERAP.-THE-P.S.N.M.-B;; ESTATUTARIO;3.063,67;;3.063,67;381,47;2.682,20;
MARIA SOCORRO SOUZA DE JESUS;DIRETORIA ADM. FINANCEIRO;GERENTE;NAO INFORMADO; CARGO COMISSION.S/VINCULO;4.593,27;;4.593,27;666,54;3.926,73;
MARIA SOCORRO VIGA YURTSEVER;DIRETORIA TECNICA;MEDICO ESPECIALISTA;CHEFE DE DEPARTAMENT; ESTATUTARIO;16.960,86;;16.960,86;4.630,17;12.330,69;
MARIA SONIA DOS SANTOS PINHEIRO;DIRETORIA TECNICA;TEC.DE HEMOTERAP.-THE-P.S.N.M.-A;; ESTATUTARIO;2.893,14;;2.893,14;346,60;2.546,54;
MARIA ZEILLA MOREIRA DA FROTA;DIRETORIA TECNICA;ASSIST.SOC.ASS-P.S.N.S.-CL.B;GERENTE; ESTATUTARIO;8.043,02;;8.043,02;1.970,59;6.072,43;
MARILDA FIGUEIRA MAIA;DIRETORIA TECNICA;FARMAC.BIOQ. -FAB-P.S.N.S.-A;; ESTATUTARIO;6.882,78;;6.882,78;1.533,76;5.349,02;
MARINILSE PAIXAO SERRA;DIRETORIA TECNICA;TEC. DE HEMOTERAP.-THE-P.S.N.M.-C;; ESTATUTARIO;3.088,92;;3.088,92;386,64;2.702,28;
MARIO AFONSO FROTA MEDEIROS;DIRETORIA ADM. FINANCEIRO;AGENTE ADM.-AGA-T.S.N.A.-E;; ESTATUTARIO;2.292,42;;2.292,42;250,94;2.041,48;
MARIO SERGIO VEIGA PINHEIRO;DIRETORIA TECNICA;TEC.DE HEMOTERAP.-THE-P.S.N.M.-A;; ESTATUTARIO;2.273,32;;2.273,32;318,26;1.955,06;
MARIO SERGIO VEIGA PINHEIRO;DIRETORIA TECNICA;TEC. DE HEMOTERAP.-THE-P.S.N.M.-C;GERENTE; ESTATUTARIO;7.088,92;;7.088,92;1.205,37;5.883,55;
MARISA PAULA DE ANDRADE;DIRETORIA TECNICA;TECNICO DE PATOLOGIA CLINICA A;; ESTATUTARIO;2.773,32;;2.773,32;318,26;2.455,06;
MARLENE GENTIL BATISTA;DIRETORIA ADM. FINANCEIRO;AUX.DE SERV.GER.-ASG-T.S.N.A.-C;; ESTATUTARIO;2.107,50;;2.107,50;295,05;1.812,45;
MARLENE SANTOS DA MOTA;DIRETORIA TECNICA;ASSISTENTE TECNICO 3A CLASSE;; ESTATUTARIO;3.944,43;;3.944,43;440,07;3.504,36;
MARLUCIA DE LIMA MARQUES;DIRETORIA TECNICA;TEC.DE HEMOTERAP.-THE-P.S.N.M.-A;; ESTATUTARIO;2.893,14;;2.893,14;346,60;2.546,54;
MARLUCIA OLIVEIRA DOS SANTOS;DIRETORIA TECNICA;TEC. DE ENFERMAGEM-TEN-P.S.N.M.-A;; ESTATUTARIO;2.773,32;;2.773,32;318,26;2.455,06;
MARTIRENE ALVES DA SILVA;DIRETORIA TECNICA;TEC.DE HEMOTERAP.-THE-P.S.N.M.-A;TEC HEMOTER; ESTATUTARIO;2.893,14;;2.893,14;346,60;2.546,54;
MAURO GALUCIO GARCIA;DIRETORIA TECNICA;QUIMICO-QUI-P.S.N.S.-A;; ESTATUTARIO;9.010,37;;9.010,37;2.118,84;6.891,53;
MEIRY JANE DE SOUZA BÍVAQUA;DIRETORIA TECNICA;ASSIST.SOC.ASS-P.S.N.S.-CL.A;; ESTATUTARIO;6.882,78;;6.882,78;1.533,76;5.349,02;
MEIRY JANE DE SOUZA SIQUEIRA;DIRETORIA TECNICA;TEC.DE PAT.CLINICA-TPC-P.S.N.M.-B;TEC. PATOL. CLINICA; ESTATUTARIO;3.031,52;;3.031,52;374,89;2.656,63;
MEIRYALVA F MARIANO;DIRETORIA TECNICA;TEC. DE ENFERMAGEM-TEN-P.S.N.M.-A;; ESTATUTARIO;2.273,32;;2.273,32;318,26;1.955,06;
MERCIA FLORENCIO DE ALMEIDA lima;DIRETORIA TECNICA;TEC. DE ENFERMAGEM-TEN-P.S.N.M.-A;; ESTATUTARIO;2.773,32;;2.773,32;318,26;2.455,06;
MESSIAS DE ASSIS PRAIA;DIRETORIA TECNICA;TEC.DE HEMOTERAP.-THE-P.S.N.M.-A;TEC. HEMOTERAPIA; ESTATUTARIO;2.831,91;;2.831,91;326,47;2.505,44;
MESSIAS DE ASSIS PRAIA;DIRETORIA TECNICA;TEC. DE HEMOTERAP.-THE-P.S.N.M.-C;; ESTATUTARIO;2.588,92;;2.588,92;386,64;2.202,28;
MIGUEL DE JESUS QUEIROZ DE PAULA;DIRETORIA ADM. FINANCEIRO;MOTORISTA-MOT-T.S.N.A.-A;MOTORISTA; ESTATUTARIO;2.548,65;;2.548,65;286,81;2.261,84;
MIRIAM MAIA DE SOUZA;DIRETORIA ADM. FINANCEIRO;AGENTE ADMINISTRATIVO A - N.B.;; ESTATUTARIO;2.292,42;;2.292,42;250,94;2.041,48;
MIRIAN LUCIA DE ARAUJO BEZERRA;DIRETORIA ADM. FINANCEIRO;AGENTE ADMINISTRATIVO A - N.B.;; ESTATUTARIO;3.218,65;;3.218,65;279,00;2.939,65;
MIRIAN LUNIERE CABRAL;DIRETORIA ADM. FINANCEIRO;AGENTE ADM.-AGA-T.S.N.A.-G;; ESTATUTARIO;2.629,61;;2.629,61;298,15;2.331,46;
MIRIAN RODRIGUES RIBEIRO SANTIAGO;DIRETORIA TECNICA;FARMAC.BIOQ. -FAB-P.S.N.S.-B;GERENTE; ESTATUTARIO;7.438,74;;7.438,74;1.931,32;5.507,42;
MIRIAN RODRIGUES RIBEIRO SANTIAGO;DIRETORIA TECNICA;FARMAC.BIOQ. -FAB-P.S.N.S.-A;; ESTATUTARIO;11.140,82;;11.140,82;2.730,91;8.409,91;
MIRLENE DANTAS CALDAS;DIRETORIA TECNICA;ASSIST.SOC.ASS-P.S.N.S.-CL.A;; ESTATUTARIO;9.010,37;;9.010,37;2.118,84;6.891,53;
MIRLEY SANDRO SILVA MORAES;DIRETORIA TECNICA;TEC.DE PAT.CLINICA-TPC-P.S.N.M.-A;; ESTATUTARIO;2.773,32;;2.773,32;318,26;2.455,06;
MIRTES VALERIA DE OLIVEIRA MENDES;DIRETORIA TECNICA;ENFERMEIRO-ENF-P.S.N.S.-A;; ESTATUTARIO;6.882,78;;6.882,78;1.481,62;5.401,16;
MOISES ALBERTO ROJAS SOARES;DIRETORIA TECNICA;TEC.DE HEMOTERAP.-THE-P.S.N.M.-B;; ESTATUTARIO;3.031,52;;3.031,52;354,41;2.677,11;
MONICA REGINA HOSANNAH DA S E SILVA;DIRETORIA TECNICA;MEDICO ESPECIALISTA;; ESTATUTARIO;8.757,19;;8.757,19;2.192,70;6.564,49;
MONIQUE BATISTA FERREIRA;DIRETORIA TECNICA;ENFERMEIRO-ENF-P.S.N.S.-A;; ESTATUTARIO;6.882,78;;6.882,78;1.533,76;5.349,02;
MURILO OLIVEIRA MIRANDA JUNIOR;DIRETORIA ADM. FINANCEIRO;ASSIST.ADMIN.-ASA-T.S.N.M.-A;; ESTATUTARIO;1.923,59;;1.923,59;269,30;1.654,29;
MYUKI ALFAIA ESASHIKA CRISPIM;DIRETORIA TECNICA;FARMAC.BIOQ. -FAB-P.S.N.S.-A;DIR. ENSINO E PESQU.; ESTATUTARIO;15.240,82;;15.240,82;3.858,41;11.382,41;
NAAMY KEELY DA SILVA SIMAO;DIRETORIA TECNICA;FISIOTERAPEUTA-FIS-P.S.N.S.-A;; ESTATUTARIO;6.882,78;;6.882,78;1.533,76;5.349,02;
NADJA PINTO GARCIA;DIRETORIA TECNICA;FARMAC.BIOQ. -FAB-P.S.N.S.-A;; ESTATUTARIO;9.010,37;;9.010,37;2.118,84;6.891,53;
NEIDA ALEXANDRA DOS SANTOS MATIAS;DIRETORIA TECNICA;TEC. DE ENFERMAGEM-TEN-P.S.N.M.-A;TEC.ENFERMAGEM; ESTATUTARIO;2.893,14;;2.893,14;346,60;2.546,54;
NEIDE TAVARES;DIRETORIA TECNICA;ENFERMEIRO-ENF-P.S.N.S.-B;; ESTATUTARIO;7.938,74;;7.938,74;1.931,32;6.007,42;
NELSON ABRAHIM FRAIJI;DIRETORIA TECNICA;MEDICO DOUTOR;DIRETOR CLINICO HOSP; ESTATUTARIO;28.621,32;;28.621,32;8.107,93;20.513,39;
NEUCIVANE LOPES FARIAS;DIRETORIA TECNICA;ENFERMEIRO-ENF-P.S.N.S.-A;; ESTATUTARIO;6.882,78;;6.882,78;1.533,76;5.349,02;
NEYLA PANTOJA NUNES DA SILVA;DIRETORIA TECNICA;TEC.DE PAT.CLINICA-TPC-P.S.N.M.-A;; ESTATUTARIO;3.531,09;;3.531,09;378,92;3.152,17;
NILBERTO DIAS DE ARAUJO;DIRETORIA TECNICA;FARMAC.BIOQ. -FAB-P.S.N.S.-A;; ESTATUTARIO;6.882,78;;6.882,78;1.533,76;5.349,02;
NINA ROSA GONCALVES DA SILVA;DIRETORIA TECNICA;TEC.DE HEMOTERAP.-THE-P.S.N.M.-B;; ESTATUTARIO;3.031,52;;3.031,52;374,89;2.656,63;
NIVIA FERREIRA FRANCA;DIRETORIA TECNICA;ASSIST.SOC.ASS-P.S.N.S.-CL.A;; ESTATUTARIO;6.882,78;;6.882,78;1.533,76;5.349,02;
NOEMY NASCIMENTO PRIANTE;DIRETORIA TECNICA;ASSIST.SOC.ASS-P.S.N.S.-CL.B;; ESTATUTARIO;7.835,32;;7.835,32;1.840,25;5.995,07;
ONEIDE FIGUEIREDO RAMIRES;DIRETORIA ADM. FINANCEIRO;AGENTE ADM.-AGA-T.S.N.A.-G;; ESTATUTARIO;2.629,61;;2.629,61;298,15;2.331,46;
OSMARINA FONSECA LIMA;DIRETORIA TECNICA;TEC. DE HEMOTERAP.-THE-P.S.N.M.-D;; ESTATUTARIO;2.848,58;;2.848,58;72,49;2.776,09;
PATRICIA MAROTTO HOMRICH;DIRETORIA TECNICA;FISIOTERAPEUTA-FIS-P.S.N.S.-A;; ESTATUTARIO;6.882,78;;6.882,78;1.533,76;5.349,02;
PATRICIA SANTOS ALENCAR;DIRETORIA ADM. FINANCEIRO;AGENTE ADM.-AGA-T.S.N.A.-E;; ESTATUTARIO;2.292,42;;2.292,42;250,94;2.041,48;
PATRICIA TENORIO DE SOUZA ALMEIDA;DIRETORIA ADM. FINANCEIRO;RECEPCIONISTA-REC-T.S.N.A.-E;; ESTATUTARIO;2.292,42;;2.292,42;250,94;2.041,48;
PAULA D AVILLA CAVALCANTE;DIRETORIA ADM. FINANCEIRO;ADVOGADO-ADV-T.S.N.S.-A;; ESTATUTARIO;5.308,96;;5.308,96;967,65;4.341,31;
PAULA FRANCINETE PEREIRA DE SOUZA;DIRETORIA TECNICA;TEC.DE HEMOTERAP.-THE-P.S.N.M.-A;; ESTATUTARIO;2.773,32;;2.773,32;318,26;2.455,06;
PAULA FRANCINETE PEREIRA DE SOUZA;DIRETORIA TECNICA;TEC.DE HEMOTERAP.-THE-P.S.N.M.-A;; ESTATUTARIO;2.393,14;;2.393,14;346,60;2.046,54;
PAULA REGINA KIMURA QUEIROZ;DIRETORIA TECNICA;AUX.DE ENFERM.-AEF-P.S.N.A.-D;; ESTATUTARIO;2.809,09;;2.809,09;323,27;2.485,82;
PAULO HENRIQUE DE SOUZA SOARES;DIRETORIA ADM. FINANCEIRO;OPER.MAN.E APOIO-OMA-T.S.N.A-A;SUBGERENTE; ESTATUTARIO;5.277,55;;5.277,55;631,69;4.645,86;
PAULO JOSE RIBEIRO DOS SANTOS;DIRETORIA ADM. FINANCEIRO;ASSIST.ADMIN.-ASA-T.S.N.M.-A;; ESTATUTARIO;2.423,59;;2.423,59;269,30;2.154,29;
PAULO RICARDO CASTRO DA SILVA;DIRETORIA ADM. FINANCEIRO;ASSIST.ADMIN.-ASA-T.S.N.M.-A;; ESTATUTARIO;2.423,59;;2.423,59;269,30;2.154,29;
PAULO ROBERTO SANTOS DA SILVA;DIRETORIA ADM. FINANCEIRO;MOTORISTA-MOT-T.S.N.A.-A;; ESTATUTARIO;2.548,65;;2.548,65;286,81;2.261,84;
PEDRO BERNARDES SOUSA;DIRETORIA ADM. FINANCEIRO;OPER.MAN.E APOIO-OMA-T.S.N.A-A;; ESTATUTARIO;2.277,55;;2.277,55;248,86;2.028,69;
PEDRO DA SILVA MELO;DIRETORIA TECNICA;TEC.DE HEMOTERAP.-THE-P.S.N.M.-A;TEC HEMOTERAPIA; ESTATUTARIO;2.831,91;;2.831,91;326,47;2.505,44;
PRISCILA BELO RIBEIRO;DIRETORIA ADM. FINANCEIRO;AGENTE ADM.-AGA-T.S.N.A.-E;; ESTATUTARIO;2.342,06;;2.342,06;257,89;2.084,17;
QUEREN ANDRESSA TEIXEIRA DA SILVA;DIRETORIA ADM. FINANCEIRO;AGENTE ADM.-AGA-T.S.N.A.-E;; ESTATUTARIO;2.292,42;;2.292,42;250,94;2.041,48;
RAICA GRACIELE DE SOUSA CARDOSO;DIRETORIA TECNICA;ENFERMEIRO-ENF-P.S.N.S.-A;; ESTATUTARIO;6.882,78;;6.882,78;1.533,76;5.349,02;
RAIMUNDA LELIS DE OLIVEIRA;DIRETORIA TECNICA;TEC. DE HEMOTERAP.-THE-P.S.N.M.-C;; ESTATUTARIO;3.172,69;;3.172,69;403,77;2.768,92;
RAIMUNDO LUIZ MASCARENHAS GARCIA;DIRETORIA TECNICA;TEC.DE PAT.CLINICA-TPC-P.S.N.M.-A;; ESTATUTARIO;2.773,32;;2.773,32;318,26;2.455,06;
RAIMUNDO NONATO ALMEIDA DA SILVA;DIRETORIA TECNICA;TEC.DE PAT.CLINICA-TPC-P.S.N.M.-A;TEC.PAT.CLINICA; ESTATUTARIO;2.773,32;;2.773,32;318,26;2.455,06;
RAIMUNDO NONATO DIOGO CARDOSO;DIRETORIA ADM. FINANCEIRO;OPER.MAN.E APOIO-OMA-T.S.N.A-A;; ESTATUTARIO;2.277,55;;2.277,55;248,86;2.028,69;
RALF NASCIMENTO MATOS;DIRETORIA TECNICA;TEC.DE HEMOTERAP.-THE-P.S.N.M.-A;; ESTATUTARIO;3.531,09;;3.531,09;378,92;3.152,17;
RAYMUNDO SANDOVAL F AMAZONAS;DIRETORIA TECNICA;MEDICO GRADUADO;; ESTATUTARIO;7.669,71;;7.669,71;1.794,54;5.875,17;
RECHFY KASEM ABOU ALI;DIRETORIA TECNICA;TEC.DE HEMOTERAP.-THE-P.S.N.M.-A;; ESTATUTARIO;2.773,32;;2.773,32;318,26;2.455,06;
REGIA MARIA DE OLIVEIRA COELHO;DIRETORIA TECNICA;AUX.DE ENFERM.-AEF-P.S.N.A.-B;; ESTATUTARIO;2.649,29;;2.649,29;300,90;2.348,39;
REGINA NEVES NORMANDO;DIRETORIA TECNICA;TEC.DE PAT.CLINICA-TPC-P.S.N.M.-C;; ESTATUTARIO;3.172,69;;3.172,69;403,77;2.768,92;
REGINALDO FERREIRA DOS REIS;DIRETORIA ADM. FINANCEIRO;MOTORISTA-MOT-T.S.N.A.-A;; ESTATUTARIO;2.548,65;;2.548,65;286,81;2.261,84;
REGINALDO GOMES PEREIRA;DIRETORIA ADM. FINANCEIRO;ASSIST.ADMIN.-ASA-T.S.N.M.-A;; ESTATUTARIO;3.064,79;;3.064,79;298,66;2.766,13;
REJANE NINA MARTINS;DIRETORIA TECNICA;MEDICO ESPECIALISTA;; ESTATUTARIO;8.757,19;;8.757,19;2.192,70;6.564,49;
RENATA DE ALMEIDA LEMOS AGUIAR;DIRETORIA TECNICA;MEDICO ESPECIALISTA;; ESTATUTARIO;8.757,19;;8.757,19;2.192,70;6.564,49;
RENATA FEITOSA DE OLIVEIRA;DIRETORIA TECNICA;FARMACEUTICO-FAR-P.S.N.S.-A;; ESTATUTARIO;6.882,78;;6.882,78;1.533,76;5.349,02;
RENATO GIROTTO NOREMBERG;DIRETORIA ADM. FINANCEIRO;MOTORISTA-MOT-T.S.N.A.-A;; ESTATUTARIO;2.548,65;;2.548,65;286,81;2.261,84;
RENATO MARQUES LESSA;DIRETORIA ADM. FINANCEIRO;ANALISTA DE SIST.- ANS-T.S.N.S.-A;CHEFE DE DEPARTAMENT; ESTATUTARIO;10.308,96;;10.308,96;2.316,21;7.992,75;
RICARDO DE OLIVEIRA;DIRETORIA ADM. FINANCEIRO;MOTORISTA-MOT-T.S.N.A.-A;; ESTATUTARIO;2.548,65;;2.548,65;286,81;2.261,84;
RIVANA ARAUJO DE PINHO ARANTES;DIRETORIA TECNICA;TEC. DE ENFERMAGEM-TEN-P.S.N.M.-A;TEC.ENFERMAGEM; ESTATUTARIO;2.773,32;;2.773,32;318,26;2.455,06;
ROANA CRISTINA SERRAO BATISTA;DIRETORIA ADM. FINANCEIRO;ASSIST.ADMIN.-ASA-T.S.N.M.-A;; ESTATUTARIO;2.423,59;;2.423,59;269,30;2.154,29;
ROBSON ROMEU CARVALHO DE SOUZA;DIRETORIA TECNICA;TEC.DE HEMOTERAP.-THE-P.S.N.M.-A;; ESTATUTARIO;2.773,32;;2.773,32;318,26;2.455,06;
ROCILENE DE FREITAS ALBUQUERQUE;DIRETORIA TECNICA;TEC.DE PAT.CLINICA-TPC-P.S.N.M.-A;; ESTATUTARIO;2.773,32;;2.773,32;318,26;2.455,06;
RODRIGO DE SOUZA LEITAO;DIRETORIA TECNICA;MEDICO MESTRE;DIRETOR TECNICO HEMO; ESTATUTARIO;14.118,03;;14.118,03;3.855,77;10.262,26;
RODRIGO DE SOUZA LEITAO;DIRETORIA TECNICA;MEDICO ESPECIALISTA;; ESTATUTARIO;8.257,19;;8.257,19;2.192,70;6.064,49;
ROSANA BENTES BARBOSA VASCONCELOS;DIRETORIA TECNICA;TEC.DE HEMOTERAP.-THE-P.S.N.M.-A;; ESTATUTARIO;2.773,32;;2.773,32;318,26;2.455,06;
ROSANE FRANCISCA CRUZ LOPES;DIRETORIA ADM. FINANCEIRO;AGENTE ADM.-AGA-T.S.N.A.-H;; ESTATUTARIO;3.050,07;;3.050,07;326,32;2.723,75;
ROSANGELA DE CASTRO SILVA;DIRETORIA TECNICA;GERENTE;; CARGO COMISSION.S/VINCULO;4.593,27;;4.593,27;666,54;3.926,73;
ROSANGELA SANTOS DE ABREU;DIRETORIA TECNICA;MEDICO ESPECIALISTA;CHEFE DE DEPARTAMENT; ESTATUTARIO;22.398,32;;22.398,32;6.055,46;16.342,86;
ROSANNE MELO DA ROCHA;DIRETORIA TECNICA;ENFERMEIRO-ENF-P.S.N.S.-A;; ESTATUTARIO;8.108,22;;8.108,22;1.962,25;6.145,97;
ROSEMARY RIBEIRO MATTA DE CASTRO;DIRETORIA TECNICA;TEC.DE HEMOTERAP.-THE-P.S.N.M.-A;TEC HEMOTER; ESTATUTARIO;2.893,14;;2.893,14;346,60;2.546,54;
ROSILANE MIRANDA DA SILVA MARCHIOLI;DIRETORIA TECNICA;TEC. DE ENFERMAGEM-TEN-P.S.N.M.-A;; ESTATUTARIO;2.773,32;;2.773,32;318,26;2.455,06;
ROSILENE MARINHO DE SOUZA;DIRETORIA TECNICA;TEC.DE PAT.CLINICA-TPC-P.S.N.M.-A;SUBGERENTE-AD3; ESTATUTARIO;2.773,32;;2.773,32;318,26;2.455,06;
ROSILENE SANTOS DO VALE;DIRETORIA TECNICA;TEC. DE ENFERMAGEM-TEN-P.S.N.M.-A;; ESTATUTARIO;2.812,12;;2.812,12;318,26;2.493,86;
ROZILENE DIAS NORONHA;DIRETORIA TECNICA;TEC.DE HEMOTERAP.-THE-P.S.N.M.-A;; ESTATUTARIO;2.773,32;;2.773,32;318,26;2.455,06;
RUBENITA DA SILVA COSTA;DIRETORIA ADM. FINANCEIRO;GERENTE;NAO INFORMADO; CARGO COMISSION.S/VINCULO;4.593,27;;4.593,27;666,54;3.926,73;
RUTH HELENA PERDIZ WATANABE;DIRETORIA TECNICA;MEDICO ESPECIALISTA;; ESTATUTARIO;12.606,01;;12.606,01;3.332,69;9.273,32;
SAMANTHA MEDINA DE OLIVEIRA SILVA;DIRETORIA TECNICA;MEDICO GRADUADO;; ESTATUTARIO;7.669,71;;7.669,71;1.794,54;5.875,17;
SANDRA DA COSTA PERES;DIRETORIA TECNICA;GERENTE;NAO INFORMADO; CARGO COMISSION.S/VINCULO;4.593,27;;4.593,27;666,54;3.926,73;
SANDRA MARIA BATISTA FEITOZA;DIRETORIA TECNICA;TEC.DE HEMOTERAP.-THE-P.S.N.M.-A;; ESTATUTARIO;2.773,32;;2.773,32;318,26;2.455,06;
SANDRA MARIA DE ALMEIDA ASSIS;DIRETORIA TECNICA;TEC. DE HEMOTERAP.-THE-P.S.N.M.-D;; ESTATUTARIO;2.627,99;;2.627,99;394,63;2.233,36;
SARAH ABRAHIM MIRANDA;DIRETORIA TECNICA;MEDICO ESPECIALISTA;; ESTATUTARIO;8.757,19;;8.757,19;2.192,70;6.564,49;
SEBASTIANA ASSEF DA SILVA;DIRETORIA TECNICA;TEC.DE PAT.CLINICA-TPC-P.S.N.M.-A;; ESTATUTARIO;2.773,32;;2.773,32;318,26;2.455,06;
SEBASTIAO LUIS QUEIROZ RIBEIRO;DIRETORIA ADM. FINANCEIRO;MOTORISTA-MOT-T.S.N.A.-C;; ESTATUTARIO;2.947,34;;2.947,34;357,68;2.589,66;
SERGIO ROBERTO LOPES ALBUQUERQUE;DIRETORIA TECNICA;FARMAC.BIOQ. -FAB-P.S.N.S.-C;SUBGERENTE AD-3; ESTATUTARIO;7.867,52;;7.867,52;2.092,76;5.774,76;
SERGIO ROBERTO LOPES ALBUQUERQUE;DIRETORIA TECNICA;FARMAC.BIOQ. -FAB-P.S.N.S.-A;FARM BIOQUIMICO; ESTATUTARIO;7.651,78;;7.651,78;1.823,29;5.828,49;
SHEILA MARIA SAMPAIO DA SILVA;DIRETORIA TECNICA;TEC.DE PAT.CLINICA-TPC-P.S.N.M.-A;; ESTATUTARIO;2.773,32;;2.773,32;318,26;2.455,06;
SHELSA LIDICE LIMA DE ARAUJO;DIRETORIA TECNICA;TECNICO DE ENFERMAGEM A;; SERVICO TEMPORARIO;2.548,03;;2.548,03;214,76;2.333,27;
SIDNEY DA COSTA TINOCO;DIRETORIA ADM. FINANCEIRO;AGENTE ADM.-AGA-T.S.N.A.-E;AGENTE ADMINISTRAT.; ESTATUTARIO;2.342,06;;2.342,06;257,89;2.084,17;
SILENE MARTINS LIMA;DIRETORIA TECNICA;TEC. DE HEMOTERAP.-THE-P.S.N.M.-D;; ESTATUTARIO;3.637,44;;3.637,44;448,91;3.188,53;
SILVANA MORAES DA SILVA;DIRETORIA TECNICA;TEC.DE HEMOTERAP.-THE-P.S.N.M.-A;TEC.DE HEMOTERAPIA; ESTATUTARIO;2.913,00;;2.913,00;332,57;2.580,43;
SIRLEIDE SILVA DE SOUZA;DIRETORIA ADM. FINANCEIRO;RECEPCIONISTA-REC-T.S.N.A.-E;; ESTATUTARIO;2.292,42;;2.292,42;250,94;2.041,48;
SOCORRO ALMEIDA DOS SANTOS;DIRETORIA TECNICA;TEC. DE HEMOTERAP.-THE-P.S.N.M.-D;GERENTE; ESTATUTARIO;9.423,05;;9.423,05;1.805,61;7.617,44;
SOLANGE LUNIERES CABRAL;DIRETORIA ADM. FINANCEIRO;AGENTE ADM.-AGA-T.S.N.A.-G;; ESTATUTARIO;3.637,63;;3.637,63;369,27;3.268,36;
SOLANGE SALES ALBUQUERQUE DE BARROS;DIRETORIA TECNICA;ENFERMEIRO-ENF-P.S.N.S.-A;; ESTATUTARIO;7.286,30;;7.286,30;1.644,73;5.641,57;
SONIA CORDEIRO CAMPELLO;DIRETORIA TECNICA;TEC. DE HEMOTERAP.-THE-P.S.N.M.-C;; ESTATUTARIO;2.588,92;;2.588,92;386,64;2.202,28;
SONIA REJANE DE SENNA FRANTZ;DIRETORIA TECNICA;ENFERMEIRO-ENF-P.S.N.S.-A;; ESTATUTARIO;9.010,37;;9.010,37;2.118,84;6.891,53;
SORAIA DA COSTA SOUZA;DIRETORIA TECNICA;TEC. DE ENFERMAGEM-TEN-P.S.N.M.-A;TEC. DE ENFERMAGEM; ESTATUTARIO;2.831,91;;2.831,91;326,47;2.505,44;
STEPHANIE ILZA DE OLIVEIRA FEITOZA;DIRETORIA ADM. FINANCEIRO;RECEPCIONISTA-REC-T.S.N.A.-E;; ESTATUTARIO;2.292,42;;2.292,42;250,94;2.041,48;
SUANE REGINA BALBINO FERREIRA;DIRETORIA ADM. FINANCEIRO;AGENTE ADM.-AGA-T.S.N.A.-G;; ESTATUTARIO;2.129,61;;2.129,61;298,15;1.831,46;
SUENIA MENDONCA DE ARAUJO;DIRETORIA TECNICA;MEDICO ESPECIALISTA;GERENTE; ESTATUTARIO;17.939,35;;17.939,35;4.799,36;13.139,99;
SUZETE CAMURCA NOBRE;DIRETORIA ADM. FINANCEIRO;SOCIOLOGO-SOC-T.S.N.S.-A;SUBGERENTE; ESTATUTARIO;8.308,96;;8.308,96;1.766,21;6.542,75;
SUZIE ELAINE HELCIAS PINHEIRO GOMES;DIRETORIA TECNICA;TEC.DE HEMOTERAP.-THE-P.S.N.M.-A;; ESTATUTARIO;2.982,84;;2.982,84;337,80;2.645,04;
TALYTA MAIARA OLIVEIRA DE SOUZA;DIRETORIA ADM. FINANCEIRO;GERENTE;NAO INFORMADO; CARGO COMISSION.S/VINCULO;4.593,27;;4.593,27;666,54;3.926,73;
TATIANA DE FREITAS LOPES;DIRETORIA TECNICA;ASSESSOR I;ASSESSOR I AD-1; CARGO COMISSION.S/VINCULO;5.600,30;;5.600,30;992,10;4.608,20;
TATIANA DE MELO LIMA;DIRETORIA TECNICA;TEC.DE PAT.CLINICA-TPC-P.S.N.M.-A;; ESTATUTARIO;2.773,32;;2.773,32;318,26;2.455,06;
TATIANA MENEZES DE SOUZA;DIRETORIA TECNICA;TEC. DE ENFERMAGEM-TEN-P.S.N.M.-A;; ESTATUTARIO;2.897,48;;2.897,48;331,40;2.566,08;
TATIANE AMABILE DE LIMA;DIRETORIA TECNICA;FARMAC.BIOQ. -FAB-P.S.N.S.-A;GERENTE; ESTATUTARIO;10.882,78;;10.882,78;2.633,76;8.249,02;
TATIANY DE VASCONCELOS CUNHA;DIRETORIA TECNICA;TEC. DE ENFERMAGEM-TEN-P.S.N.M.-A;; ESTATUTARIO;2.773,32;;2.773,32;318,26;2.455,06;
TAYCIARA MAIA COSTA;DIRETORIA TECNICA;ENFERMEIRO-ENF-P.S.N.S.-A;GERENTE; ESTATUTARIO;10.382,78;;10.382,78;2.633,76;7.749,02;
TEREZA JACQUELINE COSTA CORTEZ;DIRETORIA TECNICA;TEC. DE HEMOTERAP.-THE-P.S.N.M.-C;; ESTATUTARIO;3.050,48;;3.050,48;378,78;2.671,70;
THAIS DITOLVO DA COSTA SALINA;DIRETORIA TECNICA;MEDICO ESPECIALISTA;; ESTATUTARIO;8.757,19;;8.757,19;2.192,70;6.564,49;
THAIS LORENA NUNES DA CUNHA;DIRETORIA ADM. FINANCEIRO;ADVOGADO-ADV-T.S.N.S.-A;; ESTATUTARIO;5.308,96;;5.308,96;967,65;4.341,31;
THAISA MACEDO NASCIMENTO;DIRETORIA ADM. FINANCEIRO;BIBLIOTECARIO-BIB-T.S.N.S.-A;; ESTATUTARIO;5.308,96;;5.308,96;967,65;4.341,31;
THEOMARIO THEOTONIO AZEVEDO DA CRUZ;DIRETORIA TECNICA;TEC.DE HEMOTERAP.-THE-P.S.N.M.-A;SUBGERENTE; ESTATUTARIO;7.531,09;;7.531,09;1.294,93;6.236,16;
TOMOMI IWAMOTO;DIRETORIA TECNICA;FISIOTERAPEUTA-FIS-P.S.N.S.-A;; ESTATUTARIO;6.882,78;;6.882,78;1.533,76;5.349,02;
VAMILZA DE FONTES OLIVEIRA CORDEIRO;DIRETORIA ADM. FINANCEIRO;TECNICO-TEC-T.S.N.S.-A;; ESTATUTARIO;5.308,96;;5.308,96;967,65;4.341,31;
VANDA SANTANA QUEIROZ DINI;DIRETORIA TECNICA;FARMAC.BIOQ. -FAB-P.S.N.S.-A;; ESTATUTARIO;6.882,78;;6.882,78;1.533,76;5.349,02;
VANDER SILVA SOUZA;DIRETORIA TECNICA;TEC.DE PAT.CLINICA-TPC-P.S.N.M.-A;TEC.DE PATOL.CLINICA; ESTATUTARIO;2.773,32;;2.773,32;318,26;2.455,06;
VANDERLITA ALVES CIRINO;DIRETORIA TECNICA;FARMAC.BIOQ. -FAB-P.S.N.S.-A;FARMAC.BIOQUIMICA; ESTATUTARIO;9.790,89;;9.790,89;2.392,90;7.397,99;
VANIA DE FREITAS MORAES FURTADO;DIRETORIA TECNICA;TEC.DE HEMOTERAP.-THE-P.S.N.M.-A;; ESTATUTARIO;2.978,74;;2.978,74;353,02;2.625,72;
VERA LUCIA CALDERARO CABRAL;DIRETORIA ADM. FINANCEIRO;AGENTE ADM.-AGA-T.S.N.A.-H;ASSESSOR IV; ESTATUTARIO;2.946,02;;2.946,02;318,51;2.627,51;
VERA LUCIA NOVELLETO;DIRETORIA TECNICA;NUTRICIONISTA-NUT-P.S.N.S.-A;; ESTATUTARIO;6.882,78;;6.882,78;1.533,76;5.349,02;
VIVIANA MARIA ARAUJO DE OLIVEIRA;DIRETORIA TECNICA;FARMAC.BIOQ. -FAB-P.S.N.S.-A;GERENTE; ESTATUTARIO;11.494,83;;11.494,83;2.864,20;8.630,63;
VIVIANE RODRIGUES DUTRA;DIRETORIA TECNICA;AUXILIAR DE ENFERMAGEM A;; ESTATUTARIO;2.430,57;;2.430,57;270,28;2.160,29;
WALESKA EMANUELLE PIRES AIKAWA;DIRETORIA TECNICA;ENFERMEIRO-ENF-P.S.N.S.-A;; ESTATUTARIO;6.882,78;;6.882,78;1.533,76;5.349,02;
WALLY VICTORIA FABIENNE K A SPOSINA;DIRETORIA TECNICA;FARMAC.BIOQ. -FAB-P.S.N.S.-A;FARMACEUTICA BIOQ.; ESTATUTARIO;7.719,21;;7.719,21;1.848,67;5.870,54;
WALMIZA SALGADO DA FONSECA;DIRETORIA TECNICA;TEC. DE ENFERMAGEM-TEN-P.S.N.M.-A;; ESTATUTARIO;2.831,91;;2.831,91;326,47;2.505,44;
WALMIZE LEITE DE SOUSA;DIRETORIA TECNICA;TEC. DE ENFERMAGEM-TEN-P.S.N.M.-A;TEC. DE ENFERMAGEM; ESTATUTARIO;2.850,92;;2.850,92;307,24;2.543,68;
WANDERLAN KUITZINGER LIMA;DIRETORIA ADM. FINANCEIRO;AGENTE ADM.-AGA-T.S.N.A.-G;; ESTATUTARIO;2.613,73;;2.613,73;295,92;2.317,81;
WANDERLEIA RIBEIRO DOS SANTOS;DIRETORIA TECNICA;ASSIST.SOC.ASS-P.S.N.S.-CL.A;; ESTATUTARIO;6.968,17;;6.968,17;1.754,15;5.214,02;
WANDERLEIA RIBEIRO DOS SANTOS;DIRETORIA ADM. FINANCEIRO;ASSIST.SOC.ASS-P.S.N.S.-CL.A;; ESTATUTARIO;6.882,78;;6.882,78;1.533,76;5.349,02;
WANJA SOCORRO DE SOUSA DIAS LEAL;DIRETORIA TECNICA;ASSIST.SOC.ASS-P.S.N.S.-CL.A;; ESTATUTARIO;6.882,78;;6.882,78;1.533,76;5.349,02;
WELLINGTON DE SOUZA PEREIRA;DIRETORIA TECNICA;TEC.DE HEMOTERAP.-THE-P.S.N.M.-A;; ESTATUTARIO;2.773,32;;2.773,32;318,26;2.455,06;
WILDEMI DA SILVA SERRA;DIRETORIA ADM. FINANCEIRO;MOTORISTA-MOT-T.S.N.A.-A;; ESTATUTARIO;2.548,65;;2.548,65;286,81;2.261,84;
WILLIAM BREMGARTNER BELLEZA;DIRETORIA ADM. FINANCEIRO;BACHAREL EM COMP.-BQO-T.S.N.S.-A;; ESTATUTARIO;5.308,96;;5.308,96;967,65;4.341,31;
WILSON COSTA DE SOUSA;DIRETORIA TECNICA;TEC.DE HEMOTERAP.-THE-P.S.N.M.-B;; ESTATUTARIO;3.179,73;;3.179,73;369,36;2.810,37;
WILSON ROQUE DA SILVA;DIRETORIA ADM. FINANCEIRO;ARTIFICE A;; ESTATUTARIO;2.277,55;;2.277,55;248,86;2.028,69;
Yuri Nicolau Bandeira;DIRETORIA ADM. FINANCEIRO;ASSIST.ADMIN.-ASA-T.S.N.M.-A;; ESTATUTARIO;3.064,79;;3.064,79;298,66;2.766,13;
ZULEIDE MARTINS DE MELO;DIRETORIA ADM. FINANCEIRO;AUX.DE SERV.GER.-ASG-T.S.N.A.-B;; ESTATUTARIO;2.753,50;;2.753,50;276,75;2.476,75;
