NOME;LOTACAO;CARGO;FUNCAO;VINCULO;REMUNERACAO LEGAL TOTAL(R$);DESC.TETO(R$); REMUNERACAO LEGAL DEVIDA(R$);DESCONTOS LEGAIS(R$);LIQUIDO DISPONIVEL(R$);
ADRIANO LUIZ ARAUJO CARDOSO;PRESIDENCIA;A.TEC-III;CHEFE DE DEPTO. AD-1; ESTATUTARIO;6015,58;;6015,58;981,90;5033,68;
ALICIA DAIANA OLIVEIRA BENTES;PRESIDENCIA;GERENTE;NAO INFORMADO; CARGO COMISSION.S/VINCULO;4209,79;;4209,79;640,87;3568,92;
ANA CLAUDIA SANTANA DA COSTA;PRESIDENCIA;GERENTE;NAO INFORMADO; CARGO COMISSION.S/VINCULO;4209,79;;4209,79;640,87;3568,92;
EDENILSON ALVES DE SOUZA;PRESIDENCIA;MOT-III;; ESTATUTARIO;3957,04;;3957,04;425,84;3531,20;
EDIRLEY DE SOUZA SALES;PRESIDENCIA;ASSESSOR III;NAO INFORMADO; CARGO COMISSION.S/VINCULO;3191,80;;3191,80;372,18;2819,62;
FELIPE MATTOS DE ARAUJO LIMA;PRESIDENCIA;GERENTE;GERENTE AD2; CARGO COMISSION.S/VINCULO;4209,79;;4209,79;640,87;3568,92;
FRANCIENE PESSOA DE ALMEIDA;PRESIDENCIA;GERENTE;NAO INFORMADO; CARGO COMISSION.S/VINCULO;4209,79;;4209,79;640,87;3568,92;
FRANCISCO BERNARDINO DOS SANTOS;PRESIDENCIA;VIGIA;VIGIA; ESTATUTARIO;2496,02;;2496,02;228,25;2267,77;
GUSTAVO AMORIM CORREA;PRESIDENCIA;PROCURADOR CHEFE;NAO INFORMADO; CARGO COMISSION.S/VINCULO;5229,77;;5229,77;981,03;4248,74;
JAILDO JACKSON DO AMARAL MOREIRA;PRESIDENCIA;GERENTE;NAO INFORMADO; CARGO COMISSION.S/VINCULO;4209,79;;4209,79;640,87;3568,92;
JAQUELINE LUIZA SEBBEN;PRESIDENCIA;GERENTE;NAO INFORMADO; CARGO COMISSION.S/VINCULO;4209,79;;4209,79;640,87;3568,92;
JESSIKA JAQUELINE DE AQUINO BEZERRA;PRESIDENCIA;GERENTE;NAO INFORMADO; CARGO COMISSION.S/VINCULO;4209,79;;4209,79;640,87;3568,92;
JEU LINHARES BENTES;PRESIDENCIA;ASSISTENTE TECNICO 3A CLASSE;; ESTATUTARIO;4183,65;;4183,65;573,24;3610,41;
JORDAN ALBUQUERQUE SIMONETTI MELO;PRESIDENCIA;GERENTE;NAO INFORMADO; CARGO COMISSION.S/VINCULO;4209,79;;4209,79;640,87;3568,92;
JOSE ITAMAR DE SOUTO;PRESIDENCIA;DIRETOR TECNICO;NAO INFORMADO; CARGO COMISSION.S/VINCULO;9000,00;;9000,00;2206,22;6793,78;
LUIZ EDUARDO SILVA DE SOUZA;PRESIDENCIA;GERENTE;NAO INFORMADO; CARGO COMISSION.S/VINCULO;4209,79;;4209,79;640,87;3568,92;
LUIZ GRACIO FONSECA;PRESIDENCIA;A.TEC-III;; ESTATUTARIO;3837,78;;3837,78;514,86;3322,92;
LUIZA PINHEIRO RODRIGUES;PRESIDENCIA;ASSESSOR III;NAO INFORMADO; CARGO COMISSION.S/VINCULO;3191,80;;3191,80;372,18;2819,62;
MANOEL DE OLIVEIRA CORREA;PRESIDENCIA;AUX.S.G-III;; ESTATUTARIO;2371,24;;2371,24;232,32;2138,92;
MARCIA INES PESSOA RODRIGUES;PRESIDENCIA;GERENTE;NAO INFORMADO; CARGO COMISSION.S/VINCULO;4209,79;;4209,79;640,87;3568,92;
MARCIO ANDRE OLIVEIRA BRITO;PRESIDENCIA;DIRETOR PRESIDENTE;NAO INFORMADO; CARGO COMISSION.S/VINCULO;11700,00;;11700,00;2948,72;8751,28;
MARCO ANTONIO BATISTA;PRESIDENCIA;A.TEC-III;; ESTATUTARIO;3845,86;;3845,86;517,03;3328,83;
MARIA AMANDA SOUSA ANCHIETA;PRESIDENCIA;GERENTE;GERENTE; CARGO COMISSION.S/VINCULO;4209,79;;4209,79;609,94;3599,85;
MARIA AUXILIADORA FIGUEIREDO SILVA;PRESIDENCIA;AUX.S.G-III;; ESTATUTARIO;3669,24;;3669,24;376,87;3292,37;
MARIA LINDINALVA DE FRANCA PEREIRA;PRESIDENCIA;ASSESSOR I;NAO INFORMADO; CARGO COMISSION.S/VINCULO;5229,77;;5229,77;981,03;4248,74;
MYSIA OLIVEIRA DE PAULA;PRESIDENCIA;TNS-III;CH PROC JURIDICA; ESTATUTARIO;5026,58;;5026,58;891,46;4135,12;
OSWALDO WANDERLEY DA SILVA NETO;PRESIDENCIA;TNS-III;OUVIDOR AD-1; ESTATUTARIO;11454,11;;11454,11;2924,20;8529,91;
RAIMUNDO DE AMORIM F S FILHO;PRESIDENCIA;CHEFE DE PROCURADORIA JURIDICA;NAO INFORMADO; CARGO COMISSION.S/VINCULO;5229,77;;5229,77;981,03;4248,74;
RAIMUNDO NONATO SOUTELO DA SILVA;PRESIDENCIA;VIGIA-III;; ESTATUTARIO;2388,04;;2388,04;213,27;2174,77;
RENATO MARINHO BEZERRA JUNIOR;PRESIDENCIA;DIRETOR ADMINISTRATIVO E FINANCEIRO;; CARGO COMISSION.S/VINCULO;9000,00;;9000,00;2206,22;6793,78;
SELMA CARVALHO ZANIRATO MAIA;PRESIDENCIA;CHEFE DE GABINETE;CHEFE DE GAB.AD-1; CARGO COMISSION.S/VINCULO;5229,77;;5229,77;981,03;4248,74;
SILVESTRE CABRAL ABRANTES;PRESIDENCIA;AUX.S.G-III;AUXILIAR SERV GERAIS; ESTATUTARIO;2395,52;;2395,52;237,28;2158,24;
WANESSA PEREIRA SETTE;PRESIDENCIA;CHEFE DE DEPARTAMENTO;NAO INFORMADO; CARGO COMISSION.S/VINCULO;5229,77;;5229,77;981,03;4248,74;
