NOME;LOTACAO;CARGO;FUNCAO;VINCULO;REMUNERACAO LEGAL TOTAL(R$);DESC.TETO(R$); REMUNERACAO LEGAL DEVIDA(R$);DESCONTOS LEGAIS(R$);LIQUIDO DISPONIVEL(R$);
ÁTRIO CHAGAS DE SOUZA;CARAUARI;ASSESSOR II;NAO INFORMADO; CARGO COMISSION.S/VINCULO;4209,79;;4209,79;640,87;3568,92;
ADALBERTO RODRIGUES LIRA GOMES;AUTAZES;ENG-III;; ESTATUTARIO;8558,58;;8558,58;2271,74;6286,84;
ADEMIR CAPRA;MANACAPURU;MOTORISTA;; ESTATUTARIO;3726,81;;3726,81;588,21;3138,60;
ADEMIR VIANA BENTES;MAUES;TECNICO EM AGROPECUARIA;; ESTATUTARIO;5709,15;;5709,15;1128,31;4580,84;
ADERALDO CRAVEIRO MACIEL;VILA RICA DE CAVIANA;MOTORISTA;; ESTATUTARIO;3782,79;;3782,79;459,59;3323,20;
ADEVALDO ANTONIO CAMPINAS SANTOS;ALVARAES;TECNICO EM AGROPECUARIA;; ESTATUTARIO;5517,15;;5517,15;1057,75;4459,40;
ADOMILTON MONTEFUSCO LIMA;NOVO AIRAO;TECNICO EM AGROPECUARIA;; ESTATUTARIO;5709,15;;5709,15;1177,25;4531,90;
ADRIANA ALVES MACHADO GRACA;BORBA;TECNICO EM AGROPECUARIA;; ESTATUTARIO;5709,15;;5709,15;1085,65;4623,50;
ADRIANE DE MELO FORO;DEPATO.DE ASSIST.TEC.EXT.RURAL;ENG-III;; ESTATUTARIO;7758,58;;7758,58;2051,74;5706,84;
ADRIANILSON GOES DE SOUZA;PARINTINS;ENGENHEIRO AGRONOMO;; ESTATUTARIO;10655,93;;10655,93;3039,18;7616,75;
ADRIANO CUNHA TRIGUEIRO;DEPTO.DE OPERACOES TECNICAS;ASSESSOR I;; CARGO COMISSION.S/VINCULO;5229,77;;5229,77;981,03;4248,74;
AFRANIO CONCEICAO DA SILVA;BARREIRINHA;TECNICO EM AGROPECUARIA;; ESTATUTARIO;5709,15;;5709,15;1229,38;4479,77;
AGLEI DUQUES MACIEL;DEPTO.DE OPERACOES TECNICAS;T.AG-III;; ESTATUTARIO;5431,54;;5431,54;1060,26;4371,28;
AGOSTINHO TAVARES CAMPOS;PRESIDENTE FIGUEIREDO;GERENTE;NAO INFORMADO; CARGO COMISSION.S/VINCULO;4209,79;;4209,79;640,87;3568,92;
AGUINALDO RODRIGUES DA SILVA FILHO;BORBA;GERENTE;NAO INFORMADO; CARGO COMISSION.S/VINCULO;4209,79;;4209,79;609,94;3599,85;
ALANE LEMOS FERNANDES;ENVIRA;T.AG-III;; ESTATUTARIO;5155,15;;5155,15;1028,86;4126,29;
ALBERTO ALVES EDWARDS;CODAJAS;TECNICO EM AGROPECUARIA;; ESTATUTARIO;6341,14;;6341,14;1375,70;4965,44;
ALBERTO ELIFIO DANTAS PACHECO;MARAA;T.AG-III;; ESTATUTARIO;5155,15;;5155,15;1028,86;4126,29;
ALCINEY FLORENCO BARROSO;DEPTO.ADMINISTRATIVO;ASSESSOR III;NAO INFORMADO; CARGO COMISSION.S/VINCULO;3191,80;;3191,80;372,18;2819,62;
ALDAIR SILVA OLIVEIRA;PRESIDENTE FIGUEIREDO;TECNICO EM AGROPECUARIA;; ESTATUTARIO;5415,44;;5415,44;1118,80;4296,64;
ALDENIR SILVA DE ARAUJO;MANACAPURU;ASSISTENTE TECNICO;; ESTATUTARIO;5376,88;;5376,88;1039,42;4337,46;
ALDIZIO DE SOUZA LIMEIRA;HUMAITA;MOTORISTA;; ESTATUTARIO;3734,90;;3734,90;486,21;3248,69;
ALECIO CARLOS SCHROEDER;VILA EXTREMA - LABREA;T.AG-III;; ESTATUTARIO;5155,15;;5155,15;1028,86;4126,29;
ALFREDO DA SILVA PINHEIRO;DEPATO.DE ASSIST.TEC.EXT.RURAL;ENGENHEIRO AGRONOMO;; ESTATUTARIO;10709,23;;10709,23;2967,80;7741,43;
ALINE NEVES PERES;TABATINGA;A.SOC-III;; ESTATUTARIO;7450,20;;7450,20;1854,44;5595,76;
ALLANA FEITOZA DA SILVA;CODAJAS;T.AG-III;; ESTATUTARIO;6873,53;;6873,53;1493,36;5380,17;
AMANDA BONIFACIO MACIEL;NOVO ARIPUANA;ENG-III;; ESTATUTARIO;8558,58;;8558,58;2271,74;6286,84;
AMARILDO GAMA OLIVEIRA;MANACAPURU;GERENTE;NAO INFORMADO; CARGO COMISSION.S/VINCULO;4209,79;;4209,79;640,87;3568,92;
AMOM RODRIGUES DE MELO NASCIMENTO;RIO PRETO DA EVA;ENG-III;; ESTATUTARIO;7758,58;;7758,58;991,39;6767,19;
ANA CECILIA NINA LOBATO;DEPATO.DE ASSIST.TEC.EXT.RURAL;ENG-III;; ESTATUTARIO;7758,58;;7758,58;2051,74;5706,84;
ANA CLAUDIA GOMES MULLER BRAGA;DEPATO.DE ASSIST.TEC.EXT.RURAL;TNS-III;; ESTATUTARIO;6650,20;;6650,20;1634,44;5015,76;
ANA KAROLINE FERNANDES BARBOSA;COARI;T.AG-III;; ESTATUTARIO;5155,15;;5155,15;1028,86;4126,29;
ANA PATRICIA DE SOUZA MARTINS;PROCURADORIA JURIDICA;A.TEC-III;; ESTATUTARIO;4007,62;;4007,62;723,25;3284,37;
ANA PAULA CARDOSO QUEIROZ DE PAIVA;DEPTO.ASSIST.TEC.EXT.FLORESTAL;ENGENHEIRO FLORESTAL;; ESTATUTARIO;10929,08;;10929,08;3141,16;7787,92;
ANDRE LUIZ CASTILHOS CAMPOS;GUAJARA;T.AG-III;; ESTATUTARIO;5155,15;;5155,15;1028,86;4126,29;
ANDREA CUNHA NOGUEIRA;DEPARTAMENTO DE PLANEJAMENTO;GERENTE;NAO INFORMADO; CARGO COMISSION.S/VINCULO;4209,79;;4209,79;609,94;3599,85;
ANDRESON OLIVEIRA CARDOSO;EIRUNEPE;GERENTE;NAO INFORMADO; CARGO COMISSION.S/VINCULO;4209,79;;4209,79;640,87;3568,92;
ANECILENE CINTIA BUZAGLO;DEPTO.DE OPERACOES TECNICAS;GERENTE;NAO INFORMADO; CARGO COMISSION.S/VINCULO;4209,79;;4209,79;640,87;3568,92;
ANGELA CONCEICAO PAES;DEPATO.DE ASSIST.TEC.EXT.RURAL;TECNICO EM CONTABILIDADE;TEC.DE CONTABILIDADE; ESTATUTARIO;4331,63;;4331,63;764,61;3567,02;
ANGELA GONCALVES DE ANDRADE;DIRETORIA DE FOMENTO;AGENTE ADMINISTRATIVO;; ESTATUTARIO;4274,80;;4274,80;744,52;3530,28;
ANTONIO AFONSO DA FONSECA PINTO;CASTANHO;TECNICO EM AGROPECUARIA;; ESTATUTARIO;5519,87;;5519,87;1150,06;4369,81;
ANTONIO AUGUSTO OLIVEIRA DE LIMA;MARAA;EX.SOC-III;; ESTATUTARIO;5155,15;;5155,15;1028,86;4126,29;
ANTONIO BARROS SOUSA JUNIOR;ASSESSORIA;GERENTE;NAO INFORMADO; CARGO COMISSION.S/VINCULO;4209,79;;4209,79;640,87;3568,92;
ANTONIO CARLOS LACERDA DE SOUZA;LABREA;ASSISTENTE TECNICO;; ESTATUTARIO;5473,56;;5473,56;1071,22;4402,34;
ANTONIO CLARET MAGALHAES FERREIRA;DEPTO.DE OPERACOES TECNICAS;ENGENHEIRO AGRONOMO;GERENTE AD/2; ESTATUTARIO;10947,33;;10947,33;3031,76;7915,57;
ANTONIO CLAUDIO RODRIGUES DE SA;DIRETORIA DE FOMENTO;TECNICO EM AGROPECUARIA;; ESTATUTARIO;5117,80;;5117,80;1052,19;4065,61;
ANTONIO DE CASTRO NETO;DEPATO.DE ASSIST.TEC.EXT.RURAL;ENG-III;; ESTATUTARIO;7758,58;;7758,58;2051,74;5706,84;
ANTONIO DIONES SILVA DE SOUZA;GUAJARA;T.AG-III;; ESTATUTARIO;5155,15;;5155,15;1028,86;4126,29;
ANTONIO IRAN DE SOUZA LIMA;GABINETE;TECNICO EM AGROPECUARIA;; ESTATUTARIO;4869,76;;4869,76;987,94;3881,82;
ANTONIO JANDIR CONTENTE MORAIS;DIR.DE ASSIST.TEC.E EXT.RURAL;TNS-III;; ESTATUTARIO;13231,26;;13231,26;4017,03;9214,23;
ANTONIO LUIZ BARBOSA DE OLIVEIRA;BERURI;ENGENHEIRO AGRONOMO;; ESTATUTARIO;8809,28;;8809,28;2312,53;6496,75;
ANTONIO MARCOS JAQUES RAMOS;IRANDUBA;ENG-III;; ESTATUTARIO;9223,60;;9223,60;2522,12;6701,48;
ANTONIO MARQUES DE LIMA SOBRINHO;IRANDUBA;MOTORISTA;; ESTATUTARIO;3652,61;;3652,61;568,26;3084,35;
ANTONIO MATEUS MENEZES DE SOUZA;EIRUNEPE;T.AG-III;; ESTATUTARIO;5155,15;;5155,15;377,14;4778,01;
ANTONIO PAZ DOS SANTOS;DEPTO.ADMINISTRATIVO;VIGIA;; ESTATUTARIO;2854,64;;2854,64;428,15;2426,49;
ANTONIO SILVA DE HOLANDA;MANAQUIRI;AGENTE ADMINISTRATIVO;; ESTATUTARIO;4740,84;;4740,84;890,69;3850,15;
ANTONY MACIEL DOS SANTOS;DIRETORIA PLANJ.INSTITUCIONAL;TNS-III;; ESTATUTARIO;6650,20;;6650,20;703,41;5946,79;
AOLIABE DE SOUZA PORTO;RIO PRETO DA EVA;MOT-III;; ESTATUTARIO;4341,21;;4341,21;219,64;4121,57;
ARCENIO JOSE LOBATO JUNIOR;MAUES;TECNICO EM AGROPECUARIA;; ESTATUTARIO;5709,15;;5709,15;1229,38;4479,77;
ARI BATISTA DA COSTA;IRANDUBA;ENGENHEIRO AGRONOMO;; ESTATUTARIO;12867,08;;12867,08;3722,26;9144,82;
ARLEILSON DE CASTRO CAVALCANTE;DEPTO.DE OPERACOES TECNICAS;ENG-III;; ESTATUTARIO;7758,58;;7758,58;2051,74;5706,84;
ARLEM DALVANY MAIA DE SOUSA;PARINTINS;ENG-III;; ESTATUTARIO;8558,58;;8558,58;2271,74;6286,84;
ARLETE DOS SANTOS COELHO;FONTE BOA;ASSISTENTE TECNICO;ASSISTENTE TECNICO; ESTATUTARIO;4674,61;;4674,61;868,61;3806,00;
ARLINDO ELIAS REGIS;DEPTO.DE OPERACOES TECNICAS;OPERADOR DE MAQUINA;; ESTATUTARIO;3034,22;;3034,22;477,70;2556,52;
ARLINDO RODRIGUES DOS SANTOS FILHO;BOA VISTA DO RAMOS;TECNICO EM AGROPECUARIA;GERENTE; ESTATUTARIO;6384,04;;6384,04;1414,98;4969,06;
ARLINDO SANDRES DA SILVA;MANICORE;T.AG-III;; ESTATUTARIO;5155,15;;5155,15;1028,86;4126,29;
ARMANDO JORGE LUZ DA SILVA;DEPARTAMENTO DE PLANEJAMENTO;ECONOMISTA;; ESTATUTARIO;7895,68;;7895,68;2064,08;5831,60;
ASAEL ROCHA BATALHA;BOA VISTA DO RAMOS;T.AG-III;; ESTATUTARIO;5155,15;;5155,15;1028,86;4126,29;
ASTROGILDO ANTONIO DE LIRA NETO;ITACOATIARA;MED.V-III;; ESTATUTARIO;8558,58;;8558,58;2271,74;6286,84;
ATENOR COSTA DE LIMA;BOCA DO ACRE;TECNICO EM AGROPECUARIA;; ESTATUTARIO;5709,15;;5709,15;1229,38;4479,77;
AUGUSTO CESAR SANTANA DE ABREU;DEPTO.DE OPERACOES TECNICAS;AGENTE ADMINISTRATIVO;; ESTATUTARIO;4328,89;;4328,89;804,46;3524,43;
AUGUSTO RUBENS PEREIRA DA COSTA;PARINTINS;TECNICO EM AGROPECUARIA;; ESTATUTARIO;6412,69;;6412,69;1344,38;5068,31;
AURINEI DA SILVA RAMOS;BARCELOS;GERENTE;NAO INFORMADO; CARGO COMISSION.S/VINCULO;4209,79;;4209,79;609,94;3599,85;
BARBARA KARENA CUNHA DA SILVA;DEPATO.DE ASSIST.TEC.EXT.RURAL;MOT-III;; ESTATUTARIO;2600,22;;2600,22;388,94;2211,28;
BENJAMIN RODRIGUES DA COSTA;ANORI;MOTORISTA;; ESTATUTARIO;3685,83;;3685,83;577,19;3108,64;
BRUNA FREITAS DE AZEVEDO;NOVA OLINDA DO NORTE;T.AG-III;; ESTATUTARIO;5155,15;;5155,15;377,14;4778,01;
BRUNA MARIA CARRIJO MAIA;EIRUNEPE;A.SOC-III;; ESTATUTARIO;7450,20;;7450,20;1854,44;5595,76;
BRUNO HERMES CUSTODIO;HUMAITA;MED.V-III;; ESTATUTARIO;8558,58;;8558,58;2271,74;6286,84;
BRUNO LOURENCO CAVALCANTE;DEPTO.ADMINISTRATIVO;TNS-III;; ESTATUTARIO;7204,38;;7204,38;1843,09;5361,29;
CAIO VICTOR SOARES DE AGUIAR;MANACAPURU;ENG-III;; ESTATUTARIO;8558,58;;8558,58;2271,74;6286,84;
CAMILA DOS SANTOS LIMA;GUAJARA;T.AG-III;; ESTATUTARIO;5155,15;;5155,15;1028,86;4126,29;
CARLOS ALBERTO CRUZ FARIAS;BERURI;TECNICO EM AGROPECUARIA;; ESTATUTARIO;5605,83;;5605,83;862,50;4743,33;
CARLOS ALBERTO SOARES DE MAGALHAES;DEPATO.DE ASSIST.TEC.EXT.RURAL;ENGENHEIRO AGRONOMO;; ESTATUTARIO;10929,08;;10929,08;3245,44;7683,64;
CARLOS ANTONIO PANTOJA;LABREA;ENGENHEIRO AGRONOMO;GERENTE AD/2; ESTATUTARIO;11094,00;;11094,00;3330,69;7763,31;
CARLOS ARLON MOURA NUNES;DEPATO.DE ASSIST.TEC.EXT.RURAL;MOT-III;; ESTATUTARIO;2600,22;;2600,22;388,94;2211,28;
CARLOS EDUARDO BRAGA MOURA;ANAMA;T.AG-III;; ESTATUTARIO;5155,15;;5155,15;1028,86;4126,29;
CARLOS LACERDA FERREIRA F AMORIM;TEFE;TECNICO EM AGROPECUARIA;; ESTATUTARIO;7352,29;;7352,29;1653,56;5698,73;
CARLOS LEILSON DA MOTA SILVA;DEPTO.ADMINISTRATIVO;AGENTE ADMINISTRATIVO;; ESTATUTARIO;4752,28;;4752,28;738,13;4014,15;
CARLOS ROBERTO VIANA PINTO;DIRETORIA ADMINIST.FINANCEIRA;AUX.S.G-III;; ESTATUTARIO;2626,45;;2626,45;394,31;2232,14;
CAROLINA FERRER GONCALVES;DEPATO.DE ASSIST.TEC.EXT.RURAL;ENG-III;; ESTATUTARIO;7758,58;;7758,58;2051,74;5706,84;
CAROLINE RABELO COELHO;CAREIRO DA VARZEA;ENG-III;; ESTATUTARIO;9223,60;;9223,60;2522,12;6701,48;
CICERO JOSE COELHO;URUCARA;GERENTE;NAO INFORMADO; CARGO COMISSION.S/VINCULO;4209,79;;4209,79;640,87;3568,92;
CLAUDIO GIOVANIO DA SILVA;BENJAMIN CONSTANT;ENG-III;; ESTATUTARIO;8558,58;;8558,58;2271,74;6286,84;
CLAUSAK MACIEL BONIFACIO;DEPTO.ASSIST.TEC.EXT.FLORESTAL;ENGENHEIRO DE PESCA;; ESTATUTARIO;10254,49;;10254,49;2939,32;7315,17;
CLEUBI JOSE DE PAULA ROL;JUTAI;MOTORISTA;; ESTATUTARIO;3576,42;;3576,42;547,76;3028,66;
CRISTIANE MARA SILVA DA COSTA;AUTAZES;MED.V-III;; ESTATUTARIO;8558,58;;8558,58;2271,74;6286,84;
CRISTOVAO MARQUES GARCIA;LABREA;A.TEC-III;; ESTATUTARIO;2394,07;;2394,07;11,62;2382,45;
DALMO DE SOUZA DOS ANJOS;PROCURADORIA JURIDICA;ENGENHEIRO AGRONOMO;; ESTATUTARIO;10422,50;;10422,50;2924,80;7497,70;
DANIEL PINTO BORGES;DEPATO.DE ASSIST.TEC.EXT.RURAL;T.AG-III;CHEFE DE DEPARTAMENT; ESTATUTARIO;6330,04;;6330,04;1006,40;5323,64;
DANIELA PERALES AUSIER;DEPTO.ADMINISTRATIVO;GERENTE;NAO INFORMADO; CARGO COMISSION.S/VINCULO;4209,79;;4209,79;640,87;3568,92;
DANIELLE FERNANDES DE ALMEIDA;DIRETORIA PLANJ.INSTITUCIONAL;GERENTE;NAO INFORMADO; CARGO COMISSION.S/VINCULO;4209,79;;4209,79;640,87;3568,92;
DARNEY NUNES FIGUEIREDO;AMATURA;GERENTE;NAO INFORMADO; CARGO COMISSION.S/VINCULO;4209,79;;4209,79;640,87;3568,92;
DAVE ANDRE CAVALCANTE PINTO;ASSESSORIA;ASSESSOR III;NAO INFORMADO; CARGO COMISSION.S/VINCULO;3191,80;;3191,80;372,18;2819,62;
DAVID FRANKLIN DA SILVA GUIMARAES;CARAUARI;ENG-III;; ESTATUTARIO;8558,58;;8558,58;2271,74;6286,84;
DEBORA DE ARAUJO SOUSA;DEPTO.ASSIST.TEC.EXT.FLORESTAL;ENG-III;; ESTATUTARIO;7758,58;;7758,58;2051,74;5706,84;
DEIVID FARIAS GOMES;MARAA;GERENTE;NAO INFORMADO; CARGO COMISSION.S/VINCULO;4209,79;;4209,79;609,94;3599,85;
DELDUQUE TOUCIMA DE ARAUJO;MANACAPURU;TECNICO EM AGROPECUARIA;; ESTATUTARIO;5439,74;;5439,74;1124,58;4315,16;
DENIS ALMEIDA DE LIMA;BENJAMIN CONSTANT;GERENTE;NAO INFORMADO; CARGO COMISSION.S/VINCULO;5613,05;;5613,05;1073,04;4540,01;
DIMITRI LOUZADA TORRES PORTUGAL;DEPARTAMENTO DE PLANEJAMENTO;GERENTE;GERENTE AD/2; CARGO COMISSION.S/VINCULO;4209,79;;4209,79;640,87;3568,92;
DIOGO CAMPOS CARDOSO;CAREIRO DA VARZEA;T.AG-III;; ESTATUTARIO;5155,15;;5155,15;1028,86;4126,29;
DJANEIDE DA SILVA LISBOA;DIRETORIA DE FOMENTO;TECNICO EM AGROPECUARIA;; ESTATUTARIO;4871,89;;4871,89;988,64;3883,25;
DOMINGOS DE LIMA MARQUES;CASTANHO;MOTORISTA;; ESTATUTARIO;3735,23;;3735,23;590,48;3144,75;
DORATY CHAVES DE OLIVEIRA;IRANDUBA;AGENTE ADMINISTRATIVO;AGENTE ADMINISTRAT.; ESTATUTARIO;4659,93;;4659,93;863,71;3796,22;
DOUGLAS GALVAO DA ROCHA;BOA VISTA DO RAMOS;T.AG-III;; ESTATUTARIO;5155,15;;5155,15;1028,86;4126,29;
EDELUZA BARBOSA DE OLIVEIRA;IRANDUBA;ENGENHEIRO AGRONOMO;; ESTATUTARIO;12505,02;;12505,02;3611,68;8893,34;
EDEMBURGO SOCRATES DE A MARQUES;HUMAITA;T.AG-III;; ESTATUTARIO;5155,15;;5155,15;1028,86;4126,29;
EDER QUEIROZ DA CRUZ JUNIOR;MAUES;T.AG-III;; ESTATUTARIO;5155,15;;5155,15;1028,86;4126,29;
EDILENE MARIA SANTANA A KAWAKAMI;PARINTINS;AGENTE ADMINISTRATIVO 4A CLASSE;; ESTATUTARIO;4490,13;;4490,13;765,11;3725,02;
EDISON FRANCO BARBOSA JUNIOR;TABATINGA;GERENTE;NAO INFORMADO; CARGO COMISSION.S/VINCULO;4209,79;;4209,79;640,87;3568,92;
EDMAR RAIMUNDO NASCIMENTO DE SOUZA;DEPTO.ADMINISTRATIVO;MOT-III;; ESTATUTARIO;3003,37;;3003,37;471,39;2531,98;
EDNO SOARES DA COSTA;HUMAITA;ASSISTENTE TECNICO;; ESTATUTARIO;5673,57;;5673,57;1118,41;4555,16;
EDUARDO AUGUSTO MARQUES;PARINTINS;MED.V-III;; ESTATUTARIO;8558,58;;8558,58;2271,74;6286,84;
EDY CARLOS CARDOSO DOS SANTOS;MAUES;T.AG-III;; ESTATUTARIO;9098,43;;9098,43;1359,85;7738,58;
ELAINE SOUSA FERREIRA;DEPARTAMENTO FINANCEIRO;TNS-III;; ESTATUTARIO;6650,20;;6650,20;703,41;5946,79;
ELCINA DE LIMA DA SILVA;DEPTO.DE OPERACOES TECNICAS;ASSISTENTE TECNICO;; ESTATUTARIO;4271,36;;4271,36;792,69;3478,67;
ELDECY AMORIM;DEPTO.ADMINISTRATIVO;GERENTE;NAO INFORMADO; CARGO COMISSION.S/VINCULO;4209,79;;4209,79;640,87;3568,92;
ELEUDIS LIMA DE SOUZA;UARINI;EX.SOC-III;; ESTATUTARIO;5155,15;;5155,15;1028,86;4126,29;
ELIAKIM PINHEIRO AMORIM;MARAA;T.AG-III;; ESTATUTARIO;5155,15;;5155,15;1028,86;4126,29;
ELIAN ERIC MARTINS FLORES;SAO PAULO DE OLIVENCA;T.AG-III;; ESTATUTARIO;5155,15;;5155,15;1028,86;4126,29;
ELIELTON BARRONCAS MAQUINE DA SILVA;DEPTO.DE OPERACOES TECNICAS;ENG-III;; ESTATUTARIO;8312,76;;8312,76;2260,40;6052,36;
ELISSANDRO DA CRUZ PINHEIRO;DEPATO.DE ASSIST.TEC.EXT.RURAL;A.TEC-III;; ESTATUTARIO;3990,13;;3990,13;718,55;3271,58;
ELIZAMA BARBOSA DA SILVA;DEPTO.DE OPERACOES TECNICAS;ASSISTENTE TECNICO;; ESTATUTARIO;5116,35;;5116,35;979,42;4136,93;
ELVIO RIBAMAR FERREIRA SILVA;MATUPI;T.AG-III;; ESTATUTARIO;5155,15;;5155,15;1028,86;4126,29;
EMERSON PEDRACA DE FRANCA;MANICORE;ASSISTENTE TECNICO;; ESTATUTARIO;7001,34;;7001,34;1440,28;5561,06;
EMILY GENTIL VINHOTE;NOVO AIRAO;T.AG-III;; ESTATUTARIO;5155,15;;5155,15;1028,86;4126,29;
ERIKA DOS SANTOS SILVA;DEPATO.DE ASSIST.TEC.EXT.RURAL;ENG-III;; ESTATUTARIO;7758,58;;7758,58;2051,74;5706,84;
ERIKA MARAES DE LIMA;SAO PAULO DE OLIVENCA;T.AG-III;; ESTATUTARIO;5155,15;;5155,15;1028,86;4126,29;
ERNANDES SILVA BARBOSA;BERURI;T.AG-III;; ESTATUTARIO;5155,15;;5155,15;1028,86;4126,29;
EUGENIO BORGES;MAUES;ASSESSOR II;NAO INFORMADO; CARGO COMISSION.S/VINCULO;4209,79;;4209,79;640,87;3568,92;
EUGENIO OLIVEIRA BRAS;TABATINGA;VIGIA;; ESTATUTARIO;3222,43;;3222,43;449,39;2773,04;
EVANALDO DE SOUZA COSTA;ENVIRA;T.AG-III;; ESTATUTARIO;5155,15;;5155,15;377,14;4778,01;
EVANDRO DA SILVA AZEVEDO;DEPTO.ADMINISTRATIVO;AUXILIAR DE SERVICOS GERAIS;; ESTATUTARIO;4052,88;;4052,88;377,91;3674,97;
EVANI DA CONCEICAO TAVARES MALCHER;DEPARTAMENTO FINANCEIRO;GERENTE;GERENTE AD-2; CARGO COMISSION.S/VINCULO;4209,79;;4209,79;640,87;3568,92;
FABIANNY DE SOUZA ALENCAR DA COSTA;DEPARTAMENTO FINANCEIRO;GERENTE;NAO INFORMADO; CARGO COMISSION.S/VINCULO;4209,79;;4209,79;609,94;3599,85;
FABIO PAZ ROCHA;TEFE;T.AG-III;; ESTATUTARIO;5155,15;;5155,15;1028,86;4126,29;
FABIONEY MONTEIRO DA SILVA;EIRUNEPE;MOT-III;; ESTATUTARIO;3100,22;;3100,22;426,44;2673,78;
FABRICIO GONCALVES CORREA;DIRETORIA PLANJ.INSTITUCIONAL;DIRETOR DE PLAN.INSTITUCIONAL;NAO INFORMADO; CARGO COMISSION.S/VINCULO;9000,00;;9000,00;2206,22;6793,78;
FABRIZIA MARGARIDA BARROS N SOUZA;DEPARTAMENTO FINANCEIRO;ASSISTENTE TECNICO;GERENTE; ESTATUTARIO;5563,37;;5563,37;1037,11;4526,26;
FAVILLA GENTIL NETO;URUCARA;ENGENHEIRO AGRONOMO;; ESTATUTARIO;8788,25;;8788,25;2358,22;6430,03;
FELIPE MIRANDA DE CARVALHO;ITAPIRANGA;T.AG-III;; ESTATUTARIO;5155,15;;5155,15;1028,86;4126,29;
FELIPE PEREIRA DA SILVA MAGALHAES;DEPTO.DE OPERACOES TECNICAS;A.TEC-III;; ESTATUTARIO;3990,13;;3990,13;718,55;3271,58;
FERNANDA CHARBEL CLEMENTE DE MELO;DEPTO.DE OPERACOES TECNICAS;EX.SOC-III;; ESTATUTARIO;4655,15;;4655,15;264,64;4390,51;
FERNANDO BATISTA DA SILVA;DEPTO.DE OPERACOES TECNICAS;AUXILIAR DE SERVICOS GERAIS;; ESTATUTARIO;2768,66;;2768,66;413,99;2354,67;
FERNANDO BORGES DE OLIVEIRA;BOCA DO ACRE;MOT-III;; ESTATUTARIO;3100,22;;3100,22;426,44;2673,78;
FERNANDO NASCIMENTO FERNANDES;HUMAITA;ENG-III;; ESTATUTARIO;9112,76;;9112,76;2480,40;6632,36;
FILIPE CAMPOS DE FREITAS;DEPTO.ASSIST.TEC.EXT.FLORESTAL;ENG-III;; ESTATUTARIO;8423,60;;8423,60;2302,12;6121,48;
FILIPE DE SOUZA E SILVA;DEPTO.ADMINISTRATIVO;MOT-III;; ESTATUTARIO;2600,22;;2600,22;388,94;2211,28;
FRANCIARA SANTOS SILVA;CODAJAS;T.AG-III;; ESTATUTARIO;5155,15;;5155,15;1028,86;4126,29;
FRANCIMAR LIZARDO DOS SANTOS;SAO GABRIEL DA CACHOEIRA;GERENTE;NAO INFORMADO; CARGO COMISSION.S/VINCULO;4209,79;;4209,79;581,50;3628,29;
FRANCINEY FERREIRA DA SILVA;TONANTINS;T.AG-III;; ESTATUTARIO;5155,15;;5155,15;1028,86;4126,29;
FRANCIOMAR DA ROCHA COSTA;DIRETORIA DE FOMENTO;OPERADOR GRAFICO;; ESTATUTARIO;4370,53;;4370,53;676,45;3694,08;
FRANCISCA KLEUBIA NASCIMENTO SILVA;DIRETORIA DE FOMENTO;ENG-III;; ESTATUTARIO;7758,58;;7758,58;2051,74;5706,84;
FRANCISCO ALDENEI FERREIRA PICANCO;PARINTINS;MOTORISTA;; ESTATUTARIO;4207,13;;4207,13;663,30;3543,83;
FRANCISCO DE ASSIS BRANDAO CARLOS;DEPARTAMENTO FINANCEIRO;ASSISTENTE TECNICO;; ESTATUTARIO;4386,81;;4386,81;779,45;3607,36;
FRANCISCO EDUARDO DE MORAIS;LABREA;TECNICO EM AGROPECUARIA;; ESTATUTARIO;5574,09;;5574,09;974,87;4599,22;
FRANCISCO LIMA DA SILVA;MANAQUIRI;TECNICO EM AGROPECUARIA;; ESTATUTARIO;5709,15;;5709,15;1229,38;4479,77;
FRANCISCO LIMA DE ALBUQUERQUE;MAUES;T.AG-III;; ESTATUTARIO;5155,15;;5155,15;1028,86;4126,29;
FRANCISCO MACEDO DE OLIVEIRA FILHO;DIRETORIA DE FOMENTO;TECNICO EM AGROPECUARIA;; ESTATUTARIO;4971,59;;4971,59;1017,63;3953,96;
FRANCISCO OSMAR LINHARES;RIO PRETO DA EVA;ENGENHEIRO AGRONOMO;; ESTATUTARIO;10620,70;;10620,70;2925,64;7695,06;
FRANKLÂNIO DUARTE FERREIRA;TAPAUA;GERENTE;NAO INFORMADO; CARGO COMISSION.S/VINCULO;4209,79;;4209,79;609,94;3599,85;
GABRIEL ALBUQUERQUE DA COSTA;RIO PRETO DA EVA;T.AG-III;; ESTATUTARIO;6417,00;;6417,00;667,51;5749,49;
GEORGE MARIO GRIJO DA SILVA;ANORI;TECNICO EM AGROPECUARIA;GERENTE; ESTATUTARIO;6384,04;;6384,04;1174,00;5210,04;
GERALDO DOS SANTOS REIS CONCEICAO;DIRETORIA DE FOMENTO;ENGENHEIRO AGRONOMO;; ESTATUTARIO;11924,72;;11924,72;3447,26;8477,46;
GERARDO HONORIO DE BRITO;NOVA OLINDA DO NORTE;AUXILIAR DE SERVICOS GERAIS;; ESTATUTARIO;3196,03;;3196,03;431,82;2764,21;
GERMIRO JOSE GOMES DAMIAO;DEPTO.DE OPERACOES TECNICAS;AUX.O-III;; ESTATUTARIO;3072,94;;3072,94;413,57;2659,37;
GESTER TUPINIQUIM DE SOUZA BENTES;BORBA;TECNICO EM AGROPECUARIA;; ESTATUTARIO;5175,55;;5175,55;993,01;4182,54;
GILBERTO DO NASCIMENTO RODRIGUES;MANICORE;VIGIA;; ESTATUTARIO;3301,22;;3301,22;461,21;2840,01;
GILCIANE PLACIDO BRAULE;SANTO ANTONIO DO ICA;GERENTE;NAO INFORMADO; CARGO COMISSION.S/VINCULO;5613,05;;5613,05;1125,18;4487,87;
GISELES MAGALHAES DOS SANTOS;TABATINGA;T.AG-III;; ESTATUTARIO;5155,15;;5155,15;1028,86;4126,29;
GISELY DA SILVA MELO;HUMAITA;GERENTE;; CARGO COMISSION.S/VINCULO;4209,79;;4209,79;609,94;3599,85;
GLEIBE HUNGRIA GOULART;APUI;MED.V-III;; ESTATUTARIO;8558,58;;8558,58;2271,74;6286,84;
GRECICA MARIANA COLOMBO;DEPATO.DE ASSIST.TEC.EXT.RURAL;ENG-III;; ESTATUTARIO;7758,58;;7758,58;2051,74;5706,84;
GUSTAVO MAFRA MESQUITA;AMATURA;T.AG-III;; ESTATUTARIO;7205,65;;7205,65;854,03;6351,62;
HELENIO ARAUJO FIGUEIREDO;DEPTO.DE OPERACOES TECNICAS;TECNICO EM AGROPECUARIA;CHEFE DE DEPARTAMENT; ESTATUTARIO;6640,51;;6640,51;1457,15;5183,36;
HELISON RAMOS SAMPAIO;JUTAI;GERENTE;GERENTE AD-2; CARGO COMISSION.S/VINCULO;4209,79;;4209,79;640,87;3568,92;
HELTON FARIAS DA SILVA;AUTAZES;TECNICO EM AGROPECUARIA;; ESTATUTARIO;5430,18;;5430,18;1122,89;4307,29;
HENRY BRASIL SANTOS;ATALAIA DO NORTE;EX.SOC-III;; ESTATUTARIO;5155,15;;5155,15;1028,86;4126,29;
HERIVANDO JERONIMO CIDADE;DIRETORIA ADMINIST.FINANCEIRA;ASSESSOR II;NAO INFORMADO; CARGO COMISSION.S/VINCULO;4209,79;;4209,79;640,87;3568,92;
HERLEY CESAR SILVA DILAHAR;CAAPIRANGA;GERENTE;NAO INFORMADO; CARGO COMISSION.S/VINCULO;4209,79;;4209,79;640,87;3568,92;
HILARIO RAMIRO DE ABREU FILHO;DEPTO.DE OPERACOES TECNICAS;TECNICO EM AGROPECUARIA;; ESTATUTARIO;4966,04;;4966,04;1016,79;3949,25;
HUGO STENIO GAMA DOS SANTOS;DEPARTAMENTO DE PLANEJAMENTO;TECNICO EM AGROPECUARIA;CHEFE DE DEPARTAMENT; ESTATUTARIO;6523,18;;6523,18;1416,62;5106,56;
IAN FLEXA DE SOUZA PEREIRA;ANORI;T.AG-III;; ESTATUTARIO;5155,15;;5155,15;1028,86;4126,29;
IGOR GRACIANO;RIO PRETO DA EVA;ENG-III;; ESTATUTARIO;8558,58;;8558,58;2271,74;6286,84;
ILZINALDO CARVALHO GUIMARAES FILHO;DIRETORIA DE FOMENTO;TECNICO EM AGROPECUARIA;; ESTATUTARIO;5209,15;;5209,15;1058,46;4150,69;
IRANY FLORENCIO RODRIGUES;CAREIRO DA VARZEA;T.AG-III;; ESTATUTARIO;5155,15;;5155,15;1028,86;4126,29;
ISABELLE SUCENA SANTOS;BOCA DO ACRE;EX.SOC-III;; ESTATUTARIO;5155,15;;5155,15;1028,86;4126,29;
ISMAEL CARLOS SANTANA DA SILVA;BOCA DO ACRE;A.TEC-III;; ESTATUTARIO;4490,13;;4490,13;807,08;3683,05;
ISVALDO LIMA DA SILVA;IRANDUBA;TECNICO EM AGROPECUARIA;; ESTATUTARIO;5461,71;;5461,71;1133,62;4328,09;
IVAN DE AZEVEDO TRIBUZY NETO;COARI;ENG-III;; ESTATUTARIO;8558,58;;8558,58;2271,74;6286,84;
IVAN PONCE DE LEAO;DEPTO.DE OPERACOES TECNICAS;AGENTE ADMINISTRATIVO;; ESTATUTARIO;4931,82;;4931,82;936,84;3994,98;
IVANEIDE MUNIZ DOS SANTOS;DIRETORIA DE FOMENTO;AUX.S.G-III;; ESTATUTARIO;2600,22;;2600,22;388,94;2211,28;
IVO ROBERTO PEREIRA DOS SANTOS;DEPTO.ADMINISTRATIVO;TECNICO EM AGROPECUARIA;; ESTATUTARIO;4940,08;;4940,08;925,88;4014,20;
IVONEI RODRIGUES DOS SANTOS;MATUPI;T.AG-III;; ESTATUTARIO;5155,15;;5155,15;1028,86;4126,29;
IZAQUIEL DA COSTA OLIVEIRA;GUAJARA;GERENTE;NAO INFORMADO; CARGO COMISSION.S/VINCULO;4209,79;;4209,79;581,50;3628,29;
JACINTA MOREIRA COELHO;PROCURADORIA JURIDICA;EXTENSIONISTA SOCIAL;; ESTATUTARIO;5089,15;;5089,15;1061,10;4028,05;
JACKSON DA SILVA;TEFE;ENG-III;; ESTATUTARIO;8558,58;;8558,58;2271,74;6286,84;
JADERSON HOLANDA ALMEIDA WEILLER;ITACOATIARA;GERENTE;NAO INFORMADO; CARGO COMISSION.S/VINCULO;4209,79;;4209,79;640,87;3568,92;
JAGUANHARA DE ANDRADE LOPES;DEPATO.DE ASSIST.TEC.EXT.RURAL;ENGENHEIRO AGRONOMO;; ESTATUTARIO;11424,20;;11424,20;3148,00;8276,20;
JAIME GATENHA FERREIRA FILHO;VILA RICA DE CAVIANA;GERENTE;NAO INFORMADO; CARGO COMISSION.S/VINCULO;4209,79;;4209,79;640,87;3568,92;
JAIME VITOR DOS SANTOS;DEPTO.DE OPERACOES TECNICAS;TECNICO EM AGROPECUARIA;GERENTE AD/2; ESTATUTARIO;8130,61;;8130,61;1861,95;6268,66;
JALPERY VIANA DE SOUZA;DIRETORIA DE FOMENTO;ASSISTENTE TECNICO;; ESTATUTARIO;4311,09;;4311,09;787,52;3523,57;
JAMES PINHEIRO DE FRANCA;ENVIRA;GERENTE;NAO INFORMADO; CARGO COMISSION.S/VINCULO;4209,79;;4209,79;609,94;3599,85;
JAMILSON PAULO BARROS LARAY;RIO PRETO DA EVA;TECNICO EM AGROPECUARIA;; ESTATUTARIO;5430,78;;5430,78;1124,58;4306,20;
JANDER DE JESUS FONSECA DA SILVA;NOVO AIRAO;A.TEC-III;; ESTATUTARIO;6181,39;;6181,39;1131,25;5050,14;
JEAN BARROS FERREIRA;DEPTO.DE OPERACOES TECNICAS;TECNICO EM AGROPECUARIA;; ESTATUTARIO;4830,72;;4830,72;889,60;3941,12;
JEAN FRANK CAVALCANTE MAGALHAES;IRANDUBA;TECNICO EM AGROPECUARIA;GERENTE; ESTATUTARIO;6384,04;;6384,04;1131,97;5252,07;
JEFFERSON GOMES SODRE;HUMAITA;T.AG-III;; ESTATUTARIO;5155,15;;5155,15;1028,86;4126,29;
JENIFER DOS SANTOS COSTA;DEPARTAMENTO FINANCEIRO;GERENTE;NAO INFORMADO; CARGO COMISSION.S/VINCULO;4209,79;;4209,79;640,87;3568,92;
JESSICA MOTTA DE SOUSA;DIR.DE ASSIST.TEC.E EXT.RURAL;TNS-III;; ESTATUTARIO;6650,20;;6650,20;1634,44;5015,76;
JHONATA OLIVEIRA MENDONCA;UARINI;A.TEC-III;; ESTATUTARIO;4490,13;;4490,13;807,08;3683,05;
JOAO ALMEIDA DE OLIVEIRA;ITACOATIARA;ASSISTENTE TECNICO;; ESTATUTARIO;5504,99;;5504,99;1079,26;4425,73;
JOAO BATISTA GOMES DO NASCIMENTO;CANUTAMA;GERENTE;NAO INFORMADO; CARGO COMISSION.S/VINCULO;4209,79;;4209,79;640,87;3568,92;
JOAO BOSCO ANDRE GORDIANO;DEPTO.ASSIST.TEC.EXT.FLORESTAL;TECNICO EM AGROPECUARIA;; ESTATUTARIO;5209,15;;5209,15;1058,46;4150,69;
JOAO CLAUDIR DA SILVA LEITAO;IRANDUBA;TECNICO EM AGROPECUARIA;; ESTATUTARIO;5709,15;;5709,15;1229,38;4479,77;
JOAO HILARIO BORGES DE BASTOS;APUI;GERENTE;GERENTE AD2; CARGO COMISSION.S/VINCULO;5613,05;;5613,05;1023,54;4589,51;
JOAREIS MENDES DE SOUZA;UARINI;ASSESSOR II;NAO INFORMADO; CARGO COMISSION.S/VINCULO;4209,79;;4209,79;640,87;3568,92;
JOCIELI BATISTA PINHEIRO;BOCA DO ACRE;ENG-III;; ESTATUTARIO;8558,58;;8558,58;2271,74;6286,84;
JOELCIO GAMA AVELAR;LABREA;T.AG-III;; ESTATUTARIO;5155,15;;5155,15;1028,86;4126,29;
JONATHAN LIRA JAICO;ATALAIA DO NORTE;T.AG-III;; ESTATUTARIO;5155,15;;5155,15;1028,86;4126,29;
JONILO MOYSES MOUZINHO BRITO;DEPTO.ASSIST.TEC.EXT.FLORESTAL;A.TEC-III;; ESTATUTARIO;3990,13;;3990,13;718,55;3271,58;
JORGE ANTONIO FERREIRA CARVALHO;CARAUARI;TECNICO EM AGROPECUARIA;; ESTATUTARIO;5337,38;;5337,38;1046,98;4290,40;
JORGE AUGUSTO REIS MONTEIRO;DIRETORIA DE FOMENTO;TECNICO EM AGROPECUARIA;; ESTATUTARIO;5209,15;;5209,15;1101,12;4108,03;
JORGE BERNARDO DE FRANCA;DEPTO.ADMINISTRATIVO;GERENTE;NAO INFORMADO; CARGO COMISSION.S/VINCULO;4209,79;;4209,79;640,87;3568,92;
JORSIVALDO PESSOA CARDOSO;PARINTINS;MOT-III;; ESTATUTARIO;2600,22;;2600,22;24,91;2575,31;
JOSAFA NOVAIS MACEDO;VILA EXTREMA - LABREA;GERENTE;; CARGO COMISSION.S/VINCULO;4209,79;;4209,79;553,06;3656,73;
JOSE ABRAAO ALMEIDA CISNE;NOVO REMANSO;A.TEC-III;; ESTATUTARIO;3990,13;;3990,13;159,93;3830,20;
JOSE ALFREDO FELICIANO DA SILVA;ENVIRA;ASSISTENTE TECNICO;; ESTATUTARIO;4674,61;;4674,61;825,95;3848,66;
JOSE ANTONIO CHAVES DE OLIVEIRA;IPIXUNA;T.AG-III;; ESTATUTARIO;5155,15;;5155,15;1028,86;4126,29;
JOSE ARIMATEIA SIMOES;URUCARA;TECNICO EM AGROPECUARIA;; ESTATUTARIO;6212,75;;6212,75;1340,00;4872,75;
JOSE ARTEMIS RODRIGUES MONTECONRADO;ITAMARATI;TECNICO EM AGROPECUARIA;GERENTE AD-2; ESTATUTARIO;6384,04;;6384,04;729,28;5654,76;
JOSE AUGUSTO CORREA LIMA OMENA;DEPATO.DE ASSIST.TEC.EXT.RURAL;ASSESSOR II;NAO INFORMADO; CARGO COMISSION.S/VINCULO;4209,79;;4209,79;640,87;3568,92;
JOSE BARROSO SALVIANO;DIRETORIA DE FOMENTO;AGENTE ADMINISTRATIVO;; ESTATUTARIO;4874,04;;4874,04;922,02;3952,02;
JOSE CLAUDIO CAMPOS DO NASCIMENTO;SANTA IZABEL DO RIO NEGRO;AUX.DE SERV.GERAIS PNF.ASG-II;GERENTE; ESTATUTARIO;5498,08;;5498,08;691,92;4806,16;
JOSE COELHO DAVILA;TABATINGA;TECNICO EM CONTABILIDADE;; ESTATUTARIO;4581,03;;4581,03;761,12;3819,91;
JOSE DE OLIVEIRA NEVES;SILVES;MOTORISTA;; ESTATUTARIO;3533,45;;3533,45;536,20;2997,25;
JOSE DE OLIVEIRA RAMOS;PARINTINS;ASSISTENTE TECNICO;; ESTATUTARIO;6497,36;;6497,36;1299,83;5197,53;
JOSE DE OLIVEIRA RIBEIRO;PROCURADORIA JURIDICA;TECNICO EM AGROPECUARIA;; ESTATUTARIO;5521,38;;5521,38;1140,61;4380,77;
JOSE DIRLEY MENDES ALBORADO;TONANTINS;ASSESSOR III;NAO INFORMADO; CARGO COMISSION.S/VINCULO;3191,80;;3191,80;372,18;2819,62;
JOSE ERISON GOES CASTRO;BARREIRINHA;MOTORISTA FLUVIAL;; ESTATUTARIO;3101,91;;3101,91;426,44;2675,47;
JOSE FERREIRA DA SILVA JUNIOR;DEPATO.DE ASSIST.TEC.EXT.RURAL;ENG-III;; ESTATUTARIO;8423,60;;8423,60;2302,12;6121,48;
JOSE FRANCISCO SILVA DE SOUZA;DEPTO.ADMINISTRATIVO;ASSESSOR III;NAO INFORMADO; CARGO COMISSION.S/VINCULO;3191,80;;3191,80;372,18;2819,62;
JOSE LAZARO DA COSTA;COARI;GERENTE;NAO INFORMADO; CARGO COMISSION.S/VINCULO;4209,79;;4209,79;640,87;3568,92;
JOSE LIRA DO NASCIMENTO;CARAUARI;MOTORISTA;; ESTATUTARIO;3743,01;;3743,01;592,57;3150,44;
JOSE LUCAS SEBRIAN DA SILVA;PAUINI;T.AG-III;; ESTATUTARIO;5155,15;;5155,15;1028,86;4126,29;
JOSE LUIS ANDRADE PINTO;BOA VISTA DO RAMOS;MOTORISTA;; ESTATUTARIO;3652,48;;3652,48;445,00;3207,48;
JOSE MARIA DA SILVA MAIA;ASSESSORIA;ASSESSOR II;NAO INFORMADO; CARGO COMISSION.S/VINCULO;4209,79;;4209,79;640,87;3568,92;
JOSE MARIA DE MATOS;COARI;TECNICO EM AGROPECUARIA;; ESTATUTARIO;5513,81;;5513,81;1147,79;4366,02;
JOSE MARIA FERREIRA;IRANDUBA;TECNICO EM AGROPECUARIA;; ESTATUTARIO;5501,00;;5501,00;1144,99;4356,01;
JOSE MARIA FRADE JUNIOR;RIO PRETO DA EVA;ENGENHEIRO AGRONOMO;GERENTE AD/2; ESTATUTARIO;11070,20;;11070,20;3373,87;7696,33;
JOSE MILTON BARBOSA FILHO;DIR.DE ASSIST.TEC.E EXT.RURAL;ENGENHEIRO AGRONOMO;; ESTATUTARIO;12615,09;;12615,09;3647,26;8967,83;
JOSE NAZARENO FREITAS VIANA JUNIOR;NOVA OLINDA DO NORTE;T.AG-III;; ESTATUTARIO;5155,15;;5155,15;1028,86;4126,29;
JOSE RAIMUNDO MARINHO GARCIA;DIRETORIA DE FOMENTO;AUXILIAR DE SERVICOS GERAIS;; ESTATUTARIO;2774,83;;2774,83;414,44;2360,39;
JOSE RAIMUNDO NORONHA CALACINA;BOCA DO ACRE;MOTORISTA;; ESTATUTARIO;4980,31;;4980,31;835,46;4144,85;
JOSE RENATO DANTAS DE LIMA;SAO GABRIEL DA CACHOEIRA;T.AG-III;; ESTATUTARIO;5155,15;;5155,15;377,14;4778,01;
JOSE RICARDO GONCALVES MACIEL;NOVO ARIPUANA;TECNICO EM AGROPECUARIA;; ESTATUTARIO;5327,55;;5327,55;1050,91;4276,64;
JOSE RODRIGO LIRIO MASCENA;FONTE BOA;ENG-III;; ESTATUTARIO;8558,58;;8558,58;2271,74;6286,84;
JOSE SILVA MICHILES;SILVES;TECNICO EM AGROPECUARIA;; ESTATUTARIO;5709,15;;5709,15;1128,31;4580,84;
JOSE UANDERSON SOUZA DOS SANTOS;JURUA;T.AG-III;; ESTATUTARIO;5155,15;;5155,15;1028,86;4126,29;
JOSE VASCONCELOS DE FARIAS NETO;CAREIRO DA VARZEA;TECNICO EM AGROPECUARIA;; ESTATUTARIO;6214,78;;6214,78;1341,07;4873,71;
JOSINALDO BEZERRA PACHECO;CAREIRO DA VARZEA;TECNICO EM AGROPECUARIA;; ESTATUTARIO;5029,98;;5029,98;758,68;4271,30;
JOSINEI LIMA DA SILVA;AUTAZES;GERENTE;NAO INFORMADO; CARGO COMISSION.S/VINCULO;4209,79;;4209,79;581,50;3628,29;
JUDAH TORRES LIMA;PRESIDENTE FIGUEIREDO;A.TEC-III;; ESTATUTARIO;4490,13;;4490,13;248,46;4241,67;
JULIA SANTOS DE SEIXAS;DEPTO.DE OPERACOES TECNICAS;A.TEC-III;; ESTATUTARIO;4796,12;;4796,12;881,75;3914,37;
JULIO BELARMINO FERREIRA LINS;FONTE BOA;GERENTE;NAO INFORMADO; CARGO COMISSION.S/VINCULO;4209,79;;4209,79;640,87;3568,92;
JULIO CESAR DE LIMA GOES;SILVES;TECNICO EM AGROPECUARIA;; ESTATUTARIO;5337,83;;5337,83;1013,38;4324,45;
JULIO JUSCELINO DE SOUZA MESQUITA;ATALAIA DO NORTE;GERENTE;NAO INFORMADO; CARGO COMISSION.S/VINCULO;4209,79;;4209,79;602,02;3607,77;
JUSSARA DE SOUZA LOPES;ATALAIA DO NORTE;ENG-III;; ESTATUTARIO;8558,58;;8558,58;2271,74;6286,84;
KAIO ROGER DOCE DE OLIVEIRA;URICURITUBA;EX.SOC-III;; ESTATUTARIO;5155,15;;5155,15;1028,86;4126,29;
KAREN ALVES DA SILVA;MANACAPURU;ENG-III;; ESTATUTARIO;8558,58;;8558,58;2271,74;6286,84;
KAROLYNE WECKNER RODRIGUES;NOVO ARIPUANA;GERENTE;NAO INFORMADO; CARGO COMISSION.S/VINCULO;4209,79;;4209,79;640,87;3568,92;
KASSIA LILIAN MACEDO GOMES;SILVES;A.TEC-III;; ESTATUTARIO;4490,13;;4490,13;807,08;3683,05;
KATIA MARIA SOARES DA ROCHA;DEPARTAMENTO FINANCEIRO;GERENTE;NAO INFORMADO; CARGO COMISSION.S/VINCULO;4209,79;;4209,79;640,87;3568,92;
KELLY BORGES DE ALMEIDA ROCHA;DEPTO.DE OPERACOES TECNICAS;A.SOC-III;; ESTATUTARIO;7315,22;;7315,22;1884,82;5430,40;
KEROLLY GLORIA LOPES;SAO SEBASTIAO DO UATUMA;GERENTE;NAO INFORMADO; CARGO COMISSION.S/VINCULO;4209,79;;4209,79;640,87;3568,92;
LAIS DA ENCARNACAO TEIXEIRA;ASSESSORIA;ASSESSOR III;NAO INFORMADO; CARGO COMISSION.S/VINCULO;3191,80;;3191,80;372,18;2819,62;
LARISSA AROUCK MONTEIRO FRANCA;GUAJARA;T.AG-III;; ESTATUTARIO;5296,21;;5296,21;1060,60;4235,61;
LARISSA YANKA BATISTA MARAJO;TEFE;T.AG-III;; ESTATUTARIO;5155,15;;5155,15;1028,86;4126,29;
LAURA MAITE DIAS RODRIGUES;PARINTINS;T.AG-III;; ESTATUTARIO;5155,15;;5155,15;1028,86;4126,29;
LAURO DE MEDEIROS MARTINS;BARREIRINHA;AUXILIAR DE SERVICOS GERAIS;; ESTATUTARIO;3635,99;;3635,99;517,95;3118,04;
LAZARO MONTEIRO REIS;DEPTO.DE OPERACOES TECNICAS;TECNICO EM AGROPECUARIA;; ESTATUTARIO;5055,46;;5055,46;996,56;4058,90;
LEANDRO MASSAYUKI ROLIM YAMASHITA;TABATINGA;ENG-III;; ESTATUTARIO;8558,58;;8558,58;2271,74;6286,84;
LEIDERVAN MARCELO MARTINS ALVES;BOCA DO ACRE;M.FLU-III;; ESTATUTARIO;3100,22;;3100,22;426,44;2673,78;
LENA GUIOMAR CAVALCANTE F BARBOSA;PROCURADORIA JURIDICA;ASSESSOR I;NAO INFORMADO; CARGO COMISSION.S/VINCULO;5229,77;;5229,77;981,03;4248,74;
LEONARDO BARBOSA DA SILVA;JURUA;GERENTE;NAO INFORMADO; CARGO COMISSION.S/VINCULO;4209,79;;4209,79;609,94;3599,85;
LIDIANA ALMEIDA DA COSTA;DEPTO.DE OPERACOES TECNICAS;GERENTE;NAO INFORMADO; CARGO COMISSION.S/VINCULO;4209,79;;4209,79;640,87;3568,92;
LINDENBERG COSTA PAULINO;CASTANHO;ENG-III;; ESTATUTARIO;8558,58;;8558,58;2271,74;6286,84;
LINDON JONHSON NEVES DE AQUINO;BENJAMIN CONSTANT;T.AG-III;; ESTATUTARIO;5155,15;;5155,15;1028,86;4126,29;
LOURIVALDO NASCIMENTO BARROS;BORBA;TECNICO EM AGROPECUARIA;; ESTATUTARIO;5709,15;;5709,15;1128,31;4580,84;
LUCAS EDUARDO FERNANDES;IRANDUBA;ENG-III;; ESTATUTARIO;8558,58;;8558,58;2271,74;6286,84;
LUCAS HENRIQUE VIEIRA LENCI;HUMAITA;ENG-III;; ESTATUTARIO;9223,60;;9223,60;2522,12;6701,48;
LUCAS MAGALHAES LARA;CAREIRO DA VARZEA;MED.V-III;; ESTATUTARIO;9223,60;;9223,60;2522,12;6701,48;
LUCAS NOBRE DE SOUZA;BARREIRINHA;ENG-III;; ESTATUTARIO;8558,58;;8558,58;2271,74;6286,84;
LUCAS VIEIRA PEREIRA DE LUNA;DEPTO.ADMINISTRATIVO;A.TEC-III;; ESTATUTARIO;3990,13;;3990,13;718,55;3271,58;
LUCIANO LOBO PINHEIRO VAZ;NOVO REMANSO;GERENTE;GERENTE AD-2; CARGO COMISSION.S/VINCULO;4209,79;;4209,79;640,87;3568,92;
LUCIVALDO RIBEIRO PEREIRA;PARINTINS;ENGENHEIRO DE PESCA;; ESTATUTARIO;9572,58;;9572,58;2653,52;6919,06;
LUIS ANTONIO DA SILVA CRISTO;MANAQUIRI;MOTORISTA;; ESTATUTARIO;3749,71;;3749,71;454,96;3294,75;
LUIS AUGUSTO MATOS DOS SANTOS;SILVES;T.AG-III;; ESTATUTARIO;5155,15;;5155,15;1028,86;4126,29;
LUIS GONZAGA PICANCO NETO;BARREIRINHA;TECNICO EM AGROPECUARIA;; ESTATUTARIO;5478,85;;5478,85;1090,94;4387,91;
LUIS OCTAVIO VIEIRA PEREIRA;ITACOATIARA;ENG-III;; ESTATUTARIO;8558,58;;8558,58;2271,74;6286,84;
LUIZ ALBERTO LIRA DA CRUZ;DEPTO.DE OPERACOES TECNICAS;TECNICO EM AGROPECUARIA;; ESTATUTARIO;6677,96;;6677,96;1412,93;5265,03;
LUIZ ALDINEY ALVES DE OLIVEIRA;PRESIDENTE FIGUEIREDO;TECNICO EM AGROPECUARIA;GERENTE; ESTATUTARIO;6384,04;;6384,04;1181,72;5202,32;
LUIZ ANTONIO NASCIMENTO;DEPATO.DE ASSIST.TEC.EXT.RURAL;TECNICO EM AGROPECUARIA;GERENTE; ESTATUTARIO;5512,27;;5512,27;1137,51;4374,76;
LUIZ CARLOS DE ANDRADE FREIRE;MATUPI;GERENTE;NAO INFORMADO; CARGO COMISSION.S/VINCULO;4209,79;;4209,79;640,87;3568,92;
LUIZ CARLOS DE SA MORAIS GONCALVES;DIR.DE ASSIST.TEC.E EXT.RURAL;TECNICO EM AGROPECUARIA;; ESTATUTARIO;5654,93;;5654,93;1186,13;4468,80;
LUIZ EUCLIDES PESSOA SOUZA;NHAMUNDA;TECNICO EM AGROPECUARIA;GERENTE AD-2; ESTATUTARIO;5245,22;;5245,22;973,58;4271,64;
LUIZ HENRIQUE BRAZ JUNIOR;PROCURADORIA JURIDICA;PROCURADOR CHEFE;NAO INFORMADO; CARGO COMISSION.S/VINCULO;5229,77;;5229,77;981,03;4248,74;
LUIZ NUNES DIAS;ENVIRA;TECNICO EM AGROPECUARIA;; ESTATUTARIO;5709,15;;5709,15;1085,65;4623,50;
LUIZ ROBERTO PEREIRA DA COSTA;BOA VISTA DO RAMOS;TECNICO EM AGROPECUARIA;; ESTATUTARIO;6399,98;;6399,98;1106,82;5293,16;
LUIZ ROCHA MACIEL;DEPTO.ASSIST.TEC.EXT.FLORESTAL;GERENTE;; CARGO COMISSION.S/VINCULO;4209,79;;4209,79;609,94;3599,85;
LUIZ RODOLFO ARAUJO BONET;MANACAPURU;T.AG-III;; ESTATUTARIO;7521,12;;7521,12;928,63;6592,49;
LUIZ VANDERLEI NEVES AZEVEDO;PAUINI;TECNICO EM AGROPECUARIA;; ESTATUTARIO;7612,20;;7612,20;1752,72;5859,48;
LUZIANE CRISTINE SIQUEIRA TAVARES;DEPTO.ADMINISTRATIVO;ASSISTENTE TECNICO;; ESTATUTARIO;4165,73;;4165,73;737,34;3428,39;
MAIARA TEIXEIRA DE SOUZA;PRESIDENTE FIGUEIREDO;ENG-III;; ESTATUTARIO;8558,58;;8558,58;2271,74;6286,84;
MAISA GOMES MOURA;ANORI;T.AG-III;; ESTATUTARIO;5155,15;;5155,15;1028,86;4126,29;
MAISON BERNARDINO CAMPELO;ITAMARATI;T.AG-III;; ESTATUTARIO;5155,15;;5155,15;1028,86;4126,29;
MALVINO SALVADOR;DEPTO.ASSIST.TEC.EXT.FLORESTAL;ASSESSOR I;NAO INFORMADO; CARGO COMISSION.S/VINCULO;5229,77;;5229,77;981,03;4248,74;
MANOEL PEREIRA DA SILVA;UARINI;TECNICO EM AGROPECUARIA;; ESTATUTARIO;5709,15;;5709,15;1042,99;4666,16;
MARCEL CORREA RIBEIRO;DIRETORIA DE FOMENTO;ENG-III;; ESTATUTARIO;8312,76;;8312,76;2260,40;6052,36;
MARCELO AUGUSTO BORGES DA SILVA;DEPARTAMENTO FINANCEIRO;CHEFE DE DEPARTAMENTO;NAO INFORMADO; CARGO COMISSION.S/VINCULO;5229,77;;5229,77;981,03;4248,74;
MARCELO FRANCA GADELHA;ITACOATIARA;TECNICO EM AGROPECUARIA;; ESTATUTARIO;5709,15;;5709,15;1177,25;4531,90;
MARCELO FREDERICO TERCO FALCAO;DEPATO.DE ASSIST.TEC.EXT.RURAL;TECNICO AGROPECUARIA;; ESTATUTARIO;4801,32;;4801,32;823,00;3978,32;
MARCIA EVELYN TAVARES MALCHER;DEPARTAMENTO FINANCEIRO;ASSESSOR III;NAO INFORMADO; CARGO COMISSION.S/VINCULO;3191,80;;3191,80;372,18;2819,62;
MARCIO ANDRE DE SOUZA SILVA;SAO SEBASTIAO DO UATUMA;T.AG-III;; ESTATUTARIO;5155,15;;5155,15;1028,86;4126,29;
MARCIO GERALDO FONSECA ROSA;DEPTO.ASSIST.TEC.EXT.FLORESTAL;ASSESSOR II;NAO INFORMADO; CARGO COMISSION.S/VINCULO;4209,79;;4209,79;640,87;3568,92;
MARCIONEI SILVA DE OLIVEIRA;DIRETORIA ADMINIST.FINANCEIRA;DIRETOR ADMINISTRATIVO E FINANCEIRO;NAO INFORMADO; CARGO COMISSION.S/VINCULO;9000,00;;9000,00;2206,22;6793,78;
MARCOS ANTONIO CERQUEIRA;PRESIDENTE FIGUEIREDO;ENGENHEIRO DE PESCA;; ESTATUTARIO;11038,31;;11038,31;2570,91;8467,40;
MARCOS EUGENIO CHIXARO DE ALMEIDA;HUMAITA;TECNICO EM AGROPECUARIA;; ESTATUTARIO;5709,15;;5709,15;1128,31;4580,84;
MARCOS NUNES DA SILVA;JAPURA;T.AG-III;; ESTATUTARIO;5155,15;;5155,15;1028,86;4126,29;
MARGARETH NASCIMENTO BARROS;ITACOATIARA;ASSISTENTE TECNICO;; ESTATUTARIO;6406,83;;6406,83;1271,70;5135,13;
MARIA AMELIA CENA ARROJAVE;IRANDUBA;COZINHEIRO;; ESTATUTARIO;3322,43;;3322,43;479,43;2843,00;
MARIA DAS DORES ALVES OLIVEIRA;DEPATO.DE ASSIST.TEC.EXT.RURAL;TNS-III;; ESTATUTARIO;6650,20;;6650,20;703,41;5946,79;
MARIA DAS GRACAS BARBOSA DA SILVA;DEPTO.DE OPERACOES TECNICAS;TNS-III;; ESTATUTARIO;7936,46;;7936,46;2003,09;5933,37;
MARIA DAS GRACAS MACHADO LOPES;PARINTINS;ASSISTENTE TECNICO;; ESTATUTARIO;5418,40;;5418,40;1002,61;4415,79;
MARIA DELZILENE VIEIRA DA COSTA;EIRUNEPE;ASSISTENTE TECNICO;; ESTATUTARIO;5375,18;;5375,18;1042,06;4333,12;
MARIA DO CARMO ARAUJO;ASSESSORIA;CHEFE DE GABINETE;NAO INFORMADO; CARGO COMISSION.S/VINCULO;5229,77;;5229,77;981,03;4248,74;
MARIA DO CARMO GOMES PEREIRA;DEPTO.ASSIST.TEC.EXT.FLORESTAL;GERENTE;NAO INFORMADO; CARGO COMISSION.S/VINCULO;4209,79;;4209,79;640,87;3568,92;
MARIA DO SOCORRO FERNANDES DA SILVA;DEPATO.DE ASSIST.TEC.EXT.RURAL;TECNICO EM CONTABILIDADE;; ESTATUTARIO;5096,57;;5096,57;968,78;4127,79;
MARIA EULINA BATALHA DOS ANJOS;URUCARA;ASSISTENTE TECNICO;; ESTATUTARIO;4740,98;;4740,98;890,74;3850,24;
MARIA JOSE DE MELO ANDREOLA;DEPARTAMENTO FINANCEIRO;AGENTE ADMINISTRATIVO;; ESTATUTARIO;4101,42;;4101,42;691,61;3409,81;
MARIA LUDMILA COSTA IPIRANGA;DEPTO.ADMINISTRATIVO;A.TEC-III;; ESTATUTARIO;3990,13;;3990,13;159,93;3830,20;
MARIA REGINA DA SILVA GOMES MEIRES;DEPTO.DE OPERACOES TECNICAS;ASSESSOR III;NAO INFORMADO; CARGO COMISSION.S/VINCULO;3191,80;;3191,80;372,18;2819,62;
MARIA SANIA DE OLIVEIRA FRANCA;ENVIRA;T.AG-III;; ESTATUTARIO;5155,15;;5155,15;377,14;4778,01;
MARILDO XIMENDES DA SILVA;MANACAPURU;TECNICO EM AGROPECUARIA;; ESTATUTARIO;5709,15;;5709,15;1128,31;4580,84;
MARINEZIO PESSOA DE SOUZA;NHAMUNDA;TECNICO EM AGROPECUARIA;; ESTATUTARIO;5327,49;;5327,49;1086,34;4241,15;
MARIO FRANCISCO CALDAS ONO;DEPTO.ASSIST.TEC.EXT.FLORESTAL;TECNICO EM AGROPECUARIA;GERENTE; ESTATUTARIO;5884,04;;5884,04;1277,48;4606,56;
MARIO JANDER DE MATOS MENDES JUNIOR;NOVO REMANSO;ENG-III;; ESTATUTARIO;8558,58;;8558,58;2271,74;6286,84;
MARIO JORGE MACEDO CORREIA;DEPTO.ADMINISTRATIVO;A.TEC-III;; ESTATUTARIO;4578,65;;4578,65;829,84;3748,81;
MARIO REGIS SOARES GOMES;TABATINGA;TECNICO AGRICOLA;; ESTATUTARIO;6873,53;;6873,53;1389,08;5484,45;
MARISA DA COSTA BEZERRA;DEPARTAMENTO FINANCEIRO;ASSISTENTE TECNICO;; ESTATUTARIO;5148,03;;5148,03;986,98;4161,05;
MARIZA DA PAZ DANTAS RODRIGUES;CODAJAS;ASSISTENTE TECNICO;ASSISTENTE TECNICO; ESTATUTARIO;4866,25;;4866,25;925,22;3941,03;
MARIZA GOMES DA SILVA;SAO SEBASTIAO DO UATUMA;T.AG-III;; ESTATUTARIO;5155,15;;5155,15;1028,86;4126,29;
MARIZA LISLEY DA SILVA JUREMA;MANICORE;GERENTE;NAO INFORMADO; CARGO COMISSION.S/VINCULO;4209,79;;4209,79;640,87;3568,92;
MARLENE RAMOS REIS;COARI;ASSISTENTE TECNICO;; ESTATUTARIO;4670,12;;4670,12;785,09;3885,03;
MARLESON DOS SANTOS TAVARES;PARINTINS;T.AG-III;; ESTATUTARIO;5155,15;;5155,15;1028,86;4126,29;
MARQUINHO CASTRO DOS SANTOS;ALVARAES;GERENTE;NAO INFORMADO; CARGO COMISSION.S/VINCULO;4209,79;;4209,79;640,87;3568,92;
MAURICIO BORGES;AUTAZES;TECNICO EM AGROPECUARIA;; ESTATUTARIO;6200,44;;6200,44;1336,91;4863,53;
MELQUEZEDEQUE JEIDER O MIRANDA;DEPATO.DE ASSIST.TEC.EXT.RURAL;CHEFE DE DEPARTAMENTO;NAO INFORMADO; CARGO COMISSION.S/VINCULO;5229,77;;5229,77;981,03;4248,74;
MIQUEIAS EMANUEL SOUZA LACERDA;AUTAZES;MOT-III;; ESTATUTARIO;3100,22;;3100,22;426,44;2673,78;
MIRIAN BATISTA DE OLIVEIRA;ALVARAES;T.AG-III;; ESTATUTARIO;8467,50;;8467,50;1186,34;7281,16;
MIRTA DOS SANTOS PONTES;PRESIDENTE FIGUEIREDO;ASSISTENTE TECNICO;; ESTATUTARIO;5463,83;;5463,83;1067,63;4396,20;
MOACIR ALVES MARAES;DEPTO.DE OPERACOES TECNICAS;AUXILIAR DE SERVICOS GERAIS;; ESTATUTARIO;2696,03;;2696,03;408,53;2287,50;
MOISES DE SOUZA BRUNO;ANORI;GERENTE;NAO INFORMADO; CARGO COMISSION.S/VINCULO;4209,79;;4209,79;640,87;3568,92;
NADSON LOUREIRO MONTEIRO;CAREIRO DA VARZEA;M.FLU-III;; ESTATUTARIO;3863,90;;3863,90;154,14;3709,76;
NAFTALY DE SOUZA OLIVEIRA;LABREA;T.AG-III;; ESTATUTARIO;5155,15;;5155,15;377,14;4778,01;
NANCI BATISTA REIS;LABREA;ENG-III;; ESTATUTARIO;9112,76;;9112,76;2480,40;6632,36;
NECILDO MONTEIRO DA SILVA;CARAUARI;A.TEC-III;; ESTATUTARIO;4490,13;;4490,13;807,08;3683,05;
NEDER DE SOUZA FALCAO;IRANDUBA;TECNICO EM AGROPECUARIA;; ESTATUTARIO;5709,15;;5709,15;1229,38;4479,77;
NEILA DOS SANTOS CARDOSO DUARTE;CAREIRO DA VARZEA;ASSISTENTE TECNICO;; ESTATUTARIO;4754,33;;4754,33;894,23;3860,10;
NELCYRLANE ALCANTARA CASCAES;MANAQUIRI;TECNICO EM AGROPECUARIA;; ESTATUTARIO;5709,15;;5709,15;1229,38;4479,77;
NELIO BRANDAO FREITAS;DEPATO.DE ASSIST.TEC.EXT.RURAL;ASSESSOR III;NAO INFORMADO; CARGO COMISSION.S/VINCULO;3191,80;;3191,80;372,18;2819,62;
NELIO DE OLIVEIRA SENA;RIO PRETO DA EVA;TECNICO EM AGROPECUARIA;; ESTATUTARIO;5709,15;;5709,15;1177,25;4531,90;
NESTOR RIBEIRO NETO;FONTE BOA;T.AG-III;; ESTATUTARIO;5155,15;;5155,15;1028,86;4126,29;
NEY DE FREITAS ASSIS;BOCA DO ACRE;TECNICO EM AGROPECUARIA;GERENTE; ESTATUTARIO;6930,43;;6930,43;1540,21;5390,22;
NILL HARLEY SHERSMAN D PINTO;JUTAI;T.AG-III;; ESTATUTARIO;4796,21;;4796,21;291,94;4504,27;
NONATO RAIMUNDO GOMES DE ALMEIDA;EIRUNEPE;VIGIA;; ESTATUTARIO;3276,76;;3276,76;464,01;2812,75;
OCTACILIO JOSE PESSOA FERREIRA NETO;PARINTINS;MEDICO VETERINARIO;; ESTATUTARIO;9710,80;;9710,80;2525,23;7185,57;
ODELANGE CARLOS SEABRA DOS REIS;TEFE;GERENTE;NAO INFORMADO; CARGO COMISSION.S/VINCULO;4209,79;;4209,79;640,87;3568,92;
OFIR DE SOUZA HAGE;DIRETORIA DE FOMENTO;TECNICO EM AGROPECUARIA;GERENTE AD/2; ESTATUTARIO;6394,99;;6394,99;1390,20;5004,79;
OMESIAS MACEDO DOS SANTOS;URUCARA;TECNICO EM AGROPECUARIA;; ESTATUTARIO;5430,78;;5430,78;1078,13;4352,65;
ORLANDO JUSTINO DA COSTA;DEPTO.ADMINISTRATIVO;A.TEC-III;; ESTATUTARIO;4010,53;;4010,53;724,03;3286,50;
ORLANDO PEREIRA ANTUNES;BOA VISTA DO RAMOS;ASSISTENTE TECNICO;; ESTATUTARIO;4665,70;;4665,70;822,97;3842,73;
ORLEIDSON MAIA SALES;DEPATO.DE ASSIST.TEC.EXT.RURAL;GERENTE;NAO INFORMADO; CARGO COMISSION.S/VINCULO;4209,79;;4209,79;640,87;3568,92;
ORNALDO MIRANDA SACRAMENTO;SAO PAULO DE OLIVENCA;T.AG-III;; ESTATUTARIO;5155,15;;5155,15;1028,86;4126,29;
OSIMAR DA SILVA OLIVEIRA;AUTAZES;MED.V-III;; ESTATUTARIO;9125,84;;9125,84;2409,27;6716,57;
OSMAR DE SOUZA MENEZES;EIRUNEPE;ASSISTENTE TECNICO;; ESTATUTARIO;5379,45;;5379,45;997,16;4382,29;
OSMAR LIRA DE CARVALHO;DEPTO.ADMINISTRATIVO;AUXILIAR DE SERVICOS GERAIS;; ESTATUTARIO;2734,34;;2734,34;411,41;2322,93;
OZENILDO OLIVEIRA MINEIRO;DIRETORIA DE FOMENTO;TECNICO EM AGROPECUARIA;; ESTATUTARIO;5209,15;;5209,15;1058,46;4150,69;
PATRIK ONIAS MONTEIRO;EIRUNEPE;ENG-III;; ESTATUTARIO;8558,58;;8558,58;2271,74;6286,84;
PAULA LARISSA NASCIMENTO ALVES;DEPTO.DE OPERACOES TECNICAS;EX.SOC-III;; ESTATUTARIO;4655,15;;4655,15;916,36;3738,79;
PAULO FERREIRA GALVAO;DEPATO.DE ASSIST.TEC.EXT.RURAL;ENGENHEIRO CIVIL;; ESTATUTARIO;12494,78;;12494,78;3444,87;9049,91;
PAULO HENRIQUE RIBEIRO DOS SANTOS;CASTANHO;GERENTE;NAO INFORMADO; CARGO COMISSION.S/VINCULO;4209,79;;4209,79;640,87;3568,92;
PAULO RAMOS ROLIM;DEPATO.DE ASSIST.TEC.EXT.RURAL;ENGENHEIRO DE PESCA;; ESTATUTARIO;12607,94;;12607,94;3643,02;8964,92;
PAULO RENE PIMENTEL GONZAGA;BARREIRINHA;T.AG-III;; ESTATUTARIO;5155,15;;5155,15;1028,86;4126,29;
PAULO ROBERTO DA SILVA TORRES;TEFE;ENG-III;; ESTATUTARIO;8558,58;;8558,58;2271,74;6286,84;
PAULO SOARES COSTA;DEPTO.DE OPERACOES TECNICAS;ENGENHEIRO AGRONOMO;; ESTATUTARIO;9902,29;;9902,29;2621,69;7280,60;
PEDRO CASTRO DA SILVA;SAO SEBASTIAO DO UATUMA;AUXILIAR TECNICO;; ESTATUTARIO;5172,64;;5172,64;762,60;4410,04;
PEDRO CHAVES DA SILVA;DEPATO.DE ASSIST.TEC.EXT.RURAL;GERENTE;; CARGO COMISSION.S/VINCULO;4209,79;;4209,79;581,50;3628,29;
PEDRO HENRIQUE HONORIO TRINDADE;HUMAITA;ENGENHEIRO AGRONOMO;; ESTATUTARIO;8558,58;;8558,58;2271,74;6286,84;
PEDRO JORGE RAMOS SILVEIRA;MAUES;ENG-III;; ESTATUTARIO;8558,58;;8558,58;2271,74;6286,84;
PEDRO RODRIGUES REINALDO FILHO;JAPURA;GERENTE;NAO INFORMADO; CARGO COMISSION.S/VINCULO;4209,79;;4209,79;609,94;3599,85;
PERPETUO SOCORRO DE OLIVEIRA LOPES;PARINTINS;TECNICO EM CONTABILIDADE;; ESTATUTARIO;5610,00;;5610,00;1107,94;4502,06;
PLACIDO DA SILVA RAMOS FILHO;MANACAPURU;ENGENHEIRO AGRONOMO;; ESTATUTARIO;15101,76;;15101,76;4205,12;10896,64;
RADSON ROGERTON DOS SANTOS ALVES;DIR.DE ASSIST.TEC.E EXT.RURAL;DIRETOR DE ASSIST.TEC.E.EXT.RURAL;NAO INFORMADO; CARGO COMISSION.S/VINCULO;9000,00;;9000,00;2206,22;6793,78;
RAFAEL CAMOLEZE MALTAROLO;HUMAITA;ENG-III;; ESTATUTARIO;8558,58;;8558,58;2271,74;6286,84;
RAFAEL KOIDE TAVARES;BARREIRINHA;GERENTE;NAO INFORMADO; CARGO COMISSION.S/VINCULO;4209,79;;4209,79;640,87;3568,92;
RAFAEL NUNES OLIVEIRA;ITACOATIARA;T.AG-III;; ESTATUTARIO;5155,15;;5155,15;1028,86;4126,29;
RAIMUNDA DE SOUZA FARIAS;ITACOATIARA;ENG-III;; ESTATUTARIO;8558,58;;8558,58;2271,74;6286,84;
RAIMUNDA GONCALVES DA CUNHA;CASTANHO;AGENTE ADMINISTRATIVO;; ESTATUTARIO;4584,00;;4584,00;838,38;3745,62;
RAIMUNDO DA SILVA QUEIROZ;CODAJAS;MOTORISTA;; ESTATUTARIO;3562,27;;3562,27;543,95;3018,32;
RAIMUNDO GERSON SOUZA DA COSTA;DIRETORIA DE FOMENTO;ENGENHEIRO FLORESTAL;; ESTATUTARIO;17819,36;;17819,36;5555,16;12264,20;
RAIMUNDO MENDES LEAL FILHO;MAUES;TECNICO EM AGROPECUARIA;; ESTATUTARIO;5709,15;;5709,15;1229,38;4479,77;
RAIMUNDO NONATO DE LIMA LYRA;DEPARTAMENTO FINANCEIRO;ASSISTENTE TECNICO;; ESTATUTARIO;4171,02;;4171,02;749,85;3421,17;
RAIMUNDO NONATO RIBEIRO AMBROSIO;CASTANHO;AUX.O-III;; ESTATUTARIO;3126,45;;3126,45;431,81;2694,64;
RAIMUNDO NUNES DE OLIVEIRA;NHAMUNDA;M.FLU-III;; ESTATUTARIO;4532,13;;4532,13;256,59;4275,54;
RAIMUNDO OBERTO CASCAES;MANAQUIRI;MOTORISTA;; ESTATUTARIO;4188,16;;4188,16;658,41;3529,75;
RAIMUNDO OSCAR VIEIRA DE OLIVEIRA;PARINTINS;TECNICO EM AGROPECUARIA;; ESTATUTARIO;5482,10;;5482,10;1139,08;4343,02;
RAIMUNDO PEREIRA AMORIM;DEPTO.DE OPERACOES TECNICAS;TECNICO EM AGROPECUARIA;; ESTATUTARIO;5020,89;;5020,89;1031,61;3989,28;
RAIMUNDO ROSSY LIMA DE SOUZA;URICURITUBA;GERENTE;NAO INFORMADO; CARGO COMISSION.S/VINCULO;4209,79;;4209,79;640,87;3568,92;
RAIMUNDO VIEIRA DA SILVA;DEPARTAMENTO DE PLANEJAMENTO;PEDAGOGO;; ESTATUTARIO;11468,46;;11468,46;2964,05;8504,41;
RAIMUNDO ZOROASTRO N BRANDAO;TABATINGA;TECNICO AGRICOLA;; ESTATUTARIO;6873,53;;6873,53;1389,08;5484,45;
RAMOM RODRIGUES ARAUJO;DEPATO.DE ASSIST.TEC.EXT.RURAL;ENG-III;; ESTATUTARIO;7758,58;;7758,58;2051,74;5706,84;
REDINE CLAUDIO XAVIER;ENVIRA;TECNICO EM AGROPECUARIA;; ESTATUTARIO;5477,61;;5477,61;851,97;4625,64;
REGIMARA ALVES BREVES;DEPTO.ADMINISTRATIVO;AGENTE ADMINISTRATIVO;GERENTE; ESTATUTARIO;7344,77;;7344,77;1419,79;5924,98;
RENAN FERREIRA RODRIGUES;IRANDUBA;T.AG-III;; ESTATUTARIO;9098,43;;9098,43;1359,85;7738,58;
RENATO ALVES DE ARAUJO;ITACOATIARA;AUX.O-III;; ESTATUTARIO;3494,63;;3494,63;497,32;2997,31;
RENATO MARQUES DO NASCIMENTO;DEPTO.DE OPERACOES TECNICAS;AUXILIAR DE SERVICOS GERAIS;; ESTATUTARIO;2696,03;;2696,03;394,32;2301,71;
RENATO PALMA DE LIMA;BORBA;ASSISTENTE TECNICO;; ESTATUTARIO;5437,48;;5437,48;1058,63;4378,85;
RICARDO DE SOUZA SOBREIRA;MANAQUIRI;GERENTE;NAO INFORMADO; CARGO COMISSION.S/VINCULO;4209,79;;4209,79;496,19;3713,60;
RICKSON DA CRUZ VALENTE;PARINTINS;TECNICO EM AGROPECUARIA;GERENTE; ESTATUTARIO;6002,44;;6002,44;1219,17;4783,27;
RIVETLA EDIPO ARAUJO CRUZ;APUI;T.AG-III;; ESTATUTARIO;5155,15;;5155,15;1028,86;4126,29;
ROBERTO AIRES EDWARDS DE OLIVEIRA;CAREIRO DA VARZEA;TECNICO EM AGROPECUARIA;; ESTATUTARIO;5709,15;;5709,15;1229,38;4479,77;
ROBERTO VANDERLEI DE ARRUDA;APUI;AGENTE ADMINISTRATIVO;; ESTATUTARIO;4899,38;;4899,38;927,74;3971,64;
RODERICO DE LIMA LIMEIRA;MANICORE;MOTORISTA;; ESTATUTARIO;3735,55;;3735,55;590,57;3144,98;
RODRIGO ROCHA VIANA;DEPTO.ADMINISTRATIVO;GERENTE;NAO INFORMADO; CARGO COMISSION.S/VINCULO;4209,79;;4209,79;640,87;3568,92;
ROGER VIEIRA MACIEL;BOCA DO ACRE;MED.V-III;; ESTATUTARIO;8558,58;;8558,58;2271,74;6286,84;
ROGERIO RIBEIRO DE AMORIM;DEPTO.ADMINISTRATIVO;MOT-III;; ESTATUTARIO;2600,22;;2600,22;388,94;2211,28;
ROMUALDO FIGUEIREDO RAMOS;MANACAPURU;TECNICO EM AGROPECUARIA;; ESTATUTARIO;5535,02;;5535,02;1144,99;4390,03;
RONALD DA SILVA FARIAS;NHAMUNDA;T.AG-III;; ESTATUTARIO;5155,15;;5155,15;1028,86;4126,29;
RONEY DE CARVALHO MACEDO SILVA;SAO GABRIEL DA CACHOEIRA;ENG-III;; ESTATUTARIO;8558,58;;8558,58;2271,74;6286,84;
RONIERY CARLOS GONCALVES GALINDO;DEPATO.DE ASSIST.TEC.EXT.RURAL;MED.V-III;; ESTATUTARIO;8534,44;;8534,44;2343,86;6190,58;
RONNIE PETERSON OLIVEIRA REBELO;DIRETORIA DE FOMENTO;MOT-III;; ESTATUTARIO;2600,22;;2600,22;24,91;2575,31;
ROSALBINA MOURA CAVALCANTE;DIRETORIA ADMINIST.FINANCEIRA;AUX.S.G-III;; ESTATUTARIO;2994,15;;2994,15;421,88;2572,27;
ROSEMIRO PICANCO ROCHA FILHO;PARINTINS;TECNICO EM CONTABILIDADE;TEC.DE CONTABILIDADE; ESTATUTARIO;5607,84;;5607,84;1053,55;4554,29;
ROSIELE DOS SANTOS VASCONCELOS;TEFE;EX.SOC-III;; ESTATUTARIO;5786,07;;5786,07;518,30;5267,77;
ROSSICLEIDE DA ROCHA BATISTA;NOVO AIRAO;T.AG-III;; ESTATUTARIO;5155,15;;5155,15;1028,86;4126,29;
RUCIAN SANTOS DE ANDRADE;TAPAUA;T.AG-III;; ESTATUTARIO;5155,15;;5155,15;1028,86;4126,29;
SABRINA SIANI VIANA ARAUJO;PRESIDENTE FIGUEIREDO;ENG-III;; ESTATUTARIO;8558,58;;8558,58;2271,74;6286,84;
SAMUEL DOS SANTOS SILVA;TONANTINS;T.AG-III;; ESTATUTARIO;5155,15;;5155,15;1028,86;4126,29;
SANDERSON DA SILVA SANTANA;DEPTO.DE OPERACOES TECNICAS;ASSESSOR III;NAO INFORMADO; CARGO COMISSION.S/VINCULO;3191,80;;3191,80;372,18;2819,62;
SANDRA REGINA MAQUINE BARBOSA;DIRETORIA ADMINIST.FINANCEIRA;TEC. DE NIVEL SUPERIOR 1A CLASSE;F. GRATIFICADA, FG-1; ESTATUTARIO;8114,68;;8114,68;2046,55;6068,13;
SAVIO ARAUJO BOTO;DEPATO.DE ASSIST.TEC.EXT.RURAL;TNS-III;; ESTATUTARIO;6650,20;;6650,20;1634,44;5015,76;
SCHIRLEY ELVIRA PINTO ATAIDE;ITACOATIARA;TECNICO EM AGROPECUARIA;; ESTATUTARIO;5709,15;;5709,15;1177,25;4531,90;
SEBASTIAO DA SILVA GOMES;DEPTO.DE OPERACOES TECNICAS;AUXILIAR DE SERVICOS GERAIS;; ESTATUTARIO;2696,03;;2696,03;377,44;2318,59;
SEBASTIAO DIAS DE MENDONCA;DEPATO.DE ASSIST.TEC.EXT.RURAL;ENGENHEIRO AGRONOMO;GERENTE AD/2; ESTATUTARIO;10687,23;;10687,23;2965,03;7722,20;
SEBASTIAO JOSE PINHEIRO DA PAIXAO;IRANDUBA;CAD-III;; ESTATUTARIO;5209,54;;5209,54;930,09;4279,45;
SEBASTIAO ROQUE DA CRUZ;DIRETORIA DE FOMENTO;TECNICO EM AGROPECUARIA;; ESTATUTARIO;5804,33;;5804,33;1229,74;4574,59;
SERGIO AUGUSTO FROES CAVALCANTE;ITAPIRANGA;TECNICO EM AGROPECUARIA;; ESTATUTARIO;5709,15;;5709,15;1053,60;4655,55;
SERGIO ROCHA MUNIZ;DIR.DE ASSIST.TEC.E EXT.RURAL;MEDICO VETERINARIO;; ESTATUTARIO;8292,38;;8292,38;2182,74;6109,64;
SILDOVERIO ALMEIDA TUNDIS;DEPATO.DE ASSIST.TEC.EXT.RURAL;ENG-III;; ESTATUTARIO;11343,07;;11343,07;3259,92;8083,15;
SILVIA CHRISTINA DOMINGUES DE ABREU;DEPATO.DE ASSIST.TEC.EXT.RURAL;ENGENHEIRO AGRONOMO;; ESTATUTARIO;9326,76;;9326,76;2537,89;6788,87;
SIMONE ANDRADE DE SOUZA;PAUINI;A.SOC-III;; ESTATUTARIO;7450,20;;7450,20;1854,44;5595,76;
SUZAMAR DA SILVA SANTOS;DEPATO.DE ASSIST.TEC.EXT.RURAL;AUXILIAR TECNICO;; ESTATUTARIO;4671,35;;4671,35;921,77;3749,58;
TADEU VELOSO PACHECO;NOVO AIRAO;TECNICO EM AGROPECUARIA;; ESTATUTARIO;5709,15;;5709,15;1128,31;4580,84;
TAIRIS HENRIQUE DE SOUZA;EIRUNEPE;T.AG-III;; ESTATUTARIO;5155,15;;5155,15;377,14;4778,01;
TAISON MORAES DA CRUZ;DEPTO.ADMINISTRATIVO;GERENTE;NAO INFORMADO; CARGO COMISSION.S/VINCULO;4209,79;;4209,79;640,87;3568,92;
TALYSON MARTINS DE ANDRADE;BENJAMIN CONSTANT;T.AG-III;; ESTATUTARIO;5155,15;;5155,15;1028,86;4126,29;
THIAGO ABRAAO REIS DE FRANÇA;MATUPI;ENG-III;; ESTATUTARIO;8558,58;;8558,58;2271,74;6286,84;
THIERRY DOS SANTOS RIBEIRO;URICURITUBA;T.AG-III;; ESTATUTARIO;6488,99;;6488,99;665,29;5823,70;
TIAGO ROCHA SANTOS;ITACOATIARA;ENGENHEIRO AGRONOMO;; ESTATUTARIO;9223,60;;9223,60;2522,12;6701,48;
TICIANA ARAUJO VILLELA;AUTAZES;ENG-III;; ESTATUTARIO;8558,58;;8558,58;2271,74;6286,84;
TOMAS IGO MUNOZ SANCHES;PRESIDENCIA;DIRETOR PRESIDENTE;NAO INFORMADO; CARGO COMISSION.S/VINCULO;11700,00;;11700,00;2948,72;8751,28;
UELITON RIBEIRO PINTO;HUMAITA;M.FLU-III;; ESTATUTARIO;3230,57;;3230,57;65,57;3165,00;
VAGNER LUIZ RIBEIRO;DEPTO.ASSIST.TEC.EXT.FLORESTAL;ENG-III;; ESTATUTARIO;7758,58;;7758,58;2051,74;5706,84;
VALDECIO DA SILVA GOMES;IPIXUNA;GERENTE;; CARGO COMISSION.S/VINCULO;4209,79;;4209,79;581,50;3628,29;
VALDEMIR BAIA SOARES;DEPTO.DE OPERACOES TECNICAS;A.TEC-III;; ESTATUTARIO;4645,39;;4645,39;851,21;3794,18;
VALDENIZA PRAIANO DE SOUZA;DEPARTAMENTO FINANCEIRO;TECNICO EM CONTABILIDADE;; ESTATUTARIO;4630,93;;4630,93;878,01;3752,92;
VALDENOR PEREIRA DE AZEVEDO;BORBA;AUXILIAR DE SERVICOS GERAIS;; ESTATUTARIO;3198,37;;3198,37;432,30;2766,07;
VALDERLINE DE SOUZA TOME;CODAJAS;GERENTE;NAO INFORMADO; CARGO COMISSION.S/VINCULO;4209,79;;4209,79;640,87;3568,92;
VALDIMAR NASCIMENTO AIAMBO;SAO PAULO DE OLIVENCA;GERENTE;; DISP. OUTROS ESFERAS;4209,79;;4209,79;311,07;3898,72;
VALDIR SOUZA E SILVA JUNIOR;DEPTO.ADMINISTRATIVO;MOT-III;; ESTATUTARIO;2600,22;;2600,22;388,94;2211,28;
VALDO DE OLIVEIRA E SILVA;NOVA OLINDA DO NORTE;GERENTE;; CARGO COMISSION.S/VINCULO;5613,05;;5613,05;1073,04;4540,01;
VALERIA BARBOSA RODRIGUES;MANACAPURU;T.AG-III;; ESTATUTARIO;5155,15;;5155,15;1028,86;4126,29;
VALERIA NOGUEIRA DE JESUS;DIR.DE ASSIST.TEC.E EXT.RURAL;A.TEC-III;; ESTATUTARIO;5338,31;;5338,31;1005,05;4333,26;
VANIA RIBEIRO CHERRI;CANUTAMA;ENG-III;; ESTATUTARIO;8558,58;;8558,58;2271,74;6286,84;
VICENTE MARQUES DA SILVA FILHO;DEPTO.DE OPERACOES TECNICAS;TECNICO EM AGROPECUARIA;; ESTATUTARIO;5700,07;;5700,07;1199,41;4500,66;
VITORIA PEREIRA DA SILVA;NHAMUNDA;T.AG-III;; ESTATUTARIO;7521,12;;7521,12;928,63;6592,49;
WALDOMIRO BORGES DE ARAUJO;NOVO AIRAO;ASSISTENTE TECNICO;; ESTATUTARIO;4887,02;;4887,02;930,29;3956,73;
WALLON VIANA DA SILVA;SILVES;GERENTE;NAO INFORMADO; CARGO COMISSION.S/VINCULO;4209,79;;4209,79;640,87;3568,92;
WALTER RIBEIRO DE CARVALHO;DEPTO.DE OPERACOES TECNICAS;ENGENHEIRO AGRONOMO;; ESTATUTARIO;21226,41;;21226,41;6305,93;14920,48;
WANDA LEMOS PAIXAO NOGUEIRA;DEPATO.DE ASSIST.TEC.EXT.RURAL;ENG-III;; ESTATUTARIO;7758,58;;7758,58;2051,74;5706,84;
WANDERLEY HOLLANDA CAVALCANTE;PARINTINS;SOCIOLOGO;; ESTATUTARIO;8602,23;;8602,23;2258,65;6343,58;
WASHINGTON LUIS AGUIAR;DEPATO.DE ASSIST.TEC.EXT.RURAL;ENGENHEIRO AGRONOMO;GERENTE AD/2; ESTATUTARIO;10718,02;;10718,02;2971,00;7747,02;
WENDELL JOSE DOS SANTOS CARVALHO;NHAMUNDA;GERENTE;NAO INFORMADO; CARGO COMISSION.S/VINCULO;4209,79;;4209,79;640,87;3568,92;
WILLIS VIEIRA MERIGUETE;DEPATO.DE ASSIST.TEC.EXT.RURAL;GERENTE;NAO INFORMADO; CARGO COMISSION.S/VINCULO;4209,79;;4209,79;640,87;3568,92;
YGOR BEZERRA BRAGA;DEPTO.ADMINISTRATIVO;A.TEC-III;; ESTATUTARIO;3990,13;;3990,13;159,93;3830,20;
YURIKA OKA;DEPATO.DE ASSIST.TEC.EXT.RURAL;A.TEC-III;; ESTATUTARIO;3990,13;;3990,13;718,55;3271,58;
ZACARIAS DA SILVA GONDIM;IRANDUBA;TECNICO EM AGROPECUARIA;; ESTATUTARIO;5431,31;;5431,31;1124,06;4307,25;
