NOME;LOTACAO;CARGO;FUNCAO;VINCULO;REMUNERACAO LEGAL TOTAL(R$);DESC.TETO(R$); REMUNERACAO LEGAL DEVIDA(R$);DESCONTOS LEGAIS(R$);LIQUIDO DISPONIVEL(R$);
ADAISA DE ALENCAR MELO;COORD. ADMINISTRAT. FINANCEIRA;BIBLI-III;BIBLIOTECARIO; ESTATUTARIO;5252,89;;5252,89;1115,71;4137,18;
ADONIAS DE OLIVEIRA PRAIA JUNIOR;COORD. ADMINISTRAT. FINANCEIRA;GERENTE;NAO INFORMADO; CARGO COMISSION.S/VINCULO;1911,79;;1911,79;153,88;1757,91;
ADRIANA BATISTA BATALHA;COORD. ADMINISTRAT. FINANCEIRA;ASSESSOR III;ASSESSOR III AD-3; CARGO COMISSION.S/VINCULO;3191,80;;3191,80;352,48;2839,32;
ADRIANA LINS BARROS;COORD. ADMINISTRAT. FINANCEIRA;AUX.O-III;AUX OP CAMAR TEATRO; ESTATUTARIO;2198,89;;2198,89;307,84;1891,05;
ALAN DA SILVA GOMES;COORD. ADMINISTRAT. FINANCEIRA;AUX.O-III;; ESTATUTARIO;2198,89;;2198,89;307,84;1891,05;
ALANIS BRIZET SALAZAR CHAVEZ;COORD. ADMINISTRAT. FINANCEIRA;ASSESSOR II;ASSESSOR II; CARGO COMISSION.S/VINCULO;2213,79;;2213,79;181,06;2032,73;
ALBERTO MOURA;COORD. ADMINISTRAT. FINANCEIRA;AUX.S.G-II;; ESTATUTARIO;2520,15;;2520,15;333,35;2186,80;
ALCI RIBEIRO DE ALENCAR;COORD. ADMINISTRAT. FINANCEIRA;OPERADOR DE ILUMINACAO;; ESTATUTARIO;4003,85;;4003,85;663,72;3340,13;
ALCIONE LIMA DE ALMEIDA C BARBOSA;COORD. ADMINISTRAT. FINANCEIRA;SUBGERENTE;SUBGERENTE AD-3; CARGO COMISSION.S/VINCULO;2195,80;;2195,80;179,44;2016,36;
ALDERLANI DE OLIVEIRA LEITE;COORD. ADMINISTRAT. FINANCEIRA;GERENTE;GERENTE AD-2; CARGO COMISSION.S/VINCULO;2609,79;;2609,79;258,44;2351,35;
ALESSANDRA COSTA CESAR DE SOUZA;COORD. ADMINISTRAT. FINANCEIRA;ASSESSOR II;NAO INFORMADO; CARGO COMISSION.S/VINCULO;3209,79;;3209,79;376,71;2833,08;
ALESSANDRA D'AVILA ALMEIDA SILVA;COORD. ADMINISTRAT. FINANCEIRA;GERENTE;GERENTE AD-2; CARGO COMISSION.S/VINCULO;4209,79;;4209,79;609,94;3599,85;
ALESSANDRA MARIA DA SILVA GOMES;COORD. ADMINISTRAT. FINANCEIRA;GERENTE;GERENTE AD-2; CARGO COMISSION.S/VINCULO;2609,79;;2609,79;258,44;2351,35;
ALEX CLEI DA SILVA BAIA;COORD. ADMINISTRAT. FINANCEIRA;AUX.O-III;AUX. OPER. CENOTECN; ESTATUTARIO;2861,81;;2861,81;328,15;2533,66;
ALFRELENE PAES BARRETO PINTO;COORD. ADMINISTRAT. FINANCEIRA;ASSISTENTE TECNICO II;; ESTATUTARIO;4400,19;;4400,19;739,11;3661,08;
ALICHELLY CARINA MACEDO VENTURA;COORD. ADMINISTRAT. FINANCEIRA;GERENTE;GERENTE; CARGO COMISSION.S/VINCULO;5670,62;;5670,62;1146,85;4523,77;
ALINE DE SOUZA SANTANA;COORD. ADMINISTRAT. FINANCEIRA;GERENTE;GERENTE AD-2; CARGO COMISSION.S/VINCULO;4209,79;;4209,79;640,87;3568,92;
ALINE ROSANA ALEXANDRINA DA SILVA;COORD. ADMINISTRAT. FINANCEIRA;A.TEC-III;; ESTATUTARIO;3375,48;;3375,48;553,21;2822,27;
ALINE SOUZA DE OLIVEIRA;COORD. ADMINISTRAT. FINANCEIRA;AUX.O-III;AUX OP COSTUREIRA; ESTATUTARIO;2198,89;;2198,89;307,84;1891,05;
ALIZIANE CUNEGONDES FONTES;COORD. ADMINISTRAT. FINANCEIRA;AUX.ADM-III;; ESTATUTARIO;2321,04;;2321,04;324,95;1996,09;
ALLANA LARISSA DE OLIVEIRA LIMA;COORD. ADMINISTRAT. FINANCEIRA;GERENTE;GERENTE AD-2; CARGO COMISSION.S/VINCULO;2609,79;;2609,79;244,22;2365,57;
AMANDA BRASIL BARBOSA;COORD. ADMINISTRAT. FINANCEIRA;GERENTE;GERENTE; CARGO COMISSION.S/VINCULO;3209,79;;3209,79;376,71;2833,08;
AMANDA SANTOS LAMEIRAS AMORIM;COORD. ADMINISTRAT. FINANCEIRA;GERENTE;GERENTE AD-2; CARGO COMISSION.S/VINCULO;2609,79;;2609,79;258,44;2351,35;
ANA CHRISTINA DE FREITAS SANTOS;COORD. ADMINISTRAT. FINANCEIRA;A.TEC-I;ASSESSOR I; ESTATUTARIO;6429,57;;6429,57;1287,30;5142,27;
ANA CRISTINA LIRA MANSOUR;COORD. ADMINISTRAT. FINANCEIRA;GERENTE;GERENTE AD-2; CARGO COMISSION.S/VINCULO;2213,79;;2213,79;181,06;2032,73;
ANA ESTELA DOS SANTOS FERREIRA;COORD. ADMINISTRAT. FINANCEIRA;AUX.ADM-III;AUX ADM; ESTATUTARIO;2321,04;;2321,04;324,95;1996,09;
ANA ILKA IZEL ASSUMPCAO;COORD. ADMINISTRAT. FINANCEIRA;ASSESSOR II;; CARGO COMISSION.S/VINCULO;4209,79;;4209,79;640,87;3568,92;
ANA KAROLINE DA SILVA CORDEIRO;COORD. ADMINISTRAT. FINANCEIRA;AUX.ADM-III;AUX. ADMINISTRATIVO; ESTATUTARIO;2321,04;;2321,04;324,95;1996,09;
ANA KATIA DA SILVA;COORD. ADMINISTRAT. FINANCEIRA;A.TEC-III;CHEFE DE DEPARTAMENT; ESTATUTARIO;5771,54;;5771,54;750,59;5020,95;
ANA LIDIA ROLIM DE LIMA;COORD. ADMINISTRAT. FINANCEIRA;AUX.ADM-III;; ESTATUTARIO;2321,04;;2321,04;324,95;1996,09;
ANA LUZIA AMARO DOS SANTOS;COORD. ADMINISTRAT. FINANCEIRA;SUBGERENTE;SUBGERENTE; CARGO COMISSION.S/VINCULO;3191,80;;3191,80;372,18;2819,62;
ANA ORDOENHA BENCHIMOL;COORD. ADMINISTRAT. FINANCEIRA;GERENTE;NAO INFORMADO; CARGO COMISSION.S/VINCULO;4279,72;;4279,72;664,19;3615,53;
ANABETE RODRIGUES DE LIMA;COORD. ADMINISTRAT. FINANCEIRA;A.TEC-I;; ESTATUTARIO;3888,74;;3888,74;691,27;3197,47;
ANDREA RODRIGUES DE MOURA;COORD. ADMINISTRAT. FINANCEIRA;ASSESSOR III;NAO INFORMADO; CARGO COMISSION.S/VINCULO;2195,80;;2195,80;179,44;2016,36;
ANDRESSA DE OLIVEIRA SILVA;COORD. ADMINISTRAT. FINANCEIRA;CHEFE DE DEPARTAMENTO;CH.DE DPTO. AD-1; CARGO COMISSION.S/VINCULO;5229,77;;5229,77;981,03;4248,74;
ANIBAL AUGUSTO TURENKO BECA;COORD. ADMINISTRAT. FINANCEIRA;ASSESSOR I;NAO INFORMADO; CARGO COMISSION.S/VINCULO;5229,77;;5229,77;981,03;4248,74;
ANNE PAIVA DE ALENCAR;COORD. ADMINISTRAT. FINANCEIRA;ASSISTENTE TECNICO PNM.ANM-III;CHEFE DE DEPARTAMENT; ESTATUTARIO;6636,08;;6636,08;1162,08;5474,00;
ANNE RUTH BRANDAO DA SILVA;COORD. ADMINISTRAT. FINANCEIRA;GERENTE;GERENTE AD-2; CARGO COMISSION.S/VINCULO;4209,79;;4209,79;609,94;3599,85;
ANTONIA ALVES MOURAO;COORD. ADMINISTRAT. FINANCEIRA;AUX.DE APOIO ADMINISTRATIVO I;; ESTATUTARIO;2557,46;;2557,46;335,28;2222,18;
ANTONIO FONSECA BENEVENUTO;COORD. ADMINISTRAT. FINANCEIRA;AUX.BIBLI-III;AUX. BIBLIOTECA; ESTATUTARIO;2320,84;;2320,84;324,92;1995,92;
ANTONIO FRANCISCO AUSIER RAMOS;COORD. ADMINISTRAT. FINANCEIRA;CHEFE DE DEPARTAMENTO;NAO INFORMADO; CARGO COMISSION.S/VINCULO;5229,77;;5229,77;981,03;4248,74;
ANTONIO KAYTON DA SILVA ROSARIO;COORD. ADMINISTRAT. FINANCEIRA;AUX.O-III;AUX. OPER. CENOTECN; ESTATUTARIO;2861,81;;2861,81;328,15;2533,66;
ANTONIO NORBERTO URTIGA;COORD. ADMINISTRAT. FINANCEIRA;TNS-I;; ESTATUTARIO;11304,51;;11304,51;3250,20;8054,31;
ARIADNE DA ROCHA DE S PAULO AGUIAR;COORD. ADMINISTRAT. FINANCEIRA;ASSESSOR II;NAO INFORMADO; CARGO COMISSION.S/VINCULO;3209,79;;3209,79;376,71;2833,08;
ARNALDO BARRETO ALVES;COORD. ADMINISTRAT. FINANCEIRA;ASSESSOR III;ASSESSOR III; CARGO COMISSION.S/VINCULO;1893,80;;1893,80;152,26;1741,54;
ARTHUR JORGE FREIRE VILAS BOAS;COORD. ADMINISTRAT. FINANCEIRA;AUX.O-III;; ESTATUTARIO;2198,89;;2198,89;307,84;1891,05;
AUGUSTO HARLLEY GOMES DOS SANTOS;COORD. ADMINISTRAT. FINANCEIRA;AUX.O-III;AUX. OP. MONT. EVENT; ESTATUTARIO;2198,89;;2198,89;307,84;1891,05;
BARBARA CATERINE DE OLIVEIRA;COORD. ADMINISTRAT. FINANCEIRA;ENG-III;ENGENHEIRO; ESTATUTARIO;5837,02;;5837,02;1328,28;4508,74;
BARBARA IASMINI DE SOUZA MENDES;COORD. ADMINISTRAT. FINANCEIRA;ASSESSOR III;ASSESSOR III; CARGO COMISSION.S/VINCULO;2195,80;;2195,80;179,44;2016,36;
BEATRIZ BRILHANTE MARQUES;COORD. ADMINISTRAT. FINANCEIRA;GERENTE;NAO INFORMADO; CARGO COMISSION.S/VINCULO;1911,79;;1911,79;153,88;1757,91;
BEATRIZ DO CARMO ALVES;COORD. ADMINISTRAT. FINANCEIRA;BIBLI-III;BIBLIOTECARIO; ESTATUTARIO;7432,49;;7432,49;1740,37;5692,12;
BEZALEEL ANDRADE DE ALMEIDA;COORD. ADMINISTRAT. FINANCEIRA;GERENTE;NAO INFORMADO; CARGO COMISSION.S/VINCULO;1699,79;;1699,79;134,80;1564,99;
BRUNO ROGERIO DE VASCONCELOS BASTOS;COORD. ADMINISTRAT. FINANCEIRA;A.OPE-III;ASS. OP. MAQUINISTA; ESTATUTARIO;3375,48;;3375,48;496,86;2878,62;
CABRAL NEVES DE MELO;COORD. ADMINISTRAT. FINANCEIRA;ASSISTENTE TECNICO 3A CLASSE;; ESTATUTARIO;3503,41;;3503,41;559,43;2943,98;
CAIO ANDRE NASCIMENTO ARAUJO;COORD. ADMINISTRAT. FINANCEIRA;SUBGERENTE;SUBGERENTE AD-3; CARGO COMISSION.S/VINCULO;3191,80;;3191,80;324,04;2867,76;
CAIO MIRANDA RODRIGUES;COORD. ADMINISTRAT. FINANCEIRA;A.TEC-III;; ESTATUTARIO;3375,48;;3375,48;553,21;2822,27;
CANDIDO JEREMIAS CUMARU NETO;COORD. ADMINISTRAT. FINANCEIRA;SECRETARIO EXECUTIVO;NAO INFORMADO; CARGO COMISSION.S/VINCULO;20425,33;;20425,33;5348,18;15077,15;
CARLOS ALBERTO SANTOS NUNES;COORD. ADMINISTRAT. FINANCEIRA;AUX.O-III;AUX.OP.MONT.EVENTOS; ESTATUTARIO;2861,81;;2861,81;342,37;2519,44;
CARLOS ALEXANDRE LEAO AUZIER;COORD. ADMINISTRAT. FINANCEIRA;AUX.O-III;AUX.OP MONT.EVENTOS; ESTATUTARIO;2861,81;;2861,81;342,37;2519,44;
CARLOS AUGUSTO MAIA DA SILVA;COORD. ADMINISTRAT. FINANCEIRA;AUX.TECNICO ADMINISTRATIVO I;; ESTATUTARIO;3659,87;;3659,87;612,66;3047,21;
CARLOS JONATHAN BRITO DA COSTA;COORD. ADMINISTRAT. FINANCEIRA;SUBGERENTE;SUBGERENTE; CARGO COMISSION.S/VINCULO;2195,80;;2195,80;179,44;2016,36;
CARLOS JORGE PISSANGO DOS SANTOS;COORD. ADMINISTRAT. FINANCEIRA;AUX.O-III;AUX. OPER. ARTIFICE; ESTATUTARIO;2198,89;;2198,89;307,84;1891,05;
CAROLINE PORTELA DE LIMA;COORD. ADMINISTRAT. FINANCEIRA;ASSESSOR II;ASSESSOR II; CARGO COMISSION.S/VINCULO;3209,79;;3209,79;376,71;2833,08;
CASSIA CRISTINA UCHOA MARQUES;COORD. ADMINISTRAT. FINANCEIRA;GERENTE;GERENTE AD-2; CARGO COMISSION.S/VINCULO;3209,79;;3209,79;376,71;2833,08;
CELIO SOUZA DE CARVALHO JUNIOR;COORD. ADMINISTRAT. FINANCEIRA;TNS-III;T.N.S TURISMO; ESTATUTARIO;5574,37;;5574,37;1229,39;4344,98;
CHRYSTIANNE DA SILVA OLIVEIRA;COORD. ADMINISTRAT. FINANCEIRA;GERENTE;; CARGO COMISSION.S/VINCULO;2609,79;;2609,79;258,44;2351,35;
CINTHIA SANTIAGO PACHECO;COORD. ADMINISTRAT. FINANCEIRA;ASSISTENTE TECNICO I;; ESTATUTARIO;3790,39;;3790,39;641,98;3148,41;
CINTHYA OLIVEIRA DE SOUZA;COORD. ADMINISTRAT. FINANCEIRA;GERENTE;GERENTE; CARGO COMISSION.S/VINCULO;2213,79;;2213,79;181,06;2032,73;
CLEBER BATISTA DE SOUZA;COORD. ADMINISTRAT. FINANCEIRA;ASSISTENTE TECNICO II;; ESTATUTARIO;4104,66;;4104,66;695,23;3409,43;
CRISTIANA PAULA MELO ZANY BRANDAO;COORD. ADMINISTRAT. FINANCEIRA;TNS-I;CH. DE DPTO  AD 1; ESTATUTARIO;7232,31;;7232,31;1763,46;5468,85;
CRISTINA HELENA MAIA DE OLIVEIRA;CONSELHO ESTADUAL DE CULTURA;MEMBRO DE CONSELHO;; CONSELHO;450,00;;450,00;;450,00;
CRISTOVAO COUTINHO BATISTA;COORD. ADMINISTRAT. FINANCEIRA;ASSESSOR II;; CARGO COMISSION.S/VINCULO;4209,79;;4209,79;640,87;3568,92;
DANIEL SALES COSTA;COORD. ADMINISTRAT. FINANCEIRA;A.OPE-III;ASS. OP. MAQUINISTA; ESTATUTARIO;3375,48;;3375,48;533,27;2842,21;
DANILO DE ASSIS RIBEIRO;COORD. ADMINISTRAT. FINANCEIRA;AUX.BIBLI-III;AUX. BIBLIOTECA; ESTATUTARIO;2320,84;;2320,84;324,92;1995,92;
DANYELLE SOUSA ARAUJO;COORD. ADMINISTRAT. FINANCEIRA;ASSESSOR III;ASSESSOR III; CARGO COMISSION.S/VINCULO;2195,80;;2195,80;179,44;2016,36;
DAVID CARVALHO DE LIMA;COORD. ADMINISTRAT. FINANCEIRA;BIBLI-III;BIBLIOTECARIO; ESTATUTARIO;5252,89;;5252,89;1115,71;4137,18;
DAVISON MAIA BRAGA;COORD. ADMINISTRAT. FINANCEIRA;AUX.ADM-III;AUX ADM; ESTATUTARIO;2321,04;;2321,04;324,95;1996,09;
DAYANNA ARAUJO PEREIRA;COORD. ADMINISTRAT. FINANCEIRA;GERENTE;NAO INFORMADO; CARGO COMISSION.S/VINCULO;2213,79;;2213,79;181,06;2032,73;
DAYSE DA SILVA PRESTES;COORD. ADMINISTRAT. FINANCEIRA;GERENTE;GERENTE AD 2; CARGO COMISSION.S/VINCULO;2213,79;;2213,79;181,06;2032,73;
DEBORA DA SILVA MARQUES;COORD. ADMINISTRAT. FINANCEIRA;GERENTE;GERENTE AD-2; CARGO COMISSION.S/VINCULO;4209,79;;4209,79;640,87;3568,92;
DENIO ALEX SILVA DA MOTA;COORD. ADMINISTRAT. FINANCEIRA;GERENTE;GERENTE AD-2; CARGO COMISSION.S/VINCULO;2609,79;;2609,79;258,44;2351,35;
DENIS CARVALHO DA SILVA;COORD. ADMINISTRAT. FINANCEIRA;ASSESSOR III;ASSESSOR III; CARGO COMISSION.S/VINCULO;3191,80;;3191,80;372,18;2819,62;
DERIK DA CONCEICAO VILA;COORD. ADMINISTRAT. FINANCEIRA;SUBGERENTE;SUBGERENTE; CARGO COMISSION.S/VINCULO;2591,80;;2591,80;255,09;2336,71;
DIANGELYS DOS SANTOS CONCEICAO;COORD. ADMINISTRAT. FINANCEIRA;AUX.ADM-III;AUX ADM; ESTATUTARIO;2321,04;;2321,04;43,33;2277,71;
DIEGO DE SOUZA PEREIRA;COORD. ADMINISTRAT. FINANCEIRA;ASSESSOR III;ASSESSOR III; CARGO COMISSION.S/VINCULO;1893,80;;1893,80;152,26;1741,54;
DIOGO PEREIRA NEVES;COORD. ADMINISTRAT. FINANCEIRA;AUX.O-III;AUX.OP.MONTA.EVENTOS; ESTATUTARIO;2198,89;;2198,89;307,84;1891,05;
DIONE MACIEL DA SILVA;COORD. ADMINISTRAT. FINANCEIRA;AUX.O-III;AUX OP CAMAM TEATRO; ESTATUTARIO;2198,89;;2198,89;307,84;1891,05;
DOUGLAS SOARES DA SILVA;COORD. ADMINISTRAT. FINANCEIRA;AUX.O-III;AUX.OP.MONT.EVENTOS; ESTATUTARIO;2198,89;;2198,89;307,84;1891,05;
EDMAR PEREIRA RIBEIRO;COORD. ADMINISTRAT. FINANCEIRA;VIGIA-II;; ESTATUTARIO;2381,08;;2381,08;333,35;2047,73;
EDMYLSON ROSAS JUNIOR;COORD. ADMINISTRAT. FINANCEIRA;ASSISTENTE TECNICO I;; ESTATUTARIO;3764,47;;3764,47;643,46;3121,01;
EDNA GOMES REZENDE;COORD. ADMINISTRAT. FINANCEIRA;GERENTE;GERENTE AD-2; CARGO COMISSION.S/VINCULO;3209,79;;3209,79;376,71;2833,08;
EDNEA ROCHA DA SILVA;COORD. ADMINISTRAT. FINANCEIRA;AUX.O-III;; ESTATUTARIO;2198,89;;2198,89;307,84;1891,05;
EDSON DE SOUZA MELO;COORD. ADMINISTRAT. FINANCEIRA;AUX.O-III;AUX. OPER. CENOTECN; ESTATUTARIO;2198,89;;2198,89;307,84;1891,05;
EILEN MARIA DE SOUZA QUEIROZ;COORD. ADMINISTRAT. FINANCEIRA;GERENTE;GERENTE AD-2; CARGO COMISSION.S/VINCULO;1911,79;;1911,79;153,88;1757,91;
ELENICE CORREA BASTOS;COORD. ADMINISTRAT. FINANCEIRA;ENG-III;ENGENHEIRO; ESTATUTARIO;7782,69;;7782,69;1863,34;5919,35;
ELIANE DE VASCONCELOS GOMES BATISTA;COORD. ADMINISTRAT. FINANCEIRA;AUX.O-III;AUX OP COSTUREIRA; ESTATUTARIO;2931,85;;2931,85;361,84;2570,01;
ELIEZER BACELAR DA SILVA;COORD. ADMINISTRAT. FINANCEIRA;AFINADOR DE INSTRUMENTOS;; ESTATUTARIO;3587,64;;3587,64;586,23;3001,41;
ELINETE FARIAS DOS SANTOS DE LIMA;COORD. ADMINISTRAT. FINANCEIRA;GERENTE;NAO INFORMADO; CARGO COMISSION.S/VINCULO;1911,79;;1911,79;153,88;1757,91;
ELISEA MARIA DOS SANTOS BATALHA;COORD. ADMINISTRAT. FINANCEIRA;ASSESSOR II;NAO INFORMADO; CARGO COMISSION.S/VINCULO;4209,79;;4209,79;640,87;3568,92;
ELISIA CRISTINA DE VASCONCELOS;COORD. ADMINISTRAT. FINANCEIRA;ASSESSOR III;ASSESSOR III; CARGO COMISSION.S/VINCULO;3191,80;;3191,80;372,18;2819,62;
ELIZABETH GUERRA CANTANHEDE;COORD. ADMINISTRAT. FINANCEIRA;ASSESSOR I;ASSESSOR I; ESTATUTARIO;6138,24;;6138,24;1384,37;4753,87;
ELIZABETH MARIA MACEDO DE LIMA;COORD. ADMINISTRAT. FINANCEIRA;GERENTE;GERENTE AD-2; CARGO COMISSION.S/VINCULO;2609,79;;2609,79;258,44;2351,35;
ELLEN CRISTINA DOS S NASCIMENTO;COORD. ADMINISTRAT. FINANCEIRA;GERENTE;; CARGO COMISSION.S/VINCULO;3209,79;;3209,79;376,71;2833,08;
ELSON DA COSTA SALES;COORD. ADMINISTRAT. FINANCEIRA;ASSESSOR III;; CARGO COMISSION.S/VINCULO;1893,80;;1893,80;152,26;1741,54;
ELSON SILVA DA ROCHA;CONSELHO ESTADUAL DE CULTURA;MEMBRO DE CONSELHO;; CONSELHO;450,00;;450,00;;450,00;
EMANUELLE MENEZES FIGUEIREDO;COORD. ADMINISTRAT. FINANCEIRA;ASSESSOR II;; CARGO COMISSION.S/VINCULO;3209,79;;3209,79;376,71;2833,08;
ERISVALDO AZEVEDO SILVA;COORD. ADMINISTRAT. FINANCEIRA;ASSESSOR III;NAO INFORMADO; CARGO COMISSION.S/VINCULO;1893,80;;1893,80;152,26;1741,54;
ERNANI GARCIA LINO DOS SANTOS;COORD. ADMINISTRAT. FINANCEIRA;A.TEC-III;ASSIST. TEC. GUIA; ESTATUTARIO;3375,48;;3375,48;553,21;2822,27;
EVERALDO DOS SANTOS BARBOSA;CONSELHO ESTADUAL DE CULTURA;MEMBRO DE CONSELHO;; CONSELHO;450,00;;450,00;;450,00;
EXPEDITO LUIZ BATISTA NETO;COORD. ADMINISTRAT. FINANCEIRA;AUX.BIBLI-III;AUX. BIBLIOTECA; ESTATUTARIO;2320,84;;2320,84;324,92;1995,92;
FABIANA DE ALMEIDA LIMA;COORD. ADMINISTRAT. FINANCEIRA;ASSESSOR I;; CARGO COMISSION.S/VINCULO;5229,77;;5229,77;981,03;4248,74;
FABIANA ROBERTA GENTIL PEREIRA;COORD. ADMINISTRAT. FINANCEIRA;AUX.BIBLI-III;; ESTATUTARIO;2320,84;;2320,84;324,92;1995,92;
FABIANO CARDOSO DE OLIVEIRA;CONSELHO ESTADUAL DE CULTURA;MEMBRO DE CONSELHO;; CONSELHO;450,00;;450,00;;450,00;
FABIO GREY BRITO MORENO;COORD. ADMINISTRAT. FINANCEIRA;A.TEC-III;ASS. TEC. SONOPLASTA; ESTATUTARIO;4500,64;;4500,64;665,10;3835,54;
FATIMA DIANA DA GLORIA MOREIRA;COORD. ADMINISTRAT. FINANCEIRA;TEC.DE NIVEL SUPERIOR 2A CLASSE;; ESTATUTARIO;6708,08;;6708,08;1512,18;5195,90;
FERNANDA DA SILVA FROTA;COORD. ADMINISTRAT. FINANCEIRA;ARQT-III;ARQUITETO; ESTATUTARIO;5837,02;;5837,02;1328,28;4508,74;
FERNANDO GONCALVES MARQUES JUNIOR;COORD. ADMINISTRAT. FINANCEIRA;GERENTE;; CARGO COMISSION.S/VINCULO;2213,79;;2213,79;181,06;2032,73;
FLAVIO SENA CARVALHO;COORD. ADMINISTRAT. FINANCEIRA;ASSESSOR III;NAO INFORMADO; CARGO COMISSION.S/VINCULO;3191,80;;3191,80;372,18;2819,62;
FRANCILENE CASTRO CAMPOS;COORD. ADMINISTRAT. FINANCEIRA;ASSESSOR III;NAO INFORMADO; CARGO COMISSION.S/VINCULO;1335,80;;1335,80;102,04;1233,76;
FRANCISCA FRANCY COSTA BARROSO;COORD. ADMINISTRAT. FINANCEIRA;AUX.DE APOIO ADMINISTRATIVO II;; ESTATUTARIO;2460,93;;2460,93;340,54;2120,39;
FRANCISCA PORTELA MACIEL;COORD. ADMINISTRAT. FINANCEIRA;SUBGERENTE;SUBGERENTE AD-3; CARGO COMISSION.S/VINCULO;1893,80;;1893,80;152,26;1741,54;
FRANCISCO ALESSANDRO PEREIRA ROSA;COORD. ADMINISTRAT. FINANCEIRA;AUX.O-III;ARTIFICE; ESTATUTARIO;2198,89;;2198,89;307,84;1891,05;
FRANCISCO CARLOS DE SOUZA ANDRADE;COORD. ADMINISTRAT. FINANCEIRA;GERENTE;GERENTE AD-2; CARGO COMISSION.S/VINCULO;2609,79;;2609,79;258,44;2351,35;
FRANCISCO EDUARDO ALVES DE ALMEIDA;COORD. ADMINISTRAT. FINANCEIRA;AUX.BIBLI-III;AUX. BIBLIOTECA; ESTATUTARIO;2320,84;;2320,84;324,92;1995,92;
FRANKLIN CARNEIRO DA MOTA;COORD. ADMINISTRAT. FINANCEIRA;ENG-I;GERENTE AD 2; ESTATUTARIO;10955,91;;10955,91;3058,94;7896,97;
FRED MARCIO DOS SANTOS BARBOSA;COORD. ADMINISTRAT. FINANCEIRA;GERENTE;GERENTE AD-2; CARGO COMISSION.S/VINCULO;1911,79;;1911,79;153,88;1757,91;
FUED FELIPE PRESTES LACOUTH;COORD. ADMINISTRAT. FINANCEIRA;SUBGERENTE;NAO INFORMADO; CARGO COMISSION.S/VINCULO;3191,80;;3191,80;352,48;2839,32;
GABRIELE LIMA DA CUNHA;COORD. ADMINISTRAT. FINANCEIRA;GERENTE;GERENTE; CARGO COMISSION.S/VINCULO;3209,79;;3209,79;376,71;2833,08;
GALBEN GABRIEL LACERDA DE SOUSA;COORD. ADMINISTRAT. FINANCEIRA;A.TEC-III;AS.TEC. DESEN/CADIST; ESTATUTARIO;3375,48;;3375,48;503,94;2871,54;
GELSON PEREIRA LIMA;COORD. ADMINISTRAT. FINANCEIRA;SUBGERENTE;NAO INFORMADO; CARGO COMISSION.S/VINCULO;1681,80;;1681,80;133,18;1548,62;
GERALDA MARIA MAGELA BRAGA DE SOUZA;COORD. ADMINISTRAT. FINANCEIRA;ASSISTENTE TECNICO I;; ESTATUTARIO;3827,91;;3827,91;649,34;3178,57;
GEYSIANE GOMES SEVERIANO;COORD. ADMINISTRAT. FINANCEIRA;ASSESSOR III;NAO INFORMADO; CARGO COMISSION.S/VINCULO;1530,80;;1530,80;119,59;1411,21;
GILBERTO RODRIGUES DE SOUZA JUNIOR;COORD. ADMINISTRAT. FINANCEIRA;OPERADOR DE SOM;; ESTATUTARIO;3503,41;;3503,41;559,43;2943,98;
GILDOMAR DA ROCHA CAMPOS;COORD. ADMINISTRAT. FINANCEIRA;AUX.TECNICO ADMINISTRATIVO II;; ESTATUTARIO;4299,40;;4299,40;711,02;3588,38;
GILMAR CASTRO DE AQUINO JUNIOR;COORD. ADMINISTRAT. FINANCEIRA;AUX.O-III;AUX. OP. MONT. EVENT; ESTATUTARIO;3583,08;;3583,08;444,33;3138,75;
GILSON MAURO DE OLIVEIRA PEREIRA;COORD. ADMINISTRAT. FINANCEIRA;GERENTE;GERENTE AD-2; CARGO COMISSION.S/VINCULO;3209,79;;3209,79;376,71;2833,08;
GIOVANNI ARAUJO SANTIAGO;COORD. ADMINISTRAT. FINANCEIRA;A.TEC-III;AS. TEC. WEB DESIGN; ESTATUTARIO;3375,48;;3375,48;553,21;2822,27;
GISELE FELIPE CUNHA FERNANDES;COORD. ADMINISTRAT. FINANCEIRA;TNS-III;T.N.S TURISMO; ESTATUTARIO;5574,37;;5574,37;1229,39;4344,98;
GISELE FERNANDA RODRIGUES PARA;COORD. ADMINISTRAT. FINANCEIRA;ASSESSOR II;ASSESSOR II; CARGO COMISSION.S/VINCULO;3209,79;;3209,79;376,71;2833,08;
GLEICE SOUZA BARROS;COORD. ADMINISTRAT. FINANCEIRA;AUX.O-III;AUX.OP.MONT.EVENTOS; ESTATUTARIO;2861,81;;2861,81;328,15;2533,66;
GLORIA MARIA QUEIROZ MENDONCA;COORD. ADMINISTRAT. FINANCEIRA;TNS-I;; ESTATUTARIO;7392,55;;7392,55;1820,70;5571,85;
HANY MATOS CANDIDO;COORD. ADMINISTRAT. FINANCEIRA;TNS-III;; ESTATUTARIO;7432,49;;7432,49;1636,10;5796,39;
HARLEY HERON DA SILVA MENDONCA;COORD. ADMINISTRAT. FINANCEIRA;AUX.O-III;AUX.OP.MONT.EVENTOS; ESTATUTARIO;2198,89;;2198,89;307,84;1891,05;
HELIO DA COSTA DANTAS;COORD. ADMINISTRAT. FINANCEIRA;HIST-III;HISTORIADOR; ESTATUTARIO;5252,89;;5252,89;1115,71;4137,18;
HELLEN CRISTINA DA SILVA ALMEIDA;COORD. ADMINISTRAT. FINANCEIRA;AUX.ADM-III;AUX ADM; ESTATUTARIO;2321,04;;2321,04;324,95;1996,09;
HERMES DA SILVA DOS SANTOS;COORD. ADMINISTRAT. FINANCEIRA;AUX.ADM-III;AUX ADM; ESTATUTARIO;2321,04;;2321,04;324,95;1996,09;
HERSON DE SOUZA CRISPIM;COORD. ADMINISTRAT. FINANCEIRA;A.TEC-III;; ESTATUTARIO;1350,19;;1350,19;;1350,19;
HINCIA DE SOUZA PEREIRA;COORD. ADMINISTRAT. FINANCEIRA;GERENTE;GERENTE AD-2; CARGO COMISSION.S/VINCULO;3209,79;;3209,79;376,71;2833,08;
IARA LANE ARAUJO DA SILVA;COORD. ADMINISTRAT. FINANCEIRA;TECNICO DE NIVEL SUPERIOR;TEC. NIV. SUPERIOR; ESTATUTARIO;5784,16;;5784,16;1256,65;4527,51;
IEDA CLAUDIA PINTO DE OLIVEIRA;COORD. ADMINISTRAT. FINANCEIRA;ASSISTENTE TECNICO I;ASSISTENTE TECNICO I; ESTATUTARIO;3890,06;;3890,06;426,57;3463,49;
IEDA DE CASTRO RODRIGUES;COORD. ADMINISTRAT. FINANCEIRA;ASSISTENTE TECNICO I;ASSISTENTE TECNICO I; ESTATUTARIO;3894,60;;3894,60;673,42;3221,18;
INES DO SOCORRO DA SILVA COSTA;COORD. ADMINISTRAT. FINANCEIRA;GERENTE;NAO INFORMADO; CARGO COMISSION.S/VINCULO;3209,79;;3209,79;376,71;2833,08;
IRENILCE CARVALHO DUARTE COLHYER;COORD. ADMINISTRAT. FINANCEIRA;GERENTE;GERENTE AD-2; CARGO COMISSION.S/VINCULO;3209,79;;3209,79;376,71;2833,08;
IVAN FELIPE DOS REIS OLIVEIRA;COORD. ADMINISTRAT. FINANCEIRA;AUX.O-III;AUX. OPER. CENOTECN; ESTATUTARIO;2861,81;;2861,81;356,59;2505,22;
IVANA EBERLE LESSA;COORD. ADMINISTRAT. FINANCEIRA;SUBGERENTE;SUBGERENTE; CARGO COMISSION.S/VINCULO;2591,80;;2591,80;255,09;2336,71;
IVETE PESSOA DA SILVA;COORD. ADMINISTRAT. FINANCEIRA;A.TEC-I;GERENTE AD 2; ESTATUTARIO;5515,26;;5515,26;1048,74;4466,52;
IZOLINA VIEIRA BENTOLILA;COORD. ADMINISTRAT. FINANCEIRA;A.TEC-I;; ESTATUTARIO;3928,15;;3928,15;701,87;3226,28;
JAINARA OLIVEIRA PRESTES;COORD. ADMINISTRAT. FINANCEIRA;GERENTE;GERENTE; CARGO COMISSION.S/VINCULO;2213,79;;2213,79;181,06;2032,73;
JAIR JACQMONT CANTANHEDE;COORD. ADMINISTRAT. FINANCEIRA;A.TEC-I;; ESTATUTARIO;4626,35;;4626,35;836,85;3789,50;
JANAINA MARGARIDA CARLOS COSTA;COORD. ADMINISTRAT. FINANCEIRA;GERENTE;GERENTE AD-2; CARGO COMISSION.S/VINCULO;3209,79;;3209,79;376,71;2833,08;
JANAINA MIRANDA DE OLIVEIRA;COORD. ADMINISTRAT. FINANCEIRA;GERENTE;NAO INFORMADO; CARGO COMISSION.S/VINCULO;1699,79;;1699,79;134,80;1564,99;
JANDR LUCIO GUIMARAES DOS REIS;COORD. ADMINISTRAT. FINANCEIRA;GERENTE;GERENTE AD 2; CARGO COMISSION.S/VINCULO;3209,79;;3209,79;376,71;2833,08;
JANE DOS SANTOS FONTENELLE;COORD. ADMINISTRAT. FINANCEIRA;A.TEC-II;; ESTATUTARIO;3655,15;;3655,15;628,43;3026,72;
JANETE ALBUQUERQUE DE SOUZA;COORD. ADMINISTRAT. FINANCEIRA;A.TEC-II;CHEFE DE DEPARTAMENT; ESTATUTARIO;5835,46;;5835,46;883,79;4951,67;
JANILSON DOS SANTOS LOPES;COORD. ADMINISTRAT. FINANCEIRA;AUX.O-III;; ESTATUTARIO;2861,81;;2861,81;312,87;2548,94;
JENNIFFER RIBEIRO DA SILVA;COORD. ADMINISTRAT. FINANCEIRA;ASSESSOR II;ASSESSOR II AD2; CARGO COMISSION.S/VINCULO;4209,79;;4209,79;640,87;3568,92;
JESSILDA RIBEIRO FURTADO;COORD. ADMINISTRAT. FINANCEIRA;A.TEC-I;CH. DE DPTO. AD-1; ESTATUTARIO;6421,82;;6421,82;1284,48;5137,34;
JOAO BATISTA COELHO DOS SANTOS;COORD. ADMINISTRAT. FINANCEIRA;A.TEC-I;; ESTATUTARIO;3887,91;;3887,91;634,23;3253,68;
JOAO BOSCO BORGES FERREIRA;CONSELHO ESTADUAL DE CULTURA;MEMBRO DE CONSELHO;; CONSELHO;450,00;;450,00;;450,00;
JOAO MARCOS OLIVEIRA DE PAULA;COORD. ADMINISTRAT. FINANCEIRA;REST-III;; ESTATUTARIO;5252,89;;5252,89;1115,71;4137,18;
JOAO PAULO TOMAS DA SILVA DE AQUINO;COORD. ADMINISTRAT. FINANCEIRA;AUX.O-III;AUX. OPER. CENOTECN; ESTATUTARIO;2861,81;;2861,81;307,84;2553,97;
JOAO VINICIUS DE BRITO A SANTOS;COORD. ADMINISTRAT. FINANCEIRA;SUBGERENTE;SUBGERENTE; CARGO COMISSION.S/VINCULO;1681,80;;1681,80;133,18;1548,62;
JOAO VITOR DIAS DE JESUS;COORD. ADMINISTRAT. FINANCEIRA;GERENTE;GERENTE; CARGO COMISSION.S/VINCULO;2213,79;;2213,79;181,06;2032,73;
JOARA MARIA FERREIRA MARQUES;COORD. ADMINISTRAT. FINANCEIRA;CHEFE DE DEPARTAMENTO;NAO INFORMADO; CARGO COMISSION.S/VINCULO;5229,77;;5229,77;981,03;4248,74;
JONAS WESEN DE SOUZA;COORD. ADMINISTRAT. FINANCEIRA;GERENTE;GERENTE AD-2; CARGO COMISSION.S/VINCULO;2213,79;;2213,79;181,06;2032,73;
JONIFERSON VIEIRA DA SILVA;CONSELHO ESTADUAL DE CULTURA;MEMBRO DE CONSELHO;; CONSELHO;450,00;;450,00;;450,00;
JORDANIA DAMASCENO GALDINO;CONSELHO ESTADUAL DE CULTURA;MEMBRO DE CONSELHO;; CONSELHO;450,00;;450,00;;450,00;
JOSE ABILIO DE MOURA FARIAS JUNIOR;COORD. ADMINISTRAT. FINANCEIRA;AUX.ADM-III;AUX ADM; ESTATUTARIO;10259,25;;10259,25;2135,39;8123,86;
JOSE AUGUSTO DA SILVA GUIMARAES;COORD. ADMINISTRAT. FINANCEIRA;A.TEC-I;; ESTATUTARIO;3897,48;;3897,48;665,19;3232,29;
JOSE CASTELO DO NASCIMENTO;COORD. ADMINISTRAT. FINANCEIRA;ASSISTENTE TECNICO III;ASSIST. TECNICO III; ESTATUTARIO;4486,44;;4486,44;763,56;3722,88;
JOSE LUCIO DOS SANTOS;COORD. ADMINISTRAT. FINANCEIRA;AUX.BIBLI-III;AUXILIAR DE BIBLIOT.; ESTATUTARIO;2320,84;;2320,84;324,92;1995,92;
JOSE LUIS ALMEIDA DOS SANTOS;COORD. ADMINISTRAT. FINANCEIRA;A.TEC-I;CHEFE DE DEPARTAMENT; ESTATUTARIO;8026,52;;8026,52;1404,69;6621,83;
JOSE MARIA MARQUES H JUNIOR;COORD. ADMINISTRAT. FINANCEIRA;A.TEC-III;ASSIST TECNICO; ESTATUTARIO;5771,54;;5771,54;1060,43;4711,11;
JOSE PEREIRA BELEM;COORD. ADMINISTRAT. FINANCEIRA;VIGIA;; ESTATUTARIO;2207,63;;2207,63;309,07;1898,56;
JOSE ROGERIO DOS REIS OLIVEIRA;COORD. ADMINISTRAT. FINANCEIRA;GERENTE;NAO INFORMADO; CARGO COMISSION.S/VINCULO;4209,79;;4209,79;640,87;3568,92;
JUDETH MARIA FERREIRA DA COSTA;COORD. ADMINISTRAT. FINANCEIRA;TNS-II;; ESTATUTARIO;5714,36;;5714,36;1282,10;4432,26;
JULIANE FERNANDES PEREIRA;COORD. ADMINISTRAT. FINANCEIRA;AUX.BIBLI-III;; ESTATUTARIO;2320,84;;2320,84;324,92;1995,92;
KAMILA KAROLINE CORDOVIL CERQUEIRA;COORD. ADMINISTRAT. FINANCEIRA;GERENTE;GERENTE; CARGO COMISSION.S/VINCULO;4209,79;;4209,79;640,87;3568,92;
KARINE DE FREITAS SANTOS;COORD. ADMINISTRAT. FINANCEIRA;GERENTE;GERENTE; CARGO COMISSION.S/VINCULO;2213,79;;2213,79;181,06;2032,73;
KAROLINY VERAS PEREIRA DA COSTA;COORD. ADMINISTRAT. FINANCEIRA;AUX.BIBLI-III;AUX. BIBLIOTECA; ESTATUTARIO;2320,84;;2320,84;324,92;1995,92;
KATHYUSCIA CASTILHO CORREA;COORD. ADMINISTRAT. FINANCEIRA;GERENTE;GERENTE AD-2; CARGO COMISSION.S/VINCULO;2609,79;;2609,79;258,44;2351,35;
KATTERINE ELIZABETH SUANO DA COSTA;COORD. ADMINISTRAT. FINANCEIRA;GERENTE;GERENTE AD-2; CARGO COMISSION.S/VINCULO;2609,79;;2609,79;222,17;2387,62;
KELLEN DIANE NASCIMENTO DE SOUZA;COORD. ADMINISTRAT. FINANCEIRA;AUX.BIBLI-III;AUX. BIBLIOTECA; ESTATUTARIO;2320,84;;2320,84;324,92;1995,92;
KELVIN SANTOS DE LUCENA;COORD. ADMINISTRAT. FINANCEIRA;AUX.O-III;AUX. OPER. CENOTECN; ESTATUTARIO;2198,89;;2198,89;307,84;1891,05;
KLEYSON DE MELO LOPES;COORD. ADMINISTRAT. FINANCEIRA;ASSESSOR II;ASSESSOR II; CARGO COMISSION.S/VINCULO;3209,79;;3209,79;376,71;2833,08;
LAIS CAVALCANTE BIVAR CORREA;COORD. ADMINISTRAT. FINANCEIRA;ASSESSOR III;NAO INFORMADO; CARGO COMISSION.S/VINCULO;2927,73;;2927,73;317,58;2610,15;
LARISSA FERREIRA PEREIRA;COORD. ADMINISTRAT. FINANCEIRA;TNS-III;T.N.S. TURISMO; ESTATUTARIO;5252,89;;5252,89;1115,71;4137,18;
LEANDRO DOS SANTOS SOARES;COORD. ADMINISTRAT. FINANCEIRA;AUX.O-III;AUX. OP. MONT. ORQ; ESTATUTARIO;2198,89;;2198,89;307,84;1891,05;
LEIDE FOLGOSA BARROSO MUNOZ;COORD. ADMINISTRAT. FINANCEIRA;A.TEC-III;; ESTATUTARIO;3375,48;;3375,48;553,21;2822,27;
LEILSON ASSAD DE SOUZA;COORD. ADMINISTRAT. FINANCEIRA;A.TEC-II;; ESTATUTARIO;3655,15;;3655,15;628,43;3026,72;
LIVIA MIRANDA DE ARAUJO;COORD. ADMINISTRAT. FINANCEIRA;SUBGERENTE;NAO INFORMADO; CARGO COMISSION.S/VINCULO;2195,80;;2195,80;179,44;2016,36;
LUCIANA PESSOA BALTAR;COORD. ADMINISTRAT. FINANCEIRA;A.TEC-II;GERENTE AD-2; ESTATUTARIO;4835,46;;4835,46;763,12;4072,34;
LUCIANO COELHO DE LIMA;COORD. ADMINISTRAT. FINANCEIRA;GERENTE;NAO INFORMADO; CARGO COMISSION.S/VINCULO;1699,79;;1699,79;134,80;1564,99;
LUCIMAR BEZERRA MARQUES;CONSELHO ESTADUAL DE CULTURA;MEMBRO DE CONSELHO;; CONSELHO;450,00;;450,00;;450,00;
LUCIO BRAZ DE LIMA REIS;COORD. ADMINISTRAT. FINANCEIRA;A.TEC-III;ASSIST.TEC.OP.ILUM.; ESTATUTARIO;3375,48;;3375,48;553,21;2822,27;
LUIS AURELIO NINA DEL CAMPO;COORD. ADMINISTRAT. FINANCEIRA;A.TEC-III;; ESTATUTARIO;3375,48;;3375,48;553,21;2822,27;
LUIZ CARLOS DE MATOS BONATES;COORD. ADMINISTRAT. FINANCEIRA;SECRETARIO EXECUTIVO;NAO INFORMADO; CARGO COMISSION.S/VINCULO;11700,00;;11700,00;2948,72;8751,28;
LUIZ FELIPE DANTAS GRIMM D FARIAS;COORD. ADMINISTRAT. FINANCEIRA;GERENTE;NAO INFORMADO; CARGO COMISSION.S/VINCULO;4279,72;;4279,72;664,19;3615,53;
LUIZ GAJOLA FERREIRA BRAGA;COORD. ADMINISTRAT. FINANCEIRA;A.OPE-III;ASSIST.TEC.OP.CINEG.; ESTATUTARIO;3375,48;;3375,48;553,21;2822,27;
LUIZ PAIXAO CABRAL MARQUES;COORD. ADMINISTRAT. FINANCEIRA;VIGIA-II;; ESTATUTARIO;2714,43;;2714,43;369,13;2345,30;
LUZIENE PINHEIRO PASSOS;COORD. ADMINISTRAT. FINANCEIRA;A.OPE-III;AS. OP. EDIT. IMAGEM; ESTATUTARIO;3577,54;;3577,54;583,52;2994,02;
MANOEL DEMOSTHENES LINS DE FARIAS;COORD. ADMINISTRAT. FINANCEIRA;GERENTE;GERENTE; CARGO COMISSION.S/VINCULO;2213,79;;2213,79;181,06;2032,73;
MARCELO FURTADO MACHADO LEITAO;COORD. ADMINISTRAT. FINANCEIRA;AUX.ADM-III;AUX ADM; ESTATUTARIO;2321,04;;2321,04;324,95;1996,09;
MARCIO JUNIO SILVA DO NASCIMENTO;COORD. ADMINISTRAT. FINANCEIRA;GERENTE;; CARGO COMISSION.S/VINCULO;2213,79;;2213,79;181,06;2032,73;
MARCOS ANDRE DURAND PEREIRA;CONSELHO ESTADUAL DE CULTURA;MEMBRO DE CONSELHO;; CONSELHO;450,00;;450,00;;450,00;
MARCOS ANTONIO REPOLHO RAMOS;COORD. ADMINISTRAT. FINANCEIRA;AUX.ADM-III;; ESTATUTARIO;2321,04;;2321,04;324,95;1996,09;
MARCOS APOLO MUNIZ DE ARAUJO;COORD. ADMINISTRAT. FINANCEIRA;SECRETARIO DE ESTADO;; CARGO COMISSION.S/VINCULO;65940,99;;65940,99;18910,25;47030,74;
MARCOS RODRIGUES DE LIMA;COORD. ADMINISTRAT. FINANCEIRA;ASSESSOR IV;NAO INFORMADO; CARGO COMISSION.S/VINCULO;2179,61;;2179,61;177,98;2001,63;
MARCOS VINICIUS CARDOSO DE CASTRO;CONSELHO ESTADUAL DE CULTURA;MEMBRO DE CONSELHO;; CONSELHO;450,00;;450,00;;450,00;
MARCOS WILLIAMS RODRIGUES DA SILVA;COORD. ADMINISTRAT. FINANCEIRA;ASSISTENTE ADMINISTRATIVO;; ESTATUTARIO;3384,22;;3384,22;555,55;2828,67;
MARGARETH NOGUEIRA RODRIGUES;COORD. ADMINISTRAT. FINANCEIRA;AUX.ADM-III;AUX ADM; ESTATUTARIO;2321,04;;2321,04;324,95;1996,09;
MARIA ANALIA BENETTON;COORD. ADMINISTRAT. FINANCEIRA;ASSESSOR II;ASSESSOR II AD-2; CARGO COMISSION.S/VINCULO;4209,79;;4209,79;640,87;3568,92;
MARIA ARMINDA CASTRO MENDONCA SOUZA;COORD. ADMINISTRAT. FINANCEIRA;TEC.DE NIVEL SUPERIOR 2A CLASSE;; ESTATUTARIO;5317,19;;5317,19;1137,16;4180,03;
MARIA AUXILIADORA DA SILVA CRUZ;COORD. ADMINISTRAT. FINANCEIRA;TEC.EM ADMINISTR.5A.CL-NM.215.11;ASSESSOR II AD 2; ESTATUTARIO;6933,20;;6933,20;1443,00;5490,20;
MARIA CLARA DA GAMA BENTES;COORD. ADMINISTRAT. FINANCEIRA;GERENTE;GERENTE AD-2; CARGO COMISSION.S/VINCULO;5613,05;;5613,05;1125,18;4487,87;
MARIA DA CONCEICAO DE SOUZA E SILVA;COORD. ADMINISTRAT. FINANCEIRA;AUX.O-III;AUX OP CAMAM TEATRO; ESTATUTARIO;2198,89;;2198,89;307,84;1891,05;
MARIA DAS GRACAS COELHO BRAGA;COORD. ADMINISTRAT. FINANCEIRA;TEC.DE NIVEL SUPERIOR 2A CLASSE;; ESTATUTARIO;5789,58;;5789,58;1265,47;4524,11;
MARIA DE FATIMA DE ALMEIDA CAMPOS;COORD. ADMINISTRAT. FINANCEIRA;ASSISTENTE TECNICO III;; ESTATUTARIO;4776,81;;4776,81;824,17;3952,64;
MARIA DE FATIMA TOLEDANO BINDA;COORD. ADMINISTRAT. FINANCEIRA;ASSISTENTE TECNICO III;; ESTATUTARIO;4478,07;;4478,07;760,00;3718,07;
MARIA DE NAZARE COSTA SOARES;COORD. ADMINISTRAT. FINANCEIRA;ASSISTENTE TECNICO I;; ESTATUTARIO;3796,21;;3796,21;613,54;3182,67;
MARIA DO PERPETUO SOCORRO G LIMA;COORD. ADMINISTRAT. FINANCEIRA;ASSISTENTE TECNICO II;; ESTATUTARIO;4428,02;;4428,02;747,14;3680,88;
MARIA DO SOCORRO GOUVEA;COORD. ADMINISTRAT. FINANCEIRA;A.OPE-I;; ESTATUTARIO;3783,38;;3783,38;662,93;3120,45;
MARIA DO SOCORRO TEODORA DA COSTA;COORD. ADMINISTRAT. FINANCEIRA;AUX.ADM-III;AUX ADM; ESTATUTARIO;2321,04;;2321,04;324,95;1996,09;
MARIA EMILIA GOMES DE LEIROS;COORD. ADMINISTRAT. FINANCEIRA;GERENTE;GERENTE AD-2; CARGO COMISSION.S/VINCULO;3209,79;;3209,79;376,71;2833,08;
MARIA GELICE ALBUQUERQUE DE SOUZA;COORD. ADMINISTRAT. FINANCEIRA;GERENTE;GERENTE AD-2; CARGO COMISSION.S/VINCULO;3209,79;;3209,79;376,71;2833,08;
MARIA INEZ DE SOUSA;COORD. ADMINISTRAT. FINANCEIRA;ASSISTENTE TECNICO I;; ESTATUTARIO;4247,48;;4247,48;715,36;3532,12;
MARIA JOSE NUNES MEDEIROS;COORD. ADMINISTRAT. FINANCEIRA;TEC.DE NIVEL SUPERIOR 2A CLASSE;TEC.NIV.SUP.2 CLASSE; ESTATUTARIO;6759,90;;6759,90;1532,61;5227,29;
MARIA LUCIANE COELHO ITUASSU SILVA;COORD. ADMINISTRAT. FINANCEIRA;ASSESSOR I;NAO INFORMADO; CARGO COMISSION.S/VINCULO;6973,03;;6973,03;1637,21;5335,82;
MARIA NAZARENE MAIA;COORD. ADMINISTRAT. FINANCEIRA;ASSISTENTE TECNICO III;ASSESSOR I AD 1; ESTATUTARIO;4578,23;;4578,23;777,51;3800,72;
MARIA SHEILA DE SOUZA CAMPOS;COORD. ADMINISTRAT. FINANCEIRA;TNS-III;; ESTATUTARIO;6039,13;;6039,13;1329,10;4710,03;
MARIA VICTORIA PEREIRA GONCALVES;COORD. ADMINISTRAT. FINANCEIRA;A.TEC-III;; ESTATUTARIO;3375,48;;3375,48;553,21;2822,27;
MARIANE SANTOS DA COSTA;COORD. ADMINISTRAT. FINANCEIRA;ASSESSOR III;ASSESSOR III AD-3; CARGO COMISSION.S/VINCULO;3191,80;;3191,80;372,18;2819,62;
MARIETE FRANCA ARAUJO;COORD. ADMINISTRAT. FINANCEIRA;A.TEC-I;; ESTATUTARIO;3897,48;;3897,48;693,62;3203,86;
MARILDA GALVAO DE OLIVEIRA;COORD. ADMINISTRAT. FINANCEIRA;ASSISTENTE TECNICO III;; ESTATUTARIO;5106,82;;5106,82;896,61;4210,21;
MARINA DE SEIXAS;COORD. ADMINISTRAT. FINANCEIRA;AUX.S.G-II;; ESTATUTARIO;2381,08;;2381,08;344,13;2036,95;
MARIZETE BRANDAO DA SILVA;COORD. ADMINISTRAT. FINANCEIRA;ASSISTENTE TECNICO I;; ESTATUTARIO;3764,51;;3764,51;634,61;3129,90;
MARONILCO MORAES DAS CHAGAS;COORD. ADMINISTRAT. FINANCEIRA;A.TEC-I;; ESTATUTARIO;7807,27;;7807,27;1920,62;5886,65;
MARSSICLEA BRITO DOS SANTOS;COORD. ADMINISTRAT. FINANCEIRA;GERENTE;; CARGO COMISSION.S/VINCULO;3209,79;;3209,79;376,71;2833,08;
MARY ANNE GAMA PARENTE;COORD. ADMINISTRAT. FINANCEIRA;TEC. DE NIVEL SUPERIOR 1A CLASSE;CHEFE DE GABINETE; ESTATUTARIO;6752,62;;6752,62;1447,49;5305,13;
MATIAS DIOGO BELFORT MAR;COORD. ADMINISTRAT. FINANCEIRA;A.OPE-III;ASSIST.TEC.OP.ELETRI; ESTATUTARIO;3375,48;;3375,48;553,21;2822,27;
MAX DEULEN BARAUNA NOGUEIRA;CONSELHO ESTADUAL DE CULTURA;MEMBRO DE CONSELHO;; CONSELHO;450,00;;450,00;;450,00;
MELISSA ALVES DE TOLEDO;COORD. ADMINISTRAT. FINANCEIRA;GERENTE;NAO INFORMADO; CARGO COMISSION.S/VINCULO;2609,79;;2609,79;258,44;2351,35;
MELKE ZEDEK GONZAGA DA SILVA;COORD. ADMINISTRAT. FINANCEIRA;AUX.O-III;MONTADOR DE EVENTOS; ESTATUTARIO;2861,81;;2861,81;342,37;2519,44;
MICHELL MELO BEZERRA E SILVA;CONSELHO ESTADUAL DE CULTURA;MEMBRO DE CONSELHO;; CONSELHO;450,00;;450,00;;450,00;
MIGUEL DA COSTA RIOS FILHO;COORD. ADMINISTRAT. FINANCEIRA;GERENTE;NAO INFORMADO; CARGO COMISSION.S/VINCULO;1911,79;;1911,79;153,88;1757,91;
MIGUEL DOS SANTOS BARBOSA JUNIOR;COORD. ADMINISTRAT. FINANCEIRA;AUX.BIBLI-III;AUXILIAR BIBLIOTECA; ESTATUTARIO;2320,84;;2320,84;324,92;1995,92;
MILTON WILFREDO PAREDES ROMAN;COORD. ADMINISTRAT. FINANCEIRA;A.TEC-III;ASS. TEC. INDICADOR; ESTATUTARIO;3375,48;;3375,48;553,21;2822,27;
MIMOSA MARIA DE NOGUEIRA PAIVA;COORD. ADMINISTRAT. FINANCEIRA;TNS-I;SECRETARIO EXECUTIVO; ESTATUTARIO;7383,49;;7383,49;1806,86;5576,63;
MOACYR MASSULO AGUIAR NETO;COORD. ADMINISTRAT. FINANCEIRA;ASSESSOR II;NAO INFORMADO; CARGO COMISSION.S/VINCULO;4209,79;;4209,79;640,87;3568,92;
MOISES SIMOES DOS SANTOS FILHO;COORD. ADMINISTRAT. FINANCEIRA;A.TEC-III;ASS. TEC. INDICADOR; ESTATUTARIO;3375,48;;3375,48;553,21;2822,27;
MOYSES DE ALMEIDA GARCIA;COORD. ADMINISTRAT. FINANCEIRA;AUX.O-III;AUX.OP.MONT.EVENTOS; ESTATUTARIO;2931,85;;2931,85;361,84;2570,01;
MURILO ALVES ACIOLI;COORD. ADMINISTRAT. FINANCEIRA;A.TEC-III;OPER. SOM/SONOPLASTA; ESTATUTARIO;3375,48;;3375,48;553,21;2822,27;
NAHIM CALELI ESPINOSA DUQUE;COORD. ADMINISTRAT. FINANCEIRA;GERENTE;GERENTE AD-2; CARGO COMISSION.S/VINCULO;3209,79;;3209,79;376,71;2833,08;
NAIANA SOUSA CAVALCANTE;COORD. ADMINISTRAT. FINANCEIRA;AUX.ADM-III;AUX ADM; ESTATUTARIO;2321,04;;2321,04;324,95;1996,09;
NAIARA ARRUDA DA COSTA;COORD. ADMINISTRAT. FINANCEIRA;TNS-III;; ESTATUTARIO;5574,37;;5574,37;1229,39;4344,98;
NESTOR RIBEIRO NASCIMENTO;COORD. ADMINISTRAT. FINANCEIRA;ASSISTENTE TECNICO I;GERENTEAD-2; ESTATUTARIO;4241,01;;4241,01;683,73;3557,28;
NILDA PEREIRA VERAS;COORD. ADMINISTRAT. FINANCEIRA;GERENTE;GERENTE AD-2; CARGO COMISSION.S/VINCULO;2213,79;;2213,79;181,06;2032,73;
NIRLANDSON DA GRACA DIAS;COORD. ADMINISTRAT. FINANCEIRA;A.OPE-III;ASS. OP. MAQUINISTA; ESTATUTARIO;3375,48;;3375,48;553,21;2822,27;
OIANA DO COUTO E SILVA;COORD. ADMINISTRAT. FINANCEIRA;GERENTE;GERENTE AD-2; CARGO COMISSION.S/VINCULO;2609,79;;2609,79;258,44;2351,35;
ORLANDO DA SILVA CAMARA;COORD. ADMINISTRAT. FINANCEIRA;TEC.DE NIVEL SUPERIOR 2A CLASSE;; ESTATUTARIO;5922,01;;5922,01;1260,26;4661,75;
OSMAR NEGREIROS SAID NETO;COORD. ADMINISTRAT. FINANCEIRA;GERENTE;; CARGO COMISSION.S/VINCULO;5831,10;;5831,10;1661,07;4170,03;
PAMELLA CARDOSO DA SILVA;COORD. ADMINISTRAT. FINANCEIRA;GERENTE;GERENTE; CARGO COMISSION.S/VINCULO;3209,79;;3209,79;376,71;2833,08;
PATRICIA OLIMPIO DA SILVA;COORD. ADMINISTRAT. FINANCEIRA;GERENTE;GERENTE; CARGO COMISSION.S/VINCULO;2609,79;;2609,79;258,44;2351,35;
PAULO JUNIOR DA SILVA MENEZES;COORD. ADMINISTRAT. FINANCEIRA;AUX.ADM-III;; ESTATUTARIO;2321,04;;2321,04;324,95;1996,09;
PEDRO MARCOS MANSOUR ANDES;COORD. ADMINISTRAT. FINANCEIRA;HIST-III;HISTORIADOR; ESTATUTARIO;7432,49;;7432,49;1688,23;5744,26;
PRINCE BRUNO DA SILVA LOPES;COORD. ADMINISTRAT. FINANCEIRA;ENG-III;ENGENHEIRO; ESTATUTARIO;5515,54;;5515,54;1075,33;4440,21;
PRISCILA NOGUEIRA DE SOUZA;COORD. ADMINISTRAT. FINANCEIRA;GERENTE;GERENTE; CARGO COMISSION.S/VINCULO;2213,79;;2213,79;181,06;2032,73;
QUETLEN FOUVE UCHOA DE SOUSA;COORD. ADMINISTRAT. FINANCEIRA;GERENTE;GERENTE AD-2; CARGO COMISSION.S/VINCULO;5706,29;;5706,29;1604,90;4101,39;
RAFAEL SANTOS DA COSTA LOPES;COORD. ADMINISTRAT. FINANCEIRA;ASSESSOR II;ASSESSOR II; CARGO COMISSION.S/VINCULO;2609,79;;2609,79;258,44;2351,35;
RAFAELA FERNANDES DA COSTA;COORD. ADMINISTRAT. FINANCEIRA;SUBGERENTE;NAO INFORMADO; CARGO COMISSION.S/VINCULO;1681,80;;1681,80;133,18;1548,62;
RAIMUNDA LIMA DA SILVA;COORD. ADMINISTRAT. FINANCEIRA;GERENTE;GERENTE AD-2; CARGO COMISSION.S/VINCULO;1911,79;;1911,79;153,88;1757,91;
RAIMUNDO NONATO DOS SANTOS BRAGA;COORD. ADMINISTRAT. FINANCEIRA;A.TEC-I;; ESTATUTARIO;5196,64;;5196,64;913,34;4283,30;
RAIMUNDO NONATO PEREIRA NASCIMENTO;COORD. ADMINISTRAT. FINANCEIRA;ASSESSOR III;; CARGO COMISSION.S/VINCULO;2195,80;;2195,80;179,44;2016,36;
RAISSA PANTOJA OLIVEIRA DE MATOS;COORD. ADMINISTRAT. FINANCEIRA;SUBGERENTE;SUBGERENTE AD-3; CARGO COMISSION.S/VINCULO;3191,80;;3191,80;352,48;2839,32;
RANOLFO CASSIANO RABELO;COORD. ADMINISTRAT. FINANCEIRA;AUX.TECNICO ADMINISTRATIVO II;; ESTATUTARIO;3640,04;;3640,04;580,84;3059,20;
RAQUEL PEREIRA DA FONTOURA;COORD. ADMINISTRAT. FINANCEIRA;GERENTE;GERENTE AD-2; CARGO COMISSION.S/VINCULO;3209,79;;3209,79;376,71;2833,08;
RAQUEL SERIQUE REIS;COORD. ADMINISTRAT. FINANCEIRA;TNS-III;T.N.S TURISMO; ESTATUTARIO;5638,66;;5638,66;1253,59;4385,07;
RAYDMA LOUREIRO ARAUJO BOTELHO;COORD. ADMINISTRAT. FINANCEIRA;ASSISTENTE TECNICO I;; ESTATUTARIO;3744,28;;3744,28;638,04;3106,24;
REGINA MARIA LOPES PEREIRA LOBATO;COORD. ADMINISTRAT. FINANCEIRA;TNS-I;CH. DE DPTO AD 1; ESTATUTARIO;17752,00;;17752,00;5461,24;12290,76;
REGMA DA SILVA MAGNO;COORD. ADMINISTRAT. FINANCEIRA;GERENTE;GERENTE; CARGO COMISSION.S/VINCULO;3209,79;;3209,79;376,71;2833,08;
RENATO PEREIRA DA SILVA JUNIOR;COORD. ADMINISTRAT. FINANCEIRA;GERENTE;GERENTE AD 2; CARGO COMISSION.S/VINCULO;2213,79;;2213,79;181,06;2032,73;
ROBERTA MELO PEREIRA;COORD. ADMINISTRAT. FINANCEIRA;ASSESSOR II;ASSESSOR II; CARGO COMISSION.S/VINCULO;2213,79;;2213,79;181,06;2032,73;
ROCHEL DA SILVA ROCHA;COORD. ADMINISTRAT. FINANCEIRA;A.TEC-III;ASSISTENTE TECNICO; ESTATUTARIO;3375,48;;3375,48;553,21;2822,27;
ROCICLEIDE ALVES DA SILVA FERREIRA;COORD. ADMINISTRAT. FINANCEIRA;GERENTE;; CARGO COMISSION.S/VINCULO;2644,11;;2644,11;1303,17;1340,94;
RODRIGO DA CRUZ DE OLIVEIRA;COORD. ADMINISTRAT. FINANCEIRA;AUX.ADM-III;AUX ADM; ESTATUTARIO;2321,04;;2321,04;324,95;1996,09;
ROMULO CESAR COELHO DE CASTRO;COORD. ADMINISTRAT. FINANCEIRA;A.TEC-III;ASSIST TECNICO; ESTATUTARIO;3577,54;;3577,54;583,52;2994,02;
RONILTON LEAO DE SOUZA;COORD. ADMINISTRAT. FINANCEIRA;AUX.ADM-III;; ESTATUTARIO;3094,72;;3094,72;270,79;2823,93;
ROSA CAPOTE VIEIRA;COORD. ADMINISTRAT. FINANCEIRA;GERENTE;GERENTE AD-2; CARGO COMISSION.S/VINCULO;4209,79;;4209,79;640,87;3568,92;
ROSANGELA LOPEZ ALANIS;CONSELHO ESTADUAL DE CULTURA;MEMBRO DE CONSELHO;; CONSELHO;450,00;;450,00;;450,00;
ROSIANE GARCIA PEREIRA;COORD. ADMINISTRAT. FINANCEIRA;A.TEC-III;ASSESSOR III; ESTATUTARIO;3375,48;;3375,48;553,21;2822,27;
ROSILDA OTAVIA MARQUES TEIXEIRA;COORD. ADMINISTRAT. FINANCEIRA;TEC.DE NIVEL SUPERIOR 2A CLASSE;; ESTATUTARIO;5778,50;;5778,50;1263,33;4515,17;
ROSIMAR SOBRINHO DOS SANTOS;COORD. ADMINISTRAT. FINANCEIRA;ASSESSOR III;ASSESSOR III AD-3; CARGO COMISSION.S/VINCULO;2195,80;;2195,80;179,44;2016,36;
ROSINEIDA LIMA PIMENTEL;COORD. ADMINISTRAT. FINANCEIRA;TNS-III;TEC. N. SUP. CONTAB; ESTATUTARIO;5574,37;;5574,37;1180,26;4394,11;
RUCEAN VIEIRA DA SILVA;COORD. ADMINISTRAT. FINANCEIRA;ASSESSOR III;ASSESSOR III; CARGO COMISSION.S/VINCULO;3191,80;;3191,80;352,48;2839,32;
RUY ALBERTO LINS LOURENCO ALMEIDA;COORD. ADMINISTRAT. FINANCEIRA;ASSESSOR II;; CARGO COMISSION.S/VINCULO;4209,79;;4209,79;640,87;3568,92;
SAMIR TORRES PEREIRA;COORD. ADMINISTRAT. FINANCEIRA;A.TEC-III;; ESTATUTARIO;3375,48;;3375,48;553,21;2822,27;
SAMUEL SOUZA DA SILVA;COORD. ADMINISTRAT. FINANCEIRA;BIBLI-III;BIBLIOTECARIO; ESTATUTARIO;5252,89;;5252,89;1115,71;4137,18;
SANDRA FEIJAO DE BRITO;COORD. ADMINISTRAT. FINANCEIRA;GERENTE;GERENTE AD-2; CARGO COMISSION.S/VINCULO;2609,79;;2609,79;258,44;2351,35;
SANDRA MARIA DOS SANTOS;COORD. ADMINISTRAT. FINANCEIRA;TNS-III;T.N.S TURISMO; ESTATUTARIO;5638,66;;5638,66;1253,59;4385,07;
SANDRA MESQUITA ARAUJO;COORD. ADMINISTRAT. FINANCEIRA;A.TEC-III;ASS.TEC.CONTABILIDAD; ESTATUTARIO;3375,48;;3375,48;553,21;2822,27;
SANDRO DE SOUZA PAULO;COORD. ADMINISTRAT. FINANCEIRA;GERENTE;NAO INFORMADO; CARGO COMISSION.S/VINCULO;3209,79;;3209,79;376,71;2833,08;
SANTANA RIBEIRO DUARTE;COORD. ADMINISTRAT. FINANCEIRA;AUX.O-I;; ESTATUTARIO;3995,43;;3995,43;553,82;3441,61;
SARIE SAMMY TEIXEIRA BRASIL;COORD. ADMINISTRAT. FINANCEIRA;ASSISTENTE TECNICO I;; ESTATUTARIO;3796,21;;3796,21;641,98;3154,23;
SERGIO VIEIRA CARDOSO;COORD. ADMINISTRAT. FINANCEIRA;CHEFE DE DEPARTAMENTO;CH.DPTO. AD-1; CARGO COMISSION.S/VINCULO;5229,77;1167,38;4062,39;737,65;3324,74;
SHARLES SILVA DA COSTA;COORD. ADMINISTRAT. FINANCEIRA;A.TEC-II;CH DE DPTO AD-1; ESTATUTARIO;5835,46;;5835,46;902,80;4932,66;
SHIRLEY MONTEIRO DE LIMA;COORD. ADMINISTRAT. FINANCEIRA;GERENTE;GERENTE; CARGO COMISSION.S/VINCULO;2213,79;;2213,79;181,06;2032,73;
SIDNEY CASTRO MEDINO;COORD. ADMINISTRAT. FINANCEIRA;AUX.O-III;AUX. OPER. CENOTECN; ESTATUTARIO;3461,81;;3461,81;373,15;3088,66;
SIGRID RAMOS CETRARO;COORD. ADMINISTRAT. FINANCEIRA;CHEFE DE DEPARTAMENTO;NAO INFORMADO; CARGO COMISSION.S/VINCULO;5229,77;;5229,77;981,03;4248,74;
SILVIA ANGELINA LIMA DOS SANTOS;COORD. ADMINISTRAT. FINANCEIRA;AUX.BIBLI-III;; ESTATUTARIO;2320,84;;2320,84;324,92;1995,92;
SILVIO DA SILVA PINTO JUNIOR;COORD. ADMINISTRAT. FINANCEIRA;ASSISTENTE TECNICO I;; ESTATUTARIO;3992,01;;3992,01;572,86;3419,15;
SOLANGE ACORDI MAKAREM;COORD. ADMINISTRAT. FINANCEIRA;GERENTE;GERENTE AD-2; CARGO COMISSION.S/VINCULO;3209,79;;3209,79;376,71;2833,08;
SOLANGE RAMOS DA SILVA;COORD. ADMINISTRAT. FINANCEIRA;AUX.O-III;AUX. OP. COSTUREIRA; ESTATUTARIO;2198,89;;2198,89;307,84;1891,05;
SONIA MARIA DAMASCENO;COORD. ADMINISTRAT. FINANCEIRA;BIBLIOTECARIO PNS-BBT-I;; ESTATUTARIO;7524,56;;7524,56;1869,84;5654,72;
STHEFANY RODRIGUES DA SILVA;COORD. ADMINISTRAT. FINANCEIRA;GERENTE;GERENTE; CARGO COMISSION.S/VINCULO;1699,79;;1699,79;134,80;1564,99;
SUELEN DA SILVA ALEXANDRE;COORD. ADMINISTRAT. FINANCEIRA;AUX.BIBLI-III;AUX. BIBLIOTECA; ESTATUTARIO;2320,84;;2320,84;314,09;2006,75;
SUELLEN RODRIGUES DE SOUZA;COORD. ADMINISTRAT. FINANCEIRA;SUBGERENTE;SUBGERENTE; CARGO COMISSION.S/VINCULO;1893,80;;1893,80;152,26;1741,54;
SUZY PEIXOTO OSAQUI;COORD. ADMINISTRAT. FINANCEIRA;TEC.DE NIVEL SUPERIOR 2A CLASSE;; ESTATUTARIO;5778,50;;5778,50;1263,33;4515,17;
TAMIRIS DA SILVA LIMA;COORD. ADMINISTRAT. FINANCEIRA;GERENTE;NAO INFORMADO; CARGO COMISSION.S/VINCULO;3209,79;;3209,79;376,71;2833,08;
TANIA MARIA BARROSO DA SILVA;COORD. ADMINISTRAT. FINANCEIRA;GERENTE;GERENTE AD 2; CARGO COMISSION.S/VINCULO;3209,79;;3209,79;376,71;2833,08;
TATIANA DE LIMA PEDROSA SANTOS;COORD. ADMINISTRAT. FINANCEIRA;ARQ-III;ARQUEOLOGO; ESTATUTARIO;5702,96;;5702,96;1277,80;4425,16;
TATIANA MESQUITA MARQUES;COORD. ADMINISTRAT. FINANCEIRA;GERENTE;NAO INFORMADO; CARGO COMISSION.S/VINCULO;2951,72;;2951,72;322,04;2629,68;
TATIANE SARMENTO GUIMARAES;COORD. ADMINISTRAT. FINANCEIRA;SUBGERENTE;SUBGERENTE AD-3; CARGO COMISSION.S/VINCULO;3191,80;;3191,80;332,70;2859,10;
TELMA INES VEIGA DO NASCIMENTO;COORD. ADMINISTRAT. FINANCEIRA;A.TEC-I;; ESTATUTARIO;6005,62;;6005,62;1316,89;4688,73;
TEREZA CRISTINA VIEIRA CANTANHEDE;COORD. ADMINISTRAT. FINANCEIRA;ASSISTENTE TECNICO III;; ESTATUTARIO;4673,80;;4673,80;803,84;3869,96;
THARCIANA CURINTIMA NOGUEIRA PENA;COORD. ADMINISTRAT. FINANCEIRA;AUX.ADM-III;; ESTATUTARIO;3461,81;;3461,81;440,68;3021,13;
THAYLINE CASTRO GAMA;COORD. ADMINISTRAT. FINANCEIRA;GERENTE;; CARGO COMISSION.S/VINCULO;2213,79;;2213,79;181,06;2032,73;
THAYNA MARIANA DE OLIVEIRA SANTOS;COORD. ADMINISTRAT. FINANCEIRA;GERENTE;NAO INFORMADO; CARGO COMISSION.S/VINCULO;1548,79;;1548,79;121,21;1427,58;
THIAGO HERMIDO DA SILVA;COORD. ADMINISTRAT. FINANCEIRA;GERENTE;GERENTE; CARGO COMISSION.S/VINCULO;4209,79;;4209,79;640,87;3568,92;
THIAGO MAGALHAES DO COUTO;COORD. ADMINISTRAT. FINANCEIRA;ASSESSOR III;ASSESSOR III; CARGO COMISSION.S/VINCULO;2195,80;;2195,80;179,44;2016,36;
TICIANA PEREIRA DE OLIVEIRA;COORD. ADMINISTRAT. FINANCEIRA;AUXILIAR ADMINISTRATIVO;AUXILIAR ADMINISTRAT; ESTATUTARIO;2321,04;;2321,04;324,95;1996,09;
VALCIENE RIBEIRO DE FARIAS;COORD. ADMINISTRAT. FINANCEIRA;GERENTE;GERENTE AD-2; CARGO COMISSION.S/VINCULO;4209,79;;4209,79;640,87;3568,92;
VALDENIRA NASCIMENTO DE AMARAL;COORD. ADMINISTRAT. FINANCEIRA;AUX.BIBLI-III;; ESTATUTARIO;2320,84;;2320,84;324,92;1995,92;
VALERIA LIMA MACHADO;COORD. ADMINISTRAT. FINANCEIRA;BIBLI-III;BIBLIOTECARIA 3ª CL.; ESTATUTARIO;5574,37;;5574,37;1229,39;4344,98;
VANDERLEY PINHEIRO;CONSELHO ESTADUAL DE CULTURA;MEMBRO DE CONSELHO;; CONSELHO;450,00;;450,00;;450,00;
VANERSSA MOTA DIAS;COORD. ADMINISTRAT. FINANCEIRA;ASSESSOR II;ASSESSOR II; CARGO COMISSION.S/VINCULO;2213,79;;2213,79;181,06;2032,73;
VANESSA COSTA DE ARAUJO;COORD. ADMINISTRAT. FINANCEIRA;ASSESSOR II;ASSESSOR II; CARGO COMISSION.S/VINCULO;3209,79;;3209,79;376,71;2833,08;
VICTOR DANIEL COSTA DIAS;COORD. ADMINISTRAT. FINANCEIRA;A.TEC-III;ASSIST TECNICO; ESTATUTARIO;3375,48;;3375,48;553,21;2822,27;
VICTOR MARTINS DE LIRA;COORD. ADMINISTRAT. FINANCEIRA;AUX.O-III;AUX. OP. MONT. ORQ; ESTATUTARIO;2198,89;;2198,89;307,84;1891,05;
VITOR ALFAIA DA PAZ;COORD. ADMINISTRAT. FINANCEIRA;A.TEC-III;ASSIST TEC; ESTATUTARIO;3375,48;;3375,48;533,27;2842,21;
VIVIAN SALES COSTA BARBOSA;COORD. ADMINISTRAT. FINANCEIRA;A.TEC-II;; ESTATUTARIO;3655,15;;3655,15;600,00;3055,15;
WAGNER DIAS ELEUTERIO;COORD. ADMINISTRAT. FINANCEIRA;MAQUINISTA;; ESTATUTARIO;3497,38;;3497,38;585,99;2911,39;
WALDEANE REGINA DA SILVA DE QUEIROZ;COORD. ADMINISTRAT. FINANCEIRA;GERENTE;NAO INFORMADO; CARGO COMISSION.S/VINCULO;1699,79;;1699,79;134,80;1564,99;
WELLISSON BRITO BATISTA;CONSELHO ESTADUAL DE CULTURA;MEMBRO DE CONSELHO;; CONSELHO;450,00;;450,00;;450,00;
WILL DOUGLAS PEREIRA CILEIRO;COORD. ADMINISTRAT. FINANCEIRA;AUX.ADM-III;AUX ADM; ESTATUTARIO;2321,04;;2321,04;324,95;1996,09;
ZACARIAS OLIVEIRA SOUSA;COORD. ADMINISTRAT. FINANCEIRA;AUX.O-III;AUX. OPER. CENOTECN; ESTATUTARIO;2198,89;;2198,89;307,84;1891,05;
