NOME;LOTACAO;CARGO;FUNCAO;VINCULO;REMUNERACAO LEGAL TOTAL(R$);DESC.TETO(R$); REMUNERACAO LEGAL DEVIDA(R$);DESCONTOS LEGAIS(R$);LIQUIDO DISPONIVEL(R$);
ABRAAO MIKAEL DE MELO DA SILVA;PENSIONISTA ESPECIAL;PENSIONISTA;; PENSAO POR ORDEM JUDICIAL;808,00;;808,00;;808,00;
ACIDE TANARA ANDRADE DE OLIVEIRA;PENSIONISTA ESPECIAL;PENSIONISTA;; PENSAO POR DECRETO;2852,59;;2852,59;73,09;2779,50;
ADELIA EMANUELLY LIMA DOS SANTOS;PENSIONISTA ESPECIAL;PENSIONISTA;PENSAO ESPECIAL; PENSAO POR ORDEM JUDICIAL;202,00;;202,00;;202,00;
ADEMILSON DOMINGOS;PENSIONISTA ESPECIAL;PENSIONISTA;; PENSAO POR ORDEM JUDICIAL;202,00;;202,00;;202,00;
ALAN SOUZA DA ROCHA;PENSIONISTA ESPECIAL;PENSIONISTA;; PENSAO POR ORDEM JUDICIAL;1212,00;;1212,00;;1212,00;
ALCILENE BARBOSA CENA;PENSIONISTA ESPECIAL;PENSIONISTA;PENSÃO ESPECIAL; PENSAO POR ORDEM JUDICIAL;202,00;;202,00;;202,00;
ALCINETE AMORIM GUIMARAES;PENSIONISTA ESPECIAL;PENSIONISTA;; PENSAO POR ORDEM JUDICIAL;404,00;;404,00;;404,00;
ALDENISES VIEIRA DOS SANTOS;PENSIONISTA ESPECIAL;PENSIONISTA;PENSÃO ESPECIAL; PENSAO POR ORDEM JUDICIAL;606,00;;606,00;;606,00;
ALESSANDRA BRONE DA COSTA;PENSIONISTA ESPECIAL;PENSIONISTA;; PENSAO POR ORDEM JUDICIAL;306,71;;306,71;;306,71;
ALESSANDRA GOMES FIGUEIRA;PENSIONISTA ESPECIAL;PENSIONISTA;; PENSAO POR ORDEM JUDICIAL;404,00;;404,00;;404,00;
ALESSANDRO RHAVY FREIRE PRAIA;PENSIONISTA ESPECIAL;PENSIONISTA;; PENSAO POR ORDEM JUDICIAL;269,33;;269,33;;269,33;
ALEXSANDER LIMA BATISTA;PENSIONISTA ESPECIAL;PENSIONISTA;; PENSAO POR ORDEM JUDICIAL;1212,00;;1212,00;;1212,00;
ALEXSANDRO DOUGLAS BATISTA VIEIRA;PENSIONISTA ESPECIAL;PENSIONISTA;; PENSAO POR ORDEM JUDICIAL;802,79;;802,79;;802,79;
ALEXSSANDRA DOS ANJOS MELO;PENSIONISTA ESPECIAL;PENSIONISTA;; PENSAO POR ORDEM JUDICIAL;606,00;;606,00;;606,00;
ALICE CATARINA MORAES;PENSIONISTA ESPECIAL;PENSIONISTA;; PENSAO POR ORDEM JUDICIAL;20650,42;;20650,42;;20650,42;
ALIETE BORGES COELHO;PENSIONISTA ESPECIAL;PENSIONISTA;; PENSAO POR DECRETO;35462,22;;35462,22;;35462,22;
AMAZONINO ARMANDO MENDES;PENSIONISTA ESPECIAL;PENSIONISTA EX-GOVERNADOR;; PENSAO POR LEI;35462,22;;35462,22;;35462,22;
AMETHISTA DA COSTA LAVAREDA;PENSIONISTA ESPECIAL;PENSIONISTA;; PENSAO POR ORDEM JUDICIAL;1200,00;;1200,00;;1200,00;
ANA BEATRIZ PEREIRA DA SILVA;PENSIONISTA ESPECIAL;PENSIONISTA;PENSAO ESPECIAL; PENSAO POR ORDEM JUDICIAL;161,60;;161,60;;161,60;
ANA BIANCA PEREIRA DA SILVA;PENSIONISTA ESPECIAL;PENSIONISTA;PENSAO ESPECIAL; PENSAO POR ORDEM JUDICIAL;161,60;;161,60;;161,60;
ANA CLAIANE ANDRADE DA COSTA;PENSIONISTA ESPECIAL;PENSIONISTA;; PENSAO POR ORDEM JUDICIAL;161,60;;161,60;;161,60;
ANA CLAUDIA VIEIRA DOS SANTOS;PENSIONISTA ESPECIAL;PENSIONISTA;; PENSAO POR ORDEM JUDICIAL;404,00;;404,00;;404,00;
ANA CRISTINA ANTONY DE OLIVEIRA;PENSIONISTA ESPECIAL;SUB-SECRETARIO DE ESTADO;; PENSAO POR ORDEM JUDICIAL;11700,00;;11700,00;2348,14;9351,86;
ANA CRISTINA GUEDES DA SILVA;PENSIONISTA ESPECIAL;PENSIONISTA;PENSAO ESPECIAL; PENSAO POR ORDEM JUDICIAL;404,00;;404,00;;404,00;
ANA LUIZA DOCE NEVES;PENSIONISTA ESPECIAL;PENSIONISTA;; PENSAO POR ORDEM JUDICIAL;269,33;;269,33;;269,33;
ANDREW CORREA DE ABREU;PENSIONISTA ESPECIAL;PENSIONISTA;; PENSAO POR ORDEM JUDICIAL;3030,00;;3030,00;99,70;2930,30;
ANTONIO CARLOS FIGUEREDO DE MORAES;PENSIONISTA ESPECIAL;PENSIONISTA;; PENSAO POR ORDEM JUDICIAL;269,33;;269,33;;269,33;
ANTONIO GUILHERME FERREIRA MUNIZ;PENSIONISTA ESPECIAL;PENSIONISTA;; PENSAO POR ORDEM JUDICIAL;404,00;;404,00;;404,00;
ARLEY MATHEUS LOPES DA SILVA;PENSIONISTA ESPECIAL;PENSIONISTA;; PENSAO POR ORDEM JUDICIAL;404,00;;404,00;;404,00;
AYLLA LIZ LIMA BRAGA;PENSIONISTA ESPECIAL;PENSIONISTA;; PENSAO POR ORDEM JUDICIAL;808,00;;808,00;;808,00;
BERNARDO DOS SANTOS MARQUES;PENSIONISTA ESPECIAL;PENSIONISTA;; PENSAO POR ORDEM JUDICIAL;202,00;;202,00;;202,00;
BRENO DE LIMA EVANGELISTA MARTINS;PENSIONISTA ESPECIAL;PENSIONISTA;; PENSAO POR ORDEM JUDICIAL;404,00;;404,00;;404,00;
BRUNA LETICIA DE SOUZA REBELLO;PENSIONISTA ESPECIAL;PENSIONISTA;; PENSAO POR ORDEM JUDICIAL;476,92;;476,92;;476,92;
BRYAN FABIO DA SILVA SOARES;PENSIONISTA ESPECIAL;PENSIONISTA;; PENSAO POR ORDEM JUDICIAL;606,00;;606,00;;606,00;
CARLA BIANCA LIRA DE LIMA;PENSIONISTA ESPECIAL;PENSIONISTA;; PENSAO POR ORDEM JUDICIAL;1212,00;;1212,00;;1212,00;
CARLA NAYUME JANGLIDES N E SILVA;PENSIONISTA ESPECIAL;PENSIONISTA;; PENSAO POR ORDEM JUDICIAL;269,33;;269,33;;269,33;
CARLA VITORIA PACHECO CORREA;PENSIONISTA ESPECIAL;PENSIONISTA;; PENSAO POR ORDEM JUDICIAL;808,00;;808,00;;808,00;
CASSIA REGINA ARAUJO DE SOUZA;PENSIONISTA ESPECIAL;PENSIONISTA;; PENSAO POR DECRETO;1901,73;;1901,73;;1901,73;
CECILIA DOS SANTOS;PENSIONISTA ESPECIAL;PENSIONISTA;; PENSAO POR ORDEM JUDICIAL;808,00;;808,00;;808,00;
CINTIA DA SILVA DUARTE;PENSIONISTA ESPECIAL;PENSIONISTA;; PENSAO POR ORDEM JUDICIAL;606,00;;606,00;;606,00;
CLAUDENORA ALFAIA DA COSTA ARAUJO;PENSIONISTA ESPECIAL;PENSIONISTA;; PENSAO POR ORDEM JUDICIAL;1212,00;;1212,00;;1212,00;
CLEOMAR VIANA DE OLIVEIRA;PENSIONISTA ESPECIAL;PENSIONISTA;; PENSAO POR ORDEM JUDICIAL;1212,00;;1212,00;;1212,00;
DANIEL SYMON LIMA DOS SANTOS;PENSIONISTA ESPECIAL;PENSIONISTA;; PENSAO POR ORDEM JUDICIAL;202,00;;202,00;;202,00;
DAYLA CORREA DE ABREU;PENSIONISTA ESPECIAL;PENSIONISTA;; PENSAO POR ORDEM JUDICIAL;3030,00;;3030,00;99,70;2930,30;
DELMIRA MARCOS ARAUJO;PENSIONISTA ESPECIAL;PENSIONISTA;; PENSAO POR LEI;1212,00;;1212,00;;1212,00;
DEUZO FRAZAO CENA;PENSIONISTA ESPECIAL;PENSIONISTA;PENSAO ESPECIAL; PENSAO POR ORDEM JUDICIAL;202,00;;202,00;;202,00;
DIEGO GUILHERME DE SOUZA FERNANDES;PENSIONISTA ESPECIAL;PENSIONISTA;PENSÃO ESPECIAL; PENSAO POR ORDEM JUDICIAL;808,00;;808,00;;808,00;
DORIAN CAVALCANTE NOGUEIRA;PENSIONISTA ESPECIAL;PENSIONISTA;; PENSAO POR LEI;1320,13;;1320,13;;1320,13;
DOUGLAS DE OLIVEIRA BELEZA;PENSIONISTA ESPECIAL;PENSIONISTA;; PENSAO POR LEI;1360,00;;1360,00;;1360,00;
DOUGLAS GABRIEL SILVA BENTES;PENSIONISTA ESPECIAL;PENSIONISTA;; PENSAO POR ORDEM JUDICIAL;404,00;;404,00;;404,00;
DULCINEIA LESSA BRAGA;PENSIONISTA ESPECIAL;PENSIONISTA;PENSIONISTA; PENSAO POR ORDEM JUDICIAL;763,60;;763,60;;763,60;
EDNA AGUIAR ANTONY;PENSIONISTA ESPECIAL;PENSIONISTA;; PENSAO POR ORDEM JUDICIAL;1212,00;;1212,00;;1212,00;
ELIAS MARTINS DA SILVA;PENSIONISTA ESPECIAL;PENSIONISTA;PENSAO ESPECIAL; PENSAO POR ORDEM JUDICIAL;404,00;;404,00;;404,00;
ELISA GARCIA DE SOUSA;PENSIONISTA ESPECIAL;PENSIONISTA;; PENSAO POR LEI;2139,00;;2139,00;;2139,00;
ELISON MARQUES DA COSTA;PENSIONISTA ESPECIAL;PENSIONISTA;; PENSAO POR ORDEM JUDICIAL;808,00;;808,00;;808,00;
ELIZABETH ANDRADE CAVALCANTE;PENSIONISTA ESPECIAL;PENSIONISTA;; PENSAO POR LEI;2424,00;;2424,00;39,00;2385,00;
ELIZABETH PINHEIRO ZUIDGEEST;PENSIONISTA ESPECIAL;PENSIONISTA;; PENSAO POR ORDEM JUDICIAL;1212,00;;1212,00;;1212,00;
EMILLY VITORIA PALHETA DE CARVALHO;PENSIONISTA ESPECIAL;PENSIONISTA;; PENSAO POR ORDEM JUDICIAL;808,00;;808,00;;808,00;
ERICK DE LIMA EVANGELISTA MARTINS;PENSIONISTA ESPECIAL;PENSIONISTA;; PENSAO POR ORDEM JUDICIAL;404,00;;404,00;;404,00;
ETELVINA PEREIRA BARROSO;PENSIONISTA ESPECIAL;PENSIONISTA;; PENSAO POR ORDEM JUDICIAL;606,00;;606,00;;606,00;
FILIPE CHAVES DA COSTA;PENSIONISTA ESPECIAL;PENSIONISTA;; PENSAO POR ORDEM JUDICIAL;306,71;;306,71;;306,71;
FRANCIMARA CAMPOS DE CARVALHO;PENSIONISTA ESPECIAL;PENSIONISTA;; PENSAO POR ORDEM JUDICIAL;808,00;;808,00;;808,00;
FRANCISCA DAS CHAGAS DE S GALDINO;PENSIONISTA ESPECIAL;PENSIONISTA;; PENSAO POR ORDEM JUDICIAL;808,00;;808,00;;808,00;
FRANCISCO DE FREITAS ROLA;PENSIONISTA ESPECIAL;PENSIONISTA;; PENSAO POR LEI;31589,57;;31589,57;7294,18;24295,39;
FRANCISCO FERREIRA DA SILVA;PENSIONISTA ESPECIAL;PENSIONISTA;PENSAO ESPECIAL; PENSAO POR LEI;3661,68;;3661,68;;3661,68;
FRANCISCO MONTEIRO DO CARMO;PENSIONISTAS ALFREDO DA MATA;PENSIONISTA LEI 1735 DE 14.11.85;; PENSIONISTA POR LEI;1212,00;;1212,00;;1212,00;
FRANCISCO PEDRO TAVARES DE CARVALHO;PENSIONISTA ESPECIAL;PENSIONISTA;; PENSAO POR ORDEM JUDICIAL;404,00;;404,00;;404,00;
FRANCISCO QUEIROZ DA SILVA;PENSIONISTAS ALFREDO DA MATA;PENSIONISTA LEI 1735 DE 14.11.85;; PENSIONISTA POR LEI;1212,00;;1212,00;;1212,00;
GABRIEL DE SOUZA CABRAL;PENSIONISTA ESPECIAL;PENSIONISTA;; PENSAO POR DECRETO;3219,89;;3219,89;128,18;3091,71;
GABRIEL OLIVEIRA BARROS;PENSIONISTA ESPECIAL;PENSIONISTA;; PENSAO POR ORDEM JUDICIAL;404,00;;404,00;;404,00;
GEOMAR SANTOS DE SOUZA;PENSIONISTA ESPECIAL;PENSIONISTA;; PENSAO POR ORDEM JUDICIAL;1212,00;;1212,00;;1212,00;
GISELE CARDOSO PEREIRA;PENSIONISTA ESPECIAL;PENSIONISTA;PENSAO ESPECIAL; PENSAO POR ORDEM JUDICIAL;161,60;;161,60;;161,60;
GLAUCO ROBERT NEGREIROS RIBEIRO;PENSIONISTA ESPECIAL;PENSIONISTA;; PENSAO POR ORDEM JUDICIAL;808,00;;808,00;;808,00;
GLORIA ANGELICO DA SILVA;PENSIONISTA ESPECIAL;PENSIONISTA;; PENSAO POR ORDEM JUDICIAL;808,00;;808,00;;808,00;
GUILHERME MICHEL DUARTE FEITOSA;PENSIONISTA ESPECIAL;PENSIONISTA;; PENSAO POR ORDEM JUDICIAL;606,00;;606,00;;606,00;
HORLANDINA DA SILVA CAVALCANTE;PENSIONISTA ESPECIAL;PENSIONISTA;PENSAO ESPECIAL; PENSAO POR ORDEM JUDICIAL;808,00;;808,00;;808,00;
IDELBERTO HIGOR CORREA MAFRA;PENSIONISTA ESPECIAL;PENSIONISTA;; PENSAO POR ORDEM JUDICIAL;404,00;;404,00;;404,00;
IOMAR MIGUEL SILVA COSTA;PENSIONISTA ESPECIAL;PENSIONISTA;; PENSAO POR ORDEM JUDICIAL;808,00;;808,00;;808,00;
ISAAC DUARTE CLEMENTINO;PENSIONISTA ESPECIAL;PENSIONISTA;; PENSAO POR ORDEM JUDICIAL;7272,00;;7272,00;1130,44;6141,56;
ISABELLY GABRIELLY SILVA BENTES;PENSIONISTA ESPECIAL;PENSIONISTA;; PENSAO POR ORDEM JUDICIAL;404,00;;404,00;;404,00;
ISAIAS CALHEIROS DO VALE;PENSIONISTA ESPECIAL;PENSIONISTA;; PENSAO POR ORDEM JUDICIAL;1212,00;;1212,00;;1212,00;
ISMAEL LHEVY FREIRE PRAIA;PENSIONISTA ESPECIAL;PENSIONISTA;; PENSAO POR ORDEM JUDICIAL;269,33;;269,33;;269,33;
ITALO RYAN SANTOS CAMPELO;PENSIONISTA ESPECIAL;PENSIONISTA;; PENSAO POR ORDEM JUDICIAL;808,00;;808,00;;808,00;
IVANILDO AZEVEDO REGO;PENSIONISTA ESPECIAL;PENSIONISTA;; PENSAO POR ORDEM JUDICIAL;1212,00;;1212,00;;1212,00;
IVONE ANDRADE MARTINS;PENSIONISTA ESPECIAL;PENSIONISTA;; PENSAO POR ORDEM JUDICIAL;808,00;;808,00;;808,00;
IVONE BASILIO DE SOUZA;PENSIONISTA ESPECIAL;PENSIONISTA;; PENSAO POR ORDEM JUDICIAL;404,00;;404,00;;404,00;
JAQUELINE ANGELITA DA CONCEICAO;PENSIONISTA ESPECIAL;PENSIONISTA LEI 1735 DE 14.11.85;; PENSAO POR LEI;825,59;;825,59;;825,59;
JEAN LUIZ ALBUQUERQUE SIDO;PENSIONISTA ESPECIAL;PENSIONISTA;; PENSAO POR ORDEM JUDICIAL;1212,00;;1212,00;;1212,00;
JELSON JONY SILVA DE LIMA;PENSIONISTA ESPECIAL;PENSIONISTA;; PENSAO POR ORDEM JUDICIAL;1212,00;;1212,00;;1212,00;
JOAO BATISTA FREITAS DE SOUZA;PENSIONISTA ESPECIAL;PENSIONISTA;; PENSAO POR ORDEM JUDICIAL;2424,00;;2424,00;39,00;2385,00;
JOAO VICTOR MAGALHAES SOARES;PENSIONISTA ESPECIAL;PENSIONISTA;; PENSAO POR ORDEM JUDICIAL;606,00;;606,00;;606,00;
JOAO VINICIUS DA SILVA MUNIZ;PENSIONISTA ESPECIAL;PENSIONISTA;; PENSAO POR ORDEM JUDICIAL;404,00;;404,00;;404,00;
JOAO VITOR BEZERRA SANTOS MENEZES;PENSIONISTA ESPECIAL;PENSIONISTA;; PENSAO POR ORDEM JUDICIAL;1212,00;;1212,00;;1212,00;
JOELMA MORAES CASCAIS;PENSIONISTA ESPECIAL;PENSIONISTA;; PENSAO POR ORDEM JUDICIAL;808,00;;808,00;;808,00;
JOHANNE SOPHIE CORREA MAFRA;PENSIONISTA ESPECIAL;PENSIONISTA;; PENSAO POR ORDEM JUDICIAL;404,00;;404,00;;404,00;
JOSE ADEL ROCHA DA MOTA;PENSIONISTA ESPECIAL;PENSIONISTA;; PENSAO POR ORDEM JUDICIAL;1212,00;;1212,00;;1212,00;
JOSE ALBERTO DE LIMA;PENSIONISTA ESPECIAL;PENSIONISTA;; PENSAO POR ORDEM JUDICIAL;404,00;;404,00;;404,00;
JOSE BRUNO DA SILVA;PENSIONISTA ESPECIAL;PENSIONISTA;; PENSAO POR ORDEM JUDICIAL;404,00;;404,00;;404,00;
JOSE CARLOS SOUZA DE OLIVEIRA FILHO;PENSIONISTA ESPECIAL;PENSIONISTA;; PENSAO POR ORDEM JUDICIAL;2424,00;;2424,00;39,00;2385,00;
JOSE FERNANDO DE CASTRO PINTO;PENSIONISTA ESPECIAL;PENSIONISTA;; PENSAO POR ORDEM JUDICIAL;1212,00;;1212,00;;1212,00;
JOSE LUIZ GOMES SOARES;PENSIONISTA ESPECIAL;PENSIONISTA;PENSAO ESPECIAL; PENSAO POR ORDEM JUDICIAL;1212,00;;1212,00;;1212,00;
JOSE LUIZ SOUZA DE LACERDA;PENSIONISTA ESPECIAL;PENSIONISTA;; PENSAO POR ORDEM JUDICIAL;3636,00;;3636,00;190,60;3445,40;
JOSE MELO DE OLIVEIRA;PENSIONISTA ESPECIAL;PENSIONISTA EX-GOVERNADOR;; PENSAO POR LEI;34070,00;;34070,00;7976,30;26093,70;
JOSE RIBAMAR RIOS;PENSIONISTA ESPECIAL;PENSIONISTA;PENSAO ESPECIAL; PENSAO POR ORDEM JUDICIAL;1212,00;;1212,00;;1212,00;
JOVENIL GOMES AMORIM;PENSIONISTA ESPECIAL;PENSIONISTA;; PENSAO POR ORDEM JUDICIAL;404,00;;404,00;;404,00;
JUDITE RODRIGUES DE SOUZA;PENSIONISTA ESPECIAL;PENSIONISTA;PENSAO ESPECIAL; PENSAO POR ORDEM JUDICIAL;1600,00;;1600,00;;1600,00;
KACIEL DOS SANTOS MARQUES;PENSIONISTA ESPECIAL;PENSIONISTA;PENSAO ESPECIAL; PENSAO POR ORDEM JUDICIAL;202,00;;202,00;;202,00;
KAIO VITOR BATISTA DE OLIVEIRA;PENSIONISTA ESPECIAL;PENSIONISTA;; PENSAO POR ORDEM JUDICIAL;808,00;;808,00;;808,00;
KAMILE DE OLIVEIRA PEREIRA;PENSIONISTA ESPECIAL;PENSIONISTA;; PENSAO POR ORDEM JUDICIAL;808,00;;808,00;;808,00;
KAMILE VITORIA ANDRADE DA COSTA;PENSIONISTA ESPECIAL;PENSIONISTA;; PENSAO POR ORDEM JUDICIAL;161,60;;161,60;;161,60;
KAREN VITORIA DE SOUZA VENTILARI;PENSIONISTA ESPECIAL;PENSIONISTA;; PENSAO POR DECRETO;1901,73;;1901,73;;1901,73;
KARINE ALVES DE ANDRADE;PENSIONISTA ESPECIAL;PENSIONISTA;; PENSAO POR ORDEM JUDICIAL;161,60;;161,60;;161,60;
KASSIANE VITORIA DE O PEREIRA;PENSIONISTA ESPECIAL;PENSIONISTA;; PENSAO POR ORDEM JUDICIAL;808,00;;808,00;;808,00;
KESIA MARA DE SOUZA CABRAL;PENSIONISTA ESPECIAL;PENSIONISTA;; PENSAO POR DECRETO;3219,89;;3219,89;128,18;3091,71;
KEZIA KYSSILEM FERREIRA PINTO;PENSIONISTA ESPECIAL;PENSIONISTA;; PENSAO POR ORDEM JUDICIAL;2424,00;;2424,00;39,00;2385,00;
KIMBERLI GABRIELY GOMES DE LIMA;PENSIONISTA ESPECIAL;PENSIONISTA;; PENSAO POR ORDEM JUDICIAL;1737,20;;1737,20;;1737,20;
LAYHANDRA SOUZA DE OLIVEIRA;PENSIONISTA ESPECIAL;PENSIONISTA;; PENSAO POR ORDEM JUDICIAL;404,00;;404,00;;404,00;
LEONARDO PEREIRA LOPES;PENSIONISTA ESPECIAL;PENSIONISTA;; PENSAO POR ORDEM JUDICIAL;1212,00;;1212,00;;1212,00;
LIVIA EMANUELLY DOS SANTOS OLIVEIRA;PENSIONISTA ESPECIAL;PENSIONISTA;; PENSAO POR ORDEM JUDICIAL;404,00;;404,00;;404,00;
LUCIANA DE BELEM MEMORIA;PENSIONISTA ESPECIAL;PENSIONISTA;; PENSAO POR ORDEM JUDICIAL;1212,00;;1212,00;;1212,00;
LUCIANY WEYDA DE OLIVEIRA CORREA;PENSIONISTA ESPECIAL;PENSIONISTA;; PENSAO POR ORDEM JUDICIAL;2424,00;;2424,00;39,00;2385,00;
LUCIMAR LEMOS DOS SANTOS;PENSIONISTA ESPECIAL;PENSIONISTA;PENSÃO ESPECIAL; PENSAO POR ORDEM JUDICIAL;606,00;;606,00;;606,00;
LUCIRENE OLIVA REZENDE;PENSIONISTA ESPECIAL;SECRETARIO DE ESTADO;; PENSAO POR ORDEM JUDICIAL;28060,00;;28060,00;6323,55;21736,45;
LUIZ ROBERTO REIS SILVA;PENSIONISTA ESPECIAL;PENSIONISTA;; PENSAO POR ORDEM JUDICIAL;1212,00;;1212,00;;1212,00;
LUIZA BEATRIZ DOCE NEVES;PENSIONISTA ESPECIAL;PENSIONISTA;; PENSAO POR ORDEM JUDICIAL;269,33;;269,33;;269,33;
MAIARA GABRIELI KUHSANDRADE;PENSIONISTA ESPECIAL;PENSIONISTA;; PENSAO POR ORDEM JUDICIAL;269,33;;269,33;;269,33;
MANUELA DE OLIVEIRA DOS SANTOS;PENSIONISTA ESPECIAL;PENSIONISTA;; PENSAO POR ORDEM JUDICIAL;202,00;;202,00;;202,00;
MANUELA VITORIA FELIX SOARES;PENSIONISTA ESPECIAL;PENSIONISTA;PENSAO ESPECIAL; PENSAO POR ORDEM JUDICIAL;2424,00;;2424,00;39,00;2385,00;
MARCILEIA DA CRUZ FREITAS;PENSIONISTA ESPECIAL;PENSIONISTA;; PENSAO POR ORDEM JUDICIAL;808,00;;808,00;;808,00;
MARCOS DANIEL PEREIRA DA SILVA;PENSIONISTA ESPECIAL;PENSIONISTA;PENSAO ESPECIAL; PENSAO POR ORDEM JUDICIAL;161,60;;161,60;;161,60;
MARCOS DE OLIVEIRA;PENSIONISTA ESPECIAL;PENSIONISTA;; PENSAO POR ORDEM JUDICIAL;1212,00;;1212,00;;1212,00;
MARCUS TULIO CAVALCANTE COSTA;PENSIONISTA ESPECIAL;PENSIONISTA;; PENSAO POR ORDEM JUDICIAL;1212,00;;1212,00;;1212,00;
MARIA APARECIDA SOUZA ARAUJO;PENSIONISTA ESPECIAL;PENSIONISTA;; PENSAO POR ORDEM JUDICIAL;404,00;;404,00;;404,00;
MARIA AUXILIADORA MONTEIRO DE LUNAS;PENSIONISTA ESPECIAL;PENSIONISTA;; PENSAO POR ORDEM JUDICIAL;404,00;;404,00;;404,00;
MARIA CLARA DA SILVA SAMPAIO;PENSIONISTA ESPECIAL;PENSIONISTA;PENSAO ESPECIAL; PENSAO POR ORDEM JUDICIAL;808,00;;808,00;;808,00;
MARIA CONSUELO PINHEIRO DA SILVA;PENSIONISTA ESPECIAL;PENSIONISTA;; PENSAO POR ORDEM JUDICIAL;404,00;;404,00;;404,00;
MARIA DE JESUS CORREA DA COSTA;PENSIONISTA ESPECIAL;PENSIONISTA;; PENSAO POR DECRETO;1984,84;;1984,84;;1984,84;
MARIA DE JESUS MACHADO;PENSIONISTA ESPECIAL;PENSIONISTA;; PENSAO POR ORDEM JUDICIAL;750,00;;750,00;;750,00;
MARIA DE LOURDES PEREIRA RAMOS;PENSIONISTA ESPECIAL;PENSIONISTA;; PENSAO POR ORDEM JUDICIAL;404,00;;404,00;;404,00;
MARIA DE LOURDES RODRIGUES C TELLES;PENSIONISTA ESPECIAL;PENSIONISTA;; PENSAO POR ORDEM JUDICIAL;9900,00;;9900,00;1329,55;8570,45;
MARIA DE NAZARE OLIVEIRA REZENDE;PENSIONISTA ESPECIAL;PENSIONISTA;; PENSAO POR ORDEM JUDICIAL;13144,11;;13144,11;2221,68;10922,43;
MARIA DO PERPETUO S C BITTENCOURT;PENSIONISTA ESPECIAL;PENSIONISTA;; PENSAO POR LEI;1212,00;;1212,00;;1212,00;
MARIA DO SOCORRO CAMPOS;PENSIONISTA ESPECIAL;PENSIONISTA;; PENSAO POR ORDEM JUDICIAL;808,00;;808,00;;808,00;
MARIA EDUARDA GUERREIRO DE LIMA;PENSIONISTA ESPECIAL;PENSIONISTA;; PENSAO POR ORDEM JUDICIAL;808,00;;808,00;;808,00;
MARIA ELOINA BARBOSA DE SOUZA;PENSIONISTA ESPECIAL;PENSIONISTA;; PENSAO POR ORDEM JUDICIAL;202,00;;202,00;;202,00;
MARIA FLOR GOMES COSTA;PENSIONISTA ESPECIAL;PENSIONISTA;; PENSAO POR ORDEM JUDICIAL;808,00;;808,00;;808,00;
MARIA HELOISE ROCHA CAVALCANTE;PENSIONISTA ESPECIAL;PENSIONISTA;PENSAO ESPECIAL; PENSAO POR ORDEM JUDICIAL;808,00;;808,00;;808,00;
MARIA JULIA SILVEIRA DE MELO;PENSIONISTA ESPECIAL;PENSIONISTA;PENSAO ESPECIAL; PENSAO POR ORDEM JUDICIAL;1212,00;;1212,00;;1212,00;
MARIA KUHS;PENSIONISTA ESPECIAL;PENSIONISTA;; PENSAO POR ORDEM JUDICIAL;269,33;;269,33;;269,33;
MARIA MIRACEMA TEIXEIRA CARDOSO SAU;PENSIONISTA ESPECIAL;PENSIONISTA;PENSAO ESPECIAL; PENSAO POR ORDEM JUDICIAL;1800,00;;1800,00;;1800,00;
MARIA RUTH PORTO DE MORAES;PENSIONISTA ESPECIAL;PENSIONISTA;; PENSAO POR ORDEM JUDICIAL;1212,00;;1212,00;;1212,00;
MARILIA PEREIRA MACHADO;PENSIONISTA ESPECIAL;SUB-SECRETARIO DE ESTADO;; PENSAO POR LEI;11700,00;;11700,00;1824,55;9875,45;
MARINALVA MONTEIRO FREIRE;PENSIONISTA ESPECIAL;PENSIONISTA;; PENSAO POR ORDEM JUDICIAL;269,33;;269,33;;269,33;
MARISA DOS SANTOS RODRIGUES;PENSIONISTA ESPECIAL;PENSIONISTA;PENSAO ESPECIAL; PENSAO POR ORDEM JUDICIAL;5000,00;;5000,00;109,60;4890,40;
MARTA IRLEI DA SILVA MONTEIRO;PENSIONISTA ESPECIAL;PENSIONISTA;; PENSAO POR ORDEM JUDICIAL;404,00;;404,00;;404,00;
MARY GERALDINA DOS SANTOS PIMENTEL;PENSIONISTA ESPECIAL;PENSIONISTA;; PENSAO POR ORDEM JUDICIAL;1212,00;;1212,00;;1212,00;
MARY TEREZA RAMOS DE ALBUQUERQUE;PENSIONISTA ESPECIAL;PENSIONISTA;; PENSAO POR ORDEM JUDICIAL;808,00;;808,00;;808,00;
MAX SAND OLIVEIRA DA COSTA;PENSIONISTA ESPECIAL;PENSIONISTA;; PENSAO POR ORDEM JUDICIAL;161,60;;161,60;;161,60;
MAXWELL DE OLIVEIRA DOS SANTOS;PENSIONISTA ESPECIAL;PENSIONISTA;; PENSAO POR ORDEM JUDICIAL;202,00;;202,00;;202,00;
MAYSA GABRIELLY DE A CAVALCANTE;PENSIONISTA ESPECIAL;PENSIONISTA;; PENSAO POR ORDEM JUDICIAL;808,00;;808,00;;808,00;
NARA JANGLESDES NOGUEIRA E SILVA;PENSIONISTA ESPECIAL;PENSIONISTA;; PENSAO POR ORDEM JUDICIAL;269,33;;269,33;;269,33;
NEIA DE OLIVEIRA CRUZ;PENSIONISTA ESPECIAL;PENSIONISTA;; PENSAO POR ORDEM JUDICIAL;1212,00;;1212,00;;1212,00;
NICOLLE ANDRADE VINHOTE;PENSIONISTA ESPECIAL;PENSIONISTA;; PENSAO POR DECRETO;2852,59;;2852,59;73,09;2779,50;
OSMARINA MACEDO DE SOUZA;PENSIONISTA ESPECIAL;PENSIONISTA;; PENSAO POR ORDEM JUDICIAL;404,00;;404,00;;404,00;
PALOMA MIKAELY OLIVEIRA DA COSTA;PENSIONISTA ESPECIAL;PENSIONISTA;; PENSAO POR ORDEM JUDICIAL;161,60;;161,60;;161,60;
PAULO DE SOUZA;PENSIONISTA ESPECIAL;PENSIONISTA;; PENSAO POR ORDEM JUDICIAL;202,00;;202,00;;202,00;
RAIMUNDA VIEIRA DA SILVA;PENSIONISTA ESPECIAL;PENSIONISTA;PENSAO ESPECIAL; PENSAO POR ORDEM JUDICIAL;1212,00;;1212,00;;1212,00;
RAMAIANA NOGUEIRA HENRIQUES;PENSIONISTA ESPECIAL;PENSIONISTA;PENSAO ESPECIAL; PENSAO POR ORDEM JUDICIAL;1212,00;;1212,00;;1212,00;
REJANE MARIA LEBRE DE OLIVEIRA;PENSIONISTA ESPECIAL;PENSIONISTA;; PENSAO POR ORDEM JUDICIAL;1212,00;;1212,00;;1212,00;
RICARDO MENDES SALES FILHO;PENSIONISTA ESPECIAL;PENSIONISTA;; PENSAO POR ORDEM JUDICIAL;1212,00;;1212,00;;1212,00;
RICARDO OLIVEIRA DOS SANTOS;PENSIONISTA ESPECIAL;PENSIONISTA;; PENSAO POR ORDEM JUDICIAL;1212,00;;1212,00;;1212,00;
ROBERTO DE OLIVEIRA CORREA FILHO;PENSIONISTA ESPECIAL;PENSIONISTA;; PENSAO POR ORDEM JUDICIAL;808,00;;808,00;;808,00;
ROBERTO MARINHO PEREIRA;PENSIONISTA ESPECIAL;PENSIONISTA;; PENSAO POR ORDEM JUDICIAL;2424,00;;2424,00;;2424,00;
ROSEANE DOS ANJOS DOCE;PENSIONISTA ESPECIAL;PENSIONISTA;; PENSAO POR ORDEM JUDICIAL;269,33;;269,33;;269,33;
ROSIMAR SERGIO DA SILVA;PENSIONISTA ESPECIAL;PENSIONISTA;; PENSAO POR ORDEM JUDICIAL;1212,00;;1212,00;;1212,00;
ROSIMEIRE VENANCIO DA SILVA;PENSIONISTA ESPECIAL;PENSIONISTA;; PENSAO POR ORDEM JUDICIAL;2424,00;;2424,00;39,00;2385,00;
ROSSIMAR DOS SANTOS PAES;PENSIONISTA ESPECIAL;PENSIONISTA;; PENSAO POR ORDEM JUDICIAL;808,00;;808,00;;808,00;
RUBENS RODRIGUES MARQUES NETO;PENSIONISTA ESPECIAL;PENSIONISTA;PENSAO ESPECIAL; PENSAO POR ORDEM JUDICIAL;202,00;;202,00;;202,00;
RYAN CARLOS E SILVA PARENTE;PENSIONISTA ESPECIAL;PENSIONISTA;; PENSAO POR ORDEM JUDICIAL;269,33;;269,33;;269,33;
SAMARA DE LIRA LIMA;PENSIONISTA ESPECIAL;PENSIONISTA;; PENSAO POR ORDEM JUDICIAL;404,00;;404,00;;404,00;
SAMELA REBECA TAVARES DOS SANTOS;PENSIONISTA ESPECIAL;PENSIONISTA;PENSAO ESPECIAL; PENSAO POR ORDEM JUDICIAL;202,00;;202,00;;202,00;
SAMILA DE LIMA MONTEIRO;PENSIONISTA ESPECIAL;PENSIONISTA;PENSAO ESPECIAL; PENSAO POR ORDEM JUDICIAL;885,66;;885,66;;885,66;
SAMUEL LIMA DOS SANTOS JUNIOR;PENSIONISTA ESPECIAL;PENSIONISTA;PENSAO ESPECIAL; PENSAO POR ORDEM JUDICIAL;202,00;;202,00;;202,00;
SAMUEL PEREIRA DA SILVA;PENSIONISTA ESPECIAL;PENSIONISTA;PENSAO ESPECIAL; PENSAO POR ORDEM JUDICIAL;161,60;;161,60;;161,60;
SHIRLEY MARIA SANTOS DA SILVA;PENSIONISTA ESPECIAL;PENSIONISTA;; PENSAO POR ORDEM JUDICIAL;1212,00;;1212,00;;1212,00;
SILVINHA MACEDO SILVA;PENSIONISTA ESPECIAL;PENSIONISTA;; PENSAO POR ORDEM JUDICIAL;1212,00;;1212,00;;1212,00;
STEFANY RAQUEL SARAIVA AGRA;PENSIONISTA ESPECIAL;PENSIONISTA;; PENSAO POR ORDEM JUDICIAL;1212,00;;1212,00;;1212,00;
STEPHANIE RIBEIRO DA SILVA;PENSIONISTA ESPECIAL;PENSIONISTA;PENSAO ESPECIAL; PENSAO POR ORDEM JUDICIAL;1212,00;;1212,00;;1212,00;
TATIANE DE SOUZA GOMES;PENSIONISTA ESPECIAL;PENSIONISTA;; PENSAO POR ORDEM JUDICIAL;1212,00;;1212,00;;1212,00;
TEREZA BENEVIDES SCHERMULY SANTOS;PENSIONISTA ESPECIAL;PENSIONISTA LEI 1735 DE 14.11.85;; PENSAO POR ORDEM JUDICIAL;1212,00;;1212,00;;1212,00;
TEREZINHA MARTINS GOIANO;PENSIONISTA ESPECIAL;PENSIONISTA;; PENSAO POR ORDEM JUDICIAL;1212,00;;1212,00;;1212,00;
ULYSSES DE SOUZA DA SILVEIRA;PENSIONISTA ESPECIAL;PENSIONISTA;; PENSAO POR ORDEM JUDICIAL;3030,00;;3030,00;;3030,00;
VALENTINA FIDELIS;PENSIONISTA ESPECIAL;PENSIONISTA;; PENSAO POR LEI;1212,00;;1212,00;;1212,00;
VANDA VEIGA FERREIRA;PENSIONISTA ESPECIAL;PENSIONISTA;; PENSAO POR ORDEM JUDICIAL;404,00;;404,00;;404,00;
VANDERLEY OLIVEIRA DE SOUZA;PENSIONISTA ESPECIAL;PENSIONISTA;; PENSAO POR ORDEM JUDICIAL;404,00;;404,00;;404,00;
VANUZA RUBIA GUIMARAES HARTZ;PENSIONISTA ESPECIAL;SUB-SECRETARIO DE ESTADO;; PENSAO POR ORDEM JUDICIAL;11700,00;;11700,00;2348,14;9351,86;
VERINELSON CRUZ E SOUSA;PENSIONISTA ESPECIAL;PENSIONISTA;; PENSAO POR ORDEM JUDICIAL;1212,00;;1212,00;;1212,00;
VIOLETA CASTELO BRANCO GONCALVES;PENSIONISTA ESPECIAL;PENSIONISTA;; PENSAO POR ORDEM JUDICIAL;5000,00;;5000,00;109,60;4890,40;
VITOR ROBERTO OLIVEIRA RODRIGUES;PENSIONISTA ESPECIAL;PENSIONISTA;; PENSAO POR ORDEM JUDICIAL;404,00;;404,00;;404,00;
VITORIA CASSIANO DE SOUZA VENTILARI;PENSIONISTA ESPECIAL;PENSIONISTA;; PENSAO POR DECRETO;1901,73;;1901,73;;1901,73;
WENDELL MIGUEL GONCALVES MELGUEIRO;PENSIONISTA ESPECIAL;PENSIONISTA;; PENSAO POR ORDEM JUDICIAL;404,00;;404,00;;404,00;
YASMIM NATHALIA DE MATOS PEREIRA;PENSIONISTA ESPECIAL;PENSIONISTA;PENSAO ESPECIAL; PENSAO POR ORDEM JUDICIAL;269,33;;269,33;;269,33;
YGOR SAMUEL DE ALMEIDA GOMES;PENSIONISTA ESPECIAL;PENSIONISTA;; PENSAO POR ORDEM JUDICIAL;1212,00;;1212,00;;1212,00;
YURI VINICIUS GERALDES DOS SANTOS;PENSIONISTA ESPECIAL;PENSIONISTA;; PENSAO POR ORDEM JUDICIAL;1212,00;;1212,00;;1212,00;
