NOME;LOTACAO;CARGO;FUNCAO;VINCULO;REMUNERACAO LEGAL TOTAL(R$);DESC.TETO(R$); REMUNERACAO LEGAL DEVIDA(R$);DESCONTOS LEGAIS(R$);LIQUIDO DISPONIVEL(R$);
ALEXANDRA SILVA DOS S FIGUEIREDO;GERENCIA DE GESTAO DE PESSOAL;ASSESSOR III;; CARGO COMISSION.S/VINCULO;3191,80;;3191,80;407,12;2784,68;
ALIANE VELLOSO DA SILVA;DEPTO.DE DESENV.REGIONAL;A.TEC-I;; ESTATUTARIO;15262,30;;15262,30;4360,84;10901,46;
ALIETE VELLOSO DA FONSECA;DEPTO.DE DESENV.REGIONAL;TECNICO DE INCENTIVO 1A.CL.-T.INC-I;; ESTATUTARIO;49214,28;15391,35;33822,93;10734,36;23088,57;
ANA TEREZA JATAHY SANTOS;DEPTO.POL.IND.E COMERCIAIS;TNS-II;; ESTATUTARIO;4954,64;;4954,64;767,89;4186,75;
ANA VIRGINIA SILVA LEMOS DE AGUIAR;DEPTO.POL.IND.E COMERCIAIS;ASSESSOR I;; CARGO COMISSION.S/VINCULO;5229,77;;5229,77;986,40;4243,37;
ANDERSON BARROSO GRIMM;DEPTO.POL.IND.E COMERCIAIS;CHEFE DE DEPARTAMENTO;CHEFE DE DPTO.; CARGO COMISSION.S/VINCULO;5229,77;;5229,77;986,40;4243,37;
ANDRE LUIS WILLERDING;GABINETE DO SECRETARIO;CHEFE DE DEPARTAMENTO;CHEFE DEPART. AD-1; CARGO COMISSION.S/VINCULO;6973,03;;6973,03;1048,22;5924,81;
ANDRE ZUMAK AZEVEDO NASCIMENTO;GABINETE DO SECRETARIO;CHEFE DE DEPARTAMENTO;; CARGO COMISSION.S/VINCULO;3137,84;;3137,84;411,81;2726,03;
ANDRESON COLARES DOS REIS;DEPTO.DE ANALISE ECONOMICA;ASSESSOR I;; CARGO COMISSION.S/VINCULO;3486,50;;3486,50;494,16;2992,34;
ANDRESON COLARES DOS REIS;GABINETE DO SECRETARIO;GERENTE;GERENTE AD2; CARGO COMISSION.S/VINCULO;5496,10;;5496,10;270,12;5225,98;
ANGELA MONTEIRO MARTINS;GERENCIA DE GESTAO DE PESSOAL;A.TEC-I;; ESTATUTARIO;3710,32;;3710,32;262,56;3447,76;
ANTONIO GILSON NOGUEIRA DE SOUZA;GABINETE DO SECRETARIO;TEC.DE ARREC.DE TRIB.EST.1A.CL.V;CHEFE DE DPTO AD-1; ESTATUTARIO;4416,66;;4416,66;;4416,66;
ANTONIO IRAN GADELHA;DEPTO.DE DESENV.REGIONAL;ASSESSOR I;; CARGO COMISSION.S/VINCULO;5229,77;;5229,77;986,40;4243,37;
ANTONIO MACIEL DA SILVA;GERENCIA DE APOIO LOGISTICO;A.TEC-I;; ESTATUTARIO;12056,19;;12056,19;3148,50;8907,69;
APPIO DA SILVA TOLENTINO;DEPTO.POL.IND.E COMERCIAIS;TECNICO DE INCENTIVO 1A.CL.-T.INC-I;; ESTATUTARIO;39178,51;8707,40;30471,11;9813,63;20657,48;
ARLETE NOGUEIRA VIANA;DEPARTAMENTO DE PLANEJAMENTO;ASSISTENTE ADMINISTRATIVO;ASSESSOR 1; ESTATUTARIO;5771,54;;5771,54;718,86;5052,68;
CAMILA DA COSTA PINTO;GABINETE DO SECRETARIO;ASSESSOR III;; CARGO COMISSION.S/VINCULO;3191,79;;3191,79;85,11;3106,68;
CLENEIDE NEVES HAYDEN;GERENCIA DE GESTAO DE PESSOAL;TNS-I;ASSESSOR II, AD2; ESTATUTARIO;6344,51;;6344,51;1164,74;5179,77;
DARCY DE OLIVEIRA FALCAO;GERENCIA DE APOIO LOGISTICO;AUX.O-I;; ESTATUTARIO;2770,05;;2770,05;191,58;2578,47;
DENISE BEZERRA LIMA;DEPTO.DE ADMINIST.E FINANCAS;ASSISTENTE TECNICO I;; ESTATUTARIO;4087,62;;4087,62;320,86;3766,76;
DULCE MARGARETE DA SILVA JATAHY;DEPTO.POL.IND.E COMERCIAIS;TECNICO DE INCENTIVO 1A.CL.-T.INC-I;; ESTATUTARIO;45425,50;11602,57;33822,93;10736,10;23086,83;
EDERSON CESAR SANTOS LIBORIO;GERENCIA DE PLAN.ORC.E GESTAO;ASSESSOR III;ASSESSOR III AD-3; CARGO COMISSION.S/VINCULO;2591,80;;2591,80;267,35;2324,45;
EDMAR LOPES MAGALHAES;DEPTO.DE DESENV.REGIONAL;ASSESSOR I;; CARGO COMISSION.S/VINCULO;6973,03;;6973,03;1498,47;5474,56;
EDUARDO HENRIQUE ARCHER PINTO;DEPTO.POL.IND.E COMERCIAIS;TECNICO DE INCENTIVO 1A.CL.-T.INC-I;GERENTE AD-2; ESTATUTARIO;5822,46;;5822,46;929,15;4893,31;
EDUARDO JORGE DE ALMEIDA F SILVA;DEPTO.POL.IND.E COMERCIAIS;A.TEC-I;ASSIST.TEC.2ª CLASSE; ESTATUTARIO;19796,16;;19796,16;5952,95;13843,21;
EFRAHIM TAVARES DE MELLO;DEPTO.DE ADMINIST.E FINANCAS;A.TEC-I;; ESTATUTARIO;14011,60;;14011,60;3981,57;10030,03;
ELCY SEREJO CORREA;DEPTO.EST.PESQ.E INFORMACOES;TNS-I;; ESTATUTARIO;4618,75;;4618,75;669,02;3949,73;
ELIEZER DA SILVA PINTO;DEPTO.EST.PESQ.E INFORMACOES;CHEFE DE DEPARTAMENTO;CHEFE DE DPTO AD 1; CARGO COMISSION.S/VINCULO;9733,17;;9733,17;353,00;9380,17;
ERALDO BOËCHAT LEAL;COM.POL.FIN.INV.ESTRATEGICOS;SECRETARIO DO COMITE;; CARGO COMISSION.S/VINCULO;3137,84;;3137,84;411,81;2726,03;
EZELINA DA GLORIA LAVAREDA;DEPTO.DE ADMINIST.E FINANCAS;A.TEC-I;; ESTATUTARIO;18668,08;;18668,08;5261,66;13406,42;
FABIANA BATISTA DA COSTA;GERENCIA DE GESTAO DE PESSOAL;ASSESSOR IV;ASSESSORA IV AD4; CARGO COMISSION.S/VINCULO;3175,61;;3175,61;418,48;2757,13;
FABIOLA SILVA DE ALENCAR RODRIGUES;GABINETE DO SECRETARIO;ANALISTA UNIVER.5A.CLASSE-NS.125.16;ASSESSOR I AD-1; ESTATUTARIO;9901,90;;9901,90;2307,18;7594,72;
FATIMA MARIA RAMOS ELIAS;DEPTO.POL.IND.E COMERCIAIS;TECNICO DE INCENTIVO 1A.CL.-T.INC-I;; ESTATUTARIO;20263,69;;20263,69;6067,47;14196,22;
FERNANDO BRUNO CESAR DE QUEIROZ;DEPTO.POL.IND.E COMERCIAIS;ASSESSOR III;ASSESSOR III AD-3; CARGO COMISSION.S/VINCULO;2591,80;;2591,80;233,26;2358,54;
FLAVIA KRICHANA DOS SANTOS RANGEL;GABINETE DO SECRETARIO;CHEFE DE DEPARTAMENTO;; CARGO COMISSION.S/VINCULO;5229,77;;5229,77;986,40;4243,37;
FRANCISCO ALVES DE FREITAS;DEPTO.EST.PESQ.E INFORMACOES;TNS-I;; ESTATUTARIO;5060,50;;5060,50;676,91;4383,59;
FRANCISCO DAS CHAGAS COELHO LIMA;GERENCIA DE APOIO LOGISTICO;A.TEC-I;; ESTATUTARIO;16287,41;;16287,41;4657,72;11629,69;
FRANCISCO VIEIRA DA ROCHA;GERENCIA DE APOIO LOGISTICO;ASSESSOR IV;ASSESSOR IV AD4; CARGO COMISSION.S/VINCULO;3434,15;;3434,15;481,41;2952,74;
FRANCY ANNE BARBOSA MATOS;GABINETE DO SECRETARIO;GERENTE;; CARGO COMISSION.S/VINCULO;4209,79;;4209,79;670,28;3539,51;
GEISON MAICON OLIVEIRA DE ASSIS;GABINETE DO SECRETARIO;ASSESSOR III;ASSESSOR III AD3; CARGO COMISSION.S/VINCULO;5053,66;;5053,66;278,57;4775,09;
GILSON NUNO DE PONTES E SOUZA;DEPTO.POL.IND.E COMERCIAIS;TECNICO DE INCENTIVO 2A.CL-T.INC-II;; ESTATUTARIO;37148,06;6676,95;30471,11;9761,88;20709,23;
HERCULES ANTONIO RIBEIRO FREIRE;GERENCIA DE APOIO LOGISTICO;A.OPE-II;; ESTATUTARIO;3633,19;;3633,19;226,80;3406,39;
ICARO DE MENDONCA JUCA;DEPARTAMENTO DE PLANEJAMENTO;ASSESSOR IV;; CARGO COMISSION.S/VINCULO;3175,61;;3175,61;418,48;2757,13;
IONE DE MELO BERNARDO CUNHA;DEPTO.DE ADMINIST.E FINANCAS;A.TEC-II;; ESTATUTARIO;3641,46;;3641,46;267,23;3374,23;
IRACEMA DE LIMA COLLYER;GERENCIA DE GESTAO DE PESSOAL;A.TEC-I;; ESTATUTARIO;3760,26;;3760,26;360,65;3399,61;
IRLENE MARIA PESSOA;DEPTO.DE ADMINIST.E FINANCAS;A.TEC-I;; ESTATUTARIO;3736,68;;3736,68;321,63;3415,05;
ISRAEL LOPES TEIXEIRA;GERENCIA DE APOIO LOGISTICO;ASSESSOR IV;ASSESSOR IV AD4; CARGO COMISSION.S/VINCULO;2575,61;;2575,61;231,80;2343,81;
JESSICA NAIANY TAVARES BARROS;ASSESSORIA JURIDICA;ASSESSOR IV;ASSESSOR IV AD-4; CARGO COMISSION.S/VINCULO;4234,15;;4234,15;677,51;3556,64;
JOANA MARIA VIEIRA MARQUES;DEPTO.DE MICRO E PEQ.EMPRESA;A.TEC-I;; ESTATUTARIO;13182,83;;13182,83;3702,97;9479,86;
JOAO ORESTES SCHNEIDER SANTOS;GABINETE DO SECRETARIO;SECRETARIO DE ESTADO;; CARGO COMISSION.S/VINCULO;13500,00;;13500,00;3293,39;10206,61;
JOHN VANE BESSA ROSA;DEPTO.POL.IND.E COMERCIAIS;GERENTE;; CARGO COMISSION.S/VINCULO;4209,79;;4209,79;670,28;3539,51;
JONAS PEREIRA CARVALHO DA S FILHO;GERENCIA DE APOIO LOGISTICO;A.TEC-I;; ESTATUTARIO;10631,45;;10631,45;2693,98;7937,47;
JOSE ALBERTO MARQUES DE MATOS;GERENCIA DE PLAN.ORC.E GESTAO;AUX.S.G-I;ASSESSOR III AD 3; ESTATUTARIO;4494,02;;4494,02;397,34;4096,68;
JOSE ANTONIO PADILHA;GERENCIA DE APOIO LOGISTICO;ASSISTENTE ADMINISTRATIVO;; ESTATUTARIO;3577,54;;3577,54;279,63;3297,91;
JOSE LIRA COSTA;GERENCIA DE APOIO LOGISTICO;ASSESSOR IV;ASSESSOR IV AD4; CARGO COMISSION.S/VINCULO;2575,61;;2575,61;264,79;2310,82;
JOSE SANDRO DA MOTA RIBEIRO;DEPTO.DE DESENV.REGIONAL;A.TEC-II;CHEFE DE DEPARTAMENT; ESTATUTARIO;7780,61;;7780,61;1386,91;6393,70;
JOSENETE CAVALCANTE COSTA;DEPTO.EST.PESQ.E INFORMACOES;ASSESSOR I;; CARGO COMISSION.S/VINCULO;5084,49;;5084,49;353,00;4731,49;
JOSENETE CAVALCANTE COSTA;DEPTO.EST.PESQ.E INFORMACOES;CHEFE DE DEPARTAMENTO;; CARGO COMISSION.S/VINCULO;3486,50;;3486,50;494,16;2992,34;
JUDITH FRANCISCA SANCHES OLIVEIRA;DEPTO.DE MICRO E PEQ.EMPRESA;TNS-I;GERENTE AD2; ESTATUTARIO;6896,98;;6896,98;1310,53;5586,45;
JULIA MAGALHAES DA ROCHA;DEPTO.POL.IND.E COMERCIAIS;A.TEC-I;; ESTATUTARIO;17487,80;;17487,80;5119,88;12367,92;
JULIO AFONSO DA SILVA FILHO;DEPTO.EST.PESQ.E INFORMACOES;A.TEC-I;GERENTE AD-2; ESTATUTARIO;5085,94;;5085,94;514,22;4571,72;
KAMILA SARKIS DE CASTRO;ASSESSORIA JURIDICA;ASSESSOR I;ASSESSOR I AD-1; CARGO COMISSION.S/VINCULO;5229,77;;5229,77;986,40;4243,37;
KEDIMA LUZIA PRADO TAUMATURGO;DEPTO.DE ADMINIST.E FINANCAS;A.TEC-I;; ESTATUTARIO;4147,12;;4147,12;351,47;3795,65;
LEONARDO RODRIGO DA SILVA;GABINETE DO SECRETARIO;GERENTE;GERENTE AD2; CARGO COMISSION.S/VINCULO;4092,84;;4092,84;157,86;3934,98;
LEONARDO RODRIGO DA SILVA;GABINETE DO SECRETARIO;ASSESSOR I;; CARGO COMISSION.S/VINCULO;5229,77;;5229,77;986,40;4243,37;
LUCIANE MELO DE ALMEIDA;GABINETE DO SECRETARIO;ASSESSOR III;; CARGO COMISSION.S/VINCULO;3191,80;;3191,80;422,40;2769,40;
LUCIANI AGUIAR PINTO;GABINETE DO SECRETARIO;GERENTE;GERENTE AD-2; CARGO COMISSION.S/VINCULO;4209,79;;4209,79;670,28;3539,51;
LUIZ ALMIR DE MENEZES FONSECA;GABINETE DO SECRETARIO;SECRETARIO EXECUTIVO;; CARGO COMISSION.S/VINCULO;11700,00;;11700,00;2798,39;8901,61;
LUZIA RAQUEL QUEIROZ RODRIGUES;GABINETE DO SECRETARIO;ASSESSOR I;ASSESSOR I AD1; CARGO COMISSION.S/VINCULO;5229,77;;5229,77;986,40;4243,37;
MANOEL DE CASTRO PAIVA;GABINETE DO SECRETARIO;ENG.O-I;ASSESSOR I, AD-1; ESTATUTARIO;5000,00;;5000,00;505,64;4494,36;
MANOEL DO CARMO LIMA;GERENCIA DE APOIO LOGISTICO;COZINHEIRO A;; ESTATUTARIO;3461,81;;3461,81;191,93;3269,88;
MARA RUBIA BENEVIDES SAID;GABINETE DO SECRETARIO;A.AMB-II;ASSESSOR I AD-1; ESTATUTARIO;2083,33;;2083,33;;2083,33;
MARCELINO PEREIRA DE SOUZA;GERENCIA DE APOIO LOGISTICO;AUX.S.G-I;; ESTATUTARIO;10048,12;;10048,12;2647,36;7400,76;
MARCELO GOMES DE OLIVEIRA;DEPTO.DE ADMINIST.E FINANCAS;A.TEC-II;SEC.EXEC.ADJUNTO; ESTATUTARIO;3641,46;;3641,46;275,30;3366,16;
MARCIA AUGUSTA DE SOUZA;DEPARTAMENTO DE PLANEJAMENTO;A.TEC-II;; ESTATUTARIO;3641,46;;3641,46;328,12;3313,34;
MARCONDE CARVALHO DE NORONHA;SECRETARIA EXEC.ADJ.REL.INTER.;ASSESSOR I;; CARGO COMISSION.S/VINCULO;5229,77;;5229,77;986,40;4243,37;
MARCUS ANTONIO NOBRE DE ARAUJO;DEPTO.POL.IND.E COMERCIAIS;A.TEC-I;; ESTATUTARIO;19779,86;;19779,86;5947,38;13832,48;
MARIA ANGELA AGUIAR DE LIMA;GERENCIA DE GESTAO DE PESSOAL;A.TEC-I;AG. ADMIN. 2º CLASSE; ESTATUTARIO;14019,09;;14019,09;3929,31;10089,78;
MARIA ANTONIA ALEXANDRE MELO;DEPTO.POL.IND.E COMERCIAIS;A.TEC-I;ASSISTENTE TECNICO; ESTATUTARIO;3882,24;;3882,24;373,67;3508,57;
MARIA AUXILIADORA GOMES BEZERRA;DEPARTAMENTO DE PLANEJAMENTO;TNS-I;; ESTATUTARIO;5090,28;;5090,28;815,50;4274,78;
MARIA CAMILA FOWLER BARROS;DEPTO.POL.IND.E COMERCIAIS;A.TEC-I;; ESTATUTARIO;19719,61;;19719,61;5928,25;13791,36;
MARIA CELESTE DA COSTA FREITAS;DEPARTAMENTO DE PLANEJAMENTO;TNS-I;; ESTATUTARIO;5172,30;;5172,30;795,45;4376,85;
MARIA CRISTINA LABORDA H SANTANA;DEPTO.POL.IND.E COMERCIAIS;A.TEC-I;; ESTATUTARIO;14035,22;;14035,22;4040,12;9995,10;
MARIA DAS GRACAS BRANDAO DOS REIS;DEPARTAMENTO DE PLANEJAMENTO;GERENTE;; CARGO COMISSION.S/VINCULO;4209,79;;4209,79;670,28;3539,51;
MARIA DAS GRACAS COSTA BRINGEL;DEPTO.POL.IND.E COMERCIAIS;TECNICO DE INCENTIVO 1A.CL.-T.INC-I;; ESTATUTARIO;18320,60;;18320,60;5339,71;12980,89;
MARIA DO PERPETUO SOCORRO R MACIEL;DEPARTAMENTO DE PLANEJAMENTO;TNS-II;TECNICO 3ª CLASSE; ESTATUTARIO;4974,06;;4974,06;731,10;4242,96;
MARIA DO ROSARIO ALENCAR DE SOUZA;DEPTO.POL.IND.E COMERCIAIS;A.TEC-I;GERENTE AD -2; ESTATUTARIO;4895,97;;4895,97;599,46;4296,51;
MARIA DO ROSARIO SA DE OLIVEIRA;DEPTO.POL.IND.E COMERCIAIS;TECNICO DE INCENTIVO 2A.CL-T.INC-II;; ESTATUTARIO;40189,44;6366,51;33822,93;10809,88;23013,05;
MARIA IVANI DE CASTRO RODRIGUES;COM.POL.FIN.INV.ESTRATEGICOS;ASSESSOR I;; CARGO COMISSION.S/VINCULO;5229,77;;5229,77;986,40;4243,37;
MARIA LUANA ARAUJO VINHOTE;GABINETE DO SECRETARIO;ASSISTENTE TECNICO PNM.ANM-III;ASSESSOR III AD-3; ESTATUTARIO;4221,87;;4221,87;417,96;3803,91;
MARIA SUELY CARNEIRO;DEPTO.POL.IND.E COMERCIAIS;A.TEC-I;; ESTATUTARIO;21932,81;;21932,81;6593,18;15339,63;
MARIETE DO CARMO MAIA;DEPTO.DE ADMINIST.E FINANCAS;ASSESSOR I;ASSESSOR I AD1; CARGO COMISSION.S/VINCULO;5229,77;;5229,77;943,74;4286,03;
MARLON ANDREK DA SILVA ALVES;GABINETE DO SECRETARIO;CHEFE DE DEPARTAMENTO;; CARGO COMISSION.S/VINCULO;7844,57;;7844,57;1738,14;6106,43;
MARY ANNE GAMA PARENTE;GABINETE DO SECRETARIO;TEC. DE NIVEL SUPERIOR 1A CLASSE;CHEFE DE GABINETE; ESTATUTARIO;6752,62;;6752,62;1156,38;5596,24;
MILENA ARYCE MENTA BARKER;GABINETE DO SECRETARIO;GERENTE;GERENTE AD2; CARGO COMISSION.S/VINCULO;4209,79;;4209,79;670,28;3539,51;
NADJA SIMOES BARBOSA BRITO;GABINETE DO SECRETARIO;A.TEC-I;; ESTATUTARIO;18057,13;;18057,13;5195,05;12862,08;
NAIR CAVALCANTE ESTEVES;GABINETE DO SECRETARIO;TNS-I;; ESTATUTARIO;5082,63;;5082,63;727,54;4355,09;
NICOLLE EVELYN LUZEIRO FIGUEIRA;COMITE TEC.PLANEJ.-COTEPLAN;ASSESSOR IV;; CARGO COMISSION.S/VINCULO;3175,61;;3175,61;418,48;2757,13;
NILSON SILVA DA CUNHA;GABINETE DO SECRETARIO;SECRETARIO DO COMITE AD-1;; CARGO COMISSION.S/VINCULO;5229,77;;5229,77;986,40;4243,37;
NILSON TAVARES PIMENTEL;DEPTO.POL.P/O SETOR TERCIARIO;TECNICO DE INCENTIVO 1A.CL.-T.INC-I;; ESTATUTARIO;56010,18;12120,81;43889,37;13399,13;30490,24;
OLDOVANI RODRIGUES BARROSO;DEPTO.DE ADMINIST.E FINANCAS;A.TEC-I;; ESTATUTARIO;14073,03;;14073,03;3890,12;10182,91;
OLGA SANTANA DE FREITAS;SECRETARIA EXEC.ADJ.REL.INTER.;A.TEC-I;ASSI.TEC.NI/REFIII; ESTATUTARIO;4252,04;;4252,04;431,86;3820,18;
OTAVIANO ANTONIO CAVALCANTI K SILVA;DEPTO.POL.IND.E COMERCIAIS;TECNICO DE INCENTIVO 1A.CL.-T.INC-I;; ESTATUTARIO;33589,96;;33589,96;10531,74;23058,22;
PAULA FRANCINETTE DE LIMA MONARI;DEPTO.DE DESENV.REGIONAL;A.TEC-I;; ESTATUTARIO;3701,57;;3701,57;288,87;3412,70;
PAULO RICARDO RODRIGUES DE SOUZA;GERENCIA DE PLAN.ORC.E GESTAO;GERENTE;GERENTE AD-2; CARGO COMISSION.S/VINCULO;4209,79;;4209,79;670,28;3539,51;
PAULO ROBERTO PEREIRA DA SILVA;GABINETE DO SECRETARIO;ASSESSOR I;; CARGO COMISSION.S/VINCULO;2905,42;;2905,42;156,89;2748,53;
POJUCAN JOSE BACELLAR DE SOUZA;ASSESSORIA DE COM.SOCIAL;TNS-I;; ESTATUTARIO;10885,15;;10885,15;2650,74;8234,41;
PRISCILA DA SILVA COSTA;GABINETE DO SECRETARIO;ASSESSOR III;; CARGO COMISSION.S/VINCULO;2447,04;;2447,04;244,44;2202,60;
PRISCILA DEANE ALVES DE SOUZA;GABINETE DO SECRETARIO;ASSESSOR III;; CARGO COMISSION.S/VINCULO;3191,80;;3191,80;407,12;2784,68;
PRISCYLLA DE PAULA DANTAS TOMAZ;GERENCIA DE GESTAO DE PESSOAL;ASSESSOR III;ASSESSOR III AD3; CARGO COMISSION.S/VINCULO;3191,80;;3191,80;422,40;2769,40;
RAIMUNDO DE JESUS GATO DANTONA;GABINETE DO SECRETARIO;SECRETARIO EXECUTIVO ADJUNTO;; CARGO COMISSION.S/VINCULO;8100,00;;8100,00;1358,14;6741,86;
RAIMUNDO GILMAR VASCONCELOS BELEM;DEPTO.POL.IND.E COMERCIAIS;A.TEC-I;; ESTATUTARIO;16183,95;;16183,95;4599,38;11584,57;
RAIMUNDO NONATO SILVA DE OLIVEIRA;GERENCIA DE APOIO LOGISTICO;AUX.O-I;; ESTATUTARIO;1888,98;;1888,98;150,18;1738,80;
RAPHAEL DOS SANTOS PARA;GABINETE DO SECRETARIO;GERENTE;; CARGO COMISSION.S/VINCULO;2666,19;;2666,19;250,68;2415,51;
REGINA LUCIA VIEIRA MARQUES;GERENCIA DE PLAN.ORC.E GESTAO;A.TEC-I;; ESTATUTARIO;10622,40;;10622,40;2745,99;7876,41;
RICARDO GONCALVES FERNANDES;GERENCIA DE APOIO LOGISTICO;ASSESSOR III;ASSESSOR III AD-3; CARGO COMISSION.S/VINCULO;2591,80;;2591,80;267,35;2324,45;
RITA DE CASSIA ALMEIDA LIMA;DEPTO.DE DESENV.REGIONAL;TNS-I;; ESTATUTARIO;4654,39;;4654,39;682,33;3972,06;
ROOSEVELT ARAUJO FERREIRA;GERENCIA DE APOIO LOGISTICO;FISCAL RODOVIARIO;; ESTATUTARIO;2581,54;;2581,54;148,52;2433,02;
ROSEANA PEREIRA DA SILVA;GABINETE DO SECRETARIO;GERENTE;GERENTE AD-2; CARGO COMISSION.S/VINCULO;4209,79;;4209,79;670,28;3539,51;
SABRINA SENA DA FONSECA;GERENCIA DE MAT. E PATRIMONIO;GERENTE;; CARGO COMISSION.S/VINCULO;4209,79;;4209,79;670,28;3539,51;
SABRINA SENA DA FONSECA;DEPTO.DE ADM.E FINANCAS;ASSESSOR IV;ASSESSOR IV AD-4; CARGO COMISSION.S/VINCULO;2028,86;;2028,86;105,85;1923,01;
SALOMAO YURI OLIVEIRA R COSTA;SEC.GER.CONS.DESEN.DO AM-CODAM;SECRETARIO DO CODAM AD-1;SEC DO CODAM; CARGO COMISSION.S/VINCULO;5229,77;;5229,77;986,40;4243,37;
SAMUEL ARTUR MAIA MENDES;DEPARTAMENTO DE PLANEJAMENTO;GERENTE;; CARGO COMISSION.S/VINCULO;4209,79;;4209,79;670,28;3539,51;
SANDRA MARIA ALEIXO DOS SANTOS;DEPTO.DES.ORG.E REC.HUMANOS;ASSISTENTE TECNICO 2A CLASSE;; ESTATUTARIO;3885,35;;3885,35;347,88;3537,47;
SERGIO GAIA VIANA;GERENCIA DE APOIO LOGISTICO;ASSESSOR III;ASSESSOR III AD3; CARGO COMISSION.S/VINCULO;3191,80;;3191,80;407,12;2784,68;
SIGRID DA SILVA ABINADER;DEPTO.POL.IND.E COMERCIAIS;A.TEC-I;; ESTATUTARIO;19457,46;;19457,46;5885,15;13572,31;
SILENE RODRIGUES DE ALMEIDA;SEC.GER.CONS.DESEN.DO AM-CODAM;A.TEC-I;; ESTATUTARIO;10733,56;;10733,56;2825,15;7908,41;
SILVIA MARIA NASCIMENTO BRAGA;DEPTO.DE MICRO E PEQ.EMPRESA;A.TEC-I;; ESTATUTARIO;3110,34;;3110,34;221,73;2888,61;
SILVIA RODRIGUES DE MENEZES;CAMARAS IND.AG.C.S.T.B.M.P.EMP;A.TEC-II;; ESTATUTARIO;3676,05;;3676,05;337,13;3338,92;
SONIA JANETE GUERRA DOS S GOMES;DEPARTAMENTO DE PLANEJAMENTO;ENGENHEIRO DE PESCA;SECRET.EXE.ADJUNT; ESTATUTARIO;10613,24;;10613,24;2136,61;8476,63;
TAMARA JESSICA NEVES FERREIRA;DEPARTAMENTO DE PLANEJAMENTO;ASSESSOR III;ASSESSORA III AD3; CARGO COMISSION.S/VINCULO;4255,73;;4255,73;684,21;3571,52;
TANIA REGINA DE SA RIBEIRO;DEPARTAMENTO DE PLANEJAMENTO;TNS-II;; ESTATUTARIO;4621,83;;4621,83;696,46;3925,37;
TELMA LUCIA NATIVIDADE ARAUJO;GERENCIA DE GESTAO DE PESSOAL;AGENTE ADMINISTRATIVO 3A CLASSE;GERENTE AD-2-; ESTATUTARIO;6373,71;;6373,71;887,51;5486,20;
THAIS LUZIA SOUZA DE OLIVEIRA;GABINETE DO SECRETARIO;ASSESSOR III;ASSESSORA III AD3; CARGO COMISSION.S/VINCULO;3191,80;;3191,80;422,40;2769,40;
VALDIR RODRIGUES BARBOSA;GABINETE DO SECRETARIO;AUDITOR FISCAL DE TRIB.EST.1A.CL.I;SECRET.EXECUTIVO; ESTATUTARIO;11700,00;6262,35;5437,65;521,72;4915,93;
VANIA RITA MARTINS DAS NEVES;GERENCIA DE GESTAO DE PESSOAL;A.TEC-I;; ESTATUTARIO;5310,83;;5310,83;726,84;4583,99;
VERA RUTH CONDURU CORREA;GERENCIA DE GESTAO DE PESSOAL;TNS-I;; ESTATUTARIO;4616,78;;4616,78;655,01;3961,77;
VINÍCIUS MEDRADO TEIXEIRA;GABINETE DO SECRETARIO;ASSESSOR IV;; CARGO COMISSION.S/VINCULO;1905,36;;1905,36;171,48;1733,88;
WALDIMAR PEDROSA DE SOUZA;DEPTO.DE ADMINIST.E FINANCAS;AUX.S.G-I;; ESTATUTARIO;10417,22;;10417,22;2670,56;7746,66;
YETH DOMINGUES DE ABREU;GABINETE DO SECRETARIO;A.TEC-I;; ESTATUTARIO;15343,76;;15343,76;4618,69;10725,07;
ZACARIAS OLIVEIRA DA SILVA;GERENCIA DE APOIO LOGISTICO;MOT-II;; ESTATUTARIO;3752,91;;3752,91;258,69;3494,22;
