NOME;LOTACAO;CARGO;FUNCAO;VINCULO;REMUNERACAO LEGAL TOTAL(R$);DESC.TETO(R$); REMUNERACAO LEGAL DEVIDA(R$);DESCONTOS LEGAIS(R$);LIQUIDO DISPONIVEL(R$);
ALEXANDRA SILVA DOS S FIGUEIREDO;GERENCIA DE GESTAO DE PESSOAL;ASSESSOR III;; CARGO COMISSION.S/VINCULO;3191,80;;3191,80;407,12;2784,68;
ALEXANDRE LÊDA CALVO;GABINETE DO SECRETARIO;CHEFE DE DEPARTAMENTO;NAO INFORMADO; CARGO COMISSION.S/VINCULO;10110,88;;10110,88;3654,42;6456,46;
ALIETE VELLOSO DA FONSECA;DEPTO.DE DESENV.REGIONAL;TECNICO DE INCENTIVO 1A.CL.-T.INC-I;; ESTATUTARIO;52214,77;21743,66;30471,11;9812,61;20658,50;
ANA TEREZA JATAHY SANTOS;DEPTO.POL.IND.E COMERCIAIS;TNS-II;; ESTATUTARIO;4954,64;;4954,64;767,89;4186,75;
ANA VIRGINIA SILVA LEMOS DE AGUIAR;DEPTO.POL.IND.E COMERCIAIS;ASSESSOR I;; CARGO COMISSION.S/VINCULO;5229,77;;5229,77;986,40;4243,37;
ANDERSON BARROSO GRIMM;DEPTO.POL.IND.E COMERCIAIS;CHEFE DE DEPARTAMENTO;CHEFE DE DPTO.; CARGO COMISSION.S/VINCULO;5229,77;;5229,77;986,40;4243,37;
ANDRE LUIS WILLERDING;GABINETE DO SECRETARIO;CHEFE DE DEPARTAMENTO;CHEFE DEPART. AD-1; CARGO COMISSION.S/VINCULO;5229,77;;5229,77;568,83;4660,94;
ANDRE ZUMAK AZEVEDO NASCIMENTO;GABINETE DO SECRETARIO;CHEFE DE DEPARTAMENTO;; CARGO COMISSION.S/VINCULO;5229,77;;5229,77;986,40;4243,37;
ANDRESON COLARES DOS REIS;DEPTO.DE ANALISE ECONOMICA;ASSESSOR I;; CARGO COMISSION.S/VINCULO;5229,77;;5229,77;986,40;4243,37;
ANGELA MONTEIRO MARTINS;GERENCIA DE GESTAO DE PESSOAL;A.TEC-I;; ESTATUTARIO;4947,09;;4947,09;482,23;4464,86;
ANTONIO IRAN GADELHA;DEPTO.DE DESENV.REGIONAL;ASSESSOR I;; CARGO COMISSION.S/VINCULO;5229,77;;5229,77;986,40;4243,37;
ANTONIO MACIEL DA SILVA;GERENCIA DE APOIO LOGISTICO;A.TEC-I;; ESTATUTARIO;13632,45;;13632,45;3695,22;9937,23;
APPIO DA SILVA TOLENTINO;DEPTO.POL.IND.E COMERCIAIS;TECNICO DE INCENTIVO 1A.CL.-T.INC-I;; ESTATUTARIO;44790,64;14319,53;30471,11;9813,63;20657,48;
ARLETE NOGUEIRA VIANA;DEPARTAMENTO DE PLANEJAMENTO;ASSISTENTE ADMINISTRATIVO;CHEFE DE DEPARTAMENT; ESTATUTARIO;5771,54;;5771,54;669,76;5101,78;
CARLOS ANDRÉ DA SILVA FARIA;GABINETE DO SECRETARIO;ASSESSOR III;NAO INFORMADO; CARGO COMISSION.S/VINCULO;2591,80;;2591,80;267,35;2324,45;
CLENEIDE NEVES HAYDEN;GERENCIA DE GESTAO DE PESSOAL;TNS-I;ASSESSOR II, AD2; ESTATUTARIO;6344,51;;6344,51;1164,74;5179,77;
DARCY DE OLIVEIRA FALCAO;GERENCIA DE APOIO LOGISTICO;AUX.O-I;; ESTATUTARIO;2770,05;;2770,05;191,58;2578,47;
DENISE BEZERRA LIMA;DEPTO.DE ADMINIST.E FINANCAS;ASSISTENTE TECNICO I;GERENTE; ESTATUTARIO;5281,62;;5281,62;597,36;4684,26;
DULCE MARGARETE DA SILVA JATAHY;DEPTO.POL.IND.E COMERCIAIS;TECNICO DE INCENTIVO 1A.CL.-T.INC-I;; ESTATUTARIO;51486,02;17663,09;33822,93;10736,10;23086,83;
EDERSON CESAR SANTOS LIBORIO;GERENCIA DE PLAN.ORC.E GESTAO;ASSESSOR III;ASSESSOR III AD-3; CARGO COMISSION.S/VINCULO;3455,73;;3455,73;486,67;2969,06;
EDMAR LOPES MAGALHAES;DEPTO.DE DESENV.REGIONAL;ASSESSOR I;; CARGO COMISSION.S/VINCULO;5229,77;;5229,77;986,40;4243,37;
EDUARDO HENRIQUE ARCHER PINTO;DEPTO.POL.IND.E COMERCIAIS;TECNICO DE INCENTIVO 1A.CL.-T.INC-I;; ESTATUTARIO;6056,58;;6056,58;947,70;5108,88;
EDUARDO JORGE DE ALMEIDA F SILVA;DEPTO.POL.IND.E COMERCIAIS;A.TEC-I;ASSIST.TEC.2ª CLASSE; ESTATUTARIO;22612,93;;22612,93;6952,20;15660,73;
EFRAHIM TAVARES DE MELLO;DEPTO.DE ADMINIST.E FINANCAS;A.TEC-I;; ESTATUTARIO;15933,53;;15933,53;4663,37;11270,16;
ELCY SEREJO CORREA;DEPTO.EST.PESQ.E INFORMACOES;TNS-I;; ESTATUTARIO;4618,75;;4618,75;669,02;3949,73;
ERALDO BOECHAT LEAL;COM.POL.FIN.INV.ESTRATEGICOS;SECRETARIO DO COMITE;; CARGO COMISSION.S/VINCULO;5229,77;;5229,77;986,40;4243,37;
EZELINA DA GLORIA LAVAREDA;DEPTO.DE ADMINIST.E FINANCAS;A.TEC-I;; ESTATUTARIO;15973,13;;15973,13;4673,82;11299,31;
FABIANA BATISTA DA COSTA;GERENCIA DE GESTAO DE PESSOAL;ASSESSOR IV;ASSESSORA IV AD4; CARGO COMISSION.S/VINCULO;3175,61;;3175,61;418,48;2757,13;
FABIOLA SILVA DE ALENCAR RODRIGUES;GABINETE DO SECRETARIO;ANALISTA UNIVER.5A.CLASSE-NS.125.16;ASSESSOR I AD-1; ESTATUTARIO;9901,90;;9901,90;2307,18;7594,72;
FATIMA MARIA RAMOS ELIAS;DEPTO.POL.IND.E COMERCIAIS;TECNICO DE INCENTIVO 1A.CL.-T.INC-I;; ESTATUTARIO;22777,06;;22777,06;6939,22;15837,84;
FERNANDO BRUNO CÉSAR DE QUEIROZ;GER.ANAL.CONCES.INV.FISCAIS;GERENTE;NAO INFORMADO; CARGO COMISSION.S/VINCULO;4209,79;;4209,79;521,64;3688,15;
FLAVIA KRICHANA DOS SANTOS RANGEL;GABINETE DO SECRETARIO;CHEFE DE DEPARTAMENTO;; CARGO COMISSION.S/VINCULO;9646,01;;9646,01;3136,94;6509,07;
FRANCISCO ALVES DE FREITAS;DEPTO.EST.PESQ.E INFORMACOES;TNS-I;; ESTATUTARIO;6617,27;;6617,27;1076,87;5540,40;
FRANCISCO DAS CHAGAS COELHO LIMA;GERENCIA DE APOIO LOGISTICO;A.TEC-I;; ESTATUTARIO;18551,71;;18551,71;5460,98;13090,73;
FRANCISCO VIEIRA DA ROCHA;GERENCIA DE APOIO LOGISTICO;ASSESSOR IV;ASSESSOR IV AD4; CARGO COMISSION.S/VINCULO;2575,61;;2575,61;264,79;2310,82;
FRANCY ANNE BARBOSA MATOS;GABINETE DO SECRETARIO;GERENTE;; CARGO COMISSION.S/VINCULO;4209,79;;4209,79;670,28;3539,51;
GILSON NUNO DE PONTES E SOUZA;DEPTO.POL.IND.E COMERCIAIS;TECNICO DE INCENTIVO 2A.CL-T.INC-II;; ESTATUTARIO;42468,40;11997,29;30471,11;9761,88;20709,23;
HERCULES ANTONIO RIBEIRO FREIRE;GERENCIA DE APOIO LOGISTICO;A.OPE-II;; ESTATUTARIO;3633,19;;3633,19;226,80;3406,39;
ICARO DE MENDONCA JUCA;DEPARTAMENTO DE PLANEJAMENTO;ASSESSOR IV;; CARGO COMISSION.S/VINCULO;3175,61;;3175,61;418,48;2757,13;
IONE DE MELO BERNARDO CUNHA;DEPTO.DE ADMINIST.E FINANCAS;A.TEC-II;; ESTATUTARIO;3641,46;;3641,46;267,23;3374,23;
IRACEMA DE LIMA COLLYER;GERENCIA DE GESTAO DE PESSOAL;A.TEC-I;; ESTATUTARIO;3760,26;;3760,26;360,65;3399,61;
IRLENE MARIA PESSOA;DEPTO.DE ADMINIST.E FINANCAS;A.TEC-I;; ESTATUTARIO;3736,68;;3736,68;321,63;3415,05;
ISRAEL LOPES TEIXEIRA;GERENCIA DE APOIO LOGISTICO;ASSESSOR IV;ASSESSOR IV AD4; CARGO COMISSION.S/VINCULO;2575,61;;2575,61;231,80;2343,81;
JESSICA NAIANY TAVARES BARROS;ASSESSORIA JURIDICA;ASSESSOR IV;ASSESSOR IV AD-4; CARGO COMISSION.S/VINCULO;3175,61;;3175,61;418,48;2757,13;
JOÃO BATISTA DA COSTA PAULA;DEPTO.DE ADM.E FINANCAS;ASSESSOR III;NAO INFORMADO; CARGO COMISSION.S/VINCULO;3191,80;;3191,80;407,12;2784,68;
JOANA MARIA VIEIRA MARQUES;DEPTO.DE MICRO E PEQ.EMPRESA;A.TEC-I;; ESTATUTARIO;16654,01;;16654,01;4802,76;11851,25;
JOAO ORESTES SCHNEIDER SANTOS;GABINETE DO SECRETARIO;SECRETARIO DE ESTADO;; CARGO COMISSION.S/VINCULO;13500,00;;13500,00;3293,39;10206,61;
JOHN VANE BESSA ROSA;DEPTO.POL.IND.E COMERCIAIS;GERENTE;; CARGO COMISSION.S/VINCULO;4209,79;;4209,79;670,28;3539,51;
JONAS PEREIRA CARVALHO DA S FILHO;GERENCIA DE APOIO LOGISTICO;A.TEC-I;; ESTATUTARIO;12030,10;;12030,10;3190,15;8839,95;
JOSE ALBERTO MARQUES DE MATOS;GERENCIA DE PLAN.ORC.E GESTAO;AUX.S.G-I;GERENTE; ESTATUTARIO;5494,02;;5494,02;595,82;4898,20;
JOSE ANTONIO PADILHA;GERENCIA DE APOIO LOGISTICO;ASSISTENTE ADMINISTRATIVO;; ESTATUTARIO;3577,54;;3577,54;279,63;3297,91;
JOSE LIRA COSTA;GERENCIA DE APOIO LOGISTICO;ASSESSOR IV;ASSESSOR IV AD4; CARGO COMISSION.S/VINCULO;2575,61;;2575,61;264,79;2310,82;
JOSE SANDRO DA MOTA RIBEIRO;DEPTO.DE DESENV.REGIONAL;A.TEC-II;CHEFE DE DEPARTAMENT; ESTATUTARIO;5835,46;;5835,46;851,99;4983,47;
JOSENETE CAVALCANTE COSTA;DEPTO.EST.PESQ.E INFORMACOES;CHEFE DE DEPARTAMENTO;; CARGO COMISSION.S/VINCULO;5229,77;;5229,77;986,40;4243,37;
JUDITH FRANCISCA SANCHES OLIVEIRA;DEPTO.DE MICRO E PEQ.EMPRESA;TNS-I;ASSESSOR I; ESTATUTARIO;6896,98;;6896,98;1310,53;5586,45;
JULIA MAGALHAES DA ROCHA;DEPTO.POL.IND.E COMERCIAIS;A.TEC-I;; ESTATUTARIO;19916,97;;19916,97;5962,43;13954,54;
JULIO AFONSO DA SILVA FILHO;DEPTO.EST.PESQ.E INFORMACOES;A.TEC-I;GERENTE AD-2; ESTATUTARIO;5085,94;;5085,94;514,22;4571,72;
KAMILA SARKIS DE CASTRO;ASSESSORIA JURIDICA;ASSESSOR I;ASSESSOR I AD-1; CARGO COMISSION.S/VINCULO;5229,77;;5229,77;986,40;4243,37;
KEDIMA LUZIA PRADO TAUMATURGO;DEPTO.DE ADMINIST.E FINANCAS;A.TEC-I;; ESTATUTARIO;3110,34;;3110,34;215,57;2894,77;
LEONARDO RODRIGO DA SILVA;GABINETE DO SECRETARIO;ASSESSOR I;; CARGO COMISSION.S/VINCULO;5229,77;;5229,77;986,40;4243,37;
LUCIANE MELO DE ALMEIDA;GABINETE DO SECRETARIO;ASSESSOR III;; CARGO COMISSION.S/VINCULO;3191,80;;3191,80;422,40;2769,40;
LUCIANI AGUIAR PINTO;GABINETE DO SECRETARIO;GERENTE;GERENTE AD-2; CARGO COMISSION.S/VINCULO;4209,79;;4209,79;670,28;3539,51;
LUCKAS PIMENTA MORAES;GERENCIA DE MAT. E PATRIMONIO;ASSESSOR III;; CARGO COMISSION.S/VINCULO;3191,80;;3191,80;422,40;2769,40;
LUIZ ALMIR DE MENEZES FONSECA;GABINETE DO SECRETARIO;SECRETARIO EXECUTIVO;; CARGO COMISSION.S/VINCULO;11700,00;;11700,00;2798,39;8901,61;
LUZIA RAQUEL QUEIROZ RODRIGUES;GABINETE DO SECRETARIO;ASSESSOR I;ASSESSOR I AD1; CARGO COMISSION.S/VINCULO;5229,77;;5229,77;986,40;4243,37;
MANOEL DE CASTRO PAIVA;GABINETE DO SECRETARIO;ENG.O-I;ASSESSOR I, AD-1; ESTATUTARIO;5000,00;;5000,00;505,64;4494,36;
MANOEL DO CARMO LIMA;GERENCIA DE APOIO LOGISTICO;COZINHEIRO A;; ESTATUTARIO;3461,81;;3461,81;191,93;3269,88;
MARCELINO PEREIRA DE SOUZA;GERENCIA DE APOIO LOGISTICO;AUX.S.G-I;; ESTATUTARIO;11382,58;;11382,58;3120,76;8261,82;
MARCELO AZEVEDO DA SILVA MOTA;DEPTO.DE ANALISE ECONOMICA;ASSESSOR III;; CARGO COMISSION.S/VINCULO;3191,80;;3191,80;422,40;2769,40;
MARCELO GOMES DE OLIVEIRA;DEPTO.DE ADMINIST.E FINANCAS;A.TEC-II;; ESTATUTARIO;4855,28;;4855,28;501,72;4353,56;
MARCIA AUGUSTA DE SOUZA;DEPARTAMENTO DE PLANEJAMENTO;A.TEC-II;ASSESSOR I; ESTATUTARIO;5835,46;;5835,46;851,99;4983,47;
MARCONDE CARVALHO DE NORONHA;SECRETARIA EXEC.ADJ.REL.INTER.;ASSESSOR I;; CARGO COMISSION.S/VINCULO;5229,77;;5229,77;986,40;4243,37;
MARCUS ANTONIO NOBRE DE ARAUJO;DEPTO.POL.IND.E COMERCIAIS;A.TEC-I;; ESTATUTARIO;22596,63;;22596,63;6946,63;15650,00;
MARIA ANGELA AGUIAR DE LIMA;GERENCIA DE GESTAO DE PESSOAL;A.TEC-I;AG. ADMIN. 2º CLASSE; ESTATUTARIO;15941,02;;15941,02;4611,11;11329,91;
MARIA ANTONIA ALEXANDRE MELO;DEPTO.POL.IND.E COMERCIAIS;A.TEC-I;ASSISTENTE TECNICO; ESTATUTARIO;3882,24;;3882,24;373,67;3508,57;
MARIA AUXILIADORA GOMES BEZERRA;DEPARTAMENTO DE PLANEJAMENTO;TNS-I;; ESTATUTARIO;5090,28;;5090,28;815,50;4274,78;
MARIA CAMILA FOWLER BARROS;DEPTO.POL.IND.E COMERCIAIS;A.TEC-I;; ESTATUTARIO;22536,38;;22536,38;6927,49;15608,89;
MARIA CELESTE DA COSTA FREITAS;DEPARTAMENTO DE PLANEJAMENTO;TNS-I;; ESTATUTARIO;5172,30;;5172,30;795,45;4376,85;
MARIA CRISTINA LABORDA H SANTANA;DEPTO.POL.IND.E COMERCIAIS;A.TEC-I;; ESTATUTARIO;15957,15;;15957,15;4721,92;11235,23;
MARIA DAS GRACAS BRANDAO DOS REIS;DEPARTAMENTO DE PLANEJAMENTO;GERENTE;; CARGO COMISSION.S/VINCULO;4209,79;;4209,79;670,28;3539,51;
MARIA DAS GRACAS COSTA BRINGEL;DEPTO.POL.IND.E COMERCIAIS;TECNICO DE INCENTIVO 1A.CL.-T.INC-I;; ESTATUTARIO;18320,60;;18320,60;5339,71;12980,89;
MARIA DO PERPETUO SOCORRO R MACIEL;DEPARTAMENTO DE PLANEJAMENTO;TNS-II;TECNICO 3ª CLASSE; ESTATUTARIO;4974,06;;4974,06;731,10;4242,96;
MARIA DO ROSARIO ALENCAR DE SOUZA;DEPTO.POL.IND.E COMERCIAIS;A.TEC-I;GERENTE AD -2; ESTATUTARIO;4895,97;;4895,97;599,46;4296,51;
MARIA DO ROSARIO SA DE OLIVEIRA;DEPTO.POL.IND.E COMERCIAIS;TECNICO DE INCENTIVO 2A.CL-T.INC-II;; ESTATUTARIO;45509,78;11686,85;33822,93;10809,88;23013,05;
MARIA IVANI DE CASTRO RODRIGUES;COM.POL.FIN.INV.ESTRATEGICOS;ASSESSOR I;; CARGO COMISSION.S/VINCULO;5229,77;;5229,77;986,40;4243,37;
MARIA SUELY CARNEIRO;DEPTO.POL.IND.E COMERCIAIS;A.TEC-I;; ESTATUTARIO;25059,43;;25059,43;7677,65;17381,78;
MARIA SUELY DA SILVA MENDONÇA;GABINETE DO SECRETARIO;ASSESSOR III;; CARGO COMISSION.S/VINCULO;3191,80;;3191,80;422,40;2769,40;
MARLON ANDREK DA SILVA ALVES;GABINETE DO SECRETARIO;CHEFE DE DEPARTAMENTO;; CARGO COMISSION.S/VINCULO;5229,77;;5229,77;986,40;4243,37;
MARY ANNE GAMA PARENTE;GABINETE DO SECRETARIO;TEC. DE NIVEL SUPERIOR 1A CLASSE;CHEFE DE GABINETE; ESTATUTARIO;6752,62;;6752,62;1156,38;5596,24;
MILENA ARYCE MENTA BARKER;GABINETE DO SECRETARIO;GERENTE;GERENTE AD2; CARGO COMISSION.S/VINCULO;4209,79;;4209,79;670,28;3539,51;
NADJA SIMOES BARBOSA BRITO;GABINETE DO SECRETARIO;A.TEC-I;; ESTATUTARIO;20570,50;;20570,50;6066,80;14503,70;
NAIR CAVALCANTE ESTEVES;GABINETE DO SECRETARIO;TNS-I;; ESTATUTARIO;5082,63;;5082,63;727,54;4355,09;
NICOLLE EVELYN LUZEIRO FIGUEIRA;COMITE TEC.PLANEJ.-COTEPLAN;ASSESSOR IV;; CARGO COMISSION.S/VINCULO;3175,61;;3175,61;418,48;2757,13;
NILSON SILVA DA CUNHA;GABINETE DO SECRETARIO;SECRETARIO DO COMITE AD-1;; CARGO COMISSION.S/VINCULO;5229,77;;5229,77;986,40;4243,37;
NILSON TAVARES PIMENTEL;DEPTO.POL.P/O SETOR TERCIARIO;TECNICO DE INCENTIVO 1A.CL.-T.INC-I;; ESTATUTARIO;52004,26;18181,33;33822,93;10630,86;23192,07;
OLDOVANI RODRIGUES BARROSO;DEPTO.DE ADMINIST.E FINANCAS;A.TEC-I;; ESTATUTARIO;15994,96;;15994,96;4571,93;11423,03;
OLGA SANTANA DE FREITAS;SECRETARIA EXEC.ADJ.REL.INTER.;A.TEC-I;ASSI.TEC.NI/REFIII; ESTATUTARIO;4252,04;;4252,04;431,86;3820,18;
OTAVIANO ANTONIO CAVALCANTI K SILVA;DEPTO.POL.IND.E COMERCIAIS;TECNICO DE INCENTIVO 1A.CL.-T.INC-I;; ESTATUTARIO;37846,29;4023,36;33822,93;10631,82;23191,11;
PAULA FRANCINETTE DE LIMA MONARI;DEPTO.DE DESENV.REGIONAL;A.TEC-I;; ESTATUTARIO;3701,57;;3701,57;288,87;3412,70;
PAULO RICARDO RODRIGUES DE SOUZA;DEPTO.DE ADM.E FINANCAS;CHEFE DE DEPARTAMENTO;; CARGO COMISSION.S/VINCULO;5229,77;;5229,77;986,40;4243,37;
POJUCAN JOSE BACELLAR DE SOUZA;ASSESSORIA DE COM.SOCIAL;TNS-I;; ESTATUTARIO;10885,15;;10885,15;2650,74;8234,41;
PRISCILA DA SILVA COSTA;GABINETE DO SECRETARIO;ASSESSOR III;; CARGO COMISSION.S/VINCULO;3191,80;;3191,80;422,40;2769,40;
PRISCILA DEANE ALVES DE SOUZA;GABINETE DO SECRETARIO;ASSESSOR III;; CARGO COMISSION.S/VINCULO;3191,80;;3191,80;407,12;2784,68;
PRISCYLLA DE PAULA DANTAS TOMAZ;GERENCIA DE GESTAO DE PESSOAL;ASSESSOR III;ASSESSOR III AD3; CARGO COMISSION.S/VINCULO;3191,80;;3191,80;422,40;2769,40;
RAIMUNDO DE JESUS GATO DANTONA;GABINETE DO SECRETARIO;SECRETARIO EXECUTIVO ADJUNTO;; CARGO COMISSION.S/VINCULO;8100,00;;8100,00;1358,14;6741,86;
RAIMUNDO GILMAR VASCONCELOS BELEM;DEPTO.POL.IND.E COMERCIAIS;A.TEC-I;; ESTATUTARIO;18448,25;;18448,25;5402,63;13045,62;
RAIMUNDO NONATO SILVA DE OLIVEIRA;GERENCIA DE APOIO LOGISTICO;AUX.O-I;; ESTATUTARIO;1888,98;;1888,98;150,18;1738,80;
RAPHAEL DOS SANTOS PARA;GABINETE DO SECRETARIO;GERENTE;; CARGO COMISSION.S/VINCULO;4209,79;;4209,79;613,40;3596,39;
REGINA LUCIA VIEIRA MARQUES;GERENCIA DE PLAN.ORC.E GESTAO;A.TEC-I;; ESTATUTARIO;12021,05;;12021,05;3242,16;8778,89;
RICARDO GONCALVES FERNANDES;GERENCIA DE APOIO LOGISTICO;ASSESSOR III;ASSESSOR III AD-3; CARGO COMISSION.S/VINCULO;2591,80;;2591,80;267,35;2324,45;
RITA DE CASSIA ALMEIDA LIMA;DEPTO.DE DESENV.REGIONAL;TNS-I;; ESTATUTARIO;4654,39;;4654,39;682,33;3972,06;
ROOSEVELT ARAUJO FERREIRA;GERENCIA DE APOIO LOGISTICO;FISCAL RODOVIARIO;; ESTATUTARIO;2581,54;;2581,54;148,52;2433,02;
ROSEANA PEREIRA DA SILVA;GABINETE DO SECRETARIO;GERENTE;GERENTE AD-2; CARGO COMISSION.S/VINCULO;4209,79;;4209,79;670,28;3539,51;
SABRINA SENA DA FONSECA;GERENCIA DE MAT. E PATRIMONIO;GERENTE;; CARGO COMISSION.S/VINCULO;4209,79;;4209,79;670,28;3539,51;
SALOMAO YURI OLIVEIRA R COSTA;SEC.GER.CONS.DESEN.DO AM-CODAM;SECRETARIO DO CODAM AD-1;SEC DO CODAM; CARGO COMISSION.S/VINCULO;5229,77;;5229,77;986,40;4243,37;
SAMUEL ARTUR MAIA MENDES;DEPARTAMENTO DE PLANEJAMENTO;GERENTE;; CARGO COMISSION.S/VINCULO;4209,79;;4209,79;670,28;3539,51;
SANDRA MARIA ALEIXO DOS SANTOS;DEPTO.DES.ORG.E REC.HUMANOS;ASSISTENTE TECNICO 2A CLASSE;; ESTATUTARIO;3885,35;;3885,35;347,88;3537,47;
SERGIO GAIA VIANA;GERENCIA DE APOIO LOGISTICO;ASSESSOR III;ASSESSOR III AD3; CARGO COMISSION.S/VINCULO;3191,80;;3191,80;407,12;2784,68;
SIGRID DA SILVA ABINADER;DEPTO.POL.IND.E COMERCIAIS;A.TEC-I;; ESTATUTARIO;22223,65;;22223,65;6866,45;15357,20;
SILENE RODRIGUES DE ALMEIDA;SEC.GER.CONS.DESEN.DO AM-CODAM;A.TEC-I;; ESTATUTARIO;13471,57;;13471,57;3691,36;9780,21;
SILVIA MARIA NASCIMENTO BRAGA;DEPTO.DE MICRO E PEQ.EMPRESA;A.TEC-I;; ESTATUTARIO;3110,34;;3110,34;221,73;2888,61;
SILVIA RODRIGUES DE MENEZES;CAMARAS IND.AG.C.S.T.B.M.P.EMP;A.TEC-II;; ESTATUTARIO;3676,05;;3676,05;337,13;3338,92;
SONIA JANETE GUERRA DOS S GOMES;DEPARTAMENTO DE PLANEJAMENTO;ENGENHEIRO DE PESCA;SECRET.EXE.ADJUNT; ESTATUTARIO;10613,24;;10613,24;2374,95;8238,29;
TANIA REGINA DE SA RIBEIRO;DEPARTAMENTO DE PLANEJAMENTO;TNS-II;; ESTATUTARIO;4621,83;;4621,83;696,46;3925,37;
TELMA LUCIA NATIVIDADE ARAUJO;GERENCIA DE GESTAO DE PESSOAL;AGENTE ADMINISTRATIVO 3A CLASSE;GERENTE AD-2-; ESTATUTARIO;4780,28;;4780,28;469,96;4310,32;
THIAGO RODRIGUES DE SOUZA;GABINETE DO SECRETARIO;ASSESSOR III;NAO INFORMADO; CARGO COMISSION.S/VINCULO;3191,80;;3191,80;407,12;2784,68;
VALDIR RODRIGUES BARBOSA;GABINETE DO SECRETARIO;AUDITOR FISCAL DE TRIB.EST.1A.CL.I;SECRET.EXECUTIVO; ESTATUTARIO;11700,00;6870,72;4829,28;365,14;4464,14;
VANIA RITA MARTINS DAS NEVES;GERENCIA DE GESTAO DE PESSOAL;A.TEC-I;; ESTATUTARIO;4029,92;;4029,92;415,68;3614,24;
VERA RUTH CONDURU CORREA;GERENCIA DE GESTAO DE PESSOAL;TNS-I;; ESTATUTARIO;4616,78;;4616,78;655,01;3961,77;
VINÍCIUS MEDRADO TEIXEIRA;GABINETE DO SECRETARIO;ASSESSOR IV;; CARGO COMISSION.S/VINCULO;3175,61;;3175,61;418,48;2757,13;
WALDIMAR PEDROSA DE SOUZA;DEPTO.DE ADMINIST.E FINANCAS;AUX.S.G-I;; ESTATUTARIO;11815,87;;11815,87;3166,74;8649,13;
YETH DOMINGUES DE ABREU;GABINETE DO SECRETARIO;A.TEC-I;; ESTATUTARIO;17608,06;;17608,06;5421,95;12186,11;
ZACARIAS OLIVEIRA DA SILVA;GERENCIA DE APOIO LOGISTICO;MOT-II;; ESTATUTARIO;3752,91;;3752,91;258,69;3494,22;
