NOME;LOTACAO;CARGO;FUNCAO;VINCULO;REMUNERACAO LEGAL TOTAL(R$);DESC.TETO(R$); REMUNERACAO LEGAL DEVIDA(R$);DESCONTOS LEGAIS(R$);LIQUIDO DISPONIVEL(R$);
ADRIANA GABRIELLE A RAMPIN;SUBCOMISSAO DE LICT.OBRAS.SERV;MEMBRO;; CONSELHO;7000,00;;7000,00;1055,64;5944,36;
AGENOR DA COSTA BRAGA;GABINETE DO PRESIDENTE;ASSESSOR I;ASSESSOR I AD 1; CARGO COMISSION.S/VINCULO;5229,77;;5229,77;986,40;4243,37;
AGEU SA MONTEIRO;DEPARTAMENTO DE ADMINISTRACAO;ASSESSOR III;; CARGO COMISSION.S/VINCULO;3455,73;;3455,73;486,67;2969,06;
ALAN CARNEIRO DE MELO;DEPARTAMENTO DE ADMINISTRACAO;ASSESSOR III AD-3;; CARGO COMISSION.S/VINCULO;3628,52;;3628,52;528,74;3099,78;
ALAN CLAUDIO MENEZES DA COSTA;SUBCOMISSAO DE LICT.OBRAS.SERV;MEMBRO;MEMBRO SUBCOMISSAO; CONSELHO;7000,00;;7000,00;951,37;6048,63;
ALBERTO LUCIO DE SOUZA SIMONETTI;SUBCOMISSAO DE LICT.OBRAS.SERV;MEMBRO;; CONSELHO;7000,00;;7000,00;1003,50;5996,50;
ALEXANDRE BARRONCAS LIRA ARCOS;DEPARTAMENTO DE ADMINISTRACAO;ASSESSOR IV;; CARGO COMISSION.S/VINCULO;2179,61;;2179,61;196,16;1983,45;
ALOYSIO NOBRE DE FREITAS FILHO;SUBCOMISSAO DE LICT.OBRAS.SERV;MEMBRO;; CONSELHO;7000,00;;7000,00;1003,50;5996,50;
ANA CAROLINA YAMANE SANTOS;DEPARTAMENTO DE ADMINISTRACAO;ASSESSOR III;ASSESSOR III AD-3; CARGO COMISSION.S/VINCULO;2591,80;;2591,80;267,35;2324,45;
ANDERSON CAMPOS LINDOSO;DEPARTAMENTO DE ADMINISTRACAO;ASSESSOR III;; CARGO COMISSION.S/VINCULO;1893,80;;1893,80;170,44;1723,36;
ANDRE AFONSO DOS SANTOS LOUREIRO;DEPARTAMENTO DE ADMINISTRACAO;ASSESSOR III;ASSESSOR III AD-3; CARGO COMISSION.S/VINCULO;2591,80;;2591,80;267,35;2324,45;
ANDREA LASMAR DE MENDONCA RAMOS;SUBCOMISSAO DE LICT.OBRAS.SERV;MEMBRO;; CONSELHO;9800,00;;9800,00;1721,37;8078,63;
ANDREYA FABIANA R CAVALCANTE;SUBCOMISSAO DE LICT.OBRAS.SERV;MEMBRO;MEMBRO SUBCOMISSAO; CONSELHO;7000,00;;7000,00;899,23;6100,77;
ANTONIA NONATA DA SILVA GOMES;DEPARTAMENTO DE ADMINISTRACAO;ASSESSOR IV;ASSESSOR IV AD-4; CARGO COMISSION.S/VINCULO;1514,61;;1514,61;121,16;1393,45;
ANTONINA MARIA DE SOUSA PONTE;SUBCOMISSAO DE LICT.OBRAS.SERV;MEMBRO;; CONSELHO;7000,00;;7000,00;1055,64;5944,36;
ANWAR ASSI;GABINETE DO PRESIDENTE;ASSESSOR I;; CARGO COMISSION.S/VINCULO;5229,77;;5229,77;986,40;4243,37;
ARTUR CESAR NOGUEIRA PERDIGAO;DEPARTAMENTO DE ADMINISTRACAO;ASSESSOR III;ASSESSOR III AD-3; CARGO COMISSION.S/VINCULO;3191,80;;3191,80;407,12;2784,68;
AUGUSTO AZARIO SALVADOR;GABINETE DO PRESIDENTE;CHEFE DE DEPARTAMENTO;; CARGO COMISSION.S/VINCULO;5229,77;;5229,77;943,74;4286,03;
CAIO QUEIROZ MOTA;DEPARTAMENTO DE ADMINISTRACAO;ASSESSOR III;; CARGO COMISSION.S/VINCULO;1223,89;;1223,89;51,83;1172,06;
CAMILA ANDREYA PESSOA RODRIGUES;DEPARTAMENTO DE ADMINISTRACAO;ASSESSOR III;; CARGO COMISSION.S/VINCULO;2591,80;;2591,80;267,35;2324,45;
CARLOS AUGUSTO LAURIA NORONHA;SUBCOMISSAO DE LICT.OBRAS.SERV;MEMBRO;MEMBRO SUBCOMISSAO; CONSELHO;7000,00;;7000,00;951,37;6048,63;
CARLOS KLINGER DE PAULA SEGUNDO;DEPARTAMENTO DE ADMINISTRACAO;ASSESSOR IV;ASSESSOR IV AD 4; CARGO COMISSION.S/VINCULO;2179,61;;2179,61;196,16;1983,45;
CHALLA DE MEDEIROS SILVA;GABINETE DO PRESIDENTE;ASSESSOR I;; CARGO COMISSION.S/VINCULO;5229,77;;5229,77;986,40;4243,37;
CLAUDIA SILVA THOMAZ DE LIMA;SUBCOMISSAO DE LICT.OBRAS.SERV;MEMBRO;; CONSELHO;7000,00;;7000,00;1055,64;5944,36;
CLEYSON COSTA DOS SANTOS;DEPARTAMENTO DE ADMINISTRACAO;ASSESSOR III;ASSESSOR III AD-3; CARGO COMISSION.S/VINCULO;2195,80;;2195,80;197,62;1998,18;
DACTIVO XAVIER DE FRANCA FILHO;GABINETE DO PRESIDENTE;CHEFE DE DEPARTAMENTO;; CARGO COMISSION.S/VINCULO;5229,77;;5229,77;858,43;4371,34;
DAIANA DA SILVA MARTINS;DEPARTAMENTO DE ADMINISTRACAO;ASSESSOR III;; CARGO COMISSION.S/VINCULO;2591,80;;2591,80;267,35;2324,45;
DANIEL MAIA TEIXEIRA;GABINETE DO PRESIDENTE;ASSESSOR I AD-1;; CARGO COMISSION.S/VINCULO;4088,78;;4088,78;640,81;3447,97;
DANIELA MORGANTINI TAVARES TEMPESTA;GABINETE DO PRESIDENTE;ASSESSOR I AD-1;; CARGO COMISSION.S/VINCULO;4088,78;;4088,78;640,81;3447,97;
DANIELLE DE MIRANDA COLARES;DEPARTAMENTO DE ADMINISTRACAO;ASSESSOR III;; CARGO COMISSION.S/VINCULO;4025,63;;4025,63;596,99;3428,64;
DAVID OLIVEIRA SIMONETTI;DEPARTAMENTO DE ADMINISTRACAO;ASSESSOR III;; CARGO COMISSION.S/VINCULO;2195,80;;2195,80;197,62;1998,18;
DAVISON RODRIGUES BATISTA;DEPARTAMENTO DE ADMINISTRACAO;ASSESSOR III;; CARGO COMISSION.S/VINCULO;2591,80;;2591,80;253,13;2338,67;
DJALMA ALBERTO DE SOUZA OLIVEIRA;SUBCOMISSAO DE LICT.OBRAS.SERV;MEMBRO;; CONSELHO;7000,00;;7000,00;1003,50;5996,50;
EDIVANIA RODRIGUES DA SILVA;DEPARTAMENTO DE ADMINISTRACAO;ASSESSOR IV;ASSESSOR IV AD-4; CARGO COMISSION.S/VINCULO;2179,61;;2179,61;196,16;1983,45;
EDSANDRA MAGALHAES FERREIRA;SUBCOMISSAO DE LICT.OBRAS.SERV;MEMBRO;MEMBRO; CONSELHO;7000,00;;7000,00;951,37;6048,63;
ERE BIANCA PARENTE DE ASSIS;GABINETE DO PRESIDENTE;ASSESSOR I;ASSESSOR I AD-1; CARGO COMISSION.S/VINCULO;4229,77;;4229,77;676,15;3553,62;
ERICA DOS SANTOS VIEIRA;SUBCOMISSAO DE LICT.OBRAS.SERV;MEMBRO;; CONSELHO;7000,00;;7000,00;1055,64;5944,36;
ERICA POMAR TAVARES;DEPARTAMENTO DE ADMINISTRACAO;ASSESSOR III;; CARGO COMISSION.S/VINCULO;2927,73;;2927,73;360,46;2567,27;
ERNALDO COSTA DA SILVA;DEPARTAMENTO DE ADMINISTRACAO;ASSESSOR III;; CARGO COMISSION.S/VINCULO;2195,80;;2195,80;197,62;1998,18;
EUCLIDES RODRIGUES DE MELO;DEPARTAMENTO DE ADMINISTRACAO;ASSESSOR IV;; CARGO COMISSION.S/VINCULO;2575,61;;2575,61;231,80;2343,81;
EUNELILSON AFFONSO HOLANDA;SUBCOMISSAO DE LICT.OBRAS.SERV;MEMBRO;MEMBRO; CONSELHO;1166,67;;1166,67;;1166,67;
EZEQUIEL MARQUES ARAUJO LIMA;DEPARTAMENTO DE ADMINISTRACAO;ASSESSOR III;; CARGO COMISSION.S/VINCULO;2195,80;;2195,80;197,62;1998,18;
FABIO BARROS TEIXEIRA;DEPARTAMENTO DE ADMINISTRACAO;ASSESSOR III;ASSESSOR III AD-3; CARGO COMISSION.S/VINCULO;3930,87;;3930,87;198,27;3732,60;
FABIOLA DE SOUZA COSTA;SUBCOMISSAO DE LICT.OBRAS.SERV;MEMBRO;MEMBRO SUBCOMISSAO; CONSELHO;4200,00;;4200,00;223,55;3976,45;
FELIPE DIEGO DE SOUZA ARRUDA;DEPARTAMENTO DE ADMINISTRACAO;GERENTE;; CARGO COMISSION.S/VINCULO;4209,79;;4209,79;670,28;3539,51;
FELISMINO FRANCISCO SOARES NETO;SUBCOMISSAO DE LICT.OBRAS.SERV;MEMBRO;; CONSELHO;7000,00;;7000,00;1055,64;5944,36;
FERNANDA MENDES MOURA;DEPARTAMENTO DE ADMINISTRACAO;ASSESSOR III;; CARGO COMISSION.S/VINCULO;2195,80;;2195,80;197,62;1998,18;
GISELLA ANDRADE FERREIRA DOS SANTOS;DEPARTAMENTO DE ADMINISTRACAO;ASSESSOR III;; CARGO COMISSION.S/VINCULO;2591,80;;2591,80;267,35;2324,45;
GREICIANE FERREIRA BRASIL;DEPARTAMENTO DE ADMINISTRACAO;ASSESSOR III;ASSESSOR III AD-3; CARGO COMISSION.S/VINCULO;1530,80;;1530,80;122,46;1408,34;
GYESE KANAWATI LASMAR;SUBCOMISSAO DE LICT.OBRAS.SERV;MEMBRO;MEMBRO; CONSELHO;7000,00;;7000,00;951,37;6048,63;
HEDLEN MARIA BARROSO GUEDES FREITAS;GABINETE DO PRESIDENTE;ASSESSOR I;ASSESSOR I AD-1; CARGO COMISSION.S/VINCULO;4229,77;;4229,77;676,15;3553,62;
IGOR COSTA DE SOUZA;GABINETE DO PRESIDENTE;ASSESSOR I AD-1;; CARGO COMISSION.S/VINCULO;21289,84;;21289,84;4233,63;17056,21;
IRINEU DOS SANTOS MARTINS;DEPARTAMENTO DE ADMINISTRACAO;ASSESSOR III;; CARGO COMISSION.S/VINCULO;2017,81;;2017,81;63,83;1953,98;
ISABEL MARIA DE ARAUJO BRITO;DEPARTAMENTO DE ADMINISTRACAO;ASSESSOR IV;ASSESSOR IV AD-4; CARGO COMISSION.S/VINCULO;1514,61;;1514,61;121,16;1393,45;
JANAINA BRANDAO DE CARVALHO;DEPARTAMENTO DE ADMINISTRACAO;ASSESSOR III;ASSESSOR III AD-3; CARGO COMISSION.S/VINCULO;2403,86;;2403,86;172,43;2231,43;
JANAINA LANGE;SUBCOMISSAO DE LICT.OBRAS.SERV;MEMBRO;MEMBRO SUBCOMISSAO; CONSELHO;7000,00;;7000,00;1003,50;5996,50;
JAQUELINE CRUZ ALVES;DEPARTAMENTO DE ADMINISTRACAO;PROFESSOR PF20.LPL-IV;GERENTE AD-2; ESTATUTARIO;4877,01;;4877,01;770,90;4106,11;
JOAO CARLOS BEZERRA DE A JUNIOR;SUBCOMISSAO DE LICT.OBRAS.SERV;MEMBRO;MEMBRO; CONSELHO;7000,00;;7000,00;1003,50;5996,50;
JOSE DO ROSARIO DOS SANTOS DRUMOND;DEPARTAMENTO DE ADMINISTRACAO;ASSESSOR III;; CARGO COMISSION.S/VINCULO;2195,80;;2195,80;197,62;1998,18;
JOSE FABIANO AFFONSO SOBRINHO;GABINETE DO PRESIDENTE;ASSESSOR I;; CARGO COMISSION.S/VINCULO;5229,77;;5229,77;986,40;4243,37;
JULIANA MONTEIRO M R RODRIGUES;SUBCOMISSAO DE LICT.OBRAS.SERV;MEMBRO;MEMBRO; CONSELHO;7000,00;;7000,00;1055,64;5944,36;
KELEM RODRIGUES DE MELO PONTES;DEPARTAMENTO DE ADMINISTRACAO;ASSESSOR III;; CARGO COMISSION.S/VINCULO;2591,80;;2591,80;253,13;2338,67;
KESIA PONCIANO BALBY;DEPARTAMENTO DE ADMINISTRACAO;GERENTE;; CARGO COMISSION.S/VINCULO;2213,79;;2213,79;199,24;2014,55;
KLEYTON COSTA DE LIMA;DEPARTAMENTO DE ADMINISTRACAO;ASSESSOR III;; CARGO COMISSION.S/VINCULO;2195,80;;2195,80;197,62;1998,18;
LARISSA DAVILA PORTUGAL;DEPARTAMENTO DE ADMINISTRACAO;ASSESSOR III;ASSESSOR III AD3; CARGO COMISSION.S/VINCULO;2591,80;;2591,80;253,13;2338,67;
LAYS SALES MONTEIRO;DEPARTAMENTO DE ADMINISTRACAO;ASSESSOR III;; CARGO COMISSION.S/VINCULO;792,92;;792,92;43,91;749,01;
LEANDRO DA SILVA AGUIAR;SUBCOMISSAO DE LICT.OBRAS.SERV;MEMBRO;MEMBROSUBCOMISSAO; CONSELHO;7000,00;;7000,00;1055,64;5944,36;
LEILA DE QUEIROZ PONTES;SUBCOMISSAO DE LICT.OBRAS.SERV;MEMBRO;MEMBRO; CONSELHO;7000,00;;7000,00;1055,64;5944,36;
LUCIA DE FATIMA DOS SANTOS CARDOSO;DEPARTAMENTO DE ADMINISTRACAO;ASSESSOR II;; CARGO COMISSION.S/VINCULO;2609,79;;2609,79;270,20;2339,59;
LUIZ ENEAS DE OLIVEIRA CABRAL;SUBCOMISSAO DE LICT.OBRAS.SERV;MEMBRO;; CONSELHO;5833,33;;5833,33;734,81;5098,52;
MANOEL DA SILVA MASCARENHAS;SUBCOMISSAO DE LICT.OBRAS.SERV;MEMBRO;; CONSELHO;7000,00;;7000,00;951,37;6048,63;
MARCELO MARCUS NOGUEIRA MARTINS;DEPARTAMENTO DE ADMINISTRACAO;ASSESSOR I;; CARGO COMISSION.S/VINCULO;4229,77;;4229,77;676,15;3553,62;
MARCO AURELIO RIBEIRO ESTEVES;DEPARTAMENTO DE ADMINISTRACAO;ASSESSOR III;; CARGO COMISSION.S/VINCULO;3191,80;;3191,80;422,40;2769,40;
MARIA HOZANIRA MACHADO DE S GALVAO;SUBCOMISSAO DE LICT.OBRAS.SERV;MEMBRO;MEMBRO SUBCOMISSAO; CONSELHO;7000,00;;7000,00;1003,50;5996,50;
MARIA INES SANTIAGO CAVALEIRO MELO;GABINETE DO PRESIDENTE;ASSESSOR I;; CARGO COMISSION.S/VINCULO;5639,69;;5639,69;1131,32;4508,37;
MELYNDA MARIA VIEIRALVES BECKER;GABINETE DO PRESIDENTE;ASSESSOR I;; CARGO COMISSION.S/VINCULO;4229,77;;4229,77;676,15;3553,62;
NATASHA MELO DE MENDONCA;DEPARTAMENTO DE ADMINISTRACAO;ASSESSOR III;ASSESSOR III AD-3; CARGO COMISSION.S/VINCULO;2591,80;;2591,80;267,35;2324,45;
ORNIVAL DE OLIVEIRA ALBUQUERQUE;DEPARTAMENTO DE ADMINISTRACAO;ASSESSOR III;ASSESSOR III AD-3; CARGO COMISSION.S/VINCULO;3455,73;;3455,73;439,56;3016,17;
PRISCIANY COSTA DE FREITAS;GABINETE DO PRESIDENTE;ASSESSOR I;; CARGO COMISSION.S/VINCULO;4229,77;;4229,77;676,15;3553,62;
RAFAEL BASTOS ARAUJO;SUBCOMISSAO DE LICT.OBRAS.SERV;MEMBRO;; CONSELHO;9800,00;;9800,00;1825,64;7974,36;
RAIMUNDO COSTA DA SILVA;DEPARTAMENTO DE ADMINISTRACAO;GERENTE;; CARGO COMISSION.S/VINCULO;4209,79;;4209,79;613,40;3596,39;
RAISSA LOPES ELIAS;GABINETE DO PRESIDENTE;ASSESSOR I;; CARGO COMISSION.S/VINCULO;4229,77;;4229,77;676,15;3553,62;
RAPHAELA RAQUEL DOS SANTOS PIMENTA;DEPARTAMENTO DE ADMINISTRACAO;ASSESSOR III;; CARGO COMISSION.S/VINCULO;3455,73;;3455,73;486,67;2969,06;
RAQUEL DE LIMA RODRIGUES;SUBCOMISSAO DE LICT.OBRAS.SERV;MEMBRO;MEMBRO SUBCOMISSAO; CONSELHO;7000,00;;7000,00;1003,50;5996,50;
RAQUEL DE OLIVEIRA GONCALVES;DEPARTAMENTO DE ADMINISTRACAO;ASSESSOR III;; CARGO COMISSION.S/VINCULO;2195,80;;2195,80;197,62;1998,18;
RISIA CRISTINA DA SILVA CAVALCANTE;DEPARTAMENTO DE ADMINISTRACAO;GERENTE;GERENTE AD-2; CARGO COMISSION.S/VINCULO;4209,79;;4209,79;670,28;3539,51;
RISONEIDE FERREIRA CLARINDO;DEPARTAMENTO DE ADMINISTRACAO;ASSESSOR III;ASSESSOR III AD-3; CARGO COMISSION.S/VINCULO;2195,80;;2195,80;197,62;1998,18;
ROBERTA DE MORAES PEREIRA;DEPARTAMENTO DE ADMINISTRACAO;ASSESSOR III AD-3;; CARGO COMISSION.S/VINCULO;3628,52;;3628,52;528,74;3099,78;
RODRIGO LIRA TAUMATURGO;DEPARTAMENTO DE ADMINISTRACAO;GERENTE;; CARGO COMISSION.S/VINCULO;4209,79;;4209,79;641,84;3567,95;
RODRIGO NELSON AMARAL OLIVEIRA;DEPARTAMENTO DE ADMINISTRACAO;ASSESSOR III;ASSESSOR III AD-3; CARGO COMISSION.S/VINCULO;2591,80;;2591,80;267,35;2324,45;
ROSANY SIMOES CHAVES;GABINETE DO PRESIDENTE;ASSESSOR I;; CARGO COMISSION.S/VINCULO;4229,77;;4229,77;676,15;3553,62;
ROZANA DE ALMEIDA FARIAS;DEPARTAMENTO DE ADMINISTRACAO;ASSESSOR II;; CARGO COMISSION.S/VINCULO;2609,79;;2609,79;234,88;2374,91;
ROZANGELA LIMA DE SALES;DEPARTAMENTO DE ADMINISTRACAO;ASSESSOR II;; CARGO COMISSION.S/VINCULO;3209,79;;3209,79;426,78;2783,01;
RUI JORGE PIEDADE DE LIMA;DEPARTAMENTO DE ADMINISTRACAO;ASSESSOR III;; CARGO COMISSION.S/VINCULO;2195,80;;2195,80;197,62;1998,18;
RUTH MARA FREITAS DA SILVA;DEPARTAMENTO DE ADMINISTRACAO;ASSESSOR III;ASSESSOR III/AD-3; CARGO COMISSION.S/VINCULO;3455,73;;3455,73;486,67;2969,06;
SANNY SAHDO CETRARO;SUBCOMISSAO DE LICT.OBRAS.SERV;MEMBRO;MEMBRO; CONSELHO;7000,00;;7000,00;951,37;6048,63;
SHEILA REGINA MODESTO NORONHA;DEPARTAMENTO DE ADMINISTRACAO;ASSESSOR II;; CARGO COMISSION.S/VINCULO;3209,79;;3209,79;426,78;2783,01;
SIDNEY COELHO;GABINETE DO PRESIDENTE;VICE-PRESIDENTE;; CARGO COMISSION.S/VINCULO;11700,00;;11700,00;2296,00;9404,00;
SILVIO FRANCISCO ANDRADE DE QUEIROZ;DEPARTAMENTO DE ADMINISTRACAO;ASSESSOR IV;; CARGO COMISSION.S/VINCULO;2575,61;;2575,61;231,80;2343,81;
SIMONE DA COSTA MARTINS ESTEVAM;DEPARTAMENTO DE ADMINISTRACAO;ASSESSOR IV;ASSESSOR IV AD-4; CARGO COMISSION.S/VINCULO;1514,61;;1514,61;121,16;1393,45;
STELLA AMANDA FROTA DA CRUZ;DEPARTAMENTO DE ADMINISTRACAO;GERENTE;GERENTE AD-2; CARGO COMISSION.S/VINCULO;4209,79;;4209,79;641,84;3567,95;
STELLA BRUNA DE JESUS P CORDEIRO;DEPARTAMENTO DE ADMINISTRACAO;ASSESSOR III AD-3;; CARGO COMISSION.S/VINCULO;1610,26;;1610,26;128,82;1481,44;
TALITA PIMENTA CORREA;DEPARTAMENTO DE ADMINISTRACAO;ASSESSOR III;ASSESSOR III AD-3; CARGO COMISSION.S/VINCULO;2195,80;;2195,80;197,62;1998,18;
TAMARA PIMENTA CORREA;DEPARTAMENTO DE ADMINISTRACAO;ASSESSOR IV;ASSESSOR IV AD-1; CARGO COMISSION.S/VINCULO;2179,61;;2179,61;196,16;1983,45;
TATIANA CORREA ALVES;DEPARTAMENTO DE ADMINISTRACAO;ASSESSOR III;; CARGO COMISSION.S/VINCULO;2195,80;;2195,80;197,62;1998,18;
THAIS MARTINS ALVES;DEPARTAMENTO DE ADMINISTRACAO;ASSESSOR II;; CARGO COMISSION.S/VINCULO;5613,05;;5613,05;976,48;4636,57;
THARINY DE SOUZA BRIGLIA;DEPARTAMENTO DE ADMINISTRACAO;ASSESSOR III;; CARGO COMISSION.S/VINCULO;2195,80;;2195,80;197,62;1998,18;
THAYANA PAMELA AMAZONAS PRAIA;GABINETE DO PRESIDENTE;ASSESSOR I;; CARGO COMISSION.S/VINCULO;4229,77;;4229,77;676,15;3553,62;
THAYLANE ENES MARTINS;DEPARTAMENTO DE ADMINISTRACAO;ASSESSOR III;; CARGO COMISSION.S/VINCULO;2195,80;;2195,80;191,03;2004,77;
THIAGO ANDRADE CASTELLO BRANCO;SUBCOMISSAO DE LICT.OBRAS.SERV;MEMBRO;MEMBRO SUBCOMISSAO; CONSELHO;7000,00;;7000,00;1003,50;5996,50;
VANESSA DA SILVA JACAUNA;DEPARTAMENTO DE ADMINISTRACAO;ASSESSOR II;ASSESSOR II AD-2; CARGO COMISSION.S/VINCULO;4209,79;;4209,79;670,28;3539,51;
VANESSA ROSAS KRAMER;DEPARTAMENTO DE ADMINISTRACAO;ASSESSOR III;; CARGO COMISSION.S/VINCULO;3191,80;;3191,80;422,40;2769,40;
VICTOR FABIAN SOARES CIPRIANO;GABINETE DO PRESIDENTE;PROCURADOR DO ESTADO 3A CLASSE;PRESIDENTE; ESTATUTARIO;13500,00;2879,75;10620,25;1946,93;8673,32;
VLADILCE DE ARAUJO FRAGATA;DEPARTAMENTO DE ADMINISTRACAO;ASSESSOR III;; CARGO COMISSION.S/VINCULO;2591,80;;2591,80;267,35;2324,45;
VLADIMIR MARTINS RIBEIRO JUNIOR;SUBCOMISSAO DE LICT.OBRAS.SERV;MEMBRO;MEMBRO SUBCOMISSAO; CONSELHO;7000,00;;7000,00;899,23;6100,77;
WAGNER DE ALMEIDA SILVA;DEPARTAMENTO DE ADMINISTRACAO;ASSESSOR III;ASSESSOR III AD-3; CARGO COMISSION.S/VINCULO;2591,80;;2591,80;267,35;2324,45;
WENDELL WAUGHAN MONTEIRO;SUBCOMISSAO DE LICT.OBRAS.SERV;MEMBRO;MEMBRO; CONSELHO;7000,00;;7000,00;1003,50;5996,50;
WILSON ALEXANDRE TAVARES;DEPARTAMENTO DE ADMINISTRACAO;ASSESSOR III;; CARGO COMISSION.S/VINCULO;2195,80;;2195,80;197,62;1998,18;
YASMIN KANANDA COSTA DE LIMA MELO;DEPARTAMENTO DE ADMINISTRACAO;ASSESSOR III;; CARGO COMISSION.S/VINCULO;3455,73;;3455,73;486,67;2969,06;
