NOME;LOTACAO;CARGO;FUNCAO;VINCULO;REMUNERACAO LEGAL TOTAL(R$);DESC.TETO(R$); REMUNERACAO LEGAL DEVIDA(R$);DESCONTOS LEGAIS(R$);LIQUIDO DISPONIVEL(R$);
ADRIANA GABRIELLE A RAMPIN;SUBCOMISSAO DE LICT.OBRAS.SERV;MEMBRO;; CONSELHO;7000,00;;7000,00;1055,64;5944,36;
AGENOR DA COSTA BRAGA;GABINETE DO PRESIDENTE;ASSESSOR I;ASSESSOR I AD 1; CARGO COMISSION.S/VINCULO;5229,77;;5229,77;986,40;4243,37;
AGEU SA MONTEIRO;DEPARTAMENTO DE ADMINISTRACAO;ASSESSOR III;; CARGO COMISSION.S/VINCULO;2591,80;;2591,80;267,35;2324,45;
ALAN CARNEIRO DE MELO;DEPARTAMENTO DE ADMINISTRACAO;ASSESSOR III AD-3;; CARGO COMISSION.S/VINCULO;2591,80;;2591,80;267,35;2324,45;
ALAN CLAUDIO MENEZES DA COSTA;SUBCOMISSAO DE LICT.OBRAS.SERV;MEMBRO;MEMBRO SUBCOMISSAO; CONSELHO;7000,00;;7000,00;951,37;6048,63;
ALBERTO LUCIO DE SOUZA SIMONETTI;SUBCOMISSAO DE LICT.OBRAS.SERV;MEMBRO;; CONSELHO;7000,00;;7000,00;1003,50;5996,50;
ALEXANDRE BARRONCAS LIRA ARCOS;CORREGEDORIA;ASSESSOR III;; CARGO COMISSION.S/VINCULO;2195,80;;2195,80;197,62;1998,18;
ALOYSIO NOBRE DE FREITAS FILHO;SUBCOMISSAO DE LICT.OBRAS.SERV;MEMBRO;; CONSELHO;7000,00;;7000,00;1003,50;5996,50;
ANA CAROLINA YAMANE SANTOS;DEPARTAMENTO DE ADMINISTRACAO;ASSESSOR II;; CARGO COMISSION.S/VINCULO;2609,79;;2609,79;270,20;2339,59;
ANDERSON CAMPOS LINDOSO;DEPARTAMENTO DE ADMINISTRACAO;ASSESSOR III;; CARGO COMISSION.S/VINCULO;1893,80;;1893,80;170,44;1723,36;
ANDRE AFONSO DOS SANTOS LOUREIRO;DEPARTAMENTO DE ADMINISTRACAO;ASSESSOR III;ASSESSOR III AD-3; CARGO COMISSION.S/VINCULO;2591,80;;2591,80;267,35;2324,45;
ANDREA LASMAR DE MENDONCA RAMOS;SUBCOMISSAO DE LICT.OBRAS.SERV;MEMBRO;; CONSELHO;7000,00;;7000,00;951,37;6048,63;
ANDREYA FABIANA R CAVALCANTE;SUBCOMISSAO DE LICT.OBRAS.SERV;MEMBRO;MEMBRO SUBCOMISSAO; CONSELHO;7000,00;;7000,00;899,23;6100,77;
ANTONIA NONATA DA SILVA GOMES;DEPARTAMENTO DE ADMINISTRACAO;ASSESSOR IV;ASSESSOR IV AD-4; CARGO COMISSION.S/VINCULO;1514,61;;1514,61;121,16;1393,45;
ANTONINA MARIA DE SOUSA PONTE;SUBCOMISSAO DE LICT.OBRAS.SERV;MEMBRO;; CONSELHO;7000,00;;7000,00;1055,64;5944,36;
ANWAR ASSI;GABINETE DO PRESIDENTE;ASSESSOR I;; CARGO COMISSION.S/VINCULO;5229,77;;5229,77;986,40;4243,37;
ARTUR CESAR NOGUEIRA PERDIGAO;DEPARTAMENTO DE ADMINISTRACAO;ASSESSOR III;ASSESSOR III AD-3; CARGO COMISSION.S/VINCULO;3191,80;;3191,80;407,12;2784,68;
AUGUSTO AZARIO SALVADOR;GABINETE DO PRESIDENTE;CHEFE DE DEPARTAMENTO;; CARGO COMISSION.S/VINCULO;7118,29;;7118,29;4217,33;2900,96;
CAMILA ANDREYA PESSOA RODRIGUES;DEPARTAMENTO DE ADMINISTRACAO;ASSESSOR III;; CARGO COMISSION.S/VINCULO;2591,80;;2591,80;267,35;2324,45;
CARLOS AUGUSTO LAURIA NORONHA;SUBCOMISSAO DE LICT.OBRAS.SERV;MEMBRO;MEMBRO SUBCOMISSAO; CONSELHO;7000,00;;7000,00;951,37;6048,63;
CARLOS KLINGER DE PAULA SEGUNDO;DEPARTAMENTO DE ADMINISTRACAO;ASSESSOR IV;ASSESSOR IV AD 4; CARGO COMISSION.S/VINCULO;2179,61;;2179,61;196,16;1983,45;
CHALLA DE MEDEIROS SILVA;GABINETE DO PRESIDENTE;ASSESSOR I;; CARGO COMISSION.S/VINCULO;5229,77;;5229,77;986,40;4243,37;
CLEYSON COSTA DOS SANTOS;DEPARTAMENTO DE ADMINISTRACAO;ASSESSOR III;ASSESSOR III AD-3; CARGO COMISSION.S/VINCULO;2195,80;;2195,80;197,62;1998,18;
CREUZA TEREZA PAULINO CAVALCANTE;GABINETE DO PRESIDENTE;CHEFE DE DEPARTAMENTO;NAO INFORMADO; CARGO COMISSION.S/VINCULO;5229,77;;5229,77;986,40;4243,37;
CRISTIANE FERNANDES RANGEL BARBOSA;DEPARTAMENTO DE ADMINISTRACAO;ASSESSOR IV;NAO INFORMADO; CARGO COMISSION.S/VINCULO;2146,34;;2146,34;193,17;1953,17;
DACTIVO XAVIER DE FRANCA FILHO;GABINETE DO PRESIDENTE;CHEFE DE DEPARTAMENTO;; CARGO COMISSION.S/VINCULO;5229,77;;5229,77;858,43;4371,34;
DAIANA DA SILVA MARTINS;DEPARTAMENTO DE ADMINISTRACAO;ASSESSOR III;; CARGO COMISSION.S/VINCULO;2591,80;;2591,80;267,35;2324,45;
DANIEL MAIA TEIXEIRA;GABINETE DO PRESIDENTE;ASSESSOR I AD-1;; CARGO COMISSION.S/VINCULO;4229,77;;4229,77;676,15;3553,62;
DANIELA MORGANTINI TAVARES TEMPESTA;GABINETE DO PRESIDENTE;ASSESSOR I AD-1;; CARGO COMISSION.S/VINCULO;4229,77;;4229,77;676,15;3553,62;
DANIELLE DE MIRANDA PONTES;DEPARTAMENTO DE ADMINISTRACAO;ASSESSOR III;; CARGO COMISSION.S/VINCULO;2195,80;;2195,80;197,62;1998,18;
DAVISON RODRIGUES BATISTA;DEPARTAMENTO DE ADMINISTRACAO;ASSESSOR III;; CARGO COMISSION.S/VINCULO;2591,80;;2591,80;253,13;2338,67;
DJALMA ALBERTO DE SOUZA OLIVEIRA;SUBCOMISSAO DE LICT.OBRAS.SERV;MEMBRO;; CONSELHO;7000,00;;7000,00;1003,50;5996,50;
EDIVANIA RODRIGUES DA SILVA;DEPARTAMENTO DE ADMINISTRACAO;ASSESSOR IV;ASSESSOR IV AD-4; CARGO COMISSION.S/VINCULO;2179,61;;2179,61;196,16;1983,45;
EDSANDRA MAGALHAES FERREIRA;SUBCOMISSAO DE LICT.OBRAS.SERV;MEMBRO;MEMBRO; CONSELHO;7000,00;;7000,00;951,37;6048,63;
ERE BIANCA PARENTE DE ASSIS;GABINETE DO PRESIDENTE;ASSESSOR I;ASSESSOR I AD-1; CARGO COMISSION.S/VINCULO;4229,77;;4229,77;676,15;3553,62;
ERICA DOS SANTOS VIEIRA;SUBCOMISSAO DE LICT.OBRAS.SERV;MEMBRO;; CONSELHO;7000,00;;7000,00;1055,64;5944,36;
ERICA POMAR TAVARES;DEPARTAMENTO DE ADMINISTRACAO;ASSESSOR III;; CARGO COMISSION.S/VINCULO;2195,80;;2195,80;197,62;1998,18;
ERNALDO COSTA DA SILVA;DEPARTAMENTO DE ADMINISTRACAO;ASSESSOR III;; CARGO COMISSION.S/VINCULO;2195,80;;2195,80;197,62;1998,18;
EUCLIDES RODRIGUES DE MELO;DEPARTAMENTO DE ADMINISTRACAO;ASSESSOR IV;; CARGO COMISSION.S/VINCULO;4813,34;;4813,34;1377,92;3435,42;
EUNELILSON AFFONSO HOLANDA;GABINETE DO PRESIDENTE;ASSESSOR I;; CARGO COMISSION.S/VINCULO;5229,77;;5229,77;901,09;4328,68;
EZEQUIEL MARQUES ARAUJO LIMA;DEPARTAMENTO DE ADMINISTRACAO;ASSESSOR III;; CARGO COMISSION.S/VINCULO;2195,80;;2195,80;197,62;1998,18;
FELIPE DIEGO DE SOUZA ARRUDA;DEPARTAMENTO DE ADMINISTRACAO;GERENTE;; CARGO COMISSION.S/VINCULO;4209,79;;4209,79;670,28;3539,51;
FELISMINO FRANCISCO SOARES NETO;SUBCOMISSAO DE LICT.OBRAS.SERV;MEMBRO;; CONSELHO;7000,00;;7000,00;1055,64;5944,36;
FERNANDA MENDES MOURA;DEPARTAMENTO DE ADMINISTRACAO;ASSESSOR III;; CARGO COMISSION.S/VINCULO;2927,73;;2927,73;374,68;2553,05;
GISELLA ANDRADE FERREIRA DOS SANTOS;DEPARTAMENTO DE ADMINISTRACAO;ASSESSOR III;; CARGO COMISSION.S/VINCULO;2591,80;;2591,80;267,35;2324,45;
GREICIANE FERREIRA BRASIL;DEPARTAMENTO DE ADMINISTRACAO;ASSESSOR III;ASSESSOR III AD-3; CARGO COMISSION.S/VINCULO;1530,80;;1530,80;122,46;1408,34;
GYESE KANAWATI LASMAR;SUBCOMISSAO DE LICT.OBRAS.SERV;MEMBRO;MEMBRO; CONSELHO;7000,00;;7000,00;951,37;6048,63;
HEDLEN MARIA BARROSO GUEDES FREITAS;GABINETE DO PRESIDENTE;ASSESSOR I;ASSESSOR I AD-1; CARGO COMISSION.S/VINCULO;4229,77;;4229,77;676,15;3553,62;
HELEN MARA BARROSO GUEDES;DEPARTAMENTO DE ADMINISTRACAO;ASSESSOR II;; CARGO COMISSION.S/VINCULO;4209,79;;4209,79;670,28;3539,51;
HERCULES ANTONIO DA SILVA SANTOS;SUBCOMISSAO DE LICT.OBRAS.SERV;MEMBRO;; COMISSAO;5833,33;;5833,33;734,81;5098,52;
IGOR COSTA DE SOUZA;GABINETE DO PRESIDENTE;ASSESSOR I AD-1;; CARGO COMISSION.S/VINCULO;4229,77;;4229,77;676,15;3553,62;
ISABEL MARIA DE ARAUJO BRITO;DEPARTAMENTO DE ADMINISTRACAO;ASSESSOR IV;ASSESSOR IV AD-4; CARGO COMISSION.S/VINCULO;1514,61;;1514,61;121,16;1393,45;
JACIRA ARAUJO DO NASCIMENTO;GABINETE DO PRESIDENTE;CHEFE DE DEPARTAMENTO;; CARGO COMISSION.S/VINCULO;5229,77;;5229,77;986,40;4243,37;
JANAINA LANGE;SUBCOMISSAO DE LICT.OBRAS.SERV;MEMBRO;MEMBRO SUBCOMISSAO; CONSELHO;7000,00;;7000,00;1003,50;5996,50;
JAQUELINE CRUZ ALVES;DEPARTAMENTO DE ADMINISTRACAO;PROFESSOR PF20.LPL-IV;GERENTE AD-2; ESTATUTARIO;4755,88;;4755,88;583,63;4172,25;
JARBAS DE SOUZA COELHO;DEPARTAMENTO DE ADMINISTRACAO;ASSESSOR III;NAO INFORMADO; CARGO COMISSION.S/VINCULO;2159,83;;2159,83;194,38;1965,45;
JOAO CARLOS BEZERRA DE A JUNIOR;SUBCOMISSAO DE LICT.OBRAS.SERV;MEMBRO;MEMBRO; CONSELHO;7000,00;;7000,00;1003,50;5996,50;
JOSE DO ROSARIO DOS SANTOS DRUMOND;DEPARTAMENTO DE ADMINISTRACAO;ASSESSOR III;; CARGO COMISSION.S/VINCULO;2195,80;;2195,80;197,62;1998,18;
JOSE FABIANO AFFONSO SOBRINHO;GABINETE DO PRESIDENTE;ASSESSOR I;; CARGO COMISSION.S/VINCULO;5229,77;;5229,77;986,40;4243,37;
JULIANA MONTEIRO M R RODRIGUES;SUBCOMISSAO DE LICT.OBRAS.SERV;MEMBRO;MEMBRO; CONSELHO;7000,00;;7000,00;1055,64;5944,36;
KELEM RODRIGUES DE MELO PONTES;DEPARTAMENTO DE ADMINISTRACAO;ASSESSOR III;; CARGO COMISSION.S/VINCULO;4877,00;;4877,00;1422,67;3454,33;
KELLEN ETHER REBELO;DEPARTAMENTO DE ADMINISTRACAO;ASSESSOR III;; CARGO COMISSION.S/VINCULO;2195,80;;2195,80;197,62;1998,18;
KESIA PONCIANO BALBY;DEPARTAMENTO DE ADMINISTRACAO;GERENTE;; CARGO COMISSION.S/VINCULO;2213,79;;2213,79;199,24;2014,55;
KLEYTON COSTA DE LIMA;DEPARTAMENTO DE ADMINISTRACAO;ASSESSOR III;; CARGO COMISSION.S/VINCULO;2195,80;;2195,80;197,62;1998,18;
LARISSA DAVILA PORTUGAL;DEPARTAMENTO DE ADMINISTRACAO;ASSESSOR III;ASSESSOR III AD3; CARGO COMISSION.S/VINCULO;2591,80;;2591,80;253,13;2338,67;
LEANDRO DA SILVA AGUIAR;SUBCOMISSAO DE LICT.OBRAS.SERV;MEMBRO;MEMBROSUBCOMISSAO; CONSELHO;7000,00;;7000,00;1055,64;5944,36;
LEILA DE QUEIROZ PONTES;SUBCOMISSAO DE LICT.OBRAS.SERV;MEMBRO;MEMBRO; CONSELHO;7000,00;;7000,00;1055,64;5944,36;
LUCIA DE FATIMA DOS SANTOS CARDOSO;DEPARTAMENTO DE ADMINISTRACAO;ASSESSOR III;; CARGO COMISSION.S/VINCULO;2591,80;;2591,80;267,35;2324,45;
LUIZ ENEAS DE OLIVEIRA CABRAL;SUBCOMISSAO DE LICT.OBRAS.SERV;MEMBRO;; CONSELHO;7000,00;;7000,00;1055,64;5944,36;
MANOEL DA SILVA MASCARENHAS;SUBCOMISSAO DE LICT.OBRAS.SERV;MEMBRO;; CONSELHO;7000,00;;7000,00;951,37;6048,63;
MARCELO MARCUS NOGUEIRA MARTINS;DEPARTAMENTO DE ADMINISTRACAO;ASSESSOR I;; CARGO COMISSION.S/VINCULO;4229,77;;4229,77;676,15;3553,62;
MARCO AURELIO RIBEIRO ESTEVES;DEPARTAMENTO DE ADMINISTRACAO;ASSESSOR III;; CARGO COMISSION.S/VINCULO;3191,80;;3191,80;422,40;2769,40;
MARIA HOZANIRA MACHADO DE S GALVAO;SUBCOMISSAO DE LICT.OBRAS.SERV;MEMBRO;MEMBRO SUBCOMISSAO; CONSELHO;7000,00;;7000,00;1003,50;5996,50;
MARIA INES SANTIAGO CAVALEIRO MELO;GABINETE DO PRESIDENTE;ASSESSOR I;; CARGO COMISSION.S/VINCULO;4229,77;;4229,77;676,15;3553,62;
MELYNDA MARIA VIEIRALVES BECKER;GABINETE DO PRESIDENTE;ASSESSOR I;; CARGO COMISSION.S/VINCULO;4229,77;;4229,77;676,15;3553,62;
NATASHA MELO DE MENDONCA;DEPARTAMENTO DE ADMINISTRACAO;ASSESSOR III;ASSESSOR III AD-3; CARGO COMISSION.S/VINCULO;2591,80;;2591,80;267,35;2324,45;
ORNIVAL DE OLIVEIRA ALBUQUERQUE;DEPARTAMENTO DE ADMINISTRACAO;ASSESSOR III;ASSESSOR III AD-3; CARGO COMISSION.S/VINCULO;2591,80;;2591,80;233,26;2358,54;
PRISCIANY COSTA DE FREITAS;GABINETE DO PRESIDENTE;ASSESSOR I;; CARGO COMISSION.S/VINCULO;4229,77;;4229,77;676,15;3553,62;
RAFAEL BASTOS ARAUJO;SUBCOMISSAO DE LICT.OBRAS.SERV;MEMBRO;; CONSELHO;7000,00;;7000,00;1055,64;5944,36;
RAIMUNDO COSTA DA SILVA;DEPARTAMENTO DE ADMINISTRACAO;GERENTE;; CARGO COMISSION.S/VINCULO;4209,79;;4209,79;613,40;3596,39;
RAIMUNDO EDSON TORRES LIMA;GABINETE DO PRESIDENTE;CORREGEDOR;; CARGO COMISSION.S/VINCULO;5229,77;;5229,77;986,40;4243,37;
RAISSA LOPES ELIAS;GABINETE DO PRESIDENTE;ASSESSOR I;; CARGO COMISSION.S/VINCULO;4229,77;;4229,77;676,15;3553,62;
RAPHAELA RAQUEL DOS SANTOS PIMENTA;DEPARTAMENTO DE ADMINISTRACAO;ASSESSOR III;; CARGO COMISSION.S/VINCULO;2591,80;;2591,80;267,35;2324,45;
RAQUEL DE LIMA RODRIGUES;SUBCOMISSAO DE LICT.OBRAS.SERV;MEMBRO;MEMBRO SUBCOMISSAO; CONSELHO;1166,67;;1166,67;;1166,67;
RAQUEL DE OLIVEIRA GONCALVES;DEPARTAMENTO DE ADMINISTRACAO;ASSESSOR II;; CARGO COMISSION.S/VINCULO;2213,79;;2213,79;199,24;2014,55;
RISIA CRISTINA DA SILVA CAVALCANTE;DEPARTAMENTO DE ADMINISTRACAO;GERENTE;GERENTE AD-2; CARGO COMISSION.S/VINCULO;4209,79;;4209,79;670,28;3539,51;
RISONEIDE FERREIRA CLARINDO;DEPARTAMENTO DE ADMINISTRACAO;ASSESSOR III;ASSESSOR III AD-3; CARGO COMISSION.S/VINCULO;2195,80;;2195,80;197,62;1998,18;
ROBERTA DE MORAES PEREIRA;DEPARTAMENTO DE ADMINISTRACAO;ASSESSOR III AD-3;; CARGO COMISSION.S/VINCULO;2591,80;;2591,80;267,35;2324,45;
RODRIGO LIRA TAUMATURGO;DEPARTAMENTO DE ADMINISTRACAO;GERENTE;; CARGO COMISSION.S/VINCULO;4209,79;;4209,79;641,84;3567,95;
RODRIGO NELSON AMARAL OLIVEIRA;DEPARTAMENTO DE ADMINISTRACAO;ASSESSOR III;ASSESSOR III AD-3; CARGO COMISSION.S/VINCULO;2591,80;;2591,80;267,35;2324,45;
ROSANY SIMOES CHAVES;GABINETE DO PRESIDENTE;ASSESSOR I;; CARGO COMISSION.S/VINCULO;4229,77;;4229,77;676,15;3553,62;
ROSEANE TORRES LIMA;SUBCOMISSAO DE LICT.OBRAS.SERV;MEMBRO;; COMISSAO;10266,67;;10266,67;1953,97;8312,70;
ROZANA DE ALMEIDA FARIAS;DEPARTAMENTO DE ADMINISTRACAO;ASSESSOR II;; CARGO COMISSION.S/VINCULO;3479,72;;3479,72;443,79;3035,93;
ROZANGELA LIMA DE SALES;DEPARTAMENTO DE ADMINISTRACAO;ASSESSOR III;; CARGO COMISSION.S/VINCULO;3191,80;;3191,80;422,40;2769,40;
RUI JORGE PIEDADE DE LIMA;DEPARTAMENTO DE ADMINISTRACAO;ASSESSOR IV;; CARGO COMISSION.S/VINCULO;2179,61;;2179,61;196,16;1983,45;
RUTH MARA FREITAS DA SILVA;DEPARTAMENTO DE ADMINISTRACAO;ASSESSOR III;ASSESSOR III/AD-3; CARGO COMISSION.S/VINCULO;2591,80;;2591,80;267,35;2324,45;
SANNY SAHDO CETRARO;SUBCOMISSAO DE LICT.OBRAS.SERV;MEMBRO;MEMBRO; CONSELHO;7000,00;;7000,00;951,37;6048,63;
SHEILA REGINA MODESTO NORONHA;DEPARTAMENTO DE ADMINISTRACAO;ASSESSOR III;; CARGO COMISSION.S/VINCULO;3191,80;;3191,80;422,40;2769,40;
SIDNEY COELHO;GABINETE DO PRESIDENTE;VICE-PRESIDENTE;; CARGO COMISSION.S/VINCULO;12916,88;;12916,88;2630,64;10286,24;
SILVIO FRANCISCO ANDRADE DE QUEIROZ;DEPARTAMENTO DE ADMINISTRACAO;ASSESSOR IV;; CARGO COMISSION.S/VINCULO;2575,61;;2575,61;231,80;2343,81;
SIMONE DA COSTA MARTINS ESTEVAM;DEPARTAMENTO DE ADMINISTRACAO;ASSESSOR IV;ASSESSOR IV AD-4; CARGO COMISSION.S/VINCULO;1514,61;;1514,61;121,16;1393,45;
STELLA AMANDA FROTA DA CRUZ;DEPARTAMENTO DE ADMINISTRACAO;GERENTE;GERENTE AD-2; CARGO COMISSION.S/VINCULO;4209,79;;4209,79;641,84;3567,95;
STELLA BRUNA DE JESUS P C MARTINS;DEPARTAMENTO DE ADMINISTRACAO;ASSESSOR III AD-3;; CARGO COMISSION.S/VINCULO;2195,80;;2195,80;197,62;1998,18;
TALITA PIMENTA CORREA;DEPARTAMENTO DE ADMINISTRACAO;ASSESSOR III;ASSESSOR III AD-3; CARGO COMISSION.S/VINCULO;2195,80;;2195,80;197,62;1998,18;
TAMARA PIMENTA CORREA;DEPARTAMENTO DE ADMINISTRACAO;ASSESSOR IV;ASSESSOR IV AD-1; CARGO COMISSION.S/VINCULO;2179,61;;2179,61;196,16;1983,45;
TATIANA CORREA ALVES;DEPARTAMENTO DE ADMINISTRACAO;ASSESSOR III;; CARGO COMISSION.S/VINCULO;2195,80;;2195,80;197,62;1998,18;
THAIS MARTINS ALVES;DEPARTAMENTO DE ADMINISTRACAO;ASSESSOR II;; CARGO COMISSION.S/VINCULO;4209,79;;4209,79;579,25;3630,54;
THARINY DE SOUZA BRIGLIA;DEPARTAMENTO DE ADMINISTRACAO;ASSESSOR III;; CARGO COMISSION.S/VINCULO;2299,82;;2299,82;206,98;2092,84;
THAYANA PAMELA AMAZONAS PRAIA;GABINETE DO PRESIDENTE;ASSESSOR I;; CARGO COMISSION.S/VINCULO;4229,77;;4229,77;676,15;3553,62;
THAYLANE ENES MARTINS;DEPARTAMENTO DE ADMINISTRACAO;ASSESSOR II;; CARGO COMISSION.S/VINCULO;2213,79;;2213,79;189,27;2024,52;
THIAGO ANDRADE CASTELLO BRANCO;SUBCOMISSAO DE LICT.OBRAS.SERV;MEMBRO;MEMBRO SUBCOMISSAO; CONSELHO;7000,00;;7000,00;1003,50;5996,50;
VANESSA COSTA DE ARAUJO;DEPARTAMENTO DE ADMINISTRACAO;ASSESSOR III;; CARGO COMISSION.S/VINCULO;5213,27;;5213,27;981,28;4231,99;
VANESSA DA SILVA JACAUNA;DEPARTAMENTO DE ADMINISTRACAO;ASSESSOR II;ASSESSOR II AD-2; CARGO COMISSION.S/VINCULO;4209,79;;4209,79;670,28;3539,51;
VANESSA ROSAS KRAMER;DEPARTAMENTO DE ADMINISTRACAO;ASSESSOR III;; CARGO COMISSION.S/VINCULO;3191,80;;3191,80;422,40;2769,40;
VICTOR FABIAN SOARES CIPRIANO;GABINETE DO PRESIDENTE;PROCURADOR DO ESTADO 3A CLASSE;PRESIDENTE; ESTATUTARIO;13500,00;2879,75;10620,25;1946,93;8673,32;
VLADILCE DE ARAUJO FRAGATA;DEPARTAMENTO DE ADMINISTRACAO;ASSESSOR III;; CARGO COMISSION.S/VINCULO;2591,80;;2591,80;267,35;2324,45;
VLADIMIR MARTINS RIBEIRO JUNIOR;SUBCOMISSAO DE LICT.OBRAS.SERV;MEMBRO;MEMBRO SUBCOMISSAO; CONSELHO;7000,00;;7000,00;899,23;6100,77;
WAGNER DE ALMEIDA SILVA;DEPARTAMENTO DE ADMINISTRACAO;ASSESSOR III;ASSESSOR III AD-3; CARGO COMISSION.S/VINCULO;3455,73;;3455,73;486,67;2969,06;
WENDELL WAUGHAN MONTEIRO;SUBCOMISSAO DE LICT.OBRAS.SERV;MEMBRO;MEMBRO; CONSELHO;7000,00;;7000,00;1003,50;5996,50;
WILSON ALEXANDRE TAVARES;DEPARTAMENTO DE ADMINISTRACAO;ASSESSOR III;; CARGO COMISSION.S/VINCULO;2195,80;;2195,80;197,62;1998,18;
YASMIN KANANDA COSTA DE LIMA MELO;DEPARTAMENTO DE ADMINISTRACAO;ASSESSOR III;; CARGO COMISSION.S/VINCULO;2591,80;;2591,80;267,35;2324,45;
