NOME;LOTACAO;CARGO;FUNCAO;VINCULO;REMUNERACAO LEGAL TOTAL(R$);DESC.TETO(R$); REMUNERACAO LEGAL DEVIDA(R$);DESCONTOS LEGAIS(R$);LIQUIDO DISPONIVEL(R$);
ADEMIR LIMA DE SOUZA;CB - CIVIL;ENG.O-I;ENG OPERACIONAL; ESTATUTARIO;5140,46;;5140,46;611,68;4528,78;
ALBERTO COELHO NETO;CB - CIVIL;A.TEC-I;; ESTATUTARIO;4332,67;;4332,67;263,14;4069,53;
ALESSANDRA OLIVEIRA AMADOR;CB - CIVIL;CHEFE DE DEPARTAMENTO;ASSESSOR I; CARGO COMISSION.S/VINCULO;5849,77;;5849,77;986,40;4863,37;
ALOYSIO SIQUEIRA CAVALCANTI FILHO;CB - CIVIL;AUXILIAR ADMINISTRATIVO;; ESTATUTARIO;4710,95;;4710,95;415,27;4295,68;
BARBARA COSTA FERREIRA;CB - CIVIL;ASSESSOR I;; CARGO COMISSION.S/VINCULO;5849,77;;5849,77;986,40;4863,37;
CLEIVISON SOUZA PINHEIRO;CB - CIVIL;ASSESSOR I;; CARGO COMISSION.S/VINCULO;5849,77;;5849,77;986,40;4863,37;
DANIEL DE LIMA ALBUQUERQUE;CB - CIVIL;ASSESSOR I;; CARGO COMISSION.S/VINCULO;5849,77;;5849,77;986,40;4863,37;
FRANCISCO BENTES DE ALMEIDA;CB - CIVIL;CHEFE DE DEPARTAMENTO;CH DE DEPARTAMENTO; CARGO COMISSION.S/VINCULO;5849,77;;5849,77;986,40;4863,37;
HERMOGENES RABELO;CB - CIVIL;A.AMB-III;COORDENADOR; ESTATUTARIO;9620,00;;9620,00;1553,50;8066,50;
JORGE NELSON DA CUNHA MENDONCA;CB - CIVIL;A.TEC-I;; ESTATUTARIO;4532,11;;4532,11;352,78;4179,33;
JOSE FRANCISCO SILVA DE MORAIS;CB - CIVIL;COORDENADOR REGIONAL AD-1;; CARGO COMISSION.S/VINCULO;5849,77;;5849,77;986,40;4863,37;
JOSIMAR MOREIRA MATOS DE SOUZA;CB - CIVIL;ASSESSOR II;; CARGO COMISSION.S/VINCULO;3229,79;;3229,79;270,20;2959,59;
JUNIA DE CARVALHO TORRES;CB - CIVIL;AGENTE ADMINISTRATIVO 1A CLASSE;; ESTATUTARIO;3891,24;;3891,24;179,39;3711,85;
MARCIA GUERREIRO PINHEIRO;CB - CIVIL;ASSESSOR I;; CARGO COMISSION.S/VINCULO;4926,36;;4926,36;699,91;4226,45;
MARIA ALZIRA BARBOSA ASSUMPCAO;CB - CIVIL;AUX.ADM-I;ARQUIVISTA; ESTATUTARIO;5584,70;;5584,70;608,20;4976,50;
MARIA DE FATIMA RODRIGUES ONETY;CB - CIVIL;A.OPE-I;; ESTATUTARIO;4339,09;;4339,09;350,63;3988,46;
MARIA DE JESUS MONTEIRO DUARTE;CB - CIVIL;A.TEC-I;; ESTATUTARIO;4304,26;;4304,26;340,32;3963,94;
MARIA DE NAZARE DOS SANTOS BARROSO;CB - CIVIL;A.TEC-I;CHEFE PROTOCOLO; ESTATUTARIO;4568,95;;4568,95;361,41;4207,54;
MARIA DO PERPETUO SOCORRO V ARAUJO;CB - CIVIL;A.TEC-I;; ESTATUTARIO;4492,52;;4492,52;314,51;4178,01;
MARIO LUIZ PASSARINHO;CB - CIVIL;COORDENADOR REGIONAL AD-1;COORDENADOR REGIONAL; CARGO COMISSION.S/VINCULO;5849,77;;5849,77;986,40;4863,37;
MICHAEL LIMA DE MELO;CB - CIVIL;ASSESSOR II;; CARGO COMISSION.S/VINCULO;6233,05;;6233,05;1121,87;5111,18;
MICHELE DOS SANTOS AQUINO;CB - CIVIL;ASSESSOR II;; CARGO COMISSION.S/VINCULO;3229,79;;3229,79;234,88;2994,91;
PRISCILA SENA DA SILVA;COMANDO GERAL;COORDENADOR REGIONAL AD-1;; CARGO COMISSION.S/VINCULO;10419,58;;10419,58;2446,27;7973,31;
RAQUEL MORAES SILVA ALBUQUERQUE;CB - CIVIL;ASSESSOR I;; CARGO COMISSION.S/VINCULO;5849,77;;5849,77;986,40;4863,37;
REGINA AUXILIADORA DA MATA LUSTOSA;CB - CIVIL;TNS-I;CHEFE DE GABINETE; ESTATUTARIO;7223,47;;7223,47;1105,76;6117,71;
SANDRA ASSAYAG;CB - CIVIL;A.TEC-I;; ESTATUTARIO;4512,70;;4512,70;348,24;4164,46;
SILVIO RAFAEL OLIVEIRA DO LAGO;COMANDO GERAL;COORDENADOR;; CARGO COMISSION.S/VINCULO;14700,00;;14700,00;3623,39;11076,61;
ULLA HAVANNE DE PAIVA VIEIRA;CB - CIVIL;ASSESSOR I;; CARGO COMISSION.S/VINCULO;5849,77;;5849,77;943,74;4906,03;
ZULMA SOARES CARDOSO;CB - CIVIL;ASSESSOR I;ASSESSOR I AD-1; CARGO COMISSION.S/VINCULO;5849,77;;5849,77;986,40;4863,37;
