NOME;LOTACAO;CARGO;FUNCAO;VINCULO;REMUNERACAO LEGAL TOTAL(R$);DESC.TETO(R$); REMUNERACAO LEGAL DEVIDA(R$);DESCONTOS LEGAIS(R$);LIQUIDO DISPONIVEL(R$);
ADEMIR LIMA DE SOUZA;CB - CIVIL;ENG.O-I;ENG OPERACIONAL; ESTATUTARIO;5120,46;;5120,46;611,68;4508,78;
ALBERTO COELHO NETO;CB - CIVIL;A.TEC-I;; ESTATUTARIO;4312,67;;4312,67;263,14;4049,53;
ALESSANDRA OLIVEIRA AMADOR;CB - CIVIL;CHEFE DE DEPARTAMENTO;ASSESSOR I; CARGO COMISSION.S/VINCULO;5829,77;;5829,77;986,40;4843,37;
ALOYSIO SIQUEIRA CAVALCANTI FILHO;CB - CIVIL;AUXILIAR ADMINISTRATIVO;; ESTATUTARIO;4690,95;;4690,95;415,27;4275,68;
BARBARA COSTA FERREIRA;CB - CIVIL;ASSESSOR I;; CARGO COMISSION.S/VINCULO;5829,77;;5829,77;986,40;4843,37;
CLEIVISON SOUZA PINHEIRO;CB - CIVIL;ASSESSOR I;; CARGO COMISSION.S/VINCULO;5829,77;;5829,77;986,40;4843,37;
DANIEL DE LIMA ALBUQUERQUE;CB - CIVIL;ASSESSOR I;; CARGO COMISSION.S/VINCULO;5829,77;;5829,77;986,40;4843,37;
FRANCISCO BENTES DE ALMEIDA;CB - CIVIL;CHEFE DE DEPARTAMENTO;CH DE DEPARTAMENTO; CARGO COMISSION.S/VINCULO;5829,77;;5829,77;986,40;4843,37;
HERMOGENES RABELO;CB - CIVIL;A.AMB-III;COORDENADOR; ESTATUTARIO;9600,00;;9600,00;1553,50;8046,50;
JORGE NELSON DA CUNHA MENDONCA;CB - CIVIL;A.TEC-I;; ESTATUTARIO;4512,11;;4512,11;352,78;4159,33;
JOSE FRANCISCO SILVA DE MORAIS;CB - CIVIL;COORDENADOR REGIONAL AD-1;; CARGO COMISSION.S/VINCULO;5829,77;;5829,77;986,40;4843,37;
JOSIMAR MOREIRA MATOS DE SOUZA;CB - CIVIL;ASSESSOR II;; CARGO COMISSION.S/VINCULO;3209,79;;3209,79;270,20;2939,59;
JUNIA DE CARVALHO TORRES;CB - CIVIL;AGENTE ADMINISTRATIVO 1A CLASSE;; ESTATUTARIO;3871,24;;3871,24;179,39;3691,85;
MARCIA GUERREIRO PINHEIRO;CB - CIVIL;ASSESSOR I;; CARGO COMISSION.S/VINCULO;3829,77;;3829,77;431,65;3398,12;
MARIA ALZIRA BARBOSA ASSUMPCAO;CB - CIVIL;AUX.ADM-I;ARQUIVISTA; ESTATUTARIO;5564,70;;5564,70;608,20;4956,50;
MARIA DE FATIMA RODRIGUES ONETY;CB - CIVIL;A.OPE-I;; ESTATUTARIO;4319,09;;4319,09;350,63;3968,46;
MARIA DE JESUS MONTEIRO DUARTE;CB - CIVIL;A.TEC-I;; ESTATUTARIO;4284,26;;4284,26;340,32;3943,94;
MARIA DE NAZARE DOS SANTOS BARROSO;CB - CIVIL;A.TEC-I;CHEFE PROTOCOLO; ESTATUTARIO;4548,95;;4548,95;361,41;4187,54;
MARIA DO PERPETUO SOCORRO V ARAUJO;CB - CIVIL;A.TEC-I;; ESTATUTARIO;4472,52;;4472,52;314,51;4158,01;
MARIO LUIZ PASSARINHO;CB - CIVIL;COORDENADOR REGIONAL AD-1;COORDENADOR REGIONAL; CARGO COMISSION.S/VINCULO;5829,77;;5829,77;986,40;4843,37;
MICHAEL LIMA DE MELO;CB - CIVIL;ASSESSOR II;; CARGO COMISSION.S/VINCULO;4809,79;;4809,79;670,28;4139,51;
MICHELE DOS SANTOS AQUINO;CB - CIVIL;ASSESSOR II;; CARGO COMISSION.S/VINCULO;3209,79;;3209,79;234,88;2974,91;
PRISCILA SENA DA SILVA;COMANDO GERAL;COORDENADOR REGIONAL AD-1;; CARGO COMISSION.S/VINCULO;5209,79;;5209,79;980,20;4229,59;
RAQUEL MORAES SILVA ALBUQUERQUE;CB - CIVIL;ASSESSOR I;; CARGO COMISSION.S/VINCULO;5829,77;;5829,77;986,40;4843,37;
REGINA AUXILIADORA DA MATA LUSTOSA;CB - CIVIL;TNS-I;CHEFE DE GABINETE; ESTATUTARIO;7203,47;;7203,47;1105,76;6097,71;
SANDRA ASSAYAG;CB - CIVIL;A.TEC-I;; ESTATUTARIO;4492,70;;4492,70;348,24;4144,46;
SILVIO RAFAEL OLIVEIRA DO LAGO;COMANDO GERAL;COORDENADOR;; CARGO COMISSION.S/VINCULO;9000,00;;9000,00;2055,89;6944,11;
ULLA HAVANNE DE PAIVA VIEIRA;CB - CIVIL;ASSESSOR I;; CARGO COMISSION.S/VINCULO;5829,77;;5829,77;943,74;4886,03;
ZULMA SOARES CARDOSO;CB - CIVIL;ASSESSOR I;ASSESSOR I AD-1; CARGO COMISSION.S/VINCULO;5829,77;;5829,77;986,40;4843,37;
