NOME;LOTACAO;CARGO;FUNCAO;VINCULO;REMUNERACAO LEGAL TOTAL(R$);DESC.TETO(R$); REMUNERACAO LEGAL DEVIDA(R$);DESCONTOS LEGAIS(R$);LIQUIDO DISPONIVEL(R$);
ABRAAO D'AVILA DA COSTA;DEPARTAMENTO DE FINANCAS;GERENTE AD-2;GERENTE AD-2; CARGO COMISSION.S/VINCULO;5409,79;;5409,79;670,28;4739,51;
ADILSON VITORINO DE SOUZA;DEPARTAMENTO DE FISCALIZACAO;GERENTE AD-2;GERENTE AD-2; CARGO COMISSION.S/VINCULO;5409,79;;5409,79;670,28;4739,51;
ADIMAR DE MELO CARNEIRO;DEPARTAMENTO DE ADMINISTRACAO;AGENTE ADMINISTRATIVO;CHEF DE DEPARTAMENTO; ESTATUTARIO;7133,37;;7133,37;830,76;6302,61;
ADRIANA LUCIA LOBO COELHO;CONS.EST.REG.CONT.SERV.PUB.CON;SECRETARIO DE CONSELHO AD-1;; CARGO COMISSION.S/VINCULO;2760,15;;2760,15;34,86;2725,29;
ALBERTO CARVALHO DE LIMA;CONS.EST.REG.CONT.SERV.PUB.CON;MEMBRO DE CONSELHO;; CONSELHO;1000,00;;1000,00;;1000,00;
ALMINO SIDNEY MATOS CASTELO BRANCO;DIRETORIA TEC.CONC.REG.QUALID.;ASSESSOR II AD-2;; CARGO COMISSION.S/VINCULO;5409,79;;5409,79;670,28;4739,51;
AMALIZA EVANGELISTA DA COSTA;DIRETORIA ADM.FINANCEIRA;GERENTE AD-2;GERENTE AD-2; CARGO COMISSION.S/VINCULO;5409,79;;5409,79;670,28;4739,51;
AMANDA ALINE SILVA VASCONCELOS;DEPARTAMENTO DE REC.HUMANOS;ASSESSOR II AD-2;; CARGO COMISSION.S/VINCULO;5409,79;;5409,79;670,28;4739,51;
AMIRALDO DA COSTA BRAGA JUNIOR;DIRETORIA TEC.CONC.REG.QUALID.;CHEFE DE DEPARTAMENTO AD-1;CH.DEPARTAMENTO AD1; CARGO COMISSION.S/VINCULO;6246,66;;6246,66;34,86;6211,80;
ANA PAULA MACEDO DE LACERDA;DIRETORIA TEC.CONC.REG.QUALID.;CHEFE DE DEPARTAMENTO AD-1;; CARGO COMISSION.S/VINCULO;6429,77;;6429,77;986,40;5443,37;
ANDRE SILVA DA FROTA;CONS.EST.REG.CONT.SERV.PUB.CON;MEMBRO DE CONSELHO;; CONSELHO;1000,00;;1000,00;;1000,00;
BELTIMAR SANTOS;DEPARTAMENTO DE INFORMATICA;GERENTE AD-2;GERENTE AD-2; CARGO COMISSION.S/VINCULO;5109,79;;5109,79;670,28;4439,51;
BENEDITA MARIA FILGUEIRA CARVALHO;CONS.EST.REG.CONT.SERV.PUB.CON;PROFESSOR PF20.LPL-IV;SEC.DE CONSELHO; ESTATUTARIO;6200,00;;6200,00;403,55;5796,45;
CARLA MORAES CASTELLO BRANCO;GABINETE DO DIRETOR PRESIDENTE;ASSESSOR I AD-1;; CARGO COMISSION.S/VINCULO;6429,77;;6429,77;986,40;5443,37;
CLEIDIANE BATISTA MENEZES;DEPARTAMENTO DE REC.HUMANOS;ASSESSOR I AD-1;ASSESSOR I AD 1; CARGO COMISSION.S/VINCULO;6429,77;;6429,77;943,74;5486,03;
CLICIA COELHO HOLANDA;DEPARTAMENTO DE FINANCAS;GERENTE AD-2;GERENTE AD-2; CARGO COMISSION.S/VINCULO;5409,79;;5409,79;641,84;4767,95;
CRISTIANE MARTINS ARAUJO;DIRETORIA ADM.FINANCEIRA;GERENTE AD-2;; CARGO COMISSION.S/VINCULO;5409,79;;5409,79;613,40;4796,39;
DANIEL DA SILVA ANTUNES;DIRETORIA TEC.CONC.REG.QUALID.;AUXILIAR TECNICO;; ESTATUTARIO;4795,02;;4795,02;255,45;4539,57;
DILSONEY CHAPIAMA DA SILVA;GABINETE DO DIRETOR PRESIDENTE;ASSESSOR I AD-1;; CARGO COMISSION.S/VINCULO;6429,77;;6429,77;986,40;5443,37;
DOMINGOS SAVIO DE SOUZA;DIRETORIA ADM.FINANCEIRA;CORONEL;DIRETOR ADM-FINANC.; ESTATUTARIO;9300,00;411,19;8888,81;1036,51;7852,30;
ERICK EDELMAN DOS SANTOS;DIRETORIA TEC.CONC.REG.QUALID.;TECNICO DE NIVEL MEDIO;TEC NIVEL SUPERIOR; C.L.T.;4636,00;;4636,00;441,29;4194,71;
FABIO JR ARAUJO CABRAL;DIRETORIA TEC.CONC.REG.QUALID.;GERENTE AD-2;; CARGO COMISSION.S/VINCULO;5409,79;;5409,79;670,28;4739,51;
FATIMA MARIA GAVINHO FROTA;DIRETORIA TEC.CONC.REG.QUALID.;ASSESSOR I AD-1;ASSESSOR I AD 1; CARGO COMISSION.S/VINCULO;6429,77;;6429,77;986,40;5443,37;
FRANCISCO DA SILVA MARCOLINO;DIRETORIA TEC.CONC.REG.QUALID.;GERENTE AD-2;; CARGO COMISSION.S/VINCULO;5409,79;;5409,79;670,28;4739,51;
FRANCISCO DE ASSIS DE O MARQUES;DEPARTAMENTO DE FISCALIZACAO;FISCAL RODOVIARIO;; ESTATUTARIO;4777,54;;4777,54;222,76;4554,78;
GIOCONDA BERENICE DE ALMEIDA CORREA;DEPTO.DE REGUL.DA QUALIDADE;GERENTE AD-2;; CARGO COMISSION.S/VINCULO;5409,79;;5409,79;670,28;4739,51;
GUSTAVO HENRIQUE DE SOUZA NUNES;DIRETORIA TEC.CONC.REG.QUALID.;ASSESSOR I AD-1;ASSESSOR AD1; CARGO COMISSION.S/VINCULO;6429,77;;6429,77;901,09;5528,68;
HERMANN SAUNDRS FERNANDES;ASSESSORIA;ASSESSOR I AD-1;; CARGO COMISSION.S/VINCULO;6429,77;;6429,77;986,40;5443,37;
IVANETE RIBEIRO GAMA;DEPARTAMENTO DE ADMINISTRACAO;AUXILIAR DE SERVICOS GERAIS;; C.L.T.;3266,67;;3266,67;186,00;3080,67;
JÉSSICA OLIVEIRA AQUINO DE SOUSA;PROCURADORIA;ASSESSOR I AD-1;; CARGO COMISSION.S/VINCULO;6429,77;;6429,77;986,40;5443,37;
JORDAN DE ARAUJO FARIAS;DEPARTAMENTO DE ADMINISTRACAO;ASSESSOR II AD-2;ASSESSOR AD2; CARGO COMISSION.S/VINCULO;5409,79;;5409,79;670,28;4739,51;
JORGE GARCIA CARESTO;DIRETORIA TEC.CONC.REG.QUALID.;CHEFE DE DEPARTAMENTO AD-1;CHEFE DE DEPTO. AD-1; CARGO COMISSION.S/VINCULO;6429,77;;6429,77;986,40;5443,37;
JOSE DOMINGOS DOS PRAZERES MENDONCA;DIRETORIA ADM.FINANCEIRA;CHEFE DE DEPARTAMENTO AD-1;; CARGO COMISSION.S/VINCULO;10264,93;;10264,93;2073,74;8191,19;
JOSE ITAMAR DE SOUTO;CONS.EST.REG.CONT.SERV.PUB.CON;MEMBRO DE CONSELHO;; CONSELHO;1000,00;;1000,00;;1000,00;
JOSE MENEZES PINHEIRO;CONS.EST.REG.CONT.SERV.PUB.CON;MEMBRO DE CONSELHO;; CONSELHO;1000,00;;1000,00;;1000,00;
JOSE SELVIO TEIXEIRA PICANCO;DIRETORIA TEC.CONC.REG.QUALID.;CHEFE DE DEPARTAMENTO AD-1;CHEFE DE DEPTO. AD-1; CARGO COMISSION.S/VINCULO;6429,77;;6429,77;901,09;5528,68;
JOSE SOUZA BRAGA;DEPARTAMENTO DE FISCALIZACAO;GERENTE AD-2;GERENTE AD-2; CARGO COMISSION.S/VINCULO;5409,79;;5409,79;670,28;4739,51;
JUAREZ NOGUEIRA COTA DA COSTA;DIRETORIA TEC.CONC.REG.QUALID.;SUB-TENENTE;; ESTATUTARIO;6200,00;;6200,00;275,58;5924,42;
JULIO CEZAR PRADO;DEPARTAMENTO DE FISCALIZACAO;ASSISTENTE TECNICO 3A CLASSE;; ESTATUTARIO;4982,79;;4982,79;298,97;4683,82;
LEILA MOTA LEMOS DA COSTA;DIRETORIA TEC.CONC.REG.QUALID.;GERENTE AD-2;GERENTE AD-2; CARGO COMISSION.S/VINCULO;5409,79;;5409,79;613,40;4796,39;
LIZ SANER BARROS SENA;DEPARTAMENTO DE LOGISTICA;A.TEC-I;ASSIST. TECNICO I; ESTATUTARIO;4901,57;;4901,57;345,74;4555,83;
LIZELANNE GUIMARAES PINHEIRO ROCHA;GABINETE DO DIRETOR PRESIDENTE;ASSESSOR I AD-1;ASSESSOR I AD-1; CARGO COMISSION.S/VINCULO;6429,77;;6429,77;986,40;5443,37;
LUCIANNE DE ALENCAR CASTRO;DIRETORIA TEC.CONC.REG.QUALID.;ASSESSOR I AD-1;; CARGO COMISSION.S/VINCULO;6429,77;;6429,77;986,40;5443,37;
MANOEL SOUSA;DEPARTAMENTO DE FISCALIZACAO;GERENTE AD-2;GERENTE AD-2; CARGO COMISSION.S/VINCULO;5409,79;;5409,79;641,84;4767,95;
MARIA ANTONIA RODRIGUES CASTELO;DEPARTAMENTO DE ADMINISTRACAO;A.TEC-I;; ESTATUTARIO;6240,92;;6240,92;647,15;5593,77;
MARIA DIVINA VARGAS DE LIMA;DEPARTAMENTO DE ADMINISTRACAO;ASSESSOR I AD-1;ASSESSOR I AD 1; CARGO COMISSION.S/VINCULO;6429,77;;6429,77;986,40;5443,37;
MARIA MISTE RIBEIRO SILVA;DEPARTAMENTO DE REC.HUMANOS;A.TEC-I;; ESTATUTARIO;6326,08;;6326,08;526,33;5799,75;
MARIA RAIMUNDA SALES DE SOUZA;DEPARTAMENTO DE LOGISTICA;AUXILIAR DE SERVICOS GERAIS;; C.L.T.;2780,00;;2780,00;126,40;2653,60;
MARIZA DIAS LAVAREDA;GABINETE DO DIRETOR PRESIDENTE;GERENTE AD-2;; CARGO COMISSION.S/VINCULO;5409,79;;5409,79;613,40;4796,39;
MEIRIJANE CARVALHO DE FARIAS;GABINETE DO DIRETOR PRESIDENTE;CHEFE DE GABINETE AD-1;; CARGO COMISSION.S/VINCULO;6429,77;;6429,77;943,74;5486,03;
MIGUEL DE HOLANDA VITAL;ASSESSORIA;ASSESSOR I AD-1;; CARGO COMISSION.S/VINCULO;6429,77;;6429,77;986,40;5443,37;
NADIA MARIA DE SOUZA SARAIVA;DIRETORIA TEC.CONC.REG.QUALID.;ASSESSOR I AD-1;ASSESSOR I AD 1; CARGO COMISSION.S/VINCULO;6429,77;;6429,77;986,40;5443,37;
NORMANDO LOPES DE OLIVEIRA;DIRETORIA TEC.CONC.REG.QUALID.;ASSESSOR I AD-1;ASSESSOR I AD 1; CARGO COMISSION.S/VINCULO;6429,77;;6429,77;858,43;5571,34;
OZIEL OLIVEIRA MINEIRO;DIRETORIA TEC.CONC.REG.QUALID.;AUXILIAR TECNICO;; ESTATUTARIO;5993,36;;5993,36;473,65;5519,71;
RAFAEL REBELO AFFONSO;DEPARTAMENTO DE INFORMATICA;AUX.ADM-III;; ESTATUTARIO;6882,44;;6882,44;690,41;6192,03;
RAFAEL SANTOS OLIVEIRA;DEPARTAMENTO DE FINANCAS;ASSISTENTE TECNICO 1A CLASSE;; ESTATUTARIO;5031,88;;5031,88;259,03;4772,85;
RAFAELA DA SILVA GOMES;ASSESSORIA;ASSESSOR I AD-1;; CARGO COMISSION.S/VINCULO;6429,77;;6429,77;943,74;5486,03;
RANA KAROLINE DE SOUZA MAIA MAR;DEPTO.DE REGUL.DA QUALIDADE;ASSESSOR II AD-2;; CARGO COMISSION.S/VINCULO;5409,79;;5409,79;670,28;4739,51;
RENATA MENDES REIS;CONS.EST.REG.CONT.SERV.PUB.CON;MEMBRO DE CONSELHO;; CONSELHO;1000,00;;1000,00;;1000,00;
RICARDO HENRIQUE GOMES LIMA;DIRETORIA TEC.CONC.REG.QUALID.;ASSESSOR I AD-1;ASSESSOR AD1; CARGO COMISSION.S/VINCULO;6429,77;;6429,77;901,09;5528,68;
ROOSEVELT DA SILVA LIMA;DEPARTAMENTO DE FINANCAS;CHEFE DE DEPARTAMENTO AD-1;CHEFE DE DEPTO. AD-1; CARGO COMISSION.S/VINCULO;3137,86;;3137,86;111,56;3026,30;
ROOSEVELT MACHADO DIAS DE SOUZA;DIRETORIA TEC.CONC.REG.QUALID.;ASSESSOR II AD-2;; CARGO COMISSION.S/VINCULO;5409,79;;5409,79;641,84;4767,95;
SABRINA PEDROZA CHAVES;DEPTO.DE REGUL.DA QUALIDADE;ASSESSOR II AD-2;; CARGO COMISSION.S/VINCULO;5409,79;;5409,79;613,40;4796,39;
SISSY VASCONCELOS CORREA L SANTOS;DIRETORIA TEC.CONC.REG.QUALID.;DIRETOR TEC.DE CONCES.REG.QUALIDADE;DIR TEC DE CONC REG; CARGO COMISSION.S/VINCULO;10200,00;;10200,00;2055,89;8144,11;
SUZY LIMA TAVARES;DIRETORIA TEC.CONC.REG.QUALID.;CHEFE DE DEPARTAMENTO AD-1;CHEFE DE DPTO AD 1; CARGO COMISSION.S/VINCULO;6429,77;;6429,77;986,40;5443,37;
TATYANA ANDRADE DA COSTA;GABINETE DO DIRETOR PRESIDENTE;GERENTE AD-2;; CARGO COMISSION.S/VINCULO;6513,05;;6513,05;1069,73;5443,32;
THAIS DA COSTA BATISTA MENDES;DIR.DE PROCDIMEN.E LOGISTICA;ASSESSOR II AD-2;; CARGO COMISSION.S/VINCULO;5409,79;;5409,79;670,28;4739,51;
VANDERRUBEN REIS DA COSTA;DEPARTAMENTO DE FISCALIZACAO;ASSESSOR I AD-1;; CARGO COMISSION.S/VINCULO;6429,77;;6429,77;986,40;5443,37;
VERA LUCIA DE SA CARREIRA;DEPARTAMENTO DE LOGISTICA;ASSISTENTE TECNICO ADMINISTRATIVO A;; ESTATUTARIO;4945,46;;4945,46;334,89;4610,57;
VERA NILDE LIMA DA SILVA;GABINETE DO DIRETOR PRESIDENTE;CHEFE DE DEPARTAMENTO AD-1;CHEFE DE DEPTO. AD-1; CARGO COMISSION.S/VINCULO;6429,77;;6429,77;943,74;5486,03;
WALDECY DE SOUZA GONCALVES;DEPARTAMENTO DE ADMINISTRACAO;A.TEC-I;; ESTATUTARIO;6193,72;;6193,72;538,36;5655,36;
WALTER RODRIGUES DA CRUZ JUNIOR;CONS.EST.REG.CONT.SERV.PUB.CON;PRESIDENTE DO CONSELHO;; CONSELHO;2000,00;299,80;1700,20;;1700,20;
WALTER RODRIGUES DA CRUZ JUNIOR;DIRETORIA ADM.FINANCEIRA;CORONEL;DIRETOR PRESIDENTE; ESTATUTARIO;11100,00;1483,97;9616,03;1340,77;8275,26;
WILLIAN DE SOUZA NUNES;DEPARTAMENTO DE FISCALIZACAO;GERENTE AD-2;GERENTE AD2; CARGO COMISSION.S/VINCULO;5409,79;;5409,79;670,28;4739,51;
