NOME;LOTACAO;CARGO;FUNCAO;VINCULO;REMUNERACAO LEGAL TOTAL(R$);DESC.TETO(R$); REMUNERACAO LEGAL DEVIDA(R$);DESCONTOS LEGAIS(R$);LIQUIDO DISPONIVEL(R$);
ADILSON VITORINO DE SOUZA;DEPARTAMENTO DE FISCALIZACAO;GERENTE;GERENTE AD-2; CARGO COMISSION.S/VINCULO;6213,05;;6213,05;1121,87;5091,18;
ADIMAR DE MELO CARNEIRO;DEPARTAMENTO DE ADMINISTRACAO;AGENTE ADMINISTRATIVO;CHEF DE DEPARTAMENTO; ESTATUTARIO;6533,37;;6533,37;830,76;5702,61;
ALBERTO CARVALHO DE LIMA;CONS.EST.REG.CONT.SERV.PUB.CON;MEMBRO DE CONSELHO;; CONSELHO;1000,00;;1000,00;;1000,00;
ALMINO SIDNEY MATOS CASTELO BRANCO;DIRETORIA TEC.CONC.REG.QUALID.;ASSESSOR II;; CARGO COMISSION.S/VINCULO;4809,79;;4809,79;670,28;4139,51;
AMALIZA EVANGELISTA DA COSTA;DIRETORIA ADM.FINANCEIRA;GERENTE;GERENTE AD-2; CARGO COMISSION.S/VINCULO;4809,79;;4809,79;670,28;4139,51;
AMANDA ALINE SILVA VASCONCELOS;DEPARTAMENTO DE REC.HUMANOS;ASSESSOR II;; CARGO COMISSION.S/VINCULO;4809,79;;4809,79;670,28;4139,51;
AMANDA DOS SANTOS SERRAO;DEPTO.DE REGUL.DA QUALIDADE;GERENTE;; CARGO COMISSION.S/VINCULO;4809,79;;4809,79;670,28;4139,51;
ANA PAULA MACEDO DE LACERDA;DIRETORIA TEC.CONC.REG.QUALID.;CHEFE DE DEPARTAMENTO;; CARGO COMISSION.S/VINCULO;5829,77;;5829,77;986,40;4843,37;
ANDRE SILVA DA FROTA;CONS.EST.REG.CONT.SERV.PUB.CON;MEMBRO DE CONSELHO;; CONSELHO;1000,00;;1000,00;;1000,00;
BENEDITA MARIA FILGUEIRA CARVALHO;CONS.EST.REG.CONT.SERV.PUB.CON;PROFESSOR PF20.LPL-IV;SEC.DE CONSELHO; ESTATUTARIO;7686,95;;7686,95;1141,71;6545,24;
CARLA MORAES CASTELLO BRANCO;GABINETE DO DIRETOR PRESIDENTE;ASSESSOR I;; CARGO COMISSION.S/VINCULO;5829,77;;5829,77;986,40;4843,37;
CASSIA CIRHAME AZEVEDO DE ARAUJO;GABINETE DO DIRETOR PRESIDENTE;GERENTE;; CARGO COMISSION.S/VINCULO;4809,79;;4809,79;670,28;4139,51;
CLEIDIANE BATISTA MENEZES;DEPARTAMENTO DE REC.HUMANOS;ASSESSOR I;ASSESSOR I AD 1; CARGO COMISSION.S/VINCULO;5829,77;;5829,77;943,74;4886,03;
CLICIA COELHO HOLANDA;DEPARTAMENTO DE FINANCAS;GERENTE;GERENTE AD-2; CARGO COMISSION.S/VINCULO;4809,79;;4809,79;641,84;4167,95;
CRISTIANE MARTINS ARAUJO;DIRETORIA ADM.FINANCEIRA;GERENTE;; CARGO COMISSION.S/VINCULO;4809,79;;4809,79;613,40;4196,39;
DANIEL DA SILVA ANTUNES;DIRETORIA TEC.CONC.REG.QUALID.;AUXILIAR TECNICO;; ESTATUTARIO;3595,02;;3595,02;;3595,02;
DENIS DE LIMA OLIVEIRA;DEPTO.DE REGUL.DA QUALIDADE;ASSESSOR II;; CARGO COMISSION.S/VINCULO;4809,79;;4809,79;670,28;4139,51;
DILSONEY CHAPIAMA DA SILVA;GABINETE DO DIRETOR PRESIDENTE;ASSESSOR I;; CARGO COMISSION.S/VINCULO;5829,77;;5829,77;986,40;4843,37;
DOMINGOS SAVIO DE SOUZA;DIRETORIA ADM.FINANCEIRA;CORONEL;DIRETOR ADM-FINANC.; ESTATUTARIO;8861,54;411,19;8450,35;1093,82;7356,53;
ERICK EDELMAN DOS SANTOS;DIRETORIA TEC.CONC.REG.QUALID.;TECNICO DE NIVEL MEDIO;TEC NIVEL SUPERIOR; C.L.T.;4036,00;;4036,00;441,29;3594,71;
FABIO JR ARAUJO CABRAL;DIRETORIA TEC.CONC.REG.QUALID.;GERENTE;; CARGO COMISSION.S/VINCULO;4809,79;;4809,79;670,28;4139,51;
FATIMA MARIA GAVINHO FROTA;DIRETORIA TEC.CONC.REG.QUALID.;ASSESSOR I;ASSESSOR I AD 1; CARGO COMISSION.S/VINCULO;5829,77;;5829,77;986,40;4843,37;
FRANCISCO DA SILVA MARCOLINO;DIRETORIA TEC.CONC.REG.QUALID.;GERENTE;; CARGO COMISSION.S/VINCULO;4809,79;;4809,79;670,28;4139,51;
FRANCISCO DE ASSIS DE O MARQUES;DEPARTAMENTO DE FISCALIZACAO;FISCAL RODOVIARIO;; ESTATUTARIO;4177,54;;4177,54;222,76;3954,78;
GIOCONDA BERENICE DE ALMEIDA CORREA;DEPTO.DE REGUL.DA QUALIDADE;GERENTE;; CARGO COMISSION.S/VINCULO;4809,79;;4809,79;670,28;4139,51;
GUSTAVO HENRIQUE SOUZA NUNES;DEPTO.DE REGUL.DA QUALIDADE;GERENTE;; CARGO COMISSION.S/VINCULO;4809,79;;4809,79;670,28;4139,51;
HERMANN SAUNDRS FERNANDES;ASSESSORIA;ASSESSOR I;; CARGO COMISSION.S/VINCULO;5829,77;;5829,77;986,40;4843,37;
IVANETE RIBEIRO GAMA;DEPARTAMENTO DE ADMINISTRACAO;AUXILIAR DE SERVICOS GERAIS;; C.L.T.;2180,00;;2180,00;126,40;2053,60;
JÉSSICA OLIVEIRA AQUINO DE SOUSA;PROCURADORIA;ASSESSOR I;; CARGO COMISSION.S/VINCULO;5829,77;;5829,77;986,40;4843,37;
JORDAN DE ARAUJO FARIAS;DEPARTAMENTO DE ADMINISTRACAO;ASSESSOR II;ASSESSOR AD2; CARGO COMISSION.S/VINCULO;4809,79;;4809,79;670,28;4139,51;
JORGE GARCIA CARESTO;DIRETORIA TEC.CONC.REG.QUALID.;CHEFE DE DEPARTAMENTO;CHEFE DE DEPTO. AD-1; CARGO COMISSION.S/VINCULO;5829,77;;5829,77;986,40;4843,37;
JOSÉ APARECIDO DA SILVA;DEPARTAMENTO DE INFORMATICA;GERENTE;; CARGO COMISSION.S/VINCULO;4809,79;;4809,79;670,28;4139,51;
JOSE DOMINGOS DOS PRAZERES MENDONCA;DIRETORIA ADM.FINANCEIRA;CHEFE DE DEPARTAMENTO;; CARGO COMISSION.S/VINCULO;5829,77;;5829,77;986,40;4843,37;
JOSE MENEZES PINHEIRO;CONS.EST.REG.CONT.SERV.PUB.CON;MEMBRO DE CONSELHO;; CONSELHO;1000,00;;1000,00;;1000,00;
JOSE SELVIO TEIXEIRA PICANCO;DIRETORIA TEC.CONC.REG.QUALID.;CHEFE DE DEPARTAMENTO;CHEFE DE DEPTO. AD-1; CARGO COMISSION.S/VINCULO;5829,77;;5829,77;901,09;4928,68;
JUAREZ NOGUEIRA COTA DA COSTA;DIRETORIA TEC.CONC.REG.QUALID.;TENENTE 2;ASSESSIR I; ESTATUTARIO;11373,32;;11373,32;582,29;10791,03;
JULIO CEZAR PRADO;DEPARTAMENTO DE FISCALIZACAO;ASSISTENTE TECNICO 3A CLASSE;; ESTATUTARIO;4382,79;;4382,79;298,97;4083,82;
LEILA MOTA LEMOS DA COSTA;DIRETORIA TEC.CONC.REG.QUALID.;GERENTE;GERENTE AD-2; CARGO COMISSION.S/VINCULO;4809,79;;4809,79;613,40;4196,39;
LIZ SANER BARROS SENA;DEPARTAMENTO DE LOGISTICA;A.TEC-I;ASSIST. TECNICO I; ESTATUTARIO;4301,57;;4301,57;345,74;3955,83;
LIZELANNE GUIMARAES PINHEIRO ROCHA;GABINETE DO DIRETOR PRESIDENTE;ASSESSOR I;ASSESSOR I AD-1; CARGO COMISSION.S/VINCULO;5829,77;;5829,77;986,40;4843,37;
LUCIANNE DE ALENCAR CASTRO;DIRETORIA TEC.CONC.REG.QUALID.;ASSESSOR I;; CARGO COMISSION.S/VINCULO;5829,77;;5829,77;986,40;4843,37;
MANOEL SOUSA;DEPARTAMENTO DE FISCALIZACAO;GERENTE;GERENTE AD-2; CARGO COMISSION.S/VINCULO;6213,05;;6213,05;1069,73;5143,32;
MARIA ANTONIA RODRIGUES CASTELO;DEPARTAMENTO DE ADMINISTRACAO;A.TEC-I;; ESTATUTARIO;4380,69;;4380,69;365,01;4015,68;
MARIA DA GLORIA BEZERRA ALBUQUERQUE;CONS.EST.REG.CONT.SERV.PUB.CON;MEMBRO DE CONSELHO SUPLENTE;; CONSELHO;1000,00;;1000,00;;1000,00;
MARIA DIVINA VARGAS DE LIMA;DEPARTAMENTO DE ADMINISTRACAO;ASSESSOR I;ASSESSOR I AD 1; CARGO COMISSION.S/VINCULO;5829,77;;5829,77;986,40;4843,37;
MARIA MISTE RIBEIRO SILVA;DEPARTAMENTO DE REC.HUMANOS;A.TEC-I;; ESTATUTARIO;4532,08;;4532,08;300,03;4232,05;
MARIA RAIMUNDA SALES DE SOUZA;DEPARTAMENTO DE LOGISTICA;AUXILIAR DE SERVICOS GERAIS;; C.L.T.;2180,00;;2180,00;126,40;2053,60;
MARIZA DIAS LAVAREDA;GABINETE DO DIRETOR PRESIDENTE;GERENTE;; CARGO COMISSION.S/VINCULO;4809,79;;4809,79;613,40;4196,39;
MEIRIJANE CARVALHO DE FARIAS;GABINETE DO DIRETOR PRESIDENTE;CHEFE DE GABINETE;; CARGO COMISSION.S/VINCULO;5829,77;;5829,77;943,74;4886,03;
MIGUEL DE HOLANDA VITAL;ASSESSORIA;ASSESSOR I;; CARGO COMISSION.S/VINCULO;5829,77;;5829,77;986,40;4843,37;
MIRIA DANIELLA DALLAS DIAS SAID;ASSESSORIA;CHEFE DE DEPARTAMENTO;; CARGO COMISSION.S/VINCULO;5829,77;;5829,77;986,40;4843,37;
NADIA MARIA DE SOUZA SARAIVA;DIRETORIA TEC.CONC.REG.QUALID.;ASSESSOR I;ASSESSOR I AD 1; CARGO COMISSION.S/VINCULO;5829,77;;5829,77;986,40;4843,37;
NORMANDO LOPES DE OLIVEIRA;DIRETORIA TEC.CONC.REG.QUALID.;ASSESSOR I;ASSESSOR I AD 1; CARGO COMISSION.S/VINCULO;5829,77;;5829,77;858,43;4971,34;
OZIEL OLIVEIRA MINEIRO;DIRETORIA TEC.CONC.REG.QUALID.;AUXILIAR TECNICO;CHEFE DE DEPARTAMENT; ESTATUTARIO;10055,54;;10055,54;727,38;9328,16;
RAFAEL REBELO AFFONSO;DEPARTAMENTO DE INFORMATICA;AUX.ADM-III;; ESTATUTARIO;6282,44;;6282,44;690,41;5592,03;
RAFAEL SANTOS OLIVEIRA;DEPARTAMENTO DE FINANCAS;ASSISTENTE TECNICO 1A CLASSE;; ESTATUTARIO;4431,88;;4431,88;259,03;4172,85;
RAFAELA DA SILVA GOMES;ASSESSORIA;ASSESSOR I;; CARGO COMISSION.S/VINCULO;5829,77;;5829,77;943,74;4886,03;
RICARDO HENRIQUE GOMES LIMA;DIRETORIA TEC.CONC.REG.QUALID.;ASSESSOR I;ASSESSOR AD1; CARGO COMISSION.S/VINCULO;5829,77;;5829,77;901,09;4928,68;
RODRIGO BEZERRA SIMOES;DIRETORIA TEC.CONC.REG.QUALID.;GERENTE;; CARGO COMISSION.S/VINCULO;8336,83;;8336,83;1587,52;6749,31;
ROOSEVELT MACHADO DIAS DE SOUZA;DIRETORIA TEC.CONC.REG.QUALID.;ASSESSOR II;; CARGO COMISSION.S/VINCULO;4809,79;;4809,79;641,84;4167,95;
SABRINA PEDROZA CHAVES;DEPTO.DE REGUL.DA QUALIDADE;ASSESSOR II;; CARGO COMISSION.S/VINCULO;4809,79;;4809,79;613,40;4196,39;
SILVIA GOMES CARMIM;DEPARTAMENTO DE FINANCAS;CHEFE DE DEPARTAMENTO;; CARGO COMISSION.S/VINCULO;10104,81;;10104,81;2073,71;8031,10;
SISSY VASCONCELOS CORREA L SANTOS;DIRETORIA TEC.CONC.REG.QUALID.;DIRETOR TEC.DE CONCES.REG.QUALIDADE;DIR TEC DE CONC REG; CARGO COMISSION.S/VINCULO;9600,00;;9600,00;2055,89;7544,11;
THAIS DA COSTA BATISTA MENDES;DIR.DE PROCDIMEN.E LOGISTICA;ASSESSOR II;; CARGO COMISSION.S/VINCULO;4809,79;;4809,79;670,28;4139,51;
VANDERRUBEN REIS DA COSTA;DEPARTAMENTO DE FISCALIZACAO;ASSESSOR I;; CARGO COMISSION.S/VINCULO;5829,77;;5829,77;986,40;4843,37;
VERA LUCIA DE SA CARREIRA;DEPARTAMENTO DE LOGISTICA;ASSISTENTE TECNICO ADMINISTRATIVO A;; ESTATUTARIO;4345,46;;4345,46;334,89;4010,57;
WALDECY DE SOUZA GONCALVES;DEPARTAMENTO DE ADMINISTRACAO;A.TEC-I;; ESTATUTARIO;4345,29;;4345,29;299,51;4045,78;
WALTER RODRIGUES DA CRUZ JUNIOR;DIRETORIA ADM.FINANCEIRA;CORONEL;DIRETOR PRESIDENTE; ESTATUTARIO;10658,78;1483,97;9174,81;1397,10;7777,71;
WALTER RODRIGUES DA CRUZ JUNIOR;CONS.EST.REG.CONT.SERV.PUB.CON;PRESIDENTE DO CONSELHO;; CONSELHO;2031,78;299,80;1731,98;;1731,98;
WILLIAN DE SOUZA NUNES;DEPARTAMENTO DE FISCALIZACAO;GERENTE;GERENTE AD2; CARGO COMISSION.S/VINCULO;4809,79;;4809,79;670,28;4139,51;
