NOME;LOTACAO;CARGO;FUNCAO;VINCULO;REMUNERACAO LEGAL TOTAL(R$);DESC.TETO(R$); REMUNERACAO LEGAL DEVIDA(R$);DESCONTOS LEGAIS(R$);LIQUIDO DISPONIVEL(R$);
ADEILDO COSTA FARIAS;DIOPE-DIVISAO OPERACIONAL;AGENTE AQUAVIARIO IV;; ESTATUTARIO;1486,20;;1486,20;152,07;1334,13;
ADONIS BRASIL;ITACOATIARA;AGENTE PORTUARIO II;AG.PORTUARIO II; ESTATUTARIO;1349,42;;1349,42;148,44;1200,98;
AFRANIO SANTOS DA SILVA;DIOPE-DIVISAO OPERACIONAL;AGENTE AQUAVIARIO III;; ESTATUTARIO;3057,11;;3057,11;219,00;2838,11;
ALDEMIR LIMA DE SOUSA;DIOPE-DIVISAO OPERACIONAL;AGENTE AQUAVIARIO II;; ESTATUTARIO;2554,96;;2554,96;278,73;2276,23;
ALDER JOSE SIMOES DE ALBUQUERQUE;ASPRE-ASSESSOR.DA PRESIDENCIA;AGENTE PORTUARIO III;; ESTATUTARIO;1624,62;;1624,62;98,96;1525,66;
ANTONIO CARLOS VASCONCELOS DA COSTA;PROCURADORIA JURIDICA;AGENTE AQUAVIARIO III;; ESTATUTARIO;3057,11;;3057,11;258,68;2798,43;
BASILEU FERREIRA DA SILVA;DIOPE-DIVISAO OPERACIONAL;AGENTE AQUAVIARIO IV;; ESTATUTARIO;1486,20;;1486,20;152,07;1334,13;
BREYTNER PEREIRA TELLES;TABATINGA;AGENTE PORTUARIO III;AGENTE PORT III; ESTATUTARIO;954,00;;954,00;104,94;849,06;
CARLOS FABIO SOUZA DE JESUS;DIOPE-DIVISAO OPERACIONAL;AGENTE AQUAVIARIO IV;; ESTATUTARIO;2436,20;;2436,20;152,07;2284,13;
CARLOS FERNANDO SAMPAIO DE OLIVEIRA;ASPRE-ASSESSOR.DA PRESIDENCIA;AGENTE PORTUARIO II;AGENTE PORTUARIO II; ESTATUTARIO;4155,42;;4155,42;301,35;3854,07;
CARLOS JORGE SOZINHO FAUSTO;DIOPE-DIVISAO OPERACIONAL;AGENTE AQUAVIARIO IV;AGENTE AQUAVIARIO IV; ESTATUTARIO;4466,37;;4466,37;236,33;4230,04;
CELIO DA SILVA LIMA;DIOPE-DIVISAO OPERACIONAL;AGENTE AQUAVIARIO III;; ESTATUTARIO;2107,11;;2107,11;195,82;1911,29;
CLENILDO FREITAS DE FIGUEIREDO;DIOPE-DIVISAO OPERACIONAL;AGENTE AQUAVIARIO IV;; ESTATUTARIO;1486,20;;1486,20;152,07;1334,13;
CLESON PAES ARAUJO;DIOPE-DIVISAO OPERACIONAL;AGENTE PORTUARIO III;AG PORTUARIO III; ESTATUTARIO;3705,62;;3705,62;228,28;3477,34;
DALMIRO IMBIRIBA CORREA;DIOPE-DIVISAO OPERACIONAL;AGENTE AQUAVIARIO III;AG AQUAVIARIO III; ESTATUTARIO;2107,11;;2107,11;219,00;1888,11;
DELSON WAUGHAN DE SOUSA;DIOPE-DIVISAO OPERACIONAL;AGENTE AQUAVIARIO III;AG AQUAVIRIO III; ESTATUTARIO;2107,11;;2107,11;219,00;1888,11;
DENILSON MACIEL RIBEIRO;COARI;AGENTE PORTUARIO III;AG.PORTUARIO III; ESTATUTARIO;954,00;;954,00;104,94;849,06;
EDSON COELHO PERES;DIOPE-DIVISAO OPERACIONAL;AGENTE AQUAVIARIO IV;AG.AQUAVIARIO IV; ESTATUTARIO;2211,20;;2211,20;152,07;2059,13;
EDSON SILVA SOUZA;ASPRE-ASSESSOR.DA PRESIDENCIA;AGENTE AQUAVIARIO IV;AG AQUAVIARIO IV; ESTATUTARIO;1486,20;;1486,20;152,07;1334,13;
ELI CARLOS BORGES DE OLIVEIRA;TABATINGA;AGENTE PORTUARIO III;AG.PORTUARIO III; ESTATUTARIO;954,00;;954,00;104,94;849,06;
ELISEU BARBOSA MACIEL;ASCOF-ASS.DE CONTAB.E FINANCAS;AGENTE PORTUARIO III;AG PORTUARIO III; ESTATUTARIO;2709,62;;2709,62;151,96;2557,66;
ELSON LIMA PACHECO;DIOPE-DIVISAO OPERACIONAL;AGENTE AQUAVIARIO IV;; ESTATUTARIO;1486,20;;1486,20;152,07;1334,13;
EMMANUEL ADONES DAS N NASCIMENTO;DIOPE-DIVISAO OPERACIONAL;AGENTE AQUAVIARIO IV;; ESTATUTARIO;2436,20;;2436,20;167,89;2268,31;
ERIANE DE OLIVEIRA NASCIMENTO;DIPAL-DIV.PATRIM.ALMOXARIFADO;AGENTE PORTUARIO II;AGENTE PORT II; ESTATUTARIO;4155,42;;4155,42;413,88;3741,54;
ERIVAN CRUZ DE ASSUNCAO;DIOPE-DIVISAO OPERACIONAL;AGENTE AQUAVIARIO IV;; ESTATUTARIO;1486,20;;1486,20;152,07;1334,13;
EUZEBIO DA SILVEIRA BRANDAO;ASADM-ASSESSORIA ADMINISTRACAO;AGENTE PORTUARIO III;AGENTE PORTUARIO III; ESTATUTARIO;2709,62;;2709,62;137,74;2571,88;
FABIOLA DA SILVA ROTHEN;ASADM-ASSESSORIA ADMINISTRACAO;AGENTE PORTUARIO II;AGENTE PORTUARIO II; ESTATUTARIO;4155,42;;4155,42;413,88;3741,54;
FERNANDO DE SOUZA ANDRADE;DIOPE-DIVISAO OPERACIONAL;MARINHEIRO FLUVIAL DE CONVES;; ESTATUTARIO;1872,88;;1872,88;171,26;1701,62;
FRANCISCO ASSIS SANTOS SOARES;PRESI - PRESIDENCIA;DIRETOR PRESIDENTE;; CARGO COMISSION.S/VINCULO;11700,00;;11700,00;2798,39;8901,61;
FRANCISCO CARLOS MARTINS RIBEIRO;DEAFI-DEPTO.DE ADM.E FINANCAS;AGENTE PORTUARIO III;; ESTATUTARIO;2709,62;;2709,62;98,96;2610,66;
FRANCISCO OSCAR OLIVEIRA DA SILVA;ASPRE-ASSESSOR.DA PRESIDENCIA;AGENTE AQUAVIARIO II;; ESTATUTARIO;5360,96;;5360,96;680,62;4680,34;
FRANSOAISE TORRES LIMA;ASADM-ASSESSORIA ADMINISTRACAO;AGENTE PORTUARIO III;AG.PORTUARIO III; ESTATUTARIO;4140,83;;4140,83;372,25;3768,58;
GENIVAL DOS SANTOS BRASIL;DIOPE-DIVISAO OPERACIONAL;AGENTE AQUAVIARIO IV;AG AQUAVIARIO IV; ESTATUTARIO;1486,20;;1486,20;152,07;1334,13;
GERALDO DA COSTA SOUZA;PESSOAL PROCESSO APOSENTADORIA;AGENTE AQUAVIARIO III;AG AQUAVIARIO III; ESTATUTARIO;2107,11;;2107,11;219,00;1888,11;
GILBERTO MENDES DE LIMA;DIOPE-DIVISAO OPERACIONAL;AGENTE AQUAVIARIO IV;AG AQUAVIARIO IV; ESTATUTARIO;2436,20;;2436,20;152,07;2284,13;
GILDETH PIRES DIAS PRADO;PARINTINS;AGENTE PORTUARIO II;AG.PORTUARIO II; ESTATUTARIO;1349,42;;1349,42;148,44;1200,98;
GILSON DA COSTA AMARAL;DIOPE-DIVISAO OPERACIONAL;AGENTE AQUAVIARIO IV;AG AQUAVIARIO IV; ESTATUTARIO;2436,20;;2436,20;167,89;2268,31;
GLEICY LIRA FERREIRA;PROCURADORIA JURIDICA;AGENTE PORTUARIO II;AGENTE PORTUARIO II; ESTATUTARIO;1349,42;;1349,42;148,44;1200,98;
HELCIO OLIVEIRA DE LIMA;DIOPE-DIVISAO OPERACIONAL;AGENTE PORTUARIO II;AG PORTUARIO II; ESTATUTARIO;2299,42;;2299,42;148,44;2150,98;
HELIOMARA ANDRADE SOARES;ITACOATIARA;AGENTE PORTUARIO III;AG.PORTUARIO III; ESTATUTARIO;954,00;;954,00;104,94;849,06;
HENRIQUE DA SILVA CABRAL;PARINTINS;AGENTE PORTUARIO III;AG.PORTUARIO III; ESTATUTARIO;954,00;;954,00;104,94;849,06;
HENRY CHALLU PINHEIRO MOTA;ASADM-ASSESSORIA ADMINISTRACAO;AGENTE PORTUARIO III;AG.PORTUARIO III; ESTATUTARIO;3105,62;;3105,62;153,22;2952,40;
HINDEMBURGO OLIVEIRA E SILVA FILHO;DIOPE-DIVISAO OPERACIONAL;MOTORISTA FLUVIAL;; ESTATUTARIO;4357,27;;4357,27;388,20;3969,07;
IVAN MATIAS LIMA;DIOPE-DIVISAO OPERACIONAL;AGENTE PORTUARIO II;; ESTATUTARIO;4155,42;;4155,42;337,81;3817,61;
JACKSON CARLOS BARROSO BELCHIOR;DEAFI-DEPTO.DE ADM.E FINANCAS;AGENTE PORTUARIO I;AGENTE PORTUARIO I; ESTATUTARIO;5279,94;;5279,94;677,44;4602,50;
JAIME MONTEFUSCO DA SILVA;DIOPE-DIVISAO OPERACIONAL;AGENTE AQUAVIARIO III;; ESTATUTARIO;2107,11;;2107,11;219,00;1888,11;
JANDER DE OLIVEIRA REIS;PARINTINS;AGENTE PORTUARIO II;AG.PORTUARIO II; ESTATUTARIO;1349,42;;1349,42;148,44;1200,98;
JOAO BATISTA DO NASCIMENTO PLACIDO;DIOPE-DIVISAO OPERACIONAL;MARINHEIRO FLUVIAL DE MAQUINA;; ESTATUTARIO;2705,03;;2705,03;185,67;2519,36;
JOAO CARLOS FERNANDES;DIOPE-DIVISAO OPERACIONAL;AGENTE AQUAVIARIO IV;; ESTATUTARIO;1486,20;;1486,20;152,07;1334,13;
JOSE ADILSON FALCAO SARAIVA;DIOPE-DIVISAO OPERACIONAL;AGENTE AQUAVIARIO IV;AGENTE AQUAVIARIO IV; ESTATUTARIO;2436,20;;2436,20;152,07;2284,13;
JOSE ALTAMIR BARROSO CORDEIRO;DIRETORIA ADMNINST-FINANCEIRO;DIRETOR ADMINISTRATIVO E FINANCEIRO;; CARGO COMISSION.S/VINCULO;9000,00;;9000,00;2055,89;6944,11;
JOSE ALVES CAVALCANTE FILHO;DIPAL-DIV.PATRIM.ALMOXARIFADO;AGENTE PORTUARIO III;; ESTATUTARIO;2709,62;;2709,62;137,74;2571,88;
JOSE BENEDITO MAIA PRIMO;DIOPE-DIVISAO OPERACIONAL;AGENTE AQUAVIARIO IV;AG AQUAVIAIRO IV; ESTATUTARIO;1971,20;;1971,20;152,07;1819,13;
JOSE DE CASTRO MOURA;DIOPE-DIVISAO OPERACIONAL;AGENTE AQUAVIARIO II;AG AQUAVIARIO II; ESTATUTARIO;2554,96;;2554,96;268,26;2286,70;
JUSCELINO DA COSTA SILVA;ASPRE-ASSESSOR.DA PRESIDENCIA;AGENTE PORTUARIO II;AGENTE PORTUARIO II; ESTATUTARIO;4155,42;;4155,42;309,37;3846,05;
MADSON LUIZ GOMES MARINHO;DIOPE-DIVISAO OPERACIONAL;AGENTE AQUAVIARIO IV;AG AQUAVIARIO IV; ESTATUTARIO;1971,20;;1971,20;152,07;1819,13;
MARCIA HITOTUZI HIRAMATSU;PROCURADORIA JURIDICA;AGENTE PORTUARIO I;AGENTE PORTUARIO I; ESTATUTARIO;5279,94;;5279,94;779,92;4500,02;
MARCIO NEY VIEIRA BRANDAO;COARI;AGENTE PORTUARIO II;AG.PORTUARIO II; ESTATUTARIO;1799,23;;1799,23;148,44;1650,79;
MARIA DE LOURDES ANDRADE MENDES;ASPRE-ASSESSOR.DA PRESIDENCIA;AGENTE PORTUARIO III;AG.PORTUARIO III; ESTATUTARIO;2044,62;;2044,62;98,96;1945,66;
MARTA ISABEL MONTEIRO DE SOUZA;PROCURADORIA JURIDICA;PROCURADOR CHEFE AD-1;; CARGO COMISSION.S/VINCULO;5229,77;;5229,77;986,40;4243,37;
MERIVAN SOUZA TAVARES;ASCOF-ASS.DE CONTAB.E FINANCAS;AGENTE ADM.-AGA-T.S.N.A.-E;ASSESSOR I AD-1; ESTATUTARIO;5636,16;;5636,16;803,23;4832,93;
MONIQUE SOARES DOS REIS;DEAFI-DEPTO.DE ADM.E FINANCAS;CHEFE DE DEPARTAMENTO;; CARGO COMISSION.S/VINCULO;5229,77;;5229,77;986,40;4243,37;
NIVALDO COSTA DE OLIVEIRA;DIOPE-DIVISAO OPERACIONAL;AGENTE AQUAVIARIO III;AG AQUAVIARIO III; ESTATUTARIO;3057,11;;3057,11;272,90;2784,21;
ORNEY BENTES BARROS;DIOPE-DIVISAO OPERACIONAL;AGENTE AQUAVIARIO IV;AG AQUAVIARIO IV; ESTATUTARIO;1971,20;;1971,20;152,07;1819,13;
OSEAS MENDONCA DOS SANTOS;DIOPE-DIVISAO OPERACIONAL;AGENTE AQUAVIARIO IV;AG AQUAVIARIO IV; ESTATUTARIO;1981,60;;1981,60;;1981,60;
PATRICK FRANCOIS RIBEIRO MOREIRA;DIOPE-DIVISAO OPERACIONAL;AGENTE AQUAVIARIO III;AG AQUAVIARIO III; ESTATUTARIO;3057,11;;3057,11;272,90;2784,21;
PAULO MOISES SANTOS DA SILVA;DIOPE-DIVISAO OPERACIONAL;AGENTE AQUAVIARIO III;AG AQUAVIARIO III; ESTATUTARIO;2107,11;;2107,11;219,00;1888,11;
PEDRO SANTOS DA SILVA;DIOPE-DIVISAO OPERACIONAL;COMANDANTE FLUVIAL;; ESTATUTARIO;2822,31;;2822,31;275,39;2546,92;
RACHEL MEIRELES MORAES;ASPRE-ASSESSOR.DA PRESIDENCIA;ASSESSOR I;; CARGO COMISSION.S/VINCULO;5229,77;;5229,77;986,40;4243,37;
RAIMUNDO ALDECY DE SOUZA;DIOPE-DIVISAO OPERACIONAL;MARINHEIRO FLUVIAL DE CONVES;; ESTATUTARIO;2868,88;;2868,88;208,74;2660,14;
RAIMUNDO CORREIA DA SILVA;DIOPE-DIVISAO OPERACIONAL;MARINHEIRO FLUVIAL DE CONVES;; ESTATUTARIO;2787,23;;2787,23;204,43;2582,80;
RAIMUNDO JAIRO DOS SANTOS ALVES;DIOPE-DIVISAO OPERACIONAL;AGENTE AQUAVIARIO IV;AGENTE AQUAVIARIO IV; ESTATUTARIO;2436,20;;2436,20;152,07;2284,13;
RAIMUNDO JOSE LUCENA BARROS;DIOPE-DIVISAO OPERACIONAL;AGENTE AQUAVIARIO II;AG AQUAVIARIO II; ESTATUTARIO;2554,96;;2554,96;268,26;2286,70;
RAIMUNDO MOTA PEDROSA;PESSOAL PROCESSO APOSENTADORIA;AGENTE AQUAVIARIO III;AG AQUAVIARIO III; ESTATUTARIO;2107,11;;2107,11;219,00;1888,11;
RAIMUNDO NAZARENO DE LIMA;DIOPE-DIVISAO OPERACIONAL;AGENTE AQUAVIARIO III;AG AQUAVIARIO III; ESTATUTARIO;2107,11;;2107,11;219,00;1888,11;
RAIMUNDO NONATO DE LIMA;ASPRE-ASSESSOR.DA PRESIDENCIA;AGENTE PORTUARIO III;AGENTE PORTUARIO III; ESTATUTARIO;3105,62;;3105,62;167,44;2938,18;
RAIMUNDO NONATO DE SOUZA;DIOPE-DIVISAO OPERACIONAL;MARINHEIRO FLUVIAL DE MAQUINA;; ESTATUTARIO;1764,14;;1764,14;159,29;1604,85;
RAIMUNDO TEIXEIRA FILHO;PARINTINS;AGENTE PORTUARIO III;AG.PORTUARIO III; ESTATUTARIO;1272,00;;1272,00;104,94;1167,06;
ROBERCI BENTES DE ARAUJO;DIOPE-DIVISAO OPERACIONAL;AGENTE AQUAVIARIO IV;AG AQUAVIARIO IV; ESTATUTARIO;1486,20;;1486,20;152,07;1334,13;
ROBERTO NONATO DA SILVA;DIOPE-DIVISAO OPERACIONAL;AGENTE AQUAVIARIO III;AG AQUAVIARIO III; ESTATUTARIO;2107,11;;2107,11;219,00;1888,11;
RUBENS DACIO FALCAO;TABATINGA;AGENTE PORTUARIO III;AG.PORTUARIO III; ESTATUTARIO;954,00;;954,00;104,94;849,06;
SEBASTIAO CESAR SOUSA DE SA;DIOPE-DIVISAO OPERACIONAL;AGENTE AQUAVIARIO II;; ESTATUTARIO;3504,96;;3504,96;362,49;3142,47;
SELEZIO SERGIO SARAYVA MATOS;DIOPE-DIVISAO OPERACIONAL;AGENTE AQUAVIARIO III;; ESTATUTARIO;2107,11;;2107,11;219,00;1888,11;
TACIANO SAMPAIO FILHO;DIOPE-DIVISAO OPERACIONAL;AGENTE AQUAVIARIO IV;; ESTATUTARIO;1486,20;;1486,20;152,07;1334,13;
THIAGO FARIAS SOUZA;ASADM-ASSESSORIA ADMINISTRACAO;AGENTE PORTUARIO III;; ESTATUTARIO;3105,62;;3105,62;195,16;2910,46;
VALDENI NOGUEIRA PEREIRA;DIOPE-DIVISAO OPERACIONAL;AGENTE AQUAVIARIO IV;; ESTATUTARIO;1486,20;;1486,20;152,07;1334,13;
VALDENOR GUIMARAES DA SILVA;DIOPE-DIVISAO OPERACIONAL;AGENTE AQUAVIARIO IV;; ESTATUTARIO;4466,37;;4466,37;236,33;4230,04;
VALPERCIR CANDIDO DA SILVA;DIOPE-DIVISAO OPERACIONAL;AGENTE AQUAVIARIO III;; ESTATUTARIO;2107,11;;2107,11;219,00;1888,11;
VIVALDO FERNANDES DE MOURAO;DIOPE-DIVISAO OPERACIONAL;AGENTE AQUAVIARIO IV;; ESTATUTARIO;1486,20;;1486,20;152,07;1334,13;
WALDIR MARTINS DE OLIVEIRA;ASPRE-ASSESSOR.DA PRESIDENCIA;MARINHEIRO FLUVIAL DE CONVES;; ESTATUTARIO;2749,02;;2749,02;162,97;2586,05;
WALFRIDO DE OLIVEIRA SILVA NETO;ASPRE-ASSESSOR.DA PRESIDENCIA;AGENTE PORTUARIO I;AGENTE PORTUARIO I; ESTATUTARIO;5279,94;;5279,94;727,78;4552,16;
WASHINGTON LUIZ DO NASCIMENTO;DIOPE-DIVISAO OPERACIONAL;AGENTE AQUAVIARIO IV;; ESTATUTARIO;1486,20;;1486,20;152,07;1334,13;
WELISSON MORIZ CORREA;ASADM-ASSESSORIA ADMINISTRACAO;AGENTE PORTUARIO II;AG.PORTUARIO II; ESTATUTARIO;3555,42;;3555,42;247,81;3307,61;
WESELYS MUNIZ FOURNIER LINHARES;ASPRE-ASSESSOR.DA PRESIDENCIA;ASSESSOR I;; CARGO COMISSION.S/VINCULO;5229,77;;5229,77;986,40;4243,37;
WILLIAM PEIXOTO DE AQUINO;ASPRE-ASSESSOR.DA PRESIDENCIA;AGENTE PORTUARIO II;AG.PORTUARIO II; ESTATUTARIO;3809,89;;3809,89;342,86;3467,03;
