NOME;LOTACAO;CARGO;FUNCAO;VINCULO;REMUNERACAO LEGAL TOTAL(R$);DESC.TETO(R$); REMUNERACAO LEGAL DEVIDA(R$);DESCONTOS LEGAIS(R$);LIQUIDO DISPONIVEL(R$);
ÍCARO GUIMARÃES CANTO;DEPTO.COM.SOC.,MARK.E PUBLIC.;GERENTE;; CARGO COMISSION.S/VINCULO;4209,79;;4209,79;670,28;3539,51;
ADALTO GUILHERME XAVIER GIL;DEPTO.COM.SOC.,MARK.E PUBLIC.;CHEFE DE DEPARTAMENTO;; CARGO COMISSION.S/VINCULO;5229,77;;5229,77;943,74;4286,03;
AGUILAR ABECASSIS BRITO;DEPTO.COM.SOC.,MARK.E PUBLIC.;ASSESSOR III;; CARGO COMISSION.S/VINCULO;3191,80;;3191,80;422,40;2769,40;
ALFREDO FERNANDES TORRES;DEPTO.COM.SOC.,MARK.E PUBLIC.;TNS-II;ASS.DEP.DE.COM.FG-3; ESTATUTARIO;5487,34;;5487,34;688,64;4798,70;
ANA CLAUDIA MARQUES PANTOJA;DEPTO.COM.SOC.,MARK.E PUBLIC.;ASSESSOR I;NAO INFORMADO; CARGO COMISSION.S/VINCULO;5229,77;;5229,77;943,74;4286,03;
ANA LILIAM BRAZ ROSOS;DEPTO.COM.SOC.,MARK.E PUBLIC.;ASSESSOR I;; CARGO COMISSION.S/VINCULO;5229,77;;5229,77;943,74;4286,03;
ANA PAULA TELES COSTA;DEPTO.DE ADMINIST.E FINANCAS;ASSESSOR II;ASSESSOR II AD-2; CARGO COMISSION.S/VINCULO;4209,79;;4209,79;670,28;3539,51;
ANTONIO MARTINS GONCALVES CARVALHO;DEPTO.DE ADMINIST.E FINANCAS;A.TEC-II;ASS DEP ADM FG-2; ESTATUTARIO;5860,82;;5860,82;714,39;5146,43;
ARTUR CESAR CUNHA DOS SANTOS JUNIOR;DEPTO.COM.SOC.,MARK.E PUBLIC.;ASSESSOR I;; CARGO COMISSION.S/VINCULO;5229,77;;5229,77;986,40;4243,37;
BRUNO JOSÉ ZANARDO DONATO;DEPTO.COM.SOC.,MARK.E PUBLIC.;ASSESSOR I;NAO INFORMADO; CARGO COMISSION.S/VINCULO;5229,77;;5229,77;943,74;4286,03;
CAMILA SANTOS DA SILVA;DEPTO.COM.SOC.,MARK.E PUBLIC.;ASSESSOR II;NAO INFORMADO; CARGO COMISSION.S/VINCULO;4209,79;;4209,79;641,84;3567,95;
CELIO ALVES RODRIGUES JUNIOR;DEPTO.COM.SOC.,MARK.E PUBLIC.;SECRETARIO DE ESTADO;; CARGO COMISSION.S/VINCULO;13500,00;;13500,00;3189,11;10310,89;
CLAIR FERREIRA DA SILVA;DEPTO.COM.SOC.,MARK.E PUBLIC.;TNS-I;CHEF.SET.DOCUM.FG-1; ESTATUTARIO;7162,13;;7162,13;1206,48;5955,65;
CLEUTON SANTOS DA SILVA;DEPTO.COM.SOC.,MARK.E PUBLIC.;ASSESSOR I;; CARGO COMISSION.S/VINCULO;5229,77;;5229,77;943,74;4286,03;
CRISTIANE MOTA DE CARVALHO;DEPTO.COM.SOC.,MARK.E PUBLIC.;SECRETARIO EXECUTIVO;; CARGO COMISSION.S/VINCULO;11700,00;;11700,00;2746,25;8953,75;
DANIELLE DE LIMA BEZERRA;DEPTO.COM.SOC.,MARK.E PUBLIC.;ASSESSOR III;NAO INFORMADO; CARGO COMISSION.S/VINCULO;3191,80;;3191,80;422,40;2769,40;
ELIANA GUEDES SOARES BRAGA;DEPTO.DE ADMINIST.E FINANCAS;ASSISTENTE TECNICO GOVERNAMENTAL;ASSESOR-GAB-FG1; ESTATUTARIO;5986,28;;5986,28;780,97;5205,31;
EMANUEL LESSANDRO PEDROZA MENEZES;DEPTO.COM.SOC.,MARK.E PUBLIC.;ASSESSOR II;; CARGO COMISSION.S/VINCULO;4209,79;;4209,79;670,28;3539,51;
EMIDIO MARTINS DOS ANJOS;DEPTO.DE ADMINIST.E FINANCAS;MOTORISTA A;ASS.SET.TRANSP-FG-3; ESTATUTARIO;4826,44;;4826,44;577,54;4248,90;
ERNANDO DE MENEZES BATISTA;DEPTO.COM.SOC.,MARK.E PUBLIC.;ASSESSOR II;ASSESSOR II AD-2; CARGO COMISSION.S/VINCULO;4209,79;;4209,79;641,84;3567,95;
FABIANO MATOS DE OLIVEIRA;DEPTO.DE ADMINIST.E FINANCAS;GERENTE;GERENTE AD2; CARGO COMISSION.S/VINCULO;4209,79;;4209,79;584,96;3624,83;
FRANCISCA DE MELO CAVALCANTE VALE;DEPTO.COM.SOC.,MARK.E PUBLIC.;TNS-I;TEC.COM.SOC.GOV; ESTATUTARIO;4283,87;;4283,87;531,31;3752,56;
FRANCISCA SILENE TENORIO C AZEVEDO;DEPTO.DE ADMINIST.E FINANCAS;ASSISTENTE TECNICO GOVERNAMENTAL;CHEFE.REC.HUMANO.FG1; ESTATUTARIO;6035,41;;6035,41;746,26;5289,15;
FRANCISCO EDSON DE AQUINO RODRIGUES;DEPTO.COM.SOC.,MARK.E PUBLIC.;ASSESSOR I;; CARGO COMISSION.S/VINCULO;5229,77;;5229,77;901,09;4328,68;
GETULIO EMIDIO DA SILVA;PESSOAL PROC,DE APOSENTADORIA;A.TEC-III;GERENTE AD/02; ESTATUTARIO;3874,96;;3874,96;323,62;3551,34;
GISELLE CRISTINA N HOLLANDA;DEPTO.COM.SOC.,MARK.E PUBLIC.;GERENTE;; CARGO COMISSION.S/VINCULO;4209,79;;4209,79;670,28;3539,51;
HIANNE DE MOURA LIMA;DEPTO.DE ADMINIST.E FINANCAS;ASSESSOR II;ASSESSOR II AD-2; CARGO COMISSION.S/VINCULO;4209,79;;4209,79;670,28;3539,51;
JANAILTON FALCAO MOURA DE LIMA;DEPTO.COM.SOC.,MARK.E PUBLIC.;ASSESSOR I;NAO INFORMADO; CARGO COMISSION.S/VINCULO;5229,77;;5229,77;986,40;4243,37;
JANIO AUGUSTO ESPINDOLA PENA;DEPTO.DE ADMINIST.E FINANCAS;AUX.O-I;ASS.SET.TRANSP.FG-3; ESTATUTARIO;5115,25;;5115,25;209,68;4905,57;
JOAO EVANGELISTA DE SANTANA NETO;DEPTO.COM.SOC.,MARK.E PUBLIC.;PROFESSOR PF20.LIC-V;SECRETARIO EXE ADJUN; ESTATUTARIO;10140,75;;10140,75;2029,96;8110,79;
JOAO FREITAS RODRIGUES;DEPTO.COM.SOC.,MARK.E PUBLIC.;TNS-I;ASS.DEP.DE.COM.FG-3; ESTATUTARIO;5902,79;;5902,79;853,03;5049,76;
JULIANA ROCHA BEZERRA REIS;DEPTO.COM.SOC.,MARK.E PUBLIC.;GERENTE;; CARGO COMISSION.S/VINCULO;5613,05;;5613,05;1121,87;4491,18;
KARENINA KANAVATI LASMAR;DEPTO.DE ADMINIST.E FINANCAS;ASSESSOR II;ASSESSOR II AD-2; CARGO COMISSION.S/VINCULO;4209,79;;4209,79;641,84;3567,95;
LARISSA BARROSO SEGADILHA FRANCA;DEPTO.COM.SOC.,MARK.E PUBLIC.;GERENTE;; CARGO COMISSION.S/VINCULO;4209,79;;4209,79;670,28;3539,51;
LISÂNGELA ALVES DA COSTA;DEPTO.COM.SOC.,MARK.E PUBLIC.;ASSESSOR I;NAO INFORMADO; CARGO COMISSION.S/VINCULO;5229,77;;5229,77;858,43;4371,34;
LUCAS EDUARDO DA SILVA ALBUQUERQUE;DEPTO.COM.SOC.,MARK.E PUBLIC.;ASSESSOR II;NAO INFORMADO; CARGO COMISSION.S/VINCULO;4209,79;;4209,79;670,28;3539,51;
LUCIANA CASTELO BRANCO G CAMARA;DEPTO.DE ADMINIST.E FINANCAS;GERENTE;GERENTE AD-2; CARGO COMISSION.S/VINCULO;4209,79;;4209,79;670,28;3539,51;
LUIZ FELIPE CRUZ DO NASCIMENTO;DEPTO.COM.SOC.,MARK.E PUBLIC.;ASSESSOR II;; CARGO COMISSION.S/VINCULO;4209,79;;4209,79;670,28;3539,51;
MANOEL IVAN SOUZA DE OLIVEIRA;DEPTO.COM.SOC.,MARK.E PUBLIC.;OPERADOR DE SOM;ASS.DEP.DE.COM.FG-3; ESTATUTARIO;4843,77;;4843,77;485,75;4358,02;
MARCOS ROBERTO PINTO DE SOUSA;DEPTO.COM.SOC.,MARK.E PUBLIC.;ASSESSOR II;; CARGO COMISSION.S/VINCULO;4209,79;;4209,79;641,84;3567,95;
MARIA HILMA FILGUEIRAS DE AZEVEDO;DEPTO.DE ADMINIST.E FINANCAS;ASSIS.TEC.GOVERNAMENTAL NIV.M REF.I;ASS.SET.DOCUM.FG-3; ESTATUTARIO;4835,02;;4835,02;525,68;4309,34;
MARIO WILSON DA SILVA JUNIOR;DEPTO.DE ADMINIST.E FINANCAS;A.TEC-I;ASS.DEP.ADM.FG-2; ESTATUTARIO;5650,73;;5650,73;760,84;4889,89;
MIGUEL ÂNGELO CASTRO DE OLIVEIRA;DEPTO.DE ADMINIST.E FINANCAS;CHEFE DE DEPARTAMENTO;NAO INFORMADO; CARGO COMISSION.S/VINCULO;5229,77;;5229,77;901,09;4328,68;
MIGUEL PEDRO PEREIRA DOS SANTOS;DEPTO.DE ADMINIST.E FINANCAS;ASSESSOR III;; CARGO COMISSION.S/VINCULO;2591,80;;2591,80;233,26;2358,54;
NACLISTE COSTA MACEDO;DEPTO.COM.SOC.,MARK.E PUBLIC.;ASSESSOR II;; CARGO COMISSION.S/VINCULO;4209,79;;4209,79;670,28;3539,51;
NATHÁLIA ANDRADE NOGUEIRA;DEPTO.COM.SOC.,MARK.E PUBLIC.;ASSESSOR I;; CARGO COMISSION.S/VINCULO;5229,77;;5229,77;986,40;4243,37;
OTACILIO GOMES BARREIROS;DEPTO.DE ADMINIST.E FINANCAS;A.TEC-II;ASS TEC GOV; ESTATUTARIO;4916,05;;4916,05;352,50;4563,55;
PEDRO GUIMARÃES CABRAL FILHO;DEPTO.COM.SOC.,MARK.E PUBLIC.;ASSESSOR III;; CARGO COMISSION.S/VINCULO;3191,80;;3191,80;422,40;2769,40;
RAFAEL DAL RI;DEPTO.COM.SOC.,MARK.E PUBLIC.;ASSESSOR I;; CARGO COMISSION.S/VINCULO;5229,77;;5229,77;901,09;4328,68;
RAIMUNDO NONATO DE ALMEIDA DUARTE;DEPTO.DE ADMINIST.E FINANCAS;MOT-I;ASS.SET.TRASP. FG-3; ESTATUTARIO;5263,95;;5263,95;472,78;4791,17;
ROBERTO CARLOS MENDES NOVO;DEPTO.COM.SOC.,MARK.E PUBLIC.;A.TEC-II;ASS DEP.DE.COM.FG-3; ESTATUTARIO;4907,30;;4907,30;599,31;4307,99;
ROSA OLIVEIRA DOS SANTOS;DEPTO.DE ADMINIST.E FINANCAS;AUX.DE SERV.GER.GOV. NIV.M REF.III;AUX.SERV.GER.GOVERN.; ESTATUTARIO;2172,55;;2172,55;128,27;2044,28;
ROSELY APARECIDA COSTA DA SILVA;DEPTO.COM.SOC.,MARK.E PUBLIC.;ASSESSOR II;NAO INFORMADO; CARGO COMISSION.S/VINCULO;4209,79;;4209,79;670,28;3539,51;
ROSENILDO ROCHA DO NASCIMENTO;DEPTO.DE ADMINIST.E FINANCAS;ASSISTENTE TECNICO GOVERNAMENTAL;CHEF.PAT.TRASP.FG-1; ESTATUTARIO;5995,02;;5995,02;731,93;5263,09;
RUBERCY SENA;DEPTO.DE ADMINIST.E FINANCAS;MOTORISTA 3A CLASSE;; ESTATUTARIO;4929,20;;4929,20;505,67;4423,53;
SARAH TAVARES DE OLIVEIRA VIEGAS;DEPTO.COM.SOC.,MARK.E PUBLIC.;ASSESSOR I;; CARGO COMISSION.S/VINCULO;5229,77;;5229,77;943,74;4286,03;
SEBASTIAO SAULO BORGES DOS SANTOS;DEPTO.DE ADMINIST.E FINANCAS;CHEFE DE GABINETE;; CARGO COMISSION.S/VINCULO;5229,77;;5229,77;986,40;4243,37;
SELMA DE MOURA LIMA;DEPTO.DE ADMINIST.E FINANCAS;ASSIS.TEC.GOVERNAMENTAL NIV.M REF.I;ASS.SETOR.DOCUM.FG-3; ESTATUTARIO;4826,28;;4826,28;437,66;4388,62;
VALDERES SANTOS DE LIRA MILERIO;DEPTO.DE ADMINIST.E FINANCAS;A.TEC-II;ASS.SETOR.DOCUM.FG-3; ESTATUTARIO;4907,30;;4907,30;467,42;4439,88;
VANESSA VIEIRA MANCINI;DEPTO.COM.SOC.,MARK.E PUBLIC.;ASSESSOR II;NAO INFORMADO; CARGO COMISSION.S/VINCULO;4209,79;;4209,79;670,28;3539,51;
VITOR WENDERSON FREITAS;DEPTO.COM.SOC.,MARK.E PUBLIC.;ASSESSOR I;NAO INFORMADO; CARGO COMISSION.S/VINCULO;5229,77;;5229,77;986,40;4243,37;
