NOME;LOTACAO;CARGO;FUNCAO;VINCULO;REMUNERACAO LEGAL TOTAL(R$);DESC.TETO(R$); REMUNERACAO LEGAL DEVIDA(R$);DESCONTOS LEGAIS(R$);LIQUIDO DISPONIVEL(R$);
ADRIANA LISBOA ROSA;UNIDADES DESCENTRAL.EDUC.PROF.;DIRETOR DE ESC.DE EDUC.PROFISS.AD-1;; CARGO COMISSION.S/VINCULO;5229,77;;5229,77;986,40;4243,37;
ADRIAO CAVALCANTE ROCHA NETO;UNIDADES DESCENTRAL.EDUC.PROF.;ANALISTA TEC.EDUC.3A.CL-A.T.E-III;; ESTATUTARIO;5286,51;;5286,51;848,69;4437,82;
ANA LUCIA NEVES VIANA;NUCLEOS DE EDUC.PROFISSIONAL;GERENTE ACADEMICO AD-2;GERENTE ACADEM. AD-2; CARGO COMISSION.S/VINCULO;3479,72;;3479,72;492,50;2987,22;
ANA MARIA DE LUCENA RODRIGUES;DIRETORIA ACADEMICA;PROFESSOR C4 ED-LPL-IV;; ESTATUTARIO;3589,75;;3589,75;256,94;3332,81;
ANA MARIA SERRAO DE ARAUJO;UNIDADES DESCENTRAL.EDUC.PROF.;PROFESSOR C3 ED-ESP-III;; ESTATUTARIO;969,51;;969,51;106,65;862,86;
ANA MARIA SERRAO DE ARAUJO;UNIDADES DESCENTRAL.EDUC.PROF.;PROFESSOR C3 ED-ESP-III;; ESTATUTARIO;3175,51;;3175,51;212,18;2963,33;
ANELIANY DA SILVA LIMA;DIRETORIA ACADEMICA;GERENTE;; CARGO COMISSION.S/VINCULO;3209,79;;3209,79;426,78;2783,01;
ANTONIA LISBOA DA ROCHA;COMISSAO PERMAN.DE CONCURSOS;ASSESSOR III;; CARGO COMISSION.S/VINCULO;2195,80;;2195,80;197,62;1998,18;
ANTONIA MARIA FARIAS ABREU;DIRETORIA ACADEMICA;COORDENADOR DE NUCLEO AD-1;COORD.DE NUCLEO; CARGO COMISSION.S/VINCULO;2629,77;;2629,77;273,35;2356,42;
ANTONIO BRIGIDO DA SILVA;NUCLEOS DE EDUC.PROFISSIONAL;PROFESSOR C4 ED-LPL-IV;GERENTE ACADEMICO; ESTATUTARIO;2400,00;;2400,00;37,20;2362,80;
ANTONIO SOARES DA SILVA FILHO;DIRETORIA ADM.FINANCEIRA;AUX.S.G-III;; ESTATUTARIO;2246,26;;2246,26;136,37;2109,89;
ARACY MARTINS DE ARAUJO;DIRETORIA ADM.FINANCEIRA;GERENTE;; CARGO COMISSION.S/VINCULO;4209,79;;4209,79;670,28;3539,51;
ARIADNE MARIA BOH DOS SANTOS;DIRETORIA ACADEMICA;PEDAGOGO C3 ED-ESP-III;; ESTATUTARIO;1209,24;;1209,24;133,02;1076,22;
ARIADNE MARIA BOH DOS SANTOS;DIRETORIA ACADEMICA;PROFESSOR C3 ED-ESP-III;; ESTATUTARIO;5845,73;;5845,73;753,53;5092,20;
ARIANA GRIJO DA SILVA;DIRETORIA ACADEMICA;ANALISTA TEC.EDUC.3A.CL-A.T.E-III;; ESTATUTARIO;3964,88;;3964,88;610,65;3354,23;
ARLENE SILVA OLIVEIRA BONFIM;DIRETORIA ACADEMICA;ANALISTA TEC.EDUC.3A.CL-A.T.E-III;DIRETOR ACADEMICO; ESTATUTARIO;1311,41;;1311,41;438,94;872,47;
BRUNO GOMES PIRES;PROCURADORIA;PROCURADOR CHEFE AD-1;; CARGO COMISSION.S/VINCULO;5229,77;;5229,77;815,77;4414,00;
CARMEN LUCIA SOUZA RIBEIRO;DIRETORIA ACADEMICA;PROFESSOR;; ESTATUTARIO;2536,00;;2536,00;103,60;2432,40;
CARMEN LUCIA SOUZA RIBEIRO;DIRETORIA ACADEMICA;PEDAGOGO C4 ED-LPL-IV;PEDAGOGO; ESTATUTARIO;1119,94;;1119,94;123,19;996,75;
CARMO GONCALVES DA COSTA;DIRETORIA ADM.FINANCEIRA;VIGIA-III;; ESTATUTARIO;1402,49;;1402,49;129,69;1272,80;
CLEIDE MONTEIRO PORTO;DIRETORIA ACADEMICA;COORDENADOR DE CURSO AD-1;; CARGO COMISSION.S/VINCULO;4229,77;;4229,77;676,15;3553,62;
DALISMAR MUNIZ DA SILVA;GABINETE DO DIRETOR GERAL;CHEFE DE GABINETE;; CARGO COMISSION.S/VINCULO;4229,77;;4229,77;676,15;3553,62;
DARCY PEREIRA PINHEIRO;DIRETORIA ADM.FINANCEIRA;AGENTE ADMINISTRATIVO A - N.B.;; ESTATUTARIO;2760,46;;2760,46;266,98;2493,48;
DENILZA DE OLIVEIRA SILVEIRA;GABINETE DO DIRETOR GERAL;GERENTE;; CARGO COMISSION.S/VINCULO;1699,79;;1699,79;152,98;1546,81;
DIEGO LIMA DOS SANTOS;GABINETE DO DIRETOR GERAL;ASSESSOR II;; CARGO COMISSION.S/VINCULO;4209,79;;4209,79;670,28;3539,51;
DOMINGOS SAVIO LOUREIRO DE MOURA;UNIDADES DESCENTRAL.EDUC.PROF.;ASSESSOR III;; CARGO COMISSION.S/VINCULO;2591,80;;2591,80;267,35;2324,45;
EDILSON RAMOS DOS SANTOS;UNIDADES DESCENTRAL.EDUC.PROF.;SECRETARIO DE ESC.DE EDUC.PROF.AD-2;SEC.DE ESC.ED.PROFIS; CARGO COMISSION.S/VINCULO;2609,79;;2609,79;270,20;2339,59;
EDVAN SERRAO DOS SANTOS;NUCLEOS DE EDUC.PROFISSIONAL;GERENTE ACADEMICO AD-2;GER. ACADEMICOAD-2; CARGO COMISSION.S/VINCULO;2609,79;;2609,79;270,20;2339,59;
ELCIANE PERES MARICAUA;NUCLEOS DE EDUC.PROFISSIONAL;GERENTE ACADEMICO AD-2;; CARGO COMISSION.S/VINCULO;2609,79;;2609,79;270,20;2339,59;
EMILIANA PANTOJA MONTEIRO AQUINO;ASSESSORIA;ASSESSOR II;; CARGO COMISSION.S/VINCULO;3209,79;;3209,79;426,78;2783,01;
ENEIDA BATALHA SALES;NUCLEOS DE EDUC.PROFISSIONAL;PROFESSOR C3 ED-ESP-III;DIRETOR DE ESCOLA; ESTATUTARIO;5000,00;;5000,00;505,64;4494,36;
ERIKA MARIA NOGUEIRA DA SILVA;DIRETORIA ACADEMICA;ASSESSOR II;; CARGO COMISSION.S/VINCULO;4209,79;;4209,79;613,40;3596,39;
FABIENE DA SILVA PACHECO;NUCLEOS DE EDUC.PROFISSIONAL;GERENTE ACADEMICO AD-2;; CARGO COMISSION.S/VINCULO;2609,79;;2609,79;270,20;2339,59;
FATIMA DE JESUS FERREIRA DAVID;NUCLEOS DE EDUC.PROFISSIONAL;GERENTE ACADEMICO AD-2;; CARGO COMISSION.S/VINCULO;2609,79;;2609,79;270,20;2339,59;
FRANCISCA CRISTIANE M FERREIRA;NUCLEOS DE EDUC.PROFISSIONAL;GERENTE ACADEMICO AD-2;GERENTE ACADEMICO; CARGO COMISSION.S/VINCULO;2609,79;;2609,79;270,20;2339,59;
FRANCISCO COSMO DA SILVA DOMINGOS;NUCLEOS DE EDUC.PROFISSIONAL;PROFESSOR PF20.LPL-IV;GER.ACADEMICO AD-2; ESTATUTARIO;4355,05;;4355,05;510,43;3844,62;
FRANCISCO QUEIROZ MENEZES;UNIDADES DESCENTRAL.EDUC.PROF.;COORDENADOR DE CURSO AD-1;; CARGO COMISSION.S/VINCULO;4229,77;;4229,77;676,15;3553,62;
GERSON BARROS PEREIRA;DIRETORIA ACADEMICA;COORDENADOR DE CURSO AD-1;; CARGO COMISSION.S/VINCULO;2629,77;;2629,77;273,35;2356,42;
GILMARXE SANTANA PENAFORTE;NUCLEOS DE EDUC.PROFISSIONAL;GERENTE ACADEMICO AD-2;; CARGO COMISSION.S/VINCULO;2609,79;;2609,79;270,20;2339,59;
GISELE DE BRITO BRAGA;DIRETORIA ACADEMICA;GERENTE DE PROJETOS AD-2;; CARGO COMISSION.S/VINCULO;4209,79;;4209,79;670,28;3539,51;
GISELE SILVA DANTAS;PROCURADORIA;ASSESSOR I;; CARGO COMISSION.S/VINCULO;3229,77;;3229,77;431,65;2798,12;
GRECIANE ROSSETTI MATHIAS;UNIDADES DESCENTRAL.EDUC.PROF.;ASS.TEC.EDUC.3A.CL-A.T.ED-III;ASSIST. ADMINISTRAT.; ESTATUTARIO;2753,10;;2753,10;251,93;2501,17;
GUIRLENE DA SILVA PINHEIRO;NUCLEOS DE EDUC.PROFISSIONAL;GERENTE ACADEMICO AD-2;GER.ACADEMICA-AD-2; CARGO COMISSION.S/VINCULO;2609,79;;2609,79;270,20;2339,59;
HELDER MARCOS SOUZA ARCE;ASSESSORIA;ASSESSOR II;; CARGO COMISSION.S/VINCULO;2609,79;;2609,79;270,20;2339,59;
HELIANA MENDES GANDRA;UNIDADES DESCENTRAL.EDUC.PROF.;PROFESSOR C3 ED-ESP-III;; ESTATUTARIO;3202,49;;3202,49;190,30;3012,19;
HELIANA MENDES GANDRA;UNIDADES DESCENTRAL.EDUC.PROF.;PROFESSOR C3 ED-ESP-III;; ESTATUTARIO;996,49;;996,49;109,61;886,88;
HERICA CHRISTINA RAMOS LOIOLA;DIRETORIA ADM.FINANCEIRA;ASSESSOR III;; CARGO COMISSION.S/VINCULO;2591,80;;2591,80;267,35;2324,45;
HONORATO RODRIGUES NUNES;DIRETORIA ADM.FINANCEIRA;AUX.S.G-III;; ESTATUTARIO;1869,99;;1869,99;129,69;1740,30;
IONARA RIBEIRO FAREL;UNIDADES DESCENTRAL.EDUC.PROF.;ASSESSOR IV;; CARGO COMISSION.S/VINCULO;2575,61;;2575,61;264,79;2310,82;
IRES ALVES DA SILVA;DIRETORIA ACADEMICA;COORDENADOR DE CURSO AD-1;; CARGO COMISSION.S/VINCULO;4229,77;;4229,77;676,15;3553,62;
ITELVINA ANDREA DE SOUZA AYRES;NUCLEOS DE EDUC.PROFISSIONAL;GERENTE ACADEMICO AD-2;GERENTE ACADEM. AD-2; CARGO COMISSION.S/VINCULO;3479,72;;3479,72;492,50;2987,22;
JACQUES DOS SANTOS CARNEIRO CUNHA;DIRETORIA ADM.FINANCEIRA;ANALISTA TEC.EDUC.3A.CL-A.T.E-III;; ESTATUTARIO;3964,88;;3964,88;610,65;3354,23;
JOAO BORBA VIANA DOS SANTOS;NUCLEOS DE EDUC.PROFISSIONAL;GERENTE ACADEMICO AD-2;GER.ACADEMICO AD-2; CARGO COMISSION.S/VINCULO;2609,79;;2609,79;270,20;2339,59;
JOAO KLEBER SERRAO DE FREITAS;UNIDADES DESCENTRAL.EDUC.PROF.;ANALISTA TEC.EDUC.3A.CL-A.T.E-III;; ESTATUTARIO;3964,88;;3964,88;610,65;3354,23;
JOSE AUGUSTO DE MELO NETO;DIRETORIA GERAL;PROFESSOR PF20.MSC-II;DIRETOR PRESIDENT; ESTATUTARIO;12757,32;;12757,32;2883,66;9873,66;
JOSE GUEDES DA SILVA;UNIDADES DESCENTRAL.EDUC.PROF.;AUX.S.G-III;; ESTATUTARIO;1157,31;;1157,31;127,30;1030,01;
JOSE MANUEL SALUSTIANO MENDES;DIRETORIA ADM.FINANCEIRA;GERENTE ACADEMICO AD-2;; CARGO COMISSION.S/VINCULO;2609,79;;2609,79;234,88;2374,91;
JOSE RIBAMAR ALVES XAVIER;DIRETORIA ACADEMICA;COORDENADOR DE NUCLEO AD-1;; CARGO COMISSION.S/VINCULO;2629,77;;2629,77;273,35;2356,42;
JOSE SEBASTIAO CARDOSO SILVA;DIRETORIA ADM.FINANCEIRA;MOT-III;; ESTATUTARIO;2185,49;;2185,49;129,69;2055,80;
JOSIANY DANTAS DA MOTA;DIRETORIA ACADEMICA;ANALISTA TEC.EDUC.3A.CL-A.T.E-III;; ESTATUTARIO;3964,88;;3964,88;610,65;3354,23;
JOYCE MALENA REGIS VIEIRA;DIRETORIA ACADEMICA;PROFESSOR C4 ED-LPL-IV;; ESTATUTARIO;3986,33;;3986,33;327,61;3658,72;
JOYCE MALENA REGIS VIEIRA;DIRETORIA ACADEMICA;PROFESSOR C4 ED-LPL-IV;; ESTATUTARIO;1272,00;;1272,00;104,94;1167,06;
JULIA MARIA FERNANDES MONTEIRO;NUCLEOS DE EDUC.PROFISSIONAL;GERENTE ACADEMICO AD-2;; CARGO COMISSION.S/VINCULO;3479,72;;3479,72;492,50;2987,22;
KASSIO DA SILVA FERNANDES;NUCLEOS DE EDUC.PROFISSIONAL;GERENTE ACADEMICO AD-2;; CARGO COMISSION.S/VINCULO;2609,79;;2609,79;270,20;2339,59;
KATIUCHA DE CASTRO NIGRO;DIRETORIA DE REL.EMP.E INSTIT.;ANALISTA TEC.EDUC.3A.CL-A.T.E-III;; ESTATUTARIO;3964,88;;3964,88;610,65;3354,23;
KELLEN BARBOSA;UNIDADES DESCENTRAL.EDUC.PROF.;SECRETARIO DE ESC.DE EDUC.PROF.AD-2;; CARGO COMISSION.S/VINCULO;2609,79;;2609,79;270,20;2339,59;
KERRIANE VERCOSA DE ARAUJO;NUCLEOS DE EDUC.PROFISSIONAL;GERENTE ACADEMICO AD-2;GERENTE ACADEM. AD-2; CARGO COMISSION.S/VINCULO;2609,79;;2609,79;270,20;2339,59;
KINDREULLY RALINY SILVA DE SOUZA;GABINETE DO DIRETOR GERAL;ASS.TEC.EDUC.3A.CL-A.T.ED-III;ASSIST.TEC.3CLASSE; ESTATUTARIO;1964,32;;1964,32;216,08;1748,24;
LARYSSA SOUZA NORONHA;UNIDADES DESCENTRAL.EDUC.PROF.;ASS.TEC.EDUC.3A.CL-A.T.ED-III;; ESTATUTARIO;1964,32;;1964,32;216,08;1748,24;
LEDA MARIA REINALDO DA SILVA;DIRETORIA ACADEMICA;GERENTE;; CARGO COMISSION.S/VINCULO;3209,79;;3209,79;426,78;2783,01;
LEONARDO BRUNO BARBOSA MONTEIRO;DIRETORIA GERAL;DIRETOR DE REL.EMPRES.E INSTITUC.;DIRT REL.EM E INSTI.; CARGO COMISSION.S/VINCULO;9000,00;;9000,00;2003,75;6996,25;
LEONIR ERONICE REINERT DE ABREU;DIRETORIA ACADEMICA;PROFESSOR;; ESTATUTARIO;2932,00;;2932,00;133,30;2798,70;
LEONIR ERONICE REINERT DE ABREU;DIRETORIA ACADEMICA;PROFESSOR;; ESTATUTARIO;954,00;;954,00;93,94;860,06;
LEONOR FARIAS ABREU;DIRETORIA ACADEMICA;PROFESSOR;PROFESSOR; ESTATUTARIO;3532,00;;3532,00;218,53;3313,47;
LIDIA ALENCAR DE QUEIROZ;DIRETORIA ACADEMICA;SECRETARIO DE ESC.DE EDUC.PROF.AD-2;SEC.DE ESC.DE EDUC.; CARGO COMISSION.S/VINCULO;2609,79;;2609,79;270,20;2339,59;
LILIANE SOUZA DA PAIXAO;COMISSAO PERMAN.DE CONCURSOS;GERENTE ACADEMICO AD-2;; CARGO COMISSION.S/VINCULO;2213,79;;2213,79;199,24;2014,55;
LUCIO MATHEUS FERREIRA DO REGO;ASSESSORIA;TEC.DE TECNOL.INF.3A.CL-T.T.I-III;; ESTATUTARIO;1964,32;;1964,32;216,08;1748,24;
LUSSANDRA MIRELLI DE MELO PINTO;UNIDADES DESCENTRAL.EDUC.PROF.;ASSESSOR II;; CARGO COMISSION.S/VINCULO;4209,79;;4209,79;670,28;3539,51;
MÁRCIA CRISTINA THOMAZ;UNIDADES DESCENTRAL.EDUC.PROF.;ASSESSOR II;; CARGO COMISSION.S/VINCULO;2609,79;;2609,79;270,20;2339,59;
MAIKA MIRANDA CORDEIRO;NUCLEOS DE EDUC.PROFISSIONAL;GERENTE ACADEMICO AD-2;GER.ACAD. AD-2; CARGO COMISSION.S/VINCULO;2609,79;;2609,79;270,20;2339,59;
MANOEL DOS SANTOS VIEIRA;UNIDADES DESCENTRAL.EDUC.PROF.;AUXILIAR DE SERVICOS GERAIS;; ESTATUTARIO;1140,81;;1140,81;127,30;1013,51;
MANUEL LIMA MAIA;NUCLEOS DE EDUC.PROFISSIONAL;PEDAGOGO PD20.LPL-IV;GERENTE ACADEMICO; ESTATUTARIO;2400,00;;2400,00;37,20;2362,80;
MARCIA FERNANDA IZIDORO GOMES;DIRETORIA ACADEMICA;PROFESSOR;PROFESSOR; ESTATUTARIO;3532,00;;3532,00;161,65;3370,35;
MARCIA TORRES DA SILVA;DIRETORIA ACADEMICA;ASSESSOR II;; CARGO COMISSION.S/VINCULO;4209,79;;4209,79;641,84;3567,95;
MARCOS EVANDRO LEAO LEITE;UNIDADES DESCENTRAL.EDUC.PROF.;AUX.S.G-III;; ESTATUTARIO;2163,81;;2163,81;127,30;2036,51;
MARGARETH CORDEIRO DA SILVA;DIRETORIA ADM.FINANCEIRA;ASSESSOR II;; CARGO COMISSION.S/VINCULO;3209,79;;3209,79;426,78;2783,01;
MARIA CANDIDA SILVESTRE GONCALVES;DIRETORIA ACADEMICA;COORDENADOR DE CURSO AD-1;COORD.DE CURSO AD-1; CARGO COMISSION.S/VINCULO;4229,77;;4229,77;676,15;3553,62;
MARIA DO SOCORRO DA COSTA F BARRETO;UNIDADES DESCENTRAL.EDUC.PROF.;DIRETOR DE ESC.DE EDUC.PROFISS.AD-1;; CARGO COMISSION.S/VINCULO;5229,77;;5229,77;986,40;4243,37;
MARIA DO SOCORRO SERRAO BRASIL;UNIDADES DESCENTRAL.EDUC.PROF.;PROFESSOR C3 ED-ESP-III;; ESTATUTARIO;3104,58;;3104,58;138,81;2965,77;
MARIA DO SOCORRO SERRAO BRASIL;UNIDADES DESCENTRAL.EDUC.PROF.;PROFESSOR C3 ED-ESP-III;; ESTATUTARIO;954,00;;954,00;104,94;849,06;
MARIA EMILIA FREITAS DE SOUZA SILVA;DIRETORIA ADM.FINANCEIRA;A.OPE-III;; ESTATUTARIO;3591,14;;3591,14;254,51;3336,63;
MARIA HILDECY FREIRE DA SILVA;ASSESSORIA;ASSESSOR III;; CARGO COMISSION.S/VINCULO;3191,80;;3191,80;422,40;2769,40;
MARIA IRACELMA ARAUJO DOS SANTOS;DIRETORIA ACADEMICA;ASSESSOR II;; CARGO COMISSION.S/VINCULO;4279,72;;4279,72;691,65;3588,07;
MARIA LUCELIA DOS SANTOS TEIXEIRA;UNIDADES DESCENTRAL.EDUC.PROF.;ANALISTA TEC.EDUC.3A.CL-A.T.E-III;; ESTATUTARIO;3964,88;;3964,88;582,21;3382,67;
MARIA LUIZA ALVES NETA;NUCLEOS DE EDUC.PROFISSIONAL;GERENTE ACADEMICO AD-2;; CARGO COMISSION.S/VINCULO;2609,79;;2609,79;270,20;2339,59;
MARIA MEIRY AMURIM DE ARAUJO;NUCLEOS DE EDUC.PROFISSIONAL;GERENTE ACADEMICO AD-2;; CARGO COMISSION.S/VINCULO;2609,79;;2609,79;270,20;2339,59;
MARIA OLINDA SAMPAIO SALDANHA;DIRETORIA ADM.FINANCEIRA;AUX.S.G-III;; ESTATUTARIO;1402,49;;1402,49;129,69;1272,80;
MARIA SOCORRO DOS SANTOS CUNHA;NUCLEOS DE EDUC.PROFISSIONAL;PROFESSOR C3 ED-ESP-III;GER.ACADEMICO AD-2; ESTATUTARIO;2400,00;;2400,00;;2400,00;
MARIA SOLANGE MESQUITA;DIRETORIA ACADEMICA;COORDENADOR DE NUCLEO AD-1;COORD.DE NUCLEO AD-1; CARGO COMISSION.S/VINCULO;2629,77;;2629,77;273,35;2356,42;
MARIA STELA BRITO CYRINO;DIRETORIA ACADEMICA;PEDAGOGO C4 ED-LPL-IV;; ESTATUTARIO;5286,51;;5286,51;806,03;4480,48;
MARIA VERONICA CASTRO NETA;DIRETORIA ADM.FINANCEIRA;ASSESSOR III;; CARGO COMISSION.S/VINCULO;2591,80;;2591,80;267,35;2324,45;
MARIA ZILAS MENDONCA BATISTA;DIRETORIA ACADEMICA;GERENTE ACADEMICO AD-2;; CARGO COMISSION.S/VINCULO;2609,79;;2609,79;270,20;2339,59;
MARIA ZULEIDE FERREIRA;DIRETORIA ADM.FINANCEIRA;ASS.TEC.EDUC.3A.CL-A.T.ED-III;GERENTE AD-2; ESTATUTARIO;4962,74;;4962,74;644,75;4317,99;
MARIQUINHA GOMES PONTES;NUCLEOS DE EDUC.PROFISSIONAL;GERENTE ACADEMICO AD-2;GERENTE ACADEMICO; CARGO COMISSION.S/VINCULO;2609,79;;2609,79;270,20;2339,59;
MARLETE LOPES CORREA;COMISSAO PERMAN.DE CONCURSOS;ANALISTA TEC.EDUC.3A.CL-A.T.E-III;; ESTATUTARIO;7388,81;;7388,81;1448,67;5940,14;
MERNIQUE ALMEIDA DA SILVA;UNIDADES DESCENTRAL.EDUC.PROF.;AUXILIAR DE SERVICOS GERAIS;; ESTATUTARIO;1140,81;;1140,81;127,30;1013,51;
NEREIDE GOMES PINHEIRO AMORIM;NUCLEOS DE EDUC.PROFISSIONAL;SECRETARIO DE ESC.DE EDUC.PROF.AD-2;SEC ESC EDU PROF AD2; CARGO COMISSION.S/VINCULO;3479,72;;3479,72;492,50;2987,22;
NEWTON ADRIANO PEDRI;GABINETE DO DIRETOR GERAL;COORDENADOR DE CURSO AD-1;; CARGO COMISSION.S/VINCULO;4229,77;;4229,77;676,15;3553,62;
NUBIA SILVA CAVALCANTE E SOUZA;DIRETORIA ACADEMICA;GERENTE DE PROJETOS AD-2;GERENTE PROJETO AD-2; CARGO COMISSION.S/VINCULO;3209,79;;3209,79;426,78;2783,01;
OTILIA FAUSTA GOES TAVARES;UNIDADES DESCENTRAL.EDUC.PROF.;PROFESSOR;; ESTATUTARIO;2564,18;;2564,18;126,25;2437,93;
OTILIA FAUSTA GOES TAVARES;UNIDADES DESCENTRAL.EDUC.PROF.;PROFESSOR C6 ED-ADC-VI;; ESTATUTARIO;954,00;;954,00;104,94;849,06;
RAFAEL BARBOSA ALVES;ASSESSORIA;TEC.DE TECNOL.INF.3A.CL-T.T.I-III;; ESTATUTARIO;1964,32;;1964,32;216,08;1748,24;
RAQUEL AGUIAR DA SILVA;DIRETORIA ACADEMICA;COORDENADOR DE CURSO AD-1;; CARGO COMISSION.S/VINCULO;4306,36;;4306,36;699,91;3606,45;
REGIANE OLIVEIRA DA SILVA;DIRETORIA ACADEMICA;ASSESSOR III;; CARGO COMISSION.S/VINCULO;2591,80;;2591,80;267,35;2324,45;
REGIOMARA LASMAR COSTA;DIRETORIA ACADEMICA;ASSESSOR II;ASSESSOR II AD-2; CARGO COMISSION.S/VINCULO;2609,79;;2609,79;270,20;2339,59;
RENATA LIBORIO BRUCE;DIRETORIA ACADEMICA;ASS.TEC.EDUC.3A.CL-A.T.ED-III;; ESTATUTARIO;1964,32;;1964,32;216,08;1748,24;
ROBERTA DA SILVA PINHEIRO;DIRETORIA ACADEMICA;SECRETARIO DE ESC.DE EDUC.PROF.AD-2;SEC.ESC.EDUC.PROF.; CARGO COMISSION.S/VINCULO;3479,72;;3479,72;492,50;2987,22;
RODRIGO ALBERTO DE ABREU LIMA;DIRETORIA ADM.FINANCEIRA;ASSESSOR I;ASSESSOR I AD-1; CARGO COMISSION.S/VINCULO;4229,77;;4229,77;676,15;3553,62;
RODRIGO AUGUSTO DE SOUZA;DIRETORIA ACADEMICA;GERENTE ACADEMICO AD-2;; CARGO COMISSION.S/VINCULO;2609,79;;2609,79;270,20;2339,59;
ROSIANE LEITE MARTINS;NUCLEOS DE EDUC.PROFISSIONAL;GERENTE ACADEMICO AD-2;GERENTE ACADEM. AD-2; CARGO COMISSION.S/VINCULO;2609,79;;2609,79;270,20;2339,59;
RUBEM PEREIRA BARBOSA;UNIDADES DESCENTRAL.EDUC.PROF.;ASSESSOR II;; CARGO COMISSION.S/VINCULO;4209,79;;4209,79;670,28;3539,51;
RUGLES FALCAO WANDERLEY XAVIER;UNIDADES DESCENTRAL.EDUC.PROF.;GERENTE ACADEMICO AD-2;; CARGO COMISSION.S/VINCULO;2609,79;;2609,79;270,20;2339,59;
SALATIEL DA ROCHA GOMES;UNIDADES DESCENTRAL.EDUC.PROF.;ANALISTA TEC.EDUC.3A.CL-A.T.E-III;ANAL.TEC.EDUC.4ªCLA.; ESTATUTARIO;3964,88;;3964,88;582,21;3382,67;
SANDRA SIMOES DIAS;UNIDADES DESCENTRAL.EDUC.PROF.;PROFESSOR C3 ED-ESP-III;; ESTATUTARIO;3147,53;;3147,53;205,36;2942,17;
SANDRA SIMOES DIAS;UNIDADES DESCENTRAL.EDUC.PROF.;PROFESSOR C3 ED-ESP-III;; ESTATUTARIO;954,00;;954,00;104,94;849,06;
SHEYLIZANDRA OLIVEIRA GONCALVES;NUCLEOS DE EDUC.PROFISSIONAL;GERENTE ACADEMICO AD-2;; CARGO COMISSION.S/VINCULO;2609,79;;2609,79;270,20;2339,59;
SIDILANDE PICANCO FERREIRA;DIRETORIA ACADEMICA;COORDENADOR DE CURSO AD-1;; CARGO COMISSION.S/VINCULO;4229,77;;4229,77;676,15;3553,62;
SONIA FERREIRA DA SILVA;COMISSAO PERMAN.DE CONCURSOS;PRESIDENTE COM.PERMAN.CONCUR.AD-1;; CARGO COMISSION.S/VINCULO;5229,77;;5229,77;986,40;4243,37;
TANIA MARIA BEZERRA CARREIRA;COMISSAO PERMAN.DE CONCURSOS;GERENTE ACADEMICO AD-2;GERENTE ACADEM.AD2; CARGO COMISSION.S/VINCULO;2213,79;;2213,79;199,24;2014,55;
TITO NETO LEAO TORRES;NUCLEOS DE EDUC.PROFISSIONAL;GERENTE ACADEMICO AD-2;; CARGO COMISSION.S/VINCULO;2609,79;;2609,79;270,20;2339,59;
VALCIR MELO DA SILVA;NUCLEOS DE EDUC.PROFISSIONAL;PROFESSOR C4 ED-LPL-IV;GER. ACADEMICO AD-2; ESTATUTARIO;2400,00;;2400,00;37,20;2362,80;
VALDENOR ALVES CORDEIRO;UNIDADES DESCENTRAL.EDUC.PROF.;ASSISTENTE ADMINISTRATIVO;; ESTATUTARIO;1964,32;;1964,32;216,08;1748,24;
VANESSA HOLANDA GONCALVES;DIRETORIA ADM.FINANCEIRA;GERENTE DE PROJETOS AD-2;; CARGO COMISSION.S/VINCULO;4209,79;;4209,79;670,28;3539,51;
VITOR CANTANHEDE BARRETO;DIRETORIA ADM.FINANCEIRA;ASS.TEC.EDUC.3A.CL-A.T.ED-III;; ESTATUTARIO;1964,32;;1964,32;216,08;1748,24;
VIVIAN CHRISTIANE QUEIROZ DE ATAIDE;DIRETORIA ACADEMICA;ASSESSOR II;ASSESSOR II AD-2; CARGO COMISSION.S/VINCULO;4209,79;;4209,79;670,28;3539,51;
VIVIANE MATOS CORREIA LIMA;DIRETORIA ACADEMICA;PROFESSOR C3 ED-ESP-III;; ESTATUTARIO;954,00;;954,00;104,94;849,06;
VIVIANE MATOS CORREIA LIMA;DIRETORIA ACADEMICA;PROFESSOR C3 ED-ESP-III;; ESTATUTARIO;954,00;;954,00;104,94;849,06;
WAGNER GAMA DA ROCHA MATOS;ASSESSORIA;ASSESSOR II;; CARGO COMISSION.S/VINCULO;4209,79;;4209,79;670,28;3539,51;
WALDERLENE MONTEIRO DA SILVA;NUCLEOS DE EDUC.PROFISSIONAL;GERENTE ACADEMICO AD-2;GERENTE ACADEMICO; CARGO COMISSION.S/VINCULO;2609,79;;2609,79;270,20;2339,59;
WANDERLEIA NOGUEIRA DE QUEIROZ;UNIDADES DESCENTRAL.EDUC.PROF.;PROFESSOR C3 ED-ESP-III;; ESTATUTARIO;1053,26;;1053,26;115,86;937,40;
WANDERLEIA NOGUEIRA DE QUEIROZ;UNIDADES DESCENTRAL.EDUC.PROF.;PROFESSOR C3 ED-ESP-III;; ESTATUTARIO;3163,51;;3163,51;209,26;2954,25;
WELLINGTON COSTA DA SILVA;ASSESSORIA;ANALISTA TEC.EDUC.3A.CL-A.T.E-III;; ESTATUTARIO;3964,88;;3964,88;610,65;3354,23;
YEDA SOCORRO DA SILVA ALMEIDA;UNIDADES DESCENTRAL.EDUC.PROF.;PROFESSOR;DIR.DE ESCOLA AD-1; ESTATUTARIO;5000,00;;5000,00;505,64;4494,36;
ZAIRA NOGUEIRA QUEIROZ;DIRETORIA ACADEMICA;GERENTE DE PROJETOS AD-2;GERENTE PROJETO AD-2; CARGO COMISSION.S/VINCULO;2609,79;;2609,79;270,20;2339,59;
