NOME;LOTACAO;CARGO;FUNCAO;VINCULO;REMUNERACAO LEGAL TOTAL(R$);DESC.TETO(R$); REMUNERACAO LEGAL DEVIDA(R$);DESCONTOS LEGAIS(R$);LIQUIDO DISPONIVEL(R$);
ALDINE DE AGUIAR CASTRO GOMES;DEPTO.ADMINISTRAT.FINANCEIRO;ASSESSOR III;; CARGO COMISSION.S/VINCULO;3491,80;;3491,80;422,40;3069,40;
ALFREDO RODRIGUES DE AGUIAR;DEPTO.ADMINISTRAT.FINANCEIRO;ASSESSOR III;NAO INFORMADO; CARGO COMISSION.S/VINCULO;3491,80;;3491,80;422,40;3069,40;
ALINE KATHLEEN REIS WANDERLEY;DEPTO.ADMINISTRAT.FINANCEIRO;ASSESSOR I;NAO INFORMADO; CARGO COMISSION.S/VINCULO;3486,50;;3486,50;494,16;2992,34;
ALVARO DA TRINDADE GARCIA;AUDITORIA;ASSESSOR II;; CARGO COMISSION.S/VINCULO;4509,79;;4509,79;670,28;3839,51;
ANA CRISTINA SILVA DE MELLO;DEPTO.ADMINISTRAT.FINANCEIRO;CHEFE DE DEPARTAMENTO;; CARGO COMISSION.S/VINCULO;5529,77;;5529,77;986,40;4543,37;
ANA PAULA DE FREITAS LOPES;AUDITORIA;ASSESSOR III;; CARGO COMISSION.S/VINCULO;3491,80;;3491,80;422,40;3069,40;
ANATHILDE LAPA MAIA;GABINETE DO SECRETARIO;GERENTE;; CARGO COMISSION.S/VINCULO;4509,79;;4509,79;670,28;3839,51;
ANDRE LUIZ DE SOUZA ANZOATEGUI;GABINETE DO SECRETARIO;INVEST.DE POL. 4A.CL. PC-INV.IV;ASSESSOR I AD-1; ESTATUTARIO;5300,00;;5300,00;505,64;4794,36;
ANTONIO ELIAS DE SOUZA;DEPTO.ADMINISTRAT.FINANCEIRO;GERENTE;GERENTE AD-2; CARGO COMISSION.S/VINCULO;4509,79;;4509,79;584,96;3924,83;
AURICLEIA NASCIMENTO DE A REBOUCAS;GABINETE DO SECRETARIO;DIGITADOR;ASSESSOR II AD-2; ESTATUTARIO;5071,54;;5071,54;424,60;4646,94;
CAMILA CUNHA DE SOUZA;DEPTO.ADMINISTRAT.FINANCEIRO;ASSESSOR II;; CARGO COMISSION.S/VINCULO;4509,79;;4509,79;670,28;3839,51;
CARLOS RAFAEL OLIVEIRA C SEIXAS;DEPTO.RECURSOS DA INFORMACAO;ASSESSOR III;; CARGO COMISSION.S/VINCULO;3491,80;;3491,80;422,40;3069,40;
CAROL DE PINHO ASSI ALENCAR;GABINETE DO SECRETARIO;ASSESSOR TECNICO;NAO INFORMADO; CARGO COMISSION.S/VINCULO;7000,00;;7000,00;1401,61;5598,39;
CAROL DE PINHO ASSI ALENCAR;GABINETE DO SECRETARIO;CHEFE DE GABINETE;CH.DE GABINETE AD-1; CARGO COMISSION.S/VINCULO;9297,36;;9297,36;3059,89;6237,47;
CASSIA DE OLIVEIRA DUARTE G SILVA;DEPTO.ADMINISTRAT.FINANCEIRO;GERENTE;; CARGO COMISSION.S/VINCULO;4509,79;;4509,79;670,28;3839,51;
CLEONE BARROS DE ALMEIDA;AUDITORIA;TNS-II;ASSESSOR II AD-2; ESTATUTARIO;6406,70;;6406,70;918,84;5487,86;
CRISLEY JANE LUCAS BATISTA;DEPTO.ADMINISTRAT.FINANCEIRO;ASSESSOR IV;NAO INFORMADO; CARGO COMISSION.S/VINCULO;2683,89;;2683,89;216,35;2467,54;
EDENILSON PINHEIRO SILVA;DEPTO.ADMINISTRAT.FINANCEIRO;ASSESSOR IV;; CARGO COMISSION.S/VINCULO;2875,61;;2875,61;231,80;2643,81;
ELEM SOCORRO MEDEIROS DE AZEVEDO;DEPTO.ADMINISTRAT.FINANCEIRO;GERENTE;; CARGO COMISSION.S/VINCULO;4509,79;;4509,79;670,28;3839,51;
ELIONILDE ARAUJO DA SILVA;DEPTO.ADMINISTRAT.FINANCEIRO;ASSESSOR I;; CARGO COMISSION.S/VINCULO;7118,29;;7118,29;2575,47;4542,82;
ELIONILDE ARAUJO DA SILVA;DEPTO.ADMINISTRAT.FINANCEIRO;CHEFE DE GABINETE;NAO INFORMADO; CARGO COMISSION.S/VINCULO;5229,77;;5229,77;986,40;4243,37;
ENEIAS PEREIRA NASCIMENTO;DEPTO.RECURSOS DA INFORMACAO;ASSESSOR III;; CARGO COMISSION.S/VINCULO;3491,80;;3491,80;392,90;3098,90;
ENOQUE MOREIRA NUNES JUNIOR;AUDITORIA;ASSESSOR III;; CARGO COMISSION.S/VINCULO;3491,80;;3491,80;392,90;3098,90;
ENZA RAFAELA RODRIGUES P AQUINO;AUDITORIA;ASSESSOR III;; CARGO COMISSION.S/VINCULO;3491,80;;3491,80;407,12;3084,68;
ETHEL MARINHO IRIGARAY;AUDITORIA;ASSESSOR TECNICO;NAO INFORMADO; CARGO COMISSION.S/VINCULO;9099,99;;9099,99;2083,38;7016,61;
ETHEL MARINHO IRIGARAY;AUDITORIA;ASSESSOR I;; CARGO COMISSION.S/VINCULO;7118,29;;7118,29;4234,38;2883,91;
FABIO DIEGO GOMES RAMOS;DEPTO.RECURSOS DA INFORMACAO;CHEFE DE DEPARTAMENTO;; CARGO COMISSION.S/VINCULO;5529,77;;5529,77;901,09;4628,68;
GLAUCIA LANE BRAGA FERREIRA;DEPTO.ADMINISTRAT.FINANCEIRO;TNS-I;; ESTATUTARIO;4662,79;;4662,79;600,84;4061,95;
HELIANA MARA ZAU VIEIRA;DEPTO.ADMINISTRAT.FINANCEIRO;ASSESSOR II;; CARGO COMISSION.S/VINCULO;4509,79;;4509,79;584,96;3924,83;
HOEBER SILVA E SILVA;DEPTO.ADMINISTRAT.FINANCEIRO;ASSESSOR III;; CARGO COMISSION.S/VINCULO;3491,80;;3491,80;422,40;3069,40;
INGRID DE OLIVEIRA MENEZES;GABINETE DO SECRETARIO;GERENTE;; CARGO COMISSION.S/VINCULO;4509,79;;4509,79;641,84;3867,95;
IRISMAR AUGUSTA FREITAS DE S COELHO;DEPTO.ADMINISTRAT.FINANCEIRO;ASSESSOR IV;; CARGO COMISSION.S/VINCULO;2875,61;;2875,61;250,57;2625,04;
ISABELLE FERNANDES BELOTA;AUDITORIA;ASSESSOR III;; CARGO COMISSION.S/VINCULO;10491,80;;10491,80;2347,43;8144,37;
JACQUELINE SIQUEIRA SURIADAKIS;AUDITORIA;ASSESSOR III;; CARGO COMISSION.S/VINCULO;4965,01;;4965,01;2834,93;2130,08;
JACQUELINE SIQUEIRA SURIADAKIS;AUDITORIA;ASSESSOR I;NAO INFORMADO; CARGO COMISSION.S/VINCULO;6798,70;;6798,70;1398,39;5400,31;
JEANE MARIA MAR PASSOS;DEPTO.ADMINISTRAT.FINANCEIRO;A.TEC-I;SEC.EXEC.ADJ. ADM; ESTATUTARIO;9317,48;;9317,48;1734,39;7583,09;
JESSICA DE SOUZA COSTA;AUDITORIA;ASSESSOR IV;; CARGO COMISSION.S/VINCULO;2875,61;;2875,61;264,79;2610,82;
JUCIMARA SILVA DOS SANTOS;GABINETE DO SECRETARIO;MERENDEIRO PNF.MNF-III;ASSESSOR III AD-3; ESTATUTARIO;5643,01;;5643,01;606,89;5036,12;
KADYA VERCOSA DE MEDEIROS RAPOSO;DEPTO.ADMINISTRAT.FINANCEIRO;ASSESSOR I;; CARGO COMISSION.S/VINCULO;5229,77;;5229,77;1083,63;4146,14;
KAMILA DA COSTA FRAXE CAMPOS;DEPTO.ADMINISTRAT.FINANCEIRO;ASSESSOR I;; CARGO COMISSION.S/VINCULO;5529,77;;5529,77;986,40;4543,37;
KAROL ALINE DE OLIVEIRA SOBRAL;AUDITORIA;ASSESSOR III;NAO INFORMADO; CARGO COMISSION.S/VINCULO;3191,80;;3191,80;422,40;2769,40;
KAROL ALINE DE OLIVEIRA SOBRAL;AUDITORIA;ASSESSOR IV;; CARGO COMISSION.S/VINCULO;3505,68;;3505,68;1164,74;2340,94;
KATIA CRISTIANE FONTES DE LIMA;DEPTO.ADMINISTRAT.FINANCEIRO;ASSESSOR I;; CARGO COMISSION.S/VINCULO;9529,77;;9529,77;2085,90;7443,87;
LARISSA PEREIRA MONTEIRO;DEPTO.ADMINISTRAT.FINANCEIRO;CHEFE DE DEPARTAMENTO;; CARGO COMISSION.S/VINCULO;5529,77;;5529,77;986,40;4543,37;
LUCAS DOS SANTOS ROCHA;AUDITORIA;ASSESSOR IV;; CARGO COMISSION.S/VINCULO;2875,61;;2875,61;264,79;2610,82;
LUIZ ROCHA DE ARAUJO;AUDITORIA;TNS-I;AUDITOR CHEFE AD-1; ESTATUTARIO;4619,07;;4619,07;508,15;4110,92;
MANUEL LOPES DE VASCONCELOS;GABINETE DO SECRETARIO;ASSESSOR III;ASSESSOR III AD-3; CARGO COMISSION.S/VINCULO;3491,80;;3491,80;407,12;3084,68;
MARCELA MELO PEREIRA;DEPTO.ADMINISTRAT.FINANCEIRO;ASSESSOR III;; CARGO COMISSION.S/VINCULO;3491,80;;3491,80;422,40;3069,40;
MARCIO MALAGUETA DE AZEVEDO;DEPTO.ADMINISTRAT.FINANCEIRO;ASSESSOR II;; CARGO COMISSION.S/VINCULO;4509,79;;4509,79;613,40;3896,39;
MARCOS PAULO MATOS DE SOUZA;AUDITORIA;ASSESSOR IV;; CARGO COMISSION.S/VINCULO;2875,61;;2875,61;250,57;2625,04;
MARIA TEREZA ELIAS BEZERRA MENEZES;AUDITORIA;ASSESSOR II;; CARGO COMISSION.S/VINCULO;4509,79;;4509,79;670,28;3839,51;
MARILIA BELLISSIMO DE OLIVEIRA;DEPTO.ADMINISTRAT.FINANCEIRO;CHEFE DA CENTRAL DE OUVIDORIA;; CARGO COMISSION.S/VINCULO;7118,29;;7118,29;4234,38;2883,91;
MARIO ANTONIO DA SILVA SUSSMANN;AUDITORIA;ASSESSOR I;; CARGO COMISSION.S/VINCULO;5529,77;;5529,77;986,40;4543,37;
MARIO JOSE DE MORAES COSTA;AUDITORIA;ASSESSOR II;; CARGO COMISSION.S/VINCULO;4509,79;;4509,79;670,28;3839,51;
MATHEUS DANTAS DA SILVA;DEPTO.ADMINISTRAT.FINANCEIRO;ASSESSOR III;; CARGO COMISSION.S/VINCULO;2495,80;;2495,80;197,62;2298,18;
MICHEL KRISTHIAN LAVOR CRUZ TAMER;AUDITORIA;CHEFE DE DEPARTAMENTO;; CARGO COMISSION.S/VINCULO;5529,77;;5529,77;901,09;4628,68;
OLINDA SUELI MENEZES DE FARIAS;DEPTO.ADMINISTRAT.FINANCEIRO;ASSESSOR IV;NAO INFORMADO; CARGO COMISSION.S/VINCULO;2588,04;;2588,04;208,62;2379,42;
OSMANI DA SILVA SANTOS;AUDITORIA;SUBCONTROLADOR-GERAL CONT.INTERNO;; CARGO COMISSION.S/VINCULO;10200,00;;10200,00;1853,14;8346,86;
PAULA SILVA DE OLIVEIRA;GABINETE DO SECRETARIO;ASSESSOR III;; CARGO COMISSION.S/VINCULO;3491,80;;3491,80;407,12;3084,68;
PAULO RUAN PORTELA MATTOS;DEPTO.ADMINISTRAT.FINANCEIRO;ASSESSOR III;NAO INFORMADO; CARGO COMISSION.S/VINCULO;3491,80;;3491,80;422,40;3069,40;
PRISCILA ARAUJO CALDAS;DEPTO.ADMINISTRAT.FINANCEIRO;ASSESSOR II;; CARGO COMISSION.S/VINCULO;4509,79;;4509,79;641,84;3867,95;
RAQUEL NASCIMENTO GAMA;DEPTO.ADMINISTRAT.FINANCEIRO;CHEFE DA CENTRAL DE OUVIDORIA;NAO INFORMADO; CARGO COMISSION.S/VINCULO;6798,70;;6798,70;1346,25;5452,45;
RAQUEL NASCIMENTO GAMA;DEPTO.ADMINISTRAT.FINANCEIRO;ASSESSOR III;; CARGO COMISSION.S/VINCULO;3723,75;;3723,75;2239,13;1484,62;
RENATA INGRID PANTOJA DA SILVA;DEPTO.ADMINISTRAT.FINANCEIRO;ASSESSOR III;; CARGO COMISSION.S/VINCULO;3491,80;;3491,80;422,40;3069,40;
RIANDRY PIZANO CARVALHO;AUDITORIA;ASSESSOR IV;; CARGO COMISSION.S/VINCULO;2875,61;;2875,61;264,79;2610,82;
RICARDO DOS SANTOS PONTES;DEPTO.ADMINISTRAT.FINANCEIRO;A.TEC-I;GERENTE AD-2; ESTATUTARIO;5242,30;;5242,30;442,29;4800,01;
ROBERTA PINTO DOS SANTOS;DEPTO.ADMINISTRAT.FINANCEIRO;ASSESSOR I;; CARGO COMISSION.S/VINCULO;5529,77;;5529,77;986,40;4543,37;
ROBERTO SILVA DE FREITAS;AUDITORIA;ASSESSOR IV;; CARGO COMISSION.S/VINCULO;2875,61;;2875,61;231,80;2643,81;
ROOSEVELT FARIAS DE MORAES;GABINETE DO SECRETARIO;ASSESSOR III;ASSESSOR III AD-3; CARGO COMISSION.S/VINCULO;3491,80;;3491,80;378,69;3113,11;
RUY BRASIL CORREA FILHO;AUDITORIA;TNS-I;CH DE DPTO AD-1; ESTATUTARIO;7165,11;;7165,11;1198,57;5966,54;
SEILANI NOGUEIRA ALMENDROS OLIVEIRA;GABINETE DO SECRETARIO;SUBCONTROLADOR-GERAL DE OUVIDORIA;; CARGO COMISSION.S/VINCULO;12000,00;;12000,00;2798,39;9201,61;
SERGIO ROBERTO GONZAGA;DEPTO.RECURSOS DA INFORMACAO;ASSESSOR II;; CARGO COMISSION.S/VINCULO;4509,79;;4509,79;670,28;3839,51;
SUELEN OLIVEIRA MOTA;AUDITORIA;ASSESSOR IV;; CARGO COMISSION.S/VINCULO;2875,61;;2875,61;264,79;2610,82;
TEREZA CRISTINA MOTA DOS SANTOS;AUDITORIA;ASSIST.ADMIN.-ASA-T.S.N.M.-A;CHEFE  DE DPTO; ESTATUTARIO;5976,77;;5976,77;823,38;5153,39;
WILLIAM JAMES RODRIGUES DE OLIVEIRA;AUDITORIA;CHEFE DE DEPARTAMENTO;; CARGO COMISSION.S/VINCULO;5529,77;;5529,77;943,74;4586,03;
