NOME;LOTACAO;CARGO;FUNCAO;VINCULO;REMUNERACAO LEGAL TOTAL(R$);DESC.TETO(R$); REMUNERACAO LEGAL DEVIDA(R$);DESCONTOS LEGAIS(R$);LIQUIDO DISPONIVEL(R$);
ADEJALMA CAMELO DA SILVA;GABINETE;ASSESSOR II;ASSESSOR II; CARGO COMISSION.S/VINCULO;4509,79;;4509,79;670,28;3839,51;
ADELTON QUEIROZ DOS SANTOS;PRESIDENTE FIGUEIREDO;AG.AGRO-III;; ESTATUTARIO;7096,02;;7096,02;1395,41;5700,61;
ADERALDO ALVES DE FRANCA;GUAJARA;T.AG-III;TEC.EM AGROPECUARIA; ESTATUTARIO;5615,16;;5615,16;996,02;4619,14;
ADRIANO NUNES DE LIMA D AMORIM;DEPTO.ADM.FIN.COM.E FOMENTO;COORDENADOR LOCAL II-AD-3;NAO INFORMADO; CARGO COMISSION.S/VINCULO;2002,28;;2002,28;153,20;1849,08;
AGEMIRO MOURA LOPES;PAUINI;COORDENADOR LOCAL II-AD-3;; CARGO COMISSION.S/VINCULO;6683,60;;6683,60;1336,38;5347,22;
AJAX DE SOUSA FERREIRA;DEPTO.DEFESA AGROP.E FLORESTAL;TECNICO EM AGROPECUARIA;; ESTATUTARIO;6172,59;;6172,59;1173,66;4998,93;
ALEXSANDRO TREVISAN;PRESIDENTE FIGUEIREDO;T.AG-III;TEC.EM AGROPECUARIA; ESTATUTARIO;6286,40;;6286,40;1224,90;5061,50;
ALOYSIO MAIA MALVEIRA JUNIOR;DEPTO.DEFESA AGROP.E FLORESTAL;ENGENHEIRO AGRONOMO;; ESTATUTARIO;8921,41;;8921,41;2320,51;6600,90;
ALTAIR DE ALMEIDA CAVALCANTE;DEPTO.DEFESA AGROP.E FLORESTAL;TECNICO EM AGROPECUARIA;; ESTATUTARIO;6172,59;;6172,59;1277,93;4894,66;
AMILCAR DA SILVA FERREIRA;DEPTO.ADM.FIN.COM.E FOMENTO;TECNICO EM AGROPECUARIA;GERENTE; ESTATUTARIO;10358,18;;10358,18;1214,08;9144,10;
ANA CRISTINA KRZYZANIAK;DEPTO.DEFESA AGROP.E FLORESTAL;F.AGR-III;FISCAL AGROP-III CL; ESTATUTARIO;8440,84;;8440,84;2202,17;6238,67;
ANA PAULA CARDOSO NAZARE;GABINETE;COORDENADOR LOCAL II-AD-3;; CARGO COMISSION.S/VINCULO;3491,80;;3491,80;422,40;3069,40;
ANDERSON CARVALHO DA ROCHA;HUMAITA;AUX.AGR-III;; ESTATUTARIO;3923,16;;3923,16;396,62;3526,54;
ANDRE PARANHOS ALBUQUERQUE;SANTO ANTONIO DO MATUPI;AUX.AGR-III;COORD. LOCAL II AD-3; ESTATUTARIO;4963,65;;4963,65;534,91;4428,74;
ANDREZZA RIBEIRO DE LIMA MORENO;IRANDUBA;COORDENADOR LOCAL II-AD-3;; CARGO COMISSION.S/VINCULO;3491,80;;3491,80;422,40;3069,40;
ANGELO BRAMANTE DOS SANTOS MACHADO;AUTAZES;COORDENADOR LOCAL I-AD-2;; CARGO COMISSION.S/VINCULO;8719,58;;8719,58;1896,27;6823,31;
ANSELMO DE SOUZA BEZERRA;EIRUNEPE;TECNICO EM AGROPECUARIA;; ESTATUTARIO;5266,16;;5266,16;928,71;4337,45;
ANTONIO CARLOS AYRES CAMARA;DEPTO.DEFESA AGROP.E FLORESTAL;AUX.AGR-III;AUX.AGROPECUARIO; ESTATUTARIO;3064,38;;3064,38;372,68;2691,70;
ANTONIO EDSON DE SOUZA SOARES;DEPTO.DEFESA AGROP.E FLORESTAL;T.AG-III;TEC.EM AGROPECUARIA; ESTATUTARIO;5115,16;;5115,16;772,31;4342,85;
ANTONIO RODRIGUES VIANA;ITACOATIARA;AUX.AGR-III;; ESTATUTARIO;4497,03;;4497,03;501,05;3995,98;
BARBARA BRANDAO FERREIRA SILVEIRA;DEPTO.DEFESA AGROP.E FLORESTAL;F.AGR-III;; ESTATUTARIO;7907,41;;7907,41;1908,66;5998,75;
BRENDA CAROLINE DA COSTA ARAUJO;SANTA IZABEL DO RIO NEGRO;AUX.AGR-III;AUX. AGROPECUARIO; ESTATUTARIO;3264,38;;3264,38;381,74;2882,64;
BRUNO SILVA E SILVA;NOVO REMANSO;T.AG-III;TEC.EM AGROPECUARIA; ESTATUTARIO;6286,40;;6286,40;1224,90;5061,50;
CAMILA DA COSTA AZEVEDO;ITACOATIARA;AUX.AGR-III;AUX. AGROPECUARIO; ESTATUTARIO;3564,38;;3564,38;395,96;3168,42;
CARLEU BARBA SOARES;DEPTO.ADM.FIN.COM.E FOMENTO;T.AG-III;TEC.EM AGROPECUARIA; ESTATUTARIO;5615,16;;5615,16;1040,31;4574,85;
CARLOS ALEXANDRE MARQUES OLIVEIRA;PAUINI;ASSESSOR II;; CARGO COMISSION.S/VINCULO;6034,03;;6034,03;1240,25;4793,78;
CARLOS AUGUSTO NUNES DA SILVA;PRESIDENTE FIGUEIREDO;AUX.AGR-III;; ESTATUTARIO;3923,16;;3923,16;471,84;3451,32;
CARLOS PEDRO DA SILVA;MANACAPURU;T.AG-III;TEC.EM AGROPECUARIA; ESTATUTARIO;7096,02;;7096,02;1447,54;5648,48;
CARLOS PETRONIO DE SOUZA QUEIROZ;GUAJARA;AG.AGRO-III;AG.AGROPECUARIO; ESTATUTARIO;5615,16;;5615,16;809,70;4805,46;
CASEMIRO DA PAZ DE SOUZA;DEPTO.ADM.FIN.COM.E FOMENTO;AUX.AGR-III;; ESTATUTARIO;3064,38;;3064,38;372,68;2691,70;
CHRISSOSTOMO PEREIRA NINA NETO;DEPTO.DEFESA AGROP.E FLORESTAL;T.AG-III;TEC.EM AGROPECUARIA; ESTATUTARIO;5115,16;;5115,16;883,52;4231,64;
CHRISTIAN BARNADD D G E SILVA;CAREIRO DA VARZEA;F.AGR-III;; ESTATUTARIO;11164,39;;11164,39;2856,47;8307,92;
CILENE PIRES DE SOUZA;DEPTO.ADM.FIN.COM.E FOMENTO;GERENTE;; CARGO COMISSION.S/VINCULO;4509,79;;4509,79;670,28;3839,51;
CLAUDIA DE FATIMA RAMOS CAMPOS;PARINTINS;MEDICO VETERINARIO;; ESTATUTARIO;10518,67;;10518,67;2811,90;7706,77;
CLAUDINEI VENTURA DO NASCIMENTO;APUI;T.AG-III;TEC.EM AGROPECUARIA; ESTATUTARIO;5615,16;;5615,16;996,02;4619,14;
CLEIDE PEREIRA LOPES;DEPTO.ADM.FIN.COM.E FOMENTO;COORDENADOR LOCAL II-AD-3;; CARGO COMISSION.S/VINCULO;3491,80;;3491,80;378,69;3113,11;
CRISTIANE DA SILVA KLEHM;RIO PRETO DA EVA;F.AGR-III;FIS.AGROP.AGRONOMIA; ESTATUTARIO;10288,82;;10288,82;2673,50;7615,32;
DANIEL MACHADO ROCHA;CAREIRO CASTANHO;F.AGR-III;FISCAL AGROP-III CL; ESTATUTARIO;8707,41;;8707,41;2128,66;6578,75;
DANIELA CARVALHO MESQUITA;DEPTO.DEFESA AGROP.E FLORESTAL;F.AGR-III;FISCAL AGROP-III CL; ESTATUTARIO;7907,41;;7907,41;1960,80;5946,61;
DANILO MENDES HORTENCIO DA SILVA;DEPTO.ADM.FIN.COM.E FOMENTO;COORDENADOR LOCAL II-AD-3;; CARGO COMISSION.S/VINCULO;2216,52;;2216,52;1763,46;453,06;
DEBORA ANTONIA BARBOSA FONSECA;ASSESSORIA;ASSESSOR II;ASSESSOR II; CARGO COMISSION.S/VINCULO;4509,79;;4509,79;670,28;3839,51;
DERLANI JOSE PEREIRA SERRAO;URUCURITUBA;T.AG-III;TEC. AGROPECUARIA; ESTATUTARIO;5615,16;;5615,16;996,02;4619,14;
DEYSERREEN DE SOUZA COSTA DA SILVA;DEPTO.ADM.FIN.COM.E FOMENTO;COORDENADOR LOCAL II-AD-3;; CARGO COMISSION.S/VINCULO;3491,80;;3491,80;422,40;3069,40;
DIEGO LANER;DEPTO.DEFESA AGROP.E FLORESTAL;F.AGR-III;FISCAL AGROP-III CL; ESTATUTARIO;12539,11;;12539,11;2510,20;10028,91;
DORIVALDO SALES PASSOS;PRESIDENTE FIGUEIREDO;T.AG-III;TEC.AGROPECUARIA; ESTATUTARIO;5615,16;;5615,16;996,02;4619,14;
EDER PEDRENO BELTRAO;PARINTINS;T.AG-III;; ESTATUTARIO;5615,16;;5615,16;1040,31;4574,85;
EDIVAN LIMA RIBEIRO;IRANDUBA;AUX.AGR-III;AUX.AGROPECUARIO; ESTATUTARIO;3564,38;;3564,38;381,74;3182,64;
EDSON AZEVEDO FERNANDES;BOCA DO ACRE;MEDICO VETERINARIO;; ESTATUTARIO;8707,41;;8707,41;1978,24;6729,17;
ELIEDNA CREUSA AYRES COSTA;ASSESSORIA;ASSESSOR I;; CARGO COMISSION.S/VINCULO;5529,77;;5529,77;986,40;4543,37;
ERIVANOR ARAUJO DOS SANTOS;MANAQUIRI;TECNICO EM AGROPECUARIA;; ESTATUTARIO;5273,22;;5273,22;888,76;4384,46;
ERNESTINA FARIAS PINTO NETA;DEPTO.ADM.FIN.COM.E FOMENTO;GERENTE;GERENTE AD 2; CARGO COMISSION.S/VINCULO;4509,79;;4509,79;641,84;3867,95;
EUDIMAR COSTA ROCHA;DEPTO.ADM.FIN.COM.E FOMENTO;COORDENADOR LOCAL I-AD-2;; CARGO COMISSION.S/VINCULO;4509,79;;4509,79;670,28;3839,51;
FABIANO PIMENTEL DOS SANTOS;MAUES;F.AGR-III;FISCAL AGROP-III CL; ESTATUTARIO;8707,41;;8707,41;1610,67;7096,74;
FERNANDO DE PAULO SILVA;SANTO ANTONIO DO MATUPI;COORDENADOR LOCAL II-AD-3;NAO INFORMADO; CARGO COMISSION.S/VINCULO;3491,80;;3491,80;422,40;3069,40;
FRANCISCO ANTONIO OLIVEIRA QUEIROZ;LABREA;COORDENADOR LOCAL II-AD-3;COORD LOCAL; CARGO COMISSION.S/VINCULO;3491,80;;3491,80;422,40;3069,40;
FRANCISCO AUGUSTO TAVARES PINTO;IRANDUBA;AUX.AGR-III;; ESTATUTARIO;3564,38;;3564,38;418,03;3146,35;
FRANCISCO DE JESUS OLIVEIRA ARAUJO;NOVO ARIPUANA;T.AG-III;; ESTATUTARIO;5615,16;;5615,16;1040,31;4574,85;
FRANCISCO GELZIMAR S HERCULANO;ASSESSORIA;ASSESSOR II;; CARGO COMISSION.S/VINCULO;4509,79;;4509,79;670,28;3839,51;
FRANCISCO MENDES DA CUNHA;CAREIRO CASTANHO;COORDENADOR LOCAL II-AD-3;COORD.LOCALII AD3; CARGO COMISSION.S/VINCULO;3491,80;;3491,80;422,40;3069,40;
GELCINEI DE SOUZA ARAUJO;NOVA OLINDA DO NORTE;COORDENADOR LOCAL II-AD-3;COORD LOCAL II AD3; CARGO COMISSION.S/VINCULO;3491,80;;3491,80;422,40;3069,40;
GIRLEY JORGE BEZERRA;ITACOATIARA;MEDICO VETERINARIO;; ESTATUTARIO;9721,41;;9721,41;2592,65;7128,76;
GRAZIELE DOMINGUES;DEPTO.ADM.FIN.COM.E FOMENTO;GERENTE;; CARGO COMISSION.S/VINCULO;8719,58;;8719,58;1603,69;7115,89;
GUILHERME PEDROSA DE OLIVEIRA;TABATINGA;M.FLU-III;COORD. LOCAL II AD-3; ESTATUTARIO;4888,23;;4888,23;340,12;4548,11;
HARUO TAKATANI;DEPTO.DEFESA AGROP.E FLORESTAL;F.AGR-III;GERENTE AD-2; ESTATUTARIO;14885,88;;14885,88;3201,39;11684,49;
HAYLA KALINE RODRIGUES LIMA;IRANDUBA;F.AGR-III;FISCAL AGROP-III CL; ESTATUTARIO;9311,49;;9311,49;2447,23;6864,26;
HEITOR TEIXEIRA MACHADO;BARREIRINHA;T.AG-III;TEC.EM AGROPECUARIA; ESTATUTARIO;5615,16;;5615,16;1040,31;4574,85;
ISAAC FRANKLIN PAZUELLO;GUAJARA;COORDENADOR LOCAL II-AD-3;; CARGO COMISSION.S/VINCULO;3491,80;;3491,80;422,40;3069,40;
ITALO CORREA DE LIMA;PRESIDENTE FIGUEIREDO;T.AG-III;TEC.AGROPECUARIA; ESTATUTARIO;5615,16;;5615,16;1040,31;4574,85;
IZAQUE OLIVEIRA DA SILVA;ITAPIRANGA;AUX.AGR-III;AUX. AGROPECUARIO; ESTATUTARIO;3564,38;;3564,38;418,03;3146,35;
JACOB IGNOCY FARIAS TOMÉ;ASSESSORIA;ASSESSOR I;NAO INFORMADO; CARGO COMISSION.S/VINCULO;4135,15;;4135,15;579,05;3556,10;
JAILSON ALVES DE ARAUJO;HUMAITA;T.AG-III;TEC.EM AGROPECUARIA; ESTATUTARIO;5615,16;;5615,16;996,02;4619,14;
JAIR JUNIOR PAIVA DE ALMEIDA;CANUTAMA;COORDENADOR LOCAL II-AD-3;; CARGO COMISSION.S/VINCULO;3491,80;;3491,80;422,40;3069,40;
JECIMEIRE PINHEIRO MATOS;ASSESSORIA;ASSESSOR I;; CARGO COMISSION.S/VINCULO;5462,19;;5462,19;1503,25;3958,94;
JEICIMARA FERREIRA DOS SANTOS;AUTAZES;T.AG-III;TEC.EM AGROPECUARIA; ESTATUTARIO;5615,16;;5615,16;953,36;4661,80;
JESSICA LOPES DO LIVRAMENTO;DEPTO.DEFESA AGROP.E FLORESTAL;AUX.AGR-III;AUX. AGROPECUARIO; ESTATUTARIO;3064,38;;3064,38;344,92;2719,46;
JOÃO LEONARDO BENTES PEREIRA;DEPTO.DEFESA AGROP.E FLORESTAL;ASSESSOR I;; CARGO COMISSION.S/VINCULO;10759,54;;10759,54;1814,09;8945,45;
JOAO VICENTE OLIVEIRA DE AZEVEDO;DEPTO.DEFESA AGROP.E FLORESTAL;MEDICO VETERINARIO;; ESTATUTARIO;8921,41;;8921,41;2320,51;6600,90;
JOCILEIA FREITAS E SILVA;IRANDUBA;AUX.AGR-III;; ESTATUTARIO;3564,38;;3564,38;418,03;3146,35;
JONILSON ROLIM MACEDO;MANACAPURU;T.AG-III;TEC.EM AGROPECUARIA; ESTATUTARIO;5615,16;;5615,16;910,70;4704,46;
JOSANE FONTOURA BLOS ZENI;DEPTO.ADM.FIN.COM.E FOMENTO;ASSESSOR I;; CARGO COMISSION.S/VINCULO;5529,77;;5529,77;986,40;4543,37;
JOSE MIRANDA AZEVEDO;NHAMUNDA;T.AG-III;; ESTATUTARIO;5615,16;;5615,16;1040,31;4574,85;
JOSE RAIMUNDO DE SOUZA PINTO;PARINTINS;T.AG-III;TEC.EM AGROP.; ESTATUTARIO;5615,16;;5615,16;1040,31;4574,85;
JOSE RAIMUNDO MENDES ALVES;PAUINI;COORDENADOR LOCAL II-AD-3;COORD.LOCAL II; CARGO COMISSION.S/VINCULO;3491,80;;3491,80;422,40;3069,40;
JOSE ROGERIO VASCONCELLOS DE ARAUJO;DEPTO.DEFESA AGROP.E FLORESTAL;MEDICO VETERINARIO;DIRETOR PRESIDENTE; ESTATUTARIO;8921,41;;8921,41;1887,33;7034,08;
JOSUE ROBERTO MONTEIRO DA SILVA;PRESIDENTE FIGUEIREDO;COORDENADOR LOCAL I-AD-2;; CARGO COMISSION.S/VINCULO;4509,79;;4509,79;670,28;3839,51;
JULCILEIA ARRUDA DE FARIA;ITACOATIARA;F.AGR-III;FISCAL AGROP-III CL; ESTATUTARIO;9176,76;;9176,76;2399,44;6777,32;
JULIANA PAULA DE SOUZA DO PRADO;DEPTO.ADM.FIN.COM.E FOMENTO;GERENTE;; CARGO COMISSION.S/VINCULO;8719,58;;8719,58;1896,27;6823,31;
JULIO AUGUSTO MORAES MARTINS;MANACAPURU;T.AG-III;TEC.AGROPECUARIA; ESTATUTARIO;5315,16;;5315,16;996,02;4319,14;
KAMILA REGINA ALVES DE SOUZA;DEPTO.DEFESA AGROP.E FLORESTAL;AUX.AGR-III;AUX. AGROPECUARIO; ESTATUTARIO;4283,15;;4283,15;639,79;3643,36;
KARLA PAZ GARCIA;SAO PAULO DE OLIVENCA;AG.AGRO-III;AGENTE AGROPECUARIO; ESTATUTARIO;5615,16;;5615,16;1040,31;4574,85;
KEDMA ROCHA DE MELO;BOCA DO ACRE;T.AG-III;TEC.AGROPECUARIA; ESTATUTARIO;5615,16;;5615,16;1040,31;4574,85;
LAZARO ARAUJO DE ALMEIDA;DEPTO.DEFESA AGROP.E FLORESTAL;ASSISTENTE TECNICO;GERENTE; ESTATUTARIO;9407,98;;9407,98;1717,71;7690,27;
LILIANE GUIMARÃES SILVA;DEPTO.DEFESA AGROP.E FLORESTAL;COORDENADOR LOCAL II-AD-3;; CARGO COMISSION.S/VINCULO;6683,60;;6683,60;1336,38;5347,22;
LUCIANA FERREIRA DA SILVA;CODAJAS;T.AG-III;TEC.EM AGROPECUARIA; ESTATUTARIO;5615,16;;5615,16;1040,31;4574,85;
LUIZ ALVES DE ARRUDA NETO;RIO PRETO DA EVA;T.AG-III;TEC.EM AGROPECUARIA; ESTATUTARIO;5615,16;;5615,16;996,02;4619,14;
LUIZ ANTONIO DA SILVA;DEPTO.DEFESA AGROP.E FLORESTAL;ENGENHEIRO AGRONOMO;CHEFE DE DEPARTAM; ESTATUTARIO;11850,64;;11850,64;2960,90;8889,74;
LUIZ CARLOS ALBUQUERQUE FERREIRA;DEPTO.DEFESA AGROP.E FLORESTAL;AUX.AGR-III;; ESTATUTARIO;3064,38;;3064,38;358,46;2705,92;
LUIZ CARLOS DE SA MORAIS GONCALVES;DEPTO.ADM.FIN.COM.E FOMENTO;TECNICO EM AGROPECUARIA;COORD.LOCAL II AD3; ESTATUTARIO;4975,33;;4975,33;624,40;4350,93;
LUIZ CARLOS LEMOS DOS SANTOS;IRANDUBA;AUX.AGR-III;; ESTATUTARIO;3564,38;;3564,38;418,03;3146,35;
LUIZ FERNANDO DA SILVA;DEPTO.DEFESA AGROP.E FLORESTAL;ENGENHEIRO AGRONOMO;GERENTE AD-2; ESTATUTARIO;12416,47;;12416,47;3211,19;9205,28;
LUIZ MAGALHAES DE FREITAS;CAREIRO DA VARZEA;AG.AGRO-III;AG.AGROPECUARIO; ESTATUTARIO;6286,40;;6286,40;1120,62;5165,78;
MAILTON DA SILVA GUALBERTO;RIO PRETO DA EVA;AUX.AGR-III;AUX. AGROPECUARIO; ESTATUTARIO;3923,16;;3923,16;471,84;3451,32;
MARCELO DANTAS XIMENES;HUMAITA;AUX.AGR-III;; ESTATUTARIO;3564,38;;3564,38;418,03;3146,35;
MARCELO VIEIRA ZEFERINO;BOA VISTA DO RAMOS;T.AG-III;TEC.EM AGRONOMIA; ESTATUTARIO;6286,40;;6286,40;1224,90;5061,50;
MARCIA REGINA CANCIO SANTIAGO;DEPTO.ADM.FIN.COM.E FOMENTO;AUX.AGR-III;; ESTATUTARIO;3564,38;;3564,38;395,96;3168,42;
MARIA AUXILIADORA DUARTE DAS CHAGAS;ITACOATIARA;COORDENADOR LOCAL II-AD-3;; CARGO COMISSION.S/VINCULO;3491,80;;3491,80;422,40;3069,40;
MARIA DA SILVA MELO;HUMAITA;AUX.AGR-III;AUX.AGROPECUARIO; ESTATUTARIO;3564,38;;3564,38;418,03;3146,35;
MARIA DO SOCORRO DUAILIBE GARCIA;GABINETE;CHEFE DE GABINETE;CHEFE DE GABINETE; CARGO COMISSION.S/VINCULO;5529,77;;5529,77;986,40;4543,37;
MARIA IVANE BRITO DE SOUZA;MAUES;T.AG-III;; ESTATUTARIO;6286,40;;6286,40;1224,90;5061,50;
MATEUS SOARES BARROSO;MANACAPURU;T.AG-III;; ESTATUTARIO;5615,16;;5615,16;996,02;4619,14;
MELQUISEDEQUE MACHADO DA CRUZ;HUMAITA;AUX.AGR-III;AUX.AGROPECUARIO; ESTATUTARIO;3923,16;;3923,16;471,84;3451,32;
MICHAELL DA SILVA SANTOS;DEPTO.DEFESA AGROP.E FLORESTAL;F.AGR-III;FISCAL AGROP-III CL; ESTATUTARIO;12541,11;;12541,11;3386,66;9154,45;
MICHELE MODESTO MEIRELES;COARI;F.AGR-III;FISC.AGROP.III CL; ESTATUTARIO;8707,41;;8707,41;2232,94;6474,47;
ORLENCLEISON MARQUES TEMO;HUMAITA;AUX.AGR-III;; ESTATUTARIO;3564,38;;3564,38;381,74;3182,64;
PATRICIA MERLINI DE ALMEIDA;LABREA;F.AGR-III;FISCAL AGROP.; ESTATUTARIO;9176,76;;9176,76;2347,30;6829,46;
PAULO PEDRO TORRES BARROS FILHO;HUMAITA;T.AG-III;; ESTATUTARIO;5615,16;;5615,16;1040,31;4574,85;
PAULO VICTOR ZAU DE OLIVEIRA;DEPTO.DEFESA AGROP.E FLORESTAL;T.AG-III;TEC.AGROPECUARIA; ESTATUTARIO;5115,16;;5115,16;926,18;4188,98;
RAIMUNDO ROBERTO DE MELO CARDOSO;BOCA DO ACRE;TECNICO EM AGROPECUARIA;; ESTATUTARIO;5020,07;;5020,07;811,39;4208,68;
RAMERSON VASCONCELOS FERREIRA;DEPTO.DEFESA AGROP.E FLORESTAL;T.AG-III;TEC.EM AGROPECUARIA; ESTATUTARIO;5115,16;;5115,16;883,52;4231,64;
RAYLEN JORGE SOARES DE SOUZA;IRANDUBA;T.AG-III;; ESTATUTARIO;5615,16;;5615,16;748,51;4866,65;
RICARDO AUGUSTO GONCALVES BORGES;MANICORE;F.AGR-III;FIS.AGROP.III CL; ESTATUTARIO;8707,41;;8707,41;2180,80;6526,61;
ROBERIO DANTAS MAGALHAES;DEPTO.DEFESA AGROP.E FLORESTAL;T.AG-III;TEC.EM AGROPECUARIA; ESTATUTARIO;5115,16;;5115,16;883,52;4231,64;
ROBSON MARIALVA SERRA;DEPTO.DEFESA AGROP.E FLORESTAL;COORDENADOR LOCAL II-AD-3;NAO INFORMADO; CARGO COMISSION.S/VINCULO;6683,60;;6683,60;1336,38;5347,22;
RODRIGO MARQUES DIAS;TABATINGA;COORDENADOR LOCAL I-AD-2;; CARGO COMISSION.S/VINCULO;4509,79;;4509,79;641,84;3867,95;
RONNAN FERREIRA DA COSTA;DEPTO.DEFESA AGROP.E FLORESTAL;AUX.AGR-III;AUX. AGROPECUARIO; ESTATUTARIO;3064,38;;3064,38;372,68;2691,70;
RUTHE RIBEIRO DE OLIVEIRA;MANACAPURU;COORDENADOR LOCAL II-AD-3;; CARGO COMISSION.S/VINCULO;3491,80;;3491,80;422,40;3069,40;
SANDOVAL SALERNO PINHEIRO;DEPTO.DEFESA AGROP.E FLORESTAL;F.AGR-III;; ESTATUTARIO;7607,41;;7607,41;1846,21;5761,20;
SERGIO ROBERTO ROLIM DA SILVA;ITACOATIARA;T.AG-III;TECNICO EM AGRONOMIA; ESTATUTARIO;5615,16;;5615,16;1040,31;4574,85;
SERGIO ROCHA MUNIZ;GABINETE;MEDICO VETERINARIO;DIRETOR; ESTATUTARIO;14423,90;;14423,90;3612,75;10811,15;
SEVERINO DE AZEVEDO NEVES FILHO;DEPTO.DEFESA AGROP.E FLORESTAL;MEDICO VETERINARIO;COORD LOCAL I AD-2; ESTATUTARIO;12372,93;;12372,93;3310,08;9062,85;
SHAMILA EVELLEM MAGALHAES DA SILVA;RIO PRETO DA EVA;AG.AGRO-III;AG. AGROPECUARIO; ESTATUTARIO;7096,02;;7096,02;1447,54;5648,48;
SIVANDRO CAMPOS DE FREITAS;DEPTO.DEFESA AGROP.E FLORESTAL;TECNICO EM AGROPECUARIA;; ESTATUTARIO;6172,59;;6172,59;1063,21;5109,38;
THIAGO FARIAS GOES DE SOUZA;PARINTINS;COORDENADOR LOCAL II-AD-3;; CARGO COMISSION.S/VINCULO;6683,60;;6683,60;1336,38;5347,22;
THIAGO SANCHES AGUIAR;BOCA DO ACRE;MED.V-III;MEDICO VETERINARIO; ESTATUTARIO;8707,41;;8707,41;2232,94;6474,47;
VALDERLI MESQUITA GOMES;BENJAMIN CONSTANT;T.AG-III;TEC.EM AGROPECUARIA; ESTATUTARIO;5615,16;;5615,16;996,02;4619,14;
VALDINEIA PRADO BATISTA;RIO PRETO DA EVA;T.AG-III;TEC.EM AGROPECUARIA; ESTATUTARIO;6286,40;;6286,40;1224,90;5061,50;
VIVIAN SARAIVA BARROSO;GABINETE;COORDENADOR LOCAL II-AD-3;; CARGO COMISSION.S/VINCULO;3491,80;;3491,80;422,40;3069,40;
WAGNER CAMPAGNARO VERNECK;BOCA DO ACRE;F.AGR-III;FISC.AGROP.; ESTATUTARIO;8407,41;;8407,41;2180,80;6226,61;
WALACE CIRNE LOPES;MANAQUIRI;T.AG-III;TEC.EM AGROPECUARIA; ESTATUTARIO;5315,16;;5315,16;996,02;4319,14;
WANDERLEIA GONCALVES RIBEIRO;PARINTINS;COORDENADOR LOCAL II-AD-3;; CARGO COMISSION.S/VINCULO;3491,80;;3491,80;422,40;3069,40;
WILLIAM DIAS FEITOSA;PRESIDENTE FIGUEIREDO;T.AG-III;TEC. EM AGROPECUARIA; ESTATUTARIO;5615,16;;5615,16;1040,31;4574,85;
ZALA ARYSSA TREVISAN MACIEL;LABREA;COORDENADOR LOCAL II-AD-3;; CARGO COMISSION.S/VINCULO;6683,60;;6683,60;1336,38;5347,22;
ZENILDO DOS SANTOS OLIVEIRA FILHO;DEPTO.DEFESA AGROP.E FLORESTAL;AUX.AGR-III;AUX. AGROPECUARIO; ESTATUTARIO;3064,38;;3064,38;372,68;2691,70;
