NOME;LOTACAO;CARGO;FUNCAO;VINCULO;REMUNERACAO LEGAL TOTAL(R$);DESC.TETO(R$); REMUNERACAO LEGAL DEVIDA(R$);DESCONTOS LEGAIS(R$);LIQUIDO DISPONIVEL(R$);
ABIANCY ROCHA REGO DE OLIVEIRA;CASA CIVIL;A.TEC-I;FG-1 ASSESSORIA; ESTATUTARIO;8972,39;;8972,39;1916,44;7055,95;
ADALBERTO FONSECA DE SOUZA;CASA CIVIL;PROFESSOR C5 ED-LIC-V;ASSESSOR TECNICO; ESTATUTARIO;7646,09;;7646,09;1364,59;6281,50;
ADAUCEA VIANA DOS SANTOS;CASA CIVIL;A.TEC-I;; ESTATUTARIO;3892,70;;3892,70;319,80;3572,90;
ADELAINE NASCIMENTO DE O GARCIA;CASA CIVIL;ASSESSOR II AD-2;; CARGO COMISSION.S/VINCULO;4209,79;;4209,79;613,40;3596,39;
ADEMILDE DA SILVA FERNANDES;CASA CIVIL;AUX.S.G-I;FG-3 DE ASSESSORIA; ESTATUTARIO;4984,98;;4984,98;232,29;4752,69;
ADNA MARIA MOTA RAPOSO;CASA CIVIL;ASSESSOR I AD-1;; CARGO COMISSION.S/VINCULO;10459,54;;10459,54;2457,26;8002,28;
AETE DO SOCORRO MARTINS DE MATOS;CASA CIVIL;AGENTE ADMINISTRATIVO 3A CLASSE;REP.MUNIC.DE JUTAI; ESTATUTARIO;4817,54;;4817,54;563,14;4254,40;
AGENOR VEIGA NEGRAO;CASA CIVIL;A.TEC-II;; ESTATUTARIO;3860,79;;3860,79;230,37;3630,42;
ALADIO CORREA JUNIOR;CASA CIVIL;ASSESSOR I AD-1;; CARGO COMISSION.S/VINCULO;5229,77;;5229,77;986,40;4243,37;
ALAN FERNANDO RODRIGUES DE SOUZA;CASA CIVIL;ASSESSOR I AD-1;; CARGO COMISSION.S/VINCULO;5229,77;;5229,77;986,40;4243,37;
ALANA DE AQUINO LIRA;CASA CIVIL;ASSESSOR II AD-2;; CARGO COMISSION.S/VINCULO;8419,58;;8419,58;1896,27;6523,31;
ALBERTO GONCALVES DA SILVA JUNIOR;CASA CIVIL;ASSESSOR II AD-2;; CARGO COMISSION.S/VINCULO;4209,79;;4209,79;670,28;3539,51;
ALBERTO JORGE FERNANDES RIBEIRO;CASA CIVIL;ASSISTENTE TECNICO GOVERNAMENTAL;; ESTATUTARIO;3577,54;;3577,54;279,63;3297,91;
ALCIDES MULLER;CASA CIVIL;ASSISTENTE TECNICO GOVERNAMENTAL;FG-1 ASSESSORIA; ESTATUTARIO;5977,54;;5977,54;673,59;5303,95;
ALCINEA DA CUNHA CIDADE;CASA CIVIL;ASSESSOR I AD-1;; CARGO COMISSION.S/VINCULO;5229,77;;5229,77;986,40;4243,37;
ALCYNEY FERNANDES RODRIGUES;CASA CIVIL;REDATOR GOVERNAMENTAL;FG-3 DE ASSESSORIA; ESTATUTARIO;4843,77;;4843,77;329,83;4513,94;
ALDRIN DE OLIVEIRA BARBOSA;CASA CIVIL;CONSULTOR TECNICO LEGISLATIVO I;; CARGO COMISSION.S/VINCULO;7500,00;;7500,00;1643,39;5856,61;
ALESSANDRA GUEDES MOURA CAVALCANTI;CASA CIVIL;CONSULTOR TECNICO LEGISLATIVO II;; CARGO COMISSION.S/VINCULO;6500,00;;6500,00;1061,57;5438,43;
ALESSANDRA PAIXAO OLIVEIRA FREITAS;CASA CIVIL;ASSESSOR TECNICO;; CARGO COMISSION.S/VINCULO;7000,00;;7000,00;1505,89;5494,11;
ALINE MASSULO LOUBET DA MATA;CASA CIVIL;ASSESSOR III AD-3;; CARGO COMISSION.S/VINCULO;3191,80;;3191,80;422,40;2769,40;
AMANDA JACINTO DE CARVALHO;FUNDO DE PROMOCAO SOCIAL-FPS;ASSESSOR II AD-2;; CARGO COMISSION.S/VINCULO;4209,79;;4209,79;670,28;3539,51;
AMAZONINO ARMANDO MENDES;CASA CIVIL;GOVERNADOR DE ESTADO;; CARGO COMISSION.S/VINCULO;30471,11;;30471,11;;30471,11;
ANA BEATRIZ LOBO MOUTINHO BREVAL;CASA CIVIL;ESCRIVAO DE POL.3A.CL. PC-ESC-III;SEC.EXECUTIVO; ESTATUTARIO;11700,00;;11700,00;2348,14;9351,86;
ANA CAROLINA DE ALENCAR BALIEIRO;CASA CIVIL;CONSULTOR TECNICO LEGISLATIVO I;; CARGO COMISSION.S/VINCULO;7500,00;;7500,00;1643,39;5856,61;
ANA CLAUDIA DE SOUSA SILVA;CASA CIVIL;ASSESSOR III AD-3;; CARGO COMISSION.S/VINCULO;3191,80;;3191,80;422,40;2769,40;
ANA CLAUDIA OLIVEIRA DOS SANTOS;FUNDO DE PROMOCAO SOCIAL-FPS;ASSESSOR I AD-1;; CARGO COMISSION.S/VINCULO;5229,77;;5229,77;986,40;4243,37;
ANA CLAUDIA SANTANA DA COSTA;CASA CIVIL;ASSESSOR I AD-1;; CARGO COMISSION.S/VINCULO;5229,77;;5229,77;986,40;4243,37;
ANA CRISTINA RODRIGUES DE SOUZA;CASA CIVIL;ASSISTENTE TECNICO GOVERNAMENTAL;FG-1 ASSESSORIA; ESTATUTARIO;5986,28;;5986,28;780,97;5205,31;
ANA GABRIELLA FILIZZOLA S NORONHA;CASA CIVIL;ASSESSOR II AD-2;ASSESSOR II AD-2; CARGO COMISSION.S/VINCULO;4209,79;;4209,79;670,28;3539,51;
ANA KARINE MAIA DE OLIVEIRA ROMAO;CASA CIVIL;ASSESSOR I AD-1;; CARGO COMISSION.S/VINCULO;6973,03;;6973,03;1498,47;5474,56;
ANA MARIA DA SILVA ABINADER;CASA CIVIL;ASSESSOR III AD-3;ASSESSOR AD3; CARGO COMISSION.S/VINCULO;3191,80;;3191,80;422,40;2769,40;
ANA MARIA GATO BENTES;FUNDO DE PROMOCAO SOCIAL-FPS;A.TEC-II;SECRETARIA EXECUTIVA; ESTATUTARIO;11700,00;;11700,00;2461,31;9238,69;
ANA MARIA HOLANDA FARIAS SALES;CASA CIVIL;CONSULTOR TEC.LEGISLATIVO IV- AD-1;; CARGO COMISSION.S/VINCULO;5229,77;;5229,77;986,40;4243,37;
ANA PAULA GOMES ROCHA;CASA CIVIL;ASSESSOR I AD-1;; CARGO COMISSION.S/VINCULO;6734,36;;6734,36;27,39;6706,97;
ANA PAULA MACIEL MORENO;CASA CIVIL;ASSESSOR II AD-2;; CARGO COMISSION.S/VINCULO;4209,79;;4209,79;670,28;3539,51;
ANA RITA GARCIA DA SILVA;CASA CIVIL;ASSESSOR II AD-2;; CARGO COMISSION.S/VINCULO;4209,79;;4209,79;670,28;3539,51;
ANDREA CRISTINA BRAGA DA S ARAUJO;FUNDO DE PROMOCAO SOCIAL-FPS;ASSESSOR II AD-2;; CARGO COMISSION.S/VINCULO;4209,79;;4209,79;670,28;3539,51;
ANDREIA ALEXANDRA LAGE RIBEIRO;CASA CIVIL;ASSESSOR I AD-1;; CARGO COMISSION.S/VINCULO;5229,77;;5229,77;986,40;4243,37;
ANDREIA CARVALHO CHAGAS;CASA CIVIL;ASSESSOR I AD-1;; CARGO COMISSION.S/VINCULO;5229,77;;5229,77;986,40;4243,37;
ANDREIA DA SILVA LACERDA;CASA CIVIL;ASSESSOR II AD-2;; CARGO COMISSION.S/VINCULO;4209,79;;4209,79;670,28;3539,51;
ANDREY KAWAMURA FELIPE;CASA CIVIL;CONSULTOR TEC.LEGISLATIVO IV- AD-1;; CARGO COMISSION.S/VINCULO;5229,77;;5229,77;986,40;4243,37;
ANDREZA RODRIGUES DA SILVA;CASA CIVIL;ASSESSOR I AD-1;; CARGO COMISSION.S/VINCULO;5229,77;;5229,77;986,40;4243,37;
ANGELA MARIA SOUZA DE BARROS;CASA CIVIL;ASSISTENTE TECNICO GOVERNAMENTAL;FG-3 DE ASSESSORIA; ESTATUTARIO;5495,02;;5495,02;594,43;4900,59;
ANGELO ROBERTO LOPES DA SILVA;CASA CIVIL;ASSESSOR I AD-1;; CARGO COMISSION.S/VINCULO;5229,77;;5229,77;986,40;4243,37;
ANNE CAROLINE PEDROSO TURIBI;CASA CIVIL;ASSESSOR TECNICO;; CARGO COMISSION.S/VINCULO;7000,00;;7000,00;1505,89;5494,11;
ANTONIA NIZALIA DA SILVA;CASA CIVIL;ASSESSOR II AD-2;ASSESSOR II AD 2; CARGO COMISSION.S/VINCULO;4209,79;;4209,79;670,28;3539,51;
ANTONIO CARLOS CONCEICAO OLIVEIRA;CASA CIVIL;A.TEC-I;FG-1 CHEFE DE GAB; ESTATUTARIO;6747,53;;6747,53;1005,78;5741,75;
ANTONIO CARLOS MIRANDA NOGUEIRA;CASA CIVIL;ASSESSOR TECNICO;; CARGO COMISSION.S/VINCULO;7000,00;;7000,00;1505,89;5494,11;
ANTONIO DO NASCIMENTO P AMORIM;FUNDO DE PROMOCAO SOCIAL-FPS;ASSESSOR III AD-3;; CARGO COMISSION.S/VINCULO;3191,80;;3191,80;422,40;2769,40;
ANTONIO ERIVELTO AQUINO DE OLIVEIRA;CASA CIVIL;ASSESSOR I AD-1;; CARGO COMISSION.S/VINCULO;5229,77;;5229,77;986,40;4243,37;
ANTONIO FERREIRA FALCAO;CASA CIVIL;MOT-I;; ESTATUTARIO;4114,26;;4114,26;364,22;3750,04;
ANTONIO FRANCISCO DA SILVA;CASA CIVIL;A.TEC-I;FUNCAO GRATIFICAD; ESTATUTARIO;6127,83;;6127,83;681,67;5446,16;
ANTONIO FRANCISCO DA SILVA CASTRO;CASA CIVIL;MOT-I;; ESTATUTARIO;2841,39;;2841,39;219,68;2621,71;
ANTONIO IRAN DE SOUZA LIMA;CASA CIVIL;TECNICO EM AGROPECUARIA;SEC EXTRAORD PROJETO; ESTATUTARIO;11700,00;;11700,00;2455,82;9244,18;
ANTONIO MARCEL SERUDO R FERREIRA;CASA CIVIL;ASSESSOR I AD-1;; CARGO COMISSION.S/VINCULO;10459,54;;10459,54;2457,26;8002,28;
ANTÔNIO CARLOS SANTOS DOS REIS;CASA CIVIL;ASSESSOR I AD-1;; CARGO COMISSION.S/VINCULO;6973,03;;6973,03;1498,47;5474,56;
ARABI AMED E SILVA;CASA CIVIL;ASSISTENTE SOCIAL;FG-2 ASSESSORIA; ESTATUTARIO;5991,90;;5991,90;998,89;4993,01;
ARIEL AMZALAK EREMITA;CASA CIVIL;ASSESSOR II AD-2;; CARGO COMISSION.S/VINCULO;4209,79;;4209,79;670,28;3539,51;
ARLEDNEY CAVALCANTI MENDES;CASA CIVIL;ASSISTENTE TECNICO GOVERNAMENTAL;FG-2 ASSESSORIA; ESTATUTARIO;5495,02;;5495,02;646,57;4848,45;
ARLENE LIMA MATHIAS;CASA CIVIL;A.TEC-I;; ESTATUTARIO;3902,40;;3902,40;322,07;3580,33;
ARLETE FELIZARDO DE SOUSA LUZ;CASA CIVIL;ASSESSOR I AD-1;; CARGO COMISSION.S/VINCULO;5229,77;;5229,77;986,40;4243,37;
ARNALDINA DO SOCORRO CHAGAS;CASA CIVIL;ASSESSOR I AD-1;; CARGO COMISSION.S/VINCULO;5229,77;;5229,77;986,40;4243,37;
ARNOLDO DE OLIVEIRA NAZARETH FILHO;CASA CIVIL;ASSESSOR I AD-1;; CARGO COMISSION.S/VINCULO;5229,77;;5229,77;986,40;4243,37;
ARSINOE KARINA QUEIROZ DE OLIVEIRA;CASA CIVIL;ASSESSOR TECNICO;; CARGO COMISSION.S/VINCULO;7000,00;;7000,00;1505,89;5494,11;
AUDRIA REGINA SOARES DE ALBUQUERQUE;CASA CIVIL;ESCRIVAO DE POL.4A.CL. PC-ESC-IV;ASSESSOR I AD1; ESTATUTARIO;5000,00;;5000,00;505,64;4494,36;
AUGUSTO CESAR TEIXEIRA NASCIMENTO;CASA CIVIL;ASSISTENTE TECNICO GOVERNAMENTAL;FG-1 CHEFE DE SETOR; ESTATUTARIO;5995,02;;5995,02;784,07;5210,95;
AUXILIADORA BEZERRA FERREIRA;CASA CIVIL;COZINHEIRO GOVERNAMENTAL;; ESTATUTARIO;2888,04;;2888,04;194,23;2693,81;
AYDA MIRTES LUZEIRO LOPES CRUZ;CASA CIVIL;A.TEC-I;FG-2 ASSESSORIA; ESTATUTARIO;6043,86;;6043,86;899,26;5144,60;
AYR JOSE DE SOUZA;CASA CIVIL;ASSESSOR I AD-1;; CARGO COMISSION.S/VINCULO;5229,77;;5229,77;986,40;4243,37;
AYRTON SENNA PONCE RAPOSO;CASA CIVIL;CONSULTOR TECNICO II;; CARGO COMISSION.S/VINCULO;6500,00;;6500,00;1368,39;5131,61;
AYUMI MARQUES BENCHIMOL DA SILVA;CASA CIVIL;ASSESSOR III AD-3;; CARGO COMISSION.S/VINCULO;3191,80;;3191,80;422,40;2769,40;
AZIZILENE GEBER DOS SANTOS;CASA CIVIL;ASSESSOR TECNICO;; CARGO COMISSION.S/VINCULO;7000,00;;7000,00;1505,89;5494,11;
BELMIRA DOS SANTOS DE OLIVEIRA;CASA CIVIL;A.TEC-I;FG-1 CHEFE DE SETOR; ESTATUTARIO;7621,06;;7621,06;1472,08;6148,98;
BERLEI DE SA ARRUDA;CASA CIVIL;ASSESSOR I AD-1;; CARGO COMISSION.S/VINCULO;5229,77;;5229,77;986,40;4243,37;
BERNADETH FERREIRA GODINHO;CASA CIVIL;A.TEC-I;FG-1 ASSESSORIA; ESTATUTARIO;6526,87;;6526,87;1083,91;5442,96;
BIANCA ALENCAR FARIAS DE PAULA;CASA CIVIL;CONSULTOR TEC.LEGISLATIVO IV- AD-1;; CARGO COMISSION.S/VINCULO;5229,77;;5229,77;986,40;4243,37;
BIANKA CAELLI BARRETO RODRIGUES;CASA CIVIL;ASSESSOR I AD-1;; CARGO COMISSION.S/VINCULO;5229,77;;5229,77;986,40;4243,37;
BRENDA QUEIROZ LINS;CASA CIVIL;ASSESSOR I AD-1;; CARGO COMISSION.S/VINCULO;5229,77;;5229,77;858,43;4371,34;
BRENDO TELES BALIEIRO;CASA CIVIL;ASSESSOR I AD-1;; CARGO COMISSION.S/VINCULO;5229,77;;5229,77;986,40;4243,37;
BRUNA DAVILLA MOURAO PASSOS;FUNDO DE PROMOCAO SOCIAL-FPS;ASSESSOR III AD-3;; CARGO COMISSION.S/VINCULO;3191,80;;3191,80;422,40;2769,40;
BRUNNO VASCONCELOS COSTA;CASA CIVIL;ASSESSOR II AD-2;; CARGO COMISSION.S/VINCULO;4209,79;;4209,79;670,28;3539,51;
BRUNO HENRIQUE SABBA G PAULA;CASA CIVIL;ASSESSOR TECNICO;; CARGO COMISSION.S/VINCULO;7000,00;;7000,00;1505,89;5494,11;
CANDIDA FERNANDES DE SOUZA;CASA CIVIL;TNS-III;FG-1 ASSESSORIA; ESTATUTARIO;9093,42;;9093,42;1579,19;7514,23;
CARLA DE SOUZA ALFAIA;FUNDO DE PROMOCAO SOCIAL-FPS;ASSESSOR I AD-1;; CARGO COMISSION.S/VINCULO;5229,77;;5229,77;986,40;4243,37;
CARLIETTE BATISTA DE OLIVEIRA;FUNDO DE PROMOCAO SOCIAL-FPS;ASSESSOR TECNICO;; CARGO COMISSION.S/VINCULO;7000,00;;7000,00;1505,89;5494,11;
CARLOS ALBERTO DE OLIVEIRA NAZARE;CASA CIVIL;ASSISTENTE TECNICO GOVERNAMENTAL;; ESTATUTARIO;3586,28;;3586,28;224,88;3361,40;
CARLOS ALBERTO GONCALVES DE MELO;CASA CIVIL;A.TEC-I;FG-2 GESTOR DE CONT.; ESTATUTARIO;5802,40;;5802,40;548,76;5253,64;
CARLOS ALBERTO SOUZA DOS SANTOS;CASA CIVIL;ASSESSOR III AD-3;; CARGO COMISSION.S/VINCULO;3191,80;;3191,80;422,40;2769,40;
CARLOS ANDRE LIUZZI GOMES;CASA CIVIL;CONSULTOR TECNICO III;; CARGO COMISSION.S/VINCULO;5500,00;;5500,00;796,95;4703,05;
CARLOS JOSE DAMIAO DE OLIVEIRA;CASA CIVIL;ASSESSOR TECNICO;; CARGO COMISSION.S/VINCULO;7000,00;;7000,00;1505,89;5494,11;
CAROLINE CARNEIRO RIBEIRO;CASA CIVIL;CONSULTOR TECNICO III;; CARGO COMISSION.S/VINCULO;5500,00;;5500,00;1081,77;4418,23;
CASSIUS CLAY CARNEIRO;CASA CIVIL;ASSESSOR I AD-1;; CARGO COMISSION.S/VINCULO;5229,77;;5229,77;986,40;4243,37;
CELIO ROBERTO DO CARMO DE OLIVEIRA;CASA CIVIL;ASSESSOR TECNICO;; CARGO COMISSION.S/VINCULO;7000,00;;7000,00;1505,89;5494,11;
CINTIA VIANA GUIMARAES;FUNDO DE PROMOCAO SOCIAL-FPS;ASSESSOR III AD-3;; CARGO COMISSION.S/VINCULO;3191,80;;3191,80;422,40;2769,40;
CLAUDIA AMED E SILVA;CASA CIVIL;ASSESSOR I AD-1;ASSESSOR I AD-1; CARGO COMISSION.S/VINCULO;5229,77;;5229,77;943,74;4286,03;
CLAUDIA KARINE BOMFIM S SANTOS;FUNDO DE PROMOCAO SOCIAL-FPS;ASSESSOR III AD-3;; CARGO COMISSION.S/VINCULO;3191,80;;3191,80;422,40;2769,40;
CLEBER BERNARDES FERREIRA FILHO;CASA CIVIL;CONSULTOR TECNICO II;; CARGO COMISSION.S/VINCULO;6500,00;;6500,00;1368,39;5131,61;
CLEOMA JUSTINA DE CASTRO;CASA CIVIL;ASSESSOR II AD-2;; CARGO COMISSION.S/VINCULO;4209,79;;4209,79;670,28;3539,51;
CLEONICE LIMA DOS REIS;CASA CIVIL;ASSISTENTE TECNICO GOVERNAMENTAL;; ESTATUTARIO;4985,46;;4985,46;559,53;4425,93;
COSMO VASCONCELOS DE CARVALHO;CASA CIVIL;A.TEC-I;; ESTATUTARIO;3912,11;;3912,11;241,88;3670,23;
CRISTIANE BRISSOW DE AZEVEDO;CASA CIVIL;CONSULTOR TECNICO III;; CARGO COMISSION.S/VINCULO;5500,00;;5500,00;1081,77;4418,23;
CRISTIANO ALVES LOUREIRO;FUNDO DE PROMOCAO SOCIAL-FPS;ASSESSOR TECNICO;; CARGO COMISSION.S/VINCULO;7000,00;;7000,00;1505,89;5494,11;
CYNTHIA ROCHA MENDONCA;CASA CIVIL;CONSULTOR TECNICO II;; CARGO COMISSION.S/VINCULO;6500,00;;6500,00;1062,63;5437,37;
CYNTIA PEREIRA DE SOUSA;CASA CIVIL;ASSESSOR I AD-1;; CARGO COMISSION.S/VINCULO;5229,77;;5229,77;986,40;4243,37;
DAIANE SILVA VASCONCELOS;FUNDO DE PROMOCAO SOCIAL-FPS;ASSESSOR III AD-3;ASSESSOR III AD-3; CARGO COMISSION.S/VINCULO;4255,73;;4255,73;684,21;3571,52;
DALTON DAS NEVES PICANCO;CASA CIVIL;TECNICO GOVERNAMENTAL;TEC IV SUP 3 CLASSE; ESTATUTARIO;3104,64;;3104,64;372,25;2732,39;
DANIEL ANVERES DE MENDONCA;CASA CIVIL;ASSESSOR I AD-1;; CARGO COMISSION.S/VINCULO;5229,77;;5229,77;986,40;4243,37;
DANIEL COSTA DE MELO;CASA CIVIL;ASSESSOR I AD-1;; CARGO COMISSION.S/VINCULO;5229,77;;5229,77;986,40;4243,37;
DANIEL DARLAN MENEZES DO NASCIMENTO;FUNDO DE PROMOCAO SOCIAL-FPS;ASSESSOR IV AD-4;; CARGO COMISSION.S/VINCULO;2575,61;;2575,61;264,79;2310,82;
DANIEL DUARTE SANTOS;CASA CIVIL;ASSESSOR III AD-3;; CARGO COMISSION.S/VINCULO;3191,80;;3191,80;422,40;2769,40;
DANIEL MOREIRA DA COSTA;CASA CIVIL;ASSESSOR I AD-1;; CARGO COMISSION.S/VINCULO;5229,77;;5229,77;986,40;4243,37;
DANIEL SODRE GURGEL DO AMARAL;CASA CIVIL;ASSESSOR I AD-1;; CARGO COMISSION.S/VINCULO;10459,54;;10459,54;2457,26;8002,28;
DANIELA TOILZA NUNES;CASA CIVIL;ASSESSOR II AD-2;; CARGO COMISSION.S/VINCULO;5613,05;;5613,05;1069,73;4543,32;
DANIELLE FARIAS DA CRUZ FERNANDES;CASA CIVIL;ASSESSOR I AD-1;; CARGO COMISSION.S/VINCULO;5229,77;;5229,77;986,40;4243,37;
DANIELLE FERNANDES AMORIM;CASA CIVIL;ASSESSOR I AD-1;; CARGO COMISSION.S/VINCULO;5229,77;;5229,77;986,40;4243,37;
DANIELLY PRADO DA SILVA;CASA CIVIL;ASSESSOR TECNICO;; CARGO COMISSION.S/VINCULO;7000,00;;7000,00;1505,89;5494,11;
DANILO GONCALVES DE SOUZA JUNIOR;CASA CIVIL;A.TEC-I;FG-3 DE ASSESSORIA; ESTATUTARIO;6110,34;;6110,34;779,74;5330,60;
DAVI MARQUES LITAIFF;CASA CIVIL;ASSESSOR I AD-1;; CARGO COMISSION.S/VINCULO;5229,77;;5229,77;986,40;4243,37;
DAVID MOURAO CORREA;CASA CIVIL;MOT-I;; ESTATUTARIO;2841,39;;2841,39;176,86;2664,53;
DAYANE ANDRADE REBELO;CASA CIVIL;ASSESSOR I AD-1;; CARGO COMISSION.S/VINCULO;5229,77;;5229,77;986,40;4243,37;
DENISE NASCIMENTO DE REZENDE;CASA CIVIL;ASSESSOR I AD-1;; CARGO COMISSION.S/VINCULO;5229,77;;5229,77;901,09;4328,68;
DENIZE SANTOS DE ANDRADE;CASA CIVIL;ASSESSOR I AD-1;; CARGO COMISSION.S/VINCULO;5229,77;;5229,77;986,40;4243,37;
DERMILSON DE SOUZA ARAUJO;CASA CIVIL;A.TEC-II;FG-2 GESTOR DE CONT.; ESTATUTARIO;5525,00;;5525,00;361,78;5163,22;
DIEGO BATISTA DE OLIVEIRA;CASA CIVIL;ASSESSOR I AD-1;ASSESSOR I AD-1; CARGO COMISSION.S/VINCULO;5229,77;;5229,77;986,40;4243,37;
DIEGO BEZERRA PERES;CASA CIVIL;ASSESSOR II AD-2;; CARGO COMISSION.S/VINCULO;4209,79;;4209,79;670,28;3539,51;
DIEGO DA SILVA VASCONCELOS;FUNDO DE PROMOCAO SOCIAL-FPS;ASSESSOR III AD-3;; CARGO COMISSION.S/VINCULO;3191,80;;3191,80;422,40;2769,40;
DIEGO MADDY BASTOS DE MELO;CASA CIVIL;ASSESSOR III AD-3;; CARGO COMISSION.S/VINCULO;3191,80;;3191,80;422,40;2769,40;
DILENE MARIA DA COSTA GONCALVES;CASA CIVIL;ASSESSOR I AD-1;ASSESSOR I AD 1; CARGO COMISSION.S/VINCULO;5229,77;;5229,77;986,40;4243,37;
DIRLEI CORDEIRO DA SILVA;CASA CIVIL;ASSESSOR II AD-2;ASSESSOR II AD-2; CARGO COMISSION.S/VINCULO;5613,05;;5613,05;1121,87;4491,18;
DJAVAN PEREIRA DE MELO;CASA CIVIL;ASSESSOR II AD-2;ASSESSOR II AD-2; CARGO COMISSION.S/VINCULO;4209,79;;4209,79;670,28;3539,51;
DOUGLAS MARTINS BENAION;CASA CIVIL;A.TEC-I;FG-2 ASSESSORIA; ESTATUTARIO;6055,20;;6055,20;747,92;5307,28;
EDBERG MEDEIROS SOARES;CASA CIVIL;ASSESSOR I AD-1;; CARGO COMISSION.S/VINCULO;5000,00;;5000,00;915,12;4084,88;
EDILEUZA SA DIAS;FUNDO DE PROMOCAO SOCIAL-FPS;ASSESSOR II AD-2;; CARGO COMISSION.S/VINCULO;5613,05;;5613,05;1121,87;4491,18;
EDILSON ABRANTES PINTO;CASA CIVIL;ASSESSOR I AD-1;; CARGO COMISSION.S/VINCULO;5229,77;;5229,77;986,40;4243,37;
EDISSANDRA OLIVEIRA GUIMARAES;CASA CIVIL;AGENTE PREVIDENCIARIO;CONS.TEC.LEG.III; ESTATUTARIO;5000,00;;5000,00;453,50;4546,50;
EDNA MACHADO MELLO;CASA CIVIL;A.TEC-I;CHEFE DE GABINETE; ESTATUTARIO;11973,89;;11973,89;2750,53;9223,36;
EDSON BRANDAO DO NASCIMENTO;CASA CIVIL;REDATOR GOVERNAMENTAL;FG-1 CHEFE DE SETOR; ESTATUTARIO;6012,51;;6012,51;738,14;5274,37;
EDSON DE SOUZA SAMPAIO;CASA CIVIL;SARGENTO 2;ASSESSOR TECNICO; ESTATUTARIO;6000,00;;6000,00;728,50;5271,50;
EDUARDO DA SILVA NEGRAO;CASA CIVIL;ASSESSOR TECNICO;; CARGO COMISSION.S/VINCULO;7000,00;;7000,00;1505,89;5494,11;
EDUARDO DIAS DE SOUZA;CASA CIVIL;ASSESSOR I AD-1;; CARGO COMISSION.S/VINCULO;4648,67;;4648,67;156,89;4491,78;
EDUARDO GONCALVES DE A JUNIOR;CASA CIVIL;MOT-I;; ESTATUTARIO;2841,39;;2841,39;205,46;2635,93;
ELIANA GOUVEA DE OLIVEIRA;FUNDO DE PROMOCAO SOCIAL-FPS;ASSESSOR II AD-2;; CARGO COMISSION.S/VINCULO;4209,79;;4209,79;670,28;3539,51;
ELIANE CORREA GENTIL;CASA CIVIL;MEDICO ESPECIALISTA;SECRET.EXECUTIVA ADM; ESTATUTARIO;9900,00;;9900,00;1853,14;8046,86;
ELIANE FERREIRA DA SILVA;CASA CIVIL;SECRETARIO DE ESTADO EXTRAORDINARIO;; CARGO COMISSION.S/VINCULO;13500,00;;13500,00;3293,39;10206,61;
ELINELSON FERREIRA COLARES;CASA CIVIL;CONSULTOR TECNICO II;; CARGO COMISSION.S/VINCULO;6500,00;;6500,00;1368,39;5131,61;
ELIZA CATARINA DE MELO BERNARDO;CASA CIVIL;ASSISTENTE TECNICO GOVERNAMENTAL;FG-3 ASSESSORIA; ESTATUTARIO;4835,02;;4835,02;525,68;4309,34;
ELIZABETH GOMES SARAIVA;CASA CIVIL;ASSESSOR I AD-1;; CARGO COMISSION.S/VINCULO;5229,77;;5229,77;986,40;4243,37;
ELIZABETH SOARES RAPOSO;CASA CIVIL;A.TEC-I;; ESTATUTARIO;3794,23;;3794,23;312,05;3482,18;
ELIZAMARA MOREIRA DOS S AZEVEDO;CASA CIVIL;ASSESSOR III AD-3;; CARGO COMISSION.S/VINCULO;3191,80;;3191,80;422,40;2769,40;
ELY FELETE BARBOSA DE SOUZA;CASA CIVIL;ASSESSOR II AD-2;; CARGO COMISSION.S/VINCULO;4209,79;;4209,79;670,28;3539,51;
EMERSON DA SILVA CASTRO;FUNDO DE PROMOCAO SOCIAL-FPS;ASSESSOR TECNICO;; CARGO COMISSION.S/VINCULO;7000,00;;7000,00;1505,89;5494,11;
EMERSON LIMA DO CARMO;CASA CIVIL;ASSESSOR II AD-2;ASSESSOR II AD 2; CARGO COMISSION.S/VINCULO;4209,79;;4209,79;670,28;3539,51;
ERIK PAULO DE SOUZA NOBRE;FUNDO DE PROMOCAO SOCIAL-FPS;ASSESSOR IV AD-4;; CARGO COMISSION.S/VINCULO;2575,61;;2575,61;264,79;2310,82;
ERIKA ANDRADE DE OLIVEIRA;CASA CIVIL;ASSESSOR III AD-3;; CARGO COMISSION.S/VINCULO;3191,80;;3191,80;422,40;2769,40;
ERIKA FERREIRA RIBEIRO;CASA CIVIL;A.TEC-II;ASSESSOR I AD-1; ESTATUTARIO;7780,61;;7780,61;1334,77;6445,84;
ERIS VANEZA RIBEIRO LIMA;CASA CIVIL;CONSULTOR TECNICO III;; CARGO COMISSION.S/VINCULO;11000,00;;11000,00;1975,68;9024,32;
ERLEN CRUZ DO AMARAL;CASA CIVIL;CONSULTOR TECNICO II;CONS.TECNICO; CARGO COMISSION.S/VINCULO;6500,00;;6500,00;1368,39;5131,61;
ESTANISLAU GASPAR FERNANDES;CASA CIVIL;A.TEC-I;FG-1 ASSESSORIA; ESTATUTARIO;6644,28;;6644,28;1004,67;5639,61;
ETELVINA DE CASSIA PERES VICTORIA;CASA CIVIL;A.TEC-I;FG-2 DE ASSESSORIA; ESTATUTARIO;7480,45;;7480,45;1260,79;6219,66;
EVANILDO PINTO ALMEIDA;CASA CIVIL;MOT-I;; ESTATUTARIO;3846,13;;3846,13;373,27;3472,86;
EZIO FERREIRA DE SOUZA JUNIOR;CASA CIVIL;ASSESSOR TECNICO;; CARGO COMISSION.S/VINCULO;7000,00;;7000,00;1505,89;5494,11;
FABIANO DOMINGOS FIORI;CASA CIVIL;TNS-I;TEC NIVEL SUPERIOR; ESTATUTARIO;4364,56;;4364,56;623,67;3740,89;
FABIO MURILO DE O S FERNANDES;CASA CIVIL;ASSESSOR II AD-2;ASSESSOR II-AD-2; CARGO COMISSION.S/VINCULO;4209,79;;4209,79;670,28;3539,51;
FABIOLA DE ALMEIDA HAGGE;CASA CIVIL;CONSULTOR TECNICO I;; CARGO COMISSION.S/VINCULO;7500,00;;7500,00;1643,39;5856,61;
FABIOLA PINHEIRO VIEIRA BARRETO;FUNDO DE PROMOCAO SOCIAL-FPS;ASSESSOR III AD-3;; CARGO COMISSION.S/VINCULO;3191,80;;3191,80;422,40;2769,40;
FABIOLA XAVIER DESTERRO E SILVA;CASA CIVIL;PROFESSOR 40 HORAS C4 ED-LPL-IV;CHEF.ADJ.CONS.T-LEGI; ESTATUTARIO;11233,80;;11233,80;2469,86;8763,94;
FABRIZIA MARGARIDA DE BARROS;CASA CIVIL;ASSISTENTE TECNICO;; ESTATUTARIO;3586,28;;3586,28;281,76;3304,52;
FERNANDA KAISSA DO NASCIMENTO SILVA;CASA CIVIL;CONSULTOR TECNICO II;; CARGO COMISSION.S/VINCULO;6500,00;;6500,00;1368,39;5131,61;
FERNANDA SANTOS SILVA;CASA CIVIL;ASSESSOR II AD-2;ASSESSOR II AD 2; CARGO COMISSION.S/VINCULO;4209,79;;4209,79;670,28;3539,51;
FERNANDA THAIS TRIGUEIRO DUK;FUNDO DE PROMOCAO SOCIAL-FPS;ASSESSOR II AD-2;; CARGO COMISSION.S/VINCULO;4209,79;;4209,79;670,28;3539,51;
FERNANDO DE ALENCAR TAVARES;CASA CIVIL;ASSESSOR II AD-2;ASSESSOR II AD 2; CARGO COMISSION.S/VINCULO;4209,79;;4209,79;670,28;3539,51;
FRANCISCA DAS CHAGAS P BARBOSA;CASA CIVIL;CONSULTOR TECNICO I;; CARGO COMISSION.S/VINCULO;7500,00;;7500,00;1643,39;5856,61;
FRANCISCA EVANILDE COSTA DA SILVA;CASA CIVIL;ASSESSOR II AD-2;ASSESSOR II AD-2; CARGO COMISSION.S/VINCULO;4209,79;;4209,79;670,28;3539,51;
FRANCISCA LIMA SOARES;FUNDO DE PROMOCAO SOCIAL-FPS;ASSESSOR II AD-2;; CARGO COMISSION.S/VINCULO;4209,79;;4209,79;670,28;3539,51;
FRANCISCA SILVA DA ROCHA;CASA CIVIL;ASSESSOR II AD-2;; CARGO COMISSION.S/VINCULO;4209,79;;4209,79;670,28;3539,51;
FRANCISCO BONETH;CASA CIVIL;MOT-I;; ESTATUTARIO;3018,25;;3018,25;204,51;2813,74;
FRANCISCO CARLOS CRUZ PESSOA DE SIQ;CASA CIVIL;ASSESSOR II AD-2;ASSESSOR II AD 2; CARGO COMISSION.S/VINCULO;4209,79;;4209,79;670,28;3539,51;
FRANCISCO DE ASSIS BULCAO DE SOUZA;CASA CIVIL;ASSESSOR I AD-1;; CARGO COMISSION.S/VINCULO;5229,77;;5229,77;986,40;4243,37;
FRANCISCO HELIO BEZERRA BESSA FILHO;CASA CIVIL;ASSESSOR II AD-2;; CARGO COMISSION.S/VINCULO;4209,79;;4209,79;670,28;3539,51;
FRANCISCO PEREIRA GOMES;CASA CIVIL;MOT-I;; ESTATUTARIO;2841,39;;2841,39;176,86;2664,53;
FRANCISCO RICARDO PEREIRA FERNANDES;CASA CIVIL;CHEFE ADJUNTO DA CTL;; CARGO COMISSION.S/VINCULO;8100,00;;8100,00;1808,39;6291,61;
FRANCISCO SOARES DE MOURA;CASA CIVIL;MOT-I;FG-3 DE ASSESSORIA; ESTATUTARIO;5263,95;;5263,95;515,44;4748,51;
FRED DANGELO THOMAZ VALENTE;FUNDO DE PROMOCAO SOCIAL-FPS;ASSESSOR I AD-1;; CARGO COMISSION.S/VINCULO;5229,77;;5229,77;901,09;4328,68;
FREDSON NOGUEIRA DA SILVA;CASA CIVIL;ASSESSOR TECNICO;; CARGO COMISSION.S/VINCULO;7000,00;;7000,00;1505,89;5494,11;
GABRIELA CORREIA DA SILVA;CASA CIVIL;ASSESSOR III AD-3;ASSESSOR III AD-3; CARGO COMISSION.S/VINCULO;3191,80;;3191,80;422,40;2769,40;
GABRIELLA GOMES SOARES;CASA CIVIL;ASSESSOR II AD-2;ASSESSOR II AD-2; CARGO COMISSION.S/VINCULO;5613,05;;5613,05;1121,87;4491,18;
GEANE NASCIMENTO DA COSTA PINTO;CASA CIVIL;ASSESSOR III AD-3;ASSESSOR III AD 3; CARGO COMISSION.S/VINCULO;4191,80;;4191,80;665,90;3525,90;
GEISON MAICON OLIVEIRA DE ASSIS;CASA CIVIL;ASSESSOR I AD-1;; CARGO COMISSION.S/VINCULO;5229,77;;5229,77;986,40;4243,37;
GEORGE ATHAUALPA DE QUEIROZ BARBOSA;CASA CIVIL;A.TEC-III;FG-3 ASSESSORIA; ESTATUTARIO;4835,02;;4835,02;440,37;4394,65;
GERALDO ALBANO DE SOUZA;CASA CIVIL;TNS-III;TEC.NIVEL SUPERIOR; ESTATUTARIO;6061,58;;6061,58;923,16;5138,42;
GETULIO RODRIGUES LOBO;CASA CIVIL;ASSESSOR I AD-1;; CARGO COMISSION.S/VINCULO;5229,77;;5229,77;986,40;4243,37;
GILBERTO DOS SANTOS CARNEIRO;CASA CIVIL;MOT-I;; ESTATUTARIO;3827,62;;3827,62;201,11;3626,51;
GILBERTO MESTRINHO DE M R FILHO;CASA CIVIL;ASSESSOR I AD-1;; CARGO COMISSION.S/VINCULO;10459,54;;10459,54;2457,26;8002,28;
GILDEMAR MARTINS GIRAO;FUNDO DE PROMOCAO SOCIAL-FPS;ASSESSOR TECNICO;; CARGO COMISSION.S/VINCULO;7000,00;;7000,00;1505,89;5494,11;
GILDENI DE CASTRO UCHOA;CASA CIVIL;ASSESSOR III AD-3;; CARGO COMISSION.S/VINCULO;3191,80;;3191,80;422,40;2769,40;
GILMARA DOS SANTOS MAGALHAES;CASA CIVIL;ASSESSOR I AD-1;; CARGO COMISSION.S/VINCULO;10459,54;;10459,54;1858,02;8601,52;
GINA MORAES DE ALMEIDA;CASA CIVIL;ASSESSOR I AD-1;; CARGO COMISSION.S/VINCULO;5229,77;;5229,77;986,40;4243,37;
GISELLE FALCONE MEDINA P LOPES;CASA CIVIL;CONSULTOR TECNICO II;; CARGO COMISSION.S/VINCULO;6500,00;;6500,00;1368,39;5131,61;
GIULIA REGINA MARTINS VIEIRA;CASA CIVIL;ASSESSOR I AD-1;ASSESSOR I AD-1; CARGO COMISSION.S/VINCULO;6973,03;;6973,03;1498,47;5474,56;
GLAURACY BENEVIDES CORREA;CASA CIVIL;ASSESSOR II AD-2;ASSESSOR II AD-2; CARGO COMISSION.S/VINCULO;4209,79;;4209,79;670,28;3539,51;
GLENDA MARGARETH DE A J D MENEZES;CASA CIVIL;ASSESSOR I AD-1;; CARGO COMISSION.S/VINCULO;5229,77;;5229,77;986,40;4243,37;
GLEUCIMAR DA SILVA LIMA;CASA CIVIL;ASSESSOR II AD-2;ASSESSOR II AD 2; CARGO COMISSION.S/VINCULO;4209,79;;4209,79;670,28;3539,51;
GONTRAN DE MORAES CAMPBELL;CASA CIVIL;ASSESSOR II AD-2;; CARGO COMISSION.S/VINCULO;4209,79;;4209,79;613,40;3596,39;
HAMIDA ISSA YACUB;CASA CIVIL;CONSULTOR TECNICO III;CONSULTOR TEC. III; CARGO COMISSION.S/VINCULO;7333,33;;7333,33;1597,55;5735,78;
HELEN SUSANE MACHADO DE MIRANDA;CASA CIVIL;CONSULTOR TECNICO LEGISLATIVO I;; CARGO COMISSION.S/VINCULO;7500,00;;7500,00;1643,39;5856,61;
HERICK PEREIRA LEITE;FUNDO DE PROMOCAO SOCIAL-FPS;ASSESSOR I AD-1;; CARGO COMISSION.S/VINCULO;5229,77;;5229,77;986,40;4243,37;
HESTON SILVA DE QUEIROZ;CASA CIVIL;A.TEC-II;FG-2 GESTO DE CONT.; ESTATUTARIO;5533,19;;5533,19;715,57;4817,62;
HILDALEA CASTRO DOS REIS;FUNDO DE PROMOCAO SOCIAL-FPS;A.TEC-III;ASSESSOR TECNICO; ESTATUTARIO;7000,00;;7000,00;1111,18;5888,82;
HUMBERTO PASCARELLI NETO;CASA CIVIL;ASSESSOR I AD-1;; CARGO COMISSION.S/VINCULO;10459,54;;10459,54;2457,26;8002,28;
IDERLAN VALE RODRIGUES;FUNDO DE PROMOCAO SOCIAL-FPS;DIRETOR ADMINISTRATIVO E FINANCEIRO;; CARGO COMISSION.S/VINCULO;7200,00;;7200,00;1456,61;5743,39;
IGOR GOMES FERREIRA;FUNDO DE PROMOCAO SOCIAL-FPS;SECRETARIO EXECUTIVO ADJUNTO;; CARGO COMISSION.S/VINCULO;9000,00;;9000,00;2055,89;6944,11;
ILNAH MARIA LIMA MONTEIRO DE CASTRO;CASA CIVIL;CONSULTOR TECNICO LEGISLATIVO III;; CARGO COMISSION.S/VINCULO;5500,00;;5500,00;1081,77;4418,23;
INGRID QUEIROZ CASSIO;CASA CIVIL;ASSESSOR I AD-1;; CARGO COMISSION.S/VINCULO;10459,54;;10459,54;1858,02;8601,52;
IRACEMA CAMARAO MARTINS;FUNDO DE PROMOCAO SOCIAL-FPS;ASSESSOR II AD-2;; CARGO COMISSION.S/VINCULO;4209,79;;4209,79;670,28;3539,51;
IRINEIDE DA SILVA ARAUJO;CASA CIVIL;A.TEC-I;FG-2 ASSESSORIA; ESTATUTARIO;3710,34;;3710,34;348,50;3361,84;
IRIS JANE BATISTA DE LIMA;CASA CIVIL;ASSESSOR III AD-3;ASSESSOR III AD-3; CARGO COMISSION.S/VINCULO;1893,80;;1893,80;170,44;1723,36;
IVA DA COSTA FERREIRA;CASA CIVIL;A.TEC-I;; ESTATUTARIO;4566,73;;4566,73;492,38;4074,35;
IVANETE RAMOS DE PAULA;CASA CIVIL;TNS-II;FG-3 DE ASSESSORIA; ESTATUTARIO;7502,07;;7502,07;1401,81;6100,26;
IVANILDA ALVES LOUREIRO;FUNDO DE PROMOCAO SOCIAL-FPS;ASSESSOR I AD-1;; CARGO COMISSION.S/VINCULO;5229,77;;5229,77;986,40;4243,37;
IZABELA LOPES FURTADO;CASA CIVIL;ASSESSOR I AD-1;; CARGO COMISSION.S/VINCULO;5229,77;;5229,77;986,40;4243,37;
IZABELLA MONTENEGRO GONCALVES;CASA CIVIL;ASSESSOR I AD-1;; CARGO COMISSION.S/VINCULO;5229,77;;5229,77;986,40;4243,37;
IZOLDA BRANDAO ARMELAU;CASA CIVIL;REDATOR GOVERNAMENTAL;; ESTATUTARIO;3755,18;;3755,18;308,74;3446,44;
JACKSON DA SILVA BRAGA;CASA CIVIL;A.TEC-II;; ESTATUTARIO;3676,05;;3676,05;251,81;3424,24;
JACO VIANA CAVALCANTE;CASA CIVIL;ASSESSOR II AD-2;; CARGO COMISSION.S/VINCULO;4209,79;;4209,79;670,28;3539,51;
JACYRA DE ARAUJO CAVALCANTE;CASA CIVIL;ASSESSOR I AD-1;; CARGO COMISSION.S/VINCULO;5229,77;;5229,77;943,74;4286,03;
JAIME BARBOSA REZENDE;CASA CIVIL;AUX.O-I;FG-2 CHEFE DE SETOR; ESTATUTARIO;6135,28;;6135,28;665,34;5469,94;
JANAINA PITALUGA MORENO;CASA CIVIL;ASSESSOR I AD-1;ASSESSOR I AD 1; CARGO COMISSION.S/VINCULO;5229,77;;5229,77;901,09;4328,68;
JANIO TORRES BARROS;CASA CIVIL;ASSISTENTE TECNICO GOVERNAMENTAL;FG-2 GESTOR DE CONT.; ESTATUTARIO;5503,77;;5503,77;597,54;4906,23;
JAYLENE BRANDAO PAULA;CASA CIVIL;ASSISTENTE TECNICO GOVERNAMENTAL;FG-2 ASSESSORIA; ESTATUTARIO;5495,02;;5495,02;750,84;4744,18;
JENIFFER MAXINNER DE M FEITOSA;CASA CIVIL;ASSESSOR I AD-1;; CARGO COMISSION.S/VINCULO;5229,77;;5229,77;986,40;4243,37;
JENNIFER LIMA DE ARAUJO PEREIRA;CASA CIVIL;INVEST.DE POL. 4A.CL. PC-INV.IV;ASSESSOR I, AD-1; ESTATUTARIO;6666,67;;6666,67;911,84;5754,83;
JEORDANE OLIVEIRA DE ANDRADE;CASA CIVIL;PROFESSOR PF40.LPL-IV;SECRETARIO EXECUTIVO; ESTATUTARIO;13169,49;;13169,49;2960,85;10208,64;
JOANA VITA MORAES DE SOUZA MORILLAS;CASA CIVIL;TNS-I;FG-1 ASSESSORIA; ESTATUTARIO;11146,55;;11146,55;2639,40;8507,15;
JOAO DANILO PINTO;CASA CIVIL;MOT-I;; ESTATUTARIO;4023,95;;4023,95;314,62;3709,33;
JOAO LUIZ DA SILVA;CASA CIVIL;AUX.S.G-I;; ESTATUTARIO;2994,80;;2994,80;178,07;2816,73;
JOAO MATHIAS DE AGUIAR;CASA CIVIL;ASSESSOR III AD-3;ASSESSOR III AD-3; CARGO COMISSION.S/VINCULO;3191,80;;3191,80;422,40;2769,40;
JOAO THOME VERCOSA M M RAPOSO;CASA CIVIL;SEC.EST.CHEFE GAB.PESSOAL DO GOV.;; CARGO COMISSION.S/VINCULO;13500,00;;13500,00;3293,39;10206,61;
JOAQUIM MARQUES DOS SANTOS NETO;CASA CIVIL;ASSESSOR I AD-1;; CARGO COMISSION.S/VINCULO;5229,77;;5229,77;986,40;4243,37;
JOCIMAR DUARTE DA ROCHA;CASA CIVIL;A.TEC-I;FG-1 CHEFE DE SETOR; ESTATUTARIO;9627,82;;9627,82;1935,22;7692,60;
JOEBER BELEM TEIXEIRA;CASA CIVIL;ASSESSOR II AD-2;; CARGO COMISSION.S/VINCULO;4209,79;;4209,79;670,28;3539,51;
JOEL JUNIOR BENICIO DE LIMA;CASA CIVIL;ASSESSOR I AD-1;; CARGO COMISSION.S/VINCULO;5229,77;;5229,77;986,40;4243,37;
JORGE DO NASCIMENTO GOMES;CASA CIVIL;A.TEC-I;ASSESSOR I AD-1; ESTATUTARIO;833,33;;833,33;;833,33;
JORGE HELENO MELO CAVALCANTE;CASA CIVIL;ASSESSOR II AD-2;; CARGO COMISSION.S/VINCULO;4209,79;;4209,79;670,28;3539,51;
JORGE PALMEIRA DA SILVA;FUNDO DE PROMOCAO SOCIAL-FPS;ASSESSOR II AD-2;; CARGO COMISSION.S/VINCULO;4209,79;;4209,79;670,28;3539,51;
JOSE ADEMIR GOMES RAMOS;CASA CIVIL;SECRETARIO EXECUTIVO;; CARGO COMISSION.S/VINCULO;11700,00;;11700,00;2798,39;8901,61;
JOSE AGAPITO DA SILVEIRA;CASA CIVIL;A.TEC-II;; ESTATUTARIO;3241,37;;3241,37;182,13;3059,24;
JOSE ALBUQUERQUE CAVALCANTI FILHO;CASA CIVIL;ASSESSOR I AD-1;; CARGO COMISSION.S/VINCULO;5229,77;;5229,77;986,40;4243,37;
JOSE ALVES PACIFICO;CASA CIVIL;SECRETARIO DE ESTADO;; CARGO COMISSION.S/VINCULO;13500,00;;13500,00;3293,39;10206,61;
JOSE CARLOS RABELO;FUNDO DE PROMOCAO SOCIAL-FPS;ASSESSOR II AD-2;; CARGO COMISSION.S/VINCULO;4209,79;;4209,79;670,28;3539,51;
JOSE DAS NEVES PEREIRA DA ROCHA;FUNDO DE PROMOCAO SOCIAL-FPS;ASSESSOR I AD-1;; CARGO COMISSION.S/VINCULO;5229,77;;5229,77;986,40;4243,37;
JOSE DE AQUINO FREIRE;CASA CIVIL;A.TEC-I;FG-2 DE ASSESSORIA; ESTATUTARIO;8887,58;;8887,58;1870,81;7016,77;
JOSEFA SELANE SABINO DE SOUZA;CASA CIVIL;ASSISTENTE TECNICO GOVERNAMENTAL;FG-3 DE ASSESSORIA; ESTATUTARIO;4835,02;;4835,02;483,03;4351,99;
JOSIANY MUNHOZ DE ALMEIDA COSTA;CASA CIVIL;ASSESSOR I AD-1;; CARGO COMISSION.S/VINCULO;5229,77;;5229,77;986,40;4243,37;
JOSINETE NOGUEIRA FERREIRA;CASA CIVIL;ASSESSOR I AD-1;; CARGO COMISSION.S/VINCULO;5229,77;;5229,77;986,40;4243,37;
JOYCIANE RODRIGUES MENDES;CASA CIVIL;ASSESSOR TECNICO;ASSESSOR TECNICO; CARGO COMISSION.S/VINCULO;9333,33;;9333,33;2147,55;7185,78;
JULIANA MAQUINE CRUZ;FUNDO DE PROMOCAO SOCIAL-FPS;ASSESSOR I AD-1;; CARGO COMISSION.S/VINCULO;5229,77;;5229,77;943,74;4286,03;
JULIETA BARROS BRANDAO C PEREIRA;CASA CIVIL;PROFESSOR;CONS.TEC.III; ESTATUTARIO;6634,75;;6634,75;1033,43;5601,32;
JULIETH BRASIL PINHEIRO;CASA CIVIL;ASSESSOR I AD-1;ASSESSOR I AD-1; CARGO COMISSION.S/VINCULO;5229,77;;5229,77;986,40;4243,37;
JULIO CESAR DA SILVA GARCIA;FUNDO DE PROMOCAO SOCIAL-FPS;ASSESSOR TECNICO;ASSESSOR TECNICO; CARGO COMISSION.S/VINCULO;7000,00;;7000,00;1505,89;5494,11;
JURACEMA LIMA DE MEDEIROS;CASA CIVIL;REPRESENTANTE;ASSESSOR I AD-1; ESTATUTARIO;3858,91;;3858,91;376,59;3482,32;
JUSCELINO KUBITSCHEK DE ARAUJO;CASA CIVIL;SECRETARIO DE ESTADO EXTRAORDINARIO;; CARGO COMISSION.S/VINCULO;13500,00;;13500,00;3293,39;10206,61;
KARIME ALENCAR PONTES BESSA;CASA CIVIL;ASSESSOR I AD-1;; CARGO COMISSION.S/VINCULO;5229,77;;5229,77;986,40;4243,37;
KARLA COSTA DE JESUS;CASA CIVIL;ASSESSOR I AD-1;; CARGO COMISSION.S/VINCULO;5229,77;;5229,77;986,40;4243,37;
KATIA REGINA BARBOSA DE M CARVALHO;FUNDO DE PROMOCAO SOCIAL-FPS;TEC.DE NIVEL SUPERIOR 2A CLASSE;ASSESSOR I AD-1; ESTATUTARIO;6811,52;;6811,52;1121,51;5690,01;
KATIA REGINA DE OLIVEIRA ALVES;CASA CIVIL;ASSISTENTE TECNICO GOVERNAMENTAL;FG-2 DE ASSESSORIA; ESTATUTARIO;5495,02;;5495,02;750,84;4744,18;
KATYUSKA DE MEDEIROS R S THIAGO;CASA CIVIL;CONSULTOR TECNICO I;; CARGO COMISSION.S/VINCULO;7500,00;;7500,00;1643,39;5856,61;
KEILA REGINA CHAPARRO LOBATO;CASA CIVIL;ASSISTENTE TECNICO GOVERNAMENTAL;FG-2 DE ASSESSORIA; ESTATUTARIO;5495,02;;5495,02;750,84;4744,18;
KEITY ANNY PRADO TAUMATURGO;CASA CIVIL;ASSESSOR II AD-2;; CARGO COMISSION.S/VINCULO;4209,79;;4209,79;670,28;3539,51;
KELEN SILVA DE ABREU SAKAMOTO;FUNDO DE PROMOCAO SOCIAL-FPS;CHEFE DE GABINETE AD-1;; CARGO COMISSION.S/VINCULO;6973,03;;6973,03;1498,47;5474,56;
KLEBER DE OLIVEIRA SANTOS;FUNDO DE PROMOCAO SOCIAL-FPS;SECRETARIO EXECUTIVO ADJUNTO;; CARGO COMISSION.S/VINCULO;9000,00;;9000,00;1605,64;7394,36;
LAFAYETTE CARNEIRO VIEIRA NETO;CASA CIVIL;CONSULTOR TECNICO I;; CARGO COMISSION.S/VINCULO;7500,00;;7500,00;1643,39;5856,61;
LAISE ROCHA DE MELLO;CASA CIVIL;CONSULTOR TEC.LEGISLATIVO IV- AD-1;; CARGO COMISSION.S/VINCULO;5229,77;;5229,77;986,40;4243,37;
LARISSA COSTA DOS ANJOS;CASA CIVIL;ASSESSOR I AD-1;; CARGO COMISSION.S/VINCULO;6973,03;;6973,03;1498,47;5474,56;
LARISSA YUKARI MARTINS NAKAGAWA;FUNDO DE PROMOCAO SOCIAL-FPS;ASSESSOR TECNICO;; CARGO COMISSION.S/VINCULO;7000,00;;7000,00;1505,89;5494,11;
LAUDETE LUCIA LAGO OSMARI;CASA CIVIL;ASSESSOR I AD-1;; CARGO COMISSION.S/VINCULO;5229,77;;5229,77;986,40;4243,37;
LAURA ARCE NICOLAU BRAGA;CASA CIVIL;ASSESSOR II AD-2;ASSESSOR II AD-2; CARGO COMISSION.S/VINCULO;4209,79;;4209,79;641,84;3567,95;
LEANDRO MENDONCA DA SILVA;FUNDO DE PROMOCAO SOCIAL-FPS;ASSESSOR III AD-3;; CARGO COMISSION.S/VINCULO;3191,80;;3191,80;407,12;2784,68;
LIANE DIAS DE SOUZA;CASA CIVIL;ASSESSOR I AD-1;; CARGO COMISSION.S/VINCULO;5229,77;;5229,77;986,40;4243,37;
LILIANE ARAUJO DE ALMEIDA;FUNDO DE PROMOCAO SOCIAL-FPS;SECRETARIO EXECUTIVO;; CARGO COMISSION.S/VINCULO;7150,00;;7150,00;175,50;6974,50;
LOURENÇO DOS SANTOS P B JUNIOR;CASA CIVIL;CHEFE DA CONSULT.TEC.LEGISLATIVO;; CARGO COMISSION.S/VINCULO;11700,00;;11700,00;2798,39;8901,61;
LUANA SAMARA RODRIGUES S BEZERRA;FUNDO DE PROMOCAO SOCIAL-FPS;ASSESSOR TECNICO;; CARGO COMISSION.S/VINCULO;7000,00;;7000,00;1505,89;5494,11;
LUCAS BASTOS PIRES;CASA CIVIL;ASSESSOR III AD-3;; CARGO COMISSION.S/VINCULO;3191,80;;3191,80;422,40;2769,40;
LUCAS CASTRO DE CARVALHO;CASA CIVIL;ASSESSOR TECNICO;; CARGO COMISSION.S/VINCULO;7000,00;;7000,00;1505,89;5494,11;
LUCAS NILMAR CIDADE DE OLIVEIRA;CASA CIVIL;CONSULTOR TECNICO III;; CARGO COMISSION.S/VINCULO;5500,00;;5500,00;1081,77;4418,23;
LUCENISE REZENDE DA COSTA;CASA CIVIL;ASSESSOR III AD-3;; CARGO COMISSION.S/VINCULO;3191,80;;3191,80;422,40;2769,40;
LUCIANA HOLANDA DE SOUZA;CASA CIVIL;CONSULTOR TECNICO II;; CARGO COMISSION.S/VINCULO;6500,00;;6500,00;1368,39;5131,61;
LUCIANA LIMA DE MELO;CASA CIVIL;ASSESSOR I AD-1;; CARGO COMISSION.S/VINCULO;5229,77;;5229,77;901,09;4328,68;
LUCIANA PITALUGA MORENO;CASA CIVIL;ASSESSOR I AD-1;ASSESSOR I AD 1; CARGO COMISSION.S/VINCULO;5229,77;;5229,77;986,40;4243,37;
LUCIANO DA CRUZ RAMOS;CASA CIVIL;ASSESSOR II AD-2;; CARGO COMISSION.S/VINCULO;4209,79;;4209,79;613,40;3596,39;
LUIZ ALBERTO ALMEIDA DE AZEVEDO;FUNDO DE PROMOCAO SOCIAL-FPS;ASSESSOR I AD-1;; CARGO COMISSION.S/VINCULO;5229,77;;5229,77;986,40;4243,37;
LUIZ FELIPE RODRIGUES DE MOURA;FUNDO DE PROMOCAO SOCIAL-FPS;ASSESSOR III AD-3;; CARGO COMISSION.S/VINCULO;3191,80;;3191,80;422,40;2769,40;
LUIZA LIMA MACEDO;CASA CIVIL;A.TEC-I;FG-3 DE ASSESSORIA; ESTATUTARIO;4950,34;;4950,34;568,83;4381,51;
MARCELA DA CUNHA CARVALHO;CASA CIVIL;ASSESSOR I AD-1;; CARGO COMISSION.S/VINCULO;5229,77;;5229,77;986,40;4243,37;
MARCELA TOMAZ DA LAPA MOURAO;CASA CIVIL;SUBCHEFE DO GAB.PESSOAL DO GOVERN.;; CARGO COMISSION.S/VINCULO;11700,00;;11700,00;2798,39;8901,61;
MARCELO ANDRADE DE OLIVEIRA;CASA CIVIL;AGENTE ADM.-AGA-T.S.N.A.-E;ASSESSOR I AD-1; ESTATUTARIO;5701,38;;5701,38;809,84;4891,54;
MARCIA CRISTINA OLIVEIRA DA COSTA;CASA CIVIL;TECNICO GOVERNAMENTAL;; ESTATUTARIO;4091,90;;4091,90;473,77;3618,13;
MARCIA MONIQUE DA SILVA MAMED;CASA CIVIL;INVEST.DE POL. 4A.CL. PC-INV.IV;ASSESSOR I AD-1; ESTATUTARIO;5000,00;;5000,00;453,50;4546,50;
MARCIO FERREIRA DA ROCHA;CASA CIVIL;ASSESSOR I AD-1;; CARGO COMISSION.S/VINCULO;5229,77;;5229,77;901,09;4328,68;
MARCO AURELIO DE FREITAS GUIMARAES;CASA CIVIL;TECNICO GOVERNAMENTAL;FG-3 ASSESSORIA; ESTATUTARIO;5655,42;;5655,42;907,76;4747,66;
MARCO AURELIO FEIO DE A CERVEIRA;CASA CIVIL;ASSESSOR I AD-1;; CARGO COMISSION.S/VINCULO;5229,77;;5229,77;986,40;4243,37;
MARCOS DANIEL DIAS DE ANDRADE;CASA CIVIL;PROFESSOR PF20.ESP-III;ASSESSOR I, AD-1; ESTATUTARIO;7418,62;;7418,62;1363,65;6054,97;
MARCOS DOUGLAS DO NASCIMENTO;CASA CIVIL;ASSESSOR I AD-1;; CARGO COMISSION.S/VINCULO;5229,77;;5229,77;986,40;4243,37;
MARCOS PAULO BARBOSA DE OLIVEIRA;CASA CIVIL;ASSESSOR I AD-1;; CARGO COMISSION.S/VINCULO;6973,03;;6973,03;1498,47;5474,56;
MARCOS RODRIGUES VALERIO;CASA CIVIL;ASSESSOR I AD-1;; CARGO COMISSION.S/VINCULO;5229,77;;5229,77;986,40;4243,37;
MARCUS ANTONIO DA ROCHA;CASA CIVIL;ASSESSOR I AD-1;; CARGO COMISSION.S/VINCULO;5229,77;;5229,77;986,40;4243,37;
MARDOQUEU ALBUQUERQUE DOS SANTOS;CASA CIVIL;ASSESSOR III AD-3;; CARGO COMISSION.S/VINCULO;3191,80;;3191,80;422,40;2769,40;
MARIA AMAVIA DE SOUZA CAMPOS;CASA CIVIL;ASSESSOR I AD-1;; CARGO COMISSION.S/VINCULO;5229,77;;5229,77;986,40;4243,37;
MARIA CAROLINE DO CARMO C MARCONDES;CASA CIVIL;A.TEC-III;CONSULTOR TÉC. II; ESTATUTARIO;6771,54;;6771,54;1100,49;5671,05;
MARIA CHRISTINA DOS SANTOS CRUZ;CASA CIVIL;CONSULTOR TECNICO I;; CARGO COMISSION.S/VINCULO;7000,00;;7000,00;1055,64;5944,36;
MARIA DA CONCEICAO COSTA PIRES;CASA CIVIL;A.TEC-I;ASSESSOR I AD-1; ESTATUTARIO;9543,59;;9543,59;2025,08;7518,51;
MARIA DAS GRACAS BENAYON DA SILVA;CASA CIVIL;A.SOC-I;FG-2 DE ASSESSORIA; ESTATUTARIO;6587,17;;6587,17;990,84;5596,33;
MARIA DAS GRACAS SOARES BORGES;CASA CIVIL;ASSISTENTE TECNICO 3A CLASSE;FG-2 GESTOR DE CONT.; ESTATUTARIO;6159,86;;6159,86;866,36;5293,50;
MARIA DE FATIMA COMAPE FERNANDES;CASA CIVIL;A.TEC-I;FG-3 DE ASSESSORIA; ESTATUTARIO;7971,87;;7971,87;693,61;7278,26;
MARIA DE JESUS MOTA RAPOSO BORGHI;CASA CIVIL;ASSESSOR I AD-1;; CARGO COMISSION.S/VINCULO;6973,03;;6973,03;1048,22;5924,81;
MARIA DE JESUS SILVA SANTOS;CASA CIVIL;ASSESSOR TECNICO;; CARGO COMISSION.S/VINCULO;7000,00;;7000,00;1505,89;5494,11;
MARIA DO CARMO CRISTO S M FERNANDES;CASA CIVIL;CONSULTOR ESPECIAL;; ESTATUTARIO;32001,67;1530,56;30471,11;9940,26;20530,85;
MARIA DO PERPETUO SOCORRO B SOARES;CASA CIVIL;ASSISTENTE TECNICO GOVERNAMENTAL;FG-1 ASSESSORIA; ESTATUTARIO;6003,77;;6003,77;787,17;5216,60;
MARIA DO SOCORRO CRUZ DE A MEDEIROS;CASA CIVIL;TNS-II;FG-2 ASSESSORIA; ESTATUTARIO;8290,89;;8290,89;1868,77;6422,12;
MARIA DO SOCORRO FERREIRA CALDERARO;CASA CIVIL;ASSISTENTE TECNICO GOVERNAMENTAL;FG-2 DE ASSESSORIA; ESTATUTARIO;5495,02;;5495,02;750,84;4744,18;
MARIA DO SOCORRO SAB COELHO;FUNDO DE PROMOCAO SOCIAL-FPS;SECRETARIO EXECUTIVO ADJUNTO;; CARGO COMISSION.S/VINCULO;9000,00;;9000,00;2055,89;6944,11;
MARIA EMILIA PESSOA DOS SANTOS;CASA CIVIL;ASSISTENTE TECNICO;FG-1 ASSESSORIA; ESTATUTARIO;8685,89;;8685,89;1487,66;7198,23;
MARIA GILMA MONTEIRO DAS CHAGAS;CASA CIVIL;TNS-II;FG-1 CHEFE DE SETOR; ESTATUTARIO;6504,58;;6504,58;815,13;5689,45;
MARIA GLORIA A R A CAVALCANTI;FUNDO DE PROMOCAO SOCIAL-FPS;SECRETARIO EXECUTIVO ADJUNTO;; CARGO COMISSION.S/VINCULO;9000,00;;9000,00;2055,89;6944,11;
MARIA HELENA SOUSA DA SILVA;CASA CIVIL;ASSESSOR TECNICO;; CARGO COMISSION.S/VINCULO;7000,00;;7000,00;1505,89;5494,11;
MARIA INEZ MOREIRA DE AZEVEDO;FUNDO DE PROMOCAO SOCIAL-FPS;ASSESSOR I AD-1;; CARGO COMISSION.S/VINCULO;5229,77;;5229,77;986,40;4243,37;
MARIA JOSE FREITAS CARLOS;CASA CIVIL;C.TEC.L-U;FG-3 ASSESSORIA; ESTATUTARIO;28469,68;;28469,68;9005,26;19464,42;
MARIA LENISE MAFRA NEGREIROS;CASA CIVIL;PEDAGOGO PD20.LPL-IV;SEC.EXEC.FINANCAS; ESTATUTARIO;11777,81;;11777,81;2519,29;9258,52;
MARIA LUIZA DE ALMEIDA SAN MARTIN;CASA CIVIL;A.TEC-I;; ESTATUTARIO;3710,34;;3710,34;263,18;3447,16;
MARIA NAZARE DE AGUILA;CASA CIVIL;A.TEC-I;CHEFE DO CERIMONIAL; ESTATUTARIO;12914,56;;12914,56;2871,33;10043,23;
MARIA ROSANA PEREIRA DOS SANTOS;CASA CIVIL;ASSESSOR I AD-1;; CARGO COMISSION.S/VINCULO;5229,77;;5229,77;986,40;4243,37;
MARIA SANTOS DA SILVA;CASA CIVIL;ASSISTENTE TECNICO GOVERNAMENTAL;; ESTATUTARIO;3586,28;;3586,28;207,56;3378,72;
MARIA SOCORRO DE SOUZA;CASA CIVIL;ASSISTENTE TECNICO GOVERNAMENTAL;; ESTATUTARIO;3586,28;;3586,28;310,20;3276,08;
MARIA TEREZINHA RIBEIRO COUTINHO;CASA CIVIL;ASSESSOR II AD-2;; CARGO COMISSION.S/VINCULO;4209,79;;4209,79;670,28;3539,51;
MARIANA DA ROCHA NORMANDO;CASA CIVIL;AFP-U;FG-1 DE CHEFE DA DA; ESTATUTARIO;17558,79;;17558,79;4918,93;12639,86;
MARIANA HAGGE MOURAO;CASA CIVIL;ASSESSOR III AD-3;; CARGO COMISSION.S/VINCULO;3191,80;;3191,80;422,40;2769,40;
MARIANY SILVA DE MOURA;FUNDO DE PROMOCAO SOCIAL-FPS;ASSESSOR II AD-2;; CARGO COMISSION.S/VINCULO;4209,79;;4209,79;670,28;3539,51;
MARICILIA TEIXEIRA DA COSTA;FUNDO DE PROMOCAO SOCIAL-FPS;ASSESSOR TECNICO;; CARGO COMISSION.S/VINCULO;7000,00;;7000,00;1505,89;5494,11;
MARIETHEL BASTOS RODRIGUES;CASA CIVIL;PROFESSOR;ASSESSOR I AD1; ESTATUTARIO;6634,75;;6634,75;1085,57;5549,18;
MARILENA MONICA MENDES PEREZ;CASA CIVIL;ASSIST.SOC.ASS-P.S.N.S.-CL.C;; ESTATUTARIO;13500,00;;13500,00;3252,40;10247,60;
MARINETE DE CASTRO PERDIGAO;CASA CIVIL;A.TEC-I;ASSESSOR I AD-1; ESTATUTARIO;3825,89;;3825,89;376,63;3449,26;
MARINILDES DA SILVEIRA FORTES;CASA CIVIL;A.TEC-I;FG-1 ASSESSORIA; ESTATUTARIO;8509,91;;8509,91;1756,03;6753,88;
MARIO ADOLFO ARYCE DE CASTRO;CASA CIVIL;TECNICO;; ESTATUTARIO;4109,38;;4109,38;493,30;3616,08;
MARIO CABRAL DE HOLANDA;CASA CIVIL;MOT-I;; ESTATUTARIO;4124,30;;4124,30;338,13;3786,17;
MARIO CESAR DOS SANTOS B FILHO;CASA CIVIL;ASSESSOR I AD-1;; CARGO COMISSION.S/VINCULO;5229,77;;5229,77;986,40;4243,37;
MARION MARIA MENDONCA DE S ARAUJO;CASA CIVIL;ASSESSOR I AD-1;; CARGO COMISSION.S/VINCULO;5229,77;;5229,77;986,40;4243,37;
MARISTELA BARBOSA DE LIMA;CASA CIVIL;ASSESSOR I AD-1;; CARGO COMISSION.S/VINCULO;5229,77;;5229,77;986,40;4243,37;
MARIVAL PEREIRA;FUNDO DE PROMOCAO SOCIAL-FPS;ASSESSOR IV AD-4;; CARGO COMISSION.S/VINCULO;2575,61;;2575,61;264,79;2310,82;
MARLICE OLIVEIRA MAR;CASA CIVIL;ASSESSOR I AD-1;ASSESSOR I AD 1; CARGO COMISSION.S/VINCULO;6973,03;;6973,03;1498,47;5474,56;
MARLUCIA MOREIRA DE AZEVEDO;CASA CIVIL;A.TEC-I;; ESTATUTARIO;3822,72;;3822,72;262,10;3560,62;
MARLUCIA MOURA BATISTA;CASA CIVIL;ASSISTENTE TECNICO GOVERNAMENTAL;FG-1 ASSESSORIA; ESTATUTARIO;5986,28;;5986,28;885,24;5101,04;
MARY IVAN CAVALCANTE DE OLIVEIRA;CASA CIVIL;ASSESSOR I AD-1;; CARGO COMISSION.S/VINCULO;5229,77;;5229,77;986,40;4243,37;
MATHILDE ESTHER BEMERGUY EZAGUY;CASA CIVIL;ASSESSOR I AD-1;; CARGO COMISSION.S/VINCULO;5229,77;;5229,77;986,40;4243,37;
MAURICIO DA GAMA MONTEIRO;CASA CIVIL;CONSULTOR TECNICO I;CONS.TECNICO I; CARGO COMISSION.S/VINCULO;7500,00;;7500,00;1643,39;5856,61;
MAURO TIAGO MACHADO C NOGUEIRA;CASA CIVIL;SECRETARIO EXECUTIVO ADJUNTO;; CARGO COMISSION.S/VINCULO;9000,00;;9000,00;2055,89;6944,11;
MAX DE SOUZA BARBOSA;CASA CIVIL;ASSESSOR I AD-1;; CARGO COMISSION.S/VINCULO;5229,77;;5229,77;986,40;4243,37;
MAYARA TAVARES MARQUES;CASA CIVIL;ASSESSOR III AD-3;ASSESSOR III AD-3; CARGO COMISSION.S/VINCULO;4191,80;;4191,80;665,90;3525,90;
MIGUEL HENRIQUE MONTEIRO DA SILVA;FUNDO DE PROMOCAO SOCIAL-FPS;ASSESSOR I AD-1;; CARGO COMISSION.S/VINCULO;5229,77;;5229,77;986,40;4243,37;
MIMOSA MARIA DE NOGUEIRA PAIVA;CASA CIVIL;TNS-I;CONSULTOR TECNICO; ESTATUTARIO;6965,87;;6965,87;1214,27;5751,60;
MIQUEIAS RODRIGO DO PRADO PEREIRA;CASA CIVIL;ASSESSOR I AD-1;; CARGO COMISSION.S/VINCULO;5229,77;;5229,77;986,40;4243,37;
MONICA ARAUJO RISUENHO;CASA CIVIL;ASSESSOR I AD-1;ASSESSOR I AD-1; CARGO COMISSION.S/VINCULO;5229,77;;5229,77;943,74;4286,03;
MONICA CAMARA DE ALENCAR BRASIL;CASA CIVIL;CONSULTOR TECNICO III;; CARGO COMISSION.S/VINCULO;5500,00;;5500,00;1081,77;4418,23;
MONICA GOMES DA SILVA;CASA CIVIL;ASSESSOR I AD-1;; CARGO COMISSION.S/VINCULO;5229,77;;5229,77;986,40;4243,37;
MONIQUE SHAYANE DOS SANTOS PIRES;CASA CIVIL;ASSESSOR I AD-1;; CARGO COMISSION.S/VINCULO;5229,77;;5229,77;986,40;4243,37;
MOYSÉS DE ARAUJO BASTOS SOBRINHO;FUNDO DE PROMOCAO SOCIAL-FPS;ASSESSOR I AD-1;; CARGO COMISSION.S/VINCULO;5229,77;;5229,77;986,40;4243,37;
MURILO CAVALCANTI CAMPOS;CASA CIVIL;A.TEC-I;FG-2 DE ASSESSORIA; ESTATUTARIO;5802,40;;5802,40;644,31;5158,09;
NADIA MARIA GAMA PEREIRA;CASA CIVIL;A.TEC-II;CHEF.ADJ.CONS.T-LEGI; ESTATUTARIO;3641,46;;3641,46;328,12;3313,34;
NATAL SOARES LEANDRO DA SILVA;FUNDO DE PROMOCAO SOCIAL-FPS;ASSESSOR I AD-1;; CARGO COMISSION.S/VINCULO;6973,03;;6973,03;1354,65;5618,38;
NAZARE DO SOCORRO PINTO DE ALMEIDA;CASA CIVIL;A.TEC-I;FG-2 DE ASSESSORIA; ESTATUTARIO;5566,78;;5566,78;677,36;4889,42;
NELSON DANTAS FERREIRA JUNIOR;FUNDO DE PROMOCAO SOCIAL-FPS;PROFESSOR PF40.LPL-IV;ASSESSOR TECNICO; ESTATUTARIO;9269,49;;9269,49;1940,49;7329,00;
NILCILENE DE LIMA TAVARES;CASA CIVIL;ASSESSOR III AD-3;; CARGO COMISSION.S/VINCULO;3191,80;;3191,80;422,40;2769,40;
NIRVANA DE JESUS PRADO DE N COMB;CASA CIVIL;SECRETARIO EXECUTIVO ADJUNTO;; CARGO COMISSION.S/VINCULO;9000,00;;9000,00;2055,89;6944,11;
NISMAILY CAVALCANTE LEMOS;CASA CIVIL;ASSESSOR I AD-1;; CARGO COMISSION.S/VINCULO;5229,77;;5229,77;986,40;4243,37;
NISSIM FIGUEIRA BENOLIEL;CASA CIVIL;A.TEC-II;; ESTATUTARIO;3616,90;;3616,90;291,98;3324,92;
NIXON ALVES DE MELO;FUNDO DE PROMOCAO SOCIAL-FPS;ASSESSOR II AD-2;; CARGO COMISSION.S/VINCULO;5613,05;;5613,05;977,34;4635,71;
NORMANDO KLINGER DA SILVA FONSECA;CASA CIVIL;ASSESSOR III AD-3;; CARGO COMISSION.S/VINCULO;3191,80;;3191,80;407,12;2784,68;
OLAVO CELSO TAPAJOS SILVA;CASA CIVIL;SECRETARIO DE ESTADO EXTRAORDINARIO;; CARGO COMISSION.S/VINCULO;13500,00;;13500,00;3293,39;10206,61;
OLIMPIA MARIA BENTES CRUZ;CASA CIVIL;ASSESSOR I AD-1;; CARGO COMISSION.S/VINCULO;5229,77;;5229,77;986,40;4243,37;
OMAR CHAMMA DAS NEVES JUNIOR;CASA CIVIL;ASSESSOR I AD-1;ASSESSOR I AD 1; CARGO COMISSION.S/VINCULO;5229,77;;5229,77;940,20;4289,57;
OSMAN RIBEIRO DE ARAUJO FILHO;CASA CIVIL;A.TEC-I;FG-3 DE ASSESSORIA; ESTATUTARIO;4950,34;;4950,34;427,83;4522,51;
OTAVIO QUEIROZ DE OLIVEIRA C JUNIOR;CASA CIVIL;MAJOR;SECRET.PARTICULAR; ESTATUTARIO;10800,00;459,69;10340,31;1869,95;8470,36;
OZENILSON ROCHA DA GAMA;FUNDO DE PROMOCAO SOCIAL-FPS;ASSESSOR II AD-2;; CARGO COMISSION.S/VINCULO;4209,79;;4209,79;670,28;3539,51;
PABLO VICENTE SENA DA SILVA JUNIOR;CASA CIVIL;ASSESSOR II AD-2;; CARGO COMISSION.S/VINCULO;4209,79;;4209,79;670,28;3539,51;
PATRICIA DA SILVA GUERRERO;CASA CIVIL;CONSULTOR TECNICO III;; CARGO COMISSION.S/VINCULO;7333,33;;7333,33;1597,55;5735,78;
PATRICIA GOMES BARTOLOTTI CHAVES;CASA CIVIL;JORNALISTA;; ESTATUTARIO;4513,23;;4513,23;534,76;3978,47;
PAULO DA SILVA SANTOS;CASA CIVIL;ASSESSOR I AD-1;; CARGO COMISSION.S/VINCULO;5229,77;;5229,77;943,74;4286,03;
PAULO GEORGE FEITOSA A CONCEICAO;CASA CIVIL;SECRETARIO EXECUTIVO ADJUNTO;; CARGO COMISSION.S/VINCULO;9000,00;;9000,00;2055,89;6944,11;
PAULO ROBERTO DE MOURA BRANDAO;CASA CIVIL;ASSESSOR III AD-3;ASSESSOR III AD-3; CARGO COMISSION.S/VINCULO;4191,80;;4191,80;586,56;3605,24;
PAULO ROBERTO FIGUEIREDO DE CASTRO;CASA CIVIL;TNS-II;SECRETARIO FG 3; ESTATUTARIO;4243,58;;4243,58;336,04;3907,54;
PAULO SERGIO PAES LESSA;CASA CIVIL;A.TEC-I;FG-1 DE ASSESSORIA; ESTATUTARIO;7642,28;;7642,28;1350,82;6291,46;
POLYANA MOTTA PRADO DE NEGREIROS;CASA CIVIL;CONSULTOR TECNICO I;; CARGO COMISSION.S/VINCULO;7500,00;;7500,00;1643,39;5856,61;
RADYR GOMES DE OLIVEIRA JUNIOR;CASA CIVIL;ASSESSOR TECNICO;; CARGO COMISSION.S/VINCULO;13722,21;;13722,21;2285,05;11437,16;
RAIFRAN ALMEIDA GOMES;FUNDO DE PROMOCAO SOCIAL-FPS;ASSESSOR I AD-1;; CARGO COMISSION.S/VINCULO;5229,77;;5229,77;986,40;4243,37;
RAIMUNDO JOSE BRANDAO DO NASCIMENTO;CASA CIVIL;ASSISTENTE TECNICO GOVERNAMENTAL;FG-1 CHEFE S PESSOAL; ESTATUTARIO;5986,28;;5986,28;833,10;5153,18;
RAIMUNDO JOSE GADELHA DE ASSIS;CASA CIVIL;A.TEC-III;ASSESSOR I AD-1; ESTATUTARIO;3727,83;;3727,83;290,56;3437,27;
RAIMUNDO MODESTO NORONHA;CASA CIVIL;MECANICO;; ESTATUTARIO;3461,81;;3461,81;0,37;3461,44;
RAIMUNDO NONATO DA SILVA;CASA CIVIL;MOT-I;; ESTATUTARIO;5293,38;;5293,38;478,66;4814,72;
RAISSA BARROS DE JESUS;CASA CIVIL;ASSESSOR I AD-1;; CARGO COMISSION.S/VINCULO;5229,77;;5229,77;986,40;4243,37;
RALIME GRECIA DA SILVA;CASA CIVIL;A.TEC-I;FG-3 DE ASSESSORIA; ESTATUTARIO;4974,45;;4974,45;533,66;4440,79;
RAQUEL TINOCO NEIA;FUNDO DE PROMOCAO SOCIAL-FPS;ASSESSOR TECNICO;; CARGO COMISSION.S/VINCULO;7000,00;;7000,00;1505,89;5494,11;
REGIANE LOPES GIOIA;FUNDO DE PROMOCAO SOCIAL-FPS;SECRETARIO EXECUTIVO;; CARGO COMISSION.S/VINCULO;11700,00;;11700,00;2798,39;8901,61;
REGINA COELI BARRETO LIMA EH SILVA;CASA CIVIL;A.TEC-I;FG-1 CHEFE DE SETOR; ESTATUTARIO;6987,40;;6987,40;1123,68;5863,72;
REGINA COELI BRITO DOS SANTOS;CASA CIVIL;A.TEC-I;FG-1 ASSESSORIA; ESTATUTARIO;9619,24;;9619,24;2140,79;7478,45;
REGINA DE SOUZA MARTINS;FUNDO DE PROMOCAO SOCIAL-FPS;ASSESSOR TECNICO;; CARGO COMISSION.S/VINCULO;7000,00;;7000,00;1505,89;5494,11;
REGINA GONCALVES LOIOLA;FUNDO DE PROMOCAO SOCIAL-FPS;ASSESSOR II AD-2;; CARGO COMISSION.S/VINCULO;4209,79;;4209,79;641,84;3567,95;
REINALDO SILVA DE QUEIROZ;CASA CIVIL;AUX.S.G-III;FG-3 DE ASSESSORIA; ESTATUTARIO;4708,36;;4708,36;522,90;4185,46;
RENATA KELLEN ELIZIARIO SILVA;FUNDO DE PROMOCAO SOCIAL-FPS;ASSESSOR TECNICO;; CARGO COMISSION.S/VINCULO;7000,00;;7000,00;1505,89;5494,11;
RENATA KELLY SALGADO DA C MEDEIROS;CASA CIVIL;CONSULTOR TEC.LEGISLATIVO IV- AD-1;; CARGO COMISSION.S/VINCULO;5229,77;;5229,77;986,40;4243,37;
RICARDINA MARIA MENEZES DOS SANTOS;CASA CIVIL;TNS-I;TEC DE NIV SUPERIOR; ESTATUTARIO;5478,46;;5478,46;1070,69;4407,77;
RICARDO MIRANDA NOGUEIRA;CASA CIVIL;ASSESSOR II AD-2;; CARGO COMISSION.S/VINCULO;4209,79;;4209,79;670,28;3539,51;
RITA DE CASSIA DOS SANTOS GONCALVES;CASA CIVIL;ASSISTENTE TECNICO ADMINISTRATIVO B;; ESTATUTARIO;2806,00;;2806,00;67,65;2738,35;
ROBERTO ALENCAR DOS SANTOS;CASA CIVIL;AUX.S.G-I;; ESTATUTARIO;5644,98;;5644,98;537,09;5107,89;
ROBERTO DE OLIVEIRA;CASA CIVIL;ASSESSOR TECNICO;; CARGO COMISSION.S/VINCULO;7000,00;;7000,00;1505,89;5494,11;
ROBERTO GOMES DA SILVA;CASA CIVIL;ASSESSOR TECNICO;; CARGO COMISSION.S/VINCULO;7000,00;;7000,00;1505,89;5494,11;
ROBERTO SA DOS SANTOS;CASA CIVIL;CONSULTOR TECNICO II;; CARGO COMISSION.S/VINCULO;6500,00;;6500,00;1368,39;5131,61;
ROBERVAL PINHEIRO CAVALCANTE;CASA CIVIL;ASSESSOR TECNICO;ASSESSOR TECNICO; CARGO COMISSION.S/VINCULO;9333,33;;9333,33;2095,42;7237,91;
ROBINE PEREIRA GUIMARAES DE FREITAS;CASA CIVIL;ASSESSOR I AD-1;; CARGO COMISSION.S/VINCULO;5229,77;;5229,77;986,40;4243,37;
ROBSON DE FREITAS PEREIRA;FUNDO DE PROMOCAO SOCIAL-FPS;ASSESSOR I AD-1;; CARGO COMISSION.S/VINCULO;5229,77;;5229,77;986,40;4243,37;
RODRIGO GIRÃO DOS SANTOS;CASA CIVIL;ASSESSOR I AD-1;; CARGO COMISSION.S/VINCULO;5229,77;;5229,77;986,40;4243,37;
RODRIGO HAMILTON MOURAO;CASA CIVIL;ASSESSOR TECNICO;; CARGO COMISSION.S/VINCULO;7000,00;;7000,00;1401,61;5598,39;
ROGERIO DE ARAUJO BARBOZA;CASA CIVIL;CHEFE ADJUNTO DA CTL;; CARGO COMISSION.S/VINCULO;9000,00;;9000,00;2055,89;6944,11;
ROSA MARIA SIMOES ALVES DA SILVA;CASA CIVIL;C.TEC.L-U;; ESTATUTARIO;35399,76;1576,83;33822,93;10757,74;23065,19;
ROSANGELA MACEDO REGO;CASA CIVIL;ASSESSOR II AD-2;; CARGO COMISSION.S/VINCULO;4209,79;;4209,79;670,28;3539,51;
ROSE LENE SERPA DOS SANTOS;CASA CIVIL;ASSESSOR II AD-2;; CARGO COMISSION.S/VINCULO;4209,79;;4209,79;670,28;3539,51;
ROSENALDO ROCHA;CASA CIVIL;A.TEC-I;FG-2 ASSESSORIA; ESTATUTARIO;5619,09;;5619,09;697,48;4921,61;
RUBEM CELANDRO DE SOUZA GUIMARAES;CASA CIVIL;A.TEC-I;FG-1 ASSESSORIA; ESTATUTARIO;6302,40;;6302,40;886,09;5416,31;
SALUA PAVAO DA SILVA;CASA CIVIL;CONSULTOR TECNICO I;CONSULTOR TECNICO I; CARGO COMISSION.S/VINCULO;7500,00;;7500,00;1643,39;5856,61;
SAMYA DE OLIVEIRA SANCHES;CASA CIVIL;ASSESSOR I AD-1;; CARGO COMISSION.S/VINCULO;5229,77;;5229,77;986,40;4243,37;
SEBASTIAO LUIZ DE LIMA;CASA CIVIL;A.TEC-I;FG-1 CHEFE DE SETOR; ESTATUTARIO;9627,81;;9627,81;1987,36;7640,45;
SERGIO ALEXANDRE NASCIMENTO RIBEIRO;CASA CIVIL;ASSESSOR I AD-1;; CARGO COMISSION.S/VINCULO;6973,03;;6973,03;1498,47;5474,56;
SERGIO ALVES DE SOUSA;CASA CIVIL;ASSESSOR I AD-1;; CARGO COMISSION.S/VINCULO;5229,77;;5229,77;986,40;4243,37;
SERGIO DE LIMA MACHADO;CASA CIVIL;ASSESSOR CONTABIL;ASSESSOR CONTABIL; CARGO COMISSION.S/VINCULO;6500,00;;6500,00;1316,25;5183,75;
SHEILA MANUELITA BARBOSA C BENJAMIN;CASA CIVIL;ASSESSOR TECNICO;; CARGO COMISSION.S/VINCULO;7000,00;;7000,00;1505,89;5494,11;
SIDNEY ARAUJO DA SILVA;CASA CIVIL;ASSESSOR III AD-3;ASSESSOR III AD-3; CARGO COMISSION.S/VINCULO;4191,80;;4191,80;665,90;3525,90;
SIDNEY BARROSO WANDERLEY;CASA CIVIL;SECRETARIO EXECUTIVO ADJUNTO;; CARGO COMISSION.S/VINCULO;9000,00;;9000,00;2003,75;6996,25;
SIDNEY HUMBERTO PERRONE FALCAO;CASA CIVIL;ASSESSOR I AD-1;; CARGO COMISSION.S/VINCULO;10459,54;;10459,54;1858,02;8601,52;
SILMARA TENACOL BATISTA;CASA CIVIL;ASSESSOR I AD-1;; CARGO COMISSION.S/VINCULO;5229,77;;5229,77;986,40;4243,37;
SILVIA GOMES DE OLIVEIRA;CASA CIVIL;ASSESSOR II AD-2;; CARGO COMISSION.S/VINCULO;4209,79;;4209,79;670,28;3539,51;
SINVAL DA COSTA TRINDADE;FUNDO DE PROMOCAO SOCIAL-FPS;ASSESSOR II AD-2;; CARGO COMISSION.S/VINCULO;4198,13;;4198,13;553,69;3644,44;
SOLANGE PEREIRA SALES DE OLIVEIRA;CASA CIVIL;ASSISTENTE TECNICO GOVERNAMENTAL;; ESTATUTARIO;3603,77;;3603,77;314,46;3289,31;
SONIA MARIA DE SOUSA DA SILVA;CASA CIVIL;ASSESSOR III AD-3;; CARGO COMISSION.S/VINCULO;3191,80;;3191,80;422,40;2769,40;
SONJA MARIA BRAGA DOS SANTOS;CASA CIVIL;TECNICO 3A CLASSE;FG-2 DE ASSESSORIA; ESTATUTARIO;6296,01;;6296,01;1082,52;5213,49;
SUELLEN REGINA DE FREITAS FERREIRA;FUNDO DE PROMOCAO SOCIAL-FPS;ASSESSOR TECNICO;; CARGO COMISSION.S/VINCULO;9333,33;;9333,33;2147,55;7185,78;
SULENI BITAR RUAS;CASA CIVIL;ASSISTENTE TECNICO III;FG-3 DE ASSESSORIA; ESTATUTARIO;5526,16;;5526,16;765,29;4760,87;
SUMAIA KALID OSSAMI;CASA CIVIL;ASSESSOR I AD-1;; CARGO COMISSION.S/VINCULO;5229,77;;5229,77;986,40;4243,37;
SUZANA FLEURY MENDES DA SILVA;CASA CIVIL;ASSESSOR II AD-2;; CARGO COMISSION.S/VINCULO;4209,79;;4209,79;670,28;3539,51;
SYND MARIA DE SOUZA PINHEIRO;CASA CIVIL;ASSESSOR II AD-2;; CARGO COMISSION.S/VINCULO;4209,79;;4209,79;670,28;3539,51;
TABAJARA RODRIGUES MORENO;CASA CIVIL;ASSESSOR TECNICO;; CARGO COMISSION.S/VINCULO;7000,00;;7000,00;1505,89;5494,11;
TAINAN RIBEIRO DE ALMEIDA;FUNDO DE PROMOCAO SOCIAL-FPS;ASSESSOR IV AD-4;; CARGO COMISSION.S/VINCULO;2575,61;;2575,61;231,80;2343,81;
TANIA MARIA DOS SANTOS RODRIGUES;FUNDO DE PROMOCAO SOCIAL-FPS;ASSESSOR III AD-3;; CARGO COMISSION.S/VINCULO;3191,80;;3191,80;422,40;2769,40;
TANIA ZUNAIDE BRAGA RIBEIRO;CASA CIVIL;CONSULTOR TECNICO III;; CARGO COMISSION.S/VINCULO;5500,00;;5500,00;1081,77;4418,23;
TASSIA CAMILA COELHO GOMES;CASA CIVIL;ASSESSOR II AD-2;ASSESSOR II-AD-2; CARGO COMISSION.S/VINCULO;5613,05;;5613,05;1121,87;4491,18;
TERESINHA DE JESUS ASSUNCAO ALVES;CASA CIVIL;ASSISTENTE TECNICO GOVERNAMENTAL;FG-3 DE ASSESSORIA; ESTATUTARIO;4835,02;;4835,02;569,34;4265,68;
TEREZA CRISTINA MATOS FEITOZA;CASA CIVIL;ASSESSOR I AD-1;ASSESSOR I AD 1; CARGO COMISSION.S/VINCULO;5229,77;;5229,77;986,40;4243,37;
TEREZINHA BONATES MIRANDA;CASA CIVIL;A.TEC-I;FG-1 ASSESSORIA; ESTATUTARIO;8537,84;;8537,84;1374,27;7163,57;
TEREZINHA DE JESUS O B C RODRIGUES;CASA CIVIL;ASSESSOR III AD-3;ASSESSOR III AD 3; CARGO COMISSION.S/VINCULO;3191,80;;3191,80;422,40;2769,40;
THIAGO TEIXEIRA DE CASTRO;CASA CIVIL;ASSESSOR II AD-2;; CARGO COMISSION.S/VINCULO;4209,79;;4209,79;670,28;3539,51;
TIAGO MARQUES DA SILVA;CASA CIVIL;CONSULTOR TECNICO I;; CARGO COMISSION.S/VINCULO;7500,00;;7500,00;1643,39;5856,61;
UBIRAGILDO DO NASCIMENTO SARAIVA;CASA CIVIL;ASSISTENTE TECNICO GOVERNAMENTAL;; ESTATUTARIO;3577,54;;3577,54;308,07;3269,47;
UBIRAJARA RAMOS MORAES JUNIOR;CASA CIVIL;TNS-II;FG-2 ASSESSORIA; ESTATUTARIO;10088,52;;10088,52;2147,21;7941,31;
VALDIR ALVES DE VASCONCELOS;CASA CIVIL;A.TEC-I;ASSIST TECNICO; ESTATUTARIO;3110,34;;3110,34;172,64;2937,70;
VALQUIRIA CORREIA DA COSTA;CASA CIVIL;ASSESSOR I AD-1;; CARGO COMISSION.S/VINCULO;6973,03;;6973,03;1498,47;5474,56;
VANESSA DE LIMA PADILHA;CASA CIVIL;ASSESSOR III AD-3;; CARGO COMISSION.S/VINCULO;3086,94;;3086,94;388,59;2698,35;
VANESSA SEVERIANO DA SILVA;FUNDO DE PROMOCAO SOCIAL-FPS;ASSESSOR II AD-2;; CARGO COMISSION.S/VINCULO;4209,79;;4209,79;670,28;3539,51;
VANUSA DA SILVA CUNHA;CASA CIVIL;ASSISTENTE TECNICO GOVERNAMENTAL;FG-3 DE ASSESSORIA; ESTATUTARIO;4826,28;;4826,28;566,24;4260,04;
VERA DOS SANTOS GUIMARAES;CASA CIVIL;ASSISTENTE TECNICO GOVERNAMENTAL;FG-2 GESTOR DE CONT.; ESTATUTARIO;10074,20;;10074,20;1254,55;8819,65;
VERA ELANE ROCHA DOS SANTOS;CASA CIVIL;A.TEC-I;FG-2 DE ASSESSORIA; ESTATUTARIO;5610,34;;5610,34;642,24;4968,10;
VERANILCE FERNANDES PANTOJA;CASA CIVIL;A.TEC-I;FG-3 ASSESSORIA; ESTATUTARIO;4959,09;;4959,09;528,90;4430,19;
VICENTE DE CASTRO ASSUNCAO;CASA CIVIL;MOT-III;; ESTATUTARIO;2827,32;;2827,32;195,35;2631,97;
VICTOR BRENO ALMADA GOMES;CASA CIVIL;ASSESSOR I AD-1;; CARGO COMISSION.S/VINCULO;5229,77;;5229,77;986,40;4243,37;
VIRGINIA MIRANDA DA COSTA;CASA CIVIL;ASSISTENTE TECNICO GOVERNAMENTAL;FG-2 ASSESSORIA; ESTATUTARIO;5655,18;;5655,18;691,31;4963,87;
VIVALDO RODRIGUES CARDOSO NETO;FUNDO DE PROMOCAO SOCIAL-FPS;ASSESSOR IV AD-4;; CARGO COMISSION.S/VINCULO;2575,61;;2575,61;264,79;2310,82;
WALDAMOR ALMEIDA DE SOUZA;FUNDO DE PROMOCAO SOCIAL-FPS;ASSESSOR II AD-2;; CARGO COMISSION.S/VINCULO;4209,79;;4209,79;670,28;3539,51;
WANDA DE SOUZA TRINDADE;CASA CIVIL;REDATOR GOVERNAMENTAL;FG-1 ASSESSORIA; ESTATUTARIO;11375,07;;11375,07;2442,12;8932,95;
WANDERLEY MARTINS FARIAS;CASA CIVIL;ASSESSOR II AD-2;; CARGO COMISSION.S/VINCULO;4209,79;;4209,79;670,28;3539,51;
WILSON TEIXEIRA MARIANO;CASA CIVIL;A.TEC-I;; ESTATUTARIO;3719,09;;3719,09;239,84;3479,25;
YONE PAES LESSA;CASA CIVIL;A.TEC-I;CHEFE DE UNID FG 3; ESTATUTARIO;7228,96;;7228,96;1379,90;5849,06;
YURI MOISES TAKETOMI OLIMPIO;CASA CIVIL;AGENTE ADM.-AGA-T.S.N.A.-E;ASSESSOR TECNICO; ESTATUTARIO;7000,00;;7000,00;1055,64;5944,36;
