NOME;LOTACAO;CARGO;FUNCAO;VINCULO;REMUNERACAO LEGAL TOTAL(R$);DESC.TETO(R$); REMUNERACAO LEGAL DEVIDA(R$);DESCONTOS LEGAIS(R$);LIQUIDO DISPONIVEL(R$);
ABIANCY ROCHA REGO DE OLIVEIRA;CASA CIVIL;A.TEC-I;FG-1 ASSESSORIA; ESTATUTARIO;9272,39;;9272,39;1916,44;7355,95;
ADALBERTO FONSECA DE SOUZA;CASA CIVIL;PROFESSOR PF20.ESP-III;ASSESSOR TECNICO; ESTATUTARIO;8981,94;;8981,94;1732,06;7249,88;
ADAUCEA VIANA DOS SANTOS;CASA CIVIL;A.TEC-I;; ESTATUTARIO;4192,70;;4192,70;319,80;3872,90;
ADELAINE NASCIMENTO DE O GARCIA;FUNDO DE PROMOCAO SOCIAL-FPS;ASSESSOR II;; CARGO COMISSION.S/VINCULO;4509,79;;4509,79;613,40;3896,39;
ADEMILDE DA SILVA FERNANDES;CASA CIVIL;AUX.S.G-I;FG-3 DE ASSESSORIA; ESTATUTARIO;5284,98;;5284,98;232,29;5052,69;
ADNA MARIA MOTA RAPOSO;CASA CIVIL;ASSESSOR I;; CARGO COMISSION.S/VINCULO;5529,77;;5529,77;986,40;4543,37;
ADRIANA BARBOSA DAMASCENO;CASA CIVIL;ASSESSOR TECNICO;NAO INFORMADO; CARGO COMISSION.S/VINCULO;8699,99;;8699,99;1890,88;6809,11;
ADRIANA DOS REIS TAVARES;CASA CIVIL;ASSESSOR III;; CARGO COMISSION.S/VINCULO;3491,80;;3491,80;422,40;3069,40;
AETE DO SOCORRO MARTINS DE MATOS;CASA CIVIL;AGENTE ADMINISTRATIVO 3A CLASSE;REP.MUNIC.DE JUTAI; ESTATUTARIO;5117,54;;5117,54;563,14;4554,40;
AGENOR VEIGA NEGRAO;CASA CIVIL;A.TEC-II;; ESTATUTARIO;3860,79;;3860,79;230,37;3630,42;
ALADIO CORREA JUNIOR;CASA CIVIL;ASSESSOR I;; CARGO COMISSION.S/VINCULO;5529,77;;5529,77;986,40;4543,37;
ALAN FERNANDO RODRIGUES DE SOUZA;CASA CIVIL;ASSESSOR I;; CARGO COMISSION.S/VINCULO;5529,77;;5529,77;986,40;4543,37;
ALANA DE AQUINO LIRA;CASA CIVIL;ASSESSOR II;; CARGO COMISSION.S/VINCULO;4509,79;;4509,79;670,28;3839,51;
ALBERTO JORGE FERNANDES RIBEIRO;CASA CIVIL;ASSISTENTE TECNICO GOVERNAMENTAL;; ESTATUTARIO;3877,54;;3877,54;279,63;3597,91;
ALCIDES MULLER;CASA CIVIL;ASSISTENTE TECNICO GOVERNAMENTAL;FG-1 ASSESSORIA; ESTATUTARIO;6277,54;;6277,54;673,59;5603,95;
ALCINEA DA CUNHA CIDADE;CASA CIVIL;ASSESSOR I;; CARGO COMISSION.S/VINCULO;5529,77;;5529,77;986,40;4543,37;
ALCYNEY FERNANDES RODRIGUES;CASA CIVIL;REDATOR GOVERNAMENTAL;FG-3 DE ASSESSORIA; ESTATUTARIO;5143,77;;5143,77;329,83;4813,94;
ALDRIN DE OLIVEIRA BARBOSA;CASA CIVIL;CONSULTOR TECNICO LEGISLATIVO I;; CARGO COMISSION.S/VINCULO;7800,00;;7800,00;1643,39;6156,61;
ALESSANDRA GUEDES MOURA CAVALCANTI;CASA CIVIL;CONSULTOR TECNICO LEGISLATIVO II;; CARGO COMISSION.S/VINCULO;8666,67;;8666,67;1657,41;7009,26;
ALEXANDRA DE OLIVEIRA RODRIGUES;FUNDO DE PROMOCAO SOCIAL-FPS;ASSESSOR I;; CARGO COMISSION.S/VINCULO;5529,77;;5529,77;986,40;4543,37;
ALINE CHIXARO PIMENTA;CASA CIVIL;CONSULTOR TECNICO II;NAO INFORMADO; CARGO COMISSION.S/VINCULO;6800,00;;6800,00;1264,11;5535,89;
ALINE MASSULO LOUBET DA MATA;CASA CIVIL;ASSESSOR III;; CARGO COMISSION.S/VINCULO;4255,73;;4255,73;653,03;3602,70;
AMANDA JACINTO DE CARVALHO;FUNDO DE PROMOCAO SOCIAL-FPS;ASSESSOR TECNICO;; CARGO COMISSION.S/VINCULO;7300,00;;7300,00;1505,89;5794,11;
AMAZONINO ARMANDO MENDES;CASA CIVIL;GOVERNADOR DE ESTADO;; CARGO COMISSION.S/VINCULO;30471,11;;30471,11;;30471,11;
ANA BEATRIZ LOBO MOUTINHO BREVAL;CASA CIVIL;ESCRIVAO DE POL.3A.CL. PC-ESC-III;SEC.EXECUTIVO; ESTATUTARIO;12000,00;;12000,00;2348,14;9651,86;
ANA CAROLINA ARRUDA VASCONCELOS;CASA CIVIL;ASSESSOR TECNICO;NAO INFORMADO; CARGO COMISSION.S/VINCULO;7300,00;;7300,00;1505,89;5794,11;
ANA CAROLINA DE ALENCAR BALIEIRO;CASA CIVIL;CONSULTOR TECNICO LEGISLATIVO I;; CARGO COMISSION.S/VINCULO;7500,00;;7500,00;1591,25;5908,75;
ANA CLAUDIA DE SOUSA SILVA;CASA CIVIL;ASSESSOR III;; CARGO COMISSION.S/VINCULO;4555,73;;4555,73;684,21;3871,52;
ANA CLAUDIA SANTANA DA COSTA;CASA CIVIL;ASSESSOR I;; CARGO COMISSION.S/VINCULO;5529,77;;5529,77;986,40;4543,37;
ANA CRISTINA RODRIGUES DE SOUZA;CASA CIVIL;ASSISTENTE TECNICO GOVERNAMENTAL;FG-1 ASSESSORIA; ESTATUTARIO;6286,28;;6286,28;780,97;5505,31;
ANA GABRIELLA FILIZZOLA S NORONHA;CASA CIVIL;ASSESSOR II;ASSESSOR II AD-2; CARGO COMISSION.S/VINCULO;4509,79;;4509,79;670,28;3839,51;
ANA KARINE MAIA DE OLIVEIRA ROMAO;CASA CIVIL;ASSESSOR I;; CARGO COMISSION.S/VINCULO;5529,77;;5529,77;986,40;4543,37;
ANA LUCIA CRUZ MONJELO;CASA CIVIL;CONSULTOR TECNICO III;NAO INFORMADO; CARGO COMISSION.S/VINCULO;8183,33;;8183,33;1696,67;6486,66;
ANA MARIA DA SILVA ABINADER;CASA CIVIL;ASSESSOR III;ASSESSOR AD3; CARGO COMISSION.S/VINCULO;3491,80;;3491,80;422,40;3069,40;
ANA MARIA HOLANDA FARIAS SALES;CASA CIVIL;CONSULTOR TEC.LEGISLATIVO IV- AD-1;; CARGO COMISSION.S/VINCULO;5529,77;;5529,77;986,40;4543,37;
ANA PAULA ALVES CAMPELO;CASA CIVIL;ASSESSOR I;; CARGO COMISSION.S/VINCULO;5529,77;;5529,77;986,40;4543,37;
ANA PAULA GOMES ROCHA CORDEIRO;FUNDO DE PROMOCAO SOCIAL-FPS;ASSESSOR II;NAO INFORMADO; CARGO COMISSION.S/VINCULO;4509,79;;4509,79;613,40;3896,39;
ANA PAULA MACIEL MORENO;CASA CIVIL;ASSESSOR II;; CARGO COMISSION.S/VINCULO;4509,79;;4509,79;670,28;3839,51;
ANA RITA GARCIA DA SILVA;CASA CIVIL;ASSESSOR II;; CARGO COMISSION.S/VINCULO;4509,79;;4509,79;670,28;3839,51;
ANDREA CRISTINA BRAGA DA S ARAUJO;FUNDO DE PROMOCAO SOCIAL-FPS;ASSESSOR II;; CARGO COMISSION.S/VINCULO;5913,05;;5913,05;1121,87;4791,18;
ANDREA RENATA DO NASCIMENTO SOUZA;CASA CIVIL;ASSESSOR II;NAO INFORMADO; CARGO COMISSION.S/VINCULO;4509,79;;4509,79;670,28;3839,51;
ANDREIA ALEXANDRA LAGE RIBEIRO;CASA CIVIL;ASSESSOR I;; CARGO COMISSION.S/VINCULO;5529,77;;5529,77;986,40;4543,37;
ANDREIA CARVALHO CHAGAS;CASA CIVIL;ASSESSOR I;; CARGO COMISSION.S/VINCULO;7273,03;;7273,03;1498,47;5774,56;
ANDREIA DA SILVA LACERDA;CASA CIVIL;ASSESSOR II;; CARGO COMISSION.S/VINCULO;4509,79;;4509,79;670,28;3839,51;
ANDREY KAWAMURA FELIPE;CASA CIVIL;CONSULTOR TEC.LEGISLATIVO IV- AD-1;; CARGO COMISSION.S/VINCULO;5529,77;;5529,77;986,40;4543,37;
ANDREZA RODRIGUES DA SILVA;CASA CIVIL;ASSESSOR I;; CARGO COMISSION.S/VINCULO;5529,77;;5529,77;986,40;4543,37;
ANGELA MARIA SOUZA DE BARROS;CASA CIVIL;ASSISTENTE TECNICO GOVERNAMENTAL;FG-3 DE ASSESSORIA; ESTATUTARIO;5795,02;;5795,02;594,43;5200,59;
ANGELO ROBERTO LOPES DA SILVA;CASA CIVIL;CONSULTOR TECNICO II;NAO INFORMADO; CARGO COMISSION.S/VINCULO;6800,00;;6800,00;1368,39;5431,61;
ANTONIA NIZALIA DA SILVA;CASA CIVIL;ASSESSOR II;ASSESSOR II AD 2; CARGO COMISSION.S/VINCULO;4509,79;;4509,79;670,28;3839,51;
ANTONIO CARLOS CONCEICAO OLIVEIRA;CASA CIVIL;A.TEC-I;FG-1 CHEFE DE GAB; ESTATUTARIO;12290,26;;12290,26;2447,53;9842,73;
ANTONIO CARLOS MIRANDA NOGUEIRA;CASA CIVIL;ASSESSOR TECNICO;; CARGO COMISSION.S/VINCULO;12444,43;;12444,43;11311,70;1132,73;
ANTONIO DO NASCIMENTO P AMORIM;FUNDO DE PROMOCAO SOCIAL-FPS;ASSESSOR III;; CARGO COMISSION.S/VINCULO;3491,80;;3491,80;422,40;3069,40;
ANTONIO ERIVELTO AQUINO DE OLIVEIRA;CASA CIVIL;ASSESSOR I;; CARGO COMISSION.S/VINCULO;5529,77;;5529,77;986,40;4543,37;
ANTONIO FERREIRA FALCAO;CASA CIVIL;MOT-I;; ESTATUTARIO;4414,26;;4414,26;364,22;4050,04;
ANTONIO FRANCISCO DA SILVA;CASA CIVIL;A.TEC-I;FUNCAO GRATIFICAD; ESTATUTARIO;11427,83;;11427,83;2056,67;9371,16;
ANTONIO FRANCISCO SILVA CASTRO;CASA CIVIL;MOT-I;; ESTATUTARIO;2841,39;;2841,39;219,68;2621,71;
ANTONIO IRAN DE SOUZA LIMA;CASA CIVIL;TECNICO EM AGROPECUARIA;SEC EXTRAORD PROJETO; ESTATUTARIO;12000,00;;12000,00;2455,82;9544,18;
ANTONIO MARCEL SERUDO R FERREIRA;CASA CIVIL;ASSESSOR I;; CARGO COMISSION.S/VINCULO;5529,77;;5529,77;986,40;4543,37;
ANTÔNIO CARLOS SANTOS DOS REIS;CASA CIVIL;ASSESSOR I;; CARGO COMISSION.S/VINCULO;5529,77;;5529,77;986,40;4543,37;
ARABI AMED E SILVA;CASA CIVIL;ASSISTENTE SOCIAL;FG-2 ASSESSORIA; ESTATUTARIO;5991,90;;5991,90;998,89;4993,01;
ARLEDNEY CAVALCANTI MENDES;CASA CIVIL;ASSISTENTE TECNICO GOVERNAMENTAL;FG-2 ASSESSORIA; ESTATUTARIO;5795,02;;5795,02;646,57;5148,45;
ARLENE LIMA MATHIAS;CASA CIVIL;A.TEC-I;; ESTATUTARIO;4202,40;;4202,40;322,07;3880,33;
ARLETE FELIZARDO DE SOUSA LUZ;CASA CIVIL;ASSESSOR I;; CARGO COMISSION.S/VINCULO;7273,03;;7273,03;1498,47;5774,56;
ARNOLDO DE OLIVEIRA NAZARETH FILHO;CASA CIVIL;ASSESSOR I;; CARGO COMISSION.S/VINCULO;7273,03;;7273,03;1498,47;5774,56;
ARSINOE KARINA QUEIROZ DE OLIVEIRA;CASA CIVIL;ASSESSOR TECNICO;; CARGO COMISSION.S/VINCULO;9633,33;;9633,33;2147,55;7485,78;
ARTHUR CESAR ZAHLUTH LINS;CASA CIVIL;SECRETARIO DE ESTADO;; CARGO COMISSION.S/VINCULO;13800,00;;13800,00;3293,39;10506,61;
ARTHUR MACEDO BULCAO;FUNDO DE PROMOCAO SOCIAL-FPS;ASSESSOR I;NAO INFORMADO; CARGO COMISSION.S/VINCULO;5529,77;;5529,77;986,40;4543,37;
AUDRIA REGINA SOARES DE ALBUQUERQUE;CASA CIVIL;ESCRIVAO DE POL.4A.CL. PC-ESC-IV;ASSESSOR I AD1; ESTATUTARIO;5000,00;;5000,00;505,64;4494,36;
AUGUSTO CESAR TEIXEIRA NASCIMENTO;CASA CIVIL;ASSISTENTE TECNICO GOVERNAMENTAL;FG-1 CHEFE DE SETOR; ESTATUTARIO;6295,02;;6295,02;784,07;5510,95;
AUXILIADORA BEZERRA FERREIRA;CASA CIVIL;COZINHEIRO GOVERNAMENTAL;; ESTATUTARIO;2888,04;;2888,04;194,23;2693,81;
AYDA MIRTES LUZEIRO LOPES CRUZ;CASA CIVIL;A.TEC-I;FG-2 ASSESSORIA; ESTATUTARIO;6343,86;;6343,86;899,26;5444,60;
AYR JOSE DE SOUZA;CASA CIVIL;ASSESSOR I;; CARGO COMISSION.S/VINCULO;7273,03;;7273,03;1498,47;5774,56;
AYRTON SENNA PONCE RAPOSO;CASA CIVIL;CONSULTOR TECNICO II;; CARGO COMISSION.S/VINCULO;6800,00;;6800,00;1368,39;5431,61;
AYUMI MARQUES BENCHIMOL DA SILVA;CASA CIVIL;ASSESSOR III;; CARGO COMISSION.S/VINCULO;4555,73;;4555,73;684,21;3871,52;
BARBARA LOPES MESQUITA;CASA CIVIL;ASSESSOR II;; CARGO COMISSION.S/VINCULO;4509,79;;4509,79;670,28;3839,51;
BELISA RAQUEL DE OLIVEIRA SANTOS;CASA CIVIL;ASSESSOR II;NAO INFORMADO; CARGO COMISSION.S/VINCULO;4509,79;;4509,79;670,28;3839,51;
BELMIRA DOS SANTOS DE OLIVEIRA;CASA CIVIL;A.TEC-I;FG-1 CHEFE DE SETOR; ESTATUTARIO;7921,06;;7921,06;1472,08;6448,98;
BERLEI DE SA ARRUDA;CASA CIVIL;ASSESSOR I;; CARGO COMISSION.S/VINCULO;5529,77;;5529,77;986,40;4543,37;
BERNADETH FERREIRA GODINHO;CASA CIVIL;A.TEC-I;FG-1 ASSESSORIA; ESTATUTARIO;6826,87;;6826,87;1083,91;5742,96;
BHIANCA KATRINY RODRIGUES DA SILVA;FUNDO DE PROMOCAO SOCIAL-FPS;ASSESSOR II;NAO INFORMADO; CARGO COMISSION.S/VINCULO;4509,79;;4509,79;670,28;3839,51;
BIANCA ALENCAR FARIAS DE PAULA;CASA CIVIL;CONSULTOR TEC.LEGISLATIVO IV- AD-1;; CARGO COMISSION.S/VINCULO;5529,77;;5529,77;986,40;4543,37;
BIANKA CAELLI BARRETO RODRIGUES;CASA CIVIL;ASSESSOR I;; CARGO COMISSION.S/VINCULO;5529,77;;5529,77;986,40;4543,37;
BRENDA QUEIROZ LINS;CASA CIVIL;ASSESSOR I;; CARGO COMISSION.S/VINCULO;7273,03;;7273,03;1342,06;5930,97;
BRENDO TELES BALIEIRO;CASA CIVIL;ASSESSOR I;; CARGO COMISSION.S/VINCULO;5529,77;;5529,77;986,40;4543,37;
BRUNA DAVILLA MOURAO PASSOS;FUNDO DE PROMOCAO SOCIAL-FPS;ASSESSOR III;; CARGO COMISSION.S/VINCULO;4555,73;;4555,73;684,21;3871,52;
BRUNNO VASCONCELOS COSTA;CASA CIVIL;ASSESSOR II;; CARGO COMISSION.S/VINCULO;4509,79;;4509,79;670,28;3839,51;
BRUNO HENRIQUE SABBA G PAULA;CASA CIVIL;ASSESSOR TECNICO;; CARGO COMISSION.S/VINCULO;7300,00;;7300,00;1505,89;5794,11;
CANDIDA FERNANDES DE SOUZA;CASA CIVIL;TNS-III;FG-1 ASSESSORIA; ESTATUTARIO;9093,42;;9093,42;1579,19;7514,23;
CARLA DE SOUZA ALFAIA;FUNDO DE PROMOCAO SOCIAL-FPS;ASSESSOR I;; CARGO COMISSION.S/VINCULO;5529,77;;5529,77;986,40;4543,37;
CARLOS ALBERTO DE OLIVEIRA NAZARE;CASA CIVIL;ASSISTENTE TECNICO GOVERNAMENTAL;; ESTATUTARIO;3886,28;;3886,28;224,88;3661,40;
CARLOS ALBERTO GONCALVES DE MELO;CASA CIVIL;A.TEC-I;FG-2 GESTOR DE CONT.; ESTATUTARIO;6102,40;;6102,40;548,76;5553,64;
CARLOS ALBERTO SOUZA DOS SANTOS;CASA CIVIL;ASSESSOR III;; CARGO COMISSION.S/VINCULO;4555,73;;4555,73;684,21;3871,52;
CARLOS ANDRE LIUZZI GOMES;CASA CIVIL;CONSULTOR TECNICO III;; CARGO COMISSION.S/VINCULO;5800,00;;5800,00;796,95;5003,05;
CARLOS EDUARDO TEIXEIRA FONSECA;CASA CIVIL;ASSESSOR TECNICO;; CARGO COMISSION.S/VINCULO;7300,00;;7300,00;1505,89;5794,11;
CAROLINE CARNEIRO RIBEIRO;CASA CIVIL;CONSULTOR TECNICO III;; CARGO COMISSION.S/VINCULO;5500,00;;5500,00;1081,77;4418,23;
CAROLINE DE LIMA DA SILVA;FUNDO DE PROMOCAO SOCIAL-FPS;ASSESSOR II;NAO INFORMADO; CARGO COMISSION.S/VINCULO;4509,79;;4509,79;613,40;3896,39;
CASSIUS CLAY CARNEIRO;CASA CIVIL;ASSESSOR I;; CARGO COMISSION.S/VINCULO;7273,03;;7273,03;1253,98;6019,05;
CINTIA VIANA GUIMARAES;FUNDO DE PROMOCAO SOCIAL-FPS;ASSESSOR II;; CARGO COMISSION.S/VINCULO;4509,79;;4509,79;613,40;3896,39;
CLAUDIA AMED E SILVA;CASA CIVIL;ASSESSOR I;ASSESSOR I AD-1; CARGO COMISSION.S/VINCULO;8135,19;;8135,19;5695,49;2439,70;
CLAUDIA AMED E SILVA;CASA CIVIL;CONSULTOR TECNICO II;NAO INFORMADO; CARGO COMISSION.S/VINCULO;9616,66;;9616,66;2142,97;7473,69;
CLAUDIA KARINE BOMFIM S SANTOS;FUNDO DE PROMOCAO SOCIAL-FPS;ASSESSOR III;; CARGO COMISSION.S/VINCULO;4555,73;;4555,73;684,21;3871,52;
CLAUDIA LEONOR GOMES BARROS;FUNDO DE PROMOCAO SOCIAL-FPS;ASSESSOR TECNICO;; CARGO COMISSION.S/VINCULO;7300,00;;7300,00;1505,89;5794,11;
CLEBER BERNARDES FERREIRA FILHO;CASA CIVIL;CONSULTOR TECNICO II;; CARGO COMISSION.S/VINCULO;6800,00;;6800,00;1368,39;5431,61;
CLEOMA JUSTINA DE CASTRO;FUNDO DE PROMOCAO SOCIAL-FPS;ASSESSOR II;; CARGO COMISSION.S/VINCULO;4509,79;;4509,79;670,28;3839,51;
CLEONICE LIMA DOS REIS;CASA CIVIL;ASSISTENTE TECNICO GOVERNAMENTAL;; ESTATUTARIO;5285,46;;5285,46;559,53;4725,93;
COSMO VASCONCELOS DE CARVALHO;CASA CIVIL;A.TEC-I;; ESTATUTARIO;3912,11;;3912,11;241,88;3670,23;
CRISTINA LUCIANA MOREIRA R PARENTE;CASA CIVIL;CONSULTOR TECNICO III;; CARGO COMISSION.S/VINCULO;5800,00;;5800,00;1029,63;4770,37;
CYNTHIA ROCHA MENDONCA;CASA CIVIL;CONSULTOR TECNICO II;; CARGO COMISSION.S/VINCULO;6800,00;;6800,00;1062,63;5737,37;
CYNTIA PEREIRA DE SOUSA;CASA CIVIL;ASSESSOR I;; CARGO COMISSION.S/VINCULO;7273,03;;7273,03;1498,47;5774,56;
DAIANE SILVA VASCONCELOS;CASA CIVIL;ASSESSOR III;ASSESSOR III AD-3; CARGO COMISSION.S/VINCULO;3491,80;;3491,80;422,40;3069,40;
DALTON DAS NEVES PICANCO;CASA CIVIL;TECNICO GOVERNAMENTAL;TEC IV SUP 3 CLASSE; ESTATUTARIO;3404,64;;3404,64;372,25;3032,39;
DANIEL ANVERES DE MENDONCA;CASA CIVIL;ASSESSOR I;; CARGO COMISSION.S/VINCULO;7273,03;;7273,03;1498,47;5774,56;
DANIEL COSTA DE MELO;CASA CIVIL;ASSESSOR I;; CARGO COMISSION.S/VINCULO;5529,77;;5529,77;986,40;4543,37;
DANIEL DARLAN MENEZES DO NASCIMENTO;FUNDO DE PROMOCAO SOCIAL-FPS;ASSESSOR IV;; CARGO COMISSION.S/VINCULO;2875,61;;2875,61;264,79;2610,82;
DANIEL DUARTE SANTOS;CASA CIVIL;ASSESSOR III;; CARGO COMISSION.S/VINCULO;4555,73;;4555,73;684,21;3871,52;
DANIEL MOREIRA DA COSTA;CASA CIVIL;CONSULTOR TECNICO III;; CARGO COMISSION.S/VINCULO;5800,00;;5800,00;1081,77;4718,23;
DANIEL SODRE GURGEL DO AMARAL;CASA CIVIL;ASSESSOR I;; CARGO COMISSION.S/VINCULO;5529,77;;5529,77;986,40;4543,37;
DANIELA BARRONCAS HOLANDA DIAS;CASA CIVIL;ASSESSOR TECNICO;; CARGO COMISSION.S/VINCULO;7300,00;;7300,00;1453,75;5846,25;
DANIELA TOILZA NUNES;CASA CIVIL;ASSESSOR II;; CARGO COMISSION.S/VINCULO;4509,79;;4509,79;641,84;3867,95;
DANIELLE FARIAS DA CRUZ FERNANDES;CASA CIVIL;ASSESSOR I;; CARGO COMISSION.S/VINCULO;7273,03;;7273,03;1498,47;5774,56;
DANIELLE FERNANDES AMORIM;CASA CIVIL;CONSULTOR TECNICO II;; CARGO COMISSION.S/VINCULO;6800,00;;6800,00;1368,39;5431,61;
DANIELLY PRADO DA SILVA;FUNDO DE PROMOCAO SOCIAL-FPS;ASSESSOR TECNICO;; CARGO COMISSION.S/VINCULO;7300,00;;7300,00;1505,89;5794,11;
DANILO GONCALVES DE SOUZA JUNIOR;CASA CIVIL;A.TEC-I;FG-3 DE ASSESSORIA; ESTATUTARIO;6410,34;;6410,34;779,74;5630,60;
DANNA DOUGLAS BRELAZ DE OLIVEIRA;CASA CIVIL;ASSESSOR I;NAO INFORMADO; CARGO COMISSION.S/VINCULO;5529,77;;5529,77;986,40;4543,37;
DAVI MARQUES LITAIFF;CASA CIVIL;ASSESSOR I;; CARGO COMISSION.S/VINCULO;5529,77;;5529,77;986,40;4543,37;
DAVID MOURAO CORREA;CASA CIVIL;MOT-I;; ESTATUTARIO;2841,39;;2841,39;176,86;2664,53;
DAVIDSON DE ALBUQUERQUE RAMOS;CASA CIVIL;ASSESSOR TECNICO;; CARGO COMISSION.S/VINCULO;7300,00;;7300,00;1505,89;5794,11;
DAYANE ANDRADE REBELO;CASA CIVIL;ASSESSOR I;; CARGO COMISSION.S/VINCULO;7273,03;;7273,03;1498,47;5774,56;
DENISE NASCIMENTO DE REZENDE;CASA CIVIL;ASSESSOR I;; CARGO COMISSION.S/VINCULO;7273,03;;7273,03;1394,20;5878,83;
DENIZE SANTOS DE ANDRADE;CASA CIVIL;ASSESSOR I;; CARGO COMISSION.S/VINCULO;5529,77;;5529,77;986,40;4543,37;
DERMILSON DE SOUZA ARAUJO;CASA CIVIL;A.TEC-II;FG-2 GESTOR DE CONT.; ESTATUTARIO;5825,00;;5825,00;361,78;5463,22;
DIEGO BATISTA DE OLIVEIRA;CASA CIVIL;ASSESSOR I;ASSESSOR I AD-1; CARGO COMISSION.S/VINCULO;5529,77;;5529,77;986,40;4543,37;
DIEGO DE SOUZA ANDRADE;CASA CIVIL;CONSULTOR TECNICO II;; CARGO COMISSION.S/VINCULO;6800,00;;6800,00;1368,39;5431,61;
DILENE MARIA DA COSTA GONCALVES;CASA CIVIL;ASSESSOR I;ASSESSOR I AD 1; CARGO COMISSION.S/VINCULO;5529,77;;5529,77;986,40;4543,37;
DIRLEI CORDEIRO DA SILVA;CASA CIVIL;ASSESSOR II;ASSESSOR II AD-2; CARGO COMISSION.S/VINCULO;4509,79;;4509,79;670,28;3839,51;
DIVALDO MARTINS DA COSTA;CASA CIVIL;CONSULTOR TECNICO LEGISLATIVO I;NAO INFORMADO; CARGO COMISSION.S/VINCULO;7800,00;;7800,00;1643,39;6156,61;
DOUGLAS MARTINS BENAION;CASA CIVIL;A.TEC-I;FG-2 ASSESSORIA; ESTATUTARIO;6355,20;;6355,20;747,92;5607,28;
EDBERG MEDEIROS SOARES;CASA CIVIL;ASSESSOR I;; CARGO COMISSION.S/VINCULO;5300,00;;5300,00;915,12;4384,88;
EDILEUZA SA DIAS;FUNDO DE PROMOCAO SOCIAL-FPS;ASSESSOR II;; CARGO COMISSION.S/VINCULO;4509,79;;4509,79;670,28;3839,51;
EDISSANDRA OLIVEIRA GUIMARAES;CASA CIVIL;AGENTE PREVIDENCIARIO;CONS.TEC.LEG.III; ESTATUTARIO;5300,00;;5300,00;453,50;4846,50;
EDMUNDO DA SILVA COSTA;CASA CIVIL;ASSESSOR TECNICO;NAO INFORMADO; CARGO COMISSION.S/VINCULO;7300,00;;7300,00;1505,89;5794,11;
EDNA MACHADO MELLO;CASA CIVIL;A.TEC-I;CHEFE DE GABINETE; ESTATUTARIO;9393,20;;9393,20;1958,34;7434,86;
EDSON BRANDAO DO NASCIMENTO;CASA CIVIL;REDATOR GOVERNAMENTAL;FG-1 CHEFE DE SETOR; ESTATUTARIO;6312,51;;6312,51;738,14;5574,37;
EDUARDO DA SILVA NEGRAO;CASA CIVIL;ASSESSOR TECNICO;; CARGO COMISSION.S/VINCULO;7300,00;;7300,00;1505,89;5794,11;
EDUARDO DIAS DE SOUZA;CASA CIVIL;ASSESSOR I;; CARGO COMISSION.S/VINCULO;5529,77;;5529,77;986,40;4543,37;
EDUARDO GONCALVES DE A JUNIOR;CASA CIVIL;MOT-I;; ESTATUTARIO;3141,39;;3141,39;205,46;2935,93;
ELIANA GOUVEA DE OLIVEIRA;FUNDO DE PROMOCAO SOCIAL-FPS;ASSESSOR II;; CARGO COMISSION.S/VINCULO;4509,79;;4509,79;670,28;3839,51;
ELIANE CORREA GENTIL;CASA CIVIL;MEDICO ESPECIALISTA;SECRET.EXECUTIVA ADM; ESTATUTARIO;13200,00;;13200,00;2760,64;10439,36;
ELIANE SAMPAIO MOREIRA;CASA CIVIL;SECRETARIO EXECUTIVO ADJUNTO;NAO INFORMADO; CARGO COMISSION.S/VINCULO;9300,00;;9300,00;2055,89;7244,11;
ELINELSON FERREIRA COLARES;CASA CIVIL;CONSULTOR TECNICO II;; CARGO COMISSION.S/VINCULO;6800,00;;6800,00;1368,39;5431,61;
ELIZA CATARINA DE MELO BERNARDO;CASA CIVIL;ASSISTENTE TECNICO GOVERNAMENTAL;FG-3 ASSESSORIA; ESTATUTARIO;5135,02;;5135,02;525,68;4609,34;
ELIZABETH GOMES SARAIVA;CASA CIVIL;ASSESSOR I;; CARGO COMISSION.S/VINCULO;5529,77;;5529,77;986,40;4543,37;
ELIZABETH SOARES RAPOSO;CASA CIVIL;A.TEC-I;; ESTATUTARIO;5334,23;;5334,23;552,21;4782,02;
ELIZABETH TRIBUZZI ARCE;CASA CIVIL;ASSESSOR II;NAO INFORMADO; CARGO COMISSION.S/VINCULO;4509,79;;4509,79;670,28;3839,51;
ELIZAMARA MOREIRA DOS S AZEVEDO;CASA CIVIL;ASSESSOR III;; CARGO COMISSION.S/VINCULO;3491,80;;3491,80;422,40;3069,40;
ELKIANNE ALMEIDA DE SOUZA;CASA CIVIL;CONSULTOR TECNICO II;; CARGO COMISSION.S/VINCULO;6800,00;;6800,00;1368,39;5431,61;
ELY FELETE BARBOSA DE SOUZA;CASA CIVIL;ASSESSOR II;; CARGO COMISSION.S/VINCULO;4509,79;;4509,79;641,84;3867,95;
EMERSON DA SILVA CASTRO;FUNDO DE PROMOCAO SOCIAL-FPS;ASSESSOR TECNICO;; CARGO COMISSION.S/VINCULO;7300,00;;7300,00;1505,89;5794,11;
EMERSON LIMA DO CARMO;CASA CIVIL;ASSESSOR II;ASSESSOR II AD 2; CARGO COMISSION.S/VINCULO;4509,79;;4509,79;670,28;3839,51;
ERIK PAULO DE SOUZA NOBRE;FUNDO DE PROMOCAO SOCIAL-FPS;ASSESSOR IV;; CARGO COMISSION.S/VINCULO;2875,61;;2875,61;264,79;2610,82;
ERIKA ANDRADE DE OLIVEIRA;CASA CIVIL;ASSESSOR III;; CARGO COMISSION.S/VINCULO;4555,73;;4555,73;684,21;3871,52;
ERIVEUTO DE OLIVEIRA PRAIA;CASA CIVIL;ASSESSOR II;; CARGO COMISSION.S/VINCULO;4509,79;;4509,79;670,28;3839,51;
ERLEN CRUZ DO AMARAL;CASA CIVIL;CONSULTOR TECNICO II;CONS.TECNICO; CARGO COMISSION.S/VINCULO;6800,00;;6800,00;1368,39;5431,61;
ESTANISLAU GASPAR FERNANDES;CASA CIVIL;A.TEC-I;FG-1 ASSESSORIA; ESTATUTARIO;6944,28;;6944,28;1004,67;5939,61;
ETELVINA DE CASSIA PERES VICTORIA;CASA CIVIL;A.TEC-I;FG-2 DE ASSESSORIA; ESTATUTARIO;5910,34;;5910,34;746,51;5163,83;
EVANILDO PINTO ALMEIDA;CASA CIVIL;MOT-I;; ESTATUTARIO;4146,13;;4146,13;373,27;3772,86;
EZIO FERREIRA DE SOUZA JUNIOR;CASA CIVIL;ASSESSOR TECNICO;; CARGO COMISSION.S/VINCULO;9633,33;;9633,33;2147,55;7485,78;
FABIANO DOMINGOS FIORI;CASA CIVIL;TNS-I;TEC NIVEL SUPERIOR; ESTATUTARIO;4664,56;;4664,56;623,67;4040,89;
FABIO MURILO DE O S FERNANDES;CASA CIVIL;ASSESSOR II;ASSESSOR II-AD-2; CARGO COMISSION.S/VINCULO;4509,79;;4509,79;670,28;3839,51;
FABIOLA PINHEIRO VIEIRA BARRETO;FUNDO DE PROMOCAO SOCIAL-FPS;ASSESSOR III;; CARGO COMISSION.S/VINCULO;4555,73;;4555,73;684,21;3871,52;
FABIOLA XAVIER DESTERRO E SILVA;CASA CIVIL;PROFESSOR PF40.LPL-IV;CHEF.ADJ.CONS.T-LEGI; ESTATUTARIO;11911,76;;11911,76;2603,93;9307,83;
FARID MENDONCA JUNIOR;CASA CIVIL;ASSESSOR TECNICO;; CARGO COMISSION.S/VINCULO;7300,00;;7300,00;1505,89;5794,11;
FERNANDA KAISSA DO NASCIMENTO SILVA;CASA CIVIL;CONSULTOR TECNICO II;; CARGO COMISSION.S/VINCULO;6800,00;;6800,00;1368,39;5431,61;
FERNANDA SANTOS SILVA;CASA CIVIL;ASSESSOR II;ASSESSOR II AD 2; CARGO COMISSION.S/VINCULO;4509,79;;4509,79;670,28;3839,51;
FERNANDO DE ALENCAR TAVARES;CASA CIVIL;ASSESSOR I;NAO INFORMADO; CARGO COMISSION.S/VINCULO;5529,77;;5529,77;986,40;4543,37;
FLAVIO KA YUNG PIMENTEL LIM;FUNDO DE PROMOCAO SOCIAL-FPS;ASSESSOR II;NAO INFORMADO; CARGO COMISSION.S/VINCULO;4509,79;;4509,79;670,28;3839,51;
FRANCISCA EVANILDE COSTA DA SILVA;CASA CIVIL;ASSESSOR II;ASSESSOR II AD-2; CARGO COMISSION.S/VINCULO;4509,79;;4509,79;670,28;3839,51;
FRANCISCA HELENA DE SOUZA DA SILVA;CASA CIVIL;ASSESSOR TECNICO;; CARGO COMISSION.S/VINCULO;7300,00;;7300,00;1505,89;5794,11;
FRANCISCA LIMA SOARES;FUNDO DE PROMOCAO SOCIAL-FPS;ASSESSOR II;; CARGO COMISSION.S/VINCULO;4509,79;;4509,79;670,28;3839,51;
FRANCISCA SILVA DA ROCHA;CASA CIVIL;ASSESSOR II;; CARGO COMISSION.S/VINCULO;4509,79;;4509,79;670,28;3839,51;
FRANCISCO BONETH;CASA CIVIL;MOT-I;; ESTATUTARIO;3318,25;;3318,25;204,51;3113,74;
FRANCISCO CARLOS CRUZ PESSOA DE SIQ;CASA CIVIL;ASSESSOR II;ASSESSOR II AD 2; CARGO COMISSION.S/VINCULO;4509,79;;4509,79;670,28;3839,51;
FRANCISCO DE ASSIS BULCAO DE SOUZA;CASA CIVIL;ASSESSOR I;; CARGO COMISSION.S/VINCULO;5529,77;;5529,77;986,40;4543,37;
FRANCISCO HELIO BEZERRA BESSA FILHO;CASA CIVIL;ASSESSOR II;; CARGO COMISSION.S/VINCULO;5913,05;;5913,05;1121,87;4791,18;
FRANCISCO PEREIRA GOMES;CASA CIVIL;MOT-I;; ESTATUTARIO;3141,39;;3141,39;176,86;2964,53;
FRANCISCO RICARDO PEREIRA FERNANDES;CASA CIVIL;CHEFE ADJUNTO DA CTL;; CARGO COMISSION.S/VINCULO;13400,00;;13400,00;3183,39;10216,61;
FRANCISCO SOARES DE MOURA;CASA CIVIL;MOT-I;FG-3 DE ASSESSORIA; ESTATUTARIO;6223,95;;6223,95;680,10;5543,85;
GABRIEL RAIKER ABRAHIM;CASA CIVIL;ASSESSOR II;NAO INFORMADO; CARGO COMISSION.S/VINCULO;4509,79;;4509,79;670,28;3839,51;
GABRIELA COUTO FERREIRA;CASA CIVIL;ASSESSOR II;; CARGO COMISSION.S/VINCULO;4509,79;;4509,79;670,28;3839,51;
GABRIELLA GOMES SOARES;CASA CIVIL;CONSULTOR TEC.LEGISLATIVO IV- AD-1;NAO INFORMADO; CARGO COMISSION.S/VINCULO;5529,77;;5529,77;986,40;4543,37;
GEANE DO SOCORRO TAVEIRA DE ASSIS;FUNDO DE PROMOCAO SOCIAL-FPS;ASSESSOR TECNICO;NAO INFORMADO; CARGO COMISSION.S/VINCULO;7300,00;;7300,00;1505,89;5794,11;
GEANE NASCIMENTO DA COSTA PINTO;CASA CIVIL;ASSESSOR III;ASSESSOR III AD 3; CARGO COMISSION.S/VINCULO;4491,80;;4491,80;665,90;3825,90;
GEISON MAICON OLIVEIRA DE ASSIS;CASA CIVIL;CONSULTOR TECNICO II;NAO INFORMADO; CARGO COMISSION.S/VINCULO;6800,00;;6800,00;1368,39;5431,61;
GEORGE ATHAUALPA DE QUEIROZ BARBOSA;CASA CIVIL;A.TEC-III;FG-3 ASSESSORIA; ESTATUTARIO;4835,02;;4835,02;440,37;4394,65;
GERALDO ALBANO DE SOUZA;CASA CIVIL;TNS-III;TEC.NIVEL SUPERIOR; ESTATUTARIO;6361,58;;6361,58;923,16;5438,42;
GETULIO RODRIGUES LOBO;CASA CIVIL;ASSESSOR I;; CARGO COMISSION.S/VINCULO;5529,77;;5529,77;986,40;4543,37;
GILBERTO DOS SANTOS CARNEIRO;CASA CIVIL;MOT-I;; ESTATUTARIO;4127,62;;4127,62;201,11;3926,51;
GILBERTO MESTRINHO DE M R FILHO;CASA CIVIL;ASSESSOR I;; CARGO COMISSION.S/VINCULO;5529,77;;5529,77;986,40;4543,37;
GILDEMAR MARTINS GIRAO;FUNDO DE PROMOCAO SOCIAL-FPS;ASSESSOR TECNICO;; CARGO COMISSION.S/VINCULO;7300,00;;7300,00;1505,89;5794,11;
GILDENI DE CASTRO UCHOA;CASA CIVIL;ASSESSOR III;; CARGO COMISSION.S/VINCULO;4555,73;;4555,73;684,21;3871,52;
GINA MORAES DE ALMEIDA;CASA CIVIL;ASSESSOR I;; CARGO COMISSION.S/VINCULO;7273,03;;7273,03;1498,47;5774,56;
GIULIA REGINA MARTINS VIEIRA;CASA CIVIL;ASSESSOR I;ASSESSOR I AD-1; CARGO COMISSION.S/VINCULO;5529,77;;5529,77;986,40;4543,37;
GLAURACY BENEVIDES CORREA;CASA CIVIL;ASSESSOR II;ASSESSOR II AD-2; CARGO COMISSION.S/VINCULO;4509,79;;4509,79;670,28;3839,51;
GLEICIANE MARTINS MOREIRA;CASA CIVIL;ASSESSOR I;; CARGO COMISSION.S/VINCULO;5529,77;;5529,77;986,40;4543,37;
GLENDA MARGARETH DE A J D MENEZES;CASA CIVIL;ASSESSOR I;; CARGO COMISSION.S/VINCULO;5529,77;;5529,77;986,40;4543,37;
GLEUCIMAR DA SILVA LIMA;CASA CIVIL;ASSESSOR II;ASSESSOR II AD 2; CARGO COMISSION.S/VINCULO;4509,79;;4509,79;670,28;3839,51;
GONTRAN DE MORAES CAMPBELL PENA;CASA CIVIL;ASSESSOR II;; CARGO COMISSION.S/VINCULO;5913,05;;5913,05;1020,00;4893,05;
HAMIDA ISSA YACUB;CASA CIVIL;CONSULTOR TECNICO III;CONSULTOR TEC. III; CARGO COMISSION.S/VINCULO;5800,00;;5800,00;1081,77;4718,23;
HERICK PEREIRA LEITE;FUNDO DE PROMOCAO SOCIAL-FPS;ASSESSOR I;; CARGO COMISSION.S/VINCULO;5529,77;;5529,77;986,40;4543,37;
HESTON SILVA DE QUEIROZ;CASA CIVIL;A.TEC-II;FG-2 GESTO DE CONT.; ESTATUTARIO;5833,19;;5833,19;715,57;5117,62;
HUMBERTO PASCARELLI NETO;CASA CIVIL;ASSESSOR I;; CARGO COMISSION.S/VINCULO;5529,77;;5529,77;986,40;4543,37;
IDERLAN VALE RODRIGUES;FUNDO DE PROMOCAO SOCIAL-FPS;DIRETOR ADMINISTRATIVO E FINANCEIRO;; CARGO COMISSION.S/VINCULO;9900,00;;9900,00;2116,61;7783,39;
ILNAH MARIA LIMA MONTEIRO DE CASTRO;CASA CIVIL;CONSULTOR TECNICO LEGISLATIVO III;; CARGO COMISSION.S/VINCULO;7633,33;;7633,33;1545,42;6087,91;
INGRID QUEIROZ CASSIO;CASA CIVIL;ASSESSOR I;; CARGO COMISSION.S/VINCULO;7273,03;;7273,03;1498,47;5774,56;
IRACEMA CAMARAO MARTINS;FUNDO DE PROMOCAO SOCIAL-FPS;ASSESSOR I;; CARGO COMISSION.S/VINCULO;5529,77;;5529,77;986,40;4543,37;
IRIS JANE BATISTA DE LIMA;CASA CIVIL;ASSESSOR III;ASSESSOR III AD-3; CARGO COMISSION.S/VINCULO;2193,80;;2193,80;170,44;2023,36;
IVA DA COSTA FERREIRA;CASA CIVIL;A.TEC-I;; ESTATUTARIO;4866,73;;4866,73;492,38;4374,35;
IVANETE RAMOS DE PAULA;CASA CIVIL;TNS-II;FG-3 DE ASSESSORIA; ESTATUTARIO;7802,07;;7802,07;1401,81;6400,26;
IVANILDA ALVES LOUREIRO;FUNDO DE PROMOCAO SOCIAL-FPS;ASSESSOR I;; CARGO COMISSION.S/VINCULO;5529,77;;5529,77;986,40;4543,37;
IZABELA LOPES FURTADO;CASA CIVIL;ASSESSOR I;; CARGO COMISSION.S/VINCULO;5529,77;;5529,77;986,40;4543,37;
IZABELLA MONTENEGRO GONCALVES;CASA CIVIL;ASSESSOR I;; CARGO COMISSION.S/VINCULO;7273,03;;7273,03;1498,47;5774,56;
IZOLDA BRANDAO ARMELAU;CASA CIVIL;REDATOR GOVERNAMENTAL;; ESTATUTARIO;4055,18;;4055,18;308,74;3746,44;
JACKSON DA SILVA BRAGA;CASA CIVIL;A.TEC-II;; ESTATUTARIO;3676,05;;3676,05;251,81;3424,24;
JACO VIANA CAVALCANTE;CASA CIVIL;ASSESSOR II;; CARGO COMISSION.S/VINCULO;4509,79;;4509,79;670,28;3839,51;
JACYRA DE ARAUJO CAVALCANTE;CASA CIVIL;ASSESSOR I;; CARGO COMISSION.S/VINCULO;5529,77;;5529,77;943,74;4586,03;
JAIME BARBOSA REZENDE;CASA CIVIL;AUX.O-I;FG-2 CHEFE DE SETOR; ESTATUTARIO;6435,28;;6435,28;613,20;5822,08;
JAMES WANDERSON CASTRO ITALIANO;CASA CIVIL;ASSESSOR TECNICO;; CARGO COMISSION.S/VINCULO;7300,00;;7300,00;1505,89;5794,11;
JANAINA PITALUGA MORENO;CASA CIVIL;ASSESSOR I;ASSESSOR I AD 1; CARGO COMISSION.S/VINCULO;5529,77;;5529,77;901,09;4628,68;
JANIO TORRES BARROS;CASA CIVIL;ASSISTENTE TECNICO GOVERNAMENTAL;FG-2 GESTOR DE CONT.; ESTATUTARIO;5803,77;;5803,77;597,54;5206,23;
JANUARIO FRANCISCO ROCHA;CASA CIVIL;CONSULTOR TECNICO III;; CARGO COMISSION.S/VINCULO;5800,00;;5800,00;1081,77;4718,23;
JAQUELINE MIRANDA REPOLHO;FUNDO DE PROMOCAO SOCIAL-FPS;ASSESSOR TECNICO;NAO INFORMADO; CARGO COMISSION.S/VINCULO;7300,00;;7300,00;1453,75;5846,25;
JAYLENE BRANDAO PAULA;CASA CIVIL;ASSISTENTE TECNICO GOVERNAMENTAL;FG-2 ASSESSORIA; ESTATUTARIO;5795,02;;5795,02;750,84;5044,18;
JEFERSON DA SILVA COELHO;FUNDO DE PROMOCAO SOCIAL-FPS;ASSESSOR IV;; CARGO COMISSION.S/VINCULO;2875,61;;2875,61;264,79;2610,82;
JEFFERSON DA SILVA MUNIZ;FUNDO DE PROMOCAO SOCIAL-FPS;ASSESSOR I;; CARGO COMISSION.S/VINCULO;5529,77;;5529,77;986,40;4543,37;
JENIFFER MAXINNER DE M FEITOSA;CASA CIVIL;ASSESSOR I;; CARGO COMISSION.S/VINCULO;5529,77;;5529,77;986,40;4543,37;
JENNIFER LIMA DE ARAUJO PEREIRA;CASA CIVIL;INVEST.DE POL. 4A.CL. PC-INV.IV;ASSESSOR I, AD-1; ESTATUTARIO;5300,00;;5300,00;453,50;4846,50;
JOANA VITA MORAES DE SOUZA MORILLAS;CASA CIVIL;TNS-I;FG-1 ASSESSORIA; ESTATUTARIO;14910,24;;14910,24;3591,91;11318,33;
JOAO DANILO PINTO;CASA CIVIL;MOT-I;; ESTATUTARIO;4323,95;;4323,95;314,62;4009,33;
JOAO MATHIAS DE AGUIAR;CASA CIVIL;ASSESSOR III;ASSESSOR III AD-3; CARGO COMISSION.S/VINCULO;3491,80;;3491,80;422,40;3069,40;
JOAO THOME VERCOSA M M RAPOSO;CASA CIVIL;SEC.EST.CHEFE GAB.PESSOAL DO GOV.;; CARGO COMISSION.S/VINCULO;18300,00;;18300,00;4530,89;13769,11;
JOAQUIM MARQUES DOS SANTOS NETO;CASA CIVIL;ASSESSOR I;; CARGO COMISSION.S/VINCULO;5529,77;;5529,77;986,40;4543,37;
JOCIMAR DUARTE DA ROCHA;CASA CIVIL;A.TEC-I;FG-1 CHEFE DE SETOR; ESTATUTARIO;9927,82;;9927,82;1935,22;7992,60;
JOEBER BELEM TEIXEIRA;CASA CIVIL;ASSESSOR I;NAO INFORMADO; CARGO COMISSION.S/VINCULO;5529,77;;5529,77;986,40;4543,37;
JOEL JUNIOR BENICIO DE LIMA;CASA CIVIL;ASSESSOR I;; CARGO COMISSION.S/VINCULO;5529,77;;5529,77;986,40;4543,37;
JORGE DO NASCIMENTO GOMES;CASA CIVIL;A.TEC-I;ASSESSOR I AD-1; ESTATUTARIO;8160,76;;8160,76;1364,15;6796,61;
JORGE GUEDES LOBO JUNIOR;CASA CIVIL;ASSESSOR I;; CARGO COMISSION.S/VINCULO;5529,77;;5529,77;986,40;4543,37;
JORGE HELENO MELO CAVALCANTE;CASA CIVIL;ASSESSOR II;; CARGO COMISSION.S/VINCULO;5913,05;;5913,05;1121,87;4791,18;
JORGE PALMEIRA DA SILVA;FUNDO DE PROMOCAO SOCIAL-FPS;ASSESSOR II;; CARGO COMISSION.S/VINCULO;4509,79;;4509,79;670,28;3839,51;
JOSÉ EDIMILSON MAIA BRITO;FUNDO DE PROMOCAO SOCIAL-FPS;ASSESSOR III;; CARGO COMISSION.S/VINCULO;3491,80;;3491,80;422,40;3069,40;
JOSE ADEMIR GOMES RAMOS;CASA CIVIL;SECRETARIO EXECUTIVO;; CARGO COMISSION.S/VINCULO;15900,00;;15900,00;3870,89;12029,11;
JOSE AGAPITO DA SILVEIRA;CASA CIVIL;A.TEC-II;; ESTATUTARIO;4141,37;;4141,37;227,13;3914,24;
JOSE ALBUQUERQUE CAVALCANTI FILHO;CASA CIVIL;ASSESSOR I;; CARGO COMISSION.S/VINCULO;5529,77;;5529,77;986,40;4543,37;
JOSE ALVES PACIFICO;CASA CIVIL;SECRETARIO DE ESTADO EXTRAORDINARIO;; CARGO COMISSION.S/VINCULO;13800,00;;13800,00;3293,39;10506,61;
JOSE CARLOS RABELO;FUNDO DE PROMOCAO SOCIAL-FPS;ASSESSOR II;; CARGO COMISSION.S/VINCULO;5913,05;;5913,05;1121,87;4791,18;
JOSE DAS NEVES PEREIRA DA ROCHA;FUNDO DE PROMOCAO SOCIAL-FPS;ASSESSOR I;; CARGO COMISSION.S/VINCULO;5529,77;;5529,77;986,40;4543,37;
JOSE DE AQUINO FREIRE;CASA CIVIL;A.TEC-I;FG-2 DE ASSESSORIA; ESTATUTARIO;9187,58;;9187,58;1870,81;7316,77;
JOSE GUILHERME FONSECA DE AZEVEDO;CASA CIVIL;CONSULTOR TECNICO LEGISLATIVO II;NAO INFORMADO; CARGO COMISSION.S/VINCULO;7666,66;;7666,66;1606,72;6059,94;
JOSEFA SELANE SABINO DE SOUZA;CASA CIVIL;ASSISTENTE TECNICO GOVERNAMENTAL;FG-3 DE ASSESSORIA; ESTATUTARIO;5135,02;;5135,02;483,03;4651,99;
JOSIANY MUNHOZ DE ALMEIDA COSTA;CASA CIVIL;ASSESSOR I;; CARGO COMISSION.S/VINCULO;5529,77;;5529,77;986,40;4543,37;
JOSINETE NOGUEIRA FERREIRA;CASA CIVIL;ASSESSOR I;; CARGO COMISSION.S/VINCULO;7273,03;;7273,03;1498,47;5774,56;
JOYCIANE RODRIGUES MENDES;CASA CIVIL;ASSESSOR TECNICO;ASSESSOR TECNICO; CARGO COMISSION.S/VINCULO;7300,00;;7300,00;1453,75;5846,25;
JUCINEIDE NASCIMENTO SILVA;CASA CIVIL;ASSESSOR I;NAO INFORMADO; CARGO COMISSION.S/VINCULO;5355,43;;5355,43;932,31;4423,12;
JULIETA BARROS BRANDAO C PEREIRA;CASA CIVIL;PROFESSOR;CONS.TEC.III; ESTATUTARIO;7055,88;;7055,88;1076,40;5979,48;
JULIETH BRASIL PINHEIRO;CASA CIVIL;ASSESSOR I;ASSESSOR I AD-1; CARGO COMISSION.S/VINCULO;7641,26;;7641,26;3326,73;4314,53;
JULIO CESAR DA SILVA GARCIA;FUNDO DE PROMOCAO SOCIAL-FPS;SECRETARIO EXECUTIVO ADJUNTO;; CARGO COMISSION.S/VINCULO;9300,00;;9300,00;2055,89;7244,11;
JULLYETH CRISTINE LIMA CAMPOS;FUNDO DE PROMOCAO SOCIAL-FPS;ASSESSOR TECNICO;NAO INFORMADO; CARGO COMISSION.S/VINCULO;7300,00;;7300,00;1453,75;5846,25;
JURACEMA LIMA DE MEDEIROS;CASA CIVIL;REPRESENTANTE;ASSESSOR I AD-1; ESTATUTARIO;4158,91;;4158,91;376,59;3782,32;
JUSCELINO KUBITSCHEK DE ARAUJO;CASA CIVIL;SECRETARIO DE ESTADO EXTRAORDINARIO;; CARGO COMISSION.S/VINCULO;18300,00;;18300,00;4530,89;13769,11;
KARIME ALENCAR PONTES BESSA;CASA CIVIL;ASSESSOR I;; CARGO COMISSION.S/VINCULO;7273,03;;7273,03;1498,47;5774,56;
KARLA COSTA DE JESUS;CASA CIVIL;ASSESSOR I;; CARGO COMISSION.S/VINCULO;7273,03;;7273,03;1498,47;5774,56;
KATIA REGINA BARBOSA DE M CARVALHO;FUNDO DE PROMOCAO SOCIAL-FPS;TEC.DE NIVEL SUPERIOR 2A CLASSE;ASSESSOR I AD-1; ESTATUTARIO;7111,52;;7111,52;1121,51;5990,01;
KATIA REGINA DE OLIVEIRA ALVES;CASA CIVIL;ASSISTENTE TECNICO GOVERNAMENTAL;FG-2 DE ASSESSORIA; ESTATUTARIO;5795,02;;5795,02;750,84;5044,18;
KATYUSKA DE MEDEIROS R S THIAGO;CASA CIVIL;CONSULTOR TECNICO I;; CARGO COMISSION.S/VINCULO;7800,00;;7800,00;1643,39;6156,61;
KEILA REGINA CHAPARRO LOBATO;CASA CIVIL;ASSISTENTE TECNICO GOVERNAMENTAL;FG-2 DE ASSESSORIA; ESTATUTARIO;5795,02;;5795,02;750,84;5044,18;
KEITY ANNY PRADO TAUMATURGO;CASA CIVIL;ASSESSOR II;; CARGO COMISSION.S/VINCULO;4509,79;;4509,79;670,28;3839,51;
KELEN SILVA DE ABREU SAKAMOTO;FUNDO DE PROMOCAO SOCIAL-FPS;ASSESSOR I;; CARGO COMISSION.S/VINCULO;5529,77;;5529,77;986,40;4543,37;
LAERCIO REINALDO DE SOUZA;CASA CIVIL;ASSESSOR I;; CARGO COMISSION.S/VINCULO;5529,77;;5529,77;901,09;4628,68;
LAFAYETTE CARNEIRO VIEIRA NETO;CASA CIVIL;CONSULTOR TECNICO I;; CARGO COMISSION.S/VINCULO;7800,00;;7800,00;1643,39;6156,61;
LAISE ROCHA DE MELLO;CASA CIVIL;CONSULTOR TECNICO LEGISLATIVO III;NAO INFORMADO; CARGO COMISSION.S/VINCULO;5800,00;;5800,00;1081,77;4718,23;
LAIZE ROCHA DE PAIVA;CASA CIVIL;CONSULTOR TECNICO III;NAO INFORMADO; CARGO COMISSION.S/VINCULO;5800,00;;5800,00;1081,77;4718,23;
LARISSA COSTA DOS ANJOS;CASA CIVIL;ASSESSOR I;; CARGO COMISSION.S/VINCULO;5529,77;;5529,77;986,40;4543,37;
LAUDETE LUCIA LAGO OSMARI;CASA CIVIL;ASSESSOR I;; CARGO COMISSION.S/VINCULO;5529,77;;5529,77;986,40;4543,37;
LEANDRO MENDONCA DA SILVA;FUNDO DE PROMOCAO SOCIAL-FPS;ASSESSOR III;; CARGO COMISSION.S/VINCULO;4555,73;;4555,73;653,03;3902,70;
LEMMOS CUNHA RIBEIRO;CASA CIVIL;CONSULTOR TECNICO III;; CARGO COMISSION.S/VINCULO;5800,00;;5800,00;1081,77;4718,23;
LIANE DIAS DE SOUZA;CASA CIVIL;ASSESSOR I;; CARGO COMISSION.S/VINCULO;7273,03;;7273,03;1498,47;5774,56;
LIVIA MARIA MONTEIRO LINS DE LIMA;CASA CIVIL;CONSULTOR TECNICO III;; CARGO COMISSION.S/VINCULO;5800,00;;5800,00;1081,77;4718,23;
LIZA MARIA TUPINAMBÁ MELLO;FUNDO DE PROMOCAO SOCIAL-FPS;ASSESSOR TECNICO;; CARGO COMISSION.S/VINCULO;7300,00;;7300,00;1505,89;5794,11;
LOURENÇO DOS SANTOS P B JUNIOR;CASA CIVIL;CHEFE DA CONSULT.TEC.LEGISLATIVO;; CARGO COMISSION.S/VINCULO;20900,00;;20900,00;5245,89;15654,11;
LUANA SAMARA RODRIGUES S BEZERRA;FUNDO DE PROMOCAO SOCIAL-FPS;SECRETARIO EXECUTIVO ADJUNTO;; CARGO COMISSION.S/VINCULO;9300,00;;9300,00;2055,89;7244,11;
LUCAS BASTOS PIRES;CASA CIVIL;ASSESSOR III;; CARGO COMISSION.S/VINCULO;4555,73;;4555,73;684,21;3871,52;
LUCAS CASTRO DE CARVALHO;CASA CIVIL;ASSESSOR TECNICO;; CARGO COMISSION.S/VINCULO;7300,00;;7300,00;1505,89;5794,11;
LUCAS GABRIEL MESQUITA MARCHI;FUNDO DE PROMOCAO SOCIAL-FPS;ASSESSOR TECNICO;NAO INFORMADO; CARGO COMISSION.S/VINCULO;7300,00;;7300,00;1505,89;5794,11;
LUCAS NILMAR CIDADE DE OLIVEIRA;CASA CIVIL;CONSULTOR TECNICO III;; CARGO COMISSION.S/VINCULO;5800,00;;5800,00;1081,77;4718,23;
LUCENISE REZENDE DA COSTA;CASA CIVIL;ASSESSOR III;; CARGO COMISSION.S/VINCULO;4555,73;;4555,73;684,21;3871,52;
LUCIA HONORIO DE VALOIS COELHO;CASA CIVIL;CONSULTOR TECNICO I;; CARGO COMISSION.S/VINCULO;7800,00;;7800,00;1539,11;6260,89;
LUCIANA HOLANDA DE SOUZA;CASA CIVIL;SECRETARIO EXECUTIVO;; CARGO COMISSION.S/VINCULO;12000,00;;12000,00;2798,39;9201,61;
LUCIANA PITALUGA MORENO;CASA CIVIL;ASSESSOR I;ASSESSOR I AD 1; CARGO COMISSION.S/VINCULO;5529,77;;5529,77;986,40;4543,37;
LUIZ ALBERTO ALMEIDA DE AZEVEDO;FUNDO DE PROMOCAO SOCIAL-FPS;ASSESSOR I;; CARGO COMISSION.S/VINCULO;7273,03;;7273,03;1498,47;5774,56;
LUIZ FELIPE RODRIGUES DE MOURA;FUNDO DE PROMOCAO SOCIAL-FPS;ASSESSOR III;; CARGO COMISSION.S/VINCULO;3491,80;;3491,80;422,40;3069,40;
LUIZ PHILIPHE MENDONCA PEREIRA;FUNDO DE PROMOCAO SOCIAL-FPS;SECRETARIO EXECUTIVO ADJUNTO;NAO INFORMADO; CARGO COMISSION.S/VINCULO;9300,00;;9300,00;2055,89;7244,11;
LUIZA LIMA MACEDO;CASA CIVIL;A.TEC-I;FG-3 DE ASSESSORIA; ESTATUTARIO;5250,34;;5250,34;568,83;4681,51;
MÁRIO CÉLIO FERREIRA DE C ALVES;CASA CIVIL;CONSULTOR TECNICO III;; CARGO COMISSION.S/VINCULO;5800,00;;5800,00;1029,63;4770,37;
MANOEL DIOMEDIO DA SILVA FILHO;CASA CIVIL;ASSESSOR III;; CARGO COMISSION.S/VINCULO;3491,80;;3491,80;422,40;3069,40;
MARCELA DA CUNHA CARVALHO;CASA CIVIL;ASSIST.ADMIN.-ASA-T.S.N.M.-A;ASSESSOR I; ESTATUTARIO;6050,20;;6050,20;771,77;5278,43;
MARCELA TOMAZ DA LAPA MOURAO;CASA CIVIL;SUBCHEFE DO GAB.PESSOAL DO GOVERN.;; CARGO COMISSION.S/VINCULO;15900,00;;15900,00;3870,89;12029,11;
MARCELO ANDRADE DE OLIVEIRA;CASA CIVIL;AGENTE ADM.-AGA-T.S.N.A.-E;ASSESSOR I AD-1; ESTATUTARIO;6001,38;;6001,38;809,84;5191,54;
MARCIA CRISTINA OLIVEIRA DA COSTA;CASA CIVIL;TECNICO GOVERNAMENTAL;; ESTATUTARIO;4391,90;;4391,90;473,77;3918,13;
MARCIA MONIQUE DA SILVA MAMED;CASA CIVIL;INVEST.DE POL. 4A.CL. PC-INV.IV;ASSESSOR I AD-1; ESTATUTARIO;6666,67;;6666,67;911,84;5754,83;
MARCIO FERREIRA DA ROCHA;CASA CIVIL;CONSULTOR TECNICO III;; CARGO COMISSION.S/VINCULO;5800,00;;5800,00;1081,77;4718,23;
MARCIO PINHEIRO DOS SANTOS;CASA CIVIL;CONSULTOR TECNICO II;; CARGO COMISSION.S/VINCULO;6500,00;;6500,00;1316,25;5183,75;
MARCO AURELIO DE FREITAS GUIMARAES;CASA CIVIL;TECNICO GOVERNAMENTAL;FG-3 ASSESSORIA; ESTATUTARIO;5955,42;;5955,42;907,76;5047,66;
MARCO AURELIO FEIO DE A CERVEIRA;CASA CIVIL;ASSESSOR I;; CARGO COMISSION.S/VINCULO;7273,03;;7273,03;1498,47;5774,56;
MARCOS ALEXANDRO ALVES CORREA;CASA CIVIL;ASSESSOR III;; CARGO COMISSION.S/VINCULO;3491,80;;3491,80;422,40;3069,40;
MARCOS AURELIO MACHADO DA SILVA;CASA CIVIL;ASSESSOR III;; CARGO COMISSION.S/VINCULO;3491,80;;3491,80;422,40;3069,40;
MARCOS DANIEL DIAS DE ANDRADE;CASA CIVIL;PROFESSOR PF20.ESP-III;ASSESSOR I, AD-1; ESTATUTARIO;9416,79;;9416,79;1437,16;7979,63;
MARCOS DOUGLAS DO NASCIMENTO;CASA CIVIL;ASSESSOR I;; CARGO COMISSION.S/VINCULO;7273,03;;7273,03;1498,47;5774,56;
MARCOS PAULO BARBOSA DE OLIVEIRA;CASA CIVIL;ASSESSOR I;; CARGO COMISSION.S/VINCULO;5529,77;;5529,77;986,40;4543,37;
MARCOS RODRIGUES VALERIO;CASA CIVIL;ASSESSOR I;; CARGO COMISSION.S/VINCULO;5529,77;;5529,77;986,40;4543,37;
MARCUS ANTONIO DA ROCHA;CASA CIVIL;ASSESSOR I;; CARGO COMISSION.S/VINCULO;5529,77;;5529,77;986,40;4543,37;
MARDOQUEU ALBUQUERQUE DOS SANTOS;CASA CIVIL;ASSESSOR III;; CARGO COMISSION.S/VINCULO;3491,80;;3491,80;422,40;3069,40;
MARIA AMAVIA DE SOUZA CAMPOS;CASA CIVIL;ASSESSOR I;; CARGO COMISSION.S/VINCULO;5529,77;;5529,77;986,40;4543,37;
MARIA CAROLINE DO CARMO C MARCONDES;CASA CIVIL;A.TEC-III;CONSULTOR TÉC. II; ESTATUTARIO;7071,54;;7071,54;1100,49;5971,05;
MARIA CATARINA RODRIGUES PESSOA;CASA CIVIL;ASSESSOR III;; CARGO COMISSION.S/VINCULO;3491,80;;3491,80;422,40;3069,40;
MARIA CHRISTINA DOS SANTOS CRUZ;CASA CIVIL;CONSULTOR TECNICO I;; CARGO COMISSION.S/VINCULO;7300,00;;7300,00;1055,64;6244,36;
MARIA DA CONCEICAO COSTA PIRES;CASA CIVIL;A.TEC-I;ASSESSOR I AD-1; ESTATUTARIO;9843,59;;9843,59;2025,08;7818,51;
MARIA DALVA SANTOS DE LIMA;CASA CIVIL;CONSULTOR TECNICO III;; CARGO COMISSION.S/VINCULO;5800,00;;5800,00;1081,77;4718,23;
MARIA DAS GRACAS BENAYON DA SILVA;CASA CIVIL;A.SOC-I;FG-2 DE ASSESSORIA; ESTATUTARIO;8964,60;;8964,60;1562,14;7402,46;
MARIA DAS GRACAS SOARES BORGES;CASA CIVIL;ASSISTENTE TECNICO 3A CLASSE;FG-2 GESTOR DE CONT.; ESTATUTARIO;6459,86;;6459,86;866,36;5593,50;
MARIA DE FATIMA COMAPE FERNANDES;CASA CIVIL;A.TEC-I;FG-3 DE ASSESSORIA; ESTATUTARIO;4648,29;;4648,29;358,69;4289,60;
MARIA DE JESUS MOTA RAPOSO BORGHI;CASA CIVIL;ASSESSOR I;; CARGO COMISSION.S/VINCULO;5529,77;;5529,77;568,83;4960,94;
MARIA DO CARMO CRISTO S M FERNANDES;CASA CIVIL;CONSULTOR ESPECIAL;; ESTATUTARIO;32301,67;1530,56;30771,11;9940,26;20830,85;
MARIA DO PERPETUO SOCORRO B SOARES;CASA CIVIL;ASSISTENTE TECNICO GOVERNAMENTAL;FG-1 ASSESSORIA; ESTATUTARIO;6303,77;;6303,77;787,17;5516,60;
MARIA DO SOCORRO CRUZ DE A MEDEIROS;CASA CIVIL;TNS-II;; ESTATUTARIO;8290,89;;8290,89;1868,77;6422,12;
MARIA DO SOCORRO FERREIRA CALDERARO;CASA CIVIL;ASSISTENTE TECNICO GOVERNAMENTAL;FG-2 DE ASSESSORIA; ESTATUTARIO;5945,46;;5945,46;792,21;5153,25;
MARIA DO SOCORRO SAB COELHO;FUNDO DE PROMOCAO SOCIAL-FPS;SECRETARIO EXECUTIVO;; CARGO COMISSION.S/VINCULO;12000,00;;12000,00;2798,39;9201,61;
MARIA EMILIA PESSOA DOS SANTOS;CASA CIVIL;ASSISTENTE TECNICO;FG-1 ASSESSORIA; ESTATUTARIO;11872,30;;11872,30;2281,42;9590,88;
MARIA GILMA MONTEIRO DAS CHAGAS;CASA CIVIL;TNS-II;FG-1 CHEFE DE SETOR; ESTATUTARIO;6504,58;;6504,58;815,13;5689,45;
MARIA HELENA SOUSA DA SILVA;CASA CIVIL;ASSESSOR TECNICO;; CARGO COMISSION.S/VINCULO;9633,33;;9633,33;2147,55;7485,78;
MARIA INEZ MOREIRA DE AZEVEDO;FUNDO DE PROMOCAO SOCIAL-FPS;ASSESSOR I;; CARGO COMISSION.S/VINCULO;5529,77;;5529,77;986,40;4543,37;
MARIA JOSE FREITAS CARLOS;CASA CIVIL;C.TEC.L-U;FG-3 ASSESSORIA; ESTATUTARIO;28769,68;;28769,68;9005,26;19764,42;
MARIA LENISE MAFRA NEGREIROS;CASA CIVIL;PEDAGOGO PD20.LPL-IV;; ESTATUTARIO;8316,96;;8316,96;1509,22;6807,74;
MARIA LUIZA DE ALMEIDA SAN MARTIN;CASA CIVIL;A.TEC-I;; ESTATUTARIO;4010,34;;4010,34;263,18;3747,16;
MARIA NAZARE DE AGUILA;CASA CIVIL;A.TEC-I;CHEFE DO CERIMONIAL; ESTATUTARIO;13214,56;;13214,56;2871,33;10343,23;
MARIA ROSANA PEREIRA DOS SANTOS;CASA CIVIL;ASSESSOR I;; CARGO COMISSION.S/VINCULO;5529,77;;5529,77;986,40;4543,37;
MARIA SANTOS DA SILVA;CASA CIVIL;ASSESSOR IV;; CARGO COMISSION.S/VINCULO;2875,61;;2875,61;264,79;2610,82;
MARIA SOCORRO DE SOUSA;CASA CIVIL;ASSISTENTE TECNICO GOVERNAMENTAL;; ESTATUTARIO;3886,28;;3886,28;310,20;3576,08;
MARIA TEREZINHA RIBEIRO COUTINHO;CASA CIVIL;ASSESSOR II;; CARGO COMISSION.S/VINCULO;4509,79;;4509,79;670,28;3839,51;
MARIANA DA ROCHA NORMANDO;CASA CIVIL;AFP-U;FG-1 DE CHEFE DA DA; ESTATUTARIO;17858,79;;17858,79;4918,93;12939,86;
MARIANA HAGGE MOURAO;CASA CIVIL;ASSESSOR I;; CARGO COMISSION.S/VINCULO;5529,77;;5529,77;986,40;4543,37;
MARIANY SILVA DE MOURA;FUNDO DE PROMOCAO SOCIAL-FPS;ASSESSOR II;; CARGO COMISSION.S/VINCULO;5913,05;;5913,05;1121,87;4791,18;
MARICILIA TEIXEIRA DA COSTA;FUNDO DE PROMOCAO SOCIAL-FPS;ASSESSOR TECNICO;; CARGO COMISSION.S/VINCULO;7300,00;;7300,00;1505,89;5794,11;
MARIETHEL BASTOS RODRIGUES;CASA CIVIL;PROFESSOR;ASSESSOR I AD1; ESTATUTARIO;7055,88;;7055,88;1128,54;5927,34;
MARILIA BELISSIMO DE OLIVEIRA;CASA CIVIL;ASSESSOR TECNICO;NAO INFORMADO; CARGO COMISSION.S/VINCULO;7300,00;;7300,00;1505,89;5794,11;
MARINETE DE CASTRO PERDIGAO;CASA CIVIL;A.TEC-I;ASSESSOR I AD-1; ESTATUTARIO;4311,24;;4311,24;410,05;3901,19;
MARINILDES DA SILVEIRA FORTES;CASA CIVIL;A.TEC-I;FG-1 ASSESSORIA; ESTATUTARIO;8809,91;;8809,91;1756,03;7053,88;
MARIO ADOLFO ARYCE DE CASTRO;CASA CIVIL;TECNICO;; ESTATUTARIO;4409,38;;4409,38;493,30;3916,08;
MARIO CABRAL DE HOLANDA;CASA CIVIL;MOT-I;; ESTATUTARIO;4124,30;;4124,30;338,13;3786,17;
MARIO CESAR DOS SANTOS B FILHO;CASA CIVIL;ASSESSOR I;; CARGO COMISSION.S/VINCULO;5529,77;;5529,77;986,40;4543,37;
MARIO PAULO ALVES MARINHO;FUNDO DE PROMOCAO SOCIAL-FPS;SECRETARIO EXECUTIVO;; CARGO COMISSION.S/VINCULO;12000,00;;12000,00;2746,25;9253,75;
MARION MARIA MENDONCA DE S ARAUJO;CASA CIVIL;ASSESSOR I;; CARGO COMISSION.S/VINCULO;7273,03;;7273,03;1498,47;5774,56;
MARISTELA BARBOSA DE LIMA;FUNDO DE PROMOCAO SOCIAL-FPS;ASSESSOR I;; CARGO COMISSION.S/VINCULO;5529,77;;5529,77;986,40;4543,37;
MARIVAL PEREIRA;FUNDO DE PROMOCAO SOCIAL-FPS;ASSESSOR III;; CARGO COMISSION.S/VINCULO;3491,80;;3491,80;422,40;3069,40;
MARLICE OLIVEIRA MAR;CASA CIVIL;ASSESSOR I;ASSESSOR I AD 1; CARGO COMISSION.S/VINCULO;5529,77;;5529,77;986,40;4543,37;
MARLUCIA MOREIRA DE AZEVEDO;CASA CIVIL;A.TEC-I;; ESTATUTARIO;4122,72;;4122,72;262,10;3860,62;
MARLUCIA MOURA BATISTA;CASA CIVIL;ASSISTENTE TECNICO GOVERNAMENTAL;FG-1 ASSESSORIA; ESTATUTARIO;6286,28;;6286,28;885,24;5401,04;
MARY IVAN CAVALCANTE DE OLIVEIRA;CASA CIVIL;ASSESSOR I;; CARGO COMISSION.S/VINCULO;5529,77;;5529,77;986,40;4543,37;
MATHILDE ESTHER BEMERGUY EZAGUY;CASA CIVIL;ASSESSOR I;; CARGO COMISSION.S/VINCULO;5529,77;;5529,77;986,40;4543,37;
MAURICIO DA GAMA MONTEIRO;CASA CIVIL;CONSULTOR TECNICO I;CONS.TECNICO I; CARGO COMISSION.S/VINCULO;7800,00;;7800,00;1643,39;6156,61;
MAURO TIAGO MACHADO C NOGUEIRA;CASA CIVIL;SECRETARIO EXECUTIVO ADJUNTO;; CARGO COMISSION.S/VINCULO;12300,00;;12300,00;2880,89;9419,11;
MAX DE SOUZA BARBOSA;CASA CIVIL;ASSESSOR I;; CARGO COMISSION.S/VINCULO;5529,77;;5529,77;986,40;4543,37;
MAYARA TAVARES MARQUES;CASA CIVIL;ASSESSOR III;ASSESSOR III AD-3; CARGO COMISSION.S/VINCULO;4491,80;;4491,80;665,90;3825,90;
MICHELLE VITÓRIA CUSTÓDIO;CASA CIVIL;ASSESSOR II;NAO INFORMADO; CARGO COMISSION.S/VINCULO;4509,79;;4509,79;641,84;3867,95;
MIMOSA MARIA DE NOGUEIRA PAIVA;CASA CIVIL;TNS-I;CONSULTOR TECNICO; ESTATUTARIO;7265,87;;7265,87;1221,65;6044,22;
MIQUEIAS RODRIGO DO PRADO PEREIRA;CASA CIVIL;ASSESSOR I;; CARGO COMISSION.S/VINCULO;7273,03;;7273,03;1498,47;5774,56;
MONICA ARAUJO RISUENHO DE SOUZA;CASA CIVIL;ASSESSOR I;ASSESSOR I AD-1; CARGO COMISSION.S/VINCULO;5529,77;;5529,77;943,74;4586,03;
MONICA CAMARA DE ALENCAR BRASIL;CASA CIVIL;CONSULTOR TECNICO III;; CARGO COMISSION.S/VINCULO;5800,00;;5800,00;1081,77;4718,23;
MONICA GOMES DA SILVA;CASA CIVIL;ASSESSOR I;; CARGO COMISSION.S/VINCULO;5529,77;;5529,77;986,40;4543,37;
MONIQUE SHAYANE DOS SANTOS PIRES;CASA CIVIL;ASSESSOR I;; CARGO COMISSION.S/VINCULO;5529,77;;5529,77;986,40;4543,37;
MOYSÉS DE ARAUJO BASTOS SOBRINHO;FUNDO DE PROMOCAO SOCIAL-FPS;ASSESSOR I;; CARGO COMISSION.S/VINCULO;7273,03;;7273,03;1498,47;5774,56;
MURILO CAVALCANTI CAMPOS;CASA CIVIL;A.TEC-I;FG-2 DE ASSESSORIA; ESTATUTARIO;6102,40;;6102,40;644,31;5458,09;
NADIA MARIA GAMA PEREIRA;CASA CIVIL;A.TEC-II;CHEF.ADJ.CONS.T-LEGI; ESTATUTARIO;3641,46;;3641,46;328,12;3313,34;
NATAL SOARES LEANDRO DA SILVA;FUNDO DE PROMOCAO SOCIAL-FPS;ASSESSOR I;; CARGO COMISSION.S/VINCULO;5529,77;;5529,77;868,73;4661,04;
NAZARE DO SOCORRO PINTO DE ALMEIDA;CASA CIVIL;A.TEC-I;FG-2 DE ASSESSORIA; ESTATUTARIO;5866,78;;5866,78;677,36;5189,42;
NELSON DANTAS FERREIRA JUNIOR;FUNDO DE PROMOCAO SOCIAL-FPS;PROFESSOR PF40.LPL-IV;ASSESSOR TECNICO; ESTATUTARIO;9811,76;;9811,76;2049,18;7762,58;
NILCILENE DE LIMA TAVARES;CASA CIVIL;ASSESSOR III;; CARGO COMISSION.S/VINCULO;3491,80;;3491,80;422,40;3069,40;
NIRVANA DE JESUS PRADO DE N COMB;CASA CIVIL;SECRETARIO EXECUTIVO ADJUNTO;; CARGO COMISSION.S/VINCULO;14300,00;;14300,00;3430,89;10869,11;
NISMAILY CAVALCANTE LEMOS;CASA CIVIL;ASSESSOR I;; CARGO COMISSION.S/VINCULO;7273,03;;7273,03;1498,47;5774,56;
NISSIM FIGUEIRA BENOLIEL;CASA CIVIL;A.TEC-II;; ESTATUTARIO;3916,90;;3916,90;291,98;3624,92;
NIVALDO MARTINS MATOS;FUNDO DE PROMOCAO SOCIAL-FPS;ASSESSOR III;; CARGO COMISSION.S/VINCULO;3491,80;;3491,80;422,40;3069,40;
NIXON ALVES DE MELO;FUNDO DE PROMOCAO SOCIAL-FPS;ASSESSOR II;; CARGO COMISSION.S/VINCULO;4509,79;;4509,79;584,96;3924,83;
NIXON SILVA LIMA DE QUEIROZ;CASA CIVIL;ASSESSOR TECNICO;; CARGO COMISSION.S/VINCULO;7300,00;;7300,00;1505,89;5794,11;
NORMANDO KLINGER DA SILVA FONSECA;CASA CIVIL;ASSESSOR III;; CARGO COMISSION.S/VINCULO;3491,80;;3491,80;365,14;3126,66;
OLAVO CELSO TAPAJOS SILVA;CASA CIVIL;SECRETARIO DE ESTADO EXTRAORDINARIO;; CARGO COMISSION.S/VINCULO;18300,00;;18300,00;4530,89;13769,11;
OLIMPIA MARIA BENTES CRUZ;FUNDO DE PROMOCAO SOCIAL-FPS;ASSESSOR I;; CARGO COMISSION.S/VINCULO;5529,77;;5529,77;986,40;4543,37;
OMAR CHAMMA DAS NEVES JUNIOR;CASA CIVIL;ASSESSOR I;ASSESSOR I AD 1; CARGO COMISSION.S/VINCULO;5529,77;;5529,77;940,20;4589,57;
OSMAN RIBEIRO DE ARAUJO FILHO;CASA CIVIL;A.TEC-I;FG-3 DE ASSESSORIA; ESTATUTARIO;5250,34;;5250,34;427,83;4822,51;
OTAVIO QUEIROZ DE OLIVEIRA C JUNIOR;CASA CIVIL;MAJOR;SECRET.PARTICULAR; ESTATUTARIO;11100,00;1612,98;9487,02;1552,80;7934,22;
OZENILSON ROCHA DA GAMA;FUNDO DE PROMOCAO SOCIAL-FPS;ASSESSOR II;; CARGO COMISSION.S/VINCULO;4509,79;;4509,79;670,28;3839,51;
PABLO VICENTE SENA DA SILVA JUNIOR;CASA CIVIL;ASSESSOR II;; CARGO COMISSION.S/VINCULO;4509,79;;4509,79;670,28;3839,51;
PALOMA DA SILVA RAMOS;FUNDO DE PROMOCAO SOCIAL-FPS;ASSESSOR II;; CARGO COMISSION.S/VINCULO;4509,79;;4509,79;670,28;3839,51;
PATRICIA BRITO DE LIMA;FUNDO DE PROMOCAO SOCIAL-FPS;CHEFE DE GABINETE;; CARGO COMISSION.S/VINCULO;5529,77;;5529,77;986,40;4543,37;
PATRICIA DIAS GOES;CASA CIVIL;CONSULTOR TECNICO II;; CARGO COMISSION.S/VINCULO;6800,00;;6800,00;1316,25;5483,75;
PATRICIA GOMES BARTOLOTTI CHAVES;CASA CIVIL;JORNALISTA;; ESTATUTARIO;4813,23;;4813,23;534,76;4278,47;
PATRICIA MACHADO DA VEIGA;CASA CIVIL;CONSULTOR TECNICO II;NAO INFORMADO; CARGO COMISSION.S/VINCULO;6800,00;;6800,00;1368,39;5431,61;
PAULO DA SILVA SANTOS;CASA CIVIL;ASSESSOR I;; CARGO COMISSION.S/VINCULO;7273,03;;7273,03;1446,33;5826,70;
PAULO DEODATO VIEIRA PACHECO;CASA CIVIL;CONSULTOR TECNICO I;; CARGO COMISSION.S/VINCULO;7800,00;;7800,00;1643,39;6156,61;
PAULO GEORGE FEITOSA A CONCEICAO;CASA CIVIL;SECRETARIO EXECUTIVO ADJUNTO;; CARGO COMISSION.S/VINCULO;12300,00;;12300,00;2880,89;9419,11;
PAULO ROBERTO DE MOURA BRANDAO;CASA CIVIL;ASSESSOR III;ASSESSOR III AD-3; CARGO COMISSION.S/VINCULO;4491,80;;4491,80;665,90;3825,90;
PAULO ROBERTO FIGUEIREDO DE CASTRO;CASA CIVIL;TNS-II;SECRETARIO FG 3; ESTATUTARIO;4543,58;;4543,58;398,82;4144,76;
PAULO SERGIO PAES LESSA;CASA CIVIL;A.TEC-I;FG-1 DE ASSESSORIA; ESTATUTARIO;7942,28;;7942,28;1350,82;6591,46;
PAULO VICTOR DOS SANTOS BASTOS;CASA CIVIL;CONSULTOR TECNICO III;; CARGO COMISSION.S/VINCULO;5800,00;;5800,00;1081,77;4718,23;
POLYANA MOTTA PRADO DE NEGREIROS;CASA CIVIL;CONSULTOR TECNICO I;; CARGO COMISSION.S/VINCULO;10300,00;;10300,00;2330,89;7969,11;
RADYR GOMES DE OLIVEIRA JUNIOR;CASA CIVIL;SECRETARIO EXECUTIVO ADJUNTO;; CARGO COMISSION.S/VINCULO;9300,00;;9300,00;1951,61;7348,39;
RAFAEL ANGELO BORGES MELO;CASA CIVIL;ASSESSOR I;; CARGO COMISSION.S/VINCULO;5529,77;;5529,77;744,99;4784,78;
RAIMUNDO JOSE BRANDAO DO NASCIMENTO;CASA CIVIL;ASSISTENTE TECNICO GOVERNAMENTAL;FG-1 CHEFE S PESSOAL; ESTATUTARIO;11286,28;;11286,28;2208,10;9078,18;
RAIMUNDO JOSE GADELHA DE ASSIS;CASA CIVIL;A.TEC-III;; ESTATUTARIO;5267,83;;5267,83;570,31;4697,52;
RAIMUNDO MODESTO NORONHA;CASA CIVIL;MECANICO;; ESTATUTARIO;3761,81;;3761,81;184,17;3577,64;
RAIMUNDO NONATO CIPRIANO NETO;CASA CIVIL;ASSESSOR III;; CARGO COMISSION.S/VINCULO;3491,80;;3491,80;422,40;3069,40;
RAIMUNDO NONATO DA SILVA;CASA CIVIL;MOT-I;; ESTATUTARIO;4314,25;;4314,25;205,77;4108,48;
RAIMUNDO RODRIGUES;CASA CIVIL;ASSESSOR I;; CARGO COMISSION.S/VINCULO;5529,77;;5529,77;986,40;4543,37;
RAISSA BARROS DE JESUS SODRE;CASA CIVIL;ASSESSOR I;; CARGO COMISSION.S/VINCULO;5529,77;;5529,77;986,40;4543,37;
RALIME GRECIA DA SILVA;CASA CIVIL;A.TEC-I;FG-3 DE ASSESSORIA; ESTATUTARIO;5274,45;;5274,45;533,66;4740,79;
RAQUEL TINOCO NEIA;FUNDO DE PROMOCAO SOCIAL-FPS;ASSESSOR TECNICO;; CARGO COMISSION.S/VINCULO;7300,00;;7300,00;1505,89;5794,11;
REGIANE LOPES GIOIA;FUNDO DE PROMOCAO SOCIAL-FPS;SECRETARIO EXECUTIVO;; CARGO COMISSION.S/VINCULO;15900,00;;15900,00;3870,89;12029,11;
REGINA COELI BARRETO LIMA E SILVA;CASA CIVIL;A.TEC-I;FG-1 CHEFE DE SETOR; ESTATUTARIO;7287,40;;7287,40;1123,68;6163,72;
REGINA COELI BRITO DOS SANTOS;CASA CIVIL;A.TEC-I;FG-1 ASSESSORIA; ESTATUTARIO;9919,24;;9919,24;2140,79;7778,45;
REGINA GONCALVES LOIOLA;FUNDO DE PROMOCAO SOCIAL-FPS;ASSESSOR II;; CARGO COMISSION.S/VINCULO;4509,79;;4509,79;641,84;3867,95;
REINALDO SILVA DE QUEIROZ;CASA CIVIL;AUX.S.G-III;FG-3 DE ASSESSORIA; ESTATUTARIO;5008,36;;5008,36;522,90;4485,46;
RENATA KELLY SALGADO DA C MEDEIROS;CASA CIVIL;CONSULTOR TEC.LEGISLATIVO IV- AD-1;; CARGO COMISSION.S/VINCULO;5529,77;;5529,77;986,40;4543,37;
RICARDINA MARIA MENEZES DOS SANTOS;CASA CIVIL;TNS-I;TEC DE NIV SUPERIOR; ESTATUTARIO;6333,29;;6333,29;1223,27;5110,02;
RICARDO MIRANDA NOGUEIRA;CASA CIVIL;ASSESSOR II;; CARGO COMISSION.S/VINCULO;4509,79;;4509,79;670,28;3839,51;
RITA DE CASSIA DOS SANTOS GONCALVES;CASA CIVIL;ASSISTENTE TECNICO ADMINISTRATIVO B;; ESTATUTARIO;3958,25;;3958,25;273,63;3684,62;
ROBERTO ALENCAR DOS SANTOS;CASA CIVIL;AUX.S.G-I;; ESTATUTARIO;5944,98;;5944,98;537,09;5407,89;
ROBERTO DE OLIVEIRA;CASA CIVIL;ASSESSOR TECNICO;; CARGO COMISSION.S/VINCULO;7300,00;;7300,00;1505,89;5794,11;
ROBERTO GOMES DA SILVA;FUNDO DE PROMOCAO SOCIAL-FPS;ASSESSOR TECNICO;; CARGO COMISSION.S/VINCULO;9633,33;;9633,33;2147,55;7485,78;
ROBERTO RUI GUERRA DE SOUZA;CASA CIVIL;ASSESSOR TECNICO;; CARGO COMISSION.S/VINCULO;7300,00;;7300,00;1505,89;5794,11;
ROBERTO SA DOS SANTOS;CASA CIVIL;CONSULTOR TECNICO II;; CARGO COMISSION.S/VINCULO;6800,00;;6800,00;1368,39;5431,61;
ROBERVAL PINHEIRO CAVALCANTE;CASA CIVIL;ASSESSOR TECNICO;ASSESSOR TECNICO; CARGO COMISSION.S/VINCULO;7300,00;;7300,00;1453,75;5846,25;
ROBERVAL TEIXEIRA LOPES;CASA CIVIL;PEDAGOGO PD20.ESP-III;ASSESSOR TECNICO; ESTATUTARIO;8386,95;;8386,95;1534,50;6852,45;
ROBINE PEREIRA GUIMARAES DE FREITAS;CASA CIVIL;ASSESSOR I;; CARGO COMISSION.S/VINCULO;7273,03;;7273,03;1498,47;5774,56;
ROBSON DE FREITAS PEREIRA;FUNDO DE PROMOCAO SOCIAL-FPS;ASSESSOR I;; CARGO COMISSION.S/VINCULO;7273,03;;7273,03;1498,47;5774,56;
RODRIGO GIRÃO DOS SANTOS;CASA CIVIL;ASSESSOR I;; CARGO COMISSION.S/VINCULO;5529,77;;5529,77;986,40;4543,37;
RODRIGO HAMILTON MOURAO;CASA CIVIL;ASSESSOR TECNICO;; CARGO COMISSION.S/VINCULO;9633,33;;9633,33;2095,42;7537,91;
ROGERIO DE ARAUJO BARBOZA;CASA CIVIL;CHEFE ADJUNTO DA CTL;; CARGO COMISSION.S/VINCULO;9300,00;;9300,00;2055,89;7244,11;
RONILDO DE OLIVEIRA LOPES;FUNDO DE PROMOCAO SOCIAL-FPS;ASSESSOR IV;; CARGO COMISSION.S/VINCULO;2875,61;;2875,61;250,57;2625,04;
ROSA MARIA SIMOES ALVES DA SILVA;CASA CIVIL;C.TEC.L-U;; ESTATUTARIO;35699,76;1576,83;34122,93;10757,74;23365,19;
ROSANGELA MACEDO REGO;CASA CIVIL;ASSESSOR II;; CARGO COMISSION.S/VINCULO;5913,05;;5913,05;1121,87;4791,18;
ROSE LENE SERPA DOS SANTOS;CASA CIVIL;ASSESSOR II;; CARGO COMISSION.S/VINCULO;4509,79;;4509,79;670,28;3839,51;
ROSENALDO ROCHA;CASA CIVIL;A.TEC-I;FG-2 ASSESSORIA; ESTATUTARIO;5919,09;;5919,09;697,48;5221,61;
RUBEM CELANDRO DE SOUZA GUIMARAES;CASA CIVIL;A.TEC-I;FG-1 ASSESSORIA; ESTATUTARIO;6602,40;;6602,40;833,95;5768,45;
SALUA PAVAO DA SILVA;CASA CIVIL;CONSULTOR TECNICO I;CONSULTOR TECNICO I; CARGO COMISSION.S/VINCULO;12800,00;;12800,00;3018,39;9781,61;
SAMUEL FARIAS DE OLIVEIRA FILHO;CASA CIVIL;ASSESSOR I;; CARGO COMISSION.S/VINCULO;5529,77;;5529,77;986,40;4543,37;
SAMYA DE OLIVEIRA SANCHES;CASA CIVIL;ASSESSOR I;; CARGO COMISSION.S/VINCULO;7273,03;;7273,03;1498,47;5774,56;
SARAH SERRUYA ASSIS;CASA CIVIL;CONSULTOR TECNICO II;; CARGO COMISSION.S/VINCULO;6800,00;;6800,00;1368,39;5431,61;
SEBASTIAO LUIZ DE LIMA;CASA CIVIL;A.TEC-I;FG-1 CHEFE DE SETOR; ESTATUTARIO;9927,81;;9927,81;1987,36;7940,45;
SERGIO ALEXANDRE NASCIMENTO RIBEIRO;CASA CIVIL;ASSESSOR I;; CARGO COMISSION.S/VINCULO;5529,77;;5529,77;986,40;4543,37;
SERGIO ALVES DE SOUSA;CASA CIVIL;ASSESSOR I;; CARGO COMISSION.S/VINCULO;5529,77;;5529,77;986,40;4543,37;
SERGIO DE LIMA MACHADO;CASA CIVIL;ASSESSOR CONTABIL;ASSESSOR CONTABIL; CARGO COMISSION.S/VINCULO;6800,00;;6800,00;1316,25;5483,75;
SIDNEY ARAUJO DA SILVA;CASA CIVIL;ASSESSOR III;ASSESSOR III AD-3; CARGO COMISSION.S/VINCULO;4491,80;;4491,80;665,90;3825,90;
SIDNEY BARROSO WANDERLEY;CASA CIVIL;SECRETARIO DE ESTADO EXTRAORDINARIO;; CARGO COMISSION.S/VINCULO;13800,00;;13800,00;3293,39;10506,61;
SIDNEY HUMBERTO PERRONE FALCAO;CASA CIVIL;ASSESSOR I;; CARGO COMISSION.S/VINCULO;5529,77;;5529,77;986,40;4543,37;
SILMARA TENACOL BATISTA;CASA CIVIL;ASSESSOR I;; CARGO COMISSION.S/VINCULO;7273,03;;7273,03;1498,47;5774,56;
SILVIA GOMES DE OLIVEIRA;CASA CIVIL;ASSESSOR II;; CARGO COMISSION.S/VINCULO;5913,05;;5913,05;1121,87;4791,18;
SOLANGE PEREIRA SALES DE OLIVEIRA;CASA CIVIL;ASSISTENTE TECNICO GOVERNAMENTAL;; ESTATUTARIO;3903,77;;3903,77;314,46;3589,31;
SONGILA DA SILVA DOS SANTOS;FUNDO DE PROMOCAO SOCIAL-FPS;ASSESSOR IV;; CARGO COMISSION.S/VINCULO;2875,61;;2875,61;264,79;2610,82;
SONIA MARIA DE SOUSA DA SILVA;CASA CIVIL;ASSESSOR III;; CARGO COMISSION.S/VINCULO;3491,80;;3491,80;422,40;3069,40;
SONJA MARIA BRAGA DOS SANTOS;CASA CIVIL;TECNICO 3A CLASSE;FG-2 DE ASSESSORIA; ESTATUTARIO;6296,01;;6296,01;1082,52;5213,49;
SUELLEN REGINA DE FREITAS FERREIRA;FUNDO DE PROMOCAO SOCIAL-FPS;ASSESSOR TECNICO;; CARGO COMISSION.S/VINCULO;7300,00;;7300,00;1505,89;5794,11;
SULENI BITAR RUAS;CASA CIVIL;ASSISTENTE TECNICO III;FG-3 DE ASSESSORIA; ESTATUTARIO;5826,16;;5826,16;765,29;5060,87;
SUMAIA KALID OSSAMI;CASA CIVIL;ASSESSOR I;; CARGO COMISSION.S/VINCULO;5529,77;;5529,77;986,40;4543,37;
SUZANA FLEURY MENDES DA SILVA;CASA CIVIL;ASSESSOR II;; CARGO COMISSION.S/VINCULO;4509,79;;4509,79;670,28;3839,51;
SYND MARIA DE SOUZA PINHEIRO;CASA CIVIL;ASSESSOR II;; CARGO COMISSION.S/VINCULO;4509,79;;4509,79;670,28;3839,51;
TABAJARA RODRIGUES MORENO;CASA CIVIL;ASSESSOR TECNICO;; CARGO COMISSION.S/VINCULO;9633,33;;9633,33;2147,55;7485,78;
TAINAN RIBEIRO DE ALMEIDA;FUNDO DE PROMOCAO SOCIAL-FPS;ASSESSOR IV;; CARGO COMISSION.S/VINCULO;2875,61;;2875,61;231,80;2643,81;
TANIA ZUNAIDE BRAGA RIBEIRO;CASA CIVIL;CONSULTOR TECNICO LEGISLATIVO II;NAO INFORMADO; CARGO COMISSION.S/VINCULO;14833,33;;14833,33;3577,55;11255,78;
TANIA ZUNAIDE BRAGA RIBEIRO;CASA CIVIL;CONSULTOR TECNICO III;; CARGO COMISSION.S/VINCULO;9013,88;;9013,88;5966,29;3047,59;
TASSIA CAMILA COELHO GOMES;CASA CIVIL;ASSESSOR II;ASSESSOR II-AD-2; CARGO COMISSION.S/VINCULO;4509,79;;4509,79;670,28;3839,51;
TERESINHA DE JESUS ASSUNCAO ALVES;CASA CIVIL;ASSISTENTE TECNICO GOVERNAMENTAL;FG-3 DE ASSESSORIA; ESTATUTARIO;5135,02;;5135,02;569,34;4565,68;
TEREZA CRISTINA MATOS FEITOZA;CASA CIVIL;ASSESSOR I;ASSESSOR I AD 1; CARGO COMISSION.S/VINCULO;5529,77;;5529,77;986,40;4543,37;
TEREZINHA BONATES MIRANDA;CASA CIVIL;A.TEC-I;FG-1 ASSESSORIA; ESTATUTARIO;8837,84;;8837,84;1374,27;7463,57;
TEREZINHA DE JESUS O B C RODRIGUES;CASA CIVIL;ASSESSOR III;ASSESSOR III AD 3; CARGO COMISSION.S/VINCULO;3491,80;;3491,80;422,40;3069,40;
THAIS ROCHA PINHEIRO LEMOS SOBRAL;CASA CIVIL;CONSULTOR TECNICO III;NAO INFORMADO; CARGO COMISSION.S/VINCULO;5800,00;;5800,00;1081,77;4718,23;
THELCYANNE DE CARVALHO NUNES DIAS;CASA CIVIL;SECRETARIO EXECUTIVO;; CARGO COMISSION.S/VINCULO;10200,00;;10200,00;1853,14;8346,86;
THIAGO TEIXEIRA DE CASTRO;CASA CIVIL;ASSESSOR II;; CARGO COMISSION.S/VINCULO;4509,79;;4509,79;670,28;3839,51;
TIAGO MARQUES DA SILVA;CASA CIVIL;CONSULTOR TECNICO I;; CARGO COMISSION.S/VINCULO;10300,00;;10300,00;2330,89;7969,11;
UBIRAGILDO DO NASCIMENTO SARAIVA;CASA CIVIL;ASSISTENTE TECNICO GOVERNAMENTAL;; ESTATUTARIO;4026,06;;4026,06;330,35;3695,71;
UBIRAJARA RAMOS MORAES JUNIOR;CASA CIVIL;TNS-II;FG-2 ASSESSORIA; ESTATUTARIO;10388,52;;10388,52;2147,21;8241,31;
VALDIBERTO RIBEIRO ROCHA;CASA CIVIL;ASSESSOR I;; CARGO COMISSION.S/VINCULO;5529,77;;5529,77;943,74;4586,03;
VALDIR ALVES DE VASCONCELOS;CASA CIVIL;A.TEC-I;ASSIST TECNICO; ESTATUTARIO;3110,34;;3110,34;172,64;2937,70;
VALNIZA DA SILVA NASCIMENTO;CASA CIVIL;ASSESSOR II;NAO INFORMADO; CARGO COMISSION.S/VINCULO;6053,38;;6053,38;1163,07;4890,31;
VALQUIRIA CORREIA DA COSTA;CASA CIVIL;ASSESSOR I;; CARGO COMISSION.S/VINCULO;5529,77;;5529,77;986,40;4543,37;
VANESSA DE LIMA PADILHA;CASA CIVIL;ASSESSOR III;; CARGO COMISSION.S/VINCULO;4415,92;;4415,92;618,99;3796,93;
VANESSA SEVERIANO DA SILVA;FUNDO DE PROMOCAO SOCIAL-FPS;ASSESSOR TECNICO;; CARGO COMISSION.S/VINCULO;7300,00;;7300,00;1505,89;5794,11;
VANUSA DA SILVA CUNHA;CASA CIVIL;ASSISTENTE TECNICO GOVERNAMENTAL;FG-3 DE ASSESSORIA; ESTATUTARIO;5126,28;;5126,28;566,24;4560,04;
VERA DOS SANTOS GUIMARAES;CASA CIVIL;ASSISTENTE TECNICO GOVERNAMENTAL;FG-2 GESTOR DE CONT.; ESTATUTARIO;5795,02;;5795,02;750,84;5044,18;
VERA ELANE ROCHA DOS SANTOS;CASA CIVIL;A.TEC-I;FG-2 DE ASSESSORIA; ESTATUTARIO;5910,34;;5910,34;642,24;5268,10;
VERANILCE FERNANDES PANTOJA;CASA CIVIL;A.TEC-I;FG-3 ASSESSORIA; ESTATUTARIO;5259,09;;5259,09;528,90;4730,19;
VICENTE DE CASTRO ASSUNCAO;CASA CIVIL;MOT-III;; ESTATUTARIO;2827,32;;2827,32;195,35;2631,97;
VICTOR BRENO ALMADA GOMES;CASA CIVIL;ASSESSOR I;; CARGO COMISSION.S/VINCULO;5529,77;;5529,77;986,40;4543,37;
VIRGINIA MIRANDA DA COSTA;CASA CIVIL;ASSISTENTE TECNICO GOVERNAMENTAL;FG-2 ASSESSORIA; ESTATUTARIO;5955,18;;5955,18;691,31;5263,87;
VIVALDO RODRIGUES CARDOSO NETO;FUNDO DE PROMOCAO SOCIAL-FPS;ASSESSOR II;; CARGO COMISSION.S/VINCULO;4509,79;;4509,79;670,28;3839,51;
WALTER RODRIGUES DA CRUZ JUNIOR;CASA CIVIL;CORONEL;SECRETARIO DE ESTADO; ESTATUTARIO;11183,51;1586,99;9596,52;1530,77;8065,75;
WANDA DE SOUZA TRINDADE;CASA CIVIL;REDATOR GOVERNAMENTAL;FG-1 ASSESSORIA; ESTATUTARIO;8930,48;;8930,48;1687,36;7243,12;
WANDERLEY MARTINS FARIAS;CASA CIVIL;ASSESSOR II;; CARGO COMISSION.S/VINCULO;4509,79;;4509,79;670,28;3839,51;
WILSON TEIXEIRA MARIANO;CASA CIVIL;A.TEC-I;; ESTATUTARIO;4019,09;;4019,09;239,84;3779,25;
WILTON PEREIRA DOS SANTOS;CASA CIVIL;ASSESSOR TECNICO;NAO INFORMADO; CARGO COMISSION.S/VINCULO;5433,33;;5433,33;956,48;4476,85;
YONE PAES LESSA;CASA CIVIL;A.TEC-I;CHEFE DE UNID FG 3; ESTATUTARIO;7528,96;;7528,96;1379,90;6149,06;
YURI MOISES TAKETOMI OLIMPIO;CASA CIVIL;AGENTE ADM.-AGA-T.S.N.A.-E;ASSESSOR TECNICO; ESTATUTARIO;9633,33;;9633,33;1819,95;7813,38;
