NOME;LOTACAO;CARGO;FUNCAO;VINCULO;REMUNERACAO LEGAL TOTAL(R$);DESC.TETO(R$); REMUNERACAO LEGAL DEVIDA(R$);DESCONTOS LEGAIS(R$);LIQUIDO DISPONIVEL(R$);
ADILCE LANE EDWARDS DE ARAUJO;CONTRATADOS;ASSESSOR I;; CARGO COMISSION.S/VINCULO;5229,77;;5229,77;986,40;4243,37;
ANTONIO LUCIO DE OLIVEIRA MAIA;CONTRATADOS;SECRETARIO EXECUTIVO ADJUNTO;; CARGO COMISSION.S/VINCULO;12000,00;;12000,00;2880,89;9119,11;
ANTONIO SANTINO DE SOUZA;EFETIVOS;A.TEC-I;SECRETARIO EXEC.; ESTATUTARIO;13457,50;;13457,50;3030,56;10426,94;
DANIELE OLIVEIRA DIAS DOS SANTOS;CONTRATADOS;ASSESSOR I;; CARGO COMISSION.S/VINCULO;5229,77;;5229,77;943,74;4286,03;
DEBORA DA SILVA LIMA;CONTRATADOS;ASSESSOR II;; CARGO COMISSION.S/VINCULO;4209,79;;4209,79;670,28;3539,51;
ELIVAN ALVES DO ARCUS;CONTRATADOS;ASSESSOR IV;; CARGO COMISSION.S/VINCULO;2575,61;;2575,61;264,79;2310,82;
FRANCISCO CORDEIRO DA COSTA;CONTRATADOS;ASSESSOR III;; CARGO COMISSION.S/VINCULO;3191,80;;3191,80;422,40;2769,40;
GILSON DA COSTA BARKER;CONTRATADOS;ASSESSOR I;; CARGO COMISSION.S/VINCULO;5229,77;;5229,77;901,09;4328,68;
IVANETE GOMES DE ALMEIDA;EFETIVOS;AGENTE ADM.-AGA-T.S.N.A.-G;CHEFE DE DEPARTAMENT; ESTATUTARIO;6335,05;;6335,05;978,14;5356,91;
JEAN ITALLO COLARES DE ALMEIDA;CONTRATADOS;ASSESSOR I;; CARGO COMISSION.S/VINCULO;5229,77;;5229,77;901,09;4328,68;
JEANE PINHEIRO DA SILVA;CONTRATADOS;ASSESSOR I;; CARGO COMISSION.S/VINCULO;5229,77;;5229,77;943,74;4286,03;
JEFERSON DE SOUZA REIS;CONTRATADOS;ASSESSOR IV;; CARGO COMISSION.S/VINCULO;2575,61;;2575,61;264,79;2310,82;
JOAO BOSCO GOMES SARAIVA;CONTRATADOS;VICE-GOVERNADOR;; CARGO COMISSION.S/VINCULO;13874,17;;13874,17;3396,28;10477,89;
LUCIO ROMERO PINHEIRO SOARES;CONTRATADOS;ASSESSOR IV;; CARGO COMISSION.S/VINCULO;2575,61;;2575,61;264,79;2310,82;
MARCO ANTONIO PINTO DA COSTA;CONTRATADOS;ASSESSOR IV;; CARGO COMISSION.S/VINCULO;2575,61;;2575,61;264,79;2310,82;
MARIA JOSE RODRIGUES BALIEIRO FILHA;CONTRATADOS;GERENTE;; CARGO COMISSION.S/VINCULO;4209,79;;4209,79;613,40;3596,39;
NEIVA DE SOUZA SOARES;CONTRATADOS;ASSESSOR III;NAO INFORMADO; CARGO COMISSION.S/VINCULO;3191,80;;3191,80;422,40;2769,40;
NILZA PEREIRA DOS SANTOS;CONTRATADOS;ASSESSOR II;; CARGO COMISSION.S/VINCULO;4209,79;;4209,79;641,84;3567,95;
NORBERTA CARLA DA SILVA FONSECA;CONTRATADOS;ASSESSOR I;; CARGO COMISSION.S/VINCULO;5229,77;;5229,77;986,40;4243,37;
NORBERTO CARLOS DA SILVA FONSECA;CONTRATADOS;ASSESSOR I;; CARGO COMISSION.S/VINCULO;5229,77;;5229,77;943,74;4286,03;
RAFAEL VIEIRA AMORIM;CONTRATADOS;SECRETARIO EXECUTIVO ADJUNTO;; CARGO COMISSION.S/VINCULO;9000,00;;9000,00;2055,89;6944,11;
RAQUEL MAIA DA COSTA;CONTRATADOS;ASSESSOR II;; CARGO COMISSION.S/VINCULO;4209,79;;4209,79;670,28;3539,51;
WALDERLANDIA DE LIMA REBOUÇAS;CONTRATADOS;ASSESSOR IV;; CARGO COMISSION.S/VINCULO;3434,15;;3434,15;481,41;2952,74;
