NOME;LOTACAO;CARGO;FUNCAO;VINCULO;REMUNERACAO LEGAL TOTAL(R$);DESC.TETO(R$); REMUNERACAO LEGAL DEVIDA(R$);DESCONTOS LEGAIS(R$);LIQUIDO DISPONIVEL(R$);
Alaine Souza dos Anjos;ASSESSORIA;CHEFE DE GABINETE;; CARGO COMISSION.S/VINCULO;5229,77;;5229,77;986,40;4243,37;
Andre Alves de Souza;ASSESSORIA;ASSESSOR III;; CARGO COMISSION.S/VINCULO;1681,80;;1681,80;134,54;1547,26;
ADRIANO MENDONCA PONTE;GABINETE;SECRETARIO EXECUTIVO ADJUNTO;; CARGO COMISSION.S/VINCULO;9000,00;;9000,00;2003,75;6996,25;
AILTON RODRIGUES PEREIRA;ASSESSORIA;ASSESSOR II;; CARGO COMISSION.S/VINCULO;2609,79;;2609,79;270,20;2339,59;
ANDREIA BRAGA DE SOUZA;GABINETE;CHEFE DE GABINETE;; CARGO COMISSION.S/VINCULO;6973,03;;6973,03;1498,47;5474,56;
ANTONIA PEREIRA DA SILVA;ASSESSORIA;ASSESSOR III;; CARGO COMISSION.S/VINCULO;1681,80;;1681,80;134,54;1547,26;
AQUIAS SANTAREM MATOS SANTOS;ASSESSORIA;ASSESSOR I;; CARGO COMISSION.S/VINCULO;5229,77;;5229,77;986,40;4243,37;
Beatriz Rocha Patterson;ASSESSORIA;ASSESSOR I;; CARGO COMISSION.S/VINCULO;5229,77;;5229,77;986,40;4243,37;
CARLOS MATTOS FABER NETO;ASSESSORIA;ASSESSOR I;; CARGO COMISSION.S/VINCULO;5229,77;;5229,77;986,40;4243,37;
CEZAR AUGUSTO VIEIRA DE SOUZA;GABINETE;A.OPE-I;MEMBRO SERIRA; ESTATUTARIO;7000,00;;7000,00;1021,78;5978,22;
CHARLES BELCHIEUR;DEPTO.DE ADM.E FINANCAS;TNS-I;; ESTATUTARIO;11306,52;;11306,52;3009,42;8297,10;
DANIEL PESSOA RIBEIRO;ASSESSORIA;ASSESSOR I;; CARGO COMISSION.S/VINCULO;5229,77;;5229,77;986,40;4243,37;
DANIELA GOMES DOS SANTOS;ASSESSORIA;ASSESSOR I;; CARGO COMISSION.S/VINCULO;5229,77;;5229,77;986,40;4243,37;
DJALMA MARTINS DA COSTA JUNIOR;GABINETE;SECRETARIO EXECUTIVO ADJUNTO;; CARGO COMISSION.S/VINCULO;9000,00;;9000,00;2055,89;6944,11;
FRANCISCA EDILANDIA DANTAS PAULA;DEPTO.DE ADM.E FINANCAS;ASSESSOR III;ASSESSOR III AD-3; CARGO COMISSION.S/VINCULO;1681,80;;1681,80;134,54;1547,26;
GLAUBER SOARES GOMES;GABINETE;PROFESSOR PF20.LPL-IV;MEMBRO; ESTATUTARIO;7000,00;;7000,00;962,13;6037,87;
JANES DE SOUSA FIGUEREDO ASSUNÇÃO;DEPTO.DE ADM.E FINANCAS;AUX.S.G-II;; ESTATUTARIO;2520,15;;2520,15;137,85;2382,30;
JOSE MARIA OLIVEIRA DA SILVA;GABINETE;PROFESSOR C4 ED-LPL-IV;MEMBRO SERIRA; ESTATUTARIO;7014,04;;7014,04;956,34;6057,70;
JOYCE CORREA LIRA;ASSESSORIA;ASSESSOR I;ASSESSOR I AD-1; CARGO COMISSION.S/VINCULO;5229,77;;5229,77;986,40;4243,37;
Karine Barra de Oliveira;ASSESSORIA;CHEFE DE DEPARTAMENTO;; CARGO COMISSION.S/VINCULO;5229,77;;5229,77;986,40;4243,37;
LUIS CLAUDIO QUARESMA DE MENEZES;ASSESSORIA;ASSESSOR II;; CARGO COMISSION.S/VINCULO;2609,79;;2609,79;255,98;2353,81;
MANOEL CORNELIO DA COSTA E SILVA;GABINETE;SECRETARIO EXECUTIVO;; CARGO COMISSION.S/VINCULO;11700,00;;11700,00;2798,39;8901,61;
MARIA CONCEBIDA DE ARAUJO LEAL;GABINETE;MEMBRO;MEMBRO; CARGO COMISSION.S/VINCULO;7000,00;;7000,00;1505,89;5494,11;
MARIA DAS DORES DE ALMEIDA;DEPTO.DE ADM.E FINANCAS;TNS-II;ASSESSOR I AD-1; ESTATUTARIO;7146,97;;7146,97;1365,36;5781,61;
MARIO FERREIRA SAID NETO;ASSESSORIA;MEMBRO;MEMBRO; CARGO COMISSION.S/VINCULO;7000,00;;7000,00;1505,89;5494,11;
NAFICE BACRY VALOZ;GABINETE;SECRETARIO DE ESTADO;SECRETARIO DE ESTADO; CARGO COMISSION.S/VINCULO;13500,00;;13500,00;3293,39;10206,61;
NILTON PEREIRA ROCHA FILHO;ASSESSORIA;ASSESSOR III;; CARGO COMISSION.S/VINCULO;2578,76;;2578,76;265,28;2313,48;
PAULO HENRIQUE MIRANDA BASTOS;ASSESSORIA;ASSESSOR I;; CARGO COMISSION.S/VINCULO;6973,03;;6973,03;1498,47;5474,56;
SALETE MARIA SIQUEIRA;ASSESSORIA;ASSESSOR III;; CARGO COMISSION.S/VINCULO;3363,60;;3363,60;464,23;2899,37;
SANDRA MARIA CASTRO LOUREIRO;DEPTO.DE ADM.E FINANCAS;A.TEC-I;; ESTATUTARIO;2713,06;;2713,06;220,24;2492,82;
SISLANDIA FERREIRA DA SILVA CASTRO;GABINETE;ASSESSOR I;; CARGO COMISSION.S/VINCULO;5229,77;;5229,77;986,40;4243,37;
SOCORRO APARECIDA ARAUJO MAIERON;DEPTO.DE ADM.E FINANCAS;A.TEC-II;ASSESSOR I AD1; ESTATUTARIO;2645,46;;2645,46;175,94;2469,52;
SONIA RODRIGUES RAMOS;GABINETE;SECRETARIO EXECUTIVO;; CARGO COMISSION.S/VINCULO;11700,00;;11700,00;2798,39;8901,61;
TALITA SILVA DAVID;GABINETE;MEMBRO;; CARGO COMISSION.S/VINCULO;7000,00;;7000,00;1505,89;5494,11;
VALTER VIANA DOS SANTOS;ASSESSORIA;ASSESSOR II;; CARGO COMISSION.S/VINCULO;2609,79;;2609,79;270,20;2339,59;
WASHINGTON DE CARVALHO ESCOBAR;ASSESSORIA;ASSESSOR I;; CARGO COMISSION.S/VINCULO;5229,77;;5229,77;986,40;4243,37;
WIVIANNY FARIAS PEREIRA LACERDA;GABINETE;AGENTE PREVIDENCIARIO;ASSESSOR I AD-1; ESTATUTARIO;5000,00;;5000,00;403,55;4596,45;
YAEL CONCEICAO MARTINS MENEZES;DEPTO.DE ADM.E FINANCAS;PROFESSOR C3 ED-ESP-III;; ESTATUTARIO;9014,01;;9014,01;1770,11;7243,90;
