NOME;LOTACAO;CARGO;FUNCAO;VINCULO;REMUNERACAO LEGAL TOTAL(R$);DESC.TETO(R$); REMUNERACAO LEGAL DEVIDA(R$);DESCONTOS LEGAIS(R$);LIQUIDO DISPONIVEL(R$);
Alaine Souza dos Anjos;ASSESSORIA;CHEFE DE GABINETE;; CARGO COMISSION.S/VINCULO;5229,77;;5229,77;986,40;4243,37;
ADRIANO MENDONCA PONTE;GABINETE;SECRETARIO EXECUTIVO ADJUNTO;; CARGO COMISSION.S/VINCULO;13000,00;;13000,00;3103,75;9896,25;
AILTON RODRIGUES PEREIRA;ASSESSORIA;ASSESSOR II;; CARGO COMISSION.S/VINCULO;2609,79;;2609,79;270,20;2339,59;
ANA ESMELINDA MENEZES DE MELO;ASSESSORIA;ASSESSOR I;NAO INFORMADO; CARGO COMISSION.S/VINCULO;4881,10;;4881,10;878,23;4002,87;
ANDREIA BRAGA DE SOUZA;GABINETE;CHEFE DE GABINETE;; CARGO COMISSION.S/VINCULO;5229,77;;5229,77;986,40;4243,37;
ANTONIA PEREIRA DA SILVA;ASSESSORIA;ASSESSOR III;; CARGO COMISSION.S/VINCULO;1681,80;;1681,80;134,54;1547,26;
BEATRIZ ROCHA PATTERSON;DEPTO.DE ADM.E FINANCAS;CHEFE DE DEPARTAMENTO;NAO INFORMADO; CARGO COMISSION.S/VINCULO;5229,77;;5229,77;986,40;4243,37;
CARLOS MATTOS FABER NETO;ASSESSORIA;ASSESSOR I;; CARGO COMISSION.S/VINCULO;5229,77;;5229,77;986,40;4243,37;
CEZAR AUGUSTO VIEIRA DE SOUZA;GABINETE;A.OPE-I;MEMBRO SERIRA; ESTATUTARIO;7000,00;;7000,00;1021,78;5978,22;
CHARLES BELCHIEUR;DEPTO.DE ADM.E FINANCAS;TNS-I;; ESTATUTARIO;11306,52;;11306,52;3009,42;8297,10;
CRISTIANO VALERIO SOTI;ASSESSORIA;ASSESSOR III;NAO INFORMADO; CARGO COMISSION.S/VINCULO;1681,80;;1681,80;134,54;1547,26;
DANIEL PESSOA RIBEIRO;ASSESSORIA;ASSESSOR I;; CARGO COMISSION.S/VINCULO;5229,77;;5229,77;986,40;4243,37;
DANIELA GOMES DOS SANTOS;ASSESSORIA;ASSESSOR I;; CARGO COMISSION.S/VINCULO;5229,77;;5229,77;986,40;4243,37;
DANIELE DA ROCHA MACHADO RIBEIRO;ASSESSORIA;ASSESSOR I;; CARGO COMISSION.S/VINCULO;5229,77;;5229,77;986,40;4243,37;
DJALMA MARTINS DA COSTA JUNIOR;GABINETE;SUBCOORDENADOR SETORIAL;; CARGO COMISSION.S/VINCULO;13000,00;;13000,00;3155,89;9844,11;
FRANCISCA EDILANDIA DANTAS PAULA;DEPTO.DE ADM.E FINANCAS;ASSESSOR III;ASSESSOR III AD-3; CARGO COMISSION.S/VINCULO;2242,40;;2242,40;212,05;2030,35;
FRANCISCO SOARES DE SOUZA FILHO;ASSESSORIA;ASSESSOR I;; CARGO COMISSION.S/VINCULO;8229,77;;8229,77;1810,90;6418,87;
GLAUBER SOARES GOMES;GABINETE;PROFESSOR PF20.LPL-IV;MEMBRO; ESTATUTARIO;7000,00;;7000,00;974,46;6025,54;
JANES DE SOUSA FIGUEREDO ASSUNÇÃO;DEPTO.DE ADM.E FINANCAS;AUX.S.G-II;; ESTATUTARIO;2520,15;;2520,15;137,85;2382,30;
JUSCELINO RODRIGUES DE OLIVEIRA;ASSESSORIA;ASSESSOR I;; CARGO COMISSION.S/VINCULO;4067,59;;4067,59;1028,52;3039,07;
KARINE BARRA DE OLIVEIRA;GABINETE;MEMBRO;NAO INFORMADO; CARGO COMISSION.S/VINCULO;7000,00;;7000,00;1505,89;5494,11;
LUIS CLAUDIO QUARESMA DE MENEZES;ASSESSORIA;ASSESSOR II;; CARGO COMISSION.S/VINCULO;2609,79;;2609,79;255,98;2353,81;
MANOEL CORNELIO DA COSTA E SILVA;GABINETE;SECRETARIO EXECUTIVO;; CARGO COMISSION.S/VINCULO;16700,00;;16700,00;4173,39;12526,61;
MARIA CONCEBIDA DE ARAUJO LEAL;GABINETE;MEMBRO;MEMBRO; CARGO COMISSION.S/VINCULO;7000,00;;7000,00;1505,89;5494,11;
MARIA DAS DORES DE ALMEIDA;DEPTO.DE ADM.E FINANCAS;TNS-II;ASSESSOR I AD-1; ESTATUTARIO;7146,97;;7146,97;1365,36;5781,61;
MARIA LUCIA ALVES DA SILVA;ASSESSORIA;ASSESSOR III;NAO INFORMADO; CARGO COMISSION.S/VINCULO;1681,80;;1681,80;134,54;1547,26;
MARIA NEBLINA MARAES;GABINETE;PROFESSOR PF20.ESP-III;ASSESSOR I AD 1; ESTATUTARIO;7487,85;;7487,85;1231,79;6256,06;
MARIO FERREIRA SAID NETO;ASSESSORIA;MEMBRO;MEMBRO; CARGO COMISSION.S/VINCULO;7000,00;;7000,00;1505,89;5494,11;
MOISES FERNANDES NUNES;ASSESSORIA;ASSESSOR I;; CARGO COMISSION.S/VINCULO;5229,77;;5229,77;986,40;4243,37;
NAFICE BACRY VALOZ;GABINETE;SECRETARIO DE ESTADO;SECRETARIO DE ESTADO; CARGO COMISSION.S/VINCULO;13500,00;;13500,00;3293,39;10206,61;
NILTON PEREIRA ROCHA FILHO;ASSESSORIA;ASSESSOR II;NAO INFORMADO; CARGO COMISSION.S/VINCULO;2609,79;;2609,79;270,20;2339,59;
PAULO HENRIQUE MIRANDA BASTOS;ASSESSORIA;ASSESSOR I;; CARGO COMISSION.S/VINCULO;5229,77;;5229,77;986,40;4243,37;
PAULO MESSIAS SOUZA QUEIROZ;ASSESSORIA;ASSESSOR I;NAO INFORMADO; CARGO COMISSION.S/VINCULO;5229,77;;5229,77;986,40;4243,37;
RENY MOITA PORTO;GABINETE;SUBCOORDENADOR SETORIAL;; CARGO COMISSION.S/VINCULO;13000,00;;13000,00;3155,89;9844,11;
SALETE MARIA SIQUEIRA;ASSESSORIA;ASSESSOR III;; CARGO COMISSION.S/VINCULO;1681,80;;1681,80;134,54;1547,26;
SANDRA MARIA CASTRO LOUREIRO;DEPTO.DE ADM.E FINANCAS;A.TEC-I;; ESTATUTARIO;2713,06;;2713,06;220,24;2492,82;
SISLANDIA FERREIRA DA SILVA CASTRO;GABINETE;ASSESSOR I;; CARGO COMISSION.S/VINCULO;5229,77;;5229,77;986,40;4243,37;
SOCORRO APARECIDA ARAUJO MAIERON;DEPTO.DE ADM.E FINANCAS;A.TEC-II;ASSESSOR I AD1; ESTATUTARIO;2645,46;;2645,46;175,94;2469,52;
SONIA RODRIGUES RAMOS;GABINETE;SECRETARIO EXECUTIVO;; CARGO COMISSION.S/VINCULO;16700,00;;16700,00;4173,39;12526,61;
TALITA SILVA DAVID;GABINETE;MEMBRO;; CARGO COMISSION.S/VINCULO;7000,00;;7000,00;1505,89;5494,11;
VALTER VIANA DOS SANTOS;ASSESSORIA;ASSESSOR I;NAO INFORMADO; CARGO COMISSION.S/VINCULO;5229,77;;5229,77;986,40;4243,37;
VINICIUS FERREIRA VERMELHO;ASSESSORIA;ASSESSOR I;NAO INFORMADO; CARGO COMISSION.S/VINCULO;7844,65;;7844,65;1738,17;6106,48;
Willer Pinheiro Ferreira;GABINETE;MEMBRO;; CONSELHO;3000,00;;3000,00;95,20;2904,80;
WASHINGTON DE CARVALHO ESCOBAR;ASSESSORIA;ASSESSOR I;; CARGO COMISSION.S/VINCULO;5229,77;;5229,77;986,40;4243,37;
WIVIANNY FARIAS PEREIRA LACERDA;GABINETE;AGENTE PREVIDENCIARIO;ASSESSOR I AD-1; ESTATUTARIO;5000,00;;5000,00;403,55;4596,45;
YAEL CONCEICAO MENEZES DA CRUZ;DEPTO.DE ADM.E FINANCAS;PROFESSOR C3 ED-ESP-III;; ESTATUTARIO;9309,37;;9309,37;1874,89;7434,48;
