NOME;LOTACAO;CARGO;FUNCAO;VINCULO;REMUNERACAO LEGAL TOTAL(R$);DESC.TETO(R$); REMUNERACAO LEGAL DEVIDA(R$);DESCONTOS LEGAIS(R$);LIQUIDO DISPONIVEL(R$);
Alaine Souza dos Anjos;ASSESSORIA;CHEFE DE GABINETE;; CARGO COMISSION.S/VINCULO;5229,77;;5229,77;986,40;4243,37;
ADRIANO MENDONCA PONTE;GABINETE;SECRETARIO EXECUTIVO ADJUNTO;; CARGO COMISSION.S/VINCULO;13000,00;;13000,00;3103,75;9896,25;
AILTON RODRIGUES PEREIRA;ASSESSORIA;ASSESSOR II;; CARGO COMISSION.S/VINCULO;2609,79;;2609,79;270,20;2339,59;
ANDREIA BRAGA DE SOUZA;GABINETE;CHEFE DE GABINETE;; CARGO COMISSION.S/VINCULO;5229,77;;5229,77;986,40;4243,37;
ANTONIA PEREIRA DA SILVA;ASSESSORIA;ASSESSOR III;; CARGO COMISSION.S/VINCULO;1681,80;;1681,80;134,54;1547,26;
Beatriz Rocha Patterson;ASSESSORIA;ASSESSOR I;; CARGO COMISSION.S/VINCULO;6537,21;;6537,21;4405,88;2131,33;
BEATRIZ ROCHA PATTERSON;DEPTO.DE ADM.E FINANCAS;CHEFE DE DEPARTAMENTO;NAO INFORMADO; CARGO COMISSION.S/VINCULO;6624,37;;6624,37;1402,59;5221,78;
CARLOS MATTOS FABER NETO;ASSESSORIA;ASSESSOR I;; CARGO COMISSION.S/VINCULO;5229,77;;5229,77;986,40;4243,37;
CEZAR AUGUSTO VIEIRA DE SOUZA;GABINETE;A.OPE-I;MEMBRO SERIRA; ESTATUTARIO;7000,00;;7000,00;1021,78;5978,22;
CHARLES BELCHIEUR;DEPTO.DE ADM.E FINANCAS;TNS-I;; ESTATUTARIO;11306,52;;11306,52;3009,42;8297,10;
CRISTIANO VALERIO SOTI;ASSESSORIA;ASSESSOR III;NAO INFORMADO; CARGO COMISSION.S/VINCULO;1681,80;;1681,80;134,54;1547,26;
DANIEL PESSOA RIBEIRO;ASSESSORIA;ASSESSOR I;; CARGO COMISSION.S/VINCULO;5229,77;;5229,77;986,40;4243,37;
DANIELA GOMES DOS SANTOS;ASSESSORIA;ASSESSOR I;; CARGO COMISSION.S/VINCULO;5229,77;;5229,77;986,40;4243,37;
DANIELE DA ROCHA MACHADO RIBEIRO;ASSESSORIA;ASSESSOR I;; CARGO COMISSION.S/VINCULO;5229,77;;5229,77;986,40;4243,37;
DJALMA MARTINS DA COSTA JUNIOR;GABINETE;SUBCOORDENADOR SETORIAL;; CARGO COMISSION.S/VINCULO;13000,00;;13000,00;3155,89;9844,11;
FRANCISCA EDILANDIA DANTAS PAULA;DEPTO.DE ADM.E FINANCAS;ASSESSOR III;ASSESSOR III AD-3; CARGO COMISSION.S/VINCULO;1681,80;;1681,80;134,54;1547,26;
FRANCISCO SOARES DE SOUZA FILHO;ASSESSORIA;ASSESSOR I;; CARGO COMISSION.S/VINCULO;8229,77;;8229,77;1810,90;6418,87;
GLAUBER SOARES GOMES;GABINETE;PROFESSOR PF20.LPL-IV;MEMBRO; ESTATUTARIO;7000,00;;7000,00;962,13;6037,87;
JANES DE SOUSA FIGUEREDO ASSUNÇÃO;DEPTO.DE ADM.E FINANCAS;AUX.S.G-II;; ESTATUTARIO;2520,15;;2520,15;137,85;2382,30;
JOSE DIAS DOS SANTOS;ASSESSORIA;ASSESSOR III;; CARGO COMISSION.S/VINCULO;1308,07;;1308,07;465,29;842,78;
JOYCE CORREA LIRA;ASSESSORIA;ASSESSOR I;ASSESSOR I AD-1; CARGO COMISSION.S/VINCULO;7118,29;;7118,29;3011,29;4107,00;
JUSCELINO RODRIGUES DE OLIVEIRA;ASSESSORIA;ASSESSOR I;; CARGO COMISSION.S/VINCULO;5229,77;;5229,77;986,40;4243,37;
Karine Barra de Oliveira;ASSESSORIA;CHEFE DE DEPARTAMENTO;; CARGO COMISSION.S/VINCULO;6101,39;;6101,39;4018,98;2082,41;
KARINE BARRA DE OLIVEIRA;GABINETE;MEMBRO;NAO INFORMADO; CARGO COMISSION.S/VINCULO;8866,66;;8866,66;2019,22;6847,44;
LUIS CLAUDIO QUARESMA DE MENEZES;ASSESSORIA;ASSESSOR II;; CARGO COMISSION.S/VINCULO;2609,79;;2609,79;255,98;2353,81;
MANOEL CORNELIO DA COSTA E SILVA;GABINETE;SECRETARIO EXECUTIVO;; CARGO COMISSION.S/VINCULO;16700,00;;16700,00;4173,39;12526,61;
MARIA CONCEBIDA DE ARAUJO LEAL;GABINETE;MEMBRO;MEMBRO; CARGO COMISSION.S/VINCULO;7000,00;;7000,00;1505,89;5494,11;
MARIA DAS DORES DE ALMEIDA;DEPTO.DE ADM.E FINANCAS;TNS-II;ASSESSOR I AD-1; ESTATUTARIO;9405,48;;9405,48;1986,45;7419,03;
MARIA LUCIA ALVES DA SILVA;ASSESSORIA;ASSESSOR III;NAO INFORMADO; CARGO COMISSION.S/VINCULO;2130,28;;2130,28;191,72;1938,56;
MARIA NEBLINA MARAES;GABINETE;PROFESSOR PF20.ESP-III;ASSESSOR I AD 1; ESTATUTARIO;7304,42;;7304,42;1166,72;6137,70;
MARIO FERREIRA SAID NETO;ASSESSORIA;MEMBRO;MEMBRO; CARGO COMISSION.S/VINCULO;7000,00;;7000,00;1505,89;5494,11;
MOISES FERNANDES NUNES;ASSESSORIA;ASSESSOR I;; CARGO COMISSION.S/VINCULO;5229,77;;5229,77;986,40;4243,37;
NAFICE BACRY VALOZ;GABINETE;SECRETARIO DE ESTADO;SECRETARIO DE ESTADO; CARGO COMISSION.S/VINCULO;18000,00;;18000,00;4530,89;13469,11;
NILTON PEREIRA ROCHA FILHO;ASSESSORIA;ASSESSOR II;NAO INFORMADO; CARGO COMISSION.S/VINCULO;3305,73;;3305,73;450,15;2855,58;
NILTON PEREIRA ROCHA FILHO;ASSESSORIA;ASSESSOR III;; CARGO COMISSION.S/VINCULO;1308,07;;1308,07;988,51;319,56;
PAULO HENRIQUE MIRANDA BASTOS;ASSESSORIA;ASSESSOR I;; CARGO COMISSION.S/VINCULO;5229,77;;5229,77;986,40;4243,37;
PAULO MESSIAS SOUZA QUEIROZ;ASSESSORIA;ASSESSOR I;NAO INFORMADO; CARGO COMISSION.S/VINCULO;3660,81;;3660,81;536,60;3124,21;
RENY MOITA PORTO;GABINETE;SUBCOORDENADOR SETORIAL;; CARGO COMISSION.S/VINCULO;13000,00;;13000,00;3155,89;9844,11;
SALETE MARIA SIQUEIRA;ASSESSORIA;ASSESSOR III;; CARGO COMISSION.S/VINCULO;1681,80;;1681,80;134,54;1547,26;
SANDRA MARIA CASTRO LOUREIRO;DEPTO.DE ADM.E FINANCAS;A.TEC-I;; ESTATUTARIO;2713,06;;2713,06;220,24;2492,82;
SIMONE NATASHA LOPES H MOURA;ASSESSORIA;ASSESSOR I;; CARGO COMISSION.S/VINCULO;5229,77;;5229,77;986,40;4243,37;
SISLANDIA FERREIRA DA SILVA CASTRO;GABINETE;ASSESSOR I;; CARGO COMISSION.S/VINCULO;5229,77;;5229,77;986,40;4243,37;
SOCORRO APARECIDA ARAUJO MAIERON;DEPTO.DE ADM.E FINANCAS;A.TEC-II;ASSESSOR I AD1; ESTATUTARIO;2645,46;;2645,46;175,94;2469,52;
SONIA RODRIGUES RAMOS;GABINETE;SECRETARIO EXECUTIVO;; CARGO COMISSION.S/VINCULO;16700,00;;16700,00;4173,39;12526,61;
TALITA SILVA DAVID;GABINETE;MEMBRO;; CARGO COMISSION.S/VINCULO;7000,00;;7000,00;1505,89;5494,11;
VALTER VIANA DOS SANTOS;ASSESSORIA;ASSESSOR II;; CARGO COMISSION.S/VINCULO;3262,23;;3262,23;2122,62;1139,61;
VALTER VIANA DOS SANTOS;ASSESSORIA;ASSESSOR I;NAO INFORMADO; CARGO COMISSION.S/VINCULO;6624,37;;6624,37;1402,59;5221,78;
Willer Pinheiro Ferreira;GABINETE;MEMBRO;; CONSELHO;3000,00;;3000,00;95,20;2904,80;
WASHINGTON DE CARVALHO ESCOBAR;ASSESSORIA;ASSESSOR I;; CARGO COMISSION.S/VINCULO;5229,77;;5229,77;986,40;4243,37;
WIVIANNY FARIAS PEREIRA LACERDA;GABINETE;AGENTE PREVIDENCIARIO;ASSESSOR I AD-1; ESTATUTARIO;5000,00;;5000,00;403,55;4596,45;
YAEL CONCEICAO MENEZES DA CRUZ;DEPTO.DE ADM.E FINANCAS;PROFESSOR C3 ED-ESP-III;; ESTATUTARIO;9149,68;;9149,68;1818,24;7331,44;
