NOME;LOTACAO;CARGO;FUNCAO;VINCULO;REMUNERACAO LEGAL TOTAL(R$);DESC.TETO(R$); REMUNERACAO LEGAL DEVIDA(R$);DESCONTOS LEGAIS(R$);LIQUIDO DISPONIVEL(R$);
AMILTON BEZERRA GADELHA;GABINETE;DIRETOR PRESIDENTE;; CARGO COMISSION.S/VINCULO;11700,00;;11700,00;2746,25;8953,75;
ANA MILENA SOUZA MARULANDA;DEPTO.INDIGENA DES.SUSTENTAVEL;ASSESSOR III;; CARGO COMISSION.S/VINCULO;3191,80;;3191,80;407,12;2784,68;
BONIFACIO JOSE;ASSESSORIA;ASSESSOR I;; CARGO COMISSION.S/VINCULO;5229,77;;5229,77;776,45;4453,32;
CARLA CRISTINA SILVA MENDONCA;DEPTO.DE ADMINIST.E FINANCAS;ASSESSOR II;; CARGO COMISSION.S/VINCULO;4209,79;;4209,79;613,40;3596,39;
ESTEVAO LEMOS BARRETO;DEPTO.INDIGENA DES.SUSTENTAVEL;GERENTE;; CARGO COMISSION.S/VINCULO;4209,79;;4209,79;530,18;3679,61;
FABRICIO VIANA DA SILVA;DEPTO.DE ADMINIST.E FINANCAS;CHEFE DE DEPARTAMENTO;; CARGO COMISSION.S/VINCULO;5229,77;;5229,77;986,40;4243,37;
GETER CORREA CABRAL FILHO;DEPTO.INDIGENA DES.SUSTENTAVEL;CHEFE DE DEPARTAMENTO;CH.DEP.AD-1; CARGO COMISSION.S/VINCULO;5229,77;;5229,77;815,77;4414,00;
GILBERTO LINHARES MUNIZ;GABINETE;CHEFE DE GABINETE;; CARGO COMISSION.S/VINCULO;5229,77;;5229,77;986,40;4243,37;
GILBERTO LINHARES MUNIZ;DIRETORIA TECNICA;DIRETOR TECNICO;; CARGO COMISSION.S/VINCULO;12500,00;;12500,00;717,34;11782,66;
KARLENE SOBRINHO DA SILVA;DEPTO.DE ADMINIST.E FINANCAS;ASSESSOR III;; CARGO COMISSION.S/VINCULO;3191,80;;3191,80;407,12;2784,68;
KAYNÃ DE MENEZES PEREIRA;ASSESSORIA;ASSESSOR III;; CARGO COMISSION.S/VINCULO;3191,80;;3191,80;422,40;2769,40;
ORLANDO COELHO DA SILVA;DIRETORIA ADM-FINANCEIRA;DIRETOR ADMINISTRATIVO E FINANCEIRO;; CARGO COMISSION.S/VINCULO;9000,00;;9000,00;2003,75;6996,25;
RICARDO LAURENTINO KOBA;DIRETORIA ADM-FINANCEIRA;GERENTE;; CARGO COMISSION.S/VINCULO;4209,79;;4209,79;613,40;3596,39;
ROSA MARIA DOS ANJOS VIEIRA;DEPTO.INDIGENA DES.SUSTENTAVEL;ASSESSOR II;; CARGO COMISSION.S/VINCULO;4209,79;;4209,79;641,84;3567,95;
ROSE MEIRE BARBOSA CORRÊA;DIRETORIA TECNICA;DIRETOR TECNICO;; CARGO COMISSION.S/VINCULO;9000,00;;9000,00;2055,89;6944,11;
ROSE MEIRE BARBOSA CORREA;GABINETE;CHEFE DE GABINETE;; CARGO COMISSION.S/VINCULO;7263,56;;7263,56;256,78;7006,78;
ROSIBEL RODRIGUES E SILVA;DEPTO.INDIGENA DES.SUSTENTAVEL;GERENTE;; CARGO COMISSION.S/VINCULO;4209,79;;4209,79;641,84;3567,95;
SUZY EVELYN DE SOUZA E SILVA;PRODURADORIA JURIDICA;ASSESSOR I;; CARGO COMISSION.S/VINCULO;5229,77;;5229,77;943,74;4286,03;
VIELO DE MOURA LUNA;DEPTO.DE ADMINIST.E FINANCAS;ASSESSOR III;; CARGO COMISSION.S/VINCULO;3191,80;;3191,80;422,40;2769,40;
ZUZA DOS SANTOS CAVALCANTE;DEPTO.INDIGENA DES.SUSTENTAVEL;GERENTE;; CARGO COMISSION.S/VINCULO;8139,03;;8139,03;1819,12;6319,91;
