NOME;LOTACAO;CARGO;FUNCAO;VINCULO;REMUNERACAO LEGAL TOTAL(R$);DESC.TETO(R$); REMUNERACAO LEGAL DEVIDA(R$);DESCONTOS LEGAIS(R$);LIQUIDO DISPONIVEL(R$);
ABILIO LEITAO DA COSTA MACEDO;EFETIVOS;AGENTE PREVIDENCIARIO;AG. PREVIDENCIARIO; ESTATUTARIO;7250,74;;7250,74;1437,85;5812,89;
ADALBERTO DA COSTA BARRONCAS;CEDIDOS;A.OPE-I;ASSESSOR IIAMZ-5; ESTATUTARIO;6802,38;;6802,38;562,49;6239,89;
ADELSON MACIEL DANTAS;COMISSIONADOS;ASSESSOR I;ASSESSOR I - AMZ-6; CARGO COMISSION.S/VINCULO;10256,50;;10256,50;2236,42;8020,08;
ADINILSON COELHO CORDEIRO;EFETIVOS;AGENTE PREVIDENCIARIO;AG. PREVIDENCIARIO; ESTATUTARIO;9467,65;;9467,65;2099,64;7368,01;
ALAN CARDEC SOARES DA SILVA;CEDIDOS;A.TEC-II;COORDENADOR AMZ-3; ESTATUTARIO;6187,48;;6187,48;785,19;5402,29;
ALAN CYNARA BATISTA NASCIMENTO;EFETIVOS;AGENTE PREVIDENCIARIO;COORDENADOR AMZ-3; ESTATUTARIO;10250,74;;10250,74;2158,58;8092,16;
ALAN NASCIMENTO TEIXEIRA;EFETIVOS;AGENTE PREVIDENCIARIO;; ESTATUTARIO;7250,74;;7250,74;1489,99;5760,75;
ALBERMAR LINDALVA DAMASCENO POLARES;EFETIVOS;AGENTE PREVIDENCIARIO;AG. PREVIDENCIARIO; ESTATUTARIO;7250,74;;7250,74;1437,85;5812,89;
ALBERTO TELES CAVALCANTE NETO;EFETIVOS;AGENTE PREVIDENCIARIO;; ESTATUTARIO;7250,74;;7250,74;1281,44;5969,30;
ALINE DE ALBUQUERQUE WRIGHT;EFETIVOS;ADVOGADO;; ESTATUTARIO;11770,50;;11770,50;3041,24;8729,26;
ALOISIO DA COSTA FILGUEIRAS JUNIOR;EFETIVOS;ADVOGADO;; ESTATUTARIO;11770,50;;11770,50;2831,03;8939,47;
ANA CELIA ALENCAR BEZERRA;AMAZONPREV-ATIVOS;TEC. EM REGISTRO DE SAUDE 3A CLASSE;COORDENADOR AMZ-3; ESTATUTARIO;6420,97;;6420,97;883,27;5537,70;
ANA LUCIA SANTOS DA SILVA;CEDIDOS;A.TEC-II;; ESTATUTARIO;2951,82;;2951,82;156,10;2795,72;
ANA PAULA DOS SANTOS OZORIO;EFETIVOS;AGENTE PREVIDENCIARIO;AG, PREVIDENCIARIO; ESTATUTARIO;7250,74;;7250,74;1437,85;5812,89;
ANDRE LUIS BENTES DE SOUZA;EFETIVOS;AGENTE PREVIDENCIARIO;; ESTATUTARIO;7250,74;;7250,74;1437,85;5812,89;
ANDRE LUIZ MOUCO FERNANDES;EFETIVOS;ADVOGADO;GERENTE AMZ7; ESTATUTARIO;16770,50;;16770,50;4468,38;12302,12;
ANDRE RICARDO PINHEIRO MARTINS;EFETIVOS;AGENTE PREVIDENCIARIO;AG. PREVIDENCIARIO; ESTATUTARIO;7250,74;;7250,74;1385,71;5865,03;
ANETE FURTADO LIMA;EFETIVOS;AGENTE PREVIDENCIARIO;; ESTATUTARIO;6650,74;;6650,74;1489,99;5160,75;
ANNE KEITY TUPINAMBA DE C MENEZES;EFETIVOS;ADVOGADO;; ESTATUTARIO;11770,50;;11770,50;2989,10;8781,40;
ANTONIO DE JESUS ALVES PACIFICO;COMISSIONADOS;ASSESSOR III AMZ.4;; CARGO COMISSION.S/VINCULO;5664,00;;5664,00;934,98;4729,02;
ARCISE CAMARA DE ASSIS;EFETIVOS;AGENTE PREVIDENCIARIO;; ESTATUTARIO;7250,74;;7250,74;1489,99;5760,75;
AUDENOR GRANDES BELIDO;EFETIVOS;AGENTE PREVIDENCIARIO;COORDENADOR AMZ 3; ESTATUTARIO;10250,74;;10250,74;1896,23;8354,51;
BALDUINO GOMES CAMARA;EFETIVOS;AGENTE PREVIDENCIARIO;AG. PREVIDENCIARIO; ESTATUTARIO;7250,74;;7250,74;1437,85;5812,89;
BRUNO DAMASCENO COSTA NOVO;COMISSIONADOS;ASSESSOR I AMZ.6;; CARGO COMISSION.S/VINCULO;8704,00;;8704,00;1809,49;6894,51;
CAROLINE RETTO FROTA;EFETIVOS;ADVOGADO;; ESTATUTARIO;11770,50;;11770,50;3093,38;8677,12;
CHRISTIANO COSTA NOVO DE SENA;COMISSIONADOS;ASSESSOR I AMZ.6;; CARGO COMISSION.S/VINCULO;8704,00;;8704,00;1757,35;6946,65;
CHRISTOVAO CAVALCANTE ALVES;EFETIVOS;AGENTE PREVIDENCIARIO;AG. PREVIDENCIARIO; ESTATUTARIO;5920,59;;5920,59;843,95;5076,64;
CLAUDINEI SOARES;EFETIVOS;AGENTE PREVIDENCIARIO;AG. PREVIDENCIARIO; ESTATUTARIO;7250,74;;7250,74;1385,71;5865,03;
CLAUDIO MARCELO CARDIA PACHECO;EFETIVOS;AGENTE PREVIDENCIARIO;; ESTATUTARIO;7250,74;;7250,74;1437,85;5812,89;
CRISTIANE DE ANDRADE COURA MACIEL;COMISSIONADOS;ASSESSOR III;ASSESSOR III AMZ-4; CARGO COMISSION.S/VINCULO;5664,00;;5664,00;892,32;4771,68;
CYNTHIA MARIA REIS GONZALEZ;CEDIDOS;PROFESSOR PF20.MAG-VII;ASSESSOR III-AD-3; ESTATUTARIO;5664,00;;5664,00;646,27;5017,73;
DAYANA ESPERANCA DOS SANTOS;COMISSIONADOS;ASSISTENTE DA PRESIDENCIA AMZ. 2;; CARGO COMISSION.S/VINCULO;5190,67;;5190,67;788,12;4402,55;
EDISSANDRA OLIVEIRA GUIMARAES;EFETIVOS;AGENTE PREVIDENCIARIO;; ESTATUTARIO;6650,74;;6650,74;1437,85;5212,89;
EDIVANDER SOUZA DOS SANTOS;EFETIVOS;AGENTE PREVIDENCIARIO;AG. PREVIDENCIARIO; ESTATUTARIO;7250,74;;7250,74;1385,71;5865,03;
EMILY CASTELO BRANCO ENCARNACAO;EFETIVOS;ADVOGADO;ASSESSOR I AMZ-6; ESTATUTARIO;11770,50;;11770,50;2989,10;8781,40;
EUNICE PEREIRA DA SILVA;CEDIDOS;A.TEC-I;; ESTATUTARIO;4488,44;;4488,44;375,67;4112,77;
FABIO DE CARVALHO ROSA;EFETIVOS;AGENTE PREVIDENCIARIO;COORDENADOR AMZ-3; ESTATUTARIO;10250,74;;10250,74;2158,58;8092,16;
FABIO MARTINS RIBEIRO;EFETIVOS;ADVOGADO;; ESTATUTARIO;15494,00;;15494,00;4117,34;11376,66;
FLAVIA MARA MOREIRA COSTA ROCHA;COMISSIONADOS;ASSESSOR III;ASSESSOR III-AMZ-4; CARGO COMISSION.S/VINCULO;7352,00;;7352,00;1437,69;5914,31;
FLAVIANA GALUCIO ZOUMBOUNELOS;COMISSIONADOS;COORDENADOR;COORDENADOR-AMZ-3; CARGO COMISSION.S/VINCULO;6170,00;;6170,00;1106,60;5063,40;
FRANCISCO DE ASSIS SOUZA OLIVEIRA;COMISSIONADOS;ASS. DE DIRETORIA E GERENCIA AMZ. 1;; CARGO COMISSION.S/VINCULO;3436,00;;3436,00;358,46;3077,54;
GAL MONICA MARINHEIRO PEREIRA;COMISSIONADOS;ASS. DE DIRETORIA E GERENCIA AMZ. 1;; CARGO COMISSION.S/VINCULO;3436,00;;3436,00;358,46;3077,54;
GENECI BEHLING BETT;EFETIVOS;AGENTE PREVIDENCIARIO;; ESTATUTARIO;7516,77;;7516,77;1480,09;6036,68;
GIZA ALLEM NAZARE DE ANDRADE;COMISSIONADOS;GERENTE;GERENTE; CARGO COMISSION.S/VINCULO;10129,00;;10129,00;2366,36;7762,64;
GIZELE CORDOVIL MAIA;COMISSIONADOS;GERENTE;GERENTE; CARGO COMISSION.S/VINCULO;10729,00;;10729,00;2366,36;8362,64;
ISAIAS DE SOUZA CAVALCANTE;CEDIDOS;A.TEC-I;; ESTATUTARIO;4512,11;;4512,11;295,90;4216,21;
IVANILDO DA COSTA E SILVA;EFETIVOS;AGENTE PREVIDENCIARIO;AG. PREVIDENCIARIO; ESTATUTARIO;7250,74;;7250,74;1385,71;5865,03;
IZABEL ELEINA MOREIRA;EFETIVOS;AGENTE PREVIDENCIARIO;AG. PREVIDENCIARIO; ESTATUTARIO;9467,65;;9467,65;2099,64;7368,01;
JANIS LISANDRA BATISTA CRUZ;EFETIVOS;AGENTE PREVIDENCIARIO;AG. PREVIDENCIARIO; ESTATUTARIO;5920,59;;5920,59;886,61;5033,98;
JONATHAS CARREIRA MADEIRA JUNIOR;EFETIVOS;ADVOGADO;ADVOGADO; ESTATUTARIO;9536,40;;9536,40;2187,66;7348,74;
JORGE PIETRO RODRIGUES DE ARAUJO;EFETIVOS;AGENTE PREVIDENCIARIO;AG. PREVIDENCIARIO; ESTATUTARIO;5920,59;;5920,59;971,92;4948,67;
JOSE ANTONIO L SENHORAES;CEDIDOS;MOT-I;; ESTATUTARIO;4418,69;;4418,69;337,62;4081,07;
JOSE EMERSON CAMPOS RODRIGUES;EFETIVOS;AGENTE PREVIDENCIARIO;AG. PREVIDENCIARIO; ESTATUTARIO;5920,59;;5920,59;1018,12;4902,47;
LEONARDO ALMEIDA DE S CAVALCANTI;EFETIVOS;AGENTE PREVIDENCIARIO;GERENTE AMZ-7; ESTATUTARIO;12250,74;;12250,74;2760,71;9490,03;
LIGIA DA SILVA BARROS;COFIS;MEMBRO DE CONSELHO;VICE PRES CONS FISC; CARGO COMISSION.S/VINCULO;936,00;;936,00;;936,00;
LUCIANE BARROS DE SOUZA;EFETIVOS;ADVOGADO;ADVOGADO; ESTATUTARIO;11770,50;;11770,50;3041,24;8729,26;
LUIZ CARLOS REGO FREITAS;EFETIVOS;AGENTE PREVIDENCIARIO;AG. PREVIDENCIARIO; ESTATUTARIO;5920,59;;5920,59;869,37;5051,22;
LUIZ ROMULO PESSOA PEGADO;CEDIDOS;A.TEC-I;; ESTATUTARIO;4289,98;;4289,98;256,39;4033,59;
MANOEL FERREIRA LIMA JUNIOR;EFETIVOS;AGENTE PREVIDENCIARIO;COORDENADOR AMZ-3; ESTATUTARIO;10250,74;;10250,74;2210,71;8040,03;
MARCELO MORAES CASTELLO BRANCO;CONAD;MEMBRO DE CONSELHO;MEMBRO.CONS.ADM.; CARGO COMISSION.S/VINCULO;1170,00;;1170,00;;1170,00;
MARCELO SOARES CAVALCANTE;EFETIVOS;AGENTE PREVIDENCIARIO;AG. PREVIDENCIARIO; ESTATUTARIO;7250,74;;7250,74;1385,71;5865,03;
MARCIO RYS MEIRELLES DE MIRANDA;CODIR;DIRETOR PRESIDENTE;; CARGO COMISSION.S/VINCULO;12300,00;;12300,00;2798,39;9501,61;
MARCO ANTONIO OLIVEIRA DE ARAUJO;COMISSIONADOS;ASSESSOR I AMZ.6;; CARGO COMISSION.S/VINCULO;8704,00;;8704,00;1757,35;6946,65;
MARCOS HOMERO XAVIER VENTILARI;EFETIVOS;AGENTE PREVIDENCIARIO;AG. PREVIDENCIARIO; ESTATUTARIO;7250,74;;7250,74;1385,71;5865,03;
MARIA ADELAIDE RIBEIRO CRUZ;CODIR;AGENTE PREVIDENCIARIO;DIRETOR ADM E FINANC; ESTATUTARIO;15616,77;;15616,77;3462,56;12154,21;
MARIA DA CONCEICAO GUERREIRO SILVA;CONAD;MEMBRO DE CONSELHO;MEMBRO.CONS.ADM.; CARGO COMISSION.S/VINCULO;1170,00;312,71;857,29;;857,29;
MARIA DAS GRACAS VALENTE AMERICO;COMISSIONADOS;ASS. DE DIRETORIA E GERENCIA AMZ. 1;; CARGO COMISSION.S/VINCULO;3436,00;;3436,00;358,46;3077,54;
MARIA EDNA ALVES DA COSTA;CEDIDOS;A.TEC-I;; ESTATUTARIO;4492,70;;4492,70;376,67;4116,03;
MARIA LUCIA LIMA DUTRA;EFETIVOS;AGENTE PREVIDENCIARIO;AG. PREVIDENCIARIO; ESTATUTARIO;7250,74;;7250,74;1489,99;5760,75;
MARLENE AMANCIO DO AMARAL;CEDIDOS;A.TEC-I;; ESTATUTARIO;4502,41;;4502,41;378,95;4123,46;
MARTA REGINA OLIVEIRA DE FARIAS;CEDIDOS;A.TEC-II;ASSIST.TéCNICO II; ESTATUTARIO;4225,00;;4225,00;294,52;3930,48;
MARTHA DUTRA GADELHA DE ALBUQUERQUE;COFIS;MEMBRO DE CONSELHO;MEMBRO CONS.FISCAL; CARGO COMISSION.S/VINCULO;936,00;;936,00;;936,00;
MARY JANE MATTUTE SILVA;COMISSIONADOS;GERENTE;GERENTE; CARGO COMISSION.S/VINCULO;10729,00;;10729,00;2262,09;8466,91;
MOISES DA SILVA MENEZES;EFETIVOS;ADVOGADO;ADVOGADO; ESTATUTARIO;11770,50;;11770,50;2780,56;8989,94;
NEILDO ROSAS DE LIMA;CEDIDOS;VIGIA-I;; ESTATUTARIO;4177,31;;4177,31;148,25;4029,06;
NELCI CAVALCANTE TOME;COMISSIONADOS;COORDENADOR;COORDENADOR-AMZ-3; CARGO COMISSION.S/VINCULO;6170,00;;6170,00;921,33;5248,67;
PRISCILLA TEIXEIRA FREIRE;EFETIVOS;AGENTE PREVIDENCIARIO;AG. PREVIDENCIARIO; ESTATUTARIO;6650,74;;6650,74;1489,99;5160,75;
RAIMUNDO NONATO PEREIRA DE AGUIAR;EFETIVOS;AGENTE PREVIDENCIARIO;AG. PREVIDENCIARIO; ESTATUTARIO;7250,74;;7250,74;1385,71;5865,03;
RAQUEL COELHO CAMARDELLA;COMISSIONADOS;ASS. DE DIRETORIA E GERENCIA AMZ. 1;; CARGO COMISSION.S/VINCULO;3436,00;;3436,00;358,46;3077,54;
RAWLISON THALES MARTINS NASCIMENTO;EFETIVOS;AGENTE PREVIDENCIARIO;AG. PREVIDENCIARIO; ESTATUTARIO;7250,74;;7250,74;1385,71;5865,03;
RENIZIO DE OLIVEIRA FERREIRA;EFETIVOS;AGENTE PREVIDENCIARIO;; ESTATUTARIO;7250,74;;7250,74;1437,85;5812,89;
RICLEITON WALLACE PEDROSO BATISTA;EFETIVOS;AGENTE PREVIDENCIARIO;; ESTATUTARIO;7250,74;;7250,74;997,55;6253,19;
RILMA FERREIRA DA COSTA;EFETIVOS;AGENTE PREVIDENCIARIO;ASSESSOR III AMZ-4; ESTATUTARIO;8750,74;;8750,74;1850,35;6900,39;
ROBERVANE MORAES DE MELLO COMPTON;EFETIVOS;AGENTE PREVIDENCIARIO;AG. PREVIDENCIARIO; ESTATUTARIO;7250,74;;7250,74;1385,71;5865,03;
ROBSON SORIA NEGREIROS;EFETIVOS;AGENTE PREVIDENCIARIO;; ESTATUTARIO;7250,74;;7250,74;1437,85;5812,89;
RONALDO ROSALINO JUNIOR;EFETIVOS;AGENTE PREVIDENCIARIO;AG. PREVIDENCIARIO; ESTATUTARIO;7250,74;;7250,74;1489,99;5760,75;
SERGIO FERREIRA NETO;EFETIVOS;AGENTE PREVIDENCIARIO;; ESTATUTARIO;7250,74;;7250,74;1489,99;5760,75;
SID ALVES DA SILVA GUILHERME;EFETIVOS;ADVOGADO;; ESTATUTARIO;11770,50;;11770,50;3093,38;8677,12;
SIMELBE CARNEIRO FURTADO;EFETIVOS;AGENTE PREVIDENCIARIO;; ESTATUTARIO;7250,74;;7250,74;1437,85;5812,89;
VALDIR RODRIGUES BARBOSA;CONAD;MEMBRO DE CONSELHO;MEMBRO.CONS.ADM.; CARGO COMISSION.S/VINCULO;1170,00;684,90;485,10;;485,10;
VANDER LAAN REIS GOES;CONAD;MEMBRO DE CONSELHO;MEMBRO.CONS.ADM.; CARGO COMISSION.S/VINCULO;1170,00;;1170,00;;1170,00;
WANDER ARAUJO MOTTA;CONAD;MEMBRO DE CONSELHO;VICE-PRES CONS.ADM.; CARGO COMISSION.S/VINCULO;1170,00;;1170,00;;1170,00;
WELLINGTON GUIMARAES BENTES;EFETIVOS;AGENTE PREVIDENCIARIO;; ESTATUTARIO;7250,74;;7250,74;1489,99;5760,75;
WILZA DO NASCIMENTO MOREIRA;COMISSIONADOS;ASS. DE DIRETORIA E GERENCIA AMZ. 1;; CARGO COMISSION.S/VINCULO;3436,00;;3436,00;358,46;3077,54;
WIVIANNY FARIAS PEREIRA LACERDA;EFETIVOS;AGENTE PREVIDENCIARIO;; ESTATUTARIO;5320,59;;5320,59;929,26;4391,33;
ZIRLEY RAMOS AQUINO;EFETIVOS;AGENTE PREVIDENCIARIO;AG. PREVIDENCIARIO; ESTATUTARIO;7250,74;;7250,74;1489,99;5760,75;
