NOME;LOTACAO;CARGO;FUNCAO;VINCULO;REMUNERACAO LEGAL TOTAL(R$);DESC.TETO(R$); REMUNERACAO LEGAL DEVIDA(R$);DESCONTOS LEGAIS(R$);LIQUIDO DISPONIVEL(R$);
ADRIANO DA SILVA DIAS;AGENCIA DE REPRES.PROM.DO AM;ASSESSOR III;; CARGO COMISSION.S/VINCULO;3191,80;;3191,80;422,40;2769,40;
ANDRE AFONSO MATOS;AGENCIA DE REPRES.PROM.DO AM;ASSESSOR III;; CARGO COMISSION.S/VINCULO;4131,59;;4131,59;286,53;3845,06;
JOSE FELIX PEREIRA VALOZ JUNIOR;AGENCIA DE REPRES.PROM.DO AM;ASSESSOR TECNICO;; CARGO COMISSION.S/VINCULO;7000,00;;7000,00;1505,89;5494,11;
LEILA CRISTINE DE OLIVEIRA COELHO;AGENCIA DE REPRES.PROM.DO AM;CHEFE DE GABINETE;; CARGO COMISSION.S/VINCULO;4229,77;;4229,77;676,15;3553,62;
LUIZ CARLOS GONCALVES;AGENCIA DE REPRES.PROM.DO AM;TNS-I;MOT.DO SECRETARIO; ESTATUTARIO;3658,12;;3658,12;376,08;3282,04;
MARCIO ROBERTO DA SILVA;AGENCIA DE REPRES.PROM.DO AM;ASSESSOR II;; CARGO COMISSION.S/VINCULO;3209,79;;3209,79;426,78;2783,01;
PAULO SANDRO DA SILVA SOARES;AGENCIA DE REPRES.PROM.DO AM;CHEFE DE DEPARTAMENTO;; CARGO COMISSION.S/VINCULO;7054,72;;7054,72;216,54;6838,18;
RAFAEL BARROS SIMÕES;AGENCIA DE REPRES.PROM.DO AM;ASSESSOR III;; CARGO COMISSION.S/VINCULO;6383,60;;6383,60;1336,38;5047,22;
ROCINEIDE MARIA VENANCIO DA SILVA;AGENCIA DE REPRES.PROM.DO AM;AUX.O-I;ASSESSOR I AD-1; ESTATUTARIO;7822,53;;7822,53;1292,67;6529,86;
ROSILIANE CANTISANI BESSA;GABINETE DO SECRETARIO;CHEFE DE ESCRITOR.DE REPRESENTACAO;; CARGO COMISSION.S/VINCULO;13500,00;;13500,00;3293,39;10206,61;
ROSINETE VENANCIO DA SILVA;AGENCIA DE REPRES.PROM.DO AM;ASSESSOR I AD-1;; CARGO COMISSION.S/VINCULO;18561,92;;18561,92;4685,41;13876,51;
SANDRA ANDREA DA COSTA RIBEIRO;AGENCIA DE REPRES.PROM.DO AM;ASSESSOR I;; CARGO COMISSION.S/VINCULO;4229,77;;4229,77;676,15;3553,62;
TADEU LUIS RODRIGUES MATSUNAGA;AGENCIA DE REPRES.PROM.DO AM;ASSESSOR TECNICO;; CARGO COMISSION.S/VINCULO;7000,00;;7000,00;1505,89;5494,11;
VERUSCA KUROKI CRUZ;AGENCIA DE REPRES.PROM.DO AM;CHEFE DE DEPARTAMENTO;; CARGO COMISSION.S/VINCULO;15689,31;;15689,31;3895,45;11793,86;
