NOME;LOTACAO;CARGO;FUNCAO;VINCULO;REMUNERACAO LEGAL TOTAL(R$);DESC.TETO(R$); REMUNERACAO LEGAL DEVIDA(R$);DESCONTOS LEGAIS(R$);LIQUIDO DISPONIVEL(R$);
ABIGAIL DE SOUZA PICANCO;DIRETORIA TECNICA;TEC. DE HEMOTERAP.-THE-P.S.N.M.-C;; ESTATUTARIO;2641,30;;2641,30;244,34;2396,96;
ADEMILDES CARDOSO DE FREITAS;DIRETORIA TECNICA;TEC.DE HEMOTERAP.-THE-P.S.N.M.-A;; ESTATUTARIO;2370,51;;2370,51;214,56;2155,95;
ADILASIA DE JESUS SANTOS ARAUJO;DIRETORIA TECNICA;TEC. DE ENFERMAGEM-TEN-P.S.N.M.-A;; ESTATUTARIO;2370,51;;2370,51;214,56;2155,95;
ADRIANA DE MOURA ROCHA CORDEIRO;DIRETORIA TECNICA;FARMAC.BIOQ. -FAB-P.S.N.S.-A;FARM.BIOQUIMICO; ESTATUTARIO;6117,83;;6117,83;1151,94;4965,89;
ADRIANA EMIDIO DA SILVA;DIRETORIA ADM. FINANCEIRO;GERENTE;GERENTE; CARGO COMISSION.S/VINCULO;4513,27;;4513,27;585,03;3928,24;
AIANA CARULINE KRAMER DA SILVA;DIRETORIA TECNICA;TEC.DE HEMOTERAP.-THE-P.S.N.M.-A;; ESTATUTARIO;2370,51;;2370,51;214,56;2155,95;
ALAN SILVA SANTA BRIGIDA;DIRETORIA ADM. FINANCEIRO;MOTORISTA-MOT-T.S.N.A.-A;; ESTATUTARIO;2177,75;;2177,75;193,35;1984,40;
ALCINEIDE PEREIRA DE VASCONCELOS;DIRETORIA TECNICA;TEC.DE PAT.CLINICA-TPC-P.S.N.M.-A;TEC ENF; ESTATUTARIO;2370,51;;2370,51;214,56;2155,95;
ALCINEIDE PEREIRA DE VASCONCELOS;DIRETORIA TECNICA;TECNICO DE PATOLOGIA CLINICA A;; ESTATUTARIO;1950,51;;1950,51;214,56;1735,95;
ALDENICE FARIAS LOPES;DIRETORIA TECNICA;TEC. DE ENFERMAGEM-TEN-P.S.N.M.-A;; ESTATUTARIO;1950,51;;1950,51;214,56;1735,95;
ALDENOR LOPES DE OLIVEIRA;DIRETORIA TECNICA;TEC.DE HEMOTERAP.-THE-P.S.N.M.-A;; ESTATUTARIO;2370,51;;2370,51;214,56;2155,95;
ALDENOR LOPES DE OLIVEIRA;DIRETORIA TECNICA;TEC. DE HEMOTERAP.-THE-P.S.N.M.-C;; ESTATUTARIO;2188,32;;2188,32;240,72;1947,60;
ALESSANDRA FERREIRA DE ARAUJO;DIRETORIA TECNICA;CHEFE DE DEPARTAMENTO;; CARGO COMISSION.S/VINCULO;8520,00;;8520,00;1808,39;6711,61;
ALESSANDRO DA SILVA CALADO;DIRETORIA TECNICA;ASSESSOR IV;; CARGO COMISSION.S/VINCULO;2901,24;;2901,24;249,85;2651,39;
ALEXANDRE FELIPE BASTOS SAMPAIO;DIRETORIA ADM. FINANCEIRO;AGENTE ADM.-AGA-T.S.N.A.-E;AGENTE ADMINISTRAT.; ESTATUTARIO;2000,48;;2000,48;173,85;1826,63;
ALMEDINO RIBEIRO PEREIRA FILHO;DIRETORIA TECNICA;TEC. DE ENFERMAGEM-TEN-P.S.N.M.-A;; ESTATUTARIO;2370,51;;2370,51;214,56;2155,95;
ALTAMIR FREITAS LIMA;DIRETORIA ADM. FINANCEIRO;MOTORISTA-MOT-T.S.N.A.-C;; ESTATUTARIO;2474,03;;2474,03;225,94;2248,09;
ALTAMIR IGNACIO CARDOSO;DIRETORIA TECNICA;ADMINISTRADOR ADM.T.S.N.S.-B;GERENTE; ESTATUTARIO;9386,70;;9386,70;1836,17;7550,53;
ALTEMIR DE SOUZA RODRIGUES;DIRETORIA TECNICA;TEC.DE HEMOTERAP.-THE-P.S.N.M.-A;TEC HEMOTER; ESTATUTARIO;2539,55;;2539,55;225,86;2313,69;
AMARILIS DA SILVA CORREA;DIRETORIA TECNICA;ENFERMEIRO A;ENFERMEIRO; ESTATUTARIO;5896,43;;5896,43;1021,27;4875,16;
AMAURIZEN BAYMA FADUL;DIRETORIA ADM. FINANCEIRO;GERENTE;; CARGO COMISSION.S/VINCULO;4513,27;;4513,27;641,90;3871,37;
AMY PIRES DO NASCIMENTO;DIRETORIA TECNICA;TEC. DE HEMOTERAP.-THE-P.S.N.M.-C;GERENTE; ESTATUTARIO;6641,30;;6641,30;1018,64;5622,66;
ANA ANGELICA DA SILVA OLIVEIRA;DIRETORIA TECNICA;TEC. DE HEMOTERAP.-THE-P.S.N.M.-C;; ESTATUTARIO;2788,00;;2788,00;267,36;2520,64;
ANA CLAUDIA TEIXEIRA DE S VIAPIANA;DIRETORIA TECNICA;FARMAC.BIOQ. -FAB-P.S.N.S.-A;; ESTATUTARIO;7721,91;;7721,91;1575,41;6146,50;
ANA CRISTINA DAS CHAGAS SENA;DIRETORIA TECNICA;TECNICO-TEC-T.S.N.S.-C;; ESTATUTARIO;5891,01;;5891,01;917,24;4973,77;
ANA CRISTINA HAYASHIDA;DIRETORIA TECNICA;ASSIST.SOC.ASS-P.S.N.S.-CL.C;; ESTATUTARIO;6956,86;;6956,86;1397,45;5559,41;
ANA GALDINA DOS REIS MENDES;DIRETORIA TECNICA;MEDICO ESPECIALISTA;; ESTATUTARIO;7504,68;;7504,68;1612,40;5892,28;
ANA KEDMA CHAVES PACHECO BRAZ;DIRETORIA TECNICA;MEDICO ESPECIALISTA;; ESTATUTARIO;8051,09;;8051,09;1805,93;6245,16;
ANDRE ALCANTARINO DOS SANTOS;DIRETORIA TECNICA;TEC. DE ENFERMAGEM-TEN-P.S.N.M.-A;TEC.DE ENFERMAGEM; ESTATUTARIO;2370,51;;2370,51;214,56;2155,95;
ANDREA CRISTINA DE CARVALHO DIXO;DIRETORIA TECNICA;GERENTE;; CARGO COMISSION.S/VINCULO;5877,69;;5877,69;1066,75;4810,94;
ANDREA SILVA DE MENEZES;DIRETORIA TECNICA;TEC. DE ENFERMAGEM-TEN-P.S.N.M.-A;; ESTATUTARIO;2370,51;;2370,51;214,56;2155,95;
ANDREIA FIGUEIREDO DE ASSIS;DIRETORIA TECNICA;TEC.DE HEMOTERAP.-THE-P.S.N.M.-A;; ESTATUTARIO;2370,51;;2370,51;214,56;2155,95;
ANETE BRITO DE PAIVA;DIRETORIA TECNICA;TEC.DE HEMOTERAP.-THE-P.S.N.M.-A;TEC HEMOTER; ESTATUTARIO;2473,31;;2473,31;225,86;2247,45;
ANGELA GORTZ FERREIRA;DIRETORIA TECNICA;TEC.DE HEMOTERAP.-THE-P.S.N.M.-A;; ESTATUTARIO;2370,51;;2370,51;214,56;2155,95;
ANGELA LUCIA CARVALHO DE ANDRADE;DIRETORIA TECNICA;TEC. DE HEMOTERAP.-THE-P.S.N.M.-D;; ESTATUTARIO;2739,12;;2739,12;267,10;2472,02;
ANTONIA LIOMAR PINHEIRO DE CARVALHO;DIRETORIA TECNICA;TECNICO DE ENFERMAGEM A;TEC.ENFERMAGEM; SERVICO TEMPORARIO;2370,51;;2370,51;175,54;2194,97;
ANTONIO PADUA DE ARAUJO GUERRA;DIRETORIA ADM. FINANCEIRO;MOTORISTA-MOT-T.S.N.A.-A;; ESTATUTARIO;2177,75;;2177,75;193,35;1984,40;
ARANY CAMPOS SALAZAR;DIRETORIA TECNICA;ENFERMEIRO-ENF-P.S.N.S.-A;; ESTATUTARIO;5896,43;;5896,43;1073,41;4823,02;
ARLETE ALEME DA CRUZ SOARES;DIRETORIA TECNICA;TEC. DE ENFERMAGEM-TEN-P.S.N.M.-B;; ESTATUTARIO;2575,89;;2575,89;237,15;2338,74;
ASSISNETE ALVES SANTIAGO;DIRETORIA TECNICA;TEC. DE HEMOTERAP.-THE-P.S.N.M.-C;; ESTATUTARIO;2608,32;;2608,32;240,72;2367,60;
BARBARA CRISTINA DERZI A RODRIGUES;DIRETORIA ADM. FINANCEIRO;AGENTE ADMINISTRATIVO A - N.B.;SUBGERENTE; ESTATUTARIO;4957,89;;4957,89;516,00;4441,89;
BRUNA FERNANDA LIMA DE SOUZA;DIRETORIA TECNICA;TECNICO DE HEMOTERAPIA A;; ESTATUTARIO;2354,73;;2354,73;212,82;2141,91;
CARLA CRISTINA DA SILVA NAZARETH;DIRETORIA TECNICA;PSICOLOGO-PSI-P.S.N.S.-A;PSICOLOGO; ESTATUTARIO;6271,53;;6271,53;1206,47;5065,06;
CARLOS ALBERTO DO VALE COSTA;DIRETORIA ADM. FINANCEIRO;MOTORISTA-MOT-T.S.N.A.-A;MOTORISTA 1 CLASSE; ESTATUTARIO;2231,54;;2231,54;199,27;2032,27;
CARLOS HUMBERTO C O RAMALHO;DIRETORIA TECNICA;PSICOLOGO-PSI-P.S.N.S.-A;PSICOLOGO; ESTATUTARIO;6271,53;;6271,53;1206,47;5065,06;
CELI CHRISTINA PEIXOTO SOARES;DIRETORIA TECNICA;TEC. DE ENFERMAGEM-TEN-P.S.N.M.-A;; ESTATUTARIO;2370,51;;2370,51;214,56;2155,95;
CELIA MORAES DOS SANTOS;DIRETORIA TECNICA;TEC.DE PAT.CLINICA-TPC-P.S.N.M.-A;TEC.DE PATOL.CLINICA; ESTATUTARIO;2473,31;;2473,31;225,86;2247,45;
CELIA REGINA DE OLIVEIRA LOPES;DIRETORIA ADM. FINANCEIRO;AGENTE ADM.-AGA-T.S.N.A.-H;; ESTATUTARIO;2269,17;;2269,17;203,41;2065,76;
CELIO RICARDO SALES;DIRETORIA TECNICA;TEC.DE HEMOTERAP.-THE-P.S.N.M.-A;TECNICO HEMOTERAPIA; ESTATUTARIO;2476,93;;2476,93;220,08;2256,85;
CHRISTIANE SANTANA DE MELO USUI;DIRETORIA TECNICA;FARMAC.BIOQ. -FAB-P.S.N.S.-A;; ESTATUTARIO;6531,38;;6531,38;1194,38;5337,00;
CHURCHILL ADOLPHUS GIBBS DOS SANTOS;DIRETORIA ADM. FINANCEIRO;MOTORISTA-MOT-T.S.N.A.-A;; ESTATUTARIO;2308,25;;2308,25;205,46;2102,79;
CILENE PINHEIRO CAMPOS;DIRETORIA TECNICA;TEC.DE HEMOTERAP.-THE-P.S.N.M.-A;TEC. DE HEMOTERAPIA; ESTATUTARIO;2473,31;;2473,31;225,86;2247,45;
CINTHIA CRISTINA M E X ALBUQUERQUE;DIRETORIA TECNICA;MEDICO ESPECIALISTA;GERENTE AD-2; ESTATUTARIO;12483,77;;12483,77;3004,64;9479,13;
CINTIA ANDRADE FERREIRA;DIRETORIA TECNICA;TEC.DE HEMOTERAP.-THE-P.S.N.M.-A;; ESTATUTARIO;2370,51;;2370,51;214,56;2155,95;
CINTIA CARVALHO ALVES;DIRETORIA TECNICA;ENFERMEIRO-ENF-P.S.N.S.-A;; ESTATUTARIO;5963,23;;5963,23;1091,78;4871,45;
CIRO ATALO DA SILVA BENARROS;DIRETORIA ADM. FINANCEIRO;AGENTE ADM.-AGA-T.S.N.A.-E;; ESTATUTARIO;1957,89;;1957,89;169,17;1788,72;
CLAUDIA DA COSTA MARTINS;DIRETORIA TECNICA;TEC.DE HEMOTERAP.-THE-P.S.N.M.-B;; ESTATUTARIO;2592,04;;2592,04;238,92;2353,12;
CLAUDIA MARIA DE MOURA ABRAHIM;DIRETORIA TECNICA;FARMAC.BIOQ. -FAB-P.S.N.S.-B;GERENTE; ESTATUTARIO;10355,05;;10355,05;2336,10;8018,95;
CLEBER NUNES ALEXANDRE;DIRETORIA TECNICA;CIR.DENT.-CCRD-P.S.N.S.-A;CIRURGIAO DENTISTA; ESTATUTARIO;6117,83;;6117,83;1151,94;4965,89;
CRISTIANE FERREIRA MELO;DIRETORIA TECNICA;ENFERMEIRO-ENF-P.S.N.S.-A;; ESTATUTARIO;5896,43;;5896,43;1073,41;4823,02;
CRISTIANE RODRIGUES BANDEIRA;DIRETORIA TECNICA;TEC.DE HEMOTERAP.-THE-P.S.N.M.-A;; ESTATUTARIO;2370,51;;2370,51;214,56;2155,95;
CRISTINA MOTTA FERREIRA;DIRETORIA TECNICA;FARMAC.BIOQ. -FAB-P.S.N.S.-C;; ESTATUTARIO;7298,90;;7298,90;1466,66;5832,24;
CRISTINA MUNIZ SERRA;DIRETORIA TECNICA;ASSIST.SOC.ASS-P.S.N.S.-CL.B;; ESTATUTARIO;6382,43;;6382,43;1394,81;4987,62;
CRISTINA MUNIZ SERRA;DIRETORIA TECNICA;ASSIST.SOC.ASS-P.S.N.S.-CL.A;ASSISTENTE SOCIAL; ESTATUTARIO;6117,83;;6117,83;1151,94;4965,89;
CRISTINA RABELLO MESQUITA;DIRETORIA TECNICA;MEDICO ESPECIALISTA;; ESTATUTARIO;7504,68;;7504,68;1612,40;5892,28;
CRISTOVAO RIBEIRO DE ALMEIDA;DIRETORIA TECNICA;TECNICO EM CONTABILIDADE;; ESTATUTARIO;2417,42;;2417,42;201,21;2216,21;
CYNARA MELO GATO;DIRETORIA TECNICA;TEC. DE HEMOTERAP.-THE-P.S.N.M.-C;; ESTATUTARIO;2608,32;;2608,32;240,72;2367,60;
CYNTHIA RUBIA DA SILVA E SILVA;DIRETORIA TECNICA;TEC. DE ENFERMAGEM-TEN-P.S.N.M.-A;; ESTATUTARIO;2403,71;;2403,71;214,56;2189,15;
DALVANE RODRIGUES FROES;DIRETORIA ADM. FINANCEIRO;ASSIST.ADMIN.-ASA-T.S.N.M.-A;; ESTATUTARIO;2070,43;;2070,43;181,55;1888,88;
DANIELLE BARRETO DE ALMEIDA;DIRETORIA TECNICA;TEC. DE ENFERMAGEM-TEN-P.S.N.M.-A;; ESTATUTARIO;2370,51;;2370,51;214,56;2155,95;
DARLENE RIBEIRO DA SILVA FASONE;DIRETORIA TECNICA;ENFERMEIRO-ENF-P.S.N.S.-A;; ESTATUTARIO;5896,43;;5896,43;1073,41;4823,02;
DILCIANE SANTOS IHARA;DIRETORIA TECNICA;TEC. DE ENFERMAGEM-TEN-P.S.N.M.-A;; ESTATUTARIO;2370,51;;2370,51;214,56;2155,95;
DILENA DA SILVA PINHEIRO;DIRETORIA TECNICA;TEC. DE HEMOTERAP.-THE-P.S.N.M.-C;; ESTATUTARIO;2656,90;;2656,90;246,06;2410,84;
DINAIR SILVA DOS SANTOS;DIRETORIA TECNICA;TEC. DE ENFERMAGEM-TEN-P.S.N.M.-A;TEC.DE ENFERMAGEM; ESTATUTARIO;2473,31;;2473,31;225,86;2247,45;
DIONI LIZA BIONDO RIBEIRO;DIRETORIA TECNICA;MEDICO ESPECIALISTA;; ESTATUTARIO;7843,24;;7843,24;1625,96;6217,28;
DJANEIDE RODRIGUES CASAS;DIRETORIA TECNICA;TECNICO DE SAUDE 3A CLASSE;; ESTATUTARIO;5755,09;;5755,09;802,71;4952,38;
EDILZA RODRIGUES LIMA;DIRETORIA TECNICA;TEC. DE HEMOTERAP.-THE-P.S.N.M.-C;; ESTATUTARIO;2641,30;;2641,30;244,34;2396,96;
EDINA MARIA ALVES DE OLIVEIRA;DIRETORIA TECNICA;TEC. DE HEMOTERAP.-THE-P.S.N.M.-C;; ESTATUTARIO;2707,22;;2707,22;254,76;2452,46;
EDINEZ MARIA VASCONCELOS DE MENEZES;DIRETORIA TECNICA;AUXILIAR DE ENFERMAGEM A;; ESTATUTARIO;2076,42;;2076,42;182,21;1894,21;
EDIVALDO DA SILVA;DIRETORIA TECNICA;MEDICO ESPECIALISTA;; ESTATUTARIO;8710,37;;8710,37;1422,97;7287,40;
EDIVALDO DA SILVA;DIRETORIA TECNICA;MEDICO ESPECIALISTA;; ESTATUTARIO;8370,74;;8370,74;1393,44;6977,30;
EDMARINA BEZERRA CABRAL;DIRETORIA ADM. FINANCEIRO;AGENTE ADM.-AGA-T.S.N.A.-G;; ESTATUTARIO;2255,43;;2255,43;201,90;2053,53;
EDNA MARIA TAVARES DE FREITAS;DIRETORIA TECNICA;TEC. DE ENFERMAGEM-TEN-P.S.N.M.-A;TEC.DE ENFERMAGEM; ESTATUTARIO;2370,51;;2370,51;214,56;2155,95;
EDSON JESUS DA SILVA;DIRETORIA ADM. FINANCEIRO;AUX.DE SERV.GER.-ASG-T.S.N.A.-D;; ESTATUTARIO;2337,77;;2337,77;201,24;2136,53;
EDUARDO LUIZ DO NASCIMENTO;DIRETORIA ADM. FINANCEIRO;GERENTE;GERENTE AD-2; CARGO COMISSION.S/VINCULO;4513,27;;4513,27;641,90;3871,37;
ELAINE CRISTINA GOMES DOS SANTOS;DIRETORIA ADM. FINANCEIRO;AGENTE ADM.-AGA-T.S.N.A.-E;AGENTE ADM; ESTATUTARIO;2000,48;;2000,48;173,85;1826,63;
ELAINE VIEIRA LIMA;DIRETORIA ADM. FINANCEIRO;AGENTE ADM.-AGA-T.S.N.A.-G;; ESTATUTARIO;2867,24;;2867,24;213,28;2653,96;
ELBA CLEY CORDEIRO DO COUTO;DIRETORIA TECNICA;MEDICO ESPECIALISTA;CHEFE DE DEPARTAMETO; ESTATUTARIO;13103,74;;13103,74;3199,28;9904,46;
ELBA CLEY CORDEIRO DO COUTO;DIRETORIA TECNICA;MEDICO ESPECIALISTA;; ESTATUTARIO;7084,68;;7084,68;1612,40;5472,28;
ELCY FIGUEIREDO COELHO;DIRETORIA TECNICA;TEC. DE HEMOTERAP.-THE-P.S.N.M.-C;SUBGERENTE; ESTATUTARIO;5641,30;;5641,30;600,05;5041,25;
ELEILZA MARIA GUIMARAES DOS SANTOS;DIRETORIA ADM. FINANCEIRO;AGENTE ADM.-AGA-T.S.N.A.-G;; ESTATUTARIO;2197,56;;2197,56;177,35;2020,21;
ELENE RAIMUNDA DE SOUZA SANTOS;DIRETORIA TECNICA;TEC. DE ENFERMAGEM-TEN-P.S.N.M.-A;TEC DE ENF A; ESTATUTARIO;2420,77;;2420,77;220,08;2200,69;
ELEONORA DE ALENCAR ALVES ARAUJO;DIRETORIA TECNICA;ASSIST.SOC.ASS-P.S.N.S.-CL.B;SUBGERENTE; ESTATUTARIO;9802,43;;9802,43;2219,81;7582,62;
ELIANA DA COSTA MEDEIROS;DIRETORIA TECNICA;TEC.DE HEMOTERAP.-THE-P.S.N.M.-A;; ESTATUTARIO;3020,68;;3020,68;250,72;2769,96;
ELIANA DE OLIVEIRA COELHO;DIRETORIA TECNICA;ENFERMEIRO-ENF-P.S.N.S.-A;; ESTATUTARIO;5896,43;;5896,43;1073,41;4823,02;
ELIELZA SANTOS ALENCAR;DIRETORIA TECNICA;TEC.DE HEMOTERAP.-THE-P.S.N.M.-A;; ESTATUTARIO;1950,51;;1950,51;214,56;1735,95;
ELIELZA SANTOS ALENCAR;DIRETORIA TECNICA;TEC.DE HEMOTERAP.-THE-P.S.N.M.-A;; ESTATUTARIO;2473,31;;2473,31;225,86;2247,45;
ELIENE ALVES DA SILVA SOUSA;DIRETORIA TECNICA;TEC. DE ENFERMAGEM-TEN-P.S.N.M.-A;; ESTATUTARIO;2370,51;;2370,51;214,56;2155,95;
ELIETE SARAIVA DOS SANTOS;DIRETORIA TECNICA;ASSIST.SOC.ASS-P.S.N.S.-CL.A;ASSIST.SOCIAL; ESTATUTARIO;6271,53;;6271,53;1206,47;5065,06;
ELIS MARTA BARROSO DOS SANTOS;DIRETORIA TECNICA;TEC.DE PAT.CLINICA-TPC-P.S.N.M.-A;; ESTATUTARIO;2370,51;;2370,51;214,56;2155,95;
ELISA LOPES MAIA;DIRETORIA TECNICA;ASSISTENTE TECNICO;; ESTATUTARIO;2452,17;;2452,17;223,54;2228,63;
ELISANGELA DA SILVEIRA MARTINS;DIRETORIA TECNICA;TEC. DE ENFERMAGEM-TEN-P.S.N.M.-A;TEC.DE ENFERMAGEM; ESTATUTARIO;2403,71;;2403,71;214,56;2189,15;
ELIZABETH MARIA MARTINS F SOUZA;DIRETORIA TECNICA;CIR.DENT.-CCRD-P.S.N.S.-A;; ESTATUTARIO;5476,43;;5476,43;1073,41;4403,02;
ELIZABETH MOURA ARRUDA;DIRETORIA TECNICA;TEC.DE HEMOTERAP.-THE-P.S.N.M.-A;; ESTATUTARIO;2370,51;;2370,51;214,56;2155,95;
ELIZANGELA FERREIRA DOS SANTOS;DIRETORIA TECNICA;TEC. DE HEMOTERAP.-THE-P.S.N.M.-C;; ESTATUTARIO;3423,49;;3423,49;297,45;3126,04;
ELIZANGELA MACEDO OLIVEIRA;DIRETORIA TECNICA;TEC.DE HEMOTERAP.-THE-P.S.N.M.-A;TEC. DE HEMOTERAPIA; ESTATUTARIO;2473,31;;2473,31;225,86;2247,45;
ELSO MARREIROS DE LIMA;DIRETORIA ADM. FINANCEIRO;MOTORISTA-MOT-T.S.N.A.-A;; ESTATUTARIO;2177,75;;2177,75;193,35;1984,40;
ELZA DE SOUZA LIMA;DIRETORIA TECNICA;ASSISTENTE TECNICO 2A CLASSE;; ESTATUTARIO;2565,94;;2565,94;236,05;2329,89;
EMILIA MARIA AZEVEDO MATOS;DIRETORIA ADM. FINANCEIRO;AGENTE ADM.-AGA-T.S.N.A.-H;; ESTATUTARIO;2708,26;;2708,26;227,61;2480,65;
ENEIDE DE OLIVEIRA COELHO;DIRETORIA TECNICA;AUX.DE ENFERM.-AEF-P.S.N.A.-B;; ESTATUTARIO;2264,09;;2264,09;202,85;2061,24;
ENIO BARRETO CARNEIRO;DIRETORIA TECNICA;MEDICO ESPECIALISTA;; ESTATUTARIO;7084,68;;7084,68;1612,40;5472,28;
ENZO MIRANDA SANTOS;DIRETORIA TECNICA;TEC. DE ENFERMAGEM-TEN-P.S.N.M.-A;TECN. DE ENFERMAGEM; ESTATUTARIO;2370,51;;2370,51;214,56;2155,95;
ERBENIA MARIA MARTINS DE ARAUJO;DIRETORIA TECNICA;FISIOTERAPEUTA A;; ESTATUTARIO;8322,07;;8322,07;1672,08;6649,99;
EUDES OLIVEIRA DA SILVEIRA;DIRETORIA TECNICA;MEDICO ESPECIALISTA;; ESTATUTARIO;8156,76;;8156,76;1738,50;6418,26;
EURIMAR BANDEIRA DE OLIVEIRA;DIRETORIA ADM. FINANCEIRO;ASSIST.ADMIN.-ASA-T.S.N.M.-A;; ESTATUTARIO;1650,43;;1650,43;181,55;1468,88;
EVANDRO MONTEIRO DE ALMEIDA;DIRETORIA ADM. FINANCEIRO;AGENTE ADM.-AGA-T.S.N.A.-H;; ESTATUTARIO;4840,96;;4840,96;636,39;4204,57;
EVANIA MELO BORGES;DIRETORIA TECNICA;TECNICO A;CHEFE DE DEPARTAMENT; ESTATUTARIO;9921,18;;9921,18;2050,30;7870,88;
EVILAZIO CUNHA CARDOSO;DIRETORIA TECNICA;GERENTE;NAO INFORMADO; CARGO COMISSION.S/VINCULO;4513,27;;4513,27;641,90;3871,37;
EWERTON FABIO SOUZA DA SILVA;DIRETORIA ADM. FINANCEIRO;AGENTE ADM.-AGA-T.S.N.A.-E;AGENTE ADM A; ESTATUTARIO;2000,48;;2000,48;173,85;1826,63;
EWERTON FELIPE DA SILVA NASCIMENTO;DIRETORIA ADM. FINANCEIRO;ASSESSOR I;NAO INFORMADO; CARGO COMISSION.S/VINCULO;18191,07;;18191,07;11639,99;6551,08;
FABIO JOSE PAOLO TOMASELLI;DIRETORIA TECNICA;AGENTE ADM.-AGA-T.S.N.A.-E;; ESTATUTARIO;1957,89;;1957,89;169,17;1788,72;
FAUSTO HIPOLITO PINHEIRO;DIRETORIA TECNICA;TEC.DE HEMOTERAP.-THE-P.S.N.M.-A;; ESTATUTARIO;2473,31;;2473,31;225,86;2247,45;
FRANCIANA DO SOCORRO DE O C SILVA;PRESIDENCIA;TECNICO-TEC-T.S.N.S.-A;; ESTATUTARIO;4546,08;;4546,08;649,90;3896,18;
FRANCIDAISY DA SILVA LEAO;DIRETORIA ADM. FINANCEIRO;ASSIST.ADMIN.-ASA-T.S.N.M.-A;; ESTATUTARIO;2070,43;;2070,43;181,55;1888,88;
FRANCIMARY DE OLIVEIRA C CARMINÉ;DIRETORIA TECNICA;BIÓLOGO-BIO-P.S.N.S.-CL.A;; ESTATUTARIO;5896,43;;5896,43;1073,41;4823,02;
FRANCIMARY RODRIGUES SANTANA;DIRETORIA TECNICA;TEC.DE PAT.CLINICA-TPC-P.S.N.M.-A;TEC DE PATOLOGIA; ESTATUTARIO;2473,31;;2473,31;225,86;2247,45;
FRANCIRLEY CARVALHO SOUZA;DIRETORIA TECNICA;TEC.DE PAT.CLINICA-TPC-P.S.N.M.-B;; ESTATUTARIO;2575,89;;2575,89;237,15;2338,74;
FRANCISCA DALVA MARTINS HIPOLITO;DIRETORIA TECNICA;TEC. DE HEMOTERAP.-THE-P.S.N.M.-C;; ESTATUTARIO;2641,30;;2641,30;244,34;2396,96;
FRANCISCA MARTA SOARES DE LIMA;DIRETORIA TECNICA;TEC. DE HEMOTERAP.-THE-P.S.N.M.-C;TEC HEMOTER; ESTATUTARIO;2608,32;;2608,32;240,72;2367,60;
FRANCISCO DAS CHAGAS B PIMENTEL;DIRETORIA ADM. FINANCEIRO;MOTORISTA-MOT-T.S.N.A.-D;; ESTATUTARIO;2777,57;;2777,57;233,63;2543,94;
FRANCISCO ELMAR PASCOAL DE FARIA;DIRETORIA TECNICA;TEC. DE HEMOTERAP.-THE-P.S.N.M.-C;; ESTATUTARIO;2673,45;;2673,45;247,88;2425,57;
FRANCISCO HELDER DE LIMA FREITAS;DIRETORIA TECNICA;ENFERMEIRO-ENF-P.S.N.S.-A;; ESTATUTARIO;5896,43;;5896,43;1073,41;4823,02;
FRANCISCO JORGE MAIA CASTRO;DIRETORIA TECNICA;TEC.DE PAT.CLINICA-TPC-P.S.N.M.-C;; ESTATUTARIO;2722,29;;2722,29;253,25;2469,04;
FRANCISCO PEDRO DE OLIVEIRA AZEDO;DIRETORIA TECNICA;TECNICO-TEC-T.S.N.S.-D;GERENTE; ESTATUTARIO;10160,34;;10160,34;2110,62;8049,72;
FRANCISCO ROLNEY ALVES;DIRETORIA ADM. FINANCEIRO;MOTORISTA-MOT-T.S.N.A.-C;; ESTATUTARIO;3461,66;;3461,66;299,75;3161,91;
FRANCISCO SALES DE LIMA BARROS;DIRETORIA ADM. FINANCEIRO;ASSIST.ADMIN.-ASA-T.S.N.M.-A;; ESTATUTARIO;2070,43;;2070,43;181,55;1888,88;
FRANK JOSE RODRIGUES RIBEIRO;PRESIDENCIA;DIRETOR DE DEPARTAMENTO;; CARGO COMISSION.S/VINCULO;9420,00;;9420,00;2055,89;7364,11;
FREDSON OLIVEIRA DA COSTA;DIRETORIA ADM. FINANCEIRO;AGENTE ADM.-AGA-T.S.N.A.-E;; ESTATUTARIO;1957,89;;1957,89;169,17;1788,72;
GEANE LOPES MARQUES DE SOUZA;DIRETORIA TECNICA;ASSIST.SOC.ASS-P.S.N.S.-CL.B;CHEFE DE DEPARTAMENT; ESTATUTARIO;10935,05;;10935,05;2506,83;8428,22;
GEANE LOPES MARQUES DE SOUZA;DIRETORIA TECNICA;ASSIST.SOC.ASS-P.S.N.S.-CL.A;ASSISTENTE SOCIAL; ESTATUTARIO;9117,83;;9117,83;1976,94;7140,89;
GEILANE EVANGELISTA DE O VIEIRA;DIRETORIA TECNICA;TEC. DE HEMOTERAP.-THE-P.S.N.M.-C;; ESTATUTARIO;2920,63;;2920,63;264,70;2655,93;
GEORGE WILLIAM DE OLIVEIRA CORDEIRO;DIRETORIA TECNICA;FARMAC.BIOQ. -FAB-P.S.N.S.-B;CHEFE DE DEPARTAMENT; ESTATUTARIO;11314,95;;11314,95;2492,60;8822,35;
GLAUCIA DE OLIVEIRA NEVES;DIRETORIA TECNICA;TEC. DE ENFERMAGEM-TEN-P.S.N.M.-A;; ESTATUTARIO;3020,68;;3020,68;250,72;2769,96;
GLEYCE DOS SANTOS BARBOSA JOBIM;DIRETORIA TECNICA;TEC.DE PAT.CLINICA-TPC-P.S.N.M.-A;TEC. PATOL. CLINICA; ESTATUTARIO;3020,68;;3020,68;232,78;2787,90;
GRACIELA MARLENY RIVERA CHAVEZ;DIRETORIA TECNICA;ENFERMEIRO-ENF-P.S.N.S.-A;; ESTATUTARIO;5896,43;;5896,43;1073,41;4823,02;
GRACINEIDE PEREIRA DA SILVA;DIRETORIA TECNICA;NUTRICIONISTA-NUT-P.S.N.S.-A;; ESTATUTARIO;5896,43;;5896,43;1073,41;4823,02;
GRACINETTE COSTA FONTES;DIRETORIA TECNICA;TECNICO DE HEMOTERAPIA;; ESTATUTARIO;3020,68;;3020,68;250,72;2769,96;
GREICY DANTAS SILVA;DIRETORIA TECNICA;TEC. DE ENFERMAGEM-TEN-P.S.N.M.-A;; ESTATUTARIO;1950,51;;1950,51;214,56;1735,95;
GREISSY KELLE DA SILVA ALENCAR;DIRETORIA ADM. FINANCEIRO;AGENTE ADM.-AGA-T.S.N.A.-E;; ESTATUTARIO;1957,89;;1957,89;169,17;1788,72;
GREYCE SOARES DE LIMA;DIRETORIA TECNICA;TEC.DE HEMOTERAP.-THE-P.S.N.M.-A;; ESTATUTARIO;2370,51;;2370,51;214,56;2155,95;
HEDYLAMAR OLIVEIRA MARQUES;DIRETORIA TECNICA;FARMAC.BIOQ. -FAB-P.S.N.S.-C;; ESTATUTARIO;8004,70;;8004,70;1604,96;6399,74;
HELEN LIMA MORAES;DIRETORIA TECNICA;TEC. DE ENFERMAGEM-TEN-P.S.N.M.-A;; ESTATUTARIO;2423,63;;2423,63;214,56;2209,07;
HERCULES LEMOS DIAS;DIRETORIA TECNICA;TEC. DE HEMOTERAP.-THE-P.S.N.M.-C;; ESTATUTARIO;2641,30;;2641,30;244,34;2396,96;
HILDEMARINA FONSECA LIMA;DIRETORIA TECNICA;TEC.DE HEMOTERAP.-THE-P.S.N.M.-A;TEC. HEMOTERAPIA; ESTATUTARIO;2420,77;;2420,77;220,08;2200,69;
HILDENE MENDES BITTENCOURT;DIRETORIA TECNICA;TEC.DE HEMOTERAP.-THE-P.S.N.M.-A;TEC HEMOTER; ESTATUTARIO;3231,35;;3231,35;276,97;2954,38;
HUGLYS DE OLIVEIRA JEFFRES;DIRETORIA ADM. FINANCEIRO;AGENTE ADM.-AGA-T.S.N.A.-E;; ESTATUTARIO;4957,89;;4957,89;473,34;4484,55;
HULDA NASCIMENTO MALCHER;DIRETORIA TECNICA;TEC. DE HEMOTERAP.-THE-P.S.N.M.-D;; ESTATUTARIO;2739,12;;2739,12;267,10;2472,02;
IANDARA MAIRA LOPES DE SOUZA;DIRETORIA ADM. FINANCEIRO;ASSIST.ADMIN.-ASA-T.S.N.M.-A;; ESTATUTARIO;2070,43;;2070,43;181,55;1888,88;
IDANILCE DOS SANTOS CASTRO;DIRETORIA TECNICA;TEC. DE ENFERMAGEM-TEN-P.S.N.M.-A;TECNICA DE ENFERM. A; ESTATUTARIO;2470,05;;2470,05;220,08;2249,97;
IDENIR DE ARAUJO RODRIGUES;DIRETORIA ADM. FINANCEIRO;DIRETOR DE DEPARTAMENTO;DIRETOR ADM.FINANC.; CARGO COMISSION.S/VINCULO;9420,00;;9420,00;2055,89;7364,11;
IGOR WILLIAM TRINDADE DA COSTA;DIRETORIA TECNICA;MEDICO GRADUADO;; ESTATUTARIO;6571,61;;6571,61;1288,99;5282,62;
IRANEIDE DA CUNHA MARQUES;DIRETORIA TECNICA;GERENTE;GERENTE AD-2; CARGO COMISSION.S/VINCULO;4513,27;;4513,27;641,90;3871,37;
IRISNEIDE VIANA DA SILVA;DIRETORIA TECNICA;TEC.DE HEMOTERAP.-THE-P.S.N.M.-A;TEC.DE HEMOTERAPIA; ESTATUTARIO;2423,63;;2423,63;214,56;2209,07;
IRYS DE OLIVEIRA SALVATERRA;DIRETORIA TECNICA;TEC. DE HEMOTERAP.-THE-P.S.N.M.-C;TEC. DE HEMOTERAPIA; ESTATUTARIO;2672,96;;2672,96;240,72;2432,24;
IVANI CARVALHO DA SILVA;DIRETORIA TECNICA;AUXILIAR DE ENFERMAGEM A;; ESTATUTARIO;2076,42;;2076,42;182,21;1894,21;
IVONE CLAUDIANA DA SILVA;DIRETORIA TECNICA;TEC.DE HEMOTERAP.-THE-P.S.N.M.-A;; ESTATUTARIO;2370,51;;2370,51;214,56;2155,95;
IVONE MOREIRA NONATO;DIRETORIA TECNICA;ASSISTENTE TECNICO A;; ESTATUTARIO;2662,43;;2662,43;222,22;2440,21;
JADERSON SOUSA DOS SANTOS;DIRETORIA ADM. FINANCEIRO;OPER.MAN.E APOIO-OMA-T.S.N.A-A;SUBGERENTE; ESTATUTARIO;4945,14;;4945,14;346,18;4598,96;
JAEL GRACA DA JUSTA BOHADANA;DIRETORIA TECNICA;MEDICO ESPECIALISTA;MEDICA GENERALISTA; ESTATUTARIO;8156,76;;8156,76;1790,64;6366,12;
JAIRO PICANCO DE FARIAS JUNIOR;DIRETORIA ADM. FINANCEIRO;ASSIST.ADMIN.-ASA-T.S.N.M.-A;; ESTATUTARIO;2070,43;;2070,43;181,55;1888,88;
JAMERSON RODRIGUES CRISOSTOMO;DIRETORIA ADM. FINANCEIRO;MOTORISTA-MOT-T.S.N.A.-A;MOTORISTA; ESTATUTARIO;2177,75;;2177,75;193,35;1984,40;
JANETE DE SOUZA LIMA;DIRETORIA TECNICA;ASSISTENTE TECNICO 2A CLASSE;; ESTATUTARIO;2692,30;;2692,30;225,18;2467,12;
JANICE COSTA NINA;DIRETORIA TECNICA;FARMAC.BIOQ. -FAB-P.S.N.S.-A;; ESTATUTARIO;5896,43;;5896,43;1073,41;4823,02;
JAQUELINE PINTO FERREIRA;DIRETORIA ADM. FINANCEIRO;SUBGERENTE;; CARGO COMISSION.S/VINCULO;3506,94;;3506,94;402,81;3104,13;
JEAN CARLOS FONSECA DO NASCIMENTO;DIRETORIA ADM. FINANCEIRO;AGENTE ADM.-AGA-T.S.N.A.-E;; ESTATUTARIO;1957,89;;1957,89;169,17;1788,72;
JEFFERSON KENNEDY LOPES DOS SANTOS;DIRETORIA TECNICA;ENFERMEIRO-ENF-P.S.N.S.-A;; ESTATUTARIO;6030,03;;6030,03;1110,15;4919,88;
JOÃO FERREIRA DAMASCENO FILHO;DIRETORIA ADM. FINANCEIRO;OPER.MAN.E APOIO-OMA-T.S.N.A-A;; ESTATUTARIO;1945,14;;1945,14;167,77;1777,37;
JOAO AUGUSTO VASCONCELOS SOARES;DIRETORIA TECNICA;GERENTE;GERENTE AD-2; CARGO COMISSION.S/VINCULO;4513,27;;4513,27;641,90;3871,37;
JOAO BATISTA RUBIM SALGUEIRO;DIRETORIA TECNICA;TEC.DE HEMOTERAP.-THE-P.S.N.M.-B;; ESTATUTARIO;2592,04;;2592,04;238,92;2353,12;
JOAO COSTA;DIRETORIA ADM. FINANCEIRO;OPER.MAN.E APOIO-OMA-T.S.N.A-A;; ESTATUTARIO;1945,14;;1945,14;167,77;1777,37;
JOAO PAULO DINIZ PIMENTEL;DIRETORIA TECNICA;FARMAC.BIOQ. -FAB-P.S.N.S.-A;; ESTATUTARIO;5896,43;;5896,43;1073,41;4823,02;
JOAO PEDRO GUSMAO FELIX;DIRETORIA ADM. FINANCEIRO;MOTORISTA-MOT-T.S.N.A.-D;SUBGERENTE; ESTATUTARIO;5604,14;;5604,14;395,84;5208,30;
JOAO QUEIROZ REBOUCAS;DIRETORIA TECNICA;TEC. DE HEMOTERAP.-THE-P.S.N.M.-C;; ESTATUTARIO;2698,98;;2698,98;244,34;2454,64;
JOICY SALES DOS SANTOS LIARTES;DIRETORIA TECNICA;TEC.DE HEMOTERAP.-THE-P.S.N.M.-A;; ESTATUTARIO;2370,51;;2370,51;214,56;2155,95;
JORDAM DE SOUZA ARAUJO;DIRETORIA ADM. FINANCEIRO;AGENTE ADM.-AGA-T.S.N.A.-E;; ESTATUTARIO;2470,52;;2470,52;169,17;2301,35;
JOSAFA LIMA RAMOS;DIRETORIA TECNICA;PSICOLOGO-PSI-P.S.N.S.-A;; ESTATUTARIO;6398,68;;6398,68;1251,57;5147,11;
JOSE ALDORI VIAPIANA;DIRETORIA TECNICA;TECNICO-TEC-T.S.N.S.-C;; ESTATUTARIO;9815,54;;9815,54;2130,15;7685,39;
JOSE ARTEMIS DE SOUZA LIMA;DIRETORIA TECNICA;TEC. DE ENFERMAGEM-TEN-P.S.N.M.-A;; ESTATUTARIO;2430,27;;2430,27;214,56;2215,71;
JOSE BRAGA DA COSTA;DIRETORIA TECNICA;TEC. DE ENFERMAGEM-TEN-P.S.N.M.-C;; ESTATUTARIO;2722,29;;2722,29;253,25;2469,04;
JOSE DE RIBAMAR FERREIRA E SILVA;DIRETORIA TECNICA;ASSISTENTE TECNICO A;SUBGERENTE; ESTATUTARIO;5744,74;;5744,74;709,83;5034,91;
JOSE GERLAND SENA FERREIRA;DIRETORIA ADM. FINANCEIRO;SUBGERENTE;SUBGERENTE AD 3; CARGO COMISSION.S/VINCULO;3506,94;;3506,94;402,81;3104,13;
JOSE GLEDSON DE FREITAS;DIRETORIA ADM. FINANCEIRO;ASSIST.ADMIN.-ASA-T.S.N.M.-A;; ESTATUTARIO;2070,43;;2070,43;181,55;1888,88;
JOSE MARCELO HIPOLITO CARNEIRO;DIRETORIA TECNICA;TEC.DE HEMOTERAP.-THE-P.S.N.M.-A;TEC. DE HEMOTERAPIA; ESTATUTARIO;2473,31;;2473,31;225,86;2247,45;
JOSE RICARDO FREITAS SIQUEIRA;DIRETORIA TECNICA;TEC.DE PAT.CLINICA-TPC-P.S.N.M.-B;; ESTATUTARIO;2575,89;;2575,89;237,15;2338,74;
JOSIMARA PINHEIRO DE O NARCISO;DIRETORIA TECNICA;TEC.DE HEMOTERAP.-THE-P.S.N.M.-A;; ESTATUTARIO;2370,51;;2370,51;214,56;2155,95;
JOSITEIA VANESSA ALMEIDA DA SILVA;DIRETORIA TECNICA;ENFERMEIRO-ENF-P.S.N.S.-A;ENFERMEIRO; ESTATUTARIO;5896,43;;5896,43;1073,41;4823,02;
JUCILENE PEREIRA DOS SANTOS;DIRETORIA TECNICA;ENFERMEIRO-ENF-P.S.N.S.-A;; ESTATUTARIO;5896,43;;5896,43;1073,41;4823,02;
JUCIMARIA BARROSO DE SOUZA;DIRETORIA TECNICA;TEC. DE ENFERMAGEM-TEN-P.S.N.M.-A;; ESTATUTARIO;2370,51;;2370,51;214,56;2155,95;
KATIA KELY LIMA DE ARAUJO;DIRETORIA TECNICA;TEC.DE HEMOTERAP.-THE-P.S.N.M.-A;; ESTATUTARIO;2473,31;;2473,31;225,86;2247,45;
KATIA MARIA DA ROCHA CORTEZ;DIRETORIA TECNICA;TEC.DE HEMOTERAP.-THE-P.S.N.M.-B;TEC. DE HEMOTERAPIA; ESTATUTARIO;2592,04;;2592,04;238,92;2353,12;
KATIUSCIA DANTAS DE ARAUJO;DIRETORIA TECNICA;TEC.DE PAT.CLINICA-TPC-P.S.N.M.-A;; ESTATUTARIO;2370,51;;2370,51;214,56;2155,95;
KEITE DA SILVA FELIPE DE MOURA;DIRETORIA ADM. FINANCEIRO;ASSIST.ADMIN.-ASA-T.S.N.M.-A;; ESTATUTARIO;2070,43;;2070,43;181,55;1888,88;
KLEBER SANDRO BRASIL DOS SANTOS;DIRETORIA TECNICA;FARMAC.BIOQ. -FAB-P.S.N.S.-B;; ESTATUTARIO;6382,43;;6382,43;1290,53;5091,90;
LADY DAIANA GONCALVES DA SILVA;DIRETORIA TECNICA;TEC.DE HEMOTERAP.-THE-P.S.N.M.-A;; ESTATUTARIO;2473,31;;2473,31;225,86;2247,45;
LAERCIO DAMIAO SOARES LOPES;DIRETORIA ADM. FINANCEIRO;AGENTE ADMINISTRATIVO A - N.B.;GERENTE; ESTATUTARIO;5957,89;;5957,89;671,93;5285,96;
LANA SULAMITA SILVA DOS SANTOS;DIRETORIA TECNICA;AUX.DE ENFERM.-AEF-P.S.N.A.-B;GERENTE AD2; ESTATUTARIO;6293,02;;6293,02;842,96;5450,06;
LASMAR ROBERTO PEREIRA ALVES;DIRETORIA TECNICA;FARMAC.BIOQ. -FAB-P.S.N.S.-A;FARMAC.-BIOQUIMICO; ESTATUTARIO;5896,43;;5896,43;1073,41;4823,02;
LEA CHAVES AMORIM;DIRETORIA TECNICA;TEC. DE HEMOTERAP.-THE-P.S.N.M.-C;; ESTATUTARIO;2641,30;;2641,30;244,34;2396,96;
LEANDRA SABRINA CASTRO DA SILVA;DIRETORIA TECNICA;TECNICO DE ENFERMAGEM;; ESTATUTARIO;2370,51;;2370,51;214,56;2155,95;
LECITA MARREIRA DE LIMA BARROS;DIRETORIA TECNICA;TEC.DE PAT.CLINICA-TPC-P.S.N.M.-B;GERENTE; ESTATUTARIO;6575,89;;6575,89;891,17;5684,72;
LEILA MARLY FONSECA LIMA;DIRETORIA TECNICA;TEC.DE HEMOTERAP.-THE-P.S.N.M.-A;TEC DE HEMOT; ESTATUTARIO;2053,31;;2053,31;225,86;1827,45;
LEILA MARLY FONSECA LIMA;DIRETORIA TECNICA;TEC. DE HEMOTERAP.-THE-P.S.N.M.-C;; ESTATUTARIO;2722,29;;2722,29;253,25;2469,04;
LEONICE SOUZA FERREIRA;MANDADO DE SEGURANCA;TEC. DE ENFERMAGEM-TEN-P.S.N.M.-A;; ESTATUTARIO;2370,51;;2370,51;214,56;2155,95;
LIA NASCIMENTO RAMOS DA SILVA;DIRETORIA TECNICA;TEC. DE HEMOTERAP.-THE-P.S.N.M.-C;; ESTATUTARIO;2641,30;;2641,30;244,34;2396,96;
LIDEMAR FONSECA DA SILVA;DIRETORIA TECNICA;TEC. DE HEMOTERAP.-THE-P.S.N.M.-D;; ESTATUTARIO;2739,12;;2739,12;255,10;2484,02;
LIGIA ADRIANE THIBES;DIRETORIA TECNICA;TEC. DE HEMOTERAP.-THE-P.S.N.M.-C;CHEFE DE DEPARTAMETO; ESTATUTARIO;7608,32;;7608,32;1177,68;6430,64;
LINDALVA BRAGA DE OLIVEIRA;DIRETORIA ADM. FINANCEIRO;AGENTE ADM.-AGA-T.S.N.A.-H;; ESTATUTARIO;3604,24;;3604,24;329,11;3275,13;
LINDBERG MATOS PINTO;DIRETORIA TECNICA;TEC. DE ENFERMAGEM-TEN-P.S.N.M.-A;TEC.DE ENFERMAGEM; ESTATUTARIO;2370,51;;2370,51;214,56;2155,95;
LINDETE DE LIMA GOMES;DIRETORIA TECNICA;FARMAC.BIOQ. -FAB-P.S.N.S.-C;; ESTATUTARIO;7048,39;;7048,39;1377,78;5670,61;
LIVIA GAMA DE SOUZA;DIRETORIA TECNICA;TEC.DE HEMOTERAP.-THE-P.S.N.M.-A;; ESTATUTARIO;1950,51;;1950,51;214,56;1735,95;
LOUISE BRANDAO DE SA;DIRETORIA TECNICA;ENFERMEIRO-ENF-P.S.N.S.-A;ENFERMEIRA; ESTATUTARIO;6531,38;;6531,38;1194,38;5337,00;
LUANA VITORIA MOTA DE SOUZA;DIRETORIA ADM. FINANCEIRO;ASSIST.ADMIN.-ASA-T.S.N.M.-A;; ESTATUTARIO;2070,43;;2070,43;181,55;1888,88;
LUANDA SABURA DA SILVA;DIRETORIA ADM. FINANCEIRO;ASSIST.ADMIN.-ASA-T.S.N.M.-A;; ESTATUTARIO;2070,43;;2070,43;181,55;1888,88;
LUCAS GABRIEL INACIO SALINA;DIRETORIA TECNICA;MEDICO ESPECIALISTA;; ESTATUTARIO;7504,68;;7504,68;1612,40;5892,28;
LUCIANA CASSA ARAUJO BARBOSA;DIRETORIA TECNICA;BIÓLOGO-BIO-P.S.N.S.-CL.A;; ESTATUTARIO;5896,43;;5896,43;1073,41;4823,02;
LUCICLEIDE ALMEIDA DE JESUS PEIXOTO;DIRETORIA TECNICA;TEC.DE HEMOTERAP.-THE-P.S.N.M.-A;; ESTATUTARIO;1950,51;;1950,51;214,56;1735,95;
LUCICLEIDE ALMEIDA DE JESUS PEIXOTO;DIRETORIA TECNICA;TEC. DE HEMOTERAP.-THE-P.S.N.M.-C;; ESTATUTARIO;2705,60;;2705,60;251,42;2454,18;
LUCILANE ALVES DE SOUSA EVANGELISTA;DIRETORIA TECNICA;TEC.DE HEMOTERAP.-THE-P.S.N.M.-A;; ESTATUTARIO;2473,31;;2473,31;225,86;2247,45;
LUCINDA BEZERRA FREIRE;DIRETORIA TECNICA;TEC. DE HEMOTERAP.-THE-P.S.N.M.-C;; ESTATUTARIO;3381,73;;3381,73;244,34;3137,39;
LUDIAN GOMES DA SILVA;DIRETORIA ADM. FINANCEIRO;AGENTE ADM.-AGA-T.S.N.A.-G;GERENTE AD-2; ESTATUTARIO;6255,43;;6255,43;777,49;5477,94;
LUZIANE PIRES FRANCO DUARTE;DIRETORIA TECNICA;TEC.DE HEMOTERAP.-THE-P.S.N.M.-A;TEC.HEMOTERAPIA; ESTATUTARIO;2473,31;;2473,31;225,86;2247,45;
LUZINETE FEITOZA DE LIMA TORRES;DIRETORIA ADM. FINANCEIRO;AGENTE ADM.-AGA-T.S.N.A.-G;; ESTATUTARIO;2255,43;;2255,43;201,90;2053,53;
LYGIA MACHADO CORREA;DIRETORIA TECNICA;TEC. DE ENFERMAGEM-TEN-P.S.N.M.-A;; ESTATUTARIO;2370,51;;2370,51;214,56;2155,95;
MACSON DELMIRIO GOMES;DIRETORIA TECNICA;TEC. DE ENFERMAGEM-TEN-P.S.N.M.-A;; ESTATUTARIO;2430,27;;2430,27;214,56;2215,71;
MARA RUBIA COSTA RODRIGUES;DIRETORIA TECNICA;TEC.DE HEMOTERAP.-THE-P.S.N.M.-A;TEC.HEMOTERAPIA; ESTATUTARIO;2370,51;;2370,51;214,56;2155,95;
MARA VIEIRA DA SILVA;DIRETORIA TECNICA;TEC.DE HEMOTERAP.-THE-P.S.N.M.-A;TEC HEMOTER; ESTATUTARIO;2546,91;;2546,91;225,86;2321,05;
MARCELA DE MORAIS SILVA DAS NEVES;DIRETORIA TECNICA;TEC.DE PAT.CLINICA-TPC-P.S.N.M.-A;TEC PAT CLINICA; ESTATUTARIO;2370,51;;2370,51;214,56;2155,95;
MARCELA LIBORIO CORREIA;DIRETORIA ADM. FINANCEIRO;MOTORISTA-MOT-T.S.N.A.-A;; ESTATUTARIO;2177,75;;2177,75;193,35;1984,40;
MARCELE ASSUNCAO DA SILVA;DIRETORIA TECNICA;ENFERMEIRO-ENF-P.S.N.S.-A;; ESTATUTARIO;5896,43;;5896,43;1073,41;4823,02;
MARCELINA HIPOLITO CARNEIRO;DIRETORIA TECNICA;AUXILIAR DE SAUDE 3A CLASSE;; ESTATUTARIO;2076,42;;2076,42;182,21;1894,21;
MARCELO REIS DO NASCIMENTO;DIRETORIA TECNICA;TEC.DE HEMOTERAP.-THE-P.S.N.M.-A;; ESTATUTARIO;2473,31;;2473,31;225,86;2247,45;
MARCIA DA SILVA E SILVA;DIRETORIA TECNICA;TEC. DE HEMOTERAP.-THE-P.S.N.M.-C;; ESTATUTARIO;2608,32;;2608,32;240,72;2367,60;
MARCIA POINHO ENCARNACAO DE MORAIS;DIRETORIA TECNICA;FARMAC.BIOQ. -FAB-P.S.N.S.-A;; ESTATUTARIO;6756,72;;6756,72;1378,59;5378,13;
MARCIA REGINA MARQUES DA S ANDRADE;DIRETORIA ADM. FINANCEIRO;AGENTE ADM.-AGA-T.S.N.A.-H;; ESTATUTARIO;2269,17;;2269,17;203,41;2065,76;
MARCILEIA MOREIRA DE ARAUJO;DIRETORIA TECNICA;TEC. DE ENFERMAGEM-TEN-P.S.N.M.-A;TEC DE ENFERMAGEM; ESTATUTARIO;2470,05;;2470,05;220,08;2249,97;
MARCIO ALLAN OLIVEIRA DAS NEVES;DIRETORIA ADM. FINANCEIRO;OPER.MAN.E APOIO-OMA-T.S.N.A-A;; ESTATUTARIO;1945,14;;1945,14;167,77;1777,37;
MARCIO ARAUJO DOS SANTOS;DIRETORIA TECNICA;ENFERMEIRO 1A CLASSE;ENFERMEIRO; ESTATUTARIO;5896,43;;5896,43;1073,41;4823,02;
MARCOS PAULO SAMPAIO DE OLIVEIRA;DIRETORIA ADM. FINANCEIRO;TECNICO-TEC-T.S.N.S.-A;; ESTATUTARIO;4546,08;;4546,08;649,90;3896,18;
MARGARETH RODRIGUES DA SILVA;DIRETORIA TECNICA;ASSIST.SOC.ASS-P.S.N.S.-CL.A;; ESTATUTARIO;5896,43;;5896,43;1073,41;4823,02;
MARIA AUXILIADORA ALVES FERREIRA;DIRETORIA TECNICA;TEC.DE PAT.CLINICA-TPC-P.S.N.M.-A;; ESTATUTARIO;2370,51;;2370,51;214,56;2155,95;
MARIA DA GLORIA MARTINS BARBOSA;DIRETORIA TECNICA;TEC.DE HEMOTERAP.-THE-P.S.N.M.-A;; ESTATUTARIO;2370,51;;2370,51;214,56;2155,95;
MARIA DAS DORES INACIO DE SANTANA;DIRETORIA TECNICA;ASSIST.SOC.ASS-P.S.N.S.-CL.A;; ESTATUTARIO;5896,43;;5896,43;1073,41;4823,02;
MARIA DE NAZARE DE SABOIA FERREIRA;DIRETORIA ADM. FINANCEIRO;AUX.DE SERV.GER.-ASG-T.S.N.A.-C;; ESTATUTARIO;2235,81;;2235,81;199,74;2036,07;
MARIA DE NAZARE PINHEIRO DA SILVA;DIRETORIA TECNICA;TEC. DE HEMOTERAP.-THE-P.S.N.M.-C;; ESTATUTARIO;2656,90;;2656,90;246,06;2410,84;
MARIA DE NAZARE SAUNIER BARBOSA;DIRETORIA TECNICA;ENFERMEIRO-ENF-P.S.N.S.-B;; ESTATUTARIO;6802,43;;6802,43;1394,81;5407,62;
MARIA DO CARMO DA SILVA ASSUNCAO;DIRETORIA TECNICA;ENFERMEIRO-ENF-P.S.N.S.-B;; ESTATUTARIO;6802,43;;6802,43;1394,81;5407,62;
MARIA DO PERPETUO S S CARVALHO;DIRETORIA TECNICA;MEDICO ESPECIALISTA;CHEFE DE DEPARTAMENT; ESTATUTARIO;13596,18;;13596,18;3370,96;10225,22;
MARIA DO PERPETUO SOCORRO G CRUZ;DIRETORIA ADM. FINANCEIRO;AGENTE ADM.-AGA-T.S.N.A.-G;CHEFE DE DEPARTAMENT; ESTATUTARIO;8560,38;;8560,38;1567,55;6992,83;
MARIA DO PERPETUO SOCORRO R VIEIRA;DIRETORIA TECNICA;TEC. DE HEMOTERAP.-THE-P.S.N.M.-D;; ESTATUTARIO;2739,12;;2739,12;255,10;2484,02;
MARIA DO SOCORRO AQUINO DE ALENCAR;DIRETORIA ADM. FINANCEIRO;AGENTE ADM.-AGA-T.S.N.A.-G;; ESTATUTARIO;2255,43;;2255,43;201,90;2053,53;
MARIA DO SOCORRO DIAS LEITE;DIRETORIA TECNICA;ASSISTENTE TECNICO 3A CLASSE;; ESTATUTARIO;2390,50;;2390,50;216,76;2173,74;
MARIA DO SOCORRO FERREIRA SANTOS;DIRETORIA TECNICA;TEC.DE HEMOTERAP.-THE-P.S.N.M.-A;TEC HEMOTERAPIA; ESTATUTARIO;3157,75;;3157,75;271,45;2886,30;
MARIA DO SOCORRO NOGUEIRA AZEVEDO;DIRETORIA TECNICA;ASSISTENTE TECNICO 3A CLASSE;; ESTATUTARIO;2405,20;;2405,20;218,37;2186,83;
MARIA DO SOCORRO SANTOS ALBUQUERQUE;DIRETORIA TECNICA;A.TEC-III;GERENTE; ESTATUTARIO;5333,08;;5333,08;561,20;4771,88;
MARIA DULCY DE MELLO BARBOSA;DIRETORIA TECNICA;TEC. DE HEMOTERAP.-THE-P.S.N.M.-D;; ESTATUTARIO;2886,91;;2886,91;293,23;2593,68;
MARIA ELCIMAR DE SOUZA MENDONCA;DIRETORIA TECNICA;TEC.DE HEMOTERAP.-THE-P.S.N.M.-B;; ESTATUTARIO;2592,04;;2592,04;238,92;2353,12;
MARIA ELIZETE DA SILVA NETA;DIRETORIA TECNICA;TEC.DE PAT.CLINICA-TPC-P.S.N.M.-A;TEC.DE PAT.CLINICA; ESTATUTARIO;2370,51;;2370,51;214,56;2155,95;
MARIA EUNICE CASTRO DOS SANTOS;DIRETORIA TECNICA;TEC. DE ENFERMAGEM-TEN-P.S.N.M.-A;; ESTATUTARIO;2370,51;;2370,51;214,56;2155,95;
MARIA EZILENE SOARES BARAUNA;DIRETORIA TECNICA;TEC. DE ENFERMAGEM-TEN-P.S.N.M.-A;; ESTATUTARIO;2370,51;;2370,51;214,56;2155,95;
MARIA GORETE SIMOES DE MATOS;DIRETORIA TECNICA;TEC. DE HEMOTERAP.-THE-P.S.N.M.-D;SUBGERENTE; ESTATUTARIO;6039,12;;6039,12;728,36;5310,76;
MARIA IVALDETE SIQUEIRA DE SOUZA;DIRETORIA TECNICA;TEC.DE PAT.CLINICA-TPC-P.S.N.M.-C;GERENTE AD-2; ESTATUTARIO;6641,30;;6641,30;1018,64;5622,66;
MARIA JAQUELENE MONTEIRO;DIRETORIA TECNICA;TEC. DE ENFERMAGEM-TEN-P.S.N.M.-A;TEC DE ENF A; ESTATUTARIO;2420,77;;2420,77;220,08;2200,69;
MARIA JEANE SIQUEIRA CASTRO DA CRUZ;DIRETORIA TECNICA;TEC.DE HEMOTERAP.-THE-P.S.N.M.-A;; ESTATUTARIO;2532,19;;2532,19;225,86;2306,33;
MARIA JOSE DANTAS COELHO;DIRETORIA TECNICA;TEC. DE HEMOTERAP.-THE-P.S.N.M.-C;GERENTE; ESTATUTARIO;6722,29;;6722,29;1047,38;5674,91;
MARIA JOSE DE ALMEIDA PEREIRA;DIRETORIA TECNICA;CHEFE DE GABINETE;CHEFE DE GABINETE; CARGO COMISSION.S/VINCULO;5520,30;;5520,30;946,24;4574,06;
MARIA JOSE FERREIRA FARIAS;DIRETORIA ADM. FINANCEIRO;AGENTE ADM.-AGA-T.S.N.A.-H;; ESTATUTARIO;2283,03;;2283,03;204,93;2078,10;
MARIA LUIZA DE MORAES BRUCE;DIRETORIA TECNICA;ENFERMEIRO A;; SERVICO TEMPORARIO;5896,43;;5896,43;1073,40;4823,03;
MARIA LUIZA DE MORAES BRUCE;DIRETORIA TECNICA;TEC. DE ENFERMAGEM-TEN-P.S.N.M.-A;; ESTATUTARIO;1950,51;;1950,51;214,56;1735,95;
MARIA LUZINETE OLIVEIRA DA SILVEIRA;DIRETORIA TECNICA;TEC.DE HEMOTERAP.-THE-P.S.N.M.-A;TEC. DE HEMOTERAPIA; ESTATUTARIO;2473,31;;2473,31;225,86;2247,45;
MARIA NEIDE DE MELO;DIRETORIA TECNICA;TEC. DE HEMOTERAP.-THE-P.S.N.M.-C;; ESTATUTARIO;2975,54;;2975,54;283,12;2692,42;
MARIA NEIDE FREITAS GOMES;DIRETORIA TECNICA;TEC. DE HEMOTERAP.-THE-P.S.N.M.-C;; ESTATUTARIO;2641,30;;2641,30;244,34;2396,96;
MARIA NESIANE SIQUEIRA CASTRO;DIRETORIA TECNICA;FARMAC.BIOQ. -FAB-P.S.N.S.-A;; ESTATUTARIO;5476,43;;5476,43;1073,41;4403,02;
MARIA NESIANE SIQUEIRA CASTRO;DIRETORIA TECNICA;TEC.DE HEMOTERAP.-THE-P.S.N.M.-A;TEC. DE HEMOTERAPIA; ESTATUTARIO;2473,31;;2473,31;225,86;2247,45;
MARIA ONEIDE PINHEIRO DE ANDRADE;DIRETORIA TECNICA;TEC. DE HEMOTERAP.-THE-P.S.N.M.-C;; ESTATUTARIO;2641,30;;2641,30;244,34;2396,96;
MARIA REJANE DE AQUINO MEDEIROS;DIRETORIA TECNICA;TEC. DE HEMOTERAP.-THE-P.S.N.M.-C;; ESTATUTARIO;3381,73;;3381,73;276,91;3104,82;
MARIA SOCORRO DE CORREIA MONTANHA;DIRETORIA TECNICA;TEC.DE HEMOTERAP.-THE-P.S.N.M.-B;; ESTATUTARIO;2624,19;;2624,19;242,46;2381,73;
MARIA SOCORRO SOUZA DE JESUS;DIRETORIA ADM. FINANCEIRO;GERENTE;GERENTE AD-2; CARGO COMISSION.S/VINCULO;4513,27;;4513,27;641,90;3871,37;
MARIA SOCORRO VIGA YURTSEVER;DIRETORIA TECNICA;MEDICO ESPECIALISTA;CHEFE DE DEPARTAMENT; ESTATUTARIO;14147,83;;14147,83;3460,96;10686,87;
MARIA SONIA DOS SANTOS PINHEIRO;DIRETORIA TECNICA;TEC.DE HEMOTERAP.-THE-P.S.N.M.-A;; ESTATUTARIO;2473,31;;2473,31;225,86;2247,45;
MARIA ZEILLA MOREIRA DA FROTA;DIRETORIA TECNICA;ASSIST.SOC.ASS-P.S.N.S.-CL.B;GERENTE; ESTATUTARIO;10891,91;;10891,91;2526,55;8365,36;
MARILIA REGINA PACHECO FERNANDES;DIRETORIA TECNICA;TEC. DE HEMOTERAP.-THE-P.S.N.M.-C;SUBGERENTE; ESTATUTARIO;5641,30;;5641,30;743,64;4897,66;
MARINILSE PAIXAO SERRA;DIRETORIA TECNICA;TEC. DE HEMOTERAP.-THE-P.S.N.M.-C;; ESTATUTARIO;2641,30;;2641,30;244,34;2396,96;
MARINO PEREIRA DOS SANTOS;DIRETORIA ADM. FINANCEIRO;MOTORISTA-MOT-T.S.N.A.-D;; ESTATUTARIO;2647,79;;2647,79;245,06;2402,73;
MARIO AFONSO FROTA MEDEIROS;DIRETORIA ADM. FINANCEIRO;AGENTE ADM.-AGA-T.S.N.A.-E;; ESTATUTARIO;1957,89;;1957,89;169,17;1788,72;
MARIO SERGIO VEIGA PINHEIRO;DIRETORIA TECNICA;TEC. DE HEMOTERAP.-THE-P.S.N.M.-C;GERENTE; ESTATUTARIO;6641,30;;6641,30;1018,64;5622,66;
MARIO SERGIO VEIGA PINHEIRO;DIRETORIA TECNICA;TEC.DE HEMOTERAP.-THE-P.S.N.M.-A;; ESTATUTARIO;1950,51;;1950,51;214,56;1735,95;
MARISA PAULA DE ANDRADE;DIRETORIA TECNICA;TECNICO DE PATOLOGIA CLINICA A;; ESTATUTARIO;3020,68;;3020,68;250,72;2769,96;
MARLENE GENTIL BATISTA;DIRETORIA ADM. FINANCEIRO;AUX.DE SERV.GER.-ASG-T.S.N.A.-C;; ESTATUTARIO;2235,81;;2235,81;199,74;2036,07;
MARLENE SANTOS DA MOTA;DIRETORIA TECNICA;ASSISTENTE TECNICO 3A CLASSE;; ESTATUTARIO;4834,98;;4834,98;410,53;4424,45;
MARLUCIA DE LIMA MARQUES;DIRETORIA TECNICA;TEC.DE HEMOTERAP.-THE-P.S.N.M.-A;; ESTATUTARIO;2473,31;;2473,31;225,86;2247,45;
MARLUCIA OLIVEIRA DOS SANTOS;DIRETORIA TECNICA;TEC. DE ENFERMAGEM-TEN-P.S.N.M.-A;; ESTATUTARIO;2410,35;;2410,35;214,56;2195,79;
MARTIRENE ALVES DA SILVA;DIRETORIA TECNICA;TEC.DE HEMOTERAP.-THE-P.S.N.M.-A;TEC HEMOTER; ESTATUTARIO;2473,31;;2473,31;225,86;2247,45;
MARY JANE AUGUSTO REIS;DIRETORIA ADM. FINANCEIRO;AGENTE ADMINISTRATIVO A - N.B.;AG. ADMINISTRATIVO; ESTATUTARIO;1537,89;;1537,89;169,17;1368,72;
MAURO GALUCIO GARCIA;DIRETORIA TECNICA;QUIMICO-QUI-P.S.N.S.-A;; ESTATUTARIO;5476,43;;5476,43;1073,41;4403,02;
MEIBY HOLANDA BARRONCAS;DIRETORIA ADM. FINANCEIRO;AUX.DE SERV.GER.-ASG-T.S.N.A.-B;; ESTATUTARIO;2681,39;;2681,39;186,56;2494,83;
MEIRY JANE DE SOUZA SIQUEIRA;DIRETORIA TECNICA;TEC.DE PAT.CLINICA-TPC-P.S.N.M.-B;TEC. PATOL. CLINICA; ESTATUTARIO;2592,04;;2592,04;238,92;2353,12;
MEIRYALVA F MARIANO;DIRETORIA TECNICA;TEC. DE ENFERMAGEM-TEN-P.S.N.M.-A;; ESTATUTARIO;1950,51;;1950,51;214,56;1735,95;
MELYSSA DE SOUZA PINHEIRO;PRESIDENCIA;SUBGERENTE;; CARGO COMISSION.S/VINCULO;3503,94;;3503,94;402,28;3101,66;
MESSIAS DE ASSIS PRAIA;DIRETORIA TECNICA;TEC.DE HEMOTERAP.-THE-P.S.N.M.-A;TEC. HEMOTERAPIA; ESTATUTARIO;2420,77;;2420,77;220,08;2200,69;
MESSIAS DE ASSIS PRAIA;DIRETORIA TECNICA;TEC. DE HEMOTERAP.-THE-P.S.N.M.-C;; ESTATUTARIO;2386,10;;2386,10;262,17;2123,93;
MIGUEL DE JESUS QUEIROZ DE PAULA;DIRETORIA ADM. FINANCEIRO;MOTORISTA-MOT-T.S.N.A.-A;MOTORISTA; ESTATUTARIO;2177,75;;2177,75;193,35;1984,40;
MIRIAM MAIA DE SOUZA;DIRETORIA ADM. FINANCEIRO;AGENTE ADMINISTRATIVO A - N.B.;; ESTATUTARIO;1957,89;;1957,89;169,17;1788,72;
MIRIAN LUCIA DE ARAUJO BEZERRA;DIRETORIA ADM. FINANCEIRO;AGENTE ADMINISTRATIVO A - N.B.;; ESTATUTARIO;1957,89;;1957,89;169,17;1788,72;
MIRIAN LUNIERE CABRAL;DIRETORIA ADM. FINANCEIRO;AGENTE ADM.-AGA-T.S.N.A.-G;; ESTATUTARIO;2255,43;;2255,43;201,90;2053,53;
MIRIAN RODRIGUES RIBEIRO SANTIAGO;DIRETORIA TECNICA;FARMAC.BIOQ. -FAB-P.S.N.S.-B;GERENTE; ESTATUTARIO;10382,43;;10382,43;2494,81;7887,62;
MIRIAN RODRIGUES RIBEIRO SANTIAGO;DIRETORIA TECNICA;FARMAC.BIOQ. -FAB-P.S.N.S.-A;; ESTATUTARIO;6117,83;;6117,83;1151,94;4965,89;
MIRTES VALERIA DE OLIVEIRA BEZERRA;DIRETORIA TECNICA;ENFERMEIRO-ENF-P.S.N.S.-A;; ESTATUTARIO;5896,43;;5896,43;1021,27;4875,16;
MOISES ALBERTO ROJAS SOARES;DIRETORIA TECNICA;TEC.DE HEMOTERAP.-THE-P.S.N.M.-B;; ESTATUTARIO;2592,04;;2592,04;238,92;2353,12;
MONICA REGINA HOSANNAH DA S E SILVA;DIRETORIA TECNICA;MEDICO ESPECIALISTA;; ESTATUTARIO;7504,68;;7504,68;1612,40;5892,28;
MONIQUE BATISTA FERREIRA;DIRETORIA TECNICA;ENFERMEIRO-ENF-P.S.N.S.-A;; ESTATUTARIO;7721,91;;7721,91;1575,41;6146,50;
MURILO OLIVEIRA MIRANDA JUNIOR;DIRETORIA ADM. FINANCEIRO;ASSIST.ADMIN.-ASA-T.S.N.M.-A;; ESTATUTARIO;2070,43;;2070,43;181,55;1888,88;
MYUKI ALFAIA ESASHIKA CRISPIM;DIRETORIA TECNICA;FARMAC.BIOQ. -FAB-P.S.N.S.-A;DIR. ENSINO E PESQU.; ESTATUTARIO;14217,83;;14217,83;3379,44;10838,39;
NAAMY KEELY DA SILVA SIMAO;DIRETORIA TECNICA;FISIOTERAPEUTA-FIS-P.S.N.S.-A;; ESTATUTARIO;5896,43;;5896,43;1073,41;4823,02;
NEIDA ALEXANDRA DOS SANTOS;DIRETORIA TECNICA;TEC. DE ENFERMAGEM-TEN-P.S.N.M.-A;TEC.ENFERMAGEM; ESTATUTARIO;2473,31;;2473,31;225,86;2247,45;
NEIDE TAVARES;DIRETORIA TECNICA;ENFERMEIRO-ENF-P.S.N.S.-B;; ESTATUTARIO;8929,91;;8929,91;1979,87;6950,04;
NELSON ABRAHIM FRAIJI;DIRETORIA TECNICA;MEDICO DOUTOR;DIRETOR PRESIDENTE; ESTATUTARIO;21030,75;;21030,75;5632,38;15398,37;
NEUCIVANE LOPES FARIAS;DIRETORIA TECNICA;ENFERMEIRO-ENF-P.S.N.S.-A;; ESTATUTARIO;5896,43;;5896,43;1073,41;4823,02;
NEYLA PANTOJA NUNES DA SILVA;DIRETORIA TECNICA;TEC.DE PAT.CLINICA-TPC-P.S.N.M.-A;; ESTATUTARIO;2370,51;;2370,51;214,56;2155,95;
NINA ROSA GONCALVES DA SILVA;DIRETORIA TECNICA;TEC.DE HEMOTERAP.-THE-P.S.N.M.-B;; ESTATUTARIO;2592,04;;2592,04;238,92;2353,12;
NIVIA FERREIRA FRANCA;DIRETORIA TECNICA;ASSIST.SOC.ASS-P.S.N.S.-CL.A;; ESTATUTARIO;5896,43;;5896,43;1073,41;4823,02;
NOEMY NASCIMENTO PRIANTE;DIRETORIA TECNICA;ASSIST.SOC.ASS-P.S.N.S.-CL.B;; ESTATUTARIO;6713,72;;6713,72;1311,20;5402,52;
ONEIDE FIGUEIREDO RAMIRES;DIRETORIA ADM. FINANCEIRO;AGENTE ADM.-AGA-T.S.N.A.-G;; ESTATUTARIO;2255,43;;2255,43;201,90;2053,53;
OSMARINA FONSECA LIMA;DIRETORIA TECNICA;TEC. DE HEMOTERAP.-THE-P.S.N.M.-D;; ESTATUTARIO;3709,21;;3709,21;138,58;3570,63;
PATRICIA MAROTTO HOMRICH;DIRETORIA TECNICA;FISIOTERAPEUTA-FIS-P.S.N.S.-A;; ESTATUTARIO;5896,43;;5896,43;1073,41;4823,02;
PATRICIA SANTOS ALENCAR;DIRETORIA ADM. FINANCEIRO;AGENTE ADM.-AGA-T.S.N.A.-E;; ESTATUTARIO;1957,89;;1957,89;169,17;1788,72;
PAULA FRANCINETE PEREIRA DE SOUZA;DIRETORIA TECNICA;TEC.DE HEMOTERAP.-THE-P.S.N.M.-A;; ESTATUTARIO;3157,75;;3157,75;271,45;2886,30;
PAULA FRANCINETE PEREIRA DE SOUZA;DIRETORIA TECNICA;TEC.DE HEMOTERAP.-THE-P.S.N.M.-A;; ESTATUTARIO;2370,51;;2370,51;214,56;2155,95;
PAULA REGINA KIMURA QUEIROZ;DIRETORIA TECNICA;AUX.DE ENFERM.-AEF-P.S.N.A.-D;; ESTATUTARIO;2409,42;;2409,42;218,84;2190,58;
PAULO HENRIQUE DE SOUZA SOARES;DIRETORIA ADM. FINANCEIRO;OPER.MAN.E APOIO-OMA-T.S.N.A-A;; ESTATUTARIO;1945,14;;1945,14;167,77;1777,37;
PAULO JOSE RIBEIRO DOS SANTOS;DIRETORIA ADM. FINANCEIRO;ASSIST.ADMIN.-ASA-T.S.N.M.-A;; ESTATUTARIO;2070,43;;2070,43;181,55;1888,88;
PAULO ROBERTO SANTOS DA SILVA;DIRETORIA ADM. FINANCEIRO;MOTORISTA-MOT-T.S.N.A.-A;; ESTATUTARIO;2196,47;;2196,47;193,35;2003,12;
PEDRO BERNARDES SOUSA;DIRETORIA ADM. FINANCEIRO;OPER.MAN.E APOIO-OMA-T.S.N.A-A;; ESTATUTARIO;1945,14;;1945,14;167,77;1777,37;
PEDRO DA SILVA MELO;DIRETORIA TECNICA;TEC.DE HEMOTERAP.-THE-P.S.N.M.-A;TEC HEMOTERAPIA; ESTATUTARIO;2420,77;;2420,77;220,08;2200,69;
PRISCILA BELO PRAIA;DIRETORIA ADM. FINANCEIRO;AGENTE ADM.-AGA-T.S.N.A.-E;; ESTATUTARIO;2000,48;;2000,48;173,85;1826,63;
QUEREN ANDRESSA TEIXEIRA DA SILVA;DIRETORIA ADM. FINANCEIRO;AGENTE ADM.-AGA-T.S.N.A.-E;; ESTATUTARIO;1957,89;;1957,89;169,17;1788,72;
RAICA GRACIELE DE SOUSA CARDOSO;DIRETORIA TECNICA;ENFERMEIRO-ENF-P.S.N.S.-A;; ESTATUTARIO;5896,43;;5896,43;1073,41;4823,02;
RAIMUNDA LELIS DE OLIVEIRA;DIRETORIA TECNICA;TEC. DE HEMOTERAP.-THE-P.S.N.M.-C;; ESTATUTARIO;2722,29;;2722,29;253,25;2469,04;
RAIMUNDO LUIZ MASCARENHAS GARCIA;DIRETORIA TECNICA;TEC.DE PAT.CLINICA-TPC-P.S.N.M.-A;; ESTATUTARIO;2370,51;;2370,51;214,56;2155,95;
RAIMUNDO NONATO ALMEIDA DA SILVA;DIRETORIA TECNICA;TEC.DE PAT.CLINICA-TPC-P.S.N.M.-A;TEC.PAT.CLINICA; ESTATUTARIO;2370,51;;2370,51;214,56;2155,95;
RAIMUNDO NONATO DIOGO CARDOSO;DIRETORIA ADM. FINANCEIRO;OPER.MAN.E APOIO-OMA-T.S.N.A-A;; ESTATUTARIO;1945,14;;1945,14;167,77;1777,37;
RAIMUNDO NONATO NUNES MAIA;DIRETORIA TECNICA;TEC.DE HEMOTERAP.-THE-P.S.N.M.-B;; ESTATUTARIO;2955,77;;2955,77;265,61;2690,16;
RALF NASCIMENTO MATOS;DIRETORIA TECNICA;TEC.DE HEMOTERAP.-THE-P.S.N.M.-A;; ESTATUTARIO;2370,51;;2370,51;214,56;2155,95;
RAYMUNDO SANDOVAL F AMAZONAS;DIRETORIA TECNICA;MEDICO GRADUADO;; ESTATUTARIO;6571,61;;6571,61;1288,99;5282,62;
RECHFY KASEM ABOU ALI;DIRETORIA TECNICA;TEC.DE HEMOTERAP.-THE-P.S.N.M.-A;; ESTATUTARIO;2370,51;;2370,51;214,56;2155,95;
REGIA MARIA DE OLIVEIRA COELHO;DIRETORIA TECNICA;AUX.DE ENFERM.-AEF-P.S.N.A.-B;; ESTATUTARIO;2264,09;;2264,09;202,85;2061,24;
REGINA NEVES NORMANDO;DIRETORIA TECNICA;TEC.DE PAT.CLINICA-TPC-P.S.N.M.-C;; ESTATUTARIO;2722,29;;2722,29;264,13;2458,16;
REGINALDO FERREIRA DOS REIS;DIRETORIA ADM. FINANCEIRO;MOTORISTA-MOT-T.S.N.A.-A;; ESTATUTARIO;2202,71;;2202,71;193,35;2009,36;
REGINALDO GOMES PEREIRA;DIRETORIA ADM. FINANCEIRO;ASSIST.ADMIN.-ASA-T.S.N.M.-A;; ESTATUTARIO;2070,43;;2070,43;181,55;1888,88;
REJANE NINA MARTINS;DIRETORIA TECNICA;MEDICO ESPECIALISTA;; ESTATUTARIO;7504,68;;7504,68;1612,40;5892,28;
RENATA DE ALMEIDA LEMOS AGUIAR;DIRETORIA TECNICA;MEDICO ESPECIALISTA;; ESTATUTARIO;9866,24;;9866,24;2261,83;7604,41;
RENATA FEITOSA DE OLIVEIRA;DIRETORIA TECNICA;FARMACEUTICO-FAR-P.S.N.S.-A;; ESTATUTARIO;5896,43;;5896,43;1073,41;4823,02;
RENATO GIROTTO NOREMBERG;DIRETORIA ADM. FINANCEIRO;MOTORISTA-MOT-T.S.N.A.-A;; ESTATUTARIO;2177,75;;2177,75;193,35;1984,40;
RICARDO DE OLIVEIRA;DIRETORIA ADM. FINANCEIRO;MOTORISTA A;; ESTATUTARIO;2247,52;;2247,52;185,36;2062,16;
RICARDO MAIA DE SOUZA;DIRETORIA TECNICA;GERENTE;GERENTE AD-2; CARGO COMISSION.S/VINCULO;4513,27;;4513,27;641,90;3871,37;
RIVANA ARAUJO DE PINHO ARANTES;DIRETORIA TECNICA;TEC. DE ENFERMAGEM-TEN-P.S.N.M.-A;TEC.ENFERMAGEM; ESTATUTARIO;2370,51;;2370,51;214,56;2155,95;
ROANA CRISTINA SERRAO BATISTA;DIRETORIA ADM. FINANCEIRO;ASSIST.ADMIN.-ASA-T.S.N.M.-A;; ESTATUTARIO;2070,43;;2070,43;181,55;1888,88;
ROBSON ROMEU CARVALHO DE SOUZA;DIRETORIA TECNICA;TEC.DE HEMOTERAP.-THE-P.S.N.M.-A;; ESTATUTARIO;2370,51;;2370,51;214,56;2155,95;
ROCILENE DE FREITAS ALBUQUERQUE;DIRETORIA TECNICA;TEC.DE PAT.CLINICA-TPC-P.S.N.M.-A;; ESTATUTARIO;2370,51;;2370,51;214,56;2155,95;
RODRIGO DE SOUZA LEITAO;DIRETORIA TECNICA;MEDICO MESTRE;DIRETOR TECNICO HEMO; ESTATUTARIO;17283,21;;17283,21;4428,80;12854,41;
RODRIGO DE SOUZA LEITAO;DIRETORIA TECNICA;MEDICO ESPECIALISTA;; ESTATUTARIO;7084,68;;7084,68;1612,40;5472,28;
RONALDO SILVA SODRE;DIRETORIA TECNICA;TEC.DE PAT.CLINICA-TPC-P.S.N.M.-A;TEC.DE PAT.CLINICA; ESTATUTARIO;2370,51;;2370,51;214,56;2155,95;
ROSA CRISTINA CALDAS BELOTA;DIRETORIA TECNICA;ENFERMEIRO-ENF-P.S.N.S.-A;; ESTATUTARIO;5896,43;;5896,43;1073,41;4823,02;
ROSANA BENTES BARBOSA VASCONCELOS;DIRETORIA TECNICA;TEC.DE HEMOTERAP.-THE-P.S.N.M.-A;; ESTATUTARIO;2370,51;;2370,51;214,56;2155,95;
ROSANE FRANCISCA CRUZ LOPES;DIRETORIA ADM. FINANCEIRO;AGENTE ADM.-AGA-T.S.N.A.-H;; ESTATUTARIO;2358,45;;2358,45;203,41;2155,04;
ROSANGELA DE CASTRO SILVA;DIRETORIA TECNICA;GERENTE;; CARGO COMISSION.S/VINCULO;4513,27;;4513,27;641,90;3871,37;
ROSANGELA SANTOS DE ABREU;DIRETORIA TECNICA;MEDICO ESPECIALISTA;; ESTATUTARIO;8483,77;;8483,77;1956,78;6526,99;
ROSANNE MELO DA ROCHA;DIRETORIA TECNICA;ENFERMEIRO-ENF-P.S.N.S.-A;; ESTATUTARIO;6731,63;;6731,63;1364,77;5366,86;
ROSEMARY RIBEIRO MATTA DE CASTRO;DIRETORIA TECNICA;TEC.DE HEMOTERAP.-THE-P.S.N.M.-A;TEC HEMOTER; ESTATUTARIO;2053,31;;2053,31;225,86;1827,45;
ROSEMARY RIBEIRO MATTA DE CASTRO;DIRETORIA TECNICA;TEC. DE HEMOTERAP.-THE-P.S.N.M.-C;; ESTATUTARIO;2885,64;;2885,64;244,34;2641,30;
ROSILANE MIRANDA DA SILVA MARCHIOLI;DIRETORIA TECNICA;TEC. DE ENFERMAGEM-TEN-P.S.N.M.-A;; ESTATUTARIO;2416,99;;2416,99;214,56;2202,43;
ROSILENE MARINHO DE SOUZA;DIRETORIA TECNICA;TEC.DE PAT.CLINICA-TPC-P.S.N.M.-A;SUBGERENTE-AD3; ESTATUTARIO;5370,51;;5370,51;647,59;4722,92;
ROSILENE SANTOS DO VALE;DIRETORIA TECNICA;TEC. DE ENFERMAGEM-TEN-P.S.N.M.-A;; ESTATUTARIO;2370,51;;2370,51;214,56;2155,95;
ROZILENE DIAS NORONHA;DIRETORIA TECNICA;TEC.DE HEMOTERAP.-THE-P.S.N.M.-A;; ESTATUTARIO;2370,51;;2370,51;1140,15;1230,36;
RUBENITA DA SILVA COSTA;DIRETORIA TECNICA;TEC. DE HEMOTERAP.-THE-P.S.N.M.-D;GERENTE; ESTATUTARIO;6739,12;;6739,12;1001,21;5737,91;
RUTH HELENA PERDIZ WATANABE;DIRETORIA TECNICA;MEDICO ESPECIALISTA;; ESTATUTARIO;8210,22;;8210,22;1861,41;6348,81;
SAMANTHA MEDINA DE OLIVEIRA SILVA;DIRETORIA TECNICA;MEDICO GRADUADO;; ESTATUTARIO;6571,61;;6571,61;1288,99;5282,62;
SANDRA MARIA BATISTA FEITOZA;DIRETORIA TECNICA;TEC.DE HEMOTERAP.-THE-P.S.N.M.-A;; ESTATUTARIO;2370,51;;2370,51;214,56;2155,95;
SANDRA MARIA DE ALMEIDA ASSIS;DIRETORIA TECNICA;TEC. DE HEMOTERAP.-THE-P.S.N.M.-D;; ESTATUTARIO;3426,43;;3426,43;283,67;3142,76;
SAULO THIAGO SANTANA PINHEIRO;DIRETORIA ADM. FINANCEIRO;ASSIST.ADMIN.-ASA-T.S.N.M.-A;; ESTATUTARIO;2070,43;;2070,43;181,55;1888,88;
SEBASTIAO LUIS QUEIROZ RIBEIRO;DIRETORIA ADM. FINANCEIRO;MOTORISTA-MOT-T.S.N.A.-C;; ESTATUTARIO;3229,85;;3229,85;253,92;2975,93;
SERGIO MATOS DE AMORIM;DIRETORIA TECNICA;TEC.DE HEMOTERAP.-THE-P.S.N.M.-A;; ESTATUTARIO;2473,31;;2473,31;225,86;2247,45;
SERGIO ROBERTO LOPES ALBUQUERQUE;DIRETORIA TECNICA;FARMAC.BIOQ. -FAB-P.S.N.S.-A;FARM BIOQUIMICO; ESTATUTARIO;6556,22;;6556,22;1157,28;5398,94;
SERGIO ROBERTO LOPES ALBUQUERQUE;DIRETORIA TECNICA;FARMAC.BIOQ. -FAB-P.S.N.S.-C;SUBGERENTE AD-3; ESTATUTARIO;6750,31;;6750,31;1203,69;5546,62;
SHELSA LIDICE LIMA DE ARAUJO;DIRETORIA TECNICA;TECNICO DE ENFERMAGEM A;; SERVICO TEMPORARIO;2370,51;;2370,51;175,54;2194,97;
SIDNEY DA COSTA TINOCO;DIRETORIA ADM. FINANCEIRO;AGENTE ADM.-AGA-T.S.N.A.-E;AGENTE ADMINISTRAT.; ESTATUTARIO;2000,48;;2000,48;173,85;1826,63;
SILENE MARTINS LIMA;DIRETORIA TECNICA;TEC. DE HEMOTERAP.-THE-P.S.N.M.-D;; ESTATUTARIO;3051,22;;3051,22;281,52;2769,70;
SILVANA MORAES DA SILVA;DIRETORIA TECNICA;TEC.DE HEMOTERAP.-THE-P.S.N.M.-A;TEC.DE HEMOTERAPIA; ESTATUTARIO;2430,27;;2430,27;214,56;2215,71;
SOCORRO ALMEIDA DOS SANTOS;DIRETORIA TECNICA;TEC. DE HEMOTERAP.-THE-P.S.N.M.-D;GERENTE; ESTATUTARIO;6739,12;;6739,12;949,07;5790,05;
SOLANGE LUNIERES CABRAL;DIRETORIA ADM. FINANCEIRO;AGENTE ADM.-AGA-T.S.N.A.-G;; ESTATUTARIO;2255,43;;2255,43;201,90;2053,53;
SOLANGE SALES ALBUQUERQUE DE BARROS;DIRETORIA TECNICA;ENFERMEIRO-ENF-P.S.N.S.-A;; ESTATUTARIO;6003,31;;6003,31;1102,80;4900,51;
SONIA CORDEIRO CAMPELLO;DIRETORIA TECNICA;TEC. DE HEMOTERAP.-THE-P.S.N.M.-C;; ESTATUTARIO;2641,30;;2641,30;244,34;2396,96;
SONIA REJANE DE SENNA FRANTZ;DIRETORIA TECNICA;ENFERMEIRO-ENF-P.S.N.S.-A;; ESTATUTARIO;5896,43;;5896,43;1073,41;4823,02;
SORAIA DA COSTA SILVA;DIRETORIA TECNICA;TEC. DE ENFERMAGEM-TEN-P.S.N.M.-A;TEC. DE ENFERMAGEM; ESTATUTARIO;3087,69;;3087,69;260,85;2826,84;
SUANE REGINA BALBINO FERREIRA;DIRETORIA ADM. FINANCEIRO;AGENTE ADM.-AGA-T.S.N.A.-G;; ESTATUTARIO;2255,43;;2255,43;201,90;2053,53;
SUENIA MENDONCA DE ARAUJO;DIRETORIA TECNICA;MEDICO ESPECIALISTA;MEDICO ESPECIALISTA; ESTATUTARIO;8210,22;;8210,22;1861,41;6348,81;
SUZETE CAMURCA NOBRE;DIRETORIA ADM. FINANCEIRO;SOCIOLOGO-SOC-T.S.N.S.-A;; ESTATUTARIO;4546,08;;4546,08;649,90;3896,18;
SUZIE ELAINE HELCIAS PINHEIRO GOMES;DIRETORIA TECNICA;TEC.DE HEMOTERAP.-THE-P.S.N.M.-A;; ESTATUTARIO;2370,51;;2370,51;214,56;2155,95;
Thais Ditolvo da Costa Salina;DIRETORIA TECNICA;MEDICO ESPECIALISTA;; ESTATUTARIO;7504,68;;7504,68;1612,40;5892,28;
TATIANA DE FREITAS LOPES;DIRETORIA TECNICA;ASSESSOR I;ASSESSOR I AD-1; CARGO COMISSION.S/VINCULO;5520,30;;5520,30;946,24;4574,06;
TATIANA MENEZES DE SOUZA;DIRETORIA TECNICA;TEC. DE ENFERMAGEM-TEN-P.S.N.M.-A;; ESTATUTARIO;2430,27;;2430,27;214,56;2215,71;
TATIANE AMABILE DE LIMA;DIRETORIA TECNICA;FARMAC.BIOQ. -FAB-P.S.N.S.-A;; ESTATUTARIO;5896,43;;5896,43;1073,41;4823,02;
TATIANY DE VASCONCELOS CUNHA;DIRETORIA TECNICA;TEC. DE ENFERMAGEM-TEN-P.S.N.M.-A;; ESTATUTARIO;2370,51;;2370,51;214,56;2155,95;
TEREZA JACQUELINE COSTA CORTEZ;DIRETORIA TECNICA;TEC. DE HEMOTERAP.-THE-P.S.N.M.-C;; ESTATUTARIO;2608,32;;2608,32;240,72;2367,60;
THAIS LORENA NUNES DA CUNHA;DIRETORIA ADM. FINANCEIRO;ADVOGADO-ADV-T.S.N.S.-A;; ESTATUTARIO;4546,08;;4546,08;649,90;3896,18;
TOMOMI IWAMOTO;DIRETORIA TECNICA;FISIOTERAPEUTA-FIS-P.S.N.S.-A;; ESTATUTARIO;5896,43;;5896,43;1073,41;4823,02;
VAMILZA DE FONTES OLIVEIRA CORDEIRO;DIRETORIA ADM. FINANCEIRO;TECNICO-TEC-T.S.N.S.-A;; ESTATUTARIO;4546,08;;4546,08;649,90;3896,18;
VANDER SILVA SOUZA;DIRETORIA TECNICA;TEC.DE PAT.CLINICA-TPC-P.S.N.M.-A;TEC.DE PATOL.CLINICA; ESTATUTARIO;2370,51;;2370,51;214,56;2155,95;
VANDERLITA ALVES CIRINO;DIRETORIA TECNICA;FARMAC.BIOQ. -FAB-P.S.N.S.-A;FARMAC.BIOQUIMICA; ESTATUTARIO;6398,68;;6398,68;1251,57;5147,11;
VANIA DE FREITAS MORAES;DIRETORIA TECNICA;TEC.DE HEMOTERAP.-THE-P.S.N.M.-A;; ESTATUTARIO;2502,75;;2502,75;225,86;2276,89;
VANIA LUCIA LIMA DE MELO;DIRETORIA TECNICA;ASSIST.SOC.ASS-P.S.N.S.-CL.C;; ESTATUTARIO;9029,20;;9029,20;1908,83;7120,37;
VERA LUCIA CALDERARO CABRAL;DIRETORIA ADM. FINANCEIRO;AGENTE ADM.-AGA-T.S.N.A.-H;ASSESSOR IV; ESTATUTARIO;4872,58;;4872,58;480,69;4391,89;
VERA LUCIA NOVELLETO;DIRETORIA TECNICA;NUTRICIONISTA-NUT-P.S.N.S.-A;; ESTATUTARIO;5896,43;;5896,43;1073,41;4823,02;
VERANILDE CUNHA VIEGAS;DIRETORIA ADM. FINANCEIRO;TECNICO-TEC-T.S.N.S.-A;; ESTATUTARIO;4546,08;;4546,08;649,90;3896,18;
VIVIANA MARIA ARAUJO DE OLIVEIRA;DIRETORIA TECNICA;FARMAC.BIOQ. -FAB-P.S.N.S.-A;GERENTE; ESTATUTARIO;10421,57;;10421,57;2359,70;8061,87;
WAGNER LIMA CORREA;DIRETORIA TECNICA;TEC. DE ENFERMAGEM-TEN-P.S.N.M.-A;; ESTATUTARIO;2410,35;;2410,35;214,56;2195,79;
WALESKA EMANUELLE PIRES AIKAWA;DIRETORIA TECNICA;ENFERMEIRO-ENF-P.S.N.S.-A;; ESTATUTARIO;6016,67;;6016,67;1106,47;4910,20;
WALLY VICTORIA FABIENNE K A SPOSINA;DIRETORIA TECNICA;FARMAC.BIOQ. -FAB-P.S.N.S.-A;FARMACEUTICA BIOQ.; ESTATUTARIO;8678,77;;8678,77;1895,78;6782,99;
WALMIZA SALGADO DA FONSECA;DIRETORIA TECNICA;TEC. DE ENFERMAGEM-TEN-P.S.N.M.-A;; ESTATUTARIO;2420,77;;2420,77;220,08;2200,69;
WALMIZE LEITE DE SOUSA;DIRETORIA TECNICA;TEC. DE ENFERMAGEM-TEN-P.S.N.M.-A;TEC. DE ENFERMAGEM; ESTATUTARIO;2410,35;;2410,35;214,56;2195,79;
WANDERLAN KUITZINGER LIMA;DIRETORIA ADM. FINANCEIRO;AGENTE ADM.-AGA-T.S.N.A.-G;; ESTATUTARIO;2241,78;;2241,78;200,40;2041,38;
WANDERLEIA RIBEIRO DOS SANTOS;DIRETORIA TECNICA;ASSIST.SOC.ASS-P.S.N.S.-CL.A;ASSISTENTE SOCIAL; ESTATUTARIO;6398,68;;6398,68;1251,57;5147,11;
WELLINGTON DE SOUZA PEREIRA;DIRETORIA TECNICA;TEC.DE HEMOTERAP.-THE-P.S.N.M.-A;; ESTATUTARIO;2416,99;;2416,99;214,56;2202,43;
WILLIAM BREMGARTNER BELLEZA;DIRETORIA ADM. FINANCEIRO;BACHAREL EM COMP.-BQO-T.S.N.S.-A;; ESTATUTARIO;4546,08;;4546,08;649,90;3896,18;
WILMARA RAIMUNDA BATISTA DA SILVA;DIRETORIA TECNICA;ASSESSOR IV;ASSESSOR IV; CARGO COMISSION.S/VINCULO;2901,24;;2901,24;249,85;2651,39;
WILSON COSTA DE SOUSA;DIRETORIA TECNICA;TEC.DE HEMOTERAP.-THE-P.S.N.M.-B;; ESTATUTARIO;2599,65;;2599,65;237,15;2362,50;
WILSON ROQUE DA SILVA;DIRETORIA ADM. FINANCEIRO;ARTIFICE A;; ESTATUTARIO;1945,14;;1945,14;167,77;1777,37;
Yuri Nicolau Bandeira;DIRETORIA ADM. FINANCEIRO;ASSIST.ADMIN.-ASA-T.S.N.M.-A;; ESTATUTARIO;2070,43;;2070,43;181,55;1888,88;
YURI MATEUS ALVES DE MESQUITA;DIRETORIA TECNICA;TEC.DE PAT.CLINICA-TPC-P.S.N.M.-A;; ESTATUTARIO;2370,51;;2370,51;214,56;2155,95;
ZULEIDE MARTINS DE MELO;DIRETORIA ADM. FINANCEIRO;AUX.DE SERV.GER.-ASG-T.S.N.A.-B;; ESTATUTARIO;2302,60;;2302,60;186,56;2116,04;
