NOME;LOTACAO;CARGO;FUNCAO;VINCULO;REMUNERACAO LEGAL TOTAL(R$);DESC.TETO(R$); REMUNERACAO LEGAL DEVIDA(R$);DESCONTOS LEGAIS(R$);LIQUIDO DISPONIVEL(R$);
ADRIANO LUIZ ARAUJO CARDOSO;PRESIDENCIA;A.TEC-III;CHEFE DE DEPTO. AD-1; ESTATUTARIO;5771,54;;5771,54;814,37;4957,17;
ALESSANDRA BACRY CARDOZA;PRESIDENCIA;GERENTE;GERENTE AD2; CARGO COMISSION.S/VINCULO;4209,79;;4209,79;670,28;3539,51;
ALICIA DAIANA OLIVEIRA BENTES;PRESIDENCIA;GERENTE;GERENTE AD2; CARGO COMISSION.S/VINCULO;4209,79;;4209,79;670,28;3539,51;
ALINE PINTO DE MATOS;PRESIDENCIA;ASSESSOR III;ASSESSOR III AD 3; CARGO COMISSION.S/VINCULO;3191,80;;3191,80;422,40;2769,40;
ANDREA DA PAIXAO E SILVA;PRESIDENCIA;GERENTE;GERENTE AD-2; CARGO COMISSION.S/VINCULO;4209,79;;4209,79;670,28;3539,51;
EDENILSON ALVES DE SOUZA;PRESIDENCIA;MOT-III;; ESTATUTARIO;3680,46;;3680,46;269,05;3411,41;
EULER LIMA ASSIS;PRESIDENCIA;PROCURADOR CHEFE AD-1;PROCURADOR CHFE AD 1; CARGO COMISSION.S/VINCULO;5229,77;;5229,77;858,43;4371,34;
FELIPE MATTOS DE ARAUJO LIMA;PRESIDENCIA;GERENTE;GERENTE AD2; CARGO COMISSION.S/VINCULO;4209,79;;4209,79;670,28;3539,51;
FRANCISCO BERNARDINO DOS SANTOS;PRESIDENCIA;VIGIA;VIGIA; ESTATUTARIO;2288,59;;2288,59;139,07;2149,52;
GUSTAVO AMORIM CORREA;PRESIDENCIA;CHEFE DE PROCURADORIA JURIDICA AD-I;CHEFE PROC. JUR.AD-1; CARGO COMISSION.S/VINCULO;5229,77;;5229,77;986,40;4243,37;
IRIS MIYUKI MORI INAMASU;PRESIDENCIA;CHEFE DE DEPARTAMENTO;; CARGO COMISSION.S/VINCULO;5229,77;;5229,77;986,40;4243,37;
IVALDITE SOARES FARIAS;PRESIDENCIA;AUX.S.G-III;; ESTATUTARIO;2163,81;;2163,81;127,30;2036,51;
IVANILDO GAMA BARROS;PRESIDENCIA;DIRETOR TECNICO;; CARGO COMISSION.S/VINCULO;9000,00;;9000,00;2055,89;6944,11;
JESSIKA JAQUELINE DE AQUINO BEZERRA;PRESIDENCIA;GERENTE;; CARGO COMISSION.S/VINCULO;4209,79;;4209,79;670,28;3539,51;
JEU LINHARES BENTES;PRESIDENCIA;ASSISTENTE TECNICO 3A CLASSE;; ESTATUTARIO;3800,62;;3800,62;391,14;3409,48;
JOAQUIM LOUREIRO NETTO;PRESIDENCIA;MOT-III;; ESTATUTARIO;3208,99;;3208,99;197,69;3011,30;
JORGE AUGUSTO CARNEIRO DOS SANTOS;PRESIDENCIA;DIRETOR PRESIDENTE;; CARGO COMISSION.S/VINCULO;11700,00;;11700,00;2798,39;8901,61;
JOSE ITAMAR DE SOUTO;PRESIDENCIA;GERENTE;GERENTE AD 2; CARGO COMISSION.S/VINCULO;4209,79;;4209,79;670,28;3539,51;
LUCIANA D ANGELO VENTURA;PRESIDENCIA;GERENTE;; CARGO COMISSION.S/VINCULO;4209,79;;4209,79;670,28;3539,51;
LUIZ EDUARDO SILVA DE SOUZA;PRESIDENCIA;ASSESSOR I;; CARGO COMISSION.S/VINCULO;5229,77;;5229,77;986,40;4243,37;
LUIZ GRACIO FONSECA;PRESIDENCIA;A.TEC-III;; ESTATUTARIO;3593,74;;3593,74;360,11;3233,63;
MANOEL DE OLIVEIRA CORREA;PRESIDENCIA;AUX.S.G-III;; ESTATUTARIO;2163,81;;2163,81;127,30;2036,51;
MARCO ANTONIO BATISTA;PRESIDENCIA;A.TEC-III;; ESTATUTARIO;3601,82;;3601,82;305,20;3296,62;
MARIA AUXILIADORA FIGUEIREDO SILVA;PRESIDENCIA;AUX.S.G-III;; ESTATUTARIO;3461,81;;3461,81;191,93;3269,88;
MARIZETE NEVES GOMES;PRESIDENCIA;GERENTE;GERENTE; CARGO COMISSION.S/VINCULO;4209,79;;4209,79;670,28;3539,51;
MYSIA OLIVEIRA DE PAULA;PRESIDENCIA;TNS-III;CH PROC JURIDICA; ESTATUTARIO;4108,10;;4108,10;525,27;3582,83;
NAIZA NOGUEIRA MONTEIRO DE SOUZA;PRESIDENCIA;GERENTE;; CARGO COMISSION.S/VINCULO;4209,79;;4209,79;670,28;3539,51;
OSWALDO WANDERLEY DA SILVA NETO;PRESIDENCIA;TNS-III;GERENTE AD-2; ESTATUTARIO;9422,45;;9422,45;2272,19;7150,26;
PAULO DA SILVA MESQUITA;PRESIDENCIA;ASSESSOR III;; CARGO COMISSION.S/VINCULO;3191,80;;3191,80;422,40;2769,40;
PLINIO AUGUSTO ALVES MENDES;PRESIDENCIA;GERENTE;GERENTE AD-2; CARGO COMISSION.S/VINCULO;4209,79;;4209,79;670,28;3539,51;
RAIMUNDO NONATO SOUTELO DA SILVA;PRESIDENCIA;VIGIA-III;; ESTATUTARIO;2180,61;;2180,61;127,30;2053,31;
RENATO MARINHO BEZERRA JUNIOR;PRESIDENCIA;DIRETOR ADMINISTRATIVO E FINANCEIRO;; CARGO COMISSION.S/VINCULO;9000,00;;9000,00;2055,89;6944,11;
RODRIGO DE ALENCAR MAIA;PRESIDENCIA;OUVIDOR AD-1;; CARGO COMISSION.S/VINCULO;5229,77;;5229,77;986,40;4243,37;
SELMA CARVALHO ZANIRATO MAIA;PRESIDENCIA;CHEFE DE GABINETE;CHEFE DE GAB.AD-1; CARGO COMISSION.S/VINCULO;5229,77;;5229,77;986,40;4243,37;
SILVESTRE CABRAL ABRANTES;PRESIDENCIA;AUX.S.G-III;AUXILIAR SERV GERAIS; ESTATUTARIO;2188,09;;2188,09;129,97;2058,12;
