NOME;LOTACAO;CARGO;FUNCAO;VINCULO;REMUNERACAO LEGAL TOTAL(R$);DESC.TETO(R$); REMUNERACAO LEGAL DEVIDA(R$);DESCONTOS LEGAIS(R$);LIQUIDO DISPONIVEL(R$);
ADRIANO LUIZ ARAUJO CARDOSO;PRESIDENCIA;A.TEC-III;CHEFE DE DEPTO. AD-1; ESTATUTARIO;5771,54;;5771,54;814,37;4957,17;
ALESSANDRA BACRY CARDOZA;PRESIDENCIA;GERENTE;GERENTE AD2; CARGO COMISSION.S/VINCULO;4209,79;;4209,79;670,28;3539,51;
ALICIA DAIANA OLIVEIRA BENTES;PRESIDENCIA;GERENTE;GERENTE AD2; CARGO COMISSION.S/VINCULO;4209,79;;4209,79;670,28;3539,51;
ALINE PINTO DE MATOS;PRESIDENCIA;ASSESSOR III;ASSESSOR III AD 3; CARGO COMISSION.S/VINCULO;4255,73;;4255,73;684,21;3571,52;
ANDREA DA PAIXAO E SILVA;PRESIDENCIA;GERENTE;GERENTE AD-2; CARGO COMISSION.S/VINCULO;4209,79;;4209,79;670,28;3539,51;
ANTONIO LUCAS GOMES RODRIGUES;PRESIDENCIA;GERENTE;; CARGO COMISSION.S/VINCULO;4209,79;;4209,79;670,28;3539,51;
EDENILSON ALVES DE SOUZA;PRESIDENCIA;MOT-III;; ESTATUTARIO;3680,46;;3680,46;269,05;3411,41;
EULER LIMA ASSIS;PRESIDENCIA;PROCURADOR CHEFE AD-1;PROCURADOR CHFE AD 1; CARGO COMISSION.S/VINCULO;5229,77;;5229,77;858,43;4371,34;
FELIPE MATTOS DE ARAUJO LIMA;PRESIDENCIA;GERENTE;GERENTE AD2; CARGO COMISSION.S/VINCULO;5613,05;;5613,05;1121,87;4491,18;
FRANCISCO BERNARDINO DOS SANTOS;PRESIDENCIA;VIGIA;VIGIA; ESTATUTARIO;2288,59;;2288,59;139,07;2149,52;
GUSTAVO AMORIM CORREA;PRESIDENCIA;CHEFE DE PROCURADORIA JURIDICA AD-I;CHEFE PROC. JUR.AD-1; CARGO COMISSION.S/VINCULO;5229,77;;5229,77;986,40;4243,37;
IVALDITE SOARES FARIAS;PRESIDENCIA;AUX.S.G-III;; ESTATUTARIO;2163,81;;2163,81;127,30;2036,51;
JEU LINHARES BENTES;PRESIDENCIA;ASSISTENTE TECNICO 3A CLASSE;; ESTATUTARIO;3800,62;;3800,62;391,14;3409,48;
JOAQUIM LOUREIRO NETTO;PRESIDENCIA;MOT-III;; ESTATUTARIO;2406,74;;2406,74;154,03;2252,71;
JORGE AUGUSTO CARNEIRO DOS SANTOS;PRESIDENCIA;DIRETOR ADMINISTRATIVO E FINANCEIRO;DIR.ADM.FINANCEIRO; CARGO COMISSION.S/VINCULO;9000,00;;9000,00;2055,89;6944,11;
JOSE ITAMAR DE SOUTO;PRESIDENCIA;GERENTE;GERENTE AD 2; CARGO COMISSION.S/VINCULO;4209,79;;4209,79;670,28;3539,51;
LUIZ EDUARDO SILVA DE SOUZA;PRESIDENCIA;ASSESSOR I;; CARGO COMISSION.S/VINCULO;9762,35;;9762,35;2265,53;7496,82;
LUIZ GRACIO FONSECA;PRESIDENCIA;A.TEC-III;; ESTATUTARIO;3593,74;;3593,74;360,11;3233,63;
MANOEL DE OLIVEIRA CORREA;PRESIDENCIA;AUX.S.G-III;; ESTATUTARIO;2163,81;;2163,81;127,30;2036,51;
MARCIO ANDRE OLIVEIRA BRITO;PRESIDENCIA;DIRETOR PRESIDENTE;DIRETOR PRESIDENTE; CARGO COMISSION.S/VINCULO;11700,00;;11700,00;2746,25;8953,75;
MARCO ANTONIO BATISTA;PRESIDENCIA;A.TEC-III;; ESTATUTARIO;3601,82;;3601,82;305,20;3296,62;
MARIA AUXILIADORA FIGUEIREDO SILVA;PRESIDENCIA;AUX.S.G-III;; ESTATUTARIO;3461,81;;3461,81;191,93;3269,88;
MARIA ELIANE BRITO DE SOUSA;PRESIDENCIA;GERENTE;; CARGO COMISSION.S/VINCULO;4209,79;;4209,79;670,28;3539,51;
MARIZETE NEVES GOMES;PRESIDENCIA;GERENTE;GERENTE; CARGO COMISSION.S/VINCULO;4209,79;;4209,79;670,28;3539,51;
MYSIA OLIVEIRA DE PAULA;PRESIDENCIA;TNS-III;CH PROC JURIDICA; ESTATUTARIO;5477,47;;5477,47;858,72;4618,75;
NAIZA NOGUEIRA MONTEIRO DE SOUZA;PRESIDENCIA;DIRETOR TECNICO;DIRETOR TECNICO; CARGO COMISSION.S/VINCULO;12000,00;;12000,00;2880,89;9119,11;
NILSON CORONIN;PRESIDENCIA;CHEFE DE DEPARTAMENTO;; CARGO COMISSION.S/VINCULO;5229,77;;5229,77;986,40;4243,37;
OSWALDO WANDERLEY DA SILVA NETO;PRESIDENCIA;TNS-III;GERENTE AD-2; ESTATUTARIO;9422,45;;9422,45;2272,19;7150,26;
PLINIO AUGUSTO ALVES MENDES;PRESIDENCIA;GERENTE;GERENTE AD-2; CARGO COMISSION.S/VINCULO;4209,79;;4209,79;670,28;3539,51;
RAIMUNDO NONATO SOUTELO DA SILVA;PRESIDENCIA;VIGIA-III;; ESTATUTARIO;2180,61;;2180,61;127,30;2053,31;
REBECA NEPOMUCENO MESQUITA;PRESIDENCIA;GERENTE;; CARGO COMISSION.S/VINCULO;4209,79;;4209,79;670,28;3539,51;
RODRIGO DE ALENCAR MAIA;PRESIDENCIA;OUVIDOR AD-1;; CARGO COMISSION.S/VINCULO;9762,35;;9762,35;2265,53;7496,82;
SAULO FERNANDES GUIMARAES;PRESIDENCIA;ASSESSOR III;; CARGO COMISSION.S/VINCULO;3191,80;;3191,80;422,40;2769,40;
SELMA CARVALHO ZANIRATO MAIA;PRESIDENCIA;CHEFE DE GABINETE;CHEFE DE GAB.AD-1; CARGO COMISSION.S/VINCULO;5229,77;;5229,77;986,40;4243,37;
SILVESTRE CABRAL ABRANTES;PRESIDENCIA;AUX.S.G-III;AUXILIAR SERV GERAIS; ESTATUTARIO;2188,09;;2188,09;129,97;2058,12;
