NOME;LOTACAO;CARGO;FUNCAO;VINCULO;REMUNERACAO LEGAL TOTAL(R$);DESC.TETO(R$); REMUNERACAO LEGAL DEVIDA(R$);DESCONTOS LEGAIS(R$);LIQUIDO DISPONIVEL(R$);
ABDON BATISTA LEITE NETO;DIRETORIA ADMINIST.FINANCEIRA;MOT-III;; ESTATUTARIO;2219,34;;2219,34;156,16;2063,18;
ADALBERTO VICENTE;APUI;GERENTE;; CARGO COMISSION.S/VINCULO;4209,79;;4209,79;670,28;3539,51;
ADEMIR CAPRA;MANACAPURU;MOTORISTA;; ESTATUTARIO;2125,63;;2125,63;178,82;1946,81;
ADEMIR VIANA BENTES;MAUES;TECNICO EM AGROPECUARIA;; ESTATUTARIO;4631,54;;4631,54;532,31;4099,23;
ADERALDO CRAVEIRO MACIEL;TABATINGA;MOTORISTA;; ESTATUTARIO;2181,61;;2181,61;184,98;1996,63;
ADEVALDO ANTONIO CAMPINAS SANTOS;ALVARAES;TECNICO EM AGROPECUARIA;GERENTE AD-2; ESTATUTARIO;7504,87;;7504,87;1265,96;6238,91;
ADI NAGEL JUNIOR;SAO GABRIEL DA CACHOEIRA;GERENTE;; CARGO COMISSION.S/VINCULO;4209,79;;4209,79;641,84;3567,95;
ADOMILTON MONTEFUSCO LIMA;NOVO AIRAO;TECNICO EM AGROPECUARIA;; ESTATUTARIO;4631,54;;4631,54;574,97;4056,57;
ADRIANA ALVES MACHADO GRACA;BORBA;TECNICO EM AGROPECUARIA;; ESTATUTARIO;2982,85;;2982,85;290,88;2691,97;
ADRIANILSON GOES DE SOUZA;PARINTINS;ENGENHEIRO AGRONOMO;; ESTATUTARIO;9468,30;;9468,30;2300,51;7167,79;
AFRANIO CONCEICAO DA SILVA;BARREIRINHA;TECNICO EM AGROPECUARIA;; ESTATUTARIO;2982,85;;2982,85;333,54;2649,31;
AGLEI DUQUES MACIEL;DIR.DE ASSIST.TEC.E EXT.RURAL;T.AG-III;; ESTATUTARIO;3911,10;;3911,10;365,56;3545,54;
AIRTON JOSE SCHNEIDER;DIR.DE ASSIST.TEC.E EXT.RURAL;ENGENHEIRO AGRONOMO;DIR.TECNICO; ESTATUTARIO;14715,48;;14715,48;3883,58;10831,90;
ALBERTO ALVES EDWARDS;CODAJAS;TECNICO EM AGROPECUARIA;; ESTATUTARIO;3375,01;;3375,01;360,06;3014,95;
ALDENIR SILVA DE ARAUJO;MANACAPURU;ASSISTENTE TECNICO;; ESTATUTARIO;2653,76;;2653,76;235,68;2418,08;
ALDIZIO DE SOUZA LIMEIRA;HUMAITA;MOTORISTA;; ESTATUTARIO;2844,96;;2844,96;179,71;2665,25;
ALFEU FERRAZ FILHO;DIR.DE ASSIST.TEC.E EXT.RURAL;ENGENHEIRO DE PESCA;GERENTE AD/2; ESTATUTARIO;10888,10;;10888,10;2691,80;8196,30;
ALFREDO DA SILVA PINHEIRO;DIR.DE ASSIST.TEC.E EXT.RURAL;ENGENHEIRO AGRONOMO;CHEFE DE DEPARTAMENT; ESTATUTARIO;12740,59;;12740,59;3287,70;9452,89;
ALINE ALVES MONTECONRADO;GABINETE;ASSESSOR III;; CARGO COMISSION.S/VINCULO;3191,80;;3191,80;392,90;2798,90;
ANA PATRICIA DE SOUZA MARTINS;PROCURADORIA JURIDICA;A.TEC-III;; ESTATUTARIO;2995,03;;2995,03;273,32;2721,71;
ANA PAULA CARDOSO QUEIROZ DE PAIVA;DIR.DE ASSIST.TEC.E EXT.RURAL;ENGENHEIRO FLORESTAL;; ESTATUTARIO;9508,75;;9508,75;2399,59;7109,16;
ANA PAULA MELO GERTUDE;PROCURADORIA JURIDICA;ASSESSOR III;; CARGO COMISSION.S/VINCULO;3191,80;;3191,80;422,40;2769,40;
ANDRE PINHEIRO DE SOUZA;ASSESSORIA;ASSESSOR III;; CARGO COMISSION.S/VINCULO;3191,80;;3191,80;422,40;2769,40;
ANDRESON OLIVEIRA CARDOSO;EIRUNEPE;GERENTE;GERENTE AD2; CARGO COMISSION.S/VINCULO;5613,05;;5613,05;1121,87;4491,18;
ANECILENE CINTIA BUZAGLO;DIR.DE ASSIST.TEC.E EXT.RURAL;GERENTE;; CARGO COMISSION.S/VINCULO;4209,79;;4209,79;613,40;3596,39;
ANGELA CONCEICAO PAES;DIR.DE ASSIST.TEC.E EXT.RURAL;TECNICO EM CONTABILIDADE;TEC.DE CONTABILIDADE; ESTATUTARIO;5030,84;;5030,84;586,12;4444,72;
ANGELA GONCALVES DE ANDRADE;DIRETORIA DE FOMENTO;AGENTE ADMINISTRATIVO;; ESTATUTARIO;2680,00;;2680,00;229,50;2450,50;
ANTONIO AFONSO DA FONSECA PINTO;CAREIRO;TECNICO EM AGROPECUARIA;; ESTATUTARIO;2793,57;;2793,57;282,09;2511,48;
ANTONIO CARLOS LACERDA DE SOUZA;LABREA;ASSISTENTE TECNICO;; ESTATUTARIO;2983,82;;2983,82;262,59;2721,23;
ANTONIO CAVALCANTE DE ABREU;EIRUNEPE;AUX.ADM-III;; ESTATUTARIO;1739,09;;1739,09;136,30;1602,79;
ANTONIO CLARET MAGALHAES FERREIRA;DIR.DE ASSIST.TEC.E EXT.RURAL;ENGENHEIRO AGRONOMO;GERENTE AD/2; ESTATUTARIO;11727,17;;11727,17;3007,76;8719,41;
ANTONIO CLAUDIO RODRIGUES DE SA;DIRETORIA DE FOMENTO;TECNICO EM AGROPECUARIA;; ESTATUTARIO;3899,12;;3899,12;438,17;3460,95;
ANTONIO DIONES SILVA DE SOUZA;GUAJARA;GERENTE;GERENTE AD-2; CARGO COMISSION.S/VINCULO;3975,90;;3975,90;56,13;3919,77;
ANTONIO GARGANTA DOMINGUES FILHO;ITACOATIARA;TECNICO EM AGROPECUARIA;; ESTATUTARIO;3341,16;;3341,16;353,60;2987,56;
ANTONIO JANDIR CONTENTE MORAIS;DIR.DE ASSIST.TEC.E EXT.RURAL;TNS-III;; ESTATUTARIO;11202,37;;11202,37;2928,46;8273,91;
ANTONIO LUIZ BARBOSA DE OLIVEIRA;MANACAPURU;ENGENHEIRO AGRONOMO;; ESTATUTARIO;6330,70;;6330,70;1154,86;5175,84;
ANTONIO MARQUES DE LIMA SOBRINHO;IRANDUBA;MOTORISTA FLUVIAL;; ESTATUTARIO;2051,43;;2051,43;170,66;1880,77;
ANTONIO PAZ DOS SANTOS;DIRETORIA ADMINIST.FINANCEIRA;VIGIA;; ESTATUTARIO;2345,66;;2345,66;166,69;2178,97;
ARCENIO JOSE LOBATO JUNIOR;MAUES;TECNICO EM AGROPECUARIA;; ESTATUTARIO;2982,85;;2982,85;333,54;2649,31;
ARI BATISTA DA COSTA;IRANDUBA;ENGENHEIRO AGRONOMO;; ESTATUTARIO;9971,99;;9971,99;2323,04;7648,95;
ARLETE DOS SANTOS COELHO;FONTE BOA;ASSISTENTE TECNICO 2A CLASSE;ASSISTENTE TECNICO; ESTATUTARIO;2549,03;;2549,03;256,86;2292,17;
ARLINDO ELIAS REGIS;DIR.DE ASSIST.TEC.E EXT.RURAL;OPERADOR DE MAQUINA;; ESTATUTARIO;2039,81;;2039,81;175,04;1864,77;
ARLINDO RODRIGUES DOS SANTOS FILHO;BOA VISTA DO RAMOS;TECNICO EM AGROPECUARIA;; ESTATUTARIO;5825,54;;5825,54;878,53;4947,01;
ARMANDO JORGE LUZ DA SILVA;DIR.DE ASSIST.TEC.E EXT.RURAL;ECONOMISTA;CHEFE DE DEPARTAMENT; ESTATUTARIO;6977,20;;6977,20;1297,36;5679,84;
ATENOR COSTA DE LIMA;BOCA DO ACRE;TECNICO EM AGROPECUARIA;; ESTATUTARIO;4631,54;;4631,54;617,63;4013,91;
ATRIO CHAGAS DE SOUZA;CARAUARI;GERENTE;GERENTE AD-2; CARGO COMISSION.S/VINCULO;4209,79;;4209,79;670,28;3539,51;
AUGUSTO CESAR SANTANA DE ABREU;DIRETORIA ADMINIST.FINANCEIRA;AGENTE ADMINISTRATIVO;; ESTATUTARIO;2618,30;;2618,30;240,23;2378,07;
AUGUSTO RUBENS PEREIRA DA COSTA;PARINTINS;TECNICO EM AGROPECUARIA;; ESTATUTARIO;3094,38;;3094,38;307,62;2786,76;
AUREO ENRIQUE SANTOS CARVALHO;CAAPIRANGA;GERENTE;GERENTE AD-2; CARGO COMISSION.S/VINCULO;4209,79;;4209,79;641,84;3567,95;
BENJAMIN RODRIGUES DA COSTA;ANORI;MOTORISTA;; ESTATUTARIO;2084,65;;2084,65;174,31;1910,34;
BISMARCK BATALHA BENACON;JURUA;GERENTE;GERENTE AD-2; CARGO COMISSION.S/VINCULO;4209,79;;4209,79;670,28;3539,51;
CARLOS ALBERTO CRUZ FARIAS;MARAA;TECNICO EM AGROPECUARIA;GERENTE AD/2; ESTATUTARIO;5581,15;;5581,15;344,41;5236,74;
CARLOS ALBERTO SOARES DE MAGALHAES;DIR.DE ASSIST.TEC.E EXT.RURAL;ENGENHEIRO AGRONOMO;; ESTATUTARIO;12133,33;;12133,33;3199,99;8933,34;
CARLOS ANTONIO PANTOJA;LABREA;ENGENHEIRO AGRONOMO;GERENTE AD/2; ESTATUTARIO;14792,00;;14792,00;3878,99;10913,01;
CARLOS FREIRE CALAFATE FERREIRA;BARREIRINHA;GERENTE;; CARGO COMISSION.S/VINCULO;4209,79;;4209,79;641,84;3567,95;
CARLOS LACERDA FERREIRA F AMORIM;TEFE;TECNICO EM AGROPECUARIA;; ESTATUTARIO;3144,24;;3144,24;308,18;2836,06;
CARLOS LEILSON DA MOTA SILVA;DIRETORIA ADMINIST.FINANCEIRA;AGENTE ADMINISTRATIVO;; ESTATUTARIO;3156,08;;3156,08;254,43;2901,65;
CARLOS ROBERTO VIANA PINTO;DIRETORIA ADMINIST.FINANCEIRA;AUX.S.G-III;; ESTATUTARIO;1183,54;;1183,54;130,19;1053,35;
CLAUDIO ADRIANO CARDOSO AMANAJAS;MANACAPURU;TECNICO EM AGROPECUARIA;; ESTATUTARIO;3014,24;;3014,24;259,91;2754,33;
CLAUSAK MACIEL BONIFACIO;DIR.DE ASSIST.TEC.E EXT.RURAL;ENGENHEIRO DE PESCA;; ESTATUTARIO;8787,62;;8787,62;2195,91;6591,71;
CLEUBI JOSE DE PAULA ROL;JUTAI;MOTORISTA;; ESTATUTARIO;1975,24;;1975,24;162,28;1812,96;
CLEUDO BRASIL BERNARDO DE OLIVEIRA;MANICORE;TECNICO EM AGROPECUARIA;; ESTATUTARIO;4446,63;;4446,63;404,32;4042,31;
DALMO DE SOUZA DOS ANJOS;PROCURADORIA JURIDICA;ENGENHEIRO AGRONOMO;PROCURADOR CHEFE AD1; ESTATUTARIO;12456,96;;12456,96;3247,80;9209,16;
DANIEL LIMA LEANDRO;AMATURA;ASSISTENTE TECNICO PNM.ANM-III;GERENTE AD-2; ESTATUTARIO;5126,32;;5126,32;528,00;4598,32;
DARIO DE SOUZA PENA NETO;MANACAPURU;ASSESSOR III;; CARGO COMISSION.S/VINCULO;3191,80;;3191,80;422,40;2769,40;
DELDUQUE TOUCIMA DE ARAUJO;MANACAPURU;TECNICO EM AGROPECUARIA;GERENTE AD/2; ESTATUTARIO;4362,13;;4362,13;488,61;3873,52;
DENIS DE LIMA CORREIA;AUTAZES;GERENTE;; CARGO COMISSION.S/VINCULO;4209,79;;4209,79;670,28;3539,51;
DIMITRI LOUZADA TORRES PORTUGAL;DIR.DE ASSIST.TEC.E EXT.RURAL;GERENTE;GERENTE AD/2; CARGO COMISSION.S/VINCULO;4209,79;;4209,79;670,28;3539,51;
DJANEIDE DA SILVA LISBOA;DIRETORIA DE FOMENTO;TECNICO EM AGROPECUARIA;; ESTATUTARIO;2798,28;;2798,28;285,38;2512,90;
DOMINGOS DE LIMA MARQUES;CAREIRO;MOTORISTA;; ESTATUTARIO;2845,40;;2845,40;194,22;2651,18;
DORATY CHAVES DE OLIVEIRA;IRANDUBA;AGENTE ADMINISTRATIVO 1A CLASSE;AGENTE ADMINISTRAT.; ESTATUTARIO;2534,35;;2534,35;223,78;2310,57;
EDA MARIA OLIVA SOUZA;DEPARTAMENTO DE PLANEJAMENTO;GERENTE;; CARGO COMISSION.S/VINCULO;4209,79;;4209,79;670,28;3539,51;
EDELUZA BARBOSA DE OLIVEIRA;IRANDUBA;ENGENHEIRO AGRONOMO;; ESTATUTARIO;10140,55;;10140,55;2538,24;7602,31;
EDILENE MARIA SANTANA A KAWAKAMI;PARINTINS;AGENTE ADMINISTRATIVO 4A CLASSE;; ESTATUTARIO;2416,54;;2416,54;205,10;2211,44;
EDIMAR VIZOLLI;APUI;TECNICO EM AGROPECUARIA;TEC EM AGROPECUARIA; ESTATUTARIO;4103,77;;4103,77;415,13;3688,64;
EDMAR RAIMUNDO NASCIMENTO DE SOUZA;DIRETORIA ADMINIST.FINANCEIRA;MOT-III;; ESTATUTARIO;2045,69;;2045,69;154,24;1891,45;
EDNO SOARES DA COSTA;HUMAITA;ASSISTENTE ADMINISTRATIVO;; ESTATUTARIO;4750,41;;4750,41;482,96;4267,45;
ELCINA DE LIMA DA SILVA;NOVA OLINDA DO NORTE;EXTENSIONISTA SOCIAL MEDIO;; ESTATUTARIO;2645,78;;2645,78;272,98;2372,80;
ELIANE DEBORA LEITE SOARES;DIR.DE ASSIST.TEC.E EXT.RURAL;GERENTE;GERENTE AD-2; CARGO COMISSION.S/VINCULO;4209,79;;4209,79;670,28;3539,51;
ELIONETH DE OLIVEIRA SANCHES;DIRETORIA ADMINIST.FINANCEIRA;GERENTE;GERENTE AD-2; CARGO COMISSION.S/VINCULO;4209,79;;4209,79;613,40;3596,39;
ELIZABETH CAVALCANTE DE LIMA GOMES;TABATINGA;ASSISTENTE TECNICO;; ESTATUTARIO;2996,31;;2996,31;279,48;2716,83;
ELIZAMA BARBOSA DA SILVA;DIR.DE ASSIST.TEC.E EXT.RURAL;ASSISTENTE TECNICO;; ESTATUTARIO;4193,95;;4193,95;489,86;3704,09;
EMERSON PEDRACA DE FRANCA;MANICORE;ASSISTENTE TECNICO III;; ESTATUTARIO;2856,53;;2856,53;197,65;2658,88;
EMILIO ANDRADE REZK;ITACOATIARA;TECNICO EM AGROPECUARIA;TEC. EM AGROPECUARIA; ESTATUTARIO;2734,12;;2734,12;272,98;2461,14;
EUGENIO BORGES;MAUES;TECNICO EM AGROPECUARIA;; ESTATUTARIO;2775,30;;2775,30;282,64;2492,66;
EUGENIO OLIVEIRA BRAS;TABATINGA;VIGIA;; ESTATUTARIO;1779,52;;1779,52;137,84;1641,68;
EVANDRO DA SILVA AZEVEDO;DIRETORIA ADMINIST.FINANCEIRA;AUXILIAR DE SERVICOS GERAIS;; ESTATUTARIO;2564,94;;2564,94;138,21;2426,73;
EVANI DA CONCEICAO TAVARES MALCHER;DIRETORIA ADMINIST.FINANCEIRA;GERENTE;GERENTE AD-2; CARGO COMISSION.S/VINCULO;4209,79;;4209,79;670,28;3539,51;
FAVILLA GENTIL NETO;SAO SEBASTIAO DO UATUMA;ENGENHEIRO AGRONOMO;GERENTE AD/2; ESTATUTARIO;10309,67;;10309,67;2531,66;7778,01;
FERNANDO BATISTA DA SILVA;DIRETORIA ADMINIST.FINANCEIRA;AUXILIAR DE SERVICOS GERAIS;; ESTATUTARIO;2259,68;;2259,68;137,85;2121,83;
FRANCIOMAR DA ROCHA COSTA;DIRETORIA ADMINIST.FINANCEIRA;OPERADOR GRAFICO;; ESTATUTARIO;3895,81;;3895,81;293,04;3602,77;
FRANCISCO ALDENEI FERREIRA PICANCO;PARINTINS;MOTORISTA;; ESTATUTARIO;2332,27;;2332,27;181,58;2150,69;
FRANCISCO BRASIL NEPONUCENO;CODAJAS;GERENTE;; CARGO COMISSION.S/VINCULO;4209,79;;4209,79;613,40;3596,39;
FRANCISCO DE ASSIS BRANDAO CARLOS;DIRETORIA ADMINIST.FINANCEIRA;ASSISTENTE TECNICO;; ESTATUTARIO;2530,31;;2530,31;232,69;2297,62;
FRANCISCO EDUARDO DE MORAIS;LABREA;TECNICO EM AGROPECUARIA;; ESTATUTARIO;4355,41;;4355,41;429,29;3926,12;
FRANCISCO ELAIME MONTEIRO DA SILVA;IRANDUBA;GERENTE;; CARGO COMISSION.S/VINCULO;4209,79;;4209,79;670,28;3539,51;
FRANCISCO HELIO DE MEDEIROS;COARI;TECNICO DE NIVEL SUPERIOR;; ESTATUTARIO;5260,80;;5260,80;904,90;4355,90;
FRANCISCO LIMA DA SILVA;MANAQUIRI;TECNICO EM AGROPECUARIA;; ESTATUTARIO;4631,54;;4631,54;617,63;4013,91;
FRANCISCO MACEDO DE O FILHO;DIRETORIA DE FOMENTO;TECNICO EM AGROPECUARIA;; ESTATUTARIO;2897,98;;2897,98;300,74;2597,24;
FRANCISCO OSMAR LINHARES;RIO PRETO DA EVA;ENGENHEIRO AGRONOMO;; ESTATUTARIO;9433,07;;9433,07;2291,78;7141,29;
FRANK LUIZ DE LIMA GADELHA;MAUES;GERENTE;GERENTE AD-2; CARGO COMISSION.S/VINCULO;4209,79;;4209,79;641,84;3567,95;
GEORGE MARIO GRIJO DA SILVA;ANORI;TECNICO EM AGROPECUARIA;; ESTATUTARIO;3977,13;;3977,13;337,02;3640,11;
GERALDO DE CARVALHO SILVA;PARINTINS;TECNICO EM AGROPECUARIA;; ESTATUTARIO;2829,31;;2829,31;252,71;2576,60;
GERALDO DOS SANTOS REIS CONCEICAO;DIRETORIA DE FOMENTO;ENGENHEIRO AGRONOMO;; ESTATUTARIO;10036,11;;10036,11;2536,25;7499,86;
GERARDO HONORIO DE BRITO;NOVA OLINDA DO NORTE;AUXILIAR DE SERVICOS GERAIS;; ESTATUTARIO;1753,12;;1753,12;137,84;1615,28;
GERMIRO JOSE GOMES DAMIAO;DIR.DE ASSIST.TEC.E EXT.RURAL;AUX.O-III;; ESTATUTARIO;1407,04;;1407,04;130,19;1276,85;
GILBERTO DO NASCIMENTO RODRIGUES;MANICORE;VIGIA;; ESTATUTARIO;1779,52;;1779,52;137,84;1641,68;
GISELY DA SILVA MELO;HUMAITA;GERENTE;; CARGO COMISSION.S/VINCULO;4209,79;;4209,79;641,84;3567,95;
HELENIO ARAUJO FIGUEIREDO;DIR.DE ASSIST.TEC.E EXT.RURAL;TECNICO EM AGROPECUARIA;CH.DEPARTAMENTO AD/1; ESTATUTARIO;6082,01;;6082,01;926,21;5155,80;
HELISON RAMOS SAMPAIO;JUTAI;GERENTE;GERENTE AD-2; CARGO COMISSION.S/VINCULO;4209,79;;4209,79;670,28;3539,51;
HELTON FARIAS DA SILVA;AUTAZES;TECNICO EM AGROPECUARIA;; ESTATUTARIO;4474,13;;4474,13;514,57;3959,56;
HUGO STENIO GAMA DOS SANTOS;DIR.DE ASSIST.TEC.E EXT.RURAL;TECNICO EM AGROPECUARIA;GERENTE AD/2; ESTATUTARIO;4964,68;;4964,68;619,17;4345,51;
ILISEU MONTEIRO DA SILVA;COARI;GERENTE;; CARGO COMISSION.S/VINCULO;4209,79;;4209,79;613,40;3596,39;
ILZINALDO CARVALHO GUIMARAES FILHO;DIRETORIA DE FOMENTO;TECNICO EM AGROPECUARIA;; ESTATUTARIO;3135,54;;3135,54;330,77;2804,77;
ISVALDO LIMA DA SILVA;IRANDUBA;TECNICO EM AGROPECUARIA;; ESTATUTARIO;3388,10;;3388,10;360,75;3027,35;
IVAN PONCE DE LEAO;DIRETORIA ADMINIST.FINANCEIRA;AGENTE ADMINISTRATIVO;; ESTATUTARIO;2617,90;;2617,90;274,33;2343,57;
IVANEIDE MUNIZ DOS SANTOS;DIRETORIA DE FOMENTO;AUX.S.G-III;; ESTATUTARIO;1605,81;;1605,81;127,30;1478,51;
IVO ROBERTO PEREIRA DOS SANTOS;DIR.DE ASSIST.TEC.E EXT.RURAL;TECNICO EM AGROPECUARIA;; ESTATUTARIO;4701,35;;4701,35;296,12;4405,23;
JACINTA MOREIRA COELHO;PROCURADORIA JURIDICA;EXTENSIONISTA SOCIAL;GERENTE AD/2; ESTATUTARIO;5205,54;;5205,54;750,60;4454,94;
JAGUANHARA DE ANDRADE LOPES;DIR.DE ASSIST.TEC.E EXT.RURAL;ENGENHEIRO AGRONOMO;; ESTATUTARIO;8846,14;;8846,14;2076,17;6769,97;
JAIME GATENHA FERREIRA FILHO;VILA RICA DE CAVIANA;ASSESSOR III;ASSESSOR III AD-3; CARGO COMISSION.S/VINCULO;3191,80;;3191,80;422,40;2769,40;
JAIME VITOR DOS SANTOS;DIR.DE ASSIST.TEC.E EXT.RURAL;TECNICO EM AGROPECUARIA;GERENTE AD/2; ESTATUTARIO;5026,71;;5026,71;684,32;4342,39;
JALPERY VIANA DE SOUZA;DIRETORIA DE FOMENTO;ASSISTENTE TECNICO;; ESTATUTARIO;2756,59;;2756,59;271,48;2485,11;
JAMILSON PAULO BARROS LARAY;RIO PRETO DA EVA;TECNICO EM AGROPECUARIA;; ESTATUTARIO;4073,56;;4073,56;468,35;3605,21;
JANDER DE JESUS FONSECA DA SILVA;BARCELOS;A.TEC-III;; ESTATUTARIO;4077,54;;4077,54;374,29;3703,25;
JANIO FERREIRA FRANCO DE AMORIM;TABATINGA;TECNICO EM AGROPECUARIA;; ESTATUTARIO;2787,51;;2787,51;281,03;2506,48;
JEAN BARROS FERREIRA;DIR.DE ASSIST.TEC.E EXT.RURAL;TECNICO EM AGROPECUARIA;; ESTATUTARIO;3753,11;;3753,11;348,06;3405,05;
JEAN CARLOS SILVEIRA DA SILVA;JAPURA;VIGIA-VIG-T.S.N.A.-A;GERENTE AD2; ESTATUTARIO;4629,39;;4629,39;475,60;4153,79;
JEAN FRANK CAVALCANTE MAGALHAES;ANORI;TECNICO EM AGROPECUARIA;GERENTE AD-2; ESTATUTARIO;5825,54;;5825,54;613,57;5211,97;
JOAO ALMEIDA DE OLIVEIRA;ITACOATIARA;ASSISTENTE TECNICO;; ESTATUTARIO;3014,67;;3014,67;308,83;2705,84;
JOAO BATISTA DE OLIVEIRA LACERDA;BARCELOS;GERENTE;; CARGO COMISSION.S/VINCULO;4209,79;;4209,79;670,28;3539,51;
JOAO BATISTA GOMES DO NASCIMENTO;CANUTAMA;GERENTE;; CARGO COMISSION.S/VINCULO;4209,79;;4209,79;584,96;3624,83;
JOAO BOSCO ALVES DE SIQUEIRA;DIR.DE ASSIST.TEC.E EXT.RURAL;ENGENHEIRO DE PESCA;ENGENHEIRO DE PESCA; ESTATUTARIO;9660,21;;9660,21;2407,76;7252,45;
JOAO BOSCO ANDRE GORDIANO;DIR.DE ASSIST.TEC.E EXT.RURAL;TECNICO EM AGROPECUARIA;; ESTATUTARIO;6171,49;;6171,49;791,41;5380,08;
JOAO CLAUDIR DA SILVA LEITAO;IRANDUBA;TECNICO EM AGROPECUARIA;; ESTATUTARIO;2970,54;;2970,54;318,40;2652,14;
JOAO DELMO REIS DE OLIVEIRA;MANACAPURU;VIGIA-III;; ESTATUTARIO;1915,69;;1915,69;154,24;1761,45;
JOAO HILARIO BORGES DE BASTOS;MATUPI;GERENTE;GERENTE AD2; CARGO COMISSION.S/VINCULO;4209,79;;4209,79;584,96;3624,83;
JOAO NESTOR DE SOUZA HAGE;ITACOATIARA;TECNICO EM AGROPECUARIA;GERENTE AD-2; ESTATUTARIO;5938,15;;5938,15;782,42;5155,73;
JOAQUIM FONSECA DE LIMA;LABREA;AGENTE ADMINISTRATIVO;; ESTATUTARIO;3811,57;;3811,57;391,78;3419,79;
JONILSON DE SOUZA AZEVEDO;MANAQUIRI;TECNICO EM AGROPECUARIA;GERENTE AD/2; ESTATUTARIO;5589,07;;5589,07;486,11;5102,96;
JORGE ANTONIO FERREIRA CARVALHO;CARAUARI;TECNICO EM AGROPECUARIA;; ESTATUTARIO;2961,77;;2961,77;232,22;2729,55;
JORGE AUGUSTO REIS MONTEIRO;DIRETORIA DE FOMENTO;TECNICO EM AGROPECUARIA;; ESTATUTARIO;3135,54;;3135,54;347,67;2787,87;
JOSAFA NOVAIS MACEDO;VILA EXTREMA - LABREA;GERENTE;; CARGO COMISSION.S/VINCULO;4209,79;;4209,79;670,28;3539,51;
JOSE ALEXANDRE MESQUITA LIMA;BOCA DO ACRE;GERENTE;GERENTE AD-2; CARGO COMISSION.S/VINCULO;4209,79;;4209,79;670,28;3539,51;
JOSE ALFREDO FELICIANO DA SILVA;ENVIRA;ASSISTENTE TECNICO;; ESTATUTARIO;2549,03;;2549,03;242,64;2306,39;
JOSE ALFREDO SILVEIRA DO AMARAL;DEPARTAMENTO FINANCEIRO;GERENTE;; CARGO COMISSION.S/VINCULO;4209,79;;4209,79;670,28;3539,51;
JOSE ARIMATEIA SIMOES;URUCARA;TECNICO EM AGROPECUARIA;; ESTATUTARIO;4436,20;;4436,20;465,08;3971,12;
JOSE ARTEMIS RODRIGUES MONTECONRADO;ITAMARATI;TECNICO EM AGROPECUARIA;GERENTE AD-2; ESTATUTARIO;5825,54;;5825,54;273,11;5552,43;
JOSE BARROSO SALVIANO;DIRETORIA DE FOMENTO;AGENTE ADMINISTRATIVO;; ESTATUTARIO;2934,57;;2934,57;280,60;2653,97;
JOSE CARLOS OLIVEIRA DE MENDONCA;DIRETORIA ADMINIST.FINANCEIRA;A.TEC-III;; ESTATUTARIO;2523,47;;2523,47;225,52;2297,95;
JOSE COELHO DAVILA;TABATINGA;TECNICO EM CONTABILIDADE;; ESTATUTARIO;2455,45;;2455,45;215,10;2240,35;
JOSE DE OLIVEIRA NEVES;SILVES;MOTORISTA;; ESTATUTARIO;1989,97;;1989,97;163,90;1826,07;
JOSE DE OLIVEIRA RAMOS;PARINTINS;ASSISTENTE TECNICO;; ESTATUTARIO;2754,07;;2754,07;259,98;2494,09;
JOSE DE OLIVEIRA RIBEIRO;PROCURADORIA JURIDICA;TECNICO EM AGROPECUARIA;; ESTATUTARIO;3165,71;;3165,71;318,00;2847,71;
JOSE EONE DE SOUZA MONTEFUSCO;DIRETORIA ADMINIST.FINANCEIRA;TNS-III;; ESTATUTARIO;4857,37;;4857,37;744,50;4112,87;
JOSE ERISON GOES CASTRO;BARREIRINHA;MOTORISTA FLUVIAL;; ESTATUTARIO;1882,50;;1882,50;127,30;1755,20;
JOSE LIRA DO NASCIMENTO;CARAUARI;MOTORISTA;; ESTATUTARIO;2141,83;;2141,83;180,60;1961,23;
JOSE LUIS ANDRADE PINTO;BOA VISTA DO RAMOS;MOTORISTA;; ESTATUTARIO;1961,09;;1961,09;160,72;1800,37;
JOSE MARIA DE MATOS;COARI;TECNICO EM AGROPECUARIA;; ESTATUTARIO;3138,20;;3138,20;324,61;2813,59;
JOSE MARIA FERREIRA;IRANDUBA;TECNICO EM AGROPECUARIA;; ESTATUTARIO;4423,39;;4423,39;505,43;3917,96;
JOSE MARIA FRADE JUNIOR;RIO PRETO DA EVA;ENGENHEIRO AGRONOMO;GERENTE AD/2; ESTATUTARIO;10837,50;;10837,50;2771,04;8066,46;
JOSE MARIA RAMOS DE SOUZA;DIRETORIA ADMINIST.FINANCEIRA;TECNICO EM AGROPECUARIA;; ESTATUTARIO;3613,88;;3613,88;397,26;3216,62;
JOSE MILTON BARBOSA FILHO;DIR.DE ASSIST.TEC.E EXT.RURAL;ENGENHEIRO AGRONOMO;; ESTATUTARIO;18077,18;;18077,18;3488,14;14589,04;
JOSE NORTINO NUNES MEDEIROS;DIR.DE ASSIST.TEC.E EXT.RURAL;T.AG-III;; ESTATUTARIO;3012,52;;3012,52;282,96;2729,56;
JOSE RAIMUNDO MARINHO GARCIA;DIRETORIA DE FOMENTO;AUXILIAR DE SERVICOS GERAIS;; ESTATUTARIO;2047,62;;2047,62;137,84;1909,78;
JOSE RAIMUNDO NORONHA CALACINA;BOCA DO ACRE;MOTORISTA;; ESTATUTARIO;2134,05;;2134,05;179,75;1954,30;
JOSE RAMONILSON DE SOUZA GOMES;DIR.DE ASSIST.TEC.E EXT.RURAL;ENGENHEIRO AGRONOMO;; ESTATUTARIO;7686,35;;7686,35;1633,02;6053,33;
JOSE RICARDO GONCALVES MACIEL;NOVO ARIPUANA;TECNICO EM AGROPECUARIA;; ESTATUTARIO;4249,94;;4249,94;456,58;3793,36;
JOSE TARCISIO DA SILVA E SOUSA;BORBA;TECNICO EM AGROPECUARIA;; ESTATUTARIO;4637,39;;4637,39;552,08;4085,31;
JOSE VASCONCELOS DE FARIAS NETO;CAREIRO DA VARZEA;TECNICO EM AGROPECUARIA;GERENTE AD/2; ESTATUTARIO;5631,87;;5631,87;802,57;4829,30;
JOSINALDO BEZERRA PACHECO;CAREIRO DA VARZEA;TECNICO EM AGROPECUARIA;; ESTATUTARIO;2803,68;;2803,68;251,33;2552,35;
JULIA SANTOS DE SEIXAS;DIR.DE ASSIST.TEC.E EXT.RURAL;A.TEC-III;; ESTATUTARIO;3842,19;;3842,19;400,88;3441,31;
JULIO CESAR DE LIMA GOES;SILVES;TECNICO EM AGROPECUARIA;; ESTATUTARIO;5680,29;;5680,29;663,45;5016,84;
JUNEVAL PINHEIRO CARDOSO;PARINTINS;TECNICO EM AGROPECUARIA;; ESTATUTARIO;2785,85;;2785,85;294,78;2491,07;
KELLY EDUARDO SOUZA CARDOSO;BENJAMIN CONSTANT;GERENTE;; CARGO COMISSION.S/VINCULO;4209,79;;4209,79;641,84;3567,95;
LAURO DE MEDEIROS MARTINS;BARREIRINHA;AUXILIAR DE SERVICOS GERAIS;; ESTATUTARIO;1807,96;;1807,96;143,88;1664,08;
LAZARO MONTEIRO REIS;DIR.DE ASSIST.TEC.E EXT.RURAL;TECNICO EM AGROPECUARIA;GERENTE AD/2; ESTATUTARIO;5171,85;;5171,85;588,22;4583,63;
LENA GUIOMAR CAVALCANTE F BARBOSA;PROCURADORIA JURIDICA;GERENTE;GERENTE AD-2; CARGO COMISSION.S/VINCULO;4209,79;;4209,79;641,84;3567,95;
LICURGO MALHEIROS RODRIGUES;URUCARA;ASSISTENTE TECNICO;; ESTATUTARIO;3107,77;;3107,77;288,16;2819,61;
LOURIVALDO NASCIMENTO BARROS;BORBA;TECNICO EM AGROPECUARIA;; ESTATUTARIO;4631,54;;4631,54;532,31;4099,23;
LUCELISY SILVA BORGES;GABINETE;BIOLOGO;CH.GABINETE AD-1; ESTATUTARIO;7621,38;;7621,38;1562,90;6058,48;
LUCIANO LOBO PINHEIRO VAZ;NOVO REMANSO;GERENTE;GERENTE AD-2; CARGO COMISSION.S/VINCULO;4209,79;;4209,79;641,84;3567,95;
LUCIVALDO RIBEIRO PEREIRA;PARINTINS;ENGENHEIRO DE PESCA;; ESTATUTARIO;11094,00;;11094,00;2914,18;8179,82;
LUIS ANTONIO DA SILVA CRISTO;MANAQUIRI;MOTORISTA;; ESTATUTARIO;2792,03;;2792,03;181,34;2610,69;
LUIZ ALBERTO LIRA DA CRUZ;DIR.DE ASSIST.TEC.E EXT.RURAL;TECNICO EM AGROPECUARIA;; ESTATUTARIO;3936,20;;3936,20;444,31;3491,89;
LUIZ ALDINEY ALVES DE OLIVEIRA;PRESIDENTE FIGUEIREDO;TECNICO EM AGROPECUARIA;GERENTE AD-2; ESTATUTARIO;5825,54;;5825,54;656,23;5169,31;
LUIZ ANTONIO NASCIMENTO;DIR.DE ASSIST.TEC.E EXT.RURAL;TECNICO EM AGROPECUARIA;; ESTATUTARIO;3759,77;;3759,77;378,11;3381,66;
LUIZ CARLOS DO HERVAL FILHO;DIR.DE ASSIST.TEC.E EXT.RURAL;ENGENHEIRO AGRONOMO;DIR.PRESIDENTE; ESTATUTARIO;16515,48;;16515,48;4378,58;12136,90;
LUIZ CARLOS EHM MAIA;SANTA IZABEL DO RIO NEGRO;GERENTE;; CARGO COMISSION.S/VINCULO;4209,79;;4209,79;670,28;3539,51;
LUIZ EUCLIDES PESSOA SOUZA;NHAMUNDA;TECNICO EM AGROPECUARIA;GERENTE AD-2; ESTATUTARIO;5361,61;;5361,61;661,82;4699,79;
LUIZ NUNES DIAS;ENVIRA;TECNICO EM AGROPECUARIA;; ESTATUTARIO;2982,85;;2982,85;273,11;2709,74;
LUIZ ROBERTO PEREIRA DA COSTA;BOA VISTA DO RAMOS;TECNICO EM AGROPECUARIA;; ESTATUTARIO;2829,31;;2829,31;252,71;2576,60;
LUIZ ROCHA MACIEL;DIR.DE ASSIST.TEC.E EXT.RURAL;GERENTE;; CARGO COMISSION.S/VINCULO;5613,05;;5613,05;1069,73;4543,32;
LUIZ VANDERLEI NEVES AZEVEDO;PAUINI;TECNICO EM AGROPECUARIA;; ESTATUTARIO;3333,54;;3333,54;331,40;3002,14;
LUIZA IREIDE BEZERRA SOUZA;GABINETE;A.TEC-III;; ESTATUTARIO;3595,03;;3595,03;303,54;3291,49;
LUZIANE CRISTINE SIQUEIRA TAVARES;DIRETORIA ADMINIST.FINANCEIRA;ASSISTENTE TECNICO;; ESTATUTARIO;4947,14;;4947,14;608,24;4338,90;
MALVINO SALVADOR;DIR.DE ASSIST.TEC.E EXT.RURAL;DIRETOR DE ASSIST.TEC.EXT.FLORESTAL;; CARGO COMISSION.S/VINCULO;9000,00;;9000,00;2055,89;6944,11;
MANOEL LIBORIO DA COSTA FILHO;URUCARA;ASSISTENTE TECNICO;; ESTATUTARIO;2993,21;;2993,21;306,88;2686,33;
MANOEL ORLANDO MONTEIRO NASCIMENTO;TABATINGA;GERENTE;; CARGO COMISSION.S/VINCULO;4209,79;;4209,79;584,96;3624,83;
MANOEL PEREIRA DA SILVA;UARINI;TECNICO EM AGROPECUARIA;; ESTATUTARIO;4631,54;;4631,54;458,32;4173,22;
MARCELO FRANCA GADELHA;ITACOATIARA;TECNICO EM AGROPECUARIA;; ESTATUTARIO;2982,85;;2982,85;319,32;2663,53;
MARCILIO PASCHOALINO;DIRETORIA DE FOMENTO;ENGENHEIRO AGRONOMO;; ESTATUTARIO;10139,95;;10139,95;1698,86;8441,09;
MARCOS ANTONIO CERQUEIRA;DIR.DE ASSIST.TEC.E EXT.RURAL;ENGENHEIRO DE PESCA;; ESTATUTARIO;8771,43;;8771,43;1654,20;7117,23;
MARCOS ANTONIO DE SOUZA;NOVO AIRAO;GERENTE;; CARGO COMISSION.S/VINCULO;4209,79;;4209,79;670,28;3539,51;
MARGARETH NASCIMENTO BARROS;ITACOATIARA;EXTENSIONISTA SOCIAL;; ESTATUTARIO;2683,57;;2683,57;249,36;2434,21;
MARIA AMELIA CENA ARROJAVE;DIRETORIA ADMINIST.FINANCEIRA;COZINHEIRO;; ESTATUTARIO;1603,02;;1603,02;151,75;1451,27;
MARIA AUXILIADORA RIBEIRO;BORBA;ASSISTENTE TECNICO;; ESTATUTARIO;2920,22;;2920,22;281,89;2638,33;
MARIA BARBARA DE SOUZA MAGALHAES;PARINTINS;AUXILIAR TECNICO;; ESTATUTARIO;2589,06;;2589,06;242,87;2346,19;
MARIA DAS GRACAS BARBOSA DA SILVA;DIRETORIA ADMINIST.FINANCEIRA;TNS-III;CHEFE DE DEPARTAMENT; ESTATUTARIO;7021,97;;7021,97;1352,72;5669,25;
MARIA DAS GRACAS MACHADO LOPES;PARINTINS;EXTENSIONISTA SOCIAL MEDIO;; ESTATUTARIO;3345,04;;3345,04;318,93;3026,11;
MARIA DE LOURDES DE SOUZA;APUI;AUXILIAR DE SERVICOS GERAIS;; ESTATUTARIO;2802,60;;2802,60;185,05;2617,55;
MARIA DELZILENE VIEIRA DA COSTA;EIRUNEPE;ASSISTENTE TECNICO;; ESTATUTARIO;2887,55;;2887,55;292,25;2595,30;
MARIA DO CARMO ARAUJO;DEPTO.DE OPERACOES TECNICAS;GERENTE;; CARGO COMISSION.S/VINCULO;4209,79;;4209,79;670,28;3539,51;
MARIA DO SOCORRO FERNANDES DA SILVA;DIR.DE ASSIST.TEC.E EXT.RURAL;TECNICO EM CONTABILIDADE;; ESTATUTARIO;4175,04;;4175,04;480,09;3694,95;
MARIA EULINA BATALHA DOS ANJOS;URUCARA;ASSISTENTE TECNICO;; ESTATUTARIO;2615,40;;2615,40;268,59;2346,81;
MARIA HELENA DA COSTA RODRIGUES;DIR.DE ASSIST.TEC.E EXT.RURAL;FILOSOFO;EXTENS RURAL SUPERIO; ESTATUTARIO;4935,99;;4935,99;895,26;4040,73;
MARIA JOSE DE MELO ANDREOLA;DIRETORIA ADMINIST.FINANCEIRA;AGENTE ADMINISTRATIVO;GERENTE AD/2; ESTATUTARIO;2390,83;;2390,83;217,34;2173,49;
MARIA JOSE MENDONCA DE OLIVEIRA;SAO PAULO DE OLIVENCA;GERENTE;GERENTE AD-2; CARGO COMISSION.S/VINCULO;4209,79;;4209,79;641,84;3567,95;
MARIA LUCINEIDE DA SILVA SANTOS;DIRETORIA ADMINIST.FINANCEIRA;A.TEC-III;GERENTE AD/2; ESTATUTARIO;5267,73;;5267,73;741,09;4526,64;
MARIA NAZARE SOUZA MARTINS;PARINTINS;ASSISTENTE TECNICO 3A CLASSE;ASSISTENTE TECNICO; ESTATUTARIO;2629,80;;2629,80;270,82;2358,98;
MARILDO XIMENDES DA SILVA;MANACAPURU;TECNICO EM AGROPECUARIA;; ESTATUTARIO;5825,54;;5825,54;826,39;4999,15;
MARINEZIO PESSOA DE SOUZA;NHAMUNDA;TECNICO EM AGROPECUARIA;; ESTATUTARIO;2951,88;;2951,88;292,39;2659,49;
MARIO FRANCISCO CALDAS ONO;DIR.DE ASSIST.TEC.E EXT.RURAL;TECNICO EM AGROPECUARIA;; ESTATUTARIO;5508,72;;5508,72;791,41;4717,31;
MARIO JORGE MACEDO CORREIA;DIRETORIA ADMINIST.FINANCEIRA;A.TEC-III;; ESTATUTARIO;2305,77;;2305,77;207,99;2097,78;
MARIO REGIS SOARES GOMES;TABATINGA;TECNICO AGRICOLA;; ESTATUTARIO;2428,85;;2428,85;212,17;2216,68;
MARISA DA COSTA BEZERRA;DIRETORIA ADMINIST.FINANCEIRA;ASSISTENTE TECNICO;; ESTATUTARIO;4225,01;;4225,01;496,80;3728,21;
MARIZA DA PAZ DANTAS RODRIGUES;CODAJAS;ASSISTENTE TECNICO 1A CLASSE;ASSISTENTE TECNICO; ESTATUTARIO;3646,93;;3646,93;396,42;3250,51;
MARIZA LISLEY DA SILVA JUREMA;MANICORE;GERENTE;; CARGO COMISSION.S/VINCULO;4209,79;;4209,79;641,84;3567,95;
MARLENE RAMOS REIS;COARI;ASSISTENTE TECNICO;; ESTATUTARIO;2544,54;;2544,54;224,90;2319,64;
MAURICIO BORGES;AUTAZES;TECNICO EM AGROPECUARIA;; ESTATUTARIO;4673,38;;4673,38;561,32;4112,06;
MIBERWAL FERREIRA JUCA;DIRETORIA ADMINIST.FINANCEIRA;DIRETOR ADMINISTRATIVO E FINANCEIRO;; CARGO COMISSION.S/VINCULO;9000,00;;9000,00;2055,89;6944,11;
MICHELEN BRITO LOBO;DEPTO.ADMINISTRATIVO;GERENTE;; CARGO COMISSION.S/VINCULO;4209,79;;4209,79;613,40;3596,39;
MIRTA DOS SANTOS PONTES;PRESIDENTE FIGUEIREDO;ASSISTENTE TECNICO;; ESTATUTARIO;2731,19;;2731,19;285,41;2445,78;
MOACIR ALVES MARAES;DIR.DE ASSIST.TEC.E EXT.RURAL;AUXILIAR DE SERVICOS GERAIS;; ESTATUTARIO;1476,62;;1476,62;137,84;1338,78;
NADIELE PEREIRA PACHECO;DEPATO.DE ASSIST.TEC.EXT.RURAL;CHEFE DE DEPARTAMENTO;; CARGO COMISSION.S/VINCULO;5229,77;;5229,77;986,40;4243,37;
NEDER DE SOUZA FALCAO;IRANDUBA;TECNICO EM AGROPECUARIA;; ESTATUTARIO;2970,54;;2970,54;289,96;2680,58;
NEILA DOS SANTOS CARDOSO DUARTE;CAREIRO DA VARZEA;ASSISTENTE TECNICO;; ESTATUTARIO;3504,04;;3504,04;340,71;3163,33;
NELCYRLANE ALCANTARA CASCAES;MANAQUIRI;TECNICO EM AGROPECUARIA;; ESTATUTARIO;2982,85;;2982,85;333,54;2649,31;
NELIO DE OLIVEIRA SENA;RIO PRETO DA EVA;TECNICO EM AGROPECUARIA;; ESTATUTARIO;4631,54;;4631,54;532,31;4099,23;
NELSON FELIPE DE ALBUQUERQUE L NETO;DIR.DE ASSIST.TEC.E EXT.RURAL;GERENTE;; CARGO COMISSION.S/VINCULO;4209,79;;4209,79;670,28;3539,51;
NESTOR RIBEIRO NETO;TONANTINS;TECNICO EM AGROPECUARIA;; ESTATUTARIO;6175,39;;6175,39;1026,88;5148,51;
NEUDA MARIA DE LIMA;DIRETORIA DE FOMENTO;TECNICO EM CONTABILIDADE;; ESTATUTARIO;2421,24;;2421,24;255,97;2165,27;
NEY DE FREITAS ASSIS;BOCA DO ACRE;TECNICO EM AGROPECUARIA;; ESTATUTARIO;4727,21;;4727,21;575,62;4151,59;
NILZOMAR FERREIRA BARBOSA;PARINTINS;TECNICO EM AGROPECUARIA;; ESTATUTARIO;4935,47;;4935,47;325,00;4610,47;
NONATO RAIMUNDO GOMES DE ALMEIDA;EIRUNEPE;VIGIA;; ESTATUTARIO;2436,33;;2436,33;158,74;2277,59;
OCTACILIO JOSE PESSOA FERREIRA NETO;PARINTINS;MEDICO VETERINARIO;; ESTATUTARIO;5898,69;;5898,69;935,10;4963,59;
OFIR DE SOUZA HAGE;DIRETORIA DE FOMENTO;TECNICO EM AGROPECUARIA;GERENTE AD/2; ESTATUTARIO;5136,84;;5136,84;622,80;4514,04;
OMESIAS MACEDO DOS SANTOS;URUCARA;TECNICO EM AGROPECUARIA;GERENTE AD/2; ESTATUTARIO;5547,17;;5547,17;779,78;4767,39;
ORLANDO PEREIRA ANTUNES;BOA VISTA DO RAMOS;ASSISTENTE TECNICO;; ESTATUTARIO;2540,12;;2540,12;224,41;2315,71;
OSIMAR DA SILVA OLIVEIRA;AUTAZES;MED.V-III;; ESTATUTARIO;6647,26;;6647,26;1301,16;5346,10;
OSMAR DE SOUZA MENEZES;EIRUNEPE;ASSISTENTE TECNICO;; ESTATUTARIO;3692,47;;3692,47;374,05;3318,42;
OSMAR LIRA DE CARVALHO;DIRETORIA ADMINIST.FINANCEIRA;AUXILIAR DE SERVICOS GERAIS;; ESTATUTARIO;3012,83;;3012,83;214,29;2798,54;
OYAMA RODRIGUES PEDRACA;MANICORE;TECNICO EM AGROPECUARIA;; ESTATUTARIO;3056,47;;3056,47;302,85;2753,62;
OZEAS DE SOUSA LIMA;DIRETORIA DE FOMENTO;MEDICO VETERINARIO;; ESTATUTARIO;5193,17;;5193,17;812,56;4380,61;
OZENILDO OLIVEIRA MINEIRO;DIRETORIA DE FOMENTO;TECNICO EM AGROPECUARIA;; ESTATUTARIO;3135,54;;3135,54;316,55;2818,99;
PAULO CESAR FERREIRA DA SILVA;MATUPI;GERENTE;GERENTE AD-2; CARGO COMISSION.S/VINCULO;4209,79;;4209,79;670,28;3539,51;
PAULO FERREIRA GALVAO;DIR.DE ASSIST.TEC.E EXT.RURAL;ENGENHEIRO CIVIL;; ESTATUTARIO;9566,28;;9566,28;2344,09;7222,19;
PAULO RAMOS ROLIM;DIR.DE ASSIST.TEC.E EXT.RURAL;ENGENHEIRO DE PESCA;; ESTATUTARIO;10653,50;;10653,50;2595,65;8057,85;
PAULO SERGIO FERREIRA DAMASO;ITACOATIARA;TECNICO EM AGROPECUARIA;; ESTATUTARIO;4700,14;;4700,14;612,16;4087,98;
PAULO SOARES COSTA;MANAQUIRI;ENGENHEIRO AGRONOMO;; ESTATUTARIO;6456,65;;6456,65;1243,86;5212,79;
PEDRO CASTRO DA SILVA;URUCARA;AUXILIAR TECNICO;; ESTATUTARIO;2446,34;;2446,34;214,10;2232,24;
PEDRO CHAVES DA SILVA;DIR.DE ASSIST.TEC.E EXT.RURAL;GERENTE;; CARGO COMISSION.S/VINCULO;4209,79;;4209,79;670,28;3539,51;
PEDRO HAMILTON MARQUES DE OLIVEIRA;ENVIRA;TECNICO EM AGROPECUARIA;; ESTATUTARIO;3977,13;;3977,13;369,35;3607,78;
PERPETUO SOCORRO DE OLIVEIRA LOPES;PARINTINS;TECNICO EM CONTABILIDADE;; ESTATUTARIO;3051,09;;3051,09;310,70;2740,39;
PHILLIPE GABRIEL BRANDAO;CAREIRO;GERENTE;GERENTE AD-2; CARGO COMISSION.S/VINCULO;4209,79;;4209,79;641,84;3567,95;
PLACIDO DA SILVA RAMOS FILHO;MANACAPURU;ENGENHEIRO AGRONOMO;; ESTATUTARIO;9255,71;;9255,71;1910,37;7345,34;
RAIMUNDA GONCALVES DA CUNHA;CAREIRO;AGENTE ADMINISTRATIVO;; ESTATUTARIO;2510,41;;2510,41;244,75;2265,66;
RAIMUNDA MARIA RODRIGUES DA SILVA;DIRETORIA DE FOMENTO;A.TEC-III;; ESTATUTARIO;2089,06;;2089,06;207,02;1882,04;
RAIMUNDO BARROS DE MOURA;LABREA;VIGIA;; ESTATUTARIO;2017,37;;2017,37;147,75;1869,62;
RAIMUNDO DA SILVA QUEIROZ;CODAJAS;MOTORISTA;; ESTATUTARIO;2614,79;;2614,79;187,76;2427,03;
RAIMUNDO GERSON SOUZA DA COSTA;DIRETORIA DE FOMENTO;ENGENHEIRO FLORESTAL;; ESTATUTARIO;20465,18;;20465,18;5780,64;14684,54;
RAIMUNDO MACIEL DE OLIVEIRA;DIRETORIA DE FOMENTO;MOTORISTA DE AUTOS;; ESTATUTARIO;2459,83;;2459,83;193,97;2265,86;
RAIMUNDO MENDES LEAL FILHO;MAUES;TECNICO EM AGROPECUARIA;; ESTATUTARIO;2982,85;;2982,85;333,54;2649,31;
RAIMUNDO NONATO DE LIMA LYRA;DIRETORIA ADMINIST.FINANCEIRA;ASSISTENTE TECNICO;; ESTATUTARIO;4016,69;;4016,69;429,56;3587,13;
RAIMUNDO NONATO RIBEIRO AMBROSIO;CAREIRO;AUX.O-III;; ESTATUTARIO;1683,54;;1683,54;130,19;1553,35;
RAIMUNDO OBERTO CASCAES;MANAQUIRI;MOTORISTA;; ESTATUTARIO;2313,80;;2313,80;179,75;2134,05;
RAIMUNDO OSCAR VIEIRA DE OLIVEIRA;PARINTINS;TECNICO EM AGROPECUARIA;; ESTATUTARIO;2743,49;;2743,49;276,01;2467,48;
RAIMUNDO PASCOAL DO ROSARIO;ITACOATIARA;MOTORISTA;; ESTATUTARIO;2140,86;;2140,86;180,49;1960,37;
RAIMUNDO PEREIRA AMORIM;DIR.DE ASSIST.TEC.E EXT.RURAL;TECNICO EM AGROPECUARIA;; ESTATUTARIO;3943,28;;3943,28;361,01;3582,27;
RAIMUNDO VIEIRA DA SILVA;DIR.DE ASSIST.TEC.E EXT.RURAL;PEDAGOGO;; ESTATUTARIO;5781,27;;5781,27;932,79;4848,48;
RAIMUNDO ZOROASTRO N BRANDAO;TABATINGA;TECNICO AGRICOLA;GERENTE AD/2; ESTATUTARIO;4077,54;;4077,54;380,30;3697,24;
REDINE CLAUDIO XAVIER;ENVIRA;TECNICO EM AGROPECUARIA;; ESTATUTARIO;4400,00;;4400,00;339,15;4060,85;
REGIMARA ALVES BREVES;DIRETORIA ADMINIST.FINANCEIRA;AGENTE ADMINISTRATIVO;GERENTE AD/2; ESTATUTARIO;4950,08;;4950,08;566,50;4383,58;
RENATO ALVES DE ARAUJO;ITACOATIARA;AUX.O-III;; ESTATUTARIO;1893,45;;1893,45;153,28;1740,17;
RENATO MARQUES DO NASCIMENTO;DIRETORIA ADMINIST.FINANCEIRA;AUXILIAR DE SERVICOS GERAIS;; ESTATUTARIO;1476,62;;1476,62;137,84;1338,78;
RENATO PALMA DE LIMA;BORBA;ASSISTENTE TECNICO;; ESTATUTARIO;3151,64;;3151,64;319,74;2831,90;
RICKSON DA CRUZ VALENTE;PARINTINS;TECNICO EM AGROPECUARIA;; ESTATUTARIO;3253,94;;3253,94;301,32;2952,62;
RITA CELIA DE SIQUEIRA C ARAUJO;DIR.DE ASSIST.TEC.E EXT.RURAL;TNS-III;; ESTATUTARIO;4057,08;;4057,08;587,98;3469,10;
ROBERTO AIRES EDWARDS DE OLIVEIRA;CAREIRO DA VARZEA;TECNICO EM AGROPECUARIA;; ESTATUTARIO;2982,85;;2982,85;333,54;2649,31;
ROBERTO VANDERLEI DE ARRUDA;APUI;AGENTE ADMINISTRATIVO;; ESTATUTARIO;4340,88;;4340,88;438,41;3902,47;
RODERICO DE LIMA LIMEIRA;MANICORE;MOTORISTA;; ESTATUTARIO;2134,37;;2134,37;179,78;1954,59;
ROLANGIO PEREIRA DE SOUSA;IRANDUBA;ENGENHEIRO AGRONOMO;; ESTATUTARIO;6648,17;;6648,17;1319,53;5328,64;
ROMUALDO FIGUEIREDO RAMOS;DIR.DE ASSIST.TEC.E EXT.RURAL;TECNICO EM AGROPECUARIA;; ESTATUTARIO;3957,41;;3957,41;414,05;3543,36;
RONAN DE SOUZA;URICURITUBA;GERENTE;; CARGO COMISSION.S/VINCULO;4209,79;;4209,79;613,40;3596,39;
ROSALBINA MOURA CAVALCANTE;DIRETORIA ADMINIST.FINANCEIRA;AUX.S.G-III;; ESTATUTARIO;1762,23;;1762,23;130,19;1632,04;
ROSEMIRO PICANCO ROCHA FILHO;PARINTINS;TECNICO EM CONTABILIDADE;TEC.DE CONTABILIDADE; ESTATUTARIO;2955,66;;2955,66;274,24;2681,42;
ROSENAY DA SILVA DOMINGUES;ITACOATIARA;ASSISTENTE TECNICO;; ESTATUTARIO;2974,18;;2974,18;303,65;2670,53;
ROSILQUE MENDES DE FRANCA;SILVES;GERENTE;GERENTE AD-2; CARGO COMISSION.S/VINCULO;4209,79;;4209,79;641,84;3567,95;
ROSINEI SOUSA DA SILVA;BORBA;GERENTE;; CARGO COMISSION.S/VINCULO;4209,79;;4209,79;670,28;3539,51;
RUCIAN SANTOS DE ANDRADE;TAPAUA;ASSISTENTE TECNICO PNM.ANM-III;GERENTE AD2; ESTATUTARIO;5172,05;;5172,05;542,19;4629,86;
RUI LIMA DE SOUZA;IRANDUBA;TECNICO EM AGROPECUARIA;; ESTATUTARIO;2738,80;;2738,80;261,08;2477,72;
RUI PEREIRA SAMPAIO;URUCARA;A.TEC-III;; ESTATUTARIO;4311,76;;4311,76;495,21;3816,55;
SCHIRLEY ELVIRA PINTO ATAIDE;ITACOATIARA;TECNICO EM AGROPECUARIA;; ESTATUTARIO;2982,85;;2982,85;319,32;2663,53;
SEBASTIAO DA SILVA GOMES;DIRETORIA ADMINIST.FINANCEIRA;AUXILIAR DE SERVICOS GERAIS;; ESTATUTARIO;1476,62;;1476,62;137,84;1338,78;
SEBASTIAO DIAS DE MENDONCA;DIR.DE ASSIST.TEC.E EXT.RURAL;ENGENHEIRO AGRONOMO;GERENTE AD/2; ESTATUTARIO;11718,78;;11718,78;3062,26;8656,52;
SEBASTIAO JOSE PINHEIRO DA PAIXAO;IRANDUBA;CAD-III;; ESTATUTARIO;2608,48;;2608,48;231,90;2376,58;
SEBASTIAO ROQUE DA CRUZ;DIRETORIA DE FOMENTO;TECNICO EM AGROPECUARIA;; ESTATUTARIO;4273,90;;4273,90;413,27;3860,63;
SERGIO AUGUSTO FROES CAVALCANTE;BERURI;TECNICO EM AGROPECUARIA;; ESTATUTARIO;4631,54;;4631,54;473,60;4157,94;
SIDNEY SOUZA DE ARAUJO;TEFE;GERENTE;GERENTE AD-2; CARGO COMISSION.S/VINCULO;4209,79;;4209,79;613,40;3596,39;
SILDOVERIO ALMEIDA TUNDIS;DIR.DE ASSIST.TEC.E EXT.RURAL;ENG-III;; ESTATUTARIO;9468,00;;9468,00;2414,59;7053,41;
SIMAR RODRIGUES MONTEIRO;ASSESSORIA;ASSESSOR III;; CARGO COMISSION.S/VINCULO;3191,80;;3191,80;422,40;2769,40;
SIMONE CARVALHO DE ANDRADE;PAUINI;GERENTE;; CARGO COMISSION.S/VINCULO;4209,79;;4209,79;584,96;3624,83;
SIMONE DE NAZARE LIMA DA SILVA;ATALAIA DO NORTE;GERENTE;GERENTE AD/2; CARGO COMISSION.S/VINCULO;4209,79;;4209,79;613,40;3596,39;
TADEU VELOSO PACHECO;ITAPIRANGA;TECNICO EM AGROPECUARIA;; ESTATUTARIO;4631,54;;4631,54;532,31;4099,23;
VALDECIO DA SILVA GOMES;IPIXUNA;GERENTE;; CARGO COMISSION.S/VINCULO;4209,79;;4209,79;613,40;3596,39;
VALDEMIR BAIA SOARES;DIR.DE ASSIST.TEC.E EXT.RURAL;A.TEC-III;SEC INFOR AGRICOLA; ESTATUTARIO;2163,75;;2163,75;214,43;1949,32;
VALDENIZA PRAIANO DE SOUZA;DIRETORIA ADMINIST.FINANCEIRA;TECNICO EM CONTABILIDADE;; ESTATUTARIO;2920,34;;2920,34;315,10;2605,24;
VALDENOR PEREIRA DE AZEVEDO;BORBA;AUXILIAR DE SERVICOS GERAIS;; ESTATUTARIO;1755,46;;1755,46;138,10;1617,36;
VALERIA NOGUEIRA DE JESUS;DIR.DE ASSIST.TEC.E EXT.RURAL;A.TEC-III;; ESTATUTARIO;3591,14;;3591,14;359,48;3231,66;
VASCO BENTO DOS SANTOS RIBEIRO;GABINETE;EXTENSIONISTA RURAL MEDIO;EXTENC. RURAL MEDIO; ESTATUTARIO;1961,22;;1961,22;215,73;1745,49;
VICENTE MARQUES DA SILVA FILHO;NOVA OLINDA DO NORTE;TECNICO EM AGROPECUARIA;GERENTE AD-2; ESTATUTARIO;5618,56;;5618,56;799,01;4819,55;
VILDO PEDRO TEIXEIRA;BARREIRINHA;MOTORISTA;; ESTATUTARIO;3173,91;;3173,91;249,61;2924,30;
WALDOMIRO BORGES DE ARAUJO;NOVO AIRAO;ASSISTENTE TECNICO;; ESTATUTARIO;2761,44;;2761,44;261,12;2500,32;
WALTER RIBEIRO DE CARVALHO;DIRETORIA ADMINIST.FINANCEIRA;ENGENHEIRO AGRONOMO;; ESTATUTARIO;13034,06;;13034,06;3474,42;9559,64;
WANDERLEY HOLLANDA CAVALCANTE;PARINTINS;SOCIOLOGO;; ESTATUTARIO;5255,55;;5255,55;859,22;4396,33;
WARLEN ARIEL CORNELIO FERMIN;SANTO ANTONIO DO ICA;GERENTE;GERENTE AD-2; CARGO COMISSION.S/VINCULO;4209,79;;4209,79;670,28;3539,51;
WASHINGTON LUIS AGUIAR;DIR.DE ASSIST.TEC.E EXT.RURAL;ENGENHEIRO AGRONOMO;GERENTE AD/2; ESTATUTARIO;11749,15;;11749,15;3067,81;8681,34;
WEBERTY DARIO MARINHO;FONTE BOA;GERENTE;; CARGO COMISSION.S/VINCULO;4209,79;;4209,79;613,40;3596,39;
ZACARIAS DA SILVA GONDIM;DIR.DE ASSIST.TEC.E EXT.RURAL;TECNICO EM AGROPECUARIA;; ESTATUTARIO;1047,70;;1047,70;242,34;805,36;
ZILDO FRANCA DE LIMA;ENVIRA;AGENTE ADM.-AGA-T.S.N.A.-E;GERENTE AD-2; ESTATUTARIO;4636,16;;4636,16;351,57;4284,59;
