NOME;LOTACAO;CARGO;FUNCAO;VINCULO;REMUNERACAO LEGAL TOTAL(R$);DESC.TETO(R$); REMUNERACAO LEGAL DEVIDA(R$);DESCONTOS LEGAIS(R$);LIQUIDO DISPONIVEL(R$);
ABDON BATISTA LEITE NETO;DIRETORIA ADMINIST.FINANCEIRA;MOT-III;; ESTATUTARIO;2907,07;;2907,07;205,46;2701,61;
ADALBERTO VICENTE;APUI;GERENTE AD-2;; CARGO COMISSION.S/VINCULO;4209,79;;4209,79;670,28;3539,51;
ADEMIR CAPRA;MANACAPURU;MOTORISTA;; ESTATUTARIO;2125,63;;2125,63;178,82;1946,81;
ADEMIR VIANA BENTES;MAUES;TECNICO EM AGROPECUARIA;; ESTATUTARIO;6175,39;;6175,39;922,60;5252,79;
ADERALDO CRAVEIRO MACIEL;TABATINGA;MOTORISTA;; ESTATUTARIO;2181,61;;2181,61;184,98;1996,63;
ADEVALDO ANTONIO CAMPINAS SANTOS;ALVARAES;TECNICO EM AGROPECUARIA;GERENTE AD-2; ESTATUTARIO;5633,54;;5633,54;751,35;4882,19;
ADI NAGEL JUNIOR;SAO GABRIEL DA CACHOEIRA;GERENTE AD-2;; CARGO COMISSION.S/VINCULO;4209,79;;4209,79;641,84;3567,95;
ADOMILTON MONTEFUSCO LIMA;NOVO AIRAO;TECNICO EM AGROPECUARIA;; ESTATUTARIO;6175,39;;6175,39;974,74;5200,65;
ADRIANA ALVES MACHADO GRACA;BORBA;TECNICO EM AGROPECUARIA;; ESTATUTARIO;2982,85;;2982,85;290,88;2691,97;
ADRIANILSON GOES DE SOUZA;PARINTINS;ENGENHEIRO AGRONOMO;; ESTATUTARIO;9468,30;;9468,30;2300,51;7167,79;
AFRANIO CONCEICAO DA SILVA;BARREIRINHA;TECNICO EM AGROPECUARIA;; ESTATUTARIO;3977,13;;3977,13;473,91;3503,22;
AGLEI DUQUES MACIEL;DIR.DE ASSIST.TEC.E EXT.RURAL;T.AG-III;; ESTATUTARIO;3911,10;;3911,10;365,56;3545,54;
AIRTON JOSE SCHNEIDER;DIR.DE ASSIST.TEC.E EXT.RURAL;ENGENHEIRO AGRONOMO;DIR.TECNICO; ESTATUTARIO;6615,48;;6615,48;1425,34;5190,14;
ALBERTO ALVES EDWARDS;CODAJAS;TECNICO EM AGROPECUARIA;; ESTATUTARIO;3375,01;;3375,01;360,06;3014,95;
ALDENIR SILVA DE ARAUJO;MANACAPURU;ASSISTENTE TECNICO;; ESTATUTARIO;2653,76;;2653,76;235,68;2418,08;
ALDIZIO DE SOUZA LIMEIRA;HUMAITA;MOTORISTA;; ESTATUTARIO;2133,72;;2133,72;179,71;1954,01;
ALFEU FERRAZ FILHO;DIR.DE ASSIST.TEC.E EXT.RURAL;ENGENHEIRO DE PESCA;GERENTE AD/2; ESTATUTARIO;10888,10;;10888,10;2691,80;8196,30;
ALFREDO DA SILVA PINHEIRO;DIR.DE ASSIST.TEC.E EXT.RURAL;ENGENHEIRO AGRONOMO;CHEFE DE DEPARTAMENT; ESTATUTARIO;16585,55;;16585,55;4345,06;12240,49;
ANA PATRICIA DE SOUZA MARTINS;PROCURADORIA JURIDICA;A.TEC-III;; ESTATUTARIO;2297,03;;2297,03;220,97;2076,06;
ANA PAULA CARDOSO QUEIROZ DE PAIVA;DIR.DE ASSIST.TEC.E EXT.RURAL;ENGENHEIRO FLORESTAL;; ESTATUTARIO;9508,75;;9508,75;2399,59;7109,16;
ANA PAULA MELO GERTUDE;PROCURADORIA JURIDICA;ASSESSOR III AD-3;; CARGO COMISSION.S/VINCULO;3191,80;;3191,80;422,40;2769,40;
ANDRE PINHEIRO DE SOUZA;ASSESSORIA;ASSESSOR III AD-3;; CARGO COMISSION.S/VINCULO;3191,80;;3191,80;422,40;2769,40;
ANDRESON OLIVEIRA CARDOSO;EIRUNEPE;GERENTE AD-2;GERENTE AD2; CARGO COMISSION.S/VINCULO;4209,79;;4209,79;670,28;3539,51;
ANECILENE CINTIA BUZAGLO;DIR.DE ASSIST.TEC.E EXT.RURAL;GERENTE AD-2;; CARGO COMISSION.S/VINCULO;4209,79;;4209,79;613,40;3596,39;
ANGELA CONCEICAO PAES;DIR.DE ASSIST.TEC.E EXT.RURAL;TECNICO EM CONTABILIDADE;TEC.DE CONTABILIDADE; ESTATUTARIO;2475,13;;2475,13;226,62;2248,51;
ANGELA GONCALVES DE ANDRADE;DIRETORIA DE FOMENTO;AGENTE ADMINISTRATIVO;; ESTATUTARIO;2680,00;;2680,00;229,50;2450,50;
ANTONIO AFONSO DA FONSECA PINTO;CAREIRO;TECNICO EM AGROPECUARIA;; ESTATUTARIO;2793,57;;2793,57;282,09;2511,48;
ANTONIO CARLOS LACERDA DE SOUZA;LABREA;ASSISTENTE TECNICO;; ESTATUTARIO;2983,82;;2983,82;262,59;2721,23;
ANTONIO CAVALCANTE DE ABREU;EIRUNEPE;AUX.ADM-III;; ESTATUTARIO;1739,09;;1739,09;136,30;1602,79;
ANTONIO CLARET MAGALHAES FERREIRA;DIR.DE ASSIST.TEC.E EXT.RURAL;ENGENHEIRO AGRONOMO;GERENTE AD/2; ESTATUTARIO;11727,17;;11727,17;3007,76;8719,41;
ANTONIO CLAUDIO RODRIGUES DE SA;DIRETORIA DE FOMENTO;TECNICO EM AGROPECUARIA;; ESTATUTARIO;3899,12;;3899,12;438,17;3460,95;
ANTONIO DIONES SILVA DE SOUZA;GUAJARA;GERENTE AD-2;GERENTE AD-2; CARGO COMISSION.S/VINCULO;4209,79;;4209,79;670,28;3539,51;
ANTONIO GARGANTA DOMINGUES FILHO;ITACOATIARA;TECNICO EM AGROPECUARIA;; ESTATUTARIO;3341,16;;3341,16;353,60;2987,56;
ANTONIO JANDIR CONTENTE MORAIS;DIR.DE ASSIST.TEC.E EXT.RURAL;TNS-III;; ESTATUTARIO;11758,05;;11758,05;3081,27;8676,78;
ANTONIO LUIZ BARBOSA DE OLIVEIRA;MANACAPURU;ENGENHEIRO AGRONOMO;; ESTATUTARIO;6330,70;;6330,70;1154,86;5175,84;
ANTONIO MARQUES DE LIMA SOBRINHO;IRANDUBA;MOTORISTA FLUVIAL;; ESTATUTARIO;2051,43;;2051,43;170,66;1880,77;
ANTONIO PAZ DOS SANTOS;DIRETORIA ADMINIST.FINANCEIRA;VIGIA;; ESTATUTARIO;2345,66;;2345,66;166,69;2178,97;
ARCENIO JOSE LOBATO JUNIOR;MAUES;TECNICO EM AGROPECUARIA;; ESTATUTARIO;2982,85;;2982,85;333,54;2649,31;
ARI BATISTA DA COSTA;IRANDUBA;ENGENHEIRO AGRONOMO;; ESTATUTARIO;9971,99;;9971,99;2323,04;7648,95;
ARLETE DOS SANTOS COELHO;FONTE BOA;ASSISTENTE TECNICO 2A CLASSE;ASSISTENTE TECNICO; ESTATUTARIO;2549,03;;2549,03;256,86;2292,17;
ARLINDO ELIAS REGIS;DIR.DE ASSIST.TEC.E EXT.RURAL;OPERADOR DE MAQUINA;; ESTATUTARIO;2719,75;;2719,75;208,87;2510,88;
ARLINDO RODRIGUES DOS SANTOS FILHO;BOA VISTA DO RAMOS;TECNICO EM AGROPECUARIA;; ESTATUTARIO;5825,54;;5825,54;878,53;4947,01;
ARMANDO JORGE LUZ DA SILVA;DIR.DE ASSIST.TEC.E EXT.RURAL;ECONOMISTA;CHEFE DE DEPARTAMENT; ESTATUTARIO;6977,20;;6977,20;1297,36;5679,84;
ATENOR COSTA DE LIMA;BOCA DO ACRE;TECNICO EM AGROPECUARIA;; ESTATUTARIO;4631,54;;4631,54;617,63;4013,91;
ATRIO CHAGAS DE SOUZA;CARAUARI;GERENTE AD-2;GERENTE AD-2; CARGO COMISSION.S/VINCULO;4209,79;;4209,79;670,28;3539,51;
AUGUSTO CESAR SANTANA DE ABREU;DIRETORIA ADMINIST.FINANCEIRA;AGENTE ADMINISTRATIVO;; ESTATUTARIO;2618,30;;2618,30;240,23;2378,07;
AUGUSTO RUBENS PEREIRA DA COSTA;PARINTINS;TECNICO EM AGROPECUARIA;; ESTATUTARIO;3094,38;;3094,38;307,62;2786,76;
AUREO ENRIQUE SANTOS CARVALHO;CAAPIRANGA;GERENTE AD-2;GERENTE AD-2; CARGO COMISSION.S/VINCULO;4209,79;;4209,79;641,84;3567,95;
BENJAMIN RODRIGUES DA COSTA;ANORI;MOTORISTA;; ESTATUTARIO;2779,53;;2779,53;212,68;2566,85;
BISMARCK BATALHA BENACON;JURUA;GERENTE AD-2;GERENTE AD-2; CARGO COMISSION.S/VINCULO;4209,79;;4209,79;670,28;3539,51;
CARLOS ALBERTO CRUZ FARIAS;MARAA;TECNICO EM AGROPECUARIA;GERENTE AD/2; ESTATUTARIO;5581,15;;5581,15;344,41;5236,74;
CARLOS ALBERTO SOARES DE MAGALHAES;DIR.DE ASSIST.TEC.E EXT.RURAL;ENGENHEIRO AGRONOMO;; ESTATUTARIO;9100,00;;9100,00;2365,83;6734,17;
CARLOS ANTONIO PANTOJA;LABREA;ENGENHEIRO AGRONOMO;GERENTE AD/2; ESTATUTARIO;11094,00;;11094,00;2862,04;8231,96;
CARLOS FREIRE CALAFATE FERREIRA;BARREIRINHA;GERENTE AD-2;; CARGO COMISSION.S/VINCULO;4209,79;;4209,79;641,84;3567,95;
CARLOS LACERDA FERREIRA F AMORIM;TEFE;TECNICO EM AGROPECUARIA;; ESTATUTARIO;3144,24;;3144,24;308,18;2836,06;
CARLOS LEILSON DA MOTA SILVA;DIRETORIA ADMINIST.FINANCEIRA;AGENTE ADMINISTRATIVO;; ESTATUTARIO;2458,08;;2458,08;224,74;2233,34;
CARLOS ROBERTO VIANA PINTO;DIRETORIA ADMINIST.FINANCEIRA;AUX.S.G-III;; ESTATUTARIO;1183,54;;1183,54;130,19;1053,35;
CLAUDIO ADRIANO CARDOSO AMANAJAS;MANACAPURU;TECNICO EM AGROPECUARIA;; ESTATUTARIO;3929,70;;3929,70;339,49;3590,21;
CLAUSAK MACIEL BONIFACIO;DIR.DE ASSIST.TEC.E EXT.RURAL;ENGENHEIRO DE PESCA;; ESTATUTARIO;8787,62;;8787,62;2195,91;6591,71;
CLEUBI JOSE DE PAULA ROL;JUTAI;MOTORISTA;; ESTATUTARIO;1975,24;;1975,24;162,28;1812,96;
CLEUDO BRASIL BERNARDO DE OLIVEIRA;MANICORE;TECNICO EM AGROPECUARIA;; ESTATUTARIO;4446,63;;4446,63;404,32;4042,31;
DALMO DE SOUZA DOS ANJOS;PROCURADORIA JURIDICA;ENGENHEIRO AGRONOMO;PROCURADOR CHEFE AD1; ESTATUTARIO;12456,96;;12456,96;3247,80;9209,16;
DANIEL LIMA LEANDRO;AMATURA;ASSISTENTE TECNICO PNM.ANM-III;GERENTE AD-2; ESTATUTARIO;5126,32;;5126,32;528,00;4598,32;
DARIO DE SOUZA PENA NETO;MANACAPURU;ASSESSOR III AD-3;; CARGO COMISSION.S/VINCULO;9043,35;;9043,35;2067,81;6975,54;
DELDUQUE TOUCIMA DE ARAUJO;MANACAPURU;TECNICO EM AGROPECUARIA;GERENTE AD/2; ESTATUTARIO;8715,30;;8715,30;488,61;8226,69;
DENIS DE LIMA CORREIA;AUTAZES;GERENTE AD-2;; CARGO COMISSION.S/VINCULO;4209,79;;4209,79;670,28;3539,51;
DIMITRI LOUZADA TORRES PORTUGAL;DIR.DE ASSIST.TEC.E EXT.RURAL;GERENTE AD-2;GERENTE AD/2; CARGO COMISSION.S/VINCULO;4209,79;;4209,79;670,28;3539,51;
DJANEIDE DA SILVA LISBOA;DIRETORIA DE FOMENTO;TECNICO EM AGROPECUARIA;; ESTATUTARIO;2798,28;;2798,28;285,38;2512,90;
DOMINGOS DE LIMA MARQUES;CAREIRO;MOTORISTA;; ESTATUTARIO;2134,05;;2134,05;179,75;1954,30;
DORATY CHAVES DE OLIVEIRA;IRANDUBA;AGENTE ADMINISTRATIVO 1A CLASSE;AGENTE ADMINISTRAT.; ESTATUTARIO;2534,35;;2534,35;223,78;2310,57;
EDA MARIA OLIVA SOUZA;DEPARTAMENTO DE PLANEJAMENTO;GERENTE AD-2;; CARGO COMISSION.S/VINCULO;4209,79;;4209,79;670,28;3539,51;
EDELUZA BARBOSA DE OLIVEIRA;IRANDUBA;ENGENHEIRO AGRONOMO;; ESTATUTARIO;10140,55;;10140,55;2538,24;7602,31;
EDILENE MARIA SANTANA A KAWAKAMI;PARINTINS;AGENTE ADMINISTRATIVO 4A CLASSE;; ESTATUTARIO;2416,54;;2416,54;205,10;2211,44;
EDIMAR VIZOLLI;APUI;TECNICO EM AGROPECUARIA;TEC EM AGROPECUARIA; ESTATUTARIO;5471,69;;5471,69;739,14;4732,55;
EDMAR RAIMUNDO NASCIMENTO DE SOUZA;DIRETORIA ADMINIST.FINANCEIRA;MOT-III;; ESTATUTARIO;2045,69;;2045,69;154,24;1891,45;
EDNO SOARES DA COSTA;HUMAITA;ASSISTENTE ADMINISTRATIVO;; ESTATUTARIO;3240,41;;3240,41;280,97;2959,44;
ELCINA DE LIMA DA SILVA;NOVA OLINDA DO NORTE;EXTENSIONISTA SOCIAL MEDIO;; ESTATUTARIO;2645,78;;2645,78;272,98;2372,80;
ELIANE DEBORA LEITE SOARES;DIR.DE ASSIST.TEC.E EXT.RURAL;GERENTE AD-2;GERENTE AD-2; CARGO COMISSION.S/VINCULO;4209,79;;4209,79;670,28;3539,51;
ELIONETH DE OLIVEIRA SANCHES;DIRETORIA ADMINIST.FINANCEIRA;GERENTE AD-2;GERENTE AD-2; CARGO COMISSION.S/VINCULO;4209,79;;4209,79;613,40;3596,39;
ELIZABETH CAVALCANTE DE LIMA GOMES;TABATINGA;ASSISTENTE TECNICO;; ESTATUTARIO;2996,31;;2996,31;279,48;2716,83;
ELIZAMA BARBOSA DA SILVA;DIR.DE ASSIST.TEC.E EXT.RURAL;ASSISTENTE TECNICO;; ESTATUTARIO;4626,62;;4626,62;587,21;4039,41;
ELLEN CRISTINA ALVES TABOSA;ASSESSORIA;ASSESSOR III AD-3;; CARGO COMISSION.S/VINCULO;1861,87;;1861,87;63,83;1798,04;
EMERSON PEDRACA DE FRANCA;MANICORE;ASSISTENTE TECNICO III;; ESTATUTARIO;2856,53;;2856,53;197,65;2658,88;
EMILIO ANDRADE REZK;ITACOATIARA;TECNICO EM AGROPECUARIA;TEC. EM AGROPECUARIA; ESTATUTARIO;2734,12;;2734,12;272,98;2461,14;
EUGENIO BORGES;MAUES;TECNICO EM AGROPECUARIA;; ESTATUTARIO;2775,30;;2775,30;282,64;2492,66;
EUGENIO OLIVEIRA BRAS;TABATINGA;VIGIA;; ESTATUTARIO;1779,52;;1779,52;137,84;1641,68;
EVANDRO DA SILVA AZEVEDO;DIRETORIA ADMINIST.FINANCEIRA;AUXILIAR DE SERVICOS GERAIS;; ESTATUTARIO;2564,94;;2564,94;138,21;2426,73;
EVANI DA CONCEICAO TAVARES MALCHER;DIRETORIA ADMINIST.FINANCEIRA;GERENTE AD-2;GERENTE AD-2; CARGO COMISSION.S/VINCULO;4209,79;;4209,79;670,28;3539,51;
FAVILLA GENTIL NETO;SAO SEBASTIAO DO UATUMA;ENGENHEIRO AGRONOMO;GERENTE AD/2; ESTATUTARIO;10309,67;;10309,67;2531,66;7778,01;
FERNANDO BATISTA DA SILVA;DIRETORIA ADMINIST.FINANCEIRA;AUXILIAR DE SERVICOS GERAIS;; ESTATUTARIO;2259,68;;2259,68;137,85;2121,83;
FRANCIOMAR DA ROCHA COSTA;DIRETORIA ADMINIST.FINANCEIRA;OPERADOR GRAFICO;; ESTATUTARIO;5089,81;;5089,81;516,76;4573,05;
FRANCISCO ALDENEI FERREIRA PICANCO;PARINTINS;MOTORISTA;; ESTATUTARIO;2332,27;;2332,27;181,58;2150,69;
FRANCISCO BRASIL NEPONUCENO;CODAJAS;GERENTE AD-2;; CARGO COMISSION.S/VINCULO;4209,79;;4209,79;613,40;3596,39;
FRANCISCO DE ASSIS BRANDAO CARLOS;DIRETORIA ADMINIST.FINANCEIRA;ASSISTENTE TECNICO;; ESTATUTARIO;2530,31;;2530,31;232,69;2297,62;
FRANCISCO EDUARDO DE MORAIS;LABREA;TECNICO EM AGROPECUARIA;; ESTATUTARIO;4355,41;;4355,41;429,29;3926,12;
FRANCISCO HELIO DE MEDEIROS;COARI;TECNICO DE NIVEL SUPERIOR;; ESTATUTARIO;5260,80;;5260,80;904,90;4355,90;
FRANCISCO LIMA DA SILVA;MANAQUIRI;TECNICO EM AGROPECUARIA;; ESTATUTARIO;4631,54;;4631,54;617,63;4013,91;
FRANCISCO MACEDO DE O FILHO;DIRETORIA DE FOMENTO;TECNICO EM AGROPECUARIA;; ESTATUTARIO;2897,98;;2897,98;300,74;2597,24;
FRANCISCO OSMAR LINHARES;RIO PRETO DA EVA;ENGENHEIRO AGRONOMO;; ESTATUTARIO;9433,07;;9433,07;2291,78;7141,29;
FRANK LUIZ DE LIMA GADELHA;MAUES;GERENTE AD-2;GERENTE AD-2; CARGO COMISSION.S/VINCULO;4209,79;;4209,79;641,84;3567,95;
GEORGE MARIO GRIJO DA SILVA;ANORI;TECNICO EM AGROPECUARIA;; ESTATUTARIO;4631,54;;4631,54;429,88;4201,66;
GERALDO DE CARVALHO SILVA;PARINTINS;TECNICO EM AGROPECUARIA;; ESTATUTARIO;2829,31;;2829,31;252,71;2576,60;
GERALDO DOS SANTOS REIS CONCEICAO;DIRETORIA DE FOMENTO;ENGENHEIRO AGRONOMO;; ESTATUTARIO;10036,11;;10036,11;2536,25;7499,86;
GERARDO HONORIO DE BRITO;NOVA OLINDA DO NORTE;AUXILIAR DE SERVICOS GERAIS;; ESTATUTARIO;1753,12;;1753,12;137,84;1615,28;
GERMIRO JOSE GOMES DAMIAO;DIR.DE ASSIST.TEC.E EXT.RURAL;AUX.O-III;; ESTATUTARIO;1407,04;;1407,04;130,19;1276,85;
GILBERTO DO NASCIMENTO RODRIGUES;MANICORE;VIGIA;; ESTATUTARIO;1779,52;;1779,52;137,84;1641,68;
GILCIANE PLACIDO BRAULE;BARCELOS;GERENTE AD-2;GERENTE AD-2; CARGO COMISSION.S/VINCULO;2221,82;;2221,82;28,06;2193,76;
GISELY DA SILVA MELO;HUMAITA;GERENTE AD-2;; CARGO COMISSION.S/VINCULO;4209,79;;4209,79;641,84;3567,95;
HELENIO ARAUJO FIGUEIREDO;DIR.DE ASSIST.TEC.E EXT.RURAL;TECNICO EM AGROPECUARIA;CH.DEPARTAMENTO AD/1; ESTATUTARIO;6082,01;;6082,01;926,21;5155,80;
HELISON RAMOS SAMPAIO;JUTAI;GERENTE AD-2;GERENTE AD-2; CARGO COMISSION.S/VINCULO;4209,79;;4209,79;670,28;3539,51;
HELTON FARIAS DA SILVA;AUTAZES;TECNICO EM AGROPECUARIA;; ESTATUTARIO;2691,57;;2691,57;268,41;2423,16;
HUGO STENIO GAMA DOS SANTOS;DIR.DE ASSIST.TEC.E EXT.RURAL;TECNICO EM AGROPECUARIA;GERENTE AD/2; ESTATUTARIO;6619,57;;6619,57;1068,11;5551,46;
ILISEU MONTEIRO DA SILVA;COARI;GERENTE AD-2;; CARGO COMISSION.S/VINCULO;4209,79;;4209,79;613,40;3596,39;
ILZINALDO CARVALHO GUIMARAES FILHO;DIRETORIA DE FOMENTO;TECNICO EM AGROPECUARIA;; ESTATUTARIO;3135,54;;3135,54;330,77;2804,77;
ISVALDO LIMA DA SILVA;IRANDUBA;TECNICO EM AGROPECUARIA;; ESTATUTARIO;3388,10;;3388,10;360,75;3027,35;
IVAN PONCE DE LEAO;DIRETORIA ADMINIST.FINANCEIRA;AGENTE ADMINISTRATIVO;; ESTATUTARIO;2617,90;;2617,90;274,33;2343,57;
IVANEIDE MUNIZ DOS SANTOS;DIRETORIA DE FOMENTO;AUX.S.G-III;; ESTATUTARIO;1605,81;;1605,81;127,30;1478,51;
IVO ROBERTO PEREIRA DOS SANTOS;DIR.DE ASSIST.TEC.E EXT.RURAL;TECNICO EM AGROPECUARIA;; ESTATUTARIO;2564,47;;2564,47;243,45;2321,02;
JACINTA MOREIRA COELHO;PROCURADORIA JURIDICA;EXTENSIONISTA SOCIAL;GERENTE AD/2; ESTATUTARIO;5205,54;;5205,54;750,60;4454,94;
JAGUANHARA DE ANDRADE LOPES;DIR.DE ASSIST.TEC.E EXT.RURAL;ENGENHEIRO AGRONOMO;; ESTATUTARIO;8846,14;;8846,14;2076,17;6769,97;
JAIME GATENHA FERREIRA FILHO;VILA RICA DE CAVIANA;ASSESSOR III AD-3;ASSESSOR III AD-3; CARGO COMISSION.S/VINCULO;3191,80;;3191,80;422,40;2769,40;
JAIME VITOR DOS SANTOS;DIR.DE ASSIST.TEC.E EXT.RURAL;TECNICO EM AGROPECUARIA;GERENTE AD/2; ESTATUTARIO;5026,71;;5026,71;684,32;4342,39;
JALPERY VIANA DE SOUZA;DIRETORIA DE FOMENTO;ASSISTENTE TECNICO;; ESTATUTARIO;2756,59;;2756,59;271,48;2485,11;
JAMILSON PAULO BARROS LARAY;RIO PRETO DA EVA;TECNICO EM AGROPECUARIA;; ESTATUTARIO;3055,17;;3055,17;310,64;2744,53;
JANDER DE JESUS FONSECA DA SILVA;BARCELOS;A.TEC-III;; ESTATUTARIO;5790,53;;5790,53;767,46;5023,07;
JANIO FERREIRA FRANCO DE AMORIM;TABATINGA;TECNICO EM AGROPECUARIA;; ESTATUTARIO;2787,51;;2787,51;281,03;2506,48;
JEAN BARROS FERREIRA;DIR.DE ASSIST.TEC.E EXT.RURAL;TECNICO EM AGROPECUARIA;; ESTATUTARIO;3753,11;;3753,11;348,06;3405,05;
JEAN CARLOS SILVEIRA DA SILVA;JAPURA;VIGIA-VIG-T.S.N.A.-A;GERENTE AD2; ESTATUTARIO;10762,67;;10762,67;2140,57;8622,10;
JEAN FRANK CAVALCANTE MAGALHAES;ANORI;TECNICO EM AGROPECUARIA;GERENTE AD-2; ESTATUTARIO;5825,54;;5825,54;613,57;5211,97;
JOAO ALMEIDA DE OLIVEIRA;ITACOATIARA;ASSISTENTE TECNICO;; ESTATUTARIO;3014,67;;3014,67;308,83;2705,84;
JOAO BATISTA GOMES DO NASCIMENTO;CANUTAMA;GERENTE AD-2;; CARGO COMISSION.S/VINCULO;4209,79;;4209,79;584,96;3624,83;
JOAO BOSCO ALVES DE SIQUEIRA;DIR.DE ASSIST.TEC.E EXT.RURAL;ENGENHEIRO DE PESCA;ENGENHEIRO DE PESCA; ESTATUTARIO;9660,21;;9660,21;2407,76;7252,45;
JOAO BOSCO ANDRE GORDIANO;DIR.DE ASSIST.TEC.E EXT.RURAL;TECNICO EM AGROPECUARIA;; ESTATUTARIO;5780,23;;5780,23;866,07;4914,16;
JOAO CLAUDIR DA SILVA LEITAO;IRANDUBA;TECNICO EM AGROPECUARIA;; ESTATUTARIO;2970,54;;2970,54;318,40;2652,14;
JOAO DELMO REIS DE OLIVEIRA;MANACAPURU;VIGIA-III;; ESTATUTARIO;1915,69;;1915,69;154,24;1761,45;
JOAO HILARIO BORGES DE BASTOS;MATUPI;GERENTE AD-2;GERENTE AD2; CARGO COMISSION.S/VINCULO;10945,52;;10945,52;1199,60;9745,92;
JOAO NESTOR DE SOUZA HAGE;ITACOATIARA;TECNICO EM AGROPECUARIA;GERENTE AD-2; ESTATUTARIO;5938,15;;5938,15;782,42;5155,73;
JOAQUIM FONSECA DE LIMA;LABREA;CAPATAZ;; ESTATUTARIO;2919,08;;2919,08;283,31;2635,77;
JONILSON DE SOUZA AZEVEDO;MANAQUIRI;TECNICO EM AGROPECUARIA;GERENTE AD/2; ESTATUTARIO;5589,07;;5589,07;486,11;5102,96;
JORGE ANTONIO FERREIRA CARVALHO;CARAUARI;TECNICO EM AGROPECUARIA;; ESTATUTARIO;2961,77;;2961,77;232,22;2729,55;
JORGE AUGUSTO REIS MONTEIRO;DIRETORIA DE FOMENTO;TECNICO EM AGROPECUARIA;; ESTATUTARIO;3135,54;;3135,54;347,67;2787,87;
JOSE ALEXANDRE MESQUITA LIMA;BOCA DO ACRE;GERENTE AD-2;GERENTE AD-2; CARGO COMISSION.S/VINCULO;4209,79;;4209,79;670,28;3539,51;
JOSE ALFREDO FELICIANO DA SILVA;ENVIRA;ASSISTENTE TECNICO;; ESTATUTARIO;2549,03;;2549,03;242,64;2306,39;
JOSE ALFREDO SILVEIRA DO AMARAL;DEPARTAMENTO FINANCEIRO;GERENTE AD-2;; CARGO COMISSION.S/VINCULO;4209,79;;4209,79;670,28;3539,51;
JOSE ARIMATEIA SIMOES;URUCARA;TECNICO EM AGROPECUARIA;; ESTATUTARIO;6084,89;;6084,89;874,56;5210,33;
JOSE ARTEMIS RODRIGUES MONTECONRADO;ITAMARATI;TECNICO EM AGROPECUARIA;GERENTE AD-2; ESTATUTARIO;7767,39;;7767,39;367,92;7399,47;
JOSE BARROSO SALVIANO;DIRETORIA DE FOMENTO;AGENTE ADMINISTRATIVO;; ESTATUTARIO;2202,80;;2202,80;235,77;1967,03;
JOSE CARLOS OLIVEIRA DE MENDONCA;DIRETORIA ADMINIST.FINANCEIRA;A.TEC-III;; ESTATUTARIO;2523,47;;2523,47;225,52;2297,95;
JOSE COELHO DAVILA;TABATINGA;TECNICO EM CONTABILIDADE;; ESTATUTARIO;2455,45;;2455,45;215,10;2240,35;
JOSE DE OLIVEIRA NEVES;SILVES;MOTORISTA;; ESTATUTARIO;1989,97;;1989,97;163,90;1826,07;
JOSE DE OLIVEIRA RAMOS;PARINTINS;ASSISTENTE TECNICO;; ESTATUTARIO;2754,07;;2754,07;259,98;2494,09;
JOSE DE OLIVEIRA RIBEIRO;PROCURADORIA JURIDICA;TECNICO EM AGROPECUARIA;; ESTATUTARIO;2467,71;;2467,71;257,68;2210,03;
JOSE EONE DE SOUZA MONTEFUSCO;DIRETORIA ADMINIST.FINANCEIRA;TNS-III;; ESTATUTARIO;4857,37;;4857,37;744,50;4112,87;
JOSE ERISON GOES CASTRO;BARREIRINHA;MOTORISTA FLUVIAL;; ESTATUTARIO;1882,50;;1882,50;127,30;1755,20;
JOSE LIRA DO NASCIMENTO;CARAUARI;MOTORISTA;; ESTATUTARIO;2141,83;;2141,83;180,60;1961,23;
JOSE LUIS ANDRADE PINTO;BOA VISTA DO RAMOS;MOTORISTA;; ESTATUTARIO;1961,09;;1961,09;160,72;1800,37;
JOSE MARIA DE MATOS;COARI;TECNICO EM AGROPECUARIA;; ESTATUTARIO;3138,20;;3138,20;324,61;2813,59;
JOSE MARIA FERREIRA;IRANDUBA;TECNICO EM AGROPECUARIA;; ESTATUTARIO;7541,21;;7541,21;1328,07;6213,14;
JOSE MARIA FRADE JUNIOR;RIO PRETO DA EVA;ENGENHEIRO AGRONOMO;GERENTE AD/2; ESTATUTARIO;14450,00;;14450,00;3764,48;10685,52;
JOSE MARIA RAMOS DE SOUZA;DIRETORIA ADMINIST.FINANCEIRA;TECNICO EM AGROPECUARIA;; ESTATUTARIO;3613,88;;3613,88;397,26;3216,62;
JOSE MILTON BARBOSA FILHO;DIR.DE ASSIST.TEC.E EXT.RURAL;ENGENHEIRO AGRONOMO;; ESTATUTARIO;10355,18;;10355,18;2650,16;7705,02;
JOSE NORTINO NUNES MEDEIROS;DIR.DE ASSIST.TEC.E EXT.RURAL;T.AG-III;; ESTATUTARIO;4016,69;;4016,69;435,04;3581,65;
JOSE RAIMUNDO MARINHO GARCIA;DIRETORIA DE FOMENTO;AUXILIAR DE SERVICOS GERAIS;; ESTATUTARIO;1476,62;;1476,62;137,84;1338,78;
JOSE RAIMUNDO NORONHA CALACINA;BOCA DO ACRE;MOTORISTA;; ESTATUTARIO;2134,05;;2134,05;179,75;1954,30;
JOSE RAMONILSON DE SOUZA GOMES;DIR.DE ASSIST.TEC.E EXT.RURAL;ENGENHEIRO AGRONOMO;; ESTATUTARIO;5778,92;;5778,92;1343,20;4435,72;
JOSE RICARDO GONCALVES MACIEL;NOVO ARIPUANA;TECNICO EM AGROPECUARIA;; ESTATUTARIO;4249,94;;4249,94;456,58;3793,36;
JOSE TARCISIO DA SILVA E SOUSA;BORBA;TECNICO EM AGROPECUARIA;; ESTATUTARIO;4637,39;;4637,39;552,08;4085,31;
JOSE VASCONCELOS DE FARIAS NETO;CAREIRO DA VARZEA;TECNICO EM AGROPECUARIA;GERENTE AD/2; ESTATUTARIO;5631,87;;5631,87;802,57;4829,30;
JOSINALDO BEZERRA PACHECO;CAREIRO DA VARZEA;TECNICO EM AGROPECUARIA;; ESTATUTARIO;2803,68;;2803,68;251,33;2552,35;
JULIA SANTOS DE SEIXAS;DIR.DE ASSIST.TEC.E EXT.RURAL;A.TEC-III;; ESTATUTARIO;2544,19;;2544,19;243,19;2301,00;
JULIO CESAR DE LIMA GOES;SILVES;TECNICO EM AGROPECUARIA;; ESTATUTARIO;4260,22;;4260,22;373,85;3886,37;
JUNEVAL PINHEIRO CARDOSO;PARINTINS;TECNICO EM AGROPECUARIA;; ESTATUTARIO;3707,04;;3707,04;409,55;3297,49;
KELLY EDUARDO SOUZA CARDOSO;BENJAMIN CONSTANT;GERENTE AD-2;; CARGO COMISSION.S/VINCULO;12629,37;;12629,37;3053,96;9575,41;
LAURO DE MEDEIROS MARTINS;BARREIRINHA;AUXILIAR DE SERVICOS GERAIS;; ESTATUTARIO;1807,96;;1807,96;143,88;1664,08;
LAZARO MONTEIRO REIS;DIR.DE ASSIST.TEC.E EXT.RURAL;TECNICO EM AGROPECUARIA;GERENTE AD/2; ESTATUTARIO;5171,85;;5171,85;588,22;4583,63;
LENA GUIOMAR CAVALCANTE F BARBOSA;PROCURADORIA JURIDICA;GERENTE AD-2;GERENTE AD-2; CARGO COMISSION.S/VINCULO;4209,79;;4209,79;641,84;3567,95;
LICURGO MALHEIROS RODRIGUES;URUCARA;ASSISTENTE TECNICO;; ESTATUTARIO;2442,77;;2442,77;232,80;2209,97;
LOURIVALDO NASCIMENTO BARROS;BORBA;TECNICO EM AGROPECUARIA;; ESTATUTARIO;4631,54;;4631,54;532,31;4099,23;
LUCELISY SILVA BORGES;GABINETE;BIOLOGO;CH.GABINETE AD-1; ESTATUTARIO;10954,78;;10954,78;2479,59;8475,19;
LUCIANA MARIA ARAUJO DE OLIVEIRA;DIRETORIA ADMINIST.FINANCEIRA;GERENTE AD-2;GERENTE AD-2; CARGO COMISSION.S/VINCULO;4209,79;;4209,79;670,28;3539,51;
LUCIANO LOBO PINHEIRO VAZ;NOVO REMANSO;GERENTE AD-2;GERENTE AD-2; CARGO COMISSION.S/VINCULO;4209,79;;4209,79;641,84;3567,95;
LUCIO EMILIO DE MATOS VIANA;DIRETORIA ADMINIST.FINANCEIRA;CHEFE DE DEPARTAMENTO AD-1;CHEFE DE DEPTO. AD-1; CARGO COMISSION.S/VINCULO;5229,77;;5229,77;986,40;4243,37;
LUCIVALDO RIBEIRO PEREIRA;PARINTINS;ENGENHEIRO DE PESCA;; ESTATUTARIO;14792,00;;14792,00;3931,13;10860,87;
LUILTON RAMOS DA COSTA;DEPTO.DE OPERACOES TECNICAS;ASSESSOR III AD-3;; CARGO COMISSION.S/VINCULO;3191,80;;3191,80;422,40;2769,40;
LUIS ANTONIO DA SILVA CRISTO;MANAQUIRI;MOTORISTA;; ESTATUTARIO;3722,71;;3722,71;207,23;3515,48;
LUIZ ALBERTO LIRA DA CRUZ;DIR.DE ASSIST.TEC.E EXT.RURAL;TECNICO EM AGROPECUARIA;; ESTATUTARIO;3936,20;;3936,20;444,31;3491,89;
LUIZ ALDINEY ALVES DE OLIVEIRA;PRESIDENTE FIGUEIREDO;TECNICO EM AGROPECUARIA;GERENTE AD-2; ESTATUTARIO;7767,39;;7767,39;1103,40;6663,99;
LUIZ ANTONIO NASCIMENTO;DIR.DE ASSIST.TEC.E EXT.RURAL;TECNICO EM AGROPECUARIA;; ESTATUTARIO;3759,77;;3759,77;378,11;3381,66;
LUIZ CARLOS DO HERVAL FILHO;DIR.DE ASSIST.TEC.E EXT.RURAL;ENGENHEIRO AGRONOMO;DIR.PRESIDENTE; ESTATUTARIO;22020,64;;22020,64;5892,50;16128,14;
LUIZ CARLOS EHM MAIA;SANTA IZABEL DO RIO NEGRO;GERENTE AD-2;; CARGO COMISSION.S/VINCULO;4209,79;;4209,79;670,28;3539,51;
LUIZ EUCLIDES PESSOA SOUZA;NHAMUNDA;TECNICO EM AGROPECUARIA;GERENTE AD-2; ESTATUTARIO;5361,61;;5361,61;661,82;4699,79;
LUIZ NUNES DIAS;ENVIRA;TECNICO EM AGROPECUARIA;; ESTATUTARIO;2982,85;;2982,85;273,11;2709,74;
LUIZ ROBERTO PEREIRA DA COSTA;BOA VISTA DO RAMOS;TECNICO EM AGROPECUARIA;; ESTATUTARIO;2829,31;;2829,31;252,71;2576,60;
LUIZ ROCHA MACIEL;DIR.DE ASSIST.TEC.E EXT.RURAL;GERENTE AD-2;; CARGO COMISSION.S/VINCULO;4209,79;;4209,79;641,84;3567,95;
LUIZ VANDERLEI NEVES AZEVEDO;PAUINI;TECNICO EM AGROPECUARIA;; ESTATUTARIO;2970,54;;2970,54;304,18;2666,36;
LUIZA IREIDE BEZERRA SOUZA;GABINETE;A.TEC-III;; ESTATUTARIO;3595,03;;3595,03;303,54;3291,49;
LUZIANE CRISTINE SIQUEIRA TAVARES;DIRETORIA ADMINIST.FINANCEIRA;ASSISTENTE TECNICO;; ESTATUTARIO;3273,52;;3273,52;298,55;2974,97;
MAIRTO NUNES DA SILVA;VILA EXTREMA - LABREA;GERENTE AD-2;; CARGO COMISSION.S/VINCULO;1286,32;;1286,32;28,06;1258,26;
MALVINO SALVADOR;DIR.DE ASSIST.TEC.E EXT.RURAL;DIRETOR DE ASSIST.TEC.EXT.FLORESTAL;; CARGO COMISSION.S/VINCULO;9000,00;;9000,00;2055,89;6944,11;
MANOEL LIBORIO DA COSTA FILHO;URUCARA;ASSISTENTE TECNICO;; ESTATUTARIO;2993,21;;2993,21;306,88;2686,33;
MANOEL ORLANDO MONTEIRO NASCIMENTO;TABATINGA;GERENTE AD-2;; CARGO COMISSION.S/VINCULO;7156,72;;7156,72;1496,85;5659,87;
MANOEL PEREIRA DA SILVA;UARINI;TECNICO EM AGROPECUARIA;; ESTATUTARIO;6175,39;;6175,39;818,33;5357,06;
MARCELO FRANCA GADELHA;ITACOATIARA;TECNICO EM AGROPECUARIA;; ESTATUTARIO;2982,85;;2982,85;319,32;2663,53;
MARCILIO PASCHOALINO;DIRETORIA DE FOMENTO;ENGENHEIRO AGRONOMO;; ESTATUTARIO;10139,95;;10139,95;1698,86;8441,09;
MARCOS ANTONIO CERQUEIRA;DIR.DE ASSIST.TEC.E EXT.RURAL;ENGENHEIRO DE PESCA;; ESTATUTARIO;8771,43;;8771,43;1654,20;7117,23;
MARCOS ANTONIO DE SOUZA;NOVO AIRAO;GERENTE AD-2;; CARGO COMISSION.S/VINCULO;4209,79;;4209,79;670,28;3539,51;
MARGARETH NASCIMENTO BARROS;ITACOATIARA;EXTENSIONISTA SOCIAL;; ESTATUTARIO;2683,57;;2683,57;249,36;2434,21;
MARIA AMELIA CENA ARROJAVE;DIRETORIA ADMINIST.FINANCEIRA;COZINHEIRO;; ESTATUTARIO;1603,02;;1603,02;151,75;1451,27;
MARIA AUXILIADORA RIBEIRO;BORBA;ASSISTENTE TECNICO;; ESTATUTARIO;2920,22;;2920,22;281,89;2638,33;
MARIA BARBARA DE SOUZA MAGALHAES;PARINTINS;AUXILIAR TECNICO;; ESTATUTARIO;2589,06;;2589,06;242,87;2346,19;
MARIA DAS GRACAS BARBOSA DA SILVA;DIRETORIA ADMINIST.FINANCEIRA;TNS-III;CHEFE DE DEPARTAMENT; ESTATUTARIO;7021,97;;7021,97;1352,72;5669,25;
MARIA DAS GRACAS MACHADO LOPES;DIRETORIA DE FOMENTO;EXTENSIONISTA SOCIAL MEDIO;; ESTATUTARIO;2845,04;;2845,04;276,06;2568,98;
MARIA DE LOURDES DE SOUZA;APUI;AUXILIAR DE SERVICOS GERAIS;; ESTATUTARIO;1869,60;;1869,60;142,57;1727,03;
MARIA DELZILENE VIEIRA DA COSTA;EIRUNEPE;ASSISTENTE TECNICO;; ESTATUTARIO;2887,55;;2887,55;292,25;2595,30;
MARIA DO SOCORRO FERNANDES DA SILVA;DIR.DE ASSIST.TEC.E EXT.RURAL;TECNICO EM CONTABILIDADE;; ESTATUTARIO;3575,04;;3575,04;379,33;3195,71;
MARIA EULINA BATALHA DOS ANJOS;URUCARA;ASSISTENTE TECNICO;; ESTATUTARIO;2615,40;;2615,40;268,59;2346,81;
MARIA HELENA DA COSTA RODRIGUES;DIR.DE ASSIST.TEC.E EXT.RURAL;EXTENSIONISTA RURAL SUPERIOR;EXTENS RURAL SUPERIO; ESTATUTARIO;4935,99;;4935,99;895,26;4040,73;
MARIA JOSE DE MELO ANDREOLA;DIRETORIA ADMINIST.FINANCEIRA;AGENTE ADMINISTRATIVO;GERENTE AD/2; ESTATUTARIO;8951,86;;8951,86;974,31;7977,55;
MARIA JOSE MENDONCA DE OLIVEIRA;SAO PAULO DE OLIVENCA;GERENTE AD-2;GERENTE AD-2; CARGO COMISSION.S/VINCULO;4209,79;;4209,79;641,84;3567,95;
MARIA LUCINEIDE DA SILVA SANTOS;DIRETORIA ADMINIST.FINANCEIRA;A.TEC-III;GERENTE AD/2; ESTATUTARIO;5267,73;;5267,73;741,09;4526,64;
MARIA NAZARE SOUZA MARTINS;PARINTINS;ASSISTENTE TECNICO 3A CLASSE;ASSISTENTE TECNICO; ESTATUTARIO;2629,80;;2629,80;270,82;2358,98;
MARILDO XIMENDES DA SILVA;BERURI;TECNICO EM AGROPECUARIA;; ESTATUTARIO;7656,34;;7656,34;1329,86;6326,48;
MARINEZIO PESSOA DE SOUZA;NHAMUNDA;TECNICO EM AGROPECUARIA;; ESTATUTARIO;2951,88;;2951,88;292,39;2659,49;
MARIO FRANCISCO CALDAS ONO;DIR.DE ASSIST.TEC.E EXT.RURAL;TECNICO EM AGROPECUARIA;; ESTATUTARIO;4131,54;;4131,54;468,64;3662,90;
MARIO JORGE MACEDO CORREIA;DIRETORIA ADMINIST.FINANCEIRA;A.TEC-III;; ESTATUTARIO;2305,77;;2305,77;207,99;2097,78;
MARIO REGIS SOARES GOMES;TABATINGA;TECNICO AGRICOLA;; ESTATUTARIO;2428,85;;2428,85;212,17;2216,68;
MARISA DA COSTA BEZERRA;DIRETORIA ADMINIST.FINANCEIRA;ASSISTENTE TECNICO;; ESTATUTARIO;5955,68;;5955,68;936,72;5018,96;
MARIZA DA PAZ DANTAS RODRIGUES;CODAJAS;ASSISTENTE TECNICO 1A CLASSE;ASSISTENTE TECNICO; ESTATUTARIO;2740,67;;2740,67;286,87;2453,80;
MARIZA LISLEY DA SILVA JUREMA;MANICORE;GERENTE AD-2;; CARGO COMISSION.S/VINCULO;10945,52;;10945,52;2590,90;8354,62;
MARLENE RAMOS REIS;COARI;ASSISTENTE TECNICO;; ESTATUTARIO;2544,54;;2544,54;224,90;2319,64;
MAURICIO BORGES;AUTAZES;TECNICO EM AGROPECUARIA;; ESTATUTARIO;6322,07;;6322,07;992,37;5329,70;
MIBERWAL FERREIRA JUCA;DIRETORIA ADMINIST.FINANCEIRA;DIRETOR ADMINISTRATIVO E FINANCEIRO;; CARGO COMISSION.S/VINCULO;9000,00;;9000,00;2475,00;6525,00;
MICHELEN BRITO LOBO;DEPTO.ADMINISTRATIVO;GERENTE AD-2;; CARGO COMISSION.S/VINCULO;4209,79;;4209,79;613,40;3596,39;
MIRTA DOS SANTOS PONTES;PRESIDENTE FIGUEIREDO;ASSISTENTE TECNICO;; ESTATUTARIO;2731,19;;2731,19;285,41;2445,78;
MOACIR ALVES MARAES;DIR.DE ASSIST.TEC.E EXT.RURAL;AUXILIAR DE SERVICOS GERAIS;; ESTATUTARIO;1476,62;;1476,62;137,84;1338,78;
NADIELE PEREIRA PACHECO;DEPATO.DE ASSIST.TEC.EXT.RURAL;CHEFE DE DEPARTAMENTO AD-1;; CARGO COMISSION.S/VINCULO;5229,77;;5229,77;986,40;4243,37;
NEDER DE SOUZA FALCAO;IRANDUBA;TECNICO EM AGROPECUARIA;; ESTATUTARIO;3960,72;;3960,72;386,14;3574,58;
NEILA DOS SANTOS CARDOSO DUARTE;CAREIRO DA VARZEA;ASSISTENTE TECNICO;; ESTATUTARIO;2628,75;;2628,75;256,23;2372,52;
NELCYRLANE ALCANTARA CASCAES;MANAQUIRI;TECNICO EM AGROPECUARIA;; ESTATUTARIO;2982,85;;2982,85;333,54;2649,31;
NELIO DE OLIVEIRA SENA;RIO PRETO DA EVA;TECNICO EM AGROPECUARIA;; ESTATUTARIO;4631,54;;4631,54;532,31;4099,23;
NELSON FELIPE DE ALBUQUERQUE L NETO;DIR.DE ASSIST.TEC.E EXT.RURAL;GERENTE AD-2;; CARGO COMISSION.S/VINCULO;4209,79;;4209,79;670,28;3539,51;
NESTOR RIBEIRO NETO;TONANTINS;TECNICO EM AGROPECUARIA;; ESTATUTARIO;4631,54;;4631,54;617,63;4013,91;
NEUDA MARIA DE LIMA;DIRETORIA DE FOMENTO;TECNICO EM CONTABILIDADE;; ESTATUTARIO;3150,06;;3150,06;317,28;2832,78;
NEY DE FREITAS ASSIS;BOCA DO ACRE;TECNICO EM AGROPECUARIA;; ESTATUTARIO;4727,21;;4727,21;575,62;4151,59;
NILZOMAR FERREIRA BARBOSA;PARINTINS;TECNICO EM AGROPECUARIA;; ESTATUTARIO;3775,00;;3775,00;256,16;3518,84;
NONATO RAIMUNDO GOMES DE ALMEIDA;EIRUNEPE;VIGIA;; ESTATUTARIO;1833,85;;1833,85;143,82;1690,03;
OCTACILIO JOSE PESSOA FERREIRA NETO;PARINTINS;MEDICO VETERINARIO;; ESTATUTARIO;7681,23;;7681,23;1421,53;6259,70;
OFIR DE SOUZA HAGE;DIRETORIA DE FOMENTO;TECNICO EM AGROPECUARIA;GERENTE AD/2; ESTATUTARIO;5136,84;;5136,84;622,80;4514,04;
OMESIAS MACEDO DOS SANTOS;URUCARA;TECNICO EM AGROPECUARIA;GERENTE AD/2; ESTATUTARIO;5547,17;;5547,17;779,78;4767,39;
ORDIVAL LEITE RUBIM FILHO;DIRETORIA ADMINIST.FINANCEIRA;A.TEC-III;; ESTATUTARIO;1272,00;;1272,00;225,17;1046,83;
ORLANDO PEREIRA ANTUNES;BOA VISTA DO RAMOS;ASSISTENTE TECNICO;; ESTATUTARIO;2540,12;;2540,12;224,41;2315,71;
OSIMAR DA SILVA OLIVEIRA;AUTAZES;MED.V-III;; ESTATUTARIO;6647,26;;6647,26;1301,16;5346,10;
OSMAR DE SOUZA MENEZES;EIRUNEPE;ASSISTENTE TECNICO;; ESTATUTARIO;2975,48;;2975,48;289,43;2686,05;
OSMAR LIRA DE CARVALHO;DIRETORIA ADMINIST.FINANCEIRA;AUXILIAR DE SERVICOS GERAIS;; ESTATUTARIO;1476,62;;1476,62;137,84;1338,78;
OYAMA RODRIGUES PEDRACA;MANICORE;TECNICO EM AGROPECUARIA;; ESTATUTARIO;3056,47;;3056,47;302,85;2753,62;
OZEAS DE SOUSA LIMA;DIRETORIA DE FOMENTO;MEDICO VETERINARIO;; ESTATUTARIO;5193,17;;5193,17;812,56;4380,61;
OZENILDO OLIVEIRA MINEIRO;DIRETORIA DE FOMENTO;TECNICO EM AGROPECUARIA;; ESTATUTARIO;3135,54;;3135,54;316,55;2818,99;
PAULO CESAR FERREIRA DA SILVA;ITAPIRANGA;GERENTE AD-2;GERENTE AD-2; CARGO COMISSION.S/VINCULO;8419,58;;8419,58;670,28;7749,30;
PAULO FERREIRA GALVAO;DIR.DE ASSIST.TEC.E EXT.RURAL;ENGENHEIRO CIVIL;; ESTATUTARIO;9566,28;;9566,28;2344,09;7222,19;
PAULO RAMOS ROLIM;DIR.DE ASSIST.TEC.E EXT.RURAL;ENGENHEIRO DE PESCA;; ESTATUTARIO;10653,50;;10653,50;2595,65;8057,85;
PAULO SERGIO FERREIRA DAMASO;ITACOATIARA;TECNICO EM AGROPECUARIA;; ESTATUTARIO;4700,14;;4700,14;612,16;4087,98;
PAULO SOARES COSTA;MANAQUIRI;ENGENHEIRO AGRONOMO;; ESTATUTARIO;6456,65;;6456,65;1243,86;5212,79;
PEDRO CASTRO DA SILVA;URUCARA;AUXILIAR TECNICO;; ESTATUTARIO;2446,34;;2446,34;214,10;2232,24;
PEDRO CHAVES DA SILVA;DIR.DE ASSIST.TEC.E EXT.RURAL;GERENTE AD-2;; CARGO COMISSION.S/VINCULO;4209,79;;4209,79;670,28;3539,51;
PEDRO CORREA DA SILVA;DIRETORIA ADMINIST.FINANCEIRA;TECNICO EM CONTABILIDADE;GERENTE AD/2; ESTATUTARIO;4155,90;;4155,90;412,43;3743,47;
PEDRO HAMILTON MARQUES DE OLIVEIRA;ENVIRA;TECNICO EM AGROPECUARIA;; ESTATUTARIO;2982,85;;2982,85;273,11;2709,74;
PERPETUO SOCORRO DE OLIVEIRA LOPES;PARINTINS;TECNICO EM CONTABILIDADE;; ESTATUTARIO;3051,09;;3051,09;310,70;2740,39;
PHILLIPE GABRIEL BRANDAO;CAREIRO;GERENTE AD-2;GERENTE AD-2; CARGO COMISSION.S/VINCULO;4209,79;;4209,79;641,84;3567,95;
PLACIDO DA SILVA RAMOS FILHO;MANACAPURU;ENGENHEIRO AGRONOMO;; ESTATUTARIO;9255,71;;9255,71;1910,37;7345,34;
RAIMUNDA GONCALVES DA CUNHA;CAREIRO;AGENTE ADMINISTRATIVO;; ESTATUTARIO;2510,41;;2510,41;244,75;2265,66;
RAIMUNDA MARIA RODRIGUES DA SILVA;DIRETORIA DE FOMENTO;A.TEC-III;; ESTATUTARIO;2089,06;;2089,06;207,02;1882,04;
RAIMUNDO BARROS DE MOURA;LABREA;VIGIA;; ESTATUTARIO;2017,37;;2017,37;147,75;1869,62;
RAIMUNDO DA SILVA QUEIROZ;CODAJAS;MOTORISTA;; ESTATUTARIO;1961,09;;1961,09;160,72;1800,37;
RAIMUNDO GERSON SOUZA DA COSTA;DIRETORIA DE FOMENTO;ENGENHEIRO FLORESTAL;; ESTATUTARIO;15778,37;;15778,37;4491,77;11286,60;
RAIMUNDO MACIEL DE OLIVEIRA;DIRETORIA DE FOMENTO;MOTORISTA DE AUTOS;; ESTATUTARIO;2459,83;;2459,83;193,97;2265,86;
RAIMUNDO MENDES LEAL FILHO;MAUES;TECNICO EM AGROPECUARIA;; ESTATUTARIO;2982,85;;2982,85;333,54;2649,31;
RAIMUNDO NONATO DE LIMA LYRA;DIRETORIA ADMINIST.FINANCEIRA;ASSISTENTE TECNICO;; ESTATUTARIO;3012,52;;3012,52;276,42;2736,10;
RAIMUNDO NONATO RIBEIRO AMBROSIO;CAREIRO;AUX.O-III;; ESTATUTARIO;1683,54;;1683,54;130,19;1553,35;
RAIMUNDO OBERTO CASCAES;MANAQUIRI;MOTORISTA;; ESTATUTARIO;2313,80;;2313,80;179,75;2134,05;
RAIMUNDO OSCAR VIEIRA DE OLIVEIRA;PARINTINS;TECNICO EM AGROPECUARIA;; ESTATUTARIO;3653,72;;3653,72;372,62;3281,10;
RAIMUNDO PASCOAL DO ROSARIO;ITACOATIARA;MOTORISTA;; ESTATUTARIO;2140,86;;2140,86;180,49;1960,37;
RAIMUNDO PEREIRA AMORIM;DIR.DE ASSIST.TEC.E EXT.RURAL;TECNICO EM AGROPECUARIA;; ESTATUTARIO;3943,28;;3943,28;361,01;3582,27;
RAIMUNDO VIEIRA DA SILVA;DIR.DE ASSIST.TEC.E EXT.RURAL;PEDAGOGO;; ESTATUTARIO;5781,27;;5781,27;932,79;4848,48;
RAIMUNDO ZOROASTRO N BRANDAO;TABATINGA;TECNICO AGRICOLA;GERENTE AD/2; ESTATUTARIO;5726,23;;5726,23;754,90;4971,33;
REDINE CLAUDIO XAVIER;ENVIRA;TECNICO EM AGROPECUARIA;; ESTATUTARIO;4400,00;;4400,00;339,15;4060,85;
REGIMARA ALVES PAULO;DIRETORIA ADMINIST.FINANCEIRA;AGENTE ADMINISTRATIVO;GERENTE AD/2; ESTATUTARIO;4950,08;;4950,08;566,50;4383,58;
RENATO ALVES DE ARAUJO;ITACOATIARA;AUX.O-III;; ESTATUTARIO;1893,45;;1893,45;153,28;1740,17;
RENATO MARQUES DO NASCIMENTO;DIRETORIA ADMINIST.FINANCEIRA;AUXILIAR DE SERVICOS GERAIS;; ESTATUTARIO;1968,83;;1968,83;137,84;1830,99;
RENATO PALMA DE LIMA;BORBA;ASSISTENTE TECNICO;; ESTATUTARIO;3151,64;;3151,64;319,74;2831,90;
RICKSON DA CRUZ VALENTE;PARINTINS;TECNICO EM AGROPECUARIA;; ESTATUTARIO;2588,94;;2588,94;250,96;2337,98;
RITA CELIA DE SIQUEIRA C ARAUJO;DIR.DE ASSIST.TEC.E EXT.RURAL;TNS-III;; ESTATUTARIO;4612,76;;4612,76;703,63;3909,13;
ROBERTO AIRES EDWARDS DE OLIVEIRA;CAREIRO DA VARZEA;TECNICO EM AGROPECUARIA;; ESTATUTARIO;2982,85;;2982,85;333,54;2649,31;
ROBERTO VANDERLEI DE ARRUDA;APUI;AGENTE ADMINISTRATIVO;; ESTATUTARIO;2627,89;;2627,89;234,07;2393,82;
RODERICO DE LIMA LIMEIRA;MANICORE;MOTORISTA;; ESTATUTARIO;2134,37;;2134,37;179,78;1954,59;
ROLANGIO PEREIRA DE SOUSA;IRANDUBA;ENGENHEIRO AGRONOMO;; ESTATUTARIO;8862,84;;8862,84;1928,56;6934,28;
ROMUALDO FIGUEIREDO RAMOS;DIR.DE ASSIST.TEC.E EXT.RURAL;TECNICO EM AGROPECUARIA;; ESTATUTARIO;7238,58;;7238,58;691,33;6547,25;
RONAN DE SOUZA;URICURITUBA;GERENTE AD-2;; CARGO COMISSION.S/VINCULO;4209,79;;4209,79;670,28;3539,51;
ROSALBINA MOURA CAVALCANTE;DIRETORIA ADMINIST.FINANCEIRA;AUX.S.G-III;; ESTATUTARIO;1762,23;;1762,23;130,19;1632,04;
ROSEMIRO PICANCO ROCHA FILHO;PARINTINS;TECNICO EM CONTABILIDADE;TEC.DE CONTABILIDADE; ESTATUTARIO;2955,66;;2955,66;274,24;2681,42;
ROSENAY DA SILVA DOMINGUES;ITACOATIARA;ASSISTENTE TECNICO;; ESTATUTARIO;2974,18;;2974,18;303,65;2670,53;
ROSILQUE MENDES DE FRANCA;SILVES;GERENTE AD-2;GERENTE AD-2; CARGO COMISSION.S/VINCULO;4209,79;;4209,79;641,84;3567,95;
RUCIAN SANTOS DE ANDRADE;TAPAUA;ASSISTENTE TECNICO PNM.ANM-III;GERENTE AD2; ESTATUTARIO;5172,05;;5172,05;646,43;4525,62;
RUI LIMA DE SOUZA;IRANDUBA;TECNICO EM AGROPECUARIA;; ESTATUTARIO;2738,80;;2738,80;261,08;2477,72;
RUI PEREIRA SAMPAIO;URUCARA;A.TEC-III;; ESTATUTARIO;4311,76;;4311,76;495,21;3816,55;
SAMUEL FARIAS DE OLIVEIRA;GABINETE;CHEFE DE GABINETE AD-1;; CARGO COMISSION.S/VINCULO;1162,16;;1162,16;;1162,16;
SCHIRLEY ELVIRA PINTO ATAIDE;ITACOATIARA;TECNICO EM AGROPECUARIA;; ESTATUTARIO;2982,85;;2982,85;319,32;2663,53;
SEBASTIAO DA SILVA GOMES;DIRETORIA ADMINIST.FINANCEIRA;AUXILIAR DE SERVICOS GERAIS;; ESTATUTARIO;1476,62;;1476,62;137,84;1338,78;
SEBASTIAO DIAS DE MENDONCA;DIR.DE ASSIST.TEC.E EXT.RURAL;ENGENHEIRO AGRONOMO;GERENTE AD/2; ESTATUTARIO;11718,78;;11718,78;3062,26;8656,52;
SEBASTIAO FONSECA DE LIMA;DIRETORIA ADMINIST.FINANCEIRA;ASSISTENTE TECNICO;GERENTE AD/2; ESTATUTARIO;3933,14;;3933,14;404,90;3528,24;
SEBASTIAO JOSE PINHEIRO DA PAIXAO;IRANDUBA;CAD-III;; ESTATUTARIO;2608,48;;2608,48;231,90;2376,58;
SEBASTIAO ROQUE DA CRUZ;DIRETORIA DE FOMENTO;TECNICO EM AGROPECUARIA;; ESTATUTARIO;3279,08;;3279,08;294,87;2984,21;
SERGIO AUGUSTO FROES CAVALCANTE;JAPURA;TECNICO EM AGROPECUARIA;; ESTATUTARIO;8372,88;;8372,88;1364,01;7008,87;
SIDNEY SOUZA DE ARAUJO;TEFE;GERENTE AD-2;GERENTE AD-2; CARGO COMISSION.S/VINCULO;4209,79;;4209,79;613,40;3596,39;
SILDOVERIO ALMEIDA TUNDIS;DIR.DE ASSIST.TEC.E EXT.RURAL;ENG-III;; ESTATUTARIO;9468,00;;9468,00;2414,59;7053,41;
SILVIA CHRISTINA DOMINGUES DE ABREU;DIR.DE ASSIST.TEC.E EXT.RURAL;ENGENHEIRO AGRONOMO;; ESTATUTARIO;6615,48;;6615,48;1477,48;5138,00;
SIMAR RODRIGUES MONTEIRO;ASSESSORIA;ASSESSOR III AD-3;; CARGO COMISSION.S/VINCULO;3191,80;;3191,80;422,40;2769,40;
SIMONE CARVALHO DE ANDRADE;PAUINI;GERENTE AD-2;; CARGO COMISSION.S/VINCULO;4209,79;;4209,79;670,28;3539,51;
SIMONE DE NAZARE LIMA DA SILVA;ATALAIA DO NORTE;GERENTE AD-2;GERENTE AD/2; CARGO COMISSION.S/VINCULO;4209,79;;4209,79;613,40;3596,39;
TADEU VELOSO PACHECO;ITAPIRANGA;TECNICO EM AGROPECUARIA;; ESTATUTARIO;7824,08;;7824,08;1375,99;6448,09;
VALDECIO DA SILVA GOMES;IPIXUNA;GERENTE AD-2;; CARGO COMISSION.S/VINCULO;4209,79;;4209,79;613,40;3596,39;
VALDEMIR BAIA SOARES;DIR.DE ASSIST.TEC.E EXT.RURAL;A.TEC-III;SEC INFOR AGRICOLA; ESTATUTARIO;2163,75;;2163,75;214,43;1949,32;
VALDENIZA PRAIANO DE SOUZA;DIRETORIA ADMINIST.FINANCEIRA;TECNICO EM CONTABILIDADE;; ESTATUTARIO;2920,34;;2920,34;315,10;2605,24;
VALDENOR PEREIRA DE AZEVEDO;BORBA;AUXILIAR DE SERVICOS GERAIS;; ESTATUTARIO;1755,46;;1755,46;138,10;1617,36;
VALDO DE OLIVEIRA E SILVA;URICURITUBA;GERENTE AD-2;; CARGO COMISSION.S/VINCULO;1637,14;;1637,14;28,06;1609,08;
VALERIA NOGUEIRA DE JESUS;DIR.DE ASSIST.TEC.E EXT.RURAL;A.TEC-III;; ESTATUTARIO;3591,14;;3591,14;359,48;3231,66;
VASCO BENTO DOS SANTOS RIBEIRO;GABINETE;EXTENSIONISTA RURAL MEDIO;EXTENC. RURAL MEDIO; ESTATUTARIO;1961,22;;1961,22;215,73;1745,49;
VICENTE MARQUES DA SILVA FILHO;NOVA OLINDA DO NORTE;TECNICO EM AGROPECUARIA;GERENTE AD-2; ESTATUTARIO;5618,56;;5618,56;799,01;4819,55;
VILDO PEDRO TEIXEIRA;BARREIRINHA;MOTORISTA;; ESTATUTARIO;2380,43;;2380,43;182,26;2198,17;
WALDOMIRO BORGES DE ARAUJO;NOVO AIRAO;ASSISTENTE TECNICO;; ESTATUTARIO;2761,44;;2761,44;261,12;2500,32;
WALTER RIBEIRO DE CARVALHO;DIRETORIA ADMINIST.FINANCEIRA;ENGENHEIRO AGRONOMO;; ESTATUTARIO;13034,06;;13034,06;3474,42;9559,64;
WANDERLEY HOLLANDA CAVALCANTE;PARINTINS;SOCIOLOGO;; ESTATUTARIO;5255,55;;5255,55;859,22;4396,33;
WARLEN ARIEL CORNELIO FERMIN;SANTO ANTONIO DO ICA;GERENTE AD-2;GERENTE AD-2; CARGO COMISSION.S/VINCULO;4209,79;;4209,79;670,28;3539,51;
WASHINGTON LUIS AGUIAR;DIR.DE ASSIST.TEC.E EXT.RURAL;ENGENHEIRO AGRONOMO;GERENTE AD/2; ESTATUTARIO;11749,15;;11749,15;3067,81;8681,34;
WEBERTY DARIO MARINHO;FONTE BOA;GERENTE AD-2;; CARGO COMISSION.S/VINCULO;12629,37;;12629,37;3053,96;9575,41;
WILLIAM PEREIRA GASPAR;DEPTO.DE OPERACOES TECNICAS;GERENTE AD-2;; CARGO COMISSION.S/VINCULO;1754,07;;1754,07;28,06;1726,01;
ZACARIAS DA SILVA GONDIM;DIR.DE ASSIST.TEC.E EXT.RURAL;TECNICO EM AGROPECUARIA;; ESTATUTARIO;1047,70;;1047,70;242,34;805,36;
ZILDO FRANCA DE LIMA;ENVIRA;AGENTE ADM.-AGA-T.S.N.A.-E;GERENTE AD-2; ESTATUTARIO;10769,44;;10769,44;1989,25;8780,19;
