NOME;LOTACAO;CARGO;FUNCAO;VINCULO;REMUNERACAO LEGAL TOTAL(R$);DESC.TETO(R$); REMUNERACAO LEGAL DEVIDA(R$);DESCONTOS LEGAIS(R$);LIQUIDO DISPONIVEL(R$);
ADAISA DE ALENCAR MELO;COORD. ADMINISTRAT. FINANCEIRA;BIBLI-III;BIBLIOTECARIO; ESTATUTARIO;3686,24;;3686,24;456,63;3229,61;
ADRIANA BATISTA BATALHA;COORD. ADMINISTRAT. FINANCEIRA;ASSESSOR III;ASSESSOR III AD-3; CARGO COMISSION.S/VINCULO;1893,80;;1893,80;170,44;1723,36;
ADRIANA LINS BARROS;COORD. ADMINISTRAT. FINANCEIRA;AUX.O-III;AUX OP CAMAR TEATRO; ESTATUTARIO;1157,31;;1157,31;127,30;1030,01;
AGATHA KAROLLING CALDAS DE ALMEIDA;COORD. ADMINISTRAT. FINANCEIRA;A.TEC-III;ASSIST TEC; ESTATUTARIO;1350,19;;1350,19;148,52;1201,67;
ALAN DA SILVA GOMES;COORD. ADMINISTRAT. FINANCEIRA;AUX.O-III;; ESTATUTARIO;1157,31;;1157,31;127,30;1030,01;
ALBERTO MOURA;COORD. ADMINISTRAT. FINANCEIRA;AUX.S.G-II;; ESTATUTARIO;2006,15;;2006,15;137,85;1868,30;
ALCI RIBEIRO DE ALENCAR;COORD. ADMINISTRAT. FINANCEIRA;OPERADOR DE ILUMINACAO;; ESTATUTARIO;2416,21;;2416,21;189,70;2226,51;
ALCIONE LIMA DE ALMEIDA C BARBOSA;COORD. ADMINISTRAT. FINANCEIRA;SUBGERENTE;SUBGERENTE AD-3; CARGO COMISSION.S/VINCULO;2195,80;;2195,80;197,62;1998,18;
ALDERLANI DE OLIVEIRA LEITE;COORD. ADMINISTRAT. FINANCEIRA;GERENTE;GERENTE AD-2; CARGO COMISSION.S/VINCULO;2609,79;;2609,79;270,20;2339,59;
ALESSANDRA D'AVILA ALMEIDA SILVA;COORD. ADMINISTRAT. FINANCEIRA;GERENTE;GERENTE AD-2; CARGO COMISSION.S/VINCULO;4209,79;;4209,79;641,84;3567,95;
ALESSANDRA MARIA DA SILVA GOMES;COORD. ADMINISTRAT. FINANCEIRA;GERENTE;GERENTE AD-2; CARGO COMISSION.S/VINCULO;1548,79;;1548,79;123,90;1424,89;
ALEX CLEI DA SILVA BAIA;COORD. ADMINISTRAT. FINANCEIRA;AUX.O-III;AUX. OPER. CENOTECN; ESTATUTARIO;1157,31;;1157,31;127,30;1030,01;
ALFRELENE PAES BARRETO PINTO;COORD. ADMINISTRAT. FINANCEIRA;ASSISTENTE TECNICO II;; ESTATUTARIO;3666,43;;3666,43;342,35;3324,08;
ALINE DE SOUZA SANTANA;COORD. ADMINISTRAT. FINANCEIRA;GERENTE;GERENTE AD-2; CARGO COMISSION.S/VINCULO;3209,79;;3209,79;426,78;2783,01;
ALINE ROSANA ALEXANDRINA DA SILVA;COORD. ADMINISTRAT. FINANCEIRA;A.TEC-III;; ESTATUTARIO;1350,19;;1350,19;148,52;1201,67;
ALINE SOUZA DE OLIVEIRA;COORD. ADMINISTRAT. FINANCEIRA;AUX.O-III;AUX OP COSTUREIRA; ESTATUTARIO;1157,31;;1157,31;127,30;1030,01;
ALINY BENTES FERNANDES BARROSO;COORD. ADMINISTRAT. FINANCEIRA;GERENTE;GERENTE AD-2; CARGO COMISSION.S/VINCULO;3209,79;;3209,79;426,78;2783,01;
ALIZIANE CUNEGONDES FONTES;COORD. ADMINISTRAT. FINANCEIRA;AUX.ADM-III;; ESTATUTARIO;1628,80;;1628,80;134,38;1494,42;
ALLANA LARISSA DE OLIVEIRA LIMA;COORD. ADMINISTRAT. FINANCEIRA;GERENTE;GERENTE AD-2; CARGO COMISSION.S/VINCULO;1911,79;;1911,79;172,06;1739,73;
AMANDA SANTOS LAMEIRAS AMORIM;COORD. ADMINISTRAT. FINANCEIRA;GERENTE;GERENTE AD-2; CARGO COMISSION.S/VINCULO;2549,05;;2549,05;260,58;2288,47;
ANA CHRISTINA DE FREITAS SANTOS;COORD. ADMINISTRAT. FINANCEIRA;A.TEC-I;ASSESSOR I; ESTATUTARIO;6063,70;;6063,70;921,43;5142,27;
ANA CRISTINA LIRA MANSOUR;COORD. ADMINISTRAT. FINANCEIRA;GERENTE;GERENTE AD-2; CARGO COMISSION.S/VINCULO;1699,79;;1699,79;152,98;1546,81;
ANA ESTELA DOS SANTOS FERREIRA;COORD. ADMINISTRAT. FINANCEIRA;AUX.ADM-III;AUX ADM; ESTATUTARIO;1221,60;;1221,60;134,38;1087,22;
ANA ILKA IZEL ASSUMPÇÃO;COORD. ADMINISTRAT. FINANCEIRA;ASSESSOR II;; CARGO COMISSION.S/VINCULO;4209,79;;4209,79;670,28;3539,51;
ANA KAROLINE DA SILVA CORDEIRO;COORD. ADMINISTRAT. FINANCEIRA;AUX.ADM-III;AUX. ADMINISTRATIVO; ESTATUTARIO;1221,60;;1221,60;134,38;1087,22;
ANA KATIA DA SILVA;COORD. ADMINISTRAT. FINANCEIRA;A.TEC-III;ASS.TEC. EM CONTABIL; ESTATUTARIO;2279,54;;2279,54;148,52;2131,02;
ANA LIDIA FERREIRA;COORD. ADMINISTRAT. FINANCEIRA;TNS-III;TEC.NIV.SUP.-TURISMO; ESTATUTARIO;3150,45;;3150,45;399,82;2750,63;
ANA LIDIA ROLIM DE LIMA;COORD. ADMINISTRAT. FINANCEIRA;AUX.ADM-III;; ESTATUTARIO;1628,80;;1628,80;134,38;1494,42;
ANA MARIA QUEIROZ DA SILVEIRA;COORD. ADMINISTRAT. FINANCEIRA;GERENTE;GERENTE AD-2; CARGO COMISSION.S/VINCULO;2213,79;;2213,79;199,24;2014,55;
ANA PAULA RABELO FERNANDES;COORD. ADMINISTRAT. FINANCEIRA;A.TEC-II;AGENTE ADMINISTRAT.; ESTATUTARIO;4833,33;;4833,33;488,24;4345,09;
ANA REGINA DA ROCHA LIMA;COORD. ADMINISTRAT. FINANCEIRA;TEC. DE NIVEL SUPERIOR 1A CLASSE;; ESTATUTARIO;3301,91;;3301,91;415,47;2886,44;
ANABETE RODRIGUES DE LIMA;COORD. ADMINISTRAT. FINANCEIRA;A.TEC-I;; ESTATUTARIO;1845,60;;1845,60;171,68;1673,92;
ANDREA LENINA ABRAAO GUSMAO;COORD. ADMINISTRAT. FINANCEIRA;SUBGERENTE;SUBGERENTE AD-3; CARGO COMISSION.S/VINCULO;1681,80;;1681,80;134,54;1547,26;
ANDRESSA DE OLIVEIRA SILVA;COORD. ADMINISTRAT. FINANCEIRA;CHEFE DE DEPARTAMENTO;CH.DE DPTO. AD-1; CARGO COMISSION.S/VINCULO;5229,77;;5229,77;986,40;4243,37;
ANGELO DANIEL COUTINHO TEIXEIRA;COORD. ADMINISTRAT. FINANCEIRA;A.OPE-III;ASS. TEC. SONOPLASTA; ESTATUTARIO;2581,54;;2581,54;188,20;2393,34;
ANIBAL AUGUSTO TURENKO BEÇA;COORD. ADMINISTRAT. FINANCEIRA;CHEFE DE DEPARTAMENTO;; CARGO COMISSION.S/VINCULO;5229,77;;5229,77;901,09;4328,68;
ANNA ALZIRA DA SILVA CAMARA;COORD. ADMINISTRAT. FINANCEIRA;A.TEC-III;; ESTATUTARIO;2977,54;;2977,54;218,07;2759,47;
ANNE RUTH BRANDAO DA SILVA;COORD. ADMINISTRAT. FINANCEIRA;GERENTE;GERENTE AD-2; CARGO COMISSION.S/VINCULO;4209,79;;4209,79;641,84;3567,95;
ANTONIA ALVES MOURAO;COORD. ADMINISTRAT. FINANCEIRA;AUX.DE APOIO ADMINISTRATIVO I;; ESTATUTARIO;2255,46;;2255,46;142,50;2112,96;
ANTONIO DE OLIVEIRA MACHADO;COORD. ADMINISTRAT. FINANCEIRA;GERENTE;GERENTE AD-2; CARGO COMISSION.S/VINCULO;3209,79;;3209,79;426,78;2783,01;
ANTONIO FONSECA BENEVENUTO;COORD. ADMINISTRAT. FINANCEIRA;AUX.BIBLI-III;AUX. BIBLIOTECA; ESTATUTARIO;1628,80;;1628,80;134,38;1494,42;
ANTONIO FRANCISCO AUSIER RAMOS;COORD. ADMINISTRAT. FINANCEIRA;TECNICO 3A CLASSE;CH.DE DPTO. AD-1; ESTATUTARIO;6316,21;;6316,21;1090,50;5225,71;
ANTONIO KAYTON DA SILVA ROSARIO;COORD. ADMINISTRAT. FINANCEIRA;AUX.O-III;AUX. OPER. CENOTECN; ESTATUTARIO;2163,81;;2163,81;127,30;2036,51;
ANTONIO NORBERTO URTIGA;COORD. ADMINISTRAT. FINANCEIRA;TNS-I;; ESTATUTARIO;8444,37;;8444,37;1942,44;6501,93;
ANTONIO VILSON DOS SANTOS SILVA;COORD. ADMINISTRAT. FINANCEIRA;SUBGERENTE;SUBGERENTE AD-3; CARGO COMISSION.S/VINCULO;1681,80;;1681,80;134,54;1547,26;
ARNOLDO FERREIRA CABRAL;COORD. ADMINISTRAT. FINANCEIRA;ASSESSOR III;; CARGO COMISSION.S/VINCULO;3191,80;;3191,80;422,40;2769,40;
ARTHUR JORGE FREIRE VILAS BOAS;COORD. ADMINISTRAT. FINANCEIRA;AUX.O-III;; ESTATUTARIO;1157,31;;1157,31;127,30;1030,01;
AUGUSTO HARLLEY GOMES DOS SANTOS;COORD. ADMINISTRAT. FINANCEIRA;AUX.O-III;AUX. OP. MONT. EVENT; ESTATUTARIO;1157,31;;1157,31;127,30;1030,01;
BARBARA AGNES FIGUEIREDO MARIANO;COORD. ADMINISTRAT. FINANCEIRA;A.T.ENG.R-III;ASSIT.TEC.ENG.E REST; ESTATUTARIO;1543,08;;1543,08;169,74;1373,34;
BARBARA CATERINE DE OLIVEIRA;COORD. ADMINISTRAT. FINANCEIRA;ENG-III;ENGENHEIRO; ESTATUTARIO;5601,48;;5601,48;1117,76;4483,72;
BEATRIZ DO CARMO ALVES;COORD. ADMINISTRAT. FINANCEIRA;BIBLI-III;BIBLIOTECARIO; ESTATUTARIO;3086,16;;3086,16;402,68;2683,48;
BRUNA KISHA DE OLIVEIRA LIRA;COORD. ADMINISTRAT. FINANCEIRA;A.TEC-III;; ESTATUTARIO;1350,19;;1350,19;148,52;1201,67;
BRUNO ROGERIO DE VASCONCELOS BASTOS;COORD. ADMINISTRAT. FINANCEIRA;A.OPE-III;ASS. OP. MAQUINISTA; ESTATUTARIO;2279,54;;2279,54;148,52;2131,02;
CABRAL NEVES DE MELO;COORD. ADMINISTRAT. FINANCEIRA;ASSISTENTE TECNICO 3A CLASSE;; ESTATUTARIO;2195,47;;2195,47;162,59;2032,88;
CAIO ANDRE NASCIMENTO ARAUJO;COORD. ADMINISTRAT. FINANCEIRA;SUBGERENTE;SUBGERENTE AD-3; CARGO COMISSION.S/VINCULO;2591,80;;2591,80;233,26;2358,54;
CAIO MIRANDA RODRIGUES;COORD. ADMINISTRAT. FINANCEIRA;A.TEC-III;; ESTATUTARIO;1350,19;;1350,19;148,52;1201,67;
CANDIDO JEREMIAS CUMARU NETO;COORD. ADMINISTRAT. FINANCEIRA;GERENTE;GERENTE AD-2; CARGO COMISSION.S/VINCULO;4209,79;;4209,79;670,28;3539,51;
CARLAKYSSIA ANJOS CHINELATO;COORD. ADMINISTRAT. FINANCEIRA;ASSISTENTE TECNICO I;ASSISTENTE TECNICO; ESTATUTARIO;2285,34;;2285,34;183,21;2102,13;
CARLOS ALBERTO SANTOS NUNES;COORD. ADMINISTRAT. FINANCEIRA;AUX.O-III;AUX.OP.MONT.EVENTOS; ESTATUTARIO;1157,31;;1157,31;127,30;1030,01;
CARLOS ALEXANDRE LEAO AUZIER;COORD. ADMINISTRAT. FINANCEIRA;AUX.O-III;AUX.OP MONT.EVENTOS; ESTATUTARIO;2163,81;;2163,81;127,30;2036,51;
CARLOS AUGUSTO MAIA DA SILVA;COORD. ADMINISTRAT. FINANCEIRA;AUX.TECNICO ADMINISTRATIVO I;; ESTATUTARIO;2005,93;;2005,93;172,83;1833,10;
CARLOS JORGE PISSANGO DOS SANTOS;COORD. ADMINISTRAT. FINANCEIRA;AUX.O-III;AUX. OPER. ARTIFICE; ESTATUTARIO;1157,31;;1157,31;127,30;1030,01;
CARLOS JOSE SOUZA DA SILVA;COORD. ADMINISTRAT. FINANCEIRA;A.TEC-III;; ESTATUTARIO;1350,19;;1350,19;148,52;1201,67;
CAROLINA SILVA DE SANTA ANA;COORD. ADMINISTRAT. FINANCEIRA;GERENTE;; CARGO COMISSION.S/VINCULO;3209,79;;3209,79;426,78;2783,01;
CASSIA CRISTINA UCHOA DA SILVA;COORD. ADMINISTRAT. FINANCEIRA;GERENTE;GERENTE AD-2; CARGO COMISSION.S/VINCULO;3209,79;;3209,79;426,78;2783,01;
CELIA ALBUQUERQUE DA MATA;COORD. ADMINISTRAT. FINANCEIRA;ASSISTENTE TECNICO 3A CLASSE;; ESTATUTARIO;2085,02;;2085,02;150,44;1934,58;
CELIO SOUZA DE CARVALHO JUNIOR;COORD. ADMINISTRAT. FINANCEIRA;TNS-III;T.N.S TURISMO; ESTATUTARIO;3086,16;;3086,16;402,68;2683,48;
CHRYSTIANNE DA SILVA OLIVEIRA;COORD. ADMINISTRAT. FINANCEIRA;GERENTE;; CARGO COMISSION.S/VINCULO;1911,79;;1911,79;172,06;1739,73;
CINTHIA SANTIAGO PACHECO;COORD. ADMINISTRAT. FINANCEIRA;ASSISTENTE TECNICO I;; ESTATUTARIO;1765,10;;1765,10;184,82;1580,28;
CLAUDOMIRA RAMOS LOPES;COORD. ADMINISTRAT. FINANCEIRA;TNS-III;TEC.NIV.SUP-PEDAGOGA; ESTATUTARIO;3086,16;;3086,16;388,46;2697,70;
CLEBER BATISTA DE SOUZA;COORD. ADMINISTRAT. FINANCEIRA;ASSISTENTE TECNICO II;; ESTATUTARIO;4104,66;;4104,66;295,44;3809,22;
CRISTIAN PIO AVILA;COORD. ADMINISTRAT. FINANCEIRA;ANTP-III;GERENTE AD-2; ESTATUTARIO;5285,90;;5285,90;804,74;4481,16;
CRISTIANA PAULA MELO ZANY BRANDAO;COORD. ADMINISTRAT. FINANCEIRA;TNS-I;CH. DE DPTO  AD 1; ESTATUTARIO;4025,69;;4025,69;577,46;3448,23;
CRISTOVAO COUTINHO BATISTA;COORD. ADMINISTRAT. FINANCEIRA;ASSESSOR II;; CARGO COMISSION.S/VINCULO;4209,79;;4209,79;670,28;3539,51;
DANIEL DE LIMA CAVALCANTE;COORD. ADMINISTRAT. FINANCEIRA;CHEFE DE DEPARTAMENTO;; CARGO COMISSION.S/VINCULO;5229,77;;5229,77;986,40;4243,37;
DANIEL FERREIRA SALES;COORD. ADMINISTRAT. FINANCEIRA;GERENTE;GERENTE AD-2; CARGO COMISSION.S/VINCULO;1699,79;;1699,79;152,98;1546,81;
DANIEL SALES COSTA;COORD. ADMINISTRAT. FINANCEIRA;A.OPE-III;ASS. OP. MAQUINISTA; ESTATUTARIO;1350,19;;1350,19;148,52;1201,67;
DANILO DE ASSIS RIBEIRO;COORD. ADMINISTRAT. FINANCEIRA;AUX.BIBLI-III;AUX. BIBLIOTECA; ESTATUTARIO;1221,60;;1221,60;134,38;1087,22;
DAVI LIMA ESCOBAR;COORD. ADMINISTRAT. FINANCEIRA;ASSESSOR II;; CARGO COMISSION.S/VINCULO;4209,79;;4209,79;670,28;3539,51;
DAVID CARVALHO DE LIMA;COORD. ADMINISTRAT. FINANCEIRA;BIBLI-III;BIBLIOTECARIO; ESTATUTARIO;3686,24;;3686,24;456,63;3229,61;
DAVISON MAIA BRAGA;COORD. ADMINISTRAT. FINANCEIRA;AUX.ADM-III;AUX ADM; ESTATUTARIO;1221,60;;1221,60;134,38;1087,22;
DAYSE DA SILVA PRESTES;COORD. ADMINISTRAT. FINANCEIRA;GERENTE;GERENTE AD 2; CARGO COMISSION.S/VINCULO;2266,39;;2266,39;215,85;2050,54;
DEBORA DA SILVA MARQUES;COORD. ADMINISTRAT. FINANCEIRA;GERENTE;GERENTE AD-2; CARGO COMISSION.S/VINCULO;3209,79;;3209,79;426,78;2783,01;
DENILSON VIEIRA NOVO;COORD. ADMINISTRAT. FINANCEIRA;SECRETARIO DE ESTADO;; CARGO COMISSION.S/VINCULO;13500,00;;13500,00;3293,39;10206,61;
DENIO ALEX SILVA DA MOTA;COORD. ADMINISTRAT. FINANCEIRA;GERENTE;GERENTE AD-2; CARGO COMISSION.S/VINCULO;1699,79;;1699,79;152,98;1546,81;
DENIS CARVALHO DA SILVA;COORD. ADMINISTRAT. FINANCEIRA;GERENTE;; CARGO COMISSION.S/VINCULO;3209,79;;3209,79;426,78;2783,01;
DIANA STEFANY GOMES DE LIMA;COORD. ADMINISTRAT. FINANCEIRA;ASSESSOR III;; CARGO COMISSION.S/VINCULO;3191,80;;3191,80;422,40;2769,40;
DIANGELYS DOS SANTOS CONCEICAO;COORD. ADMINISTRAT. FINANCEIRA;AUX.ADM-III;AUX ADM; ESTATUTARIO;1221,60;;1221,60;134,38;1087,22;
DIOGO PEREIRA NEVES;COORD. ADMINISTRAT. FINANCEIRA;AUX.O-III;AUX.OP.MONTA.EVENTOS; ESTATUTARIO;1157,31;;1157,31;127,30;1030,01;
DIONE MACIEL DA SILVA;COORD. ADMINISTRAT. FINANCEIRA;AUX.O-III;AUX OP CAMAM TEATRO; ESTATUTARIO;1157,31;;1157,31;127,30;1030,01;
DIVALDO MARTINS DA COSTA;COORD. ADMINISTRAT. FINANCEIRA;SECRETARIO EXECUTIVO;; CARGO COMISSION.S/VINCULO;11700,00;;11700,00;2798,39;8901,61;
DOUGLAS SOARES DA SILVA;COORD. ADMINISTRAT. FINANCEIRA;AUX.O-III;AUX.OP.MONT.EVENTOS; ESTATUTARIO;1157,31;;1157,31;127,30;1030,01;
EDILSON ROSENDO DE FREITAS FILHO;COORD. ADMINISTRAT. FINANCEIRA;ASSESSOR II;; CARGO COMISSION.S/VINCULO;3209,79;;3209,79;426,78;2783,01;
EDINAIRA DA SILVA ARAUJO;COORD. ADMINISTRAT. FINANCEIRA;GERENTE;GERENTE AD-2; CARGO COMISSION.S/VINCULO;1911,79;;1911,79;172,06;1739,73;
EDMAR PEREIRA RIBEIRO;COORD. ADMINISTRAT. FINANCEIRA;VIGIA-II;; ESTATUTARIO;1660,15;;1660,15;137,85;1522,30;
EDMYLSON ROSAS JUNIOR;COORD. ADMINISTRAT. FINANCEIRA;ASSISTENTE TECNICO I;; ESTATUTARIO;2305,53;;2305,53;197,63;2107,90;
EDNA GOMES REZENDE;COORD. ADMINISTRAT. FINANCEIRA;GERENTE;GERENTE AD-2; CARGO COMISSION.S/VINCULO;2609,79;;2609,79;270,20;2339,59;
EDNEA ROCHA DA SILVA;COORD. ADMINISTRAT. FINANCEIRA;AUX.O-III;; ESTATUTARIO;1157,31;;1157,31;127,30;1030,01;
EDSON DE SOUZA MELO;COORD. ADMINISTRAT. FINANCEIRA;AUX.O-III;AUX. OPER. CENOTECN; ESTATUTARIO;1157,31;;1157,31;127,30;1030,01;
EILEN MARIA DE SOUZA QUEIROZ;COORD. ADMINISTRAT. FINANCEIRA;GERENTE;GERENTE AD-2; CARGO COMISSION.S/VINCULO;1548,79;;1548,79;123,90;1424,89;
ELENICE CORREA BASTOS;COORD. ADMINISTRAT. FINANCEIRA;ENG-III;ENGENHEIRO; ESTATUTARIO;5601,48;;5601,48;1117,76;4483,72;
ELIANE DE VASCONCELOS GOMES BATISTA;COORD. ADMINISTRAT. FINANCEIRA;AUX.O-III;AUX OP COSTUREIRA; ESTATUTARIO;1157,31;;1157,31;127,30;1030,01;
ELIEZER BACELAR DA SILVA;COORD. ADMINISTRAT. FINANCEIRA;AFINADOR DE INSTRUMENTOS;; ESTATUTARIO;2591,64;;2591,64;161,54;2430,10;
ELIZABETH GUERRA CANTANHEDE;COORD. ADMINISTRAT. FINANCEIRA;ASSESSOR I;ASSESSOR I; ESTATUTARIO;7171,25;;7171,25;1235,55;5935,70;
ELIZABETH MARIA MACEDO DE LIMA;COORD. ADMINISTRAT. FINANCEIRA;GERENTE;GERENTE AD-2; CARGO COMISSION.S/VINCULO;1911,79;;1911,79;172,06;1739,73;
ELLEN CRISTINA DOS S NASCIMENTO;COORD. ADMINISTRAT. FINANCEIRA;GERENTE;; CARGO COMISSION.S/VINCULO;2609,79;;2609,79;270,20;2339,59;
ELSON DA COSTA SALES;COORD. ADMINISTRAT. FINANCEIRA;ASSESSOR III;; CARGO COMISSION.S/VINCULO;1335,80;;1335,80;106,86;1228,94;
EMANUELLE MENEZES FIGUEIREDO;COORD. ADMINISTRAT. FINANCEIRA;ASSESSOR II;; CARGO COMISSION.S/VINCULO;8419,58;;8419,58;1896,27;6523,31;
ERIC SILVA DE LIMA;COORD. ADMINISTRAT. FINANCEIRA;ASSESSOR II;; CARGO COMISSION.S/VINCULO;2609,79;;2609,79;270,20;2339,59;
ERNANI GARCIA LINO DOS SANTOS;COORD. ADMINISTRAT. FINANCEIRA;A.TEC-III;ASSIST. TEC. GUIA; ESTATUTARIO;1350,19;;1350,19;148,52;1201,67;
EUZETE CUNHA DE OLIVEIRA;COORD. ADMINISTRAT. FINANCEIRA;ASSISTENTE TECNICO 3A CLASSE;; ESTATUTARIO;2157,92;;2157,92;161,93;1995,99;
EXPEDITO LUIZ BATISTA NETO;COORD. ADMINISTRAT. FINANCEIRA;AUX.BIBLI-III;AUX. BIBLIOTECA; ESTATUTARIO;1221,60;;1221,60;120,94;1100,66;
FABIANA DE ALMEIDA LIMA;COORD. ADMINISTRAT. FINANCEIRA;ASSESSOR I;; CARGO COMISSION.S/VINCULO;5229,77;;5229,77;986,40;4243,37;
FABIANA ROBERTA GENTIL PEREIRA;COORD. ADMINISTRAT. FINANCEIRA;AUX.BIBLI-III;; ESTATUTARIO;1628,80;;1628,80;134,38;1494,42;
FABIO GREY BRITO MORENO;COORD. ADMINISTRAT. FINANCEIRA;A.OPE-III;ASS. TEC. SONOPLASTA; ESTATUTARIO;2581,54;;2581,54;173,98;2407,56;
FATIMA DIANA DA GLORIA MOREIRA;COORD. ADMINISTRAT. FINANCEIRA;TEC.DE NIVEL SUPERIOR 2A CLASSE;; ESTATUTARIO;5101,23;;5101,23;666,08;4435,15;
FERNANDA DA SILVA FROTA;COORD. ADMINISTRAT. FINANCEIRA;ARQT-III;ARQUITETO; ESTATUTARIO;7040,00;;7040,00;1487,72;5552,28;
FERNANDO GONCALVES MARQUES JUNIOR;COORD. ADMINISTRAT. FINANCEIRA;GERENTE;; CARGO COMISSION.S/VINCULO;2213,79;;2213,79;199,24;2014,55;
FLAVIO SENA CARVALHO;COORD. ADMINISTRAT. FINANCEIRA;ASSESSOR IV;; CARGO COMISSION.S/VINCULO;3175,61;;3175,61;418,48;2757,13;
FRANCISCA BARRETO DOS SANTOS;COORD. ADMINISTRAT. FINANCEIRA;ASSISTENTE TECNICO 3A CLASSE;; ESTATUTARIO;2157,92;;2157,92;161,93;1995,99;
FRANCISCA FRANCY COSTA BARROSO;COORD. ADMINISTRAT. FINANCEIRA;AUX.DE APOIO ADMINISTRATIVO II;; ESTATUTARIO;2303,70;;2303,70;146,63;2157,07;
FRANCISCA ILZA REIS DE OLIVEIRA;COORD. ADMINISTRAT. FINANCEIRA;GERENTE;; CARGO COMISSION.S/VINCULO;3209,79;;3209,79;426,78;2783,01;
FRANCISCA PORTELA MACIEL;COORD. ADMINISTRAT. FINANCEIRA;SUBGERENTE;SUBGERENTE AD-3; CARGO COMISSION.S/VINCULO;1893,80;;1893,80;170,44;1723,36;
FRANCISCO ALESSANDRO PEREIRA ROSA;COORD. ADMINISTRAT. FINANCEIRA;AUX.O-III;ARTIFICE; ESTATUTARIO;1157,31;;1157,31;127,30;1030,01;
FRANCISCO CAMPOS DOS SANTOS;COORD. ADMINISTRAT. FINANCEIRA;ASSESSOR III;; CARGO COMISSION.S/VINCULO;3191,80;;3191,80;422,40;2769,40;
FRANCISCO CARLOS DE SOUZA ANDRADE;COORD. ADMINISTRAT. FINANCEIRA;GERENTE;GERENTE AD-2; CARGO COMISSION.S/VINCULO;2213,79;;2213,79;199,24;2014,55;
FRANCISCO CARLOS MONTEIRO ARRUDA;COORD. ADMINISTRAT. FINANCEIRA;AUX.BIBLI-III;AUX. BIBLIOTECA; ESTATUTARIO;1221,60;;1221,60;134,38;1087,22;
FRANCISCO EDUARDO ALVES DE ALMEIDA;COORD. ADMINISTRAT. FINANCEIRA;AUX.BIBLI-III;AUX. BIBLIOTECA; ESTATUTARIO;1221,60;;1221,60;134,38;1087,22;
FRANCISCO RODRIGUES CAVALCANTE;COORD. ADMINISTRAT. FINANCEIRA;A.TEC-II;; ESTATUTARIO;2380,61;;2380,61;184,51;2196,10;
FRANKLIN CARNEIRO DA MOTA;COORD. ADMINISTRAT. FINANCEIRA;ENG-I;GERENTE AD 2; ESTATUTARIO;10685,34;;10685,34;2788,37;7896,97;
FRED MARCIO DOS SANTOS BARBOSA;COORD. ADMINISTRAT. FINANCEIRA;GERENTE;GERENTE AD-2; CARGO COMISSION.S/VINCULO;1548,79;;1548,79;123,90;1424,89;
GALBEN GABRIEL LACERDA DE SOUSA;COORD. ADMINISTRAT. FINANCEIRA;A.TEC-III;AS.TEC. DESEN/CADIST; ESTATUTARIO;1800,25;;1800,25;148,52;1651,73;
GERALDA MARIA MAGELA BRAGA DE SOUZA;COORD. ADMINISTRAT. FINANCEIRA;ASSISTENTE TECNICO I;; ESTATUTARIO;2731,97;;2731,97;228,71;2503,26;
GERONIMO DA SILVA LIMA;COORD. ADMINISTRAT. FINANCEIRA;AUX.S.G-II;; ESTATUTARIO;1435,15;;1435,15;137,85;1297,30;
GERSON PEREIRA BASTOS;COORD. ADMINISTRAT. FINANCEIRA;GERENTE;GERENTE AD-2; CARGO COMISSION.S/VINCULO;2213,79;;2213,79;199,24;2014,55;
GILBERTO RODRIGUES DE SOUZA JUNIOR;COORD. ADMINISTRAT. FINANCEIRA;OPERADOR DE SOM;; ESTATUTARIO;2195,47;;2195,47;162,59;2032,88;
GILDOMAR DA ROCHA CAMPOS;COORD. ADMINISTRAT. FINANCEIRA;AUX.TECNICO ADMINISTRATIVO II;; ESTATUTARIO;2870,42;;2870,42;232,14;2638,28;
GILMAR CASTRO DE AQUINO JUNIOR;COORD. ADMINISTRAT. FINANCEIRA;AUX.O-III;AUX. OP. MONT. EVENT; ESTATUTARIO;1157,31;;1157,31;127,30;1030,01;
GILSON MAURO DE OLIVEIRA PEREIRA;COORD. ADMINISTRAT. FINANCEIRA;GERENTE;GERENTE AD-2; CARGO COMISSION.S/VINCULO;3209,79;;3209,79;426,78;2783,01;
GIOVANNI ARAUJO SANTIAGO;COORD. ADMINISTRAT. FINANCEIRA;A.TEC-III;AS. TEC. WEB DESIGN; ESTATUTARIO;1350,19;;1350,19;148,52;1201,67;
GISELANE CAMPOS ESPADIM;COORD. ADMINISTRAT. FINANCEIRA;A.TEC-III;ASSIST. TECNICO; ESTATUTARIO;1350,19;;1350,19;148,52;1201,67;
GISELE FELIPE CUNHA FERNANDES;COORD. ADMINISTRAT. FINANCEIRA;TNS-III;T.N.S TURISMO; ESTATUTARIO;4413,38;;4413,38;619,98;3793,40;
GLAUCIA REGINA WEIL CORREA FARIAS;COORD. ADMINISTRAT. FINANCEIRA;ASSISTENTE TECNICO 2A CLASSE;; ESTATUTARIO;3159,71;;3159,71;220,43;2939,28;
GLEICE SOUZA BARROS;COORD. ADMINISTRAT. FINANCEIRA;AUX.O-III;AUX.OP.MONT.EVENTOS; ESTATUTARIO;2163,81;;2163,81;127,30;2036,51;
GLORIA MARIA QUEIROZ MENDONCA;COORD. ADMINISTRAT. FINANCEIRA;TNS-I;; ESTATUTARIO;4529,50;;4529,50;691,10;3838,40;
GRACE KELLY SILVA DUARTE;COORD. ADMINISTRAT. FINANCEIRA;ASSESSOR II;; CARGO COMISSION.S/VINCULO;3209,79;;3209,79;426,78;2783,01;
HANY MATOS CANDIDO;COORD. ADMINISTRAT. FINANCEIRA;TNS-III;; ESTATUTARIO;3086,16;;3086,16;374,24;2711,92;
HARLEY HERON DA SILVA MENDONCA;COORD. ADMINISTRAT. FINANCEIRA;AUX.O-III;AUX.OP.MONT.EVENTOS; ESTATUTARIO;1157,31;;1157,31;127,30;1030,01;
HELIO DA COSTA DANTAS;COORD. ADMINISTRAT. FINANCEIRA;HIST-III;HISTORIADOR; ESTATUTARIO;2764,68;;2764,68;345,85;2418,83;
HELLEN CRISTINA DA SILVA ALMEIDA;COORD. ADMINISTRAT. FINANCEIRA;AUX.ADM-III;AUX ADM; ESTATUTARIO;1221,60;;1221,60;134,38;1087,22;
HENRIQUE SANTOS DA SILVA;COORD. ADMINISTRAT. FINANCEIRA;GERENTE;GERENTE AD-2; CARGO COMISSION.S/VINCULO;1548,79;;1548,79;123,90;1424,89;
HERMES DA SILVA DOS SANTOS;COORD. ADMINISTRAT. FINANCEIRA;AUX.ADM-III;AUX ADM; ESTATUTARIO;1221,60;;1221,60;134,38;1087,22;
HERSON DE SOUZA CRISPIM;COORD. ADMINISTRAT. FINANCEIRA;A.TEC-III;; ESTATUTARIO;1350,19;;1350,19;;1350,19;
HINCIA DE SOUZA PEREIRA;COORD. ADMINISTRAT. FINANCEIRA;GERENTE;GERENTE AD-2; CARGO COMISSION.S/VINCULO;3209,79;;3209,79;426,78;2783,01;
IARA LANE ARAUJO DA SILVA;COORD. ADMINISTRAT. FINANCEIRA;TECNICO DE NIVEL SUPERIOR;TEC. NIV. SUPERIOR; ESTATUTARIO;3295,95;;3295,95;415,47;2880,48;
IRENILCE CARVALHO DUARTE COLHYER;COORD. ADMINISTRAT. FINANCEIRA;GERENTE;GERENTE AD-2; CARGO COMISSION.S/VINCULO;1699,79;;1699,79;152,98;1546,81;
IVAN FELIPE DOS REIS OLIVEIRA;COORD. ADMINISTRAT. FINANCEIRA;AUX.O-III;AUX. OPER. CENOTECN; ESTATUTARIO;2465,81;;2465,81;159,89;2305,92;
IVETE PESSOA DA SILVA;COORD. ADMINISTRAT. FINANCEIRA;A.TEC-I;GERENTE AD 2; ESTATUTARIO;5140,54;;5140,54;621,88;4518,66;
IZOLINA VIEIRA BENTOLILA;COORD. ADMINISTRAT. FINANCEIRA;A.TEC-I;; ESTATUTARIO;3141,01;;3141,01;227,16;2913,85;
JAIR JACQMONT CANTANHEDE;COORD. ADMINISTRAT. FINANCEIRA;A.TEC-I;; ESTATUTARIO;4062,06;;4062,06;417,59;3644,47;
JANAINA MARGARIDA CARLOS COSTA;COORD. ADMINISTRAT. FINANCEIRA;GERENTE;GERENTE AD-2; CARGO COMISSION.S/VINCULO;2609,79;;2609,79;270,20;2339,59;
JANDR LUCIO GUIMARAES DOS REIS;COORD. ADMINISTRAT. FINANCEIRA;GERENTE;GERENTE AD 2; CARGO COMISSION.S/VINCULO;3209,79;;3209,79;426,78;2783,01;
JANE DOS SANTOS FONTENELLE;COORD. ADMINISTRAT. FINANCEIRA;A.TEC-II;; ESTATUTARIO;4855,28;;4855,28;538,29;4316,99;
JANE SANTOS GATO;COORD. ADMINISTRAT. FINANCEIRA;SUBGERENTE;SUBGERENTE AD-3; CARGO COMISSION.S/VINCULO;1681,80;;1681,80;134,54;1547,26;
JANETE ALBUQUERQUE DE SOUZA;COORD. ADMINISTRAT. FINANCEIRA;A.TEC-II;GERENTE AD-2; ESTATUTARIO;6447,28;;6447,28;759,56;5687,72;
JANILSON DOS SANTOS LOPES;COORD. ADMINISTRAT. FINANCEIRA;AUX.O-III;; ESTATUTARIO;1157,31;;1157,31;127,30;1030,01;
JAQUELINE BATISTA DE SOUZA;COORD. ADMINISTRAT. FINANCEIRA;SUBGERENTE;; CARGO COMISSION.S/VINCULO;2591,80;;2591,80;267,35;2324,45;
JEANE BARBOSA PEREIRA;COORD. ADMINISTRAT. FINANCEIRA;GERENTE;GER.AD-2; CARGO COMISSION.S/VINCULO;2609,79;;2609,79;270,20;2339,59;
JENNA GOMES DE SOUZA;COORD. ADMINISTRAT. FINANCEIRA;AUX.BIBLI-III;; ESTATUTARIO;1221,60;;1221,60;134,38;1087,22;
JENNIFFER RIBEIRO DA SILVA;COORD. ADMINISTRAT. FINANCEIRA;ASSESSOR II;ASSESSOR II AD2; CARGO COMISSION.S/VINCULO;4209,79;;4209,79;670,28;3539,51;
JENNYFER BARBOSA DE CASTRO;COORD. ADMINISTRAT. FINANCEIRA;ASSESSOR III;; CARGO COMISSION.S/VINCULO;1190,61;;1190,61;40,82;1149,79;
JENNYFER BARBOSA DE CASTRO;COORD. ADMINISTRAT. FINANCEIRA;GERENTE;; CARGO COMISSION.S/VINCULO;3209,79;;3209,79;426,78;2783,01;
JESSILDA RIBEIRO FURTADO;COORD. ADMINISTRAT. FINANCEIRA;A.TEC-I;CH. DE DPTO. AD-1; ESTATUTARIO;5886,87;;5886,87;820,12;5066,75;
JOAO BATISTA COELHO DOS SANTOS;COORD. ADMINISTRAT. FINANCEIRA;A.TEC-I;; ESTATUTARIO;1871,83;;1871,83;174,57;1697,26;
JOAO FABIO DE ARAUJO MARQUES;COORD. ADMINISTRAT. FINANCEIRA;ASSISTENTE TECNICO GOVERNAMENTAL;; ESTATUTARIO;1721,54;;1721,54;148,52;1573,02;
JOAO MARCOS OLIVEIRA DE PAULA;COORD. ADMINISTRAT. FINANCEIRA;REST-III;; ESTATUTARIO;2764,68;;2764,68;296,99;2467,69;
JOAO MARIO TUPINAMBA QUEIROZ SOUZA;COORD. ADMINISTRAT. FINANCEIRA;ASSESSOR III;; CARGO COMISSION.S/VINCULO;1530,80;;1530,80;122,46;1408,34;
JOAO PAULO DE MOURA BRASIL;COORD. ADMINISTRAT. FINANCEIRA;GERENTE;; CARGO COMISSION.S/VINCULO;3209,79;;3209,79;410,30;2799,49;
JOAO PAULO TOMAS DA SILVA DE AQUINO;COORD. ADMINISTRAT. FINANCEIRA;AUX.O-III;AUX. OPER. CENOTECN; ESTATUTARIO;1157,31;;1157,31;127,30;1030,01;
JOARA MARIA FERREIRA MARQUES;COORD. ADMINISTRAT. FINANCEIRA;GERENTE;GERENTE AD 2; CARGO COMISSION.S/VINCULO;3209,79;;3209,79;426,78;2783,01;
JONAS WESEN DE SOUZA;COORD. ADMINISTRAT. FINANCEIRA;GERENTE;GERENTE AD-2; CARGO COMISSION.S/VINCULO;2951,72;;2951,72;378,91;2572,81;
JORGE DENIS BATISTA VIEIRA;COORD. ADMINISTRAT. FINANCEIRA;GERENTE;GERENTE AD-2; CARGO COMISSION.S/VINCULO;2213,79;;2213,79;199,24;2014,55;
JOSE ABILIO DE MOURA FARIAS JUNIOR;COORD. ADMINISTRAT. FINANCEIRA;AUX.ADM-III;AUX ADM; ESTATUTARIO;1221,60;;1221,60;134,38;1087,22;
JOSE AUGUSTO DA SILVA GUIMARAES;COORD. ADMINISTRAT. FINANCEIRA;A.TEC-I;; ESTATUTARIO;2412,34;;2412,34;183,60;2228,74;
JOSE CASTELO DO NASCIMENTO;COORD. ADMINISTRAT. FINANCEIRA;ASSISTENTE TECNICO III;ASSIST. TECNICO III; ESTATUTARIO;2840,67;;2840,67;245,75;2594,92;
JOSE CAVALCANTE LACERDA JUNIOR;COORD. ADMINISTRAT. FINANCEIRA;TNS-III;T.N.S PSICOLOGIA; ESTATUTARIO;3086,16;;3086,16;402,68;2683,48;
JOSE LUCIO DOS SANTOS;COORD. ADMINISTRAT. FINANCEIRA;AUX.BIBLI-III;AUXILIAR DE BIBLIOT.; ESTATUTARIO;1628,80;;1628,80;134,38;1494,42;
JOSE LUIS ALMEIDA DOS SANTOS;COORD. ADMINISTRAT. FINANCEIRA;A.TEC-I;CH DE DPTO AD-1; ESTATUTARIO;5968,06;;5968,06;797,83;5170,23;
JOSE MARIA MARQUES H JUNIOR;COORD. ADMINISTRAT. FINANCEIRA;A.TEC-III;ASSIST TECNICO; ESTATUTARIO;1350,19;;1350,19;148,52;1201,67;
JOSE PEREIRA BELEM;COORD. ADMINISTRAT. FINANCEIRA;VIGIA;; ESTATUTARIO;1614,55;;1614,55;128,27;1486,28;
JOSE ROGERIO DOS REIS OLIVEIRA;COORD. ADMINISTRAT. FINANCEIRA;GERENTE;GERENTE AD-2; CARGO COMISSION.S/VINCULO;2609,79;;2609,79;270,20;2339,59;
JUDETH MARIA FERREIRA DA COSTA;COORD. ADMINISTRAT. FINANCEIRA;TNS-II;; ESTATUTARIO;4224,67;;4224,67;571,88;3652,79;
JUDSON PAZ DANTAS;COORD. ADMINISTRAT. FINANCEIRA;GERENTE;GERENTE AD-2; CARGO COMISSION.S/VINCULO;2213,79;;2213,79;199,24;2014,55;
JULIANE FERNANDES PEREIRA;COORD. ADMINISTRAT. FINANCEIRA;AUX.BIBLI-III;; ESTATUTARIO;1221,60;;1221,60;134,38;1087,22;
JULIANE PINTO ZAMBRANO;COORD. ADMINISTRAT. FINANCEIRA;AUX.ADM-III;AUX ADM; ESTATUTARIO;1221,60;;1221,60;134,38;1087,22;
KAMILA KAROLINE CORDOVIL CERQUEIRA;COORD. ADMINISTRAT. FINANCEIRA;GERENTE;GERENTE AD-2; CARGO COMISSION.S/VINCULO;3209,79;;3209,79;426,78;2783,01;
KAREN LORENA FREIRE MARINHO;COORD. ADMINISTRAT. FINANCEIRA;A.TEC-III;ASS. TEC. GUIA; ESTATUTARIO;20222,81;;20222,81;37,13;20185,68;
KAREN NERY ABDALLA;COORD. ADMINISTRAT. FINANCEIRA;TNS-III;; ESTATUTARIO;3086,16;;3086,16;402,68;2683,48;
KARLA ADRIEMELLYN GOMES MENDES;COORD. ADMINISTRAT. FINANCEIRA;ASSESSOR II;; CARGO COMISSION.S/VINCULO;3209,79;;3209,79;426,78;2783,01;
KAROLINY VERAS PEREIRA DA COSTA;COORD. ADMINISTRAT. FINANCEIRA;AUX.BIBLI-III;AUX. BIBLIOTECA; ESTATUTARIO;1221,60;;1221,60;134,38;1087,22;
KATHERINE LIMA LOUREIRO DE MENDONCA;COORD. ADMINISTRAT. FINANCEIRA;GERENTE;; CARGO COMISSION.S/VINCULO;1911,79;;1911,79;172,06;1739,73;
KATHYUSCIA CASTILHO CORREA;COORD. ADMINISTRAT. FINANCEIRA;GERENTE;GERENTE AD-2; CARGO COMISSION.S/VINCULO;2609,79;;2609,79;270,20;2339,59;
KATIA MARIA DA SILVA GALVAO;COORD. ADMINISTRAT. FINANCEIRA;GERENTE;GERENTE AD-2; CARGO COMISSION.S/VINCULO;1911,79;;1911,79;172,06;1739,73;
KATTERINE ELIZABETH SUANO DA COSTA;COORD. ADMINISTRAT. FINANCEIRA;GERENTE;GERENTE AD-2; CARGO COMISSION.S/VINCULO;2609,79;;2609,79;234,88;2374,91;
KELLEN DIANE NASCIMENTO DE SOUZA;COORD. ADMINISTRAT. FINANCEIRA;AUX.BIBLI-III;AUX. BIBLIOTECA; ESTATUTARIO;1221,60;;1221,60;134,38;1087,22;
KELVIN SANTOS DE LUCENA;COORD. ADMINISTRAT. FINANCEIRA;AUX.O-III;AUX. OPER. CENOTECN; ESTATUTARIO;1157,31;;1157,31;127,30;1030,01;
LAIZE ROCHA DE PAIVA;COORD. ADMINISTRAT. FINANCEIRA;ASSESSOR II;; CARGO COMISSION.S/VINCULO;5379,16;;5379,16;189,44;5189,72;
LANA GLAUCIA ALBUQUERQUE CAMPOS;COORD. ADMINISTRAT. FINANCEIRA;GERENTE;GERENTE AD-2; CARGO COMISSION.S/VINCULO;2266,39;;2266,39;215,85;2050,54;
LARISSA FERREIRA PEREIRA;COORD. ADMINISTRAT. FINANCEIRA;TNS-III;T.N.S. TURISMO; ESTATUTARIO;3686,24;;3686,24;456,63;3229,61;
LAURINEY ALMEIDA DOS SANTOS;COORD. ADMINISTRAT. FINANCEIRA;ASSESSOR III;ASSESSOR III AD-3; CARGO COMISSION.S/VINCULO;1681,80;;1681,80;134,54;1547,26;
LAYANNE RAQUEL SAMUEL S OLIVEIRA;COORD. ADMINISTRAT. FINANCEIRA;ASSESSOR III;; CARGO COMISSION.S/VINCULO;3191,80;;3191,80;422,40;2769,40;
LEANDRO AUGUSTO PEREIRA EBLING;COORD. ADMINISTRAT. FINANCEIRA;SUBGERENTE;; CARGO COMISSION.S/VINCULO;2195,80;;2195,80;197,62;1998,18;
LEANDRO DOS SANTOS SOARES;COORD. ADMINISTRAT. FINANCEIRA;AUX.O-III;AUX. OP. MONT. ORQ; ESTATUTARIO;1157,31;;1157,31;127,30;1030,01;
LEIDE FOLGOSA BARROSO MUNOZ;COORD. ADMINISTRAT. FINANCEIRA;A.TEC-III;; ESTATUTARIO;1350,19;;1350,19;148,52;1201,67;
LEILSON ASSAD DE SOUZA;COORD. ADMINISTRAT. FINANCEIRA;A.TEC-II;; ESTATUTARIO;2131,46;;2131,46;160,83;1970,63;
LILIANE DE VASCONCELOS GOMES;COORD. ADMINISTRAT. FINANCEIRA;SUBGERENTE;; CARGO COMISSION.S/VINCULO;1893,80;;1893,80;170,44;1723,36;
LORENA REGINA GONDIM BAHIA;COORD. ADMINISTRAT. FINANCEIRA;GERENTE;GERENTE AD-2; CARGO COMISSION.S/VINCULO;2213,79;;2213,79;199,24;2014,55;
LUCIANA PESSOA BALTAR;COORD. ADMINISTRAT. FINANCEIRA;A.TEC-II;GERENTE AD-2; ESTATUTARIO;4835,46;;4835,46;491,18;4344,28;
LUCIANO ROBERT DOS SANTOS MAFRA;COORD. ADMINISTRAT. FINANCEIRA;ASSESSOR III;ASSESSOR III AD-3; CARGO COMISSION.S/VINCULO;2195,80;;2195,80;197,62;1998,18;
LUCIO BRAZ DE LIMA REIS;COORD. ADMINISTRAT. FINANCEIRA;A.OPE-III;ASSIST.TEC.OP.ILUM.; ESTATUTARIO;2279,54;;2279,54;165,55;2113,99;
LUIS AURELIO NINA DEL CAMPO;COORD. ADMINISTRAT. FINANCEIRA;A.TEC-III;; ESTATUTARIO;1350,19;;1350,19;148,52;1201,67;
LUIZ FELIPE LIMA DE ALBUQUERQUE;COORD. ADMINISTRAT. FINANCEIRA;A.TEC-III;ASS. TEC. GUIA; ESTATUTARIO;1350,19;;1350,19;148,52;1201,67;
LUIZ GAJOLA FERREIRA BRAGA;COORD. ADMINISTRAT. FINANCEIRA;A.OPE-III;ASSIST.TEC.OP.CINEG.; ESTATUTARIO;1350,19;;1350,19;148,52;1201,67;
LUIZ PAIXAO CABRAL MARQUES;COORD. ADMINISTRAT. FINANCEIRA;VIGIA-II;; ESTATUTARIO;1435,15;;1435,15;137,85;1297,30;
LUIZA CRUZ DE SOUZA;COORD. ADMINISTRAT. FINANCEIRA;ASSISTENTE TECNICO III;ASSIST. TECNICO III; ESTATUTARIO;2471,29;;2471,29;194,60;2276,69;
LUZIENE PINHEIRO PASSOS;COORD. ADMINISTRAT. FINANCEIRA;A.OPE-III;AS. OP. EDIT. IMAGEM; ESTATUTARIO;3577,54;;3577,54;308,07;3269,47;
MADIRSON FRANCISCO SOUZA;COORD. ADMINISTRAT. FINANCEIRA;CHEFE DE DEPARTAMENTO;; CARGO COMISSION.S/VINCULO;5229,77;;5229,77;986,40;4243,37;
MANUELLA DE BARROS SILVA PEDROSA;COORD. ADMINISTRAT. FINANCEIRA;ASSESSOR I;; CARGO COMISSION.S/VINCULO;5229,77;;5229,77;986,40;4243,37;
MARCELO FURTADO MACHADO LEITAO;COORD. ADMINISTRAT. FINANCEIRA;AUX.ADM-III;AUX ADM; ESTATUTARIO;1221,60;;1221,60;134,38;1087,22;
MARCIO JUNIO SILVA DO NASCIMENTO;COORD. ADMINISTRAT. FINANCEIRA;GERENTE;; CARGO COMISSION.S/VINCULO;1699,79;;1699,79;152,98;1546,81;
MARCOS ANTONIO REPOLHO RAMOS;COORD. ADMINISTRAT. FINANCEIRA;AUX.ADM-III;; ESTATUTARIO;1221,60;;1221,60;134,38;1087,22;
MARCOS RODRIGUES DE LIMA;COORD. ADMINISTRAT. FINANCEIRA;ASSESSOR III;; CARGO COMISSION.S/VINCULO;2195,80;;2195,80;197,62;1998,18;
MARCOS WILLIAMS RODRIGUES DA SILVA;COORD. ADMINISTRAT. FINANCEIRA;ASSISTENTE ADMINISTRATIVO;; ESTATUTARIO;2307,04;;2307,04;149,48;2157,56;
MARGARETH NOGUEIRA RODRIGUES;COORD. ADMINISTRAT. FINANCEIRA;AUX.ADM-III;AUX ADM; ESTATUTARIO;1221,60;;1221,60;134,38;1087,22;
MARIA ANALIA BENETTON;COORD. ADMINISTRAT. FINANCEIRA;ASSESSOR II;ASSESSOR II AD-2; CARGO COMISSION.S/VINCULO;4209,79;;4209,79;670,28;3539,51;
MARIA ARMINDA CASTRO MENDONCA SOUZA;COORD. ADMINISTRAT. FINANCEIRA;TEC.DE NIVEL SUPERIOR 2A CLASSE;; ESTATUTARIO;2828,98;;2828,98;357,22;2471,76;
MARIA AUXILIADORA DA SILVA CRUZ;COORD. ADMINISTRAT. FINANCEIRA;TEC.EM ADMINISTR.5A.CL-NM.215.11;ASSESSOR II AD 2; ESTATUTARIO;5557,12;;5557,12;807,81;4749,31;
MARIA CLARA DA GAMA BENTES;COORD. ADMINISTRAT. FINANCEIRA;GERENTE;GERENTE AD-2; CARGO COMISSION.S/VINCULO;4209,79;;4209,79;670,28;3539,51;
MARIA DA CONCEICAO DE SOUZA E SILVA;COORD. ADMINISTRAT. FINANCEIRA;AUX.O-III;AUX OP CAMAM TEATRO; ESTATUTARIO;1157,31;;1157,31;127,30;1030,01;
MARIA DAS GRACAS COELHO BRAGA;COORD. ADMINISTRAT. FINANCEIRA;TEC.DE NIVEL SUPERIOR 2A CLASSE;; ESTATUTARIO;3330,59;;3330,59;424,40;2906,19;
MARIA DAS GRACAS XIMENES LINS;COORD. ADMINISTRAT. FINANCEIRA;ASSESSOR III;ASSESSOR III AD-3; CARGO COMISSION.S/VINCULO;1530,80;;1530,80;122,46;1408,34;
MARIA DE FATIMA DE ALMEIDA CAMPOS;COORD. ADMINISTRAT. FINANCEIRA;ASSISTENTE TECNICO III;; ESTATUTARIO;4437,74;;4437,74;375,24;4062,50;
MARIA DE FATIMA TOLEDANO BINDA;COORD. ADMINISTRAT. FINANCEIRA;ASSISTENTE TECNICO III;; ESTATUTARIO;2261,60;;2261,60;197,97;2063,63;
MARIA DE NAZARE COSTA SOARES;COORD. ADMINISTRAT. FINANCEIRA;ASSISTENTE TECNICO I;; ESTATUTARIO;1955,74;;1955,74;184,82;1770,92;
MARIA DE NAZARE DE ALMEIDA;COORD. ADMINISTRAT. FINANCEIRA;AUX.DE APOIO ADMINISTRATIVO I;; ESTATUTARIO;1827,13;;1827,13;141,66;1685,47;
MARIA DO PERPETUO SOCORRO G LIMA;COORD. ADMINISTRAT. FINANCEIRA;ASSISTENTE TECNICO II;; ESTATUTARIO;2212,60;;2212,60;194,09;2018,51;
MARIA DO SOCORRO GOUVEA;COORD. ADMINISTRAT. FINANCEIRA;A.OPE-I;; ESTATUTARIO;3684,26;;3684,26;311,88;3372,38;
MARIA DO SOCORRO TEODORA DA COSTA;COORD. ADMINISTRAT. FINANCEIRA;AUX.ADM-III;AUX ADM; ESTATUTARIO;1221,60;;1221,60;134,38;1087,22;
MARIA ELIZABETH DA SILVA;COORD. ADMINISTRAT. FINANCEIRA;AGENTE DE ADMINISTRACAO;; ESTATUTARIO;2607,77;;2607,77;178,62;2429,15;
MARIA EMILIA GOMES DE LEIROS;COORD. ADMINISTRAT. FINANCEIRA;GERENTE;GERENTE AD-2; CARGO COMISSION.S/VINCULO;3209,79;;3209,79;426,78;2783,01;
MARIA GELICE ALBUQUERQUE DE SOUZA;COORD. ADMINISTRAT. FINANCEIRA;GERENTE;GERENTE AD-2; CARGO COMISSION.S/VINCULO;3209,79;;3209,79;426,78;2783,01;
MARIA GRACELY SAMPAIO RENTE;COORD. ADMINISTRAT. FINANCEIRA;ASSESSOR III;ASSESSOR III AD-3; CARGO COMISSION.S/VINCULO;1335,80;;1335,80;106,86;1228,94;
MARIA INEZ DE SOUSA;COORD. ADMINISTRAT. FINANCEIRA;ASSISTENTE TECNICO I;; ESTATUTARIO;3120,05;;3120,05;214,90;2905,15;
MARIA JOSE NUNES MEDEIROS;COORD. ADMINISTRAT. FINANCEIRA;TEC.DE NIVEL SUPERIOR 2A CLASSE;TEC.NIV.SUP.2 CLASSE; ESTATUTARIO;3824,35;;3824,35;503,11;3321,24;
MARIA LUCIANE COELHO ITUASSU SILVA;COORD. ADMINISTRAT. FINANCEIRA;ASSESSOR II;; CARGO COMISSION.S/VINCULO;4209,79;;4209,79;670,28;3539,51;
MARIA NAZARENE MAIA;COORD. ADMINISTRAT. FINANCEIRA;ASSISTENTE TECNICO III;ASSESSOR I AD 1; ESTATUTARIO;6437,00;;6437,00;853,51;5583,49;
MARIA SHEILA DE SOUZA CAMPOS;COORD. ADMINISTRAT. FINANCEIRA;TNS-III;; ESTATUTARIO;5297,48;;5297,48;1009,92;4287,56;
MARIA VICTORIA PEREIRA GONCALVES;COORD. ADMINISTRAT. FINANCEIRA;A.TEC-III;; ESTATUTARIO;1350,19;;1350,19;148,52;1201,67;
MARIANE SANTOS DA COSTA;COORD. ADMINISTRAT. FINANCEIRA;ASSESSOR III;ASSESSOR III AD-3; CARGO COMISSION.S/VINCULO;2591,80;;2591,80;267,35;2324,45;
MARIETE FRANCA ARAUJO;COORD. ADMINISTRAT. FINANCEIRA;A.TEC-I;; ESTATUTARIO;2714,34;;2714,34;220,47;2493,87;
MARILDA GALVAO DE OLIVEIRA;COORD. ADMINISTRAT. FINANCEIRA;ASSISTENTE TECNICO III;; ESTATUTARIO;1830,83;;1830,83;189,95;1640,88;
MARINA DE SEIXAS;COORD. ADMINISTRAT. FINANCEIRA;AUX.S.G-II;; ESTATUTARIO;1660,15;;1660,15;137,85;1522,30;
MARISTELA PAULA BRAGA PINHO;COORD. ADMINISTRAT. FINANCEIRA;ASSISTENTE TECNICO II;; ESTATUTARIO;2688,81;;2688,81;200,13;2488,68;
MARIZETE BRANDAO DA SILVA;COORD. ADMINISTRAT. FINANCEIRA;ASSISTENTE TECNICO I;; ESTATUTARIO;3366,57;;3366,57;214,51;3152,06;
MARLENE LIRA DERZI;COORD. ADMINISTRAT. FINANCEIRA;GERENTE;GERENTE AD-2; CARGO COMISSION.S/VINCULO;3744,75;;3744,75;128,39;3616,36;
MARLENE LIRA DERZI;COORD. ADMINISTRAT. FINANCEIRA;CHEFE DE DEPARTAMENTO;; CARGO COMISSION.S/VINCULO;5229,77;;5229,77;986,40;4243,37;
MARLENE OLIVA VELOSO;COORD. ADMINISTRAT. FINANCEIRA;CHEFE DE DEPARTAMENTO;CHEFE DE DPTO. AD-1; CARGO COMISSION.S/VINCULO;5084,50;;5084,50;196,11;4888,39;
MARLUCIA DE CASTRO SANTOS;COORD. ADMINISTRAT. FINANCEIRA;ASSESSOR III;ASSESSOR III AD-3; CARGO COMISSION.S/VINCULO;2195,80;;2195,80;197,62;1998,18;
MARONILCO MORAES DAS CHAGAS;COORD. ADMINISTRAT. FINANCEIRA;A.TEC-I;; ESTATUTARIO;7158,59;;7158,59;1407,62;5750,97;
MARSSICLEA BRITO DOS SANTOS;COORD. ADMINISTRAT. FINANCEIRA;GERENTE;; CARGO COMISSION.S/VINCULO;3209,79;;3209,79;426,78;2783,01;
MATIAS DIOGO BELFORT MAR;COORD. ADMINISTRAT. FINANCEIRA;A.OPE-III;ASSIST.TEC.OP.ELETRI; ESTATUTARIO;1350,19;;1350,19;148,52;1201,67;
MELKE ZEDEK GONZAGA DA SILVA;COORD. ADMINISTRAT. FINANCEIRA;AUX.O-III;MONTADOR DE EVENTOS; ESTATUTARIO;1157,31;;1157,31;127,30;1030,01;
MICHAEL DE FRANCA DANTAS;COORD. ADMINISTRAT. FINANCEIRA;ASSESSOR II;; CARGO COMISSION.S/VINCULO;4209,79;;4209,79;670,28;3539,51;
MIGUEL DOS SANTOS BARBOSA JUNIOR;COORD. ADMINISTRAT. FINANCEIRA;AUX.BIBLI-III;AUXILIAR BIBLIOTECA; ESTATUTARIO;1221,60;;1221,60;134,38;1087,22;
MILA MARIA MARQUES NARANJO;COORD. ADMINISTRAT. FINANCEIRA;GERENTE;GEENTE AD-2; CARGO COMISSION.S/VINCULO;2609,79;;2609,79;270,20;2339,59;
MILTON WILFREDO PAREDES ROMAN;COORD. ADMINISTRAT. FINANCEIRA;A.TEC-III;ASS. TEC. INDICADOR; ESTATUTARIO;1350,19;;1350,19;148,52;1201,67;
MOISES SIMOES DOS SANTOS FILHO;COORD. ADMINISTRAT. FINANCEIRA;A.TEC-III;ASS. TEC. INDICADOR; ESTATUTARIO;1800,25;;1800,25;148,52;1651,73;
MONICA SALES MOREIRA DE SOUZA;COORD. ADMINISTRAT. FINANCEIRA;GERENTE;; CARGO COMISSION.S/VINCULO;4209,79;;4209,79;670,28;3539,51;
MOYSES DE ALMEIDA GARCIA;COORD. ADMINISTRAT. FINANCEIRA;AUX.O-III;AUX.OP.MONT.EVENTOS; ESTATUTARIO;1157,31;;1157,31;127,30;1030,01;
MURILO ALVES ACIOLI;COORD. ADMINISTRAT. FINANCEIRA;A.TEC-III;OPER. SOM/SONOPLASTA; ESTATUTARIO;2279,54;;2279,54;165,55;2113,99;
NAHIM CALELI ESPINOSA DUQUE;COORD. ADMINISTRAT. FINANCEIRA;GERENTE;GERENTE AD-2; CARGO COMISSION.S/VINCULO;3209,79;;3209,79;426,78;2783,01;
NAIANA SOUSA CAVALCANTE;COORD. ADMINISTRAT. FINANCEIRA;AUX.ADM-III;AUX ADM; ESTATUTARIO;1605,81;;1605,81;134,38;1471,43;
NAIARA ARRUDA DA COSTA;COORD. ADMINISTRAT. FINANCEIRA;TNS-III;; ESTATUTARIO;3086,16;;3086,16;402,68;2683,48;
NATHALIA DA SILVA SILVEIRA;COORD. ADMINISTRAT. FINANCEIRA;ASSESSOR III;; CARGO COMISSION.S/VINCULO;1335,80;;1335,80;106,86;1228,94;
NATHALYA RODRIGUES BRANDAO;COORD. ADMINISTRAT. FINANCEIRA;ASSESSOR II;; CARGO COMISSION.S/VINCULO;3209,79;;3209,79;426,78;2783,01;
NESTOR RIBEIRO NASCIMENTO;COORD. ADMINISTRAT. FINANCEIRA;ASSISTENTE TECNICO I;GERENTEAD-2; ESTATUTARIO;4241,01;;4241,01;370,41;3870,60;
NILDA PEREIRA VERAS;COORD. ADMINISTRAT. FINANCEIRA;GERENTE;GERENTE AD-2; CARGO COMISSION.S/VINCULO;2213,79;;2213,79;199,24;2014,55;
NIRLANDSON DA GRACA DIAS;COORD. ADMINISTRAT. FINANCEIRA;A.OPE-III;ASS. OP. MAQUINISTA; ESTATUTARIO;2279,54;;2279,54;148,52;2131,02;
OIANA DO COUTO E SILVA;COORD. ADMINISTRAT. FINANCEIRA;GERENTE;GERENTE AD-2; CARGO COMISSION.S/VINCULO;2609,79;;2609,79;270,20;2339,59;
ORLANDO DA SILVA CAMARA;COORD. ADMINISTRAT. FINANCEIRA;TEC.DE NIVEL SUPERIOR 2A CLASSE;; ESTATUTARIO;1955,02;;1955,02;348,50;1606,52;
OSMAR NEGREIROS SAID NETO;COORD. ADMINISTRAT. FINANCEIRA;GERENTE;; CARGO COMISSION.S/VINCULO;3209,79;;3209,79;426,78;2783,01;
PAULO HENRIQUE MENDES DE SOUZA;COORD. ADMINISTRAT. FINANCEIRA;ASSESSOR II;; CARGO COMISSION.S/VINCULO;1353,79;;1353,79;108,30;1245,49;
PAULO JUNIOR DA SILVA MENEZES;COORD. ADMINISTRAT. FINANCEIRA;AUX.ADM-III;; ESTATUTARIO;1221,60;;1221,60;134,38;1087,22;
PEDRO MARCOS MANSOUR ANDES;COORD. ADMINISTRAT. FINANCEIRA;HIST-III;HISTORIADOR; ESTATUTARIO;4114,88;;4114,88;522,55;3592,33;
PIETRO ANTONIO PAIVA DA SILVA;COORD. ADMINISTRAT. FINANCEIRA;AUX.BIBLI-III;; ESTATUTARIO;1221,60;;1221,60;134,38;1087,22;
PRINCE BRUNO DA SILVA LOPES;COORD. ADMINISTRAT. FINANCEIRA;ENG-III;ENGENHEIRO; ESTATUTARIO;5280,00;;5280,00;916,67;4363,33;
QUETLEN FOUVE UCHOA DE SOUSA;COORD. ADMINISTRAT. FINANCEIRA;GERENTE;GERENTE AD-2; CARGO COMISSION.S/VINCULO;3209,79;;3209,79;426,78;2783,01;
RAFAELA FERNANDES DA COSTA;COORD. ADMINISTRAT. FINANCEIRA;GERENTE;GERENTE AD-2; CARGO COMISSION.S/VINCULO;1353,79;;1353,79;108,30;1245,49;
RAIMUNDA LIMA DA SILVA;COORD. ADMINISTRAT. FINANCEIRA;GERENTE;GERENTE AD-2; CARGO COMISSION.S/VINCULO;2065,05;;2065,05;185,85;1879,20;
RAIMUNDO NONATO DE SOUZA ROSAS;COORD. ADMINISTRAT. FINANCEIRA;AUX.BIBLI-III;AUX. BIBLIOTECA; ESTATUTARIO;1221,60;;1221,60;134,38;1087,22;
RAIMUNDO NONATO DOS SANTOS BRAGA;COORD. ADMINISTRAT. FINANCEIRA;A.TEC-I;; ESTATUTARIO;2714,34;;2714,34;192,03;2522,31;
RAIMUNDO NONATO PEREIRA NASCIMENTO;COORD. ADMINISTRAT. FINANCEIRA;ASSESSOR III;; CARGO COMISSION.S/VINCULO;1681,80;;1681,80;134,54;1547,26;
RAISSA PANTOJA OLIVEIRA;COORD. ADMINISTRAT. FINANCEIRA;SUBGERENTE;SUBGERENTE AD-3; CARGO COMISSION.S/VINCULO;3455,73;;3455,73;486,67;2969,06;
RANOLFO CASSIANO RABELO;COORD. ADMINISTRAT. FINANCEIRA;AUX.TECNICO ADMINISTRATIVO II;; ESTATUTARIO;2181,10;;2181,10;171,45;2009,65;
RAQUEL PEREIRA DA FONTOURA;COORD. ADMINISTRAT. FINANCEIRA;GERENTE;GERENTE AD-2; CARGO COMISSION.S/VINCULO;2213,79;;2213,79;199,24;2014,55;
RAQUEL SERIQUE REIS;COORD. ADMINISTRAT. FINANCEIRA;TNS-III;T.N.S TURISMO; ESTATUTARIO;3150,45;;3150,45;414,04;2736,41;
RAYDMA LOUREIRO ARAUJO;COORD. ADMINISTRAT. FINANCEIRA;ASSISTENTE TECNICO I;; ESTATUTARIO;2090,34;;2090,34;183,21;1907,13;
REGINA MARIA LOPES PEREIRA LOBATO;COORD. ADMINISTRAT. FINANCEIRA;TNS-I;CH. DE DPTO AD 1; ESTATUTARIO;22122,80;;22122,80;6005,40;16117,40;
REGMA DA SILVA MAGNO;COORD. ADMINISTRAT. FINANCEIRA;SUBGERENTE;SUBGERENTE; CARGO COMISSION.S/VINCULO;2195,80;;2195,80;197,62;1998,18;
RENATO PEREIRA DA SILVA JUNIOR;COORD. ADMINISTRAT. FINANCEIRA;GERENTE;GERENTE AD 2; CARGO COMISSION.S/VINCULO;2213,79;;2213,79;199,24;2014,55;
RHULLYANNA MAGALHAES BENTES SILVA;COORD. ADMINISTRAT. FINANCEIRA;GERENTE;; CARGO COMISSION.S/VINCULO;4209,79;;4209,79;670,28;3539,51;
ROBSON DE SOUZA NASCIMENTO JUNIOR;COORD. ADMINISTRAT. FINANCEIRA;SUBGERENTE;SUBGERENTE AD-3; CARGO COMISSION.S/VINCULO;1335,80;;1335,80;106,86;1228,94;
RODRIGO ALE ABINADER;COORD. ADMINISTRAT. FINANCEIRA;GERENTE;; CARGO COMISSION.S/VINCULO;1911,79;;1911,79;172,06;1739,73;
RODRIGO BARROS GOMES;COORD. ADMINISTRAT. FINANCEIRA;AUX.ADM-III;AUX ADM; ESTATUTARIO;1628,80;;1628,80;134,38;1494,42;
RODRIGO DA CRUZ DE OLIVEIRA;COORD. ADMINISTRAT. FINANCEIRA;AUX.ADM-III;AUX ADM; ESTATUTARIO;1628,80;;1628,80;134,38;1494,42;
RODRIGO DO NASCIMENTO NUNES;COORD. ADMINISTRAT. FINANCEIRA;TNS-III;TEC. NIVEL SUPERIOR; ESTATUTARIO;2764,68;;2764,68;345,85;2418,83;
ROMULO CESAR COELHO DE CASTRO;COORD. ADMINISTRAT. FINANCEIRA;A.TEC-III;ASSIST TECNICO; ESTATUTARIO;1350,19;;1350,19;148,52;1201,67;
RONILTON LEAO DE SOUZA;COORD. ADMINISTRAT. FINANCEIRA;AUX.ADM-III;; ESTATUTARIO;1221,60;;1221,60;134,38;1087,22;
ROSA CAPOTE VIEIRA;COORD. ADMINISTRAT. FINANCEIRA;GERENTE;GERENTE AD-2; CARGO COMISSION.S/VINCULO;4209,79;;4209,79;670,28;3539,51;
ROSIANE GARCIA PEREIRA;COORD. ADMINISTRAT. FINANCEIRA;A.TEC-III;AASIST.TEC.CONTABIL.; ESTATUTARIO;1350,19;;1350,19;148,52;1201,67;
ROSILDA OTAVIA MARQUES TEIXEIRA;COORD. ADMINISTRAT. FINANCEIRA;TEC.DE NIVEL SUPERIOR 2A CLASSE;; ESTATUTARIO;3290,29;;3290,29;418,64;2871,65;
ROSIMAR SOBRINHO DOS SANTOS;COORD. ADMINISTRAT. FINANCEIRA;ASSESSOR III;ASSESSOR III AD-3; CARGO COMISSION.S/VINCULO;1335,80;;1335,80;106,86;1228,94;
ROSINEIDA LIMA PIMENTEL;COORD. ADMINISTRAT. FINANCEIRA;TNS-III;TEC. N. SUP. CONTAB; ESTATUTARIO;3086,16;;3086,16;374,24;2711,92;
RUY ALBERTO LINS LOURENCO ALMEIDA;COORD. ADMINISTRAT. FINANCEIRA;ASSESSOR II;; CARGO COMISSION.S/VINCULO;5613,05;;5613,05;1121,87;4491,18;
RUY RIBEIRO DE PAULA;COORD. ADMINISTRAT. FINANCEIRA;AUX.TECNICO ADMINISTRATIVO II;; ESTATUTARIO;2032,89;;2032,89;176,01;1856,88;
SAMIR TORRES PEREIRA;COORD. ADMINISTRAT. FINANCEIRA;A.TEC-III;; ESTATUTARIO;1350,19;;1350,19;148,52;1201,67;
SAMUEL LIMA FELIX;COORD. ADMINISTRAT. FINANCEIRA;AUX.BIBLI-III;AUX. BIBLIOTECA; ESTATUTARIO;1221,60;;1221,60;134,38;1087,22;
SAMUEL SOUZA DA SILVA;COORD. ADMINISTRAT. FINANCEIRA;BIBLI-III;BIBLIOTECARIO; ESTATUTARIO;2764,68;;2764,68;345,85;2418,83;
SANDRA FEIJAO DE BRITO;COORD. ADMINISTRAT. FINANCEIRA;GERENTE;GERENTE AD-2; CARGO COMISSION.S/VINCULO;2609,79;;2609,79;270,20;2339,59;
SANDRA MARIA DOS SANTOS;COORD. ADMINISTRAT. FINANCEIRA;TNS-III;T.N.S TURISMO; ESTATUTARIO;3150,45;;3150,45;414,04;2736,41;
SANDRA MESQUITA ARAUJO;COORD. ADMINISTRAT. FINANCEIRA;A.TEC-III;ASS.TEC.CONTABILIDAD; ESTATUTARIO;1350,19;;1350,19;148,52;1201,67;
SANDRA SOARES PRAIA;COORD. ADMINISTRAT. FINANCEIRA;GERENTE;; CARGO COMISSION.S/VINCULO;4209,79;;4209,79;670,28;3539,51;
SANDRO DE SOUZA SILVA;COORD. ADMINISTRAT. FINANCEIRA;GERENTE;; CARGO COMISSION.S/VINCULO;4209,79;;4209,79;670,28;3539,51;
SANTANA RIBEIRO DUARTE;COORD. ADMINISTRAT. FINANCEIRA;AUX.O-I;; ESTATUTARIO;3631,54;;3631,54;321,02;3310,52;
SARIE SAMMY TEIXEIRA BRASIL;COORD. ADMINISTRAT. FINANCEIRA;ASSISTENTE TECNICO I;; ESTATUTARIO;2488,27;;2488,27;207,97;2280,30;
SERGIO VICTOR DE SOUZA RODRIGUES;COORD. ADMINISTRAT. FINANCEIRA;ASSESSOR II;; CARGO COMISSION.S/VINCULO;3209,79;;3209,79;426,78;2783,01;
SERGIO VIEIRA CARDOSO;COORD. ADMINISTRAT. FINANCEIRA;CHEFE DE DEPARTAMENTO;CH.DPTO. AD-1; CARGO COMISSION.S/VINCULO;5229,77;1150,75;4079,02;746,03;3332,99;
SHARLES SILVA DA COSTA;COORD. ADMINISTRAT. FINANCEIRA;A.TEC-II;CH DE DPTO AD-1; ESTATUTARIO;5835,46;;5835,46;799,86;5035,60;
SIDNEY CASTRO MEDINO;COORD. ADMINISTRAT. FINANCEIRA;AUX.O-III;AUX. OPER. CENOTECN; ESTATUTARIO;2465,81;;2465,81;127,30;2338,51;
SIGNORETH CINTHYA RIBEIRO DA SILVA;COORD. ADMINISTRAT. FINANCEIRA;AUX.TECNICO ADMINISTRATIVO II;; ESTATUTARIO;1465,38;;1465,38;158,91;1306,47;
SILVIA ANGELINA LIMA DOS SANTOS;COORD. ADMINISTRAT. FINANCEIRA;AUX.BIBLI-III;; ESTATUTARIO;1221,60;;1221,60;134,38;1087,22;
SILVIO DA SILVA PINTO JUNIOR;COORD. ADMINISTRAT. FINANCEIRA;ASSISTENTE TECNICO I;; ESTATUTARIO;3992,01;;3992,01;331,08;3660,93;
SISSYMARA DE LIMA MENDES;COORD. ADMINISTRAT. FINANCEIRA;CHEFE DE DEPARTAMENTO;; CARGO COMISSION.S/VINCULO;5229,77;;5229,77;943,74;4286,03;
SOLANGE ACORDI MAKAREM;COORD. ADMINISTRAT. FINANCEIRA;GERENTE;GERENTE AD-2; CARGO COMISSION.S/VINCULO;2213,79;;2213,79;199,24;2014,55;
SOLANGE RAMOS DA SILVA;COORD. ADMINISTRAT. FINANCEIRA;AUX.O-III;AUX. OP. COSTUREIRA; ESTATUTARIO;1157,31;;1157,31;127,30;1030,01;
SONIA MARIA DAMASCENO;COORD. ADMINISTRAT. FINANCEIRA;BIBLIOTECARIO PNS-BBT-I;; ESTATUTARIO;5044,58;;5044,58;598,40;4446,18;
SUELEN CRISTINA DE FREITAS R LIMA;COORD. ADMINISTRAT. FINANCEIRA;GERENTE;; CARGO COMISSION.S/VINCULO;4209,79;;4209,79;670,28;3539,51;
SUELEN DA SILVA ALEXANDRE;COORD. ADMINISTRAT. FINANCEIRA;AUX.BIBLI-III;AUX. BIBLIOTECA; ESTATUTARIO;1221,60;;1221,60;116,46;1105,14;
SUZANA TEIXEIRA BOMFIM;COORD. ADMINISTRAT. FINANCEIRA;GERENTE;; CARGO COMISSION.S/VINCULO;2609,79;;2609,79;270,20;2339,59;
SUZY PEIXOTO OSAQUI;COORD. ADMINISTRAT. FINANCEIRA;TEC.DE NIVEL SUPERIOR 2A CLASSE;; ESTATUTARIO;4617,51;;4617,51;647,95;3969,56;
TACIANO ARARIPE SOARES;COORD. ADMINISTRAT. FINANCEIRA;SECRETARIO EXECUTIVO;; CARGO COMISSION.S/VINCULO;11700,00;;11700,00;2798,39;8901,61;
TAMIRIS DA SILVA LIMA;COORD. ADMINISTRAT. FINANCEIRA;ASSESSOR II;; CARGO COMISSION.S/VINCULO;3209,79;;3209,79;426,78;2783,01;
TANIA MARIA BARROSO DA SILVA;COORD. ADMINISTRAT. FINANCEIRA;GERENTE;GERENTE AD 2; CARGO COMISSION.S/VINCULO;2213,79;;2213,79;199,24;2014,55;
TARCIANNE CARVALHO FROTA ANDRADE;COORD. ADMINISTRAT. FINANCEIRA;CHEFE DE GABINETE;; CARGO COMISSION.S/VINCULO;5229,77;;5229,77;943,74;4286,03;
TATIANA DE LIMA PEDROSA SANTOS;COORD. ADMINISTRAT. FINANCEIRA;ARQ-III;ARQUEOLOGO; ESTATUTARIO;3214,75;;3214,75;427,99;2786,76;
TATIANE SARMENTO GUIMARAES;COORD. ADMINISTRAT. FINANCEIRA;SUBGERENTE;SUBGERENTE AD-3; CARGO COMISSION.S/VINCULO;2195,80;;2195,80;197,62;1998,18;
TELMA INES VEIGA DO NASCIMENTO;COORD. ADMINISTRAT. FINANCEIRA;A.TEC-I;; ESTATUTARIO;5404,36;;5404,36;799,17;4605,19;
TELMA PEREIRA SAMPAIO FERREIRA;COORD. ADMINISTRAT. FINANCEIRA;GERENTE;GERENTE AD-2; CARGO COMISSION.S/VINCULO;1699,79;;1699,79;152,98;1546,81;
TEREZA CRISTINA VIEIRA CANTANHEDE;COORD. ADMINISTRAT. FINANCEIRA;ASSISTENTE TECNICO III;; ESTATUTARIO;2826,40;;2826,40;243,13;2583,27;
TEREZA LUCIANA SOARES DE SENA;COORD. ADMINISTRAT. FINANCEIRA;TNS-III;TEC. NIVEL SUPERIOR; ESTATUTARIO;3086,16;;3086,16;402,68;2683,48;
THAISA MACEDO NASCIMENTO;COORD. ADMINISTRAT. FINANCEIRA;BIBLI-III;BIBLIOTECARIO; ESTATUTARIO;2764,68;;2764,68;331,63;2433,05;
THALLES TAYWAN RAMOS MARINHO;COORD. ADMINISTRAT. FINANCEIRA;SUBGERENTE;; CARGO COMISSION.S/VINCULO;3191,80;;3191,80;422,40;2769,40;
THARCIANA CURINTIMA NOGUEIRA PENA;COORD. ADMINISTRAT. FINANCEIRA;AUX.ADM-III;; ESTATUTARIO;1800,81;;1800,81;134,38;1666,43;
THIAGO DE SOUZA ALENCAR;COORD. ADMINISTRAT. FINANCEIRA;SUBGERENTE;; CARGO COMISSION.S/VINCULO;1681,80;;1681,80;134,54;1547,26;
VALCIENE RIBEIRO DE FARIAS;COORD. ADMINISTRAT. FINANCEIRA;GERENTE;GERENTE AD-2; CARGO COMISSION.S/VINCULO;4209,79;;4209,79;670,28;3539,51;
VALDENIRA NASCIMENTO DE AMARAL;COORD. ADMINISTRAT. FINANCEIRA;AUX.BIBLI-III;; ESTATUTARIO;1221,60;;1221,60;134,38;1087,22;
VALDIZA DUARTE BENTES;COORD. ADMINISTRAT. FINANCEIRA;AUX.TECNICO ADMINISTRATIVO II;; ESTATUTARIO;1554,15;;1554,15;166,26;1387,89;
VALERIA LIMA MACHADO;COORD. ADMINISTRAT. FINANCEIRA;BIBLI-III;BIBLIOTECARIA 3ª CL.; ESTATUTARIO;3086,16;;3086,16;402,68;2683,48;
VICTOR DANIEL COSTA DIAS;COORD. ADMINISTRAT. FINANCEIRA;A.TEC-III;ASSIST TECNICO; ESTATUTARIO;1350,19;;1350,19;148,52;1201,67;
VICTOR MARTINS DE LIRA;COORD. ADMINISTRAT. FINANCEIRA;AUX.O-III;AUX. OP. MONT. ORQ; ESTATUTARIO;1157,31;;1157,31;127,30;1030,01;
VITOR ALFAIA DA PAZ;COORD. ADMINISTRAT. FINANCEIRA;A.TEC-III;ASSIST TEC; ESTATUTARIO;1350,19;;1350,19;148,52;1201,67;
VIVIAN SALES COSTA BARBOSA;COORD. ADMINISTRAT. FINANCEIRA;A.TEC-II;; ESTATUTARIO;3041,46;;3041,46;238,12;2803,34;
WAGNER DIAS ELEUTERIO;COORD. ADMINISTRAT. FINANCEIRA;MAQUINISTA;; ESTATUTARIO;2401,44;;2401,44;187,09;2214,35;
WALDEANE REGINA DE SOUZA DA SILVA;COORD. ADMINISTRAT. FINANCEIRA;ASSESSOR III;ASSESSOR III AD-3; CARGO COMISSION.S/VINCULO;1335,80;;1335,80;106,86;1228,94;
WILL DOUGLAS PEREIRA CILEIRO;COORD. ADMINISTRAT. FINANCEIRA;AUX.ADM-III;AUX ADM; ESTATUTARIO;1221,60;;1221,60;134,38;1087,22;
YANE CARDOSO FEIJO;COORD. ADMINISTRAT. FINANCEIRA;BIBLI-III;BIBLIOTECARIO; ESTATUTARIO;2764,68;;2764,68;345,85;2418,83;
ZACARIAS OLIVEIRA SOUSA;COORD. ADMINISTRAT. FINANCEIRA;AUX.O-III;AUX. OPER. CENOTECN; ESTATUTARIO;2163,81;;2163,81;127,30;2036,51;
