NOME;LOTACAO;CARGO;FUNCAO;VINCULO;REMUNERACAO LEGAL TOTAL(R$);DESC.TETO(R$); REMUNERACAO LEGAL DEVIDA(R$);DESCONTOS LEGAIS(R$);LIQUIDO DISPONIVEL(R$);
ADAISA DE ALENCAR MELO;COORD. ADMINISTRAT. FINANCEIRA;BIBLI-III;BIBLIOTECARIO; ESTATUTARIO;3064,68;;3064,68;345,85;2718,83;
ADRIANA BATISTA BATALHA;COORD. ADMINISTRAT. FINANCEIRA;ASSESSOR III;ASSESSOR III AD-3; CARGO COMISSION.S/VINCULO;2495,80;;2495,80;197,62;2298,18;
ADRIANA LINS BARROS;COORD. ADMINISTRAT. FINANCEIRA;AUX.O-III;AUX OP CAMAR TEATRO; ESTATUTARIO;1457,31;;1457,31;127,30;1330,01;
AGATHA KAROLLING CALDAS DE ALMEIDA;COORD. ADMINISTRAT. FINANCEIRA;A.TEC-III;ASSIST TEC; ESTATUTARIO;1650,19;;1650,19;148,52;1501,67;
ALAN DA SILVA GOMES;COORD. ADMINISTRAT. FINANCEIRA;AUX.O-III;; ESTATUTARIO;1457,31;;1457,31;127,30;1330,01;
ALBERTO MOURA;COORD. ADMINISTRAT. FINANCEIRA;AUX.S.G-II;; ESTATUTARIO;2306,15;;2306,15;137,85;2168,30;
ALCI RIBEIRO DE ALENCAR;COORD. ADMINISTRAT. FINANCEIRA;OPERADOR DE ILUMINACAO;; ESTATUTARIO;2716,21;;2716,21;189,70;2526,51;
ALCIONE LIMA DE ALMEIDA C BARBOSA;COORD. ADMINISTRAT. FINANCEIRA;SUBGERENTE;SUBGERENTE AD-3; CARGO COMISSION.S/VINCULO;2495,80;;2495,80;197,62;2298,18;
ALDERLANI DE OLIVEIRA LEITE;COORD. ADMINISTRAT. FINANCEIRA;GERENTE;GERENTE AD-2; CARGO COMISSION.S/VINCULO;2909,79;;2909,79;270,20;2639,59;
ALESSANDRA COSTA CESAR DE SOUZA;COORD. ADMINISTRAT. FINANCEIRA;ASSESSOR II;NAO INFORMADO; CARGO COMISSION.S/VINCULO;4209,79;;4209,79;670,28;3539,51;
ALESSANDRA D'AVILA ALMEIDA SILVA;COORD. ADMINISTRAT. FINANCEIRA;GERENTE;GERENTE AD-2; CARGO COMISSION.S/VINCULO;4509,79;;4509,79;641,84;3867,95;
ALESSANDRA MARIA DA SILVA GOMES;COORD. ADMINISTRAT. FINANCEIRA;GERENTE;GERENTE AD-2; CARGO COMISSION.S/VINCULO;2909,79;;2909,79;270,20;2639,59;
ALEX CLEI DA SILVA BAIA;COORD. ADMINISTRAT. FINANCEIRA;AUX.O-III;AUX. OPER. CENOTECN; ESTATUTARIO;1457,31;;1457,31;127,30;1330,01;
ALFRELENE PAES BARRETO PINTO;COORD. ADMINISTRAT. FINANCEIRA;ASSISTENTE TECNICO II;; ESTATUTARIO;3966,43;;3966,43;342,35;3624,08;
ALINE DE SOUZA SANTANA;COORD. ADMINISTRAT. FINANCEIRA;GERENTE;GERENTE AD-2; CARGO COMISSION.S/VINCULO;3509,79;;3509,79;426,78;3083,01;
ALINE ROSANA ALEXANDRINA DA SILVA;COORD. ADMINISTRAT. FINANCEIRA;A.TEC-III;; ESTATUTARIO;1650,19;;1650,19;148,52;1501,67;
ALINE SOUZA DE OLIVEIRA;COORD. ADMINISTRAT. FINANCEIRA;AUX.O-III;AUX OP COSTUREIRA; ESTATUTARIO;1457,31;;1457,31;127,30;1330,01;
ALINY BENTES FERNANDES BARROSO;COORD. ADMINISTRAT. FINANCEIRA;GERENTE;GERENTE AD-2; CARGO COMISSION.S/VINCULO;4509,79;;4509,79;670,28;3839,51;
ALIZIANE CUNEGONDES FONTES;COORD. ADMINISTRAT. FINANCEIRA;AUX.ADM-III;; ESTATUTARIO;1521,60;;1521,60;134,38;1387,22;
ALLANA LARISSA DE OLIVEIRA LIMA;COORD. ADMINISTRAT. FINANCEIRA;GERENTE;GERENTE AD-2; CARGO COMISSION.S/VINCULO;2513,79;;2513,79;199,24;2314,55;
AMANDA SANTOS LAMEIRAS AMORIM;COORD. ADMINISTRAT. FINANCEIRA;GERENTE;GERENTE AD-2; CARGO COMISSION.S/VINCULO;2211,79;;2211,79;172,06;2039,73;
ANA CHRISTINA DE FREITAS SANTOS;COORD. ADMINISTRAT. FINANCEIRA;A.TEC-I;ASSESSOR I; ESTATUTARIO;6363,70;;6363,70;921,43;5442,27;
ANA CRISTINA LIRA MANSOUR;COORD. ADMINISTRAT. FINANCEIRA;GERENTE;GERENTE AD-2; CARGO COMISSION.S/VINCULO;1999,79;;1999,79;152,98;1846,81;
ANA ESTELA DOS SANTOS FERREIRA;COORD. ADMINISTRAT. FINANCEIRA;AUX.ADM-III;AUX ADM; ESTATUTARIO;1521,60;;1521,60;134,38;1387,22;
ANA ILKA IZEL ASSUMPÇÃO;COORD. ADMINISTRAT. FINANCEIRA;ASSESSOR II;; CARGO COMISSION.S/VINCULO;4509,79;;4509,79;670,28;3839,51;
ANA KAROLINE DA SILVA CORDEIRO;COORD. ADMINISTRAT. FINANCEIRA;AUX.ADM-III;AUX. ADMINISTRATIVO; ESTATUTARIO;1521,60;;1521,60;134,38;1387,22;
ANA KATIA DA SILVA;COORD. ADMINISTRAT. FINANCEIRA;A.TEC-III;ASS.TEC. EM CONTABIL; ESTATUTARIO;2579,54;;2579,54;148,52;2431,02;
ANA LIDIA FERREIRA;COORD. ADMINISTRAT. FINANCEIRA;TNS-III;TEC.NIV.SUP.-TURISMO; ESTATUTARIO;3450,45;;3450,45;399,82;3050,63;
ANA LIDIA ROLIM DE LIMA;COORD. ADMINISTRAT. FINANCEIRA;AUX.ADM-III;; ESTATUTARIO;1521,60;;1521,60;134,38;1387,22;
ANA MARIA QUEIROZ DA SILVEIRA;COORD. ADMINISTRAT. FINANCEIRA;GERENTE;GERENTE AD-2; CARGO COMISSION.S/VINCULO;2513,79;;2513,79;199,24;2314,55;
ANA PAULA RABELO FERNANDES;COORD. ADMINISTRAT. FINANCEIRA;A.TEC-II;AGENTE ADMINISTRAT.; ESTATUTARIO;3925,00;;3925,00;266,08;3658,92;
ANA REGINA DA ROCHA LIMA;COORD. ADMINISTRAT. FINANCEIRA;TEC. DE NIVEL SUPERIOR 1A CLASSE;; ESTATUTARIO;3301,91;;3301,91;415,47;2886,44;
ANABETE RODRIGUES DE LIMA;COORD. ADMINISTRAT. FINANCEIRA;A.TEC-I;; ESTATUTARIO;2145,60;;2145,60;171,68;1973,92;
ANDREA LENINA ABRAAO GUSMAO;COORD. ADMINISTRAT. FINANCEIRA;SUBGERENTE;SUBGERENTE AD-3; CARGO COMISSION.S/VINCULO;1981,80;;1981,80;134,54;1847,26;
ANDRESSA DE OLIVEIRA SILVA;COORD. ADMINISTRAT. FINANCEIRA;CHEFE DE DEPARTAMENTO;CH.DE DPTO. AD-1; CARGO COMISSION.S/VINCULO;5529,77;;5529,77;986,40;4543,37;
ANGELO DANIEL COUTINHO TEIXEIRA;COORD. ADMINISTRAT. FINANCEIRA;A.OPE-III;ASS. TEC. SONOPLASTA; ESTATUTARIO;2881,54;;2881,54;188,20;2693,34;
ANIBAL AUGUSTO TURENKO BEÇA;COORD. ADMINISTRAT. FINANCEIRA;CHEFE DE DEPARTAMENTO;; CARGO COMISSION.S/VINCULO;5529,77;;5529,77;901,09;4628,68;
ANNA ALZIRA DA SILVA CAMARA;COORD. ADMINISTRAT. FINANCEIRA;A.TEC-III;; ESTATUTARIO;2977,54;;2977,54;218,07;2759,47;
ANNE RUTH BRANDAO DA SILVA;COORD. ADMINISTRAT. FINANCEIRA;GERENTE;GERENTE AD-2; CARGO COMISSION.S/VINCULO;4509,79;;4509,79;641,84;3867,95;
ANTONIA ALVES MOURAO;COORD. ADMINISTRAT. FINANCEIRA;AUX.DE APOIO ADMINISTRATIVO I;; ESTATUTARIO;2555,46;;2555,46;142,50;2412,96;
ANTONIO DE OLIVEIRA MACHADO;COORD. ADMINISTRAT. FINANCEIRA;GERENTE;GERENTE AD-2; CARGO COMISSION.S/VINCULO;3509,79;;3509,79;426,78;3083,01;
ANTONIO FONSECA BENEVENUTO;COORD. ADMINISTRAT. FINANCEIRA;AUX.BIBLI-III;AUX. BIBLIOTECA; ESTATUTARIO;1521,60;;1521,60;134,38;1387,22;
ANTONIO FRANCISCO AUSIER RAMOS;COORD. ADMINISTRAT. FINANCEIRA;TECNICO 3A CLASSE;CH.DE DPTO. AD-1; ESTATUTARIO;6616,21;;6616,21;1090,50;5525,71;
ANTONIO KAYTON DA SILVA ROSARIO;COORD. ADMINISTRAT. FINANCEIRA;AUX.O-III;AUX. OPER. CENOTECN; ESTATUTARIO;2463,81;;2463,81;127,30;2336,51;
ANTONIO NORBERTO URTIGA;COORD. ADMINISTRAT. FINANCEIRA;TNS-I;; ESTATUTARIO;8444,37;;8444,37;1942,44;6501,93;
ANTONIO VILSON DOS SANTOS SILVA;COORD. ADMINISTRAT. FINANCEIRA;SUBGERENTE;SUBGERENTE AD-3; CARGO COMISSION.S/VINCULO;1981,80;;1981,80;134,54;1847,26;
ARNOLDO FERREIRA CABRAL;COORD. ADMINISTRAT. FINANCEIRA;ASSESSOR III;; CARGO COMISSION.S/VINCULO;3491,80;;3491,80;422,40;3069,40;
ARTHUR JORGE FREIRE VILAS BOAS;COORD. ADMINISTRAT. FINANCEIRA;AUX.O-III;; ESTATUTARIO;1457,31;;1457,31;127,30;1330,01;
AUGUSTO HARLLEY GOMES DOS SANTOS;COORD. ADMINISTRAT. FINANCEIRA;AUX.O-III;AUX. OP. MONT. EVENT; ESTATUTARIO;1457,31;;1457,31;127,30;1330,01;
BARBARA AGNES FIGUEIREDO MARIANO;COORD. ADMINISTRAT. FINANCEIRA;A.T.ENG.R-III;ASSIT.TEC.ENG.E REST; ESTATUTARIO;1843,08;;1843,08;169,74;1673,34;
BARBARA CATERINE DE OLIVEIRA;COORD. ADMINISTRAT. FINANCEIRA;ENG-III;ENGENHEIRO; ESTATUTARIO;7768,64;;7768,64;1631,23;6137,41;
BEATRIZ DO CARMO ALVES;COORD. ADMINISTRAT. FINANCEIRA;BIBLI-III;BIBLIOTECARIO; ESTATUTARIO;3386,16;;3386,16;402,68;2983,48;
BRUNA KISHA DE OLIVEIRA LIRA;COORD. ADMINISTRAT. FINANCEIRA;A.TEC-III;; ESTATUTARIO;1650,19;;1650,19;148,52;1501,67;
BRUNO ROGERIO DE VASCONCELOS BASTOS;COORD. ADMINISTRAT. FINANCEIRA;A.OPE-III;ASS. OP. MAQUINISTA; ESTATUTARIO;2579,54;;2579,54;148,52;2431,02;
CABRAL NEVES DE MELO;COORD. ADMINISTRAT. FINANCEIRA;ASSISTENTE TECNICO 3A CLASSE;; ESTATUTARIO;2495,47;;2495,47;162,59;2332,88;
CAIO ANDRE NASCIMENTO ARAUJO;COORD. ADMINISTRAT. FINANCEIRA;SUBGERENTE;SUBGERENTE AD-3; CARGO COMISSION.S/VINCULO;2891,80;;2891,80;233,26;2658,54;
CAIO MIRANDA RODRIGUES;COORD. ADMINISTRAT. FINANCEIRA;A.TEC-III;; ESTATUTARIO;1650,19;;1650,19;148,52;1501,67;
CANDIDO JEREMIAS CUMARU NETO;COORD. ADMINISTRAT. FINANCEIRA;GERENTE;GERENTE AD-2; CARGO COMISSION.S/VINCULO;4509,79;;4509,79;670,28;3839,51;
CARLAKYSSIA ANJOS CHINELATO;COORD. ADMINISTRAT. FINANCEIRA;ASSISTENTE TECNICO I;ASSISTENTE TECNICO; ESTATUTARIO;2285,34;;2285,34;183,21;2102,13;
CARLOS ALBERTO SANTOS NUNES;COORD. ADMINISTRAT. FINANCEIRA;AUX.O-III;AUX.OP.MONT.EVENTOS; ESTATUTARIO;1457,31;;1457,31;127,30;1330,01;
CARLOS ALEXANDRE LEAO AUZIER;COORD. ADMINISTRAT. FINANCEIRA;AUX.O-III;AUX.OP MONT.EVENTOS; ESTATUTARIO;2463,81;;2463,81;127,30;2336,51;
CARLOS AUGUSTO MAIA DA SILVA;COORD. ADMINISTRAT. FINANCEIRA;AUX.TECNICO ADMINISTRATIVO I;; ESTATUTARIO;2305,93;;2305,93;172,83;2133,10;
CARLOS JORGE PISSANGO DOS SANTOS;COORD. ADMINISTRAT. FINANCEIRA;AUX.O-III;AUX. OPER. ARTIFICE; ESTATUTARIO;1457,31;;1457,31;127,30;1330,01;
CARLOS JOSE SOUZA DA SILVA;COORD. ADMINISTRAT. FINANCEIRA;A.TEC-III;; ESTATUTARIO;1650,19;;1650,19;148,52;1501,67;
CAROLINA DE SANTA ANA CAMPOS;COORD. ADMINISTRAT. FINANCEIRA;GERENTE;; CARGO COMISSION.S/VINCULO;3509,79;;3509,79;426,78;3083,01;
CASSIA CRISTINA UCHOA DA SILVA;COORD. ADMINISTRAT. FINANCEIRA;GERENTE;GERENTE AD-2; CARGO COMISSION.S/VINCULO;3509,79;;3509,79;426,78;3083,01;
CELIA ALBUQUERQUE DA MATA;COORD. ADMINISTRAT. FINANCEIRA;ASSISTENTE TECNICO 3A CLASSE;; ESTATUTARIO;2385,02;;2385,02;150,44;2234,58;
CELIO SOUZA DE CARVALHO JUNIOR;COORD. ADMINISTRAT. FINANCEIRA;TNS-III;T.N.S TURISMO; ESTATUTARIO;3386,16;;3386,16;402,68;2983,48;
CHRYSTIANNE DA SILVA OLIVEIRA;COORD. ADMINISTRAT. FINANCEIRA;GERENTE;; CARGO COMISSION.S/VINCULO;2211,79;;2211,79;172,06;2039,73;
CINTHIA SANTIAGO PACHECO;COORD. ADMINISTRAT. FINANCEIRA;ASSISTENTE TECNICO I;; ESTATUTARIO;2065,10;;2065,10;184,82;1880,28;
CLAUDOMIRA RAMOS LOPES;COORD. ADMINISTRAT. FINANCEIRA;TNS-III;TEC.NIV.SUP-PEDAGOGA; ESTATUTARIO;3386,16;;3386,16;388,46;2997,70;
CLEBER BATISTA DE SOUZA;COORD. ADMINISTRAT. FINANCEIRA;ASSISTENTE TECNICO II;; ESTATUTARIO;4404,66;;4404,66;295,44;4109,22;
CRISTIAN PIO AVILA;COORD. ADMINISTRAT. FINANCEIRA;ANTP-III;GERENTE AD-2; ESTATUTARIO;5585,90;;5585,90;804,74;4781,16;
CRISTIANA PAULA MELO ZANY BRANDAO;COORD. ADMINISTRAT. FINANCEIRA;TNS-I;CH. DE DPTO  AD 1; ESTATUTARIO;4325,69;;4325,69;577,46;3748,23;
CRISTOVAO COUTINHO BATISTA;COORD. ADMINISTRAT. FINANCEIRA;ASSESSOR II;; CARGO COMISSION.S/VINCULO;4509,79;;4509,79;670,28;3839,51;
DANIEL DE LIMA CAVALCANTE;COORD. ADMINISTRAT. FINANCEIRA;CHEFE DE DEPARTAMENTO;; CARGO COMISSION.S/VINCULO;5529,77;;5529,77;986,40;4543,37;
DANIEL FERREIRA SALES;COORD. ADMINISTRAT. FINANCEIRA;GERENTE;GERENTE AD-2; CARGO COMISSION.S/VINCULO;1999,79;;1999,79;152,98;1846,81;
DANIEL SALES COSTA;COORD. ADMINISTRAT. FINANCEIRA;A.OPE-III;ASS. OP. MAQUINISTA; ESTATUTARIO;1650,19;;1650,19;148,52;1501,67;
DANILO DE ASSIS RIBEIRO;COORD. ADMINISTRAT. FINANCEIRA;AUX.BIBLI-III;AUX. BIBLIOTECA; ESTATUTARIO;1521,60;;1521,60;134,38;1387,22;
DAVI LIMA ESCOBAR;COORD. ADMINISTRAT. FINANCEIRA;ASSESSOR II;; CARGO COMISSION.S/VINCULO;4509,79;;4509,79;670,28;3839,51;
DAVID CARVALHO DE LIMA;COORD. ADMINISTRAT. FINANCEIRA;BIBLI-III;BIBLIOTECARIO; ESTATUTARIO;3064,68;;3064,68;345,85;2718,83;
DAVISON MAIA BRAGA;COORD. ADMINISTRAT. FINANCEIRA;AUX.ADM-III;AUX ADM; ESTATUTARIO;1521,60;;1521,60;134,38;1387,22;
DAYSE DA SILVA PRESTES;COORD. ADMINISTRAT. FINANCEIRA;GERENTE;GERENTE AD 2; CARGO COMISSION.S/VINCULO;1999,79;;1999,79;152,98;1846,81;
DEBORA DA SILVA MARQUES;COORD. ADMINISTRAT. FINANCEIRA;GERENTE;GERENTE AD-2; CARGO COMISSION.S/VINCULO;4509,79;;4509,79;670,28;3839,51;
DENILSON VIEIRA NOVO;COORD. ADMINISTRAT. FINANCEIRA;SECRETARIO DE ESTADO;; CARGO COMISSION.S/VINCULO;13800,00;;13800,00;3293,39;10506,61;
DENIO ALEX SILVA DA MOTA;COORD. ADMINISTRAT. FINANCEIRA;GERENTE;GERENTE AD-2; CARGO COMISSION.S/VINCULO;1999,79;;1999,79;152,98;1846,81;
DENIS CARVALHO DA SILVA;COORD. ADMINISTRAT. FINANCEIRA;GERENTE;; CARGO COMISSION.S/VINCULO;3509,79;;3509,79;426,78;3083,01;
DIANA STEFANY GOMES DE LIMA;COORD. ADMINISTRAT. FINANCEIRA;ASSESSOR III;; CARGO COMISSION.S/VINCULO;3491,80;;3491,80;422,40;3069,40;
DIANGELYS DOS SANTOS CONCEICAO;COORD. ADMINISTRAT. FINANCEIRA;AUX.ADM-III;AUX ADM; ESTATUTARIO;1521,60;;1521,60;134,38;1387,22;
DIOGO PEREIRA NEVES;COORD. ADMINISTRAT. FINANCEIRA;AUX.O-III;AUX.OP.MONTA.EVENTOS; ESTATUTARIO;1457,31;;1457,31;127,30;1330,01;
DIONE MACIEL DA SILVA;COORD. ADMINISTRAT. FINANCEIRA;AUX.O-III;AUX OP CAMAM TEATRO; ESTATUTARIO;1457,31;;1457,31;127,30;1330,01;
DOUGLAS SOARES DA SILVA;COORD. ADMINISTRAT. FINANCEIRA;AUX.O-III;AUX.OP.MONT.EVENTOS; ESTATUTARIO;1457,31;;1457,31;127,30;1330,01;
EDILSON ROSENDO DE FREITAS FILHO;COORD. ADMINISTRAT. FINANCEIRA;ASSESSOR II;; CARGO COMISSION.S/VINCULO;6597,89;;6597,89;2955,32;3642,57;
EDINAIRA DA SILVA ARAUJO;COORD. ADMINISTRAT. FINANCEIRA;GERENTE;GERENTE AD-2; CARGO COMISSION.S/VINCULO;2211,79;;2211,79;172,06;2039,73;
EDMAR PEREIRA RIBEIRO;COORD. ADMINISTRAT. FINANCEIRA;VIGIA-II;; ESTATUTARIO;1960,15;;1960,15;137,85;1822,30;
EDMYLSON ROSAS JUNIOR;COORD. ADMINISTRAT. FINANCEIRA;ASSISTENTE TECNICO I;; ESTATUTARIO;2605,53;;2605,53;197,63;2407,90;
EDNA GOMES REZENDE;COORD. ADMINISTRAT. FINANCEIRA;GERENTE;GERENTE AD-2; CARGO COMISSION.S/VINCULO;2909,79;;2909,79;270,20;2639,59;
EDNEA ROCHA DA SILVA;COORD. ADMINISTRAT. FINANCEIRA;AUX.O-III;; ESTATUTARIO;1457,31;;1457,31;127,30;1330,01;
EDSON DE SOUZA MELO;COORD. ADMINISTRAT. FINANCEIRA;AUX.O-III;AUX. OPER. CENOTECN; ESTATUTARIO;1457,31;;1457,31;127,30;1330,01;
EDUARDO REZENDE DE SOUZA JUNIOR;COORD. ADMINISTRAT. FINANCEIRA;ASSESSOR I;NAO INFORMADO; CARGO COMISSION.S/VINCULO;4952,31;;4952,31;900,32;4051,99;
EILEN MARIA DE SOUZA QUEIROZ;COORD. ADMINISTRAT. FINANCEIRA;GERENTE;GERENTE AD-2; CARGO COMISSION.S/VINCULO;1848,79;;1848,79;123,90;1724,89;
ELENICE CORREA BASTOS;COORD. ADMINISTRAT. FINANCEIRA;ENG-III;ENGENHEIRO; ESTATUTARIO;5901,48;;5901,48;1117,76;4783,72;
ELIANE DE VASCONCELOS GOMES BATISTA;COORD. ADMINISTRAT. FINANCEIRA;AUX.O-III;AUX OP COSTUREIRA; ESTATUTARIO;1457,31;;1457,31;127,30;1330,01;
ELIEZER BACELAR DA SILVA;COORD. ADMINISTRAT. FINANCEIRA;AFINADOR DE INSTRUMENTOS;; ESTATUTARIO;2891,64;;2891,64;161,54;2730,10;
ELIZABETH GUERRA CANTANHEDE;COORD. ADMINISTRAT. FINANCEIRA;ASSESSOR I;ASSESSOR I; ESTATUTARIO;7471,25;;7471,25;1235,55;6235,70;
ELIZABETH MARIA MACEDO DE LIMA;COORD. ADMINISTRAT. FINANCEIRA;GERENTE;GERENTE AD-2; CARGO COMISSION.S/VINCULO;2849,05;;2849,05;260,58;2588,47;
ELLEN CRISTINA DOS S NASCIMENTO;COORD. ADMINISTRAT. FINANCEIRA;GERENTE;; CARGO COMISSION.S/VINCULO;2909,79;;2909,79;270,20;2639,59;
ELSON DA COSTA SALES;COORD. ADMINISTRAT. FINANCEIRA;ASSESSOR III;; CARGO COMISSION.S/VINCULO;1635,80;;1635,80;106,86;1528,94;
EMANUELLE MENEZES FIGUEIREDO;COORD. ADMINISTRAT. FINANCEIRA;ASSESSOR II;; CARGO COMISSION.S/VINCULO;4509,79;;4509,79;670,28;3839,51;
ERIC SILVA DE LIMA;COORD. ADMINISTRAT. FINANCEIRA;ASSESSOR II;; CARGO COMISSION.S/VINCULO;3509,79;;3509,79;426,78;3083,01;
ERNANI GARCIA LINO DOS SANTOS;COORD. ADMINISTRAT. FINANCEIRA;A.TEC-III;ASSIST. TEC. GUIA; ESTATUTARIO;1650,19;;1650,19;148,52;1501,67;
EUZETE CUNHA DE OLIVEIRA;COORD. ADMINISTRAT. FINANCEIRA;ASSISTENTE TECNICO 3A CLASSE;; ESTATUTARIO;1618,44;;1618,44;161,93;1456,51;
EXPEDITO LUIZ BATISTA NETO;COORD. ADMINISTRAT. FINANCEIRA;AUX.BIBLI-III;AUX. BIBLIOTECA; ESTATUTARIO;1521,60;;1521,60;134,38;1387,22;
FABIANA DE ALMEIDA LIMA;COORD. ADMINISTRAT. FINANCEIRA;ASSESSOR I;; CARGO COMISSION.S/VINCULO;5529,77;;5529,77;986,40;4543,37;
FABIANA DE ALMEIDA LIMA;COORD. ADMINISTRAT. FINANCEIRA;ASSESSOR III;ASSESSOR III AD-3; CARGO COMISSION.S/VINCULO;1578,16;;1578,16;25,25;1552,91;
FABIANA ROBERTA GENTIL PEREIRA;COORD. ADMINISTRAT. FINANCEIRA;AUX.BIBLI-III;; ESTATUTARIO;1521,60;;1521,60;134,38;1387,22;
FABIO GREY BRITO MORENO;COORD. ADMINISTRAT. FINANCEIRA;A.OPE-III;ASS. TEC. SONOPLASTA; ESTATUTARIO;2881,54;;2881,54;173,98;2707,56;
FATIMA DIANA DA GLORIA MOREIRA;COORD. ADMINISTRAT. FINANCEIRA;TEC.DE NIVEL SUPERIOR 2A CLASSE;; ESTATUTARIO;5401,23;;5401,23;666,08;4735,15;
FATIMA MARIA DA ROCHA SOUZA;COORD. ADMINISTRAT. FINANCEIRA;PROF.MESTRE ASSIST.B 40HS-PM.111.20;CHEFE DE DEPARTAMENT; ESTATUTARIO;5300,00;;5300,00;453,50;4846,50;
FERNANDA DA SILVA FROTA;COORD. ADMINISTRAT. FINANCEIRA;ARQT-III;ARQUITETO; ESTATUTARIO;5580,00;;5580,00;1003,72;4576,28;
FERNANDO GONCALVES MARQUES JUNIOR;COORD. ADMINISTRAT. FINANCEIRA;GERENTE;; CARGO COMISSION.S/VINCULO;2513,79;;2513,79;199,24;2314,55;
FLAVIO SENA CARVALHO;COORD. ADMINISTRAT. FINANCEIRA;ASSESSOR IV;; CARGO COMISSION.S/VINCULO;4534,15;;4534,15;677,51;3856,64;
FRANCISCA BARRETO DOS SANTOS;COORD. ADMINISTRAT. FINANCEIRA;ASSISTENTE TECNICO 3A CLASSE;; ESTATUTARIO;1618,44;;1618,44;161,93;1456,51;
FRANCISCA FRANCY COSTA BARROSO;COORD. ADMINISTRAT. FINANCEIRA;AUX.DE APOIO ADMINISTRATIVO II;; ESTATUTARIO;3362,10;;3362,10;206,13;3155,97;
FRANCISCA ILZA REIS DE OLIVEIRA;COORD. ADMINISTRAT. FINANCEIRA;GERENTE;; CARGO COMISSION.S/VINCULO;3509,79;;3509,79;426,78;3083,01;
FRANCISCA PORTELA MACIEL;COORD. ADMINISTRAT. FINANCEIRA;SUBGERENTE;SUBGERENTE AD-3; CARGO COMISSION.S/VINCULO;2193,80;;2193,80;170,44;2023,36;
FRANCISCO CAMPOS DOS SANTOS;COORD. ADMINISTRAT. FINANCEIRA;ASSESSOR III;; CARGO COMISSION.S/VINCULO;4555,73;;4555,73;684,21;3871,52;
FRANCISCO CARLOS DE SOUZA ANDRADE;COORD. ADMINISTRAT. FINANCEIRA;GERENTE;GERENTE AD-2; CARGO COMISSION.S/VINCULO;2513,79;;2513,79;199,24;2314,55;
FRANCISCO CARLOS MONTEIRO ARRUDA;COORD. ADMINISTRAT. FINANCEIRA;AUX.BIBLI-III;AUX. BIBLIOTECA; ESTATUTARIO;1521,60;;1521,60;134,38;1387,22;
FRANCISCO EDUARDO ALVES DE ALMEIDA;COORD. ADMINISTRAT. FINANCEIRA;AUX.BIBLI-III;AUX. BIBLIOTECA; ESTATUTARIO;1521,60;;1521,60;134,38;1387,22;
FRANCISCO RODRIGUES CAVALCANTE;COORD. ADMINISTRAT. FINANCEIRA;A.TEC-II;; ESTATUTARIO;1785,46;;1785,46;160,83;1624,63;
FRANKLIN CARNEIRO DA MOTA;COORD. ADMINISTRAT. FINANCEIRA;ENG-I;GERENTE AD 2; ESTATUTARIO;10985,34;;10985,34;2788,37;8196,97;
FRED MARCIO DOS SANTOS BARBOSA;COORD. ADMINISTRAT. FINANCEIRA;GERENTE;GERENTE AD-2; CARGO COMISSION.S/VINCULO;1848,79;;1848,79;123,90;1724,89;
GALBEN GABRIEL LACERDA DE SOUSA;COORD. ADMINISTRAT. FINANCEIRA;A.TEC-III;AS.TEC. DESEN/CADIST; ESTATUTARIO;1650,19;;1650,19;143,57;1506,62;
GERALDA MARIA MAGELA BRAGA DE SOUZA;COORD. ADMINISTRAT. FINANCEIRA;ASSISTENTE TECNICO I;; ESTATUTARIO;3031,97;;3031,97;228,71;2803,26;
GERONIMO DA SILVA LIMA;COORD. ADMINISTRAT. FINANCEIRA;AUX.S.G-II;; ESTATUTARIO;1735,15;;1735,15;127,33;1607,82;
GERSON PEREIRA BASTOS;COORD. ADMINISTRAT. FINANCEIRA;GERENTE;GERENTE AD-2; CARGO COMISSION.S/VINCULO;2513,79;;2513,79;199,24;2314,55;
GILBERTO RODRIGUES DE SOUZA JUNIOR;COORD. ADMINISTRAT. FINANCEIRA;OPERADOR DE SOM;; ESTATUTARIO;2495,47;;2495,47;162,59;2332,88;
GILDOMAR DA ROCHA CAMPOS;COORD. ADMINISTRAT. FINANCEIRA;AUX.TECNICO ADMINISTRATIVO II;; ESTATUTARIO;3170,42;;3170,42;232,14;2938,28;
GILMAR CASTRO DE AQUINO JUNIOR;COORD. ADMINISTRAT. FINANCEIRA;AUX.O-III;AUX. OP. MONT. EVENT; ESTATUTARIO;1457,31;;1457,31;127,30;1330,01;
GILSON MAURO DE OLIVEIRA PEREIRA;COORD. ADMINISTRAT. FINANCEIRA;GERENTE;GERENTE AD-2; CARGO COMISSION.S/VINCULO;3509,79;;3509,79;426,78;3083,01;
GIOVANNI ARAUJO SANTIAGO;COORD. ADMINISTRAT. FINANCEIRA;A.TEC-III;AS. TEC. WEB DESIGN; ESTATUTARIO;1650,19;;1650,19;148,52;1501,67;
GISELANE CAMPOS ESPADIM;COORD. ADMINISTRAT. FINANCEIRA;A.TEC-III;ASSIST. TECNICO; ESTATUTARIO;1650,19;;1650,19;148,52;1501,67;
GISELE FELIPE CUNHA FERNANDES;COORD. ADMINISTRAT. FINANCEIRA;TNS-III;T.N.S TURISMO; ESTATUTARIO;4713,38;;4713,38;619,98;4093,40;
GLAUCIA REGINA WEIL CORREA FARIAS;COORD. ADMINISTRAT. FINANCEIRA;ASSISTENTE TECNICO 2A CLASSE;; ESTATUTARIO;3159,71;;3159,71;220,43;2939,28;
GLEICE SOUZA BARROS;COORD. ADMINISTRAT. FINANCEIRA;AUX.O-III;AUX.OP.MONT.EVENTOS; ESTATUTARIO;2463,81;;2463,81;127,30;2336,51;
GLORIA MARIA QUEIROZ MENDONCA;COORD. ADMINISTRAT. FINANCEIRA;TNS-I;; ESTATUTARIO;4829,50;;4829,50;691,10;4138,40;
GRACE KELLY SILVA DUARTE;COORD. ADMINISTRAT. FINANCEIRA;ASSESSOR II;; CARGO COMISSION.S/VINCULO;3509,79;;3509,79;426,78;3083,01;
HANY MATOS CANDIDO;COORD. ADMINISTRAT. FINANCEIRA;TNS-III;; ESTATUTARIO;3386,16;;3386,16;374,24;3011,92;
HARLEY HERON DA SILVA MENDONCA;COORD. ADMINISTRAT. FINANCEIRA;AUX.O-III;AUX.OP.MONT.EVENTOS; ESTATUTARIO;1457,31;;1457,31;127,30;1330,01;
HELIO DA COSTA DANTAS;COORD. ADMINISTRAT. FINANCEIRA;HIST-III;HISTORIADOR; ESTATUTARIO;3064,68;;3064,68;345,85;2718,83;
HELLEN CRISTINA DA SILVA ALMEIDA;COORD. ADMINISTRAT. FINANCEIRA;AUX.ADM-III;AUX ADM; ESTATUTARIO;1521,60;;1521,60;134,38;1387,22;
HENRIQUE SANTOS DA SILVA;COORD. ADMINISTRAT. FINANCEIRA;GERENTE;GERENTE AD-2; CARGO COMISSION.S/VINCULO;1848,79;;1848,79;123,90;1724,89;
HERMES DA SILVA DOS SANTOS;COORD. ADMINISTRAT. FINANCEIRA;AUX.ADM-III;AUX ADM; ESTATUTARIO;1521,60;;1521,60;134,38;1387,22;
HERSON DE SOUZA CRISPIM;COORD. ADMINISTRAT. FINANCEIRA;A.TEC-III;; ESTATUTARIO;1350,19;;1350,19;;1350,19;
HINCIA DE SOUZA PEREIRA;COORD. ADMINISTRAT. FINANCEIRA;GERENTE;GERENTE AD-2; CARGO COMISSION.S/VINCULO;3509,79;;3509,79;426,78;3083,01;
IARA LANE ARAUJO DA SILVA;COORD. ADMINISTRAT. FINANCEIRA;TECNICO DE NIVEL SUPERIOR;TEC. NIV. SUPERIOR; ESTATUTARIO;3595,95;;3595,95;415,47;3180,48;
IRENILCE CARVALHO DUARTE COLHYER;COORD. ADMINISTRAT. FINANCEIRA;GERENTE;GERENTE AD-2; CARGO COMISSION.S/VINCULO;1999,79;;1999,79;152,98;1846,81;
IVAN FELIPE DOS REIS OLIVEIRA;COORD. ADMINISTRAT. FINANCEIRA;AUX.O-III;AUX. OPER. CENOTECN; ESTATUTARIO;2765,81;;2765,81;159,89;2605,92;
IVETE PESSOA DA SILVA;COORD. ADMINISTRAT. FINANCEIRA;A.TEC-I;GERENTE AD 2; ESTATUTARIO;5440,54;;5440,54;621,88;4818,66;
IZOLINA VIEIRA BENTOLILA;COORD. ADMINISTRAT. FINANCEIRA;A.TEC-I;; ESTATUTARIO;4488,01;;4488,01;366,14;4121,87;
JAIR JACQMONT CANTANHEDE;COORD. ADMINISTRAT. FINANCEIRA;A.TEC-I;; ESTATUTARIO;5644,86;;5644,86;729,55;4915,31;
JANAINA MARGARIDA CARLOS COSTA;COORD. ADMINISTRAT. FINANCEIRA;GERENTE;GERENTE AD-2; CARGO COMISSION.S/VINCULO;3779,72;;3779,72;492,50;3287,22;
JANDR LUCIO GUIMARAES DOS REIS;COORD. ADMINISTRAT. FINANCEIRA;GERENTE;GERENTE AD 2; CARGO COMISSION.S/VINCULO;3509,79;;3509,79;426,78;3083,01;
JANE DOS SANTOS FONTENELLE;COORD. ADMINISTRAT. FINANCEIRA;A.TEC-II;; ESTATUTARIO;3941,46;;3941,46;299,69;3641,77;
JANE SANTOS GATO;COORD. ADMINISTRAT. FINANCEIRA;SUBGERENTE;SUBGERENTE AD-3; CARGO COMISSION.S/VINCULO;1981,80;;1981,80;134,54;1847,26;
JANETE ALBUQUERQUE DE SOUZA;COORD. ADMINISTRAT. FINANCEIRA;A.TEC-II;GERENTE AD-2; ESTATUTARIO;5135,46;;5135,46;365,03;4770,43;
JANILSON DOS SANTOS LOPES;COORD. ADMINISTRAT. FINANCEIRA;AUX.O-III;; ESTATUTARIO;1457,31;;1457,31;127,30;1330,01;
JAQUELINE BATISTA DE SOUZA;COORD. ADMINISTRAT. FINANCEIRA;SUBGERENTE;; CARGO COMISSION.S/VINCULO;2891,80;;2891,80;267,35;2624,45;
JENNA GOMES DE SOUZA;COORD. ADMINISTRAT. FINANCEIRA;AUX.BIBLI-III;; ESTATUTARIO;1521,60;;1521,60;134,38;1387,22;
JENNIFFER RIBEIRO DA SILVA;COORD. ADMINISTRAT. FINANCEIRA;ASSESSOR II;ASSESSOR II AD2; CARGO COMISSION.S/VINCULO;4509,79;;4509,79;670,28;3839,51;
JENNYFER BARBOSA DE CASTRO;COORD. ADMINISTRAT. FINANCEIRA;GERENTE;; CARGO COMISSION.S/VINCULO;3509,79;;3509,79;426,78;3083,01;
JESSILDA RIBEIRO FURTADO;COORD. ADMINISTRAT. FINANCEIRA;A.TEC-I;CH. DE DPTO. AD-1; ESTATUTARIO;6186,87;;6186,87;820,12;5366,75;
JOAO BATISTA COELHO DOS SANTOS;COORD. ADMINISTRAT. FINANCEIRA;A.TEC-I;; ESTATUTARIO;2171,83;;2171,83;174,57;1997,26;
JOAO FABIO DE ARAUJO MARQUES;COORD. ADMINISTRAT. FINANCEIRA;ASSISTENTE TECNICO GOVERNAMENTAL;; ESTATUTARIO;2021,54;;2021,54;148,52;1873,02;
JOAO MARCOS OLIVEIRA DE PAULA;COORD. ADMINISTRAT. FINANCEIRA;REST-III;; ESTATUTARIO;3064,68;;3064,68;345,85;2718,83;
JOAO MARIO TUPINAMBA QUEIROZ SOUZA;COORD. ADMINISTRAT. FINANCEIRA;ASSESSOR III;; CARGO COMISSION.S/VINCULO;1830,80;;1830,80;122,46;1708,34;
JOAO PAULO DE MOURA BRASIL;COORD. ADMINISTRAT. FINANCEIRA;GERENTE;; CARGO COMISSION.S/VINCULO;3509,79;;3509,79;410,30;3099,49;
JOAO PAULO TOMAS DA SILVA DE AQUINO;COORD. ADMINISTRAT. FINANCEIRA;AUX.O-III;AUX. OPER. CENOTECN; ESTATUTARIO;1457,31;;1457,31;127,30;1330,01;
JOARA MARIA FERREIRA MARQUES;COORD. ADMINISTRAT. FINANCEIRA;GERENTE;GERENTE AD 2; CARGO COMISSION.S/VINCULO;3509,79;;3509,79;426,78;3083,01;
JONAS WESEN DE SOUZA;COORD. ADMINISTRAT. FINANCEIRA;GERENTE;GERENTE AD-2; CARGO COMISSION.S/VINCULO;2513,79;;2513,79;199,24;2314,55;
JORGE DENIS BATISTA VIEIRA;COORD. ADMINISTRAT. FINANCEIRA;GERENTE;GERENTE AD-2; CARGO COMISSION.S/VINCULO;2513,79;;2513,79;199,24;2314,55;
JOSE ABILIO DE MOURA FARIAS JUNIOR;COORD. ADMINISTRAT. FINANCEIRA;AUX.ADM-III;AUX ADM; ESTATUTARIO;1521,60;;1521,60;134,38;1387,22;
JOSE AUGUSTO DA SILVA GUIMARAES;COORD. ADMINISTRAT. FINANCEIRA;A.TEC-I;; ESTATUTARIO;3516,45;;3516,45;245,97;3270,48;
JOSE CASTELO DO NASCIMENTO;COORD. ADMINISTRAT. FINANCEIRA;ASSISTENTE TECNICO III;ASSIST. TECNICO III; ESTATUTARIO;3140,67;;3140,67;245,75;2894,92;
JOSE CAVALCANTE LACERDA JUNIOR;COORD. ADMINISTRAT. FINANCEIRA;TNS-III;T.N.S PSICOLOGIA; ESTATUTARIO;3386,16;;3386,16;402,68;2983,48;
JOSE LUCIO DOS SANTOS;COORD. ADMINISTRAT. FINANCEIRA;AUX.BIBLI-III;AUXILIAR DE BIBLIOT.; ESTATUTARIO;1521,60;;1521,60;134,38;1387,22;
JOSE LUIS ALMEIDA DOS SANTOS;COORD. ADMINISTRAT. FINANCEIRA;A.TEC-I;CHEFE DE DEPARTAMENT; ESTATUTARIO;6319,89;;6319,89;816,21;5503,68;
JOSE MARIA MARQUES H JUNIOR;COORD. ADMINISTRAT. FINANCEIRA;A.TEC-III;ASSIST TECNICO; ESTATUTARIO;1650,19;;1650,19;148,52;1501,67;
JOSE PEREIRA BELEM;COORD. ADMINISTRAT. FINANCEIRA;VIGIA;; ESTATUTARIO;1914,55;;1914,55;128,27;1786,28;
JOSE ROGERIO DOS REIS OLIVEIRA;COORD. ADMINISTRAT. FINANCEIRA;GERENTE;GERENTE AD-2; CARGO COMISSION.S/VINCULO;2909,79;;2909,79;270,20;2639,59;
JUDETH MARIA FERREIRA DA COSTA;COORD. ADMINISTRAT. FINANCEIRA;TNS-II;; ESTATUTARIO;4524,67;;4524,67;571,88;3952,79;
JUDSON PAZ DANTAS;COORD. ADMINISTRAT. FINANCEIRA;GERENTE;GERENTE AD-2; CARGO COMISSION.S/VINCULO;2513,79;;2513,79;199,24;2314,55;
JULIANE FERNANDES PEREIRA;COORD. ADMINISTRAT. FINANCEIRA;AUX.BIBLI-III;; ESTATUTARIO;1521,60;;1521,60;134,38;1387,22;
JULIANE PINTO ZAMBRANO;COORD. ADMINISTRAT. FINANCEIRA;AUX.ADM-III;AUX ADM; ESTATUTARIO;1521,60;;1521,60;134,38;1387,22;
KAMILA KAROLINE CORDOVIL CERQUEIRA;COORD. ADMINISTRAT. FINANCEIRA;GERENTE;GERENTE AD-2; CARGO COMISSION.S/VINCULO;3509,79;;3509,79;426,78;3083,01;
KAREN NERY ABDALLA;COORD. ADMINISTRAT. FINANCEIRA;TNS-III;; ESTATUTARIO;3386,16;;3386,16;402,68;2983,48;
KARLA ADRIEMELLYN GOMES MENDES;COORD. ADMINISTRAT. FINANCEIRA;ASSESSOR II;; CARGO COMISSION.S/VINCULO;4509,79;;4509,79;670,28;3839,51;
KAROLINY VERAS PEREIRA DA COSTA;COORD. ADMINISTRAT. FINANCEIRA;AUX.BIBLI-III;AUX. BIBLIOTECA; ESTATUTARIO;1521,60;;1521,60;134,38;1387,22;
KATHYUSCIA CASTILHO CORREA;COORD. ADMINISTRAT. FINANCEIRA;GERENTE;GERENTE AD-2; CARGO COMISSION.S/VINCULO;2909,79;;2909,79;270,20;2639,59;
KATIA MARIA DA SILVA GALVAO;COORD. ADMINISTRAT. FINANCEIRA;GERENTE;GERENTE AD-2; CARGO COMISSION.S/VINCULO;2211,79;;2211,79;172,06;2039,73;
KATTERINE ELIZABETH SUANO DA COSTA;COORD. ADMINISTRAT. FINANCEIRA;GERENTE;GERENTE AD-2; CARGO COMISSION.S/VINCULO;2909,79;;2909,79;234,88;2674,91;
KELLEN DIANE NASCIMENTO DE SOUZA;COORD. ADMINISTRAT. FINANCEIRA;AUX.BIBLI-III;AUX. BIBLIOTECA; ESTATUTARIO;1521,60;;1521,60;134,38;1387,22;
KELVIN SANTOS DE LUCENA;COORD. ADMINISTRAT. FINANCEIRA;AUX.O-III;AUX. OPER. CENOTECN; ESTATUTARIO;1457,31;;1457,31;127,30;1330,01;
LANA GLAUCIA ALBUQUERQUE CAMPOS;COORD. ADMINISTRAT. FINANCEIRA;GERENTE;GERENTE AD-2; CARGO COMISSION.S/VINCULO;1999,79;;1999,79;152,98;1846,81;
LARISSA FERREIRA PEREIRA;COORD. ADMINISTRAT. FINANCEIRA;TNS-III;T.N.S. TURISMO; ESTATUTARIO;3064,68;;3064,68;345,85;2718,83;
LAYANNE RAQUEL SAMUEL S OLIVEIRA;COORD. ADMINISTRAT. FINANCEIRA;ASSESSOR III;; CARGO COMISSION.S/VINCULO;3491,80;;3491,80;422,40;3069,40;
LEANDRO AUGUSTO PEREIRA EBLING;COORD. ADMINISTRAT. FINANCEIRA;SUBGERENTE;; CARGO COMISSION.S/VINCULO;2495,80;;2495,80;197,62;2298,18;
LEANDRO DOS SANTOS SOARES;COORD. ADMINISTRAT. FINANCEIRA;AUX.O-III;AUX. OP. MONT. ORQ; ESTATUTARIO;1457,31;;1457,31;127,30;1330,01;
LEIDE FOLGOSA BARROSO MUNOZ;COORD. ADMINISTRAT. FINANCEIRA;A.TEC-III;; ESTATUTARIO;2100,25;;2100,25;148,52;1951,73;
LEILSON ASSAD DE SOUZA;COORD. ADMINISTRAT. FINANCEIRA;A.TEC-II;; ESTATUTARIO;2431,46;;2431,46;160,83;2270,63;
LILIANE DE VASCONCELOS GOMES;COORD. ADMINISTRAT. FINANCEIRA;SUBGERENTE;; CARGO COMISSION.S/VINCULO;2193,80;;2193,80;170,44;2023,36;
LORENA REGINA GONDIM BAHIA;COORD. ADMINISTRAT. FINANCEIRA;GERENTE;GERENTE AD-2; CARGO COMISSION.S/VINCULO;2513,79;;2513,79;199,24;2314,55;
LUCIANA PESSOA BALTAR;COORD. ADMINISTRAT. FINANCEIRA;A.TEC-II;GERENTE AD-2; ESTATUTARIO;5135,46;;5135,46;491,18;4644,28;
LUCIANO ROBERT DOS SANTOS MAFRA;COORD. ADMINISTRAT. FINANCEIRA;ASSESSOR III;ASSESSOR III AD-3; CARGO COMISSION.S/VINCULO;2495,80;;2495,80;197,62;2298,18;
LUCIO BRAZ DE LIMA REIS;COORD. ADMINISTRAT. FINANCEIRA;A.OPE-III;ASSIST.TEC.OP.ILUM.; ESTATUTARIO;2579,54;;2579,54;165,55;2413,99;
LUIS AURELIO NINA DEL CAMPO;COORD. ADMINISTRAT. FINANCEIRA;A.TEC-III;; ESTATUTARIO;1650,19;;1650,19;148,52;1501,67;
LUIZ FELIPE LIMA DE ALBUQUERQUE;COORD. ADMINISTRAT. FINANCEIRA;A.TEC-III;ASS. TEC. GUIA; ESTATUTARIO;1650,19;;1650,19;148,52;1501,67;
LUIZ GAJOLA FERREIRA BRAGA;COORD. ADMINISTRAT. FINANCEIRA;A.OPE-III;ASSIST.TEC.OP.CINEG.; ESTATUTARIO;1650,19;;1650,19;148,52;1501,67;
LUIZ PAIXAO CABRAL MARQUES;COORD. ADMINISTRAT. FINANCEIRA;VIGIA-II;; ESTATUTARIO;1735,15;;1735,15;137,85;1597,30;
LUZIENE PINHEIRO PASSOS;COORD. ADMINISTRAT. FINANCEIRA;A.OPE-III;AS. OP. EDIT. IMAGEM; ESTATUTARIO;3877,54;;3877,54;308,07;3569,47;
MADIRSON FRANCISCO SOUZA;COORD. ADMINISTRAT. FINANCEIRA;CHEFE DE DEPARTAMENTO;; CARGO COMISSION.S/VINCULO;5529,77;;5529,77;986,40;4543,37;
MANUELLA DE BARROS SILVA PEDROSA;COORD. ADMINISTRAT. FINANCEIRA;ASSESSOR I;; CARGO COMISSION.S/VINCULO;5529,77;;5529,77;986,40;4543,37;
MARCELO FURTADO MACHADO LEITAO;COORD. ADMINISTRAT. FINANCEIRA;AUX.ADM-III;AUX ADM; ESTATUTARIO;1521,60;;1521,60;134,38;1387,22;
MARCIO JUNIO SILVA DO NASCIMENTO;COORD. ADMINISTRAT. FINANCEIRA;GERENTE;; CARGO COMISSION.S/VINCULO;1999,79;;1999,79;152,98;1846,81;
MARCOS ANTONIO REPOLHO RAMOS;COORD. ADMINISTRAT. FINANCEIRA;AUX.ADM-III;; ESTATUTARIO;1928,80;;1928,80;134,38;1794,42;
MARCOS RODRIGUES DE LIMA;COORD. ADMINISTRAT. FINANCEIRA;ASSESSOR III;; CARGO COMISSION.S/VINCULO;2495,80;;2495,80;197,62;2298,18;
MARCOS WILLIAMS RODRIGUES DA SILVA;COORD. ADMINISTRAT. FINANCEIRA;ASSISTENTE ADMINISTRATIVO;; ESTATUTARIO;2030,28;;2030,28;149,48;1880,80;
MARGARETH NOGUEIRA RODRIGUES;COORD. ADMINISTRAT. FINANCEIRA;AUX.ADM-III;AUX ADM; ESTATUTARIO;1928,80;;1928,80;134,38;1794,42;
MARIA ANALIA BENETTON;COORD. ADMINISTRAT. FINANCEIRA;ASSESSOR II;ASSESSOR II AD-2; CARGO COMISSION.S/VINCULO;4509,79;;4509,79;670,28;3839,51;
MARIA ARMINDA CASTRO MENDONCA SOUZA;COORD. ADMINISTRAT. FINANCEIRA;TEC.DE NIVEL SUPERIOR 2A CLASSE;; ESTATUTARIO;3128,98;;3128,98;357,22;2771,76;
MARIA AUXILIADORA DA SILVA CRUZ;COORD. ADMINISTRAT. FINANCEIRA;TEC.EM ADMINISTR.5A.CL-NM.215.11;ASSESSOR II AD 2; ESTATUTARIO;5557,12;;5557,12;807,81;4749,31;
MARIA CLARA DA GAMA BENTES;COORD. ADMINISTRAT. FINANCEIRA;GERENTE;GERENTE AD-2; CARGO COMISSION.S/VINCULO;4509,79;;4509,79;670,28;3839,51;
MARIA DA CONCEICAO DE SOUZA E SILVA;COORD. ADMINISTRAT. FINANCEIRA;AUX.O-III;AUX OP CAMAM TEATRO; ESTATUTARIO;1457,31;;1457,31;127,30;1330,01;
MARIA DAS GRACAS COELHO BRAGA;COORD. ADMINISTRAT. FINANCEIRA;TEC.DE NIVEL SUPERIOR 2A CLASSE;; ESTATUTARIO;3630,59;;3630,59;424,40;3206,19;
MARIA DAS GRACAS XIMENES LINS;COORD. ADMINISTRAT. FINANCEIRA;ASSESSOR III;ASSESSOR III AD-3; CARGO COMISSION.S/VINCULO;1830,80;;1830,80;122,46;1708,34;
MARIA DE FATIMA DE ALMEIDA CAMPOS;COORD. ADMINISTRAT. FINANCEIRA;ASSISTENTE TECNICO III;; ESTATUTARIO;4737,74;;4737,74;375,24;4362,50;
MARIA DE FATIMA TOLEDANO BINDA;COORD. ADMINISTRAT. FINANCEIRA;ASSISTENTE TECNICO III;; ESTATUTARIO;2561,60;;2561,60;197,97;2363,63;
MARIA DE NAZARE COSTA SOARES;COORD. ADMINISTRAT. FINANCEIRA;ASSISTENTE TECNICO I;; ESTATUTARIO;2255,74;;2255,74;184,82;2070,92;
MARIA DE NAZARE DE ALMEIDA;COORD. ADMINISTRAT. FINANCEIRA;AUX.DE APOIO ADMINISTRATIVO I;; ESTATUTARIO;2127,13;;2127,13;141,66;1985,47;
MARIA DO PERPETUO SOCORRO G LIMA;COORD. ADMINISTRAT. FINANCEIRA;ASSISTENTE TECNICO II;; ESTATUTARIO;2512,60;;2512,60;194,09;2318,51;
MARIA DO SOCORRO GOUVEA;COORD. ADMINISTRAT. FINANCEIRA;A.OPE-I;; ESTATUTARIO;5212,35;;5212,35;556,40;4655,95;
MARIA DO SOCORRO TEODORA DA COSTA;COORD. ADMINISTRAT. FINANCEIRA;AUX.ADM-III;AUX ADM; ESTATUTARIO;1521,60;;1521,60;134,38;1387,22;
MARIA ELIZABETH DA SILVA;COORD. ADMINISTRAT. FINANCEIRA;AGENTE DE ADMINISTRACAO;; ESTATUTARIO;2907,77;;2907,77;178,62;2729,15;
MARIA EMILIA GOMES DE LEIROS;COORD. ADMINISTRAT. FINANCEIRA;GERENTE;GERENTE AD-2; CARGO COMISSION.S/VINCULO;4579,72;;4579,72;691,65;3888,07;
MARIA GELICE ALBUQUERQUE DE SOUZA;COORD. ADMINISTRAT. FINANCEIRA;GERENTE;GERENTE AD-2; CARGO COMISSION.S/VINCULO;3509,79;;3509,79;426,78;3083,01;
MARIA GRACELY SAMPAIO RENTE;COORD. ADMINISTRAT. FINANCEIRA;ASSESSOR III;ASSESSOR III AD-3; CARGO COMISSION.S/VINCULO;1635,80;;1635,80;106,86;1528,94;
MARIA INEZ DE SOUSA;COORD. ADMINISTRAT. FINANCEIRA;ASSISTENTE TECNICO I;; ESTATUTARIO;3420,05;;3420,05;214,90;3205,15;
MARIA JOSE NUNES MEDEIROS;COORD. ADMINISTRAT. FINANCEIRA;TEC.DE NIVEL SUPERIOR 2A CLASSE;TEC.NIV.SUP.2 CLASSE; ESTATUTARIO;4124,35;;4124,35;503,11;3621,24;
MARIA LUCIANE COELHO ITUASSU SILVA;COORD. ADMINISTRAT. FINANCEIRA;ASSESSOR II;; CARGO COMISSION.S/VINCULO;4509,79;;4509,79;670,28;3839,51;
MARIA NAZARENE MAIA;COORD. ADMINISTRAT. FINANCEIRA;ASSISTENTE TECNICO III;ASSESSOR I AD 1; ESTATUTARIO;1737,00;;1737,00;189,55;1547,45;
MARIA SHEILA DE SOUZA CAMPOS;COORD. ADMINISTRAT. FINANCEIRA;TNS-III;; ESTATUTARIO;5597,48;;5597,48;1009,92;4587,56;
MARIA VICTORIA PEREIRA GONCALVES;COORD. ADMINISTRAT. FINANCEIRA;A.TEC-III;; ESTATUTARIO;1650,19;;1650,19;148,52;1501,67;
MARIANE SANTOS DA COSTA;COORD. ADMINISTRAT. FINANCEIRA;ASSESSOR III;ASSESSOR III AD-3; CARGO COMISSION.S/VINCULO;2891,80;;2891,80;267,35;2624,45;
MARIETE FRANCA ARAUJO;COORD. ADMINISTRAT. FINANCEIRA;A.TEC-I;; ESTATUTARIO;3014,34;;3014,34;220,47;2793,87;
MARILDA GALVAO DE OLIVEIRA;COORD. ADMINISTRAT. FINANCEIRA;ASSISTENTE TECNICO III;; ESTATUTARIO;2130,83;;2130,83;189,95;1940,88;
MARINA DE SEIXAS;COORD. ADMINISTRAT. FINANCEIRA;AUX.S.G-II;; ESTATUTARIO;1960,15;;1960,15;137,85;1822,30;
MARISTELA PAULA BRAGA PINHO;COORD. ADMINISTRAT. FINANCEIRA;ASSISTENTE TECNICO II;; ESTATUTARIO;2688,81;;2688,81;200,13;2488,68;
MARIZETE BRANDAO DA SILVA;COORD. ADMINISTRAT. FINANCEIRA;ASSISTENTE TECNICO I;; ESTATUTARIO;3666,57;;3666,57;214,51;3452,06;
MARLENE LIRA DERZI;COORD. ADMINISTRAT. FINANCEIRA;CHEFE DE DEPARTAMENTO;; CARGO COMISSION.S/VINCULO;5529,77;;5529,77;986,40;4543,37;
MARLUCIA DE CASTRO SANTOS;COORD. ADMINISTRAT. FINANCEIRA;ASSESSOR III;ASSESSOR III AD-3; CARGO COMISSION.S/VINCULO;2495,80;;2495,80;197,62;2298,18;
MARONILCO MORAES DAS CHAGAS;COORD. ADMINISTRAT. FINANCEIRA;A.TEC-I;; ESTATUTARIO;7458,59;;7458,59;1407,62;6050,97;
MARSSICLEA BRITO DOS SANTOS;COORD. ADMINISTRAT. FINANCEIRA;GERENTE;; CARGO COMISSION.S/VINCULO;4579,72;;4579,72;691,65;3888,07;
MATIAS DIOGO BELFORT MAR;COORD. ADMINISTRAT. FINANCEIRA;A.OPE-III;ASSIST.TEC.OP.ELETRI; ESTATUTARIO;1650,19;;1650,19;148,52;1501,67;
MELISSA ALVES DE TOLEDO;COORD. ADMINISTRAT. FINANCEIRA;ASSESSOR I;NAO INFORMADO; CARGO COMISSION.S/VINCULO;4032,31;;4032,31;627,06;3405,25;
MELKE ZEDEK GONZAGA DA SILVA;COORD. ADMINISTRAT. FINANCEIRA;AUX.O-III;MONTADOR DE EVENTOS; ESTATUTARIO;1457,31;;1457,31;127,30;1330,01;
MICHAEL DE FRANCA DANTAS;COORD. ADMINISTRAT. FINANCEIRA;ASSESSOR II;; CARGO COMISSION.S/VINCULO;4509,79;;4509,79;670,28;3839,51;
MIGUEL DOS SANTOS BARBOSA JUNIOR;COORD. ADMINISTRAT. FINANCEIRA;AUX.BIBLI-III;AUXILIAR BIBLIOTECA; ESTATUTARIO;1521,60;;1521,60;134,38;1387,22;
MILA MARIA MARQUES NARANJO;COORD. ADMINISTRAT. FINANCEIRA;GERENTE;GEENTE AD-2; CARGO COMISSION.S/VINCULO;2909,79;;2909,79;270,20;2639,59;
MILTON WILFREDO PAREDES ROMAN;COORD. ADMINISTRAT. FINANCEIRA;A.TEC-III;ASS. TEC. INDICADOR; ESTATUTARIO;2100,25;;2100,25;148,52;1951,73;
MOISES SIMOES DOS SANTOS FILHO;COORD. ADMINISTRAT. FINANCEIRA;A.TEC-III;ASS. TEC. INDICADOR; ESTATUTARIO;1650,19;;1650,19;148,52;1501,67;
MONICA SALES MOREIRA DE SOUZA;COORD. ADMINISTRAT. FINANCEIRA;GERENTE;; CARGO COMISSION.S/VINCULO;4509,79;;4509,79;670,28;3839,51;
MOYSES DE ALMEIDA GARCIA;COORD. ADMINISTRAT. FINANCEIRA;AUX.O-III;AUX.OP.MONT.EVENTOS; ESTATUTARIO;1457,31;;1457,31;127,30;1330,01;
MURILO ALVES ACIOLI;COORD. ADMINISTRAT. FINANCEIRA;A.TEC-III;OPER. SOM/SONOPLASTA; ESTATUTARIO;2579,54;;2579,54;165,55;2413,99;
NAHIM CALELI ESPINOSA DUQUE;COORD. ADMINISTRAT. FINANCEIRA;GERENTE;GERENTE AD-2; CARGO COMISSION.S/VINCULO;3509,79;;3509,79;426,78;3083,01;
NAIANA SOUSA CAVALCANTE;COORD. ADMINISTRAT. FINANCEIRA;AUX.ADM-III;AUX ADM; ESTATUTARIO;1905,81;;1905,81;134,38;1771,43;
NAIARA ARRUDA DA COSTA;COORD. ADMINISTRAT. FINANCEIRA;TNS-III;; ESTATUTARIO;3386,16;;3386,16;402,68;2983,48;
NATHALIA DA SILVA SILVEIRA;COORD. ADMINISTRAT. FINANCEIRA;ASSESSOR III;; CARGO COMISSION.S/VINCULO;1635,80;;1635,80;106,86;1528,94;
NATHALYA RODRIGUES BRANDAO;COORD. ADMINISTRAT. FINANCEIRA;ASSESSOR II;; CARGO COMISSION.S/VINCULO;3509,79;;3509,79;426,78;3083,01;
NESTOR RIBEIRO NASCIMENTO;COORD. ADMINISTRAT. FINANCEIRA;ASSISTENTE TECNICO I;GERENTEAD-2; ESTATUTARIO;4541,01;;4541,01;370,41;4170,60;
NILDA PEREIRA VERAS;COORD. ADMINISTRAT. FINANCEIRA;GERENTE;GERENTE AD-2; CARGO COMISSION.S/VINCULO;3251,72;;3251,72;378,91;2872,81;
NIRLANDSON DA GRACA DIAS;COORD. ADMINISTRAT. FINANCEIRA;A.OPE-III;ASS. OP. MAQUINISTA; ESTATUTARIO;2579,54;;2579,54;148,52;2431,02;
OIANA DO COUTO E SILVA;COORD. ADMINISTRAT. FINANCEIRA;GERENTE;GERENTE AD-2; CARGO COMISSION.S/VINCULO;2909,79;;2909,79;270,20;2639,59;
ORLANDO DA SILVA CAMARA;COORD. ADMINISTRAT. FINANCEIRA;TEC.DE NIVEL SUPERIOR 2A CLASSE;; ESTATUTARIO;1955,02;;1955,02;348,50;1606,52;
OSMAR NEGREIROS SAID NETO;COORD. ADMINISTRAT. FINANCEIRA;GERENTE;; CARGO COMISSION.S/VINCULO;4579,72;;4579,72;691,65;3888,07;
PAULO HENRIQUE MENDES DE SOUZA;COORD. ADMINISTRAT. FINANCEIRA;ASSESSOR II;; CARGO COMISSION.S/VINCULO;1653,79;;1653,79;108,30;1545,49;
PAULO JUNIOR DA SILVA MENEZES;COORD. ADMINISTRAT. FINANCEIRA;AUX.ADM-III;; ESTATUTARIO;1521,60;;1521,60;134,38;1387,22;
PEDRO MARCOS MANSOUR ANDES;COORD. ADMINISTRAT. FINANCEIRA;HIST-III;HISTORIADOR; ESTATUTARIO;3086,16;;3086,16;388,46;2697,70;
PIETRO ANTONIO PAIVA DA SILVA;COORD. ADMINISTRAT. FINANCEIRA;AUX.BIBLI-III;; ESTATUTARIO;1521,60;;1521,60;134,38;1387,22;
PRINCE BRUNO DA SILVA LOPES;COORD. ADMINISTRAT. FINANCEIRA;ENG-III;ENGENHEIRO; ESTATUTARIO;5580,00;;5580,00;916,67;4663,33;
QUETLEN FOUVE UCHOA DE SOUSA;COORD. ADMINISTRAT. FINANCEIRA;GERENTE;GERENTE AD-2; CARGO COMISSION.S/VINCULO;3509,79;;3509,79;426,78;3083,01;
RAFAELA FERNANDES DA COSTA;COORD. ADMINISTRAT. FINANCEIRA;GERENTE;GERENTE AD-2; CARGO COMISSION.S/VINCULO;1653,79;;1653,79;108,30;1545,49;
RAIMUNDA LIMA DA SILVA;COORD. ADMINISTRAT. FINANCEIRA;GERENTE;GERENTE AD-2; CARGO COMISSION.S/VINCULO;1848,79;;1848,79;123,90;1724,89;
RAIMUNDO NONATO DE SOUSA ROSAS;COORD. ADMINISTRAT. FINANCEIRA;AUX.BIBLI-III;AUX. BIBLIOTECA; ESTATUTARIO;1521,60;;1521,60;134,38;1387,22;
RAIMUNDO NONATO DOS SANTOS BRAGA;COORD. ADMINISTRAT. FINANCEIRA;A.TEC-I;; ESTATUTARIO;3014,34;;3014,34;192,03;2822,31;
RAIMUNDO NONATO PEREIRA NASCIMENTO;COORD. ADMINISTRAT. FINANCEIRA;ASSESSOR III;; CARGO COMISSION.S/VINCULO;1981,80;;1981,80;134,54;1847,26;
RAISSA PANTOJA OLIVEIRA;COORD. ADMINISTRAT. FINANCEIRA;SUBGERENTE;SUBGERENTE AD-3; CARGO COMISSION.S/VINCULO;2891,80;;2891,80;267,35;2624,45;
RANOLFO CASSIANO RABELO;COORD. ADMINISTRAT. FINANCEIRA;AUX.TECNICO ADMINISTRATIVO II;; ESTATUTARIO;2481,10;;2481,10;171,45;2309,65;
RAQUEL PEREIRA DA FONTOURA;COORD. ADMINISTRAT. FINANCEIRA;GERENTE;GERENTE AD-2; CARGO COMISSION.S/VINCULO;2513,79;;2513,79;199,24;2314,55;
RAQUEL SERIQUE REIS;COORD. ADMINISTRAT. FINANCEIRA;TNS-III;T.N.S TURISMO; ESTATUTARIO;3450,45;;3450,45;414,04;3036,41;
RAYDMA LOUREIRO ARAUJO;COORD. ADMINISTRAT. FINANCEIRA;ASSISTENTE TECNICO I;; ESTATUTARIO;2390,34;;2390,34;183,21;2207,13;
REGINA MARIA LOPES PEREIRA LOBATO;COORD. ADMINISTRAT. FINANCEIRA;TNS-I;CH. DE DPTO AD 1; ESTATUTARIO;17288,50;;17288,50;4593,46;12695,04;
REGMA DA SILVA MAGNO;COORD. ADMINISTRAT. FINANCEIRA;SUBGERENTE;SUBGERENTE; CARGO COMISSION.S/VINCULO;3227,73;;3227,73;374,68;2853,05;
RENATO PEREIRA DA SILVA JUNIOR;COORD. ADMINISTRAT. FINANCEIRA;GERENTE;GERENTE AD 2; CARGO COMISSION.S/VINCULO;2513,79;;2513,79;199,24;2314,55;
RHULLYANNA MAGALHAES BENTES SILVA;COORD. ADMINISTRAT. FINANCEIRA;GERENTE;; CARGO COMISSION.S/VINCULO;5913,05;;5913,05;1121,87;4791,18;
ROBSON DE SOUZA NASCIMENTO JUNIOR;COORD. ADMINISTRAT. FINANCEIRA;SUBGERENTE;SUBGERENTE AD-3; CARGO COMISSION.S/VINCULO;1635,80;;1635,80;106,86;1528,94;
RODRIGO ALE ABINADER;COORD. ADMINISTRAT. FINANCEIRA;GERENTE;; CARGO COMISSION.S/VINCULO;2849,05;;2849,05;260,58;2588,47;
RODRIGO BARROS GOMES;COORD. ADMINISTRAT. FINANCEIRA;AUX.ADM-III;AUX ADM; ESTATUTARIO;1521,60;;1521,60;134,38;1387,22;
RODRIGO DA CRUZ DE OLIVEIRA;COORD. ADMINISTRAT. FINANCEIRA;AUX.ADM-III;AUX ADM; ESTATUTARIO;1521,60;;1521,60;134,38;1387,22;
RODRIGO DO NASCIMENTO NUNES;COORD. ADMINISTRAT. FINANCEIRA;TNS-III;TEC. NIVEL SUPERIOR; ESTATUTARIO;3064,68;;3064,68;345,85;2718,83;
ROMULO CESAR COELHO DE CASTRO;COORD. ADMINISTRAT. FINANCEIRA;A.TEC-III;ASSIST TECNICO; ESTATUTARIO;1650,19;;1650,19;148,52;1501,67;
RONILTON LEAO DE SOUZA;COORD. ADMINISTRAT. FINANCEIRA;AUX.ADM-III;; ESTATUTARIO;1521,60;;1521,60;134,38;1387,22;
ROSA CAPOTE VIEIRA;COORD. ADMINISTRAT. FINANCEIRA;GERENTE;GERENTE AD-2; CARGO COMISSION.S/VINCULO;4509,79;;4509,79;670,28;3839,51;
ROSIANE GARCIA PEREIRA;COORD. ADMINISTRAT. FINANCEIRA;A.TEC-III;ASSESSOR III; ESTATUTARIO;2410,54;;2410,54;148,52;2262,02;
ROSILDA OTAVIA MARQUES TEIXEIRA;COORD. ADMINISTRAT. FINANCEIRA;TEC.DE NIVEL SUPERIOR 2A CLASSE;; ESTATUTARIO;3290,29;;3290,29;418,64;2871,65;
ROSIMAR SOBRINHO DOS SANTOS;COORD. ADMINISTRAT. FINANCEIRA;ASSESSOR III;ASSESSOR III AD-3; CARGO COMISSION.S/VINCULO;1635,80;;1635,80;106,86;1528,94;
ROSINEIDA LIMA PIMENTEL;COORD. ADMINISTRAT. FINANCEIRA;TNS-III;TEC. N. SUP. CONTAB; ESTATUTARIO;4414,88;;4414,88;494,11;3920,77;
RUY ALBERTO LINS LOURENCO ALMEIDA;COORD. ADMINISTRAT. FINANCEIRA;ASSESSOR II;; CARGO COMISSION.S/VINCULO;4509,79;;4509,79;670,28;3839,51;
RUY RIBEIRO DE PAULA;COORD. ADMINISTRAT. FINANCEIRA;AUX.TECNICO ADMINISTRATIVO II;; ESTATUTARIO;2032,89;;2032,89;176,01;1856,88;
SAMANTHA LAURA PRADO TORRES;COORD. ADMINISTRAT. FINANCEIRA;ASSESSOR III;NAO INFORMADO; CARGO COMISSION.S/VINCULO;1981,80;;1981,80;134,54;1847,26;
SAMIR TORRES PEREIRA;COORD. ADMINISTRAT. FINANCEIRA;A.TEC-III;; ESTATUTARIO;1650,19;;1650,19;148,52;1501,67;
SAMUEL LIMA FELIX;COORD. ADMINISTRAT. FINANCEIRA;AUX.BIBLI-III;AUX. BIBLIOTECA; ESTATUTARIO;1521,60;;1521,60;134,38;1387,22;
SAMUEL SOUZA DA SILVA;COORD. ADMINISTRAT. FINANCEIRA;BIBLI-III;BIBLIOTECARIO; ESTATUTARIO;3064,68;;3064,68;345,85;2718,83;
SANDRA FEIJAO DE BRITO;COORD. ADMINISTRAT. FINANCEIRA;GERENTE;GERENTE AD-2; CARGO COMISSION.S/VINCULO;2909,79;;2909,79;270,20;2639,59;
SANDRA MARIA DOS SANTOS;COORD. ADMINISTRAT. FINANCEIRA;TNS-III;T.N.S TURISMO; ESTATUTARIO;3450,45;;3450,45;414,04;3036,41;
SANDRA MESQUITA ARAUJO;COORD. ADMINISTRAT. FINANCEIRA;A.TEC-III;ASS.TEC.CONTABILIDAD; ESTATUTARIO;1650,19;;1650,19;148,52;1501,67;
SANDRA SOARES PRAIA;COORD. ADMINISTRAT. FINANCEIRA;GERENTE;; CARGO COMISSION.S/VINCULO;4509,79;;4509,79;670,28;3839,51;
SANDRO DE SOUZA SILVA;COORD. ADMINISTRAT. FINANCEIRA;GERENTE;; CARGO COMISSION.S/VINCULO;4509,79;;4509,79;670,28;3839,51;
SANTANA RIBEIRO DUARTE;COORD. ADMINISTRAT. FINANCEIRA;AUX.O-I;; ESTATUTARIO;3931,54;;3931,54;321,02;3610,52;
SARIE SAMMY TEIXEIRA BRASIL;COORD. ADMINISTRAT. FINANCEIRA;ASSISTENTE TECNICO I;; ESTATUTARIO;2788,27;;2788,27;207,97;2580,30;
SERGIO VICTOR DE SOUZA RODRIGUES;COORD. ADMINISTRAT. FINANCEIRA;ASSESSOR II;; CARGO COMISSION.S/VINCULO;3509,79;;3509,79;426,78;3083,01;
SERGIO VIEIRA CARDOSO;COORD. ADMINISTRAT. FINANCEIRA;CHEFE DE DEPARTAMENTO;CH.DPTO. AD-1; CARGO COMISSION.S/VINCULO;5529,77;1150,75;4379,02;746,03;3632,99;
SHARLES SILVA DA COSTA;COORD. ADMINISTRAT. FINANCEIRA;A.TEC-II;CH DE DPTO AD-1; ESTATUTARIO;6135,46;;6135,46;643,44;5492,02;
SIDNEY BARROSO WANDERLEY;COORD. ADMINISTRAT. FINANCEIRA;SECRETARIO EXECUTIVO;NAO INFORMADO; CARGO COMISSION.S/VINCULO;10440,00;;10440,00;2369,39;8070,61;
SIDNEY CASTRO MEDINO;COORD. ADMINISTRAT. FINANCEIRA;AUX.O-III;AUX. OPER. CENOTECN; ESTATUTARIO;2765,81;;2765,81;127,30;2638,51;
SIGNORETH CINTHYA RIBEIRO DA SILVA;COORD. ADMINISTRAT. FINANCEIRA;AUX.TECNICO ADMINISTRATIVO II;; ESTATUTARIO;1765,38;;1765,38;153,54;1611,84;
SILVIA ANGELINA LIMA DOS SANTOS;COORD. ADMINISTRAT. FINANCEIRA;AUX.BIBLI-III;; ESTATUTARIO;1521,60;;1521,60;129,90;1391,70;
SILVIO DA SILVA PINTO JUNIOR;COORD. ADMINISTRAT. FINANCEIRA;ASSISTENTE TECNICO I;; ESTATUTARIO;4292,01;;4292,01;331,08;3960,93;
SISSYMARA DE LIMA MENDES;COORD. ADMINISTRAT. FINANCEIRA;CHEFE DE DEPARTAMENTO;; CARGO COMISSION.S/VINCULO;5529,77;;5529,77;943,74;4586,03;
SOLANGE ACORDI MAKAREM;COORD. ADMINISTRAT. FINANCEIRA;GERENTE;GERENTE AD-2; CARGO COMISSION.S/VINCULO;2513,79;;2513,79;199,24;2314,55;
SOLANGE RAMOS DA SILVA;COORD. ADMINISTRAT. FINANCEIRA;AUX.O-III;AUX. OP. COSTUREIRA; ESTATUTARIO;1457,31;;1457,31;127,30;1330,01;
SONIA MARIA DAMASCENO;COORD. ADMINISTRAT. FINANCEIRA;BIBLIOTECARIO PNS-BBT-I;; ESTATUTARIO;5344,58;;5344,58;598,40;4746,18;
SUELEN CRISTINA DE FREITAS R LIMA;COORD. ADMINISTRAT. FINANCEIRA;GERENTE;; CARGO COMISSION.S/VINCULO;4509,79;;4509,79;670,28;3839,51;
SUELEN DA SILVA ALEXANDRE;COORD. ADMINISTRAT. FINANCEIRA;AUX.BIBLI-III;AUX. BIBLIOTECA; ESTATUTARIO;1521,60;;1521,60;120,94;1400,66;
SUZANA TEIXEIRA BOMFIM;COORD. ADMINISTRAT. FINANCEIRA;GERENTE;; CARGO COMISSION.S/VINCULO;2909,79;;2909,79;270,20;2639,59;
SUZY PEIXOTO OSAQUI;COORD. ADMINISTRAT. FINANCEIRA;TEC.DE NIVEL SUPERIOR 2A CLASSE;; ESTATUTARIO;4917,51;;4917,51;647,95;4269,56;
TACIANO ARARIPE SOARES;COORD. ADMINISTRAT. FINANCEIRA;SECRETARIO EXECUTIVO;; CARGO COMISSION.S/VINCULO;12000,00;;12000,00;2798,39;9201,61;
TAMIRIS DA SILVA LIMA;COORD. ADMINISTRAT. FINANCEIRA;ASSESSOR II;; CARGO COMISSION.S/VINCULO;3509,79;;3509,79;426,78;3083,01;
TANIA MARIA BARROSO DA SILVA;COORD. ADMINISTRAT. FINANCEIRA;GERENTE;GERENTE AD 2; CARGO COMISSION.S/VINCULO;2513,79;;2513,79;199,24;2314,55;
TARCIANNE CARVALHO FROTA ANDRADE;COORD. ADMINISTRAT. FINANCEIRA;CHEFE DE GABINETE;; CARGO COMISSION.S/VINCULO;5529,77;;5529,77;943,74;4586,03;
TATIANA DE LIMA PEDROSA SANTOS;COORD. ADMINISTRAT. FINANCEIRA;ARQ-III;ARQUEOLOGO; ESTATUTARIO;3514,75;;3514,75;427,99;3086,76;
TATIANE SARMENTO GUIMARAES;COORD. ADMINISTRAT. FINANCEIRA;SUBGERENTE;SUBGERENTE AD-3; CARGO COMISSION.S/VINCULO;2495,80;;2495,80;197,62;2298,18;
TELMA INES VEIGA DO NASCIMENTO;COORD. ADMINISTRAT. FINANCEIRA;A.TEC-I;; ESTATUTARIO;5704,36;;5704,36;799,17;4905,19;
TELMA PEREIRA SAMPAIO FERREIRA;COORD. ADMINISTRAT. FINANCEIRA;GERENTE;GERENTE AD-2; CARGO COMISSION.S/VINCULO;1999,79;;1999,79;152,98;1846,81;
TEREZA CRISTINA VIEIRA CANTANHEDE;COORD. ADMINISTRAT. FINANCEIRA;ASSISTENTE TECNICO III;; ESTATUTARIO;3126,40;;3126,40;243,13;2883,27;
TEREZA LUCIANA SOARES DE SENA;COORD. ADMINISTRAT. FINANCEIRA;TNS-III;TEC. NIVEL SUPERIOR; ESTATUTARIO;3386,16;;3386,16;402,68;2983,48;
THAISA MACEDO NASCIMENTO;COORD. ADMINISTRAT. FINANCEIRA;BIBLI-III;BIBLIOTECARIO; ESTATUTARIO;3064,68;;3064,68;331,63;2733,05;
THALLES TAYWAN RAMOS MARINHO;COORD. ADMINISTRAT. FINANCEIRA;SUBGERENTE;; CARGO COMISSION.S/VINCULO;3491,80;;3491,80;422,40;3069,40;
THARCIANA CURINTIMA NOGUEIRA PENA;COORD. ADMINISTRAT. FINANCEIRA;AUX.ADM-III;; ESTATUTARIO;2100,81;;2100,81;134,38;1966,43;
THIAGO DE SOUZA ALENCAR;COORD. ADMINISTRAT. FINANCEIRA;SUBGERENTE;; CARGO COMISSION.S/VINCULO;1981,80;;1981,80;134,54;1847,26;
VALCIENE RIBEIRO DE FARIAS;COORD. ADMINISTRAT. FINANCEIRA;GERENTE;GERENTE AD-2; CARGO COMISSION.S/VINCULO;4509,79;;4509,79;670,28;3839,51;
VALDENIRA NASCIMENTO DE AMARAL;COORD. ADMINISTRAT. FINANCEIRA;AUX.BIBLI-III;; ESTATUTARIO;1521,60;;1521,60;134,38;1387,22;
VALDIZA DUARTE BENTES;COORD. ADMINISTRAT. FINANCEIRA;AUX.TECNICO ADMINISTRATIVO II;; ESTATUTARIO;1854,15;;1854,15;166,26;1687,89;
VALERIA LIMA MACHADO;COORD. ADMINISTRAT. FINANCEIRA;BIBLI-III;BIBLIOTECARIA 3ª CL.; ESTATUTARIO;3386,16;;3386,16;402,68;2983,48;
VICTOR DANIEL COSTA DIAS;COORD. ADMINISTRAT. FINANCEIRA;A.TEC-III;ASSIST TECNICO; ESTATUTARIO;1650,19;;1650,19;148,52;1501,67;
VICTOR MARTINS DE LIRA;COORD. ADMINISTRAT. FINANCEIRA;AUX.O-III;AUX. OP. MONT. ORQ; ESTATUTARIO;1457,31;;1457,31;127,30;1330,01;
VITOR ALFAIA DA PAZ;COORD. ADMINISTRAT. FINANCEIRA;A.TEC-III;ASSIST TEC; ESTATUTARIO;1650,19;;1650,19;148,52;1501,67;
VIVIAN SALES COSTA BARBOSA;COORD. ADMINISTRAT. FINANCEIRA;A.TEC-II;; ESTATUTARIO;3341,46;;3341,46;238,12;3103,34;
WAGNER DIAS ELEUTERIO;COORD. ADMINISTRAT. FINANCEIRA;MAQUINISTA;; ESTATUTARIO;3501,92;;3501,92;263,13;3238,79;
WALDEANE REGINA DE SOUZA DA SILVA;COORD. ADMINISTRAT. FINANCEIRA;ASSESSOR III;ASSESSOR III AD-3; CARGO COMISSION.S/VINCULO;1635,80;;1635,80;106,86;1528,94;
WILL DOUGLAS PEREIRA CILEIRO;COORD. ADMINISTRAT. FINANCEIRA;AUX.ADM-III;AUX ADM; ESTATUTARIO;1521,60;;1521,60;134,38;1387,22;
YANE CARDOSO FEIJO;COORD. ADMINISTRAT. FINANCEIRA;BIBLI-III;BIBLIOTECARIO; ESTATUTARIO;3064,68;;3064,68;345,85;2718,83;
ZACARIAS OLIVEIRA SOUSA;COORD. ADMINISTRAT. FINANCEIRA;AUX.O-III;AUX. OPER. CENOTECN; ESTATUTARIO;2463,81;;2463,81;127,30;2336,51;
