NOME;LOTACAO;CARGO;FUNCAO;VINCULO;REMUNERACAO LEGAL TOTAL(R$);DESC.TETO(R$); REMUNERACAO LEGAL DEVIDA(R$);DESCONTOS LEGAIS(R$);LIQUIDO DISPONIVEL(R$);
ABRAAO RUDSON RODRIGUES DA COSTA;GABINETE DO SECRETARIO;SOLDADO;FG-1; ESTATUTARIO;2400,00;;2400,00;37,20;2362,80;
ADA RAQUEL DOS SANTOS CRUZ;COORDENADORIA DE ADMINISTRACAO;A.OPE-III;; ESTATUTARIO;1350,19;;1350,19;14,85;1335,34;
ADALBERTO NONATO DOS SANTOS;COORDENADORIA DE ADMINISTRACAO;A.TEC-I;FG-1; ESTATUTARIO;6110,34;;6110,34;831,87;5278,47;
ADAUTO GAMA DA SILVA;CORREGEDORIA GER.SIST.SEG.PUB.;1.MEMBRO DO CONS.DISCIPLINAR;JETOM; CONSELHO;3000,00;;3000,00;95,20;2904,80;
ADAUTO LUCIO MAUES NAZARETH;GABINETE DO SECRETARIO;DELEGADO DE POLIC. 3A.CL.PC-DEL.III;ASSESSOR 1 AD 1; ESTATUTARIO;5000,00;;5000,00;505,64;4494,36;
ADEMIR DE JESUS RODRIGUES BISPO;GRUPO DE RESPOSTA TATICA;SOLDADO;FUNCAO GRAT FG-1; ESTATUTARIO;2400,00;;2400,00;37,20;2362,80;
ADENIR FERNANDES TEIXEIRA;CORREGEDORIA GER.SIST.SEG.PUB.;ESCRIVAO DE POL.3A.CL. PC-ESC-III;CHEFE DE SECRETARIA; ESTATUTARIO;2400,00;;2400,00;;2400,00;
ADILSON FREITAS DE OLIVEIRA;COORDENADORIA DE ADMINISTRACAO;A.OPE-III;; ESTATUTARIO;1484,35;;1484,35;148,52;1335,83;
ADRIANA ASSAYAG HOLANDA;CORREGEDORIA GER.SIST.SEG.PUB.;SOLDADO 1;GRATIF. ATIV. CORREG; ESTATUTARIO;1240,00;;1240,00;;1240,00;
ADRIANA CASTRO CRUZ;GABINETE DO SECRETARIO;ASSESSOR I;; CARGO COMISSION.S/VINCULO;5229,77;;5229,77;986,40;4243,37;
ADRIANA COMITTI;GABINETE DO SECRETARIO;SOLDADO 1;FG-2; ESTATUTARIO;1900,00;;1900,00;;1900,00;
ADRIANA MENDONCA RODRIGUES;GABINETE DO SECRETARIO;MEMBRO DA JUNTA MEDICA;; CARGO COMISSION.S/VINCULO;1250,00;;1250,00;;1250,00;
ADRIANE DE MATTOS BRAGA;COORDENADORIA DE ADMINISTRACAO;A.OPE-III;; ESTATUTARIO;1350,19;;1350,19;148,52;1201,67;
ADRIANNE VIEGAS DINIZ;GABINETE DO SECRETARIO;COORDENADOR AD-1;COORD DE CAMPUS; CARGO COMISSION.S/VINCULO;5229,77;;5229,77;986,40;4243,37;
ADRIANNY ANDRADE AVELINO;COORDENADORIA DE ADMINISTRACAO;A.OPE-III;; ESTATUTARIO;1350,19;;1350,19;148,52;1201,67;
ADRIANO AUGUSTO DOS SANTOS;GABINETE DO SECRETARIO;ASSESSOR II;; CARGO COMISSION.S/VINCULO;4209,79;;4209,79;670,28;3539,51;
ADRIANO BARBOSA DE FREITAS;COORDENADORIA DE ADMINISTRACAO;A.OPE-III;; ESTATUTARIO;1462,85;;1462,85;148,52;1314,33;
ADRIANO BRANDAO DOS REIS;GABINETE DO SECRETARIO;INVEST.DE POL. 4A.CL. PC-INV.IV;ASSESSOR II AD-2; ESTATUTARIO;4000,00;;4000,00;221,21;3778,79;
ADRIANO DOS SANTOS PINHEIRO;GABINETE DO SECRETARIO;SUBGERENTE AD-3;; CARGO COMISSION.S/VINCULO;2591,80;;2591,80;267,35;2324,45;
ADRIANO INACIO ALVES RAMOS DINIZ;COORDENADORIA DE ADMINISTRACAO;A.OPE-III;; ESTATUTARIO;1800,25;;1800,25;103,96;1696,29;
ADRIANO JOSE DA CUNHA SOUZA;COORDENADORIA DE ADMINISTRACAO;A.OPE-III;; ESTATUTARIO;1377,28;;1377,28;148,52;1228,76;
ADRIELLY REBECA KEROLAINE CORDEIRO;COORDENADORIA DE ADMINISTRACAO;A.OPE-III;; ESTATUTARIO;954,00;;954,00;159,43;794,57;
ADRIENE BELOTA LOPES;GABINETE DO SECRETARIO;INVEST.DE POL. 3A.CL. PC-INV-III;CH.DPTO.-AD-1; ESTATUTARIO;5000,00;;5000,00;403,55;4596,45;
AGDA VASCONCELOS ANDRADE;GABINETE DO SECRETARIO;DIRETOR DE CAMPUS AD-1;; CARGO COMISSION.S/VINCULO;5229,77;;5229,77;986,40;4243,37;
AGESISLAU BREVES DA SILVA;COORDENADORIA DE ADMINISTRACAO;A.OPE-III;; ESTATUTARIO;1377,28;;1377,28;148,52;1228,76;
AGNOR APARICIO DOS SANTOS;GABINETE DO SECRETARIO;INVEST.DE POL.2A.CL. PC-INV-II;FUNÇAO GRAT.FG-1; ESTATUTARIO;2400,00;;2400,00;;2400,00;
AIDA QUEIT CABRAL FERNANDES;COORDENADORIA DE ADMINISTRACAO;A.OPE-III;; ESTATUTARIO;1350,19;;1350,19;148,52;1201,67;
AILTON DE ALMEIDA PAIVA;SECRET.EXEC.ADJ.DE INTELIGEN.;ASSESSOR III;; CARGO COMISSION.S/VINCULO;1354,06;;1354,06;49,77;1304,29;
ALAIN DELON OLIVEIRA ROSA;SECRET.EXEC.ADJ.DE INTELIGEN.;SOLDADO 1;ASSESSOR III; ESTATUTARIO;2004,00;;2004,00;;2004,00;
ALAN BARREIROS DE ANDRADE;CORREGEDORIA GER.SIST.SEG.PUB.;MAJOR;PRES.1º CONS.P.DISC.; ESTATUTARIO;4240,00;;4240,00;275,21;3964,79;
ALBERTO PELEGRINE DA N NETO;COORDENADORIA DE ADMINISTRACAO;A.OPE-III;; ESTATUTARIO;1350,19;;1350,19;148,52;1201,67;
ALCENIRA SANTIAGO DE OLIVEIRA;CORREGEDORIA GER.SIST.SEG.PUB.;ASSESSOR I;ASSESSOR I AD-1; CARGO COMISSION.S/VINCULO;6973,03;;6973,03;1498,47;5474,56;
ALCIMAR ALVES GOES;CORREGEDORIA GER.SIST.SEG.PUB.;CAPITAO;CH DPTO, AD-1; ESTATUTARIO;5000,00;;5000,00;505,64;4494,36;
ALCIMARA DE ASSUNCAO ELEOTERIO;CORREGEDORIA GER.SIST.SEG.PUB.;TENENTE 2;JETOM; ESTATUTARIO;3000,00;;3000,00;53,76;2946,24;
ALCINEIA LUCAS VARGAS;GABINETE DO SECRETARIO;ASSESSOR DE COMUNICACAO SOCIAL AD-3;; CARGO COMISSION.S/VINCULO;2195,80;;2195,80;197,62;1998,18;
ALDALIZA ALENCAR DA SILVA;SECRET.EXEC.ADJ.DE INTELIGEN.;ASSESSOR IV;; CARGO COMISSION.S/VINCULO;1877,61;;1877,61;168,98;1708,63;
ALDERSON FERREIRA DE BRITO;SEC.EEXC.ADJ.PLAN.GES.INT.SEG.;ASSESSOR III;; CARGO COMISSION.S/VINCULO;3787,60;;3787,60;567,48;3220,12;
ALDIVAN RODRIGUES DE ANDRADE JUNIOR;GABINETE DO SECRETARIO;TENENTE 1;ASSESSOR I AD1; ESTATUTARIO;4000,00;;4000,00;263,87;3736,13;
ALESSANDRA FERNANDES SIMOES;COORDENADORIA DE ADMINISTRACAO;A.OPE-III;; ESTATUTARIO;954,00;;954,00;154,48;799,52;
ALESSANDRA SENA BARROSO;GABINETE DO SECRETARIO;SUBGERENTE AD-3;; CARGO COMISSION.S/VINCULO;3191,80;;3191,80;422,40;2769,40;
ALESSANDRO OLIVEIRA GARCIA;SECRET.EXEC.ADJ.DE INTELIGEN.;INVEST.DE POL. 3A.CL. PC-INV-III;ASSESSOR III; ESTATUTARIO;2004,00;;2004,00;;2004,00;
ALESSANDRO SILVA MELO;CORREGEDORIA GER.SIST.SEG.PUB.;SOLDADO;GRATIF.ATIV. CORREG.; ESTATUTARIO;1240,00;;1240,00;;1240,00;
ALEX ALVES BARROS;SEC.EEXC.ADJ.PLAN.GES.INT.SEG.;SOLDADO;FG-2; ESTATUTARIO;1900,00;;1900,00;;1900,00;
ALEX HENRIQUE PAIVA VALENTE;COORDENADORIA DE ADMINISTRACAO;A.OPE-III;; ESTATUTARIO;1350,19;;1350,19;133,67;1216,52;
ALEXANDRE ANDRADE DE CASTRO;SECRET.EXEC.ADJ.DE INTELIGEN.;INVEST.DE POL. 4A.CL. PC-INV.IV;SUBGERENTE AD-3; ESTATUTARIO;2004,00;;2004,00;;2004,00;
ALEXANDRE GOMES DANTAS;CORREGEDORIA GER.SIST.SEG.PUB.;INVEST.DE POL.2A.CL. PC-INV-II;GAC; ESTATUTARIO;1240,00;;1240,00;;1240,00;
ALEXANDRE RIBEIRO ARAUJO;GABINETE DO SECRETARIO;CAPITAO;ASSESSOR I AD1; ESTATUTARIO;5000,00;;5000,00;505,64;4494,36;
ALEXANDRE VITOR COSTA MARTINS;SECRET.EXEC.ADJ.DE INTELIGEN.;ASSESSOR III;; CARGO COMISSION.S/VINCULO;3191,80;;3191,80;422,40;2769,40;
ALFREDO HONORIO DE VALOIS COELHO;JUNTA MEDICA;PERITO LEGISTA 4A.CL. PC.P.LEG-IV;PER.LEG.4ª CL.; ESTATUTARIO;1250,00;;1250,00;;1250,00;
ALFREDO JOAO TSUJITA;COORDENADORIA DE ADMINISTRACAO;A.OPE-III;; ESTATUTARIO;1350,19;;1350,19;148,52;1201,67;
ALICE DIAS FEITOSA;COORDENADORIA DE ADMINISTRACAO;A.OPE-III;; ESTATUTARIO;1350,19;;1350,19;148,52;1201,67;
ALINE BEATRIZ QUEIROZ GUALBERTO;GABINETE DO SECRETARIO;SUBGERENTE AD-3;SUBGERENTE; CARGO COMISSION.S/VINCULO;3191,80;;3191,80;422,40;2769,40;
ALINE COELHO CHAVES;GABINETE DO SECRETARIO;GERENTE;; CARGO COMISSION.S/VINCULO;4209,79;;4209,79;670,28;3539,51;
ALLAN DE AZEVEDO ALVES;GABINETE DO SECRETARIO;TENENTE 1;ASSESSOR 1 AD 1; ESTATUTARIO;5000,00;;5000,00;360,90;4639,10;
ALLAN SORELLY DE A ALBUQUERQUE;COORDENADORIA DE ADMINISTRACAO;TNS-III;; ESTATUTARIO;2804,72;;2804,72;348,11;2456,61;
ALLE MOUSSE NORONHA;GABINETE DO SECRETARIO;GERENTE;; CARGO COMISSION.S/VINCULO;4209,79;;4209,79;670,28;3539,51;
ALUISIO ABREU DA SIILVA;GABINETE DO SECRETARIO;GERENTE;; CARGO COMISSION.S/VINCULO;4209,79;;4209,79;670,28;3539,51;
ALUIZIO FERREIRA DA SILVA;SECRET.EXEC.ADJ.DE INTELIGEN.;ASSESSOR II;; CARGO COMISSION.S/VINCULO;3209,79;;3209,79;426,78;2783,01;
ALUIZIO MENEZES DE MATOS;GABINETE DO SECRETARIO;CHEFE DE DEPARTAMENTO;; CARGO COMISSION.S/VINCULO;5229,77;;5229,77;986,40;4243,37;
ALVARO LOPES DE OLIVEIRA JUNIOR;SECRET.EXEC.ADJ.DE INTELIGEN.;SUBGERENTE AD-3;; CARGO COMISSION.S/VINCULO;2195,80;;2195,80;197,62;1998,18;
ALVARO TIBURCIO STEINHEUSER;GRUPO DE RESPOSTA TATICA;INVEST.DE POL. 3A.CL. PC-INV-III;FUNCAO GRAT.FG-1; ESTATUTARIO;2400,00;;2400,00;;2400,00;
ALYSSON CEZAR POPLADE;SECRET.EXEC.ADJ.DE INTELIGEN.;SARGENTO 2;ASSESSOR II AD-2; ESTATUTARIO;3000,00;;3000,00;95,20;2904,80;
ALZIRO CASTRO MOREIRA FILHO;GRUPO DE RESPOSTA TATICA;INVEST.DE POL. 3A.CL. PC-INV-III;FUNCAO GRAT FG-1; ESTATUTARIO;2400,00;;2400,00;37,20;2362,80;
AMADEU DA SILVA SOARES JUNIOR;GABINETE DO SECRETARIO;CORONEL;SECRETARIO EXECUTIVO; ESTATUTARIO;4125,00;;4125,00;89,84;4035,16;
AMANDA SALES DA SILVA;COORDENADORIA DE ADMINISTRACAO;A.OPE-III;; ESTATUTARIO;1800,25;;1800,25;148,52;1651,73;
ANA CARLIANE DE SOUSA FERREIRA;COORDENADORIA DE ADMINISTRACAO;A.OPE-III;; ESTATUTARIO;2777,78;;2777,78;340,30;2437,48;
ANA CELIA DA SILVA ESCAMILLA;CORREGEDORIA GER.SIST.SEG.PUB.;CABO;GRATIF. ATIV. CORREG; ESTATUTARIO;1653,33;;1653,33;;1653,33;
ANA CLARA ARAUJO CUNHA;COORDENADORIA DE ADMINISTRACAO;TNS-III;FUNCAO GRAT FG-2; ESTATUTARIO;6219,57;;6219,57;1061,50;5158,07;
ANA FLAVIA PEREIRA FERREIRA;GABINETE DO SECRETARIO;GERENTE;; CARGO COMISSION.S/VINCULO;4209,79;;4209,79;670,28;3539,51;
ANA MARIA AGRA PEREIRA;CORREGEDORIA GER.SIST.SEG.PUB.;ASSISTENTE TECNICO 1A CLASSE;FG-1, CHEFE DE SECRE; ESTATUTARIO;5977,54;;5977,54;882,14;5095,40;
ANA PAULA MEDEIROS DOS SANTOS;GABINETE DO SECRETARIO;ESCRIVAO DE POL.3A.CL. PC-ESC-III;GERENTE AD/2; ESTATUTARIO;4000,00;;4000,00;263,87;3736,13;
ANA SILVA DE SOUZA;GABINETE DO SECRETARIO;SUBGERENTE AD-3;SUBGERENTE; CARGO COMISSION.S/VINCULO;2195,80;;2195,80;197,62;1998,18;
ANAILE CRISTINE DA COSTA MEDEIROS;COORDENADORIA DE ADMINISTRACAO;A.OPE-III;; ESTATUTARIO;1800,25;;1800,25;148,52;1651,73;
ANDERSON AVELINO;COORDENADORIA DE ADMINISTRACAO;TNS-III;; ESTATUTARIO;2804,72;;2804,72;342,96;2461,76;
ANDERSON DOS SANTOS HORTA;CORREGEDORIA GER.SIST.SEG.PUB.;SOLDADO 3;FG-1, CHEFE DE SETOR; ESTATUTARIO;2400,00;;2400,00;22,98;2377,02;
ANDRE GONCALVES DE OLIVEIRA;COORDENADORIA DE ADMINISTRACAO;A.OPE-III;; ESTATUTARIO;1350,19;;1350,19;148,52;1201,67;
ANDRE LUIZ DE ANDRADE M COSTA;GABINETE DO SECRETARIO;SECRETARIO DE CONSELHO AD-4;; CARGO COMISSION.S/VINCULO;2575,61;;2575,61;264,79;2310,82;
ANDRE LUIZ TEIXEIRA POLARO;CORREGEDORIA GER.SIST.SEG.PUB.;SOLDADO 2;GRATIF. ATIV. CORREG; ESTATUTARIO;1240,00;;1240,00;;1240,00;
ANDRE PEDROZO RODRIGUES;COORDENADORIA DE ADMINISTRACAO;A.OPE-III;; ESTATUTARIO;1480,91;;1480,91;148,52;1332,39;
ANDRE SANTOS DE FRANCA;COORDENADORIA DE ADMINISTRACAO;A.OPE-III;; ESTATUTARIO;1350,19;;1350,19;148,52;1201,67;
ANDRE VIEIRA DOS SANTOS;COORDENADORIA DE ADMINISTRACAO;A.OPE-III;; ESTATUTARIO;1800,25;;1800,25;148,52;1651,73;
ANDREIA CHAVES DE LIMA;GABINETE DO SECRETARIO;SOLDADO 2;FG-3; ESTATUTARIO;1240,00;;1240,00;;1240,00;
ANDRESSA CRISTINE REIS ALMEIDA;COORDENADORIA DE ADMINISTRACAO;A.OPE-III;; ESTATUTARIO;1350,19;;1350,19;148,52;1201,67;
ANDREWS CUNHA DOS SANTOS;CORREGEDORIA GER.SIST.SEG.PUB.;ESCRIVAO DE POL.2A.CL. PC-ESC-II;CHEFE DE DEPTO. AD-1; ESTATUTARIO;5000,00;;5000,00;453,50;4546,50;
ANDREY ANGELO MARTINS DA SILVEIRA;COORDENADORIA DE ADMINISTRACAO;A.OPE-III;; ESTATUTARIO;1350,19;;1350,19;148,52;1201,67;
ANDREY LOUIS ZUBIATE AUGUSTIN;COORDENADORIA DE ADMINISTRACAO;A.OPE-III;; ESTATUTARIO;1877,65;;1877,65;128,72;1748,93;
ANDSON MUNIZ DA SILVA;COORDENADORIA DE ADMINISTRACAO;A.OPE-III;; ESTATUTARIO;1377,28;;1377,28;148,52;1228,76;
ANEZIO BRITO DE PAIVA;GABINETE DO SECRETARIO;TENENTE CORONEL;SECRET.DE ESTADO; ESTATUTARIO;9000,00;;9000,00;1501,37;7498,63;
ANEZIO BRITO DE PAIVA;CORREGEDORIA GER.SIST.SEG.PUB.;TENENTE CORONEL;COOR.GERAL DA CORRGD; ESTATUTARIO;2916,65;;2916,65;47,51;2869,14;
ANGELA AUGUSTA FERREIRA DE ALENCAR;JUNTA MEDICA;PERITO LEGISTA 1A.CL. PC.P.LEG-I;; ESTATUTARIO;1250,00;111,69;1138,31;;1138,31;
ANGELA DE OLIVEIRA VIEIRA;CORREGEDORIA GER.SIST.SEG.PUB.;ESCRIVAO DE POL.2A.CL. PC-ESC-II;JETOM; ESTATUTARIO;3000,00;;3000,00;95,20;2904,80;
ANGELOANE MENDES DA SILVA;GABINETE DO SECRETARIO;GERENTE;; CARGO COMISSION.S/VINCULO;3209,79;;3209,79;426,78;2783,01;
ANGERLANE GEMAQUE GUALBERTO;COORDENADORIA DE ADMINISTRACAO;A.OPE-III;; ESTATUTARIO;1350,19;;1350,19;138,62;1211,57;
ANNE BRUNA OLIVEIRA MARQUES;GABINETE DO SECRETARIO;SOLDADO;FG-1; ESTATUTARIO;600,00;;600,00;;600,00;
ANNE CAROLINE MAIA MUNHOZ L CHAGAS;COORDENADORIA DE ADMINISTRACAO;A.OPE-III;; ESTATUTARIO;1350,19;;1350,19;148,52;1201,67;
ANNE PAIVA DE ALENCAR;COORDENADORIA DE ADMINISTRACAO;A.OPE-III;; ESTATUTARIO;1350,19;;1350,19;148,52;1201,67;
ANSELMO LIRA FERREIRA;CORREGEDORIA GER.SIST.SEG.PUB.;SARGENTO 3;FG-1 CH DE SETOR; ESTATUTARIO;2400,00;;2400,00;;2400,00;
ANTHONY COELHO DE ANDRADE;CORREGEDORIA GER.SIST.SEG.PUB.;SOLDADO 1;GRATIF. ATIV. CORREG; ESTATUTARIO;1240,00;;1240,00;;1240,00;
ANTONIO ALVES DOS SANTOS;GABINETE DO SECRETARIO;CAPITAO;ASSESSOR 1 AD 1; ESTATUTARIO;5000,00;;5000,00;360,90;4639,10;
ANTONIO AUGUSTO MENDONCA FERREIRA;GABINETE DO SECRETARIO;ASSESSOR III;; CARGO COMISSION.S/VINCULO;2195,80;;2195,80;197,62;1998,18;
ANTONIO BARBOSA GESTA NETO;GABINETE DO SECRETARIO;SUBGERENTE;; CARGO COMISSION.S/VINCULO;3191,80;;3191,80;422,40;2769,40;
ANTONIO CARLOS VALENTE DE SOUZA;SECRET.EXEC.ADJ.DE INTELIGEN.;INVESTIGADOR DE POL.CL.ESPECIAL;GERENTE AD-2; ESTATUTARIO;4000,00;;4000,00;159,88;3840,12;
ANTONIO FELIPE PEREIRA DE SOUZA;GABINETE DO SECRETARIO;INVEST.DE POL. 4A.CL. PC-INV.IV;CHEFE DE DEPTO. AD-1; ESTATUTARIO;5000,00;;5000,00;505,64;4494,36;
ANTONIO FERREIRA MOTTA;COORDENADORIA DE ADMINISTRACAO;A.OPE-III;; ESTATUTARIO;1350,19;;1350,19;148,52;1201,67;
ANTONIO GELSON DE O NASCIMENTO;GABINETE DO SECRETARIO;GERENTE DO IESP E CAMPUS ENSIN.AD-2;; CARGO COMISSION.S/VINCULO;4209,79;;4209,79;670,28;3539,51;
ANTONIO JEFFERSON SILVA DE CARVALHO;CORREGEDORIA GER.SIST.SEG.PUB.;SARGENTO 3;FG-1, CHEFE DE SECRE; ESTATUTARIO;2400,00;;2400,00;22,98;2377,02;
ANTONIO JOSE DA CONCEICAO SANTAREM;CORREGEDORIA GER.SIST.SEG.PUB.;TENENTE CORONEL;CORREG.AUXILIAR; ESTATUTARIO;9000,00;22,96;8977,04;1442,91;7534,13;
ANTONIO LIMA ARAUJO;GABINETE DO SECRETARIO;SUBGERENTE DO CAMPUS DE ENS.AD-3;; CARGO COMISSION.S/VINCULO;2195,80;;2195,80;197,62;1998,18;
ARI BRAZ NUNES;COORDENADORIA DE ADMINISTRACAO;A.OPE-III;; ESTATUTARIO;954,00;;954,00;149,53;804,47;
ARI REGO DA SILVA;SEC.EEXC.ADJ.PLAN.GES.INT.SEG.;SOLDADO;ASSESSOR III,AD-3; ESTATUTARIO;3000,00;;3000,00;95,20;2904,80;
ARIANE COSTA PEREIRA;COORDENADORIA DE ADMINISTRACAO;A.OPE-III;; ESTATUTARIO;1350,19;;1350,19;148,52;1201,67;
ARINETE BARBOSA DE MACEDO;COORDENADORIA DE ADMINISTRACAO;AGENTE ADMINISTRATIVO 1A CLASSE;; ESTATUTARIO;3755,18;;3755,18;308,74;3446,44;
ARNALDO LIMA DO NASCIMENTO;CORREGEDORIA GER.SIST.SEG.PUB.;CABO;GRATIF. ATIV. CORREG; ESTATUTARIO;1240,00;;1240,00;;1240,00;
ARTHUR FILIPE FREITAS SOUZA;COORDENADORIA DE ADMINISTRACAO;A.OPE-III;; ESTATUTARIO;1800,25;;1800,25;148,52;1651,73;
ARTHUR FRANCISCO DOS SANTOS V CRUZ;SECRET.EXEC.ADJ.DE INTELIGEN.;ESCRIVAO DE POL.4A.CL. PC-ESC-IV;FUNCAO GRATIF. FG-2; ESTATUTARIO;1900,00;;1900,00;;1900,00;
ASTRID MARIA ALMEIDA N SILVA;COORDENADORIA DE ADMINISTRACAO;A.TEC-I;CHEFE DA CONTABILID; ESTATUTARIO;3084,26;;3084,26;215,13;2869,13;
AUGUSTO AUDRIN CARVALHO GOMES;SEC.EEXC.ADJ.PLAN.GES.INT.SEG.;ASSESSOR II;; CARGO COMISSION.S/VINCULO;8419,58;;8419,58;1896,27;6523,31;
AUGUSTO PEDRO ALVES VIANA;COORDENADORIA DE ADMINISTRACAO;A.TEC-I;; ESTATUTARIO;4350,34;;4350,34;476,49;3873,85;
BIANCA DA SILVA ARAUJO GEBER;CORREGEDORIA GER.SIST.SEG.PUB.;INVEST.DE POL. 4A.CL. PC-INV.IV;GAC; ESTATUTARIO;1240,00;;1240,00;;1240,00;
BRENHDA LISSA CAVALCANTE CAMPOS;GABINETE DO SECRETARIO;SUBGERENTE AD-3;; CARGO COMISSION.S/VINCULO;3191,80;;3191,80;422,40;2769,40;
BRENNER MIRANDA CIDADE;COORDENADORIA DE ADMINISTRACAO;A.OPE-III;; ESTATUTARIO;1350,19;;1350,19;148,52;1201,67;
BRUNO ALENCAR DE V D SARAIVA;GABINETE DO SECRETARIO;SUBGERENTE AD-3;; CARGO COMISSION.S/VINCULO;3191,80;;3191,80;422,40;2769,40;
BRUNO CEZAR ROCHA DA SILVA;COORDENADORIA DE ADMINISTRACAO;A.OPE-III;; ESTATUTARIO;1480,91;;1480,91;148,52;1332,39;
BRUNO KAIK COSTA DA SILVA;COORDENADORIA DE ADMINISTRACAO;A.OPE-III;; ESTATUTARIO;1480,48;;1480,48;148,52;1331,96;
BRUNO PATRICIO DE AZEVEDO CAMPOS;GABINETE DO SECRETARIO;MAJOR;ASSESSOR I AD-1; ESTATUTARIO;5000,00;;5000,00;403,55;4596,45;
CAMILA BARBOSA ROSAS;GABINETE DO SECRETARIO;ASSESSOR I;; CARGO COMISSION.S/VINCULO;5229,77;;5229,77;986,40;4243,37;
CAMILA FARIAS SILVA;COORDENADORIA DE ADMINISTRACAO;A.OPE-III;; ESTATUTARIO;1350,19;;1350,19;148,52;1201,67;
CAMILLE GOMES PESSOA;COORDENADORIA DE ADMINISTRACAO;A.OPE-III;; ESTATUTARIO;1350,19;;1350,19;148,52;1201,67;
CARLA ALFAIA BORDONI;COORDENADORIA DE ADMINISTRACAO;A.OPE-III;; ESTATUTARIO;1350,19;;1350,19;148,52;1201,67;
CARLA CHRISTINE DE AGUIAR C ARAGAO;GABINETE DO SECRETARIO;GERENTE DO IESP E CAMPUS ENSIN.AD-2;; CARGO COMISSION.S/VINCULO;5613,05;;5613,05;1121,87;4491,18;
CARLA DA SILVA PASSOS BEZERRA;GABINETE DO SECRETARIO;SOLDADO;FG-1; ESTATUTARIO;2400,00;;2400,00;37,20;2362,80;
CARLA JOSEPHINA MIRANDA BIAGGI;CORREGEDORIA GER.SIST.SEG.PUB.;DELEGADO DE POLIC. 3A.CL.PC-DEL.III;JETOM; ESTATUTARIO;3000,00;;3000,00;67,98;2932,02;
CARLOS EDUARDO PEREIRA DOS SANTOS;COORDENADORIA DE ADMINISTRACAO;A.OPE-III;; ESTATUTARIO;1350,19;;1350,19;148,52;1201,67;
CARLOS EDUARDO SILVA DE OLIVEIRA;SEC.EEXC.ADJ.PLAN.GES.INT.SEG.;MAJOR;CHEFE DE DEPARTAM; ESTATUTARIO;10000,00;;10000,00;1724,23;8275,77;
CARLOS SANDRO LIBORIO FROTA;GABINETE DO SECRETARIO;SUBGERENTE AD-3;; CARGO COMISSION.S/VINCULO;3191,80;;3191,80;422,40;2769,40;
CAROLINA MARINI DA SILVA KANITZ;GABINETE DO SECRETARIO;GERENTE;GERENTE AD 2; CARGO COMISSION.S/VINCULO;4209,79;;4209,79;670,28;3539,51;
CAROLINA PEREIRA SILVA;COORDENADORIA DE ADMINISTRACAO;A.OPE-III;; ESTATUTARIO;1350,19;;1350,19;148,52;1201,67;
CAROLINE KIMURA LIRA;COORDENADORIA DE ADMINISTRACAO;A.OPE-III;; ESTATUTARIO;1350,19;;1350,19;148,52;1201,67;
CAROLINE SOARES ALVES;COORDENADORIA DE ADMINISTRACAO;A.OPE-III;; ESTATUTARIO;1800,25;;1800,25;148,52;1651,73;
CASSIA BRENDA PLACIDO CORDEIRO;GABINETE DO SECRETARIO;SUBGERENTE AD-3;; CARGO COMISSION.S/VINCULO;3191,80;;3191,80;422,40;2769,40;
CELSO MARTINS DO NASCIMENTO FILHO;GABINETE DO SECRETARIO;SOLDADO;GERENTE AD2; ESTATUTARIO;3000,00;;3000,00;95,20;2904,80;
CESAR AUGUSTO CARVALHO CUNHA;SECRET.EXEC.ADJ.DE INTELIGEN.;INVEST.DE POL. 4A.CL. PC-INV.IV;GERENTE AD 2; ESTATUTARIO;4000,00;;4000,00;263,87;3736,13;
CINTIA PINHEIRO DOS SANTOS;CORREGEDORIA GER.SIST.SEG.PUB.;CORREGEDOR AUXILIAR;CORREGEDOR AUXILIAR; CARGO COMISSION.S/VINCULO;9000,00;;9000,00;2055,89;6944,11;
CIRO GOMES FREITAS JUNIOR;SECRET.EXEC.ADJ.DE INTELIGEN.;GERENTE;GERENTE AD 2; CARGO COMISSION.S/VINCULO;3209,79;;3209,79;426,78;2783,01;
CLAIDE CONCEICAO CORREA DA COSTA;COORDENADORIA DE ADMINISTRACAO;A.OPE-III;; ESTATUTARIO;1375,99;;1375,99;148,52;1227,47;
CLAUDEMARA ALBANO GUIMARAES;CORREGEDORIA GER.SIST.SEG.PUB.;INVESTIGADOR DE POL.CL.ESPECIAL;ASSESOR I AD-1; ESTATUTARIO;5000,00;;5000,00;403,55;4596,45;
CLAUDIA ROBERTA DA SILVA DEZINCOURT;OUVIDORIA DO SIST.DE SEG.PUB;CABO;; ESTATUTARIO;379,94;;379,94;;379,94;
CLAUDIA VALENTE DE OLIVEIRA;CORREGEDORIA GER.SIST.SEG.PUB.;ESCRIVAO DE POL.2A.CL. PC-ESC-II;FG-1, CHEFE DE SECRE; ESTATUTARIO;2400,00;;2400,00;22,98;2377,02;
CLAYBIANE VIEIRA DA CUNHA;COORDENADORIA DE ADMINISTRACAO;A.OPE-III;; ESTATUTARIO;1427,59;;1427,59;148,52;1279,07;
CLEACI GERTRUDES DE ANDRADE;SECRET.EXEC.ADJ.DE INTELIGEN.;TENENTE CORONEL;ASSESSOR AD-1; ESTATUTARIO;5000,00;;5000,00;360,90;4639,10;
CLEIDE LANA CARNEIRO DE MORAES;GRUPO DE RESPOSTA TATICA;SOLDADO;FG1; ESTATUTARIO;2400,00;;2400,00;37,20;2362,80;
CLEVER GLORIA DE LIMA;COORDENADORIA DE ADMINISTRACAO;A.OPE-III;; ESTATUTARIO;1350,19;;1350,19;148,52;1201,67;
CLEYCE SOARES DE VASCONCELOS;CORREGEDORIA GER.SIST.SEG.PUB.;CABO;GAC; ESTATUTARIO;1240,00;;1240,00;;1240,00;
CRISTIANO BELEM ARAUJO;COORDENADORIA DE ADMINISTRACAO;A.OPE-III;; ESTATUTARIO;1827,34;;1827,34;148,52;1678,82;
DANIEL CASTRO FERREIRA;COORDENADORIA DE ADMINISTRACAO;A.OPE-III;; ESTATUTARIO;1800,25;;1800,25;148,52;1651,73;
DANIEL MAGALHAES AZEVEDO;COORDENADORIA DE ADMINISTRACAO;A.OPE-III;; ESTATUTARIO;1350,19;;1350,19;148,52;1201,67;
DANIEL OLIVEIRA DEL CASTILO;GABINETE DO SECRETARIO;SUBGERENTE AD-3;; CARGO COMISSION.S/VINCULO;3191,80;;3191,80;422,40;2769,40;
DANIEL QUEIROZ DE MORAES;GABINETE DO SECRETARIO;ASPIRANTE OFICIAL;GERENTE AD-2; ESTATUTARIO;4000,00;;4000,00;263,87;3736,13;
DANIEL SOARES SEABRA;COORDENADORIA DE ADMINISTRACAO;A.OPE-III;; ESTATUTARIO;1444,79;;1444,79;148,52;1296,27;
DANIEL WILSON GOMES MATOS;COORDENADORIA DE ADMINISTRACAO;A.OPE-III;; ESTATUTARIO;1906,89;;1906,89;118,82;1788,07;
DANIEL YURI DA ROCHA MOURA;COORDENADORIA DE ADMINISTRACAO;A.OPE-III;; ESTATUTARIO;1377,28;;1377,28;148,52;1228,76;
DANIELE VIEIRA BARBOSA;SECRET.EXEC.ADJ.DE INTELIGEN.;GERENTE;; CARGO COMISSION.S/VINCULO;4209,79;;4209,79;670,28;3539,51;
DANIELLY CRISTINA VAZ M FOUQUET;COORDENADORIA DE ADMINISTRACAO;A.OPE-III;; ESTATUTARIO;1800,25;;1800,25;148,52;1651,73;
DANIELLY DA SILVA ALENCAR TAPAJOS;CORREGEDORIA GER.SIST.SEG.PUB.;SARGENTO 3;JETOM; ESTATUTARIO;3000,00;;3000,00;95,20;2904,80;
DANILO CESAR PEREIRA E SILVA;COORDENADORIA DE ADMINISTRACAO;A.OPE-III;; ESTATUTARIO;1350,19;;1350,19;108,92;1241,27;
DANILO SILVA MORAES;GRUPO DE RESPOSTA TATICA;SOLDADO;FG-1; ESTATUTARIO;2400,00;;2400,00;37,20;2362,80;
DANIZIO VALENTE GONCALVES NETO;CORREGEDORIA GER.SIST.SEG.PUB.;TENENTE CORONEL;CORREGEDOR AUXILIAR; ESTATUTARIO;9000,00;873,62;8126,38;1156,85;6969,53;
DANNY CRISTINA FERREIRA DE LIMA;CORREGEDORIA GER.SIST.SEG.PUB.;SOLDADO;CH DPTMNTO AD1; ESTATUTARIO;5000,00;;5000,00;505,64;4494,36;
DARCILENE CABRAL GUIMARAES;SECRET.EXEC.ADJ.DE INTELIGEN.;SOLDADO 2;ASSESSOR III; ESTATUTARIO;2004,00;;2004,00;;2004,00;
DARCILENE DE SOUZA DIAS;SECRET.EXEC.ADJ.DE INTELIGEN.;ASSESSOR III;; CARGO COMISSION.S/VINCULO;2591,80;;2591,80;267,35;2324,45;
DARLY DOS SANTOS BELEM;SECRET.EXEC.ADJ.DE INTELIGEN.;GERENTE;; CARGO COMISSION.S/VINCULO;4209,79;;4209,79;670,28;3539,51;
DAVID FERREIRA DO NASCIMENTO;CORREGEDORIA GER.SIST.SEG.PUB.;ASSESSOR I;; CARGO COMISSION.S/VINCULO;5229,77;;5229,77;986,40;4243,37;
DAVID MARLON TORRES MARTINS;COORDENADORIA DE ADMINISTRACAO;A.OPE-III;; ESTATUTARIO;1827,34;;1827,34;143,57;1683,77;
DAYSE LIA ANDRADE DE ALMEIDA;CORREGEDORIA GER.SIST.SEG.PUB.;SOLDADO 1;GRATIF. ATIV. CORREG; ESTATUTARIO;1240,00;;1240,00;;1240,00;
DEBORA CHAGAS COSTA;COORDENADORIA DE ADMINISTRACAO;A.OPE-III;; ESTATUTARIO;1375,99;;1375,99;148,52;1227,47;
DEBORAH MESQUITA GURGEL;COORDENADORIA DE ADMINISTRACAO;A.OPE-III;; ESTATUTARIO;1800,25;;1800,25;148,52;1651,73;
DELICIA ALVES CALDAS;COORDENADORIA DE ADMINISTRACAO;AUX.S.G-I;FG-3; ESTATUTARIO;2225,28;;2225,28;149,22;2076,06;
DENIS ALVES DE SOUZA;SECRET.EXEC.ADJ.DE INTELIGEN.;ASSESSOR IV;; CARGO COMISSION.S/VINCULO;1877,61;;1877,61;168,98;1708,63;
DENIS ALVES PINHO;GABINETE DO SECRETARIO;DELEGADO DE POLICIA 4A.CL.PC-DEL-IV;GERENTE; ESTATUTARIO;4000,00;;4000,00;221,21;3778,79;
DENISE MAGALHAES DOS SANTOS;CORREGEDORIA GER.SIST.SEG.PUB.;ESCRIVAO DE POLICIA 1A.CL. PC-ESC-I;FG-1, CHEFE DE SETOR; ESTATUTARIO;2400,00;;2400,00;37,20;2362,80;
DENISE MICHELLE PEREIRA DE CASTRO;CORREGEDORIA GER.SIST.SEG.PUB.;SARGENTO 3;GRATIF. ATIV. CORREG; ESTATUTARIO;1240,00;;1240,00;;1240,00;
DIEGO DA SILVA TRINDADE;COORDENADORIA DE ADMINISTRACAO;A.OPE-III;; ESTATUTARIO;1350,19;;1350,19;148,52;1201,67;
DIEGO RANGEL ALVES GOMES;COORDENADORIA DE ADMINISTRACAO;A.OPE-III;; ESTATUTARIO;1350,19;;1350,19;148,52;1201,67;
DIEGO VIANA NOBREGA;COORDENADORIA DE ADMINISTRACAO;A.OPE-III;; ESTATUTARIO;1814,44;;1814,44;148,52;1665,92;
DILCINETE GUIMARAES;COORDENADORIA DE ADMINISTRACAO;A.OPE-III;; ESTATUTARIO;1384,16;;1384,16;148,52;1235,64;
DINANCI ALMEIDA DOS SANTOS;GABINETE DO SECRETARIO;DIRETOR DE CAMPUS AD-1;DIRETOR CAMPUS AD-1; CARGO COMISSION.S/VINCULO;5229,77;;5229,77;986,40;4243,37;
DIOGO ABREU DA SILVA;COORDENADORIA DE ADMINISTRACAO;A.OPE-III;; ESTATUTARIO;1462,85;;1462,85;148,52;1314,33;
DIOGO CRISTO DE AQUINO;COORDENADORIA DE ADMINISTRACAO;TNS-III;; ESTATUTARIO;2804,72;;2804,72;331,64;2473,08;
DISNEY PEREIRA BRAGANCA;SECRET.EXEC.ADJ.DE INTELIGEN.;INVEST.DE POL. 4A.CL. PC-INV.IV;SUB GERENTE AD-3; ESTATUTARIO;3000,00;;3000,00;67,98;2932,02;
DJUNA FARIAS FERREIRA;COORDENADORIA DE ADMINISTRACAO;A.OPE-III;; ESTATUTARIO;1350,19;;1350,19;148,52;1201,67;
DULCINEIRIA BATISTA DE FREITAS;SECRET.EXEC.ADJ.DE INTELIGEN.;ASSESSOR III;; CARGO COMISSION.S/VINCULO;3191,80;;3191,80;422,40;2769,40;
EDD JORGE DE LIMA JUNIOR;COORDENADORIA DE ADMINISTRACAO;A.OPE-III;; ESTATUTARIO;1350,19;;1350,19;148,52;1201,67;
EDILENE DE SOUZA GODINHO;GABINETE DO SECRETARIO;AGENTE ADMINISTRATIVO A - N.B.;ASSESSOR I AD-1; ESTATUTARIO;5636,16;;5636,16;786,15;4850,01;
EDILSON RODRIGUES MONTEIRO;CORREGEDORIA GER.SIST.SEG.PUB.;CHEFE DE UNIDADE AD-1;; CARGO COMISSION.S/VINCULO;5229,77;;5229,77;986,40;4243,37;
EDILVANE VIANA DA SILVA;AGENTES PUBLICOS TEMPORARIOS;AUXILIAR ADMINISTRATIVO;; SERVICO TEMPORARIO;1241,27;;1241,27;42,55;1198,72;
EDINO DOS SANTOS CORREA;CORREGEDORIA GER.SIST.SEG.PUB.;CHEFE DE UNIDADE AD-1;; CARGO COMISSION.S/VINCULO;5229,77;;5229,77;986,40;4243,37;
EDIVALDA LEAL SILVA;CORREGEDORIA GER.SIST.SEG.PUB.;CHEFE DE DEPARTAMENTO;; CARGO COMISSION.S/VINCULO;5229,77;;5229,77;986,40;4243,37;
EDIVALDO BASTOS DOS SANTOS;GABINETE DO SECRETARIO;SUBGERENTE DO CAMPUS DE ENS.AD-3;; CARGO COMISSION.S/VINCULO;3191,80;;3191,80;422,40;2769,40;
EDIZIA DE SOUZA BRANDAO;GRUPO DE RESPOSTA TATICA;SOLDADO;FUNCAO GRATIF.FG 1; ESTATUTARIO;2400,00;;2400,00;22,98;2377,02;
EDLENE CORREIA PINHEIRO;CORREGEDORIA GER.SIST.SEG.PUB.;PERITO CRIMINAL 2A.CL. PC.P.CRI-II;JETOM; ESTATUTARIO;3000,00;306,74;2693,26;30,76;2662,50;
EDMEIA DA SILVA HOLANDA;GABINETE DO SECRETARIO;GERENTE DO IESP E CAMPUS ENSIN.AD-2;; CARGO COMISSION.S/VINCULO;4209,79;;4209,79;610,35;3599,44;
EDUARDO GOMES MESQUITA;COORDENADORIA DE ADMINISTRACAO;A.OPE-III;; ESTATUTARIO;954,00;;954,00;149,53;804,47;
EDUARDO LISBOA SANTIAGO;GRUPO DE RESPOSTA TATICA;SOLDADO;FG-1; ESTATUTARIO;3200,00;;3200,00;125,20;3074,80;
EDUARDO LUIZ FELIPE NONATO BRAGA;COORDENADORIA DE ADMINISTRACAO;A.OPE-III;; ESTATUTARIO;1350,19;;1350,19;123,77;1226,42;
EDUARDO PENAFORT NOBRE DE FREITAS;COORDENADORIA DE ADMINISTRACAO;TNS-III;; ESTATUTARIO;2844,76;;2844,76;351,86;2492,90;
EDWIN SCHRODER JUNIOR;CORREGEDORIA GER.SIST.SEG.PUB.;ASSESSOR I;ASSESSOR AD 1; CARGO COMISSION.S/VINCULO;5229,77;;5229,77;986,40;4243,37;
ELAINE CRISTINA A OLIVEIRA;GABINETE DO SECRETARIO;ASSESSOR III;ASSESSOR III AD-3; CARGO COMISSION.S/VINCULO;3191,80;;3191,80;422,40;2769,40;
ELANE MOURA BELOTA;GABINETE DO SECRETARIO;PROFESSOR PF20.LPL-IV;OUVIDOR-GERAL; ESTATUTARIO;11777,81;;11777,81;2519,29;9258,52;
ELDILEIA SENA DE OLIVEIRA;COORDENADORIA DE ADMINISTRACAO;A.OPE-III;; ESTATUTARIO;1350,19;;1350,19;138,62;1211,57;
ELEN BELCHIOR RIBEIRO;GABINETE DO SECRETARIO;CABO;GERENTE DO IESP; ESTATUTARIO;4000,00;;4000,00;263,87;3736,13;
ELIANA OLIVEIRA MOUZINHO;COORDENADORIA DE ADMINISTRACAO;A.TEC-I;; ESTATUTARIO;2412,34;;2412,34;183,60;2228,74;
ELIANE DE FREITAS DOS SANTOS;COORDENADORIA DE ADMINISTRACAO;A.TEC-I;GRATIF. ATIV. CORREG; ESTATUTARIO;3824,99;;3824,99;251,94;3573,05;
ELIAS DA SILVA CORREA;CORREGEDORIA GER.SIST.SEG.PUB.;MAJOR;CHEFE DE DEPTO. AD-1; ESTATUTARIO;416,66;;416,66;;416,66;
ELIAS QUEIROZ DE CASTRO;SEC.EEXC.ADJ.PLAN.GES.INT.SEG.;SOLDADO;ASSESSOR III AD-3; ESTATUTARIO;283,66;;283,66;;283,66;
ELIDA NAZARE GIBBS DOS SANTOS;CORREGEDORIA GER.SIST.SEG.PUB.;TENENTE 2;JETOM; ESTATUTARIO;3000,00;;3000,00;53,76;2946,24;
ELIELCIO GEORGE CATETE CHAVES;CORREGEDORIA GER.SIST.SEG.PUB.;PRESIDENTE DO CONS.DE PERM.DE JUST.;; CONSELHO;4240,00;;4240,00;317,87;3922,13;
ELIENAI DA ENCARNAÇÃO SOUZA;COORDENADORIA DE ADMINISTRACAO;A.OPE-III;; ESTATUTARIO;1427,59;;1427,59;148,52;1279,07;
ELINAI SALES DA CONCEICAO;GABINETE DO SECRETARIO;SUBGERENTE AD-3;; CARGO COMISSION.S/VINCULO;1530,80;;1530,80;122,46;1408,34;
ELISANGELA ANDRADE MACHADO;GABINETE DO SECRETARIO;GERENTE;; CARGO COMISSION.S/VINCULO;4209,79;;4209,79;670,28;3539,51;
ELIZABETH CRISTINA BRITO VALE;GABINETE DO SECRETARIO;INVEST.DE POL. 4A.CL. PC-INV.IV;SUBGE.CAM.ENS.AD3; ESTATUTARIO;3000,00;;3000,00;80,21;2919,79;
ELIZEU DE SOUZA COSTA;GABINETE DO SECRETARIO;SARGENTO 3;GER.IESP CAMP.ENS; ESTATUTARIO;3000,00;;3000,00;67,98;2932,02;
ELTON ALDEMAR DA COSTA VALE;GABINETE DO SECRETARIO;CABO;GRAT.ATIV.CORREG.GAC; ESTATUTARIO;1240,00;;1240,00;;1240,00;
ELZA MARIA FERRAZ ALECRIM;COORDENADORIA DE ADMINISTRACAO;A.TEC-II;FG-2; ESTATUTARIO;4941,46;;4941,46;606,14;4335,32;
ELZILENE DA SILVA MARQUES;SECRET.EXEC.ADJ.DE INTELIGEN.;INVEST.DE POL.2A.CL. PC-INV-II;GERENTE, AD-2; ESTATUTARIO;4000,00;;4000,00;263,87;3736,13;
EMILIA FERRAZ CARVALHO MOREIRA;CORREGEDORIA GER.SIST.SEG.PUB.;DELEGADO DE POLICIA 2A.CL.PC-DEL-II;CH.DE DPTO.AD-1; ESTATUTARIO;2400,00;68,06;2331,94;;2331,94;
EMILLY DO NASCIMENTO DANTAS;GABINETE DO SECRETARIO;ESCRIVAO DE POL.4A.CL. PC-ESC-IV;FG-2; ESTATUTARIO;1900,00;;1900,00;;1900,00;
EPITACIO CONSENTINE GASPAR;COORDENADORIA DE ADMINISTRACAO;TNS-III;; ESTATUTARIO;2814,73;;2814,73;346,61;2468,12;
ERICK LEAO PEREIRA;SECRET.EXEC.ADJ.DE INTELIGEN.;SOLDADO;FG-2; ESTATUTARIO;1900,00;;1900,00;;1900,00;
ERICK RIBEIRO COSTA;COORDENADORIA DE ADMINISTRACAO;A.OPE-III;; ESTATUTARIO;1350,19;;1350,19;148,52;1201,67;
ERIK EMANOEL DOS SANTOS XAVIER;COORDENADORIA DE ADMINISTRACAO;A.OPE-III;; ESTATUTARIO;1378,57;;1378,57;148,52;1230,05;
ERIK NASCIMENTO RIBEIRO;GRUPO DE RESPOSTA TATICA;INVEST.DE POL. 3A.CL. PC-INV-III;FUNCAO GRAT, FG-1; ESTATUTARIO;2400,00;;2400,00;;2400,00;
ERIKA EDUARDA DE PAULA DO CARMO;COORDENADORIA DE ADMINISTRACAO;A.OPE-III;; ESTATUTARIO;1350,19;;1350,19;148,52;1201,67;
ERIKSON DA SILVA ANDRADE;GABINETE DO SECRETARIO;SUBGERENTE DO CAMPUS DE ENS.AD-3;; CARGO COMISSION.S/VINCULO;2195,80;;2195,80;197,62;1998,18;
ERIKSON MOUTA DE AGUIAR MEIRELES;COORDENADORIA DE ADMINISTRACAO;TNS-III;; ESTATUTARIO;2814,73;;2814,73;349,61;2465,12;
ERIVALDO DA SILVA PINTO;COORDENADORIA DE ADMINISTRACAO;A.OPE-III;; ESTATUTARIO;1350,19;;1350,19;148,52;1201,67;
ERIVALDO VASCONCELOS E SILVA;GABINETE DO SECRETARIO;SARGENTO 2;GERENTE IESP AD2; ESTATUTARIO;4000,00;;4000,00;159,88;3840,12;
ESTER HADASSA LIRA DE SOUZA;COORDENADORIA DE ADMINISTRACAO;A.OPE-III;; ESTATUTARIO;1350,19;;1350,19;148,52;1201,67;
EUDIS SILVA ALBUQUERQUE;CORREGEDORIA GER.SIST.SEG.PUB.;TENENTE 1;JETOM; ESTATUTARIO;4240,00;;4240,00;195,88;4044,12;
EVANDRO ELIAS DO NASCIMENTO;CORREGEDORIA GER.SIST.SEG.PUB.;AGENTE DE CORREGEDORIA;; CARGO COMISSION.S/VINCULO;2480,00;;2480,00;43,20;2436,80;
EVANDRO LUIS DIOGO PANTOJA FILHO;SECRET.EXEC.ADJ.DE INTELIGEN.;INVEST.DE POL. 4A.CL. PC-INV.IV;ASSESSOR III AD3; ESTATUTARIO;4504,00;;4504,00;;4504,00;
EVERTON DO VALE SOUZA;COORDENADORIA DE ADMINISTRACAO;A.OPE-III;; ESTATUTARIO;1350,19;;1350,19;148,52;1201,67;
EVILENE OLIVEIRA LIMA;COORDENADORIA DE ADMINISTRACAO;A.TEC-I;FG-2; ESTATUTARIO;3692,87;;3692,87;314,58;3378,29;
EWANUBIA DA SILVA RIBEIRO;GABINETE DO SECRETARIO;SOLDADO;GERENTE AD 2; ESTATUTARIO;4000,00;;4000,00;263,87;3736,13;
FABIANA VASQUES BONFIM;GABINETE DO SECRETARIO;SUBGERENTE DO CAMPUS DE ENS.AD-3;; CARGO COMISSION.S/VINCULO;3191,80;;3191,80;422,40;2769,40;
FABIANO BARROSO E SILVA;SECRET.EXEC.ADJ.DE INTELIGEN.;INVEST.DE POL. 4A.CL. PC-INV.IV;ASSESSOR III AD-3; ESTATUTARIO;2004,00;;2004,00;;2004,00;
FABIANO FALABELLA VEIGA;CORREGEDORIA GER.SIST.SEG.PUB.;DELEGADO DE POLICIA 4A.CL.PC-DEL-IV;JETOM; ESTATUTARIO;4240,00;;4240,00;317,87;3922,13;
FABIO HONDA NASCIMENTO;SEC.EEXC.ADJ.PLAN.GES.INT.SEG.;MAJOR;CH.DEPART.AD-1; ESTATUTARIO;5000,00;;5000,00;505,64;4494,36;
FABIO OLIVEIRA GOMES;CORREGEDORIA GER.SIST.SEG.PUB.;DELEGADO DE POLICIA 4A.CL.PC-DEL-IV;JETOM; ESTATUTARIO;4240,00;;4240,00;232,55;4007,45;
FABIO PACHECO DA SILVA;SEC.EEXC.ADJ.PLAN.GES.INT.SEG.;TENENTE CORONEL;COORDENADOR; ESTATUTARIO;7000,00;269,22;6730,78;825,19;5905,59;
FABIOLA ESTHER QUEIROZ DE OLIVEIRA;CORREGEDORIA GER.SIST.SEG.PUB.;DELEGADO DE POLIC. 3A.CL.PC-DEL.III;PRESIDENTE CPDCG; ESTATUTARIO;4240,00;;4240,00;317,87;3922,13;
FATIMA MALVEIRA GOMES;CORREGEDORIA GER.SIST.SEG.PUB.;ESCRIVAO DE POL.3A.CL. PC-ESC-III;FG-1, CHEFE DE SECRE; ESTATUTARIO;2400,00;;2400,00;37,20;2362,80;
FELIPE BENETTON JARDIM;SEC.EEXC.ADJ.PLAN.GES.INT.SEG.;SOLDADO;FG-2; ESTATUTARIO;3800,00;;3800,00;218,87;3581,13;
FELIPE DUARTE DE SEIXAS;GABINETE DO SECRETARIO;GERENTE;; CARGO COMISSION.S/VINCULO;3209,79;;3209,79;426,78;2783,01;
FELIPE GARCIA;COORDENADORIA DE ADMINISTRACAO;A.OPE-III;; ESTATUTARIO;1375,99;;1375,99;148,52;1227,47;
FELISMINA SILVA RIBEIRO;GABINETE DO SECRETARIO;INVESTIGADOR DE POL.CL.ESPECIAL;SUBG.CAMPUS ENS.AD-3; ESTATUTARIO;2004,00;;2004,00;;2004,00;
FERNANDA DE OLIVEIRA LIMA;COORDENADORIA DE ADMINISTRACAO;A.OPE-III;; ESTATUTARIO;1350,19;;1350,19;148,52;1201,67;
FLAVIA CRISTINA CAVALCANTE DO REGO;GABINETE DO SECRETARIO;SUBGERENTE DO CAMPUS DE ENS.AD-3;; CARGO COMISSION.S/VINCULO;3191,80;;3191,80;422,40;2769,40;
FLAVIA FREIRE DE OLIVEIRA LUZ;GABINETE DO SECRETARIO;GERENTE DO IESP E CAMPUS ENSIN.AD-2;GER DO IESP E CAMPUS; CARGO COMISSION.S/VINCULO;4209,79;;4209,79;670,28;3539,51;
FLAVIO PINHEIRO LANGBECK;CORREGEDORIA GER.SIST.SEG.PUB.;INVEST.DE POL. 4A.CL. PC-INV.IV;CHEFE DE UNIDADE AD1; ESTATUTARIO;5000,00;;5000,00;505,64;4494,36;
FORTUNATO MAURO TEIXEIRA;CORREGEDORIA GER.SIST.SEG.PUB.;ESCRIVAO DE POLICIA 1A.CL. PC-ESC-I;FG-1, CHEFE DE SECRE; ESTATUTARIO;2400,00;;2400,00;37,20;2362,80;
FRANCIANY FREITAS DOS SANTOS;COORDENADORIA DE ADMINISTRACAO;A.OPE-III;; ESTATUTARIO;1377,28;;1377,28;148,52;1228,76;
FRANCISCA SIDIVANE R GUIMARAES;GABINETE DO SECRETARIO;GERENTE;; CARGO COMISSION.S/VINCULO;4209,79;;4209,79;670,28;3539,51;
FRANCISCO ALBERTO DE MATTOS BARBOSA;CORREGEDORIA GER.SIST.SEG.PUB.;PRESIDENTE DO CON.PERMAN.DISCIPLIN.;JETOM; CONSELHO;4240,00;;4240,00;317,87;3922,13;
FRANCISCO ALDEMAR ALMEIDA DE ASSIS;GABINETE DO SECRETARIO;ASSESSOR II;; CARGO COMISSION.S/VINCULO;3209,79;;3209,79;426,78;2783,01;
FRANCISCO BERGSON PEREIRA DA SILVA;GABINETE DO SECRETARIO;CORONEL;DIRETOR GERAL IIESP; ESTATUTARIO;8000,00;542,93;7457,07;1024,92;6432,15;
FRANCISCO CLENILSON DE J CORDEIRO;SECRET.EXEC.ADJ.DE INTELIGEN.;INVEST.DE POL. 4A.CL. PC-INV.IV;GERENTE AD-2; ESTATUTARIO;3000,00;;3000,00;53,76;2946,24;
FRANCISCO GLADSON DA SILVA;GABINETE DO SECRETARIO;SUBGERENTE DO CAMPUS DE ENS.AD-3;SUBG.CAMP.ENS.AD3; CARGO COMISSION.S/VINCULO;2195,80;;2195,80;197,62;1998,18;
FRANCIVALDO GOMES TAVARES;COORDENADORIA DE ADMINISTRACAO;A.OPE-III;; ESTATUTARIO;1350,19;;1350,19;148,52;1201,67;
FRANCY PEREIRA MARTINS;CORREGEDORIA GER.SIST.SEG.PUB.;ESCRIVAO DE POLICIA 1A.CL. PC-ESC-I;FG-1, CHEFE DE SECRE; ESTATUTARIO;2400,00;;2400,00;;2400,00;
FRANK TAVARES DA SILVA;SECRET.EXEC.ADJ.DE INTELIGEN.;SUBGERENTE AD-3;SUBGERENTE; CARGO COMISSION.S/VINCULO;2591,80;;2591,80;267,35;2324,45;
GABRIEL DO NASCIMENTO BATISTA;COORDENADORIA DE ADMINISTRACAO;A.OPE-III;; ESTATUTARIO;1422,43;;1422,43;148,52;1273,91;
GABRIEL PAES BARRETO DO N OLIVEIRA;GABINETE DO SECRETARIO;GERENTE;GERENTE AD-2; CARGO COMISSION.S/VINCULO;4209,79;;4209,79;670,28;3539,51;
GABRIEL ROLLEMBERG DE ASSIS BOMFIM;COORDENADORIA DE ADMINISTRACAO;A.OPE-III;; ESTATUTARIO;1350,19;;1350,19;148,52;1201,67;
GARDENE TAVARES DA SILVA;COORDENADORIA DE ADMINISTRACAO;A.OPE-III;; ESTATUTARIO;1350,19;;1350,19;148,52;1201,67;
GEDEAN DE SOUZA CRUZ;CORREGEDORIA GER.SIST.SEG.PUB.;SOLDADO;GRATIF. ATIV. CORREG; ESTATUTARIO;1240,00;;1240,00;;1240,00;
GEONILDO SANTOS DE SOUZA;GABINETE DO SECRETARIO;CABO;FUNÇÃO GRATIF, GF-1; ESTATUTARIO;2400,00;;2400,00;22,98;2377,02;
GEORGIA SOARES PEREIRA CAVALCANTI;GABINETE DO SECRETARIO;DELEGADO DE POLICIA 4A.CL.PC-DEL-IV;DIRETOR CAMPUS AD-1; ESTATUTARIO;5000,00;;5000,00;453,50;4546,50;
GERALDINO CASTRO SILVA;CORREGEDORIA GER.SIST.SEG.PUB.;SOLDADO 1;GRATIF. ATIV. CORREG; ESTATUTARIO;1240,00;;1240,00;;1240,00;
GERALDO MARIA MAGELA ROCHA FONSECA;GABINETE DO SECRETARIO;GERENTE;; CARGO COMISSION.S/VINCULO;3209,79;;3209,79;426,78;2783,01;
GERVAZIO DA SILVA PEREIRA;COORDENADORIA DE ADMINISTRACAO;AUX.S.G-I;FG-3; ESTATUTARIO;3821,31;;3821,31;315,97;3505,34;
GILBERTO GALVAO DO NASCIMENTO NETO;SECRET.EXEC.ADJ.DE INTELIGEN.;ASSESSOR III;; CARGO COMISSION.S/VINCULO;2591,80;;2591,80;267,35;2324,45;
GILBERTO PEREIRA DA SILVA JUNIOR;COORDENADORIA DE ADMINISTRACAO;A.OPE-III;; ESTATUTARIO;1350,19;;1350,19;148,52;1201,67;
GILMAR MAIA PEREIRA;COORDENADORIA DE ADMINISTRACAO;A.OPE-III;; ESTATUTARIO;1377,28;;1377,28;148,52;1228,76;
GIMERSON ALMEIDA CAVALCANTE;COORDENADORIA DE ADMINISTRACAO;A.OPE-III;; ESTATUTARIO;1350,19;;1350,19;148,52;1201,67;
GIOVANNA CAETANO AZEVEDO;GABINETE DO SECRETARIO;GERENTE;; CARGO COMISSION.S/VINCULO;4209,79;;4209,79;670,28;3539,51;
GIOVANNI FIGLIUOLO NETTO;GABINETE DO SECRETARIO;SUBGERENTE AD-3;; CARGO COMISSION.S/VINCULO;3191,80;;3191,80;422,40;2769,40;
GISELE ALELUIA DA SILVA;GABINETE DO SECRETARIO;ASSESSOR II;; CARGO COMISSION.S/VINCULO;4209,79;;4209,79;670,28;3539,51;
GIULLIANA MENDES MARIALVA;COORDENADORIA DE ADMINISTRACAO;A.OPE-III;; ESTATUTARIO;1350,19;;1350,19;148,52;1201,67;
GLADSTON LEITE SANTOS;COORDENADORIA DE ADMINISTRACAO;A.OPE-III;; ESTATUTARIO;1367,39;;1367,39;148,52;1218,87;
GLAUBER AMORIM DE CARVALHO;SECRET.EXEC.ADJ.DE INTELIGEN.;SOLDADO;ASSESSOR III AD-3; ESTATUTARIO;3000,00;;3000,00;39,54;2960,46;
GLAUBER MONTEIRO VELOSO;COORDENADORIA DE ADMINISTRACAO;A.OPE-III;; ESTATUTARIO;1427,59;;1427,59;148,52;1279,07;
GLAUCIANE LOPES DIAS;COORDENADORIA DE ADMINISTRACAO;A.OPE-III;; ESTATUTARIO;1350,19;;1350,19;148,52;1201,67;
GLAURIA DE ARAUJO LITAYFF;COORDENADORIA DE ADMINISTRACAO;A.OPE-III;; ESTATUTARIO;1517,60;;1517,60;158,42;1359,18;
GLEYCIANE NASCIMENTO DA SILVA;AGENTES PUBLICOS TEMPORARIOS;AUXILIAR TECNICO;AUX.TECNICO; SERVICO TEMPORARIO;88,00;;88,00;7,04;80,96;
GRACA FILIZOLA DE OLIVEIRA;COORDENADORIA DE ADMINISTRACAO;AUX.S.G-II;FG-2; ESTATUTARIO;4816,15;;4816,15;555,02;4261,13;
GRAZIELLA ROMAO MACIEL;COORDENADORIA DE ADMINISTRACAO;TNS-III;; ESTATUTARIO;2764,68;;2764,68;345,85;2418,83;
GUILHERME JOSE SETTE JUNIOR;CORREGEDORIA GER.SIST.SEG.PUB.;CAPITAO;ASSESSOR I AD-1; ESTATUTARIO;5000,00;;5000,00;360,90;4639,10;
GUSTAVO REBOUCAS DE LIMA;GABINETE DO SECRETARIO;INVEST.DE POL.2A.CL. PC-INV-II;GERENTE AD-2; ESTATUTARIO;4000,00;;4000,00;263,87;3736,13;
HADISON PEREIRA DE SOUZA;COORDENADORIA DE ADMINISTRACAO;A.OPE-III;; ESTATUTARIO;1350,19;;1350,19;148,52;1201,67;
HAINER ALBUQUERQUE DE FREITAS;CORREGEDORIA GER.SIST.SEG.PUB.;MEMBRO DE CONSELHO;JETOM; CONSELHO;4240,00;;4240,00;317,87;3922,13;
HANNA SOARES PINHEIRO;COORDENADORIA DE ADMINISTRACAO;A.OPE-III;; ESTATUTARIO;1350,19;;1350,19;148,52;1201,67;
HEBERSON PICANCO DA PAZ;COORDENADORIA DE ADMINISTRACAO;A.OPE-III;; ESTATUTARIO;1462,42;;1462,42;148,52;1313,90;
HELEM LOUREIRO DE CARVALHO;GABINETE DO SECRETARIO;GERENTE DO IESP E CAMPUS ENSIN.AD-2;; CARGO COMISSION.S/VINCULO;4209,79;;4209,79;670,28;3539,51;
HELENA LUCAS VARGAS;GABINETE DO SECRETARIO;COORDENADOR AD-1;; CARGO COMISSION.S/VINCULO;4229,77;;4229,77;676,15;3553,62;
HELIANA FAUSTINO SADIM;GABINETE DO SECRETARIO;SOLDADO;FG-1; ESTATUTARIO;2400,00;;2400,00;22,98;2377,02;
HELIO JOSE CASANOVA ROCHA;GABINETE DO SECRETARIO;INVEST.DE POL. 3A.CL. PC-INV-III;ASSESSOR III AD-3; ESTATUTARIO;3000,00;;3000,00;67,98;2932,02;
HELIO RAMOS DO NASCIMENTO;COORDENADORIA DE ADMINISTRACAO;A.OPE-III;; ESTATUTARIO;1368,25;;1368,25;148,52;1219,73;
HELISAN DOS SANTOS FRANCA;CORREGEDORIA GER.SIST.SEG.PUB.;CABO;GRATIF. ATIV. CORREG; ESTATUTARIO;1240,00;;1240,00;;1240,00;
HELLEN DE MORAIS PIMENTA;COORDENADORIA DE ADMINISTRACAO;A.OPE-III;; ESTATUTARIO;1350,19;;1350,19;148,52;1201,67;
HELLYTON LEVI CARVALHO DE SA;GABINETE DO SECRETARIO;TENENTE CORONEL;DIR. CAMPUS AD-1; ESTATUTARIO;5000,00;;5000,00;360,90;4639,10;
HENRIETTE GONCALVES COSTA NUNES;GABINETE DO SECRETARIO;INVEST.DE POL. 4A.CL. PC-INV.IV;GERENTE AD-2; ESTATUTARIO;3000,00;;3000,00;95,20;2904,80;
HERBERT FERREIRA LOPES;GABINETE DO SECRETARIO;DELEGADO DE POLICIA 4A.CL.PC-DEL-IV;SEC.EXEC.ADJUNTO; ESTATUTARIO;8100,00;48,84;8051,16;1344,71;6706,45;
HERCULES DO NASCIMENTO SANTOS;COORDENADORIA DE ADMINISTRACAO;AUX.S.G-I;; ESTATUTARIO;3627,01;;3627,01;196,41;3430,60;
HERICK LOBO BEZERRA;GABINETE DO SECRETARIO;ESCRIVAO DE POL.4A.CL. PC-ESC-IV;ASSESSOR I AD-1; ESTATUTARIO;5000,00;;5000,00;505,64;4494,36;
HERLEY DE JESUS COLARES DOS REIS;CORREGEDORIA GER.SIST.SEG.PUB.;TENENTE 2;JETOM; ESTATUTARIO;3000,00;;3000,00;53,76;2946,24;
HERMES LUIZ DE MIRANDA;CORREGEDORIA GER.SIST.SEG.PUB.;INVEST.DE POLICIA.1A.CL. PC-INV-I;GRATIF. ATIV. CORREG; ESTATUTARIO;1240,00;;1240,00;;1240,00;
HERMES SILVA DE MACEDO;SEC.EEXC.ADJ.PLAN.GES.INT.SEG.;TENENTE CORONEL;ASSESSOR I AD-1; ESTATUTARIO;833,33;;833,33;;833,33;
HIAGO ALVES DA SILVA;COORDENADORIA DE ADMINISTRACAO;A.OPE-III;; ESTATUTARIO;1350,19;;1350,19;148,52;1201,67;
HIGSON ANDREAZZA DE OLIVEIRA MORAES;COORDENADORIA DE ADMINISTRACAO;A.OPE-III;; ESTATUTARIO;1350,19;;1350,19;148,52;1201,67;
HILDO CASTRO SILVA;CORREGEDORIA GER.SIST.SEG.PUB.;TENENTE CORONEL;CORREGR AUXILIAR; ESTATUTARIO;750,00;;750,00;;750,00;
HIPOLITO MENEZES CORDEIRO;GABINETE DO SECRETARIO;DELEGADO DE POLIC. 3A.CL.PC-DEL.III;CH.DEP.AD/1; ESTATUTARIO;5000,00;;5000,00;453,50;4546,50;
HUANDERSON JOSE DE LIMA MENDES;COORDENADORIA DE ADMINISTRACAO;A.OPE-III;; ESTATUTARIO;1350,19;;1350,19;128,72;1221,47;
HUGO LEONE DE ARAUJO SOUZA;COORDENADORIA DE ADMINISTRACAO;A.OPE-III;; ESTATUTARIO;1350,19;;1350,19;148,52;1201,67;
HUMBERTO FIGLIUOLO JUNIOR;GABINETE DO SECRETARIO;GERENTE;GERENTE AD-2; CARGO COMISSION.S/VINCULO;4209,79;;4209,79;670,28;3539,51;
IGLESIO DE ARAUJO AMORIM;SECRET.EXEC.ADJ.DE INTELIGEN.;INVEST.DE POL. 4A.CL. PC-INV.IV;SUBGERENTE AD-3; ESTATUTARIO;3000,00;;3000,00;53,76;2946,24;
IGOR FERREIRA DE JESUS CHAVES;COORDENADORIA DE ADMINISTRACAO;A.OPE-III;; ESTATUTARIO;954,00;;954,00;149,53;804,47;
IGOR NUNES LOPES;COORDENADORIA DE ADMINISTRACAO;A.OPE-III;; ESTATUTARIO;1350,19;;1350,19;148,52;1201,67;
IGOR SANTOS DE ANDRADE;COORDENADORIA DE ADMINISTRACAO;A.OPE-III;; ESTATUTARIO;1350,19;;1350,19;148,52;1201,67;
ILAIZIS DE FARIAS VASCONCELOS;COORDENADORIA DE ADMINISTRACAO;AUX.S.G-I;FG-3; ESTATUTARIO;3969,56;;3969,56;281,33;3688,23;
IRANICE LOPES RAMOS;GABINETE DO SECRETARIO;SOLDADO 2;SUBGERENTE; ESTATUTARIO;3000,00;;3000,00;95,20;2904,80;
IRANY FLORENCIO RODRIGUES;COORDENADORIA DE ADMINISTRACAO;A.OPE-III;; ESTATUTARIO;1350,19;;1350,19;148,52;1201,67;
IRIS LUCIANA TREVISAN COELHO;CORREGEDORIA GER.SIST.SEG.PUB.;DELEGADO DE POLICIA 4A.CL.PC-DEL-IV;CORREGEDORA GERAL; ESTATUTARIO;13500,00;2090,98;11409,02;2163,85;9245,17;
ISAAC RAPHAEL VALLES MONTEIRO;COORDENADORIA DE ADMINISTRACAO;A.OPE-III;; ESTATUTARIO;1350,19;;1350,19;148,52;1201,67;
ISABELLE ROCHA DE SOUSA;COORDENADORIA DE ADMINISTRACAO;A.OPE-III;; ESTATUTARIO;1350,19;;1350,19;148,52;1201,67;
ISADORA PAIVA PASCARELLI;GABINETE DO SECRETARIO;GERENTE;; CARGO COMISSION.S/VINCULO;4209,79;;4209,79;670,28;3539,51;
IVAN LENDL CABRAL MORAIS;COORDENADORIA DE ADMINISTRACAO;A.OPE-III;; ESTATUTARIO;4817,54;;4817,54;520,26;4297,28;
IVAN RIBEIRO COSTA;COORDENADORIA DE ADMINISTRACAO;A.OPE-III;; ESTATUTARIO;1350,19;;1350,19;148,52;1201,67;
IVANI FALEIRO;GABINETE DO SECRETARIO;ASSESSOR III;; CARGO COMISSION.S/VINCULO;3191,80;;3191,80;422,40;2769,40;
IVANY ARAUJO DA SILVA;COORDENADORIA DE ADMINISTRACAO;A.OPE-III;; ESTATUTARIO;1375,99;;1375,99;148,52;1227,47;
IVANY NASCIMENTO DE ARAUJO;COORDENADORIA DE ADMINISTRACAO;A.OPE-III;; ESTATUTARIO;1350,19;;1350,19;148,52;1201,67;
IVO HENRIQUE MOREIRA MARTINS;SECRET.EXEC.ADJ.DE INTELIGEN.;DELEGADO DE POLICIA 4A.CL.PC-DEL-IV;ASSESSOR I AD-1; ESTATUTARIO;5000,00;;5000,00;453,50;4546,50;
IZAIR SOARES DA SILVA;CORREGEDORIA GER.SIST.SEG.PUB.;DELEGADO DE POLICIA CLASSE ESPECIAL;CORREGEDOR AUXILIAR; ESTATUTARIO;9000,00;2151,36;6848,64;909,74;5938,90;
IZANDRA DOS SANTOS FARIAS;GABINETE DO SECRETARIO;ASSESSOR II;; CARGO COMISSION.S/VINCULO;4209,79;;4209,79;670,28;3539,51;
JACIRA PEREIRA DA SILVA NASCIMENTO;GABINETE DO SECRETARIO;INVEST.DE POL. 4A.CL. PC-INV.IV;ASSESSOR III AD-3; ESTATUTARIO;3000,00;;3000,00;95,20;2904,80;
JACKSON SANTOS DA SILVA;COORDENADORIA DE ADMINISTRACAO;A.OPE-III;; ESTATUTARIO;954,00;;954,00;164,38;789,62;
JACYARA REIS MONTEIRO;SECRET.EXEC.ADJ.DE INTELIGEN.;SUBGERENTE AD-3;; CARGO COMISSION.S/VINCULO;3191,80;;3191,80;392,90;2798,90;
JADIELMO AZEVEDO FRAGA;SECRET.EXEC.ADJ.DE INTELIGEN.;GERENTE;GERENTE AD 2; CARGO COMISSION.S/VINCULO;3209,79;;3209,79;426,78;2783,01;
JADIR CAMPOS BARBOSA JUNIOR;COORDENADORIA DE ADMINISTRACAO;A.OPE-III;; ESTATUTARIO;1488,65;;1488,65;148,52;1340,13;
JAIME DA SILVA FERREIRA;CORREGEDORIA GER.SIST.SEG.PUB.;DELEGADO DE POLIC. 3A.CL.PC-DEL.III;ASSESSOR I-AD-1; ESTATUTARIO;5000,00;;5000,00;403,55;4596,45;
JAMES WALITON VASCONCELOS TINOCO;SEC.EEXC.ADJ.PLAN.GES.INT.SEG.;ASSESSOR I;; CARGO COMISSION.S/VINCULO;6101,39;;6101,39;69,72;6031,67;
JANIO SOUZA DE OLIVEIRA;SECRET.EXEC.ADJ.DE INTELIGEN.;SARGENTO 3;ASSESSOR III AD-3; ESTATUTARIO;2400,00;;2400,00;;2400,00;
JATNIEL RODRIGUES JANUARIO;GABINETE DO SECRETARIO;MAJOR;DIR. DE CAMPUS AD-1; ESTATUTARIO;5000,00;;5000,00;453,50;4546,50;
JAYNE RODRIGUES DE SOUZA;COORDENADORIA DE ADMINISTRACAO;A.OPE-III;; ESTATUTARIO;1369,54;;1369,54;148,52;1221,02;
JEFFERSON PRAIA DE SOUZA BEZERRA;COORDENADORIA DE ADMINISTRACAO;A.OPE-III;; ESTATUTARIO;1350,19;;1350,19;148,52;1201,67;
JEFFERSON WILLIAM SEMEN MARTINS;GRUPO DE RESPOSTA TATICA;ASPIRANTE OFICIAL;FG-1; ESTATUTARIO;2400,00;;2400,00;;2400,00;
JESSICA BRUCE FIALHO COLLYER;COORDENADORIA DE ADMINISTRACAO;A.OPE-III;; ESTATUTARIO;1440,20;;1440,20;158,42;1281,78;
JIMMY JAEL RIBEIRO ESCOBAL;COORDENADORIA DE ADMINISTRACAO;A.OPE-III;; ESTATUTARIO;1350,19;;1350,19;148,52;1201,67;
JOAO BOSCO BRAGA DA GAMA;COORDENADORIA DE ADMINISTRACAO;AUX.O-I;; ESTATUTARIO;2070,98;;2070,98;148,66;1922,32;
JOAO CARLOS FREITAS CLEMENTINO;COORDENADORIA DE ADMINISTRACAO;A.TEC-I;FG-3; ESTATUTARIO;3954,34;;3954,34;387,39;3566,95;
JOAO CARLOS SILVA DE OLIVEIRA;COORDENADORIA DE ADMINISTRACAO;A.OPE-III;; ESTATUTARIO;1352,77;;1352,77;;1352,77;
JOAO DE SALES FERREIRA NETO;GRUPO DE RESPOSTA TATICA;SOLDADO;FG-1; ESTATUTARIO;2400,00;;2400,00;22,98;2377,02;
JOAO FELIPE DE ARAUJO RIBEIRO;COORDENADORIA DE ADMINISTRACAO;A.OPE-III;; ESTATUTARIO;1350,19;;1350,19;148,52;1201,67;
JOAO NEWTON SEABRA DE SOUZA;COORDENADORIA DE ADMINISTRACAO;A.OPE-III;; ESTATUTARIO;1410,39;;1410,39;148,52;1261,87;
JOEL DE VARGAS;SECRET.EXEC.ADJ.DE INTELIGEN.;INVEST.DE POL.2A.CL. PC-INV-II;ASSESSOR III; ESTATUTARIO;2004,00;;2004,00;;2004,00;
JOEL SILVA DE SOUZA;SECRET.EXEC.ADJ.DE INTELIGEN.;SOLDADO 2;SUBGERENTE AD-3; ESTATUTARIO;2004,00;;2004,00;;2004,00;
JOELSON ARAUJO DA SILVA;COORDENADORIA DE ADMINISTRACAO;A.OPE-III;; ESTATUTARIO;1350,19;;1350,19;148,52;1201,67;
JOHNATAN DOS SANTOS A AMAZONAS;COORDENADORIA DE ADMINISTRACAO;A.OPE-III;; ESTATUTARIO;1350,19;;1350,19;148,52;1201,67;
JOHNNATHAN KENNEDY LIMA MARQUES;COORDENADORIA DE ADMINISTRACAO;A.OPE-III;; ESTATUTARIO;1382,44;;1382,44;148,52;1233,92;
JONAS SANTOS DE OLIVEIRA;SECRET.EXEC.ADJ.DE INTELIGEN.;INVEST.DE POL. 4A.CL. PC-INV.IV;SUBGERENTE AD 3; ESTATUTARIO;2400,00;;2400,00;;2400,00;
JONATHAN DE CASTRO SOUSA;COORDENADORIA DE ADMINISTRACAO;A.OPE-III;; ESTATUTARIO;1434,04;;1434,04;148,52;1285,52;
JONILSON COELHO DOS ANJOS;COORDENADORIA DE ADMINISTRACAO;A.OPE-III;; ESTATUTARIO;1350,19;;1350,19;148,52;1201,67;
JORDAN DIMITRY COTA COELHO;COORDENADORIA DE ADMINISTRACAO;A.OPE-III;; ESTATUTARIO;1364,89;;1364,89;148,52;1216,37;
JORDAO AIRES DE ALMEIDA NETO;CORREGEDORIA GER.SIST.SEG.PUB.;CABO;GRAT.ATIV.CORREGED.; ESTATUTARIO;1240,00;;1240,00;;1240,00;
JORGE DUARTE MACIEL;COORDENADORIA DE ADMINISTRACAO;AUX.O-I;FG-3; ESTATUTARIO;3830,06;;3830,06;318,11;3511,95;
JORGE HALEN LIMA DA SILVA;GABINETE DO SECRETARIO;CHEFE DE GABINETE;; CARGO COMISSION.S/VINCULO;5229,77;;5229,77;986,40;4243,37;
JOSE ABRAHAM LARRAT NETO;CORREGEDORIA GER.SIST.SEG.PUB.;ESCRIVAO DE POLICIA 1A.CL. PC-ESC-I;1 MEMBRO COM.DIS.; ESTATUTARIO;3000,00;;3000,00;95,20;2904,80;
JOSE ALBERTO CARVALHO DA SILVA;GABINETE DO SECRETARIO;INVEST.DE POL.2A.CL. PC-INV-II;FG-2; ESTATUTARIO;1900,00;;1900,00;;1900,00;
JOSE ALMIR CAVALCANTE RODRIGUES;CORREGEDORIA GER.SIST.SEG.PUB.;MAJOR;ASSESSOR I AD-1; ESTATUTARIO;5000,00;;5000,00;453,50;4546,50;
JOSE AMAURY DE ARAUJO;CORREGEDORIA GER.SIST.SEG.PUB.;1.MEMBRO DO CONS.DISCIPLINAR;JETOM; CONSELHO;3000,00;;3000,00;95,20;2904,80;
JOSE ANTONIO LEAL DE SOUZA;OUVIDORIA DO SIST.DE SEG.PUB;SARGENTO 2;GAO; ESTATUTARIO;1240,00;;1240,00;;1240,00;
JOSE AUGUSTO SILVA DE SOUZA;CORREGEDORIA GER.SIST.SEG.PUB.;CAPITAO;CHEF DE UNIDADE AD-1; ESTATUTARIO;5000,00;;5000,00;453,50;4546,50;
JOSE BERNARDO DA ENCARNACAO NETO;CORREGEDORIA GER.SIST.SEG.PUB.;COORDENADOR GERAL;; CARGO COMISSION.S/VINCULO;7000,00;298,00;6702,00;1423,94;5278,06;
JOSE CARLOS PEREIRA DE FREITAS;SEC.EEXC.ADJ.PLAN.GES.INT.SEG.;CHEFE DE DEPARTAMENTO;CH. DEPART. AD-1; CARGO COMISSION.S/VINCULO;2033,79;;2033,79;69,72;1964,07;
JOSE CARLOS RODRIGUES TEIXEIRA;CORREGEDORIA GER.SIST.SEG.PUB.;INVEST.DE POL. 3A.CL. PC-INV-III;JETOM; ESTATUTARIO;3000,00;;3000,00;25,32;2974,68;
JOSE DIVANILSON CAVALCANTI JUNIOR;GABINETE DO SECRETARIO;DELEGADO DE POLIC. 3A.CL.PC-DEL.III;ASSESSOR II AD-2; ESTATUTARIO;4000,00;;4000,00;263,87;3736,13;
JOSE EDUARDO VILACA DOS SANTOS;COORDENADORIA DE ADMINISTRACAO;A.TEC-II;GAC; ESTATUTARIO;6121,46;;6121,46;826,37;5295,09;
JOSE FABRICIO AFFONSO FERREIRA;SEC.EEXC.ADJ.PLAN.GES.INT.SEG.;SARGENTO 2;FUNCAO FG-1; ESTATUTARIO;2400,00;;2400,00;37,20;2362,80;
JOSE FILIZOLA DE OLIVEIRA;GABINETE DO SECRETARIO;SECRETARIO DE CONSELHO;SECRET.DE CONSELHO; CARGO COMISSION.S/VINCULO;2575,61;;2575,61;264,79;2310,82;
JOSE FRANCINALDO ANDRADE FERREIRA;CORREGEDORIA GER.SIST.SEG.PUB.;MAJOR;CHEFE DE UNID. AD-1; ESTATUTARIO;5000,00;;5000,00;505,64;4494,36;
JOSE GUILHERME DE ALMEIDA SAMPAIO;GABINETE DO SECRETARIO;CAPITAO;GER.IESP DO C.ENS.; ESTATUTARIO;4000,00;;4000,00;131,45;3868,55;
JOSE JERONSON DO NASCIMENTO NORONHA;CORREGEDORIA GER.SIST.SEG.PUB.;SOLDADO 2;GRATIF. ATIV. CORREG; ESTATUTARIO;1240,00;;1240,00;;1240,00;
JOSE LUIZ DE PAULA TORRES G AMARAL;COORDENADORIA DE ADMINISTRACAO;A.OPE-III;; ESTATUTARIO;1350,19;;1350,19;148,52;1201,67;
JOSE MARCOS MATOS DE LIMA;CORREGEDORIA GER.SIST.SEG.PUB.;SOLDADO 1;GRATIF. ATIV. CORREG; ESTATUTARIO;1240,00;;1240,00;;1240,00;
JOSE NALBERTH DOS SANTOS COSTA;COORDENADORIA DE ADMINISTRACAO;A.OPE-III;; ESTATUTARIO;1410,39;;1410,39;148,52;1261,87;
JOSE RAFAEL TEIXEIRA OLIVEIRA;SEC.EEXC.ADJ.PLAN.GES.INT.SEG.;SOLDADO;FUNCAO GRAT.FG-1; ESTATUTARIO;2400,00;;2400,00;37,20;2362,80;
JOSE RIBAMAR PEREIRA FILHO;CORREGEDORIA GER.SIST.SEG.PUB.;INVEST.DE POLICIA.1A.CL. PC-INV-I;JETOM; ESTATUTARIO;3000,00;;3000,00;95,20;2904,80;
JOSE RICARDO SIQUEIRA DE MACEDO;GABINETE DO SECRETARIO;SARGENTO 1;ASSESSOR I AD-1; ESTATUTARIO;5000,00;;5000,00;453,50;4546,50;
JOSIAS TAVARES NEVES;COORDENADORIA DE ADMINISTRACAO;A.OPE-III;; ESTATUTARIO;1350,19;;1350,19;148,52;1201,67;
JOSIEL CARVALHO DE SOUZA;COORDENADORIA DE ADMINISTRACAO;A.OPE-III;; ESTATUTARIO;1475,32;;1475,32;148,52;1326,80;
JOSIMARA BRANDAO DE FREITAS;CORREGEDORIA GER.SIST.SEG.PUB.;AUX.DE SERV.GER.3A.CL. AUX.S.G-III;GRATIF. ATIV. CORREG; ESTATUTARIO;1240,00;;1240,00;;1240,00;
JOSUE ALBUQUERQUE RODRIGUES;JUNTA MEDICA;PERITO LEGISTA 4A.CL. PC.P.LEG-IV;PERITO LEG.4A CLA; ESTATUTARIO;2000,00;283,38;1716,62;;1716,62;
JUAN CARLO SILVA E SOUSA;COORDENADORIA DE ADMINISTRACAO;A.OPE-III;; ESTATUTARIO;1372,12;;1372,12;89,11;1283,01;
JUAN PABLO MORAES MORILLAS;SEC.EEXC.ADJ.PLAN.GES.INT.SEG.;MAJOR;ASSESSOR I AD-1; ESTATUTARIO;10000,00;;10000,00;1880,64;8119,36;
JUCIDEIA BERNARDES FIGUEIREDO;CORREGEDORIA GER.SIST.SEG.PUB.;INVEST.DE POL.2A.CL. PC-INV-II;JETOM; ESTATUTARIO;3000,00;;3000,00;95,20;2904,80;
JUCINEI DA SILVA MATTOS;GRUPO DE RESPOSTA TATICA;SARGENTO 1;FG-1; ESTATUTARIO;2400,00;;2400,00;37,20;2362,80;
JUCIRLEY RODRIGUES DO E SANTO;GRUPO DE RESPOSTA TATICA;SOLDADO;FG-1; ESTATUTARIO;2400,00;;2400,00;37,20;2362,80;
JULEAN OLIVEIRA DOS SANTOS;GABINETE DO SECRETARIO;SARGENTO 3;FG 1; ESTATUTARIO;2400,00;;2400,00;;2400,00;
JULIANA AMORIM CERQUINHO;GABINETE DO SECRETARIO;GERENTE DO IESP E CAMPUS ENSIN.AD-2;; CARGO COMISSION.S/VINCULO;4209,79;;4209,79;670,28;3539,51;
JULIANA GOMES TUMA;GABINETE DO SECRETARIO;DELEGADO DE POLICIA 4A.CL.PC-DEL-IV;SECRET.EXECUTIVA; ESTATUTARIO;8250,00;;8250,00;1347,25;6902,75;
JULIANA NUNES BRANDAO VITAL MENEZES;SECRET.EXEC.ADJ.DE INTELIGEN.;INVEST.DE POL. 3A.CL. PC-INV-III;SUBGERENTE AD 3; ESTATUTARIO;2004,00;;2004,00;;2004,00;
JULIE MAXWELL DE ANDRADE BORGES;COORDENADORIA DE ADMINISTRACAO;A.OPE-III;; ESTATUTARIO;1354,92;;1354,92;4,95;1349,97;
JULIO CARLOS BATALHA DO NASCIMENTO;COORDENADORIA DE ADMINISTRACAO;A.OPE-III;; ESTATUTARIO;1350,19;;1350,19;148,52;1201,67;
JULIO CESAR FLORENCIO DE LIMA;CORREGEDORIA GER.SIST.SEG.PUB.;SARGENTO 3;GERENTE AD-2; ESTATUTARIO;4000,00;;4000,00;131,45;3868,55;
JULIO CESAR FREITAS CRESPO;COORDENADORIA DE ADMINISTRACAO;A.OPE-III;; ESTATUTARIO;1350,19;;1350,19;148,52;1201,67;
JULIO CESAR PEREIRA QUEIROZ;CORREGEDORIA GER.SIST.SEG.PUB.;CORREGEDOR GERAL ADJUNTO;; CARGO COMISSION.S/VINCULO;13715,00;;13715,00;1114,77;12600,23;
JUNDIAHY MOREIRA GUEDES NETO;COORDENADORIA DE ADMINISTRACAO;A.OPE-III;; ESTATUTARIO;1418,99;;1418,99;148,52;1270,47;
JUSSARA LOUREIRO DE CARVALHO BRAGA;GABINETE DO SECRETARIO;SECRETARIO AD-3;; CARGO COMISSION.S/VINCULO;3191,80;;3191,80;402,55;2789,25;
KAIO FELIPE OLIVEIRA FERNANDES;GABINETE DO SECRETARIO;GERENTE;; CARGO COMISSION.S/VINCULO;4209,79;;4209,79;670,28;3539,51;
KARLA ROBERTA VASCONCELOS C LIMA;CORREGEDORIA GER.SIST.SEG.PUB.;INVEST.DE POL. 3A.CL. PC-INV-III;JETOM; ESTATUTARIO;3000,00;;3000,00;67,98;2932,02;
KATHERIN DE SOUZA GOMES;COORDENADORIA DE ADMINISTRACAO;A.OPE-III;; ESTATUTARIO;1457,69;;1457,69;148,52;1309,17;
KATHEULCIA DE SOUZA RAMOS;AGENTES PUBLICOS TEMPORARIOS;AUXILIAR ADMINISTRATIVO;AUX ADMINISTRATIVO; SERVICO TEMPORARIO;70,93;;70,93;5,67;65,26;
KATIA ESTELA MAR DE SOUZA;COORDENADORIA DE ADMINISTRACAO;A.OPE-III;; ESTATUTARIO;1350,19;;1350,19;148,52;1201,67;
KAWE PRIMEIRO MIRANDA BARROS;COORDENADORIA DE ADMINISTRACAO;A.OPE-III;; ESTATUTARIO;1350,19;;1350,19;148,52;1201,67;
KELLY VASCONCELOS DE LIMA SANTOS;CORREGEDORIA GER.SIST.SEG.PUB.;TENENTE 2;JETOM; ESTATUTARIO;3000,00;;3000,00;95,20;2904,80;
KETHLEEN ARAUJO CALMONT GAMA;CORREGEDORIA GER.SIST.SEG.PUB.;DELEGADO DE POLIC. 3A.CL.PC-DEL.III;2° MEMBRO CPD; ESTATUTARIO;3000,00;;3000,00;95,20;2904,80;
KLAYTON RODRIGO LEITE DOS SANTOS;SECRET.EXEC.ADJ.DE INTELIGEN.;SOLDADO;GERENTE AD-2; ESTATUTARIO;3000,00;;3000,00;67,98;2932,02;
KLEBER OLIVEIRA CUNHA;COORDENADORIA DE ADMINISTRACAO;A.OPE-III;; ESTATUTARIO;1350,19;;1350,19;148,52;1201,67;
KLEBER PINHEIRO DE OLIVEIRA FILHO;GABINETE DO SECRETARIO;CHEFE DE DEPARTAMENTO;; CARGO COMISSION.S/VINCULO;5229,77;;5229,77;986,40;4243,37;
KRYSLAINE DE OLIVEIRA SILVA;COORDENADORIA DE ADMINISTRACAO;TNS-III;; ESTATUTARIO;2831,89;;2831,89;350,89;2481,00;
KYARA TRINDADE BARBOSA;GABINETE DO SECRETARIO;SUBGERENTE DO CAMPUS DE ENS.AD-3;; CARGO COMISSION.S/VINCULO;3191,80;;3191,80;422,40;2769,40;
LAIANA GOMES MATTOS;COORDENADORIA DE ADMINISTRACAO;A.OPE-III;; ESTATUTARIO;1350,19;;1350,19;148,52;1201,67;
LARISSA CORREA DINELLI PONCIANO;GABINETE DO SECRETARIO;SUBGERENTE DO CAMPUS DE ENS.AD-3;; CARGO COMISSION.S/VINCULO;3191,80;;3191,80;422,40;2769,40;
LARISSA DANIELLE TINOCO PACHECO;GABINETE DO SECRETARIO;SUBGERENTE DO CAMPUS DE ENS.AD-3;; CARGO COMISSION.S/VINCULO;3191,80;;3191,80;422,40;2769,40;
LAURA ROCHA LIMA DE SOUZA;GABINETE DO SECRETARIO;GERENTE DO IESP E CAMPUS ENSIN.AD-2;; CARGO COMISSION.S/VINCULO;4209,79;;4209,79;670,28;3539,51;
LEANDRO AMORIM DE OLIVEIRA;GABINETE DO SECRETARIO;SOLDADO;GERENTE AD-2; ESTATUTARIO;3000,00;;3000,00;95,20;2904,80;
LEANDRO ATHAYDE DO NASCIMENTO;COORDENADORIA DE ADMINISTRACAO;A.OPE-III;; ESTATUTARIO;1350,19;;1350,19;148,52;1201,67;
LEIA ALMEIDA DE SOUZA;GABINETE DO SECRETARIO;SECRETARIO DE CONSELHO AD-4;SECRETARIO DO COMITE; CARGO COMISSION.S/VINCULO;2575,61;;2575,61;264,79;2310,82;
LENA MARA PEREIRA MENDES;GABINETE DO SECRETARIO;GERENTE DO IESP E CAMPUS ENSIN.AD-2;; CARGO COMISSION.S/VINCULO;3209,79;;3209,79;426,78;2783,01;
LENNON SANTOS MOREIRA;COORDENADORIA DE ADMINISTRACAO;A.OPE-III;; ESTATUTARIO;1350,19;;1350,19;148,52;1201,67;
LENO LIMA DA SILVA;GABINETE DO SECRETARIO;INVEST.DE POL. 4A.CL. PC-INV.IV;FG-2; ESTATUTARIO;1900,00;;1900,00;;1900,00;
LEOMAYKON DA SILVA RODRIGUES;GABINETE DO SECRETARIO;SUBGERENTE DO CAMPUS DE ENS.AD-3;; CARGO COMISSION.S/VINCULO;1190,60;;1190,60;;1190,60;
LEONALDO DE MENEZES MORAES;COORDENADORIA DE ADMINISTRACAO;A.OPE-III;; ESTATUTARIO;1462,85;;1462,85;148,52;1314,33;
LEONARDO DE LIMA PEREIRA;COORDENADORIA DE ADMINISTRACAO;A.OPE-III;; ESTATUTARIO;1350,19;;1350,19;148,52;1201,67;
LEONARDO DE OLIVEIRA MOTA;COORDENADORIA DE ADMINISTRACAO;A.OPE-III;; ESTATUTARIO;1350,19;;1350,19;148,52;1201,67;
LEONARDO DOUGLAS NASCIMENTO SERRA;COORDENADORIA DE ADMINISTRACAO;A.OPE-III;; ESTATUTARIO;1350,19;;1350,19;148,52;1201,67;
LEONARDO GOMES DAS CHAGAS;CORREGEDORIA GER.SIST.SEG.PUB.;SOLDADO 2;FG-1, CHEFE DE SETOR; ESTATUTARIO;2400,00;;2400,00;37,20;2362,80;
LEONARDO SALLES MOREIRA;COORDENADORIA DE ADMINISTRACAO;A.OPE-III;; ESTATUTARIO;1350,19;;1350,19;148,52;1201,67;
LETICIA SANTOS LOBO;COORDENADORIA DE ADMINISTRACAO;A.OPE-III;; ESTATUTARIO;1350,19;;1350,19;148,52;1201,67;
LIA MONICA DO NASCIMENTO TRINDADE;SECRET.EXEC.ADJ.DE INTELIGEN.;INVEST.DE POL. 4A.CL. PC-INV.IV;ASSESSOR III AD-3; ESTATUTARIO;2004,00;;2004,00;;2004,00;
LIDIA ANDRADE DO NASCIMENTO;COORDENADORIA DE ADMINISTRACAO;A.OPE-III;; ESTATUTARIO;1350,19;;1350,19;148,52;1201,67;
LIDIANE ALVES DA SILVA;GABINETE DO SECRETARIO;GERENTE;; CARGO COMISSION.S/VINCULO;4209,79;;4209,79;670,28;3539,51;
LIGIA GONCALVES DE FREITAS;COORDENADORIA DE ADMINISTRACAO;A.OPE-III;; ESTATUTARIO;1350,19;;1350,19;148,52;1201,67;
LILIAN MOITINHO BANDEIRA;COORDENADORIA DE ADMINISTRACAO;A.OPE-III;; ESTATUTARIO;1350,19;;1350,19;148,52;1201,67;
LILIANE MEDEIROS JORDAO;SECRET.EXEC.ADJ.DE INTELIGEN.;SUBGERENTE;SUBGERENTE AD-3; CARGO COMISSION.S/VINCULO;3191,80;;3191,80;422,40;2769,40;
LINDOIR QUEIROZ DE OLIVEIRA;COORDENADORIA DE ADMINISTRACAO;A.OPE-III;; ESTATUTARIO;1350,19;;1350,19;148,52;1201,67;
LIVIO VALENTE DE LIMA;COORDENADORIA DE ADMINISTRACAO;A.OPE-III;; ESTATUTARIO;1350,19;;1350,19;148,52;1201,67;
LOREN CHRISTIEN DIAS DE SOUSA;COORDENADORIA DE ADMINISTRACAO;A.OPE-III;; ESTATUTARIO;1350,19;;1350,19;148,52;1201,67;
LORETTA HIPOLITO IZEL;COORDENADORIA DE ADMINISTRACAO;A.OPE-III;; ESTATUTARIO;1477,47;;1477,47;138,62;1338,85;
LOURDES TRIERVEILER;CORREGEDORIA GER.SIST.SEG.PUB.;ESCRIVAO DE POL.4A.CL. PC-ESC-IV;FG-1, CHEFE DE SECRE; ESTATUTARIO;2400,00;;2400,00;;2400,00;
LUCAS A SILVA CRUZ;COORDENADORIA DE ADMINISTRACAO;A.OPE-III;; ESTATUTARIO;1350,19;;1350,19;148,52;1201,67;
LUCAS AUCELIANO COELHO PINHEIRO;CORREGEDORIA GER.SIST.SEG.PUB.;ASSESSOR I;; CARGO COMISSION.S/VINCULO;5229,77;;5229,77;986,40;4243,37;
LUCAS BARBOSA DE CASTRO DELGADO;COORDENADORIA DE ADMINISTRACAO;A.OPE-III;; ESTATUTARIO;1416,41;;1416,41;148,52;1267,89;
LUCAS MENDES SILVA;GRUPO DE RESPOSTA TATICA;INVEST.DE POL. 4A.CL. PC-INV.IV;FG-1; ESTATUTARIO;2400,00;;2400,00;37,20;2362,80;
LUCAS OSCAR PORTO KAISER;COORDENADORIA DE ADMINISTRACAO;A.OPE-III;; ESTATUTARIO;1390,18;;1390,18;148,52;1241,66;
LUCIANA FERNANDA PINHEIRO DA SILVA;GABINETE DO SECRETARIO;GERENTE DO IESP E CAMPUS ENSIN.AD-2;; CARGO COMISSION.S/VINCULO;3209,79;;3209,79;426,78;2783,01;
LUCIANO DOS SANTOS GONCALVES;CORREGEDORIA GER.SIST.SEG.PUB.;SARGENTO 3;FG 1; ESTATUTARIO;2400,00;;2400,00;;2400,00;
LUCIANO DOS SANTOS MENDES;CORREGEDORIA GER.SIST.SEG.PUB.;ASSESSOR I;; CARGO COMISSION.S/VINCULO;5229,77;;5229,77;707,83;4521,94;
LUCIANO MORAES TRINDADE;CORREGEDORIA GER.SIST.SEG.PUB.;INVEST.DE POL. 3A.CL. PC-INV-III;GRATIF. ATIV. CORREG; ESTATUTARIO;1240,00;;1240,00;;1240,00;
LUCIANO SILVA SOUZA;SECRET.EXEC.ADJ.DE INTELIGEN.;INVEST.DE POL. 4A.CL. PC-INV.IV;GERENTE AD-2; ESTATUTARIO;3000,00;;3000,00;39,54;2960,46;
LUCIANO TAVARES DA SILVA;GABINETE DO SECRETARIO;DELEGADO DE POLIC. 3A.CL.PC-DEL.III;ASSESSOR I-AD-1; ESTATUTARIO;5000,00;;5000,00;360,90;4639,10;
LUCIO RICARDO ELIAS BEZERRA MENEZES;SECRET.EXEC.ADJ.DE INTELIGEN.;INVEST.DE POL. 4A.CL. PC-INV.IV;GERENTE AD-2; ESTATUTARIO;3000,00;;3000,00;95,20;2904,80;
LUIS ALEXANDRE DE OLIVEIRA;COORDENADORIA DE ADMINISTRACAO;A.OPE-III;; ESTATUTARIO;1410,39;;1410,39;148,52;1261,87;
LUIS CASEMIRO MAQUINE DA SILVA;COORDENADORIA DE ADMINISTRACAO;A.OPE-III;; ESTATUTARIO;1350,19;;1350,19;148,52;1201,67;
LUIS HUMBERTO RANGEL BARBOSA;COORDENADORIA DE ADMINISTRACAO;A.OPE-III;; ESTATUTARIO;1410,39;;1410,39;148,52;1261,87;
LUIZ DE OLIVEIRA COELHO;GABINETE DO SECRETARIO;SUBGERENTE DO CAMPUS DE ENS.AD-3;; CARGO COMISSION.S/VINCULO;3191,80;;3191,80;422,40;2769,40;
LUIZ EDUARDO LEMOS DE SOUSA;COORDENADORIA DE ADMINISTRACAO;A.OPE-III;; ESTATUTARIO;1350,19;;1350,19;148,52;1201,67;
LUIZ FELIPE LIMA ROCHA;COORDENADORIA DE ADMINISTRACAO;A.OPE-III;; ESTATUTARIO;1350,19;;1350,19;148,52;1201,67;
LUIZ FERNANDO DO NASCIMENTO;CORREGEDORIA GER.SIST.SEG.PUB.;DELEGADO DE POLICIA CLASSE ESPECIAL;PRES.DE COMISSAO; ESTATUTARIO;3206,67;314,52;2892,15;;2892,15;
LUIZ HENRIQUE DA SILVA;COORDENADORIA DE ADMINISTRACAO;A.OPE-III;; ESTATUTARIO;1350,19;;1350,19;148,52;1201,67;
LUIZ RICARDO BASTOS QUEIROZ;SEC.EEXC.ADJ.PLAN.GES.INT.SEG.;SOLDADO;FG-2; ESTATUTARIO;1900,00;;1900,00;;1900,00;
LUSMAR VILLAROUCA GUIMARAES;SECRET.EXEC.ADJ.DE INTELIGEN.;INVEST.DE POLICIA.1A.CL. PC-INV-I;SUBGERENTE AD-3; ESTATUTARIO;2004,00;;2004,00;;2004,00;
LYANE MARIA DE HOLANDA MUNIZ;COORDENADORIA DE ADMINISTRACAO;A.OPE-III;; ESTATUTARIO;1350,19;;1350,19;148,52;1201,67;
MAICON BENFICA SANTANA DA SILVA;COORDENADORIA DE ADMINISTRACAO;A.OPE-III;; ESTATUTARIO;1350,19;;1350,19;148,52;1201,67;
MAITE DE OLIVEIRA PEREIRA;GABINETE DO SECRETARIO;ASSESSOR III;; CARGO COMISSION.S/VINCULO;2195,80;;2195,80;197,62;1998,18;
MAKS JEAN ALVES;GABINETE DO SECRETARIO;TENENTE 1;CHEFE DE DEP.AD1; ESTATUTARIO;5000,00;;5000,00;505,64;4494,36;
MANOEL RENOVATO DA SILVA;CORREGEDORIA GER.SIST.SEG.PUB.;SARGENTO 3;FG-1, CHEFE DE SETOR; ESTATUTARIO;2400,00;;2400,00;;2400,00;
MARCELA WALLACE ESCALANTE CATUNDA;GABINETE DO SECRETARIO;ASSESSOR I;; CARGO COMISSION.S/VINCULO;5229,77;;5229,77;986,40;4243,37;
MARCELO AUGUSTO DE SOUZA R COSTA;SECRET.EXEC.ADJ.DE INTELIGEN.;INVEST.DE POL.2A.CL. PC-INV-II;SUBGERENTE AD-3; ESTATUTARIO;3000,00;;3000,00;53,76;2946,24;
MARCELO DO NASCIMENTO PEREIRA;SECRET.EXEC.ADJ.DE INTELIGEN.;INVEST.DE POL. 4A.CL. PC-INV.IV;SUBGERENTE, AD-3; ESTATUTARIO;3000,00;;3000,00;95,20;2904,80;
MARCIA ANGELICA MARQUES BENTES;SECRET.EXEC.ADJ.DE INTELIGEN.;GERENTE;GERENTE AD 2; CARGO COMISSION.S/VINCULO;4209,79;;4209,79;670,28;3539,51;
MARCIO LIMA DE OLIVEIRA;COORDENADORIA DE ADMINISTRACAO;A.OPE-III;; ESTATUTARIO;1350,19;;1350,19;148,52;1201,67;
MARCIO PINTO DE OLIVEIRA GOES;CORREGEDORIA GER.SIST.SEG.PUB.;SARGENTO 3;FG 1; ESTATUTARIO;2400,00;;2400,00;;2400,00;
MARCK ANDREY BORGES PESSOA;GRUPO DE RESPOSTA TATICA;SOLDADO;FG-1; ESTATUTARIO;2400,00;;2400,00;37,20;2362,80;
MARCO ANTONIO CALMON GAMA;GABINETE DO SECRETARIO;TENENTE 1;GER DO IESP CAMP ENS; ESTATUTARIO;5333,33;;5333,33;545,17;4788,16;
MARCO ANTONIO SHIGESHI KOBA;SECRET.EXEC.ADJ.DE INTELIGEN.;INVEST.DE POL. 4A.CL. PC-INV.IV;ASSESSOR III; ESTATUTARIO;2004,00;;2004,00;;2004,00;
MARCOS BRANDAO CUNHA FILHO;COORDENADORIA DE ADMINISTRACAO;A.OPE-III;; ESTATUTARIO;1350,19;;1350,19;148,52;1201,67;
MARCOS HENRIQUE GURGEL RODRIGUES;COORDENADORIA DE ADMINISTRACAO;A.OPE-III;; ESTATUTARIO;1377,28;;1377,28;148,52;1228,76;
MARCOS KLINGER DOS SANTOS PAIVA;GABINETE DO SECRETARIO;MAJOR;SEC EX ADJ OP INT; ESTATUTARIO;8100,00;;8100,00;1306,00;6794,00;
MARCOS NASCIMENTO DOS SANTOS;GABINETE DO SECRETARIO;ASSESSOR III;; CARGO COMISSION.S/VINCULO;2195,80;;2195,80;197,62;1998,18;
MARCOS VENICIO MARTINS JUNQUEIRA;COORDENADORIA DE ADMINISTRACAO;A.OPE-III;; ESTATUTARIO;1350,19;;1350,19;148,52;1201,67;
MARCOS VINICIUS BRAZAO DE SOUZA;COORDENADORIA DE ADMINISTRACAO;A.OPE-III;; ESTATUTARIO;1350,19;;1350,19;148,52;1201,67;
MARCUS HIRAM CAVALCANTE DE A JUNIOR;COORDENADORIA DE ADMINISTRACAO;A.OPE-III;; ESTATUTARIO;954,00;;954,00;164,38;789,62;
MARCUS PAULO SERRAO RIBEIRO;COORDENADORIA DE ADMINISTRACAO;A.OPE-III;; ESTATUTARIO;1350,19;;1350,19;148,52;1201,67;
MARGARETH SANTOS DE OLIVEIRA;GABINETE DO SECRETARIO;GERENTE;GERENTE AD 2; CARGO COMISSION.S/VINCULO;4209,79;;4209,79;670,28;3539,51;
MARIA ADRIANA CASTRO PINTO;SECRET.EXEC.ADJ.DE INTELIGEN.;ASSESSOR III;; CARGO COMISSION.S/VINCULO;2195,80;;2195,80;197,62;1998,18;
MARIA ANGELICA HONORATO G CASSOL;COORDENADORIA DE ADMINISTRACAO;A.TEC-I;FG-3; ESTATUTARIO;4950,34;;4950,34;617,15;4333,19;
MARIA APARECIDA MAGALHAES VERAS;CORREGEDORIA GER.SIST.SEG.PUB.;CHEFE DE UNIDADE AD-1;; CARGO COMISSION.S/VINCULO;5229,77;;5229,77;986,40;4243,37;
MARIA CLEONICE FELIX SANTANA;COORDENADORIA DE ADMINISTRACAO;COZINHEIRO;; ESTATUTARIO;3683,80;;3683,80;323,39;3360,41;
MARIA DA CONCEICAO VITA MATOS LIMA;GABINETE DO SECRETARIO;GERENTE;; CARGO COMISSION.S/VINCULO;4209,79;;4209,79;670,28;3539,51;
MARIA DE FATIMA DA SILVA RAMOS;SECRET.EXEC.ADJ.DE INTELIGEN.;ASSISTENTE ADMINIST.2A.CL. A.ADM-II;FG-1; ESTATUTARIO;3200,00;;3200,00;125,20;3074,80;
MARIA DE JESUS CUNHA;COORDENADORIA DE ADMINISTRACAO;ENCADERNADOR 2A.CLASSE;FG-2; ESTATUTARIO;5800,34;;5800,34;793,79;5006,55;
MARIA DE JESUS MELO DE ARAUJO;GABINETE DO SECRETARIO;ASSESSOR III;; CARGO COMISSION.S/VINCULO;3191,80;;3191,80;422,40;2769,40;
MARIA DE LOURDES A FONTENELE;SEC.EEXC.ADJ.PLAN.GES.INT.SEG.;SOLDADO;FG-2; ESTATUTARIO;3800,00;;3800,00;49,20;3750,80;
MARIA DE LOURDES A FONTENELE;CORREGEDORIA GER.SIST.SEG.PUB.;SOLDADO;GRATIF.ATIV. CORREG.; ESTATUTARIO;206,67;;206,67;;206,67;
MARIA DO CARMO FREITAS DOS SANTOS;COORDENADORIA DE ADMINISTRACAO;MONITOR 2A CLASSE;; ESTATUTARIO;3603,77;;3603,77;286,03;3317,74;
MARIA DO PERPETUO S B NEGREIROS;COORDENADORIA DE ADMINISTRACAO;A.TEC-I;FG-1; ESTATUTARIO;3871,86;;3871,86;370,68;3501,18;
MARIA DO SOCORRO ALMEIDA DE LIMA;COORDENADORIA DE ADMINISTRACAO;A.TEC-I;; ESTATUTARIO;3110,34;;3110,34;207,51;2902,83;
MARIA DO SOCORRO ALVES G OLIVEIRA;COORDENADORIA DE ADMINISTRACAO;A.OPE-III;; ESTATUTARIO;1169,74;;1169,74;148,52;1021,22;
MARIA EDILEUSA CORREA FACANHA;COORDENADORIA DE ADMINISTRACAO;A.OPE-I;FG-2; ESTATUTARIO;2896,70;;2896,70;235,04;2661,66;
MARIA ELONIZA JULIAO DE ALMEIDA;GABINETE DO SECRETARIO;CABO;GERENTE AD/2; ESTATUTARIO;3000,00;;3000,00;39,54;2960,46;
MARIA ESTEFANIA MORAES MARQUES;CORREGEDORIA GER.SIST.SEG.PUB.;A.TEC-I;FG-1; ESTATUTARIO;6101,57;;6101,57;932,51;5169,06;
MARIA IRENE MALTA DA SILVA;COORDENADORIA DE ADMINISTRACAO;COZINHEIRO;FG-3; ESTATUTARIO;4487,18;;4487,18;449,31;4037,87;
MARIA JULIA BELOTA LOPES;CORREGEDORIA GER.SIST.SEG.PUB.;DELEGADO DE POLICIA CLASSE ESPECIAL;CHEFE DE DEP,AD-1; ESTATUTARIO;833,34;;833,34;;833,34;
MARIA ZENEIDE DE OLIVEIRA BATALHA;COORDENADORIA DE ADMINISTRACAO;AUX.S.G-I;; ESTATUTARIO;2225,28;;2225,28;149,22;2076,06;
MARIANO DOS SANTOS LIMA;COORDENADORIA DE ADMINISTRACAO;A.OPE-III;; ESTATUTARIO;1350,19;;1350,19;148,52;1201,67;
MARILENE DA COSTA PIMENTEL FATIM;GRUPO DE RESPOSTA TATICA;SOLDADO;FG1; ESTATUTARIO;2400,00;;2400,00;37,20;2362,80;
MARILIA DO PERPETUO S C CONCEICAO;SECRET.EXEC.ADJ.DE INTELIGEN.;DELEGADO DE POLICIA 4A.CL.PC-DEL-IV;ASSESSOR I AD1; ESTATUTARIO;5000,00;;5000,00;505,64;4494,36;
MARILIA GABRIELLE SILVA COSTA;COORDENADORIA DE ADMINISTRACAO;A.OPE-III;; ESTATUTARIO;1377,28;;1377,28;148,52;1228,76;
MARINEIDE RODRIGUES DE SOUZA;COORDENADORIA DE ADMINISTRACAO;A.OPE-III;; ESTATUTARIO;1350,19;;1350,19;148,52;1201,67;
MARIO AUGUSTO DOURADO MENEZES;GRUPO DE RESPOSTA TATICA;SOLDADO;FUNCAO GRAT FG 1; ESTATUTARIO;2400,00;;2400,00;37,20;2362,80;
MARISTELA DE CASTRO D V FRANCISCO;GABINETE DO SECRETARIO;ESCRIVAO DE POLICIA 1A.CL. PC-ESC-I;GERENTE AD 2; ESTATUTARIO;4000,00;;4000,00;221,21;3778,79;
MARLENE NASCIMENTO DOS SANTOS;COORDENADORIA DE ADMINISTRACAO;TNS-III;; ESTATUTARIO;2814,73;;2814,73;342,96;2471,77;
MARNILZA PEREIRA NAZARE;COORDENADORIA DE ADMINISTRACAO;A.TEC-II;FG-3; ESTATUTARIO;4281,46;;4281,46;451,84;3829,62;
MARY JANE RODRIGUES DA SILVA;GABINETE DO SECRETARIO;SUBGERENTE DO CAMPUS DE ENS.AD-3;; CARGO COMISSION.S/VINCULO;3191,80;;3191,80;422,40;2769,40;
MATEUS NASCIMENTO DA SILVA;COORDENADORIA DE ADMINISTRACAO;A.OPE-III;; ESTATUTARIO;1457,69;;1457,69;148,52;1309,17;
MATHEUS COSTA NEVES;COORDENADORIA DE ADMINISTRACAO;A.OPE-III;; ESTATUTARIO;1350,19;;1350,19;148,52;1201,67;
MATHEUS SOUZA MOTTA;COORDENADORIA DE ADMINISTRACAO;A.OPE-III;; ESTATUTARIO;954,00;;954,00;149,53;804,47;
MAURICIO VIEIRA DE CASTRO;GABINETE DO SECRETARIO;SUBGERENTE AD-3;; CARGO COMISSION.S/VINCULO;3191,80;;3191,80;422,40;2769,40;
MAURO DE ANDRADE LIMAVERDE;GABINETE DO SECRETARIO;ASSESSOR III;ASSESSOR IIIAD-3; CARGO COMISSION.S/VINCULO;2195,80;;2195,80;197,62;1998,18;
MAX WILLAMS NOGUEIRA BATISTA;COORDENADORIA DE ADMINISTRACAO;A.OPE-III;; ESTATUTARIO;1350,19;;1350,19;148,52;1201,67;
MAXWELL SENA LIMA;GABINETE DO SECRETARIO;GERENTE;; CARGO COMISSION.S/VINCULO;4209,79;;4209,79;670,28;3539,51;
MAYRA JESSYKA ALVES DE MACEDO;GABINETE DO SECRETARIO;GERENTE;; CARGO COMISSION.S/VINCULO;4209,79;;4209,79;670,28;3539,51;
MENERVAL SEVALHO DE MENEZES;CORREGEDORIA GER.SIST.SEG.PUB.;PRESIDENTE DO CON.PERMAN.DISCIPLIN.;PRES.7ºCONS.PER.DISC; CONSELHO;4240,00;;4240,00;317,87;3922,13;
MICAEL RESNER ANCHIETA NEUHAUS;COORDENADORIA DE ADMINISTRACAO;A.OPE-III;; ESTATUTARIO;1462,85;;1462,85;148,52;1314,33;
MICHEL LEONARDO MENDONCA TORRES;COORDENADORIA DE ADMINISTRACAO;A.OPE-III;; ESTATUTARIO;1446,51;;1446,51;148,52;1297,99;
MICHELE ALVES DE SOUZA;COORDENADORIA DE ADMINISTRACAO;A.OPE-III;; ESTATUTARIO;1350,19;;1350,19;148,52;1201,67;
MICHELLE PATRICIA DA S GONCALVES;COORDENADORIA DE ADMINISTRACAO;A.TEC-II;GAC; ESTATUTARIO;4881,46;;4881,46;458,87;4422,59;
MILEIDE CUNHA DOS SANTOS;CORREGEDORIA GER.SIST.SEG.PUB.;SARGENTO 3;FG-1, CHEFE DE SEC; ESTATUTARIO;2400,00;;2400,00;;2400,00;
MILENA COSTA CASTRO;CORREGEDORIA GER.SIST.SEG.PUB.;CHEFE DE DEPARTAMENTO;; CARGO COMISSION.S/VINCULO;5229,77;;5229,77;943,74;4286,03;
MIQUEIAS CARVALHO DE LIMA;SEC.EEXC.ADJ.PLAN.GES.INT.SEG.;ASSESSOR I;; CARGO COMISSION.S/VINCULO;7263,56;;7263,56;69,72;7193,84;
MIQUEIAS DOS SANTOS FERREIRA;COORDENADORIA DE ADMINISTRACAO;A.OPE-III;; ESTATUTARIO;1384,16;;1384,16;148,52;1235,64;
MIQUEIAS FERNANDES DOS SANTOS;GABINETE DO SECRETARIO;ASPIRANTE OFICIAL;ASSESSOR II AD2; ESTATUTARIO;4000,00;;4000,00;159,88;3840,12;
MIRLANE DE SOUZA MOTA;SECRET.EXEC.ADJ.DE INTELIGEN.;ASSESSOR IV;; CARGO COMISSION.S/VINCULO;1877,61;;1877,61;168,98;1708,63;
MIRNA MICAELE MORAIS DE ARAUJO;COORDENADORIA DE ADMINISTRACAO;A.OPE-III;GAC; ESTATUTARIO;2590,19;;2590,19;188,85;2401,34;
MOISES CARDOSO SOUZA;GABINETE DO SECRETARIO;DIRETOR ADJUNTO IESP;; CARGO COMISSION.S/VINCULO;6500,00;253,60;6246,40;1298,65;4947,75;
MOISES LIMA DE SOUZA;GRUPO DE RESPOSTA TATICA;SOLDADO;FG-1; ESTATUTARIO;600,00;;600,00;;600,00;
MONICA ALVES DE VASCONCELOS;COORDENADORIA DE ADMINISTRACAO;A.OPE-III;; ESTATUTARIO;1375,99;;1375,99;138,62;1237,37;
MONICA QUEIROZ DE ARAUJO;GABINETE DO SECRETARIO;SUBGERENTE AD-3;; CARGO COMISSION.S/VINCULO;3191,80;;3191,80;422,40;2769,40;
MONIKY MACIEL NOGUEIRA;GABINETE DO SECRETARIO;ASSESSOR III;; CARGO COMISSION.S/VINCULO;2591,80;;2591,80;267,35;2324,45;
MYLENA WILKUENS DA CUNHA;COORDENADORIA DE ADMINISTRACAO;A.OPE-III;; ESTATUTARIO;1377,28;;1377,28;148,52;1228,76;
MYRZA CUNHA DE VERCOSA;COORDENADORIA DE ADMINISTRACAO;A.TEC-I;; ESTATUTARIO;9350,58;;9350,58;2009,52;7341,06;
NATACHA ADRIELLY DA SILVA RODRIGUES;GABINETE DO SECRETARIO;SUBGERENTE DO CAMPUS DE ENS.AD-3;SUBG.DO CAMP.DE ENS.; CARGO COMISSION.S/VINCULO;1548,79;;1548,79;123,90;1424,89;
NEIDE SOARES MENDES;GABINETE DO SECRETARIO;INVESTIGADOR DE POL.CL.ESPECIAL;GERENTE AD/2; ESTATUTARIO;3000,00;;3000,00;67,98;2932,02;
NELSON DOUGLAS BARROS ALFAIA;CORREGEDORIA GER.SIST.SEG.PUB.;SARGENTO 2;FG-1, CHEFE DE SETOR; ESTATUTARIO;2400,00;;2400,00;22,98;2377,02;
NELSON NONATO DA SILVA BARREIRO;COORDENADORIA DE ADMINISTRACAO;A.OPE-III;; ESTATUTARIO;1350,19;;1350,19;148,52;1201,67;
NELSON RIOS DA SILVA CORREA;CORREGEDORIA GER.SIST.SEG.PUB.;SOLDADO 2;GRATIF. ATIV. CORREG; ESTATUTARIO;1240,00;;1240,00;;1240,00;
NELTON MORAES DA COSTA;COORDENADORIA DE ADMINISTRACAO;TNS-III;; ESTATUTARIO;2814,73;;2814,73;348,64;2466,09;
NILCELENE DE FREITAS PIMENTEL;CORREGEDORIA GER.SIST.SEG.PUB.;MEMBRO DE CONSELHO;JETOM; CONSELHO;3000,00;;3000,00;95,20;2904,80;
NILO BARRETO FALCAO NETO;SECRET.EXEC.ADJ.DE INTELIGEN.;INVEST.DE POL. 4A.CL. PC-INV.IV;ASSESSOR III-AD-3; ESTATUTARIO;2004,00;;2004,00;;2004,00;
NUBIA FABIOLA DA SILVA TEOFILO;CORREGEDORIA GER.SIST.SEG.PUB.;ESCRIVAO DE POL.3A.CL. PC-ESC-III;JETOM; ESTATUTARIO;3000,00;;3000,00;95,20;2904,80;
OCIREMA MARCELA ABREU DA SILVA;SECRET.EXEC.ADJ.DE INTELIGEN.;INVEST.DE POL.2A.CL. PC-INV-II;FUNCAO GRATIF. FG-2; ESTATUTARIO;1900,00;;1900,00;;1900,00;
OLIMPIO MELO JACINTO;COORDENADORIA DE ADMINISTRACAO;A.OPE-III;; ESTATUTARIO;1384,16;;1384,16;148,52;1235,64;
OLIVIA DOS SANTOS ARRUDA;COORDENADORIA DE ADMINISTRACAO;ASSISTENTE TECNICO 3A CLASSE;; ESTATUTARIO;2102,51;;2102,51;152,37;1950,14;
ORIVALDO DOS SANTOS BARBOSA JUNIOR;COORDENADORIA DE ADMINISTRACAO;A.OPE-III;; ESTATUTARIO;1350,19;;1350,19;148,52;1201,67;
ORLANDO DOS SANTOS TORRES;SEC.EEXC.ADJ.PLAN.GES.INT.SEG.;SOLDADO;ASSESSOR II AD-2; ESTATUTARIO;4000,00;;4000,00;263,87;3736,13;
ORLEANDRA MARQUES CALIXTO OLIVEIRA;SECRET.EXEC.ADJ.DE INTELIGEN.;ASSESSOR IV;ASSESSOR IV; CARGO COMISSION.S/VINCULO;3175,61;;3175,61;404,26;2771,35;
ORLEY DO AMARAL FERREIRA;COORDENADORIA DE ADMINISTRACAO;A.OPE-III;; ESTATUTARIO;1350,19;;1350,19;148,52;1201,67;
OSVALDINO FREITAS DA MOTA;COORDENADORIA DE ADMINISTRACAO;A.OPE-III;; ESTATUTARIO;1350,19;;1350,19;148,52;1201,67;
OZAFRAN LIMA DE OLIVEIRA;GABINETE DO SECRETARIO;SARGENTO 2;FG-2; ESTATUTARIO;1900,00;;1900,00;;1900,00;
PABLO PINHEIRO DE SOUZA;COORDENADORIA DE ADMINISTRACAO;A.OPE-III;; ESTATUTARIO;1427,59;;1427,59;148,52;1279,07;
PAMELA COSTA PEREIRA;COORDENADORIA DE ADMINISTRACAO;A.OPE-III;; ESTATUTARIO;1350,19;;1350,19;148,52;1201,67;
PATRICIA ARAUJO DA SILVA;GABINETE DO SECRETARIO;SUBGERENTE DO CAMPUS DE ENS.AD-3;; CARGO COMISSION.S/VINCULO;3191,80;;3191,80;422,40;2769,40;
PATRICIA OLIVEIRA DE SOUZA RAMOS;GABINETE DO SECRETARIO;ASSESSOR I;; CARGO COMISSION.S/VINCULO;5229,77;;5229,77;986,40;4243,37;
PATRICK RHAYATT ANHES MORENO;COORDENADORIA DE ADMINISTRACAO;A.OPE-III;; ESTATUTARIO;1350,19;;1350,19;148,52;1201,67;
PAULA ADRIANA DA SILVA RODRIGUES SA;CORREGEDORIA GER.SIST.SEG.PUB.;ASSESSOR I;; CARGO COMISSION.S/VINCULO;5229,77;;5229,77;986,40;4243,37;
PAULA JUCARA ROCHA DE OLIVEIRA;GABINETE DO SECRETARIO;SUBGERENTE AD-3;; CARGO COMISSION.S/VINCULO;3191,80;;3191,80;422,40;2769,40;
PAULA MAZZARO DE SOUZA MATALON;CORREGEDORIA GER.SIST.SEG.PUB.;ESCRIVAO DE POL.2A.CL. PC-ESC-II;FG-1; ESTATUTARIO;2400,00;;2400,00;;2400,00;
PAULO ANDRE NOBRE PALMEIRA;CORREGEDORIA GER.SIST.SEG.PUB.;SOLDADO;GAC; ESTATUTARIO;1240,00;;1240,00;;1240,00;
PAULO ARLEY DA COSTA RIBEIRO;COORDENADORIA DE ADMINISTRACAO;A.OPE-III;; ESTATUTARIO;1350,19;;1350,19;148,52;1201,67;
PAULO CAMARA CHAVES;GABINETE DO SECRETARIO;GERENTE;; CARGO COMISSION.S/VINCULO;4209,79;;4209,79;670,28;3539,51;
PAULO CORREA MORAES JUNIOR;COORDENADORIA DE ADMINISTRACAO;A.OPE-III;; ESTATUTARIO;1350,19;;1350,19;148,52;1201,67;
PAULO DOS SANTOS RODRIGUES;OUVIDORIA DO SIST.DE SEG.PUB;INVEST.DE POL. 4A.CL. PC-INV.IV;GAO; ESTATUTARIO;1240,00;;1240,00;;1240,00;
PAULO HENRIQUE DUTRA CABRAL;COORDENADORIA DE ADMINISTRACAO;A.OPE-III;; ESTATUTARIO;1374,70;;1374,70;138,62;1236,08;
PAULO HENRIQUE UCHOA DE OLIVEIRA;COORDENADORIA DE ADMINISTRACAO;A.OPE-III;; ESTATUTARIO;1461,13;;1461,13;148,52;1312,61;
PAULO JORGE BAHIA MARQUES JUNIOR;GABINETE DO SECRETARIO;GERENTE;; CARGO COMISSION.S/VINCULO;4209,79;;4209,79;670,28;3539,51;
PAULO RICARDO CHEIK FURTADO JUNIOR;GRUPO DE RESPOSTA TATICA;TENENTE 1;FUNCAO GRAT.FG-1; ESTATUTARIO;2400,00;;2400,00;37,20;2362,80;
PAULO ROBERTO RANGEL BARBOSA;SECRET.EXEC.ADJ.DE INTELIGEN.;ESCRIVAO DE POLICIA 1A.CL. PC-ESC-I;ASSESSOR II AD2; ESTATUTARIO;4000,00;;4000,00;263,87;3736,13;
PAULO RONALDO DOS SANTOS;SECRET.EXEC.ADJ.DE INTELIGEN.;TENENTE CORONEL;ASSESSOR I AD-1; ESTATUTARIO;5000,00;;5000,00;360,90;4639,10;
PEDRO ERISON DE OLIVEIRA;CORREGEDORIA GER.SIST.SEG.PUB.;SOLDADO 1;GRATIF. ATIV. CORREG; ESTATUTARIO;1240,00;;1240,00;;1240,00;
PEDRO MARQUES PIRANGY;COORDENADORIA DE ADMINISTRACAO;A.OPE-III;; ESTATUTARIO;1350,19;;1350,19;148,52;1201,67;
PEDRO PAULO MANO NOGUEIRA;SECRET.EXEC.ADJ.DE INTELIGEN.;INVEST.DE POL.2A.CL. PC-INV-II;ASSESSOR I AD-1; ESTATUTARIO;5000,00;;5000,00;453,50;4546,50;
PEDRO VINICIUS NARANJO DE OLIVEIRA;COORDENADORIA DE ADMINISTRACAO;A.OPE-III;; ESTATUTARIO;1377,28;;1377,28;148,52;1228,76;
POY JACKSON MARTINS FARIAS;GABINETE DO SECRETARIO;SOLDADO;FG-3; ESTATUTARIO;1240,00;;1240,00;;1240,00;
QUERTEM DYEI SOUZA SENA;SEC.EEXC.ADJ.PLAN.GES.INT.SEG.;SOLDADO;FG-1; ESTATUTARIO;2400,00;;2400,00;37,20;2362,80;
RAELSON DE ABREU ARAUJO;COORDENADORIA DE ADMINISTRACAO;A.OPE-III;; ESTATUTARIO;1350,19;;1350,19;148,52;1201,67;
RAFAEL DA SILVA PORFIRIO;COORDENADORIA DE ADMINISTRACAO;A.OPE-III;; ESTATUTARIO;1395,77;;1395,77;148,52;1247,25;
RAFAEL GUIMARAES BENTES;COORDENADORIA DE ADMINISTRACAO;A.OPE-III;; ESTATUTARIO;1350,19;;1350,19;148,52;1201,67;
RAFAEL MACEDO GOES;COORDENADORIA DE ADMINISTRACAO;A.OPE-III;; ESTATUTARIO;1350,19;;1350,19;148,52;1201,67;
RAFAEL MOREIRA DA COSTA;COORDENADORIA DE ADMINISTRACAO;A.OPE-III;; ESTATUTARIO;1350,19;;1350,19;138,62;1211,57;
RAFAEL RIBEIRO DOS SANTOS;SECRET.EXEC.ADJ.DE INTELIGEN.;ASSESSOR IV;; CARGO COMISSION.S/VINCULO;1877,61;;1877,61;168,98;1708,63;
RAFAEL SOMACAL ZELIOTTO;COORDENADORIA DE ADMINISTRACAO;A.OPE-III;; ESTATUTARIO;1350,19;;1350,19;148,52;1201,67;
RAFAELA DA CRUZ NASCIMENTO;GABINETE DO SECRETARIO;SUBGERENTE AD-3;; CARGO COMISSION.S/VINCULO;3191,80;;3191,80;422,40;2769,40;
RAFAELA DE SOUZA VIANA;SECRET.EXEC.ADJ.DE INTELIGEN.;ESCRIVAO DE POL.4A.CL. PC-ESC-IV;ASS.III, AD-3; ESTATUTARIO;2004,00;;2004,00;;2004,00;
RAIMUNDO NONATO DE SOUZA;GABINETE DO SECRETARIO;INVESTIGADOR DE POL.CL.ESPECIAL;FUNC.GRAT. FG,3; ESTATUTARIO;1240,00;;1240,00;;1240,00;
RAIMUNDO VIEIRA DA SILVA FILHO;GRUPO DE RESPOSTA TATICA;SOLDADO;FUNÇÃO GRAT.FG-1; ESTATUTARIO;2400,00;;2400,00;37,20;2362,80;
RAISSA LUNARA RODRIGUES ARAUJO;COORDENADORIA DE ADMINISTRACAO;A.OPE-III;; ESTATUTARIO;1350,19;;1350,19;148,52;1201,67;
RALF KANITZ;SECRET.EXEC.ADJ.DE INTELIGEN.;INVEST.DE POLICIA.1A.CL. PC-INV-I;ASSESSOR I AD-1; ESTATUTARIO;5000,00;;5000,00;505,64;4494,36;
RAMYSES HITOTUZI BULCAO;GABINETE DO SECRETARIO;SOLDADO;FUNCAO GRAT.FG 2; ESTATUTARIO;1900,00;;1900,00;;1900,00;
RANDAL JOVINO OLIVEIRA ANTONIO;SECRET.EXEC.ADJ.DE INTELIGEN.;GERENTE;; CARGO COMISSION.S/VINCULO;4209,79;;4209,79;670,28;3539,51;
RANGEL RUFINO PEREIRA;COORDENADORIA DE ADMINISTRACAO;A.OPE-III;; ESTATUTARIO;1427,59;;1427,59;138,62;1288,97;
RAQUEL FONSECA ROMANO ANTONY;CORREGEDORIA GER.SIST.SEG.PUB.;ASSESSOR I;; CARGO COMISSION.S/VINCULO;5229,77;;5229,77;986,40;4243,37;
RAQUEL MATOS DE LIMA;CORREGEDORIA GER.SIST.SEG.PUB.;INVEST.DE POL. 4A.CL. PC-INV.IV;GRATIF. ATIV. CORREG; ESTATUTARIO;1240,00;;1240,00;;1240,00;
RAULY PINTO DA SILVA;SECRET.EXEC.ADJ.DE INTELIGEN.;INVEST.DE POL. 4A.CL. PC-INV.IV;SUBGERENTE; ESTATUTARIO;2004,00;;2004,00;;2004,00;
RAYANNA BRITO RODRIGUES;GABINETE DO SECRETARIO;SOLDADO;GERENTE AD-2; ESTATUTARIO;4000,00;;4000,00;221,21;3778,79;
REGINA NOGUEIRA DO NASCIMENTO;SECRET.EXEC.ADJ.DE INTELIGEN.;INVEST.DE POL. 4A.CL. PC-INV.IV;ASSESSOR IV AD-4; ESTATUTARIO;1702,00;;1702,00;;1702,00;
RENAN DE OLIVEIRA LIBORIO;SEC.EEXC.ADJ.PLAN.GES.INT.SEG.;TENENTE 1;ASSESSOR I AD-1; ESTATUTARIO;10000,00;;10000,00;1880,64;8119,36;
RENAN GOMES DA SILVA;GRUPO DE RESPOSTA TATICA;SOLDADO;FUNCAO GRAT FG 1; ESTATUTARIO;2400,00;;2400,00;37,20;2362,80;
RENATA DO NASCIMENTO BULCAO;COORDENADORIA DE ADMINISTRACAO;A.OPE-III;; ESTATUTARIO;954,00;;954,00;164,38;789,62;
RENATA SOARES SIQUEIRA;GABINETE DO SECRETARIO;SUBGERENTE DO CAMPUS DE ENS.AD-3;; CARGO COMISSION.S/VINCULO;2195,80;;2195,80;197,62;1998,18;
RENATA TRINDADE DE OLIVEIRA;GABINETE DO SECRETARIO;SUBGERENTE DO CAMPUS DE ENS.AD-3;; CARGO COMISSION.S/VINCULO;3191,80;;3191,80;422,40;2769,40;
RENATO DE CASTRO VIEIRA JUNIOR;COORDENADORIA DE ADMINISTRACAO;A.OPE-III;; ESTATUTARIO;1462,85;;1462,85;148,52;1314,33;
RENATO FERREIRA POGGIO;COORDENADORIA DE ADMINISTRACAO;A.OPE-III;; ESTATUTARIO;1377,28;;1377,28;148,52;1228,76;
RENER RAMOS CARDOSO;COORDENADORIA DE ADMINISTRACAO;A.OPE-III;; ESTATUTARIO;1427,59;;1427,59;123,77;1303,82;
REUEL DA SILVA ALVES JUNIOR;COORDENADORIA DE ADMINISTRACAO;A.OPE-III;; ESTATUTARIO;1350,19;;1350,19;148,52;1201,67;
RICARDO CONCEICAO COSTA MENEZES;SEC.EEXC.ADJ.PLAN.GES.INT.SEG.;TENENTE CORONEL;ASSESSOR I AD1; ESTATUTARIO;10000,00;;10000,00;1776,37;8223,63;
RICARDO LASMAR SANTOS;GABINETE DO SECRETARIO;TENENTE 1;; ESTATUTARIO;4000,00;;4000,00;263,87;3736,13;
RICARDO MAGNO DA SILVA FERREIRA;CORREGEDORIA GER.SIST.SEG.PUB.;1.MEMBRO DO CONS.DE JUSTIFICACAO;; CONSELHO;3000,00;;3000,00;95,20;2904,80;
RICARDO MOREIRA CAMPOS;SECRET.EXEC.ADJ.DE INTELIGEN.;ASSESSOR IV;; CARGO COMISSION.S/VINCULO;1514,61;;1514,61;121,16;1393,45;
RICHARDSON ANDRADE ALBUQUERQUE;CORREGEDORIA GER.SIST.SEG.PUB.;ASSESSOR I AD-1;; CARGO COMISSION.S/VINCULO;10459,54;;10459,54;1959,50;8500,04;
RICK ANDREI GEBER;CORREGEDORIA GER.SIST.SEG.PUB.;INVEST.DE POL. 4A.CL. PC-INV.IV;GRATIF. ATIV. CORREG; ESTATUTARIO;1240,00;;1240,00;;1240,00;
RILSON MOTA DE CARVALHO;COORDENADORIA DE ADMINISTRACAO;A.OPE-III;; ESTATUTARIO;1350,19;;1350,19;148,52;1201,67;
RITA DE CASSIA DE V D MARIE;COORDENADORIA DE ADMINISTRACAO;TNS-III;; ESTATUTARIO;2764,68;;2764,68;345,85;2418,83;
RITA DE CASSIA FRAGOSO PACHECO;CORREGEDORIA GER.SIST.SEG.PUB.;CAPITAO;JETOM; ESTATUTARIO;4240,00;;4240,00;317,87;3922,13;
ROBERTA FURTADO DE MENDONCA PINTO;CORREGEDORIA GER.SIST.SEG.PUB.;CHEFE DE GABINETE;; CARGO COMISSION.S/VINCULO;5229,77;;5229,77;986,40;4243,37;
ROBERTO CORREA DA SILVA JUNIOR;COORDENADORIA DE ADMINISTRACAO;A.OPE-III;; ESTATUTARIO;1350,19;;1350,19;148,52;1201,67;
ROBERTO DA SILVA MARTINS;CORREGEDORIA GER.SIST.SEG.PUB.;SOLDADO 1;GRATIF. ATIV. CORREG; ESTATUTARIO;1240,00;;1240,00;;1240,00;
ROBSON DE NAZARE FERREIRA;CORREGEDORIA GER.SIST.SEG.PUB.;TENENTE 2;JETOM; ESTATUTARIO;3000,00;;3000,00;39,54;2960,46;
ROBSON THIAGO OLIVEIRA DA SILVA;COORDENADORIA DE ADMINISTRACAO;A.OPE-III;; ESTATUTARIO;1350,19;;1350,19;148,52;1201,67;
ROGERIO DE ANDRADE;SECRET.EXEC.ADJ.DE INTELIGEN.;INVEST.DE POL. 4A.CL. PC-INV.IV;SUBGERENTE AD-3; ESTATUTARIO;2004,00;;2004,00;;2004,00;
ROGEVAN SOARES DA SILVA;SECRET.EXEC.ADJ.DE INTELIGEN.;INVEST.DE POLICIA.1A.CL. PC-INV-I;SUBGERENTE AD2; ESTATUTARIO;3000,00;;3000,00;95,20;2904,80;
ROMILDO TORRES CAMELO;JUNTA MEDICA;PERITO LEGISTA CLASSE ESPECIAL;; ESTATUTARIO;1250,00;219,94;1030,06;;1030,06;
RONALDO BARBOSA DE AZEVEDO;CORREGEDORIA GER.SIST.SEG.PUB.;SARGENTO 3;GRATIF. ATIV. CORREG; ESTATUTARIO;1240,00;;1240,00;;1240,00;
RONALDO CALDAS DA SILVA MARICAUA;COORDENADORIA DE ADMINISTRACAO;A.OPE-III;; ESTATUTARIO;1350,19;;1350,19;148,52;1201,67;
RONALDO DE SOUZA MAGALHAES;COORDENADORIA DE ADMINISTRACAO;A.OPE-III;; ESTATUTARIO;1350,19;;1350,19;148,52;1201,67;
RONDINELLE LIMA BISPO;SECRET.EXEC.ADJ.DE INTELIGEN.;ASSESSOR I;; CARGO COMISSION.S/VINCULO;5229,77;;5229,77;986,40;4243,37;
RONNEY RIBEIRO NOGUEIRA;CORREGEDORIA GER.SIST.SEG.PUB.;DELEGADO DE POLIC. 3A.CL.PC-DEL.III;COORDENADOR GERAL; ESTATUTARIO;7000,00;347,33;6652,67;960,12;5692,55;
ROSA MARIA DE SOUZA MENDONCA SILVA;GABINETE DO SECRETARIO;SUBGERENTE DO CAMPUS DE ENS.AD-3;; CARGO COMISSION.S/VINCULO;2195,80;;2195,80;197,62;1998,18;
ROSA NEIRE DE CARVALHO SOARES;CORREGEDORIA GER.SIST.SEG.PUB.;SARGENTO 2;JETOM; ESTATUTARIO;3000,00;;3000,00;53,76;2946,24;
ROSANGELA BARBOSA CASTRO;COORDENADORIA DE ADMINISTRACAO;A.OPE-III;; ESTATUTARIO;1488,65;;1488,65;148,52;1340,13;
ROSARIA FATIMA PEREIRA FERNANDES;COORDENADORIA DE ADMINISTRACAO;A.TEC-I;; ESTATUTARIO;2452,59;;2452,59;180,53;2272,06;
ROSIMERI OLIVEIRA GUIMARAES;COORDENADORIA DE ADMINISTRACAO;A.TEC-I;FG-1; ESTATUTARIO;6182,68;;6182,68;857,54;5325,14;
ROUGET BRITO DE AGUIAR FILHO;SEC.EEXC.ADJ.PLAN.GES.INT.SEG.;CAPITAO;ASSESSOR I AD-1; ESTATUTARIO;5000,00;;5000,00;505,64;4494,36;
ROZANA BERNARDO DA SILVA;GRUPO DE RESPOSTA TATICA;SARGENTO 3;FG-1; ESTATUTARIO;2400,00;;2400,00;;2400,00;
RUFINO ASSAYAG THAUMATURGO;GABINETE DO SECRETARIO;SUBGERENTE DO CAMPUS DE ENS.AD-3;; CARGO COMISSION.S/VINCULO;3191,80;;3191,80;422,40;2769,40;
RUI NASCIMENTO FORTES JUNIOR;GRUPO DE RESPOSTA TATICA;INVEST.DE POL. 4A.CL. PC-INV.IV;FG-1; ESTATUTARIO;2400,00;;2400,00;;2400,00;
SAIDY REGO DINELLY SOUZA;COORDENADORIA DE ADMINISTRACAO;A.OPE-III;; ESTATUTARIO;1350,19;;1350,19;148,52;1201,67;
SAINY OLIVEIRA CHAGAS;COORDENADORIA DE ADMINISTRACAO;A.OPE-III;; ESTATUTARIO;1427,59;;1427,59;148,52;1279,07;
SALAZAR CAVALCANTE GONCALVES;COORDENADORIA DE ADMINISTRACAO;A.OPE-III;; ESTATUTARIO;1350,19;;1350,19;148,52;1201,67;
SAMIR GUIMARAES RIBAS;GABINETE DO SECRETARIO;GERENTE;GERENTE AD-2; CARGO COMISSION.S/VINCULO;5613,05;;5613,05;1121,87;4491,18;
SAMYR IMANI ARAUJO;COORDENADORIA DE ADMINISTRACAO;A.OPE-III;; ESTATUTARIO;1350,19;;1350,19;148,52;1201,67;
SANDRA ELAYNE DA SILVA MOREIRA;CORREGEDORIA GER.SIST.SEG.PUB.;SARGENTO 3;FG-1, CHEFE DE SEC; ESTATUTARIO;2400,00;;2400,00;22,98;2377,02;
SANDRO BENDAHAN SARRAFF DE RESENDE;GABINETE DO SECRETARIO;SUBGERENTE DO CAMPUS DE ENS.AD-3;; CARGO COMISSION.S/VINCULO;2195,80;;2195,80;197,62;1998,18;
SANDRO DE MATOS SILVA;COORDENADORIA DE ADMINISTRACAO;A.OPE-III;; ESTATUTARIO;1350,19;;1350,19;148,52;1201,67;
SAVIO CASTRO BENTES;COORDENADORIA DE ADMINISTRACAO;A.OPE-III;; ESTATUTARIO;1350,19;;1350,19;148,52;1201,67;
SEBASTIAO GILBERTO DOS S MARTINS;GABINETE DO SECRETARIO;ASSESSOR II;; CARGO COMISSION.S/VINCULO;4209,79;;4209,79;670,28;3539,51;
SERGIO DOS SANTOS TUFY;COORDENADORIA DE ADMINISTRACAO;MOT-I;; ESTATUTARIO;2845,06;;2845,06;206,12;2638,94;
SERGIO RICARDO CARREIRA ROCHA;CORREGEDORIA GER.SIST.SEG.PUB.;SOLDADO 1;GRATIF. ATIV. CORREG; ESTATUTARIO;1240,00;;1240,00;;1240,00;
SHARLES MOTA DE MORAES;GABINETE DO SECRETARIO;SARGENTO 3;GERENTE AD 2; ESTATUTARIO;4000,00;;4000,00;159,88;3840,12;
SHERLLON ROSSETTI DE SOUSA;COORDENADORIA DE ADMINISTRACAO;A.OPE-III;; ESTATUTARIO;1350,19;;1350,19;148,52;1201,67;
SILVIO BRASIL DE LIMA;GABINETE DO SECRETARIO;GERENTE DO IESP E CAMPUS ENSIN.AD-2;; CARGO COMISSION.S/VINCULO;4209,79;;4209,79;670,28;3539,51;
SIMARILDO FERNANDES COELHO;SECRET.EXEC.ADJ.DE INTELIGEN.;INVESTIGADOR DE POL.CL.ESPECIAL;SUBGERENTE AD-3; ESTATUTARIO;2400,00;;2400,00;;2400,00;
SIMONE MOTA DA SILVA;COORDENADORIA DE ADMINISTRACAO;A.OPE-III;; ESTATUTARIO;1350,19;;1350,19;148,52;1201,67;
STEFANO DE MELLO ANTONACCIO SANTOS;COORDENADORIA DE ADMINISTRACAO;A.OPE-III;; ESTATUTARIO;1368,25;;1368,25;148,52;1219,73;
STEFANY ALENCAR CUNHA;GABINETE DO SECRETARIO;ASSESSOR III;; CARGO COMISSION.S/VINCULO;2195,80;;2195,80;197,62;1998,18;
STEPHANIE DA SILVA VARELA;GABINETE DO SECRETARIO;ASSESSOR II;; CARGO COMISSION.S/VINCULO;4209,79;;4209,79;670,28;3539,51;
SYLVIA ELEONORA SOARES A PEREIRA;GABINETE DO SECRETARIO;DELEGADO DE POLICIA 1A.CL. PC-DEL-I;SUBGERENTE AD-3; ESTATUTARIO;6000,00;36,56;5963,44;;5963,44;
TAINA LUIS NERY DE SOUZA;COORDENADORIA DE ADMINISTRACAO;A.OPE-III;; ESTATUTARIO;1350,19;;1350,19;148,52;1201,67;
TAIZA DA SILVA ARAUJO;COORDENADORIA DE ADMINISTRACAO;A.OPE-III;; ESTATUTARIO;1350,19;;1350,19;148,52;1201,67;
TALYSON ALEXANDRE DO N BARBOSA;COORDENADORIA DE ADMINISTRACAO;A.OPE-III;; ESTATUTARIO;1350,19;;1350,19;148,52;1201,67;
TAMARA DE SOUZA MELO;GABINETE DO SECRETARIO;GERENTE DO IESP E CAMPUS ENSIN.AD-2;; CARGO COMISSION.S/VINCULO;4209,79;;4209,79;670,28;3539,51;
TAYLOR ALBERT CAMPOS GRECIA;GRUPO DE RESPOSTA TATICA;SOLDADO;; ESTATUTARIO;2400,00;;2400,00;;2400,00;
THAIS ASSUNCAO LIMA;COORDENADORIA DE ADMINISTRACAO;A.OPE-III;; ESTATUTARIO;1350,19;;1350,19;148,52;1201,67;
THAIS CUNHA BATISTA;COORDENADORIA DE ADMINISTRACAO;A.OPE-III;; ESTATUTARIO;1350,19;;1350,19;148,52;1201,67;
THALES LOPES COUTINHO;CORREGEDORIA GER.SIST.SEG.PUB.;SOLDADO;GRATIF. ATIV. CORREG; ESTATUTARIO;1240,00;;1240,00;;1240,00;
THALITA JULIANA SIMOES DE LIMA;COORDENADORIA DE ADMINISTRACAO;A.OPE-III;; ESTATUTARIO;1440,20;;1440,20;158,42;1281,78;
THAYNA DE ALMEIDA ARAUJO;COORDENADORIA DE ADMINISTRACAO;A.OPE-III;; ESTATUTARIO;1350,19;;1350,19;138,62;1211,57;
THIAGO CARVALHO TRINDADE;COORDENADORIA DE ADMINISTRACAO;A.OPE-III;; ESTATUTARIO;1350,19;;1350,19;148,52;1201,67;
THIAGO COSTA QUINCO;COORDENADORIA DE ADMINISTRACAO;A.OPE-III;; ESTATUTARIO;1445,65;;1445,65;148,52;1297,13;
THIAGO DA COSTA E SILVA OUROSO;SECRET.EXEC.ADJ.DE INTELIGEN.;INVEST.DE POL. 4A.CL. PC-INV.IV;ASSESSOR III, AD-3; ESTATUTARIO;2004,00;;2004,00;;2004,00;
THIAGO RIBEIRO DE MENEZES;GABINETE DO SECRETARIO;SUBGERENTE DO CAMPUS DE ENS.AD-3;; CARGO COMISSION.S/VINCULO;2195,80;;2195,80;197,62;1998,18;
THYAGO TENORIO CORREIA A CAVALCANTI;CORREGEDORIA GER.SIST.SEG.PUB.;DELEGADO DE POLICIA 4A.CL.PC-DEL-IV;MEMBRO DE COMISSãO; ESTATUTARIO;4240,00;;4240,00;232,55;4007,45;
TULIO AUGUSTO GOMES LOUREIRO;COORDENADORIA DE ADMINISTRACAO;TNS-III;; ESTATUTARIO;2794,71;;2794,71;342,00;2452,71;
ULISSES BEZERRA DA SILVA;COORDENADORIA DE ADMINISTRACAO;TNS-III;; ESTATUTARIO;2811,87;;2811,87;335,17;2476,70;
ULYSSES DA COSTA PAULA;COORDENADORIA DE ADMINISTRACAO;A.OPE-III;; ESTATUTARIO;1468,01;;1468,01;148,52;1319,49;
VALNEI PASSOS DA SILVA;SECRET.EXEC.ADJ.DE INTELIGEN.;ESCRIVAO DE POL.4A.CL. PC-ESC-IV;ASSESSOR III AD-3; ESTATUTARIO;2004,00;;2004,00;;2004,00;
VANDERLEIA AMORIM DE SOUZA;AGENTES PUBLICOS TEMPORARIOS;AUXILIAR ADMINISTRATIVO;AUX. ADMINISTRATIVO.; SERVICO TEMPORARIO;160,93;;160,93;5,67;155,26;
VANESSA ALVES DE FIGUEIREDO;GABINETE DO SECRETARIO;SECRETARIO DE JUNTA MEDICA;SEC.DE JUNTA MED.; CARGO COMISSION.S/VINCULO;2829,61;;2829,61;236,65;2592,96;
VICTOR PAULO NERY RIBEIRO;COORDENADORIA DE ADMINISTRACAO;A.OPE-III;; ESTATUTARIO;1350,19;;1350,19;148,52;1201,67;
VINICIUS LOPES AGUIAR;COORDENADORIA DE ADMINISTRACAO;A.OPE-III;; ESTATUTARIO;1350,19;;1350,19;148,52;1201,67;
VINICIUS WALLYS DA SILVA BRASIL;GABINETE DO SECRETARIO;SUBGERENTE DO CAMPUS DE ENS.AD-3;; CARGO COMISSION.S/VINCULO;2195,80;;2195,80;197,62;1998,18;
VIRGINIA MELLO DA FROTA;GABINETE DO SECRETARIO;INVEST.DE POL. 4A.CL. PC-INV.IV;GERENTE AD-2; ESTATUTARIO;4000,00;;4000,00;221,21;3778,79;
WAGNER JOSE HERNANDES;CORREGEDORIA GER.SIST.SEG.PUB.;1.MEMBRO DA 1A.COM.DE DISCIPLINA;JETOM; CONSELHO;4240,00;;4240,00;317,87;3922,13;
WALDECY SARAIVA GOMES;GABINETE DO SECRETARIO;SARGENTO 3;GERENTE AD-2; ESTATUTARIO;4000,00;;4000,00;221,21;3778,79;
WALLACE PEREIRA COELHO;CORREGEDORIA GER.SIST.SEG.PUB.;SOLDADO;FG1; ESTATUTARIO;2400,00;;2400,00;22,98;2377,02;
WALTER BARBOSA DOS SANTOS;COORDENADORIA DE ADMINISTRACAO;A.OPE-III;; ESTATUTARIO;1350,19;;1350,19;148,52;1201,67;
WANDA LEMOS PAIXAO NOGUEIRA;SEC.EEXC.ADJ.PLAN.GES.INT.SEG.;TNS-III;; ESTATUTARIO;2764,68;;2764,68;331,63;2433,05;
WEDEM DOS SANTOS FERNANDES;SECRET.EXEC.ADJ.DE INTELIGEN.;SOLDADO 2;SUBGERENTE; ESTATUTARIO;2004,00;;2004,00;;2004,00;
WELBER ANTONIO DE SOUZA FERREIRA;CORREGEDORIA GER.SIST.SEG.PUB.;SOLDADO 1;GRATIF. ATIV. CORREG; ESTATUTARIO;1240,00;;1240,00;;1240,00;
WELITON SILVA DE MEDEIROS;SECRET.EXEC.ADJ.DE INTELIGEN.;ASSESSOR III;; CARGO COMISSION.S/VINCULO;3191,80;;3191,80;422,40;2769,40;
WELLINGTON PEREIRA DA SILVA;GABINETE DO SECRETARIO;TENENTE CORONEL;ASSESSOR I AD-1; ESTATUTARIO;5000,00;;5000,00;318,24;4681,76;
WILCIANE CASANOVA ROCHA;SECRET.EXEC.ADJ.DE INTELIGEN.;ESCRIVAO DE POL.4A.CL. PC-ESC-IV;SUBGERENTE - AD3; ESTATUTARIO;3000,00;;3000,00;95,20;2904,80;
WILLIAMS PRADO MACIEL;COORDENADORIA DE ADMINISTRACAO;A.OPE-III;; ESTATUTARIO;1350,19;;1350,19;148,52;1201,67;
WILLIAN PEDRO OLIVEIRA GAMA;GRUPO DE RESPOSTA TATICA;SOLDADO;; ESTATUTARIO;2400,00;;2400,00;37,20;2362,80;
WILLIAN SANTIAGO DE SOUZA;COORDENADORIA DE ADMINISTRACAO;A.OPE-III;; ESTATUTARIO;1350,19;;1350,19;148,52;1201,67;
WILSON ROCHA DE LUCENA;SEC.EEXC.ADJ.PLAN.GES.INT.SEG.;SOLDADO;FG-2; ESTATUTARIO;1900,00;;1900,00;;1900,00;
YARA CRISTINA DE SOUZA FERREIRA;CORREGEDORIA GER.SIST.SEG.PUB.;TENENTE 2;2ºMEMBRO 7ªCPD PM; ESTATUTARIO;3000,00;;3000,00;67,98;2932,02;
YONARA ROCHA MARTIM;CORREGEDORIA GER.SIST.SEG.PUB.;CABO;GRATIF. ATIV. CORREG; ESTATUTARIO;1240,00;;1240,00;;1240,00;
YURI VICTOR DA SILVA VIANA;COORDENADORIA DE ADMINISTRACAO;A.OPE-III;; ESTATUTARIO;3690,52;;3690,52;543,84;3146,68;
ZAIRA DA MOTA PINHEIRO;GABINETE DO SECRETARIO;ASSESSOR II AD-2;; CARGO COMISSION.S/VINCULO;3508,15;;3508,15;499,43;3008,72;
ZANDRA COUCEIRO RIBEIRO;GABINETE DO SECRETARIO;DELEGADO DE POLIC. 3A.CL.PC-DEL.III;CHEFE DE DEPARTAMENT; ESTATUTARIO;5000,00;;5000,00;505,64;4494,36;
ZILMAR DE SOUZA LIMA;GABINETE DO SECRETARIO;CAPITAO;GERENTE AD-2; ESTATUTARIO;4000,00;;4000,00;221,21;3778,79;
ZOMAR LUIZ LOPES;SECRET.EXEC.ADJ.DE INTELIGEN.;SUBGERENTE AD-3;SUBGERENTE; CARGO COMISSION.S/VINCULO;2591,80;;2591,80;267,35;2324,45;
ZUILA MARIA NOGUEIRA HOLANDA;CORREGEDORIA GER.SIST.SEG.PUB.;COORDENADOR GERAL;COORDENADOR GERAL; CARGO COMISSION.S/VINCULO;7000,00;;7000,00;1505,89;5494,11;
