NOME;LOTACAO;CARGO;FUNCAO;VINCULO;REMUNERACAO LEGAL TOTAL(R$);DESC.TETO(R$); REMUNERACAO LEGAL DEVIDA(R$);DESCONTOS LEGAIS(R$);LIQUIDO DISPONIVEL(R$);
ADELIA EMANUELLY LIMA DOS SANTOS;PENSIONISTA ESPECIAL;PENSIONISTA;PENSAO ESPECIAL; PENSAO POR ORDEM JUDICIAL;318,00;;318,00;;318,00;
ALCILENE BARBOSA CENA;PENSIONISTA ESPECIAL;PENSIONISTA;PENSÃO ESPECIAL; PENSAO POR ORDEM JUDICIAL;159,00;;159,00;;159,00;
ALDENISES VIEIRA DOS SANTOS;PENSIONISTA ESPECIAL;PENSIONISTA;PENSÃO ESPECIAL; PENSAO POR ORDEM JUDICIAL;477,00;;477,00;;477,00;
ALDO MORAES JUNIOR;PENSIONISTA ESPECIAL;PENSIONISTA;; PENSAO POR DECRETO;20650,42;;20650,42;;20650,42;
ALEXSANDER LIMA BATISTA;PENSIONISTA ESPECIAL;PENSIONISTA;; PENSAO POR ORDEM JUDICIAL;954,00;;954,00;;954,00;
ALEXSANDRO DOUGLAS BATISTA VIEIRA;PENSIONISTA ESPECIAL;PENSIONISTA;; PENSAO POR DECRETO;776,17;;776,17;;776,17;
ALICE CATARINA MORAES;PENSIONISTA ESPECIAL;PENSIONISTA;; PENSAO POR DECRETO;20650,42;;20650,42;;20650,42;
ALIETE BORGES COELHO;PENSIONISTA ESPECIAL;PENSIONISTA;; PENSAO POR DECRETO;22111,25;;22111,25;;22111,25;
AMADEU THIAGO DE MELLO;PENSIONISTA ESPECIAL;PENSIONISTA;; PENSAO POR LEI;6861,41;;6861,41;;6861,41;
AMAZILES MOURA CAVALCANTE;PENSIONISTA ESPECIAL;PENSIONISTA;; PENSAO POR DECRETO;954,00;;954,00;;954,00;
AMETHISTA DA COSTA LAVAREDO;PENSIONISTA ESPECIAL;PENSIONISTA;; PENSAO POR DECRETO;1200,00;;1200,00;;1200,00;
ANA CRISTINA ANTONY DE OLIVEIRA;PENSIONISTA ESPECIAL;SUB-SECRETARIO DE ESTADO;; PENSAO POR DECRETO;11700,00;;11700,00;2348,14;9351,86;
ANA CRISTINA GUEDES DA SILVA;PENSIONISTA ESPECIAL;PENSIONISTA;PENSAO ESPECIAL; PENSAO POR DECRETO;317,97;;317,97;;317,97;
ANA MARCIA DE OLIVEIRA FERREIRA;PENSIONISTA ESPECIAL;PENSIONISTA;; PENSAO POR ORDEM JUDICIAL;477,00;;477,00;;477,00;
ANDREW CORREA DE ABREU;PENSIONISTA ESPECIAL;PENSIONISTA;; PENSAO POR DECRETO;2385,00;;2385,00;36,08;2348,92;
BERNARDO DOS SANTOS MARQUES;PENSIONISTA ESPECIAL;PENSIONISTA;; PENSAO POR ORDEM JUDICIAL;159,00;;159,00;;159,00;
BRUNA LETICIA DE SOUZA REBELLO;PENSIONISTA ESPECIAL;PENSIONISTA;; PENSAO POR DECRETO;461,11;;461,11;;461,11;
CARLA BIANCA LIRA DE LIMA;PENSIONISTA ESPECIAL;PENSIONISTA;; PENSAO POR ORDEM JUDICIAL;789,25;;789,25;;789,25;
CARLOS ALBERTO FROES;PENSIONISTA ESPECIAL;PENSIONISTA;PENSAO ESPECIAL; PENSAO POR DECRETO;954,00;;954,00;;954,00;
CELSO VIEIRA BIVAR;PENSIONISTA ESPECIAL;PENSIONISTA;; PENSAO POR ORDEM JUDICIAL;8614,83;;8614,83;;8614,83;
CLAUDENORA ALFAIA DA COSTA ARAUJO;PENSIONISTA ESPECIAL;PENSIONISTA;; PENSAO POR ORDEM JUDICIAL;954,00;;954,00;;954,00;
CLEOMAR VIANA DE OLIVEIRA;PENSIONISTA ESPECIAL;PENSIONISTA;; PENSAO POR ORDEM JUDICIAL;954,00;;954,00;;954,00;
DAYLA CORREA DE ABREU;PENSIONISTA ESPECIAL;PENSIONISTA;; PENSAO POR DECRETO;2385,00;;2385,00;36,08;2348,92;
DELMIRA MARCOS ARAUJO;PENSIONISTA ESPECIAL;PENSIONISTA;; PENSAO POR LEI;954,00;;954,00;;954,00;
DEUZO FRAZAO CENA;PENSIONISTA ESPECIAL;PENSIONISTA;PENSAO ESPECIAL; PENSAO POR ORDEM JUDICIAL;159,00;;159,00;;159,00;
DIEGO GUILHERME DE SOUZA FERNANDES;PENSIONISTA ESPECIAL;PENSIONISTA;PENSÃO ESPECIAL; PENSAO POR ORDEM JUDICIAL;636,00;;636,00;;636,00;
DNANCIR MOURA MONTECONRADO;PENSIONISTA ESPECIAL;PENSIONISTA;; PENSAO POR DECRETO;1800,00;;1800,00;;1800,00;
DORIAN CAVALCANTE NOGUEIRA;PENSIONISTA ESPECIAL;PENSIONISTA;; PENSAO POR LEI;1221,62;;1221,62;;1221,62;
DOROTEIA MARQUES COSTA;PENSIONISTA ESPECIAL;PENSIONISTA;; PENSAO POR DECRETO;954,00;;954,00;;954,00;
DOUGLAS DE OLIVEIRA BELEZA;PENSIONISTA ESPECIAL;PENSIONISTA;; PENSAO POR LEI;1360,00;;1360,00;;1360,00;
DULCINEIA LESSA BRAGA;PENSIONISTA ESPECIAL;PENSIONISTA;PENSIONISTA; PENSAO POR DECRETO;763,60;;763,60;;763,60;
EDNA AGUIAR ANTONY;PENSIONISTA ESPECIAL;PENSIONISTA;; PENSAO POR DECRETO;954,00;;954,00;;954,00;
ELIAS MARTINS DA SILVA;PENSIONISTA ESPECIAL;PENSIONISTA;PENSAO ESPECIAL; PENSAO POR DECRETO;317,97;;317,97;;317,97;
ELIZA GARCIA DE SOUSA;PENSIONISTA ESPECIAL;PENSIONISTA;; PENSAO POR LEI;2139,00;;2139,00;;2139,00;
ELIZABETE PINHEIRO ZUIDGEEST;PENSIONISTA ESPECIAL;PENSIONISTA;; PENSAO POR DECRETO;954,00;;954,00;;954,00;
ELIZABETH ANDRADE CAVALCANTE;PENSIONISTA ESPECIAL;PENSIONISTA;; PENSAO POR LEI;1908,00;;1908,00;;1908,00;
ENEIDA SILVA MIRANDA BRAGA;PENSIONISTA ESPECIAL;PENSIONISTA;; PENSAO POR DECRETO;1274,40;;1274,40;;1274,40;
FLAVIA CRISTINA DA CONCEICAO;PENSIONISTA ESPECIAL;PENSIONISTA;; PENSAO POR DECRETO;954,00;;954,00;;954,00;
FRANCIMARA CAMPOS DE CARVALHO;PENSIONISTA ESPECIAL;PENSIONISTA;; PENSAO POR ORDEM JUDICIAL;318,00;;318,00;;318,00;
FRANCISCO CHAGAS DA SILVA;PENSIONISTA ESPECIAL;PENSIONISTA;; PENSAO POR LEI;4770,00;;4770,00;75,10;4694,90;
FRANCISCO DE FREITAS ROLA;PENSIONISTA ESPECIAL;PENSIONISTA;; PENSAO POR LEI;31589,57;1118,46;30471,11;6986,60;23484,51;
FRANCISCO FERREIRA DA SILVA;PENSIONISTA ESPECIAL;PENSIONISTA;PENSAO ESPECIAL; PENSAO POR LEI;3540,25;;3540,25;;3540,25;
JAQUELINE ANGELITA DA CONCEICAO;PENSIONISTA ESPECIAL;PENSIONISTA LEI 1735 DE 14.11.85;; PENSAO POR LEI;825,59;;825,59;;825,59;
JELSON JONY SILVA DE LIMA;PENSIONISTA ESPECIAL;PENSIONISTA;; PENSAO POR ORDEM JUDICIAL;954,00;;954,00;;954,00;
JOAO BATISTA FREITAS DE SOUZA;PENSIONISTA ESPECIAL;PENSIONISTA;; PENSAO POR ORDEM JUDICIAL;1908,00;;1908,00;;1908,00;
JOAO VITOR BEZERRA SANTOS MENEZES;PENSIONISTA ESPECIAL;PENSIONISTA;; PENSAO POR ORDEM JUDICIAL;954,00;;954,00;;954,00;
JOSE ALBERTO DE LIMA;PENSIONISTA ESPECIAL;PENSIONISTA;; PENSAO POR ORDEM JUDICIAL;318,00;;318,00;;318,00;
JOSE BRUNO DA SILVA;PENSIONISTA ESPECIAL;PENSIONISTA;; PENSAO POR ORDEM JUDICIAL;318,00;;318,00;;318,00;
JOSE FERNANDO DE CASTRO PINTO;PENSIONISTA ESPECIAL;PENSIONISTA;; PENSAO POR ORDEM JUDICIAL;954,00;;954,00;;954,00;
JOSE LUIZ GOMES SOARES;PENSIONISTA ESPECIAL;PENSIONISTA;PENSAO ESPECIAL; PENSAO POR ORDEM JUDICIAL;954,00;;954,00;;954,00;
JOSE MELO DE OLIVEIRA;PENSIONISTA ESPECIAL;PENSIONISTA EX-GOVERNADOR;; PENSAO POR LEI;15415,96;;15415,96;2846,43;12569,53;
JOSE RIBAMAR RIOS;PENSIONISTA ESPECIAL;PENSIONISTA;PENSAO ESPECIAL; PENSAO POR DECRETO;954,00;;954,00;;954,00;
JUDITE RODRIGUES DE SOUZA;PENSIONISTA ESPECIAL;PENSIONISTA;PENSAO ESPECIAL; PENSAO POR DECRETO;1600,00;;1600,00;;1600,00;
KACIEL DOS SANTOS MARQUES;PENSIONISTA ESPECIAL;PENSIONISTA;PENSAO ESPECIAL; PENSAO POR ORDEM JUDICIAL;159,00;;159,00;;159,00;
KAMILE DE OLIVEIRA PEREIRA;PENSIONISTA ESPECIAL;PENSIONISTA;; PENSAO POR ORDEM JUDICIAL;635,94;;635,94;;635,94;
KASSIANE VITORIA DE O PEREIRA;PENSIONISTA ESPECIAL;PENSIONISTA;; PENSAO POR ORDEM JUDICIAL;635,94;;635,94;;635,94;
LAYHANDRA SOUZA DE OLIVEIRA;PENSIONISTA ESPECIAL;PENSIONISTA;; PENSAO POR ORDEM JUDICIAL;318,00;;318,00;;318,00;
LOURIVAL REBELO D'ALBUQUERQUE FILHO;PENSIONISTA ESPECIAL;PENSIONISTA;; PENSAO POR DECRETO;31589,57;1118,46;30471,11;;30471,11;
LUCIMAR LEMOS DOS SANTOS;PENSIONISTA ESPECIAL;PENSIONISTA;PENSÃO ESPECIAL; PENSAO POR ORDEM JUDICIAL;477,00;;477,00;;477,00;
LUCIRENE OLIVA REZENDE;PENSIONISTA ESPECIAL;SECRETARIO DE ESTADO;; PENSAO POR DECRETO;13500,00;;13500,00;2319,55;11180,45;
MANUEL RAVIGNAN SARAIVA AGRA;PENSIONISTA ESPECIAL;PENSIONISTA;; PENSAO POR DECRETO;954,00;;954,00;;954,00;
MANUELA DE OLIVEIRA DOS SANTOS;PENSIONISTA ESPECIAL;PENSIONISTA;; PENSAO POR ORDEM JUDICIAL;159,00;;159,00;;159,00;
MANUELA VITORIA FELIX SOARES;PENSIONISTA ESPECIAL;PENSIONISTA;PENSAO ESPECIAL; PENSAO POR ORDEM JUDICIAL;1908,00;;1908,00;;1908,00;
MARCELO DA SILVA SALES;PENSIONISTA ESPECIAL;PENSIONISTA;PENSAO ESPECIAL; PENSAO POR ORDEM JUDICIAL;954,00;;954,00;;954,00;
MARCOS DE OLIVEIRA;PENSIONISTA ESPECIAL;PENSIONISTA;; PENSAO POR DECRETO;954,00;;954,00;;954,00;
MARCUS TULIO CAVALCANTE COSTA;PENSIONISTA ESPECIAL;PENSIONISTA;; PENSAO POR DECRETO;954,00;;954,00;;954,00;
MARIA AUXILIADORA MONTEIRO DE LUNAS;PENSIONISTA ESPECIAL;PENSIONISTA;; PENSAO POR ORDEM JUDICIAL;392,20;;392,20;;392,20;
MARIA CLARA DA SILVA SAMPAIO;PENSIONISTA ESPECIAL;PENSIONISTA;PENSAO ESPECIAL; PENSAO POR ORDEM JUDICIAL;636,00;;636,00;;636,00;
MARIA DA CONCEICAO DE O MACHADO;PENSIONISTA ESPECIAL;NAO VALIDO ************************;; PENSAO POR LEI;954,00;;954,00;;954,00;
MARIA DE JESUS CORREA DA COSTA;PENSIONISTA ESPECIAL;PENSIONISTA;; PENSAO POR DECRETO;1543,57;;1543,57;;1543,57;
MARIA DE LOURDES RODRIGUES C TELLES;PENSIONISTA ESPECIAL;PENSIONISTA;; PENSAO POR ORDEM JUDICIAL;9900,00;;9900,00;1329,55;8570,45;
MARIA DE NAZARE OLIVEIRA REZENDE;PENSIONISTA ESPECIAL;PENSIONISTA;; PENSAO POR DECRETO;5378,94;;5378,94;166,44;5212,50;
MARIA DO PERPETUO S C BITTENCOURT;PENSIONISTA ESPECIAL;PENSIONISTA;; PENSAO POR LEI;954,00;;954,00;;954,00;
MARIA DO SOCORRO CAMPOS;PENSIONISTA ESPECIAL;PENSIONISTA;; PENSAO POR DECRETO;635,94;;635,94;;635,94;
MARIA HELOISE ROCHA CAVALCANTE;PENSIONISTA ESPECIAL;PENSIONISTA;PENSAO ESPECIAL; PENSAO POR ORDEM JUDICIAL;636,00;;636,00;;636,00;
MARIA JULIA SILVEIRA DE MELO;PENSIONISTA ESPECIAL;PENSIONISTA;PENSAO ESPECIAL; PENSAO POR ORDEM JUDICIAL;954,00;;954,00;;954,00;
MARIA MIRACEMA TEIXEIRA CARDOSO SAU;PENSIONISTA ESPECIAL;PENSIONISTA;PENSAO ESPECIAL; PENSAO POR DECRETO;1800,00;;1800,00;;1800,00;
MARIA RUTH PORTO DE MORAES;PENSIONISTA ESPECIAL;PENSIONISTA;; PENSAO POR ORDEM JUDICIAL;954,00;;954,00;;954,00;
MARIA SUELY DE LOUREDO BIE DA SILVA;PENSIONISTA ESPECIAL;PENSIONISTA;PENSAO ESPECIAL; PENSAO POR DECRETO;636,00;;636,00;;636,00;
MARIA VITORIA GRACA PEREIRA;PENSIONISTA ESPECIAL;PENSIONISTA;; PENSAO POR ORDEM JUDICIAL;212,00;;212,00;;212,00;
MARILIA PEREIRA MACHADO;PENSIONISTA ESPECIAL;SUB-SECRETARIO DE ESTADO;; PENSAO POR LEI;11700,00;;11700,00;1824,55;9875,45;
MARISA DOS SANTOS RODRIGUES;PENSIONISTA ESPECIAL;PENSIONISTA;PENSAO ESPECIAL; PENSAO POR DECRETO;5000,00;;5000,00;109,60;4890,40;
MARLENE MORAES GIRAO;PENSIONISTA ESPECIAL;PENSIONISTA;; PENSAO POR DECRETO;1800,00;;1800,00;;1800,00;
MATHEUS DA ROCHA ALMEIDA;PENSIONISTA ESPECIAL;PENSIONISTA;; PENSAO POR DECRETO;954,00;;954,00;;954,00;
MAURA DA SILVA SALES;PENSIONISTA ESPECIAL;PENSIONISTA;PENSAO ESPECIAL; PENSAO POR ORDEM JUDICIAL;954,00;;954,00;;954,00;
MAXWELL DE OLIVEIRA DOS SANTOS;PENSIONISTA ESPECIAL;PENSIONISTA;; PENSAO POR ORDEM JUDICIAL;159,00;;159,00;;159,00;
MICHAEL MARVILLEM DE O FERREIRA;PENSIONISTA ESPECIAL;PENSIONISTA;; PENSAO POR ORDEM JUDICIAL;477,00;;477,00;;477,00;
PAULO VICTOR GRACA PEREIRA;PENSIONISTA ESPECIAL;PENSIONISTA;; PENSAO POR ORDEM JUDICIAL;212,00;;212,00;;212,00;
RAIMUNDA VIEIRA DA SILVA;PENSIONISTA ESPECIAL;PENSIONISTA;PENSAO ESPECIAL; PENSAO POR ORDEM JUDICIAL;954,00;;954,00;;954,00;
REJANE MARIA LEBRE DE OLIVEIRA;PENSIONISTA ESPECIAL;PENSIONISTA;; PENSAO POR DECRETO;954,00;;954,00;;954,00;
RICARDO MENDES SALES FILHO;PENSIONISTA ESPECIAL;PENSIONISTA;; PENSAO POR ORDEM JUDICIAL;954,00;;954,00;;954,00;
RICARDO OLIVEIRA DOS SANTOS;PENSIONISTA ESPECIAL;PENSIONISTA;; PENSAO POR ORDEM JUDICIAL;954,00;;954,00;;954,00;
ROBERTO MARINHO PEREIRA;PENSIONISTA ESPECIAL;PENSIONISTA;; PENSAO POR ORDEM JUDICIAL;1908,00;;1908,00;;1908,00;
ROSIMEIRE VENANCIO DA SILVA;PENSIONISTA ESPECIAL;PENSIONISTA;; PENSAO POR ORDEM JUDICIAL;1908,00;;1908,00;;1908,00;
RUBENS RODRIGUES MARQUES NETO;PENSIONISTA ESPECIAL;PENSIONISTA;PENSAO ESPECIAL; PENSAO POR ORDEM JUDICIAL;159,00;;159,00;;159,00;
SAMELA REBECA TAVARES DOS SANTOS;PENSIONISTA ESPECIAL;PENSIONISTA;PENSAO ESPECIAL; PENSAO POR ORDEM JUDICIAL;318,00;;318,00;;318,00;
SAMILA DE LIMA MONTEIRO;PENSIONISTA ESPECIAL;PENSIONISTA;PENSAO ESPECIAL; PENSAO POR DECRETO;856,29;;856,29;;856,29;
SILVINHA MACEDO SILVA;PENSIONISTA ESPECIAL;PENSIONISTA;; PENSAO POR DECRETO;954,00;;954,00;;954,00;
STEFANY RAQUEL SARAIVA AGRA;PENSIONISTA ESPECIAL;PENSIONISTA;; PENSAO POR DECRETO;954,00;;954,00;;954,00;
STEPHANIE RIBEIRO DA SILVA;PENSIONISTA ESPECIAL;PENSIONISTA;PENSAO ESPECIAL; PENSAO POR DECRETO;954,00;;954,00;;954,00;
TATIANE DE SOUZA GOMES;PENSIONISTA ESPECIAL;PENSIONISTA;; PENSAO POR ORDEM JUDICIAL;4075,67;;4075,67;280,90;3794,77;
TEREZA BENEVIDES SCHERMULY SANTOS;PENSIONISTA ESPECIAL;PENSIONISTA LEI 1735 DE 14.11.85;; PENSAO POR DECRETO;954,00;;954,00;;954,00;
TEREZINHA MARTINS MACHADO;PENSIONISTA ESPECIAL;PENSIONISTA;; PENSAO POR ORDEM JUDICIAL;954,00;;954,00;;954,00;
ULYSSES DE SOUZA DA SILVEIRA;PENSIONISTA ESPECIAL;PENSIONISTA;; PENSAO POR DECRETO;2385,00;;2385,00;;2385,00;
VALENTINA FIDELIS;PENSIONISTA ESPECIAL;PENSIONISTA;; PENSAO POR LEI;954,00;;954,00;;954,00;
VANEIDE SIMOES MONTEIRO;PENSIONISTA ESPECIAL;PENSIONISTA;; PENSAO POR DECRETO;1350,00;;1350,00;;1350,00;
VANUZA RUBIA GUIMARAES HARTZ;PENSIONISTA ESPECIAL;SUB-SECRETARIO DE ESTADO;; PENSAO POR DECRETO;11700,00;;11700,00;2348,14;9351,86;
VIOLETA CASTELO BRANCO GONCALVES;PENSIONISTA ESPECIAL;PENSIONISTA;; PENSAO POR DECRETO;5000,00;;5000,00;109,60;4890,40;
WARLLEN BATISTA DO NASCIMENTO;PENSIONISTA ESPECIAL;PENSIONISTA;; PENSAO POR ORDEM JUDICIAL;1908,00;;1908,00;;1908,00;
YARA MIRANDA LITAIFF;PENSIONISTA ESPECIAL;PENSIONISTA;PENSAO ESPECIAL; PENSAO POR ORDEM JUDICIAL;635,94;;635,94;;635,94;
YASMIM NATHALIA DE MATOS PEREIRA;PENSIONISTA ESPECIAL;PENSIONISTA;PENSAO ESPECIAL; PENSAO POR ORDEM JUDICIAL;212,00;;212,00;;212,00;
