NOME;LOTACAO;CARGO;FUNCAO;VINCULO;REMUNERACAO LEGAL TOTAL(R$);DESC.TETO(R$); REMUNERACAO LEGAL DEVIDA(R$);DESCONTOS LEGAIS(R$);LIQUIDO DISPONIVEL(R$);
ABIAIR BARROSO BRUCE;DEPTO.DE PROTECAO SOC.BASICA;ASSESSOR II;ASSESSOR-II AD-2; CARGO COMISSION.S/VINCULO;4209,79;;4209,79;670,28;3539,51;
ACRISIO ZIK UCHOA;DEPTO.DE ADMINIS.E FINANCAS;AUXILIAR DE SERV GERAIS 3A CLASSE;; ESTATUTARIO;2908,39;;2908,39;194,87;2713,52;
ADRIANA CELINA SERRAO RODRIGUES;DEPTO.DE ADMINIS.E FINANCAS;A.TEC-II;GERENTE AD-2; ESTATUTARIO;4835,46;;4835,46;576,99;4258,47;
ADRIANA SANTOS PELLIN;DEPTO.DE PROTECAO SOC.ESPECIAL;GERENTE;; CARGO COMISSION.S/VINCULO;4209,79;;4209,79;670,28;3539,51;
AIRTON DA SILVA MARTINS;DEPTO.DE ADMINIS.E FINANCAS;ASSESSOR II;; CARGO COMISSION.S/VINCULO;4209,79;;4209,79;613,40;3596,39;
AIRTONI RIBEIRO MIGUEL;DEPTO.DE ADMINIS.E FINANCAS;SUBGERENTE;; CARGO COMISSION.S/VINCULO;3191,80;;3191,80;392,90;2798,90;
ALBERTO ASSIS DOS ANJOS;DEPTO.DE PROTECAO SOC.BASICA;ASSESSOR III;; CARGO COMISSION.S/VINCULO;3191,80;;3191,80;378,69;2813,11;
ALBERTO HIPOCRATES E MELLO;DEPTO.DE ADMINIS.E FINANCAS;AUX.S.G-I;; ESTATUTARIO;3586,06;;3586,06;281,51;3304,55;
ALCINEIDE MAQUINE DA SILVA;DEPTO.DE ADMINIS.E FINANCAS;AUX.S.G-II;; ESTATUTARIO;1443,89;;1443,89;138,81;1305,08;
ALDENORA SERRAO ALVES;ASSESSORIA DE PLANEJAMENTO;ASSISTENTE TECNICO 3A CLASSE;; ESTATUTARIO;4355,18;;4355,18;418,47;3936,71;
ALISILVIA LEAO PEDROSO;DEPTO.DE PROTECAO SOC.BASICA;GERENTE;GERENTE AD 2; CARGO COMISSION.S/VINCULO;4209,79;;4209,79;670,28;3539,51;
ANA ALZIRA ALEIXO;DEPTO.DE PROTECAO SOC.BASICA;ASSESSOR III;; CARGO COMISSION.S/VINCULO;3191,80;;3191,80;392,90;2798,90;
ANA CLAUDIA PEREIRA DE SOUZA;DEPTO.DE ADMINIS.E FINANCAS;ASSISTENTE TECNICO 1A CLASSE;; ESTATUTARIO;3875,59;;3875,59;365,38;3510,21;
ANA LUCIA DE SIQUEIRA MOREIRA;DEPTO.DE ADMINIS.E FINANCAS;ASSISTENTE TECNICO 1A CLASSE;; ESTATUTARIO;3878,08;;3878,08;337,53;3540,55;
ANA MARIA BEZERRA NUNES;DEPTO.DE PROTECAO SOC.ESPECIAL;ASSISTENTE TECNICO 2A CLASSE;; ESTATUTARIO;3877,76;;3877,76;365,88;3511,88;
ANA MARIA MARTINS SIMOES;DEPTO.DE PROTECAO SOC.BASICA;MONITOR 2A CLASSE;; ESTATUTARIO;1372,77;;1372,77;151,41;1221,36;
ANA MARIA PIMENTEL DA SILVA;DEPTO.DE PROTECAO SOC.BASICA;AUX.S.G-II;; ESTATUTARIO;1253,20;;1253,20;137,85;1115,35;
ANA MARIA RODRIGUES S PINHEIRO;DEPTO.DE PROTECAO SOC.BASICA;ASSESSOR II;; CARGO COMISSION.S/VINCULO;4209,79;;4209,79;670,28;3539,51;
ANA PAULA ANDRADE ANGIOLE;DEPTO.DE PROTECAO SOC.ESPECIAL;GERENTE;; CARGO COMISSION.S/VINCULO;4209,79;;4209,79;641,84;3567,95;
ANAIZE MARIA COUTINHO MARTINS;DEPTO.DE ADMINIS.E FINANCAS;ASSESSOR III;; CARGO COMISSION.S/VINCULO;3191,80;;3191,80;407,12;2784,68;
ANAY VIRGINIA COUTINHO DE OLIVEIRA;DEPTO.DE PROTECAO SOC.BASICA;ASSESSOR III;; CARGO COMISSION.S/VINCULO;3191,80;;3191,80;407,12;2784,68;
ANDERSON MARQUES RAMPASO;DEPTO.DE ADMINIS.E FINANCAS;GERENTE;GERENTE AD 2; CARGO COMISSION.S/VINCULO;5613,05;;5613,05;890,66;4722,39;
ANDREA DE CASSIA LIRA DA SILVA;DEPTO.DE ADMINIS.E FINANCAS;AUX.S.G-II;AUX. SERVICOS GERAIS; ESTATUTARIO;1240,78;;1240,78;133,80;1106,98;
ANGELA JACIARA MERGUEIRO DE MATOS;DEPTO.DE ADMINIS.E FINANCAS;AUX.S.G-II;; ESTATUTARIO;2916,15;;2916,15;203,42;2712,73;
ANIELE COUTINHO DE OLIVEIRA;DEPTO.DE PROTECAO SOC.ESPECIAL;SUBGERENTE;; CARGO COMISSION.S/VINCULO;3191,80;;3191,80;422,40;2769,40;
ANNA BERNADETH OLIVEIRA MONIZ;DEPTO.DE ADMINIS.E FINANCAS;A.TEC-I;; ESTATUTARIO;2886,98;;2886,98;233,42;2653,56;
ANTONIA CLEONILDE ARAUJO DOS SANTOS;DEPTO.DE PROTECAO SOC.BASICA;AUX.S.G-II;; ESTATUTARIO;1285,15;;1285,15;137,85;1147,30;
ANTONIO CLAUDIO DA SILVA BRAGA;DEPTO.DE ADMINIS.E FINANCAS;ASSESSOR II;; CARGO COMISSION.S/VINCULO;4209,79;;4209,79;641,84;3567,95;
ANTONIO GERALDO PICANCO;DEPTO.DE ADMINIS.E FINANCAS;MOT-I;SUB.GERENTE AD-3; ESTATUTARIO;1794,40;;1794,40;177,82;1616,58;
ARIDAN NONATA COUTO RAMOS;ASSESSORIA DE PLANEJAMENTO;AUX.S.G-II;; ESTATUTARIO;3524,90;;3524,90;291,92;3232,98;
ARIOMAR TAVARES DE SOUZA;DEPTO.DE ADMINIS.E FINANCAS;A.TEC-I;; ESTATUTARIO;2200,32;;2200,32;171,92;2028,40;
ARTEMIZA ANDRADE BARBOSA;DEPTO.DE ADMINIS.E FINANCAS;AUX.S.G-II;; ESTATUTARIO;2211,11;;2211,11;136,49;2074,62;
AUGUSTO CESAR DE OLIVEIRA;DEPTO.DE ADMINIS.E FINANCAS;ASSESSOR II;; CARGO COMISSION.S/VINCULO;4209,79;;4209,79;670,28;3539,51;
AUXILIADORA ABRANTES PINTO;GABINETE DO SECRETARIO;SECRETARIO DE ESTADO;; CARGO COMISSION.S/VINCULO;13500,00;;13500,00;3293,39;10206,61;
BENEDITA MORENO BORGES;DEPTO.DE ADMINIS.E FINANCAS;AUXILIAR DE SERV GERAIS 3A CLASSE;; ESTATUTARIO;1614,55;;1614,55;128,27;1486,28;
CARLOS ALBERTO KITZINGER DE SOUZA;DEPTO.DE ADMINIS.E FINANCAS;MOT-II;; ESTATUTARIO;2454,91;;2454,91;163,90;2291,01;
CELESTE BENTES SANTANA;DEPTO.DE ADMINIS.E FINANCAS;A.TEC-I;; ESTATUTARIO;11010,87;;11010,87;2136,00;8874,87;
CLAUDETE LEAO IVO MOYSES;DEPTO.DE ADMINIS.E FINANCAS;A.SOC-I;; ESTATUTARIO;5184,49;;5184,49;849,39;4335,10;
CREUSA PRATA SILVA;DEPTO.DE ADMINIS.E FINANCAS;SUBGERENTE;; CARGO COMISSION.S/VINCULO;3191,80;;3191,80;422,40;2769,40;
DANIEL PEREIRA DO CARMO;DEPTO.DE ADMINIS.E FINANCAS;SUBGERENTE;SUBGERENTE AD-3; CARGO COMISSION.S/VINCULO;3191,80;;3191,80;422,40;2769,40;
DARLAN MARCELO DA COSTA PIMENTEL;DEPTO.DE PROTECAO SOC.ESPECIAL;A.TEC-I;; ESTATUTARIO;2182,86;;2182,86;170,72;2012,14;
DEBHORA RODRIGUES GARCIA;ASSESSORIA JURIDICA;SUBGERENTE;; CARGO COMISSION.S/VINCULO;3191,80;;3191,80;422,40;2769,40;
DELMARINA NASCIMENTO DA SILVEIRA;DEPTO.DE ADMINIS.E FINANCAS;ASSISTENTE TECNICO 3A CLASSE;CH.SEC.ADM.CEAS AD-2; ESTATUTARIO;3780,28;;3780,28;310,86;3469,42;
DENIS PINTO DE JESUS;DEPTO.DE PROTECAO SOC.BASICA;AUX.S.G-II;; ESTATUTARIO;1498,35;;1498,35;137,85;1360,50;
DEUSA DE SOUZA SALGADO;PESSOAL PROC.DE APOSENTADORIA;A.TEC-I;; ESTATUTARIO;2966,59;;2966,59;246,68;2719,91;
ED ALBERT GOMES RIBEIRO;GABINETE DO SECRETARIO;SUBGERENTE;; CARGO COMISSION.S/VINCULO;3191,80;;3191,80;407,12;2784,68;
EDER BARBOSA SOARES;DEPTO.DE PROTECAO SOC.BASICA;ASSESSOR III;; CARGO COMISSION.S/VINCULO;3191,80;;3191,80;422,40;2769,40;
EDILEUZA DE LIMA FROES OLIVEIRA;DEPTO.DE ADMINIS.E FINANCAS;A.TEC-I;; ESTATUTARIO;1629,34;;1629,34;172,64;1456,70;
EDIMIRK DE VASCONCELOS COSTA;GABINETE DO SECRETARIO;CHEFE DE GABINETE;; CARGO COMISSION.S/VINCULO;5229,77;;5229,77;986,40;4243,37;
EDNELZA DE SOUZA PEREIRA;DEPTO.DE ADMINIS.E FINANCAS;A.TEC-II;; ESTATUTARIO;3033,19;;3033,19;217,76;2815,43;
EDUARDO PERALTA DE ALMEIDA;DEPTO.DE PROTECAO SOC.BASICA;ASSESSOR IV;; CARGO COMISSION.S/VINCULO;3175,61;;3175,61;418,48;2757,13;
ELBA KATIANE SANTOS BORGES;DEPTO.DE PROTECAO SOC.BASICA;ASSESSOR III;ASSESSOR III AD-3; CARGO COMISSION.S/VINCULO;4255,73;;4255,73;684,21;3571,52;
ELIANA PAIXAO DE SOUZA;DEPTO.DE PROTECAO SOC.BASICA;AGENTE ADMINISTRATIVO 1A CLASSE;; ESTATUTARIO;2757,01;;2757,01;203,83;2553,18;
ELIANA RAPOSO BARRETO;DEPTO.DE PROTECAO SOC.ESPECIAL;AGENTE ADMINISTRATIVO 2A CLASSE;; ESTATUTARIO;1524,18;;1524,18;151,41;1372,77;
ELIANO NASCIMENTO DE OLIVEIRA;DEPTO.DE PROTECAO SOC.BASICA;VIGIA-II;; ESTATUTARIO;1316,40;;1316,40;137,85;1178,55;
ELIEZER PEDRO XAVIER;SEC.EXECUT.DA ASSIST.SOCIAL;ASSESSOR II;; CARGO COMISSION.S/VINCULO;4209,79;;4209,79;547,12;3662,67;
ELISANGELA DE SOUZA FERNANDES;DEPTO.DE ADMINIS.E FINANCAS;A.TEC-II;; ESTATUTARIO;3041,46;;3041,46;238,12;2803,34;
ERIK IRAPUAMA BRAGA LOPES;DEPTO.DE PROTECAO SOC.BASICA;ASSESSOR II;; CARGO COMISSION.S/VINCULO;4209,79;;4209,79;584,96;3624,83;
ESTEVES COSTA DA SILVA;GABINETE DO SECRETARIO;ASSESSOR II;; CARGO COMISSION.S/VINCULO;4209,79;;4209,79;641,84;3567,95;
EUNICE ALVES DE LIMA;DEPTO.DE PROTECAO SOC.BASICA;AUX.S.G-II;; ESTATUTARIO;1660,15;;1660,15;137,85;1522,30;
EVELYN ROSA SANTOS DE ALBUQUERQUE;DEPTO.GEST.SIST.UN.ASS.SOCIAL;GERENTE;; CARGO COMISSION.S/VINCULO;4209,79;;4209,79;670,28;3539,51;
FABIANO DE LIMA MENEZES;SEC.EXECUT.DA ASSIST.SOCIAL;ASSESSOR II;; CARGO COMISSION.S/VINCULO;4209,79;;4209,79;641,84;3567,95;
FABIANO MESQUITA DE ARAUJO;DEPTO.DE PROTECAO SOC.BASICA;ASSESSOR I;ASSESSOR 1 AD 1; CARGO COMISSION.S/VINCULO;5229,77;;5229,77;901,09;4328,68;
FABIO MONTEIRO BENFICA;DEPTO.DE ADMINIS.E FINANCAS;ASSESSOR III;; CARGO COMISSION.S/VINCULO;3191,80;;3191,80;422,40;2769,40;
FELIPE AUGUSTO DE SOUZA CAMPOS;GABINETE DO SECRETARIO;ASSESSOR III;; CARGO COMISSION.S/VINCULO;3191,80;;3191,80;422,40;2769,40;
FELIPPE ISPER ABRAHIM NETO;SEC.EX.ADJ.POL.ASSIST.SOCIAL;SECRETARIO EXECUTIVO ADJUNTO;; CARGO COMISSION.S/VINCULO;9000,00;;9000,00;2055,89;6944,11;
FERNANDA DE SOUZA CASTELO BRANCO;DEPTO.DE PROTECAO SOC.BASICA;ASSESSOR I;; CARGO COMISSION.S/VINCULO;5229,77;;5229,77;943,74;4286,03;
FIDENCIO SOARES TAVEIRA;DEPTO.DE PROTECAO SOC.BASICA;VIGIA-II;; ESTATUTARIO;1660,15;;1660,15;137,85;1522,30;
FLAVIO MACHADO DOS SANTOS;DEPTO.DE PROTECAO SOC.BASICA;ASSESSOR III;; CARGO COMISSION.S/VINCULO;3191,80;;3191,80;422,40;2769,40;
FRANCISCA SORAYA INACIO DE SANTANA;GABINETE DO SECRETARIO;ASSESSOR I;; CARGO COMISSION.S/VINCULO;5229,77;;5229,77;986,40;4243,37;
FRANCISCA TOME DE LIMA;DEPTO.DE PROTECAO SOC.ESPECIAL;AUX.S.G-II;; ESTATUTARIO;1660,15;;1660,15;137,85;1522,30;
FRANCISCA VIEIRA DE LIMA;DEPTO.DE PROTECAO SOC.BASICA;AUXILIAR DE SERV GERAIS 1A CLASSE;; ESTATUTARIO;1614,55;;1614,55;128,27;1486,28;
FRANCISCO ADONOS GERALDO;DEPTO.DE ADMINIS.E FINANCAS;ASSESSOR II;; CARGO COMISSION.S/VINCULO;4209,79;;4209,79;670,28;3539,51;
FRANCISCO CARLOS DA SILVA GOMES;DEPTO.DE ADMINIS.E FINANCAS;AUX.S.G-II;; ESTATUTARIO;1253,20;;1253,20;137,85;1115,35;
FRANCISCO DE ALMEIDA MIRANDA;DEPTO.DE ADMINIS.E FINANCAS;AUX.S.G-II;; ESTATUTARIO;2006,15;;2006,15;137,85;1868,30;
FRANCISCO MAIA DE FREITAS;DEPTO.DE ADMINIS.E FINANCAS;MOTORISTA 3A CLASSE;; ESTATUTARIO;2382,46;;2382,46;151,36;2231,10;
GABRIELLE CAROLINE DA SILVA SANTOS;DEPTO.DE ADMINIS.E FINANCAS;ASSESSOR III;; CARGO COMISSION.S/VINCULO;3191,80;;3191,80;378,69;2813,11;
GELCIMAR LOPES DA COSTA;DEPTO.DE PROTECAO SOC.BASICA;AUX.S.G-II;; ESTATUTARIO;1316,40;;1316,40;137,85;1178,55;
GESSILVIA BARBOSA LIMA;GABINETE DO SECRETARIO;SUBGERENTE;; CARGO COMISSION.S/VINCULO;3191,80;;3191,80;422,40;2769,40;
GILDO GOMES DA GAMA;DEPTO.DE ADMINIS.E FINANCAS;VIGIA-II;; ESTATUTARIO;1855,15;;1855,15;137,85;1717,30;
GIULIANA FERREIRA DE LEMOS;DEPTO.DE ADMINIS.E FINANCAS;A.TEC-II;; ESTATUTARIO;2645,46;;2645,46;204,38;2441,08;
HELIO FLAVIO REIS PONTES;DEPTO.DE ADMINIS.E FINANCAS;AUX.S.G-II;; ESTATUTARIO;2916,15;;2916,15;174,98;2741,17;
HILDALEA CASTRO DOS REIS;SEC.EXECUT.DA ASSIST.SOCIAL;A.TEC-III;SEC. EXECUTIVA; ESTATUTARIO;15600,00;;15600,00;2981,58;12618,42;
IARA SELMA BEZERRA AZEVEDO;GABINETE DO SECRETARIO;ASSESSOR I;; CARGO COMISSION.S/VINCULO;4229,77;;4229,77;618,27;3611,50;
IDELFONSO CORNELIO BRAZ;DEPTO.DE ADMINIS.E FINANCAS;AUX.S.G-II;; ESTATUTARIO;1740,83;;1740,83;139,77;1601,06;
INGRID AMARANTE VIEIRA;GABINETE DO SECRETARIO;SUBGERENTE;; CARGO COMISSION.S/VINCULO;3191,80;;3191,80;422,40;2769,40;
INGRID GODINHO DODO;ASSESSORIA JURIDICA;ASSESSOR I;; CARGO COMISSION.S/VINCULO;5229,77;;5229,77;986,40;4243,37;
ISABEL CRISTINA ALENCAR DE LIMA;SEC.EX.ADJ.POL.ASSIST.SOCIAL;AUX.S.G-II;; ESTATUTARIO;1435,15;;1435,15;137,85;1297,30;
ISABEL LUCICLEIDE FREITAS PEREIRA;DEPTO.DE ADMINIS.E FINANCAS;ASSESSOR III;; CARGO COMISSION.S/VINCULO;3191,80;;3191,80;422,40;2769,40;
ITALA PATRICIA COUTINHO C RODRIGUES;DEPTO.DE PROTECAO SOC.BASICA;DIRETOR DE UNIDADE AD-1;DRTOR DE UNID AD1; CARGO COMISSION.S/VINCULO;4229,77;;4229,77;676,15;3553,62;
JANAINA LIMA DO NASCIMENTO;DEPTO.DE PROTECAO SOC.BASICA;SUBGERENTE;; CARGO COMISSION.S/VINCULO;3191,80;;3191,80;392,90;2798,90;
JARDAS LIMA SOLANO;DEPTO.DE ADMINIS.E FINANCAS;A.TEC-II;; ESTATUTARIO;3641,46;;3641,46;299,69;3341,77;
JOANA VIEIRA DA SILVA;DEPTO.DE ADMINIS.E FINANCAS;AGENTE ADMINISTRATIVO 1A CLASSE;; ESTATUTARIO;3815,05;;3815,05;351,20;3463,85;
JOANNA TEIXEIRA DE OLIVEIRA;DEPTO.DE PROTECAO SOC.ESPECIAL;DIRETOR DE UNIDADE AD-1;; CARGO COMISSION.S/VINCULO;4229,77;;4229,77;646,71;3583,06;
JOAO AUGUSTO BARROS DIAS;DEPTO.DE ADMINIS.E FINANCAS;ASSESSOR II;; CARGO COMISSION.S/VINCULO;4209,79;;4209,79;613,40;3596,39;
JOAO DE SOUZA BEZERRA;DEPTO.DE ADMINIS.E FINANCAS;AUX.S.G-I;; ESTATUTARIO;1738,80;;1738,80;150,18;1588,62;
JOAO LUIZ LEITE DE FRANCA;DEPTO.DE ADMINIS.E FINANCAS;AUX.S.G-I;; ESTATUTARIO;2581,31;;2581,31;187,93;2393,38;
JOAQUINA DA SILVA MATIAS;DEPTO.DE ADMINIS.E FINANCAS;AGENTE ADMINISTRATIVO 3A CLASSE;; ESTATUTARIO;1505,28;;1505,28;149,48;1355,80;
JORGE LUIZ JOSEPH;DEPTO.DE ADMINIS.E FINANCAS;A.TEC-II;; ESTATUTARIO;1777,19;;1777,19;159,23;1617,96;
JOSE EDUARDO GOMES DA SILVA;DEPTO.DE ADMINIS.E FINANCAS;AUX.S.G-II;; ESTATUTARIO;1660,15;;1660,15;137,85;1522,30;
JOSE ELIAS REIS DOS SANTOS;DEPTO.DE ADMINIS.E FINANCAS;AUXILIAR DE SERV GERAIS 2A CLASSE;; ESTATUTARIO;2164,39;;2164,39;129,23;2035,16;
JOSE IRAILTON GUIMARAES SENA;DEPTO.DE PROTECAO SOC.BASICA;ASSESSOR II;; CARGO COMISSION.S/VINCULO;4209,79;;4209,79;641,84;3567,95;
JOSE LUIZ DE SOUZA MEDEIROS;DEPTO.DE ADMINIS.E FINANCAS;ASSESSOR II;; CARGO COMISSION.S/VINCULO;4209,79;;4209,79;584,96;3624,83;
JOSE MARIA DE OLIVEIRA;DEPTO.DE ADMINIS.E FINANCAS;AUX.S.G-I;; ESTATUTARIO;1888,98;;1888,98;150,18;1738,80;
JOSE MARIO REMIGIO E SILVA;GABINETE DO SECRETARIO;ASSESSOR II;; CARGO COMISSION.S/VINCULO;4209,79;;4209,79;670,28;3539,51;
JOSE PAULO LIMA DOS SANTOS;DEPTO.DE PROTECAO SOC.BASICA;ASSESSOR II;; CARGO COMISSION.S/VINCULO;4209,79;;4209,79;613,40;3596,39;
JOSE RAIMUNDO BRANDAO MOTA;DEPTO.DE ADMINIS.E FINANCAS;ASSISTENTE TECNICO 2A CLASSE;GERENTE AD-2; ESTATUTARIO;5052,03;;5052,03;637,11;4414,92;
JOSE RAIMUNDO REGES PINHEIRO;DEPTO.DE ADMINIS.E FINANCAS;ASSESSOR III;ASSESSOR III AD-3; CARGO COMISSION.S/VINCULO;3191,80;;3191,80;351,09;2840,71;
JOSE SALVADOR MOREIRA MARTINS;DEPTO.DE PROTECAO SOC.BASICA;ASSESSOR II;; CARGO COMISSION.S/VINCULO;4209,79;;4209,79;670,28;3539,51;
JOSIMAR ANJOS DE SOUZA;DEPTO.DE PROTECAO SOC.ESPECIAL;VIGIA-II;; ESTATUTARIO;1855,15;;1855,15;137,85;1717,30;
JOSIMIRAMIS ABRANTES JORDÃO;SEC.EXECUT.DA ASSIST.SOCIAL;ASSESSOR II;; CARGO COMISSION.S/VINCULO;4209,79;;4209,79;670,28;3539,51;
JULIANA KETLEN CAVALCANTE L SABOIA;DEPTO.DE PROTECAO SOC.BASICA;GERENTE;GERENTE AD2; CARGO COMISSION.S/VINCULO;4209,79;;4209,79;670,28;3539,51;
JULIETA EMILIA BARBOSA MORAES;DEPTO.DE PROTECAO SOC.ESPECIAL;MOTORISTA-MOT-T.S.N.A.-A;CH DPTO AD-1; ESTATUTARIO;5660,86;;5660,86;794,87;4865,99;
JULIO MARCIO GOMES DE SOUZA;DEPTO.DE ADMINIS.E FINANCAS;ASSESSOR III;; CARGO COMISSION.S/VINCULO;3191,80;;3191,80;407,12;2784,68;
KAMILA CRISTINA MARIALVA NONATO;DEPTO.DE PROTECAO SOC.BASICA;ASSESSOR II;ASSESSOR II AD-2; CARGO COMISSION.S/VINCULO;2609,79;;2609,79;270,20;2339,59;
LAERCIO AUGUSTO RIBEIRO FILHO;DEPTO.DE ADMINIS.E FINANCAS;MOT-I;; ESTATUTARIO;2530,64;;2530,64;209,71;2320,93;
LARISSA REBOUCAS RODRIGUES;ASSESSORIA DE PLANEJAMENTO;GERENTE;GERENTE AD-2; CARGO COMISSION.S/VINCULO;5613,05;;5613,05;1121,87;4491,18;
LAURIMAR NOGUEIRA DE LIMA;DEPTO.DE PROTECAO SOC.ESPECIAL;VIGIA-II;; ESTATUTARIO;3401,11;;3401,11;137,85;3263,26;
LEANDRA VASCONCELOS ROBERTO;DEPTO.DE ADMINIS.E FINANCAS;ASSESSOR I;; CARGO COMISSION.S/VINCULO;5229,77;;5229,77;986,40;4243,37;
LEIDY SOARES DE LIMA;DEPTO.DE PROTECAO SOC.ESPECIAL;ASSESSOR I;ASSESSOR I AD-1; CARGO COMISSION.S/VINCULO;4229,77;;4229,77;676,15;3553,62;
LEILA CONCEICAO DA SILVA;DEPTO.DE ADMINIS.E FINANCAS;AUX.S.G-II;; ESTATUTARIO;3516,15;;3516,15;289,80;3226,35;
LEONILZE DA SILVA TEIXEIRA;DEPTO.DE ADMINIS.E FINANCAS;A.TEC-I;; ESTATUTARIO;2584,98;;2584,98;210,77;2374,21;
LEONOR CORREA DA SILVA;DEPTO.DE PROTECAO SOC.BASICA;MONITOR 2A CLASSE;; ESTATUTARIO;1367,67;;1367,67;150,44;1217,23;
LILIAN DA SILVA GOMES MELO;GABINETE DO SECRETARIO;ASSESSOR I;; CARGO COMISSION.S/VINCULO;5229,77;;5229,77;943,74;4286,03;
LILIANE ALVES DA PENHA;DEPTO.DE ADMINIS.E FINANCAS;ASSESSOR II;; CARGO COMISSION.S/VINCULO;4209,79;;4209,79;670,28;3539,51;
LILLIAN PORTELA MATTOS;GABINETE DO SECRETARIO;ASSESSOR I;; CARGO COMISSION.S/VINCULO;9587,77;;9587,77;2165,39;7422,38;
LINDANEY ALVES GRIJO;DEPTO.DE ADMINIS.E FINANCAS;AGENTE ADMINISTRATIVO 1A CLASSE;; ESTATUTARIO;3846,41;;3846,41;330,11;3516,30;
LISSANDRO TERCO DE VERCOSA;DEPTO.DE ADMINIS.E FINANCAS;AGENTE ADMINISTRATIVO 1A CLASSE;; ESTATUTARIO;1816,40;;1816,40;158,96;1657,44;
LORENA LOUREIRO LEAO;SEC.EX.ADJ.POL.ASSIST.SOCIAL;SUBGERENTE;; CARGO COMISSION.S/VINCULO;3191,80;;3191,80;422,40;2769,40;
LUCAS RODRIGUES AVINTE;ASSESSORIA DE DESIGN;ASSESSOR II;; CARGO COMISSION.S/VINCULO;4209,79;;4209,79;670,28;3539,51;
LUCIANA DA SILVA ASSUMPCAO;DEPTO.DE ADMINIS.E FINANCAS;ASSESSOR II;; CARGO COMISSION.S/VINCULO;4209,79;;4209,79;613,40;3596,39;
LUCIDALVA DE OLIVEIRA ANDRADE;DEPTO.DE ADMINIS.E FINANCAS;ASSISTENTE TECNICO 2A CLASSE;SUB.GERENTE AD-3; ESTATUTARIO;4079,29;;4079,29;409,04;3670,25;
LUIS ALEXANDRE DO ROSARIO RIBEIRO;DEPTO.DE ADMINIS.E FINANCAS;ASSESSOR II;ASSESSOR II AD-2; CARGO COMISSION.S/VINCULO;3479,72;;3479,72;492,50;2987,22;
LUIZ CARLOS PINTO DE LIMA;DEPTO.DE ADMINIS.E FINANCAS;ASSESSOR II;; CARGO COMISSION.S/VINCULO;4209,79;;4209,79;670,28;3539,51;
LUZIA SIQUEIRA DOS SANTOS;DEPTO.DE ADMINIS.E FINANCAS;A.TEC-I;; ESTATUTARIO;2933,79;;2933,79;208,49;2725,30;
MANOEL BEZERRA GOMES;DEPTO.DE ADMINIS.E FINANCAS;AUX.S.G-II;; ESTATUTARIO;1660,15;;1660,15;137,85;1522,30;
MARA TALITA PEREIRA DE SOUSA;DEPTO.DE PROTECAO SOC.BASICA;CHEFE DE DEPARTAMENTO;; CARGO COMISSION.S/VINCULO;5229,77;;5229,77;901,09;4328,68;
MARCELO AUGUSTO SILVA M RAMOS;ASSESSORIA JURIDICA;ASSISTENTE TECNICO 3A CLASSE;; ESTATUTARIO;3616,12;;3616,12;289,03;3327,09;
MARCIA FRANCISCA MATUZINHO ANDRADE;ASSESSORIA DE PLANEJAMENTO;ASSESSOR II;ASSESSOR II; CARGO COMISSION.S/VINCULO;4209,79;;4209,79;670,28;3539,51;
MARCIA LEILA DOS SANTOS FREIRE;DEPTO.DE ADMINIS.E FINANCAS;AGENTE ADMINISTRATIVO 3A CLASSE;; ESTATUTARIO;2986,28;;2986,28;220,20;2766,08;
MARCIA MARIA OLIVEIRA DA SILVA;DEPTO.DE PROTECAO SOC.BASICA;ASSESSOR III;; CARGO COMISSION.S/VINCULO;3191,80;;3191,80;407,12;2784,68;
MARCIA ZUILA ALMEIDA E SILVA;DEPTO.DE PROTECAO SOC.ESPECIAL;MONITOR 2A CLASSE;; ESTATUTARIO;1739,02;;1739,02;150,44;1588,58;
MARCILIO JOSE GOMES DE BRITO;DEPTO.DE ADMINIS.E FINANCAS;VIGIA-II;; ESTATUTARIO;1660,15;;1660,15;137,85;1522,30;
MARCIO ROBERTO MENDES RAMOS;DEPTO.DE ADMINIS.E FINANCAS;ASSESSOR I;; CARGO COMISSION.S/VINCULO;5229,77;;5229,77;943,74;4286,03;
MARGARIDA NUNES GALVAO GUERRA;ASSESSORIA DE COMUNIC.SOCIAL;A.TEC-I;; ESTATUTARIO;1569,48;;1569,48;172,64;1396,84;
MARIA ALCILENE FERREIRA DA SILVA;DEPTO.DE PROTECAO SOC.BASICA;AUX.S.G-II;; ESTATUTARIO;1261,94;;1261,94;138,81;1123,13;
MARIA AUXILIADORA M CAVALCANTE;ASSESSORIA JURIDICA;ASSISTENTE TECNICO 3A CLASSE;; ESTATUTARIO;2759,18;;2759,18;204,19;2554,99;
MARIA DA CONCEICAO AGOSTINHO MOTA;DEPTO.DE PROTECAO SOC.BASICA;A.TEC-I;; ESTATUTARIO;3191,41;;3191,41;278,24;2913,17;
MARIA DA CONCEICAO CANTUARIO;DEPTO.DE ADMINIS.E FINANCAS;AUX.S.G-I;; ESTATUTARIO;1644,56;;1644,56;148,25;1496,31;
MARIA DA CONCEICAO RODRIGUES CABRAL;SEC.EXECUT.DA ASSIST.SOCIAL;MONITOR 3A CLASSE;; ESTATUTARIO;2093,77;;2093,77;151,41;1942,36;
MARIA DAS DORES DA COSTA ANTONY;DEPTO.DE ADMINIS.E FINANCAS;A.TEC-I;; ESTATUTARIO;3902,40;;3902,40;378,94;3523,46;
MARIA DAS GRACAS ALVES DA S BYRON;PESSOAL PROC.DE APOSENTADORIA;A.SOC-I;DRTOR DE UNID AD 1; ESTATUTARIO;5177,00;;5177,00;846,79;4330,21;
MARIA DAS GRACAS LOPES RIBEIRO;DEPTO.DE ADMINIS.E FINANCAS;A.TEC-I;; ESTATUTARIO;3303,05;;3303,05;289,09;3013,96;
MARIA DE LOURDES DE SOUZA RAMOS;DEPTO.DE PROTECAO SOC.BASICA;AUXILIAR DE SERV GERAIS 3A CLASSE;; ESTATUTARIO;1239,55;;1239,55;128,27;1111,28;
MARIA DO PERPETUO SOCORRO O VIEIRA;DEPTO.DE ADMINIS.E FINANCAS;AUX.S.G-II;; ESTATUTARIO;1435,15;;1435,15;137,85;1297,30;
MARIA DO SOCORRO NASCIMENTO MELLO;DEPTO.DE ADMINIS.E FINANCAS;A.TEC-I;; ESTATUTARIO;5119,76;;5119,76;663,74;4456,02;
MARIA ELIZETE PAULINO PINTO;DEPTO.DE ADMINIS.E FINANCAS;GERENTE;GERENTE AD-2; CARGO COMISSION.S/VINCULO;5613,05;;5613,05;1121,87;4491,18;
MARIA GORETE DE SOUZA LOBATO;DEPTO.DE ADMINIS.E FINANCAS;A.TEC-I;; ESTATUTARIO;2643,46;;2643,46;220,52;2422,94;
MARIA HELENA COSTA DE OLIVEIRA;DEPTO.DE PROTECAO SOC.BASICA;ASSESSOR II;; CARGO COMISSION.S/VINCULO;4209,79;;4209,79;670,28;3539,51;
MARIA HELENA OLIVEIRA RODRIGUES;DEPTO.DE PROTECAO SOC.ESPECIAL;SUBGERENTE;; CARGO COMISSION.S/VINCULO;3191,80;;3191,80;422,40;2769,40;
MARIA IVANILDA COSTA CARVALHO;DEPTO.DE ADMINIS.E FINANCAS;A.TEC-I;; ESTATUTARIO;2584,98;;2584,98;210,77;2374,21;
MARIA JANETE GOMES DE BRITO;DEPTO.DE PROTECAO SOC.ESPECIAL;MONITOR 2A CLASSE;; ESTATUTARIO;1367,67;;1367,67;150,44;1217,23;
MARIA JOSEFINA OZIEL GALVAO;PESSOAL PROC.DE APOSENTADORIA;A.SOC-I;; ESTATUTARIO;3199,87;;3199,87;424,37;2775,50;
MARIA JULIA PEREIRA DE SOUZA;DEPTO.DE PROTECAO SOC.BASICA;ASSESSOR III;; CARGO COMISSION.S/VINCULO;3191,80;;3191,80;422,40;2769,40;
MARIA LENIZE TAPAJOS MAUES;DEPTO.DE ADMINIS.E FINANCAS;ASSESSOR I;; CARGO COMISSION.S/VINCULO;5229,77;;5229,77;986,40;4243,37;
MARIA LUCIA DA SILVA BARROS;SEC.EXECUT.DA ASSIST.SOCIAL;AUX.S.G-III;; ESTATUTARIO;2624,91;;2624,91;176,60;2448,31;
MARIA LUISA BUSSONS ALBUQUERQUE;DEPTO.DE ADMINIS.E FINANCAS;SUBGERENTE;; CARGO COMISSION.S/VINCULO;3191,80;;3191,80;422,40;2769,40;
MARIA LUZIA LIMA DE LIMA;ASSESSORIA DE PLANEJAMENTO;TECNICO 3A CLASSE;; ESTATUTARIO;2790,91;;2790,91;350,49;2440,42;
MARIA RAIMUNDA CARDOSO LOPES;DEPTO.DE ADMINIS.E FINANCAS;AUX.S.G-II;; ESTATUTARIO;1285,15;;1285,15;137,85;1147,30;
MARIA RAIMUNDA DOS ANJOS NASCIMENTO;DEPTO.DE ADMINIS.E FINANCAS;AUX.S.G-I;; ESTATUTARIO;1635,66;;1635,66;146,81;1488,85;
MARIA RITA RODRIGUES DE SOUZA;DEPTO.DE PROTECAO SOC.BASICA;AUX.S.G-II;; ESTATUTARIO;1660,15;;1660,15;137,85;1522,30;
MARIA ROSANGELA FURTADO DE OLIVEIRA;DEPTO.DE PROTECAO SOC.ESPECIAL;ASSESSOR II;; CARGO COMISSION.S/VINCULO;3209,79;;3209,79;426,78;2783,01;
MARIA ROSEMAR RODRIGUES FILGUEIRAS;GABINETE DO SECRETARIO;ASSESSOR II;; CARGO COMISSION.S/VINCULO;4209,79;;4209,79;670,28;3539,51;
MARIA SOCORRO CARIOCA BEZERRA;DEPTO.DE ADMINIS.E FINANCAS;AUXILIAR DE SERV GERAIS 3A CLASSE;; ESTATUTARIO;1614,55;;1614,55;128,27;1486,28;
MARIA SUELY DA SILVA MENDONCA;GABINETE DO SECRETARIO;CHEFE DE DEPARTAMENTO;; CARGO COMISSION.S/VINCULO;5229,77;;5229,77;986,40;4243,37;
MARIA VILMA XAVIER DE SOUSA SILVA;SEC.EX.ADJ.POL.ASSIST.SOCIAL;ASSESSOR II;; CARGO COMISSION.S/VINCULO;4209,79;;4209,79;641,84;3567,95;
MARICEU SIQUEIRA;DEPTO.DE PROTECAO SOC.BASICA;ASSESSOR II;; CARGO COMISSION.S/VINCULO;4209,79;;4209,79;670,28;3539,51;
MARILENE INACIO DAMASCENO;DEPTO.DE ADMINIS.E FINANCAS;AUXILIAR DE SERV GERAIS 3A CLASSE;; ESTATUTARIO;2172,55;;2172,55;138,79;2033,76;
MARILENE LEANDRO DA SILVA;DEPTO.DE PROTECAO SOC.BASICA;ASSESSOR II;; CARGO COMISSION.S/VINCULO;4209,79;;4209,79;670,28;3539,51;
MARILZA ROCHA FERREIRA;DEPTO.DE PROTECAO SOC.BASICA;GERENTE;GERENTE AD-2; CARGO COMISSION.S/VINCULO;5613,05;;5613,05;1121,87;4491,18;
MARINETE DOS SANTOS FERREIRA;DEPTO.DE ADMINIS.E FINANCAS;AGENTE ADMINISTRATIVO 3A CLASSE;; ESTATUTARIO;3628,44;;3628,44;318,16;3310,28;
MARIVALDO DE ANDRADE AGOSTINHO;DEPTO.DE PROTECAO SOC.BASICA;ASSESSOR II;; CARGO COMISSION.S/VINCULO;4209,79;;4209,79;670,28;3539,51;
MARLIDES DE CASTRO TEIXEIRA;DEPTO.DE PROTECAO SOC.BASICA;ASSESSOR II;; CARGO COMISSION.S/VINCULO;4209,79;;4209,79;670,28;3539,51;
MARLUCE DO NASCIMENTO SOARES;DEPTO.DE PROTECAO SOC.BASICA;AUX.S.G-II;; ESTATUTARIO;1285,15;;1285,15;137,85;1147,30;
MARTA CELIA MONTEIRO BEZERRA LIMA;DEPTO.DE PROTECAO SOC.BASICA;PROFESSOR PF20.ESP-III;GERENTE AD-2; ESTATUTARIO;6701,98;;6701,98;949,69;5752,29;
MAURO CEZAR VERCOSA DE SOUZA;DEPTO.DE PROTECAO SOC.BASICA;DIRETOR DE UNIDADE AD-1;DIRETOR UNIDADE AD-1; CARGO COMISSION.S/VINCULO;4229,77;;4229,77;646,71;3583,06;
MAURO SANDRO RODRIGUES DOS SANTOS;DEPTO.DE PROTECAO SOC.BASICA;ASSESSOR III;; CARGO COMISSION.S/VINCULO;3191,80;;3191,80;407,12;2784,68;
MEIRY CONCEICAO DA SILVA;DEPTO.DE ADMINIS.E FINANCAS;AUX.S.G-II;; ESTATUTARIO;1660,15;;1660,15;137,85;1522,30;
MESSIAS LEAL DE MACEDO;DEPTO.DE ADMINIS.E FINANCAS;AUX.S.G-II;; ESTATUTARIO;1660,15;;1660,15;137,85;1522,30;
MICHELE FROTA CRUZ;DEPTO.DE PROTECAO SOC.ESPECIAL;DIRETOR DE UNIDADE AD-1;; CARGO COMISSION.S/VINCULO;4229,77;;4229,77;646,71;3583,06;
MILANE LIMA REIS;DEPTO.GEST.SIST.UN.ASS.SOCIAL;PROFESSOR PF20.MAG-VII;GERENTE AD-2; ESTATUTARIO;5465,96;;5465,96;750,69;4715,27;
MIRIAN LIMA RAMOS;DEPTO.DE PROTECAO SOC.BASICA;ASSESSOR III;; CARGO COMISSION.S/VINCULO;3191,80;;3191,80;422,40;2769,40;
NADSON GUILHERME SARRAZIN DE SOUZA;DEPTO.DE ADMINIS.E FINANCAS;ASSESSOR III;; CARGO COMISSION.S/VINCULO;3191,80;;3191,80;392,90;2798,90;
NEILIANE CRISTINA BEZERRA SANTOS;DEPTO.DE PROTECAO SOC.BASICA;ASSESSOR II;; CARGO COMISSION.S/VINCULO;4209,79;;4209,79;670,28;3539,51;
NEREIDA IZABEL DOS SANTOS PRADO;GABINETE DO SECRETARIO;ASSESSOR I;; CARGO COMISSION.S/VINCULO;5229,77;;5229,77;986,40;4243,37;
NEZIA CANUTO DE MOURA;GABINETE DO SECRETARIO;AUXILIAR DE SERV GERAIS 1A CLASSE;; ESTATUTARIO;1957,23;;1957,23;130,19;1827,04;
NIXON RICARDO CARDOSO DA FONSECA;DEPTO.GEST.SIST.UN.ASS.SOCIAL;CHEFE DE DEPARTAMENTO;; CARGO COMISSION.S/VINCULO;5229,77;;5229,77;901,09;4328,68;
NORMA CORREA;DEPTO.DE ADMINIS.E FINANCAS;TECNICO 3A CLASSE;SUBGERENTE AD 3; ESTATUTARIO;4359,88;;4359,88;544,18;3815,70;
NUBIA PAULA DA SILVA;DEPTO.DE PROTECAO SOC.BASICA;ASSESSOR II;; CARGO COMISSION.S/VINCULO;4209,79;;4209,79;670,28;3539,51;
OTILIA ALVES FIGUEIREDO;DEPTO.DE ADMINIS.E FINANCAS;AUX.S.G-II;; ESTATUTARIO;1253,20;;1253,20;137,85;1115,35;
OZIAS MARINHO DUARTE;DEPTO.DE ADMINIS.E FINANCAS;SUBGERENTE;SUBGERENTE AD-3; CARGO COMISSION.S/VINCULO;3191,80;;3191,80;422,40;2769,40;
PABLO ANDRETTI DE LIMA ESTEVES;DEPTO.DE ADMINIS.E FINANCAS;ASSESSOR III;; CARGO COMISSION.S/VINCULO;3191,80;;3191,80;407,12;2784,68;
PAOLA DI ANGELIS BRASIL PASSOS;DEPTO.DE ADMINIS.E FINANCAS;GERENTE;; CARGO COMISSION.S/VINCULO;4209,79;;4209,79;641,84;3567,95;
PATRICIA DE LIMA DA SILVA;ASSESSORIA DE DESIGN;ASSESSOR I;; CARGO COMISSION.S/VINCULO;5229,77;;5229,77;901,09;4328,68;
PATRICK RAMON FERREIRA;DEPTO.DE PROTECAO SOC.BASICA;SUBGERENTE;; CARGO COMISSION.S/VINCULO;3191,80;;3191,80;407,12;2784,68;
PAULA JESSICA TRIGUEIRO DE MORAES;DEPTO.DE PROTECAO SOC.BASICA;SUBGERENTE;SUBGERENTE AD3; CARGO COMISSION.S/VINCULO;4255,73;;4255,73;653,03;3602,70;
PAULO GLEYSON LUCENA DE FIGUEIREDO;SEC.EX.ADJ.POL.ASSIST.SOCIAL;ASSESSOR I;ASSESSOR I AD 1; CARGO COMISSION.S/VINCULO;5229,77;;5229,77;986,40;4243,37;
PEDRO VICTOR MORAIS RIBEIRO;GABINETE DO SECRETARIO;ASSESSOR I;; CARGO COMISSION.S/VINCULO;5229,77;;5229,77;986,40;4243,37;
RACHEL GONCALVES CARDOSO SARAVY;DEPTO.DE PROTECAO SOC.ESPECIAL;SUBGERENTE;; CARGO COMISSION.S/VINCULO;3191,80;;3191,80;407,12;2784,68;
RAFAEL DE MORAIS WANDERLEY;DEPTO.DE PROTECAO SOC.ESPECIAL;SUBGERENTE;; CARGO COMISSION.S/VINCULO;3191,80;;3191,80;407,12;2784,68;
RAFAEL TAVARES BENEZAR;GABINETE DO SECRETARIO;ASSESSOR III;; CARGO COMISSION.S/VINCULO;3191,80;;3191,80;407,12;2784,68;
RAIMUNDA ALMEIDA DO NASCIMENTO;PESSOAL PROC.DE APOSENTADORIA;TNS-I;; ESTATUTARIO;3787,49;;3787,49;500,28;3287,21;
RAIMUNDA CRISPIM DE MATOS;DEPTO.DE ADMINIS.E FINANCAS;AUX.S.G-II;; ESTATUTARIO;2352,15;;2352,15;161,12;2191,03;
RAIMUNDA DE LIMA FERNANDES;DEPTO.DE PROTECAO SOC.BASICA;AUX.S.G-II;; ESTATUTARIO;1285,15;;1285,15;137,85;1147,30;
RAIMUNDA DORVALINA R CONCEICAO;SEC.EXECUT.DA ASSIST.SOCIAL;AUX.S.G-II;; ESTATUTARIO;1855,15;;1855,15;137,85;1717,30;
RAIMUNDA MONTEIRO DOS SANTOS;DEPTO.DE PROTECAO SOC.BASICA;MONITOR 2A CLASSE;; ESTATUTARIO;1367,67;;1367,67;150,44;1217,23;
RAIMUNDO JOSE DA SILVA PRADO;DEPTO.DE ADMINIS.E FINANCAS;MOT-I;; ESTATUTARIO;2539,39;;2539,39;211,25;2328,14;
RAIMUNDO NONATO FERNANDES FILHO;DEPTO.DE ADMINIS.E FINANCAS;MOT-I;; ESTATUTARIO;2706,54;;2706,54;222,90;2483,64;
RAYANE DE OLIVEIRA CARVALHO;GABINETE DO SECRETARIO;ASSESSOR III;; CARGO COMISSION.S/VINCULO;3191,80;;3191,80;422,40;2769,40;
REGINALDO ETELVINO LIMA DA SILVA;DEPTO.DE ADMINIS.E FINANCAS;A.TEC-II;; ESTATUTARIO;3041,46;;3041,46;238,12;2803,34;
REJANE LIMA DE ARAUJO;PESSOAL PROC.DE APOSENTADORIA;AGENTE ADMINISTRATIVO 3A CLASSE;; ESTATUTARIO;2007,04;;2007,04;149,48;1857,56;
REJANE SOLANGE ALVES MENEZES;ASSESSORIA DE PLANEJAMENTO;TNS-I;CHEFE DE DEP-AD-1; ESTATUTARIO;7310,79;;7310,79;1429,26;5881,53;
RENATO VIEIRA DA SILVA;DEPTO.DE ADMINIS.E FINANCAS;A.TEC-II;; ESTATUTARIO;4055,28;;4055,28;225,85;3829,43;
RICARDO GUERRA LOPES;DEPTO.DE ADMINIS.E FINANCAS;AUX.S.G-II;; ESTATUTARIO;2218,15;;2218,15;137,85;2080,30;
ROBERTO CARLOS COELHO DIBO;ASSESSORIA DE DESIGN;SUBGERENTE;; CARGO COMISSION.S/VINCULO;3191,80;;3191,80;379,25;2812,55;
ROGERIA DE OLIVEIRA SILVA;DEPTO.DE ADMINIS.E FINANCAS;DIRETOR DE UNIDADE AD-1;; CARGO COMISSION.S/VINCULO;4229,77;;4229,77;676,15;3553,62;
ROSANGELA TOGA CAMBRIAI;DEPTO.DE ADMINIS.E FINANCAS;ASSESSOR I;; CARGO COMISSION.S/VINCULO;3229,77;;3229,77;431,65;2798,12;
ROSANI SILVA BELEM;ASSESSORIA DE PLANEJAMENTO;A.TEC-II;; ESTATUTARIO;2131,46;;2131,46;160,83;1970,63;
ROSILENE SOUZA FREIRE;PESSOAL PROC.DE APOSENTADORIA;AUX.S.G-II;; ESTATUTARIO;1435,15;;1435,15;137,85;1297,30;
RUBENS DAMASCENO DE A RODRIGUES;DEPTO.DE PROTECAO SOC.BASICA;ASSESSOR II;; CARGO COMISSION.S/VINCULO;4209,79;;4209,79;670,28;3539,51;
RUTH MARIA CARLOS PACHECO;DEPTO.GEST.SIST.UN.ASS.SOCIAL;GERENTE;; CARGO COMISSION.S/VINCULO;4209,79;;4209,79;641,84;3567,95;
RUTHNEIDA DA SILVA MORAES;ASSESSORIA DE PLANEJAMENTO;GERENTE;GERENTE AD 2; CARGO COMISSION.S/VINCULO;4209,79;;4209,79;670,28;3539,51;
SALLY GOMES ARANIVA;GABINETE DO SECRETARIO;ASSESSOR I;; CARGO COMISSION.S/VINCULO;5229,77;;5229,77;986,40;4243,37;
SALOME AMARAL COELHO;GABINETE DO SECRETARIO;TNS-I;; ESTATUTARIO;3573,69;;3573,69;475,40;3098,29;
SANDRA MAQUINE MACIEL;DEPTO.DE ADMINIS.E FINANCAS;AGENTE ADMINISTRATIVO 4A CLASSE;; ESTATUTARIO;3595,02;;3595,02;312,33;3282,69;
SELMA DEANE DE LIMA MELO;DEPTO.GEST.SIST.UN.ASS.SOCIAL;ASSESSOR II;; CARGO COMISSION.S/VINCULO;3209,79;;3209,79;426,78;2783,01;
SELMA LOPES DOS SANTOS;DEPTO.DE PROTECAO SOC.BASICA;ASSESSOR II;; CARGO COMISSION.S/VINCULO;4209,79;;4209,79;641,84;3567,95;
SEVERINA PERES DE AREVALO;DEPTO.DE ADMINIS.E FINANCAS;AUX.ADM-I;; ESTATUTARIO;1587,78;;1587,78;157,35;1430,43;
SHELDON PEREIRA DE CASTRO;DEPTO.DE PROTECAO SOC.BASICA;ASSESSOR II;; CARGO COMISSION.S/VINCULO;4209,79;;4209,79;670,28;3539,51;
SIDNEY DUARTE GALVAO;DEPTO.DE ADMINIS.E FINANCAS;SUBGERENTE;SUBGERENTE; CARGO COMISSION.S/VINCULO;3191,80;;3191,80;422,40;2769,40;
SIDNEY ROQUE CAVALCANTE;DEPTO.DE PROTECAO SOC.BASICA;A.TEC-I;; ESTATUTARIO;1629,34;;1629,34;172,64;1456,70;
SILVIA CARLA MACEDO CARDOSO FURTADO;GABINETE DO SECRETARIO;ASSESSOR I;; CARGO COMISSION.S/VINCULO;5229,77;;5229,77;986,40;4243,37;
SINDY VALETA PEREIRA;GABINETE DO SECRETARIO;ASSESSOR II;; CARGO COMISSION.S/VINCULO;4209,79;;4209,79;641,84;3567,95;
SKATHI LIANE CRUZ DA SILVA;DEPTO.DE PROTECAO SOC.BASICA;A.TEC-I;; ESTATUTARIO;2046,40;;2046,40;174,57;1871,83;
SONY MARCOS NOGUEIRA DUARTE;DEPTO.DE PROTECAO SOC.ESPECIAL;AUX.S.G-II;; ESTATUTARIO;1905,71;;1905,71;137,85;1767,86;
SUELY DA SILVA TEIXEIRA;DEPTO.DE ADMINIS.E FINANCAS;A.TEC-I;; ESTATUTARIO;4007,72;;4007,72;408,98;3598,74;
SUELY DE CASTRO NUNES;DEPTO.DE ADMINIS.E FINANCAS;ASSISTENTE TECNICO 1A CLASSE;; ESTATUTARIO;3877,76;;3877,76;365,88;3511,88;
TELIA RABELO DA SILVA FEIJAO;DEPTO.DE ADMINIS.E FINANCAS;GERENTE;GERENTE AD 2; CARGO COMISSION.S/VINCULO;4209,79;;4209,79;670,28;3539,51;
TERESA NEUMA NOGUEIRA MARTINIANO;DEPTO.DE PROTECAO SOC.BASICA;A.TEC-I;; ESTATUTARIO;2647,62;;2647,62;221,21;2426,41;
THIAGO MARTINS PEREIRA;GABINETE DO SECRETARIO;SUBGERENTE;; CARGO COMISSION.S/VINCULO;3191,80;;3191,80;422,40;2769,40;
VANIA MARIA BESSA BARROS;DEPTO.DE PROTECAO SOC.BASICA;A.SOC-II;; ESTATUTARIO;3584,66;;3584,66;460,04;3124,62;
VERA DA COSTA SERRAO;DEPTO.DE PROTECAO SOC.BASICA;ASSISTENTE TECNICO 3A CLASSE;; ESTATUTARIO;2697,33;;2697,33;208,67;2488,66;
VICENTE MAJELA PONTES RAPOSO;DEPTO.DE ADMINIS.E FINANCAS;AGENTE ADMINISTRATIVO 1A CLASSE;; ESTATUTARIO;3755,18;;3755,18;337,18;3418,00;
WAGNER ALEXANDRE R FILGUEIRAS;GABINETE DO SECRETARIO;ASSESSOR III;; CARGO COMISSION.S/VINCULO;3191,80;;3191,80;422,40;2769,40;
WALDENIS ALMEIDA DE SOUZA;DEPTO.DE ADMINIS.E FINANCAS;ASSESSOR II;; CARGO COMISSION.S/VINCULO;4209,79;;4209,79;613,40;3596,39;
ZINA GRANGEIRO PINHEIRO;DEPTO.DE PROTECAO SOC.BASICA;AUX.S.G-II;; ESTATUTARIO;1999,11;;1999,11;136,49;1862,62;
