NOME;LOTACAO;CARGO;FUNCAO;VINCULO;REMUNERACAO LEGAL TOTAL(R$);DESC.TETO(R$); REMUNERACAO LEGAL DEVIDA(R$);DESCONTOS LEGAIS(R$);LIQUIDO DISPONIVEL(R$);
ABIAIR BARROSO BRUCE;DEPTO.DE DESENV.POL.ASS.SOCIAL;SUBGERENTE;; CARGO COMISSION.S/VINCULO;3491,80;;3491,80;422,40;3069,40;
ACRISIO ZIK UCHOA;DEPTO.DE ADMINIS.E FINANCAS;AUXILIAR DE SERV GERAIS 3A CLASSE;; ESTATUTARIO;2481,29;;2481,29;140,33;2340,96;
ADRIANA CELINA SERRAO RODRIGUES;DEPTO.DE ADMINIS.E FINANCAS;A.TEC-II;GERENTE AD-2; ESTATUTARIO;1762,06;;1762,06;160,83;1601,23;
ADSON OLIVEIRA DOS SANTOS;GABINETE DO SECRETARIO;ASSESSOR II;; CARGO COMISSION.S/VINCULO;9280,88;;9280,88;2050,63;7230,25;
ALBERTO HIPOCRATES E MELLO;DEPTO.DE ADMINIS.E FINANCAS;AUX.S.G-I;; ESTATUTARIO;3886,06;;3886,06;281,51;3604,55;
ALCINEIDE MAQUINE DA SILVA;DEPTO.DE ADMINIS.E FINANCAS;AUX.S.G-II;; ESTATUTARIO;2415,89;;2415,89;138,81;2277,08;
ALDENORA SERRAO ALVES;ASSESSORIA DE PLANEJAMENTO;ASSISTENTE TECNICO 3A CLASSE;; ESTATUTARIO;4055,18;;4055,18;308,74;3746,44;
ALISILVIA LEAO PEDROSO;DEPTO.DE PROTECAO SOC.BASICA;GERENTE;GERENTE AD 2; CARGO COMISSION.S/VINCULO;4509,79;;4509,79;670,28;3839,51;
ANA CLAUDIA PEREIRA DE SOUZA;DEPTO.DE ADMINIS.E FINANCAS;ASSISTENTE TECNICO 1A CLASSE;; ESTATUTARIO;3925,59;;3925,59;365,38;3560,21;
ANA LUCIA DE SIQUEIRA MOREIRA;DEPTO.DE ADMINIS.E FINANCAS;ASSISTENTE TECNICO 1A CLASSE;; ESTATUTARIO;4178,08;;4178,08;337,53;3840,55;
ANA MARIA BEZERRA NUNES;DEPTO.DE PROTECAO SOC.ESPECIAL;ASSISTENTE TECNICO 2A CLASSE;; ESTATUTARIO;4177,76;;4177,76;365,88;3811,88;
ANA MARIA GATO BENTES;DEPTO.DE ADMINIS.E FINANCAS;A.TEC-II;SECRETARIO EXECUTIVO; ESTATUTARIO;12000,00;;12000,00;2462,44;9537,56;
ANA MARIA MARTINS SIMOES;DEPTO.DE PROTECAO SOC.BASICA;MONITOR 2A CLASSE;; ESTATUTARIO;1672,77;;1672,77;151,41;1521,36;
ANA MARIA PIMENTEL DA SILVA;DEPTO.DE PROTECAO SOC.BASICA;AUX.S.G-II;; ESTATUTARIO;1253,20;;1253,20;137,85;1115,35;
ANA MARIA PINA PAIVA;GABINETE DO SECRETARIO;ASSESSOR II;; CARGO COMISSION.S/VINCULO;4509,79;;4509,79;670,28;3839,51;
ANA PAULA DA SILVA SABELLI;GABINETE DO SECRETARIO;SUBGERENTE;; CARGO COMISSION.S/VINCULO;3491,80;;3491,80;422,40;3069,40;
ANDERSON DA COSTA MARIALVA;GABINETE DO SECRETARIO;ASSESSOR III;; CARGO COMISSION.S/VINCULO;620,62;;620,62;21,27;599,35;
ANDERSON MARQUES RAMPASO;DEPTO.DE ADMINIS.E FINANCAS;GERENTE;GERENTE AD 2; CARGO COMISSION.S/VINCULO;4509,79;;4509,79;529,72;3980,07;
ANDREA DE CASSIA LIRA DA SILVA;DEPTO.DE ADMINIS.E FINANCAS;AUX.S.G-II;AUX. SERVICOS GERAIS; ESTATUTARIO;1540,78;;1540,78;133,80;1406,98;
ANDREZA OLIVEIRA SANTOS;GABINETE DO SECRETARIO;ASSESSOR II;; CARGO COMISSION.S/VINCULO;4509,79;;4509,79;670,28;3839,51;
ANGELA CHRISTINA VIRGILIO PINHEIRO;GABINETE DO SECRETARIO;ASSESSOR II;NAO INFORMADO; CARGO COMISSION.S/VINCULO;4209,79;;4209,79;670,28;3539,51;
ANGELA JACIARA MERGUEIRO DE MATOS;DEPTO.DE ADMINIS.E FINANCAS;AUX.S.G-II;; ESTATUTARIO;3216,15;;3216,15;203,42;3012,73;
ANNA BERNADETH OLIVEIRA MONIZ;DEPTO.DE ADMINIS.E FINANCAS;A.TEC-I;; ESTATUTARIO;3186,98;;3186,98;233,42;2953,56;
ANTONIA CLEONILDE ARAUJO DOS SANTOS;DEPTO.DE PROTECAO SOC.BASICA;AUX.S.G-II;; ESTATUTARIO;1585,15;;1585,15;137,85;1447,30;
ANTONIO CARLOS SOLANO MARTINS;GABINETE DO SECRETARIO;ASSESSOR II;NAO INFORMADO; CARGO COMISSION.S/VINCULO;4209,79;;4209,79;670,28;3539,51;
ANTONIO GERALDO PICANCO;DEPTO.DE ADMINIS.E FINANCAS;MOT-I;SUB.GERENTE AD-3; ESTATUTARIO;2094,40;;2094,40;177,82;1916,58;
ARIDAN NONATA COUTO RAMOS;ASSESSORIA DE PLANEJAMENTO;AUX.S.G-II;; ESTATUTARIO;3824,90;;3824,90;291,92;3532,98;
ARIOMAR TAVARES DE SOUZA;DEPTO.DE ADMINIS.E FINANCAS;A.TEC-I;; ESTATUTARIO;2500,32;;2500,32;171,92;2328,40;
ARTEMIZA ANDRADE BARBOSA;DEPTO.DE ADMINIS.E FINANCAS;AUX.S.G-II;; ESTATUTARIO;2511,11;;2511,11;104,06;2407,05;
BENEDITA MORENO BORGES;DEPTO.DE ADMINIS.E FINANCAS;AUXILIAR DE SERV GERAIS 3A CLASSE;; ESTATUTARIO;1914,55;;1914,55;128,27;1786,28;
CAIO QUEIROZ MOTA;DEPTO.DE ADMINIS.E FINANCAS;GERENTE;; CARGO COMISSION.S/VINCULO;4509,79;;4509,79;670,28;3839,51;
CARLA ALINE PERDONIS ALVES;GABINETE DO SECRETARIO;ASSESSOR II;; CARGO COMISSION.S/VINCULO;4509,79;;4509,79;670,28;3839,51;
CARLA MARIA BARRETO ARAUJO;GABINETE DO SECRETARIO;ASSESSOR I;; CARGO COMISSION.S/VINCULO;5529,77;;5529,77;986,40;4543,37;
CARLOS ALBERTO KITZINGER DE SOUZA;DEPTO.DE ADMINIS.E FINANCAS;MOT-II;SUBGERENTE; ESTATUTARIO;4538,91;;4538,91;363,47;4175,44;
CASSANDRO RUY PEREIRA DE SOUZA;GABINETE DO SECRETARIO;ASSESSOR III;; CARGO COMISSION.S/VINCULO;3491,80;;3491,80;422,40;3069,40;
CELESTE BENTES SANTANA;DEPTO.DE ADMINIS.E FINANCAS;A.TEC-I;ASSESSOR I; ESTATUTARIO;8437,88;;8437,88;1093,85;7344,03;
CHARLES CARVALHO DE OLIVEIRA;GABINETE DO SECRETARIO;SUBGERENTE;; CARGO COMISSION.S/VINCULO;3491,80;;3491,80;422,40;3069,40;
CLAUDETE LEAO IVO MOYSES;DEPTO.DE ADMINIS.E FINANCAS;A.SOC-I;; ESTATUTARIO;5484,49;;5484,49;849,39;4635,10;
CREUSA PRATA SILVA;DEPTO.DE ADMINIS.E FINANCAS;SUBGERENTE;; CARGO COMISSION.S/VINCULO;3491,80;;3491,80;422,40;3069,40;
CRISTIANE RAMOS DOS SANTOS;GABINETE DO SECRETARIO;ASSESSOR III;; CARGO COMISSION.S/VINCULO;3491,80;;3491,80;422,40;3069,40;
CRISTINA COUTO ALVES;GABINETE DO SECRETARIO;ASSESSOR III;; CARGO COMISSION.S/VINCULO;3491,80;;3491,80;407,12;3084,68;
DANIEL FRANCO FERNANDES SILVA;GABINETE DO SECRETARIO;ASSESSOR III;; CARGO COMISSION.S/VINCULO;3491,80;;3491,80;422,40;3069,40;
DANIEL PEREIRA DO CARMO;DEPTO.DE ADMINIS.E FINANCAS;SUBGERENTE;SUBGERENTE AD-3; CARGO COMISSION.S/VINCULO;8280,93;;8280,93;1780,48;6500,45;
DANIELLA LOPES BINDA;DEPTO.DE ADMINIS.E FINANCAS;SUBGERENTE;NAO INFORMADO; CARGO COMISSION.S/VINCULO;3191,80;;3191,80;422,40;2769,40;
DANNIELLE SCHRANN CORDEIRO;DEPTO.DE ADMINIS.E FINANCAS;AGENTE ADMINISTRATIVO 3A CLASSE;GERENTE; ESTATUTARIO;6982,95;;6982,95;938,64;6044,31;
DARCY GRAÇA VALERIO DE SOUSA;GABINETE DO SECRETARIO;DIRETOR DE UNIDADE AD-1;; CARGO COMISSION.S/VINCULO;4529,77;;4529,77;650,12;3879,65;
DARLAN MARCELO DA COSTA PIMENTEL;DEPTO.DE PROTECAO SOC.ESPECIAL;A.TEC-I;; ESTATUTARIO;2482,86;;2482,86;170,72;2312,14;
DARLEANE SABINO RAMOS;GABINETE DO SECRETARIO;ASSESSOR III;; CARGO COMISSION.S/VINCULO;3491,80;;3491,80;422,40;3069,40;
DELMARINA NASCIMENTO DA SILVEIRA;DEPTO.DE ADMINIS.E FINANCAS;ASSISTENTE TECNICO 3A CLASSE;CH.SEC.ADM.CEAS AD-2; ESTATUTARIO;4080,28;;4080,28;310,86;3769,42;
DENIS PINTO DE JESUS;DEPTO.DE PROTECAO SOC.BASICA;AUX.S.G-II;; ESTATUTARIO;1798,35;;1798,35;137,85;1660,50;
DEUSA DE SOUZA SALGADO;PESSOAL PROC.DE APOSENTADORIA;A.TEC-I;; ESTATUTARIO;2966,59;;2966,59;246,68;2719,91;
DIANA COSTA DA SILVA;GABINETE DO SECRETARIO;GERENTE;; CARGO COMISSION.S/VINCULO;4509,79;;4509,79;670,28;3839,51;
DIEGO DA SILVA VASCONCELOS;GABINETE DO SECRETARIO;ASSESSOR III;; CARGO COMISSION.S/VINCULO;3491,80;;3491,80;422,40;3069,40;
EDILEUZA DE LIMA FROES OLIVEIRA;DEPTO.DE ADMINIS.E FINANCAS;A.TEC-I;; ESTATUTARIO;1929,34;;1929,34;166,67;1762,67;
EDINELSON COSTA GONCALVES;GABINETE DO SECRETARIO;ASSESSOR II;; CARGO COMISSION.S/VINCULO;4509,79;;4509,79;641,84;3867,95;
EDNELZA DE SOUZA PEREIRA;DEPTO.DE ADMINIS.E FINANCAS;A.TEC-II;; ESTATUTARIO;3333,19;;3333,19;217,76;3115,43;
EDUARDO PERALTA DE ALMEIDA;DEPTO.DE PROTECAO SOC.BASICA;ASSESSOR IV;; CARGO COMISSION.S/VINCULO;3475,61;;3475,61;418,48;3057,13;
EDUARDO SERGIO BOTELHO DE CARVALHO;GABINETE DO SECRETARIO;SUBGERENTE;; CARGO COMISSION.S/VINCULO;3491,80;;3491,80;422,40;3069,40;
ELBA KATIANE SANTOS BORGES;DEPTO.DE PROTECAO SOC.BASICA;ASSESSOR III;ASSESSOR III AD-3; CARGO COMISSION.S/VINCULO;3491,80;;3491,80;422,40;3069,40;
ELIANA PAIXAO DE SOUZA;DEPTO.DE PROTECAO SOC.BASICA;AGENTE ADMINISTRATIVO 1A CLASSE;; ESTATUTARIO;3057,01;;3057,01;203,83;2853,18;
ELIANA RAPOSO BARRETO;DEPTO.DE PROTECAO SOC.ESPECIAL;AGENTE ADMINISTRATIVO 2A CLASSE;; ESTATUTARIO;1824,18;;1824,18;151,41;1672,77;
ELIANO NASCIMENTO DE OLIVEIRA;DEPTO.DE PROTECAO SOC.BASICA;VIGIA-II;; ESTATUTARIO;1622,72;;1622,72;137,85;1484,87;
ELISANGELA DE SOUZA FERNANDES;DEPTO.DE ADMINIS.E FINANCAS;A.TEC-II;; ESTATUTARIO;3341,46;;3341,46;238,12;3103,34;
ELIZIETE ANETE SENA DE LIRA;GABINETE DO SECRETARIO;ASSESSOR I;; CARGO COMISSION.S/VINCULO;984,09;;984,09;33,74;950,35;
ERIK BRAGA GUTIERREZ;GABINETE DO SECRETARIO;ASSESSOR II;; CARGO COMISSION.S/VINCULO;4509,79;;4509,79;613,40;3896,39;
ERIKSON CASTRO DE OLIVEIRA;GABINETE DO SECRETARIO;ASSESSOR II;; CARGO COMISSION.S/VINCULO;4509,79;;4509,79;670,28;3839,51;
ESTEVES COSTA DA SILVA;GABINETE DO SECRETARIO;ASSESSOR II;; CARGO COMISSION.S/VINCULO;4509,79;;4509,79;641,84;3867,95;
EUNICE ALVES DE LIMA;DEPTO.DE PROTECAO SOC.BASICA;AUX.S.G-II;; ESTATUTARIO;1960,15;;1960,15;137,85;1822,30;
EVANDRO BARRONCAS RAMOS;GABINETE DO SECRETARIO;ASSESSOR I;NAO INFORMADO; CARGO COMISSION.S/VINCULO;10285,21;;10285,21;621,03;9664,18;
EVELYN ROSA SANTOS DE ALBUQUERQUE;DEPTO.GEST.SIST.UN.ASS.SOCIAL;GERENTE;; CARGO COMISSION.S/VINCULO;4509,79;;4509,79;670,28;3839,51;
FABIANA SOARES GESTA;DEPTO.DE ADMINIS.E FINANCAS;GERENTE;; CARGO COMISSION.S/VINCULO;4509,79;;4509,79;670,28;3839,51;
FABIANO MESQUITA DE ARAUJO;DEPTO.DE PROTECAO SOC.BASICA;ASSESSOR I;ASSESSOR 1 AD 1; CARGO COMISSION.S/VINCULO;7699,37;;7699,37;2982,86;4716,51;
FABRIZZIO PABLO COSTA C BRANCO;GABINETE DO SECRETARIO;GERENTE;; CARGO COMISSION.S/VINCULO;4509,79;;4509,79;641,84;3867,95;
FATIMA VERONICA DA SILVA THOME;GABINETE DO SECRETARIO;SUBGERENTE;NAO INFORMADO; CARGO COMISSION.S/VINCULO;5106,87;;5106,87;948,27;4158,60;
FELIPPE ISPER ABRAHIM NETO;SEC.EX.ADJ.POL.ASSIST.SOCIAL;SECRETARIO EXECUTIVO ADJUNTO;; CARGO COMISSION.S/VINCULO;9300,00;;9300,00;2055,89;7244,11;
FERNANDA DE SOUZA CASTELO BRANCO;GABINETE DO SECRETARIO;ASSESSOR I;; CARGO COMISSION.S/VINCULO;5529,77;;5529,77;986,40;4543,37;
FERNANDA THAIS TRIGUEIRO DUK;GABINETE DO SECRETARIO;ASSESSOR I;; CARGO COMISSION.S/VINCULO;5529,77;;5529,77;986,40;4543,37;
FIDENCIO SOARES TAVEIRA;DEPTO.DE PROTECAO SOC.BASICA;VIGIA-II;; ESTATUTARIO;1960,15;;1960,15;137,85;1822,30;
FRANCISCA DIEICIANA C ALBUQUERQUE;GABINETE DO SECRETARIO;ASSESSOR I;; CARGO COMISSION.S/VINCULO;5229,77;;5229,77;943,74;4286,03;
FRANCISCA SORAYA INACIO DE SANTANA;GABINETE DO SECRETARIO;ASSESSOR I;; CARGO COMISSION.S/VINCULO;5529,77;;5529,77;986,40;4543,37;
FRANCISCA TOME DE LIMA;DEPTO.DE PROTECAO SOC.ESPECIAL;AUX.S.G-II;; ESTATUTARIO;1660,15;;1660,15;137,85;1522,30;
FRANCISCA VIEIRA DE LIMA;DEPTO.DE PROTECAO SOC.BASICA;AUXILIAR DE SERV GERAIS 1A CLASSE;; ESTATUTARIO;1914,55;;1914,55;128,27;1786,28;
FRANCISCO CARLOS DA SILVA GOMES;DEPTO.DE ADMINIS.E FINANCAS;AUX.S.G-II;; ESTATUTARIO;1253,20;;1253,20;137,85;1115,35;
FRANCISCO DE ALMEIDA MIRANDA;DEPTO.DE ADMINIS.E FINANCAS;AUX.S.G-II;; ESTATUTARIO;2306,15;;2306,15;137,85;2168,30;
FRANCISCO MAIA DE FREITAS;DEPTO.DE ADMINIS.E FINANCAS;MOTORISTA 3A CLASSE;; ESTATUTARIO;3799,26;;3799,26;202,78;3596,48;
GABRIELLE CAROLINE DA SILVA SANTOS;DEPTO.DE ADMINIS.E FINANCAS;ASSESSOR III;; CARGO COMISSION.S/VINCULO;3491,80;;3491,80;378,69;3113,11;
GELCIMAR LOPES DA COSTA;DEPTO.DE PROTECAO SOC.BASICA;AUX.S.G-II;; ESTATUTARIO;2034,13;;2034,13;137,85;1896,28;
GESSILVIA BARBOSA LIMA;GABINETE DO SECRETARIO;SUBGERENTE;; CARGO COMISSION.S/VINCULO;3491,80;;3491,80;422,40;3069,40;
GILDO GOMES DA GAMA;DEPTO.DE ADMINIS.E FINANCAS;VIGIA-II;; ESTATUTARIO;2155,15;;2155,15;137,85;2017,30;
GIULIANA FERREIRA DE LEMOS;DEPTO.DE ADMINIS.E FINANCAS;A.TEC-II;; ESTATUTARIO;2945,46;;2945,46;204,38;2741,08;
HELIO FLAVIO REIS PONTES;DEPTO.DE ADMINIS.E FINANCAS;AUX.S.G-II;; ESTATUTARIO;3216,15;;3216,15;174,98;3041,17;
HILDALEA CASTRO DOS REIS;SEC.EXECUT.DA ASSIST.SOCIAL;A.TEC-III;GERENTE; ESTATUTARIO;5094,91;;5094,91;530,92;4563,99;
IANDRA CASSIO SILVA;GABINETE DO SECRETARIO;ASSESSOR II;NAO INFORMADO; CARGO COMISSION.S/VINCULO;20347,31;;20347,31;5176,40;15170,91;
IARA SELMA BEZERRA AZEVEDO;GABINETE DO SECRETARIO;ASSESSOR I;; CARGO COMISSION.S/VINCULO;4529,77;;4529,77;618,27;3911,50;
IDELFONSO CORNELIO BRAZ;DEPTO.DE ADMINIS.E FINANCAS;AUX.S.G-II;; ESTATUTARIO;1740,83;;1740,83;139,77;1601,06;
INGRID GODINHO DODO;ASSESSORIA JURIDICA;ASSESSOR I;; CARGO COMISSION.S/VINCULO;5529,77;;5529,77;986,40;4543,37;
IRAMILSON DA SILVA MESQUITA;DEPTO.DE DESENV.POL.ASS.SOCIAL;DIRETOR DE UNIDADE AD-1;; CARGO COMISSION.S/VINCULO;4529,77;;4529,77;676,15;3853,62;
ISABEL CRISTINA ALENCAR DE LIMA;SEC.EX.ADJ.POL.ASSIST.SOCIAL;AUX.S.G-II;; ESTATUTARIO;2407,15;;2407,15;137,85;2269,30;
ISABEL LUCICLEIDE FREITAS PEREIRA;DEPTO.DE ADMINIS.E FINANCAS;ASSESSOR III;; CARGO COMISSION.S/VINCULO;3491,80;;3491,80;422,40;3069,40;
ISABELLE MARIE DA COSTA A SILVA;DEPTO.DE ADMINIS.E FINANCAS;SUBGERENTE;NAO INFORMADO; CARGO COMISSION.S/VINCULO;2979,00;;2979,00;383,74;2595,26;
ITACIARA GOMES FARIAS AMERICO;GABINETE DO SECRETARIO;ASSESSOR II;; CARGO COMISSION.S/VINCULO;792,15;;792,15;27,15;765,00;
JARDAS LIMA SOLANO;DEPTO.DE ADMINIS.E FINANCAS;A.TEC-II;; ESTATUTARIO;3941,46;;3941,46;299,69;3641,77;
JOANA VIEIRA DA SILVA;DEPTO.DE ADMINIS.E FINANCAS;AGENTE ADMINISTRATIVO 1A CLASSE;; ESTATUTARIO;5334,29;;5334,29;629,14;4705,15;
JOANNA TEIXEIRA DE OLIVEIRA;DEPTO.DE PROTECAO SOC.ESPECIAL;DIRETOR DE UNIDADE AD-1;; CARGO COMISSION.S/VINCULO;7449,07;;7449,07;2370,88;5078,19;
JOAO AUGUSTO BARROS DIAS;GABINETE DO SECRETARIO;ASSESSOR II;; CARGO COMISSION.S/VINCULO;4509,79;;4509,79;670,28;3839,51;
JOAO DE SOUZA BEZERRA;DEPTO.DE ADMINIS.E FINANCAS;AUX.S.G-I;; ESTATUTARIO;2038,80;;2038,80;143,80;1895,00;
JOAO LUIZ LEITE DE FRANCA;DEPTO.DE ADMINIS.E FINANCAS;AUX.S.G-I;; ESTATUTARIO;3514,91;;3514,91;253,45;3261,46;
JOAQUINA DA SILVA MATIAS;DEPTO.DE ADMINIS.E FINANCAS;AGENTE ADMINISTRATIVO 3A CLASSE;; ESTATUTARIO;1805,28;;1805,28;149,48;1655,80;
JORGE LUIZ JOSEPH;DEPTO.DE ADMINIS.E FINANCAS;A.TEC-II;; ESTATUTARIO;2077,19;;2077,19;159,23;1917,96;
JOSE EDUARDO GOMES DA SILVA;DEPTO.DE ADMINIS.E FINANCAS;AUX.S.G-II;; ESTATUTARIO;2513,53;;2513,53;150,73;2362,80;
JOSE ELIAS REIS DOS SANTOS;DEPTO.DE ADMINIS.E FINANCAS;AUXILIAR DE SERV GERAIS 2A CLASSE;; ESTATUTARIO;2476,90;;2476,90;140,01;2336,89;
JOSE JORGE GESTA JUNIOR;GABINETE DO SECRETARIO;ASSESSOR II;NAO INFORMADO; CARGO COMISSION.S/VINCULO;4209,79;;4209,79;670,28;3539,51;
JOSE MARIA DE OLIVEIRA;DEPTO.DE ADMINIS.E FINANCAS;AUX.S.G-I;; ESTATUTARIO;2719,65;;2719,65;140,73;2578,92;
JOSE MARIO REMIGIO E SILVA;GABINETE DO SECRETARIO;ASSESSOR II;; CARGO COMISSION.S/VINCULO;4509,79;;4509,79;670,28;3839,51;
JOSE RAIMUNDO BRANDAO MOTA;DEPTO.DE ADMINIS.E FINANCAS;ASSISTENTE TECNICO 2A CLASSE;SUBGERENTE; ESTATUTARIO;4352,03;;4352,03;385,82;3966,21;
JOSE RAIMUNDO REGES PINHEIRO;DEPTO.DE ADMINIS.E FINANCAS;ASSESSOR III;ASSESSOR III AD-3; CARGO COMISSION.S/VINCULO;3491,80;;3491,80;351,09;3140,71;
JOSE SALVADOR MOREIRA MARTINS;DEPTO.DE PROTECAO SOC.BASICA;ASSESSOR II;; CARGO COMISSION.S/VINCULO;6197,74;;6197,74;2350,71;3847,03;
JOSIMAR ANJOS DE SOUZA;DEPTO.DE PROTECAO SOC.ESPECIAL;VIGIA-II;; ESTATUTARIO;2155,15;;2155,15;137,85;2017,30;
JULIANA DELMIRO DE SOUZA MESQUITA;GABINETE DO SECRETARIO;ASSESSOR I;; CARGO COMISSION.S/VINCULO;8667,63;;8667,63;1881,99;6785,64;
JULIANA KETLEN CAVALCANTE L SABOIA;DEPTO.DE PROTECAO SOC.BASICA;GERENTE;GERENTE AD2; CARGO COMISSION.S/VINCULO;4509,79;;4509,79;670,28;3839,51;
JULIETA EMILIA BARBOSA MORAES;DEPTO.DE PROTECAO SOC.ESPECIAL;MOTORISTA-MOT-T.S.N.A.-A;CH DPTO AD-1; ESTATUTARIO;5960,86;;5960,86;794,87;5165,99;
KAMILA CRISTINA MARIALVA NONATO;DEPTO.DE PROTECAO SOC.BASICA;ASSESSOR II;ASSESSOR II AD-2; CARGO COMISSION.S/VINCULO;2609,79;;2609,79;270,20;2339,59;
KELY PATRÍCIA PAIXÃO SILVA;DEPTO.DE ADMINIS.E FINANCAS;GERENTE;; CARGO COMISSION.S/VINCULO;4509,79;;4509,79;670,28;3839,51;
KEVEN CARVALHO DE ALENCAR;GABINETE DO SECRETARIO;SUBGERENTE;; CARGO COMISSION.S/VINCULO;3491,80;;3491,80;422,40;3069,40;
LAERCIO AUGUSTO RIBEIRO FILHO;DEPTO.DE ADMINIS.E FINANCAS;MOT-I;; ESTATUTARIO;3947,44;;3947,44;341,83;3605,61;
LARISSA REBOUCAS RODRIGUES;ASSESSORIA DE PLANEJAMENTO;GERENTE;GERENTE AD-2; CARGO COMISSION.S/VINCULO;4509,79;;4509,79;670,28;3839,51;
LAURA JACQUELINE CERQUEIRA DUTRA;GABINETE DO SECRETARIO;ASSESSOR III;; CARGO COMISSION.S/VINCULO;3491,80;;3491,80;422,40;3069,40;
LAURIMAR NOGUEIRA DE LIMA;DEPTO.DE PROTECAO SOC.ESPECIAL;VIGIA-II;; ESTATUTARIO;2155,15;;2155,15;137,85;2017,30;
LAURO MENEZES DE ARAUJO;DEPTO.DE DESENV.POL.ASS.SOCIAL;ASSISTENTE TECNICO 3A CLASSE;DIRETOR DE UNIDADE A; ESTATUTARIO;6982,95;;6982,95;1095,05;5887,90;
LEILA CONCEICAO DA SILVA;DEPTO.DE ADMINIS.E FINANCAS;AUX.S.G-II;; ESTATUTARIO;3816,15;;3816,15;289,80;3526,35;
LEONILZE DA SILVA TEIXEIRA;DEPTO.DE ADMINIS.E FINANCAS;A.TEC-I;; ESTATUTARIO;2884,98;;2884,98;210,77;2674,21;
LEONOR CORREA DA SILVA;DEPTO.DE PROTECAO SOC.BASICA;MONITOR 2A CLASSE;; ESTATUTARIO;1667,67;;1667,67;150,44;1517,23;
LIGIA DANTAS LIMA DA SILVA;GABINETE DO SECRETARIO;ASSESSOR III;; CARGO COMISSION.S/VINCULO;3491,80;;3491,80;422,40;3069,40;
LILIAN DA SILVA GOMES MELO;GABINETE DO SECRETARIO;ASSESSOR I;; CARGO COMISSION.S/VINCULO;5529,77;;5529,77;943,74;4586,03;
LILIANE ALVES DA PENHA;DEPTO.DE ADMINIS.E FINANCAS;ASSESSOR II;; CARGO COMISSION.S/VINCULO;4509,79;;4509,79;670,28;3839,51;
LILLIAN PORTELA MATTOS;GABINETE DO SECRETARIO;ASSESSOR I;; CARGO COMISSION.S/VINCULO;5529,77;;5529,77;943,74;4586,03;
LINDANEY ALVES GRIJO;DEPTO.DE ADMINIS.E FINANCAS;AGENTE ADMINISTRATIVO 1A CLASSE;; ESTATUTARIO;4146,41;;4146,41;330,11;3816,30;
LIONEL FERREIRA DE SOUZA;GABINETE DO SECRETARIO;ASSESSOR II;; CARGO COMISSION.S/VINCULO;4509,79;;4509,79;670,28;3839,51;
LISSANDRO TERCO DE VERCOSA;DEPTO.DE ADMINIS.E FINANCAS;AGENTE ADMINISTRATIVO 1A CLASSE;; ESTATUTARIO;2116,40;;2116,40;158,96;1957,44;
LORENA LOUREIRO LEAO;SEC.EX.ADJ.POL.ASSIST.SOCIAL;SUBGERENTE;; CARGO COMISSION.S/VINCULO;3491,80;;3491,80;422,40;3069,40;
LUANA DOS SANTOS MEDEIROS;GABINETE DO SECRETARIO;ASSESSOR II;; CARGO COMISSION.S/VINCULO;4509,79;;4509,79;670,28;3839,51;
LUANE ANTELLA MOREIRA;GABINETE DO SECRETARIO;ASSESSOR III;; CARGO COMISSION.S/VINCULO;3491,80;;3491,80;422,40;3069,40;
LUCIANA DA SILVA ASSUMPCAO;DEPTO.DE ADMINIS.E FINANCAS;ASSESSOR II;; CARGO COMISSION.S/VINCULO;4209,79;;4209,79;613,40;3596,39;
LUCIANA DOS SANTOS DA SILVA;GABINETE DO SECRETARIO;ASSESSOR III;; CARGO COMISSION.S/VINCULO;3491,80;;3491,80;422,40;3069,40;
LUCIDALVA DE OLIVEIRA ANDRADE;DEPTO.DE ADMINIS.E FINANCAS;ASSISTENTE TECNICO 2A CLASSE;SUB.GERENTE AD-3; ESTATUTARIO;4379,29;;4379,29;409,04;3970,25;
LUIS ALEXANDRE DO ROSARIO RIBEIRO;DEPTO.DE ADMINIS.E FINANCAS;ASSESSOR II;ASSESSOR II AD-2; CARGO COMISSION.S/VINCULO;2909,79;;2909,79;270,20;2639,59;
LUIZ COSTA DA SILVA;GABINETE DO SECRETARIO;ASSESSOR II;; CARGO COMISSION.S/VINCULO;8579,25;;8579,25;1857,68;6721,57;
LUZIA SIQUEIRA DOS SANTOS;DEPTO.DE ADMINIS.E FINANCAS;A.TEC-I;; ESTATUTARIO;2500,34;;2500,34;172,64;2327,70;
MANOEL BEZERRA GOMES;DEPTO.DE ADMINIS.E FINANCAS;AUX.S.G-II;; ESTATUTARIO;1960,15;;1960,15;137,85;1822,30;
MARCELO AUGUSTO SILVA M RAMOS;ASSESSORIA JURIDICA;ASSISTENTE TECNICO 3A CLASSE;; ESTATUTARIO;3816,12;;3816,12;289,03;3527,09;
MARCIA FRANCISCA MATUZINHO ANDRADE;ASSESSORIA DE PLANEJAMENTO;ASSESSOR II;ASSESSOR II; CARGO COMISSION.S/VINCULO;4509,79;;4509,79;670,28;3839,51;
MARCIA LEILA DOS SANTOS FREIRE;DEPTO.DE ADMINIS.E FINANCAS;AGENTE ADMINISTRATIVO 3A CLASSE;; ESTATUTARIO;3286,28;;3286,28;220,20;3066,08;
MARCIA ZUILA ALMEIDA E SILVA;DEPTO.DE PROTECAO SOC.ESPECIAL;MONITOR 2A CLASSE;; ESTATUTARIO;2039,02;;2039,02;150,44;1888,58;
MARCILENA MARCIA JESUS DE ARAUJO;GABINETE DO SECRETARIO;ASSESSOR III;; CARGO COMISSION.S/VINCULO;3491,80;;3491,80;407,12;3084,68;
MARCILIO JOSE GOMES DE BRITO;DEPTO.DE ADMINIS.E FINANCAS;VIGIA-II;; ESTATUTARIO;3182,48;;3182,48;186,68;2995,80;
MARGARIDA NUNES GALVAO GUERRA;ASSESSORIA DE COMUNIC.SOCIAL;A.TEC-I;; ESTATUTARIO;1569,48;;1569,48;172,64;1396,84;
MARIA ALCILENE FERREIRA DA SILVA;DEPTO.DE PROTECAO SOC.BASICA;AUX.S.G-II;; ESTATUTARIO;1561,94;;1561,94;138,81;1423,13;
MARIA ANTONIA NASCIMENTO DA S BRITO;GABINETE DO SECRETARIO;ASSESSOR III;; CARGO COMISSION.S/VINCULO;3491,80;;3491,80;407,12;3084,68;
MARIA AUXILIADORA M CAVALCANTE;ASSESSORIA JURIDICA;ASSISTENTE TECNICO 3A CLASSE;; ESTATUTARIO;2849,18;;2849,18;204,19;2644,99;
MARIA DA CONCEICAO AGOSTINHO MOTA;DEPTO.DE PROTECAO SOC.BASICA;A.TEC-I;; ESTATUTARIO;3491,41;;3491,41;278,24;3213,17;
MARIA DA CONCEICAO CANTUARIO;DEPTO.DE ADMINIS.E FINANCAS;AUX.S.G-I;; ESTATUTARIO;2616,56;;2616,56;168,07;2448,49;
MARIA DA CONCEICAO RODRIGUES CABRAL;SEC.EXECUT.DA ASSIST.SOCIAL;MONITOR 3A CLASSE;; ESTATUTARIO;2393,77;;2393,77;151,41;2242,36;
MARIA DAS DORES DA COSTA ANTONY;DEPTO.DE ADMINIS.E FINANCAS;A.TEC-I;; ESTATUTARIO;4202,40;;4202,40;378,94;3823,46;
MARIA DAS GRACAS ALVES DA S BYRON;PESSOAL PROC.DE APOSENTADORIA;A.SOC-I;DRTOR DE UNID AD 1; ESTATUTARIO;5177,00;;5177,00;846,79;4330,21;
MARIA DAS GRACAS LOPES RIBEIRO;DEPTO.DE ADMINIS.E FINANCAS;A.TEC-I;; ESTATUTARIO;4345,86;;4345,86;477,03;3868,83;
MARIA DE JESUS CARNEIRO DE ALMEIDA;GABINETE DO SECRETARIO;ASSESSOR III;NAO INFORMADO; CARGO COMISSION.S/VINCULO;3191,80;;3191,80;422,40;2769,40;
MARIA DE LOURDES DE SOUZA RAMOS;DEPTO.DE PROTECAO SOC.BASICA;AUXILIAR DE SERV GERAIS 3A CLASSE;; ESTATUTARIO;1652,73;;1652,73;128,27;1524,46;
MARIA DO PERPETUO SOCORRO O VIEIRA;DEPTO.DE ADMINIS.E FINANCAS;AUX.S.G-II;; ESTATUTARIO;1735,15;;1735,15;132,59;1602,56;
MARIA DO SOCORRO NASCIMENTO MELLO;DEPTO.DE ADMINIS.E FINANCAS;A.TEC-I;; ESTATUTARIO;3882,98;;3882,98;374,39;3508,59;
MARIA EDINELZA OLIVEIRA DAMASCENO;DEPTO.DE ADMINIS.E FINANCAS;A.TEC-I;CHEFE DE DEPARTAMENT; ESTATUTARIO;7252,07;;7252,07;1068,33;6183,74;
MARIA GORETE DE SOUZA LOBATO;DEPTO.DE ADMINIS.E FINANCAS;A.TEC-I;; ESTATUTARIO;2943,46;;2943,46;220,52;2722,94;
MARIA IVANILDA COSTA CARVALHO;DEPTO.DE ADMINIS.E FINANCAS;A.TEC-I;; ESTATUTARIO;2884,98;;2884,98;210,77;2674,21;
MARIA JANETE GOMES DE BRITO;DEPTO.DE PROTECAO SOC.ESPECIAL;MONITOR 2A CLASSE;; ESTATUTARIO;1667,67;;1667,67;150,44;1517,23;
MARIA JOSEFINA OZIEL GALVAO;PESSOAL PROC.DE APOSENTADORIA;A.SOC-I;; ESTATUTARIO;3199,87;;3199,87;424,37;2775,50;
MARIA LENIZE TAPAJOS MAUES;GABINETE DO SECRETARIO;CHEFE DE GABINETE;; CARGO COMISSION.S/VINCULO;5529,77;;5529,77;986,40;4543,37;
MARIA LUCIA DA SILVA BARROS;SEC.EXECUT.DA ASSIST.SOCIAL;AUX.S.G-III;; ESTATUTARIO;3746,59;;3746,59;254,57;3492,02;
MARIA LUZIA LIMA DE LIMA;ASSESSORIA DE PLANEJAMENTO;TECNICO 3A CLASSE;; ESTATUTARIO;3090,91;;3090,91;350,49;2740,42;
MARIA RAIMUNDA CARDOSO LOPES;DEPTO.DE ADMINIS.E FINANCAS;AUX.S.G-II;; ESTATUTARIO;1585,15;;1585,15;137,85;1447,30;
MARIA RAIMUNDA DOS ANJOS NASCIMENTO;DEPTO.DE ADMINIS.E FINANCAS;AUX.S.G-I;; ESTATUTARIO;2849,27;;2849,27;146,81;2702,46;
MARIA RITA RODRIGUES DE SOUZA;DEPTO.DE PROTECAO SOC.BASICA;AUX.S.G-II;; ESTATUTARIO;1960,15;;1960,15;137,85;1822,30;
MARIA ROSANGELA FURTADO DE OLIVEIRA;GABINETE DO SECRETARIO;SUBGERENTE;; CARGO COMISSION.S/VINCULO;380,38;;380,38;13,04;367,34;
MARIA SOCORRO CARIOCA BEZERRA;DEPTO.DE ADMINIS.E FINANCAS;AUXILIAR DE SERV GERAIS 3A CLASSE;; ESTATUTARIO;1914,55;;1914,55;128,27;1786,28;
MARICEU SIQUEIRA;DEPTO.DE PROTECAO SOC.BASICA;ASSESSOR II;; CARGO COMISSION.S/VINCULO;4509,79;;4509,79;670,28;3839,51;
MARILENA MONICA MENDES PEREZ;GABINETE DO SECRETARIO;ASSIST.SOC.ASS-P.S.N.S.-CL.C;SECRETARIO DE ESTADO; ESTATUTARIO;13864,30;;13864,30;3349,02;10515,28;
MARILENE INACIO DAMASCENO;DEPTO.DE ADMINIS.E FINANCAS;AUXILIAR DE SERV GERAIS 3A CLASSE;; ESTATUTARIO;2472,55;;2472,55;138,79;2333,76;
MARILZA ROCHA FERREIRA;DEPTO.DE PROTECAO SOC.BASICA;GERENTE;GERENTE AD-2; CARGO COMISSION.S/VINCULO;4509,79;;4509,79;670,28;3839,51;
MARINETE DOS SANTOS FERREIRA;DEPTO.DE ADMINIS.E FINANCAS;AGENTE ADMINISTRATIVO 3A CLASSE;; ESTATUTARIO;3059,18;;3059,18;204,19;2854,99;
MARIVALDO DE ANDRADE AGOSTINHO;DEPTO.DE PROTECAO SOC.BASICA;ASSESSOR II;; CARGO COMISSION.S/VINCULO;6197,74;;6197,74;2350,71;3847,03;
MARLUCE DO NASCIMENTO SOARES;DEPTO.DE PROTECAO SOC.BASICA;AUX.S.G-II;; ESTATUTARIO;2013,53;;2013,53;137,85;1875,68;
MARTA CELIA MONTEIRO BEZERRA LIMA;DEPTO.DE PROTECAO SOC.BASICA;PROFESSOR PF20.ESP-III;GERENTE AD-2; ESTATUTARIO;6474,12;;6474,12;845,50;5628,62;
MAURO CEZAR VERCOSA DE SOUZA;DEPTO.DE ADMINIS.E FINANCAS;ASSESSOR II;NAO INFORMADO; CARGO COMISSION.S/VINCULO;4209,79;;4209,79;670,28;3539,51;
MEIRY CONCEICAO DA SILVA;DEPTO.DE ADMINIS.E FINANCAS;AUX.S.G-II;; ESTATUTARIO;1960,15;;1960,15;137,85;1822,30;
MESSIAS LEAL DE MACEDO;DEPTO.DE ADMINIS.E FINANCAS;AUX.S.G-II;; ESTATUTARIO;2513,76;;2513,76;137,85;2375,91;
MILTON MESQUITA MAIA;ASSESSORIA JURIDICA;SUBGERENTE;; CARGO COMISSION.S/VINCULO;3491,80;;3491,80;422,40;3069,40;
MILTON MIRANDA NETO;GABINETE DO SECRETARIO;ASSESSOR I;; CARGO COMISSION.S/VINCULO;5529,77;;5529,77;986,40;4543,37;
MOISES CEZARIO DOS SANTOS;GABINETE DO SECRETARIO;ASSESSOR II;; CARGO COMISSION.S/VINCULO;4509,79;;4509,79;670,28;3839,51;
MONICA LILIAN AGOSTINHO DA COSTA;GABINETE DO SECRETARIO;DIRETOR DE UNIDADE AD-1;NAO INFORMADO; CARGO COMISSION.S/VINCULO;3947,77;;3947,77;606,48;3341,29;
NEIVA PINHEIRO PICANCO;GABINETE DO SECRETARIO;ASSESSOR III;; CARGO COMISSION.S/VINCULO;3491,80;;3491,80;422,40;3069,40;
NEREIDA IZABEL DOS SANTOS PRADO;GABINETE DO SECRETARIO;ASSESSOR I;; CARGO COMISSION.S/VINCULO;5529,77;;5529,77;986,40;4543,37;
NEZIA CANUTO DE MOURA;GABINETE DO SECRETARIO;AUXILIAR DE SERV GERAIS 1A CLASSE;; ESTATUTARIO;2257,23;;2257,23;130,19;2127,04;
NIXON RICARDO CARDOSO DA FONSECA;DEPTO.GEST.SIST.UN.ASS.SOCIAL;CHEFE DE DEPARTAMENTO;; CARGO COMISSION.S/VINCULO;5529,77;;5529,77;901,09;4628,68;
NORMA CORREA;DEPTO.DE ADMINIS.E FINANCAS;TECNICO 3A CLASSE;SUBGERENTE AD 3; ESTATUTARIO;6181,10;;6181,10;922,19;5258,91;
OTILIA ALVES FIGUEIREDO;DEPTO.DE ADMINIS.E FINANCAS;AUX.S.G-II;; ESTATUTARIO;1553,20;;1553,20;137,85;1415,35;
OZIAS MARINHO DUARTE;DEPTO.DE ADMINIS.E FINANCAS;SUBGERENTE;SUBGERENTE AD-3; CARGO COMISSION.S/VINCULO;3491,80;;3491,80;422,40;3069,40;
PALOMA FERREIRA PIMENTEL;GABINETE DO SECRETARIO;ASSESSOR III;; CARGO COMISSION.S/VINCULO;3491,80;;3491,80;407,12;3084,68;
PAOLLA DA SILVA RAMOS;GABINETE DO SECRETARIO;ASSESSOR II;; CARGO COMISSION.S/VINCULO;4509,79;;4509,79;670,28;3839,51;
PAULA JESSICA TRIGUEIRO DE MORAES;DEPTO.DE PROTECAO SOC.BASICA;SUBGERENTE;SUBGERENTE AD3; CARGO COMISSION.S/VINCULO;3491,80;;3491,80;407,12;3084,68;
PAULO GOMES DE OLIVEIRA JUNIOR;GABINETE DO SECRETARIO;ASSESSOR I;NAO INFORMADO; CARGO COMISSION.S/VINCULO;5229,77;;5229,77;986,40;4243,37;
RAFAEL DE MORAIS WANDERLEY;DEPTO.ATENCAO A CRIANCA ADOL.;ASSESSOR II;; CARGO COMISSION.S/VINCULO;3509,79;;3509,79;426,78;3083,01;
RAIMUNDA ALMEIDA DO NASCIMENTO;PESSOAL PROC.DE APOSENTADORIA;TNS-I;; ESTATUTARIO;3787,49;;3787,49;500,28;3287,21;
RAIMUNDA CRISPIM DE MATOS;DEPTO.DE ADMINIS.E FINANCAS;AUX.S.G-II;; ESTATUTARIO;2306,15;;2306,15;137,85;2168,30;
RAIMUNDA DE LIMA FERNANDES;DEPTO.DE PROTECAO SOC.BASICA;AUX.S.G-II;; ESTATUTARIO;1585,15;;1585,15;137,85;1447,30;
RAIMUNDA DORVALINA R CONCEICAO;SEC.EXECUT.DA ASSIST.SOCIAL;AUX.S.G-II;; ESTATUTARIO;2155,15;;2155,15;137,85;2017,30;
RAIMUNDA MONTEIRO DOS SANTOS;DEPTO.DE PROTECAO SOC.BASICA;MONITOR 2A CLASSE;; ESTATUTARIO;1437,67;;1437,67;150,44;1287,23;
RAIMUNDO JOSE DA SILVA PRADO;DEPTO.DE ADMINIS.E FINANCAS;MOT-I;; ESTATUTARIO;3956,19;;3956,19;343,96;3612,23;
RAIMUNDO NONATO FERNANDES FILHO;DEPTO.DE ADMINIS.E FINANCAS;MOT-I;SUBGERENTE; ESTATUTARIO;4790,54;;4790,54;510,56;4279,98;
RAQUEL NOGUEIRA GALVAO;GABINETE DO SECRETARIO;DIRETOR DE UNIDADE AD-1;; CARGO COMISSION.S/VINCULO;4529,77;;4529,77;650,12;3879,65;
REGINALDO ETELVINO LIMA DA SILVA;DEPTO.DE ADMINIS.E FINANCAS;A.TEC-II;; ESTATUTARIO;3341,46;;3341,46;238,12;3103,34;
REJANE LIMA DE ARAUJO;PESSOAL PROC.DE APOSENTADORIA;AGENTE ADMINISTRATIVO 3A CLASSE;; ESTATUTARIO;1505,28;;1505,28;149,48;1355,80;
REJANE SOLANGE ALVES MENEZES;ASSESSORIA DE PLANEJAMENTO;TNS-I;CHEFE DE DEP-AD-1; ESTATUTARIO;7610,79;;7610,79;1429,26;6181,53;
RENATA LASMAR CATAO;GABINETE DO SECRETARIO;ASSESSOR II;; CARGO COMISSION.S/VINCULO;4509,79;;4509,79;670,28;3839,51;
RENATO VIEIRA DA SILVA;DEPTO.DE ADMINIS.E FINANCAS;A.TEC-II;; ESTATUTARIO;3041,46;;3041,46;160,83;2880,63;
RICARDO AUGUSTO SENA MAIA;GABINETE DO SECRETARIO;ASSESSOR I;; CARGO COMISSION.S/VINCULO;5529,77;;5529,77;986,40;4543,37;
RICARDO GUERRA LOPES;DEPTO.DE ADMINIS.E FINANCAS;AUX.S.G-II;; ESTATUTARIO;2518,15;;2518,15;137,85;2380,30;
RICARDO MORAES DE SOUZA JUNIOR;GABINETE DO SECRETARIO;ASSESSOR II;; CARGO COMISSION.S/VINCULO;4509,79;;4509,79;670,28;3839,51;
ROBERTO CARLOS COELHO DIBO;DEPTO.DE ADMINIS.E FINANCAS;ASSESSOR II;; CARGO COMISSION.S/VINCULO;3509,79;;3509,79;353,07;3156,72;
ROLLS QUEIROZ ROCHA;GABINETE DO SECRETARIO;ASSESSOR II;; CARGO COMISSION.S/VINCULO;4509,79;;4509,79;641,84;3867,95;
ROSANA DE MELO VIEIRA;GABINETE DO SECRETARIO;ASSESSOR II;; CARGO COMISSION.S/VINCULO;4509,79;;4509,79;670,28;3839,51;
ROSANI SILVA BELEM;ASSESSORIA DE PLANEJAMENTO;A.TEC-II;; ESTATUTARIO;2131,46;;2131,46;160,83;1970,63;
ROSILENE SOUZA FREIRE;PESSOAL PROC.DE APOSENTADORIA;AUX.S.G-II;; ESTATUTARIO;1435,15;;1435,15;137,85;1297,30;
ROZILENE DE OLIVEIRA PACHECO;GABINETE DO SECRETARIO;ASSESSOR III;; CARGO COMISSION.S/VINCULO;3491,80;;3491,80;422,40;3069,40;
RUBIA HELENA NASCIMENTO FERREIRA;ASSESSORIA JURIDICA;ASSESSOR I;NAO INFORMADO; CARGO COMISSION.S/VINCULO;8177,55;;8177,55;1829,71;6347,84;
RUTH MARIA CARLOS PACHECO;DEPTO.GEST.SIST.UN.ASS.SOCIAL;GERENTE;; CARGO COMISSION.S/VINCULO;4509,79;;4509,79;641,84;3867,95;
RUTHNEIDA DA SILVA MORAES;ASSESSORIA DE PLANEJAMENTO;GERENTE;GERENTE AD 2; CARGO COMISSION.S/VINCULO;4509,79;;4509,79;670,28;3839,51;
SALOME AMARAL COELHO;GABINETE DO SECRETARIO;TNS-I;; ESTATUTARIO;3873,69;;3873,69;475,40;3398,29;
SANDRA MAQUINE MACIEL;DEPTO.DE ADMINIS.E FINANCAS;AGENTE ADMINISTRATIVO 4A CLASSE;; ESTATUTARIO;3895,02;;3895,02;312,33;3582,69;
SARAH DAS NEVES LEAL;GABINETE DO SECRETARIO;SUBGERENTE;; CARGO COMISSION.S/VINCULO;5406,87;;5406,87;905,61;4501,26;
SELMA DEANE DE LIMA MELO;DEPTO.GEST.SIST.UN.ASS.SOCIAL;ASSESSOR II;; CARGO COMISSION.S/VINCULO;5085,30;;5085,30;1736,99;3348,31;
SELMA DEANE DE LIMA MELO;GABINETE DO SECRETARIO;GERENTE;; CARGO COMISSION.S/VINCULO;4509,79;;4509,79;670,28;3839,51;
SEVERINA PERES DE AREVALO;DEPTO.DE ADMINIS.E FINANCAS;AUX.ADM-I;; ESTATUTARIO;1887,78;;1887,78;157,35;1730,43;
SIDNEY DUARTE GALVAO;DEPTO.DE ADMINIS.E FINANCAS;SUBGERENTE;SUBGERENTE; CARGO COMISSION.S/VINCULO;3491,80;;3491,80;422,40;3069,40;
SIDNEY ROQUE CAVALCANTE;DEPTO.DE PROTECAO SOC.BASICA;A.TEC-I;; ESTATUTARIO;1929,34;;1929,34;172,64;1756,70;
SILVIA SANTAREM MABY;GABINETE DO SECRETARIO;SUBGERENTE;; CARGO COMISSION.S/VINCULO;3491,80;;3491,80;422,40;3069,40;
SINDY VALETA PEREIRA;GABINETE DO SECRETARIO;ASSESSOR II;; CARGO COMISSION.S/VINCULO;4509,79;;4509,79;641,84;3867,95;
SKATHI LIANE CRUZ DA SILVA;DEPTO.DE PROTECAO SOC.BASICA;A.TEC-I;; ESTATUTARIO;2346,40;;2346,40;174,57;2171,83;
SONY MARCOS NOGUEIRA DUARTE;DEPTO.DE PROTECAO SOC.ESPECIAL;AUX.S.G-II;; ESTATUTARIO;2249,95;;2249,95;137,85;2112,10;
SUELY DA SILVA TEIXEIRA;DEPTO.DE ADMINIS.E FINANCAS;A.TEC-I;; ESTATUTARIO;4307,72;;4307,72;408,98;3898,74;
SUELY DE CASTRO NUNES;DEPTO.DE ADMINIS.E FINANCAS;ASSISTENTE TECNICO 1A CLASSE;; ESTATUTARIO;4177,76;;4177,76;365,88;3811,88;
SUONE SUZI GARCIA DE SOUZA;GABINETE DO SECRETARIO;ASSESSOR II;; CARGO COMISSION.S/VINCULO;4509,79;;4509,79;670,28;3839,51;
TERESA NEUMA NOGUEIRA MARTINIANO;DEPTO.DE PROTECAO SOC.BASICA;A.TEC-I;; ESTATUTARIO;2947,62;;2947,62;221,21;2726,41;
TIAGO CARVALHO DE SOUZA;GABINETE DO SECRETARIO;ASSESSOR II;; CARGO COMISSION.S/VINCULO;818,56;;818,56;28,06;790,50;
VANESSA LANA SOUTO PEREIRA;GABINETE DO SECRETARIO;ASSESSOR II;; CARGO COMISSION.S/VINCULO;4509,79;;4509,79;613,40;3896,39;
VANIA MARIA BESSA BARROS;DEPTO.DE PROTECAO SOC.BASICA;A.SOC-II;; ESTATUTARIO;5079,55;;5079,55;691,96;4387,59;
VERA DA COSTA SERRAO;DEPTO.DE PROTECAO SOC.BASICA;ASSISTENTE TECNICO 3A CLASSE;; ESTATUTARIO;2997,33;;2997,33;208,67;2788,66;
VICENTE MAJELA PONTES RAPOSO;DEPTO.DE ADMINIS.E FINANCAS;AGENTE ADMINISTRATIVO 1A CLASSE;; ESTATUTARIO;4055,18;;4055,18;337,18;3718,00;
VIVIAN DANIELLE PESSOA SILVA;GABINETE DO SECRETARIO;GERENTE;; CARGO COMISSION.S/VINCULO;4509,79;;4509,79;670,28;3839,51;
WAGNER TAVARES AMORIM;GABINETE DO SECRETARIO;ASSESSOR II;; CARGO COMISSION.S/VINCULO;4509,79;;4509,79;670,28;3839,51;
WALKISON PINHEIRO SOARES;DEPTO.DE ADMINIS.E FINANCAS;AUX.S.G-II;GERENTE; ESTATUTARIO;6842,69;;6842,69;1042,46;5800,23;
WELKIA VALENCA MENEZES;GABINETE DO SECRETARIO;ASSESSOR III;; CARGO COMISSION.S/VINCULO;7109,17;;7109,17;1453,41;5655,76;
ZAYRA TAYS ALBUQUERQUE DA SILVA;GABINETE DO SECRETARIO;ASSESSOR II;; CARGO COMISSION.S/VINCULO;4509,79;;4509,79;670,28;3839,51;
ZINA GRANGEIRO PINHEIRO;DEPTO.DE PROTECAO SOC.BASICA;AUX.S.G-II;; ESTATUTARIO;2299,11;;2299,11;136,49;2162,62;
