NOME;LOTACAO;CARGO;FUNCAO;VINCULO;REMUNERACAO LEGAL TOTAL(R$);DESC.TETO(R$); REMUNERACAO LEGAL DEVIDA(R$);DESCONTOS LEGAIS(R$);LIQUIDO DISPONIVEL(R$);
ADRIANA DE ARAUJO BASTOS;ASSESSORIA;ASSESSOR II;ASSESSOR II AD-2; CARGO COMISSION.S/VINCULO;4709,79;;4709,79;670,28;4039,51;
AFONSO AURINO DE OLIVEIRA E SILVA;SECRETARIA EXECUTIVA;AUXILIAR TECNICO;; C.L.T.;3936,00;;3936,00;412,86;3523,14;
ALAIN LINCOLN CAIMO;ASSESSORIA;GERENTE;; CARGO COMISSION.S/VINCULO;4709,79;;4709,79;670,28;4039,51;
ALBERICO LIMA DE OLIVEIRA;SECRETARIA EXECUTIVA;A.TEC-I;; ESTATUTARIO;4219,09;;4219,09;293,76;3925,33;
ALDENIR AUGUSTA DE OLIVEIRA NEVES;ASSESSORIA;ASSESSOR III;ASSESSOR III AD 3; CARGO COMISSION.S/VINCULO;3691,80;;3691,80;422,40;3269,40;
ALMIR DO NASCIMENTO LIMA;GERENCIA DE MATER.E PATRIMONIO;VIGIA;; ESTATUTARIO;3450,64;;3450,64;158,12;3292,52;
ANA MAURA MAGALHAES GENTIL;DEPARTAMENTO DE ADM.E FINANCAS;ENGENHEIRO AGRONOMO;GERENTE AD-2; ESTATUTARIO;11324,72;;11324,72;2723,89;8600,83;
ANA SIMONE DE OLIVEIRA MORAES;DEPARTAMENTO DE ADM.E FINANCAS;AUX.O-I;; ESTATUTARIO;3214,34;;3214,34;169,47;3044,87;
ANDERSON OSCAR SOUZA DA SILVEIRA;ASSESSORIA;ASSESSOR III;; CARGO COMISSION.S/VINCULO;3691,80;;3691,80;422,40;3269,40;
ANDRE TAVEIRA DA SILVA;GERENCIA DE CARTOGRAFIA;CHEFE DE DEPARTAMENTO;; CARGO COMISSION.S/VINCULO;5729,77;;5729,77;986,40;4743,37;
ANDREZA MAIA DA SILVA BOTELHO;ASSESSORIA;ASSESSOR II;ASSESSOR II AD-2; CARGO COMISSION.S/VINCULO;4709,79;;4709,79;670,28;4039,51;
ANITA LEOCADIA V S MELCHOR;GERENCIA DE PROG.E PESQUISAS;TECNICO II;; ESTATUTARIO;6131,05;;6131,05;929,68;5201,37;
ANNE KATHARINE DA SILVA LIRA;ASSESSORIA;ASSESSOR I;ASSESSOR I AD-1; CARGO COMISSION.S/VINCULO;5729,77;;5729,77;986,40;4743,37;
ANNIK JACOB GENTIL;GABINETE DO SECRETARIO;SECRETARIO EXECUTIVO ADJUNTO;; CARGO COMISSION.S/VINCULO;9000,00;;9000,00;2055,89;6944,11;
ANTONIO ALFREDO COSTA FILHO;GERENCIA DE MATER.E PATRIMONIO;A.OPE-I;; ESTATUTARIO;4227,83;;4227,83;267,44;3960,39;
ANTONIO DE ALMEIDA PEIXOTO;ASSESSORIA;ASSESSOR I;; CARGO COMISSION.S/VINCULO;2861,83;;2861,83;230,96;2630,87;
AURELIO BRANDAO DA SILVA;GERENCIA DE MATER.E PATRIMONIO;AUX.S.G-III;AUX. SERV. GERAIS; ESTATUTARIO;2972,36;;2972,36;202,10;2770,26;
BRUNNO DOS SANTOS FERNANDES;ASSESSORIA;ASSESSOR I;ASSESSOR I AD-1; CARGO COMISSION.S/VINCULO;5729,77;;5729,77;986,40;4743,37;
CAMILA FIGUEIREDO COELHO;GERENCIA DE CARTOGRAFIA;ASSESSOR II;; CARGO COMISSION.S/VINCULO;4709,79;;4709,79;670,28;4039,51;
CARLOS ALBERTO CARDOSO DE SOUZA;DEPARTAMENTO DE ADM.E FINANCAS;ASSISTENTE TECNICO;; ESTATUTARIO;3512,51;;3512,51;181,42;3331,09;
CARLOS HORACIO DA ROCHA GAMA;DEPARTAMENTO DE ADM.E FINANCAS;TNS-I;; ESTATUTARIO;5887,50;;5887,50;1060,51;4826,99;
CARLOS JERONIMO DA SILVA;ASSESSORIA;GERENTE;; CARGO COMISSION.S/VINCULO;6113,05;;6113,05;1121,87;4991,18;
CARLOS SNEIDER FERNANDES S SANTOS;ASSESSORIA;ASSESSOR II;ASSESSOR II AD-2; CARGO COMISSION.S/VINCULO;4709,79;;4709,79;590,64;4119,15;
CINARA VIANA DE OLIVEIRA;GERENCIA DE DESENV.TERRITORIAL;ASSESSOR II;; CARGO COMISSION.S/VINCULO;4709,79;;4709,79;670,28;4039,51;
CLAUDENIZA OZORIO DE CARVALHO;GERENCIA DE ORC.E FINANCAS;A.TEC-I;; ESTATUTARIO;3922,47;;3922,47;355,21;3567,26;
CLODUALDO LIMA DUARTE;DEPARTAMENTO DE ADM.E FINANCAS;ASSISTENTE TECNICO;; ESTATUTARIO;3503,77;;3503,77;224,46;3279,31;
CRISTOVAM DA COSTA CORDEIRO;DEPARTAMENTO DE ADM.E FINANCAS;MOT-I;; ESTATUTARIO;4337,39;;4337,39;257,39;4080,00;
DAIANE MOREIRA CARDOZO;GERENCIA DE CARTOGRAFIA;ASSESSOR II;; CARGO COMISSION.S/VINCULO;4709,79;;4709,79;670,28;4039,51;
DANIEL GOMES ASSANTE;GABINETE DO SECRETARIO;GERENTE;; CARGO COMISSION.S/VINCULO;4709,79;;4709,79;670,28;4039,51;
DANIEL JOAQUIM PARISOTTO;ASSESSORIA;ASSESSOR II;; CARGO COMISSION.S/VINCULO;4709,79;;4709,79;670,28;4039,51;
DELIO CAVALCANTE DINIZ DE CARVALHO;GABINETE DO SECRETARIO;SECRETARIO EXECUTIVO;; CARGO COMISSION.S/VINCULO;12200,00;;12200,00;2798,39;9401,61;
DENNY BATISTA COLARES;ASSESSORIA;GERENTE;; CARGO COMISSION.S/VINCULO;1637,14;;1637,14;56,13;1581,01;
DEUSDETE COSTA SENNA;GERENCIA DE MATER.E PATRIMONIO;MOTORISTA 3A CLASSE;; ESTATUTARIO;4189,20;;4189,20;271,18;3918,02;
EDER JOSE DA CUNHA TEIXEIRA;SECRETARIA EXECUTIVA;ASSISTENTE TECNICO;; ESTATUTARIO;4095,03;;4095,03;312,33;3782,70;
EDNEIA PEREIRA DOURADO;SECRETARIA EXECUTIVA;ASSISTENTE ADMINISTRATIVO I;; C.L.T.;3936,00;;3936,00;441,29;3494,71;
EDNELZA REIS ALVES;DEPARTAMENTO DE POL.FUNDIARIA;ASSESSOR III;; CARGO COMISSION.S/VINCULO;3691,80;;3691,80;422,40;3269,40;
EDSON SILVA ARAUJO;SECRETARIA EXECUTIVA;A.TEC-I;; ESTATUTARIO;4219,09;;4219,09;173,61;4045,48;
EDUARDO MENDONCA JUNIOR;GERENCIA DE ORC.E FINANCAS;A.TEC-II;ASSESSOR I AD-1; ESTATUTARIO;8280,61;;8280,61;1386,91;6893,70;
ELEONORA FERREIRA DOS SANTOS;SECRETARIA EXECUTIVA;A.TEC-I;GERENTE AD2; ESTATUTARIO;5404,34;;5404,34;515,83;4888,51;
ELLEM CASTRO BEZERRA;ASSESSORIA;ASSESSOR II;; CARGO COMISSION.S/VINCULO;4709,79;;4709,79;670,28;4039,51;
ERNANDO DOS SANTOS DIAS;DEPARTAMENTO DE ADM.E FINANCAS;ASSISTENTE TECNICO;; ESTATUTARIO;3503,77;;3503,77;208,32;3295,45;
ETY DOS SANTOS;DEPARTAMENTO DE ADM.E FINANCAS;AUX.S.G-II;; ESTATUTARIO;3167,70;;3167,70;138,81;3028,89;
EZEGLAIR PEREIRA DE SOUZA;GERENCIA DE MATER.E PATRIMONIO;MOT-II;; ESTATUTARIO;3029,21;;3029,21;163,90;2865,31;
FABIANA CRUZ DE OLIVEIRA;ASSESSORIA;ASSESSOR I;; CARGO COMISSION.S/VINCULO;5229,77;;5229,77;986,40;4243,37;
FABIO DOS SANTOS PATRICIO;ASSESSORIA;ASSESSOR I;; CARGO COMISSION.S/VINCULO;5729,77;;5729,77;986,40;4743,37;
FERNANDA BATALHA IANNUZZI;ASSESSORIA;ASSESSOR I;; CARGO COMISSION.S/VINCULO;5729,77;;5729,77;986,40;4743,37;
FLAVIO ADRIANO ABREU DA SILVA;ASSESSORIA;ASSESSOR IV;; CARGO COMISSION.S/VINCULO;3675,61;;3675,61;418,48;3257,13;
FRANCISCA DAS CHAGAS F GARCEZ;DEPARTAMENTO DE ADM.E FINANCAS;AGENTE DE ADMINISTRACAO;; ESTATUTARIO;2093,77;;2093,77;151,41;1942,36;
FRANCISCA DO NASCIMENTO ELIAS;DEPARTAMENTO DE ADM.E FINANCAS;A.TEC-I;; ESTATUTARIO;3792,70;;3792,70;222,08;3570,62;
FRANCISCO DE ASSIS SOUTO;DEPARTAMENTO DE ADM.E FINANCAS;TNS-I;; ESTATUTARIO;5813,22;;5813,22;742,48;5070,74;
FRANKLIN ROLIM ODA;ASSESSORIA;AGENTE ADMINISTRATIVO;GERENTE AD-2; ESTATUTARIO;5098,57;;5098,57;449,57;4649,00;
GERMAN CUSQUISIBAN ESCOBAL;DEPARTAMENTO DE ADM.E FINANCAS;A.TEC-I;; ESTATUTARIO;4623,81;;4623,81;424,04;4199,77;
GEYSA MITZ DANTAS GUIMARAES;ASSESSORIA;ASSESSOR I;ASSESSOR I AD-1; CARGO COMISSION.S/VINCULO;5729,77;;5729,77;986,40;4743,37;
GISELLE FIGUEIRA DE SOUZA;DEPARTAMENTO DE POL.FUNDIARIA;ASSESSOR IV;; CARGO COMISSION.S/VINCULO;3075,61;;3075,61;264,79;2810,82;
GUIOMAR DE VASCONCELOS LIMA;GERENCIA DE MATER.E PATRIMONIO;AUX.S.G-I;; ESTATUTARIO;2590,06;;2590,06;149,22;2440,84;
HELLEN REGINA PINHEIRO JORDAO;ASSESSORIA;ASSESSOR IV;ASSESSOR IV AD-4; CARGO COMISSION.S/VINCULO;3675,61;;3675,61;418,48;3257,13;
HEROS LOPES RODRIGUES;ASSESSORIA;ASSESSOR I;; CARGO COMISSION.S/VINCULO;5729,77;;5729,77;986,40;4743,37;
INDIRA GONCALVES DE SOUZA L ROZEIRA;ASSESSORIA;ASSESSOR II;; CARGO COMISSION.S/VINCULO;4709,79;;4709,79;670,28;4039,51;
IPOJUCAN EDEN BATURITE;SECRETARIA EXECUTIVA;TECNICO EM AGROPECUARIA;ASSESSOR I AD-1; ESTATUTARIO;6868,04;;6868,04;873,48;5994,56;
IRAILSON CARDOSO DE ALMEIDA;ASSESSORIA;ASSESSOR II;ASSESSOR II AD-2; CARGO COMISSION.S/VINCULO;4709,79;;4709,79;670,28;4039,51;
IVONE DA SILVA FREIRE;DEPARTAMENTO DE ADM.E FINANCAS;A.TEC-I;; ESTATUTARIO;5660,19;;5660,19;660,76;4999,43;
IZA LEITAO SOBRINHO;ASSESSORIA;ASSESSOR III;; CARGO COMISSION.S/VINCULO;3691,80;;3691,80;422,40;3269,40;
JAMILLA DE SOUZA PASSOS STEINHEUSER;ASSESSORIA;ASSESSOR I;; CARGO COMISSION.S/VINCULO;5729,77;;5729,77;986,40;4743,37;
JANETE CARVALHO DA SILVA;ASSESSORIA;ASSESSOR III AD-3;; CARGO COMISSION.S/VINCULO;3691,80;;3691,80;422,40;3269,40;
JOAQUIM MARQUES DOS SANTOS JUNIOR;GERENCIA DE PROG.E PESQUISAS;TECNICO III;ASSESSOR I - AD-1; ESTATUTARIO;8719,51;;8719,51;904,40;7815,11;
JORGE ALBERTO VASCONCELOS JUNIOR;ASSESSORIA;TECNICO EM AGROPECUARIA;ASSES.IV AD-4; ESTATUTARIO;4370,65;;4370,65;358,54;4012,11;
JOSE DAVID NOGUEIRA DA SILVA;ASSESSORIA;ASSESSOR I;ASSESSOR I AD-1; CARGO COMISSION.S/VINCULO;5729,77;;5729,77;986,40;4743,37;
JUCELINE ROCHA DA SILVA;ASSESSORIA;ASSESSOR II;ASSESSOR II AD-2; CARGO COMISSION.S/VINCULO;4709,79;;4709,79;670,28;4039,51;
JULIANA MARIA MELAZI GIRARDI;SECRETARIA EXECUTIVA;CHEFE DE GABINETE;CHEFE DE GAB AD-1; CARGO COMISSION.S/VINCULO;5729,77;;5729,77;986,40;4743,37;
KEIT MACIEL DA GAMA;DEPARTAMENTO DE POL.FUNDIARIA;CHEFE DE DEPARTAMENTO;; CARGO COMISSION.S/VINCULO;5729,77;;5729,77;986,40;4743,37;
KERVEM MARQUES DE SOUZA;DEPARTAMENTO DE POL.FUNDIARIA;ASSESSOR IV;; CARGO COMISSION.S/VINCULO;3075,61;;3075,61;264,79;2810,82;
LANA CRISTINA DA MOTA HERNANDEZ;GERENCIA DE CARTOGRAFIA;ASSESSOR III;; CARGO COMISSION.S/VINCULO;3691,80;;3691,80;422,40;3269,40;
LEONARDO CESAR RABELLO ITUASSU;ASSESSORIA;ASSESSOR I;; CARGO COMISSION.S/VINCULO;5729,77;;5729,77;986,40;4743,37;
LILIA MARIA DA MOTA SILVA;DEPARTAMENTO DE ADM.E FINANCAS;ASSISTENTE TECNICO;; ESTATUTARIO;4095,02;;4095,02;312,33;3782,69;
LORENA MARIEL DE CARVALHO;ASSESSORIA;ASSESSOR II;; CARGO COMISSION.S/VINCULO;4709,79;;4709,79;670,28;4039,51;
LUCIA REGINE SANTOS DA SILVA;GERENCIA DE MATER.E PATRIMONIO;AUXILIAR DE SERV GERAIS 2A CLASSE;; ESTATUTARIO;3799,40;;3799,40;180,65;3618,75;
LUCIANDRO ARAUJO DA SILVA;ASSESSORIA;GERENTE;; CARGO COMISSION.S/VINCULO;4709,79;;4709,79;670,28;4039,51;
LUCINDA AURORA OLIVEIRA LIMA;DEPARTAMENTO DE ADM.E FINANCAS;A.TEC-I;; ESTATUTARIO;4382,24;;4382,24;316,79;4065,45;
LUIZ CARLOS RENOVATO DOS SANTOS;GERENCIA DE PROG.E PESQUISAS;A.TEC-I;; ESTATUTARIO;4210,34;;4210,34;348,50;3861,84;
LUKAS PEREIRA MENDES;ASSESSORIA;ASSESSOR IV;; CARGO COMISSION.S/VINCULO;3675,61;;3675,61;418,48;3257,13;
MAIZA LEITE ANDRADE;DEPARTAMENTO DE ADM.E FINANCAS;AUX.ADM-III;; ESTATUTARIO;1969,29;;1969,29;136,30;1832,99;
MANOEL RAIMUNDO DA ROCHA;GERENCIA DE CARTOGRAFIA;A.TEC-II;; ESTATUTARIO;4142,48;;4142,48;241,90;3900,58;
MARCELO AUGUSTO BORGES DA SILVA;ASSESSORIA;CHEFE DE DEPARTAMENTO;; CARGO COMISSION.S/VINCULO;5729,77;;5729,77;986,40;4743,37;
MARCIO ANDRE DA SILVA SAMPAIO;ASSESSORIA;GERENTE;; CARGO COMISSION.S/VINCULO;4709,79;;4709,79;670,28;4039,51;
MARIA ANUNCIACAO LOPES DA SILVA;DEPARTAMENTO DE ADM.E FINANCAS;AUX.S.G-I;; ESTATUTARIO;2590,06;;2590,06;149,22;2440,84;
MARIA APARECIDA MACEDO GUIMARAES;DEPARTAMENTO DE ADM.E FINANCAS;A.TEC-I;; ESTATUTARIO;3792,70;;3792,70;236,30;3556,40;
MARIA BEATRIZ CORDEIRO CALDAS;SECRETARIA EXECUTIVA;A.TEC-I;; ESTATUTARIO;4210,34;;4210,34;291,62;3918,72;
MARIA DA CONCEICAO DE O NAZARETH;SECRETARIA EXECUTIVA;ASSISTENTE ADMINISTRATIVO II;ASS ADMINISTRATIVO; ESTATUTARIO;4274,19;;4274,19;435,17;3839,02;
MARIA DAS GRACAS DA COSTA CAMPELO;DEPARTAMENTO DE POL.FUNDIARIA;A.TEC-I;ASSESSOR II AD-2; ESTATUTARIO;3902,74;;3902,74;240,42;3662,32;
MARIA DE FATIMA BEZERRA CAVALCANTE;DEPARTAMENTO DE ADM.E FINANCAS;AGENTE DE ADMINISTRACAO;; ESTATUTARIO;2759,18;;2759,18;175,75;2583,43;
MARIA DO SOCORRO GOMES DIAS;SECRETARIA EXECUTIVA;ASSISTENTE TECNICO;GERENTE; ESTATUTARIO;6645,79;;6645,79;799,37;5846,42;
MARIA EDUARDA PEREIRA DOS SANTOS;GERENCIA DE VISTORIA;ASSISTENTE ADMINISTRATIVO III;; ESTATUTARIO;4570,13;;4570,13;403,87;4166,26;
MARIA ELDA LABORDA DA COSTA;ASSESSORIA;ASSESSOR III;; CARGO COMISSION.S/VINCULO;3691,80;;3691,80;422,40;3269,40;
MARIA ELENA ARAUJO MENDES;SECRETARIA EXECUTIVA;TECNICO II;; ESTATUTARIO;6536,03;;6536,03;839,99;5696,04;
MARIA EUNICE PINHEIRO DE CARVALHO;SECRETARIA EXECUTIVA;A.TEC-I;; ESTATUTARIO;6510,00;;6510,00;853,47;5656,53;
MARIA ONEIDE DA COSTA;GERENCIA DE MATER.E PATRIMONIO;AUX.S.G-II;; ESTATUTARIO;3020,15;;3020,15;137,85;2882,30;
MARIA REGINA DE ARAUJO S ANTONIO;DEPARTAMENTO DE ADM.E FINANCAS;TECNICO II;; ESTATUTARIO;4326,69;;4326,69;593,14;3733,55;
MARIA SANDRA DA SILVA MIRANDA;ASSESSORIA;ASSESSOR IV;ASSESSOR IV AD-4; CARGO COMISSION.S/VINCULO;2679,61;;2679,61;196,16;2483,45;
MARIA SONIA FERNANDES DA S SANTOS;DEPARTAMENTO DE ADM.E FINANCAS;A.TEC-I;GERENTE AD-2; ESTATUTARIO;4210,34;;4210,34;291,62;3918,72;
MARIA TEREZA PINHEIRO CIDADE;ASSESSORIA;CHEFE DE DEPARTAMENTO;; CARGO COMISSION.S/VINCULO;5729,77;;5729,77;986,40;4743,37;
MARINEI FERREIRA BRUCE DE AZEVEDO;ASSESSORIA;ASSESSOR III AD-3;; CARGO COMISSION.S/VINCULO;3691,80;;3691,80;422,40;3269,40;
MERCIA NOGUEIRA MONTEIRO;ASSESSORIA;SECRETARIO EXECUTIVO ADJUNTO;; CARGO COMISSION.S/VINCULO;9500,00;;9500,00;2055,89;7444,11;
MONIKE DE OLIVEIRA MOURA;ASSESSORIA;ASSESSOR II;; CARGO COMISSION.S/VINCULO;4709,79;;4709,79;670,28;4039,51;
NANCY MEIRELES MONTEIRO;ASSESSORIA;ASSESSOR II;; CARGO COMISSION.S/VINCULO;4709,79;;4709,79;670,28;4039,51;
NATALLY SANTOS FERREIRA;ASSESSORIA;ASSESSOR IV;ASSESSOR IV AD-4; CARGO COMISSION.S/VINCULO;3075,61;;3075,61;264,79;2810,82;
NATYAM NATALIE CARVALHO LINS;ASSESSORIA;INVEST.DE POL. 3A.CL. PC-INV-III;ASSESSOR I AD-1; ESTATUTARIO;5500,00;;5500,00;505,64;4994,36;
NILCE MARIA GOMES DA S VASCONCELOS;GERENCIA DE PROG.E PESQUISAS;AUX.ADM-III;; ESTATUTARIO;3961,81;;3961,81;278,69;3683,12;
NILTON FERNANDES DA SILVA;GERENCIA DE MATER.E PATRIMONIO;AUX.O-I;; ESTATUTARIO;2758,69;;2758,69;161,25;2597,44;
NUBIA RODRIGUES LEOPOLDO DE MENEZES;GABINETE DO SECRETARIO;ASSESSOR II;; CARGO COMISSION.S/VINCULO;4709,79;;4709,79;670,28;4039,51;
OSCAR CORDEIRO DE SOUZA;GERENCIA DE MATER.E PATRIMONIO;A.TEC-I;; ESTATUTARIO;4215,26;;4215,26;292,82;3922,44;
PAULA ANDREA KANZLER SOARES;SECRETARIA EXECUTIVA;INVEST.DE POL. 3A.CL. PC-INV-III;SECRET DE ESTADO; ESTATUTARIO;6620,00;;6620,00;761,50;5858,50;
PAULO BRIGIDO DOS SANTOS BRAGA;ASSESSORIA;ASSESSOR IV;; CARGO COMISSION.S/VINCULO;3675,61;;3675,61;418,48;3257,13;
PAULO CEZAR LEVY DE CARVALHO;DEPARTAMENTO DE ADM.E FINANCAS;A.TEC-I;; ESTATUTARIO;4219,09;;4219,09;213,75;4005,34;
PAULO MESSIAS SOUZA QUEIROZ;ASSESSORIA;ASSESSOR II;; CARGO COMISSION.S/VINCULO;4709,79;;4709,79;670,28;4039,51;
PEDRO MOURA DOS SANTOS;DEPARTAMENTO DE ADM.E FINANCAS;ASSISTENTE TECNICO;; ESTATUTARIO;4077,54;;4077,54;308,07;3769,47;
RAIMUNDA SOUZA DA SILVA;DEPARTAMENTO DE ADM.E FINANCAS;TECNICO I;; ESTATUTARIO;5355,08;;5355,08;708,10;4646,98;
RAIMUNDO JOSUE MOREIRA PESSOA;DEPARTAMENTO DE ADM.E FINANCAS;TNS-I;; ESTATUTARIO;5243,06;;5243,06;549,25;4693,81;
RAIMUNDO MOREIRA DE FARIAS;DEPARTAMENTO DE ADM.E FINANCAS;TNS-I;; ESTATUTARIO;4682,20;;4682,20;564,04;4118,16;
RAQUEL FERREIRA DA SILVA;DEPARTAMENTO DE ADM.E FINANCAS;ASSISTENTE ADMINISTRATIVO II;ASSESSOR II AD-2; ESTATUTARIO;5593,15;;5593,15;546,79;5046,36;
REGINA MAIA SANCHEZ PROCOPIO;ASSESSORIA;ASSESSOR II;; CARGO COMISSION.S/VINCULO;4709,79;;4709,79;670,28;4039,51;
REGINALDO SENA DO NASCIMENTO;ASSESSORIA;ASSESSOR III;; CARGO COMISSION.S/VINCULO;3691,80;;3691,80;422,40;3269,40;
RICARDO ALEXANDRE CORDEIRO ALVES;ASSESSORIA;ASSESSOR II;; CARGO COMISSION.S/VINCULO;4709,79;;4709,79;670,28;4039,51;
RICARDO RAMOS DE SOUZA;DEPARTAMENTO DE ADM.E FINANCAS;TECNICO EM AGROPECUARIA;; ESTATUTARIO;3381,59;;3381,59;215,89;3165,70;
RODRIGO ROCHA VIANA;GERENCIA DE RECURSOS HUMANOS;GERENTE;GERENTE AD-2; CARGO COMISSION.S/VINCULO;4709,79;;4709,79;670,28;4039,51;
ROSALVO DOS SANTOS MIRANDA FILHO;GERENCIA DE MATER.E PATRIMONIO;MOT-I;; ESTATUTARIO;4328,64;;4328,64;340,57;3988,07;
RUAN CARLOS PEIXOTO DA SILVA;ASSESSORIA;ASSESSOR III;; CARGO COMISSION.S/VINCULO;3691,80;;3691,80;422,40;3269,40;
SHEILA MEIRA TORRES LEVY;DEPARTAMENTO DE ADM.E FINANCAS;ASSISTENTE TECNICO;; ESTATUTARIO;2947,46;;2947,46;150,44;2797,02;
SONIA ROCHA VIANA;GERENCIA DE RECURSOS HUMANOS;ASSISTENTE ADMINISTRATIVO III;; ESTATUTARIO;5856,87;;5856,87;712,23;5144,64;
SORAYA PRAIA LEITE;SECRETARIA EXECUTIVA;ASSISTENTE ADMINISTRATIVO III;; ESTATUTARIO;4547,08;;4547,08;396,71;4150,37;
SUELY BRANDAO DA SILVA;GERENCIA DE MATER.E PATRIMONIO;AUXILIAR DE SERV GERAIS 2A CLASSE;; ESTATUTARIO;2974,55;;2974,55;128,27;2846,28;
TALITA SARAIVA TEIXEIRA;DEPARTAMENTO DE POL.FUNDIARIA;ASSESSOR I;; CARGO COMISSION.S/VINCULO;5729,77;;5729,77;986,40;4743,37;
TAMIR MOHAMED EL MENOUFI;ASSESSORIA;ASSESSOR I;; CARGO COMISSION.S/VINCULO;5729,77;;5729,77;986,40;4743,37;
TARCIO COSTA AMORIM;ASSESSORIA;ASSESSOR II;ASSESSOR II AD-2; CARGO COMISSION.S/VINCULO;4709,79;;4709,79;670,28;4039,51;
TASSIO ENDRIGO FARIAS G CARVALHO;ASSESSORIA;ASSESSOR IV;; CARGO COMISSION.S/VINCULO;2679,61;;2679,61;196,16;2483,45;
TESSALIA INES DOS SANTOS OLIVEIRA;DEPARTAMENTO DE ADM.E FINANCAS;TNS-I;ASSESSOR II AD-2; ESTATUTARIO;11151,78;;11151,78;2434,13;8717,65;
THELMA SOUZA DA COSTA;GABINETE DO SECRETARIO;A.TEC-I;; ESTATUTARIO;4232,75;;4232,75;353,96;3878,79;
VANILUCE FELIX DE SOUZA;DEPARTAMENTO DE ADM.E FINANCAS;ASSISTENTE ADMINISTRATIVO I;; ESTATUTARIO;4399,57;;4399,57;371,71;4027,86;
VILIANA E SILVA CAIMO;DEPARTAMENTO DE ADM.E FINANCAS;A.TEC-II;; ESTATUTARIO;3541,46;;3541,46;238,12;3303,34;
