NOME;LOTACAO;CARGO;FUNCAO;VINCULO;REMUNERACAO LEGAL TOTAL(R$);DESC.TETO(R$); REMUNERACAO LEGAL DEVIDA(R$);DESCONTOS LEGAIS(R$);LIQUIDO DISPONIVEL(R$);
ADRIANA DE ARAUJO BASTOS;ASSESSORIA;ASSESSOR II AD-2;ASSESSOR II AD-2; CARGO COMISSION.S/VINCULO;4209,79;;4209,79;670,28;3539,51;
AFONSO AURINO DE OLIVEIRA E SILVA;SECRETARIA EXECUTIVA;AUXILIAR TECNICO;; C.L.T.;4541,33;;4541,33;647,69;3893,64;
ALAIN LINCOLN CAIMO;ASSESSORIA;GERENTE AD-2;; CARGO COMISSION.S/VINCULO;4209,79;;4209,79;670,28;3539,51;
ALBERICO LIMA DE OLIVEIRA;SECRETARIA EXECUTIVA;A.TEC-I;; ESTATUTARIO;3719,09;;3719,09;293,76;3425,33;
ALDENIR AUGUSTA DE OLIVEIRA NEVES;ASSESSORIA;ASSESSOR III AD-3;ASSESSOR III AD 3; CARGO COMISSION.S/VINCULO;3191,80;;3191,80;422,40;2769,40;
ALMIR DO NASCIMENTO LIMA;GERENCIA DE MATER.E PATRIMONIO;VIGIA;; ESTATUTARIO;2596,98;;2596,98;137,77;2459,21;
ANA GORETE DE MELO FRANCO;ASSESSORIA;ASSESSOR III AD-3;; CARGO COMISSION.S/VINCULO;3191,80;;3191,80;422,40;2769,40;
ANA MAURA MAGALHAES GENTIL;DEPARTAMENTO DE ADM.E FINANCAS;ENGENHEIRO AGRONOMO;GERENTE AD-2; ESTATUTARIO;10824,72;;10824,72;2723,89;8100,83;
ANA SIMONE DE OLIVEIRA MORAES;DEPARTAMENTO DE ADM.E FINANCAS;A.TEC-I;; ESTATUTARIO;4695,67;;4695,67;239,36;4456,31;
ANDERSON OSCAR SOUZA DA SILVEIRA;ASSESSORIA;ASSESSOR III AD-3;; CARGO COMISSION.S/VINCULO;4255,73;;4255,73;684,21;3571,52;
ANDRE TAVEIRA DA SILVA;GERENCIA DE CARTOGRAFIA;GERENTE AD-2;; CARGO COMISSION.S/VINCULO;4209,79;;4209,79;670,28;3539,51;
ANDREZA MAIA DA SILVA BOTELHO;ASSESSORIA;ASSESSOR II AD-2;ASSESSOR II AD-2; CARGO COMISSION.S/VINCULO;4209,79;;4209,79;670,28;3539,51;
ANITA LEOCADIA V S MELCHOR;GERENCIA DE PROG.E PESQUISAS;TECNICO II;; ESTATUTARIO;5631,05;;5631,05;929,68;4701,37;
ANNE KATHARINE DA SILVA LIRA;ASSESSORIA;ASSESSOR I AD-1;ASSESSOR I AD-1; CARGO COMISSION.S/VINCULO;5229,77;;5229,77;986,40;4243,37;
ANNIK JACOB GENTIL;GABINETE DO SECRETARIO;SECRETARIO EXECUTIVO ADJUNTO;; CARGO COMISSION.S/VINCULO;9000,00;;9000,00;2055,89;6944,11;
ANTONIO ALFREDO COSTA FILHO;GERENCIA DE MATER.E PATRIMONIO;A.OPE-I;; ESTATUTARIO;3127,83;;3127,83;210,61;2917,22;
ANTONIO DE ALMEIDA PEIXOTO;ASSESSORIA;ASSESSOR I AD-1;; CARGO COMISSION.S/VINCULO;5229,77;;5229,77;986,40;4243,37;
AURELIO BRANDAO DA SILVA;GERENCIA DE MATER.E PATRIMONIO;AUX.DE SERV.GER.-ASG-T.S.N.A.-A;AUX. SERV. GERAIS; ESTATUTARIO;2472,36;;2472,36;180,79;2291,57;
BRUNNO DOS SANTOS FERNANDES;ASSESSORIA;ASSESSOR I AD-1;ASSESSOR I AD-1; CARGO COMISSION.S/VINCULO;5229,77;;5229,77;986,40;4243,37;
BRUNO MACHADO DE SOUZA;ASSESSORIA;ASSESSOR IV AD-4;ASSESSOR IV AD-4; CARGO COMISSION.S/VINCULO;3175,61;;3175,61;418,48;2757,13;
CAMILA FIGUEIREDO COELHO;GERENCIA DE CARTOGRAFIA;ASSESSOR II AD-2;; CARGO COMISSION.S/VINCULO;4209,79;;4209,79;670,28;3539,51;
CARLOS ALBERTO CARDOSO DE SOUZA;DEPARTAMENTO DE ADM.E FINANCAS;ASSISTENTE TECNICO;; ESTATUTARIO;5218,51;;5218,51;245,98;4972,53;
CARLOS HORACIO DA ROCHA GAMA;DEPARTAMENTO DE ADM.E FINANCAS;TNS-I;; ESTATUTARIO;5873,86;;5873,86;1046,87;4826,99;
CARLOS JERONIMO DA SILVA;ASSESSORIA;GERENTE AD-2;; CARGO COMISSION.S/VINCULO;4209,79;;4209,79;670,28;3539,51;
CARLOS SNEIDER FERNANDES S SANTOS;ASSESSORIA;ASSESSOR II AD-2;ASSESSOR II AD-2; CARGO COMISSION.S/VINCULO;4209,79;;4209,79;590,64;3619,15;
CINARA VIANA DE OLIVEIRA;GERENCIA DE DESENV.TERRITORIAL;ASSESSOR II AD-2;; CARGO COMISSION.S/VINCULO;4209,79;;4209,79;670,28;3539,51;
CLAUDENIZA OZORIO DE CARVALHO;GERENCIA DE ORC.E FINANCAS;A.TEC-I;; ESTATUTARIO;3922,47;;3922,47;355,21;3567,26;
CLODUALDO LIMA DUARTE;DEPARTAMENTO DE ADM.E FINANCAS;ASSISTENTE TECNICO;; ESTATUTARIO;3003,77;;3003,77;224,46;2779,31;
CRISTIANE DA SILVEIRA E SILVA;ASSESSORIA;ASSESSOR II AD-2;; CARGO COMISSION.S/VINCULO;5613,05;;5613,05;1121,87;4491,18;
CRISTOVAM DA COSTA CORDEIRO;DEPARTAMENTO DE ADM.E FINANCAS;MOT-I;; ESTATUTARIO;2841,39;;2841,39;171,15;2670,24;
DAIANE MOREIRA CARDOZO;ASSESSORIA;ASSESSOR III AD-3;; CARGO COMISSION.S/VINCULO;3191,80;;3191,80;422,40;2769,40;
DANIEL GOMES ASSANTE;GABINETE DO SECRETARIO;GERENTE AD-2;; CARGO COMISSION.S/VINCULO;4209,79;;4209,79;670,28;3539,51;
DANIEL JOAQUIM PARISOTTO;ASSESSORIA;ASSESSOR II AD-2;; CARGO COMISSION.S/VINCULO;4209,79;;4209,79;670,28;3539,51;
DELIO CAVALCANTE DINIZ DE CARVALHO;GABINETE DO SECRETARIO;SECRETARIO EXECUTIVO;; CARGO COMISSION.S/VINCULO;11700,00;;11700,00;2798,39;8901,61;
DENNY BATISTA COLARES;ASSESSORIA;CHEFE DE DEPARTAMENTO AD-1;CH.DE DEPARTAMENTO; CARGO COMISSION.S/VINCULO;5229,77;;5229,77;986,40;4243,37;
DEUSDETE COSTA SENNA;GERENCIA DE MATER.E PATRIMONIO;MOTORISTA 3A CLASSE;; ESTATUTARIO;3089,20;;3089,20;201,35;2887,85;
EDER JOSE DA CUNHA TEIXEIRA;SECRETARIA EXECUTIVA;ASSISTENTE TECNICO;; ESTATUTARIO;3595,03;;3595,03;312,33;3282,70;
EDNEIA PEREIRA DOURADO;SECRETARIA EXECUTIVA;ASSISTENTE ADMINISTRATIVO I;; C.L.T.;2836,00;;2836,00;335,24;2500,76;
EDNELZA REIS ALVES;DEPARTAMENTO DE POL.FUNDIARIA;ASSESSOR III AD-3;; CARGO COMISSION.S/VINCULO;3191,80;;3191,80;422,40;2769,40;
EDSON SILVA ARAUJO;SECRETARIA EXECUTIVA;A.TEC-I;; ESTATUTARIO;6818,34;;6818,34;216,05;6602,29;
EDUARDO MENDONCA JUNIOR;GERENCIA DE ORC.E FINANCAS;A.TEC-II;ASSESSOR I AD-1; ESTATUTARIO;5835,46;;5835,46;851,99;4983,47;
ELEONORA FERREIRA DOS SANTOS;SECRETARIA EXECUTIVA;A.TEC-I;GERENTE AD2; ESTATUTARIO;4904,34;;4904,34;515,83;4388,51;
ELLEM CASTRO BEZERRA;ASSESSORIA;ASSESSOR II AD-2;; CARGO COMISSION.S/VINCULO;4209,79;;4209,79;670,28;3539,51;
EMERSON MOTA DE ALCANTARA;ASSESSORIA;ASSESSOR III AD-3;ASSESSOR III AD-3; CARGO COMISSION.S/VINCULO;3191,80;;3191,80;422,40;2769,40;
ERNANDO DOS SANTOS DIAS;DEPARTAMENTO DE ADM.E FINANCAS;ASSISTENTE TECNICO;; ESTATUTARIO;3003,77;;3003,77;208,32;2795,45;
ETY DOS SANTOS;DEPARTAMENTO DE ADM.E FINANCAS;AUX.S.G-II;; ESTATUTARIO;2667,70;;2667,70;138,81;2528,89;
EZEGLAIR PEREIRA DE SOUZA;GERENCIA DE MATER.E PATRIMONIO;MOT-II;; ESTATUTARIO;1896,91;;1896,91;163,90;1733,01;
FABIANA CRUZ DE OLIVEIRA;ASSESSORIA;ASSESSOR I AD-1;; CARGO COMISSION.S/VINCULO;5229,77;;5229,77;986,40;4243,37;
FABIO DOS SANTOS PATRICIO;ASSESSORIA;ASSESSOR I AD-1;; CARGO COMISSION.S/VINCULO;5229,77;;5229,77;986,40;4243,37;
FERNANDA BATALHA IANNUZZI;ASSESSORIA;ASSESSOR I AD-1;; CARGO COMISSION.S/VINCULO;5229,77;;5229,77;986,40;4243,37;
FLAVIO ADRIANO ABREU DA SILVA;ASSESSORIA;ASSESSOR IV AD-4;; CARGO COMISSION.S/VINCULO;3175,61;;3175,61;418,48;2757,13;
FRANCISCA DAS CHAGAS F GARCEZ;DEPARTAMENTO DE ADM.E FINANCAS;AGENTE DE ADMINISTRACAO;; ESTATUTARIO;2093,77;;2093,77;151,41;1942,36;
FRANCISCA DO NASCIMENTO ELIAS;DEPARTAMENTO DE ADM.E FINANCAS;A.TEC-I;; ESTATUTARIO;3286,03;;3286,03;215,41;3070,62;
FRANCISCO DE ASSIS SOUTO;DEPARTAMENTO DE ADM.E FINANCAS;TNS-I;; ESTATUTARIO;5313,22;;5313,22;783,06;4530,16;
FRANKLIN ROLIM ODA;ASSESSORIA;AGENTE ADMINISTRATIVO;GERENTE AD-2; ESTATUTARIO;4598,57;;4598,57;449,57;4149,00;
GERMAN CUSQUISIBAN ESCOBAL;DEPARTAMENTO DE ADM.E FINANCAS;A.TEC-I;; ESTATUTARIO;3092,86;;3092,86;248,58;2844,28;
GEYSA MITZ DANTAS GUIMARAES;ASSESSORIA;ASSESSOR I AD-1;ASSESSOR I AD-1; CARGO COMISSION.S/VINCULO;5229,77;;5229,77;986,40;4243,37;
GISELLE FIGUEIRA DE SOUZA;DEPARTAMENTO DE POL.FUNDIARIA;ASSESSOR IV AD-4;; CARGO COMISSION.S/VINCULO;2575,61;;2575,61;264,79;2310,82;
GUIOMAR DE VASCONCELOS LIMA;GERENCIA DE MATER.E PATRIMONIO;AUX.S.G-I;; ESTATUTARIO;2590,06;;2590,06;149,22;2440,84;
HELLEN REGINA PINHEIRO JORDAO;ASSESSORIA;ASSESSOR IV AD-4;ASSESSOR IV AD-4; CARGO COMISSION.S/VINCULO;3175,61;;3175,61;418,48;2757,13;
HEROS LOPES RODRIGUES;ASSESSORIA;ASSESSOR I AD-1;; CARGO COMISSION.S/VINCULO;6973,03;;6973,03;1498,47;5474,56;
INDIRA GONCALVES DE SOUZA L ROZEIRA;ASSESSORIA;ASSESSOR II AD-2;; CARGO COMISSION.S/VINCULO;4209,79;;4209,79;670,28;3539,51;
IPOJUCAN EDEN BATURITE;SECRETARIA EXECUTIVA;TECNICO EM AGROPECUARIA;ASSESSOR I AD-1; ESTATUTARIO;6368,04;;6368,04;873,48;5494,56;
IRAILSON CARDOSO DE ALMEIDA;ASSESSORIA;ASSESSOR II AD-2;ASSESSOR II AD-2; CARGO COMISSION.S/VINCULO;4209,79;;4209,79;670,28;3539,51;
IVONE DA SILVA FREIRE;DEPARTAMENTO DE ADM.E FINANCAS;A.TEC-I;; ESTATUTARIO;3926,17;;3926,17;379,72;3546,45;
IZA LEITAO SOBRINHO;ASSESSORIA;ASSESSOR III AD-3;; CARGO COMISSION.S/VINCULO;3191,80;;3191,80;422,40;2769,40;
JAMILLA DE SOUZA PASSOS STEINHEUSER;ASSESSORIA;ASSESSOR I AD-1;; CARGO COMISSION.S/VINCULO;5229,77;;5229,77;986,40;4243,37;
JOAO FERREIRA RODRIGUES;GERENCIA DE MATER.E PATRIMONIO;AUX.O-I;; ESTATUTARIO;2748,98;;2748,98;188,07;2560,91;
JOAQUIM MARQUES DOS SANTOS JUNIOR;GERENCIA DE PROG.E PESQUISAS;TECNICO III;ASSESSOR I - AD-1; ESTATUTARIO;10856,01;;10856,01;1629,44;9226,57;
JORGE ALBERTO VASCONCELOS JUNIOR;ASSESSORIA;TECNICO EM AGROPECUARIA;ASSES.IV AD-4; ESTATUTARIO;3870,65;;3870,65;358,54;3512,11;
JOSE DAVID NOGUEIRA DA SILVA;ASSESSORIA;ASSESSOR I AD-1;ASSESSOR I AD-1; CARGO COMISSION.S/VINCULO;5229,77;;5229,77;986,40;4243,37;
JUCELINE ROCHA DA SILVA;ASSESSORIA;ASSESSOR II AD-2;ASSESSOR II AD-2; CARGO COMISSION.S/VINCULO;4209,79;;4209,79;670,28;3539,51;
JULIANA MARIA MELAZI GIRARDI;SECRETARIA EXECUTIVA;CHEFE DE GABINETE AD-1;CHEFE DE GAB AD-1; CARGO COMISSION.S/VINCULO;5229,77;;5229,77;986,40;4243,37;
KEIT MACIEL DA GAMA;DEPARTAMENTO DE POL.FUNDIARIA;CHEFE DE DEPARTAMENTO AD-1;; CARGO COMISSION.S/VINCULO;5229,77;;5229,77;986,40;4243,37;
KERVEM MARQUES DE SOUZA;DEPARTAMENTO DE POL.FUNDIARIA;ASSESSOR IV AD-4;; CARGO COMISSION.S/VINCULO;2575,61;;2575,61;264,79;2310,82;
LANA CRISTINA DA MOTA HERNANDEZ;GERENCIA DE CARTOGRAFIA;ASSESSOR III AD-3;; CARGO COMISSION.S/VINCULO;3191,80;;3191,80;422,40;2769,40;
LEONARDO CESAR RABELLO ITUASSU;ASSESSORIA;ASSESSOR I AD-1;; CARGO COMISSION.S/VINCULO;5229,77;;5229,77;986,40;4243,37;
LILIA MARIA DA MOTA SILVA;DEPARTAMENTO DE ADM.E FINANCAS;ASSISTENTE TECNICO;; ESTATUTARIO;3595,02;;3595,02;312,33;3282,69;
LUCIA REGINE SANTOS DA SILVA;GERENCIA DE MATER.E PATRIMONIO;AUXILIAR DE SERV GERAIS 2A CLASSE;; ESTATUTARIO;2474,55;;2474,55;128,27;2346,28;
LUCIANDRO ARAUJO DA SILVA;ASSESSORIA;GERENTE AD-2;; CARGO COMISSION.S/VINCULO;4209,79;;4209,79;670,28;3539,51;
LUCINDA AURORA OLIVEIRA LIMA;DEPARTAMENTO DE ADM.E FINANCAS;A.TEC-I;; ESTATUTARIO;3877,26;;3877,26;311,81;3565,45;
LUIZ CARLOS RENOVATO DOS SANTOS;GERENCIA DE PROG.E PESQUISAS;A.TEC-I;; ESTATUTARIO;6802,29;;6802,29;616,26;6186,03;
LUKAS PEREIRA MENDES;ASSESSORIA;ASSESSOR IV AD-4;; CARGO COMISSION.S/VINCULO;3175,61;;3175,61;418,48;2757,13;
MAIZA LEITE ANDRADE;DEPARTAMENTO DE ADM.E FINANCAS;AUX.ADM-III;; ESTATUTARIO;1969,29;;1969,29;136,30;1832,99;
MANOEL RAIMUNDO DA ROCHA;GERENCIA DE CARTOGRAFIA;A.TEC-II;; ESTATUTARIO;3642,48;;3642,48;241,90;3400,58;
MARCELO AUGUSTO BORGES DA SILVA;ASSESSORIA;CHEFE DE DEPARTAMENTO AD-1;; CARGO COMISSION.S/VINCULO;5229,77;;5229,77;986,40;4243,37;
MARCIO ANDRE DA SILVA SAMPAIO;ASSESSORIA;GERENTE AD-2;; CARGO COMISSION.S/VINCULO;4209,79;;4209,79;670,28;3539,51;
MARIA ANUNCIACAO LOPES DA SILVA;DEPARTAMENTO DE ADM.E FINANCAS;AUX.S.G-I;; ESTATUTARIO;2590,06;;2590,06;149,22;2440,84;
MARIA APARECIDA MACEDO GUIMARAES;DEPARTAMENTO DE ADM.E FINANCAS;A.TEC-I;; ESTATUTARIO;5795,37;;5795,37;420,29;5375,08;
MARIA BEATRIZ CORDEIRO CALDAS;SECRETARIA EXECUTIVA;A.TEC-I;; ESTATUTARIO;3710,34;;3710,34;291,62;3418,72;
MARIA DA CONCEICAO DE O NAZARETH;SECRETARIA EXECUTIVA;ASSISTENTE ADMINISTRATIVO II;ASS ADMINISTRATIVO; ESTATUTARIO;3257,68;;3257,68;259,07;2998,61;
MARIA DAS GRACAS DA COSTA CAMPELO;DEPARTAMENTO DE POL.FUNDIARIA;A.TEC-I;ASSESSOR II AD-2; ESTATUTARIO;3402,74;;3402,74;240,42;3162,32;
MARIA DE FATIMA BEZERRA CAVALCANTE;DEPARTAMENTO DE ADM.E FINANCAS;AGENTE DE ADMINISTRACAO;; ESTATUTARIO;2759,18;;2759,18;175,75;2583,43;
MARIA DO SOCORRO GOMES DIAS;SECRETARIA EXECUTIVA;ASSISTENTE TECNICO;GERENTE; ESTATUTARIO;6145,79;;6145,79;799,37;5346,42;
MARIA EDUARDA PEREIRA DOS SANTOS;GERENCIA DE VISTORIA;ASSISTENTE ADMINISTRATIVO III;; ESTATUTARIO;4070,13;;4070,13;403,87;3666,26;
MARIA ELDA LABORDA DA COSTA;ASSESSORIA;ASSESSOR III AD-3;; CARGO COMISSION.S/VINCULO;3191,80;;3191,80;422,40;2769,40;
MARIA ELENA ARAUJO MENDES;SECRETARIA EXECUTIVA;TECNICO II;; ESTATUTARIO;6036,03;;6036,03;839,99;5196,04;
MARIA EUNICE PINHEIRO DE CARVALHO;SECRETARIA EXECUTIVA;A.TEC-I;; ESTATUTARIO;4567,62;;4567,62;492,65;4074,97;
MARIA ONEIDE DA COSTA;GERENCIA DE MATER.E PATRIMONIO;AUX.S.G-II;; ESTATUTARIO;2520,15;;2520,15;137,85;2382,30;
MARIA REGINA DE ARAUJO S ANTONIO;DEPARTAMENTO DE ADM.E FINANCAS;TECNICO II;; ESTATUTARIO;4326,69;;4326,69;593,14;3733,55;
MARIA SANDRA DA SILVA MIRANDA;ASSESSORIA;ASSESSOR IV AD-4;ASSESSOR IV AD-4; CARGO COMISSION.S/VINCULO;2179,61;;2179,61;196,16;1983,45;
MARIA SONIA FERNANDES DA S SANTOS;DEPARTAMENTO DE ADM.E FINANCAS;A.TEC-I;GERENTE AD-2; ESTATUTARIO;3710,34;;3710,34;285,96;3424,38;
MARIA TEREZA PINHEIRO CIDADE;ASSESSORIA;CHEFE DE DEPARTAMENTO AD-1;; CARGO COMISSION.S/VINCULO;5229,77;;5229,77;986,40;4243,37;
MERCIA NOGUEIRA MONTEIRO;ASSESSORIA;SECRETARIO EXECUTIVO ADJUNTO;; CARGO COMISSION.S/VINCULO;9000,00;;9000,00;2055,89;6944,11;
MONIKE DE OLIVEIRA MOURA;ASSESSORIA;ASSESSOR II AD-2;; CARGO COMISSION.S/VINCULO;4209,79;;4209,79;670,28;3539,51;
NANCY MEIRELES MONTEIRO;ASSESSORIA;ASSESSOR II AD-2;; CARGO COMISSION.S/VINCULO;4209,79;;4209,79;670,28;3539,51;
NATALLY SANTOS FERREIRA;ASSESSORIA;ASSESSOR IV AD-4;ASSESSOR IV AD-4; CARGO COMISSION.S/VINCULO;3434,15;;3434,15;481,41;2952,74;
NATYAM NATALIE CARVALHO LINS;ASSESSORIA;INVEST.DE POL. 3A.CL. PC-INV-III;ASSESSOR I AD-1; ESTATUTARIO;5000,00;;5000,00;505,64;4494,36;
NILCE MARIA GOMES DA S VASCONCELOS;GERENCIA DE PROG.E PESQUISAS;AUX.ADM-III;; ESTATUTARIO;3461,81;;3461,81;278,69;3183,12;
NILTON FERNANDES DA SILVA;GERENCIA DE MATER.E PATRIMONIO;AUX.O-I;; ESTATUTARIO;2758,69;;2758,69;161,25;2597,44;
NUBIA RODRIGUES LEOPOLDO DE MENEZES;GABINETE DO SECRETARIO;ASSESSOR II AD-2;; CARGO COMISSION.S/VINCULO;4209,79;;4209,79;670,28;3539,51;
OSCAR CORDEIRO DE SOUZA;GERENCIA DE MATER.E PATRIMONIO;A.TEC-I;; ESTATUTARIO;5711,31;;5711,31;358,58;5352,73;
OSVALDO MOTA DA SILVA;ASSESSORIA;ASSESSOR II AD-2;; CARGO COMISSION.S/VINCULO;4209,79;;4209,79;670,28;3539,51;
PAULA ANDREA KANZLER SOARES;SECRETARIA EXECUTIVA;INVEST.DE POL. 3A.CL. PC-INV-III;SECRET DE ESTADO; ESTATUTARIO;10800,00;;10800,00;2048,50;8751,50;
PAULO CEZAR LEVY DE CARVALHO;DEPARTAMENTO DE ADM.E FINANCAS;A.TEC-I;ASSESSOR I AD-1; ESTATUTARIO;3719,09;;3719,09;207,53;3511,56;
PAULO MESSIAS SOUZA QUEIROZ;ASSESSORIA;ASSESSOR II AD-2;; CARGO COMISSION.S/VINCULO;4209,79;;4209,79;670,28;3539,51;
PEDRO MOURA DOS SANTOS;DEPARTAMENTO DE ADM.E FINANCAS;ASSISTENTE TECNICO;; ESTATUTARIO;3577,54;;3577,54;308,07;3269,47;
PEREGRINO PEREIRA DA SILVA;GERENCIA DE MATER.E PATRIMONIO;AUX.O-I;; ESTATUTARIO;2931,41;;2931,41;232,70;2698,71;
RAIMUNDA SOUZA DA SILVA;DEPARTAMENTO DE ADM.E FINANCAS;TECNICO I;; ESTATUTARIO;11156,43;;11156,43;1395,71;9760,72;
RAIMUNDO JOSUE MOREIRA PESSOA;DEPARTAMENTO DE ADM.E FINANCAS;TNS-I;; ESTATUTARIO;4382,65;;4382,65;483,60;3899,05;
RAIMUNDO MOREIRA DE FARIAS;DEPARTAMENTO DE ADM.E FINANCAS;TNS-I;; ESTATUTARIO;4668,56;;4668,56;550,40;4118,16;
RAQUEL FERREIRA DA SILVA;DEPARTAMENTO DE ADM.E FINANCAS;ASSISTENTE ADMINISTRATIVO II;ASSESSOR II AD-2; ESTATUTARIO;5093,15;;5093,15;546,79;4546,36;
REGINA MAIA SANCHEZ PROCOPIO;ASSESSORIA;ASSESSOR II AD-2;; CARGO COMISSION.S/VINCULO;4209,79;;4209,79;670,28;3539,51;
RICARDO ALEXANDRE CORDEIRO ALVES;ASSESSORIA;ASSESSOR II AD-2;; CARGO COMISSION.S/VINCULO;4209,79;;4209,79;670,28;3539,51;
RICARDO RAMOS DE SOUZA;DEPARTAMENTO DE ADM.E FINANCAS;TECNICO EM AGROPECUARIA;; ESTATUTARIO;2881,59;;2881,59;215,89;2665,70;
RODRIGO ROCHA VIANA;GERENCIA DE RECURSOS HUMANOS;GERENTE AD-2;GERENTE AD-2; CARGO COMISSION.S/VINCULO;4209,79;;4209,79;670,28;3539,51;
ROSALVO DOS SANTOS MIRANDA FILHO;GERENCIA DE MATER.E PATRIMONIO;MOT-I;; ESTATUTARIO;3228,64;;3228,64;250,57;2978,07;
RUAN CARLOS PEIXOTO DA SILVA;ASSESSORIA;ASSESSOR III AD-3;; CARGO COMISSION.S/VINCULO;3191,80;;3191,80;422,40;2769,40;
SANDRO RAMALHO BEZERRA;GERENCIA DE DESENV.TERRITORIAL;ASSESSOR I AD-1;; CARGO COMISSION.S/VINCULO;5229,77;;5229,77;986,40;4243,37;
SHEILA MEIRA TORRES LEVY;DEPARTAMENTO DE ADM.E FINANCAS;ASSISTENTE TECNICO;; ESTATUTARIO;2447,46;;2447,46;150,44;2297,02;
SHIRLEY HELEM ABREU NASCIMENTO;SECRETARIA EXECUTIVA;PROFESSOR C4 ED-LPL-IV;PROFESSOR; ESTATUTARIO;1724,95;;1724,95;109,99;1614,96;
SOLANGE MEIRE BROTA GARANTIZADO;DEPARTAMENTO DE ADM.E FINANCAS;ASSISTENTE SOCIAL;; ESTATUTARIO;4928,13;;4928,13;723,27;4204,86;
SONIA ROCHA VIANA;GERENCIA DE RECURSOS HUMANOS;ASSISTENTE ADMINISTRATIVO III;; ESTATUTARIO;4043,28;;4043,28;396,61;3646,67;
SORAYA PRAIA LEITE;SECRETARIA EXECUTIVA;ASSISTENTE ADMINISTRATIVO III;; ESTATUTARIO;4047,08;;4047,08;396,71;3650,37;
SUELY BRANDAO DA SILVA;GERENCIA DE MATER.E PATRIMONIO;AUXILIAR DE SERV GERAIS 2A CLASSE;; ESTATUTARIO;2474,55;;2474,55;128,27;2346,28;
TALITA SARAIVA TEIXEIRA;DEPARTAMENTO DE POL.FUNDIARIA;ASSESSOR I AD-1;; CARGO COMISSION.S/VINCULO;5229,77;;5229,77;986,40;4243,37;
TAMIR MOHAMED EL MENOUFI;ASSESSORIA;ASSESSOR I AD-1;; CARGO COMISSION.S/VINCULO;5229,77;;5229,77;986,40;4243,37;
TARCIO COSTA AMORIM;ASSESSORIA;ASSESSOR II AD-2;ASSESSOR II AD-2; CARGO COMISSION.S/VINCULO;4209,79;;4209,79;670,28;3539,51;
TASSIO ENDRIGO FARIAS G CARVALHO;ASSESSORIA;ASSESSOR IV AD-4;; CARGO COMISSION.S/VINCULO;2179,61;;2179,61;196,16;1983,45;
TESSALIA INES DOS SANTOS OLIVEIRA;DEPARTAMENTO DE ADM.E FINANCAS;TNS-I;ASSESSOR II AD-2; ESTATUTARIO;10638,14;;10638,14;2420,49;8217,65;
THELMA SOUZA DA COSTA;GABINETE DO SECRETARIO;A.TEC-I;; ESTATUTARIO;3732,75;;3732,75;353,96;3378,79;
VANILUCE FELIX DE SOUZA;DEPARTAMENTO DE ADM.E FINANCAS;ASSISTENTE ADMINISTRATIVO I;; ESTATUTARIO;3899,57;;3899,57;371,71;3527,86;
VILIANA E SILVA CAIMO;DEPARTAMENTO DE ADM.E FINANCAS;A.TEC-II;; ESTATUTARIO;3041,46;;3041,46;238,12;2803,34;
