NOME;LOTACAO;CARGO;FUNCAO;VINCULO;REMUNERACAO LEGAL TOTAL(R$);DESC.TETO(R$); REMUNERACAO LEGAL DEVIDA(R$);DESCONTOS LEGAIS(R$);LIQUIDO DISPONIVEL(R$);
ABILIO PEREIRA DO NASCIMENTO FILHO;GERENCIA DE ORC.E PLANEJAMENTO;SUBGERENTE;; CARGO COMISSION.S/VINCULO;6591,80;;6591,80;1393,63;5198,17;
ADELANE VIEIRA RAMOS;GERENCIA DE HABILITACAO;TECNICO DE NIVEL MEDIO;; C.L.T.;2956,50;;2956,50;379,76;2576,74;
ADELINO DA SILVA;CETRAN-CONS.EST.DE TRANSITO;MEMBRO DO CETRAN;MEMBRO DO CETRAN; CARGO COMISSION.S/VINCULO;3110,00;;3110,00;406,89;2703,11;
ADEMIR ROCHA RODRIGUES;DEPTO.ADMINISTRAT.-FINANCEIRO;ASSISTENTE ADMINISTRATIVO;; C.L.T.;5395,00;;5395,00;1044,52;4350,48;
ADILSON BENTO CARDOSO;SUBGERENCIA DE APOIO LOGISTICO;AUXILIAR DE MANUTENCAO;; C.L.T.;2094,60;;2094,60;188,51;1906,09;
AGILCIMAR VASCONCELOS LOPES;SUB-GER.I DE EMPLACAMENTO;AUXILIAR ADMINISTRATIVO;; C.L.T.;2257,00;;2257,00;203,13;2053,87;
ALCI SANTOS ALMEIDA;GERENCIA DE VEICULOS;REPRESENTANTE DETRAN/AM MUN. -AD-3;; CARGO COMISSION.S/VINCULO;1681,80;;1681,80;134,54;1547,26;
ALCINEIA ALMEIDA DOS SANTOS;GER.CONTR.REG.TRANSITO- CRT;AUXILIAR DE MANUTENCAO;; C.L.T.;1655,00;;1655,00;132,40;1522,60;
ALDENICE DA SILVA SAHDO;SUBGERENCIA DE VEICULOS;TECNICO DE NIVEL MEDIO;; C.L.T.;3576,00;;3576,00;515,96;3060,04;
ALDENIZIA LIMA FREIRE;DIRETOR PRESIDENTE;TECNICO DE NIVEL MEDIO;; C.L.T.;5357,96;;5357,96;1031,37;4326,59;
ALDREA NORONHA RAMOS;DEPTO.ADMINISTRAT.-FINANCEIRO;TECNICO DE NIVEL MEDIO;; C.L.T.;4053,33;;4053,33;632,18;3421,15;
ALDSON XAVIER COSTA;SUB-GER.I DE EMPLACAMENTO;TECNICO DE NIVEL MEDIO;; C.L.T.;5063,60;;5063,60;934,85;4128,75;
ALESSANDRA AVINTE DE SOUZA FREIRE;SUB-GER.I DE INF.DE TRANSITO;TECNICO DE NIVEL SUPERIOR;; C.L.T.;3788,00;;3788,00;539,14;3248,86;
ALFREDO BARBOSA MACIEL FILHO;GERENCIA DE VEICULOS;REPRESENTANTE DETRAN/AM MUN. -AD-3;REP. MUNICIPIO AD-3; CARGO COMISSION.S/VINCULO;1681,80;;1681,80;134,54;1547,26;
ALFREDO JACAUNA PINHEIRO FILHO;GABINETE;INVEST.DE POLICIA.1A.CL. PC-INV-I;ASSESSOR I AD1; ESTATUTARIO;8530,00;;8530,00;1372,12;7157,88;
ALICE MARIA FARIAS DE SOUZA;GERENCIA DE VEICULOS;TECNICO DE NIVEL MEDIO;; C.L.T.;1982,00;;1982,00;178,38;1803,62;
ALIRIA MARIA TELES COELHO;GERENCIA DE VEICULOS;TECNICO DE NIVEL MEDIO;; C.L.T.;4884,67;;4884,67;879,34;4005,33;
ALMERIO FERREIRA BOTELHO JUNIOR;GABINETE;ASSESSOR I;; CARGO COMISSION.S/VINCULO;5000,00;;5000,00;915,12;4084,88;
ANA AMELIA DE MENEZES BARBOSA;GABINETE;GERENTE;; CARGO COMISSION.S/VINCULO;8319,79;;8319,79;1868,83;6450,96;
ANA CECILIA DE SOUZA GAZEL;SUB-GER.I DE MAT.E PATRIMONIO;ASSISTENTE ADMINISTRATIVO;ASSIS ADMINISTRATIVO; ESTATUTARIO;4900,00;;4900,00;589,79;4310,21;
ANA CELIA DOS SANTOS RAMOS;SUBGERENCIA DE VEICULOS;TECNICO DE NIVEL MEDIO;; C.L.T.;3948,80;;3948,80;606,73;3342,07;
ANA CRISTINA MARQUES BENTES;GABINETE;TECNICO DE NIVEL MEDIO;; C.L.T.;7846,00;;7846,00;1738,54;6107,46;
ANA LUCIA SOARES DE LIRA LIMA;GER.EDUCACAO PARA O TRANSITO;TECNICO DE NIVEL MEDIO;; C.L.T.;2880,00;;2880,00;352,02;2527,98;
ANA MARIA COSTA DA SILVA;JARI-JUNTA ADM.DE REC.DE INFR.;AUXILIAR ADMINISTRATIVO;; C.L.T.;2777,00;;2777,00;296,66;2480,34;
ANA MARIA DA SILVA FERNANDES;DEPTO.ADMINISTRAT.-FINANCEIRO;TECNICO DE NIVEL MEDIO;; C.L.T.;3740,00;;3740,00;555,89;3184,11;
ANA PAULA BRASIL DE HOLANDA;SUBGERENCIA DE VEICULOS;TECNICO DE NIVEL MEDIO;; C.L.T.;3212,50;;3212,50;410,79;2801,71;
ANA PAULA COSTA DE SOUSA;ASSESSORIA JURIDICA;TECNICO DE NIVEL MEDIO;; C.L.T.;5880,00;;5880,00;1197,89;4682,11;
ANA PAULA MAGALHAES DE MELLO SILVA;GERENCIA DE AVAL.MED.PSICOLOG.;AUXILIAR ADMINISTRATIVO;; C.L.T.;9346,00;;9346,00;2046,76;7299,24;
ANA SOCORRO MATOS FEITOZA;GERENCIA DE VEICULOS;TECNICO DE NIVEL MEDIO;; C.L.T.;2280,00;;2280,00;205,20;2074,80;
ANDREA GOMES DE SALES BRAGA;DIRETOR PRESIDENTE;TECNICO DE NIVEL MEDIO;; C.L.T.;3051,92;;3051,92;379,14;2672,78;
ANDREIA DIVINA SA DE OLIVEIRA;GERENCIA DE VEICULOS;TECNICO DE NIVEL MEDIO;; C.L.T.;1880,00;;1880,00;169,20;1710,80;
ANDREZA VIEIRA FERREIRA;ASSESSORIA JURIDICA;REPRESENTANTE DETRAN/AM MUN. -AD-3;REPRES MUNICIP AD 3; CARGO COMISSION.S/VINCULO;5681,80;;5681,80;1143,38;4538,42;
ANGELA ROSA SILVA DO NASCIMENTO;GERENCIA DE HABILITACAO;TECNICO DE NIVEL MEDIO;; C.L.T.;2937,00;;2937,00;333,66;2603,34;
ANTONIA MARIA LIMA MOREIRA;GERENCIA DE VEICULOS;AUXILIAR ADMINISTRATIVO;; C.L.T.;5052,50;;5052,50;544,11;4508,39;
ANTONIO ALFREDO REGO DA MATTA FILHO;DIRETOR PRESIDENTE;TECNICO DE NIVEL MEDIO;; C.L.T.;3687,97;;3687,97;512,27;3175,70;
ANTONIO GUIMARAES CABRAL;DEPARTAMENTO OPERACIONAL;SUBGERENTE;; CARGO COMISSION.S/VINCULO;5391,80;;5391,80;1043,38;4348,42;
ARACY COSTA SALES;GER.CONTR.REG.TRANSITO- CRT;AUXILIAR DE MANUTENCAO;; C.L.T.;1667,00;;1667,00;133,36;1533,64;
ARILSON DE ALMEIDA LIMA;SUB-GER.I DE EMPLACAMENTO;TECNICO DE NIVEL MEDIO;; C.L.T.;3556,50;;3556,50;482,77;3073,73;
ARISTOTELES MAGALHAES BENACON;GERENCIA DE VEICULOS;AUXILIAR ADMINISTRATIVO;; C.L.T.;2055,00;;2055,00;184,95;1870,05;
ARLETE DANTAS PINTO;GERENCIA DE HABILITACAO;TECNICO DE NIVEL MEDIO;; C.L.T.;3728,00;;3728,00;552,97;3175,03;
ARMANDO LIMA DO CANTO;SUBGERENCIA DE VEICULOS;TECNICO DE NIVEL MEDIO;; C.L.T.;4011,60;;4011,60;565,14;3446,46;
ARODILSON FERREIRA DA SILVA;GER.CONTR.REG.TRANSITO- CRT;TECNICO DE NIVEL MEDIO;; C.L.T.;3526,25;;3526,25;452,02;3074,23;
AUREO SERGIO CORREA PINHEIRO;GER.CONTR.REG.TRANSITO- CRT;ASSESSOR I;ASSESSOR I AD-1; CARGO COMISSION.S/VINCULO;5229,77;;5229,77;986,40;4243,37;
BRUNA PAES BARRETO DE SOUSA;SUBGERENCIA DE VEICULOS;SUBGERENTE;SUBGERENTE AD-3; CARGO COMISSION.S/VINCULO;5491,80;;5491,80;1078,85;4412,95;
CARLA ADRIANA BATISTA DA SILVA;CETRAN-CONS.EST.DE TRANSITO;MEMBRO DO CETRAN;; CARGO COMISSION.S/VINCULO;3110,00;;3110,00;111,70;2998,30;
CARLOS MARCELO LIRA FUENTES;GABINETE;ASSESSOR II;; CARGO COMISSION.S/VINCULO;4209,79;;4209,79;670,28;3539,51;
CARLOS RODRIGUES DE ANDRADE;SUBGERENCIA DE APOIO LOGISTICO;AUXILIAR DE MANUTENCAO;; C.L.T.;2386,60;;2386,60;214,79;2171,81;
CARLOS ROUCELLI ALVES SIQUEIRA;SUBGERENCIA DE VEICULOS;TECNICO DE NIVEL SUPERIOR;TEC. NIVEL SUPERIOR; C.L.T.;4298,66;;4298,66;606,12;3692,54;
CATIA FRANCISCA GUEDES SARAIVA;GERENCIA DE VEICULOS;TECNICO DE NIVEL MEDIO;; C.L.T.;2982,00;;2982,00;384,27;2597,73;
CELSO DANIEL ALBUQUERQUE DA SILVA;DEPTO.ADMINISTRAT.-FINANCEIRO;TECNICO DE NIVEL MEDIO;; C.L.T.;4337,65;;4337,65;672,98;3664,67;
CHRISTIAN CASTRO DOS SANTOS;DEPTO.ADMINISTRAT.-FINANCEIRO;CHEFE DE GABINETE;CHEFE DE GABINETE; CARGO COMISSION.S/VINCULO;6329,77;;6329,77;1269,44;5060,33;
CINTIA OLIVEIRA REIS;DIRETOR PRESIDENTE;AUXILIAR ADMINISTRATIVO;; C.L.T.;3576,92;;3576,92;485,22;3091,70;
CLARICE LEMOS MARTINS;GERENCIA DE HABILITACAO;TECNICO DE NIVEL MEDIO;; C.L.T.;1982,00;;1982,00;178,38;1803,62;
CLAUDIA DE OLIVEIRA TELES;GERENCIA DE VEICULOS;ASSISTENTE ADMINISTRATIVO;ASSIST.ADMINIST; ESTATUTARIO;2200,00;;2200,00;164,65;2035,35;
CLAUDINETTE LINS REBOUCAS;SUB-GER.I DE MAT.E PATRIMONIO;TECNICO DE NIVEL SUPERIOR;; C.L.T.;2438,00;;2438,00;243,01;2194,99;
CLAUDIO JOSE PEREIRA MACHADO;SUB-GER.I DE MAT.E PATRIMONIO;TECNICO DE NIVEL MEDIO;; C.L.T.;5936,00;;5936,00;1213,29;4722,71;
CLEIDEMAR COSTA;SUBGERENCIA DE VEICULOS;TECNICO DE NIVEL MEDIO;; C.L.T.;3993,03;;3993,03;532,18;3460,85;
CLEUCIMAR DA COSTA MONTANHA;SUBGERENCIA DE DOCUMENTACAO;AUXILIAR DE MANUTENCAO;; C.L.T.;4291,66;;4291,66;435,60;3856,06;
COSMA DA SILVA GAMA;DEPTO.ADMINISTRAT.-FINANCEIRO;AUXILIAR DE MANUTENCAO;; C.L.T.;1658,00;;1658,00;132,64;1525,36;
CRISTIANE DO SOCORRO PAIVA REIS;GERENCIA DE HABILITACAO;ASSESSOR IV;ASSESSOR IV AD 4; CARGO COMISSION.S/VINCULO;2679,61;;2679,61;281,24;2398,37;
CRISTINA FERREIRA LIMA;DIRETORIA TECNICA;TECNICO DE NIVEL MEDIO;; C.L.T.;4580,00;;4580,00;784,82;3795,18;
DALVA FERREIRA MOTA;GER.CONTR.REG.TRANSITO- CRT;TECNICO DE NIVEL MEDIO;; C.L.T.;6672,50;;6672,50;1415,82;5256,68;
DALVA INEZ DE OLIVEIRA LOPES;DIRETOR PRESIDENTE;TECNICO DE NIVEL SUPERIOR;; C.L.T.;4214,15;;4214,15;671,34;3542,81;
DANIEL AQUINO DE SOUSA;DIR.ADMINISTRATIVA-FINANCEIRA;DELEGADO DE POLICIA 4A.CL.PC-DEL-IV;GERENTE AD-2; ESTATUTARIO;5400,00;;5400,00;615,64;4784,36;
DANIEL MARQUES DE SOUZA;SUBGERENCIA DE VEICULOS;REPRESENTANTE DO MUNICIPIO;; CARGO COMISSION.S/VINCULO;1681,80;;1681,80;134,54;1547,26;
DAVID FERNANDES DOS SANTOS;DEPARTAMENTO OPERACIONAL;ASSESSOR I;ASSESSOR I AD-1; CARGO COMISSION.S/VINCULO;8909,77;;8909,77;2031,07;6878,70;
DELMO JOSE DE MEDEIROS ANSELMO;SUB-GER.I DE EMPLACAMENTO;ASSISTENTE ADMINISTRATIVO;; C.L.T.;2380,00;;2380,00;233,84;2146,16;
DELNANDINA MARIA MACEDO MONTEIRO;GER.EDUCACAO PARA O TRANSITO;TECNICO DE NIVEL SUPERIOR;; C.L.T.;6400,00;;6400,00;1236,61;5163,39;
DEUSA CIRRAME LIMA SAMPAIO;SUBGERENCIA DE VEICULOS;TECNICO DE NIVEL SUPERIOR;; C.L.T.;3138,00;;3138,00;366,12;2771,88;
DORALICE NERIS DE SOUZA;GERENCIA DE VEICULOS;AUXILIAR DE MANUTENCAO;; C.L.T.;1505,00;;1505,00;120,40;1384,60;
DORIVAL MARINHO CORREA;SUBGERENCIA DE APOIO LOGISTICO;AUXILIAR DE MANUTENCAO;; C.L.T.;2181,50;;2181,50;196,33;1985,17;
EDILIO PAIVA DE SOUZA;SUBGERENCIA DE DOCUMENTACAO;AUXILIAR ADMINISTRATIVO;; C.L.T.;1655,00;;1655,00;123,57;1531,43;
EDIVALDO JOSE DE LIMA ROLIM;GABINETE;INVESTIGADOR DE POL.CL.ESPECIAL;GERENTE; ESTATUTARIO;7930,00;;7930,00;1102,84;6827,16;
EDMO NEVES DE LIMA;SUB-GER.I DE EMPLACAMENTO;AUXILIAR ADMINISTRATIVO;; C.L.T.;3540,00;;3540,00;507,19;3032,81;
EDNILSON JUNIOR CESAR;DIRETOR PRESIDENTE;TECNICO DE NIVEL SUPERIOR;; C.L.T.;8886,00;;8886,00;1981,91;6904,09;
ELANE CRISTINA DE OLIVEIRA KARAM;CETRAN-CONS.EST.DE TRANSITO;MEMBRO DO CETRAN;; CARGO COMISSION.S/VINCULO;3110,00;;3110,00;406,89;2703,11;
ELEONORA SILVA MARIANO;SUBGERENCIA DE VEICULOS;TECNICO DE NIVEL MEDIO;; C.L.T.;2682,00;;2682,00;241,38;2440,62;
ELIANE SOUZA DA SILVA;SUBGERENCIA DE VEICULOS;TECNICO DE NIVEL MEDIO;; C.L.T.;3736,00;;3736,00;526,48;3209,52;
ELIANI DE FREITAS PEREIRA;GERENCIA DE VEICULOS;TECNICO DE NIVEL MEDIO;; C.L.T.;9354,17;;9354,17;1660,00;7694,17;
ELLEN CRISTINA DE OLIVEIRA XAVIER;SUBGERENCIA DE VEICULOS;AUXILIAR ADMINISTRATIVO;; C.L.T.;2431,50;;2431,50;218,83;2212,67;
ERIVALDER ARAUJO BARREIROS;DIR.GER/ASSESSORIA DE IMPRENSA;SUBGERENTE;NAO INFORMADO; CARGO COMISSION.S/VINCULO;5391,80;;5391,80;1043,38;4348,42;
ERIVAN CORREA DA SILVA;SUB-GER.I DE EMPLACAMENTO;AUXILIAR ADMINISTRATIVO;; C.L.T.;2655,00;;2655,00;277,35;2377,65;
EUDORIA PEREIRA LOPES;SUB-GER.I DE MAT.E PATRIMONIO;AUXILIAR DE MANUTENCAO;; C.L.T.;2626,10;;2626,10;258,55;2367,55;
FABIANA VIANA DA SILVA SANTOS;SUBGERENCIA DE VEICULOS;REPRESENTANTE DO MUNICIPIO;; CARGO COMISSION.S/VINCULO;1681,80;;1681,80;134,54;1547,26;
FARIDES MOTA DIAS;SUBGERENCIA DE VEICULOS;TECNICO DE NIVEL MEDIO;; C.L.T.;3077,00;;3077,00;386,84;2690,16;
FATIMA ALMERINDA RODRIGUES LOPRESTI;DIR.ADMINISTRATIVA-FINANCEIRA;ASSISTENTE TECNICO 3A CLASSE;; C.L.T.;4109,33;;4109,33;645,82;3463,51;
FATIMA DAMIANA DOS SANTOS;GERENCIA DE ORC.E PLANEJAMENTO;TECNICO DE NIVEL MEDIO;; C.L.T.;2998,00;;2998,00;355,60;2642,40;
FATIMA MESQUITA PICANCO DOS SANTOS;GERENCIA DE VEICULOS;AUXILIAR DE MANUTENCAO;AUX.DE MANUTEN¦AO; C.L.T.;1505,00;;1505,00;120,40;1384,60;
FAUSTO ISAAC SAHDO;DIRETOR PRESIDENTE;TECNICO DE NIVEL MEDIO;; C.L.T.;4164,69;;4164,69;656,79;3507,90;
FERNANDO DE LIMA SANTANA;GER.CONTR.REG.TRANSITO- CRT;TECNICO DE NIVEL MEDIO;; C.L.T.;13127,33;;13127,33;2810,51;10316,82;
FRANCINETE PINHEIRO PEDROSA;SUBGERENCIA DE VEICULOS;AUXILIAR ADMINISTRATIVO;; C.L.T.;3276,00;;3276,00;442,91;2833,09;
FRANCISCA DIVA FELICIO DE CASTRO;SUBGERENCIA DE VEICULOS;AUXILIAR DE MANUTENCAO;AUX.ADMINISTRATIVO; C.L.T.;2770,00;;2770,00;295,55;2474,45;
FRANCISCA MARIA DA SILVA PONTES;SUBGERENCIA DE VEICULOS;AUXILIAR ADMINISTRATIVO;; C.L.T.;3013,34;;3013,34;238,69;2774,65;
FRANCISCA PINHEIRO VIEIRA;SUBGERENCIA DE VEICULOS;TECNICO DE NIVEL MEDIO;; C.L.T.;2707,50;;2707,50;285,66;2421,84;
FRANCISCA TEIDE SOUZA FREITAS SILVA;GERENCIA DE VEICULOS;TECNICO DE NIVEL MEDIO;; C.L.T.;2228,00;;2228,00;200,52;2027,48;
FRANCISCO DAS CHAGAS DA SILVA;DEPARTAMENTO OPERACIONAL;AUXILIAR DE MANUTENCAO;; C.L.T.;4086,60;;4086,60;577,28;3509,32;
FRANCISCO DE ASSIS MESQUITA SIMAS;DEPARTAMENTO OPERACIONAL;AUXILIAR DE MANUTENCAO;; C.L.T.;2181,50;;2181,50;196,33;1985,17;
FRANCISCO FERREIRA DA GLORIA;GERENCIA DE VEICULOS;TECNICO DE NIVEL MEDIO;; C.L.T.;2253,50;;2253,50;202,81;2050,69;
FRANCISCO GOMES DA SILVA;DEPARTAMENTO OPERACIONAL;TECNICO DE NIVEL SUPERIOR;; C.L.T.;7266,00;;7266,00;1579,04;5686,96;
FRANCISCO MOISES DE SOUZA OLIMPIO;CETRAN-CONS.EST.DE TRANSITO;MEMBRO DO CETRAN;MEMBRO DO CETRAN; CARGO COMISSION.S/VINCULO;3110,00;;3110,00;111,70;2998,30;
FRANCISCO PENHA DAS CHAGAS;GER.EDUCACAO PARA O TRANSITO;AUXILIAR DE MANUTENCAO;; C.L.T.;4593,60;;4593,60;706,86;3886,74;
FRANCLIDES CORREA RIBEIRO;CETRAN-CONS.EST.DE TRANSITO;TENENTE CORONEL;MEMBRO DO CETRAN AM; ESTATUTARIO;3369,17;;3369,17;53,00;3316,17;
FRANK ALDOVAR FERREIRA BORGES;SUBGERENCIA DE VEICULOS;TECNICO DE NIVEL MEDIO;; C.L.T.;1880,00;;1880,00;169,20;1710,80;
GENEZIA LOPES DE CASTRO;ASSESSORIA JURIDICA;AUXILIAR DE MANUTENCAO;; C.L.T.;1505,00;;1505,00;120,40;1384,60;
GENY VASCONCELLOS LOPES;GER.CONTR.REG.TRANSITO- CRT;TECNICO DE NIVEL SUPERIOR;; C.L.T.;2540,00;;2540,00;259,16;2280,84;
GEORGETE GADELHA VIEIRA;GERENCIA DE VEICULOS;TECNICO DE NIVEL MEDIO;; C.L.T.;2228,00;;2228,00;200,52;2027,48;
GEORGINA DA SILVA ARCOS;DIR.ADMINISTRATIVA-FINANCEIRA;TECNICO DE NIVEL MEDIO;; C.L.T.;3889,00;;3889,00;592,17;3296,83;
GERALDO ALBANO DE SOUZA JUNIOR;CETRAN-CONS.EST.DE TRANSITO;MEMBRO DO CETRAN;MEMBRO DO CETRAN; CARGO COMISSION.S/VINCULO;3110,00;;3110,00;406,89;2703,11;
GETULIO DE JESUS LOPES JUNIOR;CETRAN-CONS.EST.DE TRANSITO;MEMBRO DO CETRAN;MEMBRO DO CETRAN-AM; CARGO COMISSION.S/VINCULO;3110,00;;3110,00;406,89;2703,11;
GILBERTO LIRA DA SILVA;GERENCIA DE HABILITACAO;TECNICO DE NIVEL MEDIO;; C.L.T.;6538,00;;6538,00;1274,56;5263,44;
GILRIMAR GLORIA MARTINS;SUB-GER.I DE INF.DE TRANSITO;TECNICO DE NIVEL MEDIO;; C.L.T.;5312,50;;5312,50;1015,25;4297,25;
GLAUCY ALENCAR DE SOUZA;GERENCIA DE VEICULOS;REPRESENTANTE DETRAN/AM MUN. -AD-3;REP.DEMUNIC.AD-3; CARGO COMISSION.S/VINCULO;4641,80;;4641,80;803,98;3837,82;
GLEICE DOS SANTOS BARROS;SUBGERENCIA DE VEICULOS;TECNICO DE NIVEL SUPERIOR;; C.L.T.;7172,83;;7172,83;1553,42;5619,41;
GRACA MARTINS PINHEIRO;SUB-GER.I DE MAT.E PATRIMONIO;AUXILIAR DE MANUTENCAO;; C.L.T.;2107,00;;2107,00;189,63;1917,37;
GRACILDA SAMPAIO DE ARAUJO;ASSESSORIA JURIDICA;TECNICO DE NIVEL MEDIO;; C.L.T.;4824,50;;4824,50;766,17;4058,33;
GRACINETE LOIOLA LIMA;GERENCIA DE VEICULOS;REPRESENTANTE DETRAN/AM MUN. -AD-3;REP.DO DETRAN MUNIC.; CARGO COMISSION.S/VINCULO;1681,80;;1681,80;134,54;1547,26;
GUILHERME UGO CALIRI NETO;SUBGERENCIA DE DOCUMENTACAO;FISCAL RODOVIARIO;; ESTATUTARIO;3854,44;;3854,44;225,56;3628,88;
HELENA CASSIA DA SILVA;DIRETOR PRESIDENTE;TECNICO DE NIVEL SUPERIOR;; C.L.T.;7217,70;;7217,70;1513,62;5704,08;
HERBISON DA SILVA DAMASCENO;GERENCIA DE ORC.E PLANEJAMENTO;SUBGERENTE;; CARGO COMISSION.S/VINCULO;5391,80;;5391,80;951,35;4440,45;
IKE KENNEDY VEIGA DA SILVA;ASSESSORIA JURIDICA;TECNICO DE NIVEL SUPERIOR;; C.L.T.;6596,00;;6596,00;1394,79;5201,21;
IRANETE REIS DE ALMEIDA;GERENCIA DE HABILITACAO;TECNICO DE NIVEL MEDIO;; C.L.T.;4803,34;;4803,34;552,45;4250,89;
ISAIAS DE PAIVA VIEIRA;SUBGERENCIA DE APOIO LOGISTICO;AUXILIAR DE MANUTENCAO;AUX.DE MANUTENCAO; C.L.T.;7234,67;;7234,67;1518,28;5716,39;
ISRAEL DA SILVA MARTINS;DEPARTAMENTO OPERACIONAL;AUXILIAR ADMINISTRATIVO;; C.L.T.;4211,47;;4211,47;585,38;3626,09;
IVETH SOUZA DE MELO;SUBGERENCIA DE VEICULOS;TECNICO DE NIVEL MEDIO;; C.L.T.;2965,50;;2965,50;381,35;2584,15;
IVSON DE LIMA GOMES;DIRETOR PRESIDENTE;TECNICO DE NIVEL MEDIO;; C.L.T.;3460,07;;3460,07;456,78;3003,29;
JACQUES DA SILVA PRADO;SUBGERENCIA DE APOIO LOGISTICO;AGENTE ADMINISTRATIVO 1A CLASSE;; ESTATUTARIO;2284,80;;2284,80;155,50;2129,30;
JAIME RODRIGUES DUARTE;SUBGERENCIA DE APOIO LOGISTICO;AUXILIAR DE MANUTENCAO;AUX.DE MANUTEN¦AO; C.L.T.;2236,60;;2236,60;201,29;2035,31;
JAIR DE MATOS SAMPAIO;SUBGERENCIA DE VEICULOS;TECNICO DE NIVEL MEDIO;; C.L.T.;3063,60;;3063,60;336,99;2726,61;
JAIRO RODRIGUES DOS SANTOS;DEPARTAMENTO OPERACIONAL;ESCRIVAO DE POL.3A.CL. PC-ESC-III;ASSESSOR IV; ESTATUTARIO;4204,00;;4204,00;190,48;4013,52;
JANDERLAINE OLIVEIRA MARTINS;SUBGERENCIA DE VEICULOS;TECNICO DE NIVEL MEDIO;; C.L.T.;1956,50;;1956,50;170,30;1786,20;
JANE DE OLIVEIRA PEREIRA;DEPTO.ADMINISTRAT.-FINANCEIRO;TECNICO DE NIVEL MEDIO;; C.L.T.;3840,00;;3840,00;551,80;3288,20;
JANETE ANALIA MATOS TEIXEIRA;SUB-GER.I DE MAT.E PATRIMONIO;TECNICO DE NIVEL MEDIO;; C.L.T.;3838,00;;3838,00;579,75;3258,25;
JANIE GOMES DOMINGUES;ASSESSORIA JURIDICA;TECNICO DE NIVEL SUPERIOR;; C.L.T.;7685,67;;7685,67;1694,44;5991,23;
JANIO NERY DE SOUZA;DEPARTAMENTO OPERACIONAL;AUXILIAR DE MANUTENCAO;; C.L.T.;2563,10;;2563,10;230,67;2332,43;
JEFFERSON MEDEIROS DA SILVA;SUB-GER.I DE EMPLACAMENTO;AUXILIAR ADMINISTRATIVO;; C.L.T.;4355,00;;4355,00;677,20;3677,80;
JEROCILIO ROBERTO SIMOES A SILVA;CETRAN-CONS.EST.DE TRANSITO;MEMBRO DO CETRAN;MEMBRO DO CETRAN; CONSELHO;3110,00;;3110,00;111,70;2998,30;
JOAO BOSCO BEZERRA DE ARAUJO;GERENCIA DE AVAL.MED.PSICOLOG.;TECNICO DE NIVEL SUPERIOR;; C.L.T.;3130,72;;3130,72;410,55;2720,17;
JOAO CARDOSO PEREIRA;SUBGERENCIA DE APOIO LOGISTICO;AUXILIAR DE MANUTENCAO;; C.L.T.;2094,60;;2094,60;188,51;1906,09;
JOAO CORDEIRO DE NAZARE;DEPARTAMENTO OPERACIONAL;AUXILIAR DE MANUTENCAO;; C.L.T.;2040,50;;2040,50;183,64;1856,86;
JOAO MORAES SARMENTO;GERENCIA DE VEICULOS;REPRESENTANTE DETRAN/AM MUN. -AD-3;REP.DE MUNIC.AD-3; CARGO COMISSION.S/VINCULO;1681,80;;1681,80;134,54;1547,26;
JOAQUIM EUZEBIO BORGES NASCIMENTO;SUBGERENCIA DE APOIO LOGISTICO;AUXILIAR DE MANUTENCAO;; C.L.T.;2236,60;;2236,60;201,29;2035,31;
JOAS SAMPAIO DE SOUZA;DEPARTAMENTO OPERACIONAL;TECNICO DE NIVEL MEDIO;; C.L.T.;4775,00;;4775,00;802,66;3972,34;
JOSE AMURINE FEITOSA TOMAZ FILHO;SUB-GER.I DE EMPLACAMENTO;TECNICO DE NIVEL MEDIO;; C.L.T.;10848,00;;10848,00;2511,95;8336,05;
JOSE ARIMATEIA PAIVA DE GOES;SUBGERENCIA DE VEICULOS;AUXILIAR ADMINISTRATIVO;; C.L.T.;2355,00;;2355,00;211,95;2143,05;
JOSE DA CONCEICAO MOREIRA;SUBGERENCIA DE APOIO LOGISTICO;AUXILIAR DE MANUTENCAO;; C.L.T.;2036,60;;2036,60;183,29;1853,31;
JOSE DE JESUS DA SILVEIRA FORTES;GABINETE;GERENTE;; CARGO COMISSION.S/VINCULO;7409,79;;7409,79;1618,58;5791,21;
JOSE DEOCLECIO VIANA DE CASTRO;SUB-GER.I DE EMPLACAMENTO;AUXILIAR ADMINISTRATIVO;; C.L.T.;2755,00;;2755,00;278,96;2476,04;
JOSE IRINEU LABORDA DE VASCONCELOS;SUB-GER.I DE EMPLACAMENTO;TECNICO DE NIVEL MEDIO;; C.L.T.;3941,10;;3941,10;576,42;3364,68;
JOSE JOAQUIM FREIRE;GERENCIA DE VEICULOS;AUXILIAR ADMINISTRATIVO;; C.L.T.;4938,60;;4938,60;853,41;4085,19;
JOSE LEITE PEREIRA FILHO;GERENCIA ENG. E ESTATISTICA;TECNICO DE NIVEL MEDIO;; C.L.T.;5689,50;;5689,50;1041,22;4648,28;
JOSE RIBAMAR BATISTA SILVA;SUBGERENCIA DE VEICULOS;TECNICO DE NIVEL MEDIO;; C.L.T.;1880,00;;1880,00;169,20;1710,80;
JOSE ROBERTO GIOIA ALFAIA;ASSESSORIA JURIDICA;TECNICO DE NIVEL SUPERIOR;; C.L.T.;12385,89;;12385,89;2987,01;9398,88;
JULIA DA SILVA FEITOSA;JARI-JUNTA ADM.DE REC.DE INFR.;AUXILIAR ADMINISTRATIVO;; C.L.T.;2353,50;;2353,50;229,64;2123,86;
JUSSUELI DA SILVA;GERENCIA ENG. E ESTATISTICA;AUXILIAR ADMINISTRATIVO;; C.L.T.;2036,60;;2036,60;183,29;1853,31;
KATHYUDY MARQUES ARAUJO TEIXEIRA;DIR.ADMINISTRATIVA-FINANCEIRA;GERENTE;GERENTE AD-2; CARGO COMISSION.S/VINCULO;6409,79;;6409,79;1343,58;5066,21;
LEIDJANE SILVEIRA DOS SANTOS;GERENCIA DE VEICULOS;REPRESENTANTE DETRAN/AM MUN. -AD-3;REP.DE MUNIC.AD-3; CARGO COMISSION.S/VINCULO;1681,80;;1681,80;134,54;1547,26;
LEILA MARIA CAVALCANTE NOGUEIRA;SUBGERENCIA DE VEICULOS;TECNICO DE NIVEL MEDIO;; C.L.T.;3576,00;;3576,00;515,96;3060,04;
LEONOR CRUZ DE OLIVEIRA;ASSESSORIA JURIDICA;AUXILIAR DE MANUTENCAO;; C.L.T.;1505,00;;1505,00;120,40;1384,60;
LICINHO PEREIRA DA SILVA;SUBGERENCIA DE APOIO LOGISTICO;AUXILIAR DE MANUTENCAO;; C.L.T.;4163,10;;4163,10;543,49;3619,61;
LIGIA PEREIRA DA SILVA;GERENCIA DE VEICULOS;TECNICO DE NIVEL MEDIO;; C.L.T.;2662,50;;2662,50;278,54;2383,96;
LILIANE DANTAS DE OLIVEIRA;JARI-JUNTA ADM.DE REC.DE INFR.;TECNICO DE NIVEL MEDIO;; C.L.T.;5421,65;;5421,65;1053,97;4367,68;
LINDOMAR DUARTE DOS SANTOS;GERENCIA DE VEICULOS;TECNICO DE NIVEL MEDIO;; C.L.T.;2082,89;;2082,89;185,44;1897,45;
LIOMAR PIRES DE AZEVEDO;SUB-GER.I DE EMPLACAMENTO;TECNICO DE NIVEL MEDIO;; C.L.T.;3058,50;;3058,50;353,57;2704,93;
LUCIANE D'ORAN MELLO;GER.EDUCACAO PARA O TRANSITO;TECNICO DE NIVEL MEDIO;; C.L.T.;3106,50;;3106,50;406,27;2700,23;
LUCIANO BESSA DA ROCHA;GERENCIA DE VEICULOS;ASSESSOR II;; CARGO COMISSION.S/VINCULO;4209,79;;4209,79;670,28;3539,51;
LUCILENE MARTINS DE SOUZA;GERENCIA DE VEICULOS;TECNICO DE NIVEL MEDIO;; C.L.T.;2956,50;;2956,50;379,76;2576,74;
LUCIMAYRE ALVES CARVALHO;GERENCIA DE AVAL.MED.PSICOLOG.;TECNICO DE NIVEL MEDIO;; C.L.T.;3432,00;;3432,00;480,89;2951,11;
LUIZ AUGUSTO LINS AGUIAR;JARI-JUNTA ADM.DE REC.DE INFR.;MEMBRO DA JARI;; CONSELHO;3110,00;;3110,00;111,70;2998,30;
LUIZ CARLOS PINHEIRO DO NASCIMENTO;SUBGERENCIA DE APOIO LOGISTICO;AUXILIAR DE MANUTENCAO;; C.L.T.;5339,90;;5339,90;977,91;4361,99;
LUIZ CARLOS SILVA LIMA;DIRETOR PRESIDENTE;AUXILIAR ADMINISTRATIVO;; C.L.T.;6068,22;;6068,22;1144,18;4924,04;
LUZIA SENA DE CARVALHO;JARI-JUNTA ADM.DE REC.DE INFR.;DELEGADO DE POLICIA CLASSE ESPECIAL;PRESIDENTE JARI; ESTATUTARIO;3421,00;708,10;2712,90;;2712,90;
MANOEL DE JESUS MARINHO DE SOUZA;GERENCIA DE VEICULOS;REPRESENTANTE DETRAN/AM MUN. -AD-3;; CARGO COMISSION.S/VINCULO;1681,80;;1681,80;134,54;1547,26;
MARCELO FREITAS FERREIRA DA SILVA;DIRETOR PRESIDENTE;AUXILIAR ADMINISTRATIVO;; C.L.T.;5207,17;;5207,17;979,39;4227,78;
MARCELO MONTENEGRO DA SILVA;GER.CONTR.REG.TRANSITO- CRT;CHEFE DE DEPARTAMENTO AD-1;; CARGO COMISSION.S/VINCULO;5229,77;;5229,77;986,40;4243,37;
MARCO ANTONIO CORREA NAZARETH;DIRETOR PRESIDENTE;TECNICO DE NIVEL MEDIO;; C.L.T.;5570,66;;5570,66;1106,83;4463,83;
MARCO ANTONIO DA SILVA MAGALHAES;DIR.ADMINISTRATIVA-FINANCEIRA;GERENTE;; CARGO COMISSION.S/VINCULO;8709,79;;8709,79;1871,80;6837,99;
MARCO ANTONIO FIRMINO DE ARAUJO;SUBGERENCIA DE VEICULOS;AUXILIAR ADMINISTRATIVO;; C.L.T.;2355,00;;2355,00;229,88;2125,12;
MARCOS ANTONIO GOMES;SUB-GER.I DE EMPLACAMENTO;AUXILIAR ADMINISTRATIVO;; C.L.T.;5806,67;;5806,67;995,44;4811,23;
MARCOS ROGERIO FERREIRA MORENO;DIRETOR PRESIDENTE;AUXILIAR ADMINISTRATIVO;; C.L.T.;6981,92;;6981,92;1500,92;5481,00;
MARCUS ABRANCHES BRAULE PINTO;SUBGERENCIA DE VEICULOS;AUXILIAR ADMINISTRATIVO;; C.L.T.;4555,00;;4555,00;734,40;3820,60;
MARGARETE BRITO DE SOUZA;GERENCIA DE VEICULOS;AUXILIAR ADMINISTRATIVO;; C.L.T.;2731,50;;2731,50;289,46;2442,04;
MARGARETH DE SOUSA COZENDEY;SUBGERENCIA DE VEICULOS;TECNICO DE NIVEL MEDIO;; C.L.T.;3542,00;;3542,00;479,24;3062,76;
MARIA ADELAIDE LOPES DE OLIVEIRA;DEPTO.ADMINISTRAT.-FINANCEIRO;AUXILIAR DE MANUTENCAO;; C.L.T.;1505,00;;1505,00;120,40;1384,60;
MARIA AMELIA SILVA DOS REIS;DIRETOR PRESIDENTE;AUXILIAR DE MANUTENCAO;; C.L.T.;2902,65;;2902,65;341,80;2560,85;
MARIA AUXILIADORA SOUZA CORREA;GER.CONTR.REG.TRANSITO- CRT;TECNICO DE NIVEL MEDIO;; C.L.T.;1982,00;;1982,00;178,38;1803,62;
MARIA CLEONICE DE SOUZA COSTA;SUBGERENCIA DE DOCUMENTACAO;TECNICO DE NIVEL MEDIO;; C.L.T.;2702,50;;2702,50;284,87;2417,63;
MARIA CONSOLATA BARRETO QUEIROZ;GERENCIA DE VEICULOS;TECNICO DE NIVEL SUPERIOR;; C.L.T.;2540,00;;2540,00;244,94;2295,06;
MARIA DA GLORIA CAVALCANTE MAIA;SUBGERENCIA DE DOCUMENTACAO;AUXILIAR DE MANUTENCAO;; C.L.T.;1607,00;;1607,00;128,56;1478,44;
MARIA DAS GRACAS ARRUDA LARANJEIRA;SUBGERENCIA DE VEICULOS;TECNICO DE NIVEL MEDIO;; C.L.T.;2776,37;;2776,37;296,56;2479,81;
MARIA DAS GRACAS FREIRE DE CARVALHO;ASSESSORIA JURIDICA;TECNICO DE NIVEL MEDIO;; C.L.T.;3316,77;;3316,77;452,83;2863,94;
MARIA DAS GRACAS LIRA PONTES;GERENCIA DE VEICULOS;AUXILIAR ADMINISTRATIVO;; C.L.T.;1655,00;;1655,00;132,40;1522,60;
MARIA DAS GRACAS VEIGA DA MOTA;SUBGERENCIA DE VEICULOS;TECNICO DE NIVEL MEDIO;; C.L.T.;2642,67;;2642,67;261,18;2381,49;
MARIA DE FATIMA FIRMINO DE ARAUJO;SUBGERENCIA DE DOCUMENTACAO;AUXILIAR DE MANUTENCAO;; C.L.T.;2005,00;;2005,00;180,45;1824,55;
MARIA DE FATIMA FREITAS DO M REIS;GER.EDUCACAO PARA O TRANSITO;TECNICO DE NIVEL MEDIO;; C.L.T.;4758,00;;4758,00;840,04;3917,96;
MARIA DE FATIMA RODRIGUES OLIVEIRA;SUBGERENCIA DE APOIO LOGISTICO;AUXILIAR DE MANUTENCAO;; C.L.T.;1505,00;;1505,00;120,40;1384,60;
MARIA DE LOURDES FREIRE TOGA;GERENCIA DE AVAL.MED.PSICOLOG.;TECNICO DE NIVEL MEDIO;; C.L.T.;3314,50;;3314,50;452,28;2862,22;
MARIA DE NAZARE DOS ANJOS S NUNES;GER.CONTR.REG.TRANSITO- CRT;TECNICO DE NIVEL SUPERIOR;TECNICO; C.L.T.;3040,00;;3040,00;394,52;2645,48;
MARIA DE NAZARE FREIRE TOGA;SUBGERENCIA DE DOCUMENTACAO;TECNICO DE NIVEL MEDIO;; C.L.T.;2228,00;;2228,00;200,52;2027,48;
MARIA DELCI PEREIRA PINTO;GER.CONTR.REG.TRANSITO- CRT;TECNICO DE NIVEL MEDIO;; C.L.T.;5136,00;;5136,00;872,00;4264,00;
MARIA DIONEIDE MONTEFUSCO MELO;SUB-GER.I DE MAT.E PATRIMONIO;TECNICO DE NIVEL SUPERIOR;TECNICO; C.L.T.;5040,35;;5040,35;848,95;4191,40;
MARIA DO PERPETUO SOCORRO A SOUZA;ASSESSORIA JURIDICA;TECNICO DE NIVEL MEDIO;; C.L.T.;9759,00;;9759,00;2264,61;7494,39;
MARIA DO PERPETUO SOCORRO S SANTOS;SUBGERENCIA DE VEICULOS;TECNICO DE NIVEL MEDIO;; C.L.T.;2480,00;;2480,00;235,44;2244,56;
MARIA DO ROSARIO COSTA DOS SANTOS;SUBGERENCIA DE VEICULOS;TECNICO DE NIVEL MEDIO;; C.L.T.;2556,50;;2556,50;247,54;2308,96;
MARIA DO ROSARIO MANHUARI;DIRETOR PRESIDENTE;AUXILIAR DE MANUTENCAO;AUXILIAR MANUTENCAO; C.L.T.;2979,15;;2979,15;369,54;2609,61;
MARIA DO SOCORRO BINDA CAMPOS;SUBGERENCIA DE VEICULOS;AUXILIAR DE SERV GERAIS 3A CLASSE;; C.L.T.;2674,75;;2674,75;280,47;2394,28;
MARIA GOMES MOURA;SUBGERENCIA DE VEICULOS;TECNICO DE NIVEL MEDIO;; C.L.T.;3973,33;;3973,33;584,26;3389,07;
MARIA GORETE FELIX DE ARAUJO;GERENCIA DE HABILITACAO;TECNICO DE NIVEL MEDIO;; C.L.T.;4436,00;;4436,00;740,14;3695,86;
MARIA GORETTE DANTAS PINTO;GERENCIA DE VEICULOS;TECNICO DE NIVEL MEDIO;; C.L.T.;3136,00;;3136,00;397,27;2738,73;
MARIA HELENA LEITE DE MENEZES;GERENCIA DE VEICULOS;AUXILIAR DE MANUTENCAO;; C.L.T.;2058,00;;2058,00;185,22;1872,78;
MARIA IVANEIDE MARQUES VITA;SUBGERENCIA DE VEICULOS;TECNICO DE NIVEL MEDIO;; C.L.T.;2507,50;;2507,50;254,01;2253,49;
MARIA IZABEL FERNANDES DE SOUZA;GERENCIA DE VEICULOS;TECNICO DE NIVEL SUPERIOR;; C.L.T.;3738,00;;3738,00;498,53;3239,47;
MARIA JOANA DO ROSARIO;GERENCIA DE HABILITACAO;AUXILIAR DE MANUTENCAO;; C.L.T.;1607,00;;1607,00;128,56;1478,44;
MARIA JOSE DE SENA R BEZERRA;GERENCIA DE HABILITACAO;TECNICO DE NIVEL SUPERIOR;; C.L.T.;3250,67;;3250,67;436,74;2813,93;
MARIA JOSE MENDES DE LIMA;GERENCIA DE VEICULOS;REPRESENTANTE DETRAN/AM MUN. -AD-3;REP.DE MUNIC.AD-3; CARGO COMISSION.S/VINCULO;1681,80;;1681,80;134,54;1547,26;
MARIA LEONICE REIS BATISTA;GER.EDUCACAO PARA O TRANSITO;TECNICO DE NIVEL MEDIO;; C.L.T.;4410,00;;4410,00;732,07;3677,93;
MARIA LUCIA PEREIRA GARCIA;GERENCIA DE HABILITACAO;TECNICO DE NIVEL MEDIO;; C.L.T.;2982,00;;2982,00;384,27;2597,73;
MARIA LUIZA PERES DE ARAUJO;GERENCIA DE HABILITACAO;TECNICO DE NIVEL MEDIO;; C.L.T.;2033,00;;2033,00;182,97;1850,03;
MARIA MAGALHAES CESAR;GER.CONTR.REG.TRANSITO- CRT;TECNICO DE NIVEL MEDIO;; C.L.T.;2228,00;;2228,00;200,52;2027,48;
MARIA OLINDA NOGUEIRA DE QUEIROZ;DIRETOR PRESIDENTE;TECNICO DE NIVEL MEDIO;; C.L.T.;3365,77;;3365,77;409,44;2956,33;
MARIA ROSALINA DE SOUZA;GERENCIA DE VEICULOS;TECNICO DE NIVEL MEDIO;; C.L.T.;3970,00;;3970,00;404,34;3565,66;
MARIA SENA DE GOES;DIR.ADMINISTRATIVA-FINANCEIRA;TECNICO DE NIVEL SUPERIOR;; C.L.T.;5489,00;;5489,00;1025,73;4463,27;
MARIA SOCORRO PINHEIRO TEIXEIRA;DIRETOR PRESIDENTE;AUXILIAR DE MANUTENCAO;; C.L.T.;2902,65;;2902,65;341,80;2560,85;
MARIA SOCORRO VIANA DE SOUZA;GERENCIA DE HABILITACAO;AUXILIAR DE MANUTENCAO;; C.L.T.;2505,00;;2505,00;225,45;2279,55;
MARIA SUELY DE SOUZA PINHEIRO;DIR.ADMINISTRATIVA-FINANCEIRA;ASSISTENTE ADMINIST.2A.CL. A.ADM-II;DIR.ADM.FINANC.; ESTATUTARIO;11316,30;;11316,30;2359,56;8956,74;
MARIA TELMA DE LEMOS SOARES;SUBGERENCIA DE VEICULOS;TECNICO DE NIVEL MEDIO;; C.L.T.;2953,50;;2953,50;379,23;2574,27;
MARILANE MOREIRA DE SOUZA;DEPTO.ADMINISTRAT.-FINANCEIRO;AUXILIAR DE MANUTENCAO;AUX.DE MANUTEN¦AOS; C.L.T.;2505,00;;2505,00;225,45;2279,55;
MARIO ANIBAL GOMES DA COSTA;GER.CONTR.REG.TRANSITO- CRT;AUXILIAR DE MANUTENCAO;; C.L.T.;2581,50;;2581,50;265,72;2315,78;
MARIO COELHO AMORIM FILHO;GERENCIA DE VEICULOS;TECNICO DE NIVEL MEDIO;; C.L.T.;5236,00;;5236,00;988,34;4247,66;
MARIO JORGE CAVALCANTE;GERENCIA DE AVAL.MED.PSICOLOG.;GERENTE;; CARGO COMISSION.S/VINCULO;6059,79;;6059,79;1247,33;4812,46;
MARITA SANTOS DE OLIVEIRA CORREA;ASSESSORIA JURIDICA;TECNICO DE NIVEL SUPERIOR;; C.L.T.;6136,00;;6136,00;1216,15;4919,85;
MARLENE LEAO;GERENCIA DE VEICULOS;TECNICO DE NIVEL MEDIO;TECNICO AUXILIAR; C.L.T.;3153,50;;3153,50;414,58;2738,92;
MARLY CORREA AMAZONAS;GER.CONTR.REG.TRANSITO- CRT;TECNICO DE NIVEL MEDIO;; C.L.T.;2591,00;;2591,00;267,23;2323,77;
MARTA REGINA DOS SANTOS MARQUES;SUBGERENCIA DE DOCUMENTACAO;AUXILIAR DE MANUTENCAO;; C.L.T.;1607,00;;1607,00;128,56;1478,44;
MARY LEAO DE OLIVEIRA;SUBGERENCIA DE VEICULOS;AUXILIAR ADMINISTRATIVO;; C.L.T.;2220,27;;2220,27;199,82;2020,45;
MAUREEN LIMA BRASIL CARNEIRO;GER.CONTR.REG.TRANSITO- CRT;TECNICO DE NIVEL MEDIO;; C.L.T.;3678,00;;3678,00;512,35;3165,65;
MAURICIO MIRANDA REIS;CETRAN-CONS.EST.DE TRANSITO;MEMBRO DO CETRAN;MEMBRO TITULAR CETR.; CARGO COMISSION.S/VINCULO;3110,00;;3110,00;111,70;2998,30;
MIRLAN FREITAS DA SILVA;GER.CONTR.REG.TRANSITO- CRT;TECNICO DE NIVEL MEDIO;; C.L.T.;3090,00;;3090,00;329,45;2760,55;
MITZA BRASIL ROBERTO;GER.EDUCACAO PARA O TRANSITO;TECNICO DE NIVEL SUPERIOR;; C.L.T.;8083,95;;8083,95;1751,84;6332,11;
MONICA DA COSTA GONDIM;ASSESSORIA JURIDICA;TECNICO DE NIVEL SUPERIOR;; C.L.T.;5236,00;;5236,00;988,34;4247,66;
NAIRA DA COSTA NASCIMENTO;ASSESSORIA DE IMPRENSA;REPRESENTANTE DO MUNICIPIO;; CARGO COMISSION.S/VINCULO;3881,80;;3881,80;590,41;3291,39;
NILA MARIA LAGOS PERDIGAO;SUBGERENCIA DE APOIO LOGISTICO;TECNICO DE NIVEL SUPERIOR;; C.L.T.;3112,99;;3112,99;407,41;2705,58;
NILDES DUTRA NOGUEIRA;GER.CONTR.REG.TRANSITO- CRT;AUXILIAR DE MANUTENCAO;; C.L.T.;1986,50;;1986,50;178,78;1807,72;
ODETE DE OLIVEIRA NASCIMENTO;GERENCIA DE AVAL.MED.PSICOLOG.;TECNICO DE NIVEL MEDIO;; C.L.T.;3630,00;;3630,00;529,11;3100,89;
ODINEI FELICIO DE ARAUJO;GER.CONTR.REG.TRANSITO- CRT;AUXILIAR DE MANUTENCAO;; C.L.T.;1505,00;;1505,00;120,40;1384,60;
ODINILCE FELICIO DE ARAUJO;SUBGERENCIA DE VEICULOS;TECNICO DE NIVEL MEDIO;; C.L.T.;3440,00;;3440,00;482,84;2957,16;
OLINDA MARIA RIBEIRO DA SILVA;SUBGERENCIA DE VEICULOS;TECNICO DE NIVEL MEDIO;; C.L.T.;1880,00;;1880,00;169,20;1710,80;
OSIAS DA COSTA SOUZA;GERENCIA DE ORC.E PLANEJAMENTO;TECNICO DE NIVEL SUPERIOR;; C.L.T.;4010,76;;4010,76;621,82;3388,94;
OSMILDO BARBOSA CAVALCANTE NETO;GERENCIA DE INTERIOR;REPRESENTANTE DETRAN/AM MUN. -AD-3;; CARGO COMISSION.S/VINCULO;1681,80;;1681,80;134,54;1547,26;
OSVALDO ALLAN MEDEIROS CHAVES;SUB-GER.I DE EMPLACAMENTO;AUXILIAR ADMINISTRATIVO;; C.L.T.;2655,00;;2655,00;277,35;2377,65;
OYANE HELTON PASSOS DE OLIVEIRA;GERENCIA DE VEICULOS;REPRESENTANTE DETRAN/AM MUN. -AD-3;REP.DE MUNIC.AD-3; CARGO COMISSION.S/VINCULO;1681,80;;1681,80;134,54;1547,26;
PAULA FRANCISCA CUNHA QUEIROZ;SUBGERENCIA DE VEICULOS;ASSESSOR II;; CARGO COMISSION.S/VINCULO;4209,79;;4209,79;670,28;3539,51;
PAULO DAVID TRIBUZZI DE OLIVEIRA;DIRETOR PRESIDENTE;TECNICO DE NIVEL MEDIO;; C.L.T.;9318,30;;9318,30;2143,43;7174,87;
PAULO LEVY DE OLIVEIRA;SUB-GER.I DE MAT.E PATRIMONIO;TECNICO DE NIVEL SUPERIOR;; C.L.T.;2890,00;;2890,00;353,79;2536,21;
PAULO SERGIO MARTINS;SUB-GER.I DE EMPLACAMENTO;AUXILIAR ADMINISTRATIVO;; C.L.T.;3036,60;;3036,60;351,26;2685,34;
PEDRO CLAUDIO RAMOS DA SILVA;SUBGERENCIA DE APOIO LOGISTICO;AUXILIAR ADMINISTRATIVO;; C.L.T.;5894,10;;5894,10;1097,49;4796,61;
PRISCILA ARAUJO DA SILVA;SUBGERENCIA DE DOCUMENTACAO;SUBGERENTE;; CARGO COMISSION.S/VINCULO;3891,80;;3891,80;592,85;3298,95;
RAIMUNDA NONATA DA SILVA OLIVEIRA;SUB-GER.I DE INF.DE TRANSITO;TECNICO DE NIVEL MEDIO;; C.L.T.;2632,00;;2632,00;236,88;2395,12;
RAIMUNDO JOSE AIRES DE ALMEIDA;DIRETOR PRESIDENTE;TECNICO DE NIVEL MEDIO;; C.L.T.;3915,87;;3915,87;596,20;3319,67;
RAIMUNDO LIMA DA COSTA MOURA;SUB-GER.I DE EMPLACAMENTO;AUXILIAR ADMINISTRATIVO;; C.L.T.;2655,00;;2655,00;277,35;2377,65;
RAIMUNDO MARTINS DO VALLE;ASSESSORIA TECNICA;ASSESSOR IV;; CARGO COMISSION.S/VINCULO;3294,61;;3294,61;447,43;2847,18;
REGINA CELIA MATOS NOGUEIRA;DIRETOR PRESIDENTE;TECNICO DE NIVEL MEDIO;; C.L.T.;5690,08;;5690,08;1093,88;4596,20;
REGINALDO DANTAS DE SOUZA;SUB-GER.I DE EMPLACAMENTO;AUXILIAR ADMINISTRATIVO;; C.L.T.;2655,00;;2655,00;238,95;2416,05;
RENATO ALVES DOURADO;GERENCIA DE VEICULOS;TECNICO DE NIVEL MEDIO;; C.L.T.;1982,00;;1982,00;178,38;1803,62;
RICARDO BIANCHI RAMALHO DE CASTRO;GERENCIA ENG. E ESTATISTICA;GERENTE;; CARGO COMISSION.S/VINCULO;5209,79;;5209,79;980,20;4229,59;
RISOMAR TRINDADE DA SILVA;SUBGERENCIA DE VEICULOS;ASSESSOR IV;; CARGO COMISSION.S/VINCULO;2679,61;;2679,61;281,24;2398,37;
RITA AMELIA VASCO FURTADO;DEPTO.ADMINISTRAT.-FINANCEIRO;TECNICO DE NIVEL SUPERIOR;; C.L.T.;5896,44;;5896,44;1202,41;4694,03;
RITA BENTO DE CARVALHO;SUBGERENCIA DE VEICULOS;TECNICO DE NIVEL MEDIO;TECNICO AUXILIAR; C.L.T.;4463,50;;4463,50;748,67;3714,83;
RITA DE CASSIA TRINDADE REBELO;GERENCIA DE HABILITACAO;TECNICO AUXILIAR;; C.L.T.;5761,50;;5761,50;1165,30;4596,20;
RITA MARIA DE ALMEIDA FERREIRA;GERENCIA DE VEICULOS;TECNICO DE NIVEL MEDIO;; C.L.T.;2356,50;;2356,50;212,08;2144,42;
RIVANDA DE OLIVEIRA GONCALVES;DEPTO.ADMINISTRAT.-FINANCEIRO;AUXILIAR DE MANUTENCAO;; C.L.T.;1607,00;;1607,00;128,56;1478,44;
RODRIGO DE SA BARBOSA;DIRETORIA TECNICA;DELEGADO DE POLICIA 4A.CL.PC-DEL-IV;DIRETOR TECNICO; ESTATUTARIO;9850,00;1252,83;8597,17;1442,72;7154,45;
ROMULO DA SILVA FABRIS;GER.CONTR.REG.TRANSITO- CRT;TECNICO DE NIVEL MEDIO;; C.L.T.;2380,00;;2380,00;233,84;2146,16;
ROSA RODRIGUES PIRES;DEPTO.ADMINISTRAT.-FINANCEIRO;AUXILIAR DE MANUTENCAO;; C.L.T.;3282,00;;3282,00;423,07;2858,93;
ROSANE APARECIDA CORREA LUSTOSA;GERENCIA DE HABILITACAO;TECNICO DE NIVEL SUPERIOR;; C.L.T.;4317,33;;4317,33;703,32;3614,01;
ROSANGELA VIEIRA HITOTUZI;DIR.ADMINISTRATIVA-FINANCEIRA;TECNICO DE NIVEL MEDIO;; C.L.T.;5070,00;;5070,00;936,84;4133,16;
ROSEMBERG DA SILVA HAYDEN;GERENCIA DE ORC.E PLANEJAMENTO;TECNICO DE NIVEL MEDIO;; C.L.T.;5786,00;;5786,00;1172,04;4613,96;
ROSENEY KIMURA TAKETOMI OLIMPIO;DIRETOR PRESIDENTE;TECNICO DE NIVEL SUPERIOR;; C.L.T.;2177,00;;2177,00;195,93;1981,07;
SANDRA TEREZA PINHEIRO FERREIRA;GERENCIA DE HABILITACAO;TECNICO DE NIVEL MEDIO;; C.L.T.;2880,00;;2880,00;366,24;2513,76;
SANDRYVALDO SANTOS DO NASCIMENTO;SUBGERENCIA DE VEICULOS;AUXILIAR ADMINISTRATIVO;; C.L.T.;2355,00;;2355,00;211,95;2143,05;
SANTANA DOURADO GOMES;DEPTO.ADMINISTRAT.-FINANCEIRO;AUXILIAR ADMINISTRATIVO;; C.L.T.;2308,67;;2308,67;197,39;2111,28;
SEBASTIAO FERREIRA DA SILVA;SUBGERENCIA DE APOIO LOGISTICO;AUXILIAR DE MANUTENCAO;; C.L.T.;2396,60;;2396,60;215,69;2180,91;
SELINNE MENEZES SERAFIM;GERENCIA DE VEICULOS;REPRESENTANTE DETRAN/AM MUN. -AD-3;REP.DETRAN MUNICIP.; CARGO COMISSION.S/VINCULO;1681,80;;1681,80;134,54;1547,26;
SELMA DE OLIVEIRA PINHEIRO;GERENCIA DE HABILITACAO;TECNICO DE NIVEL MEDIO;; C.L.T.;3482,00;;3482,00;493,07;2988,93;
SELMA FERNANDA DE OLIVEIRA VALLE;SUBGERENCIA DE VEICULOS;TECNICO DE NIVEL MEDIO;; C.L.T.;2480,00;;2480,00;249,66;2230,34;
SELMA MACEDO LOPES;SUBGERENCIA DE DOCUMENTACAO;AUXILIAR ADMINISTRATIVO;; C.L.T.;4738,00;;4738,00;833,83;3904,17;
SERGIO AUGUSTO GRACA CAVALCANTE;ASSESSORIA JURIDICA;TECNICO DE NIVEL MEDIO;; C.L.T.;9248,00;;9248,00;2071,95;7176,05;
SEVERINO DA SILVA SANTOS;SUBGERENCIA DE VEICULOS;AUXILIAR ADMINISTRATIVO;; C.L.T.;5123,65;;5123,65;953,48;4170,17;
SHIRLENE MAIA FARIAS;DIRETORIA TECNICA;AUXILIAR ADMINISTRATIVO;; C.L.T.;8981,33;;8981,33;2050,75;6930,58;
SILIS CALAZANS GOMES;SUBGERENCIA DE APOIO LOGISTICO;MOTORISTA 1A CLASSE;; ESTATUTARIO;2852,83;;2852,83;326,76;2526,07;
SILVIA JANE DA SILVA;GERENCIA DE VEICULOS;AUXILIAR ADMINISTRATIVO;; C.L.T.;4855,00;;4855,00;870,13;3984,87;
SILVIA MARGARETE VALERIO OLIVEIRA;DIR.ADMINISTRATIVA-FINANCEIRA;TECNICO DE NIVEL MEDIO;; C.L.T.;6690,84;;6690,84;1029,50;5661,34;
SIRLEIDE DOS SANTOS CASANOVA COELHO;SUBGERENCIA DE VEICULOS;TECNICO DE NIVEL MEDIO;; C.L.T.;9730,00;;9730,00;1617,21;8112,79;
SOLIANE CARDOSO DE CARVALHO;GERENCIA DE VEICULOS;TECNICO DE NIVEL MEDIO;; C.L.T.;2880,00;;2880,00;366,24;2513,76;
SONIA MARIA SILVA PEREIRA;SUBGERENCIA DE VEICULOS;TECNICO DE NIVEL MEDIO;; C.L.T.;2982,00;;2982,00;370,05;2611,95;
SONIA OLIMPIO DA CUNHA;GERENCIA DE VEICULOS;TECNICO DE NIVEL MEDIO;; C.L.T.;2702,50;;2702,50;243,22;2459,28;
SUELI DE CASTRO JOHNSON;GERENCIA DE ORC.E PLANEJAMENTO;TECNICO DE NIVEL MEDIO;; C.L.T.;2228,00;;2228,00;200,52;2027,48;
TANIA MARIA GUIMARAES DE LIMA;GABINETE;TECNICO DE NIVEL MEDIO;; C.L.T.;1950,00;;1950,00;175,50;1774,50;
TATIANA MORAIS DE BRITO GOMES;DEPTO.ADMINISTRAT.-FINANCEIRO;CHEFE DE DEPARTAMENTO;; CARGO COMISSION.S/VINCULO;7429,77;;7429,77;1624,07;5805,70;
TEREZINHA DE JESUS O C SABOIA;SUBGERENCIA DE VEICULOS;TECNICO DE NIVEL MEDIO;; C.L.T.;4670,84;;4670,84;555,08;4115,76;
THEREZINHA SOARES DE VASCONCELLOS;GERENCIA ENG. E ESTATISTICA;TECNICO DE NIVEL MEDIO;; C.L.T.;2007,50;;2007,50;180,67;1826,83;
TULIMAR MORAES DE LIMA;SUB-GER.I DE EMPLACAMENTO;TECNICO DE NIVEL MEDIO;; C.L.T.;2728,00;;2728,00;274,69;2453,31;
VALDA RITA FARIAS REIS;SUBGERENCIA DE VEICULOS;TECNICO DE NIVEL MEDIO;; C.L.T.;1880,00;;1880,00;169,20;1710,80;
VALERIANA DO ROSARIO DA SILVA;GERENCIA DE HABILITACAO;AUXILIAR DE MANUTENCAO;; C.L.T.;1658,00;;1658,00;132,64;1525,36;
VILSON EVANGELISTA DE ARAUJO;SUBGERENCIA DE VEICULOS;TECNICO DE NIVEL MEDIO;; C.L.T.;7846,07;;7846,07;1741,55;6104,52;
VINICIUS CERQUEIRA PAZOS;DEPARTAMENTO OPERACIONAL;SOLDADO;ASSESSOR IV AD4; ESTATUTARIO;5134,00;;5134,00;542,49;4591,51;
VINICIUS DINIZ SOUZA DOS SANTOS;DIRETOR PRESIDENTE;DELEGADO DE POLICIA CLASSE ESPECIAL;DIRETOR PRESIDENTE; ESTATUTARIO;9900,00;2688,64;7211,36;905,22;6306,14;
WALMIR WALACE DOS SANTOS DALLES;GER.CONTR.REG.TRANSITO- CRT;TECNICO DE NIVEL SUPERIOR;; C.L.T.;4708,00;;4708,00;824,53;3883,47;
WANDA DOS SANTOS FREIRE;SUBGERENCIA DE DOCUMENTACAO;TECNICO DE NIVEL MEDIO;; C.L.T.;2482,00;;2482,00;249,98;2232,02;
WENDELL DANTAS MENEZES;GER.CONTR.REG.TRANSITO- CRT;TECNICO DE NIVEL MEDIO;; C.L.T.;9966,00;;9966,00;2269,40;7696,60;
YANNE DAS NEVES FALCAO LIMA;SUBGERENCIA DE VEICULOS;TECNICO DE NIVEL MEDIO;; C.L.T.;3180,00;;3180,00;405,05;2774,95;
ZI CUNHA MOREIRA;SUBGERENCIA DE VEICULOS;TECNICO DE NIVEL MEDIO;; C.L.T.;2882,00;;2882,00;352,37;2529,63;
ZULEIDE CARVALHO FEITOSA;SUBGERENCIA DE VEICULOS;TECNICO DE NIVEL MEDIO;; C.L.T.;3440,00;;3440,00;482,84;2957,16;
