NOME;LOTACAO;CARGO;FUNCAO;VINCULO;REMUNERACAO LEGAL TOTAL(R$);DESC.TETO(R$); REMUNERACAO LEGAL DEVIDA(R$);DESCONTOS LEGAIS(R$);LIQUIDO DISPONIVEL(R$);
ABRAHAM LINCOLN BENAYON MOREIRA;ASSESSORIA;ASSESSOR II;; CARGO COMISSION.S/VINCULO;4509,79;;4509,79;670,28;3839,51;
ADEVANE DA SILVA ARAUJO;ASSESSORIA;GERENTE;; CARGO COMISSION.S/VINCULO;4509,79;;4509,79;670,28;3839,51;
ADILSON COELHO CORDEIRO;SECRETARIA EXECUTIVA_DE GESTAO;SECRETARIO EXECUTIVO;; CARGO COMISSION.S/VINCULO;12000,00;;12000,00;2348,14;9651,86;
ADRIANA QUENIA ABRAAO GUSMAO;ASSESSORIA;ASSESSOR II;; CARGO COMISSION.S/VINCULO;4509,79;;4509,79;670,28;3839,51;
AKIS ALVES DA SILVA;ASSESSORIA;GERENTE;; CARGO COMISSION.S/VINCULO;4509,79;;4509,79;670,28;3839,51;
ALDEIZA LAGO DOS SANTOS;ASSESSORIA;GERENTE;; CARGO COMISSION.S/VINCULO;4509,79;;4509,79;670,28;3839,51;
ALINE FABIANA COSTA DINELLY;ASSESSORIA;ASSESSOR II;; CARGO COMISSION.S/VINCULO;3491,80;;3491,80;422,40;3069,40;
ALTEMAR LOPES E SILVA;ASSESSORIA;GERENTE;; CARGO COMISSION.S/VINCULO;4509,79;;4509,79;670,28;3839,51;
AMANDA BOTELHO GOMES;ASSESSORIA;GERENTE;; CARGO COMISSION.S/VINCULO;4509,79;;4509,79;641,84;3867,95;
ANA CLAUDIA DA COSTA LEITAO;ASSESSORIA;ASSESSOR II;; CARGO COMISSION.S/VINCULO;4509,79;;4509,79;670,28;3839,51;
ANA MARIA PAIVA CHAVES B S RESENDE;DEPARTAMENTO DE ADM.E FINANCAS;CHEFE DE DEPARTAMENTO;NAO INFORMADO; CARGO COMISSION.S/VINCULO;5529,77;;5529,77;986,40;4543,37;
ANA RUTH DE PAULA BOTELHO LAMEGO;DEPARTAMENTO DE ADM.E FINANCAS;A.TEC-I;ASSESSOR II AD-2; ESTATUTARIO;5187,01;;5187,01;418,31;4768,70;
ANDREA ARAUJO DE OLIVEIRA LIBERATO;GABINETE DO SECRETARIO;CHEFE DE DEPARTAMENTO;CH DE GABINETE AD-1; CARGO COMISSION.S/VINCULO;5529,77;;5529,77;568,83;4960,94;
ANTONIA LUCIA FERNANDES BARROSO;ASSESSORIA;ASSESSOR II;; CARGO COMISSION.S/VINCULO;4509,79;;4509,79;670,28;3839,51;
ANTONIA NONATA DA COSTA;DEPARTAMENTO DE ADM.E FINANCAS;ASSISTENTE ADMINISTRATIVO;; ESTATUTARIO;3877,54;;3877,54;308,07;3569,47;
ANTONIO LOPES DE SOUZA;ASSESSORIA;ASSESSOR I;; CARGO COMISSION.S/VINCULO;5529,77;;5529,77;986,40;4543,37;
ARIANNA BIANCA CAMPOS RABELO;ASSESSORIA;ASSESSOR II;; CARGO COMISSION.S/VINCULO;4509,79;;4509,79;641,84;3867,95;
ARLETE PIRES DE OLIVEIRA;ASSESSORIA;ASSESSOR II;; CARGO COMISSION.S/VINCULO;4509,79;;4509,79;584,96;3924,83;
ARNALDO NASCIMENTO DA SILVA;ASSESSORIA;ASSESSOR I;; CARGO COMISSION.S/VINCULO;5529,77;;5529,77;986,40;4543,37;
ARNOLDO SEBASTIAO DO CARMO VELLOSO;DEPARTAMENTO DE ADM.E FINANCAS;AUX.S.G-I;; ESTATUTARIO;3890,45;;3890,45;254,14;3636,31;
AUREA CELIA ROCHA CAVALCANTE;ASSESSORIA;ASSESSOR II;; CARGO COMISSION.S/VINCULO;7484,05;;7484,05;2632,02;4852,03;
AYUB BORGES MARQUES;ASSESSORIA;ASSESSOR II;; CARGO COMISSION.S/VINCULO;4509,79;;4509,79;641,84;3867,95;
CAROLINE YOSHIDA KAWAKAMI;ASSESSORIA;ASSESSOR II;; CARGO COMISSION.S/VINCULO;4509,79;;4509,79;670,28;3839,51;
CLAUDENI ALVES PINHEIRO;DEPARTAMENTO DE ADM.E FINANCAS;A.TEC-II;ASSESSOR AD-2; ESTATUTARIO;3367,69;;3367,69;244,51;3123,18;
CRISTIANO GONCALVES;ASSESSORIA;GERENTE;GERENTE AD-2; CARGO COMISSION.S/VINCULO;4509,79;;4509,79;670,28;3839,51;
DENIS SENA DAS CHAGAS;SECRETARIA EXECUTIVA_DE GESTAO;SECRETARIO EXECUTIVO ADJUNTO;NAO INFORMADO; CARGO COMISSION.S/VINCULO;9300,00;929,96;8370,04;1800,15;6569,89;
EDIJANDRIA CARVALHO DE SOUZA;GABINETE DO SECRETARIO;ASSESSOR I;; CARGO COMISSION.S/VINCULO;5529,77;;5529,77;986,40;4543,37;
EDSON PINHEIRO DA SILVA;DEPARTAMENTO DE ADM.E FINANCAS;MOTORISTA 3A CLASSE;; ESTATUTARIO;3980,46;;3980,46;325,93;3654,53;
ELIANA MENDES DE SOUSA;DEPARTAMENTO DE ADM.E FINANCAS;AUX.S.G-I;; ESTATUTARIO;4035,28;;4035,28;204,28;3831,00;
ELMA FARIAS BORGES;DEPARTAMENTO DE ADM.E FINANCAS;A.TEC-I;; ESTATUTARIO;4015,26;;4015,26;264,38;3750,88;
ENGRIDE FERREIRA AQUINO;CENTRO EST.DE MUDAN.CLIMATICAS;AUX.ADM-I;; ESTATUTARIO;3848,62;;3848,62;229,94;3618,68;
FABRICIA ARRUDA MOREIRA AMAZONAS;ASSESSORIA;ASSESSOR I;; CARGO COMISSION.S/VINCULO;5529,77;;5529,77;943,74;4586,03;
FLAVIO RUBEN PAES DE O JUNIOR;ASSESSORIA;ASSESSOR II;; CARGO COMISSION.S/VINCULO;4509,79;;4509,79;511,99;3997,80;
FRANCISCO CAVALCANTE DE LIMA;ASSESSORIA;GERENTE;; CARGO COMISSION.S/VINCULO;2580,20;;2580,20;265,51;2314,69;
FRANCISCO ITAMAR G MELGUEIRO;ASSESSORIA;ASSESSOR II;; CARGO COMISSION.S/VINCULO;4509,79;;4509,79;670,28;3839,51;
FRANCISCO JUSTINO DA COSTA;ASSESSORIA;ASSESSOR II;; CARGO COMISSION.S/VINCULO;4509,79;;4509,79;670,28;3839,51;
FRANCISCO OTAVIO ALEIXO;ASSESSORIA;ASSESSOR II; ASSESSOR II AD-2; CARGO COMISSION.S/VINCULO;4509,79;;4509,79;670,28;3839,51;
GABRIELA MOTA LEÃO;ASSESSORIA;ASSESSOR I;NAO INFORMADO; CARGO COMISSION.S/VINCULO;3050,70;;3050,70;104,59;2946,11;
GILBERTO OLAVO COSTA DE OLIVEIRA;ASSESSORIA;TECNICO EM AGROPECUARIA;GERENTE AD-2; ESTATUTARIO;5608,69;;5608,69;781,99;4826,70;
GILMAR JOSE DE OLIVEIRA SOUZA;ASSESSORIA;ASSESSOR II;ASSESSOR II AD-2; CARGO COMISSION.S/VINCULO;4509,79;;4509,79;670,28;3839,51;
GILZETE DA SILVA BELEZA;DEPARTAMENTO DE ADM.E FINANCAS;A.TEC-I;ASSESSOR AD-2; ESTATUTARIO;5376,24;;5376,24;651,25;4724,99;
GIULIANO PIOTTO GUIMARAES;SEC.EXEC.ADJ.DE GEST.AMBIENTAL;CHEFE DE DEPARTAMENTO;; CARGO COMISSION.S/VINCULO;5529,77;;5529,77;986,40;4543,37;
GLAUCE MARIA TAVARES MONTEIRO;ASSESSORIA;ASSESSOR II;NAO INFORMADO; CARGO COMISSION.S/VINCULO;4209,79;;4209,79;670,28;3539,51;
IRANILDO CURSINO SIQUEIRA;ASSESSORIA;ASSESSOR III;; CARGO COMISSION.S/VINCULO;3491,80;;3491,80;422,40;3069,40;
IRISMAR RIBEIRO DAVILA DE SOUZA;DEPARTAMENTO DE ADM.E FINANCAS;AUX.ADM-I;; ESTATUTARIO;3880,25;;3880,25;315,44;3564,81;
ISABELE AUGUSTA FERREIRA P RIBEIRO;DEPTO.DE ADM.E FINANCAS;ASSESSOR II;; CARGO COMISSION.S/VINCULO;4509,79;;4509,79;670,28;3839,51;
IZAIAS NASCIMENTO DOS SANTOS;ASSESSORIA;ASSESSOR I;NAO INFORMADO; CARGO COMISSION.S/VINCULO;5229,77;;5229,77;986,40;4243,37;
JACOB DA SILVA SICSU;DEPARTAMENTO DE ADM.E FINANCAS;MOT-I;; ESTATUTARIO;4330,47;;4330,47;373,03;3957,44;
JAIME GOMES NERY JUNIOR;ASSESSORIA;GERENTE;; CARGO COMISSION.S/VINCULO;4509,79;;4509,79;670,28;3839,51;
JOAO BOSCO MIRANDA DE MATTOS JUNIOR;ASSESSORIA;ASSESSOR II;; CARGO COMISSION.S/VINCULO;4509,79;;4509,79;670,28;3839,51;
JOEL GOMES GARCEZ;ASSESSORIA;ASSESSOR II;; CARGO COMISSION.S/VINCULO;4509,79;;4509,79;670,28;3839,51;
JOSE CARLOS RIBEIRO;DEPARTAMENTO DE ADM.E FINANCAS;VIGIA-II;GERENTE; ESTATUTARIO;5010,15;;5010,15;406,92;4603,23;
JOSE ELIZIO DA SILVA LIMA;DEPARTAMENTO DE ADM.E FINANCAS;A.TEC-I;; ESTATUTARIO;4059,84;;4059,84;303,68;3756,16;
JOSE RONALDO MOURA RODRIGUES;DEPARTAMENTO DE ADM.E FINANCAS;VIGIA-II;; ESTATUTARIO;3795,27;;3795,27;226,34;3568,93;
JULIA DE MOURA LINHARES;ASSESSORIA;ASSESSOR II;; CARGO COMISSION.S/VINCULO;4509,79;;4509,79;670,28;3839,51;
LENIR MARTA LEITE ATHAYDE;DEPARTAMENTO DE ADM.E FINANCAS;A.TEC-I;ASSESSOR AD-3; ESTATUTARIO;4192,70;;4192,70;291,36;3901,34;
LORENA DE OLIVEIRA PEREIRA;ASSESSORIA;ASSESSOR I;NAO INFORMADO; CARGO COMISSION.S/VINCULO;5529,77;;5529,77;986,40;4543,37;
LUCAS AUGUSTO DOS SANTOS BRAGA;ASSESSORIA;ASSESSOR II;; CARGO COMISSION.S/VINCULO;4509,79;;4509,79;670,28;3839,51;
LUCELIA PEREIRA DE SOUZA;DEPARTAMENTO DE ADM.E FINANCAS;A.TEC-II;; ESTATUTARIO;3941,46;;3941,46;328,12;3613,34;
LUISA CRISTINA VIEIRA DE SOUZA;ASSESSORIA;ASSESSOR II;; CARGO COMISSION.S/VINCULO;4509,79;;4509,79;670,28;3839,51;
LUIZ CARLOS BARROS DE CARVALHO;SEC.EXEC.DE GEOD.REC.HIDRICOS;ENG-I;; ESTATUTARIO;5482,92;;5482,92;740,84;4742,08;
LUIZ CARLOS DOS SANTOS SOUZA;DEPARTAMENTO DE ADM.E FINANCAS;AUX.S.G-II;; ESTATUTARIO;3816,15;;3816,15;205,76;3610,39;
LUZINETE ARAUJO DE SOUSA;DEPARTAMENTO DE ADM.E FINANCAS;AGENTE ADMINISTRATIVO 3A CLASSE;; ESTATUTARIO;3877,54;;3877,54;251,20;3626,34;
MÁRCIO ALVES GUIMARÃES;ASSESSORIA;ASSESSOR II;; CARGO COMISSION.S/VINCULO;4509,79;;4509,79;670,28;3839,51;
MANOELLA BENTO DA SILVA LEAL;ASSESSORIA;ASSESSOR II;; CARGO COMISSION.S/VINCULO;4509,79;;4509,79;670,28;3839,51;
MARCELO JOSE DE LIMA DUTRA;GABINETE DO SECRETARIO;SECRETARIO DE ESTADO;; CARGO COMISSION.S/VINCULO;13800,00;;13800,00;2843,14;10956,86;
MARCIA SOCORRO MARTINS LINS;ASSESSORIA;ASSESSOR II;; CARGO COMISSION.S/VINCULO;4509,79;;4509,79;670,28;3839,51;
MARIA DO SOCORRO PEREIRA E SILVA;DEPARTAMENTO DE ADM.E FINANCAS;A.TEC-I;; ESTATUTARIO;4202,40;;4202,40;265,19;3937,21;
MARIA EDILENE NERI DE SOUSA;ASSESSORIA;CHEFE DE DEPARTAMENTO;; CARGO COMISSION.S/VINCULO;5529,77;;5529,77;986,40;4543,37;
MARIA ELIENE GOMES DA CRUZ;ASSESSORIA;ASSESSOR II;; CARGO COMISSION.S/VINCULO;4509,79;;4509,79;670,28;3839,51;
MAYCON DOUGLAS DE OLIVEIRA CASTRO;ASSESSORIA;ASSESSOR III;; CARGO COMISSION.S/VINCULO;3491,80;;3491,80;422,40;3069,40;
MIQUEIAS SANTOS DE SOUZA;ASSESSORIA;GERENTE;; CARGO COMISSION.S/VINCULO;4509,79;;4509,79;613,40;3896,39;
PABLO JOSE MELO SERRA;ASSESSORIA;ASSESSOR II;; CARGO COMISSION.S/VINCULO;4509,79;;4509,79;670,28;3839,51;
PAULO VICTOR MARQUES VIANA;ASSESSORIA;ASSESSOR II;; CARGO COMISSION.S/VINCULO;4509,79;;4509,79;670,28;3839,51;
PEDRO DE CRISTO SOARES VENTURA;DEPARTAMENTO DE ADM.E FINANCAS;AUX.ADM-I;; ESTATUTARIO;3890,45;;3890,45;317,92;3572,53;
RAIMUNDA SERRATHY SOUZA DA CRUZ;DEPARTAMENTO DE ADM.E FINANCAS;A.TEC-I;; ESTATUTARIO;3929,98;;3929,98;300,09;3629,89;
RAIMUNDO RIBEIRO ROMAINE;ASSESSORIA;GERENTE;; CARGO COMISSION.S/VINCULO;4509,79;;4509,79;670,28;3839,51;
REGINA COELI MINEIRO DE ALENCAR;DEPARTAMENTO DE ADM.E FINANCAS;A.TEC-II;ASSISTENTE TECNICO; ESTATUTARIO;3953,61;;3953,61;302,06;3651,55;
REGINA FARIAS DA SILVA;DEPARTAMENTO DE ADM.E FINANCAS;AUX.S.G-I;; ESTATUTARIO;3880,25;;3880,25;251,65;3628,60;
ROGERIO SAMPAIO BESSA;ASSESSORIA;ASSESSOR I;; CARGO COMISSION.S/VINCULO;5529,77;;5529,77;986,40;4543,37;
RONEI FLEURY DA SILVA;ASSESSORIA;ASSESSOR II;; CARGO COMISSION.S/VINCULO;4509,79;;4509,79;670,28;3839,51;
SANDRA DA SILVA AZULAY;SEC.EXEC.ADJ.DE GEST.AMBIENTAL;A.TEC-I;; ESTATUTARIO;4182,98;;4182,98;317,51;3865,47;
SANDRA REGINA LOYO PENHA;DEPARTAMENTO DE ADM.E FINANCAS;AUX.ADM-I;ASSESSOR AD-2; ESTATUTARIO;3586,06;;3586,06;235,62;3350,44;
VALERIA REGINA GOMES DA SILVA;ASSESSORIA;ASSESSOR II;; CARGO COMISSION.S/VINCULO;4509,79;;4509,79;670,28;3839,51;
WALBEN JUNIOR DOS SANTOS FERREIRA;ASSESSORIA;GERENTE;; CARGO COMISSION.S/VINCULO;4509,79;;4509,79;670,28;3839,51;
WALDELICE HOLANDA SALGADO;SEC.EXEC.ADJ.DE FLOR.ESTRATIV.;ASSESSOR II;; CARGO COMISSION.S/VINCULO;4509,79;;4509,79;670,28;3839,51;
