NOME;LOTACAO;CARGO;FUNCAO;VINCULO;REMUNERACAO LEGAL TOTAL(R$);DESC.TETO(R$); REMUNERACAO LEGAL DEVIDA(R$);DESCONTOS LEGAIS(R$);LIQUIDO DISPONIVEL(R$);
ALEXANDRA SILVA DOS S FIGUEIREDO;GERENCIA DE GESTAO DE PESSOAL;ASSESSOR III AD-3;; CARGO COMISSION.S/VINCULO;2591,80;;2591,80;253,13;2338,67;
ALIANE VELLOSO DA SILVA;DEPTO.DE DESENV.REGIONAL;A.TEC-I;; ESTATUTARIO;15262,30;;15262,30;4360,84;10901,46;
ALIETE VELLOSO DA FONSECA;DEPTO.DE DESENV.REGIONAL;TECNICO DE INCENTIVO 1A.CL.-T.INC-I;; ESTATUTARIO;49214,28;15391,35;33822,93;10734,36;23088,57;
ANA TEREZA JATAHY SANTOS;DEPTO.POL.IND.E COMERCIAIS;TNS-II;; ESTATUTARIO;4954,64;;4954,64;767,89;4186,75;
ANA VIRGINIA SILVA LEMOS DE AGUIAR;DEPTO.POL.IND.E COMERCIAIS;ASSESSOR I AD-1;; CARGO COMISSION.S/VINCULO;5229,77;;5229,77;986,40;4243,37;
ANDERSON BARROSO GRIMM;DEPTO.POL.IND.E COMERCIAIS;CHEFE DE DEPARTAMENTO AD-1;CHEFE DE DPTO.; CARGO COMISSION.S/VINCULO;5229,77;;5229,77;986,40;4243,37;
ANDRE LUIS WILLERDING;GABINETE DO SECRETARIO;CHEFE DE DEPARTAMENTO AD-1;CHEFE DEPART. AD-1; CARGO COMISSION.S/VINCULO;5229,77;;5229,77;568,83;4660,94;
ANDRESON COLARES DOS REIS;GABINETE DO SECRETARIO;GERENTE AD-2;GERENTE AD2; CARGO COMISSION.S/VINCULO;4209,79;;4209,79;670,28;3539,51;
ANGELA MONTEIRO MARTINS;GERENCIA DE GESTAO DE PESSOAL;A.TEC-I;; ESTATUTARIO;3710,32;;3710,32;262,56;3447,76;
ANTONIO GILSON NOGUEIRA DE SOUZA;GABINETE DO SECRETARIO;TEC.DE ARREC.DE TRIB.EST.1A.CL.V;CHEFE DE DPTO AD-1; ESTATUTARIO;5000,00;1173,57;3826,43;133,85;3692,58;
ANTONIO IRAN GADELHA;DEPTO.DE DESENV.REGIONAL;ASSESSOR I AD-1;; CARGO COMISSION.S/VINCULO;5229,77;;5229,77;986,40;4243,37;
ANTONIO MACIEL DA SILVA;GERENCIA DE APOIO LOGISTICO;A.TEC-I;; ESTATUTARIO;12056,19;;12056,19;3148,50;8907,69;
APPIO DA SILVA TOLENTINO;DEPTO.POL.IND.E COMERCIAIS;TECNICO DE INCENTIVO 1A.CL.-T.INC-I;; ESTATUTARIO;39178,51;8707,40;30471,11;9813,63;20657,48;
ARLETE NOGUEIRA VIANA;DEPARTAMENTO DE PLANEJAMENTO;ASSISTENTE ADMINISTRATIVO;GERENTE; ESTATUTARIO;4771,54;;4771,54;509,91;4261,63;
ASTERIO BENTES PIMENTEL NETO;GERENCIA DE APOIO LOGISTICO;GERENTE AD-2;GERENTE AD-2; CARGO COMISSION.S/VINCULO;4209,79;;4209,79;670,28;3539,51;
CAMILA DA COSTA PINTO;GABINETE DO SECRETARIO;ASSESSOR III AD-3;; CARGO COMISSION.S/VINCULO;3191,80;;3191,80;422,40;2769,40;
CLENEIDE NEVES HAYDEN;GERENCIA DE GESTAO DE PESSOAL;TNS-I;ASSESSOR II, AD2; ESTATUTARIO;6344,51;;6344,51;1164,74;5179,77;
DARCY DE OLIVEIRA FALCAO;GERENCIA DE APOIO LOGISTICO;AUX.O-I;; ESTATUTARIO;2770,05;;2770,05;191,58;2578,47;
DENISE BEZERRA LIMA;DEPTO.DE ADMINIST.E FINANCAS;ASSISTENTE TECNICO I;; ESTATUTARIO;4087,62;;4087,62;353,31;3734,31;
DULCE MARGARETE DA SILVA JATAHY;DEPTO.POL.IND.E COMERCIAIS;TECNICO DE INCENTIVO 1A.CL.-T.INC-I;; ESTATUTARIO;45425,50;11602,57;33822,93;10736,10;23086,83;
EDERSON CESAR SANTOS LIBORIO;GERENCIA DE PLAN.ORC.E GESTAO;ASSESSOR III AD-3;ASSESSOR III AD-3; CARGO COMISSION.S/VINCULO;2591,80;;2591,80;240,01;2351,79;
EDMAR LOPES MAGALHAES;DEPTO.DE DESENV.REGIONAL;ASSESSOR I AD-1;; CARGO COMISSION.S/VINCULO;5229,77;;5229,77;986,40;4243,37;
EDUARDO HENRIQUE ARCHER PINTO;DEPTO.POL.IND.E COMERCIAIS;TECNICO DE INCENTIVO 1A.CL.-T.INC-I;GERENTE AD-2; ESTATUTARIO;5822,46;;5822,46;929,15;4893,31;
EDUARDO JORGE DE ALMEIDA F SILVA;DEPTO.POL.IND.E COMERCIAIS;A.TEC-I;ASSIST.TEC.2ª CLASSE; ESTATUTARIO;19796,16;;19796,16;5952,95;13843,21;
EFRAHIM TAVARES DE MELLO;DEPTO.DE ADMINIST.E FINANCAS;A.TEC-I;; ESTATUTARIO;14011,60;;14011,60;3981,57;10030,03;
ELCY SEREJO CORREA;DEPTO.EST.PESQ.E INFORMACOES;TNS-I;; ESTATUTARIO;4618,75;;4618,75;669,02;3949,73;
ELIEZER DA SILVA PINTO;DEPTO.EST.PESQ.E INFORMACOES;CHEFE DE DEPARTAMENTO AD-1;CHEFE DE DPTO AD 1; CARGO COMISSION.S/VINCULO;5229,77;;5229,77;986,40;4243,37;
ESTEVAO VICENTE CAVALCANTI M PAULA;GABINETE DO SECRETARIO;PROFESSOR ADJUNTO;SEC.EXEC.CIENC.E TEC; ESTATUTARIO;12420,00;;12420,00;1675,11;10744,89;
EZELINA DA GLORIA LAVAREDA;DEPTO.DE ADMINIST.E FINANCAS;A.TEC-I;; ESTATUTARIO;14051,20;;14051,20;3992,02;10059,18;
FABIANA BATISTA DA COSTA;GERENCIA DE GESTAO DE PESSOAL;ASSESSOR IV AD-4;ASSESSORA IV AD4; CARGO COMISSION.S/VINCULO;2575,61;;2575,61;264,79;2310,82;
FABIOLA SILVA DE ALENCAR RODRIGUES;GABINETE DO SECRETARIO;ANALISTA UNIVER.5A.CLASSE-NS.125.16;ASSESSOR I AD-1; ESTATUTARIO;8936,59;;8936,59;1992,82;6943,77;
FARID MENDONCA JUNIOR;SECRETARIA EXEC.ADJ.REL.INTER.;SECRETARIO EXECUTIVO ADJUNTO;SEC EXEC ADJ POL INT; CARGO COMISSION.S/VINCULO;9000,00;;9000,00;2046,76;6953,24;
FATIMA MARIA RAMOS ELIAS;DEPTO.POL.IND.E COMERCIAIS;TECNICO DE INCENTIVO 1A.CL.-T.INC-I;; ESTATUTARIO;20263,69;;20263,69;6067,47;14196,22;
FERNANDO BRUNO CESAR DE QUEIROZ;DEPTO.POL.IND.E COMERCIAIS;ASSESSOR III AD-3;ASSESSOR III AD-3; CARGO COMISSION.S/VINCULO;2591,80;;2591,80;233,26;2358,54;
FLAVIA KRICHANA DOS SANTOS RANGEL;GABINETE DO SECRETARIO;CHEFE DE DEPARTAMENTO AD-1;; CARGO COMISSION.S/VINCULO;5229,77;;5229,77;986,40;4243,37;
FRANCISCO ALVES DE FREITAS;DEPTO.EST.PESQ.E INFORMACOES;TNS-I;; ESTATUTARIO;5060,50;;5060,50;676,91;4383,59;
FRANCISCO DAS CHAGAS COELHO LIMA;GERENCIA DE APOIO LOGISTICO;A.TEC-I;; ESTATUTARIO;16287,41;;16287,41;4657,72;11629,69;
FRANCISCO VIEIRA DA ROCHA;GERENCIA DE APOIO LOGISTICO;ASSESSOR IV AD-4;ASSESSOR IV AD4; CARGO COMISSION.S/VINCULO;2575,61;;2575,61;264,79;2310,82;
FRANCY ANNE BARBOSA MATOS;GABINETE DO SECRETARIO;GERENTE AD-2;; CARGO COMISSION.S/VINCULO;4209,79;;4209,79;670,28;3539,51;
GILSON NUNO DE PONTES E SOUZA;DEPTO.POL.IND.E COMERCIAIS;TECNICO DE INCENTIVO 2A.CL-T.INC-II;; ESTATUTARIO;37148,06;6676,95;30471,11;9761,88;20709,23;
GUSTAVO ADOLFO IGREJAS FILGUEIRAS;GABINETE DO SECRETARIO;SECRETARIO EXECUTIVO;; CARGO COMISSION.S/VINCULO;12450,00;;12450,00;739,39;11710,61;
HERCULES ANTONIO RIBEIRO FREIRE;GERENCIA DE APOIO LOGISTICO;A.OPE-II;; ESTATUTARIO;3633,19;;3633,19;297,09;3336,10;
IOLANE ABECASSIS DE MENEZES;DEPTO.POL.IND.E COMERCIAIS;A.TEC-I;; ESTATUTARIO;19856,68;;19856,68;5816,73;14039,95;
IONE DE MELO BERNARDO CUNHA;DEPTO.DE ADMINIST.E FINANCAS;A.TEC-II;; ESTATUTARIO;3641,46;;3641,46;267,23;3374,23;
IRACEMA DE LIMA COLLYER;GERENCIA DE GESTAO DE PESSOAL;A.TEC-I;; ESTATUTARIO;3760,26;;3760,26;360,65;3399,61;
IRLENE MARIA PESSOA;DEPTO.DE ADMINIST.E FINANCAS;A.TEC-I;; ESTATUTARIO;3736,68;;3736,68;321,63;3415,05;
ISRAEL LOPES TEIXEIRA;GERENCIA DE APOIO LOGISTICO;ASSESSOR IV AD-4;ASSESSOR IV AD4; CARGO COMISSION.S/VINCULO;2575,61;;2575,61;231,80;2343,81;
JANE ADAO MARQUES;GERENCIA DE GESTAO DE PESSOAL;A.TEC-I;; ESTATUTARIO;21217,37;;21217,37;6289,29;14928,08;
JANE FREITAS DE GOES CRESPO;GABINETE DO SECRETARIO;CHEFE DE DEPARTAMENTO AD-1;; CARGO COMISSION.S/VINCULO;5229,77;;5229,77;986,40;4243,37;
JESSICA NAIANY TAVARES BARROS;ASSESSORIA JURIDICA;ASSESSOR IV AD-4;ASSESSOR IV AD-4; CARGO COMISSION.S/VINCULO;3175,61;;3175,61;418,48;2757,13;
JOANA MARIA VIEIRA MARQUES;DEPTO.DE MICRO E PEQ.EMPRESA;A.TEC-I;; ESTATUTARIO;13182,83;;13182,83;3702,97;9479,86;
JOHN VANE BESSA ROSA;DEPTO.POL.IND.E COMERCIAIS;GERENTE AD-2;; CARGO COMISSION.S/VINCULO;5613,05;;5613,05;1115,35;4497,70;
JONAS PEREIRA CARVALHO DA S FILHO;GERENCIA DE APOIO LOGISTICO;A.TEC-I;; ESTATUTARIO;10631,45;;10631,45;2693,98;7937,47;
JOSE ALBERTO MARQUES DE MATOS;GERENCIA DE PLAN.ORC.E GESTAO;AUX.S.G-I;ASSESSOR III AD 3; ESTATUTARIO;4494,02;;4494,02;423,34;4070,68;
JOSE ANTONIO PADILHA;GERENCIA DE APOIO LOGISTICO;ASSISTENTE ADMINISTRATIVO;; ESTATUTARIO;3577,54;;3577,54;279,63;3297,91;
JOSE LIRA COSTA;GERENCIA DE APOIO LOGISTICO;ASSESSOR IV AD-4;ASSESSOR IV AD4; CARGO COMISSION.S/VINCULO;2575,61;;2575,61;264,79;2310,82;
JOSE SANDRO DA MOTA RIBEIRO;DEPTO.DE DESENV.REGIONAL;A.TEC-II;CHEFE DE DEPARTAMENT; ESTATUTARIO;5835,46;;5835,46;851,99;4983,47;
JOSENETE CAVALCANTE COSTA;DEPTO.EST.PESQ.E INFORMACOES;ASSESSOR I AD-1;; CARGO COMISSION.S/VINCULO;5229,77;;5229,77;986,40;4243,37;
JUDITH FRANCISCA SANCHES OLIVEIRA;DEPTO.DE MICRO E PEQ.EMPRESA;TNS-I;GERENTE AD2; ESTATUTARIO;5896,98;;5896,98;1035,53;4861,45;
JULIA MAGALHAES DA ROCHA;DEPTO.POL.IND.E COMERCIAIS;A.TEC-I;; ESTATUTARIO;17487,80;;17487,80;5119,88;12367,92;
JULIO AFONSO DA SILVA FILHO;DEPTO.EST.PESQ.E INFORMACOES;A.TEC-I;GERENTE AD-2; ESTATUTARIO;5085,94;;5085,94;514,22;4571,72;
KAMILA SARKIS DE CASTRO;ASSESSORIA JURIDICA;ASSESSOR I AD-1;ASSESSOR I AD-1; CARGO COMISSION.S/VINCULO;5229,77;;5229,77;986,40;4243,37;
KEDIMA LUZIA PRADO TAUMATURGO;DEPTO.DE ADMINIST.E FINANCAS;A.TEC-I;; ESTATUTARIO;3110,34;;3110,34;215,57;2894,77;
LAERTE HENRIQUES CHIXARO;CAMARAS IND.AG.C.S.T.B.M.P.EMP;SECRETARIO DAS CAMARAS AD-1;SEC DAS CAMARAS AD 1; CARGO COMISSION.S/VINCULO;5229,77;;5229,77;986,40;4243,37;
LEONARDO RODRIGO DA SILVA;GABINETE DO SECRETARIO;GERENTE AD-2;GERENTE AD2; CARGO COMISSION.S/VINCULO;4209,79;;4209,79;641,84;3567,95;
LUCIANE MELO DE ALMEIDA;GABINETE DO SECRETARIO;ASSESSOR III AD-3;; CARGO COMISSION.S/VINCULO;3191,80;;3191,80;422,40;2769,40;
LUCIANI AGUIAR PINTO;GABINETE DO SECRETARIO;GERENTE AD-2;GERENTE AD-2; CARGO COMISSION.S/VINCULO;4209,79;;4209,79;670,28;3539,51;
LUIZ FURTADO DE OLIVEIRA CABRAL;DEPTO.POL.IND.E COMERCIAIS;A.TEC-I;; ESTATUTARIO;14825,22;;14825,22;4247,08;10578,14;
LUZIA RAQUEL QUEIROZ RODRIGUES;GABINETE DO SECRETARIO;ASSESSOR I AD-1;ASSESSOR I AD1; CARGO COMISSION.S/VINCULO;5229,77;;5229,77;986,40;4243,37;
MANOEL DE CASTRO PAIVA;GABINETE DO SECRETARIO;ASSESSOR I AD-1;ASSESSOR I, AD-1; ESTATUTARIO;5000,00;;5000,00;505,64;4494,36;
MANOEL DO CARMO LIMA;GERENCIA DE APOIO LOGISTICO;COZINHEIRO A;; ESTATUTARIO;3461,81;;3461,81;191,93;3269,88;
MARA RUBIA BENEVIDES SAID;GABINETE DO SECRETARIO;A.AMB-II;ASSESSOR I AD-1; ESTATUTARIO;6772,80;;6772,80;1450,10;5322,70;
MARCELINO PEREIRA DE SOUZA;GERENCIA DE APOIO LOGISTICO;AUX.S.G-I;; ESTATUTARIO;10048,12;;10048,12;2647,36;7400,76;
MARCIA AUGUSTA DE SOUZA;DEPARTAMENTO DE PLANEJAMENTO;A.TEC-II;; ESTATUTARIO;937,00;;937,00;172,00;765,00;
MARCONDE CARVALHO DE NORONHA;SECRETARIA EXEC.ADJ.REL.INTER.;ASSESSOR I AD-1;; CARGO COMISSION.S/VINCULO;5229,77;;5229,77;986,40;4243,37;
MARCUS ANTONIO NOBRE DE ARAUJO;DEPTO.POL.IND.E COMERCIAIS;A.TEC-I;; ESTATUTARIO;19779,86;;19779,86;5947,38;13832,48;
MARIA ANGELA AGUIAR DE LIMA;GERENCIA DE GESTAO DE PESSOAL;A.TEC-I;AG. ADMIN. 2º CLASSE; ESTATUTARIO;14019,09;;14019,09;3929,31;10089,78;
MARIA ANTONIA ALEXANDRE MELO;DEPTO.POL.IND.E COMERCIAIS;A.TEC-I;ASSISTENTE TECNICO; ESTATUTARIO;3882,24;;3882,24;373,67;3508,57;
MARIA ANTONIA DE JESUS DA S E SILVA;DEPTO.POL.P/O SETOR TERCIARIO;A.TEC-I;ASSESSOR III AD-3; ESTATUTARIO;15548,91;;15548,91;4347,52;11201,39;
MARIA AUXILIADORA GOMES BEZERRA;DEPARTAMENTO DE PLANEJAMENTO;TNS-I;; ESTATUTARIO;5090,28;;5090,28;815,50;4274,78;
MARIA CAMILA FOWLER BARROS;DEPTO.POL.IND.E COMERCIAIS;A.TEC-I;; ESTATUTARIO;19719,61;;19719,61;5928,25;13791,36;
MARIA CELESTE DA COSTA FREITAS;DEPARTAMENTO DE PLANEJAMENTO;TNS-I;; ESTATUTARIO;5172,30;;5172,30;795,45;4376,85;
MARIA CRISTINA LABORDA H SANTANA;DEPTO.POL.IND.E COMERCIAIS;A.TEC-I;; ESTATUTARIO;14035,22;;14035,22;4040,12;9995,10;
MARIA DAS GRACAS BRANDAO DOS REIS;DEPARTAMENTO DE PLANEJAMENTO;GERENTE AD-2;; CARGO COMISSION.S/VINCULO;4209,79;;4209,79;670,28;3539,51;
MARIA DAS GRACAS COSTA BRINGEL;DEPTO.POL.IND.E COMERCIAIS;TECNICO DE INCENTIVO 1A.CL.-T.INC-I;; ESTATUTARIO;23741,56;;23741,56;6830,48;16911,08;
MARIA DO PERPETUO SOCORRO R MACIEL;DEPARTAMENTO DE PLANEJAMENTO;TNS-II;TECNICO 3ª CLASSE; ESTATUTARIO;4974,06;;4974,06;731,10;4242,96;
MARIA DO ROSARIO ALENCAR DE SOUZA;DEPTO.POL.IND.E COMERCIAIS;A.TEC-I;GERENTE AD -2; ESTATUTARIO;6527,96;;6527,96;1048,26;5479,70;
MARIA DO ROSARIO SA DE OLIVEIRA;DEPTO.POL.IND.E COMERCIAIS;TECNICO DE INCENTIVO 2A.CL-T.INC-II;; ESTATUTARIO;40189,44;6366,51;33822,93;10809,88;23013,05;
MARIA GORETTE SEFFAIR RAMOS AVELINO;DEPTO.POL.IND.E COMERCIAIS;TECNICO DE INCENTIVO 1A.CL.-T.INC-I;; ESTATUTARIO;42099,36;11628,25;30471,11;9709,36;20761,75;
MARIA IVANI DE CASTRO RODRIGUES;COM.POL.FIN.INV.ESTRATEGICOS;ASSESSOR I AD-1;; CARGO COMISSION.S/VINCULO;5229,77;;5229,77;986,40;4243,37;
MARIA LUANA ARAUJO VINHOTE;GABINETE DO SECRETARIO;ASSISTENTE TECNICO PNM.ANM-III;ASSESSOR III AD-3; ESTATUTARIO;4137,58;;4137,58;391,80;3745,78;
MARIA SUELY CARNEIRO;DEPTO.POL.IND.E COMERCIAIS;A.TEC-I;; ESTATUTARIO;21932,81;;21932,81;6593,18;15339,63;
MARIETE DO CARMO MAIA;DEPTO.DE ADMINIST.E FINANCAS;ASSESSOR I AD-1;ASSESSOR I AD1; CARGO COMISSION.S/VINCULO;5229,77;;5229,77;943,74;4286,03;
MARY ANNE GAMA PARENTE;GABINETE DO SECRETARIO;TEC. DE NIVEL SUPERIOR 1A CLASSE;CHEFE DE GABINETE; ESTATUTARIO;6752,62;;6752,62;1156,38;5596,24;
MILENA ARYCE MENTA BARKER;GABINETE DO SECRETARIO;GERENTE AD-2;GERENTE AD2; CARGO COMISSION.S/VINCULO;4209,79;;4209,79;670,28;3539,51;
NADJA SIMOES BARBOSA BRITO;GABINETE DO SECRETARIO;A.TEC-I;; ESTATUTARIO;18057,13;;18057,13;5195,05;12862,08;
NAIR CAVALCANTE ESTEVES;GABINETE DO SECRETARIO;TNS-I;; ESTATUTARIO;5082,63;;5082,63;727,54;4355,09;
NILSON SILVA DA CUNHA;GABINETE DO SECRETARIO;SECRETARIO DO COMITE AD-1;; CARGO COMISSION.S/VINCULO;5229,77;;5229,77;986,40;4243,37;
NILSON TAVARES PIMENTEL;DEPTO.POL.P/O SETOR TERCIARIO;TECNICO DE INCENTIVO 1A.CL.-T.INC-I;; ESTATUTARIO;45943,74;12120,81;33822,93;10630,86;23192,07;
OLDOVANI RODRIGUES BARROSO;DEPTO.DE ADMINIST.E FINANCAS;A.TEC-I;; ESTATUTARIO;14073,03;;14073,03;3890,12;10182,91;
OLGA SANTANA DE FREITAS;SECRETARIA EXEC.ADJ.REL.INTER.;A.TEC-I;ASSI.TEC.NI/REFIII; ESTATUTARIO;4252,04;;4252,04;431,86;3820,18;
OTAVIANO ANTONIO CAVALCANTI K SILVA;DEPTO.POL.IND.E COMERCIAIS;TECNICO DE INCENTIVO 1A.CL.-T.INC-I;; ESTATUTARIO;33589,96;;33589,96;10531,74;23058,22;
PAULA FRANCINETTE DE LIMA MONARI;DEPTO.DE DESENV.REGIONAL;A.TEC-I;; ESTATUTARIO;3701,57;;3701,57;288,87;3412,70;
PAULO RICARDO RODRIGUES DE SOUZA;GERENCIA DE PLAN.ORC.E GESTAO;GERENTE AD-2;GERENTE AD-2; CARGO COMISSION.S/VINCULO;4209,79;;4209,79;670,28;3539,51;
PAULO ROBERTO PEREIRA DA SILVA;GABINETE DO SECRETARIO;ASSESSOR I AD-1;; CARGO COMISSION.S/VINCULO;5229,77;;5229,77;986,40;4243,37;
PLINIO CESAR ALBUQUERQUE COELHO;GABINETE DO SECRETARIO;TECNICO DE INCENTIVO 2A.CL-T.INC-II;; ESTATUTARIO;37561,66;7090,55;30471,11;9761,88;20709,23;
POJUCAN JOSE BACELLAR DE SOUZA;ASSESSORIA DE COM.SOCIAL;TNS-I;; ESTATUTARIO;10885,15;;10885,15;2650,74;8234,41;
PRISCILA DEANE ALVES DE SOUZA;GABINETE DO SECRETARIO;ASSESSOR III AD-3;; CARGO COMISSION.S/VINCULO;3191,80;;3191,80;407,12;2784,68;
PRISCYLLA DE PAULA DANTAS TOMAZ;GERENCIA DE GESTAO DE PESSOAL;ASSESSOR III AD-3;ASSESSOR III AD3; CARGO COMISSION.S/VINCULO;3191,80;;3191,80;422,40;2769,40;
RAIMUNDO GILMAR VASCONCELOS BELEM;DEPTO.POL.IND.E COMERCIAIS;A.TEC-I;; ESTATUTARIO;16183,95;;16183,95;4599,38;11584,57;
RAIMUNDO NONATO SILVA DE OLIVEIRA;GERENCIA DE APOIO LOGISTICO;AUX.O-I;; ESTATUTARIO;1888,98;;1888,98;150,18;1738,80;
REGINA LUCIA VIEIRA MARQUES;GERENCIA DE PLAN.ORC.E GESTAO;A.TEC-I;; ESTATUTARIO;10622,40;;10622,40;2745,99;7876,41;
RICARDO GONCALVES FERNANDES;GERENCIA DE APOIO LOGISTICO;ASSESSOR III AD-3;ASSESSOR III AD-3; CARGO COMISSION.S/VINCULO;2591,80;;2591,80;253,67;2338,13;
RITA DE CASSIA ALMEIDA LIMA;DEPTO.DE DESENV.REGIONAL;TNS-I;; ESTATUTARIO;4654,39;;4654,39;682,33;3972,06;
ROOSEVELT ARAUJO FERREIRA;GERENCIA DE APOIO LOGISTICO;FISCAL RODOVIARIO;; ESTATUTARIO;2279,54;;2279,54;148,52;2131,02;
ROSEANA PEREIRA DA SILVA;GABINETE DO SECRETARIO;GERENTE AD-2;GERENTE AD-2; CARGO COMISSION.S/VINCULO;4209,79;;4209,79;670,28;3539,51;
RUI MOURA BANANEIRA;GABINETE DO SECRETARIO;A.AMB-I;ASSESSOR I AD-1; ESTATUTARIO;13321,46;;13321,46;3715,98;9605,48;
SABRINA SENA DA FONSECA;DEPTO.DE ADM.E FINANCAS;ASSESSOR IV AD-4;ASSESSOR IV AD-4; CARGO COMISSION.S/VINCULO;3175,61;;3175,61;399,78;2775,83;
SALOMAO YURI OLIVEIRA R COSTA;SEC.GER.CONS.DESEN.DO AM-CODAM;SECRETARIO DO CODAM AD-1;SEC DO CODAM; CARGO COMISSION.S/VINCULO;5229,77;;5229,77;986,40;4243,37;
SAMUEL ARTUR MAIA MENDES;DEPARTAMENTO DE PLANEJAMENTO;ASSESSOR IV AD-4;ASSESSOR IV AD4; CARGO COMISSION.S/VINCULO;2575,61;;2575,61;264,79;2310,82;
SANDRA MARIA ALEIXO DOS SANTOS;DEPTO.DES.ORG.E REC.HUMANOS;ASSISTENTE TECNICO 2A CLASSE;; ESTATUTARIO;3885,35;;3885,35;347,88;3537,47;
SERGIO GAIA VIANA;GERENCIA DE APOIO LOGISTICO;ASSESSOR III AD-3;ASSESSOR III AD3; CARGO COMISSION.S/VINCULO;3191,80;;3191,80;407,12;2784,68;
SIGRID DA SILVA ABINADER;DEPTO.POL.IND.E COMERCIAIS;A.TEC-I;; ESTATUTARIO;19457,46;;19457,46;5885,15;13572,31;
SILENE RODRIGUES DE ALMEIDA;SEC.GER.CONS.DESEN.DO AM-CODAM;A.TEC-I;; ESTATUTARIO;14254,02;;14254,02;3793,28;10460,74;
SILVIA MARIA NASCIMENTO BRAGA;DEPTO.DE MICRO E PEQ.EMPRESA;A.TEC-I;; ESTATUTARIO;3110,34;;3110,34;221,73;2888,61;
SILVIA RODRIGUES DE MENEZES;CAMARAS IND.AG.C.S.T.B.M.P.EMP;A.TEC-II;; ESTATUTARIO;3676,05;;3676,05;337,13;3338,92;
SOCORRO DE NAZARE SILVA FREITAS;DEPTO.DE ADMINIST.E FINANCAS;A.TEC-I;; ESTATUTARIO;3295,74;;3295,74;253,85;3041,89;
SONIA JANETE GUERRA DOS S GOMES;DEPARTAMENTO DE PLANEJAMENTO;ENGENHEIRO DE PESCA;CHEFE DE DEPARTAMENT; ESTATUTARIO;7513,24;;7513,24;1522,45;5990,79;
TAMARA JESSICA NEVES FERREIRA;DEPARTAMENTO DE PLANEJAMENTO;ASSESSOR III AD-3;ASSESSORA III AD3; CARGO COMISSION.S/VINCULO;3191,80;;3191,80;422,40;2769,40;
TELMA LUCIA NATIVIDADE ARAUJO;GERENCIA DE GESTAO DE PESSOAL;AGENTE ADMINISTRATIVO 3A CLASSE;GERENTE AD-2-; ESTATUTARIO;4780,28;;4780,28;469,96;4310,32;
THAIS LUZIA SOUZA DE OLIVEIRA;GABINETE DO SECRETARIO;ASSESSOR III AD-3;ASSESSORA III AD3; CARGO COMISSION.S/VINCULO;3191,80;;3191,80;422,40;2769,40;
THEOMARIO DUTRA DA SILVA;GERENCIA DE GESTAO DE PESSOAL;A.TEC-I;; ESTATUTARIO;19839,10;;19839,10;5864,44;13974,66;
VANIA RITA MARTINS DAS NEVES;GERENCIA DE GESTAO DE PESSOAL;A.TEC-I;; ESTATUTARIO;4029,92;;4029,92;415,68;3614,24;
VERA RUTH CONDURU CORREA;GERENCIA DE GESTAO DE PESSOAL;TNS-I;; ESTATUTARIO;4616,78;;4616,78;655,01;3961,77;
WALDIMAR PEDROSA DE SOUZA;DEPTO.DE ADMINIST.E FINANCAS;AUX.S.G-I;; ESTATUTARIO;10417,22;;10417,22;2670,56;7746,66;
YETH DOMINGUES DE ABREU;GABINETE DO SECRETARIO;A.TEC-I;; ESTATUTARIO;15343,76;;15343,76;4618,69;10725,07;
ZACARIAS OLIVEIRA DA SILVA;GERENCIA DE APOIO LOGISTICO;MOT-II;; ESTATUTARIO;3152,91;;3152,91;198,86;2954,05;
