NOME;LOTACAO;CARGO;FUNCAO;VINCULO;REMUNERACAO LEGAL TOTAL(R$);DESC.TETO(R$); REMUNERACAO LEGAL DEVIDA(R$);DESCONTOS LEGAIS(R$);LIQUIDO DISPONIVEL(R$);
ALEXANDRA SILVA DOS S FIGUEIREDO;GERENCIA DE GESTAO DE PESSOAL;ASSESSOR III AD-3;; CARGO COMISSION.S/VINCULO;2591,80;;2591,80;253,13;2338,67;
ALIANE VELLOSO DA SILVA;DEPTO.DE DESENV.REGIONAL;A.TEC-I;; ESTATUTARIO;14378,31;;14378,31;4047,24;10331,07;
ALIETE VELLOSO DA FONSECA;DEPTO.DE DESENV.REGIONAL;TECNICO DE INCENTIVO 1A.CL.-T.INC-I;; ESTATUTARIO;42940,75;12469,64;30471,11;9812,61;20658,50;
ANA TEREZA JATAHY SANTOS;DEPTO.POL.IND.E COMERCIAIS;TNS-II;; ESTATUTARIO;4581,44;;4581,44;683,92;3897,52;
ANA VIRGINIA SILVA LEMOS DE AGUIAR;DEPTO.POL.IND.E COMERCIAIS;ASSESSOR I AD-1;; CARGO COMISSION.S/VINCULO;5229,77;;5229,77;986,40;4243,37;
ANDERSON BARROSO GRIMM;DEPTO.POL.IND.E COMERCIAIS;CHEFE DE DEPARTAMENTO AD-1;CHEFE DE DPTO.; CARGO COMISSION.S/VINCULO;5229,77;;5229,77;986,40;4243,37;
ANDRE LUIS WILLERDING;GABINETE DO SECRETARIO;CHEFE DE DEPARTAMENTO AD-1;CHEFE DEPART. AD-1; CARGO COMISSION.S/VINCULO;5229,77;;5229,77;568,83;4660,94;
ANDRESON COLARES DOS REIS;GABINETE DO SECRETARIO;GERENTE AD-2;GERENTE AD2; CARGO COMISSION.S/VINCULO;4209,79;;4209,79;670,28;3539,51;
ANGELA MONTEIRO MARTINS;GERENCIA DE GESTAO DE PESSOAL;A.TEC-I;; ESTATUTARIO;3710,32;;3710,32;262,56;3447,76;
ANTONIO GILSON NOGUEIRA DE SOUZA;GABINETE DO SECRETARIO;TEC.DE ARREC.DE TRIB.EST.1A.CL.V;CHEFE DE DPTO AD-1; ESTATUTARIO;5000,00;916,96;4083,04;172,34;3910,70;
ANTONIO IRAN GADELHA;DEPTO.DE DESENV.REGIONAL;ASSESSOR I AD-1;; CARGO COMISSION.S/VINCULO;5229,77;;5229,77;986,40;4243,37;
ANTONIO MACIEL DA SILVA;GERENCIA DE APOIO LOGISTICO;A.TEC-I;; ESTATUTARIO;11331,20;;11331,20;2897,04;8434,16;
APPIO DA SILVA TOLENTINO;DEPTO.POL.IND.E COMERCIAIS;TECNICO DE INCENTIVO 1A.CL.-T.INC-I;; ESTATUTARIO;36597,24;6126,13;30471,11;9813,63;20657,48;
ARLETE NOGUEIRA VIANA;DEPARTAMENTO DE PLANEJAMENTO;ASSISTENTE ADMINISTRATIVO;GERENTE; ESTATUTARIO;4771,54;;4771,54;509,91;4261,63;
ASTERIO BENTES PIMENTEL NETO;GERENCIA DE APOIO LOGISTICO;GERENTE AD-2;GERENTE AD-2; CARGO COMISSION.S/VINCULO;4209,79;;4209,79;670,28;3539,51;
CAMILA DA COSTA PINTO;GABINETE DO SECRETARIO;ASSESSOR III AD-3;; CARGO COMISSION.S/VINCULO;3191,80;;3191,80;422,40;2769,40;
CARLOS AGUSTIN DA SILVA PALACIO;GABINETE DO SECRETARIO;GERENTE AD-2;; CARGO COMISSION.S/VINCULO;8419,58;;8419,58;1887,14;6532,44;
CLENEIDE NEVES HAYDEN;GERENCIA DE GESTAO DE PESSOAL;TNS-I;ASSESSOR II, AD2; ESTATUTARIO;6344,51;;6344,51;1164,74;5179,77;
DANNA DOUGLAS BRELAZ DE OLIVEIRA;SEC.EXEC.ADJ.DE POL.SETORIAIS;ASSESSOR III AD-3;; CARGO COMISSION.S/VINCULO;4060,43;;4060,43;633,91;3426,52;
DARCY DE OLIVEIRA FALCAO;GERENCIA DE APOIO LOGISTICO;AUX.O-I;; ESTATUTARIO;2770,05;;2770,05;191,58;2578,47;
DENISE BEZERRA LIMA;DEPTO.DE ADMINIST.E FINANCAS;ASSISTENTE TECNICO I;; ESTATUTARIO;4087,62;;4087,62;353,31;3734,31;
DULCE MARGARETE DA SILVA JATAHY;DEPTO.POL.IND.E COMERCIAIS;TECNICO DE INCENTIVO 1A.CL.-T.INC-I;; ESTATUTARIO;42638,00;8815,07;33822,93;10736,10;23086,83;
EDERSON CESAR SANTOS LIBORIO;GERENCIA DE PLAN.ORC.E GESTAO;ASSESSOR III AD-3;ASSESSOR III AD-3; CARGO COMISSION.S/VINCULO;2591,80;;2591,80;267,35;2324,45;
EDMAR LOPES MAGALHAES;DEPTO.DE DESENV.REGIONAL;ASSESSOR I AD-1;; CARGO COMISSION.S/VINCULO;6973,03;;6973,03;1489,34;5483,69;
EDUARDO HENRIQUE ARCHER PINTO;DEPTO.POL.IND.E COMERCIAIS;TECNICO DE INCENTIVO 1A.CL.-T.INC-I;GERENTE AD-2; ESTATUTARIO;5478,36;;5478,36;834,52;4643,84;
EDUARDO JORGE DE ALMEIDA F SILVA;DEPTO.POL.IND.E COMERCIAIS;A.TEC-I;ASSIST.TEC.2ª CLASSE; ESTATUTARIO;18500,61;;18500,61;5493,36;13007,25;
EFRAHIM TAVARES DE MELLO;DEPTO.DE ADMINIST.E FINANCAS;A.TEC-I;; ESTATUTARIO;13127,61;;13127,61;3667,97;9459,64;
ELCY SEREJO CORREA;DEPTO.EST.PESQ.E INFORMACOES;TNS-I;; ESTATUTARIO;4618,75;;4618,75;669,02;3949,73;
ELIEZER DA SILVA PINTO;DEPTO.EST.PESQ.E INFORMACOES;CHEFE DE DEPARTAMENTO AD-1;CHEFE DE DPTO AD 1; CARGO COMISSION.S/VINCULO;5229,77;;5229,77;986,40;4243,37;
ESTEVAO VICENTE CAVALCANTI M PAULA;GABINETE DO SECRETARIO;PROFESSOR ADJUNTO;SEC.EXEC.CIENC.E TEC; ESTATUTARIO;11700,00;;11700,00;1520,17;10179,83;
EZELINA DA GLORIA LAVAREDA;DEPTO.DE ADMINIST.E FINANCAS;A.TEC-I;; ESTATUTARIO;13167,21;;13167,21;3678,42;9488,79;
FABIANA BATISTA DA COSTA;GERENCIA DE GESTAO DE PESSOAL;ASSESSOR IV AD-4;ASSESSORA IV AD4; CARGO COMISSION.S/VINCULO;2575,61;;2575,61;264,79;2310,82;
FABIOLA SILVA DE ALENCAR RODRIGUES;GABINETE DO SECRETARIO;ANALISTA UNIVER.5A.CLASSE-NS.125.16;ASSESSOR I AD-1; ESTATUTARIO;8795,18;;8795,18;1951,68;6843,50;
FARID MENDONCA JUNIOR;SECRETARIA EXEC.ADJ.REL.INTER.;SECRETARIO EXECUTIVO ADJUNTO;SEC EXEC ADJ POL INT; CARGO COMISSION.S/VINCULO;12000,00;;12000,00;2871,76;9128,24;
FATIMA MARIA RAMOS ELIAS;DEPTO.POL.IND.E COMERCIAIS;TECNICO DE INCENTIVO 1A.CL.-T.INC-I;; ESTATUTARIO;19107,67;;19107,67;5666,51;13441,16;
FERNANDO BRUNO CESAR DE QUEIROZ;DEPTO.POL.IND.E COMERCIAIS;ASSESSOR III AD-3;ASSESSOR III AD-3; CARGO COMISSION.S/VINCULO;3455,73;;3455,73;434,60;3021,13;
FLAVIA KRICHANA DOS SANTOS RANGEL;GABINETE DO SECRETARIO;CHEFE DE DEPARTAMENTO AD-1;; CARGO COMISSION.S/VINCULO;5229,77;;5229,77;986,40;4243,37;
FRANCISCO ALVES DE FREITAS;DEPTO.EST.PESQ.E INFORMACOES;TNS-I;; ESTATUTARIO;5060,50;;5060,50;676,91;4383,59;
FRANCISCO DAS CHAGAS COELHO LIMA;GERENCIA DE APOIO LOGISTICO;A.TEC-I;; ESTATUTARIO;15245,95;;15245,95;4288,26;10957,69;
FRANCISCO VIEIRA DA ROCHA;GERENCIA DE APOIO LOGISTICO;ASSESSOR IV AD-4;ASSESSOR IV AD4; CARGO COMISSION.S/VINCULO;2575,61;;2575,61;264,79;2310,82;
FRANCY ANNE BARBOSA MATOS;GABINETE DO SECRETARIO;GERENTE AD-2;; CARGO COMISSION.S/VINCULO;4209,79;;4209,79;670,28;3539,51;
GEISON MAICON OLIVEIRA ASSIS;GABINETE DO SECRETARIO;ASSESSOR III AD-3;ASSESSOR III AD3; CARGO COMISSION.S/VINCULO;4255,73;;4255,73;684,21;3571,52;
GILSON NUNO DE PONTES E SOUZA;DEPTO.POL.IND.E COMERCIAIS;TECNICO DE INCENTIVO 2A.CL-T.INC-II;; ESTATUTARIO;34701,00;4229,89;30471,11;9761,88;20709,23;
GUSTAVO ADOLFO IGREJAS FILGUEIRAS;GABINETE DO SECRETARIO;SECRETARIO EXECUTIVO;; CARGO COMISSION.S/VINCULO;9900,00;;9900,00;1671,72;8228,28;
HERCULES ANTONIO RIBEIRO FREIRE;GERENCIA DE APOIO LOGISTICO;A.OPE-II;; ESTATUTARIO;3633,19;;3633,19;297,09;3336,10;
IOLANE ABECASSIS DE MENEZES;DEPTO.POL.IND.E COMERCIAIS;A.TEC-I;; ESTATUTARIO;18561,13;;18561,13;5357,14;13203,99;
IONE DE MELO BERNARDO CUNHA;DEPTO.DE ADMINIST.E FINANCAS;A.TEC-II;; ESTATUTARIO;3641,46;;3641,46;267,23;3374,23;
IRACEMA DE LIMA COLLYER;GERENCIA DE GESTAO DE PESSOAL;A.TEC-I;; ESTATUTARIO;3760,26;;3760,26;360,65;3399,61;
IRLENE MARIA PESSOA;DEPTO.DE ADMINIST.E FINANCAS;A.TEC-I;; ESTATUTARIO;3736,68;;3736,68;321,63;3415,05;
ISRAEL LOPES TEIXEIRA;GERENCIA DE APOIO LOGISTICO;ASSESSOR IV AD-4;ASSESSOR IV AD4; CARGO COMISSION.S/VINCULO;2575,61;;2575,61;231,80;2343,81;
JANAINA ALBUQUERQUE GOMES;GABINETE DO SECRETARIO;ANALISTA UNIVER.5A.CLASSE-NS.125.16;ASSESSOR I AD-1; ESTATUTARIO;8871,09;;8871,09;2041,82;6829,27;
JANE ADAO MARQUES;GERENCIA DE GESTAO DE PESSOAL;A.TEC-I;; ESTATUTARIO;17893,22;;17893,22;5275,54;12617,68;
JANE FREITAS DE GOES CRESPO;GABINETE DO SECRETARIO;CHEFE DE DEPARTAMENTO AD-1;; CARGO COMISSION.S/VINCULO;5229,77;;5229,77;986,40;4243,37;
JESSICA NAIANY TAVARES BARROS;ASSESSORIA JURIDICA;ASSESSOR IV AD-4;ASSESSOR IV AD-4; CARGO COMISSION.S/VINCULO;3175,61;;3175,61;418,48;2757,13;
JOANA MARIA VIEIRA MARQUES;DEPTO.DE MICRO E PEQ.EMPRESA;A.TEC-I;; ESTATUTARIO;12345,37;;12345,37;3405,89;8939,48;
JOHN VANE BESSA ROSA;DEPTO.POL.IND.E COMERCIAIS;GERENTE AD-2;; CARGO COMISSION.S/VINCULO;4209,79;;4209,79;670,28;3539,51;
JONAS PEREIRA CARVALHO DA S FILHO;GERENCIA DE APOIO LOGISTICO;A.TEC-I;; ESTATUTARIO;9988,14;;9988,14;2232,99;7755,15;
JOSE ALBERTO MARQUES DE MATOS;GERENCIA DE PLAN.ORC.E GESTAO;AUX.S.G-I;ASSESSOR III AD 3; ESTATUTARIO;4494,02;;4494,02;423,34;4070,68;
JOSE ANTONIO PADILHA;GERENCIA DE APOIO LOGISTICO;ASSISTENTE ADMINISTRATIVO;; ESTATUTARIO;3577,54;;3577,54;279,63;3297,91;
JOSE JORGE DO NASCIMENTO JUNIOR;GABINETE DO SECRETARIO;SECRETARIO DE ESTADO;; CARGO COMISSION.S/VINCULO;13500,00;;13500,00;3232,12;10267,88;
JOSE LIRA COSTA;GERENCIA DE APOIO LOGISTICO;ASSESSOR IV AD-4;ASSESSOR IV AD4; CARGO COMISSION.S/VINCULO;2575,61;;2575,61;264,79;2310,82;
JOSE SANDRO DA MOTA RIBEIRO;DEPTO.EST.PESQ.E INFORMACOES;A.TEC-II;CHEFE DE DEPARTAMENT; ESTATUTARIO;5835,46;;5835,46;851,99;4983,47;
JOSENETE CAVALCANTE COSTA;DEPTO.EST.PESQ.E INFORMACOES;ASSESSOR I AD-1;; CARGO COMISSION.S/VINCULO;5229,77;;5229,77;986,40;4243,37;
JUDITH FRANCISCA SANCHES OLIVEIRA;DEPTO.DE MICRO E PEQ.EMPRESA;TNS-I;GERENTE AD2; ESTATUTARIO;5896,98;;5896,98;1035,53;4861,45;
JULIA MAGALHAES DA ROCHA;DEPTO.POL.IND.E COMERCIAIS;A.TEC-I;; ESTATUTARIO;16370,52;;16370,52;4732,36;11638,16;
JULIANNY CARVALHO DE OLIVEIRA COSTA;SEC.EXEC.ADJ.DE PLANEJAMENTO;ASSESSOR IV AD-4;ASSESSORA IV AD4; CARGO COMISSION.S/VINCULO;3175,61;;3175,61;418,48;2757,13;
JULIO AFONSO DA SILVA FILHO;DEPTO.EST.PESQ.E INFORMACOES;A.TEC-I;GERENTE AD-2; ESTATUTARIO;5085,94;;5085,94;514,22;4571,72;
KAMILA SARKIS DE CASTRO;ASSESSORIA JURIDICA;ASSESSOR I AD-1;ASSESSOR I AD-1; CARGO COMISSION.S/VINCULO;5229,77;;5229,77;986,40;4243,37;
KAREN LORENA LOBO PRADO;GABINETE DO SECRETARIO;GERENTE AD-2;GERENTE AD-2; CARGO COMISSION.S/VINCULO;6899,26;;6899,26;;6899,26;
KEDIMA LUZIA PRADO TAUMATURGO;DEPTO.DE ADMINIST.E FINANCAS;A.TEC-I;; ESTATUTARIO;3110,34;;3110,34;215,57;2894,77;
LAERTE HENRIQUES CHIXARO;CAMARAS IND.AG.C.S.T.B.M.P.EMP;SECRETARIO DAS CAMARAS AD-1;SEC DAS CAMARAS AD 1; CARGO COMISSION.S/VINCULO;5229,77;;5229,77;986,40;4243,37;
LEONARDO RODRIGO DA SILVA;GABINETE DO SECRETARIO;GERENTE AD-2;GERENTE AD2; CARGO COMISSION.S/VINCULO;4209,79;;4209,79;641,84;3567,95;
LUCIANE MELO DE ALMEIDA;GABINETE DO SECRETARIO;ASSESSOR III AD-3;; CARGO COMISSION.S/VINCULO;3191,80;;3191,80;422,40;2769,40;
LUCIANI AGUIAR PINTO;GABINETE DO SECRETARIO;GERENTE AD-2;GERENTE AD-2; CARGO COMISSION.S/VINCULO;4209,79;;4209,79;670,28;3539,51;
LUIZ FURTADO DE OLIVEIRA CABRAL;DEPTO.POL.IND.E COMERCIAIS;A.TEC-I;; ESTATUTARIO;13894,71;;13894,71;3916,98;9977,73;
LUZIA RAQUEL QUEIROZ RODRIGUES;GABINETE DO SECRETARIO;ASSESSOR I AD-1;ASSESSOR I AD1; CARGO COMISSION.S/VINCULO;5229,77;;5229,77;986,40;4243,37;
MANOEL DE CASTRO PAIVA;GABINETE DO SECRETARIO;ASSESSOR I AD-1;ASSESSOR I, AD-1; ESTATUTARIO;5000,00;;5000,00;505,64;4494,36;
MANOEL DO CARMO LIMA;GERENCIA DE APOIO LOGISTICO;COZINHEIRO A;; ESTATUTARIO;3461,81;;3461,81;191,93;3269,88;
MARA RUBIA BENEVIDES SAID;GABINETE DO SECRETARIO;A.AMB-II;ASSESSOR I AD-1; ESTATUTARIO;6772,80;;6772,80;1450,10;5322,70;
MARCELINO PEREIRA DE SOUZA;GERENCIA DE APOIO LOGISTICO;AUX.S.G-I;; ESTATUTARIO;9434,34;;9434,34;2429,62;7004,72;
MARCIA AUGUSTA DE SOUZA HILARIO;DEPARTAMENTO DE PLANEJAMENTO;A.TEC-II;; ESTATUTARIO;937,00;;937,00;172,00;765,00;
MARCONDE CARVALHO DE NORONHA;SECRETARIA EXEC.ADJ.REL.INTER.;ASSESSOR I AD-1;; CARGO COMISSION.S/VINCULO;6973,03;;6973,03;1489,34;5483,69;
MARCUS ANTONIO NOBRE DE ARAUJO;DEPTO.POL.IND.E COMERCIAIS;A.TEC-I;; ESTATUTARIO;24617,59;;24617,59;7174,44;17443,15;
MARIA ANGELA AGUIAR DE LIMA;GERENCIA DE GESTAO DE PESSOAL;A.TEC-I;AG. ADMIN. 2º CLASSE; ESTATUTARIO;13135,10;;13135,10;3615,71;9519,39;
MARIA ANTONIA ALEXANDRE DE MELO;DEPTO.POL.IND.E COMERCIAIS;A.TEC-I;ASSISTENTE TECNICO; ESTATUTARIO;3882,24;;3882,24;373,67;3508,57;
MARIA ANTONIA DE JESUS DA S E SILVA;DEPTO.POL.P/O SETOR TERCIARIO;A.TEC-I;ASSESSOR III AD-3; ESTATUTARIO;16875,12;;16875,12;4721,30;12153,82;
MARIA AUXILIADORA GOMES BEZERRA;DEPARTAMENTO DE PLANEJAMENTO;TNS-I;; ESTATUTARIO;5090,28;;5090,28;815,50;4274,78;
MARIA CAMILA FOWLER BARROS;DEPTO.POL.IND.E COMERCIAIS;A.TEC-I;; ESTATUTARIO;18424,06;;18424,06;5468,65;12955,41;
MARIA CELESTE DA COSTA FREITAS;DEPARTAMENTO DE PLANEJAMENTO;TNS-I;; ESTATUTARIO;5172,30;;5172,30;795,45;4376,85;
MARIA CRISTINA LABORDA H SANTANA;DEPTO.POL.IND.E COMERCIAIS;A.TEC-I;; ESTATUTARIO;13151,23;;13151,23;3726,53;9424,70;
MARIA DAS GRACAS BRANDAO DOS REIS;DEPARTAMENTO DE PLANEJAMENTO;PROFESSOR - SMI-11-165;GERENTE AD-2; ESTATUTARIO;4000,00;;4000,00;221,21;3778,79;
MARIA DAS GRACAS COSTA BRINGEL;DEPTO.POL.IND.E COMERCIAIS;TECNICO DE INCENTIVO 1A.CL.-T.INC-I;; ESTATUTARIO;16531,68;;16531,68;4847,76;11683,92;
MARIA DO PERPETUO SOCORRO R MACIEL;DEPARTAMENTO DE PLANEJAMENTO;TNS-II;TECNICO 3ª CLASSE; ESTATUTARIO;4974,06;;4974,06;731,10;4242,96;
MARIA DO ROSARIO ALENCAR DE SOUZA;DEPTO.POL.IND.E COMERCIAIS;A.TEC-I;GERENTE AD -2; ESTATUTARIO;4895,97;;4895,97;599,46;4296,51;
MARIA DO ROSARIO SA DE OLIVEIRA;DEPTO.POL.IND.E COMERCIAIS;TECNICO DE INCENTIVO 2A.CL-T.INC-II;; ESTATUTARIO;37742,38;3919,45;33822,93;10809,88;23013,05;
MARIA GORETTE SEFFAIR RAMOS AVELINO;DEPTO.POL.IND.E COMERCIAIS;TECNICO DE INCENTIVO 1A.CL.-T.INC-I;; ESTATUTARIO;39311,86;8840,75;30471,11;9709,36;20761,75;
MARIA IVANI DE CASTRO RODRIGUES;COM.POL.FIN.INV.ESTRATEGICOS;ASSESSOR I AD-1;; CARGO COMISSION.S/VINCULO;5229,77;;5229,77;986,40;4243,37;
MARIA LUANA ARAUJO VINHOTE;GABINETE DO SECRETARIO;ASSISTENTE TECNICO PNM.ANM-III;ASSESSOR III AD-3; ESTATUTARIO;4137,58;;4137,58;391,80;3745,78;
MARIA SUELY CARNEIRO;DEPTO.POL.IND.E COMERCIAIS;A.TEC-I;; ESTATUTARIO;20494,75;;20494,75;6094,40;14400,35;
MARIETE DO CARMO MAIA;DEPTO.DE ADMINIST.E FINANCAS;ASSESSOR I AD-1;ASSESSOR I AD1; CARGO COMISSION.S/VINCULO;5229,77;;5229,77;943,74;4286,03;
MARY ANNE GAMA PARENTE;GABINETE DO SECRETARIO;TEC. DE NIVEL SUPERIOR 1A CLASSE;CHEFE DE GABINETE; ESTATUTARIO;6752,62;;6752,62;1156,38;5596,24;
MAURICIO BRILHANTE DE MENDONCA;SEC.EXEC.ADJ.DE PLANEJAMENTO;SECRETARIO EXECUTIVO ADJUNTO;; CARGO COMISSION.S/VINCULO;8100,00;;8100,00;1358,14;6741,86;
MILENA ARYCE MENTA;GABINETE DO SECRETARIO;GERENTE AD-2;GERENTE AD2; CARGO COMISSION.S/VINCULO;4209,79;;4209,79;670,28;3539,51;
NADJA SIMOES BARBOSA BRITO;GABINETE DO SECRETARIO;A.TEC-I;; ESTATUTARIO;15253,19;;15253,19;4340,91;10912,28;
NAIR CAVALCANTE ESTEVES;GABINETE DO SECRETARIO;TNS-I;; ESTATUTARIO;5371,99;;5371,99;814,88;4557,11;
NILSON SILVA DA CUNHA;GABINETE DO SECRETARIO;SECRETARIO DO COMITE AD-1;; CARGO COMISSION.S/VINCULO;5229,77;;5229,77;986,40;4243,37;
NILSON TAVARES PIMENTEL;DEPTO.POL.P/O SETOR TERCIARIO;TECNICO DE INCENTIVO 1A.CL.-T.INC-I;; ESTATUTARIO;39804,42;9333,31;30471,11;9709,11;20762,00;
OLDOVANI RODRIGUES BARROSO;DEPTO.DE ADMINIST.E FINANCAS;A.TEC-I;; ESTATUTARIO;13189,04;;13189,04;3576,53;9612,51;
OLGA SANTANA DE FREITAS;SECRETARIA EXEC.ADJ.REL.INTER.;A.TEC-I;ASSI.TEC.NI/REFIII; ESTATUTARIO;4252,04;;4252,04;431,86;3820,18;
OTAVIANO ANTONIO CAVALCANTI K SILVA;DEPTO.POL.IND.E COMERCIAIS;TECNICO DE INCENTIVO 1A.CL.-T.INC-I;; ESTATUTARIO;28352,97;;28352,97;8937,26;19415,71;
PAULA FRANCINETTE DE LIMA MONARI;DEPTO.DE DESENV.REGIONAL;A.TEC-I;; ESTATUTARIO;3701,57;;3701,57;288,87;3412,70;
PAULO RICARDO RODRIGUES DE SOUZA;GERENCIA DE PLAN.ORC.E GESTAO;GERENTE AD-2;GERENTE AD-2; CARGO COMISSION.S/VINCULO;4209,79;;4209,79;670,28;3539,51;
PAULO ROBERTO PEREIRA DA SILVA;GABINETE DO SECRETARIO;ASSESSOR I AD-1;; CARGO COMISSION.S/VINCULO;5229,77;;5229,77;986,40;4243,37;
PLINIO CESAR ALBUQUERQUE COELHO;GABINETE DO SECRETARIO;TECNICO DE INCENTIVO 2A.CL-T.INC-II;; ESTATUTARIO;35114,60;4643,49;30471,11;9761,88;20709,23;
POJUCAN JOSE BACELLAR DE SOUZA;ASSESSORIA DE COM.SOCIAL;TNS-I;; ESTATUTARIO;10885,15;;10885,15;2650,74;8234,41;
PRISCILA DEANE ALVES DE SOUZA;GABINETE DO SECRETARIO;ASSESSOR III AD-3;; CARGO COMISSION.S/VINCULO;3191,80;;3191,80;407,12;2784,68;
PRISCYLLA DE PAULA DANTAS TOMAZ;GERENCIA DE GESTAO DE PESSOAL;ASSESSOR III AD-3;ASSESSOR III AD3; CARGO COMISSION.S/VINCULO;4255,73;;4255,73;684,21;3571,52;
RAIMUNDO GILMAR VASCONCELOS BELEM;DEPTO.POL.IND.E COMERCIAIS;A.TEC-I;; ESTATUTARIO;15142,49;;15142,49;4229,92;10912,57;
RAIMUNDO NONATO SILVA DE OLIVEIRA;GERENCIA DE APOIO LOGISTICO;AUX.O-I;; ESTATUTARIO;1888,98;;1888,98;150,18;1738,80;
REGINA LUCIA VIEIRA MARQUES;GERENCIA DE PLAN.ORC.E GESTAO;A.TEC-I;; ESTATUTARIO;9979,09;;9979,09;2517,78;7461,31;
RICARDO GONCALVES FERNANDES;GERENCIA DE APOIO LOGISTICO;ASSESSOR III AD-3;ASSESSOR III AD-3; CARGO COMISSION.S/VINCULO;2591,80;;2591,80;267,35;2324,45;
RITA DE CASSIA ALMEIDA LIMA;DEPTO.DE DESENV.REGIONAL;TNS-I;; ESTATUTARIO;4654,39;;4654,39;682,33;3972,06;
ROMEU NOGUEIRA CAMPOS JUNIOR;GABINETE DO SECRETARIO;CHEFE DE DEPARTAMENTO AD-1;; CARGO COMISSION.S/VINCULO;5229,77;;5229,77;986,40;4243,37;
ROMULO AUGUSTO RODRIGUES GUSMAO;DEPTO.POL.IND.E COMERCIAIS;CHEFE DE DEPARTAMENTO AD-1;; CARGO COMISSION.S/VINCULO;5229,77;;5229,77;986,40;4243,37;
ROOSEVELT ARAUJO FERREIRA;GERENCIA DE APOIO LOGISTICO;FISCAL RODOVIARIO;; ESTATUTARIO;2279,54;;2279,54;148,52;2131,02;
ROSEANA PEREIRA DA SILVA;GABINETE DO SECRETARIO;GERENTE AD-2;GERENTE AD-2; CARGO COMISSION.S/VINCULO;4209,79;;4209,79;670,28;3539,51;
RUI MOURA BANANEIRA;GABINETE DO SECRETARIO;A.AMB-I;ASSESSOR I AD-1; ESTATUTARIO;13321,46;;13321,46;3715,98;9605,48;
SABRINA SENA DA FONSECA;DEPTO.DE ADM.E FINANCAS;ASSESSOR IV AD-4;ASSESSOR IV AD-4; CARGO COMISSION.S/VINCULO;3175,61;;3175,61;418,48;2757,13;
SALOMAO YURI OLIVEIRA R COSTA;SEC.GER.CONS.DESEN.DO AM-CODAM;SECRETARIO DO CODAM AD-1;SEC DO CODAM; CARGO COMISSION.S/VINCULO;6973,03;;6973,03;1489,34;5483,69;
SAMUEL ARTUR MAIA MENDES;DEPARTAMENTO DE PLANEJAMENTO;ASSESSOR IV AD-4;ASSESSOR IV AD4; CARGO COMISSION.S/VINCULO;2575,61;;2575,61;264,79;2310,82;
SERGIO GAIA VIANA;GERENCIA DE APOIO LOGISTICO;ASSESSOR III AD-3;ASSESSOR III AD3; CARGO COMISSION.S/VINCULO;3191,80;;3191,80;388,32;2803,48;
SIGRID DA SILVA ABINADER;DEPTO.POL.IND.E COMERCIAIS;A.TEC-I;; ESTATUTARIO;18185,17;;18185,17;5433,81;12751,36;
SILENE RODRIGUES DE ALMEIDA;SEC.GER.CONS.DESEN.DO AM-CODAM;A.TEC-I;; ESTATUTARIO;10080,41;;10080,41;2593,45;7486,96;
SILVIA MARIA NASCIMENTO BRAGA;DEPTO.DE MICRO E PEQ.EMPRESA;A.TEC-I;; ESTATUTARIO;3110,34;;3110,34;221,73;2888,61;
SILVIA RODRIGUES DE MENEZES;CAMARAS IND.AG.C.S.T.B.M.P.EMP;A.TEC-II;; ESTATUTARIO;3676,05;;3676,05;337,13;3338,92;
SOCORRO DE NAZARE SILVA FREITAS;DEPTO.DE ADMINIST.E FINANCAS;A.TEC-I;; ESTATUTARIO;3295,74;;3295,74;253,85;3041,89;
SONIA JANETE GUERRA DOS S GOMES;DEPARTAMENTO DE PLANEJAMENTO;ENGENHEIRO DE PESCA;CHEFE DE DEPARTAMENT; ESTATUTARIO;7513,24;;7513,24;1522,45;5990,79;
TAMARA JESSICA NEVES FERREIRA;DEPARTAMENTO DE PLANEJAMENTO;ASSESSOR III AD-3;ASSESSORA III AD3; CARGO COMISSION.S/VINCULO;3191,80;;3191,80;422,40;2769,40;
TELMA LUCIA NATIVIDADE ARAUJO;GERENCIA DE GESTAO DE PESSOAL;AGENTE ADMINISTRATIVO 3A CLASSE;GERENTE AD-2-; ESTATUTARIO;4780,28;;4780,28;469,96;4310,32;
THAIS LUZIA SOUZA DE OLIVEIRA;GABINETE DO SECRETARIO;ASSESSOR III AD-3;ASSESSORA III AD3; CARGO COMISSION.S/VINCULO;3191,80;;3191,80;422,40;2769,40;
THEOMARIO DUTRA DA SILVA;GERENCIA DE GESTAO DE PESSOAL;A.TEC-I;; ESTATUTARIO;18543,55;;18543,55;5404,85;13138,70;
VANIA RITA MARTINS DAS NEVES;GERENCIA DE GESTAO DE PESSOAL;A.TEC-I;; ESTATUTARIO;4029,92;;4029,92;415,68;3614,24;
VERA RUTH CONDURU CORREA;GERENCIA DE GESTAO DE PESSOAL;TNS-I;; ESTATUTARIO;4616,78;;4616,78;655,01;3961,77;
WALDIMAR PEDROSA DE SOUZA;DEPTO.DE ADMINIST.E FINANCAS;AUX.S.G-I;; ESTATUTARIO;9773,91;;9773,91;2442,35;7331,56;
YETH DOMINGUES DE ABREU;GABINETE DO SECRETARIO;A.TEC-I;; ESTATUTARIO;14302,30;;14302,30;4249,23;10053,07;
ZACARIAS OLIVEIRA DA SILVA;GERENCIA DE APOIO LOGISTICO;MOT-II;; ESTATUTARIO;3152,91;;3152,91;198,86;2954,05;
