NOME;LOTACAO;CARGO;FUNCAO;VINCULO;REMUNERACAO LEGAL TOTAL(R$);DESC.TETO(R$); REMUNERACAO LEGAL DEVIDA(R$);DESCONTOS LEGAIS(R$);LIQUIDO DISPONIVEL(R$);
ACRISIO DE ALENCAR E SILVA JUNIOR;DEPARTAMENTO DE ADMINISTRACAO;ASSESSOR IV AD-4;ASSESSOR IV AD 1; CARGO COMISSION.S/VINCULO;2179,61;;2179,61;196,16;1983,45;
ADRIANA GABRIELLE A RAMPIN;SUBCOMISSAO DE LICT.OBRAS.SERV;MEMBRO;; CONSELHO;7000,00;;7000,00;1055,64;5944,36;
AGENOR DA COSTA BRAGA;GABINETE DO PRESIDENTE;ASSESSOR I AD-1;ASSESSOR I AD 1; CARGO COMISSION.S/VINCULO;5229,77;;5229,77;986,40;4243,37;
AGEU SA MONTEIRO;DEPARTAMENTO DE ADMINISTRACAO;ASSESSOR III AD-3;; CARGO COMISSION.S/VINCULO;2195,80;;2195,80;197,62;1998,18;
ALAN CLAUDIO MENEZES DA COSTA;SUBCOMISSAO DE LICT.OBRAS.SERV;MEMBRO;MEMBRO SUBCOMISSAO; CONSELHO;7000,00;;7000,00;951,37;6048,63;
ALBERTO LUCIO DE SOUZA SIMONETTI;SUBCOMISSAO DE LICT.OBRAS.SERV;MEMBRO;; CONSELHO;12833,33;;12833,33;2607,67;10225,66;
ALICHELLY CARINA MACEDO VENTURA;DEPARTAMENTO DE ADMINISTRACAO;ASSESSOR I AD-1;; CARGO COMISSION.S/VINCULO;5005,23;;5005,23;835,57;4169,66;
ALOYSIO NOBRE DE FREITAS FILHO;SUBCOMISSAO DE LICT.OBRAS.SERV;MEMBRO;; CONSELHO;7000,00;;7000,00;1003,50;5996,50;
ANA CAROLINA YAMANE SANTOS;DEPARTAMENTO DE ADMINISTRACAO;ASSESSOR III AD-3;ASSESSOR III AD-3; CARGO COMISSION.S/VINCULO;2591,80;;2591,80;253,69;2338,11;
ANDERSON CAMPOS LINDOSO;DEPARTAMENTO DE ADMINISTRACAO;ASSESSOR III AD-3;; CARGO COMISSION.S/VINCULO;1893,80;;1893,80;170,44;1723,36;
ANDRE AFONSO DOS SANTOS LOUREIRO;DEPARTAMENTO DE ADMINISTRACAO;ASSESSOR III AD-3;ASSESSOR III AD-3; CARGO COMISSION.S/VINCULO;2591,80;;2591,80;267,35;2324,45;
ANDREA LASMAR DE MENDONCA RAMOS;DEPARTAMENTO DE ADMINISTRACAO;CHEFE DE DEPARTAMENTO AD-1;; CARGO COMISSION.S/VINCULO;5229,77;;5229,77;901,09;4328,68;
ANDREYA FABIANA R CAVALCANTE;SUBCOMISSAO DE LICT.OBRAS.SERV;MEMBRO;MEMBRO SUBCOMISSAO; CONSELHO;7000,00;;7000,00;899,23;6100,77;
ANTONIA NONATA DA SILVA GOMES;DEPARTAMENTO DE ADMINISTRACAO;ASSESSOR IV AD-4;ASSESSOR IV AD-4; CARGO COMISSION.S/VINCULO;1514,61;;1514,61;121,16;1393,45;
ANTONINA MARIA DE SOUSA PONTE;SUBCOMISSAO DE LICT.OBRAS.SERV;MEMBRO;; CONSELHO;7000,00;;7000,00;1055,64;5944,36;
ANWAR ASSI;DEPARTAMENTO DE ADMINISTRACAO;ASSESSOR I AD-1;; CARGO COMISSION.S/VINCULO;5229,77;;5229,77;986,40;4243,37;
ARTUR CESAR NOGUEIRA PERDIGAO;DEPARTAMENTO DE ADMINISTRACAO;ASSESSOR III AD-3;ASSESSOR III AD-3; CARGO COMISSION.S/VINCULO;3298,19;;3298,19;425,94;2872,25;
AUGUSTO AZARIO SALVADOR;GABINETE DO PRESIDENTE;CHEFE DE DEPARTAMENTO AD-1;; CARGO COMISSION.S/VINCULO;5229,77;;5229,77;943,74;4286,03;
CAIO QUEIROZ MOTA;DEPARTAMENTO DE ADMINISTRACAO;ASSESSOR III AD-3;; CARGO COMISSION.S/VINCULO;2591,80;;2591,80;267,35;2324,45;
CAMILA ANDREYA PESSOA RODRIGUES;DEPARTAMENTO DE ADMINISTRACAO;ASSESSOR III AD-3;; CARGO COMISSION.S/VINCULO;2591,80;;2591,80;267,35;2324,45;
CARLOS AUGUSTO LAURIA NORONHA;SUBCOMISSAO DE LICT.OBRAS.SERV;MEMBRO;MEMBRO SUBCOMISSAO; CONSELHO;7000,00;;7000,00;951,37;6048,63;
CARLOS KLINGER DE PAULA SEGUNDO;SUBCOMISSAO DE LICT.OBRAS.SERV;ASSESSOR IV AD-4;ASSESSOR IV AD 4; CARGO COMISSION.S/VINCULO;2252,26;;2252,26;213,62;2038,64;
CHALLA DE MEDEIROS SILVA;DEPARTAMENTO DE ADMINISTRACAO;ASSESSOR I AD-1;; CARGO COMISSION.S/VINCULO;10459,54;;10459,54;2448,13;8011,41;
CHALLA DE MEDEIROS SILVA;DEPARTAMENTO DE ADMINISTRACAO;GERENTE AD-2;GERENTE AD-2; CARGO COMISSION.S/VINCULO;8653,44;;8653,44;499,43;8154,01;
CLAUDIA SILVA THOMAZ DE LIMA;SUBCOMISSAO DE LICT.OBRAS.SERV;MEMBRO;; CONSELHO;7000,00;;7000,00;1055,64;5944,36;
CLEYSON COSTA DOS SANTOS;DEPARTAMENTO DE ADMINISTRACAO;ASSESSOR III AD-3;ASSESSOR III AD-3; CARGO COMISSION.S/VINCULO;2195,80;;2195,80;197,62;1998,18;
DACTIVO XAVIER DE FRANCA FILHO;DEPARTAMENTO DE ADMINISTRACAO;CHEFE DE DEPARTAMENTO AD-1;; CARGO COMISSION.S/VINCULO;5229,77;;5229,77;858,43;4371,34;
DAIANA DA SILVA MARTINS;DEPARTAMENTO DE ADMINISTRACAO;ASSESSOR III AD-3;; CARGO COMISSION.S/VINCULO;2195,80;;2195,80;197,62;1998,18;
DANIEL MAIA TEIXEIRA;DEPARTAMENTO DE ADMINISTRACAO;ASSESSOR III AD-3;; CARGO COMISSION.S/VINCULO;3191,80;;3191,80;422,40;2769,40;
DAVISON RODRIGUES BATISTA;DEPARTAMENTO DE ADMINISTRACAO;ASSESSOR III AD-3;; CARGO COMISSION.S/VINCULO;2591,80;;2591,80;233,26;2358,54;
DJALMA ALBERTO DE SOUZA OLIVEIRA;SUBCOMISSAO DE LICT.OBRAS.SERV;MEMBRO;; CONSELHO;15400,00;;15400,00;3313,50;12086,50;
EDIVANIA RODRIGUES DA SILVA;DEPARTAMENTO DE ADMINISTRACAO;ASSESSOR IV AD-4;ASSESSOR IV AD-4; CARGO COMISSION.S/VINCULO;2179,61;;2179,61;196,16;1983,45;
EDSANDRA MAGALHAES FERREIRA;SUBCOMISSAO DE LICT.OBRAS.SERV;MEMBRO;MEMBRO; CONSELHO;14000,00;;14000,00;2876,37;11123,63;
ERE BIANCA PARENTE DE ASSIS;GABINETE DO PRESIDENTE;ASSESSOR I AD-1;ASSESSOR I AD-1; CARGO COMISSION.S/VINCULO;4229,77;;4229,77;640,83;3588,94;
ERICA DOS SANTOS VIEIRA;SUBCOMISSAO DE LICT.OBRAS.SERV;MEMBRO;; CONSELHO;7000,00;;7000,00;1055,64;5944,36;
ERICA POMAR TAVARES;DEPARTAMENTO DE ADMINISTRACAO;ASSESSOR III AD-3;; CARGO COMISSION.S/VINCULO;2195,80;;2195,80;197,62;1998,18;
ERNALDO COSTA DA SILVA;DEPARTAMENTO DE ADMINISTRACAO;ASSESSOR III AD-3;; CARGO COMISSION.S/VINCULO;4391,60;;4391,60;686,11;3705,49;
EUCLIDES RODRIGUES MELO;DEPARTAMENTO DE ADMINISTRACAO;ASSESSOR IV AD-4;; CARGO COMISSION.S/VINCULO;5158,41;;5158,41;793,63;4364,78;
EUNELILSON AFFONSO HOLANDA;SUBCOMISSAO DE LICT.OBRAS.SERV;MEMBRO;MEMBRO; CONSELHO;7000,00;;7000,00;951,37;6048,63;
EURIANE DA COSTA PEREIRA;DEPARTAMENTO DE ADMINISTRACAO;ASSESSOR III AD-3;; CARGO COMISSION.S/VINCULO;2591,80;;2591,80;252,35;2339,45;
EZEQUIEL MARQUES ARAUJO LIMA;DEPARTAMENTO DE ADMINISTRACAO;ASSESSOR III AD-3;; CARGO COMISSION.S/VINCULO;4025,63;;4025,63;596,99;3428,64;
FABIO BARROS TEIXEIRA;DEPARTAMENTO DE ADMINISTRACAO;ASSESSOR III AD-3;ASSESSOR III AD-3; CARGO COMISSION.S/VINCULO;2591,80;;2591,80;233,26;2358,54;
FABIOLA DE SOUZA COSTA;SUBCOMISSAO DE LICT.OBRAS.SERV;MEMBRO;MEMBRO SUBCOMISSAO; CONSELHO;7000,00;;7000,00;951,37;6048,63;
FELIPE DIEGO DE SOUZA ARRUDA;DEPARTAMENTO DE ADMINISTRACAO;GERENTE AD-2;; CARGO COMISSION.S/VINCULO;4209,79;;4209,79;670,28;3539,51;
FELISMINO FRANCISCO SOARES NETO;SUBCOMISSAO DE LICT.OBRAS.SERV;MEMBRO;; CONSELHO;15400,00;;15400,00;3365,64;12034,36;
FERNANDA MENDES MOURA;DEPARTAMENTO DE ADMINISTRACAO;ASSESSOR III AD-3;; CARGO COMISSION.S/VINCULO;3787,60;;3787,60;567,48;3220,12;
GISELLA ANDRADE FERREIRA DOS SANTOS;DEPARTAMENTO DE ADMINISTRACAO;ASSESSOR II AD-2;ASSESSOR II AD-2; CARGO COMISSION.S/VINCULO;7250,18;;7250,18;499,43;6750,75;
GISELLA ANDRADE FERREIRA DOS SANTOS;DEPARTAMENTO DE ADMINISTRACAO;ASSESSOR III AD-3;; CARGO COMISSION.S/VINCULO;4391,60;;4391,60;726,36;3665,24;
GREICIANE FERREIRA BRASIL;DEPARTAMENTO DE ADMINISTRACAO;ASSESSOR III AD-3;ASSESSOR III AD-3; CARGO COMISSION.S/VINCULO;1530,80;;1530,80;122,46;1408,34;
GYESE KANAWATI LASMAR BRAGA;SUBCOMISSAO DE LICT.OBRAS.SERV;MEMBRO;MEMBRO; CONSELHO;7000,00;;7000,00;951,37;6048,63;
HEDLEN MARIA BARROSO GUEDES;GABINETE DO PRESIDENTE;ASSESSOR I AD-1;ASSESSOR I AD-1; CARGO COMISSION.S/VINCULO;4229,77;;4229,77;676,15;3553,62;
HELIO LOBO REGO NETO;GABINETE DO PRESIDENTE;ASSESSOR I AD-1;; CARGO COMISSION.S/VINCULO;8474,53;;8474,53;481,73;7992,80;
HELIO LOBO REGO NETO;DEPARTAMENTO DE ADMINISTRACAO;ASSESSOR III AD-3;; CARGO COMISSION.S/VINCULO;4830,76;;4830,76;862,61;3968,15;
HERCULES VIANA CORREA;DEPARTAMENTO DE ADMINISTRACAO;ASSESSOR III AD-3;; CARGO COMISSION.S/VINCULO;2482,51;;2482,51;85,11;2397,40;
IRINEU DOS SANTOS MARTINS;DEPARTAMENTO DE ADMINISTRACAO;ASSESSOR III AD-3;; CARGO COMISSION.S/VINCULO;2591,80;;2591,80;233,26;2358,54;
ISABEL MARIA DE ARAUJO BRITO;DEPARTAMENTO DE ADMINISTRACAO;ASSESSOR IV AD-4;ASSESSOR IV AD-4; CARGO COMISSION.S/VINCULO;1514,61;;1514,61;121,16;1393,45;
IVALDETE RODRIGUES DE SOUZA;DEPARTAMENTO DE ADMINISTRACAO;ASSESSOR III AD-3;; CARGO COMISSION.S/VINCULO;1472,95;;1472,95;50,50;1422,45;
JACKELINE DE SOUZA MAXIMO;DEPARTAMENTO DE ADMINISTRACAO;ASSESSOR III AD-3;ASSESSOR III AD-3; CARGO COMISSION.S/VINCULO;3903,63;;3903,63;117,10;3786,53;
JANAINA BRANDAO DE CARVALHO;DEPARTAMENTO DE ADMINISTRACAO;ASSESSOR III AD-3;ASSESSOR III AD-3; CARGO COMISSION.S/VINCULO;2591,80;;2591,80;253,13;2338,67;
JANAINA LANGE SIQUEIRA;SUBCOMISSAO DE LICT.OBRAS.SERV;MEMBRO;MEMBRO SUBCOMISSAO; CONSELHO;7000,00;;7000,00;1003,50;5996,50;
JANDERSON DA ROCHA CORREIA;DEPARTAMENTO DE ADMINISTRACAO;GERENTE AD-2;; CARGO COMISSION.S/VINCULO;7390,50;;7390,50;505,16;6885,34;
JAQUELINE CRUZ ALVES;DEPARTAMENTO DE ADMINISTRACAO;PROFESSOR PF20.LPL-IV;GERENTE AD-2; ESTATUTARIO;4634,75;;4634,75;546,05;4088,70;
JESSICA BRENDA VINENTE NASCIMENTO;DEPARTAMENTO DE ADMINISTRACAO;ASSESSOR III AD-3;; CARGO COMISSION.S/VINCULO;3366,74;;3366,74;170,44;3196,30;
JOAO CARLOS BEZERRA DE A JUNIOR;SUBCOMISSAO DE LICT.OBRAS.SERV;MEMBRO;MEMBRO; CONSELHO;7000,00;;7000,00;1003,50;5996,50;
JOSE DO ROSARIO DOS SANTOS DRUMOND;DEPARTAMENTO DE ADMINISTRACAO;ASSESSOR III AD-3;; CARGO COMISSION.S/VINCULO;4391,60;;4391,60;726,36;3665,24;
JOSE FABIANO AFFONSO SOBRINHO;DEPARTAMENTO DE ADMINISTRACAO;ASSESSOR I AD-1;; CARGO COMISSION.S/VINCULO;5229,77;;5229,77;986,40;4243,37;
JULIANA MONTEIRO M R RODRIGUES;SUBCOMISSAO DE LICT.OBRAS.SERV;MEMBRO;MEMBRO; CONSELHO;7000,00;;7000,00;1055,64;5944,36;
KELEM RODRIGUES DE MELO PONTES;DEPARTAMENTO DE ADMINISTRACAO;ASSESSOR III AD-3;; CARGO COMISSION.S/VINCULO;5415,26;;5415,26;1001,29;4413,97;
KESIA PONCIANO BALBY;DEPARTAMENTO DE ADMINISTRACAO;GERENTE AD-2;; CARGO COMISSION.S/VINCULO;6312,59;;6312,59;1203,39;5109,20;
KLEYTON COSTA DE LIMA;DEPARTAMENTO DE ADMINISTRACAO;ASSESSOR III AD-3;; CARGO COMISSION.S/VINCULO;5196,03;;5196,03;891,83;4304,20;
LARISSA DAVILA PORTUGAL;DEPARTAMENTO DE ADMINISTRACAO;ASSESSOR III AD-3;ASSESSOR III AD3; CARGO COMISSION.S/VINCULO;2591,80;;2591,80;253,13;2338,67;
LARYSSA SOUZA RAMOS;DEPARTAMENTO DE ADMINISTRACAO;ASSESSOR IV AD-4;ASSESSOR IV AD 4; CARGO COMISSION.S/VINCULO;3269,41;;3269,41;163,47;3105,94;
LAYS SALES MONTEIRO;DEPARTAMENTO DE ADMINISTRACAO;ASSESSOR III AD-3;; CARGO COMISSION.S/VINCULO;2591,80;;2591,80;267,35;2324,45;
LEANDRO DA SILVA AGUIAR;SUBCOMISSAO DE LICT.OBRAS.SERV;MEMBRO;MEMBROSUBCOMISSAO; CONSELHO;7000,00;;7000,00;1055,64;5944,36;
LEILA DE QUEIROZ PONTES;SUBCOMISSAO DE LICT.OBRAS.SERV;MEMBRO;MEMBRO; CONSELHO;8633,33;;8633,33;1504,81;7128,52;
LUANE PAULA MARIA VENZO;DEPARTAMENTO DE ADMINISTRACAO;ASSESSOR III AD-3;ASSESSOR III AD 3; CARGO COMISSION.S/VINCULO;4269,60;;4269,60;164,68;4104,92;
LUCIA DE FATIMA DOS SANTOS CARDOSO;GABINETE DO PRESIDENTE;ASSESSOR I AD-1;; CARGO COMISSION.S/VINCULO;5520,31;;5520,31;715,98;4804,33;
LUCIA DE FATIMA DOS SANTOS CARDOSO;DEPARTAMENTO DE ADMINISTRACAO;ASSESSOR II AD-2;; CARGO COMISSION.S/VINCULO;8419,58;;8419,58;1887,14;6532,44;
MANOEL DA SILVA MASCARENHAS;SUBCOMISSAO DE LICT.OBRAS.SERV;MEMBRO;; CONSELHO;7000,00;;7000,00;951,37;6048,63;
MARCELO MARCUS NOGUEIRA MARTINS;DEPARTAMENTO DE ADMINISTRACAO;ASSESSOR I AD-1;; CARGO COMISSION.S/VINCULO;4229,77;;4229,77;676,15;3553,62;
MARCIA CRISTINA N MAGALHAES;SUBCOMISSAO DE LICT.OBRAS.SERV;MEMBRO;; CONSELHO;4900,00;;4900,00;478,14;4421,86;
MARCO AURELIO RIBEIRO ESTEVES;DEPARTAMENTO DE ADMINISTRACAO;ASSESSOR III AD-3;; CARGO COMISSION.S/VINCULO;3191,80;;3191,80;422,40;2769,40;
MARIA HOZANIRA MACHADO DE S GALVAO;SUBCOMISSAO DE LICT.OBRAS.SERV;MEMBRO;MEMBRO SUBCOMISSAO; CONSELHO;7000,00;;7000,00;1003,50;5996,50;
MARIA INES SANTIAGO CAVALEIRO MELO;DEPARTAMENTO DE ADMINISTRACAO;ASSESSOR I AD-1;; CARGO COMISSION.S/VINCULO;4229,77;;4229,77;676,15;3553,62;
MELYNDA MARIA VIEIRALVES BECKER;DEPARTAMENTO DE ADMINISTRACAO;ASSESSOR I AD-1;; CARGO COMISSION.S/VINCULO;4229,77;;4229,77;676,15;3553,62;
MONYK DE OLIVEIRA MALVEIRA;DEPARTAMENTO DE ADMINISTRACAO;ASSESSOR III AD-3;; CARGO COMISSION.S/VINCULO;2683,75;;2683,75;197,62;2486,13;
NATASHA MELO DE MENDONCA;DEPARTAMENTO DE ADMINISTRACAO;ASSESSOR III AD-3;ASSESSOR III AD-3; CARGO COMISSION.S/VINCULO;2591,80;;2591,80;267,35;2324,45;
ORNIVAL DE OLIVEIRA ALBUQUERQUE;DEPARTAMENTO DE ADMINISTRACAO;ASSESSOR III AD-3;ASSESSOR III AD-3; CARGO COMISSION.S/VINCULO;2591,80;;2591,80;233,26;2358,54;
PRISCIANY COSTA DE FREITAS;DEPARTAMENTO DE ADMINISTRACAO;ASSESSOR I AD-1;; CARGO COMISSION.S/VINCULO;4229,77;;4229,77;676,15;3553,62;
RAFAEL BASTOS ARAUJO;GABINETE DO PRESIDENTE;CHEFE DE GABINETE AD-1;; CARGO COMISSION.S/VINCULO;10459,54;;10459,54;2448,13;8011,41;
RAIMUNDO COSTA DA SILVA;DEPARTAMENTO DE ADMINISTRACAO;ASSESSOR I AD-1;; CARGO COMISSION.S/VINCULO;4934,72;;4934,72;451,76;4482,96;
RAIMUNDO COSTA DA SILVA;DEPARTAMENTO DE ADMINISTRACAO;GERENTE AD-2;; CARGO COMISSION.S/VINCULO;8419,58;;8419,58;1887,14;6532,44;
RAISSA LOPES ELIAS;DEPARTAMENTO DE ADMINISTRACAO;ASSESSOR I AD-1;; CARGO COMISSION.S/VINCULO;8459,54;;8459,54;1898,13;6561,41;
RAPHAELA RAQUEL DOS SANTOS PIMENTA;DEPARTAMENTO DE ADMINISTRACAO;ASSESSOR III AD-3;; CARGO COMISSION.S/VINCULO;2195,80;;2195,80;197,62;1998,18;
RAQUEL DE LIMA RODRIGUES;SUBCOMISSAO DE LICT.OBRAS.SERV;MEMBRO;MEMBRO SUBCOMISSAO; CONSELHO;7000,00;;7000,00;1003,50;5996,50;
RAQUEL DE OLIVEIRA GONCALVES;DEPARTAMENTO DE ADMINISTRACAO;ASSESSOR III AD-3;; CARGO COMISSION.S/VINCULO;2195,80;;2195,80;197,62;1998,18;
REANNE DE LIMA PAULINO;DEPARTAMENTO DE ADMINISTRACAO;ASSESSOR II AD-2;; CARGO COMISSION.S/VINCULO;4537,21;;4537,21;279,12;4258,09;
RISIA CRISTINA CHAVES S CAVALCANTE;DEPARTAMENTO DE ADMINISTRACAO;GERENTE AD-2;GERENTE AD-2; CARGO COMISSION.S/VINCULO;4209,79;;4209,79;670,28;3539,51;
RISONEIDE FERREIRA CLARINDO;DEPARTAMENTO DE ADMINISTRACAO;ASSESSOR III AD-3;ASSESSOR III AD-3; CARGO COMISSION.S/VINCULO;2195,80;;2195,80;197,62;1998,18;
RODRIGO LIRA TAUMATURGO;DEPARTAMENTO DE ADMINISTRACAO;GERENTE AD-2;; CARGO COMISSION.S/VINCULO;8559,91;;8559,91;1873,60;6686,31;
RODRIGO NELSON AMARAL OLIVEIRA;DEPARTAMENTO DE ADMINISTRACAO;ASSESSOR III AD-3;ASSESSOR III AD-3; CARGO COMISSION.S/VINCULO;2195,80;;2195,80;197,62;1998,18;
ROSANY SIMOES CHAVES;DEPARTAMENTO DE ADMINISTRACAO;ASSESSOR I AD-1;; CARGO COMISSION.S/VINCULO;8459,54;;8459,54;1898,13;6561,41;
ROZANA DE ALMEIDA FARIAS;DEPARTAMENTO DE ADMINISTRACAO;ASSESSOR II AD-2;; CARGO COMISSION.S/VINCULO;3209,79;;3209,79;396,09;2813,70;
ROZANGELA LIMA DE SALES;DEPARTAMENTO DE ADMINISTRACAO;ASSESSOR II AD-2;; CARGO COMISSION.S/VINCULO;3209,79;;3209,79;426,78;2783,01;
RUI JORGE PIEDADE DE LIMA;DEPARTAMENTO DE ADMINISTRACAO;ASSESSOR III AD-3;; CARGO COMISSION.S/VINCULO;2195,80;;2195,80;197,62;1998,18;
RUTH MARA FREITAS DA SILVA;DEPARTAMENTO DE ADMINISTRACAO;ASSESSOR III AD-3;ASSESSOR III/AD-3; CARGO COMISSION.S/VINCULO;2591,80;;2591,80;267,35;2324,45;
SANNY SAHDO CETRARO;SUBCOMISSAO DE LICT.OBRAS.SERV;MEMBRO;MEMBRO; CONSELHO;7000,00;;7000,00;951,37;6048,63;
SHEILA REGINA MODESTO NORONHA;DEPARTAMENTO DE ADMINISTRACAO;ASSESSOR II AD-2;; CARGO COMISSION.S/VINCULO;5884,62;;5884,62;1190,03;4694,59;
SIDNEY COELHO;GABINETE DO PRESIDENTE;VICE-PRESIDENTE;; CARGO COMISSION.S/VINCULO;11700,00;;11700,00;2737,12;8962,88;
SILVIO FRANCISCO ANDRADE DE QUEIROZ;DEPARTAMENTO DE ADMINISTRACAO;ASSESSOR IV AD-4;; CARGO COMISSION.S/VINCULO;2179,61;;2179,61;196,16;1983,45;
SIMONE DA COSTA MARTINS ESTEVAM;DEPARTAMENTO DE ADMINISTRACAO;ASSESSOR IV AD-4;ASSESSOR IV AD-4; CARGO COMISSION.S/VINCULO;1514,61;;1514,61;121,16;1393,45;
SOLANGE TERESINHA FRIPP;GABINETE DO PRESIDENTE;ASSESSOR I AD-1;ASSESSOR I AD-1; CARGO COMISSION.S/VINCULO;9006,82;;9006,82;715,98;8290,84;
STELLA AMANDA FROTA DA CRUZ;DEPARTAMENTO DE ADMINISTRACAO;GERENTE AD-2;GERENTE AD-2; CARGO COMISSION.S/VINCULO;4209,79;;4209,79;641,84;3567,95;
TALITA PIMENTA CORREA;DEPARTAMENTO DE ADMINISTRACAO;ASSESSOR III AD-3;ASSESSOR III AD-3; CARGO COMISSION.S/VINCULO;2195,80;;2195,80;197,62;1998,18;
TAMARA PIMENTA CORREA;DEPARTAMENTO DE ADMINISTRACAO;ASSESSOR IV AD-4;ASSESSOR IV AD-1; CARGO COMISSION.S/VINCULO;2179,61;;2179,61;196,16;1983,45;
THAIS MARTINS ALVES;DEPARTAMENTO DE ADMINISTRACAO;ASSESSOR II AD-2;; CARGO COMISSION.S/VINCULO;4209,79;;4209,79;613,40;3596,39;
THARINY DE SOUZA BRIGLIA;DEPARTAMENTO DE ADMINISTRACAO;ASSESSOR III AD-3;; CARGO COMISSION.S/VINCULO;2195,80;;2195,80;191,03;2004,77;
THARSUS UAILAN BRASIL DE OLIVEIRA;DEPARTAMENTO DE ADMINISTRACAO;ASSESSOR I AD-1;; CARGO COMISSION.S/VINCULO;5705,77;;5705,77;239,52;5466,25;
THAYANA PAMELA AMAZONAS PRAIA;DEPARTAMENTO DE ADMINISTRACAO;ASSESSOR I AD-1;; CARGO COMISSION.S/VINCULO;7754,58;;7754,58;1704,27;6050,31;
THIAGO ANDRADE CASTELLO BRANCO;SUBCOMISSAO DE LICT.OBRAS.SERV;MEMBRO;MEMBRO SUBCOMISSAO; CONSELHO;7000,00;;7000,00;1003,50;5996,50;
VANESSA DA SILVA JACAUNA;DEPARTAMENTO DE ADMINISTRACAO;ASSESSOR II AD-2;ASSESSOR II AD-2; CARGO COMISSION.S/VINCULO;4209,79;;4209,79;670,28;3539,51;
VANESSA ROSAS KRAMER;DEPARTAMENTO DE ADMINISTRACAO;ASSESSOR III AD-3;; CARGO COMISSION.S/VINCULO;3191,80;;3191,80;422,40;2769,40;
VICTOR FABIAN SOARES CIPRIANO;GABINETE DO PRESIDENTE;PROCURADOR DO ESTADO 3A CLASSE;PRESIDENTE; ESTATUTARIO;13500,00;2174,09;11325,91;2140,99;9184,92;
VLADILCE DE ARAUJO FRAGATA;DEPARTAMENTO DE ADMINISTRACAO;ASSESSOR III AD-3;; CARGO COMISSION.S/VINCULO;2195,80;;2195,80;197,62;1998,18;
VLADIMIR MARTINS RIBEIRO JUNIOR;SUBCOMISSAO DE LICT.OBRAS.SERV;MEMBRO;MEMBRO SUBCOMISSAO; CONSELHO;7000,00;;7000,00;899,23;6100,77;
WAGNER DE ALMEIDA SILVA;DEPARTAMENTO DE ADMINISTRACAO;ASSESSOR III AD-3;ASSESSOR III AD-3; CARGO COMISSION.S/VINCULO;2195,80;;2195,80;197,62;1998,18;
WENDELL WAUGHAN MONTEIRO;SUBCOMISSAO DE LICT.OBRAS.SERV;MEMBRO;MEMBRO; CONSELHO;7000,00;;7000,00;1003,50;5996,50;
WILKENS DOS SANTOS SIQUEIRA;DEPARTAMENTO DE ADMINISTRACAO;GERENTE AD-2;GERENTE AD 2; CARGO COMISSION.S/VINCULO;8185,68;;8185,68;499,43;7686,25;
WILSON ALEXANDRE TAVARES;DEPARTAMENTO DE ADMINISTRACAO;ASSESSOR III AD-3;; CARGO COMISSION.S/VINCULO;4025,63;;4025,63;625,43;3400,20;
YELZA HELENA BOTELHO AVELINO CAMARA;DEPARTAMENTO DE ADMINISTRACAO;ASSESSOR I AD-1;; CARGO COMISSION.S/VINCULO;5636,52;;5636,52;451,71;5184,81;
