NOME;LOTACAO;CARGO;FUNCAO;VINCULO;REMUNERACAO LEGAL TOTAL(R$);DESC.TETO(R$); REMUNERACAO LEGAL DEVIDA(R$);DESCONTOS LEGAIS(R$);LIQUIDO DISPONIVEL(R$);
ACRISIO DE ALENCAR E SILVA JUNIOR;DEPARTAMENTO DE ADMINISTRACAO;ASSESSOR IV AD-4;ASSESSOR IV AD 1; CARGO COMISSION.S/VINCULO;2575,61;;2575,61;264,79;2310,82;
ADRIANA GABRIELLE A RAMPIN;SUBCOMISSAO DE LICT.OBRAS.SERV;MEMBRO;; CONSELHO;7000,00;;7000,00;1055,64;5944,36;
AGENOR DA COSTA BRAGA;GABINETE DO PRESIDENTE;ASSESSOR I AD-1;ASSESSOR I AD 1; CARGO COMISSION.S/VINCULO;5229,77;;5229,77;986,40;4243,37;
AGEU SA MONTEIRO;DEPARTAMENTO DE ADMINISTRACAO;ASSESSOR III AD-3;; CARGO COMISSION.S/VINCULO;2195,80;;2195,80;197,62;1998,18;
ALAN CLAUDIO MENEZES DA COSTA;SUBCOMISSAO DE LICT.OBRAS.SERV;MEMBRO;MEMBRO SUBCOMISSAO; CONSELHO;7000,00;;7000,00;951,37;6048,63;
ALOYSIO NOBRE DE FREITAS FILHO;SUBCOMISSAO DE LICT.OBRAS.SERV;MEMBRO;; CONSELHO;7000,00;;7000,00;1003,50;5996,50;
ANA CAROLINA YAMANE SANTOS;DEPARTAMENTO DE ADMINISTRACAO;ASSESSOR III AD-3;ASSESSOR III AD-3; CARGO COMISSION.S/VINCULO;3455,73;;3455,73;465,64;2990,09;
ANDRE AFONSO DOS SANTOS LOUREIRO;DEPARTAMENTO DE ADMINISTRACAO;ASSESSOR III AD-3;ASSESSOR III AD-3; CARGO COMISSION.S/VINCULO;2591,80;;2591,80;267,35;2324,45;
ANDREYA FABIANA R CAVALCANTE;SUBCOMISSAO DE LICT.OBRAS.SERV;MEMBRO;MEMBRO SUBCOMISSAO; CONSELHO;7000,00;;7000,00;899,23;6100,77;
ANTONIA NONATA DA SILVA GOMES;DEPARTAMENTO DE ADMINISTRACAO;ASSESSOR IV AD-4;ASSESSOR IV AD-4; CARGO COMISSION.S/VINCULO;1514,61;;1514,61;121,16;1393,45;
ANTONINA MARIA DE SOUSA PONTE;SUBCOMISSAO DE LICT.OBRAS.SERV;MEMBRO;; CONSELHO;7000,00;;7000,00;1055,64;5944,36;
ARTUR CESAR NOGUEIRA PERDIGAO;DEPARTAMENTO DE ADMINISTRACAO;ASSESSOR III AD-3;ASSESSOR III AD-3; CARGO COMISSION.S/VINCULO;3191,80;;3191,80;407,12;2784,68;
AUGUSTO AZARIO SALVADOR;GABINETE DO PRESIDENTE;CHEFE DE DEPARTAMENTO AD-1;; CARGO COMISSION.S/VINCULO;5229,77;;5229,77;943,74;4286,03;
BRUNA MAIA CORDEIRO;DEPARTAMENTO DE ADMINISTRACAO;ASSESSOR I AD-1;ASSESSOR I AD-1; CARGO COMISSION.S/VINCULO;14381,23;;14381,23;;14381,23;
CAIO QUEIROZ MOTA;DEPARTAMENTO DE ADMINISTRACAO;ASSESSOR III AD-3;; CARGO COMISSION.S/VINCULO;2195,80;;2195,80;197,62;1998,18;
CAMILA ANDREYA PESSOA RODRIGUES;DEPARTAMENTO DE ADMINISTRACAO;ASSESSOR III AD-3;; CARGO COMISSION.S/VINCULO;2591,80;;2591,80;267,35;2324,45;
CAMILA PRETTE FARIA DE SOUZA;SUBCOMISSAO DE LICT.OBRAS.SERV;MEMBRO;; CONSELHO;7000,00;;7000,00;899,23;6100,77;
CARLOS AUGUSTO LAURIA NORONHA;SUBCOMISSAO DE LICT.OBRAS.SERV;MEMBRO;MEMBRO SUBCOMISSAO; CONSELHO;7000,00;;7000,00;951,37;6048,63;
CARLOS KLINGER DE PAULA SEGUNDO;SUBCOMISSAO DE LICT.OBRAS.SERV;ASSESSOR IV AD-4;ASSESSOR IV AD 4; CARGO COMISSION.S/VINCULO;2179,61;;2179,61;196,16;1983,45;
CHALLA DE MEDEIROS SILVA;DEPARTAMENTO DE ADMINISTRACAO;GERENTE AD-2;GERENTE AD-2; CARGO COMISSION.S/VINCULO;4209,79;;4209,79;670,28;3539,51;
CLAUDIA SILVA THOMAZ DE LIMA;SUBCOMISSAO DE LICT.OBRAS.SERV;MEMBRO;; CONSELHO;7000,00;;7000,00;1055,64;5944,36;
CLEYSON COSTA DOS SANTOS;DEPARTAMENTO DE ADMINISTRACAO;ASSESSOR III AD-3;ASSESSOR III AD-3; CARGO COMISSION.S/VINCULO;2195,80;;2195,80;197,62;1998,18;
CRISTIANE BRISSOW DE AZEVEDO;DEPARTAMENTO DE ADMINISTRACAO;ASSESSOR I AD-1;; CARGO COMISSION.S/VINCULO;4229,77;;4229,77;572,19;3657,58;
DACTIVO XAVIER DE FRANCA FILHO;DEPARTAMENTO DE ADMINISTRACAO;CHEFE DE DEPARTAMENTO AD-1;; CARGO COMISSION.S/VINCULO;5229,77;;5229,77;858,43;4371,34;
DAIANA DA SILVA MARTINS;DEPARTAMENTO DE ADMINISTRACAO;ASSESSOR III AD-3;; CARGO COMISSION.S/VINCULO;2195,80;;2195,80;197,62;1998,18;
DANIEL MAIA TEIXEIRA;DEPARTAMENTO DE ADMINISTRACAO;ASSESSOR III AD-3;; CARGO COMISSION.S/VINCULO;3191,80;;3191,80;422,40;2769,40;
DAVISON RODRIGUES BATISTA;DEPARTAMENTO DE ADMINISTRACAO;ASSESSOR III AD-3;; CARGO COMISSION.S/VINCULO;3191,80;;3191,80;407,12;2784,68;
EBENEZER ALBUQUERQUE BEZERRA;GABINETE DO PRESIDENTE;VICE-PRESIDENTE;; CARGO COMISSION.S/VINCULO;11137,50;;11137,50;1748,87;9388,63;
EDIVANIA RODRIGUES DA SILVA;DEPARTAMENTO DE ADMINISTRACAO;ASSESSOR IV AD-4;ASSESSOR IV AD-4; CARGO COMISSION.S/VINCULO;2179,61;;2179,61;196,16;1983,45;
EDSANDRA MAGALHAES FERREIRA;SUBCOMISSAO DE LICT.OBRAS.SERV;MEMBRO;MEMBRO; CONSELHO;7000,00;;7000,00;951,37;6048,63;
EMANUELLE SILVA QUEIROZ DE SOUZA;GABINETE DO PRESIDENTE;ASSESSOR I AD-1;; CARGO COMISSION.S/VINCULO;4229,77;;4229,77;676,15;3553,62;
EPITACIO DE ALENCAR E SILVA NETO;GABINETE DO PRESIDENTE;PRESIDENTE;PRESIDENTE; CARGO COMISSION.S/VINCULO;13500,00;;13500,00;3284,26;10215,74;
ERE BIANCA PARENTE DE ASSIS;GABINETE DO PRESIDENTE;ASSESSOR I AD-1;ASSESSOR I AD-1; CARGO COMISSION.S/VINCULO;4229,77;;4229,77;676,15;3553,62;
ERICA DOS SANTOS VIEIRA;SUBCOMISSAO DE LICT.OBRAS.SERV;MEMBRO;; CONSELHO;7000,00;;7000,00;1055,64;5944,36;
ERICA POMAR TAVARES;DEPARTAMENTO DE ADMINISTRACAO;ASSESSOR III AD-3;; CARGO COMISSION.S/VINCULO;2195,80;;2195,80;197,62;1998,18;
ERNALDO COSTA DA SILVA;DEPARTAMENTO DE ADMINISTRACAO;ASSESSOR III AD-3;; CARGO COMISSION.S/VINCULO;2195,80;;2195,80;197,62;1998,18;
EUNELILSON AFFONSO HOLANDA;SUBCOMISSAO DE LICT.OBRAS.SERV;MEMBRO;MEMBRO; CONSELHO;7000,00;;7000,00;951,37;6048,63;
EURIANE DA COSTA PEREIRA;DEPARTAMENTO DE ADMINISTRACAO;ASSESSOR III AD-3;; CARGO COMISSION.S/VINCULO;4255,73;;4255,73;655,57;3600,16;
FABIO BARROS TEIXEIRA;DEPARTAMENTO DE ADMINISTRACAO;ASSESSOR III AD-3;ASSESSOR III AD-3; CARGO COMISSION.S/VINCULO;2591,80;;2591,80;202,17;2389,63;
FABIOLA DE SOUZA COSTA;SUBCOMISSAO DE LICT.OBRAS.SERV;MEMBRO;MEMBRO SUBCOMISSAO; CONSELHO;7000,00;;7000,00;951,37;6048,63;
FELISMINO FRANCISCO SOARES NETO;SUBCOMISSAO DE LICT.OBRAS.SERV;MEMBRO;MEMBRO; CONSELHO;7000,00;;7000,00;1055,64;5944,36;
FERNANDA MENDES MOURA;DEPARTAMENTO DE ADMINISTRACAO;ASSESSOR III AD-3;; CARGO COMISSION.S/VINCULO;1893,80;;1893,80;159,08;1734,72;
GIANCARLO DA SILVA AZARIO;DEPARTAMENTO DE ADMINISTRACAO;GERENTE AD-2;GERENTE AD 2; CARGO COMISSION.S/VINCULO;4209,79;;4209,79;670,28;3539,51;
GISELE DE ALMEIDA CAMPELO;DEPARTAMENTO DE ADMINISTRACAO;ASSESSOR I AD-1;; CARGO COMISSION.S/VINCULO;4229,77;;4229,77;606,52;3623,25;
GISELLA ANDRADE FERREIRA DOS SANTOS;DEPARTAMENTO DE ADMINISTRACAO;ASSESSOR II AD-2;ASSESSOR II AD-2; CARGO COMISSION.S/VINCULO;4209,79;;4209,79;670,28;3539,51;
GREICIANE FERREIRA BRASIL;DEPARTAMENTO DE ADMINISTRACAO;ASSESSOR III AD-3;ASSESSOR III AD-3; CARGO COMISSION.S/VINCULO;1530,80;;1530,80;122,46;1408,34;
GYESE KANAWATI LASMAR BRAGA;SUBCOMISSAO DE LICT.OBRAS.SERV;MEMBRO;MEMBRO; CONSELHO;7000,00;;7000,00;951,37;6048,63;
HEDLEN MARIA BARROSO GUEDES;GABINETE DO PRESIDENTE;ASSESSOR I AD-1;ASSESSOR I AD-1; CARGO COMISSION.S/VINCULO;4229,77;;4229,77;676,15;3553,62;
HELIO LOBO REGO NETO;GABINETE DO PRESIDENTE;ASSESSOR I AD-1;; CARGO COMISSION.S/VINCULO;4229,77;;4229,77;589,83;3639,94;
HERCULES VIANA CORREA;DEPARTAMENTO DE ADMINISTRACAO;ASSESSOR III AD-3;; CARGO COMISSION.S/VINCULO;3191,80;;3191,80;422,40;2769,40;
IRINEU DOS SANTOS MARTINS;DEPARTAMENTO DE ADMINISTRACAO;ASSESSOR III AD-3;; CARGO COMISSION.S/VINCULO;3455,73;;3455,73;439,56;3016,17;
ISABEL MARIA DE ARAUJO BRITO;DEPARTAMENTO DE ADMINISTRACAO;ASSESSOR IV AD-4;ASSESSOR IV AD-4; CARGO COMISSION.S/VINCULO;1514,61;;1514,61;121,16;1393,45;
IVALDETE RODRIGUES DE SOUZA;DEPARTAMENTO DE ADMINISTRACAO;ASSESSOR III AD-3;; CARGO COMISSION.S/VINCULO;1893,80;;1893,80;170,44;1723,36;
JACKELINE DE SOUZA MAXIMO;DEPARTAMENTO DE ADMINISTRACAO;ASSESSOR III AD-3;ASSESSOR III AD-3; CARGO COMISSION.S/VINCULO;2927,73;;2927,73;374,68;2553,05;
JANAINA BRANDAO DE CARVALHO;DEPARTAMENTO DE ADMINISTRACAO;ASSESSOR III AD-3;ASSESSOR III AD-3; CARGO COMISSION.S/VINCULO;2591,80;;2591,80;253,13;2338,67;
JANAINA LANGE SIQUEIRA;SUBCOMISSAO DE LICT.OBRAS.SERV;MEMBRO;MEMBRO SUBCOMISSAO; CONSELHO;7000,00;;7000,00;1003,50;5996,50;
JANDERSON DA ROCHA CORREIA;DEPARTAMENTO DE ADMINISTRACAO;GERENTE AD-2;; CARGO COMISSION.S/VINCULO;4209,79;;4209,79;641,84;3567,95;
JAQUELINE CRUZ ALVES;DEPARTAMENTO DE ADMINISTRACAO;PROFESSOR PF20.LPL-IV;GERENTE AD-2; ESTATUTARIO;4634,75;;4634,75;546,05;4088,70;
JESSICA BRENDA VINENTE NASCIMENTO;DEPARTAMENTO DE ADMINISTRACAO;ASSESSOR III AD-3;; CARGO COMISSION.S/VINCULO;1893,80;;1893,80;164,76;1729,04;
JOAO CARLOS BEZERRA DE A JUNIOR;SUBCOMISSAO DE LICT.OBRAS.SERV;MEMBRO;MEMBRO; CONSELHO;7000,00;;7000,00;1003,50;5996,50;
JOSE DO ROSARIO DOS SANTOS DRUMOND;DEPARTAMENTO DE ADMINISTRACAO;ASSESSOR III AD-3;; CARGO COMISSION.S/VINCULO;2195,80;;2195,80;197,62;1998,18;
JULIANA MONTEIRO M R RODRIGUES;SUBCOMISSAO DE LICT.OBRAS.SERV;MEMBRO;MEMBRO; CONSELHO;7000,00;;7000,00;1055,64;5944,36;
KEVIN AIRTON BARBOSA GABRIEL;DEPARTAMENTO DE ADMINISTRACAO;ASSESSOR III AD-3;; CARGO COMISSION.S/VINCULO;1893,80;;1893,80;170,44;1723,36;
LARISSA DAVILA PORTUGAL;DEPARTAMENTO DE ADMINISTRACAO;ASSESSOR III AD-3;ASSESSOR III AD3; CARGO COMISSION.S/VINCULO;2591,80;;2591,80;253,13;2338,67;
LARYSSA SOUZA RAMOS;DEPARTAMENTO DE ADMINISTRACAO;ASSESSOR IV AD-4;ASSESSOR IV AD 4; CARGO COMISSION.S/VINCULO;2179,61;;2179,61;196,16;1983,45;
LAYS SALES MONTEIRO;DEPARTAMENTO DE ADMINISTRACAO;ASSESSOR III AD-3;; CARGO COMISSION.S/VINCULO;2591,80;;2591,80;267,35;2324,45;
LEANDRO DA SILVA AGUIAR;SUBCOMISSAO DE LICT.OBRAS.SERV;MEMBRO;MEMBROSUBCOMISSAO; CONSELHO;7000,00;;7000,00;1055,64;5944,36;
LEILA DE QUEIROZ PONTES;SUBCOMISSAO DE LICT.OBRAS.SERV;MEMBRO;MEMBRO; CONSELHO;7000,00;;7000,00;1055,64;5944,36;
LORIEN ELANOR REIS ALVES;DEPARTAMENTO DE ADMINISTRACAO;ASSESSOR II AD-2;; CARGO COMISSION.S/VINCULO;4209,79;;4209,79;670,28;3539,51;
LUANE PAULA MARIA VENZO;DEPARTAMENTO DE ADMINISTRACAO;ASSESSOR III AD-3;ASSESSOR III AD 3; CARGO COMISSION.S/VINCULO;2195,80;;2195,80;177,86;2017,94;
LUCIA DE FATIMA DOS SANTOS CARDOSO;GABINETE DO PRESIDENTE;ASSESSOR I AD-1;; CARGO COMISSION.S/VINCULO;5229,77;;5229,77;986,40;4243,37;
LUIZ FILIPE FERREIRA MOURA;DEPARTAMENTO DE ADMINISTRACAO;ASSESSOR III AD-3;; CARGO COMISSION.S/VINCULO;2195,80;;2195,80;197,62;1998,18;
MANOEL DA SILVA MASCARENHAS;SUBCOMISSAO DE LICT.OBRAS.SERV;MEMBRO;; CONSELHO;7000,00;;7000,00;951,37;6048,63;
MARCELO MARCUS NOGUEIRA MARTINS;DEPARTAMENTO DE ADMINISTRACAO;CHEFE DE DEPARTAMENTO AD-1;; CARGO COMISSION.S/VINCULO;5229,77;;5229,77;901,09;4328,68;
MARIA HOZANIRA MACHADO DE S GALVAO;SUBCOMISSAO DE LICT.OBRAS.SERV;MEMBRO;MEMBRO SUBCOMISSAO; CONSELHO;7000,00;;7000,00;1003,50;5996,50;
MARIA INES SANTIAGO CAVALEIRO MELO;DEPARTAMENTO DE ADMINISTRACAO;ASSESSOR I AD-1;; CARGO COMISSION.S/VINCULO;5229,77;;5229,77;986,40;4243,37;
MELYNDA MARIA VIEIRALVES BECKER;DEPARTAMENTO DE ADMINISTRACAO;ASSESSOR I AD-1;; CARGO COMISSION.S/VINCULO;4229,77;;4229,77;676,15;3553,62;
MICHELE DE MELO FREITAS E ARAUJO;DEPARTAMENTO DE ADMINISTRACAO;ASSESSOR I AD-1;; CARGO COMISSION.S/VINCULO;4229,77;;4229,77;640,83;3588,94;
MONYK DE OLIVEIRA MALVEIRA;DEPARTAMENTO DE ADMINISTRACAO;ASSESSOR III AD-3;; CARGO COMISSION.S/VINCULO;2195,80;;2195,80;197,62;1998,18;
NATASHA MELO DE MENDONCA;DEPARTAMENTO DE ADMINISTRACAO;ASSESSOR III AD-3;ASSESSOR III AD-3; CARGO COMISSION.S/VINCULO;2591,80;;2591,80;267,35;2324,45;
ORNIVAL DE OLIVEIRA ALBUQUERQUE;DEPARTAMENTO DE ADMINISTRACAO;ASSESSOR III AD-3;ASSESSOR III AD-3; CARGO COMISSION.S/VINCULO;2591,80;;2591,80;233,26;2358,54;
PRISCIANY COSTA DE FREITAS;DEPARTAMENTO DE ADMINISTRACAO;ASSESSOR I AD-1;; CARGO COMISSION.S/VINCULO;4229,77;;4229,77;676,15;3553,62;
RAFAEL BASTOS ARAUJO;GABINETE DO PRESIDENTE;CHEFE DE GABINETE AD-1;; CARGO COMISSION.S/VINCULO;5229,77;;5229,77;986,40;4243,37;
RAFAEL BASTOS ARAUJO;GABINETE DO PRESIDENTE;CORREGEDOR AD-1;CORREGEDOR AD-1; CARGO COMISSION.S/VINCULO;6973,04;;6973,04;;6973,04;
RAIMUNDO COSTA DA SILVA;DEPARTAMENTO DE ADMINISTRACAO;ASSESSOR I AD-1;; CARGO COMISSION.S/VINCULO;4229,77;;4229,77;618,27;3611,50;
RAISSA LOPES ELIAS;DEPARTAMENTO DE ADMINISTRACAO;ASSESSOR I AD-1;; CARGO COMISSION.S/VINCULO;4229,77;;4229,77;676,15;3553,62;
RAPHAELA RAQUEL DOS SANTOS PIMENTA;DEPARTAMENTO DE ADMINISTRACAO;ASSESSOR III AD-3;; CARGO COMISSION.S/VINCULO;2195,80;;2195,80;191,03;2004,77;
RAQUEL DE LIMA RODRIGUES;SUBCOMISSAO DE LICT.OBRAS.SERV;MEMBRO;MEMBRO SUBCOMISSAO; CONSELHO;7000,00;;7000,00;1003,50;5996,50;
RAQUEL DE OLIVEIRA GONCALVES;DEPARTAMENTO DE ADMINISTRACAO;ASSESSOR III AD-3;; CARGO COMISSION.S/VINCULO;2195,80;;2195,80;197,62;1998,18;
REANNE DE LIMA PAULINO;DEPARTAMENTO DE ADMINISTRACAO;ASSESSOR II AD-2;; CARGO COMISSION.S/VINCULO;4209,79;;4209,79;670,28;3539,51;
RISIA CRISTINA CHAVES S CAVALCANTE;DEPARTAMENTO DE ADMINISTRACAO;GERENTE AD-2;GERENTE AD-2; CARGO COMISSION.S/VINCULO;4209,79;;4209,79;567,82;3641,97;
RISONEIDE FERREIRA CLARINDO;DEPARTAMENTO DE ADMINISTRACAO;ASSESSOR III AD-3;ASSESSOR III AD-3; CARGO COMISSION.S/VINCULO;2195,80;;2195,80;197,62;1998,18;
RODRIGO NELSON AMARAL OLIVEIRA;DEPARTAMENTO DE ADMINISTRACAO;ASSESSOR III AD-3;ASSESSOR III AD-3; CARGO COMISSION.S/VINCULO;2195,80;;2195,80;197,62;1998,18;
ROZANA DE ALMEIDA FARIAS;DEPARTAMENTO DE ADMINISTRACAO;ASSESSOR II AD-2;; CARGO COMISSION.S/VINCULO;4209,79;;4209,79;613,40;3596,39;
RUI JORGE PIEDADE DE LIMA;DEPARTAMENTO DE ADMINISTRACAO;ASSESSOR III AD-3;; CARGO COMISSION.S/VINCULO;2195,80;;2195,80;197,62;1998,18;
RUTH MARA FREITAS DA SILVA;DEPARTAMENTO DE ADMINISTRACAO;ASSESSOR III AD-3;ASSESSOR III/AD-3; CARGO COMISSION.S/VINCULO;2195,80;;2195,80;197,62;1998,18;
SANNY SAHDO CETRARO;SUBCOMISSAO DE LICT.OBRAS.SERV;MEMBRO;MEMBRO; CONSELHO;7000,00;;7000,00;951,37;6048,63;
SILVIO FRANCISCO ANDRADE DE QUEIROZ;DEPARTAMENTO DE ADMINISTRACAO;ASSESSOR IV AD-4;; CARGO COMISSION.S/VINCULO;2179,61;;2179,61;196,16;1983,45;
SIMONE DA COSTA MARTINS ESTEVAM;DEPARTAMENTO DE ADMINISTRACAO;ASSESSOR IV AD-4;ASSESSOR IV AD-4; CARGO COMISSION.S/VINCULO;1514,61;;1514,61;117,13;1397,48;
SOLANGE TERESINHA FRIPP;GABINETE DO PRESIDENTE;ASSESSOR I AD-1;ASSESSOR I AD-1; CARGO COMISSION.S/VINCULO;5229,77;;5229,77;986,40;4243,37;
STELLA AMANDA FROTA DA CRUZ;DEPARTAMENTO DE ADMINISTRACAO;GERENTE AD-2;GERENTE AD-2; CARGO COMISSION.S/VINCULO;4209,79;;4209,79;670,28;3539,51;
TALITA PIMENTA CORREA;DEPARTAMENTO DE ADMINISTRACAO;ASSESSOR III AD-3;ASSESSOR III AD-3; CARGO COMISSION.S/VINCULO;2195,80;;2195,80;191,03;2004,77;
TAMARA PIMENTA CORREA;DEPARTAMENTO DE ADMINISTRACAO;ASSESSOR IV AD-4;ASSESSOR IV AD-1; CARGO COMISSION.S/VINCULO;2179,61;;2179,61;196,16;1983,45;
THAIS MARTINS ALVES;DEPARTAMENTO DE ADMINISTRACAO;ASSESSOR II AD-2;; CARGO COMISSION.S/VINCULO;4209,79;;4209,79;613,40;3596,39;
THARINY DE SOUZA BRIGLIA;DEPARTAMENTO DE ADMINISTRACAO;ASSESSOR III AD-3;; CARGO COMISSION.S/VINCULO;2195,80;;2195,80;197,62;1998,18;
THARSUS UAILAN BRASIL DE OLIVEIRA;DEPARTAMENTO DE ADMINISTRACAO;ASSESSOR I AD-1;; CARGO COMISSION.S/VINCULO;4229,77;;4229,77;640,83;3588,94;
THIAGO ANDRADE CASTELLO BRANCO;SUBCOMISSAO DE LICT.OBRAS.SERV;MEMBRO;MEMBRO SUBCOMISSAO; CONSELHO;7000,00;;7000,00;1003,50;5996,50;
VANESSA DA SILVA JACAUNA;DEPARTAMENTO DE ADMINISTRACAO;ASSESSOR II AD-2;ASSESSOR II AD-2; CARGO COMISSION.S/VINCULO;5613,05;;5613,05;1115,35;4497,70;
VANESSA ROSAS KRAMER;DEPARTAMENTO DE ADMINISTRACAO;ASSESSOR III AD-3;; CARGO COMISSION.S/VINCULO;2195,80;;2195,80;197,62;1998,18;
VANESSA VIEIRA MANCINI;SUBCOMISSAO DE LICT.OBRAS.SERV;MEMBRO;; CONSELHO;7000,00;;7000,00;1055,64;5944,36;
VLADILCE DE ARAUJO FRAGATA;DEPARTAMENTO DE ADMINISTRACAO;ASSESSOR III AD-3;; CARGO COMISSION.S/VINCULO;2195,80;;2195,80;197,62;1998,18;
VLADIMIR MARTINS RIBEIRO JUNIOR;SUBCOMISSAO DE LICT.OBRAS.SERV;MEMBRO;MEMBRO SUBCOMISSAO; CONSELHO;7000,00;;7000,00;899,23;6100,77;
WAGNER DE ALMEIDA SILVA;DEPARTAMENTO DE ADMINISTRACAO;ASSESSOR III AD-3;ASSESSOR III AD-3; CARGO COMISSION.S/VINCULO;2195,80;;2195,80;197,62;1998,18;
WENDELL WAUGHAN MONTEIRO;SUBCOMISSAO DE LICT.OBRAS.SERV;MEMBRO;MEMBRO; CONSELHO;7000,00;;7000,00;1003,50;5996,50;
WILKENS DOS SANTOS SIQUEIRA;DEPARTAMENTO DE ADMINISTRACAO;GERENTE AD-2;GERENTE AD 2; CARGO COMISSION.S/VINCULO;4209,79;;4209,79;670,28;3539,51;
YELZA HELENA BOTELHO AVELINO CAMARA;DEPARTAMENTO DE ADMINISTRACAO;ASSESSOR I AD-1;; CARGO COMISSION.S/VINCULO;5229,77;;5229,77;986,40;4243,37;
