NOME;LOTACAO;CARGO;FUNCAO;VINCULO;REMUNERACAO LEGAL TOTAL(R$);DESC.TETO(R$); REMUNERACAO LEGAL DEVIDA(R$);DESCONTOS LEGAIS(R$);LIQUIDO DISPONIVEL(R$);
ADEMIR LIMA DE SOUZA;CB - CIVIL;ENG.O-I;ENG OPERACIONAL; ESTATUTARIO;4830,46;;4830,46;611,68;4218,78;
ALBERTO COELHO NETO;CB - CIVIL;A.TEC-I;; ESTATUTARIO;4022,67;;4022,67;263,14;3759,53;
ALESSANDRA OLIVEIRA AMADOR;CB - CIVIL;CHEFE DE DEPARTAMENTO AD-1;ASSESSOR I; CARGO COMISSION.S/VINCULO;5539,77;;5539,77;986,40;4553,37;
ALOYSIO DE SIQUEIRA C FILHO;CB - CIVIL;AUXILIAR ADMINISTRATIVO;; ESTATUTARIO;4400,95;;4400,95;415,27;3985,68;
ANTONIO CARLOS FARIAS DO NASCIMENTO;CB - CIVIL;PROFESSOR - SMI-11-165;COORDENADOR; ESTATUTARIO;9000,00;;9000,00;1553,50;7446,50;
BARBARA COSTA FERREIRA;CB - CIVIL;ASSESSOR II AD-2;; CARGO COMISSION.S/VINCULO;4471,68;;4471,68;619,61;3852,07;
CINTHYA CALDAS TORRES;CB - CIVIL;ASSESSOR I AD-1;; CARGO COMISSION.S/VINCULO;5539,77;;5539,77;986,40;4553,37;
FRANCISCO BENTES DE ALMEIDA;CB - CIVIL;CHEFE DE DEPARTAMENTO AD-1;CH DE DEPARTAMENTO; CARGO COMISSION.S/VINCULO;5539,77;;5539,77;986,40;4553,37;
HERMOGENES RABELO;CB - CIVIL;A.AMB-III;COORDENADOR; ESTATUTARIO;9000,00;;9000,00;1553,50;7446,50;
JORGE NELSON DA CUNHA MENDONCA;CB - CIVIL;A.TEC-I;; ESTATUTARIO;4222,11;;4222,11;352,78;3869,33;
JOSE FRANCISCO SILVA DE MORAIS;CB - CIVIL;COORDENADOR REGIONAL AD-1;; CARGO COMISSION.S/VINCULO;5539,77;;5539,77;986,40;4553,37;
JUNIA DE CARVALHO TORRES;CB - CIVIL;AGENTE ADMINISTRATIVO 1A CLASSE;; ESTATUTARIO;3581,24;;3581,24;179,39;3401,85;
LUCINEIA FERNANDES BRASIL;CB - CIVIL;ASSESSOR I AD-1;; CARGO COMISSION.S/VINCULO;5539,77;;5539,77;986,40;4553,37;
MARCIA GUERREIRO PINHEIRO;CB - CIVIL;ASSESSOR I AD-1;; CARGO COMISSION.S/VINCULO;3539,77;;3539,77;431,65;3108,12;
MARIA ALZIRA BARBOSA ASSUMPCAO;CB - CIVIL;AUX.ADM-I;ARQUIVISTA; ESTATUTARIO;7765,18;;7765,18;1293,08;6472,10;
MARIA DE FATIMA RODRIGUES ONETY;CB - CIVIL;A.OPE-I;; ESTATUTARIO;4029,09;;4029,09;350,63;3678,46;
MARIA DE JESUS MONTEIRO DUARTE;CB - CIVIL;A.TEC-I;; ESTATUTARIO;3994,26;;3994,26;340,32;3653,94;
MARIA DE NAZARE DOS SANTOS BARROSO;CB - CIVIL;A.TEC-I;CHEFE PROTOCOLO; ESTATUTARIO;4258,95;;4258,95;361,41;3897,54;
MARIA DO PERPETUO SOCORRO V ARAUJO;CB - CIVIL;A.TEC-I;; ESTATUTARIO;4011,57;;4011,57;288,87;3722,70;
MARIO LUIZ PASSARINHO;CB - CIVIL;COORDENADOR REGIONAL AD-1;COORDENADOR REGIONAL; CARGO COMISSION.S/VINCULO;5539,77;;5539,77;986,40;4553,37;
MARTA REGINA OLIVEIRA DE FARIAS;CB - CIVIL;A.TEC-II;COORD REGIONAL; ESTATUTARIO;6129,00;;6129,00;793,03;5335,97;
MICHAEL LIMA DE MELO;CB - CIVIL;ASSESSOR II AD-2;; CARGO COMISSION.S/VINCULO;4519,79;;4519,79;670,28;3849,51;
MICHELE DOS SANTOS AQUINO;CB - CIVIL;ASSESSOR II AD-2;; CARGO COMISSION.S/VINCULO;2919,79;;2919,79;234,88;2684,91;
PRISCILA SENA DA SILVA;CB - CIVIL;ASSESSOR I AD-1;; CARGO COMISSION.S/VINCULO;5539,77;;5539,77;986,40;4553,37;
RAIMUNDO NONATO ALMEIDA DA SILVA;CB - CIVIL;COORDENADOR REGIONAL AD-1;COORD.REGIONAL AD-1; CARGO COMISSION.S/VINCULO;5539,77;;5539,77;986,40;4553,37;
RAQUEL MORAES SILVA ALBUQUERQUE;CB - CIVIL;ASSESSOR I AD-1;; CARGO COMISSION.S/VINCULO;5539,77;;5539,77;986,40;4553,37;
REGINA AUXILIADORA DA MATA LUSTOSA;CB - CIVIL;TNS-I;CHEFE DE GABINETE; ESTATUTARIO;6913,47;;6913,47;1105,76;5807,71;
SANDRA ASSAYAG;CB - CIVIL;A.TEC-I;; ESTATUTARIO;4202,70;;4202,70;348,24;3854,46;
ULLA HAVANNE DE PAIVA VIEIRA;CB - CIVIL;ASSESSOR I AD-1;; CARGO COMISSION.S/VINCULO;5539,77;;5539,77;986,40;4553,37;
ZULMA SOARES CARDOSO;CB - CIVIL;ASSESSOR I AD-1;ASSESSOR I AD-1; CARGO COMISSION.S/VINCULO;5539,77;;5539,77;986,40;4553,37;
