NOME;LOTACAO;CARGO;FUNCAO;VINCULO;REMUNERACAO LEGAL TOTAL(R$);DESC.TETO(R$); REMUNERACAO LEGAL DEVIDA(R$);DESCONTOS LEGAIS(R$);LIQUIDO DISPONIVEL(R$);
ADEMIR LIMA DE SOUZA;CB - CIVIL;ENG.O-I;ENG OPERACIONAL; ESTATUTARIO;4820,46;;4820,46;611,68;4208,78;
ALBERTO COELHO NETO;CB - CIVIL;A.TEC-I;; ESTATUTARIO;4012,67;;4012,67;263,14;3749,53;
ALESSANDRA OLIVEIRA AMADOR;CB - CIVIL;CHEFE DE DEPARTAMENTO AD-1;ASSESSOR I; CARGO COMISSION.S/VINCULO;5529,77;;5529,77;986,40;4543,37;
ALOYSIO DE SIQUEIRA C FILHO;CB - CIVIL;AUXILIAR ADMINISTRATIVO;; ESTATUTARIO;4390,95;;4390,95;415,27;3975,68;
ANTONIO CARLOS FARIAS DO NASCIMENTO;CB - CIVIL;PROFESSOR - SMI-11-165;COORDENADOR; ESTATUTARIO;9000,00;;9000,00;1553,50;7446,50;
CINTHYA CALDAS TORRES;CB - CIVIL;ASSESSOR I AD-1;; CARGO COMISSION.S/VINCULO;5529,77;;5529,77;986,40;4543,37;
FRANCISCO BENTES DE ALMEIDA;CB - CIVIL;CHEFE DE DEPARTAMENTO AD-1;CH DE DEPARTAMENTO; CARGO COMISSION.S/VINCULO;5529,77;;5529,77;986,40;4543,37;
HERMOGENES RABELO;CB - CIVIL;A.AMB-III;COORDENADOR; ESTATUTARIO;9000,00;;9000,00;1553,50;7446,50;
JORGE NELSON DA CUNHA MENDONCA;CB - CIVIL;A.TEC-I;; ESTATUTARIO;4212,11;;4212,11;352,78;3859,33;
JOSE FRANCISCO SILVA DE MORAIS;CB - CIVIL;COORDENADOR REGIONAL AD-1;; CARGO COMISSION.S/VINCULO;7273,03;;7273,03;1489,34;5783,69;
JUNIA DE CARVALHO TORRES;CB - CIVIL;AGENTE ADMINISTRATIVO 1A CLASSE;; ESTATUTARIO;3571,24;;3571,24;179,39;3391,85;
MARCIA GUERREIRO PINHEIRO;CB - CIVIL;ASSESSOR I AD-1;; CARGO COMISSION.S/VINCULO;3529,77;;3529,77;431,65;3098,12;
MARIA ALZIRA BARBOSA ASSUMPCAO;CB - CIVIL;AUX.ADM-I;ARQUIVISTA; ESTATUTARIO;5109,85;;5109,85;566,10;4543,75;
MARIA DE FATIMA RODRIGUES ONETY;CB - CIVIL;A.OPE-I;; ESTATUTARIO;4019,09;;4019,09;350,63;3668,46;
MARIA DE JESUS MONTEIRO DUARTE;CB - CIVIL;A.TEC-I;; ESTATUTARIO;3984,26;;3984,26;340,32;3643,94;
MARIA DE NAZARE DOS SANTOS BARROSO;CB - CIVIL;A.TEC-I;CHEFE PROTOCOLO; ESTATUTARIO;4248,95;;4248,95;361,41;3887,54;
MARIA DO PERPETUO SOCORRO V ARAUJO;CB - CIVIL;A.TEC-I;; ESTATUTARIO;4172,52;;4172,52;314,51;3858,01;
MARIO LUIZ PASSARINHO;CB - CIVIL;COORDENADOR REGIONAL AD-1;COORDENADOR REGIONAL; CARGO COMISSION.S/VINCULO;7273,03;;7273,03;1489,34;5783,69;
MARTA REGINA OLIVEIRA DE FARIAS;CB - CIVIL;A.TEC-II;COORD REGIONAL; ESTATUTARIO;6119,00;;6119,00;793,03;5325,97;
MICHELE DOS SANTOS AQUINO;CB - CIVIL;ASSESSOR II AD-2;; CARGO COMISSION.S/VINCULO;2909,79;;2909,79;234,88;2674,91;
PRISCILA SENA DA SILVA;CB - CIVIL;ASSESSOR I AD-1;; CARGO COMISSION.S/VINCULO;5529,77;;5529,77;986,40;4543,37;
RAIMUNDO NONATO ALMEIDA DA SILVA;CB - CIVIL;COORDENADOR REGIONAL AD-1;COORD.REGIONAL AD-1; CARGO COMISSION.S/VINCULO;5529,77;;5529,77;986,40;4543,37;
RAQUEL MORAES SILVA ALBUQUERQUE;CB - CIVIL;ASSESSOR I AD-1;; CARGO COMISSION.S/VINCULO;5529,77;;5529,77;986,40;4543,37;
REGINA AUXILIADORA DA MATA LUSTOSA;CB - CIVIL;TNS-I;CHEFE DE GABINETE; ESTATUTARIO;6903,47;;6903,47;1105,76;5797,71;
SANDRA ASSAYAG;CB - CIVIL;A.TEC-I;; ESTATUTARIO;4192,70;;4192,70;348,24;3844,46;
ULLA HAVANNE DE PAIVA VIEIRA;CB - CIVIL;ASSESSOR I AD-1;; CARGO COMISSION.S/VINCULO;5529,77;;5529,77;943,74;4586,03;
ZULMA SOARES CARDOSO;CB - CIVIL;ASSESSOR I AD-1;ASSESSOR I AD-1; CARGO COMISSION.S/VINCULO;5529,77;;5529,77;986,40;4543,37;
