NOME;LOTACAO;CARGO;FUNCAO;VINCULO;REMUNERACAO LEGAL TOTAL(R$);DESC.TETO(R$); REMUNERACAO LEGAL DEVIDA(R$);DESCONTOS LEGAIS(R$);LIQUIDO DISPONIVEL(R$);
ABRAAO D'AVILA DA COSTA;DEPARTAMENTO DE FINANCAS;GERENTE AD-2;GERENTE AD-2; CARGO COMISSION.S/VINCULO;4209,79;;4209,79;670,28;3539,51;
ADILSON VITORINO DE SOUZA;DEPARTAMENTO DE FISCALIZACAO;GERENTE AD-2;GERENTE AD-2; CARGO COMISSION.S/VINCULO;4209,79;;4209,79;670,28;3539,51;
ADIMAR DE MELO CARNEIRO;DEPARTAMENTO DE ADMINISTRACAO;AGENTE ADMINISTRATIVO;CHEF DE DEPARTAMENTO; ESTATUTARIO;5933,37;;5933,37;830,76;5102,61;
ADRIANA LUCIA LOBO COELHO;GABINETE DO DIRETOR PRESIDENTE;CHEFE DE GABINETE AD-1;CHEFE GABINETE AD-1; CARGO COMISSION.S/VINCULO;5229,77;;5229,77;986,40;4243,37;
ALBERTO CARVALHO DE LIMA;CONS.EST.REG.CONT.SERV.PUB.CON;MEMBRO DE CONSELHO;; CONSELHO;1000,00;;1000,00;;1000,00;
ALMINO SIDNEY MATOS CASTELO BRANCO;DEPARTAMENTO DE FISCALIZACAO;ASSESSOR I AD-1;ASSESSOR I AD-1; CARGO COMISSION.S/VINCULO;5229,77;;5229,77;986,40;4243,37;
AMALIZA EVANGELISTA DA COSTA;DIRETORIA ADM.FINANCEIRA;GERENTE AD-2;GERENTE AD-2; CARGO COMISSION.S/VINCULO;4209,79;;4209,79;670,28;3539,51;
AMIRALDO DA COSTA BRAGA JUNIOR;DIRETORIA TEC.CONC.REG.QUALID.;CHEFE DE DEPARTAMENTO AD-1;CH.DEPARTAMENTO AD1; CARGO COMISSION.S/VINCULO;5229,77;;5229,77;901,09;4328,68;
ANDRE SILVA DA FROTA;CONS.EST.REG.CONT.SERV.PUB.CON;MEMBRO DE CONSELHO;; CONSELHO;1000,00;;1000,00;;1000,00;
ATILA DE OLIVEIRA DENYS;CONS.EST.REG.CONT.SERV.PUB.CON;MEMBRO DE CONSELHO;; CONSELHO;1000,00;;1000,00;;1000,00;
AUDRYN HIRAN CALDAS DE OLIVEIRA LUZ;CONS.EST.REG.CONT.SERV.PUB.CON;MEMBRO DE CONSELHO SUPLENTE;MEMBRO CONS.SUPLENTE; CONSELHO;1000,00;;1000,00;;1000,00;
BELTIMAR SANTOS;DEPARTAMENTO DE INFORMATICA;GERENTE AD-2;GERENTE AD-2; CARGO COMISSION.S/VINCULO;4209,79;;4209,79;670,28;3539,51;
CARLOS ANTONIO NOGUEIRA DE ARAUJO;GABINETE DO DIRETOR PRESIDENTE;OUVIDOR AD-1;OUVIDOR AD-1; CARGO COMISSION.S/VINCULO;5229,77;;5229,77;943,74;4286,03;
CLEIDIANE BATISTA MENEZES;DEPARTAMENTO DE REC.HUMANOS;ASSESSOR I AD-1;ASSESSOR I AD 1; CARGO COMISSION.S/VINCULO;5229,77;;5229,77;943,74;4286,03;
CLEUTON PAZ DE SOUZA;DEPARTAMENTO DE FISCALIZACAO;GERENTE AD-2;GERENTE AD2; CARGO COMISSION.S/VINCULO;4209,79;;4209,79;670,28;3539,51;
CLICIA COELHO HOLANDA;DEPARTAMENTO DE FINANCAS;GERENTE AD-2;GERENTE AD-2; CARGO COMISSION.S/VINCULO;4209,79;;4209,79;641,84;3567,95;
DANIEL DA SILVA ANTUNES;DIRETORIA TEC.CONC.REG.QUALID.;AUXILIAR TECNICO;; ESTATUTARIO;3595,02;;3595,02;255,45;3339,57;
DOMINGOS SAVIO DE SOUZA;DIRETORIA ADM.FINANCEIRA;CORONEL;DIRETOR ADM-FINANC.; ESTATUTARIO;7020,00;;7020,00;852,59;6167,41;
ERICK EDELMAN DOS SANTOS;DIRETORIA TEC.CONC.REG.QUALID.;TECNICO DE NIVEL MEDIO;TEC NIVEL SUPERIOR; C.L.T.;3436,00;;3436,00;441,29;2994,71;
FABIO AUGUSTO ALHO DA COSTA;CONS.EST.REG.CONT.SERV.PUB.CON;PRESIDENTE DO CONSELHO;; CARGO COMISSION.S/VINCULO;2000,00;;2000,00;;2000,00;
FATIMA MARIA GAVINHO FROTA;DIRETORIA TEC.CONC.REG.QUALID.;ASSESSOR I AD-1;ASSESSOR I AD 1; CARGO COMISSION.S/VINCULO;5229,77;;5229,77;986,40;4243,37;
FRANCISCO DE ASSIS DE O MARQUES;DEPARTAMENTO DE FISCALIZACAO;FISCAL RODOVIARIO;; ESTATUTARIO;3577,54;;3577,54;222,76;3354,78;
GUSTAVO HENRIQUE DE SOUZA NUNES;DIRETORIA TEC.CONC.REG.QUALID.;ASSESSOR I AD-1;ASSESSOR AD1; CARGO COMISSION.S/VINCULO;5229,77;;5229,77;901,09;4328,68;
IVANETE RIBEIRO GAMA;DEPARTAMENTO DE ADMINISTRACAO;AUXILIAR DE SERVICOS GERAIS;; C.L.T.;1580,00;;1580,00;126,40;1453,60;
JÉSSICA OLIVEIRA AQUINO DE SOUSA;PROCURADORIA;ASSESSOR I AD-1;; CARGO COMISSION.S/VINCULO;6973,03;;6973,03;1489,34;5483,69;
JOBSON DE OLIVEIRA PEREIRA;GABINETE DO DIRETOR PRESIDENTE;ASSESSOR I AD-1;; CARGO COMISSION.S/VINCULO;5229,77;;5229,77;986,40;4243,37;
JORDAN DE ARAUJO FARIAS;DEPARTAMENTO DE ADMINISTRACAO;ASSESSOR II AD-2;ASSESSOR AD2; CARGO COMISSION.S/VINCULO;4209,79;;4209,79;670,28;3539,51;
JORGE GARCIA CARESTO;DIRETORIA TEC.CONC.REG.QUALID.;CHEFE DE DEPARTAMENTO AD-1;CHEFE DE DEPTO. AD-1; CARGO COMISSION.S/VINCULO;5229,77;;5229,77;986,40;4243,37;
JOSE ITAMAR DE SOUTO;CONS.EST.REG.CONT.SERV.PUB.CON;MEMBRO DE CONSELHO;; CONSELHO;1000,00;;1000,00;;1000,00;
JOSE MENEZES PINHEIRO;CONS.EST.REG.CONT.SERV.PUB.CON;MEMBRO DE CONSELHO;; CONSELHO;1000,00;;1000,00;;1000,00;
JOSE SELVIO TEIXEIRA PICANCO;DIRETORIA TEC.CONC.REG.QUALID.;CHEFE DE DEPARTAMENTO AD-1;CHEFE DE DEPTO. AD-1; CARGO COMISSION.S/VINCULO;5229,77;;5229,77;901,09;4328,68;
JOSE SOUZA BRAGA;DEPARTAMENTO DE FISCALIZACAO;GERENTE AD-2;GERENTE AD-2; CARGO COMISSION.S/VINCULO;4209,79;;4209,79;670,28;3539,51;
JUAREZ NOGUEIRA COTA DA COSTA;DIRETORIA TEC.CONC.REG.QUALID.;SUB-TENENTE;; ESTATUTARIO;5000,00;;5000,00;275,58;4724,42;
JULIO CEZAR PRADO;DEPARTAMENTO DE FISCALIZACAO;ASSISTENTE TECNICO 3A CLASSE;; ESTATUTARIO;3782,79;;3782,79;298,97;3483,82;
LEILA MOTA LEMOS DA COSTA;DIRETORIA TEC.CONC.REG.QUALID.;GERENTE AD-2;GERENTE AD-2; CARGO COMISSION.S/VINCULO;4209,79;;4209,79;613,40;3596,39;
LIZ SANER BARROS SENA;DEPARTAMENTO DE LOGISTICA;A.TEC-I;ASSIST. TECNICO I; ESTATUTARIO;3701,57;;3701,57;345,74;3355,83;
LIZELANNE GUIMARAES PINHEIRO ROCHA;GABINETE DO DIRETOR PRESIDENTE;ASSESSOR I AD-1;ASSESSOR I AD-1; CARGO COMISSION.S/VINCULO;5229,77;;5229,77;986,40;4243,37;
LUCIANNE DE ALENCAR CASTRO;DIRETORIA TEC.CONC.REG.QUALID.;ASSESSOR I AD-1;; CARGO COMISSION.S/VINCULO;5229,77;;5229,77;986,40;4243,37;
MAISA FERREIRA ALENCAR;DEPARTAMENTO DE LOGISTICA;GERENTE AD-2;GERENTE AD-2; CARGO COMISSION.S/VINCULO;4209,79;;4209,79;613,40;3596,39;
MANOEL SOUSA;DEPARTAMENTO DE FISCALIZACAO;GERENTE AD-2;GERENTE AD-2; CARGO COMISSION.S/VINCULO;4209,79;;4209,79;641,84;3567,95;
MARCOS HERNANDES LASMAR SILVA;DEPARTAMENTO DE FISCALIZACAO;GERENTE AD-2;GERENTE AD-2; CARGO COMISSION.S/VINCULO;4209,79;;4209,79;613,40;3596,39;
MARIA ANTONIA RODRIGUES CASTELO;DEPARTAMENTO DE ADMINISTRACAO;A.TEC-I;; ESTATUTARIO;3780,69;;3780,69;365,01;3415,68;
MARIA DIVINA VARGAS DE LIMA;DEPARTAMENTO DE ADMINISTRACAO;ASSESSOR I AD-1;ASSESSOR I AD 1; CARGO COMISSION.S/VINCULO;5229,77;;5229,77;986,40;4243,37;
MARIA MISTE RIBEIRO SILVA;DEPARTAMENTO DE REC.HUMANOS;A.TEC-I;; ESTATUTARIO;3932,08;;3932,08;300,03;3632,05;
MARIA NEUSA DOS SANTOS;DIR.DE PROCDIMEN.E LOGISTICA;ASSESSOR II AD-2;ASSESSOR II AD-2; CARGO COMISSION.S/VINCULO;5613,05;;5613,05;1115,35;4497,70;
MARIA RAIMUNDA SALES DE SOUZA;DEPARTAMENTO DE LOGISTICA;AUXILIAR DE SERVICOS GERAIS;; C.L.T.;1580,00;;1580,00;126,40;1453,60;
NADIA MARIA DE SOUZA SARAIVA;DIRETORIA TEC.CONC.REG.QUALID.;ASSESSOR I AD-1;ASSESSOR I AD 1; CARGO COMISSION.S/VINCULO;5229,77;;5229,77;986,40;4243,37;
NORMANDO LOPES DE OLIVEIRA;DIRETORIA TEC.CONC.REG.QUALID.;ASSESSOR I AD-1;ASSESSOR I AD 1; CARGO COMISSION.S/VINCULO;5229,77;;5229,77;858,43;4371,34;
OZIEL OLIVEIRA MINEIRO;DIRETORIA TEC.CONC.REG.QUALID.;AUXILIAR TECNICO;; ESTATUTARIO;3595,02;;3595,02;255,45;3339,57;
RAFAEL REBELO AFFONSO;DEPARTAMENTO DE INFORMATICA;AUX.ADM-III;; ESTATUTARIO;1271,21;;1271,21;139,83;1131,38;
RAFAEL SANTOS OLIVEIRA;DEPARTAMENTO DE FINANCAS;ASSISTENTE TECNICO 1A CLASSE;; ESTATUTARIO;3831,88;;3831,88;259,03;3572,85;
RENATA MENDES REIS;CONS.EST.REG.CONT.SERV.PUB.CON;MEMBRO DE CONSELHO;; CONSELHO;1000,00;;1000,00;;1000,00;
RICARDO HENRIQUE GOMES LIMA;DIRETORIA TEC.CONC.REG.QUALID.;ASSESSOR I AD-1;ASSESSOR AD1; CARGO COMISSION.S/VINCULO;5229,77;;5229,77;901,09;4328,68;
ROOSEVELT DA SILVA LIMA;DEPARTAMENTO DE FINANCAS;CHEFE DE DEPARTAMENTO AD-1;CHEFE DE DEPTO. AD-1; CARGO COMISSION.S/VINCULO;5229,77;;5229,77;858,43;4371,34;
SISSY VASCONCELOS CORREA L SANTOS;DIRETORIA TEC.CONC.REG.QUALID.;DIRETOR TEC.DE CONCES.REG.QUALIDADE;DIR TEC DE CONC REG; CARGO COMISSION.S/VINCULO;9000,00;;9000,00;2046,76;6953,24;
SUZY LIMA TAVARES;DIRETORIA TEC.CONC.REG.QUALID.;CHEFE DE DEPARTAMENTO AD-1;CHEFE DE DPTO AD 1; CARGO COMISSION.S/VINCULO;5229,77;;5229,77;986,40;4243,37;
TATYANA ANDRADE DA COSTA;GABINETE DO DIRETOR PRESIDENTE;GERENTE AD-2;; CARGO COMISSION.S/VINCULO;4209,79;;4209,79;641,84;3567,95;
THAIS DA COSTA BATISTA MENDES;DIR.DE PROCDIMEN.E LOGISTICA;ASSESSOR II AD-2;; CARGO COMISSION.S/VINCULO;4209,79;;4209,79;670,28;3539,51;
VERA LUCIA DE SA CARREIRA;DEPARTAMENTO DE LOGISTICA;ASSISTENTE TECNICO ADMINISTRATIVO A;; ESTATUTARIO;3745,46;;3745,46;334,89;3410,57;
VERA NILDE LIMA DA SILVA;GABINETE DO DIRETOR PRESIDENTE;CHEFE DE DEPARTAMENTO AD-1;CHEFE DE DEPTO. AD-1; CARGO COMISSION.S/VINCULO;5229,77;;5229,77;943,74;4286,03;
WALDECY DE SOUZA GONCALVES;DEPARTAMENTO DE ADMINISTRACAO;A.TEC-I;; ESTATUTARIO;3745,29;;3745,29;299,51;3445,78;
WALTER RODRIGUES DA CRUZ JUNIOR;DIRETORIA ADM.FINANCEIRA;CORONEL;DIRETOR PRESIDENTE; ESTATUTARIO;8580,00;;8580,00;1385,87;7194,13;
WILLIAN DE SOUZA NUNES;DEPARTAMENTO DE FISCALIZACAO;GERENTE AD-2;GERENTE AD2; CARGO COMISSION.S/VINCULO;5613,05;;5613,05;1115,35;4497,70;
