NOME;LOTACAO;CARGO;FUNCAO;VINCULO;REMUNERACAO LEGAL TOTAL(R$);DESC.TETO(R$); REMUNERACAO LEGAL DEVIDA(R$);DESCONTOS LEGAIS(R$);LIQUIDO DISPONIVEL(R$);
ABRAAO D'AVILA DA COSTA;DEPARTAMENTO DE FINANCAS;GERENTE AD-2;GERENTE AD-2; CARGO COMISSION.S/VINCULO;4209,79;;4209,79;670,28;3539,51;
ADILSON VITORINO DE SOUZA;DEPARTAMENTO DE FISCALIZACAO;GERENTE AD-2;GERENTE AD-2; CARGO COMISSION.S/VINCULO;4209,79;;4209,79;670,28;3539,51;
ADIMAR DE MELO CARNEIRO;DEPARTAMENTO DE ADMINISTRACAO;AGENTE ADMINISTRATIVO;CHEF DE DEPARTAMENTO; ESTATUTARIO;5933,37;;5933,37;830,76;5102,61;
ADRIANA LUCIA LOBO COELHO;CONS.EST.REG.CONT.SERV.PUB.CON;SECRETARIO DE CONSELHO AD-1;; CARGO COMISSION.S/VINCULO;6057,80;;6057,80;1100,03;4957,77;
ADRIANA LUCIA LOBO COELHO;GABINETE DO DIRETOR PRESIDENTE;CHEFE DE GABINETE AD-1;CHEFE GABINETE AD-1; CARGO COMISSION.S/VINCULO;9152,09;;9152,09;600,28;8551,81;
ALBERTO CARVALHO DE LIMA;CONS.EST.REG.CONT.SERV.PUB.CON;MEMBRO DE CONSELHO;; CONSELHO;1000,00;;1000,00;;1000,00;
ALMINO SIDNEY MATOS CASTELO BRANCO;DEPARTAMENTO DE FISCALIZACAO;ASSESSOR I AD-1;ASSESSOR I AD-1; CARGO COMISSION.S/VINCULO;5229,77;;5229,77;986,40;4243,37;
AMALIZA EVANGELISTA DA COSTA;DIRETORIA ADM.FINANCEIRA;GERENTE AD-2;GERENTE AD-2; CARGO COMISSION.S/VINCULO;4209,79;;4209,79;670,28;3539,51;
AMANDA ALINE SILVA VASCONCELOS;DEPARTAMENTO DE REC.HUMANOS;ASSESSOR II AD-2;; CARGO COMISSION.S/VINCULO;4876,02;;4876,02;755,57;4120,45;
AMIRALDO DA COSTA BRAGA JUNIOR;DIRETORIA TEC.CONC.REG.QUALID.;CHEFE DE DEPARTAMENTO AD-1;CH.DEPARTAMENTO AD1; CARGO COMISSION.S/VINCULO;5229,77;;5229,77;901,09;4328,68;
ANDRE SILVA DA FROTA;CONS.EST.REG.CONT.SERV.PUB.CON;MEMBRO DE CONSELHO;; CONSELHO;1000,00;;1000,00;;1000,00;
ATILA DE OLIVEIRA DENYS;CONS.EST.REG.CONT.SERV.PUB.CON;MEMBRO DE CONSELHO;; CONSELHO;1000,00;;1000,00;;1000,00;
BELTIMAR SANTOS;DEPARTAMENTO DE INFORMATICA;GERENTE AD-2;GERENTE AD-2; CARGO COMISSION.S/VINCULO;4209,79;;4209,79;670,28;3539,51;
CARLA EDUARDA HOUNSELL CAMARA;DEPARTAMENTO DE REC.HUMANOS;ASSESSOR I AD-1;ASSESSOR I AD 1; CARGO COMISSION.S/VINCULO;9849,39;;9849,39;1269,41;8579,98;
CARLA MORAES CASTELLO BRANCO;GABINETE DO DIRETOR PRESIDENTE;ASSESSOR I AD-1;; CARGO COMISSION.S/VINCULO;6057,80;;6057,80;1100,03;4957,77;
CARLOS ANTONIO NOGUEIRA DE ARAUJO;GABINETE DO DIRETOR PRESIDENTE;OUVIDOR AD-1;OUVIDOR AD-1; CARGO COMISSION.S/VINCULO;8571,00;;8571,00;571,84;7999,16;
CLEIDIANE BATISTA MENEZES;DEPARTAMENTO DE REC.HUMANOS;ASSESSOR I AD-1;ASSESSOR I AD 1; CARGO COMISSION.S/VINCULO;5229,77;;5229,77;943,74;4286,03;
CLEUTON PAZ DE SOUZA;DEPARTAMENTO DE FISCALIZACAO;GERENTE AD-2;GERENTE AD2; CARGO COMISSION.S/VINCULO;9121,19;;9121,19;499,43;8621,76;
CLICIA COELHO HOLANDA;DEPARTAMENTO DE FINANCAS;GERENTE AD-2;GERENTE AD-2; CARGO COMISSION.S/VINCULO;4209,79;;4209,79;641,84;3567,95;
CRISTIANE MARTINS ARAUJO;DIRETORIA ADM.FINANCEIRA;GERENTE AD-2;; CARGO COMISSION.S/VINCULO;4876,02;;4876,02;755,57;4120,45;
DANIEL DA SILVA ANTUNES;DIRETORIA TEC.CONC.REG.QUALID.;AUXILIAR TECNICO;; ESTATUTARIO;3595,02;;3595,02;255,45;3339,57;
DILSONEY CHAPIAMA DA SILVA;GABINETE DO DIRETOR PRESIDENTE;ASSESSOR I AD-1;; CARGO COMISSION.S/VINCULO;6057,80;;6057,80;1100,03;4957,77;
DOMINGOS SAVIO DE SOUZA;DIRETORIA ADM.FINANCEIRA;CORONEL;DIRETOR ADM-FINANC.; ESTATUTARIO;9641,25;411,19;9230,06;1036,51;8193,55;
DYENE RIBEIRO DA SILVA NASCIMENTO;DEPARTAMENTO DE LOGISTICA;GERENTE AD-2;GERENTE AD-2; CARGO COMISSION.S/VINCULO;9331,69;;9331,69;952,94;8378,75;
ERICK EDELMAN DOS SANTOS;DIRETORIA TEC.CONC.REG.QUALID.;TECNICO DE NIVEL MEDIO;TEC NIVEL SUPERIOR; C.L.T.;3436,00;;3436,00;441,29;2994,71;
FABIO AUGUSTO ALHO DA COSTA;GABINETE DO DIRETOR PRESIDENTE;DIRETOR PRESIDENTE;DIRETOR PRESIDENTE; CARGO COMISSION.S/VINCULO;15145,00;;15145,00;2306,63;12838,37;
FABIO JR ARAUJO CABRAL;DIRETORIA TEC.CONC.REG.QUALID.;GERENTE AD-2;; CARGO COMISSION.S/VINCULO;11717,13;;11717,13;2588,74;9128,39;
FATIMA MARIA GAVINHO FROTA;DIRETORIA TEC.CONC.REG.QUALID.;ASSESSOR I AD-1;ASSESSOR I AD 1; CARGO COMISSION.S/VINCULO;5229,77;;5229,77;986,40;4243,37;
FRANCISCO DA SILVA MARCOLINO;DIRETORIA TEC.CONC.REG.QUALID.;GERENTE AD-2;; CARGO COMISSION.S/VINCULO;4548,80;;4548,80;697,40;3851,40;
FRANCISCO DE ASSIS DE O MARQUES;DEPARTAMENTO DE FISCALIZACAO;FISCAL RODOVIARIO;; ESTATUTARIO;3577,54;;3577,54;222,76;3354,78;
GIOCONDA BERENICE DE ALMEIDA CORREA;DEPTO.DE REGUL.DA QUALIDADE;GERENTE AD-2;; CARGO COMISSION.S/VINCULO;4876,02;;4876,02;755,57;4120,45;
GUSTAVO HENRIQUE DE SOUZA NUNES;DIRETORIA TEC.CONC.REG.QUALID.;ASSESSOR I AD-1;ASSESSOR AD1; CARGO COMISSION.S/VINCULO;5229,77;;5229,77;901,09;4328,68;
HERMANN SAUNDRS FERNANDES;ASSESSORIA;ASSESSOR I AD-1;; CARGO COMISSION.S/VINCULO;6057,80;;6057,80;1100,03;4957,77;
HOMERO LEITE DE ALMEIDA;DIRETORIA TEC.CONC.REG.QUALID.;ASSESSOR I AD-1;ASSESSOR I AD 1; CARGO COMISSION.S/VINCULO;9849,39;;9849,39;1321,55;8527,84;
IVANETE RIBEIRO GAMA;DEPARTAMENTO DE ADMINISTRACAO;AUXILIAR DE SERVICOS GERAIS;; C.L.T.;1580,00;;1580,00;126,40;1453,60;
JÉSSICA OLIVEIRA AQUINO DE SOUSA;PROCURADORIA;ASSESSOR I AD-1;; CARGO COMISSION.S/VINCULO;5229,77;;5229,77;986,40;4243,37;
JOBSON DE OLIVEIRA PEREIRA;GABINETE DO DIRETOR PRESIDENTE;ASSESSOR I AD-1;; CARGO COMISSION.S/VINCULO;7118,29;;7118,29;396,40;6721,89;
JORDAN DE ARAUJO FARIAS;DEPARTAMENTO DE ADMINISTRACAO;ASSESSOR II AD-2;ASSESSOR AD2; CARGO COMISSION.S/VINCULO;4209,79;;4209,79;670,28;3539,51;
JORGE GARCIA CARESTO;DIRETORIA TEC.CONC.REG.QUALID.;CHEFE DE DEPARTAMENTO AD-1;CHEFE DE DEPTO. AD-1; CARGO COMISSION.S/VINCULO;5229,77;;5229,77;986,40;4243,37;
JOSE ITAMAR DE SOUTO;CONS.EST.REG.CONT.SERV.PUB.CON;MEMBRO DE CONSELHO;; CONSELHO;1000,00;;1000,00;;1000,00;
JOSE MENEZES PINHEIRO;CONS.EST.REG.CONT.SERV.PUB.CON;MEMBRO DE CONSELHO;; CONSELHO;1000,00;;1000,00;;1000,00;
JOSE SELVIO TEIXEIRA PICANCO;DIRETORIA TEC.CONC.REG.QUALID.;CHEFE DE DEPARTAMENTO AD-1;CHEFE DE DEPTO. AD-1; CARGO COMISSION.S/VINCULO;5229,77;;5229,77;901,09;4328,68;
JOSE SOUZA BRAGA;DEPARTAMENTO DE FISCALIZACAO;GERENTE AD-2;GERENTE AD-2; CARGO COMISSION.S/VINCULO;4209,79;;4209,79;670,28;3539,51;
JUAREZ NOGUEIRA COTA DA COSTA;DIRETORIA TEC.CONC.REG.QUALID.;SUB-TENENTE;; ESTATUTARIO;6249,94;;6249,94;342,93;5907,01;
JULIO CEZAR PRADO;DEPARTAMENTO DE FISCALIZACAO;ASSISTENTE TECNICO 3A CLASSE;; ESTATUTARIO;3782,79;;3782,79;298,97;3483,82;
LEILA MOTA LEMOS DA COSTA;DIRETORIA TEC.CONC.REG.QUALID.;GERENTE AD-2;GERENTE AD-2; CARGO COMISSION.S/VINCULO;4209,79;;4209,79;613,40;3596,39;
LIZ SANER BARROS SENA;DEPARTAMENTO DE LOGISTICA;A.TEC-I;ASSIST. TECNICO I; ESTATUTARIO;3701,57;;3701,57;345,74;3355,83;
LIZELANNE GUIMARAES PINHEIRO ROCHA;GABINETE DO DIRETOR PRESIDENTE;ASSESSOR I AD-1;ASSESSOR I AD-1; CARGO COMISSION.S/VINCULO;5229,77;;5229,77;986,40;4243,37;
LUCIANNE DE ALENCAR CASTRO;DIRETORIA TEC.CONC.REG.QUALID.;ASSESSOR I AD-1;; CARGO COMISSION.S/VINCULO;6101,43;;6101,43;1256,83;4844,60;
MAISA FERREIRA ALENCAR;DEPARTAMENTO DE LOGISTICA;GERENTE AD-2;GERENTE AD-2; CARGO COMISSION.S/VINCULO;8185,68;;8185,68;448,82;7736,86;
MANOEL SOUSA;DEPARTAMENTO DE FISCALIZACAO;GERENTE AD-2;GERENTE AD-2; CARGO COMISSION.S/VINCULO;4209,79;;4209,79;641,84;3567,95;
MARCOS HERNANDES LASMAR SILVA;DEPARTAMENTO DE FISCALIZACAO;GERENTE AD-2;GERENTE AD-2; CARGO COMISSION.S/VINCULO;7367,12;;7367,12;386,81;6980,31;
MARIA ANTONIA RODRIGUES CASTELO;DEPARTAMENTO DE ADMINISTRACAO;A.TEC-I;; ESTATUTARIO;3780,69;;3780,69;365,01;3415,68;
MARIA DAS GRACAS DUTRA BORGHI;DEPTO.DE REGUL.DA QUALIDADE;ASSESSOR I AD-1;; CARGO COMISSION.S/VINCULO;11592,65;;11592,65;1321,55;10271,10;
MARIA DIVINA VARGAS DE LIMA;DEPARTAMENTO DE ADMINISTRACAO;ASSESSOR I AD-1;ASSESSOR I AD 1; CARGO COMISSION.S/VINCULO;5229,77;;5229,77;986,40;4243,37;
MARIA MISTE RIBEIRO SILVA;DEPARTAMENTO DE REC.HUMANOS;A.TEC-I;; ESTATUTARIO;6096,20;;6096,20;737,24;5358,96;
MARIA RAIMUNDA SALES DE SOUZA;DEPARTAMENTO DE LOGISTICA;AUXILIAR DE SERVICOS GERAIS;; C.L.T.;1580,00;;1580,00;126,40;1453,60;
MARIZA DIAS LAVAREDA;GABINETE DO DIRETOR PRESIDENTE;GERENTE AD-2;; CARGO COMISSION.S/VINCULO;4548,80;;4548,80;697,40;3851,40;
MEIRIJANE CARVALHO DE FARIAS;GABINETE DO DIRETOR PRESIDENTE;CHEFE DE GABINETE AD-1;; CARGO COMISSION.S/VINCULO;6057,80;;6057,80;1100,03;4957,77;
MIGUEL DE HOLANDA VITAL;ASSESSORIA;ASSESSOR I AD-1;; CARGO COMISSION.S/VINCULO;6057,80;;6057,80;1100,03;4957,77;
NADIA MARIA DE SOUZA SARAIVA;DIRETORIA TEC.CONC.REG.QUALID.;ASSESSOR I AD-1;ASSESSOR I AD 1; CARGO COMISSION.S/VINCULO;5229,77;;5229,77;986,40;4243,37;
NILMAR DOS SANTOS COSTA;DIRETORIA ADM.FINANCEIRA;DIRETOR ADMINISTRATIVO E FINANCEIRO;DIR.ADMIN.FINANCEIRO; CARGO COMISSION.S/VINCULO;39950,00;;39950,00;1653,73;38296,27;
NORMANDO LOPES DE OLIVEIRA;DIRETORIA TEC.CONC.REG.QUALID.;ASSESSOR I AD-1;ASSESSOR I AD 1; CARGO COMISSION.S/VINCULO;5229,77;;5229,77;858,43;4371,34;
OZIEL OLIVEIRA MINEIRO;DIRETORIA TEC.CONC.REG.QUALID.;AUXILIAR TECNICO;; ESTATUTARIO;3595,02;;3595,02;255,45;3339,57;
PATRICIA FONSECA BENAYON A SOUZA;DIRETORIA ADM.FINANCEIRA;ASSESSOR I AD-1;ASSESSOR I AD-1; CARGO COMISSION.S/VINCULO;11592,65;;11592,65;1165,14;10427,51;
RAFAEL REBELO AFFONSO;DEPARTAMENTO DE INFORMATICA;AUX.ADM-III;; ESTATUTARIO;6181,03;;6181,03;810,92;5370,11;
RAFAEL SANTOS OLIVEIRA;DEPARTAMENTO DE FINANCAS;ASSISTENTE TECNICO 1A CLASSE;; ESTATUTARIO;4343,11;;4343,11;259,03;4084,08;
RANA KAROLINE DE SOUZA MAIA MAR;DEPTO.DE REGUL.DA QUALIDADE;ASSESSOR II AD-2;; CARGO COMISSION.S/VINCULO;3858,81;;3858,81;527,46;3331,35;
RENATA MENDES REIS;CONS.EST.REG.CONT.SERV.PUB.CON;MEMBRO DE CONSELHO;; CONSELHO;1000,00;;1000,00;;1000,00;
RICARDO HENRIQUE GOMES LIMA;DIRETORIA TEC.CONC.REG.QUALID.;ASSESSOR I AD-1;ASSESSOR AD1; CARGO COMISSION.S/VINCULO;5229,77;;5229,77;901,09;4328,68;
ROOSEVELT DA SILVA LIMA;DEPARTAMENTO DE FINANCAS;CHEFE DE DEPARTAMENTO AD-1;CHEFE DE DEPTO. AD-1; CARGO COMISSION.S/VINCULO;5229,77;;5229,77;858,43;4371,34;
ROOSEVELT MACHADO DIAS DE SOUZA;DIRETORIA TEC.CONC.REG.QUALID.;ASSESSOR II AD-2;; CARGO COMISSION.S/VINCULO;3858,81;;3858,81;527,46;3331,35;
SISSY VASCONCELOS CORREA L SANTOS;DIRETORIA TEC.CONC.REG.QUALID.;DIRETOR TEC.DE CONCES.REG.QUALIDADE;DIR TEC DE CONC REG; CARGO COMISSION.S/VINCULO;9000,00;;9000,00;2046,76;6953,24;
SUZY LIMA TAVARES;DIRETORIA TEC.CONC.REG.QUALID.;CHEFE DE DEPARTAMENTO AD-1;CHEFE DE DPTO AD 1; CARGO COMISSION.S/VINCULO;5229,77;;5229,77;986,40;4243,37;
TATYANA ANDRADE DA COSTA;GABINETE DO DIRETOR PRESIDENTE;GERENTE AD-2;; CARGO COMISSION.S/VINCULO;4209,79;;4209,79;641,84;3567,95;
TEREZINHA AGUIAR ABTIBOL;CONS.EST.REG.CONT.SERV.PUB.CON;SECRETARIO DE CONSELHO AD-1;SECRET CONSELHO AD 1; CARGO COMISSION.S/VINCULO;9268,31;;9268,31;1269,41;7998,90;
THAIS DA COSTA BATISTA MENDES;DIR.DE PROCDIMEN.E LOGISTICA;ASSESSOR II AD-2;; CARGO COMISSION.S/VINCULO;4209,79;;4209,79;670,28;3539,51;
THIAGO DE MENEZES ERSE;PROCURADORIA;ASSESSOR II AD-2;ASSESSOR II AD-2; CARGO COMISSION.S/VINCULO;9331,69;;9331,69;952,94;8378,75;
VANDERRUBEN REIS DA COSTA;DEPARTAMENTO DE FISCALIZACAO;ASSESSOR I AD-1;; CARGO COMISSION.S/VINCULO;6057,80;;6057,80;1100,03;4957,77;
VERA LUCIA DE SA CARREIRA;DEPARTAMENTO DE LOGISTICA;ASSISTENTE TECNICO ADMINISTRATIVO A;; ESTATUTARIO;3745,46;;3745,46;334,89;3410,57;
VERA NILDE LIMA DA SILVA;GABINETE DO DIRETOR PRESIDENTE;CHEFE DE DEPARTAMENTO AD-1;CHEFE DE DEPTO. AD-1; CARGO COMISSION.S/VINCULO;5229,77;;5229,77;943,74;4286,03;
WALDECY DE SOUZA GONCALVES;DEPARTAMENTO DE ADMINISTRACAO;A.TEC-I;; ESTATUTARIO;3745,29;;3745,29;299,51;3445,78;
WALTER RODRIGUES DA CRUZ JUNIOR;DIRETORIA ADM.FINANCEIRA;CORONEL;DIRETOR PRESIDENTE; ESTATUTARIO;11782,75;1483,97;10298,78;1354,72;8944,06;
WALTER RODRIGUES DA CRUZ JUNIOR;CONS.EST.REG.CONT.SERV.PUB.CON;PRESIDENTE DO CONSELHO;; CONSELHO;2000,00;299,80;1700,20;;1700,20;
WHELIGTON SALOMAO ABTIBOL;DEPARTAMENTO DE FISCALIZACAO;GERENTE AD-2;; CARGO COMISSION.S/VINCULO;6525,17;;6525,17;952,94;5572,23;
WILLIAN DE SOUZA NUNES;DEPARTAMENTO DE FISCALIZACAO;GERENTE AD-2;GERENTE AD2; CARGO COMISSION.S/VINCULO;4209,79;;4209,79;670,28;3539,51;
