NOME;LOTACAO;CARGO;FUNCAO;VINCULO;REMUNERACAO LEGAL TOTAL(R$);DESC.TETO(R$); REMUNERACAO LEGAL DEVIDA(R$);DESCONTOS LEGAIS(R$);LIQUIDO DISPONIVEL(R$);
ADRIANNE MOTA EDWARDS;PROCURADORIA;ASSESSOR I;; CARGO COMISSION.S/VINCULO;10576,03;;10576,03;608,44;9967,59;
ALCELANIA DE SOUZA ALMEIDA FLORES;ASSESSORIA;ASSESSOR II;; CARGO COMISSION.S/VINCULO;1177,00;;1177,00;94,16;1082,84;
ALDENEY JOSE CAJUEIRO NASCIMENTO;DIR.DE NEG.AGROP.E PESQUEIRO;ASSESSOR II;; CARGO COMISSION.S/VINCULO;8687,95;;8687,95;608,44;8079,51;
ALEXANDRE SILVA GOMES;GERENCIA DE ORC.E FINANCAS;ASSESSOR III;; CARGO COMISSION.S/VINCULO;1681,80;;1681,80;151,36;1530,44;
ANA MICHELE DA SILVA NOGUEIRA;DEPTO.DE ORCAMENTO E FINANCAS;ASSESSOR ADMINISTRATIVO;; C.L.T.;2953,00;;2953,00;350,70;2602,30;
ANDREZA DOS SANTOS FERREIRA;GABINETE DA PRESIDENCIA;ASSESSOR IV;; CARGO COMISSION.S/VINCULO;1514,61;;1514,61;121,16;1393,45;
ARCHIBAL SAUNIER D ORAN FILHO;GERENCIA DE CONTABILIDADE;GERENTE;; CARGO COMISSION.S/VINCULO;4209,79;;4209,79;641,84;3567,95;
AUREO LUCIO MACHADO DA COSTA;DIR.DE NEG.AGROP.E PESQUEIRO;AUXILIAR DE SERVICOS GERAIS;; C.L.T.;1137,00;;1137,00;90,96;1046,04;
BRUNO DE SOUZA PEREIRA;DEPTO.DE ORCAMENTO E FINANCAS;ASSISTENTE ADMINISTRATIVO;; C.L.T.;2463,00;;2463,00;246,97;2216,03;
CLARA EMILIA FERNANDES IANNUZZI;DEPTO.DE ORCAMENTO E FINANCAS;GERENTE;; CARGO COMISSION.S/VINCULO;15828,00;;15828,00;608,44;15219,56;
CLAUDIO DE OLIVEIRA SILVA;GERENCIA DE ORC.E FINANCAS;GERENTE;; CARGO COMISSION.S/VINCULO;4209,79;;4209,79;641,84;3567,95;
CLEUCY VANJA GOMES MOTA;DIR.DE NEG.AGROP.E PESQUEIRO;ASSESSOR IV;; CARGO COMISSION.S/VINCULO;2179,61;;2179,61;196,16;1983,45;
DANIEL SOARES LOPES;PROCURADORIA;ASSESSOR I;; CARGO COMISSION.S/VINCULO;1917,64;;1917,64;172,58;1745,06;
DARLENE MARIA DE SOUZA REGIS;DIR.DE NEG.AGROP.E PESQUEIRO;ASSESSOR II;; CARGO COMISSION.S/VINCULO;3209,79;;3209,79;426,78;2783,01;
DIEGO AUGUSTO SIMOES RAMOS;GERENCIA DE FEIRAS E EVENTOS;GERENTE;; CARGO COMISSION.S/VINCULO;4209,79;;4209,79;613,40;3596,39;
DIOGO AUGUSTO SANTOS DA SILVA;PROCURADORIA;ASSESSOR II;; CARGO COMISSION.S/VINCULO;18767,92;;18767,92;608,44;18159,48;
EDENILCE FARACO CALDAS;GERENCIA DE ADM.PAT.E SERVICOS;AUXILIAR DE SERVICOS GERAIS;; C.L.T.;1236,00;;1236,00;90,96;1145,04;
EDILAMAR VIEIRA DA SILVA;GERENCIA DE ADM.PAT.E SERVICOS;AUXILIAR DE SERVICOS GERAIS;; C.L.T.;1236,00;;1236,00;90,96;1145,04;
ELIELZA SOUZA CAVALCANTE;GERENCIA DE ADM.PAT.E SERVICOS;ASSESSOR III;; CARGO COMISSION.S/VINCULO;1681,80;;1681,80;151,36;1530,44;
ELKE DA SILVA GONDIM;DIR.DE NEG.AGROP.E PESQUEIRO;ASSESSOR ADMINISTRATIVO;; C.L.T.;2953,00;;2953,00;379,14;2573,86;
EMERSON RODRIGUES MOREIRA;DIR.DE NEG.AGROP.E PESQUEIRO;ASSESSOR TECNICO;; C.L.T.;3555,00;;3555,00;442,89;3112,11;
ERIK FRANCO DE SA;PROCURADORIA;PROCURADOR CHEFE;; CARGO COMISSION.S/VINCULO;20300,41;;20300,41;608,44;19691,97;
FABIO MORAES CASTELLO BRANCO;PROCURADORIA;PROCURADOR CHEFE;; CARGO COMISSION.S/VINCULO;1917,74;;1917,74;172,59;1745,15;
FABIO MOTA;GERENCIA DE ORC.E FINANCAS;ASSISTENTE ADMINISTRATIVO;; C.L.T.;2463,00;;2463,00;246,97;2216,03;
FILIPE ARTHUR COELHO RIBEIRO;DIR.DE NEG.AGROP.E PESQUEIRO;ASSESSOR TECNICO;; C.L.T.;3555,00;;3555,00;510,84;3044,16;
GISELLE LIRA MILLER;GERENCIA DE CONTABILIDADE;ASSESSOR III;; CARGO COMISSION.S/VINCULO;2195,80;;2195,80;197,62;1998,18;
HEITOR RODRIGUES LIBERATO JUNIOR;DIR.DE NEG.AGROP.E PESQUEIRO;CHEFE DE DEPARTAMENTO;; CARGO COMISSION.S/VINCULO;5229,77;;5229,77;901,09;4328,68;
INES GOMES DA SILVA;GERENCIA DE RECURSOS HUMANOS;GERENTE;; CARGO COMISSION.S/VINCULO;4209,79;;4209,79;670,28;3539,51;
JACQUELINE MARIA AZEVEDO GUARLOTE;GABINETE DA PRESIDENCIA;ASSESSOR III;; CARGO COMISSION.S/VINCULO;805,20;;805,20;64,41;740,79;
JARDEL AUGUSTO ANDRADE LUZEIRO;DIR.DE NEG.AGROP.E PESQUEIRO;CHEFE DE DEPARTAMENTO;; CARGO COMISSION.S/VINCULO;5229,77;;5229,77;986,40;4243,37;
JOAO BOSCO DOS SANTOS SEABRA;GERENCIA DE ADM.PAT.E SERVICOS;MOTORISTA;; C.L.T.;1650,00;;1650,00;132,00;1518,00;
JOAO GOMES DE SOUSA;GERENCIA DE ADM.PAT.E SERVICOS;MOTORISTA;MOTORISTA; C.L.T.;1650,00;;1650,00;132,00;1518,00;
JORGE CARLOS PONTES TEIXEIRA;DIRETORIA DE ADM.E FINANCAS;DIRETOR ADMINISTRATIVO E FINANCEIRO;; C.L.T.;5150,00;;5150,00;;5150,00;
JOSE ALFREDO SILVEIRA DO AMARAL;DIR.DE NEG.AGROP.E PESQUEIRO;ASSESSOR III;; CARGO COMISSION.S/VINCULO;3214,36;;3214,36;353,57;2860,79;
JOSE RAMONILSON DE SOUZA GOMES;DIR.DE NEG.AGROP.E PESQUEIRO;DIRETOR TECNICO;; C.L.T.;9000,00;;9000,00;1605,64;7394,36;
JULIANO YUITI IKUNO OSAWA;DIR.DE NEG.AGROP.E PESQUEIRO;ASSESSOR III;; CARGO COMISSION.S/VINCULO;1681,80;;1681,80;151,36;1530,44;
KETLEN RODRIGUES DA SILVA LIMA;GERENCIA DE COMERCIALIZACAO;GERENTE;; CARGO COMISSION.S/VINCULO;4209,79;;4209,79;670,28;3539,51;
LARISSA SPULDARO XAVIER;PROCURADORIA;ASSESSOR II;; CARGO COMISSION.S/VINCULO;5385,46;;5385,46;645,90;4739,56;
LIDINA DO NASCIMENTO PRAIA;GERENCIA DE RECURSOS HUMANOS;ASSESSOR III;; CARGO COMISSION.S/VINCULO;1681,80;;1681,80;151,36;1530,44;
LISSANDRO BREVAL SANTIAGO;PRESIDENCIA;DIRETOR PRESIDENTE;; C.L.T.;25415,00;;25415,00;608,44;24806,56;
LOURENCO SOUSA DA SILVA;PROCURADORIA;ASSESSOR TECNICO;; C.L.T.;3555,00;;3555,00;510,84;3044,16;
LUANA MARIA LINS LOPES;DEPTO.DE ORCAMENTO E FINANCAS;ASSISTENTE ADMINISTRATIVO;; C.L.T.;2463,00;;2463,00;232,75;2230,25;
LUCIO FLAVIO DO ROSARIO;PRESIDENCIA;DIRETOR PRESIDENTE;; C.L.T.;9750,00;;9750,00;2253,01;7496,99;
MARCO ANTONIO MENEZES PETILLO;CONSELHO FISCAL;MEMBRO DE CONSELHO;; CARGO COMISSION.S/VINCULO;1000,00;;1000,00;80,00;920,00;
MARCO AURELIO ALCOFORADO GUERRA;GERENCIA DE ADM.PAT.E SERVICOS;ASSESSOR IV;; CARGO COMISSION.S/VINCULO;2179,61;;2179,61;196,16;1983,45;
MARIA DAS GRACAS TEIXEIRA PINTO;CONSELHO FISCAL;MEMBRO DE CONSELHO;; CARGO COMISSION.S/VINCULO;1000,00;;1000,00;80,00;920,00;
MARIO SERGIO DE SOUZA MOURA;GERENCIA DE PESCA AQUICULTURA;GERENTE;; CARGO COMISSION.S/VINCULO;4209,79;;4209,79;613,40;3596,39;
MARTA ARAUJO MELO PARAENSE;GERENCIA DE ORC.E FINANCAS;ASSESSOR IV;; CARGO COMISSION.S/VINCULO;4179,61;;4179,61;606,05;3573,56;
PAULO RICARDO DE CARVALHO MORAES;GERENCIA DE ADM.PAT.E SERVICOS;ASSISTENTE ADMINISTRATIVO;; C.L.T.;1540,00;;1540,00;123,20;1416,80;
PEDRO LUIZ TREVISAN DE A BIONDO;DIR.DE NEG.AGROP.E PESQUEIRO;GERENTE;; CARGO COMISSION.S/VINCULO;4209,79;;4209,79;613,40;3596,39;
RAY HILTON ROCHA DE LIMA;DIR.DE NEG.AGROP.E PESQUEIRO;GERENTE;; CARGO COMISSION.S/VINCULO;4209,79;;4209,79;641,84;3567,95;
ROBERVAL TEIXEIRA LOPES;DIRETORIA DE ADM.E FINANCAS;DIRETOR ADMINISTRATIVO E FINANCEIRO;; C.L.T.;7500,00;;7500,00;1193,14;6306,86;
ROBSON JOSE VALENTE DO NASCIMENTO;GERENCIA DE ADM.PAT.E SERVICOS;GERENTE;; CARGO COMISSION.S/VINCULO;4209,79;;4209,79;641,84;3567,95;
ROGERIO ALEX SILVA E SILVA;DIR.DE NEG.AGROP.E PESQUEIRO;GERENTE;; CARGO COMISSION.S/VINCULO;4209,79;;4209,79;670,28;3539,51;
ROSA MARIA NOGUEIRA PINTO;DEPTO.DE ORCAMENTO E FINANCAS;ASSISTENTE ADMINISTRATIVO;; C.L.T.;2463,00;;2463,00;246,97;2216,03;
SANDRO ROBERTO PEREIRA DE ALMEIDA;DEPTO.DE ORCAMENTO E FINANCAS;CHEFE DE DEPARTAMENTO;; CARGO COMISSION.S/VINCULO;10266,94;;10266,94;;10266,94;
SIDNEY DE SOUZA CABRAL;GERENCIA DE ADM.PAT.E SERVICOS;ASSESSOR III;; CARGO COMISSION.S/VINCULO;4123,50;;4123,50;453,58;3669,92;
TAFFAREL EDGAR FRANCA DO NASCIMENTO;ASSESSORIA;ASSESSOR II;; CARGO COMISSION.S/VINCULO;1177,00;;1177,00;94,16;1082,84;
TARCISIO FABIANO DA SILVA;DIR.DE NEG.AGROP.E PESQUEIRO;GERENTE;; CARGO COMISSION.S/VINCULO;4209,79;;4209,79;613,40;3596,39;
THALES AUGUSTO COLARES DE SANTANA;ASSESSORIA;ASSESSOR I;; CARGO COMISSION.S/VINCULO;1917,74;;1917,74;172,59;1745,15;
THOMSON SAMOHT BATISTA ANDRADE;CONSELHO FISCAL;MEMBRO DE CONSELHO;; CARGO COMISSION.S/VINCULO;1000,00;;1000,00;80,00;920,00;
VALERIA NOGUEIRA DE JESUS;GABINETE DA PRESIDENCIA;CHEFE DE GABINETE;; CARGO COMISSION.S/VINCULO;11978,20;;11978,20;608,44;11369,76;
VANUZA BARRONCAS VIANA;ASSESSORIA;ASSESSOR I;; CARGO COMISSION.S/VINCULO;6459,55;;6459,55;1243,86;5215,69;
WASLLEY AGUIAR VIANA;GERENCIA DE CONTABILIDADE;ASSISTENTE ADMINISTRATIVO;; C.L.T.;2463,00;;2463,00;221,67;2241,33;
