NOME;LOTACAO;CARGO;FUNCAO;VINCULO;REMUNERACAO LEGAL TOTAL(R$);DESC.TETO(R$); REMUNERACAO LEGAL DEVIDA(R$);DESCONTOS LEGAIS(R$);LIQUIDO DISPONIVEL(R$);
ABEGNON ARAUJO SARAIVA;GERENCIA DE ADM.PAT.E SERVICOS;ASSESSOR III;; CARGO COMISSION.S/VINCULO;2195,80;;2195,80;197,62;1998,18;
ADRIANNE MOTA EDWARDS;PROCURADORIA;ASSESSOR I;; CARGO COMISSION.S/VINCULO;5229,77;;5229,77;986,40;4243,37;
ALDENEY JOSE CAJUEIRO NASCIMENTO;GERENCIA DE COMERCIALIZACAO;GERENTE;; CARGO COMISSION.S/VINCULO;4209,79;;4209,79;641,84;3567,95;
ALEXANDRE SILVA GOMES;GERENCIA DE ORC.E FINANCAS;ASSESSOR III;; CARGO COMISSION.S/VINCULO;1681,80;;1681,80;151,36;1530,44;
ANA MICHELE DA SILVA NOGUEIRA;DEPTO.DE ORCAMENTO E FINANCAS;ASSESSOR ADMINISTRATIVO;; C.L.T.;2953,00;;2953,00;364,92;2588,08;
ANA PAULA SENA DE OLIVEIRA;DIR.DE NEG.AGROP.E PESQUEIRO;GERENTE;; CARGO COMISSION.S/VINCULO;6080,79;;6080,79;765,40;5315,39;
ANDREZA DOS SANTOS FERREIRA;GABINETE DA PRESIDENCIA;ASSESSOR IV;; CARGO COMISSION.S/VINCULO;1514,61;;1514,61;121,16;1393,45;
ARCHIBAL SAUNIER D ORAN FILHO;GERENCIA DE CONTABILIDADE;GERENTE;; CARGO COMISSION.S/VINCULO;6209,79;;6209,79;1227,31;4982,48;
BRUNO DE SOUZA PEREIRA;DEPTO.DE ORCAMENTO E FINANCAS;ASSISTENTE ADMINISTRATIVO;; C.L.T.;2463,00;;2463,00;246,97;2216,03;
CLARA EMILIA FERNANDES IANNUZZI;DEPTO.DE ORCAMENTO E FINANCAS;GERENTE;; CARGO COMISSION.S/VINCULO;4209,79;;4209,79;641,84;3567,95;
CLAUDIO DE OLIVEIRA SILVA;GERENCIA DE ORC.E FINANCAS;GERENTE;; CARGO COMISSION.S/VINCULO;4209,79;;4209,79;641,84;3567,95;
CLEUCY VANJA GOMES MOTA;DIR.DE NEG.AGROP.E PESQUEIRO;ASSESSOR IV;; CARGO COMISSION.S/VINCULO;2179,61;;2179,61;196,16;1983,45;
DARLENE MARIA DE SOUZA REGIS;DIR.DE NEG.AGROP.E PESQUEIRO;ASSESSOR II;; CARGO COMISSION.S/VINCULO;3209,79;;3209,79;426,78;2783,01;
DIEGO AUGUSTO SIMOES RAMOS;GERENCIA DE FEIRAS E EVENTOS;ASSESSOR III;; CARGO COMISSION.S/VINCULO;2195,80;;2195,80;197,62;1998,18;
DIOGO AUGUSTO SANTOS DA SILVA;PROCURADORIA;ASSESSOR II;; CARGO COMISSION.S/VINCULO;8279,79;;8279,79;1848,70;6431,09;
EDENILCE FARACO CALDAS;GERENCIA DE ADM.PAT.E SERVICOS;AUXILIAR DE SERVICOS GERAIS;; C.L.T.;1329,21;;1329,21;90,96;1238,25;
EDILAMAR VIEIRA DA SILVA;GERENCIA DE ADM.PAT.E SERVICOS;AUXILIAR DE SERVICOS GERAIS;; C.L.T.;1236,00;;1236,00;90,96;1145,04;
ELIELZA SOUZA CAVALCANTE;GERENCIA DE ADM.PAT.E SERVICOS;ASSESSOR III;; CARGO COMISSION.S/VINCULO;1681,80;;1681,80;151,36;1530,44;
ELKE DA SILVA GONDIM;DIR.DE NEG.AGROP.E PESQUEIRO;ASSESSOR ADMINISTRATIVO;; C.L.T.;3937,33;;3937,33;603,93;3333,40;
ERIK FRANCO DE SA;PROCURADORIA;PROCURADOR CHEFE;; CARGO COMISSION.S/VINCULO;14630,77;;14630,77;2589,27;12041,50;
FABIO MOTA;GERENCIA DE ORC.E FINANCAS;ASSISTENTE ADMINISTRATIVO;; C.L.T.;2463,00;;2463,00;246,97;2216,03;
GISELLE LIRA MILLER;GERENCIA DE CONTABILIDADE;ASSESSOR III;; CARGO COMISSION.S/VINCULO;2195,80;;2195,80;197,62;1998,18;
HEITOR RODRIGUES LIBERATO JUNIOR;DIR.DE NEG.AGROP.E PESQUEIRO;CHEFE DE DEPARTAMENTO;; CARGO COMISSION.S/VINCULO;5229,77;;5229,77;901,09;4328,68;
HELEN SUSANE MACHADO DE MIRANDA;GABINETE DA PRESIDENCIA;ASSESSOR I;; CARGO COMISSION.S/VINCULO;5229,77;;5229,77;986,40;4243,37;
INES GOMES DA SILVA;GERENCIA DE RECURSOS HUMANOS;GERENTE;; CARGO COMISSION.S/VINCULO;7484,05;;7484,05;1063,21;6420,84;
JARDEL AUGUSTO ANDRADE LUZEIRO;DIR.DE NEG.AGROP.E PESQUEIRO;CHEFE DE DEPARTAMENTO;; CARGO COMISSION.S/VINCULO;7553,77;;7553,77;1012,11;6541,66;
JOAO BOSCO DOS SANTOS SEABRA;GERENCIA DE ADM.PAT.E SERVICOS;MOTORISTA;; C.L.T.;1650,00;;1650,00;132,00;1518,00;
JOAO GOMES DE SOUSA;GERENCIA DE ADM.PAT.E SERVICOS;MOTORISTA;MOTORISTA; C.L.T.;1650,00;;1650,00;132,00;1518,00;
JORGE CARLOS PONTES TEIXEIRA;DIRETORIA DE ADM.E FINANCAS;DIRETOR ADMINISTRATIVO E FINANCEIRO;; C.L.T.;9000,00;;9000,00;1605,64;7394,36;
JOSE ALFREDO SILVEIRA DO AMARAL;GERENCIA DE FEIRAS E EVENTOS;GERENTE;; CARGO COMISSION.S/VINCULO;4209,79;;4209,79;670,28;3539,51;
JOSE RAMONILSON DE SOUZA GOMES;DIR.DE NEG.AGROP.E PESQUEIRO;DIRETOR TECNICO;; C.L.T.;9000,00;;9000,00;1605,64;7394,36;
JULIANO YUITI IKUNO OSAWA;DIR.DE NEG.AGROP.E PESQUEIRO;ASSESSOR III;; CARGO COMISSION.S/VINCULO;1681,80;;1681,80;151,36;1530,44;
KETLEN RODRIGUES DA SILVA LIMA;DIR.DE NEG.AGROP.E PESQUEIRO;ASSESSOR II;; CARGO COMISSION.S/VINCULO;3209,79;;3209,79;426,78;2783,01;
LARISSA SPULDARO XAVIER;PROCURADORIA;ASSESSOR II;; CARGO COMISSION.S/VINCULO;3209,79;;3209,79;426,78;2783,01;
LINYLSON ANTONIO OLIVEIRA DE FRANCA;PROCURADORIA;ASSISTENTE TECNICO I;ASSESSOR TECNICO; C.L.T.;3555,00;;3555,00;510,84;3044,16;
LISSANDRO BREVAL SANTIAGO;PRESIDENCIA;DIRETOR PRESIDENTE;; C.L.T.;15600,00;;15600,00;3757,48;11842,52;
LUANA MARIA LINS LOPES;GERENCIA DE RECURSOS HUMANOS;ASSISTENTE ADMINISTRATIVO;; C.L.T.;2463,00;;2463,00;232,75;2230,25;
MARCO AURELIO ALCOFORADO GUERRA;GERENCIA DE ADM.PAT.E SERVICOS;ASSESSOR IV;; CARGO COMISSION.S/VINCULO;2906,15;;2906,15;319,67;2586,48;
MARIO SERGIO DE SOUZA MOURA;GERENCIA DE PESCA AQUICULTURA;GERENTE;; CARGO COMISSION.S/VINCULO;4209,79;;4209,79;613,40;3596,39;
MARTA ARAUJO MELO PARAENSE;GERENCIA DE ORC.E FINANCAS;ASSESSOR IV;; CARGO COMISSION.S/VINCULO;4179,61;;4179,61;606,05;3573,56;
PAULO EDUARDO SANTOS DE SOUZA;GERENCIA DE ADM.PAT.E SERVICOS;MOTORISTA;; C.L.T.;1650,00;;1650,00;132,00;1518,00;
PEDRO LUIZ TREVISAN DE A BIONDO;DIR.DE NEG.AGROP.E PESQUEIRO;GERENTE;; CARGO COMISSION.S/VINCULO;5613,05;;5613,05;1013,03;4600,02;
RAIMUNDO NONATO MESQUITA DE MELO;DIR.DE NEG.AGROP.E PESQUEIRO;TECNICO OPERACIONAL DE CAMPO;; C.L.T.;1650,00;;1650,00;132,00;1518,00;
RAY HILTON ROCHA DE LIMA;GERENCIA DE FEIRAS E EVENTOS;ASSESSOR III;; CARGO COMISSION.S/VINCULO;4181,80;;4181,80;635,02;3546,78;
ROBSON JOSE VALENTE DO NASCIMENTO;GERENCIA DE ADM.PAT.E SERVICOS;GERENTE;; CARGO COMISSION.S/VINCULO;4209,79;;4209,79;641,84;3567,95;
ROGERIO ALEX SILVA E SILVA;DIR.DE NEG.AGROP.E PESQUEIRO;GERENTE;; CARGO COMISSION.S/VINCULO;4209,79;;4209,79;670,28;3539,51;
ROSA MARIA NOGUEIRA PINTO;DEPTO.DE ORCAMENTO E FINANCAS;ASSISTENTE ADMINISTRATIVO;; C.L.T.;2463,00;;2463,00;246,97;2216,03;
SANDRO ROBERTO PEREIRA DE ALMEIDA;DEPTO.DE ORCAMENTO E FINANCAS;CHEFE DE DEPARTAMENTO;; CARGO COMISSION.S/VINCULO;12444,00;;12444,00;1592,94;10851,06;
TARCISIO FABIANO DA SILVA;DIR.DE NEG.AGROP.E PESQUEIRO;GERENTE;; CARGO COMISSION.S/VINCULO;4209,79;;4209,79;613,40;3596,39;
VALERIA NOGUEIRA DE JESUS;GABINETE DA PRESIDENCIA;CHEFE DE GABINETE;; CARGO COMISSION.S/VINCULO;6973,03;;6973,03;1489,34;5483,69;
VANUZA BARRONCAS VIANA;ASSESSORIA;ASSESSOR I;; CARGO COMISSION.S/VINCULO;8612,73;;8612,73;1835,99;6776,74;
WASLLEY AGUIAR VIANA;GERENCIA DE CONTABILIDADE;ASSISTENTE ADMINISTRATIVO;; C.L.T.;2463,00;;2463,00;221,67;2241,33;
