NOME;LOTACAO;CARGO;FUNCAO;VINCULO;REMUNERACAO LEGAL TOTAL(R$);DESC.TETO(R$); REMUNERACAO LEGAL DEVIDA(R$);DESCONTOS LEGAIS(R$);LIQUIDO DISPONIVEL(R$);
ADEILDO COSTA FARIAS;DIOPE-DIVISAO OPERACIONAL;AGENTE AQUAVIARIO IV;; ESTATUTARIO;1486,20;;1486,20;152,07;1334,13;
ADONIS BRASIL;ITACOATIARA;AGENTE PORTUARIO II;AG.PORTUARIO II; ESTATUTARIO;1349,42;;1349,42;148,44;1200,98;
AFRANIO SANTOS DA SILVA;DIOPE-DIVISAO OPERACIONAL;AGENTE AQUAVIARIO III;; ESTATUTARIO;3057,11;;3057,11;219,00;2838,11;
ALDEMIR LIMA DE SOUSA;DIOPE-DIVISAO OPERACIONAL;AGENTE AQUAVIARIO II;; ESTATUTARIO;2554,96;;2554,96;278,73;2276,23;
ALDER JOSE SIMOES DE ALBUQUERQUE;DIOPE-DIVISAO OPERACIONAL;AGENTE PORTUARIO III;; ESTATUTARIO;1624,62;;1624,62;98,96;1525,66;
ANTONIO CARLOS VASCONCELOS DA COSTA;DIOPE-DIVISAO OPERACIONAL;AGENTE AQUAVIARIO III;; ESTATUTARIO;2107,11;;2107,11;219,00;1888,11;
BASILEU FERREIRA DA SILVA;DIOPE-DIVISAO OPERACIONAL;AGENTE AQUAVIARIO IV;; ESTATUTARIO;1486,20;;1486,20;152,07;1334,13;
BREYTNER PEREIRA TELLES;TABATINGA;AGENTE PORTUARIO III;AGENTE PORT III; ESTATUTARIO;937,00;;937,00;103,07;833,93;
CARLOS ALBERTO A VILAGELIM;DIOPE-DIVISAO OPERACIONAL;AGENTE AQUAVIARIO IV;; ESTATUTARIO;1486,20;;1486,20;152,07;1334,13;
CARLOS FABIO SOUZA DE JESUS;DIOPE-DIVISAO OPERACIONAL;AGENTE AQUAVIARIO IV;; ESTATUTARIO;2994,20;;2994,20;181,31;2812,89;
CARLOS FERNANDO SAMPAIO DE OLIVEIRA;DIOPE-DIVISAO OPERACIONAL;AGENTE PORTUARIO II;AGENTE PORTUARIO II; ESTATUTARIO;1349,42;;1349,42;148,44;1200,98;
CARLOS JORGE SOZINHO FAUSTO;DIOPE-DIVISAO OPERACIONAL;AGENTE AQUAVIARIO IV;AGENTE AQUAVIARIO IV; ESTATUTARIO;2436,20;;2436,20;167,89;2268,31;
CELIO DA SILVA LIMA;DIOPE-DIVISAO OPERACIONAL;AGENTE AQUAVIARIO III;; ESTATUTARIO;2107,11;;2107,11;219,00;1888,11;
CLENILDO FREITAS DE FIGUEIREDO;DIOPE-DIVISAO OPERACIONAL;AGENTE AQUAVIARIO IV;; ESTATUTARIO;1486,20;;1486,20;152,07;1334,13;
CLESON PAES ARAUJO;DIOPE-DIVISAO OPERACIONAL;AGENTE PORTUARIO III;AG PORTUARIO III; ESTATUTARIO;3705,62;;3705,62;228,28;3477,34;
DALMIRO IMBIRIBA CORREA;DIOPE-DIVISAO OPERACIONAL;AGENTE AQUAVIARIO III;AG AQUAVIARIO III; ESTATUTARIO;2107,11;;2107,11;219,00;1888,11;
DELSON WAUGHAN DE SOUSA;DIOPE-DIVISAO OPERACIONAL;AGENTE AQUAVIARIO III;AG AQUAVIRIO III; ESTATUTARIO;2107,11;;2107,11;219,00;1888,11;
DENILSON MACIEL RIBEIRO;COARI;AGENTE PORTUARIO III;AG.PORTUARIO III; ESTATUTARIO;937,00;;937,00;103,07;833,93;
EDSON COELHO PERES;DIOPE-DIVISAO OPERACIONAL;AGENTE AQUAVIARIO IV;AG.AQUAVIARIO IV; ESTATUTARIO;1486,20;;1486,20;152,07;1334,13;
EDSON SILVA SOUZA;DIOPE-DIVISAO OPERACIONAL;AGENTE AQUAVIARIO IV;AG AQUAVIARIO IV; ESTATUTARIO;1486,20;;1486,20;152,07;1334,13;
ELI CARLOS BORGES DE OLIVEIRA;TABATINGA;AGENTE PORTUARIO III;AG.PORTUARIO III; ESTATUTARIO;937,00;;937,00;103,07;833,93;
ELISEU BARBOSA MACIEL;ASPRE-ASSESSOR.DA PRESIDENCIA;AGENTE PORTUARIO III;AG PORTUARIO III; ESTATUTARIO;3612,83;;3612,83;214,36;3398,47;
ELSON LIMA PACHECO;DIOPE-DIVISAO OPERACIONAL;AGENTE AQUAVIARIO IV;; ESTATUTARIO;1486,20;;1486,20;152,07;1334,13;
EMMANUEL ADONES DAS N NASCIMENTO;DIOPE-DIVISAO OPERACIONAL;AGENTE AQUAVIARIO IV;; ESTATUTARIO;2436,20;;2436,20;167,89;2268,31;
ERIANE DE OLIVEIRA NASCIMENTO;DIPAL-DIV.PATRIM.ALMOXARIFADO;AGENTE PORTUARIO II;AGENTE PORT II; ESTATUTARIO;5540,56;;5540,56;761,91;4778,65;
ERIVAN CRUZ DE ASSUNCAO;DIOPE-DIVISAO OPERACIONAL;AGENTE AQUAVIARIO IV;; ESTATUTARIO;1486,20;;1486,20;152,07;1334,13;
EUZEBIO DA SILVEIRA BRANDAO;ASADM-ASSESSORIA ADMINISTRACAO;AGENTE PORTUARIO III;AGENTE PORTUARIO III; ESTATUTARIO;3612,83;;3612,83;242,80;3370,03;
FABIOLA DA SILVA ROTHEN;ASADM-ASSESSORIA ADMINISTRACAO;AGENTE PORTUARIO II;AGENTE PORTUARIO II; ESTATUTARIO;4155,42;;4155,42;413,88;3741,54;
FERNANDO DE SOUZA ANDRADE;DIOPE-DIVISAO OPERACIONAL;MARINHEIRO FLUVIAL DE CONVES;; ESTATUTARIO;1872,88;;1872,88;143,79;1729,09;
FRANCISCO ASSIS SANTOS SOARES;PRESI - PRESIDENCIA;DIRETOR PRESIDENTE;; CARGO COMISSION.S/VINCULO;11700,00;;11700,00;2789,26;8910,74;
FRANCISCO CARLOS MARTINS RIBEIRO;DEAFI-DEPTO.DE ADM.E FINANCAS;AGENTE PORTUARIO III;; ESTATUTARIO;2709,62;;2709,62;98,96;2610,66;
FRANCISCO OSCAR OLIVEIRA DA SILVA;ASPRE-ASSESSOR.DA PRESIDENCIA;AGENTE AQUAVIARIO II;; ESTATUTARIO;5360,96;;5360,96;680,62;4680,34;
FRANSOAISE TORRES LIMA;ASADM-ASSESSORIA ADMINISTRACAO;AGENTE PORTUARIO III;AG.PORTUARIO III; ESTATUTARIO;2709,62;;2709,62;151,96;2557,66;
GENERVAL FRANCISCO AMORIM DA GRACA;PROCURADORIA JURIDICA;PROCURADOR CHEFE AD-1;; CARGO COMISSION.S/VINCULO;6973,02;;6973,02;494,16;6478,86;
GENIVAL DOS SANTOS BRASIL;DIOPE-DIVISAO OPERACIONAL;AGENTE AQUAVIARIO IV;AG AQUAVIARIO IV; ESTATUTARIO;1486,20;;1486,20;152,07;1334,13;
GERALDO DA COSTA SOUZA;PESSOAL PROCESSO APOSENTADORIA;AGENTE AQUAVIARIO III;AG AQUAVIARIO III; ESTATUTARIO;2107,11;;2107,11;219,00;1888,11;
GILBERTO MENDES DE LIMA;DIOPE-DIVISAO OPERACIONAL;AGENTE AQUAVIARIO IV;AG AQUAVIARIO IV; ESTATUTARIO;2436,20;;2436,20;152,07;2284,13;
GILDETH PIRES DIAS PRADO;PARINTINS;AGENTE PORTUARIO II;AG.PORTUARIO II; ESTATUTARIO;1349,42;;1349,42;148,44;1200,98;
GILSON DA COSTA AMARAL;DIOPE-DIVISAO OPERACIONAL;AGENTE AQUAVIARIO IV;AG AQUAVIARIO IV; ESTATUTARIO;2436,20;;2436,20;167,89;2268,31;
HELCIO OLIVEIRA DE LIMA;DIOPE-DIVISAO OPERACIONAL;AGENTE PORTUARIO II;AG PORTUARIO II; ESTATUTARIO;1924,42;;1924,42;148,44;1775,98;
HELIOMARA ANDRADE SOARES;ITACOATIARA;AGENTE PORTUARIO III;AG.PORTUARIO III; ESTATUTARIO;937,00;;937,00;103,07;833,93;
HENRIQUE DA SILVA CABRAL;PARINTINS;AGENTE PORTUARIO III;AG.PORTUARIO III; ESTATUTARIO;937,00;;937,00;103,07;833,93;
HENRY CHALLU PINHEIRO MOTA;ASADM-ASSESSORIA ADMINISTRACAO;AGENTE PORTUARIO III;AG.PORTUARIO III; ESTATUTARIO;3105,62;;3105,62;153,22;2952,40;
HINDEMBURGO OLIVEIRA E SILVA FILHO;DIOPE-DIVISAO OPERACIONAL;MOTORISTA FLUVIAL;; ESTATUTARIO;4357,27;;4357,27;388,20;3969,07;
IVAN MATIAS LIMA;DIOPE-DIVISAO OPERACIONAL;AGENTE PORTUARIO II;; ESTATUTARIO;4155,42;;4155,42;337,81;3817,61;
JACKSON CARLOS BARROSO BELCHIOR;DEAFI-DEPTO.DE ADM.E FINANCAS;AGENTE PORTUARIO I;AGENTE PORTUARIO I; ESTATUTARIO;5279,94;;5279,94;677,44;4602,50;
JAIME MONTEFUSCO DA SILVA;DIOPE-DIVISAO OPERACIONAL;AGENTE AQUAVIARIO III;; ESTATUTARIO;2107,11;;2107,11;219,00;1888,11;
JANDER DE OLIVEIRA REIS;PARINTINS;AGENTE PORTUARIO II;AG.PORTUARIO II; ESTATUTARIO;1349,42;;1349,42;148,44;1200,98;
JEFERSON DE JESUS AMORIM DOS SANTOS;DIOPE-DIVISAO OPERACIONAL;AGENTE AQUAVIARIO IV;; ESTATUTARIO;2436,20;;2436,20;152,07;2284,13;
JOAO BATISTA DO NASCIMENTO PLACIDO;DIOPE-DIVISAO OPERACIONAL;MARINHEIRO FLUVIAL DE MAQUINA;; ESTATUTARIO;3263,03;;3263,03;227,55;3035,48;
JOAO CARLOS FERNANDES;DIOPE-DIVISAO OPERACIONAL;AGENTE AQUAVIARIO IV;; ESTATUTARIO;1486,20;;1486,20;152,07;1334,13;
JOSE ADILSON FALCAO SARAIVA;DIOPE-DIVISAO OPERACIONAL;AGENTE AQUAVIARIO IV;AGENTE AQUAVIARIO IV; ESTATUTARIO;1486,20;;1486,20;152,07;1334,13;
JOSE ALTAMIR BARROSO CORDEIRO;DIRETORIA ADMNINST-FINANCEIRO;DIRETOR ADMINISTRATIVO E FINANCEIRO;; CARGO COMISSION.S/VINCULO;9000,00;;9000,00;2046,76;6953,24;
JOSE ALTAMIR BARROSO CORDEIRO;DEAFI-DEPTO.DE ADM.E FINANCAS;CHEFE DE DEPARTAMENTO AD-1;; CARGO COMISSION.S/VINCULO;1016,89;;1016,89;;1016,89;
JOSE ALVES CAVALCANTE FILHO;DIPAL-DIV.PATRIM.ALMOXARIFADO;AGENTE PORTUARIO III;; ESTATUTARIO;2709,62;;2709,62;137,74;2571,88;
JOSE BENEDITO MAIA PRIMO;DIOPE-DIVISAO OPERACIONAL;AGENTE AQUAVIARIO IV;AG AQUAVIAIRO IV; ESTATUTARIO;1486,20;;1486,20;152,07;1334,13;
JOSE DE CASTRO MOURA;DIOPE-DIVISAO OPERACIONAL;AGENTE AQUAVIARIO II;AG AQUAVIARIO II; ESTATUTARIO;2554,96;;2554,96;278,73;2276,23;
JUSCELINO DA COSTA SILVA;ASPRE-ASSESSOR.DA PRESIDENCIA;AGENTE PORTUARIO II;AGENTE PORTUARIO II; ESTATUTARIO;4155,42;;4155,42;309,37;3846,05;
KAREN DO CARMO FERREIRA DOS SANTOS;DEAFI-DEPTO.DE ADM.E FINANCAS;CHEFE DE DEPARTAMENTO AD-1;; CARGO COMISSION.S/VINCULO;5229,77;;5229,77;986,40;4243,37;
KAREN DO CARMO FERREIRA DOS SANTOS;DIRETORIA ADMNINST-FINANCEIRO;DIRETOR ADMINISTRATIVO E FINANCEIRO;; CARGO COMISSION.S/VINCULO;8750,00;;8750,00;558,33;8191,67;
LORENA DE OLIVEIRA PEREIRA;ASCOF-ASS.DE CONTAB.E FINANCAS;ASSESSOR I AD-1;; CARGO COMISSION.S/VINCULO;8280,46;;8280,46;765,87;7514,59;
MADSON LUIZ GOMES MARINHO;DIOPE-DIVISAO OPERACIONAL;AGENTE AQUAVIARIO IV;AG AQUAVIARIO IV; ESTATUTARIO;1486,20;;1486,20;152,07;1334,13;
MARCIA HITOTUZI HIRAMATSU;DEAFI-DEPTO.DE ADM.E FINANCAS;AGENTE PORTUARIO I;AGENTE PORTUARIO I; ESTATUTARIO;5279,94;;5279,94;779,92;4500,02;
MARCIO NEY VIEIRA BRANDAO;COARI;AGENTE PORTUARIO II;AG.PORTUARIO II; ESTATUTARIO;1349,42;;1349,42;148,44;1200,98;
MARIA DE LOURDES ANDRADE MENDES;DEAFI-DEPTO.DE ADM.E FINANCAS;AGENTE PORTUARIO III;AG.PORTUARIO III; ESTATUTARIO;1624,62;;1624,62;98,96;1525,66;
MARTA ISABEL MONTEIRO DE SOUZA;PROCURADORIA JURIDICA;PROCURADOR CHEFE AD-1;; CARGO COMISSION.S/VINCULO;4358,14;;4358,14;715,98;3642,16;
MERIVAN SOUZA TAVARES;DEAFI-DEPTO.DE ADM.E FINANCAS;AGENTE ADM.-AGA-T.S.N.A.-E;CH.DPTO.AD-1; ESTATUTARIO;1666,67;;1666,67;;1666,67;
MERIVAN SOUZA TAVARES;ASCOF-ASS.DE CONTAB.E FINANCAS;AGENTE ADM.-AGA-T.S.N.A.-E;ASSESSOR I AD-1; ESTATUTARIO;10332,96;;10332,96;931,94;9401,02;
MONIQUE SOARES DOS REIS;ASPRE-ASSESSOR.DA PRESIDENCIA;ASSESSOR I AD-1;; CARGO COMISSION.S/VINCULO;5229,77;;5229,77;986,40;4243,37;
NILTON CARLOS MARINHO DA SILVA;ASPRE-ASSESSOR.DA PRESIDENCIA;ASSESSOR I AD-1;; CARGO COMISSION.S/VINCULO;5956,13;;5956,13;396,40;5559,73;
NIVALDO COSTA DE OLIVEIRA;DIOPE-DIVISAO OPERACIONAL;AGENTE AQUAVIARIO III;AG AQUAVIARIO III; ESTATUTARIO;3615,11;;3615,11;341,30;3273,81;
ORNEY BENTES BARROS;DIOPE-DIVISAO OPERACIONAL;AGENTE AQUAVIARIO IV;AG AQUAVIARIO IV; ESTATUTARIO;1486,20;;1486,20;152,07;1334,13;
OSEAS MENDONCA DOS SANTOS;DIOPE-DIVISAO OPERACIONAL;AGENTE AQUAVIARIO IV;AG AQUAVIARIO IV; ESTATUTARIO;4292,20;;4292,20;409,41;3882,79;
PATRICK FRANCOIS RIBEIRO MOREIRA;DIOPE-DIVISAO OPERACIONAL;AGENTE AQUAVIARIO III;AG AQUAVIARIO III; ESTATUTARIO;4076,15;;4076,15;410,46;3665,69;
PAULO MOISES SANTOS DA SILVA;DIOPE-DIVISAO OPERACIONAL;AGENTE AQUAVIARIO III;AG AQUAVIARIO III; ESTATUTARIO;2107,11;;2107,11;219,00;1888,11;
PEDRO SANTOS DA SILVA;DIOPE-DIVISAO OPERACIONAL;COMANDANTE FLUVIAL;; ESTATUTARIO;2822,31;;2822,31;275,39;2546,92;
RAIMUNDO ALDECY DE SOUZA;DIOPE-DIVISAO OPERACIONAL;MARINHEIRO FLUVIAL DE CONVES;; ESTATUTARIO;3426,88;;3426,88;259,34;3167,54;
RAIMUNDO CORREIA DA SILVA;DIOPE-DIVISAO OPERACIONAL;MARINHEIRO FLUVIAL DE CONVES;; ESTATUTARIO;2787,23;;2787,23;204,43;2582,80;
RAIMUNDO JAIRO DOS SANTOS ALVES;DIOPE-DIVISAO OPERACIONAL;AGENTE AQUAVIARIO IV;AGENTE AQUAVIARIO IV; ESTATUTARIO;3248,27;;3248,27;186,14;3062,13;
RAIMUNDO JOSE LUCENA BARROS;DIOPE-DIVISAO OPERACIONAL;AGENTE AQUAVIARIO II;AG AQUAVIARIO II; ESTATUTARIO;2554,96;;2554,96;268,26;2286,70;
RAIMUNDO MOTA PEDROSA;PESSOAL PROCESSO APOSENTADORIA;AGENTE AQUAVIARIO III;AG AQUAVIARIO III; ESTATUTARIO;2107,11;;2107,11;219,00;1888,11;
RAIMUNDO NAZARENO DE LIMA;DIOPE-DIVISAO OPERACIONAL;AGENTE AQUAVIARIO III;AG AQUAVIARIO III; ESTATUTARIO;2107,11;;2107,11;219,00;1888,11;
RAIMUNDO NONATO DE LIMA;ASPRE-ASSESSOR.DA PRESIDENCIA;AGENTE PORTUARIO III;AGENTE PORTUARIO III; ESTATUTARIO;3105,62;;3105,62;167,44;2938,18;
RAIMUNDO NONATO DE SOUZA;DIOPE-DIVISAO OPERACIONAL;MARINHEIRO FLUVIAL DE MAQUINA;; ESTATUTARIO;2316,01;;2316,01;159,29;2156,72;
RAIMUNDO TEIXEIRA FILHO;PARINTINS;AGENTE PORTUARIO III;AG.PORTUARIO III; ESTATUTARIO;937,00;;937,00;103,07;833,93;
ROBERTO NONATO DA SILVA;DIOPE-DIVISAO OPERACIONAL;AGENTE AQUAVIARIO III;AG AQUAVIARIO III; ESTATUTARIO;2107,11;;2107,11;188,09;1919,02;
RUBENS DACIO FALCAO;TABATINGA;AGENTE PORTUARIO III;AG.PORTUARIO III; ESTATUTARIO;1249,33;;1249,33;103,07;1146,26;
SEBASTIAO CESAR SOUSA DE SA;DIOPE-DIVISAO OPERACIONAL;AGENTE AQUAVIARIO II;; ESTATUTARIO;3504,96;;3504,96;362,49;3142,47;
SELEZIO SERGIO SARAYVA MATOS;DIOPE-DIVISAO OPERACIONAL;AGENTE AQUAVIARIO III;; ESTATUTARIO;2107,11;;2107,11;219,00;1888,11;
TACIANO SAMPAIO FILHO;DIOPE-DIVISAO OPERACIONAL;AGENTE AQUAVIARIO IV;; ESTATUTARIO;1486,20;;1486,20;152,07;1334,13;
THIAGO COLARES DA SILVA FILHO;DIOPE-DIVISAO OPERACIONAL;AGENTE AQUAVIARIO IV;; ESTATUTARIO;1486,20;;1486,20;86,68;1399,52;
THIAGO FARIAS SOUZA;ASADM-ASSESSORIA ADMINISTRACAO;AGENTE PORTUARIO III;; ESTATUTARIO;3105,62;;3105,62;195,16;2910,46;
VALDENI NOGUEIRA PEREIRA;DIOPE-DIVISAO OPERACIONAL;AGENTE AQUAVIARIO IV;; ESTATUTARIO;1486,20;;1486,20;152,07;1334,13;
VALDENOR GUIMARAES DA SILVA;DIOPE-DIVISAO OPERACIONAL;AGENTE AQUAVIARIO IV;; ESTATUTARIO;2436,20;;2436,20;167,89;2268,31;
VALPERCIR CANDIDO DA SILVA;DIOPE-DIVISAO OPERACIONAL;AGENTE AQUAVIARIO III;; ESTATUTARIO;2809,48;;2809,48;219,00;2590,48;
VICTOR GONZALES DE MELO;ASPRE-ASSESSOR.DA PRESIDENCIA;ASSESSOR I AD-1;; CARGO COMISSION.S/VINCULO;5956,13;;5956,13;396,40;5559,73;
VIVALDO FERNANDES DE MOURAO;DIOPE-DIVISAO OPERACIONAL;AGENTE AQUAVIARIO IV;; ESTATUTARIO;1486,20;;1486,20;152,07;1334,13;
WALDIR MARTINS DE OLIVEIRA;DIOPE-DIVISAO OPERACIONAL;MARINHEIRO FLUVIAL DE CONVES;; ESTATUTARIO;1799,02;;1799,02;162,97;1636,05;
WALFRIDO DE OLIVEIRA SILVA NETO;ASPRE-ASSESSOR.DA PRESIDENCIA;AGENTE PORTUARIO I;AGENTE PORTUARIO I; ESTATUTARIO;5279,94;;5279,94;727,78;4552,16;
WASHINGTON LUIZ DO NASCIMENTO;DIOPE-DIVISAO OPERACIONAL;AGENTE AQUAVIARIO IV;; ESTATUTARIO;1486,20;;1486,20;152,07;1334,13;
WELISSON MORIZ CORREA;ASADM-ASSESSORIA ADMINISTRACAO;AGENTE PORTUARIO II;AG.PORTUARIO II; ESTATUTARIO;3159,42;;3159,42;203,03;2956,39;
WESELYS MUNIZ FOURNIER LINHARES;ASPRE-ASSESSOR.DA PRESIDENCIA;ASSESSOR I AD-1;; CARGO COMISSION.S/VINCULO;5229,77;;5229,77;986,40;4243,37;
WILLIAM PEIXOTO DE AQUINO;ASPRE-ASSESSOR.DA PRESIDENCIA;AGENTE PORTUARIO II;AG.PORTUARIO II; ESTATUTARIO;2857,42;;2857,42;208,81;2648,61;
