NOME;LOTACAO;CARGO;FUNCAO;VINCULO;REMUNERACAO LEGAL TOTAL(R$);DESC.TETO(R$); REMUNERACAO LEGAL DEVIDA(R$);DESCONTOS LEGAIS(R$);LIQUIDO DISPONIVEL(R$);
ÍCARO GUIMARÃES CANTO;DEPTO.COM.SOC.,MARK.E PUBLIC.;GERENTE AD-2;; CARGO COMISSION.S/VINCULO;7297,05;;7297,05;1578,45;5718,60;
ADALTO GUILHERME XAVIER GIL;DEPTO.COM.SOC.,MARK.E PUBLIC.;CHEFE DE DEPARTAMENTO AD-1;; CARGO COMISSION.S/VINCULO;5229,77;;5229,77;943,74;4286,03;
ALEXANDRE DA SILVA BARROSO;DEPTO.COM.SOC.,MARK.E PUBLIC.;ASSESSOR III AD-3;; CARGO COMISSION.S/VINCULO;3191,80;;3191,80;422,40;2769,40;
ALFREDO FERNANDES TORRES;DEPTO.COM.SOC.,MARK.E PUBLIC.;TNS-II;ASS.DEP.DE.COM.FG-3; ESTATUTARIO;5487,34;;5487,34;688,64;4798,70;
ANA LILIAM BRAZ ROSOS;DEPTO.COM.SOC.,MARK.E PUBLIC.;ASSESSOR I AD-1;; CARGO COMISSION.S/VINCULO;5229,77;;5229,77;943,74;4286,03;
ANA PAULA TELES COSTA;DEPTO.DE ADMINIST.E FINANCAS;ASSESSOR II AD-2;ASSESSOR II AD-2; CARGO COMISSION.S/VINCULO;4209,79;;4209,79;670,28;3539,51;
ANTONIO MARTINS GONCALVES CARVALHO;DEPTO.DE ADMINIST.E FINANCAS;A.TEC-II;ASS DEP ADM FG-2; ESTATUTARIO;5683,66;;5683,66;665,68;5017,98;
ARTUR CESAR CUNHA DOS SANTOS JUNIOR;DEPTO.COM.SOC.,MARK.E PUBLIC.;ASSESSOR I AD-1;; CARGO COMISSION.S/VINCULO;9065,03;;9065,03;2064,64;7000,39;
CELIO ALVES RODRIGUES JUNIOR;DEPTO.COM.SOC.,MARK.E PUBLIC.;SECRETARIO DE ESTADO;; CARGO COMISSION.S/VINCULO;13500,00;;13500,00;3284,26;10215,74;
CLAIR FERREIRA DA SILVA;DEPTO.COM.SOC.,MARK.E PUBLIC.;TNS-I;CHEF.SET.DOCUM.FG-1; ESTATUTARIO;7162,13;;7162,13;1206,48;5955,65;
CLEUTON SANTOS DA SILVA;DEPTO.COM.SOC.,MARK.E PUBLIC.;ASSESSOR I AD-1;; CARGO COMISSION.S/VINCULO;5229,77;;5229,77;943,74;4286,03;
CRISTIANE MOTA DE CARVALHO;DEPTO.COM.SOC.,MARK.E PUBLIC.;SECRETARIO EXECUTIVO;; CARGO COMISSION.S/VINCULO;22230,00;;22230,00;5685,01;16544,99;
DANIELLE MAUES CARVALHO LOPES;DEPTO.DE ADMINIST.E FINANCAS;CHEFE DE DEPARTAMENTO AD-1;; CARGO COMISSION.S/VINCULO;9065,03;;9065,03;2064,64;7000,39;
ELIANA GUEDES SOARES BRAGA;DEPTO.DE ADMINIST.E FINANCAS;ASSISTENTE TECNICO GOVERNAMENTAL;ASSESOR-GAB-FG1; ESTATUTARIO;5986,28;;5986,28;780,97;5205,31;
ELIVALDO SANTANA TAVARES LEAO;DEPTO.COM.SOC.,MARK.E PUBLIC.;ASSESSOR I AD-1;ASSESSOR I AD-1; CARGO COMISSION.S/VINCULO;5229,77;;5229,77;901,09;4328,68;
EMIDIO MARTINS DOS ANJOS;DEPTO.DE ADMINIST.E FINANCAS;MOTORISTA A;ASS.SET.TRANSP-FG-3; ESTATUTARIO;4826,44;;4826,44;577,54;4248,90;
ERNANDO DE MENEZES BATISTA;DEPTO.COM.SOC.,MARK.E PUBLIC.;ASSESSOR II;ASSESSOR II AD-2; CARGO COMISSION.S/VINCULO;5613,05;;5613,05;1063,21;4549,84;
FABIANO MATOS DE OLIVEIRA;DEPTO.DE ADMINIST.E FINANCAS;GERENTE AD-2;GERENTE AD2; CARGO COMISSION.S/VINCULO;4209,79;;4209,79;584,96;3624,83;
FRANCISCA DE MELO CAVALCANTE VALE;DEPTO.COM.SOC.,MARK.E PUBLIC.;TNS-I;TEC.COM.SOC.GOV; ESTATUTARIO;3212,90;;3212,90;396,64;2816,26;
FRANCISCA SILENE TENORIO C AZEVEDO;DEPTO.DE ADMINIST.E FINANCAS;ASSISTENTE TECNICO GOVERNAMENTAL;CHEFE.REC.HUMANO.FG1; ESTATUTARIO;6035,41;;6035,41;746,26;5289,15;
FRANCISCO EDSON AQUINO RODRIGUES;DEPTO.COM.SOC.,MARK.E PUBLIC.;ASSESSOR I AD-1;; CARGO COMISSION.S/VINCULO;5229,77;;5229,77;901,09;4328,68;
GETULIO EMIDIO DA SILVA;PESSOAL PROC,DE APOSENTADORIA;A.TEC-III;GERENTE AD/02; ESTATUTARIO;3874,96;;3874,96;323,62;3551,34;
GISELLE CRISTINA N HOLLANDA;DEPTO.COM.SOC.,MARK.E PUBLIC.;GERENTE AD-2;; CARGO COMISSION.S/VINCULO;7297,05;;7297,05;1578,45;5718,60;
HIANNE DE MOURA LIMA;DEPTO.DE ADMINIST.E FINANCAS;ASSESSOR II AD-2;ASSESSOR II AD-2; CARGO COMISSION.S/VINCULO;4209,79;;4209,79;670,28;3539,51;
JANIO AUGUSTO ESPINDOLA PENA;DEPTO.DE ADMINIST.E FINANCAS;AUX.O-I;ASS.SET.TRANSP.FG-3; ESTATUTARIO;5115,25;;5115,25;209,68;4905,57;
JOAO EVANGELISTA DE SANTANA NETO;DEPTO.COM.SOC.,MARK.E PUBLIC.;PROFESSOR PF20.LIC-V;SECRETARIO EXE ADJUN; ESTATUTARIO;9898,92;;9898,92;1944,17;7954,75;
JOAO FREITAS RODRIGUES;DEPTO.COM.SOC.,MARK.E PUBLIC.;TNS-I;ASS.DEP.DE.COM.FG-3; ESTATUTARIO;5902,79;;5902,79;853,03;5049,76;
JOCILENE NASCIMENTO DAS CHAGAS;DEPTO.COM.SOC.,MARK.E PUBLIC.;GERENTE AD-2;; CARGO COMISSION.S/VINCULO;8021,98;;8021,98;691,72;7330,26;
JOCILENE NASCIMENTO DAS CHAGAS;DEPTO.COM.SOC.,MARK.E PUBLIC.;ASSESSOR I AD-1;; CARGO COMISSION.S/VINCULO;9065,03;;9065,03;2064,64;7000,39;
JOEL ARTHUS DO NASCIMENTO RIBEIRO;DEPTO.COM.SOC.,MARK.E PUBLIC.;ASSESSOR I AD-1;ASSESSOR I AD-1; CARGO COMISSION.S/VINCULO;8803,44;;8803,44;706,27;8097,17;
KARENINA KANAVATI LASMAR;DEPTO.DE ADMINIST.E FINANCAS;ASSESSOR II AD-2;ASSESSOR II AD-2; CARGO COMISSION.S/VINCULO;4209,79;;4209,79;641,84;3567,95;
LARISSA BARROSO SEGADILHA FRANCA;DEPTO.COM.SOC.,MARK.E PUBLIC.;GERENTE AD-2;; CARGO COMISSION.S/VINCULO;4209,79;;4209,79;670,28;3539,51;
LUCIANA CASTELO BRANCO G CAMARA;DEPTO.DE ADMINIST.E FINANCAS;GERENTE AD-2;GERENTE AD-2; CARGO COMISSION.S/VINCULO;4209,79;;4209,79;670,28;3539,51;
LUIZ FELIPE CRUZ DO NASCIMENTO;DEPTO.COM.SOC.,MARK.E PUBLIC.;ASSESSOR II AD-2;; CARGO COMISSION.S/VINCULO;6314,74;;6314,74;1308,31;5006,43;
MAHIRA GARCIA MAIA;DEPTO.COM.SOC.,MARK.E PUBLIC.;SECRETARIO EXECUTIVO;; CARGO COMISSION.S/VINCULO;12545,00;;12545,00;1234,13;11310,87;
MANOEL IVAN SOUZA DE OLIVEIRA;DEPTO.COM.SOC.,MARK.E PUBLIC.;OPERADOR DE SOM;ASS.DEP.DE.COM.FG-3; ESTATUTARIO;4843,77;;4843,77;485,75;4358,02;
MARCOS ROBERTO PINTO DE SOUSA;DEPTO.COM.SOC.,MARK.E PUBLIC.;ASSESSOR II AD-2;; CARGO COMISSION.S/VINCULO;4209,79;;4209,79;641,84;3567,95;
MARIA HILMA FILGUEIRAS DE AZEVEDO;DEPTO.DE ADMINIST.E FINANCAS;ASSIS.TEC.GOVERNAMENTAL NIV.M REF.I;ASS.SET.DOCUM.FG-3; ESTATUTARIO;4835,02;;4835,02;525,68;4309,34;
MARIO WILSON DA SILVA JUNIOR;DEPTO.DE ADMINIST.E FINANCAS;A.TEC-I;ASS.DEP.ADM.FG-2; ESTATUTARIO;7534,31;;7534,31;1278,83;6255,48;
MIGUEL DE HOLANDA VITAL;DEPTO.DE ADMINIST.E FINANCAS;CHEFE DE DEPARTAMENTO AD-1;; CARGO COMISSION.S/VINCULO;6479,11;;6479,11;515,39;5963,72;
MIGUEL PEDRO PEREIRA DOS SANTOS;DEPTO.DE ADMINIST.E FINANCAS;ASSESSOR III AD-3;; CARGO COMISSION.S/VINCULO;2591,80;;2591,80;233,26;2358,54;
NATALIA LUCAS DE ANDRADE;DEPTO.COM.SOC.,MARK.E PUBLIC.;ASSESSOR I AD-1;; CARGO COMISSION.S/VINCULO;5462,20;;5462,20;411,81;5050,39;
OTACILIO GOMES BARREIROS;DEPTO.DE ADMINIST.E FINANCAS;A.TEC-II;ASS TEC GOV; ESTATUTARIO;4916,05;;4916,05;352,50;4563,55;
PAULO SERGIO FERREIRA FONSECA;DEPTO.COM.SOC.,MARK.E PUBLIC.;ASSESSOR I AD-1;; CARGO COMISSION.S/VINCULO;8803,44;;8803,44;1016,82;7786,62;
RAIMUNDO NONATO DE ALMEIDA DUARTE;DEPTO.DE ADMINIST.E FINANCAS;MOT-I;ASS.SET.TRASP. FG-3; ESTATUTARIO;5263,95;;5263,95;472,78;4791,17;
ROBERTO CARLOS MENDES NOVO;DEPTO.COM.SOC.,MARK.E PUBLIC.;A.TEC-II;ASS DEP.DE.COM.FG-3; ESTATUTARIO;4907,30;;4907,30;599,31;4307,99;
ROGERIO FELIPE SANTIAGO;DEPTO.COM.SOC.,MARK.E PUBLIC.;ASSESSOR II AD-2;; CARGO COMISSION.S/VINCULO;6314,74;;6314,74;1308,31;5006,43;
ROSA OLIVEIRA DOS SANTOS;DEPTO.DE ADMINIST.E FINANCAS;AUX.DE SERV.GER.GOV. NIV.M REF.III;AUX.SERV.GER.GOVERN.; ESTATUTARIO;2172,55;;2172,55;128,27;2044,28;
ROSEANE SOUZA DA MOTA;DEPTO.COM.SOC.,MARK.E PUBLIC.;ASSESSOR I AD-1;; CARGO COMISSION.S/VINCULO;8803,44;;8803,44;1016,82;7786,62;
ROSENILDO ROCHA DO NASCIMENTO;DEPTO.DE ADMINIST.E FINANCAS;ASSISTENTE TECNICO GOVERNAMENTAL;CHEF.PAT.TRASP.FG-1; ESTATUTARIO;5995,02;;5995,02;731,93;5263,09;
RUBERCY SENA;DEPTO.DE ADMINIST.E FINANCAS;MOTORISTA 3A CLASSE;; ESTATUTARIO;3689,20;;3689,20;271,18;3418,02;
SÍDIA MARIA AMBRÓSIO DE OLIVEIRA;DEPTO.COM.SOC.,MARK.E PUBLIC.;GERENTE AD-2;; CARGO COMISSION.S/VINCULO;2759,75;;2759,75;164,18;2595,57;
SARAH TAVARES DE OLIVEIRA VIEGAS;DEPTO.COM.SOC.,MARK.E PUBLIC.;ASSESSOR I AD-1;; CARGO COMISSION.S/VINCULO;5229,77;;5229,77;943,74;4286,03;
SEBASTIAO SAULO BORGES DOS SANTOS;DEPTO.DE ADMINIST.E FINANCAS;CHEFE DE GABINETE AD-1;; CARGO COMISSION.S/VINCULO;5229,77;;5229,77;986,40;4243,37;
SELMA DE MOURA LIMA;DEPTO.DE ADMINIST.E FINANCAS;ASSIS.TEC.GOVERNAMENTAL NIV.M REF.I;ASS.SETOR.DOCUM.FG-3; ESTATUTARIO;4826,28;;4826,28;437,66;4388,62;
TAÍS JAHNECKE RUIZ;DEPTO.COM.SOC.,MARK.E PUBLIC.;ASSESSOR I AD-1;; CARGO COMISSION.S/VINCULO;9065,03;;9065,03;2064,64;7000,39;
VALDERES SANTOS DE LIRA MILERIO;DEPTO.DE ADMINIST.E FINANCAS;A.TEC-II;ASS.SETOR.DOCUM.FG-3; ESTATUTARIO;4907,30;;4907,30;467,42;4439,88;
VITOR DE CARVALHO SOUZA;DEPTO.COM.SOC.,MARK.E PUBLIC.;ASSESSOR I AD-1;; CARGO COMISSION.S/VINCULO;8803,44;;8803,44;1016,82;7786,62;
WALTER JUNIO SILVA DA COSTA;DEPTO.COM.SOC.,MARK.E PUBLIC.;ASSESSOR I AD-1;; CARGO COMISSION.S/VINCULO;9065,03;;9065,03;2064,64;7000,39;
WARRINGTON REDMAN BATISTA;DEPTO.COM.SOC.,MARK.E PUBLIC.;A.TEC-II;ASS.DEP.DE.COM.FG-3; ESTATUTARIO;4939,84;;4939,84;520,17;4419,67;
