NOME;LOTACAO;CARGO;FUNCAO;VINCULO;REMUNERACAO LEGAL TOTAL(R$);DESC.TETO(R$); REMUNERACAO LEGAL DEVIDA(R$);DESCONTOS LEGAIS(R$);LIQUIDO DISPONIVEL(R$);
ABRAHAM DE OLIVEIRA ANSELMO JUNIOR;COMPAJ SEMI ABERTO;ASSISTENTE TECNICO GOVERNAMENTAL;; ESTATUTARIO;3599,78;;3599,78;283,79;3315,99;
ADELSON EMANUEL MONTEIRO DA SILVA;SEAP-EFETIVOS;A.TEC-I;; ESTATUTARIO;3829,86;;3829,86;292,29;3537,57;
ADEMAR FERNANDO GUNSCH GRUBER;MUNICIPIO DE MAUES;DIRETOR DE UNIDADE PRISIONAL AD-1;DIR.UNID.PRIS.AD-1; CARGO COMISSION.S/VINCULO;5229,77;;5229,77;986,40;4243,37;
ADEMAR PEIXOTO DA SILVA;CADEIA PUB.DES.RDO.VID.PESSOA;A.TEC-I;; ESTATUTARIO;4972,29;;4972,29;574,53;4397,76;
ADEMIR DE JESUS RODRIGUES BISPO;SEAP-COMISSIONADOS;SOLDADO;SUBGERENTE AD-3; ESTATUTARIO;3000,00;;3000,00;95,20;2904,80;
ADERALDO SILVA NAVEGANTE FILHO;MUNICIPIO DE HUMAITA;SOLDADO;ASSESSOR III AD3; ESTATUTARIO;1490,00;;1490,00;;1490,00;
ADILSON PENEDO DE ARAUJO;COMPAJ SEMI ABERTO;AUX.O-I;; ESTATUTARIO;2810,64;;2810,64;198,35;2612,29;
ADRIANA OFELIA RAMOS DE OLIVEIRA;CADEIA PUB.DES.RDO.VID.PESSOA;AUX.S.G-I;; ESTATUTARIO;2234,98;;2234,98;150,18;2084,80;
AGNELO BATISTA DE LIMA JUNIOR;SEAP-COMISSIONADOS;MAJOR;COOD.SIST.PRISIONAL; ESTATUTARIO;8100,00;;8100,00;1306,00;6794,00;
AIDA MARQUES MORENO;UNID.PRIS.SEMIABERTO FEM-UPSF;ASSISTENTE TECNICO GOVERNAMENTAL;; ESTATUTARIO;3595,02;;3595,02;209,11;3385,91;
ALCINEI MACIEL PINTO;SEAP-COMISSIONADOS;ASSESSOR III AD-3;; CARGO COMISSION.S/VINCULO;1681,80;;1681,80;151,36;1530,44;
ALDAIR DE PAULA EDWARDS;CADEIA PUB.DES.RDO.VID.PESSOA;A.TEC-I;; ESTATUTARIO;3905,30;;3905,30;378,56;3526,74;
ALDIVAN RODRIGUES DE ANDRADE JUNIOR;SEAP-COMISSIONADOS;TENENTE 2;DIR.UNID.PRISIONAL; ESTATUTARIO;10000,00;;10000,00;1880,64;8119,36;
ALDO BATISTA BRAGA;CADEIA PUB.DES.RDO.VID.PESSOA;AG.PEN-I;; ESTATUTARIO;3940,29;;3940,29;376,92;3563,37;
ALESSANDRO ANDRADE ROSA DOS SANTOS;SEAP-COMISSIONADOS;CAPITAO;CHEFE DE GAB AD-1; ESTATUTARIO;5000,00;;5000,00;505,64;4494,36;
ALEXANDRE BRUNO ARAUJO DA SILVA;SEAP-COMISSIONADOS;ASSESSOR I AD-1;; CARGO COMISSION.S/VINCULO;4229,77;;4229,77;676,15;3553,62;
ALEXANDRE VIANA JARDIM;SEAP-COMISSIONADOS;SOLDADO;GERENTE AD2; ESTATUTARIO;4000,00;;4000,00;188,32;3811,68;
ALEXSANDRA FOLHADELA VAZ ARAUJO;SEAP-COMISSIONADOS;ASSESSOR III AD-3;ASSESSOR III AD-3; CARGO COMISSION.S/VINCULO;4255,73;;4255,73;684,21;3571,52;
ALMERINDO CARVALHO;CENT.DE DETEN.PROV.MANAUS-CDPM;SUB-TENENTE;SUBGERENTE; ESTATUTARIO;3000,00;;3000,00;25,32;2974,68;
ALONSO MARCOLINO DA SILVA;CADEIA PUB.DES.RDO.VID.PESSOA;MOT-I;MOTORISTA; ESTATUTARIO;3047,37;;3047,37;209,36;2838,01;
AMANDA LIMA MELO;PENITENCIARIA FEMIN.DE MANAUS;ASSESSOR II AD-2;; CARGO COMISSION.S/VINCULO;3209,79;;3209,79;426,78;2783,01;
AMARILDO SOUZA CARNEIRO DA CUNHA;CADEIA PUB.DES.RDO.VID.PESSOA;AUX.S.G-I;; ESTATUTARIO;4756,46;;4756,46;461,42;4295,04;
ANA CAROLINA MAIA DA SILVA;SEAP-COMISSIONADOS;ASSESSOR II AD-2;; CARGO COMISSION.S/VINCULO;1426,56;;1426,56;;1426,56;
ANA CAROLINA MAIA DA SILVA;SEAP-COMISSIONADOS;ASSESSOR III AD-3;; CARGO COMISSION.S/VINCULO;6383,60;;6383,60;1327,25;5056,35;
ANA CLAUDIA MACEDO ARAUJO SILVA;COMPAJ SEMI ABERTO;PSI-II;; ESTATUTARIO;3598,44;;3598,44;450,72;3147,72;
ANA CRISTINA PEREIRA ABREU;SEAP-COMISSIONADOS;SUBGERENTE AD-3;SUBGERENTE AD-3; CARGO COMISSION.S/VINCULO;2591,80;;2591,80;267,35;2324,45;
ANA CRISTINA SILVA DE MELLO;SEAP-COMISSIONADOS;ASSESSOR I AD-1;; CARGO COMISSION.S/VINCULO;5229,77;;5229,77;986,40;4243,37;
ANA SARAH TELES MONTEIRO;SEAP-COMISSIONADOS;OUVIDOR AD-1;; CARGO COMISSION.S/VINCULO;5229,77;;5229,77;986,40;4243,37;
ANDERSON LARANHAGA;MUNICIPIO DE TABATINGA;ASSESSOR III AD-3;ASSESSOR III AD-3; CARGO COMISSION.S/VINCULO;1681,80;;1681,80;151,36;1530,44;
ANDRE BRITO DA SILVA;SEAP-COMISSIONADOS;SOLDADO;ASSESSOR III AD3; ESTATUTARIO;6000,00;;6000,00;780,64;5219,36;
ANDRE MARQUES CUNHA;SEAP-COMISSIONADOS;CORREGEDOR AD-1;CORREG.SIST.PEN.AD-1; CARGO COMISSION.S/VINCULO;5229,77;;5229,77;986,40;4243,37;
ANDRE MARQUES CUNHA;CONSELHO PENITENCIARIO;MEMBRO DE CONSELHO;; CONSELHO;429,20;;429,20;;429,20;
ANDREA ALESSANDRA DE OLIVEIRA;SEAP-EFETIVOS;A.TEC-II;; ESTATUTARIO;3041,46;;3041,46;205,64;2835,82;
ANDRI GEOVANI ALVES DOS SANTOS;MUNICIPIO DE TABATINGA;ASSESSOR III AD-3;; CARGO COMISSION.S/VINCULO;1681,80;;1681,80;151,36;1530,44;
ANGELITA MARIA DA CONCEICAO S MUNIZ;HOSP.DE CUST.TRAT.PSIQUIATRICO;AUX.S.G-II;; ESTATUTARIO;2218,15;;2218,15;137,85;2080,30;
ANNE BRUNA OLIVEIRA MARQUES;SEAP-COMISSIONADOS;SOLDADO;; ESTATUTARIO;3000,00;;3000,00;95,20;2904,80;
ANNE CAROLINE DA SILVA MACEDO;UNID.PRIS.SEMIABERTO FEM-UPSF;ASSESSOR II AD-2;ASSESSOR II AD-2; CARGO COMISSION.S/VINCULO;4209,79;;4209,79;670,28;3539,51;
ANTONIA MACEDIA FERREIRA DA SILVA;SEAP-COMISSIONADOS;ASSESSOR II AD-2;; CARGO COMISSION.S/VINCULO;8419,58;;8419,58;1887,14;6532,44;
ANTONIA MACEDIA FERREIRA DA SILVA;SEAP-COMISSIONADOS;SUBGERENTE AD-3;SUBGERENTE AD-3; CARGO COMISSION.S/VINCULO;3546,44;;3546,44;;3546,44;
ANTONIELA SILVA DE SOUZA;SEAP-COMISSIONADOS;GERENTE AD-2;GERENTE AD-2; CARGO COMISSION.S/VINCULO;4209,79;;4209,79;670,28;3539,51;
ANTONIO ABENONIZ GOMES;CENT.DE DETEN.PROV.MANAUS-CDPM;A.TEC-II;; ESTATUTARIO;3641,46;;3641,46;214,73;3426,73;
ANTONIO CARLOS DE SOUZA;HOSP.DE CUST.TRAT.PSIQUIATRICO;AG.PEN-II;; ESTATUTARIO;3654,96;;3654,96;321,24;3333,72;
ANTONIO CARLOS LIRA DE FARIAS;CADEIA PUB.DES.RDO.VID.PESSOA;AUX.HSP-I;; ESTATUTARIO;3559,83;;3559,83;154,46;3405,37;
ANTONIO CARLOS NUNES DA FONSECA;HOSP.DE CUST.TRAT.PSIQUIATRICO;MED-II;; ESTATUTARIO;4400,11;;4400,11;631,31;3768,80;
ANTONIO CARLOS SEIXAS DA SILVA;CADEIA PUB.DES.RDO.VID.PESSOA;AG.PEN-I;; ESTATUTARIO;3719,09;;3719,09;286,04;3433,05;
ANTONIO CARNEIRO DA COSTA;CADEIA PUB.DES.RDO.VID.PESSOA;AUX.S.G-I;; ESTATUTARIO;2590,06;;2590,06;175,26;2414,80;
ANTONIO DE PADUA PINHEIRO SENA;SEAP-EFETIVOS;A.TEC-II;; ESTATUTARIO;1462,06;;1462,06;156,10;1305,96;
ANTONIO ENRIQUES CORDEIRO;MUNICIPIO DE ITACOATIARA;DIRETOR DE UNIDADE PRISIONAL AD-1;; CARGO COMISSION.S/VINCULO;5229,77;;5229,77;986,40;4243,37;
ANTONIO GONCALVES DA SILVA;SEAP-INTERIOR;AUX.S.G-I;; ESTATUTARIO;3577,31;;3577,31;205,75;3371,56;
ANTONIO JORGE OLIVEIRA COSTA;SEAP-EFETIVOS;AUX.S.G-I;; ESTATUTARIO;3560,58;;3560,58;302,67;3257,91;
ANTONIO JOSE BENIGNO DE OLIVEIRA;SEAP-INTERIOR;AUX.S.G-I;; ESTATUTARIO;3599,56;;3599,56;194,10;3405,46;
ANTONIO JOSE DE ASSIS;SEAP-EFETIVOS;CINEGRAFISTA 1A CLASSE;CINEGRAFISTA; ESTATUTARIO;3714,21;;3714,21;341,35;3372,86;
ANTONIO JOSE LEITE DE OLIVEIRA;SEAP-INTERIOR;AG.PEN-I;; ESTATUTARIO;3701,57;;3701,57;309,39;3392,18;
ANTONIO MARQUES DE OLIVEIRA;CASA DO ALBERGADO DE MANAUS;AG.PEN-I;; ESTATUTARIO;3710,34;;3710,34;197,03;3513,31;
ANTONIO MENDONCA DA SILVA;CASA DO ALBERGADO DE MANAUS;AG.PEN-I;; ESTATUTARIO;3710,34;;3710,34;369,23;3341,11;
ANTONIO SOARES DA SILVA;INSTIT.PENAL ANTONIO TRINDADE;ASSESSOR III AD-3;; CARGO COMISSION.S/VINCULO;3191,80;;3191,80;422,40;2769,40;
ARACI RIBEIRO MENEZES;SEAP-INTERIOR;A.TEC-I;CH SECAO ESTATISTICA; ESTATUTARIO;2421,09;;2421,09;173,61;2247,48;
ARIELA LOPES;COMPAJ SEMI ABERTO;A.TEC-III;AG ADMINISTRATIVO; ESTATUTARIO;3577,54;;3577,54;279,63;3297,91;
ARILDO JOSE DE CASTRO ALVES;SEAP-COMISSIONADOS;GERENTE AD-2;GERENTE AD-2; CARGO COMISSION.S/VINCULO;4209,79;;4209,79;670,28;3539,51;
ARIOMAR FERMIN;SEAP-INTERIOR;AG.PEN-II;; ESTATUTARIO;3646,69;;3646,69;346,89;3299,80;
ARLISSON CHAVES PASSOS;SEAP-COMISSIONADOS;CABO;SUBGERENTE AD-3; ESTATUTARIO;3000,00;;3000,00;95,20;2904,80;
ARMANDO CAJUEIRO GOMES;COMPAJ SEMI ABERTO;A.TEC-II;; ESTATUTARIO;3641,46;;3641,46;328,12;3313,34;
ARMANDO GARCIA QUEIROZ FILHO;CADEIA PUB.DES.RDO.VID.PESSOA;A.TEC-I;; ESTATUTARIO;3701,60;;3701,60;346,37;3355,23;
ARNOLDO DA SILVA MENDONCA;SEAP-EFETIVOS;A.TEC-I;; ESTATUTARIO;3710,34;;3710,34;269,20;3441,14;
ARNOUD CRUZ DOS SANTOS;CADEIA PUB.DES.RDO.VID.PESSOA;AG.PEN-II;; ESTATUTARIO;3646,69;;3646,69;181,98;3464,71;
ASSIS DA SILVA RIBEIRO;CADEIA PUB.DES.RDO.VID.PESSOA;A.TEC-I;; ESTATUTARIO;3710,34;;3710,34;263,18;3447,16;
AUGUSTO ZANY DOS REIS;SEAP-COMISSIONADOS;ASSESSOR II AD-2;ASSESSOR II AD 2; CARGO COMISSION.S/VINCULO;4209,79;;4209,79;670,28;3539,51;
AURILENE MACHADO BEZERRA;SEAP-COMISSIONADOS;ASSESSOR III AD-3;ASSESSOR III AD-3; CARGO COMISSION.S/VINCULO;3191,80;;3191,80;422,40;2769,40;
BENEDITO JOSE PEREIRA DE SOUZA;CADEIA PUB.DES.RDO.VID.PESSOA;A.OPE-I;; ESTATUTARIO;3804,58;;3804,58;371,45;3433,13;
BERENICE GUEDES MONTEIRO;CADEIA PUB.DES.RDO.VID.PESSOA;A.TEC-I;; ESTATUTARIO;2693,85;;2693,85;214,69;2479,16;
BERGSON LUIZ NUNES BARBOSA LIMA;CASA DO ALBERGADO DE MANAUS;A.TEC-I;; ESTATUTARIO;4912,17;;4912,17;603,52;4308,65;
BOAVENTURA FERREIRA AVELINO;CADEIA PUB.DES.RDO.VID.PESSOA;A.TEC-I;; ESTATUTARIO;3719,06;;3719,06;264,69;3454,37;
BRUNO DA SILVA PEREIRA;SEAP-COMISSIONADOS;SOLDADO;ASSESSOR II AD2; ESTATUTARIO;1750,00;;1750,00;;1750,00;
CAIO FABIO DE SOUZA SOARES;SEAP-COMISSIONADOS;ASSESSOR IV AD-4;ASSESSOR IV AD4; CARGO COMISSION.S/VINCULO;2179,61;;2179,61;196,16;1983,45;
CAMILA CUNHA DE SOUZA;CONSELHO PENITENCIARIO;MEMBRO DE CONSELHO;; CONSELHO;429,20;;429,20;;429,20;
CARLOS ALBERTO AZEVEDO MARINHO;MUNICIPIO DE PARINTINS;AG.PEN-II;DIR.ADJ.UNID.PRI AD1; ESTATUTARIO;3641,46;;3641,46;290,77;3350,69;
CARLOS ALBERTO FERNANDES DA SILVA;COMPAJ SEMI ABERTO;AG.PEN-II;; ESTATUTARIO;3633,19;;3633,19;259,55;3373,64;
CARLOS AUGUSTO DUTRA CECILIO;SEAP-INTERIOR;AG.PEN-I;; ESTATUTARIO;4778,66;;4778,66;515,61;4263,05;
CARLOS JOSE RIBEIRO LANHELLAS;CADEIA PUB.DES.RDO.VID.PESSOA;AG.PEN-II;; ESTATUTARIO;3625,00;;3625,00;285,23;3339,77;
CARLOS JULVAN SILVA DE MEDEIROS;MUNICIPIO DE PARINTINS;DIRETOR ADJ.DE UNID.PRISIONAL AD-2;DIR.ADJ.DE UNI.PRIS.; CARGO COMISSION.S/VINCULO;3209,79;;3209,79;426,78;2783,01;
CARLOS ROBERTO FARIAS ALEIXO;CADEIA PUB.DES.RDO.VID.PESSOA;AUX.O-I;; ESTATUTARIO;3833,96;;3833,96;240,55;3593,41;
CARLOS SERGIO MOTA DE CASTRO;SEAP-INTERIOR;FISCAL RODOVIARIO;; ESTATUTARIO;2581,54;;2581,54;188,20;2393,34;
CARLOS VITOR GARCIA BARBOSA;SEAP-COMISSIONADOS;SUBGERENTE AD-3;SUBGERENTE AD-3; CARGO COMISSION.S/VINCULO;3191,80;;3191,80;422,40;2769,40;
CASSIA BRENDA PLACIDO CORDEIRO;SEAP-COMISSIONADOS;SUBGERENTE AD-3;; CARGO COMISSION.S/VINCULO;2591,80;;2591,80;267,35;2324,45;
CASSIA GOMES LOPES;SEAP-COMISSIONADOS;ASSESSOR IV AD-4;; CARGO COMISSION.S/VINCULO;1877,61;;1877,61;168,98;1708,63;
CECILIA DO ROSARIO DOS SANTOS SOUZA;UNID.PRIS.SEMIABERTO FEM-UPSF;AG.PEN-II;; ESTATUTARIO;3654,96;;3654,96;349,67;3305,29;
CELIA REGINA PARENTE ABREU;SEAP-COMISSIONADOS;ASSESSOR III AD-3;; CARGO COMISSION.S/VINCULO;3191,80;;3191,80;422,40;2769,40;
CELIX LARANHAGA PINTO;MUNICIPIO DE TABATINGA;ASSESSOR III AD-3;ASSESSOR III AD-3; CARGO COMISSION.S/VINCULO;1681,80;;1681,80;151,36;1530,44;
CELSO LUIZ DE SOUZA RIBEIRO CUNHA;SEAP-INTERIOR;AG.PEN-II;; ESTATUTARIO;3646,69;;3646,69;346,89;3299,80;
CELSO MARTINS DO NASCIMENTO FILHO;SEAP-COMISSIONADOS;SOLDADO;ASSESSOR III AD-3; ESTATUTARIO;3000,00;;3000,00;95,20;2904,80;
CLAUDECI PIMENTEL DE SOUZA;CADEIA PUB.DES.RDO.VID.PESSOA;AUX.O-I;; ESTATUTARIO;2279,31;;2279,31;148,25;2131,06;
CLAUDESTONE SANTOS NASCIMENTO;CASA DO ALBERGADO DE MANAUS;MOT-II;; ESTATUTARIO;3752,91;;3752,91;347,45;3405,46;
CLAUDIA SOCORRO SILVA DE ANDRADE;UNID.PRIS.SEMIABERTO FEM-UPSF;ASSESSOR III AD-3;ASSESSOR III AD-3; CARGO COMISSION.S/VINCULO;2195,80;;2195,80;197,62;1998,18;
CLAUDIO CARDOSO PALHETA;SEAP-COMISSIONADOS;ASSESSOR II AD-2;ASSESSOR IIAD-2; CARGO COMISSION.S/VINCULO;3209,79;;3209,79;426,78;2783,01;
CLAUDIOMAR DUARTE FREIRE;CASA DO ALBERGADO DE MANAUS;AG.PEN-II;; ESTATUTARIO;3633,19;;3633,19;344,86;3288,33;
CLAUDIONORA DELGADO DO NASCIMENTO;SEAP-EFETIVOS;A.TEC-I;; ESTATUTARIO;3944,53;;3944,53;360,37;3584,16;
CLEA MARIA OLIVEIRA DE LIMA;SEAP-EFETIVOS;A.SOC-I;; ESTATUTARIO;4290,59;;4290,59;550,69;3739,90;
CLEDSON MARLON GUIMARAES DE AQUINO;SEAP-COMISSIONADOS;SUBGERENTE AD-3;SUBGERENTE AD-3; CARGO COMISSION.S/VINCULO;3191,80;;3191,80;379,80;2812,00;
CLEIDE PEREIRA FOLHADELA;SEAP-COMISSIONADOS;ASSESSOR II AD-2;ASSESSOR II AD-2; CARGO COMISSION.S/VINCULO;4279,72;;4279,72;691,65;3588,07;
CLEITMAN RABELO COELHO;SEAP-COMISSIONADOS;TENENTE CORONEL;SECRETARIO DE ESTADO; ESTATUTARIO;10800,00;425,95;10374,05;1774,95;8599,10;
CLEOMAR ANDRADE CONCEICAO;HOSP.DE CUST.TRAT.PSIQUIATRICO;A.TEC-I;; ESTATUTARIO;2906,40;;2906,40;194,00;2712,40;
CLODOALDO ARAUJO BARROS;SEAP-INTERIOR;AG.PEN-I;; ESTATUTARIO;3710,34;;3710,34;260,85;3449,49;
COEMA DE ARAUJO BASTOS;SEAP-EFETIVOS;A.TEC-II;; ESTATUTARIO;3641,46;;3641,46;328,12;3313,34;
CONSTANTINO CORNELIO DA COSTA;MUNICIPIO DE COARI;AUX.S.G-I;; ESTATUTARIO;3586,06;;3586,06;199,81;3386,25;
CRISTIANE QUIRINO DA SILVA;SEAP-COMISSIONADOS;GERENTE AD-2;; CARGO COMISSION.S/VINCULO;3209,79;;3209,79;426,78;2783,01;
CRISTOVAO BRASIL DA SILVA;CASA DO ALBERGADO DE MANAUS;MARINHEIRO DE MAQUINAS;; ESTATUTARIO;3479,29;;3479,29;195,03;3284,26;
DANIEL CRUZ GOMES;CADEIA PUB.DES.RDO.VID.PESSOA;A.TEC-I;; ESTATUTARIO;3717,14;;3717,14;239,49;3477,65;
DANIEL HARLEM AGUIAR DA SILVA;SEAP-COMISSIONADOS;SOLDADO;ASSESSOR II AD2; ESTATUTARIO;4000,00;;4000,00;159,88;3840,12;
DANIELE MEDEIROS MENDES;SEAP-COMISSIONADOS;ASSESSOR I AD-1;ASSESSOR I AD-1; CARGO COMISSION.S/VINCULO;5229,77;;5229,77;986,40;4243,37;
DANIELLE BARBOSA REBOUCAS;SEAP-COMISSIONADOS;ASSISTENTE TECNICO PNM.ANM-III;ASSESSOR II AD-2; ESTATUTARIO;4126,32;;4126,32;369,05;3757,27;
DARLENE MAIA DOS ANJOS;SEAP-COMISSIONADOS;GERENTE AD-2;; CARGO COMISSION.S/VINCULO;4209,79;;4209,79;670,28;3539,51;
DEBORAH MENDES DA SILVA;SEAP-EFETIVOS;COZINHEIRO 3A CLASSE;; ESTATUTARIO;2957,62;;2957,62;192,30;2765,32;
DELCIRA RODRIGUES DA COSTA;SEAP-EFETIVOS;AUX.S.G-II;; ESTATUTARIO;3516,15;;3516,15;191,55;3324,60;
DENIS CAETANO GOMES CAVALCANTE;SEAP-COMISSIONADOS;ASSESSOR I AD-1;; CARGO COMISSION.S/VINCULO;4229,77;;4229,77;676,15;3553,62;
DENIS DE SA ARAUJO JUNIOR;SEAP-COMISSIONADOS;ASSESSOR II AD-2;; CARGO COMISSION.S/VINCULO;2609,79;;2609,79;253,06;2356,73;
DENIS LOPES DA COSTA;SEAP-COMISSIONADOS;ASSESSOR III AD-3;; CARGO COMISSION.S/VINCULO;3191,80;;3191,80;422,40;2769,40;
DIATAI ANUTE DE LIMA CARIOCA;SEAP-COMISSIONADOS;ASSESSOR II AD-2;; CARGO COMISSION.S/VINCULO;4209,79;;4209,79;670,28;3539,51;
DIEGO ALMEIDA CAVALCANTE;SEAP-COMISSIONADOS;INVEST.DE POL. 4A.CL. PC-INV.IV;CH.DEPART.AD/1; ESTATUTARIO;5000,00;;5000,00;453,50;4546,50;
DIONIZIO DA CRUZ GOMES;CADEIA PUB.DES.RDO.VID.PESSOA;AG.PEN-I;; ESTATUTARIO;3723,84;;3723,84;342,81;3381,03;
DORALICY SOARES PEREIRA;UNID.PRIS.SEMIABERTO FEM-UPSF;A.TEC-I;; ESTATUTARIO;3710,34;;3710,34;263,18;3447,16;
DORGIVAL EPIFANIO RIBEIRO JUNIOR;CASA DO ALBERGADO DE MANAUS;ASSISTENTE TECNICO 3A CLASSE;; ESTATUTARIO;3051,04;;3051,04;210,08;2840,96;
DORISVALDO SANTANA JUNIOR;SEAP-COMISSIONADOS;SOLDADO;ASSESSOR IV AD-4; ESTATUTARIO;3000,00;;3000,00;95,20;2904,80;
EDILSON BARBOSA REGO;SEAP-INTERIOR;A.OPE-I;; ESTATUTARIO;5051,29;;5051,29;598,19;4453,10;
EDILSON COSTA GONCALVES;PESSOAL PROC.DE APOSENTADORIA;A.TEC-I;; ESTATUTARIO;3719,09;;3719,09;322,19;3396,90;
EDMAR ELIAS JOSE;CASA DO ALBERGADO DE MANAUS;A.TEC-I;; ESTATUTARIO;3710,32;;3710,32;319,44;3390,88;
EDMILSON SARKIS MAIA;PESSOAL PROC.DE APOSENTADORIA;MED-I;; ESTATUTARIO;4617,14;;4617,14;712,60;3904,54;
EDNEY PASSOS NAVEGANTE;CENT.DE DETEN.PROV.MANAUS-CDPM;DIRETOR ADJ.DE UNID.PRISIONAL AD-2;; CARGO COMISSION.S/VINCULO;3209,79;;3209,79;426,78;2783,01;
EDSON ANAZILDO ARAUJO FONTES;HOSP.DE CUST.TRAT.PSIQUIATRICO;ASSISTENTE TECNICO 3A CLASSE;GERENTE AD-2; ESTATUTARIO;3595,02;;3595,02;255,45;3339,57;
EDSON NOGUEIRA DE ARAUJO;SEAP-INTERIOR;AG.PEN-I;; ESTATUTARIO;3719,09;;3719,09;286,04;3433,05;
EDUARDO CORINTIMA BARROS;SEAP-COMISSIONADOS;SOLDADO;ASSESSOR IV AD-4; ESTATUTARIO;3000,00;;3000,00;67,98;2932,02;
EDUARDO REIS DA SILVA;INSTIT.PENAL ANTONIO TRINDADE;TENENTE 2;ALUNO OFICIAL; ESTATUTARIO;4000,00;;4000,00;263,87;3736,13;
ELANE RODRIGUES SOARES;COMPAJ SEMI ABERTO;AUX.HSP-II;; ESTATUTARIO;2909,11;;2909,11;194,43;2714,68;
ELDAIZA GOMES MARTINS;SEAP-EFETIVOS;AUX.HSP-I;; ESTATUTARIO;2067,31;;2067,31;156,38;1910,93;
ELIANE COSTA CASTRO DE OLIVEIRA;SEAP-EFETIVOS;A.TEC-III;AGENTE ADMINISTRAT.; ESTATUTARIO;2977,54;;2977,54;218,07;2759,47;
ELIONEI PASSOS DE OLIVEIRA;CENTRO DE DET.PROV.FEMIN.-CDPF;GERENTE AD-2;GERENTE AD-2; CARGO COMISSION.S/VINCULO;3209,79;;3209,79;426,78;2783,01;
ELISANA PENEDO DA SILVA;MUNICIPIO DE TABATINGA;ASSESSOR III AD-3;ASSESSOR III AD-3; CARGO COMISSION.S/VINCULO;1681,80;;1681,80;151,36;1530,44;
ELISANDRO FERREIRA DE ARAUJO;SEAP-COMISSIONADOS;GERENTE AD-2;; CARGO COMISSION.S/VINCULO;3209,79;;3209,79;426,78;2783,01;
ELOI PINTO DE ARAUJO;MUNICIPIO DE HUMAITA;SARGENTO 2;DIR.UNID.PRIS.AD-1; ESTATUTARIO;608,34;;608,34;;608,34;
ELUCINETE FERREIRA DE SOUZA;UNID.PRIS.SEMIABERTO FEM-UPSF;ASSESSOR III AD-3;ASSESSOR III AD-3; CARGO COMISSION.S/VINCULO;1893,80;;1893,80;170,44;1723,36;
ENEIDE PEREIRA REIS;SEAP-COMISSIONADOS;ASSESSOR III AD-3;; CARGO COMISSION.S/VINCULO;2591,80;;2591,80;267,35;2324,45;
ENOCK DIAS DE OLIVEIRA;CADEIA PUB.DES.RDO.VID.PESSOA;MOT-I;; ESTATUTARIO;2725,95;;2725,95;226,13;2499,82;
EPITACIO SIQUEIRA DE PAIVA;COMPAJ SEMI ABERTO;AG.PEN-II;; ESTATUTARIO;3646,69;;3646,69;346,89;3299,80;
ERIANI MATTOS DE QUEIROZ;SEAP-COMISSIONADOS;ASSESSOR I AD-1;ASSESSOR I AD-1; CARGO COMISSION.S/VINCULO;5229,77;;5229,77;986,40;4243,37;
ERICLENIO FAUSTINO DE O CASTRO;SEAP-COMISSIONADOS;SOLDADO;ASSESSOR III AD-3; ESTATUTARIO;3000,00;;3000,00;95,20;2904,80;
ERIVAN CARLOS DE SOUZA;CADEIA PUB.DES.RDO.VID.PESSOA;AG.PEN-II;; ESTATUTARIO;3633,19;;3633,19;241,14;3392,05;
ERIVAN MILLER DA SILVA;SEAP-COMISSIONADOS;CABO;; ESTATUTARIO;4000,00;;4000,00;263,87;3736,13;
ERNANDES PERES FERNANDES JUNIOR;MUNICIPIO DE HUMAITA;A.TEC-II;DIR UNI PRI AD-1; ESTATUTARIO;5848,96;;5848,96;643,73;5205,23;
EUDSON ALVES DA SILVA;CENT.DE DETEN.PROV.MANAUS-CDPM;DIRETOR ADJ.DE UNID.PRISIONAL AD-2;; CARGO COMISSION.S/VINCULO;4209,79;;4209,79;670,28;3539,51;
EVELY PAULA NOGUEIRA CZUBATY;SEAP-COMISSIONADOS;ASSESSOR II AD-2;; CARGO COMISSION.S/VINCULO;4209,79;;4209,79;670,28;3539,51;
FABIANO FERREIRA DA SILVA;SEAP-INTERIOR;AUX.HSP-I;; ESTATUTARIO;3546,40;;3546,40;248,53;3297,87;
FABIO BEZERRA DE ANDRADE;SEAP-COMISSIONADOS;GERENTE AD-2;GERENTE AD-2; CARGO COMISSION.S/VINCULO;5613,05;;5613,05;1115,35;4497,70;
FLAVIA TEREZA MATOS RODRIGUES;SEAP-EFETIVOS;A.TEC-I;CHEF.DE SEC.PESSOAL; ESTATUTARIO;3719,09;;3719,09;350,63;3368,46;
FLAVIO AUGUSTO ALVES RODRIGUES;SEAP-COMISSIONADOS;ASSESSOR I AD-1;; CARGO COMISSION.S/VINCULO;5229,77;;5229,77;986,40;4243,37;
FRANCIMARA OLANDA DE QUEIROZ;UNID.PRIS.SEMIABERTO FEM-UPSF;ASSESSOR III AD-3;ASSESSOR III AD-3; CARGO COMISSION.S/VINCULO;2195,80;;2195,80;197,62;1998,18;
FRANCISCA CRISTINA MAGLIONE G CRUZ;CADEIA PUB.DES.RDO.VID.PESSOA;AUX.ADM-I;; ESTATUTARIO;3050,75;;3050,75;188,90;2861,85;
FRANCISCA DE ASSIS LIMA MARAES;COMPAJ SEMI ABERTO;COZINHEIRO;; ESTATUTARIO;2184,31;;2184,31;152,88;2031,43;
FRANCISCO ALTAMIR VIEIRA GARCIA;MUNICIPIO DE COARI;DIRETOR ADJ.DE UNID.PRISIONAL AD-2;; CARGO COMISSION.S/VINCULO;2213,79;;2213,79;199,24;2014,55;
FRANCISCO CARLOS MARTINS LEDO;CADEIA PUB.DES.RDO.VID.PESSOA;AG.PEN-II;; ESTATUTARIO;3646,69;;3646,69;242,16;3404,53;
FRANCISCO CORREA DUARTE;SEAP-INTERIOR;A.TEC-I;; ESTATUTARIO;3727,83;;3727,83;267,44;3460,39;
FRANCISCO JANIO DE AGUIAR;CADEIA PUB.DES.RDO.VID.PESSOA;CENOTECNICO;CENOTECNICO; ESTATUTARIO;3692,74;;3692,74;334,86;3357,88;
FRANCISCO JORGE DE AMORIM DIAS;SEAP-EFETIVOS;A.TEC-I;; ESTATUTARIO;3692,87;;3692,87;233,87;3459,00;
FRANCISCO MARQUES DE OLIVEIRA;COMPAJ SEMI ABERTO;AUX.O-I;; ESTATUTARIO;2067,31;;2067,31;148,25;1919,06;
FRANCISCO MOISES CAVALCANTE DANTAS;COMPAJ SEMI ABERTO;CABO;DIRETOR ADJUNTO AD2; ESTATUTARIO;4000,00;;4000,00;188,32;3811,68;
FRANCISCO MOREIRA FILHO;SEAP-INTERIOR;A.OPE-I;; ESTATUTARIO;4001,09;;4001,09;405,95;3595,14;
FRANCISCO NILSON MOURAO;CADEIA PUB.DES.RDO.VID.PESSOA;A.TEC-I;; ESTATUTARIO;2429,83;;2429,83;174,57;2255,26;
FRANCISCO RAIMUNDO VALENTE FERREIRA;COMPAJ SEMI ABERTO;MOT-I;; ESTATUTARIO;3362,53;;3362,53;298,28;3064,25;
FRANCISCO SOARES DE SOUZA FILHO;COMPAJ SEMI ABERTO;AUX.O-I;; ESTATUTARIO;3662,80;;3662,80;271,75;3391,05;
GABRIEL LOPES RAMOS;SEAP-COMISSIONADOS;ASSESSOR IV AD-4;; CARGO COMISSION.S/VINCULO;1877,61;;1877,61;168,98;1708,63;
GERALDO RICARDO PEREIRA;SEAP-EFETIVOS;MOT-I;; ESTATUTARIO;3788,52;;3788,52;335,37;3453,15;
GERUSA DE ARAUJO SILVA;UNID.PRIS.SEMIABERTO FEM-UPSF;A.TEC-II;; ESTATUTARIO;2352,20;;2352,20;161,79;2190,41;
GIBSON ALVES DOS SANTOS;SEAP-EFETIVOS;PSI-II;; ESTATUTARIO;3050,49;;3050,49;411,61;2638,88;
GILBERTO CALDAS DE SOUZA JUNIOR;MUNICIPIO DE COARI;DIRETOR DE UNIDADE PRISIONAL AD-1;; CARGO COMISSION.S/VINCULO;5229,77;;5229,77;986,40;4243,37;
GILBERTO DA GRACA BANDEIRA;SEAP-COMISSIONADOS;AG.PEN-I;GERENTE AD-2; ESTATUTARIO;5532,37;;5532,37;447,65;5084,72;
GILBERTO NASCIMENTO RIBEIRO;CADEIA PUB.DES.RDO.VID.PESSOA;AUX.O-I;; ESTATUTARIO;2067,31;;2067,31;148,25;1919,06;
GINO EDUARDO RANCIARO;SEAP-COMISSIONADOS;SUBGERENTE AD-3;; CARGO COMISSION.S/VINCULO;3191,80;;3191,80;422,40;2769,40;
GIVALDO CAVALCANTE GOMES;CENT.DE DETEN.PROV.MANAUS-CDPM;ASSESSOR IV AD-4;ASSESSOR IV AD-4; CARGO COMISSION.S/VINCULO;2575,61;;2575,61;264,79;2310,82;
GLAISE SOUTO DA SILVA;UNID.PRIS.SEMIABERTO FEM-UPSF;ASSESSOR II AD-2;ASSESSOR II AD-2; CARGO COMISSION.S/VINCULO;3209,79;;3209,79;426,78;2783,01;
HELIOMIRO THOME DE SOUZA;CADEIA PUB.DES.RDO.VID.PESSOA;AG.PEN-I;; ESTATUTARIO;3732,59;;3732,59;263,41;3469,18;
HELLEN PEREIRA OLIVEIRA;SEAP-COMISSIONADOS;ASSESSOR II AD-2;; CARGO COMISSION.S/VINCULO;3209,79;;3209,79;426,78;2783,01;
HERBERT DE ALMEIDA TELES;SEAP-EFETIVOS;ASSISTENTE TECNICO 2A CLASSE;; ESTATUTARIO;3586,28;;3586,28;193,34;3392,94;
HERMES ALBERTO UGARTE JUNIOR;CADEIA PUB.DES.RDO.VID.PESSOA;AG.PEN-II;; ESTATUTARIO;1654,38;;1654,38;181,98;1472,40;
HEVERSON BARROS DO NASCIMENTO;SEAP-COMISSIONADOS;GERENTE AD-2;GERENTE AD-2; CARGO COMISSION.S/VINCULO;4209,79;;4209,79;670,28;3539,51;
HIARPA CRUZ BOTELHO;PESSOAL PROC.DE APOSENTADORIA;A.TEC-I;; ESTATUTARIO;3254,12;;3254,12;30,16;3223,96;
HIRANETH MARIA CARVALHO VASQUES;SEAP-COMISSIONADOS;SUBGERENTE AD-3;; CARGO COMISSION.S/VINCULO;2591,80;;2591,80;267,35;2324,45;
IRAN VIANA DE OLIVEIRA;SEAP-COMISSIONADOS;TENENTE 1;ASSESSOR I AD-1; ESTATUTARIO;4000,00;;4000,00;131,45;3868,55;
IRNE DE SOUZA DUTRA;UNID.PRIS.SEMIABERTO FEM-UPSF;AG.PEN-I;; ESTATUTARIO;3907,37;;3907,37;398,78;3508,59;
ITELVINA RIBEIRO BARREIROS;HOSP.DE CUST.TRAT.PSIQUIATRICO;AUX.HSP-II;; ESTATUTARIO;2513,11;;2513,11;144,07;2369,04;
IURI BRUCO DE MELO;HOSP.DE CUST.TRAT.PSIQUIATRICO;AG.PEN-II;GERENTE AD 2; ESTATUTARIO;3646,69;;3646,69;290,01;3356,68;
IVAN LOPES DE SOUZA;COMPAJ SEMI ABERTO;A.TEC-I;; ESTATUTARIO;3915,90;;3915,90;324,09;3591,81;
IZAQUE SOUZA DE LIMA;MUNICIPIO DE COARI;AG.PEN-I;; ESTATUTARIO;3692,87;;3692,87;189,42;3503,45;
JAIME MOURAO DE CARVALHO;CADEIA PUB.DES.RDO.VID.PESSOA;AUX.S.G-I;; ESTATUTARIO;2590,06;;2590,06;161,04;2429,02;
JAIR VIEIRA DE CASTRO;MUNICIPIO DE TEFE;DIRETOR DE UNIDADE PRISIONAL AD-1;; CARGO COMISSION.S/VINCULO;10459,54;;10459,54;2448,13;8011,41;
JAMERSON ALEXANDRE PORTO DE MORAES;SEAP-INTERIOR;AG.PEN-II;; ESTATUTARIO;3633,19;;3633,19;215,68;3417,51;
JAMICHEL CARVALHO DE ANDRADE;SEAP-COMISSIONADOS;GERENTE AD-2;; CARGO COMISSION.S/VINCULO;3209,79;;3209,79;426,78;2783,01;
JANILSON AZEVEDO DE SOUZA;COMPAJ FECHADO;DIRETOR ADJ.DE UNID.PRISIONAL AD-2;; CARGO COMISSION.S/VINCULO;4209,79;;4209,79;670,28;3539,51;
JANIO GUIMARAES AMORIM;COMPAJ FECHADO;ASSESSOR IV AD-4;ASSESSOR IV AD-4; CARGO COMISSION.S/VINCULO;2179,61;;2179,61;196,16;1983,45;
JEAN CARLO SILVA DE OLIVEIRA;SEAP-COMISSIONADOS;DIRETOR ADJ.DE UNID.PRISIONAL AD-2;DIR.ADJ.DE UNID.; CARGO COMISSION.S/VINCULO;4209,79;;4209,79;670,28;3539,51;
JEMERSON WILLIAN DA SILVA E SILVA;UNID.PRIS.SEMIABERTO FEM-UPSF;SUBGERENTE AD-3;SUBGERENTE AD-3; CARGO COMISSION.S/VINCULO;3191,80;;3191,80;422,40;2769,40;
JESSICA DE MATOS ANDRADE;SEAP-COMISSIONADOS;SUBGERENTE AD-3;SUBGERENTE AD3; CARGO COMISSION.S/VINCULO;1681,80;;1681,80;151,36;1530,44;
JESSICA MACENA AMARAL;INSTIT.PENAL ANTONIO TRINDADE;GERENTE AD-2;; CARGO COMISSION.S/VINCULO;3209,79;;3209,79;426,78;2783,01;
JESSICA MAUES ALVES;MUNICIPIO DE TABATINGA;ASSESSOR III AD-3;ASSESSOR III AD-3; CARGO COMISSION.S/VINCULO;1681,80;;1681,80;151,36;1530,44;
JESSICA NASCIMENTO DE ALMEIDA;SEAP-COMISSIONADOS;GERENTE AD-2;; CARGO COMISSION.S/VINCULO;3209,79;;3209,79;426,78;2783,01;
JOAO BOSCO DA SILVEIRA;SEAP-INTERIOR;AG.PEN-I;; ESTATUTARIO;3723,84;;3723,84;219,21;3504,63;
JOAO BOSCO DAS CHAGAS PAULAIN;MUNICIPIO DE PARINTINS;AG.PEN-I;DIR.UND.PRIS. AD-1; ESTATUTARIO;5886,87;;5886,87;733,18;5153,69;
JOAO BOSCO DE ASSIS ALVES;SEAP-COMISSIONADOS;SOLDADO;ASSESSOR IV AD4; ESTATUTARIO;3000,00;;3000,00;95,20;2904,80;
JOAO BRITO DE SOUZA;COMPAJ SEMI ABERTO;A.TEC-II;; ESTATUTARIO;3641,46;;3641,46;328,12;3313,34;
JOAO FERNANDES GONCALVES NETO;SEAP-COMISSIONADOS;GERENTE AD-2;; CARGO COMISSION.S/VINCULO;4209,79;;4209,79;670,28;3539,51;
JOAO KENNEDY PEREIRA BARBOSA;CADEIA PUB.DES.RDO.VID.PESSOA;MOT-I;; ESTATUTARIO;3228,64;;3228,64;205,18;3023,46;
JOAO PEDRO TAVARES GATO;CASA DO ALBERGADO DE MANAUS;MOT-II;; ESTATUTARIO;3752,91;;3752,91;290,57;3462,34;
JOAO REZENDE CAVALCANTE;SEAP-COMISSIONADOS;GERENTE AD-2;GERENTE AD-2; CARGO COMISSION.S/VINCULO;5613,05;;5613,05;946,55;4666,50;
JOAO ROBERTO CARVALHO DOS SANTOS;MUNICIPIO DE TABATINGA;DIRETOR ADJ.DE UNID.PRISIONAL AD-2;; CARGO COMISSION.S/VINCULO;2609,79;;2609,79;270,20;2339,59;
JONAS PEREIRA NUNES;SEAP-EFETIVOS;ASSISTENTE TECNICO GOVERNAMENTAL;; ESTATUTARIO;1350,19;;1350,19;148,52;1201,67;
JONATAS PAULO SANTANA SOARES;UNIDADE PRISIONAL PURAQUEQUARA;TENENTE 2;DIR.ADJUNTO UN.PRIS; ESTATUTARIO;8000,00;;8000,00;1330,64;6669,36;
JORGE ALBERTO DA SILVA;CASA DO ALBERGADO DE MANAUS;A.TEC-I;; ESTATUTARIO;5145,01;;5145,01;486,16;4658,85;
JORGE ALBERTO GOMES DAMASCENO;CONSELHO PENITENCIARIO;MEMBRO DE CONSELHO;; CONSELHO;429,20;;429,20;;429,20;
JORGE ROBERTO PEREIRA RIBEIRO;COMPAJ SEMI ABERTO;MECANICO;; ESTATUTARIO;2163,81;;2163,81;127,30;2036,51;
JOSE ADAILTON ALVES;SEAP-COMISSIONADOS;CHEFE DE DEPARTAMENTO AD-1;CH.DE DEPART.AD-1; CARGO COMISSION.S/VINCULO;5229,77;;5229,77;986,40;4243,37;
JOSE AUGUSTO DO VALE SILVA;COMPAJ SEMI ABERTO;A.OPE-I;ASSIST.TEC.3º CLASSE; ESTATUTARIO;2729,24;;2729,24;44,19;2685,05;
JOSE AUGUSTO FEITOZA DA SILVA;MUNICIPIO DE TABATINGA;ASSESSOR III AD-3;; CARGO COMISSION.S/VINCULO;1681,80;;1681,80;151,36;1530,44;
JOSE BALDUINO DOS SANTOS PEREIRA;HOSP.DE CUST.TRAT.PSIQUIATRICO;A.TEC-I;; ESTATUTARIO;3732,59;;3732,59;267,34;3465,25;
JOSE DIVINO PEREZ ATAIDE;CADEIA PUB.DES.RDO.VID.PESSOA;AG.PEN-I;; ESTATUTARIO;3732,59;;3732,59;316,50;3416,09;
JOSE FRANCISCO CATIVO REGIS;SEAP-EFETIVOS;AG.PEN-II;; ESTATUTARIO;3633,19;;3633,19;316,42;3316,77;
JOSE GAMA DE ALBUQUERQUE;CADEIA PUB.DES.RDO.VID.PESSOA;TNS-I;; ESTATUTARIO;4685,99;;4685,99;692,12;3993,87;
JOSE HENRIQUE DA CRUZ GLORIA;HOSP.DE CUST.TRAT.PSIQUIATRICO;AUX.HSP-I;; ESTATUTARIO;2590,06;;2590,06;182,78;2407,28;
JOSE LAZARO BEZERRA CAMPELO;CASA DO ALBERGADO DE MANAUS;DIRETOR DE UNIDADE PRISIONAL AD-1;DIR. UNID.PRIS. AD-1; CARGO COMISSION.S/VINCULO;5229,77;;5229,77;986,40;4243,37;
JOSE LUIS HONORATO DE OLIVEIRA;MUNICIPIO DE ITACOATIARA;AG.PEN-I;; ESTATUTARIO;3907,37;;3907,37;313,47;3593,90;
JOSE LUIZ DA SILVA OLIVEIRA;CADEIA PUB.DES.RDO.VID.PESSOA;A.TEC-I;; ESTATUTARIO;3675,73;;3675,73;337,64;3338,09;
JOSE MILTON DE ANDRADE TORRES;SEAP-COMISSIONADOS;SOLDADO;SUBGERENTE AD-3; ESTATUTARIO;3000,00;;3000,00;95,20;2904,80;
JOSE PEDRO BARBOSA DOS SANTOS;SEAP-INTERIOR;AG.PEN-I;; ESTATUTARIO;3710,34;;3710,34;232,41;3477,93;
JOSE RAIMUNDO CATIVO REGIS;COMPAJ SEMI ABERTO;MOT-II;; ESTATUTARIO;2454,91;;2454,91;163,90;2291,01;
JOSE RIBAMAR MAIA BEZERRA;CASA DO ALBERGADO DE MANAUS;A.TEC-I;; ESTATUTARIO;3795,83;;3795,83;369,32;3426,51;
JOSE RIBAMAR MARTE DE MELO;SEAP-EFETIVOS;ARTIFICE;; ESTATUTARIO;2879,29;;2879,29;164,25;2715,04;
JOSE SIQUEIRA DE LIMA;CASA DO ALBERGADO DE MANAUS;AG.PEN-II;; ESTATUTARIO;3633,19;;3633,19;259,55;3373,64;
JOSE TADEU DE NAZARE REBELO;COMPAJ SEMI ABERTO;A.TEC-I;; ESTATUTARIO;5008,05;;5008,05;542,20;4465,85;
JOSELICE CAVALCANTE CARDOSO;SEAP-COMISSIONADOS;SUBGERENTE AD-3;SUBGERENTE AD-3; CARGO COMISSION.S/VINCULO;3191,80;;3191,80;422,40;2769,40;
JOSENIR DA SILVA ARAUJO;SEAP-EFETIVOS;A.OPE-I;DRTOR UNID PRIS.AD-1; ESTATUTARIO;3710,34;;3710,34;238,29;3472,05;
JOVINIANO DA SILVEIRA CUNHA;CADEIA PUB.DES.RDO.VID.PESSOA;AG.PEN-II;; ESTATUTARIO;3646,69;;3646,69;227,94;3418,75;
JULIO CESAR DA SILVA FERNANDES;SEAP-INTERIOR;AG.PEN-II;; ESTATUTARIO;4844,25;;4844,25;552,20;4292,05;
JULIO CESAR FLORENCIO DE LIMA;SEAP-COMISSIONADOS;CABO;; ESTATUTARIO;4000,00;;4000,00;131,45;3868,55;
KAMILLA NIVEA DANTAS LIRA;SEAP-COMISSIONADOS;ASSESSOR I AD-1;ASSESSOR I AD-1; CARGO COMISSION.S/VINCULO;5229,77;;5229,77;986,40;4243,37;
KARLA MARIA MARTINS LEDO;COMPAJ SEMI ABERTO;AG.PEN-I;; ESTATUTARIO;3710,34;;3710,34;340,79;3369,55;
KATIA CRISTIANE FONTES DE LIMA;SEAP-COMISSIONADOS;CHEFE DE DEPARTAMENTO AD-1;; CARGO COMISSION.S/VINCULO;5229,77;;5229,77;986,40;4243,37;
KEILA AMORIM DA GRACA;SEAP-EFETIVOS;AUX.S.G-II;; ESTATUTARIO;2916,15;;2916,15;160,76;2755,39;
KEYLA MARIA PINHEIRO PRADO;SEAP-COMISSIONADOS;GERENTE AD-2;GERENTE AD-2; CARGO COMISSION.S/VINCULO;4209,79;;4209,79;670,28;3539,51;
LEANDRO SANTOS GOMES;SEAP-COMISSIONADOS;SOLDADO;ASSESSOR II AD2; ESTATUTARIO;4000,00;;4000,00;263,87;3736,13;
LEANDRO SOUZA DE LIMA;CASA DO ALBERGADO DE MANAUS;DIRETOR DE UNIDADE PRISIONAL AD-1;DIR UND PRIS. AD-1; CARGO COMISSION.S/VINCULO;5229,77;;5229,77;986,40;4243,37;
LENA NARA GONZALES NOBREGA;SEAP-COMISSIONADOS;ASSESSOR II AD-2;ASSESSOR II AD-2; CARGO COMISSION.S/VINCULO;5613,05;;5613,05;1115,35;4497,70;
LEONILDO BELEM DOS SANTOS;SEAP-INTERIOR;AG.PEN-I;; ESTATUTARIO;3710,34;;3710,34;312,35;3397,99;
LETICIA HEVELYN PINHEIRO L CUNHA;MUNICIPIO DE TEFE;DIRETOR DE UNIDADE PRISIONAL AD-1;; CARGO COMISSION.S/VINCULO;5140,62;;5140,62;;5140,62;
LILIAN REJANE NEGREIROS GUIMARAES;SEAP-COMISSIONADOS;ASSESSOR II AD-2;; CARGO COMISSION.S/VINCULO;4209,79;;4209,79;670,28;3539,51;
LINDALVA MARTINS MOREIRA TRINDADE M;SEAP-EFETIVOS;TNS-I;; ESTATUTARIO;5183,01;;5183,01;800,50;4382,51;
LIZANDRE MARTINS DE OLIVEIRA;SEAP-EFETIVOS;A.TEC-I;; ESTATUTARIO;3895,26;;3895,26;239,07;3656,19;
LOURIVAL DA SILVA SOUZA;COMPAJ SEMI ABERTO;A.TEC-I;; ESTATUTARIO;3809,33;;3809,33;257,59;3551,74;
LUCELIA NUNES DA SILVA;SEAP-COMISSIONADOS;SECRETARIO DE CONSELHO AD-4;; CARGO COMISSION.S/VINCULO;1729,21;;1729,21;121,16;1608,05;
LUCIANA PEREIRA OLIVEIRA;PENITENCIARIA FEMIN.DE MANAUS;ASSESSOR III AD-3;ASSESSOR III AD-3; CARGO COMISSION.S/VINCULO;3191,80;;3191,80;422,40;2769,40;
LUCIO DE HOLANDA BRAGA CAMPELO;COMPAJ SEMI ABERTO;TOPOGRAFO 3A CLASSE;; ESTATUTARIO;3663,02;;3663,02;328,89;3334,13;
LUIS CLAUDIO DE SOUZA SILVA;SEAP-COMISSIONADOS;ASSESSOR IV AD-4;ASSESSOR IV AD-4; CARGO COMISSION.S/VINCULO;2179,61;;2179,61;196,16;1983,45;
LUIZ ALBERTO SILVA DE MEDEIROS;MUNICIPIO DE PARINTINS;ASSISTENTE TECNICO A;; ESTATUTARIO;3577,54;;3577,54;308,07;3269,47;
LUIZ ANAZILDO NASCIMENTO LIMA;SEAP-EFETIVOS;A.TEC-I;; ESTATUTARIO;3710,34;;3710,34;238,29;3472,05;
LUIZ CARLOS ANTONINA DA COSTA;CADEIA PUB.DES.RDO.VID.PESSOA;A.TEC-II;; ESTATUTARIO;3641,46;;3641,46;220,50;3420,96;
LUIZ CARLOS BEZERRA DE OLIVEIRA;COMPAJ SEMI ABERTO;AUX.S.G-I;; ESTATUTARIO;3754,69;;3754,69;308,43;3446,26;
LUIZ CARLOS CARVALHO MATELINS;COMPAJ SEMI ABERTO;AG.PEN-II;; ESTATUTARIO;3633,19;;3633,19;259,55;3373,64;
LUIZ GONZAGA MONTEIRO RODRIGUES;CASA DO ALBERGADO DE MANAUS;AG.PEN-I;; ESTATUTARIO;3723,84;;3723,84;342,81;3381,03;
LUZENIRA ALVES RODRIGUES;UNID.PRIS.SEMIABERTO FEM-UPSF;ASSESSOR III AD-3;ASSESSOR III AD-3; CARGO COMISSION.S/VINCULO;2195,80;;2195,80;197,62;1998,18;
MANOEL COELHO SA;MUNICIPIO DE TABATINGA;ASSESSOR III AD-3;ASSESSOR III AD-3; CARGO COMISSION.S/VINCULO;1681,80;;1681,80;151,36;1530,44;
MANOEL JOAO RODRIGUES DE MELO;PESSOAL PROC.DE APOSENTADORIA;AUX.S.G-I;; ESTATUTARIO;2466,39;;2466,39;152,10;2314,29;
MANOEL LOPES DE VASCONCELOS FILHO;COMPAJ SEMI ABERTO;A.TEC-I;; ESTATUTARIO;3723,84;;3723,84;350,52;3373,32;
MANOEL LUIZ DE CASTRO PERDIGAO;SEAP-EFETIVOS;A.TEC-I;; ESTATUTARIO;1569,48;;1569,48;165,98;1403,50;
MANOEL TAVARES DOS SANTOS;COMPAJ SEMI ABERTO;AG.PEN-I;; ESTATUTARIO;3732,59;;3732,59;344,94;3387,65;
MARCEL AMORIM BORGES;MUNICIPIO DE ITACOATIARA;CABO;DIRT.ADJ.UNID.AD-2; ESTATUTARIO;4000,00;;4000,00;159,88;3840,12;
MARCELO GONZAGA CARVALHO;COMPAJ SEMI ABERTO;GERENTE AD-2;GERENTE AD-2; CARGO COMISSION.S/VINCULO;4209,79;;4209,79;670,28;3539,51;
MARCIA MARTINS SOARES;SEAP-EFETIVOS;AG.PEN-I;; ESTATUTARIO;3710,34;;3710,34;260,85;3449,49;
MARCILENE DUTRA SINIMBU;SEAP-EFETIVOS;AUXILIAR ADMINISTRATIVO;AUX. ADMINISTRATIVO; ESTATUTARIO;3461,81;;3461,81;278,69;3183,12;
MARCIO ANDRE ARAUJO PINHO;CADEIA PUB.DES.RDO.VID.PESSOA;SARGENTO 3;DIR. UNID. PRIS.AD-1; ESTATUTARIO;5000,00;;5000,00;453,50;4546,50;
MARCIO ANTONIO FRANKLIN R ALENCAR;SEAP-COMISSIONADOS;SUBGERENTE AD-3;; CARGO COMISSION.S/VINCULO;2591,80;;2591,80;267,35;2324,45;
MARCIO BRAGA DE OLIVEIRA;UNIDADE PRISIONAL PURAQUEQUARA;ASSESSOR III AD-3;; CARGO COMISSION.S/VINCULO;2591,80;;2591,80;267,35;2324,45;
MARCO SILVA DOS SANTOS;UNID.PRIS.SEMIABERTO FEM-UPSF;ASSESSOR III AD-3;ASSESSOR III AD-3; CARGO COMISSION.S/VINCULO;1893,80;;1893,80;170,44;1723,36;
MARCOS ANTONIO ASSUNCAO LIMA;COMPAJ SEMI ABERTO;AG.PEN-II;; ESTATUTARIO;3655,43;;3655,43;292,14;3363,29;
MARCOS ANTONIO BRAGA DE OLIVEIRA;SEAP-COMISSIONADOS;ASSESSOR I AD-1;ASSESSOR I AD-1; CARGO COMISSION.S/VINCULO;4229,77;;4229,77;676,15;3553,62;
MARCOS AURELIO MACHADO DA SILVA;SEAP-COMISSIONADOS;ASSESSOR IV AD-4;ASSESSOR IV AD-4; CARGO COMISSION.S/VINCULO;3175,61;;3175,61;418,48;2757,13;
MARCOS GARCIA DE MORAES;CADEIA PUB.DES.RDO.VID.PESSOA;ASSISTENTE TECNICO GOVERNAMENTAL;; ESTATUTARIO;3591,04;;3591,04;253,22;3337,82;
MARCOS JORGE DE OLIVEIRA E SILVA;HOSP.DE CUST.TRAT.PSIQUIATRICO;AUX.O-I;DIR.ADJUNTO AD-2; ESTATUTARIO;4790,29;;4790,29;387,57;4402,72;
MARCOS KLINGER DOS SANTOS PAIVA;SEAP-COMISSIONADOS;MAJOR;SEC. EXECUT. ADJUNTO; ESTATUTARIO;8100,00;;8100,00;1306,00;6794,00;
MARCOS ROGERIO DA SILVA;COMPAJ SEMI ABERTO;AG.PEN-II;GERENTE AD-2; ESTATUTARIO;3646,69;;3646,69;290,01;3356,68;
MARCUS DE ARAUJO COSTA;COMPAJ SEMI ABERTO;A.TEC-I;; ESTATUTARIO;3723,84;;3723,84;218,18;3505,66;
MARIA ALCINEIDE FERREIRA DA SILVA;UNID.PRIS.SEMIABERTO FEM-UPSF;ASSESSOR III AD-3;ASSESSOR III AD-3; CARGO COMISSION.S/VINCULO;1893,80;;1893,80;170,44;1723,36;
MARIA DA CONCEICAO SILVA DA COSTA;SEAP-COMISSIONADOS;CABO;ASSESSOR II AD2; ESTATUTARIO;4000,00;;4000,00;221,21;3778,79;
MARIA DAS GRACAS MENDONCA FERREIRA;UNID.PRIS.SEMIABERTO FEM-UPSF;AG.PEN-I;; ESTATUTARIO;3917,08;;3917,08;344,18;3572,90;
MARIA DE FATIMA CRUZ GONCALVES;CADEIA PUB.DES.RDO.VID.PESSOA;A.TEC-I;; ESTATUTARIO;2709,15;;2709,15;204,08;2505,07;
MARIA DE FATIMA LIMA DA SILVA;SEAP-EFETIVOS;ASSISTENTE TECNICO 3A CLASSE;; ESTATUTARIO;5034,70;;5034,70;490,67;4544,03;
MARIA DE LOURDES FERREIRA;UNID.PRIS.SEMIABERTO FEM-UPSF;A.TEC-I;; ESTATUTARIO;3892,70;;3892,70;348,24;3544,46;
MARIA DE NAZARE RIBEIRO DA SILVA;SEAP-EFETIVOS;AG.PEN-I;; ESTATUTARIO;3907,37;;3907,37;341,90;3565,47;
MARIA DO PERPETUO SOCORRO S UCHOA;SEAP-EFETIVOS;A.OPE-I;; ESTATUTARIO;2412,34;;2412,34;197,82;2214,52;
MARIA DO SOCORRO FREITAS P SOUZA;COMPAJ SEMI ABERTO;DIRETOR DE UNIDADE PRISIONAL AD-1;; CARGO COMISSION.S/VINCULO;5229,77;;5229,77;986,40;4243,37;
MARIA DO SOCORRO PESSOA;UNID.PRIS.SEMIABERTO FEM-UPSF;DIRETOR ADJ.DE UNID.PRISIONAL AD-2;; CARGO COMISSION.S/VINCULO;3209,79;;3209,79;426,78;2783,01;
MARIA ELZA DA SILVA RAPOZO;UNID.PRIS.SEMIABERTO FEM-UPSF;A.TEC-I;; ESTATUTARIO;4310,34;;4310,34;475,98;3834,36;
MARIA FERNANDA DANTAS DE SOUZA;PENITENCIARIA FEMIN.DE MANAUS;ASSISTENTE TECNICO GOVERNAMENTAL;; ESTATUTARIO;2457,18;;2457,18;181,54;2275,64;
MARIA LUCIA MATIAS DE SOUZA;UNID.PRIS.SEMIABERTO FEM-UPSF;A.TEC-I;; ESTATUTARIO;3881,56;;3881,56;345,62;3535,94;
MARIA LUIZA OLIVEIRA DA SILVA;UNID.PRIS.SEMIABERTO FEM-UPSF;AG.PEN-I;AGENTE PENITENCIARIO; ESTATUTARIO;3723,84;;3723,84;285,94;3437,90;
MARIA RAIMUNDA JANUARIO DE SOUZA;MUNICIPIO DE ITACOATIARA;ASSESSOR III AD-3;ASSESSOR III AD-3; CARGO COMISSION.S/VINCULO;4255,73;;4255,73;684,21;3571,52;
MARIANA MENDES AVELINO;SEAP-COMISSIONADOS;GERENTE AD-2;; CARGO COMISSION.S/VINCULO;4209,79;;4209,79;670,28;3539,51;
MARILIA ARYCE DE ALMEIDA;SEAP-EFETIVOS;ASSISTENTE TECNICO A;; ESTATUTARIO;3595,02;;3595,02;255,45;3339,57;
MARILU MONTENEGRO PEIXOTO;SEAP-COMISSIONADOS;GERENTE AD-2;GERENTE AD-2; CARGO COMISSION.S/VINCULO;4209,79;;4209,79;670,28;3539,51;
MARINETE DA COSTA SUBIRANA;CASA DO ALBERGADO DE MANAUS;AG.PEN-I;; ESTATUTARIO;3973,62;;3973,62;357,43;3616,19;
MARIO AUGUSTO DOURADO MENEZES;SEAP-COMISSIONADOS;SOLDADO;SUBGERENTE AD-3; ESTATUTARIO;3000,00;;3000,00;95,20;2904,80;
MARIVALDO GOMES DOS SANTOS;CADEIA PUB.DES.RDO.VID.PESSOA;MOT-I;; ESTATUTARIO;3237,39;;3237,39;176,86;3060,53;
MARLI SOUZA DA SILVA;SEAP-EFETIVOS;A.TEC-I;CHF S APOIO TRABALHO; ESTATUTARIO;3332,83;;3332,83;228,77;3104,06;
MARLUCE DA COSTA SOUSA;CONSELHO PENITENCIARIO;MEMBRO DE CONSELHO;; CONSELHO;429,20;;429,20;;429,20;
MATHEUS OLIVEIRA DA SILVA ROCHA;COMPAJ SEMI ABERTO;SUBGERENTE AD-3;SUBGERENTE AD-3; CARGO COMISSION.S/VINCULO;3191,80;;3191,80;422,40;2769,40;
MAURICIO DA SILVA CARNEIRO;CADEIA PUB.DES.RDO.VID.PESSOA;AG.PEN-I;; ESTATUTARIO;3719,09;;3719,09;233,96;3485,13;
MAURIDIO GEORGE DE MOURA COSTA;HOSP.DE CUST.TRAT.PSIQUIATRICO;DENTISTA 1A.CLASSE-DENT-I;; ESTATUTARIO;4346,61;;4346,61;616,67;3729,94;
MAYARA SOARES SANTIAGO;SEAP-COMISSIONADOS;ASSESSOR II AD-2;ASSESSOR II AD-2; CARGO COMISSION.S/VINCULO;3209,79;;3209,79;426,78;2783,01;
MEIRE MARGARETH RIBEIRO BRAGA;SEAP-COMISSIONADOS;ASSESSOR II AD-2;; CARGO COMISSION.S/VINCULO;4209,79;;4209,79;670,28;3539,51;
MESSIAS GARCIA CORDEIRO;CADEIA PUB.DES.RDO.VID.PESSOA;A.TEC-I;; ESTATUTARIO;3110,34;;3110,34;235,95;2874,39;
MICAEL ASSUNCAO LIMA;SEAP-COMISSIONADOS;SOLDADO;ASSESSOR II AD-2; ESTATUTARIO;4000,00;;4000,00;159,88;3840,12;
MIGUEL AUGUSTO GOMES ANDRADE;COMPAJ SEMI ABERTO;A.TEC-I;; ESTATUTARIO;3741,33;;3741,33;228,18;3513,15;
MIRLAN BENICIO DE SOUZA;COMPAJ SEMI ABERTO;SUBGERENTE AD-3;SUBGERENTE AD-3; CARGO COMISSION.S/VINCULO;3191,80;;3191,80;422,40;2769,40;
NAASSON SERRAO DA COSTA;SEAP-INTERIOR;AG.PEN-II;; ESTATUTARIO;3646,69;;3646,69;318,45;3328,24;
NADISON DE SOUZA MIRANDA;SEAP-COMISSIONADOS;SOLDADO;SUBGERENTE AD3; ESTATUTARIO;3000,00;;3000,00;95,20;2904,80;
NATANAEL FIGUEIREDO DE SOUZA FILHO;SEAP-COMISSIONADOS;ASSESSOR I AD-1;ASSESSOR I AD-1; CARGO COMISSION.S/VINCULO;3229,77;;3229,77;431,65;2798,12;
NEILY DUARTE BURGOS;SEAP-COMISSIONADOS;GERENTE AD-2;GERENTE AD-2; CARGO COMISSION.S/VINCULO;4209,79;;4209,79;670,28;3539,51;
NELVANIZE NASCIMENTO DA SILVEIRA;SEAP-EFETIVOS;ASSISTENTE TECNICO 3A CLASSE;; ESTATUTARIO;3591,31;;3591,31;208,46;3382,85;
NILMAR DE OLIVEIRA SANTOS;CADEIA PUB.DES.RDO.VID.PESSOA;AUX.S.G-I;; ESTATUTARIO;4794,91;;4794,91;515,71;4279,20;
NILZA DA COSTA LIMA;SEAP-EFETIVOS;AUX.S.G-I;AUX SERV GERAIS; ESTATUTARIO;3586,06;;3586,06;224,63;3361,43;
NORMA BARBOSA DUARTE;SEAP-EFETIVOS;A.TEC-I;CH ORCAMENTO E FINAN; ESTATUTARIO;6641,17;;6641,17;1176,02;5465,15;
OBERDAN BARROS BATISTA;CASA DO ALBERGADO DE MANAUS;AG.PEN-II;; ESTATUTARIO;4855,28;;4855,28;470,78;4384,50;
ODILSON SERGIO DA SILVA AQUINO;COMPAJ SEMI ABERTO;A.TEC-II;; ESTATUTARIO;3654,96;;3654,96;244,83;3410,13;
ORDEMIRO BARBOSA MARINHO;CADEIA PUB.DES.RDO.VID.PESSOA;AG.PEN-I;; ESTATUTARIO;3732,59;;3732,59;263,41;3469,18;
ORLANDO AUGUSTO DA SILVA BELOTA;SEAP-INTERIOR;A.TEC-I;; ESTATUTARIO;3719,09;;3719,09;293,76;3425,33;
ORLANDO DA SILVA ROCHA;MUNICIPIO DE TEFE;DIRETOR ADJ.DE UNID.PRISIONAL AD-2;; CARGO COMISSION.S/VINCULO;3209,79;;3209,79;426,78;2783,01;
OSCAR LEAO RUBIM;CADEIA PUB.DES.RDO.VID.PESSOA;A.TEC-I;; ESTATUTARIO;3701,57;;3701,57;288,87;3412,70;
OSIEL FIRMINO DE SOUZA;CASA DO ALBERGADO DE MANAUS;AG.PEN-I;; ESTATUTARIO;3710,32;;3710,32;196,07;3514,25;
OSTAFO CAMPOS MONTEIRO;CADEIA PUB.DES.RDO.VID.PESSOA;A.TEC-I;; ESTATUTARIO;3732,59;;3732,59;226,64;3505,95;
PATRESE RICH PROCOPIO DE ARRUDA;SEAP-COMISSIONADOS;SUBGERENTE AD-3;; CARGO COMISSION.S/VINCULO;3191,80;;3191,80;422,40;2769,40;
PATRICIA DO SOCORRO P L L OLIVEIRA;SEAP-COMISSIONADOS;ASSESSOR IV AD-4;; CARGO COMISSION.S/VINCULO;3175,61;;3175,61;418,48;2757,13;
PAULO DA CRUZ BRITO LIMA;COMPAJ SEMI ABERTO;ASSESSOR II AD-2;ASSESSOR II AD-2; CARGO COMISSION.S/VINCULO;3209,79;;3209,79;426,78;2783,01;
PAULO ELVIS DA COSTA SOARES;CADEIA PUB.DES.RDO.VID.PESSOA;A.TEC-I;; ESTATUTARIO;3692,86;;3692,86;227,21;3465,65;
PAULO JEFFERSON CATUNDA;CASA DO ALBERGADO DE MANAUS;A.TEC-I;; ESTATUTARIO;3796,50;;3796,50;254,50;3542,00;
PAULO ROBERTO BRITO DA SILVA;SEAP-COMISSIONADOS;SUBGERENTE AD-3;SUBGERENTE AD-3; CARGO COMISSION.S/VINCULO;3191,80;;3191,80;422,40;2769,40;
PAULO ROBERTO JENNINGS;COMPAJ SEMI ABERTO;A.TEC-I;; ESTATUTARIO;3741,33;;3741,33;242,40;3498,93;
PAULO ROBERTO PINTO DE VASCONCELOS;CADEIA PUB.DES.RDO.VID.PESSOA;AG.PEN-I;; ESTATUTARIO;3732,59;;3732,59;255,25;3477,34;
PAULO SARAIVA DE MOURA;CADEIA PUB.DES.RDO.VID.PESSOA;AG.PEN-I;; ESTATUTARIO;3710,34;;3710,34;312,35;3397,99;
PAULO SERGIO GIL CRUZ;CASA DO ALBERGADO DE MANAUS;AGENTE ADMINISTRATIVO 4A CLASSE;; ESTATUTARIO;3595,02;;3595,02;202,10;3392,92;
PEDRO COSTA DA CUNHA;COMPAJ SEMI ABERTO;AUX.O-I;; ESTATUTARIO;3590,81;;3590,81;252,96;3337,85;
PEDRO GARCIA NASCIMENTO;MUNICIPIO DE TABATINGA;ASSESSOR III AD-3;; CARGO COMISSION.S/VINCULO;1681,80;;1681,80;151,36;1530,44;
PEDRO HELCIO CASTILHO COELHO;MUNICIPIO DE MAUES;ASSESSOR III AD-3;; CARGO COMISSION.S/VINCULO;1893,80;;1893,80;170,44;1723,36;
PEDRO OLIVEIRA DE SOUZA;CENT.DE DETEN.PROV.MANAUS-CDPM;TENENTE 2;DIR.UNID.PRIS.AD-1; ESTATUTARIO;5000,00;;5000,00;275,58;4724,42;
PITAGORAS MORAES DE AZEVEDO;UNIDADE PRISIONAL PURAQUEQUARA;SUBGERENTE AD-3;; CARGO COMISSION.S/VINCULO;3191,80;;3191,80;379,80;2812,00;
POLYANA GABRIELA SILVA S C PERES;SEAP-COMISSIONADOS;ASSESSOR I AD-1;ASSESSOR I AD-1; CARGO COMISSION.S/VINCULO;6973,03;;6973,03;1489,34;5483,69;
POTIGUARA MATIAS DOS SANTOS;COMPAJ FECHADO;GERENTE AD-2;GERENTE AD-2; CARGO COMISSION.S/VINCULO;3209,79;;3209,79;426,78;2783,01;
RAIMUNDA DA SILVA PEREIRA;SEAP-COMISSIONADOS;GERENTE AD-2;GERENTE AD-2; CARGO COMISSION.S/VINCULO;3209,79;;3209,79;426,78;2783,01;
RAIMUNDA DORALICE LOPES DE SOUZA;MUNICIPIO DE TABATINGA;ASSESSOR III AD-3;ASSESSOR III AD-3; CARGO COMISSION.S/VINCULO;1681,80;;1681,80;151,36;1530,44;
RAIMUNDA FRANCISCA CARVALHO SOUZA;SEAP-EFETIVOS;A.TEC-I;; ESTATUTARIO;3715,26;;3715,26;224,94;3490,32;
RAIMUNDA MARQUES SAMPAIO;CADEIA PUB.DES.RDO.VID.PESSOA;ASSISTENTE TECNICO GOVERNAMENTAL;; ESTATUTARIO;2995,02;;2995,02;192,55;2802,47;
RAIMUNDO ANTONIO MOTA MESQUITA;SEAP-INTERIOR;AG.PEN-I;; ESTATUTARIO;4947,12;;4947,12;544,35;4402,77;
RAIMUNDO EDSON TORRES LIMA;SEAP-COMISSIONADOS;ASSESSOR I AD-1;; CARGO COMISSION.S/VINCULO;5229,77;;5229,77;986,40;4243,37;
RAIMUNDO FREITAS DE MORAES;CADEIA PUB.DES.RDO.VID.PESSOA;A.TEC-I;DIGITADOR; ESTATUTARIO;3710,34;;3710,34;348,50;3361,84;
RAIMUNDO GONZAGA DA SILVA GOMES;SEAP-INTERIOR;AG.PEN-I;; ESTATUTARIO;3719,09;;3719,09;286,04;3433,05;
RAIMUNDO MAYCON MORAES DE SOUZA;MUNICIPIO DE PARINTINS;SUBGERENTE AD-3;SUBGERENTE AD-3; CARGO COMISSION.S/VINCULO;1893,80;;1893,80;170,44;1723,36;
RAIMUNDO NONATO DIMAS;SEAP-INTERIOR;AGENTE PENITENCIARIO 3A CLASSE;; ESTATUTARIO;3651,28;;3651,28;344,06;3307,22;
RAIMUNDO NONATO DO N TAVARES;HOSP.DE CUST.TRAT.PSIQUIATRICO;AUX.S.G-I;; ESTATUTARIO;2598,80;;2598,80;191,03;2407,77;
RAIMUNDO NONATO DOS SANTOS MELLO;SEAP-EFETIVOS;AUX.HSP-I;; ESTATUTARIO;3940,19;;3940,19;336,85;3603,34;
RAIMUNDO PEREIRA PONTES FILHO;CONSELHO PENITENCIARIO;PRESIDENTE DO CONSELHO;; CONSELHO;643,80;;643,80;;643,80;
RAIMUNDO SOARES NOGUEIRA;SEAP-EFETIVOS;AUX.O-I;; ESTATUTARIO;3553,72;;3553,72;171,99;3381,73;
RAIMUNDO XAVIER CARDOSO TAVARES;SEAP-INTERIOR;AG.PEN-I;; ESTATUTARIO;3732,59;;3732,59;263,41;3469,18;
RAYANNA BRITO RODRIGUES;SEAP-COMISSIONADOS;SOLDADO;; ESTATUTARIO;5000,00;;5000,00;453,50;4546,50;
RENAN GOMES DA SILVA;SEAP-COMISSIONADOS;SOLDADO;SUBGERENTE AD-3; ESTATUTARIO;3000,00;;3000,00;95,20;2904,80;
RENATA BRANCO XAVIER;SEAP-COMISSIONADOS;ASSESSOR II AD-2;; CARGO COMISSION.S/VINCULO;4209,79;;4209,79;670,28;3539,51;
RICARDO DA SILVA DUTRA;CENT.DE DETEN.PROV.MANAUS-CDPM;DIRETOR DE UNIDADE PRISIONAL AD-1;; CARGO COMISSION.S/VINCULO;5229,77;;5229,77;875,16;4354,61;
RICARDO LASMAR SANTOS;COMPAJ FECHADO;TENENTE 2;DIR.UNID.PRIS.AD-1; ESTATUTARIO;5000,00;;5000,00;505,64;4494,36;
RITA BATISTA MAIA;CADEIA PUB.DES.RDO.VID.PESSOA;ASSISTENTE TECNICO GOVERNAMENTAL;; ESTATUTARIO;2279,54;;2279,54;148,52;2131,02;
RIVALDO SOUZA DA COSTA;SEAP-COMISSIONADOS;TENENTE 2;ASSESSOR TECNICO; ESTATUTARIO;6000,00;;6000,00;624,23;5375,77;
ROBERT WASHINGTON BARRETO;COMPAJ FECHADO;SOLDADO;SUBGERENTE AD-3; ESTATUTARIO;3000,00;;3000,00;95,20;2904,80;
ROBERTO ANTONIO PEREIRA DOS SANTOS;COMPAJ SEMI ABERTO;A.TEC-I;AG ADMINISTRATIVO; ESTATUTARIO;3110,34;;3110,34;207,51;2902,83;
ROCINALDO JESUS DA SILVA;COMPAJ SEMI ABERTO;AG.PEN-II;; ESTATUTARIO;3633,19;;3633,19;316,42;3316,77;
ROGER MOREIRA DE QUEIROZ;CONSELHO PENITENCIARIO;MEMBRO DE CONSELHO;; CONSELHO;429,20;;429,20;;429,20;
ROGERIO DA SILVA FREITAS;SEAP-COMISSIONADOS;CABO;ASSESSOR III AD3; ESTATUTARIO;3000,00;;3000,00;67,98;2932,02;
ROGERIO FONSECA;CADEIA PUB.DES.RDO.VID.PESSOA;A.TEC-I;; ESTATUTARIO;3809,33;;3809,33;262,04;3547,29;
RONALDO BACURI MACHADO;SEAP-COMISSIONADOS;SOLDADO;SUBGERENTE AD3; ESTATUTARIO;3000,00;;3000,00;67,98;2932,02;
ROSA ESTER BARBOSA DABELA;SEAP-COMISSIONADOS;ASSESSOR I AD-1;ASSESSOR I AD-1; CARGO COMISSION.S/VINCULO;5229,77;;5229,77;986,40;4243,37;
ROSACLEIDE PEREIRA FOLHADELA;UNID.PRIS.SEMIABERTO FEM-UPSF;ASSISTENTE TECNICO 3A CLASSE;; ESTATUTARIO;3718,97;;3718,97;341,25;3377,72;
ROSANGELA CRISTINA TAVARES PINHEIRO;SEAP-COMISSIONADOS;ASSESSOR II AD-2;ASSESSOR II AD-2; CARGO COMISSION.S/VINCULO;3209,79;;3209,79;426,78;2783,01;
ROSARIA GONCALVES DE SOUZA;CADEIA PUB.DES.RDO.VID.PESSOA;AUX.S.G-II;; ESTATUTARIO;2006,15;;2006,15;137,85;1868,30;
ROSINEIDE PEREIRA DE LIMA;SEAP-COMISSIONADOS;ASSESSOR III AD-3;ASSESSOR III AD3; CARGO COMISSION.S/VINCULO;3191,80;;3191,80;422,40;2769,40;
ROSSEMARILANE VIANA DE OLIVEIRA;SEAP-INTERIOR;AG.PEN-I;; ESTATUTARIO;3689,02;;3689,02;360,33;3328,69;
ROSSICLEIDE DE SOUZA SILVA;SEAP-COMISSIONADOS;GERENTE AD-2;GERENTE AD-2; CARGO COMISSION.S/VINCULO;4209,79;;4209,79;670,28;3539,51;
RUBIA SAMANTA LIMA DOS SANTOS;SEAP-COMISSIONADOS;GERENTE AD-2;; CARGO COMISSION.S/VINCULO;4209,79;;4209,79;670,28;3539,51;
RUTH COSTA DE MATOS FREITAS;SEAP-COMISSIONADOS;GERENTE AD-2;; CARGO COMISSION.S/VINCULO;4209,79;;4209,79;670,28;3539,51;
SABRINA DE ARAUJO FONTENELLE;SEAP-COMISSIONADOS;CABO;ASSESSOR IV AD-4; ESTATUTARIO;3000,00;;3000,00;67,98;2932,02;
SAMUEL FERREIRA DA SILVA;MUNICIPIO DE PARINTINS;AG.PEN-I;; ESTATUTARIO;3710,34;;3710,34;369,23;3341,11;
SANSAO DA SILVA BELEM;CADEIA PUB.DES.RDO.VID.PESSOA;MOT-II;; ESTATUTARIO;3766,41;;3766,41;225,94;3540,47;
SARKIS BORGES;MUNICIPIO DE MAUES;DIRETOR ADJ.DE UNID.PRISIONAL AD-2;; CARGO COMISSION.S/VINCULO;2609,79;;2609,79;270,20;2339,59;
SAUL RODRIGUES DE MELO FILHO;CADEIA PUB.DES.RDO.VID.PESSOA;A.TEC-I;; ESTATUTARIO;3719,09;;3719,09;350,63;3368,46;
SAULO RICARDO AMARAL DOS S SILVA;UNIDADE PRISIONAL PURAQUEQUARA;DIRETOR DE UNIDADE PRISIONAL AD-1;DIR. UND. PRIS. AD-1; CARGO COMISSION.S/VINCULO;5229,77;;5229,77;986,40;4243,37;
SEBASTIANA GRACA DE SENNA PINAGE;CADEIA PUB.DES.RDO.VID.PESSOA;A.TEC-I;; ESTATUTARIO;2705,57;;2705,57;189,81;2515,76;
SEBASTIAO PINHEIRO DA SILVA;COMPAJ SEMI ABERTO;ASSISTENTE TECNICO GOVERNAMENTAL;; ESTATUTARIO;3593,99;;3593,99;180,49;3413,50;
SEILANI NOGUEIRA ALMENDROS OLIVEIRA;CONSELHO PENITENCIARIO;MEMBRO DE CONSELHO;; CONSELHO;429,20;;429,20;;429,20;
SERGIO MARIO PICANCO FERREIRA;CENTRO DE DET.PROV.FEMIN.-CDPF;SARGENTO 1;DIR.ADJ.UNIDADE PRIS; ESTATUTARIO;4000,00;;4000,00;159,88;3840,12;
SHIRLENE MARIA ARAUJO DA SILVA;SEAP-COMISSIONADOS;ASSESSOR IV AD-4;ASSESSOR IV AD-4; CARGO COMISSION.S/VINCULO;3175,61;;3175,61;418,48;2757,13;
SILVANA NUNES RODRIGUES;PENITENCIARIA FEMIN.DE MANAUS;DIRETOR ADJ.DE UNID.PRISIONAL AD-2;DIR. ADJ. UND. PRIS.; CARGO COMISSION.S/VINCULO;4209,79;;4209,79;670,28;3539,51;
SILVIO MOUZINHO PEREIRA;SEAP-COMISSIONADOS;TENENTE CORONEL;SECRETARIO EXECUTIVO; ESTATUTARIO;9900,00;112,73;9787,27;1717,86;8069,41;
SONIA MARIA BEZERRA CABRAL;SEAP-COMISSIONADOS;TNS-I;DIR. ESC.PENIT.AD-1; ESTATUTARIO;7025,67;;7025,67;1203,40;5822,27;
SONIA MARIA CRUZ DE SOUZA;CENTRO DE DET.PROV.FEMIN.-CDPF;TENENTE 1;; ESTATUTARIO;5000,00;;5000,00;505,64;4494,36;
SONIA MARIA DOS SANTOS GOMES;SEAP-COMISSIONADOS;ASSESSOR II AD-2;ASSESSOR II AD-2; CARGO COMISSION.S/VINCULO;4279,72;;4279,72;691,65;3588,07;
STEFANY ALENCAR CUNHA;SEAP-COMISSIONADOS;ASSESSOR II AD-2;; CARGO COMISSION.S/VINCULO;3209,79;;3209,79;426,78;2783,01;
SUELY BORGES OLIVEIRA;UNID.PRIS.SEMIABERTO FEM-UPSF;DIRETOR DE UNIDADE PRISIONAL AD-1;DIR. UND. PRIS. AD-1; CARGO COMISSION.S/VINCULO;5229,77;;5229,77;986,40;4243,37;
SUELY DE MELO COSTA;CADEIA PUB.DES.RDO.VID.PESSOA;TECNICO DE NIVEL SUPERIOR;; ESTATUTARIO;4100,64;;4100,64;522,95;3577,69;
SUZALINDA DA SILVA E SILVA;CADEIA PUB.DES.RDO.VID.PESSOA;AG.PEN-II;; ESTATUTARIO;3815,17;;3815,17;343,72;3471,45;
SUZANI COSTA FERREIRA;PENITENCIARIA FEMIN.DE MANAUS;DIRETOR DE UNIDADE PRISIONAL AD-1;DIR.DE UNID.PRIS.; CARGO COMISSION.S/VINCULO;5229,77;;5229,77;986,40;4243,37;
TACIONILIA VASCONCELOS DOS SANTOS;SEAP-COMISSIONADOS;SUBGERENTE AD-3;SUBGERENTE AD-3; CARGO COMISSION.S/VINCULO;2591,80;;2591,80;267,35;2324,45;
TATIANA DA SILVA RIBEIRO;CASA DO ALBERGADO DE MANAUS;GERENTE AD-2;GERENTE AD-2; CARGO COMISSION.S/VINCULO;3209,79;;3209,79;426,78;2783,01;
TATIANE LOPES PEREIRA;MUNICIPIO DE TABATINGA;ASSESSOR III AD-3;ASSESSOR III AD-3; CARGO COMISSION.S/VINCULO;1681,80;;1681,80;151,36;1530,44;
TEREZINHA PINHEIRO DA SILVA;UNID.PRIS.SEMIABERTO FEM-UPSF;AUX.HSP-I;; ESTATUTARIO;2435,69;;2435,69;184,53;2251,16;
THALYTA SANTOS DE OLIVEIRA;SEAP-COMISSIONADOS;ASSESSOR II AD-2;; CARGO COMISSION.S/VINCULO;3209,79;;3209,79;426,78;2783,01;
THATIANY SOARES MOREIRA;SEAP-COMISSIONADOS;ASSESSOR IV AD-4;; CARGO COMISSION.S/VINCULO;1665,61;;1665,61;149,90;1515,71;
THIAGO VIANA MELO;SEAP-COMISSIONADOS;CAPITAO;DIR.UNID.PRIS.AD-1; ESTATUTARIO;2916,67;;2916,67;;2916,67;
VALDEIA ROCHA DE OLIVEIRA;MUNICIPIO DE PARINTINS;ASSISTENTE TECNICO GOVERNAMENTAL;; ESTATUTARIO;3595,02;;3595,02;209,11;3385,91;
VALDEMAR ARAUJO COSTA;CASA DO ALBERGADO DE MANAUS;A.TEC-I;; ESTATUTARIO;2785,56;;2785,56;215,76;2569,80;
VALDIR SOARES DE ALBUQUERQUE;MUNICIPIO DE TABATINGA;DIRETOR DE UNIDADE PRISIONAL AD-1;DIR. UND. PRIS. AD-1; CARGO COMISSION.S/VINCULO;5229,77;;5229,77;986,40;4243,37;
VALERIA ARAUJO DIAS;SEAP-COMISSIONADOS;ASSESSOR II AD-2;; CARGO COMISSION.S/VINCULO;8419,58;;8419,58;1887,14;6532,44;
VALERIA ARAUJO DIAS;SEAP-COMISSIONADOS;ASSESSOR III AD-3;ASSESSOR III AD-3; CARGO COMISSION.S/VINCULO;4255,73;;4255,73;;4255,73;
VANESSA DE MOURA PEREIRA;SEAP-COMISSIONADOS;ASSESSOR IV AD-4;; CARGO COMISSION.S/VINCULO;3175,61;;3175,61;418,48;2757,13;
VERA LUCIA ELIAS DO CAZAL;SEAP-EFETIVOS;A.TEC-I;; ESTATUTARIO;2241,40;;2241,40;186,78;2054,62;
WALDECY SARAIVA GOMES;SEAP-COMISSIONADOS;SARGENTO 3;ASSESSOR I AD-1; ESTATUTARIO;5000,00;;5000,00;453,50;4546,50;
WALDEMIRO UCHOA DA SILVA;SEAP-EFETIVOS;A.OPE-I;DIRV.DE PRODUCAO; ESTATUTARIO;2412,34;;2412,34;172,64;2239,70;
WALDOMIRO PINHEIRO BRAGA;SEAP-EFETIVOS;AG.PEN-I;; ESTATUTARIO;3719,09;;3719,09;197,99;3521,10;
WALTEMBERG DA SILVA MACHADO;SEAP-COMISSIONADOS;CABO;ASSESSOR III AD3; ESTATUTARIO;3000,00;;3000,00;53,76;2946,24;
WASNEY AGUIAR BITTENCOURT;COMPAJ SEMI ABERTO;AUX.HSP-I;; ESTATUTARIO;3577,31;;3577,31;229,40;3347,91;
WELLINGTON GADELHA DA CUNHA BRAGA;MUNICIPIO DE HUMAITA;DIRETOR ADJ.DE UNID.PRISIONAL AD-2;; CARGO COMISSION.S/VINCULO;3209,79;;3209,79;426,78;2783,01;
WILKEN RAMON LOPES DE OLIVEIRA;INSTIT.PENAL ANTONIO TRINDADE;GERENTE AD-2;; CARGO COMISSION.S/VINCULO;3209,79;;3209,79;426,78;2783,01;
WILLIAMS SANTOS DAMASCENO;SEAP-COMISSIONADOS;T.HSP-I;ASSESSOR TÉCNICO; ESTATUTARIO;7034,97;;7034,97;1209,50;5825,47;
ZEINE SAID RUIZ;CADEIA PUB.DES.RDO.VID.PESSOA;A.TEC-I;; ESTATUTARIO;3723,84;;3723,84;350,52;3373,32;
ZOMAR REIS E SILVA NETO;SEAP-COMISSIONADOS;CABO;SUBGERENTE AD-3; ESTATUTARIO;3000,00;;3000,00;39,54;2960,46;
ZULEIDE MACHADO CONTENTE NOGUEIRA;SEAP-COMISSIONADOS;CHEFE DE DEPARTAMENTO AD-1;CH.DE DEPART.AD-1; CARGO COMISSION.S/VINCULO;5229,77;;5229,77;986,40;4243,37;
