NOME;LOTACAO;CARGO;FUNCAO;VINCULO;REMUNERACAO LEGAL TOTAL(R$);DESC.TETO(R$); REMUNERACAO LEGAL DEVIDA(R$);DESCONTOS LEGAIS(R$);LIQUIDO DISPONIVEL(R$);
ALBERTO LOPES DA SILVA;PENSIONISTAS DE COARI;PENSIONISTA LEI 1735 DE 14.11.85;PENSIONISTA; PENSIONISTA POR LEI;1051,00;;1051,00;;1051,00;
ALMIR SOUZA DE SENA;PENSIONISTAS DE COARI;PENSIONISTA LEI 1735 DE 14.11.85;; PENSIONISTA POR LEI;1051,00;;1051,00;;1051,00;
AMAZONINA DE SOUZA MARQUES;PENSIONISTAS DE COARI;PENSIONISTA LEI 1735 DE 14.11.85;; PENSIONISTA POR LEI;1051,00;;1051,00;;1051,00;
ANANIAS XAVIER BRAGA;PENSIONISTAS DE COARI;PENSIONISTA LEI 1735 DE 14.11.85;; PENSIONISTA POR LEI;1051,00;;1051,00;;1051,00;
ANTONIO MOTA DA SILVA;PENSIONISTAS DE COARI;PENSIONISTA LEI 1735 DE 14.11.85;PENSIONISTA; PENSIONISTA POR LEI;1051,00;;1051,00;;1051,00;
AUGUSTO PINHEIRO;PENSIONISTAS DE COARI;PENSIONISTA LEI 1735 DE 14.11.85;; PENSIONISTA POR LEI;1051,00;;1051,00;;1051,00;
EDISON LARANJEIRA;PENSIONISTAS ALFREDO DA MATA;PENSIONISTA LEI 1735 DE 14.11.85;; PENSIONISTA POR LEI;1051,00;;1051,00;;1051,00;
EVAL ALMEIDA DA SILVA;PENSIONISTAS DE COARI;PENSIONISTA LEI 1735 DE 14.11.85;; PENSIONISTA POR LEI;1051,00;;1051,00;;1051,00;
FRANCISCA ANCELMO DOS SANTOS;PENSIONISTAS DE COARI;PENSIONISTA LEI 1735 DE 14.11.85;; PENSIONISTA POR LEI;1051,00;;1051,00;;1051,00;
FRANCISCO RIBEIRO DO NASCIMENTO;PENSIONISTAS DE LABREA;PENSIONISTA LEI 1735 DE 14.11.85;; PENSIONISTA POR LEI;1051,00;;1051,00;;1051,00;
GERALDO VERAS DA SILVA;PENSIONISTAS DE LABREA;ARQUIVISTA DE PROGRAMA;; PENSIONISTA POR LEI;1051,00;;1051,00;;1051,00;
JAIME RODRIGUES DE AZEVEDO;PENSIONISTAS DE COARI;PENSIONISTA LEI 1735 DE 14.11.85;; PENSIONISTA POR LEI;1051,00;;1051,00;;1051,00;
JOAO RODRIGUES DA SILVA;PENSIONISTAS ALFREDO DA MATA;PENSIONISTA LEI 1735 DE 14.11.85;; PENSIONISTA POR LEI;1051,00;;1051,00;;1051,00;
JOSE GOMES DA SILVA;PENSIONISTAS DE ANORI;PENSIONISTA LEI 1735 DE 14.11.85;; PENSIONISTA POR LEI;1051,00;;1051,00;;1051,00;
JOSE RIBAMAR DE OLIVEIRA;PENSIONISTAS DE COARI;PENSIONISTA LEI 1735 DE 14.11.85;; PENSIONISTA POR LEI;1051,00;;1051,00;;1051,00;
JULIO PEREIRA;PENSIONISTAS ALFREDO DA MATA;PENSIONISTA LEI 1735 DE 14.11.85;; PENSIONISTA POR LEI;1051,00;;1051,00;;1051,00;
LEONIDAS NASCIMENTO DA SILVA;PENSIONISTAS DE TABATINGA;PENSIONISTA LEI 1735 DE 14.11.85;; PENSIONISTA POR LEI;1051,00;;1051,00;;1051,00;
LUIZ FERNANDES MACIEL;PENSIONISTAS DE COARI;PENSIONISTA LEI 1735 DE 14.11.85;; PENSIONISTA POR LEI;1051,00;;1051,00;;1051,00;
OSMAR GUEDES;PENSIONISTAS DE COARI;PENSIONISTA LEI 1735 DE 14.11.85;; PENSIONISTA POR LEI;1051,00;;1051,00;;1051,00;
PEDRO NUNES DO NASCIMENTO;PENSIONISTAS DE TEFE;PENSIONISTA LEI 1735 DE 14.11.85;; PENSIONISTA POR LEI;1051,00;;1051,00;;1051,00;
PEDRO VIEIRA DOS SANTOS;PENSIONISTAS DE ITAMARATI;PROFESSOR MP-I-EC-B-2;PENSAO HANSENIANO; PENSAO POR LEI;1051,00;;1051,00;;1051,00;
RAIMUNDOO GERALDO GOMES;PENSIONISTAS DE COARI;PENSIONISTA LEI 1735 DE 14.11.85;PENSIONISTA; PENSIONISTA POR LEI;1051,00;;1051,00;;1051,00;
TEREZINHA MARTINS DOS SANTOS;PENSIONISTAS DE EIRUNEPE;PENSIONISTA LEI 1735 DE 14.11.85;; PENSIONISTA POR LEI;1051,00;;1051,00;;1051,00;
VALERIO DOS SANTOS FABA;PENSIONISTAS DE COARI;PENSIONISTA LEI 1735 DE 14.11.85;; PENSIONISTA POR LEI;1051,00;;1051,00;;1051,00;
WALDEMAR DA SILVA MOREIRA;PENSIONISTAS ALFREDO DA MATA;PENSIONISTA LEI 1735 DE 14.11.85;; PENSIONISTA POR LEI;1051,00;;1051,00;;1051,00;
ZULENA COUTO BARBOSA;PENSIONISTAS ALFREDO DA MATA;PENSIONISTA LEI 1735 DE 14.11.85;; PENSIONISTA POR LEI;1051,00;;1051,00;;1051,00;
