NOME;LOTACAO;CARGO;FUNCAO;VINCULO;REMUNERACAO LEGAL TOTAL(R$);DESC.TETO(R$); REMUNERACAO LEGAL DEVIDA(R$);DESCONTOS LEGAIS(R$);LIQUIDO DISPONIVEL(R$);
ADALBERTO SENA DE ASSIS;NUCLEO DE TRANSPORTE;MOTORISTA 3A CLASSE;; ESTATUTARIO;3774,49;;3774,49;348,82;3425,67;
ADALGISA TAVARES DOS SANTOS CAMPOS;GERENCIA DE REGISTRO DE DADOS;A.TEC-I;; ESTATUTARIO;3891,94;;3891,94;347,50;3544,44;
ADMIR BRAGA DA SILVA;GER.DE ABASTEC.DE COMBUSTIVEIS;AUXILIAR ADMINISTRATIVO;; ESTATUTARIO;2249,09;;2249,09;143,76;2105,33;
ADRIANO DOS SANTOS;ARQUIVO GERAL DO ESTADO;AUX.O-I;; ESTATUTARIO;2407,22;;2407,22;174,62;2232,60;
ADRIELE SALES LIRA;DEPTO.DE TEC.DE INFORMACAO;ASSESSOR I AD-1;; CARGO COMISSION.S/VINCULO;5229,77;;5229,77;986,40;4243,37;
AGDA MARTINS COLADO;GERENCIA DE REGISTRO DE DADOS;A.TEC-I;; ESTATUTARIO;3692,87;;3692,87;343,02;3349,85;
AGENOR PANILHA CAMPOS;GER.DE ABASTEC.DE COMBUSTIVEIS;A.TEC-I;; ESTATUTARIO;3097,79;;3097,79;232,40;2865,39;
ALBERTINA JUSTINA DOS SANTOS;GABINETE DO SECRETARIO APOIO;AUX.S.G-I;; ESTATUTARIO;2451,05;;2451,05;180,32;2270,73;
ALDECY PESSOA DE MELO;NUCLEO DE VIGILANCIA;VIGIA PNF.VIG-III;; ESTATUTARIO;2163,81;;2163,81;137,43;2026,38;
ALEANDRO DANTAS CHAVES;GER.DE CONTR.PATRIM.MOBILIARIO;AUX.ADM-II;AUX. ADMINISTRATIVO; ESTATUTARIO;3516,15;;3516,15;296,31;3219,84;
ALESSANDRA DA ROCHA COSTA;JUNTA MEDICO-PERICIAL DO EST.;AUX.S.G-II;AUX. SERVICOS GERAIS; ESTATUTARIO;2197,27;;2197,27;133,80;2063,47;
ALEX HARLEY SALES LAUDELINO;NUCLEO DE VIGILANCIA;MARINHEIRO FLUVIAL DE CONVES;; ESTATUTARIO;2333,44;;2333,44;186,64;2146,80;
ALEXANDRE DULVAL LUCENA NASCIMENTO;GERENC.DE APOIO ADMINISTRATIVO;ASSISTENTE TECNICO 1A CLASSE;; ESTATUTARIO;3802,08;;3802,08;331,12;3470,96;
ALFREDO JOSE DE CAMPOS BANDEIRA;GERENC.DE APOIO ADMINISTRATIVO;TNS-I;; ESTATUTARIO;3683,29;;3683,29;462,17;3221,12;
ALLYNE KELLY MENEZES B OLIVEIRA;JUNTA MEDICO-PERICIAL DO EST.;MEDICO GENERALISTA;PERITO; ESTATUTARIO;1250,00;;1250,00;;1250,00;
ALMIR SALES DE ANDRADE;DISPONIVEL SEAD;OPERADOR DE RADIO;; ESTATUTARIO;1015,08;;1015,08;111,66;903,42;
ALMIR SAMPAIO CAVALCANTE;GRUP.INT.PREV.INVAS.AREAS PUB.;TNS-I;ASS DE SEG FUNCIONAL; ESTATUTARIO;4592,96;;4592,96;592,51;4000,45;
ALTEVIER PAULA EDWARDS;PESSOAL PROC.DE APOSENTADORIA;AUX.O-III;; ESTATUTARIO;1985,98;;1985,98;201,11;1784,87;
ALUISIO DE SOUSA PIMENTEL;NUCLEO DE TRANSPORTE;MOT-III;; ESTATUTARIO;2702,03;;2702,03;202,67;2499,36;
ALVARO MONTEIRO MAIA;DISPONIVEL SEAD;ENGENHEIRO 1A CLASSE;; ESTATUTARIO;1269,94;;1269,94;139,70;1130,24;
ALYSON DE JESUS DOS SANTOS;DEPTO.DE TEC.DE INFORMACAO;ASSESSOR I AD-1;; CARGO COMISSION.S/VINCULO;5229,77;;5229,77;901,09;4328,68;
ALZENIR DE PAULA EDWARDS;ASSESSORIA TEC.ADMINISTRATIVA;ASSESSOR I AD-1;; CARGO COMISSION.S/VINCULO;5229,77;;5229,77;986,40;4243,37;
ANA CRISTINA RIBEIRO DE BRITO;CHEFIA DE GABINETE;CHEFE DE GABINETE AD-1;; CARGO COMISSION.S/VINCULO;5229,77;;5229,77;943,74;4286,03;
ANA HOLANDA GONCALVES;ARQUIVO GERAL DO ESTADO;CHEFE DO ARQUIVO GERAL AD-1;; CARGO COMISSION.S/VINCULO;5229,77;;5229,77;986,40;4243,37;
ANA LUCIA BATISTA LIMA;EXTINTO B.CARGOS AGUARD.RELOT.;TNS-I;; ESTATUTARIO;3084,47;;3084,47;402,38;2682,09;
ANA MARIA BOTINELLY CUNHA E SILVA;DISPONIVEL TCM;AUDITOR ADJUNTO;; ESTATUTARIO;10088,56;;10088,56;2519,62;7568,94;
ANA MARIA FARIAS EVANGELISTA;PESSOAL PROC.DE APOSENTADORIA;AUDITOR ASSISTENTE - N.S.;; ESTATUTARIO;1097,23;;1097,23;99,18;998,05;
ANA SERGIA ALVES DA SILVA LIMA;GER.DE CONT.PATR.IMOBILIARIO;GERENTE AD-2;; CARGO COMISSION.S/VINCULO;4209,79;;4209,79;670,28;3539,51;
ANA VIRGINIA DE VASCONCELOS NORONHA;DISPONIVEL TCM;AUDITOR ADJUNTO;; ESTATUTARIO;7864,48;;7864,48;1732,19;6132,29;
ANDERSON TEIXEIRA MATTOS;DEPTO.DE DESENVOLV.DE PESSOAS;CHEFE DE DEPARTAMENTO AD-1;; CARGO COMISSION.S/VINCULO;5229,77;;5229,77;986,40;4243,37;
ANDRE LUIZ NOGUEIRA DE SOUZA;GER.DE DIAGNOST.PLANEJAMENTO;GERENTE AD-2;; CARGO COMISSION.S/VINCULO;4209,79;;4209,79;641,84;3567,95;
ANDREA COELHO DA SILVA CORREA;GER.DE PLANEJ.ORC.E FINANCAS;GERENTE AD-2;; CARGO COMISSION.S/VINCULO;4000,00;;4000,00;263,87;3736,13;
ANDRESSA DE APARECIDA N MAGALHAES;DEPTO.DE DESENVOLV.DE PESSOAS;ASSESSOR IV AD-4;; CARGO COMISSION.S/VINCULO;3175,61;;3175,61;418,48;2757,13;
ANDREZA HELENA DA SILVA;COORD.TEC.DE AUD.DOS SISTEMAS;A.TEC-II;COORD.TEC.AUDITORIA; ESTATUTARIO;8500,00;;8500,00;1531,44;6968,56;
ANELY CRISTINA RIBEIRO ARRUDA;DEPTO.DE GESTAO DE PESSOAS;ASSESSOR II AD-2;; CARGO COMISSION.S/VINCULO;4209,79;;4209,79;641,84;3567,95;
ANGELA VIEIRA;PESSOAL PROC.DE APOSENTADORIA;TNS-I;; ESTATUTARIO;3291,88;;3291,88;446,78;2845,10;
ANIBAL GUEDES LOBO;PESSOAL PROC.DE APOSENTADORIA;C.TEC-U;; ESTATUTARIO;23282,31;;23282,31;7285,76;15996,55;
ANICE GODINHO PINTO;NUCLEO DE PROTOCOLO;A.TEC-I;; ESTATUTARIO;3701,57;;3701,57;345,74;3355,83;
ANIZIMAR LOPES MESSIAS;DEPTO.DE GESTAO DE PESSOAS;A.TEC-I;; ESTATUTARIO;3701,57;;3701,57;345,74;3355,83;
ANTONIA NEDINA DA COSTA LIMA;ARQUIVO GERAL DO ESTADO;AUX.ADM-I;; ESTATUTARIO;3562,46;;3562,46;281,47;3280,99;
ANTONIA ROBERTA SANTANA;GERENCIA DE FOLHA DE PAGAMENTO;A.TEC-I;F. GRATIFICADA, FG-3; ESTATUTARIO;5128,44;;5128,44;666,52;4461,92;
ANTONIO CARLOS FERNANDES DE SOUZA;DISPONIVEL SEAD;OPERADOR DE MAQUINA RODOVIARIA;; ESTATUTARIO;1015,08;;1015,08;111,66;903,42;
ANTONIO CARLOS NERY SANTANA;ARQUIVO GERAL DO ESTADO;A.TEC-I;; ESTATUTARIO;3350,66;;3350,66;297,95;3052,71;
ANTONIO CESAR BARONI PEREIRA;PESSOAL PROC.DE APOSENTADORIA;ENGENHEIRO AGRONOMO;; ESTATUTARIO;937,00;;937,00;103,07;833,93;
ANTONIO LUCIO DE MORAIS;NUCLEO DE VIGILANCIA;AUXILIAR DE SERV GERAIS 3A CLASSE;; ESTATUTARIO;2163,81;;2163,81;72,14;2091,67;
ANTONIO NUNES PINHEIRO FILHO;DISPONIVEL POLICIA CIVIL;ESCRIVAO DE POLICIA 2A CLASSE;; ESTATUTARIO;17427,32;;17427,32;5133,51;12293,81;
ANTONIO SOARES DE MENEZES;DISPONIVEL SEAD;TECNICO COM.SOC.GOVERNAMENTAL;; ESTATUTARIO;1015,08;;1015,08;111,66;903,42;
APOENA NASCIMENTO TEIXEIRA;GERENC.DE DIARIAS E PASSAGENS;ASSESSOR II AD-2;; CARGO COMISSION.S/VINCULO;4209,79;;4209,79;641,84;3567,95;
ARNOLDO ARAUJO DOS SANTOS;GABINETE DO SECRETARIO APOIO;ASSESSOR I AD-1;; CARGO COMISSION.S/VINCULO;5229,77;;5229,77;943,74;4286,03;
ARQUIMEDES CARVALHO LASMAR;GER.BENEFICIO DOS SERVIDORES;A.TEC-I;; ESTATUTARIO;3701,62;;3701,62;345,15;3356,47;
ATILA DA SILVA GADELHA;GERENCIA DE FROTA;ASSESSOR II AD-2;; CARGO COMISSION.S/VINCULO;4209,79;;4209,79;613,40;3596,39;
AUREO GONCALVES NEVES;DISPONIVEL SEAD;TECNICO 2A CLASSE;; ESTATUTARIO;1015,08;;1015,08;111,66;903,42;
CAMILA CAROLINE GOMES DA ROCHA;SEC.EXEC.ADJ.GESTAO DE PESSOAS;ASSESSOR II AD-2;; CARGO COMISSION.S/VINCULO;4209,79;;4209,79;670,28;3539,51;
CARLOS ALONSO ALENCAR QUEIROZ;EXTINTO B.CARGOS AGUARD.RELOT.;TECNICO;; ESTATUTARIO;5329,11;;5329,11;1136,19;4192,92;
CARLOS EDUARDO RAPOSO DA C ALENCAR;SEC.EXEC.ADJ.PAT.GAST.PUBLICOS;ASSESSOR I AD-1;; CARGO COMISSION.S/VINCULO;5229,77;;5229,77;986,40;4243,37;
CARLOS FERNANDO LIMA SOUZA;PESSOAL PROC.DE APOSENTADORIA;A.TEC-I;; ESTATUTARIO;937,00;;937,00;175,40;761,60;
CARLOS GEISER RODRIGUES DE SOUZA;COMISSAO DE REGIME DISCIPLINAR;ASSESSOR II AD-2;; CARGO COMISSION.S/VINCULO;3209,79;;3209,79;426,78;2783,01;
CARLOS LIMA MARTINEZ NAVARRO;GER.DE TELEF.MOV.INSITUCIONAL;ASSESSOR II AD-2;; CARGO COMISSION.S/VINCULO;3209,79;;3209,79;426,78;2783,01;
CARMEM LUCIA ROSAS GOMES;COMISSAO DE REGIME DISCIPLINAR;A.TEC-I;F.GRATIFICADA, FG-3; ESTATUTARIO;5624,26;;5624,26;802,52;4821,74;
CASIMIRO CARDOSO DE ARAUJO FILHO;GERENC.DE APOIO ADMINISTRATIVO;MOTORISTA RODOVIARIO;; ESTATUTARIO;3616,06;;3616,06;241,21;3374,85;
CESAR DE SOUZA CAVALCANTE;DEPTO.DE ACOMP.GASTOS PUBLICOS;CHEFE DE DEPARTAMENTO AD-1;; CARGO COMISSION.S/VINCULO;5229,77;;5229,77;736,33;4493,44;
CEZARINA BARBOSA DE MEDEIROS;ARQUIVO GERAL DO ESTADO;A.TEC-I;; ESTATUTARIO;3319,90;;3319,90;290,75;3029,15;
CHRYSTIANE APARECIDA DOS S PINAGE;GERENCIA DE REGISTRO DE DADOS;A.TEC-I;; ESTATUTARIO;3710,34;;3710,34;348,50;3361,84;
CLARICE CABRAL CARNEIRO DA CUNHA;GABINETE DO SECRETARIO APOIO;A.TEC-I;; ESTATUTARIO;3710,34;;3710,34;348,50;3361,84;
CLAUDIO SANTANA TRINDADE;GERENCIA DE PESSOAL;A.TEC-I;; ESTATUTARIO;3701,57;;3701,57;260,43;3441,14;
CLEIA FREITAS DE SOUZA E SILVA;GERENC.DE APOIO ADMINISTRATIVO;TNS-I;; ESTATUTARIO;6070,30;;6070,30;1082,87;4987,43;
CLEODIVAN MENEZES DE PAULA;GERENCIA DE FROTA;GERENTE AD-2;; CARGO COMISSION.S/VINCULO;4209,79;;4209,79;641,84;3567,95;
CLERME MELO DE OLIVEIRA;GERENCIA DE PESSOAL;A.TEC-II;; ESTATUTARIO;3646,38;;3646,38;329,32;3317,06;
CRISTIANE LARANJEIRA DA SILVA;SEC.EXEC.ADJ.PAT.GAST.PUBLICOS;ASSESSOR III AD-3;; CARGO COMISSION.S/VINCULO;2591,80;;2591,80;267,35;2324,45;
CRISTIANO PANTOJA RIBEIRO;NUCLEO DE RECEPCAO;A.TEC-I;; ESTATUTARIO;3312,11;;3312,11;262,78;3049,33;
CRISTINA DE ALMEIDA CAMPOS;COMISSAO DE REGIME DISCIPLINAR;TECNICO EM CONTABILIDADE;; ESTATUTARIO;3792,92;;3792,92;298,82;3494,10;
DANIEL SOUZA PARA DE MACEDO;GER.DE CONTR.PATRIM.MOBILIARIO;GERENTE AD-2;; CARGO COMISSION.S/VINCULO;4209,79;;4209,79;670,28;3539,51;
DAVYD ROGERIO D OLIVEIRA SILVA;DEPTO.DE GESTAO DE FROTAS;CHEFE DE DEPARTAMENTO AD-1;; CARGO COMISSION.S/VINCULO;5229,77;;5229,77;349,98;4879,79;
DELZINDA FERREIRA BARCELOS;ASSESSORIA TEC.ADMINISTRATIVA;TNS-III;ASSESSOR I, AD-1; ESTATUTARIO;6320,87;;6320,87;1092,15;5228,72;
DORIAM PANTOJA COSTA;DISPONIVEL SEAD;AGENTE ADMINISTRATIVO 3A CLASSE;; ESTATUTARIO;1015,08;;1015,08;111,66;903,42;
EDIMAR DE OLIVEIRA FERREIRA;GERENC.DE APOIO ADMINISTRATIVO;ASSESSOR I AD-1;; CARGO COMISSION.S/VINCULO;5229,77;;5229,77;943,74;4286,03;
EDMILSON BEZERRA ALVES;JUNTA MEDICO-PERICIAL DO EST.;A.TEC-I;; ESTATUTARIO;2900,54;;2900,54;253,38;2647,16;
EDNALDO FONSECA DE MELO;DISPONIVEL SEAD;AUXILIAR DE SERV GERAIS 2A CLASSE;; ESTATUTARIO;1015,08;;1015,08;111,66;903,42;
EDNILSON GOMES DE OLIVEIRA JUNIOR;COORD.TEC.DE AUD.DOS SISTEMAS;ASSESSOR III AD-3;; CARGO COMISSION.S/VINCULO;3191,80;;3191,80;422,40;2769,40;
EDUARDO MOREIRA DOS SANTOS;NUCLEO DE SERVICOS GERAIS;AUX.DE SERV.GERAIS PNF.ASG-III;AUX. SERVICOS GERAIS; ESTATUTARIO;2163,81;;2163,81;137,43;2026,38;
ELANE ALVES DE ARAUJO;COORD.TEC.DE AUD.DOS SISTEMAS;ASSESSOR I AD-1;; CARGO COMISSION.S/VINCULO;5229,77;;5229,77;943,74;4286,03;
ELCI OLIVEIRA NOBRE;GER.BENEFICIO DOS SERVIDORES;ASSISTENTE TECNICO 1A CLASSE;; ESTATUTARIO;9512,47;;9512,47;2117,26;7395,21;
ELDA SOARES DE MOURA;GERENCIA DE REGISTRO DE DADOS;A.TEC-I;; ESTATUTARIO;3918,46;;3918,46;382,71;3535,75;
ELIAS CARNEIRO DE SOUZA;JUNTA MEDICO-PERICIAL DO EST.;AUXILIAR DE SERVICOS GERAIS;; ESTATUTARIO;2490,64;;2490,64;191,21;2299,43;
ELISA MARIA RIBEIRO BARROSO;GERENC.DE DIARIAS E PASSAGENS;GERENTE AD-2;; CARGO COMISSION.S/VINCULO;5613,05;;5613,05;1115,35;4497,70;
ELIZABETE OLIVEIRA DE ARAUJO;GER.BENEFICIO DOS SERVIDORES;AUXILIAR TECNICO;0; ESTATUTARIO;3755,18;;3755,18;337,18;3418,00;
ELIZABETH DA SILVA ALVES;GERENCIA DE PESSOAL;A.TEC-I;GERENTE, AD-2; ESTATUTARIO;5102,75;;5102,75;608,78;4493,97;
ELIZABETH DE LIMA TRINDADE;DISPONIVEL POLICIA CIVIL;AGENTE DE POLICIA 1A CLASSE;; ESTATUTARIO;1015,08;;1015,08;111,66;903,42;
ELSIMAR FERNANDO SANTIAGO;GABINETE DO SECRETARIO APOIO;TECNICO GRAFICO;; ESTATUTARIO;4865,57;;4865,57;539,08;4326,49;
EMERSON LINS DE LIMA;GER.DE APOIO, MANUT.LOGISTICA;FISCAL RODOVIARIO;GERENTE, AD-2; ESTATUTARIO;4771,54;;4771,54;424,60;4346,94;
EMILIA CONCEICAO FREIRE MORY;PESSOAL PROC.DE APOSENTADORIA;TECNICO ADMINISTRATIVO;; ESTATUTARIO;937,00;;937,00;103,07;833,93;
EMMANUEL CARIOCA MEIRELES;GERENCIA DE FOLHA DE PAGAMENTO;ASSESSOR IV AD-4;; CARGO COMISSION.S/VINCULO;3175,61;;3175,61;404,26;2771,35;
ENA MARA DE AZEDO SANTANA;JUNTA MEDICO-PERICIAL DO EST.;A.TEC-I;F.GRATIFICADA, FG-1; ESTATUTARIO;5476,01;;5476,01;762,80;4713,21;
ERLANDIA CARVALHO DA SILVA;GERENCIA DE PESSOAL;A.TEC-I;; ESTATUTARIO;3709,06;;3709,06;285,65;3423,41;
ETIANE TEREZA RUAS FARIA;EXTINTO B.CARGOS AGUARD.RELOT.;TECNICO GOVERNAMENTAL;; ESTATUTARIO;1503,50;;1503,50;328,05;1175,45;
EUCLIDES SEVERO DE LACERDA NETO;COMITE DE ARTIC.INSTITUCIONAL;COORDENADOR EXECUTIVO;; CARGO COMISSION.S/VINCULO;11700,00;;11700,00;2789,26;8910,74;
EUDENIRA BARBOSA BATISTA BRITO;GERENCIA DE FOLHA DE PAGAMENTO;A.TEC-I;F. GRATIFICADA, FG-3; ESTATUTARIO;4950,34;;4950,34;568,83;4381,51;
EUGENIA TERESA MONTEIRO REZENDE;ASSESSORIA TEC.ADMINISTRATIVA;TNS-I;ASSESSOR I, AD-1; ESTATUTARIO;6499,92;;6499,92;1119,82;5380,10;
EVANDRO ALVES DE ALMEIDA;DISPONIVEL POLICIA CIVIL;AGENTE DE POLICIA 2A CLASSE;; ESTATUTARIO;1015,08;;1015,08;111,66;903,42;
EVANDRO FERNANDES SAMPAIO;DISPONIVEL POLICIA CIVIL;AGENTE DE POLICIA 1A CLASSE;; ESTATUTARIO;1015,08;;1015,08;111,66;903,42;
FERNANDA DE OLIVEIRA GONCALVES;SEC.EXEC.ADJ.PAT.GAST.PUBLICOS;ASSESSOR I AD-1;; CARGO COMISSION.S/VINCULO;5229,77;;5229,77;986,40;4243,37;
FERNANDA SILVA DOS SANTOS;GER.DE CONT.PATR.IMOBILIARIO;ASSESSOR III AD-3;; CARGO COMISSION.S/VINCULO;3191,80;;3191,80;422,40;2769,40;
FERNANDO OLIVEIRA SPOSINA;GER.DE CONTR.PATRIM.MOBILIARIO;ASSESSOR I AD-1;; CARGO COMISSION.S/VINCULO;5229,77;;5229,77;943,74;4286,03;
FLAVIO MOURA VIANA;GERENCIA DE PESSOAL;AFP-U;; ESTATUTARIO;8928,01;;8928,01;2161,79;6766,22;
FLAVIO SIMOES DE OLIVEIRA FILHO;SEC.EXEC.ADJ.GESTAO DE PESSOAS;SECRETARIO EXECUTIVO ADJUNTO;; CARGO COMISSION.S/VINCULO;9000,00;;9000,00;1994,62;7005,38;
FRANCISCA CHAGAS CAMPOS NASCIMENTO;PESSOAL PROC.DE APOSENTADORIA;TECNICO DE NIVEL SUPERIOR;; ESTATUTARIO;937,00;;937,00;103,07;833,93;
FRANCISCA CONSENTINE PANTOJA;ASSESSORIA TEC.ADMINISTRATIVA;ASSESSOR II AD-2;; CARGO COMISSION.S/VINCULO;4209,79;;4209,79;670,28;3539,51;
FRANCISCA DAS GRACAS F PEREIRA;PESSOAL PROC.DE APOSENTADORIA;A.TEC-I;; ESTATUTARIO;6046,15;;6046,15;1173,64;4872,51;
FRANCISCA DEUZIMAR FERREIRA MENEZES;GER.BENEFICIO DOS SERVIDORES;A.TEC-I;; ESTATUTARIO;3110,34;;3110,34;258,50;2851,84;
FRANCISCA MARLINDA DE O BRITO;PESSOAL PROC.DE APOSENTADORIA;A.OPE-I;OP.MAQ.CONT,A; ESTATUTARIO;3710,34;;3710,34;348,50;3361,84;
FRANCISCA ROSANA DA SILVA;NUCLEO DE SERVICOS GERAIS;AUX.S.G-I;; ESTATUTARIO;2451,05;;2451,05;180,32;2270,73;
FRANCISCO CARLOS DOS SANTOS;PESSOAL PROC.DE APOSENTADORIA;A.TEC-I;; ESTATUTARIO;1580,37;;1580,37;173,84;1406,53;
FRANCISCO CHAGAS DE OLIVEIRA FILHO;NUCLEO DE TRANSPORTE;MOT-I;; ESTATUTARIO;2832,64;;2832,64;218,14;2614,50;
FRANCISCO DAS CHAGAS NERES;DISPONIVEL SEAD;MECANICO DE MANUTENCAO DE AERONAVE;; ESTATUTARIO;1015,08;;1015,08;111,66;903,42;
FRANCISCO DE ASSIS SOUZA NASCIMENTO;NUCLEO DE SERVICOS GERAIS;AUX.O-I;; ESTATUTARIO;2347,63;;2347,63;177,30;2170,33;
FRANCISCO DE ASSIS SOUZA TAVARES;NUCLEO DE SERVICOS GERAIS;AUX.O-I;; ESTATUTARIO;3586,06;;3586,06;309,95;3276,11;
FRANCISCO DE PAULA XAVIER LEITE;PESSOAL PROC.DE APOSENTADORIA;PROCURADOR DE CONTAS B;; ESTATUTARIO;22111,25;;22111,25;6974,61;15136,64;
FRANCISCO ELNO BEZERRA HERCULANO;DISPONIVEL SEAD;TECNICO 2A CLASSE;; ESTATUTARIO;1015,08;;1015,08;111,66;903,42;
FRANCISCO PEDROSA DE ARAUJO;NUCLEO DE SERVICOS GERAIS;AUX.S.G-I;; ESTATUTARIO;2446,98;;2446,98;165,42;2281,56;
FRANCISCO PESSOA FERREIRA FILHO;DISPONIVEL SEAD;AGENTE ADMINISTRATIVO 3A CLASSE;; ESTATUTARIO;1015,08;;1015,08;111,66;903,42;
FRANZ LISZT SOUTO DA CUNHA;GRUP.INT.PREV.INVAS.AREAS PUB.;A.TEC-I;; ESTATUTARIO;3119,09;;3119,09;237,50;2881,59;
GABRIEL LENIN QUEIROZ AMARO;DEPTO.DE TEC.DE INFORMACAO;GERENTE AD-2;; CARGO COMISSION.S/VINCULO;4209,79;;4209,79;670,28;3539,51;
GERALDINA PEREIRA PONTES GOES;NUCLEO DE PROTOCOLO;AUX.S.G-I;; ESTATUTARIO;2566,46;;2566,46;184,15;2382,31;
GESTER TUPINIQUIM DE SOUZA BENTES;DISPONIVEL SEAD;TECNICO EM AGROPECUARIA;; ESTATUTARIO;1015,08;;1015,08;111,66;903,42;
GETRO MENEZES;NUCLEO DE VIGILANCIA;VIGIA-II;; ESTATUTARIO;2520,15;;2520,15;169,98;2350,17;
GILBERTO MASSULO NETO;DEPTO.DE TEC.DE INFORMACAO;ASSESSOR II AD-2;ASSESSOR II, AD-2; CARGO COMISSION.S/VINCULO;4209,79;;4209,79;670,28;3539,51;
GILSON PINHEIRO CAVALCANTE;GABINETE DO SECRETARIO APOIO;ASSESSOR III AD-3;; CARGO COMISSION.S/VINCULO;3191,80;;3191,80;422,40;2769,40;
GLAURA JANNE MOTA DE V DIAS;JUNTA MEDICO-PERICIAL DO EST.;MEDICO ESPECIALISTA;PRESID. JUNTA MEDICA; ESTATUTARIO;2000,00;;2000,00;;2000,00;
GRAZIELA DE OLIVEIRA REIS;SEC.EXEC.ADJ.GESTAO DE PESSOAS;ASSESSOR III AD-3;; CARGO COMISSION.S/VINCULO;3191,80;;3191,80;422,40;2769,40;
GUALBERTO GRACIANO DE MELO;COMISSAO DE REGIME DISCIPLINAR;MEMBRO COMISSAO REGIME DISCIPLINAR;MEMBRO REG DISCIPL; ESTATUTARIO;867,20;;867,20;;867,20;
GUILHERME FREDERICO DA S GOMES;CONSULTORIA TEC-ADMINISTRATIVA;C.TEC-U;; ESTATUTARIO;28260,08;;28260,08;9103,77;19156,31;
HAMILTON DOS SANTOS OLIVEIRA;NUCLEO DE TRANSPORTE;A.TEC-I;; ESTATUTARIO;3139,56;;3139,56;205,98;2933,58;
HEBER PINHEIRO MARTINS;DEPTO.DE TEC.DE INFORMACAO;ASSESSOR II AD-2;; CARGO COMISSION.S/VINCULO;4209,79;;4209,79;641,84;3567,95;
HELADIA MARIA ARAUJO DOS SANTOS;JUNTA MEDICO-PERICIAL DO EST.;TELEFONISTA;; ESTATUTARIO;2959,44;;2959,44;192,63;2766,81;
HELDER CAMARA CARDOSO DOS SANTOS;GER.DE CONT.PATR.IMOBILIARIO;A.TEC-I;GERENTE, AD-2; ESTATUTARIO;3715,26;;3715,26;321,25;3394,01;
HELENO RODRIGUES DOS SANTOS;NUCLEO DE SERVICOS GERAIS;A.TEC-I;; ESTATUTARIO;3892,70;;3892,70;348,24;3544,46;
HELIANA CUNHA MOTTA DE OLIVEIRA;COMISSAO DE REGIME DISCIPLINAR;A.TEC-I;; ESTATUTARIO;3288,44;;3288,44;285,67;3002,77;
HELLEN CREMILDES PORTO S PINHEIRO;DEPTO.DE GESTAO DE PESSOAS;A.TEC-II;; ESTATUTARIO;3641,46;;3641,46;242,81;3398,65;
HILDA BALBI CASTRO;GER.BENEFICIO DOS SERVIDORES;TECNICO;; ESTATUTARIO;4112,30;;4112,30;526,57;3585,73;
HIRAIRTON GONCALVES COSTA;GER.DE CONT.PATR.IMOBILIARIO;AUX.S.G-III;AUX. SERVICOS GERAIS; ESTATUTARIO;2861,81;;2861,81;189,59;2672,22;
HUDSON DE ANDRADE FERNANDES;GERENCIA DE REGISTRO DE DADOS;A.TEC-I;; ESTATUTARIO;3715,26;;3715,26;237,85;3477,41;
ILEANA FERNANDES LIMA;DISPONIVEL TCM;TECNICO DE CONTAS A;; ESTATUTARIO;1015,08;;1015,08;111,66;903,42;
INGRID COUTINHO ALMEIDA;CONSULTORIA TEC-ADMINISTRATIVA;ASSESSOR I AD-1;; CARGO COMISSION.S/VINCULO;5229,77;;5229,77;986,40;4243,37;
ISABEL CRISTINA FONSECA;GER.DE APOIO, MANUT.LOGISTICA;A.TEC-I;; ESTATUTARIO;3684,48;;3684,48;339,77;3344,71;
ISAIAS DE LIMA SOARES;GER.DE ABASTEC.DE COMBUSTIVEIS;VIGIA-III;; ESTATUTARIO;2183,67;;2183,67;142,30;2041,37;
ISMAEL FERREIRA DA SILVA;DEPTO.DE TEC.DE INFORMACAO;ASSESSOR II AD-2;; CARGO COMISSION.S/VINCULO;4794,48;;4794,48;;4794,48;
ITACIARA REBELO NOVAES;DEPTO.DE GESTAO DE PESSOAS;AUX.ADM-I;; ESTATUTARIO;3577,31;;3577,31;314,72;3262,59;
IVAN DE SOUZA NASCIMENTO;NUCLEO DE TRANSPORTE;AUX.O-I;; ESTATUTARIO;3165,21;;3165,21;257,44;2907,77;
IVONE DA SILVA FONSECA;GABINETE DO SECRETARIO APOIO;A.TEC-I;; ESTATUTARIO;3710,34;;3710,34;348,50;3361,84;
IZAIAS SANTOS DA SILVA;NUCLEO DE VIGILANCIA;VIGIA-II;VIGIA; ESTATUTARIO;2218,15;;2218,15;137,85;2080,30;
JAKSON VEIGA FROTA;JUNTA MEDICO-PERICIAL DO EST.;VIGIA-III;; ESTATUTARIO;2183,67;;2183,67;142,30;2041,37;
JANEIDE DE SOUZA GUEDES;GER.BENEFICIO DOS SERVIDORES;A.TEC-I;; ESTATUTARIO;3892,70;;3892,70;376,67;3516,03;
JAYME BEZERRA MENDES;PESSOAL PROC.DE APOSENTADORIA;MOT-III;; ESTATUTARIO;1428,42;;1428,42;157,13;1271,29;
JERSEY QUINTELA DE ALENCAR;DISPONIVEL SEAD;TECNICO 1A CLASSE;; ESTATUTARIO;937,00;;937,00;103,07;833,93;
JERUZA COLARES DA SILVA;NUCLEO DE SERVICOS GERAIS;AUX.S.G-II;AUX. SERVICOS GERAIS; ESTATUTARIO;2499,27;;2499,27;154,19;2345,08;
JOAO ALFREDO MONTEIRO DA COSTA;DISPONIVEL POLICIA CIVIL;AGENTE DE POLICIA 2A CLASSE;; ESTATUTARIO;1015,08;;1015,08;111,66;903,42;
JOAO DE OLIVEIRA SOUZA;GER.DE ABASTEC.DE COMBUSTIVEIS;AUX.O-I;; ESTATUTARIO;2373,01;;2373,01;180,41;2192,60;
JOAO GOMES VILELA;PESSOAL PROC.DE APOSENTADORIA;ENG-I;; ESTATUTARIO;5568,24;;5568,24;973,07;4595,17;
JOAO SALES BASTOS ATHAN;DISPONIVEL POLICIA CIVIL;AGENTE DE POLICIA 1A CLASSE;; ESTATUTARIO;1015,08;;1015,08;111,66;903,42;
JOAO SILVA DA SILVA DE AQUINO;DISPONIVEL SEAD;TECNICO 2A CLASSE;; ESTATUTARIO;1015,08;;1015,08;111,66;903,42;
JOAO SOUZA DA SILVA;EXTINTO B.CARGOS AGUARD.RELOT.;AUXILIAR DE SERVICOS GERAIS;; ESTATUTARIO;1028,48;;1028,48;168,30;860,18;
JOE VIANA COUTO;DISPONIVEL POLICIA CIVIL;AGENTE DE POLICIA 1A CLASSE;; ESTATUTARIO;11131,92;;11131,92;2795,88;8336,04;
JOEL DO NASCIMENTO DIAS;NUCLEO DE SERVICOS GERAIS;AUX.S.G-I;; ESTATUTARIO;2288,06;;2288,06;149,22;2138,84;
JOHN GUIMARAES BICHARRA;COORD.TEC.DE AUD.DOS SISTEMAS;TNS-I;F. GRATIFICADA, FG-1; ESTATUTARIO;7079,86;;7079,86;986,94;6092,92;
JONAS MANOEL PEREIRA SA;GER.DE ABASTEC.DE COMBUSTIVEIS;MARINHEIRO FLUVIAL DE MAQUINA;; ESTATUTARIO;2362,55;;2362,55;200,42;2162,13;
JORGE BOTELHO RUFINO;GER.DE ABASTEC.DE COMBUSTIVEIS;A.TEC-I;; ESTATUTARIO;2689,27;;2689,27;226,60;2462,67;
JORGE LUIZ BARROSO DE OLIVEIRA;DISPONIVEL SEAD;TECNICO 1A CLASSE;; ESTATUTARIO;1015,08;;1015,08;111,66;903,42;
JOSE ALBERTO REGIS BATISTA;GER.DE CONT.PATR.IMOBILIARIO;ASSESSOR III AD-3;ASSESSOR III AD-3; CARGO COMISSION.S/VINCULO;4255,73;;4255,73;684,21;3571,52;
JOSE ANTONIO PEREIRA DO VAL;NUCLEO DE RECEPCAO;MARINHEIRO FLUVIAL DE CONVES;; ESTATUTARIO;2347,48;;2347,48;186,64;2160,84;
JOSE BEZERRA DE ARAUJO;EXTINTO B.CARGOS AGUARD.RELOT.;A.OPE-II;; ESTATUTARIO;937,00;;937,00;172,69;764,31;
JOSE CAVALCANTE LINS;PESSOAL PROC.DE APOSENTADORIA;A.TEC-I;; ESTATUTARIO;937,00;;937,00;175,40;761,60;
JOSE DOMACIR DE ALMEIDA;GER.DE ABASTEC.DE COMBUSTIVEIS;A.TEC-I;; ESTATUTARIO;3127,83;;3127,83;239,05;2888,78;
JOSE GERALDO XAVIER DOS ANJOS;GABINETE DO SECRETARIO APOIO;BIBLIOTECARIO;GERENTE, AD-2; ESTATUTARIO;5353,53;;5353,53;888,91;4464,62;
JOSE GOMES CORDEIRO;NUCLEO DE VIGILANCIA;AUX.S.G-II;; ESTATUTARIO;2218,15;;2218,15;137,85;2080,30;
JOSE MARIA ROCHA DE OLIVEIRA;COMISSAO DE REGIME DISCIPLINAR;A.TEC-I;; ESTATUTARIO;3912,11;;3912,11;352,78;3559,33;
JOSE MAYRATA VIEIRA PEREIRA;GER.DE COMPLEXO ADMINISTRATIVO;GERENTE AD-2;; CARGO COMISSION.S/VINCULO;4209,79;;4209,79;670,28;3539,51;
JOSE NELSON MAGALHAES;GER.DE ABASTEC.DE COMBUSTIVEIS;ASSESSOR III AD-3;ASSESSOR III AD-3; CARGO COMISSION.S/VINCULO;4255,73;;4255,73;684,21;3571,52;
JOSE RIBAMAR GOMES DE AQUINO;DISPONIVEL TCM;ANALISTA DE FINAN.E CONTR.EXTERNO A;; ESTATUTARIO;1015,08;;1015,08;111,66;903,42;
JOSE ROBERTO SARAIVA DOS SANTOS;GER.DE ABASTEC.DE COMBUSTIVEIS;AUX.O-I;; ESTATUTARIO;2667,81;;2667,81;240,88;2426,93;
JOSE VENANCIO GOMES;GER.DE ABASTEC.DE COMBUSTIVEIS;AUX.O-I;; ESTATUTARIO;2567,86;;2567,86;199,79;2368,07;
JOSE VIRGILIO BATISTA DE OLIVEIRA;COMISSAO DE REGIME DISCIPLINAR;TNS-I;; ESTATUTARIO;4679,86;;4679,86;721,50;3958,36;
JUDITE GUIMARAES DE BARROS;GERENCIA DE REGISTRO DE DADOS;A.TEC-I;; ESTATUTARIO;3710,34;;3710,34;320,06;3390,28;
JUSCELINO SOARES DOS SANTOS;NUCLEO DE VIGILANCIA;AUX.O-I;; ESTATUTARIO;2279,31;;2279,31;142,54;2136,77;
JUSSI SOARES CALOBA;DISPONIVEL TCM;AUDITOR;; ESTATUTARIO;5851,58;;5851,58;674,45;5177,13;
KARLA VIRGINIA CAVALCANTI MONTEIRO;JUNTA MEDICO-PERICIAL DO EST.;ASSISTENTE SOCIAL;ASSIST SOCIAL; ESTATUTARIO;1250,00;;1250,00;;1250,00;
KATIA DESSIMONI VICTORIA;GER.DE PROG.DE DESENVOLVIMENTO;AUX.ADM-I;GERENTE, AD-2; ESTATUTARIO;6149,14;;6149,14;827,46;5321,68;
KELLEN ETHER REBELO;GER.DE PLANEJ.ORC.E FINANCAS;ASSESSOR III AD-3;; CARGO COMISSION.S/VINCULO;4255,73;;4255,73;684,21;3571,52;
KELMA MARTINS DA SILVA;RELOTADOS DA SEC/AMAZONASTUR;ASSISTENTE TECNICO I;ASSIST. TECNICO I; ESTATUTARIO;3434,00;;3434,00;246,47;3187,53;
KLINGER REIS DA COSTA;JUNTA MEDICO-PERICIAL DO EST.;MEDICO GRADUADO;MEMBRO PERITO JMIS; ESTATUTARIO;1250,00;;1250,00;;1250,00;
LEIDIMAR FATIMA BRIGATTO;GABINETE DO SECRETARIO APOIO;ASSESSOR II AD-2;; CARGO COMISSION.S/VINCULO;4209,79;;4209,79;491,51;3718,28;
LENI PIRES DE AZEVEDO BARRETO;GERENC.DE APOIO ADMINISTRATIVO;C.TEC-U;; ESTATUTARIO;7783,64;;7783,64;1891,89;5891,75;
LENITA BENTES MAGALHAES;JUNTA MEDICO-PERICIAL DO EST.;A.TEC-I;; ESTATUTARIO;3736,58;;3736,58;326,45;3410,13;
LEONETE CONCEICAO ARAUJO DA SILVA;GERENCIA DE REGISTRO DE DADOS;ASSISTENTE TECNICO II;; ESTATUTARIO;4036,94;;4036,94;339,12;3697,82;
LEONIDAS NASCIMENTO DA SILVA;PENSIONISTAS DE TABATINGA;PENSIONISTA LEI 1735 DE 14.11.85;; PENSIONISTA POR LEI;937,00;;937,00;;937,00;
LIGIA ABRAHIM FRAXE LICATTI;PESSOAL PROC.DE APOSENTADORIA;TNS-I;; ESTATUTARIO;6964,35;;6964,35;1546,20;5418,15;
LINO RAMOS BATALHA;JUNTA MEDICO-PERICIAL DO EST.;VIGIA-I;; ESTATUTARIO;2324,06;;2324,06;149,22;2174,84;
LUANA LOPES VIANA;GER.DE TELEF.MOV.INSITUCIONAL;GERENTE AD-2;; CARGO COMISSION.S/VINCULO;4209,79;;4209,79;641,84;3567,95;
LUCIA COUTINHO DA CRUZ;PESSOAL PROC.DE APOSENTADORIA;TNS-I;; ESTATUTARIO;3316,54;;3316,54;429,18;2887,36;
LUCIANA ALMEIDA DE SOUSA E SILVA;DISPONIVEL TCM;PROCURADOR DE CONTAS B;; ESTATUTARIO;33010,37;;33010,37;10115,31;22895,06;
LUCIANA DE CASTRO SANTORO;CONSULTORIA TEC-ADMINISTRATIVA;TEC. DE NIVEL SUPERIOR 1A CLASSE;TEC.NIV.SUP.1 CLASSE; ESTATUTARIO;4028,23;;4028,23;545,06;3483,17;
LUCILENE MARQUES RIBEIRO;EXTINTO B.CARGOS AGUARD.RELOT.;A.TEC-II;; ESTATUTARIO;937,00;;937,00;172,00;765,00;
LUIS ALBERTO SAMPAIO NEVES;GRUP.INT.PREV.INVAS.AREAS PUB.;ASSESSOR IV AD-4;; CARGO COMISSION.S/VINCULO;3175,61;;3175,61;418,48;2757,13;
LUIS NAZARE CRUZ DA SILVA;GRUP.INT.PREV.INVAS.AREAS PUB.;TNS-I;ASS DE SEG FUNCIONAL; ESTATUTARIO;8233,59;;8233,59;1723,01;6510,58;
LUIZ CARLOS MARQUES CARNEIRO;GER.DE APOIO, MANUT.LOGISTICA;A.TEC-I;; ESTATUTARIO;3902,40;;3902,40;293,63;3608,77;
LUIZ CLAUDIO DOS SANTOS P SOUZA;NUCLEO DE ARQ.ADMINISTRATIVO;A.TEC-II;; ESTATUTARIO;3025,00;;3025,00;173,03;2851,97;
LUIZ FERREIRA FONTENELE;GER.DE ABASTEC.DE COMBUSTIVEIS;VIGIA-I;; ESTATUTARIO;2361,56;;2361,56;156,70;2204,86;
LUIZ GUILHERME JOHNSON DE A JUNIOR;GERENCIA DE FOLHA DE PAGAMENTO;GERENTE AD-2;; CARGO COMISSION.S/VINCULO;4209,79;;4209,79;641,84;3567,95;
LUIZ ROBERTO DE MELO FONSECA;CONSULTORIA TEC-ADMINISTRATIVA;C.TEC-U;; ESTATUTARIO;29092,41;;29092,41;9451,18;19641,23;
LUIZ RODRIGUES DE QUEIROZ;PESSOAL PROC.DE APOSENTADORIA;MOTORISTA 2A CLASSE;; ESTATUTARIO;1548,97;;1548,97;170,22;1378,75;
LUZIA NUNES DE OLIVEIRA;NUCLEO DE RECEPCAO;A.TEC-I;; ESTATUTARIO;3317,57;;3317,57;240,44;3077,13;
MALENE MARIA DE CASTRO PERDIGAO;DEPTO.DE GESTAO DE PESSOAS;ASSESSOR II AD-2;; CARGO COMISSION.S/VINCULO;4209,79;;4209,79;641,84;3567,95;
MANUEL BRAZ DA SILVA;GER.DE APOIO, MANUT.LOGISTICA;A.TEC-I;; ESTATUTARIO;3891,94;;3891,94;375,94;3516,00;
MANUEL FERNANDES DA SILVA;GER.DE ABASTEC.DE COMBUSTIVEIS;TRABALHADOR DE CAMPO 1A CLASSE;; ESTATUTARIO;2254,08;;2254,08;136,71;2117,37;
MARCO AURELIO MARTINS DA SILVA;COMISSAO DE REGIME DISCIPLINAR;MEMBRO COMISSAO REGIME DISCIPLINAR;; CARGO COMISSION.S/VINCULO;867,20;;867,20;;867,20;
MARCOS ANTONIO NASCIMENTO SILVA;EXTINTO B.CARGOS AGUARD.RELOT.;ENGENHEIRO AGRONOMO;; ESTATUTARIO;4478,80;;4478,80;696,37;3782,43;
MARGARIDA VINHOTE FRANCA;GABINETE DO SECRETARIO APOIO;ENCADERNADOR;; ESTATUTARIO;3830,43;;3830,43;354,80;3475,63;
MARIA ALBERTIZA DA COSTA FERNANDES;NUCLEO DE ARQ.ADMINISTRATIVO;A.TEC-I;; ESTATUTARIO;3115,26;;3115,26;259,69;2855,57;
MARIA APARECIDA R CAVALCANTE;CONSULTORIA TEC-ADMINISTRATIVA;A.TEC-I;; ESTATUTARIO;6498,86;;6498,86;858,69;5640,17;
MARIA AUREA MOURA DE OLIVEIRA;GERENCIA DE FOLHA DE PAGAMENTO;A.TEC-I;F. GRATIFICADA, FG-3; ESTATUTARIO;5132,70;;5132,70;615,86;4516,84;
MARIA AUXILIADORA DA C S PORTILIO;CONSULTORIA TEC-ADMINISTRATIVA;A.TEC-I;ASSESSOR I, AD-1; ESTATUTARIO;7486,70;;7486,70;1211,08;6275,62;
MARIA AUXILIADORA SILVA DE OLIVEIRA;NUCLEO DE ARQ.ADMINISTRATIVO;AGENTE ADMINISTRATIVO 1A CLASSE;; ESTATUTARIO;3230,43;;3230,43;264,80;2965,63;
MARIA AUXILIADORA VALENTE ELIAS;DEPTO.DE GESTAO DE PESSOAS;ASSESSOR I AD-1;; CARGO COMISSION.S/VINCULO;5229,77;;5229,77;986,40;4243,37;
MARIA D ASSUNCAO DA COSTA PINHEIRO;DISPONIVEL TCM;CONSULTOR TECNICO B;; ESTATUTARIO;1005,08;;1005,08;97,36;907,72;
MARIA DA CONCEICAO SOUZA;GER.DE ABASTEC.DE COMBUSTIVEIS;A.TEC-I;; ESTATUTARIO;3902,40;;3902,40;378,94;3523,46;
MARIA DA GRACA MONTEIRO DA ROCHA;PESSOAL PROC.DE APOSENTADORIA;A.TEC-I;; ESTATUTARIO;4633,92;;4633,92;758,97;3874,95;
MARIA DA PAZ ALVES DA SILVA AMORIM;JUNTA MEDICO-PERICIAL DO EST.;A.TEC-I;; ESTATUTARIO;3150,01;;3150,01;242,97;2907,04;
MARIA DAS GRACAS ROCHA DE SOUZA;GERENC.DE DIARIAS E PASSAGENS;A.TEC-I;ASSISTENTE TECNICO; ESTATUTARIO;3902,40;;3902,40;378,94;3523,46;
MARIA DE FATIMA DA SILVA MELO;GERENCIA DE FOLHA DE PAGAMENTO;A.TEC-I;F. GRATIFICADA, FG-3; ESTATUTARIO;5238,02;;5238,02;652,39;4585,63;
MARIA DE FATIMA DE SOUZA ALENCAR;GER.DE BEM ESTAR DE SERVIDOR;A.TEC-I;GERENTE, AD-2; ESTATUTARIO;4913,09;;4913,09;607,61;4305,48;
MARIA DE LOURDES OLIVEIRA XAVIER;JUNTA MEDICO-PERICIAL DO EST.;A.TEC-I;; ESTATUTARIO;3292,70;;3292,70;286,67;3006,03;
MARIA DO PERPETUO SOCORRO L BARROS;JUNTA MEDICO-PERICIAL DO EST.;AUXILIAR DE SERV GERAIS 3A CLASSE;; ESTATUTARIO;2474,55;;2474,55;161,44;2313,11;
MARIA DO PERPETUO SOCORRO S GUERRA;DEPTO.DE GESTAO DE PESSOAS;A.TEC-I;; ESTATUTARIO;3902,40;;3902,40;378,94;3523,46;
MARIA DO SOCORRO DA COSTA OLIVEIRA;GER.DE DIAGNOST.PLANEJAMENTO;ASSISTENTE TECNICO 1A CLASSE;GERENTE, AD-2; ESTATUTARIO;4980,24;;4980,24;571,62;4408,62;
MARIA DO SOCORRO LAMONGI DE SOUZA;CONSULTORIA TEC-ADMINISTRATIVA;C.TEC-U;; ESTATUTARIO;45427,94;526,64;44901,30;13856,43;31044,87;
MARIA DOLORES SILVA DE ARAUJO;GERENC.DE DIARIAS E PASSAGENS;A.TEC-I;F. GRATIFICADA, FG-1; ESTATUTARIO;5000,16;;5000,16;631,94;4368,22;
MARIA DOS ANJOS MARQUES LEITE;DISPONIVEL SEAD;TECNICO 3A CLASSE;; ESTATUTARIO;1058,83;;1058,83;116,47;942,36;
MARIA FERREIRA DE SOUZA;GERENCIA DE REGISTRO DE DADOS;A.TEC-I;; ESTATUTARIO;3888,44;;3888,44;375,67;3512,77;
MARIA IZABEL OLIVEIRA MOINHO;GER.BENEFICIO DOS SERVIDORES;A.TEC-I;; ESTATUTARIO;3902,40;;3902,40;350,51;3551,89;
MARIA JOSE BRANDAO MOTA;GER.BENEFICIO DOS SERVIDORES;AGENTE ADMINISTRATIVO 3A CLASSE;; ESTATUTARIO;3603,77;;3603,77;286,03;3317,74;
MARIA JOSE LIMA COSTA;NUCLEO DE PROTOCOLO;AUXILIAR DE SERV GERAIS 2A CLASSE;; ESTATUTARIO;2870,55;;2870,55;191,14;2679,41;
MARIA JULIA DE OLIVEIRA BRAGA ROCHA;PESSOAL PROC.DE APOSENTADORIA;CONSULTOR TECNICO B;; ESTATUTARIO;937,00;;937,00;103,07;833,93;
MARIA LINDINALVA DE LIRA BARBOSA;DISPONIVEL TCM;ASSISTENTE TECNICO ADMINISTRATIVO B;; ESTATUTARIO;1011,67;;1011,67;106,78;904,89;
MARIA MITZI DINELLI MAGNANI;DISPONIVEL TCM;ASSISTENTE TECNICO ADMINISTRATIVO B;; ESTATUTARIO;1015,08;;1015,08;111,66;903,42;
MARIA NILMA DE SOUSA SILVA;GER.DE PLANEJ.ORC.E FINANCAS;A.TEC-II;ASSESSOR II, AD-2; ESTATUTARIO;4835,46;;4835,46;576,99;4258,47;
MARIA RITA GARCEZ VIEIRA FREDERICO;SEC.EXEC.ADJ.GESTAO DE PESSOAS;A.TEC-I;; ESTATUTARIO;3892,70;;3892,70;376,67;3516,03;
MARIA SEBASTIANA DE OLIVEIRA BRITO;COMISSAO DE REGIME DISCIPLINAR;A.TEC-I;; ESTATUTARIO;3912,11;;3912,11;381,22;3530,89;
MARIA VALDA BARROSO;CONSULTORIA TEC-ADMINISTRATIVA;AUX.S.G-I;; ESTATUTARIO;2279,31;;2279,31;148,25;2131,06;
MARIA VALDECIRA AIRES DA SILVA;ARQUIVO GERAL DO ESTADO;AUX.ADM-I;; ESTATUTARIO;3153,40;;3153,40;252,80;2900,60;
MARIA VALDENIZIA DA COSTA VAZ;SEC.EXEC.DE ADMINIST.E GESTAO;AUX.ADM-I;ASSESSOR II, AD-2; ESTATUTARIO;4771,31;;4771,31;515,95;4255,36;
MARIA ZENIRA VIEIRA DE OLIVEIRA;NUCLEO DE PROTOCOLO;AUX.S.G-I;; ESTATUTARIO;3749,05;;3749,05;307,11;3441,94;
MARILENE NOBRE CAVALCANTE DE SOUSA;DISPONIVEL TCM;AUDITOR;; ESTATUTARIO;9102,46;;9102,46;2188,37;6914,09;
MARINDIA GUERRO DUTRA;JUNTA MEDICO-PERICIAL DO EST.;MEDICO GENERALISTA;PERITO; ESTATUTARIO;1250,00;;1250,00;;1250,00;
MARINETE MENDES DA SILVA;CHEFIA DE GABINETE;ASSESSOR I AD-1;; CARGO COMISSION.S/VINCULO;5229,77;;5229,77;986,40;4243,37;
MARIO BITENCOURT DE SIQUEIRA;PESSOAL PROC.DE APOSENTADORIA;AFP-U;; ESTATUTARIO;8139,81;;8139,81;1944,82;6194,99;
MARIO JORGE MARTINS DE PAULA;PESSOAL PROC.DE APOSENTADORIA;TECNICO EM PLANEJAMENTO 1A CLASSE;; ESTATUTARIO;937,00;;937,00;103,07;833,93;
MARIO PORTO DE AGUIAR;DISPONIVEL POLICIA CIVIL;AGENTE DE POLICIA 1A CLASSE;; ESTATUTARIO;8666,39;;8666,39;1624,78;7041,61;
MARLENE RAMOS DA SILVA;JUNTA MEDICO-PERICIAL DO EST.;PERITO;; CONSELHO;1250,00;;1250,00;;1250,00;
MARLUCIA FERNANDES DA SILVA;DEPTO.DE GESTAO DE PESSOAS;AUX.O-I;; ESTATUTARIO;3577,31;;3577,31;307,81;3269,50;
MAX AZEVEDO ARAUJO;PESSOAL PROC.DE APOSENTADORIA;A.TEC-I;; ESTATUTARIO;1569,48;;1569,48;172,64;1396,84;
MICHELLE BELOTA TROMBONI;GABINETE DO SECRETARIO APOIO;A.TEC-II;; ESTATUTARIO;4844,20;;4844,20;493,89;4350,31;
MIGUEL RODRIGUES DA FONSECA;NUCLEO DE VIGILANCIA;MARINHEIRO FLUVIAL DE CONVES;; ESTATUTARIO;2597,43;;2597,43;235,10;2362,33;
MILENA DOS SANTOS PINHEIRO;GERENCIA DE FROTA;ASSESSOR IV AD-4;; CARGO COMISSION.S/VINCULO;3175,61;;3175,61;418,48;2757,13;
MIRIAN DA CRUZ PINHEIRO;NUCLEO DE PROTOCOLO;AUX.S.G-I;; ESTATUTARIO;3599,24;;3599,24;313,16;3286,08;
MONIQUE DA SILVA TAPAJOS;DISPONIVEL TCM;PROCURADOR DE CONTAS A;; ESTATUTARIO;9581,54;;9581,54;2349,30;7232,24;
NAIME SA TAMER;JUNTA MEDICO-PERICIAL DO EST.;AGENTE ADMINISTRATIVO 2A CLASSE;; ESTATUTARIO;3754,69;;3754,69;294,34;3460,35;
NEUZA NASCIMENTO FERREIRA;GER.DE ABASTEC.DE COMBUSTIVEIS;A.TEC-I;; ESTATUTARIO;3891,94;;3891,94;375,94;3516,00;
NEY GEORGE BELTRAO DA COSTA;NUCLEO DE VIGILANCIA;MARINHEIRO FLUVIAL DE CONVES;; ESTATUTARIO;2543,66;;2543,66;208,22;2335,44;
NILZETE NEVES RODRIGUES;GER.BENEFICIO DOS SERVIDORES;A.TEC-I;; ESTATUTARIO;4954,75;;4954,75;618,82;4335,93;
NORMA DA SILVA JATOBA;JUNTA MEDICO-PERICIAL DO EST.;PERITO;PERITO; ESTATUTARIO;1250,00;;1250,00;;1250,00;
NORMA MOURA DA SILVA;ARQUIVO GERAL DO ESTADO;ENCADERNADOR;; ESTATUTARIO;3098,77;;3098,77;245,05;2853,72;
OCIMAR PIRES DE SOUSA;GABINETE DO SECRETARIO APOIO;A.TEC-I;; ESTATUTARIO;3727,83;;3727,83;352,76;3375,07;
OLINETE BATISTA DE OLIVEIRA;EXTINTO B.CARGOS AGUARD.RELOT.;AUX.S.G-II;; ESTATUTARIO;937,00;;937,00;162,21;774,79;
OSVALDIZIA MELO VEIGA;GERENCIA DE PESSOAL;ASSISTENTE TECNICO I;; ESTATUTARIO;3434,00;;3434,00;316,21;3117,79;
OTILIO TADEU LINHARES;DISPONIVEL SEAD;ENGENHEIRO AGRONOMO;; ESTATUTARIO;1015,08;;1015,08;111,66;903,42;
PAULO CEZAR DA SILVA CAMARA;SEC.EXEC.DE ADMINIST.E GESTAO;SECRETARIO EXECUTIVO;; CARGO COMISSION.S/VINCULO;11700,00;;11700,00;2789,26;8910,74;
PAULO ROBERTO IOPPI;DISPONIVEL SEAD;ENGENHEIRO 2A CLASSE;; ESTATUTARIO;1008,05;;1008,05;101,61;906,44;
PEDRO BRUNO DOS PRAZERES;DISPONIVEL POLICIA CIVIL;ARTIFICE 3A CLASSE;; ESTATUTARIO;1015,08;;1015,08;111,66;903,42;
PEDRO DA SILVA MAIA;NUCLEO DE VIGILANCIA;AUX.O-I;; ESTATUTARIO;2598,54;;2598,54;259,89;2338,65;
PEDRO DE SOUZA MOREIRA;NUCLEO DE VIGILANCIA;VIGIA;; ESTATUTARIO;2282,06;;2282,06;138,99;2143,07;
PERICLES DE PINHO CORREA;GER.BENEFICIO DOS SERVIDORES;A.TEC-I;; ESTATUTARIO;3727,83;;3727,83;324,32;3403,51;
POLLYANE PINHEIRO MARTINS;DEPTO.DE GESTAO DE PESSOAS;ASSESSOR IV AD-4;ASSESSOR I AD-4; CARGO COMISSION.S/VINCULO;3175,61;;3175,61;418,48;2757,13;
PRISCILA BARBOSA DOS SANTOS;CONSULTORIA TEC-ADMINISTRATIVA;ASSESSOR I AD-1;; CARGO COMISSION.S/VINCULO;5229,77;;5229,77;986,40;4243,37;
RACHEL DA SILVA ANDRADE;JUNTA MEDICO-PERICIAL DO EST.;ENCADERNADOR;; ESTATUTARIO;3257,63;;3257,63;268,88;2988,75;
RAFAEL DO NASCIMENTO ALMEIDA;GER.DE DESENV.MAN.DE SISTEMAS;ASSESSOR II AD-2;; CARGO COMISSION.S/VINCULO;9401,86;;9401,86;2157,27;7244,59;
RAFAELLA DA ROCHA REBOUCAS;GERENCIA DE REGISTRO DE DADOS;ASSESSOR I AD-1;; CARGO COMISSION.S/VINCULO;5229,77;;5229,77;986,40;4243,37;
RAIMUNDA CORREA DA SILVA;NUCLEO DE SERVICOS GERAIS;AUX.S.G-II;AUX. SERVIÇOS GERAIS; ESTATUTARIO;3369,67;;3369,67;269,00;3100,67;
RAIMUNDA NONATA DE OLIVEIRA BEZERRA;GERENCIA DE PESSOAL;AUXILIAR DE SERVICOS GERAIS;; ESTATUTARIO;3919,51;;3919,51;337,05;3582,46;
RAIMUNDA NONATA SOUZA GOMES;CONSULTORIA TEC-ADMINISTRATIVA;A.TEC-I;ASSIST. ADMINIST.; ESTATUTARIO;3121,44;;3121,44;261,20;2860,24;
RAIMUNDO AGUIAR COELHO;NUCLEO DE VIGILANCIA;VIGIA-I;; ESTATUTARIO;2361,96;;2361,96;114,75;2247,21;
RAIMUNDO ALBERTO DA SILVA MENTA;GERENCIA DE FOLHA DE PAGAMENTO;A.TEC-I;F. GRATIFICADA, FG-1; ESTATUTARIO;6125,05;;6125,05;681,89;5443,16;
RAIMUNDO DA COSTA GONCALVES;JUNTA MEDICO-PERICIAL DO EST.;VIGIA-II;; ESTATUTARIO;2674,87;;2674,87;185,33;2489,54;
RAIMUNDO LIMA DE HOLANDA;NUCLEO DE SERVICOS GERAIS;AUX.O-I;; ESTATUTARIO;3357,60;;3357,60;238,99;3118,61;
RAIMUNDO RODRIGUES DE MORAES;NUCLEO DE SERVICOS GERAIS;AUX.O-I;; ESTATUTARIO;2977,31;;2977,31;217,81;2759,50;
RANSES GADELHA BEZERRA;GERENCIA DE FROTA;ASSESSOR II AD-2;ASSESSOR II, AD-2; CARGO COMISSION.S/VINCULO;4209,79;;4209,79;670,28;3539,51;
RIAD ABRAHIM BALLUT;GERENCIA DE FOLHA DE PAGAMENTO;AFP-U;; ESTATUTARIO;8058,33;;8058,33;1939,09;6119,24;
RICARDO QUEIROZ DE PAIVA;COMISSAO DE REGIME DISCIPLINAR;MEMBRO COMISSAO REGIME DISCIPLINAR;MEMBRO CRD; CONSELHO;700,00;;700,00;;700,00;
RITA MARIA DE SOUZA GONCALVES;DISPONIVEL SEAD;TECNICO 2A CLASSE;; ESTATUTARIO;1015,08;;1015,08;111,66;903,42;
ROBERTO CONTE DE MELO;DISPONIVEL SEAD;ASSISTENTE TECNICO 3A CLASSE;; ESTATUTARIO;1015,08;;1015,08;111,66;903,42;
ROBERTO FAGNER DUARTE DA SILVA DIAS;DEPTO.DE TEC.DE INFORMACAO;ASSESSOR II AD-2;ASSESSOR AD-2; CARGO COMISSION.S/VINCULO;4209,79;;4209,79;670,28;3539,51;
ROBERTO SOBREIRA NASCIMENTO;DISPONIVEL SEAD;ELETRICISTA;; ESTATUTARIO;1015,08;;1015,08;111,66;903,42;
ROBERVAL DOS SANTOS DE CARVALHO;PESSOAL PROC.DE APOSENTADORIA;MARINHEIRO FLUVIAL DE MAQUINA;; ESTATUTARIO;2006,23;;2006,23;208,97;1797,26;
ROBERVAL WILKENS MARINHO;PESSOAL PROC.DE APOSENTADORIA;ESCRIVAO DE POLICIA 3A CLASSE;; ESTATUTARIO;937,00;;937,00;103,07;833,93;
ROBSON GUIMARAES DE SOUSA;RELOTADOS DA SEC/AMAZONASTUR;ASSISTENTE TECNICO I;; ESTATUTARIO;2789,62;;2789,62;211,23;2578,39;
RODRIGO DE MOURA MOTA;COORD.TEC.DE AUD.DOS SISTEMAS;ASSESSOR I AD-1;; CARGO COMISSION.S/VINCULO;5229,77;;5229,77;986,40;4243,37;
RONALDO TAVARES MARQUES;GABINETE DO SECRETARIO APOIO;ASSESSOR II AD-2;; CARGO COMISSION.S/VINCULO;4209,79;;4209,79;613,40;3596,39;
ROOSEVELT DOS SANTOS LOPES;GER.DE CONT.PATR.IMOBILIARIO;AUX.ADM-III;AGENTE ADMINISTRAT.; ESTATUTARIO;2861,81;;2861,81;167,70;2694,11;
RORIZ MOTA DE BRITO;NUCLEO DE TRANSPORTE;MOT-III;MOTORISTA; ESTATUTARIO;2702,03;;2702,03;202,67;2499,36;
ROSALINA MALMACEDO GONCALVES;DISPONIVEL SEAD;ASSISTENTE TECNICO 2A CLASSE;; ESTATUTARIO;1015,08;;1015,08;111,66;903,42;
ROSANGELA ABREU DA COSTA LINS;DISPONIVEL TCM;AUDITOR ASSISTENTE - N.S.;; ESTATUTARIO;1015,08;;1015,08;111,66;903,42;
RUBEM CARLOS DO LAGO ARAUJO;DISPONIVEL SEAD;ENGENHEIRO 2A CLASSE;; ESTATUTARIO;1020,09;;1020,09;112,21;907,88;
RUI DA SILVA CAVALCANTE;DISPONIVEL TCM;AUDITOR ASSISTENTE - N.S.;; ESTATUTARIO;1015,08;;1015,08;111,66;903,42;
SAMANTHA OLIVEIRA GOMES DA SILVA;DEPTO.DE ADMINIST.E FINANCAS;CHEFE DE DEPARTAMENTO AD-1;; CARGO COMISSION.S/VINCULO;5229,77;;5229,77;901,09;4328,68;
SANDER JOSE COUTO DA SILVA;DEPTO.DE GESTAO DE PATRIMONIO;ASSIST.ADM.DA FAZENDA EST.3A.CL.I;CH.DEPARTAMENTO AD-1; ESTATUTARIO;5000,00;;5000,00;453,50;4546,50;
SANDRA HELENE SANTANA G ANDRADE;DEPTO.DE GESTAO DE PESSOAS;A.TEC-I;CHEFE DE DEPARTAMEN.; ESTATUTARIO;5904,34;;5904,34;827,36;5076,98;
SANDRA MARIA CUVELLO DE ANDRADE;DISPONIVEL TCM;CONSULTOR TECNICO B;; ESTATUTARIO;1015,08;;1015,08;111,66;903,42;
SANDRA MARIA KANAWATI LASMAR;JUNTA MEDICO-PERICIAL DO EST.;MEDICO ESPECIALISTA;PERITO; ESTATUTARIO;1250,00;;1250,00;;1250,00;
SANDRA REGINA MAQUINE BARBOSA;GERENCIA DE FOLHA DE PAGAMENTO;TEC. DE NIVEL SUPERIOR 1A CLASSE;F. GRATIFICADA, FG-1; ESTATUTARIO;6972,70;;6972,70;1217,68;5755,02;
SAULO ELGALY DOS REIS ANTAO;GER.BENEFICIO DOS SERVIDORES;GERENTE AD-2;; CARGO COMISSION.S/VINCULO;4209,79;;4209,79;613,40;3596,39;
SEBASTIAO FILHO FERREIRA DA SILVA;JUNTA MEDICO-PERICIAL DO EST.;MARINHEIRO;1; ESTATUTARIO;2528,59;;2528,59;206,56;2322,03;
SEBASTIAO GILSON FARIAS GONDIM;EXTINTO B.CARGOS AGUARD.RELOT.;ASSISTENTE TECNICO;; ESTATUTARIO;937,00;;937,00;166,72;770,28;
SERGIO GUILHERME TEIXEIRA ARANHA;NUCLEO DE SERVICOS GERAIS;AUX.S.G-I;; ESTATUTARIO;2522,46;;2522,46;192,22;2330,24;
SEVERINO ANTONIO AGUIAR RAMOS;DISPONIVEL SEAD;ENGENHEIRO 1A CLASSE;; ESTATUTARIO;1054,48;;1054,48;108,04;946,44;
SHEILA MARA PEREIRA FRANCO;GERENCIA DE FOLHA DE PAGAMENTO;AGENTE ADMINISTRATIVO 4A CLASSE;F. GRATIFICADA, FG-3; ESTATUTARIO;4837,74;;4837,74;570,31;4267,43;
SILVIA MARIA ABENSUR SANTOS;COMISSAO DE REGIME DISCIPLINAR;MEMBRO COMISSAO REGIME DISCIPLINAR;; ESTATUTARIO;867,20;;867,20;;867,20;
SILVIA SANTOS BOTELHO;PESSOAL PROC.DE APOSENTADORIA;TECNICO DE NIVEL SUPERIOR;; ESTATUTARIO;3239,55;;3239,55;411,73;2827,82;
SILVIO FERREIRA DE SOUZA;GER.DE CONTR.PATRIM.MOBILIARIO;ASSESSOR III AD-3;; CARGO COMISSION.S/VINCULO;3191,80;;3191,80;392,90;2798,90;
SILVIO ROMANO BENJAMIN JUNIOR;GABINETE DO SECRETARIO;SECRETARIO DE ESTADO;; CARGO COMISSION.S/VINCULO;10800,00;;10800,00;2100,64;8699,36;
SOCORRO MAGDA MENDES BORGES;GERENCIA DE REGISTRO DE DADOS;AUX.ADM-I;; ESTATUTARIO;3577,31;;3577,31;314,72;3262,59;
STEPHAN EDELMAN DOS SANTOS;SEC.EXEC.ADJ.PAT.GAST.PUBLICOS;SECRETARIO EXECUTIVO ADJUNTO;; CARGO COMISSION.S/VINCULO;9000,00;;9000,00;1942,48;7057,52;
SUELI JACOB;DISPONIVEL SEAD;TECNICO A;; ESTATUTARIO;1015,08;;1015,08;111,66;903,42;
SUELY FARIAS DA SILVA;EXTINTO B.CARGOS AGUARD.RELOT.;A.TEC-I;; ESTATUTARIO;1398,09;;1398,09;173,61;1224,48;
TATIANNE VIEIRA ASSAYAG TOLEDO;CONSULTORIA TEC-ADMINISTRATIVA;PROCURADOR DO ESTADO 3A CLASSE;CHEFE DE CONSULTORIA; ESTATUTARIO;4250,00;227,31;4022,69;163,29;3859,40;
TEREZA CRISTINA FROES DA CRUZ SILVA;GERENCIA DE PESSOAL;A.TEC-I;; ESTATUTARIO;3710,34;;3710,34;348,50;3361,84;
TEREZINHA DE JESUS ARAUJO VAZ;GERENC.DE APOIO ADMINISTRATIVO;A.TEC-I;; ESTATUTARIO;2036,70;;2036,70;173,61;1863,09;
TEREZINHA DE OLIVEIRA ROCHA;DISPONIVEL TCM;CONSULTOR TECNICO A;; ESTATUTARIO;551,10;;551,10;42,23;508,87;
THAMARA PEREIRA DA SILVA;ARQUIVO GERAL DO ESTADO;ASSESSOR II AD-2;; CARGO COMISSION.S/VINCULO;4209,79;;4209,79;670,28;3539,51;
THANIA REGINA PEREIRA DE S FALCAO;GERENCIA DE REGISTRO DE DADOS;A.TEC-I;; ESTATUTARIO;3888,44;;3888,44;347,23;3541,21;
THIAGO DA SILVA FABRICIO;SEC.EXEC.DE ADMINIST.E GESTAO;ASSESSOR II AD-2;; CARGO COMISSION.S/VINCULO;4209,79;;4209,79;613,40;3596,39;
VALCLEMAR GUIMARAES FARACHE;NUCLEO DE TRANSPORTE;MOT-I;; ESTATUTARIO;3834,96;;3834,96;368,96;3466,00;
VALDEMIR GUIMARAES DE OLIVEIRA;PESSOAL PROC.DE APOSENTADORIA;AGENTE ADMINISTRATIVO 3A CLASSE;; ESTATUTARIO;937,00;;937,00;103,07;833,93;
VALDINETE COELHO DE MENEZES;COMISSAO DE REGIME DISCIPLINAR;A.TEC-I;; ESTATUTARIO;3882,98;;3882,98;374,39;3508,59;
VANDA DA CRUZ CARVALHO CALADO;GERENCIA DE REGISTRO DE DADOS;AUXILIAR TECNICO;; ESTATUTARIO;3755,18;;3755,18;337,18;3418,00;
VANDERCI MARTINS VALENTE;PESSOAL PROC.DE APOSENTADORIA;C.TEC-U;; ESTATUTARIO;32339,21;;32339,21;10347,40;21991,81;
VANDERRUBEM MARCELINO NEVES;GERENCIA DE REGISTRO DE DADOS;A.TEC-I;ASSISTENTE TECNICO; ESTATUTARIO;3710,34;;3710,34;232,13;3478,21;
VANESSA CRISTINA DE OLIVEIRA GUERRA;GER.DE PROG.DE DESENVOLVIMENTO;GERENTE AD-2;; CARGO COMISSION.S/VINCULO;4209,79;;4209,79;641,84;3567,95;
VANIA MARIA NONATA DA SILVA;GER.DE PLANEJ.ORC.E FINANCAS;AUX.ADM-I;; ESTATUTARIO;3577,31;;3577,31;286,28;3291,03;
VERA COELHO DE MENEZES DO VALE;GERENC.DE APOIO ADMINISTRATIVO;A.TEC-I;; ESTATUTARIO;3719,09;;3719,09;322,19;3396,90;
VERA LUCIA MOURA DA SILVA;PESSOAL PROC.DE APOSENTADORIA;A.TEC-I;; ESTATUTARIO;1885,67;;1885,67;186,87;1698,80;
VERONICA PEREIRA FIGUEIREDO;GERENCIA DE PESSOAL;A.TEC-I;; ESTATUTARIO;3902,40;;3902,40;378,94;3523,46;
VICENTE DE PAULO VIEIRA COLOMBO;GER.DE ABASTEC.DE COMBUSTIVEIS;MARINHEIRO;; ESTATUTARIO;2920,55;;2920,55;242,27;2678,28;
VIRGINIA DE SOUSA PAIVA;GERENCIA DE REGISTRO DE DADOS;ASSISTENTE TECNICO 3A CLASSE;; ESTATUTARIO;3735,76;;3735,76;332,62;3403,14;
WALDEMARINA PINTO BARROSO;GER.BENEFICIO DOS SERVIDORES;A.TEC-I;; ESTATUTARIO;3902,40;;3902,40;378,94;3523,46;
WALTERLOO MARQUES PERES;GERENCIA DE FOLHA DE PAGAMENTO;AFP-U;; ESTATUTARIO;9185,52;;9185,52;2251,11;6934,41;
WANJA ALCIRENE DE SOUZA MARQUES;DEPTO.DE DESENVOLV.DE PESSOAS;ASSESSOR I AD-1;; CARGO COMISSION.S/VINCULO;5229,77;;5229,77;986,40;4243,37;
ZELIA MACHADO RIBEIRO FILHA;NUCLEO DE ARQ.ADMINISTRATIVO;AUXILIAR TECNICO;; ESTATUTARIO;3755,18;;3755,18;337,18;3418,00;
