NOME;LOTACAO;CARGO;FUNCAO;VINCULO;REMUNERACAO LEGAL TOTAL(R$);DESC.TETO(R$); REMUNERACAO LEGAL DEVIDA(R$);DESCONTOS LEGAIS(R$);LIQUIDO DISPONIVEL(R$);
ALEX FABIANO DE SOUZA REIS;DEPTO.ADMINISTRAT.FINANCEIRO;ASSESSOR II AD-2;; CARGO COMISSION.S/VINCULO;4209,79;;4209,79;670,28;3539,51;
ANA RITA GARCIA DA SILVA;GABINETE DO SECRETARIO;ASSESSOR II AD-2;; CARGO COMISSION.S/VINCULO;4209,79;;4209,79;670,28;3539,51;
ANDERSON MARCELINO DA SILVA;GABINETE DO SECRETARIO;CABO;ASSESSOR III AD-3; ESTATUTARIO;2400,00;;2400,00;22,98;2377,02;
ANDRE LUIZ DE SOUZA ANZOATEGUI;GABINETE DO SECRETARIO;INVEST.DE POL. 4A.CL. PC-INV.IV;ASSESSOR I AD-1; ESTATUTARIO;5000,00;;5000,00;505,64;4494,36;
ANTONIO ELIAS DE SOUZA;DEPTO.ADMINISTRAT.FINANCEIRO;GERENTE AD-2;GERENTE AD-2; CARGO COMISSION.S/VINCULO;4209,79;;4209,79;584,96;3624,83;
AURICLEIA NASCIMENTO DE A REBOUCAS;GABINETE DO SECRETARIO;DIGITADOR;ASSESSOR I AD 1; ESTATUTARIO;5771,54;;5771,54;669,08;5102,46;
CARLOS RAFAEL OLIVEIRA C SEIXAS;DEPTO.RECURSOS DA INFORMACAO;GERENTE AD-2;GERENTE AD-2; CARGO COMISSION.S/VINCULO;5613,05;;5613,05;1115,35;4497,70;
CAROL DE PINHO ASSI ALENCAR;GABINETE DO SECRETARIO;CHEFE DE GABINETE AD-1;CH.DE GABINETE AD-1; CARGO COMISSION.S/VINCULO;5229,77;;5229,77;901,09;4328,68;
CLEONE BARROS DE ALMEIDA;AUDITORIA;TNS-II;AUDITOR AD-2; ESTATUTARIO;5740,81;;5740,81;818,22;4922,59;
DANIELE BENEDITO SIMOES;GABINETE DO SECRETARIO;ASSESSOR I AD-1;ASSESSOR I AD 1; CARGO COMISSION.S/VINCULO;5229,77;;5229,77;685,15;4544,62;
DANIELLE FALCAO OLIVEIRA;GABINETE DO SECRETARIO;ASSESSOR III AD-3;; CARGO COMISSION.S/VINCULO;4191,80;;4191,80;637,46;3554,34;
GLAUCIA LANE BRAGA FERREIRA;DEPTO.ADMINISTRAT.FINANCEIRO;TNS-I;; ESTATUTARIO;4662,79;;4662,79;600,84;4061,95;
JACQUELINE SIQUEIRA SURIADAKIS;AUDITORIA;ASSESSOR II AD-2;; CARGO COMISSION.S/VINCULO;4209,79;;4209,79;670,28;3539,51;
JEANE MARIA MAR PASSOS;DEPTO.ADMINISTRAT.FINANCEIRO;A.TEC-I;CHEFE DE DEP-AD-1; ESTATUTARIO;5895,57;;5895,57;875,86;5019,71;
JORGE ADRIANO PEREIRA DA SILVA;GABINETE DO SECRETARIO;SOLDADO;ASSESSOR III, AD-3; ESTATUTARIO;2400,00;;2400,00;37,20;2362,80;
JUCIMARA SILVA DOS SANTOS;GABINETE DO SECRETARIO;MERENDEIRO PNF.MNF-III;ASSESSOR III AD-3; ESTATUTARIO;5156,45;;5156,45;541,11;4615,34;
LAERCIO REINALDO DE SOUZA;GABINETE DO SECRETARIO;ASSESSOR III AD-3;ASSESSOR III AD-3; CARGO COMISSION.S/VINCULO;3191,80;;3191,80;364,47;2827,33;
LUIZ ROCHA DE ARAUJO;AUDITORIA;TNS-I;AUDITOR CHEFE AD-1; ESTATUTARIO;6513,07;;6513,07;1073,69;5439,38;
MAIARA CRISTINA MORAL REBOUCAS;AUDITORIA;AUDITOR AD-2;; CARGO COMISSION.S/VINCULO;4209,79;;4209,79;670,28;3539,51;
MANUEL LOPES DE VASCONCELOS;GABINETE DO SECRETARIO;ASSESSOR III AD-3;ASSESSOR III AD-3; CARGO COMISSION.S/VINCULO;3191,80;;3191,80;407,12;2784,68;
MARIA TEREZA ELIAS BEZERRA MENEZES;AUDITORIA;AUDITOR AD-2;AUDITOR AD-2; CARGO COMISSION.S/VINCULO;4209,79;;4209,79;670,28;3539,51;
MARIO ANTONIO DA SILVA SUSSMANN;GABINETE DO SECRETARIO;SUBCONTROLADOR GERAL;SUBCONTROLADOR GERAL; CARGO COMISSION.S/VINCULO;11700,00;;11700,00;2789,26;8910,74;
MARIO JOSE DE MORAES COSTA;AUDITORIA;AUDITOR AD-2;AUDITOR AD-2; CARGO COMISSION.S/VINCULO;4209,79;;4209,79;670,28;3539,51;
MICHEL KRISTHIAN LAVOR CRUZ TAMER;AUDITORIA;AUDITOR AD-2;; CARGO COMISSION.S/VINCULO;4209,79;;4209,79;613,40;3596,39;
MONICA GOMES DA SILVA;COMISSAO GERAL E ETICA;SECRETARIO DA COMISSAO GER.E ETICA;; CARGO COMISSION.S/VINCULO;5229,77;;5229,77;986,40;4243,37;
RICARDO DOS SANTOS PONTES;DEPTO.ADMINISTRAT.FINANCEIRO;A.TEC-I;GERENTE AD-2; ESTATUTARIO;4942,30;;4942,30;442,29;4500,01;
ROBERTA PINTO DOS SANTOS;GABINETE DO SECRETARIO;CONSULTOR CHEFE AD-1;CONS.CH.AD-1; CARGO COMISSION.S/VINCULO;5229,77;;5229,77;986,40;4243,37;
ROGERIO SIQUEIRA DE SA NOGUEIRA;GABINETE DO SECRETARIO;SUBCONTROLADOR GERAL ADJUNTO;; CARGO COMISSION.S/VINCULO;9000,00;;9000,00;2046,76;6953,24;
ROOSEVELT FARIAS DE MORAES;GABINETE DO SECRETARIO;ASSESSOR III AD-3;ASSESSOR III AD-3; CARGO COMISSION.S/VINCULO;3191,80;;3191,80;378,69;2813,11;
ROSANA CARVALHO IPIRANGA;DEPTO.ADMINISTRAT.FINANCEIRO;GERENTE AD-2;GERENTE AD-2; CARGO COMISSION.S/VINCULO;4209,79;;4209,79;613,40;3596,39;
RUY BRASIL CORREA FILHO;AUDITORIA;TNS-I;GERENTE AD/2; ESTATUTARIO;5865,11;;5865,11;923,57;4941,54;
SERGIO ROBERTO GONZAGA;DEPTO.RECURSOS DA INFORMACAO;CHEFE DE DEPARTAMENTO AD-1;CHEFE DE DPTO. AD-1; CARGO COMISSION.S/VINCULO;5229,77;;5229,77;815,77;4414,00;
TATIANA COELHO ARCHER PINTO FREIRE;GABINETE DO SECRETARIO;ASSESSOR III AD-3;ASSESSOR III AD-3; CARGO COMISSION.S/VINCULO;3191,80;;3191,80;392,90;2798,90;
TEREZA CRISTINA MOTA DOS S PINTO;AUDITORIA;ASSIST.ADMIN.-ASA-T.S.N.M.-A;; ESTATUTARIO;4676,77;;4676,77;473,83;4202,94;
THIAGO TUPINAMBA DE QUEIROZ;AUDITORIA;AUDITOR AD-2;; CARGO COMISSION.S/VINCULO;4209,79;;4209,79;641,84;3567,95;
