NOME;LOTACAO;CARGO;FUNCAO;VINCULO;REMUNERACAO LEGAL TOTAL(R$);DESC.TETO(R$); REMUNERACAO LEGAL DEVIDA(R$);DESCONTOS LEGAIS(R$);LIQUIDO DISPONIVEL(R$);
ADELTON QUEIROZ DOS SANTOS;PRESIDENTE FIGUEIREDO;AG.AGRO-III;; ESTATUTARIO;2428,85;;2428,85;212,17;2216,68;
ADERALDO ALVES DE FRANCA;GUAJARA;T.AG-III;TEC.EM AGROPECUARIA; ESTATUTARIO;2428,85;;2428,85;212,17;2216,68;
AILSON GUALBERTO VIEIRA;GABINETE;COORDENADOR LOCAL II-AD-3;; CARGO COMISSION.S/VINCULO;3191,80;;3191,80;422,40;2769,40;
AJAX DE SOUSA FERREIRA;DEPTO.DEFESA AGROP.E FLORESTAL;TECNICO EM AGROPECUARIA;; ESTATUTARIO;2482,85;;2482,85;273,11;2209,74;
ALDO GOMES DE SOUZA;TEFE;COORDENADOR LOCAL I-AD-2;; CARGO COMISSION.S/VINCULO;4209,79;;4209,79;670,28;3539,51;
ALEXSANDRO TREVISAN;PRESIDENTE FIGUEIREDO;T.AG-III;TEC.EM AGROPECUARIA; ESTATUTARIO;2428,85;;2428,85;235,62;2193,23;
ALOYSIO MAIA MALVEIRA JUNIOR;DEPTO.DEFESA AGROP.E FLORESTAL;ENGENHEIRO AGRONOMO;; ESTATUTARIO;6294,00;;6294,00;1311,30;4982,70;
ALTAIR DE ALMEIDA CAVALCANTE;DEPTO.DEFESA AGROP.E FLORESTAL;TECNICO EM AGROPECUARIA;; ESTATUTARIO;2482,85;;2482,85;296,04;2186,81;
AMILCAR DA SILVA FERREIRA;DEPTO.DEFESA AGROP.E FLORESTAL;TECNICO EM AGROPECUARIA;COORD.LOCAL 11 AD3; ESTATUTARIO;4434,19;;4434,19;508,42;3925,77;
ANA CRISTINA KRZYZANIAK;HUMAITA;F.AGR-III;FISCAL AGROP-III CL; ESTATUTARIO;5300,65;;5300,65;947,24;4353,41;
ANA PAULA CARDOSO NAZARE;DEPTO.ADM.FIN.COM.E FOMENTO;COORDENADOR LOCAL II-AD-3;; CARGO COMISSION.S/VINCULO;3191,80;;3191,80;422,40;2769,40;
ANDERSON CARVALHO DA ROCHA;HUMAITA;AUX.AGR-III;; ESTATUTARIO;1721,60;;1721,60;134,38;1587,22;
ANDRE PARANHOS ALBUQUERQUE;SANTO ANTONIO DO MATUPI;AUX.AGR-III;COORD. LOCAL II AD-3; ESTATUTARIO;4155,81;;4155,81;403,07;3752,74;
ANDREZZA CALDAS VITAL;ASSESSORIA;ASSESSOR I AD-1;; CARGO COMISSION.S/VINCULO;5229,77;;5229,77;986,40;4243,37;
ANSELMO DE SOUZA BEZERRA;EIRUNEPE;TECNICO EM AGROPECUARIA;; ESTATUTARIO;2848,61;;2848,61;294,74;2553,87;
ANTONIO EDSON DE SOUZA SOARES;PARINTINS;T.AG-III;TEC.EM AGROPECUARIA; ESTATUTARIO;2428,85;;2428,85;212,17;2216,68;
ANTONIO RODRIGUES VIANA;ITACOATIARA;AUX.AGR-III;; ESTATUTARIO;1721,60;;1721,60;134,38;1587,22;
BARBARA BRANDAO FERREIRA SILVEIRA;PARINTINS;F.AGR-III;CHE.DE DEPARTAMENTO; ESTATUTARIO;4979,17;;4979,17;755,14;4224,03;
BRENDA CAROLINE DA COSTA ARAUJO;SANTA IZABEL DO RIO NEGRO;AUX.AGR-III;AUX. AGROPECUARIO; ESTATUTARIO;1721,60;;1721,60;134,38;1587,22;
BRUNO SILVA E SILVA;SAO GABRIEL DA CACHOEIRA;T.AG-III;TEC.EM AGROPECUARIA; ESTATUTARIO;2428,85;;2428,85;235,62;2193,23;
CAMILA DA COSTA AZEVEDO;ITACOATIARA;AUX.AGR-III;AUX. AGROPECUARIO; ESTATUTARIO;1721,60;;1721,60;134,38;1587,22;
CARLEU BARBA SOARES;COARI;T.AG-III;TEC.EM AGROPECUARIA; ESTATUTARIO;2428,85;;2428,85;235,62;2193,23;
CARLOS AUGUSTO NUNES DA SILVA;PRESIDENTE FIGUEIREDO;AUX.AGR-III;; ESTATUTARIO;1721,60;;1721,60;134,38;1587,22;
CARLOS PEDRO DA SILVA;CAAPIRANGA;T.AG-III;TEC.EM AGROPECUARIA; ESTATUTARIO;2428,85;;2428,85;235,62;2193,23;
CARLOS PETRONIO DE SOUZA QUEIROZ;GUAJARA;AG.AGRO-III;AG.AGROPECUARIO; ESTATUTARIO;2428,85;;2428,85;212,17;2216,68;
CASEMIRO DA PAZ DE SOUZA;MANACAPURU;AUX.AGR-III;; ESTATUTARIO;2295,47;;2295,47;153,66;2141,81;
CHRISSOSTOMO PEREIRA NINA NETO;DEPTO.DEFESA AGROP.E FLORESTAL;T.AG-III;TEC.EM AGROPECUARIA; ESTATUTARIO;1928,85;;1928,85;212,17;1716,68;
CHRISTIAN BARNADD D G E SILVA;CAREIRO DA VARZEA;F.AGR-III;; ESTATUTARIO;4979,17;;4979,17;797,80;4181,37;
CILENE PIRES DE SOUZA;DEPTO.ADM.FIN.COM.E FOMENTO;GERENTE AD-2;; CARGO COMISSION.S/VINCULO;4209,79;;4209,79;670,28;3539,51;
CLAUDIA DE FATIMA RAMOS CAMPOS;PARINTINS;MEDICO VETERINARIO;; ESTATUTARIO;5993,17;;5993,17;1192,92;4800,25;
CLAUDINEI VENTURA DO NASCIMENTO;APUI;T.AG-III;TEC.EM AGROPECUARIA; ESTATUTARIO;2428,85;;2428,85;212,17;2216,68;
CLEIDE PEREIRA LOPES;DEPTO.ADM.FIN.COM.E FOMENTO;COORDENADOR LOCAL II-AD-3;; CARGO COMISSION.S/VINCULO;3191,80;;3191,80;422,40;2769,40;
CRISTIANE DA SILVA KLEHM;RIO PRETO DA EVA;F.AGR-III;FIS.AGROP.AGRONOMIA; ESTATUTARIO;5364,94;;5364,94;917,91;4447,03;
DANIEL MACHADO ROCHA;AUTAZES;F.AGR-III;FISCAL AGROP-III CL; ESTATUTARIO;4979,17;;4979,17;755,14;4224,03;
DANIELA CARVALHO MESQUITA;GUAJARA;F.AGR-III;FISCAL AGROP-III CL; ESTATUTARIO;4979,17;;4979,17;797,80;4181,37;
DANILO MENDES HORTENCIO DA SILVA;DEPTO.ADM.FIN.COM.E FOMENTO;COORDENADOR LOCAL II-AD-3;; CARGO COMISSION.S/VINCULO;3191,80;;3191,80;422,40;2769,40;
DERLANI JOSE PEREIRA SERRAO;URUCURITUBA;T.AG-III;TEC. AGROPECUARIA; ESTATUTARIO;3238,47;;3238,47;282,88;2955,59;
DEYSERREEN DE SOUZA COSTA DA SILVA;DEPTO.ADM.FIN.COM.E FOMENTO;COORDENADOR LOCAL II-AD-3;; CARGO COMISSION.S/VINCULO;3191,80;;3191,80;422,40;2769,40;
DIEGO LANER;SANTO ANTONIO DO MATUPI;F.AGR-III;FISCAL AGROP-III CL; ESTATUTARIO;5300,65;;5300,65;947,24;4353,41;
DORIVALDO SALES PASSOS;PRESIDENTE FIGUEIREDO;T.AG-III;TEC.AGROPECUARIA; ESTATUTARIO;2428,85;;2428,85;212,17;2216,68;
EDER PEDRENO BELTRAO;PARINTINS;T.AG-III;; ESTATUTARIO;2428,85;;2428,85;235,62;2193,23;
EDIVAN LIMA RIBEIRO;TEFE;AUX.AGR-III;AUX.AGROPECUARIO; ESTATUTARIO;1721,60;;1721,60;134,38;1587,22;
EDSON AZEVEDO FERNANDES;BOCA DO ACRE;MEDICO VETERINARIO;; ESTATUTARIO;4979,17;;4979,17;700,78;4278,39;
ERIVANOR ARAUJO DOS SANTOS;MANAQUIRI;TECNICO EM AGROPECUARIA;; ESTATUTARIO;2855,67;;2855,67;282,07;2573,60;
ERNESTINA FARIAS PINTO NETA;DEPTO.ADM.FIN.COM.E FOMENTO;GERENTE AD-2;GERENTE AD 2; CARGO COMISSION.S/VINCULO;4209,79;;4209,79;641,84;3567,95;
EUDIMAR COSTA ROCHA;DEPTO.ADM.FIN.COM.E FOMENTO;COORDENADOR LOCAL II-AD-3;; CARGO COMISSION.S/VINCULO;3191,80;;3191,80;422,40;2769,40;
FABIANO PIMENTEL DOS SANTOS;MAUES;F.AGR-III;FISCAL AGROP-III CL; ESTATUTARIO;4979,17;;4979,17;566,23;4412,94;
FRANCISCO ANTONIO OLIVEIRA QUEIROZ;LABREA;COORDENADOR LOCAL II-AD-3;COORD LOCAL; CARGO COMISSION.S/VINCULO;3191,80;;3191,80;422,40;2769,40;
FRANCISCO AUGUSTO TAVARES PINTO;IRANDUBA;AUX.AGR-III;; ESTATUTARIO;2295,47;;2295,47;153,66;2141,81;
FRANCISCO DE JESUS OLIVEIRA ARAUJO;NOVO ARIPUANA;T.AG-III;; ESTATUTARIO;3238,47;;3238,47;311,32;2927,15;
FRANCISCO MENDES DA CUNHA;CAREIRO CASTANHO;COORDENADOR LOCAL II-AD-3;COORD.LOCALII AD3; CARGO COMISSION.S/VINCULO;3191,80;;3191,80;422,40;2769,40;
GELCINEI DE SOUZA ARAUJO;NOVA OLINDA DO NORTE;COORDENADOR LOCAL II-AD-3;COORD LOCAL II AD3; CARGO COMISSION.S/VINCULO;3191,80;;3191,80;422,40;2769,40;
GIRLEY JORGE BEZERRA;ITACOATIARA;MEDICO VETERINARIO;; ESTATUTARIO;5993,17;;5993,17;994,91;4998,26;
GISELE DE SOUZA ALBUQUERQUE SANTOS;MAUES;COORDENADOR LOCAL II-AD-3;; CARGO COMISSION.S/VINCULO;3191,80;;3191,80;422,40;2769,40;
GRAZIELE DOMINGUES;DEPTO.ADM.FIN.COM.E FOMENTO;COORDENADOR LOCAL II-AD-3;COORD.LOCAL II AD-3; CARGO COMISSION.S/VINCULO;3191,80;;3191,80;422,40;2769,40;
GUILHERME PEDROSA DE OLIVEIRA;TABATINGA;M.FLU-III;COORD. LOCAL II AD-3; ESTATUTARIO;4155,81;;4155,81;263,02;3892,79;
HAMILTON NOBRE CASARA;GABINETE;DIRETOR;; CARGO COMISSION.S/VINCULO;9000,00;;9000,00;2046,76;6953,24;
HARUO TAKATANI;DEPTO.DEFESA AGROP.E FLORESTAL;F.AGR-III;GERENTE AD-2; ESTATUTARIO;7476,51;;7476,51;1545,61;5930,90;
HAYLA KALINE RODRIGUES LIMA;PRESIDENTE FIGUEIREDO;F.AGR-III;FISCAL AGROP-III CL; ESTATUTARIO;7067,53;;7067,53;1433,14;5634,39;
HEITOR TEIXEIRA MACHADO;BARREIRINHA;T.AG-III;TEC.EM AGROPECUARIA; ESTATUTARIO;2428,85;;2428,85;235,62;2193,23;
ISAAC FRANKLIN PAZUELLO;GUAJARA;COORDENADOR LOCAL I-AD-2;CORRD LOCAL I AD 2; CARGO COMISSION.S/VINCULO;4209,79;;4209,79;670,28;3539,51;
ITALO CORREA DE LIMA;PRESIDENTE FIGUEIREDO;T.AG-III;TEC.AGROPECUARIA; ESTATUTARIO;2428,85;;2428,85;235,62;2193,23;
IZAQUE OLIVEIRA DA SILVA;ITAPIRANGA;AUX.AGR-III;AUX. AGROPECUARIO; ESTATUTARIO;1721,60;;1721,60;134,38;1587,22;
JAILSON ALVES DE ARAUJO;ITACOATIARA;T.AG-III;TEC.EM AGROPECUARIA; ESTATUTARIO;2428,85;;2428,85;212,17;2216,68;
JAIR JUNIOR PAIVA DE ALMEIDA;CANUTAMA;COORDENADOR LOCAL II-AD-3;; CARGO COMISSION.S/VINCULO;3191,80;;3191,80;422,40;2769,40;
JEICIMARA FERREIRA DOS SANTOS;AUTAZES;T.AG-III;TEC.EM AGROPECUARIA; ESTATUTARIO;2428,85;;2428,85;212,17;2216,68;
JENIFER ORAN LIMA;DEPTO.ADM.FIN.COM.E FOMENTO;COORDENADOR LOCAL II-AD-3;; CARGO COMISSION.S/VINCULO;3191,80;;3191,80;422,40;2769,40;
JESSICA DA SILVA PADINHA;DEPTO.DEFESA AGROP.E FLORESTAL;GERENTE AD-2;; CARGO COMISSION.S/VINCULO;4209,79;;4209,79;670,28;3539,51;
JESSICA LOPES DO LIVRAMENTO;DEPTO.DEFESA AGROP.E FLORESTAL;AUX.AGR-III;AUX. AGROPECUARIO; ESTATUTARIO;1221,60;;1221,60;134,38;1087,22;
JOAO LEONARDO BENTES PEREIRA;DEPTO.ADM.FIN.COM.E FOMENTO;GERENTE AD-2;GERENTE AD 2; CARGO COMISSION.S/VINCULO;4209,79;;4209,79;670,28;3539,51;
JOAO VICENTE OLIVEIRA DE AZEVEDO;IRANDUBA;MEDICO VETERINARIO;; ESTATUTARIO;5993,17;;5993,17;1140,78;4852,39;
JOCILEIA FREITAS E SILVA;IRANDUBA;AUX.AGR-III;; ESTATUTARIO;1721,60;;1721,60;134,38;1587,22;
JOELMA SERRAO DA SILVA;DEPTO.ADM.FIN.COM.E FOMENTO;GERENTE AD-2;; CARGO COMISSION.S/VINCULO;5613,05;;5613,05;1115,35;4497,70;
JONILSON ROLIM MACEDO;MANACAPURU;T.AG-III;TEC.EM AGROPECUARIA; ESTATUTARIO;2428,85;;2428,85;212,17;2216,68;
JOSANE FONTOURA BLOS ZENI;DEPTO.ADM.FIN.COM.E FOMENTO;ASSESSOR I AD-1;; CARGO COMISSION.S/VINCULO;5229,77;;5229,77;986,40;4243,37;
JOSE MIRANDA AZEVEDO;NHAMUNDA;T.AG-III;; ESTATUTARIO;2428,85;;2428,85;235,62;2193,23;
JOSE RAIMUNDO DE SOUZA PINTO;PARINTINS;T.AG-III;TEC.EM AGROP.; ESTATUTARIO;2428,85;;2428,85;235,62;2193,23;
JOSE RAIMUNDO MENDES ALVES;PAUINI;COORDENADOR LOCAL II-AD-3;COORD.LOCAL II; CARGO COMISSION.S/VINCULO;3191,80;;3191,80;422,40;2769,40;
JOSE ROGERIO VASCONCELLOS DE ARAUJO;DEPTO.DEFESA AGROP.E FLORESTAL;MEDICO VETERINARIO;DIRETOR PRESIDENTE; ESTATUTARIO;6924,23;;6924,23;1016,82;5907,41;
JOSUE ROBERTO MONTEIRO DA SILVA;PRESIDENTE FIGUEIREDO;COORDENADOR LOCAL II-AD-3;CORRD LOCAL II AD 3; CARGO COMISSION.S/VINCULO;3191,80;;3191,80;422,40;2769,40;
JULCILEIA ARRUDA DE FARIA;ITACOATIARA;F.AGR-III;FISCAL AGROP-III CL; ESTATUTARIO;7067,53;;7067,53;1433,14;5634,39;
JULIANA PAULA DE SOUZA DO PRADO;DEPTO.ADM.FIN.COM.E FOMENTO;COORDENADOR LOCAL II-AD-3;COORD. LOCAL II AD-3; CARGO COMISSION.S/VINCULO;3191,80;;3191,80;422,40;2769,40;
JULIO AUGUSTO MORAES MARTINS;MANACAPURU;T.AG-III;TEC.AGROPECUARIA; ESTATUTARIO;2428,85;;2428,85;212,17;2216,68;
KARLA ARAUJO PAZ;SAO PAULO DE OLIVENCA;AG.AGRO-III;AGENTE AGROPECUARIO; ESTATUTARIO;2428,85;;2428,85;235,62;2193,23;
KEDMA ROCHA DE MELO;BOCA DO ACRE;T.AG-III;TEC.AGROPECUARIA; ESTATUTARIO;2428,85;;2428,85;235,62;2193,23;
LILIANE GUIMARÃES SILVA;DEPTO.ADM.FIN.COM.E FOMENTO;CHEFE DE DEPARTAMENTO AD-1;; CARGO COMISSION.S/VINCULO;2033,83;;2033,83;;2033,83;
LUCIANA FERREIRA DA SILVA;CODAJAS;T.AG-III;TEC.EM AGROPECUARIA; ESTATUTARIO;2428,85;;2428,85;235,62;2193,23;
LUIZ ALVES DE ARRUDA NETO;RIO PRETO DA EVA;T.AG-III;TEC.EM AGROPECUARIA; ESTATUTARIO;2428,85;;2428,85;212,17;2216,68;
LUIZ ANTONIO DA SILVA;DEPTO.DEFESA AGROP.E FLORESTAL;ENGENHEIRO AGRONOMO;GERENTE AD-2; ESTATUTARIO;10294,00;;10294,00;2642,04;7651,96;
LUIZ CARLOS ALBUQUERQUE FERREIRA;ITACOATIARA;AUX.AGR-III;; ESTATUTARIO;1721,60;;1721,60;134,38;1587,22;
LUIZ CARLOS DE SA MORAIS GONCALVES;DEPTO.ADM.FIN.COM.E FOMENTO;TECNICO EM AGROPECUARIA;COORD.LOCAL II AD3; ESTATUTARIO;4077,90;;4077,90;469,30;3608,60;
LUIZ CARLOS LEMOS DOS SANTOS;IRANDUBA;AUX.AGR-III;; ESTATUTARIO;1721,60;;1721,60;134,38;1587,22;
LUIZ FERNANDO DA SILVA;DEPTO.DEFESA AGROP.E FLORESTAL;ENGENHEIRO AGRONOMO;GERENTE AD-2; ESTATUTARIO;11661,44;;11661,44;3095,86;8565,58;
LUIZ MAGALHAES DE FREITAS;CAREIRO DA VARZEA;AG.AGRO-III;AG.AGROPECUARIO; ESTATUTARIO;2428,85;;2428,85;212,17;2216,68;
MAILTON DA SILVA GUALBERTO;RIO PRETO DA EVA;AUX.AGR-III;AUX. AGROPECUARIO; ESTATUTARIO;1721,60;;1721,60;134,38;1587,22;
MARCELO DANTAS XIMENES;HUMAITA;AUX.AGR-III;; ESTATUTARIO;1721,60;;1721,60;134,38;1587,22;
MARCELO VIEIRA ZEFERINO;BOA VISTA DO RAMOS;T.AG-III;TEC.EM AGRONOMIA; ESTATUTARIO;2428,85;;2428,85;235,62;2193,23;
MARCIA REGINA CANCIO SANTIAGO;PRESIDENTE FIGUEIREDO;AUX.AGR-III;; ESTATUTARIO;1721,60;;1721,60;134,38;1587,22;
MARIA AUXILIADORA DUARTE DAS CHAGAS;ITACOATIARA;COORDENADOR LOCAL II-AD-3;; CARGO COMISSION.S/VINCULO;4255,73;;4255,73;684,21;3571,52;
MARIA DA SILVA MELO;HUMAITA;AUX.AGR-III;AUX.AGROPECUARIO; ESTATUTARIO;1721,60;;1721,60;134,38;1587,22;
MARIA DO SOCORRO DUAILIBE GARCIA;GABINETE;CHEFE DE GABINETE AD-1;CHEFE DE GABINETE; CARGO COMISSION.S/VINCULO;5229,77;;5229,77;986,40;4243,37;
MARIA IVANE BRITO DE SOUZA;MAUES;T.AG-III;; ESTATUTARIO;2428,85;;2428,85;235,62;2193,23;
MARIA LUCINEIDE DE C FIGUEIRA;IRANDUBA;COORDENADOR LOCAL II-AD-3;COORD. LOCAL II AD-3; CARGO COMISSION.S/VINCULO;3191,80;;3191,80;392,90;2798,90;
MATEUS SOARES BARROSO;MANACAPURU;T.AG-III;; ESTATUTARIO;2428,85;;2428,85;212,17;2216,68;
MELQUISEDEQUE MACHADO DA CRUZ;HUMAITA;AUX.AGR-III;AUX.AGROPECUARIO; ESTATUTARIO;1721,60;;1721,60;134,38;1587,22;
MICHAELL DA SILVA SANTOS;PRESIDENTE FIGUEIREDO;F.AGR-III;FISCAL AGROP-III CL; ESTATUTARIO;5300,65;;5300,65;812,22;4488,43;
MICHELE MODESTO MEIRELES;COARI;F.AGR-III;FISC.AGROP.III CL; ESTATUTARIO;4979,17;;4979,17;840,46;4138,71;
ODILUZA MARIA SALDANHA DE OLIVEIRA;PRESIDENTE FIGUEIREDO;F.AGR-III;FISCAL AGROP.III CL; ESTATUTARIO;7481,11;;7481,11;459,71;7021,40;
ORLENCLEISON MARQUES TEMO;HUMAITA;AUX.AGR-III;; ESTATUTARIO;1721,60;;1721,60;134,38;1587,22;
PAMELA MARTINS DA COSTA;APUI;COORDENADOR LOCAL I-AD-2;; CARGO COMISSION.S/VINCULO;4209,79;;4209,79;670,28;3539,51;
PATRICIA MERLINI DE ALMEIDA;LABREA;F.AGR-III;FISCAL AGROP.; ESTATUTARIO;5300,65;;5300,65;897,54;4403,11;
PAULO CESAR GONCALVES DE A FILHO;NHAMUNDA;F.AGR-III;FISCAL AGROP-III CL; ESTATUTARIO;5300,65;;5300,65;897,54;4403,11;
PAULO PEDRO TORRES BARROS FILHO;HUMAITA;T.AG-III;; ESTATUTARIO;2428,85;;2428,85;235,62;2193,23;
PAULO VICTOR ZAU DE OLIVEIRA;DEPTO.DEFESA AGROP.E FLORESTAL;T.AG-III;TEC.AGROPECUARIA; ESTATUTARIO;1928,85;;1928,85;212,17;1716,68;
RAIMUNDO ROBERTO DE MELO CARDOSO;BOCA DO ACRE;TECNICO EM AGROPECUARIA;; ESTATUTARIO;2814,52;;2814,52;253,89;2560,63;
RAMERSON VASCONCELOS FERREIRA;ENVIRA;T.AG-III;TEC.EM AGROPECUARIA; ESTATUTARIO;2428,85;;2428,85;212,17;2216,68;
RAYLEN JORGE SOARES DE SOUZA;IRANDUBA;T.AG-III;; ESTATUTARIO;2428,85;;2428,85;212,17;2216,68;
RICARDO AUGUSTO GONCALVES BORGES;MANICORE;F.AGR-III;FIS.AGROP.III CL; ESTATUTARIO;4979,17;;4979,17;797,80;4181,37;
ROBERIO DANTAS MAGALHAES;CAREIRO CASTANHO;T.AG-III;TEC.EM AGROPECUARIA; ESTATUTARIO;2428,85;;2428,85;212,17;2216,68;
RODRIGO MARQUES DIAS;TABATINGA;COORDENADOR LOCAL I-AD-2;; CARGO COMISSION.S/VINCULO;4209,79;;4209,79;670,28;3539,51;
RONNAN FERREIRA DA COSTA;DEPTO.DEFESA AGROP.E FLORESTAL;AUX.AGR-III;AUX. AGROPECUARIO; ESTATUTARIO;1221,60;;1221,60;134,38;1087,22;
RUTHE RIBEIRO DE OLIVEIRA;MANACAPURU;COORDENADOR LOCAL II-AD-3;; CARGO COMISSION.S/VINCULO;3191,80;;3191,80;422,40;2769,40;
SANDOVAL SALERNO PINHEIRO;DEPTO.DEFESA AGROP.E FLORESTAL;F.AGR-III;CHEFE DE DEPARTAMENT; ESTATUTARIO;6285,90;;6285,90;1140,42;5145,48;
SERGIO ROBERTO ROLIM DA SILVA;ITACOATIARA;T.AG-III;TECNICO EM AGRONOMIA; ESTATUTARIO;2428,85;;2428,85;235,62;2193,23;
SEVERINO DE AZEVEDO NEVES FILHO;DEPTO.DEFESA AGROP.E FLORESTAL;MEDICO VETERINARIO;COORD LOCAL I AD-2; ESTATUTARIO;5837,79;;5837,79;936,34;4901,45;
SHAMILA EVELLEM MAGALHAES DA SILVA;RIO PRETO DA EVA;AG.AGRO-III;AG. AGROPECUARIO; ESTATUTARIO;2428,85;;2428,85;235,62;2193,23;
SIVANDRO CAMPOS DE FREITAS;DEPTO.DEFESA AGROP.E FLORESTAL;TECNICO EM AGROPECUARIA;; ESTATUTARIO;2482,85;;2482,85;273,11;2209,74;
SUELLEM CRYSTINA DE SIQUEIRA PAIVA;DEPTO.DEFESA AGROP.E FLORESTAL;AUX.AGR-III;AUX. AGROPECUARIO; ESTATUTARIO;1221,60;;1221,60;134,38;1087,22;
TANIA MARA SICSU DA CRUZ;DEPTO.ADM.FIN.COM.E FOMENTO;COORDENADOR LOCAL II-AD-3;CORRD.LOCAL II AD-3; CARGO COMISSION.S/VINCULO;3191,80;;3191,80;422,40;2769,40;
THIAGO SANCHES AGUIAR;BOCA DO ACRE;MED.V-III;MEDICO VETERINARIO; ESTATUTARIO;6638,89;;6638,89;1289,62;5349,27;
VALDERLI MESQUITA GOMES;BENJAMIN CONSTANT;T.AG-III;TEC.EM AGROPECUARIA; ESTATUTARIO;2428,85;;2428,85;212,17;2216,68;
VALDINEIA PRADO BATISTA;RIO PRETO DA EVA;T.AG-III;TEC.EM AGROPECUARIA; ESTATUTARIO;2428,85;;2428,85;235,62;2193,23;
VIVIAN SARAIVA BARROSO;GABINETE;COORDENADOR LOCAL II-AD-3;; CARGO COMISSION.S/VINCULO;3191,80;;3191,80;422,40;2769,40;
WAGNER CAMPAGNARO VERNECK;BOCA DO ACRE;F.AGR-III;FISC.AGROP.; ESTATUTARIO;4979,17;;4979,17;797,80;4181,37;
WALACE CIRNE LOPES;MANAQUIRI;T.AG-III;TEC.EM AGROPECUARIA; ESTATUTARIO;2428,85;;2428,85;212,17;2216,68;
WANDERLEIA GONCALVES RIBEIRO;PARINTINS;COORDENADOR LOCAL II-AD-3;; CARGO COMISSION.S/VINCULO;3191,80;;3191,80;422,40;2769,40;
WILLIAM DIAS FEITOSA;PRESIDENTE FIGUEIREDO;T.AG-III;TEC. EM AGROPECUARIA; ESTATUTARIO;2428,85;;2428,85;235,62;2193,23;
ZENILDO DOS SANTOS OLIVEIRA FILHO;DEPTO.DEFESA AGROP.E FLORESTAL;AUX.AGR-III;AUX. AGROPECUARIO; ESTATUTARIO;1221,60;;1221,60;134,38;1087,22;
