NOME;LOTACAO;CARGO;FUNCAO;VINCULO;REMUNERACAO LEGAL TOTAL(R$);DESC.TETO(R$); REMUNERACAO LEGAL DEVIDA(R$);DESCONTOS LEGAIS(R$);LIQUIDO DISPONIVEL(R$);
ABIANCY ROCHA REGO DE OLIVEIRA;CASA CIVIL;A.TEC-I;FG-1 ASSESSORIA; ESTATUTARIO;8972,39;;8972,39;1916,44;7055,95;
ADALBERTO FONSECA DE SOUZA;CASA CIVIL;PROFESSOR C5 ED-LIC-V;ASSESSOR TÉCNICO; ESTATUTARIO;7646,09;;7646,09;1364,59;6281,50;
ADANAIR TEIXEIRA ALVES;CASA CIVIL;ASSESSOR II AD-2;; CARGO COMISSION.S/VINCULO;4209,79;;4209,79;641,84;3567,95;
ADAUCEA VIANA DOS SANTOS;CASA CIVIL;A.TEC-I;; ESTATUTARIO;3892,70;;3892,70;319,80;3572,90;
ADEMILDE DA SILVA FERNANDES;CASA CIVIL;AUX.S.G-I;FG-3 DE ASSESSORIA; ESTATUTARIO;4984,98;;4984,98;232,29;4752,69;
AETE DO SOCORRO MARTINS DE MATOS;CASA CIVIL;AGENTE ADMINISTRATIVO 3A CLASSE;REP.MUNIC.DE JUTAI; ESTATUTARIO;4817,54;;4817,54;563,14;4254,40;
AGENOR LOPES PIMENTA FILHO;CASA CIVIL;AGENTE DE ENDEM.-AEN-P.S.N.A.-A;ASSESSOR I, AD-1; ESTATUTARIO;5636,16;;5636,16;737,47;4898,69;
AGENOR VEIGA NEGRAO;CASA CIVIL;A.TEC-II;; ESTATUTARIO;3860,79;;3860,79;230,37;3630,42;
ALADIO CORREA JUNIOR;CASA CIVIL;CONSULTOR TECNICO LEGISLATIVO IV;CONS TEC LEGISL.IV; CARGO COMISSION.S/VINCULO;5229,77;;5229,77;986,40;4243,37;
ALBERTO JORGE FERNANDES RIBEIRO;CASA CIVIL;ASSISTENTE TECNICO GOVERNAMENTAL;; ESTATUTARIO;3577,54;;3577,54;279,63;3297,91;
ALCENIR DA SILVA LIMA;CASA CIVIL;ASSESSOR I AD-1;; CARGO COMISSION.S/VINCULO;5229,77;;5229,77;986,40;4243,37;
ALCIDES MULLER;CASA CIVIL;ASSISTENTE TECNICO GOVERNAMENTAL;FG-1 ASSESSORIA; ESTATUTARIO;5977,54;;5977,54;673,59;5303,95;
ALCYNEY FERNANDES RODRIGUES;CASA CIVIL;REDATOR GOVERNAMENTAL;FG-3 DE ASSESSORIA; ESTATUTARIO;4843,77;;4843,77;329,83;4513,94;
ALDRIN DE OLIVEIRA BARBOSA;CASA CIVIL;CONSULTOR TECNICO II;; CARGO COMISSION.S/VINCULO;6500,00;;6500,00;1359,26;5140,74;
ALESSANDRA GUEDES MOURA CAVALCANTI;CASA CIVIL;CONSULTOR TECNICO LEGISLATIVO II;; CARGO COMISSION.S/VINCULO;6500,00;;6500,00;1061,57;5438,43;
ALFRANIO JORGE MAMUD PERRONE;CASA CIVIL;ASSESSOR I AD-1;ASSESSOR I AD-1; CARGO COMISSION.S/VINCULO;5229,77;;5229,77;986,40;4243,37;
ALINE LIMA DA CUNHA;CASA CIVIL;ASSESSOR III AD-3;; CARGO COMISSION.S/VINCULO;3191,80;;3191,80;407,12;2784,68;
ALINE PUCAS PINTO;FUNDO DE PROMOCAO SOCIAL-FPS;ASSESSOR II AD-2;; CARGO COMISSION.S/VINCULO;3209,79;;3209,79;410,30;2799,49;
ALMIR NUNES DA COSTA;CASA CIVIL;ASSESSOR II AD-2;ASSESSOR II AD-2; CARGO COMISSION.S/VINCULO;4209,79;;4209,79;670,28;3539,51;
ALTAMIR DA SILVA VIEIRA JUNIOR;CASA CIVIL;CONSULTOR TECNICO LEGISLATIVO II;; CARGO COMISSION.S/VINCULO;6716,67;;6716,67;1418,84;5297,83;
ALYNNE SIQUEIRA MARTINS;CASA CIVIL;DELEGADO DE POLIC. 3A.CL.PC-DEL.III;ASSESSOR I AD1; ESTATUTARIO;5000,00;;5000,00;453,50;4546,50;
AMILTON BEZERRA GADELHA;CASA CIVIL;ASSESSOR TECNICO;; CARGO COMISSION.S/VINCULO;7000,00;;7000,00;1496,76;5503,24;
ANA BEATRIZ LOBO MOUTINHO BREVAL;CASA CIVIL;ESCRIVAO DE POL.3A.CL. PC-ESC-III;SEC.EXECUTIVO; ESTATUTARIO;11700,00;;11700,00;2348,14;9351,86;
ANA CAROLINA DE ALENCAR BALIEIRO;CASA CIVIL;CONSULTOR TECNICO LEGISLATIVO III;CONS.TEC.LEG. III; CARGO COMISSION.S/VINCULO;5500,00;;5500,00;1081,77;4418,23;
ANA CAROLINA FREITAS TOYODA;CASA CIVIL;ASSESSOR II AD-2;; CARGO COMISSION.S/VINCULO;4209,79;;4209,79;670,28;3539,51;
ANA CLAUDIA MELO DOS SANTOS;CASA CIVIL;ASSESSOR TECNICO;ASSESSOR TECNICO; CARGO COMISSION.S/VINCULO;7000,00;;7000,00;1496,76;5503,24;
ANA CRISTINA RODRIGUES DE SOUZA;CASA CIVIL;ASSISTENTE TECNICO GOVERNAMENTAL;FG-1 ASSESSORIA; ESTATUTARIO;5986,28;;5986,28;780,97;5205,31;
ANA GABRIELLA FILIZZOLA S NORONHA;CASA CIVIL;ASSESSOR II AD-2;ASSESSOR II AD-2; CARGO COMISSION.S/VINCULO;4209,79;;4209,79;670,28;3539,51;
ANA KARINE MAIA DE OLIVEIRA ROMAO;CASA CIVIL;ASSESSOR I AD-1;; CARGO COMISSION.S/VINCULO;5229,77;;5229,77;986,40;4243,37;
ANA MARIA DA SILVA ABINADER;CASA CIVIL;ASSESSOR III AD-3;ASSESSOR AD3; CARGO COMISSION.S/VINCULO;3191,80;;3191,80;422,40;2769,40;
ANA MARIA DE LIMA FERRER;CASA CIVIL;CHEFE DE DEPARTAMENTO AD-1;CH.DEP.AD-1; CARGO COMISSION.S/VINCULO;5229,77;;5229,77;986,40;4243,37;
ANA MARIA HOLANDA FARIAS SALES;CASA CIVIL;ASSESSOR I AD-1;ASSESSOR I AD-1; CARGO COMISSION.S/VINCULO;5229,77;;5229,77;986,40;4243,37;
ANA PAULA GOMES ROCHA;CASA CIVIL;ASSESSOR I AD-1;; CARGO COMISSION.S/VINCULO;5229,77;;5229,77;986,40;4243,37;
ANA PAULA MACIEL MORENO;CASA CIVIL;ASSESSOR II AD-2;; CARGO COMISSION.S/VINCULO;4209,79;;4209,79;670,28;3539,51;
ANA REGINA PAZ DE ALMEIDA;CASA CIVIL;CONSULTOR TECNICO II;; CARGO COMISSION.S/VINCULO;6500,00;;6500,00;1359,26;5140,74;
ANDREA FEITOSA GORAYEB;CASA CIVIL;CONSULTOR TEC.LEGISLATIVO IV- AD-1;; CARGO COMISSION.S/VINCULO;5229,77;;5229,77;986,40;4243,37;
ANDREIA ALEXANDRA LAGE RIBEIRO;CASA CIVIL;ASSESSOR I AD-1;; CARGO COMISSION.S/VINCULO;5229,77;;5229,77;986,40;4243,37;
ANDREY KAWAMURA FELIPE;CASA CIVIL;ASSESSOR I AD-1;; CARGO COMISSION.S/VINCULO;5229,77;;5229,77;986,40;4243,37;
ANDREZA RODRIGUES DA SILVA;CASA CIVIL;ASSESSOR I AD-1;; CARGO COMISSION.S/VINCULO;5229,77;;5229,77;986,40;4243,37;
ANGELA MARIA SOUZA DE BARROS;CASA CIVIL;ASSISTENTE TECNICO GOVERNAMENTAL;FG-3 DE ASSESSORIA; ESTATUTARIO;5495,02;;5495,02;594,43;4900,59;
ANGELINO ANGELIM DE ARAUJO;CASA CIVIL;ASSESSOR TECNICO;; CARGO COMISSION.S/VINCULO;7000,00;;7000,00;1444,62;5555,38;
ANNE EZAGUY UCHOA;CASA CIVIL;CONSULTOR TECNICO III;; CARGO COMISSION.S/VINCULO;5500,00;;5500,00;1081,77;4418,23;
ANNE PAIVA DE ALENCAR;FUNDO DE PROMOCAO SOCIAL-FPS;ASSESSOR I AD-1;; CARGO COMISSION.S/VINCULO;5229,77;;5229,77;986,40;4243,37;
ANTONIA GLEILZA BRAGA DOS SANTOS;CASA CIVIL;ASSESSOR TECNICO;ASSESSOR TECNICO; CARGO COMISSION.S/VINCULO;7000,00;;7000,00;1496,76;5503,24;
ANTONIA MARIA MUNIZ DE FIGUEREDO;FUNDO DE PROMOCAO SOCIAL-FPS;ASSESSOR II AD-2;; CARGO COMISSION.S/VINCULO;4209,79;;4209,79;670,28;3539,51;
ANTONIA NIZALIA DA SILVA;CASA CIVIL;ASSESSOR II AD-2;ASSESSOR II AD 2; CARGO COMISSION.S/VINCULO;4209,79;;4209,79;670,28;3539,51;
ANTONIO CARLOS CONCEICAO OLIVEIRA;CASA CIVIL;A.TEC-I;FG-1 CHEFE DE GAB; ESTATUTARIO;6747,53;;6747,53;1005,78;5741,75;
ANTONIO ERIVELTON AQUINO OLIVEIRA;CASA CIVIL;ASSESSOR I AD-1;; CARGO COMISSION.S/VINCULO;5229,77;;5229,77;986,40;4243,37;
ANTONIO FERREIRA FALCAO;CASA CIVIL;MOT-I;; ESTATUTARIO;4114,26;;4114,26;364,22;3750,04;
ANTONIO FRANCISCO DA SILVA;CASA CIVIL;A.TEC-I;SEC.EXEC.ADJUNTO; ESTATUTARIO;13071,83;;13071,83;2261,27;10810,56;
ANTONIO FRANCISCO DA SILVA CASTRO;CASA CIVIL;MOT-I;; ESTATUTARIO;2841,39;;2841,39;219,68;2621,71;
ANTONIO GUIMARAES CABRAL;CASA CIVIL;ASSESSOR II AD-2;ASSESSOR II AD-2; CARGO COMISSION.S/VINCULO;4209,79;;4209,79;670,28;3539,51;
ANTONIO IRAN DE SOUZA LIMA;CASA CIVIL;TECNICO EM AGROPECUARIA;SEC EXTRAORD PROJETO; ESTATUTARIO;11700,00;;11700,00;2455,82;9244,18;
ANTONIO SANTINO DE SOUZA;CASA CIVIL;A.TEC-I;; ESTATUTARIO;6363,50;;6363,50;1079,71;5283,79;
ANTÔNIO CARLOS SANTOS DOS REIS;CASA CIVIL;ASSESSOR I AD-1;; CARGO COMISSION.S/VINCULO;5229,77;;5229,77;986,40;4243,37;
AQUILA SENA COLARES;CASA CIVIL;ASSESSOR TECNICO;; CARGO COMISSION.S/VINCULO;7000,00;;7000,00;1496,76;5503,24;
ARABI AMED EH SILVA;CASA CIVIL;ASSISTENTE SOCIAL;FG-2 ASSESSORIA; ESTATUTARIO;5991,90;;5991,90;998,89;4993,01;
ARIEL AMZALAK EREMITA;CASA CIVIL;ASSESSOR II AD-2;; CARGO COMISSION.S/VINCULO;4209,79;;4209,79;670,28;3539,51;
ARILSON LINDOMAR TEIXEIRA DA SILVA;CASA CIVIL;ASSESSOR I AD-1;; CARGO COMISSION.S/VINCULO;5229,77;;5229,77;986,40;4243,37;
ARLEDNEY CAVALCANTE MENDES;CASA CIVIL;ASSISTENTE TECNICO GOVERNAMENTAL;FG-2 ASSESSORIA; ESTATUTARIO;5495,02;;5495,02;646,57;4848,45;
ARLENE LIMA MATHIAS;CASA CIVIL;A.TEC-I;; ESTATUTARIO;3902,40;;3902,40;322,07;3580,33;
ARNALDINA DO SOCORRO CHAGAS;CASA CIVIL;ASSESSOR I AD-1;; CARGO COMISSION.S/VINCULO;5229,77;;5229,77;986,40;4243,37;
AUGUSTO CESAR TEIXEIRA NASCIMENTO;CASA CIVIL;ASSISTENTE TECNICO GOVERNAMENTAL;FG-1 CHEFE DE SETOR; ESTATUTARIO;5995,02;;5995,02;784,07;5210,95;
AUREA PINTO DA SILVA;CASA CIVIL;CONSULTOR TECNICO I;CONS TEC I; CARGO COMISSION.S/VINCULO;7500,00;;7500,00;1634,26;5865,74;
AUXILIADORA ABRANTES PINTO;CASA CIVIL;SECRETARIO DE ESTADO EXTRAORDINARIO;; CARGO COMISSION.S/VINCULO;13500,00;;13500,00;3284,26;10215,74;
AUXILIADORA BEZERRA FERREIRA;CASA CIVIL;COZINHEIRO GOVERNAMENTAL;; ESTATUTARIO;2888,04;;2888,04;194,23;2693,81;
AUZEMIR FERNANDES DE ARAUJO;CASA CIVIL;ASSESSOR II AD-2;; CARGO COMISSION.S/VINCULO;4209,79;;4209,79;584,96;3624,83;
AYDA MIRTES LUZEIRO LOPES CRUZ;CASA CIVIL;A.TEC-I;FG-2 ASSESSORIA; ESTATUTARIO;6043,86;;6043,86;899,26;5144,60;
AYRTON SENNA PONCE RAPOSO;CASA CIVIL;CONSULTOR TECNICO II;; CARGO COMISSION.S/VINCULO;6500,00;;6500,00;1359,26;5140,74;
BELMIRA DOS SANTOS DE OLIVEIRA;CASA CIVIL;A.TEC-I;FG-1 CHEFE DE SETOR; ESTATUTARIO;10161,41;;10161,41;2170,67;7990,74;
BERNADETH FERREIRA GODINHO;CASA CIVIL;A.TEC-I;FG-1 ASSESSORIA; ESTATUTARIO;6526,87;;6526,87;1083,91;5442,96;
BIANCA ALENCAR FARIAS DE PAULA;CASA CIVIL;CONSULTOR TEC.LEGISLATIVO IV- AD-1;; CARGO COMISSION.S/VINCULO;5229,77;;5229,77;986,40;4243,37;
BRUNO VASCONCELOS COSTA;CASA CIVIL;ASSESSOR II AD-2;; CARGO COMISSION.S/VINCULO;4209,79;;4209,79;670,28;3539,51;
CABRAL JUSCELINO SAMPAIO DE FRANCA;CASA CIVIL;ASSESSOR I AD-1;; CARGO COMISSION.S/VINCULO;5229,77;;5229,77;986,40;4243,37;
CANDIDA FERNANDES DE SOUZA;CASA CIVIL;TNS-III;FG-1 ASSESSORIA; ESTATUTARIO;9093,42;;9093,42;1579,19;7514,23;
CARLA DE SOUZA ALFAIA;FUNDO DE PROMOCAO SOCIAL-FPS;ASSESSOR I AD-1;; CARGO COMISSION.S/VINCULO;5229,77;;5229,77;986,40;4243,37;
CARLOS ALBERTO DE OLIVEIRA NAZARE;CASA CIVIL;ASSISTENTE TECNICO GOVERNAMENTAL;; ESTATUTARIO;3586,28;;3586,28;224,88;3361,40;
CARLOS ALBERTO GONCALVES DE MELO;CASA CIVIL;A.TEC-I;FG-2 GESTOR DE CONT.; ESTATUTARIO;5802,40;;5802,40;548,76;5253,64;
CARLOS ALBERTO LEMOS DE ALMEIDA;CASA CIVIL;ASSESSOR II AD-2;; CARGO COMISSION.S/VINCULO;4209,79;;4209,79;670,28;3539,51;
CARLOS ALBERTO MENDONCA MAGALHAES;CASA CIVIL;ASSESSOR III AD-3;; CARGO COMISSION.S/VINCULO;3191,80;;3191,80;422,40;2769,40;
CARLOS ALESSANDRO DOS SANTOS SOARES;CASA CIVIL;ASSESSOR III AD-3;; CARGO COMISSION.S/VINCULO;4209,79;;4209,79;670,28;3539,51;
CARLOS ANDRE LIUZZI GOMES;CASA CIVIL;CONSULTOR TECNICO III;; CARGO COMISSION.S/VINCULO;5500,00;;5500,00;796,95;4703,05;
CARLOS GERALDO CRUZ DUARTE;CASA CIVIL;ASSESSOR I AD-1;; CARGO COMISSION.S/VINCULO;5229,77;;5229,77;986,40;4243,37;
CARLOS PIRES DE AGUIAR;FUNDO DE PROMOCAO SOCIAL-FPS;ASSESSOR I AD-1;; CARGO COMISSION.S/VINCULO;5229,77;;5229,77;986,40;4243,37;
CAROLINE CARNEIRO RIBEIRO;CASA CIVIL;CONSULTOR TECNICO III;; CARGO COMISSION.S/VINCULO;5500,00;;5500,00;1081,77;4418,23;
CASSANDRA CARLA SILVA CASTRO;CASA CIVIL;ASSESSOR TECNICO;; CARGO COMISSION.S/VINCULO;7000,00;;7000,00;1496,76;5503,24;
CELIA REGINA LOBATO DE CASTRO;CASA CIVIL;ASSESSOR III AD-3;; CARGO COMISSION.S/VINCULO;3191,80;;3191,80;422,40;2769,40;
CELSO CASTANHO DE CAMARGO FILHO;CASA CIVIL;ASSESSOR TECNICO;; CARGO COMISSION.S/VINCULO;7000,00;;7000,00;1496,76;5503,24;
CHARLES VANDERLEI MARINHO ALMEIDA;CASA CIVIL;ASSESSOR III AD-3;; CARGO COMISSION.S/VINCULO;3191,80;;3191,80;422,40;2769,40;
CHRISTIANE TRAVASSOS DOS SANTOS;CASA CIVIL;ASSESSOR TECNICO;ASSESSOR TECNICO; CARGO COMISSION.S/VINCULO;7000,00;;7000,00;1496,76;5503,24;
CID PEREIRA GOMES;CASA CIVIL;ASSESSOR I AD-1;; CARGO COMISSION.S/VINCULO;5229,77;;5229,77;986,40;4243,37;
CLAIR PANTOJA DO NASCIMENTO;FUNDO DE PROMOCAO SOCIAL-FPS;SECRETARIO EXECUTIVO ADJUNTO;; CARGO COMISSION.S/VINCULO;9000,00;;9000,00;2046,76;6953,24;
CLARISSE SILVA COSTA VIANNA PERES;CASA CIVIL;ASSESSOR I AD-1;ASSESSOR I AD-1; CARGO COMISSION.S/VINCULO;5229,77;;5229,77;943,74;4286,03;
CLAUDIA AMED EH SILVA;CASA CIVIL;ASSESSOR I AD-1;ASSESSOR I AD-1; CARGO COMISSION.S/VINCULO;5229,77;;5229,77;943,74;4286,03;
CLAUDINEI DE JESUS BORBA DOS SANTOS;CASA CIVIL;ASSESSOR III AD-3;ASSESSOR III AD-3; CARGO COMISSION.S/VINCULO;3191,80;;3191,80;407,12;2784,68;
CLEBER BERNARDES FERREIRA FILHO;CASA CIVIL;CONSULTOR TECNICO II;; CARGO COMISSION.S/VINCULO;6500,00;;6500,00;1359,26;5140,74;
CLECIO DA CUNHA FREIRE;CASA CIVIL;SECRETARIO DE ESTADO EXTRAORDINARIO;; CARGO COMISSION.S/VINCULO;10800,00;;10800,00;2100,64;8699,36;
CLEONICE LIMA DOS REIS;CASA CIVIL;ASSISTENTE TECNICO GOVERNAMENTAL;; ESTATUTARIO;4985,46;;4985,46;559,53;4425,93;
COSMO VASCONCELOS DE CARVALHO;CASA CIVIL;A.TEC-I;; ESTATUTARIO;3912,11;;3912,11;241,88;3670,23;
CYNTHIA ROCHA MENDONCA;CASA CIVIL;CONSULTOR TECNICO II;; CARGO COMISSION.S/VINCULO;6500,00;;6500,00;1062,63;5437,37;
DAIANE SILVA VASCONCELOS;FUNDO DE PROMOCAO SOCIAL-FPS;ASSESSOR III AD-3;ASSESSOR III AD-3; CARGO COMISSION.S/VINCULO;3191,80;;3191,80;422,40;2769,40;
DALTON DAS NEVES PICANCO;CASA CIVIL;TECNICO GOVERNAMENTAL;TEC IV SUP 3 CLASSE; ESTATUTARIO;3104,64;;3104,64;372,25;2732,39;
DANIEL COSTA DE MELO;CASA CIVIL;ASSESSOR I AD-1;; CARGO COMISSION.S/VINCULO;5229,77;;5229,77;986,40;4243,37;
DANIEL GOMES PINHO;CASA CIVIL;ASSESSOR II AD-2;; CARGO COMISSION.S/VINCULO;4209,79;;4209,79;584,96;3624,83;
DANIEL MOREIRA DA COSTA;CASA CIVIL;ASSESSOR II AD-2;ASSESSOR II AD-2; CARGO COMISSION.S/VINCULO;6548,56;;6548,56;;6548,56;
DANIEL MOREIRA DA COSTA;CASA CIVIL;ASSESSOR I AD-1;; CARGO COMISSION.S/VINCULO;5229,77;;5229,77;986,40;4243,37;
DANIEL SANTIAGO DE SOUZA JUNIOR;FUNDO DE PROMOCAO SOCIAL-FPS;ASSESSOR I AD-1;; CARGO COMISSION.S/VINCULO;5229,77;;5229,77;986,40;4243,37;
DANIELA TOILZA NUNES;CASA CIVIL;ASSESSOR II AD-2;; CARGO COMISSION.S/VINCULO;4209,79;;4209,79;641,84;3567,95;
DANIELLE FARIAS DA CRUZ FERNANDES;CASA CIVIL;ASSESSOR I AD-1;; CARGO COMISSION.S/VINCULO;5229,77;;5229,77;986,40;4243,37;
DANIELLE FERNANDES AMORIM;CASA CIVIL;ASSESSOR I AD-1;; CARGO COMISSION.S/VINCULO;5229,77;;5229,77;986,40;4243,37;
DANILO GONCALVES DE SOUZA JUNIOR;CASA CIVIL;A.TEC-I;FG-3 DE ASSESSORIA; ESTATUTARIO;6110,34;;6110,34;779,74;5330,60;
DAVID ANTONIO ABISAI P ALMEIDA;CASA CIVIL;GOVERNADOR DE ESTADO;; CARGO COMISSION.S/VINCULO;8221,86;;8221,86;1832,77;6389,09;
DAVID MOURAO CORREA;CASA CIVIL;MOT-I;; ESTATUTARIO;2841,39;;2841,39;176,86;2664,53;
DAYLA CERQUEIRA DE SOUZA;CASA CIVIL;ASSESSOR I AD-1;ASSESSOR I AD-1; CARGO COMISSION.S/VINCULO;5229,77;;5229,77;901,09;4328,68;
DAYSE ALENCAR SOUZA;CASA CIVIL;PROFESSOR PF40.LPL-IV;ASSESSOR I AD-1; ESTATUTARIO;8269,49;;8269,49;1665,49;6604,00;
DEBORA GRACY PINHEIRO GOMES;CASA CIVIL;ASSESSOR TECNICO;ASSESSOR TECNICO; CARGO COMISSION.S/VINCULO;7000,00;;7000,00;1496,76;5503,24;
DENIZE SANTOS DE ANDRADE;CASA CIVIL;ASSESSOR I AD-1;; CARGO COMISSION.S/VINCULO;5229,77;;5229,77;986,40;4243,37;
DERMILSON DE SOUZA ARAUJO;CASA CIVIL;A.TEC-II;FG-2 GESTOR DE CONT.; ESTATUTARIO;5525,00;;5525,00;361,78;5163,22;
DHYEIZO MOREIRA DE LEMOS;CASA CIVIL;ASSESSOR I AD-1;; CARGO COMISSION.S/VINCULO;5229,77;;5229,77;986,40;4243,37;
DIEGO BATISTA DE OLIVEIRA;CASA CIVIL;ASSESSOR I AD-1;ASSESSOR I AD-1; CARGO COMISSION.S/VINCULO;5229,77;;5229,77;986,40;4243,37;
DIEGO DA SILVA VASCONCELOS;FUNDO DE PROMOCAO SOCIAL-FPS;ASSESSOR III AD-3;; CARGO COMISSION.S/VINCULO;3191,80;;3191,80;422,40;2769,40;
DIEGO GUEDES TAVEIRA;CASA CIVIL;ASSESSOR II AD-2;; CARGO COMISSION.S/VINCULO;4209,79;;4209,79;670,28;3539,51;
DILENE MARIA DA COSTA GONCALVES;CASA CIVIL;ASSESSOR I AD-1;ASSESSOR I AD 1; CARGO COMISSION.S/VINCULO;5229,77;;5229,77;986,40;4243,37;
DIRLEI CORDEIRO DA SILVA;CASA CIVIL;ASSESSOR II AD-2;ASSESSOR II AD-2; CARGO COMISSION.S/VINCULO;4209,79;;4209,79;670,28;3539,51;
DJALMA MARTINS DA COSTA JUNIOR;CASA CIVIL;CONSULTOR TECNICO II;CONS TEC II; CARGO COMISSION.S/VINCULO;11736,11;;11736,11;;11736,11;
DJAVAN PEREIRA DE MELO;CASA CIVIL;ASSESSOR II AD-2;ASSESSOR II AD-2; CARGO COMISSION.S/VINCULO;4209,79;;4209,79;670,28;3539,51;
DOUGLAS MARTINS BENAION;CASA CIVIL;A.TEC-I;FG-2 ASSESSORIA; ESTATUTARIO;6055,20;;6055,20;747,92;5307,28;
EDBERG MEDEIROS SOARES;CASA CIVIL;ASSESSOR TECNICO;; CARGO COMISSION.S/VINCULO;6000,00;;6000,00;1221,76;4778,24;
EDILEUZA SA DIAS;FUNDO DE PROMOCAO SOCIAL-FPS;ASSESSOR II AD-2;; CARGO COMISSION.S/VINCULO;4209,79;;4209,79;670,28;3539,51;
EDIMIRK DE VASCONCELOS COSTA;CASA CIVIL;ASSESSOR I AD-1;; CARGO COMISSION.S/VINCULO;5229,77;;5229,77;943,74;4286,03;
EDISSANDRA OLIVEIRA GUIMARAES;CASA CIVIL;AGENTE PREVIDENCIARIO;ASSESSOR I AD-1; ESTATUTARIO;5000,00;;5000,00;453,50;4546,50;
EDNA MACHADO MELLO;CASA CIVIL;A.TEC-I;CHEFE DE GABINETE; ESTATUTARIO;9093,20;;9093,20;1958,34;7134,86;
EDSON BRANDAO DO NASCIMENTO;CASA CIVIL;REDATOR GOVERNAMENTAL;FG-1 CHEFE DE SETOR; ESTATUTARIO;6012,51;;6012,51;738,14;5274,37;
EDUARDO DA SILVA NEGRAO;CASA CIVIL;ASSESSOR I AD-1;; CARGO COMISSION.S/VINCULO;5229,77;;5229,77;986,40;4243,37;
EDUARDO GONCALVES DE A JUNIOR;CASA CIVIL;MOT-I;; ESTATUTARIO;2841,39;;2841,39;205,46;2635,93;
EDUARDO PINHEIRO BATISTA;CASA CIVIL;ASSESSOR III AD-3;; CARGO COMISSION.S/VINCULO;4255,73;;4255,73;684,21;3571,52;
EDVAR MARTINS DE MESQUITA;CASA CIVIL;ASSESSOR I AD-1;; CARGO COMISSION.S/VINCULO;5229,77;;5229,77;986,40;4243,37;
ELBER CASTRO DA SILVA;FUNDO DE PROMOCAO SOCIAL-FPS;ASSESSOR II AD-2;; CARGO COMISSION.S/VINCULO;4209,79;;4209,79;670,28;3539,51;
ELENIZE ALCOFORADO GUERRA;CASA CIVIL;ASSESSOR TECNICO;; CARGO COMISSION.S/VINCULO;7000,00;;7000,00;1444,62;5555,38;
ELIANE CORREA GENTIL;CASA CIVIL;MEDICO ESPECIALISTA;SECRET.EXECUTIVA ADM; ESTATUTARIO;9900,00;;9900,00;1853,14;8046,86;
ELIDIANE PAES BONFIM;CASA CIVIL;CONSULTOR TECNICO III;; CARGO COMISSION.S/VINCULO;5500,00;;5500,00;1081,77;4418,23;
ELINELSON FERREIRA COLARES;CASA CIVIL;CONSULTOR TECNICO II;; CARGO COMISSION.S/VINCULO;6500,00;;6500,00;1359,26;5140,74;
ELIZA CATARINA DE MELO BERNARDO;CASA CIVIL;ASSISTENTE TECNICO GOVERNAMENTAL;FG-3 ASSESSORIA; ESTATUTARIO;4835,02;;4835,02;525,68;4309,34;
ELIZABETH AMORIM CARPINTEIRO PERES;CASA CIVIL;CONSULTOR TECNICO III;; CARGO COMISSION.S/VINCULO;5500,00;;5500,00;1081,77;4418,23;
ELIZABETH GOMES SARAIVA;CASA CIVIL;ASSESSOR I AD-1;; CARGO COMISSION.S/VINCULO;5229,77;;5229,77;986,40;4243,37;
ELIZABETH SOARES RAPOSO;CASA CIVIL;A.TEC-I;; ESTATUTARIO;3794,23;;3794,23;312,05;3482,18;
ELIZAMARA MOREIRA DOS S AZEVEDO;CASA CIVIL;ASSESSOR III AD-3;; CARGO COMISSION.S/VINCULO;3191,80;;3191,80;422,40;2769,40;
ELY FELETE BARBOSA DE SOUZA;CASA CIVIL;ASSESSOR II AD-2;; CARGO COMISSION.S/VINCULO;4209,79;;4209,79;670,28;3539,51;
EMANUELLE DE MOURA LIMA;CASA CIVIL;ASSESSOR I AD-1;; CARGO COMISSION.S/VINCULO;5229,77;;5229,77;986,40;4243,37;
EMERSON DA SILVA CASTRO;FUNDO DE PROMOCAO SOCIAL-FPS;SECRETARIO EXECUTIVO ADJUNTO;; CARGO COMISSION.S/VINCULO;12000,00;;12000,00;2871,76;9128,24;
EMERSON LIMA DO CARMO;CASA CIVIL;ASSESSOR II AD-2;ASSESSOR II AD 2; CARGO COMISSION.S/VINCULO;4209,79;;4209,79;670,28;3539,51;
ERIKA FERREIRA RIBEIRO;CASA CIVIL;A.TEC-II;FG-3 ASSESSORIA; ESTATUTARIO;4881,46;;4881,46;544,18;4337,28;
ERLEN CRUZ DO AMARAL;CASA CIVIL;CONSULTOR TECNICO II;CONS.TECNICO; CARGO COMISSION.S/VINCULO;6500,00;;6500,00;1359,26;5140,74;
ESMERALDA SANTOS MOURA;CASA CIVIL;ASSESSOR TECNICO;; CARGO COMISSION.S/VINCULO;7000,00;;7000,00;1496,76;5503,24;
ESTANISLAU GASPAR FERNANDES;CASA CIVIL;A.TEC-I;FG-1 ASSESSORIA; ESTATUTARIO;6644,28;;6644,28;1004,67;5639,61;
ETELVINA DE CASSIA PERES VICTORIA;CASA CIVIL;A.TEC-I;FG-2 DE ASSESSORIA; ESTATUTARIO;5610,34;;5610,34;746,51;4863,83;
EUCELIA FARIAS AFONSO;CASA CIVIL;ASSESSOR I AD-1;; CARGO COMISSION.S/VINCULO;6973,03;;6973,03;1489,34;5483,69;
EVANILDO PINTO ALMEIDA;CASA CIVIL;MOT-I;; ESTATUTARIO;3846,13;;3846,13;373,27;3472,86;
EWERTON RIBEIRO TEIXEIRA;CASA CIVIL;ASSESSOR I AD-1;; CARGO COMISSION.S/VINCULO;5229,77;;5229,77;943,74;4286,03;
FABÍOLA RIBEIRO FERREIRA;CASA CIVIL;CONSULTOR TECNICO II;; CARGO COMISSION.S/VINCULO;5850,00;;5850,00;1180,51;4669,49;
FABÍOLA RIBEIRO FERREIRA;CASA CIVIL;ASSESSOR I AD-1;; CARGO COMISSION.S/VINCULO;3573,68;;3573,68;;3573,68;
FABIANA DE ARAUJO MACIEL;FUNDO DE PROMOCAO SOCIAL-FPS;ASSESSOR II AD-2;; CARGO COMISSION.S/VINCULO;4209,79;;4209,79;613,40;3596,39;
FABIANO CASTANHOLA MARQUES;CASA CIVIL;CONSULTOR TECNICO I;; CARGO COMISSION.S/VINCULO;7500,00;;7500,00;1634,26;5865,74;
FABIANO DOMINGOS FIORI;CASA CIVIL;TNS-I;TEC NIVEL SUPERIOR; ESTATUTARIO;4364,56;;4364,56;623,67;3740,89;
FABIO MURILO DE O S FERNANDES;CASA CIVIL;ASSESSOR II AD-2;ASSESSOR II-AD-2; CARGO COMISSION.S/VINCULO;4209,79;;4209,79;670,28;3539,51;
FABIOLA PINHEIRO VIEIRA BARRETO;FUNDO DE PROMOCAO SOCIAL-FPS;ASSESSOR II AD-2;; CARGO COMISSION.S/VINCULO;4209,79;;4209,79;670,28;3539,51;
FABIOLA RODRIGUES FIGUEIRA;CASA CIVIL;SEC.EST.CHEFE GAB.PESSOAL DO GOV.;; CARGO COMISSION.S/VINCULO;13500,00;;13500,00;3284,26;10215,74;
FABIOLA XAVIER DESTERRO E SILVA;CASA CIVIL;PROFESSOR 40 HORAS C4 ED-LPL-IV;CHEF.ADJ.CONS.T-LEGI; ESTATUTARIO;11233,80;;11233,80;2469,86;8763,94;
FABRICIO ANTONIO VASCONCELOS SANTOS;FUNDO DE PROMOCAO SOCIAL-FPS;ASSESSOR TECNICO;; CARGO COMISSION.S/VINCULO;7000,00;;7000,00;1496,76;5503,24;
FABRIZIA MARGARIDA DE BARROS;CASA CIVIL;ASSISTENTE TECNICO;; ESTATUTARIO;3586,28;;3586,28;281,76;3304,52;
FAUSTO SANTANA SERRAO;CASA CIVIL;ASSESSOR III AD-3;; CARGO COMISSION.S/VINCULO;4255,73;;4255,73;684,21;3571,52;
FELIPE PESSOA DA SILVA;CASA CIVIL;ASSESSOR I AD-1;; CARGO COMISSION.S/VINCULO;5229,77;;5229,77;986,40;4243,37;
FERDINANDO MARCOS DE O SPOSINA;CASA CIVIL;ASSESSOR I AD-1;ASSESSOR I AD-1; CARGO COMISSION.S/VINCULO;5229,77;;5229,77;986,40;4243,37;
FERNANDA AQUINO DE ALMEIDA;CASA CIVIL;ASSESSOR I AD-1;; CARGO COMISSION.S/VINCULO;5229,77;;5229,77;986,40;4243,37;
FERNANDA DO VALLE PESSOA;CASA CIVIL;ASSESSOR II AD-2;; CARGO COMISSION.S/VINCULO;3695,26;;3695,26;;3695,26;
FERNANDA ELIS JANAINA M O GUERRA;CASA CIVIL;ASSESSOR I AD-1;ASSESSOR AD-1; CARGO COMISSION.S/VINCULO;5229,77;;5229,77;943,74;4286,03;
FERNANDA KAISSA DO NASCIMENTO SILVA;CASA CIVIL;CONSULTOR TECNICO II;; CARGO COMISSION.S/VINCULO;6500,00;;6500,00;1359,26;5140,74;
FERNANDA SANTOS SILVA;CASA CIVIL;ASSESSOR II AD-2;ASSESSOR II AD 2; CARGO COMISSION.S/VINCULO;4209,79;;4209,79;670,28;3539,51;
FERNANDO DE ALENCAR TAVARES;CASA CIVIL;ASSESSOR II AD-2;ASSESSOR II AD 2; CARGO COMISSION.S/VINCULO;4209,79;;4209,79;670,28;3539,51;
FERNANDO FIGUEIREDO PRESTES;CASA CIVIL;SECRETARIO DE ESTADO EXTRAORDINARIO;; CARGO COMISSION.S/VINCULO;10800,00;;10800,00;2100,64;8699,36;
FLAVIA SOUZA DOS SANTOS;CASA CIVIL;ASSESSOR I AD-1;ASSESSOR I AD-1; CARGO COMISSION.S/VINCULO;5229,77;;5229,77;986,40;4243,37;
FRANCISCA EVANILDE COSTA DA SILVA;CASA CIVIL;ASSESSOR II AD-2;ASSESSOR II AD-2; CARGO COMISSION.S/VINCULO;4209,79;;4209,79;670,28;3539,51;
FRANCISCA SILVA DA ROCHA;CASA CIVIL;ASSESSOR II AD-2;; CARGO COMISSION.S/VINCULO;4209,79;;4209,79;670,28;3539,51;
FRANCISCO BONETH;CASA CIVIL;MOT-I;; ESTATUTARIO;3018,25;;3018,25;204,51;2813,74;
FRANCISCO CARLOS CRUZ PESSOA DE SIQ;CASA CIVIL;ASSESSOR II AD-2;ASSESSOR II AD 2; CARGO COMISSION.S/VINCULO;4209,79;;4209,79;670,28;3539,51;
FRANCISCO DE ASSIS BULCAO DE SOUZA;CASA CIVIL;ASSESSOR I AD-1;; CARGO COMISSION.S/VINCULO;5229,77;;5229,77;986,40;4243,37;
FRANCISCO EVILAZIO PEREIRA;CASA CIVIL;SECRETARIO EXECUTIVO;SECRETARIO EXECUTIVO; CARGO COMISSION.S/VINCULO;11700,00;;11700,00;2789,26;8910,74;
FRANCISCO PEREIRA GOMES;CASA CIVIL;MOT-I;; ESTATUTARIO;2841,39;;2841,39;176,86;2664,53;
FRANCISCO RICARDO PEREIRA FERNANDES;CASA CIVIL;CHEFE ADJUNTO DA CTL;; CARGO COMISSION.S/VINCULO;8100,00;;8100,00;1799,26;6300,74;
FRANCISCO SOARES DE MOURA;CASA CIVIL;MOT-I;FG-3 DE ASSESSORIA; ESTATUTARIO;5263,95;;5263,95;515,44;4748,51;
FRANCISCO SOUZA DA COSTA;FUNDO DE PROMOCAO SOCIAL-FPS;ASSESSOR III AD-3;; CARGO COMISSION.S/VINCULO;3191,80;;3191,80;422,40;2769,40;
FRANCISCO WELLINGTON ALVES FRANCA;CASA CIVIL;ASSESSOR I AD-1;; CARGO COMISSION.S/VINCULO;5229,77;;5229,77;986,40;4243,37;
FRANCO HIRLEN BALIEIRO NASCIMENTO;CASA CIVIL;ASSESSOR I AD-1;; CARGO COMISSION.S/VINCULO;3573,68;;3573,68;;3573,68;
FRANCO HIRLEN BALIEIRO NASCIMENTO;FUNDO DE PROMOCAO SOCIAL-FPS;ASSESSOR TECNICO;; CARGO COMISSION.S/VINCULO;6300,00;;6300,00;1304,26;4995,74;
GABRIEL DE OLIVEIRA RIBEIRO;CASA CIVIL;ASSESSOR I AD-1;; CARGO COMISSION.S/VINCULO;5229,77;;5229,77;986,40;4243,37;
GABRIELA CORREIA DA SILVA;CASA CIVIL;ASSESSOR III AD-3;ASSESSOR III AD-3; CARGO COMISSION.S/VINCULO;3191,80;;3191,80;422,40;2769,40;
GABRIELA PAULA BANANEIRA BARBOSA;FUNDO DE PROMOCAO SOCIAL-FPS;ASSESSOR TECNICO;; CARGO COMISSION.S/VINCULO;7000,00;;7000,00;1444,62;5555,38;
GABRIELLA GOMES SOARES;CASA CIVIL;ASSESSOR II AD-2;ASSESSOR II AD-2; CARGO COMISSION.S/VINCULO;4209,79;;4209,79;670,28;3539,51;
GEANE NASCIMENTO DA COSTA PINTO;CASA CIVIL;ASSESSOR III AD-3;ASSESSOR III AD 3; CARGO COMISSION.S/VINCULO;4191,80;;4191,80;665,90;3525,90;
GEORGE ATHAUALPA DE QUEIROZ BARBOSA;CASA CIVIL;A.TEC-III;FG-3 ASSESSORIA; ESTATUTARIO;4835,02;;4835,02;440,37;4394,65;
GERALDO ALBANO DE SOUZA;CASA CIVIL;TNS-III;TEC.NIVEL SUPERIOR; ESTATUTARIO;6061,58;;6061,58;923,16;5138,42;
GILBERTO DOS SANTOS CARNEIRO;CASA CIVIL;MOT-I;; ESTATUTARIO;3827,62;;3827,62;201,11;3626,51;
GILDEMAR MARTINS GIRAO;FUNDO DE PROMOCAO SOCIAL-FPS;ASSESSOR TECNICO;; CARGO COMISSION.S/VINCULO;7000,00;;7000,00;1496,76;5503,24;
GILDO DA COSTA;CASA CIVIL;ASSESSOR II AD-2;ASSESSOR II AD-2; CARGO COMISSION.S/VINCULO;4209,79;;4209,79;670,28;3539,51;
GINA MIRIAM DE OLIVEIRA GALL;CASA CIVIL;ASSESSOR I AD-1;; CARGO COMISSION.S/VINCULO;5229,77;;5229,77;986,40;4243,37;
GISELLE CASTANHOLA DE MENEZES;CASA CIVIL;ASSESSOR I AD-1;ASSESSOR I AD-1; CARGO COMISSION.S/VINCULO;5229,77;;5229,77;986,40;4243,37;
GISELLE FALCONE MEDINA P LOPES;CASA CIVIL;CONSULTOR TECNICO II;; CARGO COMISSION.S/VINCULO;6500,00;;6500,00;1359,26;5140,74;
GISLAINE APARECIDA DE ALMEIDA;CASA CIVIL;CONSULTOR TECNICO I;; CARGO COMISSION.S/VINCULO;7500,00;;7500,00;1634,26;5865,74;
GIULIA REGINA MARTINS VIEIRA;CASA CIVIL;ASSESSOR I AD-1;ASSESSOR I AD-1; CARGO COMISSION.S/VINCULO;5229,77;;5229,77;986,40;4243,37;
GLAURACY BENEVIDES CORREA;CASA CIVIL;ASSESSOR II AD-2;ASSESSOR II AD-2; CARGO COMISSION.S/VINCULO;4209,79;;4209,79;670,28;3539,51;
GLEUCIMAR DA SILVA LIMA;CASA CIVIL;ASSESSOR II AD-2;ASSESSOR II AD 2; CARGO COMISSION.S/VINCULO;4209,79;;4209,79;670,28;3539,51;
GLEYDE LIMA DA SILVA;CASA CIVIL;ASSESSOR III AD-3;ASSESSOR III - AD-3; CARGO COMISSION.S/VINCULO;3191,80;;3191,80;407,12;2784,68;
GRACIETE REBOUCAS DE LIMA;CASA CIVIL;A.TEC-I;FG-2 ASSESSORIA; ESTATUTARIO;5802,40;;5802,40;852,86;4949,54;
GUSTAVO VEIGA ADOLFS;CASA CIVIL;CONSULTOR TECNICO II;; CARGO COMISSION.S/VINCULO;6500,00;;6500,00;1359,26;5140,74;
HAMIDA ISSA YACUB;CASA CIVIL;CONSULTOR TECNICO III;CONSULTOR TEC. III; CARGO COMISSION.S/VINCULO;5500,00;;5500,00;1081,77;4418,23;
HERBERT FERREIRA LOPES;UNIDADE GEST.DA CID.UNIVERSIT.;DELEGADO DE POLICIA 5A.CL. PC-DEL-V;SUBCOOR.PLANEJ.UGCU; ESTATUTARIO;9900,00;;9900,00;1853,14;8046,86;
HERBERT PACHECO COIMBRA;CASA CIVIL;CABO;; ESTATUTARIO;5000,00;;5000,00;505,64;4494,36;
HESTON SILVA DE QUEIROZ;CASA CIVIL;A.TEC-II;FG-2 GESTO DE CONT.; ESTATUTARIO;5533,19;;5533,19;715,57;4817,62;
HILTON DE OLIVEIRA LIMA;CASA CIVIL;ASSESSOR TECNICO;; CARGO COMISSION.S/VINCULO;7000,00;;7000,00;1444,62;5555,38;
HUGO CASTANHOLA MARQUES;CASA CIVIL;ASSESSOR TECNICO;; CARGO COMISSION.S/VINCULO;7000,00;;7000,00;1288,21;5711,79;
HUMBERTO DE MELO HORTA;CASA CIVIL;A.TEC-I;ASSESSOR TECNICO; ESTATUTARIO;7275,99;;7275,99;1272,49;6003,50;
ILNAH MARIA LIMA MONTEIRO DE CASTRO;CASA CIVIL;CONSULTOR TECNICO LEGISLATIVO III;; CARGO COMISSION.S/VINCULO;5500,00;;5500,00;1081,77;4418,23;
INDRA MOURA SIQUEIRA;CASA CIVIL;ASSESSOR I AD-1;; CARGO COMISSION.S/VINCULO;5229,77;;5229,77;986,40;4243,37;
INGRID CRISTINA DOS SANTOS MARTH;CASA CIVIL;ASSESSOR TECNICO;; CARGO COMISSION.S/VINCULO;7000,00;;7000,00;1496,76;5503,24;
INGRID QUEIROZ CASSIO;FUNDO DE PROMOCAO SOCIAL-FPS;ASSESSOR I AD-1;; CARGO COMISSION.S/VINCULO;5229,77;;5229,77;986,40;4243,37;
IRINEIDE DA SILVA ARAUJO;CASA CIVIL;A.TEC-I;FG-2 ASSESSORIA; ESTATUTARIO;3710,34;;3710,34;348,50;3361,84;
IRIS JANE BATISTA DE LIMA;CASA CIVIL;ASSESSOR III AD-3;ASSESSOR III AD-3; CARGO COMISSION.S/VINCULO;1893,80;;1893,80;170,44;1723,36;
ISMAEL NEVES DE MACEDO;CASA CIVIL;ASSESSOR I AD-1;; CARGO COMISSION.S/VINCULO;5229,77;;5229,77;986,40;4243,37;
IVA DA COSTA FERREIRA;CASA CIVIL;A.TEC-I;; ESTATUTARIO;4566,73;;4566,73;492,38;4074,35;
IVANA DA COSTA VIEIRA;FUNDO DE PROMOCAO SOCIAL-FPS;ASSESSOR TECNICO;; CARGO COMISSION.S/VINCULO;7000,00;;7000,00;1496,76;5503,24;
IVANETE RAMOS DE PAULA;CASA CIVIL;TNS-II;FG-3 DE ASSESSORIA; ESTATUTARIO;7502,07;;7502,07;1401,81;6100,26;
IZABELA LOPES FURTADO;CASA CIVIL;ASSESSOR I AD-1;; CARGO COMISSION.S/VINCULO;5229,77;;5229,77;986,40;4243,37;
IZOLDA BRANDAO ARMELAU;CASA CIVIL;REDATOR GOVERNAMENTAL;; ESTATUTARIO;3755,18;;3755,18;308,74;3446,44;
JACKSON DA SILVA BRAGA;CASA CIVIL;A.TEC-II;; ESTATUTARIO;3676,05;;3676,05;251,81;3424,24;
JACO VIANA CAVALCANTE;CASA CIVIL;ASSESSOR II AD-2;; CARGO COMISSION.S/VINCULO;4209,79;;4209,79;670,28;3539,51;
JAIME BARBOSA REZENDE;CASA CIVIL;AUX.O-I;FG-2 CHEFE DE SETOR; ESTATUTARIO;6135,28;;6135,28;665,34;5469,94;
JANAINA PITALUGA MORENO;CASA CIVIL;ASSESSOR I AD-1;ASSESSOR I AD 1; CARGO COMISSION.S/VINCULO;5229,77;;5229,77;901,09;4328,68;
JANIO TORRES BARROS;CASA CIVIL;ASSISTENTE TECNICO GOVERNAMENTAL;FG-2 GESTOR DE CONT.; ESTATUTARIO;5503,77;;5503,77;597,54;4906,23;
JAYLENE BRANDAO PAULA;CASA CIVIL;ASSISTENTE TECNICO GOVERNAMENTAL;FG-2 ASSESSORIA; ESTATUTARIO;5495,02;;5495,02;750,84;4744,18;
JEAN CARLOS MARQUES FERRAZ;FUNDO DE PROMOCAO SOCIAL-FPS;ASSESSOR III AD-3;; CARGO COMISSION.S/VINCULO;2195,80;;2195,80;197,62;1998,18;
JEAN LIMA DA SILVA;FUNDO DE PROMOCAO SOCIAL-FPS;SECRETARIO EXECUTIVO ADJUNTO;; CARGO COMISSION.S/VINCULO;9000,00;;9000,00;2046,76;6953,24;
JEBERSON DA SILVA BRAGA;CASA CIVIL;ASSESSOR II AD-2;; CARGO COMISSION.S/VINCULO;4209,79;;4209,79;670,28;3539,51;
JENNIFER LIMA DE ARAUJO PEREIRA;CASA CIVIL;INVEST.DE POL. 4A.CL. PC-INV.IV;ASSESSOR I, AD-1; ESTATUTARIO;5000,00;;5000,00;453,50;4546,50;
JESSICA PIMENTEL GOMES;CASA CIVIL;ASSESSOR TECNICO;; CARGO COMISSION.S/VINCULO;7000,00;;7000,00;1496,76;5503,24;
JOANA VITA MORAES DE SOUZA MORILLAS;CASA CIVIL;TNS-I;FG-1 ASSESSORIA; ESTATUTARIO;14610,24;;14610,24;3591,91;11018,33;
JOAO BOSCO LIMA DO NASCIMENTO;CASA CIVIL;ASSESSOR TECNICO;; CARGO COMISSION.S/VINCULO;7000,00;;7000,00;1444,62;5555,38;
JOAO DANILO PINTO;CASA CIVIL;MOT-I;; ESTATUTARIO;4023,95;;4023,95;314,62;3709,33;
JOAO LUIZ DA SILVA;CASA CIVIL;AUX.S.G-I;; ESTATUTARIO;2994,80;;2994,80;178,07;2816,73;
JOAO LUIZ SOUZA AZEVEDO;CASA CIVIL;SECRETARIO EXECUTIVO ADJUNTO;; CARGO COMISSION.S/VINCULO;9000,00;;9000,00;1942,48;7057,52;
JOAO MATHIAS DE AGUIAR;CASA CIVIL;ASSESSOR III AD-3;ASSESSOR III AD-3; CARGO COMISSION.S/VINCULO;4255,73;;4255,73;684,21;3571,52;
JOAO MENDES DA FONSECA JUNIOR;CASA CIVIL;SECRETARIO EXECUTIVO;; CARGO COMISSION.S/VINCULO;11700,00;;11700,00;2789,26;8910,74;
JOAQUIM MARQUES DOS SANTOS NETO;CASA CIVIL;ASSESSOR I AD-1;; CARGO COMISSION.S/VINCULO;5229,77;;5229,77;986,40;4243,37;
JOCIMAR DUARTE DA ROCHA;CASA CIVIL;A.TEC-I;FG-1 CHEFE DE SETOR; ESTATUTARIO;9627,82;;9627,82;1935,22;7692,60;
JOEBER BELEM TEIXEIRA;CASA CIVIL;ASSESSOR II AD-2;; CARGO COMISSION.S/VINCULO;4209,79;;4209,79;670,28;3539,51;
JOEL JUNIOR BENICIO DE LIMA;CASA CIVIL;ASSESSOR I AD-1;; CARGO COMISSION.S/VINCULO;5229,77;;5229,77;986,40;4243,37;
JORGE DO NASCIMENTO GOMES;CASA CIVIL;A.TEC-I;ASSESSOR I AD-1; ESTATUTARIO;5437,00;;5437,00;697,32;4739,68;
JORGE GUEDES LOBO JUNIOR;CASA CIVIL;ASSESSOR I AD-1;; CARGO COMISSION.S/VINCULO;4706,79;;4706,79;824,15;3882,64;
JORGE HELENO MELO CAVALCANTE;CASA CIVIL;ASSESSOR II AD-2;; CARGO COMISSION.S/VINCULO;4209,79;;4209,79;670,28;3539,51;
JOSE AGAPITO DA SILVEIRA;CASA CIVIL;A.TEC-II;; ESTATUTARIO;3241,37;;3241,37;182,13;3059,24;
JOSE ALBUQUERQUE CAVALCANTI FILHO;CASA CIVIL;ASSESSOR I AD-1;; CARGO COMISSION.S/VINCULO;5229,77;;5229,77;986,40;4243,37;
JOSE ALVES PACIFICO;CASA CIVIL;SECRETARIO DE ESTADO;; CARGO COMISSION.S/VINCULO;13500,00;;13500,00;3284,26;10215,74;
JOSE ANTONIO RODRIGUES NETO;CASA CIVIL;ASSESSOR I AD-1;; CARGO COMISSION.S/VINCULO;5229,77;;5229,77;986,40;4243,37;
JOSE ARNALDO LIMA GRIJO;FUNDO DE PROMOCAO SOCIAL-FPS;SECRETARIO EXECUTIVO;; CARGO COMISSION.S/VINCULO;11700,00;;11700,00;2789,26;8910,74;
JOSE CARLOS FERREIRA DO NASCIMENTO;FUNDO DE PROMOCAO SOCIAL-FPS;ASSESSOR II AD-2;; CARGO COMISSION.S/VINCULO;3209,79;;3209,79;410,30;2799,49;
JOSE CARLOS RABELO;FUNDO DE PROMOCAO SOCIAL-FPS;ASSESSOR I AD-1;; CARGO COMISSION.S/VINCULO;5229,77;;5229,77;986,40;4243,37;
JOSE DANIEL SERRAO DA SILVA;CASA CIVIL;ASSESSOR I AD-1;; CARGO COMISSION.S/VINCULO;5229,77;;5229,77;986,40;4243,37;
JOSE DE AQUINO FREIRE;CASA CIVIL;A.TEC-I;FG-2 DE ASSESSORIA; ESTATUTARIO;8887,58;;8887,58;1870,81;7016,77;
JOSE EVERTON PIRES BINDA;CASA CIVIL;ASSESSOR TECNICO;; CARGO COMISSION.S/VINCULO;7000,00;;7000,00;1444,62;5555,38;
JOSE SALVADOR MOREIRA MARTINS;CASA CIVIL;ASSESSOR I AD-1;; CARGO COMISSION.S/VINCULO;5229,77;;5229,77;986,40;4243,37;
JOSEFA SELANE SABINO DE SOUZA;CASA CIVIL;ASSISTENTE TECNICO GOVERNAMENTAL;FG-3 DE ASSESSORIA; ESTATUTARIO;4835,02;;4835,02;483,03;4351,99;
JOSIANE DE OLIVEIRA PIMENTEL;CASA CIVIL;ASSESSOR I AD-1;ASSESSOR I AD 1; CARGO COMISSION.S/VINCULO;5229,77;;5229,77;986,40;4243,37;
JOSIANY MUNHOZ DE ALMEIDA COSTA;CASA CIVIL;ASSESSOR I AD-1;; CARGO COMISSION.S/VINCULO;5229,77;;5229,77;986,40;4243,37;
JOYCIANE RODRIGUES MENDES;CASA CIVIL;ASSESSOR TECNICO;ASSESSOR TECNICO; CARGO COMISSION.S/VINCULO;7000,00;;7000,00;1496,76;5503,24;
JUCILEI CONCEICAO DOS SANTOS;FUNDO DE PROMOCAO SOCIAL-FPS;ASSESSOR TECNICO;; CARGO COMISSION.S/VINCULO;7000,00;;7000,00;1496,76;5503,24;
JULIANA MAQUINE CRUZ;FUNDO DE PROMOCAO SOCIAL-FPS;ASSESSOR I AD-1;; CARGO COMISSION.S/VINCULO;5229,77;;5229,77;943,74;4286,03;
JULIETA BARROS BRANDAO C PEREIRA;CASA CIVIL;PROFESSOR;CONS.TEC.III; ESTATUTARIO;6634,75;;6634,75;1033,43;5601,32;
JULIETH BRASIL PINHEIRO;CASA CIVIL;ASSESSOR I AD-1;ASSESSOR I AD-1; CARGO COMISSION.S/VINCULO;5229,77;;5229,77;986,40;4243,37;
JULIO CESAR DA SILVA GARCIA;FUNDO DE PROMOCAO SOCIAL-FPS;ASSESSOR TECNICO;ASSESSOR TECNICO; CARGO COMISSION.S/VINCULO;7000,00;;7000,00;1496,76;5503,24;
JURACEMA LIMA DE MEDEIROS;CASA CIVIL;REPRESENTANTE;ASSESSOR I AD-1; ESTATUTARIO;3858,91;;3858,91;376,59;3482,32;
JUSCELINO KUBITSCHEK DE ARAUJO;CASA CIVIL;SECRETARIO DE ESTADO EXTRAORDINARIO;; CARGO COMISSION.S/VINCULO;13500,00;;13500,00;3284,26;10215,74;
JUSCELINO MACHADO MOTA;CASA CIVIL;ASSESSOR II AD-2;; CARGO COMISSION.S/VINCULO;4209,79;;4209,79;670,28;3539,51;
KATIA REGINA BARBOSA DE M CARVALHO;FUNDO DE PROMOCAO SOCIAL-FPS;TEC.DE NIVEL SUPERIOR 2A CLASSE;ASSESSOR I AD-1; ESTATUTARIO;6811,52;;6811,52;1121,51;5690,01;
KATIA REGINA DE OLIVEIRA ALVES;CASA CIVIL;ASSISTENTE TECNICO GOVERNAMENTAL;FG-2 DE ASSESSORIA; ESTATUTARIO;5495,02;;5495,02;750,84;4744,18;
KATYUSKA DE MEDEIROS R S THIAGO;CASA CIVIL;CONSULTOR TECNICO I;; CARGO COMISSION.S/VINCULO;7500,00;;7500,00;1634,26;5865,74;
KEILA REGINA CHAPARRO LOBATO;CASA CIVIL;ASSISTENTE TECNICO GOVERNAMENTAL;FG-2 DE ASSESSORIA; ESTATUTARIO;5495,02;;5495,02;750,84;4744,18;
KEITY ANNY PRADO TAUMATURGO;CASA CIVIL;ASSESSOR II AD-2;; CARGO COMISSION.S/VINCULO;4209,79;;4209,79;670,28;3539,51;
KELEN SILVA DE ABREU SAKAMOTO;FUNDO DE PROMOCAO SOCIAL-FPS;CHEFE DE GABINETE AD-1;; CARGO COMISSION.S/VINCULO;5229,77;;5229,77;986,40;4243,37;
KEYTIANE EVANGELISTA DE ALMEIDA;CASA CIVIL;SECRETARIO EXECUTIVO;; CARGO COMISSION.S/VINCULO;11700,00;;11700,00;2789,26;8910,74;
KLYVER JUNIOR VIEIRA DA SILVA;FUNDO DE PROMOCAO SOCIAL-FPS;ASSESSOR III AD-3;; CARGO COMISSION.S/VINCULO;3191,80;;3191,80;422,40;2769,40;
LAERCIO NOGUEIRA LOBATO;FUNDO DE PROMOCAO SOCIAL-FPS;ASSESSOR II AD-2;; CARGO COMISSION.S/VINCULO;4209,79;;4209,79;670,28;3539,51;
LAFAYETTE CARNEIRO VIEIRA NETO;CASA CIVIL;CONSULTOR TECNICO I;; CARGO COMISSION.S/VINCULO;7500,00;;7500,00;1634,26;5865,74;
LAISE ROCHA DE MELLO;CASA CIVIL;ASSESSOR I AD-1;; CARGO COMISSION.S/VINCULO;5229,77;;5229,77;986,40;4243,37;
LARISSA COSTA DOS ANJOS;CASA CIVIL;ASSESSOR I AD-1;; CARGO COMISSION.S/VINCULO;5229,77;;5229,77;986,40;4243,37;
LARISSA YUKARI MARTINS NAKAGAWA;FUNDO DE PROMOCAO SOCIAL-FPS;ASSESSOR TECNICO;; CARGO COMISSION.S/VINCULO;7000,00;;7000,00;1496,76;5503,24;
LAUDETE LUCIA LAGO OSMARI;CASA CIVIL;ASSESSOR I AD-1;; CARGO COMISSION.S/VINCULO;5229,77;;5229,77;986,40;4243,37;
LAURA ARCE NICOLAU BRAGA;CASA CIVIL;ASSESSOR II AD-2;ASSESSOR II AD-2; CARGO COMISSION.S/VINCULO;4209,79;;4209,79;641,84;3567,95;
LEONARDO BARRETO ROCHA JUNIOR;CASA CIVIL;ASSESSOR TECNICO;; CARGO COMISSION.S/VINCULO;7000,00;;7000,00;1496,76;5503,24;
LEOPOLDO PERES SOBRINHO;CASA CIVIL;ASSESSOR I AD-1;; CARGO COMISSION.S/VINCULO;5229,77;;5229,77;986,40;4243,37;
LEYNA COSTA DE SANTANA;CASA CIVIL;PROFESSOR PF20.LPL-IV;ASSESSOR TECNICO; ESTATUTARIO;8065,59;;8065,59;1461,27;6604,32;
LIVIA MARIA MONTEIRO LINS LIMA;CASA CIVIL;ASSESSOR I AD-1;; CARGO COMISSION.S/VINCULO;5229,77;;5229,77;986,40;4243,37;
LOSLENE CAVALCANTE;CASA CIVIL;ASSESSOR TECNICO;; CARGO COMISSION.S/VINCULO;7000,00;;7000,00;1496,76;5503,24;
LOURENÇO DOS SANTOS P B JUNIOR;CASA CIVIL;CHEFE DA CONSULT.TEC.LEGISLATIVO;; CARGO COMISSION.S/VINCULO;11700,00;;11700,00;2789,26;8910,74;
LUANA DE GOES SOUZA;CASA CIVIL;ASSESSOR III AD-3;; CARGO COMISSION.S/VINCULO;3191,80;;3191,80;422,40;2769,40;
LUANA SAMARA RODRIGUES S BEZERRA;FUNDO DE PROMOCAO SOCIAL-FPS;ASSESSOR TECNICO;; CARGO COMISSION.S/VINCULO;7000,00;;7000,00;1496,76;5503,24;
LUCIA HELENA CASTELO B GONCALVES;CASA CIVIL;ASSESSOR II AD-2;; CARGO COMISSION.S/VINCULO;4198,13;;4198,13;667,44;3530,69;
LUCIANA HOLANDA DE SOUZA;CASA CIVIL;ASSESSOR I AD-1;; CARGO COMISSION.S/VINCULO;5229,77;;5229,77;986,40;4243,37;
LUCIANA PITALUGA MORENO LOPES;CASA CIVIL;ASSESSOR I AD-1;ASSESSOR I AD 1; CARGO COMISSION.S/VINCULO;5229,77;;5229,77;986,40;4243,37;
LUCIANO PEREIRA DE SOUZA;CASA CIVIL;ASSESSOR III AD-3;ASSESSOR III AD-3; CARGO COMISSION.S/VINCULO;3191,80;;3191,80;422,40;2769,40;
LUCIMAR DA COSTA CAVALCANTE;SEGOV;PEDAGOGO PD20.ESP-III;ASSESSOR TECNICO; ESTATUTARIO;6000,00;;6000,00;780,64;5219,36;
LUCKAS ADRIAN PESSOA DE CARVALHO;CASA CIVIL;ASSESSOR I AD-1;; CARGO COMISSION.S/VINCULO;5229,77;;5229,77;986,40;4243,37;
LUIZ CLAUDIO DA SILVEIRA GOMES;CASA CIVIL;SECRETARIO EXECUTIVO ADJUNTO;; CARGO COMISSION.S/VINCULO;9000,00;;9000,00;1942,48;7057,52;
LUIZ EUSTACHIO OLIVEIRA DE AZEVEDO;FUNDO DE PROMOCAO SOCIAL-FPS;SECRETARIO EXECUTIVO;; CARGO COMISSION.S/VINCULO;11700,00;;11700,00;2789,26;8910,74;
LUIZA LIMA MACEDO;CASA CIVIL;A.TEC-I;FG-3 DE ASSESSORIA; ESTATUTARIO;4950,34;;4950,34;568,83;4381,51;
MADERSON DA ROCHA FURTADO;FUNDO DE PROMOCAO SOCIAL-FPS;ASSESSOR TECNICO;; CARGO COMISSION.S/VINCULO;10227,78;;10227,78;;10227,78;
MANOEL MARIA RIBEIRO FERNANDES;CASA CIVIL;ASSESSOR I AD-1;ASSESSOR I AD I; CARGO COMISSION.S/VINCULO;5229,77;;5229,77;986,40;4243,37;
MARA BIANCA ROCHA LINS;CASA CIVIL;ASSESSOR I AD-1;; CARGO COMISSION.S/VINCULO;5229,77;;5229,77;986,40;4243,37;
MARCAM ZIK UCHOA;CASA CIVIL;TNS-III;ASSESSOR I AD1; ESTATUTARIO;6500,21;;6500,21;1217,30;5282,91;
MARCELA DA CUNHA CARVALHO;CASA CIVIL;ASSESSOR I AD-1;; CARGO COMISSION.S/VINCULO;5229,77;;5229,77;986,40;4243,37;
MARCELO ANDRADE DE OLIVEIRA;CASA CIVIL;AGENTE ADM.-AGA-T.S.N.A.-E;ASSESSOR I AD-1; ESTATUTARIO;5701,38;;5701,38;809,84;4891,54;
MARCIA CRISTINA OLIVEIRA DA COSTA;CASA CIVIL;TECNICO GOVERNAMENTAL;; ESTATUTARIO;4091,90;;4091,90;473,77;3618,13;
MARCIA GAMA DA SILVA;CASA CIVIL;PROFESSOR C3 ED-ESP-III;ASS.TECNICO; ESTATUTARIO;7864,98;;7864,98;1442,24;6422,74;
MARCILIO JEFFERSON DA SILVA LIMA;CASA CIVIL;SUBCHEFE DO GAB.PESSOAL DO GOVERN.;; CARGO COMISSION.S/VINCULO;11700,00;;11700,00;2684,98;9015,02;
MARCIO FERREIRA DA ROCHA;CASA CIVIL;ASSESSOR I AD-1;; CARGO COMISSION.S/VINCULO;5229,77;;5229,77;901,09;4328,68;
MARCIO NOEL RODRIGUES DE ARAUJO;CASA CIVIL;ASSESSOR III AD-3;; CARGO COMISSION.S/VINCULO;3191,80;;3191,80;422,40;2769,40;
MARCO AURELIO DE FREITAS GUIMARAES;CASA CIVIL;TECNICO GOVERNAMENTAL;FG-3 ASSESSORIA; ESTATUTARIO;5655,42;;5655,42;907,76;4747,66;
MARCO AURELIO FEIO DE A CERVEIRA;FUNDO DE PROMOCAO SOCIAL-FPS;ASSESSOR II AD-2;; CARGO COMISSION.S/VINCULO;4209,79;;4209,79;670,28;3539,51;
MARCOS CELIO FREIRE DE ARRUDA;CASA CIVIL;ASSESSOR I AD-1;; CARGO COMISSION.S/VINCULO;5229,77;;5229,77;986,40;4243,37;
MARCOS DANIEL DIAS DE ANDRADE;CASA CIVIL;PROFESSOR PF20.ESP-III;ASSESSOR I, AD-1; ESTATUTARIO;7139,15;;7139,15;1264,51;5874,64;
MARCOS GOLBERT XAVIER LIMA;CASA CIVIL;A.TEC-I;ASSESSOR I; ESTATUTARIO;6026,89;;6026,89;864,07;5162,82;
MARCOS PAULO BARBOSA DE OLIVEIRA;CASA CIVIL;ASSESSOR I AD-1;; CARGO COMISSION.S/VINCULO;5229,77;;5229,77;986,40;4243,37;
MARCOS VINICIUS BRAZAO DE SOUZA;CASA CIVIL;ASSESSOR TECNICO;; CARGO COMISSION.S/VINCULO;7000,00;;7000,00;1496,76;5503,24;
MARCOS VINICIUS M L ALBUQUERQUE;CASA CIVIL;ASSESSOR I AD-1;ASSESSOR I AD-1; CARGO COMISSION.S/VINCULO;5229,77;;5229,77;986,40;4243,37;
MARCUS ANTONIO DA ROCHA;CASA CIVIL;ASSESSOR I AD-1;; CARGO COMISSION.S/VINCULO;6973,03;;6973,03;1489,34;5483,69;
MARDOQUEU ALBUQUERQUE DOS SANTOS;CASA CIVIL;ASSESSOR III AD-3;; CARGO COMISSION.S/VINCULO;3191,80;;3191,80;422,40;2769,40;
MARIA AMAVIA DE SOUZA CAMPOS;CASA CIVIL;ASSESSOR I AD-1;; CARGO COMISSION.S/VINCULO;5229,77;;5229,77;986,40;4243,37;
MARIA CAROLINE DO CARMO C MARCONDES;CASA CIVIL;A.TEC-III;CONSULTOR TÉC. II; ESTATUTARIO;6771,54;;6771,54;1100,49;5671,05;
MARIA CHRISTINA DOS SANTOS CRUZ;CASA CIVIL;CONSULTOR TECNICO I;; CARGO COMISSION.S/VINCULO;7000,00;;7000,00;1055,64;5944,36;
MARIA DA CONCEICAO COSTA PIRES;CASA CIVIL;A.TEC-I;ASSESSOR I AD-1; ESTATUTARIO;9543,59;;9543,59;2025,08;7518,51;
MARIA DAS GRACAS ALVES BORGES;CASA CIVIL;ASSESSOR TECNICO;ASSESSOR TECNICO; CARGO COMISSION.S/VINCULO;7000,00;;7000,00;1496,76;5503,24;
MARIA DAS GRACAS BENAYON DA SILVA;CASA CIVIL;A.SOC-I;FG-2 DE ASSESSORIA; ESTATUTARIO;8664,60;;8664,60;1562,14;7102,46;
MARIA DAS GRACAS FERNANDES DA ROCHA;FUNDO DE PROMOCAO SOCIAL-FPS;ASSESSOR II AD-2;; CARGO COMISSION.S/VINCULO;4209,79;;4209,79;670,28;3539,51;
MARIA DAS GRACAS SOARES BORGES;CASA CIVIL;ASSISTENTE TECNICO 3A CLASSE;FG-2 GESTOR DE CONT.; ESTATUTARIO;6159,86;;6159,86;866,36;5293,50;
MARIA DE FATIMA BARREIRA C BRANCO;CASA CIVIL;PROFESSOR PF20.LPL-IV;ASSESSOR TECNICO; ESTATUTARIO;7855,00;;7855,00;1438,70;6416,30;
MARIA DE FATIMA COMAPE FERNANDES;CASA CIVIL;A.TEC-I;FG-3 DE ASSESSORIA; ESTATUTARIO;4348,29;;4348,29;358,69;3989,60;
MARIA DE FATIMA CORREA REIS;CASA CIVIL;ASSESSOR I AD-1;; CARGO COMISSION.S/VINCULO;5229,77;;5229,77;986,40;4243,37;
MARIA DE JESUS MOTA RAPOSO BORGHI;CASA CIVIL;ASSESSOR I AD-1;; CARGO COMISSION.S/VINCULO;5229,77;;5229,77;568,83;4660,94;
MARIA DE JESUS PERES CABRAL;CASA CIVIL;ASSESSOR III AD-3;ASSESSOR III AD-3; CARGO COMISSION.S/VINCULO;4191,80;;4191,80;665,90;3525,90;
MARIA DE NAZARE FERREIRA DO NASCIME;CASA CIVIL;ASSESSOR TECNICO;; CARGO COMISSION.S/VINCULO;7000,00;;7000,00;1496,76;5503,24;
MARIA DO CARMO CRISTO S M FERNANDES;CASA CIVIL;CONSULTOR ESPECIAL;; ESTATUTARIO;38795,51;;38795,51;12119,86;26675,65;
MARIA DO PERPETUO SOCORRO B SOARES;CASA CIVIL;ASSISTENTE TECNICO GOVERNAMENTAL;FG-1 ASSESSORIA; ESTATUTARIO;6003,77;;6003,77;787,17;5216,60;
MARIA DO SOCORRO CORDEIRO SIQUEIRA;CASA CIVIL;SECRETARIO DE ESTADO EXTRAORDINARIO;; CARGO COMISSION.S/VINCULO;10800,00;;10800,00;2541,76;8258,24;
MARIA DO SOCORRO CRUZ DE A MEDEIROS;CASA CIVIL;TNS-II;FG-2 ASSESSORIA; ESTATUTARIO;8290,89;;8290,89;1868,77;6422,12;
MARIA DO SOCORRO FERREIRA CALDERARO;CASA CIVIL;ASSISTENTE TECNICO GOVERNAMENTAL;FG-2 DE ASSESSORIA; ESTATUTARIO;5495,02;;5495,02;750,84;4744,18;
MARIA EMILIA PESSOA DOS SANTOS;CASA CIVIL;ASSISTENTE TECNICO;FG-1 ASSESSORIA; ESTATUTARIO;6572,30;;6572,30;906,42;5665,88;
MARIA FREIRE DE SOUZA;CASA CIVIL;ASSESSOR TECNICO;; CARGO COMISSION.S/VINCULO;7000,00;;7000,00;1496,76;5503,24;
MARIA GILMA MONTEIRO DAS CHAGAS;CASA CIVIL;TNS-II;FG-1 CHEFE DE SETOR; ESTATUTARIO;6504,58;;6504,58;815,13;5689,45;
MARIA INES MOREIRA DE AZEVEDO;FUNDO DE PROMOCAO SOCIAL-FPS;ASSESSOR I AD-1;; CARGO COMISSION.S/VINCULO;5229,77;;5229,77;986,40;4243,37;
MARIA IONE DA SILVA JEFFRES;CASA CIVIL;ASSESSOR TECNICO;; CARGO COMISSION.S/VINCULO;7000,00;;7000,00;1496,76;5503,24;
MARIA JOSE FREITAS CARLOS;CASA CIVIL;C.TEC.L-U;FG-3 ASSESSORIA; ESTATUTARIO;25890,01;;25890,01;8110,51;17779,50;
MARIA LENISE MAFRA NEGREIROS;CASA CIVIL;PEDAGOGO PD20.LPL-IV;SEC.EXEC.ADJUNTA; ESTATUTARIO;9977,81;;9977,81;2024,29;7953,52;
MARIA LUCIA DE AZEVEDO SOUZA;CASA CIVIL;ASSESSOR II AD-2;; CARGO COMISSION.S/VINCULO;4209,79;;4209,79;670,28;3539,51;
MARIA LUIZA DE ALMEIDA SAN MARTIN;CASA CIVIL;A.TEC-I;; ESTATUTARIO;3710,34;;3710,34;263,18;3447,16;
MARIA NAZARE DE AGUILA;CASA CIVIL;A.TEC-I;CHEFE DO CERIMONIAL; ESTATUTARIO;12914,56;;12914,56;2871,33;10043,23;
MARIA SANTOS DA SILVA;CASA CIVIL;ASSISTENTE TECNICO GOVERNAMENTAL;; ESTATUTARIO;3586,28;;3586,28;207,56;3378,72;
MARIA SOCORRO DE SOUZA;CASA CIVIL;ASSISTENTE TECNICO GOVERNAMENTAL;; ESTATUTARIO;3586,28;;3586,28;310,20;3276,08;
MARIA TEREZINHA RIBEIRO COUTINHO;FUNDO DE PROMOCAO SOCIAL-FPS;ASSESSOR III AD-3;; CARGO COMISSION.S/VINCULO;3191,80;;3191,80;422,40;2769,40;
MARIANA DA ROCHA NORMANDO;CASA CIVIL;AFP-U;FG-1 DE CHEFE DA DA; ESTATUTARIO;17558,79;;17558,79;4918,93;12639,86;
MARIETHEL RODRIGUES VALERIO SILVA;CASA CIVIL;PROFESSOR;ASSESSOR I AD1; ESTATUTARIO;4000,00;;4000,00;263,87;3736,13;
MARILIA EULANE LITAIFF PRAIA;CASA CIVIL;CHEFE DE DEPARTAMENTO AD-1;CH.DEPARTAMENTO; CARGO COMISSION.S/VINCULO;5229,77;;5229,77;986,40;4243,37;
MARINETE DE CASTRO PERDIGAO;CASA CIVIL;A.TEC-I;ASSESSOR I AD-1; ESTATUTARIO;6019,89;;6019,89;920,49;5099,40;
MARINILDES DA SILVEIRA FORTES;CASA CIVIL;A.TEC-I;FG-1 ASSESSORIA; ESTATUTARIO;8509,91;;8509,91;1756,03;6753,88;
MARIO ADOLFO ARYCE DE CASTRO;CASA CIVIL;TECNICO;; ESTATUTARIO;4109,38;;4109,38;493,30;3616,08;
MARIO CABRAL DE HOLANDA;CASA CIVIL;MOT-I;; ESTATUTARIO;4124,30;;4124,30;338,13;3786,17;
MARIO CESAR DOS SANTOS B FILHO;CASA CIVIL;ASSESSOR I AD-1;; CARGO COMISSION.S/VINCULO;5229,77;;5229,77;986,40;4243,37;
MARLICE OLIVEIRA MAR;CASA CIVIL;ASSESSOR I AD-1;ASSESSOR I AD 1; CARGO COMISSION.S/VINCULO;5229,77;;5229,77;986,40;4243,37;
MARLUCIA MOREIRA DE AZEVEDO;CASA CIVIL;A.TEC-I;; ESTATUTARIO;5096,96;;5096,96;483,43;4613,53;
MARLUCIA MOURA BATISTA;CASA CIVIL;ASSISTENTE TECNICO GOVERNAMENTAL;FG-1 ASSESSORIA; ESTATUTARIO;5986,28;;5986,28;885,24;5101,04;
MARTA ALENCAR ALVES DE SOUZA;CASA CIVIL;ASSESSOR I AD-1;; CARGO COMISSION.S/VINCULO;5229,77;;5229,77;986,40;4243,37;
MARTHA HELENA JAHN VITAL DE MENEZES;CASA CIVIL;ASSESSOR TECNICO;; CARGO COMISSION.S/VINCULO;9333,33;;9333,33;2138,42;7194,91;
MARY IVAN CAVALCANTE DE OLIVEIRA;CASA CIVIL;ASSESSOR TECNICO;; CARGO COMISSION.S/VINCULO;7000,00;;7000,00;1496,76;5503,24;
MAURICIO DA GAMA MONTEIRO;CASA CIVIL;CONSULTOR TECNICO I;CONS.TECNICO I; CARGO COMISSION.S/VINCULO;7500,00;;7500,00;1634,26;5865,74;
MAYARA TAVARES MARQUES;CASA CIVIL;ASSESSOR III AD-3;ASSESSOR III AD-3; CARGO COMISSION.S/VINCULO;4191,80;;4191,80;665,90;3525,90;
MAZONILA MONTEIRO TORRES;CASA CIVIL;ASSESSOR II AD-2;; CARGO COMISSION.S/VINCULO;4209,79;;4209,79;670,28;3539,51;
MICHEL PATRICK RABELO VALENTE;FUNDO DE PROMOCAO SOCIAL-FPS;ASSESSOR II AD-2;; CARGO COMISSION.S/VINCULO;4209,79;;4209,79;670,28;3539,51;
MIKE SORAYA CORREA TSUTSUI PEIXOTO;CASA CIVIL;CONSULTOR TECNICO LEGISLATIVO III;; CARGO COMISSION.S/VINCULO;5500,00;;5500,00;1081,77;4418,23;
MONICA ARAUJO RISUENHO;CASA CIVIL;ASSESSOR I AD-1;ASSESSOR I AD-1; CARGO COMISSION.S/VINCULO;5229,77;;5229,77;943,74;4286,03;
MONICA CAMARA DE ALENCAR BRASIL;CASA CIVIL;CONSULTOR TECNICO III;; CARGO COMISSION.S/VINCULO;5500,00;;5500,00;1081,77;4418,23;
MURILO CAVALCANTI CAMPOS;CASA CIVIL;A.TEC-I;FG-2 DE ASSESSORIA; ESTATUTARIO;5802,40;;5802,40;644,31;5158,09;
NADIA MARIA GAMA PEREIRA;CASA CIVIL;A.TEC-II;CHEF.ADJ.CONS.T-LEGI; ESTATUTARIO;3641,46;;3641,46;328,12;3313,34;
NATAL SOARES LEANDRO DA SILVA;FUNDO DE PROMOCAO SOCIAL-FPS;ASSESSOR I AD-1;; CARGO COMISSION.S/VINCULO;5229,77;;5229,77;868,73;4361,04;
NAZARE DO SOCORRO PINTO DE ALMEIDA;CASA CIVIL;A.TEC-I;FG-2 DE ASSESSORIA; ESTATUTARIO;5566,78;;5566,78;677,36;4889,42;
NELMA KELLY MEDEIROS DE ALCANTARA;CASA CIVIL;ASSESSOR TECNICO;; CARGO COMISSION.S/VINCULO;7000,00;;7000,00;1496,76;5503,24;
NILCILENE DE LIMA TAVARES;CASA CIVIL;ASSESSOR III AD-3;; CARGO COMISSION.S/VINCULO;3191,80;;3191,80;422,40;2769,40;
NILDSON DA SILVA RODRIGUES;CASA CIVIL;ASSESSOR TECNICO;; CARGO COMISSION.S/VINCULO;7000,00;;7000,00;1496,76;5503,24;
NIRVANA DE JESUS PRADO DE N COMB;CASA CIVIL;CONSULTOR TECNICO I;CONS TEC I; CARGO COMISSION.S/VINCULO;7500,00;;7500,00;1634,26;5865,74;
NISSIM FIGUEIRA BENOLIEL;CASA CIVIL;A.TEC-II;; ESTATUTARIO;3616,90;;3616,90;291,98;3324,92;
NIVEA FRANCA HIPY;CASA CIVIL;MERENDEIRO PNF.MNF-III;MERENDEIRA; ESTATUTARIO;3867,34;;3867,34;307,96;3559,38;
NIXON ALVES DE MELO;FUNDO DE PROMOCAO SOCIAL-FPS;ASSESSOR II AD-2;; CARGO COMISSION.S/VINCULO;4209,79;;4209,79;584,96;3624,83;
NUBIA MARIA DE MENEZES LEAO;CASA CIVIL;ASSESSOR I AD-1;; CARGO COMISSION.S/VINCULO;5229,77;;5229,77;986,40;4243,37;
OMAR CHAMMA DAS NEVES JUNIOR;CASA CIVIL;ASSESSOR I AD-1;ASSESSOR I AD 1; CARGO COMISSION.S/VINCULO;5229,77;;5229,77;940,20;4289,57;
OSMAN RIBEIRO DE ARAUJO FILHO;CASA CIVIL;A.TEC-I;FG-3 DE ASSESSORIA; ESTATUTARIO;4950,34;;4950,34;483,52;4466,82;
PABLO MICHELL SOUZA GUIMARAES;CASA CIVIL;ASSESSOR III AD-3;; CARGO COMISSION.S/VINCULO;3191,80;;3191,80;422,40;2769,40;
PATRICIA ARACELI CHAVES DA SILVA;CASA CIVIL;ASSESSOR II AD-2;; CARGO COMISSION.S/VINCULO;4209,79;;4209,79;670,28;3539,51;
PATRICIA DA SILVA GUERRERO;CASA CIVIL;CONSULTOR TECNICO III;; CARGO COMISSION.S/VINCULO;5500,00;;5500,00;1081,77;4418,23;
PATRICIA GOMES BARTOLOTTI CHAVES;CASA CIVIL;JORNALISTA;; ESTATUTARIO;4513,23;;4513,23;534,76;3978,47;
PAULO DA SILVA SANTOS;CASA CIVIL;ASSESSOR I AD-1;; CARGO COMISSION.S/VINCULO;5229,77;;5229,77;986,40;4243,37;
PAULO JOSE ISRAEL JUNIOR;CASA CIVIL;ASSESSOR I AD-1;; CARGO COMISSION.S/VINCULO;5229,77;;5229,77;986,40;4243,37;
PAULO MAURICIO DA SILVA DIAS;CASA CIVIL;ASSESSOR II AD-2;ASSESSOR II AD-2; CARGO COMISSION.S/VINCULO;4209,79;;4209,79;641,84;3567,95;
PAULO ROBERTO DE MOURA BRANDAO;CASA CIVIL;ASSESSOR III AD-3;ASSESSOR III AD-3; CARGO COMISSION.S/VINCULO;4191,80;;4191,80;586,56;3605,24;
PAULO SANTANGELO NETO;FUNDO DE PROMOCAO SOCIAL-FPS;ASSESSOR TECNICO;ASSESSOR TECNICO; CARGO COMISSION.S/VINCULO;7000,00;;7000,00;1496,76;5503,24;
PAULO SERGIO PAES LESSA;CASA CIVIL;A.TEC-I;FG-1 DE ASSESSORIA; ESTATUTARIO;7642,28;;7642,28;1350,82;6291,46;
RAIMUNDO JOSE BRANDAO DO NASCIMENTO;CASA CIVIL;ASSISTENTE TECNICO GOVERNAMENTAL;FG-1 CHEFE S PESSOAL; ESTATUTARIO;5986,28;;5986,28;833,10;5153,18;
RAIMUNDO JOSE GADELHA DE ASSIS;CASA CIVIL;A.TEC-III;ASSESSOR I AD-1; ESTATUTARIO;5921,83;;5921,83;832,66;5089,17;
RAIMUNDO MODESTO NORONHA;CASA CIVIL;MECANICO;; ESTATUTARIO;3461,81;;3461,81;184,17;3277,64;
RAIMUNDO NONATO DA SILVA;CASA CIVIL;MOT-I;; ESTATUTARIO;4014,25;;4014,25;255,48;3758,77;
RAISSA BARROS DE JESUS;CASA CIVIL;ASSESSOR I AD-1;; CARGO COMISSION.S/VINCULO;5229,77;;5229,77;986,40;4243,37;
RALIME GRECIA DA SILVA;CASA CIVIL;A.TEC-I;FG-3 DE ASSESSORIA; ESTATUTARIO;4974,45;;4974,45;533,66;4440,79;
RAYARA AYANE SILVA DOS SANTOS;CASA CIVIL;ASSESSOR II AD-2;; CARGO COMISSION.S/VINCULO;4209,79;;4209,79;670,28;3539,51;
REGINA COELI BARRETO LIMA EH SILVA;CASA CIVIL;A.TEC-I;FG-1 CHEFE DE SETOR; ESTATUTARIO;6987,40;;6987,40;1123,68;5863,72;
REGINA COELI BRITO DOS SANTOS;CASA CIVIL;A.TEC-I;FG-1 ASSESSORIA; ESTATUTARIO;9619,24;;9619,24;2140,79;7478,45;
REINALDO SILVA DE QUEIROZ;CASA CIVIL;AUX.S.G-III;FG-3 DE ASSESSORIA; ESTATUTARIO;4708,36;;4708,36;522,90;4185,46;
RENATA KELLEN ELIZIARIO SILVA;FUNDO DE PROMOCAO SOCIAL-FPS;ASSESSOR TECNICO;; CARGO COMISSION.S/VINCULO;7000,00;;7000,00;1496,76;5503,24;
RENATA KELLY SALGADO DA C MEDEIROS;CASA CIVIL;CONSULTOR TEC.LEGISLATIVO IV- AD-1;; CARGO COMISSION.S/VINCULO;5229,77;;5229,77;986,40;4243,37;
RENATA SILVA FARIAS NOBRE;CASA CIVIL;ASSESSOR I AD-1;; CARGO COMISSION.S/VINCULO;5229,77;;5229,77;986,40;4243,37;
RENATO MALHEIROS MACIEL;CASA CIVIL;ASSESSOR II AD-2;; CARGO COMISSION.S/VINCULO;4209,79;;4209,79;670,28;3539,51;
RICARDINA MARIA MENEZES DOS SANTOS;CASA CIVIL;TNS-I;TEC DE NIV SUPERIOR; ESTATUTARIO;5478,46;;5478,46;1070,69;4407,77;
RITA DE CASSIA DOS SANTOS GONCALVES;CASA CIVIL;ASSISTENTE TECNICO ADMINISTRATIVO B;; ESTATUTARIO;2806,00;;2806,00;67,65;2738,35;
RITA DE CASSIA GASPAR DE M ARRUDA;FUNDO DE PROMOCAO SOCIAL-FPS;ASSESSOR TECNICO;; CARGO COMISSION.S/VINCULO;7000,00;;7000,00;1496,76;5503,24;
ROBERTO ALENCAR DOS SANTOS;CASA CIVIL;AUX.S.G-I;; ESTATUTARIO;5644,98;;5644,98;537,09;5107,89;
ROBERTO SA DOS SANTOS;CASA CIVIL;CONSULTOR TECNICO II;; CARGO COMISSION.S/VINCULO;6500,00;;6500,00;1359,26;5140,74;
ROBERVAL PINHEIRO CAVALCANTE;CASA CIVIL;ASSESSOR TECNICO;ASSESSOR TECNICO; CARGO COMISSION.S/VINCULO;7000,00;;7000,00;1444,62;5555,38;
ROBSON DE FREITAS PEREIRA;CASA CIVIL;ASSESSOR I AD-1;; CARGO COMISSION.S/VINCULO;5229,77;;5229,77;986,40;4243,37;
RODRIGO GIRÃO DOS SANTOS;CASA CIVIL;ASSESSOR I AD-1;; CARGO COMISSION.S/VINCULO;5229,77;;5229,77;986,40;4243,37;
ROGERIO DE ARAUJO BARBOZA;CASA CIVIL;CHEFE ADJUNTO DA CTL;; CARGO COMISSION.S/VINCULO;9000,00;;9000,00;2046,76;6953,24;
ROGERIO MACHADO BATISTA;CASA CIVIL;ASSESSOR TECNICO;; CARGO COMISSION.S/VINCULO;7000,00;;7000,00;1496,76;5503,24;
RONALDO AMARAL NEMER;CASA CIVIL;ASSESSOR TECNICO;ASSESSOR TECNICO; CARGO COMISSION.S/VINCULO;7000,00;;7000,00;1496,76;5503,24;
ROSA MARIA SIMOES ALVES DA SILVA;CASA CIVIL;C.TEC.L-U;; ESTATUTARIO;32348,62;;32348,62;10246,38;22102,24;
ROSE LENE SERPA DOS SANTOS;CASA CIVIL;ASSESSOR II AD-2;; CARGO COMISSION.S/VINCULO;4209,79;;4209,79;670,28;3539,51;
ROSENALDO ROCHA;CASA CIVIL;A.TEC-I;FG-2 ASSESSORIA; ESTATUTARIO;5619,09;;5619,09;697,48;4921,61;
RUBEM CELANDRO DE SOUZA GUIMARAES;CASA CIVIL;A.TEC-I;FG-1 ASSESSORIA; ESTATUTARIO;6302,40;;6302,40;886,09;5416,31;
RUBENILZA GUERRA DE SOUZA;CASA CIVIL;ASSESSOR I AD-1;; CARGO COMISSION.S/VINCULO;5229,77;;5229,77;986,40;4243,37;
RUBENS PEDRO TIRADENTES;CASA CIVIL;ASSESSOR I AD-1;ASSESSOR I AD-1; CARGO COMISSION.S/VINCULO;6973,03;;6973,03;1489,34;5483,69;
RUCEAN VIEIRA DA SILVA;FUNDO DE PROMOCAO SOCIAL-FPS;ASSESSOR III AD-3;; CARGO COMISSION.S/VINCULO;3191,80;;3191,80;422,40;2769,40;
SABRINA FREIRE DA COSTA;CASA CIVIL;ASSESSOR I AD-1;; CARGO COMISSION.S/VINCULO;5229,77;;5229,77;986,40;4243,37;
SALUA PAVAO DA SILVA;CASA CIVIL;CONSULTOR TECNICO I;CONSULTOR TECNICO I; CARGO COMISSION.S/VINCULO;7500,00;;7500,00;1634,26;5865,74;
SAMARA DE SOUZA BRAGA;CASA CIVIL;ASSESSOR TECNICO;; CARGO COMISSION.S/VINCULO;7000,00;;7000,00;1496,76;5503,24;
SEBASTIAO DE LIMA TAVEIRA;CASA CIVIL;ASSESSOR I AD-1;; CARGO COMISSION.S/VINCULO;5229,77;;5229,77;986,40;4243,37;
SEBASTIAO LUIZ DE LIMA;CASA CIVIL;A.TEC-I;FG-1 CHEFE DE SETOR; ESTATUTARIO;9627,81;;9627,81;1987,36;7640,45;
SERGIO ALEXANDRE NASCIMENTO RIBEIRO;CASA CIVIL;ASSESSOR I AD-1;; CARGO COMISSION.S/VINCULO;5229,77;;5229,77;986,40;4243,37;
SERGIO DE LIMA MACHADO;CASA CIVIL;ASSESSOR CONTABIL;ASSESSOR CONTABIL; CARGO COMISSION.S/VINCULO;8666,67;;8666,67;1902,96;6763,71;
SIDNEY ABTIBOL;FUNDO DE PROMOCAO SOCIAL-FPS;ASSESSOR I AD-1;; CARGO COMISSION.S/VINCULO;5229,77;;5229,77;986,40;4243,37;
SIDNEY ARAUJO DA SILVA;CASA CIVIL;ASSESSOR III AD-3;ASSESSOR III AD-3; CARGO COMISSION.S/VINCULO;4191,80;;4191,80;665,90;3525,90;
SILDIOMAR DE QUEIROZ MARTINS;FUNDO DE PROMOCAO SOCIAL-FPS;SARGENTO 2;ASSESSOR TECNICO; ESTATUTARIO;6000,00;;6000,00;780,64;5219,36;
SILMARA TENACOL BATISTA;CASA CIVIL;ASSESSOR I AD-1;; CARGO COMISSION.S/VINCULO;5229,77;;5229,77;986,40;4243,37;
SILVANA DA SILVA FERNANDES;CASA CIVIL;ASSESSOR I AD-1;ASSESSOR I AD-1; CARGO COMISSION.S/VINCULO;5229,77;;5229,77;986,40;4243,37;
SILVIA JANE SOUZA DOS SANTOS;CASA CIVIL;ASSESSOR I AD-1;; CARGO COMISSION.S/VINCULO;5229,77;;5229,77;986,40;4243,37;
SILVIA PEREIRA DE ABREU;CASA CIVIL;INVEST.DE POL. 4A.CL. PC-INV.IV;CONS.TEC-LEGIS. II; ESTATUTARIO;7424,43;;7424,43;1285,96;6138,47;
SIMONE MARIA QUEIROZ TEIXEIRA;CASA CIVIL;CONSULTOR TECNICO II;CONS TEC II; CARGO COMISSION.S/VINCULO;6000,00;;6000,00;780,64;5219,36;
SOLANGE PEREIRA SALES DE OLIVEIRA;CASA CIVIL;ASSISTENTE TECNICO GOVERNAMENTAL;; ESTATUTARIO;3603,77;;3603,77;314,46;3289,31;
SONIA MARIA DE SOUZA DA SILVA;CASA CIVIL;ASSESSOR III AD-3;; CARGO COMISSION.S/VINCULO;3191,80;;3191,80;422,40;2769,40;
SONJA MARIA BRAGA DOS SANTOS;CASA CIVIL;TECNICO 3A CLASSE;FG-2 DE ASSESSORIA; ESTATUTARIO;6296,01;;6296,01;1082,52;5213,49;
SUANY PEREIRA GOMES;CASA CIVIL;ASSESSOR II AD-2;; CARGO COMISSION.S/VINCULO;4209,79;;4209,79;670,28;3539,51;
SUELLEN CRISTIANE MARTINS SANTOS;FUNDO DE PROMOCAO SOCIAL-FPS;SECRETARIO EXECUTIVO ADJUNTO;; CARGO COMISSION.S/VINCULO;9000,00;;9000,00;2046,76;6953,24;
SUELLEN REGINA DE FREITAS FERREIRA;FUNDO DE PROMOCAO SOCIAL-FPS;ASSESSOR TECNICO;; CARGO COMISSION.S/VINCULO;7000,00;;7000,00;1496,76;5503,24;
SULENI BITAR RUAS;CASA CIVIL;ASSISTENTE TECNICO III;FG-3 DE ASSESSORIA; ESTATUTARIO;5526,16;;5526,16;765,29;4760,87;
SUMAIA KALID OSSAMI;CASA CIVIL;ASSESSOR I AD-1;; CARGO COMISSION.S/VINCULO;5229,77;;5229,77;986,40;4243,37;
SYND MARIA DE SOUZA PINHEIRO;CASA CIVIL;ASSESSOR II AD-2;; CARGO COMISSION.S/VINCULO;4209,79;;4209,79;670,28;3539,51;
TABAJARA RODRIGUES MORENO;CASA CIVIL;ASSESSOR TECNICO III;; CARGO COMISSION.S/VINCULO;7000,00;;7000,00;1496,76;5503,24;
TANCREDO CASTRO SOARES;CASA CIVIL;CONSULTOR TECNICO I;CONS TEC I; CARGO COMISSION.S/VINCULO;7500,00;;7500,00;1634,26;5865,74;
TANIA ZUNAIDE BRAGA RIBEIRO;CASA CIVIL;CONSULTOR TECNICO III;; CARGO COMISSION.S/VINCULO;5500,00;;5500,00;1081,77;4418,23;
TASSIA CAMILA COELHO GOMES;CASA CIVIL;ASSESSOR II AD-2;ASSESSOR II-AD-2; CARGO COMISSION.S/VINCULO;4209,79;;4209,79;670,28;3539,51;
TEREZA CRISTINA MATOS FEITOZA;CASA CIVIL;ASSESSOR I AD-1;ASSESSOR I AD 1; CARGO COMISSION.S/VINCULO;5229,77;;5229,77;986,40;4243,37;
TEREZINHA BONATES MIRANDA;CASA CIVIL;A.TEC-I;FG-1 ASSESSORIA; ESTATUTARIO;8537,84;;8537,84;1374,27;7163,57;
TEREZINHA DE JESUS ASSUNCAO ALVES;CASA CIVIL;ASSISTENTE TECNICO GOVERNAMENTAL;FG-3 DE ASSESSORIA; ESTATUTARIO;4835,02;;4835,02;569,34;4265,68;
TEREZINHA DE JESUS ORAN BARROS C RO;CASA CIVIL;ASSESSOR III AD-3;ASSESSOR III AD 3; CARGO COMISSION.S/VINCULO;3191,80;;3191,80;422,40;2769,40;
TEREZINHA SILVA BARROSO;CASA CIVIL;ASSESSOR II AD-2;; CARGO COMISSION.S/VINCULO;4209,79;;4209,79;670,28;3539,51;
THIAGO LIMA DE OLIVEIRA;CASA CIVIL;ASSESSOR II AD-2;; CARGO COMISSION.S/VINCULO;4209,79;;4209,79;670,28;3539,51;
THIAGO TEIXEIRA DE CASTRO;CASA CIVIL;ASSESSOR II AD-2;; CARGO COMISSION.S/VINCULO;4209,79;;4209,79;670,28;3539,51;
UBIRAGILDO DO NASCIMENTO SARAIVA;CASA CIVIL;ASSISTENTE TECNICO GOVERNAMENTAL;; ESTATUTARIO;3577,54;;3577,54;308,07;3269,47;
UBIRAJARA RAMOS MORAES JUNIOR;CASA CIVIL;TNS-II;FG-2 ASSESSORIA; ESTATUTARIO;10088,52;;10088,52;2147,21;7941,31;
VALDIR ALVES DE VASCONCELOS;CASA CIVIL;A.TEC-I;ASSIST TECNICO; ESTATUTARIO;3110,34;;3110,34;172,64;2937,70;
VALQUIRIA CORREIA DA COSTA;CASA CIVIL;ASSESSOR I AD-1;; CARGO COMISSION.S/VINCULO;5229,77;;5229,77;986,40;4243,37;
VANESSA DE LIMA PADILHA;CASA CIVIL;ASSESSOR III AD-3;; CARGO COMISSION.S/VINCULO;3191,80;;3191,80;422,40;2769,40;
VANIA MARIA CYRINO BARBOSA;FUNDO DE PROMOCAO SOCIAL-FPS;SECRETARIO EXECUTIVO;; CARGO COMISSION.S/VINCULO;11700,00;;11700,00;2789,26;8910,74;
VANUSA DA SILVA CUNHA;CASA CIVIL;ASSISTENTE TECNICO GOVERNAMENTAL;FG-3 DE ASSESSORIA; ESTATUTARIO;4826,28;;4826,28;566,24;4260,04;
VERA DOS SANTOS GUIMARAES;CASA CIVIL;ASSISTENTE TECNICO GOVERNAMENTAL;FG-2 GESTOR DE CONT.; ESTATUTARIO;5495,02;;5495,02;750,84;4744,18;
VERA ELANE ROCHA DOS SANTOS;CASA CIVIL;A.TEC-I;FG-2 DE ASSESSORIA; ESTATUTARIO;5610,34;;5610,34;642,24;4968,10;
VERANILCE FERNANDES PANTOJA;CASA CIVIL;A.TEC-I;FG-3 ASSESSORIA; ESTATUTARIO;4959,09;;4959,09;528,90;4430,19;
VICENTE DE CASTRO ASSUNCAO;CASA CIVIL;MOT-III;; ESTATUTARIO;2827,32;;2827,32;195,35;2631,97;
VICTOR BRENO ALMADA GOMES;CASA CIVIL;ASSESSOR I AD-1;; CARGO COMISSION.S/VINCULO;5229,77;;5229,77;986,40;4243,37;
VINÍCIUS BURLAMAQUE FEDER;CASA CIVIL;ASSESSOR I AD-1;; CARGO COMISSION.S/VINCULO;5229,77;;5229,77;986,40;4243,37;
VIRGINIA MIRANDA DA COSTA;CASA CIVIL;ASSISTENTE TECNICO GOVERNAMENTAL;FG-2 ASSESSORIA; ESTATUTARIO;5655,18;;5655,18;691,31;4963,87;
VITAL DA COSTA MELO;CASA CIVIL;CONSULTOR TECNICO II;; CARGO COMISSION.S/VINCULO;8233,33;;8233,33;;8233,33;
WADINOL DA SILVA LOPES;CASA CIVIL;ASSESSOR I AD-1;; CARGO COMISSION.S/VINCULO;5230,07;;5230,07;986,49;4243,58;
WALFRAN DE SOUZA TORRES;CASA CIVIL;SECRETARIO PARTICULAR;; CARGO COMISSION.S/VINCULO;13500,00;;13500,00;3284,26;10215,74;
WANDA DE SOUZA TRINDADE;CASA CIVIL;REDATOR GOVERNAMENTAL;FG-1 ASSESSORIA; ESTATUTARIO;8630,48;;8630,48;1687,36;6943,12;
WANDERLETE COELHO DE MENEZES;FUNDO DE PROMOCAO SOCIAL-FPS;ASSESSOR TECNICO;; CARGO COMISSION.S/VINCULO;7000,00;;7000,00;1496,76;5503,24;
WANDERLEY MARTINS FARIAS;CASA CIVIL;ASSESSOR II AD-2;; CARGO COMISSION.S/VINCULO;4209,79;;4209,79;670,28;3539,51;
WILLIAM CEZAR QUEIROZ DA SILVA;CASA CIVIL;ASSESSOR III AD-3;; CARGO COMISSION.S/VINCULO;3191,80;;3191,80;422,40;2769,40;
WILSON TEIXEIRA MARIANO;CASA CIVIL;A.TEC-I;; ESTATUTARIO;3719,09;;3719,09;239,84;3479,25;
YEDDA MARIA MAIA DE SOUZA;FUNDO DE PROMOCAO SOCIAL-FPS;PEDAGOGO PD20.ESP-III;DIRETOR DE ADMINIST,; ESTATUTARIO;7200,00;;7200,00;1110,64;6089,36;
YOLANDA RUTH DE OLIVEIRA BASTOS;CASA CIVIL;ASSESSOR II AD-2;; CARGO COMISSION.S/VINCULO;4209,79;;4209,79;670,28;3539,51;
YONE ALVES DE MACEDO;FUNDO DE PROMOCAO SOCIAL-FPS;ASSESSOR I AD-1;; CARGO COMISSION.S/VINCULO;5229,77;;5229,77;986,40;4243,37;
YONE PAES LESSA;CASA CIVIL;A.TEC-I;CHEFE DE UNID FG 3; ESTATUTARIO;7228,96;;7228,96;1379,90;5849,06;
