NOME;LOTACAO;CARGO;FUNCAO;VINCULO;REMUNERACAO LEGAL TOTAL(R$);DESC.TETO(R$); REMUNERACAO LEGAL DEVIDA(R$);DESCONTOS LEGAIS(R$);LIQUIDO DISPONIVEL(R$);
ALBANESA AMARO MARTINS MAIA;CONTRATADOS;ASSESSOR III AD-3;; CARGO COMISSION.S/VINCULO;3191,80;;3191,80;422,40;2769,40;
ALCIONE DE OLIVEIRA;CONTRATADOS;ASSESSOR II AD-2;; CARGO COMISSION.S/VINCULO;4209,79;;4209,79;670,28;3539,51;
ANNIK JACOB GENTIL;CONTRATADOS;ASSESSOR I AD-1;; CARGO COMISSION.S/VINCULO;5229,77;;5229,77;986,40;4243,37;
ARTHUR LUIZ FIGUEIREDO NETO;CONTRATADOS;ASSESSOR IV AD-4;; CARGO COMISSION.S/VINCULO;2575,61;;2575,61;264,79;2310,82;
CARLOS CESAR AMARAL DOS SANTOS;CONTRATADOS;ASSESSOR IV AD-4;; CARGO COMISSION.S/VINCULO;2575,61;;2575,61;264,79;2310,82;
CYNTIA PEREIRA DE SOUSA;CONTRATADOS;SECRETARIO ADJUNTO;; CARGO COMISSION.S/VINCULO;9000,00;;9000,00;2046,76;6953,24;
DJANEIDE RODRIGUES CASAS;EFETIVOS;TECNICO DE SAUDE 3A CLASSE;ASSESSOR I-AD1; ESTATUTARIO;7594,94;;7594,94;1402,55;6192,39;
EDWARD MALTA DE OLIVEIRA;CONTRATADOS;SECRETARIO EXECUTIVO;; CARGO COMISSION.S/VINCULO;15600,00;;15600,00;3861,76;11738,24;
ESTHER OLIVA VELOSO;CONTRATADOS;ASSESSOR I AD-1;; CARGO COMISSION.S/VINCULO;5229,77;;5229,77;986,40;4243,37;
GETULIO VARGAS DA MATA COELHO;CONTRATADOS;ASSESSOR IV AD-4;ASSESSOR IV AD-4; CARGO COMISSION.S/VINCULO;2591,80;;2591,80;267,35;2324,45;
IVANETE GOMES DE ALMEIDA;EFETIVOS;AGENTE ADM.-AGA-T.S.N.A.-G;CHEFE DE DEPARTAMENT; ESTATUTARIO;6248,52;;6248,52;1006,48;5242,04;
JASON MILLER FIGUEIREDO DA COSTA;CONTRATADOS;ASSESSOR I AD-1;; CARGO COMISSION.S/VINCULO;5229,77;;5229,77;986,40;4243,37;
JEANE FERREIRA DE SOUZA;CONTRATADOS;ASSESSOR III AD-3;; CARGO COMISSION.S/VINCULO;3191,80;;3191,80;422,40;2769,40;
JOAO BATISTA CONCEICAO C BRAGA;CONTRATADOS;ASSESSOR IV AD-4;ASSESSOR IV AD-4; CARGO COMISSION.S/VINCULO;2591,80;;2591,80;267,35;2324,45;
JORGE DO NASCIMENTO GOMES;CONTRATADOS;A.TEC-I;; ESTATUTARIO;3101,57;;3101,57;233,73;2867,84;
KATARINA ALDREY MIRANDA COELHO;CONTRATADOS;ASSESSOR IV AD-4;; CARGO COMISSION.S/VINCULO;2591,80;;2591,80;267,35;2324,45;
KEICIANE ANASTACIA DE QUEIROZ;CONTRATADOS;ASSESSOR I AD-1;ASSESSOR I AD-1; CARGO COMISSION.S/VINCULO;5229,77;;5229,77;986,40;4243,37;
MARCIA REGINA DE OLIVEIRA MAMED;CONTRATADOS;ASSESSOR II AD-2;ASSESSOR II AD-2; CARGO COMISSION.S/VINCULO;4209,79;;4209,79;670,28;3539,51;
MOARA COIMBRA ALVERCA;CONTRATADOS;ASSESSOR I AD-1;; CARGO COMISSION.S/VINCULO;5229,47;;5229,47;986,31;4243,16;
ORLANDO RENGIFO VARGAS JUNIOR;CONTRATADOS;SECRETARIO EXECUTIVO ADJUNTO;; CARGO COMISSION.S/VINCULO;9000,00;;9000,00;2046,76;6953,24;
PEDRO RICARDO DANTAS VIEIRA;CONTRATADOS;ASSESSOR II AD-2;; CARGO COMISSION.S/VINCULO;4209,79;;4209,79;670,28;3539,51;
PHELIPE ANDRADE NUNES;CONTRATADOS;GERENTE AD-2;; CARGO COMISSION.S/VINCULO;4209,79;;4209,79;670,28;3539,51;
TEREZINHA DE JESUS DE A E SILVA;CONTRATADOS;ASSESSOR I AD-1;; CARGO COMISSION.S/VINCULO;5229,77;;5229,77;986,40;4243,37;
