NOME;LOTACAO;CARGO;FUNCAO;VINCULO;REMUNERACAO LEGAL TOTAL(R$);DESC.TETO(R$); REMUNERACAO LEGAL DEVIDA(R$);DESCONTOS LEGAIS(R$);LIQUIDO DISPONIVEL(R$);
Andre Alves de Souza;ASSESSORIA;ASSESSOR III AD-3;; CARGO COMISSION.S/VINCULO;1681,80;;1681,80;151,36;1530,44;
ADRIANO MENDONCA PONTE;GABINETE;SECRETARIO EXECUTIVO ADJUNTO;; CARGO COMISSION.S/VINCULO;9000,00;;9000,00;1994,62;7005,38;
AILTON RODRIGUES PEREIRA;ASSESSORIA;ASSESSOR II AD-2;; CARGO COMISSION.S/VINCULO;2609,79;;2609,79;270,20;2339,59;
ANDREIA BRAGA DE SOUZA;GABINETE;CHEFE DE GABINETE AD-1;; CARGO COMISSION.S/VINCULO;5229,77;;5229,77;986,40;4243,37;
ANDREZZA CORREIA DA SILVEIRA;GABINETE;MEMBRO;; CARGO COMISSION.S/VINCULO;7000,00;;7000,00;1496,76;5503,24;
ANTONIA PEREIRA DA SILVA;ASSESSORIA;ASSESSOR III AD-3;; CARGO COMISSION.S/VINCULO;1681,80;;1681,80;151,36;1530,44;
AQUIAS SANTAREM MATOS SANTOS;ASSESSORIA;ASSESSOR I AD-1;; CARGO COMISSION.S/VINCULO;5229,77;;5229,77;986,40;4243,37;
Beatriz Rocha Patterson;ASSESSORIA;ASSESSOR I AD-1;; CARGO COMISSION.S/VINCULO;5229,77;;5229,77;986,40;4243,37;
CEZAR AUGUSTO VIEIRA DE SOUZA;GABINETE;A.OPE-I;MEMBRO SERIRA; ESTATUTARIO;7000,00;;7000,00;1018,17;5981,83;
CHARLES BELCHIEUR;DEPTO.DE ADM.E FINANCAS;TNS-I;; ESTATUTARIO;11306,52;;11306,52;3009,42;8297,10;
CLEUZA LUIZA OLIVEIRA DOS SANTOS;ASSESSORIA;ASSESSOR III AD-3;; CARGO COMISSION.S/VINCULO;1681,80;;1681,80;151,36;1530,44;
DANIELA GOMES DOS SANTOS;ASSESSORIA;ASSESSOR III AD-3;; CARGO COMISSION.S/VINCULO;1681,80;;1681,80;151,36;1530,44;
DJALMA MARTINS DA COSTA JUNIOR;GABINETE;SECRETARIO EXECUTIVO ADJUNTO;; CARGO COMISSION.S/VINCULO;9000,00;;9000,00;2046,76;6953,24;
FRANCISCA EDILANDIA DANTAS PAULA;DEPTO.DE ADM.E FINANCAS;ASSESSOR III AD-3;ASSESSOR III AD-3; CARGO COMISSION.S/VINCULO;1681,80;;1681,80;151,36;1530,44;
GLAUBER SOARES GOMES;GABINETE;PROFESSOR PF20.LPL-IV;ASSESSOR I AD-1; ESTATUTARIO;6700,79;;6700,79;824,05;5876,74;
JANES DE SOUSA FIGUEREDO ASSUNÇÃO;DEPTO.DE ADM.E FINANCAS;AUX.S.G-II;; ESTATUTARIO;2520,15;;2520,15;137,85;2382,30;
JOSE MARIA OLIVEIRA DA SILVA;GABINETE;PROFESSOR C4 ED-LPL-IV;MEMBRO SERIRA; ESTATUTARIO;7014,04;;7014,04;956,34;6057,70;
JOYCE CORREA LIRA;ASSESSORIA;ASSESSOR I AD-1;ASSESSOR I AD-1; CARGO COMISSION.S/VINCULO;5229,77;;5229,77;986,40;4243,37;
LILIAN MEDEIROS BALDEZ;ASSESSORIA;ASSESSOR I AD-1;; CARGO COMISSION.S/VINCULO;5229,77;;5229,77;986,40;4243,37;
LUIS CLAUDIO QUARESMA DE MENEZES;ASSESSORIA;ASSESSOR II AD-2;; CARGO COMISSION.S/VINCULO;2609,79;;2609,79;255,98;2353,81;
MANOEL CORNELIO DA COSTA E SILVA;GABINETE;SECRETARIA DA DIR.;; CARGO COMISSION.S/VINCULO;11700,00;;11700,00;2789,26;8910,74;
MARGARIDA MARIA ALMEIDA DOS SANTOS;DEPTO.DE ADM.E FINANCAS;CHEFE DE DEPARTAMENTO AD-1;; CARGO COMISSION.S/VINCULO;5229,77;;5229,77;986,40;4243,37;
MARIA CONCEBIDA DE ARAUJO LEAL;GABINETE;MEMBRO;MEMBRO; CARGO COMISSION.S/VINCULO;7000,00;;7000,00;1496,76;5503,24;
MARIA DAS DORES DE ALMEIDA;DEPTO.DE ADM.E FINANCAS;TNS-II;; ESTATUTARIO;4952,97;;4952,97;766,16;4186,81;
MARIO FERREIRA SAID NETO;ASSESSORIA;MEMBRO;MEMBRO; CARGO COMISSION.S/VINCULO;7000,00;;7000,00;1496,76;5503,24;
NAFICE BACRY VALOZ;GABINETE;SECRETARIO DE ESTADO;SECRETARIO DE ESTADO; CARGO COMISSION.S/VINCULO;13500,00;;13500,00;3284,26;10215,74;
PAULO HENRIQUE MIRANDA BASTOS;ASSESSORIA;ASSESSOR I AD-1;; CARGO COMISSION.S/VINCULO;5229,77;;5229,77;986,40;4243,37;
SANDRA MARIA CASTRO LOUREIRO;DEPTO.DE ADM.E FINANCAS;A.TEC-I;; ESTATUTARIO;2713,06;;2713,06;220,24;2492,82;
SISLANDIA FERREIRA DA SILVA CASTRO;GABINETE;ASSESSOR I AD-1;; CARGO COMISSION.S/VINCULO;5229,77;;5229,77;986,40;4243,37;
SOCORRO APARECIDA ARAUJO MAIERON;DEPTO.DE ADM.E FINANCAS;A.TEC-II;ASSESSOR I AD1; ESTATUTARIO;5835,46;;5835,46;747,72;5087,74;
SONIA RODRIGUES RAMOS;GABINETE;SECRETARIO EXECUTIVO;; CARGO COMISSION.S/VINCULO;11700,00;;11700,00;2789,26;8910,74;
TATIANA SEIXAS ASENSI;GABINETE;CHEFE DE GABINETE AD-1;; CARGO COMISSION.S/VINCULO;5229,77;;5229,77;986,40;4243,37;
VALTER VIANA DOS SANTOS;ASSESSORIA;ASSESSOR II AD-2;; CARGO COMISSION.S/VINCULO;2609,79;;2609,79;270,20;2339,59;
WASHINGTON DE CARVALHO ESCOBAR;ASSESSORIA;ASSESSOR I AD-1;; CARGO COMISSION.S/VINCULO;5229,77;;5229,77;986,40;4243,37;
WIVIANNY FARIAS PEREIRA LACERDA;GABINETE;AGENTE PREVIDENCIARIO;ASSESSOR I AD-1; ESTATUTARIO;5000,00;;5000,00;403,55;4596,45;
YAEL CONCEICAO MARTINS MENEZES;DEPTO.DE ADM.E FINANCAS;PEDAGOGO PD20.ESP-III;CONSULTOR TECNICO I; ESTATUTARIO;9103,15;;9103,15;1749,60;7353,55;
YURI MOISES TAKETOMI OLIMPIO;ASSESSORIA;AGENTE ADM.-AGA-T.S.N.A.-E;ASSESSOR I AD-1; ESTATUTARIO;5636,16;;5636,16;731,32;4904,84;
