NOME;LOTACAO;CARGO;FUNCAO;VINCULO;REMUNERACAO LEGAL TOTAL(R$);DESC.TETO(R$); REMUNERACAO LEGAL DEVIDA(R$);DESCONTOS LEGAIS(R$);LIQUIDO DISPONIVEL(R$);
ADAIL RIBEIRO DE MATOS;DEPTO.INDIGENA DES.SUSTENTAVEL;GERENTE AD-2;; CARGO COMISSION.S/VINCULO;4209,79;;4209,79;613,40;3596,39;
ANA MILENA SOUZA MARULANDA;DEPTO.INDIGENA DES.SUSTENTAVEL;ASSESSOR III AD-3;; CARGO COMISSION.S/VINCULO;3191,80;;3191,80;407,12;2784,68;
ANA PAULA RODRIGUES NOGUEIRA;GABINETE;ASSESSOR III AD-3;ASSESSOR III AD3; CARGO COMISSION.S/VINCULO;4255,73;;4255,73;684,21;3571,52;
BONIFACIO JOSE;ASSESSORIA;ASSESSOR I AD-1;; CARGO COMISSION.S/VINCULO;5229,77;;5229,77;986,40;4243,37;
CARLA CRISTINA SILVA MENDONCA;DEPTO.DE ADMINIST.E FINANCAS;CHEFE DE DEPARTAMENTO AD-1;CHEFE DE DPTO; CARGO COMISSION.S/VINCULO;6973,03;;6973,03;1385,07;5587,96;
ERIVELTON SANTIAGO DE ALBUQUERQUE;DEPTO.INDIGENA DES.SUSTENTAVEL;GERENTE AD-2;; CARGO COMISSION.S/VINCULO;4209,79;;4209,79;641,84;3567,95;
EVANDRO NELSON VIEIRA MARQUES;DIRETORIA ADM-FINANCEIRA;ASSISTENTE ADMINIST.C1 ED-NME-I;DIRETOR ADM.FINANC.; ESTATUTARIO;9037,00;;9037,00;1650,25;7386,75;
GETER CORREA CABRAL FILHO;DEPTO.INDIGENA DES.SUSTENTAVEL;CHEFE DE DEPARTAMENTO AD-1;CH.DEP.AD-1; CARGO COMISSION.S/VINCULO;6973,03;;6973,03;1332,93;5640,10;
JUSTINA CÂNDIDO DIQUE;DEPTO.INDIGENA DES.SUSTENTAVEL;ASSESSOR III AD-3;; CARGO COMISSION.S/VINCULO;3191,80;;3191,80;422,40;2769,40;
KARLENE SOBRINHO DA SILVA;DEPTO.DE ADMINIST.E FINANCAS;GERENTE AD-2;GERENTE AD-2; CARGO COMISSION.S/VINCULO;4209,79;;4209,79;641,84;3567,95;
MARCELLO SILVA DE PAULO;ASSESSORIA;ASSESSOR III AD-3;; CARGO COMISSION.S/VINCULO;3191,80;;3191,80;422,40;2769,40;
MARIA MONTEIRO CRUZ;DEPTO.DE ADMINIST.E FINANCAS;GERENTE AD-2;GERENTE AD-2; CARGO COMISSION.S/VINCULO;4209,79;;4209,79;641,84;3567,95;
NEIDA MARIA DE OLIVEIRA FARIAS;DEPTO.DE ADMINIST.E FINANCAS;ASSESSOR III AD-3;ASSESSOR III AD3; CARGO COMISSION.S/VINCULO;3191,80;;3191,80;392,90;2798,90;
RAIMUNDO NONATO FERREIRA SOBRINHO;GABINETE;DIRETOR PRESIDENTE;DIRETOR PRESIDENTE; CARGO COMISSION.S/VINCULO;15600,00;;15600,00;3705,35;11894,65;
ROBERIO RAMIRES DOS SANTOS;GABINETE;ASSESSOR I AD-1;ASSESSOR I; CARGO COMISSION.S/VINCULO;6973,03;;6973,03;1437,21;5535,82;
ROSA MARIA DOS ANJOS VIEIRA;DEPTO.INDIGENA DES.SUSTENTAVEL;ASSESSOR II AD-2;; CARGO COMISSION.S/VINCULO;4209,79;;4209,79;641,84;3567,95;
ROSE MEIRE BARBOSA CORREA;DIRETORIA TECNICA;DIRETOR TECNICO;; CARGO COMISSION.S/VINCULO;9000,00;;9000,00;1994,62;7005,38;
SUZY EVELYN DE SOUZA E SILVA;PRODURADORIA JURIDICA;ASSESSOR I AD-1;; CARGO COMISSION.S/VINCULO;5229,77;;5229,77;943,74;4286,03;
VIELO DE MOURA LUNA;DEPTO.DE ADMINIST.E FINANCAS;ASSESSOR II AD-2;ASSESSOR II; CARGO COMISSION.S/VINCULO;5613,05;;5613,05;768,20;4844,85;
