NOME;LOTACAO;CARGO;FUNCAO;VINCULO;REMUNERACAO LEGAL TOTAL(R$);DESC.TETO(R$); REMUNERACAO LEGAL DEVIDA(R$);DESCONTOS LEGAIS(R$);LIQUIDO DISPONIVEL(R$);
AMILTON BEZERRA GADELHA;GABINETE;DIRETOR PRESIDENTE;; CARGO COMISSION.S/VINCULO;9750,00;;9750,00;2253,01;7496,99;
ANA MILENA SOUZA MARULANDA;DEPTO.INDIGENA DES.SUSTENTAVEL;ASSESSOR III AD-3;; CARGO COMISSION.S/VINCULO;3191,80;;3191,80;407,12;2784,68;
BONIFACIO JOSE;ASSESSORIA;ASSESSOR I AD-1;; CARGO COMISSION.S/VINCULO;5229,77;;5229,77;986,40;4243,37;
CARLA CRISTINA SILVA MENDONCA;DEPTO.DE ADMINIST.E FINANCAS;CHEFE DE DEPARTAMENTO AD-1;CHEFE DE DPTO; CARGO COMISSION.S/VINCULO;5229,77;;5229,77;901,09;4328,68;
ERIVELTON SANTIAGO DE ALBUQUERQUE;DEPTO.INDIGENA DES.SUSTENTAVEL;GERENTE AD-2;; CARGO COMISSION.S/VINCULO;4209,79;;4209,79;641,84;3567,95;
EVANDRO NELSON VIEIRA MARQUES;DIRETORIA ADM-FINANCEIRA;ASSISTENTE ADMINIST.C1 ED-NME-I;DIRETOR ADM.FINANC.; ESTATUTARIO;9037,00;;9037,00;1650,25;7386,75;
GETER CORREA CABRAL FILHO;DEPTO.INDIGENA DES.SUSTENTAVEL;CHEFE DE DEPARTAMENTO AD-1;CH.DEP.AD-1; CARGO COMISSION.S/VINCULO;5229,77;;5229,77;858,43;4371,34;
KARLENE SOBRINHO DA SILVA;DEPTO.DE ADMINIST.E FINANCAS;GERENTE AD-2;GERENTE AD-2; CARGO COMISSION.S/VINCULO;4209,79;;4209,79;641,84;3567,95;
MARIA MONTEIRO CRUZ;GABINETE;CHEFE DE GABINETE AD-1;; CARGO COMISSION.S/VINCULO;5229,77;;5229,77;943,74;4286,03;
RAIMUNDO NONATO FERREIRA SOBRINHO;GABINETE;DIRETOR PRESIDENTE;DIRETOR PRESIDENTE; CARGO COMISSION.S/VINCULO;27235,00;;27235,00;;27235,00;
ROSE MEIRE BARBOSA CORREA;DIRETORIA TECNICA;DIRETOR TECNICO;; CARGO COMISSION.S/VINCULO;9000,00;;9000,00;1994,62;7005,38;
SUZY EVELYN DE SOUZA E SILVA;PRODURADORIA JURIDICA;ASSESSOR I AD-1;; CARGO COMISSION.S/VINCULO;5229,77;;5229,77;943,74;4286,03;
VANESSA SOUZA FERREIRA;GABINETE;ASSESSOR III AD-3;; CARGO COMISSION.S/VINCULO;3191,80;;3191,80;407,12;2784,68;
VIELO DE MOURA LUNA;DEPTO.DE ADMINIST.E FINANCAS;GERENTE AD-2;; CARGO COMISSION.S/VINCULO;4209,79;;4209,79;508,36;3701,43;
