NOME;LOTACAO;CARGO;FUNCAO;VINCULO;REMUNERACAO LEGAL TOTAL(R$);DESC.TETO(R$); REMUNERACAO LEGAL DEVIDA(R$);DESCONTOS LEGAIS(R$);LIQUIDO DISPONIVEL(R$);
ABILIO LEITAO DA COSTA MACEDO;EFETIVOS;AGENTE PREVIDENCIARIO;AG. PREVIDENCIARIO; ESTATUTARIO;6650,74;;6650,74;1437,85;5212,89;
ADALBERTO DA COSTA BARRONCAS;CEDIDOS;A.OPE-I;ASSESSOR IIAMZ-5; ESTATUTARIO;6202,38;;6202,38;562,49;5639,89;
ADELSON MACIEL DANTAS;COMISSIONADOS;ASSESSOR I AD-1;ASSESSOR I - AMZ-6; CARGO COMISSION.S/VINCULO;8104,00;;8104,00;1800,36;6303,64;
ADINILSON COELHO CORDEIRO;EFETIVOS;AGENTE PREVIDENCIARIO;AG. PREVIDENCIARIO; ESTATUTARIO;6650,74;;6650,74;1385,71;5265,03;
ALAN CARDEC SOARES DA SILVA;CEDIDOS;A.TEC-II;COORDENADOR AMZ-3; ESTATUTARIO;5587,48;;5587,48;785,19;4802,29;
ALAN CYNARA BATISTA NASCIMENTO;EFETIVOS;AGENTE PREVIDENCIARIO;COORDENADOR AMZ-3; ESTATUTARIO;9650,74;;9650,74;2158,58;7492,16;
ALAN NASCIMENTO TEIXEIRA;EFETIVOS;AGENTE PREVIDENCIARIO;; ESTATUTARIO;6650,74;;6650,74;1489,99;5160,75;
ALBERMAR LINDALVA DAMASCENO POLARES;EFETIVOS;AGENTE PREVIDENCIARIO;AG. PREVIDENCIARIO; ESTATUTARIO;6650,74;;6650,74;1437,85;5212,89;
ALBERTO TELES CAVALCANTE NETO;EFETIVOS;AGENTE PREVIDENCIARIO;; ESTATUTARIO;6650,74;;6650,74;1281,44;5369,30;
ALINE DE ALBUQUERQUE WRIGHT;EFETIVOS;ADVOGADO;; ESTATUTARIO;11170,50;;11170,50;3041,24;8129,26;
ALOISIO DA COSTA FILGUEIRAS JUNIOR;EFETIVOS;ADVOGADO;; ESTATUTARIO;14894,00;;14894,00;3859,67;11034,33;
ANA CELIA ALENCAR BEZERRA;AMAZONPREV-ATIVOS;TEC. EM REGISTRO DE SAUDE 3A CLASSE;COORDENADOR AMZ-3; ESTATUTARIO;5611,50;;5611,50;825,67;4785,83;
ANA PAULA DOS SANTOS OZORIO;EFETIVOS;AGENTE PREVIDENCIARIO;AG, PREVIDENCIARIO; ESTATUTARIO;6650,74;;6650,74;1437,85;5212,89;
ANDRE LUIS BENTES DE SOUZA;EFETIVOS;AGENTE PREVIDENCIARIO;; ESTATUTARIO;6650,74;;6650,74;1437,85;5212,89;
ANDRE LUIZ MOUCO FERNANDES;EFETIVOS;ADVOGADO;GERENTE AMZ7; ESTATUTARIO;16170,50;;16170,50;4468,38;11702,12;
ANDRE RICARDO PINHEIRO MARTINS;EFETIVOS;AGENTE PREVIDENCIARIO;AG. PREVIDENCIARIO; ESTATUTARIO;6650,74;;6650,74;1437,85;5212,89;
ANETE FURTADO LIMA;EFETIVOS;AGENTE PREVIDENCIARIO;; ESTATUTARIO;6650,74;;6650,74;1489,99;5160,75;
ANNE KEITY TUPINAMBA DE C MENEZES;EFETIVOS;ADVOGADO;; ESTATUTARIO;11170,50;;11170,50;2989,10;8181,40;
ANTONIO DE JESUS ALVES PACIFICO;COMISSIONADOS;ASSESSOR III AMZ.4;; CARGO COMISSION.S/VINCULO;5064,00;;5064,00;934,98;4129,02;
ARCISE CAMARA DE ASSIS;EFETIVOS;AGENTE PREVIDENCIARIO;; ESTATUTARIO;6650,74;;6650,74;1489,99;5160,75;
AUDENOR GRANDES BELIDO;EFETIVOS;AGENTE PREVIDENCIARIO;COORDENADOR AMZ 3; ESTATUTARIO;9650,74;;9650,74;2158,58;7492,16;
BALDUINO GOMES CAMARA;EFETIVOS;AGENTE PREVIDENCIARIO;AG. PREVIDENCIARIO; ESTATUTARIO;6650,74;;6650,74;1437,85;5212,89;
BRUNO DAMASCENO COSTA NOVO;COMISSIONADOS;ASSESSOR I AMZ.6;; CARGO COMISSION.S/VINCULO;8104,00;;8104,00;1800,36;6303,64;
CAROLINE RETTO FROTA;EFETIVOS;ADVOGADO;; ESTATUTARIO;11170,50;;11170,50;3093,38;8077,12;
CHRISTIANO COSTA NOVO DE SENA;COMISSIONADOS;ASSESSOR I AMZ.6;; CARGO COMISSION.S/VINCULO;8104,00;;8104,00;1748,22;6355,78;
CHRISTOVAO CAVALCANTE ALVES;EFETIVOS;AGENTE PREVIDENCIARIO;AG. PREVIDENCIARIO; ESTATUTARIO;5320,59;;5320,59;843,95;4476,64;
CLAUDINEI SOARES;EFETIVOS;AGENTE PREVIDENCIARIO;AG. PREVIDENCIARIO; ESTATUTARIO;6650,74;;6650,74;1385,71;5265,03;
CLAUDIO MARCELO CARDIA PACHECO;EFETIVOS;AGENTE PREVIDENCIARIO;; ESTATUTARIO;6650,74;;6650,74;1437,85;5212,89;
CRISTIANE DE ANDRADE COURA MACIEL;COMISSIONADOS;ASSESSOR III AD-3;ASSESSOR III AMZ-4; CARGO COMISSION.S/VINCULO;5064,00;;5064,00;892,32;4171,68;
CYNTHIA MARIA REIS GONZALES;CEDIDOS;PROFESSOR PF20.MAG-VII;ASSESSOR III-AD-3; ESTATUTARIO;5064,00;;5064,00;629,18;4434,82;
DAYANA ESPERANCA DOS SANTOS;COMISSIONADOS;ASSISTENTE DA PRESIDENCIA AMZ. 2;; CARGO COMISSION.S/VINCULO;3443,00;;3443,00;483,57;2959,43;
EDISSANDRA OLIVEIRA GUIMARAES;EFETIVOS;AGENTE PREVIDENCIARIO;; ESTATUTARIO;6650,74;;6650,74;1437,85;5212,89;
EDIVANDER SOUZA DOS SANTOS;EFETIVOS;AGENTE PREVIDENCIARIO;AG. PREVIDENCIARIO; ESTATUTARIO;6650,74;;6650,74;1385,71;5265,03;
EMILY CASTELO BRANCO ENCARNACAO;EFETIVOS;ADVOGADO;ASSESSOR I AMZ-6; ESTATUTARIO;11170,50;;11170,50;2989,10;8181,40;
EUNICE PEREIRA DA SILVA;CEDIDOS;A.TEC-I;; ESTATUTARIO;3881,78;;3881,78;369,01;3512,77;
FABIO DE CARVALHO ROSA;EFETIVOS;AGENTE PREVIDENCIARIO;COORDENADOR AMZ-3; ESTATUTARIO;9650,74;;9650,74;2158,58;7492,16;
FABIO MARTINS RIBEIRO;EFETIVOS;ADVOGADO;; ESTATUTARIO;11170,50;;11170,50;3093,38;8077,12;
FLAVIA MARA MOREIRA COSTA ROCHA;COMISSIONADOS;ASSESSOR III AD-3;ASSESSOR III-AMZ-4; CARGO COMISSION.S/VINCULO;5064,00;;5064,00;934,98;4129,02;
FLAVIANA GALUCIO ZOUMBOUNELOS;COMISSIONADOS;COORDENADOR;COORDENADOR-AMZ-3; CARGO COMISSION.S/VINCULO;5570,00;;5570,00;1103,51;4466,49;
FRANCISCO DE ASSIS SOUZA OLIVEIRA;COMISSIONADOS;ASS. DE DIRETORIA E GERENCIA AMZ. 1;; CARGO COMISSION.S/VINCULO;2836,00;;2836,00;358,46;2477,54;
GAL MONICA MARINHEIRO PEREIRA;COMISSIONADOS;ASS. DE DIRETORIA E GERENCIA AMZ. 1;; CARGO COMISSION.S/VINCULO;2836,00;;2836,00;358,46;2477,54;
GENECI BEHLING BETT;EFETIVOS;AGENTE PREVIDENCIARIO;; ESTATUTARIO;6916,77;;6916,77;1480,09;5436,68;
GIZA ALLEM NAZARE DE ANDRADE;COMISSIONADOS;GERENTE;GERENTE; CARGO COMISSION.S/VINCULO;10129,00;;10129,00;2357,23;7771,77;
GIZELE CORDOVIL MAIA;COMISSIONADOS;GERENTE;GERENTE; CARGO COMISSION.S/VINCULO;13505,33;;13505,33;3285,72;10219,61;
ISAIAS DE SOUZA CAVALCANTE;CEDIDOS;A.TEC-I;; ESTATUTARIO;3912,11;;3912,11;295,90;3616,21;
IVANILDO DA COSTA E SILVA;EFETIVOS;AGENTE PREVIDENCIARIO;AG. PREVIDENCIARIO; ESTATUTARIO;6650,74;;6650,74;1385,71;5265,03;
IZABEL ELEINA MOREIRA;EFETIVOS;AGENTE PREVIDENCIARIO;AG. PREVIDENCIARIO; ESTATUTARIO;6650,74;;6650,74;1489,99;5160,75;
JANIS LISANDRA BATISTA CRUZ;EFETIVOS;AGENTE PREVIDENCIARIO;AG. PREVIDENCIARIO; ESTATUTARIO;5320,59;;5320,59;886,61;4433,98;
JONATHAS CARREIRA MADEIRA JUNIOR;EFETIVOS;ADVOGADO;ADVOGADO; ESTATUTARIO;8936,40;;8936,40;2300,83;6635,57;
JORGE PIETRO RODRIGUES DE ARAUJO;EFETIVOS;AGENTE PREVIDENCIARIO;AG. PREVIDENCIARIO; ESTATUTARIO;5320,59;;5320,59;971,92;4348,67;
JOSE ANTONIO L SENHORAES;CEDIDOS;MOT-I;; ESTATUTARIO;3818,69;;3818,69;337,62;3481,07;
JOSE EMERSON CAMPOS RODRIGUES;EFETIVOS;AGENTE PREVIDENCIARIO;AG. PREVIDENCIARIO; ESTATUTARIO;5320,59;;5320,59;1018,12;4302,47;
LEONARDO ALMEIDA DE S CAVALCANTI;EFETIVOS;AGENTE PREVIDENCIARIO;GERENTE AMZ-7; ESTATUTARIO;11650,74;;11650,74;2760,71;8890,03;
LIGIA DA SILVA BARROS;COFIS;MEMBRO DE CONSELHO;VICE PRES CONS FISC; CARGO COMISSION.S/VINCULO;936,00;;936,00;;936,00;
LUCIANE BARROS DE SOUZA;EFETIVOS;ADVOGADO;ADVOGADO; ESTATUTARIO;11170,50;;11170,50;3041,24;8129,26;
LUIZ CARLOS REGO FREITAS;EFETIVOS;AGENTE PREVIDENCIARIO;AG. PREVIDENCIARIO; ESTATUTARIO;5320,59;;5320,59;869,37;4451,22;
LUIZ OSVALDO BARBOSA EVANGELISTA;COFIS;MEMBRO DE CONSELHO;MEMBRO CONS.FISCAL; CARGO COMISSION.S/VINCULO;936,00;936,00;;;;
MANOEL FERREIRA LIMA JUNIOR;EFETIVOS;AGENTE PREVIDENCIARIO;COORDENADOR AMZ-3; ESTATUTARIO;9650,74;;9650,74;2210,71;7440,03;
MARCELO MORAES CASTELLO BRANCO;CONAD;MEMBRO DE CONSELHO;MEMBRO.CONS.ADM.; CARGO COMISSION.S/VINCULO;1170,00;;1170,00;;1170,00;
MARCELO SOARES CAVALCANTE;EFETIVOS;AGENTE PREVIDENCIARIO;AG. PREVIDENCIARIO; ESTATUTARIO;6650,74;;6650,74;1385,71;5265,03;
MARCIO RYS MEIRELLES DE MIRANDA;CODIR;DIRETOR PRESIDENTE;; CARGO COMISSION.S/VINCULO;11700,00;;11700,00;2789,26;8910,74;
MARCO ANTONIO OLIVEIRA DE ARAUJO;COMISSIONADOS;ASSESSOR I AMZ.6;; CARGO COMISSION.S/VINCULO;8104,00;;8104,00;1748,22;6355,78;
MARCOS HOMERO XAVIER VENTILARI;EFETIVOS;AGENTE PREVIDENCIARIO;AG. PREVIDENCIARIO; ESTATUTARIO;6650,74;;6650,74;1385,71;5265,03;
MARIA ADELAIDE RIBEIRO CRUZ;CODIR;AGENTE PREVIDENCIARIO;DIRETOR ADM E FINANC; ESTATUTARIO;15016,77;;15016,77;3462,56;11554,21;
MARIA DA CONCEICAO GUERREIRO SILVA;CONAD;MEMBRO DE CONSELHO;MEMBRO.CONS.ADM.; CARGO COMISSION.S/VINCULO;1170,00;;1170,00;;1170,00;
MARIA DAS GRACAS VALENTE AMERICO;COMISSIONADOS;ASS. DE DIRETORIA E GERENCIA AMZ. 1;; CARGO COMISSION.S/VINCULO;2836,00;;2836,00;358,46;2477,54;
MARIA LUCIA LIMA DUTRA;EFETIVOS;AGENTE PREVIDENCIARIO;AG. PREVIDENCIARIO; ESTATUTARIO;6650,74;;6650,74;1489,99;5160,75;
MARLENE AMANCIO DO AMARAL;CEDIDOS;A.TEC-I;; ESTATUTARIO;3902,41;;3902,41;378,95;3523,46;
MARTHA DUTRA GADELHA DE ALBUQUERQUE;COFIS;MEMBRO DE CONSELHO;MEMBRO CONS.FISCAL; CARGO COMISSION.S/VINCULO;936,00;;936,00;;936,00;
MARY JANE MATTUTE SILVA;COMISSIONADOS;GERENTE;GERENTE; CARGO COMISSION.S/VINCULO;10129,00;;10129,00;2252,96;7876,04;
MICHELLE HAYDEN DE ARAUJO ALVIM;COMISSIONADOS;ASS. DE DIRETORIA E GERENCIA AMZ. 1;; CARGO COMISSION.S/VINCULO;3781,33;;3781,33;565,95;3215,38;
MOISES DA SILVA MENEZES;EFETIVOS;ADVOGADO;ADVOGADO; ESTATUTARIO;11170,50;;11170,50;2780,56;8389,94;
NEILDO ROSA DE LIMA;CEDIDOS;VIGIA-I;; ESTATUTARIO;3577,31;;3577,31;148,25;3429,06;
NELCI CAVALCANTE TOME;COMISSIONADOS;COORDENADOR;COORDENADOR-AMZ-3; CARGO COMISSION.S/VINCULO;5570,00;;5570,00;918,03;4651,97;
PRISCILLA TEIXEIRA FREIRE;EFETIVOS;AGENTE PREVIDENCIARIO;AG. PREVIDENCIARIO; ESTATUTARIO;6650,74;;6650,74;1489,99;5160,75;
RAIMUNDO NONATO PEREIRA DE AGUIAR;EFETIVOS;AGENTE PREVIDENCIARIO;AG. PREVIDENCIARIO; ESTATUTARIO;6650,74;;6650,74;1385,71;5265,03;
RAQUEL COELHO CAMARDELLA;COMISSIONADOS;ASS. DE DIRETORIA E GERENCIA AMZ. 1;; CARGO COMISSION.S/VINCULO;3781,33;;3781,33;565,95;3215,38;
RAWLISON THALES MARTINS NASCIMENTO;EFETIVOS;AGENTE PREVIDENCIARIO;AG. PREVIDENCIARIO; ESTATUTARIO;6650,74;;6650,74;1385,71;5265,03;
RENIZIO DE OLIVEIRA FERREIRA;EFETIVOS;AGENTE PREVIDENCIARIO;; ESTATUTARIO;8867,65;;8867,65;2047,50;6820,15;
RICARDO AUGUSTO ANTUNES BOTINELLY;AMAZONPREV-ATIVOS;MEMBRO DE CONSELHO;; CARGO COMISSION.S/VINCULO;1170,00;;1170,00;;1170,00;
RICLEITON WALLACE PEDROSO BATISTA;EFETIVOS;AGENTE PREVIDENCIARIO;; ESTATUTARIO;6650,74;;6650,74;997,55;5653,19;
RILMA FERREIRA DA COSTA;EFETIVOS;AGENTE PREVIDENCIARIO;ASSESSOR III AMZ-4; ESTATUTARIO;8150,74;;8150,74;1850,35;6300,39;
ROBERVANE MORAES DE MELLO COMPTON;EFETIVOS;AGENTE PREVIDENCIARIO;AG. PREVIDENCIARIO; ESTATUTARIO;6650,74;;6650,74;1385,71;5265,03;
ROBSON SORIA NEGREIROS;EFETIVOS;AGENTE PREVIDENCIARIO;; ESTATUTARIO;8867,65;;8867,65;2047,50;6820,15;
RONALDO ROSALINO JUNIOR;EFETIVOS;AGENTE PREVIDENCIARIO;AG. PREVIDENCIARIO; ESTATUTARIO;6650,74;;6650,74;1489,99;5160,75;
SERGIO FERREIRA NETO;EFETIVOS;AGENTE PREVIDENCIARIO;; ESTATUTARIO;6650,74;;6650,74;1489,99;5160,75;
SID ALVES DA SILVA GUILHERME;EFETIVOS;ADVOGADO;; ESTATUTARIO;11170,50;;11170,50;3093,38;8077,12;
SIMELBE CARNEIRO FURTADO;EFETIVOS;AGENTE PREVIDENCIARIO;; ESTATUTARIO;6650,74;;6650,74;1437,85;5212,89;
VALDIR RODRIGUES BARBOSA;CONAD;MEMBRO DE CONSELHO;MEMBRO.CONS.ADM.; CARGO COMISSION.S/VINCULO;1170,00;583,34;586,66;;586,66;
WANDER DE ARAUJO MOTTA;CONAD;MEMBRO DE CONSELHO;VICE-PRES CONS.ADM.; CARGO COMISSION.S/VINCULO;1170,00;;1170,00;;1170,00;
WELLINGTON GUIMARAES BENTES;EFETIVOS;AGENTE PREVIDENCIARIO;; ESTATUTARIO;6650,74;;6650,74;1489,99;5160,75;
WILZA DO NASCIMENTO MOREIRA;COMISSIONADOS;ASS. DE DIRETORIA E GERENCIA AMZ. 1;; CARGO COMISSION.S/VINCULO;3781,33;;3781,33;565,95;3215,38;
WIVIANNY FARIAS PEREIRA LACERDA;EFETIVOS;AGENTE PREVIDENCIARIO;; ESTATUTARIO;5320,59;;5320,59;929,26;4391,33;
ZIRLEY RAMOS AQUINO;EFETIVOS;AGENTE PREVIDENCIARIO;AG. PREVIDENCIARIO; ESTATUTARIO;6650,74;;6650,74;1489,99;5160,75;
