NOME;LOTACAO;CARGO;FUNCAO;VINCULO;REMUNERACAO LEGAL TOTAL(R$);DESC.TETO(R$); REMUNERACAO LEGAL DEVIDA(R$);DESCONTOS LEGAIS(R$);LIQUIDO DISPONIVEL(R$);
ANDRE AFONSO MATOS;AGENCIA DE REPRES.PROM.DO AM;ASSESSOR III AD-3;; CARGO COMISSION.S/VINCULO;3191,80;;3191,80;422,40;2769,40;
IVANILDA TEOFILO DOS SANTOS;AGENCIA DE REPRES.PROM.DO AM;ASSESSOR III AD-3;; CARGO COMISSION.S/VINCULO;3014,47;;3014,47;;3014,47;
JOSE RAIMUNDO SOUSA DE FARIAS;GABINETE DO SECRETARIO;REPRESENTANTE DO GOV.DE S.PAULO;; CARGO COMISSION.S/VINCULO;13500,00;;13500,00;3284,26;10215,74;
LUIZ CARLOS GONCALVES;AGENCIA DE REPRES.PROM.DO AM;TNS-I;MOT.DO SECRETARIO; ESTATUTARIO;3658,12;;3658,12;376,08;3282,04;
MARCIO ROBERTO DA SILVA;AGENCIA DE REPRES.PROM.DO AM;ASSESSOR II AD-2;; CARGO COMISSION.S/VINCULO;3209,79;;3209,79;426,78;2783,01;
PAULO SANDRO DA SILVA SOARES;AGENCIA DE REPRES.PROM.DO AM;CHEFE DE DEPARTAMENTO;; CARGO COMISSION.S/VINCULO;5229,77;;5229,77;986,40;4243,37;
ROCINEIDE MARIA VENANCIO DA SILVA;AGENCIA DE REPRES.PROM.DO AM;AUX.O-I;ASSESSOR I AD-1; ESTATUTARIO;5866,90;;5866,90;754,87;5112,03;
ROMULO MASCARENHAS GALUCIO;AGENCIA DE REPRES.PROM.DO AM;ASSESSOR III AD-3;; CARGO COMISSION.S/VINCULO;6383,60;;6383,60;1327,25;5056,35;
ROSILIANE CANTISANI BESSA;AGENCIA DE REPRES.PROM.DO AM;ASSESSOR I AD-1;ASSESSOR I AD-1; CARGO COMISSION.S/VINCULO;5229,77;;5229,77;986,40;4243,37;
SILVIA CHRISTINA DOMINGUES DE ABREU;AGENCIA DE REPRES.PROM.DO AM;ENGENHEIRO AGRONOMO;GERENTE AD/2; ESTATUTARIO;6615,48;;6615,48;1477,48;5138,00;
VERUSCA KUROKI CRUZ;AGENCIA DE REPRES.PROM.DO AM;ASSESSOR I AD-1;; CARGO COMISSION.S/VINCULO;4229,77;;4229,77;646,71;3583,06;
VILBERTO ROUSSEOU DE LA TORRES;AGENCIA DE REPRES.PROM.DO AM;CHEFE DE GABINETE AD-1;; CARGO COMISSION.S/VINCULO;4229,77;;4229,77;676,15;3553,62;
