NOME;LOTACAO;CARGO;FUNCAO;VINCULO;REMUNERACAO LEGAL TOTAL(R$);DESC.TETO(R$); REMUNERACAO LEGAL DEVIDA(R$);DESCONTOS LEGAIS(R$);LIQUIDO DISPONIVEL(R$);
ADELI FRANCY FERREIRA MASSULO;INST.DERM.VEN. ALFREDO DA MATA;AUX. EM REGISTRO DE SAUDE 2A CLASSE;SUBGERENTE AD3; ESTATUTARIO;5673,03;;5673,03;799,62;4873,41;
ADELICE DE SOUZA ANDRADE;INST.DERM.VEN. ALFREDO DA MATA;TEC. DE ENFERMAGEM-TEN-P.S.N.M.-D;; ESTATUTARIO;2462,79;;2462,79;215,91;2246,88;
ADRIANA ANDRADE RAPOSO;INST.DERM.VEN. ALFREDO DA MATA;MEDICO ESPECIALISTA;; ESTATUTARIO;7352,68;;7352,68;1643,30;5709,38;
AGLIMAR COSTA BARRONCAS;INST.DERM.VEN. ALFREDO DA MATA;AUXILIAR DE ENFERMAGEM A;AUX. DE ENFERMAGEM; ESTATUTARIO;1717,06;;1717,06;150,38;1566,68;
ALDENICE ILKA IZEL BENJAMIN;INST.DERM.VEN. ALFREDO DA MATA;CHEFE DE GABINETE AD-1;; CARGO COMISSION.S/VINCULO;5100,30;;5100,30;946,24;4154,06;
ALESSANDRA MARIA MOURA S SOUSA;INST.DERM.VEN. ALFREDO DA MATA;GERENTE AD-2;GERENTE AD-2; CARGO COMISSION.S/VINCULO;4093,27;;4093,27;641,90;3451,37;
ALEXANDRA DE FREITAS COSTA;INST.DERM.VEN. ALFREDO DA MATA;TECNICO DE SAUDE EM DERMATOLOGIA;TED DE SAUDE DERMAT; ESTATUTARIO;1852,35;;1852,35;203,76;1648,59;
ALVARO LUIZ BRANDAO DE FREITAS;INST.DERM.VEN. ALFREDO DA MATA;TECNICO EM DERMAT SANITARIA;; ESTATUTARIO;2490,10;;2490,10;218,91;2271,19;
AMANDA COSTA DA SILVA;INST.DERM.VEN. ALFREDO DA MATA;AUXILIAR DE ENFERMAGEM A;AUX. DE ENFERMAGEM; ESTATUTARIO;1494,29;;1494,29;164,37;1329,92;
AMAURI DAMASCENO PASSOS;INST.DERM.VEN. ALFREDO DA MATA;TECNICO EM DERMAT SANITARIA;ASSESSOR III - AD3; ESTATUTARIO;5087,47;;5087,47;558,53;4528,94;
ANA AMELIA RODRIGUES DA SILVA;INST.DERM.VEN. ALFREDO DA MATA;AGENTE ADMINISTRATIVO 4A CLASSE;; ESTATUTARIO;1387,37;;1387,37;152,61;1234,76;
ANA CELIA DA SILVA MOURA;INST.DERM.VEN. ALFREDO DA MATA;FARMACEUTICO;FARMACEUTICO; ESTATUTARIO;5278,78;;5278,78;1003,29;4275,49;
ANA CLAUDIA ARAUJO LOPES C CAMILLO;INST.DERM.VEN. ALFREDO DA MATA;ENFERMEIRO-ENF-P.S.N.S.-B;ENFERMEIRA; ESTATUTARIO;5677,69;;5677,69;1092,67;4585,02;
ANA CRISTINA DE LIMA MIRANDA;INST.DERM.VEN. ALFREDO DA MATA;TECNICO DE PATOLOGIA CLINICA A;TEC. PATOL. CLINICA; ESTATUTARIO;2144,24;;2144,24;178,67;1965,57;
ANA CRISTINA MEZA BATAGINI;INST.DERM.VEN. ALFREDO DA MATA;CIR.DENT.-CCRD-P.S.N.S.-A;CIRURGIAO DENTISTA; ESTATUTARIO;4940,40;;4940,40;896,63;4043,77;
ANA LUCIA ALVES DE MESQUITA;INST.DERM.VEN. ALFREDO DA MATA;TECNICO DE SAUDE EM DERMATOLOGIA;TEC.SAUDE.DERMATOLOG; ESTATUTARIO;1852,35;;1852,35;203,76;1648,59;
ANA RUTH SILVA DE ARAUJO;INST.DERM.VEN. ALFREDO DA MATA;MEDICO DOUTOR;; ESTATUTARIO;8376,05;;8376,05;2059,69;6316,36;
ANA VERONICA MATIAS P DAMASCENO;INST.DERM.VEN. ALFREDO DA MATA;TEC.DE PAT.CLINICA-TPC-P.S.N.M.-A;TEC. PATOLOGIA; ESTATUTARIO;1759,59;;1759,59;193,55;1566,04;
ANDRE LUIZ LETURIONDO;INST.DERM.VEN. ALFREDO DA MATA;FARMAC.BIOQ. -FAB-P.S.N.S.-A;FARMAC. BIOQUIMICO; ESTATUTARIO;5346,46;;5346,46;1027,30;4319,16;
ANDRE LUIZ LETURIONDO;INST.DERM.VEN. ALFREDO DA MATA;FARMACEUTICO BIOQUIMICO A;FARMAC. BIOQUIMICO; ESTATUTARIO;5278,78;;5278,78;1003,29;4275,49;
ANDREY AMORIM DE LIMA;INST.DERM.VEN. ALFREDO DA MATA;MEDICO RESIDENTE;; RESIDENTE;6660,86;;6660,86;608,44;6052,42;
ANDREZA TELES GUIMARAES;INST.DERM.VEN. ALFREDO DA MATA;AUXILIAR DE ENFERMAGEM A;AUX. DE ENFERMAGEM; ESTATUTARIO;1494,29;;1494,29;164,37;1329,92;
ANIZE MARLY SIMOES;INST.DERM.VEN. ALFREDO DA MATA;COPEIRO A;; ESTATUTARIO;1530,05;;1530,05;168,31;1361,74;
ANTONIO GILSON DE SOUZA;INST.DERM.VEN. ALFREDO DA MATA;MOTORISTA-MOT-T.S.N.A.-D;; ESTATUTARIO;1978,19;;1978,19;217,60;1760,59;
ANTONIO PEDRO MENDES SCHETTINI;INST.DERM.VEN. ALFREDO DA MATA;MEDICO MESTRE;; ESTATUTARIO;9373,79;;9373,79;2360,29;7013,50;
ARINILDA DA SILVA PRADO;INST.DERM.VEN. ALFREDO DA MATA;AUXILIAR DE ENFERMAGEM;AUX. DE ENFERMAGEM; ESTATUTARIO;1494,29;;1494,29;164,37;1329,92;
BENIVALDA DOS SANTOS DOLZANE LOPES;INST.DERM.VEN. ALFREDO DA MATA;TECNICO DE SAUDE EM DERMATOLOGIA;GERENTE - AD 2; ESTATUTARIO;5852,35;;5852,35;835,63;5016,72;
BENJAMIN PERPETUO DE SOUZA FILHO;INST.DERM.VEN. ALFREDO DA MATA;ASSIST. DA ADM. AUXILIAR 2A CLASSE;; ESTATUTARIO;1669,33;;1669,33;183,63;1485,70;
CARLA ANTONIA NAZARE JAIME;INST.DERM.VEN. ALFREDO DA MATA;CIR.DENT.-CCRD-P.S.N.S.-A;CIRUGIAO DENTISTA; ESTATUTARIO;5393,48;;5393,48;951,88;4441,60;
CARLA BARROS DA ROCHA RIBAS;INST.DERM.VEN. ALFREDO DA MATA;MEDICO MESTRE;; ESTATUTARIO;11180,00;;11180,00;2837,00;8343,00;
CARLOS ALBERTO CASTRO BARROS;INST.DERM.VEN. ALFREDO DA MATA;ENFERMEIRO-ENF-P.S.N.S.-A;GERENTE; ESTATUTARIO;9140,12;;9140,12;1949,82;7190,30;
CARLOS ALBERTO CHIRANO RODRIGUES;INST.DERM.VEN. ALFREDO DA MATA;MEDICO ESPECIALISTA;; ESTATUTARIO;6696,63;;6696,63;1319,36;5377,27;
CAROLINA CHRUSCIAK TALHARI CORTEZ;INST.DERM.VEN. ALFREDO DA MATA;PESQUISADOR TIT.-PET-P.S.N.S.-A;; ESTATUTARIO;5549,49;;5549,49;1047,18;4502,31;
CELIA MARIA FERREIRA CORREIA;INST.DERM.VEN. ALFREDO DA MATA;MEDICO ESPECIALISTA;; ESTATUTARIO;7164,39;;7164,39;1639,83;5524,56;
CELIA MARIA FERREIRA CORREIA;INST.DERM.VEN. ALFREDO DA MATA;MEDICO ESPECIALISTA;; ESTATUTARIO;7226,69;;7226,69;1661,29;5565,40;
CLAUDIA REGINA DE SOUZA CUNHA;INST.DERM.VEN. ALFREDO DA MATA;TECNICO DE PATOLOGIA CLINICA A;TEC. PATOL. CLINICA; ESTATUTARIO;2144,24;;2144,24;178,67;1965,57;
CLEIBY ANDRADE DOS SANTOS;INST.DERM.VEN. ALFREDO DA MATA;TECNICO EM PATOLOGIA CLINICA;TEC. PATOL. CLINICA; ESTATUTARIO;2144,24;;2144,24;178,67;1965,57;
CLEOCINEIDE MESSIAS DA SILVA;INST.DERM.VEN. ALFREDO DA MATA;TEC. EM REGISTRO DE SAUDE 3A CLASSE;; ESTATUTARIO;2422,64;;2422,64;211,49;2211,15;
CYNTHIA DE OLIVEIRA FERREIRA;INST.DERM.VEN. ALFREDO DA MATA;FARMAC.BIOQ. -FAB-P.S.N.S.-A;FARMAC BIOQUIMICO; ESTATUTARIO;7128,61;;7128,61;1517,39;5611,22;
DAMIANA SILVA DE OLIVEIRA GOMES;INST.DERM.VEN. ALFREDO DA MATA;TECNICO DE SAUDE EM DERMATOLOGIA;; ESTATUTARIO;2144,24;;2144,24;180,87;1963,37;
DANIELA FROTA DE SOUZA;INST.DERM.VEN. ALFREDO DA MATA;MEDICO ESPECIALISTA;MED GENERALISTA; ESTATUTARIO;9305,95;;9305,95;2217,08;7088,87;
DANILO NEVES DE OLIVEIRA;INST.DERM.VEN. ALFREDO DA MATA;TECNICO DE SAUDE EM DERMATOLOGIA;; ESTATUTARIO;1759,59;;1759,59;193,55;1566,04;
DEBORA CRISTINA DE LIMA FERNANDES;INST.DERM.VEN. ALFREDO DA MATA;FARMACEUTICO-FAR-P.S.N.S.-A;; ESTATUTARIO;5869,69;;5869,69;1118,81;4750,88;
DELMARAH MACHADO DE BRITO LIMA;INST.DERM.VEN. ALFREDO DA MATA;AGENTE ADM.-AGA-T.S.N.A.-G;; ESTATUTARIO;1617,96;;1617,96;177,98;1439,98;
DIENY DA SILVA LIRA;INST.DERM.VEN. ALFREDO DA MATA;ENFERMEIRO-ENF-P.S.N.S.-A;; ESTATUTARIO;4940,40;;4940,40;896,63;4043,77;
DIRCE MARIANNE LIRA DE SERRA;INST.DERM.VEN. ALFREDO DA MATA;AGENTE ADM.-AGA-T.S.N.A.-G;; ESTATUTARIO;1656,94;;1656,94;182,26;1474,68;
EDINELZA PORTO DIAS;INST.DERM.VEN. ALFREDO DA MATA;ENFERMEIRO-ENF-P.S.N.S.-A;; ESTATUTARIO;4940,40;;4940,40;896,63;4043,77;
EDIVALDO LOPES BARROSO;INST.DERM.VEN. ALFREDO DA MATA;OPERADOR DE MANUTENCAO E APO;OPE DE MANUT APOIO; ESTATUTARIO;1375,86;;1375,86;151,34;1224,52;
EDIVAR DOS SANTOS FERNANDES FILHO;INST.DERM.VEN. ALFREDO DA MATA;FARMAC.BIOQ. -FAB-P.S.N.S.-D;; ESTATUTARIO;10894,11;;10894,11;2778,12;8115,99;
ELADIO FARIAS RAIOL;INST.DERM.VEN. ALFREDO DA MATA;MOTORISTA C1 ED-NFD-I;; ESTATUTARIO;1929,67;;1929,67;212,26;1717,41;
ELAINE DA SILVA BRASIL SANTOS;INST.DERM.VEN. ALFREDO DA MATA;AUXILIAR DE ENFERMAGEM A;AUX. DE ENFERMAGEM; ESTATUTARIO;1494,29;;1494,29;164,37;1329,92;
ELAINE DIAS MELO;INST.DERM.VEN. ALFREDO DA MATA;MEDICO RESIDENTE;; RESIDENTE;3330,43;;3330,43;366,34;2964,09;
ELBIO CORREA ROLA;INST.DERM.VEN. ALFREDO DA MATA;TECNICO EM DERMAT SANITARIA;; ESTATUTARIO;2709,01;;2709,01;218,91;2490,10;
ELEADE DE OLIVEIRA FALCAO;INST.DERM.VEN. ALFREDO DA MATA;TEC.DE PAT.CLINICA-TPC-P.S.N.M.-A;TEC.PAT.CLINICA; ESTATUTARIO;2858,99;;2858,99;236,89;2622,10;
ELIZABETH DE FATIMA P NASCIMENTO;INST.DERM.VEN. ALFREDO DA MATA;AUXILIAR DE SAUDE 3A CLASSE;; ESTATUTARIO;1972,94;;1972,94;180,72;1792,22;
ELZENIR DA SILVA GOMES;INST.DERM.VEN. ALFREDO DA MATA;AUXILIAR DE SERVICOS GERAIS;; ESTATUTARIO;1643,31;;1643,31;180,76;1462,55;
EMERSON LUIS DE CASTRO T SILVA;INST.DERM.VEN. ALFREDO DA MATA;MEDICO ESPECIALISTA;MED ESPECIALISTA; ESTATUTARIO;6520,14;;6520,14;1414,35;5105,79;
EMILIA DOS SANTOS PEREIRA;INST.DERM.VEN. ALFREDO DA MATA;ENFERMEIRO-ENF-P.S.N.S-D;; ESTATUTARIO;6134,13;;6134,13;1254,58;4879,55;
EUGENIO MEDEIROS FRAZAO;INST.DERM.VEN. ALFREDO DA MATA;TEC.DE PAT.CLINICA-TPC-P.S.N.M.-D;; ESTATUTARIO;2436,10;;2436,10;212,97;2223,13;
EUNICIANO MOREIRA DE OLIVEIRA;INST.DERM.VEN. ALFREDO DA MATA;ARTIFICE-ART-T.S.N.A.-C;; ESTATUTARIO;1643,31;;1643,31;180,76;1462,55;
EVENILDA BRAGA FERNANDES OLIVEIRA;INST.DERM.VEN. ALFREDO DA MATA;MEDICO 2A CLASSE;MEDICO; ESTATUTARIO;7113,70;;7113,70;1620,87;5492,83;
FERNANDA QUEIROZ DE LIMA;INST.DERM.VEN. ALFREDO DA MATA;TECNICO DE SAUDE EM DERMATOLOGIA;TEC.SAUDE EM DERMAT.; ESTATUTARIO;2144,24;;2144,24;178,67;1965,57;
FLAVIA DE JESUS PADILHA;INST.DERM.VEN. ALFREDO DA MATA;MEDICO ESPECIALISTA;; ESTATUTARIO;6391,21;;6391,21;1369,48;5021,73;
FLAVIANO DA SILVA OLIVEIRA;INST.DERM.VEN. ALFREDO DA MATA;MEDICO ESPECIALISTA;; ESTATUTARIO;7456,25;;7456,25;1691,88;5764,37;
FRANCINETE MOTTA LOPES;INST.DERM.VEN. ALFREDO DA MATA;TEC.DE PAT.CLINICA-TPC-P.S.N.M.-C;; ESTATUTARIO;2072,31;;2072,31;227,95;1844,36;
FRANCINETHE MIRANDA SEIXAS;INST.DERM.VEN. ALFREDO DA MATA;ASSESSOR III;ASSESSOR III AD-3; CARGO COMISSION.S/VINCULO;3086,94;;3086,94;402,81;2684,13;
FRANCISCA ANDRADE DE QUEIROZ;INST.DERM.VEN. ALFREDO DA MATA;FARMAC.BIOQ. -FAB-P.S.N.S.-A;; ESTATUTARIO;5587,80;;5587,80;845,77;4742,03;
FRANCISCO HELDER CAVALCANTE SOUSA;INST.DERM.VEN. ALFREDO DA MATA;PESQUISADOR INIC.-PEI-P.S.N.S.-D;DIRETOR PRESIDENTE; ESTATUTARIO;16938,48;;16938,48;4343,16;12595,32;
GUSTAVO AVILA MAQUINE;INST.DERM.VEN. ALFREDO DA MATA;MEDICO ESPECIALISTA;; ESTATUTARIO;6391,21;;6391,21;1369,48;5021,73;
HELENA DE NAZARE RODRIGUES E SANTO;INST.DERM.VEN. ALFREDO DA MATA;ASSIST. DA ADM. TECNICO 3A CLASSE;ASSESSOR 3 AD3; ESTATUTARIO;5701,97;;5701,97;903,61;4798,36;
HELOISA HELENA SANT'ANA XAUD REIS;INST.DERM.VEN. ALFREDO DA MATA;PSICOLOGO-PSI-P.S.N.S.-B;; ESTATUTARIO;5354,11;;5354,11;1030,01;4324,10;
HENRIQUE MANUEL GUIMAS BATATEL;INST.DERM.VEN. ALFREDO DA MATA;CHEFE DE DEPARTAMENTO AD-1;; CARGO COMISSION.S/VINCULO;5100,30;;5100,30;946,24;4154,06;
HERALDO LUCAS MELO;INST.DERM.VEN. ALFREDO DA MATA;ADMINISTRADOR_ADM.T.S.N.S.-D;; ESTATUTARIO;9152,23;;9152,23;2273,12;6879,11;
HERCULANO GONCALVES DE SOUZA;INST.DERM.VEN. ALFREDO DA MATA;MOTORISTA-MOT-T.S.N.A.-C;SUBGERENTE AD3; ESTATUTARIO;4906,35;;4906,35;459,69;4446,66;
HILARIO AQUINO DE OLIVEIRA;INST.DERM.VEN. ALFREDO DA MATA;TECNICO EM DERMAT SANITARIA;; ESTATUTARIO;2476,41;;2476,41;217,41;2259,00;
IANE CRISTINA DE OLIVEIRA FERREIRA;INST.DERM.VEN. ALFREDO DA MATA;AUXILIAR DE ENFERMAGEM A;; ESTATUTARIO;5663,62;;5663,62;768,67;4894,95;
IOLANE MACHADO DA SILVA;INST.DERM.VEN. ALFREDO DA MATA;DIRETOR ADMINISTRATIVO E FINANCEIRO;; CARGO COMISSION.S/VINCULO;9000,00;;9000,00;2046,76;6953,24;
IONE DA SILVA FREIRE;INST.DERM.VEN. ALFREDO DA MATA;ASSIST.SOC.ASS-P.S.N.S.-CL.B;; ESTATUTARIO;6634,83;;6634,83;1338,10;5296,73;
ISABEL CRISTINA LIMA ENCARNACAO;INST.DERM.VEN. ALFREDO DA MATA;MEDICO ESPECIALISTA;MEDICA ESPECIALISTA; ESTATUTARIO;6979,46;;6979,46;1577,30;5402,16;
ISABELE MARIA LINS CARLOS;INST.DERM.VEN. ALFREDO DA MATA;TECNICO-TEC-T.S.N.S.-D;TEC. NIVEL SUPERIOR; ESTATUTARIO;5833,36;;5833,36;1105,12;4728,24;
ISABELLE NOBREGA DE OLIVEIRA;INST.DERM.VEN. ALFREDO DA MATA;FISIOTERAPEUTA;SUBGERENTE AD-3; ESTATUTARIO;8278,78;;8278,78;1828,29;6450,49;
IVETE DE BRITO DA SILVEIRA;INST.DERM.VEN. ALFREDO DA MATA;ASSIST. DA ADM. AUXILIAR 1A CLASSE;ASSESSOR III - AD3; ESTATUTARIO;4760,56;;4760,56;542,42;4218,14;
JAIME CAVALCANTE DE CARVALHO;INST.DERM.VEN. ALFREDO DA MATA;TECNICO EM DERMAT SANITARIA;; ESTATUTARIO;2087,47;;2087,47;229,62;1857,85;
JAIRO DE SOUZA GOMES;INST.DERM.VEN. ALFREDO DA MATA;TEC.DE PAT.CLINICA-TPC-P.S.N.M.-C;; ESTATUTARIO;2072,31;;2072,31;227,95;1844,36;
JAMES MOURA DE SOUZA;INST.DERM.VEN. ALFREDO DA MATA;AUXILIAR DE SAUDE;; ESTATUTARIO;1663,62;;1663,62;183,00;1480,62;
JAMILE IZAN LOPES PALHETA JUNIOR;INST.DERM.VEN. ALFREDO DA MATA;AGENTE ADMINISTRATIVO A - N.B.;SUBGERENTE AD3; ESTATUTARIO;4387,37;;4387,37;469,30;3918,07;
JANE MARIA PIMENTEL DE FARIA;INST.DERM.VEN. ALFREDO DA MATA;AGENTE ADM.-AGA-T.S.N.A.-H;ASSESSOR I AD-1; ESTATUTARIO;6669,33;;6669,33;1097,84;5571,49;
JANETE QUEIROZ MORAES;INST.DERM.VEN. ALFREDO DA MATA;TECNICO EM DERMAT SANITARIA;; ESTATUTARIO;2422,64;;2422,64;211,49;2211,15;
JANETE REIS PINHEIRO;INST.DERM.VEN. ALFREDO DA MATA;TEC.DE PAT.CLINICA-TPC-P.S.N.M.-B;; ESTATUTARIO;1944,87;;1944,87;213,94;1730,93;
JEFERSON DE MATOS COELHO;INST.DERM.VEN. ALFREDO DA MATA;AUXILIAR DE SERVICOS GERAIS A;AUX SER GERAIS; ESTATUTARIO;1294,57;;1294,57;142,40;1152,17;
JOAO CATARINO DA SILVA DUTRA JUNIOR;INST.DERM.VEN. ALFREDO DA MATA;MEDICO ESPECIALISTA;MEDICO; ESTATUTARIO;6391,21;;6391,21;1369,48;5021,73;
JOCLIMAR CORREA MOURAO;INST.DERM.VEN. ALFREDO DA MATA;AUXILIAR ADMINISTRATIVO;SUBGERENTE AD3; ESTATUTARIO;4387,37;;4387,37;469,30;3918,07;
JOENILSON DOS SANTOS RODRIGUES;INST.DERM.VEN. ALFREDO DA MATA;ADMINISTRADOR_ADM.T.S.N.S.-D;; ESTATUTARIO;4897,11;;4897,11;840,54;4056,57;
JONISMAR FREITAS COSTA;INST.DERM.VEN. ALFREDO DA MATA;AUXILIAR DE SAUDE;SUBGERENTE AD3; ESTATUTARIO;4729,25;;4729,25;332,22;4397,03;
JORGE ALBERTO RODRIGUES DE OLIVEIRA;INST.DERM.VEN. ALFREDO DA MATA;TECNICO DE PATOLOGIA CLINICA A;TEC. PATOL. CLINICA; ESTATUTARIO;1894,95;;1894,95;208,44;1686,51;
JORGE DE CASTRO BARROS;INST.DERM.VEN. ALFREDO DA MATA;TECNICO EM DERMAT SANITARIA;ASSESSOR III - AD3; ESTATUTARIO;5087,47;;5087,47;644,03;4443,44;
JORGE DE SOUZA CRUZ;INST.DERM.VEN. ALFREDO DA MATA;VIGIA A;VIGIA; ESTATUTARIO;1375,86;;1375,86;151,34;1224,52;
JORGE EWERTON DOS SANTOS SALES;INST.DERM.VEN. ALFREDO DA MATA;FARMAC.BIOQ. -FAB-P.S.N.S.-A;GERENTE - AD2; ESTATUTARIO;9038,18;;9038,18;1965,80;7072,38;
JOSE ANSELMO DOS SANTOS FERREIRA;INST.DERM.VEN. ALFREDO DA MATA;MOTORISTA-MOT-T.S.N.A.-D;; ESTATUTARIO;1921,30;;1921,30;211,34;1709,96;
JOSE CARLOS GOMES SARDINHA;INST.DERM.VEN. ALFREDO DA MATA;MEDICO ESPECIALISTA;; ESTATUTARIO;7607,47;;7607,47;1797,02;5810,45;
JOSE CARLOS GOMES SARDINHA;INST.DERM.VEN. ALFREDO DA MATA;MEDICO ESPECIALISTA;; ESTATUTARIO;7555,79;;7555,79;1779,01;5776,78;
JOSE LUSIRAN DA SILVA;INST.DERM.VEN. ALFREDO DA MATA;OPERADOR DE MAQUINA REPOGRAFICA;; ESTATUTARIO;1735,30;;1735,30;182,12;1553,18;
JOSE MARIA GUEDES DA COSTA;INST.DERM.VEN. ALFREDO DA MATA;MOTORISTA-MOT-T.S.N.A.-C;ASSESSOR III - AD-3; ESTATUTARIO;4838,22;;4838,22;400,61;4437,61;
JOSE MARIA MOREIRA MATIAS;INST.DERM.VEN. ALFREDO DA MATA;MOTORISTA-MOT-T.S.N.A.-D;; ESTATUTARIO;1921,30;;1921,30;211,34;1709,96;
JOSE YRANIR DO NASCIMENTO;INST.DERM.VEN. ALFREDO DA MATA;TECNICO EM DERMAT SANITARIA;ASSESSOR I AD1; ESTATUTARIO;7072,31;;7072,31;1136,51;5935,80;
JOSIAS CORREIA DE FREITAS;INST.DERM.VEN. ALFREDO DA MATA;TECNICO DE SAUDE EM DERMATOLOGIA;; ESTATUTARIO;1805,04;;1805,04;198,55;1606,49;
JULIO CESAR LIMA SAMPAIO;INST.DERM.VEN. ALFREDO DA MATA;TECNICO DE NIVEL SUPERIOR;ASSESSOR III - AD3; ESTATUTARIO;4046,44;;4046,44;560,30;3486,14;
JUSCELINO MENDONCA DA SILVA JUNIOR;INST.DERM.VEN. ALFREDO DA MATA;MEDICO RESIDENTE;MEDICO RESIDENTE; RESIDENTE;3330,43;;3330,43;366,34;2964,09;
KAMILA ABTIBOL ALVES;INST.DERM.VEN. ALFREDO DA MATA;MEDICO RESIDENTE;; RESIDENTE;3330,43;;3330,43;366,34;2964,09;
KARIM TABHADA CHAGAS LOPEZ;INST.DERM.VEN. ALFREDO DA MATA;PSICOLOGO-PSI-P.S.N.S.-A;PSICOLOGO; ESTATUTARIO;5278,78;;5278,78;873,64;4405,14;
LAIRTON CAVALCANTE LIMA;INST.DERM.VEN. ALFREDO DA MATA;AGENTE ADM.-AGA-T.S.N.A.-H;; ESTATUTARIO;1669,33;;1669,33;183,63;1485,70;
LANIA MARIA MESTRINHO DE OLIVEIRA;INST.DERM.VEN. ALFREDO DA MATA;TECNICO DE INFORMATICA;SUBGERENTE AD-3; ESTATUTARIO;4556,56;;4556,56;521,79;4034,77;
LEUDA CARNEIRO DE SOUZA;INST.DERM.VEN. ALFREDO DA MATA;TECNICO DE SAUDE EM DERMATOLOGIA;TEC.SAUDE DERMAT; ESTATUTARIO;1852,35;;1852,35;203,76;1648,59;
LIANA HORTENCIA MIRANDA T MATHIAS;INST.DERM.VEN. ALFREDO DA MATA;MEDICO ESPECIALISTA;MEDICO; ESTATUTARIO;6391,21;;6391,21;1369,48;5021,73;
LIDIA MARIA MARTINS VALE;INST.DERM.VEN. ALFREDO DA MATA;ASSIST.SOC.ASS-P.S.N.S.-CL.A;ASS SOCIAL; ESTATUTARIO;5513,19;;5513,19;1034,31;4478,88;
LILIA DE OLIVEIRA ROY;INST.DERM.VEN. ALFREDO DA MATA;MEDICO ESPECIALISTA;; ESTATUTARIO;6391,21;;6391,21;1369,48;5021,73;
LINDINALVA BRAGA DE FARIA;INST.DERM.VEN. ALFREDO DA MATA;ASSIST.SOC.ASS-P.S.N.S.-CL.A;ASSISTENTE SOCIAL; ESTATUTARIO;5513,19;;5513,19;1086,44;4426,75;
LINEIA BORGES TOSCANO;INST.DERM.VEN. ALFREDO DA MATA;ENFERMEIRO;CHEFE DE DEPARTAMENT; ESTATUTARIO;9940,40;;9940,40;2258,24;7682,16;
LINEIA BORGES TOSCANO;INST.DERM.VEN. ALFREDO DA MATA;ENFERMEIRO-ENF-P.S.N.S.-A;ENFERMEIRO; ESTATUTARIO;5140,12;;5140,12;958,59;4181,53;
LISIANE MACHADO CONTENTE NOGUEIRA;INST.DERM.VEN. ALFREDO DA MATA;MEDICO ESPECIALISTA;; ESTATUTARIO;6391,21;;6391,21;1369,48;5021,73;
LIVIA SAMPAIO PEREIRA;INST.DERM.VEN. ALFREDO DA MATA;MEDICO RESIDENTE;MEDICO RESIDENTE; RESIDENTE;3330,43;;3330,43;366,34;2964,09;
LUCILENE SALES DE SOUZA;INST.DERM.VEN. ALFREDO DA MATA;MEDICO ESPECIALISTA;DIRETRORIA TECNICA; ESTATUTARIO;15687,94;;15687,94;3913,64;11774,30;
LUCILIA DE FATIMA SANTANA JARDIM;INST.DERM.VEN. ALFREDO DA MATA;ENFERMEIRO-ENF-P.S.N.S.-B;; ESTATUTARIO;5354,11;;5354,11;982,32;4371,79;
LUCIO FIGUEIRA PIMENTEL;INST.DERM.VEN. ALFREDO DA MATA;FARMACEUTICO-FAR-P.S.N.S.-A;SUBGERENTE AD-3; ESTATUTARIO;8587,80;;8587,80;1937,91;6649,89;
LUIZ CLAUDIO DIAS;INST.DERM.VEN. ALFREDO DA MATA;MEDICO ESPECIALISTA;; ESTATUTARIO;7587,94;;7587,94;1634,00;5953,94;
MANOEL JOAQUIM BERNARDES RABELO;INST.DERM.VEN. ALFREDO DA MATA;TECNICO 1A CLASSE;; ESTATUTARIO;4195,95;;4195,95;666,91;3529,04;
MARCOS BRANDAO DE FREITAS;INST.DERM.VEN. ALFREDO DA MATA;TEC. EM REGISTRO DE SAUDE 2A CLASSE;; ESTATUTARIO;2187,18;;2187,18;240,59;1946,59;
MARCUS VINICIUS MONTEIRO ALVES;INST.DERM.VEN. ALFREDO DA MATA;FISIOTERAPEUTA-FIS-P.S.N.S.-D;GERENTE - AD2; ESTATUTARIO;11387,68;;11387,68;2747,14;8640,54;
MARGARETE CONCEICAO DAMASCENO;INST.DERM.VEN. ALFREDO DA MATA;TECNICO EM DERMAT SANITARIA;; ESTATUTARIO;2436,10;;2436,10;236,90;2199,20;
MARIA ANETE QUEIROZ DE MORAES;INST.DERM.VEN. ALFREDO DA MATA;TECNICO EM DERMAT SANITARIA;ASSESSOR III AD-3; ESTATUTARIO;5114,16;;5114,16;653,50;4460,66;
MARIA AUXILIADORA PINHEIRO A CUNHA;INST.DERM.VEN. ALFREDO DA MATA;TEC.DE PAT.CLINICA-TPC-P.S.N.M.-D;; ESTATUTARIO;2178,58;;2178,58;239,64;1938,94;
MARIA CARMELIA DE LIMA ALMEIDA;INST.DERM.VEN. ALFREDO DA MATA;ASSIST. DA ADM. AUXILIAR 2A CLASSE;ASSESSOR III AD3; ESTATUTARIO;4656,94;;4656,94;384,91;4272,03;
MARIA CELIA PEREIRA CEZARIO;INST.DERM.VEN. ALFREDO DA MATA;TECNICO DE SAUDE EM DERMATOLOGIA;TEC.DE SAUDE DERM.; ESTATUTARIO;2144,24;;2144,24;178,67;1965,57;
MARIA CILENE DIAS DA COSTA;INST.DERM.VEN. ALFREDO DA MATA;AUXILIAR DE ENFERMAGEM A;AUX. DE ENFERMAGEM; ESTATUTARIO;1717,06;;1717,06;152,58;1564,48;
MARIA CLEMILDES MOREIRA DE OLIVEIRA;INST.DERM.VEN. ALFREDO DA MATA;ASSIST. DA ADM. AUXILIAR 2A CLASSE;; ESTATUTARIO;1669,33;;1669,33;183,63;1485,70;
MARIA DA CONCEICAO A SCHETTINI;INST.DERM.VEN. ALFREDO DA MATA;MEDICO ESPECIALISTA;; ESTATUTARIO;8581,95;;8581,95;2025,67;6556,28;
MARIA DA GRACA SOUZA CUNHA;INST.DERM.VEN. ALFREDO DA MATA;MEDICO DOUTOR;; ESTATUTARIO;13895,00;;13895,00;3804,90;10090,10;
MARIA DAS GRACAS PATRICIO FONSECA;INST.DERM.VEN. ALFREDO DA MATA;TEC. EM REGISTRO DE SAUDE 2A CLASSE;SUBGERENTE - AD3; ESTATUTARIO;5427,77;;5427,77;797,70;4630,07;
MARIA DAS GRACAS PEREIRA DE SOUZA;INST.DERM.VEN. ALFREDO DA MATA;FARMAC.BIOQ. -FAB-P.S.N.S.-A;; ESTATUTARIO;5953,94;;5953,94;1148,69;4805,25;
MARIA DE FATIMA MAROJA;INST.DERM.VEN. ALFREDO DA MATA;MEDICO MESTRE;; ESTATUTARIO;9774,91;;9774,91;2381,88;7393,03;
MARIA DE FATIMA PINTO DA SILVA;INST.DERM.VEN. ALFREDO DA MATA;TEC.DE PAT.CLINICA-TPC-P.S.N.M.-C;; ESTATUTARIO;2057,24;;2057,24;226,30;1830,94;
MARIA DE JESUS VIEIRA DOS SANTOS;INST.DERM.VEN. ALFREDO DA MATA;AUXILIAR DE SAUDE;; ESTATUTARIO;2023,40;;2023,40;186,27;1837,13;
MARIA DO PERPETUO SOCORRO A SOUZA;INST.DERM.VEN. ALFREDO DA MATA;TECNICO EM DERMAT SANITARIA;; ESTATUTARIO;2490,10;;2490,10;218,91;2271,19;
MARIA DO SOCORRO DE SOUSA CUNHA;INST.DERM.VEN. ALFREDO DA MATA;TEC.DE PAT.CLINICA-TPC-P.S.N.M.-C;; ESTATUTARIO;2422,64;;2422,64;234,53;2188,11;
MARIA DORENILDA ARAUJO LOPES;INST.DERM.VEN. ALFREDO DA MATA;TECNICO DE SAUDE EM DERMATOLOGIA;TEC DAUDE EM DERM; ESTATUTARIO;2144,24;;2144,24;178,67;1965,57;
MARIA GEDALVA DA SILVA COSTA;INST.DERM.VEN. ALFREDO DA MATA;AUXILIAR ADMINISTRATIVO;AUX DE ADM; ESTATUTARIO;1387,37;;1387,37;152,61;1234,76;
MARIA GORETE ALVES SIMAO;INST.DERM.VEN. ALFREDO DA MATA;TECNICO EM DERMAT SANITARIA;; ESTATUTARIO;2317,09;;2317,09;229,62;2087,47;
MARIA GORETTI CAMPOS BANDEIRA;INST.DERM.VEN. ALFREDO DA MATA;FARMAC.BIOQ. -FAB-P.S.N.S.-C;; ESTATUTARIO;5944,47;;5944,47;1239,44;4705,03;
MARIA HELENA BEZERRA DE AMORIM;INST.DERM.VEN. ALFREDO DA MATA;AUXILIAR DE ENFERMAGEM A;; ESTATUTARIO;1663,62;;1663,62;183,00;1480,62;
MARIA IANE SANTOS DA SILVA;INST.DERM.VEN. ALFREDO DA MATA;TECNICO DE PATOLOGIA CLINICA A;TEC. PATOL. CLINICA; ESTATUTARIO;1759,59;;1759,59;193,55;1566,04;
MARIA MARLICE MAR NUNES;INST.DERM.VEN. ALFREDO DA MATA;AUXILIAR DE ENFERMAGEM A;; ESTATUTARIO;1663,62;;1663,62;183,00;1480,62;
MARIA NAZARE DO ROSARIO UCHOA SILVA;INST.DERM.VEN. ALFREDO DA MATA;TECNICO EM DERMAT SANITARIA;; ESTATUTARIO;2087,47;;2087,47;229,62;1857,85;
MARIA NESIONEIA RODRIGUES CORREA;INST.DERM.VEN. ALFREDO DA MATA;TEC.DE PAT.CLINICA-TPC-P.S.N.M.-A;TEC DE PATOLOGIA; ESTATUTARIO;2182,90;;2182,90;185,12;1997,78;
MARIA NIZA VILAS BOAS CONCEICAO;INST.DERM.VEN. ALFREDO DA MATA;TECNICO DE SAUDE EM DERMATOLOGIA;TEC.SAUDE EM DERMAT.; ESTATUTARIO;2346,12;;2346,12;212,19;2133,93;
MARIA SALETE BAHIA MARQUES;INST.DERM.VEN. ALFREDO DA MATA;CONTADOR-CON-T.S.N.S.-B;; ESTATUTARIO;4525,44;;4525,44;622,78;3902,66;
MARIA SENA DE CASTRO;INST.DERM.VEN. ALFREDO DA MATA;ASSIST. DA ADM. AUXILIAR 2A CLASSE;; ESTATUTARIO;1896,47;;1896,47;187,94;1708,53;
MARIANA BENTES FARIAS;INST.DERM.VEN. ALFREDO DA MATA;AGENTE ADM.-AGA-T.S.N.A.-E;AG ADM; ESTATUTARIO;1387,37;;1387,37;152,61;1234,76;
MARIANA GIANEI BELAN;INST.DERM.VEN. ALFREDO DA MATA;MEDICO RESIDENTE;; RESIDENTE;3330,43;;3330,43;366,34;2964,09;
MARINA VALENTE MAIA;INST.DERM.VEN. ALFREDO DA MATA;MEDICO GRADUADO;MEDICO GENERALISTA; ESTATUTARIO;5792,44;;5792,44;1185,51;4606,93;
MIRELA DE CASSIA CHAVES B GRIBOV;INST.DERM.VEN. ALFREDO DA MATA;ENFERMEIRO-ENF-P.S.N.S.-A;ENFERMEIRA; ESTATUTARIO;5513,19;;5513,19;1086,44;4426,75;
MONICA NUNES DE SOUZA SANTOS;INST.DERM.VEN. ALFREDO DA MATA;MEDICO DOUTOR;DIR.ENSINO PESQUISA; ESTATUTARIO;17077,74;;17077,74;4502,70;12575,04;
MONICA VASCONCELOS GUIMARAES;INST.DERM.VEN. ALFREDO DA MATA;FARMAC.BIOQ. -FAB-P.S.N.S.-B;; ESTATUTARIO;5354,11;;5354,11;1030,01;4324,10;
MONIQUE GUERREIRO PRADO;INST.DERM.VEN. ALFREDO DA MATA;ASSIST.SOC.ASS-P.S.N.S.-CL.C;ASSESSOR I AD-1; ESTATUTARIO;10744,52;;10744,52;2491,37;8253,15;
NADIA LIMA NEVES;INST.DERM.VEN. ALFREDO DA MATA;AUXILIAR DE ENFERMAGEM A;; ESTATUTARIO;1861,87;;1861,87;168,51;1693,36;
NADIA NEY SOUZA DOS SANTOS;INST.DERM.VEN. ALFREDO DA MATA;TECNICO EM DERMAT SANITARIA;GERENTE -AD2; ESTATUTARIO;6087,47;;6087,47;919,03;5168,44;
NADIA SOCORRO NOGUEIRA PIMENTEL;INST.DERM.VEN. ALFREDO DA MATA;ENFERMEIRO-ENF-P.S.N.S.-A;GERENTE AD2; ESTATUTARIO;5513,19;;5513,19;1086,44;4426,75;
NADYA FERNANDES PICANCO LOPES;INST.DERM.VEN. ALFREDO DA MATA;MEDICO ESPECIALISTA;; ESTATUTARIO;6993,26;;6993,26;1527,94;5465,32;
NATALIA DE CASTRO LOUREIRO;INST.DERM.VEN. ALFREDO DA MATA;PSICOLOGO A;PSICOLOGO; ESTATUTARIO;5278,78;;5278,78;1003,29;4275,49;
OCIREMA MELLO DA ROCHA;INST.DERM.VEN. ALFREDO DA MATA;AUXILIAR DE ENFERMAGEM A;AUX. ENFERMAGEM; ESTATUTARIO;1494,29;;1494,29;164,37;1329,92;
ORLENE BRAGA CABRAL DE SOUZA;INST.DERM.VEN. ALFREDO DA MATA;TECNICO-TEC-T.S.N.S.-D;ASSESSOR I - AD1; ESTATUTARIO;10629,76;;10629,76;2502,79;8126,97;
PATRICIA MOTTA DE MORAIS;INST.DERM.VEN. ALFREDO DA MATA;MEDICO MESTRE;; ESTATUTARIO;7905,47;;7905,47;1900,74;6004,73;
PAULA FRASSINETTI BESSA REBELLO;INST.DERM.VEN. ALFREDO DA MATA;MEDICO MESTRE;; ESTATUTARIO;9180,47;;9180,47;2291,71;6888,76;
PAULO ANTONIO SILVA CONTENTE;INST.DERM.VEN. ALFREDO DA MATA;MEDICO ESPECIALISTA;MEDICO; ESTATUTARIO;6391,21;;6391,21;1265,20;5126,01;
PAULO CHAVES MARTINS;INST.DERM.VEN. ALFREDO DA MATA;PSICOLOGO-PSI-P.S.N.S.-A;PSICOLOGO; ESTATUTARIO;5038,18;;5038,18;926,97;4111,21;
PAULO TADEU CAVALCANTE SAIF;INST.DERM.VEN. ALFREDO DA MATA;TEC.DE PAT.CLINICA-TPC-P.S.N.M.-D;; ESTATUTARIO;2859,88;;2859,88;235,94;2623,94;
RAIMUNDA NONATA MESTRINHO OLIVEIRA;INST.DERM.VEN. ALFREDO DA MATA;ASSISTENTE TECNICO A;SUBGERENTE AD-3; ESTATUTARIO;4951,97;;4951,97;593,88;4358,09;
RAIMUNDA RIBEIRO CHAVES;INST.DERM.VEN. ALFREDO DA MATA;AUXILIAR DE ENFERMAGEM B;; ESTATUTARIO;1836,10;;1836,10;201,97;1634,13;
RAIMUNDO AUGUSTO CARVALHO AZEVEDO;INST.DERM.VEN. ALFREDO DA MATA;AGENTE ADMINISTRATIVO A - N.B.;AG. ADMINISTRATIVO; ESTATUTARIO;1387,37;;1387,37;152,61;1234,76;
RAIMUNDO MOREIRA DE OLIVEIRA;INST.DERM.VEN. ALFREDO DA MATA;ASSISTENTE TECNICO A;ASSESSEOR III AD-3; ESTATUTARIO;5993,44;;5993,44;883,66;5109,78;
RAIMUNDO NONATO BARBOSA DA SILVA;INST.DERM.VEN. ALFREDO DA MATA;AUXILIAR DE SAUDE 3A CLASSE;; ESTATUTARIO;1782,43;;1782,43;196,07;1586,36;
RAISA ILENA CARANHAS FEITOZA;INST.DERM.VEN. ALFREDO DA MATA;MEDICO RESIDENTE;; RESIDENTE;3330,43;;3330,43;366,34;2964,09;
RAQUEL BAMOND REIS;INST.DERM.VEN. ALFREDO DA MATA;ASSESSOR III AD-3;ASSESSOR III AD-3; CARGO COMISSION.S/VINCULO;3086,94;;3086,94;402,81;2684,13;
RAQUEL DOS SANTOS DO CARMO;INST.DERM.VEN. ALFREDO DA MATA;TECNICO DE SAUDE EM DERMATOLOGIA;TEC.DE SAUDE; ESTATUTARIO;2144,24;;2144,24;178,67;1965,57;
RENATO CANDIDO DA SILVA JUNIOR;INST.DERM.VEN. ALFREDO DA MATA;MEDICO ESPECIALISTA;MEDICO; ESTATUTARIO;6391,21;;6391,21;1000,35;5390,86;
ROBERTA FERREIRA NAZARETH ALAGIA;INST.DERM.VEN. ALFREDO DA MATA;MEDICO ESPECIALISTA;; ESTATUTARIO;7174,61;;7174,61;1645,34;5529,27;
ROBERTO PINELA PALHETA;INST.DERM.VEN. ALFREDO DA MATA;AGENTE ADM.-AGA-T.S.N.A.-H;; ESTATUTARIO;1669,33;;1669,33;183,63;1485,70;
RODOLFO KENNEDY PALHETA DA SILVA;INST.DERM.VEN. ALFREDO DA MATA;TECNICO DE PATOLOGIA CLINICA A;TEC. PATOL. CLINICA; ESTATUTARIO;2144,24;;2144,24;193,55;1950,69;
ROGÉRIO NOGUEIRA DE CAMARGOS;INST.DERM.VEN. ALFREDO DA MATA;CONTADOR-CON-T.S.N.S.-A;SUBGERENTE AD-3; ESTATUTARIO;6722,21;;6722,21;1119,68;5602,53;
ROGER NEVES DE ASSIS;INST.DERM.VEN. ALFREDO DA MATA;PSICOLOGO-PSI-P.S.N.S.-A;GERENTE  - AD2; ESTATUTARIO;9278,78;;9278,78;2103,29;7175,49;
ROMENA BANDEIRA DE MELO ARCE;INST.DERM.VEN. ALFREDO DA MATA;ASSESSOR III AD-3;; CARGO COMISSION.S/VINCULO;3086,94;;3086,94;402,81;2684,13;
RONALDO DE FREITAS DAMASCENO;INST.DERM.VEN. ALFREDO DA MATA;FARMACEUTICO;FARMACEUTICO; ESTATUTARIO;4940,40;;4940,40;896,63;4043,77;
RONALDO DERZY AMAZONAS;INST.DERM.VEN. ALFREDO DA MATA;FARMAC.BIOQ. -FAB-P.S.N.S.-D;; ESTATUTARIO;8567,10;;8567,10;2013,41;6553,69;
ROSA BATISTA CORREA;INST.DERM.VEN. ALFREDO DA MATA;MEDICO ESPECIALISTA;MEDICA ESPECIALISTA; ESTATUTARIO;6476,85;;6476,85;1399,29;5077,56;
ROSANA FERREIRA LOPES;INST.DERM.VEN. ALFREDO DA MATA;TEC. EM REGISTRO DE SAUDE 3A CLASSE;GERENTE AD2; ESTATUTARIO;6072,31;;6072,31;965,79;5106,52;
ROSANGELA LOPES CAVALCANTI;INST.DERM.VEN. ALFREDO DA MATA;AGENTE ADMINISTRATIVO A - N.B.;AG. ADMINISTRATIVO; ESTATUTARIO;1387,37;;1387,37;152,61;1234,76;
ROSARILDA DIAS DA SILVA;INST.DERM.VEN. ALFREDO DA MATA;AUXILIAR DE SAUDE 3A CLASSE;; ESTATUTARIO;1782,43;;1782,43;196,07;1586,36;
ROSEMARY GONCALVES DE LIMA;INST.DERM.VEN. ALFREDO DA MATA;AGENTE ADM.-AGA-T.S.N.A.-G;GERENTE AD2; ESTATUTARIO;5839,20;;5839,20;764,28;5074,92;
ROSIMEIRE RODRIGUES DE CARVALHO;INST.DERM.VEN. ALFREDO DA MATA;SUBGERENTE AD-3;SUBGERENTE AD-3; CARGO COMISSION.S/VINCULO;3086,94;;3086,94;402,81;2684,13;
ROSQUILDE BENICIO DO CARMO;INST.DERM.VEN. ALFREDO DA MATA;ASSIST. DA ADM. TECNICO 2A CLASSE;; ESTATUTARIO;2802,77;;2802,77;308,30;2494,47;
ROSSILENE CONCEICAO DA SILVA CRUZ;INST.DERM.VEN. ALFREDO DA MATA;MEDICO MESTRE;; ESTATUTARIO;8492,06;;8492,06;2105,99;6386,07;
ROSSILENE CONCEICAO DA SILVA CRUZ;INST.DERM.VEN. ALFREDO DA MATA;MEDICO MESTRE;; ESTATUTARIO;8649,75;;8649,75;2109,05;6540,70;
ROZILDA PEREIRA DA COSTA;INST.DERM.VEN. ALFREDO DA MATA;TEC.DE PAT.CLINICA-TPC-P.S.N.M.-D;; ESTATUTARIO;2753,99;;2753,99;241,93;2512,06;
SANDRA MARIA PIMENTA DO NASCIMENTO;INST.DERM.VEN. ALFREDO DA MATA;AUXILIAR DE ENFERMAGEM A;; ESTATUTARIO;1689,47;;1689,47;185,84;1503,63;
SANDRA REGINA SALES DE M AQUINO;INST.DERM.VEN. ALFREDO DA MATA;MEDICO MESTRE;; ESTATUTARIO;7509,05;;7509,05;1601,95;5907,10;
SANDRA VALERIA SILVA DE GOUVEIA;INST.DERM.VEN. ALFREDO DA MATA;AGENTE ADM.-AGA-T.S.N.A.-G;; ESTATUTARIO;1656,94;;1656,94;182,26;1474,68;
SARAH DE SOUZA LIMA;INST.DERM.VEN. ALFREDO DA MATA;ASSIST.SOC.ASS-P.S.N.S.-CL.A;; ESTATUTARIO;4940,40;;4940,40;896,63;4043,77;
SEBASTIAO PASCOAL DE FARIA;INST.DERM.VEN. ALFREDO DA MATA;TECNICO A;CHEFE DE DEPARTAMENT; ESTATUTARIO;9195,95;;9195,95;1889,88;7306,07;
SIGRID LORIS GUIMARAES;INST.DERM.VEN. ALFREDO DA MATA;TECNICO DE ENFERMAGEM;; ESTATUTARIO;1998,23;;1998,23;219,81;1778,42;
SILMARA NAVARRO PENNINI;INST.DERM.VEN. ALFREDO DA MATA;MEDICO MESTRE;CHEFE DE DEPARTAMENT; ESTATUTARIO;13447,05;;13447,05;3465,02;9982,03;
SILVIA MACEDO DA SILVA;INST.DERM.VEN. ALFREDO DA MATA;TECNICO DE PATOLOGIA CLINICA A;SUBGERENTE; ESTATUTARIO;4759,59;;4759,59;542,12;4217,47;
SILVIA ROCHA NAKAJIMA;INST.DERM.VEN. ALFREDO DA MATA;MEDICO ESPECIALISTA;; ESTATUTARIO;6391,21;;6391,21;1369,48;5021,73;
SIMONE CAROL LOPES FERREIRA TAVARES;INST.DERM.VEN. ALFREDO DA MATA;TEC.DE NIV.SUP.-COMUNICACAO SOCIAL;COMUN.SOCIAL; ESTATUTARIO;4419,51;;4419,51;679,64;3739,87;
SINESIO TALHARI;INST.DERM.VEN. ALFREDO DA MATA;PESQUISADOR ADJ.-PAD-P.S.N.S-C;; ESTATUTARIO;6733,54;;6733,54;1519,36;5214,18;
SOLANGE GONCALVES KANEKO;INST.DERM.VEN. ALFREDO DA MATA;ASSIST.SOC.ASS-P.S.N.S.-CL.A;ASSIST.SOCIAL; ESTATUTARIO;6587,20;;6587,20;1336,11;5251,09;
SOLEDAD COUTO VALLE BORBOREMA;INST.DERM.VEN. ALFREDO DA MATA;MEDICO ESPECIALISTA;; ESTATUTARIO;7473,41;;7473,41;1686,14;5787,27;
SUELY BEZERRA GOMES;INST.DERM.VEN. ALFREDO DA MATA;AUXILIAR DE ENFERMAGEM A;; ESTATUTARIO;1742,45;;1742,45;191,67;1550,78;
SUELY BEZERRA PEREIRA;INST.DERM.VEN. ALFREDO DA MATA;TEC.DE PAT.CLINICA-TPC-P.S.N.M.-C;; ESTATUTARIO;2072,31;;2072,31;227,95;1844,36;
SUELY SILVA DE ALMEIDA;INST.DERM.VEN. ALFREDO DA MATA;ASSISTENTE TECNICO A;; ESTATUTARIO;1811,37;;1811,37;199,25;1612,12;
TANIA REGINA SILVA EH SILVA;INST.DERM.VEN. ALFREDO DA MATA;GERENTE AD-2;GERENTE AD2; CARGO COMISSION.S/VINCULO;4093,27;;4093,27;641,90;3451,37;
TEREZA VASCONCELOS MOTA;INST.DERM.VEN. ALFREDO DA MATA;ENFERMEIRO-ENF-P.S.N.S.-A;ENFERMEIRA; ESTATUTARIO;5869,69;;5869,69;1117,22;4752,47;
THEODOMIRO SANTOS DE OLIVEIRA;INST.DERM.VEN. ALFREDO DA MATA;ASSISTENTE TECNICO;SUBGERENTE - AD3; ESTATUTARIO;4788,23;;4788,23;499,03;4289,20;
THIAGO MONTENEGRO DA SILVA;INST.DERM.VEN. ALFREDO DA MATA;MEDICO ESPECIALISTA;; ESTATUTARIO;6391,21;;6391,21;1369,48;5021,73;
VALCIMAR NASCIMENTO DA SILVEIRA;INST.DERM.VEN. ALFREDO DA MATA;TECNICO EM DERMAT SANITARIA;GERENTE AD2; ESTATUTARIO;6781,96;;6781,96;879,44;5902,52;
VALDERIZA LOURENCO PEDROSA;INST.DERM.VEN. ALFREDO DA MATA;ASSIST.SOC.ASS-P.S.N.S.-CL.C;CHEFE DE DEPARTAMENT; ESTATUTARIO;11092,00;;11092,00;2666,78;8425,22;
VALDINEI MENDONCA SANTAREM;INST.DERM.VEN. ALFREDO DA MATA;TECNICO DE PATOLOGIA CLINICA A;TEC.DE PATOL.CLINICA; ESTATUTARIO;1759,59;;1759,59;193,55;1566,04;
VANIA LUCIA SAMPAIO;INST.DERM.VEN. ALFREDO DA MATA;TEC.DE PAT.CLINICA-TPC-P.S.N.M.-C;; ESTATUTARIO;2634,13;;2634,13;211,49;2422,64;
VILMAR JOSE PARREIRA;INST.DERM.VEN. ALFREDO DA MATA;MEDICO ESPECIALISTA;; ESTATUTARIO;7668,31;;7668,31;1779,97;5888,34;
WALDEIZA DA COSTA PASSOS;INST.DERM.VEN. ALFREDO DA MATA;AUXILIAR DE ENFERMAGEM A;; ESTATUTARIO;1782,43;;1782,43;196,07;1586,36;
WALDEMARA DE SOUZA VASCONCELOS;INST.DERM.VEN. ALFREDO DA MATA;TEC.DE PAT.CLINICA-TPC-P.S.N.M.-A;TEC PATOL.CLINICA; ESTATUTARIO;1852,35;;1852,35;203,76;1648,59;
WALDEMARA DE SOUZA VASCONCELOS;INST.DERM.VEN. ALFREDO DA MATA;TEC.DE PAT.CLINICA-TPC-P.S.N.M.-B;; ESTATUTARIO;1944,87;;1944,87;213,94;1730,93;
WALID ALI MUSA SALEH;INST.DERM.VEN. ALFREDO DA MATA;FARMACEUTICO BIOQUIMICO A;FARMACEUTICO BIOQ.; ESTATUTARIO;4940,40;;4940,40;811,31;4129,09;
WILLIAM ANTUNES FERREIRA;INST.DERM.VEN. ALFREDO DA MATA;FARMAC.BIOQ. -FAB-P.S.N.S.-B;; ESTATUTARIO;5919,14;;5919,14;1230,46;4688,68;
WILLIAM ANTUNES FERREIRA;INST.DERM.VEN. ALFREDO DA MATA;FARMAC.BIOQ. -FAB-P.S.N.S.-C;; ESTATUTARIO;6261,67;;6261,67;1351,96;4909,71;
YAMA MAYURA ALVES DE SOUSA;INST.DERM.VEN. ALFREDO DA MATA;FARMACEUTICO-FAR-P.S.N.S.-A;SUBGERENTE - AD3; ESTATUTARIO;8038,18;;8038,18;1742,93;6295,25;
ZULEMA ABENSUR LIMA;INST.DERM.VEN. ALFREDO DA MATA;AGENTE ADM.-AGA-T.S.N.A.-G;; ESTATUTARIO;1656,94;;1656,94;182,26;1474,68;
