NOME;LOTACAO;CARGO;FUNCAO;VINCULO;REMUNERACAO LEGAL TOTAL(R$);DESC.TETO(R$); REMUNERACAO LEGAL DEVIDA(R$);DESCONTOS LEGAIS(R$);LIQUIDO DISPONIVEL(R$);
ADELAIDE MACHADO PORTELA;SERV.CLIN.MED.ONC.E APOIO TER.;MEDICO ESPECIALISTA;; ESTATUTARIO;6993,26;;6993,26;1580,08;5413,18;
ADELAIDE MACHADO PORTELA;SERV.CLIN.MED.ONC.E APOIO TER.;MEDICO ESPECIALISTA;; ESTATUTARIO;7039,24;;7039,24;1596,08;5443,16;
ADEMIR PINTO DOS SANTOS;CONSELHO DIRETOR;MEDICO MEDICINA TROPICAL;; ESTATUTARIO;5549,49;;5549,49;1077,74;4471,75;
AGENOR LIMA MENDONCA FILHO;SETOR DE ENFERMARIA;FARMACEUTICO BIOQUIMICO B;; ESTATUTARIO;4988,40;;4988,40;864,77;4123,63;
AIDA DE SOUZA ROSAS;SETOR DE ENFERMARIA;TECNICO DE PATOLOGIA CLINICA A;; ESTATUTARIO;1759,59;;1759,59;193,55;1566,04;
ALBERTO DIAS DE FIGUEIREDO;SETOR DE ZELAD.VIG.TRANSPORTES;MOTORISTA-MOT-T.S.N.A.-A;MOTORISTA; ESTATUTARIO;1657,60;;1657,60;167,61;1489,99;
ALDEMIR COELHO MACIEL;SERVICO DE RADIOTERAPIA;TECNICO-TEC-T.S.N.S.-C;; ESTATUTARIO;4907,01;;4907,01;886,27;4020,74;
ALDENYR OLIVEIRA FERREIRA;SECAO DE SERVICOS GERAIS;ASSISTENTE TECNICO A;; ESTATUTARIO;2745,17;;2745,17;209,22;2535,95;
ALDERINA SILVANA DE SOUZA PEREIRA;SETOR DE REGISTRO E CONTROLE;AGENTE ADM.-AGA-T.S.N.A.-F;; ESTATUTARIO;1543,12;;1543,12;169,74;1373,38;
ALDO MOREIRA DA SILVA;SECAO DE SERVICOS GERAIS;ARTIFICE 3A CLASSE;; ESTATUTARIO;2207,49;;2207,49;182,12;2025,37;
ALFREDO COIMBRA REICHL;SETOR DE RADIOTERAPIA;GERENTE AD-2;; CARGO COMISSION.S/VINCULO;8186,54;;8186,54;1823,06;6363,48;
ALLAN CARLOS DE AZEVEDO VIANA LIMA;ASSESSORIA;ASSESSOR I AD-1;ASSESSOR I AD 1; CARGO COMISSION.S/VINCULO;5100,30;;5100,30;946,24;4154,06;
ALMIRA DO NASCIMENTO SILVA;SERVICO DE ENFERMAGEM;ENFERMEIRO-ENF-P.S.N.S.-A;CHEFE DE DEPART.; ESTATUTARIO;5278,78;;5278,78;1003,29;4275,49;
ANA CAROLINA BARBOSA GIL DE SOUZA;ASSESSORIA;ASSESSOR I AD-1;ASSESSOR I AD-1; CARGO COMISSION.S/VINCULO;5100,30;;5100,30;946,24;4154,06;
ANA CLAUDIA LAZAMETH;SERVICO DE RADIOTERAPIA;ENFERMEIRO-ENF-P.S.N.S.-A;ENFERMEIRA; ESTATUTARIO;5393,48;;5393,48;1043,98;4349,50;
ANA ELIS GUIMARAES ARAUJO;SETOR DE ENFERMARIA;ENFERMEIRO-ENF-P.S.N.S.-A;; ESTATUTARIO;4940,40;;4940,40;896,63;4043,77;
ANA GLORIA ALVES PINTO;SETOR DE ALMOXARIFADO;ASSISTENTE TECNICO A;; ESTATUTARIO;1783,93;;1783,93;196,23;1587,70;
ANA LUCIA DA SILVA SANTOS;SETOR DE ANATOMIA PATOLOGICA;ASSISTENTE TECNICO A;; ESTATUTARIO;1829,31;;1829,31;201,22;1628,09;
ANA MARIA PINA PAIVA;SETOR DE SERVICO SOCIAL;TECNICO-TEC-T.S.N.S.-C;; ESTATUTARIO;4690,47;;4690,47;779,46;3911,01;
ANANIAS PEREIRA MARQUES;SETOR DE PATOLOGIA CLINICA;AUX.DE PATOL.CLIN.-APC-P.S.N.A.-A;; ESTATUTARIO;1579,89;;1579,89;173,79;1406,10;
ANDERSON FERREIRA GONCALVES;SETOR NEUROLOGICO;MEDICO ESPECIALISTA;MEDICO ESPECIALISTA; ESTATUTARIO;6476,85;;6476,85;1399,29;5077,56;
ANDRE LUIS SALES DA COSTA;SERV.CLIN.MED.ONC.E APOIO TER.;PSICOLOGO-PSI-P.S.N.S.-A;; ESTATUTARIO;5278,78;;5278,78;1003,29;4275,49;
ANDREA DE SOUZA BEZERRA;SETOR DE ENFERMARIA;TEC. DE ENFERMAGEM-TEN-P.S.N.M.-A;; ESTATUTARIO;1759,59;;1759,59;193,55;1566,04;
ANDREA LIMA DE SOUZA MARQUES;SETOR DE FARMACIA;FARMACEUTICO-FAR-P.S.N.S.-A;FARMACEUTICO; ESTATUTARIO;5038,18;;5038,18;926,97;4111,21;
ANDREA PEREZ DE CASTRO;SERVICO COMPLEM.DE DIAGNOSTICO;TECNICO DE PATOLOGIA CLINICA A;TEC.DE PAT.CLINICA A; ESTATUTARIO;1759,59;;1759,59;193,55;1566,04;
ANDREIA RIBEIRO DA SILVA;SERVICO DE ENFERMAGEM;TEC. DE ENFERMAGEM-TEN-P.S.N.M.-A;TEC ENFERMAGEM; ESTATUTARIO;1805,04;;1805,04;198,55;1606,49;
ANDREZA LIMA LEITE BOTELHO;SETOR DE ENFERMARIA;TEC. DE ENFERMAGEM-TEN-P.S.N.M.-A;TEC. DE ENFERMAGEM; ESTATUTARIO;1805,04;;1805,04;198,55;1606,49;
ANDREZA NUNES BEZERRA;SERVICO DE RADIOTERAPIA;TEC.DE RADIOTERAPIA-TER-P.S.N.M.-A;; ESTATUTARIO;1759,59;;1759,59;193,55;1566,04;
ANELIA PONTES DA SILVA;SETOR DE AMBULATORIO;AUX. OPERACIONAL DE SAUDE A;; ESTATUTARIO;1760,43;;1760,43;193,65;1566,78;
ANGELA DA COSTA LINS;SETOR DE RADIOTERAPIA;TEC.DE RADIOTERAPIA-TER-P.S.N.M.-A;TEC EM RADIO TERAPIA; ESTATUTARIO;1805,04;;1805,04;198,55;1606,49;
ANTONIA DE ARRUDA CASTELO BRANCO;SETOR DE FARMACIA;AGENTE ADM.-AGA-T.S.N.A.-F;; ESTATUTARIO;2265,76;;2265,76;172,68;2093,08;
ANTONIA LIMA ARAUJO;SETOR DE ENFERMARIA;AUXILIAR DE SAUDE 3A CLASSE;; ESTATUTARIO;1551,09;;1551,09;164,37;1386,72;
ANTONINA CASTRO PONTES;SERVICO DE ENFERMAGEM;TEC. DE ENFERMAGEM-TEN-P.S.N.M.-A;; ESTATUTARIO;1805,04;;1805,04;198,55;1606,49;
ANTONIO CARLOS BINTENCOURT DA COSTA;SERVICO DE ENFERMAGEM;TEC. DE ENFERMAGEM-TEN-P.S.N.M.-A;TEC. DE ENFERMAGEM; ESTATUTARIO;1890,00;;1890,00;198,55;1691,45;
ANTONIO CARLOS DA SILVA;SETOR DE REGISTRO E CONTROLE;AGENTE ADM.-AGA-T.S.N.A.-F;; ESTATUTARIO;1712,86;;1712,86;169,74;1543,12;
ANTONIO RODRIGUES DE SOUZA;SECAO DE SERVICOS GERAIS;AUX.DE SERV.GER.-ASG-T.S.N.A.-D;SUBGERENTE AD 3; ESTATUTARIO;4694,68;;4694,68;564,64;4130,04;
ARLENE MACHADO DE SOUZA;SAME;ASSISTENTE TECNICO A;SUBGERENTE AD-3; ESTATUTARIO;5111,18;;5111,18;505,40;4605,78;
ARLETE MACHADO DE MOURA;SETOR DE AMBULATORIO;ASSISTENTE TECNICO A;; ESTATUTARIO;2045,40;;2045,40;202,70;1842,70;
ARTHENIZE RIAME PRAIA G C ARAUJO;SETOR DE ENFERMARIA;TEC. DE ENFERMAGEM-TEN-P.S.N.M.-A;; ESTATUTARIO;1759,59;;1759,59;193,55;1566,04;
BARBARA FONSECA ABRAHIM;SETOR DE NUTRICAO E DIETETICA;GERENTE AD-2;GERENTE AD-2; CARGO COMISSION.S/VINCULO;4093,27;;4093,27;641,90;3451,37;
BERNADETE ALENCAR DE SOUZA;SETOR DE ONCOLOGIA CLINICA;TEC. DE ENFERMAGEM-TEN-P.S.N.M.-D;; ESTATUTARIO;2452,03;;2452,03;265,87;2186,16;
BIANCA DE LIMA LADISLAU;SETOR DE FARMACIA;ASSESSOR III AD-3;; CARGO COMISSION.S/VINCULO;4115,92;;4115,92;647,43;3468,49;
BIANCA PAIVA MAIA PRIMO;SERVICO DE ENFERMAGEM;TEC. DE ENFERMAGEM-TEN-P.S.N.M.-A;; ESTATUTARIO;1805,04;;1805,04;191,94;1613,10;
BRENA DE LOURDES AGUIAR LIMA;SETOR DE FARMACIA;FARMAC.BIOQ. -FAB-P.S.N.S.-A;; ESTATUTARIO;4940,40;;4940,40;896,63;4043,77;
BRENA LUIZE CUNHA FERREIRA;SETOR DE HEMATOL.E HEMOTERAPIA;GERENTE AD-2;GERENTE AD-2; CARGO COMISSION.S/VINCULO;4093,27;;4093,27;641,90;3451,37;
BRUCE DIEGO LACERDA PEREIRA;SERVICO DE RADIOTERAPIA;TEC.DE RADIOTERAPIA-TER-P.S.N.M.-A;; ESTATUTARIO;1759,59;;1759,59;193,55;1566,04;
CARLA KELLEN DA SILVA MENEZES;SETOR DE ANATOMIA PATOLOGICA;MEDICO ESPECIALISTA;MEDICO ESPECIALISTA; ESTATUTARIO;6391,21;;6391,21;;6391,21;
CARLA NATERCIA BEZERRA CABRAL;SETOR DE FARMACIA;FARMACEUTICO-FAR-P.S.N.S.-A;; ESTATUTARIO;4940,40;;4940,40;896,63;4043,77;
CARLOS ALBERTO GUIMARAES;SETOR DE PATOLOGIA CLINICA;TEC.DE HISTOLOGIA-THI-P.S.N.M.-C;; ESTATUTARIO;2053,25;;2053,25;225,86;1827,39;
CARLOS MICHEL ALBUQUERQUE PERES;SETOR NEUROLOGICO;MEDICO ESPECIALISTA;GERENTE AD 2; ESTATUTARIO;6476,85;;6476,85;1399,29;5077,56;
CARMEN ALVES LINS;SERVICO DE ENFERMAGEM;AGENTE ADM.-AGA-T.S.N.A.-F;; ESTATUTARIO;2096,07;;2096,07;172,93;1923,14;
CAYO CESAR FERREIRA ALVES;SETOR DE ENDOSCOPIA;ASSIST.ADMIN.-ASA-T.S.N.M.-A;; ESTATUTARIO;1488,89;;1488,89;163,78;1325,11;
CECILIA EMILY FERREIRA DE SOUZA;SETOR DE ENFERMARIA;TEC. DE ENFERMAGEM-TEN-P.S.N.M.-A;; ESTATUTARIO;1759,59;;1759,59;193,55;1566,04;
CELESTE DE FATIMA NASCIMENTO;SETOR DE CENTRO MEDICO;AUX.DE ENFERM.-AEF-P.S.N.A.-D;; ESTATUTARIO;1856,51;;1856,51;204,22;1652,29;
CELINA DE JESUS SILVA;SETOR DE FARMACIA;FARMACEUTICO-FAR-P.S.N.S.-A;FARMACEUTICO; ESTATUTARIO;6010,99;;6010,99;1263,04;4747,95;
CHRISTIANE MENDES COSTA;SETOR DE CITOPATOLOGIA;TEC.DE HISTOLOGIA-THI-P.S.N.M.-A;TEC.HISTOLOGIA; ESTATUTARIO;1805,04;;1805,04;198,55;1606,49;
CLAUDIA DE ARAUJO LIRA;SERVICO DE ENFERMAGEM;AGENTE ADM.-AGA-T.S.N.A.-G;; ESTATUTARIO;1661,45;;1661,45;182,76;1478,69;
CLAUDIA RODRIGUES DE CASTRO;SETOR DE ENFERMARIA;AUXILIAR DE ENFERMAGEM A;AUX. DE ENFERMAGEM A; ESTATUTARIO;1494,29;;1494,29;164,37;1329,92;
CLAUDIO ROBERTO DE OLIVEIRA VIEIRA;SETOR DE PLASTICA RESTAURADORA;MEDICO ESPECIALISTA;; ESTATUTARIO;7258,84;;7258,84;1672,69;5586,15;
CLECIO LEITE GOMES;SETOR DE PATOLOGIA CLINICA;TECNICO DE PATOLOGIA CLINICA A;; ESTATUTARIO;1759,59;;1759,59;193,55;1566,04;
CLEOPATRA MEDINA NORONHA AREOSA;SETOR DE CENTRO MEDICO;MEDICO DOUTOR;MEDICO ESPECIALISTA; ESTATUTARIO;8913,80;;8913,80;2252,92;6660,88;
CRISTIANE SILVEIRA LIMA;NUCLEO MEDICO-ASSISTENCIAL;MEDICO ESPECIALISTA;GERENTE AD 2; ESTATUTARIO;10476,85;;10476,85;2499,29;7977,56;
CRISTIANO DE MOURA PEREIRA;SETOR DE IMAGENOLOGIA;TEC.DE RAD.MEDICA-TRM-P.S.N.M.-A;; ESTATUTARIO;1871,12;;1871,12;185,32;1685,80;
DAGMAR BENEDITA GUEDES CRUZ;SETOR DE CENTRO MEDICO;TECNICO DE SAUDE 3A CLASSE;; ESTATUTARIO;2083,25;;2083,25;206,24;1877,01;
DAILCE GONCALVES LUZEIRO;SERVICO COMPLEM.DE DIAGNOSTICO;AGENTE ADMINISTRATIVO A - N.B.;; ESTATUTARIO;1416,30;;1416,30;155,79;1260,51;
DALVA ANA DE SOUZA PERES;SERVICO DE RADIOTERAPIA;AUX.DE SERV.GER.-ASG-T.S.N.A.-C;; ESTATUTARIO;1619,04;;1619,04;178,09;1440,95;
DAMIANA CELESTE PONTES;SETOR DE ENFERMARIA;TEC.DE PAT.CLINICA-TPC-P.S.N.M.-D;; ESTATUTARIO;2161,30;;2161,30;237,74;1923,56;
DAMIANA MARIA BRITO DAMIAO;SETOR DE REGISTRO E CONTROLE;ASSISTENTE TECNICO A;; ESTATUTARIO;2045,40;;2045,40;202,70;1842,70;
DANGELA MARIA DOS SANTOS BARBOSA;SETOR DE IMAGENOLOGIA;TEC.DE RAD.MEDICA-TRM-P.S.N.M.-A;; ESTATUTARIO;1805,04;;1805,04;198,55;1606,49;
DANIEL FERREIRA DIAS;SECAO DE PESSOAL;ASSIST.ADMIN.-ASA-T.S.N.M.-A;; ESTATUTARIO;1488,89;;1488,89;163,78;1325,11;
DANIEL FREIRE NAKAMURA;SETOR DE AMBULATORIO;MEDICO ESPECIALISTA; MEDICO ESPECIALISTA; ESTATUTARIO;6476,85;;6476,85;1399,29;5077,56;
DANIEL MACEDO CARNEIRO;SETOR DE FARMACIA;ASSISTENTE TECNICO A;ASSIST. TECNICO; ESTATUTARIO;1593,03;;1593,03;168,28;1424,75;
DANIELE RODRIGUES CAMPOS;SETOR DE PATOLOGIA CLINICA;AUX.DE PATOL.CLIN.-APC-P.S.N.A.-A;; ESTATUTARIO;1579,89;;1579,89;173,79;1406,10;
DELCIDIA DA SILVA ALMEIDA;SETOR DE ENFERMARIA;TEC. DE ENFERMAGEM-TEN-P.S.N.M.-A;; ESTATUTARIO;1759,59;;1759,59;193,55;1566,04;
DENISE AQUINO DE SOUZA;SETOR DE ENFERMARIA;TEC. DE ENFERMAGEM-TEN-P.S.N.M.-A;TEC DE ENFERMAGEM; ESTATUTARIO;1805,04;;1805,04;198,55;1606,49;
DENIZE DA CRUZ LEMOS;SETOR DE CITOPATOLOGIA;TEC.DE HISTOLOGIA-THI-P.S.N.M.-A;TEC.HISTOLOGIA; ESTATUTARIO;1805,04;;1805,04;185,32;1619,72;
DENIZE MATILDE MELO DE AGUIAR;SETOR DE HEMATOL.E HEMOTERAPIA;TEC. DE HEMOTERAP.-THE-P.S.N.M.-D;; ESTATUTARIO;2145,88;;2145,88;236,05;1909,83;
DEUZIMAR AZEVEDO DA SILVA;SETOR DE IMAGENOLOGIA;TEC.DE RAD.MEDICA-TRM-P.S.N.M.-A;; ESTATUTARIO;1871,12;;1871,12;198,55;1672,57;
DIANA NOGUEIRA DO NASCIMENTO;SETOR DE AMBULATORIO;MEDICO ESPECIALISTA;MED ESPECIALISTA; ESTATUTARIO;6476,85;;6476,85;1399,29;5077,56;
DIOGENES DE LIMA FRANCA;SETOR DE ENFERMARIA;TEC. DE ENFERMAGEM-TEN-P.S.N.M.-D;; ESTATUTARIO;2098,41;;2098,41;230,83;1867,58;
DIOMARA DE OLIVEIRA BEZERRA;SETOR DE ENFERMARIA;TEC. DE ENFERMAGEM-TEN-P.S.N.M.-A;; ESTATUTARIO;1759,59;;1759,59;193,55;1566,04;
DIRCE COSTA ONETY;SERVICO DE ENFERMAGEM;MEDICO ESPECIALISTA;MEDICO URGENTISTA; ESTATUTARIO;6476,85;;6476,85;1399,29;5077,56;
EDICIRENE MAGALHAES HIPOLITO;SETOR DE HEMATOL.E HEMOTERAPIA;TEC. DE HEMOTERAP.-THE-P.S.N.M.-C;; ESTATUTARIO;2083,25;;2083,25;229,16;1854,09;
EDILANE PORTO DIAS;SETOR DE ENFERMARIA;ENFERMEIRO-ENF-P.S.N.S.-A;; ESTATUTARIO;4940,40;;4940,40;896,63;4043,77;
EDILANE SILVA MENDONÇA;SETOR DE ENFERMARIA;TEC. DE ENFERMAGEM-TEN-P.S.N.M.-A;; ESTATUTARIO;1759,59;;1759,59;193,55;1566,04;
EDILENE FERREIRA DOS SANTOS;SETOR DE HEMATOL.E HEMOTERAPIA;TECNICO DE HEMOTERAPIA A;; ESTATUTARIO;1759,59;;1759,59;180,65;1578,94;
EDIVALDO EVANGELISTA DE ALMEIDA;SETOR DE ALMOXARIFADO;GERENTE AD-2;; CARGO COMISSION.S/VINCULO;4366,15;;4366,15;718,46;3647,69;
EDLA ANTUNES FALCAO DE SOUZA;SETOR DE NUTRICAO E DIETETICA;NUTRICIONISTA C;; ESTATUTARIO;5278,78;;5278,78;916,30;4362,48;
EDMILZA PORTO DIAS;SETOR DE ENFERMARIA;ENFERMEIRO-ENF-P.S.N.S-D;; ESTATUTARIO;6240,88;;6240,88;1292,46;4948,42;
EDNA AUZIER FELIX;SETOR DE ENFERMARIA;TEC. DE ENFERMAGEM-TEN-P.S.N.M.-A;; ESTATUTARIO;1852,35;;1852,35;203,76;1648,59;
EDSON DE OLIVEIRA ANDRADE;SETOR ABDOMINO-TORAXICO;MEDICO DOUTOR;; ESTATUTARIO;10665,38;;10665,38;2789,79;7875,59;
EDSON MAURO SILVA OLIVEIRA;SETOR DE AMBULATORIO;MEDICO ESPECIALISTA;MEDICO ESPECIALISTA; ESTATUTARIO;6476,85;;6476,85;1189,84;5287,01;
EDUARDO JORGE SANTORO CARRILHO;SETOR DE ZELAD.VIG.TRANSPORTES;MOTORISTA-MOT-T.S.N.A.-B;; ESTATUTARIO;2373,77;;2373,77;26,11;2347,66;
EJANDRE LUNIERES SANTIAGO;SETOR ABDOMINO-TORAXICO;MEDICO ESPECIALISTA;; ESTATUTARIO;6878,50;;6878,50;1539,05;5339,45;
ELAINE CRISTINA REIS CORREA;SETOR DE PATOLOGIA CLINICA;TEC.DE PAT.CLINICA-TPC-P.S.N.M.-B;; ESTATUTARIO;1988,07;;1988,07;213,94;1774,13;
ELAINE DOS SANTOS MAIA;SETOR DE AMBULATORIO;TEC. DE ENFERMAGEM-TEN-P.S.N.M.-A;; ESTATUTARIO;1805,04;;1805,04;198,55;1606,49;
ELANE DE ALMEIDA DA COSTA;SETOR DE ENFERMARIA;AUXILIAR DE ENFERMAGEM A;; ESTATUTARIO;1494,29;;1494,29;164,37;1329,92;
ELENISE CHAVES DOS SANTOS;SETOR DE ENFERMARIA;TEC. DE ENFERMAGEM-TEN-P.S.N.M.-A;TEC DE ENFERMAGEN; ESTATUTARIO;1805,04;;1805,04;191,94;1613,10;
ELEONIS FREITAS NUNES;SETOR DE ZELAD.VIG.TRANSPORTES;MOTORISTA-MOT-T.S.N.A.-A;; ESTATUTARIO;1657,60;;1657,60;179,77;1477,83;
ELIANA MARTINS PINHEIRO;SETOR DE ALMOXARIFADO;AGENTE ADM.-AGA-T.S.N.A.-H;; ESTATUTARIO;1673,84;;1673,84;184,12;1489,72;
ELIANA MUNIZ BRASIL;SECAO DE PESSOAL;GERENTE AD-2;; CARGO COMISSION.S/VINCULO;4093,27;;4093,27;641,90;3451,37;
ELIENE CAVALCANTE BUENO DE CASTRO;SERVICOS TECNICOS;ASSIST.SOC.ASS-P.S.N.S.-CL.A;ASSIST SOCIAL; ESTATUTARIO;5038,18;;5038,18;926,97;4111,21;
ELIENE SILVA MOTA;SECAO DE ORCAMENTO E FINANCAS;ASSIST.ADMIN.-ASA-T.S.N.M.-A;; ESTATUTARIO;1488,89;;1488,89;163,78;1325,11;
ELINE SOCORRO REIS LAURIA;SETOR DE SERVICO SOCIAL;ASSIST.SOC.ASS-P.S.N.S.-CL.D;; ESTATUTARIO;6240,88;;6240,88;1344,59;4896,29;
ELISAMAR ANDREA CANTO DOS SANTOS;SERVICO DE ENFERMAGEM;TEC. DE ENFERMAGEM-TEN-P.S.N.M.-A;TEC. DE ENFERMAGEM; ESTATUTARIO;1861,92;;1861,92;198,55;1663,37;
ELISANGELA LACERDA DOS REIS;SETOR DE PATOLOGIA CLINICA;FARMAC.BIOQ. -FAB-P.S.N.S.-A;; ESTATUTARIO;4940,40;;4940,40;896,63;4043,77;
ELIZABETE BEZERRA AZEVEDO;SETOR DE ANATOMIA PATOLOGICA;MEDICO ESPECIALISTA;; ESTATUTARIO;8155,60;;8155,60;1877,50;6278,10;
ELIZABETH NOGUEIRA DE ANDRADE;SETOR DE AMBULATORIO;CHEFE DE DEPARTAMENTO AD-1;; CARGO COMISSION.S/VINCULO;5100,30;;5100,30;946,24;4154,06;
ELLEN ALBUQUERQUE DE FREITAS;SETOR DE ENFERMARIA;ENFERMEIRO-ENF-P.S.N.S.-A;; ESTATUTARIO;4940,40;;4940,40;896,63;4043,77;
ELLERY BARRETO COSTA;SETOR DE FARMACIA;FARMACEUTICO-FAR-P.S.N.S.-A;; ESTATUTARIO;4940,40;;4940,40;896,63;4043,77;
ENEIDE MARIA DE SOUZA BELTRAO;SETOR DE IMAGENOLOGIA;TEC.DE RAD.MEDICA-TRM-P.S.N.M.-B;; ESTATUTARIO;2009,67;;2009,67;206,57;1803,10;
ENIO LUCIO COELHO DUARTE;SETOR DE RADIOTERAPIA;MEDICO ESPECIALISTA;DIRETOR TECNICO; ESTATUTARIO;14576,85;;14576,85;3626,79;10950,06;
ERIVALDO MOREIRA DIAS;SECAO DE PESSOAL;AUX.DE SERV.GER.-ASG-T.S.N.A.-B;; ESTATUTARIO;2040,07;;2040,07;168,31;1871,76;
ERONILDES AUGUSTO DOS SANTOS;SERVICO DE ENFERMAGEM;FISIOTERAPEUTA A;; ESTATUTARIO;5278,78;;5278,78;947,02;4331,76;
EUGENIA SEIXAS DOS SANTOS MARQUES;SERVICO DE ENFERMAGEM;AUXILIAR DE ENFERMAGEM A;; ESTATUTARIO;1545,41;;1545,41;158,89;1386,52;
EVELAN RENE ARAUJO BATISTA;NUCLEO MEDICO-ASSISTENCIAL;TEC. DE ENFERMAGEM-TEN-P.S.N.M.-A;TECNICO ENFERMAGEM; ESTATUTARIO;1899,44;;1899,44;198,55;1700,89;
FABIANA LO PRESTI MENDONCA;SETOR DE AMBULATORIO;MEDICO ESPECIALISTA;MEDICO ESPECIALISTA; ESTATUTARIO;6476,85;;6476,85;1399,29;5077,56;
FABIOLA DE PAULA FERREIRA;SERVICO DE ENFERMAGEM;TEC. DE ENFERMAGEM-TEN-P.S.N.M.-A;TEC. DE ENFERMAGEM; ESTATUTARIO;1805,04;;1805,04;198,55;1606,49;
FABIOLA DE PAULA FERREIRA;SETOR DE ENFERMARIA;AUXILIAR DE ENFERMAGEM A;; ESTATUTARIO;1494,29;;1494,29;164,37;1329,92;
FABIOLA MENDES DE OLIVEIRA;SETOR DE RADIOTERAPIA;TEC.DE RADIOTERAPIA-TER-P.S.N.M.-A;; ESTATUTARIO;1759,59;;1759,59;193,55;1566,04;
FATIMA KANAWATI DE OLIVEIRA;ASSESSORIA;ASSISTENTE TECNICO B;ASSESSOR III AD 3; ESTATUTARIO;5111,18;;5111,18;635,76;4475,42;
FATIMA LIMA DE SOUZA;SAME;AUX. OPERACIONAL DE SAUDE B;; ESTATUTARIO;2741,23;;2741,23;241,82;2499,41;
FELIPE JEZINI III;SETOR ABDOMINO-TORAXICO;GERENTE AD-2;; CARGO COMISSION.S/VINCULO;4093,27;;4093,27;641,90;3451,37;
FERNANDO MARTINS MOREIRA;SECAO DE SERVICOS GERAIS;GERENTE AD-2;; CARGO COMISSION.S/VINCULO;4093,27;;4093,27;641,90;3451,37;
FERNANDO SILVEIRA CAZELATO;SETOR DE RADIOTERAPIA;TEC.DE RADIOTERAPIA-TER-P.S.N.M.-A;TEC EM RADIOTERAPIA; ESTATUTARIO;1805,04;;1805,04;;1805,04;
FILIPE DIEGO RODRIGUES DOS SANTOS;SECAO DE ORCAMENTO E FINANCAS;AGENTE ADM.-AGA-T.S.N.A.-E;CHEFE DE DPTO. AD-1; ESTATUTARIO;6387,37;;6387,37;997,81;5389,56;
FRANCELINA DE SOUZA MONTEIRO;SETOR DE ENFERMARIA;TEC. DE ENFERMAGEM-TEN-P.S.N.M.-A;TEC ENFERMAGEM; ESTATUTARIO;1805,04;;1805,04;198,55;1606,49;
FRANCILENA MARINHO SOARES;SERVICO DE ENFERMAGEM;TEC. DE ENFERMAGEM-TEN-P.S.N.M.-A;; ESTATUTARIO;1805,04;;1805,04;198,55;1606,49;
FRANCINEIDA COLARES DE OLIVEIRA;SETOR DE ENFERMARIA;AUXILIAR DE ENFERMAGEM - F;; ESTATUTARIO;1494,29;;1494,29;164,37;1329,92;
FRANCISCA IRENE DA SILVA LUCENA;SETOR DE ENFERMARIA;AUX.DE ENFERM.-AEF-P.S.N.A.-D;; ESTATUTARIO;1842,85;;1842,85;202,71;1640,14;
FRANCISCO BATISTA PIMENTEL;SETOR DE ENFERMARIA;TEC. DE ENFERMAGEM-TEN-P.S.N.M.-A;; ESTATUTARIO;1759,59;;1759,59;193,55;1566,04;
FRANCISCO CARLOS ALVES DE LIMA;SETOR DE ALMOXARIFADO;AGENTE ADM.-AGA-T.S.N.A.-G;; ESTATUTARIO;2089,33;;2089,33;172,37;1916,96;
FRANCISCO DAMIAO SILVA DE SOUZA;SETOR DE ZELAD.VIG.TRANSPORTES;MOTORISTA-MOT-T.S.N.A.-A;; ESTATUTARIO;1647,30;;1647,30;155,01;1492,29;
FRANCISCO DE ASSIS VIEIRA;SETOR DE ENFERMARIA;TEC. DE ENFERMAGEM-TEN-P.S.N.M.-A;; ESTATUTARIO;1795,59;;1795,59;187,10;1608,49;
FRANCISCO DELMAR PEREIRA DOS SANTOS;NUCLEO MEDICO-ASSISTENCIAL;AGENTE ADM.-AGA-T.S.N.A.-G;; ESTATUTARIO;1656,94;;1656,94;182,26;1474,68;
FRANCISCO ENIO DOS SANTOS;SETOR DE RADIOTERAPIA;TECNICO EM RADIOTERAPIA;TEC DE RADIOTERAPIA; ESTATUTARIO;1759,59;;1759,59;193,55;1566,04;
FRANCISCO GILVAN MOREIRA NEVES;SETOR DE ENFERMARIA;TEC. DE ENFERMAGEM-TEN-P.S.N.M.-A;TEC. DE ENFERMAGEM; ESTATUTARIO;1899,44;;1899,44;198,55;1700,89;
FRANK LANDE BELEM MAGALHAES;SETOR DE NUTRICAO E DIETETICA;COZINHEIRO-T.S.N.A.-A;COZINHEIRO; ESTATUTARIO;1478,15;;1478,15;155,53;1322,62;
GEISA SALVADOR GOES;ASSESSORIA;ASSESSOR II AD-2;; CARGO COMISSION.S/VINCULO;4093,27;;4093,27;641,90;3451,37;
GEORGIANA BESERRA DO NASCIMENTO;SETOR DE PATOLOGIA CLINICA;AUX.DE PATOL.CLIN.-APC-P.S.N.A.-A;; ESTATUTARIO;1579,89;;1579,89;173,79;1406,10;
GERCINA GONZAGA DE AZEVEDO;SETOR DE ENFERMARIA;TEC. DE ENFERMAGEM-TEN-P.S.N.M.-D;; ESTATUTARIO;2399,04;;2399,04;257,04;2142,00;
GERSON ANTONIO DOS SANTOS MOURAO;SETOR GENITO PELVICO UROLOGICO;MEDICO ESPECIALISTA;GERENTE AD-2; ESTATUTARIO;10993,26;;10993,26;2680,08;8313,18;
GERSON EDUARDO MACENA;SERVICO DE ENFERMAGEM;ASSIST.ADMIN.-ASA-T.S.N.M.-A;; ESTATUTARIO;1488,89;;1488,89;147,40;1341,49;
GICELDA PEREIRA DE SOUZA;SETOR DE ENFERMARIA;TEC. DE HEMOTERAP.-THE-P.S.N.M.-C;; ESTATUTARIO;2150,93;;2150,93;229,16;1921,77;
GILCIMAR BENFICA ALVES;SETOR DE IMAGENOLOGIA;TEC.DE RAD.MEDICA-TRM-P.S.N.M.-A;TEC EM RADIOLOGIA; ESTATUTARIO;1805,04;;1805,04;191,73;1613,31;
GILSON JOSE CORREA;SETOR ABDOMINO-TORAXICO;MEDICO MESTRE;; ESTATUTARIO;7458,31;;7458,31;1740,72;5717,59;
GISELY DE SOUSA IMBIRIBA;SERVICO DE ENFERMAGEM;TEC. DE ENFERMAGEM-TEN-P.S.N.M.-A;TEC. DE ENFERMAGEM; ESTATUTARIO;1805,04;;1805,04;198,55;1606,49;
GIUSEPPE FIGLIUOLO;SETOR DE AMBULATORIO;MEDICO ESPECIALISTA;GERENTE AD 2; ESTATUTARIO;7022,58;;7022,58;1592,88;5429,70;
GLAUCIANE DO SOCORRO MOREIRA NEVES;SETOR DE ENFERMARIA;ENFERMEIRO-ENF-P.S.N.S.-A;ENFERMEIRA; ESTATUTARIO;5393,48;;5393,48;1043,98;4349,50;
GLEICY VIVIANE BRASIL MENDES;SETOR DE ENFERMARIA;AUXILIAR DE ENFERMAGEM A;AUX. DE ENFERMAGEM A; ESTATUTARIO;1494,29;;1494,29;164,37;1329,92;
GRACA MARIA GONDIM DE ALBUQUERQUE;CONSELHO DIRETOR;ENFERMEIRO-ENF-P.S.N.S.-B;; ESTATUTARIO;9317,94;;9317,94;2117,18;7200,76;
GREICY MONTEIRO MARQUES;SETOR DE PATOLOGIA CLINICA;FARMAC.BIOQ. -FAB-P.S.N.S.-A;FARMACEUTICOB.QUIMI; ESTATUTARIO;5393,48;;5393,48;1043,98;4349,50;
GUIOMAR PEREIRA DE OLIVEIRA;SECAO DE SERVICOS GERAIS;AUX.DE SERV.GER.-ASG-T.S.N.A.-B;; ESTATUTARIO;2040,07;;2040,07;151,48;1888,59;
HELBER FREITAS ALAGIA;CONSELHO DIRETOR;MEDICO ESPECIALISTA A;MEDICO ESPECIALISTA; ESTATUTARIO;6391,21;;6391,21;1369,48;5021,73;
HELVIA MARIA PUGET DE OLIVEIRA;SETOR DE CENTRO MEDICO;AUX.DE ENFERM.-AEF-P.S.N.A.-C;; ESTATUTARIO;1760,43;;1760,43;193,65;1566,78;
HENRI HORSTMANN;SETOR DE AMBULATORIO;MEDICO ESPECIALISTA;MED ESPECIALISTA; ESTATUTARIO;6476,85;;6476,85;1399,29;5077,56;
HIGINO FELIPE FIGUEIREDO;SETOR DE AMBULATORIO;GERENTE AD-2;; CARGO COMISSION.S/VINCULO;4093,27;;4093,27;641,90;3451,37;
HILDEBERTO FERREIRA ASSUNCAO FILHO;SERVICO COMPLEM.DE DIAGNOSTICO;TEC.DE PAT.CLINICA-TPC-P.S.N.M.-A;; ESTATUTARIO;1805,04;;1805,04;198,55;1606,49;
HULDA DHEYME DE FREITAS LIMA;SETOR DE ENFERMARIA;AUXILIAR DE ENFERMAGEM A;; ESTATUTARIO;1494,29;;1494,29;164,37;1329,92;
IDA PAULA DA SILVA MOURA;SETOR DE ENFERMARIA;FARMACEUTICO-FAR-P.S.N.S.-A;FARMACEUTICO; ESTATUTARIO;5464,54;;5464,54;1069,19;4395,35;
IEZA MARIA FARIAS HAYDEN;SERVICO COMPLEM.DE DIAGNOSTICO;TEC.DE PAT.CLINICA-TPC-P.S.N.M.-D;; ESTATUTARIO;2452,03;;2452,03;242,99;2209,04;
INALDO CALIXTO DA SILVA;SETOR DE ENFERMARIA;FARMACEUTICO BIOQUIMICO B;; ESTATUTARIO;5066,96;;5066,96;925,10;4141,86;
INARA GONDIM DE SOUSA;SETOR DE FARMACIA;AUX.DE FARMACIA-AFA-P.S.N.A.-A;; ESTATUTARIO;1494,29;;1494,29;164,37;1329,92;
IOLETE LABORDA PINTO;SECAO DE EXPEDIENTE;AGENTE ADM.-AGA-T.S.N.A.-H;; ESTATUTARIO;1731,70;;1731,70;190,49;1541,21;
IRANEIDE FERREIRA MAFRA;SETOR DE ENFERMARIA;ENFERMEIRO-ENF-P.S.N.S.-A;; ESTATUTARIO;4940,40;;4940,40;896,63;4043,77;
ISAIR DA SILVA LOPES;SERVICO DE RADIOTERAPIA;TECNICO DE RADIOTERAPIA A;; ESTATUTARIO;1805,04;;1805,04;198,55;1606,49;
ISAIR DA SILVA LOPES;SETOR DE RADIOTERAPIA;TEC.DE RADIOTERAPIA-TER-P.S.N.M.-A;TEC EM RADIOTERAPIA; ESTATUTARIO;1759,59;;1759,59;193,55;1566,04;
ITAMAR PORTO FALCAO;SETOR DE SERVICO SOCIAL;ASSIST.SOC.ASS-P.S.N.S.-CL.D;; ESTATUTARIO;6604,12;;6604,12;1316,98;5287,14;
IVANCY VALENTE DE QUEIROZ;SETOR DE ZELAD.VIG.TRANSPORTES;MOTORISTA-MOT-T.S.N.A.-A;; ESTATUTARIO;1634,24;;1634,24;179,77;1454,47;
IVANEIDE PANTOJA DE OLIVEIRA SILVA;SETOR DE AMBULATORIO;TEC. DE ENFERMAGEM-TEN-P.S.N.M.-D;; ESTATUTARIO;2145,88;;2145,88;236,05;1909,83;
IVANETE ANDRADE DE SOUZA SILVA;SETOR DE ENFERMARIA;ENFERMEIRO-ENF-P.S.N.S.-A;; ESTATUTARIO;4940,40;;4940,40;896,63;4043,77;
IVANETE DE LIMA SAMPAIO;SETOR DE ENFERMARIA;FARMAC.BIOQ. -FAB-P.S.N.S.-A;; ESTATUTARIO;5239,72;;5239,72;981,49;4258,23;
IVANILDO CASTRO BENTES;SERVICO DE ENFERMAGEM;TEC. DE ENFERMAGEM-TEN-P.S.N.M.-A;; ESTATUTARIO;1805,04;;1805,04;198,55;1606,49;
IVARLI DA SILVA LOPES;SECAO DE EXPEDIENTE;ASSISTENTE TECNICO;; ESTATUTARIO;1722,35;;1722,35;189,46;1532,89;
JACILEIA HELENA DE SOUZA ANDRADE;SERVICO DE ENFERMAGEM;TEC. DE ENFERMAGEM-TEN-P.S.N.M.-A;TEC DE ENFERMAGEM; ESTATUTARIO;1805,04;;1805,04;198,55;1606,49;
JACKQUELINE ALBUQUERQUE DA SILVA;SERVICOS TECNICOS;TEC.DE NUT.E DIET.-TND-P.S.N.M.-A;; ESTATUTARIO;1591,95;;1591,95;192,68;1399,27;
JACQUELINE BOTELHO DA SILVA;SETOR DE PATOLOGIA CLINICA;FARMAC.BIOQ. -FAB-P.S.N.S.-A;; ESTATUTARIO;5140,12;;5140,12;958,59;4181,53;
JAILSON FREITAS DE LIMA;SETOR DE ZELAD.VIG.TRANSPORTES;MOTORISTA-MOT-T.S.N.A.-A;; ESTATUTARIO;1634,24;;1634,24;179,77;1454,47;
JANILDE DOS SANTOS SILVA;SETOR DE ENFERMARIA;TEC. DE ENFERMAGEM-TEN-P.S.N.M.-A;; ESTATUTARIO;1759,59;;1759,59;193,55;1566,04;
JEANNE LEE OLIVEIRA COUTINHO;SERVICO DE CIRURGIA ANCOLOGICA;MEDICO ESPECIALISTA;SUBGERENTE AD-3; ESTATUTARIO;9476,85;;9476,85;2224,29;7252,56;
JOACY DA SILVA AZEVEDO;SETOR DE CABECA E PESCOCO;MEDICO MESTRE;GERENTE AD 2; ESTATUTARIO;8116,41;;8116,41;1971,22;6145,19;
JOAO KLINGER POGGI DE FIGUEIREDO;SETOR DE ZELAD.VIG.TRANSPORTES;MOTORISTA-MOT-T.S.N.A.-D;GERENTE AD 2; ESTATUTARIO;5921,30;;5921,30;807,94;5113,36;
JOEDE CAVALCANTE DE OLIVEIRA;SETOR GENITO PELVICO UROLOGICO;MEDICO ESPECIALISTA;; ESTATUTARIO;7387,43;;7387,43;1718,31;5669,12;
JOELMA CAVALCANTE RICARDO;SETOR DE AMBULATORIO;MEDICO ESPECIALISTA;MED ESPECIALISTA; ESTATUTARIO;6476,85;;6476,85;1169,52;5307,33;
JOICE HORACIO PEREIRA;SETOR DE RADIOTERAPIA;TEC.DE RADIOTERAPIA-TER-P.S.N.M.-A;; ESTATUTARIO;1759,59;;1759,59;193,55;1566,04;
JORGE ADRIANO ECARD MOREIRA;SETOR DE RADIOTERAPIA;TEC.DE RADIOTERAPIA-TER-P.S.N.M.-A;; ESTATUTARIO;1759,59;;1759,59;193,55;1566,04;
JORGE AUGUSTO ANDRADE DE G BEZERRA;SETOR DE HEMATOL.E HEMOTERAPIA;MEDICO ESPECIALISTA;; ESTATUTARIO;6391,21;;6391,21;1369,48;5021,73;
JOSE ARTEMES DE SOUZA LIMA;SETOR DE ENFERMARIA;TEC. DE ENFERMAGEM-TEN-P.S.N.M.-A;TEC. DE ENFERMAGEM; ESTATUTARIO;1868,24;;1868,24;198,55;1669,69;
JOSE CARLOS DA SILVA;SETOR DE ENFERMARIA;AUXILIAR DE ENFERMAGEM A;; ESTATUTARIO;1494,29;;1494,29;164,37;1329,92;
JOSE CASTRO PONTES;SETOR DE IMAGENOLOGIA;TEC.DE RAD.MEDICA-TRM-P.S.N.M.-B;; ESTATUTARIO;1944,87;;1944,87;213,94;1730,93;
JOSE MUNIZ DA SILVA;SECAO DE EXPEDIENTE;AGENTE ADM.-AGA-T.S.N.A.-G;; ESTATUTARIO;1608,02;;1608,02;176,88;1431,14;
JOSEFA SUELY CUNHA DE SOUZA;SETOR DE FARMACIA;FARMACEUTICO-FAR-P.S.N.S.-A;FARMACEUTICO; ESTATUTARIO;5038,18;;5038,18;926,97;4111,21;
JOSEFA SUELY CUNHA DE SOUZA;SETOR DE FARMACIA;FARMAC.BIOQ. -FAB-P.S.N.S.-D;; ESTATUTARIO;7056,13;;7056,13;1421,63;5634,50;
JOSIANE DA SILVA NEVES;ASSESSORIA;ASSESSOR III AD-3;; CARGO COMISSION.S/VINCULO;3086,94;;3086,94;402,81;2684,13;
JOSIEL DE AQUINO MARTINS;DIVISAO DE ADMINISTRACAO;CHEFE DE DEPARTAMENTO AD-1;; CARGO COMISSION.S/VINCULO;5100,30;;5100,30;946,24;4154,06;
JOSINEIDE MARIA ABREU MARINATO;SETOR DE CENTRO MEDICO;ENFERMEIRO-ENF-P.S.N.S.-A;ENFERMEIRA; ESTATUTARIO;5393,48;;5393,48;1043,98;4349,50;
JOSSIMAR FARIAS FERREIRA;SETOR DE RADIOTERAPIA;ASSIST.ADMIN.-ASA-T.S.N.M.-A;; ESTATUTARIO;1488,89;;1488,89;147,40;1341,49;
JOVANIO MELO SARMENTO;SETOR DE PATOLOGIA CLINICA;AUX.DE PATOL.CLIN.-APC-P.S.N.A.-C;; ESTATUTARIO;1689,47;;1689,47;185,84;1503,63;
JULIA MONICA MARCELINO BENEVIDES;SERVICO DE ENFERMAGEM;ENFERMEIRO-ENF-P.S.N.S.-B;CHEFE DE DEPART.; ESTATUTARIO;5757,70;;5757,70;1173,19;4584,51;
JULIA MONICA MARCELINO BENEVIDES;SETOR DE ENFERMARIA;ENFERMEIRO-ENF-P.S.N.S.-A;; ESTATUTARIO;3596,86;;3596,86;646,65;2950,21;
JULIANE MARIA DE TOLEDO;DIVISAO DE ADMINISTRACAO;ASSIST.ADMIN.-ASA-T.S.N.M.-A;; ESTATUTARIO;1488,89;;1488,89;163,78;1325,11;
JULIO CESAR LOPES GARCIA;SECAO DE EXPEDIENTE;AGENTE ADM.-AGA-T.S.N.A.-H;; ESTATUTARIO;1964,21;;1964,21;194,65;1769,56;
JUSSARA PEREIRA LEAL;SETOR DE ENFERMARIA;AUXILIAR DE ENFERMAGEM;; ESTATUTARIO;1494,29;;1494,29;164,37;1329,92;
JUSSARA PEREIRA LEAL;SETOR DE ENFERMARIA;TEC. DE ENFERMAGEM-TEN-P.S.N.M.-A;TEC DE ENFERMAGEN; ESTATUTARIO;1805,04;;1805,04;198,55;1606,49;
KAMILA KEROENY FERNANDES PEREIRA;SETOR DE ENFERMARIA;TEC. DE ENFERMAGEM-TEN-P.S.N.M.-A;; ESTATUTARIO;1759,59;;1759,59;193,55;1566,04;
KAREN SILVIA MELO DE SOUZA;ASSESSORIA;ASSESSOR II AD-2;; CARGO COMISSION.S/VINCULO;4093,27;;4093,27;641,90;3451,37;
KARYELLEN FREITAS DE ARAUJO;SERVICO COMPLEM.DE DIAGNOSTICO;GERENTE AD-2;; CARGO COMISSION.S/VINCULO;4093,27;;4093,27;641,90;3451,37;
KATIA LUZ TORRES SILVA;DIRETORIA TECNICA;FARMACEUTICO BIOQUIMICO A;DIRETOR ENS.PESQUISA; ESTATUTARIO;13194,23;;13194,23;3165,32;10028,91;
KATIA SOCORRO SILVA CORREA;SETOR GENITO PELVICO UROLOGICO;MEDICO ESPECIALISTA;; ESTATUTARIO;8928,84;;8928,84;2089,63;6839,21;
KATIA UCHOA DO NASCIMENTO;SECAO DE PESSOAL;AGENTE ADM.-AGA-T.S.N.A.-G;; ESTATUTARIO;1661,45;;1661,45;182,76;1478,69;
KATIANY REGINA RABELO NAZARETH;SETOR DE NUTRICAO E DIETETICA;AGENTE ADM.-AGA-T.S.N.A.-G;; ESTATUTARIO;1608,02;;1608,02;176,88;1431,14;
KATYELLEN FREITAS DE ARAUJO;SETOR DE FARMACIA;GERENTE AD-2;; CARGO COMISSION.S/VINCULO;4366,15;;4366,15;718,46;3647,69;
KAZUKO BELEM NOGUCHI;SETOR DE NUTRICAO E DIETETICA;COPEIRO-COP-T.S.N.A.-A;COPEIRO; ESTATUTARIO;1460,63;;1460,63;155,53;1305,10;
KEILA SOUZA DA SILVA;SETOR DE ENFERMARIA;TEC. DE ENFERMAGEM-TEN-P.S.N.M.-A;; ESTATUTARIO;1759,59;;1759,59;193,55;1566,04;
KLEBER SANDRO BRASIL DOS SANTOS;SETOR DE HEMATOL.E HEMOTERAPIA;FARMACEUTICO BIOQUIMICO A;GERENTE AD 2; ESTATUTARIO;8648,48;;8648,48;1675,15;6973,33;
LAILA PATRICIA FIDELIS DUTRA;SETOR DE IMAGENOLOGIA;MEDICO ESPECIALISTA;MEDICA ESPECIALISTA; ESTATUTARIO;6476,85;;6476,85;1399,29;5077,56;
LAURA RITA CAVALCANTE DA SILVEIRA;SECAO DE EXPEDIENTE;CHEFE DE GABINETE AD-1;; CARGO COMISSION.S/VINCULO;5100,30;;5100,30;946,24;4154,06;
LEANDRO BALDINO;SETOR DE RADIOTERAPIA;MEDICO ESPECIALISTA;; ESTATUTARIO;6476,85;;6476,85;1399,29;5077,56;
LEINA TUPINAMBA DE QUEIROZ;SETOR DE REGISTRO E CONTROLE;AGENTE ADM.-AGA-T.S.N.A.-F;; ESTATUTARIO;2057,49;;2057,49;169,74;1887,75;
LEIVA REGINA DA ENCARNACAO DA SILVA;SERVICO DE ENFERMAGEM;TEC. DE ENFERMAGEM-TEN-P.S.N.M.-A;TEC. ENFERMAGEM; ESTATUTARIO;1861,92;;1861,92;191,94;1669,98;
LENIMAR ALVES DE OLIVEIRA;SERV.CLIN.MED.ONC.E APOIO TER.;AUX.DE SERV.GER.-ASG-T.S.N.A.-C;; ESTATUTARIO;1643,31;;1643,31;180,76;1462,55;
LEONARDO LEAL DO NASCIMENTO;SETOR DE ZELAD.VIG.TRANSPORTES;MOTORISTA-MOT-T.S.N.A.-A;MOTORISTA; ESTATUTARIO;1634,24;;1634,24;179,77;1454,47;
LEONIDAS ALVES DA SILVA;SETOR DE CABECA E PESCOCO;MEDICO ESPECIALISTA;; ESTATUTARIO;7824,64;;7824,64;1873,41;5951,23;
LEONIDAS ALVES DA SILVA;SETOR DE CABECA E PESCOCO;MEDICO ESPECIALISTA;; ESTATUTARIO;13547,64;;13547,64;3904,61;9643,03;
LEONILIA SILVA DA COSTA;SETOR DE RADIOTERAPIA;ASSISTENTE TECNICO A;; ESTATUTARIO;1951,07;;1951,07;193,35;1757,72;
LIA MIZOBE ONO;CONSELHO DIRETOR;CIRURGIAO DENTISTA A;; ESTATUTARIO;4940,40;;4940,40;853,97;4086,43;
LIDUINA MARIA CAVALCANTE;SETOR DE ENFERMARIA;TEC. DE ENFERMAGEM-TEN-P.S.N.M.-C;; ESTATUTARIO;2053,25;;2053,25;225,86;1827,39;
LILIAN DE PAULA DUARTE PAES;SERVICO DE RADIOTERAPIA;ASSISTENTE TECNICO A;ASSIST TEC; ESTATUTARIO;1529,83;;1529,83;168,28;1361,55;
LILIAN GRACE COELHO DE ARAUJO;SETOR DE REGISTRO E CONTROLE;AGENTE ADM.-AGA-T.S.N.A.-F;; ESTATUTARIO;2057,49;;2057,49;169,74;1887,75;
LILIAN MARIA DE ALBUQERQUE CHAVES;SETOR DE HEMATOL.E HEMOTERAPIA;TEC. DE HEMOTERAP.-THE-P.S.N.M.-C;; ESTATUTARIO;2112,13;;2112,13;218,11;1894,02;
LINDALVA DE OLIVEIRA SANTOS;SETOR DE ENFERMARIA;AUX.DE ENFERM.-AEF-P.S.N.A.-C;; ESTATUTARIO;1786,94;;1786,94;196,56;1590,38;
LIZETE DE SOUZA AZEVEDO;SERVICO DE ENFERMAGEM;AGENTE ADM.-AGA-T.S.N.A.-G;; ESTATUTARIO;1595,93;;1595,93;175,55;1420,38;
LORENA BARROS DA SILVEIRA;SETOR DE ENFERMARIA;ENFERMEIRO-ENF-P.S.N.S.-A;; ESTATUTARIO;4940,40;;4940,40;896,63;4043,77;
LOURDES PEREIRA DE SOUZA;SETOR DE ALMOXARIFADO;AGENTE ADM.-AGA-T.S.N.A.-G;; ESTATUTARIO;1661,45;;1661,45;182,76;1478,69;
LUCAS VIDEO PENEDO;DIVISAO DE ADMINISTRACAO;ASSIST.ADMIN.-ASA-T.S.N.M.-A;; ESTATUTARIO;1488,89;;1488,89;163,78;1325,11;
LUCIA DE FATIMA ALVES DO NASCIMENTO;SECAO DE PESSOAL;AGENTE ADM.-AGA-T.S.N.A.-G;GERENTE AD 2; ESTATUTARIO;1632,51;;1632,51;179,58;1452,93;
LUCIA MELO DA SILVA;SETOR DE ENFERMARIA;TEC. DE ENFERMAGEM-TEN-P.S.N.M.-A;TECNICO ENFERMAGEM; ESTATUTARIO;2166,04;;2166,04;238,26;1927,78;
LUCIA MELO DA SILVA;SETOR DE ENFERMARIA;AUXILIAR DE ENFERMAGEM;; ESTATUTARIO;1494,29;;1494,29;164,37;1329,92;
LUCIANO AFONSO TEIXEIRA BRANDAO;SECAO DE PESSOAL;MEDICO ESPECIALISTA;; ESTATUTARIO;6696,63;;6696,63;1475,78;5220,85;
LUCICLEIA FREITAS MADY;SERVICO DE ENFERMAGEM;TECNICO DE PATOLOGIA CLINICA A;; ESTATUTARIO;1795,59;;1795,59;193,55;1602,04;
LUCILENE GUIMARAES OLIVEIRA;SAME;TEC.DE RAD.MEDICA-TRM-P.S.N.M.-D;; ESTATUTARIO;2452,03;;2452,03;242,99;2209,04;
LUCINETE VIANA DA SILVA;SETOR DE ENFERMARIA;AUXILIAR DE ENFERMAGEM A;; ESTATUTARIO;1494,29;;1494,29;164,37;1329,92;
LUCIVALDO MORAIS DOS REIS;SETOR DE RADIOTERAPIA;TEC.DE RADIOTERAPIA-TER-P.S.N.M.-A;TEC. EM RADIOTERAPIA; ESTATUTARIO;1805,04;;1805,04;198,55;1606,49;
LUIGI GUIDOBONO NUNES;SETOR DE NUTRICAO E DIETETICA;COPEIRO-COP-T.S.N.A.-A;; ESTATUTARIO;1413,91;;1413,91;155,53;1258,38;
LUIS ARTURO ULLOA PEREZ;SETOR DE PATOLOGIA CLINICA;FARMAC.BIOQ. -FAB-P.S.N.S.-D;; ESTATUTARIO;7658,49;;7658,49;1694,80;5963,69;
LUIS FEDERICO BONILLA;CONSELHO DIRETOR;MEDICO ESPECIALISTA;; ESTATUTARIO;6476,85;;6476,85;1393,03;5083,82;
LUIS FELIPE MENEZES DA COSTA;SECAO DE ORCAMENTO E FINANCAS;SUBGERENTE AD-3;; CARGO COMISSION.S/VINCULO;3086,94;;3086,94;402,81;2684,13;
LUIZ CARLOS DOS SANTOS JUNIOR;SETOR ABDOMINO-TORAXICO;MEDICO ESPECIALISTA;; ESTATUTARIO;6912,89;;6912,89;1551,57;5361,32;
LUIZ SERGIO MACHADO DOS SANTOS;SETOR DE CABECA E PESCOCO;CIR.DENT.-CCRD-P.S.N.S.-B;; ESTATUTARIO;5482,70;;5482,70;1075,63;4407,07;
LUZIA DE OLIVEIRA SILVA;SETOR DE ENFERMARIA;ENFERMEIRO-ENF-P.S.N.S.-C;; ESTATUTARIO;6812,46;;6812,46;1493,52;5318,94;
LYRES MARGARETH SOARES BENTES;SERVICO DE ENFERMAGEM;ENFERMEIRO-ENF-P.S.N.S-D;; ESTATUTARIO;6240,88;;6240,88;1344,59;4896,29;
MAIKO RAMOS MAIA;SETOR DE PATOLOGIA CLINICA;MEDICO ESPECIALISTA;; ESTATUTARIO;6391,21;;6391,21;1369,48;5021,73;
MANOEL JESUS PINHEIRO COELHO;SETOR ABDOMINO-TORAXICO;MEDICO ESPECIALISTA;; ESTATUTARIO;10155,91;;10155,91;2702,03;7453,88;
MANOEL JESUS PINHEIRO COELHO JUNIOR;DIRETORIA TECNICA;TENENTE 1;GERENTE AD-2; ESTATUTARIO;4000,00;;4000,00;263,87;3736,13;
MANUEL MATIAS PINTO;DIRETORIA TECNICA;MEDICO ESPECIALISTA;; ESTATUTARIO;7405,35;;7405,35;1726,27;5679,08;
MARA LUCIA DE FREITAS;SECAO DE PESSOAL;SUBGERENTE AD-3;; CARGO COMISSION.S/VINCULO;3086,94;;3086,94;402,81;2684,13;
MARA TATIANE SILVA DOS S MARIALVA;SETOR DE ENFERMARIA;TEC. DE ENFERMAGEM-TEN-P.S.N.M.-A;; ESTATUTARIO;1759,59;;1759,59;193,55;1566,04;
MARCELA DE MATOS QUEIROZ;SETOR DE ENFERMARIA;TEC. DE ENFERMAGEM-TEN-P.S.N.M.-A;TEC ENFERMAGEM; ESTATUTARIO;1805,04;;1805,04;191,94;1613,10;
MARCELA MOURA PANTOJA;ASSESSORIA;ASSESSOR II AD-2;; CARGO COMISSION.S/VINCULO;5457,69;;5457,69;1014,61;4443,08;
MARCELO JOSE FERREIRA DE SOUZA;SETOR DE ZELAD.VIG.TRANSPORTES;MOTORISTA-MOT-T.S.N.A.-B;; ESTATUTARIO;1780,33;;1780,33;195,84;1584,49;
MARCELO TAPAJOS ARAUJO;DIRETORIA TECNICA;MEDICO DOUTOR;; ESTATUTARIO;8787,41;;8787,41;2208,86;6578,55;
MARCIA ANDRADE DE SOUZA;SETOR DE ENFERMARIA;AUXILIAR DE ENFERMAGEM A;; ESTATUTARIO;1539,73;;1539,73;147,60;1392,13;
MARCIA DOS SANTOS LIRA DA SILVA;SETOR DE ENFERMARIA;AUXILIAR DE ENFERMAGEM A;; ESTATUTARIO;1494,29;;1494,29;164,37;1329,92;
MARCILENE RODRIGUES DOS SANTOS;SERVICO DE ENFERMAGEM;TEC. DE ENFERMAGEM-TEN-P.S.N.M.-A;TEC DE ENFERMAGEM; ESTATUTARIO;1805,04;;1805,04;198,55;1606,49;
MARCIO NEVES STEFANI;CONSELHO DIRETOR;PROF.ESPECIAL AUX.A 40HS-PE.111.20;CH.DE DEPARTAMENTO; ESTATUTARIO;9593,80;;9593,80;2318,47;7275,33;
MARCO ANTONIO CRUZ ROCHA;SERVICO DE CIRURGIA ANCOLOGICA;MEDICO ESPECIALISTA;MEDICO ESPECIALISTA; ESTATUTARIO;6476,85;;6476,85;1399,29;5077,56;
MARCO ANTONIO RICCI CORREA JUNIOR;SERVICO DE CIRURGIA ANCOLOGICA;MEDICO ESPECIALISTA;DIRETOR PRESIDENTE; ESTATUTARIO;16376,85;;16376,85;4121,79;12255,06;
MARCOS AURELIO FERREIRA DA SILVA;SETOR DE ENFERMARIA;FARMAC.BIOQ. -FAB-P.S.N.S.-A;FARMACEUTICO; ESTATUTARIO;5179,96;;5179,96;967,55;4212,41;
MARESSA GASPAROTO LENGLUBE LISBOA;SETOR DE ENFERMARIA;ENFERMEIRO-ENF-P.S.N.S.-A;; ESTATUTARIO;4940,40;;4940,40;896,63;4043,77;
MARGARETH DE LIMA SILVA;SECAO DE MATERIAL E PATRIMONIO;ASSISTENTE TECNICO A;; ESTATUTARIO;1797,17;;1797,17;197,69;1599,48;
MARIA ANGELA COSTA LIMA GIOIA;DIVISAO DE ADMINISTRACAO;ADMINISTRADOR ADM.T.S.N.S.-A;GERENTE AD 2; ESTATUTARIO;8060,59;;8060,59;1671,13;6389,46;
MARIA APARECIDA FLORES DOS SANTOS;SETOR NEUROLOGICO;MEDICO ESPECIALISTA;; ESTATUTARIO;7307,06;;7307,06;1689,80;5617,26;
MARIA AUREA PEREIRA DOS SANTOS;SETOR DE NUTRICAO E DIETETICA;COZINHEIRO-COZ-T.S.N.A.-D;; ESTATUTARIO;1746,48;;1746,48;192,11;1554,37;
MARIA AUXILIADORA BRAGA DE OLIVEIRA;SETOR DE ENFERMARIA;ENFERMEIRO-ENF-P.S.N.S.-B;; ESTATUTARIO;5757,70;;5757,70;912,02;4845,68;
MARIA AUXILIADORA DA SILVA SILVA;CONS.TECNICO-ADMINISTRATIVO;CONTADOR-CON-T.S.N.S.-A;; ESTATUTARIO;3807,82;;3807,82;572,40;3235,42;
MARIA AUXILIADORA DE MELO;SETOR DE PATOLOGIA CLINICA;ASSISTENTE TECNICO ADMINISTRATIVO B;; ESTATUTARIO;2183,44;;2183,44;216,38;1967,06;
MARIA AUXILIADORA FERNANDES SILVA;SETOR DE ENFERMARIA;AUX.DE ENFERM.-AEF-P.S.N.A.-B;; ESTATUTARIO;1663,62;;1663,62;183,00;1480,62;
MARIA AUXILIADORA TRINDADE REBELO;SERV.CLIN.MED.ONC.E APOIO TER.;MEDICO ESPECIALISTA A;; ESTATUTARIO;6391,21;;6391,21;1369,48;5021,73;
MARIA AUXILIADORA TRINDADE REBELO;SERV.CLIN.MED.ONC.E APOIO TER.;MEDICO ESPECIALISTA A;; ESTATUTARIO;6391,21;;6391,21;1369,48;5021,73;
MARIA CELIA CASTRO DA COSTA;SERVICO DE RADIOTERAPIA;TECNICO DE RADIOTERAPIA A;; ESTATUTARIO;1759,59;;1759,59;193,55;1566,04;
MARIA CELIA LOPES DE SOUZA;SECAO DE ORCAMENTO E FINANCAS;ASSISTENTE TECNICO A;DIRETOR.ADM FINANC; ESTATUTARIO;10113,23;;10113,23;1998,75;8114,48;
MARIA CELIA VIANA CIDRONIO;SERVICOS TECNICOS;ASSIST.SOC.ASS-P.S.N.S.-CL.D;GERENTE AD 2; ESTATUTARIO;10633,10;;10633,10;2427,03;8206,07;
MARIA CLAUDIA DA SILVA ANDRADE;SERVICO DE ENFERMAGEM;TEC. DE ENFERMAGEM-TEN-P.S.N.M.-A;TEC.DE ENFERMAGEM; ESTATUTARIO;1805,04;;1805,04;198,55;1606,49;
MARIA DA CONCEICAO DA SILVA VIEIRA;SETOR DE PATOLOGIA CLINICA;TEC.DE PAT.CLINICA-TPC-P.S.N.M.-D;; ESTATUTARIO;2176,89;;2176,89;239,46;1937,43;
MARIA DA GLORIA SANTOS DE OLIVEIRA;SETOR DE ENFERMARIA;AUX.DE ENFERM.-AEF-P.S.N.A.-D;; ESTATUTARIO;2108,15;;2108,15;208,92;1899,23;
MARIA DA PENHA PICANCO PIRAICE;SETOR DE ENFERMARIA;TEC. DE ENFERMAGEM-TEN-P.S.N.M.-A;; ESTATUTARIO;1759,59;;1759,59;193,55;1566,04;
MARIA DA PENHA PICANCO PIRAICE;SETOR DE ENFERMARIA;TEC. DE ENFERMAGEM-TEN-P.S.N.M.-A;TECNICO  ENFERMAGEN; ESTATUTARIO;1871,12;;1871,12;198,55;1672,57;
MARIA DAS GRACAS BASTOS DE LIMA;SETOR DE CITOPATOLOGIA;TEC.DE HISTOLOGIA-THI-P.S.N.M.-A;TEC.HISTOLOGIA; ESTATUTARIO;1805,04;;1805,04;198,55;1606,49;
MARIA DAS GRACAS BORGES LOPES;SETOR DE ENFERMARIA;AUX.DE ENFERM.-AEF-P.S.N.A.-C;; ESTATUTARIO;1786,94;;1786,94;196,56;1590,38;
MARIA DAS GRACAS COSTA DE SENA;SERVICO DE ENFERMAGEM;ENFERMEIRO-ENF-P.S.N.S.-A;ENFERMERO; ESTATUTARIO;5038,18;;5038,18;926,97;4111,21;
MARIA DAS GRACAS DO VALLE CORTEZ;NUCLEO MEDICO-ASSISTENCIAL;MEDICO ESPECIALISTA;; ESTATUTARIO;7323,13;;7323,13;1695,50;5627,63;
MARIA DAS GRACAS SOUZA DA SILVA;SECAO DE SERVICOS GERAIS;AUX.DE SERV.GER.-ASG-T.S.N.A.-D;; ESTATUTARIO;1881,09;;1881,09;186,41;1694,68;
MARIA DAS GRACAS TEIXEIRA DE M MAIA;SETOR DE ENFERMARIA;TEC. DE ENFERMAGEM-TEN-P.S.N.M.-D;; ESTATUTARIO;2145,88;;2145,88;236,05;1909,83;
MARIA DE DEUS MOURAO XAVIER;SETOR DE ENFERMARIA;AUXILIAR DE ENFERMAGEM A;AUX. DE ENFERMAGEM A; ESTATUTARIO;1494,29;;1494,29;164,37;1329,92;
MARIA DE FATIMA ALVES NOGUEIRA;SETOR DE ENFERMARIA;TEC. DE ENFERMAGEM-TEN-P.S.N.M.-B;; ESTATUTARIO;1944,87;;1944,87;213,94;1730,93;
MARIA DE FATIMA BERNARDO GUEDES;SETOR DE AMBULATORIO;AUX.DE ENFERM.-AEF-P.S.N.A.-D;; ESTATUTARIO;1842,85;;1842,85;202,71;1640,14;
MARIA DE FATIMA DE SOUZA FARIAS;SECAO DE SERVICOS GERAIS;AUX.DE SERV.GER.-ASG-T.S.N.A.-D;; ESTATUTARIO;1746,48;;1746,48;192,11;1554,37;
MARIA DE FATIMA EDWARDS AMAZONAS;SETOR DE ENFERMARIA;AUX. OPERACIONAL DE SAUDE A;AUX. OP. DE SAUDE A; ESTATUTARIO;1494,29;;1494,29;164,37;1329,92;
MARIA DE LOURDES DA SILVA VIEIRA;SETOR DE ENFERMARIA;TECNICO DE PATOLOGIA CLINICA A;; ESTATUTARIO;1759,59;;1759,59;193,55;1566,04;
MARIA DE LOURDES DOS SANTOS;SECAO DE SERVICOS GERAIS;AUX.DE SERV.GER.-ASG-T.S.N.A.-D;; ESTATUTARIO;1655,62;;1655,62;182,12;1473,50;
MARIA DE LOURDES MARINHO M CARVALHO;CONSELHO DIRETOR;MEDICO ESPECIALISTA;; ESTATUTARIO;8154,50;;8154,50;1929,25;6225,25;
MARIA DE NAZARE BATISTA PIMENTEL;SETOR DE AMBULATORIO;AUX. OPERACIONAL DE SAUDE A;; ESTATUTARIO;2045,56;;2045,56;202,71;1842,85;
MARIA DE NAZARE CORREA DE AZEVEDO;SETOR DE ENFERMARIA;ENFERMEIRO A;; ESTATUTARIO;4940,40;;4940,40;896,63;4043,77;
MARIA DE NAZARE LIMA VIEIRA;SETOR DE ENFERMARIA;AUX.DE ENFERM.-AEF-P.S.N.A.-D;; ESTATUTARIO;2108,15;;2108,15;208,92;1899,23;
MARIA DE NAZARE PICANCO BARBOSA;DIRETORIA TECNICA;AGENTE ADM.-AGA-T.S.N.A.-G;; ESTATUTARIO;1656,94;;1656,94;170,11;1486,83;
MARIA DILCE DE FARIAS;SETOR DE PATOLOGIA CLINICA;TEC.DE PAT.CLINICA-TPC-P.S.N.M.-D;; ESTATUTARIO;2452,03;;2452,03;265,87;2186,16;
MARIA DIVINA GONCALVES DE ALMEIDA;SETOR DE CITOPATOLOGIA;TEC.DE HISTOLOGIA-THI-P.S.N.M.-A;TEC. HISTOLOGIA; ESTATUTARIO;1805,04;;1805,04;178,70;1626,34;
MARIA DO CARMO LOURENCO;SETOR DE ENFERMARIA;AUXILIAR DE ENFERMAGEM A;; ESTATUTARIO;1494,29;;1494,29;164,37;1329,92;
MARIA DO PERPETUO SOCORRO G AMARAL;SETOR DE ENFERMARIA;AUXILIAR DE ENFERMAGEM A;; ESTATUTARIO;1494,29;;1494,29;164,37;1329,92;
MARIA DO SOCORRO ALMEIDA DOS SANTOS;SETOR DE LAVANDERIA;AUX.DE SERV.GER.-ASG-T.S.N.A.-D;; ESTATUTARIO;2520,75;;2520,75;192,11;2328,64;
MARIA DO SOCORRO ANDRADE RIBEIRO;SETOR DE ENFERMARIA;TEC. DE ENFERMAGEM-TEN-P.S.N.M.-A;TEC ENFERMAGEM; ESTATUTARIO;1899,44;;1899,44;198,55;1700,89;
MARIA DO SOCORRO BARROZO BATALHA;SETOR DE RADIOTERAPIA;TECNICO EM RADIOTERAPIA;TEC. EM RADIOTERAPIA; ESTATUTARIO;1805,04;;1805,04;198,55;1606,49;
MARIA DO SOCORRO BARROZO BATALHA;SETOR DE ENFERMARIA;TEC.DE RADIOTERAPIA-TER-P.S.N.M.-A;TEC. RADIOTERAPIA; ESTATUTARIO;1759,59;;1759,59;180,65;1578,94;
MARIA DO SOCORRO BATISTA;SETOR DE ENFERMARIA;AUX.DE ENFERM.-AEF-P.S.N.A.-D;; ESTATUTARIO;2108,15;;2108,15;208,92;1899,23;
MARIA DO SOCORRO DAS CHAGAS;SERVICO DE ENFERMAGEM;ENFERMEIRO-ENF-P.S.N.S.-A;ENFERMERO; ESTATUTARIO;5038,18;;5038,18;926,97;4111,21;
MARIA DO SOCORRO DE OLIVEIRA LIMA;SETOR DE ENFERMARIA;ENFERMEIRO-ENF-P.S.N.S.-B;; ESTATUTARIO;5757,70;;5757,70;1173,19;4584,51;
MARIA DO SOCORRO MARQUES CARVALHO;SERV.CLIN.MED.ONC.E APOIO TER.;TEC.DE HEMOTERAP.-THE-P.S.N.M.-A;TEC HEMATERAPIA; ESTATUTARIO;1852,35;;1852,35;203,76;1648,59;
MARIA DO SOCORRO SANTOS DE ARAUJO;SETOR DE HEMATOL.E HEMOTERAPIA;TEC.DE HEMOTERAP.-THE-P.S.N.M.-A;; ESTATUTARIO;1852,35;;1852,35;203,76;1648,59;
MARIA GRACIETE RIBEIRO CARNEIRO;SETOR DE HEMATOL.E HEMOTERAPIA;PSICOLOGO-PSI-P.S.N.S.-B;GERENTE AD 2; ESTATUTARIO;9757,70;;9757,70;2116,77;7640,93;
MARIA GRASIELA CORREIA LEITE;NUCLEO MEDICO-ASSISTENCIAL;MEDICO ESPECIALISTA;; ESTATUTARIO;8928,84;;8928,84;2089,63;6839,21;
MARIA GREICE FREITAS DE SOUZA;SECAO DE MATERIAL E PATRIMONIO;GERENTE AD-2;; CARGO COMISSION.S/VINCULO;4093,27;;4093,27;641,90;3451,37;
MARIA HELENA GOMES LISBOA MATELINS;SETOR DE CITOPATOLOGIA;AUX. OPERACIONAL DE SAUDE B;; ESTATUTARIO;2741,23;;2741,23;227,60;2513,63;
MARIA INES NUNES MARTINS;SETOR DE INFECCAO HOSPITALAR;ENFERMEIRO-ENF-P.S.N.S-D;; ESTATUTARIO;8178,84;;8178,84;1712,60;6466,24;
MARIA IVETE PIMENTEL DOS SANTOS;SERVICO COMPLEM.DE DIAGNOSTICO;AUX. DE PATOLOGIA CLINICA A;AUX.DE PAT.CLINICAA; ESTATUTARIO;1581,09;;1581,09;173,92;1407,17;
MARIA IZABEL SANTOS DE OLIVEIRA;SETOR DE AMBULATORIO;AUX. OPERACIONAL DE SAUDE A;; ESTATUTARIO;1842,85;;1842,85;202,71;1640,14;
MARIA JOSE DE OLIVEIRA DA S NUNES;SETOR DE NUTRICAO E DIETETICA;COZINHEIRO-T.S.N.A.-A;COZINHEIRA; ESTATUTARIO;1413,91;;1413,91;155,53;1258,38;
MARIA JULIA DA SILVA NUNES;SETOR DE ENFERMARIA;AUX. OPERACIONAL DE SAUDE B;; ESTATUTARIO;2532,31;;2532,31;240,37;2291,94;
MARIA LEITE MARTINS;SETOR DE ENFERMARIA;TEC. DE ENFERMAGEM-TEN-P.S.N.M.-A;; ESTATUTARIO;1759,59;;1759,59;193,55;1566,04;
MARIA LUCIA FERREIRA MARCIAO;SETOR DE ENFERMARIA;TEC. DE ENFERMAGEM-TEN-P.S.N.M.-C;; ESTATUTARIO;2053,25;;2053,25;225,86;1827,39;
MARIA ROCHA DE SOUZA;SECAO DE SERVICOS GERAIS;AUX.DE SERV.GER.-ASG-T.S.N.A.-D;; ESTATUTARIO;1655,62;;1655,62;182,12;1473,50;
MARIA SARA PEDROZA FREIRE OLIVEIRA;SETOR DE NUTRICAO E DIETETICA;COZINHEIRO-T.S.N.A.-A;COZINHEIRA; ESTATUTARIO;1413,91;;1413,91;155,53;1258,38;
MARIA TEREZA DE OLIVEIRA B SILVA;SETOR ABDOMINO-TORAXICO;TEC.DE PAT.CLINICA-TPC-P.S.N.M.-B;; ESTATUTARIO;1944,87;;1944,87;213,94;1730,93;
MARIA VERBENE COSTA AGUIAR;SETOR DE ENFERMARIA;ENFERMEIRO-ENF-P.S.N.S.-A;; ESTATUTARIO;5060,40;;5060,40;923,63;4136,77;
MARIA ZILMAR DE ARAUJO TAVARES;SETOR DE PATOLOGIA CLINICA;FARMAC.BIOQ. -FAB-P.S.N.S.-D;; ESTATUTARIO;6326,77;;6326,77;1270,78;5055,99;
MARILIA BATISTA AZEVEDO;SETOR DE ENFERMARIA;TEC. DE ENFERMAGEM-TEN-P.S.N.M.-A;; ESTATUTARIO;1759,59;;1759,59;193,55;1566,04;
MARILIA MUNIZ CAVALCANTE OLIVEIRA;SERVICO DE ENFERMAGEM;ENFERMEIRO-ENF-P.S.N.S.-B;CHEFE DE DEPART.; ESTATUTARIO;14020,73;;14020,73;3426,21;10594,52;
MARINEIA SILVA DO NASCIMENTO;SETOR DE ENFERMARIA;TEC. DE ENFERMAGEM-TEN-P.S.N.M.-A;TECNICO ENFERMAGEM; ESTATUTARIO;1805,04;;1805,04;198,55;1606,49;
MARIO JOSE CASTELO BRANCO;SETOR DE FARMACIA;ASSISTENTE TECNICO A;; ESTATUTARIO;1911,82;;1911,82;202,70;1709,12;
MARIO MARCELO DE OLIVEIRA FEITOSA;SETOR DE ZELAD.VIG.TRANSPORTES;MOTORISTA-MOT-T.S.N.A.-A;; ESTATUTARIO;1634,24;;1634,24;179,77;1454,47;
MARISA FEITOSA DA COSTA;SETOR DE ENFERMARIA;TEC. DE ENFERMAGEM-TEN-P.S.N.M.-A;TEC ENFERMAGEM; ESTATUTARIO;1899,44;;1899,44;198,55;1700,89;
MARLICE FIGUEIREDO DA COSTA;SERVICOS TECNICOS;COPEIRO-COP-T.S.N.A.-A;; ESTATUTARIO;1375,86;;1375,86;151,34;1224,52;
MARLY MENDES FREITAS;SETOR DE RADIOTERAPIA;AUX.DE ENFERM.-AEF-P.S.N.A.-D;; ESTATUTARIO;2400,52;;2400,52;198,04;2202,48;
MARTA DE OLIVEIRA FRANCA;SECAO DE PESSOAL;AGENTE ADM.-AGA-T.S.N.A.-G;.; ESTATUTARIO;1876,32;;1876,32;185,94;1690,38;
MARY SA MORAIS DAMIAO;SETOR DE ZELAD.VIG.TRANSPORTES;ASSISTENTE TECNICO A;; ESTATUTARIO;1842,70;;1842,70;202,70;1640,00;
MARYZANGELA DE MIRANDA FERREIRA;SERV.CLIN.MED.ONC.E APOIO TER.;TEC.DE HEMOTERAP.-THE-P.S.N.M.-A;; ESTATUTARIO;1852,35;;1852,35;203,76;1648,59;
MAURA ANDREA NEGREIROS BIANCO;SETOR DE AMBULATORIO;SUBGERENTE AD-3;; CARGO COMISSION.S/VINCULO;3093,27;;3093,27;403,93;2689,34;
MAURICIO DE NASSAU AREOSA VALE;SETOR DE IMAGENOLOGIA;MEDICO ESPECIALISTA TEMPORARIO;; ESTATUTARIO;6391,21;;6391,21;1369,48;5021,73;
MAYSA DE SOUZA CRUZ;SECAO DE PESSOAL;PSICOLOGO C;; ESTATUTARIO;4940,40;;4940,40;896,63;4043,77;
MICHELE CRISTIANE SOUZA ALBUQUERQUE;SETOR DE ONCOLOGIA CLINICA;ENFERMEIRO-ENF-P.S.N.S.-A;GERENTE AD 2; ESTATUTARIO;9278,78;;9278,78;2103,29;7175,49;
MIRLANE GUIMARAES DE MELO CARDOSO;SETOR DE ANESTESIOLOGIA;GERENTE AD-2;; CARGO COMISSION.S/VINCULO;4093,27;;4093,27;641,90;3451,37;
MIRZA PINHO ICAVINO GARCIA;SETOR DE PATOLOGIA CLINICA;TEC.DE PAT.CLINICA-TPC-P.S.N.M.-D;; ESTATUTARIO;2145,88;;2145,88;236,05;1909,83;
MOISES CAMPOS ASSUNCAO;SECAO DE ORCAMENTO E FINANCAS;GERENTE AD-2;; CARGO COMISSION.S/VINCULO;4093,27;;4093,27;641,90;3451,37;
MONICA DO SOCORRO ROCHA DE OLIVEIRA;SETOR DE ENFERMARIA;ENFERMEIRO-ENF-P.S.N.S.-A;; ESTATUTARIO;4940,40;;4940,40;896,63;4043,77;
MONICA FERREIRA AMARAL;SETOR DE HEMATOL.E HEMOTERAPIA;TEC.DE HEMOTERAP.-THE-P.S.N.M.-A;TEC. DE HEMOTERAPIA; ESTATUTARIO;1805,04;;1805,04;198,55;1606,49;
MONICA MAQUINE BATISTA TEIXEIRA;SETOR DE AMBULATORIO;ENFERMEIRO-ENF-P.S.N.S.-A;GERENTE AD-2; ESTATUTARIO;9038,18;;9038,18;2017,93;7020,25;
MONICA MARIA BANDEIRA DE MELO;SETOR GENITO PELVICO UROLOGICO;MEDICO ESPECIALISTA;; ESTATUTARIO;6164,71;;6164,71;1290,81;4873,90;
MONICA MARIA COSTA SIMOES;SETOR DE ENFERMARIA;AUXILIAR DE ENFERMAGEM A;; ESTATUTARIO;1494,29;;1494,29;164,37;1329,92;
NAJLA DE OLIVEIRA PINHEIRO;SETOR DE AMBULATORIO;MEDICO ESPECIALISTA;; ESTATUTARIO;6476,85;;6476,85;1399,29;5077,56;
NANCY GISELA ALMEIDA DE SOUZA;SERVICO DE ENFERMAGEM;TEC. DE ENFERMAGEM-TEN-P.S.N.M.-A;TEC. ENFERMAGEM; ESTATUTARIO;2406,72;;2406,72;221,36;2185,36;
NARA FARIAS DE SOUSA;SETOR DE ENFERMARIA;ENFERMEIRO-ENF-P.S.N.S.-A;; ESTATUTARIO;4940,40;;4940,40;896,63;4043,77;
NAZIVALDO CACIOCLEY CAMELO CORREA;SERVICO DE CIRURGIA ANCOLOGICA;GERENTE AD-2;; CARGO COMISSION.S/VINCULO;4093,27;;4093,27;613,46;3479,81;
NEIVA DE SOUZA SOARES;SECAO DE EXPEDIENTE;CHEFE DE DEPARTAMENTO AD-1;CH DE DPTO. AD-1; CARGO COMISSION.S/VINCULO;5100,30;;5100,30;946,24;4154,06;
NELLY DE FREITAS BATALHA;SETOR DE ENFERMARIA;TEC. DE ENFERMAGEM-TEN-P.S.N.M.-A;; ESTATUTARIO;1759,59;;1759,59;193,55;1566,04;
NEYLANE MACEDO GONCALVES PIMENTEL;SETOR DE CENTRO MEDICO;ENFERMEIRO-ENF-P.S.N.S.-A;ENFERMEIRA; ESTATUTARIO;5038,18;;5038,18;926,97;4111,21;
NORTHON CESAR MARQUES MELO;SETOR DE IMAGENOLOGIA;TEC.DE RAD.MEDICA-TRM-P.S.N.M.-A;TEC EM RADIOLOGIA; ESTATUTARIO;1805,04;;1805,04;198,55;1606,49;
ORNAN AUGUSTO DA COSTA;SETOR DE ENFERMARIA;TEC. DE ENFERMAGEM-TEN-P.S.N.M.-A;; ESTATUTARIO;1759,59;;1759,59;193,55;1566,04;
PAULO GUSTAVO BARROSO SOBRAL;SERVICO COMPLEM.DE DIAGNOSTICO;TEC.DE PAT.CLINICA-TPC-P.S.N.M.-D;; ESTATUTARIO;2184,28;;2184,28;236,05;1948,23;
PAULO JOSE BENEVIDES DOS SANTOS;SETOR DE CABECA E PESCOCO;CIR.DENT.-CCRD-P.S.N.S.-B;; ESTATUTARIO;5919,14;;5919,14;1230,46;4688,68;
PEDRO IVO MACEDO COSTA;SETOR DE ZELAD.VIG.TRANSPORTES;MOTORISTA-MOT-T.S.N.A.-A;; ESTATUTARIO;1634,24;;1634,24;179,77;1454,47;
PEDRO PAULO OLIVEIRA SANTOS;SETOR DE ENFERMARIA;ENFERMEIRO-ENF-P.S.N.S.-A;; ESTATUTARIO;4940,40;;4940,40;896,63;4043,77;
PERLA AZIZE ASSAYAG;SETOR DE CABECA E PESCOCO;CIRURGIAO DENTISTA A;GERENTE AD 2; ESTATUTARIO;8940,40;;8940,40;1983,24;6957,16;
PETRONIO SILVEIRA QUINTELO;SETOR DE AMBULATORIO;MEDICO ESPECIALISTA;; ESTATUTARIO;6391,21;;6391,21;1028,73;5362,48;
POLIANA ALBUQUERQUE SIGNORINI;SETOR DE ANATOMIA PATOLOGICA;GERENTE AD-2;; CARGO COMISSION.S/VINCULO;4093,27;;4093,27;641,90;3451,37;
PRISCILA OLIVEIRA DE SOUZA;SERVICO DE RADIOTERAPIA;TEC.DE RADIOTERAPIA-TER-P.S.N.M.-A;; ESTATUTARIO;1759,59;;1759,59;193,55;1566,04;
RAFAEL DA SILVA BANDEIRA;SETOR DE ENFERMARIA;ENFERMEIRO-ENF-P.S.N.S.-A;; ESTATUTARIO;4940,40;;4940,40;896,63;4043,77;
RAIMUNDA GOMES DA SILVA;SETOR DE LAVANDERIA;AGENTE ADM.-AGA-T.S.N.A.-H;; ESTATUTARIO;1964,21;;1964,21;194,65;1769,56;
RAIMUNDA GOMES LESCH;SETOR DE RADIOTERAPIA;ASSISTENTE TECNICO A;; ESTATUTARIO;2111,18;;2111,18;209,22;1901,96;
RAIMUNDA LIDIA DA SILVA PINHO;SETOR DE ENFERMARIA;AUX.DE ENFERM.-AEF-P.S.N.A.-D;; ESTATUTARIO;2045,56;;2045,56;202,71;1842,85;
RAIMUNDA NONATA SILVA TELES;SETOR DE NUTRICAO E DIETETICA;COZINHEIRO-T.S.N.A.-A;; ESTATUTARIO;1413,91;;1413,91;155,53;1258,38;
RAIMUNDA SORAYA DE F ZANETTE;SETOR DE ENFERMARIA;AUX.DE ENFERM.-AEF-P.S.N.A.-C;; ESTATUTARIO;1760,43;;1760,43;193,65;1566,78;
RAIMUNDO ANTONIO BRAGA DOS SANTOS;SECAO DE SERVICOS GERAIS;AUX.DE SERV.GER.-ASG-T.S.N.A.-B;; ESTATUTARIO;2040,07;;2040,07;168,31;1871,76;
RAIMUNDO ASSUNCAO F BARRETO;SETOR DE CABECA E PESCOCO;MEDICO ESPECIALISTA;; ESTATUTARIO;8154,50;;8154,50;1929,25;6225,25;
RAIMUNDO NONATO CAVALCANTE MACIEL;SETOR DE ZELAD.VIG.TRANSPORTES;MOTORISTA-MOT-T.S.N.A.-A;MOTORISTA; ESTATUTARIO;1680,96;;1680,96;179,77;1501,19;
RAIMUNDO NONATO NUNES;SETOR DE ENFERMARIA;TEC. DE ENFERMAGEM-TEN-P.S.N.M.-A;TEC. DE ENFERMAGEM; ESTATUTARIO;1805,04;;1805,04;198,55;1606,49;
RAIMUNDO WANDEUVES LORIS GUIMARAES;SETOR DE PATOLOGIA CLINICA;TECNICO DE SAUDE 3A CLASSE;; ESTATUTARIO;1759,59;;1759,59;193,55;1566,04;
RAPHAEL BORGES SERRA;SETOR DE FARMACIA;FARMACEUTICO-FAR-P.S.N.S.-A;FARMACEUTICO; ESTATUTARIO;5464,54;;5464,54;1069,19;4395,35;
RAQUEL BENTES DA SILVA;DIR.ADMINISTRATIVA-FINANCEIRA;AGENTE ADM.-AGA-T.S.N.A.-G;; ESTATUTARIO;1656,94;;1656,94;182,26;1474,68;
RAQUEL CHAVES AMORIM;SERVICO COMPLEM.DE DIAGNOSTICO;FARMAC.BIOQ. -FAB-P.S.N.S.-B;; ESTATUTARIO;5865,30;;5865,30;1150,64;4714,66;
RAYMUNDO MAGALHAES VALOIS COELHO;SETOR DE RADIOTERAPIA;MEDICO ESPECIALISTA;; ESTATUTARIO;7467,79;;7467,79;1746,82;5720,97;
REINALDO CORREA LOPES;SETOR DE HEMATOL.E HEMOTERAPIA;TEC.DE HEMOTERAP.-THE-P.S.N.M.-A;; ESTATUTARIO;1918,75;;1918,75;203,76;1714,99;
RENATO DA SILVA REPILLA;SETOR DE CABECA E PESCOCO;CIRURGIAO DENTISTA A;; ESTATUTARIO;4940,40;;4940,40;896,63;4043,77;
RICARDO DIAS DA ROCHA;SERVICO DE ENFERMAGEM;MEDICO ESPECIALISTA;MEDICO URGENTISTA; ESTATUTARIO;6476,85;;6476,85;1399,29;5077,56;
RICARDO MELO DE ARAUJO;SETOR DE ALMOXARIFADO;AGENTE ADM.-AGA-T.S.N.A.-G;; ESTATUTARIO;1661,45;;1661,45;170,58;1490,87;
RICARDO SERGIO XAVIER PINTO;SETOR DE ENFERMARIA;ENFERMEIRO A;; ESTATUTARIO;5278,78;;5278,78;892,43;4386,35;
RITA DE CASSIA ALENCAR REFFERT;SETOR DE ENFERMARIA;FARMACEUTICO BIOQUIMICO B;; ESTATUTARIO;5278,78;;5278,78;1003,29;4275,49;
RITA DE CASSIA RODRIGUES CAMPOS;SETOR DE PATOLOGIA CLINICA;AUX.DE PATOL.CLIN.-APC-P.S.N.A.-A;; ESTATUTARIO;1617,33;;1617,33;173,79;1443,54;
RITA DE CASSIA UCHOA DE P MOUZINHO;SETOR DE PATOLOGIA CLINICA;TEC.DE PAT.CLINICA-TPC-P.S.N.M.-C;; ESTATUTARIO;2083,25;;2083,25;229,16;1854,09;
RITA MARIA DO SOCORRO LEITE SILVA;SETOR GENITO PELVICO UROLOGICO;MEDICO ESPECIALISTA;; ESTATUTARIO;8154,50;;8154,50;1929,25;6225,25;
ROBERLAN DAS CHAGAS LIMA;SETOR DE PATOLOGIA CLINICA;TEC.DE PAT.CLINICA-TPC-P.S.N.M.-A;; ESTATUTARIO;1759,59;;1759,59;193,55;1566,04;
ROBERTINA MEDEIROS DE ALMEIDA;SETOR DE NUTRICAO E DIETETICA;COZINHEIRO-COZ-T.S.N.A.-D;; ESTATUTARIO;1894,97;;1894,97;187,79;1707,18;
ROBERTO MENDES DE OLIVEIRA;SETOR DE PATOLOGIA CLINICA;TEC.DE PAT.CLINICA-TPC-P.S.N.M.-D;; ESTATUTARIO;2161,30;;2161,30;237,74;1923,56;
ROCINELE RIBEIRO DE ALMEIDA;SECAO DE EXPEDIENTE;AGENTE ADM.-AGA-T.S.N.A.-G;; ESTATUTARIO;1661,45;;1661,45;182,76;1478,69;
RODRIGO POLO DA COSTA;SETOR DE AMBULATORIO;MEDICO ESPECIALISTA;MEDICO ESPECIALISTA; ESTATUTARIO;6476,85;;6476,85;1399,29;5077,56;
ROGERIO LIMA DOS SANTOS;SETOR DE AMBULATORIO;MEDICO ESPECIALISTA;MED ESPECIALISTA; ESTATUTARIO;6931,63;;6931,63;1560,62;5371,01;
ROMILDO TORRES CAMELO;SETOR DE ANATOMIA PATOLOGICA;MEDICO ESPECIALISTA;; ESTATUTARIO;7212,61;;7212,61;1656,94;5555,67;
RONALDO RODRIGUES DA COSTA;SECAO DE EXPEDIENTE;ASSISTENTE TECNICO A;; ESTATUTARIO;2396,23;;2396,23;197,69;2198,54;
ROSE ANE DE SOUZA MORAL;SECAO DE EXPEDIENTE;AGENTE ADM.-AGA-T.S.N.A.-G;; ESTATUTARIO;1733,83;;1733,83;190,72;1543,11;
ROSE MARY CORDEIRO RIBEIRO;SETOR DE LIQ.DE CONTAS HOSPIT.;ASSISTENTE TECNICO A;GERENTE AD 2; ESTATUTARIO;6111,18;;6111,18;858,62;5252,56;
ROSE MARY FERREIRA DA FROTA;SETOR DE ENFERMARIA;TEC. DE ENFERMAGEM-TEN-P.S.N.M.-B;; ESTATUTARIO;1991,58;;1991,58;219,07;1772,51;
ROSILENE BRAGA BATISTA;SETOR DE CITOPATOLOGIA;ASSISTENTE TECNICO A;; ESTATUTARIO;1681,75;;1681,75;184,99;1496,76;
ROSILENE NEVES BEZERRA DE SA;SETOR DE ENFERMARIA;FARMACEUTICO-FAR-P.S.N.S.-A;; ESTATUTARIO;5140,12;;5140,12;958,59;4181,53;
ROSILENE VIANA DE ANDRADE;SETOR DE AMBULATORIO;MEDICO MESTRE;GERENTE AD 2; ESTATUTARIO;7741,01;;7741,01;1791,28;5949,73;
ROSSIONE COSTA DA SILVA;SETOR DE ENFERMARIA;ENFERMEIRO-ENF-P.S.N.S.-A;; ESTATUTARIO;4940,40;;4940,40;896,63;4043,77;
ROZANGELA RODRIGUES DA COSTA;SECAO DE EXPEDIENTE;ASSISTENTE TECNICO A;ASSESSOR I AD 1; ESTATUTARIO;6757,72;;6757,72;1129,19;5628,53;
RUAN MACEDO FERREIRA;SETOR DE RADIOTERAPIA;TEC.DE RADIOTERAPIA-TER-P.S.N.M.-A;; ESTATUTARIO;1759,59;;1759,59;193,55;1566,04;
RUTH MESQUITA GURGEL;SERVICO DE ENFERMAGEM;TEC. DE ENFERMAGEM-TEN-P.S.N.M.-A;; ESTATUTARIO;1805,04;;1805,04;198,55;1606,49;
RUTH MESQUITA GURGEL;SETOR DE ENFERMARIA;TEC. DE ENFERMAGEM-TEN-P.S.N.M.-A;; ESTATUTARIO;1759,59;;1759,59;193,55;1566,04;
Silk Nagawo Pinheiro;CONSELHO DIRETOR;TEC.DE RADIOTERAPIA-TER-P.S.N.M.-A;; ESTATUTARIO;1759,59;;1759,59;193,55;1566,04;
SABRINA RAMOS BIANCO;SETOR DE IMAGENOLOGIA;MEDICO ESPECIALISTA;GERENTE AD 2; ESTATUTARIO;10520,14;;10520,14;2514,35;8005,79;
SAMARA DE OLIVEIRA MORENO;SERVICO DE ENFERMAGEM;AUX.DE ENFERM.-AEF-P.S.N.A.-B;; ESTATUTARIO;1663,62;;1663,62;170,80;1492,82;
SANDRA MARIA EVANGELISTA CARANHAS;SETOR DE CITOPATOLOGIA;TEC.DE HISTOLOGIA-THI-P.S.N.M.-A;TEC. DE HISTOLOGIA; ESTATUTARIO;1805,04;;1805,04;198,55;1606,49;
SANDRO AUGUSTO RAMOS SOARES;SETOR DE AMBULATORIO;PSICOLOGO-PSI-P.S.N.S.-A;; ESTATUTARIO;4940,40;;4940,40;896,63;4043,77;
SANELLVA SHEILLA ROCHA;SETOR DE ALMOXARIFADO;AGENTE ADMINISTRATIVO A - N.B.;; ESTATUTARIO;1387,37;;1387,37;152,61;1234,76;
SHEILA COELHO DA ROCHA;SETOR DE IMAGENOLOGIA;TEC.DE RAD.MEDICA-TRM-P.S.N.M.-A;; ESTATUTARIO;1805,04;;1805,04;198,55;1606,49;
SHEILA MARIA MACIEL NOGUEIRA;SETOR DE SERVICO SOCIAL;AGENTE ADM.-AGA-T.S.N.A.-G;; ESTATUTARIO;1661,45;;1661,45;182,76;1478,69;
SHIRLEY FRAGOSO MONTEIRO;CONSELHO DIRETOR;ENFERMEIRO A;GERENTE AD 2; ESTATUTARIO;5278,78;;5278,78;893,28;4385,50;
SIDNEY RAIMUNDO SILVA CHALUB;CONSELHO DIRETOR;MEDICO MESTRE;; ESTATUTARIO;8242,97;;8242,97;2019,07;6223,90;
SILVANA SOLIMOES BENARROZ;SERVICO COMPLEM.DE DIAGNOSTICO;TEC.DE PAT.CLINICA-TPC-P.S.N.M.-B;; ESTATUTARIO;1944,87;;1944,87;213,94;1730,93;
SILVELANE DA SILVA MATOS;SECAO DE PESSOAL;AGENTE ADM.-AGA-T.S.N.A.-G;; ESTATUTARIO;1661,45;;1661,45;176,67;1484,78;
SIRLENE MUNIZ BARBOSA;CONSELHO DIRETOR;ASSIST.SOC.ASS-P.S.N.S.-CL.A;; ESTATUTARIO;4940,40;;4940,40;896,63;4043,77;
SOCRATES LOTE DE OLIVEIRA;SETOR DE IMAGENOLOGIA;MEDICO ESPECIALISTA;CHEFE DE DEPART.; ESTATUTARIO;11878,50;;11878,50;2757,64;9120,86;
SOLANGE SOUZA MICHELE;SERVICO DE ENFERMAGEM;AUXILIAR DE ENFERMAGEM A;; ESTATUTARIO;1494,29;;1494,29;164,37;1329,92;
SONIA MARIA MOREIRA DOS SANTOS;NUCLEO MEDICO-ASSISTENCIAL;MEDICO ESPECIALISTA;; ESTATUTARIO;9509,65;;9509,65;2282,22;7227,43;
SONIA PERPETUA BATISTA ELEUTERIO;SETOR DE FARMACIA;AUX.DE FARMACIA-AFA-P.S.N.A.-A;; ESTATUTARIO;1992,39;;1992,39;164,37;1828,02;
STEPHANIE SARAH DA COSTA OLIVEIRA;DIVISAO DE ADMINISTRACAO;ASSIST.ADMIN.-ASA-T.S.N.M.-A;; ESTATUTARIO;1488,89;;1488,89;163,78;1325,11;
SUZAN CAROL DE OLIVEIRA BISCARO;SETOR DE AMBULATORIO;PSICOLOGO-PSI-P.S.N.S.-A;; ESTATUTARIO;4940,40;;4940,40;896,63;4043,77;
SUZETE DA SILVA GALHEIRO;SETOR DE CENTRO MEDICO;ASSISTENTE TECNICO A;; ESTATUTARIO;2146,86;;2146,86;212,75;1934,11;
SYLVIO GOUVEA JUNIOR;SETOR DE ALMOXARIFADO;ASSISTENTE TECNICO A;GERENTE AD 2; ESTATUTARIO;1529,83;;1529,83;168,28;1361,55;
TADEU AFONSO DE SENA SILVA;SECAO DE ORCAMENTO E FINANCAS;ASSISTENTE TECNICO;; ESTATUTARIO;1783,93;;1783,93;196,23;1587,70;
TAMILLE VIEIRA MACHADO;SETOR DE ENFERMARIA;ENFERMEIRO-ENF-P.S.N.S.-A;; ESTATUTARIO;4940,40;;4940,40;896,63;4043,77;
TANIA DE SOUZA E SOUZA;SETOR DE ENFERMARIA;TEC. DE ENFERMAGEM-TEN-P.S.N.M.-A;TEC. DE ENFERMAGEM; ESTATUTARIO;1805,04;;1805,04;198,55;1606,49;
TATIANA MINDA HERCULANO CATTEBEKE;SETOR DE AMBULATORIO;MEDICO ESPECIALISTA;; ESTATUTARIO;6476,85;;6476,85;1399,29;5077,56;
TEREZA MARIA FURTADO FARIAS SANTOS;SETOR DE ENFERMARIA;ENFERMEIRO C;CHEFE DE DEPARTº; ESTATUTARIO;10278,78;;10278,78;2378,29;7900,49;
TEREZINHA DA SILVA BANDEIRA;SETOR DE FARMACIA;ASSISTENTE TECNICO B;; ESTATUTARIO;2116,77;;2116,77;209,77;1907,00;
THALITA GOMES MARTINS;SETOR DE ANATOMIA PATOLOGICA;MEDICO ESPECIALISTA;; ESTATUTARIO;6391,21;;6391,21;1369,48;5021,73;
THIAGO SILVEIRA PAIVA;SETOR DE ENDOSCOPIA;MEDICO ESPECIALISTA;GERENTE AD-2; ESTATUTARIO;10476,85;;10476,85;2493,03;7983,82;
TIRSO RODRIGUES ALVES JUNIOR;SETOR GENITO PELVICO UROLOGICO;MEDICO ESPECIALISTA;; ESTATUTARIO;7259,65;;7259,65;1673,31;5586,34;
ULICEIA LOPES DA SILVA RIBEIRO;SETOR DE ENFERMARIA;TEC. DE ENFERMAGEM-TEN-P.S.N.M.-A;; ESTATUTARIO;1759,59;;1759,59;193,55;1566,04;
VALDENIA COSTA AGUIAR;SETOR DE ENFERMARIA;TEC. DE ENFERMAGEM-TEN-P.S.N.M.-A;TEC ENFERMAGEM; ESTATUTARIO;1805,04;;1805,04;198,55;1606,49;
VALDIRENE PINHEIRO DE ANDRADE;SETOR DE HEMATOL.E HEMOTERAPIA;TEC.DE HEMOTERAP.-THE-P.S.N.M.-A;TEC. DE  HEMOTERAPIA; ESTATUTARIO;1805,04;;1805,04;198,55;1606,49;
VALNICE MACHADO PORTELA;SETOR DE ENFERMARIA;ENFERMEIRO-ENF-P.S.N.S.-A;ENFERMEIRA; ESTATUTARIO;5393,48;;5393,48;1043,98;4349,50;
VALQUIRIA DO CARMO ALVES MARTINS;SERVICO COMPLEM.DE DIAGNOSTICO;FARMAC.BIOQ. -FAB-P.S.N.S.-B;; ESTATUTARIO;5757,70;;5757,70;1173,19;4584,51;
VANDERLENE DE MENEZES DA MATA;SERVICO DE ENFERMAGEM;TEC. DE ENFERMAGEM-TEN-P.S.N.M.-A;TEC DE ENFERMAGEM; ESTATUTARIO;1805,04;;1805,04;198,55;1606,49;
VANDERNEILA MARIA LIBORIO DA COSTA;SETOR DE NUTRICAO E DIETETICA;TEC.DE NUT.E DIET.-TND-P.S.N.M.-A;TEC DE NUTRICAO; ESTATUTARIO;1805,04;;1805,04;198,55;1606,49;
VANIA MARIA CAVALCANTE DE ARAUJO;SETOR DE ENFERMARIA;AUX.DE ENFERM.-AEF-P.S.N.A.-C;; ESTATUTARIO;1731,49;;1731,49;190,46;1541,03;
VANIA MARIA COSTA PAULA;SETOR DE ENFERMARIA;TEC. DE ENFERMAGEM-TEN-P.S.N.M.-A;; ESTATUTARIO;1759,59;;1759,59;193,55;1566,04;
VANIA MARIA LIMA DA SILVA;SETOR DE ONCOLOGIA CLINICA;ENFERMEIRO C;; ESTATUTARIO;5038,18;;5038,18;926,97;4111,21;
VANIA MARIA LIMA DA SILVA;SETOR DE ONCOLOGIA CLINICA;ENFERMEIRO-ENF-P.S.N.S.-A;ENFERMEIRA; ESTATUTARIO;5278,78;;5278,78;1003,29;4275,49;
Willame Ferreira da Silva;CONS.TECNICO-ADMINISTRATIVO;ASSIST.ADMIN.-ASA-T.S.N.M.-A;; ESTATUTARIO;1488,89;;1488,89;163,78;1325,11;
WALDINEI RODRIGUES DA COSTA;SETOR DE NUTRICAO E DIETETICA;COZINHEIRO-T.S.N.A.-A;COZINHEIRO; ESTATUTARIO;1413,91;;1413,91;155,53;1258,38;
WALNEIDE PINHEIRO DE ANDRADE SILVA;SETOR DE ENFERMARIA;TEC.DE HEMOTERAP.-THE-P.S.N.M.-B;; ESTATUTARIO;1944,87;;1944,87;213,94;1730,93;
WANDERLEY RIBEIRO SARMENTO;SETOR DE IMAGENOLOGIA;TEC.DE RAD.MEDICA-TRM-P.S.N.M.-A;TEC DE RADIOLOGIA; ESTATUTARIO;1861,68;;1861,68;198,55;1663,13;
ZENOBIA DOS SANTOS DE ALMEIDA FILHA;SETOR DE SERVICO SOCIAL;ASSIST.SOC.ASS-P.S.N.S.-CL.A;GERENTE AD-2; ESTATUTARIO;8940,40;;8940,40;1983,24;6957,16;
ZORAIA MARIA SUZANA DA SILVA;SETOR DE CENTRO MEDICO;TECNICO DE SAUDE 3A CLASSE;; ESTATUTARIO;2083,25;;2083,25;229,16;1854,09;
