NOME;LOTACAO;CARGO;FUNCAO;VINCULO;REMUNERACAO LEGAL TOTAL(R$);DESC.TETO(R$); REMUNERACAO LEGAL DEVIDA(R$);DESCONTOS LEGAIS(R$);LIQUIDO DISPONIVEL(R$);
ABIGAIL SOUZA PICANCO;DIRETORIA TECNICA;TEC. DE HEMOTERAP.-THE-P.S.N.M.-C;; ESTATUTARIO;2003,88;;2003,88;220,43;1783,45;
ADEMILDES CARDOSO DE FREITAS;DIRETORIA TECNICA;TECNICO DE SAUDE 3A CLASSE;; ESTATUTARIO;1759,59;;1759,59;193,55;1566,04;
ADILASIA DE JESUS SANTOS;DIRETORIA TECNICA;TEC. DE ENFERMAGEM-TEN-P.S.N.M.-A;; ESTATUTARIO;2346,12;;2346,12;212,19;2133,93;
ADRIANA DE MOURA ROCHA CORDEIRO;DIRETORIA TECNICA;FARMAC.BIOQ. -FAB-P.S.N.S.-A;FARM.BIOQUIMICO; ESTATUTARIO;5140,12;;5140,12;958,59;4181,53;
ADRIANA EMIDIO DA SILVA;DIRETORIA ADM. FINANCEIRO;GERENTE AD-2;GERENTE; CARGO COMISSION.S/VINCULO;4093,27;;4093,27;585,03;3508,24;
ADRIANA MIRIAN DE MIRANDA T BARBOSA;DIRETORIA TECNICA;ASSESSOR I AD-1;; CARGO COMISSION.S/VINCULO;5100,30;;5100,30;946,24;4154,06;
ADRIANO JORGE LOPES DE OLIVEIRA;DIRETORIA ADM. FINANCEIRO;OPER.MAN.E APOIO-OMA-T.S.N.A-A;; ESTATUTARIO;1375,86;;1375,86;95,50;1280,36;
AIANA CARULINE KRAMER DA SILVA;DIRETORIA TECNICA;TEC.DE HEMOTERAP.-THE-P.S.N.M.-A;; ESTATUTARIO;2346,12;;2346,12;212,19;2133,93;
ALCINEIDE PEREIRA DE VASCONCELOS;DIRETORIA TECNICA;TEC.DE PAT.CLINICA-TPC-P.S.N.M.-A;TEC ENF; ESTATUTARIO;1759,59;;1759,59;193,55;1566,04;
ALCINEIDE PEREIRA DE VASCONCELOS;DIRETORIA TECNICA;TECNICO DE PATOLOGIA CLINICA A;; ESTATUTARIO;1759,59;;1759,59;193,55;1566,04;
ALDENOR LOPES DE OLIVEIRA;DIRETORIA TECNICA;TEC. DE HEMOTERAP.-THE-P.S.N.M.-C;; ESTATUTARIO;2631,52;;2631,52;217,10;2414,42;
ALESSANDRA FERREIRA DE ARAUJO;DIRETORIA TECNICA;CHEFE DE DEPARTAMENTO AD-1;; CARGO COMISSION.S/VINCULO;5100,30;;5100,30;946,24;4154,06;
ALESSANDRO DA SILVA CALADO;DIRETORIA TECNICA;ASSESSOR IV AD-4;; CARGO COMISSION.S/VINCULO;2481,24;;2481,24;249,85;2231,39;
ALETEIA CRISTINA FONSECA ANUNCIACAO;DIRETORIA TECNICA;MEDICO ESPECIALISTA;; ESTATUTARIO;6391,21;;6391,21;1369,48;5021,73;
ALEXANDRE FELIPE BASTOS SAMPAIO;DIRETORIA ADM. FINANCEIRO;AGENTE ADM.-AGA-T.S.N.A.-E;AGENTE ADMINISTRAT.; ESTATUTARIO;1425,80;;1425,80;156,84;1268,96;
ALEXANDRE GOMES;DIRETORIA TECNICA;ENFERMEIRO-ENF-P.S.N.S.-A;; ESTATUTARIO;4940,40;;4940,40;896,63;4043,77;
ALMIR ARAUJO REIS;DIRETORIA TECNICA;TECNICO DE ENFERMAGEM A;; SERVICO TEMPORARIO;1813,59;;1813,59;163,22;1650,37;
ALTAMIR FREITAS LIMA;DIRETORIA ADM. FINANCEIRO;MOTORISTA-MOT-T.S.N.A.-C;; ESTATUTARIO;1852,99;;1852,99;203,83;1649,16;
ALTAMIR IGNACIO CARDOSO;DIRETORIA TECNICA;ADMINISTRADOR ADM.T.S.N.S.-B;GERENTE; ESTATUTARIO;8480,56;;8480,56;1663,71;6816,85;
ALTEMIR DE SOUZA RODRIGUES;DIRETORIA TECNICA;TEC.DE HEMOTERAP.-THE-P.S.N.M.-A;TEC HEMOTER; ESTATUTARIO;1917,95;;1917,95;203,76;1714,19;
AMARILIS DA SILVA CORREA;DIRETORIA TECNICA;ENFERMEIRO A;ENFERMEIRO; ESTATUTARIO;4940,40;;4940,40;853,97;4086,43;
AMAURIZEN BAYMA FADUL;DIRETORIA ADM. FINANCEIRO;GERENTE AD-2;; CARGO COMISSION.S/VINCULO;4093,27;;4093,27;641,90;3451,37;
AMY PIRES DO NASCIMENTO;DIRETORIA TECNICA;TEC. DE HEMOTERAP.-THE-P.S.N.M.-C;GERENTE; ESTATUTARIO;6003,88;;6003,88;941,52;5062,36;
ANA ANGELICA DA SILVA OLIVEIRA;DIRETORIA TECNICA;TEC. DE HEMOTERAP.-THE-P.S.N.M.-C;; ESTATUTARIO;2068,18;;2068,18;227,50;1840,68;
ANA CLAUDIA TEIXEIRA DE SOUZA;DIRETORIA TECNICA;FARMAC.BIOQ. -FAB-P.S.N.S.-A;; ESTATUTARIO;4940,40;;4940,40;896,63;4043,77;
ANA CRISTINA HAYASHIDA;DIRETORIA TECNICA;ASSIST.SOC.ASS-P.S.N.S.-CL.C;; ESTATUTARIO;5903,34;;5903,34;1172,71;4730,63;
ANA CRISTINA SOUZA DAS CHAGAS;DIRETORIA TECNICA;TECNICO-TEC-T.S.N.S.-C;; ESTATUTARIO;4948,09;;4948,09;756,58;4191,51;
ANA KEDMA CHAVES PACHECO;DIRETORIA TECNICA;MEDICO ESPECIALISTA;; ESTATUTARIO;6884,15;;6884,15;1544,06;5340,09;
ANA ROSA COSTA LIMA;DIRETORIA TECNICA;AUX.DE ENFERM.-AEF-P.S.N.A.-C;; ESTATUTARIO;1786,94;;1786,94;196,56;1590,38;
ANDRE ALCANTARINO DOS SANTOS;DIRETORIA TECNICA;TEC. DE ENFERMAGEM-TEN-P.S.N.M.-A;TEC.DE ENFERMAGEM; ESTATUTARIO;1807,59;;1807,59;193,55;1614,04;
ANDREA CRISTINA DE CARVALHO DIXO;DIRETORIA TECNICA;GERENTE AD-2;; CARGO COMISSION.S/VINCULO;4093,27;;4093,27;641,90;3451,37;
ANETE BRITO DE PAIVA;DIRETORIA TECNICA;TEC.DE HEMOTERAP.-THE-P.S.N.M.-A;TEC HEMOTER; ESTATUTARIO;1852,35;;1852,35;203,76;1648,59;
ANGELA LUCIA CARVALHO DE ANDRADE;DIRETORIA TECNICA;TEC. DE HEMOTERAP.-THE-P.S.N.M.-D;; ESTATUTARIO;2098,41;;2098,41;230,83;1867,58;
ANTONIA LIOMAR PINHEIRO DE CARVALHO;DIRETORIA TECNICA;TECNICO DE ENFERMAGEM A;TEC.ENFERMAGEM; SERVICO TEMPORARIO;1759,59;;1759,59;158,36;1601,23;
ANTONIO MARTINS FILHO;DIRETORIA ADM. FINANCEIRO;MOTORISTA 1A CLASSE;MOTORISTA; SERVICO TEMPORARIO;2114,27;;2114,27;190,28;1923,99;
ARANY CAMPOS SALAZAR;DIRETORIA TECNICA;ENFERMEIRO 1A CLASSE;; ESTATUTARIO;4940,40;;4940,40;896,63;4043,77;
ARLETE ALEME DA CRUZ SOARES;DIRETORIA TECNICA;TEC. DE ENFERMAGEM-TEN-P.S.N.M.-B;; ESTATUTARIO;1944,87;;1944,87;213,94;1730,93;
ASSISNETE ALVES SANTIAGO;DIRETORIA TECNICA;TEC. DE HEMOTERAP.-THE-P.S.N.M.-C;; ESTATUTARIO;1973,64;;1973,64;217,10;1756,54;
BARBARA CRISTINA DERZI A RODRIGUES;DIRETORIA ADM. FINANCEIRO;AGENTE ADMINISTRATIVO A - N.B.;SUBGERENTE; ESTATUTARIO;4387,37;;4387,37;469,30;3918,07;
BRUNA FERNANDA LIMA DE SOUZA;DIRETORIA TECNICA;TECNICO DE HEMOTERAPIA A;; ESTATUTARIO;1758,35;;1758,35;193,42;1564,93;
CARLA CRISTINA DA SILVA NAZARETH;DIRETORIA TECNICA;PSICOLOGO-PSI-P.S.N.S.-A;PSICOLOGO; ESTATUTARIO;5278,78;;5278,78;1003,29;4275,49;
CARLOS ALBERTO DO VALE COSTA;DIRETORIA ADM. FINANCEIRO;MOTORISTA-MOT-T.S.N.A.-A;MOTORISTA 1 CLASSE; ESTATUTARIO;1634,24;;1634,24;179,77;1454,47;
CARLOS HUMBERTO C O RAMALHO;DIRETORIA TECNICA;PSICOLOGO-PSI-P.S.N.S.-A;PSICOLOGO; ESTATUTARIO;5278,78;;5278,78;1003,29;4275,49;
CARLOS MARIO CANTO OLIVEIRA;DIRETORIA ADM. FINANCEIRO;OPERADOR DE MANUTENCAO E APO;; SERVICO TEMPORARIO;1375,86;;1375,86;110,06;1265,80;
CELI CHRISTINA PEIXOTO SOARES;DIRETORIA TECNICA;TEC. DE ENFERMAGEM-TEN-P.S.N.M.-A;; ESTATUTARIO;1759,59;;1759,59;193,55;1566,04;
CELIA MORAES DOS SANTOS;DIRETORIA TECNICA;TEC.DE PAT.CLINICA-TPC-P.S.N.M.-A;TEC.DE PATOL.CLINICA; ESTATUTARIO;1852,35;;1852,35;203,76;1648,59;
CELIA REGINA OLIVEIRA LOPES;DIRETORIA ADM. FINANCEIRO;AGENTE ADM.-AGA-T.S.N.A.-H;; ESTATUTARIO;1673,84;;1673,84;184,12;1489,72;
CELIO RICARDO SALES;DIRETORIA TECNICA;TEC.DE HEMOTERAP.-THE-P.S.N.M.-A;TECNICO HEMOTERAPIA; ESTATUTARIO;1867,44;;1867,44;198,55;1668,89;
CHRISTIANE SANTANA DE MELO USUI;DIRETORIA TECNICA;FARMAC.BIOQ. -FAB-P.S.N.S.-A;; ESTATUTARIO;5513,19;;5513,19;989,02;4524,17;
CHURCHILL ADOLPHUS GIBBS DOS SANTOS;DIRETORIA ADM. FINANCEIRO;MOTORISTA-MOT-T.S.N.A.-A;; ESTATUTARIO;1703,51;;1703,51;185,35;1518,16;
CILENE PINHEIRO CAMPOS;DIRETORIA TECNICA;TEC.DE HEMOTERAP.-THE-P.S.N.M.-A;TEC. DE HEMOTERAPIA; ESTATUTARIO;1852,35;;1852,35;203,76;1648,59;
CINTHIA CRISTINA M E X ALBUQUERQUE;DIRETORIA TECNICA;MEDICO ESPECIALISTA;MEDICO; ESTATUTARIO;11274,46;;11274,46;2728,01;8546,45;
CINTIA CARVALHO ALVES;DIRETORIA TECNICA;ENFERMEIRO-ENF-P.S.N.S.-A;; ESTATUTARIO;4940,40;;4940,40;896,63;4043,77;
CIRO ATALO DA SILVA BENARROS;DIRETORIA ADM. FINANCEIRO;AGENTE ADM.-AGA-T.S.N.A.-E;; ESTATUTARIO;1387,37;;1387,37;152,61;1234,76;
CLAUDIA DA COSTA MARTINS;DIRETORIA TECNICA;TEC.DE HEMOTERAP.-THE-P.S.N.M.-B;; ESTATUTARIO;2612,57;;2612,57;252,52;2360,05;
CLAUDIA MARIA DE MOURA ABRAHIM;DIRETORIA TECNICA;FARMAC.BIOQ. -FAB-P.S.N.S.-B;GERENTE; ESTATUTARIO;9354,11;;9354,11;2130,01;7224,10;
CLAUDIA MARILENA TAVARES DOS SANTOS;DIRETORIA ADM. FINANCEIRO;AGENTE ADMINISTRATIVO 3A CLASSE;; ESTATUTARIO;3787,37;;3787,37;257,71;3529,66;
CLEBER NUNES ALEXANDRE;DIRETORIA TECNICA;CIR.DENT.-CCRD-P.S.N.S.-A;CIRURGIAO DENTISTA; ESTATUTARIO;5140,12;;5140,12;958,59;4181,53;
CLEBER OLIVEIRA DE SOUZA JUNIOR;DIRETORIA TECNICA;MEDICO GRADUADO;; ESTATUTARIO;5549,49;;5549,49;1077,74;4471,75;
CRISTINA MOTTA FERREIRA;DIRETORIA TECNICA;FARMAC.BIOQ. -FAB-P.S.N.S.-C;; ESTATUTARIO;6218,19;;6218,19;1232,27;4985,92;
CRISTINA MUNIZ SERRA;DIRETORIA TECNICA;ASSIST.SOC.ASS-P.S.N.S.-CL.B;; ESTATUTARIO;7676,93;;7676,93;1700,97;5975,96;
CRISTINA MUNIZ SERRA;DIRETORIA TECNICA;ASSIST.SOC.ASS-P.S.N.S.-CL.A;ASSISTENTE SOCIAL; ESTATUTARIO;6853,49;;6853,49;1425,27;5428,22;
CRISTINA RABELLO MESQUITA;DIRETORIA TECNICA;MEDICO ESPECIALISTA;; ESTATUTARIO;6391,21;;6391,21;1369,48;5021,73;
CRISTOVAO RIBEIRO DE ALMEIDA;DIRETORIA TECNICA;TECNICO EM CONTABILIDADE;; ESTATUTARIO;1820,59;;1820,59;200,26;1620,33;
CYNARA MELO GATO;DIRETORIA TECNICA;TEC. DE HEMOTERAP.-THE-P.S.N.M.-C;; ESTATUTARIO;2631,52;;2631,52;217,10;2414,42;
DAGMAR KIESSLICH;DIRETORIA TECNICA;MEDICO DOUTOR;; ESTATUTARIO;9508,25;;9508,25;2460,06;7048,19;
DANIELLE BARRETO DE ALMEIDA;DIRETORIA TECNICA;TEC. DE ENFERMAGEM-TEN-P.S.N.M.-A;; ESTATUTARIO;1759,59;;1759,59;193,55;1566,04;
DEUSIMARY MACEDO DA SILVA;DIRETORIA ADM. FINANCEIRO;AGENTE ADMINISTRATIVO A - N.B.;; SERVICO TEMPORARIO;1387,37;;1387,37;110,98;1276,39;
DILCIANE SANTOS IHARA;DIRETORIA TECNICA;TEC. DE ENFERMAGEM-TEN-P.S.N.M.-A;; ESTATUTARIO;1759,59;;1759,59;193,55;1566,04;
DILENA DA SILVA PINHEIRO;DIRETORIA TECNICA;TEC. DE HEMOTERAP.-THE-P.S.N.M.-C;; ESTATUTARIO;2694,80;;2694,80;264,96;2429,84;
DINAIR SILVA DOS SANTOS;DIRETORIA TECNICA;TEC. DE ENFERMAGEM-TEN-P.S.N.M.-A;TEC.DE ENFERMAGEM; ESTATUTARIO;1852,35;;1852,35;203,76;1648,59;
DIONE MARIA GOMES CAJADO;DIRETORIA ADM. FINANCEIRO;AGENTE ADMINISTRATIVO A - N.B.;AGENTE ADMINISTRATIV; SERVICO TEMPORARIO;1387,37;;1387,37;110,98;1276,39;
DIONI LIZA BIONDO RIBEIRO;DIRETORIA TECNICA;MEDICO ESPECIALISTA;; ESTATUTARIO;8928,84;;8928,84;1985,36;6943,48;
DORA LUCIA GOMES RODRIGUES;DIRETORIA TECNICA;TECNICO DE ENFERMAGEM A;; SERVICO TEMPORARIO;1759,59;;1759,59;158,36;1601,23;
EDILZA RODRIGUES LIMA;DIRETORIA TECNICA;TEC. DE HEMOTERAP.-THE-P.S.N.M.-C;; ESTATUTARIO;2003,88;;2003,88;220,43;1783,45;
EDINA MARIA ALVES DE OLIVEIRA;DIRETORIA TECNICA;TEC. DE HEMOTERAP.-THE-P.S.N.M.-C;; ESTATUTARIO;2063,40;;2063,40;220,43;1842,97;
EDINEZ MARIA VASCONCELOS DE MENEZES;DIRETORIA TECNICA;AUXILIAR DE ENFERMAGEM A;; ESTATUTARIO;1494,29;;1494,29;164,37;1329,92;
EDIVALDO DA SILVA;DIRETORIA TECNICA;MEDICO ESPECIALISTA;; ESTATUTARIO;7478,88;;7478,88;1198,59;6280,29;
EDMARINA BEZERRA CABRAL;DIRETORIA ADM. FINANCEIRO;AGENTE ADM.-AGA-T.S.N.A.-G;; ESTATUTARIO;2215,27;;2215,27;182,76;2032,51;
EDNA MARIA TAVARES DE FREITAS;DIRETORIA TECNICA;TEC. DE ENFERMAGEM-TEN-P.S.N.M.-A;TEC.DE ENFERMAGEM; ESTATUTARIO;2346,12;;2346,12;212,19;2133,93;
EDSON DA FONSECA DE LIRA;DIRETORIA TECNICA;ESTATISTICO-EST-T.S.N.S.-B;; ESTATUTARIO;4480,56;;4480,56;753,96;3726,60;
EDSON JESUS DA SILVA;DIRETORIA ADM. FINANCEIRO;AUX.DE SERV.GER.-ASG-T.S.N.A.-D;; ESTATUTARIO;1735,30;;1735,30;182,12;1553,18;
EDUARDO LUIZ DO NASCIMENTO;DIRETORIA ADM. FINANCEIRO;GERENTE AD-2;GERENTE AD-2; CARGO COMISSION.S/VINCULO;4093,27;;4093,27;641,90;3451,37;
EDWENDEL STAYLER PIMENTEL DE SOUZA;DIRETORIA ADM. FINANCEIRO;AGENTE ADM.-AGA-T.S.N.A.-F;; ESTATUTARIO;1631,64;;1631,64;171,05;1460,59;
ELAINE CRISTINA GOMES DOS SANTOS;DIRETORIA ADM. FINANCEIRO;AGENTE ADM.-AGA-T.S.N.A.-E;AGENTE ADM; ESTATUTARIO;1901,07;;1901,07;156,84;1744,23;
ELAINE VIEIRA LIMA;DIRETORIA ADM. FINANCEIRO;AGENTE ADM.-AGA-T.S.N.A.-G;; ESTATUTARIO;1661,45;;1661,45;182,76;1478,69;
ELBA CLEY CORDEIRO DO COUTO;DIRETORIA TECNICA;MEDICO ESPECIALISTA;; ESTATUTARIO;6391,21;;6391,21;1369,48;5021,73;
ELBA CLEY CORDEIRO DO COUTO;DIRETORIA TECNICA;MEDICO ESPECIALISTA;MEDICA A; ESTATUTARIO;11931,63;;11931,63;2935,62;8996,01;
ELCY FIGUEIREDO COELHO;DIRETORIA TECNICA;TEC. DE HEMOTERAP.-THE-P.S.N.M.-C;SUBGERENTE; ESTATUTARIO;5003,88;;5003,88;532,60;4471,28;
ELENE RAIMUNDA DE SOUZA SANTOS;DIRETORIA TECNICA;TEC. DE ENFERMAGEM-TEN-P.S.N.M.-A;TEC DE ENF A; ESTATUTARIO;1805,04;;1805,04;198,55;1606,49;
ELEONORA DE ALENCAR ALVES ARAUJO;DIRETORIA TECNICA;ASSIST.SOC.ASS-P.S.N.S.-CL.B;SUBGERENTE; ESTATUTARIO;11676,93;;11676,93;2800,97;8875,96;
ELIANA BRASIL ALVES;DIRETORIA TECNICA;FARMAC.BIOQ. -FAB-P.S.N.S.-C;; ESTATUTARIO;6048,24;;6048,24;1276,26;4771,98;
ELIANA DA COSTA MEDEIROS;DIRETORIA TECNICA;TEC.DE HEMOTERAP.-THE-P.S.N.M.-A;; ESTATUTARIO;2346,12;;2346,12;212,19;2133,93;
ELIELZA SANTOS ALENCAR;DIRETORIA TECNICA;TEC.DE HEMOTERAP.-THE-P.S.N.M.-A;; ESTATUTARIO;1852,35;;1852,35;203,76;1648,59;
ELIETE SARAIVA DOS SANTOS;DIRETORIA TECNICA;ASSIST.SOC.ASS-P.S.N.S.-CL.A;ASSIST.SOCIAL; ESTATUTARIO;5278,78;;5278,78;1003,29;4275,49;
ELIS MARTA BARROSO DOS SANTOS;DIRETORIA TECNICA;TEC.DE PAT.CLINICA-TPC-P.S.N.M.-A;; ESTATUTARIO;1759,59;;1759,59;193,55;1566,04;
ELISA LOPES MAIA;DIRETORIA TECNICA;ASSISTENTE TECNICO;; ESTATUTARIO;1842,70;;1842,70;202,70;1640,00;
ELISANGELA DA SILVEIRA MARTINS;DIRETORIA TECNICA;TEC. DE ENFERMAGEM-TEN-P.S.N.M.-A;TEC.DE ENFERMAGEM; ESTATUTARIO;1815,59;;1815,59;193,55;1622,04;
ELIZANGELA FERREIRA DOS SANTOS;DIRETORIA TECNICA;TEC. DE HEMOTERAP.-THE-P.S.N.M.-C;; ESTATUTARIO;2096,18;;2096,18;224,17;1872,01;
ELIZANGELA MACEDO OLIVEIRA;DIRETORIA TECNICA;TEC.DE HEMOTERAP.-THE-P.S.N.M.-A;TEC. DE HEMOTERAPIA; ESTATUTARIO;1852,35;;1852,35;203,76;1648,59;
ELLEN PESSOA ROCHA;DIRETORIA TECNICA;TPG-I;; SERVICO TEMPORARIO;5036,39;;5036,39;926,41;4109,98;
ELZA DE SOUZA LIMA;DIRETORIA TECNICA;ASSISTENTE TECNICO 2A CLASSE;; ESTATUTARIO;1957,91;;1957,91;215,37;1742,54;
EMILIA MARIA AZEVEDO MATOS;DIRETORIA ADM. FINANCEIRO;AGENTE ADM.-AGA-T.S.N.A.-H;SUBGERENTE; ESTATUTARIO;2854,57;;2854,57;308,92;2545,65;
ENEIDE DE OLIVEIRA COELHO;DIRETORIA TECNICA;AUX.DE ENFERM.-AEF-P.S.N.A.-B;; ESTATUTARIO;1663,62;;1663,62;183,00;1480,62;
ENZO MIRANDA SANTOS;DIRETORIA TECNICA;TEC. DE ENFERMAGEM-TEN-P.S.N.M.-A;TECN. DE ENFERMAGEM; ESTATUTARIO;1759,59;;1759,59;193,55;1566,04;
ERBENIA MARIA MARTINS DE ARAUJO;DIRETORIA TECNICA;FISIOTERAPEUTA A;; ESTATUTARIO;5346,46;;5346,46;937,29;4409,17;
EUDES OLIVEIRA DA SILVEIRA;DIRETORIA TECNICA;MEDICO ESPECIALISTA;; ESTATUTARIO;6979,46;;6979,46;1473,02;5506,44;
EVANDRO MONTEIRO DE ALMEIDA;DIRETORIA ADM. FINANCEIRO;AGENTE ADM.-AGA-T.S.N.A.-H;; ESTATUTARIO;4245,63;;4245,63;593,70;3651,93;
EVANIA MELO BORGES;DIRETORIA TECNICA;TECNICO A;CHEFE DE DEPARTAMENT; ESTATUTARIO;9060,59;;9060,59;1893,99;7166,60;
EWERTON FABIO SOUZA DA SILVA;DIRETORIA ADM. FINANCEIRO;AGENTE ADM.-AGA-T.S.N.A.-E;AGENTE ADM A; ESTATUTARIO;1425,80;;1425,80;156,84;1268,96;
FABIO JOSE PAOLO TOMASELLI;DIRETORIA TECNICA;AGENTE ADM.-AGA-T.S.N.A.-E;; ESTATUTARIO;1387,37;;1387,37;152,61;1234,76;
FAUSTO HIPOLITO PINHEIRO;DIRETORIA TECNICA;TEC.DE HEMOTERAP.-THE-P.S.N.M.-A;; ESTATUTARIO;1852,35;;1852,35;203,76;1648,59;
FRANCIDAISY DA SILVA LEAO;DIRETORIA ADM. FINANCEIRO;ASSIST.ADMIN.-ASA-T.S.N.M.-A;; ESTATUTARIO;1488,89;;1488,89;163,78;1325,11;
FRANCIMARY RODRIGUES SANTANA;DIRETORIA TECNICA;TEC.DE PAT.CLINICA-TPC-P.S.N.M.-A;TEC DE PATOLOGIA; ESTATUTARIO;1852,35;;1852,35;203,76;1648,59;
FRANCIRLEY CARVALHO SOUZA;DIRETORIA TECNICA;TEC.DE PAT.CLINICA-TPC-P.S.N.M.-B;; ESTATUTARIO;1944,87;;1944,87;213,94;1730,93;
FRANCISCA DALVA MARTINS HIPOLITO;DIRETORIA TECNICA;TEC. DE HEMOTERAP.-THE-P.S.N.M.-C;; ESTATUTARIO;2003,88;;2003,88;220,43;1783,45;
FRANCISCA DE NAZARE DUARTE MOUTA;DIRETORIA TECNICA;TEC.DE PAT.CLINICA-TPC-P.S.N.M.-A;; ESTATUTARIO;1759,59;;1759,59;193,55;1566,04;
FRANCISCA MARTA SOARES DE LIMA;DIRETORIA TECNICA;TEC. DE HEMOTERAP.-THE-P.S.N.M.-C;TEC HEMOTER; ESTATUTARIO;1973,64;;1973,64;217,10;1756,54;
FRANCISCO DAS CHAGAS B PIMENTEL;DIRETORIA ADM. FINANCEIRO;MOTORISTA-MOT-T.S.N.A.-D;; ESTATUTARIO;1921,30;;1921,30;211,34;1709,96;
FRANCISCO ELMAR PASCOAL DE FARIAS;DIRETORIA TECNICA;TEC. DE HEMOTERAP.-THE-P.S.N.M.-C;; ESTATUTARIO;2110,43;;2110,43;223,96;1886,47;
FRANCISCO GILVAN MOREIRA NEVES;DIRETORIA TECNICA;TECNICO DE ENFERMAGEM A;; SERVICO TEMPORARIO;1759,59;;1759,59;158,36;1601,23;
FRANCISCO HELDER DE LIMA FREITAS;DIRETORIA TECNICA;ENFERMEIRO-ENF-P.S.N.S.-A;; ESTATUTARIO;4940,40;;4940,40;896,63;4043,77;
FRANCISCO JORGE MAIA CASTRO;DIRETORIA TECNICA;TEC.DE PAT.CLINICA-TPC-P.S.N.M.-C;; ESTATUTARIO;2083,25;;2083,25;229,16;1854,09;
FRANCISCO PEDRO DE OLIVEIRA AZEDO;DIRETORIA TECNICA;TECNICO-TEC-T.S.N.S.-D;GERENTE; ESTATUTARIO;9232,09;;9232,09;1930,31;7301,78;
FRANCISCO ROLNEY ALVES;DIRETORIA ADM. FINANCEIRO;MOTORISTA-MOT-T.S.N.A.-C;; ESTATUTARIO;2116,05;;2116,05;209,70;1906,35;
FRANCISCO SALES DE LIMA BARROS;DIRETORIA ADM. FINANCEIRO;ASSIST.ADMIN.-ASA-T.S.N.M.-A;; ESTATUTARIO;1488,89;;1488,89;163,78;1325,11;
FRANK JOSE RODRIGUES RIBEIRO;DIRETORIA TECNICA;SUBGERENTE AD-3;; CARGO COMISSION.S/VINCULO;3086,94;;3086,94;402,81;2684,13;
FREDSON OLIVEIRA DA COSTA;DIRETORIA ADM. FINANCEIRO;AGENTE ADM.-AGA-T.S.N.A.-E;; ESTATUTARIO;1387,37;;1387,37;152,61;1234,76;
GEANE LOPES MARQUES DE SOUZA;DIRETORIA TECNICA;ASSIST.SOC.ASS-P.S.N.S.-CL.B;CHEFE DE DEPARTAMENT; ESTATUTARIO;10354,11;;10354,11;2300,73;8053,38;
GEANE LOPES MARQUES DE SOUZA;DIRETORIA TECNICA;ASSIST.SOC.ASS-P.S.N.S.-CL.A;ASSISTENTE SOCIAL; ESTATUTARIO;5140,12;;5140,12;958,59;4181,53;
GEISSA CORDOVIL MAIA;DIRETORIA TECNICA;FISIOTERAPEUTA A;; SERVICO TEMPORARIO;4940,40;;4940,40;896,63;4043,77;
GEORGE WILLIAM DE OLIVEIRA CORDEIRO;DIRETORIA TECNICA;FARMAC.BIOQ. -FAB-P.S.N.S.-B;CHEFE DE DEPARTAMENT; ESTATUTARIO;10317,94;;10317,94;2287,90;8030,04;
GILCE DAS CHAGAS SEGURA;DIRETORIA ADM. FINANCEIRO;AGENTE ADM.-AGA-T.S.N.A.-H;; ESTATUTARIO;1673,84;;1673,84;184,12;1489,72;
GLAUCIA DE OLIVEIRA NEVES;DIRETORIA TECNICA;TEC. DE ENFERMAGEM-TEN-P.S.N.M.-A;; ESTATUTARIO;20088,64;;20088,64;6136,12;13952,52;
GRACIELA MARLENY RIVERA CHAVEZ;DIRETORIA TECNICA;ENFERMEIRO-ENF-P.S.N.S.-A;; ESTATUTARIO;4940,40;;4940,40;896,63;4043,77;
GRACINEIDE PEREIRA DA SILVA;DIRETORIA ADM. FINANCEIRO;AGENTE ADMINISTRATIVO A - N.B.;AGENTE ADMINISTRAT.; SERVICO TEMPORARIO;1387,37;;1387,37;110,98;1276,39;
GRACINETE COSTA FONTES;DIRETORIA TECNICA;TECNICO DE HEMOTERAPIA;; ESTATUTARIO;1655,63;;1655,63;182,12;1473,51;
HEDYLAMAR OLIVEIRA MARQUES;DIRETORIA TECNICA;FARMAC.BIOQ. -FAB-P.S.N.S.-C;; ESTATUTARIO;6176,83;;6176,83;1165,46;5011,37;
HELEN LIMA MORAES;DIRETORIA TECNICA;TEC. DE ENFERMAGEM-TEN-P.S.N.M.-A;; ESTATUTARIO;1759,59;;1759,59;193,55;1566,04;
HERCULES LEMOS DIAS;DIRETORIA TECNICA;TEC. DE HEMOTERAP.-THE-P.S.N.M.-C;; ESTATUTARIO;2003,88;;2003,88;220,43;1783,45;
HILDEMARINA FONSECA LIMA;DIRETORIA TECNICA;TECNICO DE SAUDE 3A CLASSE;; ESTATUTARIO;1759,59;;1759,59;193,55;1566,04;
HILDEMARINA FONSECA LIMA;DIRETORIA TECNICA;TEC.DE HEMOTERAP.-THE-P.S.N.M.-A;TEC. HEMOTERAPIA; ESTATUTARIO;1805,04;;1805,04;198,55;1606,49;
HILDENE MENDES BITTENCOURT;DIRETORIA TECNICA;TEC.DE HEMOTERAP.-THE-P.S.N.M.-A;TEC HEMOTER; ESTATUTARIO;1917,95;;1917,95;203,76;1714,19;
HILMA PEREIRA AMAZONAS;DIRETORIA TECNICA;TECNICO DE ENFERMAGEM A;TEC. ENFERMAGEM; SERVICO TEMPORARIO;1759,59;;1759,59;158,36;1601,23;
HUGLYS DE OLIVEIRA JEFFRES;DIRETORIA ADM. FINANCEIRO;AGENTE ADM.-AGA-T.S.N.A.-E;; ESTATUTARIO;1849,83;;1849,83;152,61;1697,22;
HULDA NASCIMENTO MALCHER;DIRETORIA TECNICA;TEC. DE HEMOTERAP.-THE-P.S.N.M.-D;; ESTATUTARIO;2098,41;;2098,41;230,83;1867,58;
IDANILCE DOS SANTOS CASTRO;DIRETORIA TECNICA;TEC. DE ENFERMAGEM-TEN-P.S.N.M.-A;TECNICA DE ENFERM. A; ESTATUTARIO;1725,30;;1725,30;182,92;1542,38;
IDENIR DE ARAUJO RODRIGUES;DIRETORIA ADM. FINANCEIRO;DIRETOR DE DEPARTAMENTO;DIRETOR ADM.FINANC.; CARGO COMISSION.S/VINCULO;9000,00;;9000,00;2046,76;6953,24;
IGOR WILLIAN TRINDADE DA COSTA;DIRETORIA TECNICA;MEDICO GRADUADO;; ESTATUTARIO;5549,49;;5549,49;1077,74;4471,75;
IRANEIDE DA CUNHA MARQUES;DIRETORIA TECNICA;GERENTE AD-2;GERENTE AD-2; CARGO COMISSION.S/VINCULO;4093,27;;4093,27;641,90;3451,37;
IRISNEIDE VIANA DA SILVA;DIRETORIA TECNICA;TEC.DE HEMOTERAP.-THE-P.S.N.M.-A;TEC.DE HEMOTERAPIA; ESTATUTARIO;1801,59;;1801,59;193,55;1608,04;
IRYS DE OLIVEIRA SALVATERRA;DIRETORIA TECNICA;TEC. DE HEMOTERAP.-THE-P.S.N.M.-C;TEC. DE HEMOTERAPIA; ESTATUTARIO;2017,32;;2017,32;217,10;1800,22;
IVANA GUEDES DE FIGUEIREDO;DIRETORIA TECNICA;TEC. DE HEMOTERAP.-THE-P.S.N.M.-C;; ESTATUTARIO;2243,42;;2243,42;222,32;2021,10;
IVANI CARVALHO DA SILVA;DIRETORIA TECNICA;AUXILIAR DE ENFERMAGEM A;; ESTATUTARIO;1494,29;;1494,29;164,37;1329,92;
IVONE MOREIRA NONATO;DIRETORIA TECNICA;ASSISTENTE TECNICO A;; ESTATUTARIO;2036,93;;2036,93;201,86;1835,07;
JADERSON SOUZA DOS SANTOS;DIRETORIA ADM. FINANCEIRO;OPER.MAN.E APOIO-OMA-T.S.N.A-A;; ESTATUTARIO;1375,86;;1375,86;151,34;1224,52;
JAEL GRACA DA JUSTA BOHADANA;DIRETORIA TECNICA;MEDICO ESPECIALISTA;MEDICA GENERALISTA; ESTATUTARIO;6979,46;;6979,46;1525,16;5454,30;
JAMERSON RODRIGUES CRISOSTOMO;DIRETORIA ADM. FINANCEIRO;MOTORISTA-MOT-T.S.N.A.-A;MOTORISTA; ESTATUTARIO;2114,27;;2114,27;155,01;1959,26;
JANAÍNA HEBERLE;DIRETORIA ADM. FINANCEIRO;SUBGERENTE AD-3;; CARGO COMISSION.S/VINCULO;3086,94;;3086,94;402,81;2684,13;
JANETE DE SOUZA LIMA;DIRETORIA TECNICA;ASSISTENTE TECNICO 2A CLASSE;; ESTATUTARIO;1856,19;;1856,19;204,18;1652,01;
JAQUELINE PINTO FERREIRA;DIRETORIA ADM. FINANCEIRO;SUBGERENTE AD-3;; CARGO COMISSION.S/VINCULO;3086,94;;3086,94;402,81;2684,13;
JEAN CARLOS FONSECA DO NASCIMENTO;DIRETORIA ADM. FINANCEIRO;AGENTE ADM.-AGA-T.S.N.A.-E;; ESTATUTARIO;1849,83;;1849,83;152,61;1697,22;
JOÃO FERREIRA DAMASCENO FILHO;DIRETORIA ADM. FINANCEIRO;OPER.MAN.E APOIO-OMA-T.S.N.A-A;; ESTATUTARIO;1375,86;;1375,86;151,34;1224,52;
JOAO AUGUSTO VASCONCELOS SOARES;DIRETORIA TECNICA;GERENTE AD-2;GERENTE AD-2; CARGO COMISSION.S/VINCULO;4093,27;;4093,27;641,90;3451,37;
JOAO BATISTA RUBIM SALGUEIRO;DIRETORIA TECNICA;TEC.DE HEMOTERAP.-THE-P.S.N.M.-B;; ESTATUTARIO;1959,43;;1959,43;215,54;1743,89;
JOAO PAULO DINIZ PIMENTEL;DIRETORIA TECNICA;FARMAC.BIOQ. -FAB-P.S.N.S.-A;; ESTATUTARIO;4940,40;;4940,40;896,63;4043,77;
JOAO PEDRO GUSMAO FELIX;DIRETORIA ADM. FINANCEIRO;MOTORISTA-MOT-T.S.N.A.-D;SUBGERENTE; ESTATUTARIO;4978,19;;4978,19;351,88;4626,31;
JOAO QUEIROZ REBOUCAS;DIRETORIA TECNICA;TEC. DE HEMOTERAP.-THE-P.S.N.M.-C;; ESTATUTARIO;2063,40;;2063,40;220,43;1842,97;
JORDAM DE SOUZA ARAUJO;DIRETORIA ADM. FINANCEIRO;AGENTE ADM.-AGA-T.S.N.A.-E;; ESTATUTARIO;1387,37;;1387,37;152,61;1234,76;
JOSAFA LIMA RAMOS;DIRETORIA TECNICA;PSICOLOGO-PSI-P.S.N.S.-A;; ESTATUTARIO;5393,48;;5393,48;1043,98;4349,50;
JOSE ALDORI VIAPIANA;DIRETORIA TECNICA;TECNICO-TEC-T.S.N.S.-C;; ESTATUTARIO;8928,95;;8928,95;1966,05;6962,90;
JOSE ALEXANDRE FORTUNATO DE SOUZA;DIRETORIA ADM. FINANCEIRO;AGENTE ADM.-AGA-T.S.N.A.-E;AG ADM A; ESTATUTARIO;1425,80;;1425,80;156,84;1268,96;
JOSE BRAGA DA COSTA;DIRETORIA TECNICA;TEC. DE ENFERMAGEM-TEN-P.S.N.M.-C;; ESTATUTARIO;2083,25;;2083,25;229,16;1854,09;
JOSE DE RIBAMAR FERREIRA EH SILVA;DIRETORIA TECNICA;ASSISTENTE TECNICO A;SUBGERENTE; ESTATUTARIO;6745,17;;6745,17;1085,11;5660,06;
JOSE GERLAND SENA FERREIRA;DIRETORIA ADM. FINANCEIRO;SUBGERENTE AD-3;SUBGERENTE AD 3; CARGO COMISSION.S/VINCULO;3086,94;;3086,94;402,81;2684,13;
JOSE MARCELO HIPOLITO CARNEIRO;DIRETORIA TECNICA;TEC.DE HEMOTERAP.-THE-P.S.N.M.-A;TEC. DE HEMOTERAPIA; ESTATUTARIO;1852,35;;1852,35;203,76;1648,59;
JOSE RICARDO FREITAS SIQUEIRA;DIRETORIA TECNICA;TEC.DE PAT.CLINICA-TPC-P.S.N.M.-B;; ESTATUTARIO;1944,87;;1944,87;213,94;1730,93;
JOSEMA TAVARES PANTOJA DE ANDRADE;DIRETORIA TECNICA;TECNICO DE ENFERMAGEM A;; SERVICO TEMPORARIO;1759,59;;1759,59;158,36;1601,23;
JOSITEIA VANESSA ALMEIDA DA SILVA;DIRETORIA TECNICA;ENFERMEIRO-ENF-P.S.N.S.-A;ENFERMEIRO; ESTATUTARIO;4940,40;;4940,40;896,63;4043,77;
JUCILENE PEREIRA DOS SANTOS;DIRETORIA TECNICA;ENFERMEIRO-ENF-P.S.N.S.-A;; ESTATUTARIO;4940,40;;4940,40;896,63;4043,77;
KASTYHELLEN DE SOUSA CAVALCANTE;DIRETORIA TECNICA;TEC. DE ENFERMAGEM-TEN-P.S.N.M.-A;TEC. DE ENFERMAGEM; ESTATUTARIO;1759,59;;1759,59;193,55;1566,04;
KATIA KELY LIMA DE ARAUJO;DIRETORIA TECNICA;TEC.DE HEMOTERAP.-THE-P.S.N.M.-A;; ESTATUTARIO;1852,35;;1852,35;203,76;1648,59;
KATIA MARIA CORTEZ SOUZA;DIRETORIA TECNICA;TEC.DE HEMOTERAP.-THE-P.S.N.M.-B;TEC. DE HEMOTERAPIA; ESTATUTARIO;2612,57;;2612,57;252,52;2360,05;
KATIANE DOS SANTOS GOMES;DIRETORIA TECNICA;TEC.DE HEMOTERAP.-THE-P.S.N.M.-A;; ESTATUTARIO;1852,35;;1852,35;203,76;1648,59;
KELLY REGINA MOURA COSTA;DIRETORIA ADM. FINANCEIRO;AGENTE ADMINISTRATIVO A - N.B.;; SERVICO TEMPORARIO;1387,37;;1387,37;110,98;1276,39;
KLEBER SANDRO BRASIL DOS SANTOS;DIRETORIA TECNICA;FARMAC.BIOQ. -FAB-P.S.N.S.-B;; ESTATUTARIO;5757,70;;5757,70;1068,91;4688,79;
LADY DAIANA GONCALVES DA SILVA;DIRETORIA TECNICA;TEC.DE HEMOTERAP.-THE-P.S.N.M.-A;; ESTATUTARIO;1852,35;;1852,35;203,76;1648,59;
LAERCIO DAMIAO SOARES LOPES;DIRETORIA ADM. FINANCEIRO;AGENTE ADMINISTRATIVO A - N.B.;SUBGERENTE; ESTATUTARIO;5387,37;;5387,37;618,53;4768,84;
LANA SULAMITA SILVA DOS SANTOS;DIRETORIA TECNICA;AUX.DE ENFERM.-AEF-P.S.N.A.-B;GERENTE AD2; ESTATUTARIO;5692,55;;5692,55;778,93;4913,62;
LASMAR ROBERTO PEREIRA ALVES;DIRETORIA TECNICA;FARMAC.BIOQ. -FAB-P.S.N.S.-A;FARMAC.-BIOQUIMICO; ESTATUTARIO;4940,40;;4940,40;896,63;4043,77;
LEA CHAVES AMORIM;DIRETORIA TECNICA;TEC. DE HEMOTERAP.-THE-P.S.N.M.-C;; ESTATUTARIO;2671,84;;2671,84;247,27;2424,57;
LEA TIBES FERREIRA COSTA;DIRETORIA TECNICA;TEC.DE HEMOTERAP.-THE-P.S.N.M.-B;; ESTATUTARIO;1959,43;;1959,43;215,54;1743,89;
LEANDRA SABRINA CASTRO DE ALMEIDA;DIRETORIA TECNICA;TECNICO DE ENFERMAGEM;; ESTATUTARIO;1759,59;;1759,59;193,55;1566,04;
LECITA MARREIRA DE LIMA BARROS;DIRETORIA TECNICA;TEC.DE PAT.CLINICA-TPC-P.S.N.M.-B;GERENTE; ESTATUTARIO;5944,87;;5944,87;816,31;5128,56;
LEIDIANE COSTA DA CUNHA;DIRETORIA ADM. FINANCEIRO;ASSIST.ADMIN.-ASA-T.S.N.M.-A;; ESTATUTARIO;1488,89;;1488,89;163,78;1325,11;
LEILA MARLY FONSECA LIMA;DIRETORIA TECNICA;TEC.DE HEMOTERAP.-THE-P.S.N.M.-A;TEC DE HEMOT; ESTATUTARIO;1852,35;;1852,35;203,76;1648,59;
LEILA MARLY FONSECA LIMA;DIRETORIA TECNICA;TEC. DE HEMOTERAP.-THE-P.S.N.M.-C;; ESTATUTARIO;2083,25;;2083,25;229,16;1854,09;
LENIZE LIMA DOS SANTOS;DIRETORIA TECNICA;TECNICO DE ENFERMAGEM A;; SERVICO TEMPORARIO;1759,59;;1759,59;158,36;1601,23;
LEONICE SOUZA FERREIRA;MANDADO DE SEGURANCA;TEC. DE ENFERMAGEM-TEN-P.S.N.M.-A;; ESTATUTARIO;1759,59;;1759,59;193,55;1566,04;
LEONICE SOUZA FERREIRA;DIRETORIA TECNICA;TECNICO DE ENFERMAGEM A;; SERVICO TEMPORARIO;1759,59;;1759,59;158,36;1601,23;
LIA NASCIMENTO RAMOS DA SILVA;DIRETORIA TECNICA;TEC. DE HEMOTERAP.-THE-P.S.N.M.-C;; ESTATUTARIO;2003,88;;2003,88;220,43;1783,45;
LIDEMAR FONSECA DA SILVA;DIRETORIA TECNICA;TEC. DE HEMOTERAP.-THE-P.S.N.M.-D;; ESTATUTARIO;2098,41;;2098,41;230,83;1867,58;
LIGIA ADRIANE THIBES;DIRETORIA TECNICA;TEC. DE HEMOTERAP.-THE-P.S.N.M.-C;CHEFE DE DEPARTAMETO; ESTATUTARIO;6973,64;;6973,64;1101,51;5872,13;
LINDALVA BRAGA DE OLIVEIRA;DIRETORIA ADM. FINANCEIRO;AGENTE ADM.-AGA-T.S.N.A.-H;; ESTATUTARIO;2249,68;;2249,68;222,94;2026,74;
LINDBERG MATOS PINTO;DIRETORIA TECNICA;TEC. DE ENFERMAGEM-TEN-P.S.N.M.-A;TEC.DE ENFERMAGEM; ESTATUTARIO;1759,59;;1759,59;193,55;1566,04;
LINDETE DE LIMA GOMES;DIRETORIA TECNICA;FARMAC.BIOQ. -FAB-P.S.N.S.-C;; ESTATUTARIO;5985,91;;5985,91;1149,87;4836,04;
LIZETE SILVA BARBOSA;DIRETORIA TECNICA;TEC. DE ENFERMAGEM-TEN-P.S.N.M.-C;GERENTE; ESTATUTARIO;6083,25;;6083,25;917,54;5165,71;
LORETA DE ALMEIDA REIS;DIRETORIA TECNICA;TECNICO DE ENFERMAGEM A;TECNICA ENFERMAGEM; SERVICO TEMPORARIO;1804,39;;1804,39;162,39;1642,00;
LOUISE BRANDAO DE SA;DIRETORIA TECNICA;ENFERMEIRO-ENF-P.S.N.S.-A;ENFERMEIRA; ESTATUTARIO;5513,19;;5513,19;989,02;4524,17;
LUANDA SABURÁ DA SILVA;DIRETORIA ADM. FINANCEIRO;ASSIST.ADMIN.-ASA-T.S.N.M.-A;; ESTATUTARIO;1488,89;;1488,89;163,78;1325,11;
LUCICLEIDE ALMEIDA DE JESUS PEIXOTO;DIRETORIA TECNICA;TEC. DE HEMOTERAP.-THE-P.S.N.M.-C;; ESTATUTARIO;2068,18;;2068,18;227,50;1840,68;
LUCILANE ALVES DE SOUZA;DIRETORIA TECNICA;TEC.DE HEMOTERAP.-THE-P.S.N.M.-A;; ESTATUTARIO;1852,35;;1852,35;203,76;1648,59;
LUCINDA FREIRE DO NASCIMENTO;DIRETORIA TECNICA;TEC. DE HEMOTERAP.-THE-P.S.N.M.-C;; ESTATUTARIO;2018,76;;2018,76;220,43;1798,33;
LUDIAN GOMES DA SILVA;DIRETORIA ADM. FINANCEIRO;AGENTE ADM.-AGA-T.S.N.A.-G;CH.DE DEPART.AD-1; ESTATUTARIO;5661,45;;5661,45;715,77;4945,68;
LUIZ RICARDO BARBOSA GOMES;DIRETORIA ADM. FINANCEIRO;AGENTE ADM.-AGA-T.S.N.A.-H;; ESTATUTARIO;1767,70;;1767,70;185,50;1582,20;
LUZIANE PIRES FRANCO;DIRETORIA TECNICA;TEC.DE HEMOTERAP.-THE-P.S.N.M.-A;TEC.HEMOTERAPIA; ESTATUTARIO;1852,35;;1852,35;203,76;1648,59;
LUZINETE FEITOSA DE LIMA TORRES;DIRETORIA ADM. FINANCEIRO;AGENTE ADM.-AGA-T.S.N.A.-G;; ESTATUTARIO;1661,45;;1661,45;182,76;1478,69;
Márcio Allan Oliveira das Neves;DIRETORIA ADM. FINANCEIRO;OPER.MAN.E APOIO-OMA-T.S.N.A-A;; ESTATUTARIO;1375,86;;1375,86;151,34;1224,52;
MACSON DELMIRIO GOMES;DIRETORIA TECNICA;TEC. DE ENFERMAGEM-TEN-P.S.N.M.-A;; ESTATUTARIO;1807,59;;1807,59;193,55;1614,04;
MARA RUBIA COSTA RODRIGUES;DIRETORIA TECNICA;TEC.DE HEMOTERAP.-THE-P.S.N.M.-A;TEC.HEMOTERAPIA; ESTATUTARIO;1759,59;;1759,59;193,55;1566,04;
MARA SERRAO DA SILVA;DIRETORIA TECNICA;TEC.DE HEMOTERAP.-THE-P.S.N.M.-A;TEC HEMOTER; ESTATUTARIO;1873,47;;1873,47;203,76;1669,71;
MARCELA DE MORAES SILVA DAS NEVES;DIRETORIA TECNICA;TEC.DE PAT.CLINICA-TPC-P.S.N.M.-A;TEC PAT CLINICA; ESTATUTARIO;1759,59;;1759,59;193,55;1566,04;
MARCELE ASSUNCAO DA SILVA;DIRETORIA TECNICA;ENFERMEIRO-ENF-P.S.N.S.-A;; ESTATUTARIO;4940,40;;4940,40;896,63;4043,77;
MARCELINA HIPOLITO CARNEIRO;DIRETORIA TECNICA;AUXILIAR DE SAUDE 3A CLASSE;; ESTATUTARIO;1494,29;;1494,29;164,37;1329,92;
MARCELO REIS DO NASCIMENTO;DIRETORIA TECNICA;TEC.DE HEMOTERAP.-THE-P.S.N.M.-A;; ESTATUTARIO;1852,35;;1852,35;203,76;1648,59;
MARCIA DA SILVA E SILVA;DIRETORIA TECNICA;TEC. DE HEMOTERAP.-THE-P.S.N.M.-C;; ESTATUTARIO;1973,64;;1973,64;217,10;1756,54;
MARCIA POINHO ENCARNACAO DE MORAIS;DIRETORIA TECNICA;FARMAC.BIOQ. -FAB-P.S.N.S.-A;; ESTATUTARIO;5716,48;;5716,48;1158,56;4557,92;
MARCIA REGINA MARQUES DA S ANDRADE;DIRETORIA ADM. FINANCEIRO;AGENTE ADM.-AGA-T.S.N.A.-H;; ESTATUTARIO;1673,84;;1673,84;184,12;1489,72;
MARCILEIA MOREIRA DE ARAUJO;DIRETORIA TECNICA;TEC. DE ENFERMAGEM-TEN-P.S.N.M.-A;TEC DE ENFERMAGEM; ESTATUTARIO;1830,00;;1830,00;198,55;1631,45;
MARCIO ARAUJO DOS SANTOS;DIRETORIA TECNICA;ENFERMEIRO 1A CLASSE;ENFERMEIRO; ESTATUTARIO;4940,40;;4940,40;896,63;4043,77;
MARGARETH RODRIGUES DA SILVA;DIRETORIA TECNICA;ASSIST.SOC.ASS-P.S.N.S.-CL.A;; ESTATUTARIO;4940,40;;4940,40;896,63;4043,77;
MARIA AUXILIADORA ALVES FERREIRA;DIRETORIA TECNICA;TEC.DE PAT.CLINICA-TPC-P.S.N.M.-A;; ESTATUTARIO;1759,59;;1759,59;193,55;1566,04;
MARIA CELESTE LIMA BARBOSA;DIRETORIA ADM. FINANCEIRO;AGENTE ADMINISTRATIVO A - N.B.;; SERVICO TEMPORARIO;1387,37;;1387,37;110,98;1276,39;
MARIA DA CONCEICAO DE SOUZA BRASIL;DIRETORIA TECNICA;TEC. DE HEMOTERAP.-THE-P.S.N.M.-D;; ESTATUTARIO;2098,41;;2098,41;230,83;1867,58;
MARIA DA GLORIA MARTINS BARBOSA;DIRETORIA TECNICA;TEC.DE HEMOTERAP.-THE-P.S.N.M.-A;; ESTATUTARIO;1759,59;;1759,59;193,55;1566,04;
MARIA DE NAZARE DE SABOIA FERREIRA;DIRETORIA ADM. FINANCEIRO;AUX.DE SERV.GER.-ASG-T.S.N.A.-C;; ESTATUTARIO;2191,08;;2191,08;180,76;2010,32;
MARIA DE NAZARE PINHEIRO DA SILVA;DIRETORIA TECNICA;TEC. DE HEMOTERAP.-THE-P.S.N.M.-C;; ESTATUTARIO;2021,10;;2021,10;222,32;1798,78;
MARIA DE NAZARE SAUNIER BARBOSA;DIRETORIA TECNICA;ENFERMEIRO-ENF-P.S.N.S.-B;; ESTATUTARIO;5757,70;;5757,70;1173,19;4584,51;
MARIA DO CARMO DA SILVA ASSUNCAO;DIRETORIA TECNICA;ENFERMEIRO-ENF-P.S.N.S.-B;; ESTATUTARIO;5757,70;;5757,70;1173,19;4584,51;
MARIA DO PERPETUO S B OLIVEIRA;DIRETORIA ADM. FINANCEIRO;AGENTE ADM.-AGA-T.S.N.A.-H;; ESTATUTARIO;1673,84;;1673,84;184,12;1489,72;
MARIA DO PERPETUO S S CARVALHO;DIRETORIA TECNICA;MEDICO ESPECIALISTA;CHEFE DE DEPARTAMENT; ESTATUTARIO;12375,88;;12375,88;3090,50;9285,38;
MARIA DO PERPETUO SOCORRO G CRUZ;DIRETORIA ADM. FINANCEIRO;AGENTE ADM.-AGA-T.S.N.A.-G;GERENTE; ESTATUTARIO;7966,40;;7966,40;1505,83;6460,57;
MARIA DO PERPETUO SOCORRO R VIEIRA;DIRETORIA TECNICA;TEC. DE HEMOTERAP.-THE-P.S.N.M.-D;; ESTATUTARIO;2098,41;;2098,41;230,83;1867,58;
MARIA DO SOCORRO AQUINO DE ALENCAR;DIRETORIA ADM. FINANCEIRO;AGENTE ADM.-AGA-T.S.N.A.-G;; ESTATUTARIO;2215,27;;2215,27;182,76;2032,51;
MARIA DO SOCORRO DIAS LEITE;DIRETORIA TECNICA;ASSISTENTE TECNICO 3A CLASSE;; ESTATUTARIO;1783,93;;1783,93;196,23;1587,70;
MARIA DO SOCORRO FERREIRA SANTOS;DIRETORIA TECNICA;TEC.DE HEMOTERAP.-THE-P.S.N.M.-A;TEC HEMOTERAPIA; ESTATUTARIO;1852,35;;1852,35;203,76;1648,59;
MARIA DO SOCORRO NOGUEIRA AZEVEDO;DIRETORIA TECNICA;ASSISTENTE TECNICO 3A CLASSE;; ESTATUTARIO;1797,17;;1797,17;197,69;1599,48;
MARIA DO SOCORRO SANTOS ALBUQUERQUE;DIRETORIA TECNICA;A.TEC-III;GERENTE; ESTATUTARIO;4913,08;;4913,08;544,00;4369,08;
MARIA DO SOCORRO SIQUEIRA BRILHANTE;DIRETORIA TECNICA;ENFERMEIRO A;; SERVICO TEMPORARIO;4940,40;;4940,40;896,63;4043,77;
MARIA DULCY DE MELLO BARBOSA;DIRETORIA TECNICA;TEC. DE HEMOTERAP.-THE-P.S.N.M.-D;; ESTATUTARIO;2241,19;;2241,19;246,53;1994,66;
MARIA ELCIMAR DE SOUZA MENDONCA;DIRETORIA TECNICA;TEC.DE HEMOTERAP.-THE-P.S.N.M.-B;; ESTATUTARIO;1959,43;;1959,43;215,54;1743,89;
MARIA ELIZETE DA SILVA QUERCIA;DIRETORIA TECNICA;TEC.DE PAT.CLINICA-TPC-P.S.N.M.-A;TEC.DE PAT.CLINICA; ESTATUTARIO;1759,59;;1759,59;193,55;1566,04;
MARIA EUNICE CASTRO DOS SANTOS;DIRETORIA TECNICA;TEC. DE ENFERMAGEM-TEN-P.S.N.M.-A;; ESTATUTARIO;1759,59;;1759,59;193,55;1566,04;
MARIA GORETE SIMOES DE MATOS;DIRETORIA TECNICA;TEC. DE HEMOTERAP.-THE-P.S.N.M.-D;SUBGERENTE; ESTATUTARIO;5398,41;;5398,41;655,01;4743,40;
MARIA HELENA TAVARES DO NASCIMENTO;DIRETORIA TECNICA;TECNICO DE HEMOTERAPIA C;; SERVICO TEMPORARIO;1759,59;;1759,59;158,36;1601,23;
MARIA IVALDETE SIQUEIRA DE SOUZA;DIRETORIA TECNICA;TEC.DE PAT.CLINICA-TPC-P.S.N.M.-C;SUBGERENTE; ESTATUTARIO;6003,88;;6003,88;941,52;5062,36;
MARIA JAQUELENE MONTEIRO;DIRETORIA TECNICA;TEC. DE ENFERMAGEM-TEN-P.S.N.M.-A;TEC DE ENF A; ESTATUTARIO;1805,04;;1805,04;198,55;1606,49;
MARIA JEANE SIQUEIRA CASTRO DA CRUZ;DIRETORIA TECNICA;TEC.DE HEMOTERAP.-THE-P.S.N.M.-A;; ESTATUTARIO;1852,35;;1852,35;203,76;1648,59;
MARIA JOSE DANTAS COELHO;DIRETORIA TECNICA;TEC. DE HEMOTERAP.-THE-P.S.N.M.-C;GERENTE; ESTATUTARIO;6083,25;;6083,25;969,67;5113,58;
MARIA JOSE DE ALMEIDA PEREIRA;DIRETORIA TECNICA;CHEFE DE GABINETE;CHEFE DE GABINETE; CARGO COMISSION.S/VINCULO;5100,30;;5100,30;946,24;4154,06;
MARIA JOSE FERREIRA FARIAS;DIRETORIA ADM. FINANCEIRO;AGENTE ADM.-AGA-T.S.N.A.-H;; ESTATUTARIO;1686,35;;1686,35;185,50;1500,85;
MARIA LUCIA ARAUJO DE CAMPOS;DIRETORIA ADM. FINANCEIRO;AGENTE ADM.-AGA-T.S.N.A.-H;; ESTATUTARIO;1673,84;;1673,84;184,12;1489,72;
MARIA LUIZA DE MORAES BRUCE;DIRETORIA TECNICA;TEC. DE ENFERMAGEM-TEN-P.S.N.M.-A;; ESTATUTARIO;1759,59;;1759,59;193,55;1566,04;
MARIA LUIZA DE MORAES BRUCE;DIRETORIA TECNICA;ENFERMEIRO A;; SERVICO TEMPORARIO;4940,40;;4940,40;896,63;4043,77;
MARIA LUZANILDA ALMEIDA DE OLIVEIRA;DIRETORIA TECNICA;TEC. DE HEMOTERAP.-THE-P.S.N.M.-D;; ESTATUTARIO;2098,41;;2098,41;230,83;1867,58;
MARIA LUZINETE DE OLIVEIRA;DIRETORIA TECNICA;TEC.DE HEMOTERAP.-THE-P.S.N.M.-A;TEC. DE HEMOTERAPIA; ESTATUTARIO;1852,35;;1852,35;203,76;1648,59;
MARIA NEIDE DE MELO;DIRETORIA TECNICA;TEC. DE HEMOTERAP.-THE-P.S.N.M.-C;; ESTATUTARIO;2083,25;;2083,25;229,16;1854,09;
MARIA NEIDE FREITAS GOMES;DIRETORIA TECNICA;TECNICO DE HEMOTERAPIA A;; SERVICO TEMPORARIO;1759,59;;1759,59;158,36;1601,23;
MARIA NEIDE FREITAS GOMES;DIRETORIA TECNICA;TEC. DE HEMOTERAP.-THE-P.S.N.M.-C;; ESTATUTARIO;2003,88;;2003,88;220,43;1783,45;
MARIA NESIANE SIQUEIRA CASTRO;DIRETORIA TECNICA;TEC.DE HEMOTERAP.-THE-P.S.N.M.-A;TEC. DE HEMOTERAPIA; ESTATUTARIO;1852,35;;1852,35;203,76;1648,59;
MARIA ONEIDE PINHEIRO DE ANDRADE;DIRETORIA TECNICA;TEC. DE HEMOTERAP.-THE-P.S.N.M.-C;; ESTATUTARIO;2003,88;;2003,88;220,43;1783,45;
MARIA OSANIR DE OLIVEIRA GALVAO;DIRETORIA TECNICA;TEC. DE ENFERMAGEM-TEN-P.S.N.M.-A;; ESTATUTARIO;1852,35;;1852,35;203,76;1648,59;
MARIA REJANE DE AQUINO MEDEIROS;DIRETORIA TECNICA;TEC. DE HEMOTERAP.-THE-P.S.N.M.-C;; ESTATUTARIO;2003,88;;2003,88;220,43;1783,45;
MARIA SOCORRO DE CORREIA MONTANHA;DIRETORIA TECNICA;TEC.DE HEMOTERAP.-THE-P.S.N.M.-B;; ESTATUTARIO;1991,58;;1991,58;219,07;1772,51;
MARIA SOCORRO SOUZA GUEDES;DIRETORIA ADM. FINANCEIRO;GERENTE AD-2;GERENTE AD-2; CARGO COMISSION.S/VINCULO;4093,27;;4093,27;641,90;3451,37;
MARIA SOCORRO VIGA YURTSERVER;DIRETORIA TECNICA;MEDICO ESPECIALISTA;CHEFE DE DEPARTAMENT; ESTATUTARIO;12905,01;;12905,01;3172,64;9732,37;
MARIA SONIA DOS SANTOS PINHEIRO;DIRETORIA TECNICA;TEC.DE HEMOTERAP.-THE-P.S.N.M.-A;; ESTATUTARIO;1852,35;;1852,35;203,76;1648,59;
MARIA ZEILLA MOREIRA DA FROTA;DIRETORIA TECNICA;ASSIST.SOC.ASS-P.S.N.S.-CL.B;GERENTE; ESTATUTARIO;9838,42;;9838,42;2301,82;7536,60;
MARIANA BORATTO PEIXOTO CARRAMANHO;DIRETORIA TECNICA;MEDICO ESPECIALISTA;; ESTATUTARIO;6391,21;;6391,21;1369,48;5021,73;
MARILIA REGINA PACHECO FERNANDES;DIRETORIA TECNICA;TEC. DE HEMOTERAP.-THE-P.S.N.M.-C;SUBGERENTE; ESTATUTARIO;5003,88;;5003,88;666,52;4337,36;
MARINILSE PAIXAO SERRA;DIRETORIA TECNICA;TEC. DE HEMOTERAP.-THE-P.S.N.M.-C;; ESTATUTARIO;2003,88;;2003,88;220,43;1783,45;
MARINO PEREIRA DOS SANTOS;DIRETORIA ADM. FINANCEIRO;MOTORISTA-MOT-T.S.N.A.-D;; ESTATUTARIO;2020,20;;2020,20;222,22;1797,98;
MARIO AFONSO FROTA MEDEIROS;DIRETORIA ADM. FINANCEIRO;AGENTE ADM.-AGA-T.S.N.A.-E;; ESTATUTARIO;1849,83;;1849,83;152,61;1697,22;
MARIO SERGIO VEIGA PINHEIRO;DIRETORIA TECNICA;TEC. DE HEMOTERAP.-THE-P.S.N.M.-C;GERENTE; ESTATUTARIO;6003,88;;6003,88;941,52;5062,36;
MARISA MARQUES CAMPOS DA SILVA;DIRETORIA ADM. FINANCEIRO;AGENTE ADMINISTRATIVO A - N.B.;; SERVICO TEMPORARIO;1387,37;;1387,37;110,98;1276,39;
MARISA PAULA DE ANDRADE;DIRETORIA TECNICA;TECNICO DE PATOLOGIA CLINICA A;; ESTATUTARIO;1759,59;;1759,59;193,55;1566,04;
MARLENE DA SILVA BARROS;DIRETORIA TECNICA;TECNICO DE HEMOTERAPIA A;; SERVICO TEMPORARIO;1759,59;;1759,59;158,36;1601,23;
MARLENE GENTIL BATISTA;DIRETORIA ADM. FINANCEIRO;AUX.DE SERV.GER.-ASG-T.S.N.A.-C;; ESTATUTARIO;1643,31;;1643,31;180,76;1462,55;
MARLENE SANTOS DA MOTA;DIRETORIA TECNICA;ASSISTENTE TECNICO 3A CLASSE;; ESTATUTARIO;1824,05;;1824,05;200,65;1623,40;
MARLUCIA DE LIMA MARQUES;DIRETORIA TECNICA;TEC.DE HEMOTERAP.-THE-P.S.N.M.-A;; ESTATUTARIO;1852,35;;1852,35;203,76;1648,59;
MARLUCIA OLIVEIRA DOS SANTOS;DIRETORIA TECNICA;TEC. DE ENFERMAGEM-TEN-P.S.N.M.-A;; ESTATUTARIO;1783,59;;1783,59;193,55;1590,04;
MARTIRENE ALVES DA SILVA;DIRETORIA TECNICA;TEC.DE HEMOTERAP.-THE-P.S.N.M.-A;TEC HEMOTER; ESTATUTARIO;2469,80;;2469,80;230,91;2238,89;
MARY JANE AUGUSTO REIS;DIRETORIA ADM. FINANCEIRO;AGENTE ADMINISTRATIVO A - N.B.;AG. ADMINISTRATIVO; ESTATUTARIO;1387,37;;1387,37;152,61;1234,76;
MEIBY HOLANDA BARRONCAS;DIRETORIA ADM. FINANCEIRO;AUX.DE SERV.GER.-ASG-T.S.N.A.-B;SUBGERENTE AD-3; ESTATUTARIO;1530,05;;1530,05;168,31;1361,74;
MEIRY JANE DE SOUZA SIQUEIRA;DIRETORIA TECNICA;TEC.DE PAT.CLINICA-TPC-P.S.N.M.-B;TEC. PATOL. CLINICA; ESTATUTARIO;1959,43;;1959,43;215,54;1743,89;
MEIRYALVA FARIAS MARIANO;DIRETORIA TECNICA;TEC. DE ENFERMAGEM-TEN-P.S.N.M.-A;; ESTATUTARIO;1759,59;;1759,59;193,55;1566,04;
MERCIA FLORENCIO DE ALMEIDA lima;DIRETORIA TECNICA;TEC. DE ENFERMAGEM-TEN-P.S.N.M.-A;; ESTATUTARIO;1759,59;;1759,59;193,55;1566,04;
MESSIAS DE ASSIS PRAIA;DIRETORIA TECNICA;TEC.DE HEMOTERAP.-THE-P.S.N.M.-A;TEC. HEMOTERAPIA; ESTATUTARIO;1805,04;;1805,04;198,55;1606,49;
MESSIAS DE ASSIS PRAIA;DIRETORIA TECNICA;TEC. DE HEMOTERAP.-THE-P.S.N.M.-C;; ESTATUTARIO;2078,28;;2078,28;220,43;1857,85;
MICHELLY DA SILVA RIBEIRO;DIRETORIA TECNICA;TECNICO DE ENFERMAGEM A;; SERVICO TEMPORARIO;1807,59;;1807,59;162,68;1644,91;
MIGUEL DE JESUS QUEIROZ DE PAULA;DIRETORIA ADM. FINANCEIRO;MOTORISTA-MOT-T.S.N.A.-A;MOTORISTA; ESTATUTARIO;1585,70;;1585,70;155,01;1430,69;
MIRIAM MAIA DE SOUZA;DIRETORIA ADM. FINANCEIRO;AGENTE ADMINISTRATIVO A - N.B.;; ESTATUTARIO;1387,37;;1387,37;152,61;1234,76;
MIRIAN LUCIA DE ARAUJO BEZERRA;DIRETORIA ADM. FINANCEIRO;AGENTE ADMINISTRATIVO A - N.B.;; ESTATUTARIO;1387,37;;1387,37;152,61;1234,76;
MIRIAN LUNIERE CABRAL;DIRETORIA ADM. FINANCEIRO;AGENTE ADM.-AGA-T.S.N.A.-G;; ESTATUTARIO;1661,45;;1661,45;182,76;1478,69;
MIRIAN RODRIGUES RIBEIRO SANTIAGO;DIRETORIA TECNICA;FARMAC.BIOQ. -FAB-P.S.N.S.-B;GERENTE; ESTATUTARIO;9757,70;;9757,70;2273,19;7484,51;
MIRIAN RODRIGUES RIBEIRO SANTIAGO;DIRETORIA TECNICA;FARMAC.BIOQ. -FAB-P.S.N.S.-A;; ESTATUTARIO;5140,12;;5140,12;958,59;4181,53;
MIRTES VALERIA DE OLIVEIRA BEZERRA;DIRETORIA TECNICA;ENFERMEIRO-ENF-P.S.N.S.-A;; ESTATUTARIO;4940,40;;4940,40;853,97;4086,43;
MOISES ALBERTO ROJAS SOARES;DIRETORIA TECNICA;TEC.DE HEMOTERAP.-THE-P.S.N.M.-B;; ESTATUTARIO;1959,43;;1959,43;215,54;1743,89;
MONICA REGINA HOSANNAH DA S E SILVA;DIRETORIA TECNICA;MEDICO ESPECIALISTA;; ESTATUTARIO;6391,21;;6391,21;1369,48;5021,73;
MONIQUE BATISTA FERREIRA;DIRETORIA TECNICA;ENFERMEIRO-ENF-P.S.N.S.-A;; ESTATUTARIO;4940,40;;4940,40;896,63;4043,77;
MYUKI ALFAIA ESASHIKA CRISPIM;DIRETORIA TECNICA;FARMAC.BIOQ. -FAB-P.S.N.S.-A;CH.DEPARTAMENTO; ESTATUTARIO;13240,12;;13240,12;3181,60;10058,52;
NAAMY KEELY DA SILVA SIMAO;DIRETORIA TECNICA;FISIOTERAPEUTA-FIS-P.S.N.S.-A;; ESTATUTARIO;4940,40;;4940,40;896,63;4043,77;
NEIDA ALEXANDRA DOS SANTOS;DIRETORIA TECNICA;TEC. DE ENFERMAGEM-TEN-P.S.N.M.-A;TEC.ENFERMAGEM; ESTATUTARIO;1852,35;;1852,35;203,76;1648,59;
NEIDE TAVARES;DIRETORIA TECNICA;ENFERMEIRO-ENF-P.S.N.S.-B;; ESTATUTARIO;5757,70;;5757,70;1173,19;4584,51;
NELSON ABRAHIM FRAIJI;DIRETORIA TECNICA;MEDICO DOUTOR;DIRETOR PRESIDENTE; ESTATUTARIO;20027,57;;20027,57;5400,88;14626,69;
NEYLA PANTOJA NUNES;DIRETORIA TECNICA;TEC.DE PAT.CLINICA-TPC-P.S.N.M.-A;; ESTATUTARIO;1759,59;;1759,59;193,55;1566,04;
NINA ROSA GONCALVES DA SILVA;DIRETORIA TECNICA;TEC.DE HEMOTERAP.-THE-P.S.N.M.-B;; ESTATUTARIO;2612,57;;2612,57;238,30;2374,27;
NOEMY NASCIMENTO PRIANTE;DIRETORIA TECNICA;ASSIST.SOC.ASS-P.S.N.S.-CL.B;; ESTATUTARIO;5677,69;;5677,69;1092,67;4585,02;
ODENEZE GOMES TERCO;DIRETORIA TECNICA;ASSISTENTE TECNICO 2A CLASSE;; ESTATUTARIO;2131,24;;2131,24;211,20;1920,04;
ONEIDE FIGUEIREDO RAMIRES;DIRETORIA ADM. FINANCEIRO;AGENTE ADM.-AGA-T.S.N.A.-G;; ESTATUTARIO;1661,45;;1661,45;182,76;1478,69;
OSMARINA FONSECA LIMA;DIRETORIA TECNICA;TEC. DE HEMOTERAP.-THE-P.S.N.M.-D;; ESTATUTARIO;2241,19;;2241,19;25,29;2215,90;
PATRICIA MAROTTO HOMRICH;DIRETORIA TECNICA;FISIOTERAPEUTA-FIS-P.S.N.S.-A;; ESTATUTARIO;4940,40;;4940,40;896,63;4043,77;
PATRICIA SANTOS ALENCAR;DIRETORIA ADM. FINANCEIRO;AGENTE ADM.-AGA-T.S.N.A.-E;; ESTATUTARIO;1849,83;;1849,83;152,61;1697,22;
PAULA FRANCINETE PEREIRA DE SOUZA;DIRETORIA TECNICA;TEC.DE HEMOTERAP.-THE-P.S.N.M.-A;; ESTATUTARIO;1852,35;;1852,35;203,76;1648,59;
PAULA REGINA KIMURA QUEIROZ;DIRETORIA TECNICA;AUX.DE ENFERM.-AEF-P.S.N.A.-D;; ESTATUTARIO;1800,39;;1800,39;198,04;1602,35;
PEDRO DA SILVA MELO;DIRETORIA TECNICA;TEC.DE HEMOTERAP.-THE-P.S.N.M.-A;TEC HEMOTERAPIA; ESTATUTARIO;1805,04;;1805,04;198,55;1606,49;
PRISCILA TORRES BELO;DIRETORIA ADM. FINANCEIRO;AGENTE ADM.-AGA-T.S.N.A.-E;; ESTATUTARIO;1425,80;;1425,80;156,84;1268,96;
RAIMUNDA LELIS DE OLIVEIRA;DIRETORIA TECNICA;TEC. DE HEMOTERAP.-THE-P.S.N.M.-C;; ESTATUTARIO;2083,25;;2083,25;229,16;1854,09;
RAIMUNDO ALARICO SIMOES MELO;DIRETORIA ADM. FINANCEIRO;AGENTE ADM.-AGA-T.S.N.A.-H;; ESTATUTARIO;2982,21;;2982,21;232,48;2749,73;
RAIMUNDO LUIZ MASCARENHAS GARCIA;DIRETORIA TECNICA;TEC.DE PAT.CLINICA-TPC-P.S.N.M.-A;; ESTATUTARIO;1759,59;;1759,59;193,55;1566,04;
RAIMUNDO NONATO ALMEIDA DA SILVA;DIRETORIA TECNICA;TEC.DE PAT.CLINICA-TPC-P.S.N.M.-A;TEC.PAT.CLINICA; ESTATUTARIO;1759,59;;1759,59;193,55;1566,04;
RAIMUNDO NONATO DIOGO CARDOSO;DIRETORIA ADM. FINANCEIRO;OPER.MAN.E APOIO-OMA-T.S.N.A-A;; ESTATUTARIO;1375,86;;1375,86;151,34;1224,52;
RAIMUNDO NONATO NUNES MAIA;DIRETORIA TECNICA;TEC.DE HEMOTERAP.-THE-P.S.N.M.-B;; ESTATUTARIO;2301,54;;2301,54;228,08;2073,46;
RAIMUNDO PAULO SOUZA DE OLIVEIRA;DIRETORIA ADM. FINANCEIRO;OPERADOR DE MANUTENCAO E APO;; SERVICO TEMPORARIO;1375,86;;1375,86;110,06;1265,80;
RAMATIS CAMURCA FERREIRA;DIRETORIA TECNICA;ENFERMEIRO 1A CLASSE;; SERVICO TEMPORARIO;4940,40;;4940,40;896,63;4043,77;
RAYMUNDO SANDOVAL F AMAZONAS;DIRETORIA TECNICA;MEDICO GRADUADO;; ESTATUTARIO;5549,49;;5549,49;1077,74;4471,75;
RAYRA MARINHO BARBOSA;DIRETORIA ADM. FINANCEIRO;AGENTE ADMINISTRATIVO A - N.B.;; SERVICO TEMPORARIO;1387,37;;1387,37;110,98;1276,39;
RECHFY KASEM ABOU ALI;DIRETORIA TECNICA;TEC.DE HEMOTERAP.-THE-P.S.N.M.-A;; ESTATUTARIO;1759,59;;1759,59;193,55;1566,04;
REGIA MARIA DE OLIVEIRA COELHO;DIRETORIA TECNICA;AUX.DE ENFERM.-AEF-P.S.N.A.-B;; ESTATUTARIO;1663,62;;1663,62;183,00;1480,62;
REGINA COELI VIEIRA DE SOUZA;DIRETORIA TECNICA;TECNICO DE ENFERMAGEM A;; SERVICO TEMPORARIO;1759,59;;1759,59;158,36;1601,23;
REGINA NEVES NORMANDO;DIRETORIA TECNICA;TEC.DE PAT.CLINICA-TPC-P.S.N.M.-C;; ESTATUTARIO;2083,25;;2083,25;229,16;1854,09;
RENATA DE ALMEIDA LEMOS AGUIAR;DIRETORIA TECNICA;MEDICO ESPECIALISTA;; ESTATUTARIO;6391,21;;6391,21;1369,48;5021,73;
RENATA FEITOSA DE OLIVEIRA;DIRETORIA TECNICA;FARMACEUTICO-FAR-P.S.N.S.-A;; ESTATUTARIO;4940,40;;4940,40;896,63;4043,77;
RICARDO DE OLIVEIRA;DIRETORIA ADM. FINANCEIRO;MOTORISTA A;; ESTATUTARIO;1648,64;;1648,64;181,35;1467,29;
RICARDO MAIA DE SOUZA;DIRETORIA TECNICA;GERENTE AD-2;GERENTE AD-2; CARGO COMISSION.S/VINCULO;4093,27;;4093,27;641,90;3451,37;
RILZA DE ANDRADE NONATO;DIRETORIA TECNICA;TECNICO DE ENFERMAGEM A;; SERVICO TEMPORARIO;1759,59;;1759,59;158,36;1601,23;
RIVANA ARAUJO DE PINHO ARANTES;DIRETORIA TECNICA;TEC. DE ENFERMAGEM-TEN-P.S.N.M.-A;TEC.ENFERMAGEM; ESTATUTARIO;2346,12;;2346,12;212,19;2133,93;
ROCILENE DE FREITAS ALBUQUERQUE;DIRETORIA TECNICA;TEC.DE PAT.CLINICA-TPC-P.S.N.M.-A;; ESTATUTARIO;1759,59;;1759,59;193,55;1566,04;
RODRIGO DE SOUZA LEITAO;DIRETORIA TECNICA;MEDICO MESTRE;DIRETOR TECNICO HEMO; ESTATUTARIO;16005,47;;16005,47;4128,24;11877,23;
RODRIGO DE SOUZA LEITAO;DIRETORIA TECNICA;MEDICO ESPECIALISTA;; ESTATUTARIO;6391,21;;6391,21;1369,48;5021,73;
RONALDO SILVA SODRE;DIRETORIA TECNICA;TEC.DE PAT.CLINICA-TPC-P.S.N.M.-A;TEC.DE PAT.CLINICA; ESTATUTARIO;1759,59;;1759,59;193,55;1566,04;
ROSA CRISTINA CALDAS BELOTA;DIRETORIA TECNICA;ENFERMEIRO-ENF-P.S.N.S.-A;; ESTATUTARIO;4940,40;;4940,40;896,63;4043,77;
ROSANE FRANCISCA CRUZ LOPES;DIRETORIA ADM. FINANCEIRO;AGENTE ADM.-AGA-T.S.N.A.-H;; ESTATUTARIO;1754,39;;1754,39;184,12;1570,27;
ROSANGELA DE CASTRO SILVA;DIRETORIA TECNICA;GERENTE AD-2;; CARGO COMISSION.S/VINCULO;4093,27;;4093,27;641,90;3451,37;
ROSANGELA LIMA DE SOUZA;DIRETORIA TECNICA;TECNICO DE ENFERMAGEM A;TEC.ENFERMAGEM; SERVICO TEMPORARIO;1789,59;;1789,59;161,06;1628,53;
ROSANGELA SANTOS DE ABREU;DIRETORIA TECNICA;MEDICO ESPECIALISTA;; ESTATUTARIO;7274,46;;7274,46;1680,14;5594,32;
ROSANNE FERREIRA DE MELO;DIRETORIA TECNICA;ENFERMEIRO-ENF-P.S.N.S.-A;; ESTATUTARIO;5777,33;;5777,33;1169,04;4608,29;
ROSEMARY RIBEIRO MATTA DE CASTRO;DIRETORIA TECNICA;TEC.DE HEMOTERAP.-THE-P.S.N.M.-A;TEC HEMOTER; ESTATUTARIO;1852,35;;1852,35;203,76;1648,59;
ROSEMARY RIBEIRO MATTA DE CASTRO;DIRETORIA TECNICA;TEC. DE HEMOTERAP.-THE-P.S.N.M.-C;; ESTATUTARIO;2224,31;;2224,31;220,43;2003,88;
ROSILANE MIRANDA DA SILVA MARCHIOLI;DIRETORIA TECNICA;TEC. DE ENFERMAGEM-TEN-P.S.N.M.-A;; ESTATUTARIO;1789,59;;1789,59;193,55;1596,04;
ROSILENE MARINHO DE SOUZA;DIRETORIA TECNICA;TEC.DE PAT.CLINICA-TPC-P.S.N.M.-A;TEC.DE PAT.CLINICA; ESTATUTARIO;4759,59;;4759,59;584,78;4174,81;
ROSIMAR GAMA PIRES;DIRETORIA ADM. FINANCEIRO;AUX.DE SERV.GER.-ASG-T.S.N.A.-C;; ESTATUTARIO;1643,31;;1643,31;180,76;1462,55;
RUBENITA DA SILVA COSTA;DIRETORIA TECNICA;TEC. DE HEMOTERAP.-THE-P.S.N.M.-D;GERENTE; ESTATUTARIO;6098,41;;6098,41;922,92;5175,49;
RUTH HELENA DE OLIVEIRA PERDIZ;DIRETORIA TECNICA;MEDICO ESPECIALISTA;; ESTATUTARIO;7027,69;;7027,69;1594,11;5433,58;
SAMANTHA MEDINA DE OLIVEIRA SILVA;DIRETORIA TECNICA;MEDICO GRADUADO;; ESTATUTARIO;5549,49;;5549,49;1077,74;4471,75;
SANDRA MARIA DE ALMEIDA ASSIS;DIRETORIA TECNICA;TEC. DE HEMOTERAP.-THE-P.S.N.M.-D;; ESTATUTARIO;2034,11;;2034,11;223,75;1810,36;
SEBASTIANA SALES DA SILVA;DIRETORIA TECNICA;TEC. DE HEMOTERAP.-THE-P.S.N.M.-D;; ESTATUTARIO;2098,41;;2098,41;230,83;1867,58;
SEBASTIAO LUIZ QUEIROZ RIBEIRO;DIRETORIA ADM. FINANCEIRO;MOTORISTA-MOT-T.S.N.A.-C;; ESTATUTARIO;1920,27;;1920,27;209,70;1710,57;
SERGIO MATOS DE AMORIM;DIRETORIA TECNICA;TEC.DE HEMOTERAP.-THE-P.S.N.M.-A;; ESTATUTARIO;1852,35;;1852,35;203,76;1648,59;
SERGIO ROBERTO LOPES ALBUQUERQUE;DIRETORIA TECNICA;FARMAC.BIOQ. -FAB-P.S.N.S.-C;; ESTATUTARIO;12089,60;;12089,60;2470,48;9619,12;
SERGIO ROBERTO LOPES ALBUQUERQUE;DIRETORIA TECNICA;FARMAC.BIOQ. -FAB-P.S.N.S.-A;FARM BIOQUIMICO; ESTATUTARIO;5535,60;;5535,60;970,44;4565,16;
SHELSA LIDICE LIMA DE ARAUJO;DIRETORIA TECNICA;TECNICO DE ENFERMAGEM A;; SERVICO TEMPORARIO;1759,59;;1759,59;158,36;1601,23;
SIDNEY DA COSTA TINOCO;DIRETORIA ADM. FINANCEIRO;AGENTE ADM.-AGA-T.S.N.A.-E;AGENTE ADMINISTRAT.; ESTATUTARIO;1425,80;;1425,80;156,84;1268,96;
SILAS GUEDES DE OLIVEIRA;DIRETORIA TECNICA;PESQUISADOR ASS.-PEA-P.S.N.S.-D;DIRETOR CLINICO; ESTATUTARIO;22780,11;;22780,11;6397,76;16382,35;
SILENE MARTINS LIMA;DIRETORIA TECNICA;TEC. DE HEMOTERAP.-THE-P.S.N.M.-D;; ESTATUTARIO;2380,67;;2380,67;235,92;2144,75;
SILVANA MORAES DA SILVA;DIRETORIA TECNICA;TEC.DE HEMOTERAP.-THE-P.S.N.M.-A;TEC.DE HEMOTERAPIA; ESTATUTARIO;1801,59;;1801,59;193,55;1608,04;
SOCORRO ALMEIDA DOS SANTOS;DIRETORIA TECNICA;TEC. DE HEMOTERAP.-THE-P.S.N.M.-D;GERENTE; ESTATUTARIO;6098,41;;6098,41;870,78;5227,63;
SOLANGE CABRAL NUNES;DIRETORIA ADM. FINANCEIRO;AGENTE ADM.-AGA-T.S.N.A.-G;; ESTATUTARIO;1661,45;;1661,45;182,76;1478,69;
SOLANGE DE OLIVEIRA COSTA;DIRETORIA ADM. FINANCEIRO;AUX.DE SERV.GER.-ASG-T.S.N.A.-C;; ESTATUTARIO;1643,31;;1643,31;180,76;1462,55;
SONIA CORDEIRO CAMPELLO;DIRETORIA TECNICA;TEC. DE HEMOTERAP.-THE-P.S.N.M.-C;; ESTATUTARIO;2003,88;;2003,88;220,43;1783,45;
SONIA MARIA DA ROCHA CORTEZ;DIRETORIA TECNICA;TEC. DE HEMOTERAP.-THE-P.S.N.M.-C;; ESTATUTARIO;2083,25;;2083,25;229,16;1854,09;
SONIA REJANE DE SENNA FRANTZ;DIRETORIA TECNICA;ENFERMEIRO-ENF-P.S.N.S.-A;; ESTATUTARIO;4940,40;;4940,40;896,63;4043,77;
SONIA YARA RODRIGUES DIONIZIO;DIRETORIA TECNICA;ASSESSOR I AD-1;ASSESSOR I AD-1; CARGO COMISSION.S/VINCULO;5100,30;;5100,30;946,24;4154,06;
SORAIA DA COSTA SILVA;DIRETORIA TECNICA;TEC. DE ENFERMAGEM-TEN-P.S.N.M.-A;TEC. DE ENFERMAGEM; ESTATUTARIO;1805,04;;1805,04;198,55;1606,49;
SUANE REGINA BALBINO FERREIRA;DIRETORIA ADM. FINANCEIRO;AGENTE ADM.-AGA-T.S.N.A.-G;; ESTATUTARIO;1661,45;;1661,45;182,76;1478,69;
SUENIA MENDONCA DE ARAUJO;DIRETORIA TECNICA;MEDICO ESPECIALISTA;MEDICO ESPECIALISTA; ESTATUTARIO;7027,69;;7027,69;1594,11;5433,58;
Thais Ditolvo da Costa Salina;DIRETORIA TECNICA;MEDICO ESPECIALISTA;; ESTATUTARIO;6391,21;;6391,21;1369,48;5021,73;
TATIANA DE FREITAS LOPES;DIRETORIA TECNICA;ASSESSOR I AD-1;ASSESSOR I AD-1; CARGO COMISSION.S/VINCULO;5100,30;;5100,30;946,24;4154,06;
TAYLA THAYANA LIMA SILVA;DIRETORIA ADM. FINANCEIRO;AGENTE ADMINISTRATIVO A - N.B.;AGENTE ADMINISTRAT.; SERVICO TEMPORARIO;1387,37;;1387,37;110,98;1276,39;
TEREZA JACQUELINE COSTA CORTEZ;DIRETORIA TECNICA;TEC. DE HEMOTERAP.-THE-P.S.N.M.-C;; ESTATUTARIO;1973,64;;1973,64;217,10;1756,54;
VANDER SILVA SOUZA;DIRETORIA TECNICA;TEC.DE PAT.CLINICA-TPC-P.S.N.M.-A;TEC.DE PATOL.CLINICA; ESTATUTARIO;2346,12;;2346,12;193,55;2152,57;
VANDERLITA ALVES CIRINO;DIRETORIA TECNICA;FARMAC.BIOQ. -FAB-P.S.N.S.-A;FARMAC.BIOQUIMICA; ESTATUTARIO;5393,48;;5393,48;1043,98;4349,50;
VANIA DE FREITAS MORAES;DIRETORIA TECNICA;TEC.DE HEMOTERAP.-THE-P.S.N.M.-A;; ESTATUTARIO;2469,80;;2469,80;230,91;2238,89;
VANIA LUCIA LIMA DE MELO;DIRETORIA TECNICA;ASSIST.SOC.ASS-P.S.N.S.-CL.C;; ESTATUTARIO;5837,49;;5837,49;1097,21;4740,28;
VERA LUCIA CALDERARO CABRAL;DIRETORIA ADM. FINANCEIRO;AGENTE ADM.-AGA-T.S.N.A.-H;ASSESSOR IV; ESTATUTARIO;4257,96;;4257,96;421,95;3836,01;
VIVIANA MARIA ARAUJO DE OLIVEIRA;DIRETORIA TECNICA;FARMAC.BIOQ. -FAB-P.S.N.S.-A;GERENTE; ESTATUTARIO;9414,14;;9414,14;2151,31;7262,83;
WALESKA EMANUELLE PIRES AIKAWA;DIRETORIA TECNICA;ENFERMEIRO-ENF-P.S.N.S.-A;; ESTATUTARIO;5024,40;;5024,40;915,53;4108,87;
WALLY VICTORIA FABIENNE K A SPOSINA;DIRETORIA TECNICA;FARMAC.BIOQ. -FAB-P.S.N.S.-A;FARMACEUTICA BIOQ.; ESTATUTARIO;5587,80;;5587,80;1112,91;4474,89;
WALMIZA SALGADO DA FONSECA;DIRETORIA TECNICA;TEC. DE ENFERMAGEM-TEN-P.S.N.M.-A;; ESTATUTARIO;1805,04;;1805,04;198,55;1606,49;
WALMIZE LEITE DE SOUSA;DIRETORIA TECNICA;TEC. DE ENFERMAGEM-TEN-P.S.N.M.-A;TEC. DE ENFERMAGEM; ESTATUTARIO;1787,59;;1787,59;193,55;1594,04;
WANDERLAN KUITZINGER LIMA;DIRETORIA ADM. FINANCEIRO;AGENTE ADM.-AGA-T.S.N.A.-G;; ESTATUTARIO;1649,14;;1649,14;181,41;1467,73;
WANDERLEIA RIBEIRO DOS SANTOS;DIRETORIA TECNICA;ASSIST.SOC.ASS-P.S.N.S.-CL.A;ASSISTENTE SOCIAL; ESTATUTARIO;5393,48;;5393,48;1043,98;4349,50;
WILMARA RAIMUNDA BATISTA DA SILVA;DIRETORIA TECNICA;ASSESSOR IV AD-4;ASSESSOR IV; CARGO COMISSION.S/VINCULO;2481,24;;2481,24;249,85;2231,39;
WILSON COSTA DE SOUZA;DIRETORIA TECNICA;TEC.DE HEMOTERAP.-THE-P.S.N.M.-B;; ESTATUTARIO;2643,00;;2643,00;239,10;2403,90;
WILSON ROQUE DA SILVA;DIRETORIA ADM. FINANCEIRO;ARTIFICE A;; ESTATUTARIO;1375,86;;1375,86;151,34;1224,52;
Yuri Nicolau Bandeira;DIRETORIA ADM. FINANCEIRO;ASSIST.ADMIN.-ASA-T.S.N.M.-A;; ESTATUTARIO;1488,89;;1488,89;163,78;1325,11;
ZULEIDE MARTINS DE MELO;DIRETORIA ADM. FINANCEIRO;AUX.DE SERV.GER.-ASG-T.S.N.A.-B;; ESTATUTARIO;1530,05;;1530,05;168,31;1361,74;
