NOME;LOTACAO;CARGO;FUNCAO;VINCULO;REMUNERACAO LEGAL TOTAL(R$);DESC.TETO(R$); REMUNERACAO LEGAL DEVIDA(R$);DESCONTOS LEGAIS(R$);LIQUIDO DISPONIVEL(R$);
ABDON BATISTA LEITE NETO;DIRETORIA ADMINIST.FINANCEIRA;MOT-III;; ESTATUTARIO;2219,34;;2219,34;156,16;2063,18;
ADEMIR CAPRA;MANACAPURU;MOTORISTA;; ESTATUTARIO;2125,63;;2125,63;178,82;1946,81;
ADEMIR VIANA BENTES;MAUES;TECNICO EM AGROPECUARIA;; ESTATUTARIO;4631,54;;4631,54;532,31;4099,23;
ADERALDO CRAVEIRO MACIEL;TABATINGA;MOTORISTA;; ESTATUTARIO;2181,61;;2181,61;184,98;1996,63;
ADEVALDO ANTONIO CAMPINAS SANTOS;ALVARAES;TECNICO EM AGROPECUARIA;GERENTE AD-2; ESTATUTARIO;5633,54;;5633,54;751,35;4882,19;
ADOMILTON MONTEFUSCO LIMA;NOVO AIRAO;TECNICO EM AGROPECUARIA;; ESTATUTARIO;3333,54;;3333,54;348,94;2984,60;
ADRIANA ALVES MACHADO GRACA;BORBA;TECNICO EM AGROPECUARIA;; ESTATUTARIO;2982,85;;2982,85;290,88;2691,97;
ADRIANILSON GOES DE SOUZA;PARINTINS;ENGENHEIRO AGRONOMO;; ESTATUTARIO;9468,30;;9468,30;2300,51;7167,79;
AFRANIO CONCEICAO DA SILVA;BARREIRINHA;TECNICO EM AGROPECUARIA;; ESTATUTARIO;2982,85;;2982,85;333,54;2649,31;
AGLEI DUQUES MACIEL;DIR.DE ASSIST.TEC.E EXT.RURAL;T.AG-III;; ESTATUTARIO;3911,10;;3911,10;365,56;3545,54;
ALBERTO ALVES EDWARDS;CODAJAS;TECNICO EM AGROPECUARIA;; ESTATUTARIO;3126,56;;3126,56;322,79;2803,77;
ALDAIR SILVA OLIVEIRA;DIR.DE ASSIST.TEC.E EXT.RURAL;TECNICO EM AGROPECUARIA;; ESTATUTARIO;2539,83;;2539,83;91,80;2448,03;
ALDENIR SILVA DE ARAUJO;MANACAPURU;ASSISTENTE TECNICO;; ESTATUTARIO;2653,76;;2653,76;235,68;2418,08;
ALDIZIO DE SOUZA LIMEIRA;HUMAITA;MOTORISTA;; ESTATUTARIO;2133,72;;2133,72;179,71;1954,01;
ALFEU FERRAZ FILHO;DIR.DE ASSIST.TEC.E EXT.RURAL;ENGENHEIRO DE PESCA;GERENTE AD/2; ESTATUTARIO;10888,10;;10888,10;2691,80;8196,30;
ALFREDO DA SILVA PINHEIRO;DIR.DE ASSIST.TEC.E EXT.RURAL;ENGENHEIRO AGRONOMO;CHEFE DE DEPARTAMENT; ESTATUTARIO;12740,59;;12740,59;3287,70;9452,89;
ANA PATRICIA DE SOUZA MARTINS;PROCURADORIA JURIDICA;A.TEC-III;; ESTATUTARIO;2297,03;;2297,03;220,97;2076,06;
ANA PAULA CARDOSO QUEIROZ DE PAIVA;DIR.DE ASSIST.TEC.E EXT.RURAL;ENGENHEIRO FLORESTAL;; ESTATUTARIO;9508,75;;9508,75;2399,59;7109,16;
ANDRESON OLIVEIRA CARDOSO;EIRUNEPE;GERENTE AD-2;GERENTE AD2; CARGO COMISSION.S/VINCULO;4209,79;;4209,79;670,28;3539,51;
ANECILENE CINTIA BUZAGLO;DIR.DE ASSIST.TEC.E EXT.RURAL;GERENTE AD-2;; CARGO COMISSION.S/VINCULO;4209,79;;4209,79;613,40;3596,39;
ANGELA CONCEICAO PAES;DIR.DE ASSIST.TEC.E EXT.RURAL;TECNICO EM CONTABILIDADE;TEC.DE CONTABILIDADE; ESTATUTARIO;2475,13;;2475,13;226,62;2248,51;
ANGELA GONCALVES DE ANDRADE;DIRETORIA DE FOMENTO;AGENTE ADMINISTRATIVO;; ESTATUTARIO;2680,00;;2680,00;229,50;2450,50;
ANGELA SANDRA PINTO DE SOUZA;CAREIRO;ASSISTENTE TECNICO;ASSISTENTE TECNICO; ESTATUTARIO;2951,82;;2951,82;300,66;2651,16;
ANTONIA DIAS FEITOSA;PRESIDENTE FIGUEIREDO;AUXILIAR DE SERVICOS GERAIS;; ESTATUTARIO;1753,12;;1753,12;137,84;1615,28;
ANTONIO AFONSO DA FONSECA PINTO;CAREIRO;TECNICO EM AGROPECUARIA;; ESTATUTARIO;2793,57;;2793,57;282,09;2511,48;
ANTONIO CARLOS LACERDA DE SOUZA;LABREA;ASSISTENTE TECNICO;; ESTATUTARIO;2739,71;;2739,71;244,11;2495,60;
ANTONIO CAVALCANTE DE ABREU;EIRUNEPE;AUX.ADM-III;; ESTATUTARIO;1739,09;;1739,09;136,30;1602,79;
ANTONIO CLARET MAGALHAES FERREIRA;DIR.DE ASSIST.TEC.E EXT.RURAL;ENGENHEIRO AGRONOMO;GERENTE AD/2; ESTATUTARIO;11727,17;;11727,17;3007,76;8719,41;
ANTONIO CLAUDIO RODRIGUES DE SA;DIRETORIA DE FOMENTO;TECNICO EM AGROPECUARIA;; ESTATUTARIO;3899,12;;3899,12;438,17;3460,95;
ANTONIO DIONES SILVA DE SOUZA;GUAJARA;GERENTE AD-2;GERENTE AD-2; CARGO COMISSION.S/VINCULO;4209,79;;4209,79;670,28;3539,51;
ANTONIO GARGANTA DOMINGUES FILHO;ITACOATIARA;TECNICO EM AGROPECUARIA;; ESTATUTARIO;3341,16;;3341,16;353,60;2987,56;
ANTONIO JANDIR CONTENTE MORAIS;DIR.DE ASSIST.TEC.E EXT.RURAL;TNS-III;; ESTATUTARIO;11758,05;;11758,05;3081,27;8676,78;
ANTONIO LUIZ BARBOSA DE OLIVEIRA;ANAMA;ENGENHEIRO AGRONOMO;GERENTE AD/2; ESTATUTARIO;10330,70;;10330,70;2485,60;7845,10;
ANTONIO MARQUES DE LIMA SOBRINHO;IRANDUBA;MOTORISTA FLUVIAL;; ESTATUTARIO;2051,43;;2051,43;170,66;1880,77;
ANTONIO PAZ DOS SANTOS;DIRETORIA ADMINIST.FINANCEIRA;VIGIA;; ESTATUTARIO;2345,66;;2345,66;166,69;2178,97;
ARCENIO JOSE LOBATO JUNIOR;MAUES;TECNICO EM AGROPECUARIA;; ESTATUTARIO;2982,85;;2982,85;333,54;2649,31;
ARI BATISTA DA COSTA;IRANDUBA;ENGENHEIRO AGRONOMO;; ESTATUTARIO;9971,99;;9971,99;2323,04;7648,95;
ARLETE DOS SANTOS COELHO;FONTE BOA;ASSISTENTE TECNICO 2A CLASSE;ASSISTENTE TECNICO; ESTATUTARIO;2549,03;;2549,03;256,86;2292,17;
ARLINDO ELIAS REGIS;DIR.DE ASSIST.TEC.E EXT.RURAL;OPERADOR DE MAQUINA;; ESTATUTARIO;2039,81;;2039,81;175,04;1864,77;
ARLINDO RODRIGUES DOS SANTOS FILHO;BOA VISTA DO RAMOS;TECNICO EM AGROPECUARIA;; ESTATUTARIO;5825,54;;5825,54;878,53;4947,01;
ARMANDO JORGE LUZ DA SILVA;DIR.DE ASSIST.TEC.E EXT.RURAL;ECONOMISTA;CHEFE DE DEPARTAMENT; ESTATUTARIO;1977,20;;1977,20;453,55;1523,65;
ATENOR COSTA DE LIMA;BOCA DO ACRE;TECNICO EM AGROPECUARIA;; ESTATUTARIO;4631,54;;4631,54;617,63;4013,91;
ATRIO CHAGAS DE SOUZA;CARAUARI;GERENTE AD-2;GERENTE AD-2; CARGO COMISSION.S/VINCULO;4209,79;;4209,79;670,28;3539,51;
AUGUSTO CESAR SANTANA DE ABREU;DIRETORIA ADMINIST.FINANCEIRA;AGENTE ADMINISTRATIVO;; ESTATUTARIO;3484,61;;3484,61;312,30;3172,31;
AUGUSTO RUBENS PEREIRA DA COSTA;PARINTINS;TECNICO EM AGROPECUARIA;; ESTATUTARIO;2840,41;;2840,41;288,57;2551,84;
AUREO ENRIQUE SANTOS CARVALHO;CAAPIRANGA;GERENTE AD-2;GERENTE AD-2; CARGO COMISSION.S/VINCULO;4209,79;;4209,79;641,84;3567,95;
BENJAMIN RODRIGUES DA COSTA;ANORI;MOTORISTA;; ESTATUTARIO;2084,65;;2084,65;174,31;1910,34;
BISMARCK BATALHA BENACON;JURUA;GERENTE AD-2;GERENTE AD-2; CARGO COMISSION.S/VINCULO;4209,79;;4209,79;670,28;3539,51;
CARLOS ALBERTO CRUZ FARIAS;MARAA;TECNICO EM AGROPECUARIA;GERENTE AD/2; ESTATUTARIO;5581,15;;5581,15;344,41;5236,74;
CARLOS ALBERTO SOARES DE MAGALHAES;DIR.DE ASSIST.TEC.E EXT.RURAL;ENGENHEIRO AGRONOMO;; ESTATUTARIO;9100,00;;9100,00;2365,83;6734,17;
CARLOS ANTONIO PANTOJA;HUMAITA;ENGENHEIRO AGRONOMO;GERENTE AD/2; ESTATUTARIO;11094,00;;11094,00;2862,04;8231,96;
CARLOS LACERDA FERREIRA F AMORIM;TEFE;TECNICO EM AGROPECUARIA;; ESTATUTARIO;3144,24;;3144,24;308,18;2836,06;
CARLOS LEILSON DA MOTA SILVA;DIRETORIA ADMINIST.FINANCEIRA;AGENTE ADMINISTRATIVO;; ESTATUTARIO;2458,08;;2458,08;224,74;2233,34;
CELIA REGINA LURICO HANIOKA TORII;ASSESSORIA;ASSESSOR III AD-3;; CARGO COMISSION.S/VINCULO;3191,80;;3191,80;422,40;2769,40;
CLAUDIO ADRIANO CARDOSO AMANAJAS;MANACAPURU;TECNICO EM AGROPECUARIA;; ESTATUTARIO;2765,79;;2765,79;248,45;2517,34;
CLAUSAK MACIEL BONIFACIO;DIR.DE ASSIST.TEC.E EXT.RURAL;ENGENHEIRO DE PESCA;; ESTATUTARIO;11716,83;;11716,83;3001,45;8715,38;
CLEUBI JOSE DE PAULA ROL;JUTAI;MOTORISTA;; ESTATUTARIO;1975,24;;1975,24;162,28;1812,96;
CLEUDO BRASIL BERNARDO DE OLIVEIRA;MANICORE;TECNICO EM AGROPECUARIA;; ESTATUTARIO;4446,63;;4446,63;404,32;4042,31;
CRISTOVAO CAJUEIRO FERNANDES;GABINETE;CHEFE DE GABINETE AD-1;; CARGO COMISSION.S/VINCULO;5229,77;;5229,77;986,40;4243,37;
DALMO DE SOUZA DOS ANJOS;PROCURADORIA JURIDICA;ENGENHEIRO AGRONOMO;PROCURADOR CHEFE AD1; ESTATUTARIO;12456,96;;12456,96;3247,80;9209,16;
DELDUQUE TOUCIMA DE ARAUJO;MANACAPURU;TECNICO EM AGROPECUARIA;; ESTATUTARIO;4362,13;;4362,13;488,61;3873,52;
DIMITRI LOUZADA TORRES PORTUGAL;DIR.DE ASSIST.TEC.E EXT.RURAL;GERENTE AD-2;GERENTE AD/2; CARGO COMISSION.S/VINCULO;4209,79;;4209,79;670,28;3539,51;
DJANEIDE DA SILVA LISBOA;DIRETORIA DE FOMENTO;TECNICO EM AGROPECUARIA;; ESTATUTARIO;2798,28;;2798,28;285,38;2512,90;
DOMINGOS DE LIMA MARQUES;CAREIRO;MOTORISTA;; ESTATUTARIO;2134,05;;2134,05;179,75;1954,30;
DORATY CHAVES DE OLIVEIRA;IRANDUBA;AGENTE ADMINISTRATIVO 1A CLASSE;AGENTE ADMINISTRAT.; ESTATUTARIO;2534,35;;2534,35;223,78;2310,57;
EDA MARIA OLIVA SOUZA;DEPARTAMENTO DE PLANEJAMENTO;GERENTE AD-2;; CARGO COMISSION.S/VINCULO;4209,79;;4209,79;670,28;3539,51;
EDELUZA BARBOSA DE OLIVEIRA;IRANDUBA;ENGENHEIRO AGRONOMO;; ESTATUTARIO;10140,55;;10140,55;2538,24;7602,31;
EDILENE MARIA SANTANA A KAWAKAMI;PARINTINS;AGENTE ADMINISTRATIVO 4A CLASSE;; ESTATUTARIO;2416,54;;2416,54;205,10;2211,44;
EDIMAR VIZOLLI;APUI;TECNICO EM AGROPECUARIA;TEC EM AGROPECUARIA; ESTATUTARIO;4103,77;;4103,77;415,13;3688,64;
EDMAR RAIMUNDO NASCIMENTO DE SOUZA;DIRETORIA ADMINIST.FINANCEIRA;MOT-III;; ESTATUTARIO;2045,69;;2045,69;154,24;1891,45;
EDNO SOARES DA COSTA;HUMAITA;ASSISTENTE ADMINISTRATIVO;; ESTATUTARIO;3240,41;;3240,41;280,97;2959,44;
ELCINA DE LIMA DA SILVA;NOVA OLINDA DO NORTE;EXTENSIONISTA SOCIAL MEDIO;; ESTATUTARIO;2645,78;;2645,78;272,98;2372,80;
ELIANDRO RIBEIRO REINALDO;BENJAMIN CONSTANT;GERENTE AD-2;GERENTE AD-2; CARGO COMISSION.S/VINCULO;4209,79;;4209,79;670,28;3539,51;
ELIANE DEBORA LEITE SOARES;DIR.DE ASSIST.TEC.E EXT.RURAL;GERENTE AD-2;GERENTE AD-2; CARGO COMISSION.S/VINCULO;4209,79;;4209,79;670,28;3539,51;
ELIZABETH CAVALCANTE DE LIMA GOMES;TABATINGA;ASSISTENTE TECNICO;; ESTATUTARIO;2996,31;;2996,31;279,48;2716,83;
ELIZAMA BARBOSA DA SILVA;DIR.DE ASSIST.TEC.E EXT.RURAL;ASSISTENTE TECNICO;; ESTATUTARIO;2895,95;;2895,95;297,29;2598,66;
EMERSON PEDRACA DE FRANCA;MANICORE;ASSISTENTE TECNICO III;; ESTATUTARIO;2673,97;;2673,97;182,56;2491,41;
EMILIO ANDRADE REZK;ITACOATIARA;TECNICO EM AGROPECUARIA;TEC. EM AGROPECUARIA; ESTATUTARIO;3641,01;;3641,01;368,53;3272,48;
EUGENIO BORGES;MAUES;TECNICO EM AGROPECUARIA;; ESTATUTARIO;2775,30;;2775,30;282,64;2492,66;
EUGENIO OLIVEIRA BRAS;TABATINGA;VIGIA;; ESTATUTARIO;1779,52;;1779,52;137,84;1641,68;
EVANDRO DA SILVA AZEVEDO;DIRETORIA ADMINIST.FINANCEIRA;AUXILIAR DE SERVICOS GERAIS;; ESTATUTARIO;2564,94;;2564,94;138,21;2426,73;
EVANI DA CONCEICAO TAVARES MALCHER;DIRETORIA ADMINIST.FINANCEIRA;GERENTE AD-2;GERENTE AD-2; CARGO COMISSION.S/VINCULO;4209,79;;4209,79;670,28;3539,51;
FAVILLA GENTIL NETO;SAO SEBASTIAO DO UATUMA;ENGENHEIRO AGRONOMO;GERENTE AD/2; ESTATUTARIO;10309,67;;10309,67;2531,66;7778,01;
FERNANDO BATISTA DA SILVA;DIRETORIA ADMINIST.FINANCEIRA;AUXILIAR DE SERVICOS GERAIS;; ESTATUTARIO;2259,68;;2259,68;137,85;2121,83;
FRANCIOMAR DA ROCHA COSTA;DIRETORIA ADMINIST.FINANCEIRA;OPERADOR GRAFICO;; ESTATUTARIO;3895,81;;3895,81;293,04;3602,77;
FRANCISCA DAS CHAGAS DA S FARIAS;ENVIRA;GERENTE AD-2;; CARGO COMISSION.S/VINCULO;4209,79;;4209,79;613,40;3596,39;
FRANCISCO ALDENEI FERREIRA PICANCO;PARINTINS;MOTORISTA;; ESTATUTARIO;2867,59;;2867,59;211,79;2655,80;
FRANCISCO DA SILVA DANTAS;CODAJAS;GERENTE AD-2;GERENTE AD-2; CARGO COMISSION.S/VINCULO;4209,79;;4209,79;613,40;3596,39;
FRANCISCO DE ASSIS BRANDAO CARLOS;DIRETORIA ADMINIST.FINANCEIRA;ASSISTENTE TECNICO;; ESTATUTARIO;2530,31;;2530,31;232,69;2297,62;
FRANCISCO EDUARDO DE MORAIS;LABREA;TECNICO EM AGROPECUARIA;; ESTATUTARIO;4355,41;;4355,41;429,29;3926,12;
FRANCISCO HELIO DE MEDEIROS;COARI;TECNICO DE NIVEL SUPERIOR;GERENTE AD-2; ESTATUTARIO;7010,48;;7010,48;1386,06;5624,42;
FRANCISCO LIMA DA SILVA;MANAQUIRI;TECNICO EM AGROPECUARIA;; ESTATUTARIO;4631,54;;4631,54;617,63;4013,91;
FRANCISCO LUZIVAM FURTADO DA SILVA;AMATURA;GERENTE AD-2;; CARGO COMISSION.S/VINCULO;4209,79;;4209,79;670,28;3539,51;
FRANCISCO MACEDO DE O FILHO;DIRETORIA DE FOMENTO;TECNICO EM AGROPECUARIA;; ESTATUTARIO;2897,98;;2897,98;300,74;2597,24;
FRANCISCO OSMAR LINHARES;RIO PRETO DA EVA;ENGENHEIRO AGRONOMO;; ESTATUTARIO;9433,07;;9433,07;2291,78;7141,29;
FRANK LUIZ DE LIMA GADELHA;MAUES;GERENTE AD-2;GERENTE AD-2; CARGO COMISSION.S/VINCULO;4209,79;;4209,79;641,84;3567,95;
FRANKLANIO DUARTE FERREIRA;TAPAUA;GERENTE AD-2;GERENTE AD-2; CARGO COMISSION.S/VINCULO;5613,05;;5613,05;1013,03;4600,02;
GEORGE MARIO GRIJO DA SILVA;ANORI;TECNICO EM AGROPECUARIA;; ESTATUTARIO;4631,54;;4631,54;429,88;4201,66;
GERALDO DE CARVALHO SILVA;PARINTINS;TECNICO EM AGROPECUARIA;; ESTATUTARIO;2829,31;;2829,31;252,71;2576,60;
GERALDO DOS SANTOS REIS CONCEICAO;DIRETORIA DE FOMENTO;ENGENHEIRO AGRONOMO;; ESTATUTARIO;9048,18;;9048,18;2264,57;6783,61;
GERARDO HONORIO DE BRITO;NOVA OLINDA DO NORTE;AUXILIAR DE SERVICOS GERAIS;; ESTATUTARIO;1753,12;;1753,12;137,84;1615,28;
GERMIRO JOSE GOMES DAMIAO;DIR.DE ASSIST.TEC.E EXT.RURAL;AUX.O-III;; ESTATUTARIO;1407,04;;1407,04;130,19;1276,85;
GILBERTO DO NASCIMENTO RODRIGUES;MANICORE;VIGIA;; ESTATUTARIO;1779,52;;1779,52;137,84;1641,68;
GILCIANE PLACIDO BRAULE;BARCELOS;GERENTE AD-2;GERENTE AD-2; CARGO COMISSION.S/VINCULO;4209,79;;4209,79;670,28;3539,51;
GISELY DA SILVA MELO;LABREA;GERENTE AD-2;; CARGO COMISSION.S/VINCULO;4209,79;;4209,79;641,84;3567,95;
HELENIO ARAUJO FIGUEIREDO;DIR.DE ASSIST.TEC.E EXT.RURAL;TECNICO EM AGROPECUARIA;CH.DEPARTAMENTO AD/1; ESTATUTARIO;6082,01;;6082,01;926,21;5155,80;
HELISON RAMOS SAMPAIO;JUTAI;GERENTE AD-2;GERENTE AD-2; CARGO COMISSION.S/VINCULO;5613,05;;5613,05;1115,35;4497,70;
HELTON FARIAS DA SILVA;AUTAZES;TECNICO EM AGROPECUARIA;; ESTATUTARIO;2691,57;;2691,57;268,41;2423,16;
HUGO STENIO GAMA DOS SANTOS;DIR.DE ASSIST.TEC.E EXT.RURAL;TECNICO EM AGROPECUARIA;GERENTE AD/2; ESTATUTARIO;4964,68;;4964,68;619,17;4345,51;
ILZINALDO CARVALHO GUIMARAES FILHO;DIRETORIA DE FOMENTO;TECNICO EM AGROPECUARIA;; ESTATUTARIO;3135,54;;3135,54;330,77;2804,77;
ISVALDO LIMA DA SILVA;IRANDUBA;TECNICO EM AGROPECUARIA;; ESTATUTARIO;3388,10;;3388,10;360,75;3027,35;
IVAN PONCE DE LEAO;DIRETORIA ADMINIST.FINANCEIRA;AGENTE ADMINISTRATIVO;; ESTATUTARIO;2617,90;;2617,90;274,33;2343,57;
IVANEIDE MUNIZ DOS SANTOS;DIRETORIA DE FOMENTO;AUX.S.G-III;; ESTATUTARIO;1605,81;;1605,81;127,30;1478,51;
IVO ROBERTO PEREIRA DOS SANTOS;DIR.DE ASSIST.TEC.E EXT.RURAL;TECNICO EM AGROPECUARIA;; ESTATUTARIO;2564,47;;2564,47;243,45;2321,02;
JACINTA MOREIRA COELHO;PROCURADORIA JURIDICA;EXTENSIONISTA SOCIAL;GERENTE AD/2; ESTATUTARIO;5205,54;;5205,54;750,60;4454,94;
JAGUANHARA DE ANDRADE LOPES;DIR.DE ASSIST.TEC.E EXT.RURAL;ENGENHEIRO AGRONOMO;; ESTATUTARIO;8846,14;;8846,14;2076,17;6769,97;
JAIME GATENHA FERREIRA FILHO;VILA RICA DE CAVIANA;ASSESSOR III AD-3;ASSESSOR III AD-3; CARGO COMISSION.S/VINCULO;3191,80;;3191,80;422,40;2769,40;
JAIME VITOR DOS SANTOS;DIR.DE ASSIST.TEC.E EXT.RURAL;TECNICO EM AGROPECUARIA;GERENTE AD/2; ESTATUTARIO;5026,71;;5026,71;684,32;4342,39;
JALPERY VIANA DE SOUZA;DIRETORIA DE FOMENTO;ASSISTENTE TECNICO;; ESTATUTARIO;2756,59;;2756,59;271,48;2485,11;
JAMILSON PAULO BARROS LARAY;RIO PRETO DA EVA;TECNICO EM AGROPECUARIA;; ESTATUTARIO;3055,17;;3055,17;310,64;2744,53;
JANDER DE JESUS FONSECA DA SILVA;SAO GABRIEL DA CACHOEIRA;A.TEC-III;GERENTE AD/2; ESTATUTARIO;5271,54;;5271,54;624,74;4646,80;
JANIO FERREIRA FRANCO DE AMORIM;TABATINGA;TECNICO EM AGROPECUARIA;; ESTATUTARIO;2787,51;;2787,51;281,03;2506,48;
JEAN BARROS FERREIRA;DIR.DE ASSIST.TEC.E EXT.RURAL;TECNICO EM AGROPECUARIA;; ESTATUTARIO;3753,11;;3753,11;348,06;3405,05;
JEAN FRANK CAVALCANTE MAGALHAES;ANORI;TECNICO EM AGROPECUARIA;GERENTE AD-2; ESTATUTARIO;5825,54;;5825,54;613,57;5211,97;
JOÃO MEDEIROS CAMPELO;GABINETE;DIRETOR PRESIDENTE;; CARGO COMISSION.S/VINCULO;10530,00;;10530,00;2467,51;8062,49;
JOAO ALMEIDA DE OLIVEIRA;ITACOATIARA;ASSISTENTE TECNICO;; ESTATUTARIO;3014,67;;3014,67;308,83;2705,84;
JOAO BATISTA GOMES DO NASCIMENTO;CANUTAMA;GERENTE AD-2;; CARGO COMISSION.S/VINCULO;4209,79;;4209,79;584,96;3624,83;
JOAO BOSCO ALVES DE SIQUEIRA;DIR.DE ASSIST.TEC.E EXT.RURAL;ENGENHEIRO DE PESCA;ENGENHEIRO DE PESCA; ESTATUTARIO;9660,21;;9660,21;2407,76;7252,45;
JOAO BOSCO ANDRE GORDIANO;DIR.DE ASSIST.TEC.E EXT.RURAL;TECNICO EM AGROPECUARIA;; ESTATUTARIO;2482,85;;2482,85;273,11;2209,74;
JOAO CLAUDIR DA SILVA LEITAO;IRANDUBA;TECNICO EM AGROPECUARIA;; ESTATUTARIO;2970,54;;2970,54;318,40;2652,14;
JOAO DELMO REIS DE OLIVEIRA;MANACAPURU;VIGIA-III;; ESTATUTARIO;1915,69;;1915,69;154,24;1761,45;
JOAO EVANGELISTA DE FARIAS;BOCA DO ACRE;ASSISTENTE TECNICO;; ESTATUTARIO;2983,82;;2983,82;305,25;2678,57;
JOAO HILARIO BORGES DE BASTOS;MATUPI;GERENTE AD-2;GERENTE AD2; CARGO COMISSION.S/VINCULO;4209,79;;4209,79;584,96;3624,83;
JOAO NESTOR DE SOUZA HAGE;ITACOATIARA;TECNICO EM AGROPECUARIA;GERENTE AD-2; ESTATUTARIO;5938,15;;5938,15;782,42;5155,73;
JOAQUIM FONSECA DE LIMA;LABREA;CAPATAZ;; ESTATUTARIO;2919,08;;2919,08;283,31;2635,77;
JONILSON DE SOUZA AZEVEDO;MANAQUIRI;TECNICO EM AGROPECUARIA;; ESTATUTARIO;3644,27;;3644,27;279,07;3365,20;
JORGE ANTONIO FERREIRA CARVALHO;CARAUARI;TECNICO EM AGROPECUARIA;; ESTATUTARIO;2961,77;;2961,77;232,22;2729,55;
JORGE AUGUSTO REIS MONTEIRO;DIRETORIA DE FOMENTO;TECNICO EM AGROPECUARIA;; ESTATUTARIO;4180,72;;4180,72;516,19;3664,53;
JOSAFA NOVAIS MACEDO;VILA EXTREMA - LABREA;GERENTE AD-2;GERENTE AD/2; CARGO COMISSION.S/VINCULO;4209,79;;4209,79;488,37;3721,42;
JOSE ALEXANDRE MESQUITA LIMA;BOCA DO ACRE;GERENTE AD-2;GERENTE AD-2; CARGO COMISSION.S/VINCULO;5613,05;;5613,05;1115,35;4497,70;
JOSE ALFREDO FELICIANO DA SILVA;ENVIRA;ASSISTENTE TECNICO;; ESTATUTARIO;2549,03;;2549,03;242,64;2306,39;
JOSE ARIMATEIA SIMOES;URUCARA;TECNICO EM AGROPECUARIA;GERENTE AD-2; ESTATUTARIO;5630,20;;5630,20;749,52;4880,68;
JOSE ARTEMIS RODRIGUES MONTECONRADO;ITAMARATI;TECNICO EM AGROPECUARIA;GERENTE AD-2; ESTATUTARIO;5825,54;;5825,54;273,11;5552,43;
JOSE BARROSO SALVIANO;DIRETORIA DE FOMENTO;AGENTE ADMINISTRATIVO;; ESTATUTARIO;2202,80;;2202,80;235,77;1967,03;
JOSE CARLOS OLIVEIRA DE MENDONCA;DIRETORIA ADMINIST.FINANCEIRA;A.TEC-III;; ESTATUTARIO;3294,98;;3294,98;288,62;3006,36;
JOSE CLAUDIO CAMPOS DO NASCIMENTO;SANTA IZABEL DO RIO NEGRO;AUX.DE SERV.GERAIS PNF.ASG-III;GERENTE AD2; ESTATUTARIO;5011,00;;5011,00;492,22;4518,78;
JOSE COELHO DAVILA;TABATINGA;TECNICO EM CONTABILIDADE;; ESTATUTARIO;2455,45;;2455,45;215,10;2240,35;
JOSE DE OLIVEIRA NEVES;SILVES;MOTORISTA;; ESTATUTARIO;1989,97;;1989,97;163,90;1826,07;
JOSE DE OLIVEIRA RAMOS;PARINTINS;ASSISTENTE TECNICO;; ESTATUTARIO;2754,07;;2754,07;259,98;2494,09;
JOSE DE OLIVEIRA RIBEIRO;PROCURADORIA JURIDICA;TECNICO EM AGROPECUARIA;; ESTATUTARIO;2467,71;;2467,71;257,68;2210,03;
JOSE EONE DE SOUZA MONTEFUSCO;DIRETORIA ADMINIST.FINANCEIRA;TNS-III;; ESTATUTARIO;4857,37;;4857,37;744,50;4112,87;
JOSE ERISON GOES CASTRO;BARREIRINHA;MOTORISTA FLUVIAL;; ESTATUTARIO;1882,50;;1882,50;127,30;1755,20;
JOSE LIRA DO NASCIMENTO;CARAUARI;MOTORISTA;; ESTATUTARIO;2141,83;;2141,83;180,60;1961,23;
JOSE LUIS ANDRADE PINTO;BOA VISTA DO RAMOS;MOTORISTA;; ESTATUTARIO;1961,09;;1961,09;160,72;1800,37;
JOSE MARIA CAZUZA DA SILVA;DIRETORIA DE FOMENTO;VIGIA;; ESTATUTARIO;1513,46;;1513,46;138,99;1374,47;
JOSE MARIA DE MATOS;COARI;TECNICO EM AGROPECUARIA;; ESTATUTARIO;3138,20;;3138,20;324,61;2813,59;
JOSE MARIA FERREIRA;IRANDUBA;TECNICO EM AGROPECUARIA;; ESTATUTARIO;5617,39;;5617,39;799,02;4818,37;
JOSE MARIA FRADE JUNIOR;RIO PRETO DA EVA;ENGENHEIRO AGRONOMO;GERENTE AD/2; ESTATUTARIO;10837,50;;10837,50;2771,04;8066,46;
JOSE MARIA RAMOS DE SOUZA;DIRETORIA ADMINIST.FINANCEIRA;TECNICO EM AGROPECUARIA;; ESTATUTARIO;3362,25;;3362,25;359,51;3002,74;
JOSE MILTON BARBOSA FILHO;DIR.DE ASSIST.TEC.E EXT.RURAL;ENGENHEIRO AGRONOMO;; ESTATUTARIO;10355,18;;10355,18;2650,16;7705,02;
JOSE NORTINO NUNES MEDEIROS;DIR.DE ASSIST.TEC.E EXT.RURAL;T.AG-III;; ESTATUTARIO;3012,52;;3012,52;282,96;2729,56;
JOSE RAIMUNDO MARINHO GARCIA;DIRETORIA DE FOMENTO;AUXILIAR DE SERVICOS GERAIS;; ESTATUTARIO;1476,62;;1476,62;137,84;1338,78;
JOSE RAIMUNDO NORONHA CALACINA;BOCA DO ACRE;MOTORISTA;; ESTATUTARIO;2134,05;;2134,05;179,75;1954,30;
JOSE RAMONILSON DE SOUZA GOMES;DIR.DE ASSIST.TEC.E EXT.RURAL;ENGENHEIRO AGRONOMO;; ESTATUTARIO;5778,92;;5778,92;1343,20;4435,72;
JOSE RICARDO GONCALVES MACIEL;NOVO ARIPUANA;TECNICO EM AGROPECUARIA;; ESTATUTARIO;5666,59;;5666,59;804,39;4862,20;
JOSE TARCISIO DA SILVA E SOUSA;BORBA;TECNICO EM AGROPECUARIA;; ESTATUTARIO;4391,97;;4391,97;496,86;3895,11;
JOSE VASCONCELOS DE FARIAS NETO;CAREIRO DA VARZEA;TECNICO EM AGROPECUARIA;GERENTE AD/2; ESTATUTARIO;5631,87;;5631,87;802,57;4829,30;
JOSINALDO BEZERRA PACHECO;CAREIRO DA VARZEA;TECNICO EM AGROPECUARIA;; ESTATUTARIO;2803,68;;2803,68;251,33;2552,35;
JULIA SANTOS DE SEIXAS;DIR.DE ASSIST.TEC.E EXT.RURAL;A.TEC-III;; ESTATUTARIO;2544,19;;2544,19;243,19;2301,00;
JULIO CESAR DE LIMA GOES;SILVES;TECNICO EM AGROPECUARIA;; ESTATUTARIO;4260,22;;4260,22;373,85;3886,37;
JUNEVAL PINHEIRO CARDOSO;PARINTINS;TECNICO EM AGROPECUARIA;; ESTATUTARIO;2785,85;;2785,85;294,78;2491,07;
LAURO DE MEDEIROS MARTINS;BARREIRINHA;AUXILIAR DE SERVICOS GERAIS;; ESTATUTARIO;1807,96;;1807,96;143,88;1664,08;
LAZARO MONTEIRO REIS;DIR.DE ASSIST.TEC.E EXT.RURAL;TECNICO EM AGROPECUARIA;GERENTE AD/2; ESTATUTARIO;6885,16;;6885,16;1042,07;5843,09;
LENA GUIOMAR CAVALCANTE F BARBOSA;PROCURADORIA JURIDICA;GERENTE AD-2;GERENTE AD-2; CARGO COMISSION.S/VINCULO;4209,79;;4209,79;641,84;3567,95;
LICURGO MALHEIROS RODRIGUES;URUCARA;ASSISTENTE TECNICO;; ESTATUTARIO;3257,03;;3257,03;310,55;2946,48;
LOURIVALDO NASCIMENTO BARROS;BORBA;TECNICO EM AGROPECUARIA;; ESTATUTARIO;4631,54;;4631,54;532,31;4099,23;
LUCIANA MARIA ARAUJO DE OLIVEIRA;DIRETORIA ADMINIST.FINANCEIRA;GERENTE AD-2;GERENTE AD-2; CARGO COMISSION.S/VINCULO;4209,79;;4209,79;670,28;3539,51;
LUCIANO LOBO PINHEIRO VAZ;NOVO REMANSO;GERENTE AD-2;GERENTE AD-2; CARGO COMISSION.S/VINCULO;4209,79;;4209,79;641,84;3567,95;
LUCIO EMILIO DE MATOS VIANA;DIRETORIA ADMINIST.FINANCEIRA;CHEFE DE DEPARTAMENTO AD-1;CHEFE DE DEPTO. AD-1; CARGO COMISSION.S/VINCULO;5229,77;;5229,77;986,40;4243,37;
LUCIVALDO RIBEIRO PEREIRA;PARINTINS;ENGENHEIRO DE PESCA;; ESTATUTARIO;11094,00;;11094,00;2914,18;8179,82;
LUIS ANTONIO DA SILVA CRISTO;MANAQUIRI;MOTORISTA;; ESTATUTARIO;2792,03;;2792,03;181,34;2610,69;
LUIZ ALBERTO LIRA DA CRUZ;DIR.DE ASSIST.TEC.E EXT.RURAL;TECNICO EM AGROPECUARIA;; ESTATUTARIO;3936,20;;3936,20;444,31;3491,89;
LUIZ ALDINEY ALVES DE OLIVEIRA;PRESIDENTE FIGUEIREDO;TECNICO EM AGROPECUARIA;GERENTE AD-2; ESTATUTARIO;5825,54;;5825,54;656,23;5169,31;
LUIZ ANTONIO NASCIMENTO;DIR.DE ASSIST.TEC.E EXT.RURAL;TECNICO EM AGROPECUARIA;; ESTATUTARIO;3759,77;;3759,77;378,11;3381,66;
LUIZ CARLOS DO HERVAL FILHO;DIR.DE ASSIST.TEC.E EXT.RURAL;DIRETOR DE ASSISTENCIA TECNICA;DIR.DE ASSIS.TECNICA; ESTATUTARIO;6615,48;;6615,48;1656,08;4959,40;
LUIZ EUCLIDES PESSOA SOUZA;NHAMUNDA;TECNICO EM AGROPECUARIA;GERENTE AD-2; ESTATUTARIO;5361,61;;5361,61;661,82;4699,79;
LUIZ NUNES DIAS;ENVIRA;TECNICO EM AGROPECUARIA;; ESTATUTARIO;2982,85;;2982,85;273,11;2709,74;
LUIZ ROBERTO PEREIRA DA COSTA;BOA VISTA DO RAMOS;TECNICO EM AGROPECUARIA;; ESTATUTARIO;2829,31;;2829,31;252,71;2576,60;
LUIZ ROCHA MACIEL;DIR.DE ASSIST.TEC.E EXT.RURAL;GERENTE AD-2;; CARGO COMISSION.S/VINCULO;4209,79;;4209,79;641,84;3567,95;
LUIZ VANDERLEI NEVES AZEVEDO;PAUINI;TECNICO EM AGROPECUARIA;; ESTATUTARIO;2970,54;;2970,54;304,18;2666,36;
LUIZA IREIDE BEZERRA SOUZA;GABINETE;A.TEC-III;; ESTATUTARIO;2297,03;;2297,03;207,02;2090,01;
LUZIANE CRISTINE SIQUEIRA TAVARES;DIRETORIA ADMINIST.FINANCEIRA;ASSISTENTE TECNICO;; ESTATUTARIO;2455,14;;2455,14;234,70;2220,44;
MAEWE XAVIER DA CRUZ;FONTE BOA;GERENTE AD-2;; CARGO COMISSION.S/VINCULO;4209,79;;4209,79;670,28;3539,51;
MALVINO SALVADOR;DIR.DE ASSIST.TEC.E EXT.RURAL;DIRETOR DE ASSIST.TEC.EXT.FLORESTAL;; CARGO COMISSION.S/VINCULO;9000,00;;9000,00;2046,76;6953,24;
MANOEL LIBORIO DA COSTA FILHO;URUCARA;ASSISTENTE TECNICO;; ESTATUTARIO;2993,21;;2993,21;306,88;2686,33;
MANOEL PEREIRA DA SILVA;UARINI;TECNICO EM AGROPECUARIA;; ESTATUTARIO;4631,54;;4631,54;458,32;4173,22;
MARCAM ZIK UCHOA;GABINETE;TNS-III;CHEFE DE GABINETE; ESTATUTARIO;1912,77;;1912,77;412,56;1500,21;
MARCELO FRANCA GADELHA;ITACOATIARA;TECNICO EM AGROPECUARIA;; ESTATUTARIO;2982,85;;2982,85;319,32;2663,53;
MARCILIO PASCHOALINO;DIRETORIA DE FOMENTO;ENGENHEIRO AGRONOMO;; ESTATUTARIO;10139,95;;10139,95;1698,86;8441,09;
MARCOS ANTONIO CERQUEIRA;DIR.DE ASSIST.TEC.E EXT.RURAL;ENGENHEIRO DE PESCA;; ESTATUTARIO;11695,24;;11695,24;2317,34;9377,90;
MARCOS ANTONIO DE SOUZA;NOVO AIRAO;GERENTE AD-2;; CARGO COMISSION.S/VINCULO;4209,79;;4209,79;670,28;3539,51;
MARGARETH NASCIMENTO BARROS;ITACOATIARA;EXTENSIONISTA SOCIAL;; ESTATUTARIO;2683,57;;2683,57;249,36;2434,21;
MARIA AMELIA CENA ARROJAVE;DIRETORIA ADMINIST.FINANCEIRA;COZINHEIRO;; ESTATUTARIO;1603,02;;1603,02;151,75;1451,27;
MARIA AUXILIADORA RIBEIRO;BORBA;ASSISTENTE TECNICO;; ESTATUTARIO;2920,22;;2920,22;281,89;2638,33;
MARIA BARBARA DE SOUZA MAGALHAES;PARINTINS;AUXILIAR TECNICO;; ESTATUTARIO;2589,06;;2589,06;242,87;2346,19;
MARIA DAS GRACAS BARBOSA DA SILVA;DIRETORIA ADMINIST.FINANCEIRA;TNS-III;CHEFE DE DEPARTAMENT; ESTATUTARIO;7021,97;;7021,97;1352,72;5669,25;
MARIA DAS GRACAS MACHADO LOPES;DIRETORIA DE FOMENTO;EXTENSIONISTA SOCIAL MEDIO;; ESTATUTARIO;2845,04;;2845,04;276,06;2568,98;
MARIA DE LOURDES DE SOUZA;APUI;AUXILIAR DE SERVICOS GERAIS;; ESTATUTARIO;1869,60;;1869,60;142,57;1727,03;
MARIA DELZILENE VIEIRA DA COSTA;EIRUNEPE;ASSISTENTE TECNICO;; ESTATUTARIO;2651,17;;2651,17;274,52;2376,65;
MARIA DO SOCORRO FERNANDES DA SILVA;DIR.DE ASSIST.TEC.E EXT.RURAL;TECNICO EM CONTABILIDADE;; ESTATUTARIO;3575,04;;3575,04;379,33;3195,71;
MARIA EULINA BATALHA DOS ANJOS;URUCARA;ASSISTENTE TECNICO;; ESTATUTARIO;2615,40;;2615,40;268,59;2346,81;
MARIA HELENA DA COSTA RODRIGUES;DIR.DE ASSIST.TEC.E EXT.RURAL;EXTENSIONISTA RURAL SUPERIOR;EXTENS RURAL SUPERIO; ESTATUTARIO;4935,99;;4935,99;895,26;4040,73;
MARIA JOSE DE MELO ANDREOLA;DIRETORIA ADMINIST.FINANCEIRA;AGENTE ADMINISTRATIVO;GERENTE AD/2; ESTATUTARIO;4882,83;;4882,83;545,63;4337,20;
MARIA JOSE MENDONCA DE OLIVEIRA;SAO PAULO DE OLIVENCA;GERENTE AD-2;GERENTE AD-2; CARGO COMISSION.S/VINCULO;4209,79;;4209,79;641,84;3567,95;
MARIA LUCINEIDE DA SILVA SANTOS;DIRETORIA ADMINIST.FINANCEIRA;A.TEC-III;GERENTE AD/2; ESTATUTARIO;5267,73;;5267,73;741,09;4526,64;
MARIA NAZARE SOUZA MARTINS;PARINTINS;ASSISTENTE TECNICO 3A CLASSE;ASSISTENTE TECNICO; ESTATUTARIO;2629,80;;2629,80;270,82;2358,98;
MARILDO XIMENDES DA SILVA;BERURI;TECNICO EM AGROPECUARIA;; ESTATUTARIO;4631,54;;4631,54;532,31;4099,23;
MARINEZIO PESSOA DE SOUZA;NHAMUNDA;TECNICO EM AGROPECUARIA;; ESTATUTARIO;2951,88;;2951,88;292,39;2659,49;
MARIO FRANCISCO CALDAS ONO;DIR.DE ASSIST.TEC.E EXT.RURAL;TECNICO EM AGROPECUARIA;; ESTATUTARIO;4131,54;;4131,54;468,64;3662,90;
MARIO JORGE MACEDO CORREIA;DIRETORIA ADMINIST.FINANCEIRA;A.TEC-III;; ESTATUTARIO;2305,77;;2305,77;207,99;2097,78;
MARIO REGIS SOARES GOMES;TABATINGA;TECNICO AGRICOLA;; ESTATUTARIO;2428,85;;2428,85;212,17;2216,68;
MARISA DA COSTA BEZERRA;DIRETORIA ADMINIST.FINANCEIRA;ASSISTENTE TECNICO;; ESTATUTARIO;2927,01;;2927,01;301,13;2625,88;
MARIZA DA PAZ DANTAS RODRIGUES;CODAJAS;ASSISTENTE TECNICO 1A CLASSE;ASSISTENTE TECNICO; ESTATUTARIO;2740,67;;2740,67;286,87;2453,80;
MARLENE RAMOS REIS;COARI;ASSISTENTE TECNICO;; ESTATUTARIO;2544,54;;2544,54;224,90;2319,64;
MASAMI MIKI;DIRETORIA EXECUTIVA;DIRETOR PRESIDENTE;; CARGO COMISSION.S/VINCULO;4420,00;;4420,00;;4420,00;
MAURICIO BORGES;AUTAZES;TECNICO EM AGROPECUARIA;GERENTE AD/2; ESTATUTARIO;5867,38;;5867,38;867,33;5000,05;
MICHELE DOS SANTOS PEREIRA;GABINETE;ASSESSOR III AD-3;; CARGO COMISSION.S/VINCULO;3191,80;;3191,80;422,40;2769,40;
MIRTA DOS SANTOS PONTES;PRESIDENTE FIGUEIREDO;ASSISTENTE TECNICO;; ESTATUTARIO;2731,19;;2731,19;285,41;2445,78;
MOACIR ALVES MARAES;DIR.DE ASSIST.TEC.E EXT.RURAL;AUXILIAR DE SERVICOS GERAIS;; ESTATUTARIO;1476,62;;1476,62;137,84;1338,78;
NADIELE PEREIRA PACHECO;DEPATO.DE ASSIST.TEC.EXT.RURAL;CHEFE DE DEPARTAMENTO AD-1;; CARGO COMISSION.S/VINCULO;5229,77;;5229,77;986,40;4243,37;
NEDER DE SOUZA FALCAO;IRANDUBA;TECNICO EM AGROPECUARIA;; ESTATUTARIO;2970,54;;2970,54;289,96;2680,58;
NEILA DOS SANTOS CARDOSO DUARTE;CAREIRO DA VARZEA;ASSISTENTE TECNICO;; ESTATUTARIO;2628,75;;2628,75;256,23;2372,52;
NELCYRLANE ALCANTARA CASCAES;MANAQUIRI;TECNICO EM AGROPECUARIA;; ESTATUTARIO;3977,13;;3977,13;473,91;3503,22;
NELIO DE OLIVEIRA SENA;RIO PRETO DA EVA;TECNICO EM AGROPECUARIA;; ESTATUTARIO;4631,54;;4631,54;532,31;4099,23;
NELSON FELIPE DE ALBUQUERQUE L NETO;DIR.DE ASSIST.TEC.E EXT.RURAL;GERENTE AD-2;; CARGO COMISSION.S/VINCULO;4209,79;;4209,79;670,28;3539,51;
NESTOR RIBEIRO NETO;TONANTINS;TECNICO EM AGROPECUARIA;; ESTATUTARIO;4631,54;;4631,54;617,63;4013,91;
NEUDA MARIA DE LIMA;DIRETORIA DE FOMENTO;TECNICO EM CONTABILIDADE;; ESTATUTARIO;2421,24;;2421,24;255,97;2165,27;
NEY DE FREITAS ASSIS;BOCA DO ACRE;TECNICO EM AGROPECUARIA;; ESTATUTARIO;4727,21;;4727,21;575,62;4151,59;
NILZOMAR FERREIRA BARBOSA;PARINTINS;TECNICO EM AGROPECUARIA;; ESTATUTARIO;3775,00;;3775,00;256,16;3518,84;
NONATO RAIMUNDO GOMES DE ALMEIDA;EIRUNEPE;VIGIA;; ESTATUTARIO;1833,85;;1833,85;143,82;1690,03;
OCTACILIO JOSE PESSOA FERREIRA NETO;PARINTINS;MEDICO VETERINARIO;; ESTATUTARIO;5811,42;;5811,42;915,46;4895,96;
OFIR DE SOUZA HAGE;DIRETORIA DE FOMENTO;TECNICO EM AGROPECUARIA;GERENTE AD/2; ESTATUTARIO;5136,84;;5136,84;622,80;4514,04;
OMESIAS MACEDO DOS SANTOS;URUCARA;TECNICO EM AGROPECUARIA;; ESTATUTARIO;2704,48;;2704,48;270,12;2434,36;
ORDIVAL LEITE RUBIM FILHO;DIRETORIA ADMINIST.FINANCEIRA;A.TEC-III;; ESTATUTARIO;1882,04;;1882,04;207,02;1675,02;
ORLANDO PEREIRA ANTUNES;BOA VISTA DO RAMOS;ASSISTENTE TECNICO;; ESTATUTARIO;2540,12;;2540,12;224,41;2315,71;
OSIMAR DA SILVA OLIVEIRA;AUTAZES;MED.V-III;; ESTATUTARIO;8795,68;;8795,68;1891,98;6903,70;
OSMAR DE SOUZA MENEZES;EIRUNEPE;ASSISTENTE TECNICO;; ESTATUTARIO;3878,99;;3878,99;402,03;3476,96;
OSMAR LIRA DE CARVALHO;DIRETORIA ADMINIST.FINANCEIRA;AUXILIAR DE SERVICOS GERAIS;; ESTATUTARIO;1476,62;;1476,62;137,84;1338,78;
OYAMA RODRIGUES PEDRACA;MANICORE;TECNICO EM AGROPECUARIA;; ESTATUTARIO;2805,33;;2805,33;284,02;2521,31;
OZEAS DE SOUSA LIMA;DIRETORIA DE FOMENTO;MEDICO VETERINARIO;; ESTATUTARIO;5193,17;;5193,17;812,56;4380,61;
OZENILDO OLIVEIRA MINEIRO;DIRETORIA DE FOMENTO;TECNICO EM AGROPECUARIA;; ESTATUTARIO;3135,54;;3135,54;316,55;2818,99;
PAULA TEIXEIRA VIEIRA;DIR.DE ASSIST.TEC.E EXT.RURAL;ASSESSOR III AD-3;ASSESSOR III; CARGO COMISSION.S/VINCULO;5674,24;;5674,24;;5674,24;
PAULO CESAR FERREIRA DA SILVA;ITAPIRANGA;GERENTE AD-2;GERENTE AD-2; CARGO COMISSION.S/VINCULO;4209,79;;4209,79;670,28;3539,51;
PAULO FERREIRA GALVAO;DIR.DE ASSIST.TEC.E EXT.RURAL;ENGENHEIRO CIVIL;; ESTATUTARIO;9566,28;;9566,28;2344,09;7222,19;
PAULO RAMOS ROLIM;DIR.DE ASSIST.TEC.E EXT.RURAL;ENGENHEIRO DE PESCA;; ESTATUTARIO;9618,81;;9618,81;2311,11;7307,70;
PAULO SERGIO FERREIRA DAMASO;ITACOATIARA;TECNICO EM AGROPECUARIA;; ESTATUTARIO;6177,40;;6177,40;1006,76;5170,64;
PAULO SOARES COSTA;MANAQUIRI;ENGENHEIRO AGRONOMO;GERENTE AD/2; ESTATUTARIO;10456,65;;10456,65;2574,59;7882,06;
PEDRO CASTRO DA SILVA;URUCARA;AUXILIAR TECNICO;; ESTATUTARIO;2446,34;;2446,34;214,10;2232,24;
PEDRO CHAVES DA SILVA;DIR.DE ASSIST.TEC.E EXT.RURAL;GERENTE AD-2;; CARGO COMISSION.S/VINCULO;5613,05;;5613,05;1115,35;4497,70;
PEDRO CORREA DA SILVA;DIRETORIA ADMINIST.FINANCEIRA;TECNICO EM CONTABILIDADE;GERENTE AD/2; ESTATUTARIO;5454,03;;5454,03;694,26;4759,77;
PEDRO HAMILTON MARQUES DE OLIVEIRA;ENVIRA;TECNICO EM AGROPECUARIA;; ESTATUTARIO;2982,85;;2982,85;273,11;2709,74;
PERPETUO SOCORRO DE OLIVEIRA LOPES;PARINTINS;TECNICO EM CONTABILIDADE;; ESTATUTARIO;3051,09;;3051,09;310,70;2740,39;
PHILLIPE GABRIEL BRANDAO;CAREIRO;GERENTE AD-2;GERENTE AD-2; CARGO COMISSION.S/VINCULO;4209,79;;4209,79;641,84;3567,95;
PLACIDO DA SILVA RAMOS FILHO;MANACAPURU;ENGENHEIRO AGRONOMO;; ESTATUTARIO;9255,71;;9255,71;1910,37;7345,34;
RAFAEL NILTON PELIZZERI;APUI;GERENTE AD-2;; CARGO COMISSION.S/VINCULO;4209,79;;4209,79;670,28;3539,51;
RAIMUNDA GONCALVES DA CUNHA;CAREIRO;AGENTE ADMINISTRATIVO;; ESTATUTARIO;2510,41;;2510,41;244,75;2265,66;
RAIMUNDA MARIA RODRIGUES DA SILVA;DIRETORIA DE FOMENTO;A.TEC-III;; ESTATUTARIO;2716,41;;2716,41;252,42;2463,99;
RAIMUNDO BARROS DE MOURA;LABREA;VIGIA;; ESTATUTARIO;1869,62;;1869,62;147,75;1721,87;
RAIMUNDO DA SILVA QUEIROZ;CODAJAS;MOTORISTA;; ESTATUTARIO;1961,09;;1961,09;160,72;1800,37;
RAIMUNDO GERSON SOUZA DA COSTA;DIRETORIA DE FOMENTO;ENGENHEIRO FLORESTAL;; ESTATUTARIO;14231,72;;14231,72;4066,44;10165,28;
RAIMUNDO MACIEL DE OLIVEIRA;DIRETORIA DE FOMENTO;MOTORISTA DE AUTOS;; ESTATUTARIO;2459,83;;2459,83;193,97;2265,86;
RAIMUNDO MENDES LEAL FILHO;MAUES;TECNICO EM AGROPECUARIA;; ESTATUTARIO;2982,85;;2982,85;333,54;2649,31;
RAIMUNDO NONATO DE LIMA LYRA;DIRETORIA ADMINIST.FINANCEIRA;ASSISTENTE TECNICO;; ESTATUTARIO;3012,52;;3012,52;276,42;2736,10;
RAIMUNDO NONATO RIBEIRO AMBROSIO;CAREIRO;AUX.O-III;; ESTATUTARIO;1683,54;;1683,54;130,19;1553,35;
RAIMUNDO OBERTO CASCAES;MANAQUIRI;MOTORISTA;; ESTATUTARIO;2313,80;;2313,80;179,75;2134,05;
RAIMUNDO OSCAR VIEIRA DE OLIVEIRA;PARINTINS;TECNICO EM AGROPECUARIA;; ESTATUTARIO;2743,49;;2743,49;276,01;2467,48;
RAIMUNDO PASCOAL DO ROSARIO;ITACOATIARA;MOTORISTA;; ESTATUTARIO;2854,48;;2854,48;224,02;2630,46;
RAIMUNDO PEREIRA AMORIM;DIR.DE ASSIST.TEC.E EXT.RURAL;TECNICO EM AGROPECUARIA;; ESTATUTARIO;3943,28;;3943,28;361,01;3582,27;
RAIMUNDO TUFI VIANA DE ALMEIDA;FONTE BOA;MOTORISTA;; ESTATUTARIO;2064,96;;2064,96;172,15;1892,81;
RAIMUNDO VIEIRA DA SILVA;DIR.DE ASSIST.TEC.E EXT.RURAL;PEDAGOGO;; ESTATUTARIO;5781,27;;5781,27;932,79;4848,48;
RAIMUNDO ZOROASTRO N BRANDAO;TABATINGA;TECNICO AGRICOLA;GERENTE AD/2; ESTATUTARIO;5271,54;;5271,54;629,86;4641,68;
REDINE CLAUDIO XAVIER;ENVIRA;TECNICO EM AGROPECUARIA;; ESTATUTARIO;4400,00;;4400,00;340,19;4059,81;
REGIMARA ALVES PAULO;DIRETORIA ADMINIST.FINANCEIRA;AGENTE ADMINISTRATIVO;GERENTE AD/2; ESTATUTARIO;4950,08;;4950,08;609,15;4340,93;
REGINALDO DA SILVA LIMA;MANACAPURU;GERENTE AD-2;; CARGO COMISSION.S/VINCULO;4209,79;;4209,79;670,28;3539,51;
REMILDO RIBEIRO FREIRE;PAUINI;GERENTE AD-2;GERENTE AD-2; CARGO COMISSION.S/VINCULO;4209,79;;4209,79;670,28;3539,51;
RENATO ALVES DE ARAUJO;ITACOATIARA;AUX.O-III;; ESTATUTARIO;1893,45;;1893,45;153,28;1740,17;
RENATO MARQUES DO NASCIMENTO;DIRETORIA ADMINIST.FINANCEIRA;AUXILIAR DE SERVICOS GERAIS;; ESTATUTARIO;1476,62;;1476,62;137,84;1338,78;
RENATO PALMA DE LIMA;BORBA;ASSISTENTE TECNICO;; ESTATUTARIO;3151,64;;3151,64;319,74;2831,90;
RICKSON DA CRUZ VALENTE;PARINTINS;TECNICO EM AGROPECUARIA;; ESTATUTARIO;3451,92;;3451,92;331,02;3120,90;
RITA CELIA DE SIQUEIRA C ARAUJO;DIR.DE ASSIST.TEC.E EXT.RURAL;TNS-III;; ESTATUTARIO;4612,76;;4612,76;703,63;3909,13;
ROBERTO AIRES EDWARDS DE OLIVEIRA;CAREIRO DA VARZEA;TECNICO EM AGROPECUARIA;; ESTATUTARIO;2982,85;;2982,85;333,54;2649,31;
ROBERTO VANDERLEI DE ARRUDA;APUI;AGENTE ADMINISTRATIVO;; ESTATUTARIO;2627,89;;2627,89;234,07;2393,82;
RODERICO DE LIMA LIMEIRA;MANICORE;MOTORISTA;; ESTATUTARIO;2134,37;;2134,37;179,78;1954,59;
ROLANGIO PEREIRA DE SOUSA;IRANDUBA;ENGENHEIRO AGRONOMO;; ESTATUTARIO;6648,17;;6648,17;1319,53;5328,64;
ROMUALDO FIGUEIREDO RAMOS;DIR.DE ASSIST.TEC.E EXT.RURAL;TECNICO EM AGROPECUARIA;; ESTATUTARIO;3957,41;;3957,41;414,05;3543,36;
RONICE LEITE PINTO;URICURITUBA;GERENTE AD-2;; CARGO COMISSION.S/VINCULO;4209,79;;4209,79;641,84;3567,95;
ROSALBINA MOURA CAVALCANTE;DIRETORIA ADMINIST.FINANCEIRA;AUX.S.G-III;; ESTATUTARIO;1762,23;;1762,23;130,19;1632,04;
ROSEMIRO PICANCO ROCHA FILHO;PARINTINS;TECNICO EM CONTABILIDADE;TEC.DE CONTABILIDADE; ESTATUTARIO;2955,66;;2955,66;274,24;2681,42;
ROSENAY DA SILVA DOMINGUES;ITACOATIARA;ASSISTENTE TECNICO;; ESTATUTARIO;3877,69;;3877,69;430,47;3447,22;
ROSILQUE MENDES DE FRANCA;SILVES;GERENTE AD-2;GERENTE AD-2; CARGO COMISSION.S/VINCULO;4209,79;;4209,79;641,84;3567,95;
ROSINEI SOUSA DA SILVA;BORBA;GERENTE AD-2;GERENTE AD-2; CARGO COMISSION.S/VINCULO;4209,79;;4209,79;641,84;3567,95;
RUI LIMA DE SOUZA;IRANDUBA;TECNICO EM AGROPECUARIA;; ESTATUTARIO;2738,80;;2738,80;261,08;2477,72;
RUI PEREIRA SAMPAIO;URUCARA;A.TEC-III;; ESTATUTARIO;4311,76;;4311,76;495,21;3816,55;
SCHIRLEY ELVIRA PINTO ATAIDE;ITACOATIARA;TECNICO EM AGROPECUARIA;; ESTATUTARIO;2982,85;;2982,85;319,32;2663,53;
SEBASTIAO DA SILVA GOMES;DIRETORIA ADMINIST.FINANCEIRA;AUXILIAR DE SERVICOS GERAIS;; ESTATUTARIO;1476,62;;1476,62;137,84;1338,78;
SEBASTIAO DIAS DE MENDONCA;DIR.DE ASSIST.TEC.E EXT.RURAL;ENGENHEIRO AGRONOMO;GERENTE AD/2; ESTATUTARIO;11718,78;;11718,78;3062,26;8656,52;
SEBASTIAO FONSECA DE LIMA;DIRETORIA ADMINIST.FINANCEIRA;ASSISTENTE TECNICO;GERENTE AD/2; ESTATUTARIO;3933,14;;3933,14;404,90;3528,24;
SEBASTIAO JOSE PINHEIRO DA PAIXAO;IRANDUBA;CAD-III;; ESTATUTARIO;2608,48;;2608,48;231,90;2376,58;
SEBASTIAO ROQUE DA CRUZ;DIRETORIA DE FOMENTO;TECNICO EM AGROPECUARIA;; ESTATUTARIO;3279,08;;3279,08;294,87;2984,21;
SELMA DE PAULA DOS SANTOS;DIRETORIA ADMINIST.FINANCEIRA;ASSESSOR III AD-3;; CARGO COMISSION.S/VINCULO;3901,04;;3901,04;;3901,04;
SERGIO AUGUSTO FROES CAVALCANTE;JAPURA;TECNICO EM AGROPECUARIA;GERENTE AD/2; ESTATUTARIO;5825,54;;5825,54;721,95;5103,59;
SERGIO ROCHA MUNIZ;DIR.DE ASSIST.TEC.E EXT.RURAL;MEDICO VETERINARIO;; ESTATUTARIO;5767,26;;5767,26;1110,63;4656,63;
SIDNEY SOUZA DE ARAUJO;TEFE;GERENTE AD-2;GERENTE AD-2; CARGO COMISSION.S/VINCULO;4209,79;;4209,79;613,40;3596,39;
SILDOVERIO ALMEIDA TUNDIS;DIR.DE ASSIST.TEC.E EXT.RURAL;ENG-III;; ESTATUTARIO;9468,00;;9468,00;2414,59;7053,41;
SIMONE DE NAZARE LIMA DA SILVA;ATALAIA DO NORTE;GERENTE AD-2;GERENTE AD/2; CARGO COMISSION.S/VINCULO;4209,79;;4209,79;613,40;3596,39;
STANLEY CORREA LOPES;DEPTO.ADMINISTRATIVO;GERENTE AD-2;; CARGO COMISSION.S/VINCULO;4209,79;;4209,79;670,28;3539,51;
STEPHANO REIS BACELAR;MATUPI;ASSESSOR III AD-3;ASSESSOR III AD-3; CARGO COMISSION.S/VINCULO;3191,80;;3191,80;422,40;2769,40;
TADEU VELOSO PACHECO;BARREIRINHA;TECNICO EM AGROPECUARIA;GERENTE AD-2; ESTATUTARIO;5825,54;;5825,54;826,39;4999,15;
TAHUANA YREN NERY JESUS R TORQUATO;GABINETE;ASSESSOR III AD-3;; CARGO COMISSION.S/VINCULO;3191,80;;3191,80;407,12;2784,68;
TANIS GUIMARAES DE CASTRO;MANICORE;GERENTE AD-2;GERENTE AD-2; CARGO COMISSION.S/VINCULO;4209,79;;4209,79;670,28;3539,51;
VALDECIO DA SILVA GOMES;IPIXUNA;GERENTE AD-2;; CARGO COMISSION.S/VINCULO;4209,79;;4209,79;613,40;3596,39;
VALDEMIR BAIA SOARES;DIR.DE ASSIST.TEC.E EXT.RURAL;A.TEC-III;SEC INFOR AGRICOLA; ESTATUTARIO;2163,75;;2163,75;214,43;1949,32;
VALDENIZA PRAIANO DE SOUZA;DIRETORIA ADMINIST.FINANCEIRA;TECNICO EM CONTABILIDADE;; ESTATUTARIO;2920,34;;2920,34;315,10;2605,24;
VALDENOR PEREIRA DE AZEVEDO;BORBA;AUXILIAR DE SERVICOS GERAIS;; ESTATUTARIO;1755,46;;1755,46;138,10;1617,36;
VICENTE MARQUES DA SILVA FILHO;NOVA OLINDA DO NORTE;TECNICO EM AGROPECUARIA;GERENTE AD-2; ESTATUTARIO;5618,56;;5618,56;799,01;4819,55;
VILDO PEDRO TEIXEIRA;BARREIRINHA;MOTORISTA;; ESTATUTARIO;2380,43;;2380,43;182,26;2198,17;
WALDOMIRO BORGES DE ARAUJO;NOVO AIRAO;ASSISTENTE TECNICO;; ESTATUTARIO;3672,78;;3672,78;344,00;3328,78;
WALTER RIBEIRO DE CARVALHO;DIRETORIA ADMINIST.FINANCEIRA;ENGENHEIRO AGRONOMO;; ESTATUTARIO;13034,06;;13034,06;3474,42;9559,64;
WANDERLEY HOLLANDA CAVALCANTE;PARINTINS;SOCIOLOGO;; ESTATUTARIO;5255,55;;5255,55;859,22;4396,33;
WARLEN ARIEL CORNELIO FERMIN;SANTO ANTONIO DO ICA;GERENTE AD-2;GERENTE AD-2; CARGO COMISSION.S/VINCULO;4209,79;;4209,79;670,28;3539,51;
WASHINGTON LUIS AGUIAR;DIR.DE ASSIST.TEC.E EXT.RURAL;ENGENHEIRO AGRONOMO;GERENTE AD/2; ESTATUTARIO;11749,15;;11749,15;3067,81;8681,34;
WASHINGTON ROCHA DE LIMA;ASSESSORIA;ASSESSOR III AD-3;; CARGO COMISSION.S/VINCULO;3191,80;;3191,80;422,40;2769,40;
ZACARIAS DA SILVA GONDIM;DIR.DE ASSIST.TEC.E EXT.RURAL;TECNICO EM AGROPECUARIA;; ESTATUTARIO;3853,70;;3853,70;372,08;3481,62;
