NOME;LOTACAO;CARGO;FUNCAO;VINCULO;REMUNERACAO LEGAL TOTAL(R$);DESC.TETO(R$); REMUNERACAO LEGAL DEVIDA(R$);DESCONTOS LEGAIS(R$);LIQUIDO DISPONIVEL(R$);
ALBANIZA MARCELO CAMINHA;PENSIONISTA ESPECIAL;PENSIONISTA;; PENSAO POR DECRETO;3748,00;;3748,00;;3748,00;
ALDO MORAES JUNIOR;PENSIONISTA ESPECIAL;PENSIONISTA;; PENSAO POR DECRETO;20650,42;;20650,42;;20650,42;
ALEXSANDER LIMA BATISTA;PENSIONISTA ESPECIAL;PENSIONISTA;; PENSAO POR ORDEM JUDICIAL;937,00;;937,00;;937,00;
ALEXSANDRO DOUGLAS BATISTA VIEIRA;PENSIONISTA ESPECIAL;PENSIONISTA;; PENSAO POR DECRETO;721,34;;721,34;;721,34;
ALICE CATARINA MORAES;PENSIONISTA ESPECIAL;PENSIONISTA;; PENSAO POR DECRETO;20650,42;;20650,42;;20650,42;
ALIETE BORGES COELHO;PENSIONISTA ESPECIAL;PENSIONISTA;; PENSAO POR DECRETO;22111,25;;22111,25;;22111,25;
AMADEU THIAGO DE MELLO;PENSIONISTA ESPECIAL;PENSIONISTA;; PENSAO POR LEI;6307,25;;6307,25;;6307,25;
AMAZILES MOURA CAVALCANTE;PENSIONISTA ESPECIAL;PENSIONISTA;; PENSAO POR DECRETO;937,00;;937,00;;937,00;
AMAZONINO ARMANDO MENDES;PENSIONISTA ESPECIAL;PENSIONISTA EX-GOVERNADOR;; PENSAO POR LEI;20247,73;;20247,73;;20247,73;
AMETHISTA DA COSTA LAVAREDO;PENSIONISTA ESPECIAL;PENSIONISTA;; PENSAO POR DECRETO;1200,00;;1200,00;;1200,00;
ANA CRISTINA ANTONY DE OLIVEIRA;PENSIONISTA ESPECIAL;SUB-SECRETARIO DE ESTADO;; PENSAO POR DECRETO;11700,00;;11700,00;2348,14;9351,86;
ANA CRISTINA GUEDES DA SILVA;PENSIONISTA ESPECIAL;PENSIONISTA;PENSAO ESPECIAL; PENSAO POR DECRETO;312,30;;312,30;;312,30;
ANA MARCIA DE OLIVEIRA FERREIRA;PENSIONISTA ESPECIAL;PENSIONISTA;; PENSAO POR ORDEM JUDICIAL;468,50;;468,50;;468,50;
ANDREW CORREA DE ABREU;PENSIONISTA ESPECIAL;PENSIONISTA;; PENSAO POR DECRETO;2342,50;;2342,50;32,89;2309,61;
BRUNA LETICIA DE SOUZA REBELLO;PENSIONISTA ESPECIAL;PENSIONISTA;; PENSAO POR DECRETO;428,54;;428,54;;428,54;
CAMILE SOARES DE AGUIAR;PENSIONISTA ESPECIAL;PENSIONISTA LEI 1735 DE 14.11.85;; PENSAO POR LEI;825,59;;825,59;;825,59;
CARLA BIANCA LIRA DE LIMA;PENSIONISTA ESPECIAL;PENSIONISTA;; PENSAO POR ORDEM JUDICIAL;733,50;;733,50;;733,50;
CARLOS ALBERTO FROES;PENSIONISTA ESPECIAL;PENSIONISTA;PENSAO ESPECIAL; PENSAO POR DECRETO;937,00;;937,00;;937,00;
CARLOS GIRAO DE ALENCAR;PENSIONISTA ESPECIAL;TECNICO DE ADM FAZEND 1A CLASSE;; PENSAO POR LEI;31589,57;1118,46;30471,11;6248,04;24223,07;
CELSO VIEIRA BIVAR;PENSIONISTA ESPECIAL;PENSIONISTA;; PENSAO POR ORDEM JUDICIAL;8614,83;;8614,83;;8614,83;
CLAUDENORA ALFAIA DA COSTA ARAUJO;PENSIONISTA ESPECIAL;PENSIONISTA;; PENSAO POR ORDEM JUDICIAL;937,00;;937,00;;937,00;
CLEOMAR VIANA DE OLIVEIRA;PENSIONISTA ESPECIAL;PENSIONISTA;; PENSAO POR ORDEM JUDICIAL;937,00;;937,00;;937,00;
COLOMBINA LIMA DE ARAUJO;PENSIONISTA ESPECIAL;PENSIONISTA;; PENSAO POR DECRETO;937,00;;937,00;;937,00;
DAYLA CORREA DE ABREU;PENSIONISTA ESPECIAL;PENSIONISTA;; PENSAO POR DECRETO;2342,50;;2342,50;32,89;2309,61;
DELMIRA MARCOS ARAUJO;PENSIONISTA ESPECIAL;PENSIONISTA;; PENSAO POR LEI;937,00;;937,00;;937,00;
DEUZO FRAZAO CENA;PENSIONISTA ESPECIAL;PENSIONISTA;PENSAO ESPECIAL; PENSAO POR ORDEM JUDICIAL;624,60;;624,60;;624,60;
DNANCIR MOURA MONTECONRADO;PENSIONISTA ESPECIAL;PENSIONISTA;; PENSAO POR DECRETO;1800,00;;1800,00;;1800,00;
DORIAN CAVALCANTE NOGUEIRA;PENSIONISTA ESPECIAL;PENSIONISTA;; PENSAO POR LEI;1135,32;;1135,32;;1135,32;
DOROTEIA MARQUES COSTA;PENSIONISTA ESPECIAL;PENSIONISTA;; PENSAO POR DECRETO;937,00;;937,00;;937,00;
DOUGLAS DE OLIVEIRA BELEZA;PENSIONISTA ESPECIAL;PENSIONISTA;; PENSAO POR LEI;1360,00;;1360,00;;1360,00;
DULCINEIA LESSA BRAGA;PENSIONISTA ESPECIAL;PENSIONISTA;PENSIONISTA; PENSAO POR DECRETO;763,60;;763,60;;763,60;
EDNA AGUIAR ANTONY;PENSIONISTA ESPECIAL;PENSIONISTA;; PENSAO POR DECRETO;937,00;;937,00;;937,00;
ELIAS MARTINS DA SILVA;PENSIONISTA ESPECIAL;PENSIONISTA;PENSAO ESPECIAL; PENSAO POR DECRETO;312,30;;312,30;;312,30;
ELIZA GARCIA DE SOUSA;PENSIONISTA ESPECIAL;PENSIONISTA;; PENSAO POR LEI;2139,00;;2139,00;;2139,00;
ELIZABETE PINHEIRO ZUIDGEEST;PENSIONISTA ESPECIAL;PENSIONISTA;; PENSAO POR DECRETO;937,00;;937,00;;937,00;
ELIZABETH ANDRADE CAVALCANTE;PENSIONISTA ESPECIAL;PENSIONISTA;; PENSAO POR LEI;1874,00;;1874,00;;1874,00;
ENEIDA SILVA MIRANDA BRAGA;PENSIONISTA ESPECIAL;PENSIONISTA;; PENSAO POR DECRETO;1274,40;;1274,40;;1274,40;
EUNICE ASSUMPCAO PEDROSA;PENSIONISTA ESPECIAL;PENSIONISTA;; PENSAO POR DECRETO;1300,00;;1300,00;;1300,00;
FLAVIA CRISTINA DA CONCEICAO;PENSIONISTA ESPECIAL;PENSIONISTA;; CARGO COMISSION.S/VINCULO;937,00;;937,00;;937,00;
FLAVIA CYANNE AMARAL REBELLO;PENSIONISTA ESPECIAL;PENSIONISTA;; PENSAO POR DECRETO;428,54;;428,54;;428,54;
FRANCIMARA CAMPOS DE CARVALHO;PENSIONISTA ESPECIAL;PENSIONISTA;; PENSAO POR ORDEM JUDICIAL;195,56;;195,56;;195,56;
FRANCISCO CHAGAS DA SILVA;PENSIONISTA ESPECIAL;PENSIONISTA;; PENSAO POR LEI;4685,00;;4685,00;65,78;4619,22;
FRANCISCO DE ASSIS MORAES GIRAO;PENSIONISTA ESPECIAL;PENSIONISTA;; PENSAO POR DECRETO;31589,57;1118,46;30471,11;;30471,11;
FRANCISCO DE FREITAS ROLA;PENSIONISTA ESPECIAL;PENSIONISTA;; PENSAO POR LEI;31589,57;1118,46;30471,11;6986,60;23484,51;
FRANCISCO FERREIRA DA SILVA;PENSIONISTA ESPECIAL;PENSIONISTA;PENSAO ESPECIAL; PENSAO POR LEI;3254,32;;3254,32;;3254,32;
JAQUELINE ANGELITA DA CONCEICAO;PENSIONISTA ESPECIAL;PENSIONISTA LEI 1735 DE 14.11.85;; PENSAO POR LEI;825,59;;825,59;;825,59;
JELSON JONY SILVA DE LIMA;PENSIONISTA ESPECIAL;PENSIONISTA;; PENSAO POR ORDEM JUDICIAL;937,00;;937,00;;937,00;
JOAO BATISTA FREITAS DE SOUZA;PENSIONISTA ESPECIAL;PENSIONISTA;; PENSAO POR ORDEM JUDICIAL;1874,00;;1874,00;;1874,00;
JOAO VITOR BEZERRA SANTOS MENEZES;PENSIONISTA ESPECIAL;PENSIONISTA;; PENSAO POR ORDEM JUDICIAL;937,00;;937,00;;937,00;
JOSE BRUNO DA SILVA;PENSIONISTA ESPECIAL;PENSIONISTA;; PENSAO POR ORDEM JUDICIAL;312,33;;312,33;;312,33;
JOSE FERNANDO DE CASTRO PINTO;PENSIONISTA ESPECIAL;PENSIONISTA;; PENSAO POR ORDEM JUDICIAL;937,00;;937,00;;937,00;
JOSE RIBAMAR RIOS;PENSIONISTA ESPECIAL;PENSIONISTA;PENSAO ESPECIAL; PENSAO POR DECRETO;937,00;;937,00;;937,00;
JUDITE RODRIGUES DE SOUZA;PENSIONISTA ESPECIAL;PENSIONISTA;PENSAO ESPECIAL; PENSAO POR DECRETO;1600,00;;1600,00;;1600,00;
KAMILE DE OLIVEIRA PEREIRA;PENSIONISTA ESPECIAL;PENSIONISTA;; PENSAO POR ORDEM JUDICIAL;624,60;;624,60;;624,60;
KASSIANE VITORIA DE O PEREIRA;PENSIONISTA ESPECIAL;PENSIONISTA;; PENSAO POR ORDEM JUDICIAL;624,60;;624,60;;624,60;
LAYHANDRA SOUZA DE OLIVEIRA;PENSIONISTA ESPECIAL;PENSIONISTA;; PENSAO POR ORDEM JUDICIAL;293,33;;293,33;;293,33;
LOURIVAL REBELO D'ALBUQUERQUE FILHO;PENSIONISTA ESPECIAL;PENSIONISTA;; PENSAO POR DECRETO;31589,57;1118,46;30471,11;;30471,11;
LUCIRENE OLIVA REZENDE;PENSIONISTA ESPECIAL;SECRETARIO DE ESTADO;; PENSAO POR DECRETO;13500,00;;13500,00;2319,55;11180,45;
MANUEL RAVIGNAN SARAIVA AGRA;PENSIONISTA ESPECIAL;PENSIONISTA;; PENSAO POR DECRETO;937,00;;937,00;;937,00;
MANUELA DE OLIVEIRA DOS SANTOS;PENSIONISTA ESPECIAL;PENSIONISTA;; PENSAO POR ORDEM JUDICIAL;146,66;;146,66;;146,66;
MARCELO DA SILVA SALES;PENSIONISTA ESPECIAL;PENSIONISTA;PENSAO ESPECIAL; PENSAO POR ORDEM JUDICIAL;937,00;;937,00;;937,00;
MARCOS DE OLIVEIRA;PENSIONISTA ESPECIAL;PENSIONISTA;; PENSAO POR DECRETO;937,00;;937,00;;937,00;
MARCUS TULIO CAVALCANTE COSTA;PENSIONISTA ESPECIAL;PENSIONISTA;; PENSAO POR DECRETO;937,00;;937,00;;937,00;
MARIA DA CONCEICAO DE O MACHADO;PENSIONISTA ESPECIAL;NAO VALIDO ************************;; PENSAO POR LEI;937,00;;937,00;;937,00;
MARIA DE JESUS CORREA DA COSTA;PENSIONISTA ESPECIAL;PENSIONISTA;; PENSAO POR DECRETO;1543,57;;1543,57;;1543,57;
MARIA DE LOURDES RODRIGUES C TELLES;PENSIONISTA ESPECIAL;PENSIONISTA;; PENSAO POR ORDEM JUDICIAL;9900,00;;9900,00;1329,55;8570,45;
MARIA DE NAZARE OLIVEIRA REZENDE;PENSIONISTA ESPECIAL;PENSIONISTA;; PENSAO POR DECRETO;5378,94;;5378,94;609,85;4769,09;
MARIA DO PERPETUO S C BITTENCOURT;PENSIONISTA ESPECIAL;PENSIONISTA;; PENSAO POR LEI;937,00;;937,00;;937,00;
MARIA DO SOCORRO CAMPOS;PENSIONISTA ESPECIAL;PENSIONISTA;; PENSAO POR DECRETO;624,60;;624,60;;624,60;
MARIA JULIA SILVEIRA DE MELO;PENSIONISTA ESPECIAL;PENSIONISTA;PENSAO ESPECIAL; PENSAO POR ORDEM JUDICIAL;4457,00;;4457,00;366,70;4090,30;
MARIA MIRACEMA TEIXEIRA CARDOSO SAU;PENSIONISTA ESPECIAL;PENSIONISTA;PENSAO ESPECIAL; PENSAO POR DECRETO;1800,00;;1800,00;;1800,00;
MARIA RUTH PORTO DE MORAES;PENSIONISTA ESPECIAL;PENSIONISTA;; PENSAO POR ORDEM JUDICIAL;937,00;;937,00;;937,00;
MARIA SUELY DE LOUREDO BIE DA SILVA;PENSIONISTA ESPECIAL;PENSIONISTA;PENSAO ESPECIAL; PENSAO POR DECRETO;937,00;;937,00;;937,00;
MARILIA PEREIRA MACHADO;PENSIONISTA ESPECIAL;SUB-SECRETARIO DE ESTADO;; PENSAO POR LEI;11700,00;;11700,00;1824,55;9875,45;
MARISA DOS SANTOS RODRIGUES;PENSIONISTA ESPECIAL;PENSIONISTA;PENSAO ESPECIAL; PENSAO POR DECRETO;5000,00;;5000,00;109,60;4890,40;
MARLENE MORAES GIRAO;PENSIONISTA ESPECIAL;PENSIONISTA;; PENSAO POR DECRETO;1800,00;;1800,00;;1800,00;
MATHEUS DA ROCHA ALMEIDA;PENSIONISTA ESPECIAL;PENSIONISTA;; PENSAO POR DECRETO;937,00;;937,00;;937,00;
MAURA DA SILVA SALES;PENSIONISTA ESPECIAL;PENSIONISTA;PENSAO ESPECIAL; PENSAO POR ORDEM JUDICIAL;937,00;;937,00;;937,00;
MAXWELL DE OLIVEIRA DOS SANTOS;PENSIONISTA ESPECIAL;PENSIONISTA;; PENSAO POR ORDEM JUDICIAL;146,66;;146,66;;146,66;
MICHAEL MARVILLEM DE O FERREIRA;PENSIONISTA ESPECIAL;PENSIONISTA;; PENSAO POR ORDEM JUDICIAL;468,50;;468,50;;468,50;
MOISES PANTOJA LIMA;PENSIONISTA ESPECIAL;PENSIONISTA;PENSAO ESPECIAL; PENSAO POR LEI;2811,55;;2811,55;;2811,55;
OSCARINO FARIAS VARJAO;PENSIONISTA ESPECIAL;PENSIONISTA;; PENSAO POR LEI;2000,00;;2000,00;;2000,00;
PAULO PEDRACA SAMPAIO;PENSIONISTA ESPECIAL;PENSIONISTA;; PENSAO POR LEI;2000,00;;2000,00;;2000,00;
RAIMUNDO NONATO BIE DA SILVA;PENSIONISTA ESPECIAL;PENSIONISTA;PENSAO ESPECIAL; PENSAO POR DECRETO;937,00;;937,00;;937,00;
REJANE MARIA LEBRE DE OLIVEIRA;PENSIONISTA ESPECIAL;PENSIONISTA;; PENSAO POR DECRETO;937,00;;937,00;;937,00;
RICARDO MENDES SALES FILHO;PENSIONISTA ESPECIAL;PENSIONISTA;; PENSAO POR ORDEM JUDICIAL;937,00;;937,00;;937,00;
ROBERTO MARINHO PEREIRA;PENSIONISTA ESPECIAL;PENSIONISTA;; PENSAO POR ORDEM JUDICIAL;1874,00;;1874,00;;1874,00;
ROSIMEIRE VENANCIO DA SILVA;PENSIONISTA ESPECIAL;PENSIONISTA;; PENSAO POR ORDEM JUDICIAL;1874,00;;1874,00;;1874,00;
SAMILA DE LIMA MONTEIRO;PENSIONISTA ESPECIAL;PENSIONISTA;PENSAO ESPECIAL; PENSAO POR DECRETO;795,80;;795,80;;795,80;
SEBASTIANA MARIA DE OLIVEIRA XAVIER;PENSIONISTA ESPECIAL;PENSIONISTA;; PENSAO POR LEI;937,00;;937,00;;937,00;
SILVINHA MACEDO SILVA;PENSIONISTA ESPECIAL;PENSIONISTA;; PENSAO POR DECRETO;937,00;;937,00;;937,00;
STEFANY RAQUEL SARAIVA AGRA;PENSIONISTA ESPECIAL;PENSIONISTA;; PENSAO POR DECRETO;937,00;;937,00;;937,00;
STEPHANIE RIBEIRO DA SILVA;PENSIONISTA ESPECIAL;PENSIONISTA;PENSAO ESPECIAL; PENSAO POR DECRETO;937,00;;937,00;;937,00;
TATIANE DE SOUZA GOMES;PENSIONISTA ESPECIAL;PENSIONISTA;; PENSAO POR ORDEM JUDICIAL;937,00;;937,00;;937,00;
TEREZA BENEVIDES SCHERMULY SANTOS;PENSIONISTA ESPECIAL;PENSIONISTA LEI 1735 DE 14.11.85;; PENSAO POR DECRETO;937,00;;937,00;;937,00;
TEREZINHA MARTINS MACHADO;PENSIONISTA ESPECIAL;PENSIONISTA;; PENSAO POR ORDEM JUDICIAL;880,00;;880,00;;880,00;
THEREZA DE JESUS BEZERRA DE ARAUJO;PENSIONISTA ESPECIAL;PENSIONISTA;; PENSAO POR DECRETO;937,00;;937,00;;937,00;
ULYSSES DE SOUZA DA SILVEIRA;PENSIONISTA ESPECIAL;PENSIONISTA;; PENSAO POR DECRETO;2342,50;;2342,50;;2342,50;
VALENTINA FIDELIS;PENSIONISTA ESPECIAL;PENSIONISTA;; PENSAO POR LEI;937,00;;937,00;;937,00;
VANEIDE SIMOES MONTEIRO;PENSIONISTA ESPECIAL;PENSIONISTA;; PENSAO POR DECRETO;1350,00;;1350,00;;1350,00;
VANUZA RUBIA GUIMARAES HARTZ;PENSIONISTA ESPECIAL;SUB-SECRETARIO DE ESTADO;; PENSAO POR DECRETO;11700,00;;11700,00;2348,14;9351,86;
VIOLETA CASTELO BRANCO GONCALVES;PENSIONISTA ESPECIAL;PENSIONISTA;; PENSAO POR DECRETO;5000,00;;5000,00;109,60;4890,40;
WARLLEN BATISTA DO NASCIMENTO;PENSIONISTA ESPECIAL;PENSIONISTA;; PENSAO POR ORDEM JUDICIAL;1874,00;;1874,00;;1874,00;
YARA MIRANDA LITAIFF;PENSIONISTA ESPECIAL;PENSIONISTA;PENSAO ESPECIAL; PENSAO POR ORDEM JUDICIAL;624,60;;624,60;;624,60;
