NOME;LOTACAO;CARGO;FUNCAO;VINCULO;REMUNERACAO LEGAL TOTAL(R$);DESC.TETO(R$); REMUNERACAO LEGAL DEVIDA(R$);DESCONTOS LEGAIS(R$);LIQUIDO DISPONIVEL(R$);
ALVARO RODRIGUES MARQUES NETO;PENSAO ESPECIAL - POL MILITAR;PENSIONISTA;PENSAO ESPECIAL; PENSAO POR DECRETO;4728,33;;4728,33;430,93;4297,40;
ANA CARLA REGO DA SILVA;PENSAO ESPECIAL - POL MILITAR;PENSIONISTA;PENSAO ESPECIAL; PENSAO POR DECRETO;963,71;;963,71;;963,71;
ANA CAROLINA REGO DA SILVA;PENSAO ESPECIAL - POL MILITAR;PENSIONISTA;PENSAO ESPECIAL; PENSAO POR DECRETO;963,71;;963,71;;963,71;
ANA CLAUDIA DOS SANTOS ALVES;PENSAO ESPECIAL - POL MILITAR;PENSIONISTA;; PENSAO POR DECRETO;4728,33;;4728,33;430,93;4297,40;
ANA CLEURY DA COSTA MENEZES;PENSAO ESPECIAL - POL MILITAR;PENSIONISTA;PENSIONISTA; PENSAO POR DECRETO;4818,52;;4818,52;455,73;4362,79;
ANDREA SANTIAGO GONCALVES;PENSAO ESPECIAL - POL MILITAR;PENSIONISTA;; PENSAO POR DECRETO;4728,33;;4728,33;430,93;4297,40;
ANGELA MARIA AGRA PEREIRA;PENSAO ESPECIAL - POL MILITAR;PENSIONISTA;; PENSAO POR DECRETO;15672,28;;15672,28;3440,52;12231,76;
ANTONIA MARIA DE OLIVEIRA;PENSAO ESPECIAL - POL MILITAR;PENSIONISTA;; PENSAO POR DECRETO;4818,52;;4818,52;82,38;4736,14;
ANTONIA SEBASTIANA PEREIRA DA SILVA;PENSAO ESPECIAL - POL MILITAR;PENSIONISTA;; PENSAO POR DECRETO;5945,53;;5945,53;765,66;5179,87;
BIANCA LYRA FALCAO;PENSAO ESPECIAL - POL MILITAR;PENSIONISTA;; PENSAO POR DECRETO;4761,62;;4761,62;440,09;4321,53;
CLEIDE DOS SANTOS CALHEIROS;PENSAO ESPECIAL - POL MILITAR;PENSIONISTA;; PENSAO POR DECRETO;11989,77;;11989,77;1904,23;10085,54;
DEUZANIRA OLIVEIRA VIEIRA;PENSAO ESPECIAL - POL MILITAR;PENSIONISTA;; PENSAO POR DECRETO;4728,33;;4728,33;430,93;4297,40;
DIEGO DA SILVA E SILVA;PENSAO ESPECIAL - POL MILITAR;PENSIONISTA;PENSAO ESPECIAL; PENSAO POR DECRETO;963,71;;963,71;;963,71;
DULCILENE FERREIRA DA SILVA;PENSAO ESPECIAL - POL MILITAR;PENSIONISTA;; PENSAO POR DECRETO;5913,40;;5913,40;756,83;5156,57;
EDINEIDE LIMA BATALHA CARNEIRO;PENSAO ESPECIAL - POL MILITAR;PENSIONISTA;; PENSAO POR DECRETO;4728,33;;4728,33;430,93;4297,40;
EDNA SILVA RIBEIRO;PENSAO ESPECIAL - POL MILITAR;PENSIONISTA;; PENSAO POR DECRETO;4418,52;;4418,52;358,04;4060,48;
ESTHER KRAMER SOARES CAVALCANTE;PENSAO ESPECIAL - POL MILITAR;PENSIONISTA;; PENSAO POR DECRETO;4818,52;;4818,52;455,73;4362,79;
FRANCISCA BARRETO PINTO;PENSAO ESPECIAL - POL MILITAR;PENSIONISTA;; PENSAO POR DECRETO;4761,62;;4761,62;440,09;4321,53;
FRANCISCA LUZINETTE BRASIL GUEDES;PENSAO ESPECIAL - POL MILITAR;PENSIONISTA;; PENSAO POR DECRETO;5775,94;;5775,94;719,02;5056,92;
FRANCISMARY DO NASCIMENTO PINTO;PENSAO ESPECIAL - POL MILITAR;PENSIONISTA;; PENSAO POR DECRETO;4728,33;;4728,33;430,93;4297,40;
GABRIEL ISMAEL LOPES;PENSAO ESPECIAL - POL MILITAR;PENSIONISTA;; PENSAO POR DECRETO;1182,09;;1182,09;;1182,09;
GIRLEY MAR DO NASCIMENTO;PENSAO ESPECIAL - POL MILITAR;PENSIONISTA;; PENSAO POR DECRETO;4728,33;;4728,33;430,93;4297,40;
GLAUCIMARA VILHENA CORREA;PENSAO ESPECIAL - POL MILITAR;PENSIONISTA;; PENSAO POR DECRETO;5775,94;;5775,94;;5775,94;
JUCIENE SILVA DA SILVA;PENSAO ESPECIAL - POL MILITAR;PENSIONISTA;PENSIONISTA; PENSAO POR DECRETO;4761,62;;4761,62;440,09;4321,53;
LUCAS FERREIRA GIL DA SILVA;PENSAO ESPECIAL - POL MILITAR;PENSIONISTA;PENSAO ESPECIAL; PENSAO POR DECRETO;963,71;;963,71;;963,71;
LUCENILZA TEIXEIRA DA SILVA;PENSAO ESPECIAL - POL MILITAR;PENSIONISTA;; PENSAO POR DECRETO;5741,58;;5741,58;709,57;5032,01;
LUCIA MARIA DOS SANTOS ZIK;PENSAO ESPECIAL - POL MILITAR;PENSIONISTA;; PENSAO POR DECRETO;4728,33;;4728,33;69,03;4659,30;
LUIS ELISEU GOIS LOPES;PENSAO ESPECIAL - POL MILITAR;PENSIONISTA;; PENSAO POR DECRETO;1182,09;;1182,09;;1182,09;
LUIS VITOR LEITAO LOPES;PENSAO ESPECIAL - POL MILITAR;PENSIONISTA;PENSIONISTA; PENSAO POR DECRETO;1182,09;;1182,09;;1182,09;
MARIA AUXILIADORA QUEIROZ DA SILVA;PENSAO ESPECIAL - POL MILITAR;PENSIONISTA;; PENSAO POR DECRETO;13705,74;;13705,74;1957,45;11748,29;
MARIA EDIELIA DOS SANTOS FEITOSA;PENSAO ESPECIAL - POL MILITAR;CABO;; PENSAO POR DECRETO;4818,52;;4818,52;252,56;4565,96;
MARIA LEONOR PEREIRA DA SILVA;PENSAO ESPECIAL - POL MILITAR;PENSIONISTA;; PENSAO POR DECRETO;4761,62;;4761,62;440,09;4321,53;
MARIA SANDRA CORDEIRO DE SOUZA;PENSAO ESPECIAL - POL MILITAR;PENSIONISTA;PENSIONISTA; PENSAO POR DECRETO;5741,58;;5741,58;536,55;5205,03;
MARLENE SARAIVA DE SOUZA;PENSAO ESPECIAL - POL MILITAR;PENSIONISTA;; PENSAO POR DECRETO;10852,77;;10852,77;2115,15;8737,62;
MARLY SOUSA OLIVEIRA;PENSAO ESPECIAL - POL MILITAR;PENSIONISTA;; PENSAO POR DECRETO;4728,33;;4728,33;69,03;4659,30;
NAIDE MALVEIRA LIMA;PENSAO ESPECIAL - POL MILITAR;PENSIONISTA;; PENSAO POR DECRETO;4728,33;;4728,33;69,03;4659,30;
NORMACY FERREIRA COSTA;PENSAO ESPECIAL - POL MILITAR;PENSIONISTA;; PENSAO POR DECRETO;4282,20;;4282,20;327,37;3954,83;
OSMARINA DANTAS MAGALHAES;PENSAO ESPECIAL - POL MILITAR;PENSIONISTA;; PENSAO POR DECRETO;5810,31;;5810,31;728,48;5081,83;
ROSALINA CUNHA DE SOUZA;PENSAO ESPECIAL - POL MILITAR;PENSIONISTA;; PENSAO POR DECRETO;5741,58;;5741,58;227,33;5514,25;
ROSINALVA LEMOS REGO;PENSAO ESPECIAL - POL MILITAR;PENSIONISTA;PENSAO ESPECIAL; PENSAO POR DECRETO;269,66;;269,66;;269,66;
SILVIA QUEIROZ DE SOUZA;PENSAO ESPECIAL - POL MILITAR;PENSIONISTA;; PENSAO POR DECRETO;4761,62;;4761,62;440,09;4321,53;
TIAGO SOUSA DA SILVA;PENSAO ESPECIAL - POL MILITAR;PENSIONISTA;PENSAO ESPECIAL; PENSAO POR DECRETO;963,71;;963,71;;963,71;
ZULEIDE MELO DOS SANTOS;PENSAO ESPECIAL - POL MILITAR;PENSIONISTA;; PENSAO POR DECRETO;4728,33;;4728,33;69,03;4659,30;
