NOME;LOTACAO;CARGO;FUNCAO;VINCULO;REMUNERACAO LEGAL TOTAL(R$);DESC.TETO(R$); REMUNERACAO LEGAL DEVIDA(R$);DESCONTOS LEGAIS(R$);LIQUIDO DISPONIVEL(R$);
ADRIANO CAMPOS PACIFICO;GABINETE DO SECRETARIO;ASSESSOR I AD-1;; CARGO COMISSION.S/VINCULO;5229,77;;5229,77;986,40;4243,37;
ALCY NASCIMENTO LIMA;GERENCIA DE OBRAS DO INTERIOR;ENG-I;; ESTATUTARIO;8144,69;;8144,69;1747,05;6397,64;
ALCY VIEIRA DA SILVA;DEPTO.DE ENGENHARIA;A.OPE-I;; ESTATUTARIO;4002,74;;4002,74;345,57;3657,17;
ALESSANDRA AGUIAR PEREIRA;GERENCIA DE ORCAMENTO;ASSESSOR II AD-2;; CARGO COMISSION.S/VINCULO;4209,79;;4209,79;670,28;3539,51;
ALESSANDRO PASSOS DA COSTA;DEPARTAMENTO DE ADM.E FINANCAS;ASSESSOR IV AD-4;ASSESSOR IV,AD-4; CARGO COMISSION.S/VINCULO;3175,61;;3175,61;404,26;2771,35;
ALEX ALMEIDA DOS REIS;GERENCIA DE ORCAMENTO;DIGITADOR;; ESTATUTARIO;3577,54;;3577,54;199,21;3378,33;
ALFREDO TAPAJOS NETO;PESSOAL PROC.DE APOSENTADORIA;ENG-I;; ESTATUTARIO;7474,59;;7474,59;1625,84;5848,75;
ALINE RAMOS CERQUINHO;ASSESSORIA JURIDICA;ASSESSOR III AD-3;ASSESSOR III AD 3; CARGO COMISSION.S/VINCULO;3191,80;;3191,80;422,40;2769,40;
ALLAN ALMEIDA DOS REIS;GERENCIA DE ORCAMENTO;DIGITADOR;ASSESSOR TECNICO; ESTATUTARIO;5771,54;;5771,54;825,49;4946,05;
AMAZONELSON DE FREITAS MARTINS;ASSESSORIA JURIDICA;ASSESSOR III AD-3;ASSESSOR IIIAD-3; CARGO COMISSION.S/VINCULO;3191,80;;3191,80;422,40;2769,40;
ANA LUCIA DE MATOS SAMPAIO;GERENCIA DE OBRAS DO INTERIOR;ASSESSOR TECNICO;; CARGO COMISSION.S/VINCULO;9333,33;;9333,33;2138,42;7194,91;
ANA LUCIA DE MENDONCA DIAS;DEPARTAMENTO DE ADM.E FINANCAS;TECNICO II;ASSESSOR I AD-1; ESTATUTARIO;7689,50;;7689,50;1370,45;6319,05;
ANDERSON RICARDO DE SOUZA BENCHIMOL;ASSESSORIA JURIDICA;ASSESSOR I AD-1;ASSESSOR I AD-1; CARGO COMISSION.S/VINCULO;5229,77;;5229,77;986,40;4243,37;
ANDRE GOMES DE OLIVEIRA;GERENCIA DE OBRAS DO INTERIOR;ENG-I;; ESTATUTARIO;8164,45;;8164,45;1806,04;6358,41;
ANDREA IKEDA;ASSESSORIA DE COMUNICACAO;ASSESSOR TECNICO;; CARGO COMISSION.S/VINCULO;6000,00;;6000,00;1221,76;4778,24;
ANDREW JACKSON MULLER DA SILVA;DEPTO.DE ENGENHARIA;ASSESSOR TECNICO;; CARGO COMISSION.S/VINCULO;7000,00;;7000,00;1496,76;5503,24;
ANGÉLICA FEITOZA DO VALLE;ASSESSORIA JURIDICA;ASSESSOR I AD-1;; CARGO COMISSION.S/VINCULO;5229,77;;5229,77;986,40;4243,37;
ANGELO FRANKLIN MOREIRA S SILVA;GERENCIA DE OBRAS DO INTERIOR;ASSESSOR TECNICO;; CARGO COMISSION.S/VINCULO;7000,00;;7000,00;1176,44;5823,56;
ANSELMO LIMA DE MORAES;PESSOAL PROC.DE APOSENTADORIA;ENG-I;; ESTATUTARIO;7329,42;;7329,42;1522,21;5807,21;
ANTONIA CLICE MENDES FIALHO;GERENCIA DE GESTAO DE PESSOAS;GERENTE AD-2;; CARGO COMISSION.S/VINCULO;4209,79;;4209,79;641,84;3567,95;
ANTONIO CARLOS GOMES MIRANDA FILHO;GERENCIA DE OBRAS DO INTERIOR;ASSESSOR I AD-1;; CARGO COMISSION.S/VINCULO;5229,77;;5229,77;986,40;4243,37;
ARI CASTELO BRANCO;GERENCIA DE ORCAMENTO;ENG-I;; ESTATUTARIO;8259,11;;8259,11;1995,29;6263,82;
ARY DE ALMEIDA COSTA;GERENCIA DE OBRAS DO INTERIOR;ENG-I;; ESTATUTARIO;8240,31;;8240,31;1988,77;6251,54;
AUGUSTA EDMEA ROCHA DAS NEVES;GERENCIA DE PROJETOS;ARQUITETO;; ESTATUTARIO;11811,58;;11811,58;1902,48;9909,10;
BLENDA CARLA DE ARAUJO MELO;GABINETE DO SECRETARIO;ASSESSOR I AD-1;ASSESSOR I AD-1; CARGO COMISSION.S/VINCULO;5229,77;;5229,77;943,74;4286,03;
BRENA SOUZA DA SILVEIRA;DEPARTAMENTO DE ADM.E FINANCAS;ASSESSOR III AD-3;; CARGO COMISSION.S/VINCULO;3191,80;;3191,80;422,40;2769,40;
BRUNO EDUARDO MORAIS DAS NEVES;GERENCIA DE CONTR.FINANCEIROS;ASSESSOR III AD-3;; CARGO COMISSION.S/VINCULO;3191,80;;3191,80;407,12;2784,68;
CARLOS ALBERTO DO N E SILVA;GERENCIA DE PROJETOS;ASSESSOR II AD-2;; CARGO COMISSION.S/VINCULO;5613,05;;5613,05;1115,35;4497,70;
CARLOS EDUARDO ABREU DE OLIVEIRA;GERENCIA DE OBRAS DO INTERIOR;CHEFE DE DEPARTAMENTO AD-1;; CARGO COMISSION.S/VINCULO;5229,77;;5229,77;943,74;4286,03;
CARLOS FREDERICO SANTOS BELOTA;GABINETE DO SECRETARIO;CADISTA;; ESTATUTARIO;2977,54;;2977,54;203,68;2773,86;
CELINA DA SILVA MELO;GERENCIA DE GESTAO DE PESSOAS;A.TEC-I;GERENTE AD-2; ESTATUTARIO;4878,26;;4878,26;548,73;4329,53;
CELIO ALCANTARA CIPRIANO;GERENCIA DE CONVENIOS FEDERAIS;A.OPE-I;ASSESSOR I AD-1; ESTATUTARIO;5895,70;;5895,70;564,65;5331,05;
CELSO CRISOSTOMO DA SILVA;DEPARTAMENTO DE ADM.E FINANCAS;ASSESSOR III AD-3;; CARGO COMISSION.S/VINCULO;3191,80;;3191,80;422,40;2769,40;
CLAUDIO JOSE SILVA DE ALBUQUERQUE;ASSESSORIA JURIDICA;DIGITADOR;; ESTATUTARIO;3577,54;;3577,54;308,07;3269,47;
CRISTINA SEFFAIR DE SOUZA;GABINETE DO SECRETARIO;ASSESSOR I AD-1;ASSESSOR I AD-1; CARGO COMISSION.S/VINCULO;5229,77;;5229,77;986,40;4243,37;
DAMASSIRIO MAMED DAS CHAGAS;GERENCIA DE OBRAS DA CAPITAL;GERENTE AD-2;GERENTE AD-2; CARGO COMISSION.S/VINCULO;4209,79;;4209,79;670,28;3539,51;
DAMIANA LOPES DE MELO;GERENCIA DE PROTOC.E ARQUIVO;A.TEC-I;; ESTATUTARIO;3902,40;;3902,40;322,07;3580,33;
DANIEL QUINTINO DUTRA;GERENCIA DE CONTR.FINANCEIROS;CADISTA;; ESTATUTARIO;3577,54;;3577,54;279,63;3297,91;
DANIELA COUTINHO MENDONCA;GERENCIA DE OBRAS DA CAPITAL;ASSESSOR I AD-1;; CARGO COMISSION.S/VINCULO;5229,77;;5229,77;943,74;4286,03;
DANIELA RAMOS NOGUEIRA C ALEGRIA;GERENCIA DE OBRAS DO INTERIOR;ASSESSOR II AD-2;; CARGO COMISSION.S/VINCULO;4209,79;;4209,79;584,96;3624,83;
DANIELA SILVA DOS SANTOS PEREIRA;GERENCIA DE MANUTENCAO;ASSESSOR III AD-3;; CARGO COMISSION.S/VINCULO;3191,80;;3191,80;392,90;2798,90;
DANIELE BATISTA LOPES;DEPTO.DE ENGENHARIA;GERENTE AD-2;; CARGO COMISSION.S/VINCULO;4209,79;;4209,79;670,28;3539,51;
DANIELLE ANTONY ASSIS;DEPARTAMENTO DE ADM.E FINANCAS;GERENTE AD-2;; CARGO COMISSION.S/VINCULO;4116,52;;4116,52;647,57;3468,95;
DANIELLE ANTONY ASSIS;GERENCIA DE CONTABILIDADE;ASSESSOR III AD-3;ASSESSOR III AD-3; CARGO COMISSION.S/VINCULO;2305,20;;2305,20;;2305,20;
DANIELLE COSTA DE SOUZA;GABINETE DO SECRETARIO;ASSESSOR TECNICO;; CARGO COMISSION.S/VINCULO;7000,00;;7000,00;1444,62;5555,38;
DAWID RAMOS MARTINS;GERENCIA DE OBRAS DA CAPITAL;ASSESSOR IV AD-4;; CARGO COMISSION.S/VINCULO;2575,74;;2575,74;250,59;2325,15;
DORCINEY DE MOURA LIMA;GABINETE DO SECRETARIO;ASSESSOR IV AD-4;ASSESSOR IV AD-4; CARGO COMISSION.S/VINCULO;3175,61;;3175,61;418,48;2757,13;
DORVAL DO NASCIMENTO FEITOSA;GERENCIA DE PROJETOS;AUXILIAR DE TOPOGRAFIA;; ESTATUTARIO;3461,81;;3461,81;149,27;3312,54;
EDGAR LUIZ PINHEIRO DE SOUZA;GERENCIA DE OBRAS DO INTERIOR;ASSESSOR I AD-1;; CARGO COMISSION.S/VINCULO;5229,77;;5229,77;986,40;4243,37;
EDINEIDE DA SILVA FURTADO;GERENCIA DE GESTAO DE PESSOAS;A.TEC-I;; ESTATUTARIO;3710,34;;3710,34;348,50;3361,84;
EDIRSON MENDONCA DA COSTA;GERENCIA DE MANUTENCAO;AUX.O-I;ELETRICISTA; ESTATUTARIO;3916,43;;3916,43;346,32;3570,11;
EDMUNDO SOUZA DO NASCIMENTO;GERENCIA DE MANUTENCAO;AUX.O-I;ELETRICISTA; ESTATUTARIO;3839,87;;3839,87;271,51;3568,36;
EDUARDO DA SILVA PAULA;ASSESSORIA DE COMUNICACAO;ASSESSOR I AD-1;ASSESSOR I AD-1; CARGO COMISSION.S/VINCULO;5229,77;;5229,77;986,40;4243,37;
EDUARDO GOMES DA FROTA;DEPARTAMENTO DE INFORMATICA;GERENTE AD-2;GERENTE AD-2; CARGO COMISSION.S/VINCULO;4209,79;;4209,79;641,84;3567,95;
EDUARDO PEREIRA DE FREITAS;GERENCIA DE OBRAS DA CAPITAL;ENG-I;CH NUC EXERC PROJETO; ESTATUTARIO;8187,50;;8187,50;1866,17;6321,33;
EDUARDO TUYOSHI CHIBA;PESSOAL PROC.DE APOSENTADORIA;ENG-I;; ESTATUTARIO;6560,39;;6560,39;1405,80;5154,59;
EDVALDO ROCHA RIBEIRO;GERENCIA DE PROJETOS;AUX.O-I;; ESTATUTARIO;3586,06;;3586,06;309,95;3276,11;
ELENICE MARIA DE XEREZ V ARIAS;UGPAC/AM-UNID.PROG.ACEL.CRESC.;ASSESSOR TECNICO;; CARGO COMISSION.S/VINCULO;7000,00;;7000,00;1496,76;5503,24;
ELIANA MARIA DA SILVA FEITOSA;GERENCIA DE PROTOC.E ARQUIVO;AUX.S.G-II;; ESTATUTARIO;3516,15;;3516,15;289,80;3226,35;
ELIZA DO CARMO OLIVEIRA DA SILVA;ASSESSORIA JURIDICA;A.TEC-I;ASSESSOR II, AD-2; ESTATUTARIO;5076,98;;5076,98;599,84;4477,14;
ELIZABETH DA COSTA CAVALCANTE;ASSESSORIA DE COMUNICACAO;ASSESSOR I AD-1;; CARGO COMISSION.S/VINCULO;5229,77;;5229,77;943,74;4286,03;
ELZA FERREIRA DA COSTA;GABINETE DO SECRETARIO;A.TEC-II;; ESTATUTARIO;3831,66;;3831,66;274,34;3557,32;
EMERSON REDIG DE OLIVEIRA;GERENCIA DE TRANSPORTES;ENG-III;ASSESSOR I, AD-1; ESTATUTARIO;7335,37;;7335,37;1628,59;5706,78;
EMERSON SILVEIRA FERREIRA;GERENCIA DE CONTABILIDADE;A.TEC-II;GERENTE AD-2; ESTATUTARIO;3844,20;;3844,20;181,42;3662,78;
ENA ASSAN DA COSTA;SECRETARIA EXECUTIVA;SECRETARIO EXECUTIVO;; CARGO COMISSION.S/VINCULO;8190,00;;8190,00;1824,01;6365,99;
ERENILDO DA SILVA TEIXEIRA;GERENCIA DE PROJETOS;ASSESSOR TECNICO;; CARGO COMISSION.S/VINCULO;7000,00;;7000,00;1444,62;5555,38;
ERIKA PINHEIRO AVELINO BARBOSA;GERENCIA DE PROJETOS;ASSESSOR I AD-1;; CARGO COMISSION.S/VINCULO;6973,03;;6973,03;1385,07;5587,96;
EUCLYCES MARIA DE PAULA FREITAS;GABINETE DO SECRETARIO;ASSISTENTE ADMINISTRATIVO I;CHEFE GABINETE AD-1; ESTATUTARIO;5919,86;;5919,86;878,11;5041,75;
FABIANA BARBOSA MENTA;GERENCIA DE MANUTENCAO;SUBGERENTE AD-3;SUBGERENTE AD-3; CARGO COMISSION.S/VINCULO;3191,80;;3191,80;422,40;2769,40;
FABIANA MARIA LEMUS CORREIA;SECRETARIA EXECUTIVA;GERENTE AD-2;; CARGO COMISSION.S/VINCULO;4209,79;;4209,79;641,84;3567,95;
FAUSTINIANO FONSECA NETO;GERENCIA DE OBRAS DO INTERIOR;ENG-I;; ESTATUTARIO;6228,50;;6228,50;1183,79;5044,71;
FERNANDO ELIAS PRESTES GONCALVES;GABINETE DO SECRETARIO;ENG-III;; ESTATUTARIO;5651,40;;5651,40;1083,33;4568,07;
FRANCILENE BESSA DA SILVA;GERENCIA DE TRANSPORTES;ASSESSOR TECNICO;; CARGO COMISSION.S/VINCULO;7000,00;;7000,00;1444,62;5555,38;
FRANCIS ALBERT GAMA PARENTE;GERENCIA DE PROJETOS;ENGENHEIRO;; ESTATUTARIO;6669,17;;6669,17;1100,73;5568,44;
FRANCISCA MOTA DE LIMA;GABINETE DO SECRETARIO;ASSESSOR IV AD-4;ASSESSOR IV AD-4; CARGO COMISSION.S/VINCULO;2575,61;;2575,61;264,79;2310,82;
FRANCISCO BARROSO GOMES;GERENCIA DE MANUTENCAO;VIGIA-I;; ESTATUTARIO;3252,94;;3252,94;157,66;3095,28;
FRANCISCO CHAGAS SANTOS DA SILVA;GERENCIA DE GESTAO DE PESSOAS;A.TEC-II;; ESTATUTARIO;3851,07;;3851,07;364,20;3486,87;
FRANCISCO DAS CHAGAS ROSA DE LIMA;GERENCIA DE MANUTENCAO;MOT-I;; ESTATUTARIO;4023,95;;4023,95;371,50;3652,45;
FRANCISCO DE PAULA PENA DE ARAUJO;GERENCIA DE PROJETOS;ASSESSOR III AD-3;ASSESSOR III AD-3; CARGO COMISSION.S/VINCULO;3191,80;;3191,80;422,40;2769,40;
FRANCISCO JOSE DE CASTRO E SILVA;ASSESSORIA JURIDICA;ASSESSOR III AD-3;ASSESSOR III AD-3; CARGO COMISSION.S/VINCULO;3191,80;;3191,80;422,40;2769,40;
FRANCISCO OLIVEIRA DE SOUZA FILHO;UNID.GEST.PR.SOC.AMB.IGARAPES;ENG-I;; ESTATUTARIO;7482,07;;7482,07;1524,22;5957,85;
FRANK DOUGLAS THOMES DE SOUZA;GERENCIA DE OBRAS DO INTERIOR;ASSESSOR TECNICO;; CARGO COMISSION.S/VINCULO;7000,00;;7000,00;1496,76;5503,24;
FRANQUIMAR SANTANA CIDRONIO;GERENCIA DE OBRAS DA CAPITAL;TNS-I;; ESTATUTARIO;7604,25;;7604,25;1230,23;6374,02;
FREDY MARIN LUJAN;GERENCIA DE MANUTENCAO;ASSESSOR IV AD-4;ASSESSOR IV AD-4; CARGO COMISSION.S/VINCULO;4234,15;;4234,15;590,89;3643,26;
GILTEMBERG MESSIAS DE O SILVA;DEPARTAMENTO DE ADM.E FINANCAS;ASSESSOR IV AD-4;ASSESSOR IV AD-4; CARGO COMISSION.S/VINCULO;3175,61;;3175,61;418,48;2757,13;
GIRLANE PESSOA BRASIL;GERENCIA DE GESTAO DE PESSOAS;SUBGERENTE AD-3;SUBGERENTE AD-3; CARGO COMISSION.S/VINCULO;4255,73;;4255,73;684,21;3571,52;
GLAUPERCIO SANTOS CASTELO BRANCO;DEPTO.DE ENGENHARIA;ENG-I;; ESTATUTARIO;8134,98;;8134,98;1743,68;6391,30;
GUSTAVO LUIS SOARES PROLA;GABINETE DO SECRETARIO;ASSESSOR III AD-3;; CARGO COMISSION.S/VINCULO;3191,80;;3191,80;407,12;2784,68;
HANNE CRISTHINE ASSIMEN CALDAS;ASSESSORIA DE COMUNICACAO;SUBGERENTE AD-3;; CARGO COMISSION.S/VINCULO;3191,80;;3191,80;422,40;2769,40;
HARLEY AUGUSTO VIEIRA DOS SANTOS;GERENCIA DE PROJETOS;SUBGERENTE AD-3;SUBGERENTE AD-3; CARGO COMISSION.S/VINCULO;3191,80;;3191,80;422,40;2769,40;
HEITOR RIBEIRO DA CAMARA;GERENCIA DE OBRAS DA CAPITAL;ENG-I;; ESTATUTARIO;7081,47;;7081,47;1534,69;5546,78;
HELEN CRISTINA DE CASTRO PERDIGAO;SECRETARIA EXECUTIVA;ASSESSOR IV AD-4;; CARGO COMISSION.S/VINCULO;3175,61;;3175,61;390,04;2785,57;
HENNYSOW RENATO TRAJANO GANDRA;GERENCIA DE PROJETOS;CADISTA;; ESTATUTARIO;4770,05;;4770,05;509,58;4260,47;
HENRIETT SANTOS VIANNA COSTA;GERENCIA DE CONTABILIDADE;A.TEC-I;; ESTATUTARIO;3892,70;;3892,70;319,80;3572,90;
IRISNALDO VALENTE DE LIRA;GERENCIA DE GESTAO DE PESSOAS;A.TEC-I;; ESTATUTARIO;3727,83;;3727,83;267,44;3460,39;
ISABEL CRISTINA DUARTE S NEGOITA;GERENCIA DE OBRAS DA CAPITAL;ASSESSOR TECNICO;; CARGO COMISSION.S/VINCULO;7000,00;;7000,00;1496,76;5503,24;
IVANIZE MARIA SIQUEIRA DE FARIAS;DEPARTAMENTO DE ADM.E FINANCAS;ASSESSOR II AD-2;ASSESSOR II AD-2; CARGO COMISSION.S/VINCULO;4209,79;;4209,79;670,28;3539,51;
IVETE COELHO DIBO;GERENCIA DE OBRAS DO INTERIOR;ASSESSOR TECNICO;; CARGO COMISSION.S/VINCULO;7000,00;;7000,00;1392,48;5607,52;
JADIR MILLER RAMOS;GERENCIA DE MANUTENCAO;AUX.O-I;; ESTATUTARIO;5927,42;;5927,42;233,61;5693,81;
JAIR TEOFILO DE PONTES FILHO;GERENCIA DE TRANSPORTES;ENG.O-II;; ESTATUTARIO;5839,74;;5839,74;1202,29;4637,45;
JANNY MARY MOTA DA SILVA;GERENCIA DE OBRAS DO INTERIOR;ASSESSOR II AD-2;; CARGO COMISSION.S/VINCULO;4209,79;;4209,79;670,28;3539,51;
JANSEN DE OLIVEIRA MONTE;DEPTO.DE ENGENHARIA;DIGITADOR;; ESTATUTARIO;3577,54;;3577,54;251,20;3326,34;
JARLAN BIASE DE LIMA;GERENCIA DE TRANSPORTES;FISCAL RODOVIARIO;; ESTATUTARIO;2977,54;;2977,54;189,46;2788,08;
JEROCILIO ROBERTO SIMOES A SILVA;GERENCIA DE OBRAS DA CAPITAL;ENG-I;; ESTATUTARIO;19874,16;;19874,16;5458,90;14415,26;
JOACY DE SOUZA CASTELO;GERENCIA DE GESTAO DE PESSOAS;ASSESSOR IV AD-4;ASSESSOR IV AD-4; CARGO COMISSION.S/VINCULO;2575,61;;2575,61;264,79;2310,82;
JOAO IBERNON DE MOURA;GERENCIA DE PROJETOS;TPG-I;; ESTATUTARIO;4002,27;;4002,27;335,70;3666,57;
JOAO NUNES CORREA JUNIOR;GERENCIA DE MANUTENCAO;ASSESSOR IV AD-4;ASSESSOR IV AD-4; CARGO COMISSION.S/VINCULO;3175,61;;3175,61;418,48;2757,13;
JOAO PINTO DOS SANTOS;GERENCIA DE PROJETOS;AUX.O-I;; ESTATUTARIO;5243,37;;5243,37;508,03;4735,34;
JOAO SEIXAS DA SILVA;GERENCIA DE MANUTENCAO;AUX.O-I;; ESTATUTARIO;3820,46;;3820,46;266,96;3553,50;
JOSE ALMEIDA DE OLIVEIRA;ASSESSORIA JURIDICA;ENG-I;ASSESSOR I AD 1; ESTATUTARIO;9165,07;;9165,07;2248,43;6916,64;
JOSE DE RIBAMAR XAVIER D E SILVA;GERENCIA DE PROJETOS;TNS-I;GERENTE, AD-2; ESTATUTARIO;8132,94;;8132,94;1831,02;6301,92;
JOSE MAURICIO DOS SANTOS TOMAZ;ASSESSORIA JURIDICA;ASSESSOR I AD-1;ASSESSOR I AD-1; CARGO COMISSION.S/VINCULO;5229,77;;5229,77;986,40;4243,37;
JOYCE SOUZA DE SENA MARINHO;GERENCIA DE OBRAS DO INTERIOR;ASSESSOR TECNICO;ASSESSOR TECNICO; CARGO COMISSION.S/VINCULO;7000,00;;7000,00;1496,76;5503,24;
JULIO CEZAR BANDEIRA DA SILVA;DEPARTAMENTO DE ADM.E FINANCAS;ASSESSOR IV AD-4;ASSESSOR IV AD-4; CARGO COMISSION.S/VINCULO;3175,61;;3175,61;404,26;2771,35;
JURACI SILVA CARDOSO;DEPTO.DE ENGENHARIA;A.TEC-I;; ESTATUTARIO;3902,40;;3902,40;378,94;3523,46;
KARLA CRISTINA PEREIRA PASSOS;GERENCIA DE PROJETOS;ASSESSOR II AD-2;ASSESSOR II AD-2; CARGO COMISSION.S/VINCULO;4209,79;;4209,79;670,28;3539,51;
KATIA MARIA SOARES B C CAPOBIANGO;GABINETE DO SECRETARIO;ARQUITETO;; ESTATUTARIO;4551,90;;4551,90;544,17;4007,73;
KEITOKU TOYODA;GERENCIA DE ORCAMENTO;ENG-I;CHEFE SETOR CUSTOS; ESTATUTARIO;7395,98;;7395,98;1007,54;6388,44;
KELLY SUELEN CORREA HOLANDA;DEPARTAMENTO DE INFORMATICA;ASSESSOR I AD-1;ASSESSOR I AD 1; CARGO COMISSION.S/VINCULO;5229,77;;5229,77;986,40;4243,37;
KEN NISHIKIDO;GERENCIA DE ORCAMENTO;ENG-I;; ESTATUTARIO;7394,72;;7394,72;1574,12;5820,60;
LAZARO ROQUE DOS SANTOS;GERENCIA DE PROJETOS;AUX.O-I;; ESTATUTARIO;6763,23;;6763,23;509,68;6253,55;
LESSIANE PEREIRA DE SOUSA;DEPARTAMENTO DE ADM.E FINANCAS;DIGITADOR;; ESTATUTARIO;3577,54;;3577,54;308,07;3269,47;
LEYDIANE GUIMARAES DA COSTA;DEPARTAMENTO DE ADM.E FINANCAS;ASSESSOR III AD-3;; CARGO COMISSION.S/VINCULO;3191,80;;3191,80;422,40;2769,40;
LUCAS MACEDO BEZERRA;ASSESSORIA JURIDICA;ASSESSOR I AD-1;ASSESSOR I AD-1; CARGO COMISSION.S/VINCULO;5229,77;;5229,77;986,40;4243,37;
LUCICLEY BARBOSA E SA;GERENCIA DE GESTAO DE PESSOAS;ASSESSOR III AD-3;ASSESSOR III AD-3; CARGO COMISSION.S/VINCULO;3191,80;;3191,80;422,40;2769,40;
LUIZ ANTONIO DE V D JUNIOR;GERENCIA DE PROJETOS;ASSESSOR I AD-1;ASSESSOR I AD-1; CARGO COMISSION.S/VINCULO;5229,77;;5229,77;858,43;4371,34;
LUIZ CARLOS PEREIRA DO NASCIMENTO;GERENCIA DE PROJETOS;MOT-I;; ESTATUTARIO;4118,85;;4118,85;435,71;3683,14;
LUIZ HENRIQUE MARTINS LINHARES;GERENCIA DE TRANSPORTES;A.OPE-I;; ESTATUTARIO;5895,58;;5895,58;823,73;5071,85;
MAIRA CASTRO LOPES;GERENCIA DE PROJETOS;ASSESSOR I AD-1;; CARGO COMISSION.S/VINCULO;5229,77;;5229,77;986,40;4243,37;
MANOEL DE CASTRO PAIVA;SECRETARIA EXECUTIVA;ENG.O-I;; ESTATUTARIO;3271,08;;3271,08;639,49;2631,59;
MANOEL FERNANDES DA SILVA;GERENCIA DE PROJETOS;AUX.O-I;; ESTATUTARIO;4872,08;;4872,08;496,22;4375,86;
MANUEL RIBAMAR VALDEVINO OLIVEIRA;GERENCIA DE TRANSPORTES;ENG.O-I;; ESTATUTARIO;11546,09;;11546,09;2840,17;8705,92;
MANUELA GOMES DA SILVA;GERENCIA DE PROJETOS;ASSESSOR I AD-1;; CARGO COMISSION.S/VINCULO;5229,77;;5229,77;986,40;4243,37;
MARA SOCORRO DE SOUZA LOBO;GABINETE DO SECRETARIO;ASSESSOR II AD-2;ASSESSOR II AD-2; CARGO COMISSION.S/VINCULO;4209,79;;4209,79;670,28;3539,51;
MARCELO CELSO BASTOS DE AGUIAR;GERENCIA DE OBRAS DA CAPITAL;ENG-I;; ESTATUTARIO;13692,94;;13692,94;3827,86;9865,08;
MARCELO GOMES DE OLIVEIRA;DEPARTAMENTO DE ADM.E FINANCAS;A.TEC-II;SEC. EXEC.ADJUNTO; ESTATUTARIO;9000,00;;9000,00;1614,54;7385,46;
MARCILIO DA SILVA REIS;GERENCIA DE PROTOC.E ARQUIVO;ASSESSOR IV AD-4;ASSESSOR IV AD-4; CARGO COMISSION.S/VINCULO;2575,61;;2575,61;264,79;2310,82;
MARCIO LEANDRO FIGUEIREDO LUCENA;GABINETE DO SECRETARIO;ASSESSOR IV;; CARGO COMISSION.S/VINCULO;2575,61;;2575,61;264,79;2310,82;
MARCO ANTONIO MUNIZ RIBEIRO;GERENCIA DE OBRAS DO INTERIOR;GERENTE AD-2;; CARGO COMISSION.S/VINCULO;4209,79;;4209,79;613,40;3596,39;
MARCOS CASTRO DE SOUZA;DEPARTAMENTO DE ADM.E FINANCAS;ASSESSOR III AD-3;; CARGO COMISSION.S/VINCULO;3191,80;;3191,80;422,40;2769,40;
MARIA DE FATIMA NUNES RIBEIRO;GERENCIA DE TRANSPORTES;A.TEC-I;SECRETARIA DA DO; ESTATUTARIO;3701,57;;3701,57;345,74;3355,83;
MARIA DE FATIMA SOUZA LIMA;DEPARTAMENTO DE ADM.E FINANCAS;ASSISTENTE TECNICO 1A CLASSE;; ESTATUTARIO;2986,28;;2986,28;205,22;2781,06;
MARIA DO CARMO FERREIRA DA SILVA;GERENCIA DE PROJETOS;A.TEC-I;; ESTATUTARIO;3700,29;;3700,29;345,43;3354,86;
MARIA DO CARMO VIEIRA GOLVIM;GERENCIA DE ORCAMENTO;ENG-I;; ESTATUTARIO;7367,39;;7367,39;1744,22;5623,17;
MARIA DO PERPETUO S F OLIVEIRA;GERENCIA DE GESTAO DE PESSOAS;ASSESSOR I AD-1;; CARGO COMISSION.S/VINCULO;5229,77;;5229,77;986,40;4243,37;
MARIA EMILIA LEITE FRANCA;GERENCIA DE MANUTENCAO;AUX.ADM-I;; ESTATUTARIO;3743,41;;3743,41;312,02;3431,39;
MARIA JOSE LITAIFF E LITAIFF;GERENCIA DE PROJETOS;DES-I;ASSESSOR I - AD-1; ESTATUTARIO;5869,52;;5869,52;830,61;5038,91;
MARIA MARIANA CARNEIRO;GERENCIA DE GESTAO DE PESSOAS;AUXILIAR DE SERV GERAIS 3A CLASSE;; ESTATUTARIO;3470,55;;3470,55;193,48;3277,07;
MARILENA BO AGUIAR;GERENCIA DE ORCAMENTO;ENGENHEIRO;; ESTATUTARIO;6839,91;;6839,91;1503,73;5336,18;
MARIO DANIEL CONCEICAO DE CARVALHO;GABINETE DO SECRETARIO;ASSESSOR I AD-1;ASSESSOR I AD-1; CARGO COMISSION.S/VINCULO;5229,77;;5229,77;901,09;4328,68;
MARIO JORGE ALVES DE LIMA;ASSESSORIA DE COMUNICACAO;ASSESSOR II AD-2;; CARGO COMISSION.S/VINCULO;4209,79;;4209,79;670,28;3539,51;
MARIO JORGE DUTRA DA SILVA;GERENCIA DE OBRAS DO INTERIOR;ENG-I;ASSESSOR TECNICO; ESTATUTARIO;7473,32;;7473,32;1677,53;5795,79;
MARIO RODRIGUES MONTEIRO JUNIOR;DEPARTAMENTO DE ADM.E FINANCAS;ASSESSOR III AD-3;; CARGO COMISSION.S/VINCULO;4255,73;;4255,73;653,03;3602,70;
MARLA ALMEIDA DE SAN MARTIN;GABINETE DO SECRETARIO;ASSESSOR II AD-2;; CARGO COMISSION.S/VINCULO;4209,79;;4209,79;613,40;3596,39;
MARLENE LOPES DO NASCIMENTO;GERENCIA DE ORCAMENTO;DES-I;; ESTATUTARIO;3906,39;;3906,39;340,94;3565,45;
MEGGY NERY FERNANDES E SILVA;GERENCIA DE CONTR.FINANCEIROS;GERENTE AD-2;; CARGO COMISSION.S/VINCULO;4209,79;;4209,79;670,28;3539,51;
NELIO CEZAR DA SILVA RAMOS;DEPTO.DE ENGENHARIA;ASSESSOR IV AD-4;ASSESSOR IV AD-4; CARGO COMISSION.S/VINCULO;3175,61;;3175,61;390,04;2785,57;
NEY AFONSO SIQUEIRA AGUIAR;GERENCIA DE PROJETOS;DES-I;; ESTATUTARIO;3727,83;;3727,83;373,49;3354,34;
NIVALNETT DOS SANTOS OSORIO;GABINETE DO SECRETARIO;SUBGERENTE AD-3;; CARGO COMISSION.S/VINCULO;3191,80;;3191,80;407,12;2784,68;
ODILENO RABELO DA SILVA;GERENCIA DE MANUTENCAO;ASSESSOR II AD-2;ASSESSOR II AD2; CARGO COMISSION.S/VINCULO;4209,79;;4209,79;641,84;3567,95;
ORLANDO AUGUSTO VIEIRA DE M JUNIOR;SECRETARIA EXECUTIVA;ENG-I;; ESTATUTARIO;12698,09;;12698,09;3635,29;9062,80;
ORLANDO SILVIO DE PAULA LIMA;GERENCIA DE PROJETOS;AUX.O-I;; ESTATUTARIO;3830,17;;3830,17;354,55;3475,62;
OSVALDO PEREIRA PINTO;GERENCIA DE MANUTENCAO;AUX.O-I;; ESTATUTARIO;3077,79;;3077,79;189,43;2888,36;
OSWALDO SAID JUNIOR;GERENCIA DE OBRAS DA CAPITAL;TNS-I;; ESTATUTARIO;5813,75;;5813,75;1193,07;4620,68;
OTACILIO DOS SANTOS CARDOSO JUNIOR;SECRETARIA EXECUTIVA;ASSESSOR TECNICO;ASSESSOR TECNICO; CARGO COMISSION.S/VINCULO;9333,33;;9333,33;2138,42;7194,91;
PAULO JOSE DO NASCIMENTO;DEPTO.DE ENGENHARIA;ASSESSOR IV AD-4;ASSESSOR IV AD-4; CARGO COMISSION.S/VINCULO;3175,61;;3175,61;418,48;2757,13;
PAULO OVIDIO LUZ MACHADO;GERENCIA DE OBRAS DA CAPITAL;ASSESSOR TECNICO;ASSESSOR TECNICO; CARGO COMISSION.S/VINCULO;7000,00;;7000,00;1496,76;5503,24;
PAULO ROGERIO DE OLIVEIRA LEITE;GERENCIA DE PROJETOS;A.TEC-I;; ESTATUTARIO;3710,34;;3710,34;320,06;3390,28;
PAULO ROMEU LAMMEL HENDGES;DEPTO.DE ENGENHARIA;ASSESSOR I AD-1;ASSESSOR I AD-1; CARGO COMISSION.S/VINCULO;5229,77;;5229,77;986,40;4243,37;
PEDRO DOS SANTOS LIMA FILHO;GERENCIA DE PROJETOS;ASSESSOR IV AD-4;; CARGO COMISSION.S/VINCULO;3175,61;;3175,61;404,26;2771,35;
PEDRO PAULO PEREIRA MARTINS SILVA;ASSESSORIA JURIDICA;ASSESSOR IV AD-4;; CARGO COMISSION.S/VINCULO;2575,61;;2575,61;264,79;2310,82;
RAFAELA ALMEIDA GUIMARAES;GERENCIA DE PROJETOS;ASSESSOR I AD-1;ASSESSOR I AD1; CARGO COMISSION.S/VINCULO;5229,77;;5229,77;986,40;4243,37;
RAIMUNDO CARNEIRO DE CASTRO;GERENCIA DE MANUTENCAO;MOT-I;; ESTATUTARIO;4144,72;;4144,72;400,86;3743,86;
RAIMUNDO CHAVES FERREIRA FILHO;GERENCIA DE MANUTENCAO;AUX.O-I;; ESTATUTARIO;3645,31;;3645,31;324,37;3320,94;
RAIMUNDO EXPEDITO VIEIRA;GERENCIA DE OBRAS DA CAPITAL;ENG-I;; ESTATUTARIO;8225,62;;8225,62;1879,39;6346,23;
RAIMUNDO MONTEIRO DO NASCIMENTO;DEPTO.DE ENGENHARIA;AUX.O-I;; ESTATUTARIO;3830,17;;3830,17;354,55;3475,62;
RAIMUNDO NONATO BELO SOARES;GERENCIA DE OBRAS DA CAPITAL;ENG-II;; ESTATUTARIO;7546,23;;7546,23;1755,53;5790,70;
RAIMUNDO NONATO FERREIRA DA SILVA;GERENCIA DE MANUTENCAO;AUX.O-I;; ESTATUTARIO;3387,79;;3387,79;255,18;3132,61;
RAIMUNDO NONATO GASPAR DE MELO;PESSOAL PROC.DE APOSENTADORIA;A.OPE-I;ASSESSOR II,AD-2; ESTATUTARIO;4957,99;;4957,99;447,16;4510,83;
RAIMUNDO PEDRACA FILGUEIRAS JUNIOR;GERENCIA DE ORCAMENTO;A.TEC-I;GERENTE, AD-2; ESTATUTARIO;4895,57;;4895,57;555,20;4340,37;
REBECA DOS SANTOS CUNHA;GERENCIA DE CONTR.FINANCEIROS;ASSESSOR III AD-3;; CARGO COMISSION.S/VINCULO;3191,80;;3191,80;422,40;2769,40;
REGIANE CAMPOS DE CASTRO;GERENCIA DE PROJETOS;ASSESSOR III AD-3;ASSESSOR III AD-3; CARGO COMISSION.S/VINCULO;3191,80;;3191,80;407,12;2784,68;
REGINALDO HILARIO DO NASCIMENTO;GERENCIA DE OBRAS DO INTERIOR;ASSISTENTE TECNICO 3A CLASSE;; ESTATUTARIO;3586,28;;3586,28;281,76;3304,52;
RENATA BEZERRA DE MELO;DEPARTAMENTO DE ADM.E FINANCAS;DIGITADOR;CHEFE DEPARTAM. AD-1; ESTATUTARIO;937,00;;937,00;166,72;770,28;
RENATO ANTONIO PAES BENAION;GERENCIA DE ORCAMENTO;ENG-I;; ESTATUTARIO;8488,29;;8488,29;2022,64;6465,65;
ROBERTO ALVES DE MENEZES;GERENCIA DE MANUTENCAO;AUX.O-I;AMOXARIFE; ESTATUTARIO;3764,39;;3764,39;253,83;3510,56;
ROBERTO PALMEIRA REIS;GERENCIA DE OBRAS DO INTERIOR;ASSESSOR TECNICO;ASSESSOR TECNICO; CARGO COMISSION.S/VINCULO;9333,33;;9333,33;2138,42;7194,91;
ROCICLEIA FERREIRA DA SILVA;GERENCIA DE GESTAO DE PESSOAS;ASSESSOR III AD-3;; CARGO COMISSION.S/VINCULO;3191,80;;3191,80;422,40;2769,40;
ROGERIO GENICIO LUCENA JUNIOR;GERENCIA DE TRANSPORTES;ASSESSOR TECNICO;ASSESSOR TECNICO; CARGO COMISSION.S/VINCULO;7000,00;;7000,00;1496,76;5503,24;
RONY MONTEIRO DA SILVA;GERENCIA DE CONTABILIDADE;ASSESSOR III AD-3;; CARGO COMISSION.S/VINCULO;3191,80;;3191,80;422,40;2769,40;
SALIME SOUZA NOBREGA;GABINETE DO SECRETARIO;ASSESSOR I AD-1;; CARGO COMISSION.S/VINCULO;5229,77;;5229,77;986,40;4243,37;
SAMUEL CARVALHO DE SOUZA;SECRETARIA EXECUTIVA;ASSESSOR II AD-2;ASSESSOR II AD-2; CARGO COMISSION.S/VINCULO;4209,79;;4209,79;670,28;3539,51;
SANDRA SUELI FONTES RODRIGUES;DEPTO.DE ENGENHARIA;TNS-I;SECRETARIA EXEC.ADJ.; ESTATUTARIO;5815,93;;5815,93;1040,29;4775,64;
SANDRO AUGUSTO NOGUEIRA LIMA;DEPARTAMENTO DE ADM.E FINANCAS;CHEFE DE DEPARTAMENTO AD-1;CH.DE DEPART.AD-1; CARGO COMISSION.S/VINCULO;5229,77;;5229,77;901,09;4328,68;
SIDNEY MENDONCA DIAS DE ALMEIDA;GERENCIA DE MANUTENCAO;MOT-I;; ESTATUTARIO;3208,84;;3208,84;172,47;3036,37;
SILVIA PATRICIA MATOS GABRIEL;GERENCIA DE ORCAMENTO;ASSESSOR I AD-1;; CARGO COMISSION.S/VINCULO;5229,77;;5229,77;901,09;4328,68;
SIMONE COSTA MALAQUIAS;UNID.GEST.PR.SOC.AMB.IGARAPES;GERENTE AD-2;; CARGO COMISSION.S/VINCULO;4209,79;;4209,79;641,84;3567,95;
STELLA MARIA LOBATO HORTENCIO;GERENCIA DE PROJETOS;ASSESSOR III AD-3;; CARGO COMISSION.S/VINCULO;3191,80;;3191,80;392,90;2798,90;
SUELLEN ALVES DE OLIVEIRA CASAS;GERENCIA DE CONTR.FINANCEIROS;ASSESSOR III AD-3;; CARGO COMISSION.S/VINCULO;3014,48;;3014,48;;3014,48;
SUELLEN ALVES DE OLIVEIRA CASAS;GERENCIA DE CONTR.FINANCEIROS;ASSESSOR II AD-2;; CARGO COMISSION.S/VINCULO;4209,79;;4209,79;619,81;3589,98;
SYLVANA CELIVIA GOMES FREITAS;SECRETARIA EXECUTIVA;ASSESSOR II AD-2;ASSESSOR II AD-2; CARGO COMISSION.S/VINCULO;5613,05;;5613,05;1063,21;4549,84;
TANIA REGINA ALMEIDA DOS SANTOS;GABINETE DO SECRETARIO;CHEFE DE DEPARTAMENTO AD-1;; CARGO COMISSION.S/VINCULO;5229,77;;5229,77;986,40;4243,37;
TELMO FERNANDES TORRES;DEPTO.DE ENGENHARIA;AUX.O-I;; ESTATUTARIO;3875,46;;3875,46;365,16;3510,30;
TIAGO DA SILVA CAMELO;GERENCIA DE OBRAS DO INTERIOR;ASSESSOR TECNICO;ASSESSOR TECNICO; CARGO COMISSION.S/VINCULO;7000,00;;7000,00;1496,76;5503,24;
TYSSIA REGIA RAYOL C OLIVEIRA;GERENCIA DE OBRAS DO INTERIOR;ENG-III;; ESTATUTARIO;7000,84;;7000,84;1600,66;5400,18;
VENANCIO WILLAMS DA SILVA FREIRE;GERENCIA DE TRANSPORTES;FISCAL RODOVIARIO;; ESTATUTARIO;3577,54;;3577,54;308,07;3269,47;
VERA LANE DE CASTRO MARTINS;GERENCIA DE OBRAS DO INTERIOR;ASSESSOR TECNICO;ASSESSOR TECNICO; CARGO COMISSION.S/VINCULO;7000,00;;7000,00;1496,76;5503,24;
VICENTE PARENTE DE ARAUJO JUNIOR;GERENCIA DE ORCAMENTO;AUXILIAR DE TOPOGRAFIA;ASSESSOR TECNICO; ESTATUTARIO;7000,00;;7000,00;991,52;6008,48;
VITOR HUGO ALVES PINHO;GERENCIA DE PROJETOS;DES-I;; ESTATUTARIO;4002,27;;4002,27;364,14;3638,13;
VLADIMIR ANTONIO DE LIMA GOMES;GERENCIA DE ORCAMENTO;ASSESSOR TECNICO;; CARGO COMISSION.S/VINCULO;9333,33;;9333,33;2034,15;7299,18;
WALMEM DE MELO BOTELHO;PESSOAL PROC.DE APOSENTADORIA;DES-I;; ESTATUTARIO;3736,58;;3736,58;318,74;3417,84;
WALTER DA SILVA MERGULHAO;GERENCIA DE OBRAS DO INTERIOR;ASSESSOR TECNICO;ASSESSOR TECNICO; CARGO COMISSION.S/VINCULO;7000,00;;7000,00;1496,76;5503,24;
WENDELL DA SILVA AFONSO;GERENCIA DE CONTR.FINANCEIROS;GERENTE AD-2;; CARGO COMISSION.S/VINCULO;4209,79;;4209,79;670,28;3539,51;
WENDELL DA SILVA AFONSO;GERENCIA DE CONVENIOS FEDERAIS;ASSESSOR III AD-3;ASSESSOR III AD-3; CARGO COMISSION.S/VINCULO;1241,25;;1241,25;;1241,25;
WILSON LUIZ SOUZA TINOCO;GERENCIA DE OBRAS DO INTERIOR;ASSESSOR I AD-1;; CARGO COMISSION.S/VINCULO;5229,77;;5229,77;986,40;4243,37;
WLADIMIR BARROSO GUEDES DE A JUNIOR;GERENCIA DE PROJETOS;A.OPE-I;; ESTATUTARIO;6009,80;;6009,80;812,11;5197,69;
