NOME;LOTACAO;CARGO;FUNCAO;VINCULO;REMUNERACAO LEGAL TOTAL(R$);DESC.TETO(R$); REMUNERACAO LEGAL DEVIDA(R$);DESCONTOS LEGAIS(R$);LIQUIDO DISPONIVEL(R$);
ABIAIR BARROSO BRUCE;DEPTO.DE PROTECAO SOC.BASICA;ASSESSOR II AD-2;ASSESSOR-II AD-2; CARGO COMISSION.S/VINCULO;4209,79;;4209,79;670,28;3539,51;
ACRISIO ZIK UCHOA;DEPTO.DE ADMINIS.E FINANCAS;AUXILIAR DE SERV GERAIS 3A CLASSE;; ESTATUTARIO;2181,29;;2181,29;140,33;2040,96;
ADRIANA CELINA SERRAO RODRIGUES;DEPTO.DE ADMINIS.E FINANCAS;A.TEC-II;GERENTE AD-2; ESTATUTARIO;4835,46;;4835,46;576,99;4258,47;
ALBERTO HIPOCRATES E MELLO;DEPTO.DE ADMINIS.E FINANCAS;AUX.S.G-I;; ESTATUTARIO;3586,06;;3586,06;281,51;3304,55;
ALCINEIDE MAQUINE DA SILVA;DEPTO.DE ADMINIS.E FINANCAS;AUX.S.G-II;; ESTATUTARIO;1925,19;;1925,19;138,81;1786,38;
ALDENORA SERRAO ALVES;DEPTO.DE PROTECAO SOC.ESPECIAL;ASSISTENTE TECNICO 3A CLASSE;; ESTATUTARIO;3155,18;;3155,18;219,67;2935,51;
ALISILVIA LEAO PEDROSO;DEPTO.DE PROTECAO SOC.BASICA;GERENTE AD-2;GERENTE AD 2; CARGO COMISSION.S/VINCULO;4209,79;;4209,79;670,28;3539,51;
ANA CLAUDIA PEREIRA DE SOUZA;DEPTO.DE ADMINIS.E FINANCAS;ASSISTENTE TECNICO 1A CLASSE;; ESTATUTARIO;3875,59;;3875,59;365,38;3510,21;
ANA FREITAS ARAUJO;DEPTO.DE ADMINIS.E FINANCAS;MONITOR 2A CLASSE;; ESTATUTARIO;1376,42;;1376,42;151,41;1225,01;
ANA LUCIA DE SIQUEIRA MOREIRA;DEPTO.DE ADMINIS.E FINANCAS;ASSISTENTE TECNICO 1A CLASSE;; ESTATUTARIO;3878,08;;3878,08;337,53;3540,55;
ANA MARIA BEZERRA NUNES;DEPTO.DE PROTECAO SOC.ESPECIAL;ASSISTENTE TECNICO 2A CLASSE;; ESTATUTARIO;3877,76;;3877,76;365,88;3511,88;
ANA MARIA MARTINS SIMOES;DEPTO.DE PROTECAO SOC.BASICA;MONITOR 2A CLASSE;; ESTATUTARIO;1372,77;;1372,77;151,41;1221,36;
ANA MARIA PIMENTEL DA SILVA;DEPTO.DE PROTECAO SOC.BASICA;AUX.S.G-II;; ESTATUTARIO;1253,20;;1253,20;137,85;1115,35;
ANDERSON MARQUES RAMPASO;DEPTO.DE ADMINIS.E FINANCAS;GERENTE AD-2;GERENTE AD 2; CARGO COMISSION.S/VINCULO;4209,79;;4209,79;531,00;3678,79;
ANGELA JACIARA MERGUEIRO DE MATOS;DEPTO.DE ADMINIS.E FINANCAS;AUX.S.G-II;; ESTATUTARIO;2916,15;;2916,15;203,42;2712,73;
ANNA BERNADETH OLIVEIRA MONIZ;DEPTO.DE ADMINIS.E FINANCAS;A.TEC-I;; ESTATUTARIO;2714,34;;2714,34;220,47;2493,87;
ANTONIA CLEONILDE ARAUJO DOS SANTOS;DEPTO.DE PROTECAO SOC.BASICA;AUX.S.G-II;; ESTATUTARIO;1285,15;;1285,15;137,85;1147,30;
ANTONIO GERALDO PICANCO;DEPTO.DE ADMINIS.E FINANCAS;MOT-I;SUB.GERENTE AD-3; ESTATUTARIO;4217,95;;4217,95;408,06;3809,89;
ARIDAN NONATA COUTO RAMOS;ASSESSORIA DE PLANEJAMENTO;AUX.S.G-II;; ESTATUTARIO;3524,90;;3524,90;291,92;3232,98;
ARIOMAR TAVARES DE SOUZA;DEPTO.DE ADMINIS.E FINANCAS;A.TEC-I;; ESTATUTARIO;2200,32;;2200,32;171,92;2028,40;
ARTEMIZA ANDRADE BARBOSA;DEPTO.DE ADMINIS.E FINANCAS;AUX.S.G-II;; ESTATUTARIO;2211,11;;2211,11;112,16;2098,95;
AUXILIADORA ABRANTES PINTO;GABINETE DO SECRETARIO;SECRETARIO DE ESTADO;; CARGO COMISSION.S/VINCULO;13500,00;;13500,00;3284,26;10215,74;
BENEDITA MORENO BORGES;DEPTO.DE ADMINIS.E FINANCAS;AUXILIAR DE SERV GERAIS 3A CLASSE;; ESTATUTARIO;1614,55;;1614,55;128,27;1486,28;
CAREN PAMELA DE ANDRADE ANDRADE;DEPTO.DE PROTECAO SOC.ESPECIAL;SUBGERENTE AD-3;; CARGO COMISSION.S/VINCULO;3191,80;;3191,80;422,40;2769,40;
CARLOS ALBERTO KITZINGER DE SOUZA;DEPTO.DE ADMINIS.E FINANCAS;MOT-II;; ESTATUTARIO;2454,91;;2454,91;163,90;2291,01;
CAROLINA CORDEIRO PINHEIRO FERREIRA;ASSESSORIA DE COMUNIC.SOCIAL;ASSESSOR I AD-1;; CARGO COMISSION.S/VINCULO;5229,77;;5229,77;943,74;4286,03;
CELESTE BENTES SANTANA;DEPTO.DE ADMINIS.E FINANCAS;A.TEC-I;ASSESSOR 1-AD-1; ESTATUTARIO;5940,50;;5940,50;840,19;5100,31;
CLAUDETE LEAO IVO MOYSES;DEPTO.DE ADMINIS.E FINANCAS;A.SOC-I;; ESTATUTARIO;5184,49;;5184,49;849,39;4335,10;
DANIEL PEREIRA DO CARMO;DEPTO.DE ADMINIS.E FINANCAS;SUBGERENTE AD-3;SUBGERENTE AD-3; CARGO COMISSION.S/VINCULO;3191,80;;3191,80;422,40;2769,40;
DARLAN MARCELO DA COSTA PIMENTEL;DEPTO.DE PROTECAO SOC.ESPECIAL;A.TEC-I;; ESTATUTARIO;2182,86;;2182,86;170,72;2012,14;
DELMARINA NASCIMENTO DA SILVEIRA;DEPTO.DE ADMINIS.E FINANCAS;ASSISTENTE TECNICO 3A CLASSE;CH.SEC.ADM.CEAS AD-2; ESTATUTARIO;3780,28;;3780,28;310,86;3469,42;
DENIS PINTO DE JESUS;DEPTO.DE PROTECAO SOC.BASICA;AUX.S.G-II;; ESTATUTARIO;1983,05;;1983,05;137,85;1845,20;
DEUSA DE SOUZA SALGADO;PESSOAL PROC.DE APOSENTADORIA;A.TEC-I;; ESTATUTARIO;2966,59;;2966,59;246,68;2719,91;
EDILEUZA DE LIMA FROES OLIVEIRA;DEPTO.DE ADMINIS.E FINANCAS;A.TEC-I;; ESTATUTARIO;1629,34;;1629,34;172,64;1456,70;
EDNELZA DE SOUZA PEREIRA;DEPTO.DE ADMINIS.E FINANCAS;A.TEC-II;; ESTATUTARIO;2637,19;;2637,19;188,06;2449,13;
ELBA KATIANE SANTOS BORGES;DEPTO.DE PROTECAO SOC.BASICA;ASSESSOR III AD-3;ASSESSOR III AD-3; CARGO COMISSION.S/VINCULO;3191,80;;3191,80;422,40;2769,40;
ELIANA PAIXAO DE SOUZA;DEPTO.DE PROTECAO SOC.BASICA;AGENTE ADMINISTRATIVO 1A CLASSE;; ESTATUTARIO;2757,01;;2757,01;203,83;2553,18;
ELIANA RAPOSO BARRETO;DEPTO.DE PROTECAO SOC.ESPECIAL;AGENTE ADMINISTRATIVO 2A CLASSE;; ESTATUTARIO;1524,18;;1524,18;151,41;1372,77;
ELIANO NASCIMENTO DE OLIVEIRA;DEPTO.DE PROTECAO SOC.BASICA;VIGIA-II;; ESTATUTARIO;1253,20;;1253,20;137,85;1115,35;
ELISANGELA DE SOUZA FERNANDES;DEPTO.DE ADMINIS.E FINANCAS;A.TEC-II;; ESTATUTARIO;4055,28;;4055,28;400,95;3654,33;
ERINALDO DOS SANTOS FARRIPA;DEPTO.DE ADMINIS.E FINANCAS;AUX.S.G-II;; ESTATUTARIO;1855,15;;1855,15;137,85;1717,30;
EUNICE ALVES DE LIMA;DEPTO.DE PROTECAO SOC.BASICA;AUX.S.G-II;; ESTATUTARIO;1660,15;;1660,15;137,85;1522,30;
FIDENCIO SOARES TAVEIRA;DEPTO.DE PROTECAO SOC.BASICA;VIGIA-II;; ESTATUTARIO;1660,15;;1660,15;137,85;1522,30;
FRANCISCA TOME DE LIMA;DEPTO.DE PROTECAO SOC.ESPECIAL;AUX.S.G-II;; ESTATUTARIO;1660,15;;1660,15;137,85;1522,30;
FRANCISCA VIEIRA DE LIMA;DEPTO.DE PROTECAO SOC.BASICA;AUXILIAR DE SERV GERAIS 1A CLASSE;; ESTATUTARIO;1614,55;;1614,55;128,27;1486,28;
FRANCISCO DE ALMEIDA MIRANDA;DEPTO.DE ADMINIS.E FINANCAS;AUX.S.G-II;; ESTATUTARIO;2006,15;;2006,15;137,85;1868,30;
FRANCISCO MAIA DE FREITAS;DEPTO.DE ADMINIS.E FINANCAS;MOTORISTA 3A CLASSE;; ESTATUTARIO;2382,46;;2382,46;151,36;2231,10;
GELCIMAR LOPES DA COSTA;DEPTO.DE PROTECAO SOC.BASICA;AUX.S.G-II;; ESTATUTARIO;1316,40;;1316,40;137,85;1178,55;
GESSILVIA BARBOSA LIMA;GABINETE DO SECRETARIO;SUBGERENTE AD-3;; CARGO COMISSION.S/VINCULO;3191,80;;3191,80;422,40;2769,40;
GILDO GOMES DA GAMA;DEPTO.DE ADMINIS.E FINANCAS;VIGIA-II;; ESTATUTARIO;1855,15;;1855,15;137,85;1717,30;
GIULIANA FERREIRA DE LEMOS;DEPTO.DE ADMINIS.E FINANCAS;A.TEC-II;; ESTATUTARIO;2645,46;;2645,46;204,38;2441,08;
HELIO FLAVIO REIS PONTES;DEPTO.DE PROTECAO SOC.ESPECIAL;AUX.S.G-II;; ESTATUTARIO;2520,15;;2520,15;137,85;2382,30;
HILDALEA CASTRO DOS REIS;DEPTO.DE ADMINIS.E FINANCAS;A.TEC-III;GERENTE AD-2; ESTATUTARIO;4794,91;;4794,91;518,66;4276,25;
IDELFONSO CORNELIO BRAZ;DEPTO.DE ADMINIS.E FINANCAS;AUX.S.G-II;; ESTATUTARIO;1747,15;;1747,15;139,77;1607,38;
ISABEL CRISTINA ALENCAR DE LIMA;SEC.EX.ADJ.POL.ASSIST.SOCIAL;AUX.S.G-II;; ESTATUTARIO;1435,15;;1435,15;137,85;1297,30;
ITALA PATRICIA COUTINHO C RODRIGUES;DEPTO.DE PROTECAO SOC.BASICA;DIRETOR DE UNIDADE AD-1;DRTOR DE UNID AD1; CARGO COMISSION.S/VINCULO;4229,77;;4229,77;676,15;3553,62;
JARDAS LIMA SOLANO;DEPTO.DE ADMINIS.E FINANCAS;A.TEC-II;; ESTATUTARIO;3641,46;;3641,46;299,69;3341,77;
JOANA VIEIRA DA SILVA;DEPTO.DE ADMINIS.E FINANCAS;AGENTE ADMINISTRATIVO 1A CLASSE;; ESTATUTARIO;3815,05;;3815,05;351,20;3463,85;
JOAO DE SOUZA BEZERRA;DEPTO.DE ADMINIS.E FINANCAS;AUX.S.G-I;; ESTATUTARIO;1738,80;;1738,80;150,18;1588,62;
JOAO LUIZ LEITE DE FRANCA;DEPTO.DE ADMINIS.E FINANCAS;AUX.S.G-I;; ESTATUTARIO;2581,31;;2581,31;187,93;2393,38;
JOAQUINA DA SILVA MATIAS;DEPTO.DE ADMINIS.E FINANCAS;AGENTE ADMINISTRATIVO 3A CLASSE;; ESTATUTARIO;1505,28;;1505,28;149,48;1355,80;
JORGE LUIZ JOSEPH;DEPTO.DE ADMINIS.E FINANCAS;A.TEC-II;; ESTATUTARIO;1777,19;;1777,19;159,23;1617,96;
JOSE EDUARDO GOMES DA SILVA;DEPTO.DE ADMINIS.E FINANCAS;AUX.S.G-II;; ESTATUTARIO;1660,15;;1660,15;137,85;1522,30;
JOSE ELIAS REIS DOS SANTOS;DEPTO.DE ADMINIS.E FINANCAS;AUXILIAR DE SERV GERAIS 2A CLASSE;; ESTATUTARIO;1623,29;;1623,29;129,23;1494,06;
JOSE MARIA DE OLIVEIRA;DEPTO.DE ADMINIS.E FINANCAS;AUX.S.G-I;; ESTATUTARIO;1888,98;;1888,98;150,18;1738,80;
JOSE RAIMUNDO BRANDAO MOTA;DEPTO.DE ADMINIS.E FINANCAS;ASSISTENTE TECNICO 2A CLASSE;GERENTE AD-2; ESTATUTARIO;4890,43;;4890,43;592,67;4297,76;
JOSE RAIMUNDO REGES PINHEIRO;DEPTO.DE ADMINIS.E FINANCAS;ASSESSOR III AD-3;ASSESSOR III AD-3; CARGO COMISSION.S/VINCULO;4255,73;;4255,73;529,04;3726,69;
JOSIMAR ANJOS DE SOUZA;DEPTO.DE PROTECAO SOC.ESPECIAL;VIGIA-II;; ESTATUTARIO;1943,63;;1943,63;137,85;1805,78;
JULIANA KETLEN CAVALCANTE L SABOIA;DEPTO.DE PROTECAO SOC.BASICA;GERENTE AD-2;GERENTE AD2; CARGO COMISSION.S/VINCULO;4209,79;;4209,79;670,28;3539,51;
JULIETA EMILIA BARBOSA MORAES;DEPTO.DE PROTECAO SOC.ESPECIAL;MOTORISTA-MOT-T.S.N.A.-A;GERENTE AD-2; ESTATUTARIO;937,00;;937,00;178,64;758,36;
KAMILA CRISTINA MARIALVA NONATO;DEPTO.DE PROTECAO SOC.BASICA;ASSESSOR II AD-2;ASSESSOR II AD-2; CARGO COMISSION.S/VINCULO;2609,79;;2609,79;270,20;2339,59;
LAERCIO AUGUSTO RIBEIRO FILHO;DEPTO.DE ADMINIS.E FINANCAS;MOT-I;; ESTATUTARIO;2530,64;;2530,64;209,71;2320,93;
LARISSA REBOUCAS RODRIGUES;ASSESSORIA DE PLANEJAMENTO;GERENTE AD-2;GERENTE AD-2; CARGO COMISSION.S/VINCULO;4209,79;;4209,79;670,28;3539,51;
LAURIMAR NOGUEIRA DE LIMA;DEPTO.DE PROTECAO SOC.ESPECIAL;VIGIA-II;; ESTATUTARIO;1855,15;;1855,15;137,85;1717,30;
LEIDY SOARES DE LIMA;DEPTO.DE PROTECAO SOC.ESPECIAL;ASSESSOR I AD-1;ASSESSOR I AD-1; CARGO COMISSION.S/VINCULO;3229,77;;3229,77;431,65;2798,12;
LEILA CONCEICAO DA SILVA;DEPTO.DE ADMINIS.E FINANCAS;AUX.S.G-II;; ESTATUTARIO;3516,15;;3516,15;289,80;3226,35;
LEONILZE DA SILVA TEIXEIRA;DEPTO.DE ADMINIS.E FINANCAS;A.TEC-I;; ESTATUTARIO;2584,98;;2584,98;210,77;2374,21;
LEONOR CORREA DA SILVA;DEPTO.DE PROTECAO SOC.BASICA;MONITOR 2A CLASSE;; ESTATUTARIO;1367,67;;1367,67;150,44;1217,23;
LILIAN DA SILVA GOMES MELO;GABINETE DO SECRETARIO;ASSESSOR I AD-1;; CARGO COMISSION.S/VINCULO;5229,77;;5229,77;943,74;4286,03;
LINDANEY ALVES GRIJO;DEPTO.DE ADMINIS.E FINANCAS;AGENTE ADMINISTRATIVO 1A CLASSE;; ESTATUTARIO;3846,41;;3846,41;330,11;3516,30;
LISSANDRO TERCO DE VERCOSA;DEPTO.DE ADMINIS.E FINANCAS;AGENTE ADMINISTRATIVO 1A CLASSE;; ESTATUTARIO;1816,40;;1816,40;158,96;1657,44;
LUAN OLIVEIRA DA SILVA;ASSESSORIA JURIDICA;ASSESSOR I AD-1;; CARGO COMISSION.S/VINCULO;5229,77;;5229,77;943,74;4286,03;
LUCAS RODRIGUES AVINTE;ASSESSORIA DE DESIGN;ASSESSOR II AD-2;ASSESSOR II AD-2; CARGO COMISSION.S/VINCULO;2609,79;;2609,79;234,88;2374,91;
LUCIDALVA DE OLIVEIRA ANDRADE;DEPTO.DE ADMINIS.E FINANCAS;ASSISTENTE TECNICO 2A CLASSE;SUB.GERENTE AD-3; ESTATUTARIO;4079,29;;4079,29;409,04;3670,25;
LUIS ALEXANDRE DO ROSARIO RIBEIRO;DEPTO.DE ADMINIS.E FINANCAS;ASSESSOR II AD-2;ASSESSOR II AD-2; CARGO COMISSION.S/VINCULO;2609,79;;2609,79;270,20;2339,59;
LUZIA SIQUEIRA DOS SANTOS;DEPTO.DE ADMINIS.E FINANCAS;A.TEC-I;; ESTATUTARIO;2200,34;;2200,34;172,64;2027,70;
MANOEL BEZERRA GOMES;DEPTO.DE ADMINIS.E FINANCAS;AUX.S.G-II;; ESTATUTARIO;1660,15;;1660,15;137,85;1522,30;
MARCELO AUGUSTO SILVA M RAMOS;ASSESSORIA JURIDICA;ASSISTENTE TECNICO 3A CLASSE;; ESTATUTARIO;2083,15;;2083,15;229,15;1854,00;
MARCIA FRANCISCA MATUZINHO ANDRADE;ASSESSORIA DE PLANEJAMENTO;ASSESSOR II AD-2;ASSESSOR II; CARGO COMISSION.S/VINCULO;5613,05;;5613,05;1115,35;4497,70;
MARCIA LEILA DOS SANTOS FREIRE;DEPTO.DE ADMINIS.E FINANCAS;AGENTE ADMINISTRATIVO 3A CLASSE;; ESTATUTARIO;2986,28;;2986,28;220,20;2766,08;
MARCIA ZUILA ALMEIDA E SILVA;DEPTO.DE PROTECAO SOC.ESPECIAL;MONITOR 2A CLASSE;; ESTATUTARIO;1739,02;;1739,02;150,44;1588,58;
MARCILIO JOSE GOMES DE BRITO;DEPTO.DE ADMINIS.E FINANCAS;VIGIA-II;; ESTATUTARIO;1660,15;;1660,15;137,85;1522,30;
MARGARIDA NUNES GALVAO GUERRA;ASSESSORIA DE COMUNIC.SOCIAL;A.TEC-I;; ESTATUTARIO;1569,48;;1569,48;172,64;1396,84;
MARIA ALCILENE FERREIRA DA SILVA;DEPTO.DE PROTECAO SOC.BASICA;AUX.S.G-II;; ESTATUTARIO;1261,94;;1261,94;138,81;1123,13;
MARIA AUXILIADORA M CAVALCANTE;ASSESSORIA JURIDICA;ASSISTENTE TECNICO 3A CLASSE;; ESTATUTARIO;2759,18;;2759,18;204,19;2554,99;
MARIA DA CONCEICAO AGOSTINHO MOTA;DEPTO.DE PROTECAO SOC.BASICA;A.TEC-I;; ESTATUTARIO;3191,41;;3191,41;278,24;2913,17;
MARIA DA CONCEICAO CANTUARIO;DEPTO.DE ADMINIS.E FINANCAS;AUX.S.G-I;; ESTATUTARIO;1644,56;;1644,56;148,25;1496,31;
MARIA DA CONCEICAO RODRIGUES CABRAL;SEC.EXECUT.DA ASSIST.SOCIAL;MONITOR 3A CLASSE;; ESTATUTARIO;2093,77;;2093,77;151,41;1942,36;
MARIA DA SILVA FERNANDES;PESSOAL PROC.DE APOSENTADORIA;AUXILIAR DE SERV GERAIS 1A CLASSE;; ESTATUTARIO;1323,43;;1323,43;131,15;1192,28;
MARIA DAS DORES DA COSTA ANTONY;DEPTO.DE ADMINIS.E FINANCAS;A.TEC-I;; ESTATUTARIO;5145,01;;5145,01;672,08;4472,93;
MARIA DAS GRACAS ALVES DA S BYRON;DEPTO.DE ADMINIS.E FINANCAS;A.SOC-I;DRTOR DE UNID AD 1; ESTATUTARIO;5177,00;;5177,00;846,79;4330,21;
MARIA DAS GRACAS LOPES RIBEIRO;DEPTO.DE ADMINIS.E FINANCAS;A.TEC-I;; ESTATUTARIO;3303,05;;3303,05;289,09;3013,96;
MARIA DE LOURDES DE SOUZA RAMOS;DEPTO.DE PROTECAO SOC.BASICA;AUXILIAR DE SERV GERAIS 3A CLASSE;; ESTATUTARIO;1239,55;;1239,55;128,27;1111,28;
MARIA DO PERPETUO SOCORRO O VIEIRA;DEPTO.DE ADMINIS.E FINANCAS;AUX.S.G-II;; ESTATUTARIO;1435,15;;1435,15;137,85;1297,30;
MARIA DO SOCORRO NASCIMENTO MELLO;DEPTO.DE ADMINIS.E FINANCAS;A.TEC-I;; ESTATUTARIO;2714,34;;2714,34;220,47;2493,87;
MARIA ELIZETE PAULINO PINTO;DEPTO.DE ADMINIS.E FINANCAS;GERENTE AD-2;GERENTE AD-2; CARGO COMISSION.S/VINCULO;4209,79;;4209,79;670,28;3539,51;
MARIA GORETE DE SOUZA LOBATO;DEPTO.DE ADMINIS.E FINANCAS;A.TEC-I;; ESTATUTARIO;2643,46;;2643,46;220,52;2422,94;
MARIA IVANILDA COSTA CARVALHO;DEPTO.DE ADMINIS.E FINANCAS;A.TEC-I;; ESTATUTARIO;2584,98;;2584,98;210,77;2374,21;
MARIA JANETE GOMES DE BRITO;DEPTO.DE PROTECAO SOC.ESPECIAL;MONITOR 2A CLASSE;; ESTATUTARIO;1367,67;;1367,67;150,44;1217,23;
MARIA JOSEFINA OZIEL GALVAO;PESSOAL PROC.DE APOSENTADORIA;A.SOC-I;; ESTATUTARIO;3199,87;;3199,87;424,37;2775,50;
MARIA LUCIA DA SILVA BARROS;SEC.EXECUT.DA ASSIST.SOCIAL;AUX.S.G-III;; ESTATUTARIO;2492,44;;2492,44;166,67;2325,77;
MARIA LUZIA LIMA DE LIMA;ASSESSORIA DE PLANEJAMENTO;TECNICO 3A CLASSE;; ESTATUTARIO;2790,91;;2790,91;350,49;2440,42;
MARIA RAIMUNDA CARDOSO LOPES;DEPTO.DE ADMINIS.E FINANCAS;AUX.S.G-II;; ESTATUTARIO;1285,15;;1285,15;137,85;1147,30;
MARIA RAIMUNDA DOS ANJOS NASCIMENTO;DEPTO.DE ADMINIS.E FINANCAS;AUX.S.G-I;; ESTATUTARIO;1635,66;;1635,66;146,81;1488,85;
MARIA RITA RODRIGUES DE SOUZA;DEPTO.DE PROTECAO SOC.BASICA;AUX.S.G-II;; ESTATUTARIO;1660,15;;1660,15;137,85;1522,30;
MARIA SOCORRO CARIOCA BEZERRA;DEPTO.DE ADMINIS.E FINANCAS;AUXILIAR DE SERV GERAIS 3A CLASSE;; ESTATUTARIO;1614,55;;1614,55;128,27;1486,28;
MARILENE INACIO DAMASCENO;DEPTO.DE ADMINIS.E FINANCAS;AUXILIAR DE SERV GERAIS 3A CLASSE;; ESTATUTARIO;1809,55;;1809,55;128,27;1681,28;
MARILZA ROCHA FERREIRA;DEPTO.DE PROTECAO SOC.BASICA;GERENTE AD-2;GERENTE AD-2; CARGO COMISSION.S/VINCULO;4209,79;;4209,79;670,28;3539,51;
MARINETE DOS SANTOS FERREIRA;DEPTO.DE ADMINIS.E FINANCAS;AGENTE ADMINISTRATIVO 3A CLASSE;; ESTATUTARIO;2607,77;;2607,77;192,84;2414,93;
MARLUCE DO NASCIMENTO SOARES;DEPTO.DE PROTECAO SOC.BASICA;AUX.S.G-II;; ESTATUTARIO;1285,15;;1285,15;137,85;1147,30;
MARTA CELIA MONTEIRO BEZERRA LIMA;DEPTO.DE PROTECAO SOC.BASICA;PROFESSOR PF20.ESP-III;GERENTE AD-2; ESTATUTARIO;6027,27;;6027,27;793,40;5233,87;
MAURO CEZAR VERCOSA DE SOUZA;DEPTO.DE PROTECAO SOC.BASICA;DIRETOR DE UNIDADE AD-1;DIRETOR UNIDADE AD-1; CARGO COMISSION.S/VINCULO;4229,77;;4229,77;646,71;3583,06;
MEIRY CONCEICAO DA SILVA;DEPTO.DE ADMINIS.E FINANCAS;AUX.S.G-II;; ESTATUTARIO;1660,15;;1660,15;137,85;1522,30;
MESSIAS LEAL DE MACEDO;DEPTO.DE ADMINIS.E FINANCAS;AUX.S.G-II;; ESTATUTARIO;1660,15;;1660,15;101,33;1558,82;
MILANE LIMA REIS;DEPTO.GEST.SIST.UN.ASS.SOCIAL;PROFESSOR PF20.MAG-VII;GERENTE AD-2; ESTATUTARIO;4209,79;;4209,79;311,07;3898,72;
MINEUZA BASTOS BARBOSA DA SILVA;DEPTO.DE PROTECAO SOC.BASICA;A.TEC-I;; ESTATUTARIO;1569,48;;1569,48;172,64;1396,84;
NEZIA CANUTO DE MOURA;GABINETE DO SECRETARIO;AUXILIAR DE SERV GERAIS 1A CLASSE;; ESTATUTARIO;1957,23;;1957,23;130,19;1827,04;
NORMA CORREA;DEPTO.DE ADMINIS.E FINANCAS;TECNICO 3A CLASSE;SUBGERENTE AD 3; ESTATUTARIO;4359,88;;4359,88;544,18;3815,70;
OTILIA ALVES FIGUEIREDO;DEPTO.DE ADMINIS.E FINANCAS;AUX.S.G-II;; ESTATUTARIO;1253,20;;1253,20;137,85;1115,35;
OZIAS MARINHO DUARTE;DEPTO.DE ADMINIS.E FINANCAS;SUBGERENTE AD-3;SUBGERENTE AD-3; CARGO COMISSION.S/VINCULO;3191,80;;3191,80;422,40;2769,40;
PAOLA DI ANGELIS BRASIL PASSOS;DEPTO.DE ADMINIS.E FINANCAS;GERENTE AD-2;; CARGO COMISSION.S/VINCULO;4209,79;;4209,79;641,84;3567,95;
PAULA JESSICA TRIGUEIRO DE MORAES;DEPTO.DE PROTECAO SOC.BASICA;SUBGERENTE AD-3;SUBGERENTE AD3; CARGO COMISSION.S/VINCULO;3191,80;;3191,80;407,12;2784,68;
PAULO GLEYSON LUCENA DE FIGUEIREDO;GABINETE DO SECRETARIO;ASSESSOR I AD-1;ASSESSOR I AD 1; CARGO COMISSION.S/VINCULO;5229,77;;5229,77;986,40;4243,37;
RAIMUNDA ALMEIDA DO NASCIMENTO;PESSOAL PROC.DE APOSENTADORIA;TNS-I;; ESTATUTARIO;3787,49;;3787,49;500,28;3287,21;
RAIMUNDA CRISPIM DE MATOS;DEPTO.DE ADMINIS.E FINANCAS;AUX.S.G-II;; ESTATUTARIO;1660,15;;1660,15;137,85;1522,30;
RAIMUNDA DE LIMA FERNANDES;DEPTO.DE PROTECAO SOC.BASICA;AUX.S.G-II;; ESTATUTARIO;1285,15;;1285,15;137,85;1147,30;
RAIMUNDA DORVALINA R CONCEICAO;SEC.EXECUT.DA ASSIST.SOCIAL;AUX.S.G-II;; ESTATUTARIO;1855,15;;1855,15;137,85;1717,30;
RAIMUNDA MONTEIRO DOS SANTOS;DEPTO.DE PROTECAO SOC.BASICA;MONITOR 2A CLASSE;; ESTATUTARIO;1367,67;;1367,67;150,44;1217,23;
RAIMUNDA VALDA LEITE MONTEIRO;DEPTO.DE PROTECAO SOC.BASICA;AUX.S.G-II;; ESTATUTARIO;1435,15;;1435,15;137,85;1297,30;
RAIMUNDO JOSE DA SILVA PRADO;DEPTO.DE ADMINIS.E FINANCAS;MOT-I;; ESTATUTARIO;2539,39;;2539,39;211,25;2328,14;
RAIMUNDO NONATO DOS S CURINTIMA;PESSOAL PROC.DE APOSENTADORIA;VIGIA 2A CLASSE;; ESTATUTARIO;1174,79;;1174,79;129,23;1045,56;
RAIMUNDO NONATO FERNANDES FILHO;DEPTO.DE ADMINIS.E FINANCAS;MOT-I;; ESTATUTARIO;2530,64;;2530,64;209,71;2320,93;
REGINALDO ETELVINO LIMA DA SILVA;DEPTO.DE ADMINIS.E FINANCAS;A.TEC-II;; ESTATUTARIO;1980,46;;1980,46;160,83;1819,63;
REJANE LIMA DE ARAUJO;DEPTO.DE ADMINIS.E FINANCAS;AGENTE ADMINISTRATIVO 3A CLASSE;; ESTATUTARIO;1505,28;;1505,28;149,48;1355,80;
REJANE SOLANGE ALVES MENEZES;ASSESSORIA DE PLANEJAMENTO;TNS-I;CHEFE DE DEP-AD-1; ESTATUTARIO;7310,79;;7310,79;1429,26;5881,53;
RENATO VIEIRA DA SILVA;DEPTO.DE ADMINIS.E FINANCAS;A.TEC-II;; ESTATUTARIO;3041,46;;3041,46;160,83;2880,63;
RICARDO GUERRA LOPES;DEPTO.DE ADMINIS.E FINANCAS;AUX.S.G-II;; ESTATUTARIO;2218,15;;2218,15;137,85;2080,30;
RONALDO CESAR PAULA DA SILVA;ASSESSORIA DE PLANEJAMENTO;ASSISTENTE TECNICO 3A CLASSE;; ESTATUTARIO;2986,28;;2986,28;220,20;2766,08;
ROSANI SILVA BELEM;ASSESSORIA DE PLANEJAMENTO;A.TEC-II;; ESTATUTARIO;2131,46;;2131,46;160,83;1970,63;
ROSILENE SOUZA FREIRE;DEPTO.DE PROTECAO SOC.BASICA;AUX.S.G-II;; ESTATUTARIO;1285,15;;1285,15;137,85;1147,30;
RUTHNEIDA DA SILVA MORAES;ASSESSORIA DE PLANEJAMENTO;GERENTE AD-2;GERENTE AD 2; CARGO COMISSION.S/VINCULO;4209,79;;4209,79;670,28;3539,51;
SALOME AMARAL COELHO;GABINETE DO SECRETARIO;TNS-I;ASSESSOR 1-AD-1; ESTATUTARIO;9165,15;;9165,15;1936,06;7229,09;
SANDRA MAQUINE MACIEL;DEPTO.DE ADMINIS.E FINANCAS;AGENTE ADMINISTRATIVO 4A CLASSE;CHEFE DE DPTO AD-1; ESTATUTARIO;937,00;;937,00;166,72;770,28;
SELMA DEANE DE LIMA MELO;DEPTO.GEST.SIST.UN.ASS.SOCIAL;ASSESSOR II AD-2;; CARGO COMISSION.S/VINCULO;3479,72;;3479,72;492,50;2987,22;
SEVERINA PERES DE AREVALO;DEPTO.DE ADMINIS.E FINANCAS;AUX.ADM-I;; ESTATUTARIO;1587,78;;1587,78;157,35;1430,43;
SIDNEY DUARTE GALVAO;DEPTO.DE ADMINIS.E FINANCAS;SUBGERENTE AD-3;SUBGERENTE; CARGO COMISSION.S/VINCULO;3191,80;;3191,80;422,40;2769,40;
SIDNEY ROQUE CAVALCANTE;DEPTO.DE PROTECAO SOC.BASICA;A.TEC-I;; ESTATUTARIO;1629,34;;1629,34;172,64;1456,70;
SKATHI LIANE CRUZ DA SILVA;DEPTO.DE PROTECAO SOC.BASICA;A.TEC-I;; ESTATUTARIO;2046,40;;2046,40;174,57;1871,83;
SONY MARCOS NOGUEIRA DUARTE;DEPTO.DE PROTECAO SOC.ESPECIAL;AUX.S.G-II;; ESTATUTARIO;2562,01;;2562,01;137,85;2424,16;
SUELY DA SILVA TEIXEIRA;DEPTO.DE ADMINIS.E FINANCAS;A.TEC-I;; ESTATUTARIO;5281,96;;5281,96;717,30;4564,66;
SUELY DE CASTRO NUNES;DEPTO.DE ADMINIS.E FINANCAS;ASSISTENTE TECNICO 1A CLASSE;; ESTATUTARIO;3877,76;;3877,76;365,88;3511,88;
TELIA RABELO DA SILVA FEIJAO;DEPTO.DE ADMINIS.E FINANCAS;GERENTE AD-2;GERENTE AD 2; CARGO COMISSION.S/VINCULO;4209,79;;4209,79;670,28;3539,51;
TERESA NEUMA NOGUEIRA MARTINIANO;DEPTO.DE PROTECAO SOC.BASICA;A.TEC-I;; ESTATUTARIO;2647,62;;2647,62;221,21;2426,41;
VALDEREZ SANTANA DA SILVA;PESSOAL PROC.DE APOSENTADORIA;AUXILIAR DE SERV GERAIS 3A CLASSE;; ESTATUTARIO;1818,29;;1818,29;129,23;1689,06;
VANIA MARIA BESSA BARROS;DEPTO.DE PROTECAO SOC.BASICA;A.SOC-II;; ESTATUTARIO;3584,66;;3584,66;460,04;3124,62;
VERA DA COSTA SERRAO;DEPTO.DE PROTECAO SOC.BASICA;ASSISTENTE TECNICO 3A CLASSE;; ESTATUTARIO;2697,33;;2697,33;208,67;2488,66;
VERA LUCIA CUERCI DE SOUSA;DEPTO.DE PROTECAO SOC.BASICA;GERENTE AD-2;GERENTE AD 2; CARGO COMISSION.S/VINCULO;4209,79;;4209,79;670,28;3539,51;
VICENTE MAJELA PONTES RAPOSO;DEPTO.DE ADMINIS.E FINANCAS;AGENTE ADMINISTRATIVO 1A CLASSE;; ESTATUTARIO;2759,18;;2759,18;204,19;2554,99;
YANNA MOTTA LOPES R S OLIVEIRA;GABINETE DO SECRETARIO;ASSESSOR II AD-2;ASSESSOR II AD 2; CARGO COMISSION.S/VINCULO;4209,79;;4209,79;670,28;3539,51;
ZINA GRANGEIRO PINHEIRO;DEPTO.DE PROTECAO SOC.BASICA;AUX.S.G-II;; ESTATUTARIO;1999,11;;1999,11;136,49;1862,62;
