NOME;LOTACAO;CARGO;FUNCAO;VINCULO;REMUNERACAO LEGAL TOTAL(R$);DESC.TETO(R$); REMUNERACAO LEGAL DEVIDA(R$);DESCONTOS LEGAIS(R$);LIQUIDO DISPONIVEL(R$);
ABIAIR BARROSO BRUCE;DEPTO.DE ADMINIS.E FINANCAS;ASSESSOR II AD-2;ASSESSOR-II AD-2; CARGO COMISSION.S/VINCULO;5613,05;;5613,05;1115,35;4497,70;
ACRISIO ZIK UCHOA;DEPTO.DE ADMINIS.E FINANCAS;AUXILIAR DE SERV GERAIS 3A CLASSE;; ESTATUTARIO;2181,29;;2181,29;140,33;2040,96;
ADRIANA CELINA SERRAO RODRIGUES;ASSESSORIA JURIDICA;A.TEC-II;GERENTE AD-2; ESTATUTARIO;4835,46;;4835,46;576,99;4258,47;
ADRIANA SANTOS PELLIN;DEPTO.ATENCAO A CRIANCA ADOL.;DIRETOR DE UNIDADE AD-1;; CARGO COMISSION.S/VINCULO;4229,77;;4229,77;676,15;3553,62;
ALBERTO HIPOCRATES E MELLO;DEPTO.DE ADMINIS.E FINANCAS;AUX.S.G-I;; ESTATUTARIO;3586,06;;3586,06;281,51;3304,55;
ALCINEIDE MAQUINE DA SILVA;DEPTO.DE ADMINIS.E FINANCAS;AUX.S.G-II;; ESTATUTARIO;1443,89;;1443,89;138,81;1305,08;
ALDENORA SERRAO ALVES;DEPTO.ATENCAO A CRIANCA ADOL.;ASSISTENTE TECNICO 3A CLASSE;; ESTATUTARIO;3155,18;;3155,18;219,67;2935,51;
ALISILVIA LEAO PEDROSO;DEPTO.DE ADMINIS.E FINANCAS;GERENTE AD-2;GERENTE AD 2; CARGO COMISSION.S/VINCULO;4209,79;;4209,79;670,28;3539,51;
ANA CLAUDIA PEREIRA DE SOUZA;DEPTO.DE ADMINIS.E FINANCAS;ASSISTENTE TECNICO 1A CLASSE;; ESTATUTARIO;4949,67;;4949,67;610,22;4339,45;
ANA FREITAS ARAUJO;DEPTO.ATENCAO A CRIANCA ADOL.;MONITOR 2A CLASSE;; ESTATUTARIO;1376,42;;1376,42;151,41;1225,01;
ANA LUCIA DE SIQUEIRA MOREIRA;DEPTO.DE ADMINIS.E FINANCAS;ASSISTENTE TECNICO 1A CLASSE;; ESTATUTARIO;3878,08;;3878,08;337,53;3540,55;
ANA LUCIA DE SOUZA FEITOZA;GABINETE DO SECRETARIO;ASSESSOR II AD-2;ASSESSOR II AD-2; CARGO COMISSION.S/VINCULO;4209,79;;4209,79;670,28;3539,51;
ANA MARIA BEZERRA NUNES;DEPTO.ATENCAO A CRIANCA ADOL.;ASSISTENTE TECNICO 2A CLASSE;; ESTATUTARIO;3877,76;;3877,76;365,88;3511,88;
ANA MARIA GATO BENTES;DEPTO.DE ADMINIS.E FINANCAS;A.TEC-II;; ESTATUTARIO;1964,00;;1964,00;157,66;1806,34;
ANA MARIA LIMA DE CARVALHO;GABINETE DO SECRETARIO;ASSESSOR II AD-2;; CARGO COMISSION.S/VINCULO;5613,05;;5613,05;1115,35;4497,70;
ANA MARIA MARTINS SIMOES;DEPTO.ATENCAO A CRIANCA ADOL.;MONITOR 2A CLASSE;; ESTATUTARIO;1372,77;;1372,77;151,41;1221,36;
ANA MARIA PIMENTEL DA SILVA;DEPTO.ATENCAO A CRIANCA ADOL.;AUX.S.G-II;; ESTATUTARIO;1253,20;;1253,20;137,85;1115,35;
ANA PAULA DA SILVA SABELLI;DEPTO.DE ADMINIS.E FINANCAS;CHEFE DE DEPARTAMENTO AD-1;CHEFE DE DPTO AD 1; CARGO COMISSION.S/VINCULO;5229,77;;5229,77;986,40;4243,37;
ANALIA MOTA NASCIMENTO SAMPAIO;DEPTO.DE ADMINIS.E FINANCAS;SUBGERENTE AD-3;SUBGERENTE AD 3; CARGO COMISSION.S/VINCULO;3191,80;;3191,80;422,40;2769,40;
ANDERSON MARQUES RAMPASO;DEPTO.DE ADMINIS.E FINANCAS;GERENTE AD-2;GERENTE AD 2; CARGO COMISSION.S/VINCULO;4209,79;;4209,79;531,00;3678,79;
ANGELA JACIARA MERGUEIRO DE MATOS;DEPTO.DE ADMINIS.E FINANCAS;AUX.S.G-II;; ESTATUTARIO;2916,15;;2916,15;203,42;2712,73;
ANNA BERNADETH OLIVEIRA MONIZ;DEPTO.DE ADMINIS.E FINANCAS;A.TEC-I;; ESTATUTARIO;2714,34;;2714,34;220,47;2493,87;
ANTONIA CLEONILDE ARAUJO DOS SANTOS;DEPTO.DE ADMINIS.E FINANCAS;AUX.S.G-II;; ESTATUTARIO;1285,15;;1285,15;137,85;1147,30;
ANTONIO ADEMIR GOMES DA SILVA;GABINETE DO SECRETARIO;ASSESSOR II AD-2;ASSESSOR II AD-2; CARGO COMISSION.S/VINCULO;4209,79;;4209,79;670,28;3539,51;
ANTONIO GERALDO PICANCO;DEPTO.DE ADMINIS.E FINANCAS;MOT-I;SUB.GERENTE AD-3; ESTATUTARIO;4217,95;;4217,95;408,06;3809,89;
ARIDAN NONATA COUTO RAMOS;ASSESSORIA DE PLANEJAMENTO;AUX.S.G-II;; ESTATUTARIO;3524,90;;3524,90;291,92;3232,98;
ARIOMAR TAVARES DE SOUZA;DEPTO.DE ADMINIS.E FINANCAS;A.TEC-I;; ESTATUTARIO;2200,32;;2200,32;171,92;2028,40;
ARTEMIZA ANDRADE BARBOSA;DEPTO.DE ADMINIS.E FINANCAS;AUX.S.G-II;; ESTATUTARIO;2211,11;;2211,11;136,49;2074,62;
AUGUSTO AUDRIN CARVALHO GOMES;GABINETE DO SECRETARIO;ASSESSOR II AD-2;ASSESSOR II AD-2; CARGO COMISSION.S/VINCULO;5613,05;;5613,05;886,78;4726,27;
BENEDITA MORENO BORGES;DEPTO.ATENCAO A CRIANCA ADOL.;AUXILIAR DE SERV GERAIS 3A CLASSE;; ESTATUTARIO;1614,55;;1614,55;128,27;1486,28;
BRENDA WALERY MELO DE OLIVEIRA;GABINETE DO SECRETARIO;ASSESSOR II AD-2;ASSESSOR II AD-2; CARGO COMISSION.S/VINCULO;5613,05;;5613,05;1115,35;4497,70;
CAREN PAMELA DE ANDRADE ANDRADE;DEPTO.ATENCAO A CRIANCA ADOL.;SUBGERENTE AD-3;; CARGO COMISSION.S/VINCULO;3191,80;;3191,80;422,40;2769,40;
CARLOS ALBERTO KITZINGER DE SOUZA;DEPTO.DE ADMINIS.E FINANCAS;MOT-II;; ESTATUTARIO;2454,91;;2454,91;163,90;2291,01;
CARLOS CARIOCA FERNANDES JUNIOR;GABINETE DO SECRETARIO;ASSESSOR I AD-1;ASSESSOR I AD-1; CARGO COMISSION.S/VINCULO;4229,77;;4229,77;676,15;3553,62;
CARLOS UBIRACI DA SILVA;DEPTO.DE ADMINIS.E FINANCAS;GERENTE AD-2;GERENTE AD 2; CARGO COMISSION.S/VINCULO;5613,05;;5613,05;1063,21;4549,84;
CAROLINA CORDEIRO PINHEIRO FERREIRA;ASSESSORIA DE COMUNIC.SOCIAL;ASSESSOR I AD-1;; CARGO COMISSION.S/VINCULO;5229,77;;5229,77;943,74;4286,03;
CELESTE BENTES SANTANA;DEPTO.DE ADMINIS.E FINANCAS;A.TEC-I;ASSESSOR 1-AD-1; ESTATUTARIO;5940,50;;5940,50;840,19;5100,31;
CIBELE FREITAS DE AQUINO;DEPTO.DE ADMINIS.E FINANCAS;SUBGERENTE AD-3;SUBGERENTE AD-3; CARGO COMISSION.S/VINCULO;3191,80;;3191,80;422,40;2769,40;
CLAUDETE LEAO IVO MOYSES;GABINETE DO SECRETARIO;A.SOC-I;; ESTATUTARIO;6777,93;;6777,93;1287,59;5490,34;
CLYCIA DA SILVA HENDREK;GABINETE DO SECRETARIO;ASSESSOR I AD-1;; CARGO COMISSION.S/VINCULO;5229,77;;5229,77;986,40;4243,37;
CREUSA PRATA SILVA;DEPTO.ATENCAO A CRIANCA ADOL.;GERENTE AD-2;GERENTE AD 2; CARGO COMISSION.S/VINCULO;4209,79;;4209,79;670,28;3539,51;
DANIEL PEREIRA DO CARMO;DEPTO.DE ADMINIS.E FINANCAS;SUBGERENTE AD-3;SUBGERENTE AD-3; CARGO COMISSION.S/VINCULO;3191,80;;3191,80;422,40;2769,40;
DARLAN MARCELO DA COSTA PIMENTEL;DEPTO.ATENCAO A CRIANCA ADOL.;A.TEC-I;; ESTATUTARIO;2182,86;;2182,86;170,72;2012,14;
DELMARINA NASCIMENTO DA SILVEIRA;DEPTO.DE ADMINIS.E FINANCAS;ASSISTENTE TECNICO 3A CLASSE;SEC.ADM.CONS.EST.AS; ESTATUTARIO;3780,28;;3780,28;310,86;3469,42;
DENIS PINTO DE JESUS;DEPTO.DE ADMINIS.E FINANCAS;AUX.S.G-II;; ESTATUTARIO;1498,35;;1498,35;137,85;1360,50;
DEUSA DE SOUZA SALGADO;PESSOAL PROC.DE APOSENTADORIA;A.TEC-I;; ESTATUTARIO;2966,59;;2966,59;246,68;2719,91;
EDILEUZA DE LIMA FROES OLIVEIRA;DEPTO.ATENCAO A CRIANCA ADOL.;A.TEC-I;; ESTATUTARIO;1629,34;;1629,34;172,64;1456,70;
EDNELZA DE SOUZA PEREIRA;DEPTO.DE ADMINIS.E FINANCAS;A.TEC-II;; ESTATUTARIO;2637,19;;2637,19;188,06;2449,13;
ELBA KATIANE SANTOS BORGES;DEPTO.DE ADMINIS.E FINANCAS;ASSESSOR III AD-3;ASSESSOR III AD-3; CARGO COMISSION.S/VINCULO;3191,80;;3191,80;422,40;2769,40;
ELIANA PAIXAO DE SOUZA;DEPTO.DE ADMINIS.E FINANCAS;AGENTE ADMINISTRATIVO 1A CLASSE;; ESTATUTARIO;2757,01;;2757,01;203,83;2553,18;
ELIANA RAPOSO BARRETO;DEPTO.ATENCAO A CRIANCA ADOL.;AGENTE ADMINISTRATIVO 2A CLASSE;; ESTATUTARIO;1524,18;;1524,18;151,41;1372,77;
ELIANO NASCIMENTO DE OLIVEIRA;DEPTO.DE ADMINIS.E FINANCAS;VIGIA-II;; ESTATUTARIO;1316,40;;1316,40;137,85;1178,55;
ELISANGELA DE SOUZA FERNANDES;DEPTO.DE ADMINIS.E FINANCAS;A.TEC-II;; ESTATUTARIO;3041,46;;3041,46;238,12;2803,34;
ELIZABETH CRISTINA BRITO VALE;GABINETE DO SECRETARIO;INVEST.DE POL. 4A.CL. PC-INV.IV;ASSESSOR I AD-1; ESTATUTARIO;5000,00;;5000,00;505,64;4494,36;
ERINALDO DOS SANTOS FARRIPA;DEPTO.DE ADMINIS.E FINANCAS;AUX.S.G-II;; ESTATUTARIO;1855,15;;1855,15;137,85;1717,30;
EUNICE ALVES DE LIMA;DEPTO.DE ADMINIS.E FINANCAS;AUX.S.G-II;; ESTATUTARIO;2213,53;;2213,53;150,73;2062,80;
EVALDO DOS SANTOS TEIXEIRA;GABINETE DO SECRETARIO;ASSESSOR II AD-2;ASSESSOR II AD-2; CARGO COMISSION.S/VINCULO;4209,79;;4209,79;641,84;3567,95;
FIDENCIO SOARES TAVEIRA;DEPTO.DE ADMINIS.E FINANCAS;VIGIA-II;; ESTATUTARIO;1660,15;;1660,15;137,85;1522,30;
FRANCISCA TOME DE LIMA;DEPTO.ATENCAO A CRIANCA ADOL.;AUX.S.G-II;; ESTATUTARIO;1660,15;;1660,15;137,85;1522,30;
FRANCISCA VIEIRA DE LIMA;DEPTO.DE ADMINIS.E FINANCAS;AUXILIAR DE SERV GERAIS 1A CLASSE;; ESTATUTARIO;1614,55;;1614,55;128,27;1486,28;
FRANCISCO DE ALMEIDA MIRANDA;DEPTO.DE ADMINIS.E FINANCAS;AUX.S.G-II;; ESTATUTARIO;2006,15;;2006,15;137,85;1868,30;
FRANCISCO MAIA DE FREITAS;DEPTO.DE ADMINIS.E FINANCAS;MOTORISTA 3A CLASSE;; ESTATUTARIO;2382,46;;2382,46;151,36;2231,10;
GELCIMAR LOPES DA COSTA;DEPTO.DE ADMINIS.E FINANCAS;AUX.S.G-II;; ESTATUTARIO;1316,40;;1316,40;137,85;1178,55;
GESSILVIA BARBOSA LIMA;GABINETE DO SECRETARIO;SUBGERENTE AD-3;; CARGO COMISSION.S/VINCULO;3191,80;;3191,80;422,40;2769,40;
GILDO GOMES DA GAMA;DEPTO.DE ADMINIS.E FINANCAS;VIGIA-II;; ESTATUTARIO;1855,15;;1855,15;137,85;1717,30;
GIULIANA FERREIRA DE LEMOS;DEPTO.DE ADMINIS.E FINANCAS;A.TEC-II;; ESTATUTARIO;3527,28;;3527,28;311,00;3216,28;
GRACIETE GAMA REIS;DEPTO.DE ADMINIS.E FINANCAS;SUBGERENTE AD-3;SUBGERENTE AD-3; CARGO COMISSION.S/VINCULO;3191,80;;3191,80;422,40;2769,40;
HELIO FLAVIO REIS PONTES;DEPTO.ATENCAO A CRIANCA ADOL.;AUX.S.G-II;; ESTATUTARIO;2520,15;;2520,15;137,85;2382,30;
HILDALEA CASTRO DOS REIS;DEPTO.DE ADMINIS.E FINANCAS;A.TEC-III;GERENTE AD-2; ESTATUTARIO;4794,91;;4794,91;518,66;4276,25;
IDELFONSO CORNELIO BRAZ;DEPTO.DE ADMINIS.E FINANCAS;AUX.S.G-II;; ESTATUTARIO;1740,83;;1740,83;139,77;1601,06;
ISABEL CRISTINA ALENCAR DE LIMA;DEPTO.ATENCAO A CRIANCA ADOL.;AUX.S.G-II;; ESTATUTARIO;1435,15;;1435,15;137,85;1297,30;
ITALA PATRICIA COUTINHO C RODRIGUES;DEPTO.DE ADMINIS.E FINANCAS;DIRETOR DE UNIDADE AD-1;DRTOR DE UNID AD1; CARGO COMISSION.S/VINCULO;5639,69;;5639,69;1122,67;4517,02;
ITALO BRUNO LIMA NONATO;DEPTO.ATENCAO A CRIANCA ADOL.;CHEFE DE DEPARTAMENTO AD-1;CHEFE DE DPTO AD 1; CARGO COMISSION.S/VINCULO;6973,03;;6973,03;1489,34;5483,69;
JANE MARA SILVA DE MORAES;GABINETE DO SECRETARIO;PROFESSOR PF20.MAG-VII;SECRETARIA EXECUTIVA; ESTATUTARIO;7475,00;;7475,00;149,04;7325,96;
JANETE CRISTINA DA SILVA CANTO;DEPTO.ATENCAO A CRIANCA ADOL.;ASSESSOR II AD-2;ASSESSOR II; CARGO COMISSION.S/VINCULO;3209,79;;3209,79;426,78;2783,01;
JARDAS LIMA SOLANO;DEPTO.DE ADMINIS.E FINANCAS;A.TEC-II;; ESTATUTARIO;3641,46;;3641,46;299,69;3341,77;
JOANA VIEIRA DA SILVA;DEPTO.DE ADMINIS.E FINANCAS;AGENTE ADMINISTRATIVO 1A CLASSE;; ESTATUTARIO;3815,05;;3815,05;351,20;3463,85;
JOAO DE SOUZA BEZERRA;DEPTO.DE ADMINIS.E FINANCAS;AUX.S.G-I;; ESTATUTARIO;1738,80;;1738,80;150,18;1588,62;
JOAO LUIZ LEITE DE FRANCA;DEPTO.DE ADMINIS.E FINANCAS;AUX.S.G-I;; ESTATUTARIO;2581,31;;2581,31;187,93;2393,38;
JOAQUINA DA SILVA MATIAS;DEPTO.DE ADMINIS.E FINANCAS;AGENTE ADMINISTRATIVO 3A CLASSE;; ESTATUTARIO;1505,28;;1505,28;149,48;1355,80;
JORGE LUIZ JOSEPH;DEPTO.ATENCAO A CRIANCA ADOL.;A.TEC-II;; ESTATUTARIO;1777,19;;1777,19;159,23;1617,96;
JOSE ADELCIMAR COELHO LEITE;PESSOAL PROC.DE APOSENTADORIA;AUXILIAR DE SERV GERAIS 1A CLASSE;; ESTATUTARIO;1874,78;;1874,78;141,34;1733,44;
JOSE EDUARDO GOMES DA SILVA;DEPTO.DE ADMINIS.E FINANCAS;AUX.S.G-II;; ESTATUTARIO;1660,15;;1660,15;137,85;1522,30;
JOSE ELIAS REIS DOS SANTOS;DEPTO.DE ADMINIS.E FINANCAS;AUXILIAR DE SERV GERAIS 2A CLASSE;; ESTATUTARIO;1623,29;;1623,29;129,23;1494,06;
JOSE MARIA DE OLIVEIRA;DEPTO.DE ADMINIS.E FINANCAS;AUX.S.G-I;; ESTATUTARIO;1888,98;;1888,98;150,18;1738,80;
JOSE RAIMUNDO BRANDAO MOTA;DEPTO.DE ADMINIS.E FINANCAS;ASSISTENTE TECNICO 2A CLASSE;GERENTE AD-2; ESTATUTARIO;6520,57;;6520,57;1040,96;5479,61;
JOSE RAIMUNDO REGES PINHEIRO;GABINETE DO SECRETARIO;ASSESSOR III AD-3;ASSESSOR III AD-3; CARGO COMISSION.S/VINCULO;3191,80;;3191,80;351,09;2840,71;
JOSIMAR ANJOS DE SOUZA;DEPTO.ATENCAO A CRIANCA ADOL.;VIGIA-II;; ESTATUTARIO;1943,63;;1943,63;137,85;1805,78;
JULIANA KETLEN CAVALCANTE L SABOIA;DEPTO.DE ADMINIS.E FINANCAS;GERENTE AD-2;GERENTE AD2; CARGO COMISSION.S/VINCULO;4209,79;;4209,79;670,28;3539,51;
JULIETA EMILIA BARBOSA MORAES;DEPTO.ATENCAO A CRIANCA ADOL.;MOTORISTA-MOT-T.S.N.A.-A;GERENTE AD-2; ESTATUTARIO;4660,86;;4660,86;527,47;4133,39;
KAMILA CRISTINA MARIALVA NONATO;GABINETE DO SECRETARIO;ASSESSOR II AD-2;ASSESSOR II AD-2; CARGO COMISSION.S/VINCULO;2609,79;;2609,79;270,20;2339,59;
KATIA DOS SANTOS BRANDAO;GABINETE DO SECRETARIO;SECRETARIO EXECUTIVO ADJUNTO;; CARGO COMISSION.S/VINCULO;9000,00;;9000,00;1994,62;7005,38;
KATIA SILENE BATISTA DE PAULA;DEPTO.DE ADMINIS.E FINANCAS;ASSESSOR I AD-1;ASSESSOR I AD-1; CARGO COMISSION.S/VINCULO;5229,77;;5229,77;986,40;4243,37;
LAERCIO AUGUSTO RIBEIRO FILHO;DEPTO.DE ADMINIS.E FINANCAS;MOT-I;; ESTATUTARIO;2530,64;;2530,64;209,71;2320,93;
LARISSA REBOUCAS RODRIGUES;ASSESSORIA DE PLANEJAMENTO;GERENTE AD-2;GERENTE AD-2; CARGO COMISSION.S/VINCULO;4209,79;;4209,79;670,28;3539,51;
LAURIMAR NOGUEIRA DE LIMA;DEPTO.ATENCAO A CRIANCA ADOL.;VIGIA-II;; ESTATUTARIO;1855,15;;1855,15;137,85;1717,30;
LEIDY SOARES DE LIMA;DEPTO.ATENCAO A CRIANCA ADOL.;ASSESSOR I AD-1;ASSESSOR I AD-1; CARGO COMISSION.S/VINCULO;4306,36;;4306,36;699,91;3606,45;
LEILA CONCEICAO DA SILVA;DEPTO.DE ADMINIS.E FINANCAS;AUX.S.G-II;; ESTATUTARIO;3516,15;;3516,15;289,80;3226,35;
LEONILZE DA SILVA TEIXEIRA;DEPTO.DE ADMINIS.E FINANCAS;A.TEC-I;; ESTATUTARIO;2412,34;;2412,34;197,82;2214,52;
LEONOR CORREA DA SILVA;DEPTO.DE ADMINIS.E FINANCAS;MONITOR 2A CLASSE;; ESTATUTARIO;1367,67;;1367,67;150,44;1217,23;
LILIAN DA SILVA GOMES MELO;GABINETE DO SECRETARIO;ASSESSOR I AD-1;; CARGO COMISSION.S/VINCULO;5229,77;;5229,77;943,74;4286,03;
LINDANEY ALVES GRIJO;DEPTO.DE ADMINIS.E FINANCAS;AGENTE ADMINISTRATIVO 1A CLASSE;; ESTATUTARIO;3846,41;;3846,41;330,11;3516,30;
LISSANDRO TERCO DE VERCOSA;DEPTO.DE ADMINIS.E FINANCAS;AGENTE ADMINISTRATIVO 1A CLASSE;; ESTATUTARIO;1816,40;;1816,40;158,96;1657,44;
LORENA MARILIA BARRETO TELES;DEPTO.DE ADMINIS.E FINANCAS;GERENTE AD-2;GERENTE AD-2; CARGO COMISSION.S/VINCULO;4209,79;;4209,79;641,84;3567,95;
LUAN OLIVEIRA DA SILVA;ASSESSORIA JURIDICA;ASSESSOR I AD-1;; CARGO COMISSION.S/VINCULO;5229,77;;5229,77;943,74;4286,03;
LUCAS RODRIGUES AVINTE;DEPTO.DE ADMINIS.E FINANCAS;ASSESSOR II AD-2;ASSESSOR II AD-2; CARGO COMISSION.S/VINCULO;4209,79;;4209,79;670,28;3539,51;
LUCIANA DA SILVA LIMA;DEPTO.DE ADMINIS.E FINANCAS;CHEFE DE DEPARTAMENTO AD-1;CHEFE DE DPTO AD1; CARGO COMISSION.S/VINCULO;5229,77;;5229,77;986,40;4243,37;
LUCIDALVA DE OLIVEIRA ANDRADE;DEPTO.DE ADMINIS.E FINANCAS;ASSISTENTE TECNICO 2A CLASSE;SUB.GERENTE AD-3; ESTATUTARIO;4079,29;;4079,29;409,04;3670,25;
LUIS ALEXANDRE DO ROSARIO RIBEIRO;DEPTO.DE ADMINIS.E FINANCAS;ASSESSOR II AD-2;ASSESSOR II AD-2; CARGO COMISSION.S/VINCULO;2609,79;;2609,79;270,20;2339,59;
LUZIA SIQUEIRA DOS SANTOS;DEPTO.DE ADMINIS.E FINANCAS;A.TEC-I;; ESTATUTARIO;2200,34;;2200,34;172,64;2027,70;
MANOEL BEZERRA GOMES;DEPTO.DE ADMINIS.E FINANCAS;AUX.S.G-II;; ESTATUTARIO;1660,15;;1660,15;137,85;1522,30;
MANOEL EVANGELISTA SANTANA NETO;GABINETE DO SECRETARIO;ASSESSOR I AD-1;; CARGO COMISSION.S/VINCULO;5229,77;;5229,77;986,40;4243,37;
MARCIA FRANCISCA MATUZINHO ANDRADE;ASSESSORIA DE PLANEJAMENTO;ASSESSOR II AD-2;ASSESSOR II; CARGO COMISSION.S/VINCULO;4209,79;;4209,79;670,28;3539,51;
MARCIA HELENA NASCIMENTO BRAGA;GABINETE DO SECRETARIO;ASSESSOR I AD-1;; CARGO COMISSION.S/VINCULO;5229,77;;5229,77;986,40;4243,37;
MARCIA LEILA DOS SANTOS FREIRE;DEPTO.DE ADMINIS.E FINANCAS;AGENTE ADMINISTRATIVO 3A CLASSE;; ESTATUTARIO;2986,28;;2986,28;220,20;2766,08;
MARCIA ZUILA ALMEIDA E SILVA;DEPTO.ATENCAO A CRIANCA ADOL.;MONITOR 2A CLASSE;; ESTATUTARIO;1739,02;;1739,02;150,44;1588,58;
MARCILIO JOSE GOMES DE BRITO;DEPTO.DE ADMINIS.E FINANCAS;VIGIA-II;; ESTATUTARIO;1660,15;;1660,15;137,85;1522,30;
MARCINETH PEVAS LIMA;GABINETE DO SECRETARIO;ASSESSOR II AD-2;ASSESSOR II AD-2; CARGO COMISSION.S/VINCULO;4209,79;;4209,79;641,84;3567,95;
MARCOS GOMES DOS SANTOS;DEPTO.DE ADMINIS.E FINANCAS;GERENTE AD-2;GERENTE AD-2; CARGO COMISSION.S/VINCULO;4209,79;;4209,79;670,28;3539,51;
MARGARIDA NUNES GALVAO GUERRA;ASSESSORIA DE COMUNIC.SOCIAL;A.TEC-I;; ESTATUTARIO;2092,64;;2092,64;172,64;1920,00;
MARIA ALCILENE FERREIRA DA SILVA;DEPTO.ATENCAO A CRIANCA ADOL.;AUX.S.G-II;; ESTATUTARIO;1261,94;;1261,94;138,81;1123,13;
MARIA AUXILIADORA M CAVALCANTE;ASSESSORIA JURIDICA;ASSISTENTE TECNICO 3A CLASSE;; ESTATUTARIO;2759,18;;2759,18;204,19;2554,99;
MARIA DA CONCEICAO AGOSTINHO MOTA;DEPTO.DE ADMINIS.E FINANCAS;A.TEC-I;; ESTATUTARIO;3191,41;;3191,41;278,24;2913,17;
MARIA DA CONCEICAO CANTUARIO;DEPTO.DE ADMINIS.E FINANCAS;AUX.S.G-I;; ESTATUTARIO;1496,31;;1496,31;148,25;1348,06;
MARIA DA CONCEICAO RODRIGUES CABRAL;DEPTO.ATENCAO A CRIANCA ADOL.;MONITOR 3A CLASSE;; ESTATUTARIO;2093,77;;2093,77;151,41;1942,36;
MARIA DA SILVA FERNANDES;DEPTO.ATENCAO A CRIANCA ADOL.;AUXILIAR DE SERV GERAIS 1A CLASSE;; ESTATUTARIO;1323,43;;1323,43;131,15;1192,28;
MARIA DAS DORES DA COSTA ANTONY;DEPTO.DE ADMINIS.E FINANCAS;A.TEC-I;; ESTATUTARIO;3902,40;;3902,40;378,94;3523,46;
MARIA DAS GRACAS ALVES DA S BYRON;DEPTO.ATENCAO A CRIANCA ADOL.;A.SOC-I;DRTOR DE UNID AD 1; ESTATUTARIO;5177,00;;5177,00;846,79;4330,21;
MARIA DAS GRACAS LOPES RIBEIRO;DEPTO.DE ADMINIS.E FINANCAS;A.TEC-I;; ESTATUTARIO;3303,05;;3303,05;289,09;3013,96;
MARIA DE LOURDES DE SOUZA RAMOS;DEPTO.DE ADMINIS.E FINANCAS;AUXILIAR DE SERV GERAIS 3A CLASSE;; ESTATUTARIO;1239,55;;1239,55;128,27;1111,28;
MARIA DO PERPETUO SOCORRO O VIEIRA;DEPTO.DE ADMINIS.E FINANCAS;AUX.S.G-II;; ESTATUTARIO;1435,15;;1435,15;137,85;1297,30;
MARIA DO SOCORRO CARIOCA BEZERRA;DEPTO.DE ADMINIS.E FINANCAS;AUXILIAR DE SERV GERAIS 3A CLASSE;; ESTATUTARIO;1614,55;;1614,55;128,27;1486,28;
MARIA DO SOCORRO NASCIMENTO MELLO;DEPTO.DE ADMINIS.E FINANCAS;A.TEC-I;; ESTATUTARIO;2714,34;;2714,34;220,47;2493,87;
MARIA ELIZETE PAULINO PINTO;DEPTO.DE ADMINIS.E FINANCAS;GERENTE AD-2;GERENTE AD-2; CARGO COMISSION.S/VINCULO;4209,79;;4209,79;670,28;3539,51;
MARIA FERREIRA DE SOUZA;ASSESSORIA JURIDICA;ASSESSOR I AD-1;ASSESSOR I AD-1; CARGO COMISSION.S/VINCULO;5229,77;;5229,77;986,40;4243,37;
MARIA GORETE DE SOUZA LOBATO;DEPTO.DE ADMINIS.E FINANCAS;A.TEC-I;; ESTATUTARIO;2643,46;;2643,46;220,52;2422,94;
MARIA IDEL GAMA;DEPTO.DE ADMINIS.E FINANCAS;SUBGERENTE AD-3;SUBGERENTE AD-3; CARGO COMISSION.S/VINCULO;3191,80;;3191,80;422,40;2769,40;
MARIA IVANILDA COSTA CARVALHO;DEPTO.DE ADMINIS.E FINANCAS;A.TEC-I;; ESTATUTARIO;3216,45;;3216,45;274,41;2942,04;
MARIA JANETE GOMES DE BRITO;DEPTO.ATENCAO A CRIANCA ADOL.;MONITOR 2A CLASSE;; ESTATUTARIO;1367,67;;1367,67;150,44;1217,23;
MARIA JOSE DE ARAUJO ABTIBOL;GABINETE DO SECRETARIO;ASSESSOR I AD-1;; CARGO COMISSION.S/VINCULO;5229,77;;5229,77;986,40;4243,37;
MARIA JOSEFINA OZIEL GALVAO;DEPTO.DE ADMINIS.E FINANCAS;A.SOC-I;; ESTATUTARIO;3199,87;;3199,87;424,37;2775,50;
MARIA LENIZE TAPAJOS MAUES;GABINETE DO SECRETARIO;CHEFE DE GABINETE AD-1;CHEFE GABINETE AD-1; CARGO COMISSION.S/VINCULO;5229,77;;5229,77;986,40;4243,37;
MARIA LUCIA DA SILVA BARROS;DEPTO.DE ADMINIS.E FINANCAS;AUX.S.G-III;; ESTATUTARIO;2492,44;;2492,44;166,67;2325,77;
MARIA LUZIA LIMA DE LIMA;ASSESSORIA DE PLANEJAMENTO;TECNICO 3A CLASSE;; ESTATUTARIO;2790,91;;2790,91;350,49;2440,42;
MARIA RAIMUNDA CARDOSO LOPES;DEPTO.ATENCAO A CRIANCA ADOL.;AUX.S.G-II;; ESTATUTARIO;1285,15;;1285,15;137,85;1147,30;
MARIA RAIMUNDA DOS ANJOS NASCIMENTO;DEPTO.DE ADMINIS.E FINANCAS;AUX.S.G-I;; ESTATUTARIO;2131,94;;2131,94;146,81;1985,13;
MARIA RITA RODRIGUES DE SOUZA;DEPTO.DE ADMINIS.E FINANCAS;AUX.S.G-II;; ESTATUTARIO;1660,15;;1660,15;137,85;1522,30;
MARIA ROSALINA MORAES MAUES;DEPTO.ATENCAO A CRIANCA ADOL.;DIRETOR DE UNIDADE AD-1;DIRETOR UNIDADE AD-1; CARGO COMISSION.S/VINCULO;4229,77;;4229,77;676,15;3553,62;
MARILENE DA SILVA LIMA;DEPTO.ATENCAO A CRIANCA ADOL.;SUBGERENTE AD-3;SUBGERENTE AD-3; CARGO COMISSION.S/VINCULO;3191,80;;3191,80;422,40;2769,40;
MARILENE INACIO DAMASCENO;DEPTO.DE ADMINIS.E FINANCAS;AUXILIAR DE SERV GERAIS 3A CLASSE;; ESTATUTARIO;1809,55;;1809,55;128,27;1681,28;
MARILZA ROCHA FERREIRA;DEPTO.DE ADMINIS.E FINANCAS;GERENTE AD-2;GERENTE AD-2; CARGO COMISSION.S/VINCULO;4209,79;;4209,79;670,28;3539,51;
MARINETE DOS SANTOS FERREIRA;DEPTO.DE ADMINIS.E FINANCAS;AGENTE ADMINISTRATIVO 3A CLASSE;; ESTATUTARIO;2607,77;;2607,77;192,84;2414,93;
MARLUCE DO NASCIMENTO SOARES;DEPTO.DE ADMINIS.E FINANCAS;AUX.S.G-II;; ESTATUTARIO;1285,15;;1285,15;137,85;1147,30;
MARTA CELIA MONTEIRO BEZERRA LIMA;DEPTO.DE ADMINIS.E FINANCAS;PROFESSOR PF20.ESP-III;GERENTE AD-2; ESTATUTARIO;8036,36;;8036,36;1345,90;6690,46;
MAURO CEZAR VERCOSA DE SOUZA;DEPTO.DE ADMINIS.E FINANCAS;DIRETOR DE UNIDADE AD-1;DIRETOR UNIDADE AD-1; CARGO COMISSION.S/VINCULO;4229,77;;4229,77;646,71;3583,06;
MEIRY CONCEICAO DA SILVA;DEPTO.ATENCAO A CRIANCA ADOL.;AUX.S.G-II;; ESTATUTARIO;1660,15;;1660,15;137,85;1522,30;
MESSIAS LEAL MACEDO;DEPTO.DE ADMINIS.E FINANCAS;AUX.S.G-II;; ESTATUTARIO;2213,53;;2213,53;137,85;2075,68;
MILANE LIMA REIS;GABINETE DO SECRETARIO;PROFESSOR PF20.MAG-VII;GERENTE AD-2; ESTATUTARIO;4209,79;;4209,79;311,07;3898,72;
MINEUZA BASTOS BARBOSA DA SILVA;DEPTO.DE ADMINIS.E FINANCAS;A.TEC-I;; ESTATUTARIO;1569,48;;1569,48;172,64;1396,84;
NATAN ABRANTES PINTO;GABINETE DO SECRETARIO;ASSESSOR II AD-2;ASSESSOR II AD-2; CARGO COMISSION.S/VINCULO;4209,79;;4209,79;670,28;3539,51;
NEZIA CANUTO DE MOURA;GABINETE DO SECRETARIO;AUXILIAR DE SERV GERAIS 1A CLASSE;; ESTATUTARIO;1957,23;;1957,23;130,19;1827,04;
NORMA CORREA;DEPTO.DE ADMINIS.E FINANCAS;TECNICO 3A CLASSE;SUBGERENTE AD 3; ESTATUTARIO;4359,88;;4359,88;544,18;3815,70;
OTILIA ALVES FIGUEIREDO;DEPTO.DE ADMINIS.E FINANCAS;AUX.S.G-II;; ESTATUTARIO;1253,20;;1253,20;137,85;1115,35;
OZIAS MARINHO DUARTE;GABINETE DO SECRETARIO;SUBGERENTE AD-3;SUBGERENTE AD-3; CARGO COMISSION.S/VINCULO;3191,80;;3191,80;422,40;2769,40;
PAOLA DI ANGELIS BRASIL PASSOS;DEPTO.DE ADMINIS.E FINANCAS;GERENTE AD-2;; CARGO COMISSION.S/VINCULO;4209,79;;4209,79;641,84;3567,95;
PAULA JESSICA TRIGUEIRO DE MORAES;DEPTO.DE ADMINIS.E FINANCAS;SUBGERENTE AD-3;SUBGERENTE AD3; CARGO COMISSION.S/VINCULO;3191,80;;3191,80;407,12;2784,68;
PAULO GLEYSON LUCENA DE FIGUEIREDO;GABINETE DO SECRETARIO;ASSESSOR I AD-1;ASSESSOR I AD 1; CARGO COMISSION.S/VINCULO;5229,77;;5229,77;986,40;4243,37;
RAIMUNDA ALMEIDA DO NASCIMENTO;PESSOAL PROC.DE APOSENTADORIA;TNS-I;; ESTATUTARIO;3787,49;;3787,49;500,28;3287,21;
RAIMUNDA CRISPIM DE MATOS;DEPTO.DE ADMINIS.E FINANCAS;AUX.S.G-II;; ESTATUTARIO;1660,15;;1660,15;137,85;1522,30;
RAIMUNDA DE LIMA FERNANDES;DEPTO.DE ADMINIS.E FINANCAS;AUX.S.G-II;; ESTATUTARIO;1713,53;;1713,53;137,85;1575,68;
RAIMUNDA DORVALINA R CONCEICAO;DEPTO.DE ADMINIS.E FINANCAS;AUX.S.G-II;; ESTATUTARIO;1855,15;;1855,15;137,85;1717,30;
RAIMUNDA MONTEIRO DOS SANTOS;DEPTO.DE ADMINIS.E FINANCAS;MONITOR 2A CLASSE;; ESTATUTARIO;1367,67;;1367,67;150,44;1217,23;
RAIMUNDA VALDA LEITE MONTEIRO;DEPTO.ATENCAO A CRIANCA ADOL.;AUX.S.G-II;; ESTATUTARIO;1435,15;;1435,15;137,85;1297,30;
RAIMUNDO JOSE DA SILVA PRADO;DEPTO.DE ADMINIS.E FINANCAS;MOT-I;; ESTATUTARIO;2539,39;;2539,39;211,25;2328,14;
RAIMUNDO NONATO DOS S CURINTIMA;DEPTO.ATENCAO A CRIANCA ADOL.;VIGIA 2A CLASSE;; ESTATUTARIO;1174,79;;1174,79;129,23;1045,56;
RAIMUNDO NONATO FERNANDES FILHO;DEPTO.DE ADMINIS.E FINANCAS;MOT-I;; ESTATUTARIO;2530,64;;2530,64;209,71;2320,93;
REGINA DO SOCORRO ANDRADE CORREA;DEPTO.DE ADMINIS.E FINANCAS;SUBGERENTE AD-3;SUBGERENTE AD 3; CARGO COMISSION.S/VINCULO;4255,73;;4255,73;624,59;3631,14;
REGINALDO ETELVINO LIMA DA SILVA;DEPTO.ATENCAO A CRIANCA ADOL.;A.TEC-II;; ESTATUTARIO;1980,46;;1980,46;160,83;1819,63;
REJANE LIMA DE ARAUJO;DEPTO.DE ADMINIS.E FINANCAS;AGENTE ADMINISTRATIVO 3A CLASSE;; ESTATUTARIO;1505,28;;1505,28;149,48;1355,80;
REJANE SOLANGE ALVES MENEZES;ASSESSORIA DE PLANEJAMENTO;TNS-I;CHEFE DE DEP-AD-1; ESTATUTARIO;7310,79;;7310,79;1429,26;5881,53;
RENATO VIEIRA DA SILVA;GABINETE DO SECRETARIO;A.TEC-II;; ESTATUTARIO;3041,46;;3041,46;160,83;2880,63;
RICARDO GUERRA LOPES;DEPTO.DE ADMINIS.E FINANCAS;AUX.S.G-II;; ESTATUTARIO;2957,53;;2957,53;192,31;2765,22;
RONALDO CESAR PAULA DA SILVA;ASSESSORIA DE PLANEJAMENTO;ASSISTENTE TECNICO 3A CLASSE;; ESTATUTARIO;2986,28;;2986,28;220,20;2766,08;
ROSANI SILVA BELEM;DEPTO.DE ADMINIS.E FINANCAS;A.TEC-II;; ESTATUTARIO;2131,46;;2131,46;160,83;1970,63;
ROSELY BATISTA THOMAZ;DEPTO.DE ADMINIS.E FINANCAS;SUBGERENTE AD-3;SUBGERENTE AD 3; CARGO COMISSION.S/VINCULO;3191,80;;3191,80;422,40;2769,40;
ROSILENE SOUZA FREIRE;DEPTO.DE ADMINIS.E FINANCAS;AUX.S.G-II;; ESTATUTARIO;1285,15;;1285,15;137,85;1147,30;
RUTHNEIDA DA SILVA MORAES;ASSESSORIA DE PLANEJAMENTO;GERENTE AD-2;GERENTE AD 2; CARGO COMISSION.S/VINCULO;4209,79;;4209,79;670,28;3539,51;
SALOME AMARAL COELHO;DEPTO.DE ADMINIS.E FINANCAS;TNS-I;ASSESSOR 1-AD-1; ESTATUTARIO;6873,86;;6873,86;1305,96;5567,90;
SANDRA MAQUINE MACIEL;DEPTO.DE ADMINIS.E FINANCAS;A.TEC-III;CHEFE DE DPTO AD-1; ESTATUTARIO;5789,02;;5789,02;831,69;4957,33;
SANDRO BLEIDES COELHO;DEPTO.DE ADMINIS.E FINANCAS;DIRETOR DE UNIDADE AD-1;DRTOR DE UNID AD 1; CARGO COMISSION.S/VINCULO;4229,77;;4229,77;676,15;3553,62;
SELMA DEANE DE LIMA MELO;DEPTO.DE ADMINIS.E FINANCAS;ASSESSOR II AD-2;; CARGO COMISSION.S/VINCULO;2609,79;;2609,79;270,20;2339,59;
SEVERINA PERES AREVALO;DEPTO.ATENCAO A CRIANCA ADOL.;AUX.ADM-I;; ESTATUTARIO;1430,43;;1430,43;157,35;1273,08;
SIDNEY DUARTE GALVAO;DEPTO.DE ADMINIS.E FINANCAS;SUBGERENTE AD-3;SUBGERENTE; CARGO COMISSION.S/VINCULO;3191,80;;3191,80;422,40;2769,40;
SIDNEY ROQUE CAVALCANTE;DEPTO.DE ADMINIS.E FINANCAS;A.TEC-I;; ESTATUTARIO;1629,34;;1629,34;172,64;1456,70;
SILVIA CARLA MACEDO CARDOSO FURTADO;GABINETE DO SECRETARIO;ASSESSOR I AD-1;ASSESSOR I AD-1; CARGO COMISSION.S/VINCULO;5229,77;;5229,77;986,40;4243,37;
SKATHI LIANE CRUZ DA SILVA;DEPTO.DE ADMINIS.E FINANCAS;A.TEC-I;; ESTATUTARIO;2046,40;;2046,40;174,57;1871,83;
SONY MARCOS NOGUEIRA DUARTE;DEPTO.ATENCAO A CRIANCA ADOL.;AUX.S.G-II;; ESTATUTARIO;1943,63;;1943,63;137,85;1805,78;
STHEFANIA VASCONCELOS GUIMARAES;GABINETE DO SECRETARIO;ASSESSOR III AD-3;ASSESSOR III AD-3; CARGO COMISSION.S/VINCULO;3191,80;;3191,80;422,40;2769,40;
SUELEN SOARES CARVALHO;DEPTO.DE ADMINIS.E FINANCAS;ASSESSOR II AD-2;ASSESSOR II AD 2; CARGO COMISSION.S/VINCULO;4209,79;;4209,79;670,28;3539,51;
SUELY DA SILVA TEIXEIRA;DEPTO.DE ADMINIS.E FINANCAS;A.TEC-I;; ESTATUTARIO;4007,72;;4007,72;408,98;3598,74;
SUELY DE CASTRO NUNES;DEPTO.DE ADMINIS.E FINANCAS;ASSISTENTE TECNICO 1A CLASSE;; ESTATUTARIO;5115,83;;5115,83;656,07;4459,76;
TELIA RABELO DA SILVA FEIJAO;DEPTO.DE ADMINIS.E FINANCAS;GERENTE AD-2;GERENTE AD 2; CARGO COMISSION.S/VINCULO;5613,05;;5613,05;1115,35;4497,70;
TERESA NEUMA NOGUEIRA MARTINIANO;DEPTO.DE ADMINIS.E FINANCAS;A.TEC-I;; ESTATUTARIO;2647,62;;2647,62;221,21;2426,41;
VALDEREZ SANTANA DA SILVA;GABINETE DO SECRETARIO;AUXILIAR DE SERV GERAIS 3A CLASSE;; ESTATUTARIO;1818,29;;1818,29;129,23;1689,06;
VANIA MARIA BESSA BARROS;DEPTO.ATENCAO A CRIANCA ADOL.;A.SOC-II;; ESTATUTARIO;3584,66;;3584,66;460,04;3124,62;
VERA DA COSTA SERRAO;DEPTO.DE ADMINIS.E FINANCAS;ASSISTENTE TECNICO 3A CLASSE;; ESTATUTARIO;2697,33;;2697,33;208,67;2488,66;
VERA LUCIA CUERCI DE SOUSA;DEPTO.DE ADMINIS.E FINANCAS;GERENTE AD-2;GERENTE AD 2; CARGO COMISSION.S/VINCULO;4209,79;;4209,79;670,28;3539,51;
VICENTE MAJELA PONTES RAPOSO;DEPTO.DE ADMINIS.E FINANCAS;AGENTE ADMINISTRATIVO 1A CLASSE;; ESTATUTARIO;2759,18;;2759,18;204,19;2554,99;
YANNA MOTTA LOPES R S OLIVEIRA;GABINETE DO SECRETARIO;ASSESSOR II AD-2;ASSESSOR II AD 2; CARGO COMISSION.S/VINCULO;4209,79;;4209,79;670,28;3539,51;
ZINA GRANGEIRO PINHEIRO;DEPTO.ATENCAO A CRIANCA ADOL.;AUX.S.G-II;; ESTATUTARIO;1999,11;;1999,11;136,49;1862,62;
