NOME;LOTACAO;CARGO;FUNCAO;VINCULO;REMUNERACAO LEGAL TOTAL(R$);DESC.TETO(R$); REMUNERACAO LEGAL DEVIDA(R$);DESCONTOS LEGAIS(R$);LIQUIDO DISPONIVEL(R$);
ADRIANA DE ARAUJO BASTOS;ASSESSORIA;ASSESSOR II AD-2;ASSESSOR II AD-2; CARGO COMISSION.S/VINCULO;4209,79;;4209,79;670,28;3539,51;
ADRIANO BANDEIRA COUTO;ASSESSORIA;ASSESSOR III AD-3;; CARGO COMISSION.S/VINCULO;3191,80;;3191,80;422,40;2769,40;
AFONSO AURINO DE OLIVEIRA E SILVA;SECRETARIA EXECUTIVA;AUXILIAR TECNICO;; C.L.T.;3436,00;;3436,00;412,86;3023,14;
ALAIN LINCOLN CAIMO;ASSESSORIA;GERENTE AD-2;; CARGO COMISSION.S/VINCULO;4209,79;;4209,79;670,28;3539,51;
ALBERICO LIMA DE OLIVEIRA;SECRETARIA EXECUTIVA;A.TEC-I;; ESTATUTARIO;3719,09;;3719,09;293,76;3425,33;
ALDENIR AUGUSTA DE OLIVEIRA NEVES;ASSESSORIA;ASSESSOR III AD-3;ASSESSOR III AD 3; CARGO COMISSION.S/VINCULO;3191,80;;3191,80;422,40;2769,40;
ALMIR DO NASCIMENTO LIMA;GERENCIA DE MATER.E PATRIMONIO;VIGIA;; ESTATUTARIO;2596,98;;2596,98;137,77;2459,21;
ANA MAURA MAGALHAES GENTIL;DEPARTAMENTO DE ADM.E FINANCAS;ENGENHEIRO AGRONOMO;GERENTE AD-2; ESTATUTARIO;10824,72;;10824,72;2723,89;8100,83;
ANA SIMONE DE OLIVEIRA MORAES;DEPARTAMENTO DE ADM.E FINANCAS;A.TEC-I;; ESTATUTARIO;2200,34;;2200,34;165,98;2034,36;
ANDERSON OSCAR SOUZA DA SILVEIRA;ASSESSORIA;ASSESSOR III AD-3;; CARGO COMISSION.S/VINCULO;3191,80;;3191,80;422,40;2769,40;
ANDREZA MAIA DA SILVA BOTELHO;ASSESSORIA;ASSESSOR II AD-2;ASSESSOR II AD-2; CARGO COMISSION.S/VINCULO;4209,79;;4209,79;670,28;3539,51;
ANITA LEOCADIA V S MELCHOR;GERENCIA DE PROG.E PESQUISAS;TECNICO II;; ESTATUTARIO;5631,05;;5631,05;929,68;4701,37;
ANNE KATHARINE DA SILVA LIRA;ASSESSORIA;ASSESSOR I AD-1;ASSESSOR I AD-1; CARGO COMISSION.S/VINCULO;5229,77;;5229,77;986,40;4243,37;
ANTONIO ALFREDO COSTA FILHO;GERENCIA DE MATER.E PATRIMONIO;A.OPE-I;; ESTATUTARIO;3127,83;;3127,83;210,61;2917,22;
ANTONIO DE ALMEIDA PEIXOTO;ASSESSORIA;ASSESSOR I AD-1;; CARGO COMISSION.S/VINCULO;5229,77;;5229,77;986,40;4243,37;
AURELIO BRANDAO DA SILVA;GERENCIA DE MATER.E PATRIMONIO;AUX.DE SERV.GER.-ASG-T.S.N.A.-A;AUX. SERV. GERAIS; ESTATUTARIO;2472,36;;2472,36;180,79;2291,57;
BRUNNO DOS SANTOS FERNANDES;ASSESSORIA;ASSESSOR I AD-1;ASSESSOR I AD-1; CARGO COMISSION.S/VINCULO;5229,77;;5229,77;986,40;4243,37;
BRUNO MACHADO DE SOUZA;ASSESSORIA;ASSESSOR IV AD-4;ASSESSOR IV AD-4; CARGO COMISSION.S/VINCULO;4234,15;;4234,15;677,51;3556,64;
CAMILA FIGUEIREDO COELHO;GERENCIA DE CARTOGRAFIA;ASSESSOR II AD-2;; CARGO COMISSION.S/VINCULO;4209,79;;4209,79;670,28;3539,51;
CARLOS ALBERTO CARDOSO DE SOUZA;DEPARTAMENTO DE ADM.E FINANCAS;ASSISTENTE TECNICO;; ESTATUTARIO;2314,51;;2314,51;152,37;2162,14;
CARLOS HORACIO DA ROCHA GAMA;DEPARTAMENTO DE ADM.E FINANCAS;TNS-I;; ESTATUTARIO;5873,86;;5873,86;1046,87;4826,99;
CARLOS JERONIMO DA SILVA;ASSESSORIA;GERENTE AD-2;; CARGO COMISSION.S/VINCULO;4209,79;;4209,79;670,28;3539,51;
CARLOS SNEIDER FERNANDES S SANTOS;ASSESSORIA;ASSESSOR II AD-2;ASSESSOR II AD-2; CARGO COMISSION.S/VINCULO;4209,79;;4209,79;590,64;3619,15;
CINARA VIANA DE OLIVEIRA;GERENCIA DE DESENV.TERRITORIAL;ASSESSOR II AD-2;; CARGO COMISSION.S/VINCULO;5613,05;;5613,05;1115,35;4497,70;
CLAUDENIZA OZORIO DE CARVALHO;GERENCIA DE ORC.E FINANCAS;A.TEC-I;; ESTATUTARIO;5171,11;;5171,11;628,56;4542,55;
CLODUALDO LIMA DUARTE;DEPARTAMENTO DE ADM.E FINANCAS;ASSISTENTE TECNICO;; ESTATUTARIO;3003,77;;3003,77;224,46;2779,31;
CRISTIANE DA SILVEIRA E SILVA;ASSESSORIA;ASSESSOR II AD-2;; CARGO COMISSION.S/VINCULO;4209,79;;4209,79;670,28;3539,51;
CRISTOVAM DA COSTA CORDEIRO;DEPARTAMENTO DE ADM.E FINANCAS;MOT-I;; ESTATUTARIO;2841,39;;2841,39;171,15;2670,24;
DAIANE MOREIRA CARDOZO;ASSESSORIA;ASSESSOR III AD-3;; CARGO COMISSION.S/VINCULO;3191,80;;3191,80;422,40;2769,40;
DANIEL JOAQUIM PARISOTTO;ASSESSORIA;ASSESSOR II AD-2;; CARGO COMISSION.S/VINCULO;4209,79;;4209,79;670,28;3539,51;
DENNY BATISTA COLARES;ASSESSORIA;CHEFE DE DEPARTAMENTO AD-1;CH.DE DEPARTAMENTO; CARGO COMISSION.S/VINCULO;5229,77;;5229,77;986,40;4243,37;
DEUSDETE COSTA SENNA;GERENCIA DE MATER.E PATRIMONIO;MOTORISTA 3A CLASSE;; ESTATUTARIO;3089,20;;3089,20;201,35;2887,85;
DIEGO ROBERTO AFONSO;GABINETE DO SECRETARIO;SECRETARIO DE ESTADO;; CARGO COMISSION.S/VINCULO;7560,00;;7560,00;1209,64;6350,36;
EDER JOSE DA CUNHA TEIXEIRA;SECRETARIA EXECUTIVA;ASSISTENTE TECNICO;; ESTATUTARIO;3595,03;;3595,03;312,33;3282,70;
EDINEZ PINTO DE ALBUQUERQUE;ASSESSORIA;ASSESSOR III AD-3;; CARGO COMISSION.S/VINCULO;3191,80;;3191,80;422,40;2769,40;
EDNEIA PEREIRA DOURADO;SECRETARIA EXECUTIVA;ASSISTENTE ADMINISTRATIVO I;; C.L.T.;3741,33;;3741,33;509,77;3231,56;
EDNELZA REIS ALVES;ASSESSORIA;ASSESSOR I AD-1;ASSESSOR I AD-1; CARGO COMISSION.S/VINCULO;5229,77;;5229,77;986,40;4243,37;
EDSON SILVA ARAUJO;SECRETARIA EXECUTIVA;A.TEC-I;; ESTATUTARIO;3719,09;;3719,09;173,61;3545,48;
EDUARDO MENDONCA JUNIOR;GERENCIA DE ORC.E FINANCAS;A.TEC-II;ASSESSOR I AD-1; ESTATUTARIO;5835,46;;5835,46;851,99;4983,47;
ELEONORA FERREIRA DOS SANTOS;SECRETARIA EXECUTIVA;A.TEC-I;GERENTE AD2; ESTATUTARIO;4904,34;;4904,34;515,83;4388,51;
ELLEM CASTRO BEZERRA;ASSESSORIA;ASSESSOR II AD-2;; CARGO COMISSION.S/VINCULO;4209,79;;4209,79;670,28;3539,51;
EMERSON MOTA DE ALCANTARA;ASSESSORIA;ASSESSOR III AD-3;ASSESSOR III AD-3; CARGO COMISSION.S/VINCULO;3191,80;;3191,80;422,40;2769,40;
ERNANDO DOS SANTOS DIAS;DEPARTAMENTO DE ADM.E FINANCAS;ASSISTENTE TECNICO;; ESTATUTARIO;3003,77;;3003,77;208,32;2795,45;
ETY DOS SANTOS;DEPARTAMENTO DE ADM.E FINANCAS;AUX.S.G-II;; ESTATUTARIO;2667,70;;2667,70;138,81;2528,89;
EZEGLAIR PEREIRA DE SOUZA;GERENCIA DE MATER.E PATRIMONIO;MOT-II;; ESTATUTARIO;1896,91;;1896,91;163,90;1733,01;
FLAVIO ADRIANO ABREU DA SILVA;ASSESSORIA;ASSESSOR IV AD-4;; CARGO COMISSION.S/VINCULO;3175,61;;3175,61;418,48;2757,13;
FRANCISCA DAS CHAGAS F GARCEZ;DEPARTAMENTO DE ADM.E FINANCAS;AGENTE DE ADMINISTRACAO;; ESTATUTARIO;2093,77;;2093,77;151,41;1942,36;
FRANCISCA DO NASCIMENTO ELIAS;DEPARTAMENTO DE ADM.E FINANCAS;A.TEC-I;; ESTATUTARIO;3286,03;;3286,03;215,41;3070,62;
FRANCISCO DE ASSIS SOUTO;DEPARTAMENTO DE ADM.E FINANCAS;TNS-I;; ESTATUTARIO;5313,22;;5313,22;783,06;4530,16;
FRANKLIN ROLIM ODA;ASSESSORIA;AGENTE ADMINISTRATIVO;GERENTE AD-2; ESTATUTARIO;4598,57;;4598,57;449,57;4149,00;
GERMAN CUSQUISIBAN ESCOBAL;DEPARTAMENTO DE ADM.E FINANCAS;A.TEC-I;; ESTATUTARIO;3092,86;;3092,86;248,58;2844,28;
GEYSA MITZ DANTAS GUIMARAES;ASSESSORIA;ASSESSOR I AD-1;ASSESSOR I AD-1; CARGO COMISSION.S/VINCULO;5229,77;;5229,77;986,40;4243,37;
GUIOMAR DE VASCONCELOS LIMA;GERENCIA DE MATER.E PATRIMONIO;AUX.S.G-I;; ESTATUTARIO;2590,06;;2590,06;149,22;2440,84;
HELLEN REGINA PINHEIRO JORDAO;ASSESSORIA;ASSESSOR IV AD-4;ASSESSOR IV AD-4; CARGO COMISSION.S/VINCULO;3175,61;;3175,61;418,48;2757,13;
HEROS LOPES RODRIGUES;ASSESSORIA;ASSESSOR I AD-1;; CARGO COMISSION.S/VINCULO;5229,77;;5229,77;986,40;4243,37;
INDIRA GONCALVES DE SOUZA L ROZEIRA;ASSESSORIA;ASSESSOR II AD-2;; CARGO COMISSION.S/VINCULO;4209,79;;4209,79;670,28;3539,51;
IPOJUCAN EDEN BATURITE;SECRETARIA EXECUTIVA;TECNICO EM AGROPECUARIA;ASSESSOR I AD-1; ESTATUTARIO;6368,04;;6368,04;873,48;5494,56;
IRAILSON CARDOSO DE ALMEIDA;ASSESSORIA;ASSESSOR II AD-2;ASSESSOR II AD-2; CARGO COMISSION.S/VINCULO;4209,79;;4209,79;670,28;3539,51;
IVANHOE AMAZONAS MENDES FILHO;SECRETARIA EXECUTIVA;SECRETARIO DE ESTADO;SEC.DE ESTADO; CARGO COMISSION.S/VINCULO;26475,00;;26475,00;2727,38;23747,62;
IVONE DA SILVA FREIRE;DEPARTAMENTO DE ADM.E FINANCAS;A.TEC-I;; ESTATUTARIO;3926,17;;3926,17;379,72;3546,45;
JAMILLA DE SOUZA PASSOS STEINHEUSER;ASSESSORIA;ASSESSOR III AD-3;ASSESSOR III AD 3; CARGO COMISSION.S/VINCULO;3191,80;;3191,80;422,40;2769,40;
JOAO FERREIRA RODRIGUES;GERENCIA DE MATER.E PATRIMONIO;AUX.O-I;; ESTATUTARIO;3615,25;;3615,25;286,70;3328,55;
JOAQUIM MARQUES DOS SANTOS JUNIOR;GERENCIA DE PROG.E PESQUISAS;TECNICO III;ASSESSOR I - AD-1; ESTATUTARIO;8219,51;;8219,51;904,40;7315,11;
JOSE DAVID NOGUEIRA DA SILVA;ASSESSORIA;ASSESSOR I AD-1;ASSESSOR I AD-1; CARGO COMISSION.S/VINCULO;6973,03;;6973,03;1489,34;5483,69;
JUCELINE ROCHA DA SILVA;ASSESSORIA;ASSESSOR II AD-2;ASSESSOR II AD-2; CARGO COMISSION.S/VINCULO;4209,79;;4209,79;670,28;3539,51;
JULIANA MARIA MELAZI GIRARDI;SECRETARIA EXECUTIVA;CHEFE DE GABINETE AD-1;CHEFE DE GAB AD-1; CARGO COMISSION.S/VINCULO;5229,77;;5229,77;986,40;4243,37;
LEONARDO CESAR RABELLO ITUASSU;ASSESSORIA;ASSESSOR I AD-1;; CARGO COMISSION.S/VINCULO;5229,77;;5229,77;986,40;4243,37;
LILIA MARIA DA MOTA SILVA;DEPARTAMENTO DE ADM.E FINANCAS;ASSISTENTE TECNICO;; ESTATUTARIO;3595,02;;3595,02;312,33;3282,69;
LUCIA REGINE SANTOS DA SILVA;GERENCIA DE MATER.E PATRIMONIO;AUXILIAR DE SERV GERAIS 2A CLASSE;; ESTATUTARIO;2474,55;;2474,55;128,27;2346,28;
LUCIANDRO ARAUJO DA SILVA;ASSESSORIA;GERENTE AD-2;; CARGO COMISSION.S/VINCULO;4209,79;;4209,79;670,28;3539,51;
LUCINDA AURORA OLIVEIRA LIMA;DEPARTAMENTO DE ADM.E FINANCAS;A.TEC-I;; ESTATUTARIO;3877,26;;3877,26;311,81;3565,45;
LUCIO MORAES CARRIL;ASSESSORIA;SECRETARIO EXECUTIVO;; CARGO COMISSION.S/VINCULO;23985,00;;23985,00;2950,13;21034,87;
LUIZ CARLOS RENOVATO DOS SANTOS;GERENCIA DE PROG.E PESQUISAS;A.TEC-I;; ESTATUTARIO;3710,34;;3710,34;348,50;3361,84;
LUKAS PEREIRA MENDES;ASSESSORIA;ASSESSOR IV AD-4;; CARGO COMISSION.S/VINCULO;4234,15;;4234,15;677,51;3556,64;
MAIZA LEITE ANDRADE;DEPARTAMENTO DE ADM.E FINANCAS;AUX.ADM-III;; ESTATUTARIO;2625,72;;2625,72;180,21;2445,51;
MANOEL RAIMUNDO DA ROCHA;GERENCIA DE CARTOGRAFIA;A.TEC-II;; ESTATUTARIO;3642,48;;3642,48;241,90;3400,58;
MARCELO AUGUSTO BORGES DA SILVA;ASSESSORIA;CHEFE DE DEPARTAMENTO AD-1;; CARGO COMISSION.S/VINCULO;5229,77;;5229,77;986,40;4243,37;
MARIA ANUNCIACAO LOPES DA SILVA;DEPARTAMENTO DE ADM.E FINANCAS;AUX.S.G-I;; ESTATUTARIO;3453,41;;3453,41;183,14;3270,27;
MARIA APARECIDA MACEDO GUIMARAES;DEPARTAMENTO DE ADM.E FINANCAS;A.TEC-I;; ESTATUTARIO;2376,03;;2376,03;166,94;2209,09;
MARIA BEATRIZ CORDEIRO CALDAS;SECRETARIA EXECUTIVA;A.TEC-I;; ESTATUTARIO;3710,34;;3710,34;291,62;3418,72;
MARIA DA CONCEICAO DE O NAZARETH;SECRETARIA EXECUTIVA;ASSISTENTE ADMINISTRATIVO II;ASS ADMINISTRATIVO; ESTATUTARIO;3257,68;;3257,68;259,07;2998,61;
MARIA DAS GRACAS DA COSTA CAMPELO;DEPARTAMENTO DE POL.FUNDIARIA;A.TEC-I;ASSESSOR II AD-2; ESTATUTARIO;3402,74;;3402,74;240,42;3162,32;
MARIA DE FATIMA BEZERRA CAVALCANTE;DEPARTAMENTO DE ADM.E FINANCAS;AGENTE DE ADMINISTRACAO;; ESTATUTARIO;2759,18;;2759,18;175,75;2583,43;
MARIA DO SOCORRO GOMES DIAS;SECRETARIA EXECUTIVA;ASSISTENTE TECNICO;GERENTE; ESTATUTARIO;7339,79;;7339,79;1246,88;6092,91;
MARIA EDUARDA PEREIRA DOS SANTOS;GERENCIA DE VISTORIA;ASSISTENTE ADMINISTRATIVO III;; ESTATUTARIO;4070,13;;4070,13;403,87;3666,26;
MARIA ELDA LABORDA DA COSTA;ASSESSORIA;ASSESSOR III AD-3;; CARGO COMISSION.S/VINCULO;3191,80;;3191,80;422,40;2769,40;
MARIA ELENA ARAUJO MENDES;SECRETARIA EXECUTIVA;TECNICO II;; ESTATUTARIO;6036,03;;6036,03;839,99;5196,04;
MARIA EUNICE PINHEIRO DE CARVALHO;SECRETARIA EXECUTIVA;A.TEC-I;; ESTATUTARIO;4567,62;;4567,62;492,65;4074,97;
MARIA ONEIDE DA COSTA;GERENCIA DE MATER.E PATRIMONIO;AUX.S.G-II;; ESTATUTARIO;2520,15;;2520,15;137,85;2382,30;
MARIA REGINA DE ARAUJO S ANTONIO;DEPARTAMENTO DE ADM.E FINANCAS;TECNICO II;; ESTATUTARIO;4326,69;;4326,69;593,14;3733,55;
MARIA SANDRA DA SILVA MIRANDA;ASSESSORIA;ASSESSOR IV AD-4;ASSESSOR IV AD-4; CARGO COMISSION.S/VINCULO;2179,61;;2179,61;196,16;1983,45;
MARIA TEREZA PINHEIRO CIDADE;ASSESSORIA;CHEFE DE DEPARTAMENTO AD-1;; CARGO COMISSION.S/VINCULO;5229,77;;5229,77;986,40;4243,37;
MERCIA NOGUEIRA MONTEIRO;ASSESSORIA;SECRETARIO EXECUTIVO ADJUNTO;; CARGO COMISSION.S/VINCULO;12000,00;;12000,00;2871,76;9128,24;
MONIKE DE OLIVEIRA MOURA;ASSESSORIA;ASSESSOR II AD-2;; CARGO COMISSION.S/VINCULO;5613,05;;5613,05;1115,35;4497,70;
NANCY MEIRELES MONTEIRO;ASSESSORIA;ASSESSOR II AD-2;; CARGO COMISSION.S/VINCULO;4209,79;;4209,79;670,28;3539,51;
NATALLY SANTOS FERREIRA;ASSESSORIA;ASSESSOR IV AD-4;ASSESSOR IV AD-4; CARGO COMISSION.S/VINCULO;2575,61;;2575,61;264,79;2310,82;
NILCE MARIA GOMES DA S VASCONCELOS;GERENCIA DE PROG.E PESQUISAS;AUX.ADM-III;; ESTATUTARIO;3461,81;;3461,81;278,69;3183,12;
NILTON FERNANDES DA SILVA;GERENCIA DE MATER.E PATRIMONIO;AUX.O-I;; ESTATUTARIO;3627,87;;3627,87;232,53;3395,34;
OSCAR CORDEIRO DE SOUZA;GERENCIA DE MATER.E PATRIMONIO;A.TEC-I;; ESTATUTARIO;3115,26;;3115,26;222,60;2892,66;
PAULA ANDREA KANZLER SOARES;SECRETARIA EXECUTIVA;INVEST.DE POL. 3A.CL. PC-INV-III;SECRET.EXECUTIVA; ESTATUTARIO;15840,00;;15840,00;3434,50;12405,50;
PAULO CEZAR LEVY DE CARVALHO;DEPARTAMENTO DE ADM.E FINANCAS;A.TEC-I;ASSESSOR I AD-1; ESTATUTARIO;937,00;;937,00;169,57;767,43;
PAULO MESSIAS SOUZA QUEIROZ;ASSESSORIA;ASSESSOR II AD-2;; CARGO COMISSION.S/VINCULO;4209,79;;4209,79;670,28;3539,51;
PEDRO MOURA DOS SANTOS;DEPARTAMENTO DE ADM.E FINANCAS;ASSISTENTE TECNICO;; ESTATUTARIO;3577,54;;3577,54;308,07;3269,47;
PEREGRINO PEREIRA DA SILVA;GERENCIA DE MATER.E PATRIMONIO;AUX.O-I;; ESTATUTARIO;3836,86;;3836,86;363,75;3473,11;
RAIMUNDA SOUZA DA SILVA;DEPARTAMENTO DE ADM.E FINANCAS;TECNICO I;; ESTATUTARIO;3859,08;;3859,08;515,53;3343,55;
RAIMUNDO JOSUE MOREIRA PESSOA;DEPARTAMENTO DE ADM.E FINANCAS;TNS-I;; ESTATUTARIO;4382,65;;4382,65;483,60;3899,05;
RAIMUNDO MOREIRA DE FARIAS;DEPARTAMENTO DE ADM.E FINANCAS;TNS-I;; ESTATUTARIO;4668,56;;4668,56;550,40;4118,16;
RAPHAEL PIMENTA ANDRADE LEITE;ASSESSORIA;ASSESSOR IV AD-4;ASSESSOR IV AD-4; CARGO COMISSION.S/VINCULO;3175,61;;3175,61;418,48;2757,13;
RAQUEL FERREIRA DA SILVA;DEPARTAMENTO DE ADM.E FINANCAS;ASSISTENTE ADMINISTRATIVO II;ASSESSOR II AD-2; ESTATUTARIO;5093,15;;5093,15;546,79;4546,36;
REGINA MAIA SANCHEZ PROCOPIO;ASSESSORIA;ASSESSOR II AD-2;; CARGO COMISSION.S/VINCULO;4209,79;;4209,79;670,28;3539,51;
RICARDO ALEXANDRE CORDEIRO ALVES;ASSESSORIA;ASSESSOR II AD-2;; CARGO COMISSION.S/VINCULO;4209,79;;4209,79;670,28;3539,51;
RICARDO RAMOS DE SOUZA;DEPARTAMENTO DE ADM.E FINANCAS;TECNICO EM AGROPECUARIA;; ESTATUTARIO;2881,59;;2881,59;215,89;2665,70;
RODRIGO ROCHA VIANA;GERENCIA DE RECURSOS HUMANOS;GERENTE AD-2;GERENTE AD-2; CARGO COMISSION.S/VINCULO;4209,79;;4209,79;670,28;3539,51;
ROSALVO DOS SANTOS MIRANDA FILHO;GERENCIA DE MATER.E PATRIMONIO;MOT-I;; ESTATUTARIO;3228,64;;3228,64;250,57;2978,07;
RUAN CARLOS PEIXOTO DA SILVA;ASSESSORIA;ASSESSOR III AD-3;; CARGO COMISSION.S/VINCULO;3191,80;;3191,80;422,40;2769,40;
SANDRO RAMALHO BEZERRA;GERENCIA DE DESENV.TERRITORIAL;ASSESSOR I AD-1;; CARGO COMISSION.S/VINCULO;5229,77;;5229,77;986,40;4243,37;
SHEILA MEIRA TORRES LEVY;DEPARTAMENTO DE ADM.E FINANCAS;ASSISTENTE TECNICO;; ESTATUTARIO;2447,46;;2447,46;150,44;2297,02;
SHIRLEY HELEM ABREU NASCIMENTO;SECRETARIA EXECUTIVA;PROFESSOR C4 ED-LPL-IV;PROFESSOR; ESTATUTARIO;1724,95;;1724,95;109,99;1614,96;
SOLANGE MEIRE BROTA GARANTIZADO;DEPARTAMENTO DE ADM.E FINANCAS;ASSISTENTE SOCIAL;; ESTATUTARIO;4928,13;;4928,13;723,27;4204,86;
SONIA ROCHA VIANA;GERENCIA DE RECURSOS HUMANOS;ASSISTENTE ADMINISTRATIVO III;; ESTATUTARIO;4043,28;;4043,28;396,61;3646,67;
SORAYA PRAIA LEITE;SECRETARIA EXECUTIVA;ASSISTENTE ADMINISTRATIVO III;; ESTATUTARIO;4047,08;;4047,08;396,71;3650,37;
SUELY BRANDAO DA SILVA;GERENCIA DE MATER.E PATRIMONIO;AUXILIAR DE SERV GERAIS 2A CLASSE;; ESTATUTARIO;2474,55;;2474,55;128,27;2346,28;
TARCIO COSTA AMORIM;ASSESSORIA;ASSESSOR II AD-2;ASSESSOR II AD-2; CARGO COMISSION.S/VINCULO;4209,79;;4209,79;670,28;3539,51;
TESSALIA INES DOS SANTOS OLIVEIRA;DEPARTAMENTO DE ADM.E FINANCAS;TNS-I;ASSESSOR II AD-2; ESTATUTARIO;10638,14;;10638,14;2420,49;8217,65;
THELMA SOUZA DA COSTA;GABINETE DO SECRETARIO;A.TEC-I;; ESTATUTARIO;3732,75;;3732,75;353,96;3378,79;
THYAGO IURY SANTOS BARBOSA;ASSESSORIA;ASSESSOR IV AD-4;; CARGO COMISSION.S/VINCULO;3175,61;;3175,61;418,48;2757,13;
VANILUCE FELIX DE SOUZA;DEPARTAMENTO DE ADM.E FINANCAS;ASSISTENTE ADMINISTRATIVO I;; ESTATUTARIO;3899,57;;3899,57;371,71;3527,86;
VILIANA E SILVA CAIMO;DEPARTAMENTO DE ADM.E FINANCAS;A.TEC-II;; ESTATUTARIO;3041,46;;3041,46;238,12;2803,34;
