NOME;LOTACAO;CARGO;FUNCAO;VINCULO;REMUNERACAO LEGAL TOTAL(R$);DESC.TETO(R$); REMUNERACAO LEGAL DEVIDA(R$);DESCONTOS LEGAIS(R$);LIQUIDO DISPONIVEL(R$);
ADELANE VIEIRA RAMOS;GERENCIA DE HABILITACAO;TECNICO DE NIVEL MEDIO;; C.L.T.;2956,50;;2956,50;379,76;2576,74;
ADELINO DA SILVA;CETRAN-CONS.EST.DE TRANSITO;MEMBRO DO CETRAN;MEMBRO DO CETRAN; CARGO COMISSION.S/VINCULO;3110,00;;3110,00;406,89;2703,11;
ADEMIR ROCHA RODRIGUES;DEPTO.ADMINISTRAT.-FINANCEIRO;ASSISTENTE ADMINISTRATIVO;; C.L.T.;4045,00;;4045,00;630,16;3414,84;
ADILSON BENTO CARDOSO;SUBGERENCIA DE APOIO LOGISTICO;AUXILIAR DE MANUTENCAO;; C.L.T.;2762,93;;2762,93;280,21;2482,72;
AGILCIMAR VASCONCELOS LOPES;SUB-GER.I DE EMPLACAMENTO;AUXILIAR ADMINISTRATIVO;; C.L.T.;2257,00;;2257,00;203,13;2053,87;
ALAN NOGUEIRA COSTA;GABINETE;ASSESSOR I AD-1;ASSESSOR I AD-1; CARGO COMISSION.S/VINCULO;7729,77;;7729,77;1697,45;6032,32;
ALCI SANTOS ALMEIDA;GERENCIA DE INTERIOR;REPRESENTANTE DETRAN/AM MUN. -AD-3;; CARGO COMISSION.S/VINCULO;1681,80;;1681,80;151,36;1530,44;
ALCINEIA ALMEIDA DOS SANTOS;GER.CONTR.REG.TRANSITO- CRT;AUXILIAR DE MANUTENCAO;; C.L.T.;1505,00;;1505,00;120,40;1384,60;
ALDENICE DA SILVA SAHDO;SUBGERENCIA DE VEICULOS;TECNICO DE NIVEL MEDIO;; C.L.T.;2682,00;;2682,00;281,63;2400,37;
ALDENIZA BEVILAQUA DE MACEDO;DIR.ADMINISTRATIVA-FINANCEIRA;TECNICO DE NIVEL MEDIO;; C.L.T.;3307,50;;3307,50;427,58;2879,92;
ALDENIZIA LIMA FREIRE;DIRETOR PRESIDENTE;TECNICO DE NIVEL MEDIO;; C.L.T.;2957,47;;2957,47;379,93;2577,54;
ALDREA NORONHA RAMOS;DEPTO.ADMINISTRAT.-FINANCEIRO;TECNICO DE NIVEL MEDIO;; C.L.T.;2482,00;;2482,00;249,98;2232,02;
ALDSON XAVIER COSTA;SUB-GER.I DE EMPLACAMENTO;TECNICO DE NIVEL MEDIO;; C.L.T.;4026,80;;4026,80;625,72;3401,08;
ALESSANDRA AVINTE DE SOUZA FREIRE;SUB-GER.I DE INF.DE TRANSITO;TECNICO DE NIVEL SUPERIOR;; C.L.T.;3738,00;;3738,00;487,39;3250,61;
ALFREDO BARBOSA MACIEL FILHO;GERENCIA DE VEICULOS;REPRESENTANTE DETRAN/AM MUN. -AD-3;REP. MUNICIPIO AD-3; CARGO COMISSION.S/VINCULO;1681,80;;1681,80;151,36;1530,44;
ALICE MARIA FARIAS DE SOUZA;GERENCIA DE VEICULOS;TECNICO DE NIVEL MEDIO;; C.L.T.;1982,00;;1982,00;178,38;1803,62;
ALIRIA MARIA TELES COELHO;GERENCIA DE VEICULOS;TECNICO DE NIVEL MEDIO;; C.L.T.;3663,50;;3663,50;537,26;3126,24;
ALISSON GOMES COELHO;DIRETOR PRESIDENTE;GERENTE AD-2;; CARGO COMISSION.S/VINCULO;2245,23;;2245,23;;2245,23;
AMAURY GUTIERRE DO VALE;DIR.ADMINISTRATIVA-FINANCEIRA;DIRETOR ADMINISTRATIVO E FINANCEIRO;DIR ADM FINANCEIRO; CARGO COMISSION.S/VINCULO;10500,00;;10500,00;2250,71;8249,29;
ANA AMELIA DE MENEZES BARBOSA;GABINETE;ASSESSOR I AD-1;ASSESSOR I; CARGO COMISSION.S/VINCULO;10139,77;;10139,77;2360,20;7779,57;
ANA CECILIA DE SOUZA GAZEL;SUB-GER.I DE MAT.E PATRIMONIO;ASSISTENTE ADMINISTRATIVO;ASSIS ADMINISTRATIVO; ESTATUTARIO;4000,00;;4000,00;383,22;3616,78;
ANA CELIA DOS SANTOS RAMOS;SUBGERENCIA DE VEICULOS;TECNICO DE NIVEL MEDIO;; C.L.T.;2954,80;;2954,80;379,45;2575,35;
ANA CLAUDIA DA SILVEIRA GOMES;GERENCIA DE INTERIOR;ASSESSOR IV AD-4;; CARGO COMISSION.S/VINCULO;5059,96;;5059,96;933,72;4126,24;
ANA CRISTINA MARQUES BENTES;GABINETE;TECNICO DE NIVEL MEDIO;; C.L.T.;8646,00;;8646,00;1949,41;6696,59;
ANA LUCIA SOARES DE LIRA;GER.EDUCACAO PARA O TRANSITO;TECNICO DE NIVEL MEDIO;; C.L.T.;3180,00;;3180,00;405,05;2774,95;
ANA MARIA COSTA DA SILVA;JARI-JUNTA ADM.DE REC.DE INFR.;AUXILIAR ADMINISTRATIVO;; C.L.T.;2277,00;;2277,00;217,54;2059,46;
ANA MARIA DA SILVA FERNANDES;DEPTO.ADMINISTRAT.-FINANCEIRO;TECNICO DE NIVEL MEDIO;; C.L.T.;2880,00;;2880,00;366,24;2513,76;
ANA PAULA BRASIL DE HOLANDA;SUBGERENCIA DE VEICULOS;TECNICO DE NIVEL MEDIO;; C.L.T.;1956,50;;1956,50;176,08;1780,42;
ANA PAULA COSTA DE SOUSA;ASSESSORIA JURIDICA;TECNICO DE NIVEL MEDIO;; C.L.T.;5880,00;;5880,00;1188,76;4691,24;
ANA PAULA MAGALHAES DE MELLO SILVA;GERENCIA DE HABILITACAO;AUXILIAR ADMINISTRATIVO;; C.L.T.;8146,00;;8146,00;1707,63;6438,37;
ANA SOCORRO MATOS FEITOZA;GERENCIA DE VEICULOS;TECNICO DE NIVEL MEDIO;; C.L.T.;2280,00;;2280,00;205,20;2074,80;
ANDREA GOMES DE SALES BRAGA;DIRETOR PRESIDENTE;TECNICO DE NIVEL MEDIO;; C.L.T.;2672,46;;2672,46;265,90;2406,56;
ANDREIA DIVINA SA DE OLIVEIRA;GERENCIA DE VEICULOS;TECNICO DE NIVEL MEDIO;; C.L.T.;1880,00;;1880,00;169,20;1710,80;
ANDREZA VIEIRA FERREIRA;ASSESSORIA JURIDICA;REPRESENTANTE DETRAN/AM MUN. -AD-3;REPRES MUNICIP AD 3; CARGO COMISSION.S/VINCULO;3851,80;;3851,80;583,11;3268,69;
ANGELA ROSA SILVA DO NASCIMENTO;GERENCIA DE HABILITACAO;TECNICO DE NIVEL MEDIO;; C.L.T.;2737,00;;2737,00;246,33;2490,67;
ANTONIA MARIA LIMA MOREIRA;GERENCIA DE VEICULOS;AUXILIAR ADMINISTRATIVO;; C.L.T.;2731,50;;2731,50;245,83;2485,67;
ANTONIO ALFREDO REGO DA MATTA FILHO;DIRETOR PRESIDENTE;TECNICO DE NIVEL MEDIO;; C.L.T.;3536,46;;3536,46;477,89;3058,57;
ANTONIO AMARANTO MOURA DA SILVA;GERENCIA DE INTERIOR;REPRESENTANTE DETRAN/AM MUN. -AD-3;; CARGO COMISSION.S/VINCULO;2746,94;;2746,94;291,90;2455,04;
ARACY COSTA SALES;GER.CONTR.REG.TRANSITO- CRT;AUXILIAR DE MANUTENCAO;; C.L.T.;1607,00;;1607,00;128,56;1478,44;
ARILSON DE ALMEIDA LIMA;SUB-GER.I DE EMPLACAMENTO;TECNICO DE NIVEL MEDIO;; C.L.T.;3056,50;;3056,50;383,21;2673,29;
ARISTOTELES MAGALHAES BENACON;GERENCIA DE VEICULOS;AUXILIAR ADMINISTRATIVO;; C.L.T.;2055,00;;2055,00;184,95;1870,05;
ARLETE DANTAS PINTO;GERENCIA DE HABILITACAO;TECNICO DE NIVEL MEDIO;; C.L.T.;3528,00;;3528,00;504,27;3023,73;
ARMANDO LIMA DO CANTO;SUBGERENCIA DE VEICULOS;TECNICO DE NIVEL MEDIO;; C.L.T.;2954,80;;2954,80;351,02;2603,78;
ARODILSON FERREIRA DA SILVA;GER.CONTR.REG.TRANSITO- CRT;TECNICO DE NIVEL MEDIO;; C.L.T.;3412,30;;3412,30;431,88;2980,42;
AUREO SERGIO CORREA PINHEIRO;GER.CONTR.REG.TRANSITO- CRT;ASSESSOR I AD-1;ASSESSOR I AD-1; CARGO COMISSION.S/VINCULO;5229,77;;5229,77;986,40;4243,37;
AUXILIADORA DE ARAUJO J TUPINAMBA;GABINETE;SUBGERENTE AD-3;SUBGERENTE; CARGO COMISSION.S/VINCULO;4691,80;;4691,80;819,49;3872,31;
BRUNA PAES BARRETO DE SOUSA;SUBGERENCIA DE VEICULOS;SUBGERENTE AD-3;SUBGERENTE AD-3; CARGO COMISSION.S/VINCULO;5061,80;;5061,80;934,29;4127,51;
CARLA ADRIANA BATISTA DA SILVA;CETRAN-CONS.EST.DE TRANSITO;MEMBRO DO CETRAN;; CARGO COMISSION.S/VINCULO;3110,00;;3110,00;111,70;2998,30;
CARLOS ALBERTO DA SILVA ENES;GABINETE;ASSESSOR IV AD-4;ASSESSOR IV AD-4; CARGO COMISSION.S/VINCULO;2879,61;;2879,61;366,16;2513,45;
CARLOS RODRIGUES DE ANDRADE;SUBGERENCIA DE APOIO LOGISTICO;AUXILIAR DE MANUTENCAO;; C.L.T.;1879,80;;1879,80;169,18;1710,62;
CARLOS ROUCELLI ALVES SIQUEIRA;SUBGERENCIA DE VEICULOS;TECNICO DE NIVEL SUPERIOR;TEC. NIVEL SUPERIOR; C.L.T.;4478,66;;4478,66;710,71;3767,95;
CATIA FRANCISCA GUEDES SARAIVA;GERENCIA DE VEICULOS;TECNICO DE NIVEL MEDIO;; C.L.T.;2382,00;;2382,00;234,15;2147,85;
CELSO DANIEL ALBUQUERQUE DA SILVA;DEPTO.ADMINISTRAT.-FINANCEIRO;TECNICO DE NIVEL MEDIO;; C.L.T.;2982,00;;2982,00;370,05;2611,95;
CHRISTIAN CASTRO DOS SANTOS;DEPTO.ADMINISTRAT.-FINANCEIRO;CHEFE DE GABINETE AD-1;CHEFE DE GABINETE; CARGO COMISSION.S/VINCULO;6329,77;;6329,77;1312,45;5017,32;
CINTIA OLIVEIRA REIS;DIRETOR PRESIDENTE;AUXILIAR ADMINISTRATIVO;; C.L.T.;3925,41;;3925,41;572,59;3352,82;
CLARICE LEMOS MARTINS;GERENCIA DE HABILITACAO;TECNICO DE NIVEL MEDIO;; C.L.T.;1982,00;;1982,00;178,38;1803,62;
CLAUDIA DE OLIVEIRA TELES;GERENCIA DE VEICULOS;ASSISTENTE ADMINISTRATIVO;ASSIST.ADMINIST; ESTATUTARIO;1700,00;;1700,00;154,00;1546,00;
CLAUDINETTE LINS REBOUCAS;SUB-GER.I DE MAT.E PATRIMONIO;TECNICO DE NIVEL SUPERIOR;; C.L.T.;2438,00;;2438,00;243,01;2194,99;
CLAUDIO JOSE PEREIRA MACHADO;SUB-GER.I DE MAT.E PATRIMONIO;TECNICO DE NIVEL MEDIO;; C.L.T.;5106,00;;5106,00;948,01;4157,99;
CLEIDEMAR COSTA;SUBGERENCIA DE VEICULOS;TECNICO DE NIVEL MEDIO;; C.L.T.;3051,75;;3051,75;353,94;2697,81;
CLEUCIMAR BENTO DA COSTA;SUBGERENCIA DE DOCUMENTACAO;AUXILIAR DE MANUTENCAO;; C.L.T.;2005,00;;2005,00;180,45;1824,55;
COSMA DA SILVA GAMA;DEPTO.ADMINISTRAT.-FINANCEIRO;AUXILIAR DE MANUTENCAO;; C.L.T.;1658,00;;1658,00;132,64;1525,36;
CRINGER FERNANDES PINHEIRO DE SOUZA;SUBGERENCIA DE VEICULOS;REPRESENTANTE DETRAN/AM MUN. -AD-3;REP.MUNICIPIO AD-3; CARGO COMISSION.S/VINCULO;6333,95;;6333,95;;6333,95;
CRISTIANE DO SOCORRO PAIVA REIS;GABINETE;ASSESSOR IV AD-4;ASSESSOR IV AD 4; CARGO COMISSION.S/VINCULO;2179,61;;2179,61;196,16;1983,45;
CRISTINA FERREIRA LIMA;DIRETORIA TECNICA;TECNICO DE NIVEL MEDIO;; C.L.T.;3380,00;;3380,00;468,23;2911,77;
DALVA FERREIRA MOTA;GER.CONTR.REG.TRANSITO- CRT;TECNICO DE NIVEL MEDIO;; C.L.T.;4036,50;;4036,50;628,08;3408,42;
DALVA INEZ DE OLIVEIRA LOPES;DIRETOR PRESIDENTE;TECNICO DE NIVEL SUPERIOR;; C.L.T.;3986,25;;3986,25;615,85;3370,40;
DAVID FERNANDES DOS SANTOS;DEPARTAMENTO OPERACIONAL;ASSESSOR I AD-1;ASSESSOR I AD-1; CARGO COMISSION.S/VINCULO;7879,77;;7879,77;1738,70;6141,07;
DELMO JOSE DE MEDEIROS ANSELMO;SUB-GER.I DE EMPLACAMENTO;ASSISTENTE ADMINISTRATIVO;; C.L.T.;2380,00;;2380,00;233,84;2146,16;
DELNANDINA MARIA MACEDO MONTEIRO;GER.EDUCACAO PARA O TRANSITO;TECNICO DE NIVEL SUPERIOR;; C.L.T.;4920,00;;4920,00;804,98;4115,02;
DEUSA CIRRAME LIMA SAMPAIO;GERENCIA DE HABILITACAO;TECNICO DE NIVEL SUPERIOR;; C.L.T.;2438,00;;2438,00;219,42;2218,58;
DIONEIA LIMA DE ALMEIDA;GERENCIA ENG. E ESTATISTICA;TECNICO DE NIVEL MEDIO;; C.L.T.;2202,50;;2202,50;198,22;2004,28;
DORALICE NERIS DE SOUZA;GERENCIA DE VEICULOS;AUXILIAR DE MANUTENCAO;; C.L.T.;1905,00;;1905,00;171,45;1733,55;
DORIVAL MARINHO CORREA;SUBGERENCIA DE APOIO LOGISTICO;AUXILIAR DE MANUTENCAO;; C.L.T.;2181,50;;2181,50;196,33;1985,17;
EDILIO PAIVA DE SOUZA;SUBGERENCIA DE DOCUMENTACAO;AUXILIAR ADMINISTRATIVO;; C.L.T.;1655,00;;1655,00;132,40;1522,60;
EDMO NEVES DE LIMA;SUB-GER.I DE EMPLACAMENTO;AUXILIAR ADMINISTRATIVO;; C.L.T.;2755,00;;2755,00;293,18;2461,82;
EDNILSON JUNIOR CESAR;SUBGERENCIA DE VEICULOS;TECNICO DE NIVEL SUPERIOR;; C.L.T.;6738,00;;6738,00;1424,71;5313,29;
ELANE CRISTINA DE OLIVEIRA KARAM;CETRAN-CONS.EST.DE TRANSITO;MEMBRO DO CETRAN;; CARGO COMISSION.S/VINCULO;3110,00;;3110,00;406,89;2703,11;
ELEONORA MARIANO CRUZ;SUBGERENCIA DE VEICULOS;TECNICO DE NIVEL MEDIO;; C.L.T.;2682,00;;2682,00;241,38;2440,62;
ELIANE SOUZA DA SILVA;ASSESSORIA JURIDICA;TECNICO DE NIVEL MEDIO;; C.L.T.;6036,00;;6036,00;1179,52;4856,48;
ELIANI DE FREITAS PEREIRA;GERENCIA DE VEICULOS;TECNICO DE NIVEL MEDIO;; C.L.T.;5612,50;;5612,50;1063,06;4549,44;
ELIETE CORREA FERREIRA;DIR.ADMINISTRATIVA-FINANCEIRA;TECNICO DE NIVEL MEDIO;; C.L.T.;2582,00;;2582,00;265,80;2316,20;
ELLEN CRISTINA DE OLIVEIRA XAVIER;SUBGERENCIA DE VEICULOS;AUXILIAR ADMINISTRATIVO;; C.L.T.;2431,50;;2431,50;218,83;2212,67;
ERIVAN CORREA DA SILVA;SUB-GER.I DE EMPLACAMENTO;AUXILIAR ADMINISTRATIVO;; C.L.T.;2655,00;;2655,00;277,35;2377,65;
EUDORIA PEREIRA LOPES;SUBGERENCIA DE APOIO LOGISTICO;AUXILIAR DE MANUTENCAO;; C.L.T.;2619,30;;2619,30;257,48;2361,82;
FARIDES MOTA DIAS;SUBGERENCIA DE VEICULOS;TECNICO DE NIVEL MEDIO;; C.L.T.;3077,00;;3077,00;386,84;2690,16;
FATIMA ALMERINDA RODRIGUES LOPRESTI;DIR.ADMINISTRATIVA-FINANCEIRA;ASSISTENTE TECNICO 3A CLASSE;; C.L.T.;3082,00;;3082,00;401,94;2680,06;
FATIMA DAMIANA DOS SANTOS;GERENCIA DE ORC.E PLANEJAMENTO;TECNICO DE NIVEL MEDIO;; C.L.T.;2998,00;;2998,00;387,10;2610,90;
FATIMA MESQUITA PICANCO DOS SANTOS;GERENCIA DE VEICULOS;AUXILIAR DE MANUTENCAO;AUX.DE MANUTEN¦AO; C.L.T.;2005,00;;2005,00;180,45;1824,55;
FAUSTO ISAAC SAHDO;DIRETOR PRESIDENTE;TECNICO DE NIVEL MEDIO;; C.L.T.;3616,16;;3616,16;525,73;3090,43;
FERNANDO DE LIMA SANTANA;SUBGERENCIA DE VEICULOS;TECNICO DE NIVEL MEDIO;; C.L.T.;5652,00;;5652,00;917,62;4734,38;
FLORIANO MAIA VIGA;CETRAN-CONS.EST.DE TRANSITO;MEMBRO DO CETRAN;; CARGO COMISSION.S/VINCULO;3110,00;;3110,00;406,89;2703,11;
FRANCIELLE VIEIRA NUNES;DEPTO.ADMINISTRAT.-FINANCEIRO;SUBGERENTE AD-3;; CARGO COMISSION.S/VINCULO;5213,21;;5213,21;981,27;4231,94;
FRANCINETE PINHEIRO PEDROSA;SUBGERENCIA DE VEICULOS;AUXILIAR ADMINISTRATIVO;; C.L.T.;2457,00;;2457,00;246,02;2210,98;
FRANCISCA DIVA FELICIO DE CASTRO;SUBGERENCIA DE VEICULOS;AUXILIAR DE MANUTENCAO;AUX.ADMINISTRATIVO; C.L.T.;2770,00;;2770,00;346,80;2423,20;
FRANCISCA MARIA DA SILVA PONTES;SUBGERENCIA DE VEICULOS;AUXILIAR ADMINISTRATIVO;; C.L.T.;1808,00;;1808,00;162,72;1645,28;
FRANCISCA PINHEIRO VIEIRA;SUBGERENCIA DE VEICULOS;TECNICO DE NIVEL MEDIO;; C.L.T.;2707,50;;2707,50;285,66;2421,84;
FRANCISCA TEIDE SOUZA DE FREITAS;GERENCIA DE VEICULOS;TECNICO DE NIVEL MEDIO;; C.L.T.;2228,00;;2228,00;200,52;2027,48;
FRANCISCO DAS CHAGAS DA SILVA;DEPARTAMENTO OPERACIONAL;AUXILIAR DE MANUTENCAO;; C.L.T.;3049,80;;3049,80;396,24;2653,56;
FRANCISCO DE ASSIS MESQUITA SIMAS;DEPARTAMENTO OPERACIONAL;AUXILIAR DE MANUTENCAO;; C.L.T.;2181,50;;2181,50;196,33;1985,17;
FRANCISCO FERREIRA DA GLORIA;GERENCIA DE VEICULOS;TECNICO DE NIVEL MEDIO;; C.L.T.;2253,50;;2253,50;202,81;2050,69;
FRANCISCO GOMES DA SILVA;SUBGERENCIA DE APOIO LOGISTICO;TECNICO DE NIVEL SUPERIOR;; C.L.T.;7228,00;;7228,00;1559,46;5668,54;
FRANCISCO MOISES DE SOUZA OLIMPIO;CETRAN-CONS.EST.DE TRANSITO;MEMBRO DO CETRAN;MEMBRO DO CETRAN; CARGO COMISSION.S/VINCULO;3110,00;;3110,00;111,70;2998,30;
FRANCISCO PENHA DAS CHAGAS;GER.EDUCACAO PARA O TRANSITO;AUXILIAR DE MANUTENCAO;; C.L.T.;3356,80;;3356,80;422,07;2934,73;
FRANCISCO WELLINGTON ALVES FRANCA;SUBGERENCIA DE VEICULOS;GERENTE AD-2;GERENTE; CARGO COMISSION.S/VINCULO;4233,25;;4233,25;;4233,25;
FRANCLIDES CORREA RIBEIRO;CETRAN-CONS.EST.DE TRANSITO;TENENTE CORONEL;MEMBRO DO CETRAN AM; ESTATUTARIO;3110,00;;3110,00;33,57;3076,43;
FRANK ALDOVAR FERREIRA BORGES;SUBGERENCIA DE VEICULOS;TECNICO DE NIVEL MEDIO;; C.L.T.;1880,00;;1880,00;169,20;1710,80;
GEMERSON DAVID CAVALCANTE;GERENCIA DE VEICULOS;REPRESENTANTE DETRAN/AM MUN. -AD-3;REP. MUNICIPIO AD-3; CARGO COMISSION.S/VINCULO;1681,80;;1681,80;151,36;1530,44;
GENEZIA LOPES DE CASTRO;SUBGERENCIA DE APOIO LOGISTICO;AUXILIAR DE MANUTENCAO;; C.L.T.;1505,00;;1505,00;120,40;1384,60;
GENY DE VASCONCELOS LOPES;GER.CONTR.REG.TRANSITO- CRT;TECNICO DE NIVEL SUPERIOR;; C.L.T.;2540,00;;2540,00;259,16;2280,84;
GEORGETE GADELHA VIEIRA;GERENCIA DE VEICULOS;TECNICO DE NIVEL MEDIO;; C.L.T.;2228,00;;2228,00;200,52;2027,48;
GEORGINA DA SILVA ARCOS;DIR.ADMINISTRATIVA-FINANCEIRA;TECNICO DE NIVEL MEDIO;; C.L.T.;5059,00;;5059,00;933,42;4125,58;
GERALDO ALBANO DE SOUZA JUNIOR;CETRAN-CONS.EST.DE TRANSITO;MEMBRO DO CETRAN;MEMBRO DO CETRAN; CARGO COMISSION.S/VINCULO;3110,00;;3110,00;406,89;2703,11;
GETULIO DE JESUS LOPES JUNIOR;CETRAN-CONS.EST.DE TRANSITO;MEMBRO DO CETRAN;MEMBRO DO CETRAN-AM; CARGO COMISSION.S/VINCULO;3110,00;;3110,00;406,89;2703,11;
GILBERTO LIRA DA SILVA;DEPTO.ADMINISTRAT.-FINANCEIRO;TECNICO DE NIVEL MEDIO;; C.L.T.;5338,00;;5338,00;934,67;4403,33;
GILRIMAR GLORIA MARTINS;SUB-GER.I DE INF.DE TRANSITO;TECNICO DE NIVEL MEDIO;; C.L.T.;4512,50;;4512,50;763,87;3748,63;
GISELLA BELCHIOR CRISPIM;SUBGERENCIA DE VEICULOS;SUBGERENTE AD-3;SUBGERENTE AD-3; CARGO COMISSION.S/VINCULO;3481,06;;3481,06;;3481,06;
GLAUCY ALENCAR DE SOUZA;GERENCIA DE VEICULOS;REPRESENTANTE DETRAN/AM MUN. -AD-3;REP.DEMUNIC.AD-3; CARGO COMISSION.S/VINCULO;2781,80;;2781,80;348,88;2432,92;
GLEICE DOS SANTOS BARROS;SUBGERENCIA DE VEICULOS;TECNICO DE NIVEL SUPERIOR;; C.L.T.;5722,83;;5722,83;1145,54;4577,29;
GRACA MARTINS PINHEIRO;SUB-GER.I DE MAT.E PATRIMONIO;AUXILIAR DE MANUTENCAO;; C.L.T.;2107,00;;2107,00;189,63;1917,37;
GRACILDA SAMPAIO DE ARAUJO;ASSESSORIA JURIDICA;TECNICO DE NIVEL MEDIO;; C.L.T.;4624,50;;4624,50;798,62;3825,88;
GRACINETE LOIOLA LIMA;GERENCIA DE VEICULOS;REPRESENTANTE DETRAN/AM MUN. -AD-3;REP.DO DETRAN MUNIC.; CARGO COMISSION.S/VINCULO;1681,80;;1681,80;151,36;1530,44;
GUILHERME UGO CALIRI NETO;SUBGERENCIA DE DOCUMENTACAO;FISCAL RODOVIARIO;; ESTATUTARIO;2990,83;;2990,83;170,50;2820,33;
HELENA CASSIA DA SILVA;DIRETOR PRESIDENTE;TECNICO DE NIVEL SUPERIOR;; C.L.T.;3393,80;;3393,80;443,15;2950,65;
HERBISON DA SILVA DAMASCENO;DEPTO.ADMINISTRAT.-FINANCEIRO;SUBGERENTE AD-3;; CARGO COMISSION.S/VINCULO;7415,73;;7415,73;1611,08;5804,65;
HUDSON JOSE CUNHA DE LIMA;SUBGERENCIA DE VEICULOS;GERENTE AD-2;; CARGO COMISSION.S/VINCULO;6875,99;;6875,99;1462,66;5413,33;
IKE KENNEDY VEIGA DA SILVA;ASSESSORIA JURIDICA;TECNICO DE NIVEL SUPERIOR;; C.L.T.;6506,00;;6506,00;1360,91;5145,09;
INEZ VEIGA MOTA;GERENCIA DE HABILITACAO;TECNICO DE NIVEL MEDIO;; C.L.T.;2833,00;;2833,00;357,93;2475,07;
IRANETE REIS DE ALMEIDA;GERENCIA DE VEICULOS;TECNICO DE NIVEL MEDIO;; C.L.T.;2882,00;;2882,00;352,37;2529,63;
ISAIAS DE PAIVA VIEIRA;SUBGERENCIA DE APOIO LOGISTICO;AUXILIAR DE MANUTENCAO;AUX.DE MANUTENCAO; C.L.T.;3850,00;;3850,00;554,24;3295,76;
ISRAEL DA SILVA MARTINS;DEPARTAMENTO OPERACIONAL;AUXILIAR ADMINISTRATIVO;; C.L.T.;3651,80;;3651,80;459,99;3191,81;
IVETH SOUZA DE MELO;SUBGERENCIA DE VEICULOS;TECNICO DE NIVEL MEDIO;; C.L.T.;2965,50;;2965,50;381,35;2584,15;
IVSON DE LIMA GOMES;DIRETOR PRESIDENTE;TECNICO DE NIVEL MEDIO;; C.L.T.;2900,41;;2900,41;355,62;2544,79;
JACQUES DA SILVA PRADO;SUBGERENCIA DE APOIO LOGISTICO;AGENTE ADMINISTRATIVO 1A CLASSE;; ESTATUTARIO;3383,60;;3383,60;155,50;3228,10;
JAIME RODRIGUES DUARTE;SUBGERENCIA DE APOIO LOGISTICO;AUXILIAR DE MANUTENCAO;AUX.DE MANUTEN¦AO; C.L.T.;2229,80;;2229,80;200,68;2029,12;
JAIR DE MATOS SAMPAIO;SUBGERENCIA DE VEICULOS;TECNICO DE NIVEL MEDIO;; C.L.T.;3056,80;;3056,80;336,24;2720,56;
JANDERLAINE OLIVEIRA MARTINS;SUBGERENCIA DE VEICULOS;TECNICO DE NIVEL MEDIO;; C.L.T.;1956,50;;1956,50;164,34;1792,16;
JANE DE OLIVEIRA PEREIRA;DEPTO.ADMINISTRAT.-FINANCEIRO;TECNICO DE NIVEL MEDIO;; C.L.T.;2680,00;;2680,00;267,09;2412,91;
JANETE ANALIA MATOS TEIXEIRA;SUB-GER.I DE MAT.E PATRIMONIO;TECNICO DE NIVEL MEDIO;; C.L.T.;2582,00;;2582,00;265,80;2316,20;
JANIE GOMES DOMINGUES;ASSESSORIA JURIDICA;TECNICO DE NIVEL SUPERIOR;; C.L.T.;8096,50;;8096,50;1798,30;6298,20;
JANIO NERY DE SOUZA;DEPARTAMENTO OPERACIONAL;AUXILIAR DE MANUTENCAO;; C.L.T.;5093,84;;5093,84;552,16;4541,68;
JEFFERSON MEDEIROS DA SILVA;SUB-GER.I DE EMPLACAMENTO;AUXILIAR ADMINISTRATIVO;; C.L.T.;3325,00;;3325,00;430,67;2894,33;
JEROCILIO ROBERTO SIMOES A SILVA;CETRAN-CONS.EST.DE TRANSITO;MEMBRO DO CETRAN;MEMBRO DO CETRAN; CONSELHO;3110,00;;3110,00;111,70;2998,30;
JOAO BOSCO BEZERRA DE ARAUJO;GERENCIA DE AVAL.MED.PSICOLOG.;TECNICO DE NIVEL SUPERIOR;; C.L.T.;3130,72;;3130,72;410,55;2720,17;
JOAO CARDOSO PEREIRA;SUBGERENCIA DE APOIO LOGISTICO;AUXILIAR DE MANUTENCAO;; C.L.T.;2094,60;;2094,60;188,51;1906,09;
JOAO CORDEIRO DE NAZARE;DEPARTAMENTO OPERACIONAL;AUXILIAR DE MANUTENCAO;; C.L.T.;2540,50;;2540,50;259,23;2281,27;
JOAO LEONEL DE BRITTO FEITOZA;DIRETOR PRESIDENTE;DEFENSOR PUBLICO DE 1A.CLASSE;DIRETOR PRESIDENTE; ESTATUTARIO;11700,00;;11700,00;2243,87;9456,13;
JOAO MORAES SARMENTO;GERENCIA DE VEICULOS;REPRESENTANTE DETRAN/AM MUN. -AD-3;REP.DE MUNIC.AD-3; CARGO COMISSION.S/VINCULO;1681,80;;1681,80;151,36;1530,44;
JOAQUIM EUZEBIO BORGES NASCIMENTO;SUBGERENCIA DE APOIO LOGISTICO;AUXILIAR DE MANUTENCAO;; C.L.T.;2229,80;;2229,80;200,68;2029,12;
JOAS SAMPAIO DE SOUZA;DEPARTAMENTO OPERACIONAL;TECNICO DE NIVEL MEDIO;; C.L.T.;3745,00;;3745,00;528,67;3216,33;
JOSE ALVARO COLARES DE CARVALHO;SUB-GER.I DE MAT.E PATRIMONIO;TECNICO DE NIVEL MEDIO;; C.L.T.;2877,77;;2877,77;365,84;2511,93;
JOSE AMURINE FEITOSA TOMAZ FILHO;SUB-GER.I DE EMPLACAMENTO;TECNICO DE NIVEL MEDIO;; C.L.T.;6036,00;;6036,00;1179,52;4856,48;
JOSE ARIMATEIA PAIVA DE GOES;SUBGERENCIA DE VEICULOS;AUXILIAR ADMINISTRATIVO;; C.L.T.;2355,00;;2355,00;211,95;2143,05;
JOSE CLAJUS DE OLIVEIRA;DIRETOR PRESIDENTE;REPRESENTANTE DETRAN/AM MUN. -AD-3;; CARGO COMISSION.S/VINCULO;3363,60;;3363,60;464,23;2899,37;
JOSE DA CONCEICAO MOREIRA;SUBGERENCIA DE APOIO LOGISTICO;AUXILIAR DE MANUTENCAO;; C.L.T.;2029,80;;2029,80;182,68;1847,12;
JOSE DEOCLECIO VIANA DE CASTRO;SUB-GER.I DE EMPLACAMENTO;AUXILIAR ADMINISTRATIVO;; C.L.T.;2755,00;;2755,00;278,96;2476,04;
JOSE IRINEU LABORDA DE VASCONCELOS;SUB-GER.I DE EMPLACAMENTO;TECNICO DE NIVEL MEDIO;; C.L.T.;3434,30;;3434,30;453,01;2981,29;
JOSE JOAQUIM FREIRE;GERENCIA DE VEICULOS;AUXILIAR ADMINISTRATIVO;; C.L.T.;3901,80;;3901,80;566,84;3334,96;
JOSE LEITE PEREIRA FILHO;GERENCIA ENG. E ESTATISTICA;TECNICO DE NIVEL MEDIO;; C.L.T.;4324,80;;4324,80;641,41;3683,39;
JOSE RIBAMAR BATISTA SILVA;GERENCIA DE VEICULOS;TECNICO DE NIVEL MEDIO;; C.L.T.;2280,00;;2280,00;218,01;2061,99;
JOSE ROBERTO GIOIA ALFAIA;ASSESSORIA JURIDICA;TECNICO DE NIVEL SUPERIOR;; C.L.T.;13985,89;;13985,89;3417,88;10568,01;
JULIA DA SILVA FEITOSA;JARI-JUNTA ADM.DE REC.DE INFR.;AUXILIAR ADMINISTRATIVO;; C.L.T.;2930,67;;2930,67;375,19;2555,48;
JUSSUELI DA SILVA;GERENCIA ENG. E ESTATISTICA;AUXILIAR ADMINISTRATIVO;; C.L.T.;2029,80;;2029,80;182,68;1847,12;
KATHYUDY MARQUES ARAUJO LIMA;ASSESSORIA JURIDICA;GERENTE AD-2;GERENTE AD-2; CARGO COMISSION.S/VINCULO;6179,79;;6179,79;1271,20;4908,59;
KEILA SANDRA HIPOLITO DA SILVA;GERENCIA DE HABILITACAO;ASSESSOR IV AD-4;ASSESSOR IV; CARGO COMISSION.S/VINCULO;3208,24;;3208,24;;3208,24;
LEIDJANE SILVEIRA DOS SANTOS;GERENCIA DE VEICULOS;REPRESENTANTE DETRAN/AM MUN. -AD-3;REP.DE MUNIC.AD-3; CARGO COMISSION.S/VINCULO;1681,80;;1681,80;151,36;1530,44;
LEILA MARIA CAVALCANTE NOGUEIRA;SUBGERENCIA DE VEICULOS;TECNICO DE NIVEL MEDIO;; C.L.T.;2682,00;;2682,00;281,63;2400,37;
LEONOR CRUZ DE OLIVEIRA;SUBGERENCIA DE APOIO LOGISTICO;AUXILIAR DE MANUTENCAO;; C.L.T.;1505,00;;1505,00;120,40;1384,60;
LICINHO PEREIRA DA SILVA;SUBGERENCIA DE APOIO LOGISTICO;AUXILIAR DE MANUTENCAO;; C.L.T.;3126,30;;3126,30;361,44;2764,86;
LIGIA PEREIRA DA SILVA;GERENCIA DE VEICULOS;TECNICO DE NIVEL MEDIO;; C.L.T.;2842,50;;2842,50;359,61;2482,89;
LILIANE DANTAS DE OLIVEIRA;SUB-GER.I DE INF.DE TRANSITO;TECNICO DE NIVEL MEDIO;; C.L.T.;3221,85;;3221,85;429,72;2792,13;
LINDOMAR DUARTE DOS SANTOS;GERENCIA DE VEICULOS;TECNICO DE NIVEL MEDIO;; C.L.T.;1880,00;;1880,00;169,20;1710,80;
LIOMAR PIRES DE AZEVEDO;SUB-GER.I DE EMPLACAMENTO;TECNICO DE NIVEL MEDIO;; C.L.T.;3228,50;;3228,50;413,61;2814,89;
LUCIANE D'ORAN MELLO;GER.EDUCACAO PARA O TRANSITO;TECNICO DE NIVEL MEDIO;; C.L.T.;2956,50;;2956,50;379,76;2576,74;
LUCILENE MARTINS DE SOUZA;GERENCIA DE VEICULOS;TECNICO DE NIVEL MEDIO;; C.L.T.;2956,50;;2956,50;379,76;2576,74;
LUCIMAYRE ALVES CARVALHO;GERENCIA DE AVAL.MED.PSICOLOG.;TECNICO DE NIVEL MEDIO;; C.L.T.;4289,33;;4289,33;694,63;3594,70;
LUIZ CARLOS PINHEIRO DO NASCIMENTO;SUBGERENCIA DE APOIO LOGISTICO;AUXILIAR DE MANUTENCAO;; C.L.T.;4903,10;;4903,10;842,40;4060,70;
LUIZ CARLOS SILVA LIMA;DIRETOR PRESIDENTE;AUXILIAR ADMINISTRATIVO;; C.L.T.;3275,66;;3275,66;407,73;2867,93;
MANOEL DE JESUS MARINHO DE SOUZA;GERENCIA DE INTERIOR;REPRESENTANTE DETRAN/AM MUN. -AD-3;; CARGO COMISSION.S/VINCULO;1681,80;;1681,80;151,36;1530,44;
MARCELO FREITAS FERREIRA DA SILVA;DIRETOR PRESIDENTE;AUXILIAR ADMINISTRATIVO;; C.L.T.;4595,41;;4595,41;789,59;3805,82;
MARCIO ALVES SOARES;GERENCIA ENG. E ESTATISTICA;GERENTE AD-2;; CARGO COMISSION.S/VINCULO;4209,79;;4209,79;670,28;3539,51;
MARCIO VALERIO CAVALCANTI A SOUZA;SUBGERENCIA DE VEICULOS;GERENTE AD-2;GERENTE AD-2; CARGO COMISSION.S/VINCULO;8134,13;;8134,13;;8134,13;
MARCO ANTONIO CORREA NAZARETH;GER.CONTR.REG.TRANSITO- CRT;TECNICO DE NIVEL MEDIO;; C.L.T.;4100,66;;4100,66;643,71;3456,95;
MARCO ANTONIO FIRMINO DE ARAUJO;SUBGERENCIA DE VEICULOS;AUXILIAR ADMINISTRATIVO;; C.L.T.;1655,00;;1655,00;132,40;1522,60;
MARCOS ANTONIO GOMES;SUB-GER.I DE EMPLACAMENTO;AUXILIAR ADMINISTRATIVO;; C.L.T.;3325,00;;3325,00;412,60;2912,40;
MARCOS ROGERIO FERREIRA MORENO;DIRETOR PRESIDENTE;AUXILIAR ADMINISTRATIVO;; C.L.T.;4142,66;;4142,66;653,94;3488,72;
MARCUS ABRANCHES BRAULE PINTO;SUBGERENCIA DE VEICULOS;AUXILIAR ADMINISTRATIVO;; C.L.T.;3525,00;;3525,00;475,10;3049,90;
MARGARETE BRITO DE SOUZA;GERENCIA DE VEICULOS;AUXILIAR ADMINISTRATIVO;; C.L.T.;2631,50;;2631,50;273,63;2357,87;
MARGARETH DE SOUSA COZENDEY;SUBGERENCIA DE VEICULOS;TECNICO DE NIVEL MEDIO;; C.L.T.;2656,50;;2656,50;263,37;2393,13;
MARIA ADELAIDE PEREIRA LOPES;SUBGERENCIA DE APOIO LOGISTICO;AUXILIAR DE MANUTENCAO;; C.L.T.;1505,00;;1505,00;120,40;1384,60;
MARIA AMELIA SILVA DOS REIS;DIRETOR PRESIDENTE;AUXILIAR DE MANUTENCAO;; C.L.T.;2674,75;;2674,75;252,03;2422,72;
MARIA AUXILIADORA SOUZA CORREA;GER.CONTR.REG.TRANSITO- CRT;TECNICO DE NIVEL MEDIO;; C.L.T.;3848,46;;3848,46;582,30;3266,16;
MARIA CLEONICE DE SOUZA COSTA;SUBGERENCIA DE DOCUMENTACAO;TECNICO DE NIVEL MEDIO;; C.L.T.;2702,50;;2702,50;284,87;2417,63;
MARIA CONSOLATA BARRETO QUEIROZ;GERENCIA DE VEICULOS;TECNICO DE NIVEL SUPERIOR;; C.L.T.;2540,00;;2540,00;244,94;2295,06;
MARIA DA GLORIA CAVALCANTE MAIA;SUBGERENCIA DE DOCUMENTACAO;AUXILIAR DE MANUTENCAO;; C.L.T.;1607,00;;1607,00;128,56;1478,44;
MARIA DAS GRACAS ARRUDA LARANJEIRAS;SUBGERENCIA DE VEICULOS;TECNICO DE NIVEL MEDIO;; C.L.T.;2776,37;;2776,37;347,92;2428,45;
MARIA DAS GRACAS FREIRE DE CARVALHO;ASSESSORIA JURIDICA;TECNICO DE NIVEL MEDIO;; C.L.T.;3316,77;;3316,77;452,83;2863,94;
MARIA DAS GRACAS LIRA PONTES;GERENCIA DE VEICULOS;AUXILIAR ADMINISTRATIVO;; C.L.T.;1655,00;;1655,00;132,40;1522,60;
MARIA DAS GRACAS VEIGA DA MOTA;SUBGERENCIA DE VEICULOS;TECNICO DE NIVEL MEDIO;; C.L.T.;1982,00;;1982,00;178,38;1803,62;
MARIA DE FATIMA FIRMINO DE ARAUJO;SUBGERENCIA DE DOCUMENTACAO;AUXILIAR DE MANUTENCAO;; C.L.T.;2005,00;;2005,00;180,45;1824,55;
MARIA DE FATIMA FREITAS DO M REIS;GER.EDUCACAO PARA O TRANSITO;TECNICO DE NIVEL MEDIO;; C.L.T.;3828,00;;3828,00;577,32;3250,68;
MARIA DE FATIMA RODRIGUES OLIVEIRA;SUBGERENCIA DE APOIO LOGISTICO;AUXILIAR DE MANUTENCAO;; C.L.T.;2005,00;;2005,00;180,45;1824,55;
MARIA DE LOURDES FREIRE TOGA;SUBGERENCIA DE DOCUMENTACAO;TECNICO DE NIVEL MEDIO;; C.L.T.;4514,50;;4514,50;764,49;3750,01;
MARIA DE NAZARE DOS ANJOS S NUNES;GER.CONTR.REG.TRANSITO- CRT;TECNICO DE NIVEL SUPERIOR;TECNICO; C.L.T.;3040,00;;3040,00;394,52;2645,48;
MARIA DE NAZARE FREIRE TOGA;SUBGERENCIA DE DOCUMENTACAO;TECNICO DE NIVEL MEDIO;; C.L.T.;2228,00;;2228,00;200,52;2027,48;
MARIA DELCI PEREIRA PINTO;GER.CONTR.REG.TRANSITO- CRT;TECNICO DE NIVEL MEDIO;; C.L.T.;3002,00;;3002,00;359,37;2642,63;
MARIA DIONEIDE MONTEFUSCO MELO;GERENCIA DE ORC.E PLANEJAMENTO;TECNICO DE NIVEL SUPERIOR;TECNICO; C.L.T.;6340,35;;6340,35;1315,36;5024,99;
MARIA DO PERPETUO SOCORRO A SOUZA;ASSESSORIA JURIDICA;TECNICO DE NIVEL MEDIO;; C.L.T.;10359,00;;10359,00;2420,48;7938,52;
MARIA DO PERPETUO SOCORRO S SANTOS;SUBGERENCIA DE VEICULOS;TECNICO DE NIVEL MEDIO;; C.L.T.;1880,00;;1880,00;169,20;1710,80;
MARIA DO ROSARIO COSTA DOS SANTOS;SUBGERENCIA DE VEICULOS;TECNICO DE NIVEL MEDIO;; C.L.T.;2556,50;;2556,50;247,54;2308,96;
MARIA DO ROSARIO MANHUARI;DIRETOR PRESIDENTE;AUXILIAR DE MANUTENCAO;AUXILIAR MANUTENCAO; C.L.T.;2751,25;;2751,25;278,36;2472,89;
MARIA DO SOCORRO BINDA CAMPOS;GERENCIA DE HABILITACAO;AUXILIAR DE SERV GERAIS 3A CLASSE;; C.L.T.;3060,80;;3060,80;398,19;2662,61;
MARIA GOMES MOURA;SUBGERENCIA DE VEICULOS;TECNICO DE NIVEL MEDIO;; C.L.T.;2580,00;;2580,00;251,27;2328,73;
MARIA GORETE FELIX DE ARAUJO;GERENCIA DE HABILITACAO;TECNICO DE NIVEL MEDIO;; C.L.T.;3936,00;;3936,00;603,62;3332,38;
MARIA GORETTE DANTAS PINTO;GERENCIA DE VEICULOS;TECNICO DE NIVEL MEDIO;; C.L.T.;3500,00;;3500,00;469,01;3030,99;
MARIA HELENA LEITE DE MENEZES;GERENCIA DE VEICULOS;AUXILIAR DE MANUTENCAO;; C.L.T.;3430,00;;3430,00;291,44;3138,56;
MARIA IVANEIDE MARQUES VITA;SUBGERENCIA DE VEICULOS;TECNICO DE NIVEL MEDIO;; C.L.T.;2507,50;;2507,50;254,01;2253,49;
MARIA IZABEL FERNANDES DE SOUZA;GERENCIA DE VEICULOS;TECNICO DE NIVEL SUPERIOR;; C.L.T.;4584,00;;4584,00;704,53;3879,47;
MARIA JOANA DO ROSARIO;GERENCIA DE HABILITACAO;AUXILIAR DE MANUTENCAO;; C.L.T.;1607,00;;1607,00;128,56;1478,44;
MARIA JOSE DE SENA R BEZERRA;GERENCIA DE HABILITACAO;TECNICO DE NIVEL SUPERIOR;; C.L.T.;2438,00;;2438,00;243,01;2194,99;
MARIA JOSE MENDES DE LIMA;GERENCIA DE VEICULOS;REPRESENTANTE DETRAN/AM MUN. -AD-3;REP.DE MUNIC.AD-3; CARGO COMISSION.S/VINCULO;1681,80;;1681,80;151,36;1530,44;
MARIA LEONICE REIS BATISTA;GER.EDUCACAO PARA O TRANSITO;TECNICO DE NIVEL MEDIO;; C.L.T.;4500,00;;4500,00;760,00;3740,00;
MARIA LUCIA PEREIRA GARCIA;GERENCIA DE HABILITACAO;TECNICO DE NIVEL MEDIO;; C.L.T.;2982,00;;2982,00;384,27;2597,73;
MARIA LUIZA PERES DE ARAUJO;GERENCIA DE HABILITACAO;TECNICO DE NIVEL MEDIO;; C.L.T.;2033,00;;2033,00;182,97;1850,03;
MARIA MAGALHAES CESAR;GER.CONTR.REG.TRANSITO- CRT;TECNICO DE NIVEL MEDIO;; C.L.T.;2228,00;;2228,00;200,52;2027,48;
MARIA OLINDA NOGUEIRA DE QUEIROZ;DIRETOR PRESIDENTE;TECNICO DE NIVEL MEDIO;; C.L.T.;3665,77;;3665,77;462,46;3203,31;
MARIA ROSALINA DE SOUZA;GERENCIA DE VEICULOS;TECNICO DE NIVEL MEDIO;; C.L.T.;2382,00;;2382,00;214,38;2167,62;
MARIA SENA DE GOES;GERENCIA ENG. E ESTATISTICA;TECNICO DE NIVEL SUPERIOR;; C.L.T.;4689,00;;4689,00;775,97;3913,03;
MARIA SOCORRO PINHEIRO TEIXEIRA;DIRETOR PRESIDENTE;AUXILIAR DE MANUTENCAO;; C.L.T.;2674,75;;2674,75;252,03;2422,72;
MARIA SOCORRO VIANA DE SOUZA;GERENCIA DE HABILITACAO;AUXILIAR DE MANUTENCAO;; C.L.T.;2805,00;;2805,00;308,55;2496,45;
MARIA TELMA DE LEMOS SOARES;SUBGERENCIA DE VEICULOS;TECNICO DE NIVEL MEDIO;; C.L.T.;2953,50;;2953,50;379,23;2574,27;
MARIA THEREZA CABRAL JAFRA;SUBGERENCIA DE VEICULOS;AUXILIAR ADMINISTRATIVO;; C.L.T.;1833,50;;1833,50;165,01;1668,49;
MARILANE MOREIRA DE SOUZA;DEPTO.ADMINISTRAT.-FINANCEIRO;AUXILIAR DE MANUTENCAO;AUX.DE MANUTEN¦AOS; C.L.T.;2805,00;;2805,00;324,55;2480,45;
MARIO ANIBAL GOMES COSTA;GER.CONTR.REG.TRANSITO- CRT;AUXILIAR DE MANUTENCAO;; C.L.T.;2581,50;;2581,50;265,72;2315,78;
MARIO COELHO AMORIM FILHO;SUB-GER.I DE INF.DE TRANSITO;TECNICO DE NIVEL MEDIO;; C.L.T.;4236,00;;4236,00;678,09;3557,91;
MARIO JORGE CAVALCANTE;DIRETOR PRESIDENTE;GERENTE AD-2;; CARGO COMISSION.S/VINCULO;4209,79;;4209,79;670,28;3539,51;
MARITA SANTOS DE OLIVEIRA CORREA;ASSESSORIA JURIDICA;TECNICO DE NIVEL SUPERIOR;; C.L.T.;8181,33;;8181,33;1769,49;6411,84;
MARLENE LEAO;GERENCIA DE VEICULOS;TECNICO DE NIVEL MEDIO;TECNICO AUXILIAR; C.L.T.;2653,50;;2653,50;277,11;2376,39;
MARLY CORREA AMAZONAS;GER.CONTR.REG.TRANSITO- CRT;TECNICO DE NIVEL MEDIO;; C.L.T.;2228,00;;2228,00;200,52;2027,48;
MARTA REGINA DOS SANTOS MARQUES;DEPARTAMENTO OPERACIONAL;AUXILIAR DE MANUTENCAO;; C.L.T.;3377,00;;3377,00;425,65;2951,35;
MARY LEAO DE OLIVEIRA;SUBGERENCIA DE VEICULOS;AUXILIAR ADMINISTRATIVO;; C.L.T.;2220,27;;2220,27;199,82;2020,45;
MAUREEN LIMA BRASIL CARNEIRO;GER.CONTR.REG.TRANSITO- CRT;TECNICO DE NIVEL MEDIO;; C.L.T.;3228,00;;3228,00;413,53;2814,47;
MAURICIO MIRANDA REIS;CETRAN-CONS.EST.DE TRANSITO;MEMBRO DO CETRAN;MEMBRO TITULAR CETR.; CARGO COMISSION.S/VINCULO;3110,00;;3110,00;111,70;2998,30;
MILENA KRAMER DOS SANTOS BORGES;DEPTO.ADMINISTRAT.-FINANCEIRO;CHEFE DE DEPARTAMENTO AD-1;CHEFE DEPARTAMENTO; CARGO COMISSION.S/VINCULO;33977,18;;33977,18;;33977,18;
MIRLAN FREITAS DA SILVA;GER.CONTR.REG.TRANSITO- CRT;TECNICO DE NIVEL MEDIO;; C.L.T.;3480,00;;3480,00;412,83;3067,17;
MITZA BRASIL ROBERTO;GER.EDUCACAO PARA O TRANSITO;TECNICO DE NIVEL SUPERIOR;; C.L.T.;6062,96;;6062,96;1186,94;4876,02;
MOISES BENDAHAN SARRAFF RESENDE;GABINETE;GERENTE AD-2;; CARGO COMISSION.S/VINCULO;6875,99;;6875,99;1462,66;5413,33;
MONICA DA COSTA GONDIM;ASSESSORIA JURIDICA;TECNICO DE NIVEL SUPERIOR;; C.L.T.;3938,00;;3938,00;604,10;3333,90;
NAIRA DA COSTA NASCIMENTO;GABINETE;CHEFE DE DEPARTAMENTO AD-1;CHEFE DE DEP. AD-1; CARGO COMISSION.S/VINCULO;5229,77;;5229,77;986,40;4243,37;
NILA MARIA LAGOS PERDIGAO;SUBGERENCIA DE APOIO LOGISTICO;TECNICO DE NIVEL SUPERIOR;; C.L.T.;3112,99;;3112,99;407,41;2705,58;
NILDES DUTRA NOGUEIRA;GER.CONTR.REG.TRANSITO- CRT;AUXILIAR DE MANUTENCAO;; C.L.T.;1986,50;;1986,50;178,78;1807,72;
NILMAR DOS SANTOS COSTA;CETRAN-CONS.EST.DE TRANSITO;MEMBRO DO CETRAN;; CARGO COMISSION.S/VINCULO;3110,00;;3110,00;111,70;2998,30;
ODETE DE OLIVEIRA NASCIMENTO;GERENCIA DE AVAL.MED.PSICOLOG.;TECNICO DE NIVEL MEDIO;; C.L.T.;3630,00;;3630,00;529,11;3100,89;
ODINEI FELICIO DE ARAUJO;GER.CONTR.REG.TRANSITO- CRT;AUXILIAR DE MANUTENCAO;; C.L.T.;1505,00;;1505,00;112,37;1392,63;
ODINILCE FELICIO DE ARAUJO;SUBGERENCIA DE VEICULOS;TECNICO DE NIVEL MEDIO;; C.L.T.;2580,00;;2580,00;265,49;2314,51;
OLINDA MARIA RIBEIRO DA SILVA;SUBGERENCIA DE VEICULOS;TECNICO DE NIVEL MEDIO;; C.L.T.;1880,00;;1880,00;169,20;1710,80;
OSIAS DA COSTA SOUZA;GERENCIA DE ORC.E PLANEJAMENTO;TECNICO DE NIVEL SUPERIOR;; C.L.T.;3008,07;;3008,07;388,87;2619,20;
OSVALDO ALLAN MEDEIROS CHAVES;SUB-GER.I DE EMPLACAMENTO;AUXILIAR ADMINISTRATIVO;; C.L.T.;3105,66;;3105,66;406,12;2699,54;
OYANE HELTON PASSOS DE OLIVEIRA;GERENCIA DE VEICULOS;REPRESENTANTE DETRAN/AM MUN. -AD-3;REP.DE MUNIC.AD-3; CARGO COMISSION.S/VINCULO;1681,80;;1681,80;151,36;1530,44;
PATRICIA BENOLIEL MALCHER;DIRETOR PRESIDENTE;GERENTE AD-2;GERENTE AD-2; CARGO COMISSION.S/VINCULO;5953,79;;5953,79;1209,05;4744,74;
PATRICIA SANTIAGO DE MAGALHAES;ASSESSORIA TECNICA;SUBGERENTE AD-3;SUBGERENTE AD-3; CARGO COMISSION.S/VINCULO;5361,80;;5361,80;1032,73;4329,07;
PAULO DAVID TRIBUZZI DE OLIVEIRA;DIRETOR PRESIDENTE;TECNICO DE NIVEL MEDIO;; C.L.T.;5888,73;;5888,73;1191,16;4697,57;
PAULO LEVY DE OLIVEIRA;SUB-GER.I DE MAT.E PATRIMONIO;TECNICO DE NIVEL SUPERIOR;; C.L.T.;3640,00;;3640,00;503,10;3136,90;
PAULO SERGIO MARTINS;SUB-GER.I DE EMPLACAMENTO;AUXILIAR ADMINISTRATIVO;; C.L.T.;2029,80;;2029,80;182,68;1847,12;
PEDRO CLAUDIO RAMOS DA SILVA;SUBGERENCIA DE APOIO LOGISTICO;AUXILIAR ADMINISTRATIVO;; C.L.T.;5087,30;;5087,30;856,89;4230,41;
PRISCILLA VALERIA ALVES DE O MENE;JARI-JUNTA ADM.DE REC.DE INFR.;PRESIDENTE DA JARI;; CARGO COMISSION.S/VINCULO;3421,00;;3421,00;266,72;3154,28;
RAIMUNDA NONATA DA SILVA OLIVEIRA;SUB-GER.I DE INF.DE TRANSITO;TECNICO DE NIVEL MEDIO;; C.L.T.;2682,00;;2682,00;267,41;2414,59;
RAIMUNDO ALVES DA SILVA;SUBGERENCIA DE APOIO LOGISTICO;AUXILIAR DE MANUTENCAO;AUX.DE MANUTENCAO; C.L.T.;2094,60;;2094,60;188,51;1906,09;
RAIMUNDO JOSE AIRES DE ALMEIDA;DIRETOR PRESIDENTE;TECNICO DE NIVEL MEDIO;; C.L.T.;3650,41;;3650,41;534,07;3116,34;
RAIMUNDO LIMA DA COSTA MOURA;SUB-GER.I DE EMPLACAMENTO;AUXILIAR ADMINISTRATIVO;; C.L.T.;2155,00;;2155,00;193,95;1961,05;
REGINA CELIA MATOS NOGUEIRA;DIRETOR PRESIDENTE;TECNICO DE NIVEL MEDIO;; C.L.T.;5390,65;;5390,65;993,66;4396,99;
REGINALDO DANTAS DE SOUZA;SUB-GER.I DE EMPLACAMENTO;AUXILIAR ADMINISTRATIVO;; C.L.T.;2655,00;;2655,00;277,35;2377,65;
RENATO ALVES DOURADO;GERENCIA DE VEICULOS;TECNICO DE NIVEL MEDIO;; C.L.T.;2642,67;;2642,67;275,40;2367,27;
RISOMAR TRINDADE DA SILVA;DIRETOR PRESIDENTE;GERENTE AD-2;GERENTE  AD-2; CARGO COMISSION.S/VINCULO;3513,79;;3513,79;500,80;3012,99;
RITA AMELIA VASCO FURTADO;DEPTO.ADMINISTRAT.-FINANCEIRO;TECNICO DE NIVEL SUPERIOR;; C.L.T.;5646,44;;5646,44;1124,53;4521,91;
RITA BENTO DE CARVALHO;SUBGERENCIA DE VEICULOS;TECNICO DE NIVEL MEDIO;TECNICO AUXILIAR; C.L.T.;2802,50;;2802,50;352,54;2449,96;
RITA DE CASSIA TRINDADE REBELLO;GERENCIA DE HABILITACAO;TECNICO AUXILIAR;; C.L.T.;3405,50;;3405,50;474,44;2931,06;
RITA MARIA DE ALMEIDA FERREIRA;GERENCIA DE VEICULOS;TECNICO DE NIVEL MEDIO;; C.L.T.;2356,50;;2356,50;212,08;2144,42;
RIVANDA DE OLIVEIRA GONCALVES;DEPTO.ADMINISTRAT.-FINANCEIRO;AUXILIAR DE MANUTENCAO;; C.L.T.;1607,00;;1607,00;128,56;1478,44;
ROBSON ALKINDAS DA SILVA PONTES;DIRETORIA TECNICA;ASSESSOR IV AD-4;; CARGO COMISSION.S/VINCULO;2906,15;;2906,15;370,86;2535,29;
RODRIGO SOUZA BARRETO;DIRETORIA TECNICA;DELEGADO DE POLICIA 5A.CL. PC-DEL-V;DIRETOR TECNICO; ESTATUTARIO;10970,00;;10970,00;2147,39;8822,61;
ROMULO DA SILVA FABRIS;GER.CONTR.REG.TRANSITO- CRT;TECNICO DE NIVEL MEDIO;; C.L.T.;2380,00;;2380,00;233,84;2146,16;
ROSA RODRIGUES PIRES;DEPTO.ADMINISTRAT.-FINANCEIRO;AUXILIAR DE MANUTENCAO;; C.L.T.;2937,00;;2937,00;362,10;2574,90;
ROSANE APARECIDA CORREA LUSTOSA;GERENCIA DE HABILITACAO;TECNICO DE NIVEL SUPERIOR;; C.L.T.;3340,00;;3340,00;458,49;2881,51;
ROSANGELA VIEIRA HITOTUZI;DIR.ADMINISTRATIVA-FINANCEIRA;TECNICO DE NIVEL MEDIO;; C.L.T.;3802,50;;3802,50;571,10;3231,40;
ROSEMBERG DA SILVA HAYDEN;GERENCIA DE ORC.E PLANEJAMENTO;TECNICO DE NIVEL MEDIO;; C.L.T.;4336,00;;4336,00;709,11;3626,89;
ROSENEY KIMURA TAKETOMI OLIMPIO;DIRETOR PRESIDENTE;TECNICO DE NIVEL SUPERIOR;; C.L.T.;2902,67;;2902,67;356,02;2546,65;
SANDRA TEREZA PINHEIRO FERREIRA;GERENCIA DE HABILITACAO;TECNICO DE NIVEL MEDIO;; C.L.T.;2680,00;;2680,00;281,31;2398,69;
SANDRYVALDO SANTOS DO NASCIMENTO;SUBGERENCIA DE VEICULOS;AUXILIAR ADMINISTRATIVO;; C.L.T.;2355,00;;2355,00;211,95;2143,05;
SANTANA DOURADO GOMES;DEPTO.ADMINISTRAT.-FINANCEIRO;AUXILIAR ADMINISTRATIVO;; C.L.T.;1731,50;;1731,50;129,28;1602,22;
SEBASTIAO CAVALCANTE DE OLIVEIRA;JARI-JUNTA ADM.DE REC.DE INFR.;MEMBRO DA JARI;MEMBRO DA JARI; CARGO COMISSION.S/VINCULO;3110,00;;3110,00;406,89;2703,11;
SEBASTIAO FERREIRA DA SILVA;SUBGERENCIA DE APOIO LOGISTICO;AUXILIAR DE MANUTENCAO;; C.L.T.;1696,60;;1696,60;152,69;1543,91;
SELINNE MENEZES SERAFIM;GERENCIA DE VEICULOS;REPRESENTANTE DETRAN/AM MUN. -AD-3;REP.DETRAN MUNICIP.; CARGO COMISSION.S/VINCULO;1681,80;;1681,80;151,36;1530,44;
SELMA DE OLIVEIRA PINHEIRO;GERENCIA DE HABILITACAO;TECNICO DE NIVEL MEDIO;; C.L.T.;3382,00;;3382,00;468,72;2913,28;
SELMA FERNANDA DE OLIVEIRA VALLE;SUBGERENCIA DE VEICULOS;TECNICO DE NIVEL MEDIO;; C.L.T.;1880,00;;1880,00;169,20;1710,80;
SELMA MACEDO LOPES;SUBGERENCIA DE DOCUMENTACAO;AUXILIAR ADMINISTRATIVO;; C.L.T.;4638,00;;4638,00;802,81;3835,19;
SERGIO AUGUSTO GRACA CAVALCANTE;ASSESSORIA JURIDICA;TECNICO DE NIVEL MEDIO;; C.L.T.;9848,00;;9848,00;2227,82;7620,18;
SERGIO WILSON FREIRE LOBATO;DIRETOR PRESIDENTE;GERENTE AD-2;; CARGO COMISSION.S/VINCULO;6875,99;;6875,99;1462,66;5413,33;
SEVERINO DA SILVA SANTOS;SUBGERENCIA DE VEICULOS;AUXILIAR ADMINISTRATIVO;; C.L.T.;4995,90;;4995,90;913,84;4082,06;
SEVERINO FERNANDES DE LIMA;GERENCIA ENG. E ESTATISTICA;TECNICO DE NIVEL MEDIO;; C.L.T.;3226,30;;3226,30;399,01;2827,29;
SHIRLENE MAIA FARIAS;DIRETORIA TECNICA;AUXILIAR ADMINISTRATIVO;; C.L.T.;5236,00;;5236,00;988,34;4247,66;
SILIS CALAZANS GOMES;SUBGERENCIA DE APOIO LOGISTICO;MOTORISTA 1A CLASSE;; ESTATUTARIO;2787,83;;2787,83;254,22;2533,61;
SILVIA JANE DA SILVA;GERENCIA DE VEICULOS;AUXILIAR ADMINISTRATIVO;; C.L.T.;2655,00;;2655,00;277,35;2377,65;
SILVIA MARGARETE VALERIO OLIVEIRA;DIR.ADMINISTRATIVA-FINANCEIRA;TECNICO DE NIVEL MEDIO;; C.L.T.;3256,50;;3256,50;438,15;2818,35;
SIRLEIDE DOS SANTOS CASANOVA COELHO;SUBGERENCIA DE VEICULOS;TECNICO DE NIVEL MEDIO;; C.L.T.;5238,00;;5238,00;903,64;4334,36;
SOLIANE CARDOSO DE CARVALHO;GERENCIA DE VEICULOS;TECNICO DE NIVEL MEDIO;; C.L.T.;2880,00;;2880,00;366,24;2513,76;
SONIA MARIA SILVA PEREIRA;SUBGERENCIA DE VEICULOS;TECNICO DE NIVEL MEDIO;; C.L.T.;2982,00;;2982,00;370,05;2611,95;
SONIA OLIMPIO DA CUNHA;GERENCIA DE VEICULOS;TECNICO DE NIVEL MEDIO;; C.L.T.;2702,50;;2702,50;270,65;2431,85;
SUELEN REGO DO NASCIMENTO;GERENCIA DE VEICULOS;ASSESSOR IV AD-4;; CARGO COMISSION.S/VINCULO;1787,92;;1787,92;160,91;1627,01;
SUELI DE CASTRO JOHNSON;GERENCIA DE ORC.E PLANEJAMENTO;TECNICO DE NIVEL MEDIO;; C.L.T.;2828,00;;2828,00;357,05;2470,95;
TAINAN RIBEIRO DE ALMEIDA;DIR.ADMINISTRATIVA-FINANCEIRA;SUBGERENTE AD-3;; CARGO COMISSION.S/VINCULO;3191,80;;3191,80;422,40;2769,40;
TAISA NOGUEIRA DE ARAUJO;SUBGERENCIA DE VEICULOS;ASSESSOR IV AD-4;; CARGO COMISSION.S/VINCULO;4371,21;;4371,21;;4371,21;
TANIA MARIA GUIMARAES DE LIMA;GABINETE;TECNICO DE NIVEL MEDIO;; C.L.T.;3101,00;;3101,00;405,30;2695,70;
TARIK DENNY DE SOUZA NEVES;DIRETOR PRESIDENTE;REPRESENTANTE DETRAN/AM MUN. -AD-3;REP. MUNICIPIO AD-3; CARGO COMISSION.S/VINCULO;3651,80;;3651,80;534,41;3117,39;
TATIANA MORAIS DE BRITO GOMES;DEPTO.ADMINISTRAT.-FINANCEIRO;SUBGERENTE AD-3;SUBGERENTE; CARGO COMISSION.S/VINCULO;27454,86;;27454,86;;27454,86;
TATIANA MORAIS DE BRITO GOMES;DEPTO.ADMINISTRAT.-FINANCEIRO;CHEFE DE DEPARTAMENTO AD-1;; CARGO COMISSION.S/VINCULO;7029,77;;7029,77;1504,95;5524,82;
TEREZA DOS SANTOS CAVALCANTE;SUBGERENCIA DE APOIO LOGISTICO;AUXILIAR DE MANUTENCAO;; C.L.T.;1879,80;;1879,80;169,18;1710,62;
TEREZINHA DE JESUS COELHO XAVIER;SUBGERENCIA DE VEICULOS;TECNICO DE NIVEL MEDIO;; C.L.T.;2602,50;;2602,50;269,04;2333,46;
THEREZINHA SOARES DE VASCONCELLOS;GERENCIA ENG. E ESTATISTICA;TECNICO DE NIVEL MEDIO;; C.L.T.;2407,50;;2407,50;238,18;2169,32;
TULIMAR MORAES DE LIMA;SUB-GER.I DE EMPLACAMENTO;TECNICO DE NIVEL MEDIO;; C.L.T.;2728,00;;2728,00;274,69;2453,31;
VALDA RITA FARIAS REIS;SUBGERENCIA DE VEICULOS;TECNICO DE NIVEL MEDIO;; C.L.T.;1880,00;;1880,00;169,20;1710,80;
VALERIANA DO ROSARIO DA SILVA;GERENCIA DE HABILITACAO;AUXILIAR DE MANUTENCAO;; C.L.T.;1658,00;;1658,00;132,64;1525,36;
VILSON EVANGELISTA DE ARAUJO;DIRETOR PRESIDENTE;TECNICO DE NIVEL MEDIO;; C.L.T.;5252,41;;5252,41;993,93;4258,48;
WALDIR DOS SANTOS COSTA;GERENCIA DE AVAL.MED.PSICOLOG.;TECNICO DE NIVEL SUPERIOR;; C.L.T.;3175,76;;3175,76;418,51;2757,25;
WALMIR WALACE DOS SANTOS DALLES;GER.CONTR.REG.TRANSITO- CRT;TECNICO DE NIVEL SUPERIOR;; C.L.T.;8370,00;;8370,00;1517,11;6852,89;
WANDA DOS SANTOS FREIRE;SUBGERENCIA DE DOCUMENTACAO;TECNICO DE NIVEL MEDIO;; C.L.T.;1982,00;;1982,00;178,38;1803,62;
WENDELL DANTAS MENEZES;GER.CONTR.REG.TRANSITO- CRT;TECNICO DE NIVEL MEDIO;; C.L.T.;6666,00;;6666,00;1352,77;5313,23;
YANNE DAS NEVES FALCAO LIMA;GERENCIA DE HABILITACAO;TECNICO DE NIVEL MEDIO;; C.L.T.;2380,00;;2380,00;214,20;2165,80;
ZI CUNHA MOREIRA;SUBGERENCIA DE VEICULOS;TECNICO DE NIVEL MEDIO;; C.L.T.;2882,00;;2882,00;352,37;2529,63;
ZULEIDE CARVALHO FEITOSA;SUBGERENCIA DE VEICULOS;TECNICO DE NIVEL MEDIO;; C.L.T.;2580,00;;2580,00;265,49;2314,51;
