NOME;LOTACAO;CARGO;FUNCAO;VINCULO;REMUNERACAO LEGAL TOTAL(R$);DESC.TETO(R$); REMUNERACAO LEGAL DEVIDA(R$);DESCONTOS LEGAIS(R$);LIQUIDO DISPONIVEL(R$);
ABRAHAM LINCOLN BENAYON MOREIRA;ASSESSORIA;ASSESSOR II AD-2;; CARGO COMISSION.S/VINCULO;4209,79;;4209,79;670,28;3539,51;
ADEVANE DA SILVA ARAUJO;ASSESSORIA;GERENTE AD-2;; CARGO COMISSION.S/VINCULO;4209,79;;4209,79;670,28;3539,51;
ADRIANA QUENIA ABRAAO GUSMAO;ASSESSORIA;ASSESSOR III AD-3;; CARGO COMISSION.S/VINCULO;3191,80;;3191,80;422,40;2769,40;
AKIS ALVES DA SILVA;ASSESSORIA;ASSESSOR II AD-2;; CARGO COMISSION.S/VINCULO;4209,79;;4209,79;670,28;3539,51;
ALDEIZA LAGO DOS SANTOS;ASSESSORIA;GERENTE AD-2;; CARGO COMISSION.S/VINCULO;4209,79;;4209,79;670,28;3539,51;
ALTEMAR LOPES EH SILVA;ASSESSORIA;GERENTE AD-2;; CARGO COMISSION.S/VINCULO;5613,05;;5613,05;1115,35;4497,70;
AMANDA BOTELHO GOMES;ASSESSORIA;GERENTE AD-2;; CARGO COMISSION.S/VINCULO;4209,79;;4209,79;641,84;3567,95;
ANA CLAUDIA DA COSTA LEITAO;ASSESSORIA;ASSESSOR II AD-2;; CARGO COMISSION.S/VINCULO;4209,79;;4209,79;670,28;3539,51;
ANA MARIA PAIVA CHAVES B S RESENDE;ASSESSORIA;ASSESSOR II AD-2;; CARGO COMISSION.S/VINCULO;5145,21;;5145,21;;5145,21;
ANA MARIA PAIVA CHAVES B S RESENDE;ASSESSORIA;ASSESSOR I AD-1;; CARGO COMISSION.S/VINCULO;10459,51;;10459,51;1290,43;9169,08;
ANA RUTH DE PAULA BOTELHO LAMEGO;DEPARTAMENTO DE ADM.E FINANCAS;A.TEC-I;ASSESSOR AD-1; ESTATUTARIO;5887,01;;5887,01;715,38;5171,63;
ANGELICA ANDRADE GOMES;SEC.CON.EST.MEIO AMB.DES.SUST.;CHEFE DE DEPARTAMENTO AD-1;; CARGO COMISSION.S/VINCULO;5229,77;;5229,77;986,40;4243,37;
ANTONIA NONATA DA COSTA;DEPARTAMENTO DE ADM.E FINANCAS;ASSISTENTE ADMINISTRATIVO;; ESTATUTARIO;3577,54;;3577,54;308,07;3269,47;
ANTONIO ADEMIR STROSKI;GABINETE DO SECRETARIO;A.AMB-III;SECRETARIO DE ESTADO; ESTATUTARIO;10800,00;;10800,00;665,25;10134,75;
ANTONIO LUIZ MENEZES DE ANDRADE;SEC.EXEC.ADJ.DE GEST.AMBIENTAL;SECRETARIO EXECUTIVO ADJUNTO;SECRET EXECUTIVO; CARGO COMISSION.S/VINCULO;9000,00;;9000,00;1759,94;7240,06;
ARIANNA BIANCA CAMPOS RABELO;ASSESSORIA;ASSESSOR II AD-2;; CARGO COMISSION.S/VINCULO;4209,79;;4209,79;641,84;3567,95;
ARLETE PIRES DE OLIVEIRA;ASSESSORIA;ASSESSOR II AD-2;; CARGO COMISSION.S/VINCULO;4209,79;;4209,79;584,96;3624,83;
ARNOLDO SEBASTIAO DO CARMO VELLOSO;DEPARTAMENTO DE ADM.E FINANCAS;AUX.S.G-I;; ESTATUTARIO;3590,45;;3590,45;254,14;3336,31;
AUREA CELIA RIBEIRO DA ROCHA;ASSESSORIA;ASSESSOR II AD-2;; CARGO COMISSION.S/VINCULO;4209,79;;4209,79;641,84;3567,95;
AYUB BORGES MARQUES;ASSESSORIA;ASSESSOR II AD-2;; CARGO COMISSION.S/VINCULO;4209,79;;4209,79;641,84;3567,95;
CAROLINE YOSHIDA KAWAKAMI;ASSESSORIA;ASSESSOR II AD-2;; CARGO COMISSION.S/VINCULO;4209,79;;4209,79;670,28;3539,51;
CRISTIANO GONCALVES;ASSESSORIA;GERENTE AD-2;GERENTE AD-2; CARGO COMISSION.S/VINCULO;4209,79;;4209,79;670,28;3539,51;
EDIJANDRIA CARVALHO DE SOUZA;GABINETE DO SECRETARIO;CHEFE DE GABINETE AD-1;; CARGO COMISSION.S/VINCULO;5229,77;;5229,77;943,74;4286,03;
EDILSON ABRANTES PINTO;ASSESSORIA;ASSESSOR I AD-1;; CARGO COMISSION.S/VINCULO;5229,77;;5229,77;986,40;4243,37;
EDSON PINHEIRO DA SILVA;DEPARTAMENTO DE ADM.E FINANCAS;MOTORISTA 3A CLASSE;; ESTATUTARIO;3680,46;;3680,46;325,93;3354,53;
ELIANA MENDES DE SOUZA;DEPARTAMENTO DE ADM.E FINANCAS;AUX.S.G-I;; ESTATUTARIO;3735,28;;3735,28;204,28;3531,00;
ENGRIDE FERREIRA AQUINO;CENTRO EST.DE MUDAN.CLIMATICAS;AUX.ADM-I;; ESTATUTARIO;3848,62;;3848,62;229,94;3618,68;
FABRICIA ARRUDA MOREIRA AMAZONAS;ASSESSORIA;ASSESSOR I AD-1;; CARGO COMISSION.S/VINCULO;5229,77;;5229,77;943,74;4286,03;
FLAVIO RUBEN PAES DE O JUNIOR;ASSESSORIA;ASSESSOR II AD-2;; CARGO COMISSION.S/VINCULO;4209,79;;4209,79;641,84;3567,95;
FRANCISCA DIONEIA FERREIRA;ASSESSORIA;GERENTE AD-2;; CARGO COMISSION.S/VINCULO;4209,79;;4209,79;670,28;3539,51;
FRANCISCO JUSTINO DA COSTA;ASSESSORIA;ASSESSOR II AD-2;; CARGO COMISSION.S/VINCULO;8419,58;;8419,58;1887,14;6532,44;
FRANCISCO OTAVIO ALEIXO;ASSESSORIA;ASSESSOR II AD-2; ASSESSOR II AD-2; CARGO COMISSION.S/VINCULO;4209,79;;4209,79;670,28;3539,51;
GILBERTO OLAVO COSTA DE OLIVEIRA;ASSESSORIA;TECNICO EM AGROPECUARIA;GERENTE AD-2; ESTATUTARIO;4953,78;;4953,78;530,47;4423,31;
GILMAR JOSE DE OLIVEIRA SOUZA;ASSESSORIA;ASSESSOR II AD-2;ASSESSOR II AD-2; CARGO COMISSION.S/VINCULO;4209,79;;4209,79;670,28;3539,51;
GILZETE DA SILVA BELEZA;DEPARTAMENTO DE ADM.E FINANCAS;A.TEC-I;ASSESSOR AD-2; ESTATUTARIO;5076,24;;5076,24;651,25;4424,99;
GIULIANO PIOTTO GUIMARAES;SEC.EXEC.ADJ.DE GEST.AMBIENTAL;CHEFE DE DEPARTAMENTO;; CARGO COMISSION.S/VINCULO;5229,77;;5229,77;986,40;4243,37;
GRACILENA FIGUEIREDO DE GUSMAO;DEPARTAMENTO DE ADM.E FINANCAS;ASSISTENTE TECNICO;; ESTATUTARIO;4087,23;;4087,23;420,52;3666,71;
HUDSON DIAS DA SILVA;ASSESSORIA;ASSESSOR I AD-1;; CARGO COMISSION.S/VINCULO;6478,66;;6478,66;;6478,66;
IRISMAR RIBEIRO DAVILA DE SOUZA;DEPARTAMENTO DE ADM.E FINANCAS;AUX.ADM-I;; ESTATUTARIO;3580,25;;3580,25;315,44;3264,81;
ISABELE AUGUSTA FERREIRA P RIBEIRO;DEPTO.DE ADM.E FINANCAS;ASSESSOR II AD-2;; CARGO COMISSION.S/VINCULO;4209,79;;4209,79;670,28;3539,51;
JACOB DA SILVA SICSU;DEPARTAMENTO DE ADM.E FINANCAS;MOT-I;; ESTATUTARIO;4030,47;;4030,47;373,03;3657,44;
JAIME GOMES NERY JUNIOR;ASSESSORIA;GERENTE AD-2;; CARGO COMISSION.S/VINCULO;5613,05;;5613,05;1115,35;4497,70;
JOAO BOSCO FERREIRA DA SILVA;DEPARTAMENTO DE ADM.E FINANCAS;CHEFE DE DEPARTAMENTO AD-1;CHEFE DE DEPTO. AD-1; CARGO COMISSION.S/VINCULO;5229,77;;5229,77;901,09;4328,68;
JOAO BOSCO MIRANDA DE MATTOS JUNIOR;ASSESSORIA;ASSESSOR I AD-1;; CARGO COMISSION.S/VINCULO;5229,77;;5229,77;943,74;4286,03;
JOSE CARLOS MONTEIRO DE SOUZA;DEPARTAMENTO DE ADM.E FINANCAS;ANALISTA AMBIENTAL 3A.CLASSE;; ESTATUTARIO;6607,38;;6607,38;1383,51;5223,87;
JOSE CARLOS RIBEIRO;DEPARTAMENTO DE ADM.E FINANCAS;VIGIA-II;ASSESSOR AD-2; ESTATUTARIO;4710,15;;4710,15;445,17;4264,98;
JOSE ELIZIO DA SILVA LIMA;DEPARTAMENTO DE ADM.E FINANCAS;A.TEC-I;; ESTATUTARIO;3759,84;;3759,84;303,68;3456,16;
JOSE RONALDO MOURA RODRIGUES;DEPARTAMENTO DE ADM.E FINANCAS;VIGIA-II;; ESTATUTARIO;3495,27;;3495,27;226,34;3268,93;
JULIA DE MOURA LINHARES;ASSESSORIA;ASSESSOR II AD-2;; CARGO COMISSION.S/VINCULO;4209,79;;4209,79;670,28;3539,51;
LENIR MARTA LEITE ATHAYDE;DEPARTAMENTO DE ADM.E FINANCAS;A.TEC-I;ASSESSOR AD-3; ESTATUTARIO;3913,09;;3913,09;294,42;3618,67;
LUCAS AUGUSTO DOS SANTOS BRAGA;ASSESSORIA;ASSESSOR III AD-3;; CARGO COMISSION.S/VINCULO;2535,66;;2535,66;;2535,66;
LUCELIA PEREIRA DE SOUZA;DEPARTAMENTO DE ADM.E FINANCAS;A.TEC-II;; ESTATUTARIO;3641,46;;3641,46;328,12;3313,34;
LUISA CRISTINA VIEIRA DE SOUZA;ASSESSORIA;ASSESSOR II AD-2;; CARGO COMISSION.S/VINCULO;4209,79;;4209,79;670,28;3539,51;
LUIZ CARLOS BARROS DE CARVALHO;SEC.EXEC.DE GEOD.REC.HIDRICOS;ENG-I;; ESTATUTARIO;5482,92;;5482,92;740,84;4742,08;
LUIZ CARLOS DOS SANTOS SOUZA;DEPARTAMENTO DE ADM.E FINANCAS;AUX.S.G-II;; ESTATUTARIO;3516,15;;3516,15;205,76;3310,39;
LUZINETE ARAUJO DE SOUZA;DEPARTAMENTO DE ADM.E FINANCAS;AGENTE ADMINISTRATIVO 3A CLASSE;; ESTATUTARIO;3577,54;;3577,54;251,20;3326,34;
MARCIA SOCORRO MARTINS LINS;ASSESSORIA;ASSESSOR II AD-2;; CARGO COMISSION.S/VINCULO;4209,79;;4209,79;670,28;3539,51;
MARIA DO CARMO GOMES PEREIRA;ASSESSORIA;ASSESSOR II AD-2;; CARGO COMISSION.S/VINCULO;4209,79;;4209,79;670,28;3539,51;
MARIA DO SOCORRO PEREIRA EH SILVA;DEPARTAMENTO DE ADM.E FINANCAS;A.TEC-I;; ESTATUTARIO;3902,40;;3902,40;265,19;3637,21;
MARIA EDILENE NERI DE SOUSA;ASSESSORIA;ASSESSOR II AD-2;; CARGO COMISSION.S/VINCULO;4209,79;;4209,79;670,28;3539,51;
MARIA ELIENE GOMES DA CRUZ;ASSESSORIA;ASSESSOR II AD-2;; CARGO COMISSION.S/VINCULO;4209,79;;4209,79;670,28;3539,51;
MAYCON DOUGLAS DE OLIVEIRA CASTRO;ASSESSORIA;ASSESSOR III AD-3;; CARGO COMISSION.S/VINCULO;3191,80;;3191,80;422,40;2769,40;
MELQUEZADEQUE REBELO DE CASTRO;ASSESSORIA;GERENTE AD-2;; CARGO COMISSION.S/VINCULO;5613,05;;5613,05;1011,32;4601,73;
MIQUEIAS SANTOS DE SOUZA;ASSESSORIA;GERENTE AD-2;; CARGO COMISSION.S/VINCULO;5613,05;;5613,05;1013,03;4600,02;
PABLO JOSE MELO SERRA;ASSESSORIA;ASSESSOR II AD-2;; CARGO COMISSION.S/VINCULO;4209,79;;4209,79;670,28;3539,51;
PABLO PACHECO;ASSESSORIA;GERENTE AD-2;; CARGO COMISSION.S/VINCULO;4209,79;;4209,79;670,28;3539,51;
PAULA RAFAELA FERREIRA BORGES;ASSESSORIA;ASSESSOR II AD-2;; CARGO COMISSION.S/VINCULO;4209,79;;4209,79;670,28;3539,51;
PEDRO DE CRISTO SOARES VENTURA;DEPARTAMENTO DE ADM.E FINANCAS;AUX.ADM-I;; ESTATUTARIO;3590,45;;3590,45;317,92;3272,53;
QUESIA DO ROSARIO REIS;ASSESSORIA;ASSESSOR II AD-2;; CARGO COMISSION.S/VINCULO;4279,87;;4279,87;;4279,87;
RAIMUNDA SERRATHY SOUZA DA CRUZ;DEPARTAMENTO DE ADM.E FINANCAS;A.TEC-I;; ESTATUTARIO;3929,98;;3929,98;300,09;3629,89;
RAIMUNDO RIBEIRO ROMAINE;ASSESSORIA;GERENTE AD-2;; CARGO COMISSION.S/VINCULO;5613,05;;5613,05;1115,35;4497,70;
REGINA COELI MINEIRO DE ALENCAR;DEPARTAMENTO DE ADM.E FINANCAS;A.TEC-II;ASSISTENTE TECNICO; ESTATUTARIO;3653,61;;3653,61;302,06;3351,55;
REGINA FARIAS DA SILVA;DEPARTAMENTO DE ADM.E FINANCAS;AUX.S.G-I;; ESTATUTARIO;3580,25;;3580,25;251,65;3328,60;
RONEI FLEURY DA SILVA;ASSESSORIA;ASSESSOR II AD-2;; CARGO COMISSION.S/VINCULO;4209,79;;4209,79;670,28;3539,51;
SANDRA DA SILVA AZULAY;SEC.EXEC.ADJ.DE GEST.AMBIENTAL;A.TEC-I;; ESTATUTARIO;3710,34;;3710,34;291,62;3418,72;
SANDRA REGINA LOYO PENHA;DEPARTAMENTO DE ADM.E FINANCAS;AUX.ADM-I;ASSESSOR AD-2; ESTATUTARIO;4780,06;;4780,06;518,67;4261,39;
SANDRA REGINA SOUZA DOS SANTOS;ASSESSORIA;A.TEC-I;ASSESSOR I AD-1; ESTATUTARIO;3888,82;;3888,82;164,06;3724,76;
THIERRY ANDRE RAOUL ACANTHE;ASSESSORIA;SECRETARIO EXECUTIVO;; CARGO COMISSION.S/VINCULO;11700,00;;11700,00;2789,26;8910,74;
VALERIA REGINA GOMES DA SILVA;ASSESSORIA;ASSESSOR II AD-2;; CARGO COMISSION.S/VINCULO;4209,79;;4209,79;670,28;3539,51;
VINICIUS BIANCO DA SILVA;ASSESSORIA;ASSESSOR II AD-2;; CARGO COMISSION.S/VINCULO;4209,79;;4209,79;670,28;3539,51;
WALBEN JUNIOR DOS SANTOS FERREIRA;ASSESSORIA;GERENTE AD-2;; CARGO COMISSION.S/VINCULO;4209,79;;4209,79;670,28;3539,51;
WALDELICE HOLANDA SALGADO;SEC.EXEC.ADJ.DE FLOR.ESTRATIV.;ASSESSOR II AD-2;; CARGO COMISSION.S/VINCULO;4209,79;;4209,79;670,28;3539,51;
YONE NASCIMENTO NEVES;ASSESSORIA;GERENTE AD-2;; CARGO COMISSION.S/VINCULO;4209,79;;4209,79;670,28;3539,51;
