NOME;LOTACAO;CARGO;FUNCAO;VINCULO;REMUNERACAO LEGAL TOTAL(R$);DESC.TETO(R$); REMUNERACAO LEGAL DEVIDA(R$);DESCONTOS LEGAIS(R$);LIQUIDO DISPONIVEL(R$);
AIRTON JOSE SCHNEIDER;GABINETE DO SECRETARIO;ENGENHEIRO AGRONOMO;SECRETARIO EXECUTIVO; ESTATUTARIO;13622,21;;13622,21;3352,19;10270,02;
ALBERTO NASCIMENTO DE HOLANDA LIMA;ASSESSORIA TECNICA;TECNICO EM AGROPECUARIA;ASSESSOR I AD-1; ESTATUTARIO;5986,21;;5986,21;894,72;5091,49;
ALEX PENHA DO AMARAL;DEPTO.DE ADMINIST.E FINANCAS;A.TEC-III;ASSISTENTE TECNICO; ESTATUTARIO;1864,55;;1864,55;205,10;1659,45;
ALMIR ASTERIO CARVALHAL;CONS.EST.DESENV.RUR.SUST.CEDRS;ENGENHEIRO AGRONOMO;ASSESSOR I AD-1; ESTATUTARIO;12573,23;;12573,23;2959,11;9614,12;
ANA CRISTINA LEITE MENEZES;SEC.EXEC.ADJ.PESCA AQUICULTURA;ENG-III;ENGENHEIRO III CLAS; ESTATUTARIO;5665,77;;5665,77;1088,43;4577,34;
ANDRE DA SILVA GOUVEA;PAUINI;AG.AGRO-III;; ESTATUTARIO;2428,85;;2428,85;212,17;2216,68;
ANDRE GENTIL DA SILVA;ESTACAO DE BALBINA-M.AMAZONAS;ASSESSOR III AD-3;; CARGO COMISSION.S/VINCULO;1681,80;;1681,80;151,36;1530,44;
ANTONIA MARIA CONCEICAO DE O GOMES;DEPTO.APOIO A ORG.COMUNITARIA;ASSESSOR II AD-2;ASSESSOR II AD-2; CARGO COMISSION.S/VINCULO;3209,79;;3209,79;426,78;2783,01;
ANTONIO FERNANDO FONTES VIEIRA;GABINETE DO SECRETARIO;SECRETARIO EXECUTIVO ADJUNTO;; CARGO COMISSION.S/VINCULO;9000,00;;9000,00;2046,76;6953,24;
ANTONIO HENRIQUE DA SILVA MARCELINO;DEPTO.DE ADMINIST.E FINANCAS;AUX.S.G-III;AUX SERV GERAIS; ESTATUTARIO;1157,31;;1157,31;127,30;1030,01;
ANTONIO JOAQUIM DO E S OLIVEIRA;GER.DE DESENV.DA AQUICULTURA;ASSESSOR II AD-2;; CARGO COMISSION.S/VINCULO;3209,79;;3209,79;426,78;2783,01;
ANTONIO LUCAS FEITOZA PANTOJA;ASSESSORIA JURIDICA;GERENTE AD-2;; CARGO COMISSION.S/VINCULO;4209,79;;4209,79;670,28;3539,51;
ARI EVERTON BRAGA GARCEZ;MANAQUIRI;AUX.AGR-III;; ESTATUTARIO;1721,60;;1721,60;134,38;1587,22;
AUREO NAPOLEAO MAIA;COM.EXEC.PERM.DEF.SAN.ANIM.VEG;A.TEC-III;; ESTATUTARIO;1926,94;;1926,94;211,96;1714,98;
BENJAMIN DE SOUZA MAFRA;GER.DE INFRA-EST.E ENG.RURAL;GERENTE AD-2;; CARGO COMISSION.S/VINCULO;4209,79;;4209,79;670,28;3539,51;
CARLOS ALBERTO RAMALHO DA SILVA;CAREIRO DA VARZEA;M.FLU-III;; ESTATUTARIO;1657,31;;1657,31;127,30;1530,01;
CARLOS ROBERTO VIANA PINTO;COM.EXEC.PERM.DEF.SAN.ANIM.VEG;AUX.S.G-III;ASSESSOR III AD-3; ESTATUTARIO;3082,04;;3082,04;194,56;2887,48;
CELMA DE LIMA VIANA;GABINETE DO SECRETARIO;GERENTE AD-2;GERENTE AD-2; CARGO COMISSION.S/VINCULO;4209,79;;4209,79;670,28;3539,51;
CHRIS ROCHA DOS ANJOS;ITACOATIARA;ENG-III;ENGENHEIRO III CLASS; ESTATUTARIO;5364,94;;5364,94;874,82;4490,12;
CINELANDIA DE OLIVEIRA VILACORTE;DEPTO.DE ADMINIST.E FINANCAS;AUX.S.G-III;AUX. SERVICOS GERAIS; ESTATUTARIO;1157,31;;1157,31;127,30;1030,01;
CIRA SENNA DE OLIVEIRA;DEPTO.DE PLANEJ.E PROJETOS;CHEFE DE DEPARTAMENTO AD-1;; CARGO COMISSION.S/VINCULO;5229,77;;5229,77;986,40;4243,37;
CLAUDENOR GARLOTT DE CARVALHO;GABINETE DO SECRETARIO;AUX. DE RADIOLOGIA MEDICA A;CH.DEPARTMNT AD-1; ESTATUTARIO;937,00;;937,00;183,47;753,53;
DANIEL ALMEIDA SOARES;ASSESSORIA DE COMUNICACAO;A.TEC-III;ASSISTENTE TECNICO; ESTATUTARIO;1864,55;;1864,55;205,10;1659,45;
DENIS ALVES MENDONCA;DEPTO.DE ADMINIST.E FINANCAS;MOT-III;MOTORISTA III; ESTATUTARIO;1157,31;;1157,31;127,30;1030,01;
DEYVID LOPES COSTA;GER.DE INFRA-EST.E ENG.RURAL;CAD-III;; ESTATUTARIO;1864,55;;1864,55;205,10;1659,45;
DIEGO LUIS CARDOSO FONSECA;SEC.EXEC.ADJ.DE ADM.E FINANCAS;TNS-III;T.N.S.OP.RED.INF.; ESTATUTARIO;3536,22;;3536,22;506,27;3029,95;
DJALMA FARIAS TEIXEIRA DE LUSTOSA;GERENCIA DE ESTRADAS VICINAIS;ENG-III;ASSESSOR III; ESTATUTARIO;8288,98;;8288,98;2039,53;6249,45;
EDILSON ROTONDANO;GER.DE INFRA-EST.E ENG.RURAL;ENG-III;GERENTE AD-2; ESTATUTARIO;8637,96;;8637,96;1627,88;7010,08;
EDSON CAVALCANTI CATAO;GER.DE INFRA-EST.E ENG.RURAL;ENG-III;; ESTATUTARIO;13147,37;;13147,37;3498,91;9648,46;
EDUARDO RIZZO GUIMARAES;DEPTO.DE PLANEJ.E PROJETOS;ENG-III;; ESTATUTARIO;10665,77;;10665,77;2746,31;7919,46;
ELIANE DOS SANTOS SENA;SEC.EXEC.ADJ.DE ADM.E FINANCAS;ASSESSOR III AD-3;ASSESSOR III AD-3; CARGO COMISSION.S/VINCULO;3191,80;;3191,80;422,40;2769,40;
ELIAS NEVES DOS SANTOS;DEPTO.APOIO A ORG.COMUNITARIA;ASSESSOR II AD-2;; CARGO COMISSION.S/VINCULO;4209,79;;4209,79;670,28;3539,51;
ELLEN DE OLIVEIRA VAZ;GER.DE APOIO A AGRIC.FAMILIAR;PROFESSOR 40 HORAS C4 ED-LPL-IV;ASSESSOR I AD-1; ESTATUTARIO;6999,89;;6999,89;1215,10;5784,79;
EMANUELE SOUZA RIBEIRO;DEPTO.DE PLANEJ.E PROJETOS;A.TEC-III;ASSISTENTE TECNICO; ESTATUTARIO;2279,54;;2279,54;217,88;2061,66;
EMERSON SANTOS BOTELHO;SECRETARIA EXECUTIVA;GERENTE AD-2;GERENTE AD2; CARGO COMISSION.S/VINCULO;4209,79;;4209,79;670,28;3539,51;
ERICK MIRANDA MESQUITA;GABINETE DO SECRETARIO;ASSESSOR I AD-1;; CARGO COMISSION.S/VINCULO;5229,77;;5229,77;986,40;4243,37;
ERINILSON SOUZA DE VASCONCELOS;DEPTO.APOIO A ORG.COMUNITARIA;AUX.S.G-III;AUX.SERV.GERAIS; ESTATUTARIO;1157,31;;1157,31;127,30;1030,01;
FABIANA VASCONCELOS DOS SANTOS;ASSESSORIA TECNICA;GERENTE AD-2;; CARGO COMISSION.S/VINCULO;4209,79;;4209,79;670,28;3539,51;
FELIPE MIRANDA MARQUES;SECRETARIA EXECUTIVA;ASSESSOR II AD-2;ASSESSOR II AD-2; CARGO COMISSION.S/VINCULO;4209,79;;4209,79;670,28;3539,51;
FERNANDO SEABRA BARROS;DEPTO.APOIO A ORG.COMUNITARIA;TNS-III;; ESTATUTARIO;3861,74;;3861,74;522,27;3339,47;
FRANCISCO EDICELMO PEREIRA PESSOA;HUMAITA;M.FLU-III;MOTORISTA FLUVIAL; ESTATUTARIO;1657,31;;1657,31;127,30;1530,01;
FRANCISCO LOPES DE OLIVEIRA;COM.EXEC.PERM.DEF.SAN.ANIM.VEG;VIGIA;; ESTATUTARIO;1410,30;;1410,30;129,23;1281,07;
FRANCISCO NEWTON QUEIROZ LIMA;ASSESSORIA JURIDICA;ASSESSOR II AD-2;; CARGO COMISSION.S/VINCULO;4209,79;;4209,79;670,28;3539,51;
FRANCISCO SOARES DE SOUZA FILHO;ASSESSORIA JURIDICA;ASSESSOR I AD-1;; CARGO COMISSION.S/VINCULO;5229,77;;5229,77;986,40;4243,37;
FREDSON CRUZ LIMA;COARI;AUX.AGR-III;; ESTATUTARIO;1721,60;;1721,60;134,38;1587,22;
GEOVANI GONCALVES BROZZO;COM.EXEC.PERM.DEF.SAN.ANIM.VEG;A.TEC-III;; ESTATUTARIO;3577,54;;3577,54;356,17;3221,37;
GERALDO BERNARDINO;SEC.EXEC.ADJ.PESCA E AQUICULT.;SECRETARIO EXECUTIVO ADJUNTO;SECRET EXEC ADJUNTO; CARGO COMISSION.S/VINCULO;9000,00;;9000,00;2046,76;6953,24;
GILSON DA SILVA PEREIRA;DEPTO.DE ADMINIST.E FINANCAS;MOT-III;MOTORISTA; ESTATUTARIO;1951,81;;1951,81;127,30;1824,51;
HITALO ALEXANDRE OLIVEIRA SOARES;IRANDUBA;OPERADOR DE MAQUINA;; ESTATUTARIO;2164,81;;2164,81;175,04;1989,77;
HUDSON SANTOS DA SILVA;GABINETE DO SECRETARIO;A.TEC-III;; ESTATUTARIO;1864,55;;1864,55;205,10;1659,45;
IRINEU MEDEIROS GUALBERTO;MARAA;ASSESSOR II AD-2;; CARGO COMISSION.S/VINCULO;4279,72;;4279,72;658,87;3620,85;
IVANO FREITAS CORDEIRO;ASSESSORIA TECNICA;TEC.DE NIVEL SUPERIOR 2A CLASSE;TEC NIVEL SUP; ESTATUTARIO;3998,73;;3998,73;546,75;3451,98;
IVO DA ROCHA CALADO;DEPTO.DE PESCA E AQUICULTURA;TECNICO;CHEFE DE GAB.AD-1; ESTATUTARIO;10647,44;;10647,44;2684,64;7962,80;
JAIR DA SILVA FEITOZA;GABINETE DO SECRETARIO;TNS-III;TEC NIVEL SUPERIOR; ESTATUTARIO;5143,60;;5143,60;852,78;4290,82;
JANE CLEA FERNANDES QUINCO;DEPTO.DE PESCA E AQUICULTURA;ASSESSOR II AD-2;; CARGO COMISSION.S/VINCULO;4209,79;;4209,79;670,28;3539,51;
JANICE FERNANDES CARVALHO;GERENCIA DE ESTRADAS VICINAIS;CAD-III;; ESTATUTARIO;2995,03;;2995,03;273,32;2721,71;
JARBAS BREVES DA SILVA;COM.EXEC.PERM.DEF.SAN.ANIM.VEG;M.FLU-III;MOTORISTA FLUVIAL; ESTATUTARIO;1157,31;;1157,31;127,30;1030,01;
JERSEY TEIXEIRA PESSOA;DEPTO.AGROIND.ENG.APOIO PROD.;ENG-III;ENG. ELETRICISTA; ESTATUTARIO;5601,48;;5601,48;1065,63;4535,85;
JOAO ALFREDO RAMOS BRAGA;COM.EXEC.PERM.DEF.SAN.ANIM.VEG;AUX.S.G-III;AUX.DE SERV. GERAIS; ESTATUTARIO;1157,31;;1157,31;127,30;1030,01;
JOAO VICTOR PARA MARINHO;ASSESSORIA JURIDICA;GERENTE AD-2;; CARGO COMISSION.S/VINCULO;4209,79;;4209,79;670,28;3539,51;
JOILCE SOCORRO NASCIMENTO TAVARES;DEPTO.DE ADMINIST.E FINANCAS;GERENTE AD-2;; CARGO COMISSION.S/VINCULO;4209,79;;4209,79;670,28;3539,51;
JORGE ALBERTO VASCONCELOS JUNIOR;DEPTO.APOIO A ORG.COMUNITARIA;TECNICO EM AGROPECUARIA;; ESTATUTARIO;2027,96;;2027,96;223,08;1804,88;
JOSE ALVES DE LIMA;ESTACAO DE BALBINA-M.AMAZONAS;AUXILIAR DE SERVICOS GERAIS;; ESTATUTARIO;2396,62;;2396,62;150,23;2246,39;
JOSE APARECIDO DOS SANTOS;GABINETE DO SECRETARIO;SECRETARIO DE ESTADO;; CARGO COMISSION.S/VINCULO;12150,00;;12150,00;2913,01;9236,99;
JOSE AUGUSTO GOMES DORAN;GABINETE DO SECRETARIO;ASSESSOR III AD-3;; CARGO COMISSION.S/VINCULO;3191,80;;3191,80;422,40;2769,40;
JOSE CIDENEI LOBO DO NASCIMENTO;CHEFIA DE GABINETE;PROFESSOR;SECRT EST PROD RURAL; ESTATUTARIO;7200,00;;7200,00;;7200,00;
JOSE FERNANDES VIANA;COM.EXEC.PERM.DEF.SAN.ANIM.VEG;MOTORISTA DE AUTOS;; ESTATUTARIO;2246,12;;2246,12;176,29;2069,83;
JOSE MARIO BARACHO DE FRANCA;ESTACAO DE BALBINA-M.AMAZONAS;ENGENHEIRO DE PESCA;GERENTE AD-2; ESTATUTARIO;10465,77;;10465,77;2689,14;7776,63;
JOSE MATIAS JUNIOR;GABINETE DO SECRETARIO;ENG-III;ENGº AGRONOMO; ESTATUTARIO;5601,48;;5601,48;1065,63;4535,85;
JOYCIMARA ALVES DOS SANTOS R AMARAL;DEPTO.DE ADMINIST.E FINANCAS;AUX.S.G-III;AUX SERV GERAIS; ESTATUTARIO;1157,31;;1157,31;127,30;1030,01;
JUSSARA PEDROSA CELESTINO DA COSTA;GABINETE DO SECRETARIO;CHEFE DE GABINETE AD-1;; CARGO COMISSION.S/VINCULO;5229,77;;5229,77;986,40;4243,37;
LAENA CARDOSO FARIAS;PARINTINS;A.TEC-III;; ESTATUTARIO;2364,55;;2364,55;224,26;2140,29;
LEONCIO NEVES ROLIM;ESTACAO DE BALBINA-M.AMAZONAS;AUXILIAR DE SERVICOS GERAIS;; ESTATUTARIO;2396,62;;2396,62;137,84;2258,78;
LETICIA GUIMARAES SOARES;SEC.EXEC.ADJ.PLANEJ.E COORDEN.;TNS-III;; ESTATUTARIO;3857,70;;3857,70;556,11;3301,59;
LINDON JONHSON ALMEIDA DA SILVA;IRANDUBA;OPERADOR GRAFICO;; ESTATUTARIO;2539,81;;2539,81;195,38;2344,43;
LUCIA BRAGA MUNOZ SANCHES;GABINETE DO SECRETARIO;ASSESSOR II AD-2;; CARGO COMISSION.S/VINCULO;4209,79;;4209,79;670,28;3539,51;
LUCILENE DOS SANTOS NUNES;DEPTO.DE ADMINIST.E FINANCAS;PROFESSOR PF20.ESP-III;GERENTE AD-2; ESTATUTARIO;8560,20;;8560,20;1812,33;6747,87;
LUIZ RAMON CARVALHO DE SOUZA;DEPTO.DE ADMINIST.E FINANCAS;ASSESSOR II AD-2;; CARGO COMISSION.S/VINCULO;4209,79;;4209,79;670,28;3539,51;
MANOEL MOURAO NETO;DEPTO.DE ADMINIST.E FINANCAS;CHEFE DE DEPARTAMENTO AD-1;; CARGO COMISSION.S/VINCULO;5229,77;;5229,77;986,40;4243,37;
MANOEL SOARES;GABINETE DO SECRETARIO;ASSESSOR III AD-3;ASSESSOR III AD-3; CARGO COMISSION.S/VINCULO;3191,80;;3191,80;407,12;2784,68;
MARCELO ARRUDA DA SILVA;DEPTO.DE ADMINIST.E FINANCAS;ASSESSOR III AD-3;; CARGO COMISSION.S/VINCULO;2195,80;;2195,80;197,62;1998,18;
MARCELO MONTENEGRO DA SILVA;ASSESSORIA JURIDICA;ASSESSOR II AD-2;; CARGO COMISSION.S/VINCULO;4209,79;;4209,79;670,28;3539,51;
MARCELO VIEIRA DA GAMA;CAREIRO DA VARZEA;MED.V-III;; ESTATUTARIO;4979,17;;4979,17;840,46;4138,71;
MARCEU MACEDO DA COSTA E SILVA;COM.EXEC.PERM.DEF.SAN.ANIM.VEG;A.TEC-III;ASSISTENTE TECNOCO; ESTATUTARIO;1864,55;;1864,55;205,10;1659,45;
MARCIO ANDRE NUNES DE SOUZA;DEPTO.DE ADMINIST.E FINANCAS;ASSESSOR III AD-3;; CARGO COMISSION.S/VINCULO;3191,80;;3191,80;422,40;2769,40;
MARCIO PINHEIRO SILVA;SEC.EXEC.ADJ.PESCA AQUICULTURA;ENG-III;ENGENHEIRO III CLASS; ESTATUTARIO;4179,17;;4179,17;662,83;3516,34;
MARCONE CHAVES DE MELO;RIO PRETO DA EVA;AUX.AGR-III;; ESTATUTARIO;1721,60;;1721,60;134,38;1587,22;
MARCUS JULIANO REIS BATISTA;GER.DE INFRA-EST.E ENG.RURAL;CAD-III;CADISTA; ESTATUTARIO;1864,55;;1864,55;205,10;1659,45;
MARIA AUXILIADORA NUNES HERCULANO;DEPTO.AGROIND.ENG.APOIO PROD.;A.TEC-III;SECRET DO PRESIDENTE; ESTATUTARIO;3595,03;;3595,03;360,42;3234,61;
MARIA DAS DORES FERREIRA DA SILVA;SEC.EXEC.ADJ.DE ADM.E FINANCAS;AUX.S.G-III;AUX.DE SERV.GERAIS; ESTATUTARIO;1157,31;;1157,31;127,30;1030,01;
MARIA ROSIMAR DE SOUZA ARAUJO;DEPTO.DE ADMINIST.E FINANCAS;ASSISTENTE TECNICO;; ESTATUTARIO;4371,64;;4371,64;482,88;3888,76;
MARINEIDA COSTA PINTO;DEPTO.DE ADMINIST.E FINANCAS;AUX.S.G-III;AUX.SERV.GERAIS; ESTATUTARIO;1157,31;;1157,31;127,30;1030,01;
MARLEY MARIA DE CASTRO PERDIGAO;DEPTO.DE ADMINIST.E FINANCAS;ASSESSOR III AD-3;; CARGO COMISSION.S/VINCULO;3191,80;;3191,80;422,40;2769,40;
NAZARIO TEIXEIRA DE FREITAS;DEPTO.APOIO A ORG.COMUNITARIA;MOT-III;MOTORISTA CT. D; ESTATUTARIO;1157,31;;1157,31;127,30;1030,01;
NERI DO SOCORRO DA SILVA PACHECO;SEC.EXEC.ADJ.PLANEJ.E COORDEN.;TNS-III;; ESTATUTARIO;4091,50;;4091,50;394,05;3697,45;
NILTON ARAUJO DA SILVA;GABINETE DO SECRETARIO;A.TEC-III;; ESTATUTARIO;1799,97;;1799,97;205,10;1594,87;
NISLENE MOLINA GUERREIRO E PAULA;GERENCIA DE ESTRADAS VICINAIS;ASSESSOR I AD-1;ASSESSOR I; CARGO COMISSION.S/VINCULO;5229,77;;5229,77;986,40;4243,37;
OMAR MAMED FILHO;SEC.EXEC.ADJ.DE ADM.E FINANCAS;ASSESSOR II AD-2;; CARGO COMISSION.S/VINCULO;3209,79;;3209,79;426,78;2783,01;
ORNEY ALENCAR DE OLIVEIRA;COM.EXEC.PERM.DEF.SAN.ANIM.VEG;A.TEC-III;; ESTATUTARIO;3603,77;;3603,77;362,56;3241,21;
PATRICIA DA SILVA BATISTA;DEPTO.DE ADMINIST.E FINANCAS;TECNICO EM CONTABILIDADE;; ESTATUTARIO;4938,37;;4938,37;562,86;4375,51;
PLACIDO FERREIRA LIMA;PESSOAL PROC.DE APOSENTADORIA;ENG.O-III;; ESTATUTARIO;7513,39;;7513,39;1704,48;5808,91;
RAFAELLE DA CRUZ CARVALHO CALADO;DEPTO.DE PESCA E AQUICULTURA;GERENTE AD-2;; CARGO COMISSION.S/VINCULO;3209,79;;3209,79;426,78;2783,01;
RAIMUNDO ALVARO MACEDO JUNIOR;GERENCIA DE AGROINDUSTRIA;ENG-III;; ESTATUTARIO;4179,17;;4179,17;662,83;3516,34;
RAIMUNDO SAMPAIO DA COSTA;GABINETE DO SECRETARIO;ASSESSOR II AD-2;; CARGO COMISSION.S/VINCULO;4209,79;;4209,79;670,28;3539,51;
RENATA LEIKO ISHIDA;GABINETE DO SECRETARIO;MED.V-III;MEDICO VETERINARIO; ESTATUTARIO;4179,17;;4179,17;634,39;3544,78;
ROBERTO DA COSTA SANTOS;ASSESSORIA JURIDICA;ASSESSOR II AD-2;; CARGO COMISSION.S/VINCULO;4209,79;;4209,79;670,28;3539,51;
ROBERTO EUGENIO GALL;GABINETE DO SECRETARIO;ASSESSOR I AD-1;; CARGO COMISSION.S/VINCULO;5229,77;;5229,77;986,40;4243,37;
ROBERVAL TEIXEIRA LOPES;GABINETE DO SECRETARIO;PEDAGOGO PD20.ESP-III;SUP.REGIONAL AD-1; ESTATUTARIO;1942,98;;1942,98;213,73;1729,25;
ROMULO OLIVEIRA DA COSTA E SILVA;GABINETE DO SECRETARIO;ASSESSOR I AD-1;ASSESSOR I AD-1; CARGO COMISSION.S/VINCULO;5229,77;;5229,77;986,40;4243,37;
ROSANA DA SILVA AMARAL;ASSESSORIA TECNICA;ASSESSOR IV AD-4;; CARGO COMISSION.S/VINCULO;2906,15;;2906,15;370,86;2535,29;
ROSEMAR GONCALVES FEITOSA;DEPTO.DE ADMINIST.E FINANCAS;PROFESSOR PF20.ADC-VI;ASSESSOR II AD-2; ESTATUTARIO;5488,43;;5488,43;758,66;4729,77;
ROSEMAR GONCALVES FEITOSA;DEPTO.DE ADMINIST.E FINANCAS;PROFESSOR PF20.ADC-VI;; ESTATUTARIO;1502,75;;1502,75;165,30;1337,45;
SAMUEL FARIAS SOLEDADE;ESTACAO DE BALBINA-M.AMAZONAS;ASSISTENTE TECNICO;; ESTATUTARIO;2955,04;;2955,04;286,41;2668,63;
SEBASTIAO BATALHA PINTO DE SOUZA;PARINTINS;ENG-III;ENGENHEIRO III CLASS; ESTATUTARIO;5364,94;;5364,94;917,91;4447,03;
SEBASTIAO DA SILVA COSTA SOBRINHO;COM.EXEC.PERM.DEF.SAN.ANIM.VEG;MOT-III;; ESTATUTARIO;2209,64;;2209,64;155,20;2054,44;
SELMO ANDRADE DA COSTA;MANAQUIRI;ENG-III;ENGENHEIRO III CLASS; ESTATUTARIO;5300,65;;5300,65;947,24;4353,41;
SEVERINO GOMES DA SILVA;GERENCIA DE ESTRADAS VICINAIS;A.TEC-III;; ESTATUTARIO;3831,17;;3831,17;398,30;3432,87;
SHERON TORRES DE MACEDO;GABINETE DO SECRETARIO;ENG-III;ENGENHEIRO FLORESTAL; ESTATUTARIO;4564,94;;4564,94;780,14;3784,80;
ULISSES EMILIANO SA FERREIRA;DEPTO.DE ADMINIST.E FINANCAS;TECNICO EM AGROPECUARIA;; ESTATUTARIO;3749,88;;3749,88;244,98;3504,90;
VALERIA LIMA GUIMARAES;SUPERVISAO REGIONAL;SUPERVISOR REGIONAL AD-1;; CARGO COMISSION.S/VINCULO;5229,77;;5229,77;986,40;4243,37;
VASCO BENTO DOS SANTOS RIBEIRO;DEPTO.DE PESCA E AQUICULTURA;EXTENSIONISTA RURAL MEDIO;GERENTE AD-2; ESTATUTARIO;4803,91;;4803,91;611,94;4191,97;
VERONICA TAVARES DA SILVA;COM.EX.PERM.DEF.S.ANIM.CODESAV;AUX.AGR-III;; ESTATUTARIO;1221,60;;1221,60;134,38;1087,22;
WALDELIA MARA LEAL GARCIA;DEPTO.DE PLANEJ.E PROJETOS;ENG-III;; ESTATUTARIO;9601,48;;9601,48;2448,50;7152,98;
WALDIR GONCALVES BARROS;DEPTO.DE PESCA E AQUICULTURA;GERENTE AD-2;GERENTE AD-2; CARGO COMISSION.S/VINCULO;4209,79;;4209,79;670,28;3539,51;
WENCESLAU ABTIBOL FILHO;DEPTO.DE ADMINIST.E FINANCAS;GERENTE AD-2;; CARGO COMISSION.S/VINCULO;4209,79;;4209,79;670,28;3539,51;
WILLACE LIMA DE SOUZA;DEPTO.AGROIND.ENG.APOIO PROD.;ENG-III;ENGENHEIRO CIVIL; ESTATUTARIO;5280,00;;5280,00;959,33;4320,67;
WILMAR FERREIRA DE CARVALHO;GER.DE INFRA-EST.E ENG.RURAL;TPG-III;TOPOGRAFO; ESTATUTARIO;1928,85;;1928,85;212,17;1716,68;
WILMARA CRUZ MESSA;GABINETE DO SECRETARIO;PROFESSOR PF20.LPL-IV;GERENTE - AD-2; ESTATUTARIO;1804,89;;1804,89;198,54;1606,35;
