NOME;LOTACAO;CARGO;FUNCAO;VINCULO;REMUNERACAO LEGAL TOTAL(R$);DESC.TETO(R$); REMUNERACAO LEGAL DEVIDA(R$);DESCONTOS LEGAIS(R$);LIQUIDO DISPONIVEL(R$);
ACRISIO CRAVEIRO DE SOUZA;POSTO DE ARREC.DETRAN-PADET;ASSIST.ADM.DA FAZENDA EST.1A.CL.V;; ESTATUTARIO;13557,16;;13557,16;3676,48;9880,68;
ADALBERTO PEREIRA BARBOSA;GER.DE PLAN.ACOMP.ESTRAT.-GPAE;AUDITOR FISCAL DE TRIB.EST.3A.CL.I;GERENTE, AD-2; ESTATUTARIO;36655,18;6184,07;30471,11;9940,26;20530,85;
ADAMOR RUIS DA COSTA;GER.DE ARREC.UNID.DESC.-GARD;TEC.DE ARREC.DE TRIB.EST.1A.CL.V;; ESTATUTARIO;34814,85;4343,74;30471,11;9679,58;20791,53;
ADAO SERGIO REIS SILVEIRA;GER.DE ORCAM.E FINANCAS-GORF;ASSIST.ADM.DA FAZENDA EST.4A.CL.IV;GERENTE, AD-2; ESTATUTARIO;11549,09;;11549,09;2706,03;8843,06;
ADELAIDE ALMEIDA BORGES;GER.DE INSPETOR.SETORIAL-GINS;TEC.DA FAZENDA ESTADUAL 1A.CL.I;ASSESSOR III, AD-3; ESTATUTARIO;26955,12;;26955,12;8400,82;18554,30;
ADENAUER QUEIROZ SILVEIRA;DEPTO.DE FISCALIZACAO-DEFIS;TEC.DA FAZENDA ESTADUAL 1A.CL.I;; ESTATUTARIO;25259,92;;25259,92;8091,60;17168,32;
ADERSON SILVA E COSTA;GER.DE NORM.PROC.CONTAB.-GNPC;TEC.DA FAZENDA ESTADUAL 1A.CL.V;; ESTATUTARIO;27972,45;;27972,45;8949,59;19022,86;
ADMIR GOMES DE MORAES;GERENCIA DE CADASTRO-GCAD;TEC.DA FAZENDA ESTADUAL 3A.CL.I;; ESTATUTARIO;17573,73;;17573,73;5364,92;12208,81;
ADOLFO TSUYAMA ESCOTE;SUBGER.ANAL.DADOS FISC.-SADF;ASSIST.ADM.DA FAZENDA EST.3A.CL.I;ASSESSOR II, AD-2; ESTATUTARIO;9421,33;;9421,33;2233,61;7187,72;
ADRIANA FARIAS MARINHO;SUBGER.DE ASSIST.SERV.-SASS;GERENTE AD-2;; CARGO COMISSION.S/VINCULO;3000,00;;3000,00;387,45;2612,55;
ADRIANA SOARES MOURAO;GER.DESEMB.DE DOC.NACION-GDDN;TEC.DA FAZENDA ESTADUAL 3A.CL.I;; ESTATUTARIO;17573,73;;17573,73;5260,65;12313,08;
ADRIANA VILACA DE ASSUNCAO PINHEIRO;GER.DO SIST.DE REG.PRECOS-GSRP;TEC.DA FAZENDA ESTADUAL 3A.CL.I;; ESTATUTARIO;17501,11;;17501,11;5234,88;12266,23;
ADRIANE SIMOES ASSAYAG RIBEIRO;CONS.DE REC.FISCAIS-CRF;PROCURADOR DO ESTADO 2A CLASSE;; ESTATUTARIO;17437,73;5305,10;12132,63;2467,11;9665,52;
ADRIANO VIDAL ROMERO RIBEIRO;GER.DE FISC.DE CONTRIB.-GFIS;AUDITOR FISCAL DE TRIB.EST.3A.CL.I;; ESTATUTARIO;35205,20;3184,07;32021,13;9029,43;22991,70;
AFONSO LOBO MORAES;SECRETARIA EXEC.DA RECEITA-SER;AUDITOR FISCAL DE TRIB.EST.1A.CL.I;; ESTATUTARIO;48827,02;18355,91;30471,11;9731,72;20739,39;
AGENOR RIBEIRO MACHADO JUNIOR;AG.DA FAZENDA PARINTINS-APAR;ASSIST.ADM.DA FAZENDA EST.3A.CL.I;; ESTATUTARIO;8281,35;;8281,35;1920,12;6361,23;
AIMEE MARIA CAMPOS DE ALMEIDA;DEPTO.CONTR.ENTR.MERCAD.-DECEM;AUDITOR FISCAL DE TRIB.EST.1A.CL.I;; ESTATUTARIO;52192,44;18369,51;33822,93;10757,74;23065,19;
AIRTES LIMA BARBOSA DIB;GERENCIA DE PAGAMENTO - GPAG;ASSIST.ADM.DA FAZENDA EST.1A.CL.I;; ESTATUTARIO;15572,90;;15572,90;4065,10;11507,80;
ALAILA MOURA FABER;GER.DE FISC.DE CONTRIB.-GFIS;ASSIST.ADM.DA FAZENDA EST.3A.CL.I;; ESTATUTARIO;6421,33;;6421,33;1356,47;5064,86;
ALAN CESAR MONTEIRO CORREA;CENTRO DE EST.ECON.TRIB.-CEET;AUDITOR FISCAL DE TRIB.EST.3A.CL.I;; ESTATUTARIO;33655,18;3184,07;30471,11;9252,76;21218,35;
ALANA BARBOSA VALERIO TOMAZ;GER.DE ANAL.DESEMP.SETOR.-GANS;TEC.DE ARREC.DE TRIB.EST.3A.CL.I;GERENTE, AD-2; ESTATUTARIO;24929,28;;24929,28;7682,91;17246,37;
ALBA DO SOCORRO VINENTE DE ALMEIDA;GABINETE-GSEFAZ;CHEFE DE GABINETE AD-1;; CARGO COMISSION.S/VINCULO;4333,33;;4333,33;708,28;3625,05;
ALBERT CESAR VIANA MONTEIRO;GER.DO SIST.DE REG.PRECOS-GSRP;ASSIST.ADM.DA FAZENDA EST.3A.CL.I;; ESTATUTARIO;6421,33;;6421,33;1356,47;5064,86;
ALCILENE SOUZA DE ALMEIDA;GER.DE FISC.DE CONTRIB.-GFIS;AUDITOR FISCAL DE TRIB.EST.3A.CL.I;; ESTATUTARIO;47328,23;11955,28;35372,95;10862,02;24510,93;
ALCIMAR DE SOUZA MARTINS;GERENCIA DE PRODUCAO-GPRO;ASSESSOR I AD-1;; CARGO COMISSION.S/VINCULO;5000,00;;5000,00;505,64;4494,36;
ALESSANDRA DIAS DE A FERNANDES;CENTRO DE EST.ECON.TRIB.-CEET;ASSESSOR II AD-2;; CARGO COMISSION.S/VINCULO;3000,00;;3000,00;373,23;2626,77;
ALESSANDRA MARIA DA COSTA FERREIRA;GER.NORMAL.DE CONTRATOS-GNOC;TEC.DA FAZENDA ESTADUAL 3A.CL.I;; ESTATUTARIO;17573,73;;17573,73;5364,92;12208,81;
ALESSANDRA ROBERTA DE SOUSA GOMES;COORD.COMP.CONTR.GOVERN.-CCGOV;TEC.DA FAZENDA ESTADUAL 3A.CL.I;; ESTATUTARIO;17573,73;;17573,73;5364,92;12208,81;
ALESSANDRO MOREIRA SILVA;COORD.COMP.CONTR.GOVERN.-CCGOV;ANALISTA DO TESOURO EST.3A.CL.I;; ESTATUTARIO;26951,35;;26951,35;8587,36;18363,99;
ALESSANDRO RIBEIRO;GER.DA DIVIDA PUBLICA-GDPB;ANALISTA DO TESOURO EST.3A.CL.I;CHEFE DE DEPTO, AD-1; ESTATUTARIO;31951,35;1480,24;30471,11;9607,43;20863,68;
ALESSANDRO VICENTE DE O FERRO;DEPARTAMENTO DE ADMINIST-DEPAD;ASSIST.ADM.DA FAZENDA EST.3A.CL.I;SUBGERENTE, AD-3; ESTATUTARIO;7760,33;;7760,33;1724,70;6035,63;
ALEX DEL GIGLIO;GABINETE-GSEFAZ;TEC.DE ARREC.DE TRIB.EST.3A.CL.I;; ESTATUTARIO;21929,28;;21929,28;6753,64;15175,64;
ALEXANDER DOS SANTOS NOEL;AG.DA FAZENDA EM EIRUNEPE-AEIR;ASSIST.ADM.DA FAZENDA EST.3A.CL.I;; ESTATUTARIO;9366,37;;9366,37;2218,50;7147,87;
ALEXANDRE AUGUSTO GUEDES GUIMARAES;GER.DE NEGOCIOS E DESENV.-GEND;ANALISTA TEC.INF.FAZ.EST.3A.CL.I;SUBGERENTE, AD-3; ESTATUTARIO;28290,35;;28290,35;9007,72;19282,63;
ALEXANDRE RIBEIRO FLEXA;POSTO FISCAL PARINTINS-PIMN II;AUDITOR FISCAL DE TRIB.EST.1A.CL.I;SUBGERENTE, AD-3; ESTATUTARIO;57676,82;27205,71;30471,11;9940,26;20530,85;
ALEXANDRE SIQUEIRA DE MEDEIROS;COORD.COMP.CONTR.GOVERN.-CCGOV;ANALISTA TEC.INF.FAZ.EST.3A.CL.I;COORD. DA CCGOV; ESTATUTARIO;35951,35;5480,24;30471,11;9607,43;20863,68;
ALEXANDRO MONTEIRO MARINHO;GERENCIA DE CADASTRO-GCAD;ASSIST.ADM.DA FAZENDA EST.3A.CL.I;; ESTATUTARIO;8561,77;;8561,77;1997,23;6564,54;
ALEXEI CHAVES DE MOURA COSTA;AG.DA FAZENDA EM COARI-ACOA;ASSIST.ADM.DA FAZENDA EST.1A.CL.I;; ESTATUTARIO;12649,56;;12649,56;3365,46;9284,10;
ALFREDO BARROSO DA COSTA L JUNIOR;GER.DE FISC.DE CONTRIB.-GFIS;AUDITOR FISCAL DE TRIB.EST.1A.CL.I;; ESTATUTARIO;50363,44;18342,31;32021,13;9225,90;22795,23;
ALFREDO PAES DOS SANTOS;GABINETE-GSEFAZ;ANALISTA DO TESOURO EST.1A.CL.V;SECRETARIO DE ESTADO; ESTATUTARIO;56699,32;22876,39;33822,93;10653,47;23169,46;
ALICE DE ARAUJO GRANETTO;GER.DE DEBITOS FISCAIS-GDEF;TEC.DE ARREC.DE TRIB.EST.1A.CL.V;GERENTE, AD-2; ESTATUTARIO;37808,05;7336,94;30471,11;9783,85;20687,26;
ALINE ALVES CASTELO BRANCO;SUBGERENCIA DE PATRIMONIO-SPAT;ASSIST.ADM.DA FAZENDA EST.3A.CL.I;; ESTATUTARIO;6421,33;;6421,33;1408,61;5012,72;
ALINE AMARAL DE CASTRO ARANTES;GER.DE DOCUMENTOS FISCAIS-GDFI;TEC.DA FAZENDA ESTADUAL 3A.CL.I;; ESTATUTARIO;17573,73;;17573,73;5364,92;12208,81;
ALINE BARROS FERNANDES PONTES;ASSESSORIA JURIDICA;ANALISTA DO TESOURO EST.3A.CL.I;ASSESSOR II, AD-2; ESTATUTARIO;29951,35;;29951,35;9516,63;20434,72;
ALINE DE SOUZA PEREIRA;GER.ELAB.LEGISL.TRIBUT.-GELT;ASSIST.ADM.DA FAZENDA EST.3A.CL.I;; ESTATUTARIO;6421,33;;6421,33;1408,61;5012,72;
ALINE SANTOS E MOUTA ALMEIDA;GER.DE ANAL.ECON.FISCAL-GAEF;ASSIST.ADM.DA FAZENDA EST.3A.CL.I;GERENTE, AD-2; ESTATUTARIO;9421,33;;9421,33;2233,61;7187,72;
ALISIO CLAUDIO BARBOSA RIBEIRO;CONS.DE REC.FISCAIS-CRF;AUDITOR FISCAL DE TRIB.EST.1A.CL.I;; ESTATUTARIO;69745,49;39274,38;30471,11;9835,99;20635,12;
ALMERON CAMINHA NETO;GER.DE FISC.DE CONTRIB.-GFIS;AUDITOR FISCAL DE TRIB.EST.3A.CL.I;; ESTATUTARIO;35205,20;3184,07;32021,13;9940,26;22080,87;
ALMIR MESQUITA DE VASCONCELOS;GER.DE FISC.DE CONTRIB.-GFIS;AUDITOR FISCAL DE TRIB.EST.1A.CL.I;; ESTATUTARIO;50370,24;18349,11;32021,13;9783,85;22237,28;
AMALIA MARIA DOS REIS PESSOA;GER.DESEMB.DOC.DE IMPORT.-GDDI;AUDITOR FISCAL DE TRIB.EST.3A.CL.I;; ESTATUTARIO;33655,18;3184,07;30471,11;9940,26;20530,85;
AMERICO AUGUSTO DO SOUTO R ESTEVES;CONS.DE REC.FISCAIS-CRF;CONSELHEIRO;; CONSELHO;17437,73;;17437,73;3926,02;13511,71;
AMIM BANDEIRA ISMAEL;GER.DESEMB.DE DOC.NACION-GDDN;TEC.DA FAZENDA ESTADUAL 1A.CL.I;; ESTATUTARIO;25259,92;;25259,92;7987,32;17272,60;
ANA EMILIA SOARES SILVESTRE;CENTRAL ATEND.AO CONTRIB.-CAC;TEC.DE ARREC.DE TRIB.EST.1A.CL.V;; ESTATUTARIO;34801,25;4330,14;30471,11;9783,85;20687,26;
ANA GLAUCIA DE ARAUJO MARTINS;AUDITORIA TRIBUTARIA-AT;AUDITOR FISCAL DE TRIB.EST.1A.CL.I;CHEFE DE DEPTO, AD-1; ESTATUTARIO;64320,42;33849,31;30471,11;9835,99;20635,12;
ANA ISABEL DA SILVA AUGUSTO;GER.DE FISC.DE CONTRIB.-GFIS;AUDITOR FISCAL DE TRIB.EST.3A.CL.I;; ESTATUTARIO;35205,20;3184,07;32021,13;9940,26;22080,87;
ANA LUCIA ALEIXO MAQUINE;GER.DE REGIMES ESPECIAIS-GERE;TEC.DA FAZENDA ESTADUAL 1A.CL.I;GERENTE, AD-2; ESTATUTARIO;28253,12;;28253,12;8809,91;19443,21;
ANA MARIA DE LIMA FERRER;DEPTO.DIRET.ELAB.ORCAM.-DDEOR;CHEFE DE DEPARTAMENTO AD-1;CH.DEP.AD-1; CARGO COMISSION.S/VINCULO;5000,00;;5000,00;915,12;4084,88;
ANA MARIA FERREIRA DO NASCIMENTO;SECRETARIA EXEC.DA RECEITA-SER;ASSIST.ADM.DA FAZENDA EST.1A.CL.I;ASSESSOR II, AD-2; ESTATUTARIO;14976,39;;14976,39;4005,34;10971,05;
ANA PAULA BARBOSA CEREJA;GER.DE INSPETOR.SETORIAL-GINS;TEC.DA FAZENDA ESTADUAL 1A.CL.I;ASSESSOR III, AD-3; ESTATUTARIO;26955,12;;26955,12;8400,82;18554,30;
ANA PAULA DUARTE CADAIS;SECRETARIA EXEC.DA RECEITA-SER;ASSESSOR II AD-2;; CARGO COMISSION.S/VINCULO;3000,00;;3000,00;387,45;2612,55;
ANDERSON CLAYTON BARRETO RODRIGUES;GER.DE NEGOCIOS E DESENV.-GEND;ANALISTA TEC.INF.FAZ.EST.3A.CL.I;GERENTE, AD-2; ESTATUTARIO;29951,35;;29951,35;9360,22;20591,13;
ANDREA DE FATIMA S CAVALCANTI;GER.DE PADRON.DE MATER.-GPMA;ANALISTA DO TESOURO EST.3A.CL.I;ASSESSOR II AD-2; ESTATUTARIO;29951,35;;29951,35;9412,36;20538,99;
ANDREA DE OLIVEIRA GONCALVES;GER.DE REANALISE DE TRIB.-GERT;TEC.DA FAZENDA ESTADUAL 3A.CL.I;; ESTATUTARIO;17573,73;;17573,73;5312,78;12260,95;
ANDREA DE OLIVEIRA PEREIRA;GER.DE REANALISE DE TRIB.-GERT;TEC.DA FAZENDA ESTADUAL 3A.CL.I;; ESTATUTARIO;17573,73;;17573,73;5312,78;12260,95;
ANDREA EUNICE PAULAIN C PEREIRA;DEPTO.ANAL.REV.AC.FISC.-DEARF;AUDITOR FISCAL DE TRIB.EST.3A.CL.I;; ESTATUTARIO;33655,18;3184,07;30471,11;9783,85;20687,26;
ANDRESSA DOS SANTOS CARNEIRO;GER.ELAB.LEGISL.TRIBUT.-GELT;AUDITOR FISCAL DE TRIB.EST.3A.CL.I;; ESTATUTARIO;33655,18;3184,07;30471,11;9940,26;20530,85;
ANIBAL SERVULO DA ROCHA NORMANDO;DEPTO.DESEN.GEST.PESSOAS-DDGEP;ANALISTA DO TESOURO EST.1A.CL.I;; ESTATUTARIO;42114,32;8291,39;33822,93;10653,47;23169,46;
ANNY KAROLLINY SARAIVA COELHO;GER.CALC.E AJUST.CTA.CORR-GCLA;TEC.DE ARREC.DE TRIB.EST.3A.CL.I;GERENTE, AD-2; ESTATUTARIO;24929,28;;24929,28;7682,91;17246,37;
ANTONIA RODRIGUES DA SILVA;SUBGER.DE PROTOCOLO-SPRO;ASSIST.ADM.DA FAZENDA EST.1A.CL.V;; ESTATUTARIO;13542,07;;13542,07;3566,98;9975,09;
ANTONIO ALBANO PROTASIO BASTOS;DEPTO.DE FISCALIZACAO-DEFIS;SUBGERENTE AD-3;; CARGO COMISSION.S/VINCULO;1339,00;;1339,00;107,12;1231,88;
ANTONIO ANISIO DE ARAUJO NETO;AUDITORIA TRIBUTARIA-AT;AUDITOR FISCAL DE TRIB.EST.2A.CL.I;; ESTATUTARIO;60918,14;30447,03;30471,11;9783,85;20687,26;
ANTONIO CARLOS PIRES M JUNIOR;GERENCIA DE CADASTRO-GCAD;ASSIST.ADM.DA FAZENDA EST.3A.CL.I;; ESTATUTARIO;6421,33;;6421,33;1408,61;5012,72;
ANTONIO FIGUEIREDO DO NASCIMENTO;GER.DE ENCARGOS GERAIS-GENC;ASSIST.ADM.DA FAZENDA EST.1A.CL.V;; ESTATUTARIO;13557,16;;13557,16;3676,48;9880,68;
ANTONIO GILSON NOGUEIRA DE SOUZA;DEPTO.DE ARRECADACAO-DEARC;TEC.DE ARREC.DE TRIB.EST.1A.CL.V;; ESTATUTARIO;34814,85;8170,16;26644,69;8731,59;17913,10;
ANTONIO MASSILON DE M CURSINO;AG.DA FAZENDA PARINTINS-APAR;TEC.DA FAZENDA ESTADUAL 1A.CL.I;CHEFE AG. DA FAZENDA; ESTATUTARIO;26955,12;;26955,12;8400,82;18554,30;
ANTONIO PAULO ARAUJO;GER.CALC.E AJUST.CTA.CORR-GCLA;TEC.DA FAZENDA ESTADUAL 3A.CL.I;; ESTATUTARIO;17573,73;;17573,73;5364,92;12208,81;
ANTONIO RIPES DE VASCONCELOS;GER.DE FISC.DE CONTRIB.-GFIS;TEC.DA FAZENDA ESTADUAL 1A.CL.V;; ESTATUTARIO;31072,06;;31072,06;9855,75;21216,31;
ANTONIO RODRIGUES AFONSO;COORD.COMP.CONTR.GOVERN.-CCGOV;ANALISTA DO TESOURO EST.1A.CL.V;; ESTATUTARIO;41256,13;10785,02;30471,11;9731,72;20739,39;
ARLETE RIBEIRO BASTOS;GER.DO SIST.DE REG.PRECOS-GSRP;ANALISTA DO TESOURO EST.1A.CL.V;; ESTATUTARIO;41256,13;10785,02;30471,11;9888,13;20582,98;
ARMANDO BARBOSA GUIMARAES JUNIOR;GABINETE-GSEFAZ;ASSESSOR I AD-1;; CARGO COMISSION.S/VINCULO;5000,00;;5000,00;915,12;4084,88;
ARTUR DA SILVA RAMOS;COORD.COMP.CONTR.GOVERN.-CCGOV;ASSESSOR II AD-2;; CARGO COMISSION.S/VINCULO;3000,00;;3000,00;387,45;2612,55;
ARY MARQUES DE AZEVEDO ROSAS;SUBGER.DE LIQUI.DA DESPES-SGLD;ASSIST.ADM.DA FAZENDA EST.1A.CL.I;; ESTATUTARIO;11976,39;;11976,39;3180,34;8796,05;
AUDREY CRISTINY SIMOES ASSAYAG;AUDITORIA TRIBUTARIA-AT;AUDITOR FISCAL DE TRIB.EST.3A.CL.I;; ESTATUTARIO;49155,38;18684,27;30471,11;9940,26;20530,85;
AUGUSTO BERNARDO SAMPAIO CECILIO;GER.DE FISC.DE CONTRIB.-GFIS;AUDITOR FISCAL DE TRIB.EST.1A.CL.I;; ESTATUTARIO;50363,44;18342,31;32021,13;9888,13;22133,00;
AUGUSTO NOBORU TOYODA;SECRETARIA EXEC.DA RECEITA-SER;AUDITOR FISCAL DE TRIB.EST.4A.CL.I;; ESTATUTARIO;24936,32;;24936,32;7976,80;16959,52;
AUGUSTO PAES BARRETO NETO;AUDITORIA TRIBUTARIA-AT;AUDITOR FISCAL DE TRIB.EST.1A.CL.I;; ESTATUTARIO;64313,62;33842,51;30471,11;9940,26;20530,85;
AUREO PEREIRA DE MELO;GER.DE FISC.DE CONTRIB.-GFIS;AUDITOR FISCAL DE TRIB.EST.1A.CL.I;; ESTATUTARIO;53806,23;18433,28;35372,95;9009,73;26363,22;
AZEMAR CONTREIRAS MACIEL;SUBGER.DE ARQUIVO-SARQ;TEC.DA FAZENDA ESTADUAL 1A.CL.I;SUBGERENTE, AD-3; ESTATUTARIO;29377,51;;29377,51;8963,25;20414,26;
BIANCA FALCAO DE AZEDO;GER.DESEMP.DESENV.PESSOAS-GDDP;ASSIST.ADM.DA FAZENDA EST.3A.CL.I;GERENTE, AD-2; ESTATUTARIO;9421,33;;9421,33;2233,61;7187,72;
BRUNO CUNHA PAIXAO;GER.DE PADRON.DE MATER.-GPMA;ASSIST.ADM.DA FAZENDA EST.3A.CL.I;; ESTATUTARIO;6421,33;;6421,33;1304,34;5116,99;
BRUNO DA SILVA DE SANTANA;GER.DE BANCO DE PRECOS-GBAN;ASSIST.ADM.DA FAZENDA EST.3A.CL.I;GERENTE, AD-2; ESTATUTARIO;9421,33;;9421,33;2181,47;7239,86;
BRUNO ROCHA SECIOSO DE SA;SUBGER.FISC.VOL.DE MERC.-SGVM;AUDITOR FISCAL DE TRIB.EST.3A.CL.I;; ESTATUTARIO;35205,20;3184,07;32021,13;9940,26;22080,87;
CAMILLA MARIA EDWIGES M E S SOARES;GABINETE-GSEFAZ;TEC.DA FAZENDA ESTADUAL 3A.CL.I;SECRET. EXECUTIVA; ESTATUTARIO;28244,40;;28244,40;8247,22;19997,18;
CARLOS ALBERTO DE MORAES R FILHO;CONS.DE REC.FISCAIS-CRF;MEMBRO DO CONS.DE RECURSOS FISCAIS;; CONSELHO;17437,73;5305,10;12132,63;2467,11;9665,52;
CARLOS ALBERTO DOS SANTOS DE SOUZA;GER.DE BANCO DE PRECOS-GBAN;TEC.DE ARREC.DE TRIB.EST.1A.CL.V;; ESTATUTARIO;34814,85;4343,74;30471,11;9783,85;20687,26;
CARLOS ALBERTO PINTO SOARES;GERENCIA DE MAT.E PATRI-GMAP;TEC.DA FAZENDA ESTADUAL 3A.CL.I;GERENTE, AD-2; ESTATUTARIO;20594,13;;20594,13;4598,97;15995,16;
CARLOS AUGUSTO DA SILVA JUNIOR;GEREN.DE REVISAO FISCAL-GERF;ASSIST.ADM.DA FAZENDA EST.3A.CL.I;SUBGERENTE, AD-3; ESTATUTARIO;7760,33;;7760,33;1672,56;6087,77;
CARLOS EDUARDO EHL DOURADO;GER.DE CONTABILIDADE - GCON;ANALISTA DO TESOURO EST.3A.CL.I;; ESTATUTARIO;35935,13;;35935,13;11162,17;24772,96;
CARLOS EDUARDO MARINHO NUNES;DEPTO.CONTR.ENTR.MERCAD.-DECEM;AUDITOR FISCAL DE TRIB.EST.2A.CL.I;GERENTE, AD-2; ESTATUTARIO;51846,86;18023,93;33822,93;10653,47;23169,46;
CARLOS LIMA DE SOUZA;AUDITORIA TRIBUTARIA-AT;TEC.DA FAZENDA ESTADUAL 1A.CL.V;; ESTATUTARIO;31103,79;;31103,79;9606,07;21497,72;
CARLOS MARIO EDWARDS DE MEDEIROS;CENTRO DE EST.ECON.TRIB.-CEET;TEC.DA FAZENDA ESTADUAL 3A.CL.I;; ESTATUTARIO;17573,73;;17573,73;5364,92;12208,81;
CARLOS ONOFRE DE BESSA;CONS.DE REC.FISCAIS-CRF;CONSELHEIRO;; CONSELHO;17437,73;;17437,73;4315,00;13122,73;
CARLOS SAMUEL BRANDAO DO NASCIMENTO;GER.VIG.REP.OPE.COM MERC.-GVRM;AUDITOR FISCAL DE TRIB.EST.2A.CL.I;; ESTATUTARIO;50319,78;14946,83;35372,95;10500,07;24872,88;
CARLOS SILVERIO DOS SANTOS;P.FIS.RPF K.204-BR 174-PMMN IV;AUDITOR FISCAL DE TRIB.EST.2A.CL.V;; ESTATUTARIO;53009,06;17636,11;35372,95;7447,71;27925,24;
CARMEM RUTH MEIRELLES MELO;SECRETARIA EXEC.DA RECEITA-SER;TEC.DE ARREC.DE TRIB.EST.1A.CL.V;; ESTATUTARIO;34814,85;4343,74;30471,11;9783,85;20687,26;
CARMEN AUXILIADORA HOYOS ALEXANDRE;AG.DA FAZENDA MANACAPURU-AMPU;ASSIST.ADM.DA FAZENDA EST.1A.CL.I;CHEFE AG. DA FAZENDA; ESTATUTARIO;13307,84;;13307,84;3545,94;9761,90;
CAROLINA MARIA OLIMPIO GALAXE;CONS.DE REC.FISCAIS-CRF;AUDITOR FISCAL DE TRIB.EST.1A.CL.I;; ESTATUTARIO;52192,44;18369,51;33822,93;10705,60;23117,33;
CELESTE MARIA LIMA MATOS;GER.DE PADRONIZ.DE SERV.-GPSE;TEC.DA FAZENDA ESTADUAL 1A.CL.I;; ESTATUTARIO;25253,12;;25253,12;8089,18;17163,94;
CELIA FRANCO CORDEIRO DE MAGALHAES;GER.DE INSPETOR.SETORIAL-GINS;TEC.DA FAZENDA ESTADUAL 1A.CL.V;ASSESSOR III, AD-3; ESTATUTARIO;32805,03;;32805,03;10386,68;22418,35;
CELIO ALBERTO CRUZ DE OLIVEIRA;GER.DISC.CORR.APOIO ADM.-GCOR;TEC.DA FAZENDA ESTADUAL 1A.CL.V;; ESTATUTARIO;27972,45;;27972,45;9001,73;18970,72;
CELSO MAKI SATO;GER.DE INSPETOR.SETORIAL-GINS;ASSIST.ADM.DA FAZENDA EST.3A.CL.I;ASSESSOR III, AD-3; ESTATUTARIO;8123,33;;8123,33;1876,66;6246,67;
CESAR HENRIQUE GOERSCH ANDRADE;DEPTO.DE TECNOL.DA INF.-DETIN;ANALISTA TEC.INF.FAZ.EST.3A.CL.I;GERENTE, AD-2; ESTATUTARIO;29951,35;;29951,35;9360,22;20591,13;
CHRISTIANE TRAVASSOS DOS SANTOS;SECRETAR.EXEC.DE ORCAMENTO-SEO;ASSESSOR TECNICO;ASSESSOR TECNICO; CARGO COMISSION.S/VINCULO;7000,00;;7000,00;1496,76;5503,24;
CINTIA REGINA STOCO;DEPTO.DESEN.GEST.PESSOAS-DDGEP;TEC.DA FAZENDA ESTADUAL 3A.CL.I;CHEFE DE DEPTO, AD-1; ESTATUTARIO;22573,73;;22573,73;6687,78;15885,95;
CIRUS DE CASTRO CAITETE;GER.DE DOCUM.ELETRONICOS-GEDE;AUDITOR FISCAL DE TRIB.EST.1A.CL.I;GERENTE, AD-2; ESTATUTARIO;51806,62;21335,51;30471,11;9835,99;20635,12;
CLARICE RAMOS DE MESQUITA;SUBGER.DE CONTR.ITCMD-SGIT;TEC.DA FAZENDA ESTADUAL 1A.CL.V;; ESTATUTARIO;31049,42;;31049,42;9587,21;21462,21;
CLAUDECI DE BRITO HONORATO;GER.DE FISC.DE CONTRIB.-GFIS;AUDITOR FISCAL DE TRIB.EST.3A.CL.I;; ESTATUTARIO;35205,20;3184,07;32021,13;9783,85;22237,28;
CLAUDETE RAMOS VILELA;GER.DE PADRONIZ.DE SERV.-GPSE;ASSIST.ADM.DA FAZENDA EST.3A.CL.I;GERENTE, AD-2; ESTATUTARIO;9421,33;;9421,33;2233,61;7187,72;
CLEBIA BEZERRA DE ARAUJO;GER.DE PADRON.DE MATER.-GPMA;ASSIST.ADM.DA FAZENDA EST.1A.CL.I;; ESTATUTARIO;10789,54;;10789,54;2906,09;7883,45;
CLEIDE MAIA PASSOS;SEC.EXEC.DE ASSUNTOS ADM.-SEA;ASSESSOR II AD-2;; CARGO COMISSION.S/VINCULO;3000,00;;3000,00;387,45;2612,55;
CLENDSON RUFINO FERREIRA;NUCLEO DE PLAN.E GESTAO-NPG;ASSIST.ADM.DA FAZENDA EST.3A.CL.I;; ESTATUTARIO;6421,33;;6421,33;1408,61;5012,72;
CLEODIMAR MONTEIRO PORTO DE ALMEIDA;GABINETE-GSEFAZ;ASSESSOR II AD-2;; CARGO COMISSION.S/VINCULO;4000,00;318,10;3681,90;571,49;3110,41;
CRISTIANE MARIA NORMANDO TRINDADE;GABINETE-GSEFAZ;ASSIST.ADM.DA FAZENDA EST.3A.CL.I;; ESTATUTARIO;6421,33;;6421,33;1408,61;5012,72;
CRISTIANO ROGER DE MORAES FRUCCO;GER.VIG.REP.OPE.COM MERC.-GVRM;AUDITOR FISCAL DE TRIB.EST.3A.CL.I;; ESTATUTARIO;35205,20;3184,07;32021,13;9940,26;22080,87;
CRISTIANO VIEIRA DE SOUZA;CENTRAL ATEND.AO CONTRIB.-CAC;ASSIST.ADM.DA FAZENDA EST.3A.CL.I;; ESTATUTARIO;6421,33;;6421,33;1408,61;5012,72;
CYRO ALEXANDER DE A MARTINIANO;GER.DE FISC.DE CONTRIB.-GFIS;AUDITOR FISCAL DE TRIB.EST.3A.CL.I;; ESTATUTARIO;35218,80;3197,67;32021,13;8458,64;23562,49;
DALILA MOTA DE BRITO;AUDITORIA TRIBUTARIA-AT;AUDITOR FISCAL TRIB.EST.2A.CL.III;; ESTATUTARIO;65572,92;31749,99;33822,93;10809,88;23013,05;
DANIEL GUARENA;DEPTO.DE FISCALIZACAO-DEFIS;TEC.DA FAZENDA ESTADUAL 3A.CL.I;; ESTATUTARIO;17573,73;;17573,73;5260,65;12313,08;
DANIEL JOSUE DE SOUZA;SECRETARIA EXEC.DA RECEITA-SER;TEC.DE ARREC.DE TRIB.EST.1A.CL.V;CHEFE AG. DA FAZENDA; ESTATUTARIO;39540,59;5717,66;33822,93;10549,19;23273,74;
DANIELA FROTA FIGUEIREDO;GER.DESEMB.DE DOC.NACION-GDDN;ASSESSOR I AD-1;; CARGO COMISSION.S/VINCULO;5000,00;;5000,00;872,46;4127,54;
DANIELA RAMOS TORRES;DEPTO.DE TRIBUTACAO-DETRI;AUDITOR FISCAL DE TRIB.EST.3A.CL.I;; ESTATUTARIO;33655,18;3184,07;30471,11;9940,26;20530,85;
DANIELLE MAIA QUEIROZ BATISTA;SEC.EXEC.DE ASSUNTOS ADM.-SEA;TEC.DA FAZENDA ESTADUAL 3A.CL.I;; ESTATUTARIO;17573,73;;17573,73;5312,78;12260,95;
DARCY SOCORRO MORAES GOMES;GER.DE PLAN.ACOMP.ESTRAT.-GPAE;ASSIST.ADM.DA FAZENDA EST.1A.CL.I;; ESTATUTARIO;12004,48;;12004,48;3033,67;8970,81;
DARIO DUARTE MARQUES;DEPTO.ENCARG.GER.DIV.HAV-DEDIV;TEC.DA FAZENDA ESTADUAL 1A.CL.I;; ESTATUTARIO;33758,60;;33758,60;10433,44;23325,16;
DARIO JOSE BRAGA PAIM;SEC.EXEC.DE ASSUNTOS ADM.-SEA;AUDITOR FISCAL DE TRIB.EST.3A.CL.I;; ESTATUTARIO;33655,18;3184,07;30471,11;9835,99;20635,12;
DAVINO OLIVEIRA LOPES;CONS.DE REC.FISCAIS-CRF;AUDITOR FISCAL DE TRIB.EST.1A.CL.I;; ESTATUTARIO;66257,95;35786,84;30471,11;9731,72;20739,39;
DAYANA ROBERT FALCONE;ASSESSORIA JURIDICA;ASSESSOR II AD-2;; CARGO COMISSION.S/VINCULO;3000,00;;3000,00;387,45;2612,55;
DAYANE BEZERRA DE SOUZA;GER.DE DOCUMENTOS FISCAIS-GDFI;TEC.DA FAZENDA ESTADUAL 3A.CL.I;GERENTE, AD-2; ESTATUTARIO;20573,73;;20573,73;6189,92;14383,81;
DEBORA CRISTIANY PINTO B FARIAS;GER.DESEMB.DOC.DE IMPORT.-GDDI;AUDITOR FISCAL DE TRIB.EST.3A.CL.I;; ESTATUTARIO;33655,18;3184,07;30471,11;9940,26;20530,85;
DEBORA GRACY PINHEIRO GOMES;SECRETAR.EXEC.DE ORCAMENTO-SEO;ASSESSOR TECNICO;ASSESSOR TECNICO; CARGO COMISSION.S/VINCULO;7000,00;;7000,00;1496,76;5503,24;
DELVA PADILHA RODRIGUES;GER.DE FISC.DE CONTRIB.-GFIS;AUDITOR FISCAL DE TRIB.EST.1A.CL.I;; ESTATUTARIO;53735,66;18362,71;35372,95;10809,88;24563,07;
DEMETRIUS LIMA SOARES;ASSESSORIA JURIDICA;TEC.DA FAZENDA ESTADUAL 3A.CL.I;ASSESSOR II, AD-2; ESTATUTARIO;20573,73;;20573,73;6137,78;14435,95;
DENIS MOURA DE OLIVEIRA ROCHA;GER.DE NORM.PROC.CONTAB.-GNPC;ANALISTA DO TESOURO EST.3A.CL.I;ASSESSOR I AD-1; ESTATUTARIO;33951,35;1480,24;32471,11;10157,43;22313,68;
DERCYVONE DA SILVA GOES;AUDITORIA TRIBUTARIA-AT;AUDITOR FISCAL DE TRIB.EST.1A.CL.I;; ESTATUTARIO;67679,04;33856,11;33822,93;10757,74;23065,19;
DEUSA MARIA BRAGA DE LIMA;GER.DE FISC.DE CONTRIB.-GFIS;AUDITOR FISCAL DE TRIB.EST.2A.CL.V;; ESTATUTARIO;49650,44;17629,31;32021,13;9835,99;22185,14;
DHELIO SILVA DA COSTA;GER.DE ANAL.DESEMP.SETOR.-GANS;ASSIST.ADM.DA FAZENDA EST.3A.CL.I;ASSESSOR II, AD-2; ESTATUTARIO;9421,33;;9421,33;2077,20;7344,13;
DIEGO SILVEIRA;GER.DE FISC.DE CONTRIB.-GFIS;AUDITOR FISCAL DE TRIB.EST.3A.CL.I;; ESTATUTARIO;35205,20;3184,07;32021,13;9731,72;22289,41;
DILIZIA MARIA DE OLIVEIRA SANTANA;UNIDADE DE COORD.DE PROJ.-UCP;ASSESSOR II AD-2;; CARGO COMISSION.S/VINCULO;3000,00;;3000,00;387,45;2612,55;
DILMO DOS SANTOS PAULA;AG.DA FAZ.EM BOCA DO ACRE-ABAC;TEC.DE ARREC.DE TRIB.EST.1A.CL.V;; ESTATUTARIO;42558,15;12087,04;30471,11;9296,08;21175,03;
DINARTH AZEVEDO MARIALVA;GER.DE DOCUM.ELETRONICOS-GEDE;TEC.DA FAZENDA ESTADUAL 1A.CL.I;; ESTATUTARIO;25259,92;;25259,92;7935,18;17324,74;
DIOGO SOUZA CORDEIRO;GER.DA DIVIDA PUBLICA-GDPB;ASSIST.ADM.DA FAZENDA EST.3A.CL.I;; ESTATUTARIO;6421,33;;6421,33;1408,61;5012,72;
DIONE RODRIGUES DA ROCHA;GER.DE INSPETOR.SETORIAL-GINS;TEC.DA FAZENDA ESTADUAL 1A.CL.V;ASSESSOR III, AD-3; ESTATUTARIO;32837,30;;32837,30;10241,46;22595,84;
DOMINGOS SAVIO CAMPOS DE SOUZA;GER.VIG.REP.OPE.COM MERC.-GVRM;AUDITOR FISCAL DE TRIB.EST.3A.CL.I;; ESTATUTARIO;35205,20;3184,07;32021,13;9390,26;22630,87;
DOMINGOS TIMOTEO DE JESUS FERREIRA;GER.DE REANALISE DE TRIB.-GERT;TEC.DA FAZENDA ESTADUAL 1A.CL.V;; ESTATUTARIO;27972,45;;27972,45;8845,32;19127,13;
DYANNA KHAREN SIMPLICIO DA S JAMEL;GER.DESEMB.DE DOC.NACION-GDDN;ASSIST.ADM.DA FAZENDA EST.3A.CL.I;; ESTATUTARIO;6421,33;;6421,33;1408,61;5012,72;
EDEGAR MARTEN NEUMANN;SUBGER.DE FISCALIZACAO-SGEF;AUDITOR FISCAL DE TRIB.EST.3A.CL.I;SUBGERENTE, AD-3; ESTATUTARIO;34994,18;4523,07;30471,11;9783,85;20687,26;
EDILBERTO SOUZA DOS SANTOS;COORD.COMP.CONTR.GOVERN.-CCGOV;ASSIST.ADM.DA FAZENDA EST.3A.CL.I;ASSESSOR II, AD-2; ESTATUTARIO;9421,33;;9421,33;2181,47;7239,86;
EDILSON AUGUSTO DE FREITAS;GABINETE-GSEFAZ;ANALISTA DO TESOURO EST.1A.CL.V;; ESTATUTARIO;44607,95;10785,02;33822,93;9553,47;24269,46;
EDINELZA NARANJO BATISTA;GER.DE FISC.DE CONTRIB.-GFIS;AUDITOR FISCAL DE TRIB.EST.1A.CL.I;; ESTATUTARIO;64313,62;33842,51;30471,11;9888,13;20582,98;
EDNEIA PINHEIRO LEAO;GER.DE ANAL.DESEMP.SETOR.-GANS;TEC.DE ARREC.DE TRIB.EST.1A.CL.V;; ESTATUTARIO;34808,05;4336,94;30471,11;9940,26;20530,85;
EDSON CESAR CUNHA DE OLIVEIRA;GER.DE NEGOCIOS E DESENV.-GEND;ANALISTA TEC.INF.FAZ.EST.3A.CL.I;; ESTATUTARIO;26951,35;;26951,35;8587,36;18363,99;
EDSON MELO DE OLIVEIRA;GER.DE BANCO DE PRECOS-GBAN;TEC.DA FAZENDA ESTADUAL 1A.CL.V;; ESTATUTARIO;27979,25;;27979,25;8795,59;19183,66;
EDSON MELO DE SOUSA;GER.DE BANCO DE PRECOS-GBAN;ASSIST.ADM.DA FAZENDA EST.3A.CL.I;; ESTATUTARIO;6421,33;;6421,33;1408,61;5012,72;
EDUARDO AUGUSTO DE SOUSA M MENDES;GER.RECEB.ESTOQ.MATERIAIS-GREM;ANALISTA DO TESOURO EST.1A.CL.V;; ESTATUTARIO;41262,93;10791,82;30471,11;9783,85;20687,26;
EDUARDO REIS DOS SANTOS;DEPTO.DESEN.GEST.PESSOAS-DDGEP;ASSIST.ADM.DA FAZENDA EST.3A.CL.I;; ESTATUTARIO;6421,33;;6421,33;975,93;5445,40;
EGLEY MELO DE SOUZA;GER.DE ARREC.UNID.DESC.-GARD;TEC.DE ARREC.DE TRIB.EST.1A.CL.V;; ESTATUTARIO;34808,05;4336,94;30471,11;9783,85;20687,26;
ELDENIRA MOREIRA BARBOSA DE PINHO;DEPARTAMENTO DE FINANCAS-DEFIN;TEC.DA FAZENDA ESTADUAL 1A.CL.I;; ESTATUTARIO;25259,92;;25259,92;7883,05;17376,87;
ELI SENA DA SILVA LOBO;GER.DE FISC.DE CONTRIB.-GFIS;AUDITOR FISCAL DE TRIB.EST.1A.CL. V;; ESTATUTARIO;59331,24;23958,29;35372,95;10809,88;24563,07;
ELIANE MARIA BARROS CAVALCANTE;GER.VIG.REP.OPE.COM MERC.-GVRM;ASSIST.ADM.DA FAZENDA EST.1A.CL.I;; ESTATUTARIO;11976,39;;11976,39;3232,48;8743,91;
ELIFAS ARAUJO SOARES;UNIDADE DE COORD.DE PROJ.-UCP;ANALISTA DO TESOURO EST.1A.CL.V;; ESTATUTARIO;41256,13;10785,02;30471,11;9783,85;20687,26;
ELIZABETH ALVES CHAVES;DEPTO.GEST.MAT.REG.PREC-DGMAT;ASSIST.ADM.DA FAZENDA EST.3A.CL.I;CHEFE DE DEPTO, AD-1; ESTATUTARIO;11421,33;;11421,33;2783,61;8637,72;
ELIZABETH DE LIMA MELO;GER.DE INSPETOR.SETORIAL-GINS;TEC.DA FAZENDA ESTADUAL 1A.CL.V;ASSESSOR III, AD-3; ESTATUTARIO;29701,75;;29701,75;9375,19;20326,56;
ELLEN PATRICIA NOGUEIRA DA COSTA;SUBGER.DE TREINAMENTO-SBTR;TEC.DA FAZENDA ESTADUAL 3A.CL.I;SUBGERENTE, AD-3; ESTATUTARIO;18912,73;;18912,73;5628,87;13283,86;
ELMA MORAIS BARBOSA DE SOUZA FRANCA;GER.DISC.CORR.APOIO ADM.-GCOR;ANALISTA DO TESOURO EST.1A.CL.V;; ESTATUTARIO;44639,07;10816,14;33822,93;10757,74;23065,19;
ELVYS DA SILVA BENAYON;GER.DISC.CORR.APOIO ADM.-GCOR;ASSIST.ADM.DA FAZENDA EST.3A.CL.I;GERENTE, AD-2; ESTATUTARIO;9421,33;;9421,33;2233,61;7187,72;
ELY SANTOS E SILVA;GER.DE FISC.DE CONTRIB.-GFIS;AUDITOR FISCAL DE TRIB.EST.1A.CL.I;; ESTATUTARIO;50363,44;18342,31;32021,13;7836,40;24184,73;
EMANOEL ROMAO BESERRA;GER.DE FISC.DE CONTRIB.-GFIS;AUDITOR FISCAL DE TRIB.EST.1A.CL.I;; ESTATUTARIO;50356,64;18335,51;32021,13;9783,85;22237,28;
EMERSON OLIVEIRA DE QUEIROS;DEPTO.DE ARRECADACAO-DEARC;TEC.DE ARREC.DE TRIB.EST.3A.CL.I;; ESTATUTARIO;21929,28;;21929,28;6910,05;15019,23;
EMIDIO NIRO KOHASHI;GER.DE FISC.DE CONTRIB.-GFIS;AUDITOR FISCAL DE TRIB.EST.1A.CL.I;; ESTATUTARIO;50363,44;18342,31;32021,13;9783,85;22237,28;
ENEAS CARLOS CAVALCANTE;GER.DE FISC.DE CONTRIB.-GFIS;AUDITOR FISCAL DE TRIB.EST.1A.CL.I;; ESTATUTARIO;50363,44;18342,31;32021,13;9783,85;22237,28;
ENEAS FARIAS ALMEIDA DA F E GOES;DEPARTAMENTO DE FINANCAS-DEFIN;ANALISTA DO TESOURO EST.3A.CL.I;CHEFE DE DEPTO, AD-1; ESTATUTARIO;31951,35;1480,24;30471,11;9659,57;20811,54;
ENEIAS FERREIRA FURTADO;DEPTO.DE ARRECADACAO-DEARC;AUDITOR FISCAL DE TRIB.EST.1A.CL.I;; ESTATUTARIO;48820,22;18349,11;30471,11;7442,63;23028,48;
ENNIO DOS SANTOS BAPTISTA;GER.DE PADRON.DE MATER.-GPMA;TEC.DA FAZENDA ESTADUAL 1A.CL.I;; ESTATUTARIO;25253,12;;25253,12;7932,77;17320,35;
ENOCK LUNIERE ALVES;CONS.DE REC.FISCAIS-CRF;CONSELHEIRO;; CONSELHO;17437,73;;17437,73;3926,02;13511,71;
ENOCK RODRIGUES DE MELO;GEREN.DE REVISAO FISCAL-GERF;AUDITOR FISCAL DE TRIB.EST.2A.CL.V;; ESTATUTARIO;48100,42;17629,31;30471,11;9835,99;20635,12;
ERICO FUTEMMA USHIKOSHI;GER.DE INSPETOR.SETORIAL-GINS;TEC.DA FAZENDA ESTADUAL 3A.CL.I;ASSESSOR III, AD-3; ESTATUTARIO;19275,73;;19275,73;5832,97;13442,76;
ERICO GARCIA ALENCAR;GER.DE NEGOCIOS E DESENV.-GEND;ANALISTA TEC.INF.FAZ.EST.3A.CL.I;; ESTATUTARIO;26951,35;;26951,35;8691,63;18259,72;
ERNESTO GUIMARAES COSTA;GER.DE ARREC.UNID.DESC.-GARD;TEC.DE ARREC.DE TRIB.EST.1A.CL.V;; ESTATUTARIO;38153,07;4330,14;33822,93;10809,88;23013,05;
ETIANE SILVEIRA REIS;SECRETARIA EXEC.DA RECEITA-SER;ASSESSOR II AD-2;; CARGO COMISSION.S/VINCULO;3000,00;;3000,00;387,45;2612,55;
EUCILENE SANTAREM HARA PONTES;GER.VIG.REP.OPE.COM MERC.-GVRM;AUDITOR FISCAL DE TRIB.EST.3A.CL.I;; ESTATUTARIO;43976,41;11955,28;32021,13;9835,99;22185,14;
EUVESIO DOUGLAS OLIVEIRA VALENTE;SUBGER.DE PESSOAL-SPES;TEC.DA FAZENDA ESTADUAL 1A.CL.I;; ESTATUTARIO;25253,12;;25253,12;8089,18;17163,94;
EVA SIMONE TUMA CHA;CONS.DE REC.FISCAIS-CRF;AUDITOR FISCAL DE TRIB.EST.1A.CL.I;; ESTATUTARIO;69616,57;35793,64;33822,93;10757,74;23065,19;
EVANDRO MARINHO DA FONSECA;SECRETARIA EXEC.DA RECEITA-SER;TEC.DA FAZENDA ESTADUAL 3A.CL.I;ASSESSOR II, AD-2; ESTATUTARIO;20573,73;;20573,73;6085,65;14488,08;
EVELYNE DE OLIVEIRA LACERDA;GER.DE BANCO DE PRECOS-GBAN;ASSIST.ADM.DA FAZENDA EST.3A.CL.I;; ESTATUTARIO;6421,33;;6421,33;1304,34;5116,99;
EWERTON CLAUDINO TEIXEIRA;GERENCIA DE CADASTRO-GCAD;ASSIST.ADM.DA FAZENDA EST.3A.CL.I;GERENTE AD-2; ESTATUTARIO;9421,33;;9421,33;2181,47;7239,86;
FABIO BARBOSA PEREIRA;GER.NORMAL.DE CONTRATOS-GNOC;TEC.DA FAZENDA ESTADUAL 3A.CL.I;CHEFE DE DEPTO, AD-1; ESTATUTARIO;22573,73;;22573,73;6687,78;15885,95;
FABIO CASTELO BRANCO AFLALO;GER.DE FISC.DE CONTRIB.-GFIS;AUDITOR FISCAL DE TRIB.EST.3A.CL.I;; ESTATUTARIO;35205,20;3184,07;32021,13;9940,26;22080,87;
FABIO KAZUO DO NASCIMENTO OWADA;DEPARTAMENTO DE ADMINIST-DEPAD;ASSESSOR II AD-2;; CARGO COMISSION.S/VINCULO;3000,00;;3000,00;387,45;2612,55;
FABIO ROCHA SILVA;GER.DO SIST.DE REG.PRECOS-GSRP;ASSIST.ADM.DA FAZENDA EST.3A.CL.I;; ESTATUTARIO;6421,33;;6421,33;1408,61;5012,72;
FABIO SILVEIRA LOUREIRO SANTOS;GER.VIG.REP.OPE.COM MERC.-GVRM;AUDITOR FISCAL DE TRIB.EST.3A.CL.I;; ESTATUTARIO;35205,20;3184,07;32021,13;9940,26;22080,87;
FABRICIO MAFRA DA SILVA;GER.RECEB.ESTOQ.MATERIAIS-GREM;ASSIST.ADM.DA FAZENDA EST.3A.CL.I;GERENTE, AD-2; ESTATUTARIO;9421,33;;9421,33;2233,61;7187,72;
FELIPE CRESPO FERREIRA;GER.DE FISC.DE CONTRIB.-GFIS;AUDITOR FISCAL DE TRIB.EST.3A.CL.I;; ESTATUTARIO;33655,18;3184,07;30471,11;9940,26;20530,85;
FELIPE LEMOS BRANDAO;GER.DE CONTABILIDADE - GCON;ASSIST.ADM.DA FAZENDA EST.3A.CL.I;; ESTATUTARIO;6421,33;;6421,33;1408,61;5012,72;
FERNANDA PAES BARRETO DA R OLIVEIRA;COORD.COMP.CONTR.GOVERN.-CCGOV;ASSESSOR II AD-2;; CARGO COMISSION.S/VINCULO;3000,00;;3000,00;387,45;2612,55;
FERNANDO ALBERTO DE LIMA E S JUNIOR;GER.DE AQUIS.BENS E SERV-GABS;SUB-COORDENADOR;; CARGO COMISSION.S/VINCULO;3000,00;;3000,00;387,45;2612,55;
FERNANDO MACHADO MARINHO;GER.DE FISC.DE CONTRIB.-GFIS;AUDITOR FISCAL DE TRIB.EST.1A.CL.I;; ESTATUTARIO;50363,44;18342,31;32021,13;9888,13;22133,00;
FERNANDO PIMENTA DUTRA;AG.DA FAZENDA EM TEFE-ATEF;TEC.DA FAZENDA ESTADUAL 1A.CL.V;; ESTATUTARIO;27979,25;;27979,25;8004,27;19974,98;
FERNANDO ROSADO FONSECA;GER.DE FISC.DE CONTRIB.-GFIS;AUDITOR FISCAL DE TRIB.EST.3A.CL.I;; ESTATUTARIO;35205,20;3184,07;32021,13;9093,37;22927,76;
FERNANDO SILVA MARQUEZINI;AUDITORIA TRIBUTARIA-AT;AUDITOR FISCAL DE TRIB.EST.3A.CL.I;CHEFE DA AT, AD-1; ESTATUTARIO;38655,18;8184,07;30471,11;9940,26;20530,85;
FLAVIA CAROLINA ESTEVES DE PAIVA;GER.ELAB.LEGISL.TRIBUT.-GELT;AUDITOR FISCAL DE TRIB.EST.3A.CL.I;; ESTATUTARIO;33655,18;3184,07;30471,11;9940,26;20530,85;
FLAVIA DE MORAES TEIXEIRA;GABINETE-GSEFAZ;AUDITOR FISCAL DE TRIB.EST.1A.CL.I;; ESTATUTARIO;64313,62;33842,51;30471,11;9544,77;20926,34;
FRANCILDA DE SOUZA FONSECA;AUDITORIA TRIBUTARIA-AT;TEC.DA FAZENDA ESTADUAL 1A.CL.I;; ESTATUTARIO;25259,92;;25259,92;8091,60;17168,32;
FRANCIS BOTINELLY ASSUMPCAO;GABINETE-GSEFAZ;ASSESSOR III AD-3;; CARGO COMISSION.S/VINCULO;1702,00;;1702,00;153,18;1548,82;
FRANCISCO ARNOBIO BEZERRA MOTA;GABINETE-GSEFAZ;SECRETARIO DE ESTADO;; CARGO COMISSION.S/VINCULO;12744,46;;12744,46;;12744,46;
FRANCISCO CARLOS DA SILVA MALTA;DEPTO.DE ARRECADACAO-DEARC;TEC.DA FAZENDA ESTADUAL 1A.CL.V;; ESTATUTARIO;27972,45;;27972,45;8897,46;19074,99;
FRANCISCO CHAGAS DE ABREU E SILVA;SUBGER.MERC.APREENDIDAS-SGMA;TECNICO AUX.DE MANUTENCAO 1A.CL.III;; ESTATUTARIO;17499,26;;17499,26;4939,52;12559,74;
FRANCISCO DAS CHAGAS RODRIGUES;GER.DE FISC.DE CONTRIB.-GFIS;AUDITOR FISCAL DE TRIB.EST.1A.CL. V;; ESTATUTARIO;59338,04;23965,09;35372,95;8614,11;26758,84;
FRANCISCO DE ARAUJO FERREIRA JUNIOR;UNIDADE DE COORD.DE PROJ.-UCP;TEC.DA FAZENDA ESTADUAL 1A.CL.V;COORDENADOR DA UCP; ESTATUTARIO;36972,45;6501,34;30471,11;9584,59;20886,52;
FRANCISCO EVALDO DIAS MAGALHAES;AUDITORIA TRIBUTARIA-AT;AUDITOR FISCAL DE TRIB.EST.1A.CL.I;CHEFE DE DEPTO, AD-1; ESTATUTARIO;67665,44;33842,51;33822,93;10549,19;23273,74;
FRANCISCO ILMAR PONTES PIRES;DEPTO.DESEN.GEST.PESSOAS-DDGEP;ANALISTA DO TESOURO EST.1A.CL.V;; ESTATUTARIO;41269,73;10798,62;30471,11;6904,44;23566,67;
FRANCISCO LOPES DA SILVA;GER.CALC.E AJUST.CTA.CORR-GCLA;ASSIST.ADM.DA FAZENDA EST.3A.CL.I;; ESTATUTARIO;6421,33;;6421,33;1408,61;5012,72;
FRANCISCO LUCIANO DE OLIVEIRA NUNES;AUDITORIA TRIBUTARIA-AT;AUDITOR FISCAL DE TRIB.EST.1A.CL.I;; ESTATUTARIO;58687,20;18349,11;40338,09;12018,88;28319,21;
FRANCISCO MOREIRA COELHO;SUBGER.DE TRANSP.TERREST-STRA;MOTORISTA FAZENDARIO 1A.CL.-III;; ESTATUTARIO;15817,24;;15817,24;4481,12;11336,12;
FRANCISCO OLIVEIRA PINHEIRO;GER.DE RECURSOS HUMANOS-GERH;AUDITOR FISCAL DE TRIB.EST.1A.CL. V;; ESTATUTARIO;60323,26;29852,15;30471,11;8133,59;22337,52;
FRANCISCO RAIMUNDO REBOUCAS PACHECO;GER.DE INSPETOR.SETORIAL-GINS;TEC.DA FAZENDA ESTADUAL 1A.CL.V;ASSESSOR III, AD-3; ESTATUTARIO;29674,45;;29674,45;9365,51;20308,94;
FRANCISCO RUIZ DE FREITAS FILHO;GER.DE ADMINIST.HAVERES-GEHA;TEC.DA FAZENDA ESTADUAL 1A.CL.V;; ESTATUTARIO;27972,45;;27972,45;8949,59;19022,86;
FRANK HUDSON LEAO DE OLIVEIRA;SUBGER.DE PROTOCOLO-SPRO;TEC.DA FAZENDA ESTADUAL 1A.CL.I;SUBGERENTE, AD-3; ESTATUTARIO;26598,92;;26598,92;8303,41;18295,51;
FREDERICO ROESSING LOPES DE MATOS;GERENCIA DE CADASTRO-GCAD;TEC.DA FAZENDA ESTADUAL 3A.CL.I;; ESTATUTARIO;17573,73;;17573,73;5364,92;12208,81;
GABRIELLE BENAYON NOGUEIRA MEDEIROS;GERENCIA DE CADASTRO-GCAD;ASSIST.ADM.DA FAZENDA EST.3A.CL.I;; ESTATUTARIO;6421,33;;6421,33;1408,61;5012,72;
GASPAR FERNANDES NETO;SUBGER.DE CONTR.ITCMD-SGIT;TEC.DE ARREC.DE TRIB.EST.1A.CL.V;SUBGERENTE, AD-3; ESTATUTARIO;36140,25;5669,14;30471,11;9888,13;20582,98;
GERSON MENEZES DOS SANTOS;AUDITORIA TRIBUTARIA-AT;AUDITOR FISCAL DE TRIB.EST.1A.CL.I;; ESTATUTARIO;50370,24;18349,11;32021,13;9940,26;22080,87;
GILBERTO CORDEIRO DE LUCENA;GER.DE FISC.DE CONTRIB.-GFIS;AUDITOR FISCAL DE TRIB.EST.3A.CL.I;; ESTATUTARIO;45785,01;11962,08;33822,93;10862,02;22960,91;
GILKELLY COSTA DA NOBREGA;POSTO DE ARREC.S.G.CACH.-PAGAB;ASSIST.ADM.DA FAZENDA EST.3A.CL.I;; ESTATUTARIO;9366,37;;9366,37;2218,50;7147,87;
GILMAR DOS SANTOS SA PINTO;GER.DE FISC.DE CONTRIB.-GFIS;AUDITOR FISCAL DE TRIB.EST.1A.CL.I;; ESTATUTARIO;50370,24;18349,11;32021,13;9783,85;22237,28;
GILMAR JARDIM FONSECA;DEPTO.DE FISCALIZACAO-DEFIS;TEC.DA FAZENDA ESTADUAL 1A.CL.V;; ESTATUTARIO;27979,25;;27979,25;8899,87;19079,38;
GINNA CARMEM DE JESUS GIBSON;ASSESSORIA JURIDICA;ASSIST.ADM.DA FAZENDA EST.3A.CL.I;ASSESSOR II, AD-2; ESTATUTARIO;9421,33;;9421,33;2233,61;7187,72;
GISELE BASTOS PERRONI;SUBGER.VIST.MERC.IMPORT.-SGVI;AUDITOR FISCAL DE TRIB.EST.3A.CL.I;; ESTATUTARIO;35205,20;3184,07;32021,13;9940,26;22080,87;
GISELE MENEZES VILELA;GER.ELAB.LEGISL.TRIBUT.-GELT;TEC.DA FAZENDA ESTADUAL 3A.CL.I;; ESTATUTARIO;17573,73;;17573,73;5364,92;12208,81;
GLAUBER DA SILVA FALCAO;GER.VIG.REP.OPE.COM MERC.-GVRM;ASSIST.ADM.DA FAZENDA EST.3A.CL.I;; ESTATUTARIO;6421,33;;6421,33;1408,61;5012,72;
GRACA MARIA ROCHA FONSECA DA SILVA;GER.DE FISC.DE CONTRIB.-GFIS;AUDITOR FISCAL DE TRIB.EST.1A.CL.I;; ESTATUTARIO;53728,86;18355,91;35372,95;10809,88;24563,07;
GRACY LENE PEREIRA ALVES;GER.DE INSPETOR.SETORIAL-GINS;ASSIST.ADM.DA FAZENDA EST.1A.CL.V;ASSESSOR III, AD-3; ESTATUTARIO;13902,06;;13902,06;3874,53;10027,53;
GUSTAVO FERREIRA DE FIGUEIREDO;GERENCIA DE PAGAMENTO - GPAG;ANALISTA DO TESOURO EST.3A.CL.I;; ESTATUTARIO;26951,35;;26951,35;8639,50;18311,85;
GUSTAVO JOSE PETROSSI ROSA;GER.VIG.REP.OPE.COM MERC.-GVRM;AUDITOR FISCAL DE TRIB.EST.3A.CL.I;; ESTATUTARIO;35205,20;3184,07;32021,13;9940,26;22080,87;
GUTEMBERG LEONARDO AMORIM;SUBGER.VIST.MERC.IMPORT.-SGVI;AUDITOR FISCAL DE TRIB.EST.3A.CL.I;; ESTATUTARIO;47335,03;11962,08;35372,95;10653,47;24719,48;
HEDIANE NAIADE SILVA MONTEIRO;GER.DE REGIMES ESPECIAIS-GERE;TEC.DA FAZENDA ESTADUAL 3A.CL.I;; ESTATUTARIO;17573,73;;17573,73;5364,92;12208,81;
HELIO FERREIRA DA SILVA;SECRETARIA EXEC.DO TESOURO-SET;TEC.DA FAZENDA ESTADUAL 1A.CL.V;SECRET. EXECUTIVO; ESTATUTARIO;40553,25;10082,14;30471,11;9769,95;20701,16;
HELIO GESIALDO FRANCA RODRIGUES;GER.DESEMB.DE DOC.NACION-GDDN;ASSIST.ADM.DA FAZENDA EST.3A.CL.I;; ESTATUTARIO;6421,33;;6421,33;1121,41;5299,92;
HEMERSON JOSE DOS SANTOS LIMA;DEPTO.DE FISCALIZACAO-DEFIS;SUBGERENTE AD-3;; CARGO COMISSION.S/VINCULO;1339,00;;1339,00;107,12;1231,88;
HERALDO GONCALVES CAIUBA;GERENCIA DE MAT.E PATRI-GMAP;TEC.DA FAZENDA ESTADUAL 1A.CL.V;; ESTATUTARIO;31157,64;;31157,64;9624,74;21532,90;
HERMINIA DE JESUS PONTES;GER.DE ENCARGOS GERAIS-GENC;TEC.DA FAZENDA ESTADUAL 1A.CL.I;; ESTATUTARIO;25646,32;;25646,32;8176,54;17469,78;
HIRAN DE SOUZA QUEIROZ;PLANTAO FISCAL - PLF;AUDITOR FISCAL DE TRIB.EST.1A.CL.I;CHEFE DE DEPTO, AD-1; ESTATUTARIO;48827,02;18355,91;30471,11;9940,26;20530,85;
HISASHI TOYODA;CONS.DE REC.FISCAIS-CRF;AUDITOR FISCAL DE TRIB.EST.3A.CL.I;; ESTATUTARIO;51092,91;20621,80;30471,11;8728,59;21742,52;
HUGO MOTA NOGUEIRA;CONS.DE REC.FISCAIS-CRF;ASSIST.ADM.DA FAZENDA EST.3A.CL.I;SECRET. DO CRF, AD-2; ESTATUTARIO;12561,77;;12561,77;3097,23;9464,54;
ILMAR CORREA TEIXEIRA;GER.DE REGIMES ESPECIAIS-GERE;TEC.DA FAZENDA ESTADUAL 3A.CL.I;; ESTATUTARIO;17573,73;;17573,73;5208,51;12365,22;
IRACEMA BENJAMIN SA E SILVA;DEPTO.DE ARRECADACAO-DEARC;TEC.DA FAZENDA ESTADUAL 1A.CL.V;; ESTATUTARIO;31064,52;;31064,52;9853,14;21211,38;
ISRAEL COUTO REBELO;GER.DE FISC.DE CONTRIB.-GFIS;AUDITOR FISCAL DE TRIB.EST.2A.CL.I;; ESTATUTARIO;46974,76;14953,63;32021,13;8005,72;24015,41;
IVAN JOAO FEITEN;PLANTAO FISCAL - PLF;AUDITOR FISCAL DE TRIB.EST.3A.CL.I;; ESTATUTARIO;33655,18;3184,07;30471,11;9940,26;20530,85;
IVANETE CAVALCANTE HARA;GER.DE FISC.DE CONTRIB.-GFIS;AUDITOR FISCAL DE TRIB.EST.1A.CL.I;; ESTATUTARIO;53735,66;18362,71;35372,95;10757,74;24615,21;
IVONE ASSAKO MURAYAMA;AUDITORIA TRIBUTARIA-AT;AUDITOR FISCAL DE TRIB.EST.1A.CL.I;; ESTATUTARIO;64313,62;33842,51;30471,11;9835,99;20635,12;
IZIDORO ANTONIO GOMES DE SOUZA;SUBGER.DE PROTOCOLO-SPRO;ASSIST.ADM.DA FAZENDA EST.1A.CL.I;; ESTATUTARIO;10789,54;;10789,54;2958,23;7831,31;
IZIS DE ANDRADE LEITE PEREIRA;GABINETE-GSEFAZ;ASSESSOR II AD-2;; CARGO COMISSION.S/VINCULO;3000,00;;3000,00;387,45;2612,55;
IZOLDA NUNES BESSA;GER.DE RECURSOS HUMANOS-GERH;ANALISTA DO TESOURO EST.1A.CL.V;; ESTATUTARIO;44614,75;10791,82;33822,93;10862,02;22960,91;
JACKSON LEDA CANINDE CORREA;GER.DE FISC.DE CONTRIB.-GFIS;AUDITOR FISCAL DE TRIB.EST.1A.CL.I;; ESTATUTARIO;50391,10;18369,97;32021,13;8260,62;23760,51;
JAEL BRAGA DAMASCENO;GERENCIA DE PAGAMENTO - GPAG;ASSIST.ADM.DA FAZENDA EST.1A.CL.I;; ESTATUTARIO;11976,39;;11976,39;3232,48;8743,91;
JAINA SOARES DE ABREU ROCHA;DEPTO.DE CONTAB.PUBLICA-DECON;TEC.DA FAZENDA ESTADUAL 3A.CL.I;ASSESSOR II, AD-2; ESTATUTARIO;20573,73;;20573,73;6189,92;14383,81;
JAIR MENDONCA PEREIRA;GER.NORMAL.DE CONTRATOS-GNOC;TEC.DA FAZENDA ESTADUAL 1A.CL.V;; ESTATUTARIO;27972,45;;27972,45;8793,18;19179,27;
JAIRA ACRIS;GERENCIA DE MAT.E PATRI-GMAP;TEC.DA FAZENDA ESTADUAL 1A.CL.I;; ESTATUTARIO;25259,92;;25259,92;7935,18;17324,74;
JANE MARIA SANTANA USHIKOSHI;GER.DE INSPETOR.SETORIAL-GINS;ANALISTA DO TESOURO EST.3A.CL.I;ASSESSOR III, AD-3; ESTATUTARIO;28653,35;;28653,35;9055,41;19597,94;
JEFFERSON ARANHA SILVA;GER.DE CONTABILIDADE - GCON;ASSIST.ADM.DA FAZENDA EST.3A.CL.I;ASSESSOR III,AD-3; ESTATUTARIO;10831,11;;10831,11;2621,30;8209,81;
JEFFERSON DE OLIVEIRA CARLOS;GER.DE CONTABILIDADE - GCON;ANALISTA DO TESOURO EST.3A.CL.I;GERENTE, AD-2; ESTATUTARIO;29951,35;;29951,35;9516,63;20434,72;
JEFFERSON SANTOS DA SILVA;GERENCIA DE LOGISTICA-GLOG;TEC.DA FAZENDA ESTADUAL 1A.CL.V;; ESTATUTARIO;27972,45;;27972,45;8897,46;19074,99;
JERONIMO ALMEIDA FERREIRA;POSTO DE ARREC.S.G.CACH.-PAGAB;ANALISTA DO TESOURO EST.1A.CL.V;; ESTATUTARIO;41256,13;10785,02;30471,11;9888,13;20582,98;
JERONIZA DE FATIMA A S SILVA;AUDITORIA TRIBUTARIA-AT;AUDITOR FISCAL DE TRIB.EST.1A.CL.I;; ESTATUTARIO;67685,84;33862,91;33822,93;10705,60;23117,33;
JHULIANA DOS SANTOS MENEZES;GER.DE ENCARGOS GERAIS-GENC;SUBGERENTE AD-3;; CARGO COMISSION.S/VINCULO;1339,00;;1339,00;107,12;1231,88;
JOANA DA SILVA GOES;GER.DE FISC.DE CONTRIB.-GFIS;AUDITOR FISCAL DE TRIB.EST.1A.CL. V;; ESTATUTARIO;59324,44;23951,49;35372,95;10757,74;24615,21;
JOANETO BRUNO TAVARES CARDOSO;PLANTAO FISCAL - PLF;AUDITOR FISCAL DE TRIB.EST.3A.CL.I;; ESTATUTARIO;33655,18;3184,07;30471,11;9888,13;20582,98;
JOANNA DE LACERDA MOSS;COORD.COMP.CONTR.GOVERN.-CCGOV;ASSIST.ADM.DA FAZENDA EST.4A.CL.V;GERENTE AD-2; ESTATUTARIO;8948,58;;8948,58;2065,90;6882,68;
JOAO BATISTA BARBOSA PEREIRA;GER.DE FISC.DE CONTRIB.-GFIS;AUDITOR FISCAL DE TRIB.EST.1A.CL. V;; ESTATUTARIO;59331,24;23958,29;35372,95;10705,60;24667,35;
JOAO BOSCO ARAUJO DE SOUZA JUNIOR;GER.VIG.REP.OPE.COM MERC.-GVRM;AUDITOR FISCAL DE TRIB.EST.3A.CL.I;; ESTATUTARIO;43969,61;11948,48;32021,13;9835,99;22185,14;
JOAO BOSCO LOTO HOLANDA;AG.DA FAZENDA EM HUMAITA-AHUM;TEC.DE ARREC.DE TRIB.EST.3A.CL.I;CHEFE AG. DA FAZENDA; ESTATUTARIO;38018,45;;38018,45;11334,57;26683,88;
JOAO DA SILVA AMARAL;GER.DE FISC.DE CONTRIB.-GFIS;AUDITOR FISCAL DE TRIB.EST.1A.CL.I;; ESTATUTARIO;50363,44;18342,31;32021,13;8937,91;23083,22;
JOAO GOMES DE SOUZA;GER.DE ARREC.UNID.DESC.-GARD;TEC.DE ARREC.DE TRIB.EST.1A.CL.V;; ESTATUTARIO;34852,81;4381,70;30471,11;8481,04;21990,07;
JOAO HOLANDA LEITAO;GER.DE FISC.DE CONTRIB.-GFIS;AUDITOR FISCAL DE TRIB.EST.1A.CL.I;; ESTATUTARIO;50370,24;18349,11;32021,13;9279,47;22741,66;
JOAO JERONIMO PORTELA;SUBGER.DE PROTOCOLO-SPRO;TEC.DE ARREC.DE TRIB.EST.1A.CL.V;; ESTATUTARIO;34794,45;4323,34;30471,11;7681,87;22789,24;
JOAO MARCELO DE SOUZA LUZEIRO;GER.DE FISC.DE CONTRIB.-GFIS;AUDITOR FISCAL DE TRIB.EST.2A.CL.I;; ESTATUTARIO;46967,96;14946,83;32021,13;9940,26;22080,87;
JOAO MARCUS OLIVEIRA GUERRA;AUDITORIA TRIBUTARIA-AT;AUDITOR FISCAL DE TRIB.EST.1A.CL.I;; ESTATUTARIO;50363,44;18342,31;32021,13;9783,85;22237,28;
JOAO SOARES DE OLIVEIRA;GER.DE NORM.PROC.CONTAB.-GNPC;ANALISTA DO TESOURO EST.1A.CL.V;; ESTATUTARIO;44607,95;10785,02;33822,93;10809,88;23013,05;
JOAO THOMAZ CORREA DA COSTA;GER.DE FISC.DE CONTRIB.-GFIS;AUDITOR FISCAL DE TRIB.EST.1A.CL.I;; ESTATUTARIO;61037,15;18342,31;42694,84;12875,54;29819,30;
JOEL BRITO MOURA;GER.DE ARREC.UNID.DESC.-GARD;ASSIST.ADM.DA FAZENDA EST.3A.CL.I;GERENTE, AD-2; ESTATUTARIO;9421,33;;9421,33;2233,61;7187,72;
JOHM CARLOS MARTINS MACIEL;GER.DE INSPETOR.SETORIAL-GINS;ASSIST.ADM.DA FAZENDA EST.3A.CL.I;ASSESSOR III, AD-3; ESTATUTARIO;8123,33;;8123,33;1772,39;6350,94;
JONAS CHAVES BOAVENTURA;GER.DE FISC.DE CONTRIB.-GFIS;AUDITOR FISCAL DE TRIB.EST.3A.CL.I;; ESTATUTARIO;35205,20;3184,07;32021,13;9783,85;22237,28;
JONATAS ALMEIDA DE OLIVEIRA;GERENCIA DE LOGISTICA-GLOG;GERENTE AD-2;; CARGO COMISSION.S/VINCULO;3000,00;49,18;2950,82;383,76;2567,06;
JORGE AUGUSTO BENTO DA SILVA;SUBGER.DE CONTR.DO IPVA-SGIV;TEC.DA FAZENDA ESTADUAL 1A.CL.V;; ESTATUTARIO;27979,25;;27979,25;8952,01;19027,24;
JORGE BARBOSA DA SILVA;SUBGER.SUP.DECL.ECON.FISC-SGDE;ASSIST.ADM.DA FAZENDA EST.1A.CL.I;; ESTATUTARIO;10789,54;;10789,54;2853,96;7935,58;
JORGE EDUARDO JATAHY DE CASTRO;CONS.DE REC.FISCAIS-CRF;AUDITOR FISCAL DE TRIB.EST.2A.CL.V;; ESTATUTARIO;65531,35;35060,24;30471,11;9835,99;20635,12;
JORIA MELO MAKAREM DE OLIVEIRA;SECRETAR.EXEC.DE ORCAMENTO-SEO;SECRETARIO EXECUTIVO;SECR.EXECT FINANCAS; CARGO COMISSION.S/VINCULO;11700,00;;11700,00;2789,26;8910,74;
JOSE ADENILDO SANTANA GRANGEIRO;GER.DE FISC.DE CONTRIB.-GFIS;AUDITOR FISCAL DE TRIB.EST.1A.CL.I;; ESTATUTARIO;50370,24;18349,11;32021,13;9835,99;22185,14;
JOSE ADRIAO MENEZES BRAGA;CONS.DE REC.FISCAIS-CRF;TEC.DA FAZENDA ESTADUAL 1A.CL.V;; ESTATUTARIO;31056,97;;31056,97;9202,24;21854,73;
JOSE ALUIZIO SOUZA PESSOA;SUBGER.DE CONTR.DO IPVA-SGIV;TEC.DE ARREC.DE TRIB.EST.1A.CL.V;SUBGERENTE, AD-3; ESTATUTARIO;36147,05;5675,94;30471,11;9575,30;20895,81;
JOSE BARBOSA DE SOUZA JUNIOR;AUDITORIA TRIBUTARIA-AT;AUDITOR FISCAL DE TRIB.EST.1A.CL.I;; ESTATUTARIO;64327,22;33856,11;30471,11;9835,99;20635,12;
JOSE CARLOS BRANDAO SAMPAIO;GER.DE CONT.FINANCEIRO-GFIN;ANALISTA DO TESOURO EST.3A.CL.I;ASSESSOR II, AD-2; ESTATUTARIO;29951,35;;29951,35;9516,63;20434,72;
JOSE CRISTOVAO MARTINS VALENCA;GER.DE FISC.DE CONTRIB.-GFIS;AUDITOR FISCAL DE TRIB.EST.1A.CL.I;; ESTATUTARIO;50356,64;18335,51;32021,13;9888,13;22133,00;
JOSE FRANCISCO DO NASCIMENTO VIANA;GER.DE FISC.DE CONTRIB.-GFIS;AUDITOR FISCAL DE TRIB.EST.1A.CL.I;; ESTATUTARIO;53715,26;18342,31;35372,95;10653,47;24719,48;
JOSE JESUS MARIA SILVA FREITAS;GER.RECEB.ESTOQ.MATERIAIS-GREM;TEC.DA FAZENDA ESTADUAL 1A.CL.V;; ESTATUTARIO;27979,25;;27979,25;8847,73;19131,52;
JOSE MARIO GARCIA JUNIOR;POSTO FISCAL PARINTINS-PIMN II;ASSIST.ADM.DA FAZENDA EST.3A.CL.I;; ESTATUTARIO;8281,35;;8281,35;1763,70;6517,65;
JOSE MAURICIO BELEM JUNIOR;GER.DE FISC.DE CONTRIB.-GFIS;AUDITOR FISCAL DE TRIB.EST.1A.CL.I;; ESTATUTARIO;48827,02;18355,91;30471,11;9888,13;20582,98;
JOSE MAURO GOMES JUNIOR;SUBGER.ORC.FIN.E ANAL.-SOFA;TEC.DA FAZENDA ESTADUAL 3A.CL.I;SUBGERENTE, AD-3; ESTATUTARIO;18912,73;;18912,73;5733,15;13179,58;
JOSE RIBAMAR AGUIAR SILVA;SUBGER.DE CONTR.DO IPVA-SGIV;TEC.DE ARREC.DE TRIB.EST.1A.CL.V;; ESTATUTARIO;34814,85;4343,74;30471,11;9783,85;20687,26;
JOSE RICARDO DE CASTRO ARAUJO;GER.DE DEBITOS FISCAIS-GDEF;ASSIST.ADM.DA FAZENDA EST.3A.CL.I;; ESTATUTARIO;6421,33;;6421,33;1408,61;5012,72;
JOSE RICARDO DE FREITAS CASTRO;GER.DE FISC.DE CONTRIB.-GFIS;AUDITOR FISCAL DE TRIB.EST.1A.CL.I;SEC. EXECUTIVO; ESTATUTARIO;58824,22;28353,11;30471,11;9446,55;21024,56;
JUCILANDER MICHILES;GER.DESEMB.DE DOC.NACION-GDDN;TEC.DE ARREC.DE TRIB.EST.1A.CL.V;; ESTATUTARIO;34808,05;4336,94;30471,11;9731,72;20739,39;
JUCINEIDE NASCIMENTO DE SOUZA;UNIDADE DE COORD.DE PROJ.-UCP;SUB-COORDENADOR;; CARGO COMISSION.S/VINCULO;3000,00;59,99;2940,01;382,95;2557,06;
JUDAS TADEU DE ARAUJO JUNIOR;GER.DE NEGOCIOS E DESENV.-GEND;ANALISTA TEC.INF.FAZ.EST.3A.CL.I;; ESTATUTARIO;26951,35;;26951,35;8691,63;18259,72;
JULIANA DE SOUZA BEZERRIL;GER.DE BANCO DE PRECOS-GBAN;ASSIST.ADM.DA FAZENDA EST.4A.CL.V;; ESTATUTARIO;5948,58;;5948,58;1240,90;4707,68;
JULIANO SILVA POZZOBON;SUBGER.DE CONTR.ITCMD-SGIT;ANALISTA DO TESOURO EST.3A.CL.I;; ESTATUTARIO;26951,35;;26951,35;7787,78;19163,57;
JULIETA FERREIRA DA SILVA;GERENCIA DE LOGISTICA-GLOG;ASSIST.ADM.DA FAZENDA EST.1A.CL.V;; ESTATUTARIO;13542,07;;13542,07;3723,39;9818,68;
JULIO CESAR DINELLI MAGNANI;AG.DA FAZENDA EM MAUES-AMAU;TEC.DE ARREC.DE TRIB.EST.1A.CL.V;CHEFE AG. DA FAZENDA; ESTATUTARIO;41029,61;10558,50;30471,11;9783,85;20687,26;
JULIO CESAR RIBEIRO PEREIRA;SUBGER.CONC.CTA.CORR.CONT-SGCC;TEC.DE ARREC.DE TRIB.EST.3A.CL.I;; ESTATUTARIO;21929,28;;21929,28;6910,05;15019,23;
JUVERTES DE SOUSA MENDANHA;GER.VIG.REP.OPE.COM MERC.-GVRM;AUDITOR FISCAL DE TRIB.EST.3A.CL.I;; ESTATUTARIO;35205,20;3184,07;32021,13;9888,13;22133,00;
JUZENIR BITTENCOURT BENARROS;DEPTO.DE INF.ECON-FISC.-DEINF;TEC.DA FAZENDA ESTADUAL 1A.CL.I;; ESTATUTARIO;25253,12;;25253,12;8037,04;17216,08;
KAREN VALESKA CAVALCANTE MONTEIRO;CENTRO DE EST.ECON.TRIB.-CEET;TEC.DE ARREC.DE TRIB.EST.3A.CL.I;CHEFE DO CEET, AD-1; ESTATUTARIO;26929,28;;26929,28;8285,05;18644,23;
KARLA MENEZES MENDES GUALTI;DEPTO.DE FISCALIZACAO-DEFIS;TEC.DA FAZENDA ESTADUAL 3A.CL.I;; ESTATUTARIO;17573,73;;17573,73;5260,65;12313,08;
KARLA ROBERTA MACEDO DE LIMA;GER.DO SIST.DE REG.PRECOS-GSRP;TEC.DA FAZENDA ESTADUAL 3A.CL.I;GERENTE, AD-2; ESTATUTARIO;27431,64;;27431,64;8075,85;19355,79;
KARLLA DANIELLE LOPES ALBUQUERQUE;SUBGER.DE PESSOAL-SPES;SUBGERENTE AD-3;; CARGO COMISSION.S/VINCULO;1339,00;;1339,00;107,12;1231,88;
KAROL PATRICIA RODRIGUES DA S ELIAS;GER.ELAB.LEGISL.TRIBUT.-GELT;TEC.DA FAZENDA ESTADUAL 3A.CL.I;; ESTATUTARIO;17573,73;;17573,73;5260,65;12313,08;
KATIA FERNANDA DA SILVA SILVEIRA;NUCLEO DE PLAN.E GESTAO-NPG;TEC.DA FAZENDA ESTADUAL 1A.CL.V;; ESTATUTARIO;27972,45;;27972,45;9053,87;18918,58;
KATIA PEREIRA DE ANDRADE SIQUEIRA;SUBGER.ACOMP.INC.FISC.-SGIF;TEC.DE ARREC.DE TRIB.EST.1A.CL.V;; ESTATUTARIO;34808,05;4336,94;30471,11;9731,72;20739,39;
KAYSER JAMES GONCALVES DE SOUZA;GER.DE FISC.DE CONTRIB.-GFIS;AUDITOR FISCAL DE TRIB.EST.1A.CL.I;; ESTATUTARIO;50363,44;18342,31;32021,13;7607,02;24414,11;
KENIFFER CAVALCANTE TUPINAMBA;GERENCIA DE CADASTRO-GCAD;ASSIST.ADM.DA FAZENDA EST.3A.CL.I;; ESTATUTARIO;6421,33;;6421,33;1408,61;5012,72;
KLICIA SAID ARAUJO;GER.DE CONT.FINANCEIRO-GFIN;TEC.DA FAZENDA ESTADUAL 1A.CL.I;; ESTATUTARIO;25259,92;;25259,92;8091,60;17168,32;
LARISSA AMANCIO DO A CAVALCANTI;GER.DE INSPETOR.SETORIAL-GINS;TEC.DA FAZENDA ESTADUAL 3A.CL.I;ASSESSOR III, AD-3; ESTATUTARIO;19275,73;;19275,73;5832,97;13442,76;
LEANDRO MAGALHAES COELHO OLIVEIRA;GER.CONTROLE ARRECADACAO-GCAR;TEC.DE ARREC.DE TRIB.EST.3A.CL.I;GERENTE,AD-2; ESTATUTARIO;36929,28;;36929,28;10982,91;25946,37;
LEDA NARLEYSE RATTES DE O S MAIOR;AG.DA FAZENDA ITACOATIARA-AITA;TEC.DE ARREC.DE TRIB.EST.1A.CL.V;CHEFE AG. DA FAZENDA; ESTATUTARIO;36510,05;6038,94;30471,11;9940,26;20530,85;
LEO ALEXANDRE SILVA;GER.VIG.REP.OPE.COM MERC.-GVRM;AUDITOR FISCAL DE TRIB.EST.3A.CL.I;; ESTATUTARIO;35205,20;3184,07;32021,13;9940,26;22080,87;
LEONARDO DE ARAUJO DOMINGUES;GER.DE FISC.DE CONTRIB.-GFIS;AUDITOR FISCAL DE TRIB.EST.3A.CL.I;; ESTATUTARIO;35205,20;3184,07;32021,13;9940,26;22080,87;
LEONARDO DOS SANTOS DO REGO BARROS;DEPTO.DE CONTAB.PUBLICA-DECON;ANALISTA DO TESOURO EST.3A.CL.I;; ESTATUTARIO;26951,35;;26951,35;8691,63;18259,72;
LEONARDO FERNANDES REDONDO;GER.VIG.REP.OPE.COM MERC.-GVRM;AUDITOR FISCAL DE TRIB.EST.3A.CL.I;; ESTATUTARIO;35205,20;3184,07;32021,13;9940,26;22080,87;
LEONARDO JAMUS BAPTISTA;GER.DE ANAL.DESEMP.SETOR.-GANS;TEC.DE ARREC.DE TRIB.EST.3A.CL.I;; ESTATUTARIO;24029,28;;24029,28;7487,55;16541,73;
LIBERMAN BICHARA MORENO;GABINETE-GSEFAZ;AUDITOR FISCAL DE TRIB.EST.1A.CL.I;; ESTATUTARIO;52159,44;18336,51;33822,93;10653,47;23169,46;
LIDIANE ANDRADE GUERRA;DEPTO.DE TECNOL.DA INF.-DETIN;ANALISTA TEC.INF.FAZ.EST.3A.CL.I;; ESTATUTARIO;26951,35;;26951,35;8587,36;18363,99;
LIEDE DAS NEVES SOUZA;GER.DE RECURSOS HUMANOS-GERH;TEC.DA FAZENDA ESTADUAL 1A.CL.I;; ESTATUTARIO;28046,06;;28046,06;8858,33;19187,73;
LIGIA PAES RODRIGUES;SUBGER.DE PESSOAL-SPES;TEC.DA FAZENDA ESTADUAL 1A.CL.V;; ESTATUTARIO;33141,10;;33141,10;10469,11;22671,99;
LILLIAM YVONNE ABOZAGLO UMANA;AG.DA FAZENDA PRES.FIGUEI-APRE;TEC.DA FAZENDA ESTADUAL 3A.CL.I;; ESTATUTARIO;17573,73;;17573,73;5312,78;12260,95;
LINCOLN BARROS FARIAS;GER.DE FISC.DE CONTRIB.-GFIS;AUDITOR FISCAL DE TRIB.EST.3A.CL.I;; ESTATUTARIO;35205,20;3184,07;32021,13;9888,13;22133,00;
LINDA MOTA MENEZES DE OLIVEIRA;GER.DE FISC.DE CONTRIB.-GFIS;AUDITOR FISCAL DE TRIB.EST.1A.CL.I;; ESTATUTARIO;58259,47;18355,91;39903,56;12107,93;27795,63;
LORENA NATHALIE DE ARAUJO NEGREIROS;GER.GESTAO DE CONTRATOS-GGCT;ASSIST.ADM.DA FAZENDA EST.3A.CL.I;SUBGERENTE, AD-3; ESTATUTARIO;7760,33;;7760,33;1776,83;5983,50;
LOURDES MARINA VIEIRA GONCALVES;GER.DE INSPETOR.SETORIAL-GINS;ASSIST.ADM.DA FAZENDA EST.1A.CL.I;ASSESSOR III, AD-3; ESTATUTARIO;13678,39;;13678,39;3648,39;10030,00;
LOURINILDA MARIA ALVES FERNANDES;GABINETE-GSEFAZ;TEC.DA FAZENDA ESTADUAL 3A.CL.I;; ESTATUTARIO;17573,73;;17573,73;5364,92;12208,81;
LUCIANE DA SILVA PACHALIAN;GER.VIG.REP.OPE.COM MERC.-GVRM;AUDITOR FISCAL DE TRIB.EST.3A.CL.I;; ESTATUTARIO;35205,20;3184,07;32021,13;9888,13;22133,00;
LUCIDIO BRASIL DE REZENDE LIMA;GER.VIG.REP.OPE.COM MERC.-GVRM;TEC.DE ARREC.DE TRIB.EST.1A.CL.V;; ESTATUTARIO;34808,05;4336,94;30471,11;9731,72;20739,39;
LUCILENE MARTINS PALMEIRA SCHULER;POSTO DE ARREC.DETRAN-PADET;TEC.DE ARREC.DE TRIB.EST.1A.CL.V;; ESTATUTARIO;34808,05;4336,94;30471,11;9783,85;20687,26;
LUIZ ANDRE LIMA DE OLIVEIRA;GER.DE BANCO DE PRECOS-GBAN;ASSESSOR II AD-2;; CARGO COMISSION.S/VINCULO;3000,00;;3000,00;387,45;2612,55;
LUIZ AURELIO CARVALHO LEITE;AUDITORIA TRIBUTARIA-AT;AUDITOR FISCAL DE TRIB.EST.4A.CL.IV;; ESTATUTARIO;45086,58;14615,47;30471,11;9185,07;21286,04;
LUIZ CARLOS SARAIVA DE OLIVEIRA;SUBGER.SUP.DECL.ECON.FISC-SGDE;ASSIST.ADM.DA FAZENDA EST.3A.CL.I;; ESTATUTARIO;6421,33;;6421,33;1408,61;5012,72;
LUIZ DIAS DE ALENCAR NETO;CENTRO DE EST.ECON.TRIB.-CEET;AUDITOR FISCAL DE TRIB.EST.3A.CL.I;; ESTATUTARIO;33655,18;3184,07;30471,11;9940,26;20530,85;
LUIZ FERNANDO ALMENDROS DE OLIVEIRA;CORREGEDORIA-CORFAZ;CHEFE DA CORREGEDORIA;; CARGO COMISSION.S/VINCULO;9000,00;;9000,00;2046,76;6953,24;
LUIZ GONZAGA CAMPOS DE SOUZA;SECRETARIA EXEC.DA RECEITA-SER;AUDITOR FISCAL DE TRIB.EST.1A.CL.I;; ESTATUTARIO;58977,26;18349,11;40628,15;10375,70;30252,45;
LUIZ HENRIQUE PEREIRA MENDES;SECRETARIA EXEC.DA RECEITA-SER;AUDITOR FISCAL DE TRIB.EST.3A.CL.I;; ESTATUTARIO;35205,20;3184,07;32021,13;9783,85;22237,28;
LUIZ HENRIQUE SOUZA FERREIRA;GER.DESEMB.DOC.DE IMPORT.-GDDI;AUDITOR FISCAL DE TRIB.EST.3A.CL.I;; ESTATUTARIO;49155,38;18684,27;30471,11;9888,13;20582,98;
LUIZ OTAVIO DA SILVA;GER.DE NORM.PROC.CONTAB.-GNPC;ANALISTA DO TESOURO EST.3A.CL.I;; ESTATUTARIO;26958,15;;26958,15;8694,05;18264,10;
LUIZ PAULO WULF;GER.DE CONTABILIDADE - GCON;ANALISTA DO TESOURO EST.3A.CL.I;; ESTATUTARIO;26951,35;;26951,35;8691,63;18259,72;
LUIZ SYDNEY DOS SANTOS TORRES;GERENCIA DE LOGISTICA-GLOG;TECNICO AUX.DE MANUTENCAO 1A.CL.III;; ESTATUTARIO;17514,36;;17514,36;5049,03;12465,33;
LUO MEI LING;DEPTO.CONTR.ENTR.MERCAD.-DECEM;AUDITOR FISCAL DE TRIB.EST.3A.CL.I;; ESTATUTARIO;33655,18;3184,07;30471,11;9940,26;20530,85;
LUZIA MARIA PIASSA NEVES;GER.DE FISC.DE CONTRIB.-GFIS;AUDITOR FISCAL DE TRIB.EST.1A.CL.I;; ESTATUTARIO;50363,44;18342,31;32021,13;9940,26;22080,87;
MAELI MACHADO FERREIRA;DEPTO.ANAL.REV.AC.FISC.-DEARF;AUDITOR FISCAL DE TRIB.EST.3A.CL.I;; ESTATUTARIO;33655,18;3184,07;30471,11;9888,13;20582,98;
MAISA DA CRUZ IGLESIAS;GER.CONTROLE ARRECADACAO-GCAR;TEC.DE ARREC.DE TRIB.EST.1A.CL.V;; ESTATUTARIO;34801,25;4330,14;30471,11;9679,58;20791,53;
MAISA PEREIRA DE SA;AUDITORIA TRIBUTARIA-AT;ASSESSOR III AD-3;; CARGO COMISSION.S/VINCULO;1702,00;;1702,00;153,18;1548,82;
MANOEL MARIA BRASIL VIEIRA;NUCLEO DE EDUCACAO FISCAL-NEF;ASSIST.ADM.DA FAZENDA EST.3A.CL.I;; ESTATUTARIO;6421,33;;6421,33;1408,61;5012,72;
MANOEL MORIS FILHO;P.FIS.RPF K.204-BR 174-PMMN IV;AUDITOR FISCAL DE TRIB.EST.2A.CL.I;; ESTATUTARIO;50375,21;15002,26;35372,95;9973,68;25399,27;
MANUEL PEDRO RIBEIRO MUNIZ;GER.VIG.REP.OPE.COM MERC.-GVRM;AUDITOR FISCAL DE TRIB.EST.3A.CL.I;; ESTATUTARIO;43976,41;11955,28;32021,13;9888,13;22133,00;
MANUEL SEVERIANO NUNES NETO;GER.DE FISC.DE CONTRIB.-GFIS;AUDITOR FISCAL DE TRIB.EST.3A.CL.I;; ESTATUTARIO;35205,20;3184,07;32021,13;9783,85;22237,28;
MARCELLE RIBEIRO DO AMARAL CHAVES;GABINETE-GSEFAZ;ASSIST.ADM.DA FAZENDA EST.3A.CL.I;ASSESSOR II, AD-2; ESTATUTARIO;9421,33;;9421,33;2233,61;7187,72;
MARCELO AUGUSTO CORREA DE OLIVEIRA;COM.DE PROG.FINANCEIRA-CPF;TEC.DA FAZENDA ESTADUAL 1A.CL.I;; ESTATUTARIO;25253,12;;25253,12;8089,18;17163,94;
MARCELO DELDUQUE PADILHA;SUBGER.DE PESSOAL-SPES;TEC.DA FAZENDA ESTADUAL 3A.CL.I;SUBGERENTE, AD-3; ESTATUTARIO;18912,73;;18912,73;5628,87;13283,86;
MARCELO LYRA FALCAO;AUDITORIA TRIBUTARIA-AT;AUDITOR FISCAL DE TRIB.EST.1A.CL.I;; ESTATUTARIO;64320,42;33849,31;30471,11;9783,85;20687,26;
MARCELO MELLO FERREIRA E SILVA;GER.DE FISC.DE CONTRIB.-GFIS;AUDITOR FISCAL DE TRIB.EST.3A.CL.I;; ESTATUTARIO;35205,20;3184,07;32021,13;9940,26;22080,87;
MARCELO REGO SOARES;DEPARTAMENTO DE ADMINIST-DEPAD;ASSIST.ADM.DA FAZENDA EST.3A.CL.I;CHEFE DE DEPTO, AD-1; ESTATUTARIO;11421,33;;11421,33;2679,34;8741,99;
MARCELO TEIXEIRA SENA;SUBGERENCIA DE PATRIMONIO-SPAT;TEC.DA FAZENDA ESTADUAL 1A.CL.I;; ESTATUTARIO;25259,92;;25259,92;7935,18;17324,74;
MARCIA AMORIM DE SOUZA CRUZ;GER.NORMAL.DE CONTRATOS-GNOC;TEC.DA FAZENDA ESTADUAL 3A.CL.I;GERENTE, AD-2; ESTATUTARIO;20573,73;;20573,73;6189,92;14383,81;
MARCIA JEANE MENEZES DE OLIVEIRA;GER.DE CONTABILIDADE - GCON;TEC.DA FAZENDA ESTADUAL 3A.CL.I;; ESTATUTARIO;17573,73;;17573,73;5312,78;12260,95;
MARCIA REGINA CRUZ LEAO CONLEY;GER.CONTROLE ARRECADACAO-GCAR;TEC.DA FAZENDA ESTADUAL 1A.CL.I;; ESTATUTARIO;25259,92;;25259,92;8091,60;17168,32;
MARCIA REGINA SESTERHENN;GER.DE PADRON.DE MATER.-GPMA;ANALISTA DO TESOURO EST.1A.CL.I;; ESTATUTARIO;38762,50;8291,39;30471,11;9835,99;20635,12;
MARCILIA MARIA CAMPOS DE LIMA;DEPTO.CONTR.ENTR.MERCAD.-DECEM;AUDITOR FISCAL DE TRIB.EST.1A.CL.I;; ESTATUTARIO;52185,64;18362,71;33822,93;10705,60;23117,33;
MARCIO AVILA DE LIMA;DEPARTAMENTO DE ADMINIST-DEPAD;TEC.DA FAZENDA ESTADUAL 1A.CL.V;ASSESSOR II, AD-2; ESTATUTARIO;30972,45;501,34;30471,11;9584,59;20886,52;
MARCIO ROGERIO DE ALBUQUERQUE GAMA;GER.VIG.REP.OPE.COM MERC.-GVRM;AUDITOR FISCAL DE TRIB.EST.3A.CL.I;; ESTATUTARIO;35205,20;3184,07;32021,13;9940,26;22080,87;
MARCO ANTONIO DE ABREU VIEIRA;GER.DESEMB.DOC.DE IMPORT.-GDDI;ANALISTA DO TESOURO EST.1A.CL.V;; ESTATUTARIO;41262,93;10791,82;30471,11;9627,44;20843,67;
MARCO ANTONIO VASCONCELOS PESSOA;GER.DE CONT.FINANCEIRO-GFIN;TEC.DA FAZENDA ESTADUAL 1A.CL.I;GERENTE, AD-2; ESTATUTARIO;28253,12;;28253,12;8809,91;19443,21;
MARCOS ALBERTO MOREIRA MENEZES;GERENCIA DE LOGISTICA-GLOG;ANALISTA DO TESOURO EST.1A.CL.V;; ESTATUTARIO;44663,38;10840,45;33822,93;10653,47;23169,46;
MARCOS ANDRE PONTES CAVALCANTI;GER.CONT.FIN.TRANSF.VOL.-GTRV;ANALISTA DO TESOURO EST.3A.CL.I;GERENTE, AD-2; ESTATUTARIO;29951,35;;29951,35;9464,50;20486,85;
MARCOS ANTONIO GUERRA PIMENTEL;SUBGER.DE TRANSP.TERREST-STRA;TEC.DA FAZENDA ESTADUAL 1A.CL.V;SUBGERENTE,AD-3; ESTATUTARIO;29311,45;;29311,45;8877,96;20433,49;
MARCOS AUGUSTO BARRETO SANTA RITA;AUDITORIA TRIBUTARIA-AT;AUDITOR FISCAL DE TRIB.EST.1A.CL.I;; ESTATUTARIO;64320,42;33849,31;30471,11;7386,10;23085,01;
MARCOS CARDOSO DE OLIVEIRA;GER.DA DIVIDA PUBLICA-GDPB;ANALISTA DO TESOURO EST.3A.CL.I;GERENTE, AD-2; ESTATUTARIO;29951,35;;29951,35;9464,50;20486,85;
MARCOS FREDIE DUARTE;GER.VIG.REP.OPE.COM MERC.-GVRM;AUDITOR FISCAL DE TRIB.EST.3A.CL.I;; ESTATUTARIO;35205,20;3184,07;32021,13;9940,26;22080,87;
MARCOS GOLBERT XAVIER LIMA;SECRETAR.EXEC.DE ORCAMENTO-SEO;A.TEC-I;ASSESSOR I AD1; ESTATUTARIO;6026,89;;6026,89;864,07;5162,82;
MARCUS ANDRE BARROS DA SILVA;GER.DE CONTABILIDADE - GCON;ASSIST.ADM.DA FAZENDA EST.3A.CL.I;; ESTATUTARIO;6421,33;;6421,33;1356,47;5064,86;
MARCUS VINICIUS CAVALCANTI A SOUZA;GABINETE-GSEFAZ;GERENTE AD-2;; CARGO COMISSION.S/VINCULO;3000,00;;3000,00;387,45;2612,55;
MARGARIDA SILVIA PINHEIRO LANGBECK;GER.DE FISC.DE CONTRIB.-GFIS;AUDITOR FISCAL DE TRIB.EST.1A.CL. V;; ESTATUTARIO;59343,99;23971,04;35372,95;10601,33;24771,62;
MARIA CLAUDIA BATISTA DE CARVALHO;DEPTO.DE TECNOL.DA INF.-DETIN;ASSESSOR III AD-3;; CARGO COMISSION.S/VINCULO;1702,00;;1702,00;153,18;1548,82;
MARIA CRISTINA BEZERRA;DEPTO.DE FISCALIZACAO-DEFIS;ASSIST.ADM.DA FAZENDA EST.1A.CL.I;; ESTATUTARIO;11976,39;;11976,39;3128,20;8848,19;
MARIA DA CONCEICAO CASTRO SANTOS;SUBGER.DE TRANSP.TERREST-STRA;ASSIST.ADM.DA FAZENDA EST.1A.CL.V;; ESTATUTARIO;13542,07;;13542,07;3723,39;9818,68;
MARIA DA CONCEICAO GUERREIRO SILVA;DEPTO.DE CONTAB.PUBLICA-DECON;TEC.DA FAZENDA ESTADUAL 1A.CL.I;CHEFE DE DEPTO, AD-1; ESTATUTARIO;33038,51;923,14;32115,37;9872,57;22242,80;
MARIA DAS GRACAS ALVES BORGES;SECRETAR.EXEC.DE ORCAMENTO-SEO;ASSESSOR TECNICO;ASSESSOR TECNICO; CARGO COMISSION.S/VINCULO;7000,00;;7000,00;1496,76;5503,24;
MARIA DAS GRACAS DE ALMEIDA MAQUINE;GER.DE INSPETOR.SETORIAL-GINS;TEC.DA FAZENDA ESTADUAL 1A.CL.V;; ESTATUTARIO;28850,05;;28850,05;9365,20;19484,85;
MARIA DAS MERCES MARINHO DA COSTA;GER.DE FISC.DE CONTRIB.-GFIS;AUDITOR FISCAL DE TRIB.EST.1A.CL.I;; ESTATUTARIO;50363,44;18342,31;32021,13;9835,99;22185,14;
MARIA DE NAZARE MOTA CAMPOS;GER.DE INSPETOR.SETORIAL-GINS;TEC.DA FAZENDA ESTADUAL 1A.CL.I;; ESTATUTARIO;25259,92;;25259,92;7987,32;17272,60;
MARIA DO SOCORRO DA SILVA LIMA;DEPTO.ENCARG.GER.DIV.HAV-DEDIV;ANALISTA DO TESOURO EST.1A.CL.I;; ESTATUTARIO;42127,92;8304,99;33822,93;10757,74;23065,19;
MARIA DO SOCORRO DOCE DA FONSECA;GER.DE FISC.DE CONTRIB.-GFIS;AUDITOR FISCAL DE TRIB.EST.1A.CL.I;; ESTATUTARIO;53735,66;18362,71;35372,95;10862,02;24510,93;
MARIA DO SOCORRO FONSECA S SILVA;GER.DE ANAL.DESEMP.SETOR.-GANS;TEC.DE ARREC.DE TRIB.EST.1A.CL.V;; ESTATUTARIO;38166,67;4343,74;33822,93;10549,19;23273,74;
MARIA DO SOCORRO LIBORIO DA COSTA;AG.DA FAZENDA PRES.FIGUEI-APRE;TEC.DA FAZENDA ESTADUAL 1A.CL.I;; ESTATUTARIO;28046,06;;28046,06;8545,50;19500,56;
MARIA DO SOCORRO SANTOS OLIVEIRA;GER.DE RECURSOS HUMANOS-GERH;ASSIST.ADM.DA FAZENDA EST.1A.CL.V;GERENTE, AD-2; ESTATUTARIO;16553,44;;16553,44;4552,33;12001,11;
MARIA DOROTEA BERNARDO DO CARMO;GER.DE REANALISE DE TRIB.-GERT;AUDITOR FISCAL DE TRIB.EST.1A.CL.I;; ESTATUTARIO;55185,64;21362,71;33822,93;10809,88;23013,05;
MARIA DOROTEIA DA COSTA DUARTE;GER.DE CONT.FINANCEIRO-GFIN;TEC.DA FAZENDA ESTADUAL 1A.CL.V;; ESTATUTARIO;31072,57;;31072,57;9803,79;21268,78;
MARIA EMILIA PAES MOURA;GER.VIG.REP.OPE.COM MERC.-GVRM;AUDITOR FISCAL DE TRIB.EST.2A.CL.I;; ESTATUTARIO;39769,24;;39769,24;9406,51;30362,73;
MARIA IVANETE PAULA DA SILVA;DEPTO.DESEN.GEST.PESSOAS-DDGEP;TEC.DA FAZENDA ESTADUAL 1A.CL.V;; ESTATUTARIO;31056,97;;31056,97;9902,65;21154,32;
MARIA JOSIMARA MOREIRA LIMA;GER.DE RECURSOS HUMANOS-GERH;SUBGERENTE AD-3;; CARGO COMISSION.S/VINCULO;1339,00;;1339,00;107,12;1231,88;
MARIA MADALENA SOARES DO NASCIMENTO;SUBGERENCIA DE PATRIMONIO-SPAT;TEC.DA FAZENDA ESTADUAL 1A.CL.I;SUBGERENTE, AD-3; ESTATUTARIO;26592,12;;26592,12;8405,27;18186,85;
MARIA VILANI DIAS DE ALMEIDA;GER.DE INSPETOR.SETORIAL-GINS;TEC.DA FAZENDA ESTADUAL 1A.CL.V;ASSESSOR III, AD-3; ESTATUTARIO;32844,55;;32844,55;10191,84;22652,71;
MARICELIA CID VIEIRA BELEM;GER.DE ANAL.DE ESTIM.FIXA-GEEF;AUDITOR FISCAL DE TRIB.EST.3A.CL.I;; ESTATUTARIO;42419,59;11948,48;30471,11;9783,85;20687,26;
MARILDA NUNES DA CUNHA;GER.DE INSPETOR.SETORIAL-GINS;TEC.DA FAZENDA ESTADUAL 1A.CL.V;; ESTATUTARIO;31134,75;;31134,75;9825,36;21309,39;
MARILEA PAMPONET DA F OLIVEIRA;AUDITORIA TRIBUTARIA-AT;TEC.DA FAZENDA ESTADUAL 1A.CL.I;; ESTATUTARIO;25253,12;;25253,12;7932,77;17320,35;
MARILETE NASCIMENTO SILVA;GER.DE DOCUM.ELETRONICOS-GEDE;ASSIST.ADM.DA FAZENDA EST.1A.CL.V;; ESTATUTARIO;13542,07;;13542,07;3723,39;9818,68;
MARILIA EULANE LITAIFF PRAIA;DEPTO.ACOM.CONT.EXEC.ORC-DACEO;CHEFE DE DEPARTAMENTO AD-1;CH.DEPARTAMENTO; CARGO COMISSION.S/VINCULO;5000,00;;5000,00;915,12;4084,88;
MARILU NOGUEIRA RAMOS;GER.DE FISC.DE CONTRIB.-GFIS;AUDITOR FISCAL DE TRIB.EST.1A.CL.I;; ESTATUTARIO;50377,04;18355,91;32021,13;9833,50;22187,63;
MARINA PONTES FONSECA;GER.DE INSPETOR.SETORIAL-GINS;ASSIST.ADM.DA FAZENDA EST.3A.CL.I;ASSESSOR III, AD-3; ESTATUTARIO;8123,33;;8123,33;1876,66;6246,67;
MARINETE SANTANA ALMEIDA DE SOUZA;GER.DE FISC.DE CONTRIB.-GFIS;AUDITOR FISCAL DE TRIB.EST.1A.CL.I;; ESTATUTARIO;53735,66;18362,71;35372,95;10757,74;24615,21;
MARINEUZA SANT ANA DE ALMEIDA;GER.DE FISC.DE CONTRIB.-GFIS;AUDITOR FISCAL DE TRIB.EST.1A.CL.I;; ESTATUTARIO;53728,86;18355,91;35372,95;10809,88;24563,07;
MARIO AUGUSTO DE LIMA RODRIGUES;GER.DE FISC.DE CONTRIB.-GFIS;AUDITOR FISCAL DE TRIB.EST.1A.CL.I;; ESTATUTARIO;50377,04;18355,91;32021,13;9783,85;22237,28;
MARIO DE NAZARE OLIVEIRA COSTA;GER.RECEB.ESTOQ.MATERIAIS-GREM;TEC.DA FAZENDA ESTADUAL 1A.CL.I;; ESTATUTARIO;25259,92;;25259,92;7987,32;17272,60;
MARIO JORGE OLIVEIRA DE SOUZA;AG.DA FAZENDA PARINTINS-APAR;TEC.DE ARREC.DE TRIB.EST.1A.CL.V;; ESTATUTARIO;43119,53;9296,60;33822,93;10705,60;23117,33;
MARIO JORGE RAMOS MUNEYMNE;GER.DE FISC.DE CONTRIB.-GFIS;AUDITOR FISCAL DE TRIB.EST.2A.CL.I;; ESTATUTARIO;50396,88;15023,93;35372,95;10757,74;24615,21;
MARISTELA DA SILVA PINHEIRO;SEC.ADM.DA AUDIT.TRIB.-SAAT;TEC.DA FAZENDA ESTADUAL 1A.CL.I;SECRET. DA AT, AD-2; ESTATUTARIO;28253,12;;28253,12;8914,18;19338,94;
MARLENE SAADS FONSECA ITUASSU;GER.DE FISC.DE CONTRIB.-GFIS;AUDITOR FISCAL DE TRIB.EST.1A.CL. V;; ESTATUTARIO;59331,24;23958,29;35372,95;10653,47;24719,48;
MARLUCE MARQUES DE FARIAS;DEPTO.DE CONTAB.PUBLICA-DECON;TEC.DA FAZENDA ESTADUAL 1A.CL.I;ASSESSOR II, AD-2; ESTATUTARIO;28253,12;;28253,12;8757,77;19495,35;
MARNILCE OLIVEIRA DA SILVA;GER.DE INTELIG.FISCAL-GINT;ASSESSOR III AD-3;; CARGO COMISSION.S/VINCULO;1702,00;;1702,00;153,18;1548,82;
MARTA DA SILVA MEDEIROS;GER.DE REG.DA DIV.ATIVA-GDAT;TEC.DA FAZENDA ESTADUAL 1A.CL.I;; ESTATUTARIO;25259,92;;25259,92;8039,46;17220,46;
MATEUS RIBEIRO MOTA;DEPTO.DE TECNOL.DA INF.-DETIN;ANALISTA TEC.INF.FAZ.EST.3A.CL.I;GERENTE, AD-2; ESTATUTARIO;29951,35;;29951,35;9516,63;20434,72;
MAURICIO DE LIMA RATTES;SUBGER.DE LIQUI.DA DESPES-SGLD;TEC.DA FAZENDA ESTADUAL 1A.CL.I;; ESTATUTARIO;25259,92;;25259,92;7883,05;17376,87;
MICHEL FERREIRA DO VALE;GER.NORMAL.DE CONTRATOS-GNOC;TEC.DA FAZENDA ESTADUAL 3A.CL.I;; ESTATUTARIO;17573,73;;17573,73;5364,92;12208,81;
MICHELE KAKIHARA;GER.DE BANCO DE PRECOS-GBAN;ASSIST.ADM.DA FAZENDA EST.3A.CL.I;; ESTATUTARIO;6421,33;;6421,33;1408,61;5012,72;
MILZA MARIA GOMES;GER.DE FISC.DE CONTRIB.-GFIS;AUDITOR FISCAL DE TRIB.EST.1A.CL. V;; ESTATUTARIO;59338,04;23965,09;35372,95;10601,33;24771,62;
MIRIAN MOCELIM;GER.DE FISC.DE CONTRIB.-GFIS;AUDITOR FISCAL DE TRIB.EST.3A.CL.I;; ESTATUTARIO;35205,20;3184,07;32021,13;9731,72;22289,41;
MOISES DA SILVA MEDEIROS;SUBGER.ACOMP.INC.FISC.-SGIF;TEC.DA FAZENDA ESTADUAL 1A.CL.I;; ESTATUTARIO;25253,12;;25253,12;7932,77;17320,35;
MONICA DO NASCIMENTO FALCAO;GER.DE REG.DA DIV.ATIVA-GDAT;TEC.DA FAZENDA ESTADUAL 1A.CL.V;; ESTATUTARIO;27972,45;;27972,45;8949,59;19022,86;
MONICA MOURA DA FONSECA;GER.DE FISC.DE CONTRIB.-GFIS;AUDITOR FISCAL DE TRIB.EST.1A.CL.I;; ESTATUTARIO;50370,24;18349,11;32021,13;9940,26;22080,87;
MONIQUE FREIRE RODRIGUES;DEPTO.DESEN.GEST.PESSOAS-DDGEP;ASSIST.ADM.DA FAZENDA EST.3A.CL.I;ASSESSOR IV, AD-4; ESTATUTARIO;7760,33;;7760,33;1776,83;5983,50;
MUNI LOURENCO SILVA JUNIOR;CONS.DE REC.FISCAIS-CRF;CONSELHEIRO;; CONSELHO;17437,73;;17437,73;3873,88;13563,85;
NAILEE DE MENEZES BARROS SANTOS;SUBGER.VIST.MERC.NACION.-SGVN;TEC.DA FAZENDA ESTADUAL 1A.CL.V;; ESTATUTARIO;27972,45;;27972,45;8897,46;19074,99;
NARA DE MORAIS BRITO;GER.VIG.REP.OPE.COM MERC.-GVRM;AUDITOR FISCAL DE TRIB.EST.3A.CL.I;; ESTATUTARIO;35205,20;3184,07;32021,13;9835,99;22185,14;
NATALIA AUGUSTO JARDIM;GABINETE-GSEFAZ;ASSESSOR III AD-3;; CARGO COMISSION.S/VINCULO;1702,00;;1702,00;153,18;1548,82;
NATERCIA LOPES SOBREIRA MELLO;AUDITORIA TRIBUTARIA-AT;AUDITOR FISCAL TRIB.EST.4A.CL.III;; ESTATUTARIO;43536,56;13065,45;30471,11;9746,10;20725,01;
NECY FREIRE VIEIRA;DEPTO.DESEN.GEST.PESSOAS-DDGEP;TEC.DA FAZENDA ESTADUAL 1A.CL.I;; ESTATUTARIO;25259,92;;25259,92;8039,46;17220,46;
NEIRALDO HIDALGO DIXO;NUCLEO DE EDUCACAO FISCAL-NEF;TEC.DE ARREC.DE TRIB.EST.1A.CL.V;; ESTATUTARIO;34808,05;4336,94;30471,11;9731,72;20739,39;
NELCY DAS GRACAS DA SILVA;GER.DE FISC.DE CONTRIB.-GFIS;AUDITOR FISCAL DE TRIB.EST.1A.CL. V;; ESTATUTARIO;59324,44;23951,49;35372,95;10862,02;24510,93;
NELIO PENA COLARES;SUBGER.SUP.DECL.ECON.FISC-SGDE;TEC.DA FAZENDA ESTADUAL 1A.CL.I;; ESTATUTARIO;25259,92;;25259,92;7987,32;17272,60;
NELSINDA NORONHA;GER.DE FISC.DE CONTRIB.-GFIS;AUDITOR FISCAL DE TRIB.EST.2A.CL.V;; ESTATUTARIO;49657,24;17636,11;32021,13;9835,99;22185,14;
NELSON ANDRE MACHADO DOS SANTOS;GER.DE FISC.DE CONTRIB.-GFIS;AUDITOR FISCAL DE TRIB.EST.3A.CL.I;; ESTATUTARIO;35205,20;3184,07;32021,13;8290,26;23730,87;
NELSON RAIMUNDO DA SILVA;AUDITORIA TRIBUTARIA-AT;ASSIST.ADM.DA FAZENDA EST.1A.CL.V;; ESTATUTARIO;13564,71;;13564,71;2999,47;10565,24;
NEY LEAO CHACON DE ALMEIDA;SUBGER.ORC.FIN.E ANAL.-SOFA;TEC.DA FAZENDA ESTADUAL 1A.CL.I;; ESTATUTARIO;25259,92;;25259,92;6927,32;18332,60;
NEY PEREIRA DA COSTA;GER.DE PLAN.ACOMP.ESTRAT.-GPAE;ASSIST.ADM.DA FAZENDA EST.1A.CL.I;; ESTATUTARIO;11976,39;;11976,39;3180,34;8796,05;
NEYBE NOGUEIRA TEIXEIRA;NUCLEO DE PLAN.E GESTAO-NPG;TEC.DE ARREC.DE TRIB.EST.1A.CL.V;; ESTATUTARIO;48381,13;4401,16;43979,97;13290,24;30689,73;
NICIAS GORETH BASTOS VARJAO;GER.DE INSPETOR.SETORIAL-GINS;TEC.DA FAZENDA ESTADUAL 1A.CL.V;GERENTE, AD-2; ESTATUTARIO;34088,18;536,26;33551,92;10486,73;23065,19;
NILCELENE RIBEIRO TEIXEIRA SANTOS;GER.VIG.REP.OPE.COM MERC.-GVRM;AUDITOR FISCAL DE TRIB.EST.3A.CL.I;; ESTATUTARIO;35205,20;3184,07;32021,13;9940,26;22080,87;
NILTON CORREA XAVIER;PORTO DE ARREC.CARAUARI-PACAR;TEC.DE ARREC.DE TRIB.EST.1A.CL.V;; ESTATUTARIO;42558,15;12087,04;30471,11;8088,35;22382,76;
NIVALDO DAS CHAGAS MENDONCA;GABINETE-GSEFAZ;AUDITOR FISCAL DE TRIB.EST.1A.CL.I;; ESTATUTARIO;52185,64;18362,71;33822,93;10705,60;23117,33;
NURENBERG OSORIO NUNES;PORTO DE ARREC.LABREA-PALAB;ASSIST.ADM.DA FAZENDA EST.1A.CL.I;; ESTATUTARIO;13734,58;;13734,58;3663,84;10070,74;
ODAIR JOSE DO ROSARIO REIS;SUBGER.MERC.APREENDIDAS-SGMA;ASSIST.ADM.DA FAZENDA EST.3A.CL.I;SUBGERENTE, AD-3; ESTATUTARIO;7760,33;;7760,33;1776,83;5983,50;
OLAVO TAVARES TEIXEIRA;GER.VIG.REP.OPE.COM MERC.-GVRM;AUDITOR FISCAL DE TRIB.EST.3A.CL.I;; ESTATUTARIO;43969,61;11948,48;32021,13;7453,50;24567,63;
OMARINA DO SOCORRO DE GUSMAO SILVA;CENTRAL ATEND.AO CONTRIB.-CAC;TEC.DA FAZENDA ESTADUAL 1A.CL.V;; ESTATUTARIO;27972,45;;27972,45;8897,46;19074,99;
OSWALDO ALVES DE OLIVEIRA FILHO;GER.DE FISC.DE CONTRIB.-GFIS;AUDITOR FISCAL DE TRIB.EST.1A.CL.I;CHEFE DE DEPTO, AD-1; ESTATUTARIO;50370,24;18349,11;32021,13;9940,26;22080,87;
OSWALDO NOGUEIRA DE OLIVEIRA FILHO;GER.DE FISC.DE CONTRIB.-GFIS;AUDITOR FISCAL DE TRIB.EST.1A.CL.I;; ESTATUTARIO;50363,44;18342,31;32021,13;9835,99;22185,14;
OZENIR GOMES DE OLIVEIRA;SUBGER.CONT.ACOMP.DA DIA-SGCD;AUDITOR FISCAL DE TRIB.EST.1A.CL.I;SUBGERENTE, AD-3; ESTATUTARIO;53511,04;19688,11;33822,93;10757,74;23065,19;
PATRICIA FIGUEIRA PIMENTEL;DEPTO.CONTR.ENTR.MERCAD.-DECEM;AUDITOR FISCAL DE TRIB.EST.3A.CL.I;; ESTATUTARIO;33655,18;3184,07;30471,11;9940,26;20530,85;
PATRICIA SILVA DOS SANTOS BAPTISTA;SUBGER.VIST.MERC.IMPORT.-SGVI;AUDITOR FISCAL DE TRIB.EST.3A.CL.I;; ESTATUTARIO;35205,20;3184,07;32021,13;9940,26;22080,87;
PAULA DA SILVA COSTA;GER.DE INSPETOR.SETORIAL-GINS;ASSIST.ADM.DA FAZENDA EST.3A.CL.I;ASSESSOR III, AD-3; ESTATUTARIO;8123,33;;8123,33;1876,66;6246,67;
PAULA FERNANDA COSTA DE CASTRO;ASSESSOR.DE COMUNICACAO-ASCOM;ASSESSOR II AD-2;; CARGO COMISSION.S/VINCULO;3000,00;;3000,00;387,45;2612,55;
PAULO CAPUTO E OLIVEIRA;DEPTO.DE TECNOL.DA INF.-DETIN;ANALISTA TEC.INF.FAZ.EST.3A.CL.I;; ESTATUTARIO;26951,35;;26951,35;8691,63;18259,72;
PAULO CESAR DE CASTRO;GER.DO SIST.DE REG.PRECOS-GSRP;TEC.DA FAZENDA ESTADUAL 1A.CL.V;; ESTATUTARIO;27979,25;;27979,25;9056,28;18922,97;
PAULO CESAR VINHAS TISO;GER.DE FISC.DE CONTRIB.-GFIS;AUDITOR FISCAL DE TRIB.EST.3A.CL.I;; ESTATUTARIO;35205,20;3184,07;32021,13;9940,26;22080,87;
PAULO EDUARDO MEDEIROS DE MACEDO;GER.VIG.REP.OPE.COM MERC.-GVRM;AUDITOR FISCAL DE TRIB.EST.3A.CL.I;; ESTATUTARIO;35205,20;3184,07;32021,13;9940,26;22080,87;
PAULO HENRIQUE DE OLIVEIRA CARVALHO;GER.DE NEGOCIOS E DESENV.-GEND;ANALISTA TEC.INF.FAZ.EST.3A.CL.I;; ESTATUTARIO;26951,35;;26951,35;8691,63;18259,72;
PAULO MARIALVA VIEIRA;POSTO FISCAL PARINTINS-PIMN II;ASSIST.ADM.DA FAZENDA EST.3A.CL.I;; ESTATUTARIO;8281,35;;8281,35;1815,84;6465,51;
PAULO ROBERTO MACHADO;GER.DE ARREC.UNID.DESC.-GARD;TEC.DE ARREC.DE TRIB.EST.1A.CL.V;; ESTATUTARIO;34840,16;4369,05;30471,11;9679,58;20791,53;
PAULO ROBERTO WALLACE DA SILVA;CONS.DE REC.FISCAIS-CRF;TEC.DA FAZENDA ESTADUAL 1A.CL.I;SECRET. DO CRF, AD-2; ESTATUTARIO;28259,92;;28259,92;8812,32;19447,60;
PAULO VICTOR REIS CORDEIRO;CONS.DE REC.FISCAIS-CRF;SUBGERENTE AD-3;; CARGO COMISSION.S/VINCULO;1339,00;;1339,00;107,12;1231,88;
PEDRO DA PAZ PEREIRA FILHO;AG.DA FAZENDA EM EIRUNEPE-AEIR;TEC.DE ARREC.DE TRIB.EST.1A.CL.V;CHEFE AG. DA FAZENDA; ESTATUTARIO;43897,15;13426,04;30471,11;8573,85;21897,26;
PEDRO MARCELO AGUIAR SOARES;GER.DE FISC.DE CONTRIB.-GFIS;AUDITOR FISCAL DE TRIB.EST.1A.CL.I;; ESTATUTARIO;48827,02;18355,91;30471,11;9940,26;20530,85;
PERPETUA AUXILIADORA DE O SANTANA;GER.DE AQUIS.BENS E SERV-GABS;ASSESSOR II AD-2;; CARGO COMISSION.S/VINCULO;3000,00;;3000,00;387,45;2612,55;
PHILLIPPE LIBERATO DE O MACEDO;ASSESSORIA JURIDICA;ASSESSOR II AD-2;; CARGO COMISSION.S/VINCULO;3000,00;;3000,00;387,45;2612,55;
POSSIDONIO MARINHO FILHO;AG.DA FAZENDA EM HUMAITA-AHUM;TEC.DE ARREC.DE TRIB.EST.1A.CL.V;; ESTATUTARIO;43112,27;9289,34;33822,93;10653,47;23169,46;
RAFAEL CANIATTI PERRONI;DEPTO.CONTR.ENTR.MERCAD.-DECEM;AUDITOR FISCAL DE TRIB.EST.3A.CL.I;; ESTATUTARIO;33655,18;3184,07;30471,11;9888,13;20582,98;
RAFAEL CAVALCANTE DE ARAUJO;SUBGER.DE PESSOAL-SPES;ASSIST.ADM.DA FAZENDA EST.3A.CL.I;SUBGERENTE, AD-3; ESTATUTARIO;7760,33;;7760,33;1776,83;5983,50;
RAFAEL GROSSI LOBO MARTINS;GER.DE FISC.DE CONTRIB.-GFIS;AUDITOR FISCAL DE TRIB.EST.3A.CL.I;; ESTATUTARIO;35205,20;3184,07;32021,13;8725,82;23295,31;
RAFAELA RODRIGUES ALVES;GER.DO SIST.DE REG.PRECOS-GSRP;ASSESSOR II AD-2;; CARGO COMISSION.S/VINCULO;3000,00;;3000,00;387,45;2612,55;
RAIANA FRANCIS DA COSTA CABRAL;SEC.EXEC.DE ASSUNTOS ADM.-SEA;ASSIST.ADM.FAZENDA EST.4A.CL.III;ASSESSOR II, AD-2; ESTATUTARIO;8367,32;;8367,32;1807,56;6559,76;
RAICIMAR GOMES CORREA;SECRETARIA EXEC.DA RECEITA-SER;TEC.DA FAZENDA ESTADUAL 1A.CL.I;ASSESSOR II, AD-2; ESTATUTARIO;28253,12;;28253,12;7318,72;20934,40;
RAIDI AUGUSTO MONTEIRO R SOUZA;GER.DE RECURSOS HUMANOS-GERH;TEC.DA FAZENDA ESTADUAL 1A.CL.V;; ESTATUTARIO;37278,47;;37278,47;11455,52;25822,95;
RAIMUNDA PONTILHAO OROFINO;DEPTO.CONTR.ENTR.MERCAD.-DECEM;AUDITOR FISCAL DE TRIB.EST.3A.CL.I;; ESTATUTARIO;42419,59;11948,48;30471,11;9835,99;20635,12;
RAIMUNDO BENTES MONTEIRO;GER.DE FISC.DE CONTRIB.-GFIS;AUDITOR FISCAL DE TRIB.EST.1A.CL.I;; ESTATUTARIO;50363,44;18342,31;32021,13;9783,85;22237,28;
RAIMUNDO CESAR GUIMARAES DE ANDRADE;GER.DE FISC.DE CONTRIB.-GFIS;AUDITOR FISCAL DE TRIB.EST.1A.CL.I;; ESTATUTARIO;50370,24;18349,11;32021,13;8725,82;23295,31;
RAIMUNDO CESAR RODRIGUES DOS SANTOS;SEC.EXEC.DE ASSUNTOS ADM.-SEA;ASSESSOR III AD-3;; CARGO COMISSION.S/VINCULO;1702,00;;1702,00;153,18;1548,82;
RAIMUNDO DA COSTA AMARAL;AG.DA FAZENDA EM TEFE-ATEF;TEC.DE ARREC.DE TRIB.EST.1A.CL.V;CHEFE AG. DA FAZENDA; ESTATUTARIO;41029,61;10558,50;30471,11;9050,64;21420,47;
RAIMUNDO DA SILVA BARROS;AG.DA FAZENDA PARINTINS-APAR;TEC.DE ARREC.DE TRIB.EST.1A.CL.V;; ESTATUTARIO;39690,61;9219,50;30471,11;9679,58;20791,53;
RAIMUNDO EBER DA SILVA RAMOS;CENTRO DE EST.ECON.TRIB.-CEET;TEC.DA FAZENDA ESTADUAL 3A.CL.I;; ESTATUTARIO;17573,73;;17573,73;5364,92;12208,81;
RAIMUNDO ERNANI DE SOUZA PIRES;DEPTO.DE ARRECADACAO-DEARC;TEC.DE ARREC.DE TRIB.EST.1A.CL.V;; ESTATUTARIO;34808,05;4336,94;30471,11;9888,13;20582,98;
RAIMUNDO GOMES DA ROCHA;GER.DE FISC.DE CONTRIB.-GFIS;AUDITOR FISCAL DE TRIB.EST.1A.CL.I;; ESTATUTARIO;53735,66;18362,71;35372,95;10549,19;24823,76;
RAIMUNDO JOSE CRUZ DE OLIVEIRA;SUBGER.DE CONTR.REANAL.-SGCR;ASSIST.ADM.DA FAZENDA EST.3A.CL.I;SUBGERENTE, AD-3; ESTATUTARIO;7760,33;;7760,33;1114,95;6645,38;
RAIMUNDO MARQUES DOS SANTOS JUNIOR;SUBGER.DE ALMOXARIFADO-SALM;ASSIST.ADM.DA FAZENDA EST.3A.CL.I;SUBGERENTE, AD-3; ESTATUTARIO;7760,33;;7760,33;1776,83;5983,50;
RAIMUNDO NAPOLEAO FERREIRA NETO;POSTO ARREC.N.ARIPUANA-PANAR;TEC.DA FAZENDA ESTADUAL 1A.CL.V;; ESTATUTARIO;31064,52;;31064,52;9905,27;21159,25;
RAIMUNDO NONATO DA CUNHA;GER.RECEB.ESTOQ.MATERIAIS-GREM;ANALISTA DO TESOURO EST.1A.CL.I;; ESTATUTARIO;42134,72;8311,79;33822,93;10549,19;23273,74;
RAIMUNDO NONATO FARIAS DA SILVA;GER.DE FISC.DE CONTRIB.-GFIS;AUDITOR FISCAL DE TRIB.EST.1A.CL.I;; ESTATUTARIO;50370,24;18349,11;32021,13;9783,85;22237,28;
RAIMUNDO NONATO MAPURUNGA DA FROTA;GER.DE PADRON.DE MATER.-GPMA;TEC.DA FAZENDA ESTADUAL 3A.CL.I;; ESTATUTARIO;17573,73;;17573,73;5156,37;12417,36;
RAIMUNDO RICARDO NOGUEIRA LOPES;GER.DE INSPETOR.SETORIAL-GINS;TEC.DA FAZENDA ESTADUAL 1A.CL.V;ASSESSOR III, AD-3; ESTATUTARIO;32822,70;;32822,70;10184,26;22638,44;
RAIMUNDO SIDNEY MORAIS PIRES;AG.DA FAZENDA TABATINGA-ATAB;TEC.DE ARREC.DE TRIB.EST.1A.CL.V;CHEFE AG. DA FAZENDA; ESTATUTARIO;41029,61;10558,50;30471,11;9835,99;20635,12;
RAONI CAMILO BARBOSA DE OLIVEIRA;GER.DE PADRONIZ.DE SERV.-GPSE;ASSIST.ADM.DA FAZENDA EST.3A.CL.I;ASSESSOR II AD-2; ESTATUTARIO;9421,33;;9421,33;2233,61;7187,72;
REGILANE KATIA COSTA ROCHA;GER.GESTAO DE CONTRATOS-GGCT;TEC.DA FAZENDA ESTADUAL 3A.CL.I;; ESTATUTARIO;17573,73;;17573,73;5364,92;12208,81;
REGINA JUREMA BEZERRA;GER.DE INSPETOR.SETORIAL-GINS;TEC.DA FAZENDA ESTADUAL 1A.CL.I;ASSESSOR III, AD-3; ESTATUTARIO;29740,51;;29740,51;9063,07;20677,44;
REGINA ROQUE SOUZA DO NASCIMENTO;AG.DA FAZ.EM BOCA DO ACRE-ABAC;ASSIST.ADM.DA FAZENDA EST.3A.CL.I;CHEFE AG. DA FAZENDA; ESTATUTARIO;11068,37;;11068,37;2582,27;8486,10;
RENAN AZEVEDO DE QUEIROZ;GER.DE INSPETOR.SETORIAL-GINS;TEC.DA FAZENDA ESTADUAL 1A.CL.I;ASSESSOR III, AD-3; ESTATUTARIO;26961,92;;26961,92;8455,37;18506,55;
RENAN DOS REIS JOBIM;GER.DE CONTABILIDADE - GCON;ASSIST.ADM.DA FAZENDA EST.3A.CL.I;; ESTATUTARIO;6421,33;;6421,33;1408,61;5012,72;
RICARDO FERNANDES NERY;GER.DE FISC.DE CONTRIB.-GFIS;AUDITOR FISCAL DE TRIB.EST.1A.CL.I;; ESTATUTARIO;50383,84;18362,71;32021,13;9225,90;22795,23;
RICARDO WAGNER FACANHA MENDES;GER.DE FISC.DE CONTRIB.-GFIS;AUDITOR FISCAL DE TRIB.EST.1A.CL.I;; ESTATUTARIO;50370,24;18349,11;32021,13;9888,13;22133,00;
RISONALDO DE MELO LIMA;GER.DE FISC.DE CONTRIB.-GFIS;AUDITOR FISCAL DE TRIB.EST.1A.CL. V;; ESTATUTARIO;69998,15;23951,49;46046,66;13588,74;32457,92;
RITA DE CASSIA SALVATORI DOS SANTOS;SUBGER.DE PESSOAL-SPES;TEC.DA FAZENDA ESTADUAL 3A.CL.I;; ESTATUTARIO;17573,73;;17573,73;5364,92;12208,81;
RITACLEI GONCALVES DE SOUZA;DEPTO.DE ARRECADACAO-DEARC;TEC.DE ARREC.DE TRIB.EST.1A.CL.V;; ESTATUTARIO;34808,05;4336,94;30471,11;9835,99;20635,12;
ROBERTA VILLAS MARTINS ESTEVES;GER.VIG.REP.OPE.COM MERC.-GVRM;AUDITOR FISCAL DE TRIB.EST.3A.CL.I;; ESTATUTARIO;33655,18;3184,07;30471,11;9940,26;20530,85;
ROBERTO DA SILVA GERALDO;GER.DE FISC.DE CONTRIB.-GFIS;AUDITOR FISCAL DE TRIB.EST.1A.CL.I;; ESTATUTARIO;50377,04;18355,91;32021,13;9679,58;22341,55;
ROBERTO DE LIMA CAMINHA FILHO;CONS.DE REC.FISCAIS-CRF;CONSELHEIRO;; CONSELHO;17437,73;;17437,73;4367,13;13070,60;
ROBERTO OLIVEIRA DE SOUZA;GERENCIA DE LOGISTICA-GLOG;ASSIST.ADM.DA FAZENDA EST.1A.CL.V;; ESTATUTARIO;13564,71;;13564,71;2542,19;11022,52;
ROBERTO SAID DE OLIVEIRA FILHO;GER.DE INSPETOR.SETORIAL-GINS;ASSIST.ADM.DA FAZENDA EST.3A.CL.I;ASSESSOR III AD-3; ESTATUTARIO;8123,33;;8123,33;1876,66;6246,67;
RODOLFO PINTO BENTES;GER.DA DIVIDA PUBLICA-GDPB;ANALISTA DO TESOURO EST.3A.CL.I;GERENTE, AD-2; ESTATUTARIO;29951,35;;29951,35;9464,50;20486,85;
RODRIGO BELEM LIMA;ASSESSORIA JURIDICA;ASSIST.ADM.DA FAZENDA EST.3A.CL.I;CHEFE ASSES JURIDICA; ESTATUTARIO;11421,33;;11421,33;2783,61;8637,72;
RODRIGO CASTRO MIRANDA;CENTRAL ATEND.AO CONTRIB.-CAC;ASSIST.ADM.DA FAZENDA EST.3A.CL.I;; ESTATUTARIO;6421,33;;6421,33;1408,61;5012,72;
RODRIGO CHAVES BARRETO;SUBGER.DE LIQUI.DA DESPES-SGLD;ASSIST.ADM.DA FAZENDA EST.3A.CL.I;; ESTATUTARIO;6421,33;;6421,33;1408,61;5012,72;
RODRIGO FIGUEIREDO DE ALBUQUERQUE;GER.DE NEGOCIOS E DESENV.-GEND;ANALISTA TEC.INF.FAZ.EST.3A.CL.I;CHEFE DE DEPTO, AD-1; ESTATUTARIO;31951,35;1480,24;30471,11;9555,29;20915,82;
RODRIGO MASSAYUKI IJICHI;GER.DE FISC.DE CONTRIB.-GFIS;AUDITOR FISCAL DE TRIB.EST.3A.CL.I;; ESTATUTARIO;35205,20;3184,07;32021,13;9940,26;22080,87;
RODRIGO PINHEIRO DE ALMEIDA CASTRO;GER.VIG.REP.OPE.COM MERC.-GVRM;AUDITOR FISCAL DE TRIB.EST.3A.CL.I;GERENTE, AD-2; ESTATUTARIO;46812,22;6184,07;40628,15;12629,18;27998,97;
ROMILDO DE AGUIAR OLIVEIRA;GER.DE FISC.DE CONTRIB.-GFIS;AUDITOR FISCAL DE TRIB.EST.1A.CL.I;; ESTATUTARIO;48820,22;18349,11;30471,11;9835,99;20635,12;
ROMILSON LEITE BRASIL;GER.DE FISC.DE CONTRIB.-GFIS;AUDITOR FISCAL DE TRIB.EST.1A.CL.I;; ESTATUTARIO;50370,24;18349,11;32021,13;9783,85;22237,28;
ROMULO AQUILES SALGADO BESSA;SUBGER.CONC.CTA.CORR.CONT-SGCC;TEC.DA FAZENDA ESTADUAL 1A.CL.V;; ESTATUTARIO;31064,52;;31064,52;8283,41;22781,11;
RONALDO AMARAL NEMER;SECRETAR.EXEC.DE ORCAMENTO-SEO;ASSESSOR TECNICO;ASSESSOR TECNICO; CARGO COMISSION.S/VINCULO;7000,00;;7000,00;1496,76;5503,24;
RONALDO NASCIMENTO OLIVEIRA;GERENCIA DE PAGAMENTO - GPAG;TEC.DA FAZENDA ESTADUAL 1A.CL.I;; ESTATUTARIO;25253,12;;25253,12;7984,91;17268,21;
RONILSON LEITE BRASIL;GER.DE FISC.DE CONTRIB.-GFIS;AUDITOR FISCAL DE TRIB.EST.1A.CL.I;; ESTATUTARIO;50370,24;18349,11;32021,13;9940,26;22080,87;
ROSA PAULA FERREIRA MAGALHAES;AG.DA FAZENDA ITACOATIARA-AITA;ASSIST.ADM.DA FAZENDA EST.3A.CL.I;; ESTATUTARIO;6421,33;;6421,33;1408,61;5012,72;
ROSENILSON AMAZONAS PESSOA;GER.DE FISC.DE CONTRIB.-GFIS;AUDITOR FISCAL DE TRIB.EST.3A.CL.I;; ESTATUTARIO;35205,20;3184,07;32021,13;8422,21;23598,92;
ROSIMEIRE PAZ DA SILVA;GER.DE INSPETOR.SETORIAL-GINS;ASSIST.ADM.DA FAZENDA EST.3A.CL.I;ASSESSOR III, AD-3; ESTATUTARIO;8123,33;;8123,33;1876,66;6246,67;
ROSINEIDE DE MELO ROLDAO;COORD.COMP.CONTR.GOVERN.-CCGOV;TEC.DA FAZENDA ESTADUAL 1A.CL.I;; ESTATUTARIO;25253,12;;25253,12;8037,04;17216,08;
ROSIVALDO BEZERRA DE SOUZA;DEPTO.DE ARRECADACAO-DEARC;TEC.DE ARREC.DE TRIB.EST.1A.CL.V;; ESTATUTARIO;34808,05;4336,94;30471,11;9627,44;20843,67;
ROSIVALDO FERREIRA NERI;GER.CONTROLE ARRECADACAO-GCAR;TEC.DE ARREC.DE TRIB.EST.1A.CL.V;SUBGERENTE, AD-3; ESTATUTARIO;36153,85;5682,74;30471,11;9783,85;20687,26;
ROZENDO GALDINO DA SILVA FILHO;GER.DE CONTABILIDADE - GCON;ANALISTA DO TESOURO EST.3A.CL.I;GERENTE AD-2; ESTATUTARIO;29951,35;;29951,35;9516,63;20434,72;
RUBENS MARQUES FURTADO;GERENCIA DE LOGISTICA-GLOG;ASSIST.ADM.DA FAZENDA EST.3A.CL.I;GERENTE, AD-2; ESTATUTARIO;9421,33;;9421,33;2025,06;7396,27;
RUSANIA PONTES CORDOVIL;COM.DE PROG.FINANCEIRA-CPF;TEC.DA FAZENDA ESTADUAL 1A.CL.I;SECRET. DA CPF, AD-2; ESTATUTARIO;28259,92;;28259,92;8760,18;19499,74;
RUTH RAIMUNDA REIS DOS SANTOS;SUBGER.DE PESSOAL-SPES;TEC.DA FAZENDA ESTADUAL 1A.CL.I;; ESTATUTARIO;25259,92;;25259,92;8091,60;17168,32;
RUY BARBOSA DA SILVA M VIOLANTE;GER.DE ANAL.DESEMP.SETOR.-GANS;ASSIST.ADM.DA FAZENDA EST.3A.CL.I;; ESTATUTARIO;8561,77;;8561,77;1945,09;6616,68;
RUY LOPES BRASIL;GER.RECEB.ESTOQ.MATERIAIS-GREM;TEC.DA FAZENDA ESTADUAL 1A.CL.V;; ESTATUTARIO;31056,97;;31056,97;9798,38;21258,59;
SAMUEL ALVES DA SILVA;SUBGER.DE TRANSP.TERREST-STRA;MOTORISTA FAZENDARIO 1A.CL.-III;; ESTATUTARIO;17557,14;;17557,14;5116,01;12441,13;
SANDER JOSE COUTO DA SILVA;GER.RECEB.ESTOQ.MATERIAIS-GREM;ASSIST.ADM.DA FAZENDA EST.3A.CL.I;; ESTATUTARIO;6421,33;;6421,33;1356,47;5064,86;
SANDRO GATO PESSOA;SUBGER.ANAL.DADOS FISC.-SADF;ASSIST.ADM.DA FAZENDA EST.3A.CL.I;SUBGERENTE, AD-3; ESTATUTARIO;7760,33;;7760,33;1142,75;6617,58;
SANTANA CONCEICAO DA COSTA;GER.DE FISC.DE CONTRIB.-GFIS;AUDITOR FISCAL DE TRIB.EST.1A.CL.I;; ESTATUTARIO;53728,86;18355,91;35372,95;10757,74;24615,21;
SARAH CORREA SILVA;SUBGER.DE PESSOAL-SPES;SUBGERENTE AD-3;; CARGO COMISSION.S/VINCULO;1339,00;;1339,00;107,12;1231,88;
SAYTA MOANA MARTINS SOARES;GER.DE PADRON.DE MATER.-GPMA;ASSESSOR II AD-2;; CARGO COMISSION.S/VINCULO;3000,00;;3000,00;387,45;2612,55;
SCOT MACLAYD ROLIM DE LIMA;GABINETE-GSEFAZ;SUBGERENTE AD-3;; CARGO COMISSION.S/VINCULO;1339,00;;1339,00;107,12;1231,88;
SEBASTIAO HILARIO NASCIMENTO;SUBGER.DE TRANSP.TERREST-STRA;MOTORISTA FAZENDARIO 1A.CL.-I;; ESTATUTARIO;14457,60;;14457,60;4155,20;10302,40;
SEBASTIAO LIBORIO RAMOS FILHO;GER.DE REG.DA DIV.ATIVA-GDAT;ASSIST.ADM.DA FAZENDA EST.3A.CL.I;GERENTE, AD-2; ESTATUTARIO;9421,33;;9421,33;2233,61;7187,72;
SELENE FERNANDES EVERTON;DEPTO.DE TECNOL.DA INF.-DETIN;ASSIST.ADM.DA FAZENDA EST.1A.CL.I;; ESTATUTARIO;11976,39;;11976,39;3284,61;8691,78;
SELMA SILVA DE OLIVEIRA;DEPARTAMENTO DE ADMINIST-DEPAD;TEC.DA FAZENDA ESTADUAL 1A.CL.I;; ESTATUTARIO;25253,12;;25253,12;8089,18;17163,94;
SERGIO ALFREDO PESSOA F JUNIOR;GABINETE-GSEFAZ;AUDITOR FISCAL DE TRIB.EST.3A.CL.I;; ESTATUTARIO;33655,18;3184,07;30471,11;9835,99;20635,12;
SERGIO JESUS DOS SANTOS;GER.DE FISC.DE CONTRIB.-GFIS;AUDITOR FISCAL DE TRIB.EST.3A.CL.I;; ESTATUTARIO;33655,18;3184,07;30471,11;8984,79;21486,32;
SEVILHA NEVES LOUREIRO;GER.DE ANAL.DE ESTIM.FIXA-GEEF;ASSIST.ADM.DA FAZENDA EST.3A.CL.I;GERENTE, AD-2; ESTATUTARIO;9421,33;;9421,33;2181,47;7239,86;
SHIRLEY NAZARE DE OLIVEIRA ASSIS;ASSESSOR.DE COMUNICACAO-ASCOM;TEC.DA FAZENDA ESTADUAL 1A.CL.I;; ESTATUTARIO;25253,12;;25253,12;7984,91;17268,21;
SHIRLEY OSORIO NUNES;GABINETE-GSEFAZ;ASSIST.ADM.DA FAZENDA EST.1A.CL.I;; ESTATUTARIO;10782,74;;10782,74;2851,54;7931,20;
SIDNEY ASSIS CHAGAS;SUBGER.DE ARQUIVO-SARQ;TEC.DA FAZENDA ESTADUAL 3A.CL.I;; ESTATUTARIO;23431,64;;23431,64;6923,71;16507,93;
SIDNEY REIS COELHO;GER.DE INSPETOR.SETORIAL-GINS;TEC.DA FAZENDA ESTADUAL 1A.CL.V;ASSESSOR III, AD-3; ESTATUTARIO;31552,05;1080,94;30471,11;8483,80;21987,31;
SILENE DA SILVA DUARTE;P.FIS.RPF K.204-BR 174-PMMN IV;ASSIST.ADM.DA FAZENDA EST.3A.CL.I;; ESTATUTARIO;8561,77;;8561,77;1997,23;6564,54;
SIMAO MASSUD RUFFEIL NETO;GER.DE FISC.DE CONTRIB.-GFIS;AUDITOR FISCAL DE TRIB.EST.3A.CL.I;; ESTATUTARIO;35205,20;3184,07;32021,13;9940,26;22080,87;
SOLANGE RIBEIRO DE ANDRADE;GER.DE CONTABILIDADE - GCON;ASSIST.ADM.DA FAZENDA EST.3A.CL.I;ASSESSOR III, AD-3; ESTATUTARIO;8123,33;;8123,33;1876,66;6246,67;
SONIA MARIA E SILVA NOGUEIRA;COM.DE PROG.FINANCEIRA-CPF;ANALISTA DO TESOURO EST.3A.CL.I;; ESTATUTARIO;26951,35;;26951,35;8639,50;18311,85;
SORAYA LOPES NERY;GER.DO SIST.DE REG.PRECOS-GSRP;ASSESSOR II AD-2;; CARGO COMISSION.S/VINCULO;3000,00;;3000,00;387,45;2612,55;
SUANISLEY HOLANDA DE OLIVEIRA;GER.DE INSPETOR.SETORIAL-GINS;TEC.DA FAZENDA ESTADUAL 1A.CL.I;; ESTATUTARIO;28046,06;;28046,06;8806,19;19239,87;
SUELY BATISTA BARRONCAS;GER.VIG.REP.OPE.COM MERC.-GVRM;TEC.DA FAZENDA ESTADUAL 1A.CL.I;; ESTATUTARIO;33670,83;;33670,83;10404,05;23266,78;
SUELY CHISAYO NISHI;GER.VIG.REP.OPE.COM MERC.-GVRM;AUDITOR FISCAL DE TRIB.EST.3A.CL.I;; ESTATUTARIO;35205,20;3184,07;32021,13;9940,26;22080,87;
SUZANE CRUZ FONSECA;DEPTO.ENCARG.GER.DIV.HAV-DEDIV;GERENTE AD-2;; CARGO COMISSION.S/VINCULO;3000,00;;3000,00;387,45;2612,55;
TANIA MARIA MEDINA NORONHA;GER.DE FISC.DE CONTRIB.-GFIS;AUDITOR FISCAL DE TRIB.EST.1A.CL.I;; ESTATUTARIO;53715,26;18342,31;35372,95;10862,02;24510,93;
TANIELE PICANCO ANEQUINO;DEPARTAMENTO DE ADMINIST-DEPAD;ASSESSOR III AD-3;; CARGO COMISSION.S/VINCULO;1702,00;;1702,00;153,18;1548,82;
TEOFILO GOMES DA SILVA NETO;CONS.DE REC.FISCAIS-CRF;CONSELHEIRO;; CONSELHO;17437,73;;17437,73;4367,13;13070,60;
TEREZINHA DE JESUS DUARTE C SEMEN;GABINETE-GSEFAZ;TEC.DA FAZENDA ESTADUAL 1A.CL.I;GERENTE, AD-2; ESTATUTARIO;28253,12;;28253,12;8757,77;19495,35;
THAIS MARQUES PEDROSO PIMENTEL;GER.DE AQUIS.BENS E SERV-GABS;GERENTE AD-2;; CARGO COMISSION.S/VINCULO;3000,00;;3000,00;387,45;2612,55;
THATIANE MUNIZ TAVARES;COORD.COMP.CONTR.GOVERN.-CCGOV;ASSESSOR II AD-2;; CARGO COMISSION.S/VINCULO;3000,00;;3000,00;387,45;2612,55;
THIAGO BARBOSA SANTOS DA COSTA;GERENCIA DE PAGAMENTO - GPAG;ASSIST.ADM.DA FAZENDA EST.3A.CL.I;GERENTE, AD-2; ESTATUTARIO;9421,33;;9421,33;2233,61;7187,72;
THIAGO MENEZES BARANDA;GER.DE REGIMES ESPECIAIS-GERE;ASSIST.ADM.DA FAZENDA EST.3A.CL.I;; ESTATUTARIO;6421,33;;6421,33;1408,61;5012,72;
THIAGO SOARES CABELEIRA;GER.DE FISC.DE CONTRIB.-GFIS;AUDITOR FISCAL DE TRIB.EST.3A.CL.I;; ESTATUTARIO;35205,20;3184,07;32021,13;9940,26;22080,87;
THOMAZ AFONSO QUEIROZ NOGUEIRA;GABINETE-GSEFAZ;AUDITOR FISCAL DE TRIB.EST.1A.CL.I;; ESTATUTARIO;48691,02;18219,91;30471,11;9783,85;20687,26;
TIAGO AIRES DOS SANTOS;GER.VIG.REP.OPE.COM MERC.-GVRM;ASSIST.ADM.DA FAZENDA EST.3A.CL.I;SUBGERENTE, AD-3; ESTATUTARIO;7760,33;;7760,33;1776,83;5983,50;
TOMAZ DE AQUINO ARMOND DE MELO;GER.DE FISC.DE CONTRIB.-GFIS;AUDITOR FISCAL DE TRIB.EST.1A.CL.I;CHEFE DE DEPTO, AD-1; ESTATUTARIO;64473,14;18426,48;46046,66;13085,41;32961,25;
TULIO SERGIO DE SOUZA PINHEIRO;CONS.DE REC.FISCAIS-CRF;AUDITOR FISCAL DE TRIB.EST.1A.CL.I;; ESTATUTARIO;66257,95;35786,84;30471,11;9835,99;20635,12;
VALDEMAR GOMES DE SOUSA FILHO;GER.VIG.REP.OPE.COM MERC.-GVRM;AUDITOR FISCAL DE TRIB.EST.3A.CL.I;; ESTATUTARIO;43976,41;11955,28;32021,13;9731,72;22289,41;
VALDENIA SANTOS MARTINS DE PINHO;CENTRO EST.FIN.PUBLICAS-CEFIP;ANALISTA DO TESOURO EST.1A.CL.V;; ESTATUTARIO;41256,13;10785,02;30471,11;9835,99;20635,12;
VALDIR HONORATO DOS REIS;GER.DE FISC.DE CONTRIB.-GFIS;AUDITOR FISCAL DE TRIB.EST.1A.CL. V;; ESTATUTARIO;65218,30;29845,35;35372,95;10601,33;24771,62;
VALDIR RODRIGUES BARBOSA;AUDITORIA TRIBUTARIA-AT;AUDITOR FISCAL DE TRIB.EST.1A.CL.I;; ESTATUTARIO;67665,44;34385,78;33279,66;8737,96;24541,70;
VALESKA BRENDA DA SILVA E SILVA;SUBGER.DE TREINAMENTO-SBTR;SUBGERENTE AD-3;; CARGO COMISSION.S/VINCULO;1339,00;;1339,00;107,12;1231,88;
VALLISMAR DE SOUZA OLIVEIRA;GER.DE FISC.DE CONTRIB.-GFIS;AUDITOR FISCAL DE TRIB.EST.1A.CL.I;; ESTATUTARIO;50370,24;18349,11;32021,13;9937,77;22083,36;
VALMIR CETAURO RAPOSO;AG.DA FAZENDA PRES.FIGUEI-APRE;TEC.DE ARREC.DE TRIB.EST.1A.CL.V;CHEFE AG. DA FAZENDA; ESTATUTARIO;36159,70;5688,59;30471,11;9731,72;20739,39;
VALMIR SIDNEY LEVINTHAL DE OLIVEIRA;AUDITORIA TRIBUTARIA-AT;AUDITOR FISCAL DE TRIB.EST.1A.CL.I;; ESTATUTARIO;48884,84;18413,73;30471,11;9731,72;20739,39;
VANDERLA DA SILVA BARROS;GER.VIG.REP.OPE.COM MERC.-GVRM;ASSIST.ADM.DA FAZENDA EST.3A.CL.I;; ESTATUTARIO;6421,33;;6421,33;1408,61;5012,72;
VANDERLAN PIRES DA SILVA;SUBGER.SUP.DECL.ECON.FISC-SGDE;TEC.DE ARREC.DE TRIB.EST.3A.CL.I;SUBGERENTE, AD-3; ESTATUTARIO;23268,28;;23268,28;7278,28;15990,00;
VANIA CRISTINA SOARES MARCAL;GABINETE-GSEFAZ;TEC.DA FAZENDA ESTADUAL 1A.CL.I;; ESTATUTARIO;25259,92;;25259,92;7935,18;17324,74;
VANIA MARIA SILVA DE SOUZA NUNES;GER.DE FISC.DE CONTRIB.-GFIS;AUDITOR FISCAL DE TRIB.EST.1A.CL.I;; ESTATUTARIO;53793,48;18420,53;35372,95;10705,60;24667,35;
VANIA ROCHA BEZERRIL DE ANDRADE;GABINETE-GSEFAZ;AUDITOR FISCAL DE TRIB.EST.3A.CL.I;; ESTATUTARIO;52576,63;11948,48;40628,15;12629,18;27998,97;
VERA ALICE DA SILVA PERES;GER.DE CONTABILIDADE - GCON;ASSESSOR III AD-3;; CARGO COMISSION.S/VINCULO;1702,00;420,90;1281,10;153,18;1127,92;
VERA LUCIA DE SOUZA MORAIS;GER.DE FISC.DE CONTRIB.-GFIS;AUDITOR FISCAL DE TRIB.EST.1A.CL.I;; ESTATUTARIO;53742,46;18369,51;35372,95;10862,02;24510,93;
VERA LUCIA PICANCO DE LIMA;GEREN.DE REVISAO FISCAL-GERF;AUDITOR FISCAL DE TRIB.EST.1A.CL.I;; ESTATUTARIO;52178,84;18355,91;33822,93;10601,33;23221,60;
VERENA DA ENCARNACAO DE SA NOGUEIRA;SUBGER.DE CONTR.ITCMD-SGIT;TEC.DA FAZENDA ESTADUAL 3A.CL.I;; ESTATUTARIO;17573,73;;17573,73;5364,92;12208,81;
VERUSKA MARIA PEREIRA C FONSECA;DEPTO.CONTR.ENTR.MERCAD.-DECEM;AUDITOR FISCAL DE TRIB.EST.3A.CL.I;; ESTATUTARIO;33655,18;3184,07;30471,11;9940,26;20530,85;
VIRGINIA GLAUCIA COUTO DE S MELO;GER.DE REANALISE DE TRIB.-GERT;TEC.DA FAZENDA ESTADUAL 3A.CL.I;; ESTATUTARIO;17573,73;;17573,73;5260,65;12313,08;
VIRGINIA SILVA DOS REIS;GERENCIA DE PAGAMENTO - GPAG;ASSESSOR IV AD-4;; CARGO COMISSION.S/VINCULO;1339,00;;1339,00;107,12;1231,88;
WALZENIR GRANGEIRO PINHEIRO;GER.VIG.REP.OPE.COM MERC.-GVRM;TEC.DE ARREC.DE TRIB.EST.1A.CL.V;; ESTATUTARIO;34808,05;4336,94;30471,11;9731,72;20739,39;
WANDA ASCENCAO DE AGUIAR;GERENCIA DE CADASTRO-GCAD;TEC.DA FAZENDA ESTADUAL 1A.CL.V;; ESTATUTARIO;31056,97;;31056,97;9850,52;21206,45;
WEBER LUIZ FACANHA COSTA;GER.DE ARREC.UNID.DESC.-GARD;TEC.DE ARREC.DE TRIB.EST.1A.CL.V;; ESTATUTARIO;34808,05;4336,94;30471,11;9214,96;21256,15;
WELLINGTON TADEU RIBEIRO DA SILVA;GER.VIG.REP.OPE.COM MERC.-GVRM;AUDITOR FISCAL DE TRIB.EST.3A.CL.I;; ESTATUTARIO;45878,91;3184,07;42694,84;12875,54;29819,30;
WESLEY GONCALVES DE SOUZA;SUBGER.ORC.FIN.E ANAL.-SOFA;ASSIST.ADM.DA FAZENDA EST.3A.CL.I;; ESTATUTARIO;6211,85;;6211,85;1332,69;4879,16;
WILLIAM BARROS CUNHA;GER.ELAB.LEGISL.TRIBUT.-GELT;AUDITOR FISCAL DE TRIB.EST.3A.CL.I;GERENTE, AD-2; ESTATUTARIO;36655,18;6184,07;30471,11;9835,99;20635,12;
WILMAR GOMES BATALHA;GER.DE FISC.DE CONTRIB.-GFIS;AUDITOR FISCAL DE TRIB.EST.1A.CL.I;; ESTATUTARIO;50370,24;18349,11;32021,13;9835,99;22185,14;
WILSON CARVALHO BOTELHO;GER.DE FISC.DE CONTRIB.-GFIS;AUDITOR FISCAL DE TRIB.EST.1A.CL.I;GERENTE, AD-2; ESTATUTARIO;53722,06;18349,11;35372,95;10809,88;24563,07;
WILSON SOUZA GALVAO JUNIOR;GER.DE PLAN.ACOMP.ESTRAT.-GPAE;TEC.DA FAZENDA ESTADUAL 3A.CL.I;; ESTATUTARIO;17573,73;;17573,73;5312,78;12260,95;
XISTO TAVARES DE LIMA;AG.DA FAZENDA EM MANICORE-AMIR;ASSIST.ADM.DA FAZENDA EST.3A.CL.I;CHEFE AG. DA FAZENDA; ESTATUTARIO;10085,36;;10085,36;2416,22;7669,14;
YONE MARIA PERES FERNANDES;GERENCIA DE PAGAMENTO - GPAG;ASSIST.ADM.DA FAZENDA EST.1A.CL.V;; ESTATUTARIO;13542,07;;13542,07;3827,67;9714,40;
ZULMIRA PAULINO CAVALCANTE;DEPTO.DE TRIBUTACAO-DETRI;TEC.DA FAZENDA ESTADUAL 1A.CL.I;; ESTATUTARIO;25253,12;;25253,12;8037,04;17216,08;
