NOME;LOTACAO;CARGO;FUNCAO;VINCULO;REMUNERACAO LEGAL TOTAL(R$);DESC.TETO(R$); REMUNERACAO LEGAL DEVIDA(R$);DESCONTOS LEGAIS(R$);LIQUIDO DISPONIVEL(R$);
ABRAAO BARBOSA DE SOUZA;ESTATUTARIO;AUX.DE LABORAT.-ALA-P.S.N.A.-D;; ESTATUTARIO;1800,39;;1800,39;198,04;1602,35;
ADELE SCHWARTZ BENZAKEN;ESTATUTARIO;MEDICO DOUTOR;; ESTATUTARIO;9807,02;;9807,02;2565,17;7241,85;
ADEMIR ROBERTO LOPES SOARES;ESTATUTARIO;TEC.DE PAT.CLINICA-TPC-P.S.N.M.-C;; ESTATUTARIO;2406,92;;2406,92;209,76;2197,16;
ADOLFO MARCOS NUNES BARBOSA;ESTATUTARIO;ENFERMEIRO A;; ESTATUTARIO;4940,40;;4940,40;853,97;4086,43;
ADRIANA GONCALVES D P GUIMARAES;ESTATUTARIO;MEDICO ESPECIALISTA;MEDICO ESPECIALISTA; ESTATUTARIO;7099,11;;7099,11;1624,85;5474,26;
ADRIANA MARIA NEVES MELO;ESTATUTARIO;MEDICO DOUTOR;OFTALMOLOGISTA; ESTATUTARIO;8376,05;;8376,05;2059,69;6316,36;
ADRIANA MERCEDES DE CARVALHO FAUSTO;ESTATUTARIO;ASSIST.ADMIN.-ASA-T.S.N.M.-A;; ESTATUTARIO;1488,89;;1488,89;141,94;1346,95;
ADRIANA MONTEIRO DA SILVA;SEM VINCULO EMPREGATICIO;MEDICO RESIDENTE;; RESIDENTE;3330,43;;3330,43;366,34;2964,09;
ADRIANA SEVALHO MOTTA;ESTATUTARIO;FARMAC.BIOQ. -FAB-P.S.N.S.-A;; ESTATUTARIO;4940,40;;4940,40;896,63;4043,77;
ALCIMEIRY DE LIMA MARTINS;ESTATUTARIO;AGENTE ADM.-AGA-T.S.N.A.-G;; ESTATUTARIO;1649,14;;1649,14;181,41;1467,73;
ALCINEICE ALENCAR DOS SANTOS;ESTATUTARIO;AUXILIAR DE SAUDE;AUX. DE SAUDE; ESTATUTARIO;1536,13;;1536,13;168,97;1367,16;
ALDA REJANE FERREIRA ALVES DE PAIVA;ESTATUTARIO;ENFERMEIRO-ENF-P.S.N.S.-A;; ESTATUTARIO;4940,40;;4940,40;896,63;4043,77;
ALDENOR DE SOUZA BARBOSA;ESTATUTARIO;VIGIA-VIG-T.S.N.A.-B;VIGILANTE; ESTATUTARIO;1518,37;;1518,37;167,02;1351,35;
ALESANDRA QUEIROZ DE MELO;ESTATUTARIO;TEC.DE HEMOTERAP.-THE-P.S.N.M.-A;; ESTATUTARIO;1819,59;;1819,59;193,55;1626,04;
ALEX PANIZZA JALKH;ESTATUTARIO;MEDICO ESPECIALISTA;MEDICO; ESTATUTARIO;6979,46;;6979,46;1525,16;5454,30;
ALEXANDRE SABINO SISNANDO;ESTATUTARIO;MEDICO GRADUADO;; ESTATUTARIO;5549,49;;5549,49;1077,74;4471,75;
ALINE GRASIELLI MONCALE;SEM VINCULO EMPREGATICIO;MEDICO RESIDENTE;MEDICO RESIDENTE; RESIDENTE;3330,43;;3330,43;366,34;2964,09;
ALRILENE CARDOSO SANTANA;ESTATUTARIO;TEC.DE FARMACIA-TEF-P.S.N.M.-A;; ESTATUTARIO;1759,59;;1759,59;193,55;1566,04;
ALTEMISE SANTOS DE CARVALHO;ESTATUTARIO;TELEFONISTA-TEL-T.S.N.A.-E;; ESTATUTARIO;1387,37;;1387,37;152,61;1234,76;
ALTEVIR FERNANDO GOMES DE QUEIROZ;ESTATUTARIO;AGENTE ADM.-AGA-T.S.N.A.-G;; ESTATUTARIO;1661,45;;1661,45;182,76;1478,69;
AMANDA ARAUJO DE MOURA;SEM VINCULO EMPREGATICIO;MEDICO RESIDENTE;MEDICO RESIDENTE; RESIDENTE;3330,43;;3330,43;366,34;2964,09;
AMANDA CRYSTINE MONTEIRO DE ARAUJO;ESTATUTARIO;TEC. EM ANAT.PATOL.-TAP-P.S.N.M.-A;; ESTATUTARIO;1759,59;;1759,59;193,55;1566,04;
AMARIADES PINHEIRO BATISTA;ESTATUTARIO;ASSIST.SOC.ASS-P.S.N.S.-CL.A;; ESTATUTARIO;4940,40;;4940,40;896,63;4043,77;
AMAZONINA DE CARVALHO;ESTATUTARIO;AUXILIAR DE SAUDE;AUXILIAR DE SAUDE; ESTATUTARIO;1536,13;;1536,13;168,97;1367,16;
ANA CARLA GUERREIRO DE M LEITE;ESTATUTARIO;FISIOTERAPEUTA-FIS-P.S.N.S.-A;; ESTATUTARIO;4940,40;;4940,40;896,63;4043,77;
ANA CRISTINA FREITAS PORTO;ESTATUTARIO;TEC. DE ENFERMAGEM-TEN-P.S.N.M.-A;TEC DE ENFERMAGEM; ESTATUTARIO;1830,32;;1830,32;198,55;1631,77;
ANA CRISTINA RIBEIRO DA SILVA;REGIME ESPECIAL;TECNICO DE ENFERMAGEM;TEC. EM ENFERMAGEM; SERVICO TEMPORARIO;1759,59;;1759,59;158,36;1601,23;
ANA LUCIA SOUZA DA SILVA;ESTATUTARIO;TEC. DE ENFERMAGEM-TEN-P.S.N.M.-A;TEC DE ENFERMAGEM; ESTATUTARIO;1805,04;;1805,04;198,55;1606,49;
ANA LUIZA PEREIRA DA SILVA GUERRA;ESTATUTARIO;PESQUISADOR INIC.-PEI-P.S.N.S.-D;CHEFE DE DEPARTAMENT; ESTATUTARIO;12822,69;;12822,69;3114,64;9708,05;
ANA PAULA SANTAREM DE FIGUEIREDO;ESTATUTARIO;TEC. DE ENFERMAGEM-TEN-P.S.N.M.-B;; ESTATUTARIO;1944,87;;1944,87;213,94;1730,93;
ANA RUTH LIMA ARCANJO;ESTATUTARIO;FARMACEUTICO BIOQUIMICO;; ESTATUTARIO;5346,46;;5346,46;1027,30;4319,16;
ANA TEREZA ORSI DE SOUZA;ESTATUTARIO;MEDICO ESPECIALISTA;; ESTATUTARIO;7691,74;;7691,74;1774,46;5917,28;
ANACOELI COSTA DA PAIXAO;ESTATUTARIO;ENFERMEIRO-ENF-P.S.N.S.-A;; ESTATUTARIO;5513,19;;5513,19;1086,44;4426,75;
ANDREA DE MELO XAVIER SHIMIZU;ESTATUTARIO;FARMAC.BIOQ. -FAB-P.S.N.S.-A;; ESTATUTARIO;4940,40;;4940,40;896,63;4043,77;
ANDREA DE SOUZA CAVALCANTE;ESTATUTARIO;MEDICO ESPECIALISTA;MEDICO ESP; ESTATUTARIO;6520,14;;6520,14;1414,35;5105,79;
ANDREZA LINS FALCONE PONTES;SEM VINCULO EMPREGATICIO;MEDICO RESIDENTE;; RESIDENTE;3330,43;;3330,43;366,34;2964,09;
ANDREZA LUIZA DE ARAUJO FERNANDES;ESTATUTARIO;TEC.DE PAT.CLINICA-TPC-P.S.N.M.-A;TEC LABORATORIO; ESTATUTARIO;1833,36;;1833,36;198,55;1634,81;
ANDRY GATO FERREIRA;ESTATUTARIO;RECEPCIONISTA-REC-T.S.N.A.-E;; ESTATUTARIO;1387,37;;1387,37;152,61;1234,76;
ANGELA MARIA FERNANDES DOS SANTOS;ESTATUTARIO;TEC.DE PAT.CLINICA-TPC-P.S.N.M.-A;TEC DE LABORATORIO; ESTATUTARIO;1759,59;;1759,59;193,55;1566,04;
ANGELA RAQUEL SILVA OLIVEIRA;ESTATUTARIO;AUX.DE ENFERM.-AEF-P.S.N.A.-B;; ESTATUTARIO;1663,62;;1663,62;183,00;1480,62;
ANGELINA AMELIA BITTENCOURT SILVA;ESTATUTARIO;TEC.DE PAT.CLINICA-TPC-P.S.N.M.-D;; ESTATUTARIO;2098,41;;2098,41;230,83;1867,58;
ANNE CAROLLINE COSTA DE SANTANA;ESTATUTARIO;ENFERMEIRO-ENF-P.S.N.S.-A;; ESTATUTARIO;4940,40;;4940,40;896,63;4043,77;
ANTONIA DO SOCORRO BARROSO AIRES;ESTATUTARIO;RECEPCIONISTA;; ESTATUTARIO;1427,13;;1427,13;152,61;1274,52;
ANTONIA EVANILDA ALVES NASCIMENTO;ESTATUTARIO;TEC. DE ENFERMAGEM-TEN-P.S.N.M.-A;TEC. EM ENFERMAGEM; ESTATUTARIO;1805,04;;1805,04;198,55;1606,49;
ANTONIA INES CAVALCANTE DE CARVALHO;ESTATUTARIO;ASSIST.ADMIN.-ASA-T.S.N.M.-D;ASSESSOR IV; ESTATUTARIO;4210,56;;4210,56;422,94;3787,62;
ANTONIO CLAUDIO SARAIVA DE OLIVEIRA;ESTATUTARIO;TEC.DE PAT.CLINICA-TPC-P.S.N.M.-A;; ESTATUTARIO;1759,59;;1759,59;193,55;1566,04;
ANTONIO CLAUDIO SARAIVA DE OLIVEIRA;ESTATUTARIO;AUXILIAR DE LABORATORIO;; ESTATUTARIO;1494,29;;1494,29;164,37;1329,92;
ANTONIO DE MATOS TAVARES;ESTATUTARIO;PESQUISADOR TIT.-PET-P.S.N.S.-D;; ESTATUTARIO;9070,29;;9070,29;2224,51;6845,78;
ANTONIO LAMAR NUNES;ESTATUTARIO;MEDICO ESPECIALISTA;; ESTATUTARIO;7387,43;;7387,43;1561,90;5825,53;
ANTONIO MAGELA TAVARES;ESTATUTARIO;MEDICO ESPECIALISTA;CHEFE DE DEPARTAMEN; ESTATUTARIO;11391,21;;11391,21;2692,34;8698,87;
ANTONIO MAGELA TAVARES;ESTATUTARIO;MEDICO ESPECIALISTA;MEDICO ESPECIALISTA; ESTATUTARIO;7125,24;;7125,24;1628,13;5497,11;
ANTONIO VASCONCELOS MESQUITA;ESTATUTARIO;ASSIST.ADMIN.-ASA-T.S.N.M.-A;; ESTATUTARIO;1488,89;;1488,89;163,78;1325,11;
ANTONIO WALDECI MAIA DA SILVA;ESTATUTARIO;ASSIST.ADMIN.-ASA-T.S.N.M.-D;SUBGERENTE; ESTATUTARIO;4963,52;;4963,52;562,74;4400,78;
APOLONIO FERNANDES DE O JUNIOR;ESTATUTARIO;MOTORISTA-MOT-T.S.N.A.-A;; ESTATUTARIO;1585,70;;1585,70;174,43;1411,27;
ARETHUSA GONCALVES TELES DOS SANTOS;ESTATUTARIO;TEC. DE ENFERMAGEM-TEN-P.S.N.M.-A;TEC. DE ENFERMAGEM; ESTATUTARIO;1777,59;;1777,59;193,55;1584,04;
ARIMATEIA PORTELA DE AZEVEDO;ESTATUTARIO;ENFERMEIRO-ENF-P.S.N.S.-A;ENFERMEIRO; ESTATUTARIO;5587,80;;5587,80;828,72;4759,08;
ARIVALDO DA SILVA QUEIROZ;ESTATUTARIO;MOTORISTA-MOT-T.S.N.A.-A;MOTORISTA; ESTATUTARIO;1585,70;;1585,70;174,43;1411,27;
ARLENE DOS SANTOS PINTO;ESTATUTARIO;MEDICO ESPECIALISTA;; ESTATUTARIO;6391,21;;6391,21;1369,48;5021,73;
ARLETE DOS SANTOS DA SILVA;ESTATUTARIO;ENFERMEIRO A;GERENTE; ESTATUTARIO;8940,40;;8940,40;1983,24;6957,16;
ARNOLDO PESSOA BATALHA;ESTATUTARIO;AGENTE ADM.-AGA-T.S.N.A.-G;SUBGERENTE; ESTATUTARIO;4649,14;;4649,14;422,55;4226,59;
ASTRID SOARES CARDOSO DA SILVA;ESTATUTARIO;AUXILIAR DE SAUDE/ENFERMAGEM;; ESTATUTARIO;1132,91;;1132,91;;1132,91;
ATISON BENTES DE MELO;ESTATUTARIO;TEC.DE PAT.CLINICA-TPC-P.S.N.M.-A;; ESTATUTARIO;1759,59;;1759,59;193,55;1566,04;
BENEDITA BRAGA DE OLIVEIRA;ESTATUTARIO;AGENTE ADM.-AGA-T.S.N.A.-G;; ESTATUTARIO;1608,02;;1608,02;176,88;1431,14;
BENEDITO ROCHA DOS SANTOS;ESTATUTARIO;AUX.DE LABORAT.-ALA-P.S.N.A.-D;; ESTATUTARIO;1800,39;;1800,39;198,04;1602,35;
CARLOS ALBERTO DA SILVA FERREIRA;ESTATUTARIO;ASSIST.ADMIN.-ASA-T.S.N.M.-D;GERENTE; ESTATUTARIO;5896,17;;5896,17;363,27;5532,90;
CARLOS MELQUIADES DE A MARQUES;ESTATUTARIO;TEC. EM ANAT.PATOL.-TAP-P.S.N.M.-A;; ESTATUTARIO;2223,12;;2223,12;189,54;2033,58;
CELILIA MACHADO DO AMARAL;ESTATUTARIO;AUX.DE SERV.GER.-ASG-T.S.N.A.-D;; ESTATUTARIO;1707,18;;1707,18;187,79;1519,39;
CELINA DE SOUZA NEVES;ESTATUTARIO;AUXILIAR DE ENFERMAGEM;; ESTATUTARIO;1494,29;;1494,29;164,37;1329,92;
CELSO BERNARDO DOS SANTOS;ESTATUTARIO;VIGILANTE;; ESTATUTARIO;1375,86;;1375,86;151,34;1224,52;
CERES BETANIA ALVES DA CRUZ;ESTATUTARIO;TEC. DE ENFERMAGEM-TEN-P.S.N.M.-A;; ESTATUTARIO;1759,59;;1759,59;193,55;1566,04;
CESAR DA SILVA;ESTATUTARIO;ENGENHEIRO ELETR.-EEL-T.S.N.S.-A;; ESTATUTARIO;6722,21;;6722,21;1018,97;5703,24;
CICERO DA SILVA;ESTATUTARIO;TEC.DE PAT.CLINICA-TPC-P.S.N.M.-A;TECNICO LABORATORIO; ESTATUTARIO;1805,04;;1805,04;198,55;1606,49;
CINTIA DO NASCIMENTO CARVALHO;ESTATUTARIO;ASSIST.SOC.ASS-P.S.N.S.-CL.A;; ESTATUTARIO;4940,40;;4940,40;896,63;4043,77;
CINTIA ROSSETTE DE SOUZA;ESTATUTARIO;TEC. DE ENFERMAGEM-TEN-P.S.N.M.-B;; ESTATUTARIO;1944,87;;1944,87;213,94;1730,93;
CIRENA SILVA RIBEIRO;CONTRATADOS;TELEFONISTA-TEL-T.S.N.A.-E;; ESTATUTARIO;1387,37;;1387,37;152,61;1234,76;
CLAIDE BENARROS DOS SANTOS;ESTATUTARIO;TEC. DE ENFERMAGEM-TEN-P.S.N.M.-D;; ESTATUTARIO;2487,72;;2487,72;246,53;2241,19;
CLARISSA DE OLIVEIRA PINHEIRO;SEM VINCULO EMPREGATICIO;ASSESSOR I AD-1;ASSESSOR I AD-1; CARGO COMISSION.S/VINCULO;5100,30;;5100,30;946,24;4154,06;
CLAUDEMIR FELIX DA SILVA;ESTATUTARIO;AUX.DE LABORAT.-ALA-P.S.N.A.-D;; ESTATUTARIO;1800,39;;1800,39;198,04;1602,35;
CLAUDIA CATHERINE MAFRA BEZERRA;ESTATUTARIO;NUTRICIONISTA-NUT-P.S.N.S.-B;; ESTATUTARIO;5757,70;;5757,70;1121,05;4636,65;
CLELIA REGIANE DE OLIVEIRA;ESTATUTARIO;FARMAC.BIOQ. -FAB-P.S.N.S.-A;; ESTATUTARIO;5052,72;;5052,72;921,90;4130,82;
CLENILTON CRUZ DE ALENCAR;ESTATUTARIO;AGENTE ADM.-AGA-T.S.N.A.-E;ASSESSOR IV; ESTATUTARIO;3866,01;;3866,01;362,17;3503,84;
CLEONICE CASTRO DOS SANTOS;ESTATUTARIO;AUX.DE SERV.GER.-ASG-T.S.N.A.-C;; ESTATUTARIO;1643,31;;1643,31;180,76;1462,55;
CLICIA JUDITH OLIVEIRA PERES;REGIME ESPECIAL;TECNICO DE ENFERMAGEM;TEC.EM ENFERMAGEM; SERVICO TEMPORARIO;1759,59;;1759,59;158,36;1601,23;
CREUZIMAR BARROS DOS SANTOS S SILVA;ESTATUTARIO;TEC.DE PAT.CLINICA-TPC-P.S.N.M.-C;; ESTATUTARIO;2021,10;;2021,10;222,32;1798,78;
CRISTIANA TEIXEIRA DO NASCIMENTO;ESTATUTARIO;MEDICO ESPECIALISTA;EDICO GENERALISTA; ESTATUTARIO;6520,14;;6520,14;1414,35;5105,79;
CRISTIANNE BENEVIDES MOTA;ESTATUTARIO;AGENTE DE ENDEM.-AEN-P.S.N.A.-A;ASSESSOR IV AD-4; ESTATUTARIO;3894,29;;3894,29;369,06;3525,23;
CRISTIANO DA CONCEICAO GARCIA VIANA;ESTATUTARIO;ENFERMEIRO-ENF-P.S.N.S.-A;ENFERMEIRO; ESTATUTARIO;5592,87;;5592,87;1108,36;4484,51;
CYNTHIA PESSOA DAS NEVES;ESTATUTARIO;FISIOTERAPEUTA-FIS-P.S.N.S.-A;; ESTATUTARIO;4940,40;;4940,40;896,63;4043,77;
DAIANA SOARES SILVA DE MIRANDA;ESTATUTARIO;TEC. DE ENFERMAGEM-TEN-P.S.N.M.-A;TEC. ENFERMAGEM; ESTATUTARIO;2346,12;;2346,12;212,19;2133,93;
DALETE IBERNON MAIA;ESTATUTARIO;TEC. DE ENFERMAGEM-TEN-P.S.N.M.-A;TEC. ENFERMAGEM; ESTATUTARIO;1759,59;;1759,59;193,55;1566,04;
DANIEL MORAIS MENDES;ESTATUTARIO;AUXILIAR DE LABORATORIO;; ESTATUTARIO;1536,69;;1536,69;164,37;1372,32;
DANILO OLIVEIRA DE SOUZA;ESTATUTARIO;TECNICO-TEC-T.S.N.S.-A;; ESTATUTARIO;3722,21;;3722,21;551,56;3170,65;
DARCILENE DE OLIVEIRA LASMAR;ESTATUTARIO;AUX.DE ENFERM.-AEF-P.S.N.A.-B;; ESTATUTARIO;1650,85;;1650,85;181,59;1469,26;
DAVI CARVALHO PEREIRA;REGIME ESPECIAL;TECNICO DE ENFERMAGEM;TEC.DE ENFERMAGEM; SERVICO TEMPORARIO;1759,59;;1759,59;158,36;1601,23;
DELVA LUCIA FERREIRA PINTO;ESTATUTARIO;ASSIST.ADMIN.-ASA-T.S.N.M.-D;; ESTATUTARIO;1934,11;;1934,11;212,75;1721,36;
DENISE COLOSSO RANGEL;ESTATUTARIO;ENFERMEIRO-ENF-P.S.N.S.-A;ENFERMEIRO; ESTATUTARIO;5393,48;;5393,48;1043,98;4349,50;
DENISE INES PINHEIRO SILVA;ESTATUTARIO;MEDICO ESPECIALISTA;MEDICO; ESTATUTARIO;6857,37;;6857,37;1532,80;5324,57;
DEUZA MARIA NOGUEIRA ROSARIO;ESTATUTARIO;TECNICO-TEC-T.S.N.S.-D;DIRETOR ADM; ESTATUTARIO;13705,84;;13705,84;3302,51;10403,33;
DEUZALINA GOMES PEREIRA;REGIME ESPECIAL;TECNICO DE ENFERMAGEM;TEC.EM ENFERMAGEM; SERVICO TEMPORARIO;1759,59;;1759,59;158,36;1601,23;
DEYSE BITTENCOURT LOUSADA;ESTATUTARIO;AUX.DE SERV.GER.-ASG-T.S.N.A.-B;; ESTATUTARIO;1530,05;;1530,05;168,31;1361,74;
DIANA MARIA DE CASTRO FAGUNDES;ESTATUTARIO;TEC.DE PAT.CLINICA-TPC-P.S.N.M.-A;TEC. DE LABORATORIO; ESTATUTARIO;1759,59;;1759,59;193,55;1566,04;
DIENE DOS SANTOS DORVAL;ESTATUTARIO;RECEPCIONISTA-REC-T.S.N.A.-E;; ESTATUTARIO;1387,37;;1387,37;152,61;1234,76;
DIOGO PEREIRA FONSECA;ESTATUTARIO;MOTORISTA-MOT-T.S.N.A.-A;MOTORISTA; ESTATUTARIO;1585,70;;1585,70;174,43;1411,27;
DIOMAR DE SOUSA COELHO;ESTATUTARIO;AUX.DE ENFERM.-AEF-P.S.N.A.-B;; ESTATUTARIO;1650,85;;1650,85;181,59;1469,26;
DIONE DA SILVA ANDRADE;SEM VINCULO EMPREGATICIO;SUBGERENTE AD-3;SUBGERENTE; CARGO COMISSION.S/VINCULO;3086,94;;3086,94;374,38;2712,56;
DIONE PEREIRA DA SILVA;ESTATUTARIO;TEC.DE PAT.CLINICA-TPC-P.S.N.M.-D;; ESTATUTARIO;2161,30;;2161,30;237,74;1923,56;
DIONY PEREIRA MONTEIRO;ESTATUTARIO;AUX.DE SERV.GER.-ASG-T.S.N.A.-A;AUX. SERV. GERAIS; ESTATUTARIO;1413,91;;1413,91;155,53;1258,38;
DJALVA DE FREITAS LUCENA;ESTATUTARIO;ASSIST.ADMIN.-ASA-T.S.N.M.-D;; ESTATUTARIO;2217,42;;2217,42;212,75;2004,67;
DOMINGO MODESTO MOURA PEREZ;ESTATUTARIO;MEDICO ESPECIALISTA;; ESTATUTARIO;6520,14;;6520,14;1414,35;5105,79;
DORALICE DA SILVA TAVARES;ESTATUTARIO;ASSIST.ADMIN.-ASA-T.S.N.M.-C;ASSESSOR IV; ESTATUTARIO;4157,72;;4157,72;376,33;3781,39;
DULCINEIDE PESSOA DA SILVA;ESTATUTARIO;AUXILIAR DE SAUDE 3A CLASSE;; ESTATUTARIO;1786,94;;1786,94;196,56;1590,38;
EBERTON MOREIRA DOS SANTOS;REGIME ESPECIAL;TECNICO DE ENFERMAGEM;TEC.EM ENFERMAGEM; SERVICO TEMPORARIO;1807,59;;1807,59;162,68;1644,91;
ECKNER DA SILVA FALCAO;ESTATUTARIO;AGENTE ADM.-AGA-T.S.N.A.-F;ASSESSOR IV; ESTATUTARIO;3943,12;;3943,12;324,07;3619,05;
EDA CRISTINA DA SILVA CHAGAS;ESTATUTARIO;MEDICO MESTRE;MEDICO GENERALISTA; ESTATUTARIO;7259,15;;7259,15;1671,46;5587,69;
EDILSON DUQUE PAULAIN;ESTATUTARIO;AUX.DE SERV.GER.-ASG-T.S.N.A.-A;AUX. SERV. GERAIS; ESTATUTARIO;1413,91;;1413,91;155,53;1258,38;
EDINALDO DA SILVA;ESTATUTARIO;AUX.DE LABORAT.-ALA-P.S.N.A.-A;AUX. LABORATORIO; ESTATUTARIO;1579,89;;1579,89;173,79;1406,10;
EDNA AUZIER FELIX;ESTATUTARIO;TEC. DE ENFERMAGEM-TEN-P.S.N.M.-A;; ESTATUTARIO;1759,59;;1759,59;193,55;1566,04;
EDNA DA SILVA DE LIMA;ESTATUTARIO;TEC. DE ENFERMAGEM-TEN-P.S.N.M.-A;TEC. ENFERMAGEM; ESTATUTARIO;1759,59;;1759,59;193,55;1566,04;
EDNA DA SILVA DE LIMA;ESTATUTARIO;AUXILIAR DE ENFERMAGEM;; ESTATUTARIO;1494,29;;1494,29;164,37;1329,92;
EDSON CUNHA DE SOUZA;ESTATUTARIO;VIGILANTE;; ESTATUTARIO;1375,86;;1375,86;151,34;1224,52;
EDUARDO JORGE SERRAO DOS SANTOS;SEM VINCULO EMPREGATICIO;ASSESSOR IV AD-4;ASSESSOR IV; CARGO COMISSION.S/VINCULO;2481,24;;2481,24;249,85;2231,39;
ELAINE DANIELE ROCHA PESSOA;ESTATUTARIO;AUX.DE LABORAT.-ALA-P.S.N.A.-A;AUX DE LABORATORIO; ESTATUTARIO;1579,89;;1579,89;;1579,89;
ELANE JACQUIMINOUTH DA S RODRIGUES;ESTATUTARIO;TEC. DE ENFERMAGEM-TEN-P.S.N.M.-A;TEC. EM ENFERMAGEM; ESTATUTARIO;1811,36;;1811,36;198,55;1612,81;
ELANE SILVA BEZERRA;ESTATUTARIO;AGENTE ADM.-AGA-T.S.N.A.-G;GERENTE; ESTATUTARIO;5649,14;;5649,14;815,68;4833,46;
ELCIMAR CAVALCANTE NEVES JUNIOR;SEM VINCULO EMPREGATICIO;ASSESSOR IV AD-4;ASSESSOR IV; CARGO COMISSION.S/VINCULO;2481,24;;2481,24;235,64;2245,60;
ELIANA TAVEIRA PEREIRA;ESTATUTARIO;TEC. DE ENFERMAGEM-TEN-P.S.N.M.-A;; ESTATUTARIO;1759,59;;1759,59;193,55;1566,04;
ELIANE HILARICKI SABOIA;ESTATUTARIO;TEC.DE PAT.CLINICA-TPC-P.S.N.M.-C;; ESTATUTARIO;2043,34;;2043,34;222,32;1821,02;
ELIAS SILVA DE OLIVEIRA;ESTATUTARIO;TECNICO DE LABORATORIO;; ESTATUTARIO;1759,59;;1759,59;;1759,59;
ELIENE DA SILVA SEVERIANO;ESTATUTARIO;AUX.DE SERV.GER.-ASG-T.S.N.A.-A;AUX DE SERV GERAIS; ESTATUTARIO;1453,68;;1453,68;159,90;1293,78;
ELIETE PEREIRA DE AZEVEDO;ESTATUTARIO;FARMAC.BIOQ. -FAB-P.S.N.S.-A;; ESTATUTARIO;4940,40;;4940,40;896,63;4043,77;
ELISANGELA GOES YASSAKI;ESTATUTARIO;TEC.DE FARMACIA-TEF-P.S.N.M.-A;; ESTATUTARIO;1783,59;;1783,59;193,55;1590,04;
ELISSON DENNY DA COSTA CARVALHO;ESTATUTARIO;TEC.DE PAT.CLINICA-TPC-P.S.N.M.-A;TEC DE LABORATORIO; ESTATUTARIO;1805,04;;1805,04;198,55;1606,49;
ELIZA MARA VALERIO DE SOUZA;ESTATUTARIO;AUX.DE SERV.GER.-ASG-T.S.N.A.-B;; ESTATUTARIO;1576,53;;1576,53;168,31;1408,22;
ELIZABETH CRISTINA DANTAS DIB;ESTATUTARIO;FARMACEUTICO BIOQUIMICO;; ESTATUTARIO;4940,40;;4940,40;853,97;4086,43;
ELIZABETH DA SILVA VITAL;ESTATUTARIO;TEC.DE PAT.CLINICA-TPC-P.S.N.M.-C;; ESTATUTARIO;2053,25;;2053,25;225,86;1827,39;
ELIZABETH GOMES DE FREITAS;ESTATUTARIO;ENFERMEIRO-ENF-P.S.N.S.-A;ENFERMEIRO; ESTATUTARIO;5038,18;;5038,18;926,97;4111,21;
ELIZANGELA DA SILVA;ESTATUTARIO;AUX.DE SERV.GER.-ASG-T.S.N.A.-B;; ESTATUTARIO;1530,05;;1530,05;168,31;1361,74;
ELIZANGELA GOMES DA SILVA;ESTATUTARIO;TEC. DE ENFERMAGEM-TEN-P.S.N.M.-A;TEC. DE ENFERMAGEM; ESTATUTARIO;1807,59;;1807,59;193,55;1614,04;
ELIZETE SILVA DOS SANTOS;ESTATUTARIO;ENFERMEIRO-ENF-P.S.N.S.-B;; ESTATUTARIO;5454,35;;5454,35;962,22;4492,13;
ELIZETH DA CUNHA LOCH;ESTATUTARIO;FISIOTERAPEUTA-FIS-P.S.N.S.-A;; ESTATUTARIO;4940,40;;4940,40;896,63;4043,77;
ELLEN AGUIAR DA CUNHA LOCH;ESTATUTARIO;TEC.DE PAT.CLINICA-TPC-P.S.N.M.-A;TEC LABORATORIO; ESTATUTARIO;1833,36;;1833,36;198,55;1634,81;
ELLIS CRISTINA LIMA MARTINS;ESTATUTARIO;TEC. DE ENFERMAGEM-TEN-P.S.N.M.-B;; ESTATUTARIO;1930,44;;1930,44;212,35;1718,09;
ELSON SILVA DE ALMEIDA;ESTATUTARIO;AUXILIAR DE ENFERMAGEM;AUX.DE ENFERMAGEM; ESTATUTARIO;1494,29;;1494,29;164,37;1329,92;
ELVIS ALAN CANIZO DA SILVA;ESTATUTARIO;AUXILIAR DE LABORATORIO;; ESTATUTARIO;1494,29;;1494,29;164,37;1329,92;
ELVIS GILBERTO CABRERA TAFUR;ESTATUTARIO;MEDICO ESPECIALISTA;MEDICO GENERALISTA; ESTATUTARIO;6476,85;;6476,85;1399,29;5077,56;
ELZA DE ALMEIDA EH SILVA;ESTATUTARIO;ASSIST.ADMIN.-ASA-T.S.N.M.-D;ASSESSOR IV; ESTATUTARIO;4546,86;;4546,86;466,48;4080,38;
EMANUEL SANTANA MARTINS;ESTATUTARIO;TEC. DE ENFERMAGEM-TEN-P.S.N.M.-A;TEC. ENFERMAGEM; ESTATUTARIO;1759,59;;1759,59;193,55;1566,04;
EMANUELA TAVARES DE SA TORRES;ESTATUTARIO;RECEPCIONISTA-REC-T.S.N.A.-E;; ESTATUTARIO;1387,37;;1387,37;152,61;1234,76;
EMERSON DA SILVA OLIVEIRA;ESTATUTARIO;RECEPCIONISTA-REC-T.S.N.A.-E;; ESTATUTARIO;1387,37;;1387,37;152,61;1234,76;
EMILY DOS SANTOS FRANCO;SEM VINCULO EMPREGATICIO;GERENTE AD-2;GERENTE AD-2; CARGO COMISSION.S/VINCULO;4093,27;;4093,27;641,90;3451,37;
EMIRO GNUTZMANN MUNIZ;ESTATUTARIO;PESQUISADOR INICIANTE;; ESTATUTARIO;9179,79;;9179,79;2004,17;7175,62;
ENEDINA GAZEIS DE PAULO;ESTATUTARIO;AUX.DE SERV.GER.-ASG-T.S.N.A.-B;; ESTATUTARIO;1530,05;;1530,05;168,31;1361,74;
ENEIDA DULCE BRASIL RODRIGUES;REGIME ESPECIAL;TECNICO DE ENFERMAGEM;TEC.EM ENFERMAGEM; SERVICO TEMPORARIO;1759,59;;1759,59;158,36;1601,23;
ERCILIA ALMEIDA VIEIRA;ESTATUTARIO;ASSIST.SOC.ASS-P.S.N.S.-CL.D;GERENTE; ESTATUTARIO;13582,08;;13582,08;3449,88;10132,20;
ERIKA PINTO DE SOUZA;ESTATUTARIO;TEC.DE PAT.CLINICA-TPC-P.S.N.M.-A;TEC DE LABORATORIO; ESTATUTARIO;1833,36;;1833,36;198,55;1634,81;
ERILENE SANTOS DO CARMO;ESTATUTARIO;TEC.DE PAT.CLINICA-TPC-P.S.N.M.-A;; ESTATUTARIO;1804,79;;1804,79;193,55;1611,24;
ESMERALDA ARAUJO VASCONCELOS;ESTATUTARIO;AUX.DE SERV.GER.-ASG-T.S.N.A.-C;; ESTATUTARIO;1869,81;;1869,81;185,30;1684,51;
ESTACIO SANTOS DE SA;ESTATUTARIO;VIGILANTE;; ESTATUTARIO;1375,86;;1375,86;151,34;1224,52;
ESTEVAO LINCOLN DE SOUZA CAVALCANTI;ESTATUTARIO;FARMAC.BIOQ. -FAB-P.S.N.S.-A;; ESTATUTARIO;4940,40;;4940,40;896,63;4043,77;
EUDILENE LISBOA DA SILVA;ESTATUTARIO;TEC.DE NUT.E DIET.-TND-P.S.N.M.-A;; ESTATUTARIO;1759,59;;1759,59;193,55;1566,04;
EUDOCIA DO PERPETUO VIEIRA;ESTATUTARIO;AUXILIAR DE ENFERMAGEM;; ESTATUTARIO;1494,29;;1494,29;164,37;1329,92;
EUNICE ANTONIA DE SOUZA;ESTATUTARIO;ASSIST.SOC.ASS-P.S.N.S.-CL.D;; ESTATUTARIO;6455,36;;6455,36;1368,54;5086,82;
EURIDICE MOURA SARAIVA;ESTATUTARIO;PSICOLOGO-PSI-P.S.N.S.-B;; ESTATUTARIO;5317,94;;5317,94;1017,18;4300,76;
EVA BATISTA DA SILVA CARVALHO;ESTATUTARIO;PESQUISADOR INIC.-PEI-P.S.N.S.-D;; ESTATUTARIO;7723,75;;7723,75;1698,00;6025,75;
EVANILSON PRADO MELO;ESTATUTARIO;TECNICO DE RADIOLOGIA;; ESTATUTARIO;1759,59;;1759,59;193,55;1566,04;
EVELA DA SILVA MAGNO;SEM VINCULO EMPREGATICIO;SUBGERENTE AD-3;SUBGERENTE; CARGO COMISSION.S/VINCULO;3086,94;;3086,94;402,81;2684,13;
EVERALDO PINTO DA COSTA;ESTATUTARIO;MOTORISTA-MOT-T.S.N.A.-A;SUBGERENTE; ESTATUTARIO;4634,24;;4634,24;545,90;4088,34;
EZEQUIEL DA SILVA OLIVEIRA;REGIME ESPECIAL;TECNICO DE ENFERMAGEM;TEC.EM ENFERMAGEM; SERVICO TEMPORARIO;1759,59;;1759,59;158,36;1601,23;
EZEQUIEL DA SILVA OLIVEIRA;ESTATUTARIO;AUXILIAR DE ENFERMAGEM;; ESTATUTARIO;1494,29;;1494,29;164,37;1329,92;
FABIANE GIOVANELLA BORGES;ESTATUTARIO;MEDICO MESTRE;MEDICO GENERALISTA; ESTATUTARIO;7850,21;;7850,21;1881,48;5968,73;
FABIO FRANCESCONI DO VALLE;ESTATUTARIO;MEDICO ESPECIALISTA;; ESTATUTARIO;7071,33;;7071,33;1609,89;5461,44;
FABIO PIMENTEL SOARES;ESTATUTARIO;TEC.DE PAT.CLINICA-TPC-P.S.N.M.-A;; ESTATUTARIO;1833,36;;1833,36;198,55;1634,81;
FABIOLA PEREIRA DE OLIVEIRA;ESTATUTARIO;AUXILIAR DE LABORATORIO;; ESTATUTARIO;1517,01;;1517,01;164,37;1352,64;
FABIOLA RODRIGUES DE SOUZA;ESTATUTARIO;AUXILIAR DE SAUDE;AUXILIAR DE SAUDE; ESTATUTARIO;1536,13;;1536,13;146,44;1389,69;
FERNANDA DOS SANTOS PINTO;ESTATUTARIO;RECEPCIONISTA-REC-T.S.N.A.-E;; ESTATUTARIO;1387,37;;1387,37;152,61;1234,76;
FERNANDA LETICIA MICKUS;SEM VINCULO EMPREGATICIO;MEDICO RESIDENTE;; RESIDENTE;3330,43;;3330,43;366,34;2964,09;
FERNANDO FONSECA DE ALMEIDA E VAL;ESTATUTARIO;FISIOTERAPEUTA-FIS-P.S.N.S.-A;; ESTATUTARIO;4940,40;;4940,40;896,63;4043,77;
FERNANDO TOLEDANO DA SILVA;ESTATUTARIO;TEC. DE ENFERMAGEM-TEN-P.S.N.M.-A;TEC. DE ENFERMAGEM; ESTATUTARIO;1801,59;;1801,59;193,55;1608,04;
FLAMIR DA SILVA VICTORIA;ESTATUTARIO;MEDICO DOUTOR;; ESTATUTARIO;9305,33;;9305,33;2389,35;6915,98;
FLAVIA NOGUEIRA DO VALE;ESTATUTARIO;ENFERMEIRO-ENF-P.S.N.S.-A;; ESTATUTARIO;4940,40;;4940,40;896,63;4043,77;
FLAVIA REGINA MOURA LIMA;SEM VINCULO EMPREGATICIO;ASSESSOR IV AD-4;ASSESSOR IV; CARGO COMISSION.S/VINCULO;2481,24;;2481,24;249,85;2231,39;
FLAVIO AUGUSTO ANDRADE FE;ESTATUTARIO;TEC.DE PAT.CLINICA-TPC-P.S.N.M.-D;; ESTATUTARIO;2506,49;;2506,49;237,74;2268,75;
FLAVIO AZEVEDO DE LIMA;ESTATUTARIO;AUXILIAR DE SAUDE/ENFERMAGEM;ASSESSOR DE PLANJAM; ESTATUTARIO;6494,29;;6494,29;983,60;5510,69;
FLAVIO JERONIMO SOARES CAETANO;ESTATUTARIO;MEDICO ESPECIALISTA;MEDICO; ESTATUTARIO;6520,14;;6520,14;1414,35;5105,79;
FLAVIO RIBEIRO PEREIRA;ESTATUTARIO;MEDICO MESTRE;MEDICO ESPECIALISTA; ESTATUTARIO;7259,15;;7259,15;1671,46;5587,69;
FLAVIO RIBEIRO PEREIRA;ESTATUTARIO;MEDICO MESTRE;MEDICO MESTRADO; ESTATUTARIO;7113,70;;7113,70;1620,87;5492,83;
FLAVIO SILVEIRA DE BARROS;ESTATUTARIO;MEDICO ESPECIALISTA;MEDICO ESPECIALISTA; ESTATUTARIO;6520,14;;6520,14;1414,35;5105,79;
FLAVIO SILVEIRA DE BARROS;ESTATUTARIO;MEDICO ESPECIALISTA;MEDICO ESPECIALISTA; ESTATUTARIO;6391,21;;6391,21;1369,48;5021,73;
FLEMING NABESHIMA FARIAS;ESTATUTARIO;MEDICO ESPECIALISTA;MEDICO ESPECIALISTA; ESTATUTARIO;6391,21;;6391,21;1369,48;5021,73;
FLOR ERNESTINA MARTINEZ ESPINOSA;ESTATUTARIO;PESQUISADOR INIC.-PEI-P.S.N.S.-A;PESQUISADOR; ESTATUTARIO;6147,74;;6147,74;1311,55;4836,19;
FRANCIANNY CARLA MORAES RETROZ;ESTATUTARIO;FARMACEUTICO-FAR-P.S.N.S.-A;; ESTATUTARIO;4940,40;;4940,40;896,63;4043,77;
FRANCIELLE DE LUNA SOUTO;ESTATUTARIO;MEDICO GRADUADO;MEDICO GENERALISTA; ESTATUTARIO;6128,38;;6128,38;1280,88;4847,50;
FRANCILENE PINHEIRO MACIEL;REGIME ESPECIAL;TECNICO DE ENFERMAGEM;TEC.EM ENFERMAGEM; SERVICO TEMPORARIO;1759,59;;1759,59;158,36;1601,23;
FRANCINEIDE TORRES OLIMPIO;CONTRATADOS;FISIOTERAPEUTA-FIS-P.S.N.S.-A;; ESTATUTARIO;4973,40;;4973,40;904,05;4069,35;
FRANCISCA CAMILA DE SOUZA C BRANCO;ESTATUTARIO;ASSIST.ADMIN.-ASA-T.S.N.M.-A;; ESTATUTARIO;1488,89;;1488,89;163,78;1325,11;
FRANCISCA COSTA DE OLIVEIRA;ESTATUTARIO;COZINHEIRO-COZ-T.S.N.A.-C;; ESTATUTARIO;1592,37;;1592,37;175,16;1417,21;
FRANCISCA DA SILVA ALFAIA;SEM VINCULO EMPREGATICIO;ASSESSOR IV AD-4;ASSESSOR IV; CARGO COMISSION.S/VINCULO;2481,24;;2481,24;249,85;2231,39;
FRANCISCA DO ROSARIO DA S VIRIATO;ESTATUTARIO;AUX.DE SERV.GER.-ASG-T.S.N.A.-B;; ESTATUTARIO;1530,05;;1530,05;168,31;1361,74;
FRANCISCA ELIZABETH ROCHA MONTEIRO;ESTATUTARIO;TEC. DE ENFERMAGEM-TEN-P.S.N.M.-B;; ESTATUTARIO;1944,87;;1944,87;213,94;1730,93;
FRANCISCA FATIMA REBOUCAS BARROZO;ESTATUTARIO;AUX.DE ENFERM.-AEF-P.S.N.A.-B;; ESTATUTARIO;1663,62;;1663,62;183,00;1480,62;
FRANCISCA FREITAS DA SILVA;ESTATUTARIO;TECNICO DE ENFERMAGEM;; ESTATUTARIO;1807,59;;1807,59;193,55;1614,04;
FRANCISCA MARIA VIRIATO NASCIMENTO;ESTATUTARIO;AUX.DE SERV.GER.-ASG-T.S.N.A.-B;; ESTATUTARIO;1530,05;;1530,05;168,31;1361,74;
FRANCISCA OLGA MARTINS PIMENTEL;ESTATUTARIO;TEC. DE ENFERMAGEM-TEN-P.S.N.M.-A;TEC. ENFERMAGEM; ESTATUTARIO;1759,59;;1759,59;193,55;1566,04;
FRANCISCA PARENTE MEDEIROS;ESTATUTARIO;TEC. DE ENFERMAGEM-TEN-P.S.N.M.-A;; ESTATUTARIO;1759,59;;1759,59;193,55;1566,04;
FRANCISCA PEREIRA COSTA DA CRUZ;ESTATUTARIO;AUXILIAR DE ENFERMAGEM;; ESTATUTARIO;1528,37;;1528,37;164,37;1364,00;
FRANCISCA TEIXEIRA RODRIGUES;ESTATUTARIO;COZINHEIRO-COZ-T.S.N.A.-C;; ESTATUTARIO;1592,37;;1592,37;175,16;1417,21;
FRANCISCO DA SILVA BRITO;SEM VINCULO EMPREGATICIO;ASSESSOR IV AD-4;ASSESSOR; CARGO COMISSION.S/VINCULO;2481,24;;2481,24;249,85;2231,39;
FRANCISCO DE ASSIS ANDRADE FERREIRA;ESTATUTARIO;MOTORISTA;; ESTATUTARIO;1585,70;;1585,70;174,43;1411,27;
FRANCISCO DE ASSIS REIS DA SILVA;ESTATUTARIO;AUX.DE SERV.GER.-ASG-T.S.N.A.-A;AUX. SERV. GERAIS; ESTATUTARIO;1453,68;;1453,68;159,90;1293,78;
FRANCISCO DO NASCIMENTO FERREIRA;ESTATUTARIO;VIGIA-VIG-T.S.N.A.-B;; ESTATUTARIO;1530,05;;1530,05;168,31;1361,74;
FRANCISCO GERALDO MELO DE OLIVEIRA;ESTATUTARIO;MEDICO ESPECIALISTA;; ESTATUTARIO;7100,09;;7100,09;1512,75;5587,34;
FRANCISCO NAILSON SANTOS PINTO;ESTATUTARIO;FARMAC.BIOQ. -FAB-P.S.N.S.-D;; ESTATUTARIO;6542,55;;6542,55;1399,47;5143,08;
FRANKLIN SIMOES DE SANTANA FILHO;ESTATUTARIO;MEDICO MESTRE;MEDICO GENERALISTA; ESTATUTARIO;7259,15;;7259,15;1671,46;5587,69;
GEIMES CARLOS RODRIGUES DE SOUZA;REGIME ESPECIAL;TECNICO DE ENFERMAGEM;TEC.EM ENFERMAGEM; SERVICO TEMPORARIO;1813,59;;1813,59;163,22;1650,37;
GERALDO ANTONIO RIBEIRO GOMES;ESTATUTARIO;MEDICO ESPECIALISTA;; ESTATUTARIO;7905,01;;7905,01;1901,92;6003,09;
GERALDO MAJELA SOARES;ESTATUTARIO;FARMAC.BIOQ. -FAB-P.S.N.S.-A;; ESTATUTARIO;5140,12;;5140,12;958,59;4181,53;
GERALDO MAJELA SOARES;ESTATUTARIO;FARMAC.BIOQ. -FAB-P.S.N.S.-B;; ESTATUTARIO;6359,83;;6359,83;1264,70;5095,13;
GIANE ZUPELLARI DOS SANTOS MELO;ESTATUTARIO;ENFERMEIRO-ENF-P.S.N.S.-A;; ESTATUTARIO;5036,40;;5036,40;918,23;4118,17;
GILCE ALVES BARREIROS;ESTATUTARIO;FARMAC.BIOQ. -FAB-P.S.N.S.-A;; ESTATUTARIO;4940,40;;4940,40;896,63;4043,77;
GILDO MAIA DE BARROS JUNIOR;ESTATUTARIO;MEDICO MESTRE;MEDICO GENERALISTA; ESTATUTARIO;7259,15;;7259,15;1671,46;5587,69;
GILSON SAMPAIO PEREIRA;ESTATUTARIO;MOTORISTA-MOT-T.S.N.A.-A;MOTORISTA; ESTATUTARIO;1634,24;;1634,24;77,90;1556,34;
GISELA PAULA GARCIA GONZALEZ;SEM VINCULO EMPREGATICIO;ASSESSOR IV AD-4;ASSESSOR; CARGO COMISSION.S/VINCULO;2481,24;;2481,24;249,85;2231,39;
GISELY CARDOSO DE MELO;ESTATUTARIO;FARMAC.BIOQ. -FAB-P.S.N.S.-A;; ESTATUTARIO;4940,40;;4940,40;896,63;4043,77;
GIULIANO GIL PEREIRA DA SILVA;ESTATUTARIO;TEC. DE ENFERMAGEM-TEN-P.S.N.M.-A;; ESTATUTARIO;1852,35;;1852,35;203,76;1648,59;
GIZEUDA JANE RODRIGUES TEIXEIRA;ESTATUTARIO;AUX.DE SERV.GER.-ASG-T.S.N.A.-B;; ESTATUTARIO;1530,05;;1530,05;168,31;1361,74;
GLAUCIA TRINDADE PANTOJA;ESTATUTARIO;AUXILIAR DE ENFERMAGEM;; ESTATUTARIO;1494,29;;1494,29;164,37;1329,92;
GLAUCIANE GARCIA DE ARAUJO;ESTATUTARIO;ASSIST.ADMIN.-ASA-T.S.N.M.-A;; ESTATUTARIO;1488,89;;1488,89;163,78;1325,11;
GLETE CHAGAS DA SILVA;ESTATUTARIO;TEC. DE ENFERMAGEM-TEN-P.S.N.M.-A;; ESTATUTARIO;1759,59;;1759,59;187,10;1572,49;
GRACIENE JANUARIO FERREIRA;ESTATUTARIO;AUXILIAR DE ENFERMAGEM;; ESTATUTARIO;1494,29;;1494,29;158,89;1335,40;
GRACIENE VALE QUEIROZ;ESTATUTARIO;TELEFONISTA-TEL-T.S.N.A.-H;; ESTATUTARIO;1673,84;;1673,84;184,12;1489,72;
GRACIETH DE OLIVEIRA MATOS;ESTATUTARIO;TEC. DE ENFERMAGEM-TEN-P.S.N.M.-A;TEC ENFERMEIRA; ESTATUTARIO;1852,35;;1852,35;203,76;1648,59;
GRECELY DE OLIVEIRA ANDRADE;ESTATUTARIO;AUX.DE ENFERM.-AEF-P.S.N.A.-C;AUX.SAUDE/ENFERMAGEM; ESTATUTARIO;1731,49;;1731,49;190,46;1541,03;
GUILHERME AUGUSTO PIVOTO JOAO;ESTATUTARIO;MEDICO ESPECIALISTA;; ESTATUTARIO;6391,21;;6391,21;1369,48;5021,73;
GWENDOLINY FERREIRA RODRIGUES GOMES;ESTATUTARIO;AUX.DE ENFERM.-AEF-P.S.N.A.-A;; ESTATUTARIO;1579,89;;1579,89;168,00;1411,89;
HELENA SILVA LIRA;ESTATUTARIO;ASSIST.ADMIN.-ASA-T.S.N.M.-D;GERENTE; ESTATUTARIO;6260,75;;6260,75;910,50;5350,25;
HELIA DA SILVA MOREIRA;ESTATUTARIO;RECEPCIONISTA;ASSESSOR IV; ESTATUTARIO;3787,37;;3787,37;343,02;3444,35;
HELINE LIRA VASCONCELOS;SEM VINCULO EMPREGATICIO;ASSESSOR IV AD-4;ASSESSOR IV; CARGO COMISSION.S/VINCULO;2481,24;;2481,24;249,85;2231,39;
HENRIQUE DE ARAUJO MARTINS;ESTATUTARIO;FARMAC.BIOQ. -FAB-P.S.N.S.-A;; ESTATUTARIO;4940,40;;4940,40;896,63;4043,77;
HENRIQUE GUERREIRO MENDES;SEM VINCULO EMPREGATICIO;MEDICO RESIDENTE;; RESIDENTE;3330,43;;3330,43;366,34;2964,09;
HILDA DE ALMEIDA GUERREIRO;ESTATUTARIO;AGENTE ADM.-AGA-T.S.N.A.-H;; ESTATUTARIO;1673,84;;1673,84;184,12;1489,72;
HILDERSON ANTONIO DIAS DOS SANTOS;ESTATUTARIO;ENFERMEIRO-ENF-P.S.N.S.-A;ENFERMEIRO; ESTATUTARIO;5393,48;;5393,48;1043,98;4349,50;
HUMBELINA MAXIMA PINHO;ESTATUTARIO;AUXILIAR DE SAUDE/ENFERMAGEM;; ESTATUTARIO;1731,49;;1731,49;;1731,49;
ILMA SANTANA DA SILVA;ESTATUTARIO;ENFERMEIRO-ENF-P.S.N.S.-A;ENFERMEIRA; ESTATUTARIO;5513,19;;5513,19;1086,44;4426,75;
IONEMARA DE ARAUJO BELTRAO DE SOUZA;ESTATUTARIO;TEC. DE ENFERMAGEM-TEN-P.S.N.M.-A;; ESTATUTARIO;1789,59;;1789,59;193,55;1596,04;
IRACEMA DE SOUZA LEDA;ESTATUTARIO;TECNICO DE LABORATORIO;; ESTATUTARIO;1813,83;;1813,83;193,55;1620,28;
IRAN GRIJO PRAIA;ESTATUTARIO;MEDICO ESPECIALISTA;; ESTATUTARIO;7614,74;;7614,74;1693,51;5921,23;
IRENIO DA SILVA GOMES;ESTATUTARIO;TEC.DE PAT.CLINICA-TPC-P.S.N.M.-D;; ESTATUTARIO;2447,04;;2447,04;230,83;2216,21;
IRINEIDE ASSUMPCAO ANTUNES;ESTATUTARIO;MEDICO ESPECIALISTA;; ESTATUTARIO;7387,43;;7387,43;1666,17;5721,26;
IRISLENE FIGUEIREDO DA COSTA;ESTATUTARIO;TEC.DE PAT.CLINICA-TPC-P.S.N.M.-A;TEC EM LABORATORIO; ESTATUTARIO;1805,04;;1805,04;198,55;1606,49;
ISAAC DE AGUIAR NERES;SEM VINCULO EMPREGATICIO;MEDICO RESIDENTE;; RESIDENTE;3330,43;;3330,43;366,34;2964,09;
ISABEL CRISTINA ABREU BARROS;ESTATUTARIO;AUX.DE SERV.GER.-ASG-T.S.N.A.-B;; ESTATUTARIO;1530,05;;1530,05;168,31;1361,74;
ISABEL CRISTINA BONATES DE OLIVEIRA;ESTATUTARIO;TEC. DE ENFERMAGEM-TEN-P.S.N.M.-A;TEC. DE ENFERMAGEM; ESTATUTARIO;1759,59;;1759,59;193,55;1566,04;
ISIANA SANTOS TAVARES;ESTATUTARIO;TEC. DE ENFERMAGEM-TEN-P.S.N.M.-A;TEC DE ENFERMAGEM; ESTATUTARIO;1852,35;;1852,35;203,76;1648,59;
ITAMAR MARQUES DE SOUZA;ESTATUTARIO;AUXILIAR DE SERV GERAIS - LIMPEZA;; ESTATUTARIO;1375,86;;1375,86;151,34;1224,52;
IVANEIDE DE LIMA CAXIAS A PONTES;ESTATUTARIO;RECEPCIONISTA;ASSESSOR IV; ESTATUTARIO;3787,37;;3787,37;257,71;3529,66;
IVETE COSTA VASCONCELOS;ESTATUTARIO;TEC. DE ENFERMAGEM-TEN-P.S.N.M.-A;; ESTATUTARIO;1759,59;;1759,59;193,55;1566,04;
IVONE CAMPOS FERREIRA;ESTATUTARIO;AUX.DE SERV.GER.-ASG-T.S.N.A.-D;; ESTATUTARIO;1655,62;;1655,62;182,12;1473,50;
IVONETE SOUZA DE DEUS;REGIME ESPECIAL;TECNICO DE ENFERMAGEM;TEC.EM ENFERMAGEM; SERVICO TEMPORARIO;1759,59;;1759,59;158,36;1601,23;
IZENILDA PIRES FARIAS;SEM VINCULO EMPREGATICIO;ASSESSOR IV AD-4;ASSESSOR IV; CARGO COMISSION.S/VINCULO;2481,24;;2481,24;249,85;2231,39;
JAIME MIRANDA DE SOUZA;ESTATUTARIO;AUX.DE SERV.GER.-ASG-T.S.N.A.-A;AUX. SERVICOS GERAIS; ESTATUTARIO;1375,86;;1375,86;151,34;1224,52;
JAMES SOARES DE LIMA;ESTATUTARIO;TEC.DE PAT.CLINICA-TPC-P.S.N.M.-A;; ESTATUTARIO;1759,59;;1759,59;193,55;1566,04;
JAMILY JULINAR BARROS ALMEIDA;ESTATUTARIO;TEC.DE FARMACIA-TEF-P.S.N.M.-A;; ESTATUTARIO;1759,59;;1759,59;193,55;1566,04;
JANAINA CARMO DE SOUZA;ESTATUTARIO;ENFERMEIRO-ENF-P.S.N.S.-A;GERENTE; ESTATUTARIO;9140,12;;9140,12;2054,10;7086,02;
JANAINA DA SILVA GONCALVES;SEM VINCULO EMPREGATICIO;ASSESSOR IV AD-4;ASSESSOR IV; CARGO COMISSION.S/VINCULO;2481,24;;2481,24;249,85;2231,39;
JANAINA MACIEL BRAGA SOARES;ESTATUTARIO;PSICOLOGO-PSI-P.S.N.S.-A;CHEF.DPTO.AD-1; ESTATUTARIO;10346,46;;10346,46;2402,30;7944,16;
JANDER TORRES DA SILVA;ESTATUTARIO;FARMAC.BIOQ. -FAB-P.S.N.S.-A;; ESTATUTARIO;5647,56;;5647,56;907,61;4739,95;
JANDERSON LOPES DA CUNHA;ESTATUTARIO;TEC. DE ENFERMAGEM-TEN-P.S.N.M.-A;; ESTATUTARIO;1759,59;;1759,59;193,55;1566,04;
JANEMAR DANTAS;ESTATUTARIO;ENFERMEIRO-ENF-P.S.N.S.-A;ENFERMEIRO; ESTATUTARIO;5140,12;;5140,12;958,59;4181,53;
JASMINE ROQUE MOREIRA;ESTATUTARIO;AUX.DE SERV.GER.-ASG-T.S.N.A.-A;ASSESSOR IV; ESTATUTARIO;3813,91;;3813,91;349,49;3464,42;
JOANA ROCHA BEZERRA;ESTATUTARIO;ASSIST.SOC.ASS-P.S.N.S.-CL.A;; ESTATUTARIO;4940,40;;4940,40;896,63;4043,77;
JOAO BATISTA TAVARES PESSOA;ESTATUTARIO;AUX.DE SERV.GER.-ASG-T.S.N.A.-A;AUX. SERV. GERAIS; ESTATUTARIO;1413,91;;1413,91;155,53;1258,38;
JOAO CLADIRSON ALVES DE SIQUEIRA;ESTATUTARIO;FARMACEUTICO-FAR-P.S.N.S.-A;; ESTATUTARIO;4940,40;;4940,40;896,63;4043,77;
JOAO CORDEIRO DOS SANTOS;ESTATUTARIO;AUX.DE SERV.GER.-ASG-T.S.N.A.-D;; ESTATUTARIO;1938,59;;1938,59;192,11;1746,48;
JOAO GABRIEL NOGUEIRA DE OLIVEIRA;SEM VINCULO EMPREGATICIO;MEDICO RESIDENTE;; RESIDENTE;3330,43;;3330,43;366,34;2964,09;
JOAO JONILSON NAZARE DE SOUSA;ESTATUTARIO;FARMAC.BIOQ. -FAB-P.S.N.S.-A;; ESTATUTARIO;5012,72;;5012,72;708,65;4304,07;
JOAO MARCELO VALLIM BERTOZZI;ESTATUTARIO;MEDICO ESPECIALISTA;; ESTATUTARIO;6520,14;;6520,14;1414,35;5105,79;
JOAO PAULO LIMA DA SILVA;ESTATUTARIO;AUXILIAR DE ENFERMAGEM;; ESTATUTARIO;1494,29;;1494,29;153,41;1340,88;
JOAO TEOFILO DE PAULA FILHO;ESTATUTARIO;TEC. DE ENFERMAGEM-TEN-P.S.N.M.-D;; ESTATUTARIO;2209,04;;2209,04;242,99;1966,05;
JOAQUIM LOBATO DA CUNHA;ESTATUTARIO;AUXILIAR DE SAUDE/ENFERMAGEM;; ESTATUTARIO;1899,23;;1899,23;;1899,23;
JOEL SOARES SANTANA;ESTATUTARIO;MEDICO GRADUADO;; ESTATUTARIO;6499,75;;6499,75;1304,27;5195,48;
JONAS MOTA LEMOS;ESTATUTARIO;TEC. EM ANAT.PATOL.-TAP-P.S.N.M.-A;; ESTATUTARIO;2223,12;;2223,12;189,54;2033,58;
JORGE AUGUSTO DE OLIVEIRA GUERRA;ESTATUTARIO;PESQUISADOR INIC.-PEI-P.S.N.S.-D;SUBGERENTE; ESTATUTARIO;9952,17;;9952,17;2369,79;7582,38;
JORGE LUIZ DE SOUZA PIMENTEL;ESTATUTARIO;TECNICO 1A CLASSE;GERENTE; ESTATUTARIO;7722,21;;7722,21;1551,09;6171,12;
JORGE LUIZ LOPEZ LOZANO;ESTATUTARIO;PESQUISADOR INICIANTE;; ESTATUTARIO;6023,23;;6023,23;1267,38;4755,85;
JOSE ARIMATEIA PEREIRA DE ARAUJO;ESTATUTARIO;VIGIA-VIG-T.S.N.A.-B;; ESTATUTARIO;1530,05;;1530,05;168,31;1361,74;
JOSE CANDEIA FILHO;ESTATUTARIO;TEC.DE PAT.CLINICA-TPC-P.S.N.M.-A;TEC.DE LABORATORIO; ESTATUTARIO;1759,59;;1759,59;193,55;1566,04;
JOSE CARLOS CAMPOS FERREIRA;ESTATUTARIO;ASSIST.ADMIN.-ASA-T.S.N.M.-D;ASSESSOR IV; ESTATUTARIO;4603,83;;4603,83;278,45;4325,38;
JOSE CARLOS CAVALCANTE LIMA ARAUJO;ESTATUTARIO;TEC. DE ENFERMAGEM-TEN-P.S.N.M.-A;TEC ENFERMAGEM; ESTATUTARIO;1885,55;;1885,55;196,97;1688,58;
JOSE CARLOS FERRAZ DA FONSECA;ESTATUTARIO;PESQUISADOR ADJ.-PAD-P.S.N.S-D;; ESTATUTARIO;7047,47;;7047,47;1526,45;5521,02;
JOSE CLAUDIO DA SILVA SERRA;ESTATUTARIO;AGENTE ADM.-AGA-T.S.N.A.-G;; ESTATUTARIO;1661,45;;1661,45;182,76;1478,69;
JOSE DO PATROCINIO DE SOUZA CARIOCA;SEM VINCULO EMPREGATICIO;ASSESSOR IV AD-4;ASSESSOR IV; CARGO COMISSION.S/VINCULO;2481,24;;2481,24;249,85;2231,39;
JOSE GERALDO SANTOS DE ARAUJO;ESTATUTARIO;AUX.DE ENFERM.-AEF-P.S.N.A.-C;; ESTATUTARIO;1731,49;;1731,49;190,46;1541,03;
JOSE VAGNER MAIA DA SILVA;ESTATUTARIO;ASSIST.ADMIN.-ASA-T.S.N.M.-D;GERENTE; ESTATUTARIO;5797,17;;5797,17;763,91;5033,26;
JOSE WILZIMAR MONTEIRO DE LUNA;ESTATUTARIO;VIGIA-VIG-T.S.N.A.-B;; ESTATUTARIO;1583,41;;1583,41;174,18;1409,23;
JOSIANE LIMA DA ROCHA;ESTATUTARIO;FISIOTERAPEUTA-FIS-P.S.N.S.-A;; ESTATUTARIO;4940,40;;4940,40;896,63;4043,77;
JOZIANE DA SILVA GOMES;REGIME ESPECIAL;TECNICO DE ENFERMAGEM;TEC.EM ENFERMAGEM; SERVICO TEMPORARIO;1759,59;;1759,59;158,36;1601,23;
JUAREZ BARROS NERY;ESTATUTARIO;TEC.DE PAT.CLINICA-TPC-P.S.N.M.-A;; ESTATUTARIO;1759,59;;1759,59;193,55;1566,04;
JUAREZ BARROS NERY;ESTATUTARIO;TEC.DE PAT.CLINICA-TPC-P.S.N.M.-A;TEC. DE LABORATORIO; ESTATUTARIO;1805,04;;1805,04;198,55;1606,49;
JULIANA DE DEUS E ALBUQUERQUE;SEM VINCULO EMPREGATICIO;MEDICO RESIDENTE;; RESIDENTE;3330,43;;3330,43;366,34;2964,09;
JULIO FERREIRA DE SOUZA;ESTATUTARIO;TECNICO DE ENFERMAGEM;; ESTATUTARIO;1765,59;;1765,59;193,55;1572,04;
JUVENCIO VITORINO DE MENEZES FILHO;SEM VINCULO EMPREGATICIO;AGENTE ADMINISTRATIVO;GERENTE; ESTATUTARIO;4000,00;;4000,00;263,87;3736,13;
KARINA MARIA OLIVEIRA PONTES BRITO;ESTATUTARIO;ENFERMEIRO-ENF-P.S.N.S.-A;; ESTATUTARIO;5012,40;;5012,40;912,83;4099,57;
KARITAS NOBRE DE ALMEIDA;ESTATUTARIO;ASSIST.ADMIN.-ASA-T.S.N.M.-A;; ESTATUTARIO;1530,89;;1530,89;163,78;1367,11;
KATIA DE SOUZA DAMASCENO;ESTATUTARIO;TEC. DE ENFERMAGEM-TEN-P.S.N.M.-A;TEC. DE ENFERMAGEM; ESTATUTARIO;1759,59;;1759,59;174,20;1585,39;
KATIA MARIA AMORIM ESQUERDO;ESTATUTARIO;TEC. DE ENFERMAGEM-TEN-P.S.N.M.-A;; ESTATUTARIO;1759,59;;1759,59;193,55;1566,04;
KATIA SANTANA CRUZ;ESTATUTARIO;PESQUISADOR INIC.-PEI-P.S.N.S.-A;; ESTATUTARIO;5955,55;;5955,55;1243,37;4712,18;
KEILA DE SOUZA MIRANDA;ESTATUTARIO;TEC. DE ENFERMAGEM-TEN-P.S.N.M.-A;; ESTATUTARIO;1852,35;;1852,35;203,76;1648,59;
KIM VINICIUS AMARAL MACHADO;ESTATUTARIO;ENFERMEIRO-ENF-P.S.N.S.-A;; ESTATUTARIO;5048,40;;5048,40;920,93;4127,47;
KLEBER PINHEIRO DE OLIVEIRA;ESTATUTARIO;MEDICO ESPECIALISTA;MEDICO GENERALISTA; ESTATUTARIO;6979,46;;6979,46;1577,30;5402,16;
LANA MARCIA GIRAO SILVA;ESTATUTARIO;ASSIST.ADMIN.-ASA-T.S.N.M.-A;; ESTATUTARIO;1488,89;;1488,89;163,78;1325,11;
LEA CHAVES AMORIM;ESTATUTARIO;TEC.DE FARMACIA-TEF-P.S.N.M.-A;; ESTATUTARIO;1759,59;;1759,59;193,55;1566,04;
LEANDRO MOURA;SEM VINCULO EMPREGATICIO;MEDICO RESIDENTE;; RESIDENTE;3330,43;;3330,43;366,34;2964,09;
LEILA CRISTINA FERREIRA S ALENCAR;ESTATUTARIO;ENFERMEIRO-ENF-P.S.N.S.-B;; ESTATUTARIO;6715,55;;6715,55;1366,74;5348,81;
LEILA MARINATO ABREU;ESTATUTARIO;ASSIST.SOC.ASS-P.S.N.S.-CL.A;; ESTATUTARIO;4940,40;;4940,40;896,63;4043,77;
LEILA MELO BRASIL;ESTATUTARIO;PESQUISADOR INIC.-PEI-P.S.N.S.-C;; ESTATUTARIO;6619,56;;6619,56;1478,93;5140,63;
LENI DA SILVA MARREIRO;ESTATUTARIO;MEDICO ESPECIALISTA;; ESTATUTARIO;6979,46;;6979,46;1577,30;5402,16;
LESLYE LUCIANA REIS BEZERRA;ESTATUTARIO;FARMACEUTICO-FAR-P.S.N.S.-A;; ESTATUTARIO;4940,40;;4940,40;896,63;4043,77;
LETICIA FATIMA DE A MARTINS;ESTATUTARIO;AGENTE ADM.-AGA-T.S.N.A.-H;; ESTATUTARIO;1964,21;;1964,21;194,65;1769,56;
LILIA MAGNOLIA OLIVEIRA DE PAULA;ESTATUTARIO;TECNICO-TEC-T.S.N.S.-D;ASSESSOR IV; ESTATUTARIO;7584,21;;7584,21;1588,77;5995,44;
LILIANE PESSOA ROCHA;ESTATUTARIO;ENFERMEIRO-ENF-P.S.N.S.-A;ENFERMEIRO; ESTATUTARIO;5140,12;;5140,12;958,59;4181,53;
LINDALVA SILVA DO NASCIMENTO;ESTATUTARIO;AUXILIAR DE ENFERMAGEM;; ESTATUTARIO;1494,29;;1494,29;164,37;1329,92;
LINDEMBERG FEITOZA DE SOUZA;ESTATUTARIO;RECEPCIONISTA-REC-T.S.N.A.-E;; ESTATUTARIO;1387,37;;1387,37;152,61;1234,76;
LUANA CASTRO FISCHER;ESTATUTARIO;RECEPCIONISTA;; ESTATUTARIO;1387,37;;1387,37;152,61;1234,76;
LUANA DE CARLOS SOUZA MULLER;SEM VINCULO EMPREGATICIO;CHEFE DE DEPARTAMENTO AD-1;CHEFE DEPARTAMENTO; CARGO COMISSION.S/VINCULO;5100,30;;5100,30;903,58;4196,72;
LUCEMI PEREIRA GIBSON;ESTATUTARIO;TEC. DE ENFERMAGEM-TEN-P.S.N.M.-A;TEC DE ENFERMAGEM; ESTATUTARIO;1805,04;;1805,04;198,55;1606,49;
LUCIANA MENDES DOS SANTOS;ESTATUTARIO;MEDICO ESPECIALISTA;; ESTATUTARIO;6391,21;;6391,21;1317,34;5073,87;
LUCIANA ORENCIO DE SOUZA;ESTATUTARIO;TEC.DE PAT.CLINICA-TPC-P.S.N.M.-A;TEC. EM LABORATORIO; ESTATUTARIO;1805,04;;1805,04;198,55;1606,49;
LUCIANA RAGE XAVIER;ESTATUTARIO;AUX.DE SERV.GER.-ASG-T.S.N.A.-A;AUX.SERV. GERAIS; ESTATUTARIO;1413,91;;1413,91;155,53;1258,38;
LUCIENE FREIRE SEIXAS;ESTATUTARIO;TEC. DE ENFERMAGEM-TEN-P.S.N.M.-A;TEC. ENFERMAGEM; ESTATUTARIO;1801,59;;1801,59;193,55;1608,04;
LUCILAIDE OLIVEIRA SANTOS;ESTATUTARIO;MEDICO MESTRE;MEDICO ESPECIALISTA; ESTATUTARIO;7259,15;;7259,15;1671,46;5587,69;
LUCIMAR XAVIER DE LIMA;ESTATUTARIO;TEC.DE PAT.CLINICA-TPC-P.S.N.M.-D;; ESTATUTARIO;2098,41;;2098,41;230,83;1867,58;
LUIS CARLOS DA MOTA RIBEIRO;ESTATUTARIO;AUX.DE SERV.GER.-ASG-T.S.N.A.-C;; ESTATUTARIO;1643,31;;1643,31;180,76;1462,55;
LUIZ CARLOS ALVES DA CUNHA;ESTATUTARIO;MOTORISTA-MOT-T.S.N.A.-A;MOTORISTA; ESTATUTARIO;1634,24;;1634,24;179,77;1454,47;
LUIZ CARLOS LIMA FERREIRA;ESTATUTARIO;PESQUISADOR ADJ.-PAD-P.S.N.S-D;PESQUISADOR ADJUNTO; ESTATUTARIO;7159,74;;7159,74;1566,28;5593,46;
LUIZ DE MAGALHAES CARVALHO;ESTATUTARIO;MEDICO ESPECIALISTA;MEDICO; ESTATUTARIO;7387,43;;7387,43;1614,03;5773,40;
LUIZ HENRIQUE CANELLAS BASTOS;ESTATUTARIO;MEDICO ESPECIALISTA;; ESTATUTARIO;6391,21;;6391,21;1369,48;5021,73;
LUIZA CRISTINA GOUVEIA CARVALHO;ESTATUTARIO;TEC. DE ENFERMAGEM-TEN-P.S.N.M.-A;TEC. ENFERMAGEM; ESTATUTARIO;1759,59;;1759,59;193,55;1566,04;
LUIZA DE ALMEIDA BARROSO O MENDONÇA;ESTATUTARIO;ENFERMEIRO-ENF-P.S.N.S.-A;; ESTATUTARIO;4940,40;;4940,40;896,63;4043,77;
LUIZA MARA REGIS PEDROSA;ESTATUTARIO;TEC.DE PAT.CLINICA-TPC-P.S.N.M.-B;; ESTATUTARIO;2290,60;;2290,60;225,42;2065,18;
LUZIA FERREIRA DOS SANTOS;ESTATUTARIO;TEC. DE ENFERMAGEM-TEN-P.S.N.M.-D;; ESTATUTARIO;2209,04;;2209,04;;2209,04;
LUZINEIDE DE SOUZA RODRIGUES;ESTATUTARIO;AUXILIAR DE ENFERMAGEM;; ESTATUTARIO;1545,41;;1545,41;164,37;1381,04;
MAGDA TAIS ROCHA DA SILVA;ESTATUTARIO;ASSIST.ADMIN.-ASA-T.S.N.M.-A;; ESTATUTARIO;1488,89;;1488,89;163,78;1325,11;
MAIANNE YASMIN OLIVEIRA DIAS;SEM VINCULO EMPREGATICIO;ASSESSOR IV AD-4;; CARGO COMISSION.S/VINCULO;2481,24;;2481,24;249,85;2231,39;
MANOEL ANCELMO DOS SANTOS;ESTATUTARIO;MEDICO ESPECIALISTA;MEDICO GENERALISTA; ESTATUTARIO;6476,85;;6476,85;1399,29;5077,56;
MARA FATIMA ALVES CUNHA;ESTATUTARIO;AUXILIAR DE ENFERMAGEM;; ESTATUTARIO;1494,29;;1494,29;164,37;1329,92;
MARA LUCIA GOMES DE SOUZA;ESTATUTARIO;MEDICO ESPECIALISTA;MEDICO ESPECIALISTA; ESTATUTARIO;6476,85;;6476,85;1399,29;5077,56;
MARA RUBIA DE SOUZA MOTA;ESTATUTARIO;TEC. DE ENFERMAGEM-TEN-P.S.N.M.-A;TEC.DE ENFERMAGEM; ESTATUTARIO;1759,59;;1759,59;193,55;1566,04;
MARCELIA BEZERRA DE ARAUJO;REGIME ESPECIAL;TECNICO DE ENFERMAGEM;TEC.EM ENFERMAGEM; SERVICO TEMPORARIO;1807,59;;1807,59;162,68;1644,91;
MARCELO CORDEIRO DOS SANTOS;ESTATUTARIO;MEDICO DOUTOR;GERENTE; ESTATUTARIO;12038,38;;12038,38;3042,36;8996,02;
MARCELO HONORATO DA SILVA;ESTATUTARIO;TEC.DE FARMACIA-TEF-P.S.N.M.-A;; ESTATUTARIO;1759,59;;1759,59;193,55;1566,04;
MARCIA ALMEIDA DE ARAUJO ALEXANDRE;ESTATUTARIO;MEDICO MESTRE;GERENTE; ESTATUTARIO;7458,31;;7458,31;1688,58;5769,73;
MARCIA ALMEIDA DE ARAUJO ALEXANDRE;ESTATUTARIO;MEDICO MESTRE;CHEFE DE DEPARTAMENT; ESTATUTARIO;7113,70;;7113,70;1568,73;5544,97;
MARCIA DA COSTA CASTILHO;ESTATUTARIO;PESQUISADOR INIC.-PEI-P.S.N.S.-C;GERENTE; ESTATUTARIO;10581,51;;10581,51;2513,30;8068,21;
MARCIA HORTENCIO DE ALENCAR;ESTATUTARIO;TECNICO DE ENFERMAGEM;; ESTATUTARIO;1759,59;;1759,59;193,55;1566,04;
MARCIA MELO DAMIAN;ESTATUTARIO;MEDICO DOUTOR;; ESTATUTARIO;9591,83;;9591,83;2489,71;7102,12;
MARCIA RAQUEL ALMEIDA DE SIQUEIRA;ESTATUTARIO;TEC. DE ENFERMAGEM-TEN-P.S.N.M.-A;TEC. ENFERMAGEM; ESTATUTARIO;1759,59;;1759,59;193,55;1566,04;
MARCILEIA MOREIRA DE ARAUJO;ESTATUTARIO;TEC. DE ENFERMAGEM-TEN-P.S.N.M.-A;; ESTATUTARIO;1759,59;;1759,59;193,55;1566,04;
MARCILENE GOMES PAES;ESTATUTARIO;PESQUISADOR ASS.-PEA-P.S.N.S.-D;; ESTATUTARIO;7920,68;;7920,68;1773,63;6147,05;
MARCILENE SANCHES SANTOS;ESTATUTARIO;TEC. DE ENFERMAGEM-TEN-P.S.N.M.-A;TEC. ENFERMAGEM; ESTATUTARIO;1759,59;;1759,59;193,55;1566,04;
MARCIO AUGUSTO COSTA ROCHA;ESTATUTARIO;AUXILIAR DE ENFERMAGEM;; ESTATUTARIO;1494,29;;1494,29;164,37;1329,92;
MARCO ANTONIO SABOIA MOURA;ESTATUTARIO;ASSIST.ADMIN.-ASA-T.S.N.M.-C;GERENTE; ESTATUTARIO;5725,57;;5725,57;469,64;5255,93;
MARCO AURELIO MOREIRA FERREIRA;ESTATUTARIO;TEC.DE PAT.CLINICA-TPC-P.S.N.M.-D;; ESTATUTARIO;2611,61;;2611,61;258,76;2352,85;
MARCOS CARDOSO FERNANDES;ESTATUTARIO;MEDICO ESPECIALISTA;MEDICO; ESTATUTARIO;7039,24;;7039,24;1439,67;5599,57;
MARCOS FELIPE DE OLIVEIRA DIAS;ESTATUTARIO;TEC.DE PAT.CLINICA-TPC-P.S.N.M.-A;TEC LABORATORIO; ESTATUTARIO;1852,24;;1852,24;198,55;1653,69;
MARCUS LUIZ BARROSO BARROS;ESTATUTARIO;PESQUISADOR ASS.-PEA-P.S.N.S.-D;; ESTATUTARIO;7047,47;;7047,47;1474,32;5573,15;
MARCUS VINICIUS DE SOUZA TUFIC;ESTATUTARIO;AUXILIAR DE SAUDE/ENFERMAGEM;GERENTE; ESTATUTARIO;5552,16;;5552,16;729,13;4823,03;
MARCUS VINICIUS GUIMARAES LACERDA;ESTATUTARIO;PESQUISADOR INIC.-PEI-P.S.N.S.-A;DIRETOR; ESTATUTARIO;6277,61;;6277,61;1357,62;4919,99;
MARCUS VINITIUS DE FARIAS GUERRA;ESTATUTARIO;PESQUISADOR ASS.-PEA-P.S.N.S.-D;DIRETOR; ESTATUTARIO;15211,77;;15211,77;3881,04;11330,73;
MARGARIDA PINHO PARENTE;ESTATUTARIO;AUXILIAR DE SERV GERAIS - LIMPEZA;; ESTATUTARIO;1375,86;;1375,86;151,34;1224,52;
MARIA ADMA TEIXEIRA VASCONCELOS;ESTATUTARIO;AGENTE ADM.-AGA-T.S.N.A.-H;ASSESSOR IV; ESTATUTARIO;4073,84;;4073,84;327,46;3746,38;
MARIA ALBUQUERQUE DE SOUZA;ESTATUTARIO;AUXILIAR DE SERV GERAIS - LIMPEZA;; ESTATUTARIO;1375,86;;1375,86;151,34;1224,52;
MARIA ALMADA DA SILVA;ESTATUTARIO;ENFERMEIRO-ENF-P.S.N.S.-C;; ESTATUTARIO;5683,34;;5683,34;1146,81;4536,53;
MARIA ANGELA MONTENEGRO DE MIRANDA;ESTATUTARIO;TELEFONISTA-TEL-T.S.N.A.-E;TELEFONISTA; ESTATUTARIO;1453,68;;1453,68;159,90;1293,78;
MARIA APARECIDA BARROS DE SOUZA;ESTATUTARIO;TEC.DE PAT.CLINICA-TPC-P.S.N.M.-D;; ESTATUTARIO;2098,41;;2098,41;230,83;1867,58;
MARIA APARECIDA CASTRO QUEIROZ;ESTATUTARIO;AUXILIAR DE LABORATORIO;ASSESSOR IV; ESTATUTARIO;3894,29;;3894,29;283,74;3610,55;
MARIA ARAUJO DA SILVA;ESTATUTARIO;AUXILIAR DE SERV GERAIS - LIMPEZA;; ESTATUTARIO;1375,86;;1375,86;151,34;1224,52;
MARIA AUXILIADORA CRUZ M CHIARION;ESTATUTARIO;FARMAC.BIOQ. -FAB-P.S.N.S.-A;; ESTATUTARIO;4940,40;;4940,40;768,65;4171,75;
MARIA DA CONCEICAO DOS SANTOS TUFIC;ESTATUTARIO;TECNICO DE SAUDE 3A CLASSE;ASSESSOR IV; ESTATUTARIO;4547,54;;4547,54;570,14;3977,40;
MARIA DA CONCEICAO GALENO FONTENELE;REGIME ESPECIAL;TECNICO DE ENFERMAGEM;TEC.EM ENFERMAGEM; SERVICO TEMPORARIO;1759,59;;1759,59;158,36;1601,23;
MARIA DAS GRACAS COSTA ALECRIM;SEM VINCULO EMPREGATICIO;DIRETOR PRESIDENTE;DIRETOR PRESIDENTE; CARGO COMISSION.S/VINCULO;11700,00;;11700,00;2348,14;9351,86;
MARIA DAS GRACAS GOMES SARAIVA;ESTATUTARIO;VISITADOR SANITARIO;GERENTE; ESTATUTARIO;6487,72;;6487,72;1041,36;5446,36;
MARIA DAS GRACAS SOUZA DE SOUZA;ESTATUTARIO;AUXILIAR DE LABORATORIO;; ESTATUTARIO;1494,29;;1494,29;164,37;1329,92;
MARIA DAS GRACAS VALE B GUERRA;ESTATUTARIO;PESQUISADOR INIC.-PEI-P.S.N.S.-A;CHEFE DE DEPARTAMENT; ESTATUTARIO;11277,61;;11277,61;2732,62;8544,99;
MARIA DAS GRACAS VERAS;ESTATUTARIO;AUXILIAR DE ENFERMAGEM;; ESTATUTARIO;1494,29;;1494,29;164,37;1329,92;
MARIA DE FATIMA DE SOUZA COSTA;ESTATUTARIO;ENFERMEIRO-ENF-P.S.N.S.-B;; ESTATUTARIO;5411,39;;5411,39;952,55;4458,84;
MARIA DE FATIMA NASCIMENTO DE SOUZA;ESTATUTARIO;AUXILIAR DE SERV GERAIS - LIMPEZA;; ESTATUTARIO;1375,86;;1375,86;151,34;1224,52;
MARIA DE FATIMA OLIVEIRA MELO;ESTATUTARIO;AGENTE ADM.-AGA-T.S.N.A.-G;; ESTATUTARIO;1661,45;;1661,45;182,76;1478,69;
MARIA DE FATIMA PAULINO REBOUCAS;ESTATUTARIO;AUXILIAR DE SERV GERAIS - LIMPEZA;; ESTATUTARIO;1375,86;;1375,86;151,34;1224,52;
MARIA DE LOURDES DE SOUZA APOLONIO;ESTATUTARIO;TEC.DE PAT.CLINICA-TPC-P.S.N.M.-D;; ESTATUTARIO;2399,04;;2399,04;237,74;2161,30;
MARIA DE LOURDES DE SOUZA GALVAO;ESTATUTARIO;MEDICO MESTRE;MÉDICO; ESTATUTARIO;7509,05;;7509,05;1758,36;5750,69;
MARIA DE NAZARE FERREIRA DA SILVA;ESTATUTARIO;AUXILIAR DE ENFERMAGEM;; ESTATUTARIO;1658,66;;1658,66;164,37;1494,29;
MARIA DENILDE GOMES GADELHA;ESTATUTARIO;AUXILIAR DE ENFERMAGEM;; ESTATUTARIO;1494,29;;1494,29;164,37;1329,92;
MARIA DESTERRO PONTES NUNES;ESTATUTARIO;TECNICO DE ENFERMAGEM;; ESTATUTARIO;1795,59;;1795,59;174,20;1621,39;
MARIA DO CARMO DUTRA DA CRUZ;ESTATUTARIO;AUX.DE ENFERM.-AEF-P.S.N.A.-A;AUX DE ENFERMAGEM; ESTATUTARIO;1579,89;;1579,89;173,79;1406,10;
MARIA DO CARMO LOPES DA SILVA;ESTATUTARIO;ASSIST.SOC.ASS-P.S.N.S.-CL.D;; ESTATUTARIO;6391,06;;6391,06;1241,46;5149,60;
MARIA DO LIVRAMENTO RIBEIRO;ESTATUTARIO;TEC.DE PAT.CLINICA-TPC-P.S.N.M.-C;; ESTATUTARIO;2374,77;;2374,77;222,32;2152,45;
MARIA DO PERPETUO S A OLIVEIRA;ESTATUTARIO;ASSIST.ADMIN.-ASA-T.S.N.M.-D;ASSESSOR IV; ESTATUTARIO;4560,71;;4560,71;513,32;4047,39;
MARIA DO SOCORRO CARIOCA RABELO;ESTATUTARIO;ASSIST.ADMIN.-ASA-T.S.N.M.-D;ASSESSOR III; ESTATUTARIO;5200,63;;5200,63;617,71;4582,92;
MARIA DO SOCORRO DAS CHAGAS;ESTATUTARIO;ENFERMEIRO-ENF-P.S.N.S.-A;; ESTATUTARIO;5048,88;;5048,88;921,03;4127,85;
MARIA DO SOCORRO GUIMARAES DE SOUZA;ESTATUTARIO;TECNICO DE SAUDE 3A CLASSE;; ESTATUTARIO;2053,25;;2053,25;225,86;1827,39;
MARIA DO SOCORRO PEREIRA DA SILVA;ESTATUTARIO;ASSIST.ADMIN.-ASA-T.S.N.M.-A;; ESTATUTARIO;1488,89;;1488,89;163,78;1325,11;
MARIA DO SOCORRO RODRIGUES DA SILVA;ESTATUTARIO;AUXILIAR DE LABORATORIO;; ESTATUTARIO;1494,29;;1494,29;120,54;1373,75;
MARIA DO SOCORRO WANZILEU AZULAY;ESTATUTARIO;AGENTE ADM.-AGA-T.S.N.A.-G;; ESTATUTARIO;1632,51;;1632,51;179,58;1452,93;
MARIA DOLORES GOMES ROSAS;ESTATUTARIO;AUXILIAR DE LABORATORIO;; ESTATUTARIO;1494,29;;1494,29;164,37;1329,92;
MARIA ELAINE FIGUEIREDO DA SILVA;ESTATUTARIO;AUX.DE SERV.GER.-ASG-T.S.N.A.-A;ASSESSOR IV; ESTATUTARIO;3813,91;;3813,91;349,49;3464,42;
MARIA ELIZABETH DA SILVA RAITZ;ESTATUTARIO;AUXILIAR DE SERV GERAIS - LIMPEZA;; ESTATUTARIO;1375,86;;1375,86;151,34;1224,52;
MARIA ELZA NUNES SANTOS;ESTATUTARIO;TECNICO DE ENFERMAGEM;; ESTATUTARIO;1759,59;;1759,59;193,55;1566,04;
MARIA ETELVINA TEOFILO DA SILVA;ESTATUTARIO;AUX.DE LABORAT.-ALA-P.S.N.A.-A;AUX DE LABORATORIO; ESTATUTARIO;1579,89;;1579,89;173,79;1406,10;
MARIA GERALDA MENDES DE SOUZA;ESTATUTARIO;AUXILIAR DE SAUDE;AUXILIAR DE SAUDE; ESTATUTARIO;1536,13;;1536,13;168,97;1367,16;
MARIA GILSILEILA SIQUEIRA F ALVES;ESTATUTARIO;AUXILIAR DE ENFERMAGEM;; ESTATUTARIO;1534,05;;1534,05;164,37;1369,68;
MARIA GRACIEDE FILHA S ANDRADE;ESTATUTARIO;ENFERMEIRO-ENF-P.S.N.S.-B;; ESTATUTARIO;5843,62;;5843,62;1196,81;4646,81;
MARIA GRACILENE DA SILVA ARCE;ESTATUTARIO;TECNICO-TEC-T.S.N.S.-D;GERENTE; ESTATUTARIO;9193,11;;9193,11;1875,44;7317,67;
MARIA INES SILVA ALVES;ESTATUTARIO;AUX.DE SERV.GER.-ASG-T.S.N.A.-B;; ESTATUTARIO;1530,05;;1530,05;168,31;1361,74;
MARIA IRIS NASCIMENTO DA SILVA;ESTATUTARIO;AUXILIAR DE ENFERMAGEM;; ESTATUTARIO;1494,29;;1494,29;164,37;1329,92;
MARIA IVANI DE FREITAS MEDEIROS;ESTATUTARIO;ENFERMEIRO-ENF-P.S.N.S.-A;ENFERMEIRA; ESTATUTARIO;5513,19;;5513,19;1086,44;4426,75;
MARIA IVONETE GOMES AZEVEDO;ESTATUTARIO;TECNICO DE ENFERMAGEM;; ESTATUTARIO;1813,59;;1813,59;193,55;1620,04;
MARIA IZABEL FERREIRA BARBOSA;ESTATUTARIO;TECNICO DE LABORATORIO;; ESTATUTARIO;1759,59;;1759,59;193,55;1566,04;
MARIA JOSE ALMEIDA DA SILVA CUNHA;ESTATUTARIO;AUX.DE SERV.GER.-ASG-T.S.N.A.-A;AUX. SER. GERAIS; ESTATUTARIO;1413,91;;1413,91;155,53;1258,38;
MARIA JOSE CORTEZ FERNANDES ALENCAR;ESTATUTARIO;MEDICO ESPECIALISTA;MÉDICO; ESTATUTARIO;7387,43;;7387,43;1666,17;5721,26;
MARIA JOSE SIQUEIRA DA COSTA;ESTATUTARIO;TEC.DE PAT.CLINICA-TPC-P.S.N.M.-B;; ESTATUTARIO;2290,60;;2290,60;196,97;2093,63;
MARIA LEILA TRAJANO DA SILVA;REGIME ESPECIAL;TECNICO DE ENFERMAGEM;TEC.EM ENFERMAGEM; SERVICO TEMPORARIO;1759,59;;1759,59;158,36;1601,23;
MARIA LETICIA MESSIAS ROSAS;ESTATUTARIO;PSICOLOGO-PSI-P.S.N.S.-A;; ESTATUTARIO;4940,40;;4940,40;896,63;4043,77;
MARIA LINDALVA LIMA SILVA;ESTATUTARIO;ENFERMEIRO A;GERENTE; ESTATUTARIO;9278,78;;9278,78;1999,02;7279,76;
MARIA LUCIA ALVES DE PAIVA;ESTATUTARIO;TECNICO DE LABORATORIO;; ESTATUTARIO;1759,59;;1759,59;193,55;1566,04;
MARIA LUCIA RODRIGUES DA MOTA;ESTATUTARIO;AGENTE ADM.-AGA-T.S.N.A.-H;; ESTATUTARIO;1673,84;;1673,84;184,12;1489,72;
MARIA LUCIENE FERREIRA DA SILVA;ESTATUTARIO;AUX.DE SERV.GER.-ASG-T.S.N.A.-B;; ESTATUTARIO;1530,05;;1530,05;168,31;1361,74;
MARIA LUZIA BORGES CARDOSO;ESTATUTARIO;AUX.DE ENFERM.-AEF-P.S.N.A.-A;AUX.ENFERMAGEM; ESTATUTARIO;1617,33;;1617,33;173,79;1443,54;
MARIA MANUELA BARROS PALMA N SILVA;ESTATUTARIO;ENFERMEIRO-ENF-P.S.N.S.-A;ENFERMEIRO; ESTATUTARIO;5038,18;;5038,18;926,97;4111,21;
MARIA MARLENE BARBOSA DA SILVA;REGIME ESPECIAL;TECNICO DE ENFERMAGEM;TEC.EM ENFERMAGEM; SERVICO TEMPORARIO;1759,59;;1759,59;158,36;1601,23;
MARIA MIOZOTES LOPES BARROSO;ESTATUTARIO;AUX.DE SERV.GER.-ASG-T.S.N.A.-C;; ESTATUTARIO;1619,04;;1619,04;178,09;1440,95;
MARIA NEIDE FARIAS DE SOUZA;REGIME ESPECIAL;TECNICO DE ENFERMAGEM;TEC.EM ENFERMAGEM; SERVICO TEMPORARIO;1813,59;;1813,59;163,22;1650,37;
MARIA PAULA GOMES MOURAO;ESTATUTARIO;PESQUISADOR INIC.-PEI-P.S.N.S.-A;PESQUISADOR; ESTATUTARIO;6277,61;;6277,61;1357,62;4919,99;
MARIA RAIMUNDA FREITAS DA GAMA;ESTATUTARIO;AUX.DE ENFERM.-AEF-P.S.N.A.-B;; ESTATUTARIO;1663,62;;1663,62;183,00;1480,62;
MARIA RITA ALMEIDA TEIXEIRA;ESTATUTARIO;TEC.DE PAT.CLINICA-TPC-P.S.N.M.-D;; ESTATUTARIO;2552,48;;2552,48;242,99;2309,49;
MARIA ROSA CHACON;ESTATUTARIO;FARMAC.BIOQ. -FAB-P.S.N.S.-A;; ESTATUTARIO;4940,40;;4940,40;896,63;4043,77;
MARIA SEBASTIANA CORDOVIL SANTOS;ESTATUTARIO;TEC. DE ENFERMAGEM-TEN-P.S.N.M.-B;; ESTATUTARIO;1944,87;;1944,87;213,94;1730,93;
MARIA SOLENILDA DE OLIVEIRA CORREA;ESTATUTARIO;AUXILIAR DE SAUDE/ENFERMAGEM;; ESTATUTARIO;1494,29;;1494,29;164,37;1329,92;
MARIA TEREZA CORREA LIMA;ESTATUTARIO;FARMACEUTICO-FAR-P.S.N.S.-A;; ESTATUTARIO;4940,40;;4940,40;896,63;4043,77;
MARIA TEREZA FERNANDES MONTEIRO;ESTATUTARIO;AUX.DE SERV.GER.-ASG-T.S.N.A.-A;AUX. SERV. GERAIS; ESTATUTARIO;1413,91;;1413,91;155,53;1258,38;
MARIA VALDECLEIDE DE SOUZA VIANA;ESTATUTARIO;TEC. DE ENFERMAGEM-TEN-P.S.N.M.-A;TEC. ENFERMAGEM; ESTATUTARIO;1789,59;;1789,59;193,55;1596,04;
MARIA VALDENICE DOS REIS ARAUJO;ESTATUTARIO;TECNICO DE ENFERMAGEM;; ESTATUTARIO;1759,59;;1759,59;193,55;1566,04;
MARIA ZEINA MICHILES SAMPAIO;ESTATUTARIO;PESQUISADOR INIC.-PEI-P.S.N.S.-D;; ESTATUTARIO;6780,80;;6780,80;1431,86;5348,94;
MARIA ZENILDA MICHILES SOUZA LIMA;ESTATUTARIO;PESQUISADOR ADJ.-PAD-P.S.N.S-D;; ESTATUTARIO;7894,06;;7894,06;1868,67;6025,39;
MARIANA FERREIRA RIBEIRO M NAGAROTO;ESTATUTARIO;ENFERMEIRO-ENF-P.S.N.S.-A;ENFERMEIRO; ESTATUTARIO;5393,48;;5393,48;909,22;4484,26;
MARICELI GOMES DE CARVALHO;ESTATUTARIO;AUXILIAR DE ENFERMAGEM;; ESTATUTARIO;1494,29;;1494,29;164,37;1329,92;
MARILAINE MARTINS;ESTATUTARIO;PESQUISADOR ASSISTENTE;GERENTE; ESTATUTARIO;10023,23;;10023,23;2367,38;7655,85;
MARILEIA E SILVA CORREA DA COSTA;ESTATUTARIO;TEC.DE PAT.CLINICA-TPC-P.S.N.M.-A;TEC DE LABORATORIO; ESTATUTARIO;1805,04;;1805,04;198,55;1606,49;
MARILENE COSTA DE FONTES;ESTATUTARIO;TEC. DE ENFERMAGEM-TEN-P.S.N.M.-A;; ESTATUTARIO;2469,80;;2469,80;230,91;2238,89;
MARILENE LUCENA MOURA;ESTATUTARIO;AUX.DE SERV.GER.-ASG-T.S.N.A.-A;AUX. SERVICOS GERAIS; ESTATUTARIO;1413,91;;1413,91;155,53;1258,38;
MARILENE SABOIA DE MELO;ESTATUTARIO;AUXILIAR DE LABORATORIO;; ESTATUTARIO;1542,29;;1542,29;164,37;1377,92;
MARILENE SABOIA DE MELO;ESTATUTARIO;TEC.DE PAT.CLINICA-TPC-P.S.N.M.-A;; ESTATUTARIO;1759,59;;1759,59;193,55;1566,04;
MARILIA MACIEL LARAY;ESTATUTARIO;PSICOLOGO-PSI-P.S.N.S.-A;; ESTATUTARIO;4940,40;;4940,40;896,63;4043,77;
MARILU BARBIERI VICTORIA;ESTATUTARIO;MEDICO DOUTOR;MEDICO DOUTOR; ESTATUTARIO;7929,24;;7929,24;1904,43;6024,81;
MARILUCIA MARQUES LIMA;SEM VINCULO EMPREGATICIO;ASSESSOR IV AD-4;; CARGO COMISSION.S/VINCULO;2481,24;;2481,24;249,85;2231,39;
MARINETE LIMA QUADROS;ESTATUTARIO;TEC.DE PAT.CLINICA-TPC-P.S.N.M.-D;; ESTATUTARIO;2506,49;;2506,49;250,88;2255,61;
MARLENE DO CARMO SIQUEIRA DA ROCHA;ESTATUTARIO;AUX.DE ENFERM.-AEF-P.S.N.A.-B;; ESTATUTARIO;1663,62;;1663,62;183,00;1480,62;
MARLI BERNARDES DA SILVA;ESTATUTARIO;ENFERMEIRO-ENF-P.S.N.S.-A;ENFERMEIRO; ESTATUTARIO;5494,60;;5494,60;1071,78;4422,82;
MARLISE DE SOUZA SANTANA;ESTATUTARIO;ASSIST.ADMIN.-ASA-T.S.N.M.-D;SUBGERENTE; ESTATUTARIO;5111,18;;5111,18;590,72;4520,46;
MARLUCIA BANDEIRA RODRIGUES;ESTATUTARIO;TEC.DE RADIOLOGIA-TRA-P.S.N.M.-A;; ESTATUTARIO;1852,35;;1852,35;203,76;1648,59;
MARLY MARQUES DE MELO;SEM VINCULO EMPREGATICIO;SUBGERENTE AD-3;; CARGO COMISSION.S/VINCULO;3086,94;;3086,94;402,81;2684,13;
MARNYCE LIMA PERES;ESTATUTARIO;FARMACEUTICO-FAR-P.S.N.S.-A;; ESTATUTARIO;4940,40;;4940,40;896,63;4043,77;
MARY ELSA CESAR ALECRIM;ESTATUTARIO;CIR.DENT.-CCRD-P.S.N.S.-A;CIR DENTISTA; ESTATUTARIO;5278,78;;5278,78;1003,29;4275,49;
MAURICIO BORBOREMA DE MEDEIROS;ESTATUTARIO;MEDICO GRADUADO;; ESTATUTARIO;5549,49;;5549,49;1077,74;4471,75;
MAX TONY AZEVEDO DA SILVA;ESTATUTARIO;VIGILANTE;; ESTATUTARIO;1375,86;;1375,86;151,34;1224,52;
MELQUIADES DA SILVA DIAS;ESTATUTARIO;VIGILANTE;; ESTATUTARIO;1375,86;;1375,86;151,34;1224,52;
MELQUIZETE DE SOUZA ALMEIDA;ESTATUTARIO;BIBLIOTECARIO-BIB-T.S.N.S.-B;GERENTE; ESTATUTARIO;7047,93;;7047,93;1287,37;5760,56;
MICHELE DE SOUZA BASTOS BARRIONUEVO;ESTATUTARIO;FARMAC.BIOQ. -FAB-P.S.N.S.-B;; ESTATUTARIO;6715,55;;6715,55;1418,88;5296,67;
MIGUEL RAIMUNDO SILVA DE LIMA;ESTATUTARIO;AUXILIAR DE SAUDE/ENFERMAGEM;; ESTATUTARIO;1494,29;;1494,29;164,37;1329,92;
MILTON CESAR FREIRE DA SILVA;ESTATUTARIO;CIR.DENT.-CCRD-P.S.N.S.-A;CIR DENTISTA; ESTATUTARIO;4940,40;;4940,40;896,63;4043,77;
MIRIAN PAULA BANANEIRA;ESTATUTARIO;AGENTE ADM.-AGA-T.S.N.A.-G;; ESTATUTARIO;1894,77;;1894,77;187,77;1707,00;
MIRKLEY CARDOSO ABECASSIS;ESTATUTARIO;TEC. DE ENFERMAGEM-TEN-P.S.N.M.-A;; ESTATUTARIO;1852,35;;1852,35;203,76;1648,59;
MIRZA FRASSINETE PALHETA PERRONE;ESTATUTARIO;TECNICO DE LABORATORIO;; ESTATUTARIO;1759,59;;1759,59;193,55;1566,04;
MOISES LEITE MOTTA;ESTATUTARIO;FARMAC.BIOQ. -FAB-P.S.N.S.-C;SUBGERENTE; ESTATUTARIO;8980,89;;8980,89;1446,07;7534,82;
MONICA ANDRADE DE SOUZA;ESTATUTARIO;ENFERMEIRO A;; ESTATUTARIO;4940,40;;4940,40;734,43;4205,97;
MONICA REGINA FARIAS COSTA;ESTATUTARIO;PESQUISADOR INIC.-PEI-P.S.N.S.-C;GERENTE; ESTATUTARIO;10664,67;;10664,67;2490,65;8174,02;
NAYARA CORREA AIDAR DE OLIVEIRA;ESTATUTARIO;FARMAC.BIOQ. -FAB-P.S.N.S.-A;; ESTATUTARIO;4940,40;;4940,40;896,63;4043,77;
NAZARE GONZAGA DE ALBUQUERQUE ALVES;ESTATUTARIO;AGENTE ADM.-AGA-T.S.N.A.-H;; ESTATUTARIO;1715,28;;1715,28;188,68;1526,60;
NEICIMARA FERREIRA DDUDER;ESTATUTARIO;TEC. DE ENFERMAGEM-TEN-P.S.N.M.-A;; ESTATUTARIO;1783,59;;1783,59;187,10;1596,49;
NEIVA SILVA DE CARVALHO;ESTATUTARIO;AGENTE ADM.-AGA-T.S.N.A.-G;ASSESSOR IV; ESTATUTARIO;4107,00;;4107,00;335,54;3771,46;
NELSON ASSIS CASTRO ARAUJO;ESTATUTARIO;VIGILANTE;; ESTATUTARIO;1375,86;;1375,86;151,34;1224,52;
NELSON BARBOSA DA SILVA;ESTATUTARIO;MEDICO ESPECIALISTA;MEDICO ESPECIALISTA; ESTATUTARIO;6391,21;;6391,21;799,38;5591,83;
NELSON FERREIRA FE;ESTATUTARIO;GERENTE AD-2;GERENTE; CARGO COMISSION.S/VINCULO;4093,27;;4093,27;641,90;3451,37;
NILDA COUTINHO PEREIRA;ESTATUTARIO;TEC. DE ENFERMAGEM-TEN-P.S.N.M.-B;; ESTATUTARIO;1930,44;;1930,44;212,35;1718,09;
NILVANA FIGUEIREDO HERNANDEZ;ESTATUTARIO;AUXILIAR DE LABORATORIO;; ESTATUTARIO;1494,29;;1494,29;164,37;1329,92;
NIZA REGINA DA SILVA SANTOS;ESTATUTARIO;TELEFONISTA;; ESTATUTARIO;1387,37;;1387,37;152,61;1234,76;
NOALDO OLIVEIRA DE LUCENA;ESTATUTARIO;MEDICO MESTRE;MEDICO MESTRADO; ESTATUTARIO;7113,70;;7113,70;1620,87;5492,83;
NUBIA AREM MENDES REINEIRO MARTINS;SEM VINCULO EMPREGATICIO;ASSESSOR II AD-2;; CARGO COMISSION.S/VINCULO;4093,27;;4093,27;641,90;3451,37;
OCIMAR JOSE DE FREITAS;ESTATUTARIO;MOTORISTA;; ESTATUTARIO;1585,70;;1585,70;174,43;1411,27;
ORLEANS FURTADO PASTOR;ESTATUTARIO;AUX.DE LABORAT.-ALA-P.S.N.A.-D;; ESTATUTARIO;1800,39;;1800,39;198,04;1602,35;
OSMARINA NASCIMENTO BATISTA;ESTATUTARIO;AGENTE ADM.-AGA-T.S.N.A.-G;; ESTATUTARIO;1661,45;;1661,45;182,76;1478,69;
PABLO JOSE TOME SANTOS;ESTATUTARIO;MEDICO ESPECIALISTA;SUBGERENTE; ESTATUTARIO;9391,21;;9391,21;2194,48;7196,73;
PABLO JOSE TOME SANTOS;ESTATUTARIO;MEDICO ESPECIALISTA;MEDICO ESPECIALISTA; ESTATUTARIO;6391,21;;6391,21;1369,48;5021,73;
PABLO VINICIUS SILVEIRA FEITOZA;ESTATUTARIO;MEDICO ESPECIALISTA;; ESTATUTARIO;6391,21;;6391,21;1369,48;5021,73;
PATRICIA CRISTINA SOUZA DE CARVALHO;ESTATUTARIO;TEC. DE ENFERMAGEM-TEN-P.S.N.M.-A;TEC.EM ENFERMAGEM; ESTATUTARIO;1759,59;;1759,59;187,10;1572,49;
PATRICIA DE OLIVEIRA MILLER;ESTATUTARIO;RECEPCIONISTA;ASSESSOR IV; ESTATUTARIO;3787,37;;3787,37;286,15;3501,22;
PATRICIA JEANE DE OLIVEIRA COSTA;ESTATUTARIO;ENFERMEIRO-ENF-P.S.N.S.-A;; ESTATUTARIO;4940,40;;4940,40;896,63;4043,77;
PAULINA HENRIQUE CAMPOS SILVA;SEM VINCULO EMPREGATICIO;MEDICO RESIDENTE;; RESIDENTE;3330,43;;3330,43;366,34;2964,09;
PAULO DEODATO DE SOUZA;ESTATUTARIO;AUXILIAR DE SERV GERAIS - LIMPEZA;; ESTATUTARIO;1375,86;;1375,86;151,34;1224,52;
PAULO JOSE GUIMARAES FREITAS;ESTATUTARIO;AGENTE ADM.-AGA-T.S.N.A.-G;; ESTATUTARIO;1661,45;;1661,45;182,76;1478,69;
PAULO LUCIANO OLIVEIRA MACEDO;ESTATUTARIO;FARMAC.BIOQ. -FAB-P.S.N.S.-A;; ESTATUTARIO;5048,88;;5048,88;921,03;4127,85;
PAULO LUIS DA COSTA FERREIRA;ESTATUTARIO;MEDICO ESPECIALISTA;; ESTATUTARIO;6520,14;;6520,14;1362,21;5157,93;
PEDRO COSTA DE SOUZA;ESTATUTARIO;AUX.DE LABORAT.-ALA-P.S.N.A.-A;AUX.DE LABORATORIO; ESTATUTARIO;1579,89;;1579,89;173,79;1406,10;
PEDRO DE SOUZA BARBOSA;ESTATUTARIO;AUX.DE SERV.GER.-ASG-T.S.N.A.-C;; ESTATUTARIO;1592,37;;1592,37;175,16;1417,21;
PEDRO PAULO COUTINHO COSTA;SEM VINCULO EMPREGATICIO;MEDICO RESIDENTE;MEDICO RESIDENTE; RESIDENTE;3330,43;;3330,43;366,34;2964,09;
PEDRO SALES LOPES;ESTATUTARIO;TECNICO DE LABORATORIO;; ESTATUTARIO;2144,24;;2144,24;178,67;1965,57;
PLICIA FURTADO DA SILVA;ESTATUTARIO;TEC.DE HEMOTERAP.-THE-P.S.N.M.-A;; ESTATUTARIO;1801,59;;1801,59;193,55;1608,04;
PRISCILLA SARAIVA DOS SANTOS;ESTATUTARIO;TEC. DE ENFERMAGEM-TEN-P.S.N.M.-A;TEC. EM ENFERMAGEM; ESTATUTARIO;1795,59;;1795,59;193,55;1602,04;
RAFAELA DO AMARAL SANTOS;ESTATUTARIO;RECEPCIONISTA-REC-T.S.N.A.-E;; ESTATUTARIO;1387,37;;1387,37;152,61;1234,76;
RAIANA DE SOUZA MILOME;ESTATUTARIO;TELEFONISTA-TEL-T.S.N.A.-E;; ESTATUTARIO;1387,37;;1387,37;152,61;1234,76;
RAIMUNDA BARRETO DA SILVA;ESTATUTARIO;TEC.DE PAT.CLINICA-TPC-P.S.N.M.-D;; ESTATUTARIO;2193,45;;2193,45;241,28;1952,17;
RAIMUNDA CAVALCANTE LIMA DE ARAUJO;ESTATUTARIO;AUX.DE ENFERM.-AEF-P.S.N.A.-D;; ESTATUTARIO;1928,17;;1928,17;212,10;1716,07;
RAIMUNDA COSTA DE SOUZA;ESTATUTARIO;TEC. DE ENFERMAGEM-TEN-P.S.N.M.-D;; ESTATUTARIO;2487,72;;2487,72;246,53;2241,19;
RAIMUNDA ERICILDA SOARES DE ARAUJO;ESTATUTARIO;AUXILIAR DE LABORATORIO;; ESTATUTARIO;1494,29;;1494,29;164,37;1329,92;
RAIMUNDA FERNANDES DA SILVA;ESTATUTARIO;RECEPCIONISTA-REC-T.S.N.A.-H;; ESTATUTARIO;1673,84;;1673,84;;1673,84;
RAIMUNDA NASCIMENTO DE CARVALHO;ESTATUTARIO;AGENTE ADM.-AGA-T.S.N.A.-H;; ESTATUTARIO;1727,90;;1727,90;190,07;1537,83;
RAIMUNDO COELHO VIEIRA;ESTATUTARIO;MOTORISTA;; ESTATUTARIO;1585,70;;1585,70;174,43;1411,27;
RAIMUNDO HELI RIBEIRO GOMES FILHO;ESTATUTARIO;MOTORISTA-MOT-T.S.N.A.-A;MOTORISTA; ESTATUTARIO;1634,24;;1634,24;179,77;1454,47;
RAIMUNDO MONTEIRO DE ARAUJO;ESTATUTARIO;ASSIST.ADMIN.-ASA-T.S.N.M.-D;SUBGERENTE; ESTATUTARIO;4988,04;;4988,04;349,40;4638,64;
RAIMUNDO NONATO MACIEL DA SILVA;ESTATUTARIO;MOTORISTA-MOT-T.S.N.A.-A;MOTORISTA; ESTATUTARIO;1634,24;;1634,24;179,77;1454,47;
RAIMUNDO PEREIRA DA SILVA;ESTATUTARIO;TEC.DE PAT.CLINICA-TPC-P.S.N.M.-C;; ESTATUTARIO;2374,77;;2374,77;222,32;2152,45;
REGES DA SILVA MEDEIROS;REGIME ESPECIAL;TECNICO DE ENFERMAGEM;TEC. EM ENFERMAGEM; SERVICO TEMPORARIO;1759,59;;1759,59;158,36;1601,23;
REGINA DE SOUZA CUNHA;ESTATUTARIO;ASSIST.ADMIN.-ASA-T.S.N.M.-A;; ESTATUTARIO;1488,89;;1488,89;163,78;1325,11;
REGINA MARIA PINTO DE FIGUEIREDO;ESTATUTARIO;PESQUISADOR INICIANTE;; ESTATUTARIO;6952,52;;6952,52;1501,35;5451,17;
REGINA SCHNEIDER MACIEL F MARINHO;ESTATUTARIO;PSICOLOGO-PSI-P.S.N.S.-A;; ESTATUTARIO;4940,40;;4940,40;896,63;4043,77;
REGINALDO ANTONIO B NASCIMENTO;ESTATUTARIO;TEC.DE PAT.CLINICA-TPC-P.S.N.M.-A;; ESTATUTARIO;1759,59;;1759,59;193,55;1566,04;
REGINALDO ANTONIO B NASCIMENTO;ESTATUTARIO;TEC.DE PAT.CLINICA-TPC-P.S.N.M.-A;TEC EM LABORATORIO; ESTATUTARIO;1805,04;;1805,04;198,55;1606,49;
RENATA BARROSO DE SOUZA;ESTATUTARIO;TEC. DE ENFERMAGEM-TEN-P.S.N.M.-A;; ESTATUTARIO;1759,59;;1759,59;193,55;1566,04;
RENATA FERREIRA MAGALHAES;SEM VINCULO EMPREGATICIO;NUTRICIONISTA-NUT-P.S.N.S.-A;NUTRICIONISTA; ESTATUTARIO;4940,40;;4940,40;896,63;4043,77;
RENATA XAVIER DE LIMA;ESTATUTARIO;ASSIST.ADMIN.-ASA-T.S.N.M.-A;; ESTATUTARIO;3888,89;;3888,89;367,75;3521,14;
RICARDO AUGUSTO CHAVES DE CARVALHO;ESTATUTARIO;MEDICO DOUTOR;MEDICO DOUTOR; ESTATUTARIO;7929,24;;7929,24;1852,29;6076,95;
RITA CARDOSO DE LIMA;ESTATUTARIO;AUXILIAR DE LABORATORIO;; ESTATUTARIO;1519,73;;1519,73;164,37;1355,36;
RITA CLEI ARAUJO DIAS;ESTATUTARIO;TECNICO DE ENFERMAGEM;; ESTATUTARIO;1759,59;;1759,59;193,55;1566,04;
RITA DE CASSIA SOBRINHO L SOUZA;ESTATUTARIO;AGENTE ADM.-AGA-T.S.N.A.-E;CH.DE GAB.AD-1; ESTATUTARIO;6387,37;;6387,37;997,81;5389,56;
ROBENIZIA DUARTE SILVA;ESTATUTARIO;TEC. DE ENFERMAGEM-TEN-P.S.N.M.-B;; ESTATUTARIO;1944,87;;1944,87;213,94;1730,93;
ROBERTO MENDES DE OLIVEIRA;ESTATUTARIO;TEC.DE PAT.CLINICA-TPC-P.S.N.M.-D;; ESTATUTARIO;2155,61;;2155,61;230,83;1924,78;
ROBSON ALECANDER FRANCISCO OLIVEIRA;ESTATUTARIO;MEDICO ESPECIALISTA;MEDICO ESPECIALISTA; ESTATUTARIO;6391,21;;6391,21;1369,48;5021,73;
ROCILDA BRAGA DE ARAUJO;ESTATUTARIO;AGENTE ADM.-AGA-T.S.N.A.-H;; ESTATUTARIO;1715,28;;1715,28;188,68;1526,60;
ROGERIO ARAUJO DE PAULA;ESTATUTARIO;MEDICO ESPECIALISTA;MEDICO ESPECIALISTA; ESTATUTARIO;6391,21;;6391,21;1213,07;5178,14;
ROGERIO LOBO RIBEIRO;ESTATUTARIO;FARMAC.BIOQ. -FAB-P.S.N.S.-B;; ESTATUTARIO;5814,98;;5814,98;1188,94;4626,04;
ROGERIO VENDOLA;ESTATUTARIO;MEDICO ESPECIALISTA;MEDICO ESPECIALISTA; ESTATUTARIO;6391,21;;6391,21;1317,34;5073,87;
RONISIE DUARTE DE OLIVEIRA;ESTATUTARIO;MEDICO GRADUADO;; ESTATUTARIO;5549,49;;5549,49;1077,74;4471,75;
ROOSEVELT SOARES DE OLIVEIRA;ESTATUTARIO;TEC.DE PAT.CLINICA-TPC-P.S.N.M.-D;ASSESSOR III; ESTATUTARIO;5098,41;;5098,41;647,92;4450,49;
ROSA MARIA MOREIRA VIANA;ESTATUTARIO;ENFERMEIRO-ENF-P.S.N.S.-A;; ESTATUTARIO;5513,19;;5513,19;1086,44;4426,75;
ROSALIA RIBEIRO SILVA;ESTATUTARIO;TEC. DE ENFERMAGEM-TEN-P.S.N.M.-B;; ESTATUTARIO;1944,87;;1944,87;213,94;1730,93;
ROSANA DE LOURDES MOURA A PEREIRA;ESTATUTARIO;AUXILIAR DE ENFERMAGEM;; ESTATUTARIO;1494,29;;1494,29;164,37;1329,92;
ROSANA DE OLIVEIRA SILVA;ESTATUTARIO;TECNICO DE ENFERMAGEM;; ESTATUTARIO;1759,59;;1759,59;193,55;1566,04;
ROSANA RUBIA ELIAS DO NASCIMENTO;ESTATUTARIO;TEC.DE PAT.CLINICA-TPC-P.S.N.M.-A;TEC EM LABORATORIO; ESTATUTARIO;1805,04;;1805,04;198,55;1606,49;
ROSANA SANTOS DA SILVA;ESTATUTARIO;TEC. DE ENFERMAGEM-TEN-P.S.N.M.-A;TEC DE ENFERMAGEM; ESTATUTARIO;1805,04;;1805,04;198,55;1606,49;
ROSANGELA SILVA MARQUES;ESTATUTARIO;RECEPCIONISTA;; ESTATUTARIO;1387,37;;1387,37;152,61;1234,76;
ROSANIRA ALVES DA CRUZ;ESTATUTARIO;COZINHEIRO-COZ-T.S.N.A.-D;; ESTATUTARIO;1694,68;;1694,68;186,41;1508,27;
ROSEANA MARIA OLIVEIRA DA SILVA;ESTATUTARIO;ASSIST.SOC.ASS-P.S.N.S.-CL.B;; ESTATUTARIO;6699,13;;6699,13;1360,91;5338,22;
ROSEMARY VIANA DOS SANTOS;SEM VINCULO EMPREGATICIO;ASSESSOR III AD-3;ASSESSOR III; CARGO COMISSION.S/VINCULO;3086,94;;3086,94;402,81;2684,13;
ROSENILDA ANTUNES DE LIMA;ESTATUTARIO;COZINHEIRO-COZ-T.S.N.A.-D;; ESTATUTARIO;1746,48;;1746,48;192,11;1554,37;
ROSIENY SANTOS BATALHA;ESTATUTARIO;MEDICO ESPECIALISTA;MEDICO ESPECIALISTA; ESTATUTARIO;6391,21;;6391,21;1369,48;5021,73;
ROSILENE VIANA DE ANDRADE;ESTATUTARIO;MEDICO MESTRE;; ESTATUTARIO;8256,19;;8256,19;1911,69;6344,50;
ROSINEIDE LIMA PAIVA;ESTATUTARIO;AUXILIAR DE LABORATORIO;; ESTATUTARIO;1494,29;;1494,29;164,37;1329,92;
ROSSICLEIA LINS MONTE;ESTATUTARIO;FARMAC.BIOQ. -FAB-P.S.N.S.-D;GERENTE; ESTATUTARIO;10399,74;;10399,74;2448,81;7950,93;
ROZANA DE PAIVA RAMOS;SEM VINCULO EMPREGATICIO;ASSESSOR IV AD-4;ASSESSOR IV; CARGO COMISSION.S/VINCULO;2481,24;;2481,24;249,85;2231,39;
ROZINEIDE SALIM PEDROSO;ESTATUTARIO;COZINHEIRO-COZ-T.S.N.A.-C;; ESTATUTARIO;1592,37;;1592,37;175,16;1417,21;
RUSEMBERG GONCALVES DE SOUZA;ESTATUTARIO;TEC.DE RADIOLOGIA-TRA-P.S.N.M.-B;; ESTATUTARIO;1944,87;;1944,87;213,94;1730,93;
RUTH MILAGROS VASQUEZ DELGADO LINS;ESTATUTARIO;FARMAC.BIOQ. -FAB-P.S.N.S.-B;; ESTATUTARIO;5838,42;;5838,42;1097,55;4740,87;
SALETE MARIA CARDOSO COUTINHO;ESTATUTARIO;AUXILIAR DE LABORATORIO;; ESTATUTARIO;1494,29;;1494,29;164,37;1329,92;
SALETE SARA ALVAREZ FERNANDES;ESTATUTARIO;PSICOLOGO-PSI-P.S.N.S.-A;; ESTATUTARIO;4940,40;;4940,40;896,63;4043,77;
SAMUEL AQUINO DE ARAUJO;ESTATUTARIO;AUX.DE SERV.GER.-ASG-T.S.N.A.-A;AUX. SERV. GERAIS; ESTATUTARIO;1413,91;;1413,91;155,53;1258,38;
SAMYA JEZINE DA SILVA;SEM VINCULO EMPREGATICIO;ASSESSOR IV AD-4;; CARGO COMISSION.S/VINCULO;2481,24;;2481,24;249,85;2231,39;
SANDRA DA SILVA DE SOUZA;ESTATUTARIO;AUX.DE ENFERM.-AEF-P.S.N.A.-B;; ESTATUTARIO;1663,62;;1663,62;183,00;1480,62;
SANDRA ELINE SANTIAGO OLIVEIRA;ESTATUTARIO;TEC.DE PAT.CLINICA-TPC-P.S.N.M.-C;; ESTATUTARIO;2374,77;;2374,77;222,32;2152,45;
SANDRA MARA GIOIA REBOUCAS;ESTATUTARIO;ENFERMEIRO-ENF-P.S.N.S.-A;; ESTATUTARIO;4940,40;;4940,40;896,63;4043,77;
SANDRA MARIA BARROSO NUNES;ESTATUTARIO;MEDICO ESPECIALISTA;; ESTATUTARIO;7536,62;;7536,62;1772,52;5764,10;
SANDRA MARIA DA MOTA LOBATO;ESTATUTARIO;AUX.DE SERV.GER.-ASG-T.S.N.A.-B;; ESTATUTARIO;1530,05;;1530,05;168,31;1361,74;
SANDRA MARIA EVANGELISTA CARANHAS;ESTATUTARIO;TEC. EM ANAT.PATOL.-TAP-P.S.N.M.-C;; ESTATUTARIO;2374,77;;2374,77;240,95;2133,82;
SANDRA REGINA DE JESUS TIUBA;ESTATUTARIO;MEDICO GRADUADO;; ESTATUTARIO;5549,49;;5549,49;1077,74;4471,75;
SANDRA REGINA DE JESUS TIUBA;ESTATUTARIO;MEDICO ESPECIALISTA;; ESTATUTARIO;6520,14;;6520,14;1414,35;5105,79;
SEBASTIANA SENA DE SOUZA;ESTATUTARIO;ASSIST.ADMIN.-ASA-T.S.N.M.-D;ASSESSOR IV; ESTATUTARIO;4197,17;;4197,17;385,94;3811,23;
SEBASTIAO DE FIGUEIREDO ALVES;ESTATUTARIO;TECNICO DE LABORATORIO;; ESTATUTARIO;1759,59;;1759,59;193,55;1566,04;
SELMA OLIVEIRA BARBOSA;ESTATUTARIO;TEC. DE ENFERMAGEM-TEN-P.S.N.M.-A;TEC. ENFERMAGEM; ESTATUTARIO;1759,59;;1759,59;193,55;1566,04;
SERGIO DAMASCENO PINTO;ESTATUTARIO;FARMAC.BIOQ. -FAB-P.S.N.S.-A;; ESTATUTARIO;4940,40;;4940,40;896,63;4043,77;
SERGIO LOPES PIMENTEL DE CARVALHO;ESTATUTARIO;FARMAC.BIOQ. -FAB-P.S.N.S.-A;; ESTATUTARIO;4940,40;;4940,40;896,63;4043,77;
SERGIO LUIZ DE CASTRO LIMA;ESTATUTARIO;TECNICO EM DERMAT SANITARIA;; ESTATUTARIO;2021,10;;2021,10;222,32;1798,78;
SHEILA REGINA GOMES;ESTATUTARIO;AUXILIAR DE ENFERMAGEM;; ESTATUTARIO;1494,29;;1494,29;164,37;1329,92;
SIDNEY MATOS DE ANDRADE;ESTATUTARIO;AUXILIAR DE SERV GERAIS - LIMPEZA;; ESTATUTARIO;1375,86;;1375,86;151,34;1224,52;
SILVANA DE LIMA E SILVA;SEM VINCULO EMPREGATICIO;GERENTE AD-2;GERENTE; CARGO COMISSION.S/VINCULO;4093,27;;4093,27;641,90;3451,37;
SILVANA KARINA DE LIMA ARAKIAN;ESTATUTARIO;TECNICO-TEC-T.S.N.S.-C;; ESTATUTARIO;4863,25;;4863,25;872,70;3990,55;
SILVERLINE FREITAS DA SILVA;SEM VINCULO EMPREGATICIO;ASSESSOR IV AD-4;ASSESSOR IV; CARGO COMISSION.S/VINCULO;2481,24;;2481,24;249,85;2231,39;
SILVIA LEOPOLDINA SANTOS DE SOUZA;ESTATUTARIO;MEDICO MESTRE;MEDICO GENERALISTA; ESTATUTARIO;7259,15;;7259,15;1671,46;5587,69;
SILVIA SIMPLICIO DA COSTA;ESTATUTARIO;RECEPCIONISTA-REC-T.S.N.A.-E;; ESTATUTARIO;1387,37;;1387,37;152,61;1234,76;
SILVIO CESAR PEREIRA FRAGOSO;ESTATUTARIO;MEDICO MESTRE;CHEFE DE DEPARTAMENT; ESTATUTARIO;12259,15;;12259,15;3046,46;9212,69;
SIMONE FERREIRA DE CASTRO BOTILEIRO;ESTATUTARIO;MEDICO ESPECIALISTA;; ESTATUTARIO;6391,21;;6391,21;1369,48;5021,73;
SIMONE SILVA BATEMARCO;ESTATUTARIO;MEDICO ESPECIALISTA;; ESTATUTARIO;6391,21;;6391,21;1369,48;5021,73;
SOLANGE DOURADO DE ANDRADE;ESTATUTARIO;MEDICO ESPECIALISTA;SUBGERENTE; ESTATUTARIO;9741,58;;9741,58;2055,73;7685,85;
SONIA DE SOUZA SANTOS;SEM VINCULO EMPREGATICIO;ASSESSOR IV AD-4;ASSESSOR IV; CARGO COMISSION.S/VINCULO;2481,24;;2481,24;249,85;2231,39;
SUELY NUNES DA SILVA;REGIME ESPECIAL;TECNICO DE ENFERMAGEM;TEC.EM ENFERMAGEM; SERVICO TEMPORARIO;1759,59;;1759,59;158,36;1601,23;
SULANE DOS SANTOS FERREIRA;ESTATUTARIO;AUX.DE SERV.GER.-ASG-T.S.N.A.-B;; ESTATUTARIO;1530,05;;1530,05;168,31;1361,74;
SUZANI DE MOURA RIBEIRO;ESTATUTARIO;TEC. DE ENFERMAGEM-TEN-P.S.N.M.-A;; ESTATUTARIO;1852,35;;1852,35;203,76;1648,59;
SUZY CARVALHO DE MELO;ESTATUTARIO;TEC. DE ENFERMAGEM-TEN-P.S.N.M.-A;TEC. DE ENFERMAGEM; ESTATUTARIO;1759,59;;1759,59;193,55;1566,04;
TALITA HELENY PACHECO DE ALMEIDA;ESTATUTARIO;TEC.DE FARMACIA-TEF-P.S.N.M.-A;; ESTATUTARIO;1789,59;;1789,59;193,55;1596,04;
TANIA MARA TEIXEIRA DO NASCIMENTO;ESTATUTARIO;TEC. DE ENFERMAGEM-TEN-P.S.N.M.-A;TEC. ENFERMAGEM; ESTATUTARIO;1759,59;;1759,59;193,55;1566,04;
TANIA MARIA ALVES PONTE;ESTATUTARIO;TEC. DE ENFERMAGEM-TEN-P.S.N.M.-B;; ESTATUTARIO;1930,44;;1930,44;212,35;1718,09;
TAYSA FERREIRA PIMENTEL;ESTATUTARIO;ENFERMEIRO-ENF-P.S.N.S.-A;; ESTATUTARIO;4940,40;;4940,40;896,63;4043,77;
TELMA MARIA ALMEIDA GOMES;ESTATUTARIO;AUXILIAR DE LABORATORIO;; ESTATUTARIO;1494,29;;1494,29;164,37;1329,92;
TEREZINHA ALDERINA PEREIRA DE SOUZA;ESTATUTARIO;AGENTE ADM.-AGA-T.S.N.A.-G;; ESTATUTARIO;1661,45;;1661,45;182,76;1478,69;
TEREZINHA COSTA LIMA;ESTATUTARIO;TEC. DE ENFERMAGEM-TEN-P.S.N.M.-A;TEC. ENFERMAGEM; ESTATUTARIO;1771,59;;1771,59;193,55;1578,04;
THELMA SILVA DE ARAUJO;ESTATUTARIO;MEDICO GRADUADO;MEDICO GENERALISTA; ESTATUTARIO;5864,69;;5864,69;1186,14;4678,55;
THEODOMIRO LOURENCO GARRIDO NETO;ESTATUTARIO;MEDICO DOUTOR;MEDICO ESPECIALISTA; ESTATUTARIO;8093,57;;8093,57;1961,54;6132,03;
THEREZA SOUZA DO CARMO;ESTATUTARIO;AUX.DE ENFERM.-AEF-P.S.N.A.-D;; ESTATUTARIO;1899,23;;1899,23;;1899,23;
THIAGO FERNANDES FREIRE;ESTATUTARIO;ASSIST.ADMIN.-ASA-T.S.N.M.-A;; ESTATUTARIO;1488,89;;1488,89;163,78;1325,11;
VALCLIDES OLIVEIRA DA SILVA;ESTATUTARIO;AUX DE SERV GERAIS - LAVANDERIA;; ESTATUTARIO;1375,86;;1375,86;151,34;1224,52;
VALDA LUCIA GRACA TEIXEIRA;ESTATUTARIO;AGENTE ADM.-AGA-T.S.N.A.-G;; ESTATUTARIO;1661,45;;1661,45;182,76;1478,69;
VALDERLANDIA DA SILVA MACEDO;REGIME ESPECIAL;TECNICO DE ENFERMAGEM;TEC.DE ENFERMAGEM; SERVICO TEMPORARIO;1795,59;;1795,59;161,60;1633,99;
VALDIZA PIMENTEL JESUS DA SILVA;ESTATUTARIO;AUXILIAR DE ENFERMAGEM;; ESTATUTARIO;1494,29;;1494,29;164,37;1329,92;
VALDIZA PIMENTEL JESUS DA SILVA;ESTATUTARIO;TEC. DE ENFERMAGEM-TEN-P.S.N.M.-A;TEC DE ENFERMAGEM; ESTATUTARIO;1805,04;;1805,04;198,55;1606,49;
VALERIA ARAUJO SANTOS BRASIL;ESTATUTARIO;ASSIST.ADMIN.-ASA-T.S.N.M.-A;; ESTATUTARIO;1488,89;;1488,89;163,78;1325,11;
VALESKA ALBUQUERQUE F VALLE;ESTATUTARIO;MEDICO ESPECIALISTA;MEDICO ESP.DERMATOL.; ESTATUTARIO;6433,88;;6433,88;1384,33;5049,55;
VALQUIR SILVA DOS SANTOS;ESTATUTARIO;MEDICO ESPECIALISTA;; ESTATUTARIO;6741,58;;6741,58;1491,41;5250,17;
VALZENEIDE DA SILVA LOPES;ESTATUTARIO;AUX.DE ENFERM.-AEF-P.S.N.A.-C;; ESTATUTARIO;1731,49;;1731,49;190,46;1541,03;
VANDO DA SILVA BARRETO;ESTATUTARIO;TEC.DE PAT.CLINICA-TPC-P.S.N.M.-A;; ESTATUTARIO;1759,59;;1759,59;193,55;1566,04;
VANESSA QUEIROZ DE QUEIROZ;SEM VINCULO EMPREGATICIO;ASSESSOR IV AD-4;ASSESSOR IV; CARGO COMISSION.S/VINCULO;2481,24;;2481,24;249,85;2231,39;
VANIA PEREIRA BRIGIDO;ESTATUTARIO;AUXILIAR DE SAUDE;AUXILIAR DE SAUDE; ESTATUTARIO;1536,13;;1536,13;168,97;1367,16;
VANINE DE LOURDES AGUIAR L FRAGOSO;ESTATUTARIO;MEDICO ESPECIALISTA;; ESTATUTARIO;6391,21;;6391,21;1369,48;5021,73;
VERA MARCIA FONSECA DE Q SILVA;ESTATUTARIO;MEDICO ESPECIALISTA;; ESTATUTARIO;7179,28;;7179,28;1488,39;5690,89;
VIRGINIA VILASBOAS FIGUEIRAS;ESTATUTARIO;MEDICO ESPECIALISTA;; ESTATUTARIO;6391,21;;6391,21;1317,34;5073,87;
WAGNER WILLIAM DE SOUZA;ESTATUTARIO;MEDICO ESPECIALISTA;MEDICO ESPECIALISTA; ESTATUTARIO;6520,14;;6520,14;1414,35;5105,79;
WALCINETE DA SILVA SENA;ESTATUTARIO;RECEPCIONISTA;; ESTATUTARIO;1387,37;;1387,37;152,61;1234,76;
WALDELICE FERREIRA DA SILVA;ESTATUTARIO;AGENTE ADM.-AGA-T.S.N.A.-G;; ESTATUTARIO;1649,14;;1649,14;181,41;1467,73;
WALDEMARINA CARVALHO DA SILVA;ESTATUTARIO;ENFERMEIRO-ENF-P.S.N.S.-A;ENFERMEIRO; ESTATUTARIO;5126,66;;5126,66;946,87;4179,79;
WALDEMIR LIMA QUADROS;ESTATUTARIO;VIGIA-VIG-T.S.N.A.-D;; ESTATUTARIO;1746,48;;1746,48;192,11;1554,37;
WALDIRENE FERNANDES DE LIMA;ESTATUTARIO;RECEPCIONISTA;ASSESSOR IV; ESTATUTARIO;3787,37;;3787,37;257,71;3529,66;
WALIRES DA SILVA BATISTA;ESTATUTARIO;ARTIFICE-ART-T.S.N.A.-A;ATIFICE; ESTATUTARIO;1938,24;;1938,24;159,90;1778,34;
WALQUIRIA TRAVASSOS PIRES;ESTATUTARIO;ASSIST.SOC.ASS-P.S.N.S.-CL.A;; ESTATUTARIO;4940,40;;4940,40;896,63;4043,77;
WANESSA FIGUEIREDO DAS NEVES;ESTATUTARIO;MEDICO ESPECIALISTA;; ESTATUTARIO;6391,21;;6391,21;1369,48;5021,73;
WORNEI SILVA MIRANDA BRAGA;ESTATUTARIO;PESQUISADOR ASS.-PEA-P.S.N.S.-D;; ESTATUTARIO;6887,88;;6887,88;1574,12;5313,76;
WORNEI SILVA MIRANDA BRAGA;ESTATUTARIO;MEDICO DOUTOR;; ESTATUTARIO;9774,87;;9774,87;2553,76;7221,11;
WUELTON MARCELO MONTEIRO;ESTATUTARIO;FARMAC.BIOQ. -FAB-P.S.N.S.-A;FARMAC BIOQUIMICO; ESTATUTARIO;13762,41;;13762,41;3366,88;10395,53;
YOLANDA FREITAS NOGUTH;ESTATUTARIO;AUXILIAR DE SERV GERAIS - LIMPEZA;; ESTATUTARIO;1375,86;;1375,86;151,34;1224,52;
YONNE FRANCIS CHEHUAN MELO;ESTATUTARIO;FARMAC.BIOQ. -FAB-P.S.N.S.-D;GERENTE; ESTATUTARIO;11192,07;;11192,07;2620,91;8571,16;
ZELINDA MONTEIRO RIBEIRO;ESTATUTARIO;TEC. DE ENFERMAGEM-TEN-P.S.N.M.-D;; ESTATUTARIO;2209,04;;2209,04;242,99;1966,05;
