NOME;LOTACAO;CARGO;FUNCAO;VINCULO;REMUNERACAO LEGAL TOTAL(R$);DESC.TETO(R$); REMUNERACAO LEGAL DEVIDA(R$);DESCONTOS LEGAIS(R$);LIQUIDO DISPONIVEL(R$);
ADELAINE NASCIMENTO DE O GARCIA;DEPARTAMENTO DE ADMINISTRACAO;ASSESSOR III AD-3;; CARGO COMISSION.S/VINCULO;3191,80;;3191,80;392,90;2798,90;
ADELIA TEIXEIRA DA SILVA;DEPARTAMENTO DE ADMINISTRACAO;ASSESSOR III AD-3;; CARGO COMISSION.S/VINCULO;2195,80;;2195,80;197,62;1998,18;
ADENILDA SANTOS DE OLIVEIRA;DEPARTAMENTO DE ADMINISTRACAO;ASSESSOR IV AD-4;; CARGO COMISSION.S/VINCULO;2575,61;;2575,61;264,79;2310,82;
ADRIANA FERREIRA PORTELLA;DEPARTAMENTO DE ADMINISTRACAO;ASSESSOR III AD-3;ASSESSOR III AD-3; CARGO COMISSION.S/VINCULO;3191,80;;3191,80;422,40;2769,40;
ADRIANA MARIA PENA DE ABREU;DEPARTAMENTO DE ADMINISTRACAO;DIRETOR DE UNIDADE AD-1;; CARGO COMISSION.S/VINCULO;5229,77;;5229,77;986,40;4243,37;
ALCENIR CASTELO BRANCO MULLER;DEPARTAMENTO DE ADMINISTRACAO;ASSESSOR III AD-3;ASSESSORIII AD-3; CARGO COMISSION.S/VINCULO;4255,73;;4255,73;684,21;3571,52;
ALCINETE CASTRO DE MIRANDA;DEPARTAMENTO DE ADMINISTRACAO;SUBGERENTE AD-3;SUBGERENTE AD-3; CARGO COMISSION.S/VINCULO;3191,80;;3191,80;422,40;2769,40;
ALCIRENE RODRIGUES DA COSTA;DEPARTAMENTO DE ADMINISTRACAO;AUX.S.G-II;; ESTATUTARIO;1660,15;;1660,15;137,85;1522,30;
ALDAIR XAVIER COSTA;DEPARTAMENTO DE ADMINISTRACAO;ASSESSOR IV AD-4;ASSESSOR IV AD-4; CARGO COMISSION.S/VINCULO;1319,61;;1319,61;105,56;1214,05;
ALEX JOSE BRITO SILVEIRA;DEPARTAMENTO DE ADMINISTRACAO;VIGIA C3 ED-NFD-III;; ESTATUTARIO;2806,00;;2806,00;67,65;2738,35;
ALEXANDRE HENRIQUE DA SILVA MATOS;DEPARTAMENTO DE ADMINISTRACAO;GERENTE AD-2;; CARGO COMISSION.S/VINCULO;4209,79;;4209,79;670,28;3539,51;
ALIETE SILVIA DA SILVA PINTO;DEPARTAMENTO DE ADMINISTRACAO;AG.PEN-III;; ESTATUTARIO;1581,66;;1581,66;173,98;1407,68;
ALVINO MARTINS DE SOUZA;DEPARTAMENTO DE ADMINISTRACAO;AUX.O-I;; ESTATUTARIO;2956,95;;2956,95;183,87;2773,08;
ANA BEATRIZ OLIVEIRA DE SA;DEPARTAMENTO DE ADMINISTRACAO;ASSESSOR IV AD-4;ASSESSOR IV AD4; CARGO COMISSION.S/VINCULO;1319,61;;1319,61;105,56;1214,05;
ANA CLAUDIA SANTANA DA COSTA;DEPARTAMENTO DE ADMINISTRACAO;ASSESSOR III AD-3;ASSESSOR III AD-3; CARGO COMISSION.S/VINCULO;1681,80;;1681,80;151,36;1530,44;
ANA JACKELINE BEZERRA MENDES;DEPARTAMENTO DE ADMINISTRACAO;ASSESSOR I AD-1;; CARGO COMISSION.S/VINCULO;6639,69;;6639,69;1397,67;5242,02;
ANA MARIA GOMES BESSA;GABINETE DO SECRETARIO;ASSESSOR I AD-1;ASSESSOR I AD-1; CARGO COMISSION.S/VINCULO;5639,69;;5639,69;1122,67;4517,02;
ANA ROSA RAMOS;DEPARTAMENTO DE ADMINISTRACAO;AUX.S.G-I;; ESTATUTARIO;1347,76;;1347,76;148,25;1199,51;
ANDERSON REBOUCAS ALMEIDA;DEPARTAMENTO DE ADMINISTRACAO;ASSESSOR III AD-3;ASSESSOR III AD-3; CARGO COMISSION.S/VINCULO;1681,80;;1681,80;151,36;1530,44;
ANDRE FERNANDES MELLO BOTAO;DEPARTAMENTO DE ADMINISTRACAO;ASSESSOR IV AD-4;; CARGO COMISSION.S/VINCULO;2575,61;;2575,61;264,79;2310,82;
ANDRE REGIS DOS REMEDIOS;DEPARTAMENTO DE ADMINISTRACAO;ASSESSOR IV AD-4;; CARGO COMISSION.S/VINCULO;1319,61;;1319,61;105,56;1214,05;
ANDREA ARAUJO MAMEDE DA COSTA;DEPARTAMENTO DE ADMINISTRACAO;ASSESSOR III AD-3;; CARGO COMISSION.S/VINCULO;4255,73;;4255,73;684,21;3571,52;
ANDREZA LOBO DE SOUZA;DEPARTAMENTO DE ADMINISTRACAO;GERENTE AD-2;GERENTE AD-2; CARGO COMISSION.S/VINCULO;4509,79;;4509,79;670,28;3839,51;
ANETE MARIA TELES DE SOUZA;DEPARTAMENTO DE ADMINISTRACAO;ASSESSOR II AD-2;ASSESSOR II AD-2; CARGO COMISSION.S/VINCULO;3209,79;;3209,79;426,78;2783,01;
ANNY CAROLLINY CAVALCANTE A DUTRA;GABINETE DO SECRETARIO;ASSESSOR I AD-1;; CARGO COMISSION.S/VINCULO;5229,77;;5229,77;986,40;4243,37;
ANTONIA JANE SOUZA DO NASCIMENTO;DEPARTAMENTO DE ADMINISTRACAO;ASSESSOR II AD-2;; CARGO COMISSION.S/VINCULO;3209,79;;3209,79;410,30;2799,49;
ANTONIO CABRAL REIS;DEPARTAMENTO DE ADMINISTRACAO;AG.PEN-I;; ESTATUTARIO;3726,86;;3726,86;366,78;3360,08;
ANTONIO DE ANDRADE DIAS;DEPARTAMENTO DE ADMINISTRACAO;GERENTE AD-2;GERENTE AD-2; CARGO COMISSION.S/VINCULO;5613,05;;5613,05;1115,35;4497,70;
ANTONIO JURACY MACIEL DE LIMA;DEPARTAMENTO DE ADMINISTRACAO;DIRETOR DE UNIDADE AD-1;DIRETOR DE UNID.AD-1; CARGO COMISSION.S/VINCULO;5229,77;;5229,77;986,40;4243,37;
ANTONIO MAGALHAES DA SILVA;DEPARTAMENTO DE ADMINISTRACAO;AUX.O-I;; ESTATUTARIO;2093,69;;2093,69;151,14;1942,55;
ARAO PAZUELLO;DEPARTAMENTO DE ADMINISTRACAO;ASSESSOR III AD-3;; CARGO COMISSION.S/VINCULO;3191,80;;3191,80;422,40;2769,40;
ARISTEIA MENDES DE SOUZA;DEPARTAMENTO DE ADMINISTRACAO;AUXILIAR DE SERV GERAIS 2A CLASSE;AUX. SERVICOS GERAIS; ESTATUTARIO;1797,95;;1797,95;137,03;1660,92;
ARLETE MARIA FARIAS MARTINS;DEPARTAMENTO DE ADMINISTRACAO;MONITOR 3A CLASSE;; ESTATUTARIO;1376,42;;1376,42;151,41;1225,01;
ARQUINEY OLIVEIRA ROLIM;DEPARTAMENTO DE ADMINISTRACAO;ASSESSOR II AD-2;; CARGO COMISSION.S/VINCULO;3209,79;;3209,79;426,78;2783,01;
AUDRYN HIRAN CALDAS DE OLIVEIRA LUZ;DEPARTAMENTO DE ADMINISTRACAO;A.TEC-II;ASSESSOR 2-AD-2; ESTATUTARIO;6447,28;;6447,28;1020,24;5427,04;
AUREA RAIMUNDA ALMEIDA DE F VIEIRA;DEPARTAMENTO DE ADMINISTRACAO;AGENTE ADMINISTRATIVO A - N.B.;GERENTE AD-2; ESTATUTARIO;4655,81;;4655,81;435,63;4220,18;
BENEDITA PENA PRESTES;DEPARTAMENTO DE ADMINISTRACAO;MONITOR 2A CLASSE;; ESTATUTARIO;3062,69;;3062,69;211,84;2850,85;
BENOCI ALVES DE SOUZA;DEPARTAMENTO DE ADMINISTRACAO;ASSESSOR IV AD-4;ASSESSOR IV AD-4; CARGO COMISSION.S/VINCULO;1319,61;;1319,61;105,56;1214,05;
CANDIDA MARIA DA SILVA ALVES;DEPARTAMENTO DE ADMINISTRACAO;ASSESSOR III AD-3;; CARGO COMISSION.S/VINCULO;3191,80;;3191,80;422,40;2769,40;
CARLA CRISTINA DE MATOS ARAGAO;DEPARTAMENTO DE ADMINISTRACAO;ASSESSOR III AD-3;; CARGO COMISSION.S/VINCULO;1681,80;;1681,80;151,36;1530,44;
CARLA MARCIA SILVA BRANDAO;DEPARTAMENTO DE ADMINISTRACAO;AUX.S.G-II;; ESTATUTARIO;2006,15;;2006,15;137,85;1868,30;
CARLOS ALBERTO RIBEIRO SIQUEIRA;DEPARTAMENTO DE ADMINISTRACAO;ASSESSOR IV AD-4;ASSESSOR IV AD-4; CARGO COMISSION.S/VINCULO;1319,61;;1319,61;105,56;1214,05;
CARLOS MAGNO NASCIMENTO ALBUQUERQUE;DEPARTAMENTO DE ADMINISTRACAO;ASSESSOR IV AD-4;; CARGO COMISSION.S/VINCULO;1319,61;;1319,61;105,56;1214,05;
CARLOS MATIAS DOS SANTOS;DEPARTAMENTO DE ADMINISTRACAO;MONITOR 3A CLASSE;; ESTATUTARIO;1367,67;;1367,67;150,44;1217,23;
CARLOS NORONHA MONSALVE;PROCON;MOT-II;; ESTATUTARIO;2091,91;;2091,91;163,90;1928,01;
CARLOS WALCY SILVA DE ALENCAR;PROCON;A.TEC-I;; ESTATUTARIO;3710,34;;3710,34;348,50;3361,84;
CELIA MARA ALVES FERREIRA;DEPARTAMENTO DE ADMINISTRACAO;DIRETOR DE UNIDADE AD-1;; CARGO COMISSION.S/VINCULO;5229,77;;5229,77;986,40;4243,37;
CELSO FERNANDES DE OLIVEIRA;DEPARTAMENTO DE ADMINISTRACAO;ASSESSOR II AD-2;; CARGO COMISSION.S/VINCULO;4509,79;;4509,79;670,28;3839,51;
CHARLE COELHO PEREIRA;DEPARTAMENTO DE ADMINISTRACAO;ASSESSOR IV AD-4;; CARGO COMISSION.S/VINCULO;1319,61;;1319,61;105,56;1214,05;
CIDIO EVANGELISTA CARANHAS;GABINETE DO SECRETARIO;ASSESSOR IV AD-4;; CARGO COMISSION.S/VINCULO;1709,61;;1709,61;153,86;1555,75;
CLAUDEMARINA NEGREIROS PESSOA;DEPARTAMENTO DE ADMINISTRACAO;ASSESSOR III AD-3;ASSESSOR III AD-3; CARGO COMISSION.S/VINCULO;1681,80;;1681,80;151,36;1530,44;
CLEITON MARCOS DA COSTA LIMA;DEPARTAMENTO DE ADMINISTRACAO;ASSESSOR IV AD-4;; CARGO COMISSION.S/VINCULO;1759,48;;1759,48;158,35;1601,13;
CLOSMIR DA SILVA BARRETO;GABINETE DO SECRETARIO;ASSESSOR II AD-2;ASSESSOR II AD-2; CARGO COMISSION.S/VINCULO;3209,79;;3209,79;426,78;2783,01;
CRISTIANO NAVECA CHIXARO;DEPARTAMENTO DE ADMINISTRACAO;CHEFE DE DEPARTAMENTO AD-1;CHEFE DE DEPTO. AD-1; CARGO COMISSION.S/VINCULO;5229,77;;5229,77;986,40;4243,37;
CRISTINA FREIRE DA COSTA;DEPARTAMENTO DE ADMINISTRACAO;ASSESSOR III AD-3;; CARGO COMISSION.S/VINCULO;1681,80;;1681,80;151,36;1530,44;
DANIEL ALBUQUERQUE AIRES CHAGAS;DEPARTAMENTO DE ADMINISTRACAO;GERENTE AD-2;; CARGO COMISSION.S/VINCULO;4509,79;;4509,79;670,28;3839,51;
DANIEL D JUDA PEREIRA DE ALMEIDA;DEPARTAMENTO DE ADMINISTRACAO;ASSESSOR I AD-1;; CARGO COMISSION.S/VINCULO;5229,77;;5229,77;986,40;4243,37;
DANIELA ENES MELO;DEPARTAMENTO DE ADMINISTRACAO;ASSESSOR III AD-3;ASSESSOR III AD-3; CARGO COMISSION.S/VINCULO;1681,80;;1681,80;151,36;1530,44;
DAVID DA SILVA FERREIRA;DEPARTAMENTO DE ADMINISTRACAO;ASSESSOR II AD-2;; CARGO COMISSION.S/VINCULO;3305,79;;3305,79;360,03;2945,76;
DEBORAH NAYARA CAVALCANTE BEZERRA;DEPARTAMENTO DE ADMINISTRACAO;ASSESSOR III AD-3;ASSESSOR III AD-3; CARGO COMISSION.S/VINCULO;1681,80;;1681,80;151,36;1530,44;
DIANA DA ROCHA NOBRE;DEPARTAMENTO DE ADMINISTRACAO;ASSESSOR III AD-3;ASSESSOR III AD-3; CARGO COMISSION.S/VINCULO;1681,80;;1681,80;151,36;1530,44;
DILENA ROSA PEREIRA DE ALMEIDA;DEPARTAMENTO DE ADMINISTRACAO;ASSESSOR II AD-2;; CARGO COMISSION.S/VINCULO;4209,79;;4209,79;670,28;3539,51;
DORALICE BITENCOURT DOS SANTOS;DEPARTAMENTO DE ADMINISTRACAO;ASSESSOR I AD-1;; CARGO COMISSION.S/VINCULO;3229,77;;3229,77;431,65;2798,12;
EDINEIDE GOMES CABRAL;DEPARTAMENTO DE ADMINISTRACAO;AUX.S.G-II;; ESTATUTARIO;1253,20;;1253,20;137,85;1115,35;
EDITE NOGUEIRA GENEROSO;DEPARTAMENTO DE ADMINISTRACAO;ASSESSOR III AD-3;; CARGO COMISSION.S/VINCULO;1681,80;;1681,80;151,36;1530,44;
EDNALDO CELIO GAIA DA SILVA;DEPARTAMENTO DE ADMINISTRACAO;ASSESSOR IV AD-4;ASSESSOR IV AD-4; CARGO COMISSION.S/VINCULO;1319,61;;1319,61;105,56;1214,05;
EDNALDO DE MENEZES MACAMBIRA;DEPARTAMENTO DE ADMINISTRACAO;ASSESSOR II AD-2;ASSESSOR II AD-2; CARGO COMISSION.S/VINCULO;3509,79;;3509,79;426,78;3083,01;
EDNILSON PEIXOTO FARIAS;DEPARTAMENTO DE ADMINISTRACAO;ASSESSOR III AD-3;ASSESSOR III AD-3; CARGO COMISSION.S/VINCULO;1681,80;;1681,80;151,36;1530,44;
EDSON JOSE MONTENEGRO MONTEIRO;PROCON;A.TEC-I;; ESTATUTARIO;2209,09;;2209,09;173,61;2035,48;
EDUARDO LUCAS DA SILVA;GABINETE DO SECRETARIO;SECRETARIO EXECUTIVO;; CARGO COMISSION.S/VINCULO;11700,00;;11700,00;2789,26;8910,74;
ELIANA FERREIRA DE FIGUEIREDO;DEPARTAMENTO DE ADMINISTRACAO;A.TEC-I;; ESTATUTARIO;2886,24;;2886,24;204,26;2681,98;
ELISIANE ARAUJO DA SILVA;DEPARTAMENTO DE ADMINISTRACAO;ASSESSOR IV AD-4;; CARGO COMISSION.S/VINCULO;1319,61;;1319,61;105,56;1214,05;
ELIZABETH CORDEIRO TRINDADE;DEPARTAMENTO DE ADMINISTRACAO;AUXILIAR DE SERV GERAIS 1A CLASSE;; ESTATUTARIO;1846,44;;1846,44;140,72;1705,72;
ELIZABETH CORREA DE PAULA;DEPARTAMENTO DE ADMINISTRACAO;A.TEC-I;; ESTATUTARIO;2604,40;;2604,40;199,79;2404,61;
ELIZEU DA SILVA MELO;DEPARTAMENTO DE ADMINISTRACAO;AUX.O-I;; ESTATUTARIO;1933,80;;1933,80;150,18;1783,62;
EMILIA PEREIRA FERNANDES;DEPARTAMENTO DE ADMINISTRACAO;A.TEC-I;; ESTATUTARIO;2696,83;;2696,83;169,99;2526,84;
ENNIO QUEIROZ DE OLIVEIRA;DEPARTAMENTO DE ADMINISTRACAO;TECNICO 1A CLASSE;CH.DEPARTAMENTO AD1; ESTATUTARIO;6624,86;;6624,86;1199,99;5424,87;
ERIC RAFAEL MACEDO DE CARVALHO;DEPARTAMENTO DE ADMINISTRACAO;ASSESSOR I AD-1;; CARGO COMISSION.S/VINCULO;5229,77;;5229,77;986,40;4243,37;
ERIKA PAULA DOS SANTOS SOUZA;DEPARTAMENTO DE ADMINISTRACAO;GERENTE AD-2;; CARGO COMISSION.S/VINCULO;4209,79;;4209,79;670,28;3539,51;
ESAU DE ALMEIDA CRUZ;DEPARTAMENTO DE ADMINISTRACAO;CHEFE DE DEPARTAMENTO AD-1;; CARGO COMISSION.S/VINCULO;5229,77;;5229,77;986,40;4243,37;
ESAU KENNY AMANCIO DE ARAUJO;DEPARTAMENTO DE ADMINISTRACAO;ASSESSOR III AD-3;; CARGO COMISSION.S/VINCULO;1681,80;;1681,80;151,36;1530,44;
ETELVINA DINIZ PEREIRA;DEPARTAMENTO DE ADMINISTRACAO;ASSESSOR IV AD-4;ASSESSOR IV AD4; CARGO COMISSION.S/VINCULO;1319,61;;1319,61;105,56;1214,05;
EUDER LEONY SANTOS LIMA;DEPARTAMENTO DE ADMINISTRACAO;ASSESSOR III AD-3;; CARGO COMISSION.S/VINCULO;2591,80;;2591,80;267,35;2324,45;
FABIANA DE ALENCAR SAUNIER;DEPARTAMENTO DE ADMINISTRACAO;ASSESSOR II AD-2;; CARGO COMISSION.S/VINCULO;4209,79;;4209,79;641,84;3567,95;
FABIANA GOMES DE ARAUJO;DEPARTAMENTO DE ADMINISTRACAO;ASSESSOR IV AD-4;ASSESSOR IV AD-4; CARGO COMISSION.S/VINCULO;3175,61;;3175,61;418,48;2757,13;
FABIANA LIMA DA ROCHA;DEPARTAMENTO DE ADMINISTRACAO;ASSESSOR III AD-3;; CARGO COMISSION.S/VINCULO;3191,80;;3191,80;422,40;2769,40;
FABIO ROGERIO COSTA LAMEGO;DEPARTAMENTO DE ADMINISTRACAO;ASSESSOR IV AD-4;; CARGO COMISSION.S/VINCULO;1319,61;;1319,61;105,56;1214,05;
FATIMA OLIVEIRA DA COSTA;DEPARTAMENTO DE ADMINISTRACAO;AUX.S.G-II;; ESTATUTARIO;1253,20;;1253,20;137,85;1115,35;
FERNANDO LIMA MOTTA;DEPARTAMENTO DE ADMINISTRACAO;ASSESSOR II AD-2;; CARGO COMISSION.S/VINCULO;4209,79;;4209,79;670,28;3539,51;
FLAVIO DOS SANTOS LEMOS;DEPARTAMENTO DE ADMINISTRACAO;SUBGERENTE AD-3;; CARGO COMISSION.S/VINCULO;3191,80;;3191,80;422,40;2769,40;
FRANCIANE ALVES SILVA;DEPARTAMENTO DE ADMINISTRACAO;ASSESSOR III AD-3;ASSESSOR III AD-3; CARGO COMISSION.S/VINCULO;3191,80;;3191,80;422,40;2769,40;
FRANCIBEL PIRES AZEVEDO;DEPARTAMENTO DE ADMINISTRACAO;ASSESSOR III AD-3;; CARGO COMISSION.S/VINCULO;1681,80;;1681,80;151,36;1530,44;
FRANCIMAR SANTOS JUNIOR;DEPARTAMENTO DE ADMINISTRACAO;ASSESSOR IV AD-4;; CARGO COMISSION.S/VINCULO;1319,61;;1319,61;105,56;1214,05;
FRANCIOMAR FERREIRA FREITAS;DEPARTAMENTO DE ADMINISTRACAO;MONITOR 2A CLASSE;; ESTATUTARIO;1527,83;;1527,83;151,41;1376,42;
FRANCISCA ELIZABETH N SOUZA;DEPARTAMENTO DE ADMINISTRACAO;A.TEC-I;; ESTATUTARIO;3292,70;;3292,70;258,24;3034,46;
FRANCISCA PEREIRA BARAUNA;DEPARTAMENTO DE ADMINISTRACAO;MONITOR 2A CLASSE;; ESTATUTARIO;1376,42;;1376,42;151,41;1225,01;
FRANCISCA SARMENTO PINHEIRO MALCHER;DEPARTAMENTO DE ADMINISTRACAO;AUX.S.G-II;; ESTATUTARIO;1253,20;;1253,20;137,85;1115,35;
FRANCISCA SORAYA INACIO DE SANTANA;DEPARTAMENTO DE ADMINISTRACAO;GERENTE AD-2;; CARGO COMISSION.S/VINCULO;4209,79;;4209,79;670,28;3539,51;
FRANCISCO DERBLAY DE ARAUJO BONATES;DEPARTAMENTO DE ADMINISTRACAO;ASSESSOR III AD-3;ASSESSOR III AD-3; CARGO COMISSION.S/VINCULO;1681,80;;1681,80;151,36;1530,44;
FRANCISCO FABRICIO P NASCIMENTO;DEPARTAMENTO DE ADMINISTRACAO;ASSESSOR II AD-2;; CARGO COMISSION.S/VINCULO;3509,79;;3509,79;426,78;3083,01;
FRANCISCO FERREIRA PAIVA;DEPARTAMENTO DE ADMINISTRACAO;TNS-I;; ESTATUTARIO;5092,38;;5092,38;687,83;4404,55;
FRANCISCO JOSE DA SILVA;DEPARTAMENTO DE ADMINISTRACAO;VIGIA-II;; ESTATUTARIO;1498,35;;1498,35;137,85;1360,50;
FRANCO BENEDITO CECILIO;DEPARTAMENTO DE ADMINISTRACAO;ASSESSOR IV AD-4;ASSESSOR IV AD-4; CARGO COMISSION.S/VINCULO;1319,61;;1319,61;105,56;1214,05;
FRANK JUNIOR MENEZES DO NASCIMENTO;DEPARTAMENTO DE ADMINISTRACAO;ASSESSOR IV AD-4;; CARGO COMISSION.S/VINCULO;1319,61;;1319,61;105,56;1214,05;
GEAN EVANGELISTA DE SANTANA;DEPARTAMENTO DE ADMINISTRACAO;ASSESSOR IV AD-4;ASSESSOR IV-AD-4; CARGO COMISSION.S/VINCULO;1319,61;;1319,61;105,56;1214,05;
GEANE AMORIM DA GRACA;DEPARTAMENTO DE ADMINISTRACAO;AUX.S.G-II;; ESTATUTARIO;2006,15;;2006,15;137,85;1868,30;
GEISA SALGADO DA SILVA;DEPARTAMENTO DE ADMINISTRACAO;ASSESSOR III AD-3;ASSESSOR III AD-3; CARGO COMISSION.S/VINCULO;2242,40;;2242,40;212,05;2030,35;
GENI DOS SANTOS AMARAL;DEPARTAMENTO DE ADMINISTRACAO;ASSESSOR III AD-3;; CARGO COMISSION.S/VINCULO;1681,80;;1681,80;151,36;1530,44;
GEORGETE DOS REIS GOMES;DEPARTAMENTO DE ADMINISTRACAO;MONITOR 2A CLASSE;; ESTATUTARIO;1367,67;;1367,67;150,44;1217,23;
GILBERTO CANDIDO COSTA;DEPARTAMENTO DE ADMINISTRACAO;MOT-I;; ESTATUTARIO;3397,51;;3397,51;219,62;3177,89;
GILENO MONTEIRO DA ROCHA;DEPARTAMENTO DE ADMINISTRACAO;ASSESSOR II AD-2;ASSESSOR II AD-2; CARGO COMISSION.S/VINCULO;4579,72;;4579,72;691,65;3888,07;
GILMAR AMAURY CAMABTH DA COSTA;DEPARTAMENTO DE ADMINISTRACAO;ASSESSOR I AD-1;; CARGO COMISSION.S/VINCULO;5639,69;;5639,69;1122,67;4517,02;
GIOVANNA TAPAJOS MAUES;GABINETE DO SECRETARIO;CHEFE DE GABINETE AD-1;CHEFE GABINETE AD-1; CARGO COMISSION.S/VINCULO;5229,77;;5229,77;943,74;4286,03;
GISELE LIMA DOS REIS;DEPARTAMENTO DE ADMINISTRACAO;ASSESSOR III AD-3;ASSESSOR III  AD-3; CARGO COMISSION.S/VINCULO;1681,80;;1681,80;151,36;1530,44;
GRACILENE DA SILVA BARBOSA;DEPARTAMENTO DE ADMINISTRACAO;DIRETOR DE UNIDADE AD-1;; CARGO COMISSION.S/VINCULO;5229,77;;5229,77;986,40;4243,37;
GRACINDA MARIA NOGUEIRA BACK;DEPARTAMENTO DE ADMINISTRACAO;ASSESSOR II AD-2;; CARGO COMISSION.S/VINCULO;3209,79;;3209,79;426,78;2783,01;
GUIOMAR ROSARIO BRASIL;DEPARTAMENTO DE ADMINISTRACAO;MONITOR 2A CLASSE;; ESTATUTARIO;1367,67;;1367,67;150,44;1217,23;
HAIDEE MARIA CHACON DE ALMEIDA;DEPARTAMENTO DE ADMINISTRACAO;A.TEC-II;; ESTATUTARIO;2645,46;;2645,46;204,38;2441,08;
HAMILTON COLARES AZEVEDO JUNIOR;DEPARTAMENTO DE ADMINISTRACAO;ASSESSOR I AD-1;; CARGO COMISSION.S/VINCULO;3229,77;;3229,77;431,65;2798,12;
HELENA SILVA DE ALBUQUERQUE;DEPARTAMENTO DE ADMINISTRACAO;ASSESSOR I AD-1;; CARGO COMISSION.S/VINCULO;5229,77;;5229,77;986,40;4243,37;
HELLEN CRISTINA SILVA MORAES;PROCON;A.TEC-II;; ESTATUTARIO;3041,46;;3041,46;238,12;2803,34;
HIGSON FRANK SALES DA SILVA;PROCON;AUX.S.G-II;; ESTATUTARIO;1848,11;;1848,11;136,49;1711,62;
HUMBERTO ALVES DE MENEZES FILHO;DEPARTAMENTO DE ADMINISTRACAO;ASSESSOR I AD-1;; CARGO COMISSION.S/VINCULO;3229,77;;3229,77;384,94;2844,83;
IANDRA LOUREIRO PEREIRA;COORDENADORIA DO PROCON;ASSESSOR I AD-1;; CARGO COMISSION.S/VINCULO;4229,77;;4229,77;676,15;3553,62;
IEDA FILGUEIRAS MONTANA;PROCON;ASSISTENTE TECNICO GOVERNAMENTAL;; ESTATUTARIO;2085,02;;2085,02;150,44;1934,58;
IOLANDA PASSOS COLARES SANTOS;DEPARTAMENTO DE ADMINISTRACAO;AGENTE ADMINISTRATIVO 4A CLASSE;; ESTATUTARIO;1426,17;;1426,17;157,28;1268,89;
IRACEMA JOEL DA SILVA;DEPARTAMENTO DE ADMINISTRACAO;AUX.S.G-II;; ESTATUTARIO;1253,20;;1253,20;137,85;1115,35;
IRANDE MATTOS DE OLIVEIRA;PROCON;A.TEC-I;; ESTATUTARIO;3675,73;;3675,73;252,33;3423,40;
ISAIAS OLIMPIO MARINHO;DEPARTAMENTO DE ADMINISTRACAO;GERENTE AD-2;; CARGO COMISSION.S/VINCULO;4209,79;;4209,79;670,28;3539,51;
ITAMAR GOMES DA SILVA;DEPARTAMENTO DE ADMINISTRACAO;ASSESSOR III AD-3;; CARGO COMISSION.S/VINCULO;2193,80;;2193,80;170,44;2023,36;
IZAIAS FERREIRA DE SOUZA FILHO;DEPARTAMENTO DE ADMINISTRACAO;MOTORISTA 2A CLASSE;; ESTATUTARIO;2535,54;;2535,54;168,19;2367,35;
JAIME XAVIER FERNANDES;DEPARTAMENTO DE ADMINISTRACAO;ASSESSOR IV AD-4;; CARGO COMISSION.S/VINCULO;1759,48;;1759,48;158,35;1601,13;
JAIRO FELIX FERREIRA;DEPARTAMENTO DE ADMINISTRACAO;ASSESSOR IV AD-4;; CARGO COMISSION.S/VINCULO;3273,61;;3273,61;442,32;2831,29;
JANAINA DOS SANTOS JUSTO;DEPARTAMENTO DE ADMINISTRACAO;ASSESSOR II AD-2;ASSESSOR II AD-2; CARGO COMISSION.S/VINCULO;4209,79;;4209,79;670,28;3539,51;
JANAINNA PINTO SOUTO M ALBUQUERQUE;DEPARTAMENTO DE ADMINISTRACAO;ASSESSOR I AD-1;; CARGO COMISSION.S/VINCULO;5229,77;;5229,77;986,40;4243,37;
JANDERSON LOPES LEITE;DEPARTAMENTO DE ADMINISTRACAO;ASSESSOR I AD-1;ASSESSOR AD-1; CARGO COMISSION.S/VINCULO;4229,77;;4229,77;676,15;3553,62;
JAQUELINE NOGUEIRA DA SILVA;DEPARTAMENTO DE ADMINISTRACAO;ASSESSOR II AD-2;; CARGO COMISSION.S/VINCULO;3209,79;;3209,79;410,30;2799,49;
JECKSON FONTES CRUZ;DEPARTAMENTO DE ADMINISTRACAO;ASSESSOR III AD-3;; CARGO COMISSION.S/VINCULO;3851,73;;3851,73;583,10;3268,63;
JENIRA RODRIGUES DA SILVA;PROCON;A.TEC-I;; ESTATUTARIO;3719,09;;3719,09;350,63;3368,46;
JOAO GOMES DE ALENCAR;DEPARTAMENTO DE ADMINISTRACAO;AUX.S.G-I;; ESTATUTARIO;2076,06;;2076,06;149,22;1926,84;
JOAO MESSIAS DA SILVA FURTADO;DEPARTAMENTO DE ADMINISTRACAO;PROFESSOR PF20.ESP-III;; ESTATUTARIO;6045,40;;6045,40;956,24;5089,16;
JOCIANE TRINDADE DOS SANTOS;DEPARTAMENTO DE ADMINISTRACAO;ASSESSOR I AD-1;; CARGO COMISSION.S/VINCULO;5229,77;;5229,77;986,40;4243,37;
JOICY CAROLINE ALMEIDA MONTEIRO;DEPARTAMENTO DE ADMINISTRACAO;ASSESSOR IV AD-4;; CARGO COMISSION.S/VINCULO;1759,48;;1759,48;158,35;1601,13;
JOILSON COSTA DA SILVA;DEPARTAMENTO DE ADMINISTRACAO;ASSESSOR IV AD-4;ASSESSOR IV AD-4; CARGO COMISSION.S/VINCULO;1319,61;;1319,61;105,56;1214,05;
JORGINA ALVES TAVARES DE MELO;DEPARTAMENTO DE ADMINISTRACAO;AUX.S.G-II;; ESTATUTARIO;1253,20;;1253,20;137,85;1115,35;
JOSE BENJAMIN DE OLIVEIRA SOUZA;DEPARTAMENTO DE ADMINISTRACAO;MOT-I;; ESTATUTARIO;2539,39;;2539,39;211,25;2328,14;
JOSE NILDO GASPAR DE MELLO;DEPARTAMENTO DE ADMINISTRACAO;SECRETARIO EXECUTIVO;; CARGO COMISSION.S/VINCULO;11700,00;;11700,00;2789,26;8910,74;
JOSE PESSOA DE ARAUJO;DEPARTAMENTO DE ADMINISTRACAO;ASSESSOR III AD-3;; CARGO COMISSION.S/VINCULO;1681,80;;1681,80;151,36;1530,44;
JOSE ROBERTO CATIVO REGIS;DEPARTAMENTO DE ADMINISTRACAO;MOT-I;; ESTATUTARIO;2513,95;;2513,95;210,23;2303,72;
JOSE ROBERTO DA SILVA NEGREIROS;DEPARTAMENTO DE ADMINISTRACAO;ASSESSOR III AD-3;; CARGO COMISSION.S/VINCULO;1681,80;;1681,80;151,36;1530,44;
JOVINA DARIO DA COSTA;PROCON;COZINHEIRO;; ESTATUTARIO;2038,88;;2038,88;136,88;1902,00;
JUBSLEU CARNEIRO MACIEL DE ARAUJO;DEPARTAMENTO DE ADMINISTRACAO;ASSESSOR IV AD-4;; CARGO COMISSION.S/VINCULO;2575,61;;2575,61;231,80;2343,81;
JULIO CESAR SILVA CAMPOS;DEPARTAMENTO DE ADMINISTRACAO;DIRETOR DE UNIDADE AD-1;; CARGO COMISSION.S/VINCULO;5229,77;;5229,77;986,40;4243,37;
JUNILCE DA SILVA OLIVEIRA;DEPARTAMENTO DE ADMINISTRACAO;AUX.S.G-II;; ESTATUTARIO;1285,15;;1285,15;137,85;1147,30;
JUSCELINO DA SILVA GONCALVES;DEPARTAMENTO DE ADMINISTRACAO;A.TEC-I;GERENTE AD 2; ESTATUTARIO;3719,09;;3719,09;293,76;3425,33;
KAREN DAIANE ARCOS ROQUE;DEPARTAMENTO DE ADMINISTRACAO;ASSESSOR III AD-3;; CARGO COMISSION.S/VINCULO;2195,80;;2195,80;197,62;1998,18;
KAREN LARISSA PAIVA DE OLIVEIRA;DEPARTAMENTO DE ADMINISTRACAO;ASSESSOR IV AD-4;SSESSOR IV AD4; CARGO COMISSION.S/VINCULO;1319,61;;1319,61;105,56;1214,05;
KAROLINA AGUIAR NEMER;DEPARTAMENTO DE ADMINISTRACAO;ASSESSOR I AD-1;; CARGO COMISSION.S/VINCULO;5229,77;;5229,77;986,40;4243,37;
KATIANNE GONCALVES DE ALMEIDA;DEPARTAMENTO DE ADMINISTRACAO;GERENTE AD-2;GERENTE AD-2; CARGO COMISSION.S/VINCULO;4209,79;;4209,79;670,28;3539,51;
KEILA CAMPOS BARROS;DEPARTAMENTO DE ADMINISTRACAO;DIRETOR DE UNIDADE AD-1;; CARGO COMISSION.S/VINCULO;5229,77;;5229,77;858,43;4371,34;
KEILA MARIA DE SOUZA REIS;DEPARTAMENTO DE ADMINISTRACAO;ASSESSOR II AD-2;ASSESSOR II AD-2; CARGO COMISSION.S/VINCULO;4279,72;;4279,72;691,65;3588,07;
KEYTH FABIOLA DE LIMA F BENTES;GABINETE DO SECRETARIO;SECRETARIO EXECUTIVO;SEC.EXECUTIVA; CARGO COMISSION.S/VINCULO;11700,00;;11700,00;2789,26;8910,74;
LADY LUCIA LUCIANO FERREIRA;DEPARTAMENTO DE ADMINISTRACAO;GERENTE AD-2;; CARGO COMISSION.S/VINCULO;4209,79;;4209,79;670,28;3539,51;
LAIS CARVALHO ROCHA SANTANA;DEPARTAMENTO DE ADMINISTRACAO;ASSESSOR III AD-3;ASSESSOR III AD-3; CARGO COMISSION.S/VINCULO;1681,80;;1681,80;151,36;1530,44;
LEILDA MARTINS DE MEDEIROS;PROCON;AUX.S.G-I;; ESTATUTARIO;2076,06;;2076,06;149,22;1926,84;
LEONARDO CARMO DE BRITO;DEPARTAMENTO DE ADMINISTRACAO;ASSESSOR III AD-3;; CARGO COMISSION.S/VINCULO;1681,80;;1681,80;151,36;1530,44;
LOHAN FERNANDES VERAS;DEPARTAMENTO DE ADMINISTRACAO;ASSESSOR III AD-3;; CARGO COMISSION.S/VINCULO;3119,80;;3119,80;408,62;2711,18;
LOURIVAL DE SOUZA BENTES;DEPARTAMENTO DE ADMINISTRACAO;A.TEC-I;; ESTATUTARIO;2251,11;;2251,11;175,53;2075,58;
LUCIA MARIA PAULA DA SILVA BRAGA;DEPARTAMENTO DE ADMINISTRACAO;A.TEC-I;; ESTATUTARIO;2584,98;;2584,98;210,77;2374,21;
LUIS ANSELMO DA SILVA;DEPARTAMENTO DE ADMINISTRACAO;ASSESSOR IV AD-4;; CARGO COMISSION.S/VINCULO;1319,61;;1319,61;105,56;1214,05;
LUIS HENRIQUE TUPINAMBA DE A LINS;COORDENADORIA DO PROCON;ASSESSOR II AD-2;; CARGO COMISSION.S/VINCULO;4209,79;;4209,79;670,28;3539,51;
LUIS MAGNUM BARROS SANTOS;DEPARTAMENTO DE ADMINISTRACAO;ASSESSOR II AD-2;ASSESSOR II AD-2; CARGO COMISSION.S/VINCULO;5613,05;;5613,05;1115,35;4497,70;
LUIZ CARLOS FIGUEIRA DOS SANTOS;DEPARTAMENTO DE ADMINISTRACAO;ASSESSOR IV AD-4;; CARGO COMISSION.S/VINCULO;1759,48;;1759,48;158,35;1601,13;
LUIZ CESAR FERNANDES MARQUES;DEPARTAMENTO DE ADMINISTRACAO;GERENTE AD-2;; CARGO COMISSION.S/VINCULO;4209,79;;4209,79;670,28;3539,51;
MANOEL BESSA NETO;COORDENADORIA DO PROCON;ASSESSOR II AD-2;ASSESSOR II AD-2; CARGO COMISSION.S/VINCULO;4209,79;;4209,79;670,28;3539,51;
MANOEL MADISSON BARBOSA FONSECA;DEPARTAMENTO DE ADMINISTRACAO;ASSESSOR IV AD-4;; CARGO COMISSION.S/VINCULO;1319,61;;1319,61;105,56;1214,05;
MANUEL BATISTA DE LIMA;DEPARTAMENTO DE ADMINISTRACAO;VIGIA-II;; ESTATUTARIO;1492,03;;1492,03;137,85;1354,18;
MANUEL MAGALHAES BANDEIRA;DEPARTAMENTO DE ADMINISTRACAO;TNS-I;; ESTATUTARIO;5072,97;;5072,97;767,29;4305,68;
MARCELA THAMMYA DE MELO E XEREZ;DEPARTAMENTO DE ADMINISTRACAO;ASSESSOR IV AD-4;ASSESSOR IV AD-4; CARGO COMISSION.S/VINCULO;3434,15;;3434,15;481,41;2952,74;
MARCELO FREDERICO TERCO FALCAO;PROCON;TECNICO AGROPECUARIA;; ESTATUTARIO;2213,71;;2213,71;164,60;2049,11;
MARCELO VALERIO DE SOUZA;DEPARTAMENTO DE ADMINISTRACAO;GERENTE AD-2;GERENTE AD-2; CARGO COMISSION.S/VINCULO;4209,79;;4209,79;670,28;3539,51;
MARCIA NUNES DA SILVA;GABINETE DO SECRETARIO;ASSESSOR II AD-2;ASSESSOR II AD-2; CARGO COMISSION.S/VINCULO;3809,79;;3809,79;572,88;3236,91;
MARCIA PAULA DE ASSIS ALMEIDA;DEPARTAMENTO DE ADMINISTRACAO;GERENTE AD-2;; CARGO COMISSION.S/VINCULO;4509,79;;4509,79;670,28;3839,51;
MARCIO LUIZ DA SILVA TRIBUZY;DEPARTAMENTO DE ADMINISTRACAO;ASSESSOR I AD-1;; CARGO COMISSION.S/VINCULO;5229,77;;5229,77;986,40;4243,37;
MARCIRA MARTINS ALMEIDA;DEPARTAMENTO DE ADMINISTRACAO;TECNICO 3A CLASSE;; ESTATUTARIO;3834,83;;3834,83;425,31;3409,52;
MARCOS NAZARENO DA SILVA LIMA;DEPARTAMENTO DE ADMINISTRACAO;ASSESSOR III AD-3;; CARGO COMISSION.S/VINCULO;1681,80;;1681,80;151,36;1530,44;
MARIA AMELIA FERREIRA DE PAIVA;DEPARTAMENTO DE ADMINISTRACAO;A.SOC-I;; ESTATUTARIO;3621,24;;3621,24;513,54;3107,70;
MARIA CORDEIRO DA SILVA;DEPARTAMENTO DE ADMINISTRACAO;AUXILIAR DE SERV GERAIS 2A CLASSE;; ESTATUTARIO;1430,38;;1430,38;141,75;1288,63;
MARIA DA GLORIA BITAR EH SILVA;DEPARTAMENTO DE ADMINISTRACAO;ASSISTENTE TECNICO 1A CLASSE;; ESTATUTARIO;3553,37;;3553,37;291,13;3262,24;
MARIA DA GLORIA SOUZA DE OLIVEIRA;DEPARTAMENTO DE ADMINISTRACAO;AUXILIAR DE ENFERMAGEM 2A CLASSE;; ESTATUTARIO;1367,67;;1367,67;140,41;1227,26;
MARIA DAS GRACAS DE SOUZA TORRES;DEPARTAMENTO DE ADMINISTRACAO;A.TEC-I;GERENTE AD-2; ESTATUTARIO;4904,34;;4904,34;510,67;4393,67;
MARIA DAS GRACAS MELO DOS SANTOS;DEPARTAMENTO DE ADMINISTRACAO;ASSESSOR IV AD-4;ASSESSOR IV AD-4; CARGO COMISSION.S/VINCULO;1319,61;;1319,61;105,56;1214,05;
MARIA DAS GRACAS OLIVEIRA SANTOS;DEPARTAMENTO DE ADMINISTRACAO;A.TEC-I;; ESTATUTARIO;3352,39;;3352,39;245,65;3106,74;
MARIA DAS GRACAS SOARES PROLA;GABINETE DO SECRETARIO;ASSIST.SOC.ASS-P.S.N.S.-CL.A;SECRETARIA DE ESTADO; ESTATUTARIO;13500,00;;13500,00;3215,55;10284,45;
MARIA DE FATIMA SOARES DA SILVA;DEPARTAMENTO DE ADMINISTRACAO;A.TEC-I;; ESTATUTARIO;3902,40;;3902,40;322,07;3580,33;
MARIA DE LOURDES VIEIRA DA ROCHA;DEPARTAMENTO DE ADMINISTRACAO;GERENTE AD-2;; CARGO COMISSION.S/VINCULO;4509,79;;4509,79;641,84;3867,95;
MARIA DE NAZARE DE SOUSA SILVA;DEPARTAMENTO DE ADMINISTRACAO;ASSESSOR II AD-2;; CARGO COMISSION.S/VINCULO;3209,79;;3209,79;426,78;2783,01;
MARIA DE NAZARE SOCORRO S E SOUZA;DEPARTAMENTO DE ADMINISTRACAO;A.SOC-I;; ESTATUTARIO;4237,63;;4237,63;634,34;3603,29;
MARIA DE SOUZA MATOS;DEPARTAMENTO DE ADMINISTRACAO;AUX.S.G-I;; ESTATUTARIO;2064,56;;2064,56;148,25;1916,31;
MARIA DO CARMO OLIVEIRA SANTOS;DEPARTAMENTO DE ADMINISTRACAO;ASSESSOR III AD-3;ASSESSOR III AD-3; CARGO COMISSION.S/VINCULO;1681,80;;1681,80;151,36;1530,44;
MARIA DO PERPETUO S CAVALCANTE;DEPARTAMENTO DE ADMINISTRACAO;SECRETARIO EXECUTIVO ADJUNTO;SEC.EXEC.ADJUNTA; CARGO COMISSION.S/VINCULO;9000,00;;9000,00;2046,76;6953,24;
MARIA DO PERPETUO SOCORRO P DERZI;DEPARTAMENTO DE ADMINISTRACAO;ASSESSOR III AD-3;; CARGO COMISSION.S/VINCULO;3191,80;;3191,80;422,40;2769,40;
MARIA DO PERPETUO SOCORRO S BARBOSA;DEPARTAMENTO DE ADMINISTRACAO;ASSISTENTE TECNICO 1A CLASSE;GERENTE AD-2; ESTATUTARIO;4913,51;;4913,51;600,86;4312,65;
MARIA DO PERPETUO SOCORRO S BESSA;DEPARTAMENTO DE ADMINISTRACAO;ASSISTENTE TECNICO;; ESTATUTARIO;2567,86;;2567,86;219,42;2348,44;
MARIA DO ROZARIO PINHEIRO OLIVEIRA;DEPARTAMENTO DE ADMINISTRACAO;A.TEC-I;; ESTATUTARIO;2584,98;;2584,98;172,64;2412,34;
MARIA DO SOCORRO BERNARDO PINTO;DEPARTAMENTO DE ADMINISTRACAO;ASSESSOR I AD-1;; CARGO COMISSION.S/VINCULO;3229,77;;3229,77;431,65;2798,12;
MARIA DO SOCORRO MARTINS ARANHA;GABINETE DO SECRETARIO;AUX.S.G-II;; ESTATUTARIO;1253,20;;1253,20;137,85;1115,35;
MARIA DOROTEA FROTA REBOUCAS;DEPARTAMENTO DE ADMINISTRACAO;ASSESSOR I AD-1;; CARGO COMISSION.S/VINCULO;4229,77;;4229,77;676,15;3553,62;
MARIA EMILIA CORREIA CABRAL;DEPARTAMENTO DE ADMINISTRACAO;ASSESSOR III AD-3;ASSESSOR III AD-3; CARGO COMISSION.S/VINCULO;4255,73;;4255,73;684,21;3571,52;
MARIA JOANA MARTINS DAS CHAGAS;DEPARTAMENTO DE ADMINISTRACAO;ASSESSOR IV AD-4;ASSESSOR IV AD-4; CARGO COMISSION.S/VINCULO;2575,61;;2575,61;264,79;2310,82;
MARIA JOSE DE OLIVEIRA RAMOS;DEPARTAMENTO DE ADMINISTRACAO;GERENTE AD-2;; CARGO COMISSION.S/VINCULO;4209,79;;4209,79;670,28;3539,51;
MARIA LUIZA DO VALE CAGI BRAZ;DEPARTAMENTO DE ADMINISTRACAO;MONITOR 2A CLASSE;; ESTATUTARIO;1376,42;;1376,42;151,41;1225,01;
MARIA MAGALHAES DE BRITO;DEPARTAMENTO DE ADMINISTRACAO;ASSESSOR III AD-3;ASSESSOR III AD-3; CARGO COMISSION.S/VINCULO;1681,80;;1681,80;151,36;1530,44;
MARIA RAIMUNDA SOUZA DA SILVA;DEPARTAMENTO DE ADMINISTRACAO;AUXILIAR DE SERV GERAIS 2A CLASSE;; ESTATUTARIO;1313,73;;1313,73;130,19;1183,54;
MARIA SOCORRO DUARTE DE ANDRADE;DEPARTAMENTO DE ADMINISTRACAO;SUBGERENTE AD-3;; CARGO COMISSION.S/VINCULO;3191,80;;3191,80;422,40;2769,40;
MARIETE ALVES DA COSTA;DEPARTAMENTO DE ADMINISTRACAO;A.TEC-I;; ESTATUTARIO;3882,98;;3882,98;317,51;3565,47;
MARILDA EDITH FIGUEIREDO A TORRES;DEPARTAMENTO DE ADMINISTRACAO;GERENTE AD-2;GERENTE AD 2; CARGO COMISSION.S/VINCULO;4209,79;;4209,79;613,40;3596,39;
MARILDA SIQUEIRA DA COSTA;DEPARTAMENTO DE ADMINISTRACAO;SUBGERENTE AD-3;; CARGO COMISSION.S/VINCULO;3491,80;;3491,80;422,40;3069,40;
MARILENE ALVES MULLER;DEPARTAMENTO DE ADMINISTRACAO;AUX.S.G-II;; ESTATUTARIO;2006,15;;2006,15;137,85;1868,30;
MARIO ALMEIDA PANTOJA NETO;DEPARTAMENTO DE ADMINISTRACAO;ASSESSOR IV AD-4;; CARGO COMISSION.S/VINCULO;1319,61;;1319,61;105,56;1214,05;
MARIO NOBEL DE NAZARE REBELO;DEPARTAMENTO DE ADMINISTRACAO;ASSISTENTE TECNICO 3A CLASSE;; ESTATUTARIO;3702,91;;3702,91;338,60;3364,31;
MARISTANI TERESINHA S FRAIBERG;DEPARTAMENTO DE ADMINISTRACAO;ASSESSOR II AD-2;; CARGO COMISSION.S/VINCULO;3209,79;;3209,79;426,78;2783,01;
MARLECY SOUZA DOS SANTOS;DEPARTAMENTO DE ADMINISTRACAO;AUX.S.G-I;; ESTATUTARIO;1916,31;;1916,31;148,25;1768,06;
MARLUCIO DE ALMEIDA ANDRADE;DEPARTAMENTO DE ADMINISTRACAO;ASSESSOR III AD-3;ASSESSOR III AD-3; CARGO COMISSION.S/VINCULO;1681,80;;1681,80;151,36;1530,44;
MATHILDE ESTHER BEMERGUY EZAGUY;DEPARTAMENTO DE ADMINISTRACAO;CHEFE DE DEPARTAMENTO AD-1;; CARGO COMISSION.S/VINCULO;5229,77;;5229,77;986,40;4243,37;
MAURIDIZIA RABELO DE ARAUJO;DEPARTAMENTO DE ADMINISTRACAO;ASSESSOR IV AD-4;ASSESSOR IV AD-4; CARGO COMISSION.S/VINCULO;1319,61;;1319,61;105,56;1214,05;
MAURILIO CESAR NUNES BRASIL;PROCON;A.TEC-I;; ESTATUTARIO;3684,13;;3684,13;312,45;3371,68;
MAURO GAUDENCIO DA COSTA T JUNIOR;GABINETE DO SECRETARIO;ESCRIVAO DE POL.3A.CL. PC-ESC-III;ASSESSOR I AD-1; ESTATUTARIO;5000,00;;5000,00;505,64;4494,36;
MAYARA DE ALMEIDA MORAES;DEPARTAMENTO DE ADMINISTRACAO;ASSESSOR III AD-3;; CARGO COMISSION.S/VINCULO;3191,80;;3191,80;422,40;2769,40;
MICHEL LAUDA ARAUJO DE HOLANDA;DEPARTAMENTO DE ADMINISTRACAO;ASSESSOR III AD-3;ASSESSOR III AD-3; CARGO COMISSION.S/VINCULO;1681,80;;1681,80;151,36;1530,44;
MICHEL RODRIGUES VEIGA;DEPARTAMENTO DE ADMINISTRACAO;ASSESSOR I AD-1;; CARGO COMISSION.S/VINCULO;5229,77;;5229,77;986,40;4243,37;
MIGUEL BRAZ BARBOSA LIMA;PROCON;A.TEC-III;; ESTATUTARIO;2093,77;;2093,77;151,41;1942,36;
MIRIAM LUSTOSA SERRAO;DEPARTAMENTO DE ADMINISTRACAO;A.TEC-I;; ESTATUTARIO;3308,75;;3308,75;210,54;3098,21;
MIRNIA SULINELIA DOS S CUSTODIO;DEPARTAMENTO DE ADMINISTRACAO;ASSESSOR I AD-1;; CARGO COMISSION.S/VINCULO;3229,77;;3229,77;413,84;2815,93;
MOACIR MAFRA AYRES DE ALMEIDA;DEPARTAMENTO DE ADMINISTRACAO;A.OPE-I;; ESTATUTARIO;2325,57;;2325,57;;2325,57;
MOYSES MAGALHAES DA COSTA;DEPARTAMENTO DE ADMINISTRACAO;ASSESSOR III AD-3;ASSESSOR III AD-3; CARGO COMISSION.S/VINCULO;3191,80;;3191,80;407,12;2784,68;
NADMA OSORIO DA SILVA A PEREIRA;DEPARTAMENTO DE ADMINISTRACAO;A.TEC-I;; ESTATUTARIO;2005,99;;2005,99;165,02;1840,97;
NAIR DA COSTA GOMES;DEPARTAMENTO DE ADMINISTRACAO;ASSESSOR III AD-3;; CARGO COMISSION.S/VINCULO;2542,40;;2542,40;212,05;2330,35;
NEILIANE FERREIRA DOS SANTOS;DEPARTAMENTO DE ADMINISTRACAO;ASSESSOR III AD-3;; CARGO COMISSION.S/VINCULO;3191,80;;3191,80;422,40;2769,40;
NEY BASTOS MAGALHAES;DEPARTAMENTO DE ADMINISTRACAO;ASSESSOR II AD-2;; CARGO COMISSION.S/VINCULO;4209,79;;4209,79;641,84;3567,95;
NILMA DA SILVA SANTOS;DEPARTAMENTO DE ADMINISTRACAO;ASSESSOR II AD-2;ASSESSOR II AD-2; CARGO COMISSION.S/VINCULO;3209,79;;3209,79;426,78;2783,01;
NIRVANA DE PAULA BEIRA MAR;DEPARTAMENTO DE ADMINISTRACAO;ASSESSOR III AD-3;ASSESSOR III AD3; CARGO COMISSION.S/VINCULO;1893,80;;1893,80;170,44;1723,36;
NORMANDO SAVIO CORREA PINHEIRO;DEPARTAMENTO DE ADMINISTRACAO;ASSESSOR I AD-1;; CARGO COMISSION.S/VINCULO;5229,77;;5229,77;986,40;4243,37;
NUBIA PANTOJA DE LIMA;DEPARTAMENTO DE ADMINISTRACAO;GERENTE AD-2;GERENTE AD-2; CARGO COMISSION.S/VINCULO;4509,79;;4509,79;670,28;3839,51;
ORLANDO MAGALHAES BANDEIRA;SEC.EXECUTIVA ADJUNTO-SEXAD;TNS-I;CHFE DPTO AD-1; ESTATUTARIO;3308,50;;3308,50;416,55;2891,95;
PABLO RONEY LOPES RODRIGUES;DEPARTAMENTO DE ADMINISTRACAO;ASSESSOR II AD-2;; CARGO COMISSION.S/VINCULO;4279,72;;4279,72;691,65;3588,07;
PALMIRA DA COSTA GADELHA;DEPARTAMENTO DE ADMINISTRACAO;AUXILIAR DE SERV GERAIS 3A CLASSE;; ESTATUTARIO;1304,02;;1304,02;129,23;1174,79;
PAULO FERREIRA MARINHO;PROCON;TNS-I;; ESTATUTARIO;5306,23;;5306,23;830,51;4475,72;
PAULO HENRIQUE DE OLIVEIRA MILLER;DEPARTAMENTO DE ADMINISTRACAO;ASSESSOR IV AD-4;; CARGO COMISSION.S/VINCULO;1319,61;;1319,61;105,56;1214,05;
PEDRO BENJAMIN ARCE PAES;DEPARTAMENTO DE ADMINISTRACAO;ASSESSOR IV AD-4;ASSESSOR IV - AD-4; CARGO COMISSION.S/VINCULO;1319,61;;1319,61;105,56;1214,05;
PEDRO COELHO MALTA;DEPARTAMENTO DE ADMINISTRACAO;GERENTE AD-2;; CARGO COMISSION.S/VINCULO;4209,79;;4209,79;670,28;3539,51;
POLYANNA LIMA FERREIRA DA COSTA;DEPARTAMENTO DE ADMINISTRACAO;ASSESSOR III AD-3;; CARGO COMISSION.S/VINCULO;3191,80;;3191,80;422,40;2769,40;
PROTAZIO GONCALVES BOTELHO;DEPARTAMENTO DE ADMINISTRACAO;ASSESSOR I AD-1;; CARGO COMISSION.S/VINCULO;5229,77;;5229,77;986,40;4243,37;
RAIMUNDA NONATA DA SILVA MENTA;DEPARTAMENTO DE ADMINISTRACAO;MONITOR 3A CLASSE;; ESTATUTARIO;2305,77;;2305,77;151,41;2154,36;
RAIMUNDO KLINGER DE OLIVEIRA;DEPARTAMENTO DE ADMINISTRACAO;ASSESSOR II AD-2;; CARGO COMISSION.S/VINCULO;4209,79;;4209,79;670,28;3539,51;
RAIMUNDO PAES DE SOUZA;DEPARTAMENTO DE ADMINISTRACAO;VIGIA 2A CLASSE;; ESTATUTARIO;1747,19;;1747,19;144,14;1603,05;
REGINA COELI VIANA CAVALCANTE;DEPARTAMENTO DE ADMINISTRACAO;ASSESSOR III AD-3;; CARGO COMISSION.S/VINCULO;6383,60;;6383,60;1327,25;5056,35;
RENATA CUNHA FELIX;DEPARTAMENTO DE ADMINISTRACAO;ASSESSOR I AD-1;ASSESSOR I AD-1; CARGO COMISSION.S/VINCULO;5229,77;;5229,77;858,43;4371,34;
RITA DE CACIA BORGES ALMEIDA;DEPARTAMENTO DE ADMINISTRACAO;INSTRUTOR 3A CLASSE;; ESTATUTARIO;1367,67;;1367,67;150,44;1217,23;
RITA MARIA SANCHES DE OLIVEIRA;DEPARTAMENTO DE ADMINISTRACAO;GERENTE AD-2;; CARGO COMISSION.S/VINCULO;4209,79;;4209,79;670,28;3539,51;
RITA MORAES MAUES;DEPARTAMENTO DE ADMINISTRACAO;ASSESSOR II AD-2;; CARGO COMISSION.S/VINCULO;3209,79;;3209,79;426,78;2783,01;
RITA MOREIRA DE SOUZA;DEPARTAMENTO DE ADMINISTRACAO;AUXILIAR DE SERV GERAIS 3A CLASSE;; ESTATUTARIO;1398,29;;1398,29;129,23;1269,06;
RITA RODRIGUES DOS ANJOS;DEPARTAMENTO DE ADMINISTRACAO;ASSISTENTE TECNICO 3A CLASSE;; ESTATUTARIO;1350,19;;1350,19;148,52;1201,67;
ROSANGELA ACORDI;DEPARTAMENTO DE ADMINISTRACAO;ASSESSOR IV AD-4;ASSESSOR IV AD-4; CARGO COMISSION.S/VINCULO;1319,61;;1319,61;105,56;1214,05;
ROSANGELA ALVES DE SOUZA;DEPARTAMENTO DE ADMINISTRACAO;A.TEC-I;; ESTATUTARIO;2058,09;;2058,09;173,61;1884,48;
ROSELY DE ASSIS FERNANDES;COORDENADORIA DO PROCON;SECRETARIO EXECUTIVO ADJUNTO;; CARGO COMISSION.S/VINCULO;12000,00;;12000,00;2871,76;9128,24;
ROSEVANA REGIS BERREDO;DEPARTAMENTO DE ADMINISTRACAO;AUX.S.G-II;; ESTATUTARIO;1261,94;;1261,94;138,81;1123,13;
ROSICLEIDE NASCIMENTO CONCEICAO;DEPARTAMENTO DE ADMINISTRACAO;ASSESSOR I AD-1;ASSESSOR I AD-1; CARGO COMISSION.S/VINCULO;3229,77;;3229,77;431,65;2798,12;
RUBEM SALES;DEPARTAMENTO DE ADMINISTRACAO;A.TEC-I;; ESTATUTARIO;2311,66;;2311,66;184,16;2127,50;
RUTH MARIA CARLOS PACHECO;DEPARTAMENTO DE ADMINISTRACAO;ASSESSOR III AD-3;ASSESSOR III AD-3; CARGO COMISSION.S/VINCULO;3191,80;;3191,80;422,40;2769,40;
SAINT CYR BARBOSA DA SILVA;DEPARTAMENTO DE ADMINISTRACAO;ASSISTENTE TECNICO 3A CLASSE;; ESTATUTARIO;1930,31;;1930,31;150,04;1780,27;
SAMIRA ALMEIDA PALADINO;DEPARTAMENTO DE ADMINISTRACAO;ASSESSOR III AD-3;; CARGO COMISSION.S/VINCULO;1681,80;;1681,80;151,36;1530,44;
SANDRA CRISTINA RAMALHO GOMES;DEPARTAMENTO DE ADMINISTRACAO;ASSESSOR III AD-3;ASSESSOR III AD-3; CARGO COMISSION.S/VINCULO;1681,80;;1681,80;151,36;1530,44;
SANDRA HELENA PERUZIO WANDERLEI;DEPARTAMENTO DE ADMINISTRACAO;GERENTE AD-2;; CARGO COMISSION.S/VINCULO;4209,79;;4209,79;670,28;3539,51;
SANDRA MARIA PAIVA BARROSO;DEPARTAMENTO DE ADMINISTRACAO;A.TEC-I;; ESTATUTARIO;2191,62;;2191,62;170,24;2021,38;
SANTINO MARQUES GONCALVES;DEPARTAMENTO DE ADMINISTRACAO;AUX.S.G-I;; ESTATUTARIO;2590,06;;2590,06;149,22;2440,84;
SARAH SOUZA DE SOUZA;DEPARTAMENTO DE ADMINISTRACAO;AUX.S.G-II;; ESTATUTARIO;1253,20;;1253,20;137,85;1115,35;
SCHINEIDER AUGUSTO MARTINS AMARAL;DEPARTAMENTO DE ADMINISTRACAO;ASSESSOR IV AD-4;ASSESSOR IV-AD-4; CARGO COMISSION.S/VINCULO;1319,61;;1319,61;105,56;1214,05;
SEBASTIANA MARIA CORREIA DA SILVA;DEPARTAMENTO DE ADMINISTRACAO;GERENTE AD-2;GERENTE AD 2; CARGO COMISSION.S/VINCULO;5613,05;;5613,05;1115,35;4497,70;
SILVIA DE MENDONCA DOS S E SANTOS;DEPARTAMENTO DE ADMINISTRACAO;ASSESSOR I AD-1;; CARGO COMISSION.S/VINCULO;3229,77;;3229,77;431,65;2798,12;
SOLANGE MARTINS PEDROSO;DEPARTAMENTO DE ADMINISTRACAO;ASSESSOR III AD-3;; CARGO COMISSION.S/VINCULO;1681,80;;1681,80;151,36;1530,44;
SOLANGE PAULA DA SILVA BRAGA;DEPARTAMENTO DE ADMINISTRACAO;A.TEC-I;; ESTATUTARIO;2231,70;;2231,70;185,17;2046,53;
SONIA CRISTINA DA SILVA B MONTEIRO;DEPARTAMENTO DE ADMINISTRACAO;ASSESSOR III AD-3;; CARGO COMISSION.S/VINCULO;1681,80;;1681,80;151,36;1530,44;
SORAYA DA COSTA COLLYER;DEPARTAMENTO DE ADMINISTRACAO;ASSESSOR I AD-1;ASSESSOR I AD-1; CARGO COMISSION.S/VINCULO;5229,77;;5229,77;986,40;4243,37;
SUELEN DE ALENCAR DE LIRA LEMOS;DEPARTAMENTO DE ADMINISTRACAO;ASSESSOR II AD-2;ASSESSOR III AD-3; CARGO COMISSION.S/VINCULO;1681,80;;1681,80;151,36;1530,44;
SUELEN LIMA COSTA;DEPARTAMENTO DE ADMINISTRACAO;ASSESSOR II AD-2;ASSESSOR II AD-2; CARGO COMISSION.S/VINCULO;3509,79;;3509,79;426,78;3083,01;
TAINO SALES ANDRADE CARVALHO;DEPARTAMENTO DE ADMINISTRACAO;ASSESSOR II AD-2;; CARGO COMISSION.S/VINCULO;2609,79;;2609,79;270,20;2339,59;
TELMA QUIRINO DA SILVA;DEPARTAMENTO DE ADMINISTRACAO;ASSESSOR III AD-3;ASSESSOR III AD-3; CARGO COMISSION.S/VINCULO;1681,80;;1681,80;151,36;1530,44;
TEREZA RAQUEL DE MENEZES S BORGES;DEPARTAMENTO DE ADMINISTRACAO;ASSESSOR III AD-3;ASSESSOR III AD-3; CARGO COMISSION.S/VINCULO;1681,80;;1681,80;151,36;1530,44;
TEREZINHA CARNEIRO DE MELO;DEPARTAMENTO DE ADMINISTRACAO;ASSESSOR I AD-1;; CARGO COMISSION.S/VINCULO;3229,77;;3229,77;431,65;2798,12;
THAYANE GABRIELLE FERNANDES SILVA;DEPARTAMENTO DE ADMINISTRACAO;ASSESSOR III AD-3;; CARGO COMISSION.S/VINCULO;1681,80;;1681,80;151,36;1530,44;
THAYSA BACURY DA SILVA;DEPARTAMENTO DE ADMINISTRACAO;ASSESSOR III AD-3;ASSESSOR III AD3; CARGO COMISSION.S/VINCULO;1681,80;;1681,80;151,36;1530,44;
THIAGO LAZARO AMADOR FERNANDES;DEPARTAMENTO DE ADMINISTRACAO;ASSESSOR IV AD-4;; CARGO COMISSION.S/VINCULO;1544,61;;1544,61;123,56;1421,05;
TIAGO MARTINS DE SOUZA;DEPARTAMENTO DE ADMINISTRACAO;ASSESSOR III AD-3;; CARGO COMISSION.S/VINCULO;2195,80;;2195,80;197,62;1998,18;
VALDENIRA DE OLIVEIRA PEREIRA;DEPARTAMENTO DE ADMINISTRACAO;ASSESSOR II AD-2;ASSESSOR II AD-2; CARGO COMISSION.S/VINCULO;3209,79;;3209,79;426,78;2783,01;
VALDILENE LOPES MARQUES;DEPARTAMENTO DE ADMINISTRACAO;ASSESSOR IV AD-4;ASSESSOR IV AD-4; CARGO COMISSION.S/VINCULO;1319,61;;1319,61;105,56;1214,05;
VALDINELSON OZIEL DE AZEVEDO;DEPARTAMENTO DE ADMINISTRACAO;ASSESSOR I AD-1;; CARGO COMISSION.S/VINCULO;4229,77;;4229,77;676,15;3553,62;
VANDERLEIA FATIMA DE SOUZA;DEPARTAMENTO DE ADMINISTRACAO;ASSESSOR II AD-2;ASSESSOR II AD-2; CARGO COMISSION.S/VINCULO;4209,79;;4209,79;706,18;3503,61;
VILMA BRITO FERREIRA;DEPARTAMENTO DE ADMINISTRACAO;ASSESSOR I AD-1;; CARGO COMISSION.S/VINCULO;4306,36;;4306,36;699,91;3606,45;
VIRGINIA MARIA RIBEIRO;DEPARTAMENTO DE ADMINISTRACAO;ASSESSOR III AD-3;; CARGO COMISSION.S/VINCULO;3191,80;;3191,80;422,40;2769,40;
VIRNA MARTINIANO FERNANDES;DEPARTAMENTO DE ADMINISTRACAO;ASSESSOR II AD-2;ASSESSOR II AD-2; CARGO COMISSION.S/VINCULO;4279,72;;4279,72;691,65;3588,07;
WALDECIRA LOPES TAVARES;DEPARTAMENTO DE ADMINISTRACAO;A.TEC-I;; ESTATUTARIO;2058,09;;2058,09;11,56;2046,53;
WALDIR BARROS DE LIMA FILHO;COORDENADORIA DO PROCON;ASSESSOR II AD-2;; CARGO COMISSION.S/VINCULO;3209,79;;3209,79;426,78;2783,01;
WANDERLEY FEITOSA DA COSTA;DEPARTAMENTO DE ADMINISTRACAO;ASSESSOR II AD-2;; CARGO COMISSION.S/VINCULO;3509,79;;3509,79;426,78;3083,01;
WELLINGTON BARROS DOS SANTOS;DEPARTAMENTO DE ADMINISTRACAO;ASSESSOR IV AD-4;ASSESSOR IV AD-4; CARGO COMISSION.S/VINCULO;1319,61;;1319,61;105,56;1214,05;
WILLIAM MAGALHAES DE SOUZA;DEPARTAMENTO DE ADMINISTRACAO;ASSESSOR II AD-2;; CARGO COMISSION.S/VINCULO;3209,79;;3209,79;426,78;2783,01;
WITNEY DA SILVA DE ARAUJO;DEPARTAMENTO DE ADMINISTRACAO;A.TEC-I;; ESTATUTARIO;1569,48;;1569,48;165,98;1403,50;
