NOME;LOTACAO;CARGO;FUNCAO;VINCULO;REMUNERACAO LEGAL TOTAL(R$);DESC.TETO(R$); REMUNERACAO LEGAL DEVIDA(R$);DESCONTOS LEGAIS(R$);LIQUIDO DISPONIVEL(R$);
ADEMIR RIBEIRO DE CARVALHO;DEPARTAMENTO ADMINISTRATIVO;MOTORISTA;; ESTATUTARIO;2256,68;;2256,68;248,23;2008,45;
ADRIANA OLIVEIRA DE AZEVEDO;DEPARTAMENTO ADMINISTRATIVO;PROCURADOR CHEFE AD-1;; CARGO COMISSION.S/VINCULO;5229,77;;5229,77;858,43;4371,34;
ALDENILDO ANTONIO ROCHA DOS SANTOS;DEPARTAMENTO TECNICO;DIRETOR DE IMAGEM;; ESTATUTARIO;2210,57;;2210,57;235,43;1975,14;
ALEXANDRE MOREIRA DA SILVA;DEPARTAMENTO TECNICO;EDITOR DE IMAGEM;EDITOR DE IMAGENS; ESTATUTARIO;2108,87;;2108,87;231,98;1876,89;
ALINE DA CRUZ ALVES;DEPARTAMENTO TECNICO;OPERADOR DE MASTERCONTROL;OP MASTERCONTROL; ESTATUTARIO;1986,34;;1986,34;218,50;1767,84;
ALOISIO HERBERT LOBO;DEPTO.PRODUCAO/PROGRAMACAO;JORNALISTA;JORNALISTA; ESTATUTARIO;2829,88;;2829,88;343,17;2486,71;
ANA PAULA DA SILVA VIEIRA;DEPARTAMENTO ADMINISTRATIVO;ASSISTENTE ADMINISTRATIVO;; ESTATUTARIO;1937,65;;1937,65;213,14;1724,51;
ANDRE MARQUES DE OLIVEIRA;DEPTO.PRODUCAO/PROGRAMACAO;PRODUTOR EXECUTIVO DE TV;; ESTATUTARIO;2829,88;;2829,88;357,38;2472,50;
ANTONIO BENEZETE DE SENA CRAVEIRO;DEPARTAMENTO TECNICO;ASSISTENTE DE ESTUDIO;COORD DE EST FG 03; C.L.T.;2270,00;;2270,00;193,50;2076,50;
ANTONIO EURIDICE MARREIRA MOREIRA;DEPARTAMENTO TECNICO;OPERADOR DE AUDIO DE TV;OP. DE AUDIO DE TV; ESTATUTARIO;1857,75;;1857,75;204,35;1653,40;
ANTONIO FELICIANO PEREIRA;DEPARTAMENTO TECNICO;CINEGRAFISTA 3A CLASSE;; ESTATUTARIO;2108,87;;2108,87;231,98;1876,89;
ANTONIO FREIRE TOGA;DEPARTAMENTO TECNICO;CINEGRAFISTA;; C.L.T.;1419,36;;1419,36;103,94;1315,42;
ANTONIO IVONEY DE OLIVEIRA LIMA;DEPARTAMENTO TECNICO;CINEGRAFISTA;; C.L.T.;1269,47;;1269,47;91,95;1177,52;
ANTONIO RAIMUNDO NONATO PEREIRA;DEPARTAMENTO TECNICO;OPERADOR DE AUDIO DE RD;; C.L.T.;1197,20;;1197,20;72,80;1124,40;
ANTONIO TEIXEIRA ANDRADE;DEPARTAMENTO ADMINISTRATIVO;MOTORISTA;; C.L.T.;1259,67;;1259,67;73,25;1186,42;
ARIETE ALVES DE LIMA;DEPTO.PRODUCAO/PROGRAMACAO;ASSISTENTE TECNICO 2A CLASSE;; ESTATUTARIO;1963,88;;1963,88;216,03;1747,85;
ARY FERNANDES DE SOUZA;DEPARTAMENTO TECNICO;DIRETOR DE IMAGEM;; ESTATUTARIO;2135,10;;2135,10;234,86;1900,24;
BEATRIZ BORGES DOS SANTOS;DEPTO.PRODUCAO/PROGRAMACAO;CHEFE DE DEPARTAMENTO AD-1;CHEFE DE DPTO.; CARGO COMISSION.S/VINCULO;5229,77;;5229,77;986,40;4243,37;
BEATRIZ NUNES FERRO GOMES;DEPTO.PRODUCAO/PROGRAMACAO;JORNALISTA;; ESTATUTARIO;2829,88;;2829,88;357,38;2472,50;
BERNADETH OSORIO NUNES;DEPARTAMENTO ADMINISTRATIVO;PRODUTOR EXECUTIVO;; ESTATUTARIO;4262,56;;4262,56;575,84;3686,72;
BRENO DE SOUZA BRANDAO;DEPARTAMENTO TECNICO;CINEGRAFISTA;CINEGRAFISTA; ESTATUTARIO;2108,87;;2108,87;224,24;1884,63;
CARLOS CESAR NUNES DE ALMEIDA;DEPARTAMENTO TECNICO;AUXILIAR DE CINEGRAFISTA;; C.L.T.;1254,99;;1254,99;77,42;1177,57;
CAUBY DIAS MOTA FILHO;DEPARTAMENTO TECNICO;OPERADOR DE CAM.ESTUDIO;; C.L.T.;1399,61;;1399,61;86,50;1313,11;
CELIA DO SOCORRO MARTINS LIBORIO;DEPARTAMENTO TECNICO;EDITOR DE IMAGEM;; ESTATUTARIO;3056,94;;3056,94;397,51;2659,43;
CELINA CASSOTE MOREIRA;DEPARTAMENTO ADMINISTRATIVO;AUXILIAR DE SERVICOS GERAIS;; C.L.T.;1290,41;;1290,41;72,80;1217,61;
CELIO ALVES DE BRITO;DEPARTAMENTO TECNICO;TECNICO EM MANUTENCAO;; ESTATUTARIO;2811,83;;2811,83;254,23;2557,60;
CELIO MESSIAS DE OLIVEIRA;DEPTO.PRODUCAO/PROGRAMACAO;PRODUTOR EXECUTIVO DE TV;; C.L.T.;2957,00;;2957,00;328,64;2628,36;
CHARLES LAZARO DA SILVA PEREIRA;DEPARTAMENTO TECNICO;CINEGRAFISTA;; C.L.T.;1301,37;;1301,37;92,02;1209,35;
CHRISTINA ALMEIDA DE ARAUJO;DEPARTAMENTO ADMINISTRATIVO;ASSESSOR I AD-1;; CARGO COMISSION.S/VINCULO;5229,77;;5229,77;943,74;4286,03;
CLAUDIO SERGIO DOS SANTOS;DEPARTAMENTO TECNICO;CINEGRAFISTA;; ESTATUTARIO;2671,37;;2671,37;329,36;2342,01;
CLEBER DA COSTA MAIA;DEPARTAMENTO TECNICO;CINEGRAFISTA;CINEGRAFISTA; ESTATUTARIO;2108,87;;2108,87;231,98;1876,89;
CLEBER PAES PEREIRA;DEPTO.PRODUCAO/PROGRAMACAO;ASSESSOR II AD-2;; CARGO COMISSION.S/VINCULO;1812,34;;1812,34;;1812,34;
CLEUTON DE SENA CRAVEIRO;DEPARTAMENTO TECNICO;AUXILIAR DE CINEGRAFISTA;CHEFE DE SEC FG 03; C.L.T.;2327,79;;2327,79;198,70;2129,09;
CRISLEIDE DIAS MICHELE;DEPARTAMENTO ADMINISTRATIVO;GERENTE AD-2;GERENTE AD-2; CARGO COMISSION.S/VINCULO;2609,79;;2609,79;255,98;2353,81;
DARCLEY SEFORA ANTELA DA SILVA;DEPTO.PRODUCAO/PROGRAMACAO;JORNALISTA;JORNALISTA; ESTATUTARIO;2829,88;;2829,88;343,17;2486,71;
DENISSON MARINHO DINIZ;DEPARTAMENTO TECNICO;OPERADOR DE CARACTERES;; C.L.T.;1498,81;;1498,81;91,95;1406,86;
DIOGENES EDINACIO TEIXEIRA JUNIOR;DEPARTAMENTO TECNICO;OPERADOR DE MASTERCONTROL;OP.DE MASTERCONTROL; ESTATUTARIO;1986,34;;1986,34;218,50;1767,84;
DORI ADSON DE SOUZA LOBATO;DEPARTAMENTO ADMINISTRATIVO;CHEFE DE DEPARTAMENTO AD-1;; CARGO COMISSION.S/VINCULO;5229,77;;5229,77;650,94;4578,83;
DORVALINA NERY DE ALBUQUERQUE;PESSOAL PROC.DE APOSENTADORIA;ASSISTENTE TECNICO 1A CLASSE;; ESTATUTARIO;1963,88;;1963,88;216,03;1747,85;
EDIELSON BARROSO BRAGA;DEPARTAMENTO TECNICO;EDITOR DE IMAGEM;; ESTATUTARIO;2108,87;;2108,87;231,98;1876,89;
EDILENE DE ALMEIDA BARBOSA;DEPTO.PRODUCAO/PROGRAMACAO;JORNALISTA;CH.DEPARTAMENTO AD1; ESTATUTARIO;2829,88;;2829,88;328,95;2500,93;
EDILSON BEZERRA DE SOUZA JUNIOR;DEPARTAMENTO TECNICO;CINEGRAFISTA;; ESTATUTARIO;2108,87;;2108,87;231,98;1876,89;
EDIMAR FEITOSA DA SILVA;DEPARTAMENTO ADMINISTRATIVO;ASSISTENTE TECNICO 2A CLASSE;; ESTATUTARIO;3379,07;;3379,07;346,83;3032,24;
EDSON DA SILVA TAPAJOS;DEPARTAMENTO TECNICO;OPERADOR 2A CLASSE;; ESTATUTARIO;1892,73;;1892,73;208,20;1684,53;
EDSON DOS SANTOS;DEPARTAMENTO TECNICO;LOCUTOR NOTICIARISTA RD;CHEFE DE REPOR FG 03; C.L.T.;2327,79;;2327,79;198,70;2129,09;
EDSON LEITE RAPOSO;DEPARTAMENTO TECNICO;OPERADOR DE MASTERCONTROL;; ESTATUTARIO;2010,65;;2010,65;221,17;1789,48;
ELIANA LEDA DE SOUZA RAMOS;DEPARTAMENTO ADMINISTRATIVO;CHEFE DE DEPARTAMENTO AD-1;CHFE DE DPTO AD 1; CARGO COMISSION.S/VINCULO;5229,77;;5229,77;986,40;4243,37;
ELINEY JOSE ZACARIAS;DEPARTAMENTO TECNICO;GERENTE AD-2;GERENTE AD-2; CARGO COMISSION.S/VINCULO;4209,79;;4209,79;670,28;3539,51;
EMIR FADOUL SOBREIRA;DEPARTAMENTO TECNICO;LOCUTOR OPERADOR DE RADIO;; ESTATUTARIO;1697,07;;1697,07;186,68;1510,39;
ENEIAS GOIS DE FARIAS;DEPARTAMENTO ADMINISTRATIVO;MOTORISTA;CHEFE DE SEÇ FG 03; C.L.T.;2327,79;;2327,79;198,70;2129,09;
ERLAN LEAL NEGREIROS;DEPARTAMENTO TECNICO;OPERADOR DE TRANSM.RD;OPERADOR DE TRANSM; ESTATUTARIO;1355,33;;1355,33;144,12;1211,21;
EUDSON MONTEIRO DE LIMA;DEPARTAMENTO TECNICO;OPERADOR DE AUDIO DE TV;; C.L.T.;1436,67;;1436,67;85,96;1350,71;
EUROS MAIA BARBOSA;DEPTO.PRODUCAO/PROGRAMACAO;ASSESSOR II AD-2;; CARGO COMISSION.S/VINCULO;5219,58;;5219,58;955,81;4263,77;
EVANDRO DA SILVA LOBO;DEPTO.PRODUCAO/PROGRAMACAO;EDITOR DE JORNALISMO;; C.L.T.;1517,53;;1517,53;111,80;1405,73;
FERNANDA PATRICIA DE SOUZA NUNES;DEPARTAMENTO ADMINISTRATIVO;AUXILIAR ADMINISTRATIVO;CHEF DE DIV FG 02; C.L.T.;2930,00;;2930,00;323,87;2606,13;
FERNANDO PESSOA REIS;DEPTO.PRODUCAO/PROGRAMACAO;GERENTE AD-2;GERENTE AD 2; CARGO COMISSION.S/VINCULO;2609,79;;2609,79;270,20;2339,59;
FRANCISCO ARMINDO PEREIRA JUNIOR;DEPARTAMENTO ADMINISTRATIVO;AUXILIAR DE SERVICOS GERAIS;AUX SERV GERAIS; ESTATUTARIO;1228,02;;1228,02;117,08;1110,94;
FRANCISCO CARLOS NUNES DE ALMEIDA;DEPARTAMENTO TECNICO;AUXILIAR DE CINEGRAFISTA;CHEFE DE SEÇ FG 03; C.L.T.;2327,79;;2327,79;198,70;2129,09;
FRANCISCO DAS CHAGAS BARROSO PINHO;DEPARTAMENTO TECNICO;CINEGRAFISTA;CHEF DE JORN FG 01; C.L.T.;3669,47;;3669,47;440,35;3229,12;
FRANCISCO DE NAZARENO R SILVA;DEPARTAMENTO TECNICO;AUXILIAR DE CINEGRAFISTA;; C.L.T.;1254,99;;1254,99;77,42;1177,57;
FRANCISCO SALVIO SANTOS C BRANCO;DEPARTAMENTO TECNICO;LOCUTOR NOTICIARISTA RD;SECRETA DA DIR FG 03; C.L.T.;2327,79;;2327,79;198,70;2129,09;
FRANCKLIN SOPRANO DE MOURA;DEPARTAMENTO TECNICO;CINEGRAFISTA;CINEGRAFISTA; ESTATUTARIO;2108,87;;2108,87;231,98;1876,89;
GEORGETON SOUZA OLIVEIRA;DEPARTAMENTO TECNICO;EDITOR DE IMAGEM;; C.L.T.;1511,61;;1511,61;97,95;1413,66;
GILMAR DE SOUZA MOREIRA;DEPARTAMENTO ADMINISTRATIVO;MOTORISTA;MOTORISTA; C.L.T.;1254,99;;1254,99;77,42;1177,57;
GRACA DE SOUZA LOBATO;DEPARTAMENTO ADMINISTRATIVO;AUXILIAR DE SERVICOS GERAIS;; C.L.T.;1197,20;;1197,20;72,80;1124,40;
GUSTAVO GRIJO VIEIRA;DEPARTAMENTO TECNICO;CINEGRAFISTA;CINEGRAFISTA; ESTATUTARIO;2811,83;;2811,83;270,24;2541,59;
HELEN KHRISTIAN CARDOSO CABRAL;DEPARTAMENTO ADMINISTRATIVO;AUXILIAR ADMINISTRATIVO;CHEF DE PROD FG 01; C.L.T.;3430,00;;3430,00;383,80;3046,20;
HELIO LAZARO DE AZEVEDO CHAGAS;DEPARTAMENTO TECNICO;DIRETOR DE IMAGEM;; C.L.T.;1344,41;;1344,41;93,55;1250,86;
HELIOMAR PACHECO DA SILVA;DEPARTAMENTO TECNICO;OPERADOR DE CARACTERES;OP.DE CARACTERES; C.L.T.;1436,94;;1436,94;91,97;1344,97;
HENRI CLAY DE VASCONCELOS S MATOS;DEPARTAMENTO TECNICO;CINEGRAFISTA;CINEGRAFISTA; ESTATUTARIO;2108,87;;2108,87;231,98;1876,89;
IBRAHIM OSSAME TAVARES;DEPTO.PRODUCAO/PROGRAMACAO;ASSESSOR III AD-3;; CARGO COMISSION.S/VINCULO;3191,80;;3191,80;422,40;2769,40;
IDELCY ANTONIETA PESSOA DA SILVA;DEPARTAMENTO ADMINISTRATIVO;CONTADOR;CONTADOR; ESTATUTARIO;2829,88;;2829,88;357,38;2472,50;
ILDECY BARBOSA DA SILVA;DEPARTAMENTO TECNICO;LOCUTOR NOTICIARISTA RD;; C.L.T.;1087,79;;1087,79;74,39;1013,40;
IRLANDINO GOMES DA SILVA;DEPARTAMENTO TECNICO;GERENTE AD-2;GERENTE AD-2; CARGO COMISSION.S/VINCULO;5613,05;;5613,05;927,72;4685,33;
IRVING MESQUITA DA ROCHA LIMA;DEPARTAMENTO TECNICO;OPERADOR DE MASTERCONTROL;OPER.DE MASTERC.; ESTATUTARIO;2010,65;;2010,65;199,32;1811,33;
JAIRO LOPES DE SA;DEPARTAMENTO TECNICO;OPERADOR DE CAM.ESTUDIO;; C.L.T.;1504,81;;1504,81;97,40;1407,41;
JAIRZINHO FREITAS DA SILVA;DEPARTAMENTO ADMINISTRATIVO;MOTORISTA CATEGORIA B;MOTORISTA; ESTATUTARIO;2128,75;;2128,75;216,61;1912,14;
JANIO DE SOUZA CRUZ;DEPARTAMENTO TECNICO;AUXILIAR DE CINEGRAFISTA;; C.L.T.;1254,99;;1254,99;75,90;1179,09;
JEAN PERES DE PAULA;DEPARTAMENTO TECNICO;EDITOR DE IMAGEM;; ESTATUTARIO;2108,87;;2108,87;231,98;1876,89;
JENNILSON JERRY FERREIRA DA SILVA;DEPARTAMENTO ADMINISTRATIVO;MOTORISTA CATEGORIA B;MOTORISTA CAT B; ESTATUTARIO;2128,75;;2128,75;210,76;1917,99;
JOAO BATISTA LIARTE DA CRUZ;DEPARTAMENTO TECNICO;CINEGRAFISTA;; C.L.T.;1467,74;;1467,74;91,95;1375,79;
JOAO BOSCO DA COSTA ARAUJO;DEPARTAMENTO TECNICO;ASSESSOR II AD-2;ASSESSOR II AD-2; CARGO COMISSION.S/VINCULO;4209,79;;4209,79;613,40;3596,39;
JOAO BOSCO DA SILVA MENDONCA;DEPARTAMENTO TECNICO;CINEGRAFISTA;SECRETA DA DIR FG 03; C.L.T.;2509,47;;2509,47;215,05;2294,42;
JOAO BOSCO FIGUEIREDO BATALHA;DEPARTAMENTO TECNICO;OPERADOR DE TRANSMISSOR RD/TV;COORD DE EST FG 03; C.L.T.;2270,00;;2270,00;193,50;2076,50;
JOAO BOSCO QUEIROZ;DEPARTAMENTO ADMINISTRATIVO;AUXILIAR DE SERVICOS GERAIS;; ESTATUTARIO;1228,02;;1228,02;135,08;1092,94;
JOAO DE DEUS DE SOUZA SEIXAS;DEPARTAMENTO TECNICO;OPERADOR DE CAM.ESTUDIO;; C.L.T.;1430,68;;1430,68;86,50;1344,18;
JOAO JOSE FERREIRA DE OLIVEIRA;DEPTO.PRODUCAO/PROGRAMACAO;PRODUTOR EXECUTIVO;; ESTATUTARIO;3017,41;;3017,41;390,53;2626,88;
JOEL DE SOUZA GOMES;DEPARTAMENTO TECNICO;OPERADOR DE AUDIO DE RD;; C.L.T.;1197,20;;1197,20;72,80;1124,40;
JOEL JOSE GODINHO RODRIGUES;DEPARTAMENTO ADMINISTRATIVO;CHEFE DE DEPARTAMENTO AD-1;; CARGO COMISSION.S/VINCULO;5229,77;;5229,77;986,40;4243,37;
JONIA QUEDMA FIGUEIRA CARVALHO;DEPTO.PRODUCAO/PROGRAMACAO;JORNALISTA;JORNALISTA; ESTATUTARIO;2829,88;;2829,88;311,29;2518,59;
JOSE CARLOS TAVARES DO MONTE;DEPARTAMENTO TECNICO;CINEGRAFISTA;; C.L.T.;1436,67;;1436,67;91,95;1344,72;
JOSE CLAITON DOS SANTOS GOMES;DEPTO.PRODUCAO/PROGRAMACAO;JORNALISTA;JORNALISTA; ESTATUTARIO;2829,88;;2829,88;357,38;2472,50;
JOSE EDNELSON WESEN MOREIRA;DEPARTAMENTO TECNICO;ASSESSOR I AD-1;ASSESSOR I AD-1; CARGO COMISSION.S/VINCULO;5229,77;;5229,77;858,43;4371,34;
JOSE JOCINEI DA SILVA DE JESUS;DEPARTAMENTO TECNICO;AUXILIAR DE OPERACOES;AUXILIAR OPERACOES; ESTATUTARIO;1483,92;;1483,92;157,79;1326,13;
JOSE LUIZ DE SOUZA GATO JUNIOR;DEPARTAMENTO TECNICO;CINEGRAFISTA;; ESTATUTARIO;2108,87;;2108,87;231,98;1876,89;
JOSE MARIA AMAZONAS DE MENEZES;DEPARTAMENTO TECNICO;ASSESSOR III AD-3;ASSESSOR III AD-3; CARGO COMISSION.S/VINCULO;2591,80;;2591,80;267,35;2324,45;
JOSE NELSON BARBOSA MELO FILHO;DEPARTAMENTO TECNICO;ASSESSOR II AD-2;; CARGO COMISSION.S/VINCULO;1699,79;;1699,79;152,98;1546,81;
JOSE NILSON CORDEIRO DE OLIVEIRA;DEPARTAMENTO TECNICO;PROFESSOR ADJUNTO;DIRETOR TECNICO; ESTATUTARIO;9000,00;;9000,00;1501,37;7498,63;
JOSE ROBERTO CASTILHO DE SOUZA;DEPARTAMENTO TECNICO;ASSISTENTE DE ESTUDIO;; C.L.T.;1496,98;;1496,98;95,42;1401,56;
JOSE TRINDADE GUIMARAES DE LIMA;DEPARTAMENTO TECNICO;OPERADOR DE AUDIO DE TV;; C.L.T.;1436,67;;1436,67;91,95;1344,72;
JOSINALDO MUNIZ DE OLIVEIRA;DEPARTAMENTO TECNICO;OPERADOR DE AUDIO DE TV;CHEFE DE SEÇ FG 03; C.L.T.;2509,47;;2509,47;215,05;2294,42;
JUCINEIDE GOMES DA SILVA;DEPTO.PRODUCAO/PROGRAMACAO;ASSISTENTE DE PRODUCAO;ASSIST.PRODUCAO; C.L.T.;1436,67;;1436,67;91,95;1344,72;
JULIO CESAR MACIEL BALBI;DEPARTAMENTO ADMINISTRATIVO;TECNICO 1A CLASSE;; ESTATUTARIO;2866,38;;2866,38;347,21;2519,17;
KJELD REIS SODRE;DEPARTAMENTO TECNICO;DIRETOR DE IMAGEM;CHEFE DE REPOR FG 03; C.L.T.;2584,41;;2584,41;221,79;2362,62;
KLEBER MORAES LOPES;DEPARTAMENTO ADMINISTRATIVO;GERENTE AD-2;GERENTE AD-2; CARGO COMISSION.S/VINCULO;2609,79;;2609,79;234,88;2374,91;
LAIS FERNANDA BORGES DE MORAES;DEPTO.PRODUCAO/PROGRAMACAO;JORNALISTA;JORNALISTA; ESTATUTARIO;2829,88;;2829,88;343,17;2486,71;
LAYZE ZAGURY DOS REIS;DEPARTAMENTO TECNICO;PRODUTOR EXECUTIVO;; ESTATUTARIO;3004,24;;3004,24;388,20;2616,04;
LEONAM DE OLIVEIRA QUEIROZ;DEPARTAMENTO TECNICO;EDITOR DE IMAGEM;EDITOR DE IMAGEM; ESTATUTARIO;2108,87;;2108,87;185,58;1923,29;
LIDIA DE OLIVEIRA FERREIRA;DEPTO.PRODUCAO/PROGRAMACAO;ASSESSOR II AD-2;; CARGO COMISSION.S/VINCULO;4209,79;;4209,79;670,28;3539,51;
LILIANE MONTEIRO MAIA;DEPTO.PRODUCAO/PROGRAMACAO;DIRETOR DE PRODUCAO E PROGRAMACAO;DIR.DE PROD.E PROG.; CARGO COMISSION.S/VINCULO;9000,00;;9000,00;2046,76;6953,24;
LINDERJANE MARIA DE OLIVEIRA M LIMA;DEPARTAMENTO ADMINISTRATIVO;ASSISTENTE ADMINISTRATIVO;CHEF DE DIV FG 02; C.L.T.;3326,85;;3326,85;379,79;2947,06;
LUANA DE OLIVEIRA CHAVES;DEPTO.PRODUCAO/PROGRAMACAO;ASSESSOR II AD-2;ASSESSOR II AD-2; CARGO COMISSION.S/VINCULO;1699,79;;1699,79;152,98;1546,81;
LUCINHA FERREIRA DA SILVA;DEPARTAMENTO TECNICO;OPERADOR DE VIDEOTAPE;OP.DE VIDEOTAPE; C.L.T.;1254,99;;1254,99;69,85;1185,14;
LUIS GUSTAVO DE ALMEIDA DAMACENA;DEPARTAMENTO TECNICO;ILUMINADOR;; ESTATUTARIO;1735,28;;1735,28;190,88;1544,40;
LUIZ CARLOS RODRIGUES LIMA;DEPARTAMENTO TECNICO;AUXILIAR DE CINEGRAFISTA;; C.L.T.;1475,32;;1475,32;92,56;1382,76;
MARCIO CONCEICAO BRASIL;DEPARTAMENTO TECNICO;OPERADOR DE AUDIO DE TV;; ESTATUTARIO;1857,75;;1857,75;204,35;1653,40;
MARCO ANTONIO ADOLFS;DEPTO.PRODUCAO/PROGRAMACAO;PRODUTOR EXECUTIVO DE TV;PROD. EXECUTIVO TV; ESTATUTARIO;2829,88;;2829,88;357,38;2472,50;
MARCOS ANTONIO SARMENTO DOS REIS;DEPARTAMENTO TECNICO;OPERADOR DE AUDIO DE TV;SECRETA DA DIR FG 03; C.L.T.;2509,47;;2509,47;215,05;2294,42;
MARCOS WANDERLAN FEITOSA DE MORAES;DEPARTAMENTO TECNICO;OPERADOR DE VIDEOTAPE;OPER.DE VIDEOTAPE; ESTATUTARIO;1697,07;;1697,07;186,68;1510,39;
MARDEN JEFITE ROCHA GUEDES;DEPARTAMENTO TECNICO;ASSISTENTE DE ESTUDIO;ASSIST DE ESTUDIO; ESTATUTARIO;1355,33;;1355,33;149,09;1206,24;
MARIA CRISTINA SOUTO BARBOSA;DEPARTAMENTO ADMINISTRATIVO;PRODUTOR EXECUTIVO;; ESTATUTARIO;4767,81;;4767,81;688,78;4079,03;
MARIA DAS GRACAS COSTA COUTO;DEPARTAMENTO TECNICO;SUPERVISOR DE OPERACOES;; ESTATUTARIO;1871,96;;1871,96;205,92;1666,04;
MARIA DE FATIMA SANTAGATA;DEPTO.PRODUCAO/PROGRAMACAO;CHEFE DE DEPARTAMENTO AD-1;CHEFE DE DPTO. AD-1; CARGO COMISSION.S/VINCULO;5229,77;;5229,77;986,40;4243,37;
MARIA DE FATIMA SANTOS DE MENEZES;DEPARTAMENTO ADMINISTRATIVO;AUXILIAR ADMINISTRATIVO;CHEF DE OPER FG 01; C.L.T.;3430,00;;3430,00;383,80;3046,20;
MARIA DE JESUS DE SOUZA NASCIMENTO;DEPARTAMENTO ADMINISTRATIVO;AUXILIAR DE SERVICOS GERAIS;; C.L.T.;1197,20;;1197,20;72,80;1124,40;
MARIA DE LOURDES SANTOS DA ROCHA;DEPARTAMENTO ADMINISTRATIVO;AUXILIAR ADMINISTRATIVO;CHEF DE DIV FG 02; C.L.T.;3733,33;;3733,33;465,85;3267,48;
MARIA DOROTEIA XAVIER DE OLIVEIRA;DEPARTAMENTO ADMINISTRATIVO;AUXILIAR DE SERVICOS GERAIS;AUX. SERVICOS GERAIS; C.L.T.;1197,20;;1197,20;72,80;1124,40;
MARIA LUCY PEREIRA RODRIGUES;DEPTO.PRODUCAO/PROGRAMACAO;JORNALISTA;JORNALISTA; ESTATUTARIO;2829,88;;2829,88;357,38;2472,50;
MARIA SILENE SOUTO DE MENEZES;DEPARTAMENTO TECNICO;ASSISTENTE DE PRODUCAO 2A CLASSE;; ESTATUTARIO;1871,96;;1871,96;205,92;1666,04;
MARIA SUELEN RIBEIRO DOS REIS;DEPTO.PRODUCAO/PROGRAMACAO;JORNALISTA;JORNALISTA; ESTATUTARIO;2829,88;;2829,88;343,17;2486,71;
MARIA VANDA LOPES DE ALMEIDA;DEPARTAMENTO ADMINISTRATIVO;AUXILIAR DE SERVICOS GERAIS;AUX. SERVICOS GERAIS; C.L.T.;1197,20;;1197,20;72,80;1124,40;
MARIO JEFFERSON SANTANA DA SILVA;DEPARTAMENTO TECNICO;TECNICO EM ELETRONICA;CHEF DE DIV FG 02; C.L.T.;3417,53;;3417,53;381,59;3035,94;
MARIO JORGE DE MACEDO BRINGEL;DIRETORIA ADMINISTRATIVA;DIRETOR ADMINISTRATIVO E FINANCEIRO;DIRETOR ADM. FINANC.; CARGO COMISSION.S/VINCULO;9000,00;;9000,00;1994,62;7005,38;
MARLUCIA DOS SANTOS OLIVEIRA MIGUEL;DEPARTAMENTO ADMINISTRATIVO;AUXILIAR DE SERVICOS GERAIS;; C.L.T.;1228,27;;1228,27;72,80;1155,47;
MAX LANDYO NUNES VITAL;DEPARTAMENTO TECNICO;EDITOR DE IMAGEM;; C.L.T.;1511,61;;1511,61;89,15;1422,46;
MAXMOR NUNES DE SOUZA;DEPARTAMENTO TECNICO;EDITOR DE IMAGEM;; ESTATUTARIO;2113,55;;2113,55;232,49;1881,06;
MICHELE RODRIGUES MORAES;DEPTO.PRODUCAO/PROGRAMACAO;ASSESSOR I AD-1;; CARGO COMISSION.S/VINCULO;5229,77;;5229,77;815,77;4414,00;
MILTON CORREA XAVIER;DEPTO.PRODUCAO/PROGRAMACAO;PRODUTOR EXECUTIVO;; ESTATUTARIO;3220,61;;3220,61;429,42;2791,19;
MONICA CORDEIRO PEREIRA;DEPTO.PRODUCAO/PROGRAMACAO;PRODUTOR EXECUTIVO DE TV;; ESTATUTARIO;2829,88;;2829,88;357,38;2472,50;
NASSON SAMPAIO DE SOUZA;DEPARTAMENTO TECNICO;AUXILIAR DE CINEGRAFISTA;; C.L.T.;1254,99;;1254,99;77,42;1177,57;
NAUZILA VIRGINIA PRESTES C CAMPOS;DEPARTAMENTO TECNICO;LOCUTOR NOTICIARISTA;GERENTE AD2; ESTATUTARIO;4697,07;;4697,07;565,39;4131,68;
NOE SILVA DE SA;DEPARTAMENTO ADMINISTRATIVO;MOTOCICLISTA;; C.L.T.;1671,37;;1671,37;110,73;1560,64;
OMAR DE OLIVEIRA GUSMAO JUNIOR;DEPTO.PRODUCAO/PROGRAMACAO;CHEFE DE DEPARTAMENTO AD-1;CHEFE DE DPTO AD-1; CARGO COMISSION.S/VINCULO;5229,77;;5229,77;986,40;4243,37;
ORION JOSE CARDOSO;DEPARTAMENTO TECNICO;GERENTE AD-2; GERENTE AD-2; CARGO COMISSION.S/VINCULO;4209,79;;4209,79;670,28;3539,51;
ORLANDINA DE FREITAS AZEVEDO;DEPTO.PRODUCAO/PROGRAMACAO;PRODUTOR EXECUTIVO;; ESTATUTARIO;3819,81;;3819,81;486,03;3333,78;
ORLANDO JUNHO ALBUQUERQUE;DEPARTAMENTO TECNICO;OPERADOR DE VIDEOTAPE;OPER.DE VIDEOTAPE; ESTATUTARIO;1697,07;;1697,07;186,68;1510,39;
PAULO BRANDAO RIBEIRO;DEPARTAMENTO TECNICO;TECNICO 3A CLASSE;; ESTATUTARIO;3813,82;;3813,82;485,58;3328,24;
PAULO CESAR AMORIM DE MIRANDA;DEPARTAMENTO TECNICO;OPERADOR DE CAM.ESTUDIO;; C.L.T.;1368,54;;1368,54;86,50;1282,04;
PAULO DARLAN SILVA DOS SANTOS;DEPARTAMENTO TECNICO;OPERADOR DE CAMARA DE VIDEO;OP. DE CAMARA DE VID; ESTATUTARIO;1857,75;;1857,75;204,35;1653,40;
PAULO ROBERTO SIQUEIRA DOS SANTOS;DEPARTAMENTO TECNICO;LOCUTOR NOTICIARISTA RD;; C.L.T.;1286,06;;1286,06;77,42;1208,64;
PAULO SERGIO NEGRAO SOARES;DEPARTAMENTO TECNICO;AUXILIAR DE CINEGRAFISTA;CHEFE DE SEÇ FG 03; C.L.T.;1599,60;;1599,60;92,56;1507,04;
PEDRO MACHADO MARTINS JUNIOR;DEPARTAMENTO ADMINISTRATIVO;MOTORISTA CATEGORIA D;MOTORISTA CAT. D; ESTATUTARIO;2128,75;;2128,75;234,16;1894,59;
PEDRO NETO BENTES MONTEIRO;DEPARTAMENTO TECNICO;ILUMINADOR;ILUMINADOR; ESTATUTARIO;1735,28;;1735,28;190,88;1544,40;
RAFAEL SILVA DE ARAUJO;DEPTO.PRODUCAO/PROGRAMACAO;ASSESSOR III AD-3;; CARGO COMISSION.S/VINCULO;3191,80;;3191,80;422,40;2769,40;
RAIMUNDO JOSE FERREIRA DA COSTA;DEPARTAMENTO TECNICO;LOCUTOR NOTICIARISTA RD;; C.L.T.;1254,99;;1254,99;77,42;1177,57;
RAMILSON RODRIGUES ALVES;DEPARTAMENTO ADMINISTRATIVO;ASSISTENTE ADMINISTRATIVO;ASS. ADMINISTRATIVO; ESTATUTARIO;1937,65;;1937,65;213,14;1724,51;
RAMONA SPENER GOMES PINHEIRO;DEPTO.PRODUCAO/PROGRAMACAO;ASSESSOR II AD-2;ASSESSOR II AD-2; CARGO COMISSION.S/VINCULO;4209,79;;4209,79;613,40;3596,39;
RENAN NAZARE MORAES;DEPARTAMENTO TECNICO;EDITOR DE IMAGEM;EDITOR DE IMAGEM; ESTATUTARIO;2108,87;;2108,87;216,51;1892,36;
RICARDO QUEIROZ MAGALHAES;DEPARTAMENTO TECNICO;TECNICO EM MANUTENCAO;; ESTATUTARIO;2108,87;;2108,87;231,98;1876,89;
ROBERTA CAVALCANTE DA FONSECA;DEPARTAMENTO TECNICO;EDITOR DE IMAGEM;EDITOR DE IMAGENS; ESTATUTARIO;2108,87;;2108,87;231,98;1876,89;
RODRIGO MOTTA FERREIRA;DEPARTAMENTO ADMINISTRATIVO;MOTORISTA CATEGORIA B;MOTORISTA CAT B; ESTATUTARIO;2838,33;;2838,33;258,23;2580,10;
ROSANGELA DOVAL DE ALMEIDA;DEPTO.PRODUCAO/PROGRAMACAO;ASSISTENTE DE PRODUCAO;; C.L.T.;1436,67;;1436,67;91,95;1344,72;
RUI DA SILVEIRA MENEZES;DEPARTAMENTO TECNICO;EDITOR DE VT 1A CLASSE;; ESTATUTARIO;2236,80;;2236,80;246,05;1990,75;
SAID PEREIRA HOSSARY;DEPARTAMENTO ADMINISTRATIVO;GERENTE AD-2;GERENTE AD-2; CARGO COMISSION.S/VINCULO;2609,79;;2609,79;270,20;2339,59;
SAMIA MARA DA SILVA MENEZES;DEPARTAMENTO TECNICO;OPERADOR DE MASTERCONTROL;; C.L.T.;1436,67;;1436,67;91,95;1344,72;
SEBASTIAO NOGUEIRA DE MEDEIROS;DEPARTAMENTO ADMINISTRATIVO;AUXILIAR DE SERVICOS GERAIS;; C.L.T.;1197,20;;1197,20;72,80;1124,40;
SERGIO LUIZ GARCEZ TEIXEIRA;DEPTO.PRODUCAO/PROGRAMACAO;CHEFE DE GABINETE AD-1;CH.DE GABINETE AD-1; CARGO COMISSION.S/VINCULO;5229,77;;5229,77;943,74;4286,03;
SIDOMIR MATOS DA SILVA;DEPARTAMENTO TECNICO;OPERADOR DE CAM.ESTUDIO;; C.L.T.;1399,61;;1399,61;82,87;1316,74;
SONIA MARIA GUIMARAES COSTA;DEPARTAMENTO TECNICO;PROGRAMADOR DE RADIO;CHEFE DE REPOR FG 03; C.L.T.;2327,79;;2327,79;198,70;2129,09;
SUELI APARECIDA ANTUNES DOS SANTOS;DEPTO.PRODUCAO/PROGRAMACAO;ASSISTENTE DE PRODUCAO;CHEFE DE SEÇ FG 03; C.L.T.;2509,47;;2509,47;215,05;2294,42;
TEREZINHA PATRICIA VIANA DE SOUZA;DEPTO.PRODUCAO/PROGRAMACAO;EDITOR DE JORNALISMO;CHEFE DE SEÇ FG 03; C.L.T.;1517,53;;1517,53;111,80;1405,73;
ULISSES HERMESON CASTRO DE FARIAS;DEPARTAMENTO TECNICO;EDITOR DE IMAGEM;EDITOR DE IMAGEM; ESTATUTARIO;2811,83;;2811,83;193,31;2618,52;
VANESSA DA SILVA MIRANDA;DEPARTAMENTO ADMINISTRATIVO;ASSISTENTE ADMINISTRATIVO;ASSIST.ADMINISTRAT.; ESTATUTARIO;1937,65;;1937,65;213,14;1724,51;
VIVIANE DO NASCIMENTO CARIOLANO;DEPTO.PRODUCAO/PROGRAMACAO;ASSESSOR II AD-2;; CARGO COMISSION.S/VINCULO;2609,79;;2609,79;270,20;2339,59;
WANIA TEREZA DE ASSIS LOPES;PRESIDENCIA;DIRETOR PRESIDENTE;DRTOR PRESIDENTE; CARGO COMISSION.S/VINCULO;11700,00;;11700,00;2684,98;9015,02;
WELDER ALVES PEDROSO;DEPTO.PRODUCAO/PROGRAMACAO;VIDEO DESIGNER;ASSESSOR I AD-1; ESTATUTARIO;7108,87;;7108,87;1253,76;5855,11;
