NOME;LOTACAO;CARGO;FUNCAO;VINCULO;REMUNERACAO LEGAL TOTAL(R$);DESC.TETO(R$); REMUNERACAO LEGAL DEVIDA(R$);DESCONTOS LEGAIS(R$);LIQUIDO DISPONIVEL(R$);
ACINEIDE DA MOTA OLIVEIRA;ASSESSORIA;SARGENTO 3;ASSESSOR I AD-1; ESTATUTARIO;5000,00;;5000,00;505,64;4494,36;
ADOLFO MARDONIO OLIVEIRA ROCHA;DEPTO.DE TRANSP.E COMUNICACAO;PILOTO DE AERONAVE;PILOTO DE AERONAVES; ESTATUTARIO;12000,00;;12000,00;3387,64;8612,36;
ALEILSON MARTINS DA SILVA;ASSESSORIA;CABO;CONSULT.TECNICO III; ESTATUTARIO;5000,00;;5000,00;453,50;4546,50;
AMIN SAVIO OLIVEIRA DE ARAUJO;DEPTO.DE TRANSP.E COMUNICACAO;PILOTO DE AERONAVE;PILOTO DE AERONAVES; ESTATUTARIO;7500,00;;7500,00;1791,27;5708,73;
ANISIO SALDANHA MARQUES;DEPTO.DE TRANSP.E COMUNICACAO;PILOTO DE AERONAVE;; ESTATUTARIO;7500,00;;7500,00;1176,96;6323,04;
ANTONIO CARLOS PICANCO RODRIGUES;ASSESSORIA;ASSESSOR III AD-3;; CARGO COMISSION.S/VINCULO;3209,79;;3209,79;426,78;2783,01;
ANTONIO MARCUS SILVA MACIEL;GERENCIA DE OPERAC.SEG.PESSOAL;CABO;GERENTE AD-2; ESTATUTARIO;4000,00;;4000,00;221,21;3778,79;
ANTONIO RIBEIRO DA SILVA;ASSESSORIA;SARGENTO 2;ASSESSOR II AD-2; ESTATUTARIO;4000,00;;4000,00;131,45;3868,55;
ANTONIO RICARDO NASCIMENTO VITAL;GERENCIA DE OPERAC.SEG.PESSOAL;SOLDADO;GERENTE AD-2; ESTATUTARIO;5333,33;;5333,33;597,31;4736,02;
ANTONIO SILVA DE SOUZA;GERENCIA DE OPERAC.SEG.PESSOAL;CABO;GERENTE AD-2; ESTATUTARIO;4000,00;;4000,00;263,87;3736,13;
CARLOS ELIAS LISBOA MENDONCA JUNIOR;ASSESSORIA;CABO;ASSESSOR II AD2; ESTATUTARIO;4000,00;;4000,00;188,32;3811,68;
CARLOS HUDSON DE SOUZA BESSA;ASSESSORIA;SOLDADO;ASSESSOR III AD3; ESTATUTARIO;3000,00;;3000,00;95,20;2904,80;
CAROLINA RIBEIRO DE CARVALHO;ASSESSORIA;ASSESSOR I AD-1;; CARGO COMISSION.S/VINCULO;5229,77;;5229,77;943,74;4286,03;
CELIO RICARDO CARDOSO COLARES;DEPTO.DE TRANSP.E COMUNICACAO;SARGENTO 3;BATEDOR FG-1; ESTATUTARIO;2400,00;;2400,00;;2400,00;
CELIO ROBERTO BERTINO DOS SANTOS;AJUDANCIA DE ORDENS;MAJOR;AJUDANTE ORDEM AD-1; ESTATUTARIO;5000,00;;5000,00;360,90;4639,10;
CINTIA GERALDA OLIVEIRA FRAGA;ASSESSORIA;SARGENTO 3;ASSESSOR II AD-2; ESTATUTARIO;4000,00;;4000,00;221,21;3778,79;
CLAUDIONOR DE ARAUJO TEIXEIRA;ASSESSORIA;SARGENTO 2;ASSESSOR AD-2; ESTATUTARIO;4000,00;;4000,00;221,21;3778,79;
ELISANDRO BRITO DE ANDRADE;ASSESSORIA;CABO;ASSESSOR II AD-2; ESTATUTARIO;4000,00;;4000,00;263,87;3736,13;
EMERSON ALMEIDA DE OLIVEIRA;ASSESSORIA;SARGENTO 3;ASSESSOR I AD1; ESTATUTARIO;5000,00;;5000,00;505,64;4494,36;
ENILTO DE LIMA PEREIRA;AJUDANCIA DE ORDENS;TENENTE 2;AJUD.DE ORDEM-AD-1; ESTATUTARIO;5000,00;;5000,00;360,90;4639,10;
ERNESTO LOPES DUTRA;ASSESSORIA;ASSESSOR I AD-1;; CARGO COMISSION.S/VINCULO;5229,77;;5229,77;986,40;4243,37;
ETEMILDE ARAUJO FERREIRA;DEPTO.DE TRANSP.E COMUNICACAO;SARGENTO 2;BATEDOR FG-1; ESTATUTARIO;3200,00;;3200,00;96,76;3103,24;
EVERTON LUIZ DE LIMA SIQUEIRA;ASSESSORIA;CABO;ASSESSOR II AD-2; ESTATUTARIO;4000,00;;4000,00;188,32;3811,68;
FRANCISCO ARMANDO TELLES VIANA;ASSESSORIA;SARGENTO 2;ASSESSOR II AD-2; ESTATUTARIO;4000,00;;4000,00;263,87;3736,13;
FRANCISCO DAS CHAGAS DA SILVA;ASSESSORIA;SARGENTO 2;ASSESSOR I AD1; ESTATUTARIO;5000,00;;5000,00;453,50;4546,50;
FRANCISCO DAS CHAGAS LACERDA RAMOS;ASSESSORIA;CABO;ASSESSOR II AD2; ESTATUTARIO;4000,00;;4000,00;263,87;3736,13;
FRANCISCO JOSE DA SILVA FERNANDES;DEPTO.DE TRANSP.E COMUNICACAO;CO-PILOTO DE AERONAVE;CO PILOTO AERONAVE; ESTATUTARIO;7200,00;;7200,00;1684,84;5515,16;
FRANCISCO PASSOS LOPES;SUBCHEFIA;MAJOR;SECRETARIO EXECUTIVO; ESTATUTARIO;9900,00;;9900,00;1592,45;8307,55;
FREDSON CARVALHO DA SILVA;SUBCHEFIA;MAJOR;SEC.EXEC.CORDENACAO; ESTATUTARIO;9900,00;;9900,00;1853,14;8046,86;
GEORGE LUCIO NASCIMENTO BRITO;GERENCIA DE OPERAC.SEG.PESSOAL;CABO;GERENTE AD-2; ESTATUTARIO;5333,33;;5333,33;493,03;4840,30;
GERALDO VERAS DEL CASTILHO NETO;ASSESSORIA;SARGENTO 2;ASSESSOR III AD3; ESTATUTARIO;3000,00;;3000,00;67,98;2932,02;
GERSILEY NOGUEIRA DA SILVA;ASSESSORIA;CABO;ASSESSOR I AD1; ESTATUTARIO;6666,67;;6666,67;963,97;5702,70;
GILBER TAVARES DE OLIVEIRA;ASSESSORIA;SARGENTO 2;ASSESSOR III AD3; ESTATUTARIO;3000,00;;3000,00;53,76;2946,24;
GILDO LOPES DA SILVA;ASSESSORIA;CABO;ASSESSOR TECNICO; ESTATUTARIO;6000,00;;6000,00;780,64;5219,36;
GUILHERME JOSE SETTE JUNIOR;SUBCHEFIA;CAPITAO;SECRET.EXEC. ADJUNTO; ESTATUTARIO;8100,00;;8100,00;1201,73;6898,27;
HELIO MONTEIRO MOTA;GERENCIA DE OPERAC.SEG.PESSOAL;CABO;GERENTE AD-2; ESTATUTARIO;5333,33;;5333,33;597,31;4736,02;
HERALDO RICHARDSON M A TEIXEIRA;DEPTO.DE SEGURANCA PESSOAL;TENENTE 1;CHEFE DE DPTO AD-1; ESTATUTARIO;5000,00;;5000,00;360,90;4639,10;
HERONILDO MONTEIRO DA SILVA;ASSESSORIA;CABO;ASSESSOR II AD2; ESTATUTARIO;5333,33;;5333,33;493,03;4840,30;
HEYDER WESLEY SILVA DE MELLO ROSAS;ASSESSORIA;CABO;ASSESSOR II AD-2; ESTATUTARIO;4000,00;;4000,00;221,21;3778,79;
IRAILTON VASCONCELOS DIAS;ASSESSORIA;CABO;CB PM; ESTATUTARIO;4000,00;;4000,00;188,32;3811,68;
IVANILSON GOMES CASTRO;ASSESSORIA;SOLDADO;ASSESSOR TECNICO; ESTATUTARIO;6000,00;;6000,00;780,64;5219,36;
JEAN ROBERTH SILVA DO NASCIMENTO;ASSESSORIA;SOLDADO;ASSESSOR III AD 3; ESTATUTARIO;9000,00;;9000,00;1605,64;7394,36;
JEOVA NUNES LIMA;ASSESSORIA;CABO;ASSESSOR-I AD-1; ESTATUTARIO;5000,00;;5000,00;453,50;4546,50;
JESIEL SILVA DE OLIVEIRA;ASSESSORIA;SARGENTO 3;ASSESSOR II AD2; ESTATUTARIO;5333,33;;5333,33;393,24;4940,09;
JOAO NUNES DE LIMA;ASSESSORIA;CHEFE DE DEPARTAMENTO AD-1;CHEFE DE DEPTO AD-1; CARGO COMISSION.S/VINCULO;5229,77;;5229,77;986,40;4243,37;
JORCELIA FARIAS DANTAS PIRES;ASSESSORIA;ASSESSOR I AD-1;ASSESSOR I AD-1; CARGO COMISSION.S/VINCULO;5229,77;;5229,77;943,74;4286,03;
JOSE ALEXANDRE SALES DA SILVA;ASSESSORIA;CABO;ASSESSOR III AD3; ESTATUTARIO;3000,00;;3000,00;95,20;2904,80;
JOSE ISAQUE CARDOSO DO NASCIMENTO;ASSESSORIA;SARGENTO 2;ASSESOR II AD-2; ESTATUTARIO;4000,00;;4000,00;188,32;3811,68;
JOSE LUCIO VIANA DE FREITAS;ASSESSORIA;SARGENTO 3;ASSESSOR I AD1; ESTATUTARIO;5000,00;;5000,00;403,55;4596,45;
JOSE RICARDO MARTINS FERREIRA;DEPTO.DE TRANSP.E COMUNICACAO;SARGENTO 2;BATEDOR FG-1; ESTATUTARIO;2400,00;;2400,00;;2400,00;
JOSE RICARDO PEREIRA DE ARAUJO;ASSESSORIA;SARGENTO 3;ASSESSOR II AD-2; ESTATUTARIO;4000,00;;4000,00;263,87;3736,13;
JOSE TEIXEIRA DE ARAUJO NETO SANTOS;ASSESSORIA;ASSESSOR I AD-1;; CARGO COMISSION.S/VINCULO;5229,77;;5229,77;986,40;4243,37;
JULIO SERGIO COSTA DO NASCIMENTO;SUBCHEFIA ADJUNTA;TENENTE CORONEL;SECRETARIO EXEC.ADJN; ESTATUTARIO;8100,00;;8100,00;1149,59;6950,41;
LEONARDO LUIZ BARRETO PEIXOTO;GERENCIA DE OPERAC.SEG.PESSOAL;SOLDADO;GERENTE AD-2; ESTATUTARIO;5333,33;;5333,33;597,31;4736,02;
LITAIFF CRUZ LITAIFF;DEPTO.DE TRANSP.E COMUNICACAO;SARGENTO 2;BATEDOR FG-1; ESTATUTARIO;2400,00;;2400,00;;2400,00;
LUIZ CARLOS DE OLIVEIRA CUNHA;ASSESSORIA;SARGENTO 2;ASSESSOR I AD-1; ESTATUTARIO;5000,00;;5000,00;403,55;4596,45;
MANOEL FREITAS DUARTE;ASSESSORIA;CABO;ASSESSOR II AD-2; ESTATUTARIO;4000,00;;4000,00;263,87;3736,13;
MARCEL SANTOS DA SILVA;ASSESSORIA;SOLDADO;ASSESSOR I AD-1; ESTATUTARIO;5000,00;;5000,00;403,55;4596,45;
MARCOS CARVALHO DE OLIVEIRA;ASSESSORIA;CABO;ASSESSOR I AD1; ESTATUTARIO;5000,00;;5000,00;403,55;4596,45;
MARCOS MARINHO SANTIAGO DE JESUS;AJUDANCIA DE ORDENS;MAJOR;AJUDANDE DE ORDEM; ESTATUTARIO;5000,00;;5000,00;403,55;4596,45;
MICHEL ANDERSON ATAIDE;ASSESSORIA;CABO;ASSESSOR III AD-3; ESTATUTARIO;4416,66;;4416,66;;4416,66;
MICHEL DA SILVA PEREIRA;GERENCIA DE OPE.SEG.ESP.E INF.;CABO;GERENTE AD-2; ESTATUTARIO;4000,00;;4000,00;263,87;3736,13;
MOACIR CARMOS DOS SANTOS;ASSESSORIA;CABO;ASSESSOR II AD-2; ESTATUTARIO;4000,00;;4000,00;263,87;3736,13;
MOISES AZEVEDO MARINHO;ASSESSORIA;SARGENTO 2;ASSESSOR II AD2; ESTATUTARIO;4000,00;;4000,00;263,87;3736,13;
ORCILEY ALENCAR DE OLIVEIRA;DEPTO.DE TRANSP.E COMUNICACAO;MAJOR;CHEFE DE DPTO AD-1; ESTATUTARIO;5000,00;;5000,00;505,64;4494,36;
OSEIAS SOARES DA SILVA;DEPTO.DE TRANSP.E COMUNICACAO;SARGENTO 2;BATEDOR FG-1; ESTATUTARIO;2400,00;;2400,00;;2400,00;
PAULO ARAUJO MAIA;ASSESSORIA;TENENTE 1;ASSESSOR I AD-1; ESTATUTARIO;5000,00;;5000,00;360,90;4639,10;
PAULO CEZAR ARAUJO FERREIRA;ASSESSORIA;CABO;ASSESSOR I AD-1; ESTATUTARIO;5000,00;;5000,00;505,64;4494,36;
PAULO JOSE GOMES DA SILVA;ASSESSORIA;SARGENTO 3;ASSESSOR I AD-1; ESTATUTARIO;5000,00;;5000,00;505,64;4494,36;
PAULO MARCELO DO NASCIMENTO;DEPTO.DE TRANSP.E COMUNICACAO;PILOTO DE AERONAVE;; ESTATUTARIO;7500,00;;7500,00;1791,27;5708,73;
PAULO RICARDO RODRIGUES MELO;ASSESSORIA;SOLDADO;ASSESSOR I AD1; ESTATUTARIO;5000,00;;5000,00;505,64;4494,36;
PAULO ROBERTO FIGUEIREDO DE CASTRO;DEPTO.DE ADMINIST.E FINANCAS;TNS-II;CH.DE DPTO.AD-1; ESTATUTARIO;6437,58;;6437,58;718,85;5718,73;
PERICLES COUCEIRO ROMANO;DEPTO.DE TRANSP.E COMUNICACAO;PILOTO DE AERONAVE;; ESTATUTARIO;7500,00;;7500,00;1791,27;5708,73;
RAIMUNDO DE SOUZA MOREIRA;DEPTO.DE TRANSP.E COMUNICACAO;SARGENTO 2;BATEDOR FG-1; ESTATUTARIO;2400,00;;2400,00;;2400,00;
RAMON LEONEL DE BARROS;ASSESSORIA;CABO;ASSESSOR II AD-2; ESTATUTARIO;4000,00;;4000,00;263,87;3736,13;
REGINALDO DE ARAUJO BORGES;GERENCIA DE OPERAC.SEG.PESSOAL;CABO;GERENTE AD-2; ESTATUTARIO;4000,00;;4000,00;221,21;3778,79;
REGINALDO SANTOS DA ROCHA;ASSESSORIA;SARGENTO 3;ASSESSOR II AD2; ESTATUTARIO;5333,33;;5333,33;545,17;4788,16;
RICART CAMPOS MARQUES;ASSESSORIA;SARGENTO 3;ASSESSOR II AD-2; ESTATUTARIO;4000,00;;4000,00;221,21;3778,79;
RILDO GOMES DE MENEZES;GERENCIA DE OPE.SEG.ESP.E INF.;SARGENTO 3;GERENTE AD-2; ESTATUTARIO;4000,00;;4000,00;188,32;3811,68;
RONILDO RIBEIRO DE ARAUJO;ASSESSORIA;SARGENTO 3;ASSESSOR I AD-1; ESTATUTARIO;5000,00;;5000,00;275,58;4724,42;
ROUGET BRITO DE AGUIAR FILHO;ASSESSORIA;CAPITAO;ASSESSOR I AD-1; ESTATUTARIO;5000,00;;5000,00;505,64;4494,36;
SAMUEL VINENTE DE LIMA;GERENCIA DE OPERAC.SEG.PESSOAL;SOLDADO;GERENTE AD-2; ESTATUTARIO;4000,00;;4000,00;159,88;3840,12;
SANDRA MARIA BARROS NEGREIROS;GABINETE DO SECRETARIO;MAJOR;CHEFE DE GABINETE; ESTATUTARIO;5000,00;;5000,00;453,50;4546,50;
SANDRO JOSE HONORATO DE SOUZA;ASSESSORIA;SARGENTO 2;ASSESSOR II AD2; ESTATUTARIO;4000,00;;4000,00;103,01;3896,99;
TATIANE PILLAR MESSIAS COLARES;ASSESSORIA;SOLDADO;ASSESSOR II AD-2; ESTATUTARIO;4000,00;;4000,00;263,87;3736,13;
VALMIR BUENO DOS SANTOS;ASSESSORIA;SARGENTO 2;ASSESSOR II AD 2; ESTATUTARIO;4000,00;;4000,00;188,32;3811,68;
WALTER PENAFORT MONTEIRO FILHO;ASSESSORIA;CABO;ASSESSOR II AD2; ESTATUTARIO;4000,00;;4000,00;188,32;3811,68;
WALTERNY DE SOUZA FERREIRA;ASSESSORIA;ASSESSOR II;; CARGO COMISSION.S/VINCULO;5209,79;;5209,79;980,20;4229,59;
WENDERSON LOPES DE AZEVEDO;ASSESSORIA;CABO;ASSESSOR II AD2; ESTATUTARIO;4000,00;;4000,00;263,87;3736,13;
WILLIAM DE ALMEIDA LUCIO;ASSESSORIA;SOLDADO;ASSESSOR I AD1; ESTATUTARIO;5000,00;;5000,00;505,64;4494,36;
WILSON MARTINS DE ARAUJO;CHEFIA DA CASA MILITAR;CORONEL;SEC DE EST CH DA CM; ESTATUTARIO;10800,00;1508,13;9291,87;1529,49;7762,38;
