NOME;LOTACAO;CARGO;FUNCAO;VINCULO;REMUNERACAO LEGAL TOTAL(R$);DESC.TETO(R$); REMUNERACAO LEGAL DEVIDA(R$);DESCONTOS LEGAIS(R$);LIQUIDO DISPONIVEL(R$);
ADOLFO MARDONIO OLIVEIRA ROCHA;DEPTO.DE TRANSP.E COMUNICACAO;PILOTO DE AERONAVE;PILOTO DE AERONAVES; ESTATUTARIO;12000,00;;12000,00;3387,64;8612,36;
ALEXANDRE ANTONIO VALENTE MATOS;ASSESSORIA;CAPITAO;ASSESSOR I AD-1; ESTATUTARIO;4500,00;;4500,00;291,05;4208,95;
AMIN SAVIO OLIVEIRA DE ARAUJO;DEPTO.DE TRANSP.E COMUNICACAO;PILOTO DE AERONAVE;PILOTO DE AERONAVES; ESTATUTARIO;10000,00;;10000,00;2478,77;7521,23;
ANISIO SALDANHA MARQUES;DEPTO.DE TRANSP.E COMUNICACAO;PILOTO DE AERONAVE;; ESTATUTARIO;7500,00;;7500,00;1176,96;6323,04;
ANTONIO MARCUS SILVA MACIEL;GERENCIA DE OPERAC.SEG.PESSOAL;CABO;GERENTE AD-2; ESTATUTARIO;4000,00;;4000,00;221,21;3778,79;
ANTONIO RIBEIRO DA SILVA;ASSESSORIA;SARGENTO 2;ASSESSOR II AD-2; ESTATUTARIO;4000,00;;4000,00;131,45;3868,55;
ANTONIO SILVA DE SOUZA;GERENCIA DE OPERAC.SEG.PESSOAL;CABO;GERENTE AD-2; ESTATUTARIO;4000,00;;4000,00;263,87;3736,13;
ARYSTON JOSE MAFRA PONTES;ASSESSORIA;SARGENTO 3;ASSESSOR II, AD-2; ESTATUTARIO;3600,00;;3600,00;185,20;3414,80;
BRUNO HENRIQUE SABBA G PAULA;ASSESSORIA;ASSESSOR I AD-1;; CARGO COMISSION.S/VINCULO;4706,79;;4706,79;824,15;3882,64;
CARLOS EDUARDO MEDEIROS COSTEIRA;GERENCIA DE OPERAC.SEG.PESSOAL;CABO;GERENTE AD-2; ESTATUTARIO;3600,00;;3600,00;156,76;3443,24;
CARLOS EDUARDO TEIXEIRA FONSECA;ASSESSORIA;ASSESSOR TECNICO;; CARGO COMISSION.S/VINCULO;6066,66;;6066,66;1240,09;4826,57;
CARLOS ELIAS LISBOA MENDONCA JUNIOR;ASSESSORIA;CABO;ASSESSOR II AD2; ESTATUTARIO;4000,00;;4000,00;188,32;3811,68;
CARLOS JOSE DAMIAO DE OLIVEIRA;ASSESSORIA;ASSESSOR I AD-1;; CARGO COMISSION.S/VINCULO;4500,00;;4500,00;760,00;3740,00;
CELIO RICARDO CARDOSO COLARES;ASSESSORIA;SARGENTO 3;ASSESSOR II AD-2; ESTATUTARIO;4000,00;;4000,00;188,32;3811,68;
CELIO ROBERTO BERTINO DOS SANTOS;AJUDANCIA DE ORDENS;MAJOR;AJUDANTE ORDEM AD-1; ESTATUTARIO;5000,00;;5000,00;360,90;4639,10;
CEZAR GIL EVANGELISTA;ASSESSORIA;SARGENTO 2;ASSESSOR I, AD-1; ESTATUTARIO;4500,00;;4500,00;248,40;4251,60;
CINTIA GERALDA OLIVEIRA FRAGA;ASSESSORIA;SARGENTO 3;ASSESSOR II AD-2; ESTATUTARIO;4000,00;;4000,00;221,21;3778,79;
CLAUDIONOR DE ARAUJO TEIXEIRA;ASSESSORIA;SARGENTO 2;ASSESSOR AD-2; ESTATUTARIO;4000,00;;4000,00;221,21;3778,79;
DAMASSIRIO MAMED DAS CHAGAS FILHO;SUBCHEFIA;MAJOR;SECRETR.EXECUTIVO; ESTATUTARIO;7260,00;;7260,00;1127,14;6132,86;
EDUARDO REIS DA SILVA;SUBCHEFIA;TENENTE 2;ASSESSOR TECNICO; ESTATUTARIO;7020,00;;7020,00;1009,00;6011,00;
ELISANDRO BRITO DE ANDRADE;ASSESSORIA;CABO;ASSESSOR II AD-2; ESTATUTARIO;4000,00;;4000,00;263,87;3736,13;
EMERSON ALMEIDA DE OLIVEIRA;ASSESSORIA;SARGENTO 3;ASSESSOR II AD-2; ESTATUTARIO;4000,00;;4000,00;221,21;3778,79;
ENILTO DE LIMA PEREIRA;AJUDANCIA DE ORDENS;TENENTE 2;AJUD.DE ORDEM-AD-1; ESTATUTARIO;5000,00;;5000,00;360,90;4639,10;
EVERTON LUIZ DE LIMA SIQUEIRA;ASSESSORIA;CABO;ASSESSOR II AD-2; ESTATUTARIO;4000,00;;4000,00;188,32;3811,68;
FRANCISCO ARMANDO TELLES VIANA;ASSESSORIA;SARGENTO 2;ASSESSOR II AD-2; ESTATUTARIO;4000,00;;4000,00;263,87;3736,13;
FRANCISCO DAS CHAGAS DA SILVA;ASSESSORIA;SARGENTO 2;ASSESSOR I AD1; ESTATUTARIO;5000,00;;5000,00;453,50;4546,50;
FRANCISCO JOSE DA SILVA FERNANDES;DEPTO.DE TRANSP.E COMUNICACAO;CO-PILOTO DE AERONAVE;CO PILOTO AERONAVE; ESTATUTARIO;7200,00;;7200,00;1684,84;5515,16;
FREDSON CARVALHO DA SILVA;SUBCHEFIA;MAJOR;SEC.EXEC.CORDENACAO; ESTATUTARIO;9900,00;;9900,00;1853,14;8046,86;
GEORGE LUCIO NASCIMENTO BRITO;GERENCIA DE OPERAC.SEG.PESSOAL;CABO;GERENTE AD-2; ESTATUTARIO;4000,00;;4000,00;188,32;3811,68;
GERALDO VERAS DEL CASTILHO NETO;ASSESSORIA;SARGENTO 2;ASSESSOR III AD3; ESTATUTARIO;3000,00;;3000,00;67,98;2932,02;
GILBER TAVARES DE OLIVEIRA;ASSESSORIA;SARGENTO 2;ASSESSOR III AD3; ESTATUTARIO;3000,00;;3000,00;53,76;2946,24;
HELIO MONTEIRO MOTA;GERENCIA DE OPERAC.SEG.PESSOAL;CABO;GERENTE AD-2; ESTATUTARIO;4000,00;;4000,00;263,87;3736,13;
HERALDO RICHARDSON M A TEIXEIRA;DEPTO.DE SEGURANCA PESSOAL;TENENTE 1;CHEFE DE DPTO AD-1; ESTATUTARIO;5000,00;;5000,00;360,90;4639,10;
HERONILDO MONTEIRO DA SILVA;ASSESSORIA;CABO;ASSESSOR II AD2; ESTATUTARIO;4000,00;;4000,00;188,32;3811,68;
JEAN ROBERTH SILVA DO NASCIMENTO;ASSESSORIA;SOLDADO;ASSESSOR III AD 3; ESTATUTARIO;3000,00;;3000,00;95,20;2904,80;
JESIEL SILVA DE OLIVEIRA;ASSESSORIA;SARGENTO 3;ASSESSOR II AD2; ESTATUTARIO;4000,00;;4000,00;131,45;3868,55;
JESSE FERNANDES DO NASCIMENTO;ASSESSORIA;SARGENTO 3;ASSSESSOR I AD-1; ESTATUTARIO;4500,00;;4500,00;291,05;4208,95;
JOAO FREDERICO NASCIMENTO ARAUJO;ASSESSORIA;TENENTE 1;CH P3 UND OPER FG3; ESTATUTARIO;5200,00;;5200,00;456,37;4743,63;
JOAO MARIA OLIVEIRA CORDEIRO;ASSESSORIA;CABO;; ESTATUTARIO;4000,00;;4000,00;263,87;3736,13;
JOAO NUNES DE LIMA;ASSESSORIA;CHEFE DE DEPARTAMENTO AD-1;CHEFE DE DEPTO AD-1; CARGO COMISSION.S/VINCULO;5229,77;;5229,77;986,40;4243,37;
JORCELIA FARIAS DANTAS PIRES;ASSESSORIA;ASSESSOR I AD-1;ASSESSOR I AD-1; CARGO COMISSION.S/VINCULO;5229,77;;5229,77;943,74;4286,03;
JOSE ALEXANDRE SALES DA SILVA;ASSESSORIA;CABO;ASSESSOR III AD3; ESTATUTARIO;3000,00;;3000,00;95,20;2904,80;
JOSE ISAQUE CARDOSO DO NASCIMENTO;ASSESSORIA;SARGENTO 2;ASSESOR II AD-2; ESTATUTARIO;4000,00;;4000,00;188,32;3811,68;
JOSE LUCIO VIANA DE FREITAS;ASSESSORIA;SARGENTO 3;ASSESSOR I AD1; ESTATUTARIO;5000,00;;5000,00;403,55;4596,45;
JOSE RICARDO MARTINS FERREIRA;DEPTO.DE TRANSP.E COMUNICACAO;SARGENTO 2;BATEDOR FG-1; ESTATUTARIO;2400,00;;2400,00;;2400,00;
JOSE RICARDO PEREIRA DE ARAUJO;ASSESSORIA;SARGENTO 3;ASSESSOR II AD-2; ESTATUTARIO;4000,00;;4000,00;263,87;3736,13;
KAROLINE BULCAO COELHO DE MOURA;ASSESSORIA;SOLDADO;ASSESSOR I AD-1; ESTATUTARIO;4500,00;;4500,00;376,37;4123,63;
LANO FEITOSA XAUD;ASSESSORIA;SOLDADO;ASSESSOR II AD-2; ESTATUTARIO;4000,00;;4000,00;221,21;3778,79;
LEONARDO LUIZ BARRETO PEIXOTO;GERENCIA DE OPERAC.SEG.PESSOAL;SOLDADO;GERENTE AD-2; ESTATUTARIO;4000,00;;4000,00;263,87;3736,13;
LITAIFF CRUZ LITAIFF;DEPTO.DE TRANSP.E COMUNICACAO;SARGENTO 2;BATEDOR FG-1; ESTATUTARIO;2400,00;;2400,00;;2400,00;
MANOEL FREITAS DUARTE;ASSESSORIA;CABO;ASSESSOR II AD-2; ESTATUTARIO;4000,00;;4000,00;263,87;3736,13;
MARAN VALERIO PINTO;SUBCHEFIA;ASPIRANTE OFICIAL;SEC.EXECUTIVO ADJNT; ESTATUTARIO;7020,00;;7020,00;1061,14;5958,86;
MARCEL SANTOS DA SILVA;ASSESSORIA;SOLDADO;ASSESSOR I AD-1; ESTATUTARIO;5000,00;;5000,00;403,55;4596,45;
MARCOS CARVALHO DE OLIVEIRA;ASSESSORIA;CABO;ASSESSOR I AD1; ESTATUTARIO;5000,00;;5000,00;403,55;4596,45;
MARCOS MARINHO SANTIAGO DE JESUS;AJUDANCIA DE ORDENS;MAJOR;AJUDANDE DE ORDEM; ESTATUTARIO;5000,00;;5000,00;403,55;4596,45;
MARIO SILVA D'ALMEIDA NETO;ASSESSORIA;SOLDADO;ASSESSOR II AD-2; ESTATUTARIO;4000,00;;4000,00;263,87;3736,13;
MICHEL DA SILVA PEREIRA;GERENCIA DE OPE.SEG.ESP.E INF.;CABO;GERENTE AD-2; ESTATUTARIO;4000,00;;4000,00;263,87;3736,13;
MIGUEL MOUZINHO MARINHO;CHEFIA DA CASA MILITAR;TENENTE CORONEL;SEC.EST.CHEFE C.MILI; ESTATUTARIO;9720,00;170,98;9549,02;1600,21;7948,81;
MOACIR CARMOS DOS SANTOS;ASSESSORIA;CABO;ASSESSOR II AD-2; ESTATUTARIO;4000,00;;4000,00;263,87;3736,13;
MOISES AZEVEDO MARINHO;ASSESSORIA;SARGENTO 2;ASSESSOR II AD2; ESTATUTARIO;4000,00;;4000,00;263,87;3736,13;
ORCILEY ALENCAR DE OLIVEIRA;DEPTO.DE TRANSP.E COMUNICACAO;MAJOR;CHEFE DE DPTO AD-1; ESTATUTARIO;5000,00;;5000,00;505,64;4494,36;
OSEIAS SOARES DA SILVA;DEPTO.DE TRANSP.E COMUNICACAO;SARGENTO 2;BATEDOR FG-1; ESTATUTARIO;2400,00;;2400,00;;2400,00;
PAULO CEZAR ARAUJO FERREIRA;ASSESSORIA;CABO;ASSESSOR I AD-1; ESTATUTARIO;5000,00;;5000,00;505,64;4494,36;
PAULO JOSE DA COSTA CAVALCANTE;ASSESSORIA;CABO;ASSESSOR II AD-2; ESTATUTARIO;4000,00;;4000,00;221,21;3778,79;
PAULO JOSE GOMES DA SILVA;ASSESSORIA;SARGENTO 3;ASSESSOR I AD-1; ESTATUTARIO;5000,00;;5000,00;505,64;4494,36;
PAULO MARCELO DO NASCIMENTO;DEPTO.DE TRANSP.E COMUNICACAO;PILOTO DE AERONAVE;; ESTATUTARIO;7500,00;;7500,00;1791,27;5708,73;
PAULO RICARDO RODRIGUES MELO;ASSESSORIA;SOLDADO;ASSESSOR I AD1; ESTATUTARIO;5000,00;;5000,00;505,64;4494,36;
PAULO ROBERTO FIGUEIREDO DE CASTRO;DEPTO.DE ADMINIST.E FINANCAS;TNS-II;CH.DE DPTO.AD-1; ESTATUTARIO;6437,58;;6437,58;718,85;5718,73;
PERICLES COUCEIRO ROMANO;DEPTO.DE TRANSP.E COMUNICACAO;PILOTO DE AERONAVE;; ESTATUTARIO;7500,00;;7500,00;1791,27;5708,73;
PETERSON DE MATOS RIBEIRO;ASSESSORIA;CONSULTOR TECNICO III;; CARGO COMISSION.S/VINCULO;4766,58;;4766,58;842,70;3923,88;
RAIMUNDO DE SOUZA MOREIRA;DEPTO.DE TRANSP.E COMUNICACAO;SARGENTO 2;BATEDOR FG-1; ESTATUTARIO;2400,00;;2400,00;;2400,00;
REGINALDO DE ARAUJO BORGES;GERENCIA DE OPERAC.SEG.PESSOAL;CABO;GERENTE AD-2; ESTATUTARIO;4000,00;;4000,00;221,21;3778,79;
RICART CAMPOS MARQUES;ASSESSORIA;SARGENTO 3;ASSESSOR II AD-2; ESTATUTARIO;4000,00;;4000,00;221,21;3778,79;
RILDO GOMES DE MENEZES;GERENCIA DE OPE.SEG.ESP.E INF.;SARGENTO 3;GERENTE AD-2; ESTATUTARIO;4000,00;;4000,00;188,32;3811,68;
RONILDO RIBEIRO DE ARAUJO;ASSESSORIA;SARGENTO 3;ASSESSOR I AD-1; ESTATUTARIO;5000,00;;5000,00;275,58;4724,42;
ROUGET BRITO DE AGUIAR FILHO;ASSESSORIA;CAPITAO;ASSESSOR I AD-1; ESTATUTARIO;5000,00;;5000,00;505,64;4494,36;
SANDRA MARIA BARROS NEGREIROS;GABINETE DO SECRETARIO;MAJOR;CHEFE DE GABINETE; ESTATUTARIO;5000,00;;5000,00;453,50;4546,50;
SANDRO JOSE HONORATO DE SOUZA;ASSESSORIA;SARGENTO 2;ASSESSOR II AD2; ESTATUTARIO;4000,00;;4000,00;103,01;3896,99;
SERGIO AUGUSTO NEVES DE ARAUJO;ASSESSORIA;CABO;ASSESSOR III AD 3; ESTATUTARIO;2600,00;;2600,00;37,98;2562,02;
TATIANE PILLAR MESSIAS COLARES;ASSESSORIA;SOLDADO;ASSESSOR II AD-2; ESTATUTARIO;4000,00;;4000,00;263,87;3736,13;
WALTER PENAFORT MONTEIRO FILHO;ASSESSORIA;CABO;ASSESSOR II AD2; ESTATUTARIO;4000,00;;4000,00;188,32;3811,68;
WALTERNY DE SOUZA FERREIRA;ASSESSORIA;ASSESSOR II;; CARGO COMISSION.S/VINCULO;4209,79;;4209,79;670,28;3539,51;
WENDERSON LOPES DE AZEVEDO;ASSESSORIA;CABO;ASSESSOR II AD2; ESTATUTARIO;5333,33;;5333,33;597,31;4736,02;
WILLIAM DE ALMEIDA LUCIO;ASSESSORIA;SOLDADO;ASSESSOR I AD1; ESTATUTARIO;6666,67;;6666,67;963,97;5702,70;
