NOME;LOTACAO;CARGO;FUNCAO;VINCULO;REMUNERACAO LEGAL TOTAL(R$);DESC.TETO(R$); REMUNERACAO LEGAL DEVIDA(R$);DESCONTOS LEGAIS(R$);LIQUIDO DISPONIVEL(R$);
ADRIANE SANTOS DIAS;DIR. ADMINISTRATIVO FINANCEIRA;ASSESSOR IV AD-4;; CARGO COMISSION.S/VINCULO;3175,61;;3175,61;404,26;2771,35;
ALINE CRISTINA REIS LAURIA;PRESIDENCIA;CHEFE DE DEPARTAMENTO AD-1;; CARGO COMISSION.S/VINCULO;5229,77;;5229,77;986,40;4243,37;
ANA CAROLINA MONTEIRO PENZ;DIR. ADMINISTRATIVO FINANCEIRA;AGENTE ADM.-AGA-T.S.N.A.-E;ASSESSOR II AD-2; ESTATUTARIO;4636,16;;4636,16;461,24;4174,92;
ANA DILZA BARROS DE AZEVEDO;PRESIDENCIA;ASSESSOR II AD-2;; CARGO COMISSION.S/VINCULO;4209,79;;4209,79;613,40;3596,39;
ANA MIRZA COSTA VIANA;DIR. ADMINISTRATIVO FINANCEIRA;A.TEC-I;; ESTATUTARIO;2719,26;;2719,26;192,90;2526,36;
ANDRE DE SANTA MARIA BINDA;PRESIDENCIA;DIRETOR ADMINISTRATIVO E FINANCEIRO;; CARGO COMISSION.S/VINCULO;9000,00;;9000,00;1994,62;7005,38;
ANDREL MARINHO DE SOUZA;DIR. ADMINISTRATIVO FINANCEIRA;ASSESSOR III AD-3;; CARGO COMISSION.S/VINCULO;3191,80;;3191,80;407,12;2784,68;
ANDREZA DA SILVA SALGADO;ASSESSORIA;ASSESSOR III AD-3;; CARGO COMISSION.S/VINCULO;3191,80;;3191,80;422,40;2769,40;
ANNE GRACE PEREIRA ANUNCIACAO;GERENCIA DE GESTAO DE PESSOAL;CHEFE DE GABINETE AD-1;; CARGO COMISSION.S/VINCULO;5229,77;;5229,77;943,74;4286,03;
ANTONIA DO PERPETUO SOCORRO F SILVA;PRESIDENCIA;ASSESSOR III AD-3;; CARGO COMISSION.S/VINCULO;3191,80;;3191,80;422,40;2769,40;
ANY GONCALVES DA SILVA;PRESIDENCIA;ASSESSOR III AD-3;; CARGO COMISSION.S/VINCULO;3191,80;;3191,80;422,40;2769,40;
CINTIA XAVIER MELO;FUNDACAO AMP.PESQ.DO AM/FAPEAM;CHEFE DE DEPARTAMENTO AD-1;; CARGO COMISSION.S/VINCULO;4229,77;;4229,77;676,15;3553,62;
DEBORAH EWELY BATISTA PINTO;DIR. ADMINISTRATIVO FINANCEIRA;ASSESSOR IV AD-4;; CARGO COMISSION.S/VINCULO;1319,61;;1319,61;105,56;1214,05;
DERCIO LUIZ REIS;FUNDACAO AMP.PESQ.DO AM/FAPEAM;DIRETOR TECNICO CIENTIFICO;; CARGO COMISSION.S/VINCULO;9000,00;;9000,00;1605,64;7394,36;
EDUARDO PEREIRA DO COUTO;PRESIDENCIA;ASSESSOR II AD-2;; CARGO COMISSION.S/VINCULO;4209,79;;4209,79;670,28;3539,51;
FERNANDO FERREIRA DA SILVA JUNIOR;PRESIDENCIA;MOT-II;; ESTATUTARIO;2756,91;;2756,91;215,58;2541,33;
FRANCISCA GERCWOLF;GERENCIA DE GESTAO DE PESSOAL;GERENTE AD-2;GERENTE II AD-2; CARGO COMISSION.S/VINCULO;4209,79;;4209,79;670,28;3539,51;
FRANCISCA SUELY ALENCAR DOS SANTOS;DIR. ADMINISTRATIVO FINANCEIRA;A.TEC-I;; ESTATUTARIO;2704,96;;2704,96;204,59;2500,37;
IRLENE MARIA RIBEIRO ARCE;FUNDACAO AMP.PESQ.DO AM/FAPEAM;AGENTE ADMINISTRATIVO A - N.B.;ASSESSORII; ESTATUTARIO;4540,47;;4540,47;346,23;4194,24;
JOAO LABORDA MOURA;FUNDACAO AMP.PESQ.DO AM/FAPEAM;GERENTE AD-2;; CARGO COMISSION.S/VINCULO;4209,79;;4209,79;670,28;3539,51;
KAREN VILANY DOS SANTOS GONCALVES;GERENCIA DE GESTAO DE PESSOAL;GERENTE AD-2;GERENTE AD-2; CARGO COMISSION.S/VINCULO;4209,79;;4209,79;670,28;3539,51;
LARISSA CARDOSO RIBEIRO;DIR. ADMINISTRATIVO FINANCEIRA;ASSESSOR IV AD-4;; CARGO COMISSION.S/VINCULO;3175,61;;3175,61;418,48;2757,13;
LIENE MARIA MAFRA DE VASCONCELOS;PRESIDENCIA;AGENTE ADMINISTRATIVO 4A CLASSE;; ESTATUTARIO;2977,54;;2977,54;189,46;2788,08;
MARIO AUGUSTO MARQUES DOS SANTOS;DIR. ADMINISTRATIVO FINANCEIRA;ASSESSOR III AD-3;ASSESSOR III AD-3; CARGO COMISSION.S/VINCULO;3191,80;;3191,80;422,40;2769,40;
MICHELE BRITO DE OLIVEIRA;PRESIDENCIA;CHEFE DE DEPARTAMENTO AD-1;; CARGO COMISSION.S/VINCULO;5229,77;;5229,77;901,09;4328,68;
MIRIELLE HOZANAH VASCONCELOS LUNA;DIR. ADMINISTRATIVO FINANCEIRA;AGENTE ADMINISTRATIVO A - N.B.;GERENTE AD-2; ESTATUTARIO;4771,54;;4771,54;552,57;4218,97;
MOEMA DE SOUZA AMORIM;FUNDACAO AMP.PESQ.DO AM/FAPEAM;ASSESSOR II AD-2;ASSESSOR II AD-2; CARGO COMISSION.S/VINCULO;4209,79;;4209,79;670,28;3539,51;
MONICA DANTAS LIMA;FUNDACAO AMP.PESQ.DO AM/FAPEAM;GERENTE AD-2;; CARGO COMISSION.S/VINCULO;4209,79;;4209,79;670,28;3539,51;
RENE LEVY AGUIAR;DIR. ADMINISTRATIVO FINANCEIRA;A.AMB-I;DIRETOR PRESIDENTE; ESTATUTARIO;9900,00;;9900,00;1801,00;8099,00;
ROSEMEIRY DE FREITAS RODRIGUES;PRESIDENTE;A.TEC-II;CHEFE DE DEPART; ESTATUTARIO;5835,46;;5835,46;695,58;5139,88;
SAMARA SARMENTO DA COSTA LIMA;DIR. ADMINISTRATIVO FINANCEIRA;ASSESSOR II AD-2;; CARGO COMISSION.S/VINCULO;4209,79;;4209,79;641,84;3567,95;
SICY RUSALKA GOES DE MELO BARRETO;PRESIDENCIA;ASSESSOR I AD-1;; CARGO COMISSION.S/VINCULO;5229,77;;5229,77;986,40;4243,37;
TAINA DA SILVA ISOLINO CRUZ;PRESIDENCIA;ASSESSOR II AD-2;; CARGO COMISSION.S/VINCULO;4209,79;;4209,79;670,28;3539,51;
