NOME;LOTACAO;CARGO;FUNCAO;VINCULO;REMUNERACAO LEGAL TOTAL(R$);DESC.TETO(R$); REMUNERACAO LEGAL DEVIDA(R$);DESCONTOS LEGAIS(R$);LIQUIDO DISPONIVEL(R$);
AARON BENJAMIM BENCHIMOL;SUHAB SANEAMENTO;ASSESSOR II AD-2;ASSESSOR II AD 2; CARGO COMISSION.S/VINCULO;4609,79;;4609,79;670,28;3939,51;
ADALBERTO BENTES DE MENEZES;SUHAB SANEAMENTO;ASSESSOR I AD-1;; CARGO COMISSION.S/VINCULO;5629,77;;5629,77;986,40;4643,37;
ADILSON GUIMARAES FARACHE;SUHAB SANEAMENTO;ASSESSOR III AD-3;; CARGO COMISSION.S/VINCULO;3591,80;;3591,80;422,40;3169,40;
ADRIANA DOS REIS TAVARES;SUHAB SANEAMENTO;ASSESSOR II AD-2;ASSESSOR IIAD-2; CARGO COMISSION.S/VINCULO;4209,79;;4209,79;670,28;3539,51;
ADRIANA SILVA TEIXEIRA;DIRETORIA DE HABITACAO;ASSISTENTE TECNICO I;; C.L.T.;3251,30;;3251,30;313,64;2937,66;
ADRIANO AUGUSTO CARNEIRO DA SILVA;SUHAB SANEAMENTO;GERENTE AD-2;GERENTE; CARGO COMISSION.S/VINCULO;4609,79;;4609,79;670,28;3939,51;
ALBERTO AFONSO CAVALCANTE SAMPAIO;DIRETORIA DE HABITACAO;TECNICO II;GERENTE AD 2; ESTATUTARIO;6295,90;;6295,90;1052,34;5243,56;
ALBERTO EVILASIO DE MENEZES;GERENCIA DE RECURSOS HUMANOS;AUXILIAR DE SERVICOS GERAIS I;; ESTATUTARIO;4360,72;;4360,72;380,61;3980,11;
ALCILENE DE ALENCAR BATISTA;GERENCIA ADMINISTRATIVA;TECNICO I;; ESTATUTARIO;7025,88;;7025,88;1259,06;5766,82;
ALCIONE VIEIRA REZZUTT;GERENCIA DE INFORMACAO;ASSISTENTE ADMINISTRATIVO II;; ESTATUTARIO;4044,62;;4044,62;340,65;3703,97;
ALDENIZA VIDAL RODRIGUES;C.P.D.;ASSISTENTE TECNICO I;; C.L.T.;3851,30;;3851,30;415,56;3435,74;
ALESSANDRA COSTA BRANDAO;DIRETORIA DE HABITACAO;ASSISTENTE TECNICO I;; C.L.T.;3282,20;;3282,20;317,04;2965,16;
ALEX MARCOS DA SILVA MACIEL;SUHAB SANEAMENTO;ASSESSOR III AD-3;ASSESSOR III-AD-3; CARGO COMISSION.S/VINCULO;3591,80;;3591,80;422,40;3169,40;
ALTIVA CARDOSO;GERENCIA DE RECURSOS HUMANOS;AUXILIAR DE SERVICOS GERAIS II;; ESTATUTARIO;3195,22;;3195,22;250,29;2944,93;
ANA AMALIA MATTOS DE VASCONCELOS;GERENCIA DE RECURSOS HUMANOS;ASSISTENTE ADMINISTRATIVO I;; ESTATUTARIO;4307,72;;4307,72;372,93;3934,79;
ANA CECILIA SANTOS MARINHO;DEPTO.ADMINISTRATIVO;ASSESSOR II AD-2;; CARGO COMISSION.S/VINCULO;4609,79;;4609,79;670,28;3939,51;
ANA EDWIRGEM DE LIMA;SUHAB SANEAMENTO;GERENTE AD-2;GERENTE AD 2; CARGO COMISSION.S/VINCULO;4609,79;;4609,79;670,28;3939,51;
ANDERSON MENDONCA SILVA;SUHAB SANEAMENTO;ASSESSOR II AD-2;ASSESSOR II AD-2; CARGO COMISSION.S/VINCULO;4609,79;;4609,79;613,40;3996,39;
ANGELA MARIA LEMOS DE ALMEIDA;DIRETORIA DE HABITACAO;ASSISTENTE TECNICO I;; C.L.T.;2876,80;;2876,80;328,23;2548,57;
ANGELICA DE MATOS CARVALHO;DEPTO.ADMINISTRATIVO;ASSESSOR II AD-2;; CARGO COMISSION.S/VINCULO;4609,79;;4609,79;670,28;3939,51;
ANNA CLAUDIA FERRAZ ROCHA;SUHAB SANEAMENTO;ASSESSOR I AD-1;ASSESSOR I AD-1; CARGO COMISSION.S/VINCULO;5629,77;;5629,77;986,40;4643,37;
ANORA EDILZA DE LIMA;SUHAB SANEAMENTO;ASSESSOR III AD-3;ASSESSOR III AD-3; CARGO COMISSION.S/VINCULO;3591,80;;3591,80;422,40;3169,40;
ANTONIA MARIA COELHO VERAS;DIR.DE ORCAMENTO E FINANCAS;ASSISTENTE TECNICO I;; ESTATUTARIO;4130,29;;4130,29;413,84;3716,45;
ANTONIO COSTA PAES;DIRETORIA ADMINISTRATIVA;TECNICO III;; ESTATUTARIO;6508,22;;6508,22;1185,12;5323,10;
ANTONIO DELGADO CAMPOS;DEPARTAMENTO IMOBILIARIO;ASSISTENTE ADMINISTRATIVO I;; ESTATUTARIO;3720,98;;3720,98;216,36;3504,62;
ANTONIO JOAO FERREIRA AMORIM;GABINETE DA PRESIDENCIA;ASSESSOR II AD-2;; CARGO COMISSION.S/VINCULO;4609,79;;4609,79;670,28;3939,51;
ANTONIO LUIZ DA SILVA PEREIRA FILHO;GERENCIA TECNICA;AUXILIAR DE TOPOGRAFIA;; ESTATUTARIO;3511,80;;3511,80;247,17;3264,63;
AUREA SIMONE MEDEIROS SANTANA;GERENCIA TECNICA;ASSISTENTE ADMINISTRATIVO III;; ESTATUTARIO;2933,56;;2933,56;237,48;2696,08;
BRUNO MIRANDA DE LIMA;SUHAB SANEAMENTO;ASSESSOR IV AD-4;ASSESSOR IVAD-4; CARGO COMISSION.S/VINCULO;3834,15;;3834,15;481,41;3352,74;
CARLA COSTA PEREIRA MANARTE;DEPTO.ADMINISTRATIVO;ASSESSOR III AD-3;ASSESSOR III AD-3; CARGO COMISSION.S/VINCULO;3591,80;;3591,80;422,40;3169,40;
CARLA JEANNE DE OLIVEIRA MELO;DIRETORIA ADMINISTRATIVA;A.TEC-I;; ESTATUTARIO;4110,34;;4110,34;348,50;3761,84;
CARLOS AUGUSTO DA SILVA ARAUJO;GERENCIA DE RECURSOS HUMANOS;ASSISTENTE TECNICO I;; ESTATUTARIO;4477,60;;4477,60;372,85;4104,75;
CARLOS PANTOJA DOS SANTOS;GERENCIA FUNDIARIA;AUXILIAR DE TOPOGRAFIA;; ESTATUTARIO;3378,21;;3378,21;188,96;3189,25;
CARLOS THIAGO SOUZA DE CASTRO;SUHAB SANEAMENTO;ASSESSOR III AD-3;ASSESSOR III AD 3; CARGO COMISSION.S/VINCULO;3591,80;;3591,80;392,90;3198,90;
CELSO ROBERTO DA SILVA ASSANTE;GERENCIA TECNICA;DESENHISTA;; ESTATUTARIO;4377,04;;4377,04;401,33;3975,71;
CESAR AUGUSTO MARQUES DA SILVA;SUHAB SANEAMENTO;CHEFE DE GABINETE AD-1;; CARGO COMISSION.S/VINCULO;5629,77;;5629,77;986,40;4643,37;
CHRISTIANA FIALHO SANTOS;DEPTO.ADMINISTRATIVO;ASSESSOR II AD-2;; CARGO COMISSION.S/VINCULO;4609,79;;4609,79;670,28;3939,51;
CLARINDA EULALIA DA COSTA ALENCAR;C.P.D.;TECNICO I;; ESTATUTARIO;5235,92;;5235,92;702,16;4533,76;
CLAUDIO MORIS DIAS;SUHAB SANEAMENTO;ASSESSOR II AD-2;ASSESSOR II AD-2; CARGO COMISSION.S/VINCULO;4609,79;;4609,79;670,28;3939,51;
CLEILZA ALMEIDA SANTOS;SUHAB SANEAMENTO;ASSESSOR II AD-2;ASSESSOR II AD 2; CARGO COMISSION.S/VINCULO;4609,79;;4609,79;641,84;3967,95;
CLOVIS ALMEIDA MARTINS;SUHAB SANEAMENTO;ASSESSOR II AD-2;ASSESSOR II AD-2; CARGO COMISSION.S/VINCULO;4609,79;;4609,79;670,28;3939,51;
CRISTIANE FREITAS FIGUEIREDO;DEPTO.ADMINISTRATIVO;ASSESSOR II AD-2;ASSESSOR II AD-2; CARGO COMISSION.S/VINCULO;4609,79;;4609,79;670,28;3939,51;
DANIEL AUGUSTO MAUES CARVALHO;SUHAB SANEAMENTO;ASSESSOR I AD-1;ASSESSOR I AD-1; CARGO COMISSION.S/VINCULO;7373,03;;7373,03;1437,21;5935,82;
DANIELLE CAMPOS DE LIMA;DEPTO.ADMINISTRATIVO;ASSESSOR II AD-2;; CARGO COMISSION.S/VINCULO;4609,79;;4609,79;641,84;3967,95;
DANIELLY PRADO DA SILVA;PRESIDENCIA;ASSESSOR I AD-1;ASSESSOR I AD1; CARGO COMISSION.S/VINCULO;5629,77;;5629,77;986,40;4643,37;
DANILO SILVA JUNIOR;GERENCIA TECNICA;TECNICO II;; ESTATUTARIO;6204,88;;6204,88;1144,66;5060,22;
DAYSE SILVA DE SOUZA;DEPTO.ADMINISTRATIVO;ASSESSOR II AD-2;; CARGO COMISSION.S/VINCULO;4609,79;;4609,79;670,28;3939,51;
DEBORA DA SILVA QUEIROZ;SUHAB SANEAMENTO;ASSESSOR II AD-2;; CARGO COMISSION.S/VINCULO;4609,79;;4609,79;670,28;3939,51;
DENORA DA SILVA ROCHA CAUPER;SUHAB SANEAMENTO;ASSESSOR II AD-2;ASSESSOR II AD-2; CARGO COMISSION.S/VINCULO;4609,79;;4609,79;670,28;3939,51;
DORIS FERNANDES SOUZA STEFANES;SUHAB SANEAMENTO;ASSESSOR I AD-1;ASSESSOR I AD-1; CARGO COMISSION.S/VINCULO;5629,77;;5629,77;943,74;4686,03;
EDERVANDIA NOGUEIRA DO NASCIMENTO;GERENCIA TECNICA;ASSISTENTE ADMINISTRATIVO I;GERENTE AD-2; ESTATUTARIO;7168,28;;7168,28;1102,89;6065,39;
EDMILSON DE SOUZA BATISTA;DIRETORIA DE HABITACAO;ASSISTENTE TECNICO II;GERENTE AD-2; ESTATUTARIO;6280,96;;6280,96;879,24;5401,72;
ELANE CAVALCANTE PACIFICO;DEPTO.ADMINISTRATIVO;ASSESSOR I AD-1;; CARGO COMISSION.S/VINCULO;6973,03;;6973,03;1489,34;5483,69;
ELEN CRISTIAN ROCHA ARAUJO;SUHAB SANEAMENTO;ASSESSOR II AD-2;ASSESSOR II AD-2; CARGO COMISSION.S/VINCULO;4609,79;;4609,79;641,84;3967,95;
ELERES DO BOM JESUS LEAO ALVES;DIR ADMINISTRATIVA;MOTORISTA;; C.L.T.;2836,00;;2836,00;335,24;2500,76;
ELIANA CAMPOS WANDERLEY;GERENCIA DE INFORMACAO;DESENHISTA;; ESTATUTARIO;4373,13;;4373,13;400,37;3972,76;
ELIANA CHAVES DE ALMEIDA NEVES;DIRETORIA DE HABITACAO;ASSISTENTE ADMINISTRATIVO II;; ESTATUTARIO;4333,99;;4333,99;378,22;3955,77;
ELIANA COELHO DOS SANTOS BARBOSA;DEPTO.ADMINISTRATIVO;ASSESSOR III AD-3;ASSESSOR III AD-3; CARGO COMISSION.S/VINCULO;3591,80;;3591,80;422,40;3169,40;
ELIANA DE BRITO PORTO;GERENCIA ADMINISTRATIVA;ASSISTENTE ADMINISTRATIVO I;; ESTATUTARIO;3882,20;;3882,20;367,47;3514,73;
ELIANE MARIA DE ARAUJO DUTRA;SUHAB SANEAMENTO;ASSESSOR II AD-2;ASSESSOR II AD-2; CARGO COMISSION.S/VINCULO;4609,79;;4609,79;613,40;3996,39;
ELIAS DA COSTA SOUZA;SUHAB SANEAMENTO;ASSESSOR III AD-3;ASSESSOR III AD-3; CARGO COMISSION.S/VINCULO;3591,80;;3591,80;392,90;3198,90;
ELIENE DE FIGUEIREDO BRANDAO;GERENCIA DE INFORMACAO;ASSISTENTE ADMINISTRATIVO I;; ESTATUTARIO;3710,28;;3710,28;283,56;3426,72;
ELIZABETH DA COSTA SANTOS;GERENCIA DE INFORMACAO;ASSISTENTE ADMINISTRATIVO I;; ESTATUTARIO;5567,55;;5567,55;662,84;4904,71;
ELVIRA FARIAS DE OLIVEIRA;SUHAB SANEAMENTO;ASSESSOR II AD-2;ASSESSOR II AD-2; CARGO COMISSION.S/VINCULO;4609,79;;4609,79;670,28;3939,51;
EULALIA NASCIMENTO PEREIRA;DEPARTAMENTO DE ARRECADACAO;ASSISTENTE TECNICO I;; ESTATUTARIO;4368,69;;4368,69;383,40;3985,29;
EVANDRO OLIVEIRA DE PAULA;GERENCIA TECNICA;TECNICO III;; ESTATUTARIO;6346,68;;6346,68;1198,84;5147,84;
FABIO CARVALHO DE SA;SUHAB SANEAMENTO;ASSESSOR III AD-3;ASSESSOR III AD-3; CARGO COMISSION.S/VINCULO;3591,80;;3591,80;422,40;3169,40;
FABRICIO FERNANDO DA SILVA CASTRO;SUHAB SANEAMENTO;ASSESSOR III AD-3;ASSESSOR III AD-3; CARGO COMISSION.S/VINCULO;4655,73;;4655,73;684,21;3971,52;
FELIPE GOMES RODRIGUES DE LIMA;SUHAB SANEAMENTO;ASSESSOR IV AD-4;; CARGO COMISSION.S/VINCULO;2975,61;;2975,61;264,79;2710,82;
FRANCIMAR BARBOSA SAMPAIO;DIR TECNICA;TECNICO III;; ESTATUTARIO;7330,03;;7330,03;1356,22;5973,81;
FRANCISCO EUTO BARBOSA DE OLIVEIRA;GERENCIA DE RECURSOS HUMANOS;VIGIA;; ESTATUTARIO;3436,59;;3436,59;245,46;3191,13;
FRANCISCO GOMES DA SILVA;GERENCIA DE RECURSOS HUMANOS;MOTORISTA;; ESTATUTARIO;4525,00;;4525,00;419,67;4105,33;
FRANCISCO NILO MELO DA SILVA;DIR TECNICA;AUXILIAR DE TOPOGRAFIA;; ESTATUTARIO;3886,68;;3886,68;301,43;3585,25;
FRANCISCO PAULO DA SILVA SEIXAS;DIR TECNICA;AUXILIAR DE TOPOGRAFIA;AUX. DE TOPOGRAFIA; ESTATUTARIO;2596,66;;2596,66;122,37;2474,29;
FRANCISCO SANTOS DE ASSIS;GERENCIA FUNDIARIA;AUXILIAR DE TOPOGRAFIA;; ESTATUTARIO;3376,21;;3376,21;120,56;3255,65;
FREDERICO ALBERT DA SILVA CARNEIRO;GERENCIA TECNICA;AUXILIAR DE SERVICOS GERAIS;; ESTATUTARIO;3957,62;;3957,62;267,57;3690,05;
GABRIELLA PEREIRA DA SILVA;SUHAB SANEAMENTO;ASSESSOR II AD-2;ASSESSOR II AD-2; CARGO COMISSION.S/VINCULO;4609,79;;4609,79;641,84;3967,95;
GARDENIA LOUREIRO FREIRE SIQUEIRA;SUHAB SANEAMENTO;ASSESSOR II AD-2;; CARGO COMISSION.S/VINCULO;4609,79;;4609,79;641,84;3967,95;
GERMANA AGUIAR DOS REIS;SUHAB SANEAMENTO;ASSESSOR II AD-2;ASSESSOR II AD-2; CARGO COMISSION.S/VINCULO;4609,79;;4609,79;670,28;3939,51;
GRASIELY VASCONCELOS DOS S AZEVEDO;DEPTO.ADMINISTRATIVO;ASSESSOR III AD-3;ASSESSOR III AD-3; CARGO COMISSION.S/VINCULO;3591,80;;3591,80;422,40;3169,40;
HELANE ARAUJO DA COSTA;GABINETE DA PRESIDENCIA;ASSESSOR I AD-1;; CARGO COMISSION.S/VINCULO;5629,77;;5629,77;901,09;4728,68;
HELENA DA SILVA COSTA;DEPTO.ADMINISTRATIVO;ASSESSOR II AD-2;ASSESSOR II AD-2; CARGO COMISSION.S/VINCULO;4609,79;;4609,79;641,84;3967,95;
HIAGO HORAN ALVES NEVES;SUHAB SANEAMENTO;ASSESSOR IV AD-4;ASSESSOR IV AD-4; CARGO COMISSION.S/VINCULO;3834,15;;3834,15;481,41;3352,74;
IRACY DE MATOS VIANA;GERENCIA DE RECURSOS HUMANOS;ASSISTENTE ADMINISTRATIVO I;; ESTATUTARIO;4306,48;;4306,48;372,64;3933,84;
JACQUELINE SILVA GALVAO;DEPTO.ADMINISTRATIVO;ASSESSOR II AD-2;; CARGO COMISSION.S/VINCULO;4609,79;;4609,79;670,28;3939,51;
JAQUELINE SILVA ARAUJO;CONSULTORIA JURIDICA;ASSISTENTE TECNICO I;; C.L.T.;1941,30;;1941,30;174,71;1766,59;
JOAO COELHO BRAGA;CONSULTORIA JURIDICA;P.AUT-U;; ESTATUTARIO;21794,02;;21794,02;6684,32;15109,70;
JOAO PEDRO CARDOSO MULLER;DEPTO.ADMINISTRATIVO;ASSESSOR III AD-3;ASSESSOR III AD-3; CARGO COMISSION.S/VINCULO;3591,80;;3591,80;422,40;3169,40;
JOCIAN PEREIRA RIBEIRO;DEPTO.ADMINISTRATIVO;ASSESSOR II AD-2;ASSESSOR II AD-2; CARGO COMISSION.S/VINCULO;4609,79;;4609,79;641,84;3967,95;
JOELMA DE LIMA SILVA;SUHAB SANEAMENTO;ASSESSOR III AD-3;; CARGO COMISSION.S/VINCULO;5800,48;;5800,48;915,27;4885,21;
JORGETE ZANE DA COSTA;GERENCIA FUNDIARIA;ASSISTENTE TECNICO I;; ESTATUTARIO;3972,51;;3972,51;383,68;3588,83;
JOSE CARLOS MEDEIROS CAVALCANTE;GERENCIA DE RECURSOS HUMANOS;A.TEC-I;; ESTATUTARIO;4429,47;;4429,47;323,39;4106,08;
JOSE CARLOS REIS DE MELO;GERENCIA DE RECURSOS HUMANOS;MOTORISTA;; ESTATUTARIO;3183,01;;3183,01;243,28;2939,73;
JOSE DA SILVA CAMARDELLA;GERENCIA DE RECURSOS HUMANOS;MOTORISTA;; ESTATUTARIO;3015,79;;3015,79;205,58;2810,21;
JOSE EMERSON PIRES BINDA;DEPTO.ADMINISTRATIVO;ASSESSOR IV AD-4;; CARGO COMISSION.S/VINCULO;2975,61;;2975,61;250,57;2725,04;
JOSE JULIO CESAR CORREA;DEPTO.ADMINISTRATIVO;DIRETOR HABITACIONAL;; CARGO COMISSION.S/VINCULO;2950,00;;2950,00;;2950,00;
JOSE NINA DE OLIVEIRA COELHO;DEPTO.ADMINISTRATIVO;ASSESSOR II AD-2;; CARGO COMISSION.S/VINCULO;4609,79;;4609,79;670,28;3939,51;
JOSE ROQUE DA SILVA SANTOS;GERENCIA DE RECURSOS HUMANOS;VIGIA;; ESTATUTARIO;5149,70;;5149,70;423,38;4726,32;
JUCILENE BRITO DE LIMA;DEPARTAMENTO IMOBILIARIO;ASSISTENTE ADMINISTRATIVO I;; ESTATUTARIO;3684,90;;3684,90;278,13;3406,77;
JULIA CRISTINA KOLLENZ MELLO;CONSULTORIA JURIDICA;P.AUT-U;; ESTATUTARIO;21162,68;;21162,68;6638,10;14524,58;
JUNIA AMANCIO DE JESUS;SUHAB SANEAMENTO;ASSESSOR II AD-2;ASSESSOR II AD-2; CARGO COMISSION.S/VINCULO;4609,79;;4609,79;670,28;3939,51;
JUSCELINO PRASERES DA SILVA;GERENCIA DE RECURSOS HUMANOS;MOTORISTA;; ESTATUTARIO;3582,62;;3582,62;218,85;3363,77;
KETLEN NASCIMENTO GOMES;SUHAB SANEAMENTO;ASSESSOR III AD-3;ASSESSOR III; CARGO COMISSION.S/VINCULO;3591,80;;3591,80;422,40;3169,40;
LEOPOLDO TADASHI IHARA;GERENCIA TECNICA;TECNICO III;; ESTATUTARIO;6363,46;;6363,46;1206,10;5157,36;
LETICIA DE MIRANDA LEAO PORTELLA;PRESIDENCIA;ASSESSOR II AD-2;ASSESSOR II AD2; CARGO COMISSION.S/VINCULO;4609,79;;4609,79;579,94;4029,85;
LUCILENE REIS SILVA;SUHAB SANEAMENTO;ASSESSOR III AD-3;ASSESSOR III AD-3; CARGO COMISSION.S/VINCULO;3591,80;;3591,80;422,40;3169,40;
LUCIRENE CARVALHO DA SILVA;SUHAB SANEAMENTO;ASSESSOR II AD-2;ASSESSOR II AD-2; CARGO COMISSION.S/VINCULO;6013,05;;6013,05;1115,35;4897,70;
LUIMAR SUANO ALVAREZ;GERENCIA DE RECURSOS HUMANOS;ASSISTENTE TECNICO I;; C.L.T.;3846,20;;3846,20;414,66;3431,54;
LUIZ ALBERTO BARROS DEL CASTILHO;SUHAB SANEAMENTO;ASSESSOR III AD-3;ASSESSOR III AD-3; CARGO COMISSION.S/VINCULO;3591,80;;3591,80;422,40;3169,40;
LUIZ GUSTAVO CARDOSO MAIA;DIRETORIA ADMINISTRATIVA;DIRETOR ADMINISTRATIVO E FINANCEIRO;; CARGO COMISSION.S/VINCULO;9400,00;;9400,00;2046,76;7353,24;
LUZIANA LIMA FATIM QUADROS;SUHAB SANEAMENTO;ASSESSOR II AD-2;ASSESSOR II AD-2; CARGO COMISSION.S/VINCULO;4609,79;;4609,79;584,96;4024,83;
MAISE SALDANHA GARCIA;GERENCIA DE RECURSOS HUMANOS;ASSESSOR III;; CARGO COMISSION.S/VINCULO;3591,80;;3591,80;398,35;3193,45;
MARCELLE CHRISTINE MILERIO PINTO;DIR TECNICA;ASSESSOR II AD-2;ASSESSOR II; CARGO COMISSION.S/VINCULO;4609,79;;4609,79;613,40;3996,39;
MARCELO DA SILVA CAMPOS;SUHAB SANEAMENTO;ASSESSOR III AD-3;ASSESSOR III AD-3; CARGO COMISSION.S/VINCULO;3591,80;;3591,80;392,90;3198,90;
MARCELO NASCIMENTO OLIVEIRA;SUHAB SANEAMENTO;ASSESSOR IV AD-4;; CARGO COMISSION.S/VINCULO;2975,61;;2975,61;264,79;2710,82;
MARCIO PINHEIRO AZEDO;SUHAB SANEAMENTO;ASSESSOR I AD-1;ASSESSOR I AD-1; CARGO COMISSION.S/VINCULO;5629,77;;5629,77;986,40;4643,37;
MARCIO PINTO DE OLIVEIRA;SUHAB SANEAMENTO;ASSESSOR III AD-3;; CARGO COMISSION.S/VINCULO;3591,80;;3591,80;398,35;3193,45;
MARCO AURELIO DE ASSIS FERNANDES;SUHAB SANEAMENTO;ASSESSOR II AD-2;; CARGO COMISSION.S/VINCULO;4609,79;;4609,79;670,28;3939,51;
MARGENCIO FONSECA SALDANHA;GERENCIA DE CONTABILIDADE;ASSISTENTE TECNICO I;; ESTATUTARIO;4709,32;;4709,32;383,17;4326,15;
MARIA AURI FELIX MACIEL;GERENCIA DE ORCAMENTO;TECNICO II;; ESTATUTARIO;5737,48;;5737,48;827,85;4909,63;
MARIA AUXILIADORA CASTRO DE AQUINO;SUHAB SANEAMENTO;ASSESSOR II AD-2;ASSESSOR II AD 2; CARGO COMISSION.S/VINCULO;4609,79;;4609,79;641,84;3967,95;
MARIA DAS GRACAS RODRIGUES DA SILVA;GERENCIA DE INFORMACAO;ASSISTENTE TECNICO I;; ESTATUTARIO;4579,43;;4579,43;425,29;4154,14;
MARIA DE FATIMA DA MOTA CALDAS;DIRETORIA ADMINISTRATIVA;TECNICO III;; ESTATUTARIO;6677,26;;6677,26;1112,39;5564,87;
MARIA DE NAZARE CABRAL BESSA;DEPARTAMENTO IMOBILIARIO;ASSISTENTE ADMINISTRATIVO I;; ESTATUTARIO;3491,10;;3491,10;304,76;3186,34;
MARIA DO SOCORRO BRITO VASCONCELOS;DEPTO.ADMINISTRATIVO;ASSESSOR II AD-2;; CARGO COMISSION.S/VINCULO;4209,79;;4209,79;670,28;3539,51;
MARIA DOROTEIA DE SOUZA MACIEL;DEPARTAMENTO DE ARRECADACAO;ASSISTENTE TECNICO I;; ESTATUTARIO;4664,38;;4664,38;533,99;4130,39;
MARIA ELIZA MIRANDA DE OLIVEIRA;GERENCIA DE RECURSOS HUMANOS;ASSISTENTE ADMINISTRATIVO I;; ESTATUTARIO;3921,62;;3921,62;368,40;3553,22;
MARIA IVANILDE NUNES PORTO;GERENCIA ADMINISTRATIVA;ASSISTENTE TECNICO II;; ESTATUTARIO;4690,89;;4690,89;569,04;4121,85;
MARIA IZABEL MARQUES SOBRAL;DIRETORIA DE HABITACAO;ASSISTENTE ADMINISTRATIVO I;; ESTATUTARIO;4070,25;;4070,25;402,89;3667,36;
MARIA JOSE PEREIRA MOTA ALCANTARA;GERENCIA ADMINISTRATIVA;ASSISTENTE ADMINISTRATIVO III;; ESTATUTARIO;4028,59;;4028,59;401,14;3627,45;
MARIA JOSE SOUZA SILVA;GERENCIA DE RECURSOS HUMANOS;AUXILIAR DE SERVICOS GERAIS I;; ESTATUTARIO;3174,55;;3174,55;243,01;2931,54;
MARIA JOSIMA DOS SANTOS PEREIRA;GERENCIA DE RECURSOS HUMANOS;AUXILIAR DE SERVICOS GERAIS I;; ESTATUTARIO;4615,49;;4615,49;416,95;4198,54;
MARIA LUCIA SANTANA DE OLIVEIRA;GERENCIA DE INFORMACAO;ASSISTENTE ADMINISTRATIVO I;; ESTATUTARIO;3476,66;;3476,66;269,97;3206,69;
MARIA ROSELY GUIMARAES LORIS;DEPARTAMENTO IMOBILIARIO;ASSISTENTE TECNICO II;; ESTATUTARIO;4371,73;;4371,73;473,83;3897,90;
MARILDA BENTES NUNES;DEPARTAMENTO IMOBILIARIO;ASSISTENTE ADMINISTRATIVO I;; ESTATUTARIO;4286,00;;4286,00;368,40;3917,60;
MARIO JORGE DE OLIVEIRA AZEDO;DIRETORIA ADMINISTRATIVA;TECNICO I;; ESTATUTARIO;5103,98;;5103,98;572,04;4531,94;
MARISTELA DA SILVA FREITAS;DIRETORIA DE HABITACAO;ASSISTENTE TECNICO I;; ESTATUTARIO;6043,93;;6043,93;738,33;5305,60;
MARLINICE TEREZA DE MELO PINHEIRO;DEPARTAMENTO DE ARRECADACAO;ASSISTENTE TECNICO II;; ESTATUTARIO;4281,58;;4281,58;388,91;3892,67;
MAURICIO RIBEIRO DA SILVA;GERENCIA TECNICA;TECNICO II;; ESTATUTARIO;6537,48;;6537,48;1119,44;5418,04;
MEIRY ANNE MAGALHAES NEVES AULER;SUHAB SANEAMENTO;ASSESSOR I AD-1;ASSESSOR I AD-1; CARGO COMISSION.S/VINCULO;5629,77;;5629,77;943,74;4686,03;
MICHAEL JORGE HARRAQUIAN NETO;SUHAB SANEAMENTO;ASSESSOR I AD-1;ASSESSOR I AD 1; CARGO COMISSION.S/VINCULO;5629,77;;5629,77;986,40;4643,37;
MILLENA MARQUES PENA;SUHAB SANEAMENTO;ASSESSOR III AD-3;ASSESSOR III AD-3; CARGO COMISSION.S/VINCULO;3591,80;;3591,80;422,40;3169,40;
MINEIDE VITOR DE VERCOSA;SUHAB SANEAMENTO;GERENTE AD-2;GERENTE AD-2; CARGO COMISSION.S/VINCULO;4609,79;;4609,79;670,28;3939,51;
MOISES FROES DE MELO;SUHAB SANEAMENTO;ASSESSOR III AD-3;; CARGO COMISSION.S/VINCULO;3591,80;;3591,80;422,40;3169,40;
NAANE SILVA DOS SANTOS;SUHAB SANEAMENTO;ASSESSOR III AD-3;ASSESSOR III AD-3; CARGO COMISSION.S/VINCULO;3591,80;;3591,80;422,40;3169,40;
NAIRA MARIA MOURA MONTECONRADO;DEPTO.ADMINISTRATIVO;ASSESSOR I AD-1;; CARGO COMISSION.S/VINCULO;5629,77;;5629,77;986,40;4643,37;
NATALINA DA SILVA PINHEIRO;SUHAB SANEAMENTO;ASSESSOR III AD-3;ASSESSOR III AD-3; CARGO COMISSION.S/VINCULO;3591,80;;3591,80;407,12;3184,68;
NELSIMAR FERREIRA DE MENDONCA;DEPARTAMENTO DE ARRECADACAO;ASSISTENTE ADMINISTRATIVO I;; ESTATUTARIO;3702,03;;3702,03;281,55;3420,48;
NICODEMOS CASTRO DE OLIVEIRA;SUHAB SANEAMENTO;ASSESSOR IV AD-4;; CARGO COMISSION.S/VINCULO;2975,61;;2975,61;250,57;2725,04;
NILSON SOARES CARDOSO JUNIOR;PRESIDENCIA;TENENTE CORONEL;DIRETOR PRESIDENTE; ESTATUTARIO;9900,00;112,73;9787,27;1613,59;8173,68;
NILTON MELO DOS SANTOS;GERENCIA FUNDIARIA;AUXILIAR DE SERVICOS GERAIS I;; ESTATUTARIO;3465,87;;3465,87;251,88;3213,99;
NIVALDO CONTE DOS SANTOS;DIRETORIA ADMINISTRATIVA;ASSISTENTE ADMINISTRATIVO I;; ESTATUTARIO;4315,22;;4315,22;374,76;3940,46;
ODINEIA VIEIRA DE CARVALHO;DEPARTAMENTO DE ARRECADACAO;ASSISTENTE ADMINISTRATIVO I;; ESTATUTARIO;5579,21;;5579,21;666,75;4912,46;
PAULA ANDREA BARBOSA ALVES;DEPARTAMENTO IMOBILIARIO;ASSISTENTE TECNICO I;; C.L.T.;3846,20;;3846,20;443,09;3403,11;
PLINIO JOSE CORREIA DOS SANTOS;GERENCIA TECNICA;ASSISTENTE TECNICO II;; ESTATUTARIO;4870,28;;4870,28;503,57;4366,71;
PRISCILLA CHAVES DE SOUZA;SUHAB SANEAMENTO;ASSESSOR III AD-3;ASSESSOR III AD-3; CARGO COMISSION.S/VINCULO;7039,66;;7039,66;;7039,66;
RAIMUNDO CRISOSTOMO SOARES;GERENCIA FUNDIARIA;TPG-II;; ESTATUTARIO;4109,12;;4109,12;343,64;3765,48;
RAIMUNDO MACEDO LIMA;GERENCIA DE RECURSOS HUMANOS;VIGIA;; ESTATUTARIO;3569,08;;3569,08;251,40;3317,68;
RAIMUNDO NONATO SANTOS DE ASSIS;GERENCIA DE RECURSOS HUMANOS;VIGIA;; ESTATUTARIO;3656,88;;3656,88;259,23;3397,65;
RAIMUNDO SOUZA PEREIRA;C.P.D.;GERENTE AD-2;; CARGO COMISSION.S/VINCULO;4609,79;;4609,79;670,28;3939,51;
REGINA LANY RIKER DE SOUZA COSTA;DIRETORIA ADMINISTRATIVA;ASSISTENTE ADMINISTRATIVO I;ASSISTENTE ADMINIST.; ESTATUTARIO;3691,94;;3691,94;268,24;3423,70;
REGINA LUCIA GOMES OLIVEIRA;GERENCIA TECNICA;TECNICO I;; ESTATUTARIO;6002,91;;6002,91;994,13;5008,78;
RENY MOITA PORTO;SUHAB SANEAMENTO;ASSESSOR I AD-1;ASSESSOR I AD 1; CARGO COMISSION.S/VINCULO;5629,77;;5629,77;986,40;4643,37;
RISMARA PINHEIRO DE ANDRADE;SUHAB SANEAMENTO;ASSESSOR III AD-3;ASSESSOR III AD-3; CARGO COMISSION.S/VINCULO;3591,80;;3591,80;422,40;3169,40;
RIZELLANE DA COSTA GUIMARAES;DEPTO.ADMINISTRATIVO;ASSESSOR II AD-2;ASSESSOR II AD-2; CARGO COMISSION.S/VINCULO;4609,79;;4609,79;670,28;3939,51;
ROBERTO HONDA DE SOUZA;DIR TECNICA;TECNICO III;; ESTATUTARIO;4174,12;;4174,12;549,90;3624,22;
RONALDO CARVALHO DE ABREU;GERENCIA DE RECURSOS HUMANOS;MOTORISTA;; ESTATUTARIO;3561,53;;3561,53;238,12;3323,41;
ROSA MARIA CARVALHO DE SA;C.P.D.;ASSISTENTE TECNICO I;; ESTATUTARIO;4359,40;;4359,40;379,47;3979,93;
ROSALIA LIRA DE SOUZA;GERENCIA TECNICA;ASSISTENTE ADMINISTRATIVO I;GERENTE AD-2; ESTATUTARIO;5481,14;;5481,14;638,78;4842,36;
SALOMAO SIMONETTI DE MELO;DIRETORIA TECNICA;GERENTE AD-2;; CARGO COMISSION.S/VINCULO;4609,79;;4609,79;670,28;3939,51;
SAMARA ETELVINA R NASCIMENTO;SUHAB SANEAMENTO;GERENTE AD-2;GERENTE AD 2; CARGO COMISSION.S/VINCULO;4609,79;;4609,79;670,28;3939,51;
SAMARA GUERRA ALMEIDA POMPEU;SUHAB SANEAMENTO;ASSESSOR I AD-1;ASSESSOR I AD 1; CARGO COMISSION.S/VINCULO;5629,77;;5629,77;986,40;4643,37;
SIDNEY ROBERTSON OLIVEIRA DE PAULA;GERENCIA TECNICA;TECNICO III;; ESTATUTARIO;7593,25;;7593,25;1563,07;6030,18;
SIMONE BITTENCOURT DE QUEIROZ;SUHAB SANEAMENTO;ASSESSOR I AD-1;ASSESSOR I AD-1; CARGO COMISSION.S/VINCULO;7373,03;;7373,03;1489,34;5883,69;
SUELI RIBEIRO COLARES;DEPARTAMENTO DE ARRECADACAO;ASSISTENTE ADMINISTRATIVO III;ASSISTENTE ADM. III; ESTATUTARIO;4326,38;;4326,38;375,19;3951,19;
TADEU LIMA DA ROCHA E SILVA JUNIOR;SUHAB SANEAMENTO;ASSESSOR II AD-2;ASSESSOR II AD 2; CARGO COMISSION.S/VINCULO;6013,05;;6013,05;1115,35;4897,70;
TATIANE MOTA ALMEIDA;DEPTO.ADMINISTRATIVO;ASSESSOR II AD-2;ASSESSOR II AD-2; CARGO COMISSION.S/VINCULO;4609,79;;4609,79;670,28;3939,51;
TAYLA BOTELHO ALMEIDA;SUHAB SANEAMENTO;ASSESSOR II AD-2;; CARGO COMISSION.S/VINCULO;4609,79;;4609,79;670,28;3939,51;
TERCIO HUDSON REIS RAMOS;GERENCIA DE RECURSOS HUMANOS;AUXILIAR DE TOPOGRAFIA;; ESTATUTARIO;3399,31;;3399,31;178,47;3220,84;
THIAGO CARVALHO DOS SANTOS;SUHAB SANEAMENTO;ASSESSOR IV AD-4;ASSESSOR IV AD-4; CARGO COMISSION.S/VINCULO;3834,15;;3834,15;481,41;3352,74;
VALDEMAR CARDOSO DE MELO;GERENCIA FUNDIARIA;AUXILIAR DE TOPOGRAFIA;; ESTATUTARIO;2980,21;;2980,21;144,68;2835,53;
VANDEILTON PEREIRA DOS SANTOS;SUHAB SANEAMENTO;ASSESSOR III AD-3;; CARGO COMISSION.S/VINCULO;3591,80;;3591,80;422,40;3169,40;
VANESSA CESAR DA COSTA DE ANDRADE;DIRETORIA DE HABITACAO;CHEFE DE DEPARTAMENTO AD-1;CHFE DE DPTO AD 1; CARGO COMISSION.S/VINCULO;5229,77;;5229,77;986,40;4243,37;
VERA LUCIA DA LUZ GOIS;SUHAB SANEAMENTO;ASSESSOR III AD-3;; CARGO COMISSION.S/VINCULO;3591,80;;3591,80;422,40;3169,40;
VLADISLAU DE SOUZA OLIVEIRA JUNIOR;SUHAB SANEAMENTO;ASSESSOR I AD-1;ASSESSOR I AD-1; CARGO COMISSION.S/VINCULO;7373,03;;7373,03;1489,34;5883,69;
